Symbol,Date,Open,High,Low,Close,Percent Change,Volume,52High,52Low
ACLBSL,12/21/2025,930.0,930.0,910.0,911.0,,3201.0,1095.0,827.9
ACLBSL,12/22/2025,903.1,911.0,903.1,911.0,0.0,2095.0,1095.0,827.9
ACLBSL,12/23/2025,911.0,911.0,900.0,905.0,-0.66,437.0,1095.0,827.9
ACLBSL,12/24/2025,905.0,916.0,900.2,907.3,0.25,1271.0,1095.0,827.9
ACLBSL,12/28/2025,905.0,935.9,905.0,935.9,3.15,5237.0,1095.0,827.9
ACLBSL,12/29/2025,926.0,933.0,926.0,930.0,-0.63,2161.0,1095.0,827.9
ACLBSL,12/31/2025,930.0,944.5,925.2,943.0,1.4,1093.0,1095.0,827.9
ACLBSL,1/1/2026,945.0,945.0,912.1,925.0,-1.91,2106.0,1095.0,827.9
ACLBSL,1/4/2026,930.0,930.0,915.0,920.0,-0.54,591.0,1095.0,827.9
ACLBSL,1/5/2026,908.0,937.0,908.0,931.0,1.2,639.0,1095.0,827.9
ACLBSL,1/6/2026,931.0,944.0,917.1,930.0,-0.11,1124.0,1095.0,827.9
ACLBSL,1/7/2026,920.0,935.0,920.0,935.0,0.54,1399.0,1095.0,827.9
ACLBSL,1/8/2026,944.0,944.0,918.0,936.0,0.11,775.0,1095.0,827.9
ACLBSL,1/12/2026,921.0,965.0,921.0,965.0,3.1,4566.0,1095.0,827.9
ACLBSL,1/13/2026,945.7,960.0,910.0,960.0,-0.52,2421.0,1095.0,827.9
ACLBSL,1/14/2026,940.8,990.0,940.8,969.2,0.96,1028.0,1095.0,827.9
ACLBSL,1/18/2026,950.0,987.9,949.9,958.0,-1.16,6822.0,1095.0,827.9
ACLBSL,1/20/2026,965.0,980.0,960.1,970.0,1.25,1783.0,1095.0,827.9
ACLBSL,1/21/2026,970.0,970.0,956.1,960.0,-1.03,1392.0,1095.0,827.9
ACLBSL,1/22/2026,951.0,956.9,947.0,951.5,-0.89,3238.0,1095.0,827.9
ACLBSL,1/25/2026,970.0,1028.0,947.3,980.0,3.0,5507.0,1095.0,827.9
ACLBSL,1/26/2026,980.0,980.0,967.3,980.0,0.0,849.0,1095.0,827.9
ACLBSL,1/27/2026,966.0,981.0,955.0,955.0,-2.55,4030.0,1095.0,827.9
ACLBSL,1/28/2026,940.0,974.0,940.0,958.0,0.31,1919.0,1095.0,827.9
ACLBSL,1/29/2026,965.0,965.0,947.2,951.0,-0.73,2466.0,1095.0,827.9
ACLBSL,2/1/2026,940.2,1008.0,940.0,950.0,-0.11,3320.0,1095.0,827.9
ACLBSL,2/2/2026,968.0,1006.0,950.0,950.0,0.0,2323.0,1095.0,827.9
ACLBSL,2/3/2026,968.0,969.0,943.0,943.0,-0.74,3235.0,1095.0,827.9
ACLBSL,2/4/2026,961.8,961.8,944.1,954.5,1.22,372.0,1095.0,827.9
ACLBSL,2/5/2026,970.0,1049.9,945.2,960.0,0.58,7503.0,1095.0,827.9
ACLBSL,2/8/2026,979.2,998.0,965.0,987.0,2.81,8893.0,1095.0,827.9
ACLBSL,2/9/2026,1004.0,1024.0,960.2,994.0,0.71,1203.0,1095.0,827.9
ACLBSL,2/10/2026,1013.8,1013.8,960.1,979.0,-1.51,2134.0,1095.0,827.9
ACLBSL,2/11/2026,968.0,986.0,955.0,986.0,0.72,2727.0,1095.0,827.9
ACLBSL,2/12/2026,968.2,980.0,951.0,970.0,-1.62,1332.0,1095.0,827.9
ACLBSL,2/16/2026,980.0,980.0,942.1,959.9,-1.04,1416.0,1095.0,827.9
ACLBSL,2/17/2026,943.0,1017.0,943.0,1017.0,5.95,3683.0,1095.0,827.9
ACLBSL,2/22/2026,996.7,999.0,966.1,994.0,-2.26,3320.0,1095.0,827.9
ACLBSL,2/23/2026,974.2,994.9,957.0,979.9,-1.42,1479.0,1095.0,827.9
ACLBSL,2/24/2026,961.0,1050.0,945.0,978.0,-0.19,4144.0,1095.0,827.9
ACLBSL,2/25/2026,958.5,977.0,958.5,977.0,-0.1,370.0,1095.0,827.9
ACLBSL,2/26/2026,970.0,980.0,960.4,970.0,-0.72,531.0,1095.0,827.9
ACLBSL,2/27/2026,970.0,980.0,960.4,970.0,0.0,531.0,1095.0,827.9
ACLBSL,2/28/2026,970.0,980.0,960.4,970.0,0.0,531.0,1095.0,827.9
ACLBSL,3/2/2026,970.0,970.0,955.2,960.0,-1.03,863.0,1095.0,827.9
ACLBSL,3/3/2026,960.0,1045.0,956.0,969.0,0.94,4000.0,1095.0,827.9
ACLBSL,3/4/2026,960.0,1045.0,956.0,969.0,0.0,4000.0,1095.0,827.9
ACLBSL,3/5/2026,960.0,1045.0,956.0,969.0,0.0,4000.0,1095.0,827.9
ACLBSL,3/6/2026,960.0,1045.0,956.0,969.0,0.0,4000.0,1095.0,827.9
ACLBSL,3/7/2026,960.0,1045.0,956.0,969.0,0.0,4000.0,1095.0,827.9
ACLBSL,3/8/2026,960.0,1045.0,956.0,969.0,0.0,4000.0,1095.0,827.9
ACLBSL,3/10/2026,988.0,1023.0,988.0,997.0,2.89,9390.0,1095.0,827.9
ACLBSL,3/11/2026,1016.0,1016.0,980.0,981.1,-1.59,3897.0,1095.0,827.9
ACLBSL,3/12/2026,1000.0,1000.0,978.3,985.2,0.42,5413.0,1095.0,827.9
ACLBSL,3/13/2026,1000.0,1000.0,978.3,985.2,0.0,5413.0,1095.0,827.9
ACLBSL,3/14/2026,1000.0,1000.0,978.3,985.2,0.0,5413.0,1095.0,827.9
ACLBSL,3/15/2026,985.2,1000.0,985.2,1000.0,1.5,3830.0,1095.0,827.9
ACLBSL,3/16/2026,1000.0,1000.0,981.2,985.0,-1.5,1117.0,1095.0,827.9
ACLBSL,3/17/2026,975.0,991.0,975.0,990.0,0.51,817.0,1095.0,827.9
ACLBSL,3/18/2026,975.0,991.0,975.0,990.0,0.0,817.0,1095.0,827.9
ACLBSL,3/19/2026,990.0,1004.0,990.0,998.5,0.86,5849.0,1095.0,827.9
ACLBSL,3/20/2026,990.0,1004.0,990.0,998.5,0.0,5849.0,1095.0,827.9
ACLBSL,3/21/2026,990.0,1004.0,990.0,998.5,0.0,5849.0,1095.0,827.9
ACLBSL,3/22/2026,1017.0,1095.0,996.7,1068.0,6.96,13491.0,1095.0,827.9
ACLBSL,3/23/2026,1068.0,1081.0,1050.0,1074.0,0.56,7988.0,1095.0,827.9
ACLBSL,3/24/2026,1092.9,1092.9,1053.0,1073.0,-0.09,2156.0,1095.0,827.9
ACLBSL,3/25/2026,1089.5,1090.0,1048.0,1053.0,-1.86,1858.0,1095.0,827.9
ACLBSL,3/26/2026,1040.0,1043.0,1025.0,1040.0,0.0,2970.0,1095.0,827.9
ACLBSL,3/29/2026,1060.8,1060.8,1022.0,1023.0,-3.56,11783.0,1095.0,827.9
ACLBSL,3/30/2026,1002.6,1046.0,1002.6,1020.0,1.74,7010.0,1095.0,827.9
ACLBSL,3/31/2026,1020.0,1050.0,1002.1,1050.0,2.94,4580.0,1095.0,827.9
ACLBSL,4/1/2026,1029.0,1067.4,1001.1,1045.0,1.55,7363.0,1095.0,827.9
ACLBSL,4/2/2026,1040.0,1040.0,971.2,1021.2,-1.81,7060.0,1095.0,827.9
ACLBSL,4/5/2026,1041.0,1041.0,920.1,935.0,-10.18,7057.0,1095.0,827.9
ACLBSL,4/6/2026,950.0,972.0,931.0,959.1,0.96,11343.0,1095.0,827.9
ACLBSL,4/7/2026,978.2,997.0,957.0,970.0,-0.84,1913.0,1095.0,827.9
ACLBSL,4/8/2026,960.0,988.0,960.0,988.0,2.92,2729.0,1095.0,827.9
ACLBSL,4/9/2026,995.0,1007.0,993.0,1002.0,0.7,2665.0,1095.0,827.9
ACLBSL,4/10/2026,1021.0,1050.0,988.0,998.0,-2.25,3050.0,1095.0,827.9
ACLBSL,4/13/2026,980.0,1000.0,980.0,996.9,1.72,1637.0,1095.0,827.9
ACLBSL,4/15/2026,996.9,996.9,980.0,993.9,-0.3,3124.0,1095.0,827.9
ACLBSL,4/16/2026,1013.7,1013.7,958.1,977.0,-3.62,831.0,1095.0,827.9
ACLBSL,4/17/2026,958.0,1015.0,958.0,977.0,1.98,1545.0,1095.0,827.9
ACLBSL,4/20/2026,1001.0,1001.0,950.1,978.0,-2.3,2267.0,1095.0,827.9
ACLBSL,4/21/2026,953.0,979.0,953.0,979.0,2.73,198.0,1095.0,827.9
ACLBSL,4/22/2026,979.0,979.0,945.0,956.0,-2.35,1822.0,1095.0,827.9
ACLBSL,4/23/2026,945.0,972.8,945.0,964.9,2.11,452.0,1095.0,827.9
ACLBSL,4/24/2026,987.0,987.0,940.0,974.0,-1.32,667.0,1095.0,827.9
ACLBSL,4/27/2026,974.0,979.9,827.9,979.9,0.61,1703.0,1095.0,827.9
ACLBSL,4/28/2026,979.9,995.0,955.0,960.1,-2.02,747.0,1095.0,827.9
ACLBSL,4/29/2026,960.1,960.1,941.3,941.3,-1.96,1093.0,1095.0,827.9
ACLBSL,4/30/2026,941.3,956.0,937.1,941.1,-0.02,932.0,1095.0,827.9
ACLBSL,5/4/2026,950.0,957.5,925.1,957.5,0.79,386.0,1095.0,827.9
ACLBSL,5/5/2026,950.0,968.0,922.0,940.0,-1.05,1364.0,1095.0,827.9
ACLBSL,5/6/2026,950.0,950.0,940.0,949.8,-0.02,170.0,1095.0,827.9
ACLBSL,5/7/2026,949.8,950.0,940.0,950.0,0.02,92.0,1095.0,827.9
ACLBSL,5/8/2026,930.0,950.0,930.0,950.0,2.15,1775.0,1095.0,827.9
ACLBSL,5/11/2026,977.0,977.0,941.3,959.5,-1.79,748.0,1095.0,827.9
ACLBSL,5/12/2026,961.0,965.0,950.0,951.0,-1.04,432.0,1095.0,827.9
ACLBSL,5/13/2026,950.0,954.0,925.2,954.0,0.42,984.0,1095.0,827.9
ACLBSL,5/14/2026,954.0,955.0,933.0,952.0,-0.21,826.0,1095.0,827.9
ACLBSL,5/15/2026,925.0,950.0,925.0,949.9,2.69,1225.0,1095.0,827.9
ACLBSL,5/18/2026,997.3,997.3,946.1,950.0,-4.74,662.0,1095.0,827.9
ACLBSL,5/19/2026,964.0,964.0,941.5,955.0,-0.93,422.0,1095.0,827.9
ACLBSL,5/20/2026,960.0,964.0,946.0,956.0,-0.42,1142.0,1095.0,827.9
ACLBSL,5/21/2026,950.0,968.9,947.3,947.3,-0.28,863.0,1095.0,827.9
ACLBSL,5/22/2026,947.3,975.7,929.0,949.0,0.18,1325.0,1095.0,827.9
ACLBSL,5/25/2026,977.4,977.4,954.0,960.0,-1.78,740.0,1095.0,827.9
ACLBSL,5/26/2026,979.0,979.0,950.0,950.0,-2.96,1549.0,1095.0,827.9
ACLBSL,5/27/2026,945.1,966.6,945.1,966.6,2.27,279.0,1095.0,827.9
ACLBSL,6/1/2026,975.0,975.0,950.0,950.0,-2.56,663.0,1095.0,827.9
ACLBSL,6/2/2026,969.0,970.0,945.0,955.0,-1.44,881.0,1095.0,827.9
ACLBSL,6/3/2026,950.0,976.0,947.1,955.0,0.53,752.0,1095.0,827.9
ACLBSL,6/4/2026,955.1,974.0,955.0,957.1,0.21,1617.0,1095.0,827.9
ACLBSL,6/5/2026,950.0,964.0,945.2,960.0,1.05,1177.0,1095.0,827.9
ACLBSL,6/8/2026,955.0,960.0,947.5,957.0,0.21,1135.0,1095.0,827.9
ACLBSL,6/9/2026,950.0,958.0,949.0,951.0,0.11,1256.0,1095.0,827.9
ACLBSL,6/10/2026,950.0,959.0,950.0,959.0,0.95,972.0,1095.0,827.9
ACLBSL,6/11/2026,953.1,965.8,953.1,955.0,0.2,1426.0,1095.0,827.9
ACLBSL,6/12/2026,955.0,956.0,940.0,945.0,-1.05,364.0,1095.0,827.9
ACLBSL,6/15/2026,955.0,955.0,940.0,948.0,-0.73,547.0,1095.0,827.9
ACLBSL,6/16/2026,945.0,950.0,940.0,950.0,0.53,359.0,1095.0,827.9
ACLBSL,6/17/2026,965.0,965.0,940.0,958.9,-0.63,814.0,1095.0,827.9
ACLBSL,6/18/2026,944.2,957.9,944.2,957.7,1.43,350.0,1095.0,827.9
ACLBSL,6/19/2026,938.0,960.0,938.0,950.6,1.34,688.0,1095.0,827.9
ACLBSL,6/22/2026,953.0,970.0,952.0,964.9,1.25,712.0,1095.0,827.9
ACLBSL,6/23/2026,950.0,950.1,941.2,945.2,-0.51,880.0,1095.0,827.9
ACLBSL,6/24/2026,940.0,956.0,940.0,955.0,1.6,1035.0,1095.0,827.9
ACLBSL,6/26/2026,945.0,952.0,935.0,939.0,-0.63,1611.0,1095.0,827.9
ACLBSL,6/29/2026,939.0,939.0,916.0,938.0,-0.11,4085.0,1095.0,827.9
ACLBSL,6/30/2026,938.0,938.0,915.0,930.0,-0.85,1013.0,1095.0,827.9
ACLBSL,7/1/2026,952.0,952.0,920.6,941.0,-1.16,366.0,1095.0,827.9
ACLBSL,7/2/2026,930.0,942.2,920.0,942.2,1.31,432.0,1095.0,827.9
ACLBSL,7/3/2026,916.0,942.9,916.0,925.0,0.98,512.0,1095.0,827.9
ACLBSL,7/6/2026,922.1,925.0,912.0,916.0,-0.66,1645.0,1095.0,827.9
ACLBSL,7/7/2026,920.0,927.0,915.0,925.0,0.54,584.0,1095.0,827.9
ACLBSL,7/8/2026,900.0,946.0,885.1,925.0,2.78,954.0,1095.0,827.9
ACLBSL,7/9/2026,925.0,936.8,901.0,920.0,-0.54,477.0,1095.0,827.9
ACLBSL,7/10/2026,920.5,920.5,903.0,905.0,-1.68,667.0,1095.0,827.9
ACLBSL,7/13/2026,893.0,932.0,880.1,908.9,1.78,615.0,1095.0,827.9
ACLBSL,7/14/2026,900.0,924.0,886.0,910.0,1.11,2303.0,1095.0,827.9
ACLBSL,7/15/2026,905.0,929.8,905.0,905.0,0.0,127.0,1095.0,827.9
ACLBSL,7/16/2026,905.0,932.0,893.2,932.0,2.98,609.0,1095.0,827.9
ACLBSL,7/17/2026,932.0,944.0,930.0,935.0,0.32,611.0,1095.0,827.9
ACLBSL,7/20/2026,930.0,955.0,930.0,945.0,1.61,618.0,1095.0,827.9
ACLBSL,7/21/2026,920.0,968.0,920.0,966.8,5.09,786.0,1095.0,827.9
ACLBSL,7/22/2026,960.9,960.9,940.2,952.0,-0.93,541.0,1095.0,827.9
ACLBSL,7/23/2026,930.1,950.0,925.5,950.0,2.14,442.0,1095.0,827.9
ACLBSL,7/24/2026,967.0,970.0,942.0,945.0,-2.28,670.0,1095.0,827.9
ACLBSL,7/27/2026,950.0,950.0,935.1,949.9,-0.01,295.0,1095.0,827.9
ACLBSL,7/28/2026,922.0,948.0,922.0,945.7,2.57,1404.0,1095.0,827.9
ACLBSL,7/29/2026,945.7,945.7,925.0,926.2,-2.06,2437.0,1095.0,827.9
ACLBSL,7/30/2026,900.1,940.0,900.1,930.0,3.32,632.0,1095.0,827.9
ACLBSL,7/31/2026,930.0,935.0,910.3,934.0,0.43,502.0,1095.0,827.9
ACLBSL,8/3/2026,921.1,940.0,921.1,939.9,2.04,572.0,1095.0,827.9
ACLBSL,8/4/2026,916.1,938.9,912.1,938.9,2.49,831.0,1095.0,827.9
ACLBSL,8/5/2026,915.0,937.0,915.0,930.0,1.64,1642.0,1095.0,827.9
ACLBSL,8/6/2026,930.0,930.0,918.0,920.0,-1.08,423.0,1095.0,827.9
ACLBSL,8/7/2026,920.0,930.0,916.1,917.0,-0.33,393.0,1095.0,827.9
ACLBSL,8/10/2026,917.0,920.0,915.0,915.0,-0.22,912.0,1095.0,827.9
ACLBSL,8/11/2026,915.0,927.9,914.0,927.9,1.41,433.0,1095.0,827.9
ACLBSL,8/12/2026,927.9,943.0,906.3,943.0,1.63,628.0,1095.0,827.9
ACLBSL,8/13/2026,915.1,945.0,915.1,943.0,3.05,182.0,1095.0,827.9
ACLBSL,8/14/2026,943.0,943.0,918.5,937.0,-0.64,26.0,1095.0,827.9
ACLBSL,8/17/2026,915.2,919.0,911.1,919.0,0.42,357.0,1095.0,827.9
ACLBSL,8/18/2026,915.0,915.0,901.2,901.2,-1.51,1334.0,1095.0,827.9
ACLBSL,8/19/2026,898.0,921.6,894.4,900.0,0.22,842.0,1095.0,827.9
ACLBSL,8/20/2026,900.0,909.0,897.5,909.0,1.0,562.0,1095.0,827.9
ACLBSL,8/21/2026,892.0,918.0,892.0,911.0,2.13,803.0,1095.0,827.9
ACLBSL,8/24/2026,911.0,911.0,895.0,909.0,-0.22,500.0,1095.0,827.9
ACLBSL,8/25/2026,901.0,901.0,890.1,892.0,-1.0,397.0,1095.0,827.9
ACLBSL,8/26/2026,892.0,892.0,866.1,880.0,-1.35,757.0,1095.0,827.9
ACLBSL,8/27/2026,880.0,900.0,860.0,900.0,2.27,389.0,1095.0,827.9
ACLBSL,8/31/2026,900.0,900.0,871.0,892.4,-0.84,650.0,1095.0,827.9
ACLBSL,9/1/2026,892.0,900.0,871.1,888.9,-0.35,272.0,1095.0,827.9
ACLBSL,9/2/2026,865.0,913.0,865.0,894.8,3.45,243.0,1095.0,827.9
ACLBSL,9/3/2026,900.0,900.0,880.0,894.9,-0.57,804.0,1095.0,827.9
ACLBSL,9/7/2026,899.0,899.0,878.0,886.0,-1.45,835.0,1095.0,827.9
ACLBSL,9/9/2026,886.0,886.0,872.2,884.0,-0.23,373.0,1095.0,827.9
ACLBSL,9/10/2026,870.0,894.0,870.0,878.1,0.93,132.0,1095.0,827.9
ACLBSL,9/11/2026,898.9,898.9,875.0,880.0,-2.1,1315.0,1095.0,827.9
ACLBSL,9/14/2026,880.0,890.0,878.0,878.0,-0.23,1139.0,1095.0,827.9
ACLBSL,9/15/2026,921.0,921.0,890.0,900.0,-2.28,2249.0,1095.0,827.9
ACLBSL,9/16/2026,899.0,899.0,889.0,894.0,-0.56,608.0,1095.0,827.9
ACLBSL,9/17/2026,890.0,895.0,878.2,879.1,-1.22,1668.0,1095.0,827.9
ACLBSL,9/18/2026,880.0,896.0,875.0,893.0,1.48,946.0,1095.0,827.9
ACLBSL,9/22/2026,890.0,910.0,870.0,890.0,0.0,3412.0,1095.0,827.9
ACLBSL,9/23/2026,875.1,888.0,875.1,878.0,0.33,856.0,1095.0,827.9
ACLBSL,9/24/2026,871.1,890.0,871.1,877.0,0.68,281.0,1095.0,827.9
ACLBSL,9/28/2026,877.0,877.1,870.0,873.0,-0.46,978.0,1095.0,827.9
ACLBSL,9/29/2026,873.0,873.0,871.0,0.0,-100.0,290.0,1095.0,827.9
ACLBSL,9/30/2026,866.1,880.0,866.1,870.0,0.45,673.0,1095.0,827.9
ACLBSL,10/1/2026,870.0,872.1,866.0,872.0,0.23,337.0,1095.0,827.9
ACLBSL,10/2/2026,866.8,872.0,866.8,869.0,0.25,381.0,1095.0,827.9
ACLBSLP,7/17/2026,512.0,512.0,512.0,512.0,0.0,6960.0,613.0,556.0
ADBL,9/16/2010,117.0,122.0,116.0,120.0,,5280.0,340.0,285.2
ADBL,9/19/2010,120.0,120.0,116.0,118.0,-1.67,2648.0,340.0,285.2
ADBL,9/20/2010,118.0,119.0,116.0,118.0,0.0,2346.0,340.0,285.2
ADBL,9/21/2010,118.0,118.0,115.0,116.0,-1.69,7160.0,340.0,285.2
ADBL,9/23/2010,116.0,120.0,117.0,120.0,3.45,8417.0,340.0,285.2
ADBL,9/26/2010,120.0,122.0,117.0,121.0,0.83,9541.0,340.0,285.2
ADBL,9/27/2010,121.0,122.0,116.0,119.0,-1.65,10433.0,340.0,285.2
ADBL,9/28/2010,119.0,120.0,119.0,119.0,0.0,2682.0,340.0,285.2
ADBL,9/29/2010,119.0,120.0,117.0,119.0,0.0,2561.0,340.0,285.2
ADBL,9/30/2010,119.0,120.0,117.0,119.0,0.0,1912.0,340.0,285.2
ADBL,10/3/2010,119.0,121.0,117.0,119.0,0.0,8420.0,340.0,285.2
ADBL,10/4/2010,119.0,123.0,119.0,123.0,3.36,13295.0,340.0,285.2
ADBL,10/5/2010,123.0,130.0,121.0,130.0,5.69,7513.0,340.0,285.2
ADBL,10/6/2010,130.0,130.0,124.0,126.0,-3.08,6423.0,340.0,285.2
ADBL,10/7/2010,126.0,134.0,126.0,132.0,4.76,9889.0,340.0,285.2
ADBL,10/10/2010,132.0,136.0,132.0,135.0,2.27,2830.0,340.0,285.2
ADBL,10/11/2010,135.0,135.0,129.0,130.0,-3.7,4120.0,340.0,285.2
ADBL,10/12/2010,130.0,133.0,129.0,133.0,2.31,881.0,340.0,285.2
ADBL,10/13/2010,133.0,135.0,133.0,134.0,0.75,890.0,340.0,285.2
ADBL,10/21/2010,134.0,134.0,131.0,134.0,0.0,590.0,340.0,285.2
ADBL,10/24/2010,134.0,135.0,130.0,134.0,0.0,2628.0,340.0,285.2
ADBL,10/25/2010,134.0,137.0,132.0,136.0,1.49,3285.0,340.0,285.2
ADBL,10/26/2010,136.0,138.0,134.0,135.0,-0.74,3381.0,340.0,285.2
ADBL,10/27/2010,135.0,135.0,132.0,135.0,0.0,9094.0,340.0,285.2
ADBL,10/28/2010,135.0,148.0,135.0,145.0,7.41,21662.0,340.0,285.2
ADBL,10/31/2010,145.0,149.0,138.0,145.0,0.0,8172.0,340.0,285.2
ADBL,11/1/2010,145.0,147.0,141.0,146.0,0.69,16240.0,340.0,285.2
ADBL,11/2/2010,146.0,147.0,142.0,145.0,-0.68,6760.0,340.0,285.2
ADBL,11/3/2010,145.0,151.0,146.0,149.0,2.76,9278.0,340.0,285.2
ADBL,11/4/2010,149.0,154.0,147.0,153.0,2.68,5401.0,340.0,285.2
ADBL,11/9/2010,153.0,159.0,148.0,159.0,3.92,5893.0,340.0,285.2
ADBL,11/10/2010,159.0,167.0,151.0,161.0,1.26,7474.0,340.0,285.2
ADBL,11/11/2010,161.0,169.0,160.0,166.0,3.11,6535.0,340.0,285.2
ADBL,11/14/2010,166.0,172.0,162.0,163.0,-1.81,3445.0,340.0,285.2
ADBL,11/15/2010,163.0,162.0,158.0,160.0,-1.84,3983.0,340.0,285.2
ADBL,11/16/2010,160.0,164.0,159.0,162.0,1.25,2641.0,340.0,285.2
ADBL,11/18/2010,162.0,165.0,160.0,161.0,-0.62,3731.0,340.0,285.2
ADBL,11/21/2010,161.0,164.0,160.0,162.0,0.62,14538.0,340.0,285.2
ADBL,11/22/2010,162.0,165.0,158.0,162.0,0.0,7358.0,340.0,285.2
ADBL,11/23/2010,162.0,166.0,160.0,163.0,0.62,10742.0,340.0,285.2
ADBL,11/24/2010,163.0,166.0,161.0,165.0,1.23,4943.0,340.0,285.2
ADBL,11/25/2010,165.0,171.0,160.0,171.0,3.64,11689.0,340.0,285.2
ADBL,11/28/2010,171.0,168.0,160.0,160.0,-6.43,4635.0,340.0,285.2
ADBL,11/29/2010,160.0,163.0,155.0,156.0,-2.5,2778.0,340.0,285.2
ADBL,11/30/2010,156.0,160.0,153.0,155.0,-0.64,5139.0,340.0,285.2
ADBL,12/1/2010,155.0,157.0,148.0,152.0,-1.94,4971.0,340.0,285.2
ADBL,12/2/2010,152.0,157.0,144.0,144.0,-5.26,2779.0,340.0,285.2
ADBL,12/5/2010,144.0,144.0,138.0,138.0,-4.17,9343.0,340.0,285.2
ADBL,12/6/2010,138.0,145.0,138.0,145.0,5.07,1098.0,340.0,285.2
ADBL,12/7/2010,145.0,143.0,131.0,138.0,-4.83,4186.0,340.0,285.2
ADBL,12/8/2010,138.0,136.0,133.0,135.0,-2.17,3925.0,340.0,285.2
ADBL,12/9/2010,135.0,139.0,133.0,137.0,1.48,5690.0,340.0,285.2
ADBL,12/12/2010,137.0,138.0,132.0,137.0,0.0,11296.0,340.0,285.2
ADBL,12/13/2010,137.0,137.0,134.0,137.0,0.0,7755.0,340.0,285.2
ADBL,12/14/2010,137.0,139.0,137.0,137.0,0.0,6063.0,340.0,285.2
ADBL,12/15/2010,137.0,137.0,133.0,134.0,-2.19,3341.0,340.0,285.2
ADBL,12/16/2010,134.0,136.0,132.0,136.0,1.49,3645.0,340.0,285.2
ADBL,12/19/2010,136.0,136.0,131.0,136.0,0.0,6516.0,340.0,285.2
ADBL,12/20/2010,136.0,138.0,134.0,134.0,-1.47,8991.0,340.0,285.2
ADBL,12/22/2010,134.0,136.0,133.0,134.0,0.0,731.0,340.0,285.2
ADBL,12/23/2010,134.0,137.0,134.0,135.0,0.75,3227.0,340.0,285.2
ADBL,12/26/2010,135.0,140.0,135.0,140.0,3.7,2626.0,340.0,285.2
ADBL,12/27/2010,140.0,142.0,138.0,140.0,0.0,978.0,340.0,285.2
ADBL,12/28/2010,140.0,142.0,139.0,142.0,1.43,3520.0,340.0,285.2
ADBL,12/29/2010,142.0,144.0,142.0,143.0,0.7,1534.0,340.0,285.2
ADBL,1/2/2011,143.0,145.0,134.0,136.0,-4.9,10768.0,340.0,285.2
ADBL,1/3/2011,137.0,131.0,124.0,131.0,-3.68,4755.0,340.0,285.2
ADBL,1/4/2011,131.0,139.0,133.0,139.0,6.11,5048.0,340.0,285.2
ADBL,1/5/2011,139.0,140.0,132.0,132.0,-5.04,5588.0,340.0,285.2
ADBL,1/6/2011,132.0,140.0,132.0,140.0,6.06,590.0,340.0,285.2
ADBL,1/9/2011,140.0,140.0,136.0,139.0,-0.71,1532.0,340.0,285.2
ADBL,1/10/2011,139.0,142.0,137.0,141.0,1.44,7614.0,340.0,285.2
ADBL,1/11/2011,141.0,142.0,136.0,142.0,0.71,3488.0,340.0,285.2
ADBL,1/12/2011,142.0,141.0,139.0,141.0,-0.7,3193.0,340.0,285.2
ADBL,1/13/2011,141.0,140.0,138.0,138.0,-2.13,3867.0,340.0,285.2
ADBL,1/16/2011,138.0,140.0,134.0,136.0,-1.45,4369.0,340.0,285.2
ADBL,1/17/2011,136.0,136.0,132.0,135.0,-0.74,7990.0,340.0,285.2
ADBL,1/18/2011,135.0,137.0,132.0,135.0,0.0,11563.0,340.0,285.2
ADBL,1/19/2011,135.0,137.0,133.0,135.0,0.0,4558.0,340.0,285.2
ADBL,1/20/2011,135.0,135.0,133.0,135.0,0.0,3307.0,340.0,285.2
ADBL,1/23/2011,135.0,137.0,134.0,137.0,1.48,1635.0,340.0,285.2
ADBL,1/24/2011,137.0,143.0,137.0,143.0,4.38,3781.0,340.0,285.2
ADBL,1/31/2011,143.0,143.0,143.0,143.0,0.0,148.0,340.0,285.2
ADBL,2/1/2011,143.0,143.0,138.0,141.0,-1.4,9665.0,340.0,285.2
ADBL,2/2/2011,141.0,143.0,135.0,137.0,-2.84,2411.0,340.0,285.2
ADBL,2/3/2011,137.0,140.0,137.0,140.0,2.19,4730.0,340.0,285.2
ADBL,2/6/2011,140.0,147.0,138.0,139.0,-0.71,3810.0,340.0,285.2
ADBL,2/7/2011,139.0,142.0,139.0,141.0,1.44,5215.0,340.0,285.2
ADBL,2/8/2011,141.0,144.0,141.0,143.0,1.42,3470.0,340.0,285.2
ADBL,2/9/2011,143.0,145.0,140.0,145.0,1.4,2377.0,340.0,285.2
ADBL,2/10/2011,145.0,146.0,142.0,142.0,-2.07,1568.0,340.0,285.2
ADBL,2/13/2011,142.0,142.0,137.0,138.0,-2.82,2561.0,340.0,285.2
ADBL,2/14/2011,138.0,141.0,135.0,138.0,0.0,5028.0,340.0,285.2
ADBL,2/15/2011,138.0,139.0,138.0,138.0,0.0,1835.0,340.0,285.2
ADBL,2/16/2011,138.0,141.0,136.0,139.0,0.72,2565.0,340.0,285.2
ADBL,2/17/2011,139.0,140.0,136.0,139.0,0.0,1957.0,340.0,285.2
ADBL,2/20/2011,139.0,139.0,138.0,139.0,0.0,3920.0,340.0,285.2
ADBL,2/21/2011,139.0,139.0,135.0,135.0,-2.88,2290.0,340.0,285.2
ADBL,2/22/2011,135.0,137.0,133.0,133.0,-1.48,1587.0,340.0,285.2
ADBL,2/23/2011,133.0,136.0,132.0,135.0,1.5,2680.0,340.0,285.2
ADBL,2/24/2011,135.0,136.0,134.0,136.0,0.74,611.0,340.0,285.2
ADBL,2/27/2011,136.0,136.0,134.0,135.0,-0.74,2220.0,340.0,285.2
ADBL,2/28/2011,135.0,134.0,128.0,132.0,-2.22,1492.0,340.0,285.2
ADBL,3/3/2011,132.0,136.0,133.0,136.0,3.03,376.0,340.0,285.2
ADBL,3/7/2011,136.0,137.0,130.0,137.0,0.74,4630.0,340.0,285.2
ADBL,3/9/2011,137.0,137.0,135.0,135.0,-1.46,1910.0,340.0,285.2
ADBL,3/10/2011,135.0,139.0,134.0,134.0,-0.74,2252.0,340.0,285.2
ADBL,3/13/2011,134.0,137.0,135.0,136.0,1.49,2767.0,340.0,285.2
ADBL,3/14/2011,136.0,137.0,133.0,135.0,-0.74,3970.0,340.0,285.2
ADBL,3/15/2011,135.0,135.0,128.0,130.0,-3.7,5050.0,340.0,285.2
ADBL,3/16/2011,130.0,132.0,128.0,130.0,0.0,3052.0,340.0,285.2
ADBL,3/17/2011,130.0,133.0,126.0,132.0,1.54,4051.0,340.0,285.2
ADBL,3/20/2011,132.0,134.0,131.0,133.0,0.76,1507.0,340.0,285.2
ADBL,3/24/2011,135.0,136.0,129.0,133.0,0.0,3116.0,340.0,285.2
ADBL,3/25/2011,133.0,135.0,132.0,135.0,1.5,2560.0,340.0,285.2
ADBL,3/27/2011,135.0,135.0,134.0,134.0,-0.74,2110.0,340.0,285.2
ADBL,3/28/2011,134.0,134.0,130.0,130.0,-2.99,1288.0,340.0,285.2
ADBL,3/29/2011,130.0,129.0,127.0,127.0,-2.31,1390.0,340.0,285.2
ADBL,3/30/2011,127.0,129.0,125.0,129.0,1.57,1261.0,340.0,285.2
ADBL,3/31/2011,129.0,134.0,127.0,132.0,2.33,1475.0,340.0,285.2
ADBL,4/4/2011,132.0,132.0,126.0,131.0,-0.76,2927.0,340.0,285.2
ADBL,4/5/2011,131.0,130.0,126.0,128.0,-2.29,1828.0,340.0,285.2
ADBL,4/6/2011,128.0,131.0,125.0,131.0,2.34,5221.0,340.0,285.2
ADBL,4/7/2011,131.0,130.0,126.0,128.0,-2.29,825.0,340.0,285.2
ADBL,4/10/2011,128.0,128.0,126.0,128.0,0.0,1531.0,340.0,285.2
ADBL,4/11/2011,128.0,129.0,126.0,128.0,0.0,3030.0,340.0,285.2
ADBL,4/13/2011,128.0,127.0,127.0,127.0,-0.78,60.0,340.0,285.2
ADBL,4/17/2011,127.0,127.0,125.0,125.0,-1.57,1650.0,340.0,285.2
ADBL,4/18/2011,125.0,126.0,121.0,122.0,-2.4,2651.0,340.0,285.2
ADBL,4/19/2011,122.0,128.0,120.0,126.0,3.28,866.0,340.0,285.2
ADBL,4/20/2011,126.0,128.0,125.0,126.0,0.0,3022.0,340.0,285.2
ADBL,4/21/2011,126.0,128.0,123.0,124.0,-1.59,2040.0,340.0,285.2
ADBL,4/25/2011,124.0,124.0,122.0,122.0,-1.61,3265.0,340.0,285.2
ADBL,4/26/2011,122.0,122.0,122.0,122.0,0.0,70.0,340.0,285.2
ADBL,4/27/2011,122.0,125.0,119.0,121.0,-0.82,3367.0,340.0,285.2
ADBL,4/28/2011,121.0,125.0,122.0,124.0,2.48,2299.0,340.0,285.2
ADBL,5/2/2011,124.0,123.0,119.0,123.0,-0.81,2030.0,340.0,285.2
ADBL,5/3/2011,123.0,127.0,123.0,127.0,3.25,1120.0,340.0,285.2
ADBL,5/4/2011,127.0,127.0,124.0,126.0,-0.79,2484.0,340.0,285.2
ADBL,5/5/2011,126.0,126.0,124.0,125.0,-0.79,931.0,340.0,285.2
ADBL,5/8/2011,125.0,131.0,121.0,124.0,-0.8,4485.0,340.0,285.2
ADBL,5/9/2011,124.0,124.0,122.0,124.0,0.0,840.0,340.0,285.2
ADBL,5/10/2011,124.0,126.0,124.0,125.0,0.81,1013.0,340.0,285.2
ADBL,5/11/2011,125.0,129.0,126.0,129.0,3.2,400.0,340.0,285.2
ADBL,5/12/2011,129.0,131.0,127.0,130.0,0.78,741.0,340.0,285.2
ADBL,5/15/2011,130.0,132.0,130.0,131.0,0.77,3412.0,340.0,285.2
ADBL,5/16/2011,131.0,138.0,130.0,138.0,5.34,3382.0,340.0,285.2
ADBL,5/18/2011,138.0,136.0,128.0,133.0,-3.62,1703.0,340.0,285.2
ADBL,5/19/2011,133.0,135.0,127.0,131.0,-1.5,2307.0,340.0,285.2
ADBL,5/22/2011,131.0,131.0,128.0,131.0,0.0,1918.0,340.0,285.2
ADBL,5/23/2011,131.0,133.0,128.0,130.0,-0.76,4281.0,340.0,285.2
ADBL,5/24/2011,130.0,132.0,128.0,132.0,1.54,2801.0,340.0,285.2
ADBL,5/25/2011,132.0,130.0,128.0,128.0,-3.03,690.0,340.0,285.2
ADBL,5/26/2011,128.0,129.0,128.0,129.0,0.78,590.0,340.0,285.2
ADBL,5/30/2011,129.0,132.0,128.0,130.0,0.78,1283.0,340.0,285.2
ADBL,5/31/2011,130.0,132.0,126.0,132.0,1.54,1623.0,340.0,285.2
ADBL,6/1/2011,132.0,131.0,128.0,128.0,-3.03,1013.0,340.0,285.2
ADBL,6/2/2011,128.0,130.0,128.0,129.0,0.78,3753.0,340.0,285.2
ADBL,6/5/2011,129.0,129.0,126.0,126.0,-2.33,930.0,340.0,285.2
ADBL,6/6/2011,126.0,127.0,122.0,122.0,-3.17,816.0,340.0,285.2
ADBL,6/7/2011,122.0,122.0,118.0,118.0,-3.28,2242.0,340.0,285.2
ADBL,6/8/2011,118.0,118.0,116.0,118.0,0.0,270.0,340.0,285.2
ADBL,6/9/2011,118.0,120.0,114.0,120.0,1.69,1656.0,340.0,285.2
ADBL,6/12/2011,120.0,122.0,118.0,120.0,0.0,1031.0,340.0,285.2
ADBL,6/13/2011,120.0,121.0,117.0,117.0,-2.5,1601.0,340.0,285.2
ADBL,6/14/2011,117.0,117.0,115.0,117.0,0.0,640.0,340.0,285.2
ADBL,6/15/2011,117.0,121.0,115.0,121.0,3.42,1069.0,340.0,285.2
ADBL,6/16/2011,121.0,124.0,121.0,124.0,2.48,541.0,340.0,285.2
ADBL,6/19/2011,124.0,130.0,126.0,130.0,4.84,523.0,340.0,285.2
ADBL,6/20/2011,124.0,130.0,126.0,130.0,0.0,523.0,340.0,285.2
ADBL,6/21/2011,134.0,139.0,136.0,136.0,4.62,632.0,340.0,285.2
ADBL,6/23/2011,136.0,147.0,138.0,147.0,8.09,661.0,340.0,285.2
ADBL,6/26/2011,147.0,151.0,147.0,147.0,0.0,670.0,340.0,285.2
ADBL,6/29/2011,147.0,140.0,140.0,140.0,-4.76,220.0,340.0,285.2
ADBL,7/4/2011,140.0,138.0,126.0,126.0,-10.0,2659.0,340.0,285.2
ADBL,7/5/2011,126.0,126.0,120.0,126.0,0.0,1253.0,340.0,285.2
ADBL,7/6/2011,126.0,127.0,124.0,125.0,-0.79,1475.0,340.0,285.2
ADBL,7/7/2011,125.0,128.0,124.0,125.0,0.0,953.0,340.0,285.2
ADBL,7/10/2011,125.0,127.0,125.0,125.0,0.0,1940.0,340.0,285.2
ADBL,7/11/2011,125.0,127.0,122.0,127.0,1.6,2172.0,340.0,285.2
ADBL,7/12/2011,127.0,127.0,124.0,127.0,0.0,4396.0,340.0,285.2
ADBL,7/13/2011,127.0,133.0,129.0,131.0,3.15,1322.0,340.0,285.2
ADBL,7/14/2011,131.0,133.0,130.0,130.0,-0.76,911.0,340.0,285.2
ADBL,7/18/2011,130.0,132.0,132.0,132.0,1.54,60.0,340.0,285.2
ADBL,7/19/2011,132.0,134.0,128.0,132.0,0.0,1450.0,340.0,285.2
ADBL,7/20/2011,132.0,134.0,132.0,132.0,0.0,2761.0,340.0,285.2
ADBL,7/21/2011,132.0,132.0,129.0,132.0,0.0,1540.0,340.0,285.2
ADBL,7/24/2011,132.0,132.0,127.0,130.0,-1.52,3830.0,340.0,285.2
ADBL,7/25/2011,130.0,129.0,126.0,129.0,-0.77,1130.0,340.0,285.2
ADBL,7/26/2011,129.0,127.0,125.0,127.0,-1.55,400.0,340.0,285.2
ADBL,7/27/2011,127.0,132.0,125.0,132.0,3.94,1932.0,340.0,285.2
ADBL,7/28/2011,132.0,132.0,128.0,128.0,-3.03,1146.0,340.0,285.2
ADBL,7/31/2011,128.0,129.0,122.0,125.0,-2.34,2491.0,340.0,285.2
ADBL,8/1/2011,125.0,126.0,123.0,126.0,0.8,1030.0,340.0,285.2
ADBL,8/2/2011,126.0,126.0,125.0,125.0,-0.79,2112.0,340.0,285.2
ADBL,8/3/2011,125.0,126.0,123.0,123.0,-1.6,1425.0,340.0,285.2
ADBL,8/4/2011,123.0,126.0,124.0,126.0,2.44,110.0,340.0,285.2
ADBL,8/7/2011,126.0,126.0,123.0,125.0,-0.79,685.0,340.0,285.2
ADBL,8/8/2011,125.0,127.0,124.0,125.0,0.0,2076.0,340.0,285.2
ADBL,8/9/2011,125.0,126.0,123.0,123.0,-1.6,3006.0,340.0,285.2
ADBL,8/10/2011,123.0,125.0,123.0,125.0,1.63,1838.0,340.0,285.2
ADBL,8/11/2011,125.0,125.0,121.0,123.0,-1.6,1547.0,340.0,285.2
ADBL,8/15/2011,123.0,129.0,121.0,127.0,3.25,2387.0,340.0,285.2
ADBL,8/16/2011,127.0,127.0,125.0,126.0,-0.79,827.0,340.0,285.2
ADBL,8/17/2011,126.0,130.0,126.0,130.0,3.17,2452.0,340.0,285.2
ADBL,8/18/2011,130.0,128.0,127.0,128.0,-1.54,772.0,340.0,285.2
ADBL,8/22/2011,128.0,127.0,127.0,127.0,-0.78,1000.0,340.0,285.2
ADBL,8/23/2011,127.0,127.0,124.0,127.0,0.0,6027.0,340.0,285.2
ADBL,8/24/2011,127.0,127.0,125.0,126.0,-0.79,1351.0,340.0,285.2
ADBL,8/25/2011,126.0,126.0,122.0,126.0,0.0,1662.0,340.0,285.2
ADBL,8/28/2011,126.0,127.0,126.0,126.0,0.0,281.0,340.0,285.2
ADBL,8/29/2011,126.0,126.0,123.0,124.0,-1.59,435.0,340.0,285.2
ADBL,8/30/2011,124.0,124.0,122.0,122.0,-1.61,490.0,340.0,285.2
ADBL,9/1/2011,122.0,126.0,123.0,125.0,2.46,1452.0,340.0,285.2
ADBL,9/4/2011,125.0,125.0,120.0,125.0,0.0,1402.0,340.0,285.2
ADBL,9/5/2011,125.0,123.0,118.0,120.0,-4.0,2152.0,340.0,285.2
ADBL,9/6/2011,120.0,121.0,118.0,121.0,0.83,3800.0,340.0,285.2
ADBL,9/7/2011,121.0,122.0,119.0,120.0,-0.83,3400.0,340.0,285.2
ADBL,9/8/2011,120.0,121.0,119.0,121.0,0.83,1120.0,340.0,285.2
ADBL,9/12/2011,121.0,121.0,119.0,119.0,-1.65,1934.0,340.0,285.2
ADBL,9/13/2011,119.0,118.0,114.0,118.0,-0.84,1498.0,340.0,285.2
ADBL,9/14/2011,118.0,119.0,116.0,117.0,-0.85,1880.0,340.0,285.2
ADBL,9/15/2011,117.0,120.0,118.0,120.0,2.56,845.0,340.0,285.2
ADBL,9/18/2011,120.0,120.0,115.0,116.0,-3.33,992.0,340.0,285.2
ADBL,9/19/2011,116.0,118.0,116.0,117.0,0.86,403.0,340.0,285.2
ADBL,9/20/2011,117.0,120.0,118.0,118.0,0.85,571.0,340.0,285.2
ADBL,9/21/2011,118.0,117.0,117.0,117.0,-0.85,683.0,340.0,285.2
ADBL,9/22/2011,117.0,120.0,116.0,118.0,0.85,1230.0,340.0,285.2
ADBL,9/25/2011,118.0,120.0,116.0,120.0,1.69,2124.0,340.0,285.2
ADBL,9/26/2011,120.0,120.0,115.0,120.0,0.0,1155.0,340.0,285.2
ADBL,9/27/2011,120.0,119.0,118.0,118.0,-1.67,1650.0,340.0,285.2
ADBL,9/29/2011,118.0,119.0,117.0,118.0,0.0,1062.0,340.0,285.2
ADBL,10/2/2011,118.0,117.0,115.0,117.0,-0.85,320.0,340.0,285.2
ADBL,10/10/2011,117.0,120.0,116.0,120.0,2.56,781.0,340.0,285.2
ADBL,10/12/2011,120.0,118.0,115.0,118.0,-1.67,974.0,340.0,285.2
ADBL,10/13/2011,118.0,119.0,116.0,118.0,0.0,3345.0,340.0,285.2
ADBL,10/16/2011,118.0,119.0,116.0,117.0,-0.85,1400.0,340.0,285.2
ADBL,10/17/2011,117.0,117.0,115.0,117.0,0.0,1261.0,340.0,285.2
ADBL,10/18/2011,117.0,117.0,115.0,116.0,-0.85,991.0,340.0,285.2
ADBL,10/19/2011,116.0,117.0,117.0,117.0,0.86,820.0,340.0,285.2
ADBL,10/20/2011,117.0,118.0,114.0,116.0,-0.85,956.0,340.0,285.2
ADBL,10/23/2011,116.0,117.0,115.0,115.0,-0.86,1908.0,340.0,285.2
ADBL,10/24/2011,115.0,118.0,115.0,116.0,0.87,1190.0,340.0,285.2
ADBL,10/25/2011,116.0,119.0,114.0,119.0,2.59,1244.0,340.0,285.2
ADBL,10/30/2011,119.0,121.0,120.0,120.0,0.84,9320.0,340.0,285.2
ADBL,10/31/2011,120.0,119.0,116.0,119.0,-0.83,1262.0,340.0,285.2
ADBL,11/2/2011,119.0,129.0,121.0,129.0,8.4,110.0,340.0,285.2
ADBL,11/3/2011,129.0,135.0,131.0,133.0,3.1,5625.0,340.0,285.2
ADBL,11/6/2011,133.0,131.0,120.0,120.0,-9.77,3883.0,340.0,285.2
ADBL,11/8/2011,120.0,120.0,117.0,119.0,-0.83,2100.0,340.0,285.2
ADBL,11/9/2011,119.0,120.0,118.0,118.0,-0.84,1182.0,340.0,285.2
ADBL,11/10/2011,118.0,119.0,118.0,119.0,0.85,3122.0,340.0,285.2
ADBL,11/13/2011,119.0,120.0,118.0,120.0,0.84,1164.0,340.0,285.2
ADBL,11/14/2011,120.0,122.0,114.0,122.0,1.67,2691.0,340.0,285.2
ADBL,11/15/2011,122.0,121.0,118.0,119.0,-2.46,1157.0,340.0,285.2
ADBL,11/16/2011,119.0,120.0,118.0,120.0,0.84,1400.0,340.0,285.2
ADBL,11/17/2011,120.0,120.0,118.0,118.0,-1.67,734.0,340.0,285.2
ADBL,11/20/2011,118.0,118.0,115.0,118.0,0.0,2545.0,340.0,285.2
ADBL,11/21/2011,118.0,118.0,117.0,118.0,0.0,1461.0,340.0,285.2
ADBL,11/22/2011,118.0,118.0,117.0,117.0,-0.85,1141.0,340.0,285.2
ADBL,11/23/2011,117.0,118.0,117.0,117.0,0.0,410.0,340.0,285.2
ADBL,11/24/2011,117.0,119.0,114.0,117.0,0.0,1499.0,340.0,285.2
ADBL,11/27/2011,117.0,119.0,116.0,119.0,1.71,2513.0,340.0,285.2
ADBL,11/28/2011,119.0,118.0,117.0,118.0,-0.84,61.0,340.0,285.2
ADBL,11/29/2011,160.0,163.0,155.0,156.0,32.2,2778.0,340.0,285.2
ADBL,12/5/2011,125.0,123.0,121.0,121.0,-22.44,20.0,340.0,285.2
ADBL,12/6/2011,121.0,119.0,119.0,119.0,-1.65,30.0,340.0,285.2
ADBL,12/7/2011,119.0,117.0,114.0,114.0,-4.2,5809.0,340.0,285.2
ADBL,12/8/2011,114.0,117.0,114.0,117.0,2.63,3872.0,340.0,285.2
ADBL,12/11/2011,117.0,115.0,113.0,115.0,-1.71,1249.0,340.0,285.2
ADBL,12/12/2011,115.0,115.0,114.0,115.0,0.0,1087.0,340.0,285.2
ADBL,12/13/2011,115.0,115.0,113.0,114.0,-0.87,2102.0,340.0,285.2
ADBL,12/14/2011,114.0,116.0,113.0,114.0,0.0,1225.0,340.0,285.2
ADBL,12/15/2011,114.0,115.0,113.0,114.0,0.0,2866.0,340.0,285.2
ADBL,12/18/2011,114.0,115.0,112.0,114.0,0.0,651.0,340.0,285.2
ADBL,12/19/2011,114.0,116.0,113.0,113.0,-0.88,1228.0,340.0,285.2
ADBL,12/20/2011,113.0,115.0,113.0,113.0,0.0,1011.0,340.0,285.2
ADBL,12/21/2011,113.0,116.0,113.0,116.0,2.65,1397.0,340.0,285.2
ADBL,12/22/2011,116.0,116.0,114.0,116.0,0.0,210.0,340.0,285.2
ADBL,12/26/2011,116.0,114.0,112.0,113.0,-2.59,1702.0,340.0,285.2
ADBL,12/27/2011,113.0,114.0,113.0,114.0,0.88,1405.0,340.0,285.2
ADBL,12/28/2011,114.0,113.0,113.0,113.0,-0.88,250.0,340.0,285.2
ADBL,12/29/2011,113.0,116.0,112.0,115.0,1.77,1699.0,340.0,285.2
ADBL,1/1/2012,115.0,115.0,113.0,114.0,-0.87,1111.0,340.0,285.2
ADBL,1/2/2012,114.0,118.0,115.0,118.0,3.51,551.0,340.0,285.2
ADBL,1/3/2012,118.0,116.0,114.0,115.0,-2.54,490.0,340.0,285.2
ADBL,1/4/2012,115.0,115.0,113.0,114.0,-0.87,3220.0,340.0,285.2
ADBL,1/5/2012,114.0,114.0,112.0,113.0,-0.88,775.0,340.0,285.2
ADBL,1/8/2012,113.0,115.0,113.0,114.0,0.88,3240.0,340.0,285.2
ADBL,1/9/2012,114.0,113.0,111.0,111.0,-2.63,1710.0,340.0,285.2
ADBL,1/10/2012,113.0,114.0,112.0,112.0,0.9,549.0,340.0,285.2
ADBL,1/11/2012,112.0,112.0,111.0,112.0,0.0,2477.0,340.0,285.2
ADBL,1/12/2012,112.0,112.0,110.0,112.0,0.0,3102.0,340.0,285.2
ADBL,1/16/2012,112.0,112.0,111.0,111.0,-0.89,1049.0,340.0,285.2
ADBL,1/17/2012,111.0,114.0,110.0,113.0,1.8,866.0,340.0,285.2
ADBL,1/18/2012,113.0,118.0,114.0,118.0,4.42,2190.0,340.0,285.2
ADBL,1/19/2012,118.0,117.0,115.0,117.0,-0.85,411.0,340.0,285.2
ADBL,1/22/2012,117.0,118.0,115.0,117.0,0.0,4484.0,340.0,285.2
ADBL,1/23/2012,117.0,115.0,111.0,112.0,-4.27,1650.0,340.0,285.2
ADBL,1/25/2012,112.0,114.0,111.0,114.0,1.79,1170.0,340.0,285.2
ADBL,1/26/2012,114.0,114.0,110.0,112.0,-1.75,1060.0,340.0,285.2
ADBL,1/29/2012,112.0,114.0,111.0,112.0,0.0,4200.0,340.0,285.2
ADBL,1/31/2012,112.0,114.0,110.0,110.0,-1.79,2291.0,340.0,285.2
ADBL,2/1/2012,110.0,113.0,110.0,111.0,0.91,1833.0,340.0,285.2
ADBL,2/2/2012,111.0,113.0,111.0,111.0,0.0,3946.0,340.0,285.2
ADBL,2/5/2012,111.0,111.0,109.0,110.0,-0.9,1611.0,340.0,285.2
ADBL,2/6/2012,110.0,111.0,110.0,111.0,0.91,992.0,340.0,285.2
ADBL,2/7/2012,111.0,110.0,107.0,110.0,-0.9,2091.0,340.0,285.2
ADBL,2/8/2012,110.0,110.0,109.0,110.0,0.0,386.0,340.0,285.2
ADBL,2/9/2012,110.0,110.0,109.0,109.0,-0.91,920.0,340.0,285.2
ADBL,2/12/2012,109.0,109.0,108.0,109.0,0.0,1309.0,340.0,285.2
ADBL,2/13/2012,109.0,111.0,107.0,108.0,-0.92,1992.0,340.0,285.2
ADBL,2/14/2012,108.0,110.0,107.0,109.0,0.93,1961.0,340.0,285.2
ADBL,2/15/2012,109.0,111.0,110.0,111.0,1.83,276.0,340.0,285.2
ADBL,2/16/2012,111.0,109.0,107.0,108.0,-2.7,550.0,340.0,285.2
ADBL,2/21/2012,108.0,109.0,108.0,109.0,0.93,631.0,340.0,285.2
ADBL,2/23/2012,109.0,109.0,107.0,109.0,0.0,1230.0,340.0,285.2
ADBL,2/26/2012,109.0,109.0,105.0,107.0,-1.83,2747.0,340.0,285.2
ADBL,2/27/2012,107.0,109.0,107.0,108.0,0.93,1285.0,340.0,285.2
ADBL,2/28/2012,108.0,110.0,107.0,109.0,0.93,2204.0,340.0,285.2
ADBL,2/29/2012,109.0,109.0,108.0,108.0,-0.92,1030.0,340.0,285.2
ADBL,3/1/2012,108.0,109.0,107.0,108.0,0.0,2300.0,340.0,285.2
ADBL,3/4/2012,108.0,109.0,104.0,109.0,0.93,1451.0,340.0,285.2
ADBL,3/5/2012,109.0,109.0,107.0,107.0,-1.83,460.0,340.0,285.2
ADBL,3/6/2012,107.0,107.0,105.0,105.0,-1.87,2124.0,340.0,285.2
ADBL,3/11/2012,105.0,106.0,105.0,106.0,0.95,754.0,340.0,285.2
ADBL,3/12/2012,106.0,107.0,102.0,106.0,0.0,1022.0,340.0,285.2
ADBL,3/13/2012,106.0,106.0,104.0,104.0,-1.89,1321.0,340.0,285.2
ADBL,3/14/2012,104.0,105.0,103.0,103.0,-0.96,793.0,340.0,285.2
ADBL,3/15/2012,103.0,103.0,101.0,103.0,0.0,842.0,340.0,285.2
ADBL,3/18/2012,103.0,103.0,101.0,103.0,0.0,1003.0,340.0,285.2
ADBL,3/19/2012,103.0,105.0,102.0,102.0,-0.97,311.0,340.0,285.2
ADBL,3/20/2012,102.0,103.0,101.0,101.0,-0.98,4107.0,340.0,285.2
ADBL,3/21/2012,101.0,106.0,101.0,104.0,2.97,1257.0,340.0,285.2
ADBL,3/25/2012,104.0,106.0,102.0,106.0,1.92,920.0,340.0,285.2
ADBL,3/26/2012,106.0,107.0,103.0,107.0,0.94,2082.0,340.0,285.2
ADBL,3/27/2012,107.0,105.0,102.0,103.0,-3.74,270.0,340.0,285.2
ADBL,3/28/2012,103.0,106.0,104.0,106.0,2.91,1615.0,340.0,285.2
ADBL,3/29/2012,106.0,108.0,105.0,105.0,-0.94,1395.0,340.0,285.2
ADBL,4/1/2012,105.0,106.0,105.0,106.0,0.95,1762.0,340.0,285.2
ADBL,4/2/2012,106.0,106.0,104.0,105.0,-0.94,1275.0,340.0,285.2
ADBL,4/3/2012,105.0,106.0,106.0,106.0,0.95,680.0,340.0,285.2
ADBL,4/4/2012,106.0,106.0,105.0,105.0,-0.94,3550.0,340.0,285.2
ADBL,4/5/2012,105.0,106.0,105.0,106.0,0.95,680.0,340.0,285.2
ADBL,4/8/2012,106.0,106.0,105.0,106.0,0.0,1051.0,340.0,285.2
ADBL,4/9/2012,106.0,107.0,105.0,106.0,0.0,921.0,340.0,285.2
ADBL,4/10/2012,106.0,106.0,104.0,106.0,0.0,1313.0,340.0,285.2
ADBL,4/11/2012,106.0,110.0,107.0,107.0,0.94,2180.0,340.0,285.2
ADBL,4/12/2012,107.0,114.0,108.0,114.0,6.54,683.0,340.0,285.2
ADBL,4/15/2012,114.0,124.0,116.0,123.0,7.89,2514.0,340.0,285.2
ADBL,4/16/2012,123.0,135.0,125.0,135.0,9.76,833.0,340.0,285.2
ADBL,4/17/2012,135.0,133.0,130.0,130.0,-3.7,1789.0,340.0,285.2
ADBL,4/18/2012,130.0,128.0,120.0,124.0,-4.62,3301.0,340.0,285.2
ADBL,4/19/2012,124.0,128.0,120.0,122.0,-1.61,4668.0,340.0,285.2
ADBL,4/22/2012,122.0,124.0,122.0,123.0,0.82,1560.0,340.0,285.2
ADBL,4/24/2012,123.0,129.0,125.0,129.0,4.88,100.0,340.0,285.2
ADBL,4/25/2012,129.0,135.0,135.0,135.0,4.65,70.0,340.0,285.2
ADBL,4/26/2012,135.0,148.0,137.0,148.0,9.63,8831.0,340.0,285.2
ADBL,4/29/2012,148.0,159.0,141.0,150.0,1.35,8923.0,340.0,285.2
ADBL,4/30/2012,150.0,153.0,135.0,140.0,-6.67,5694.0,340.0,285.2
ADBL,5/2/2012,140.0,140.0,128.0,128.0,-8.57,980.0,340.0,285.2
ADBL,5/3/2012,128.0,132.0,130.0,132.0,3.12,241.0,340.0,285.2
ADBL,5/7/2012,132.0,134.0,134.0,134.0,1.52,183.0,340.0,285.2
ADBL,5/8/2012,134.0,142.0,136.0,142.0,5.97,2332.0,340.0,285.2
ADBL,5/9/2012,142.0,148.0,133.0,142.0,0.0,7062.0,340.0,285.2
ADBL,5/10/2012,142.0,142.0,129.0,139.0,-2.11,11243.0,340.0,285.2
ADBL,5/13/2012,139.0,137.0,130.0,132.0,-5.04,3133.0,340.0,285.2
ADBL,5/14/2012,132.0,130.0,121.0,125.0,-5.3,5092.0,340.0,285.2
ADBL,5/15/2012,125.0,137.0,127.0,137.0,9.6,696.0,340.0,285.2
ADBL,5/16/2012,137.0,139.0,139.0,139.0,1.46,150.0,340.0,285.2
ADBL,5/17/2012,139.0,147.0,141.0,141.0,1.44,6469.0,340.0,285.2
ADBL,5/20/2012,141.0,142.0,134.0,139.0,-1.42,6548.0,340.0,285.2
ADBL,5/21/2012,139.0,145.0,138.0,139.0,0.0,3222.0,340.0,285.2
ADBL,5/22/2012,139.0,143.0,133.0,143.0,2.88,8963.0,340.0,285.2
ADBL,5/23/2012,143.0,141.0,133.0,133.0,-6.99,905.0,340.0,285.2
ADBL,5/24/2012,133.0,143.0,133.0,143.0,7.52,7754.0,340.0,285.2
ADBL,5/27/2012,143.0,153.0,140.0,148.0,3.5,6836.0,340.0,285.2
ADBL,5/29/2012,148.0,146.0,134.0,134.0,-9.46,3959.0,340.0,285.2
ADBL,5/30/2012,134.0,132.0,121.0,121.0,-9.7,4480.0,340.0,285.2
ADBL,5/31/2012,121.0,128.0,119.0,128.0,5.79,1231.0,340.0,285.2
ADBL,6/3/2012,128.0,140.0,125.0,140.0,9.38,1647.0,340.0,285.2
ADBL,6/4/2012,140.0,141.0,130.0,133.0,-5.0,3705.0,340.0,285.2
ADBL,6/5/2012,133.0,135.0,131.0,133.0,0.0,2968.0,340.0,285.2
ADBL,6/6/2012,133.0,131.0,125.0,126.0,-5.26,1331.0,340.0,285.2
ADBL,6/7/2012,126.0,134.0,122.0,131.0,3.97,2120.0,340.0,285.2
ADBL,6/10/2012,131.0,140.0,133.0,138.0,5.34,8139.0,340.0,285.2
ADBL,6/11/2012,138.0,142.0,136.0,140.0,1.45,4583.0,340.0,285.2
ADBL,6/12/2012,140.0,142.0,139.0,140.0,0.0,4983.0,340.0,285.2
ADBL,6/13/2012,140.0,146.0,138.0,141.0,0.71,8518.0,340.0,285.2
ADBL,6/14/2012,141.0,139.0,133.0,136.0,-3.55,1912.0,340.0,285.2
ADBL,6/17/2012,136.0,136.0,128.0,134.0,-1.47,2426.0,340.0,285.2
ADBL,6/18/2012,134.0,133.0,130.0,133.0,-0.75,2589.0,340.0,285.2
ADBL,6/19/2012,133.0,133.0,131.0,132.0,-0.75,1549.0,340.0,285.2
ADBL,6/20/2012,132.0,136.0,132.0,134.0,1.52,1361.0,340.0,285.2
ADBL,6/21/2012,134.0,137.0,135.0,136.0,1.49,1170.0,340.0,285.2
ADBL,6/25/2012,136.0,140.0,133.0,140.0,2.94,1760.0,340.0,285.2
ADBL,6/26/2012,140.0,138.0,134.0,136.0,-2.86,2036.0,340.0,285.2
ADBL,6/27/2012,136.0,140.0,132.0,140.0,2.94,2422.0,340.0,285.2
ADBL,6/28/2012,140.0,142.0,139.0,140.0,0.0,2876.0,340.0,285.2
ADBL,7/1/2012,140.0,142.0,140.0,142.0,1.43,3643.0,340.0,285.2
ADBL,7/2/2012,142.0,145.0,140.0,141.0,-0.7,3256.0,340.0,285.2
ADBL,7/3/2012,141.0,141.0,140.0,141.0,0.0,880.0,340.0,285.2
ADBL,7/4/2012,141.0,146.0,140.0,146.0,3.55,3868.0,340.0,285.2
ADBL,7/5/2012,146.0,145.0,142.0,145.0,-0.68,3056.0,340.0,285.2
ADBL,7/8/2012,145.0,148.0,143.0,144.0,-0.69,2338.0,340.0,285.2
ADBL,7/9/2012,144.0,150.0,144.0,148.0,2.78,3893.0,340.0,285.2
ADBL,7/10/2012,148.0,153.0,148.0,150.0,1.35,3747.0,340.0,285.2
ADBL,7/11/2012,150.0,152.0,148.0,152.0,1.33,3631.0,340.0,285.2
ADBL,7/12/2012,152.0,156.0,149.0,151.0,-0.66,3977.0,340.0,285.2
ADBL,7/15/2012,151.0,156.0,151.0,156.0,3.31,1722.0,340.0,285.2
ADBL,7/16/2012,156.0,162.0,150.0,162.0,3.85,12898.0,340.0,285.2
ADBL,7/17/2012,162.0,175.0,161.0,171.0,5.56,12061.0,340.0,285.2
ADBL,7/18/2012,171.0,186.0,170.0,186.0,8.77,8985.0,340.0,285.2
ADBL,7/19/2012,186.0,198.0,176.0,198.0,6.45,21519.0,340.0,285.2
ADBL,7/22/2012,198.0,200.0,187.0,192.0,-3.03,19689.0,340.0,285.2
ADBL,7/23/2012,192.0,198.0,189.0,190.0,-1.04,13375.0,340.0,285.2
ADBL,7/24/2012,190.0,190.0,181.0,190.0,0.0,7364.0,340.0,285.2
ADBL,7/25/2012,190.0,187.0,181.0,184.0,-3.16,10548.0,340.0,285.2
ADBL,7/26/2012,184.0,181.0,175.0,177.0,-3.8,4910.0,340.0,285.2
ADBL,7/29/2012,177.0,174.0,161.0,166.0,-6.21,4932.0,340.0,285.2
ADBL,7/30/2012,166.0,172.0,163.0,171.0,3.01,7450.0,340.0,285.2
ADBL,7/31/2012,171.0,182.0,168.0,176.0,2.92,4757.0,340.0,285.2
ADBL,8/1/2012,176.0,182.0,174.0,180.0,2.27,6479.0,340.0,285.2
ADBL,8/5/2012,180.0,184.0,178.0,181.0,0.56,4178.0,340.0,285.2
ADBL,8/6/2012,181.0,183.0,180.0,181.0,0.0,5741.0,340.0,285.2
ADBL,8/7/2012,181.0,184.0,174.0,176.0,-2.76,4255.0,340.0,285.2
ADBL,8/8/2012,176.0,179.0,170.0,179.0,1.7,6744.0,340.0,285.2
ADBL,8/12/2012,179.0,179.0,167.0,171.0,-4.47,3111.0,340.0,285.2
ADBL,8/13/2012,171.0,168.0,160.0,168.0,-1.75,3464.0,340.0,285.2
ADBL,8/14/2012,168.0,168.0,165.0,166.0,-1.19,1990.0,340.0,285.2
ADBL,8/15/2012,166.0,166.0,161.0,163.0,-1.81,4533.0,340.0,285.2
ADBL,8/16/2012,163.0,176.0,166.0,170.0,4.29,5649.0,340.0,285.2
ADBL,8/19/2012,170.0,175.0,170.0,173.0,1.76,5601.0,340.0,285.2
ADBL,8/21/2012,173.0,175.0,164.0,166.0,-4.05,5218.0,340.0,285.2
ADBL,8/22/2012,166.0,167.0,161.0,165.0,-0.6,4219.0,340.0,285.2
ADBL,8/23/2012,165.0,167.0,162.0,165.0,0.0,3162.0,340.0,285.2
ADBL,8/26/2012,165.0,174.0,165.0,173.0,4.85,10162.0,340.0,285.2
ADBL,8/27/2012,173.0,177.0,174.0,175.0,1.16,3340.0,340.0,285.2
ADBL,8/28/2012,175.0,180.0,173.0,177.0,1.14,7405.0,340.0,285.2
ADBL,8/29/2012,177.0,176.0,173.0,176.0,-0.56,6758.0,340.0,285.2
ADBL,8/30/2012,176.0,173.0,170.0,171.0,-2.84,1905.0,340.0,285.2
ADBL,9/2/2012,171.0,172.0,170.0,171.0,0.0,2866.0,340.0,285.2
ADBL,9/3/2012,171.0,175.0,171.0,171.0,0.0,4178.0,340.0,285.2
ADBL,9/4/2012,171.0,170.0,168.0,170.0,-0.58,5642.0,340.0,285.2
ADBL,9/5/2012,170.0,172.0,170.0,170.0,0.0,2370.0,340.0,285.2
ADBL,9/6/2012,170.0,171.0,170.0,170.0,0.0,7102.0,340.0,285.2
ADBL,9/9/2012,170.0,172.0,170.0,171.0,0.59,5013.0,340.0,285.2
ADBL,9/10/2012,171.0,172.0,166.0,172.0,0.58,5097.0,340.0,285.2
ADBL,9/11/2012,172.0,172.0,170.0,172.0,0.0,1662.0,340.0,285.2
ADBL,9/12/2012,172.0,172.0,171.0,171.0,-0.58,3222.0,340.0,285.2
ADBL,9/13/2012,171.0,173.0,171.0,173.0,1.17,2968.0,340.0,285.2
ADBL,9/16/2012,173.0,175.0,172.0,175.0,1.16,3274.0,340.0,285.2
ADBL,9/17/2012,175.0,177.0,173.0,177.0,1.14,3239.0,340.0,285.2
ADBL,9/18/2012,177.0,183.0,175.0,180.0,1.69,2338.0,340.0,285.2
ADBL,9/19/2012,180.0,182.0,177.0,182.0,1.11,10568.0,340.0,285.2
ADBL,9/20/2012,182.0,181.0,179.0,180.0,-1.1,8013.0,340.0,285.2
ADBL,9/23/2012,180.0,182.0,177.0,180.0,0.0,7991.0,340.0,285.2
ADBL,9/24/2012,180.0,180.0,177.0,177.0,-1.67,160.0,340.0,285.2
ADBL,9/25/2012,177.0,176.0,172.0,175.0,-1.13,4295.0,340.0,285.2
ADBL,9/26/2012,175.0,177.0,172.0,177.0,1.14,6587.0,340.0,285.2
ADBL,9/30/2012,174.0,175.0,173.0,175.0,-1.13,5747.0,340.0,285.2
ADBL,10/1/2012,175.0,176.0,173.0,175.0,0.0,4962.0,340.0,285.2
ADBL,10/2/2012,175.0,176.0,175.0,175.0,0.0,2888.0,340.0,285.2
ADBL,10/3/2012,175.0,176.0,172.0,176.0,0.57,2684.0,340.0,285.2
ADBL,10/4/2012,176.0,177.0,175.0,175.0,-0.57,2620.0,340.0,285.2
ADBL,10/7/2012,175.0,178.0,175.0,175.0,0.0,3211.0,340.0,285.2
ADBL,10/8/2012,175.0,176.0,175.0,175.0,0.0,3157.0,340.0,285.2
ADBL,10/9/2012,175.0,176.0,175.0,175.0,0.0,5229.0,340.0,285.2
ADBL,10/10/2012,175.0,181.0,175.0,176.0,0.57,3367.0,340.0,285.2
ADBL,10/11/2012,176.0,177.0,175.0,175.0,-0.57,7164.0,340.0,285.2
ADBL,10/14/2012,175.0,178.0,175.0,177.0,1.14,3698.0,340.0,285.2
ADBL,10/15/2012,177.0,177.0,175.0,176.0,-0.56,2449.0,340.0,285.2
ADBL,10/17/2012,176.0,178.0,178.0,178.0,1.14,517.0,340.0,285.2
ADBL,10/18/2012,178.0,179.0,176.0,178.0,0.0,1405.0,340.0,285.2
ADBL,10/30/2012,178.0,183.0,176.0,183.0,2.81,1294.0,340.0,285.2
ADBL,10/31/2012,183.0,189.0,180.0,182.0,-0.55,2858.0,340.0,285.2
ADBL,11/1/2012,182.0,182.0,180.0,182.0,0.0,2402.0,340.0,285.2
ADBL,11/4/2012,182.0,190.0,179.0,186.0,2.2,3923.0,340.0,285.2
ADBL,11/5/2012,186.0,191.0,180.0,188.0,1.08,2610.0,340.0,285.2
ADBL,11/6/2012,188.0,190.0,187.0,188.0,0.0,3708.0,340.0,285.2
ADBL,11/7/2012,188.0,199.0,184.0,195.0,3.72,4246.0,340.0,285.2
ADBL,11/8/2012,195.0,201.0,194.0,194.0,-0.51,3508.0,340.0,285.2
ADBL,11/11/2012,194.0,200.0,191.0,194.0,0.0,2797.0,340.0,285.2
ADBL,11/12/2012,194.0,196.0,192.0,196.0,1.03,3161.0,340.0,285.2
ADBL,11/18/2012,196.0,209.0,195.0,202.0,3.06,4897.0,340.0,285.2
ADBL,11/20/2012,202.0,210.0,199.0,204.0,0.99,3585.0,340.0,285.2
ADBL,11/21/2012,204.0,208.0,200.0,205.0,0.49,7505.0,340.0,285.2
ADBL,11/22/2012,205.0,206.0,200.0,205.0,0.0,12951.0,340.0,285.2
ADBL,11/25/2012,205.0,216.0,206.0,211.0,2.93,7730.0,340.0,285.2
ADBL,11/26/2012,211.0,209.0,203.0,208.0,-1.42,6583.0,340.0,285.2
ADBL,11/27/2012,208.0,209.0,203.0,203.0,-2.4,3234.0,340.0,285.2
ADBL,11/28/2012,203.0,211.0,200.0,208.0,2.46,5510.0,340.0,285.2
ADBL,11/29/2012,208.0,208.0,206.0,207.0,-0.48,2261.0,340.0,285.2
ADBL,12/2/2012,207.0,207.0,200.0,201.0,-2.9,4800.0,340.0,285.2
ADBL,12/3/2012,201.0,206.0,200.0,203.0,1.0,4633.0,340.0,285.2
ADBL,12/4/2012,203.0,210.0,203.0,204.0,0.49,3519.0,340.0,285.2
ADBL,12/5/2012,204.0,212.0,205.0,208.0,1.96,5953.0,340.0,285.2
ADBL,12/6/2012,208.0,208.0,206.0,206.0,-0.96,1830.0,340.0,285.2
ADBL,12/9/2012,206.0,205.0,200.0,204.0,-0.97,5198.0,340.0,285.2
ADBL,12/10/2012,204.0,202.0,200.0,201.0,-1.47,4919.0,340.0,285.2
ADBL,12/11/2012,201.0,205.0,201.0,205.0,1.99,3414.0,340.0,285.2
ADBL,12/12/2012,205.0,205.0,201.0,203.0,-0.98,4574.0,340.0,285.2
ADBL,12/13/2012,203.0,208.0,204.0,208.0,2.46,3290.0,340.0,285.2
ADBL,12/16/2012,208.0,224.0,207.0,215.0,3.37,5244.0,340.0,285.2
ADBL,12/17/2012,215.0,220.0,215.0,218.0,1.4,3328.0,340.0,285.2
ADBL,12/18/2012,218.0,216.0,203.0,215.0,-1.38,5273.0,340.0,285.2
ADBL,12/19/2012,215.0,218.0,211.0,216.0,0.47,8116.0,340.0,285.2
ADBL,12/20/2012,216.0,218.0,209.0,209.0,-3.24,5727.0,340.0,285.2
ADBL,12/23/2012,209.0,217.0,205.0,213.0,1.91,7171.0,340.0,285.2
ADBL,12/24/2012,213.0,230.0,213.0,228.0,7.04,3500.0,340.0,285.2
ADBL,12/26/2012,228.0,240.0,228.0,238.0,4.39,6219.0,340.0,285.2
ADBL,12/27/2012,238.0,255.0,231.0,250.0,5.04,4877.0,340.0,285.2
ADBL,12/31/2012,250.0,249.0,233.0,240.0,-4.0,14630.0,340.0,285.2
ADBL,1/1/2013,240.0,241.0,233.0,238.0,-0.83,7961.0,340.0,285.2
ADBL,1/2/2013,238.0,242.0,233.0,242.0,1.68,5628.0,340.0,285.2
ADBL,1/3/2013,242.0,250.0,235.0,246.0,1.65,10342.0,340.0,285.2
ADBL,1/6/2013,246.0,245.0,238.0,241.0,-2.03,6384.0,340.0,285.2
ADBL,1/7/2013,241.0,241.0,237.0,241.0,0.0,6744.0,340.0,285.2
ADBL,1/8/2013,241.0,244.0,234.0,239.0,-0.83,7156.0,340.0,285.2
ADBL,1/9/2013,239.0,240.0,233.0,238.0,-0.42,3658.0,340.0,285.2
ADBL,1/10/2013,238.0,243.0,234.0,243.0,2.1,3936.0,340.0,285.2
ADBL,1/13/2013,243.0,241.0,235.0,240.0,-1.23,5314.0,340.0,285.2
ADBL,1/15/2013,240.0,264.0,240.0,264.0,10.0,14770.0,340.0,285.2
ADBL,1/16/2013,264.0,287.0,252.0,270.0,2.27,19323.0,340.0,285.2
ADBL,1/17/2013,270.0,271.0,250.0,254.0,-5.93,5818.0,340.0,285.2
ADBL,1/20/2013,254.0,251.0,242.0,247.0,-2.76,2655.0,340.0,285.2
ADBL,1/21/2013,247.0,255.0,244.0,251.0,1.62,6088.0,340.0,285.2
ADBL,1/22/2013,251.0,265.0,250.0,261.0,3.98,7109.0,340.0,285.2
ADBL,1/23/2013,261.0,262.0,257.0,260.0,-0.38,4532.0,340.0,285.2
ADBL,1/24/2013,260.0,260.0,252.0,252.0,-3.08,4722.0,340.0,285.2
ADBL,1/27/2013,252.0,253.0,241.0,250.0,-0.79,3268.0,340.0,285.2
ADBL,1/28/2013,250.0,249.0,242.0,243.0,-2.8,6464.0,340.0,285.2
ADBL,1/30/2013,243.0,243.0,240.0,242.0,-0.41,5603.0,340.0,285.2
ADBL,1/31/2013,242.0,246.0,233.0,236.0,-2.48,2997.0,340.0,285.2
ADBL,2/3/2013,236.0,248.0,236.0,241.0,2.12,4519.0,340.0,285.2
ADBL,2/4/2013,241.0,242.0,236.0,242.0,0.41,2909.0,340.0,285.2
ADBL,2/5/2013,242.0,243.0,240.0,242.0,0.0,2382.0,340.0,285.2
ADBL,2/6/2013,242.0,242.0,236.0,238.0,-1.65,2204.0,340.0,285.2
ADBL,2/7/2013,238.0,240.0,237.0,240.0,0.84,2011.0,340.0,285.2
ADBL,2/10/2013,240.0,244.0,238.0,244.0,1.67,4273.0,340.0,285.2
ADBL,2/12/2013,244.0,255.0,244.0,250.0,2.46,1951.0,340.0,285.2
ADBL,2/13/2013,250.0,255.0,242.0,245.0,-2.0,1862.0,340.0,285.2
ADBL,2/14/2013,245.0,253.0,245.0,251.0,2.45,4871.0,340.0,285.2
ADBL,2/17/2013,251.0,276.0,256.0,276.0,9.96,450.0,340.0,285.2
ADBL,2/19/2013,276.0,281.0,257.0,260.0,-5.8,6905.0,340.0,285.2
ADBL,2/20/2013,260.0,255.0,250.0,250.0,-3.85,5135.0,340.0,285.2
ADBL,2/21/2013,250.0,255.0,244.0,250.0,0.0,3237.0,340.0,285.2
ADBL,2/24/2013,250.0,251.0,244.0,250.0,0.0,2131.0,340.0,285.2
ADBL,2/25/2013,250.0,255.0,246.0,255.0,2.0,2352.0,340.0,285.2
ADBL,2/26/2013,255.0,260.0,245.0,250.0,-1.96,2202.0,340.0,285.2
ADBL,2/27/2013,250.0,250.0,245.0,250.0,0.0,3682.0,340.0,285.2
ADBL,2/28/2013,250.0,252.0,249.0,250.0,0.0,9283.0,340.0,285.2
ADBL,3/3/2013,250.0,255.0,248.0,250.0,0.0,7283.0,340.0,285.2
ADBL,3/4/2013,250.0,255.0,250.0,250.0,0.0,2021.0,340.0,285.2
ADBL,3/5/2013,250.0,254.0,249.0,252.0,0.8,1333.0,340.0,285.2
ADBL,3/6/2013,252.0,257.0,250.0,256.0,1.59,5661.0,340.0,285.2
ADBL,3/7/2013,256.0,266.0,252.0,260.0,1.56,8671.0,340.0,285.2
ADBL,3/11/2013,260.0,263.0,257.0,260.0,0.0,5405.0,340.0,285.2
ADBL,3/13/2013,260.0,275.0,259.0,270.0,3.85,5687.0,340.0,285.2
ADBL,3/14/2013,270.0,275.0,262.0,265.0,-1.85,9300.0,340.0,285.2
ADBL,3/17/2013,265.0,265.0,255.0,260.0,-1.89,5629.0,340.0,285.2
ADBL,3/18/2013,260.0,257.0,252.0,256.0,-1.54,4336.0,340.0,285.2
ADBL,3/19/2013,256.0,261.0,255.0,260.0,1.56,5473.0,340.0,285.2
ADBL,3/20/2013,260.0,256.0,252.0,253.0,-2.69,1903.0,340.0,285.2
ADBL,3/21/2013,253.0,252.0,245.0,250.0,-1.19,3174.0,340.0,285.2
ADBL,3/24/2013,250.0,247.0,242.0,245.0,-2.0,2999.0,340.0,285.2
ADBL,3/25/2013,245.0,250.0,241.0,248.0,1.22,3862.0,340.0,285.2
ADBL,3/27/2013,248.0,249.0,245.0,247.0,-0.4,2307.0,340.0,285.2
ADBL,3/28/2013,247.0,248.0,243.0,246.0,-0.4,3297.0,340.0,285.2
ADBL,3/31/2013,246.0,246.0,238.0,240.0,-2.44,7670.0,340.0,285.2
ADBL,4/1/2013,240.0,245.0,235.0,242.0,0.83,6103.0,340.0,285.2
ADBL,4/2/2013,242.0,246.0,241.0,246.0,1.65,5576.0,340.0,285.2
ADBL,4/3/2013,246.0,250.0,245.0,245.0,-0.41,3462.0,340.0,285.2
ADBL,4/4/2013,245.0,245.0,242.0,244.0,-0.41,1588.0,340.0,285.2
ADBL,4/7/2013,244.0,246.0,244.0,246.0,0.82,2378.0,340.0,285.2
ADBL,4/8/2013,246.0,248.0,244.0,244.0,-0.81,1805.0,340.0,285.2
ADBL,4/9/2013,244.0,247.0,243.0,245.0,0.41,2150.0,340.0,285.2
ADBL,4/11/2013,245.0,247.0,245.0,245.0,0.0,2923.0,340.0,285.2
ADBL,4/15/2013,245.0,245.0,240.0,241.0,-1.63,1467.0,340.0,285.2
ADBL,4/16/2013,241.0,244.0,240.0,241.0,0.0,2711.0,340.0,285.2
ADBL,4/17/2013,241.0,246.0,238.0,243.0,0.83,2336.0,340.0,285.2
ADBL,4/18/2013,243.0,243.0,240.0,240.0,-1.23,2324.0,340.0,285.2
ADBL,4/21/2013,240.0,238.0,235.0,235.0,-2.08,3138.0,340.0,285.2
ADBL,4/22/2013,235.0,235.0,227.0,235.0,0.0,3428.0,340.0,285.2
ADBL,4/23/2013,235.0,239.0,235.0,238.0,1.28,2531.0,340.0,285.2
ADBL,4/25/2013,238.0,234.0,225.0,230.0,-3.36,1360.0,340.0,285.2
ADBL,4/28/2013,230.0,229.0,226.0,226.0,-1.74,1623.0,340.0,285.2
ADBL,4/29/2013,226.0,232.0,226.0,227.0,0.44,2263.0,340.0,285.2
ADBL,4/30/2013,227.0,230.0,225.0,230.0,1.32,3425.0,340.0,285.2
ADBL,5/2/2013,230.0,230.0,218.0,221.0,-3.91,2410.0,340.0,285.2
ADBL,5/5/2013,221.0,227.0,211.0,211.0,-4.52,2917.0,340.0,285.2
ADBL,5/6/2013,211.0,207.0,201.0,203.0,-3.79,2272.0,340.0,285.2
ADBL,5/7/2013,203.0,218.0,203.0,215.0,5.91,1989.0,340.0,285.2
ADBL,5/8/2013,215.0,217.0,212.0,215.0,0.0,1152.0,340.0,285.2
ADBL,5/9/2013,215.0,212.0,207.0,210.0,-2.33,480.0,340.0,285.2
ADBL,5/12/2013,210.0,220.0,210.0,216.0,2.86,2755.0,340.0,285.2
ADBL,5/13/2013,216.0,221.0,217.0,221.0,2.31,1666.0,340.0,285.2
ADBL,5/14/2013,221.0,223.0,219.0,222.0,0.45,2285.0,340.0,285.2
ADBL,5/15/2013,222.0,234.0,220.0,234.0,5.41,1507.0,340.0,285.2
ADBL,5/16/2013,234.0,232.0,230.0,232.0,-0.85,862.0,340.0,285.2
ADBL,5/19/2013,232.0,228.0,222.0,222.0,-4.31,1205.0,340.0,285.2
ADBL,5/20/2013,222.0,226.0,218.0,223.0,0.45,1461.0,340.0,285.2
ADBL,5/21/2013,223.0,239.0,225.0,235.0,5.38,8468.0,340.0,285.2
ADBL,5/22/2013,235.0,239.0,230.0,232.0,-1.28,2936.0,340.0,285.2
ADBL,5/23/2013,232.0,228.0,218.0,218.0,-6.03,2170.0,340.0,285.2
ADBL,5/26/2013,218.0,224.0,217.0,221.0,1.38,2433.0,340.0,285.2
ADBL,5/27/2013,221.0,228.0,220.0,225.0,1.81,1307.0,340.0,285.2
ADBL,5/28/2013,225.0,231.0,222.0,225.0,0.0,1841.0,340.0,285.2
ADBL,5/30/2013,225.0,228.0,224.0,226.0,0.44,3965.0,340.0,285.2
ADBL,6/2/2013,226.0,230.0,222.0,223.0,-1.33,2959.0,340.0,285.2
ADBL,6/3/2013,223.0,225.0,222.0,225.0,0.9,2001.0,340.0,285.2
ADBL,6/4/2013,225.0,230.0,224.0,225.0,0.0,5887.0,340.0,285.2
ADBL,6/5/2013,225.0,226.0,223.0,225.0,0.0,3773.0,340.0,285.2
ADBL,6/6/2013,225.0,229.0,220.0,221.0,-1.78,5457.0,340.0,285.2
ADBL,6/9/2013,221.0,223.0,218.0,220.0,-0.45,1275.0,340.0,285.2
ADBL,6/10/2013,220.0,221.0,214.0,215.0,-2.27,1674.0,340.0,285.2
ADBL,6/11/2013,215.0,217.0,213.0,213.0,-0.93,4959.0,340.0,285.2
ADBL,6/12/2013,213.0,215.0,209.0,213.0,0.0,938.0,340.0,285.2
ADBL,6/13/2013,213.0,210.0,205.0,206.0,-3.29,2734.0,340.0,285.2
ADBL,6/16/2013,206.0,214.0,205.0,205.0,-0.49,3116.0,340.0,285.2
ADBL,6/17/2013,205.0,206.0,201.0,206.0,0.49,3177.0,340.0,285.2
ADBL,6/18/2013,206.0,205.0,202.0,203.0,-1.46,3775.0,340.0,285.2
ADBL,6/19/2013,203.0,204.0,200.0,204.0,0.49,2193.0,340.0,285.2
ADBL,6/20/2013,204.0,204.0,200.0,202.0,-0.98,2914.0,340.0,285.2
ADBL,6/23/2013,202.0,205.0,200.0,202.0,0.0,3944.0,340.0,285.2
ADBL,6/24/2013,202.0,204.0,200.0,204.0,0.99,2863.0,340.0,285.2
ADBL,6/25/2013,204.0,212.0,201.0,212.0,3.92,1591.0,340.0,285.2
ADBL,6/26/2013,212.0,214.0,209.0,210.0,-0.94,2267.0,340.0,285.2
ADBL,6/27/2013,210.0,209.0,202.0,204.0,-2.86,2462.0,340.0,285.2
ADBL,6/30/2013,204.0,204.0,200.0,204.0,0.0,4074.0,340.0,285.2
ADBL,7/1/2013,204.0,204.0,201.0,204.0,0.0,8440.0,340.0,285.2
ADBL,7/2/2013,204.0,214.0,202.0,214.0,4.9,6663.0,340.0,285.2
ADBL,7/3/2013,214.0,223.0,214.0,217.0,1.4,8503.0,340.0,285.2
ADBL,7/4/2013,217.0,218.0,212.0,216.0,-0.46,2654.0,340.0,285.2
ADBL,7/7/2013,216.0,213.0,208.0,212.0,-1.85,1944.0,340.0,285.2
ADBL,7/8/2013,212.0,213.0,210.0,213.0,0.47,1314.0,340.0,285.2
ADBL,7/9/2013,213.0,216.0,212.0,216.0,1.41,4180.0,340.0,285.2
ADBL,7/10/2013,216.0,217.0,215.0,215.0,-0.46,906.0,340.0,285.2
ADBL,7/11/2013,215.0,217.0,210.0,211.0,-1.86,1952.0,340.0,285.2
ADBL,7/14/2013,211.0,213.0,211.0,213.0,0.95,849.0,340.0,285.2
ADBL,7/15/2013,213.0,216.0,211.0,212.0,-0.47,520.0,340.0,285.2
ADBL,7/16/2013,212.0,213.0,208.0,212.0,0.0,1405.0,340.0,285.2
ADBL,7/17/2013,212.0,218.0,209.0,218.0,2.83,833.0,340.0,285.2
ADBL,7/18/2013,218.0,218.0,211.0,215.0,-1.38,3565.0,340.0,285.2
ADBL,7/21/2013,215.0,222.0,211.0,220.0,2.33,1576.0,340.0,285.2
ADBL,7/22/2013,220.0,219.0,213.0,219.0,-0.45,3960.0,340.0,285.2
ADBL,7/23/2013,219.0,220.0,215.0,220.0,0.46,2380.0,340.0,285.2
ADBL,7/24/2013,219.0,220.0,216.0,220.0,0.0,3875.0,340.0,285.2
ADBL,7/25/2013,220.0,221.0,217.0,220.0,0.0,6133.0,340.0,285.2
ADBL,7/28/2013,220.0,220.0,217.0,219.0,-0.45,2271.0,340.0,285.2
ADBL,7/29/2013,219.0,222.0,218.0,220.0,0.46,6445.0,340.0,285.2
ADBL,7/30/2013,220.0,226.0,213.0,222.0,0.91,4366.0,340.0,285.2
ADBL,7/31/2013,222.0,239.0,220.0,227.0,2.25,5674.0,340.0,285.2
ADBL,8/1/2013,227.0,234.0,228.0,233.0,2.64,3874.0,340.0,285.2
ADBL,8/4/2013,233.0,239.0,230.0,235.0,0.86,6786.0,340.0,285.2
ADBL,8/5/2013,235.0,244.0,230.0,244.0,3.83,16970.0,340.0,285.2
ADBL,8/6/2013,244.0,244.0,232.0,240.0,-1.64,8059.0,340.0,285.2
ADBL,8/7/2013,240.0,255.0,239.0,250.0,4.17,14766.0,340.0,285.2
ADBL,8/8/2013,250.0,256.0,247.0,256.0,2.4,10429.0,340.0,285.2
ADBL,8/11/2013,256.0,260.0,246.0,258.0,0.78,6243.0,340.0,285.2
ADBL,8/12/2013,258.0,258.0,254.0,258.0,0.0,5404.0,340.0,285.2
ADBL,8/13/2013,258.0,260.0,255.0,255.0,-1.16,12121.0,340.0,285.2
ADBL,8/14/2013,255.0,275.0,255.0,265.0,3.92,22278.0,340.0,285.2
ADBL,8/15/2013,265.0,275.0,262.0,274.0,3.4,17518.0,340.0,285.2
ADBL,8/18/2013,274.0,293.0,271.0,289.0,5.47,8762.0,340.0,285.2
ADBL,8/19/2013,289.0,299.0,284.0,295.0,2.08,13094.0,340.0,285.2
ADBL,8/20/2013,295.0,295.0,285.0,290.0,-1.69,14268.0,340.0,285.2
ADBL,8/25/2013,290.0,290.0,271.0,275.0,-5.17,9229.0,340.0,285.2
ADBL,8/26/2013,275.0,280.0,265.0,265.0,-3.64,10512.0,340.0,285.2
ADBL,8/27/2013,265.0,273.0,266.0,269.0,1.51,5993.0,340.0,285.2
ADBL,8/29/2013,269.0,275.0,261.0,270.0,0.37,10781.0,340.0,285.2
ADBL,9/1/2013,270.0,278.0,266.0,273.0,1.11,10315.0,340.0,285.2
ADBL,9/2/2013,273.0,273.0,269.0,273.0,0.0,4607.0,340.0,285.2
ADBL,9/3/2013,273.0,273.0,265.0,270.0,-1.1,9705.0,340.0,285.2
ADBL,9/4/2013,270.0,274.0,265.0,268.0,-0.74,5881.0,340.0,285.2
ADBL,9/5/2013,268.0,270.0,263.0,270.0,0.75,4619.0,340.0,285.2
ADBL,9/8/2013,270.0,270.0,266.0,268.0,-0.74,1430.0,340.0,285.2
ADBL,9/9/2013,268.0,268.0,260.0,265.0,-1.12,3761.0,340.0,285.2
ADBL,9/10/2013,265.0,263.0,256.0,260.0,-1.89,3506.0,340.0,285.2
ADBL,9/11/2013,260.0,260.0,255.0,256.0,-1.54,3560.0,340.0,285.2
ADBL,9/12/2013,256.0,259.0,255.0,256.0,0.0,2297.0,340.0,285.2
ADBL,9/15/2013,256.0,255.0,247.0,251.0,-1.95,1705.0,340.0,285.2
ADBL,9/16/2013,251.0,249.0,240.0,243.0,-3.19,3105.0,340.0,285.2
ADBL,9/17/2013,243.0,250.0,239.0,249.0,2.47,4190.0,340.0,285.2
ADBL,9/19/2013,249.0,253.0,242.0,251.0,0.8,7230.0,340.0,285.2
ADBL,9/22/2013,251.0,250.0,243.0,248.0,-1.2,3598.0,340.0,285.2
ADBL,9/23/2013,248.0,256.0,240.0,256.0,3.23,4366.0,340.0,285.2
ADBL,9/24/2013,256.0,260.0,249.0,255.0,-0.39,3569.0,340.0,285.2
ADBL,9/25/2013,255.0,260.0,250.0,252.0,-1.18,2342.0,340.0,285.2
ADBL,9/26/2013,252.0,255.0,248.0,250.0,-0.79,2947.0,340.0,285.2
ADBL,9/29/2013,250.0,254.0,248.0,250.0,0.0,5593.0,340.0,285.2
ADBL,9/30/2013,250.0,255.0,251.0,253.0,1.2,4048.0,340.0,285.2
ADBL,10/1/2013,253.0,258.0,250.0,257.0,1.58,6780.0,340.0,285.2
ADBL,10/2/2013,257.0,265.0,255.0,265.0,3.11,4507.0,340.0,285.2
ADBL,10/3/2013,265.0,268.0,255.0,261.0,-1.51,5989.0,340.0,285.2
ADBL,10/6/2013,261.0,271.0,260.0,268.0,2.68,6298.0,340.0,285.2
ADBL,10/7/2013,268.0,272.0,265.0,268.0,0.0,6554.0,340.0,285.2
ADBL,10/9/2013,272.0,280.0,268.0,274.0,2.24,10880.0,340.0,285.2
ADBL,10/10/2013,274.0,287.0,274.0,287.0,4.74,9084.0,340.0,285.2
ADBL,10/17/2013,287.0,293.0,280.0,281.0,-2.09,3422.0,340.0,285.2
ADBL,10/20/2013,281.0,292.0,272.0,288.0,2.49,12323.0,340.0,285.2
ADBL,10/21/2013,288.0,286.0,281.0,281.0,-2.43,5261.0,340.0,285.2
ADBL,10/22/2013,281.0,284.0,276.0,280.0,-0.36,2882.0,340.0,285.2
ADBL,10/23/2013,280.0,279.0,275.0,279.0,-0.36,6589.0,340.0,285.2
ADBL,10/24/2013,279.0,277.0,266.0,271.0,-2.87,8658.0,340.0,285.2
ADBL,10/27/2013,271.0,270.0,265.0,270.0,-0.37,6644.0,340.0,285.2
ADBL,10/28/2013,270.0,269.0,260.0,266.0,-1.48,7712.0,340.0,285.2
ADBL,10/29/2013,266.0,270.0,266.0,268.0,0.75,5113.0,340.0,285.2
ADBL,10/30/2013,268.0,271.0,263.0,270.0,0.75,3999.0,340.0,285.2
ADBL,10/31/2013,270.0,275.0,270.0,271.0,0.37,4946.0,340.0,285.2
ADBL,11/6/2013,271.0,270.0,266.0,270.0,-0.37,3065.0,340.0,285.2
ADBL,11/7/2013,270.0,272.0,265.0,270.0,0.0,2913.0,340.0,285.2
ADBL,11/11/2013,265.0,271.0,263.0,270.0,0.0,2943.0,340.0,285.2
ADBL,11/12/2013,270.0,288.0,270.0,282.0,4.44,2751.0,340.0,285.2
ADBL,11/13/2013,282.0,290.0,281.0,285.0,1.06,13696.0,340.0,285.2
ADBL,11/14/2013,285.0,290.0,280.0,290.0,1.75,7095.0,340.0,285.2
ADBL,11/21/2013,290.0,306.0,295.0,306.0,5.52,1316.0,340.0,285.2
ADBL,11/24/2013,306.0,336.0,315.0,324.0,5.88,21647.0,340.0,285.2
ADBL,11/25/2013,324.0,326.0,305.0,314.0,-3.09,13105.0,340.0,285.2
ADBL,11/26/2013,314.0,329.0,308.0,321.0,2.23,28272.0,340.0,285.2
ADBL,11/27/2013,321.0,342.0,321.0,340.0,5.92,36076.0,340.0,285.2
ADBL,11/28/2013,340.0,342.0,334.0,342.0,0.59,21680.0,340.0,285.2
ADBL,12/1/2013,342.0,376.0,341.0,376.0,9.94,23763.0,340.0,285.2
ADBL,12/2/2013,376.0,412.0,360.0,405.0,7.71,20977.0,340.0,285.2
ADBL,12/3/2013,405.0,404.0,389.0,400.0,-1.23,19402.0,340.0,285.2
ADBL,12/4/2013,400.0,425.0,392.0,402.0,0.5,12389.0,340.0,285.2
ADBL,12/5/2013,402.0,428.0,385.0,400.0,-0.5,21081.0,340.0,285.2
ADBL,12/8/2013,400.0,401.0,390.0,395.0,-1.25,16688.0,340.0,285.2
ADBL,12/9/2013,395.0,405.0,383.0,396.0,0.25,26882.0,340.0,285.2
ADBL,12/10/2013,396.0,405.0,391.0,400.0,1.01,28690.0,340.0,285.2
ADBL,12/11/2013,400.0,412.0,393.0,410.0,2.5,18473.0,340.0,285.2
ADBL,12/12/2013,409.0,420.0,404.0,406.0,-0.98,17759.0,340.0,285.2
ADBL,12/15/2013,406.0,446.0,405.0,446.0,9.85,20003.0,340.0,285.2
ADBL,12/16/2013,446.0,490.0,444.0,490.0,9.87,20965.0,340.0,285.2
ADBL,12/18/2013,490.0,518.0,485.0,485.0,-1.02,29053.0,340.0,285.2
ADBL,12/19/2013,485.0,500.0,475.0,493.0,1.65,39462.0,340.0,285.2
ADBL,12/22/2013,490.0,490.0,464.0,480.0,-2.64,19387.0,340.0,285.2
ADBL,12/23/2013,472.0,475.0,456.0,469.0,-2.29,33400.0,340.0,285.2
ADBL,12/24/2013,469.0,484.0,451.0,469.0,0.0,29712.0,340.0,285.2
ADBL,12/26/2013,469.0,499.0,460.0,471.0,0.43,15787.0,340.0,285.2
ADBL,12/29/2013,471.0,475.0,450.0,465.0,-1.27,22999.0,340.0,285.2
ADBL,12/31/2013,465.0,468.0,455.0,460.0,-1.08,25659.0,340.0,285.2
ADBL,1/1/2014,460.0,455.0,432.0,439.0,-4.57,15862.0,340.0,285.2
ADBL,1/2/2014,439.0,462.0,416.0,462.0,5.24,28467.0,340.0,285.2
ADBL,1/5/2014,462.0,475.0,441.0,468.0,1.3,65735.0,340.0,285.2
ADBL,1/6/2014,468.0,474.0,452.0,470.0,0.43,25538.0,340.0,285.2
ADBL,1/7/2014,470.0,473.0,460.0,473.0,0.64,22161.0,340.0,285.2
ADBL,1/8/2014,473.0,497.0,470.0,491.0,3.81,38768.0,340.0,285.2
ADBL,1/9/2014,491.0,490.0,471.0,484.0,-1.43,20109.0,340.0,285.2
ADBL,1/12/2014,484.0,497.0,482.0,486.0,0.41,24734.0,340.0,285.2
ADBL,1/13/2014,486.0,494.0,480.0,494.0,1.65,19617.0,340.0,285.2
ADBL,1/14/2014,494.0,501.0,489.0,501.0,1.42,32504.0,340.0,285.2
ADBL,1/16/2014,501.0,499.0,481.0,490.0,-2.2,19341.0,340.0,285.2
ADBL,1/19/2014,490.0,495.0,473.0,495.0,1.02,29053.0,340.0,285.2
ADBL,1/20/2014,495.0,519.0,490.0,500.0,1.01,81646.0,340.0,285.2
ADBL,1/21/2014,500.0,499.0,485.0,488.0,-2.4,11260.0,340.0,285.2
ADBL,1/22/2014,488.0,487.0,472.0,478.0,-2.05,13817.0,340.0,285.2
ADBL,1/23/2014,478.0,484.0,469.0,480.0,0.42,13779.0,340.0,285.2
ADBL,1/26/2014,480.0,522.0,480.0,503.0,4.79,40298.0,340.0,285.2
ADBL,1/27/2014,503.0,504.0,486.0,490.0,-2.58,9937.0,340.0,285.2
ADBL,1/28/2014,490.0,500.0,476.0,499.0,1.84,26031.0,340.0,285.2
ADBL,1/29/2014,499.0,508.0,495.0,503.0,0.8,29804.0,340.0,285.2
ADBL,2/2/2014,503.0,500.0,485.0,490.0,-2.58,8622.0,340.0,285.2
ADBL,2/3/2014,490.0,499.0,475.0,499.0,1.84,16945.0,340.0,285.2
ADBL,2/4/2014,499.0,499.0,481.0,499.0,0.0,14068.0,340.0,285.2
ADBL,2/6/2014,492.0,501.0,490.0,497.0,-0.4,18213.0,340.0,285.2
ADBL,2/9/2014,497.0,501.0,488.0,500.0,0.6,31751.0,340.0,285.2
ADBL,2/10/2014,500.0,550.0,515.0,520.0,4.0,52878.0,340.0,285.2
ADBL,2/11/2014,520.0,521.0,510.0,518.0,-0.38,29068.0,340.0,285.2
ADBL,2/12/2014,518.0,515.0,500.0,515.0,-0.58,10260.0,340.0,285.2
ADBL,2/13/2014,515.0,518.0,504.0,509.0,-1.17,14908.0,340.0,285.2
ADBL,2/16/2014,509.0,507.0,490.0,500.0,-1.77,12363.0,340.0,285.2
ADBL,2/17/2014,500.0,503.0,490.0,497.0,-0.6,10000.0,340.0,285.2
ADBL,2/18/2014,497.0,502.0,490.0,500.0,0.6,14557.0,340.0,285.2
ADBL,2/20/2014,500.0,510.0,493.0,506.0,1.2,12477.0,340.0,285.2
ADBL,2/23/2014,506.0,520.0,502.0,510.0,0.79,16883.0,340.0,285.2
ADBL,2/24/2014,510.0,521.0,506.0,510.0,0.0,10633.0,340.0,285.2
ADBL,2/25/2014,510.0,510.0,492.0,510.0,0.0,8159.0,340.0,285.2
ADBL,2/26/2014,510.0,510.0,490.0,507.0,-0.59,11856.0,340.0,285.2
ADBL,3/3/2014,507.0,500.0,482.0,500.0,-1.38,11330.0,340.0,285.2
ADBL,3/4/2014,500.0,494.0,475.0,490.0,-2.0,12645.0,340.0,285.2
ADBL,3/5/2014,490.0,495.0,485.0,491.0,0.2,13670.0,340.0,285.2
ADBL,3/6/2014,491.0,492.0,480.0,485.0,-1.22,8096.0,340.0,285.2
ADBL,3/9/2014,485.0,485.0,476.0,477.0,-1.65,12131.0,340.0,285.2
ADBL,3/10/2014,477.0,480.0,467.0,480.0,0.63,11578.0,340.0,285.2
ADBL,3/11/2014,480.0,473.0,466.0,466.0,-2.92,5775.0,340.0,285.2
ADBL,3/12/2014,466.0,468.0,456.0,468.0,0.43,5270.0,340.0,285.2
ADBL,3/13/2014,468.0,471.0,458.0,470.0,0.43,6624.0,340.0,285.2
ADBL,3/17/2014,470.0,465.0,456.0,460.0,-2.13,5748.0,340.0,285.2
ADBL,3/18/2014,460.0,457.0,443.0,455.0,-1.09,9587.0,340.0,285.2
ADBL,3/19/2014,455.0,480.0,446.0,480.0,5.49,10946.0,340.0,285.2
ADBL,3/20/2014,480.0,478.0,466.0,466.0,-2.92,8516.0,340.0,285.2
ADBL,3/23/2014,466.0,483.0,458.0,483.0,3.65,8169.0,340.0,285.2
ADBL,3/24/2014,483.0,510.0,475.0,507.0,4.97,21201.0,340.0,285.2
ADBL,3/25/2014,507.0,500.0,475.0,490.0,-3.35,29739.0,340.0,285.2
ADBL,3/26/2014,490.0,528.0,490.0,528.0,7.76,60736.0,340.0,285.2
ADBL,3/27/2014,528.0,538.0,490.0,499.0,-5.49,20209.0,340.0,285.2
ADBL,3/31/2014,499.0,492.0,480.0,490.0,-1.8,5218.0,340.0,285.2
ADBL,4/1/2014,490.0,494.0,487.0,494.0,0.82,3932.0,340.0,285.2
ADBL,4/2/2014,494.0,494.0,485.0,489.0,-1.01,11115.0,340.0,285.2
ADBL,4/3/2014,489.0,490.0,480.0,484.0,-1.02,3927.0,340.0,285.2
ADBL,4/6/2014,484.0,490.0,480.0,481.0,-0.62,8848.0,340.0,285.2
ADBL,4/7/2014,481.0,483.0,473.0,480.0,-0.21,5197.0,340.0,285.2
ADBL,4/9/2014,480.0,479.0,474.0,479.0,-0.21,5534.0,340.0,285.2
ADBL,4/10/2014,479.0,483.0,480.0,480.0,0.21,3389.0,340.0,285.2
ADBL,4/13/2014,480.0,485.0,475.0,485.0,1.04,5766.0,340.0,285.2
ADBL,4/15/2014,485.0,480.0,475.0,477.0,-1.65,8445.0,340.0,285.2
ADBL,4/16/2014,477.0,478.0,472.0,478.0,0.21,5706.0,340.0,285.2
ADBL,4/17/2014,478.0,479.0,472.0,476.0,-0.42,11560.0,340.0,285.2
ADBL,4/20/2014,476.0,476.0,465.0,470.0,-1.26,7619.0,340.0,285.2
ADBL,4/21/2014,470.0,471.0,462.0,467.0,-0.64,4512.0,340.0,285.2
ADBL,4/22/2014,467.0,484.0,464.0,484.0,3.64,3658.0,340.0,285.2
ADBL,4/23/2014,484.0,484.0,475.0,480.0,-0.83,6040.0,340.0,285.2
ADBL,4/27/2014,480.0,495.0,479.0,486.0,1.25,19082.0,340.0,285.2
ADBL,4/28/2014,486.0,485.0,477.0,482.0,-0.82,17521.0,340.0,285.2
ADBL,4/29/2014,482.0,485.0,465.0,465.0,-3.53,17504.0,340.0,285.2
ADBL,4/30/2014,465.0,490.0,460.0,484.0,4.09,38545.0,340.0,285.2
ADBL,5/4/2014,484.0,485.0,485.0,485.0,0.21,146.0,340.0,285.2
ADBL,5/6/2014,485.0,480.0,458.0,480.0,-1.03,5111.0,340.0,285.2
ADBL,5/7/2014,480.0,485.0,465.0,465.0,-3.12,3621.0,340.0,285.2
ADBL,5/8/2014,465.0,465.0,451.0,462.0,-0.65,3062.0,340.0,285.2
ADBL,5/11/2014,462.0,462.0,446.0,451.0,-2.38,2232.0,340.0,285.2
ADBL,5/12/2014,451.0,453.0,442.0,447.0,-0.89,6393.0,340.0,285.2
ADBL,5/13/2014,447.0,460.0,440.0,452.0,1.12,3367.0,340.0,285.2
ADBL,5/15/2014,452.0,453.0,446.0,450.0,-0.44,1498.0,340.0,285.2
ADBL,5/18/2014,450.0,449.0,433.0,438.0,-2.67,2406.0,340.0,285.2
ADBL,5/19/2014,438.0,445.0,435.0,441.0,0.68,3738.0,340.0,285.2
ADBL,5/20/2014,441.0,442.0,436.0,440.0,-0.23,1380.0,340.0,285.2
ADBL,5/21/2014,440.0,442.0,436.0,439.0,-0.23,1436.0,340.0,285.2
ADBL,5/22/2014,439.0,445.0,437.0,441.0,0.46,3420.0,340.0,285.2
ADBL,5/25/2014,441.0,451.0,440.0,440.0,-0.23,1964.0,340.0,285.2
ADBL,5/26/2014,440.0,448.0,436.0,439.0,-0.23,2068.0,340.0,285.2
ADBL,5/27/2014,439.0,443.0,438.0,442.0,0.68,2651.0,340.0,285.2
ADBL,5/28/2014,442.0,459.0,441.0,455.0,2.94,3465.0,340.0,285.2
ADBL,6/1/2014,455.0,454.0,442.0,449.0,-1.32,3419.0,340.0,285.2
ADBL,6/2/2014,449.0,460.0,441.0,460.0,2.45,5675.0,340.0,285.2
ADBL,6/3/2014,460.0,483.0,455.0,465.0,1.09,3237.0,340.0,285.2
ADBL,6/4/2014,465.0,456.0,450.0,450.0,-3.23,4933.0,340.0,285.2
ADBL,6/5/2014,450.0,455.0,441.0,451.0,0.22,1460.0,340.0,285.2
ADBL,6/8/2014,451.0,452.0,442.0,445.0,-1.33,4810.0,340.0,285.2
ADBL,6/9/2014,445.0,447.0,442.0,442.0,-0.67,3135.0,340.0,285.2
ADBL,6/10/2014,442.0,460.0,440.0,451.0,2.04,6762.0,340.0,285.2
ADBL,6/11/2014,451.0,472.0,442.0,459.0,1.77,7845.0,340.0,285.2
ADBL,6/12/2014,459.0,468.0,450.0,456.0,-0.65,5318.0,340.0,285.2
ADBL,6/15/2014,456.0,498.0,456.0,498.0,9.21,21646.0,340.0,285.2
ADBL,6/16/2014,498.0,511.0,485.0,504.0,1.2,17798.0,340.0,285.2
ADBL,6/17/2014,504.0,511.0,485.0,504.0,0.0,13316.0,340.0,285.2
ADBL,6/18/2014,504.0,506.0,498.0,500.0,-0.79,5595.0,340.0,285.2
ADBL,6/19/2014,500.0,500.0,495.0,497.0,-0.6,4887.0,340.0,285.2
ADBL,6/23/2014,497.0,499.0,490.0,492.0,-1.01,2822.0,340.0,285.2
ADBL,6/24/2014,492.0,493.0,473.0,486.0,-1.22,4915.0,340.0,285.2
ADBL,6/25/2014,486.0,495.0,481.0,490.0,0.82,5342.0,340.0,285.2
ADBL,6/26/2014,490.0,495.0,486.0,490.0,0.0,2294.0,340.0,285.2
ADBL,6/29/2014,490.0,535.0,494.0,535.0,9.18,6659.0,340.0,285.2
ADBL,6/30/2014,535.0,539.0,510.0,535.0,0.0,17816.0,340.0,285.2
ADBL,7/1/2014,535.0,536.0,515.0,530.0,-0.93,16496.0,340.0,285.2
ADBL,7/2/2014,530.0,532.0,520.0,526.0,-0.75,8711.0,340.0,285.2
ADBL,7/3/2014,526.0,540.0,511.0,540.0,2.66,10454.0,340.0,285.2
ADBL,7/6/2014,540.0,550.0,535.0,550.0,1.85,10936.0,340.0,285.2
ADBL,7/7/2014,550.0,571.0,540.0,571.0,3.82,23528.0,340.0,285.2
ADBL,7/8/2014,571.0,628.0,575.0,628.0,9.98,75326.0,340.0,285.2
ADBL,7/9/2014,628.0,690.0,630.0,660.0,5.1,64933.0,340.0,285.2
ADBL,7/10/2014,660.0,690.0,645.0,677.0,2.58,53832.0,340.0,285.2
ADBL,7/13/2014,677.0,739.0,677.0,698.0,3.1,41709.0,340.0,285.2
ADBL,7/14/2014,698.0,725.0,687.0,690.0,-1.15,41992.0,340.0,285.2
ADBL,7/15/2014,690.0,693.0,680.0,690.0,0.0,13822.0,340.0,285.2
ADBL,7/16/2014,690.0,756.0,682.0,756.0,9.57,15232.0,340.0,285.2
ADBL,7/17/2014,756.0,742.0,700.0,729.0,-3.57,20796.0,340.0,285.2
ADBL,7/20/2014,729.0,770.0,715.0,726.0,-0.41,17347.0,340.0,285.2
ADBL,7/21/2014,726.0,740.0,700.0,740.0,1.93,23797.0,340.0,285.2
ADBL,7/22/2014,740.0,729.0,700.0,715.0,-3.38,26067.0,340.0,285.2
ADBL,7/23/2014,715.0,711.0,698.0,710.0,-0.7,19797.0,340.0,285.2
ADBL,7/24/2014,710.0,709.0,694.0,703.0,-0.99,18897.0,340.0,285.2
ADBL,7/27/2014,703.0,700.0,690.0,699.0,-0.57,19175.0,340.0,285.2
ADBL,7/28/2014,699.0,696.0,686.0,695.0,-0.57,11965.0,340.0,285.2
ADBL,7/30/2014,695.0,700.0,670.0,680.0,-2.16,18615.0,340.0,285.2
ADBL,7/31/2014,680.0,685.0,666.0,671.0,-1.32,17974.0,340.0,285.2
ADBL,8/3/2014,671.0,662.0,650.0,659.0,-1.79,14283.0,340.0,285.2
ADBL,8/4/2014,659.0,656.0,641.0,650.0,-1.37,16927.0,340.0,285.2
ADBL,8/5/2014,650.0,670.0,648.0,657.0,1.08,19507.0,340.0,285.2
ADBL,8/6/2014,657.0,660.0,649.0,650.0,-1.07,19442.0,340.0,285.2
ADBL,8/7/2014,650.0,668.0,635.0,655.0,0.77,27587.0,340.0,285.2
ADBL,8/12/2014,655.0,649.0,630.0,645.0,-1.53,7449.0,340.0,285.2
ADBL,8/13/2014,645.0,660.0,633.0,660.0,2.33,13102.0,340.0,285.2
ADBL,8/14/2014,660.0,670.0,647.0,657.0,-0.45,15244.0,340.0,285.2
ADBL,8/18/2014,657.0,644.0,595.0,612.0,-6.85,37244.0,340.0,285.2
ADBL,8/19/2014,612.0,620.0,596.0,610.0,-0.33,17808.0,340.0,285.2
ADBL,8/20/2014,610.0,610.0,588.0,605.0,-0.82,19673.0,340.0,285.2
ADBL,8/21/2014,605.0,609.0,580.0,600.0,-0.83,12597.0,340.0,285.2
ADBL,8/24/2014,600.0,607.0,586.0,600.0,0.0,12176.0,340.0,285.2
ADBL,8/25/2014,600.0,588.0,548.0,559.0,-6.83,13049.0,340.0,285.2
ADBL,8/26/2014,559.0,590.0,527.0,532.0,-4.83,13423.0,340.0,285.2
ADBL,8/27/2014,532.0,585.0,540.0,559.0,5.08,13712.0,340.0,285.2
ADBL,8/28/2014,559.0,581.0,555.0,555.0,-0.72,9333.0,340.0,285.2
ADBL,8/31/2014,555.0,555.0,529.0,544.0,-1.98,7186.0,340.0,285.2
ADBL,9/1/2014,544.0,540.0,524.0,540.0,-0.74,8096.0,340.0,285.2
ADBL,9/3/2014,540.0,550.0,531.0,534.0,-1.11,6177.0,340.0,285.2
ADBL,9/4/2014,534.0,528.0,514.0,516.0,-3.37,13269.0,340.0,285.2
ADBL,9/7/2014,516.0,513.0,477.0,477.0,-7.56,8707.0,340.0,285.2
ADBL,9/9/2014,477.0,514.0,480.0,510.0,6.92,6261.0,340.0,285.2
ADBL,9/10/2014,510.0,550.0,502.0,515.0,0.98,17200.0,340.0,285.2
ADBL,9/11/2014,515.0,515.0,494.0,510.0,-0.97,5116.0,340.0,285.2
ADBL,9/14/2014,510.0,507.0,495.0,501.0,-1.76,11790.0,340.0,285.2
ADBL,9/15/2014,501.0,500.0,490.0,495.0,-1.2,4559.0,340.0,285.2
ADBL,9/16/2014,495.0,500.0,493.0,500.0,1.01,5664.0,340.0,285.2
ADBL,9/17/2014,500.0,501.0,491.0,491.0,-1.8,2141.0,340.0,285.2
ADBL,9/18/2014,491.0,500.0,485.0,500.0,1.83,4308.0,340.0,285.2
ADBL,9/21/2014,500.0,491.0,472.0,473.0,-5.4,4876.0,340.0,285.2
ADBL,9/22/2014,473.0,478.0,450.0,463.0,-2.11,4694.0,340.0,285.2
ADBL,9/23/2014,463.0,509.0,472.0,509.0,9.94,1603.0,340.0,285.2
ADBL,9/24/2014,509.0,555.0,509.0,533.0,4.72,27922.0,340.0,285.2
ADBL,9/28/2014,533.0,535.0,520.0,533.0,0.0,5441.0,340.0,285.2
ADBL,9/29/2014,533.0,549.0,526.0,549.0,3.0,2590.0,340.0,285.2
ADBL,9/30/2014,549.0,545.0,522.0,522.0,-4.92,4135.0,340.0,285.2
ADBL,10/8/2014,522.0,520.0,507.0,520.0,-0.38,1950.0,340.0,285.2
ADBL,10/9/2014,520.0,520.0,514.0,515.0,-0.96,4332.0,340.0,285.2
ADBL,10/12/2014,515.0,519.0,494.0,499.0,-3.11,3534.0,340.0,285.2
ADBL,10/13/2014,499.0,501.0,490.0,496.0,-0.6,6363.0,340.0,285.2
ADBL,10/14/2014,496.0,505.0,496.0,500.0,0.81,2216.0,340.0,285.2
ADBL,10/15/2014,500.0,510.0,500.0,508.0,1.6,3468.0,340.0,285.2
ADBL,10/16/2014,508.0,515.0,500.0,512.0,0.79,2026.0,340.0,285.2
ADBL,10/19/2014,512.0,524.0,495.0,524.0,2.34,2531.0,340.0,285.2
ADBL,10/20/2014,524.0,515.0,504.0,512.0,-2.29,1855.0,340.0,285.2
ADBL,10/21/2014,512.0,517.0,506.0,506.0,-1.17,1623.0,340.0,285.2
ADBL,10/22/2014,506.0,514.0,495.0,505.0,-0.2,2166.0,340.0,285.2
ADBL,10/26/2014,505.0,501.0,495.0,501.0,-0.79,318.0,340.0,285.2
ADBL,10/27/2014,501.0,508.0,500.0,508.0,1.4,826.0,340.0,285.2
ADBL,10/28/2014,508.0,507.0,496.0,503.0,-0.98,3103.0,340.0,285.2
ADBL,10/30/2014,503.0,502.0,496.0,496.0,-1.39,3239.0,340.0,285.2
ADBL,11/2/2014,496.0,488.0,484.0,487.0,-1.81,3479.0,340.0,285.2
ADBL,11/3/2014,487.0,490.0,476.0,478.0,-1.85,2984.0,340.0,285.2
ADBL,11/4/2014,478.0,480.0,461.0,480.0,0.42,4283.0,340.0,285.2
ADBL,11/5/2014,480.0,493.0,477.0,490.0,2.08,3198.0,340.0,285.2
ADBL,11/6/2014,490.0,490.0,481.0,486.0,-0.82,4774.0,340.0,285.2
ADBL,11/9/2014,486.0,482.0,470.0,470.0,-3.29,4361.0,340.0,285.2
ADBL,11/10/2014,470.0,471.0,459.0,469.0,-0.21,7137.0,340.0,285.2
ADBL,11/11/2014,469.0,470.0,443.0,470.0,0.21,2460.0,340.0,285.2
ADBL,11/12/2014,470.0,477.0,462.0,470.0,0.0,3095.0,340.0,285.2
ADBL,11/13/2014,470.0,479.0,455.0,463.0,-1.49,5215.0,340.0,285.2
ADBL,11/16/2014,463.0,463.0,455.0,455.0,-1.73,2659.0,340.0,285.2
ADBL,11/17/2014,455.0,453.0,430.0,430.0,-5.49,5025.0,340.0,285.2
ADBL,11/18/2014,430.0,449.0,415.0,448.0,4.19,5593.0,340.0,285.2
ADBL,11/19/2014,448.0,466.0,440.0,457.0,2.01,1602.0,340.0,285.2
ADBL,11/20/2014,457.0,460.0,449.0,457.0,0.0,3097.0,340.0,285.2
ADBL,11/23/2014,457.0,485.0,457.0,480.0,5.03,5920.0,340.0,285.2
ADBL,11/24/2014,480.0,475.0,461.0,465.0,-3.12,1129.0,340.0,285.2
ADBL,11/25/2014,465.0,465.0,457.0,457.0,-1.72,71.0,340.0,285.2
ADBL,11/30/2014,457.0,457.0,441.0,445.0,-2.63,1452.0,340.0,285.2
ADBL,12/1/2014,445.0,448.0,439.0,443.0,-0.45,1733.0,340.0,285.2
ADBL,12/2/2014,443.0,453.0,435.0,453.0,2.26,1108.0,340.0,285.2
ADBL,12/3/2014,453.0,467.0,447.0,455.0,0.44,2153.0,340.0,285.2
ADBL,12/4/2014,455.0,469.0,460.0,464.0,1.98,2277.0,340.0,285.2
ADBL,12/7/2014,464.0,458.0,448.0,452.0,-2.59,1718.0,340.0,285.2
ADBL,12/8/2014,452.0,450.0,443.0,448.0,-0.88,1290.0,340.0,285.2
ADBL,12/9/2014,448.0,450.0,442.0,446.0,-0.45,2366.0,340.0,285.2
ADBL,12/10/2014,446.0,470.0,446.0,470.0,5.38,567.0,340.0,285.2
ADBL,12/11/2014,470.0,479.0,457.0,469.0,-0.21,4644.0,340.0,285.2
ADBL,12/14/2014,469.0,493.0,474.0,490.0,4.48,3724.0,340.0,285.2
ADBL,12/15/2014,490.0,505.0,481.0,497.0,1.43,4393.0,340.0,285.2
ADBL,12/16/2014,497.0,494.0,470.0,492.0,-1.01,5232.0,340.0,285.2
ADBL,12/17/2014,492.0,488.0,479.0,485.0,-1.42,3200.0,340.0,285.2
ADBL,12/18/2014,485.0,480.0,465.0,480.0,-1.03,2212.0,340.0,285.2
ADBL,12/21/2014,480.0,475.0,461.0,464.0,-3.33,3044.0,340.0,285.2
ADBL,12/22/2014,464.0,473.0,452.0,473.0,1.94,4523.0,340.0,285.2
ADBL,12/23/2014,473.0,470.0,447.0,467.0,-1.27,2357.0,340.0,285.2
ADBL,12/24/2014,467.0,470.0,458.0,470.0,0.64,3183.0,340.0,285.2
ADBL,12/28/2014,470.0,484.0,470.0,484.0,2.98,3257.0,340.0,285.2
ADBL,12/29/2014,484.0,484.0,466.0,475.0,-1.86,2105.0,340.0,285.2
ADBL,12/31/2014,475.0,490.0,464.0,476.0,0.21,2969.0,340.0,285.2
ADBL,1/1/2015,476.0,485.0,470.0,479.0,0.63,2695.0,340.0,285.2
ADBL,1/4/2015,479.0,481.0,474.0,478.0,-0.21,1201.0,340.0,285.2
ADBL,1/5/2015,478.0,487.0,471.0,487.0,1.88,1739.0,340.0,285.2
ADBL,1/6/2015,487.0,480.0,466.0,475.0,-2.46,3920.0,340.0,285.2
ADBL,1/7/2015,475.0,476.0,467.0,476.0,0.21,3541.0,340.0,285.2
ADBL,1/8/2015,476.0,480.0,472.0,473.0,-0.63,2511.0,340.0,285.2
ADBL,1/11/2015,473.0,484.0,465.0,484.0,2.33,3451.0,340.0,285.2
ADBL,1/12/2015,484.0,479.0,468.0,473.0,-2.27,3521.0,340.0,285.2
ADBL,1/13/2015,473.0,475.0,466.0,475.0,0.42,1012.0,340.0,285.2
ADBL,1/14/2015,475.0,489.0,467.0,484.0,1.89,11042.0,340.0,285.2
ADBL,1/18/2015,484.0,485.0,473.0,475.0,-1.86,5160.0,340.0,285.2
ADBL,1/19/2015,475.0,499.0,480.0,487.0,2.53,7796.0,340.0,285.2
ADBL,1/20/2015,487.0,489.0,474.0,478.0,-1.85,10113.0,340.0,285.2
ADBL,1/22/2015,478.0,477.0,470.0,473.0,-1.05,1265.0,340.0,285.2
ADBL,1/25/2015,473.0,483.0,466.0,475.0,0.42,2889.0,340.0,285.2
ADBL,1/26/2015,475.0,484.0,470.0,481.0,1.26,5767.0,340.0,285.2
ADBL,1/27/2015,481.0,510.0,478.0,503.0,4.57,13660.0,340.0,285.2
ADBL,1/28/2015,503.0,513.0,498.0,509.0,1.19,15503.0,340.0,285.2
ADBL,1/29/2015,509.0,512.0,495.0,500.0,-1.77,10005.0,340.0,285.2
ADBL,2/1/2015,500.0,496.0,491.0,493.0,-1.4,4653.0,340.0,285.2
ADBL,2/2/2015,493.0,494.0,485.0,487.0,-1.22,3667.0,340.0,285.2
ADBL,2/3/2015,487.0,490.0,472.0,483.0,-0.82,2126.0,340.0,285.2
ADBL,2/4/2015,483.0,485.0,475.0,480.0,-0.62,1946.0,340.0,285.2
ADBL,2/5/2015,480.0,489.0,471.0,473.0,-1.46,2868.0,340.0,285.2
ADBL,2/8/2015,473.0,476.0,471.0,475.0,0.42,2025.0,340.0,285.2
ADBL,2/9/2015,475.0,484.0,470.0,479.0,0.84,6337.0,340.0,285.2
ADBL,2/10/2015,479.0,475.0,463.0,475.0,-0.84,3543.0,340.0,285.2
ADBL,2/11/2015,475.0,480.0,470.0,476.0,0.21,3776.0,340.0,285.2
ADBL,2/12/2015,476.0,485.0,475.0,482.0,1.26,5980.0,340.0,285.2
ADBL,2/15/2015,482.0,482.0,476.0,477.0,-1.04,1086.0,340.0,285.2
ADBL,2/16/2015,477.0,479.0,472.0,479.0,0.42,4307.0,340.0,285.2
ADBL,2/18/2015,479.0,479.0,472.0,474.0,-1.04,2807.0,340.0,285.2
ADBL,2/22/2015,474.0,472.0,464.0,464.0,-2.11,3088.0,340.0,285.2
ADBL,2/23/2015,464.0,465.0,456.0,464.0,0.0,3374.0,340.0,285.2
ADBL,2/24/2015,464.0,465.0,460.0,465.0,0.22,3018.0,340.0,285.2
ADBL,2/25/2015,465.0,471.0,459.0,470.0,1.08,2152.0,340.0,285.2
ADBL,2/26/2015,470.0,475.0,460.0,475.0,1.06,2405.0,340.0,285.2
ADBL,3/1/2015,475.0,480.0,470.0,480.0,1.05,1184.0,340.0,285.2
ADBL,3/2/2015,480.0,495.0,475.0,480.0,0.0,1111.0,340.0,285.2
ADBL,3/3/2015,480.0,484.0,471.0,483.0,0.63,1590.0,340.0,285.2
ADBL,3/4/2015,483.0,492.0,476.0,478.0,-1.04,2209.0,340.0,285.2
ADBL,3/9/2015,478.0,504.0,485.0,497.0,3.97,8858.0,340.0,285.2
ADBL,3/10/2015,497.0,490.0,472.0,481.0,-3.22,1061.0,340.0,285.2
ADBL,3/11/2015,481.0,485.0,477.0,477.0,-0.83,1618.0,340.0,285.2
ADBL,3/12/2015,477.0,490.0,470.0,475.0,-0.42,1710.0,340.0,285.2
ADBL,3/15/2015,475.0,480.0,471.0,475.0,0.0,2644.0,340.0,285.2
ADBL,3/16/2015,475.0,475.0,467.0,471.0,-0.84,1607.0,340.0,285.2
ADBL,3/17/2015,471.0,473.0,467.0,471.0,0.0,731.0,340.0,285.2
ADBL,3/18/2015,471.0,472.0,466.0,472.0,0.21,1901.0,340.0,285.2
ADBL,3/19/2015,472.0,480.0,470.0,480.0,1.69,1882.0,340.0,285.2
ADBL,3/22/2015,480.0,476.0,464.0,467.0,-2.71,6630.0,340.0,285.2
ADBL,3/23/2015,467.0,470.0,463.0,469.0,0.43,4993.0,340.0,285.2
ADBL,3/24/2015,469.0,469.0,464.0,467.0,-0.43,1251.0,340.0,285.2
ADBL,3/25/2015,467.0,470.0,459.0,470.0,0.64,797.0,340.0,285.2
ADBL,3/26/2015,470.0,476.0,463.0,476.0,1.28,966.0,340.0,285.2
ADBL,3/29/2015,476.0,470.0,469.0,469.0,-1.47,531.0,340.0,285.2
ADBL,3/30/2015,469.0,469.0,451.0,459.0,-2.13,3598.0,340.0,285.2
ADBL,3/31/2015,459.0,465.0,458.0,461.0,0.44,1282.0,340.0,285.2
ADBL,4/1/2015,461.0,464.0,454.0,464.0,0.65,2590.0,340.0,285.2
ADBL,4/2/2015,464.0,465.0,455.0,465.0,0.22,3444.0,340.0,285.2
ADBL,4/5/2015,465.0,471.0,452.0,455.0,-2.15,1330.0,340.0,285.2
ADBL,4/6/2015,455.0,460.0,446.0,450.0,-1.1,3678.0,340.0,285.2
ADBL,4/7/2015,450.0,451.0,446.0,450.0,0.0,2372.0,340.0,285.2
ADBL,4/8/2015,450.0,464.0,449.0,458.0,1.78,2164.0,340.0,285.2
ADBL,4/9/2015,458.0,471.0,451.0,471.0,2.84,7084.0,340.0,285.2
ADBL,4/12/2015,471.0,482.0,468.0,479.0,1.7,4345.0,340.0,285.2
ADBL,4/13/2015,479.0,472.0,461.0,472.0,-1.46,4158.0,340.0,285.2
ADBL,4/15/2015,472.0,475.0,455.0,474.0,0.42,13284.0,340.0,285.2
ADBL,4/16/2015,474.0,468.0,455.0,468.0,-1.27,8979.0,340.0,285.2
ADBL,4/19/2015,437.0,437.0,429.0,436.0,-6.84,820.0,340.0,285.2
ADBL,4/20/2015,436.0,439.0,434.0,436.0,0.0,1363.0,340.0,285.2
ADBL,4/21/2015,436.0,439.0,431.0,439.0,0.69,1312.0,340.0,285.2
ADBL,4/22/2015,439.0,440.0,435.0,440.0,0.23,619.0,340.0,285.2
ADBL,4/23/2015,440.0,434.0,430.0,432.0,-1.82,1563.0,340.0,285.2
ADBL,5/24/2015,432.0,424.0,392.0,392.0,-9.26,90.0,340.0,285.2
ADBL,5/25/2015,392.0,385.0,360.0,365.0,-6.89,844.0,340.0,285.2
ADBL,5/26/2015,365.0,397.0,370.0,397.0,8.77,1215.0,340.0,285.2
ADBL,5/27/2015,397.0,390.0,376.0,376.0,-5.29,230.0,340.0,285.2
ADBL,5/28/2015,376.0,393.0,380.0,390.0,3.72,2330.0,340.0,285.2
ADBL,5/31/2015,390.0,402.0,392.0,397.0,1.79,1141.0,340.0,285.2
ADBL,6/1/2015,397.0,404.0,390.0,400.0,0.76,2353.0,340.0,285.2
ADBL,6/2/2015,400.0,402.0,400.0,400.0,0.0,181.0,340.0,285.2
ADBL,6/3/2015,400.0,432.0,402.0,432.0,8.0,1581.0,340.0,285.2
ADBL,6/4/2015,432.0,440.0,420.0,420.0,-2.78,2566.0,340.0,285.2
ADBL,6/7/2015,420.0,435.0,425.0,430.0,2.38,5611.0,340.0,285.2
ADBL,6/8/2015,430.0,438.0,425.0,430.0,0.0,1959.0,340.0,285.2
ADBL,6/9/2015,430.0,463.0,438.0,448.0,4.19,3888.0,340.0,285.2
ADBL,6/10/2015,448.0,440.0,432.0,438.0,-2.23,880.0,340.0,285.2
ADBL,6/11/2015,438.0,432.0,422.0,425.0,-2.97,2209.0,340.0,285.2
ADBL,6/14/2015,425.0,420.0,413.0,413.0,-2.82,2431.0,340.0,285.2
ADBL,6/15/2015,413.0,427.0,407.0,421.0,1.94,1505.0,340.0,285.2
ADBL,6/16/2015,421.0,426.0,418.0,426.0,1.19,1298.0,340.0,285.2
ADBL,6/17/2015,426.0,426.0,418.0,423.0,-0.7,1700.0,340.0,285.2
ADBL,6/18/2015,423.0,422.0,412.0,416.0,-1.65,873.0,340.0,285.2
ADBL,6/21/2015,416.0,416.0,413.0,415.0,-0.24,1001.0,340.0,285.2
ADBL,6/22/2015,415.0,420.0,410.0,415.0,0.0,1380.0,340.0,285.2
ADBL,6/23/2015,415.0,423.0,415.0,420.0,1.2,7897.0,340.0,285.2
ADBL,6/24/2015,420.0,425.0,414.0,414.0,-1.43,1269.0,340.0,285.2
ADBL,6/25/2015,414.0,420.0,417.0,419.0,1.21,833.0,340.0,285.2
ADBL,6/28/2015,419.0,420.0,415.0,420.0,0.24,2180.0,340.0,285.2
ADBL,6/29/2015,420.0,420.0,406.0,420.0,0.0,8930.0,340.0,285.2
ADBL,6/30/2015,420.0,415.0,406.0,415.0,-1.19,6613.0,340.0,285.2
ADBL,7/1/2015,415.0,410.0,408.0,410.0,-1.2,572.0,340.0,285.2
ADBL,7/2/2015,410.0,408.0,403.0,405.0,-1.22,4059.0,340.0,285.2
ADBL,7/5/2015,405.0,419.0,408.0,417.0,2.96,1564.0,340.0,285.2
ADBL,7/6/2015,417.0,417.0,403.0,404.0,-3.12,330.0,340.0,285.2
ADBL,7/7/2015,404.0,410.0,404.0,405.0,0.25,6448.0,340.0,285.2
ADBL,7/8/2015,405.0,409.0,406.0,408.0,0.74,2073.0,340.0,285.2
ADBL,7/9/2015,408.0,416.0,410.0,410.0,0.49,401.0,340.0,285.2
ADBL,7/12/2015,410.0,412.0,405.0,411.0,0.24,5083.0,340.0,285.2
ADBL,7/13/2015,411.0,410.0,409.0,409.0,-0.49,1242.0,340.0,285.2
ADBL,7/14/2015,409.0,414.0,406.0,410.0,0.24,3414.0,340.0,285.2
ADBL,7/15/2015,410.0,418.0,408.0,415.0,1.22,2601.0,340.0,285.2
ADBL,7/16/2015,415.0,432.0,416.0,432.0,4.1,391.0,340.0,285.2
ADBL,7/22/2015,432.0,442.0,421.0,440.0,1.85,7356.0,340.0,285.2
ADBL,7/23/2015,440.0,465.0,435.0,465.0,5.68,7731.0,340.0,285.2
ADBL,7/26/2015,465.0,511.0,474.0,511.0,9.89,140.0,340.0,285.2
ADBL,7/27/2015,511.0,521.0,476.0,498.0,-2.54,8007.0,340.0,285.2
ADBL,7/28/2015,498.0,489.0,480.0,480.0,-3.61,682.0,340.0,285.2
ADBL,7/29/2015,480.0,471.0,467.0,467.0,-2.71,120.0,340.0,285.2
ADBL,7/30/2015,467.0,465.0,450.0,450.0,-3.64,3973.0,340.0,285.2
ADBL,8/2/2015,450.0,449.0,445.0,446.0,-0.89,558.0,340.0,285.2
ADBL,8/3/2015,446.0,458.0,440.0,457.0,2.47,3667.0,340.0,285.2
ADBL,8/4/2015,457.0,460.0,439.0,441.0,-3.5,7651.0,340.0,285.2
ADBL,8/5/2015,441.0,459.0,437.0,452.0,2.49,6625.0,340.0,285.2
ADBL,8/6/2015,452.0,465.0,455.0,463.0,2.43,8242.0,340.0,285.2
ADBL,8/9/2015,463.0,469.0,450.0,469.0,1.3,9306.0,340.0,285.2
ADBL,8/10/2015,469.0,488.0,470.0,479.0,2.13,8260.0,340.0,285.2
ADBL,8/11/2015,479.0,470.0,452.0,455.0,-5.01,2244.0,340.0,285.2
ADBL,8/12/2015,455.0,450.0,436.0,445.0,-2.2,4305.0,340.0,285.2
ADBL,8/13/2015,445.0,459.0,438.0,444.0,-0.22,8463.0,340.0,285.2
ADBL,8/16/2015,444.0,456.0,441.0,441.0,-0.68,15570.0,340.0,285.2
ADBL,8/17/2015,441.0,485.0,449.0,485.0,9.98,14033.0,340.0,285.2
ADBL,8/18/2015,485.0,518.0,494.0,518.0,6.8,17564.0,340.0,285.2
ADBL,8/19/2015,518.0,528.0,510.0,528.0,1.93,4816.0,340.0,285.2
ADBL,8/20/2015,528.0,548.0,525.0,525.0,-0.57,5070.0,340.0,285.2
ADBL,8/23/2015,525.0,516.0,505.0,506.0,-3.62,8354.0,340.0,285.2
ADBL,8/24/2015,506.0,509.0,505.0,506.0,0.0,2386.0,340.0,285.2
ADBL,8/25/2015,506.0,515.0,496.0,515.0,1.78,3076.0,340.0,285.2
ADBL,8/26/2015,515.0,506.0,505.0,505.0,-1.94,1300.0,340.0,285.2
ADBL,8/27/2015,505.0,505.0,500.0,500.0,-0.99,1382.0,340.0,285.2
ADBL,8/31/2015,500.0,503.0,496.0,500.0,0.0,3126.0,340.0,285.2
ADBL,9/1/2015,500.0,500.0,493.0,495.0,-1.0,6425.0,340.0,285.2
ADBL,9/2/2015,495.0,486.0,486.0,486.0,-1.82,1000.0,340.0,285.2
ADBL,9/3/2015,486.0,478.0,465.0,465.0,-4.32,760.0,340.0,285.2
ADBL,9/6/2015,465.0,485.0,474.0,480.0,3.23,1710.0,340.0,285.2
ADBL,9/7/2015,480.0,497.0,475.0,497.0,3.54,2252.0,340.0,285.2
ADBL,9/8/2015,497.0,496.0,488.0,488.0,-1.81,651.0,340.0,285.2
ADBL,9/9/2015,488.0,480.0,480.0,480.0,-1.64,41.0,340.0,285.2
ADBL,9/10/2015,480.0,489.0,472.0,479.0,-0.21,7097.0,340.0,285.2
ADBL,9/13/2015,479.0,500.0,480.0,500.0,4.38,9190.0,340.0,285.2
ADBL,9/14/2015,500.0,511.0,492.0,500.0,0.0,4489.0,340.0,285.2
ADBL,9/15/2015,500.0,505.0,486.0,495.0,-1.0,1356.0,340.0,285.2
ADBL,9/16/2015,495.0,490.0,486.0,487.0,-1.62,1186.0,340.0,285.2
ADBL,9/17/2015,487.0,488.0,475.0,480.0,-1.44,5292.0,340.0,285.2
ADBL,9/22/2015,480.0,471.0,456.0,456.0,-5.0,9991.0,340.0,285.2
ADBL,9/23/2015,456.0,474.0,460.0,465.0,1.97,9252.0,340.0,285.2
ADBL,9/24/2015,465.0,461.0,456.0,460.0,-1.08,956.0,340.0,285.2
ADBL,9/28/2015,460.0,454.0,446.0,450.0,-2.17,1581.0,340.0,285.2
ADBL,9/29/2015,450.0,459.0,450.0,450.0,0.0,2289.0,340.0,285.2
ADBL,9/30/2015,450.0,468.0,442.0,450.0,0.0,4851.0,340.0,285.2
ADBL,10/1/2015,450.0,460.0,444.0,459.0,2.0,5128.0,340.0,285.2
ADBL,10/4/2015,459.0,455.0,443.0,451.0,-1.74,2200.0,340.0,285.2
ADBL,10/5/2015,451.0,460.0,442.0,445.0,-1.33,2871.0,340.0,285.2
ADBL,10/6/2015,445.0,445.0,435.0,440.0,-1.12,5822.0,340.0,285.2
ADBL,10/7/2015,440.0,450.0,440.0,450.0,2.27,511.0,340.0,285.2
ADBL,10/8/2015,450.0,495.0,443.0,495.0,10.0,15581.0,340.0,285.2
ADBL,10/11/2015,495.0,544.0,504.0,530.0,7.07,93601.0,340.0,285.2
ADBL,10/14/2015,530.0,540.0,493.0,494.0,-6.79,9865.0,340.0,285.2
ADBL,10/15/2015,494.0,499.0,476.0,499.0,1.01,6688.0,340.0,285.2
ADBL,10/18/2015,499.0,495.0,487.0,495.0,-0.8,8306.0,340.0,285.2
ADBL,10/19/2015,495.0,500.0,489.0,500.0,1.01,2033.0,340.0,285.2
ADBL,10/25/2015,500.0,490.0,480.0,481.0,-3.8,2481.0,340.0,285.2
ADBL,10/27/2015,481.0,472.0,465.0,472.0,-1.87,3737.0,340.0,285.2
ADBL,10/28/2015,472.0,472.0,455.0,466.0,-1.27,2955.0,340.0,285.2
ADBL,10/29/2015,466.0,475.0,466.0,470.0,0.86,1970.0,340.0,285.2
ADBL,11/1/2015,470.0,469.0,450.0,456.0,-2.98,4509.0,340.0,285.2
ADBL,11/2/2015,456.0,470.0,450.0,461.0,1.1,3088.0,340.0,285.2
ADBL,11/3/2015,461.0,457.0,455.0,457.0,-0.87,81.0,340.0,285.2
ADBL,11/4/2015,457.0,470.0,449.0,466.0,1.97,1462.0,340.0,285.2
ADBL,11/5/2015,466.0,463.0,460.0,460.0,-1.29,878.0,340.0,285.2
ADBL,11/8/2015,460.0,462.0,451.0,462.0,0.43,607.0,340.0,285.2
ADBL,11/9/2015,462.0,483.0,469.0,483.0,4.55,4949.0,340.0,285.2
ADBL,11/10/2015,483.0,485.0,474.0,477.0,-1.24,8443.0,340.0,285.2
ADBL,11/15/2015,477.0,475.0,470.0,475.0,-0.42,1170.0,340.0,285.2
ADBL,11/16/2015,475.0,471.0,467.0,471.0,-0.84,250.0,340.0,285.2
ADBL,11/18/2015,471.0,475.0,467.0,470.0,-0.21,1230.0,340.0,285.2
ADBL,11/19/2015,470.0,475.0,460.0,465.0,-1.06,1940.0,340.0,285.2
ADBL,11/22/2015,465.0,460.0,451.0,452.0,-2.8,2625.0,340.0,285.2
ADBL,11/23/2015,452.0,452.0,449.0,452.0,0.0,4235.0,340.0,285.2
ADBL,11/24/2015,452.0,461.0,451.0,455.0,0.66,1170.0,340.0,285.2
ADBL,11/25/2015,455.0,461.0,448.0,450.0,-1.1,6331.0,340.0,285.2
ADBL,11/26/2015,450.0,450.0,435.0,447.0,-0.67,2656.0,340.0,285.2
ADBL,11/29/2015,447.0,442.0,420.0,420.0,-6.04,9273.0,340.0,285.2
ADBL,11/30/2015,420.0,450.0,424.0,431.0,2.62,4935.0,340.0,285.2
ADBL,12/1/2015,431.0,454.0,439.0,454.0,5.34,5943.0,340.0,285.2
ADBL,12/2/2015,454.0,451.0,445.0,451.0,-0.66,3272.0,340.0,285.2
ADBL,12/3/2015,451.0,459.0,450.0,450.0,-0.22,3472.0,340.0,285.2
ADBL,12/6/2015,450.0,468.0,459.0,465.0,3.33,2902.0,340.0,285.2
ADBL,12/7/2015,465.0,456.0,454.0,455.0,-2.15,860.0,340.0,285.2
ADBL,12/8/2015,455.0,455.0,447.0,451.0,-0.88,2091.0,340.0,285.2
ADBL,12/9/2015,451.0,469.0,460.0,469.0,3.99,1612.0,340.0,285.2
ADBL,12/10/2015,469.0,469.0,450.0,465.0,-0.85,934.0,340.0,285.2
ADBL,12/13/2015,465.0,465.0,456.0,456.0,-1.94,1652.0,340.0,285.2
ADBL,12/14/2015,456.0,453.0,450.0,450.0,-1.32,2818.0,340.0,285.2
ADBL,12/15/2015,450.0,446.0,440.0,445.0,-1.11,3918.0,340.0,285.2
ADBL,12/16/2015,445.0,453.0,448.0,450.0,1.12,7554.0,340.0,285.2
ADBL,12/17/2015,450.0,468.0,451.0,465.0,3.33,1388.0,340.0,285.2
ADBL,12/20/2015,465.0,483.0,462.0,481.0,3.44,16618.0,340.0,285.2
ADBL,12/21/2015,481.0,529.0,481.0,529.0,9.98,47347.0,340.0,285.2
ADBL,12/22/2015,529.0,559.0,510.0,512.0,-3.21,21836.0,340.0,285.2
ADBL,12/23/2015,512.0,510.0,496.0,496.0,-3.12,6162.0,340.0,285.2
ADBL,12/24/2015,496.0,510.0,490.0,510.0,2.82,11469.0,340.0,285.2
ADBL,12/27/2015,510.0,505.0,499.0,502.0,-1.57,12349.0,340.0,285.2
ADBL,12/28/2015,502.0,504.0,497.0,499.0,-0.6,2290.0,340.0,285.2
ADBL,12/29/2015,499.0,508.0,496.0,500.0,0.2,7138.0,340.0,285.2
ADBL,12/31/2015,500.0,513.0,500.0,508.0,1.6,5772.0,340.0,285.2
ADBL,1/3/2016,508.0,518.0,499.0,518.0,1.97,8407.0,340.0,285.2
ADBL,1/4/2016,518.0,528.0,502.0,506.0,-2.32,6760.0,340.0,285.2
ADBL,1/5/2016,506.0,515.0,500.0,505.0,-0.2,4135.0,340.0,285.2
ADBL,1/6/2016,505.0,507.0,495.0,500.0,-0.99,4686.0,340.0,285.2
ADBL,1/7/2016,500.0,520.0,505.0,515.0,3.0,7371.0,340.0,285.2
ADBL,1/10/2016,515.0,520.0,506.0,518.0,0.58,5622.0,340.0,285.2
ADBL,1/11/2016,518.0,529.0,511.0,525.0,1.35,11440.0,340.0,285.2
ADBL,1/12/2016,525.0,526.0,521.0,521.0,-0.76,4907.0,340.0,285.2
ADBL,1/13/2016,521.0,531.0,517.0,529.0,1.54,2677.0,340.0,285.2
ADBL,1/14/2016,529.0,545.0,524.0,545.0,3.02,22823.0,340.0,285.2
ADBL,1/17/2016,545.0,591.0,541.0,575.0,5.5,69927.0,340.0,285.2
ADBL,1/18/2016,575.0,608.0,561.0,580.0,0.87,19463.0,340.0,285.2
ADBL,1/19/2016,580.0,576.0,547.0,568.0,-2.07,15212.0,340.0,285.2
ADBL,1/20/2016,568.0,615.0,579.0,593.0,4.4,53666.0,340.0,285.2
ADBL,1/21/2016,593.0,600.0,577.0,583.0,-1.69,23814.0,340.0,285.2
ADBL,1/24/2016,583.0,599.0,589.0,599.0,2.74,34629.0,340.0,285.2
ADBL,1/25/2016,599.0,615.0,594.0,595.0,-0.67,7231.0,340.0,285.2
ADBL,1/26/2016,595.0,601.0,593.0,595.0,0.0,16386.0,340.0,285.2
ADBL,1/27/2016,595.0,590.0,580.0,585.0,-1.68,4958.0,340.0,285.2
ADBL,1/28/2016,585.0,585.0,576.0,582.0,-0.51,6324.0,340.0,285.2
ADBL,1/31/2016,582.0,590.0,571.0,574.0,-1.37,5068.0,340.0,285.2
ADBL,2/1/2016,574.0,588.0,572.0,584.0,1.74,12969.0,340.0,285.2
ADBL,2/2/2016,584.0,595.0,580.0,580.0,-0.68,7156.0,340.0,285.2
ADBL,2/3/2016,580.0,580.0,572.0,574.0,-1.03,4671.0,340.0,285.2
ADBL,2/4/2016,574.0,589.0,573.0,589.0,2.61,11203.0,340.0,285.2
ADBL,2/7/2016,589.0,604.0,585.0,595.0,1.02,12440.0,340.0,285.2
ADBL,2/8/2016,595.0,594.0,584.0,590.0,-0.84,10270.0,340.0,285.2
ADBL,2/11/2016,590.0,590.0,580.0,580.0,-1.69,4680.0,340.0,285.2
ADBL,2/14/2016,580.0,579.0,561.0,570.0,-1.72,7802.0,340.0,285.2
ADBL,2/15/2016,570.0,590.0,555.0,590.0,3.51,10726.0,340.0,285.2
ADBL,2/16/2016,590.0,600.0,571.0,576.0,-2.37,4767.0,340.0,285.2
ADBL,2/17/2016,576.0,590.0,560.0,590.0,2.43,14601.0,340.0,285.2
ADBL,2/18/2016,590.0,596.0,588.0,588.0,-0.34,20751.0,340.0,285.2
ADBL,2/21/2016,588.0,598.0,585.0,590.0,0.34,21553.0,340.0,285.2
ADBL,2/22/2016,590.0,595.0,585.0,590.0,0.0,6229.0,340.0,285.2
ADBL,2/23/2016,590.0,609.0,585.0,605.0,2.54,16364.0,340.0,285.2
ADBL,2/24/2016,605.0,603.0,590.0,595.0,-1.65,4249.0,340.0,285.2
ADBL,2/25/2016,595.0,605.0,581.0,585.0,-1.68,5816.0,340.0,285.2
ADBL,2/28/2016,585.0,595.0,587.0,590.0,0.85,10168.0,340.0,285.2
ADBL,2/29/2016,590.0,590.0,586.0,589.0,-0.17,4735.0,340.0,285.2
ADBL,3/1/2016,589.0,590.0,583.0,585.0,-0.68,4675.0,340.0,285.2
ADBL,3/2/2016,585.0,609.0,580.0,599.0,2.39,3609.0,340.0,285.2
ADBL,3/3/2016,599.0,620.0,590.0,617.0,3.01,31519.0,340.0,285.2
ADBL,3/6/2016,617.0,635.0,610.0,630.0,2.11,22567.0,340.0,285.2
ADBL,3/10/2016,630.0,693.0,640.0,693.0,10.0,69293.0,340.0,285.2
ADBL,3/13/2016,693.0,734.0,700.0,707.0,2.02,133833.0,340.0,285.2
ADBL,3/14/2016,707.0,715.0,665.0,672.0,-4.95,31398.0,340.0,285.2
ADBL,3/15/2016,672.0,674.0,655.0,665.0,-1.04,14526.0,340.0,285.2
ADBL,3/16/2016,665.0,679.0,655.0,674.0,1.35,9375.0,340.0,285.2
ADBL,3/17/2016,674.0,672.0,665.0,665.0,-1.34,14604.0,340.0,285.2
ADBL,3/20/2016,665.0,671.0,656.0,660.0,-0.75,16552.0,340.0,285.2
ADBL,3/21/2016,660.0,666.0,648.0,648.0,-1.82,24495.0,340.0,285.2
ADBL,3/23/2016,648.0,664.0,648.0,653.0,0.77,8568.0,340.0,285.2
ADBL,3/24/2016,653.0,678.0,651.0,655.0,0.31,11367.0,340.0,285.2
ADBL,3/27/2016,655.0,673.0,650.0,673.0,2.75,25338.0,340.0,285.2
ADBL,3/28/2016,673.0,685.0,658.0,671.0,-0.3,16225.0,340.0,285.2
ADBL,3/29/2016,671.0,673.0,657.0,669.0,-0.3,7922.0,340.0,285.2
ADBL,3/30/2016,669.0,680.0,661.0,665.0,-0.6,8799.0,340.0,285.2
ADBL,3/31/2016,665.0,663.0,655.0,658.0,-1.05,7572.0,340.0,285.2
ADBL,4/3/2016,658.0,690.0,652.0,670.0,1.82,15676.0,340.0,285.2
ADBL,4/4/2016,670.0,680.0,670.0,680.0,1.49,12643.0,340.0,285.2
ADBL,4/5/2016,680.0,685.0,670.0,684.0,0.59,22777.0,340.0,285.2
ADBL,4/6/2016,684.0,689.0,677.0,680.0,-0.58,17535.0,340.0,285.2
ADBL,4/10/2016,680.0,685.0,670.0,671.0,-1.32,35135.0,340.0,285.2
ADBL,4/11/2016,583.0,584.0,572.0,576.0,-14.16,2445.0,340.0,285.2
ADBL,4/12/2016,576.0,565.0,560.0,560.0,-2.78,1071.0,340.0,285.2
ADBL,4/14/2016,560.0,591.0,560.0,591.0,5.54,3092.0,340.0,285.2
ADBL,4/17/2016,591.0,602.0,582.0,595.0,0.68,7426.0,340.0,285.2
ADBL,4/18/2016,595.0,612.0,570.0,612.0,2.86,12148.0,340.0,285.2
ADBL,4/19/2016,612.0,605.0,590.0,599.0,-2.12,2370.0,340.0,285.2
ADBL,4/20/2016,599.0,607.0,596.0,605.0,1.0,12246.0,340.0,285.2
ADBL,4/21/2016,605.0,630.0,595.0,630.0,4.13,26726.0,340.0,285.2
ADBL,4/24/2016,630.0,649.0,622.0,640.0,1.59,11906.0,340.0,285.2
ADBL,4/25/2016,640.0,663.0,641.0,655.0,2.34,11479.0,340.0,285.2
ADBL,4/26/2016,655.0,651.0,638.0,638.0,-2.6,6470.0,340.0,285.2
ADBL,4/27/2016,638.0,655.0,632.0,647.0,1.41,10197.0,340.0,285.2
ADBL,4/28/2016,647.0,651.0,638.0,638.0,-1.39,7618.0,340.0,285.2
ADBL,5/2/2016,638.0,645.0,627.0,640.0,0.31,18127.0,340.0,285.2
ADBL,5/3/2016,640.0,644.0,635.0,640.0,0.0,7259.0,340.0,285.2
ADBL,5/4/2016,640.0,639.0,629.0,632.0,-1.25,5406.0,340.0,285.2
ADBL,5/5/2016,632.0,632.0,610.0,632.0,0.0,6608.0,340.0,285.2
ADBL,5/8/2016,632.0,644.0,617.0,634.0,0.32,5668.0,340.0,285.2
ADBL,5/9/2016,634.0,663.0,640.0,649.0,2.37,20133.0,340.0,285.2
ADBL,5/10/2016,649.0,659.0,637.0,642.0,-1.08,3444.0,340.0,285.2
ADBL,5/11/2016,642.0,655.0,640.0,655.0,2.02,11538.0,340.0,285.2
ADBL,5/12/2016,655.0,673.0,655.0,673.0,2.75,26491.0,340.0,285.2
ADBL,5/15/2016,673.0,667.0,654.0,666.0,-1.04,4754.0,340.0,285.2
ADBL,5/16/2016,666.0,663.0,653.0,663.0,-0.45,4406.0,340.0,285.2
ADBL,5/17/2016,663.0,680.0,662.0,680.0,2.56,16189.0,340.0,285.2
ADBL,5/18/2016,680.0,693.0,680.0,683.0,0.44,7927.0,340.0,285.2
ADBL,5/19/2016,683.0,694.0,675.0,684.0,0.15,14300.0,340.0,285.2
ADBL,5/22/2016,684.0,686.0,670.0,680.0,-0.58,2404.0,340.0,285.2
ADBL,5/23/2016,680.0,690.0,677.0,685.0,0.74,14290.0,340.0,285.2
ADBL,5/24/2016,685.0,695.0,685.0,690.0,0.73,7665.0,340.0,285.2
ADBL,5/25/2016,690.0,692.0,671.0,682.0,-1.16,13438.0,340.0,285.2
ADBL,5/26/2016,682.0,689.0,657.0,679.0,-0.44,5751.0,340.0,285.2
ADBL,5/29/2016,679.0,679.0,660.0,679.0,0.0,10097.0,340.0,285.2
ADBL,5/30/2016,679.0,679.0,665.0,666.0,-1.91,6432.0,340.0,285.2
ADBL,5/31/2016,666.0,667.0,653.0,659.0,-1.05,7732.0,340.0,285.2
ADBL,6/1/2016,659.0,665.0,648.0,656.0,-0.46,10461.0,340.0,285.2
ADBL,6/2/2016,656.0,682.0,656.0,668.0,1.83,14888.0,340.0,285.2
ADBL,6/5/2016,668.0,674.0,650.0,668.0,0.0,8658.0,340.0,285.2
ADBL,6/6/2016,668.0,670.0,647.0,670.0,0.3,4113.0,340.0,285.2
ADBL,6/7/2016,670.0,680.0,661.0,677.0,1.04,9201.0,340.0,285.2
ADBL,6/8/2016,677.0,689.0,676.0,677.0,0.0,11892.0,340.0,285.2
ADBL,6/9/2016,677.0,694.0,677.0,677.0,0.0,7948.0,340.0,285.2
ADBL,6/12/2016,677.0,689.0,668.0,675.0,-0.3,4476.0,340.0,285.2
ADBL,6/13/2016,675.0,710.0,680.0,700.0,3.7,40671.0,340.0,285.2
ADBL,6/14/2016,700.0,725.0,710.0,721.0,3.0,35182.0,340.0,285.2
ADBL,6/15/2016,721.0,723.0,712.0,720.0,-0.14,11057.0,340.0,285.2
ADBL,6/16/2016,720.0,722.0,697.0,713.0,-0.97,14568.0,340.0,285.2
ADBL,6/19/2016,713.0,714.0,693.0,705.0,-1.12,18341.0,340.0,285.2
ADBL,6/20/2016,705.0,710.0,697.0,700.0,-0.71,10740.0,340.0,285.2
ADBL,6/21/2016,700.0,720.0,700.0,703.0,0.43,9949.0,340.0,285.2
ADBL,6/22/2016,703.0,728.0,706.0,720.0,2.42,11454.0,340.0,285.2
ADBL,6/23/2016,720.0,720.0,696.0,702.0,-2.5,6052.0,340.0,285.2
ADBL,6/26/2016,702.0,712.0,703.0,710.0,1.14,7223.0,340.0,285.2
ADBL,6/27/2016,710.0,739.0,713.0,739.0,4.08,22093.0,340.0,285.2
ADBL,6/28/2016,739.0,735.0,721.0,735.0,-0.54,12542.0,340.0,285.2
ADBL,6/29/2016,735.0,732.0,724.0,727.0,-1.09,10899.0,340.0,285.2
ADBL,6/30/2016,727.0,729.0,716.0,722.0,-0.69,19936.0,340.0,285.2
ADBL,7/3/2016,722.0,720.0,713.0,719.0,-0.42,11526.0,340.0,285.2
ADBL,7/4/2016,719.0,730.0,710.0,730.0,1.53,5677.0,340.0,285.2
ADBL,7/5/2016,730.0,750.0,713.0,745.0,2.05,20430.0,340.0,285.2
ADBL,7/6/2016,745.0,775.0,743.0,761.0,2.15,24816.0,340.0,285.2
ADBL,7/10/2016,761.0,765.0,740.0,761.0,0.0,4691.0,340.0,285.2
ADBL,7/11/2016,761.0,789.0,761.0,777.0,2.1,27375.0,340.0,285.2
ADBL,7/12/2016,777.0,784.0,720.0,766.0,-1.42,8705.0,340.0,285.2
ADBL,7/13/2016,766.0,768.0,740.0,760.0,-0.78,10620.0,340.0,285.2
ADBL,7/14/2016,760.0,775.0,755.0,768.0,1.05,11763.0,340.0,285.2
ADBL,7/17/2016,768.0,844.0,765.0,844.0,9.9,46553.0,340.0,285.2
ADBL,7/18/2016,844.0,865.0,814.0,833.0,-1.3,28713.0,340.0,285.2
ADBL,7/19/2016,833.0,899.0,830.0,888.0,6.6,53355.0,340.0,285.2
ADBL,7/20/2016,888.0,976.0,900.0,976.0,9.91,73449.0,340.0,285.2
ADBL,7/21/2016,976.0,1010.0,954.0,984.0,0.82,43680.0,340.0,285.2
ADBL,7/25/2016,984.0,1065.0,985.0,1065.0,8.23,63729.0,340.0,285.2
ADBL,7/26/2016,1065.0,1113.0,1045.0,1082.0,1.6,37909.0,340.0,285.2
ADBL,7/27/2016,1082.0,1099.0,1035.0,1081.0,-0.09,40667.0,340.0,285.2
ADBL,7/28/2016,1081.0,1069.0,1029.0,1060.0,-1.94,33191.0,340.0,285.2
ADBL,8/1/2016,1038.0,1050.0,995.0,1030.0,-2.83,33867.0,340.0,285.2
ADBL,8/2/2016,1030.0,1015.0,1000.0,1000.0,-2.91,58079.0,340.0,285.2
ADBL,8/4/2016,1002.0,995.0,955.0,970.0,-3.0,30904.0,340.0,285.2
ADBL,8/7/2016,970.0,1006.0,970.0,972.0,0.21,25130.0,340.0,285.2
ADBL,8/8/2016,972.0,965.0,901.0,905.0,-6.89,16460.0,340.0,285.2
ADBL,8/9/2016,905.0,995.0,923.0,995.0,9.94,3567.0,340.0,285.2
ADBL,8/10/2016,995.0,1020.0,936.0,1010.0,1.51,53909.0,340.0,285.2
ADBL,8/11/2016,1010.0,1020.0,992.0,1020.0,0.99,33089.0,340.0,285.2
ADBL,8/14/2016,1020.0,1001.0,955.0,968.0,-5.1,20556.0,340.0,285.2
ADBL,8/15/2016,968.0,1006.0,946.0,970.0,0.21,27993.0,340.0,285.2
ADBL,8/16/2016,970.0,1001.0,970.0,985.0,1.55,30158.0,340.0,285.2
ADBL,8/17/2016,985.0,1010.0,972.0,1000.0,1.52,16569.0,340.0,285.2
ADBL,8/21/2016,1000.0,1013.0,985.0,995.0,-0.5,8813.0,340.0,285.2
ADBL,8/22/2016,995.0,1000.0,962.0,964.0,-3.12,6697.0,340.0,285.2
ADBL,8/23/2016,964.0,983.0,948.0,970.0,0.62,12823.0,340.0,285.2
ADBL,8/24/2016,970.0,984.0,951.0,970.0,0.0,7338.0,340.0,285.2
ADBL,8/28/2016,970.0,980.0,958.0,965.0,-0.52,5090.0,340.0,285.2
ADBL,8/29/2016,965.0,995.0,965.0,983.0,1.87,14088.0,340.0,285.2
ADBL,8/30/2016,983.0,1002.0,983.0,999.0,1.63,16862.0,340.0,285.2
ADBL,8/31/2016,999.0,1005.0,985.0,999.0,0.0,19708.0,340.0,285.2
ADBL,9/1/2016,999.0,1010.0,990.0,998.0,-0.1,15887.0,340.0,285.2
ADBL,9/3/2016,998.0,1029.0,989.0,1020.0,2.2,13611.0,340.0,285.2
ADBL,9/4/2016,998.0,1029.0,989.0,1020.0,0.0,13611.0,340.0,285.2
ADBL,9/5/2016,1020.0,1056.0,1020.0,1043.0,2.25,34803.0,340.0,285.2
ADBL,9/6/2016,1043.0,1055.0,1011.0,1028.0,-1.44,25608.0,340.0,285.2
ADBL,9/7/2016,1028.0,1065.0,1011.0,1065.0,3.6,62511.0,340.0,285.2
ADBL,9/8/2016,1065.0,1058.0,1040.0,1054.0,-1.03,15717.0,340.0,285.2
ADBL,9/11/2016,1054.0,1075.0,1042.0,1050.0,-0.38,29449.0,340.0,285.2
ADBL,9/12/2016,1050.0,1060.0,1048.0,1050.0,0.0,29095.0,340.0,285.2
ADBL,9/14/2016,1050.0,1059.0,1046.0,1050.0,0.0,11695.0,340.0,285.2
ADBL,9/18/2016,1050.0,1052.0,1035.0,1050.0,0.0,11307.0,340.0,285.2
ADBL,9/20/2016,1050.0,1071.0,1040.0,1044.0,-0.57,42584.0,340.0,285.2
ADBL,9/21/2016,1044.0,1045.0,1020.0,1025.0,-1.82,24012.0,340.0,285.2
ADBL,9/22/2016,1025.0,1032.0,997.0,1019.0,-0.59,31362.0,340.0,285.2
ADBL,9/25/2016,1019.0,1020.0,990.0,995.0,-2.36,114461.0,340.0,285.2
ADBL,9/26/2016,697.0,690.0,659.0,675.0,-32.16,10691.0,340.0,285.2
ADBL,9/27/2016,675.0,684.0,672.0,672.0,-0.44,4456.0,340.0,285.2
ADBL,9/28/2016,672.0,677.0,670.0,672.0,0.0,1414.0,340.0,285.2
ADBL,9/29/2016,672.0,670.0,660.0,670.0,-0.3,3261.0,340.0,285.2
ADBL,10/2/2016,670.0,684.0,670.0,680.0,1.49,4644.0,340.0,285.2
ADBL,10/3/2016,680.0,690.0,670.0,672.0,-1.18,2351.0,340.0,285.2
ADBL,10/4/2016,672.0,680.0,667.0,668.0,-0.6,7550.0,340.0,285.2
ADBL,10/5/2016,668.0,680.0,667.0,680.0,1.8,1002.0,340.0,285.2
ADBL,10/6/2016,680.0,690.0,670.0,683.0,0.44,2238.0,340.0,285.2
ADBL,10/16/2016,683.0,703.0,679.0,683.0,0.0,1795.0,340.0,285.2
ADBL,10/17/2016,683.0,683.0,660.0,669.0,-2.05,3931.0,340.0,285.2
ADBL,10/18/2016,669.0,675.0,661.0,670.0,0.15,1206.0,340.0,285.2
ADBL,10/19/2016,670.0,670.0,660.0,665.0,-0.75,3950.0,340.0,285.2
ADBL,10/20/2016,665.0,677.0,661.0,669.0,0.6,2944.0,340.0,285.2
ADBL,10/23/2016,669.0,665.0,655.0,655.0,-2.09,6226.0,340.0,285.2
ADBL,10/24/2016,655.0,661.0,649.0,653.0,-0.31,7673.0,340.0,285.2
ADBL,10/25/2016,653.0,650.0,640.0,645.0,-1.23,3856.0,340.0,285.2
ADBL,10/26/2016,645.0,650.0,640.0,642.0,-0.47,4364.0,340.0,285.2
ADBL,10/27/2016,642.0,645.0,630.0,638.0,-0.62,2964.0,340.0,285.2
ADBL,11/3/2016,638.0,650.0,626.0,645.0,1.1,906.0,340.0,285.2
ADBL,11/7/2016,645.0,646.0,615.0,625.0,-3.1,1784.0,340.0,285.2
ADBL,11/8/2016,625.0,630.0,605.0,610.0,-2.4,5340.0,340.0,285.2
ADBL,11/9/2016,610.0,613.0,594.0,600.0,-1.64,5406.0,340.0,285.2
ADBL,11/10/2016,600.0,607.0,596.0,600.0,0.0,4874.0,340.0,285.2
ADBL,11/13/2016,600.0,610.0,598.0,600.0,0.0,7038.0,340.0,285.2
ADBL,11/14/2016,600.0,609.0,595.0,600.0,0.0,6752.0,340.0,285.2
ADBL,11/15/2016,600.0,612.0,590.0,596.0,-0.67,7995.0,340.0,285.2
ADBL,11/16/2016,596.0,600.0,588.0,595.0,-0.17,4803.0,340.0,285.2
ADBL,11/17/2016,595.0,595.0,580.0,580.0,-2.52,5087.0,340.0,285.2
ADBL,11/20/2016,580.0,571.0,530.0,556.0,-4.14,6046.0,340.0,285.2
ADBL,11/21/2016,556.0,565.0,541.0,555.0,-0.18,6653.0,340.0,285.2
ADBL,11/22/2016,555.0,560.0,538.0,550.0,-0.9,6174.0,340.0,285.2
ADBL,11/23/2016,550.0,540.0,520.0,525.0,-4.55,9827.0,340.0,285.2
ADBL,11/24/2016,525.0,540.0,523.0,527.0,0.38,10536.0,340.0,285.2
ADBL,11/27/2016,527.0,528.0,500.0,502.0,-4.74,14556.0,340.0,285.2
ADBL,11/28/2016,502.0,535.0,480.0,525.0,4.58,20030.0,340.0,285.2
ADBL,11/29/2016,525.0,560.0,505.0,555.0,5.71,6827.0,340.0,285.2
ADBL,11/30/2016,555.0,589.0,550.0,576.0,3.78,17082.0,340.0,285.2
ADBL,12/1/2016,576.0,590.0,556.0,575.0,-0.17,12639.0,340.0,285.2
ADBL,12/4/2016,575.0,571.0,558.0,558.0,-2.96,3739.0,340.0,285.2
ADBL,12/5/2016,558.0,558.0,530.0,545.0,-2.33,3418.0,340.0,285.2
ADBL,12/6/2016,545.0,555.0,540.0,550.0,0.92,3030.0,340.0,285.2
ADBL,12/7/2016,550.0,553.0,543.0,550.0,0.0,1850.0,340.0,285.2
ADBL,12/8/2016,550.0,550.0,540.0,540.0,-1.82,4444.0,340.0,285.2
ADBL,12/11/2016,540.0,541.0,529.0,530.0,-1.85,3290.0,340.0,285.2
ADBL,12/12/2016,530.0,530.0,515.0,525.0,-0.94,1484.0,340.0,285.2
ADBL,12/14/2016,525.0,535.0,525.0,530.0,0.95,5246.0,340.0,285.2
ADBL,12/15/2016,530.0,542.0,530.0,542.0,2.26,4365.0,340.0,285.2
ADBL,12/18/2016,542.0,540.0,525.0,540.0,-0.37,6847.0,340.0,285.2
ADBL,12/19/2016,540.0,535.0,520.0,520.0,-3.7,6963.0,340.0,285.2
ADBL,12/20/2016,520.0,530.0,505.0,520.0,0.0,9974.0,340.0,285.2
ADBL,12/21/2016,520.0,525.0,500.0,511.0,-1.73,6654.0,340.0,285.2
ADBL,12/22/2016,511.0,513.0,506.0,513.0,0.39,8026.0,340.0,285.2
ADBL,12/26/2016,513.0,510.0,497.0,497.0,-3.12,7763.0,340.0,285.2
ADBL,12/27/2016,497.0,506.0,483.0,495.0,-0.4,10568.0,340.0,285.2
ADBL,12/28/2016,495.0,505.0,495.0,498.0,0.61,5725.0,340.0,285.2
ADBL,12/29/2016,498.0,526.0,502.0,526.0,5.62,19494.0,340.0,285.2
ADBL,1/1/2017,526.0,555.0,535.0,545.0,3.61,18373.0,340.0,285.2
ADBL,1/2/2017,545.0,560.0,545.0,545.0,0.0,19457.0,340.0,285.2
ADBL,1/3/2017,545.0,550.0,530.0,530.0,-2.75,8202.0,340.0,285.2
ADBL,1/4/2017,530.0,535.0,510.0,530.0,0.0,6130.0,340.0,285.2
ADBL,1/5/2017,530.0,533.0,520.0,528.0,-0.38,8287.0,340.0,285.2
ADBL,1/8/2017,528.0,529.0,520.0,524.0,-0.76,5593.0,340.0,285.2
ADBL,1/9/2017,524.0,540.0,521.0,540.0,3.05,5545.0,340.0,285.2
ADBL,1/10/2017,540.0,550.0,540.0,540.0,0.0,4148.0,340.0,285.2
ADBL,1/11/2017,540.0,550.0,540.0,540.0,0.0,8359.0,340.0,285.2
ADBL,1/12/2017,540.0,546.0,531.0,542.0,0.37,5428.0,340.0,285.2
ADBL,1/15/2017,542.0,542.0,530.0,534.0,-1.48,2339.0,340.0,285.2
ADBL,1/16/2017,534.0,536.0,527.0,527.0,-1.31,2058.0,340.0,285.2
ADBL,1/17/2017,527.0,529.0,523.0,523.0,-0.76,3270.0,340.0,285.2
ADBL,1/18/2017,523.0,530.0,520.0,520.0,-0.57,3386.0,340.0,285.2
ADBL,1/19/2017,520.0,529.0,521.0,528.0,1.54,1913.0,340.0,285.2
ADBL,1/22/2017,528.0,531.0,526.0,526.0,-0.38,2773.0,340.0,285.2
ADBL,1/23/2017,526.0,524.0,520.0,520.0,-1.14,2679.0,340.0,285.2
ADBL,1/24/2017,520.0,530.0,500.0,508.0,-2.31,7839.0,340.0,285.2
ADBL,1/25/2017,508.0,505.0,480.0,490.0,-3.54,25727.0,340.0,285.2
ADBL,1/26/2017,490.0,490.0,455.0,460.0,-6.12,33136.0,340.0,285.2
ADBL,1/30/2017,460.0,465.0,442.0,442.0,-3.91,12799.0,340.0,285.2
ADBL,1/31/2017,442.0,464.0,435.0,458.0,3.62,11409.0,340.0,285.2
ADBL,2/1/2017,458.0,485.0,465.0,483.0,5.46,9886.0,340.0,285.2
ADBL,2/2/2017,483.0,500.0,480.0,483.0,0.0,15620.0,340.0,285.2
ADBL,2/5/2017,483.0,492.0,470.0,470.0,-2.69,3121.0,340.0,285.2
ADBL,2/6/2017,470.0,468.0,455.0,455.0,-3.19,5122.0,340.0,285.2
ADBL,2/7/2017,455.0,463.0,451.0,455.0,0.0,4245.0,340.0,285.2
ADBL,2/8/2017,455.0,460.0,448.0,450.0,-1.1,9700.0,340.0,285.2
ADBL,2/9/2017,450.0,453.0,440.0,445.0,-1.11,12428.0,340.0,285.2
ADBL,2/12/2017,445.0,453.0,416.0,429.0,-3.6,11551.0,340.0,285.2
ADBL,2/13/2017,429.0,443.0,413.0,440.0,2.56,11039.0,340.0,285.2
ADBL,2/14/2017,440.0,447.0,424.0,437.0,-0.68,13085.0,340.0,285.2
ADBL,2/15/2017,437.0,456.0,442.0,453.0,3.66,12899.0,340.0,285.2
ADBL,2/16/2017,453.0,460.0,450.0,453.0,0.0,16259.0,340.0,285.2
ADBL,2/19/2017,453.0,452.0,441.0,445.0,-1.77,23260.0,340.0,285.2
ADBL,2/20/2017,445.0,455.0,440.0,440.0,-1.12,17150.0,340.0,285.2
ADBL,2/21/2017,440.0,465.0,437.0,439.0,-0.23,18863.0,340.0,285.2
ADBL,2/22/2017,439.0,442.0,430.0,434.0,-1.14,22813.0,340.0,285.2
ADBL,2/23/2017,434.0,442.0,427.0,440.0,1.38,14367.0,340.0,285.2
ADBL,2/26/2017,440.0,445.0,430.0,434.0,-1.36,6391.0,340.0,285.2
ADBL,2/28/2017,434.0,426.0,417.0,421.0,-3.0,16732.0,340.0,285.2
ADBL,3/1/2017,421.0,430.0,421.0,430.0,2.14,5008.0,340.0,285.2
ADBL,3/2/2017,430.0,435.0,425.0,435.0,1.16,5828.0,340.0,285.2
ADBL,3/5/2017,435.0,448.0,432.0,443.0,1.84,12347.0,340.0,285.2
ADBL,3/6/2017,443.0,456.0,446.0,449.0,1.35,9615.0,340.0,285.2
ADBL,3/7/2017,449.0,443.0,439.0,439.0,-2.23,5596.0,340.0,285.2
ADBL,3/9/2017,439.0,452.0,444.0,445.0,1.37,3547.0,340.0,285.2
ADBL,3/13/2017,445.0,450.0,440.0,440.0,-1.12,5870.0,340.0,285.2
ADBL,3/14/2017,440.0,450.0,440.0,441.0,0.23,9273.0,340.0,285.2
ADBL,3/15/2017,441.0,449.0,443.0,448.0,1.59,3091.0,340.0,285.2
ADBL,3/16/2017,448.0,452.0,441.0,445.0,-0.67,9046.0,340.0,285.2
ADBL,3/19/2017,445.0,454.0,445.0,451.0,1.35,10196.0,340.0,285.2
ADBL,3/20/2017,451.0,465.0,455.0,461.0,2.22,16216.0,340.0,285.2
ADBL,3/21/2017,461.0,484.0,460.0,484.0,4.99,26819.0,340.0,285.2
ADBL,3/22/2017,484.0,515.0,485.0,492.0,1.65,45578.0,340.0,285.2
ADBL,3/23/2017,492.0,514.0,493.0,511.0,3.86,42052.0,340.0,285.2
ADBL,3/26/2017,511.0,562.0,512.0,562.0,9.98,86224.0,340.0,285.2
ADBL,3/28/2017,562.0,606.0,573.0,595.0,5.87,63335.0,340.0,285.2
ADBL,3/29/2017,595.0,615.0,550.0,565.0,-5.04,118955.0,340.0,285.2
ADBL,3/30/2017,565.0,577.0,555.0,574.0,1.59,151987.0,340.0,285.2
ADBL,4/3/2017,478.0,525.0,487.0,504.0,-12.2,86048.0,340.0,285.2
ADBL,4/4/2017,504.0,508.0,480.0,495.0,-1.79,38622.0,340.0,285.2
ADBL,4/6/2017,495.0,495.0,474.0,482.0,-2.63,42085.0,340.0,285.2
ADBL,4/9/2017,482.0,485.0,470.0,472.0,-2.07,26361.0,340.0,285.2
ADBL,4/10/2017,472.0,485.0,467.0,471.0,-0.21,24705.0,340.0,285.2
ADBL,4/11/2017,471.0,494.0,470.0,489.0,3.82,29427.0,340.0,285.2
ADBL,4/12/2017,489.0,500.0,480.0,480.0,-1.84,43976.0,340.0,285.2
ADBL,4/13/2017,480.0,482.0,468.0,472.0,-1.67,25576.0,340.0,285.2
ADBL,4/16/2017,472.0,481.0,457.0,460.0,-2.54,14433.0,340.0,285.2
ADBL,4/18/2017,460.0,460.0,443.0,450.0,-2.17,26897.0,340.0,285.2
ADBL,4/19/2017,450.0,469.0,453.0,463.0,2.89,15551.0,340.0,285.2
ADBL,4/20/2017,463.0,483.0,463.0,465.0,0.43,32994.0,340.0,285.2
ADBL,4/23/2017,465.0,511.0,472.0,472.0,1.51,45549.0,340.0,285.2
ADBL,4/24/2017,472.0,474.0,466.0,469.0,-0.64,23133.0,340.0,285.2
ADBL,4/25/2017,469.0,472.0,464.0,469.0,0.0,17195.0,340.0,285.2
ADBL,4/26/2017,469.0,472.0,465.0,467.0,-0.43,9098.0,340.0,285.2
ADBL,4/27/2017,467.0,475.0,463.0,466.0,-0.21,15743.0,340.0,285.2
ADBL,4/30/2017,466.0,470.0,454.0,459.0,-1.5,18728.0,340.0,285.2
ADBL,5/2/2017,459.0,468.0,445.0,461.0,0.44,22562.0,340.0,285.2
ADBL,5/3/2017,461.0,478.0,457.0,461.0,0.0,13689.0,340.0,285.2
ADBL,5/4/2017,461.0,478.0,454.0,460.0,-0.22,10579.0,340.0,285.2
ADBL,5/7/2017,460.0,464.0,453.0,454.0,-1.3,5619.0,340.0,285.2
ADBL,5/8/2017,454.0,465.0,446.0,460.0,1.32,16791.0,340.0,285.2
ADBL,5/9/2017,460.0,461.0,452.0,457.0,-0.65,21081.0,340.0,285.2
ADBL,5/11/2017,457.0,466.0,461.0,464.0,1.53,12423.0,340.0,285.2
ADBL,5/15/2017,464.0,471.0,460.0,465.0,0.22,10542.0,340.0,285.2
ADBL,5/16/2017,465.0,465.0,455.0,456.0,-1.94,7225.0,340.0,285.2
ADBL,5/17/2017,456.0,460.0,454.0,455.0,-0.22,4811.0,340.0,285.2
ADBL,5/18/2017,455.0,458.0,450.0,451.0,-0.88,6117.0,340.0,285.2
ADBL,5/21/2017,451.0,460.0,444.0,450.0,-0.22,10460.0,340.0,285.2
ADBL,5/22/2017,450.0,450.0,441.0,448.0,-0.44,3174.0,340.0,285.2
ADBL,5/23/2017,448.0,455.0,443.0,450.0,0.45,6912.0,340.0,285.2
ADBL,5/24/2017,450.0,456.0,448.0,455.0,1.11,11662.0,340.0,285.2
ADBL,5/28/2017,455.0,455.0,445.0,450.0,-1.1,9086.0,340.0,285.2
ADBL,5/30/2017,450.0,450.0,441.0,444.0,-1.33,7182.0,340.0,285.2
ADBL,5/31/2017,444.0,455.0,439.0,450.0,1.35,8719.0,340.0,285.2
ADBL,6/1/2017,450.0,459.0,444.0,446.0,-0.89,14518.0,340.0,285.2
ADBL,6/4/2017,446.0,450.0,440.0,445.0,-0.22,10779.0,340.0,285.2
ADBL,6/5/2017,445.0,450.0,443.0,443.0,-0.45,12176.0,340.0,285.2
ADBL,6/6/2017,443.0,458.0,448.0,454.0,2.48,10899.0,340.0,285.2
ADBL,6/7/2017,454.0,463.0,450.0,453.0,-0.22,14334.0,340.0,285.2
ADBL,6/8/2017,453.0,452.0,444.0,449.0,-0.88,6842.0,340.0,285.2
ADBL,6/11/2017,449.0,448.0,440.0,444.0,-1.11,7886.0,340.0,285.2
ADBL,6/12/2017,444.0,446.0,434.0,445.0,0.23,9184.0,340.0,285.2
ADBL,6/13/2017,445.0,444.0,435.0,435.0,-2.25,13963.0,340.0,285.2
ADBL,6/14/2017,435.0,440.0,434.0,435.0,0.0,8869.0,340.0,285.2
ADBL,6/15/2017,435.0,442.0,432.0,440.0,1.15,15064.0,340.0,285.2
ADBL,6/18/2017,440.0,440.0,428.0,431.0,-2.05,19261.0,340.0,285.2
ADBL,6/19/2017,431.0,431.0,417.0,427.0,-0.93,21359.0,340.0,285.2
ADBL,6/20/2017,427.0,429.0,415.0,423.0,-0.94,12740.0,340.0,285.2
ADBL,6/21/2017,423.0,425.0,417.0,421.0,-0.47,6334.0,340.0,285.2
ADBL,6/22/2017,421.0,429.0,420.0,421.0,0.0,16465.0,340.0,285.2
ADBL,6/25/2017,421.0,426.0,419.0,423.0,0.48,10516.0,340.0,285.2
ADBL,6/27/2017,423.0,425.0,420.0,422.0,-0.24,11352.0,340.0,285.2
ADBL,6/28/2017,422.0,428.0,415.0,428.0,1.42,10162.0,340.0,285.2
ADBL,7/2/2017,428.0,430.0,419.0,428.0,0.0,14946.0,340.0,285.2
ADBL,7/3/2017,428.0,430.0,420.0,423.0,-1.17,7794.0,340.0,285.2
ADBL,7/4/2017,423.0,426.0,419.0,420.0,-0.71,13712.0,340.0,285.2
ADBL,7/5/2017,420.0,425.0,419.0,425.0,1.19,11348.0,340.0,285.2
ADBL,7/6/2017,425.0,437.0,425.0,437.0,2.82,18660.0,340.0,285.2
ADBL,7/9/2017,437.0,446.0,430.0,441.0,0.92,20091.0,340.0,285.2
ADBL,7/10/2017,441.0,440.0,430.0,433.0,-1.81,12785.0,340.0,285.2
ADBL,7/11/2017,433.0,440.0,430.0,435.0,0.46,9864.0,340.0,285.2
ADBL,7/12/2017,435.0,440.0,432.0,432.0,-0.69,8794.0,340.0,285.2
ADBL,7/13/2017,432.0,437.0,430.0,435.0,0.69,12875.0,340.0,285.2
ADBL,7/16/2017,435.0,435.0,430.0,433.0,-0.46,4465.0,340.0,285.2
ADBL,7/17/2017,433.0,448.0,433.0,448.0,3.46,16129.0,340.0,285.2
ADBL,7/18/2017,448.0,472.0,449.0,472.0,5.36,27796.0,340.0,285.2
ADBL,7/19/2017,472.0,470.0,460.0,460.0,-2.54,21239.0,340.0,285.2
ADBL,7/20/2017,460.0,465.0,454.0,461.0,0.22,10954.0,340.0,285.2
ADBL,7/23/2017,461.0,465.0,455.0,459.0,-0.43,16709.0,340.0,285.2
ADBL,7/24/2017,459.0,460.0,454.0,455.0,-0.87,13393.0,340.0,285.2
ADBL,7/25/2017,455.0,461.0,454.0,458.0,0.66,16138.0,340.0,285.2
ADBL,7/26/2017,458.0,460.0,448.0,450.0,-1.75,22953.0,340.0,285.2
ADBL,7/27/2017,450.0,460.0,450.0,460.0,2.22,11335.0,340.0,285.2
ADBL,7/30/2017,460.0,461.0,445.0,451.0,-1.96,9537.0,340.0,285.2
ADBL,7/31/2017,451.0,459.0,450.0,453.0,0.44,12315.0,340.0,285.2
ADBL,8/1/2017,453.0,469.0,450.0,454.0,0.22,9280.0,340.0,285.2
ADBL,8/2/2017,454.0,456.0,453.0,454.0,0.0,12168.0,340.0,285.2
ADBL,8/3/2017,454.0,459.0,450.0,453.0,-0.22,14097.0,340.0,285.2
ADBL,8/6/2017,453.0,456.0,450.0,454.0,0.22,18930.0,340.0,285.2
ADBL,8/7/2017,454.0,463.0,452.0,453.0,-0.22,11926.0,340.0,285.2
ADBL,8/9/2017,453.0,460.0,444.0,450.0,-0.66,17516.0,340.0,285.2
ADBL,8/10/2017,450.0,454.0,443.0,450.0,0.0,21245.0,340.0,285.2
ADBL,8/13/2017,450.0,449.0,440.0,445.0,-1.11,14415.0,340.0,285.2
ADBL,8/15/2017,445.0,446.0,441.0,441.0,-0.9,15104.0,340.0,285.2
ADBL,8/16/2017,441.0,448.0,442.0,444.0,0.68,11304.0,340.0,285.2
ADBL,8/17/2017,444.0,449.0,438.0,443.0,-0.23,23326.0,340.0,285.2
ADBL,8/20/2017,443.0,444.0,435.0,440.0,-0.68,16054.0,340.0,285.2
ADBL,8/21/2017,440.0,442.0,432.0,438.0,-0.45,5674.0,340.0,285.2
ADBL,8/22/2017,438.0,442.0,436.0,441.0,0.68,12396.0,340.0,285.2
ADBL,8/23/2017,441.0,442.0,438.0,441.0,0.0,7718.0,340.0,285.2
ADBL,8/24/2017,441.0,453.0,434.0,443.0,0.45,11438.0,340.0,285.2
ADBL,8/27/2017,443.0,451.0,443.0,446.0,0.68,3889.0,340.0,285.2
ADBL,8/28/2017,446.0,452.0,444.0,446.0,0.0,7897.0,340.0,285.2
ADBL,8/30/2017,446.0,443.0,435.0,438.0,-1.79,14820.0,340.0,285.2
ADBL,8/31/2017,438.0,438.0,432.0,437.0,-0.23,15528.0,340.0,285.2
ADBL,9/4/2017,437.0,439.0,426.0,430.0,-1.6,33009.0,340.0,285.2
ADBL,9/6/2017,430.0,440.0,425.0,438.0,1.86,11603.0,340.0,285.2
ADBL,9/7/2017,438.0,438.0,426.0,428.0,-2.28,34082.0,340.0,285.2
ADBL,9/10/2017,428.0,431.0,423.0,425.0,-0.7,37704.0,340.0,285.2
ADBL,9/11/2017,425.0,430.0,420.0,424.0,-0.24,17950.0,340.0,285.2
ADBL,9/12/2017,424.0,426.0,420.0,421.0,-0.71,27903.0,340.0,285.2
ADBL,9/13/2017,421.0,423.0,418.0,420.0,-0.24,32249.0,340.0,285.2
ADBL,9/14/2017,420.0,447.0,419.0,447.0,6.43,42524.0,340.0,285.2
ADBL,9/17/2017,447.0,459.0,438.0,447.0,0.0,49764.0,340.0,285.2
ADBL,9/18/2017,447.0,452.0,443.0,443.0,-0.89,33400.0,340.0,285.2
ADBL,9/20/2017,443.0,443.0,435.0,439.0,-0.9,10450.0,340.0,285.2
ADBL,9/24/2017,439.0,443.0,439.0,441.0,0.46,3718.0,340.0,285.2
ADBL,9/25/2017,441.0,448.0,440.0,448.0,1.59,2882.0,340.0,285.2
ADBL,9/26/2017,448.0,449.0,443.0,448.0,0.0,5132.0,340.0,285.2
ADBL,10/3/2017,448.0,453.0,446.0,453.0,1.12,3164.0,340.0,285.2
ADBL,10/4/2017,453.0,450.0,437.0,440.0,-2.87,6475.0,340.0,285.2
ADBL,10/8/2017,440.0,432.0,420.0,432.0,-1.82,15759.0,340.0,285.2
ADBL,10/9/2017,432.0,433.0,425.0,431.0,-0.23,17649.0,340.0,285.2
ADBL,10/10/2017,431.0,438.0,423.0,427.0,-0.93,19003.0,340.0,285.2
ADBL,10/11/2017,427.0,431.0,425.0,428.0,0.23,11993.0,340.0,285.2
ADBL,10/12/2017,428.0,435.0,428.0,429.0,0.23,5474.0,340.0,285.2
ADBL,10/15/2017,429.0,433.0,427.0,433.0,0.93,5553.0,340.0,285.2
ADBL,10/16/2017,433.0,451.0,434.0,442.0,2.08,18696.0,340.0,285.2
ADBL,10/17/2017,442.0,450.0,436.0,449.0,1.58,12124.0,340.0,285.2
ADBL,10/18/2017,449.0,450.0,438.0,444.0,-1.11,12688.0,340.0,285.2
ADBL,10/22/2017,444.0,458.0,436.0,450.0,1.35,11183.0,340.0,285.2
ADBL,10/23/2017,450.0,455.0,445.0,449.0,-0.22,12644.0,340.0,285.2
ADBL,10/24/2017,449.0,452.0,445.0,448.0,-0.22,9549.0,340.0,285.2
ADBL,10/25/2017,448.0,451.0,444.0,449.0,0.22,17137.0,340.0,285.2
ADBL,10/29/2017,449.0,447.0,440.0,442.0,-1.56,7203.0,340.0,285.2
ADBL,10/30/2017,442.0,443.0,437.0,437.0,-1.13,13723.0,340.0,285.2
ADBL,10/31/2017,437.0,440.0,433.0,437.0,0.0,8889.0,340.0,285.2
ADBL,11/1/2017,437.0,437.0,429.0,434.0,-0.69,6291.0,340.0,285.2
ADBL,11/2/2017,434.0,442.0,430.0,440.0,1.38,8331.0,340.0,285.2
ADBL,11/5/2017,440.0,440.0,424.0,430.0,-2.27,16936.0,340.0,285.2
ADBL,11/6/2017,430.0,430.0,420.0,429.0,-0.23,29796.0,340.0,285.2
ADBL,11/7/2017,429.0,436.0,420.0,422.0,-1.63,26141.0,340.0,285.2
ADBL,11/8/2017,422.0,422.0,414.0,416.0,-1.42,17305.0,340.0,285.2
ADBL,11/9/2017,416.0,427.0,412.0,415.0,-0.24,9434.0,340.0,285.2
ADBL,11/12/2017,415.0,425.0,415.0,423.0,1.93,9098.0,340.0,285.2
ADBL,11/13/2017,423.0,428.0,420.0,428.0,1.18,14684.0,340.0,285.2
ADBL,11/14/2017,428.0,434.0,424.0,432.0,0.93,14580.0,340.0,285.2
ADBL,11/15/2017,432.0,432.0,426.0,428.0,-0.93,3596.0,340.0,285.2
ADBL,11/16/2017,428.0,435.0,420.0,420.0,-1.87,13740.0,340.0,285.2
ADBL,11/19/2017,420.0,422.0,412.0,420.0,0.0,13373.0,340.0,285.2
ADBL,11/20/2017,420.0,422.0,418.0,421.0,0.24,4579.0,340.0,285.2
ADBL,11/21/2017,421.0,425.0,421.0,423.0,0.48,4762.0,340.0,285.2
ADBL,11/22/2017,423.0,429.0,421.0,425.0,0.47,5998.0,340.0,285.2
ADBL,11/23/2017,425.0,430.0,425.0,425.0,0.0,7260.0,340.0,285.2
ADBL,11/26/2017,425.0,441.0,425.0,432.0,1.65,10953.0,340.0,285.2
ADBL,11/27/2017,432.0,435.0,430.0,430.0,-0.46,6918.0,340.0,285.2
ADBL,11/28/2017,430.0,432.0,425.0,431.0,0.23,12551.0,340.0,285.2
ADBL,11/29/2017,431.0,439.0,430.0,436.0,1.16,19013.0,340.0,285.2
ADBL,11/30/2017,436.0,438.0,431.0,437.0,0.23,10518.0,340.0,285.2
ADBL,12/4/2017,437.0,437.0,430.0,435.0,-0.46,10306.0,340.0,285.2
ADBL,12/5/2017,435.0,442.0,430.0,431.0,-0.92,6588.0,340.0,285.2
ADBL,12/6/2017,431.0,437.0,426.0,435.0,0.93,9725.0,340.0,285.2
ADBL,12/10/2017,435.0,451.0,428.0,430.0,-1.15,11646.0,340.0,285.2
ADBL,12/11/2017,430.0,433.0,424.0,431.0,0.23,12873.0,340.0,285.2
ADBL,12/12/2017,431.0,431.0,426.0,427.0,-0.93,15642.0,340.0,285.2
ADBL,12/13/2017,427.0,431.0,421.0,428.0,0.23,4262.0,340.0,285.2
ADBL,12/14/2017,428.0,433.0,424.0,425.0,-0.7,5967.0,340.0,285.2
ADBL,12/17/2017,425.0,430.0,423.0,423.0,-0.47,6121.0,340.0,285.2
ADBL,12/18/2017,423.0,426.0,422.0,426.0,0.71,4333.0,340.0,285.2
ADBL,12/19/2017,426.0,426.0,421.0,424.0,-0.47,8052.0,340.0,285.2
ADBL,12/20/2017,424.0,426.0,419.0,422.0,-0.47,3192.0,340.0,285.2
ADBL,12/21/2017,422.0,423.0,417.0,420.0,-0.47,7557.0,340.0,285.2
ADBL,12/24/2017,420.0,428.0,420.0,421.0,0.24,7917.0,340.0,285.2
ADBL,12/26/2017,421.0,426.0,411.0,420.0,-0.24,7244.0,340.0,285.2
ADBL,12/27/2017,420.0,418.0,408.0,415.0,-1.19,11368.0,340.0,285.2
ADBL,12/28/2017,415.0,417.0,400.0,410.0,-1.2,9917.0,340.0,285.2
ADBL,12/31/2017,410.0,409.0,400.0,402.0,-1.95,27546.0,340.0,285.2
ADBL,1/1/2018,402.0,414.0,405.0,414.0,2.99,6665.0,340.0,285.2
ADBL,1/2/2018,414.0,430.0,416.0,425.0,2.66,55870.0,340.0,285.2
ADBL,1/3/2018,425.0,428.0,419.0,422.0,-0.71,15373.0,340.0,285.2
ADBL,1/4/2018,422.0,421.0,416.0,421.0,-0.24,5788.0,340.0,285.2
ADBL,1/7/2018,421.0,429.0,416.0,423.0,0.48,18051.0,340.0,285.2
ADBL,1/8/2018,423.0,430.0,420.0,425.0,0.47,8389.0,340.0,285.2
ADBL,1/9/2018,425.0,427.0,422.0,425.0,0.0,7302.0,340.0,285.2
ADBL,1/10/2018,425.0,427.0,421.0,425.0,0.0,7277.0,340.0,285.2
ADBL,1/14/2018,425.0,427.0,417.0,420.0,-1.18,10523.0,340.0,285.2
ADBL,1/16/2018,420.0,421.0,415.0,417.0,-0.71,4270.0,340.0,285.2
ADBL,1/17/2018,417.0,417.0,409.0,413.0,-0.96,6401.0,340.0,285.2
ADBL,1/21/2018,413.0,420.0,413.0,419.0,1.45,21733.0,340.0,285.2
ADBL,1/22/2018,419.0,422.0,418.0,420.0,0.24,18056.0,340.0,285.2
ADBL,1/23/2018,420.0,421.0,415.0,416.0,-0.95,15725.0,340.0,285.2
ADBL,1/24/2018,416.0,420.0,412.0,419.0,0.72,14131.0,340.0,285.2
ADBL,1/25/2018,419.0,420.0,417.0,420.0,0.24,13110.0,340.0,285.2
ADBL,1/28/2018,420.0,423.0,415.0,415.0,-1.19,49337.0,340.0,285.2
ADBL,1/29/2018,346.0,347.0,340.0,340.0,-18.07,8266.0,340.0,285.2
ADBL,1/31/2018,340.0,344.0,340.0,344.0,1.18,4790.0,340.0,285.2
ADBL,2/1/2018,344.0,345.0,343.0,344.0,0.0,6191.0,340.0,285.2
ADBL,2/4/2018,344.0,350.0,342.0,350.0,1.74,8959.0,340.0,285.2
ADBL,2/5/2018,350.0,350.0,342.0,342.0,-2.29,8109.0,340.0,285.2
ADBL,2/6/2018,342.0,347.0,340.0,347.0,1.46,5214.0,340.0,285.2
ADBL,2/7/2018,347.0,346.0,341.0,342.0,-1.44,5012.0,340.0,285.2
ADBL,2/8/2018,342.0,345.0,336.0,342.0,0.0,3523.0,340.0,285.2
ADBL,2/11/2018,342.0,343.0,341.0,342.0,0.0,1760.0,340.0,285.2
ADBL,2/12/2018,342.0,342.0,340.0,340.0,-0.58,3785.0,340.0,285.2
ADBL,2/14/2018,340.0,342.0,335.0,340.0,0.0,4167.0,340.0,285.2
ADBL,2/15/2018,340.0,350.0,341.0,350.0,2.94,7548.0,340.0,285.2
ADBL,2/18/2018,355.0,359.0,348.0,350.0,0.0,11904.0,340.0,285.2
ADBL,2/20/2018,350.0,351.0,340.0,340.0,-2.86,6728.0,340.0,285.2
ADBL,2/21/2018,341.0,341.0,339.0,340.0,0.0,2461.0,340.0,285.2
ADBL,2/22/2018,341.0,342.0,338.0,340.0,0.0,4099.0,340.0,285.2
ADBL,2/25/2018,342.0,342.0,335.0,338.0,-0.59,3932.0,340.0,285.2
ADBL,2/26/2018,337.0,337.0,335.0,335.0,-0.89,4951.0,340.0,285.2
ADBL,2/27/2018,334.0,342.0,332.0,338.0,0.9,4409.0,340.0,285.2
ADBL,2/28/2018,338.0,339.0,334.0,334.0,-1.18,13018.0,340.0,285.2
ADBL,3/4/2018,328.0,330.0,325.0,328.0,-1.8,16726.0,340.0,285.2
ADBL,3/5/2018,329.0,330.0,323.0,324.0,-1.22,16594.0,340.0,285.2
ADBL,3/6/2018,320.0,328.0,320.0,327.0,0.93,5748.0,340.0,285.2
ADBL,3/7/2018,327.0,333.0,327.0,330.0,0.92,6817.0,340.0,285.2
ADBL,3/11/2018,331.0,331.0,326.0,326.0,-1.21,6491.0,340.0,285.2
ADBL,3/12/2018,326.0,331.0,326.0,328.0,0.61,10231.0,340.0,285.2
ADBL,3/13/2018,328.0,333.0,327.0,333.0,1.52,8561.0,340.0,285.2
ADBL,3/14/2018,330.0,335.0,328.0,335.0,0.6,8410.0,340.0,285.2
ADBL,3/15/2018,330.0,337.0,330.0,335.0,0.0,10440.0,340.0,285.2
ADBL,3/18/2018,339.0,339.0,333.0,334.0,-0.3,5791.0,340.0,285.2
ADBL,3/19/2018,335.0,335.0,325.0,325.0,-2.69,5937.0,340.0,285.2
ADBL,3/20/2018,321.0,327.0,321.0,323.0,-0.62,2133.0,340.0,285.2
ADBL,3/21/2018,317.0,321.0,314.0,316.0,-2.17,11081.0,340.0,285.2
ADBL,3/22/2018,319.0,320.0,310.0,316.0,0.0,6600.0,340.0,285.2
ADBL,3/26/2018,310.0,313.0,299.0,300.0,-5.06,10390.0,340.0,285.2
ADBL,3/27/2018,306.0,326.0,283.0,316.0,5.33,16469.0,340.0,285.2
ADBL,3/28/2018,316.0,317.0,307.0,311.0,-1.58,12154.0,340.0,285.2
ADBL,3/29/2018,311.0,320.0,311.0,318.0,2.25,8252.0,340.0,285.2
ADBL,4/1/2018,320.0,320.0,308.0,313.0,-1.57,6979.0,340.0,285.2
ADBL,4/2/2018,314.0,318.0,310.0,314.0,0.32,6267.0,340.0,285.2
ADBL,4/3/2018,310.0,318.0,310.0,315.0,0.32,3431.0,340.0,285.2
ADBL,4/4/2018,316.0,326.0,315.0,325.0,3.17,12813.0,340.0,285.2
ADBL,4/5/2018,330.0,335.0,321.0,331.0,1.85,22167.0,340.0,285.2
ADBL,4/8/2018,333.0,348.0,331.0,340.0,2.72,17000.0,340.0,285.2
ADBL,4/9/2018,341.0,346.0,334.0,335.0,-1.47,13810.0,340.0,285.2
ADBL,4/10/2018,330.0,337.0,325.0,334.0,-0.3,6099.0,340.0,285.2
ADBL,4/11/2018,332.0,335.0,328.0,335.0,0.3,5135.0,340.0,285.2
ADBL,4/12/2018,336.0,340.0,332.0,337.0,0.6,9067.0,340.0,285.2
ADBL,4/15/2018,335.0,340.0,326.0,340.0,0.89,7648.0,340.0,285.2
ADBL,4/16/2018,340.0,341.0,335.0,338.0,-0.59,5765.0,340.0,285.2
ADBL,4/17/2018,340.0,343.0,336.0,337.0,-0.3,17345.0,340.0,285.2
ADBL,4/18/2018,340.0,354.0,337.0,345.0,2.37,17497.0,340.0,285.2
ADBL,4/19/2018,351.0,353.0,347.0,351.0,1.74,24467.0,340.0,285.2
ADBL,4/22/2018,352.0,370.0,352.0,369.0,5.13,36790.0,340.0,285.2
ADBL,4/23/2018,376.0,382.0,360.0,360.0,-2.44,39505.0,340.0,285.2
ADBL,4/24/2018,355.0,365.0,345.0,359.0,-0.28,16417.0,340.0,285.2
ADBL,4/25/2018,360.0,360.0,351.0,352.0,-1.95,10118.0,340.0,285.2
ADBL,4/26/2018,353.0,354.0,345.0,348.0,-1.14,10047.0,340.0,285.2
ADBL,4/29/2018,342.0,348.0,337.0,344.0,-1.15,10608.0,340.0,285.2
ADBL,5/2/2018,340.0,342.0,338.0,341.0,-0.87,5447.0,340.0,285.2
ADBL,5/3/2018,343.0,352.0,343.0,346.0,1.47,9858.0,340.0,285.2
ADBL,5/6/2018,346.0,346.0,343.0,343.0,-0.87,9671.0,340.0,285.2
ADBL,5/7/2018,340.0,345.0,339.0,343.0,0.0,6251.0,340.0,285.2
ADBL,5/8/2018,343.0,343.0,340.0,343.0,0.0,5181.0,340.0,285.2
ADBL,5/9/2018,345.0,347.0,344.0,344.0,0.29,6849.0,340.0,285.2
ADBL,5/10/2018,340.0,346.0,337.0,343.0,-0.29,11575.0,340.0,285.2
ADBL,5/14/2018,339.0,344.0,338.0,341.0,-0.58,4201.0,340.0,285.2
ADBL,5/15/2018,341.0,342.0,337.0,339.0,-0.59,2916.0,340.0,285.2
ADBL,5/16/2018,338.0,344.0,337.0,341.0,0.59,3039.0,340.0,285.2
ADBL,5/17/2018,342.0,343.0,339.0,339.0,-0.59,6983.0,340.0,285.2
ADBL,5/20/2018,342.0,344.0,338.0,340.0,0.29,9261.0,340.0,285.2
ADBL,5/21/2018,335.0,340.0,335.0,340.0,0.0,10925.0,340.0,285.2
ADBL,5/22/2018,335.0,340.0,335.0,337.0,-0.88,6973.0,340.0,285.2
ADBL,5/23/2018,340.0,340.0,334.0,334.0,-0.89,8116.0,340.0,285.2
ADBL,5/24/2018,335.0,338.0,335.0,335.0,0.3,5963.0,340.0,285.2
ADBL,5/27/2018,335.0,335.0,330.0,332.0,-0.9,6118.0,340.0,285.2
ADBL,5/28/2018,330.0,347.0,328.0,340.0,2.41,5764.0,340.0,285.2
ADBL,5/29/2018,340.0,342.0,334.0,337.0,-0.88,9698.0,340.0,285.2
ADBL,5/30/2018,337.0,340.0,335.0,340.0,0.89,11065.0,340.0,285.2
ADBL,5/31/2018,340.0,340.0,337.0,339.0,-0.29,8381.0,340.0,285.2
ADBL,6/3/2018,335.0,336.0,326.0,330.0,-2.65,14980.0,340.0,285.2
ADBL,6/4/2018,326.0,331.0,324.0,329.0,-0.3,6154.0,340.0,285.2
ADBL,6/6/2018,332.0,340.0,332.0,336.0,2.13,3379.0,340.0,285.2
ADBL,6/7/2018,336.0,336.0,325.0,327.0,-2.68,3481.0,340.0,285.2
ADBL,6/10/2018,327.0,327.0,314.0,317.0,-3.06,9920.0,340.0,285.2
ADBL,6/11/2018,317.0,326.0,316.0,323.0,1.89,5594.0,340.0,285.2
ADBL,6/12/2018,319.0,323.0,317.0,320.0,-0.93,3235.0,340.0,285.2
ADBL,6/13/2018,320.0,322.0,316.0,318.0,-0.62,3924.0,340.0,285.2
ADBL,6/14/2018,319.0,324.0,319.0,321.0,0.94,3956.0,340.0,285.2
ADBL,6/17/2018,320.0,320.0,314.0,320.0,-0.31,1083.0,340.0,285.2
ADBL,6/18/2018,320.0,320.0,310.0,320.0,0.0,6878.0,340.0,285.2
ADBL,6/19/2018,322.0,322.0,316.0,316.0,-1.25,3309.0,340.0,285.2
ADBL,6/20/2018,314.0,314.0,309.0,312.0,-1.27,5309.0,340.0,285.2
ADBL,6/21/2018,310.0,316.0,310.0,310.0,-0.64,9336.0,340.0,285.2
ADBL,6/24/2018,306.0,317.0,306.0,314.0,1.29,3045.0,340.0,285.2
ADBL,6/25/2018,316.0,316.0,311.0,313.0,-0.32,3561.0,340.0,285.2
ADBL,6/26/2018,311.0,313.0,307.0,311.0,-0.64,7623.0,340.0,285.2
ADBL,6/27/2018,310.0,312.0,308.0,311.0,0.0,1402.0,340.0,285.2
ADBL,6/28/2018,310.0,312.0,308.0,312.0,0.32,10595.0,340.0,285.2
ADBL,7/1/2018,311.0,311.0,305.0,305.0,-2.24,5338.0,340.0,285.2
ADBL,7/2/2018,300.0,308.0,299.0,305.0,0.0,4610.0,340.0,285.2
ADBL,7/3/2018,302.0,308.0,302.0,305.0,0.0,3991.0,340.0,285.2
ADBL,7/4/2018,305.0,310.0,300.0,309.0,1.31,8901.0,340.0,285.2
ADBL,7/5/2018,312.0,318.0,311.0,318.0,2.91,2638.0,340.0,285.2
ADBL,7/8/2018,317.0,321.0,316.0,316.0,-0.63,9349.0,340.0,285.2
ADBL,7/9/2018,316.0,316.0,308.0,310.0,-1.9,4364.0,340.0,285.2
ADBL,7/10/2018,311.0,314.0,310.0,313.0,0.97,47740.0,340.0,285.2
ADBL,7/11/2018,315.0,317.0,310.0,312.0,-0.32,40507.0,340.0,285.2
ADBL,7/12/2018,313.0,315.0,310.0,310.0,-0.64,12730.0,340.0,285.2
ADBL,7/15/2018,309.0,314.0,309.0,311.0,0.32,2890.0,340.0,285.2
ADBL,7/16/2018,311.0,315.0,311.0,314.0,0.96,32979.0,340.0,285.2
ADBL,7/17/2018,316.0,317.0,315.0,315.0,0.32,1983.0,340.0,285.2
ADBL,7/18/2018,315.0,317.0,313.0,317.0,0.63,3133.0,340.0,285.2
ADBL,7/19/2018,316.0,317.0,311.0,315.0,-0.63,6170.0,340.0,285.2
ADBL,7/22/2018,314.0,316.0,313.0,314.0,-0.32,8337.0,340.0,285.2
ADBL,7/23/2018,314.0,317.0,313.0,313.0,-0.32,3905.0,340.0,285.2
ADBL,7/24/2018,313.0,318.0,313.0,313.0,0.0,7297.0,340.0,285.2
ADBL,7/25/2018,315.0,315.0,311.0,314.0,0.32,6281.0,340.0,285.2
ADBL,7/26/2018,314.0,315.0,313.0,315.0,0.32,5608.0,340.0,285.2
ADBL,7/29/2018,318.0,319.0,315.0,318.0,0.95,9058.0,340.0,285.2
ADBL,7/30/2018,316.0,319.0,315.0,319.0,0.31,5984.0,340.0,285.2
ADBL,7/31/2018,319.0,321.0,318.0,321.0,0.63,7541.0,340.0,285.2
ADBL,8/1/2018,319.0,323.0,319.0,322.0,0.31,9526.0,340.0,285.2
ADBL,8/2/2018,322.0,327.0,321.0,327.0,1.55,5188.0,340.0,285.2
ADBL,8/5/2018,327.0,328.0,325.0,328.0,0.31,3712.0,340.0,285.2
ADBL,8/6/2018,328.0,328.0,325.0,326.0,-0.61,9520.0,340.0,285.2
ADBL,8/7/2018,325.0,326.0,324.0,326.0,0.0,4342.0,340.0,285.2
ADBL,8/8/2018,325.0,327.0,322.0,325.0,-0.31,1567.0,340.0,285.2
ADBL,8/9/2018,322.0,325.0,319.0,325.0,0.0,5748.0,340.0,285.2
ADBL,8/12/2018,322.0,322.0,313.0,320.0,-1.54,3439.0,340.0,285.2
ADBL,8/13/2018,315.0,319.0,315.0,317.0,-0.94,2778.0,340.0,285.2
ADBL,8/14/2018,317.0,324.0,317.0,324.0,2.21,6036.0,340.0,285.2
ADBL,8/15/2018,326.0,343.0,326.0,339.0,4.63,37824.0,340.0,285.2
ADBL,8/16/2018,344.0,345.0,335.0,340.0,0.29,25581.0,340.0,285.2
ADBL,8/19/2018,344.0,344.0,338.0,338.0,-0.59,21370.0,340.0,285.2
ADBL,8/20/2018,340.0,340.0,332.0,335.0,-0.89,14359.0,340.0,285.2
ADBL,8/21/2018,335.0,335.0,331.0,333.0,-0.6,8787.0,340.0,285.2
ADBL,8/22/2018,335.0,344.0,331.0,344.0,3.3,3613.0,340.0,285.2
ADBL,8/23/2018,338.0,338.0,333.0,335.0,-2.62,7504.0,340.0,285.2
ADBL,8/26/2018,335.0,337.0,330.0,333.0,-0.6,3588.0,340.0,285.2
ADBL,8/28/2018,333.0,335.0,330.0,333.0,0.0,7354.0,340.0,285.2
ADBL,8/29/2018,334.0,334.0,330.0,331.0,-0.6,6392.0,340.0,285.2
ADBL,8/30/2018,331.0,335.0,331.0,334.0,0.91,9985.0,340.0,285.2
ADBL,9/2/2018,333.0,340.0,333.0,340.0,1.8,9661.0,340.0,285.2
ADBL,9/3/2018,336.0,347.0,336.0,342.0,0.59,15425.0,340.0,285.2
ADBL,9/4/2018,340.0,347.0,340.0,344.0,0.58,17187.0,340.0,285.2
ADBL,9/5/2018,341.0,362.0,341.0,356.0,3.49,29704.0,340.0,285.2
ADBL,9/6/2018,360.0,368.0,350.0,352.0,-1.12,33936.0,340.0,285.2
ADBL,9/9/2018,353.0,353.0,346.0,346.0,-1.7,7740.0,340.0,285.2
ADBL,9/10/2018,346.0,346.0,340.0,342.0,-1.16,4112.0,340.0,285.2
ADBL,9/11/2018,340.0,350.0,340.0,345.0,0.88,4778.0,340.0,285.2
ADBL,9/12/2018,345.0,355.0,345.0,352.0,2.03,12667.0,340.0,285.2
ADBL,9/13/2018,352.0,359.0,351.0,359.0,1.99,20006.0,340.0,285.2
ADBL,9/16/2018,360.0,377.0,356.0,367.0,2.23,53133.0,340.0,285.2
ADBL,9/17/2018,367.0,370.0,359.0,360.0,-1.91,21307.0,340.0,285.2
ADBL,9/18/2018,358.0,362.0,357.0,359.0,-0.28,9249.0,340.0,285.2
ADBL,9/20/2018,352.0,364.0,352.0,359.0,0.0,9880.0,340.0,285.2
ADBL,9/23/2018,364.0,364.0,357.0,361.0,0.56,19281.0,340.0,285.2
ADBL,9/25/2018,361.0,373.0,361.0,371.0,2.77,44925.0,340.0,285.2
ADBL,9/26/2018,372.0,375.0,364.0,365.0,-1.62,18655.0,340.0,285.2
ADBL,9/27/2018,365.0,370.0,365.0,365.0,0.0,14911.0,340.0,285.2
ADBL,9/30/2018,362.0,366.0,361.0,361.0,-1.1,11183.0,340.0,285.2
ADBL,10/1/2018,358.0,362.0,352.0,352.0,-2.49,21976.0,340.0,285.2
ADBL,10/2/2018,352.0,358.0,352.0,353.0,0.28,12983.0,340.0,285.2
ADBL,10/3/2018,352.0,354.0,347.0,347.0,-1.7,28516.0,340.0,285.2
ADBL,10/4/2018,350.0,350.0,345.0,348.0,0.29,15025.0,340.0,285.2
ADBL,10/7/2018,345.0,348.0,344.0,344.0,-1.15,10164.0,340.0,285.2
ADBL,10/8/2018,344.0,357.0,344.0,349.0,1.45,9581.0,340.0,285.2
ADBL,10/9/2018,350.0,350.0,347.0,347.0,-0.57,9551.0,340.0,285.2
ADBL,10/10/2018,347.0,348.0,345.0,347.0,0.0,6502.0,340.0,285.2
ADBL,10/11/2018,349.0,352.0,346.0,350.0,0.86,10534.0,340.0,285.2
ADBL,10/14/2018,352.0,358.0,350.0,357.0,2.0,12769.0,340.0,285.2
ADBL,10/15/2018,364.0,364.0,354.0,354.0,-0.84,11617.0,340.0,285.2
ADBL,10/21/2018,361.0,361.0,355.0,355.0,0.28,3483.0,340.0,285.2
ADBL,10/22/2018,355.0,355.0,352.0,355.0,0.0,3196.0,340.0,285.2
ADBL,10/23/2018,355.0,358.0,354.0,358.0,0.85,6474.0,340.0,285.2
ADBL,10/24/2018,355.0,358.0,353.0,358.0,0.0,3065.0,340.0,285.2
ADBL,10/25/2018,358.0,358.0,355.0,357.0,-0.28,5436.0,340.0,285.2
ADBL,10/28/2018,355.0,355.0,350.0,353.0,-1.12,11851.0,340.0,285.2
ADBL,10/29/2018,350.0,351.0,348.0,350.0,-0.85,8152.0,340.0,285.2
ADBL,10/30/2018,349.0,354.0,348.0,352.0,0.57,11760.0,340.0,285.2
ADBL,10/31/2018,359.0,355.0,350.0,352.0,0.0,9391.0,340.0,285.2
ADBL,11/1/2018,350.0,352.0,350.0,352.0,0.0,6758.0,340.0,285.2
ADBL,11/4/2018,350.0,353.0,348.0,348.0,-1.14,15056.0,340.0,285.2
ADBL,11/5/2018,348.0,352.0,348.0,349.0,0.29,10438.0,340.0,285.2
ADBL,11/6/2018,349.0,354.0,348.0,354.0,1.43,1030.0,340.0,285.2
ADBL,11/11/2018,354.0,356.0,352.0,352.0,-0.56,3083.0,340.0,285.2
ADBL,11/12/2018,349.0,352.0,347.0,348.0,-1.14,1885.0,340.0,285.2
ADBL,11/13/2018,349.0,351.0,348.0,349.0,0.29,3940.0,340.0,285.2
ADBL,11/14/2018,349.0,352.0,349.0,350.0,0.29,1763.0,340.0,285.2
ADBL,11/15/2018,350.0,351.0,348.0,349.0,-0.29,5701.0,340.0,285.2
ADBL,11/18/2018,347.0,347.0,343.0,345.0,-1.15,6006.0,340.0,285.2
ADBL,11/19/2018,347.0,347.0,344.0,346.0,0.29,5455.0,340.0,285.2
ADBL,11/20/2018,349.0,349.0,342.0,347.0,0.29,2001.0,340.0,285.2
ADBL,11/21/2018,353.0,353.0,342.0,343.0,-1.15,6780.0,340.0,285.2
ADBL,11/22/2018,340.0,345.0,340.0,344.0,0.29,6445.0,340.0,285.2
ADBL,11/25/2018,345.0,345.0,341.0,341.0,-0.87,8678.0,340.0,285.2
ADBL,11/26/2018,340.0,340.0,335.0,339.0,-0.59,5374.0,340.0,285.2
ADBL,11/27/2018,338.0,346.0,338.0,340.0,0.29,5914.0,340.0,285.2
ADBL,11/28/2018,340.0,340.0,339.0,340.0,0.0,2677.0,340.0,285.2
ADBL,11/29/2018,337.0,340.0,336.0,338.0,-0.59,6964.0,340.0,285.2
ADBL,12/2/2018,335.0,336.0,329.0,333.0,-1.48,9756.0,340.0,285.2
ADBL,12/3/2018,332.0,335.0,329.0,330.0,-0.9,9202.0,340.0,285.2
ADBL,12/4/2018,326.0,335.0,326.0,334.0,1.21,2973.0,340.0,285.2
ADBL,12/5/2018,340.0,340.0,326.0,329.0,-1.5,21447.0,340.0,285.2
ADBL,12/6/2018,323.0,331.0,320.0,327.0,-0.61,8394.0,340.0,285.2
ADBL,12/9/2018,327.0,335.0,327.0,335.0,2.45,2982.0,340.0,285.2
ADBL,12/10/2018,334.0,340.0,330.0,335.0,0.0,5830.0,340.0,285.2
ADBL,12/11/2018,335.0,339.0,333.0,336.0,0.3,3705.0,340.0,285.2
ADBL,12/12/2018,341.0,341.0,337.0,337.0,0.3,990.0,340.0,285.2
ADBL,12/13/2018,337.0,345.0,335.0,338.0,0.3,5226.0,340.0,285.2
ADBL,12/16/2018,344.0,344.0,341.0,344.0,1.78,18570.0,340.0,285.2
ADBL,12/17/2018,341.0,355.0,340.0,355.0,3.2,5225.0,340.0,285.2
ADBL,12/18/2018,355.0,355.0,343.0,344.0,-3.1,10127.0,340.0,285.2
ADBL,12/19/2018,344.0,345.0,342.0,343.0,-0.29,3717.0,340.0,285.2
ADBL,12/20/2018,347.0,351.0,346.0,349.0,1.75,14032.0,340.0,285.2
ADBL,12/23/2018,355.0,362.0,352.0,357.0,2.29,16974.0,340.0,285.2
ADBL,12/24/2018,361.0,362.0,352.0,357.0,0.0,14350.0,340.0,285.2
ADBL,12/25/2018,352.0,353.0,351.0,353.0,-1.12,8383.0,340.0,285.2
ADBL,12/26/2018,353.0,362.0,352.0,362.0,2.55,22157.0,340.0,285.2
ADBL,12/27/2018,362.0,365.0,358.0,359.0,-0.83,36773.0,340.0,285.2
ADBL,12/30/2018,359.0,359.0,351.0,351.0,-2.23,11317.0,340.0,285.2
ADBL,12/31/2018,350.0,352.0,347.0,349.0,-0.57,14754.0,340.0,285.2
ADBL,1/1/2019,346.0,350.0,344.0,346.0,-0.86,22211.0,340.0,285.2
ADBL,1/2/2019,347.0,347.0,345.0,345.0,-0.29,7467.0,340.0,285.2
ADBL,1/3/2019,340.0,348.0,340.0,345.0,0.0,7294.0,340.0,285.2
ADBL,1/6/2019,348.0,352.0,344.0,344.0,-0.29,9776.0,340.0,285.2
ADBL,1/7/2019,344.0,350.0,344.0,346.0,0.58,2680.0,340.0,285.2
ADBL,1/8/2019,347.0,349.0,347.0,349.0,0.87,8069.0,340.0,285.2
ADBL,1/9/2019,349.0,351.0,348.0,348.0,-0.29,8599.0,340.0,285.2
ADBL,1/10/2019,354.0,354.0,348.0,350.0,0.57,4955.0,340.0,285.2
ADBL,1/13/2019,357.0,357.0,346.0,349.0,-0.29,22250.0,340.0,285.2
ADBL,1/14/2019,350.0,351.0,348.0,350.0,0.29,20430.0,340.0,285.2
ADBL,1/15/2019,348.0,350.0,348.0,350.0,0.0,7663.0,340.0,285.2
ADBL,1/16/2019,350.0,351.0,348.0,350.0,0.0,9525.0,340.0,285.2
ADBL,1/17/2019,347.0,350.0,345.0,345.0,-1.43,3486.0,340.0,285.2
ADBL,1/20/2019,345.0,345.0,341.0,345.0,0.0,3502.0,340.0,285.2
ADBL,1/21/2019,345.0,346.0,340.0,342.0,-0.87,6616.0,340.0,285.2
ADBL,1/22/2019,338.0,343.0,337.0,343.0,0.29,5188.0,340.0,285.2
ADBL,1/23/2019,343.0,344.0,342.0,343.0,0.0,2273.0,340.0,285.2
ADBL,1/24/2019,344.0,344.0,342.0,342.0,-0.29,16140.0,340.0,285.2
ADBL,1/27/2019,342.0,342.0,339.0,339.0,-0.88,4235.0,340.0,285.2
ADBL,1/28/2019,339.0,345.0,338.0,342.0,0.88,8647.0,340.0,285.2
ADBL,1/29/2019,342.0,342.0,340.0,341.0,-0.29,2612.0,340.0,285.2
ADBL,1/30/2019,340.0,341.0,339.0,339.0,-0.59,3892.0,340.0,285.2
ADBL,1/31/2019,342.0,342.0,339.0,339.0,0.0,5850.0,340.0,285.2
ADBL,2/3/2019,337.0,340.0,337.0,338.0,-0.29,12977.0,340.0,285.2
ADBL,2/4/2019,338.0,340.0,335.0,339.0,0.3,13265.0,340.0,285.2
ADBL,2/5/2019,340.0,340.0,338.0,338.0,-0.29,5648.0,340.0,285.2
ADBL,2/6/2019,352.0,352.0,335.0,335.0,-0.89,6099.0,340.0,285.2
ADBL,2/7/2019,330.0,337.0,330.0,334.0,-0.3,5500.0,340.0,285.2
ADBL,2/10/2019,335.0,335.0,330.0,332.0,-0.6,6098.0,340.0,285.2
ADBL,2/11/2019,328.0,335.0,328.0,332.0,0.0,6268.0,340.0,285.2
ADBL,2/12/2019,330.0,333.0,330.0,332.0,0.0,5722.0,340.0,285.2
ADBL,2/13/2019,330.0,332.0,329.0,329.0,-0.9,13830.0,340.0,285.2
ADBL,2/14/2019,331.0,331.0,327.0,330.0,0.3,13107.0,340.0,285.2
ADBL,2/17/2019,330.0,336.0,328.0,330.0,0.0,18875.0,340.0,285.2
ADBL,2/18/2019,328.0,330.0,325.0,329.0,-0.3,9327.0,340.0,285.2
ADBL,2/19/2019,324.0,333.0,324.0,333.0,1.22,3150.0,340.0,285.2
ADBL,2/20/2019,333.0,333.0,329.0,329.0,-1.2,2685.0,340.0,285.2
ADBL,2/21/2019,329.0,335.0,329.0,333.0,1.22,9054.0,340.0,285.2
ADBL,2/24/2019,333.0,333.0,329.0,330.0,-0.9,6833.0,340.0,285.2
ADBL,2/25/2019,332.0,333.0,327.0,331.0,0.3,15959.0,340.0,285.2
ADBL,2/26/2019,331.0,334.0,331.0,332.0,0.3,18064.0,340.0,285.2
ADBL,2/27/2019,330.0,335.0,330.0,333.0,0.3,27442.0,340.0,285.2
ADBL,3/3/2019,308.0,308.0,291.0,294.0,-11.71,14076.0,340.0,285.2
ADBL,3/5/2019,291.0,294.0,291.0,292.0,-0.68,5732.0,340.0,285.2
ADBL,3/6/2019,292.0,293.0,290.0,292.0,0.0,2085.0,340.0,285.2
ADBL,3/7/2019,292.0,294.0,290.0,294.0,0.68,8624.0,340.0,285.2
ADBL,3/10/2019,294.0,294.0,292.0,294.0,0.0,2777.0,340.0,285.2
ADBL,3/11/2019,298.0,301.0,295.0,298.0,1.36,9999.0,340.0,285.2
ADBL,3/12/2019,300.0,306.0,298.0,305.0,2.35,16058.0,340.0,285.2
ADBL,3/13/2019,305.0,306.0,300.0,303.0,-0.66,14926.0,340.0,285.2
ADBL,3/14/2019,301.0,303.0,296.0,302.0,-0.33,6707.0,340.0,285.2
ADBL,3/17/2019,303.0,305.0,300.0,302.0,0.0,8247.0,340.0,285.2
ADBL,3/18/2019,303.0,304.0,301.0,301.0,-0.33,10211.0,340.0,285.2
ADBL,3/19/2019,301.0,301.0,298.0,298.0,-1.0,3883.0,340.0,285.2
ADBL,3/21/2019,297.0,300.0,296.0,296.0,-0.67,3230.0,340.0,285.2
ADBL,3/24/2019,299.0,299.0,293.0,293.0,-1.01,8327.0,340.0,285.2
ADBL,3/25/2019,294.0,298.0,292.0,294.0,0.34,8653.0,340.0,285.2
ADBL,3/26/2019,298.0,298.0,293.0,294.0,0.0,10218.0,340.0,285.2
ADBL,3/27/2019,296.0,299.0,293.0,294.0,0.0,4409.0,340.0,285.2
ADBL,3/28/2019,298.0,298.0,292.0,294.0,0.0,9227.0,340.0,285.2
ADBL,3/31/2019,296.0,296.0,293.0,295.0,0.34,11187.0,340.0,285.2
ADBL,4/1/2019,295.0,297.0,292.0,297.0,0.68,12690.0,340.0,285.2
ADBL,4/2/2019,299.0,304.0,299.0,302.0,1.68,15332.0,340.0,285.2
ADBL,4/3/2019,301.0,307.0,301.0,305.0,0.99,15802.0,340.0,285.2
ADBL,4/4/2019,305.0,305.0,301.0,304.0,-0.33,11579.0,340.0,285.2
ADBL,4/7/2019,301.0,309.0,298.0,309.0,1.64,11864.0,340.0,285.2
ADBL,4/8/2019,311.0,320.0,310.0,316.0,2.27,21933.0,340.0,285.2
ADBL,4/9/2019,311.0,318.0,311.0,311.0,-1.58,21533.0,340.0,285.2
ADBL,4/10/2019,312.0,314.0,310.0,312.0,0.32,8299.0,340.0,285.2
ADBL,4/11/2019,313.0,319.0,313.0,315.0,0.96,22147.0,340.0,285.2
ADBL,4/15/2019,313.0,318.0,313.0,318.0,0.95,11551.0,340.0,285.2
ADBL,4/16/2019,313.0,327.0,313.0,326.0,2.52,17829.0,340.0,285.2
ADBL,4/17/2019,332.0,338.0,326.0,338.0,3.68,24403.0,340.0,285.2
ADBL,4/18/2019,341.0,350.0,336.0,350.0,3.55,49470.0,340.0,285.2
ADBL,4/21/2019,350.0,350.0,343.0,348.0,-0.57,28028.0,340.0,285.2
ADBL,4/22/2019,353.0,353.0,336.0,342.0,-1.72,19348.0,340.0,285.2
ADBL,4/23/2019,346.0,346.0,340.0,346.0,1.17,17832.0,340.0,285.2
ADBL,4/24/2019,342.0,354.0,341.0,354.0,2.31,68938.0,340.0,285.2
ADBL,4/25/2019,354.0,389.0,354.0,388.0,9.6,145400.0,340.0,285.2
ADBL,4/28/2019,395.0,410.0,389.0,395.0,1.8,111393.0,340.0,285.2
ADBL,4/29/2019,395.0,395.0,383.0,389.0,-1.52,45136.0,340.0,285.2
ADBL,4/30/2019,389.0,391.0,382.0,390.0,0.26,27561.0,340.0,285.2
ADBL,5/2/2019,383.0,387.0,381.0,385.0,-1.28,24698.0,340.0,285.2
ADBL,5/5/2019,385.0,385.0,376.0,379.0,-1.56,55477.0,340.0,285.2
ADBL,5/6/2019,377.0,388.0,374.0,388.0,2.37,40670.0,340.0,285.2
ADBL,5/7/2019,390.0,390.0,384.0,389.0,0.26,39057.0,340.0,285.2
ADBL,5/8/2019,388.0,390.0,384.0,388.0,-0.26,35169.0,340.0,285.2
ADBL,5/9/2019,394.0,396.0,386.0,388.0,0.0,94677.0,340.0,285.2
ADBL,5/12/2019,387.0,390.0,384.0,390.0,0.52,17340.0,340.0,285.2
ADBL,5/13/2019,390.0,391.0,384.0,386.0,-1.03,20540.0,340.0,285.2
ADBL,5/14/2019,388.0,421.0,388.0,416.0,7.77,194265.0,340.0,285.2
ADBL,5/15/2019,417.0,447.0,416.0,438.0,5.29,133601.0,340.0,285.2
ADBL,5/16/2019,445.0,445.0,421.0,421.0,-3.88,112016.0,340.0,285.2
ADBL,5/19/2019,425.0,430.0,416.0,422.0,0.24,67027.0,340.0,285.2
ADBL,5/20/2019,430.0,432.0,416.0,418.0,-0.95,59854.0,340.0,285.2
ADBL,5/21/2019,421.0,422.0,413.0,418.0,0.0,42776.0,340.0,285.2
ADBL,5/22/2019,420.0,426.0,418.0,424.0,1.44,92882.0,340.0,285.2
ADBL,5/23/2019,427.0,438.0,426.0,431.0,1.65,97795.0,340.0,285.2
ADBL,5/26/2019,432.0,434.0,423.0,425.0,-1.39,50429.0,340.0,285.2
ADBL,5/27/2019,419.0,426.0,419.0,422.0,-0.71,44153.0,340.0,285.2
ADBL,5/28/2019,428.0,428.0,420.0,421.0,-0.24,13321.0,340.0,285.2
ADBL,5/29/2019,422.0,426.0,420.0,424.0,0.71,54281.0,340.0,285.2
ADBL,5/30/2019,437.0,451.0,426.0,428.0,0.94,94006.0,340.0,285.2
ADBL,6/2/2019,433.0,433.0,420.0,422.0,-1.4,29715.0,340.0,285.2
ADBL,6/3/2019,430.0,430.0,414.0,414.0,-1.9,64123.0,340.0,285.2
ADBL,6/4/2019,415.0,420.0,414.0,416.0,0.48,48716.0,340.0,285.2
ADBL,6/6/2019,418.0,418.0,413.0,413.0,-0.72,25497.0,340.0,285.2
ADBL,6/10/2019,413.0,416.0,411.0,412.0,-0.24,33018.0,340.0,285.2
ADBL,6/11/2019,412.0,417.0,412.0,416.0,0.97,62742.0,340.0,285.2
ADBL,6/12/2019,413.0,415.0,411.0,415.0,-0.24,17469.0,340.0,285.2
ADBL,6/13/2019,412.0,415.0,411.0,411.0,-0.96,30086.0,340.0,285.2
ADBL,6/16/2019,411.0,411.0,404.0,404.0,-1.7,44708.0,340.0,285.2
ADBL,6/17/2019,404.0,406.0,402.0,403.0,-0.25,42955.0,340.0,285.2
ADBL,6/18/2019,403.0,405.0,401.0,402.0,-0.25,24044.0,340.0,285.2
ADBL,6/19/2019,402.0,404.0,400.0,404.0,0.5,23061.0,340.0,285.2
ADBL,6/20/2019,409.0,409.0,403.0,406.0,0.5,11029.0,340.0,285.2
ADBL,6/23/2019,405.0,407.0,403.0,405.0,-0.25,6869.0,340.0,285.2
ADBL,6/24/2019,403.0,413.0,403.0,411.0,1.48,37528.0,340.0,285.2
ADBL,6/25/2019,413.0,417.0,411.0,416.0,1.22,25298.0,340.0,285.2
ADBL,6/26/2019,418.0,418.0,412.0,413.0,-0.72,17369.0,340.0,285.2
ADBL,6/27/2019,413.0,413.0,410.0,413.0,0.0,18552.0,340.0,285.2
ADBL,6/30/2019,413.0,413.0,406.0,407.0,-1.45,11120.0,340.0,285.2
ADBL,7/1/2019,408.0,408.0,404.0,405.0,-0.49,12593.0,340.0,285.2
ADBL,7/2/2019,404.0,413.0,404.0,410.0,1.23,21391.0,340.0,285.2
ADBL,7/3/2019,408.0,415.0,407.0,414.0,0.98,24200.0,340.0,285.2
ADBL,7/4/2019,415.0,415.0,410.0,411.0,-0.72,16330.0,340.0,285.2
ADBL,7/7/2019,408.0,410.0,407.0,408.0,-0.73,30964.0,340.0,285.2
ADBL,7/8/2019,410.0,410.0,405.0,406.0,-0.49,29244.0,340.0,285.2
ADBL,7/9/2019,402.0,407.0,401.0,405.0,-0.25,9165.0,340.0,285.2
ADBL,7/10/2019,405.0,407.0,402.0,407.0,0.49,26313.0,340.0,285.2
ADBL,7/11/2019,407.0,410.0,405.0,405.0,-0.49,19978.0,340.0,285.2
ADBL,7/14/2019,411.0,411.0,405.0,406.0,0.25,10033.0,340.0,285.2
ADBL,7/15/2019,406.0,408.0,405.0,406.0,0.0,9018.0,340.0,285.2
ADBL,7/16/2019,426.0,426.0,406.0,409.0,0.74,8675.0,340.0,285.2
ADBL,7/17/2019,408.0,418.0,408.0,417.0,1.96,29854.0,340.0,285.2
ADBL,7/18/2019,413.0,423.0,413.0,418.0,0.24,20493.0,340.0,285.2
ADBL,7/21/2019,414.0,417.0,411.0,414.0,-0.96,14478.0,340.0,285.2
ADBL,7/22/2019,414.0,419.0,414.0,416.0,0.48,19276.0,340.0,285.2
ADBL,7/23/2019,418.0,435.0,418.0,435.0,4.57,105508.0,340.0,285.2
ADBL,7/24/2019,435.0,435.0,428.0,433.0,-0.46,61735.0,340.0,285.2
ADBL,7/25/2019,433.0,434.0,427.0,430.0,-0.69,97104.0,340.0,285.2
ADBL,7/28/2019,423.0,429.0,422.0,425.0,-1.16,96129.0,340.0,285.2
ADBL,7/29/2019,425.0,430.0,425.0,427.0,0.47,35679.0,340.0,285.2
ADBL,7/30/2019,426.0,431.0,426.0,429.0,0.47,31788.0,340.0,285.2
ADBL,7/31/2019,422.0,433.0,422.0,431.0,0.47,42713.0,340.0,285.2
ADBL,8/1/2019,436.0,436.0,429.0,430.0,-0.23,37084.0,340.0,285.2
ADBL,8/4/2019,429.0,438.0,424.0,437.0,1.63,68518.0,340.0,285.2
ADBL,8/5/2019,433.0,437.0,431.0,433.0,-0.92,44680.0,340.0,285.2
ADBL,8/6/2019,441.0,442.0,430.0,432.0,-0.23,196356.0,340.0,285.2
ADBL,8/7/2019,426.0,439.0,426.0,435.0,0.69,56560.0,340.0,285.2
ADBL,8/8/2019,435.0,435.0,429.0,431.0,-0.92,34679.0,340.0,285.2
ADBL,8/11/2019,430.0,431.0,428.0,430.0,-0.23,25832.0,340.0,285.2
ADBL,8/12/2019,433.0,433.0,429.0,431.0,0.23,20621.0,340.0,285.2
ADBL,8/13/2019,431.0,437.0,428.0,428.0,-0.7,17896.0,340.0,285.2
ADBL,8/14/2019,426.0,430.0,425.0,429.0,0.23,13082.0,340.0,285.2
ADBL,8/15/2019,427.0,433.0,425.0,430.0,0.23,36318.0,340.0,285.2
ADBL,8/18/2019,430.0,433.0,429.0,430.0,0.0,36698.0,340.0,285.2
ADBL,8/19/2019,431.0,434.0,429.0,431.0,0.23,38717.0,340.0,285.2
ADBL,8/20/2019,431.0,432.0,427.0,427.0,-0.93,17383.0,340.0,285.2
ADBL,8/21/2019,425.0,430.0,425.0,429.0,0.47,20878.0,340.0,285.2
ADBL,8/22/2019,429.0,430.0,425.0,428.0,-0.23,28290.0,340.0,285.2
ADBL,8/25/2019,423.0,427.0,423.0,427.0,-0.23,20297.0,340.0,285.2
ADBL,8/26/2019,430.0,430.0,425.0,425.0,-0.47,16088.0,340.0,285.2
ADBL,8/27/2019,425.0,429.0,424.0,426.0,0.24,14181.0,340.0,285.2
ADBL,8/28/2019,424.0,427.0,424.0,425.0,-0.23,21023.0,340.0,285.2
ADBL,8/29/2019,427.0,427.0,423.0,426.0,0.24,11405.0,340.0,285.2
ADBL,9/1/2019,428.0,428.0,421.0,421.0,-1.17,17893.0,340.0,285.2
ADBL,9/2/2019,424.0,424.0,414.0,417.0,-0.95,43531.0,340.0,285.2
ADBL,9/3/2019,415.0,426.0,412.0,424.0,1.68,36698.0,340.0,285.2
ADBL,9/4/2019,425.0,429.0,420.0,426.0,0.47,22525.0,340.0,285.2
ADBL,9/5/2019,425.0,427.0,425.0,425.0,-0.23,15371.0,340.0,285.2
ADBL,9/8/2019,427.0,427.0,421.0,422.0,-0.71,8733.0,340.0,285.2
ADBL,9/9/2019,425.0,425.0,416.0,418.0,-0.95,19723.0,340.0,285.2
ADBL,9/10/2019,416.0,419.0,416.0,418.0,0.0,21628.0,340.0,285.2
ADBL,9/11/2019,417.0,420.0,416.0,418.0,0.0,22008.0,340.0,285.2
ADBL,9/12/2019,418.0,420.0,416.0,416.0,-0.48,27640.0,340.0,285.2
ADBL,9/15/2019,415.0,418.0,413.0,413.0,-0.72,18691.0,340.0,285.2
ADBL,9/16/2019,413.0,414.0,408.0,408.0,-1.21,23477.0,340.0,285.2
ADBL,9/17/2019,410.0,418.0,410.0,418.0,2.45,22549.0,340.0,285.2
ADBL,9/18/2019,420.0,423.0,419.0,423.0,1.2,28150.0,340.0,285.2
ADBL,9/19/2019,425.0,425.0,419.0,419.0,-0.95,11420.0,340.0,285.2
ADBL,9/22/2019,413.0,415.0,412.0,414.0,-1.19,14749.0,340.0,285.2
ADBL,9/23/2019,413.0,415.0,412.0,414.0,0.0,17256.0,340.0,285.2
ADBL,9/24/2019,411.0,412.0,410.0,412.0,-0.48,8687.0,340.0,285.2
ADBL,9/25/2019,407.0,412.0,407.0,412.0,0.0,11862.0,340.0,285.2
ADBL,9/26/2019,412.0,412.0,409.0,410.0,-0.49,13312.0,340.0,285.2
ADBL,9/29/2019,410.0,418.0,407.0,418.0,1.95,23666.0,340.0,285.2
ADBL,9/30/2019,412.0,415.0,411.0,415.0,-0.72,9318.0,340.0,285.2
ADBL,10/1/2019,412.0,418.0,412.0,417.0,0.48,11045.0,340.0,285.2
ADBL,10/2/2019,417.0,417.0,411.0,411.0,-1.44,3711.0,340.0,285.2
ADBL,10/3/2019,415.0,418.0,415.0,416.0,1.22,3319.0,340.0,285.2
ADBL,10/10/2019,413.0,415.0,412.0,415.0,-0.24,1419.0,340.0,285.2
ADBL,10/14/2019,415.0,415.0,409.0,410.0,-1.2,15531.0,340.0,285.2
ADBL,10/15/2019,412.0,416.0,410.0,413.0,0.73,34190.0,340.0,285.2
ADBL,10/20/2019,412.0,414.0,411.0,413.0,0.0,11108.0,340.0,285.2
ADBL,10/21/2019,412.0,415.0,411.0,412.0,-0.24,13609.0,340.0,285.2
ADBL,10/22/2019,411.0,413.0,409.0,411.0,-0.24,7228.0,340.0,285.2
ADBL,10/23/2019,415.0,416.0,411.0,413.0,0.49,2992.0,340.0,285.2
ADBL,10/24/2019,415.0,416.0,412.0,414.0,0.24,9027.0,340.0,285.2
ADBL,10/31/2019,411.0,417.0,410.0,413.0,-0.24,4949.0,340.0,285.2
ADBL,11/3/2019,412.0,413.0,410.0,412.0,-0.24,4909.0,340.0,285.2
ADBL,11/4/2019,414.0,414.0,410.0,413.0,0.24,13907.0,340.0,285.2
ADBL,11/5/2019,415.0,416.0,413.0,416.0,0.73,12478.0,340.0,285.2
ADBL,11/6/2019,415.0,417.0,415.0,415.0,-0.24,16754.0,340.0,285.2
ADBL,11/7/2019,417.0,417.0,414.0,415.0,0.0,18305.0,340.0,285.2
ADBL,11/10/2019,414.0,419.0,410.0,419.0,0.96,11958.0,340.0,285.2
ADBL,11/11/2019,414.0,421.0,414.0,421.0,0.48,3581.0,340.0,285.2
ADBL,11/12/2019,425.0,425.0,417.0,417.0,-0.95,12550.0,340.0,285.2
ADBL,11/13/2019,414.0,417.0,413.0,416.0,-0.24,23563.0,340.0,285.2
ADBL,11/14/2019,417.0,417.0,415.0,417.0,0.24,18775.0,340.0,285.2
ADBL,11/17/2019,420.0,423.0,410.0,415.0,-0.48,11182.0,340.0,285.2
ADBL,11/18/2019,415.0,418.0,415.0,418.0,0.72,52113.0,340.0,285.2
ADBL,11/19/2019,420.0,420.0,415.0,416.0,-0.48,21222.0,340.0,285.2
ADBL,11/20/2019,415.0,418.0,415.0,416.0,0.0,12638.0,340.0,285.2
ADBL,11/21/2019,418.0,418.0,408.0,412.0,-0.96,9107.0,340.0,285.2
ADBL,11/24/2019,409.0,410.0,404.0,404.0,-1.94,14677.0,340.0,285.2
ADBL,11/25/2019,405.0,412.0,404.0,409.0,1.24,5669.0,340.0,285.2
ADBL,11/26/2019,410.0,410.0,402.0,405.0,-0.98,11131.0,340.0,285.2
ADBL,11/27/2019,403.0,409.0,403.0,409.0,0.99,5247.0,340.0,285.2
ADBL,11/28/2019,409.0,409.0,404.0,404.0,-1.22,5609.0,340.0,285.2
ADBL,12/1/2019,405.0,405.0,402.0,404.0,0.0,5892.0,340.0,285.2
ADBL,12/2/2019,404.0,405.0,400.0,403.0,-0.25,17229.0,340.0,285.2
ADBL,12/3/2019,401.0,403.0,401.0,401.0,-0.5,6534.0,340.0,285.2
ADBL,12/4/2019,401.0,406.0,401.0,405.0,1.0,11388.0,340.0,285.2
ADBL,12/5/2019,405.0,407.0,403.0,405.0,0.0,6589.0,340.0,285.2
ADBL,12/8/2019,406.0,409.0,403.0,409.0,0.99,6252.0,340.0,285.2
ADBL,12/9/2019,408.0,415.0,404.0,411.0,0.49,10680.0,340.0,285.2
ADBL,12/10/2019,410.0,418.0,406.0,415.0,0.97,67690.0,340.0,285.2
ADBL,12/11/2019,416.0,418.0,414.0,414.0,-0.24,13042.0,340.0,285.2
ADBL,12/12/2019,415.0,415.0,409.0,412.0,-0.48,21051.0,340.0,285.2
ADBL,12/15/2019,412.0,416.0,409.0,410.0,-0.49,14825.0,340.0,285.2
ADBL,12/16/2019,415.0,415.0,406.0,406.0,-0.98,9861.0,340.0,285.2
ADBL,12/17/2019,405.0,410.0,405.0,407.0,0.25,6407.0,340.0,285.2
ADBL,12/18/2019,405.0,410.0,405.0,406.0,-0.25,9668.0,340.0,285.2
ADBL,12/19/2019,404.0,407.0,403.0,404.0,-0.49,5118.0,340.0,285.2
ADBL,12/22/2019,407.0,414.0,407.0,412.0,1.98,13018.0,340.0,285.2
ADBL,12/23/2019,414.0,414.0,407.0,412.0,0.0,20783.0,340.0,285.2
ADBL,12/24/2019,415.0,416.0,412.0,413.0,0.24,19873.0,340.0,285.2
ADBL,12/25/2019,412.0,415.0,412.0,414.0,0.24,31149.0,340.0,285.2
ADBL,12/26/2019,414.0,417.0,413.0,417.0,0.72,103337.0,340.0,285.2
ADBL,12/29/2019,386.0,386.0,366.0,370.0,-11.27,20987.0,340.0,285.2
ADBL,12/30/2019,369.0,369.0,361.0,365.0,-1.35,8211.0,340.0,285.2
ADBL,12/31/2019,365.0,366.0,361.0,366.0,0.27,8569.0,340.0,285.2
ADBL,1/1/2020,364.0,367.0,359.0,367.0,0.27,7109.0,340.0,285.2
ADBL,1/2/2020,367.0,368.0,359.0,359.0,-2.18,6793.0,340.0,285.2
ADBL,1/5/2020,360.0,364.0,360.0,363.0,1.11,11390.0,340.0,285.2
ADBL,1/6/2020,365.0,372.0,365.0,371.0,2.2,26892.0,340.0,285.2
ADBL,1/7/2020,375.0,376.0,370.0,373.0,0.54,9507.0,340.0,285.2
ADBL,1/8/2020,372.0,373.0,369.0,369.0,-1.07,10093.0,340.0,285.2
ADBL,1/9/2020,369.0,369.0,363.0,365.0,-1.08,11059.0,340.0,285.2
ADBL,1/12/2020,371.0,373.0,366.0,372.0,1.92,17268.0,340.0,285.2
ADBL,1/13/2020,374.0,382.0,374.0,376.0,1.08,39441.0,340.0,285.2
ADBL,1/14/2020,375.0,380.0,375.0,378.0,0.53,11083.0,340.0,285.2
ADBL,1/15/2020,385.0,386.0,378.0,386.0,2.12,22021.0,340.0,285.2
ADBL,1/16/2020,389.0,398.0,386.0,391.0,1.3,30689.0,340.0,285.2
ADBL,1/19/2020,395.0,398.0,392.0,396.0,1.28,37203.0,340.0,285.2
ADBL,1/20/2020,402.0,407.0,386.0,389.0,-1.77,50503.0,340.0,285.2
ADBL,1/21/2020,396.0,397.0,385.0,389.0,0.0,20945.0,340.0,285.2
ADBL,1/22/2020,395.0,395.0,383.0,386.0,-0.77,13717.0,340.0,285.2
ADBL,1/23/2020,390.0,390.0,380.0,382.0,-1.04,11817.0,340.0,285.2
ADBL,1/26/2020,379.0,384.0,372.0,372.0,-2.62,18472.0,340.0,285.2
ADBL,1/27/2020,368.0,387.0,368.0,387.0,4.03,23768.0,340.0,285.2
ADBL,1/28/2020,387.0,389.0,380.0,386.0,-0.26,14063.0,340.0,285.2
ADBL,1/29/2020,380.0,387.0,379.0,384.0,-0.52,8241.0,340.0,285.2
ADBL,1/30/2020,385.0,388.0,383.0,384.0,0.0,10082.0,340.0,285.2
ADBL,2/2/2020,384.0,392.0,383.0,390.0,1.56,25714.0,340.0,285.2
ADBL,2/3/2020,391.0,395.0,388.0,388.0,-0.51,22861.0,340.0,285.2
ADBL,2/4/2020,392.0,396.0,385.0,386.0,-0.52,32960.0,340.0,285.2
ADBL,2/5/2020,390.0,390.0,382.0,385.0,-0.26,12291.0,340.0,285.2
ADBL,2/6/2020,383.0,390.0,382.0,385.0,0.0,11711.0,340.0,285.2
ADBL,2/9/2020,382.0,384.0,380.0,381.0,-1.04,11030.0,340.0,285.2
ADBL,2/10/2020,382.0,385.0,377.0,380.0,-0.26,14196.0,340.0,285.2
ADBL,2/11/2020,386.0,390.0,382.0,385.0,1.32,13972.0,340.0,285.2
ADBL,2/12/2020,392.0,392.0,383.0,388.0,0.78,34048.0,340.0,285.2
ADBL,2/13/2020,386.0,388.0,380.0,384.0,-1.03,20972.0,340.0,285.2
ADBL,2/16/2020,385.0,390.0,383.0,390.0,1.56,29836.0,340.0,285.2
ADBL,2/17/2020,392.0,401.0,390.0,396.0,1.54,42746.0,340.0,285.2
ADBL,2/18/2020,402.0,408.0,395.0,398.0,0.51,42822.0,340.0,285.2
ADBL,2/19/2020,404.0,404.0,394.0,397.0,-0.25,17687.0,340.0,285.2
ADBL,2/20/2020,395.0,400.0,395.0,398.0,0.25,25763.0,340.0,285.2
ADBL,2/23/2020,402.0,436.0,402.0,431.0,8.29,130275.0,340.0,285.2
ADBL,2/24/2020,439.0,450.0,425.0,432.0,0.23,104982.0,340.0,285.2
ADBL,2/25/2020,436.0,436.0,416.0,435.0,0.69,48731.0,340.0,285.2
ADBL,2/26/2020,439.0,453.0,437.0,453.0,4.14,88846.0,340.0,285.2
ADBL,2/27/2020,445.0,474.0,440.0,467.0,3.09,110009.0,340.0,285.2
ADBL,3/1/2020,465.0,475.0,450.0,452.0,-3.21,86815.0,340.0,285.2
ADBL,3/2/2020,445.0,452.0,420.0,420.0,-7.08,52575.0,340.0,285.2
ADBL,3/3/2020,419.0,445.0,390.0,425.0,1.19,83824.0,340.0,285.2
ADBL,3/4/2020,420.0,425.0,410.0,416.0,-2.12,59890.0,340.0,285.2
ADBL,3/5/2020,408.0,416.0,400.0,405.0,-2.64,51446.0,340.0,285.2
ADBL,3/10/2020,397.0,397.0,380.0,380.0,-6.17,44333.0,340.0,285.2
ADBL,3/11/2020,378.0,407.0,378.0,406.0,6.84,73399.0,340.0,285.2
ADBL,3/12/2020,406.0,410.0,390.0,397.0,-2.22,66328.0,340.0,285.2
ADBL,3/15/2020,390.0,394.0,378.0,382.0,-3.78,67992.0,340.0,285.2
ADBL,3/16/2020,380.0,391.0,371.0,382.0,0.0,34352.0,340.0,285.2
ADBL,3/17/2020,379.0,380.0,370.0,378.0,-1.05,45920.0,340.0,285.2
ADBL,3/18/2020,371.0,385.0,361.0,374.0,-1.06,54659.0,340.0,285.2
ADBL,3/19/2020,367.0,385.0,360.0,376.0,0.53,34900.0,340.0,285.2
ADBL,3/22/2020,369.0,376.0,362.0,368.0,-2.13,5639.0,340.0,285.2
ADBL,5/12/2020,361.0,361.0,357.0,357.0,-2.99,470.0,340.0,285.2
ADBL,5/13/2020,350.0,350.0,347.0,347.0,-2.8,240.0,340.0,285.2
ADBL,6/29/2020,341.0,341.0,313.0,329.0,-5.19,12955.0,340.0,285.2
ADBL,6/30/2020,323.0,352.0,320.0,350.0,6.38,4499.0,340.0,285.2
ADBL,7/1/2020,350.0,384.0,350.0,380.0,8.57,16073.0,340.0,285.2
ADBL,7/2/2020,382.0,394.0,343.0,345.0,-9.21,13518.0,340.0,285.2
ADBL,7/5/2020,350.0,365.0,345.0,356.0,3.19,29844.0,340.0,285.2
ADBL,7/6/2020,349.0,368.0,349.0,365.0,2.53,25485.0,340.0,285.2
ADBL,7/7/2020,370.0,379.0,367.0,374.0,2.47,16559.0,340.0,285.2
ADBL,7/8/2020,375.0,375.0,362.0,368.0,-1.6,15958.0,340.0,285.2
ADBL,7/9/2020,365.0,371.0,360.0,368.0,0.0,10849.0,340.0,285.2
ADBL,7/12/2020,370.0,377.0,368.0,375.0,1.9,20839.0,340.0,285.2
ADBL,7/13/2020,375.0,382.0,373.0,375.0,0.0,38001.0,340.0,285.2
ADBL,7/14/2020,375.0,378.0,372.0,375.0,0.0,9391.0,340.0,285.2
ADBL,7/15/2020,376.0,388.0,376.0,385.0,2.67,34899.0,340.0,285.2
ADBL,7/16/2020,389.0,405.0,389.0,400.0,3.9,49834.0,340.0,285.2
ADBL,7/19/2020,408.0,432.0,408.0,432.0,8.0,90.0,340.0,285.2
ADBL,7/20/2020,453.0,475.0,424.0,442.0,2.31,152858.0,340.0,285.2
ADBL,7/21/2020,443.0,446.0,427.0,431.0,-2.49,70227.0,340.0,285.2
ADBL,7/22/2020,445.0,445.0,420.0,426.0,-1.16,55050.0,340.0,285.2
ADBL,7/23/2020,426.0,430.0,418.0,428.0,0.47,33121.0,340.0,285.2
ADBL,7/26/2020,430.0,436.0,422.0,434.0,1.4,60056.0,340.0,285.2
ADBL,7/27/2020,434.0,440.0,430.0,433.0,-0.23,52250.0,340.0,285.2
ADBL,7/28/2020,435.0,435.0,428.0,432.0,-0.23,30474.0,340.0,285.2
ADBL,7/29/2020,430.0,432.0,421.0,422.0,-2.31,61718.0,340.0,285.2
ADBL,7/30/2020,415.0,429.0,415.0,427.0,1.18,34944.0,340.0,285.2
ADBL,8/2/2020,419.0,422.0,406.0,406.0,-4.92,64556.0,340.0,285.2
ADBL,8/3/2020,407.0,418.0,405.0,411.0,1.23,26260.0,340.0,285.2
ADBL,8/5/2020,419.0,419.0,402.0,404.0,-1.7,37294.0,340.0,285.2
ADBL,8/6/2020,405.0,408.0,401.0,406.0,0.5,33954.0,340.0,285.2
ADBL,8/9/2020,401.0,412.0,399.0,412.0,1.48,33276.0,340.0,285.2
ADBL,8/10/2020,432.0,432.0,413.0,425.0,3.16,30437.0,340.0,285.2
ADBL,8/11/2020,427.0,427.0,418.0,419.0,-1.41,26345.0,340.0,285.2
ADBL,8/12/2020,414.0,422.0,414.0,419.0,0.0,25454.0,340.0,285.2
ADBL,8/13/2020,425.0,425.0,414.0,415.0,-0.95,27971.0,340.0,285.2
ADBL,8/16/2020,411.0,416.0,405.0,410.0,-1.2,34679.0,340.0,285.2
ADBL,8/17/2020,410.0,415.0,406.0,415.0,1.22,20840.0,340.0,285.2
ADBL,8/18/2020,416.0,418.0,411.0,417.0,0.48,16446.0,340.0,285.2
ADBL,8/19/2020,410.0,415.0,408.0,409.0,-1.92,25812.0,340.0,285.2
ADBL,8/20/2020,410.0,412.0,406.0,412.0,0.73,8351.0,340.0,285.2
ADBL,8/23/2020,419.0,419.0,411.0,414.0,0.49,8109.0,340.0,285.2
ADBL,8/24/2020,418.0,420.0,415.0,420.0,1.45,30112.0,340.0,285.2
ADBL,8/25/2020,424.0,427.0,419.0,421.0,0.24,39774.0,340.0,285.2
ADBL,8/26/2020,425.0,429.0,420.0,426.0,1.19,39150.0,340.0,285.2
ADBL,8/27/2020,429.0,430.0,425.0,425.0,-0.23,30360.0,340.0,285.2
ADBL,8/30/2020,446.0,446.0,421.0,424.0,-0.24,20137.0,340.0,285.2
ADBL,8/31/2020,429.0,431.0,423.0,429.0,1.18,40437.0,340.0,285.2
ADBL,9/2/2020,436.0,440.0,432.0,436.0,1.63,108553.0,340.0,285.2
ADBL,9/3/2020,436.0,438.0,430.0,432.0,-0.92,54999.0,340.0,285.2
ADBL,9/6/2020,431.0,447.0,429.0,429.0,-0.69,51535.0,340.0,285.2
ADBL,9/7/2020,426.0,429.0,422.0,424.0,-1.17,30894.0,340.0,285.2
ADBL,9/8/2020,423.0,424.0,417.0,422.0,-0.47,18591.0,340.0,285.2
ADBL,9/9/2020,443.0,443.0,418.0,423.0,0.24,30486.0,340.0,285.2
ADBL,9/10/2020,444.0,444.0,422.0,425.0,0.47,30653.0,340.0,285.2
ADBL,9/13/2020,425.0,429.0,425.0,429.0,0.94,40426.0,340.0,285.2
ADBL,9/14/2020,429.0,439.0,429.0,435.0,1.4,66323.0,340.0,285.2
ADBL,9/15/2020,438.0,440.0,429.0,433.0,-0.46,36125.0,340.0,285.2
ADBL,9/16/2020,435.0,435.0,426.0,430.0,-0.69,35281.0,340.0,285.2
ADBL,9/17/2020,451.0,451.0,428.0,437.0,1.63,99827.0,340.0,285.2
ADBL,9/20/2020,443.0,450.0,435.0,440.0,0.69,53218.0,340.0,285.2
ADBL,9/21/2020,440.0,441.0,432.0,436.0,-0.91,54729.0,340.0,285.2
ADBL,9/22/2020,440.0,440.0,431.0,434.0,-0.46,93124.0,340.0,285.2
ADBL,9/23/2020,438.0,438.0,430.0,436.0,0.46,38716.0,340.0,285.2
ADBL,9/24/2020,438.0,438.0,431.0,435.0,-0.23,43273.0,340.0,285.2
ADBL,9/27/2020,438.0,442.0,433.0,440.0,1.15,66164.0,340.0,285.2
ADBL,9/28/2020,440.0,443.0,439.0,441.0,0.23,31645.0,340.0,285.2
ADBL,9/29/2020,441.0,441.0,437.0,438.0,-0.68,45801.0,340.0,285.2
ADBL,9/30/2020,445.0,445.0,434.0,436.0,-0.46,37898.0,340.0,285.2
ADBL,10/1/2020,435.0,440.0,435.0,439.0,0.69,17254.0,340.0,285.2
ADBL,10/4/2020,440.0,445.0,440.0,440.0,0.23,77867.0,340.0,285.2
ADBL,10/5/2020,441.0,443.0,438.0,439.0,-0.23,40920.0,340.0,285.2
ADBL,10/6/2020,440.0,450.0,439.0,450.0,2.51,118829.0,340.0,285.2
ADBL,10/7/2020,450.0,451.0,444.0,448.0,-0.44,55530.0,340.0,285.2
ADBL,10/8/2020,450.0,450.0,442.0,443.0,-1.12,37815.0,340.0,285.2
ADBL,10/11/2020,440.0,442.0,438.0,439.0,-0.9,27787.0,340.0,285.2
ADBL,10/12/2020,455.0,455.0,436.0,440.0,0.23,35458.0,340.0,285.2
ADBL,10/13/2020,440.0,440.0,438.0,439.0,-0.23,18523.0,340.0,285.2
ADBL,10/14/2020,440.0,440.0,436.0,439.0,0.0,19883.0,340.0,285.2
ADBL,10/15/2020,443.0,445.0,437.0,442.0,0.68,35904.0,340.0,285.2
ADBL,10/18/2020,438.0,441.0,437.0,439.0,-0.68,28101.0,340.0,285.2
ADBL,10/19/2020,438.0,441.0,436.0,440.0,0.23,23791.0,340.0,285.2
ADBL,10/20/2020,443.0,444.0,441.0,442.0,0.45,28155.0,340.0,285.2
ADBL,10/21/2020,443.0,450.0,443.0,450.0,1.81,48986.0,340.0,285.2
ADBL,10/22/2020,453.0,455.0,450.0,454.0,0.89,68836.0,340.0,285.2
ADBL,10/28/2020,457.0,474.0,456.0,473.0,4.19,83397.0,340.0,285.2
ADBL,10/29/2020,475.0,483.0,471.0,472.0,-0.21,114747.0,340.0,285.2
ADBL,11/1/2020,472.0,479.0,468.0,477.0,1.06,116363.0,340.0,285.2
ADBL,11/2/2020,477.0,479.0,469.0,469.0,-1.68,52560.0,340.0,285.2
ADBL,11/3/2020,480.0,480.0,465.0,467.0,-0.43,53871.0,340.0,285.2
ADBL,11/4/2020,468.0,468.0,462.0,464.0,-0.64,33667.0,340.0,285.2
ADBL,11/5/2020,464.0,476.0,462.0,470.0,1.29,102758.0,340.0,285.2
ADBL,11/8/2020,470.0,472.0,468.0,471.0,0.21,26833.0,340.0,285.2
ADBL,11/9/2020,470.0,474.0,468.0,472.0,0.21,33751.0,340.0,285.2
ADBL,11/10/2020,474.0,475.0,468.0,470.0,-0.42,80125.0,340.0,285.2
ADBL,11/11/2020,472.0,482.0,472.0,479.0,1.91,69277.0,340.0,285.2
ADBL,11/12/2020,475.0,484.0,475.0,484.0,1.04,86382.0,340.0,285.2
ADBL,11/18/2020,475.0,495.0,470.0,487.0,0.62,143816.0,340.0,285.2
ADBL,11/19/2020,511.0,511.0,489.0,491.0,0.82,71429.0,340.0,285.2
ADBL,11/22/2020,495.0,512.0,495.0,505.0,2.85,152315.0,340.0,285.2
ADBL,11/23/2020,510.0,515.0,506.0,512.0,1.39,196565.0,340.0,285.2
ADBL,11/24/2020,512.0,517.0,510.0,512.0,0.0,66020.0,340.0,285.2
ADBL,11/25/2020,511.0,525.0,511.0,519.0,1.37,107865.0,340.0,285.2
ADBL,11/26/2020,525.0,532.0,520.0,525.0,1.16,85540.0,340.0,285.2
ADBL,11/29/2020,526.0,559.0,524.0,554.0,5.52,230701.0,340.0,285.2
ADBL,11/30/2020,560.0,576.0,535.0,541.0,-2.35,169861.0,340.0,285.2
ADBL,12/1/2020,541.0,541.0,516.0,530.0,-2.03,151300.0,340.0,285.2
ADBL,12/2/2020,525.0,536.0,520.0,535.0,0.94,111361.0,340.0,285.2
ADBL,12/3/2020,534.0,540.0,528.0,532.0,-0.56,90643.0,340.0,285.2
ADBL,12/6/2020,522.0,533.0,516.0,517.0,-2.82,171129.0,340.0,285.2
ADBL,12/7/2020,515.0,533.0,510.0,532.0,2.9,131127.0,340.0,285.2
ADBL,12/8/2020,530.0,552.0,530.0,547.0,2.82,226073.0,340.0,285.2
ADBL,12/9/2020,545.0,547.0,534.0,536.0,-2.01,92328.0,340.0,285.2
ADBL,12/10/2020,535.0,538.0,526.0,535.0,-0.19,54470.0,340.0,285.2
ADBL,12/13/2020,540.0,555.0,538.0,552.0,3.18,136826.0,340.0,285.2
ADBL,12/14/2020,555.0,561.0,527.0,535.0,-3.08,323130.0,340.0,285.2
ADBL,12/15/2020,540.0,545.0,527.0,528.0,-1.31,117229.0,340.0,285.2
ADBL,12/16/2020,550.0,550.0,524.0,527.0,-0.19,76542.0,340.0,285.2
ADBL,12/17/2020,530.0,530.0,515.0,518.0,-1.71,87068.0,340.0,285.2
ADBL,12/20/2020,515.0,520.0,483.0,492.0,-5.02,104745.0,340.0,285.2
ADBL,12/21/2020,483.0,498.0,474.0,485.0,-1.42,103564.0,340.0,285.2
ADBL,12/22/2020,490.0,503.0,490.0,503.0,3.71,85171.0,340.0,285.2
ADBL,12/23/2020,495.0,516.0,495.0,500.0,-0.6,73410.0,340.0,285.2
ADBL,12/24/2020,500.0,500.0,489.0,493.0,-1.4,57679.0,340.0,285.2
ADBL,12/27/2020,495.0,496.0,488.0,493.0,0.0,42183.0,340.0,285.2
ADBL,12/28/2020,490.0,495.0,485.0,492.0,-0.2,32570.0,340.0,285.2
ADBL,12/29/2020,494.0,494.0,487.0,488.0,-0.81,96176.0,340.0,285.2
ADBL,12/30/2020,435.0,435.0,415.0,422.0,-13.52,30138.0,340.0,285.2
ADBL,12/31/2020,417.0,432.0,416.0,425.0,0.71,48740.0,340.0,285.2
ADBL,1/3/2021,433.0,441.0,433.0,440.0,3.53,46462.0,340.0,285.2
ADBL,1/4/2021,442.0,445.0,435.0,439.0,-0.23,29054.0,340.0,285.2
ADBL,1/5/2021,443.0,443.0,431.0,435.0,-0.91,22837.0,340.0,285.2
ADBL,1/6/2021,431.0,438.0,431.0,438.0,0.69,33745.0,340.0,285.2
ADBL,1/7/2021,440.0,443.0,432.0,438.0,0.0,39177.0,340.0,285.2
ADBL,1/10/2021,438.0,450.0,438.0,450.0,2.74,90717.0,340.0,285.2
ADBL,1/11/2021,453.0,459.0,450.0,451.0,0.22,59076.0,340.0,285.2
ADBL,1/12/2021,473.0,473.0,451.0,454.0,0.67,28076.0,340.0,285.2
ADBL,1/13/2021,452.0,460.0,450.0,450.0,-0.88,52729.0,340.0,285.2
ADBL,1/17/2021,459.0,459.0,452.0,453.0,0.67,52720.0,340.0,285.2
ADBL,1/18/2021,454.0,456.0,448.0,448.0,-1.1,61879.0,340.0,285.2
ADBL,1/19/2021,450.0,450.0,443.0,449.0,0.22,64531.0,340.0,285.2
ADBL,1/20/2021,450.0,450.0,443.0,444.0,-1.11,43511.0,340.0,285.2
ADBL,1/21/2021,466.0,466.0,441.0,444.0,0.0,48043.0,340.0,285.2
ADBL,1/24/2021,445.0,456.0,445.0,446.0,0.45,58964.0,340.0,285.2
ADBL,1/25/2021,446.0,464.0,444.0,460.0,3.14,125936.0,340.0,285.2
ADBL,1/26/2021,465.0,490.0,460.0,484.0,5.22,216204.0,340.0,285.2
ADBL,1/27/2021,485.0,485.0,468.0,470.0,-2.89,87784.0,340.0,285.2
ADBL,1/28/2021,470.0,470.0,453.0,459.0,-2.34,113805.0,340.0,285.2
ADBL,1/31/2021,458.0,458.0,441.0,445.0,-3.05,115291.0,340.0,285.2
ADBL,2/1/2021,445.0,459.0,440.0,446.0,0.22,39012.0,340.0,285.2
ADBL,2/2/2021,449.0,453.0,445.0,450.0,0.9,76206.0,340.0,285.2
ADBL,2/3/2021,450.0,464.0,447.0,451.0,0.22,91296.0,340.0,285.2
ADBL,2/4/2021,459.0,459.0,442.0,451.0,0.0,77015.0,340.0,285.2
ADBL,2/7/2021,451.0,452.0,447.0,450.0,-0.22,68729.0,340.0,285.2
ADBL,2/8/2021,454.0,480.0,446.0,462.0,2.67,107995.0,340.0,285.2
ADBL,2/9/2021,480.0,480.0,451.0,453.0,-1.95,61086.0,340.0,285.2
ADBL,2/10/2021,460.0,461.0,449.0,457.0,0.88,35029.0,340.0,285.2
ADBL,2/11/2021,453.0,464.0,451.0,451.0,-1.31,58376.0,340.0,285.2
ADBL,2/14/2021,450.0,455.0,446.0,448.0,-0.67,52654.0,340.0,285.2
ADBL,2/15/2021,470.0,470.0,449.0,456.0,1.79,64582.0,340.0,285.2
ADBL,2/16/2021,460.0,468.0,452.0,462.0,1.32,103729.0,340.0,285.2
ADBL,2/17/2021,463.0,469.0,456.0,467.0,1.08,119712.0,340.0,285.2
ADBL,2/18/2021,470.0,479.0,465.0,472.0,1.07,117240.0,340.0,285.2
ADBL,2/21/2021,471.0,484.0,467.0,473.0,0.21,117339.0,340.0,285.2
ADBL,2/22/2021,474.0,474.0,460.0,464.0,-1.9,99940.0,340.0,285.2
ADBL,2/23/2021,460.0,460.0,446.0,455.0,-1.94,61301.0,340.0,285.2
ADBL,2/24/2021,477.0,477.0,453.0,459.0,0.88,76992.0,340.0,285.2
ADBL,2/25/2021,466.0,466.0,450.0,455.0,-0.87,60468.0,340.0,285.2
ADBL,2/28/2021,450.0,450.0,438.0,441.0,-3.08,87385.0,340.0,285.2
ADBL,3/1/2021,441.0,449.0,435.0,445.0,0.91,86938.0,340.0,285.2
ADBL,3/2/2021,449.0,449.0,430.0,435.0,-2.25,70484.0,340.0,285.2
ADBL,3/3/2021,435.0,435.0,421.0,428.0,-1.61,74820.0,340.0,285.2
ADBL,3/4/2021,431.0,436.0,430.0,434.0,1.4,58945.0,340.0,285.2
ADBL,3/7/2021,434.0,441.0,429.0,430.0,-0.92,72363.0,340.0,285.2
ADBL,3/9/2021,430.0,431.0,424.0,426.0,-0.93,36121.0,340.0,285.2
ADBL,3/10/2021,421.0,434.0,421.0,426.0,0.0,41639.0,340.0,285.2
ADBL,3/14/2021,420.0,428.0,417.0,418.0,-1.88,47505.0,340.0,285.2
ADBL,3/15/2021,426.0,426.0,415.0,417.0,-0.24,29309.0,340.0,285.2
ADBL,3/16/2021,415.0,421.0,414.0,417.0,0.0,38698.0,340.0,285.2
ADBL,3/17/2021,423.0,424.0,415.0,423.0,1.44,18916.0,340.0,285.2
ADBL,3/18/2021,444.0,444.0,423.0,430.0,1.65,37618.0,340.0,285.2
ADBL,3/21/2021,430.0,440.0,430.0,437.0,1.63,38957.0,340.0,285.2
ADBL,3/22/2021,438.0,438.0,429.0,429.0,-1.83,32906.0,340.0,285.2
ADBL,3/23/2021,430.0,434.0,423.0,427.0,-0.47,23070.0,340.0,285.2
ADBL,3/24/2021,430.0,437.0,426.0,429.0,0.47,45332.0,340.0,285.2
ADBL,3/25/2021,434.0,434.0,426.0,431.0,0.47,56250.0,340.0,285.2
ADBL,3/29/2021,434.0,434.0,425.0,429.0,-0.46,27514.0,340.0,285.2
ADBL,3/30/2021,432.0,432.0,426.0,428.0,-0.23,28165.0,340.0,285.2
ADBL,3/31/2021,433.0,452.0,426.0,445.0,3.97,108531.0,340.0,285.2
ADBL,4/1/2021,455.0,455.0,434.0,439.0,-1.35,70842.0,340.0,285.2
ADBL,4/4/2021,440.0,445.0,434.0,441.0,0.46,72060.0,340.0,285.2
ADBL,4/5/2021,445.0,445.0,435.0,437.0,-0.91,38063.0,340.0,285.2
ADBL,4/6/2021,432.0,439.0,432.0,437.0,0.0,48766.0,340.0,285.2
ADBL,4/7/2021,438.0,439.0,432.0,437.0,0.0,30787.0,340.0,285.2
ADBL,4/8/2021,439.0,439.0,434.0,437.0,0.0,42989.0,340.0,285.2
ADBL,4/12/2021,440.0,440.0,431.0,437.0,0.0,64617.0,340.0,285.2
ADBL,4/13/2021,450.0,450.0,437.0,445.0,1.83,102443.0,340.0,285.2
ADBL,4/15/2021,450.0,452.0,445.0,448.0,0.67,80699.0,340.0,285.2
ADBL,4/18/2021,455.0,456.0,439.0,441.0,-1.56,75807.0,340.0,285.2
ADBL,4/19/2021,436.0,440.0,432.0,433.0,-1.81,75119.0,340.0,285.2
ADBL,4/20/2021,430.0,436.0,429.0,430.0,-0.69,69148.0,340.0,285.2
ADBL,4/21/2021,427.0,435.0,425.0,429.0,-0.23,67723.0,340.0,285.2
ADBL,4/22/2021,435.0,435.0,424.0,428.0,-0.23,57567.0,340.0,285.2
ADBL,4/25/2021,431.0,431.0,418.0,419.0,-2.1,53306.0,340.0,285.2
ADBL,4/26/2021,418.0,424.0,402.0,412.0,-1.67,82121.0,340.0,285.2
ADBL,4/27/2021,415.0,418.0,407.0,416.0,0.97,91231.0,340.0,285.2
ADBL,4/28/2021,420.0,421.0,411.0,415.0,-0.24,41259.0,340.0,285.2
ADBL,4/29/2021,415.0,421.0,414.0,419.0,0.96,48621.0,340.0,285.2
ADBL,5/2/2021,422.0,427.0,420.0,424.0,1.19,58954.0,340.0,285.2
ADBL,5/3/2021,428.0,430.0,417.0,418.0,-1.42,63178.0,340.0,285.2
ADBL,5/4/2021,423.0,423.0,415.0,417.0,-0.24,46355.0,340.0,285.2
ADBL,5/5/2021,398.0,423.0,398.0,417.0,0.0,48809.0,340.0,285.2
ADBL,5/6/2021,425.0,425.0,415.0,417.0,0.0,43509.0,340.0,285.2
ADBL,5/9/2021,417.0,421.0,412.0,419.0,0.48,44803.0,340.0,285.2
ADBL,5/10/2021,422.0,422.0,416.0,420.0,0.24,34550.0,340.0,285.2
ADBL,5/11/2021,430.0,430.0,418.0,421.0,0.24,47979.0,340.0,285.2
ADBL,5/12/2021,421.0,422.0,418.0,419.0,-0.48,34976.0,340.0,285.2
ADBL,5/13/2021,420.0,421.0,418.0,419.0,0.0,43764.0,340.0,285.2
ADBL,5/16/2021,422.0,425.0,421.0,425.0,1.43,64623.0,340.0,285.2
ADBL,5/17/2021,435.0,435.0,427.0,428.0,0.71,50942.0,340.0,285.2
ADBL,5/18/2021,431.0,433.0,428.0,433.0,1.17,73076.0,340.0,285.2
ADBL,5/19/2021,434.0,441.0,432.0,435.0,0.46,87374.0,340.0,285.2
ADBL,5/20/2021,455.0,455.0,428.0,437.0,0.46,60345.0,340.0,285.2
ADBL,5/23/2021,435.0,445.0,428.0,445.0,1.83,95466.0,340.0,285.2
ADBL,5/24/2021,446.0,455.0,446.0,452.0,1.57,201509.0,340.0,285.2
ADBL,5/25/2021,453.0,453.0,443.0,446.0,-1.33,45800.0,340.0,285.2
ADBL,5/27/2021,440.0,446.0,435.0,444.0,-0.45,86267.0,340.0,285.2
ADBL,5/30/2021,444.0,454.0,440.0,448.0,0.9,156823.0,340.0,285.2
ADBL,5/31/2021,452.0,455.0,441.0,442.0,-1.34,63529.0,340.0,285.2
ADBL,6/1/2021,440.0,442.0,434.0,437.0,-1.13,72507.0,340.0,285.2
ADBL,6/2/2021,437.0,443.0,435.0,440.0,0.69,67701.0,340.0,285.2
ADBL,6/3/2021,445.0,455.0,440.0,450.0,2.27,169456.0,340.0,285.2
ADBL,6/6/2021,455.0,481.0,455.0,466.0,3.56,309217.0,340.0,285.2
ADBL,6/7/2021,444.0,480.0,444.0,458.0,-1.72,178135.0,340.0,285.2
ADBL,6/8/2021,460.0,468.0,458.0,463.0,1.09,181070.0,340.0,285.2
ADBL,6/9/2021,463.0,469.0,459.0,462.0,-0.22,94004.0,340.0,285.2
ADBL,6/10/2021,460.0,465.0,456.0,457.0,-1.08,69384.0,340.0,285.2
ADBL,6/13/2021,457.0,463.0,454.0,461.0,0.88,135433.0,340.0,285.2
ADBL,6/14/2021,461.0,485.0,460.0,478.0,3.69,238183.0,340.0,285.2
ADBL,6/15/2021,480.0,497.0,480.0,487.0,1.88,346796.0,340.0,285.2
ADBL,6/16/2021,487.0,510.0,482.0,492.0,1.03,249556.0,340.0,285.2
ADBL,6/17/2021,498.0,501.0,489.0,490.0,-0.41,132336.0,340.0,285.2
ADBL,6/20/2021,466.0,500.0,466.0,476.0,-2.86,185371.0,340.0,285.2
ADBL,6/21/2021,495.0,495.0,466.0,470.0,-1.26,158267.0,340.0,285.2
ADBL,6/22/2021,450.0,483.0,450.0,482.0,2.55,112308.0,340.0,285.2
ADBL,6/23/2021,482.0,482.0,470.0,471.0,-2.28,72529.0,340.0,285.2
ADBL,6/24/2021,491.0,491.0,465.0,482.0,2.34,168916.0,340.0,285.2
ADBL,6/27/2021,476.0,500.0,476.0,493.0,2.28,165483.0,340.0,285.2
ADBL,6/28/2021,517.0,517.0,491.0,497.0,0.81,183885.0,340.0,285.2
ADBL,6/29/2021,500.0,503.0,482.0,485.0,-2.41,73114.0,340.0,285.2
ADBL,6/30/2021,476.0,484.0,472.0,482.0,-0.62,49724.0,340.0,285.2
ADBL,7/1/2021,458.0,491.0,458.0,484.0,0.41,97084.0,340.0,285.2
ADBL,7/4/2021,484.0,487.0,475.0,477.0,-1.45,54096.0,340.0,285.2
ADBL,7/5/2021,477.0,484.0,471.0,476.0,-0.21,37585.0,340.0,285.2
ADBL,7/6/2021,475.0,477.0,470.0,473.0,-0.63,44597.0,340.0,285.2
ADBL,7/7/2021,482.0,482.0,471.0,471.0,-0.42,77933.0,340.0,285.2
ADBL,7/8/2021,472.0,480.0,470.0,477.0,1.27,51483.0,340.0,285.2
ADBL,7/11/2021,478.0,488.0,477.0,488.0,2.31,63968.0,340.0,285.2
ADBL,7/12/2021,490.0,494.0,478.0,480.0,-1.64,69957.0,340.0,285.2
ADBL,7/13/2021,473.0,483.0,473.0,481.0,0.21,64679.0,340.0,285.2
ADBL,7/14/2021,488.0,488.0,477.0,479.0,-0.42,40531.0,340.0,285.2
ADBL,7/15/2021,480.0,482.0,476.0,479.0,0.0,59702.0,340.0,285.2
ADBL,7/18/2021,479.0,510.0,479.0,508.0,6.05,199269.0,340.0,285.2
ADBL,7/19/2021,515.0,525.3,509.0,512.0,0.79,298032.0,340.0,285.2
ADBL,7/20/2021,512.0,545.7,506.0,545.0,6.45,428610.0,340.0,285.2
ADBL,7/22/2021,555.0,599.5,550.1,588.0,7.89,800592.0,340.0,285.2
ADBL,7/25/2021,599.7,605.8,582.0,597.0,1.53,400066.0,340.0,285.2
ADBL,7/26/2021,593.0,597.0,575.0,579.0,-3.02,564272.0,340.0,285.2
ADBL,7/27/2021,570.0,585.0,557.0,575.0,-0.69,308307.0,340.0,285.2
ADBL,7/28/2021,575.0,582.0,568.0,570.0,-0.87,130006.0,340.0,285.2
ADBL,7/29/2021,575.0,575.0,560.0,571.0,0.18,107729.0,340.0,285.2
ADBL,8/1/2021,575.0,576.0,565.0,568.0,-0.53,134087.0,340.0,285.2
ADBL,8/2/2021,565.0,574.9,565.0,573.0,0.88,90713.0,340.0,285.2
ADBL,8/3/2021,575.0,583.0,571.1,580.0,1.22,98770.0,340.0,285.2
ADBL,8/4/2021,591.6,591.6,577.2,582.5,0.43,117917.0,340.0,285.2
ADBL,8/5/2021,583.0,587.0,578.0,580.0,-0.43,128975.0,340.0,285.2
ADBL,8/8/2021,581.0,586.0,580.0,581.0,0.17,106350.0,340.0,285.2
ADBL,8/9/2021,586.0,586.0,576.0,580.0,-0.17,98808.0,340.0,285.2
ADBL,8/10/2021,590.0,598.0,575.0,593.0,2.24,164275.0,340.0,285.2
ADBL,8/11/2021,604.8,620.0,588.0,589.0,-0.67,332172.0,340.0,285.2
ADBL,8/12/2021,598.0,599.0,588.0,593.1,0.7,207792.0,340.0,285.2
ADBL,8/15/2021,604.0,604.9,585.0,594.0,0.15,246363.0,340.0,285.2
ADBL,8/16/2021,600.0,600.0,587.2,590.0,-0.67,178209.0,340.0,285.2
ADBL,8/17/2021,585.0,594.0,582.1,583.9,-1.03,119069.0,340.0,285.2
ADBL,8/18/2021,582.0,600.0,575.0,595.0,1.9,203897.0,340.0,285.2
ADBL,8/19/2021,596.0,600.0,590.0,590.5,-0.76,155462.0,340.0,285.2
ADBL,8/24/2021,595.0,595.0,578.0,580.0,-1.78,84503.0,340.0,285.2
ADBL,8/25/2021,576.0,578.2,568.2,569.2,-1.86,81382.0,340.0,285.2
ADBL,8/26/2021,569.0,574.0,565.0,570.0,0.14,73544.0,340.0,285.2
ADBL,8/29/2021,570.0,579.0,558.7,559.0,-1.93,74915.0,340.0,285.2
ADBL,8/31/2021,555.0,556.0,540.0,544.0,-2.68,99639.0,340.0,285.2
ADBL,9/1/2021,544.0,554.0,538.0,548.5,0.83,93937.0,340.0,285.2
ADBL,9/2/2021,548.0,555.0,540.3,547.0,-0.27,64932.0,340.0,285.2
ADBL,9/5/2021,539.0,542.0,517.1,529.0,-3.29,118899.0,340.0,285.2
ADBL,9/6/2021,529.0,555.0,519.1,555.0,4.91,80904.0,340.0,285.2
ADBL,9/7/2021,555.0,555.0,544.0,544.0,-1.98,39266.0,340.0,285.2
ADBL,9/8/2021,544.4,544.4,530.0,535.0,-1.65,37797.0,340.0,285.2
ADBL,9/9/2021,538.0,543.0,530.0,535.3,0.06,37249.0,340.0,285.2
ADBL,9/12/2021,535.0,544.0,535.0,539.0,0.69,49372.0,340.0,285.2
ADBL,9/13/2021,548.0,553.0,540.0,546.0,1.3,61708.0,340.0,285.2
ADBL,9/14/2021,550.0,552.0,540.0,547.0,0.18,50050.0,340.0,285.2
ADBL,9/15/2021,547.0,547.0,535.0,536.0,-2.01,51866.0,340.0,285.2
ADBL,9/16/2021,535.0,535.0,515.0,520.2,-2.95,84511.0,340.0,285.2
ADBL,9/20/2021,525.0,526.0,503.0,507.9,-2.36,112904.0,340.0,285.2
ADBL,9/21/2021,500.0,518.0,492.0,507.0,-0.18,80684.0,340.0,285.2
ADBL,9/22/2021,517.0,535.0,510.0,529.0,4.34,61892.0,340.0,285.2
ADBL,9/23/2021,539.5,559.0,532.0,545.0,3.02,113896.0,340.0,285.2
ADBL,9/26/2021,555.7,560.0,536.0,540.0,-0.92,80063.0,340.0,285.2
ADBL,9/27/2021,539.0,539.0,515.0,523.0,-3.15,71015.0,340.0,285.2
ADBL,9/28/2021,525.0,525.0,506.0,509.0,-2.68,65077.0,340.0,285.2
ADBL,9/29/2021,510.0,512.0,494.9,512.0,0.59,78586.0,340.0,285.2
ADBL,9/30/2021,515.0,517.0,505.0,508.0,-0.78,48902.0,340.0,285.2
ADBL,10/3/2021,508.0,508.0,498.0,498.0,-1.97,62039.0,340.0,285.2
ADBL,10/4/2021,498.0,502.0,491.0,497.0,-0.2,54880.0,340.0,285.2
ADBL,10/5/2021,495.0,507.0,492.0,504.0,1.41,55864.0,340.0,285.2
ADBL,10/6/2021,514.0,514.9,500.0,506.0,0.4,39844.0,340.0,285.2
ADBL,10/10/2021,506.0,524.0,505.0,509.5,0.69,51759.0,340.0,285.2
ADBL,10/11/2021,509.0,510.9,500.0,509.0,-0.1,26076.0,340.0,285.2
ADBL,10/17/2021,509.0,514.9,505.0,507.9,-0.22,13824.0,340.0,285.2
ADBL,10/18/2021,508.0,508.0,494.2,496.0,-2.34,38949.0,340.0,285.2
ADBL,10/19/2021,502.0,502.0,482.0,493.0,-0.6,42712.0,340.0,285.2
ADBL,10/20/2021,502.8,517.1,492.0,503.8,2.19,28247.0,340.0,285.2
ADBL,10/21/2021,494.0,505.0,494.0,500.2,-0.71,30079.0,340.0,285.2
ADBL,10/24/2021,501.0,505.0,492.0,503.0,0.56,39448.0,340.0,285.2
ADBL,10/25/2021,504.0,513.0,499.0,512.0,1.79,47523.0,340.0,285.2
ADBL,10/26/2021,520.0,525.0,513.0,525.0,2.54,60461.0,340.0,285.2
ADBL,10/27/2021,527.0,558.5,516.0,551.0,4.95,193472.0,340.0,285.2
ADBL,10/28/2021,555.0,560.0,538.0,538.0,-2.36,91581.0,340.0,285.2
ADBL,10/31/2021,530.0,544.0,524.0,532.0,-1.12,75090.0,340.0,285.2
ADBL,11/1/2021,521.4,535.0,520.0,521.0,-2.07,66975.0,340.0,285.2
ADBL,11/2/2021,521.0,529.9,515.0,528.5,1.44,30675.0,340.0,285.2
ADBL,11/3/2021,539.0,549.0,533.0,542.9,2.72,103451.0,340.0,285.2
ADBL,11/8/2021,543.0,544.0,528.0,528.0,-2.74,27478.0,340.0,285.2
ADBL,11/9/2021,528.1,530.0,512.0,515.0,-2.46,53120.0,340.0,285.2
ADBL,11/11/2021,512.0,520.0,500.0,507.0,-1.55,68078.0,340.0,285.2
ADBL,11/14/2021,503.0,510.0,497.0,508.9,0.37,36575.0,340.0,285.2
ADBL,11/15/2021,510.0,514.9,506.0,506.5,-0.47,27116.0,340.0,285.2
ADBL,11/16/2021,507.0,513.0,500.0,508.0,0.3,48725.0,340.0,285.2
ADBL,11/17/2021,518.0,518.0,508.2,512.9,0.96,47611.0,340.0,285.2
ADBL,11/18/2021,503.1,511.0,503.1,508.2,-0.92,19692.0,340.0,285.2
ADBL,11/21/2021,508.0,510.0,502.5,504.0,-0.83,39307.0,340.0,285.2
ADBL,11/22/2021,504.0,509.0,503.0,504.2,0.04,20171.0,340.0,285.2
ADBL,11/23/2021,500.0,505.0,495.0,497.1,-1.41,36868.0,340.0,285.2
ADBL,11/24/2021,497.0,498.9,495.1,495.9,-0.24,36718.0,340.0,285.2
ADBL,11/25/2021,496.0,499.5,491.0,495.0,-0.18,40312.0,340.0,285.2
ADBL,11/28/2021,491.0,495.0,470.0,476.0,-3.84,64115.0,340.0,285.2
ADBL,11/29/2021,471.0,483.0,469.0,477.5,0.32,25152.0,340.0,285.2
ADBL,11/30/2021,474.0,480.0,468.0,473.0,-0.94,35963.0,340.0,285.2
ADBL,12/1/2021,472.0,475.0,470.0,473.0,0.0,28814.0,340.0,285.2
ADBL,12/2/2021,475.0,476.9,467.0,467.0,-1.27,37874.0,340.0,285.2
ADBL,12/5/2021,461.0,465.0,444.0,446.0,-4.5,68193.0,340.0,285.2
ADBL,12/6/2021,446.0,459.0,430.0,451.0,1.12,68814.0,340.0,285.2
ADBL,12/7/2021,452.1,456.9,448.0,448.0,-0.67,28400.0,340.0,285.2
ADBL,12/8/2021,445.0,445.0,437.0,441.0,-1.56,27135.0,340.0,285.2
ADBL,12/9/2021,440.0,440.0,410.0,439.0,-0.45,40348.0,340.0,285.2
ADBL,12/12/2021,437.0,438.8,421.0,421.0,-4.1,32738.0,340.0,285.2
ADBL,12/13/2021,421.0,421.7,406.1,421.0,0.0,50626.0,340.0,285.2
ADBL,12/14/2021,429.0,440.0,420.5,437.0,3.8,12873.0,340.0,285.2
ADBL,12/15/2021,445.0,453.0,430.0,435.0,-0.46,34320.0,340.0,285.2
ADBL,12/16/2021,435.0,441.0,430.1,441.0,1.38,42355.0,340.0,285.2
ADBL,12/20/2021,449.8,471.9,449.8,463.0,4.99,203606.0,340.0,285.2
ADBL,12/21/2021,472.1,472.2,458.7,468.0,1.08,89845.0,340.0,285.2
ADBL,12/22/2021,475.0,488.0,468.0,486.0,3.85,91095.0,340.0,285.2
ADBL,12/23/2021,494.9,497.0,481.0,496.0,2.06,77234.0,340.0,285.2
ADBL,12/26/2021,499.1,502.0,495.0,500.0,0.81,130801.0,340.0,285.2
ADBL,12/27/2021,510.0,510.0,491.0,493.0,-1.4,88858.0,340.0,285.2
ADBL,12/28/2021,493.0,498.0,488.0,494.0,0.2,91046.0,340.0,285.2
ADBL,12/29/2021,499.0,499.0,488.0,492.0,-0.4,200533.0,340.0,285.2
ADBL,1/2/2022,410.0,412.0,400.1,411.0,-16.46,78818.0,340.0,285.2
ADBL,1/3/2022,416.0,418.0,412.0,415.0,0.97,35929.0,340.0,285.2
ADBL,1/4/2022,422.0,424.0,410.0,422.0,1.69,52990.0,340.0,285.2
ADBL,1/5/2022,426.0,430.0,418.0,419.0,-0.71,45591.0,340.0,285.2
ADBL,1/6/2022,420.0,422.0,415.5,421.0,0.48,37485.0,340.0,285.2
ADBL,1/9/2022,424.0,434.0,420.0,431.0,2.38,79470.0,340.0,285.2
ADBL,1/10/2022,435.0,437.5,427.0,429.0,-0.46,70123.0,340.0,285.2
ADBL,1/11/2022,429.5,432.9,426.1,428.9,-0.02,41350.0,340.0,285.2
ADBL,1/12/2022,435.0,435.0,422.0,424.0,-1.14,39598.0,340.0,285.2
ADBL,1/13/2022,421.5,426.9,421.5,426.9,0.68,37250.0,340.0,285.2
ADBL,1/16/2022,433.0,437.0,430.1,435.0,1.9,63396.0,340.0,285.2
ADBL,1/17/2022,441.0,442.0,435.0,441.0,1.38,50102.0,340.0,285.2
ADBL,1/18/2022,441.0,448.0,436.9,440.0,-0.23,95284.0,340.0,285.2
ADBL,1/19/2022,440.0,442.0,426.3,433.0,-1.59,60921.0,340.0,285.2
ADBL,1/20/2022,430.0,435.0,427.5,433.0,0.0,41039.0,340.0,285.2
ADBL,1/23/2022,440.0,441.0,428.0,430.2,-0.65,42972.0,340.0,285.2
ADBL,1/24/2022,434.0,434.0,418.0,422.0,-1.91,67946.0,340.0,285.2
ADBL,1/25/2022,420.0,425.0,415.0,419.9,-0.5,51430.0,340.0,285.2
ADBL,1/26/2022,420.0,420.0,415.0,416.4,-0.83,27790.0,340.0,285.2
ADBL,1/27/2022,415.0,423.0,415.0,417.0,0.14,21775.0,340.0,285.2
ADBL,1/30/2022,425.0,432.0,420.1,424.7,1.85,39524.0,340.0,285.2
ADBL,1/31/2022,426.0,426.0,421.2,422.0,-0.64,20348.0,340.0,285.2
ADBL,2/1/2022,420.0,424.0,418.0,423.0,0.24,33761.0,340.0,285.2
ADBL,2/3/2022,425.0,425.0,420.0,420.6,-0.57,47402.0,340.0,285.2
ADBL,2/6/2022,418.0,422.0,417.0,418.0,-0.62,33404.0,340.0,285.2
ADBL,2/7/2022,416.5,423.0,416.1,417.0,-0.24,26388.0,340.0,285.2
ADBL,2/8/2022,423.0,425.0,416.0,417.0,0.0,33948.0,340.0,285.2
ADBL,2/9/2022,417.0,418.0,413.0,415.5,-0.36,16231.0,340.0,285.2
ADBL,2/10/2022,422.0,422.0,413.0,414.5,-0.24,20035.0,340.0,285.2
ADBL,2/13/2022,406.3,414.0,405.0,405.5,-2.17,42697.0,340.0,285.2
ADBL,2/14/2022,405.0,410.0,403.0,404.0,-0.37,24705.0,340.0,285.2
ADBL,2/15/2022,405.0,410.0,403.2,407.0,0.74,36803.0,340.0,285.2
ADBL,2/16/2022,415.0,415.0,406.0,406.9,-0.02,17607.0,340.0,285.2
ADBL,2/17/2022,415.0,415.0,403.5,405.0,-0.47,18795.0,340.0,285.2
ADBL,2/20/2022,400.0,402.0,395.0,399.0,-1.48,35466.0,340.0,285.2
ADBL,2/21/2022,400.0,405.0,398.0,402.0,0.75,27798.0,340.0,285.2
ADBL,2/22/2022,402.0,408.0,402.0,404.8,0.7,15662.0,340.0,285.2
ADBL,2/23/2022,405.9,406.0,399.9,400.0,-1.19,35048.0,340.0,285.2
ADBL,2/24/2022,401.0,401.0,392.0,397.0,-0.75,33591.0,340.0,285.2
ADBL,2/27/2022,397.0,397.3,391.1,395.0,-0.5,29411.0,340.0,285.2
ADBL,2/28/2022,395.0,401.9,388.0,390.0,-1.27,66116.0,340.0,285.2
ADBL,3/2/2022,388.0,390.0,378.0,380.0,-2.56,63480.0,340.0,285.2
ADBL,3/6/2022,378.5,384.5,378.5,380.9,0.24,31906.0,340.0,285.2
ADBL,3/7/2022,382.0,387.0,382.0,385.0,1.08,21937.0,340.0,285.2
ADBL,3/9/2022,389.0,390.0,381.1,383.9,-0.29,20104.0,340.0,285.2
ADBL,3/10/2022,383.0,386.9,380.0,386.5,0.68,28256.0,340.0,285.2
ADBL,3/13/2022,390.0,403.0,386.5,403.0,4.27,56207.0,340.0,285.2
ADBL,3/14/2022,409.0,411.0,395.0,402.0,-0.25,43377.0,340.0,285.2
ADBL,3/15/2022,405.0,405.0,395.0,399.0,-0.75,36194.0,340.0,285.2
ADBL,3/16/2022,399.0,400.0,396.0,396.2,-0.7,20680.0,340.0,285.2
ADBL,3/20/2022,400.0,402.0,392.0,396.6,0.1,22115.0,340.0,285.2
ADBL,3/21/2022,402.0,402.0,391.0,395.6,-0.25,18867.0,340.0,285.2
ADBL,3/22/2022,395.0,399.4,395.0,398.0,0.61,20056.0,340.0,285.2
ADBL,3/23/2022,405.9,405.9,392.0,395.0,-0.75,14248.0,340.0,285.2
ADBL,3/24/2022,394.5,395.0,392.0,393.0,-0.51,24489.0,340.0,285.2
ADBL,3/27/2022,393.0,394.0,388.0,388.1,-1.25,20877.0,340.0,285.2
ADBL,3/28/2022,385.6,390.0,384.0,386.0,-0.54,22843.0,340.0,285.2
ADBL,3/29/2022,381.0,389.6,379.0,383.9,-0.54,18020.0,340.0,285.2
ADBL,3/30/2022,383.0,388.0,381.0,385.0,0.29,19953.0,340.0,285.2
ADBL,3/31/2022,387.0,388.0,383.0,384.1,-0.23,16460.0,340.0,285.2
ADBL,4/3/2022,384.1,385.0,378.6,380.5,-0.94,21505.0,340.0,285.2
ADBL,4/4/2022,375.0,382.0,375.0,379.0,-0.39,44329.0,340.0,285.2
ADBL,4/5/2022,385.0,385.0,371.5,376.8,-0.58,28851.0,340.0,285.2
ADBL,4/6/2022,374.0,378.0,365.0,366.9,-2.63,40684.0,340.0,285.2
ADBL,4/7/2022,364.7,375.0,364.7,373.0,1.66,22876.0,340.0,285.2
ADBL,4/11/2022,373.0,382.0,366.1,367.0,-1.61,27160.0,340.0,285.2
ADBL,4/12/2022,363.6,373.3,363.6,363.8,-0.87,12556.0,340.0,285.2
ADBL,4/13/2022,364.0,369.0,364.0,367.0,0.88,29290.0,340.0,285.2
ADBL,4/17/2022,370.0,376.0,368.0,371.0,1.09,20608.0,340.0,285.2
ADBL,4/18/2022,370.0,374.0,367.0,369.9,-0.3,15159.0,340.0,285.2
ADBL,4/19/2022,369.0,372.0,358.7,371.0,0.3,19684.0,340.0,285.2
ADBL,4/20/2022,373.0,378.0,367.0,370.0,-0.27,16063.0,340.0,285.2
ADBL,4/21/2022,370.0,370.0,363.0,370.0,0.0,14989.0,340.0,285.2
ADBL,4/24/2022,371.0,377.0,367.0,376.6,1.78,22222.0,340.0,285.2
ADBL,4/25/2022,380.0,384.0,375.0,378.0,0.37,15248.0,340.0,285.2
ADBL,4/26/2022,374.0,377.0,371.5,373.0,-1.32,11521.0,340.0,285.2
ADBL,4/27/2022,370.0,371.0,368.0,371.0,-0.54,12344.0,340.0,285.2
ADBL,4/28/2022,378.0,378.0,367.1,369.0,-0.54,26491.0,340.0,285.2
ADBL,5/2/2022,367.0,367.0,363.6,364.0,-1.36,15384.0,340.0,285.2
ADBL,5/4/2022,364.0,366.0,360.0,361.0,-0.82,12602.0,340.0,285.2
ADBL,5/5/2022,361.0,365.0,356.0,356.3,-1.3,14718.0,340.0,285.2
ADBL,5/8/2022,356.3,356.3,352.0,354.5,-0.51,20085.0,340.0,285.2
ADBL,5/9/2022,360.0,367.0,355.0,365.0,2.96,16600.0,340.0,285.2
ADBL,5/10/2022,372.0,377.7,365.0,377.7,3.48,13260.0,340.0,285.2
ADBL,5/11/2022,378.0,384.0,371.0,384.0,1.67,17055.0,340.0,285.2
ADBL,5/12/2022,384.0,389.0,379.0,379.9,-1.07,13959.0,340.0,285.2
ADBL,5/17/2022,383.0,383.0,365.0,366.0,-3.66,10299.0,340.0,285.2
ADBL,5/18/2022,369.0,369.0,362.0,366.0,0.0,8992.0,340.0,285.2
ADBL,5/19/2022,366.0,373.0,364.6,365.8,-0.05,7073.0,340.0,285.2
ADBL,5/20/2022,366.0,366.0,360.0,364.0,-0.49,5095.0,340.0,285.2
ADBL,5/23/2022,371.0,371.0,358.6,360.0,-1.1,15982.0,340.0,285.2
ADBL,5/24/2022,354.0,366.0,353.0,362.0,0.56,10269.0,340.0,285.2
ADBL,5/25/2022,362.0,365.0,360.0,363.0,0.28,17122.0,340.0,285.2
ADBL,5/26/2022,363.0,367.0,361.0,367.0,1.1,12109.0,340.0,285.2
ADBL,5/27/2022,367.0,367.0,363.0,364.9,-0.57,10347.0,340.0,285.2
ADBL,5/30/2022,367.0,367.0,356.2,357.0,-2.16,12409.0,340.0,285.2
ADBL,5/31/2022,355.0,355.0,348.1,352.0,-1.4,14454.0,340.0,285.2
ADBL,6/1/2022,354.0,356.0,350.0,352.0,0.0,10455.0,340.0,285.2
ADBL,6/2/2022,352.0,353.0,348.1,350.0,-0.57,16073.0,340.0,285.2
ADBL,6/3/2022,343.1,352.0,343.1,343.5,-1.86,18065.0,340.0,285.2
ADBL,6/6/2022,345.0,345.5,338.0,343.0,-0.15,20851.0,340.0,285.2
ADBL,6/7/2022,340.0,345.0,322.6,328.9,-4.11,49886.0,340.0,285.2
ADBL,6/8/2022,331.0,337.0,329.2,334.0,1.55,27291.0,340.0,285.2
ADBL,6/9/2022,335.0,340.6,333.2,335.0,0.3,15288.0,340.0,285.2
ADBL,6/10/2022,339.9,339.9,326.0,335.6,0.18,8784.0,340.0,285.2
ADBL,6/13/2022,335.6,340.0,332.0,332.0,-1.07,9837.0,340.0,285.2
ADBL,6/14/2022,330.0,335.0,328.4,328.5,-1.05,11543.0,340.0,285.2
ADBL,6/15/2022,329.0,329.0,323.0,327.0,-0.46,11386.0,340.0,285.2
ADBL,6/16/2022,325.0,330.0,319.2,321.0,-1.83,28991.0,340.0,285.2
ADBL,6/17/2022,327.0,327.0,319.5,319.9,-0.34,7331.0,340.0,285.2
ADBL,6/19/2022,325.0,325.0,315.1,318.0,-0.59,13101.0,340.0,285.2
ADBL,6/20/2022,314.0,318.0,306.1,310.6,-2.33,25115.0,340.0,285.2
ADBL,6/21/2022,309.0,316.0,308.0,311.0,0.13,26282.0,340.0,285.2
ADBL,6/22/2022,315.0,315.0,304.0,310.0,-0.32,37679.0,340.0,285.2
ADBL,6/23/2022,309.0,310.0,300.2,305.0,-1.61,43832.0,340.0,285.2
ADBL,6/24/2022,305.0,310.0,298.0,309.0,1.31,12201.0,340.0,285.2
ADBL,6/26/2022,314.0,317.0,307.8,315.1,1.97,39098.0,340.0,285.2
ADBL,6/27/2022,315.9,321.0,313.0,314.0,-0.35,22811.0,340.0,285.2
ADBL,6/28/2022,309.79,333.1,308.0,330.0,5.1,21480.0,340.0,285.2
ADBL,6/29/2022,330.0,330.0,314.0,326.5,-1.06,20955.0,340.0,285.2
ADBL,6/30/2022,330.0,332.0,325.0,330.5,1.23,33598.0,340.0,285.2
ADBL,7/1/2022,336.9,336.9,325.4,326.0,-1.36,14504.0,340.0,285.2
ADBL,7/3/2022,326.0,330.0,324.4,327.0,0.31,21180.0,340.0,285.2
ADBL,7/4/2022,330.0,338.0,329.0,329.0,0.61,47200.0,340.0,285.2
ADBL,7/5/2022,330.0,335.0,325.0,329.9,0.27,35848.0,340.0,285.2
ADBL,7/6/2022,334.9,334.9,318.0,328.0,-0.58,19649.0,340.0,285.2
ADBL,7/7/2022,330.0,334.0,325.0,330.0,0.61,22802.0,340.0,285.2
ADBL,7/8/2022,330.0,330.0,320.0,323.0,-2.12,6386.0,340.0,285.2
ADBL,7/11/2022,318.0,320.0,310.0,312.4,-3.28,31001.0,340.0,285.2
ADBL,7/12/2022,312.4,318.6,305.8,310.0,-0.77,46072.0,340.0,285.2
ADBL,7/13/2022,316.0,316.0,309.0,312.6,0.84,28378.0,340.0,285.2
ADBL,7/14/2022,318.0,324.9,314.0,324.9,3.93,129060.0,340.0,285.2
ADBL,7/15/2022,325.0,333.0,323.0,331.0,1.88,23305.0,340.0,285.2
ADBL,7/17/2022,331.0,333.0,328.2,333.0,0.6,13768.0,340.0,285.2
ADBL,7/18/2022,331.1,333.0,327.0,333.0,0.0,30494.0,340.0,285.2
ADBL,7/19/2022,336.0,338.0,331.7,332.2,-0.24,48655.0,340.0,285.2
ADBL,7/20/2022,331.0,332.0,329.0,330.0,-0.66,9519.0,340.0,285.2
ADBL,7/21/2022,336.6,336.6,325.0,326.0,-1.21,33924.0,340.0,285.2
ADBL,7/22/2022,332.1,332.1,320.0,320.0,-1.84,73821.0,340.0,285.2
ADBL,7/24/2022,326.0,330.0,318.0,325.0,1.56,34052.0,340.0,285.2
ADBL,7/25/2022,325.0,335.0,325.0,331.9,2.12,22249.0,340.0,285.2
ADBL,7/26/2022,330.0,334.0,327.0,327.9,-1.21,28310.0,340.0,285.2
ADBL,7/27/2022,328.0,329.0,325.0,329.0,0.34,15694.0,340.0,285.2
ADBL,7/28/2022,330.0,330.5,327.0,329.2,0.06,25355.0,340.0,285.2
ADBL,7/29/2022,333.5,333.9,326.0,329.0,-0.06,10688.0,340.0,285.2
ADBL,7/31/2022,335.5,335.5,329.0,334.9,1.79,52879.0,340.0,285.2
ADBL,8/1/2022,339.0,343.7,333.1,337.0,0.63,29020.0,340.0,285.2
ADBL,8/2/2022,337.9,338.0,332.0,335.0,-0.59,16845.0,340.0,285.2
ADBL,8/3/2022,337.0,339.0,331.0,331.9,-0.93,24591.0,340.0,285.2
ADBL,8/4/2022,330.0,336.0,326.9,327.2,-1.42,53722.0,340.0,285.2
ADBL,8/5/2022,327.0,333.0,320.8,326.0,-0.37,15314.0,340.0,285.2
ADBL,8/7/2022,327.0,328.0,320.0,324.0,-0.61,25006.0,340.0,285.2
ADBL,8/8/2022,323.0,328.9,322.0,324.0,0.0,17323.0,340.0,285.2
ADBL,8/9/2022,330.3,330.3,319.1,320.0,-1.23,16292.0,340.0,285.2
ADBL,8/10/2022,325.0,325.9,316.1,319.0,-0.31,13511.0,340.0,285.2
ADBL,8/11/2022,321.9,322.9,318.0,319.9,0.28,14796.0,340.0,285.2
ADBL,8/14/2022,318.0,323.9,317.1,317.1,-0.88,12706.0,340.0,285.2
ADBL,8/15/2022,322.0,325.0,318.0,325.0,2.49,14532.0,340.0,285.2
ADBL,8/16/2022,324.9,328.0,321.0,322.9,-0.65,17914.0,340.0,285.2
ADBL,8/17/2022,321.0,323.0,319.0,320.0,-0.9,11949.0,340.0,285.2
ADBL,8/18/2022,322.0,325.0,321.0,323.0,0.94,17718.0,340.0,285.2
ADBL,8/21/2022,323.0,330.0,323.0,330.0,2.17,27475.0,340.0,285.2
ADBL,8/22/2022,323.4,330.0,323.4,328.0,-0.61,14918.0,340.0,285.2
ADBL,8/23/2022,327.0,330.0,326.0,328.5,0.15,10216.0,340.0,285.2
ADBL,8/24/2022,332.8,335.0,329.1,330.5,0.61,19675.0,340.0,285.2
ADBL,8/25/2022,337.1,337.1,329.0,330.0,-0.15,16629.0,340.0,285.2
ADBL,8/26/2022,329.9,331.5,325.0,325.6,-1.33,7870.0,340.0,285.2
ADBL,8/28/2022,325.0,325.0,321.0,322.5,-0.95,17936.0,340.0,285.2
ADBL,8/29/2022,325.0,325.0,318.1,321.9,-0.19,13656.0,340.0,285.2
ADBL,8/30/2022,328.3,328.3,321.0,322.1,0.06,11139.0,340.0,285.2
ADBL,8/31/2022,320.0,324.9,320.0,320.7,-0.43,13331.0,340.0,285.2
ADBL,9/1/2022,320.0,323.0,318.0,321.0,0.09,12572.0,340.0,285.2
ADBL,9/2/2022,327.4,327.4,318.0,320.0,-0.31,3734.0,340.0,285.2
ADBL,9/4/2022,319.0,325.0,319.0,321.0,0.31,7380.0,340.0,285.2
ADBL,9/5/2022,321.0,324.0,320.0,321.4,0.12,11229.0,340.0,285.2
ADBL,9/6/2022,320.5,324.0,320.5,321.0,-0.12,13240.0,340.0,285.2
ADBL,9/7/2022,320.0,320.0,317.8,319.8,-0.37,12342.0,340.0,285.2
ADBL,9/8/2022,318.0,321.0,318.0,319.0,-0.25,11069.0,340.0,285.2
ADBL,9/11/2022,320.0,321.0,313.7,314.0,-1.57,24584.0,340.0,285.2
ADBL,9/12/2022,320.2,326.6,312.0,314.0,0.0,13529.0,340.0,285.2
ADBL,9/13/2022,315.0,318.0,310.0,316.2,0.7,12273.0,340.0,285.2
ADBL,9/14/2022,320.0,322.5,316.0,321.0,1.52,23829.0,340.0,285.2
ADBL,9/15/2022,325.0,325.0,315.0,316.0,-1.56,16374.0,340.0,285.2
ADBL,9/16/2022,313.0,315.0,309.0,315.0,-0.32,11315.0,340.0,285.2
ADBL,9/18/2022,321.3,321.3,310.0,314.0,-0.32,11440.0,340.0,285.2
ADBL,9/20/2022,311.0,312.0,303.0,305.1,-2.83,17004.0,340.0,285.2
ADBL,9/21/2022,301.0,311.9,301.0,307.0,0.62,8026.0,340.0,285.2
ADBL,9/22/2022,310.0,312.9,303.5,305.0,-0.65,13150.0,340.0,285.2
ADBL,9/25/2022,310.0,310.0,300.0,304.0,-0.33,13739.0,340.0,285.2
ADBL,9/27/2022,305.0,310.0,304.0,306.1,0.69,10558.0,340.0,285.2
ADBL,9/28/2022,305.0,311.0,305.0,310.5,1.44,8119.0,340.0,285.2
ADBL,9/29/2022,310.6,316.0,305.0,316.0,1.77,9610.0,340.0,285.2
ADBL,10/9/2022,316.0,321.0,315.0,320.5,1.42,15873.0,340.0,285.2
ADBL,10/10/2022,324.9,324.9,315.0,316.0,-1.4,13000.0,340.0,285.2
ADBL,10/11/2022,316.0,316.0,310.0,316.0,0.0,4458.0,340.0,285.2
ADBL,10/12/2022,316.0,319.8,310.0,317.0,0.32,24496.0,340.0,285.2
ADBL,10/13/2022,317.0,321.0,310.0,315.9,-0.35,44417.0,340.0,285.2
ADBL,10/16/2022,314.0,317.0,313.1,316.0,0.03,12032.0,340.0,285.2
ADBL,10/17/2022,315.0,321.0,313.0,313.5,-0.79,16317.0,340.0,285.2
ADBL,10/19/2022,314.0,315.0,311.4,313.0,-0.16,11518.0,340.0,285.2
ADBL,10/20/2022,313.0,317.0,310.0,316.0,0.96,12755.0,340.0,285.2
ADBL,10/23/2022,320.0,320.0,312.0,317.9,0.6,17351.0,340.0,285.2
ADBL,10/31/2022,319.0,323.0,312.0,317.5,-0.13,13157.0,340.0,285.2
ADBL,11/1/2022,317.5,325.0,313.5,324.0,2.05,35973.0,340.0,285.2
ADBL,11/2/2022,324.1,329.0,322.0,324.0,0.0,19128.0,340.0,285.2
ADBL,11/3/2022,324.0,326.0,318.0,319.0,-1.54,12711.0,340.0,285.2
ADBL,11/6/2022,319.0,323.0,313.0,322.0,0.94,16955.0,340.0,285.2
ADBL,11/7/2022,325.0,325.0,319.0,321.0,-0.31,24381.0,340.0,285.2
ADBL,11/8/2022,320.0,322.0,318.0,321.0,0.0,9278.0,340.0,285.2
ADBL,11/9/2022,320.0,324.9,316.0,316.5,-1.4,15234.0,340.0,285.2
ADBL,11/10/2022,322.8,322.8,311.8,314.0,-0.79,15742.0,340.0,285.2
ADBL,11/13/2022,314.0,316.0,311.1,311.7,-0.73,11950.0,340.0,285.2
ADBL,11/14/2022,310.1,314.4,310.0,311.0,-0.22,15187.0,340.0,285.2
ADBL,11/15/2022,317.2,323.5,312.0,315.0,1.29,8337.0,340.0,285.2
ADBL,11/16/2022,317.0,317.0,314.0,314.5,-0.16,13463.0,340.0,285.2
ADBL,11/17/2022,315.0,320.0,315.0,319.5,1.59,17607.0,340.0,285.2
ADBL,11/22/2022,320.0,322.0,316.0,319.0,-0.16,8935.0,340.0,285.2
ADBL,11/23/2022,320.0,320.0,316.1,317.0,-0.63,9236.0,340.0,285.2
ADBL,11/24/2022,317.0,319.9,315.0,319.0,0.63,6331.0,340.0,285.2
ADBL,11/27/2022,325.0,325.3,316.0,316.5,-0.78,25216.0,340.0,285.2
ADBL,11/28/2022,315.0,320.0,312.1,312.1,-1.39,30870.0,340.0,285.2
ADBL,11/29/2022,312.0,317.9,311.7,314.3,0.7,12352.0,340.0,285.2
ADBL,11/30/2022,314.4,319.5,314.0,317.0,0.86,7447.0,340.0,285.2
ADBL,12/1/2022,322.0,322.0,315.0,318.0,0.32,9580.0,340.0,285.2
ADBL,12/4/2022,320.0,320.0,314.0,317.0,-0.31,25605.0,340.0,285.2
ADBL,12/5/2022,316.1,316.1,313.0,315.0,-0.63,11332.0,340.0,285.2
ADBL,12/6/2022,312.0,315.4,311.1,311.7,-1.05,16382.0,340.0,285.2
ADBL,12/7/2022,312.0,315.0,308.0,309.0,-0.87,25574.0,340.0,285.2
ADBL,12/11/2022,308.0,309.0,305.2,307.5,-0.49,9650.0,340.0,285.2
ADBL,12/12/2022,307.0,313.0,307.0,310.0,0.81,9970.0,340.0,285.2
ADBL,12/13/2022,310.0,314.7,310.0,312.5,0.81,6355.0,340.0,285.2
ADBL,12/14/2022,315.0,315.0,311.0,311.1,-0.45,156925.0,340.0,285.2
ADBL,12/15/2022,312.0,313.0,309.0,310.0,-0.35,14709.0,340.0,285.2
ADBL,12/18/2022,316.2,316.2,302.1,306.0,-1.29,201937.0,340.0,285.2
ADBL,12/19/2022,306.0,311.0,305.0,307.0,0.33,8067.0,340.0,285.2
ADBL,12/20/2022,309.0,310.0,305.0,305.2,-0.59,13973.0,340.0,285.2
ADBL,12/21/2022,302.79,308.7,301.1,307.7,0.82,31483.0,340.0,285.2
ADBL,12/22/2022,310.0,310.0,302.0,306.9,-0.26,15590.0,340.0,285.2
ADBL,12/26/2022,310.0,315.0,308.7,315.0,2.64,21883.0,340.0,285.2
ADBL,12/27/2022,321.0,325.0,320.0,323.3,2.63,51610.0,340.0,285.2
ADBL,12/28/2022,323.0,323.0,317.2,322.4,-0.28,19569.0,340.0,285.2
ADBL,12/29/2022,325.0,328.8,318.6,328.0,1.74,25822.0,340.0,285.2
ADBL,1/1/2023,334.5,336.6,325.0,326.0,-0.61,39484.0,340.0,285.2
ADBL,1/2/2023,326.0,329.5,319.5,326.0,0.0,25571.0,340.0,285.2
ADBL,1/3/2023,332.0,332.5,326.0,329.0,0.92,42776.0,340.0,285.2
ADBL,1/4/2023,332.0,335.0,329.0,334.5,1.67,47144.0,340.0,285.2
ADBL,1/5/2023,340.0,342.0,333.5,342.0,2.24,53538.0,340.0,285.2
ADBL,1/8/2023,346.8,346.8,338.2,340.0,-0.58,92031.0,340.0,285.2
ADBL,1/9/2023,340.0,349.0,335.2,346.0,1.76,105273.0,340.0,285.2
ADBL,1/10/2023,340.0,355.8,330.0,340.0,-1.73,248684.0,340.0,285.2
ADBL,1/12/2023,340.0,349.4,330.0,330.2,-2.88,67648.0,340.0,285.2
ADBL,1/17/2023,329.0,331.0,325.0,328.0,-0.67,62496.0,340.0,285.2
ADBL,1/18/2023,328.0,331.0,323.4,324.0,-1.22,40481.0,340.0,285.2
ADBL,1/19/2023,324.0,328.0,322.1,324.0,0.0,37215.0,340.0,285.2
ADBL,1/23/2023,317.6,320.0,308.0,312.1,-3.67,126466.0,340.0,285.2
ADBL,1/24/2023,312.0,318.0,306.1,308.0,-1.31,79173.0,340.0,285.2
ADBL,1/25/2023,313.0,314.0,308.5,311.2,1.04,34199.0,340.0,285.2
ADBL,1/26/2023,315.0,315.0,308.0,308.0,-1.03,31528.0,340.0,285.2
ADBL,1/29/2023,308.0,310.0,305.1,305.1,-0.94,37956.0,340.0,285.2
ADBL,1/30/2023,305.5,308.0,302.5,302.7,-0.79,66765.0,340.0,285.2
ADBL,1/31/2023,302.0,308.0,300.1,301.0,-0.56,32832.0,340.0,285.2
ADBL,2/1/2023,307.0,307.0,299.0,300.0,-0.33,45514.0,340.0,285.2
ADBL,2/2/2023,300.0,304.0,298.4,298.5,-0.5,32404.0,340.0,285.2
ADBL,2/5/2023,304.4,304.4,297.5,298.0,-0.17,34791.0,340.0,285.2
ADBL,2/6/2023,300.0,300.0,297.0,298.0,0.0,21360.0,340.0,285.2
ADBL,2/7/2023,300.0,305.9,299.0,304.4,2.15,41141.0,340.0,285.2
ADBL,2/8/2023,308.0,312.2,305.3,307.0,0.85,66790.0,340.0,285.2
ADBL,2/9/2023,306.0,309.9,305.0,308.0,0.33,29687.0,340.0,285.2
ADBL,2/12/2023,312.0,312.0,300.0,300.2,-2.53,28593.0,340.0,285.2
ADBL,2/14/2023,300.0,302.0,298.0,298.5,-0.57,22019.0,340.0,285.2
ADBL,2/15/2023,300.0,300.0,296.0,296.1,-0.8,37344.0,340.0,285.2
ADBL,2/16/2023,290.2,298.0,290.2,295.0,-0.37,23137.0,340.0,285.2
ADBL,2/20/2023,292.0,297.0,291.1,293.0,-0.68,25304.0,340.0,285.2
ADBL,2/22/2023,293.0,302.0,293.0,294.0,0.34,26153.0,340.0,285.2
ADBL,2/23/2023,296.0,296.0,289.0,289.1,-1.67,41640.0,340.0,285.2
ADBL,2/26/2023,290.0,290.0,280.0,286.0,-1.07,32146.0,340.0,285.2
ADBL,2/27/2023,286.7,292.0,283.0,285.0,-0.35,23893.0,340.0,285.2
ADBL,2/28/2023,290.0,290.0,284.0,285.0,0.0,18954.0,340.0,285.2
ADBL,3/1/2023,289.4,289.4,281.0,282.0,-1.05,18727.0,340.0,285.2
ADBL,3/2/2023,280.2,281.1,278.6,279.3,-0.96,17392.0,340.0,285.2
ADBL,3/5/2023,284.7,284.8,281.3,283.9,1.65,37017.0,340.0,285.2
ADBL,3/7/2023,285.0,291.0,282.0,291.0,2.5,34653.0,340.0,285.2
ADBL,3/9/2023,293.0,303.0,291.4,302.0,3.78,45885.0,340.0,285.2
ADBL,3/12/2023,305.0,307.7,296.1,298.5,-1.16,44726.0,340.0,285.2
ADBL,3/13/2023,299.0,300.8,294.5,299.0,0.17,69587.0,340.0,285.2
ADBL,3/14/2023,299.0,299.0,279.0,281.7,-5.79,36492.0,340.0,285.2
ADBL,3/15/2023,282.0,282.9,271.1,272.0,-3.44,35903.0,340.0,285.2
ADBL,3/16/2023,268.0,268.5,259.1,261.5,-3.86,59597.0,340.0,285.2
ADBL,3/19/2023,264.5,264.5,258.0,258.2,-1.26,21040.0,340.0,285.2
ADBL,3/20/2023,258.2,262.8,256.1,258.0,-0.08,13799.0,340.0,285.2
ADBL,3/22/2023,263.1,263.1,256.1,256.5,-0.58,20447.0,340.0,285.2
ADBL,3/23/2023,254.0,257.0,252.0,254.0,-0.97,17649.0,340.0,285.2
ADBL,3/26/2023,254.0,254.0,247.0,248.0,-2.36,30751.0,340.0,285.2
ADBL,3/27/2023,248.0,250.0,242.0,244.9,-1.25,39301.0,340.0,285.2
ADBL,3/28/2023,244.0,248.5,243.1,247.3,0.98,20785.0,340.0,285.2
ADBL,3/29/2023,245.0,249.8,244.0,246.0,-0.53,10613.0,340.0,285.2
ADBL,3/30/2023,244.0,248.7,244.0,244.5,-0.61,12174.0,340.0,285.2
ADBL,4/2/2023,249.3,249.3,241.0,242.0,-1.02,14559.0,340.0,285.2
ADBL,4/3/2023,240.0,242.0,238.0,240.0,-0.83,13807.0,340.0,285.2
ADBL,4/4/2023,237.0,239.9,236.0,239.9,-0.04,20737.0,340.0,285.2
ADBL,4/5/2023,241.0,241.0,237.0,240.0,0.04,16295.0,340.0,285.2
ADBL,4/6/2023,244.0,244.0,238.2,239.0,-0.42,12283.0,340.0,285.2
ADBL,4/9/2023,239.0,239.0,234.0,234.0,-2.09,18981.0,340.0,285.2
ADBL,4/10/2023,234.0,235.0,230.0,232.1,-0.81,19230.0,340.0,285.2
ADBL,4/11/2023,236.7,241.0,233.0,238.0,2.54,16466.0,340.0,285.2
ADBL,4/12/2023,242.0,251.0,240.1,251.0,5.46,31877.0,340.0,285.2
ADBL,4/13/2023,256.0,257.0,246.0,246.0,-1.99,13846.0,340.0,285.2
ADBL,4/16/2023,248.0,255.9,245.9,247.5,0.61,16060.0,340.0,285.2
ADBL,4/17/2023,245.1,248.0,242.0,242.1,-2.18,15770.0,340.0,285.2
ADBL,4/18/2023,240.0,242.0,238.0,240.0,-0.87,15338.0,340.0,285.2
ADBL,4/19/2023,242.0,243.0,236.2,239.0,-0.42,16398.0,340.0,285.2
ADBL,4/20/2023,237.5,243.7,237.1,239.0,0.0,30269.0,340.0,285.2
ADBL,4/23/2023,235.0,238.6,230.5,233.5,-2.3,14775.0,340.0,285.2
ADBL,4/24/2023,233.5,237.0,232.1,234.0,0.21,12092.0,340.0,285.2
ADBL,4/25/2023,235.0,238.0,233.1,237.4,1.45,12005.0,340.0,285.2
ADBL,4/26/2023,234.0,239.9,233.5,235.5,-0.8,16448.0,340.0,285.2
ADBL,4/27/2023,236.0,238.4,233.0,234.4,-0.47,16190.0,340.0,285.2
ADBL,4/30/2023,230.5,235.0,230.2,233.0,-0.6,10469.0,340.0,285.2
ADBL,5/2/2023,230.0,237.0,230.0,234.9,0.82,13032.0,340.0,285.2
ADBL,5/3/2023,232.0,235.0,231.2,233.1,-0.77,11916.0,340.0,285.2
ADBL,5/4/2023,235.0,235.0,228.0,233.9,0.34,41732.0,340.0,285.2
ADBL,5/7/2023,231.0,235.0,230.1,232.0,-0.81,8889.0,340.0,285.2
ADBL,5/8/2023,227.6,234.0,227.6,229.2,-1.21,13142.0,340.0,285.2
ADBL,5/9/2023,228.0,233.7,226.5,230.9,0.74,5054.0,340.0,285.2
ADBL,5/10/2023,230.0,234.6,230.0,230.0,-0.39,7179.0,340.0,285.2
ADBL,5/11/2023,230.1,239.0,225.0,239.0,3.91,39101.0,340.0,285.2
ADBL,5/14/2023,239.0,239.0,224.5,227.0,-5.02,69971.0,340.0,285.2
ADBL,5/15/2023,227.0,230.0,225.0,228.0,0.44,7186.0,340.0,285.2
ADBL,5/16/2023,227.0,229.5,227.0,228.5,0.22,7257.0,340.0,285.2
ADBL,5/17/2023,228.5,232.0,227.0,229.0,0.22,10606.0,340.0,285.2
ADBL,5/18/2023,233.0,233.0,229.0,231.0,0.87,16253.0,340.0,285.2
ADBL,5/21/2023,234.9,235.0,230.0,230.0,-0.43,15468.0,340.0,285.2
ADBL,5/22/2023,230.0,232.0,229.1,230.0,0.0,12210.0,340.0,285.2
ADBL,5/23/2023,230.0,234.0,229.2,233.1,1.35,33102.0,340.0,285.2
ADBL,5/24/2023,233.0,237.1,228.6,234.0,0.39,14945.0,340.0,285.2
ADBL,5/28/2023,235.0,238.0,230.3,232.0,-0.85,69398.0,340.0,285.2
ADBL,5/30/2023,232.0,234.0,228.0,228.0,-1.72,22898.0,340.0,285.2
ADBL,5/31/2023,232.0,232.0,224.0,225.0,-1.32,33715.0,340.0,285.2
ADBL,6/1/2023,225.0,230.0,225.0,227.0,0.89,21938.0,340.0,285.2
ADBL,6/4/2023,227.0,232.5,227.0,229.5,1.1,22179.0,340.0,285.2
ADBL,6/5/2023,230.0,233.4,227.5,228.0,-0.65,16703.0,340.0,285.2
ADBL,6/6/2023,230.0,230.0,226.1,228.0,0.0,15859.0,340.0,285.2
ADBL,6/7/2023,227.0,231.5,227.0,228.1,0.04,19984.0,340.0,285.2
ADBL,6/8/2023,230.9,231.0,226.5,228.0,-0.04,20562.0,340.0,285.2
ADBL,6/11/2023,228.0,230.0,226.0,228.1,0.04,24092.0,340.0,285.2
ADBL,6/12/2023,229.0,234.0,229.0,230.0,0.83,34741.0,340.0,285.2
ADBL,6/13/2023,230.0,234.5,228.0,231.0,0.43,34769.0,340.0,285.2
ADBL,6/14/2023,233.0,236.0,231.3,233.0,0.87,28078.0,340.0,285.2
ADBL,6/15/2023,235.0,235.0,230.0,231.0,-0.86,15875.0,340.0,285.2
ADBL,6/18/2023,235.0,235.0,229.1,232.0,0.43,31348.0,340.0,285.2
ADBL,6/19/2023,232.0,233.0,229.4,230.0,-0.86,28445.0,340.0,285.2
ADBL,6/20/2023,231.5,234.0,230.0,230.0,0.0,24757.0,340.0,285.2
ADBL,6/21/2023,234.6,234.6,228.0,229.0,-0.43,27190.0,340.0,285.2
ADBL,6/22/2023,233.5,233.5,226.5,228.0,-0.44,25728.0,340.0,285.2
ADBL,6/25/2023,226.0,230.0,226.0,228.0,0.0,55988.0,340.0,285.2
ADBL,6/26/2023,230.0,233.6,226.7,229.9,0.83,54335.0,340.0,285.2
ADBL,6/27/2023,233.9,237.4,230.0,237.4,3.26,75381.0,340.0,285.2
ADBL,6/28/2023,242.1,246.9,236.1,236.5,-0.38,64742.0,340.0,285.2
ADBL,7/2/2023,240.0,240.0,231.8,232.5,-1.69,40449.0,340.0,285.2
ADBL,7/3/2023,231.1,235.9,229.0,230.8,-0.73,45071.0,340.0,285.2
ADBL,7/4/2023,229.1,235.0,229.0,234.0,1.39,36910.0,340.0,285.2
ADBL,7/5/2023,232.0,235.0,230.2,233.0,-0.43,23932.0,340.0,285.2
ADBL,7/6/2023,229.9,232.0,228.0,229.0,-1.72,26895.0,340.0,285.2
ADBL,7/9/2023,229.0,234.5,228.0,230.0,0.44,19087.0,340.0,285.2
ADBL,7/10/2023,234.6,234.6,229.1,230.0,0.0,20809.0,340.0,285.2
ADBL,7/11/2023,233.0,233.0,228.6,228.6,-0.61,28173.0,340.0,285.2
ADBL,7/12/2023,229.0,230.0,228.1,228.1,-0.22,21029.0,340.0,285.2
ADBL,7/13/2023,232.5,232.5,228.2,228.2,0.04,31352.0,340.0,285.2
ADBL,7/16/2023,231.9,234.0,228.0,233.9,2.5,46266.0,340.0,285.2
ADBL,7/17/2023,234.0,240.7,232.1,240.0,2.61,39477.0,340.0,285.2
ADBL,7/18/2023,244.0,248.0,241.2,247.0,2.92,74737.0,340.0,285.2
ADBL,7/19/2023,248.0,259.9,243.0,258.8,4.78,109807.0,340.0,285.2
ADBL,7/20/2023,262.0,262.0,252.0,255.0,-1.47,50631.0,340.0,285.2
ADBL,7/23/2023,255.0,275.0,253.0,267.0,4.71,95198.0,340.0,285.2
ADBL,7/24/2023,264.0,274.0,256.8,260.0,-2.62,94779.0,340.0,285.2
ADBL,7/25/2023,260.0,262.0,247.0,249.0,-4.23,76633.0,340.0,285.2
ADBL,7/26/2023,253.0,258.0,246.0,251.0,0.8,48886.0,340.0,285.2
ADBL,7/27/2023,255.0,255.0,248.2,250.0,-0.4,30072.0,340.0,285.2
ADBL,7/30/2023,250.0,255.0,246.0,246.8,-1.28,18263.0,340.0,285.2
ADBL,7/31/2023,251.0,252.0,246.4,247.0,0.08,13082.0,340.0,285.2
ADBL,8/1/2023,246.1,249.7,244.0,244.0,-1.21,24677.0,340.0,285.2
ADBL,8/2/2023,242.0,250.0,242.0,250.0,2.46,31501.0,340.0,285.2
ADBL,8/3/2023,254.0,254.7,248.3,248.3,-0.68,30989.0,340.0,285.2
ADBL,8/6/2023,253.2,273.1,253.2,265.0,6.73,277818.0,340.0,285.2
ADBL,8/7/2023,260.0,264.8,256.0,258.0,-2.64,86650.0,340.0,285.2
ADBL,8/8/2023,257.1,261.0,255.0,257.9,-0.04,27802.0,340.0,285.2
ADBL,8/9/2023,257.0,258.0,252.0,258.0,0.04,42358.0,340.0,285.2
ADBL,8/10/2023,261.0,262.0,256.0,260.0,0.78,23004.0,340.0,285.2
ADBL,8/13/2023,262.0,266.0,258.0,264.0,1.54,76591.0,340.0,285.2
ADBL,8/14/2023,269.0,271.0,264.0,267.3,1.25,56788.0,340.0,285.2
ADBL,8/15/2023,268.0,271.0,262.3,263.0,-1.61,36592.0,340.0,285.2
ADBL,8/16/2023,262.0,265.0,260.1,261.4,-0.61,19294.0,340.0,285.2
ADBL,8/17/2023,264.9,264.9,261.0,261.9,0.19,18286.0,340.0,285.2
ADBL,8/20/2023,260.0,265.0,259.0,260.0,-0.73,19605.0,340.0,285.2
ADBL,8/21/2023,263.8,263.8,260.0,260.8,0.31,21850.0,340.0,285.2
ADBL,8/22/2023,261.9,263.0,258.0,263.0,0.84,17678.0,340.0,285.2
ADBL,8/23/2023,260.1,265.0,260.1,263.0,0.0,19743.0,340.0,285.2
ADBL,8/24/2023,261.0,264.0,260.0,260.1,-1.1,22080.0,340.0,285.2
ADBL,8/27/2023,259.0,261.0,256.7,257.0,-1.19,16373.0,340.0,285.2
ADBL,8/28/2023,260.0,260.0,256.0,258.0,0.39,15772.0,340.0,285.2
ADBL,8/29/2023,256.0,260.0,255.0,257.0,-0.39,14786.0,340.0,285.2
ADBL,8/30/2023,261.9,262.9,258.2,258.5,0.58,18400.0,340.0,285.2
ADBL,9/3/2023,255.0,260.0,255.0,255.3,-1.24,33984.0,340.0,285.2
ADBL,9/4/2023,258.0,258.0,252.1,254.0,-0.51,17422.0,340.0,285.2
ADBL,9/5/2023,250.0,255.0,250.0,252.1,-0.75,16605.0,340.0,285.2
ADBL,9/7/2023,252.2,253.9,250.6,251.0,-0.44,10055.0,340.0,285.2
ADBL,9/10/2023,256.0,256.0,252.0,254.9,1.55,12819.0,340.0,285.2
ADBL,9/11/2023,259.0,264.0,255.0,263.9,3.53,21840.0,340.0,285.2
ADBL,9/12/2023,267.5,267.5,259.2,260.8,-1.17,9532.0,340.0,285.2
ADBL,9/13/2023,257.0,265.5,256.0,264.0,1.23,18534.0,340.0,285.2
ADBL,9/17/2023,269.0,269.0,259.0,259.9,-1.55,28163.0,340.0,285.2
ADBL,9/18/2023,258.0,260.9,258.0,259.3,-0.23,24190.0,340.0,285.2
ADBL,9/19/2023,263.9,263.9,258.0,261.0,0.66,14795.0,340.0,285.2
ADBL,9/21/2023,265.0,270.0,262.2,262.7,0.65,50228.0,340.0,285.2
ADBL,9/24/2023,267.0,267.0,260.0,261.0,-0.65,13632.0,340.0,285.2
ADBL,9/25/2023,261.0,261.9,255.9,260.5,-0.19,10018.0,340.0,285.2
ADBL,9/26/2023,264.5,264.5,258.9,260.0,-0.19,39214.0,340.0,285.2
ADBL,9/27/2023,262.0,265.0,257.1,259.0,-0.38,30760.0,340.0,285.2
ADBL,10/1/2023,259.0,263.0,257.0,258.9,-0.04,60740.0,340.0,285.2
ADBL,10/2/2023,257.0,262.1,256.2,260.3,0.54,40811.0,340.0,285.2
ADBL,10/3/2023,257.0,262.9,257.0,261.8,0.58,35324.0,340.0,285.2
ADBL,10/4/2023,263.0,264.6,259.0,259.3,-0.95,8133.0,340.0,285.2
ADBL,10/5/2023,263.0,263.0,256.0,258.0,-0.5,7398.0,340.0,285.2
ADBL,10/8/2023,263.0,263.1,254.4,254.5,-1.36,28146.0,340.0,285.2
ADBL,10/9/2023,252.5,254.0,251.1,253.0,-0.59,10233.0,340.0,285.2
ADBL,10/10/2023,257.0,258.0,251.1,252.0,-0.4,9470.0,340.0,285.2
ADBL,10/11/2023,250.0,255.0,248.0,250.3,-0.67,19245.0,340.0,285.2
ADBL,10/12/2023,250.0,251.9,247.3,248.3,-0.8,28503.0,340.0,285.2
ADBL,10/16/2023,250.0,250.0,246.0,248.0,-0.12,11941.0,340.0,285.2
ADBL,10/17/2023,252.0,253.9,249.0,251.0,1.21,8118.0,340.0,285.2
ADBL,10/18/2023,252.0,270.0,251.0,260.0,3.59,23077.0,340.0,285.2
ADBL,10/19/2023,264.0,264.0,255.3,259.0,-0.38,9050.0,340.0,285.2
ADBL,10/29/2023,259.0,259.0,253.0,255.0,-1.54,16265.0,340.0,285.2
ADBL,10/30/2023,253.5,255.0,251.0,255.0,0.0,33815.0,340.0,285.2
ADBL,10/31/2023,260.0,260.0,250.0,251.7,-1.29,12366.0,340.0,285.2
ADBL,11/1/2023,250.0,251.7,248.0,251.0,-0.28,24366.0,340.0,285.2
ADBL,11/2/2023,254.0,254.0,248.0,248.2,-1.12,14152.0,340.0,285.2
ADBL,11/5/2023,244.0,244.0,236.0,240.9,-2.94,67192.0,340.0,285.2
ADBL,11/6/2023,240.0,253.2,236.1,245.0,1.7,36331.0,340.0,285.2
ADBL,11/7/2023,248.9,248.9,242.0,244.0,-0.41,28233.0,340.0,285.2
ADBL,11/8/2023,240.4,246.9,240.3,246.5,1.02,8644.0,340.0,285.2
ADBL,11/9/2023,241.6,245.9,241.0,244.0,-1.01,10046.0,340.0,285.2
ADBL,11/20/2023,244.0,248.5,239.6,239.6,-1.8,13280.0,340.0,285.2
ADBL,11/21/2023,239.6,239.9,235.0,239.0,-0.25,12618.0,340.0,285.2
ADBL,11/22/2023,238.0,245.0,238.0,245.0,2.51,8661.0,340.0,285.2
ADBL,11/23/2023,245.0,269.5,240.2,245.0,0.0,6824.0,340.0,285.2
ADBL,11/26/2023,240.5,246.0,240.1,242.0,-1.22,15023.0,340.0,285.2
ADBL,11/27/2023,240.0,245.1,240.0,244.0,0.83,13748.0,340.0,285.2
ADBL,11/28/2023,245.0,245.0,240.2,242.0,-0.82,8124.0,340.0,285.2
ADBL,11/29/2023,243.0,264.9,240.1,241.8,-0.08,9876.0,340.0,285.2
ADBL,11/30/2023,240.0,241.0,238.0,239.0,-1.16,10214.0,340.0,285.2
ADBL,12/3/2023,236.6,242.9,236.6,239.0,0.0,14293.0,340.0,285.2
ADBL,12/4/2023,236.0,243.0,236.0,240.0,0.42,7552.0,340.0,285.2
ADBL,12/5/2023,239.9,240.0,236.0,238.0,-0.83,10287.0,340.0,285.2
ADBL,12/6/2023,240.0,240.0,235.1,236.0,-0.84,10646.0,340.0,285.2
ADBL,12/7/2023,236.1,240.5,236.1,239.0,1.27,16898.0,340.0,285.2
ADBL,12/10/2023,243.7,248.5,243.7,248.5,3.97,60.0,340.0,285.2
ADBL,12/11/2023,253.4,258.0,245.0,246.0,-1.01,36977.0,340.0,285.2
ADBL,12/12/2023,246.2,252.0,242.0,245.4,-0.24,68084.0,340.0,285.2
ADBL,12/13/2023,250.3,251.5,246.0,246.7,0.53,31055.0,340.0,285.2
ADBL,12/14/2023,242.6,249.0,242.6,248.0,0.53,13670.0,340.0,285.2
ADBL,12/17/2023,243.1,249.8,243.1,248.5,0.2,25584.0,340.0,285.2
ADBL,12/18/2023,250.0,255.0,247.0,251.0,1.01,44779.0,340.0,285.2
ADBL,12/19/2023,250.0,262.2,250.0,261.0,3.98,62432.0,340.0,285.2
ADBL,12/20/2023,256.0,267.2,256.0,261.3,0.11,57332.0,340.0,285.2
ADBL,12/21/2023,261.0,264.0,255.3,256.0,-2.03,39429.0,340.0,285.2
ADBL,12/24/2023,259.0,260.0,253.1,253.5,-0.98,44028.0,340.0,285.2
ADBL,12/27/2023,258.5,258.5,248.5,249.6,-1.54,15367.0,340.0,285.2
ADBL,12/28/2023,249.0,249.9,245.3,247.0,-1.04,19671.0,340.0,285.2
ADBL,1/1/2024,251.0,251.0,246.2,248.9,0.77,33313.0,340.0,285.2
ADBL,1/2/2024,249.0,249.0,245.0,248.5,-0.16,34706.0,340.0,285.2
ADBL,1/3/2024,248.0,248.0,243.1,246.9,-0.64,17254.0,340.0,285.2
ADBL,1/4/2024,247.0,249.9,244.0,245.0,-0.77,30433.0,340.0,285.2
ADBL,1/7/2024,245.0,246.0,241.0,243.4,-0.65,39659.0,340.0,285.2
ADBL,1/8/2024,248.0,248.0,241.0,243.7,0.12,15763.0,340.0,285.2
ADBL,1/9/2024,248.0,248.0,243.1,245.1,0.57,29582.0,340.0,285.2
ADBL,1/10/2024,245.0,248.0,244.0,245.0,-0.04,31999.0,340.0,285.2
ADBL,1/11/2024,244.1,246.1,242.5,245.0,0.0,13027.0,340.0,285.2
ADBL,1/14/2024,246.1,247.0,243.7,245.9,0.37,25759.0,340.0,285.2
ADBL,1/16/2024,245.9,252.0,245.0,246.8,0.37,43763.0,340.0,285.2
ADBL,1/17/2024,247.2,251.0,245.0,247.0,0.08,76378.0,340.0,285.2
ADBL,1/18/2024,246.0,250.0,243.1,247.0,0.0,29336.0,340.0,285.2
ADBL,1/21/2024,247.0,248.2,243.4,243.9,-1.26,48190.0,340.0,285.2
ADBL,1/22/2024,243.0,248.0,243.0,244.0,0.04,45887.0,340.0,285.2
ADBL,1/23/2024,242.1,246.9,242.1,245.2,0.49,21982.0,340.0,285.2
ADBL,1/24/2024,245.0,247.0,242.3,245.5,0.12,25650.0,340.0,285.2
ADBL,1/25/2024,244.5,247.0,244.5,245.1,-0.16,35252.0,340.0,285.2
ADBL,1/28/2024,245.0,248.0,244.0,245.0,-0.04,23496.0,340.0,285.2
ADBL,1/29/2024,249.5,249.5,245.1,246.5,0.61,22283.0,340.0,285.2
ADBL,1/30/2024,249.5,249.5,244.5,245.5,-0.41,17528.0,340.0,285.2
ADBL,1/31/2024,245.0,247.4,243.2,243.2,-0.94,16597.0,340.0,285.2
ADBL,2/1/2024,242.0,242.5,240.1,240.5,-1.11,18935.0,340.0,285.2
ADBL,2/4/2024,245.0,245.0,239.2,240.5,0.0,21433.0,340.0,285.2
ADBL,2/5/2024,240.0,242.5,239.0,242.0,0.62,19382.0,340.0,285.2
ADBL,2/6/2024,244.9,244.9,240.0,240.7,-0.54,12116.0,340.0,285.2
ADBL,2/7/2024,245.5,245.5,239.0,241.0,0.12,22381.0,340.0,285.2
ADBL,2/8/2024,239.0,242.0,239.0,242.0,0.41,19510.0,340.0,285.2
ADBL,2/11/2024,240.0,240.0,233.6,236.8,-2.15,42535.0,340.0,285.2
ADBL,2/12/2024,237.2,239.0,235.2,238.0,0.51,17401.0,340.0,285.2
ADBL,2/13/2024,238.0,238.0,231.3,231.3,-2.82,23082.0,340.0,285.2
ADBL,2/14/2024,232.0,235.0,230.1,233.0,0.73,19694.0,340.0,285.2
ADBL,2/15/2024,230.1,236.7,230.0,236.7,1.59,42526.0,340.0,285.2
ADBL,2/18/2024,233.0,235.9,230.0,230.6,-2.58,48129.0,340.0,285.2
ADBL,2/20/2024,230.0,234.5,230.0,230.0,-0.26,31788.0,340.0,285.2
ADBL,2/21/2024,233.0,234.4,229.3,230.3,0.13,11891.0,340.0,285.2
ADBL,2/22/2024,230.0,232.0,228.9,229.0,-0.56,15542.0,340.0,285.2
ADBL,2/25/2024,230.0,230.0,227.1,227.1,-0.83,22617.0,340.0,285.2
ADBL,2/26/2024,228.0,230.0,225.1,228.0,0.4,14222.0,340.0,285.2
ADBL,2/27/2024,226.2,229.9,226.0,227.0,-0.44,15986.0,340.0,285.2
ADBL,2/28/2024,231.0,231.0,226.2,228.0,0.44,10145.0,340.0,285.2
ADBL,2/29/2024,227.0,228.0,225.1,225.8,-0.96,16986.0,340.0,285.2
ADBL,3/3/2024,230.0,230.0,223.0,224.0,-0.8,14194.0,340.0,285.2
ADBL,3/4/2024,228.0,237.4,228.0,237.4,5.98,530.0,340.0,285.2
ADBL,3/5/2024,242.1,242.1,228.6,229.5,-3.33,22320.0,340.0,285.2
ADBL,3/6/2024,229.5,231.0,225.5,228.3,-0.52,22025.0,340.0,285.2
ADBL,3/7/2024,229.0,229.9,226.1,228.1,-0.09,23094.0,340.0,285.2
ADBL,3/10/2024,232.6,236.0,228.0,231.0,1.27,12089.0,340.0,285.2
ADBL,3/12/2024,235.0,239.7,231.2,239.7,3.77,34642.0,340.0,285.2
ADBL,3/13/2024,240.0,242.0,235.0,236.0,-1.54,14493.0,340.0,285.2
ADBL,3/14/2024,236.0,236.0,231.4,233.5,-1.06,23461.0,340.0,285.2
ADBL,3/17/2024,233.0,235.0,230.0,235.0,0.64,26682.0,340.0,285.2
ADBL,3/18/2024,239.7,239.7,234.0,235.0,0.0,21615.0,340.0,285.2
ADBL,3/19/2024,235.0,236.0,232.0,234.4,-0.26,24816.0,340.0,285.2
ADBL,3/20/2024,239.0,239.0,230.2,234.5,0.04,21729.0,340.0,285.2
ADBL,3/21/2024,230.1,238.0,230.0,235.0,0.21,18890.0,340.0,285.2
ADBL,3/25/2024,235.0,235.0,230.3,233.5,-0.64,30270.0,340.0,285.2
ADBL,3/26/2024,234.0,235.0,231.2,233.5,0.0,24395.0,340.0,285.2
ADBL,3/27/2024,233.5,234.4,228.5,230.1,-1.46,35243.0,340.0,285.2
ADBL,3/28/2024,234.7,234.7,228.4,230.0,-0.04,17792.0,340.0,285.2
ADBL,3/31/2024,228.0,232.0,227.4,228.4,-0.7,12071.0,340.0,285.2
ADBL,4/1/2024,228.0,230.0,225.0,228.0,-0.18,29683.0,340.0,285.2
ADBL,4/2/2024,232.5,232.5,225.3,228.0,0.0,14167.0,340.0,285.2
ADBL,4/3/2024,230.0,230.0,226.0,230.0,0.88,27641.0,340.0,285.2
ADBL,4/4/2024,226.1,227.5,226.0,226.2,-1.65,16873.0,340.0,285.2
ADBL,4/7/2024,227.0,229.0,225.1,228.0,0.8,23508.0,340.0,285.2
ADBL,4/9/2024,228.0,230.0,226.0,227.5,-0.22,14615.0,340.0,285.2
ADBL,4/10/2024,230.0,230.0,226.6,227.0,-0.22,16651.0,340.0,285.2
ADBL,4/14/2024,225.0,229.0,224.0,226.1,-0.4,34920.0,340.0,285.2
ADBL,4/15/2024,226.0,228.0,224.5,225.0,-0.49,11054.0,340.0,285.2
ADBL,4/16/2024,225.1,226.0,223.0,223.6,-0.62,9690.0,340.0,285.2
ADBL,4/18/2024,223.0,225.0,223.0,223.4,-0.09,8650.0,340.0,285.2
ADBL,4/21/2024,227.8,234.0,225.0,233.0,4.3,50829.0,340.0,285.2
ADBL,4/22/2024,234.0,235.0,229.0,229.4,-1.55,20603.0,340.0,285.2
ADBL,4/24/2024,230.0,231.9,228.1,229.5,0.04,18242.0,340.0,285.2
ADBL,4/25/2024,229.0,232.9,227.5,230.0,0.22,13249.0,340.0,285.2
ADBL,4/28/2024,228.1,250.9,226.1,235.5,2.39,30349.0,340.0,285.2
ADBL,4/29/2024,240.2,240.2,232.0,236.2,0.3,25653.0,340.0,285.2
ADBL,4/30/2024,240.9,240.9,235.0,240.0,1.61,35982.0,340.0,285.2
ADBL,5/2/2024,244.8,244.8,238.0,241.0,0.42,68990.0,340.0,285.2
ADBL,5/5/2024,238.0,240.0,234.5,239.0,-0.83,22003.0,340.0,285.2
ADBL,5/6/2024,239.8,240.0,235.0,235.5,-1.46,22081.0,340.0,285.2
ADBL,5/7/2024,235.1,237.9,235.0,237.1,0.68,20390.0,340.0,285.2
ADBL,5/8/2024,236.5,236.8,228.0,233.0,-1.73,7893.0,340.0,285.2
ADBL,5/9/2024,236.8,241.5,233.1,239.0,2.58,37949.0,340.0,285.2
ADBL,5/12/2024,243.7,243.7,234.4,239.0,0.0,14870.0,340.0,285.2
ADBL,5/13/2024,243.7,246.0,235.0,245.0,2.51,51018.0,340.0,285.2
ADBL,5/14/2024,249.9,249.9,242.5,245.0,0.0,13509.0,340.0,285.2
ADBL,5/15/2024,241.1,247.0,240.1,244.0,-0.41,24472.0,340.0,285.2
ADBL,5/16/2024,248.8,248.8,239.0,241.1,-1.19,24081.0,340.0,285.2
ADBL,5/19/2024,245.9,260.1,242.0,254.0,5.35,67790.0,340.0,285.2
ADBL,5/20/2024,259.0,265.1,254.0,261.1,2.8,147012.0,340.0,285.2
ADBL,5/21/2024,266.3,266.3,260.1,261.5,0.15,38353.0,340.0,285.2
ADBL,5/22/2024,258.0,287.6,258.0,280.0,7.07,168134.0,340.0,285.2
ADBL,5/26/2024,285.0,285.6,276.0,277.5,-0.89,93070.0,340.0,285.2
ADBL,5/27/2024,277.5,280.0,272.0,277.0,-0.18,63787.0,340.0,285.2
ADBL,5/29/2024,282.5,292.9,267.0,270.0,-2.53,55763.0,340.0,285.2
ADBL,5/30/2024,267.0,267.3,260.0,261.0,-3.33,30737.0,340.0,285.2
ADBL,6/2/2024,264.9,265.6,258.1,265.0,1.53,36533.0,340.0,285.2
ADBL,6/3/2024,270.3,270.3,261.2,262.0,-1.13,26425.0,340.0,285.2
ADBL,6/4/2024,267.2,267.2,258.0,266.9,1.87,39795.0,340.0,285.2
ADBL,6/5/2024,272.2,272.2,262.4,264.0,-1.09,16572.0,340.0,285.2
ADBL,6/6/2024,268.5,268.5,260.0,261.9,-0.8,23243.0,340.0,285.2
ADBL,6/9/2024,267.1,267.1,255.0,255.0,-2.63,30419.0,340.0,285.2
ADBL,6/10/2024,260.1,260.1,249.9,254.0,-0.39,38941.0,340.0,285.2
ADBL,6/11/2024,259.0,261.0,254.0,259.0,1.97,26904.0,340.0,285.2
ADBL,6/12/2024,263.0,282.9,259.6,269.0,3.86,35200.0,340.0,285.2
ADBL,6/13/2024,269.0,269.0,264.6,266.0,-1.12,17533.0,340.0,285.2
ADBL,6/16/2024,270.0,270.0,261.2,268.0,0.75,33067.0,340.0,285.2
ADBL,6/18/2024,267.9,267.9,261.5,261.5,-2.43,19809.0,340.0,285.2
ADBL,6/19/2024,266.7,266.7,261.1,263.0,0.57,8129.0,340.0,285.2
ADBL,6/20/2024,258.0,265.0,258.0,261.0,-0.76,14554.0,340.0,285.2
ADBL,6/23/2024,258.1,287.1,258.0,260.0,-0.38,22427.0,340.0,285.2
ADBL,6/24/2024,265.2,286.0,257.1,265.0,1.92,41247.0,340.0,285.2
ADBL,6/25/2024,266.0,267.0,261.0,262.5,-0.94,22605.0,340.0,285.2
ADBL,6/26/2024,260.1,264.0,260.0,263.0,0.19,7484.0,340.0,285.2
ADBL,6/27/2024,260.1,265.0,260.0,261.0,-0.76,28727.0,340.0,285.2
ADBL,6/30/2024,262.0,262.9,257.3,259.0,-0.77,17310.0,340.0,285.2
ADBL,7/1/2024,256.0,268.0,256.0,267.5,3.28,62619.0,340.0,285.2
ADBL,7/2/2024,272.8,286.6,268.4,272.0,1.68,87848.0,340.0,285.2
ADBL,7/3/2024,272.0,274.9,262.0,271.0,-0.37,41796.0,340.0,285.2
ADBL,7/4/2024,270.0,275.0,267.1,272.9,0.7,86098.0,340.0,285.2
ADBL,7/7/2024,271.0,283.0,271.0,281.1,3.0,106759.0,340.0,285.2
ADBL,7/8/2024,282.0,286.4,279.4,280.5,-0.21,49865.0,340.0,285.2
ADBL,7/9/2024,286.1,287.5,278.0,285.2,1.68,274360.0,340.0,285.2
ADBL,7/10/2024,283.0,288.0,282.0,286.5,0.46,42559.0,340.0,285.2
ADBL,7/11/2024,288.1,291.8,286.0,291.0,1.57,139159.0,340.0,285.2
ADBL,7/14/2024,296.8,308.0,294.0,298.5,2.58,113142.0,340.0,285.2
ADBL,7/15/2024,304.4,308.0,290.2,294.0,-1.51,115912.0,340.0,285.2
ADBL,7/16/2024,299.0,320.0,288.8,310.0,5.44,270358.0,340.0,285.2
ADBL,7/17/2024,316.2,316.2,305.0,314.0,1.29,147540.0,340.0,285.2
ADBL,7/18/2024,314.1,340.0,309.0,331.8,5.67,213901.0,340.0,285.2
ADBL,7/21/2024,332.0,340.0,321.6,335.0,0.96,304300.0,340.0,285.2
ADBL,7/22/2024,335.0,335.0,323.4,330.0,-1.49,151988.0,340.0,285.2
ADBL,7/23/2024,330.0,350.0,324.0,343.5,4.09,237532.0,340.0,285.2
ADBL,7/24/2024,343.0,347.0,337.2,341.5,-0.58,194863.0,340.0,285.2
ADBL,7/25/2024,337.5,354.0,337.0,352.0,3.07,222739.0,340.0,285.2
ADBL,7/28/2024,359.0,387.2,359.0,387.2,10.0,671424.0,340.0,285.2
ADBL,7/29/2024,394.9,400.0,374.0,377.0,-2.63,296529.0,340.0,285.2
ADBL,7/30/2024,384.5,384.5,362.0,377.0,0.0,230971.0,340.0,285.2
ADBL,7/31/2024,373.0,384.9,370.1,376.4,-0.16,287817.0,340.0,285.2
ADBL,8/1/2024,383.0,383.0,369.5,369.8,-1.75,302530.0,340.0,285.2
ADBL,8/5/2024,377.1,400.0,377.1,386.0,4.38,622697.0,340.0,285.2
ADBL,8/6/2024,393.0,393.0,372.0,372.1,-3.6,338449.0,340.0,285.2
ADBL,8/7/2024,372.1,380.4,367.0,378.0,1.59,181152.0,340.0,285.2
ADBL,8/8/2024,380.0,384.9,375.0,375.1,-0.77,134799.0,340.0,285.2
ADBL,8/11/2024,379.0,384.9,376.0,383.9,2.35,303869.0,340.0,285.2
ADBL,8/12/2024,383.9,392.5,383.1,392.0,2.11,283100.0,340.0,285.2
ADBL,8/13/2024,394.0,405.0,393.0,400.0,2.04,357409.0,340.0,285.2
ADBL,8/14/2024,402.0,406.0,396.0,402.1,0.52,259891.0,340.0,285.2
ADBL,8/15/2024,405.0,423.1,400.0,419.0,4.2,511952.0,340.0,285.2
ADBL,8/18/2024,427.3,428.4,407.0,410.0,-2.15,573837.0,340.0,285.2
ADBL,8/21/2024,412.0,417.0,406.0,414.9,1.2,272796.0,340.0,285.2
ADBL,8/22/2024,411.0,420.2,410.3,411.0,-0.94,184187.0,340.0,285.2
ADBL,8/25/2024,402.8,415.0,398.2,399.0,-2.92,280315.0,340.0,285.2
ADBL,8/27/2024,397.0,397.0,379.0,382.0,-4.26,316327.0,340.0,285.2
ADBL,8/28/2024,382.0,394.9,378.0,382.5,0.13,173834.0,340.0,285.2
ADBL,8/29/2024,390.0,390.0,374.0,376.4,-1.59,171319.0,340.0,285.2
ADBL,9/1/2024,380.0,384.5,372.6,373.0,-0.9,129467.0,340.0,285.2
ADBL,9/2/2024,373.0,387.0,371.0,385.0,3.22,150424.0,340.0,285.2
ADBL,9/3/2024,390.0,392.0,379.2,385.2,0.05,108022.0,340.0,285.2
ADBL,9/4/2024,392.9,392.9,375.0,376.8,-2.18,136516.0,340.0,285.2
ADBL,9/5/2024,378.0,378.0,368.0,373.0,-1.01,96884.0,340.0,285.2
ADBL,9/8/2024,378.4,378.4,370.0,373.0,0.0,100624.0,340.0,285.2
ADBL,9/9/2024,368.0,374.5,362.6,362.6,-2.79,86782.0,340.0,285.2
ADBL,9/10/2024,364.0,368.9,358.2,360.0,-0.72,66020.0,340.0,285.2
ADBL,9/11/2024,365.2,365.2,350.0,356.0,-1.11,88445.0,340.0,285.2
ADBL,9/12/2024,363.1,366.4,352.0,365.0,2.53,61295.0,340.0,285.2
ADBL,9/15/2024,371.0,372.3,359.1,360.0,-1.37,90671.0,340.0,285.2
ADBL,9/16/2024,360.0,360.0,349.0,349.1,-3.03,67066.0,340.0,285.2
ADBL,9/18/2024,350.0,357.9,346.0,353.1,1.15,86056.0,340.0,285.2
ADBL,9/22/2024,360.1,365.0,355.5,355.6,0.71,61970.0,340.0,285.2
ADBL,9/23/2024,362.7,362.7,352.0,354.0,-0.45,59299.0,340.0,285.2
ADBL,9/24/2024,354.0,359.0,350.1,351.2,-0.79,83688.0,340.0,285.2
ADBL,9/25/2024,351.0,359.9,348.9,359.0,2.22,78883.0,340.0,285.2
ADBL,9/26/2024,359.0,365.0,355.0,357.0,-0.56,34594.0,340.0,285.2
ADBL,9/29/2024,357.0,357.0,350.0,352.3,-1.32,35272.0,340.0,285.2
ADBL,9/30/2024,350.0,358.0,350.0,357.5,1.48,36555.0,340.0,285.2
ADBL,10/1/2024,357.0,372.0,357.0,370.1,3.52,87013.0,340.0,285.2
ADBL,10/2/2024,370.1,377.0,359.0,369.0,-0.3,79249.0,340.0,285.2
ADBL,10/6/2024,369.0,378.0,367.0,378.0,2.44,89543.0,340.0,285.2
ADBL,10/7/2024,378.0,385.0,378.0,382.0,1.06,72876.0,340.0,285.2
ADBL,10/8/2024,387.0,387.0,378.0,381.4,-0.16,55126.0,340.0,285.2
ADBL,10/9/2024,378.0,384.0,376.0,383.5,0.55,52289.0,340.0,285.2
ADBL,10/15/2024,383.5,389.0,381.0,387.5,1.04,51430.0,340.0,285.2
ADBL,10/16/2024,388.0,396.0,388.0,395.4,2.04,88954.0,340.0,285.2
ADBL,10/17/2024,400.0,400.0,392.3,394.0,-0.35,84201.0,340.0,285.2
ADBL,10/20/2024,390.0,394.9,380.0,386.6,-1.88,112813.0,340.0,285.2
ADBL,10/21/2024,381.1,385.9,377.5,377.6,-2.33,85200.0,340.0,285.2
ADBL,10/22/2024,375.5,382.0,374.2,378.1,0.13,53921.0,340.0,285.2
ADBL,10/23/2024,378.1,384.0,365.0,367.0,-2.94,135310.0,340.0,285.2
ADBL,10/24/2024,373.0,373.0,352.8,361.1,-1.61,118792.0,340.0,285.2
ADBL,10/27/2024,354.8,365.0,354.8,358.9,-0.61,43996.0,340.0,285.2
ADBL,10/28/2024,354.1,366.0,354.1,366.0,1.98,44073.0,340.0,285.2
ADBL,10/29/2024,367.0,373.3,366.0,371.0,1.37,63203.0,340.0,285.2
ADBL,10/30/2024,377.0,377.0,370.0,371.5,0.13,33749.0,340.0,285.2
ADBL,11/5/2024,371.0,376.0,366.2,366.5,-1.35,31483.0,340.0,285.2
ADBL,11/6/2024,369.5,369.5,363.1,366.1,-0.11,32031.0,340.0,285.2
ADBL,11/10/2024,373.4,373.4,363.0,369.9,1.04,58328.0,340.0,285.2
ADBL,11/11/2024,369.0,375.9,369.0,370.0,0.03,71670.0,340.0,285.2
ADBL,11/12/2024,377.0,377.0,369.0,369.0,-0.27,62383.0,340.0,285.2
ADBL,11/13/2024,375.0,375.0,364.0,367.2,-0.49,34318.0,340.0,285.2
ADBL,11/14/2024,367.0,371.4,365.0,365.1,-0.57,46503.0,340.0,285.2
ADBL,11/17/2024,366.0,370.9,361.0,363.0,-0.58,72913.0,340.0,285.2
ADBL,11/19/2024,360.0,365.0,359.0,359.1,-1.07,65017.0,340.0,285.2
ADBL,11/20/2024,365.0,365.0,353.0,358.9,-0.06,26760.0,340.0,285.2
ADBL,11/21/2024,357.0,359.0,352.7,353.0,-1.64,55719.0,340.0,285.2
ADBL,11/24/2024,359.0,359.0,350.0,350.0,-0.85,41256.0,340.0,285.2
ADBL,11/25/2024,357.0,357.0,350.0,351.9,0.54,32139.0,340.0,285.2
ADBL,11/26/2024,358.9,358.9,351.0,356.8,1.39,28610.0,340.0,285.2
ADBL,11/27/2024,358.0,358.4,356.0,358.0,0.34,38927.0,340.0,285.2
ADBL,11/28/2024,358.0,361.0,356.0,360.0,0.56,42328.0,340.0,285.2
ADBL,12/1/2024,367.2,367.2,350.0,355.6,-1.22,43405.0,340.0,285.2
ADBL,12/2/2024,359.9,359.9,351.2,352.4,-0.9,47343.0,340.0,285.2
ADBL,12/3/2024,354.0,354.0,350.2,351.6,-0.23,33741.0,340.0,285.2
ADBL,12/4/2024,358.6,358.6,350.5,352.0,0.11,38930.0,340.0,285.2
ADBL,12/5/2024,350.2,352.1,348.0,349.0,-0.85,35035.0,340.0,285.2
ADBL,12/8/2024,346.1,349.0,340.0,341.2,-2.23,53335.0,340.0,285.2
ADBL,12/9/2024,341.6,345.0,336.7,339.0,-0.64,32050.0,340.0,285.2
ADBL,12/10/2024,340.0,340.0,330.0,331.0,-2.36,46578.0,340.0,285.2
ADBL,12/11/2024,330.0,336.0,323.0,336.0,1.51,69547.0,340.0,285.2
ADBL,12/12/2024,342.7,342.7,329.0,333.0,-0.89,27811.0,340.0,285.2
ADBL,12/16/2024,333.0,333.0,320.0,321.0,-3.6,72485.0,340.0,285.2
ADBL,12/17/2024,322.0,324.9,319.1,322.0,0.31,38502.0,340.0,285.2
ADBL,12/18/2024,321.0,324.9,321.0,322.5,0.16,27913.0,340.0,285.2
ADBL,12/19/2024,328.9,328.9,323.8,324.0,0.47,99471.0,340.0,285.2
ADBL,12/22/2024,317.6,326.4,317.6,323.2,-0.25,30552.0,340.0,285.2
ADBL,12/23/2024,321.0,326.0,318.0,325.0,0.56,34848.0,340.0,285.2
ADBL,12/24/2024,327.4,329.0,322.1,326.9,0.58,24396.0,340.0,285.2
ADBL,12/26/2024,323.4,335.0,322.0,333.8,2.11,53904.0,340.0,285.2
ADBL,12/29/2024,334.2,337.0,332.0,333.9,0.03,105485.0,340.0,285.2
ADBL,12/31/2024,321.9,321.9,309.8,314.0,-5.96,52420.0,340.0,285.2
ADBL,1/1/2025,314.0,315.0,307.0,307.1,-2.2,33089.0,340.0,285.2
ADBL,1/2/2025,307.0,308.0,304.0,306.0,-0.36,28790.0,340.0,285.2
ADBL,1/5/2025,310.0,310.0,300.1,302.0,-1.31,31591.0,340.0,285.2
ADBL,1/6/2025,301.0,305.0,300.0,305.0,0.99,33107.0,340.0,285.2
ADBL,1/7/2025,299.0,304.9,299.0,303.0,-0.66,23953.0,340.0,285.2
ADBL,1/8/2025,309.0,309.0,300.0,302.1,-0.3,27123.0,340.0,285.2
ADBL,1/9/2025,302.0,303.9,299.5,302.1,0.0,47238.0,340.0,285.2
ADBL,1/12/2025,305.5,305.5,296.3,296.3,-1.92,23901.0,340.0,285.2
ADBL,1/13/2025,297.0,297.0,290.5,293.9,-0.81,38612.0,340.0,285.2
ADBL,1/15/2025,293.0,293.0,285.0,285.5,-2.86,47411.0,340.0,285.2
ADBL,1/16/2025,285.0,286.0,280.0,283.8,-0.6,46231.0,340.0,285.2
ADBL,1/19/2025,280.0,287.0,275.1,286.5,0.95,41611.0,340.0,285.2
ADBL,1/20/2025,288.1,289.8,284.0,285.0,-0.52,19577.0,340.0,285.2
ADBL,1/21/2025,285.0,285.0,280.0,281.0,-1.4,29055.0,340.0,285.2
ADBL,1/22/2025,281.0,284.9,280.5,284.0,1.07,36936.0,340.0,285.2
ADBL,1/23/2025,287.5,290.0,285.0,289.0,1.76,40746.0,340.0,285.2
ADBL,1/26/2025,290.0,292.7,283.3,287.6,-0.48,43687.0,340.0,285.2
ADBL,1/27/2025,287.0,287.0,283.0,283.5,-1.43,23094.0,340.0,285.2
ADBL,1/28/2025,285.0,287.0,281.1,286.0,0.88,27911.0,340.0,285.2
ADBL,2/2/2025,288.0,295.0,286.0,294.9,3.11,53452.0,340.0,285.2
ADBL,2/3/2025,296.0,303.9,296.0,299.0,1.39,49607.0,340.0,285.2
ADBL,2/4/2025,300.0,304.9,297.0,297.0,-0.67,51668.0,340.0,285.2
ADBL,2/5/2025,296.0,299.0,295.0,297.2,0.07,27079.0,340.0,285.2
ADBL,2/6/2025,297.0,302.0,296.7,298.0,0.27,39334.0,340.0,285.2
ADBL,2/9/2025,298.0,301.0,293.2,295.0,-1.01,22682.0,340.0,285.2
ADBL,2/10/2025,293.5,296.0,293.1,295.0,0.0,16601.0,340.0,285.2
ADBL,2/11/2025,295.0,295.0,290.1,291.8,-1.08,13397.0,340.0,285.2
ADBL,2/12/2025,291.0,295.0,290.6,291.5,-0.1,24571.0,340.0,285.2
ADBL,2/13/2025,295.3,295.3,290.1,293.1,0.55,21247.0,340.0,285.2
ADBL,2/16/2025,293.0,295.0,289.3,291.4,-0.58,30069.0,340.0,285.2
ADBL,2/17/2025,292.0,300.9,289.5,295.0,1.24,70893.0,340.0,285.2
ADBL,2/18/2025,298.0,301.9,296.0,300.0,1.69,61491.0,340.0,285.2
ADBL,2/20/2025,300.0,300.0,295.0,296.0,-1.33,41190.0,340.0,285.2
ADBL,2/23/2025,290.1,299.0,285.0,294.0,-0.68,54840.0,340.0,285.2
ADBL,2/24/2025,292.0,299.0,292.0,293.9,-0.03,31364.0,340.0,285.2
ADBL,2/25/2025,295.5,297.8,292.0,293.1,-0.27,36537.0,340.0,285.2
ADBL,2/27/2025,298.9,310.0,297.0,303.0,3.38,72598.0,340.0,285.2
ADBL,3/2/2025,305.0,311.0,300.0,309.0,1.98,140917.0,340.0,285.2
ADBL,3/3/2025,314.0,315.0,306.5,309.0,0.0,77760.0,340.0,285.2
ADBL,3/4/2025,302.9,310.9,302.9,304.3,-1.52,74386.0,340.0,285.2
ADBL,3/5/2025,301.1,306.0,300.2,301.5,-0.92,55112.0,340.0,285.2
ADBL,3/6/2025,302.0,305.0,300.2,301.0,-0.17,29555.0,340.0,285.2
ADBL,3/9/2025,300.0,305.0,296.0,297.0,-1.33,24088.0,340.0,285.2
ADBL,3/10/2025,297.0,300.0,294.2,294.2,-0.94,30724.0,340.0,285.2
ADBL,3/11/2025,299.8,299.8,291.0,292.0,-0.75,26267.0,340.0,285.2
ADBL,3/12/2025,289.1,294.9,289.1,293.0,0.34,24116.0,340.0,285.2
ADBL,3/16/2025,293.0,293.0,289.0,290.0,-1.02,35376.0,340.0,285.2
ADBL,3/17/2025,290.0,291.8,289.0,290.0,0.0,20075.0,340.0,285.2
ADBL,3/18/2025,295.8,295.8,289.0,289.6,-0.14,19349.0,340.0,285.2
ADBL,3/19/2025,291.0,291.0,286.0,286.1,-1.21,21954.0,340.0,285.2
ADBL,3/20/2025,284.0,288.0,283.0,285.66,-0.15,16174.0,340.0,285.2
ADBL,3/23/2025,290.0,290.0,282.0,282.36,-1.16,55957.0,340.0,285.2
ADBL,3/24/2025,282.9,287.9,280.0,285.87,1.24,15084.0,340.0,285.2
ADBL,3/25/2025,289.5,290.0,280.0,280.58,-1.85,33659.0,340.0,285.2
ADBL,3/26/2025,280.0,283.0,278.5,282.17,0.57,18208.0,340.0,285.2
ADBL,3/27/2025,287.8,287.8,283.7,285.38,1.14,21529.0,340.0,285.2
ADBL,3/30/2025,285.0,290.0,285.0,287.3,0.67,28128.0,340.0,285.2
ADBL,4/1/2025,290.0,290.0,285.0,288.99,0.59,16186.0,340.0,285.2
ADBL,4/2/2025,288.0,313.0,285.2,295.23,2.16,41118.0,340.0,285.2
ADBL,4/3/2025,295.0,303.9,295.0,299.13,1.32,79398.0,340.0,285.2
ADBL,4/7/2025,305.0,305.0,291.1,291.72,-2.48,20209.0,340.0,285.2
ADBL,4/8/2025,290.0,293.0,285.0,291.09,-0.22,33174.0,340.0,285.2
ADBL,4/9/2025,296.9,300.0,289.9,290.37,-0.25,23950.0,340.0,285.2
ADBL,4/10/2025,291.0,293.0,287.1,287.85,-0.87,19731.0,340.0,285.2
ADBL,4/13/2025,290.0,290.0,285.0,288.18,0.11,24409.0,340.0,285.2
ADBL,4/15/2025,292.0,292.9,286.2,288.45,0.09,21484.0,340.0,285.2
ADBL,4/16/2025,294.0,294.0,289.0,289.97,0.53,23865.0,340.0,285.2
ADBL,4/17/2025,295.0,295.0,289.5,291.96,0.69,26221.0,340.0,285.2
ADBL,4/20/2025,296.0,297.0,288.2,290.92,-0.36,37196.0,340.0,285.2
ADBL,4/21/2025,293.0,293.0,287.0,287.56,-1.15,23794.0,340.0,285.2
ADBL,4/22/2025,291.0,291.0,285.1,285.99,-0.55,20167.0,340.0,285.2
ADBL,4/23/2025,286.0,287.0,282.1,282.91,-1.08,21640.0,340.0,285.2
ADBL,4/24/2025,282.1,284.8,280.5,283.45,0.19,20455.0,340.0,285.2
ADBL,4/27/2025,285.0,285.9,280.3,281.27,-0.77,26308.0,340.0,285.2
ADBL,4/28/2025,280.4,282.8,280.0,282.06,0.28,22512.0,340.0,285.2
ADBL,4/29/2025,280.0,283.0,280.0,281.09,-0.34,16939.0,340.0,285.2
ADBL,4/30/2025,280.0,281.9,279.0,280.63,-0.16,25703.0,340.0,285.2
ADBL,5/4/2025,285.0,285.0,279.0,280.11,-0.19,19617.0,340.0,285.2
ADBL,5/5/2025,280.0,281.5,279.0,280.16,0.02,14774.0,340.0,285.2
ADBL,5/6/2025,279.0,281.0,277.5,277.83,-0.83,24515.0,340.0,285.2
ADBL,5/7/2025,272.3,287.0,272.3,286.33,3.06,29812.0,340.0,285.2
ADBL,5/8/2025,292.0,292.0,283.0,287.17,0.29,22151.0,340.0,285.2
ADBL,5/11/2025,292.0,292.0,284.0,284.27,-1.01,21211.0,340.0,285.2
ADBL,5/13/2025,286.79,286.79,280.9,282.06,-0.78,21636.0,340.0,285.2
ADBL,5/14/2025,280.1,285.0,280.0,281.08,-0.35,18859.0,340.0,285.2
ADBL,5/15/2025,280.0,282.0,278.2,281.11,0.01,26415.0,340.0,285.2
ADBL,5/18/2025,281.5,283.5,278.0,280.36,-0.27,26842.0,340.0,285.2
ADBL,5/19/2025,280.1,284.9,280.1,282.78,0.86,21693.0,340.0,285.2
ADBL,5/20/2025,282.0,290.7,280.0,289.4,2.34,29990.0,340.0,285.2
ADBL,5/21/2025,295.1,305.0,288.1,289.29,-0.04,57459.0,340.0,285.2
ADBL,5/22/2025,290.0,303.0,284.0,296.73,2.57,59233.0,340.0,285.2
ADBL,5/25/2025,300.0,300.0,294.1,294.98,-0.59,29709.0,340.0,285.2
ADBL,5/26/2025,300.8,303.0,297.0,297.05,0.7,56707.0,340.0,285.2
ADBL,5/27/2025,295.0,296.0,290.0,294.44,-0.88,37980.0,340.0,285.2
ADBL,5/28/2025,293.0,300.0,291.8,299.6,1.75,49484.0,340.0,285.2
ADBL,6/2/2025,305.5,306.0,294.6,296.78,-0.94,56718.0,340.0,285.2
ADBL,6/3/2025,295.0,298.0,291.1,291.42,-1.81,37267.0,340.0,285.2
ADBL,6/4/2025,285.7,291.0,285.7,290.21,-0.42,21673.0,340.0,285.2
ADBL,6/5/2025,290.0,291.0,283.0,288.25,-0.68,43892.0,340.0,285.2
ADBL,6/8/2025,288.5,290.0,285.0,287.6,-0.23,10481.0,340.0,285.2
ADBL,6/9/2025,286.0,291.0,285.0,288.44,0.29,17735.0,340.0,285.2
ADBL,6/10/2025,293.0,293.0,287.2,288.33,-0.04,25016.0,340.0,285.2
ADBL,6/11/2025,284.5,291.0,284.2,288.09,-0.08,13387.0,340.0,285.2
ADBL,6/12/2025,285.0,289.3,285.0,286.2,-0.66,28838.0,340.0,285.2
ADBL,6/15/2025,286.1,288.0,284.0,284.25,-0.68,35850.0,340.0,285.2
ADBL,6/16/2025,289.0,289.0,284.5,286.05,0.63,25471.0,340.0,285.2
ADBL,6/17/2025,286.2,287.0,283.1,284.77,-0.45,19099.0,340.0,285.2
ADBL,6/18/2025,285.0,288.0,284.0,285.52,0.26,17243.0,340.0,285.2
ADBL,6/19/2025,280.0,285.0,280.0,284.18,-0.47,19789.0,340.0,285.2
ADBL,6/22/2025,284.0,287.0,280.5,281.08,-1.09,37857.0,340.0,285.2
ADBL,6/23/2025,278.5,282.4,278.5,281.24,0.06,28893.0,340.0,285.2
ADBL,6/24/2025,280.1,285.7,277.0,281.48,0.09,24677.0,340.0,285.2
ADBL,6/25/2025,286.0,286.0,281.0,281.73,0.09,17868.0,340.0,285.2
ADBL,6/26/2025,281.8,284.0,281.1,281.85,0.04,30005.0,340.0,285.2
ADBL,6/29/2025,285.0,287.4,280.0,286.67,1.71,37928.0,340.0,285.2
ADBL,6/30/2025,290.0,291.0,286.0,287.28,0.21,25817.0,340.0,285.2
ADBL,7/1/2025,281.6,296.0,281.6,293.7,2.23,65159.0,340.0,285.2
ADBL,7/2/2025,295.0,301.8,294.0,300.65,2.37,124408.0,340.0,285.2
ADBL,7/3/2025,303.0,305.0,297.0,300.74,0.03,123907.0,340.0,285.2
ADBL,7/6/2025,300.0,306.0,297.0,299.94,-0.27,72632.0,340.0,285.2
ADBL,7/7/2025,297.0,303.5,296.0,296.51,-1.14,58749.0,340.0,285.2
ADBL,7/8/2025,295.2,299.0,294.0,297.08,0.19,76334.0,340.0,285.2
ADBL,7/9/2025,301.0,307.0,295.1,304.2,2.4,122851.0,340.0,285.2
ADBL,7/10/2025,304.2,320.0,304.1,314.7,3.45,258347.0,340.0,285.2
ADBL,7/13/2025,320.9,333.5,320.9,327.02,3.91,215092.0,340.0,285.2
ADBL,7/14/2025,329.0,329.0,314.2,315.71,-3.46,115004.0,340.0,285.2
ADBL,7/15/2025,312.1,326.0,311.7,323.7,2.53,106227.0,340.0,285.2
ADBL,7/16/2025,329.9,330.1,324.0,327.13,1.06,142187.0,340.0,285.2
ADBL,7/17/2025,328.0,333.5,328.0,331.6,1.37,187049.0,340.0,285.2
ADBL,7/20/2025,334.9,342.0,326.0,330.22,-0.42,226513.0,340.0,285.2
ADBL,7/21/2025,331.0,335.0,325.4,332.11,0.57,104403.0,340.0,285.2
ADBL,7/22/2025,338.0,341.9,334.0,339.57,2.25,142308.0,340.0,285.2
ADBL,7/23/2025,340.0,342.0,334.2,339.6,0.01,121584.0,340.0,285.2
ADBL,7/24/2025,338.0,341.0,335.1,336.59,-0.89,72244.0,340.0,285.2
ADBL,7/27/2025,329.9,339.0,329.9,332.03,-1.35,129779.0,340.0,285.2
ADBL,7/28/2025,330.0,333.5,324.0,331.79,-0.07,118015.0,340.0,285.2
ADBL,7/29/2025,338.4,340.1,333.1,335.35,1.07,187129.0,340.0,285.2
ADBL,7/30/2025,342.0,342.0,331.5,332.08,-0.98,109653.0,340.0,285.2
ADBL,7/31/2025,334.8,336.6,327.0,332.18,0.03,128639.0,340.0,285.2
ADBL,8/3/2025,328.0,329.9,323.0,326.37,-1.75,89591.0,340.0,285.2
ADBL,8/4/2025,322.0,329.0,322.0,327.91,0.47,73743.0,340.0,285.2
ADBL,8/5/2025,325.6,334.0,325.0,325.39,-0.77,52835.0,340.0,285.2
ADBL,8/6/2025,331.8,331.8,322.5,327.8,0.74,47800.0,340.0,285.2
ADBL,8/7/2025,334.3,334.3,325.1,326.85,-0.29,41801.0,340.0,285.2
ADBL,8/11/2025,333.3,344.9,333.0,334.44,2.32,377771.0,340.0,285.2
ADBL,8/12/2025,333.0,334.5,328.0,330.97,-1.04,123924.0,340.0,285.2
ADBL,8/13/2025,332.0,335.0,330.0,330.48,-0.15,77384.0,340.0,285.2
ADBL,8/14/2025,331.1,333.9,330.3,332.45,0.6,86636.0,340.0,285.2
ADBL,8/17/2025,332.5,337.0,332.0,334.66,0.66,80302.0,340.0,285.2
ADBL,8/18/2025,337.0,338.8,334.0,337.68,0.9,81072.0,340.0,285.2
ADBL,8/19/2025,338.0,339.0,335.0,335.67,-0.6,42199.0,340.0,285.2
ADBL,8/20/2025,336.0,338.0,332.1,332.5,-0.94,31830.0,340.0,285.2
ADBL,8/21/2025,333.0,334.0,328.6,329.26,-0.97,56884.0,340.0,285.2
ADBL,8/24/2025,330.9,330.9,326.0,326.2,-0.93,50565.0,340.0,285.2
ADBL,8/25/2025,323.0,328.0,323.0,326.49,0.09,53184.0,340.0,285.2
ADBL,8/26/2025,326.0,329.0,325.4,326.28,-0.06,27429.0,340.0,285.2
ADBL,8/27/2025,332.8,332.8,326.0,331.31,1.54,45857.0,340.0,285.2
ADBL,8/28/2025,327.1,332.0,326.0,327.55,-1.13,66102.0,340.0,285.2
ADBL,8/31/2025,331.0,331.0,322.5,323.22,-1.32,42198.0,340.0,285.2
ADBL,9/1/2025,329.6,329.6,323.2,327.47,1.31,37584.0,340.0,285.2
ADBL,9/2/2025,334.0,334.0,325.0,325.5,-0.6,25961.0,340.0,285.2
ADBL,9/3/2025,323.5,326.7,323.5,324.08,-0.44,29206.0,340.0,285.2
ADBL,9/4/2025,324.0,325.4,322.2,324.71,0.19,32179.0,340.0,285.2
ADBL,9/7/2025,327.8,327.8,320.6,321.11,-1.11,49379.0,340.0,285.2
ADBL,9/8/2025,320.3,321.0,317.0,317.16,-1.23,69424.0,340.0,285.2
ADBL,9/18/2025,310.9,310.9,293.0,298.7,-5.82,3170.0,340.0,285.2
ADBL,9/21/2025,293.0,322.0,293.0,317.01,6.13,67958.0,340.0,285.2
ADBL,9/23/2025,317.0,321.0,312.2,317.0,-0.0,61925.0,340.0,285.2
ADBL,9/24/2025,321.5,321.5,312.0,316.0,-0.32,28083.0,340.0,285.2
ADBL,9/25/2025,311.0,317.9,311.0,317.3,0.41,29186.0,340.0,285.2
ADBL,9/28/2025,317.3,321.0,315.0,319.5,0.69,26821.0,340.0,285.2
ADBL,10/7/2025,320.0,322.9,315.8,316.9,-0.81,35362.0,340.0,285.2
ADBL,10/8/2025,315.0,315.0,310.5,312.4,-1.42,43145.0,340.0,285.2
ADBL,10/9/2025,318.0,324.0,314.0,317.0,1.47,44571.0,340.0,285.2
ADBL,10/12/2025,317.0,317.0,307.0,307.7,-2.93,73570.0,340.0,285.2
ADBL,10/13/2025,307.0,311.0,306.2,310.0,0.75,18227.0,340.0,285.2
ADBL,10/14/2025,310.5,313.9,307.0,309.0,-0.32,26968.0,340.0,285.2
ADBL,10/15/2025,308.0,308.5,306.0,308.0,-0.32,24390.0,340.0,285.2
ADBL,10/16/2025,312.0,312.0,305.5,308.9,0.29,18464.0,340.0,285.2
ADBL,10/19/2025,307.9,311.0,305.0,309.9,0.32,14571.0,340.0,285.2
ADBL,10/26/2025,310.0,310.0,305.0,309.0,-0.29,18308.0,340.0,285.2
ADBL,10/28/2025,309.0,318.0,309.0,315.0,1.94,20072.0,340.0,285.2
ADBL,10/29/2025,308.7,320.0,308.7,312.0,-0.95,27920.0,340.0,285.2
ADBL,10/30/2025,316.6,319.9,310.0,313.5,0.48,28033.0,340.0,285.2
ADBL,11/2/2025,319.7,325.9,313.0,315.0,0.48,34431.0,340.0,285.2
ADBL,11/3/2025,320.3,320.3,312.0,317.0,0.63,26537.0,340.0,285.2
ADBL,11/4/2025,322.0,322.0,309.1,312.0,-1.58,56192.0,340.0,285.2
ADBL,11/5/2025,309.1,315.0,308.0,315.0,0.96,41787.0,340.0,285.2
ADBL,11/6/2025,317.0,320.8,316.0,318.0,0.95,223177.0,340.0,285.2
ADBL,11/9/2025,318.0,318.8,312.0,315.0,-0.94,121484.0,340.0,285.2
ADBL,11/10/2025,315.0,315.0,312.0,312.6,-0.76,60370.0,340.0,285.2
ADBL,11/11/2025,312.0,314.0,312.0,313.8,0.38,29052.0,340.0,285.2
ADBL,11/12/2025,313.0,316.9,312.0,313.0,-0.25,19975.0,340.0,285.2
ADBL,11/13/2025,313.0,313.9,311.5,312.0,-0.32,39923.0,340.0,285.2
ADBL,11/16/2025,313.0,314.5,310.1,312.0,0.0,22740.0,340.0,285.2
ADBL,11/17/2025,318.2,318.2,310.1,313.7,0.54,24424.0,340.0,285.2
ADBL,11/18/2025,314.0,316.9,311.6,314.5,0.26,24019.0,340.0,285.2
ADBL,11/19/2025,315.0,315.0,312.0,312.8,-0.54,22061.0,340.0,285.2
ADBL,11/20/2025,312.0,313.9,312.0,312.4,-0.13,23008.0,340.0,285.2
ADBL,11/23/2025,315.0,316.0,313.2,316.0,1.15,61239.0,340.0,285.2
ADBL,11/24/2025,317.9,318.0,312.0,317.0,0.32,33678.0,340.0,285.2
ADBL,11/25/2025,319.0,321.0,316.3,320.0,0.95,48790.0,340.0,285.2
ADBL,11/26/2025,325.0,325.0,321.0,324.5,1.41,63588.0,340.0,285.2
ADBL,11/27/2025,330.0,330.0,322.1,328.9,1.36,192110.0,340.0,285.2
ADBL,11/30/2025,322.4,322.4,306.0,307.0,-6.66,67768.0,340.0,285.2
ADBL,12/1/2025,305.0,306.0,300.3,303.9,-1.01,56148.0,340.0,285.2
ADBL,12/2/2025,302.9,302.9,300.0,301.0,-0.95,40658.0,340.0,285.2
ADBL,12/3/2025,304.0,304.0,298.1,298.2,-0.93,23796.0,340.0,285.2
ADBL,12/7/2025,304.0,304.0,295.5,298.9,0.23,22681.0,340.0,285.2
ADBL,12/8/2025,302.0,302.0,295.0,296.6,-0.77,24934.0,340.0,285.2
ADBL,12/9/2025,298.9,298.9,292.0,292.3,-1.45,37931.0,340.0,285.2
ADBL,12/10/2025,297.0,297.0,290.0,291.4,-0.31,24514.0,340.0,285.2
ADBL,12/11/2025,293.0,293.0,288.0,292.0,0.21,26009.0,340.0,285.2
ADBL,12/14/2025,292.0,293.0,287.1,290.0,-0.68,27744.0,340.0,285.2
ADBL,12/15/2025,288.0,290.0,286.2,289.4,-0.21,24328.0,340.0,285.2
ADBL,12/16/2025,292.0,292.9,288.0,292.9,1.21,14912.0,340.0,285.2
ADBL,12/17/2025,294.9,296.0,292.0,294.0,0.38,26518.0,340.0,285.2
ADBL,12/18/2025,297.0,297.0,291.0,292.0,-0.68,11848.0,340.0,285.2
ADBL,12/21/2025,290.0,291.0,287.2,289.8,-0.75,27646.0,340.0,285.2
ADBL,12/22/2025,288.0,290.0,286.0,288.8,-0.35,20208.0,340.0,285.2
ADBL,12/23/2025,288.0,290.0,285.2,286.9,-0.66,23575.0,340.0,285.2
ADBL,12/24/2025,286.0,290.0,285.2,288.0,0.38,20792.0,340.0,285.2
ADBL,12/28/2025,291.0,316.8,286.0,297.0,3.12,49373.0,340.0,285.2
ADBL,12/29/2025,302.9,302.9,292.0,294.4,-0.88,31487.0,340.0,285.2
ADBL,12/31/2025,294.4,298.5,292.0,298.0,1.22,51018.0,340.0,285.2
ADBL,1/1/2026,295.0,296.5,290.0,295.0,-1.01,89799.0,340.0,285.2
ADBL,1/4/2026,290.0,295.0,288.3,292.0,-1.02,43097.0,340.0,285.2
ADBL,1/5/2026,294.8,295.0,292.1,293.0,0.34,17448.0,340.0,285.2
ADBL,1/6/2026,297.0,297.4,292.6,297.4,1.5,43501.0,340.0,285.2
ADBL,1/7/2026,300.0,300.0,294.0,299.7,0.77,29448.0,340.0,285.2
ADBL,1/8/2026,294.3,303.0,294.3,300.0,0.1,39057.0,340.0,285.2
ADBL,1/12/2026,300.0,302.0,298.0,299.5,-0.17,36804.0,340.0,285.2
ADBL,1/13/2026,300.0,302.0,296.3,298.0,-0.5,11348.0,340.0,285.2
ADBL,1/14/2026,294.1,300.0,288.4,300.0,0.67,39336.0,340.0,285.2
ADBL,1/18/2026,303.0,304.8,299.0,304.8,1.6,88350.0,340.0,285.2
ADBL,1/20/2026,303.0,310.7,302.0,307.9,1.02,51596.0,340.0,285.2
ADBL,1/21/2026,307.0,313.0,303.1,306.9,-0.32,34955.0,340.0,285.2
ADBL,1/22/2026,310.0,310.0,300.1,304.0,-0.94,28495.0,340.0,285.2
ADBL,1/25/2026,307.0,309.9,302.0,307.5,1.15,46807.0,340.0,285.2
ADBL,1/26/2026,309.0,310.0,305.7,307.0,-0.16,67671.0,340.0,285.2
ADBL,1/27/2026,306.0,312.0,303.2,304.5,-0.81,56138.0,340.0,285.2
ADBL,1/28/2026,301.0,305.0,298.9,304.0,-0.16,23915.0,340.0,285.2
ADBL,1/29/2026,304.0,304.0,297.0,300.0,-1.32,29200.0,340.0,285.2
ADBL,2/1/2026,302.0,304.0,297.0,298.1,-0.63,41620.0,340.0,285.2
ADBL,2/2/2026,304.0,304.0,296.0,299.0,0.3,17660.0,340.0,285.2
ADBL,2/3/2026,302.0,304.8,296.2,298.0,-0.33,10054.0,340.0,285.2
ADBL,2/4/2026,293.0,299.0,293.0,295.1,-0.97,22157.0,340.0,285.2
ADBL,2/5/2026,295.0,298.5,292.9,296.0,0.3,19054.0,340.0,285.2
ADBL,2/8/2026,301.0,301.0,295.5,296.0,0.0,24811.0,340.0,285.2
ADBL,2/9/2026,294.79,296.0,292.5,295.0,-0.34,25210.0,340.0,285.2
ADBL,2/10/2026,295.0,295.0,292.3,294.0,-0.34,12965.0,340.0,285.2
ADBL,2/11/2026,295.0,298.0,293.0,295.0,0.34,27330.0,340.0,285.2
ADBL,2/12/2026,291.2,299.1,291.2,297.0,0.68,27084.0,340.0,285.2
ADBL,2/16/2026,299.0,299.0,294.1,297.0,0.0,69167.0,340.0,285.2
ADBL,2/17/2026,299.0,299.0,293.0,296.5,-0.17,59291.0,340.0,285.2
ADBL,2/22/2026,296.5,298.0,292.0,293.0,-1.18,70740.0,340.0,285.2
ADBL,2/23/2026,293.0,295.0,291.0,292.5,-0.17,26805.0,340.0,285.2
ADBL,2/24/2026,292.0,297.8,291.0,293.0,0.17,18006.0,340.0,285.2
ADBL,2/25/2026,293.5,295.5,291.0,294.6,0.55,36465.0,340.0,285.2
ADBL,2/26/2026,300.4,300.4,292.3,298.0,1.15,21933.0,340.0,285.2
ADBL,2/27/2026,300.4,300.4,292.3,298.0,0.0,21933.0,340.0,285.2
ADBL,2/28/2026,300.4,300.4,292.3,298.0,0.0,21933.0,340.0,285.2
ADBL,3/2/2026,295.0,305.0,291.1,302.6,1.54,64794.0,340.0,285.2
ADBL,3/3/2026,308.6,308.6,297.1,305.0,0.79,47965.0,340.0,285.2
ADBL,3/4/2026,308.6,308.6,297.1,305.0,0.0,47965.0,340.0,285.2
ADBL,3/5/2026,308.6,308.6,297.1,305.0,0.0,47965.0,340.0,285.2
ADBL,3/6/2026,308.6,308.6,297.1,305.0,0.0,47965.0,340.0,285.2
ADBL,3/7/2026,308.6,308.6,297.1,305.0,0.0,47965.0,340.0,285.2
ADBL,3/8/2026,308.6,308.6,297.1,305.0,0.0,47965.0,340.0,285.2
ADBL,3/9/2026,311.0,327.7,311.0,327.7,7.44,776.0,340.0,285.2
ADBL,3/10/2026,330.0,330.0,310.0,317.0,-3.27,163883.0,340.0,285.2
ADBL,3/11/2026,320.0,320.0,310.0,311.2,-1.83,43238.0,340.0,285.2
ADBL,3/12/2026,308.7,318.9,308.7,316.0,1.54,65807.0,340.0,285.2
ADBL,3/13/2026,308.7,318.9,308.7,316.0,0.0,65807.0,340.0,285.2
ADBL,3/14/2026,308.7,318.9,308.7,316.0,0.0,65807.0,340.0,285.2
ADBL,3/15/2026,319.0,319.0,313.0,317.0,0.32,58743.0,340.0,285.2
ADBL,3/16/2026,310.7,319.0,310.7,313.1,-1.23,46720.0,340.0,285.2
ADBL,3/17/2026,310.0,316.3,310.0,316.3,1.02,57612.0,340.0,285.2
ADBL,3/18/2026,310.0,316.3,310.0,316.3,0.0,57612.0,340.0,285.2
ADBL,3/19/2026,310.0,327.9,310.0,326.5,3.22,251474.0,340.0,285.2
ADBL,3/20/2026,310.0,327.9,310.0,326.5,0.0,251474.0,340.0,285.2
ADBL,3/21/2026,310.0,327.9,310.0,326.5,0.0,251474.0,340.0,285.2
ADBL,3/22/2026,326.0,335.0,326.0,330.0,1.07,188185.0,340.0,285.2
ADBL,3/23/2026,335.0,335.0,323.0,329.0,-0.3,75576.0,340.0,285.2
ADBL,3/24/2026,333.0,335.1,326.5,334.9,1.79,144856.0,340.0,285.2
ADBL,3/25/2026,328.5,340.0,328.5,330.0,-1.46,106584.0,340.0,285.2
ADBL,3/26/2026,330.0,334.0,321.5,333.1,0.94,85296.0,340.0,285.2
ADBL,3/29/2026,333.0,335.0,320.5,324.0,-2.7,106944.0,340.0,285.2
ADBL,3/30/2026,318.0,324.0,314.1,316.0,-0.63,90641.0,340.0,285.2
ADBL,3/31/2026,316.0,322.0,310.3,316.0,0.0,44747.0,340.0,285.2
ADBL,4/1/2026,320.0,320.0,309.2,309.5,-3.28,53170.0,340.0,285.2
ADBL,4/2/2026,307.4,312.9,304.0,309.1,0.55,51652.0,340.0,285.2
ADBL,4/5/2026,305.0,311.1,302.0,302.0,-0.98,81577.0,340.0,285.2
ADBL,4/6/2026,308.0,313.0,301.2,309.0,0.32,93235.0,340.0,285.2
ADBL,4/7/2026,315.0,315.0,307.0,308.0,-2.22,29429.0,340.0,285.2
ADBL,4/8/2026,313.7,313.7,307.0,310.9,-0.89,92440.0,340.0,285.2
ADBL,4/9/2026,312.0,319.0,311.0,317.6,1.79,76204.0,340.0,285.2
ADBL,4/10/2026,322.8,322.8,313.1,316.5,-1.95,47257.0,340.0,285.2
ADBL,4/13/2026,317.0,318.0,313.1,315.3,-0.54,60185.0,340.0,285.2
ADBL,4/15/2026,313.3,327.0,313.3,322.0,2.78,195466.0,340.0,285.2
ADBL,4/16/2026,325.0,327.9,317.1,318.4,-2.03,58004.0,340.0,285.2
ADBL,4/17/2026,322.0,322.0,313.1,318.0,-1.24,29709.0,340.0,285.2
ADBL,4/20/2026,302.5,318.0,302.5,316.0,4.46,51411.0,340.0,285.2
ADBL,4/21/2026,312.3,318.0,312.3,316.9,1.47,24666.0,340.0,285.2
ADBL,4/22/2026,312.2,316.9,310.0,315.0,0.9,23838.0,340.0,285.2
ADBL,4/23/2026,312.0,320.0,312.0,312.0,0.0,21470.0,340.0,285.2
ADBL,4/24/2026,312.0,313.4,306.2,313.0,0.32,17185.0,340.0,285.2
ADBL,4/27/2026,297.4,319.0,297.4,316.0,6.25,20187.0,340.0,285.2
ADBL,4/28/2026,316.0,316.0,310.0,311.8,-1.33,10363.0,340.0,285.2
ADBL,4/29/2026,311.8,311.0,307.2,308.7,-0.99,18742.0,340.0,285.2
ADBL,4/30/2026,317.8,317.8,305.1,309.5,-2.61,20081.0,340.0,285.2
ADBL,5/4/2026,314.0,314.0,305.1,305.5,-2.71,21066.0,340.0,285.2
ADBL,5/5/2026,305.5,308.0,300.2,306.0,0.16,19887.0,340.0,285.2
ADBL,5/6/2026,304.0,307.0,304.0,305.0,0.33,18022.0,340.0,285.2
ADBL,5/7/2026,305.0,308.0,305.0,308.0,0.98,14376.0,340.0,285.2
ADBL,5/8/2026,311.0,311.0,308.0,310.0,-0.32,15077.0,340.0,285.2
ADBL,5/11/2026,310.0,313.5,310.0,312.0,0.65,22801.0,340.0,285.2
ADBL,5/12/2026,312.0,314.1,310.0,310.0,-0.64,25054.0,340.0,285.2
ADBL,5/13/2026,310.0,311.0,305.4,310.7,0.23,21106.0,340.0,285.2
ADBL,5/14/2026,311.0,311.0,306.3,309.0,-0.64,9404.0,340.0,285.2
ADBL,5/15/2026,306.0,312.0,306.0,310.2,1.37,27571.0,340.0,285.2
ADBL,5/18/2026,307.1,311.0,307.1,311.0,1.27,13470.0,340.0,285.2
ADBL,5/19/2026,311.8,312.5,308.0,311.0,-0.26,16428.0,340.0,285.2
ADBL,5/20/2026,307.1,313.9,307.1,313.8,2.18,28637.0,340.0,285.2
ADBL,5/21/2026,314.0,314.0,310.3,313.5,-0.16,12856.0,340.0,285.2
ADBL,5/22/2026,314.9,314.9,310.0,313.0,-0.6,11713.0,340.0,285.2
ADBL,5/25/2026,317.9,318.5,312.3,317.0,-0.28,45333.0,340.0,285.2
ADBL,5/26/2026,318.0,319.0,315.4,316.7,-0.41,14963.0,340.0,285.2
ADBL,5/27/2026,322.29,322.29,312.5,320.0,-0.71,50166.0,340.0,285.2
ADBL,6/1/2026,320.0,320.0,315.0,315.2,-1.5,17306.0,340.0,285.2
ADBL,6/2/2026,330.9,330.9,311.4,316.8,-4.26,10742.0,340.0,285.2
ADBL,6/3/2026,316.0,317.9,313.0,317.4,0.44,48420.0,340.0,285.2
ADBL,6/4/2026,318.0,320.0,315.0,317.9,-0.03,29880.0,340.0,285.2
ADBL,6/5/2026,312.4,319.0,311.0,317.0,1.47,36488.0,340.0,285.2
ADBL,6/8/2026,316.6,316.6,310.0,314.5,-0.66,39867.0,340.0,285.2
ADBL,6/9/2026,310.0,313.0,308.0,312.0,0.65,25126.0,340.0,285.2
ADBL,6/10/2026,297.0,314.9,297.0,309.0,4.04,20348.0,340.0,285.2
ADBL,6/11/2026,324.4,324.4,307.3,310.0,-4.44,17589.0,340.0,285.2
ADBL,6/12/2026,308.0,311.0,307.6,309.9,0.62,23091.0,340.0,285.2
ADBL,6/15/2026,310.0,313.9,306.0,311.0,0.32,14590.0,340.0,285.2
ADBL,6/16/2026,312.5,312.5,306.0,309.0,-1.12,14647.0,340.0,285.2
ADBL,6/17/2026,294.0,317.0,294.0,308.4,4.9,10225.0,340.0,285.2
ADBL,6/18/2026,293.0,312.0,293.0,309.0,5.46,8649.0,340.0,285.2
ADBL,6/19/2026,307.2,309.9,307.2,309.0,0.59,9697.0,340.0,285.2
ADBL,6/22/2026,316.0,316.0,305.1,307.9,-2.56,40052.0,340.0,285.2
ADBL,6/23/2026,305.1,311.0,301.8,307.5,0.79,82207.0,340.0,285.2
ADBL,6/24/2026,302.1,307.7,302.0,307.7,1.85,17126.0,340.0,285.2
ADBL,6/26/2026,308.0,308.0,303.0,305.0,-0.97,8138.0,340.0,285.2
ADBL,6/29/2026,300.2,305.0,300.2,304.7,1.5,7222.0,340.0,285.2
ADBL,6/30/2026,302.0,305.0,301.0,302.0,0.0,14556.0,340.0,285.2
ADBL,7/1/2026,300.0,305.0,300.0,305.0,1.67,11287.0,340.0,285.2
ADBL,7/2/2026,320.0,320.0,302.0,306.8,-4.12,11685.0,340.0,285.2
ADBL,7/3/2026,310.0,310.0,304.0,307.0,-0.97,10218.0,340.0,285.2
ADBL,7/6/2026,307.0,307.0,301.1,303.5,-1.14,8251.0,340.0,285.2
ADBL,7/7/2026,290.0,308.8,290.0,308.0,6.21,25330.0,340.0,285.2
ADBL,7/8/2026,307.0,307.0,301.2,304.9,-0.68,24412.0,340.0,285.2
ADBL,7/9/2026,303.5,306.0,303.0,304.0,0.16,13934.0,340.0,285.2
ADBL,7/10/2026,288.8,308.9,288.8,303.2,4.99,17742.0,340.0,285.2
ADBL,7/13/2026,301.0,304.8,301.0,302.5,0.5,24807.0,340.0,285.2
ADBL,7/14/2026,305.0,305.0,301.2,303.0,-0.66,23635.0,340.0,285.2
ADBL,7/15/2026,306.0,306.4,302.0,303.0,-0.98,27903.0,340.0,285.2
ADBL,7/16/2026,303.1,309.0,303.1,309.0,1.95,21483.0,340.0,285.2
ADBL,7/17/2026,309.0,312.9,305.2,311.0,0.65,29794.0,340.0,285.2
ADBL,7/20/2026,296.0,315.0,296.0,312.8,5.68,11892.0,340.0,285.2
ADBL,7/21/2026,314.9,319.0,310.0,314.0,-0.29,39052.0,340.0,285.2
ADBL,7/22/2026,314.0,320.0,310.2,318.9,1.56,79891.0,340.0,285.2
ADBL,7/23/2026,310.0,325.0,310.0,317.0,2.26,19009.0,340.0,285.2
ADBL,7/24/2026,317.0,321.4,316.0,320.0,0.95,113909.0,340.0,285.2
ADBL,7/27/2026,304.0,329.0,304.0,322.0,5.92,84053.0,340.0,285.2
ADBL,7/28/2026,320.0,323.5,318.2,320.5,0.16,109926.0,340.0,285.2
ADBL,7/29/2026,323.0,323.0,318.1,321.1,-0.59,114885.0,340.0,285.2
ADBL,7/30/2026,306.0,325.0,306.0,320.0,4.58,44241.0,340.0,285.2
ADBL,7/31/2026,318.2,324.0,317.3,322.5,1.35,147317.0,340.0,285.2
ADBL,8/3/2026,306.5,326.0,306.5,325.0,6.04,134712.0,340.0,285.2
ADBL,8/4/2026,325.0,325.0,318.6,323.0,-0.62,78882.0,340.0,285.2
ADBL,8/5/2026,325.0,325.0,319.1,320.0,-1.54,40701.0,340.0,285.2
ADBL,8/6/2026,304.0,325.0,304.0,308.8,1.58,143216.0,340.0,285.2
ADBL,8/7/2026,309.0,309.0,304.0,307.9,-0.36,45973.0,340.0,285.2
ADBL,8/10/2026,311.0,311.0,301.0,305.0,-1.93,41071.0,340.0,285.2
ADBL,8/11/2026,302.1,305.9,301.0,302.5,0.13,71707.0,340.0,285.2
ADBL,8/12/2026,301.0,304.8,301.0,304.0,1.0,34081.0,340.0,285.2
ADBL,8/13/2026,302.0,305.8,302.0,304.8,0.93,70052.0,340.0,285.2
ADBL,8/14/2026,305.0,306.0,303.1,304.0,-0.33,22448.0,340.0,285.2
ADBL,8/17/2026,304.0,305.0,299.7,302.2,-0.59,121643.0,340.0,285.2
ADBL,8/18/2026,302.0,302.0,295.5,300.0,-0.66,45445.0,340.0,285.2
ADBL,8/19/2026,302.0,302.0,299.5,300.9,-0.36,25174.0,340.0,285.2
ADBL,8/20/2026,300.0,302.0,298.0,300.1,0.03,49169.0,340.0,285.2
ADBL,8/21/2026,300.1,302.4,299.0,301.0,0.3,31051.0,340.0,285.2
ADBL,8/24/2026,301.0,302.0,298.2,299.5,-0.5,22197.0,340.0,285.2
ADBL,8/25/2026,300.0,300.0,298.6,298.8,-0.4,20967.0,340.0,285.2
ADBL,8/26/2026,299.1,301.0,295.1,296.0,-1.04,30400.0,340.0,285.2
ADBL,8/27/2026,295.0,299.0,290.0,299.0,1.36,47003.0,340.0,285.2
ADBL,8/31/2026,305.0,305.0,291.2,295.5,-3.11,16748.0,340.0,285.2
ADBL,9/1/2026,295.5,299.0,293.1,297.0,0.51,19954.0,340.0,285.2
ADBL,9/2/2026,311.8,311.8,295.0,296.6,-4.87,14551.0,340.0,285.2
ADBL,9/3/2026,299.0,299.8,296.0,297.0,-0.67,9898.0,340.0,285.2
ADBL,9/7/2026,311.8,311.8,295.1,300.0,-3.78,28634.0,340.0,285.2
ADBL,9/9/2026,299.0,301.0,297.6,299.0,0.0,22639.0,340.0,285.2
ADBL,9/10/2026,300.0,300.0,296.5,297.9,-0.7,6851.0,340.0,285.2
ADBL,9/11/2026,298.0,300.0,298.0,300.0,0.67,15444.0,340.0,285.2
ADBL,9/14/2026,300.0,303.0,298.0,302.0,0.67,23638.0,340.0,285.2
ADBL,9/15/2026,317.0,317.0,303.0,308.0,-2.84,71582.0,340.0,285.2
ADBL,9/16/2026,302.0,309.9,302.0,305.5,1.16,23508.0,340.0,285.2
ADBL,9/17/2026,306.0,309.8,305.0,308.7,0.88,90092.0,340.0,285.2
ADBL,9/18/2026,308.0,315.0,305.0,314.0,1.95,103595.0,340.0,285.2
ADBL,9/22/2026,316.0,317.0,311.9,313.9,-0.66,86402.0,340.0,285.2
ADBL,9/23/2026,313.9,314.0,310.5,311.0,-0.92,39944.0,340.0,285.2
ADBL,9/24/2026,312.0,313.0,309.1,313.0,0.32,18501.0,340.0,285.2
ADBL,9/28/2026,313.0,313.9,306.2,308.0,-1.6,16090.0,340.0,285.2
ADBL,9/29/2026,309.6,310.0,305.0,307.5,-0.68,56260.0,340.0,285.2
ADBL,9/30/2026,307.5,308.9,305.2,307.5,0.0,83834.0,340.0,285.2
ADBL,10/1/2026,305.5,310.9,303.3,310.0,1.47,34895.0,340.0,285.2
ADBL,10/2/2026,310.0,310.0,307.1,309.0,-0.32,25843.0,340.0,285.2
ADBLB,7/3/2026,1000.0,1000.0,1000.0,1000.0,0.0,430000.0,0.0,0.0
ADBLB86,6/9/2026,1000.0,1000.1,1000.0,1000.0,0.0,570000.0,1000.1,1000.0
ADBLB86,7/27/2026,1010.0,1010.0,1010.0,1010.0,0.0,50.0,1000.1,1000.0
ADBLB87,8/14/2026,1000.0,1016.0,1000.0,1016.0,1.6,700000.0,1016.0,1000.0
ADBLB87,8/18/2026,1015.0,1015.0,1012.0,1012.0,-0.3,500000.0,1016.0,1000.0
ADBLB87,8/20/2026,1012.0,1015.0,1012.0,1015.0,0.3,500000.0,1016.0,1000.0
ADBLD83,1/5/2026,1092.1,1092.1,1092.1,1092.0,,25.0,1132.9,1015.0
ADBLD83,1/6/2026,1093.0,1093.0,1093.0,1093.0,0.09,25.0,1132.9,1015.0
ADBLD83,1/8/2026,1114.8,1114.8,1114.8,1114.8,1.99,100.0,1132.9,1015.0
ADBLD83,1/12/2026,1125.0,1125.0,1125.0,1125.0,0.91,100.0,1132.9,1015.0
ADBLD83,1/13/2026,1114.0,1114.0,1114.0,1114.0,-0.98,34.0,1132.9,1015.0
ADBLD83,1/18/2026,1091.8,1091.8,1048.7,1048.7,-5.86,275.0,1132.9,1015.0
ADBLD83,1/20/2026,1046.3,1046.3,1046.3,1046.3,-0.23,50.0,1132.9,1015.0
ADBLD83,1/22/2026,1046.3,1051.0,1046.3,1051.0,0.45,101.0,1132.9,1015.0
ADBLD83,2/3/2026,1050.8,1050.8,1050.7,1050.7,-0.03,105.0,1132.9,1015.0
ADBLD83,2/5/2026,1071.0,1071.0,1071.0,1071.0,1.93,60.0,1132.9,1015.0
ADBLD83,2/8/2026,1050.5,1050.5,1050.5,1050.5,-1.91,50.0,1132.9,1015.0
ADBLD83,2/11/2026,1053.19,1053.19,1053.19,1053.19,0.26,100.0,1132.9,1015.0
ADBLD83,2/12/2026,1050.5,1050.5,1050.5,1050.5,-0.26,25.0,1132.9,1015.0
ADBLD83,2/16/2026,1050.1,1050.1,1050.0,1050.0,-0.05,100.0,1132.9,1015.0
ADBLD83,2/17/2026,1055.0,1055.0,1051.2,1051.2,0.11,111.0,1132.9,1015.0
ADBLD83,2/22/2026,1051.0,1051.0,1051.0,1051.0,-0.02,114.0,1132.9,1015.0
ADBLD83,2/26/2026,1054.0,1054.0,1054.0,1054.0,0.29,25.0,1132.9,1015.0
ADBLD83,2/27/2026,1054.0,1054.0,1054.0,1054.0,0.0,25.0,1132.9,1015.0
ADBLD83,2/28/2026,1054.0,1054.0,1054.0,1054.0,0.0,25.0,1132.9,1015.0
ADBLD83,3/2/2026,1069.0,1069.0,1069.0,1069.0,1.42,578.0,1132.9,1015.0
ADBLD83,3/12/2026,1052.5,1052.5,1052.5,1052.5,-1.54,25.0,1132.9,1015.0
ADBLD83,3/13/2026,1052.5,1052.5,1052.5,1052.5,0.0,25.0,1132.9,1015.0
ADBLD83,3/14/2026,1052.5,1052.5,1052.5,1052.5,0.0,25.0,1132.9,1015.0
ADBLD83,3/15/2026,1052.8,1075.0,1052.8,1075.0,2.14,175.0,1132.9,1015.0
ADBLD83,3/17/2026,1055.1,1057.0,1042.2,1047.3,-2.58,1055.0,1132.9,1015.0
ADBLD83,3/18/2026,1055.1,1057.0,1042.2,1047.3,0.0,1055.0,1132.9,1015.0
ADBLD83,3/22/2026,1046.1,1046.1,1046.1,1046.1,-0.11,25.0,1132.9,1015.0
ADBLD83,3/25/2026,1065.0,1065.0,1065.0,1065.0,1.81,100.0,1132.9,1015.0
ADBLD83,3/30/2026,1085.9,1085.9,1085.9,1085.9,0.0,25.0,1132.9,1015.0
ADBLD83,4/6/2026,1064.2,1085.4,1064.2,1085.4,1.99,60.0,1132.9,1015.0
ADBLD83,4/9/2026,1063.7,1063.7,1063.7,1063.7,0.0,34.0,1132.9,1015.0
ADBLD83,4/10/2026,1052.7,1055.0,1051.0,1055.0,0.22,250.0,1132.9,1015.0
ADBLD83,4/13/2026,1056.9,1056.9,1056.9,1056.9,0.0,50.0,1132.9,1015.0
ADBLD83,4/16/2026,1078.0,1078.0,1078.0,1078.0,0.0,45.0,1132.9,1015.0
ADBLD83,4/20/2026,1049.4,1049.4,1049.0,1049.0,-0.04,100.0,1132.9,1015.0
ADBLD83,4/21/2026,1050.9,1050.9,1050.9,1050.9,0.0,25.0,1132.9,1015.0
ADBLD83,4/23/2026,1060.7,1060.9,1060.7,1060.9,0.02,65.0,1132.9,1015.0
ADBLD83,4/30/2026,1070.0,1070.0,1070.0,1070.0,0.0,300.0,1132.9,1015.0
ADBLD83,5/11/2026,1050.7,1050.7,1050.7,1050.7,0.0,25.0,1132.9,1015.0
ADBLD83,5/12/2026,1050.8,1050.8,1050.8,1050.8,0.0,15.0,1132.9,1015.0
ADBLD83,5/15/2026,1070.0,1070.0,1070.0,1070.0,0.0,200.0,1132.9,1015.0
ADBLD83,5/19/2026,1058.5,1070.0,1058.5,1070.0,1.09,210.0,1132.9,1015.0
ADBLD83,5/25/2026,1051.9,1051.9,1051.9,1051.9,0.0,25.0,1132.9,1015.0
ADBLD83,5/27/2026,1050.7,1052.7,1050.7,1051.8,0.1,125.0,1132.9,1015.0
ADBLD83,6/1/2026,1051.9,1051.9,1051.9,1051.9,0.0,25.0,1132.9,1015.0
ADBLD83,6/2/2026,1051.9,1051.9,1051.9,1083.4,2.99,1.0,1132.9,1015.0
ADBLD83,6/8/2026,1052.0,1052.0,1052.0,1052.0,0.0,25.0,1132.9,1015.0
ADBLD83,6/9/2026,1052.2,1052.2,1052.1,1052.1,-0.01,50.0,1132.9,1015.0
ADBLD83,6/18/2026,1055.0,1055.0,1055.0,1055.0,0.0,50.0,1132.9,1015.0
ADBLD83,6/19/2026,1083.0,1083.0,1083.0,1083.0,0.0,50.0,1132.9,1015.0
ADBLD83,6/22/2026,1075.0,1075.0,1075.0,1075.0,0.0,20917.0,1132.9,1015.0
ADBLD83,6/30/2026,1079.9,1079.9,1079.9,1079.9,0.0,25.0,1132.9,1015.0
ADBLD83,7/1/2026,1057.0,1057.0,1056.4,1056.4,-0.06,25.0,1132.9,1015.0
ADBLD83,7/3/2026,1056.2,1070.0,1056.2,1070.0,1.31,10526.0,1132.9,1015.0
ADBLD83,7/6/2026,1077.2,1077.2,1070.0,1070.0,-0.67,585.0,1132.9,1015.0
ADBLD83,7/7/2026,1070.0,1084.9,1066.0,1084.9,1.39,167046.0,1132.9,1015.0
ADBLD83,7/9/2026,1084.0,1084.0,1084.0,1084.0,0.0,130728.0,1132.9,1015.0
ADBLD83,7/10/2026,1090.0,1090.0,1090.0,1090.0,0.0,10.0,1132.9,1015.0
ADBLD83,7/13/2026,1090.0,1101.0,1076.0,1076.0,-1.28,78729.0,1132.9,1015.0
ADBLD83,7/14/2026,1075.2,1085.0,1075.1,1085.0,0.91,261617.0,1132.9,1015.0
ADBLD83,7/15/2026,1085.0,1085.0,1076.0,1076.0,-0.83,105.0,1132.9,1015.0
ADBLD83,7/16/2026,1075.1,1095.0,1075.1,1095.0,1.85,200.0,1132.9,1015.0
ADBLD83,7/17/2026,1062.2,1062.2,1062.2,1062.2,0.0,46.0,1132.9,1015.0
ADBLD83,7/24/2026,1034.0,1034.3,1034.0,1034.3,0.03,26406.0,1132.9,1015.0
ADBLD83,7/27/2026,1034.3,1034.3,1034.3,1034.3,0.0,30.0,1132.9,1015.0
ADBLD83,7/30/2026,1015.0,1020.0,1015.0,1020.0,0.49,225.0,1132.9,1015.0
ADBLD83,7/31/2026,1029.7,1029.7,1025.0,1025.0,-0.46,45.0,1132.9,1015.0
ADBLD83,8/3/2026,1028.9,1028.9,1028.9,1028.9,0.0,110.0,1132.9,1015.0
ADBLD83,8/5/2026,1025.0,1025.0,1025.0,1024.0,-0.1,25.0,1132.9,1015.0
ADBLD83,8/7/2026,1023.6,1023.6,1023.6,1023.6,0.0,25.0,1132.9,1015.0
ADBLD83,8/12/2026,1025.0,1025.0,1025.0,1025.0,0.0,100.0,1132.9,1015.0
ADBLD83,8/14/2026,1015.0,1015.0,1015.0,1015.0,0.0,49.0,1132.9,1015.0
ADBLD83,8/17/2026,1030.0,1030.0,1030.0,1030.0,0.0,50.0,1132.9,1015.0
ADBLD83,8/19/2026,1041.0,1041.0,1039.0,1039.0,-0.19,100.0,1132.9,1015.0
ADBLD83,8/21/2026,1039.0,1039.0,1039.0,1039.0,0.0,19.0,1132.9,1015.0
ADBLD83,8/26/2026,1039.9,1039.9,1039.9,1039.9,0.0,37.0,1132.9,1015.0
ADBLD83,9/9/2026,1020.1,1020.1,1020.1,1020.1,0.0,100.0,1132.9,1015.0
ADBLD83,9/10/2026,1021.2,1022.0,1020.3,1020.3,-0.09,375.0,1132.9,1015.0
ADBLD83,9/11/2026,1050.9,1050.9,1050.9,1050.9,0.0,10.0,1132.9,1015.0
ADBLD83,9/15/2026,1040.0,1040.0,1038.0,1038.0,-0.19,550.0,1132.9,1015.0
ADBLD83,9/16/2026,1038.5,1038.5,1038.5,1038.5,0.0,10.0,1132.9,1015.0
ADBLD83,9/17/2026,1035.0,1035.0,1035.0,1035.0,0.0,300.0,1132.9,1015.0
ADBLD83,9/24/2026,1035.0,1035.0,1035.0,1035.0,0.0,50.0,1132.9,1015.0
AHL,12/21/2025,565.0,570.0,556.0,557.0,,9937.0,670.0,343.0
AHL,12/22/2025,555.0,557.0,545.1,550.2,-1.22,12467.0,670.0,343.0
AHL,12/23/2025,544.2,550.0,544.2,550.0,-0.04,2216.0,670.0,343.0
AHL,12/24/2025,550.0,560.0,550.0,560.0,1.82,3941.0,670.0,343.0
AHL,12/28/2025,571.2,576.0,556.2,562.0,0.36,3506.0,670.0,343.0
AHL,12/29/2025,573.2,573.2,547.0,547.0,-2.67,6671.0,670.0,343.0
AHL,12/31/2025,552.0,558.0,548.0,550.0,0.55,4440.0,670.0,343.0
AHL,1/1/2026,548.0,550.0,535.0,543.0,-1.27,10546.0,670.0,343.0
AHL,1/4/2026,553.8,553.8,533.0,533.3,-1.79,5955.0,670.0,343.0
AHL,1/5/2026,540.0,561.0,532.0,560.0,5.01,14572.0,670.0,343.0
AHL,1/6/2026,570.8,572.9,555.0,565.0,0.89,10691.0,670.0,343.0
AHL,1/7/2026,565.0,572.0,555.0,563.9,-0.19,6549.0,670.0,343.0
AHL,1/8/2026,569.3,569.3,550.0,551.0,-2.29,7287.0,670.0,343.0
AHL,1/12/2026,551.0,556.0,545.5,546.3,-0.85,2193.0,670.0,343.0
AHL,1/13/2026,555.0,555.9,538.0,540.3,-1.1,7605.0,670.0,343.0
AHL,1/14/2026,539.1,549.5,539.1,542.0,0.31,5395.0,670.0,343.0
AHL,1/18/2026,543.0,554.0,543.0,550.0,1.48,5302.0,670.0,343.0
AHL,1/20/2026,555.0,569.9,552.3,553.0,0.55,9680.0,670.0,343.0
AHL,1/21/2026,555.0,562.5,546.2,546.2,-1.23,5407.0,670.0,343.0
AHL,1/22/2026,536.0,561.0,536.0,552.0,1.06,6755.0,670.0,343.0
AHL,1/25/2026,552.0,570.0,541.0,565.9,2.52,18538.0,670.0,343.0
AHL,1/26/2026,556.0,565.0,555.0,563.0,-0.51,11459.0,670.0,343.0
AHL,1/27/2026,563.2,574.0,560.0,561.0,-0.36,12492.0,670.0,343.0
AHL,1/28/2026,552.1,601.0,551.5,597.9,6.58,22893.0,670.0,343.0
AHL,1/29/2026,599.0,608.9,576.0,579.0,-3.16,15247.0,670.0,343.0
AHL,2/1/2026,569.0,579.0,550.0,572.8,-1.07,4169.0,670.0,343.0
AHL,2/2/2026,562.1,569.0,546.9,562.9,-1.73,11953.0,670.0,343.0
AHL,2/3/2026,563.0,566.0,552.0,552.0,-1.94,5921.0,670.0,343.0
AHL,2/4/2026,563.0,585.6,550.0,564.9,2.34,5931.0,670.0,343.0
AHL,2/5/2026,563.0,578.0,563.0,576.0,1.96,14549.0,670.0,343.0
AHL,2/8/2026,587.5,595.0,585.0,585.5,1.65,24768.0,670.0,343.0
AHL,2/9/2026,586.0,586.0,565.0,578.0,-1.28,9993.0,670.0,343.0
AHL,2/10/2026,574.0,584.0,566.5,572.0,-1.04,5539.0,670.0,343.0
AHL,2/11/2026,572.0,583.0,561.0,569.0,-0.52,3613.0,670.0,343.0
AHL,2/12/2026,567.0,568.0,555.7,564.5,-0.79,9393.0,670.0,343.0
AHL,2/16/2026,553.5,562.0,551.0,558.0,-1.15,6848.0,670.0,343.0
AHL,2/17/2026,555.0,559.9,540.0,540.5,-3.14,5522.0,670.0,343.0
AHL,2/22/2026,544.7,544.7,499.5,510.0,-5.64,14218.0,670.0,343.0
AHL,2/23/2026,510.0,520.0,505.0,509.9,-0.02,4952.0,670.0,343.0
AHL,2/24/2026,520.0,520.0,505.0,508.0,-0.37,3775.0,670.0,343.0
AHL,2/25/2026,500.0,510.0,482.0,500.0,-1.57,10920.0,670.0,343.0
AHL,2/26/2026,492.0,500.0,462.6,493.0,-1.4,14115.0,670.0,343.0
AHL,2/27/2026,492.0,500.0,462.6,493.0,0.0,14115.0,670.0,343.0
AHL,2/28/2026,492.0,500.0,462.6,493.0,0.0,14115.0,670.0,343.0
AHL,3/2/2026,484.0,499.9,483.2,499.8,1.38,6358.0,670.0,343.0
AHL,3/3/2026,509.0,509.0,495.0,504.9,1.02,4763.0,670.0,343.0
AHL,3/4/2026,509.0,509.0,495.0,504.9,0.0,4763.0,670.0,343.0
AHL,3/5/2026,509.0,509.0,495.0,504.9,0.0,4763.0,670.0,343.0
AHL,3/6/2026,509.0,509.0,495.0,504.9,0.0,4763.0,670.0,343.0
AHL,3/7/2026,509.0,509.0,495.0,504.9,0.0,4763.0,670.0,343.0
AHL,3/8/2026,509.0,509.0,495.0,504.9,0.0,4763.0,670.0,343.0
AHL,3/9/2026,514.9,525.1,514.9,525.1,4.0,20.0,670.0,343.0
AHL,3/10/2026,535.6,550.0,530.0,540.0,2.84,26899.0,670.0,343.0
AHL,3/11/2026,540.0,545.0,532.0,541.0,0.19,7662.0,670.0,343.0
AHL,3/12/2026,540.0,547.9,540.0,543.0,0.37,5600.0,670.0,343.0
AHL,3/13/2026,540.0,547.9,540.0,543.0,0.0,5600.0,670.0,343.0
AHL,3/14/2026,540.0,547.9,540.0,543.0,0.0,5600.0,670.0,343.0
AHL,3/15/2026,549.9,549.9,531.0,536.0,-1.29,6336.0,670.0,343.0
AHL,3/16/2026,536.0,540.5,532.0,537.0,0.19,22393.0,670.0,343.0
AHL,3/17/2026,545.0,545.0,526.5,529.0,-1.49,7287.0,670.0,343.0
AHL,3/18/2026,545.0,545.0,526.5,529.0,0.0,7287.0,670.0,343.0
AHL,3/19/2026,525.0,535.3,523.4,535.0,1.13,15642.0,670.0,343.0
AHL,3/20/2026,525.0,535.3,523.4,535.0,0.0,15642.0,670.0,343.0
AHL,3/21/2026,525.0,535.3,523.4,535.0,0.0,15642.0,670.0,343.0
AHL,3/22/2026,535.0,539.0,524.3,529.0,-1.12,21982.0,670.0,343.0
AHL,3/23/2026,530.0,530.0,520.0,521.1,-1.49,13909.0,670.0,343.0
AHL,3/24/2026,520.0,524.0,510.0,518.0,-0.59,21654.0,670.0,343.0
AHL,3/25/2026,516.0,525.0,515.1,522.0,0.77,9530.0,670.0,343.0
AHL,3/26/2026,522.0,525.9,512.0,521.0,-0.19,12223.0,670.0,343.0
AHL,3/29/2026,521.0,525.0,511.0,511.0,-1.92,9552.0,670.0,343.0
AHL,3/30/2026,505.0,512.0,503.1,503.1,-0.38,6766.0,670.0,343.0
AHL,3/31/2026,501.2,505.0,495.0,504.0,0.56,6254.0,670.0,343.0
AHL,4/1/2026,505.0,505.0,490.0,493.0,-2.38,10336.0,670.0,343.0
AHL,4/2/2026,484.0,499.8,484.0,486.1,0.43,5648.0,670.0,343.0
AHL,4/5/2026,486.2,495.8,466.0,466.3,-4.09,9634.0,670.0,343.0
AHL,4/6/2026,461.1,488.0,461.1,485.0,5.18,4487.0,670.0,343.0
AHL,4/7/2026,490.1,495.0,481.0,485.0,-1.04,4816.0,670.0,343.0
AHL,4/8/2026,486.0,522.0,485.1,522.0,7.41,12280.0,670.0,343.0
AHL,4/9/2026,515.0,530.0,503.0,526.0,2.14,23012.0,670.0,343.0
AHL,4/10/2026,526.0,536.0,514.0,536.0,1.9,17797.0,670.0,343.0
AHL,4/13/2026,525.3,568.0,515.1,550.2,4.74,14939.0,670.0,343.0
AHL,4/15/2026,539.2,593.0,528.5,560.0,3.86,45497.0,670.0,343.0
AHL,4/16/2026,548.8,581.4,523.0,581.4,5.94,41954.0,670.0,343.0
AHL,4/17/2026,569.8,569.8,523.3,555.0,-2.6,40343.0,670.0,343.0
AHL,4/20/2026,550.0,550.0,525.5,530.0,-3.64,5397.0,670.0,343.0
AHL,4/21/2026,503.5,589.0,503.5,585.0,16.19,24581.0,670.0,343.0
AHL,4/22/2026,555.8,555.8,523.8,536.0,-3.56,34906.0,670.0,343.0
AHL,4/23/2026,536.0,548.0,520.0,522.0,-2.61,9783.0,670.0,343.0
AHL,4/24/2026,515.0,556.0,500.1,528.5,2.62,10640.0,670.0,343.0
AHL,4/27/2026,515.0,575.0,510.0,526.0,2.14,8990.0,670.0,343.0
AHL,4/28/2026,515.0,530.0,505.0,505.0,-1.94,19693.0,670.0,343.0
AHL,4/29/2026,500.0,530.0,490.0,495.0,-1.0,19027.0,670.0,343.0
AHL,4/30/2026,490.0,534.0,480.1,534.0,8.98,14073.0,670.0,343.0
AHL,5/4/2026,535.0,535.0,500.0,512.0,-4.3,7813.0,670.0,343.0
AHL,5/5/2026,495.0,555.0,492.0,515.0,4.04,25170.0,670.0,343.0
AHL,5/6/2026,500.1,512.9,499.6,510.0,1.98,4799.0,670.0,343.0
AHL,5/7/2026,505.0,515.0,495.0,510.0,0.99,11662.0,670.0,343.0
AHL,5/8/2026,490.0,524.0,490.0,524.0,6.94,13584.0,670.0,343.0
AHL,5/11/2026,535.0,535.0,510.0,513.0,-4.11,15766.0,670.0,343.0
AHL,5/12/2026,513.0,525.0,500.0,508.0,-0.97,13604.0,670.0,343.0
AHL,5/13/2026,508.0,566.0,495.0,566.0,11.42,20350.0,670.0,343.0
AHL,5/14/2026,537.7,537.7,503.0,510.0,-5.15,14691.0,670.0,343.0
AHL,5/15/2026,500.0,530.4,500.0,508.6,1.72,7287.0,670.0,343.0
AHL,5/18/2026,500.0,512.0,499.0,509.9,1.98,10257.0,670.0,343.0
AHL,5/19/2026,500.0,511.9,492.0,507.0,1.4,22645.0,670.0,343.0
AHL,5/20/2026,495.0,525.0,495.0,503.0,1.62,8165.0,670.0,343.0
AHL,5/21/2026,496.0,520.0,496.0,505.4,1.9,9481.0,670.0,343.0
AHL,5/22/2026,495.0,524.0,492.0,515.0,4.04,8464.0,670.0,343.0
AHL,5/25/2026,505.0,518.5,504.0,508.9,0.77,19181.0,670.0,343.0
AHL,5/26/2026,505.0,508.0,504.3,505.0,0.0,3165.0,670.0,343.0
AHL,5/27/2026,530.2,530.2,500.1,507.7,-4.24,4640.0,670.0,343.0
AHL,6/1/2026,508.0,508.0,495.0,500.0,-1.57,7729.0,670.0,343.0
AHL,6/2/2026,489.1,504.5,489.1,496.4,1.49,3420.0,670.0,343.0
AHL,6/3/2026,496.4,499.8,493.0,498.0,0.32,5028.0,670.0,343.0
AHL,6/4/2026,473.1,504.0,473.1,493.1,4.23,7926.0,670.0,343.0
AHL,6/5/2026,485.4,497.0,485.4,496.5,2.29,3440.0,670.0,343.0
AHL,6/8/2026,495.0,497.0,487.0,490.3,-0.95,12120.0,670.0,343.0
AHL,6/9/2026,486.1,492.0,476.0,489.0,0.6,3366.0,670.0,343.0
AHL,6/10/2026,489.9,494.0,487.0,487.0,-0.59,2598.0,670.0,343.0
AHL,6/11/2026,477.2,488.0,477.2,487.0,2.05,4017.0,670.0,343.0
AHL,6/12/2026,481.8,486.5,481.1,484.4,0.54,4230.0,670.0,343.0
AHL,6/15/2026,508.5,508.5,476.0,483.0,-5.01,4895.0,670.0,343.0
AHL,6/16/2026,479.0,486.0,479.0,479.0,0.0,2828.0,670.0,343.0
AHL,6/17/2026,479.0,482.0,475.0,478.9,-0.02,14931.0,670.0,343.0
AHL,6/18/2026,474.0,479.0,470.1,477.0,0.63,5986.0,670.0,343.0
AHL,6/19/2026,454.0,477.6,454.0,470.0,3.52,3325.0,670.0,343.0
AHL,6/22/2026,484.0,484.0,470.1,475.0,-1.86,24030.0,670.0,343.0
AHL,6/23/2026,451.3,483.9,451.3,474.9,5.23,3081.0,670.0,343.0
AHL,6/24/2026,460.0,502.0,460.0,470.0,2.17,2505.0,670.0,343.0
AHL,6/26/2026,493.0,493.0,455.0,468.6,-4.95,9472.0,670.0,343.0
AHL,6/29/2026,480.9,480.9,437.1,448.0,-6.84,6301.0,670.0,343.0
AHL,6/30/2026,470.0,470.0,435.0,448.8,-4.51,4653.0,670.0,343.0
AHL,7/1/2026,471.0,471.0,440.0,449.0,-4.67,6939.0,670.0,343.0
AHL,7/2/2026,450.9,452.0,435.6,447.3,-0.8,5792.0,670.0,343.0
AHL,7/3/2026,435.5,453.7,435.5,437.0,0.34,2107.0,670.0,343.0
AHL,7/6/2026,450.0,470.0,428.2,435.0,-3.33,5780.0,670.0,343.0
AHL,7/7/2026,433.0,444.9,422.0,425.6,-1.71,8109.0,670.0,343.0
AHL,7/8/2026,437.9,451.0,415.0,415.1,-5.21,7024.0,670.0,343.0
AHL,7/9/2026,415.1,427.0,409.0,421.0,1.42,4736.0,670.0,343.0
AHL,7/10/2026,420.0,421.0,415.0,421.0,0.24,2658.0,670.0,343.0
AHL,7/13/2026,430.0,430.0,405.9,411.0,-4.42,2368.0,670.0,343.0
AHL,7/14/2026,407.2,416.0,405.0,410.1,0.71,2490.0,670.0,343.0
AHL,7/15/2026,413.0,423.0,410.8,415.2,0.53,1950.0,670.0,343.0
AHL,7/16/2026,414.0,418.0,414.0,414.0,0.0,1528.0,670.0,343.0
AHL,7/17/2026,425.0,430.0,412.1,430.0,1.18,4378.0,670.0,343.0
AHL,7/20/2026,428.0,442.0,428.0,439.9,2.78,4046.0,670.0,343.0
AHL,7/21/2026,436.0,444.0,427.1,435.0,-0.23,7840.0,670.0,343.0
AHL,7/22/2026,445.0,445.0,430.8,430.8,-3.19,1222.0,670.0,343.0
AHL,7/23/2026,425.5,433.8,425.5,432.0,1.53,1873.0,670.0,343.0
AHL,7/24/2026,434.0,439.7,428.0,428.0,-1.38,3436.0,670.0,343.0
AHL,7/27/2026,416.3,430.0,416.3,420.0,0.89,3400.0,670.0,343.0
AHL,7/28/2026,415.0,420.0,415.0,420.0,1.2,3748.0,670.0,343.0
AHL,7/29/2026,410.4,430.0,410.4,417.0,1.61,2839.0,670.0,343.0
AHL,7/30/2026,417.0,420.0,416.5,420.0,0.72,1836.0,670.0,343.0
AHL,7/31/2026,411.0,423.0,411.0,420.0,2.19,1619.0,670.0,343.0
AHL,8/3/2026,411.0,425.0,411.0,415.7,1.14,1270.0,670.0,343.0
AHL,8/4/2026,413.0,419.9,410.0,411.0,-0.48,1596.0,670.0,343.0
AHL,8/5/2026,409.0,420.0,409.0,415.0,1.47,2866.0,670.0,343.0
AHL,8/6/2026,410.4,420.0,410.4,413.1,0.66,248.0,670.0,343.0
AHL,8/7/2026,413.0,417.5,413.0,414.0,0.24,2712.0,670.0,343.0
AHL,8/10/2026,415.0,419.0,410.0,410.0,-1.2,1857.0,670.0,343.0
AHL,8/11/2026,410.0,417.0,410.0,417.0,1.71,544.0,670.0,343.0
AHL,8/12/2026,410.0,419.5,408.0,416.5,1.59,1032.0,670.0,343.0
AHL,8/13/2026,415.0,415.1,407.0,413.0,-0.48,1853.0,670.0,343.0
AHL,8/14/2026,412.0,432.0,410.1,420.5,2.06,5152.0,670.0,343.0
AHL,8/17/2026,415.0,419.0,410.5,419.0,0.96,738.0,670.0,343.0
AHL,8/18/2026,415.0,415.0,403.1,408.0,-1.69,2086.0,670.0,343.0
AHL,8/19/2026,387.6,405.1,387.6,400.0,3.2,2678.0,670.0,343.0
AHL,8/20/2026,395.0,405.0,395.0,401.0,1.52,1091.0,670.0,343.0
AHL,8/21/2026,395.0,404.0,395.0,396.0,0.25,1848.0,670.0,343.0
AHL,8/24/2026,395.0,397.9,387.0,397.9,0.73,3338.0,670.0,343.0
AHL,8/25/2026,397.0,398.0,387.4,398.0,0.25,2240.0,670.0,343.0
AHL,8/26/2026,400.0,400.0,382.2,395.5,-1.12,1670.0,670.0,343.0
AHL,8/27/2026,384.0,390.0,379.0,390.0,1.56,2010.0,670.0,343.0
AHL,8/31/2026,380.0,380.1,369.0,369.0,-2.89,1613.0,670.0,343.0
AHL,9/1/2026,358.0,374.0,358.0,373.8,4.41,905.0,670.0,343.0
AHL,9/2/2026,363.0,368.0,363.0,363.8,0.22,210.0,670.0,343.0
AHL,9/3/2026,365.0,366.0,361.2,366.0,0.27,2543.0,670.0,343.0
AHL,9/7/2026,366.0,375.8,360.0,360.0,-1.64,4679.0,670.0,343.0
AHL,9/9/2026,355.0,360.1,355.0,356.3,0.37,3135.0,670.0,343.0
AHL,9/10/2026,350.0,354.0,350.0,350.2,0.06,743.0,670.0,343.0
AHL,9/11/2026,343.0,360.0,343.0,359.0,4.66,1372.0,670.0,343.0
AHL,9/14/2026,358.0,360.0,350.1,358.0,0.0,1812.0,670.0,343.0
AHL,9/15/2026,368.7,379.0,365.1,376.1,2.01,5222.0,670.0,343.0
AHL,9/16/2026,370.0,389.0,370.0,377.8,2.11,3706.0,670.0,343.0
AHL,9/17/2026,380.0,385.0,377.2,378.1,-0.5,1829.0,670.0,343.0
AHL,9/18/2026,378.1,434.0,378.1,395.0,4.47,4500.0,670.0,343.0
AHL,9/22/2026,400.0,401.0,396.1,400.0,0.0,2036.0,670.0,343.0
AHL,9/23/2026,388.0,397.8,379.1,392.0,1.03,3559.0,670.0,343.0
AHL,9/24/2026,380.3,415.1,359.0,402.7,5.89,4849.0,670.0,343.0
AHL,9/28/2026,401.0,402.0,385.0,385.0,-3.99,1380.0,670.0,343.0
AHL,9/29/2026,384.0,385.1,377.0,0.0,-100.0,896.0,670.0,343.0
AHL,9/30/2026,385.1,386.0,375.6,378.1,-1.82,760.0,670.0,343.0
AHL,10/1/2026,380.0,385.0,376.0,376.0,-1.05,845.0,670.0,343.0
AHL,10/2/2026,380.0,382.0,372.0,375.1,-1.29,5541.0,670.0,343.0
AHPC,11/25/2009,408.0,790.0,790.0,790.0,,10.0,323.3,245.8
AHPC,12/3/2009,790.0,770.0,740.0,740.0,-6.33,50.0,323.3,245.8
AHPC,12/6/2009,740.0,726.0,687.0,687.0,-7.16,50.0,323.3,245.8
AHPC,12/7/2009,687.0,674.0,661.0,661.0,-3.78,20.0,323.3,245.8
AHPC,12/8/2009,661.0,701.0,648.0,700.0,5.9,3230.0,323.3,245.8
AHPC,12/9/2009,700.0,708.0,680.0,699.0,-0.14,6050.0,323.3,245.8
AHPC,12/10/2009,699.0,711.0,680.0,700.0,0.14,4680.0,323.3,245.8
AHPC,12/13/2009,700.0,734.0,666.0,712.0,1.71,5140.0,323.3,245.8
AHPC,12/14/2009,712.0,720.0,691.0,712.0,0.0,11930.0,323.3,245.8
AHPC,12/15/2009,712.0,710.0,673.0,691.0,-2.95,12460.0,323.3,245.8
AHPC,12/22/2009,691.0,486.0,485.0,486.0,-29.67,60.0,323.3,245.8
AHPC,12/28/2009,486.0,495.0,485.0,490.0,0.82,170.0,323.3,245.8
AHPC,12/29/2009,490.0,508.0,499.0,508.0,3.67,80.0,323.3,245.8
AHPC,12/31/2009,508.0,558.0,518.0,558.0,9.84,520.0,323.3,245.8
AHPC,1/3/2010,558.0,590.0,569.0,580.0,3.94,360.0,323.3,245.8
AHPC,1/4/2010,580.0,573.0,560.0,560.0,-3.45,750.0,323.3,245.8
AHPC,1/5/2010,560.0,555.0,546.0,546.0,-2.5,390.0,323.3,245.8
AHPC,1/6/2010,546.0,569.0,550.0,565.0,3.48,280.0,323.3,245.8
AHPC,1/7/2010,565.0,565.0,555.0,555.0,-1.77,610.0,323.3,245.8
AHPC,1/10/2010,555.0,555.0,550.0,550.0,-0.9,470.0,323.3,245.8
AHPC,1/11/2010,550.0,548.0,546.0,546.0,-0.73,370.0,323.3,245.8
AHPC,1/12/2010,546.0,545.0,536.0,545.0,-0.18,1210.0,323.3,245.8
AHPC,1/13/2010,545.0,560.0,540.0,556.0,2.02,560.0,323.3,245.8
AHPC,1/14/2010,556.0,550.0,545.0,550.0,-1.08,1210.0,323.3,245.8
AHPC,1/17/2010,550.0,550.0,545.0,550.0,0.0,620.0,323.3,245.8
AHPC,1/18/2010,550.0,550.0,550.0,550.0,0.0,670.0,323.3,245.8
AHPC,1/19/2010,550.0,560.0,540.0,550.0,0.0,500.0,323.3,245.8
AHPC,1/20/2010,550.0,550.0,540.0,541.0,-1.64,1200.0,323.3,245.8
AHPC,1/21/2010,541.0,541.0,541.0,541.0,0.0,130.0,323.3,245.8
AHPC,1/25/2010,541.0,555.0,551.0,553.0,2.22,610.0,323.3,245.8
AHPC,1/26/2010,553.0,560.0,553.0,553.0,0.0,380.0,323.3,245.8
AHPC,1/27/2010,553.0,555.0,545.0,550.0,-0.54,700.0,323.3,245.8
AHPC,1/28/2010,550.0,550.0,550.0,550.0,0.0,190.0,323.3,245.8
AHPC,1/31/2010,550.0,549.0,536.0,540.0,-1.82,1240.0,323.3,245.8
AHPC,2/1/2010,540.0,530.0,526.0,530.0,-1.85,780.0,323.3,245.8
AHPC,2/2/2010,530.0,530.0,495.0,500.0,-5.66,1060.0,323.3,245.8
AHPC,2/3/2010,500.0,490.0,460.0,465.0,-7.0,1420.0,323.3,245.8
AHPC,2/4/2010,465.0,483.0,465.0,483.0,3.87,830.0,323.3,245.8
AHPC,2/8/2010,483.0,476.0,466.0,476.0,-1.45,280.0,323.3,245.8
AHPC,2/9/2010,476.0,467.0,460.0,460.0,-3.36,90.0,323.3,245.8
AHPC,2/10/2010,460.0,479.0,470.0,479.0,4.13,60.0,323.3,245.8
AHPC,2/11/2010,479.0,479.0,470.0,479.0,0.0,60.0,323.3,245.8
AHPC,2/15/2010,479.0,480.0,476.0,476.0,-0.63,100.0,323.3,245.8
AHPC,2/16/2010,476.0,480.0,480.0,480.0,0.84,120.0,323.3,245.8
AHPC,2/17/2010,480.0,483.0,480.0,483.0,0.63,160.0,323.3,245.8
AHPC,2/18/2010,483.0,501.0,492.0,492.0,1.86,210.0,323.3,245.8
AHPC,3/1/2010,492.0,492.0,483.0,492.0,0.0,320.0,323.3,245.8
AHPC,3/2/2010,492.0,496.0,492.0,495.0,0.61,1370.0,323.3,245.8
AHPC,3/3/2010,495.0,514.0,501.0,514.0,3.84,640.0,323.3,245.8
AHPC,3/4/2010,514.0,509.0,500.0,500.0,-2.72,1140.0,323.3,245.8
AHPC,3/7/2010,500.0,500.0,481.0,481.0,-3.8,250.0,323.3,245.8
AHPC,3/9/2010,481.0,485.0,478.0,478.0,-0.62,310.0,323.3,245.8
AHPC,3/11/2010,478.0,469.0,469.0,469.0,-1.88,60.0,323.3,245.8
AHPC,3/14/2010,469.0,465.0,440.0,440.0,-6.18,150.0,323.3,245.8
AHPC,3/16/2010,440.0,448.0,440.0,448.0,1.82,210.0,323.3,245.8
AHPC,3/17/2010,448.0,448.0,448.0,448.0,0.0,100.0,323.3,245.8
AHPC,3/23/2010,448.0,455.0,455.0,455.0,1.56,20.0,323.3,245.8
AHPC,3/28/2010,455.0,457.0,440.0,457.0,0.44,480.0,323.3,245.8
AHPC,3/29/2010,457.0,467.0,463.0,467.0,2.19,370.0,323.3,245.8
AHPC,3/30/2010,467.0,471.0,461.0,462.0,-1.07,630.0,323.3,245.8
AHPC,3/31/2010,462.0,453.0,444.0,445.0,-3.68,310.0,323.3,245.8
AHPC,4/1/2010,445.0,460.0,445.0,455.0,2.25,390.0,323.3,245.8
AHPC,4/4/2010,455.0,464.0,464.0,464.0,1.98,40.0,323.3,245.8
AHPC,4/5/2010,464.0,470.0,460.0,465.0,0.22,450.0,323.3,245.8
AHPC,4/6/2010,465.0,461.0,452.0,460.0,-1.08,300.0,323.3,245.8
AHPC,4/7/2010,460.0,455.0,455.0,455.0,-1.09,80.0,323.3,245.8
AHPC,4/8/2010,455.0,460.0,454.0,460.0,1.1,570.0,323.3,245.8
AHPC,4/11/2010,460.0,451.0,440.0,440.0,-4.35,280.0,323.3,245.8
AHPC,4/12/2010,440.0,445.0,435.0,445.0,1.14,430.0,323.3,245.8
AHPC,4/13/2010,445.0,440.0,438.0,438.0,-1.57,450.0,323.3,245.8
AHPC,4/15/2010,438.0,430.0,430.0,430.0,-1.83,30.0,323.3,245.8
AHPC,4/18/2010,430.0,430.0,425.0,425.0,-1.16,320.0,323.3,245.8
AHPC,4/19/2010,425.0,425.0,417.0,417.0,-1.88,310.0,323.3,245.8
AHPC,4/20/2010,417.0,410.0,391.0,396.0,-5.04,390.0,323.3,245.8
AHPC,4/21/2010,396.0,403.0,374.0,380.0,-4.04,620.0,323.3,245.8
AHPC,4/22/2010,380.0,390.0,375.0,390.0,2.63,240.0,323.3,245.8
AHPC,4/25/2010,390.0,390.0,380.0,385.0,-1.28,570.0,323.3,245.8
AHPC,4/26/2010,385.0,386.0,385.0,386.0,0.26,80.0,323.3,245.8
AHPC,4/28/2010,386.0,394.0,387.0,394.0,2.07,90.0,323.3,245.8
AHPC,4/29/2010,394.0,413.0,400.0,413.0,4.82,280.0,323.3,245.8
AHPC,5/9/2010,413.0,421.0,421.0,421.0,1.94,40.0,323.3,245.8
AHPC,5/10/2010,421.0,428.0,425.0,428.0,1.66,360.0,323.3,245.8
AHPC,5/11/2010,428.0,465.0,430.0,465.0,8.64,580.0,323.3,245.8
AHPC,5/12/2010,465.0,506.0,470.0,485.0,4.3,2130.0,323.3,245.8
AHPC,5/13/2010,485.0,503.0,490.0,494.0,1.86,1280.0,323.3,245.8
AHPC,5/16/2010,494.0,500.0,454.0,472.0,-4.45,690.0,323.3,245.8
AHPC,5/17/2010,472.0,465.0,460.0,465.0,-1.48,630.0,323.3,245.8
AHPC,5/18/2010,465.0,488.0,465.0,479.0,3.01,510.0,323.3,245.8
AHPC,5/19/2010,479.0,475.0,469.0,475.0,-0.84,380.0,323.3,245.8
AHPC,5/20/2010,475.0,492.0,480.0,490.0,3.16,590.0,323.3,245.8
AHPC,5/23/2010,490.0,499.0,490.0,492.0,0.41,1160.0,323.3,245.8
AHPC,5/24/2010,492.0,501.0,486.0,486.0,-1.22,340.0,323.3,245.8
AHPC,5/25/2010,486.0,530.0,495.0,510.0,4.94,1840.0,323.3,245.8
AHPC,5/26/2010,510.0,530.0,495.0,495.0,-2.94,1596.0,323.3,245.8
AHPC,5/30/2010,495.0,514.0,504.0,510.0,3.03,320.0,323.3,245.8
AHPC,5/31/2010,510.0,520.0,500.0,510.0,0.0,888.0,323.3,245.8
AHPC,6/1/2010,510.0,500.0,477.0,482.0,-5.49,1290.0,323.3,245.8
AHPC,6/2/2010,482.0,485.0,476.0,481.0,-0.21,630.0,323.3,245.8
AHPC,6/6/2010,481.0,485.0,475.0,485.0,0.83,420.0,323.3,245.8
AHPC,6/7/2010,485.0,485.0,480.0,480.0,-1.03,240.0,323.3,245.8
AHPC,6/8/2010,480.0,485.0,485.0,485.0,1.04,90.0,323.3,245.8
AHPC,6/9/2010,485.0,490.0,483.0,485.0,0.0,1294.0,323.3,245.8
AHPC,6/10/2010,485.0,485.0,480.0,480.0,-1.03,2298.0,323.3,245.8
AHPC,6/13/2010,480.0,480.0,468.0,470.0,-2.08,1902.0,323.3,245.8
AHPC,6/14/2010,470.0,475.0,460.0,468.0,-0.43,1212.0,323.3,245.8
AHPC,6/15/2010,468.0,475.0,467.0,470.0,0.43,1224.0,323.3,245.8
AHPC,6/17/2010,470.0,476.0,453.0,466.0,-0.85,650.0,323.3,245.8
AHPC,6/20/2010,466.0,471.0,462.0,471.0,1.07,1674.0,323.3,245.8
AHPC,6/21/2010,471.0,470.0,462.0,470.0,-0.21,610.0,323.3,245.8
AHPC,6/22/2010,470.0,470.0,442.0,464.0,-1.28,1410.0,323.3,245.8
AHPC,6/23/2010,464.0,470.0,462.0,470.0,1.29,922.0,323.3,245.8
AHPC,6/26/2010,470.0,470.0,463.0,470.0,0.0,938.0,323.3,245.8
AHPC,6/29/2010,470.0,464.0,456.0,464.0,-1.28,776.0,323.3,245.8
AHPC,6/30/2010,464.0,465.0,452.0,452.0,-2.59,546.0,323.3,245.8
AHPC,7/1/2010,452.0,465.0,452.0,452.0,0.0,834.0,323.3,245.8
AHPC,7/4/2010,452.0,466.0,455.0,460.0,1.77,1942.0,323.3,245.8
AHPC,7/5/2010,460.0,462.0,450.0,462.0,0.43,492.0,323.3,245.8
AHPC,7/6/2010,462.0,470.0,455.0,457.0,-1.08,382.0,323.3,245.8
AHPC,7/7/2010,457.0,465.0,457.0,459.0,0.44,1086.0,323.3,245.8
AHPC,7/8/2010,459.0,459.0,455.0,457.0,-0.44,1283.0,323.3,245.8
AHPC,7/11/2010,457.0,464.0,450.0,464.0,1.53,960.0,323.3,245.8
AHPC,7/12/2010,464.0,460.0,450.0,451.0,-2.8,1512.0,323.3,245.8
AHPC,7/13/2010,451.0,450.0,440.0,450.0,-0.22,490.0,323.3,245.8
AHPC,7/14/2010,450.0,449.0,430.0,449.0,-0.22,1708.0,323.3,245.8
AHPC,7/15/2010,449.0,460.0,456.0,460.0,2.45,880.0,323.3,245.8
AHPC,7/16/2010,460.0,470.0,460.0,465.0,1.09,612.0,323.3,245.8
AHPC,7/18/2010,465.0,462.0,455.0,462.0,-0.65,1500.0,323.3,245.8
AHPC,7/19/2010,462.0,462.0,455.0,460.0,-0.43,378.0,323.3,245.8
AHPC,7/20/2010,460.0,460.0,455.0,455.0,-1.09,812.0,323.3,245.8
AHPC,7/22/2010,455.0,480.0,469.0,470.0,3.3,524.0,323.3,245.8
AHPC,7/25/2010,470.0,466.0,460.0,465.0,-1.06,474.0,323.3,245.8
AHPC,7/26/2010,465.0,462.0,462.0,462.0,-0.65,84.0,323.3,245.8
AHPC,7/27/2010,462.0,479.0,458.0,479.0,3.68,672.0,323.3,245.8
AHPC,7/28/2010,465.0,465.0,460.0,465.0,-2.92,370.0,323.3,245.8
AHPC,7/29/2010,465.0,465.0,454.0,455.0,-2.15,490.0,323.3,245.8
AHPC,9/2/2010,455.0,415.0,409.0,415.0,-8.79,192.0,323.3,245.8
AHPC,9/7/2010,415.0,408.0,405.0,408.0,-1.69,980.0,323.3,245.8
AHPC,9/8/2010,408.0,415.0,408.0,409.0,0.25,1318.0,323.3,245.8
AHPC,9/9/2010,409.0,409.0,393.0,400.0,-2.2,1368.0,323.3,245.8
AHPC,9/12/2010,400.0,406.0,397.0,400.0,0.0,1722.0,323.3,245.8
AHPC,9/13/2010,400.0,405.0,395.0,401.0,0.25,1470.0,323.3,245.8
AHPC,9/14/2010,401.0,409.0,400.0,403.0,0.5,2336.0,323.3,245.8
AHPC,9/15/2010,403.0,406.0,400.0,406.0,0.74,732.0,323.3,245.8
AHPC,9/16/2010,406.0,410.0,400.0,400.0,-1.48,806.0,323.3,245.8
AHPC,9/19/2010,400.0,413.0,400.0,411.0,2.75,2990.0,323.3,245.8
AHPC,9/20/2010,411.0,440.0,415.0,440.0,7.06,1014.0,323.3,245.8
AHPC,9/21/2010,440.0,445.0,433.0,440.0,0.0,1558.0,323.3,245.8
AHPC,9/23/2010,440.0,435.0,420.0,425.0,-3.41,1960.0,323.3,245.8
AHPC,9/26/2010,425.0,430.0,422.0,423.0,-0.47,1800.0,323.3,245.8
AHPC,9/27/2010,423.0,443.0,417.0,443.0,4.73,926.0,323.3,245.8
AHPC,9/28/2010,443.0,443.0,433.0,442.0,-0.23,3644.0,323.3,245.8
AHPC,9/29/2010,442.0,448.0,440.0,441.0,-0.23,2076.0,323.3,245.8
AHPC,9/30/2010,441.0,442.0,433.0,442.0,0.23,1228.0,323.3,245.8
AHPC,10/3/2010,442.0,445.0,434.0,442.0,0.0,2608.0,323.3,245.8
AHPC,10/4/2010,442.0,445.0,438.0,440.0,-0.45,630.0,323.3,245.8
AHPC,10/7/2010,440.0,484.0,440.0,480.0,9.09,1996.0,323.3,245.8
AHPC,10/10/2010,480.0,480.0,470.0,476.0,-0.83,1960.0,323.3,245.8
AHPC,10/11/2010,476.0,475.0,465.0,467.0,-1.89,1818.0,323.3,245.8
AHPC,10/12/2010,467.0,474.0,465.0,465.0,-0.43,2024.0,323.3,245.8
AHPC,10/13/2010,465.0,462.0,457.0,460.0,-1.08,252.0,323.3,245.8
AHPC,10/21/2010,460.0,466.0,460.0,465.0,1.09,1936.0,323.3,245.8
AHPC,10/24/2010,465.0,474.0,465.0,470.0,1.08,1714.0,323.3,245.8
AHPC,10/25/2010,470.0,487.0,466.0,476.0,1.28,668.0,323.3,245.8
AHPC,10/26/2010,476.0,482.0,473.0,475.0,-0.21,1282.0,323.3,245.8
AHPC,10/27/2010,475.0,481.0,470.0,470.0,-1.05,1388.0,323.3,245.8
AHPC,10/28/2010,470.0,478.0,470.0,475.0,1.06,1342.0,323.3,245.8
AHPC,10/31/2010,475.0,477.0,464.0,475.0,0.0,1700.0,323.3,245.8
AHPC,11/1/2010,475.0,477.0,475.0,475.0,0.0,532.0,323.3,245.8
AHPC,11/2/2010,475.0,475.0,470.0,475.0,0.0,266.0,323.3,245.8
AHPC,11/3/2010,475.0,483.0,475.0,475.0,0.0,2432.0,323.3,245.8
AHPC,11/4/2010,475.0,485.0,475.0,482.0,1.47,524.0,323.3,245.8
AHPC,11/9/2010,482.0,480.0,460.0,480.0,-0.41,1400.0,323.3,245.8
AHPC,11/10/2010,480.0,485.0,480.0,485.0,1.04,748.0,323.3,245.8
AHPC,11/11/2010,485.0,490.0,477.0,486.0,0.21,656.0,323.3,245.8
AHPC,11/14/2010,486.0,534.0,486.0,521.0,7.2,3838.0,323.3,245.8
AHPC,11/15/2010,521.0,535.0,513.0,523.0,0.38,5464.0,323.3,245.8
AHPC,11/16/2010,523.0,523.0,480.0,520.0,-0.57,6318.0,323.3,245.8
AHPC,11/18/2010,520.0,525.0,509.0,524.0,0.77,14164.0,323.3,245.8
AHPC,11/22/2010,524.0,485.0,452.0,452.0,-13.74,232.0,323.3,245.8
AHPC,11/24/2010,452.0,456.0,447.0,447.0,-1.11,860.0,323.3,245.8
AHPC,11/25/2010,447.0,447.0,447.0,447.0,0.0,20.0,323.3,245.8
AHPC,11/29/2010,447.0,452.0,446.0,446.0,-0.22,246.0,323.3,245.8
AHPC,11/30/2010,446.0,445.0,440.0,440.0,-1.35,400.0,323.3,245.8
AHPC,12/2/2010,440.0,442.0,440.0,440.0,0.0,728.0,323.3,245.8
AHPC,12/5/2010,440.0,440.0,432.0,432.0,-1.82,248.0,323.3,245.8
AHPC,12/6/2010,432.0,425.0,423.0,423.0,-2.08,66.0,323.3,245.8
AHPC,12/7/2010,423.0,425.0,402.0,402.0,-4.96,850.0,323.3,245.8
AHPC,12/8/2010,402.0,405.0,402.0,402.0,0.0,338.0,323.3,245.8
AHPC,12/9/2010,402.0,410.0,403.0,410.0,1.99,184.0,323.3,245.8
AHPC,12/12/2010,410.0,425.0,413.0,420.0,2.44,518.0,323.3,245.8
AHPC,12/13/2010,420.0,422.0,418.0,418.0,-0.48,140.0,323.3,245.8
AHPC,12/14/2010,418.0,424.0,418.0,424.0,1.44,944.0,323.3,245.8
AHPC,12/15/2010,424.0,432.0,425.0,425.0,0.24,142.0,323.3,245.8
AHPC,12/16/2010,425.0,428.0,425.0,428.0,0.71,196.0,323.3,245.8
AHPC,12/20/2010,428.0,426.0,425.0,426.0,-0.47,272.0,323.3,245.8
AHPC,12/22/2010,426.0,436.0,430.0,430.0,0.94,150.0,323.3,245.8
AHPC,12/23/2010,430.0,446.0,438.0,439.0,2.09,644.0,323.3,245.8
AHPC,12/26/2010,439.0,445.0,430.0,432.0,-1.59,2300.0,323.3,245.8
AHPC,12/27/2010,432.0,445.0,435.0,438.0,1.39,1762.0,323.3,245.8
AHPC,12/28/2010,438.0,442.0,438.0,442.0,0.91,294.0,323.3,245.8
AHPC,12/29/2010,442.0,447.0,431.0,447.0,1.13,524.0,323.3,245.8
AHPC,1/2/2011,447.0,449.0,439.0,439.0,-1.79,466.0,323.3,245.8
AHPC,1/3/2011,439.0,454.0,450.0,454.0,3.42,990.0,323.3,245.8
AHPC,1/4/2011,440.0,448.0,439.0,447.0,-1.54,654.0,323.3,245.8
AHPC,1/5/2011,447.0,446.0,445.0,445.0,-0.45,72.0,323.3,245.8
AHPC,1/6/2011,445.0,447.0,440.0,445.0,0.0,352.0,323.3,245.8
AHPC,1/9/2011,445.0,450.0,446.0,446.0,0.22,416.0,323.3,245.8
AHPC,1/10/2011,446.0,446.0,445.0,445.0,-0.22,358.0,323.3,245.8
AHPC,1/11/2011,445.0,453.0,441.0,450.0,1.12,618.0,323.3,245.8
AHPC,1/13/2011,450.0,450.0,445.0,447.0,-0.67,158.0,323.3,245.8
AHPC,1/16/2011,447.0,446.0,444.0,446.0,-0.22,668.0,323.3,245.8
AHPC,1/17/2011,446.0,450.0,443.0,450.0,0.9,142.0,323.3,245.8
AHPC,1/18/2011,450.0,451.0,445.0,451.0,0.22,788.0,323.3,245.8
AHPC,1/19/2011,451.0,451.0,450.0,450.0,-0.22,1031.0,323.3,245.8
AHPC,1/20/2011,450.0,452.0,450.0,450.0,0.0,630.0,323.3,245.8
AHPC,1/24/2011,450.0,455.0,450.0,455.0,1.11,92.0,323.3,245.8
AHPC,1/31/2011,455.0,448.0,448.0,448.0,-1.54,56.0,323.3,245.8
AHPC,2/1/2011,448.0,456.0,449.0,456.0,1.79,850.0,323.3,245.8
AHPC,2/2/2011,456.0,459.0,452.0,455.0,-0.22,456.0,323.3,245.8
AHPC,2/3/2011,455.0,458.0,446.0,446.0,-1.98,366.0,323.3,245.8
AHPC,2/6/2011,446.0,463.0,454.0,455.0,2.02,800.0,323.3,245.8
AHPC,2/7/2011,455.0,461.0,456.0,460.0,1.1,1072.0,323.3,245.8
AHPC,2/8/2011,460.0,460.0,450.0,450.0,-2.17,278.0,323.3,245.8
AHPC,2/9/2011,450.0,460.0,454.0,454.0,0.89,359.0,323.3,245.8
AHPC,2/10/2011,454.0,462.0,454.0,459.0,1.1,712.0,323.3,245.8
AHPC,2/13/2011,459.0,460.0,458.0,460.0,0.22,672.0,323.3,245.8
AHPC,2/14/2011,460.0,462.0,456.0,462.0,0.43,220.0,323.3,245.8
AHPC,2/15/2011,462.0,465.0,460.0,460.0,-0.43,472.0,323.3,245.8
AHPC,2/16/2011,460.0,474.0,462.0,474.0,3.04,530.0,323.3,245.8
AHPC,2/17/2011,474.0,482.0,474.0,482.0,1.69,706.0,323.3,245.8
AHPC,2/20/2011,482.0,480.0,474.0,474.0,-1.66,140.0,323.3,245.8
AHPC,2/21/2011,474.0,483.0,483.0,483.0,1.9,10.0,323.3,245.8
AHPC,2/22/2011,483.0,474.0,474.0,474.0,-1.86,68.0,323.3,245.8
AHPC,2/23/2011,474.0,470.0,460.0,460.0,-2.95,338.0,323.3,245.8
AHPC,2/24/2011,460.0,460.0,460.0,460.0,0.0,20.0,323.3,245.8
AHPC,2/27/2011,460.0,460.0,460.0,460.0,0.0,82.0,323.3,245.8
AHPC,2/28/2011,460.0,460.0,452.0,452.0,-1.74,546.0,323.3,245.8
AHPC,3/3/2011,452.0,469.0,452.0,460.0,1.77,198.0,323.3,245.8
AHPC,3/7/2011,460.0,460.0,452.0,458.0,-0.43,1390.0,323.3,245.8
AHPC,3/9/2011,458.0,458.0,452.0,455.0,-0.66,304.0,323.3,245.8
AHPC,3/10/2011,455.0,455.0,450.0,454.0,-0.22,165.0,323.3,245.8
AHPC,3/13/2011,454.0,450.0,443.0,445.0,-1.98,275.0,323.3,245.8
AHPC,3/14/2011,445.0,440.0,430.0,430.0,-3.37,1613.0,323.3,245.8
AHPC,3/15/2011,430.0,433.0,417.0,417.0,-3.02,783.0,323.3,245.8
AHPC,3/16/2011,417.0,412.0,400.0,412.0,-1.2,606.0,323.3,245.8
AHPC,3/17/2011,412.0,425.0,410.0,423.0,2.67,3472.0,323.3,245.8
AHPC,3/20/2011,423.0,431.0,420.0,426.0,0.71,584.0,323.3,245.8
AHPC,3/24/2011,429.0,430.0,424.0,425.0,-0.23,537.0,323.3,245.8
AHPC,3/25/2011,425.0,429.0,421.0,425.0,0.0,523.0,323.3,245.8
AHPC,3/27/2011,425.0,425.0,423.0,425.0,0.0,212.0,323.3,245.8
AHPC,3/28/2011,425.0,430.0,411.0,412.0,-3.06,774.0,323.3,245.8
AHPC,3/29/2011,412.0,420.0,412.0,420.0,1.94,413.0,323.3,245.8
AHPC,3/30/2011,420.0,420.0,413.0,414.0,-1.43,962.0,323.3,245.8
AHPC,3/31/2011,414.0,428.0,420.0,428.0,3.38,255.0,323.3,245.8
AHPC,4/4/2011,428.0,428.0,421.0,425.0,-0.7,905.0,323.3,245.8
AHPC,4/5/2011,425.0,421.0,416.0,418.0,-1.65,1084.0,323.3,245.8
AHPC,4/6/2011,418.0,418.0,408.0,417.0,-0.24,749.0,323.3,245.8
AHPC,4/7/2011,417.0,422.0,417.0,418.0,0.24,392.0,323.3,245.8
AHPC,4/10/2011,418.0,428.0,415.0,417.0,-0.24,1185.0,323.3,245.8
AHPC,4/11/2011,417.0,417.0,414.0,417.0,0.0,241.0,323.3,245.8
AHPC,4/17/2011,417.0,425.0,417.0,417.0,0.0,147.0,323.3,245.8
AHPC,4/18/2011,417.0,423.0,412.0,415.0,-0.48,313.0,323.3,245.8
AHPC,4/19/2011,415.0,416.0,407.0,415.0,0.0,565.0,323.3,245.8
AHPC,4/20/2011,415.0,419.0,410.0,415.0,0.0,666.0,323.3,245.8
AHPC,4/21/2011,415.0,416.0,411.0,416.0,0.24,285.0,323.3,245.8
AHPC,4/25/2011,416.0,428.0,412.0,420.0,0.96,497.0,323.3,245.8
AHPC,4/26/2011,420.0,425.0,425.0,425.0,1.19,16.0,323.3,245.8
AHPC,4/27/2011,425.0,423.0,420.0,422.0,-0.71,360.0,323.3,245.8
AHPC,4/28/2011,422.0,419.0,409.0,413.0,-2.13,700.0,323.3,245.8
AHPC,5/2/2011,413.0,413.0,405.0,412.0,-0.24,288.0,323.3,245.8
AHPC,5/3/2011,412.0,408.0,393.0,393.0,-4.61,596.0,323.3,245.8
AHPC,5/4/2011,393.0,404.0,393.0,400.0,1.78,576.0,323.3,245.8
AHPC,5/5/2011,400.0,397.0,390.0,397.0,-0.75,312.0,323.3,245.8
AHPC,5/8/2011,397.0,400.0,399.0,400.0,0.76,113.0,323.3,245.8
AHPC,5/9/2011,400.0,393.0,393.0,393.0,-1.75,17.0,323.3,245.8
AHPC,5/10/2011,393.0,408.0,400.0,403.0,2.54,484.0,323.3,245.8
AHPC,5/11/2011,403.0,407.0,400.0,406.0,0.74,394.0,323.3,245.8
AHPC,5/12/2011,406.0,422.0,414.0,417.0,2.71,373.0,323.3,245.8
AHPC,5/15/2011,417.0,422.0,413.0,420.0,0.72,569.0,323.3,245.8
AHPC,5/16/2011,420.0,433.0,415.0,433.0,3.1,339.0,323.3,245.8
AHPC,5/18/2011,433.0,428.0,418.0,418.0,-3.46,1159.0,323.3,245.8
AHPC,5/19/2011,418.0,425.0,415.0,415.0,-0.72,445.0,323.3,245.8
AHPC,5/22/2011,415.0,407.0,391.0,405.0,-2.41,479.0,323.3,245.8
AHPC,5/23/2011,405.0,405.0,398.0,401.0,-0.99,208.0,323.3,245.8
AHPC,5/24/2011,401.0,395.0,393.0,395.0,-1.5,93.0,323.3,245.8
AHPC,5/25/2011,395.0,405.0,395.0,405.0,2.53,121.0,323.3,245.8
AHPC,5/26/2011,405.0,410.0,400.0,400.0,-1.23,215.0,323.3,245.8
AHPC,5/30/2011,400.0,410.0,400.0,410.0,2.5,286.0,323.3,245.8
AHPC,5/31/2011,410.0,410.0,396.0,396.0,-3.41,384.0,323.3,245.8
AHPC,6/1/2011,396.0,408.0,400.0,408.0,3.03,580.0,323.3,245.8
AHPC,6/2/2011,408.0,411.0,406.0,411.0,0.74,373.0,323.3,245.8
AHPC,6/5/2011,411.0,403.0,390.0,390.0,-5.11,454.0,323.3,245.8
AHPC,6/6/2011,390.0,395.0,390.0,395.0,1.28,110.0,323.3,245.8
AHPC,6/7/2011,395.0,393.0,386.0,386.0,-2.28,280.0,323.3,245.8
AHPC,6/8/2011,386.0,389.0,376.0,384.0,-0.52,619.0,323.3,245.8
AHPC,6/9/2011,384.0,383.0,375.0,383.0,-0.26,385.0,323.3,245.8
AHPC,6/12/2011,383.0,390.0,390.0,390.0,1.83,124.0,323.3,245.8
AHPC,6/13/2011,390.0,385.0,363.0,364.0,-6.67,1518.0,323.3,245.8
AHPC,6/14/2011,364.0,364.0,328.0,328.0,-9.89,554.0,323.3,245.8
AHPC,6/15/2011,328.0,325.0,311.0,311.0,-5.18,667.0,323.3,245.8
AHPC,6/16/2011,311.0,322.0,308.0,319.0,2.57,760.0,323.3,245.8
AHPC,6/19/2011,319.0,325.0,325.0,325.0,1.88,16.0,323.3,245.8
AHPC,6/20/2011,319.0,325.0,325.0,325.0,0.0,16.0,323.3,245.8
AHPC,6/21/2011,357.0,392.0,364.0,392.0,20.62,132.0,323.3,245.8
AHPC,6/23/2011,392.0,431.0,399.0,430.0,9.69,527.0,323.3,245.8
AHPC,6/26/2011,430.0,441.0,414.0,414.0,-3.72,530.0,323.3,245.8
AHPC,6/27/2011,414.0,406.0,406.0,406.0,-1.93,30.0,323.3,245.8
AHPC,6/29/2011,406.0,398.0,366.0,391.0,-3.69,1171.0,323.3,245.8
AHPC,6/30/2011,391.0,392.0,379.0,390.0,-0.26,807.0,323.3,245.8
AHPC,7/3/2011,390.0,420.0,384.0,402.0,3.08,536.0,323.3,245.8
AHPC,7/4/2011,402.0,398.0,390.0,391.0,-2.74,304.0,323.3,245.8
AHPC,7/5/2011,391.0,421.0,392.0,421.0,7.67,1061.0,323.3,245.8
AHPC,7/6/2011,421.0,431.0,425.0,430.0,2.14,166.0,323.3,245.8
AHPC,7/10/2011,430.0,432.0,422.0,424.0,-1.4,583.0,323.3,245.8
AHPC,7/11/2011,424.0,425.0,417.0,422.0,-0.47,263.0,323.3,245.8
AHPC,7/12/2011,422.0,415.0,411.0,415.0,-1.66,574.0,323.3,245.8
AHPC,7/13/2011,415.0,431.0,420.0,423.0,1.93,343.0,323.3,245.8
AHPC,7/14/2011,423.0,442.0,424.0,438.0,3.55,651.0,323.3,245.8
AHPC,7/17/2011,438.0,454.0,446.0,454.0,3.65,47.0,323.3,245.8
AHPC,7/18/2011,454.0,453.0,428.0,428.0,-5.73,237.0,323.3,245.8
AHPC,7/19/2011,428.0,428.0,425.0,428.0,0.0,88.0,323.3,245.8
AHPC,7/20/2011,428.0,428.0,420.0,420.0,-1.87,413.0,323.3,245.8
AHPC,7/21/2011,420.0,425.0,420.0,425.0,1.19,210.0,323.3,245.8
AHPC,7/24/2011,425.0,433.0,408.0,408.0,-4.0,259.0,323.3,245.8
AHPC,7/25/2011,408.0,408.0,395.0,396.0,-2.94,609.0,323.3,245.8
AHPC,7/26/2011,396.0,403.0,400.0,403.0,1.77,142.0,323.3,245.8
AHPC,7/27/2011,403.0,411.0,402.0,411.0,1.99,1348.0,323.3,245.8
AHPC,7/28/2011,411.0,425.0,417.0,419.0,1.95,934.0,323.3,245.8
AHPC,7/31/2011,419.0,411.0,409.0,410.0,-2.15,436.0,323.3,245.8
AHPC,8/1/2011,410.0,411.0,400.0,411.0,0.24,394.0,323.3,245.8
AHPC,8/2/2011,411.0,410.0,405.0,410.0,-0.24,483.0,323.3,245.8
AHPC,8/3/2011,410.0,415.0,410.0,414.0,0.98,390.0,323.3,245.8
AHPC,8/4/2011,414.0,414.0,406.0,410.0,-0.97,960.0,323.3,245.8
AHPC,8/7/2011,410.0,409.0,400.0,400.0,-2.44,232.0,323.3,245.8
AHPC,8/8/2011,400.0,405.0,400.0,401.0,0.25,422.0,323.3,245.8
AHPC,8/9/2011,401.0,400.0,400.0,400.0,-0.25,64.0,323.3,245.8
AHPC,8/10/2011,400.0,413.0,400.0,413.0,3.25,199.0,323.3,245.8
AHPC,8/11/2011,413.0,417.0,410.0,417.0,0.97,126.0,323.3,245.8
AHPC,8/15/2011,417.0,420.0,412.0,412.0,-1.2,1060.0,323.3,245.8
AHPC,8/16/2011,412.0,410.0,410.0,410.0,-0.49,156.0,323.3,245.8
AHPC,8/17/2011,410.0,406.0,397.0,402.0,-1.95,1007.0,323.3,245.8
AHPC,8/18/2011,402.0,406.0,400.0,404.0,0.5,1000.0,323.3,245.8
AHPC,8/22/2011,404.0,400.0,396.0,399.0,-1.24,529.0,323.3,245.8
AHPC,8/23/2011,399.0,400.0,395.0,400.0,0.25,491.0,323.3,245.8
AHPC,8/24/2011,400.0,395.0,391.0,395.0,-1.25,446.0,323.3,245.8
AHPC,8/25/2011,395.0,391.0,390.0,390.0,-1.27,87.0,323.3,245.8
AHPC,8/28/2011,390.0,383.0,371.0,380.0,-2.56,569.0,323.3,245.8
AHPC,8/29/2011,380.0,394.0,380.0,394.0,3.68,287.0,323.3,245.8
AHPC,8/30/2011,394.0,399.0,385.0,387.0,-1.78,200.0,323.3,245.8
AHPC,9/1/2011,387.0,397.0,386.0,395.0,2.07,96.0,323.3,245.8
AHPC,9/4/2011,395.0,396.0,386.0,386.0,-2.28,1337.0,323.3,245.8
AHPC,9/5/2011,386.0,390.0,375.0,388.0,0.52,668.0,323.3,245.8
AHPC,9/6/2011,388.0,390.0,350.0,350.0,-9.79,1117.0,323.3,245.8
AHPC,9/7/2011,350.0,343.0,315.0,315.0,-10.0,1022.0,323.3,245.8
AHPC,9/8/2011,315.0,321.0,313.0,318.0,0.95,1530.0,323.3,245.8
AHPC,9/12/2011,318.0,325.0,320.0,325.0,2.2,724.0,323.3,245.8
AHPC,9/13/2011,325.0,330.0,324.0,330.0,1.54,690.0,323.3,245.8
AHPC,9/14/2011,330.0,339.0,330.0,339.0,2.73,190.0,323.3,245.8
AHPC,9/15/2011,339.0,350.0,342.0,350.0,3.24,453.0,323.3,245.8
AHPC,9/18/2011,350.0,343.0,343.0,343.0,-2.0,16.0,323.3,245.8
AHPC,9/19/2011,343.0,341.0,330.0,335.0,-2.33,189.0,323.3,245.8
AHPC,9/20/2011,335.0,341.0,329.0,341.0,1.79,220.0,323.3,245.8
AHPC,9/21/2011,341.0,347.0,341.0,341.0,0.0,64.0,323.3,245.8
AHPC,9/22/2011,341.0,354.0,342.0,343.0,0.59,370.0,323.3,245.8
AHPC,9/25/2011,343.0,345.0,345.0,345.0,0.58,16.0,323.3,245.8
AHPC,9/26/2011,345.0,350.0,342.0,342.0,-0.87,238.0,323.3,245.8
AHPC,9/27/2011,342.0,347.0,341.0,344.0,0.58,171.0,323.3,245.8
AHPC,9/29/2011,344.0,338.0,325.0,326.0,-5.23,284.0,323.3,245.8
AHPC,10/2/2011,326.0,330.0,326.0,330.0,1.23,64.0,323.3,245.8
AHPC,10/10/2011,330.0,330.0,330.0,330.0,0.0,279.0,323.3,245.8
AHPC,10/12/2011,330.0,340.0,336.0,340.0,3.03,109.0,323.3,245.8
AHPC,10/13/2011,340.0,348.0,340.0,345.0,1.47,317.0,323.3,245.8
AHPC,10/16/2011,345.0,345.0,342.0,343.0,-0.58,450.0,323.3,245.8
AHPC,10/17/2011,343.0,343.0,338.0,338.0,-1.46,470.0,323.3,245.8
AHPC,10/18/2011,338.0,340.0,338.0,340.0,0.59,233.0,323.3,245.8
AHPC,10/19/2011,340.0,343.0,337.0,343.0,0.88,1076.0,323.3,245.8
AHPC,10/20/2011,343.0,343.0,337.0,340.0,-0.87,293.0,323.3,245.8
AHPC,10/23/2011,340.0,339.0,335.0,339.0,-0.29,456.0,323.3,245.8
AHPC,10/24/2011,339.0,340.0,335.0,337.0,-0.59,956.0,323.3,245.8
AHPC,10/25/2011,337.0,343.0,337.0,340.0,0.89,306.0,323.3,245.8
AHPC,10/30/2011,340.0,346.0,337.0,346.0,1.76,721.0,323.3,245.8
AHPC,10/31/2011,346.0,341.0,340.0,340.0,-1.73,142.0,323.3,245.8
AHPC,11/3/2011,340.0,353.0,346.0,353.0,3.82,367.0,323.3,245.8
AHPC,11/6/2011,353.0,363.0,354.0,360.0,1.98,372.0,323.3,245.8
AHPC,11/8/2011,360.0,367.0,360.0,363.0,0.83,726.0,323.3,245.8
AHPC,11/9/2011,363.0,360.0,350.0,350.0,-3.58,187.0,323.3,245.8
AHPC,11/10/2011,350.0,357.0,352.0,353.0,0.86,148.0,323.3,245.8
AHPC,11/13/2011,353.0,355.0,351.0,354.0,0.28,357.0,323.3,245.8
AHPC,11/14/2011,354.0,355.0,355.0,355.0,0.28,314.0,323.3,245.8
AHPC,11/15/2011,355.0,350.0,350.0,350.0,-1.41,604.0,323.3,245.8
AHPC,11/16/2011,350.0,360.0,350.0,360.0,2.86,416.0,323.3,245.8
AHPC,11/17/2011,360.0,360.0,350.0,356.0,-1.11,954.0,323.3,245.8
AHPC,11/20/2011,356.0,360.0,350.0,350.0,-1.69,532.0,323.3,245.8
AHPC,11/21/2011,350.0,346.0,338.0,346.0,-1.14,195.0,323.3,245.8
AHPC,11/22/2011,346.0,352.0,337.0,343.0,-0.87,141.0,323.3,245.8
AHPC,11/23/2011,343.0,342.0,338.0,342.0,-0.29,937.0,323.3,245.8
AHPC,11/24/2011,342.0,342.0,334.0,334.0,-2.34,466.0,323.3,245.8
AHPC,11/27/2011,334.0,330.0,328.0,330.0,-1.2,183.0,323.3,245.8
AHPC,11/28/2011,330.0,339.0,327.0,339.0,2.73,334.0,323.3,245.8
AHPC,12/1/2011,334.0,334.0,328.0,331.0,-2.36,468.0,323.3,245.8
AHPC,12/5/2011,331.0,331.0,326.0,331.0,0.0,344.0,323.3,245.8
AHPC,12/6/2011,331.0,336.0,331.0,332.0,0.3,298.0,323.3,245.8
AHPC,12/7/2011,332.0,334.0,325.0,325.0,-2.11,164.0,323.3,245.8
AHPC,12/8/2011,325.0,336.0,331.0,336.0,3.38,48.0,323.3,245.8
AHPC,12/11/2011,336.0,338.0,328.0,330.0,-1.79,626.0,323.3,245.8
AHPC,12/12/2011,330.0,331.0,328.0,331.0,0.3,78.0,323.3,245.8
AHPC,12/13/2011,331.0,331.0,329.0,329.0,-0.6,382.0,323.3,245.8
AHPC,12/14/2011,329.0,361.0,324.0,327.0,-0.61,2014.0,323.3,245.8
AHPC,12/15/2011,327.0,333.0,324.0,330.0,0.92,296.0,323.3,245.8
AHPC,12/18/2011,330.0,335.0,321.0,323.0,-2.12,363.0,323.3,245.8
AHPC,12/19/2011,323.0,323.0,323.0,323.0,0.0,48.0,323.3,245.8
AHPC,12/20/2011,323.0,326.0,314.0,320.0,-0.93,1428.0,323.3,245.8
AHPC,12/21/2011,320.0,334.0,310.0,328.0,2.5,596.0,323.3,245.8
AHPC,12/22/2011,328.0,322.0,322.0,322.0,-1.83,70.0,323.3,245.8
AHPC,12/26/2011,322.0,326.0,326.0,326.0,1.24,174.0,323.3,245.8
AHPC,12/27/2011,326.0,320.0,314.0,314.0,-3.68,62.0,323.3,245.8
AHPC,12/28/2011,314.0,319.0,319.0,319.0,1.59,20.0,323.3,245.8
AHPC,1/1/2012,319.0,319.0,312.0,312.0,-2.19,377.0,323.3,245.8
AHPC,1/2/2012,312.0,306.0,296.0,304.0,-2.56,2216.0,323.3,245.8
AHPC,1/3/2012,304.0,306.0,300.0,304.0,0.0,1677.0,323.3,245.8
AHPC,1/4/2012,304.0,304.0,295.0,302.0,-0.66,979.0,323.3,245.8
AHPC,1/5/2012,302.0,302.0,297.0,302.0,0.0,193.0,323.3,245.8
AHPC,1/8/2012,302.0,315.0,302.0,314.0,3.97,242.0,323.3,245.8
AHPC,1/9/2012,314.0,322.0,314.0,316.0,0.64,643.0,323.3,245.8
AHPC,1/11/2012,316.0,315.0,305.0,305.0,-3.48,386.0,323.3,245.8
AHPC,1/12/2012,305.0,300.0,300.0,300.0,-1.64,84.0,323.3,245.8
AHPC,1/16/2012,300.0,308.0,305.0,305.0,1.67,2213.0,323.3,245.8
AHPC,1/17/2012,305.0,305.0,305.0,305.0,0.0,14.0,323.3,245.8
AHPC,1/18/2012,305.0,305.0,305.0,305.0,0.0,79.0,323.3,245.8
AHPC,1/19/2012,305.0,301.0,300.0,301.0,-1.31,112.0,323.3,245.8
AHPC,1/22/2012,301.0,304.0,300.0,300.0,-0.33,376.0,323.3,245.8
AHPC,1/23/2012,300.0,306.0,302.0,305.0,1.67,189.0,323.3,245.8
AHPC,1/25/2012,305.0,308.0,302.0,308.0,0.98,390.0,323.3,245.8
AHPC,1/26/2012,308.0,314.0,307.0,307.0,-0.32,1184.0,323.3,245.8
AHPC,1/29/2012,307.0,301.0,301.0,301.0,-1.95,222.0,323.3,245.8
AHPC,1/31/2012,301.0,307.0,303.0,305.0,1.33,128.0,323.3,245.8
AHPC,2/1/2012,305.0,305.0,302.0,304.0,-0.33,367.0,323.3,245.8
AHPC,2/2/2012,304.0,305.0,301.0,304.0,0.0,206.0,323.3,245.8
AHPC,2/5/2012,304.0,310.0,299.0,300.0,-1.32,501.0,323.3,245.8
AHPC,2/6/2012,300.0,301.0,300.0,300.0,0.0,479.0,323.3,245.8
AHPC,2/7/2012,300.0,310.0,294.0,299.0,-0.33,908.0,323.3,245.8
AHPC,2/8/2012,299.0,296.0,294.0,294.0,-1.67,469.0,323.3,245.8
AHPC,2/9/2012,294.0,295.0,290.0,294.0,0.0,156.0,323.3,245.8
AHPC,2/12/2012,294.0,300.0,295.0,296.0,0.68,328.0,323.3,245.8
AHPC,2/13/2012,296.0,301.0,291.0,292.0,-1.35,1137.0,323.3,245.8
AHPC,2/14/2012,292.0,296.0,291.0,296.0,1.37,215.0,323.3,245.8
AHPC,2/15/2012,296.0,297.0,294.0,297.0,0.34,173.0,323.3,245.8
AHPC,2/16/2012,297.0,300.0,296.0,298.0,0.34,1144.0,323.3,245.8
AHPC,2/21/2012,298.0,300.0,299.0,300.0,0.67,141.0,323.3,245.8
AHPC,2/23/2012,300.0,300.0,296.0,296.0,-1.33,649.0,323.3,245.8
AHPC,2/26/2012,296.0,299.0,295.0,296.0,0.0,2080.0,323.3,245.8
AHPC,2/27/2012,296.0,300.0,295.0,297.0,0.34,559.0,323.3,245.8
AHPC,2/28/2012,297.0,301.0,297.0,300.0,1.01,539.0,323.3,245.8
AHPC,2/29/2012,300.0,300.0,298.0,300.0,0.0,565.0,323.3,245.8
AHPC,3/1/2012,300.0,305.0,299.0,299.0,-0.33,529.0,323.3,245.8
AHPC,3/4/2012,299.0,301.0,298.0,301.0,0.67,896.0,323.3,245.8
AHPC,3/5/2012,301.0,307.0,301.0,301.0,0.0,225.0,323.3,245.8
AHPC,3/6/2012,301.0,306.0,301.0,301.0,0.0,407.0,323.3,245.8
AHPC,3/11/2012,301.0,299.0,295.0,299.0,-0.66,252.0,323.3,245.8
AHPC,3/12/2012,299.0,300.0,298.0,299.0,0.0,192.0,323.3,245.8
AHPC,3/13/2012,299.0,299.0,297.0,297.0,-0.67,367.0,323.3,245.8
AHPC,3/14/2012,297.0,297.0,295.0,297.0,0.0,275.0,323.3,245.8
AHPC,3/15/2012,297.0,299.0,294.0,294.0,-1.01,426.0,323.3,245.8
AHPC,3/18/2012,294.0,295.0,293.0,293.0,-0.34,878.0,323.3,245.8
AHPC,3/19/2012,293.0,295.0,292.0,292.0,-0.34,208.0,323.3,245.8
AHPC,3/20/2012,292.0,296.0,291.0,296.0,1.37,1110.0,323.3,245.8
AHPC,3/21/2012,296.0,296.0,293.0,294.0,-0.68,1444.0,323.3,245.8
AHPC,3/25/2012,294.0,295.0,290.0,290.0,-1.36,616.0,323.3,245.8
AHPC,3/26/2012,290.0,290.0,288.0,290.0,0.0,1934.0,323.3,245.8
AHPC,3/27/2012,290.0,290.0,290.0,290.0,0.0,95.0,323.3,245.8
AHPC,3/28/2012,290.0,292.0,290.0,291.0,0.34,210.0,323.3,245.8
AHPC,4/1/2012,291.0,300.0,295.0,300.0,3.09,128.0,323.3,245.8
AHPC,4/2/2012,300.0,295.0,295.0,295.0,-1.67,139.0,323.3,245.8
AHPC,4/3/2012,295.0,300.0,298.0,299.0,1.36,5557.0,323.3,245.8
AHPC,4/4/2012,299.0,304.0,298.0,298.0,-0.33,509.0,323.3,245.8
AHPC,4/5/2012,298.0,296.0,293.0,295.0,-1.01,1954.0,323.3,245.8
AHPC,4/8/2012,295.0,295.0,285.0,295.0,0.0,730.0,323.3,245.8
AHPC,4/9/2012,295.0,301.0,297.0,298.0,1.02,360.0,323.3,245.8
AHPC,4/10/2012,298.0,300.0,295.0,299.0,0.34,219.0,323.3,245.8
AHPC,4/11/2012,299.0,316.0,303.0,303.0,1.34,778.0,323.3,245.8
AHPC,4/12/2012,303.0,321.0,300.0,321.0,5.94,2237.0,323.3,245.8
AHPC,4/15/2012,321.0,337.0,327.0,337.0,4.98,166.0,323.3,245.8
AHPC,4/18/2012,337.0,331.0,331.0,331.0,-1.78,314.0,323.3,245.8
AHPC,4/19/2012,331.0,337.0,329.0,330.0,-0.3,2186.0,323.3,245.8
AHPC,4/22/2012,330.0,333.0,327.0,327.0,-0.91,616.0,323.3,245.8
AHPC,4/24/2012,327.0,336.0,330.0,336.0,2.75,342.0,323.3,245.8
AHPC,4/25/2012,336.0,348.0,342.0,348.0,3.57,90.0,323.3,245.8
AHPC,4/26/2012,348.0,382.0,343.0,382.0,9.77,1291.0,323.3,245.8
AHPC,4/29/2012,382.0,390.0,368.0,370.0,-3.14,909.0,323.3,245.8
AHPC,5/3/2012,370.0,363.0,358.0,358.0,-3.24,262.0,323.3,245.8
AHPC,5/8/2012,358.0,365.0,365.0,365.0,1.96,31.0,323.3,245.8
AHPC,5/9/2012,365.0,372.0,329.0,329.0,-9.86,778.0,323.3,245.8
AHPC,5/10/2012,329.0,325.0,311.0,320.0,-2.74,1628.0,323.3,245.8
AHPC,5/13/2012,320.0,315.0,308.0,315.0,-1.56,775.0,323.3,245.8
AHPC,5/14/2012,315.0,310.0,305.0,307.0,-2.54,638.0,323.3,245.8
AHPC,5/15/2012,307.0,326.0,313.0,326.0,6.19,399.0,323.3,245.8
AHPC,5/16/2012,326.0,332.0,332.0,332.0,1.84,10.0,323.3,245.8
AHPC,5/17/2012,332.0,365.0,338.0,358.0,7.83,288.0,323.3,245.8
AHPC,5/20/2012,358.0,351.0,333.0,338.0,-5.59,2628.0,323.3,245.8
AHPC,5/21/2012,338.0,332.0,320.0,323.0,-4.44,618.0,323.3,245.8
AHPC,5/22/2012,323.0,324.0,304.0,304.0,-5.88,2082.0,323.3,245.8
AHPC,5/23/2012,304.0,300.0,300.0,300.0,-1.32,434.0,323.3,245.8
AHPC,5/24/2012,300.0,311.0,305.0,311.0,3.67,84.0,323.3,245.8
AHPC,5/27/2012,311.0,320.0,312.0,312.0,0.32,187.0,323.3,245.8
AHPC,5/29/2012,312.0,306.0,281.0,281.0,-9.94,697.0,323.3,245.8
AHPC,5/30/2012,281.0,276.0,253.0,270.0,-3.91,1665.0,323.3,245.8
AHPC,5/31/2012,270.0,280.0,275.0,280.0,3.7,168.0,323.3,245.8
AHPC,6/4/2012,280.0,285.0,280.0,285.0,1.79,379.0,323.3,245.8
AHPC,6/5/2012,285.0,287.0,276.0,284.0,-0.35,986.0,323.3,245.8
AHPC,6/6/2012,284.0,285.0,279.0,285.0,0.35,223.0,323.3,245.8
AHPC,6/7/2012,285.0,290.0,285.0,285.0,0.0,195.0,323.3,245.8
AHPC,6/10/2012,285.0,281.0,280.0,281.0,-1.4,48.0,323.3,245.8
AHPC,6/11/2012,281.0,285.0,280.0,285.0,1.42,375.0,323.3,245.8
AHPC,6/12/2012,285.0,288.0,288.0,288.0,1.05,28.0,323.3,245.8
AHPC,6/13/2012,288.0,285.0,284.0,285.0,-1.04,486.0,323.3,245.8
AHPC,6/14/2012,285.0,290.0,285.0,285.0,0.0,170.0,323.3,245.8
AHPC,6/17/2012,285.0,280.0,279.0,280.0,-1.75,202.0,323.3,245.8
AHPC,6/18/2012,280.0,288.0,285.0,288.0,2.86,177.0,323.3,245.8
AHPC,6/19/2012,288.0,288.0,283.0,288.0,0.0,99.0,323.3,245.8
AHPC,6/20/2012,288.0,289.0,274.0,277.0,-3.82,1444.0,323.3,245.8
AHPC,6/21/2012,277.0,282.0,277.0,282.0,1.81,278.0,323.3,245.8
AHPC,6/25/2012,282.0,292.0,278.0,292.0,3.55,635.0,323.3,245.8
AHPC,6/26/2012,292.0,291.0,291.0,291.0,-0.34,64.0,323.3,245.8
AHPC,6/27/2012,291.0,301.0,286.0,295.0,1.37,1102.0,323.3,245.8
AHPC,6/28/2012,295.0,305.0,299.0,300.0,1.69,352.0,323.3,245.8
AHPC,7/1/2012,300.0,302.0,285.0,302.0,0.67,526.0,323.3,245.8
AHPC,7/2/2012,302.0,306.0,298.0,305.0,0.99,323.0,323.3,245.8
AHPC,7/3/2012,305.0,305.0,301.0,301.0,-1.31,275.0,323.3,245.8
AHPC,7/4/2012,301.0,307.0,296.0,299.0,-0.66,1168.0,323.3,245.8
AHPC,7/5/2012,299.0,303.0,294.0,300.0,0.33,352.0,323.3,245.8
AHPC,7/8/2012,300.0,306.0,299.0,306.0,2.0,246.0,323.3,245.8
AHPC,7/9/2012,306.0,305.0,301.0,305.0,-0.33,110.0,323.3,245.8
AHPC,7/10/2012,305.0,310.0,305.0,305.0,0.0,303.0,323.3,245.8
AHPC,7/11/2012,305.0,306.0,300.0,306.0,0.33,376.0,323.3,245.8
AHPC,7/12/2012,306.0,305.0,301.0,303.0,-0.98,330.0,323.3,245.8
AHPC,7/15/2012,303.0,305.0,302.0,305.0,0.66,202.0,323.3,245.8
AHPC,7/16/2012,305.0,303.0,299.0,301.0,-1.31,462.0,323.3,245.8
AHPC,7/17/2012,301.0,306.0,303.0,304.0,1.0,106.0,323.3,245.8
AHPC,7/18/2012,304.0,303.0,300.0,300.0,-1.32,279.0,323.3,245.8
AHPC,7/19/2012,300.0,306.0,300.0,306.0,2.0,130.0,323.3,245.8
AHPC,7/22/2012,306.0,318.0,300.0,318.0,3.92,158.0,323.3,245.8
AHPC,7/23/2012,318.0,318.0,306.0,314.0,-1.26,349.0,323.3,245.8
AHPC,7/24/2012,314.0,308.0,302.0,305.0,-2.87,126.0,323.3,245.8
AHPC,7/25/2012,305.0,308.0,305.0,308.0,0.98,512.0,323.3,245.8
AHPC,7/26/2012,308.0,309.0,306.0,309.0,0.32,573.0,323.3,245.8
AHPC,7/29/2012,309.0,315.0,310.0,315.0,1.94,156.0,323.3,245.8
AHPC,7/30/2012,315.0,310.0,300.0,306.0,-2.86,1507.0,323.3,245.8
AHPC,7/31/2012,306.0,308.0,306.0,308.0,0.65,125.0,323.3,245.8
AHPC,8/1/2012,308.0,308.0,305.0,305.0,-0.97,242.0,323.3,245.8
AHPC,8/5/2012,305.0,316.0,301.0,316.0,3.61,378.0,323.3,245.8
AHPC,8/6/2012,316.0,317.0,312.0,315.0,-0.32,939.0,323.3,245.8
AHPC,8/7/2012,315.0,316.0,312.0,316.0,0.32,1442.0,323.3,245.8
AHPC,8/8/2012,316.0,315.0,312.0,315.0,-0.32,2553.0,323.3,245.8
AHPC,8/12/2012,315.0,339.0,320.0,339.0,7.62,4727.0,323.3,245.8
AHPC,8/13/2012,339.0,352.0,322.0,340.0,0.29,1862.0,323.3,245.8
AHPC,8/14/2012,340.0,341.0,334.0,335.0,-1.47,457.0,323.3,245.8
AHPC,8/15/2012,335.0,336.0,321.0,325.0,-2.99,2040.0,323.3,245.8
AHPC,8/16/2012,325.0,321.0,319.0,319.0,-1.85,589.0,323.3,245.8
AHPC,8/19/2012,319.0,350.0,318.0,345.0,8.15,2630.0,323.3,245.8
AHPC,8/21/2012,345.0,339.0,329.0,332.0,-3.77,558.0,323.3,245.8
AHPC,8/22/2012,332.0,335.0,320.0,328.0,-1.2,1093.0,323.3,245.8
AHPC,8/23/2012,328.0,334.0,325.0,330.0,0.61,1819.0,323.3,245.8
AHPC,8/26/2012,330.0,336.0,325.0,328.0,-0.61,1447.0,323.3,245.8
AHPC,8/27/2012,328.0,334.0,325.0,330.0,0.61,729.0,323.3,245.8
AHPC,8/28/2012,330.0,340.0,326.0,340.0,3.03,729.0,323.3,245.8
AHPC,8/29/2012,340.0,344.0,330.0,338.0,-0.59,3702.0,323.3,245.8
AHPC,8/30/2012,338.0,345.0,340.0,344.0,1.78,3566.0,323.3,245.8
AHPC,9/2/2012,344.0,346.0,340.0,346.0,0.58,905.0,323.3,245.8
AHPC,9/3/2012,346.0,350.0,335.0,350.0,1.16,7599.0,323.3,245.8
AHPC,9/4/2012,350.0,348.0,342.0,347.0,-0.86,239.0,323.3,245.8
AHPC,9/5/2012,347.0,341.0,340.0,340.0,-2.02,294.0,323.3,245.8
AHPC,9/6/2012,340.0,344.0,335.0,341.0,0.29,1707.0,323.3,245.8
AHPC,9/9/2012,341.0,340.0,333.0,333.0,-2.35,7197.0,323.3,245.8
AHPC,9/10/2012,333.0,339.0,330.0,335.0,0.6,10458.0,323.3,245.8
AHPC,9/11/2012,335.0,335.0,331.0,332.0,-0.9,1211.0,323.3,245.8
AHPC,9/12/2012,332.0,335.0,330.0,335.0,0.9,4173.0,323.3,245.8
AHPC,9/13/2012,335.0,335.0,335.0,335.0,0.0,155.0,323.3,245.8
AHPC,9/16/2012,335.0,338.0,322.0,332.0,-0.9,36343.0,323.3,245.8
AHPC,9/17/2012,332.0,342.0,327.0,336.0,1.2,8640.0,323.3,245.8
AHPC,9/18/2012,336.0,342.0,323.0,330.0,-1.79,41410.0,323.3,245.8
AHPC,9/19/2012,330.0,341.0,326.0,330.0,0.0,24874.0,323.3,245.8
AHPC,9/20/2012,330.0,333.0,322.0,330.0,0.0,18005.0,323.3,245.8
AHPC,9/23/2012,330.0,335.0,322.0,328.0,-0.61,11641.0,323.3,245.8
AHPC,9/24/2012,328.0,332.0,322.0,322.0,-1.83,19786.0,323.3,245.8
AHPC,9/25/2012,322.0,330.0,325.0,328.0,1.86,849.0,323.3,245.8
AHPC,9/26/2012,328.0,335.0,332.0,335.0,2.13,869.0,323.3,245.8
AHPC,9/30/2012,334.0,336.0,320.0,332.0,-0.9,18465.0,323.3,245.8
AHPC,10/1/2012,332.0,334.0,326.0,334.0,0.6,1192.0,323.3,245.8
AHPC,10/2/2012,334.0,329.0,322.0,325.0,-2.69,8123.0,323.3,245.8
AHPC,10/3/2012,325.0,330.0,322.0,325.0,0.0,10142.0,323.3,245.8
AHPC,10/4/2012,325.0,330.0,325.0,327.0,0.62,4737.0,323.3,245.8
AHPC,10/7/2012,327.0,341.0,322.0,341.0,4.28,18494.0,323.3,245.8
AHPC,10/8/2012,341.0,347.0,326.0,326.0,-4.4,4749.0,323.3,245.8
AHPC,10/9/2012,326.0,336.0,325.0,330.0,1.23,19845.0,323.3,245.8
AHPC,10/10/2012,330.0,342.0,330.0,330.0,0.0,8034.0,323.3,245.8
AHPC,10/11/2012,330.0,340.0,325.0,340.0,3.03,33337.0,323.3,245.8
AHPC,10/14/2012,340.0,352.0,336.0,344.0,1.18,2493.0,323.3,245.8
AHPC,10/15/2012,344.0,349.0,339.0,344.0,0.0,2171.0,323.3,245.8
AHPC,10/17/2012,344.0,345.0,335.0,345.0,0.29,4409.0,323.3,245.8
AHPC,10/18/2012,345.0,346.0,341.0,344.0,-0.29,1647.0,323.3,245.8
AHPC,10/30/2012,344.0,347.0,320.0,332.0,-3.49,26759.0,323.3,245.8
AHPC,11/5/2012,332.0,317.0,294.0,317.0,-4.52,93.0,323.3,245.8
AHPC,11/6/2012,317.0,340.0,323.0,330.0,4.1,3980.0,323.3,245.8
AHPC,11/7/2012,330.0,334.0,329.0,334.0,1.21,2130.0,323.3,245.8
AHPC,11/8/2012,334.0,340.0,334.0,336.0,0.6,2533.0,323.3,245.8
AHPC,11/11/2012,336.0,348.0,332.0,332.0,-1.19,4576.0,323.3,245.8
AHPC,11/12/2012,332.0,344.0,329.0,344.0,3.61,544.0,323.3,245.8
AHPC,11/18/2012,344.0,349.0,340.0,341.0,-0.87,1836.0,323.3,245.8
AHPC,11/20/2012,341.0,348.0,345.0,348.0,2.05,1382.0,323.3,245.8
AHPC,11/21/2012,348.0,350.0,343.0,348.0,0.0,1145.0,323.3,245.8
AHPC,11/22/2012,348.0,348.0,343.0,347.0,-0.29,384.0,323.3,245.8
AHPC,11/25/2012,347.0,354.0,348.0,350.0,0.86,1177.0,323.3,245.8
AHPC,11/26/2012,350.0,347.0,341.0,347.0,-0.86,1856.0,323.3,245.8
AHPC,11/27/2012,347.0,347.0,340.0,340.0,-2.02,1041.0,323.3,245.8
AHPC,11/28/2012,340.0,338.0,334.0,338.0,-0.59,531.0,323.3,245.8
AHPC,11/29/2012,338.0,338.0,320.0,331.0,-2.07,2046.0,323.3,245.8
AHPC,12/2/2012,331.0,326.0,302.0,326.0,-1.51,7511.0,323.3,245.8
AHPC,12/3/2012,326.0,322.0,319.0,319.0,-2.15,93.0,323.3,245.8
AHPC,12/4/2012,319.0,336.0,325.0,336.0,5.33,689.0,323.3,245.8
AHPC,12/5/2012,336.0,336.0,325.0,330.0,-1.79,1112.0,323.3,245.8
AHPC,12/6/2012,330.0,331.0,325.0,329.0,-0.3,2759.0,323.3,245.8
AHPC,12/9/2012,329.0,329.0,317.0,317.0,-3.65,6426.0,323.3,245.8
AHPC,12/10/2012,317.0,323.0,317.0,323.0,1.89,886.0,323.3,245.8
AHPC,12/11/2012,323.0,323.0,312.0,312.0,-3.41,4820.0,323.3,245.8
AHPC,12/12/2012,312.0,332.0,314.0,329.0,5.45,5469.0,323.3,245.8
AHPC,12/13/2012,329.0,335.0,330.0,330.0,0.3,1066.0,323.3,245.8
AHPC,12/16/2012,330.0,346.0,330.0,334.0,1.21,8710.0,323.3,245.8
AHPC,12/17/2012,334.0,340.0,330.0,330.0,-1.2,3534.0,323.3,245.8
AHPC,12/18/2012,330.0,329.0,320.0,323.0,-2.12,12990.0,323.3,245.8
AHPC,12/19/2012,323.0,327.0,319.0,321.0,-0.62,4591.0,323.3,245.8
AHPC,12/20/2012,321.0,325.0,318.0,325.0,1.25,5640.0,323.3,245.8
AHPC,12/23/2012,325.0,328.0,320.0,324.0,-0.31,12374.0,323.3,245.8
AHPC,12/24/2012,324.0,334.0,320.0,332.0,2.47,7029.0,323.3,245.8
AHPC,12/26/2012,332.0,349.0,335.0,335.0,0.9,5033.0,323.3,245.8
AHPC,12/27/2012,335.0,336.0,330.0,330.0,-1.49,3226.0,323.3,245.8
AHPC,12/31/2012,330.0,332.0,330.0,330.0,0.0,882.0,323.3,245.8
AHPC,1/1/2013,330.0,330.0,322.0,322.0,-2.42,3331.0,323.3,245.8
AHPC,1/2/2013,322.0,329.0,322.0,328.0,1.86,649.0,323.3,245.8
AHPC,1/3/2013,328.0,330.0,330.0,330.0,0.61,231.0,323.3,245.8
AHPC,1/6/2013,330.0,330.0,320.0,321.0,-2.73,8971.0,323.3,245.8
AHPC,1/7/2013,321.0,325.0,322.0,324.0,0.93,925.0,323.3,245.8
AHPC,1/8/2013,324.0,324.0,324.0,324.0,0.0,1000.0,323.3,245.8
AHPC,1/9/2013,324.0,320.0,320.0,320.0,-1.23,978.0,323.3,245.8
AHPC,1/10/2013,320.0,322.0,320.0,322.0,0.63,13938.0,323.3,245.8
AHPC,1/13/2013,322.0,323.0,319.0,323.0,0.31,454.0,323.3,245.8
AHPC,1/15/2013,323.0,321.0,321.0,321.0,-0.62,32.0,323.3,245.8
AHPC,1/16/2013,321.0,322.0,322.0,322.0,0.31,62.0,323.3,245.8
AHPC,1/17/2013,322.0,320.0,320.0,320.0,-0.62,500.0,323.3,245.8
AHPC,1/21/2013,320.0,324.0,322.0,322.0,0.63,194.0,323.3,245.8
AHPC,1/22/2013,322.0,330.0,322.0,329.0,2.17,266.0,323.3,245.8
AHPC,1/23/2013,329.0,328.0,318.0,321.0,-2.43,1998.0,323.3,245.8
AHPC,1/24/2013,321.0,320.0,311.0,311.0,-3.12,3998.0,323.3,245.8
AHPC,1/27/2013,311.0,317.0,305.0,305.0,-1.93,590.0,323.3,245.8
AHPC,1/28/2013,305.0,311.0,305.0,310.0,1.64,2108.0,323.3,245.8
AHPC,1/30/2013,310.0,310.0,305.0,310.0,0.0,2100.0,323.3,245.8
AHPC,1/31/2013,310.0,307.0,307.0,307.0,-0.97,95.0,323.3,245.8
AHPC,2/3/2013,307.0,318.0,308.0,318.0,3.58,1293.0,323.3,245.8
AHPC,2/4/2013,318.0,335.0,323.0,335.0,5.35,87.0,323.3,245.8
AHPC,2/5/2013,335.0,353.0,341.0,353.0,5.37,40.0,323.3,245.8
AHPC,2/6/2013,353.0,347.0,341.0,341.0,-3.4,300.0,323.3,245.8
AHPC,2/12/2013,341.0,335.0,319.0,320.0,-6.16,3841.0,323.3,245.8
AHPC,2/13/2013,320.0,323.0,318.0,320.0,0.0,1109.0,323.3,245.8
AHPC,2/14/2013,320.0,324.0,315.0,315.0,-1.56,1637.0,323.3,245.8
AHPC,2/17/2013,315.0,327.0,321.0,327.0,3.81,50.0,323.3,245.8
AHPC,2/19/2013,327.0,347.0,329.0,347.0,6.12,4805.0,323.3,245.8
AHPC,2/20/2013,347.0,341.0,323.0,329.0,-5.19,308.0,323.3,245.8
AHPC,2/21/2013,329.0,323.0,318.0,318.0,-3.34,1396.0,323.3,245.8
AHPC,2/24/2013,318.0,324.0,313.0,316.0,-0.63,908.0,323.3,245.8
AHPC,2/25/2013,316.0,315.0,312.0,312.0,-1.27,331.0,323.3,245.8
AHPC,2/26/2013,312.0,318.0,312.0,317.0,1.6,1583.0,323.3,245.8
AHPC,2/27/2013,317.0,315.0,307.0,314.0,-0.95,2224.0,323.3,245.8
AHPC,2/28/2013,314.0,311.0,301.0,305.0,-2.87,3170.0,323.3,245.8
AHPC,3/3/2013,305.0,314.0,305.0,305.0,0.0,1596.0,323.3,245.8
AHPC,3/4/2013,305.0,310.0,310.0,310.0,1.64,511.0,323.3,245.8
AHPC,3/6/2013,310.0,321.0,315.0,318.0,2.58,154.0,323.3,245.8
AHPC,3/7/2013,318.0,318.0,306.0,312.0,-1.89,3134.0,323.3,245.8
AHPC,3/11/2013,312.0,310.0,304.0,310.0,-0.64,2328.0,323.3,245.8
AHPC,3/13/2013,310.0,307.0,304.0,307.0,-0.97,1750.0,323.3,245.8
AHPC,3/14/2013,307.0,314.0,302.0,309.0,0.65,2770.0,323.3,245.8
AHPC,3/17/2013,309.0,309.0,305.0,305.0,-1.29,224.0,323.3,245.8
AHPC,3/18/2013,305.0,305.0,300.0,304.0,-0.33,600.0,323.3,245.8
AHPC,3/19/2013,304.0,309.0,305.0,306.0,0.66,126.0,323.3,245.8
AHPC,3/20/2013,306.0,311.0,305.0,305.0,-0.33,392.0,323.3,245.8
AHPC,3/21/2013,305.0,310.0,305.0,310.0,1.64,48.0,323.3,245.8
AHPC,3/24/2013,310.0,309.0,304.0,309.0,-0.32,124.0,323.3,245.8
AHPC,3/27/2013,309.0,304.0,300.0,300.0,-2.91,170.0,323.3,245.8
AHPC,3/28/2013,300.0,301.0,300.0,300.0,0.0,334.0,323.3,245.8
AHPC,3/31/2013,300.0,294.0,289.0,289.0,-3.67,182.0,323.3,245.8
AHPC,4/1/2013,289.0,290.0,279.0,290.0,0.35,715.0,323.3,245.8
AHPC,4/2/2013,290.0,293.0,290.0,292.0,0.69,1900.0,323.3,245.8
AHPC,4/3/2013,292.0,302.0,292.0,302.0,3.42,1458.0,323.3,245.8
AHPC,4/4/2013,302.0,301.0,296.0,296.0,-1.99,1078.0,323.3,245.8
AHPC,4/7/2013,296.0,298.0,294.0,295.0,-0.34,1200.0,323.3,245.8
AHPC,4/8/2013,295.0,295.0,292.0,293.0,-0.68,267.0,323.3,245.8
AHPC,4/9/2013,293.0,299.0,295.0,298.0,1.71,1461.0,323.3,245.8
AHPC,4/11/2013,298.0,304.0,294.0,298.0,0.0,804.0,323.3,245.8
AHPC,4/15/2013,298.0,300.0,300.0,300.0,0.67,289.0,323.3,245.8
AHPC,4/16/2013,300.0,300.0,290.0,294.0,-2.0,3964.0,323.3,245.8
AHPC,4/17/2013,294.0,300.0,295.0,300.0,2.04,501.0,323.3,245.8
AHPC,4/18/2013,300.0,300.0,292.0,292.0,-2.67,674.0,323.3,245.8
AHPC,4/28/2013,292.0,290.0,290.0,290.0,-0.68,31.0,323.3,245.8
AHPC,4/29/2013,290.0,293.0,290.0,293.0,1.03,62.0,323.3,245.8
AHPC,4/30/2013,293.0,288.0,274.0,279.0,-4.78,360.0,323.3,245.8
AHPC,5/2/2013,279.0,280.0,274.0,274.0,-1.79,112.0,323.3,245.8
AHPC,5/5/2013,274.0,275.0,270.0,271.0,-1.09,1762.0,323.3,245.8
AHPC,5/6/2013,271.0,270.0,265.0,265.0,-2.21,147.0,323.3,245.8
AHPC,5/7/2013,265.0,270.0,264.0,270.0,1.89,584.0,323.3,245.8
AHPC,5/8/2013,270.0,280.0,274.0,274.0,1.48,171.0,323.3,245.8
AHPC,5/9/2013,274.0,279.0,269.0,269.0,-1.82,120.0,323.3,245.8
AHPC,5/12/2013,269.0,280.0,272.0,280.0,4.09,669.0,323.3,245.8
AHPC,5/13/2013,280.0,287.0,280.0,287.0,2.5,398.0,323.3,245.8
AHPC,5/14/2013,287.0,290.0,281.0,282.0,-1.74,858.0,323.3,245.8
AHPC,5/15/2013,282.0,288.0,284.0,288.0,2.13,671.0,323.3,245.8
AHPC,5/19/2013,288.0,285.0,280.0,285.0,-1.04,1017.0,323.3,245.8
AHPC,5/20/2013,285.0,280.0,280.0,280.0,-1.75,318.0,323.3,245.8
AHPC,5/21/2013,280.0,285.0,275.0,277.0,-1.07,387.0,323.3,245.8
AHPC,5/22/2013,277.0,277.0,275.0,275.0,-0.72,27.0,323.3,245.8
AHPC,5/23/2013,275.0,270.0,270.0,270.0,-1.82,376.0,323.3,245.8
AHPC,5/26/2013,270.0,270.0,270.0,270.0,0.0,110.0,323.3,245.8
AHPC,5/27/2013,270.0,275.0,272.0,275.0,1.85,508.0,323.3,245.8
AHPC,5/28/2013,275.0,275.0,272.0,275.0,0.0,489.0,323.3,245.8
AHPC,5/30/2013,275.0,280.0,270.0,280.0,1.82,108.0,323.3,245.8
AHPC,6/2/2013,280.0,280.0,275.0,275.0,-1.79,486.0,323.3,245.8
AHPC,6/3/2013,275.0,280.0,272.0,280.0,1.82,1132.0,323.3,245.8
AHPC,6/4/2013,280.0,284.0,279.0,280.0,0.0,643.0,323.3,245.8
AHPC,6/5/2013,280.0,308.0,285.0,305.0,8.93,246.0,323.3,245.8
AHPC,6/6/2013,305.0,304.0,294.0,304.0,-0.33,97.0,323.3,245.8
AHPC,6/10/2013,304.0,298.0,278.0,283.0,-6.91,2040.0,323.3,245.8
AHPC,6/11/2013,283.0,280.0,275.0,275.0,-2.83,551.0,323.3,245.8
AHPC,6/12/2013,275.0,285.0,280.0,285.0,3.64,1575.0,323.3,245.8
AHPC,6/13/2013,285.0,299.0,290.0,299.0,4.91,39.0,323.3,245.8
AHPC,6/16/2013,299.0,304.0,283.0,283.0,-5.35,245.0,323.3,245.8
AHPC,6/17/2013,283.0,284.0,278.0,278.0,-1.77,477.0,323.3,245.8
AHPC,6/18/2013,278.0,280.0,275.0,279.0,0.36,250.0,323.3,245.8
AHPC,6/19/2013,279.0,279.0,270.0,270.0,-3.23,356.0,323.3,245.8
AHPC,6/20/2013,270.0,276.0,270.0,276.0,2.22,1926.0,323.3,245.8
AHPC,6/23/2013,276.0,276.0,270.0,272.0,-1.45,1034.0,323.3,245.8
AHPC,6/24/2013,272.0,275.0,270.0,271.0,-0.37,2424.0,323.3,245.8
AHPC,6/25/2013,271.0,274.0,269.0,270.0,-0.37,2885.0,323.3,245.8
AHPC,6/26/2013,270.0,279.0,274.0,275.0,1.85,374.0,323.3,245.8
AHPC,6/27/2013,275.0,274.0,270.0,271.0,-1.45,3263.0,323.3,245.8
AHPC,6/30/2013,271.0,275.0,273.0,275.0,1.48,168.0,323.3,245.8
AHPC,7/1/2013,275.0,272.0,270.0,272.0,-1.09,1271.0,323.3,245.8
AHPC,7/2/2013,272.0,275.0,268.0,271.0,-0.37,2270.0,323.3,245.8
AHPC,7/3/2013,271.0,276.0,270.0,276.0,1.85,251.0,323.3,245.8
AHPC,7/4/2013,276.0,272.0,265.0,265.0,-3.99,2290.0,323.3,245.8
AHPC,7/7/2013,265.0,269.0,266.0,266.0,0.38,422.0,323.3,245.8
AHPC,7/8/2013,266.0,267.0,264.0,265.0,-0.38,586.0,323.3,245.8
AHPC,7/9/2013,265.0,267.0,255.0,263.0,-0.75,8242.0,323.3,245.8
AHPC,7/10/2013,263.0,270.0,264.0,270.0,2.66,2557.0,323.3,245.8
AHPC,7/11/2013,270.0,271.0,270.0,270.0,0.0,142.0,323.3,245.8
AHPC,7/14/2013,270.0,278.0,275.0,276.0,2.22,183.0,323.3,245.8
AHPC,7/15/2013,276.0,285.0,280.0,285.0,3.26,197.0,323.3,245.8
AHPC,7/16/2013,285.0,280.0,280.0,280.0,-1.75,138.0,323.3,245.8
AHPC,7/18/2013,280.0,280.0,275.0,275.0,-1.79,429.0,323.3,245.8
AHPC,7/21/2013,275.0,280.0,278.0,280.0,1.82,79.0,323.3,245.8
AHPC,7/22/2013,280.0,280.0,277.0,279.0,-0.36,1171.0,323.3,245.8
AHPC,7/23/2013,279.0,275.0,274.0,275.0,-1.43,128.0,323.3,245.8
AHPC,7/24/2013,275.0,270.0,270.0,270.0,-1.82,18.0,323.3,245.8
AHPC,7/25/2013,270.0,279.0,271.0,279.0,3.33,3175.0,323.3,245.8
AHPC,7/28/2013,279.0,285.0,278.0,280.0,0.36,3155.0,323.3,245.8
AHPC,7/29/2013,280.0,290.0,285.0,285.0,1.79,1210.0,323.3,245.8
AHPC,7/30/2013,285.0,300.0,289.0,300.0,5.26,4986.0,323.3,245.8
AHPC,7/31/2013,300.0,310.0,299.0,303.0,1.0,4522.0,323.3,245.8
AHPC,8/1/2013,303.0,309.0,300.0,302.0,-0.33,4272.0,323.3,245.8
AHPC,8/4/2013,302.0,332.0,297.0,317.0,4.97,10231.0,323.3,245.8
AHPC,8/5/2013,317.0,329.0,315.0,320.0,0.95,13354.0,323.3,245.8
AHPC,8/6/2013,320.0,324.0,309.0,320.0,0.0,2040.0,323.3,245.8
AHPC,8/7/2013,320.0,324.0,313.0,318.0,-0.62,8249.0,323.3,245.8
AHPC,8/8/2013,318.0,320.0,309.0,317.0,-0.31,13610.0,323.3,245.8
AHPC,8/11/2013,276.0,275.0,271.0,275.0,-13.25,261.0,323.3,245.8
AHPC,8/12/2013,275.0,277.0,266.0,266.0,-3.27,494.0,323.3,245.8
AHPC,8/13/2013,266.0,263.0,261.0,263.0,-1.13,82.0,323.3,245.8
AHPC,8/14/2013,263.0,268.0,265.0,268.0,1.9,1213.0,323.3,245.8
AHPC,8/15/2013,268.0,275.0,273.0,275.0,2.61,250.0,323.3,245.8
AHPC,8/18/2013,275.0,280.0,275.0,275.0,0.0,2212.0,323.3,245.8
AHPC,8/19/2013,275.0,295.0,279.0,295.0,7.27,691.0,323.3,245.8
AHPC,8/20/2013,295.0,300.0,294.0,294.0,-0.34,429.0,323.3,245.8
AHPC,8/25/2013,294.0,300.0,294.0,300.0,2.04,1046.0,323.3,245.8
AHPC,8/26/2013,300.0,300.0,298.0,299.0,-0.33,2819.0,323.3,245.8
AHPC,8/27/2013,299.0,300.0,290.0,295.0,-1.34,2463.0,323.3,245.8
AHPC,8/29/2013,295.0,299.0,290.0,299.0,1.36,2320.0,323.3,245.8
AHPC,9/1/2013,299.0,300.0,295.0,296.0,-1.0,1135.0,323.3,245.8
AHPC,9/2/2013,296.0,296.0,291.0,291.0,-1.69,817.0,323.3,245.8
AHPC,9/3/2013,291.0,298.0,294.0,297.0,2.06,4502.0,323.3,245.8
AHPC,9/4/2013,297.0,310.0,291.0,298.0,0.34,5771.0,323.3,245.8
AHPC,9/5/2013,298.0,306.0,300.0,306.0,2.68,4541.0,323.3,245.8
AHPC,9/8/2013,306.0,312.0,306.0,312.0,1.96,2224.0,323.3,245.8
AHPC,9/9/2013,312.0,322.0,309.0,322.0,3.21,2398.0,323.3,245.8
AHPC,9/10/2013,322.0,325.0,315.0,318.0,-1.24,3593.0,323.3,245.8
AHPC,9/11/2013,318.0,325.0,315.0,320.0,0.63,3707.0,323.3,245.8
AHPC,9/12/2013,320.0,320.0,315.0,315.0,-1.56,2323.0,323.3,245.8
AHPC,9/15/2013,315.0,323.0,318.0,320.0,1.59,2966.0,323.3,245.8
AHPC,9/16/2013,320.0,323.0,320.0,321.0,0.31,3505.0,323.3,245.8
AHPC,9/17/2013,321.0,325.0,320.0,323.0,0.62,2202.0,323.3,245.8
AHPC,9/19/2013,323.0,323.0,318.0,320.0,-0.93,640.0,323.3,245.8
AHPC,9/22/2013,320.0,315.0,312.0,312.0,-2.5,1700.0,323.3,245.8
AHPC,9/23/2013,312.0,306.0,299.0,306.0,-1.92,10077.0,323.3,245.8
AHPC,9/24/2013,306.0,307.0,300.0,300.0,-1.96,13981.0,323.3,245.8
AHPC,9/25/2013,300.0,301.0,300.0,301.0,0.33,10820.0,323.3,245.8
AHPC,9/26/2013,301.0,302.0,300.0,300.0,-0.33,5325.0,323.3,245.8
AHPC,9/29/2013,300.0,301.0,300.0,300.0,0.0,1345.0,323.3,245.8
AHPC,9/30/2013,300.0,312.0,306.0,307.0,2.33,3028.0,323.3,245.8
AHPC,10/1/2013,307.0,313.0,306.0,307.0,0.0,2531.0,323.3,245.8
AHPC,10/2/2013,307.0,310.0,305.0,307.0,0.0,1277.0,323.3,245.8
AHPC,10/3/2013,307.0,310.0,307.0,307.0,0.0,1024.0,323.3,245.8
AHPC,10/6/2013,307.0,305.0,304.0,304.0,-0.98,1535.0,323.3,245.8
AHPC,10/8/2013,304.0,316.0,307.0,315.0,3.62,9465.0,323.3,245.8
AHPC,10/9/2013,315.0,321.0,318.0,320.0,1.59,3505.0,323.3,245.8
AHPC,10/10/2013,320.0,332.0,322.0,328.0,2.5,3779.0,323.3,245.8
AHPC,10/17/2013,328.0,334.0,328.0,334.0,1.83,1150.0,323.3,245.8
AHPC,10/20/2013,334.0,367.0,338.0,360.0,7.78,12304.0,323.3,245.8
AHPC,10/21/2013,360.0,369.0,354.0,354.0,-1.67,8508.0,323.3,245.8
AHPC,10/22/2013,354.0,354.0,340.0,340.0,-3.95,3134.0,323.3,245.8
AHPC,10/23/2013,340.0,340.0,330.0,339.0,-0.29,528.0,323.3,245.8
AHPC,10/24/2013,339.0,357.0,335.0,357.0,5.31,1735.0,323.3,245.8
AHPC,10/27/2013,357.0,350.0,339.0,341.0,-4.48,3026.0,323.3,245.8
AHPC,10/28/2013,341.0,341.0,336.0,336.0,-1.47,5246.0,323.3,245.8
AHPC,10/29/2013,336.0,342.0,335.0,335.0,-0.3,5004.0,323.3,245.8
AHPC,10/30/2013,335.0,342.0,340.0,340.0,1.49,1622.0,323.3,245.8
AHPC,10/31/2013,340.0,346.0,340.0,340.0,0.0,2017.0,323.3,245.8
AHPC,11/6/2013,340.0,340.0,340.0,340.0,0.0,3800.0,323.3,245.8
AHPC,11/7/2013,340.0,340.0,340.0,340.0,0.0,4318.0,323.3,245.8
AHPC,11/11/2013,347.0,351.0,346.0,350.0,2.94,5165.0,323.3,245.8
AHPC,11/12/2013,350.0,360.0,345.0,360.0,2.86,5057.0,323.3,245.8
AHPC,11/13/2013,360.0,365.0,353.0,353.0,-1.94,9310.0,323.3,245.8
AHPC,11/14/2013,353.0,357.0,352.0,354.0,0.28,3593.0,323.3,245.8
AHPC,11/21/2013,354.0,375.0,361.0,375.0,5.93,581.0,323.3,245.8
AHPC,11/24/2013,375.0,400.0,382.0,396.0,5.6,5527.0,323.3,245.8
AHPC,11/25/2013,396.0,392.0,380.0,383.0,-3.28,2813.0,323.3,245.8
AHPC,11/26/2013,383.0,392.0,380.0,380.0,-0.78,3576.0,323.3,245.8
AHPC,11/27/2013,380.0,383.0,375.0,375.0,-1.32,7535.0,323.3,245.8
AHPC,11/28/2013,375.0,375.0,368.0,369.0,-1.6,4703.0,323.3,245.8
AHPC,12/1/2013,369.0,393.0,370.0,390.0,5.69,6383.0,323.3,245.8
AHPC,12/2/2013,390.0,404.0,395.0,404.0,3.59,9094.0,323.3,245.8
AHPC,12/3/2013,404.0,423.0,403.0,423.0,4.7,23272.0,323.3,245.8
AHPC,12/4/2013,423.0,463.0,431.0,445.0,5.2,19856.0,323.3,245.8
AHPC,12/5/2013,446.0,462.0,430.0,457.0,2.7,36890.0,323.3,245.8
AHPC,12/8/2013,457.0,478.0,457.0,461.0,0.88,23774.0,323.3,245.8
AHPC,12/9/2013,461.0,507.0,461.0,505.0,9.54,43923.0,323.3,245.8
AHPC,12/10/2013,505.0,554.0,501.0,531.0,5.15,20439.0,323.3,245.8
AHPC,12/11/2013,531.0,545.0,522.0,525.0,-1.13,13153.0,323.3,245.8
AHPC,12/12/2013,525.0,535.0,515.0,525.0,0.0,15802.0,323.3,245.8
AHPC,12/15/2013,525.0,545.0,516.0,530.0,0.95,15213.0,323.3,245.8
AHPC,12/16/2013,530.0,551.0,539.0,542.0,2.26,21023.0,323.3,245.8
AHPC,12/18/2013,542.0,575.0,545.0,575.0,6.09,6974.0,323.3,245.8
AHPC,12/19/2013,575.0,575.0,540.0,555.0,-3.48,17136.0,323.3,245.8
AHPC,12/22/2013,555.0,555.0,540.0,544.0,-1.98,11296.0,323.3,245.8
AHPC,12/23/2013,550.0,545.0,538.0,540.0,-0.74,4391.0,323.3,245.8
AHPC,12/24/2013,540.0,550.0,531.0,550.0,1.85,2421.0,323.3,245.8
AHPC,12/26/2013,550.0,570.0,540.0,540.0,-1.82,5350.0,323.3,245.8
AHPC,12/29/2013,540.0,558.0,536.0,554.0,2.59,9619.0,323.3,245.8
AHPC,12/31/2013,554.0,575.0,535.0,570.0,2.89,57046.0,323.3,245.8
AHPC,1/1/2014,570.0,610.0,561.0,600.0,5.26,39460.0,323.3,245.8
AHPC,1/2/2014,600.0,598.0,560.0,596.0,-0.67,30856.0,323.3,245.8
AHPC,1/5/2014,596.0,600.0,579.0,590.0,-1.01,10636.0,323.3,245.8
AHPC,1/6/2014,590.0,591.0,570.0,591.0,0.17,5626.0,323.3,245.8
AHPC,1/7/2014,591.0,605.0,574.0,580.0,-1.86,9287.0,323.3,245.8
AHPC,1/8/2014,580.0,591.0,570.0,581.0,0.17,11168.0,323.3,245.8
AHPC,1/9/2014,581.0,592.0,560.0,582.0,0.17,33079.0,323.3,245.8
AHPC,1/12/2014,582.0,593.0,575.0,581.0,-0.17,9483.0,323.3,245.8
AHPC,1/13/2014,581.0,592.0,580.0,585.0,0.69,2427.0,323.3,245.8
AHPC,1/14/2014,585.0,590.0,579.0,580.0,-0.85,13117.0,323.3,245.8
AHPC,1/16/2014,580.0,605.0,585.0,595.0,2.59,15679.0,323.3,245.8
AHPC,1/19/2014,595.0,608.0,592.0,596.0,0.17,9768.0,323.3,245.8
AHPC,1/20/2014,596.0,610.0,596.0,602.0,1.01,15907.0,323.3,245.8
AHPC,1/21/2014,602.0,617.0,595.0,617.0,2.49,26717.0,323.3,245.8
AHPC,1/22/2014,617.0,610.0,594.0,595.0,-3.57,15057.0,323.3,245.8
AHPC,1/23/2014,595.0,615.0,597.0,615.0,3.36,45203.0,323.3,245.8
AHPC,1/26/2014,615.0,618.0,594.0,607.0,-1.3,58996.0,323.3,245.8
AHPC,1/27/2014,607.0,619.0,600.0,615.0,1.32,31083.0,323.3,245.8
AHPC,1/28/2014,615.0,668.0,615.0,650.0,5.69,54687.0,323.3,245.8
AHPC,1/29/2014,650.0,661.0,620.0,638.0,-1.85,101096.0,323.3,245.8
AHPC,2/2/2014,638.0,657.0,625.0,648.0,1.57,38803.0,323.3,245.8
AHPC,2/3/2014,648.0,655.0,631.0,640.0,-1.23,28090.0,323.3,245.8
AHPC,2/4/2014,640.0,656.0,635.0,650.0,1.56,13328.0,323.3,245.8
AHPC,2/6/2014,662.0,701.0,671.0,698.0,7.38,31277.0,323.3,245.8
AHPC,2/9/2014,698.0,713.0,684.0,695.0,-0.43,46645.0,323.3,245.8
AHPC,2/10/2014,695.0,714.0,668.0,682.0,-1.87,33184.0,323.3,245.8
AHPC,2/11/2014,682.0,694.0,660.0,682.0,0.0,49224.0,323.3,245.8
AHPC,2/12/2014,682.0,685.0,644.0,650.0,-4.69,122454.0,323.3,245.8
AHPC,2/13/2014,375.0,389.0,382.0,389.0,-40.15,82.0,323.3,245.8
AHPC,2/16/2014,389.0,427.0,396.0,427.0,9.77,750.0,323.3,245.8
AHPC,2/17/2014,427.0,469.0,435.0,469.0,9.84,1988.0,323.3,245.8
AHPC,2/18/2014,469.0,515.0,478.0,495.0,5.54,11343.0,323.3,245.8
AHPC,2/20/2014,495.0,503.0,476.0,484.0,-2.22,5087.0,323.3,245.8
AHPC,2/23/2014,484.0,490.0,460.0,460.0,-4.96,12189.0,323.3,245.8
AHPC,2/24/2014,460.0,484.0,460.0,460.0,0.0,16114.0,323.3,245.8
AHPC,2/25/2014,460.0,469.0,459.0,469.0,1.96,4648.0,323.3,245.8
AHPC,2/26/2014,469.0,481.0,455.0,455.0,-2.99,3836.0,323.3,245.8
AHPC,3/3/2014,455.0,456.0,433.0,441.0,-3.08,5203.0,323.3,245.8
AHPC,3/4/2014,441.0,440.0,427.0,438.0,-0.68,2322.0,323.3,245.8
AHPC,3/5/2014,438.0,463.0,430.0,451.0,2.97,2440.0,323.3,245.8
AHPC,3/6/2014,451.0,451.0,437.0,446.0,-1.11,1478.0,323.3,245.8
AHPC,3/9/2014,446.0,450.0,450.0,450.0,0.9,67.0,323.3,245.8
AHPC,3/10/2014,450.0,450.0,433.0,439.0,-2.44,814.0,323.3,245.8
AHPC,3/11/2014,439.0,440.0,400.0,412.0,-6.15,9884.0,323.3,245.8
AHPC,3/12/2014,412.0,407.0,399.0,400.0,-2.91,7964.0,323.3,245.8
AHPC,3/13/2014,400.0,408.0,400.0,400.0,0.0,10034.0,323.3,245.8
AHPC,3/17/2014,400.0,399.0,385.0,385.0,-3.75,1481.0,323.3,245.8
AHPC,3/18/2014,385.0,386.0,360.0,360.0,-6.49,3452.0,323.3,245.8
AHPC,3/19/2014,360.0,395.0,360.0,383.0,6.39,9758.0,323.3,245.8
AHPC,3/20/2014,383.0,400.0,390.0,399.0,4.18,5561.0,323.3,245.8
AHPC,3/23/2014,399.0,401.0,396.0,400.0,0.25,828.0,323.3,245.8
AHPC,3/24/2014,400.0,400.0,392.0,399.0,-0.25,3115.0,323.3,245.8
AHPC,3/25/2014,399.0,405.0,395.0,398.0,-0.25,3465.0,323.3,245.8
AHPC,3/26/2014,398.0,400.0,390.0,392.0,-1.51,3461.0,323.3,245.8
AHPC,3/27/2014,392.0,400.0,394.0,400.0,2.04,4707.0,323.3,245.8
AHPC,3/31/2014,400.0,415.0,400.0,412.0,3.0,3806.0,323.3,245.8
AHPC,4/1/2014,412.0,444.0,420.0,440.0,6.8,2853.0,323.3,245.8
AHPC,4/2/2014,440.0,484.0,436.0,480.0,9.09,10178.0,323.3,245.8
AHPC,4/3/2014,480.0,510.0,466.0,498.0,3.75,9172.0,323.3,245.8
AHPC,4/6/2014,498.0,499.0,453.0,460.0,-7.63,3871.0,323.3,245.8
AHPC,4/7/2014,460.0,456.0,448.0,449.0,-2.39,4414.0,323.3,245.8
AHPC,4/9/2014,449.0,460.0,449.0,459.0,2.23,2535.0,323.3,245.8
AHPC,4/10/2014,459.0,468.0,450.0,468.0,1.96,4374.0,323.3,245.8
AHPC,4/13/2014,468.0,470.0,465.0,470.0,0.43,2003.0,323.3,245.8
AHPC,4/15/2014,470.0,479.0,470.0,470.0,0.0,6204.0,323.3,245.8
AHPC,4/16/2014,470.0,478.0,466.0,472.0,0.43,4895.0,323.3,245.8
AHPC,4/17/2014,472.0,470.0,462.0,465.0,-1.48,2467.0,323.3,245.8
AHPC,4/20/2014,465.0,470.0,450.0,451.0,-3.01,7050.0,323.3,245.8
AHPC,4/21/2014,451.0,460.0,445.0,449.0,-0.44,5303.0,323.3,245.8
AHPC,4/22/2014,449.0,452.0,449.0,450.0,0.22,2464.0,323.3,245.8
AHPC,4/23/2014,450.0,468.0,446.0,450.0,0.0,9625.0,323.3,245.8
AHPC,4/27/2014,450.0,460.0,450.0,455.0,1.11,5598.0,323.3,245.8
AHPC,4/28/2014,455.0,464.0,450.0,464.0,1.98,2923.0,323.3,245.8
AHPC,4/29/2014,464.0,460.0,451.0,451.0,-2.8,2877.0,323.3,245.8
AHPC,4/30/2014,451.0,455.0,442.0,446.0,-1.11,6858.0,323.3,245.8
AHPC,5/4/2014,446.0,454.0,435.0,443.0,-0.67,4403.0,323.3,245.8
AHPC,5/5/2014,443.0,446.0,435.0,444.0,0.23,10800.0,323.3,245.8
AHPC,5/6/2014,444.0,452.0,444.0,451.0,1.58,6809.0,323.3,245.8
AHPC,5/7/2014,451.0,457.0,422.0,443.0,-1.77,11120.0,323.3,245.8
AHPC,5/8/2014,443.0,444.0,430.0,432.0,-2.48,12906.0,323.3,245.8
AHPC,5/11/2014,432.0,440.0,427.0,430.0,-0.46,9930.0,323.3,245.8
AHPC,5/12/2014,430.0,442.0,417.0,431.0,0.23,5807.0,323.3,245.8
AHPC,5/13/2014,431.0,435.0,425.0,432.0,0.23,3379.0,323.3,245.8
AHPC,5/15/2014,432.0,432.0,425.0,427.0,-1.16,2011.0,323.3,245.8
AHPC,5/18/2014,427.0,428.0,420.0,420.0,-1.64,2160.0,323.3,245.8
AHPC,5/19/2014,420.0,430.0,415.0,420.0,0.0,6231.0,323.3,245.8
AHPC,5/20/2014,420.0,430.0,411.0,430.0,2.38,3202.0,323.3,245.8
AHPC,5/21/2014,430.0,425.0,419.0,420.0,-2.33,4824.0,323.3,245.8
AHPC,5/22/2014,420.0,424.0,419.0,424.0,0.95,5616.0,323.3,245.8
AHPC,5/25/2014,424.0,433.0,423.0,423.0,-0.24,11337.0,323.3,245.8
AHPC,5/26/2014,423.0,426.0,420.0,420.0,-0.71,5073.0,323.3,245.8
AHPC,5/27/2014,420.0,425.0,412.0,417.0,-0.71,9612.0,323.3,245.8
AHPC,5/28/2014,417.0,425.0,409.0,411.0,-1.44,12430.0,323.3,245.8
AHPC,6/1/2014,411.0,418.0,406.0,409.0,-0.49,19346.0,323.3,245.8
AHPC,6/2/2014,409.0,423.0,413.0,418.0,2.2,12477.0,323.3,245.8
AHPC,6/3/2014,418.0,435.0,418.0,429.0,2.63,13739.0,323.3,245.8
AHPC,6/4/2014,429.0,435.0,425.0,435.0,1.4,7162.0,323.3,245.8
AHPC,6/5/2014,435.0,430.0,425.0,428.0,-1.61,2724.0,323.3,245.8
AHPC,6/8/2014,428.0,437.0,425.0,434.0,1.4,2495.0,323.3,245.8
AHPC,6/9/2014,434.0,442.0,428.0,433.0,-0.23,6865.0,323.3,245.8
AHPC,6/10/2014,433.0,435.0,428.0,429.0,-0.92,5816.0,323.3,245.8
AHPC,6/11/2014,429.0,434.0,428.0,430.0,0.23,3096.0,323.3,245.8
AHPC,6/12/2014,430.0,430.0,423.0,430.0,0.0,3842.0,323.3,245.8
AHPC,6/15/2014,430.0,438.0,425.0,431.0,0.23,23092.0,323.3,245.8
AHPC,6/16/2014,431.0,459.0,435.0,435.0,0.93,11289.0,323.3,245.8
AHPC,6/17/2014,435.0,448.0,435.0,441.0,1.38,10346.0,323.3,245.8
AHPC,6/18/2014,441.0,449.0,438.0,442.0,0.23,16420.0,323.3,245.8
AHPC,6/19/2014,442.0,443.0,436.0,436.0,-1.36,6176.0,323.3,245.8
AHPC,6/23/2014,436.0,430.0,422.0,422.0,-3.21,4187.0,323.3,245.8
AHPC,6/24/2014,422.0,435.0,425.0,430.0,1.9,12271.0,323.3,245.8
AHPC,6/25/2014,430.0,433.0,425.0,430.0,0.0,12703.0,323.3,245.8
AHPC,6/26/2014,430.0,438.0,427.0,430.0,0.0,14697.0,323.3,245.8
AHPC,6/29/2014,430.0,438.0,428.0,430.0,0.0,25038.0,323.3,245.8
AHPC,6/30/2014,430.0,439.0,425.0,435.0,1.16,21073.0,323.3,245.8
AHPC,7/1/2014,435.0,450.0,428.0,438.0,0.69,43058.0,323.3,245.8
AHPC,7/2/2014,438.0,481.0,435.0,481.0,9.82,181213.0,323.3,245.8
AHPC,7/3/2014,481.0,529.0,472.0,526.0,9.36,173554.0,323.3,245.8
AHPC,7/6/2014,526.0,565.0,536.0,558.0,6.08,91713.0,323.3,245.8
AHPC,7/7/2014,558.0,580.0,531.0,537.0,-3.76,79676.0,323.3,245.8
AHPC,7/8/2014,537.0,551.0,529.0,540.0,0.56,65576.0,323.3,245.8
AHPC,7/9/2014,540.0,550.0,532.0,536.0,-0.74,21978.0,323.3,245.8
AHPC,7/10/2014,536.0,543.0,520.0,540.0,0.75,33101.0,323.3,245.8
AHPC,7/13/2014,540.0,565.0,536.0,546.0,1.11,31424.0,323.3,245.8
AHPC,7/14/2014,546.0,549.0,530.0,536.0,-1.83,31499.0,323.3,245.8
AHPC,7/15/2014,536.0,544.0,530.0,533.0,-0.56,23254.0,323.3,245.8
AHPC,7/16/2014,533.0,546.0,525.0,531.0,-0.38,30929.0,323.3,245.8
AHPC,7/17/2014,531.0,551.0,531.0,540.0,1.69,29574.0,323.3,245.8
AHPC,7/20/2014,540.0,560.0,530.0,546.0,1.11,63663.0,323.3,245.8
AHPC,7/21/2014,546.0,555.0,540.0,546.0,0.0,45770.0,323.3,245.8
AHPC,7/22/2014,546.0,550.0,532.0,535.0,-2.01,23144.0,323.3,245.8
AHPC,7/23/2014,535.0,556.0,538.0,553.0,3.36,44535.0,323.3,245.8
AHPC,7/24/2014,553.0,556.0,540.0,545.0,-1.45,28811.0,323.3,245.8
AHPC,7/27/2014,545.0,566.0,546.0,550.0,0.92,17955.0,323.3,245.8
AHPC,7/28/2014,550.0,555.0,535.0,544.0,-1.09,5645.0,323.3,245.8
AHPC,7/30/2014,544.0,554.0,530.0,540.0,-0.74,21293.0,323.3,245.8
AHPC,7/31/2014,540.0,551.0,536.0,536.0,-0.74,11784.0,323.3,245.8
AHPC,8/3/2014,536.0,542.0,535.0,536.0,0.0,15092.0,323.3,245.8
AHPC,8/4/2014,536.0,541.0,523.0,541.0,0.93,11454.0,323.3,245.8
AHPC,8/5/2014,541.0,560.0,525.0,532.0,-1.66,45163.0,323.3,245.8
AHPC,8/6/2014,532.0,542.0,508.0,540.0,1.5,31619.0,323.3,245.8
AHPC,8/7/2014,540.0,545.0,506.0,513.0,-5.0,43530.0,323.3,245.8
AHPC,8/12/2014,513.0,510.0,492.0,493.0,-3.9,10316.0,323.3,245.8
AHPC,8/13/2014,493.0,510.0,483.0,507.0,2.84,14594.0,323.3,245.8
AHPC,8/14/2014,507.0,552.0,500.0,504.0,-0.59,18250.0,323.3,245.8
AHPC,8/18/2014,504.0,512.0,485.0,489.0,-2.98,31098.0,323.3,245.8
AHPC,8/19/2014,489.0,500.0,478.0,484.0,-1.02,37489.0,323.3,245.8
AHPC,8/20/2014,484.0,489.0,470.0,477.0,-1.45,49533.0,323.3,245.8
AHPC,8/21/2014,477.0,476.0,433.0,476.0,-0.21,60787.0,323.3,245.8
AHPC,8/24/2014,433.0,441.0,417.0,425.0,-10.71,4361.0,323.3,245.8
AHPC,8/25/2014,425.0,420.0,392.0,399.0,-6.12,8257.0,323.3,245.8
AHPC,8/26/2014,399.0,408.0,390.0,395.0,-1.0,11296.0,323.3,245.8
AHPC,8/27/2014,395.0,423.0,400.0,402.0,1.77,19093.0,323.3,245.8
AHPC,8/28/2014,402.0,420.0,402.0,402.0,0.0,21754.0,323.3,245.8
AHPC,8/31/2014,402.0,408.0,397.0,400.0,-0.5,4360.0,323.3,245.8
AHPC,9/1/2014,400.0,398.0,375.0,390.0,-2.5,12355.0,323.3,245.8
AHPC,9/3/2014,390.0,401.0,389.0,390.0,0.0,6471.0,323.3,245.8
AHPC,9/4/2014,390.0,388.0,364.0,380.0,-2.56,6248.0,323.3,245.8
AHPC,9/7/2014,380.0,382.0,370.0,373.0,-1.84,9195.0,323.3,245.8
AHPC,9/9/2014,373.0,391.0,372.0,385.0,3.22,24837.0,323.3,245.8
AHPC,9/10/2014,385.0,399.0,380.0,384.0,-0.26,13305.0,323.3,245.8
AHPC,9/11/2014,384.0,384.0,377.0,380.0,-1.04,3617.0,323.3,245.8
AHPC,9/14/2014,380.0,387.0,372.0,380.0,0.0,6156.0,323.3,245.8
AHPC,9/15/2014,380.0,385.0,375.0,385.0,1.32,7966.0,323.3,245.8
AHPC,9/16/2014,385.0,388.0,380.0,385.0,0.0,4776.0,323.3,245.8
AHPC,9/17/2014,385.0,388.0,380.0,383.0,-0.52,4429.0,323.3,245.8
AHPC,9/18/2014,383.0,385.0,376.0,382.0,-0.26,3101.0,323.3,245.8
AHPC,9/21/2014,382.0,375.0,360.0,363.0,-4.97,13965.0,323.3,245.8
AHPC,9/22/2014,363.0,370.0,348.0,348.0,-4.13,3918.0,323.3,245.8
AHPC,9/23/2014,348.0,370.0,350.0,361.0,3.74,2487.0,323.3,245.8
AHPC,9/24/2014,361.0,386.0,362.0,386.0,6.93,2232.0,323.3,245.8
AHPC,9/28/2014,386.0,397.0,381.0,396.0,2.59,4265.0,323.3,245.8
AHPC,9/29/2014,396.0,408.0,389.0,400.0,1.01,4911.0,323.3,245.8
AHPC,9/30/2014,400.0,407.0,387.0,387.0,-3.25,10947.0,323.3,245.8
AHPC,10/8/2014,387.0,380.0,380.0,380.0,-1.81,97.0,323.3,245.8
AHPC,10/9/2014,380.0,380.0,373.0,380.0,0.0,3445.0,323.3,245.8
AHPC,10/12/2014,380.0,381.0,363.0,375.0,-1.32,4927.0,323.3,245.8
AHPC,10/13/2014,375.0,380.0,360.0,375.0,0.0,10243.0,323.3,245.8
AHPC,10/14/2014,375.0,376.0,369.0,374.0,-0.27,4101.0,323.3,245.8
AHPC,10/15/2014,374.0,379.0,374.0,376.0,0.53,4234.0,323.3,245.8
AHPC,10/16/2014,376.0,384.0,380.0,384.0,2.13,2263.0,323.3,245.8
AHPC,10/19/2014,384.0,386.0,370.0,376.0,-2.08,5059.0,323.3,245.8
AHPC,10/20/2014,376.0,388.0,369.0,378.0,0.53,1465.0,323.3,245.8
AHPC,10/21/2014,378.0,391.0,371.0,391.0,3.44,3242.0,323.3,245.8
AHPC,10/22/2014,391.0,391.0,385.0,387.0,-1.02,2382.0,323.3,245.8
AHPC,10/26/2014,387.0,390.0,384.0,384.0,-0.78,600.0,323.3,245.8
AHPC,10/27/2014,384.0,394.0,380.0,380.0,-1.04,4355.0,323.3,245.8
AHPC,10/28/2014,380.0,390.0,381.0,381.0,0.26,2747.0,323.3,245.8
AHPC,10/30/2014,381.0,382.0,375.0,379.0,-0.52,1153.0,323.3,245.8
AHPC,11/2/2014,379.0,379.0,368.0,368.0,-2.9,2538.0,323.3,245.8
AHPC,11/3/2014,368.0,370.0,361.0,368.0,0.0,3894.0,323.3,245.8
AHPC,11/4/2014,368.0,367.0,358.0,365.0,-0.82,5407.0,323.3,245.8
AHPC,11/5/2014,365.0,370.0,352.0,366.0,0.27,3375.0,323.3,245.8
AHPC,11/6/2014,366.0,370.0,363.0,367.0,0.27,2942.0,323.3,245.8
AHPC,11/9/2014,367.0,366.0,354.0,360.0,-1.91,10021.0,323.3,245.8
AHPC,11/10/2014,360.0,361.0,350.0,352.0,-2.22,6199.0,323.3,245.8
AHPC,11/11/2014,352.0,370.0,352.0,370.0,5.11,4739.0,323.3,245.8
AHPC,11/12/2014,370.0,369.0,361.0,361.0,-2.43,1205.0,323.3,245.8
AHPC,11/13/2014,361.0,361.0,355.0,359.0,-0.55,4011.0,323.3,245.8
AHPC,11/16/2014,359.0,362.0,351.0,353.0,-1.67,3335.0,323.3,245.8
AHPC,11/17/2014,353.0,355.0,333.0,340.0,-3.68,7615.0,323.3,245.8
AHPC,11/18/2014,340.0,346.0,330.0,340.0,0.0,5172.0,323.3,245.8
AHPC,11/19/2014,340.0,359.0,340.0,350.0,2.94,4637.0,323.3,245.8
AHPC,11/20/2014,350.0,370.0,355.0,365.0,4.29,2633.0,323.3,245.8
AHPC,11/23/2014,365.0,380.0,358.0,363.0,-0.55,7276.0,323.3,245.8
AHPC,11/24/2014,363.0,361.0,355.0,355.0,-2.2,5067.0,323.3,245.8
AHPC,11/25/2014,355.0,360.0,350.0,354.0,-0.28,3039.0,323.3,245.8
AHPC,11/30/2014,354.0,363.0,350.0,355.0,0.28,2169.0,323.3,245.8
AHPC,12/1/2014,355.0,360.0,347.0,347.0,-2.25,4993.0,323.3,245.8
AHPC,12/2/2014,347.0,352.0,342.0,343.0,-1.15,6539.0,323.3,245.8
AHPC,12/3/2014,343.0,357.0,337.0,350.0,2.04,7340.0,323.3,245.8
AHPC,12/4/2014,350.0,356.0,350.0,350.0,0.0,4714.0,323.3,245.8
AHPC,12/7/2014,350.0,355.0,348.0,350.0,0.0,3241.0,323.3,245.8
AHPC,12/8/2014,350.0,352.0,350.0,350.0,0.0,1552.0,323.3,245.8
AHPC,12/9/2014,350.0,351.0,349.0,350.0,0.0,1542.0,323.3,245.8
AHPC,12/10/2014,350.0,364.0,350.0,352.0,0.57,4880.0,323.3,245.8
AHPC,12/11/2014,352.0,362.0,348.0,362.0,2.84,6769.0,323.3,245.8
AHPC,12/14/2014,362.0,390.0,369.0,382.0,5.52,6083.0,323.3,245.8
AHPC,12/15/2014,382.0,391.0,361.0,384.0,0.52,17687.0,323.3,245.8
AHPC,12/16/2014,384.0,381.0,370.0,374.0,-2.6,10113.0,323.3,245.8
AHPC,12/17/2014,374.0,376.0,367.0,370.0,-1.07,4450.0,323.3,245.8
AHPC,12/18/2014,370.0,367.0,356.0,362.0,-2.16,4696.0,323.3,245.8
AHPC,12/21/2014,362.0,358.0,355.0,357.0,-1.38,2254.0,323.3,245.8
AHPC,12/22/2014,357.0,357.0,351.0,355.0,-0.56,2677.0,323.3,245.8
AHPC,12/23/2014,355.0,354.0,346.0,350.0,-1.41,7836.0,323.3,245.8
AHPC,12/24/2014,350.0,360.0,350.0,353.0,0.86,13872.0,323.3,245.8
AHPC,12/28/2014,353.0,374.0,355.0,374.0,5.95,5716.0,323.3,245.8
AHPC,12/29/2014,374.0,372.0,362.0,372.0,-0.53,1849.0,323.3,245.8
AHPC,12/31/2014,372.0,365.0,355.0,362.0,-2.69,5587.0,323.3,245.8
AHPC,1/1/2015,362.0,365.0,360.0,360.0,-0.55,2812.0,323.3,245.8
AHPC,1/4/2015,360.0,367.0,358.0,362.0,0.56,6607.0,323.3,245.8
AHPC,1/5/2015,362.0,369.0,360.0,362.0,0.0,8022.0,323.3,245.8
AHPC,1/6/2015,362.0,369.0,351.0,355.0,-1.93,3966.0,323.3,245.8
AHPC,1/7/2015,355.0,365.0,352.0,357.0,0.56,12041.0,323.3,245.8
AHPC,1/8/2015,357.0,370.0,355.0,360.0,0.84,12627.0,323.3,245.8
AHPC,1/11/2015,360.0,365.0,355.0,357.0,-0.83,7686.0,323.3,245.8
AHPC,1/12/2015,357.0,360.0,351.0,359.0,0.56,6692.0,323.3,245.8
AHPC,1/13/2015,359.0,366.0,353.0,366.0,1.95,3131.0,323.3,245.8
AHPC,1/14/2015,366.0,370.0,365.0,367.0,0.27,3870.0,323.3,245.8
AHPC,1/18/2015,367.0,370.0,363.0,363.0,-1.09,5197.0,323.3,245.8
AHPC,1/19/2015,363.0,398.0,369.0,375.0,3.31,11524.0,323.3,245.8
AHPC,1/20/2015,375.0,380.0,366.0,369.0,-1.6,5260.0,323.3,245.8
AHPC,1/22/2015,369.0,373.0,363.0,367.0,-0.54,5315.0,323.3,245.8
AHPC,1/25/2015,367.0,372.0,355.0,372.0,1.36,3018.0,323.3,245.8
AHPC,1/26/2015,372.0,375.0,361.0,366.0,-1.61,4844.0,323.3,245.8
AHPC,1/27/2015,366.0,374.0,350.0,374.0,2.19,20013.0,323.3,245.8
AHPC,1/28/2015,374.0,388.0,370.0,375.0,0.27,12374.0,323.3,245.8
AHPC,1/29/2015,375.0,380.0,369.0,375.0,0.0,12603.0,323.3,245.8
AHPC,2/1/2015,375.0,373.0,368.0,373.0,-0.53,12533.0,323.3,245.8
AHPC,2/2/2015,373.0,378.0,370.0,372.0,-0.27,3067.0,323.3,245.8
AHPC,2/3/2015,372.0,371.0,365.0,370.0,-0.54,6489.0,323.3,245.8
AHPC,2/4/2015,370.0,368.0,360.0,363.0,-1.89,3334.0,323.3,245.8
AHPC,2/5/2015,363.0,365.0,360.0,362.0,-0.28,8844.0,323.3,245.8
AHPC,2/8/2015,362.0,368.0,359.0,360.0,-0.55,10918.0,323.3,245.8
AHPC,2/9/2015,360.0,365.0,354.0,360.0,0.0,8575.0,323.3,245.8
AHPC,2/10/2015,360.0,364.0,357.0,360.0,0.0,4313.0,323.3,245.8
AHPC,2/11/2015,360.0,363.0,346.0,363.0,0.83,4575.0,323.3,245.8
AHPC,2/12/2015,363.0,365.0,358.0,358.0,-1.38,3601.0,323.3,245.8
AHPC,2/15/2015,358.0,360.0,351.0,354.0,-1.12,11221.0,323.3,245.8
AHPC,2/16/2015,354.0,354.0,343.0,352.0,-0.56,18079.0,323.3,245.8
AHPC,2/18/2015,352.0,361.0,350.0,353.0,0.28,6118.0,323.3,245.8
AHPC,2/22/2015,353.0,353.0,347.0,348.0,-1.42,9716.0,323.3,245.8
AHPC,2/23/2015,348.0,354.0,342.0,348.0,0.0,3972.0,323.3,245.8
AHPC,2/24/2015,348.0,349.0,343.0,348.0,0.0,4136.0,323.3,245.8
AHPC,2/25/2015,348.0,350.0,343.0,348.0,0.0,9581.0,323.3,245.8
AHPC,2/26/2015,348.0,356.0,346.0,355.0,2.01,2698.0,323.3,245.8
AHPC,3/1/2015,355.0,349.0,345.0,347.0,-2.25,2959.0,323.3,245.8
AHPC,3/2/2015,347.0,351.0,347.0,351.0,1.15,6723.0,323.3,245.8
AHPC,3/3/2015,351.0,357.0,345.0,346.0,-1.42,3217.0,323.3,245.8
AHPC,3/4/2015,346.0,354.0,341.0,350.0,1.16,3456.0,323.3,245.8
AHPC,3/9/2015,350.0,355.0,350.0,354.0,1.14,9350.0,323.3,245.8
AHPC,3/10/2015,354.0,353.0,348.0,349.0,-1.41,1925.0,323.3,245.8
AHPC,3/11/2015,349.0,354.0,346.0,352.0,0.86,5899.0,323.3,245.8
AHPC,3/12/2015,352.0,355.0,348.0,348.0,-1.14,1520.0,323.3,245.8
AHPC,3/15/2015,348.0,348.0,344.0,345.0,-0.86,5636.0,323.3,245.8
AHPC,3/16/2015,345.0,348.0,340.0,341.0,-1.16,7456.0,323.3,245.8
AHPC,3/17/2015,341.0,345.0,335.0,345.0,1.17,2278.0,323.3,245.8
AHPC,3/18/2015,345.0,346.0,335.0,344.0,-0.29,5413.0,323.3,245.8
AHPC,3/19/2015,344.0,358.0,342.0,358.0,4.07,4124.0,323.3,245.8
AHPC,3/22/2015,358.0,368.0,345.0,347.0,-3.07,4075.0,323.3,245.8
AHPC,3/23/2015,347.0,345.0,334.0,341.0,-1.73,7523.0,323.3,245.8
AHPC,3/24/2015,341.0,346.0,335.0,340.0,-0.29,2149.0,323.3,245.8
AHPC,3/25/2015,340.0,344.0,340.0,343.0,0.88,3185.0,323.3,245.8
AHPC,3/26/2015,343.0,343.0,337.0,341.0,-0.58,4501.0,323.3,245.8
AHPC,3/29/2015,341.0,341.0,335.0,336.0,-1.47,4270.0,323.3,245.8
AHPC,3/30/2015,336.0,345.0,334.0,345.0,2.68,2845.0,323.3,245.8
AHPC,3/31/2015,345.0,343.0,337.0,342.0,-0.87,5880.0,323.3,245.8
AHPC,4/1/2015,342.0,346.0,340.0,343.0,0.29,1514.0,323.3,245.8
AHPC,4/2/2015,343.0,342.0,337.0,337.0,-1.75,3753.0,323.3,245.8
AHPC,4/5/2015,337.0,343.0,338.0,340.0,0.89,2685.0,323.3,245.8
AHPC,4/6/2015,340.0,340.0,332.0,336.0,-1.18,3670.0,323.3,245.8
AHPC,4/7/2015,336.0,340.0,333.0,338.0,0.6,2975.0,323.3,245.8
AHPC,4/8/2015,338.0,340.0,335.0,339.0,0.3,3230.0,323.3,245.8
AHPC,4/9/2015,339.0,342.0,334.0,336.0,-0.88,3751.0,323.3,245.8
AHPC,4/12/2015,336.0,348.0,342.0,344.0,2.38,2840.0,323.3,245.8
AHPC,4/13/2015,344.0,347.0,340.0,345.0,0.29,4619.0,323.3,245.8
AHPC,4/15/2015,345.0,345.0,340.0,345.0,0.0,1709.0,323.3,245.8
AHPC,4/16/2015,345.0,341.0,337.0,337.0,-2.32,2693.0,323.3,245.8
AHPC,4/19/2015,337.0,345.0,334.0,345.0,2.37,7789.0,323.3,245.8
AHPC,4/20/2015,345.0,348.0,340.0,348.0,0.87,5167.0,323.3,245.8
AHPC,4/21/2015,348.0,351.0,349.0,350.0,0.57,849.0,323.3,245.8
AHPC,4/22/2015,350.0,352.0,342.0,350.0,0.0,2309.0,323.3,245.8
AHPC,4/23/2015,350.0,347.0,340.0,346.0,-1.14,3665.0,323.3,245.8
AHPC,5/24/2015,346.0,340.0,322.0,322.0,-6.94,46.0,323.3,245.8
AHPC,5/25/2015,322.0,316.0,290.0,290.0,-9.94,1062.0,323.3,245.8
AHPC,5/26/2015,290.0,295.0,272.0,275.0,-5.17,15445.0,323.3,245.8
AHPC,5/27/2015,275.0,278.0,255.0,265.0,-3.64,7572.0,323.3,245.8
AHPC,5/28/2015,265.0,280.0,265.0,279.0,5.28,7879.0,323.3,245.8
AHPC,5/31/2015,279.0,300.0,282.0,299.0,7.17,7909.0,323.3,245.8
AHPC,6/1/2015,299.0,309.0,300.0,302.0,1.0,8778.0,323.3,245.8
AHPC,6/2/2015,302.0,308.0,295.0,308.0,1.99,6997.0,323.3,245.8
AHPC,6/3/2015,308.0,322.0,304.0,322.0,4.55,4734.0,323.3,245.8
AHPC,6/4/2015,322.0,326.0,320.0,326.0,1.24,9099.0,323.3,245.8
AHPC,6/7/2015,326.0,331.0,322.0,330.0,1.23,4996.0,323.3,245.8
AHPC,6/8/2015,330.0,351.0,330.0,346.0,4.85,4529.0,323.3,245.8
AHPC,6/9/2015,346.0,358.0,350.0,353.0,2.02,8335.0,323.3,245.8
AHPC,6/10/2015,353.0,360.0,340.0,340.0,-3.68,1489.0,323.3,245.8
AHPC,6/11/2015,340.0,334.0,324.0,327.0,-3.82,7078.0,323.3,245.8
AHPC,6/14/2015,327.0,330.0,324.0,325.0,-0.61,7918.0,323.3,245.8
AHPC,6/15/2015,325.0,335.0,325.0,335.0,3.08,4294.0,323.3,245.8
AHPC,6/16/2015,334.0,335.0,323.0,328.0,-2.09,4779.0,323.3,245.8
AHPC,6/17/2015,328.0,334.0,322.0,329.0,0.3,2616.0,323.3,245.8
AHPC,6/18/2015,329.0,335.0,335.0,335.0,1.82,32.0,323.3,245.8
AHPC,6/21/2015,335.0,334.0,314.0,318.0,-5.07,2379.0,323.3,245.8
AHPC,6/22/2015,318.0,324.0,312.0,318.0,0.0,7014.0,323.3,245.8
AHPC,6/23/2015,318.0,323.0,312.0,323.0,1.57,6719.0,323.3,245.8
AHPC,6/24/2015,323.0,333.0,318.0,318.0,-1.55,2008.0,323.3,245.8
AHPC,6/25/2015,318.0,333.0,317.0,324.0,1.89,4048.0,323.3,245.8
AHPC,6/28/2015,324.0,326.0,318.0,320.0,-1.23,8532.0,323.3,245.8
AHPC,6/29/2015,320.0,326.0,319.0,325.0,1.56,3261.0,323.3,245.8
AHPC,6/30/2015,325.0,325.0,320.0,321.0,-1.23,1106.0,323.3,245.8
AHPC,7/1/2015,321.0,325.0,318.0,318.0,-0.93,5335.0,323.3,245.8
AHPC,7/2/2015,318.0,318.0,312.0,315.0,-0.94,3214.0,323.3,245.8
AHPC,7/5/2015,315.0,316.0,309.0,315.0,0.0,2399.0,323.3,245.8
AHPC,7/6/2015,315.0,319.0,314.0,315.0,0.0,5348.0,323.3,245.8
AHPC,7/7/2015,315.0,324.0,312.0,312.0,-0.95,3154.0,323.3,245.8
AHPC,7/8/2015,312.0,331.0,315.0,331.0,6.09,573.0,323.3,245.8
AHPC,7/9/2015,331.0,325.0,314.0,319.0,-3.63,3088.0,323.3,245.8
AHPC,7/12/2015,319.0,319.0,317.0,318.0,-0.31,4179.0,323.3,245.8
AHPC,7/13/2015,318.0,322.0,315.0,318.0,0.0,7194.0,323.3,245.8
AHPC,7/14/2015,318.0,321.0,318.0,321.0,0.94,4121.0,323.3,245.8
AHPC,7/15/2015,321.0,322.0,318.0,322.0,0.31,3872.0,323.3,245.8
AHPC,7/16/2015,322.0,321.0,317.0,319.0,-0.93,881.0,323.3,245.8
AHPC,7/22/2015,319.0,320.0,313.0,316.0,-0.94,8554.0,323.3,245.8
AHPC,7/23/2015,316.0,322.0,317.0,320.0,1.27,9595.0,323.3,245.8
AHPC,7/26/2015,320.0,344.0,326.0,344.0,7.5,1700.0,323.3,245.8
AHPC,7/27/2015,344.0,350.0,323.0,323.0,-6.1,5870.0,323.3,245.8
AHPC,7/28/2015,323.0,319.0,310.0,310.0,-4.02,9134.0,323.3,245.8
AHPC,7/29/2015,310.0,313.0,305.0,308.0,-0.65,9298.0,323.3,245.8
AHPC,7/30/2015,308.0,319.0,309.0,313.0,1.62,16138.0,323.3,245.8
AHPC,8/2/2015,313.0,314.0,308.0,312.0,-0.32,1361.0,323.3,245.8
AHPC,8/3/2015,312.0,311.0,304.0,305.0,-2.24,10963.0,323.3,245.8
AHPC,8/4/2015,305.0,313.0,305.0,310.0,1.64,6855.0,323.3,245.8
AHPC,8/5/2015,310.0,314.0,305.0,308.0,-0.65,7533.0,323.3,245.8
AHPC,8/6/2015,308.0,313.0,300.0,300.0,-2.6,10766.0,323.3,245.8
AHPC,8/9/2015,300.0,310.0,300.0,303.0,1.0,18895.0,323.3,245.8
AHPC,8/10/2015,303.0,308.0,300.0,304.0,0.33,13455.0,323.3,245.8
AHPC,8/11/2015,304.0,305.0,298.0,300.0,-1.32,14170.0,323.3,245.8
AHPC,8/12/2015,300.0,304.0,295.0,300.0,0.0,6365.0,323.3,245.8
AHPC,8/13/2015,300.0,301.0,298.0,298.0,-0.67,11156.0,323.3,245.8
AHPC,8/16/2015,298.0,306.0,272.0,288.0,-3.36,5088.0,323.3,245.8
AHPC,8/17/2015,288.0,303.0,292.0,299.0,3.82,6382.0,323.3,245.8
AHPC,8/18/2015,299.0,300.0,294.0,294.0,-1.67,9602.0,323.3,245.8
AHPC,8/19/2015,294.0,300.0,288.0,296.0,0.68,11580.0,323.3,245.8
AHPC,8/20/2015,296.0,298.0,290.0,292.0,-1.35,14022.0,323.3,245.8
AHPC,8/23/2015,292.0,287.0,272.0,275.0,-5.82,10384.0,323.3,245.8
AHPC,8/24/2015,275.0,286.0,265.0,280.0,1.82,24531.0,323.3,245.8
AHPC,8/25/2015,280.0,284.0,265.0,280.0,0.0,17311.0,323.3,245.8
AHPC,8/26/2015,280.0,285.0,271.0,281.0,0.36,17432.0,323.3,245.8
AHPC,8/27/2015,281.0,283.0,277.0,283.0,0.71,2219.0,323.3,245.8
AHPC,8/31/2015,283.0,283.0,275.0,277.0,-2.12,2512.0,323.3,245.8
AHPC,9/1/2015,277.0,282.0,272.0,282.0,1.81,18241.0,323.3,245.8
AHPC,9/2/2015,282.0,285.0,280.0,283.0,0.35,2160.0,323.3,245.8
AHPC,9/3/2015,283.0,287.0,280.0,286.0,1.06,4379.0,323.3,245.8
AHPC,9/6/2015,286.0,285.0,278.0,280.0,-2.1,7040.0,323.3,245.8
AHPC,9/7/2015,280.0,279.0,268.0,278.0,-0.71,3764.0,323.3,245.8
AHPC,9/8/2015,278.0,277.0,271.0,277.0,-0.36,4777.0,323.3,245.8
AHPC,9/9/2015,277.0,282.0,275.0,280.0,1.08,3125.0,323.3,245.8
AHPC,9/10/2015,280.0,280.0,274.0,279.0,-0.36,3873.0,323.3,245.8
AHPC,9/13/2015,279.0,277.0,270.0,270.0,-3.23,7073.0,323.3,245.8
AHPC,9/14/2015,270.0,283.0,274.0,280.0,3.7,1639.0,323.3,245.8
AHPC,9/15/2015,280.0,288.0,282.0,284.0,1.43,6124.0,323.3,245.8
AHPC,9/16/2015,284.0,285.0,280.0,280.0,-1.41,2247.0,323.3,245.8
AHPC,9/17/2015,280.0,285.0,280.0,284.0,1.43,4486.0,323.3,245.8
AHPC,9/22/2015,284.0,280.0,280.0,280.0,-1.41,369.0,323.3,245.8
AHPC,9/23/2015,280.0,299.0,282.0,291.0,3.93,6330.0,323.3,245.8
AHPC,9/24/2015,291.0,286.0,280.0,280.0,-3.78,2688.0,323.3,245.8
AHPC,9/29/2015,280.0,281.0,276.0,280.0,0.0,9447.0,323.3,245.8
AHPC,9/30/2015,280.0,283.0,280.0,281.0,0.36,1700.0,323.3,245.8
AHPC,10/1/2015,281.0,280.0,271.0,276.0,-1.78,1632.0,323.3,245.8
AHPC,10/4/2015,276.0,280.0,273.0,276.0,0.0,10168.0,323.3,245.8
AHPC,10/5/2015,276.0,278.0,273.0,278.0,0.72,4836.0,323.3,245.8
AHPC,10/6/2015,278.0,279.0,273.0,275.0,-1.08,5098.0,323.3,245.8
AHPC,10/7/2015,275.0,274.0,267.0,274.0,-0.36,4193.0,323.3,245.8
AHPC,10/8/2015,274.0,277.0,266.0,277.0,1.09,4508.0,323.3,245.8
AHPC,10/11/2015,277.0,279.0,272.0,277.0,0.0,13224.0,323.3,245.8
AHPC,10/14/2015,277.0,273.0,271.0,271.0,-2.17,201.0,323.3,245.8
AHPC,10/15/2015,271.0,273.0,266.0,266.0,-1.85,884.0,323.3,245.8
AHPC,10/18/2015,266.0,270.0,261.0,266.0,0.0,2058.0,323.3,245.8
AHPC,10/27/2015,266.0,266.0,257.0,259.0,-2.63,1846.0,323.3,245.8
AHPC,10/28/2015,259.0,255.0,251.0,255.0,-1.54,2002.0,323.3,245.8
AHPC,10/29/2015,255.0,265.0,255.0,265.0,3.92,1607.0,323.3,245.8
AHPC,11/1/2015,265.0,273.0,267.0,269.0,1.51,6745.0,323.3,245.8
AHPC,11/2/2015,269.0,280.0,269.0,275.0,2.23,2115.0,323.3,245.8
AHPC,11/3/2015,275.0,281.0,275.0,281.0,2.18,2583.0,323.3,245.8
AHPC,11/4/2015,281.0,280.0,272.0,272.0,-3.2,2788.0,323.3,245.8
AHPC,11/5/2015,272.0,299.0,270.0,299.0,9.93,2874.0,323.3,245.8
AHPC,11/8/2015,299.0,296.0,289.0,296.0,-1.0,296.0,323.3,245.8
AHPC,11/9/2015,296.0,291.0,271.0,272.0,-8.11,734.0,323.3,245.8
AHPC,11/10/2015,272.0,275.0,268.0,272.0,0.0,4406.0,323.3,245.8
AHPC,11/15/2015,272.0,270.0,262.0,270.0,-0.74,303.0,323.3,245.8
AHPC,11/16/2015,270.0,270.0,268.0,268.0,-0.74,2184.0,323.3,245.8
AHPC,11/18/2015,268.0,273.0,268.0,271.0,1.12,2833.0,323.3,245.8
AHPC,11/19/2015,271.0,270.0,265.0,267.0,-1.48,1550.0,323.3,245.8
AHPC,11/22/2015,267.0,265.0,255.0,256.0,-4.12,6871.0,323.3,245.8
AHPC,11/23/2015,256.0,261.0,252.0,261.0,1.95,1376.0,323.3,245.8
AHPC,11/24/2015,261.0,278.0,260.0,278.0,6.51,4441.0,323.3,245.8
AHPC,11/25/2015,278.0,273.0,258.0,268.0,-3.6,2639.0,323.3,245.8
AHPC,11/26/2015,268.0,268.0,258.0,260.0,-2.99,1484.0,323.3,245.8
AHPC,11/29/2015,260.0,256.0,251.0,253.0,-2.69,4283.0,323.3,245.8
AHPC,11/30/2015,253.0,267.0,255.0,267.0,5.53,3588.0,323.3,245.8
AHPC,12/1/2015,267.0,266.0,260.0,264.0,-1.12,5524.0,323.3,245.8
AHPC,12/2/2015,264.0,275.0,257.0,275.0,4.17,4455.0,323.3,245.8
AHPC,12/3/2015,275.0,280.0,269.0,280.0,1.82,482.0,323.3,245.8
AHPC,12/6/2015,280.0,279.0,270.0,270.0,-3.57,2748.0,323.3,245.8
AHPC,12/7/2015,270.0,265.0,260.0,260.0,-3.7,4152.0,323.3,245.8
AHPC,12/8/2015,260.0,263.0,258.0,263.0,1.15,3447.0,323.3,245.8
AHPC,12/9/2015,263.0,265.0,260.0,265.0,0.76,3823.0,323.3,245.8
AHPC,12/10/2015,265.0,268.0,260.0,263.0,-0.75,3245.0,323.3,245.8
AHPC,12/13/2015,263.0,272.0,263.0,270.0,2.66,3276.0,323.3,245.8
AHPC,12/14/2015,270.0,270.0,264.0,270.0,0.0,531.0,323.3,245.8
AHPC,12/15/2015,270.0,267.0,258.0,265.0,-1.85,1957.0,323.3,245.8
AHPC,12/16/2015,265.0,265.0,260.0,260.0,-1.89,10395.0,323.3,245.8
AHPC,12/17/2015,260.0,261.0,257.0,260.0,0.0,6204.0,323.3,245.8
AHPC,12/20/2015,260.0,260.0,258.0,260.0,0.0,10840.0,323.3,245.8
AHPC,12/21/2015,260.0,259.0,255.0,258.0,-0.77,2708.0,323.3,245.8
AHPC,12/22/2015,258.0,263.0,257.0,258.0,0.0,4944.0,323.3,245.8
AHPC,12/23/2015,258.0,261.0,255.0,260.0,0.78,1794.0,323.3,245.8
AHPC,12/24/2015,260.0,260.0,253.0,258.0,-0.77,1469.0,323.3,245.8
AHPC,12/27/2015,258.0,263.0,255.0,259.0,0.39,1606.0,323.3,245.8
AHPC,12/28/2015,259.0,258.0,253.0,255.0,-1.54,11495.0,323.3,245.8
AHPC,12/29/2015,255.0,262.0,254.0,255.0,0.0,2124.0,323.3,245.8
AHPC,12/31/2015,255.0,264.0,254.0,260.0,1.96,4564.0,323.3,245.8
AHPC,1/3/2016,260.0,258.0,253.0,256.0,-1.54,3910.0,323.3,245.8
AHPC,1/4/2016,256.0,261.0,254.0,257.0,0.39,5072.0,323.3,245.8
AHPC,1/5/2016,257.0,275.0,252.0,270.0,5.06,8473.0,323.3,245.8
AHPC,1/6/2016,270.0,268.0,254.0,262.0,-2.96,5504.0,323.3,245.8
AHPC,1/7/2016,262.0,265.0,254.0,256.0,-2.29,5041.0,323.3,245.8
AHPC,1/10/2016,256.0,261.0,255.0,257.0,0.39,4883.0,323.3,245.8
AHPC,1/11/2016,257.0,261.0,250.0,260.0,1.17,10060.0,323.3,245.8
AHPC,1/12/2016,260.0,260.0,253.0,260.0,0.0,6323.0,323.3,245.8
AHPC,1/13/2016,260.0,265.0,255.0,260.0,0.0,8237.0,323.3,245.8
AHPC,1/14/2016,260.0,266.0,257.0,260.0,0.0,11367.0,323.3,245.8
AHPC,1/19/2016,260.0,285.0,265.0,285.0,9.62,50.0,323.3,245.8
AHPC,1/20/2016,285.0,312.0,290.0,312.0,9.47,50.0,323.3,245.8
AHPC,1/21/2016,312.0,343.0,318.0,343.0,9.94,2600.0,323.3,245.8
AHPC,1/24/2016,343.0,349.0,345.0,349.0,1.75,210.0,323.3,245.8
AHPC,1/25/2016,349.0,361.0,355.0,361.0,3.44,226.0,323.3,245.8
AHPC,1/27/2016,361.0,354.0,354.0,354.0,-1.94,20.0,323.3,245.8
AHPC,1/28/2016,354.0,347.0,341.0,341.0,-3.67,44.0,323.3,245.8
AHPC,2/1/2016,341.0,335.0,335.0,335.0,-1.76,100.0,323.3,245.8
AHPC,2/4/2016,335.0,329.0,329.0,329.0,-1.79,10.0,323.3,245.8
AHPC,2/7/2016,329.0,323.0,297.0,297.0,-9.73,5570.0,323.3,245.8
AHPC,2/8/2016,297.0,322.0,281.0,305.0,2.69,30502.0,323.3,245.8
AHPC,2/11/2016,305.0,305.0,294.0,295.0,-3.28,7276.0,323.3,245.8
AHPC,2/14/2016,295.0,304.0,290.0,300.0,1.69,14582.0,323.3,245.8
AHPC,2/15/2016,300.0,310.0,297.0,298.0,-0.67,9010.0,323.3,245.8
AHPC,2/16/2016,298.0,303.0,290.0,299.0,0.34,4320.0,323.3,245.8
AHPC,2/17/2016,299.0,299.0,294.0,298.0,-0.33,3025.0,323.3,245.8
AHPC,2/18/2016,298.0,300.0,294.0,296.0,-0.67,7735.0,323.3,245.8
AHPC,2/21/2016,296.0,301.0,298.0,301.0,1.69,10123.0,323.3,245.8
AHPC,2/22/2016,301.0,306.0,297.0,306.0,1.66,11438.0,323.3,245.8
AHPC,2/23/2016,306.0,302.0,301.0,301.0,-1.63,3494.0,323.3,245.8
AHPC,2/24/2016,301.0,300.0,297.0,300.0,-0.33,1230.0,323.3,245.8
AHPC,2/25/2016,300.0,298.0,295.0,298.0,-0.67,1770.0,323.3,245.8
AHPC,2/28/2016,298.0,303.0,294.0,294.0,-1.34,6537.0,323.3,245.8
AHPC,2/29/2016,294.0,293.0,290.0,290.0,-1.36,2597.0,323.3,245.8
AHPC,3/1/2016,290.0,291.0,286.0,291.0,0.34,1900.0,323.3,245.8
AHPC,3/2/2016,291.0,301.0,286.0,301.0,3.44,2109.0,323.3,245.8
AHPC,3/3/2016,301.0,300.0,289.0,297.0,-1.33,5180.0,323.3,245.8
AHPC,3/6/2016,297.0,306.0,295.0,295.0,-0.67,7987.0,323.3,245.8
AHPC,3/10/2016,295.0,324.0,298.0,324.0,9.83,28846.0,323.3,245.8
AHPC,3/13/2016,324.0,356.0,330.0,356.0,9.88,75657.0,323.3,245.8
AHPC,3/14/2016,356.0,391.0,363.0,375.0,5.34,72120.0,323.3,245.8
AHPC,3/15/2016,375.0,370.0,341.0,341.0,-9.07,36177.0,323.3,245.8
AHPC,3/16/2016,341.0,338.0,325.0,334.0,-2.05,12334.0,323.3,245.8
AHPC,3/17/2016,334.0,340.0,323.0,340.0,1.8,14994.0,323.3,245.8
AHPC,3/20/2016,340.0,346.0,329.0,339.0,-0.29,10824.0,323.3,245.8
AHPC,3/21/2016,339.0,345.0,330.0,330.0,-2.65,11009.0,323.3,245.8
AHPC,3/23/2016,330.0,330.0,320.0,328.0,-0.61,7072.0,323.3,245.8
AHPC,3/24/2016,328.0,334.0,314.0,314.0,-4.27,16649.0,323.3,245.8
AHPC,3/27/2016,314.0,316.0,302.0,314.0,0.0,15456.0,323.3,245.8
AHPC,3/28/2016,314.0,315.0,311.0,313.0,-0.32,8105.0,323.3,245.8
AHPC,3/29/2016,313.0,314.0,305.0,310.0,-0.96,4057.0,323.3,245.8
AHPC,3/30/2016,310.0,316.0,305.0,306.0,-1.29,7975.0,323.3,245.8
AHPC,3/31/2016,306.0,315.0,303.0,308.0,0.65,7797.0,323.3,245.8
AHPC,4/3/2016,308.0,313.0,301.0,313.0,1.62,9938.0,323.3,245.8
AHPC,4/4/2016,313.0,315.0,305.0,310.0,-0.96,8231.0,323.3,245.8
AHPC,4/5/2016,310.0,315.0,308.0,314.0,1.29,6335.0,323.3,245.8
AHPC,4/6/2016,314.0,315.0,306.0,306.0,-2.55,7395.0,323.3,245.8
AHPC,4/10/2016,306.0,310.0,302.0,306.0,0.0,9705.0,323.3,245.8
AHPC,4/11/2016,306.0,309.0,305.0,309.0,0.98,3793.0,323.3,245.8
AHPC,4/12/2016,309.0,309.0,305.0,305.0,-1.29,2060.0,323.3,245.8
AHPC,4/14/2016,305.0,311.0,301.0,310.0,1.64,7178.0,323.3,245.8
AHPC,4/17/2016,310.0,310.0,307.0,310.0,0.0,3426.0,323.3,245.8
AHPC,4/18/2016,310.0,316.0,309.0,309.0,-0.32,3413.0,323.3,245.8
AHPC,4/19/2016,309.0,310.0,305.0,310.0,0.32,11936.0,323.3,245.8
AHPC,4/20/2016,310.0,310.0,306.0,309.0,-0.32,15598.0,323.3,245.8
AHPC,4/21/2016,309.0,308.0,303.0,303.0,-1.94,14729.0,323.3,245.8
AHPC,4/24/2016,303.0,310.0,304.0,306.0,0.99,7322.0,323.3,245.8
AHPC,4/25/2016,306.0,305.0,301.0,302.0,-1.31,14693.0,323.3,245.8
AHPC,4/26/2016,302.0,308.0,300.0,305.0,0.99,17487.0,323.3,245.8
AHPC,4/27/2016,305.0,304.0,300.0,304.0,-0.33,10935.0,323.3,245.8
AHPC,4/28/2016,304.0,310.0,300.0,310.0,1.97,5412.0,323.3,245.8
AHPC,5/2/2016,310.0,309.0,304.0,307.0,-0.97,12570.0,323.3,245.8
AHPC,5/3/2016,307.0,331.0,305.0,327.0,6.51,64128.0,323.3,245.8
AHPC,5/4/2016,327.0,326.0,315.0,320.0,-2.14,9744.0,323.3,245.8
AHPC,5/5/2016,320.0,318.0,310.0,314.0,-1.88,12283.0,323.3,245.8
AHPC,5/8/2016,314.0,327.0,317.0,320.0,1.91,25974.0,323.3,245.8
AHPC,5/9/2016,320.0,338.0,318.0,332.0,3.75,29320.0,323.3,245.8
AHPC,5/10/2016,332.0,343.0,330.0,330.0,-0.6,25723.0,323.3,245.8
AHPC,5/11/2016,330.0,339.0,330.0,332.0,0.61,10800.0,323.3,245.8
AHPC,5/12/2016,332.0,344.0,336.0,336.0,1.2,28999.0,323.3,245.8
AHPC,5/15/2016,336.0,340.0,330.0,335.0,-0.3,9850.0,323.3,245.8
AHPC,5/16/2016,335.0,340.0,330.0,333.0,-0.6,8084.0,323.3,245.8
AHPC,5/17/2016,333.0,333.0,328.0,329.0,-1.2,13306.0,323.3,245.8
AHPC,5/18/2016,329.0,338.0,333.0,335.0,1.82,11248.0,323.3,245.8
AHPC,5/19/2016,335.0,340.0,330.0,335.0,0.0,9542.0,323.3,245.8
AHPC,5/22/2016,335.0,337.0,330.0,331.0,-1.19,26817.0,323.3,245.8
AHPC,5/23/2016,331.0,334.0,328.0,334.0,0.91,14083.0,323.3,245.8
AHPC,5/24/2016,334.0,335.0,331.0,332.0,-0.6,13309.0,323.3,245.8
AHPC,5/25/2016,332.0,338.0,330.0,338.0,1.81,21449.0,323.3,245.8
AHPC,5/26/2016,338.0,338.0,330.0,337.0,-0.3,11988.0,323.3,245.8
AHPC,5/29/2016,337.0,349.0,334.0,334.0,-0.89,9597.0,323.3,245.8
AHPC,5/30/2016,334.0,342.0,336.0,340.0,1.8,12088.0,323.3,245.8
AHPC,5/31/2016,340.0,374.0,340.0,374.0,10.0,61779.0,323.3,245.8
AHPC,6/1/2016,374.0,402.0,354.0,366.0,-2.14,78039.0,323.3,245.8
AHPC,6/2/2016,366.0,365.0,353.0,356.0,-2.73,25787.0,323.3,245.8
AHPC,6/5/2016,356.0,353.0,340.0,340.0,-4.49,16319.0,323.3,245.8
AHPC,6/6/2016,340.0,352.0,343.0,350.0,2.94,11655.0,323.3,245.8
AHPC,6/7/2016,350.0,350.0,343.0,348.0,-0.57,9737.0,323.3,245.8
AHPC,6/8/2016,348.0,354.0,342.0,349.0,0.29,13836.0,323.3,245.8
AHPC,6/9/2016,349.0,352.0,336.0,349.0,0.0,26484.0,323.3,245.8
AHPC,6/12/2016,349.0,357.0,344.0,356.0,2.01,50039.0,323.3,245.8
AHPC,6/13/2016,356.0,363.0,350.0,355.0,-0.28,43140.0,323.3,245.8
AHPC,6/14/2016,355.0,375.0,357.0,365.0,2.82,67920.0,323.3,245.8
AHPC,6/15/2016,365.0,370.0,357.0,359.0,-1.64,27350.0,323.3,245.8
AHPC,6/16/2016,359.0,394.0,366.0,378.0,5.29,47493.0,323.3,245.8
AHPC,6/19/2016,378.0,409.0,375.0,390.0,3.17,90850.0,323.3,245.8
AHPC,6/20/2016,390.0,402.0,383.0,386.0,-1.03,60257.0,323.3,245.8
AHPC,6/21/2016,386.0,400.0,386.0,390.0,1.04,38502.0,323.3,245.8
AHPC,6/22/2016,390.0,404.0,388.0,396.0,1.54,29094.0,323.3,245.8
AHPC,6/23/2016,396.0,435.0,401.0,435.0,9.85,156869.0,323.3,245.8
AHPC,6/26/2016,435.0,443.0,415.0,415.0,-4.6,62449.0,323.3,245.8
AHPC,6/27/2016,415.0,434.0,420.0,424.0,2.17,56552.0,323.3,245.8
AHPC,6/28/2016,424.0,435.0,416.0,429.0,1.18,27672.0,323.3,245.8
AHPC,6/29/2016,429.0,437.0,418.0,433.0,0.93,67476.0,323.3,245.8
AHPC,6/30/2016,433.0,437.0,425.0,435.0,0.46,60741.0,323.3,245.8
AHPC,7/3/2016,435.0,450.0,430.0,434.0,-0.23,19157.0,323.3,245.8
AHPC,7/4/2016,434.0,434.0,427.0,428.0,-1.38,22942.0,323.3,245.8
AHPC,7/5/2016,428.0,430.0,423.0,425.0,-0.7,10719.0,323.3,245.8
AHPC,7/6/2016,425.0,428.0,420.0,422.0,-0.71,20544.0,323.3,245.8
AHPC,7/10/2016,422.0,425.0,417.0,420.0,-0.47,33129.0,323.3,245.8
AHPC,7/11/2016,420.0,420.0,405.0,412.0,-1.9,14144.0,323.3,245.8
AHPC,7/12/2016,412.0,412.0,393.0,405.0,-1.7,22869.0,323.3,245.8
AHPC,7/13/2016,405.0,400.0,385.0,397.0,-1.98,15233.0,323.3,245.8
AHPC,7/14/2016,397.0,423.0,395.0,412.0,3.78,42759.0,323.3,245.8
AHPC,7/17/2016,412.0,435.0,415.0,421.0,2.18,32931.0,323.3,245.8
AHPC,7/18/2016,421.0,429.0,413.0,415.0,-1.43,13166.0,323.3,245.8
AHPC,7/19/2016,415.0,424.0,405.0,420.0,1.2,38058.0,323.3,245.8
AHPC,7/20/2016,420.0,422.0,412.0,414.0,-1.43,11320.0,323.3,245.8
AHPC,7/21/2016,414.0,414.0,401.0,413.0,-0.24,23283.0,323.3,245.8
AHPC,7/25/2016,413.0,420.0,410.0,415.0,0.48,21184.0,323.3,245.8
AHPC,7/26/2016,415.0,428.0,410.0,424.0,2.17,35590.0,323.3,245.8
AHPC,7/27/2016,424.0,435.0,416.0,427.0,0.71,33978.0,323.3,245.8
AHPC,7/28/2016,427.0,428.0,415.0,423.0,-0.94,28720.0,323.3,245.8
AHPC,7/31/2016,423.0,465.0,420.0,465.0,9.93,135415.0,323.3,245.8
AHPC,8/1/2016,465.0,485.0,440.0,458.0,-1.51,50730.0,323.3,245.8
AHPC,8/2/2016,458.0,455.0,436.0,444.0,-3.06,54916.0,323.3,245.8
AHPC,8/3/2016,444.0,444.0,416.0,444.0,0.0,24492.0,323.3,245.8
AHPC,8/4/2016,444.0,452.0,415.0,415.0,-6.53,29163.0,323.3,245.8
AHPC,8/7/2016,415.0,456.0,423.0,445.0,7.23,70764.0,323.3,245.8
AHPC,8/8/2016,445.0,440.0,403.0,411.0,-7.64,40204.0,323.3,245.8
AHPC,8/9/2016,411.0,445.0,419.0,430.0,4.62,5971.0,323.3,245.8
AHPC,8/10/2016,430.0,453.0,414.0,436.0,1.4,65755.0,323.3,245.8
AHPC,8/11/2016,436.0,439.0,424.0,430.0,-1.38,89007.0,323.3,245.8
AHPC,8/14/2016,430.0,422.0,404.0,418.0,-2.79,106293.0,323.3,245.8
AHPC,8/15/2016,380.0,394.0,350.0,370.0,-11.48,35439.0,323.3,245.8
AHPC,8/16/2016,370.0,367.0,349.0,355.0,-4.05,6738.0,323.3,245.8
AHPC,8/17/2016,355.0,375.0,362.0,375.0,5.63,15832.0,323.3,245.8
AHPC,8/21/2016,375.0,368.0,354.0,361.0,-3.73,2985.0,323.3,245.8
AHPC,8/22/2016,361.0,354.0,325.0,335.0,-7.2,12380.0,323.3,245.8
AHPC,8/23/2016,335.0,340.0,316.0,331.0,-1.19,15006.0,323.3,245.8
AHPC,8/24/2016,331.0,338.0,315.0,324.0,-2.11,7157.0,323.3,245.8
AHPC,8/28/2016,324.0,346.0,318.0,336.0,3.7,5064.0,323.3,245.8
AHPC,8/29/2016,336.0,340.0,322.0,340.0,1.19,6465.0,323.3,245.8
AHPC,8/30/2016,340.0,343.0,335.0,343.0,0.88,4138.0,323.3,245.8
AHPC,8/31/2016,343.0,337.0,317.0,323.0,-5.83,13230.0,323.3,245.8
AHPC,9/1/2016,323.0,322.0,312.0,317.0,-1.86,8824.0,323.3,245.8
AHPC,9/3/2016,317.0,339.0,313.0,339.0,6.94,15750.0,323.3,245.8
AHPC,9/4/2016,317.0,339.0,313.0,339.0,0.0,15750.0,323.3,245.8
AHPC,9/5/2016,339.0,345.0,323.0,329.0,-2.95,7583.0,323.3,245.8
AHPC,9/6/2016,329.0,328.0,322.0,322.0,-2.13,4247.0,323.3,245.8
AHPC,9/7/2016,322.0,327.0,315.0,322.0,0.0,8267.0,323.3,245.8
AHPC,9/8/2016,322.0,322.0,317.0,319.0,-0.93,6626.0,323.3,245.8
AHPC,9/11/2016,319.0,319.0,310.0,319.0,0.0,6643.0,323.3,245.8
AHPC,9/12/2016,319.0,322.0,313.0,314.0,-1.57,3344.0,323.3,245.8
AHPC,9/14/2016,314.0,319.0,311.0,317.0,0.96,14414.0,323.3,245.8
AHPC,9/18/2016,317.0,321.0,310.0,316.0,-0.32,9852.0,323.3,245.8
AHPC,9/20/2016,316.0,319.0,311.0,319.0,0.95,19641.0,323.3,245.8
AHPC,9/21/2016,319.0,320.0,312.0,320.0,0.31,16016.0,323.3,245.8
AHPC,9/22/2016,320.0,337.0,318.0,321.0,0.31,11901.0,323.3,245.8
AHPC,9/25/2016,321.0,319.0,310.0,310.0,-3.43,11747.0,323.3,245.8
AHPC,9/26/2016,310.0,316.0,308.0,312.0,0.65,12182.0,323.3,245.8
AHPC,9/27/2016,312.0,315.0,310.0,312.0,0.0,11066.0,323.3,245.8
AHPC,9/28/2016,312.0,315.0,306.0,311.0,-0.32,4388.0,323.3,245.8
AHPC,9/29/2016,311.0,310.0,298.0,306.0,-1.61,21704.0,323.3,245.8
AHPC,10/2/2016,306.0,308.0,289.0,308.0,0.65,16525.0,323.3,245.8
AHPC,10/3/2016,308.0,306.0,300.0,305.0,-0.97,18923.0,323.3,245.8
AHPC,10/4/2016,305.0,307.0,301.0,304.0,-0.33,8603.0,323.3,245.8
AHPC,10/5/2016,304.0,317.0,305.0,305.0,0.33,15217.0,323.3,245.8
AHPC,10/6/2016,305.0,322.0,306.0,322.0,5.57,9330.0,323.3,245.8
AHPC,10/16/2016,322.0,324.0,311.0,315.0,-2.17,5959.0,323.3,245.8
AHPC,10/17/2016,315.0,318.0,311.0,316.0,0.32,8800.0,323.3,245.8
AHPC,10/18/2016,316.0,316.0,313.0,315.0,-0.32,3832.0,323.3,245.8
AHPC,10/19/2016,315.0,321.0,311.0,314.0,-0.32,6093.0,323.3,245.8
AHPC,10/20/2016,314.0,315.0,310.0,314.0,0.0,8394.0,323.3,245.8
AHPC,10/23/2016,314.0,317.0,309.0,313.0,-0.32,8181.0,323.3,245.8
AHPC,10/24/2016,313.0,319.0,308.0,318.0,1.6,8316.0,323.3,245.8
AHPC,10/25/2016,318.0,316.0,310.0,314.0,-1.26,6363.0,323.3,245.8
AHPC,10/26/2016,314.0,314.0,312.0,314.0,0.0,5324.0,323.3,245.8
AHPC,10/27/2016,314.0,320.0,312.0,318.0,1.27,2273.0,323.3,245.8
AHPC,11/3/2016,318.0,312.0,306.0,312.0,-1.89,1642.0,323.3,245.8
AHPC,11/7/2016,312.0,311.0,306.0,310.0,-0.64,6544.0,323.3,245.8
AHPC,11/8/2016,310.0,312.0,306.0,307.0,-0.97,7379.0,323.3,245.8
AHPC,11/9/2016,307.0,307.0,300.0,300.0,-2.28,9327.0,323.3,245.8
AHPC,11/10/2016,300.0,304.0,294.0,303.0,1.0,5246.0,323.3,245.8
AHPC,11/13/2016,303.0,302.0,295.0,301.0,-0.66,7990.0,323.3,245.8
AHPC,11/14/2016,301.0,301.0,295.0,296.0,-1.66,3195.0,323.3,245.8
AHPC,11/15/2016,296.0,298.0,293.0,298.0,0.68,2655.0,323.3,245.8
AHPC,11/16/2016,298.0,296.0,290.0,290.0,-2.68,5329.0,323.3,245.8
AHPC,11/17/2016,290.0,295.0,285.0,295.0,1.72,2824.0,323.3,245.8
AHPC,11/20/2016,295.0,295.0,280.0,280.0,-5.08,1020.0,323.3,245.8
AHPC,11/21/2016,280.0,284.0,266.0,270.0,-3.57,19562.0,323.3,245.8
AHPC,11/22/2016,270.0,278.0,265.0,273.0,1.11,6612.0,323.3,245.8
AHPC,11/23/2016,273.0,275.0,260.0,265.0,-2.93,8129.0,323.3,245.8
AHPC,11/24/2016,265.0,275.0,264.0,270.0,1.89,10701.0,323.3,245.8
AHPC,11/27/2016,270.0,265.0,245.0,250.0,-7.41,19305.0,323.3,245.8
AHPC,11/28/2016,250.0,270.0,232.0,270.0,8.0,5222.0,323.3,245.8
AHPC,11/29/2016,270.0,280.0,255.0,280.0,3.7,7905.0,323.3,245.8
AHPC,11/30/2016,280.0,291.0,272.0,290.0,3.57,21105.0,323.3,245.8
AHPC,12/1/2016,290.0,290.0,272.0,272.0,-6.21,9291.0,323.3,245.8
AHPC,12/4/2016,272.0,277.0,268.0,268.0,-1.47,2417.0,323.3,245.8
AHPC,12/5/2016,268.0,270.0,265.0,265.0,-1.12,647.0,323.3,245.8
AHPC,12/6/2016,265.0,270.0,260.0,270.0,1.89,4261.0,323.3,245.8
AHPC,12/7/2016,270.0,270.0,267.0,268.0,-0.74,4512.0,323.3,245.8
AHPC,12/8/2016,268.0,265.0,260.0,260.0,-2.99,4478.0,323.3,245.8
AHPC,12/11/2016,260.0,260.0,255.0,256.0,-1.54,2743.0,323.3,245.8
AHPC,12/12/2016,256.0,257.0,250.0,252.0,-1.56,1745.0,323.3,245.8
AHPC,12/14/2016,252.0,259.0,253.0,259.0,2.78,1778.0,323.3,245.8
AHPC,12/15/2016,259.0,266.0,256.0,266.0,2.7,1660.0,323.3,245.8
AHPC,12/18/2016,266.0,271.0,259.0,271.0,1.88,990.0,323.3,245.8
AHPC,12/19/2016,271.0,266.0,261.0,261.0,-3.69,3187.0,323.3,245.8
AHPC,12/20/2016,261.0,260.0,255.0,255.0,-2.3,4813.0,323.3,245.8
AHPC,12/21/2016,255.0,258.0,250.0,253.0,-0.78,3627.0,323.3,245.8
AHPC,12/22/2016,253.0,255.0,246.0,255.0,0.79,344.0,323.3,245.8
AHPC,12/26/2016,255.0,255.0,241.0,241.0,-5.49,9156.0,323.3,245.8
AHPC,12/27/2016,241.0,246.0,236.0,242.0,0.41,4439.0,323.3,245.8
AHPC,12/28/2016,242.0,250.0,239.0,245.0,1.24,7568.0,323.3,245.8
AHPC,12/29/2016,245.0,250.0,246.0,248.0,1.22,7942.0,323.3,245.8
AHPC,1/1/2017,248.0,260.0,246.0,250.0,0.81,10091.0,323.3,245.8
AHPC,1/2/2017,250.0,255.0,246.0,246.0,-1.6,9057.0,323.3,245.8
AHPC,1/3/2017,246.0,255.0,242.0,255.0,3.66,7007.0,323.3,245.8
AHPC,1/4/2017,255.0,255.0,248.0,252.0,-1.18,3661.0,323.3,245.8
AHPC,1/5/2017,252.0,250.0,248.0,250.0,-0.79,2129.0,323.3,245.8
AHPC,1/8/2017,250.0,250.0,245.0,250.0,0.0,3126.0,323.3,245.8
AHPC,1/9/2017,250.0,252.0,248.0,252.0,0.8,336.0,323.3,245.8
AHPC,1/10/2017,252.0,255.0,250.0,255.0,1.19,1154.0,323.3,245.8
AHPC,1/11/2017,255.0,259.0,247.0,249.0,-2.35,4037.0,323.3,245.8
AHPC,1/12/2017,249.0,255.0,249.0,253.0,1.61,6482.0,323.3,245.8
AHPC,1/15/2017,253.0,252.0,247.0,247.0,-2.37,2709.0,323.3,245.8
AHPC,1/16/2017,247.0,249.0,243.0,245.0,-0.81,4183.0,323.3,245.8
AHPC,1/17/2017,245.0,247.0,244.0,247.0,0.82,2049.0,323.3,245.8
AHPC,1/18/2017,247.0,247.0,244.0,245.0,-0.81,491.0,323.3,245.8
AHPC,1/19/2017,245.0,248.0,244.0,245.0,0.0,3921.0,323.3,245.8
AHPC,1/22/2017,245.0,251.0,243.0,251.0,2.45,4038.0,323.3,245.8
AHPC,1/23/2017,251.0,250.0,246.0,247.0,-1.59,9685.0,323.3,245.8
AHPC,1/24/2017,247.0,250.0,245.0,247.0,0.0,7167.0,323.3,245.8
AHPC,1/25/2017,247.0,245.0,240.0,241.0,-2.43,3320.0,323.3,245.8
AHPC,1/26/2017,241.0,237.0,226.0,233.0,-3.32,7702.0,323.3,245.8
AHPC,1/30/2017,233.0,229.0,210.0,214.0,-8.15,5775.0,323.3,245.8
AHPC,1/31/2017,214.0,223.0,206.0,223.0,4.21,2518.0,323.3,245.8
AHPC,2/1/2017,223.0,243.0,227.0,236.0,5.83,2764.0,323.3,245.8
AHPC,2/2/2017,236.0,244.0,230.0,230.0,-2.54,18329.0,323.3,245.8
AHPC,2/5/2017,230.0,234.0,223.0,224.0,-2.61,3768.0,323.3,245.8
AHPC,2/6/2017,224.0,228.0,219.0,228.0,1.79,957.0,323.3,245.8
AHPC,2/7/2017,228.0,225.0,220.0,221.0,-3.07,11067.0,323.3,245.8
AHPC,2/8/2017,221.0,221.0,218.0,218.0,-1.36,4713.0,323.3,245.8
AHPC,2/9/2017,218.0,220.0,212.0,212.0,-2.75,7226.0,323.3,245.8
AHPC,2/12/2017,212.0,212.0,205.0,205.0,-3.3,5197.0,323.3,245.8
AHPC,2/13/2017,205.0,220.0,201.0,220.0,7.32,3448.0,323.3,245.8
AHPC,2/14/2017,220.0,216.0,200.0,216.0,-1.82,5516.0,323.3,245.8
AHPC,2/15/2017,216.0,220.0,209.0,219.0,1.39,5154.0,323.3,245.8
AHPC,2/16/2017,219.0,223.0,215.0,220.0,0.46,2683.0,323.3,245.8
AHPC,2/19/2017,220.0,222.0,216.0,222.0,0.91,6166.0,323.3,245.8
AHPC,2/20/2017,222.0,230.0,215.0,215.0,-3.15,5449.0,323.3,245.8
AHPC,2/21/2017,215.0,219.0,212.0,212.0,-1.4,3733.0,323.3,245.8
AHPC,2/22/2017,212.0,212.0,204.0,208.0,-1.89,2484.0,323.3,245.8
AHPC,2/23/2017,208.0,216.0,208.0,209.0,0.48,3577.0,323.3,245.8
AHPC,2/26/2017,209.0,208.0,205.0,207.0,-0.96,1269.0,323.3,245.8
AHPC,2/28/2017,207.0,210.0,206.0,208.0,0.48,1662.0,323.3,245.8
AHPC,3/1/2017,208.0,213.0,205.0,213.0,2.4,3317.0,323.3,245.8
AHPC,3/2/2017,213.0,214.0,207.0,214.0,0.47,2681.0,323.3,245.8
AHPC,3/5/2017,214.0,216.0,209.0,214.0,0.0,4612.0,323.3,245.8
AHPC,3/6/2017,214.0,215.0,207.0,215.0,0.47,4875.0,323.3,245.8
AHPC,3/7/2017,215.0,215.0,206.0,210.0,-2.33,3347.0,323.3,245.8
AHPC,3/9/2017,210.0,222.0,210.0,222.0,5.71,4040.0,323.3,245.8
AHPC,3/13/2017,222.0,229.0,219.0,228.0,2.7,11867.0,323.3,245.8
AHPC,3/14/2017,228.0,226.0,219.0,222.0,-2.63,6406.0,323.3,245.8
AHPC,3/15/2017,222.0,237.0,216.0,230.0,3.6,11463.0,323.3,245.8
AHPC,3/16/2017,230.0,231.0,222.0,227.0,-1.3,3869.0,323.3,245.8
AHPC,3/19/2017,227.0,235.0,224.0,229.0,0.88,6260.0,323.3,245.8
AHPC,3/20/2017,229.0,237.0,229.0,232.0,1.31,9785.0,323.3,245.8
AHPC,3/21/2017,232.0,240.0,227.0,240.0,3.45,4241.0,323.3,245.8
AHPC,3/22/2017,240.0,262.0,237.0,242.0,0.83,28299.0,323.3,245.8
AHPC,3/23/2017,242.0,264.0,234.0,263.0,8.68,28717.0,323.3,245.8
AHPC,3/26/2017,263.0,289.0,255.0,278.0,5.7,42623.0,323.3,245.8
AHPC,3/28/2017,278.0,298.0,273.0,288.0,3.6,5931.0,323.3,245.8
AHPC,3/29/2017,288.0,293.0,266.0,271.0,-5.9,19455.0,323.3,245.8
AHPC,3/30/2017,271.0,279.0,266.0,270.0,-0.37,9588.0,323.3,245.8
AHPC,4/2/2017,270.0,288.0,270.0,275.0,1.85,6514.0,323.3,245.8
AHPC,4/3/2017,275.0,295.0,275.0,275.0,0.0,19680.0,323.3,245.8
AHPC,4/4/2017,275.0,276.0,265.0,276.0,0.36,16352.0,323.3,245.8
AHPC,4/6/2017,276.0,275.0,267.0,273.0,-1.09,8798.0,323.3,245.8
AHPC,4/9/2017,273.0,290.0,271.0,290.0,6.23,18557.0,323.3,245.8
AHPC,4/10/2017,290.0,304.0,286.0,300.0,3.45,39707.0,323.3,245.8
AHPC,4/11/2017,300.0,316.0,296.0,301.0,0.33,20961.0,323.3,245.8
AHPC,4/12/2017,301.0,306.0,295.0,295.0,-1.99,22956.0,323.3,245.8
AHPC,4/13/2017,295.0,293.0,283.0,287.0,-2.71,4349.0,323.3,245.8
AHPC,4/16/2017,287.0,292.0,273.0,280.0,-2.44,14739.0,323.3,245.8
AHPC,4/18/2017,280.0,287.0,270.0,279.0,-0.36,7247.0,323.3,245.8
AHPC,4/19/2017,279.0,284.0,272.0,284.0,1.79,8409.0,323.3,245.8
AHPC,4/20/2017,284.0,291.0,275.0,291.0,2.46,4211.0,323.3,245.8
AHPC,4/23/2017,291.0,304.0,286.0,290.0,-0.34,16099.0,323.3,245.8
AHPC,4/24/2017,290.0,293.0,280.0,287.0,-1.03,18004.0,323.3,245.8
AHPC,4/25/2017,287.0,286.0,278.0,283.0,-1.39,10975.0,323.3,245.8
AHPC,4/26/2017,283.0,293.0,279.0,292.0,3.18,12747.0,323.3,245.8
AHPC,4/27/2017,292.0,297.0,279.0,290.0,-0.68,37296.0,323.3,245.8
AHPC,4/30/2017,290.0,295.0,276.0,290.0,0.0,14105.0,323.3,245.8
AHPC,5/2/2017,290.0,290.0,275.0,275.0,-5.17,14592.0,323.3,245.8
AHPC,5/3/2017,275.0,285.0,278.0,282.0,2.55,3195.0,323.3,245.8
AHPC,5/4/2017,282.0,280.0,276.0,277.0,-1.77,3005.0,323.3,245.8
AHPC,5/7/2017,277.0,279.0,266.0,270.0,-2.53,1957.0,323.3,245.8
AHPC,5/8/2017,270.0,286.0,265.0,275.0,1.85,8621.0,323.3,245.8
AHPC,5/9/2017,275.0,294.0,270.0,285.0,3.64,19785.0,323.3,245.8
AHPC,5/11/2017,285.0,310.0,288.0,308.0,8.07,92535.0,323.3,245.8
AHPC,5/15/2017,308.0,318.0,294.0,302.0,-1.95,78557.0,323.3,245.8
AHPC,5/16/2017,302.0,306.0,296.0,306.0,1.32,16506.0,323.3,245.8
AHPC,5/17/2017,306.0,305.0,297.0,303.0,-0.98,11239.0,323.3,245.8
AHPC,5/18/2017,303.0,300.0,293.0,299.0,-1.32,11537.0,323.3,245.8
AHPC,5/21/2017,299.0,294.0,287.0,289.0,-3.34,17037.0,323.3,245.8
AHPC,5/22/2017,289.0,299.0,286.0,286.0,-1.04,4678.0,323.3,245.8
AHPC,5/23/2017,286.0,301.0,285.0,287.0,0.35,6478.0,323.3,245.8
AHPC,5/24/2017,287.0,296.0,283.0,285.0,-0.7,10074.0,323.3,245.8
AHPC,5/28/2017,285.0,288.0,281.0,282.0,-1.05,4553.0,323.3,245.8
AHPC,5/30/2017,282.0,282.0,275.0,280.0,-0.71,7659.0,323.3,245.8
AHPC,5/31/2017,280.0,290.0,276.0,290.0,3.57,6640.0,323.3,245.8
AHPC,6/1/2017,290.0,289.0,279.0,280.0,-3.45,7130.0,323.3,245.8
AHPC,6/4/2017,280.0,280.0,275.0,276.0,-1.43,8708.0,323.3,245.8
AHPC,6/5/2017,276.0,280.0,277.0,280.0,1.45,13395.0,323.3,245.8
AHPC,6/6/2017,280.0,287.0,277.0,282.0,0.71,5469.0,323.3,245.8
AHPC,6/7/2017,282.0,287.0,277.0,278.0,-1.42,3225.0,323.3,245.8
AHPC,6/8/2017,278.0,277.0,274.0,275.0,-1.08,8514.0,323.3,245.8
AHPC,6/11/2017,275.0,276.0,270.0,274.0,-0.36,4800.0,323.3,245.8
AHPC,6/12/2017,274.0,276.0,264.0,264.0,-3.65,5020.0,323.3,245.8
AHPC,6/13/2017,264.0,273.0,264.0,270.0,2.27,1890.0,323.3,245.8
AHPC,6/14/2017,270.0,284.0,266.0,284.0,5.19,2319.0,323.3,245.8
AHPC,6/15/2017,284.0,283.0,275.0,280.0,-1.41,1132.0,323.3,245.8
AHPC,6/18/2017,280.0,275.0,270.0,270.0,-3.57,109.0,323.3,245.8
AHPC,6/19/2017,270.0,275.0,265.0,270.0,0.0,2637.0,323.3,245.8
AHPC,6/20/2017,270.0,270.0,260.0,267.0,-1.11,4312.0,323.3,245.8
AHPC,6/21/2017,267.0,270.0,265.0,265.0,-0.75,854.0,323.3,245.8
AHPC,6/22/2017,265.0,272.0,261.0,265.0,0.0,8865.0,323.3,245.8
AHPC,6/25/2017,265.0,267.0,260.0,267.0,0.75,5824.0,323.3,245.8
AHPC,6/27/2017,267.0,268.0,262.0,268.0,0.37,4715.0,323.3,245.8
AHPC,6/28/2017,268.0,268.0,262.0,268.0,0.0,2666.0,323.3,245.8
AHPC,7/2/2017,268.0,265.0,258.0,263.0,-1.87,3841.0,323.3,245.8
AHPC,7/3/2017,263.0,270.0,262.0,270.0,2.66,4820.0,323.3,245.8
AHPC,7/4/2017,270.0,267.0,260.0,263.0,-2.59,15104.0,323.3,245.8
AHPC,7/5/2017,263.0,270.0,258.0,270.0,2.66,3728.0,323.3,245.8
AHPC,7/6/2017,270.0,290.0,268.0,290.0,7.41,5233.0,323.3,245.8
AHPC,7/9/2017,290.0,300.0,270.0,287.0,-1.03,93320.0,323.3,245.8
AHPC,7/10/2017,287.0,292.0,280.0,280.0,-2.44,15172.0,323.3,245.8
AHPC,7/11/2017,280.0,289.0,280.0,281.0,0.36,6088.0,323.3,245.8
AHPC,7/12/2017,281.0,285.0,276.0,278.0,-1.07,3725.0,323.3,245.8
AHPC,7/13/2017,278.0,280.0,276.0,276.0,-0.72,7140.0,323.3,245.8
AHPC,7/16/2017,276.0,281.0,271.0,276.0,0.0,2554.0,323.3,245.8
AHPC,7/17/2017,276.0,284.0,270.0,284.0,2.9,8159.0,323.3,245.8
AHPC,7/18/2017,284.0,285.0,279.0,284.0,0.0,5756.0,323.3,245.8
AHPC,7/19/2017,284.0,283.0,274.0,280.0,-1.41,6581.0,323.3,245.8
AHPC,7/20/2017,280.0,283.0,272.0,272.0,-2.86,3011.0,323.3,245.8
AHPC,7/23/2017,272.0,274.0,270.0,270.0,-0.74,3662.0,323.3,245.8
AHPC,7/24/2017,270.0,278.0,266.0,266.0,-1.48,12289.0,323.3,245.8
AHPC,7/25/2017,266.0,285.0,266.0,276.0,3.76,6911.0,323.3,245.8
AHPC,7/26/2017,276.0,281.0,272.0,272.0,-1.45,6739.0,323.3,245.8
AHPC,7/27/2017,272.0,275.0,270.0,270.0,-0.74,5457.0,323.3,245.8
AHPC,7/30/2017,270.0,275.0,265.0,267.0,-1.11,3718.0,323.3,245.8
AHPC,7/31/2017,267.0,282.0,267.0,277.0,3.75,5952.0,323.3,245.8
AHPC,8/1/2017,277.0,278.0,272.0,272.0,-1.81,11369.0,323.3,245.8
AHPC,8/2/2017,272.0,283.0,270.0,275.0,1.1,12419.0,323.3,245.8
AHPC,8/3/2017,275.0,280.0,270.0,274.0,-0.36,8389.0,323.3,245.8
AHPC,8/6/2017,274.0,277.0,270.0,272.0,-0.73,3610.0,323.3,245.8
AHPC,8/7/2017,272.0,275.0,267.0,270.0,-0.74,10952.0,323.3,245.8
AHPC,8/9/2017,270.0,270.0,266.0,268.0,-0.74,6547.0,323.3,245.8
AHPC,8/10/2017,268.0,273.0,266.0,267.0,-0.37,13978.0,323.3,245.8
AHPC,8/13/2017,267.0,270.0,262.0,262.0,-1.87,6478.0,323.3,245.8
AHPC,8/15/2017,262.0,268.0,257.0,268.0,2.29,4415.0,323.3,245.8
AHPC,8/16/2017,268.0,278.0,263.0,265.0,-1.12,4647.0,323.3,245.8
AHPC,8/17/2017,265.0,270.0,265.0,268.0,1.13,9752.0,323.3,245.8
AHPC,8/20/2017,268.0,268.0,260.0,261.0,-2.61,12534.0,323.3,245.8
AHPC,8/21/2017,261.0,268.0,257.0,268.0,2.68,1642.0,323.3,245.8
AHPC,8/22/2017,268.0,267.0,260.0,262.0,-2.24,3721.0,323.3,245.8
AHPC,8/23/2017,262.0,268.0,255.0,260.0,-0.76,14855.0,323.3,245.8
AHPC,8/24/2017,260.0,268.0,260.0,268.0,3.08,34706.0,323.3,245.8
AHPC,8/27/2017,244.0,244.0,236.0,240.0,-10.45,2371.0,323.3,245.8
AHPC,8/28/2017,240.0,237.0,231.0,235.0,-2.08,2015.0,323.3,245.8
AHPC,8/30/2017,235.0,235.0,225.0,229.0,-2.55,13888.0,323.3,245.8
AHPC,8/31/2017,229.0,231.0,219.0,224.0,-2.18,7816.0,323.3,245.8
AHPC,9/4/2017,224.0,220.0,212.0,213.0,-4.91,8226.0,323.3,245.8
AHPC,9/6/2017,213.0,223.0,211.0,223.0,4.69,3339.0,323.3,245.8
AHPC,9/7/2017,223.0,225.0,211.0,211.0,-5.38,6054.0,323.3,245.8
AHPC,9/10/2017,211.0,215.0,207.0,215.0,1.9,3622.0,323.3,245.8
AHPC,9/11/2017,215.0,215.0,212.0,213.0,-0.93,3149.0,323.3,245.8
AHPC,9/12/2017,213.0,215.0,212.0,214.0,0.47,812.0,323.3,245.8
AHPC,9/13/2017,214.0,214.0,206.0,214.0,0.0,8928.0,323.3,245.8
AHPC,9/14/2017,214.0,215.0,210.0,213.0,-0.47,4080.0,323.3,245.8
AHPC,9/17/2017,213.0,218.0,209.0,215.0,0.94,3943.0,323.3,245.8
AHPC,9/18/2017,215.0,218.0,210.0,211.0,-1.86,2597.0,323.3,245.8
AHPC,9/20/2017,211.0,220.0,210.0,220.0,4.27,4735.0,323.3,245.8
AHPC,9/24/2017,220.0,220.0,212.0,218.0,-0.91,1500.0,323.3,245.8
AHPC,9/25/2017,218.0,219.0,215.0,219.0,0.46,4205.0,323.3,245.8
AHPC,9/26/2017,219.0,220.0,220.0,220.0,0.46,50.0,323.3,245.8
AHPC,10/4/2017,220.0,220.0,218.0,218.0,-0.91,70.0,323.3,245.8
AHPC,10/8/2017,218.0,218.0,214.0,214.0,-1.83,229.0,323.3,245.8
AHPC,10/9/2017,214.0,218.0,210.0,218.0,1.87,1430.0,323.3,245.8
AHPC,10/10/2017,218.0,218.0,211.0,211.0,-3.21,1578.0,323.3,245.8
AHPC,10/11/2017,211.0,214.0,205.0,210.0,-0.47,7501.0,323.3,245.8
AHPC,10/12/2017,210.0,211.0,209.0,210.0,0.0,11215.0,323.3,245.8
AHPC,10/15/2017,210.0,212.0,206.0,210.0,0.0,1985.0,323.3,245.8
AHPC,10/16/2017,210.0,218.0,212.0,216.0,2.86,3770.0,323.3,245.8
AHPC,10/17/2017,216.0,220.0,216.0,216.0,0.0,526.0,323.3,245.8
AHPC,10/18/2017,216.0,217.0,216.0,217.0,0.46,550.0,323.3,245.8
AHPC,10/22/2017,217.0,219.0,214.0,217.0,0.0,1121.0,323.3,245.8
AHPC,10/23/2017,217.0,219.0,214.0,219.0,0.92,467.0,323.3,245.8
AHPC,10/24/2017,219.0,215.0,214.0,215.0,-1.83,915.0,323.3,245.8
AHPC,10/25/2017,215.0,216.0,212.0,216.0,0.47,4427.0,323.3,245.8
AHPC,10/29/2017,216.0,215.0,212.0,214.0,-0.93,587.0,323.3,245.8
AHPC,10/30/2017,214.0,214.0,210.0,212.0,-0.93,3700.0,323.3,245.8
AHPC,10/31/2017,212.0,212.0,211.0,212.0,0.0,1344.0,323.3,245.8
AHPC,11/1/2017,212.0,212.0,207.0,211.0,-0.47,9509.0,323.3,245.8
AHPC,11/2/2017,211.0,210.0,207.0,210.0,-0.47,13991.0,323.3,245.8
AHPC,11/5/2017,210.0,209.0,204.0,208.0,-0.95,3579.0,323.3,245.8
AHPC,11/6/2017,208.0,212.0,205.0,211.0,1.44,4527.0,323.3,245.8
AHPC,11/7/2017,211.0,210.0,203.0,205.0,-2.84,2625.0,323.3,245.8
AHPC,11/8/2017,205.0,208.0,200.0,204.0,-0.49,8854.0,323.3,245.8
AHPC,11/9/2017,204.0,210.0,198.0,206.0,0.98,598.0,323.3,245.8
AHPC,11/12/2017,206.0,208.0,197.0,208.0,0.97,4680.0,323.3,245.8
AHPC,11/13/2017,208.0,214.0,208.0,214.0,2.88,1970.0,323.3,245.8
AHPC,11/14/2017,214.0,214.0,207.0,211.0,-1.4,5632.0,323.3,245.8
AHPC,11/15/2017,211.0,211.0,206.0,206.0,-2.37,3790.0,323.3,245.8
AHPC,11/16/2017,206.0,208.0,202.0,207.0,0.49,3667.0,323.3,245.8
AHPC,11/19/2017,207.0,207.0,203.0,204.0,-1.45,4581.0,323.3,245.8
AHPC,11/20/2017,204.0,206.0,199.0,200.0,-1.96,5960.0,323.3,245.8
AHPC,11/21/2017,200.0,206.0,200.0,206.0,3.0,6819.0,323.3,245.8
AHPC,11/22/2017,206.0,207.0,203.0,206.0,0.0,746.0,323.3,245.8
AHPC,11/23/2017,206.0,208.0,202.0,206.0,0.0,1480.0,323.3,245.8
AHPC,11/26/2017,206.0,209.0,201.0,209.0,1.46,5776.0,323.3,245.8
AHPC,11/27/2017,209.0,206.0,201.0,206.0,-1.44,4938.0,323.3,245.8
AHPC,11/28/2017,206.0,209.0,202.0,209.0,1.46,4515.0,323.3,245.8
AHPC,11/29/2017,209.0,215.0,207.0,212.0,1.44,42888.0,323.3,245.8
AHPC,11/30/2017,212.0,211.0,206.0,210.0,-0.94,21257.0,323.3,245.8
AHPC,12/4/2017,210.0,216.0,205.0,210.0,0.0,15783.0,323.3,245.8
AHPC,12/5/2017,210.0,212.0,207.0,211.0,0.48,3545.0,323.3,245.8
AHPC,12/6/2017,211.0,215.0,208.0,212.0,0.47,10239.0,323.3,245.8
AHPC,12/10/2017,212.0,215.0,210.0,214.0,0.94,19266.0,323.3,245.8
AHPC,12/11/2017,214.0,216.0,210.0,216.0,0.93,15799.0,323.3,245.8
AHPC,12/12/2017,216.0,214.0,212.0,214.0,-0.93,15440.0,323.3,245.8
AHPC,12/13/2017,214.0,216.0,208.0,215.0,0.47,14412.0,323.3,245.8
AHPC,12/14/2017,215.0,217.0,211.0,217.0,0.93,5944.0,323.3,245.8
AHPC,12/17/2017,217.0,217.0,210.0,210.0,-3.23,8799.0,323.3,245.8
AHPC,12/18/2017,210.0,214.0,209.0,213.0,1.43,5983.0,323.3,245.8
AHPC,12/19/2017,213.0,212.0,209.0,209.0,-1.88,11430.0,323.3,245.8
AHPC,12/20/2017,209.0,210.0,207.0,210.0,0.48,7275.0,323.3,245.8
AHPC,12/21/2017,210.0,210.0,208.0,208.0,-0.95,2942.0,323.3,245.8
AHPC,12/24/2017,208.0,210.0,207.0,207.0,-0.48,7517.0,323.3,245.8
AHPC,12/26/2017,207.0,208.0,204.0,207.0,0.0,2628.0,323.3,245.8
AHPC,12/27/2017,207.0,207.0,203.0,203.0,-1.93,5829.0,323.3,245.8
AHPC,12/28/2017,203.0,205.0,200.0,204.0,0.49,5969.0,323.3,245.8
AHPC,12/31/2017,204.0,203.0,200.0,202.0,-0.98,7169.0,323.3,245.8
AHPC,1/1/2018,202.0,206.0,202.0,206.0,1.98,5270.0,323.3,245.8
AHPC,1/2/2018,206.0,206.0,203.0,206.0,0.0,2150.0,323.3,245.8
AHPC,1/3/2018,206.0,205.0,202.0,205.0,-0.49,4363.0,323.3,245.8
AHPC,1/4/2018,205.0,205.0,202.0,205.0,0.0,3085.0,323.3,245.8
AHPC,1/7/2018,205.0,203.0,201.0,203.0,-0.98,3448.0,323.3,245.8
AHPC,1/8/2018,203.0,204.0,200.0,204.0,0.49,4451.0,323.3,245.8
AHPC,1/9/2018,204.0,204.0,201.0,203.0,-0.49,5804.0,323.3,245.8
AHPC,1/10/2018,203.0,204.0,200.0,204.0,0.49,4356.0,323.3,245.8
AHPC,1/14/2018,204.0,201.0,199.0,201.0,-1.47,3458.0,323.3,245.8
AHPC,1/16/2018,201.0,201.0,198.0,200.0,-0.5,4347.0,323.3,245.8
AHPC,1/17/2018,200.0,200.0,200.0,200.0,0.0,2453.0,323.3,245.8
AHPC,1/21/2018,200.0,200.0,197.0,199.0,-0.5,4811.0,323.3,245.8
AHPC,1/22/2018,199.0,200.0,196.0,200.0,0.5,3173.0,323.3,245.8
AHPC,1/23/2018,200.0,204.0,196.0,204.0,2.0,4363.0,323.3,245.8
AHPC,1/24/2018,204.0,201.0,197.0,198.0,-2.94,3638.0,323.3,245.8
AHPC,1/25/2018,198.0,199.0,197.0,199.0,0.51,3126.0,323.3,245.8
AHPC,1/28/2018,199.0,200.0,196.0,197.0,-1.01,1256.0,323.3,245.8
AHPC,1/29/2018,197.0,203.0,196.0,201.0,2.03,4686.0,323.3,245.8
AHPC,1/31/2018,201.0,199.0,195.0,198.0,-1.49,6490.0,323.3,245.8
AHPC,2/1/2018,198.0,200.0,196.0,199.0,0.51,4081.0,323.3,245.8
AHPC,2/4/2018,199.0,200.0,194.0,200.0,0.5,8868.0,323.3,245.8
AHPC,2/5/2018,200.0,200.0,195.0,200.0,0.0,3006.0,323.3,245.8
AHPC,2/6/2018,200.0,200.0,190.0,198.0,-1.0,5670.0,323.3,245.8
AHPC,2/7/2018,198.0,197.0,191.0,197.0,-0.51,4406.0,323.3,245.8
AHPC,2/8/2018,197.0,199.0,196.0,197.0,0.0,358.0,323.3,245.8
AHPC,2/11/2018,197.0,194.0,187.0,191.0,-3.05,11647.0,323.3,245.8
AHPC,2/12/2018,191.0,189.0,183.0,184.0,-3.66,10517.0,323.3,245.8
AHPC,2/14/2018,184.0,189.0,186.0,189.0,2.72,9211.0,323.3,245.8
AHPC,2/15/2018,189.0,200.0,186.0,200.0,5.82,4132.0,323.3,245.8
AHPC,2/18/2018,200.0,200.0,190.0,190.0,-5.0,4731.0,323.3,245.8
AHPC,2/20/2018,193.0,209.0,193.0,199.0,4.74,31378.0,323.3,245.8
AHPC,2/21/2018,200.0,200.0,193.0,195.0,-2.01,9353.0,323.3,245.8
AHPC,2/22/2018,192.0,196.0,192.0,196.0,0.51,4416.0,323.3,245.8
AHPC,2/25/2018,193.0,195.0,189.0,192.0,-2.04,5262.0,323.3,245.8
AHPC,2/26/2018,195.0,195.0,184.0,184.0,-4.17,11515.0,323.3,245.8
AHPC,2/27/2018,182.0,193.0,181.0,184.0,0.0,5150.0,323.3,245.8
AHPC,2/28/2018,186.0,186.0,180.0,185.0,0.54,8598.0,323.3,245.8
AHPC,3/4/2018,182.0,182.0,170.0,172.0,-7.03,5231.0,323.3,245.8
AHPC,3/5/2018,175.0,179.0,169.0,169.0,-1.74,8919.0,323.3,245.8
AHPC,3/6/2018,167.0,175.0,164.0,175.0,3.55,6658.0,323.3,245.8
AHPC,3/7/2018,175.0,180.0,173.0,178.0,1.71,2982.0,323.3,245.8
AHPC,3/11/2018,175.0,175.0,170.0,174.0,-2.25,4602.0,323.3,245.8
AHPC,3/12/2018,172.0,174.0,172.0,174.0,0.0,674.0,323.3,245.8
AHPC,3/13/2018,172.0,172.0,170.0,172.0,-1.15,3714.0,323.3,245.8
AHPC,3/14/2018,174.0,174.0,174.0,174.0,1.16,251.0,323.3,245.8
AHPC,3/15/2018,177.0,177.0,171.0,171.0,-1.72,8848.0,323.3,245.8
AHPC,3/18/2018,173.0,173.0,168.0,170.0,-0.58,4322.0,323.3,245.8
AHPC,3/19/2018,173.0,173.0,169.0,172.0,1.18,1532.0,323.3,245.8
AHPC,3/20/2018,169.0,169.0,163.0,163.0,-5.23,12334.0,323.3,245.8
AHPC,3/21/2018,160.0,162.0,155.0,162.0,-0.61,12760.0,323.3,245.8
AHPC,3/22/2018,160.0,165.0,156.0,160.0,-1.23,7328.0,323.3,245.8
AHPC,3/26/2018,157.0,157.0,147.0,150.0,-6.25,7149.0,323.3,245.8
AHPC,3/27/2018,153.0,161.0,147.0,161.0,7.33,8348.0,323.3,245.8
AHPC,3/28/2018,159.0,160.0,154.0,154.0,-4.35,3656.0,323.3,245.8
AHPC,3/29/2018,157.0,160.0,155.0,157.0,1.95,910.0,323.3,245.8
AHPC,4/1/2018,154.0,158.0,153.0,158.0,0.64,4244.0,323.3,245.8
AHPC,4/2/2018,155.0,155.0,153.0,155.0,-1.9,1815.0,323.3,245.8
AHPC,4/3/2018,152.0,152.0,147.0,147.0,-5.16,22685.0,323.3,245.8
AHPC,4/4/2018,149.0,158.0,147.0,158.0,7.48,25792.0,323.3,245.8
AHPC,4/5/2018,157.0,161.0,149.0,159.0,0.63,16913.0,323.3,245.8
AHPC,4/8/2018,159.0,174.0,159.0,174.0,9.43,41891.0,323.3,245.8
AHPC,4/9/2018,177.0,186.0,167.0,167.0,-4.02,15518.0,323.3,245.8
AHPC,4/10/2018,168.0,169.0,160.0,168.0,0.6,34206.0,323.3,245.8
AHPC,4/11/2018,169.0,169.0,159.0,167.0,-0.6,15954.0,323.3,245.8
AHPC,4/12/2018,167.0,169.0,165.0,168.0,0.6,22339.0,323.3,245.8
AHPC,4/15/2018,168.0,170.0,160.0,168.0,0.0,4516.0,323.3,245.8
AHPC,4/16/2018,171.0,174.0,166.0,174.0,3.57,48132.0,323.3,245.8
AHPC,4/17/2018,177.0,185.0,168.0,178.0,2.3,15313.0,323.3,245.8
AHPC,4/18/2018,179.0,190.0,172.0,186.0,4.49,39437.0,323.3,245.8
AHPC,4/19/2018,189.0,192.0,180.0,192.0,3.23,37644.0,323.3,245.8
AHPC,4/22/2018,195.0,197.0,189.0,196.0,2.08,50278.0,323.3,245.8
AHPC,4/23/2018,199.0,202.0,186.0,186.0,-5.1,36818.0,323.3,245.8
AHPC,4/24/2018,183.0,189.0,183.0,189.0,1.61,7344.0,323.3,245.8
AHPC,4/25/2018,186.0,186.0,180.0,186.0,-1.59,14988.0,323.3,245.8
AHPC,4/26/2018,188.0,188.0,176.0,185.0,-0.54,10501.0,323.3,245.8
AHPC,4/29/2018,183.0,185.0,180.0,183.0,-1.08,942.0,323.3,245.8
AHPC,5/2/2018,180.0,182.0,177.0,182.0,-0.55,3714.0,323.3,245.8
AHPC,5/3/2018,184.0,185.0,179.0,183.0,0.55,7193.0,323.3,245.8
AHPC,5/6/2018,182.0,182.0,177.0,180.0,-1.64,3971.0,323.3,245.8
AHPC,5/7/2018,177.0,179.0,174.0,176.0,-2.22,3148.0,323.3,245.8
AHPC,5/8/2018,179.0,179.0,171.0,174.0,-1.14,7524.0,323.3,245.8
AHPC,5/9/2018,177.0,177.0,167.0,171.0,-1.72,14604.0,323.3,245.8
AHPC,5/10/2018,168.0,176.0,168.0,176.0,2.92,6625.0,323.3,245.8
AHPC,5/14/2018,179.0,179.0,169.0,169.0,-3.98,5772.0,323.3,245.8
AHPC,5/15/2018,172.0,172.0,170.0,172.0,1.78,80.0,323.3,245.8
AHPC,5/16/2018,169.0,171.0,166.0,170.0,-1.16,15848.0,323.3,245.8
AHPC,5/17/2018,170.0,173.0,168.0,172.0,1.18,24103.0,323.3,245.8
AHPC,5/20/2018,175.0,175.0,168.0,169.0,-1.74,5758.0,323.3,245.8
AHPC,5/21/2018,170.0,170.0,166.0,169.0,0.0,5952.0,323.3,245.8
AHPC,5/22/2018,170.0,170.0,164.0,169.0,0.0,9200.0,323.3,245.8
AHPC,5/23/2018,166.0,167.0,163.0,167.0,-1.18,6366.0,323.3,245.8
AHPC,5/24/2018,164.0,164.0,161.0,164.0,-1.8,4299.0,323.3,245.8
AHPC,5/27/2018,162.0,165.0,159.0,161.0,-1.83,4369.0,323.3,245.8
AHPC,5/28/2018,158.0,170.0,158.0,170.0,5.59,2865.0,323.3,245.8
AHPC,5/29/2018,168.0,169.0,167.0,168.0,-1.18,2738.0,323.3,245.8
AHPC,5/30/2018,171.0,172.0,163.0,168.0,0.0,7212.0,323.3,245.8
AHPC,5/31/2018,165.0,165.0,162.0,165.0,-1.79,264.0,323.3,245.8
AHPC,6/3/2018,162.0,163.0,156.0,160.0,-3.03,10172.0,323.3,245.8
AHPC,6/4/2018,157.0,160.0,157.0,160.0,0.0,1258.0,323.3,245.8
AHPC,6/6/2018,163.0,166.0,163.0,163.0,1.88,5204.0,323.3,245.8
AHPC,6/7/2018,165.0,168.0,165.0,168.0,3.07,65.0,323.3,245.8
AHPC,6/10/2018,168.0,171.0,168.0,168.0,0.0,20.0,323.3,245.8
AHPC,6/12/2018,165.0,165.0,153.0,158.0,-5.95,2011.0,323.3,245.8
AHPC,6/13/2018,161.0,166.0,152.0,166.0,5.06,8096.0,323.3,245.8
AHPC,6/14/2018,163.0,170.0,159.0,163.0,-1.81,12332.0,323.3,245.8
AHPC,6/17/2018,160.0,164.0,157.0,164.0,0.61,419.0,323.3,245.8
AHPC,6/18/2018,161.0,163.0,161.0,163.0,-0.61,72.0,323.3,245.8
AHPC,6/19/2018,160.0,162.0,160.0,162.0,-0.61,2025.0,323.3,245.8
AHPC,6/20/2018,165.0,165.0,160.0,160.0,-1.23,115.0,323.3,245.8
AHPC,6/21/2018,157.0,160.0,157.0,160.0,0.0,2254.0,323.3,245.8
AHPC,6/24/2018,157.0,159.0,155.0,158.0,-1.25,4630.0,323.3,245.8
AHPC,6/25/2018,161.0,161.0,158.0,158.0,0.0,1222.0,323.3,245.8
AHPC,6/26/2018,158.0,161.0,147.0,155.0,-1.9,3647.0,323.3,245.8
AHPC,6/27/2018,155.0,157.0,149.0,157.0,1.29,5272.0,323.3,245.8
AHPC,6/28/2018,154.0,154.0,150.0,154.0,-1.91,12614.0,323.3,245.8
AHPC,7/1/2018,154.0,154.0,147.0,152.0,-1.3,5637.0,323.3,245.8
AHPC,7/2/2018,149.0,154.0,147.0,153.0,0.66,5511.0,323.3,245.8
AHPC,7/3/2018,150.0,150.0,146.0,146.0,-4.58,11521.0,323.3,245.8
AHPC,7/4/2018,148.0,153.0,144.0,153.0,4.79,15260.0,323.3,245.8
AHPC,7/5/2018,156.0,159.0,150.0,156.0,1.96,17975.0,323.3,245.8
AHPC,7/8/2018,159.0,159.0,151.0,155.0,-0.64,8113.0,323.3,245.8
AHPC,7/9/2018,152.0,154.0,149.0,154.0,-0.65,3138.0,323.3,245.8
AHPC,7/10/2018,152.0,155.0,151.0,151.0,-1.95,283.0,323.3,245.8
AHPC,7/11/2018,149.0,155.0,149.0,151.0,0.0,2923.0,323.3,245.8
AHPC,7/12/2018,149.0,150.0,147.0,149.0,-1.32,6943.0,323.3,245.8
AHPC,7/15/2018,150.0,152.0,149.0,151.0,1.34,834.0,323.3,245.8
AHPC,7/16/2018,150.0,154.0,148.0,153.0,1.32,1420.0,323.3,245.8
AHPC,7/17/2018,154.0,154.0,150.0,150.0,-1.96,1062.0,323.3,245.8
AHPC,7/18/2018,151.0,152.0,147.0,147.0,-2.0,1495.0,323.3,245.8
AHPC,7/19/2018,145.0,148.0,140.0,145.0,-1.36,70419.0,323.3,245.8
AHPC,7/22/2018,145.0,145.0,138.0,138.0,-4.83,36939.0,323.3,245.8
AHPC,7/23/2018,140.0,143.0,138.0,142.0,2.9,12904.0,323.3,245.8
AHPC,7/24/2018,143.0,145.0,140.0,142.0,0.0,4150.0,323.3,245.8
AHPC,7/25/2018,142.0,145.0,137.0,141.0,-0.7,7072.0,323.3,245.8
AHPC,7/26/2018,139.0,143.0,139.0,143.0,1.42,3842.0,323.3,245.8
AHPC,7/29/2018,143.0,143.0,139.0,141.0,-1.4,4731.0,323.3,245.8
AHPC,7/30/2018,142.0,142.0,139.0,140.0,-0.71,5073.0,323.3,245.8
AHPC,7/31/2018,140.0,140.0,138.0,140.0,0.0,1373.0,323.3,245.8
AHPC,8/1/2018,138.0,142.0,138.0,142.0,1.43,3623.0,323.3,245.8
AHPC,8/2/2018,142.0,142.0,139.0,139.0,-2.11,1544.0,323.3,245.8
AHPC,8/5/2018,138.0,141.0,138.0,141.0,1.44,2470.0,323.3,245.8
AHPC,8/6/2018,140.0,141.0,137.0,141.0,0.0,2309.0,323.3,245.8
AHPC,8/7/2018,140.0,141.0,139.0,141.0,0.0,398.0,323.3,245.8
AHPC,8/8/2018,139.0,140.0,137.0,140.0,-0.71,1469.0,323.3,245.8
AHPC,8/9/2018,138.0,142.0,136.0,142.0,1.43,3345.0,323.3,245.8
AHPC,8/12/2018,140.0,140.0,136.0,138.0,-2.82,8112.0,323.3,245.8
AHPC,8/13/2018,136.0,137.0,134.0,137.0,-0.72,11781.0,323.3,245.8
AHPC,8/14/2018,135.0,137.0,135.0,137.0,0.0,3647.0,323.3,245.8
AHPC,8/15/2018,135.0,139.0,131.0,139.0,1.46,6120.0,323.3,245.8
AHPC,8/16/2018,137.0,139.0,133.0,138.0,-0.72,6055.0,323.3,245.8
AHPC,8/19/2018,136.0,136.0,134.0,136.0,-1.45,680.0,323.3,245.8
AHPC,8/20/2018,134.0,135.0,129.0,135.0,-0.74,3752.0,323.3,245.8
AHPC,8/21/2018,133.0,133.0,129.0,132.0,-2.22,3651.0,323.3,245.8
AHPC,8/22/2018,134.0,134.0,130.0,133.0,0.76,1440.0,323.3,245.8
AHPC,8/23/2018,131.0,133.0,128.0,131.0,-1.5,5242.0,323.3,245.8
AHPC,8/26/2018,132.0,132.0,127.0,132.0,0.76,4488.0,323.3,245.8
AHPC,8/28/2018,134.0,136.0,129.0,129.0,-2.27,3405.0,323.3,245.8
AHPC,8/29/2018,128.0,130.0,127.0,130.0,0.78,8258.0,323.3,245.8
AHPC,8/30/2018,132.0,132.0,129.0,130.0,0.0,3872.0,323.3,245.8
AHPC,9/2/2018,129.0,130.0,127.0,130.0,0.0,4319.0,323.3,245.8
AHPC,9/3/2018,132.0,136.0,131.0,134.0,3.08,6710.0,323.3,245.8
AHPC,9/4/2018,132.0,133.0,130.0,133.0,-0.75,2313.0,323.3,245.8
AHPC,9/5/2018,132.0,140.0,130.0,135.0,1.5,14792.0,323.3,245.8
AHPC,9/6/2018,137.0,139.0,133.0,138.0,2.22,4654.0,323.3,245.8
AHPC,9/9/2018,136.0,136.0,130.0,135.0,-2.17,3853.0,323.3,245.8
AHPC,9/10/2018,135.0,135.0,131.0,131.0,-2.96,287.0,323.3,245.8
AHPC,9/11/2018,129.0,136.0,129.0,134.0,2.29,3913.0,323.3,245.8
AHPC,9/12/2018,135.0,135.0,133.0,135.0,0.75,1970.0,323.3,245.8
AHPC,9/13/2018,135.0,135.0,130.0,133.0,-1.48,8152.0,323.3,245.8
AHPC,9/16/2018,134.0,135.0,134.0,135.0,1.5,1197.0,323.3,245.8
AHPC,9/17/2018,137.0,137.0,135.0,135.0,0.0,160.0,323.3,245.8
AHPC,9/18/2018,133.0,141.0,131.0,139.0,2.96,6502.0,323.3,245.8
AHPC,9/20/2018,137.0,137.0,131.0,133.0,-4.32,9622.0,323.3,245.8
AHPC,9/23/2018,133.0,134.0,132.0,132.0,-0.75,7881.0,323.3,245.8
AHPC,9/25/2018,134.0,134.0,132.0,134.0,1.52,4549.0,323.3,245.8
AHPC,9/26/2018,132.0,136.0,131.0,134.0,0.0,6492.0,323.3,245.8
AHPC,9/27/2018,132.0,134.0,131.0,134.0,0.0,3562.0,323.3,245.8
AHPC,9/30/2018,132.0,133.0,129.0,133.0,-0.75,1725.0,323.3,245.8
AHPC,10/1/2018,131.0,132.0,129.0,132.0,-0.75,3779.0,323.3,245.8
AHPC,10/2/2018,131.0,134.0,130.0,134.0,1.52,3678.0,323.3,245.8
AHPC,10/3/2018,135.0,135.0,129.0,134.0,0.0,1474.0,323.3,245.8
AHPC,10/4/2018,132.0,132.0,132.0,132.0,-1.49,200.0,323.3,245.8
AHPC,10/7/2018,130.0,131.0,126.0,131.0,-0.76,4364.0,323.3,245.8
AHPC,10/8/2018,129.0,131.0,129.0,131.0,0.0,132.0,323.3,245.8
AHPC,10/9/2018,132.0,132.0,130.0,131.0,0.0,1355.0,323.3,245.8
AHPC,10/10/2018,129.0,129.0,125.0,127.0,-3.05,9629.0,323.3,245.8
AHPC,10/11/2018,129.0,131.0,128.0,131.0,3.15,2235.0,323.3,245.8
AHPC,10/14/2018,130.0,132.0,129.0,132.0,0.76,3312.0,323.3,245.8
AHPC,10/15/2018,130.0,134.0,130.0,134.0,1.52,4898.0,323.3,245.8
AHPC,10/21/2018,136.0,136.0,130.0,130.0,-2.99,3607.0,323.3,245.8
AHPC,10/22/2018,132.0,132.0,130.0,130.0,0.0,756.0,323.3,245.8
AHPC,10/23/2018,130.0,130.0,129.0,129.0,-0.77,1099.0,323.3,245.8
AHPC,10/24/2018,128.0,132.0,127.0,132.0,2.33,3401.0,323.3,245.8
AHPC,10/25/2018,132.0,132.0,130.0,130.0,-1.52,418.0,323.3,245.8
AHPC,10/28/2018,128.0,128.0,126.0,127.0,-2.31,17095.0,323.3,245.8
AHPC,10/29/2018,129.0,128.0,123.0,127.0,0.0,7904.0,323.3,245.8
AHPC,10/30/2018,126.0,127.0,126.0,127.0,0.0,1540.0,323.3,245.8
AHPC,10/31/2018,125.0,128.0,123.0,128.0,0.79,6588.0,323.3,245.8
AHPC,11/1/2018,126.0,128.0,124.0,127.0,-0.78,4920.0,323.3,245.8
AHPC,11/4/2018,129.0,129.0,123.0,123.0,-3.15,6071.0,323.3,245.8
AHPC,11/5/2018,125.0,129.0,121.0,128.0,4.07,2406.0,323.3,245.8
AHPC,11/6/2018,128.0,123.0,123.0,125.0,-2.34,136.0,323.3,245.8
AHPC,11/11/2018,125.0,127.0,125.0,125.0,0.0,300.0,323.3,245.8
AHPC,11/12/2018,124.0,126.0,123.0,126.0,0.8,4831.0,323.3,245.8
AHPC,11/13/2018,124.0,126.0,122.0,122.0,-3.17,6335.0,323.3,245.8
AHPC,11/14/2018,120.0,126.0,120.0,126.0,3.28,2060.0,323.3,245.8
AHPC,11/15/2018,124.0,125.0,122.0,125.0,-0.79,2133.0,323.3,245.8
AHPC,11/18/2018,123.0,123.0,119.0,119.0,-4.8,8587.0,323.3,245.8
AHPC,11/19/2018,122.0,122.0,117.0,122.0,2.52,7458.0,323.3,245.8
AHPC,11/20/2018,122.0,122.0,118.0,118.0,-3.28,3030.0,323.3,245.8
AHPC,11/21/2018,118.0,120.0,118.0,119.0,0.85,3996.0,323.3,245.8
AHPC,11/22/2018,121.0,121.0,119.0,121.0,1.68,6709.0,323.3,245.8
AHPC,11/25/2018,121.0,121.0,115.0,116.0,-4.13,15843.0,323.3,245.8
AHPC,11/26/2018,118.0,118.0,112.0,118.0,1.72,13472.0,323.3,245.8
AHPC,11/27/2018,116.0,117.0,114.0,116.0,-1.69,1515.0,323.3,245.8
AHPC,11/28/2018,115.0,116.0,114.0,116.0,0.0,8505.0,323.3,245.8
AHPC,11/29/2018,114.0,116.0,110.0,115.0,-0.86,5496.0,323.3,245.8
AHPC,12/2/2018,116.0,116.0,110.0,112.0,-2.61,11724.0,323.3,245.8
AHPC,12/3/2018,111.0,114.0,108.0,110.0,-1.79,5349.0,323.3,245.8
AHPC,12/4/2018,109.0,113.0,108.0,113.0,2.73,11127.0,323.3,245.8
AHPC,12/5/2018,111.0,112.0,108.0,112.0,-0.88,5004.0,323.3,245.8
AHPC,12/6/2018,110.0,110.0,108.0,110.0,-1.79,2160.0,323.3,245.8
AHPC,12/9/2018,110.0,111.0,107.0,111.0,0.91,3931.0,323.3,245.8
AHPC,12/10/2018,113.0,113.0,108.0,110.0,-0.9,12761.0,323.3,245.8
AHPC,12/11/2018,108.0,109.0,108.0,109.0,-0.91,2200.0,323.3,245.8
AHPC,12/12/2018,109.0,110.0,108.0,110.0,0.92,6070.0,323.3,245.8
AHPC,12/13/2018,111.0,111.0,109.0,109.0,-0.91,2087.0,323.3,245.8
AHPC,12/16/2018,109.0,110.0,109.0,109.0,0.0,1608.0,323.3,245.8
AHPC,12/17/2018,110.0,111.0,110.0,111.0,1.83,1157.0,323.3,245.8
AHPC,12/18/2018,109.0,109.0,107.0,107.0,-3.6,1100.0,323.3,245.8
AHPC,12/19/2018,105.0,109.0,105.0,108.0,0.93,1464.0,323.3,245.8
AHPC,12/20/2018,108.0,109.0,107.0,109.0,0.93,180.0,323.3,245.8
AHPC,12/23/2018,111.0,111.0,106.0,111.0,1.83,12033.0,323.3,245.8
AHPC,12/24/2018,112.0,112.0,110.0,111.0,0.0,580.0,323.3,245.8
AHPC,12/25/2018,111.0,111.0,111.0,111.0,0.0,12.0,323.3,245.8
AHPC,12/26/2018,109.0,109.0,107.0,107.0,-3.6,5014.0,323.3,245.8
AHPC,12/27/2018,106.0,114.0,106.0,109.0,1.87,11640.0,323.3,245.8
AHPC,12/30/2018,109.0,110.0,107.0,107.0,-1.83,4784.0,323.3,245.8
AHPC,12/31/2018,108.0,108.0,106.0,106.0,-0.93,400.0,323.3,245.8
AHPC,1/2/2019,106.0,106.0,106.0,106.0,0.0,300.0,323.3,245.8
AHPC,1/3/2019,106.0,107.0,106.0,107.0,0.94,105.0,323.3,245.8
AHPC,1/6/2019,106.0,106.0,105.0,105.0,-1.87,4552.0,323.3,245.8
AHPC,1/7/2019,103.0,107.0,103.0,106.0,0.95,8516.0,323.3,245.8
AHPC,1/8/2019,104.0,106.0,104.0,104.0,-1.89,3120.0,323.3,245.8
AHPC,1/9/2019,99.0,106.0,99.0,106.0,1.92,3365.0,323.3,245.8
AHPC,1/10/2019,106.0,106.0,105.0,105.0,-0.94,3812.0,323.3,245.8
AHPC,1/13/2019,105.0,105.0,105.0,105.0,0.0,50.0,323.3,245.8
AHPC,1/14/2019,106.0,108.0,106.0,108.0,2.86,286.0,323.3,245.8
AHPC,1/15/2019,108.0,108.0,104.0,106.0,-1.85,2063.0,323.3,245.8
AHPC,1/16/2019,105.0,106.0,105.0,105.0,-0.94,1611.0,323.3,245.8
AHPC,1/17/2019,105.0,107.0,105.0,105.0,0.0,5331.0,323.3,245.8
AHPC,1/20/2019,105.0,105.0,104.0,104.0,-0.95,2100.0,323.3,245.8
AHPC,1/21/2019,104.0,104.0,103.0,103.0,-0.96,4634.0,323.3,245.8
AHPC,1/22/2019,103.0,104.0,101.0,104.0,0.97,4105.0,323.3,245.8
AHPC,1/23/2019,103.0,105.0,103.0,104.0,0.0,2776.0,323.3,245.8
AHPC,1/24/2019,103.0,105.0,103.0,103.0,-0.96,4503.0,323.3,245.8
AHPC,1/27/2019,102.0,104.0,101.0,104.0,0.97,3733.0,323.3,245.8
AHPC,1/28/2019,104.0,104.0,102.0,103.0,-0.96,609.0,323.3,245.8
AHPC,1/29/2019,102.0,103.0,102.0,103.0,0.0,1625.0,323.3,245.8
AHPC,1/30/2019,101.0,103.0,101.0,102.0,-0.97,2978.0,323.3,245.8
AHPC,1/31/2019,101.0,104.0,100.0,104.0,1.96,7363.0,323.3,245.8
AHPC,2/3/2019,102.0,102.0,100.0,101.0,-2.88,2616.0,323.3,245.8
AHPC,2/4/2019,101.0,102.0,99.0,100.0,-0.99,7504.0,323.3,245.8
AHPC,2/5/2019,102.0,102.0,101.0,101.0,1.0,710.0,323.3,245.8
AHPC,2/6/2019,101.0,101.0,100.0,101.0,0.0,1561.0,323.3,245.8
AHPC,2/7/2019,103.0,103.0,99.0,100.0,-0.99,5783.0,323.3,245.8
AHPC,2/10/2019,100.0,101.0,98.0,99.0,-1.0,8837.0,323.3,245.8
AHPC,2/11/2019,98.0,100.0,98.0,99.0,0.0,1058.0,323.3,245.8
AHPC,2/12/2019,98.0,100.0,98.0,100.0,1.01,2839.0,323.3,245.8
AHPC,2/13/2019,100.0,100.0,98.0,98.0,-2.0,4170.0,323.3,245.8
AHPC,2/14/2019,98.0,100.0,97.0,98.0,0.0,5604.0,323.3,245.8
AHPC,2/17/2019,99.0,100.0,98.0,98.0,0.0,1142.0,323.3,245.8
AHPC,2/18/2019,99.0,99.0,97.0,98.0,0.0,3783.0,323.3,245.8
AHPC,2/19/2019,98.0,100.0,98.0,99.0,1.02,3201.0,323.3,245.8
AHPC,2/20/2019,99.0,99.0,99.0,99.0,0.0,524.0,323.3,245.8
AHPC,2/21/2019,98.0,99.0,98.0,98.0,-1.01,2983.0,323.3,245.8
AHPC,2/24/2019,97.0,98.0,97.0,97.0,-1.02,1483.0,323.3,245.8
AHPC,2/25/2019,98.0,98.0,97.0,97.0,0.0,1016.0,323.3,245.8
AHPC,2/26/2019,98.0,99.0,97.0,97.0,0.0,2952.0,323.3,245.8
AHPC,2/27/2019,98.0,98.0,97.0,97.0,0.0,1550.0,323.3,245.8
AHPC,3/3/2019,97.0,97.0,96.0,97.0,0.0,3268.0,323.3,245.8
AHPC,3/6/2019,98.0,100.0,98.0,99.0,2.06,2384.0,323.3,245.8
AHPC,3/7/2019,100.0,101.0,100.0,101.0,2.02,6366.0,323.3,245.8
AHPC,3/10/2019,100.0,103.0,100.0,103.0,1.98,2190.0,323.3,245.8
AHPC,3/11/2019,101.0,104.0,100.0,103.0,0.0,5568.0,323.3,245.8
AHPC,3/12/2019,105.0,111.0,105.0,108.0,4.85,11530.0,323.3,245.8
AHPC,3/13/2019,106.0,108.0,106.0,106.0,-1.85,3300.0,323.3,245.8
AHPC,3/14/2019,104.0,106.0,102.0,106.0,0.0,1768.0,323.3,245.8
AHPC,3/17/2019,106.0,106.0,103.0,105.0,-0.94,2659.0,323.3,245.8
AHPC,3/18/2019,107.0,107.0,103.0,103.0,-1.9,2352.0,323.3,245.8
AHPC,3/19/2019,103.0,104.0,103.0,104.0,0.97,270.0,323.3,245.8
AHPC,3/21/2019,103.0,103.0,103.0,103.0,-0.96,1465.0,323.3,245.8
AHPC,3/24/2019,102.0,102.0,101.0,101.0,-1.94,2650.0,323.3,245.8
AHPC,3/25/2019,100.0,103.0,100.0,101.0,0.0,4681.0,323.3,245.8
AHPC,3/26/2019,100.0,103.0,100.0,103.0,1.98,3679.0,323.3,245.8
AHPC,3/27/2019,108.0,108.0,104.0,104.0,0.97,131.0,323.3,245.8
AHPC,3/28/2019,102.0,104.0,101.0,101.0,-2.88,12658.0,323.3,245.8
AHPC,3/31/2019,102.0,102.0,101.0,101.0,0.0,170.0,323.3,245.8
AHPC,4/1/2019,101.0,108.0,101.0,106.0,4.95,6377.0,323.3,245.8
AHPC,4/2/2019,105.0,106.0,103.0,103.0,-2.83,2245.0,323.3,245.8
AHPC,4/3/2019,105.0,105.0,103.0,103.0,0.0,10090.0,323.3,245.8
AHPC,4/4/2019,104.0,105.0,103.0,105.0,1.94,2426.0,323.3,245.8
AHPC,4/7/2019,105.0,105.0,102.0,104.0,-0.95,7885.0,323.3,245.8
AHPC,4/8/2019,105.0,105.0,103.0,104.0,0.0,118.0,323.3,245.8
AHPC,4/9/2019,106.0,106.0,102.0,103.0,-0.96,2908.0,323.3,245.8
AHPC,4/10/2019,101.0,103.0,101.0,103.0,0.0,248.0,323.3,245.8
AHPC,4/11/2019,104.0,104.0,102.0,102.0,-0.97,19307.0,323.3,245.8
AHPC,4/15/2019,102.0,102.0,102.0,102.0,0.0,134.0,323.3,245.8
AHPC,4/16/2019,102.0,103.0,102.0,102.0,0.0,8264.0,323.3,245.8
AHPC,4/17/2019,102.0,102.0,100.0,101.0,-0.98,2886.0,323.3,245.8
AHPC,4/18/2019,102.0,102.0,100.0,100.0,-0.99,1418.0,323.3,245.8
AHPC,4/21/2019,100.0,101.0,100.0,101.0,1.0,8214.0,323.3,245.8
AHPC,4/22/2019,100.0,101.0,100.0,101.0,0.0,7382.0,323.3,245.8
AHPC,4/23/2019,101.0,101.0,99.0,100.0,-0.99,8692.0,323.3,245.8
AHPC,4/24/2019,100.0,100.0,100.0,100.0,0.0,5622.0,323.3,245.8
AHPC,4/25/2019,100.0,105.0,100.0,100.0,0.0,14641.0,323.3,245.8
AHPC,4/28/2019,101.0,110.0,101.0,104.0,4.0,20284.0,323.3,245.8
AHPC,4/29/2019,103.0,105.0,103.0,103.0,-0.96,7980.0,323.3,245.8
AHPC,4/30/2019,105.0,113.0,102.0,113.0,9.71,98472.0,323.3,245.8
AHPC,5/2/2019,108.0,114.0,105.0,114.0,0.88,24640.0,323.3,245.8
AHPC,5/5/2019,112.0,112.0,106.0,106.0,-7.02,15727.0,323.3,245.8
AHPC,5/6/2019,107.0,108.0,106.0,108.0,1.89,4747.0,323.3,245.8
AHPC,5/7/2019,106.0,108.0,106.0,108.0,0.0,5026.0,323.3,245.8
AHPC,5/8/2019,106.0,108.0,104.0,106.0,-1.85,19947.0,323.3,245.8
AHPC,5/9/2019,104.0,107.0,102.0,102.0,-3.77,27355.0,323.3,245.8
AHPC,5/12/2019,102.0,106.0,102.0,104.0,1.96,9369.0,323.3,245.8
AHPC,5/13/2019,106.0,110.0,103.0,109.0,4.81,15339.0,323.3,245.8
AHPC,5/14/2019,111.0,111.0,106.0,106.0,-2.75,6666.0,323.3,245.8
AHPC,5/15/2019,108.0,110.0,107.0,107.0,0.94,11621.0,323.3,245.8
AHPC,5/16/2019,106.0,108.0,105.0,105.0,-1.87,3771.0,323.3,245.8
AHPC,5/19/2019,107.0,107.0,105.0,107.0,1.9,764.0,323.3,245.8
AHPC,5/20/2019,108.0,108.0,104.0,108.0,0.93,7072.0,323.3,245.8
AHPC,5/21/2019,110.0,112.0,108.0,110.0,1.85,23057.0,323.3,245.8
AHPC,5/22/2019,112.0,121.0,111.0,121.0,10.0,117028.0,323.3,245.8
AHPC,5/23/2019,123.0,125.0,111.0,114.0,-5.79,50594.0,323.3,245.8
AHPC,5/26/2019,112.0,114.0,110.0,112.0,-1.75,41150.0,323.3,245.8
AHPC,5/27/2019,114.0,114.0,109.0,109.0,-2.68,12332.0,323.3,245.8
AHPC,5/28/2019,107.0,115.0,107.0,112.0,2.75,17133.0,323.3,245.8
AHPC,5/29/2019,114.0,116.0,113.0,114.0,1.79,26080.0,323.3,245.8
AHPC,5/30/2019,116.0,120.0,111.0,113.0,-0.88,28378.0,323.3,245.8
AHPC,6/2/2019,111.0,111.0,108.0,111.0,-1.77,21946.0,323.3,245.8
AHPC,6/3/2019,111.0,111.0,108.0,109.0,-1.8,10835.0,323.3,245.8
AHPC,6/4/2019,108.0,110.0,108.0,109.0,0.0,9174.0,323.3,245.8
AHPC,6/6/2019,114.0,114.0,108.0,110.0,0.92,1525.0,323.3,245.8
AHPC,6/10/2019,112.0,112.0,108.0,108.0,-1.82,7113.0,323.3,245.8
AHPC,6/11/2019,110.0,110.0,107.0,107.0,-0.93,1630.0,323.3,245.8
AHPC,6/12/2019,109.0,109.0,106.0,108.0,0.93,10831.0,323.3,245.8
AHPC,6/13/2019,106.0,108.0,106.0,106.0,-1.85,3704.0,323.3,245.8
AHPC,6/16/2019,110.0,110.0,104.0,104.0,-1.89,10553.0,323.3,245.8
AHPC,6/17/2019,104.0,111.0,104.0,111.0,6.73,6211.0,323.3,245.8
AHPC,6/18/2019,110.0,110.0,107.0,107.0,-3.6,1761.0,323.3,245.8
AHPC,6/19/2019,105.0,108.0,105.0,107.0,0.0,1072.0,323.3,245.8
AHPC,6/20/2019,106.0,108.0,106.0,108.0,0.93,1501.0,323.3,245.8
AHPC,6/23/2019,106.0,108.0,105.0,108.0,0.0,6274.0,323.3,245.8
AHPC,6/24/2019,106.0,108.0,106.0,106.0,-1.85,879.0,323.3,245.8
AHPC,6/25/2019,106.0,108.0,106.0,108.0,1.89,2979.0,323.3,245.8
AHPC,6/26/2019,106.0,107.0,105.0,107.0,-0.93,5439.0,323.3,245.8
AHPC,6/27/2019,106.0,108.0,106.0,108.0,0.93,4110.0,323.3,245.8
AHPC,6/30/2019,106.0,106.0,102.0,104.0,-3.7,35200.0,323.3,245.8
AHPC,7/1/2019,99.0,109.0,99.0,109.0,4.81,35.0,323.3,245.8
AHPC,7/2/2019,107.0,107.0,104.0,106.0,-2.75,3202.0,323.3,245.8
AHPC,7/3/2019,105.0,110.0,104.0,106.0,0.0,5508.0,323.3,245.8
AHPC,7/4/2019,105.0,107.0,105.0,106.0,0.0,2516.0,323.3,245.8
AHPC,7/7/2019,108.0,108.0,105.0,106.0,0.0,4846.0,323.3,245.8
AHPC,7/8/2019,106.0,106.0,103.0,105.0,-0.94,10129.0,323.3,245.8
AHPC,7/9/2019,104.0,107.0,104.0,105.0,0.0,13172.0,323.3,245.8
AHPC,7/10/2019,105.0,106.0,105.0,106.0,0.95,9804.0,323.3,245.8
AHPC,7/11/2019,106.0,106.0,104.0,105.0,-0.94,7142.0,323.3,245.8
AHPC,7/14/2019,107.0,107.0,105.0,105.0,0.0,1372.0,323.3,245.8
AHPC,7/15/2019,107.0,108.0,106.0,106.0,0.95,4158.0,323.3,245.8
AHPC,7/16/2019,111.0,111.0,111.0,111.0,4.72,10.0,323.3,245.8
AHPC,7/17/2019,109.0,109.0,105.0,108.0,-2.7,2535.0,323.3,245.8
AHPC,7/18/2019,108.0,110.0,108.0,110.0,1.85,7448.0,323.3,245.8
AHPC,7/21/2019,108.0,108.0,104.0,106.0,-3.64,6761.0,323.3,245.8
AHPC,7/22/2019,111.0,111.0,105.0,109.0,2.83,320.0,323.3,245.8
AHPC,7/23/2019,107.0,108.0,106.0,107.0,-1.83,3362.0,323.3,245.8
AHPC,7/24/2019,108.0,108.0,106.0,108.0,0.93,513.0,323.3,245.8
AHPC,7/25/2019,106.0,106.0,104.0,104.0,-3.7,1459.0,323.3,245.8
AHPC,7/28/2019,106.0,106.0,103.0,103.0,-0.96,2766.0,323.3,245.8
AHPC,7/29/2019,103.0,105.0,103.0,104.0,0.97,1033.0,323.3,245.8
AHPC,7/30/2019,105.0,106.0,103.0,106.0,1.92,6695.0,323.3,245.8
AHPC,7/31/2019,106.0,106.0,104.0,104.0,-1.89,6350.0,323.3,245.8
AHPC,8/1/2019,106.0,107.0,104.0,107.0,2.88,5524.0,323.3,245.8
AHPC,8/4/2019,105.0,106.0,105.0,105.0,-1.87,1475.0,323.3,245.8
AHPC,8/5/2019,105.0,106.0,104.0,104.0,-0.95,1629.0,323.3,245.8
AHPC,8/6/2019,104.0,105.0,103.0,105.0,0.96,4948.0,323.3,245.8
AHPC,8/7/2019,104.0,108.0,104.0,105.0,0.0,778.0,323.3,245.8
AHPC,8/8/2019,105.0,105.0,104.0,104.0,-0.95,3470.0,323.3,245.8
AHPC,8/11/2019,104.0,104.0,103.0,104.0,0.0,2955.0,323.3,245.8
AHPC,8/12/2019,104.0,105.0,103.0,104.0,0.0,4891.0,323.3,245.8
AHPC,8/13/2019,104.0,106.0,102.0,106.0,1.92,11471.0,323.3,245.8
AHPC,8/14/2019,104.0,104.0,102.0,103.0,-2.83,2066.0,323.3,245.8
AHPC,8/15/2019,105.0,105.0,103.0,103.0,0.0,1700.0,323.3,245.8
AHPC,8/18/2019,103.0,104.0,101.0,101.0,-1.94,6153.0,323.3,245.8
AHPC,8/19/2019,104.0,104.0,101.0,102.0,0.99,5229.0,323.3,245.8
AHPC,8/20/2019,102.0,102.0,102.0,102.0,0.0,1610.0,323.3,245.8
AHPC,8/21/2019,101.0,101.0,101.0,101.0,-0.98,242.0,323.3,245.8
AHPC,8/22/2019,103.0,103.0,101.0,103.0,1.98,3050.0,323.3,245.8
AHPC,8/25/2019,101.0,103.0,101.0,101.0,-1.94,2979.0,323.3,245.8
AHPC,8/26/2019,100.0,101.0,100.0,100.0,-0.99,3710.0,323.3,245.8
AHPC,8/27/2019,102.0,102.0,100.0,101.0,1.0,2522.0,323.3,245.8
AHPC,8/28/2019,101.0,101.0,100.0,101.0,0.0,5672.0,323.3,245.8
AHPC,8/29/2019,100.0,101.0,100.0,100.0,-0.99,8025.0,323.3,245.8
AHPC,9/1/2019,100.0,100.0,98.0,100.0,0.0,10384.0,323.3,245.8
AHPC,9/2/2019,100.0,100.0,99.0,100.0,0.0,609.0,323.3,245.8
AHPC,9/3/2019,99.0,102.0,98.0,101.0,1.0,9208.0,323.3,245.8
AHPC,9/4/2019,100.0,99.0,100.0,101.0,0.0,2835.0,323.3,245.8
AHPC,9/5/2019,100.0,100.0,99.0,99.0,-1.98,1000.0,323.3,245.8
AHPC,9/8/2019,100.0,100.0,99.0,99.0,0.0,2310.0,323.3,245.8
AHPC,9/9/2019,99.0,99.0,98.0,98.0,-1.01,2432.0,323.3,245.8
AHPC,9/10/2019,98.0,99.0,97.0,99.0,1.02,4758.0,323.3,245.8
AHPC,9/11/2019,99.0,104.0,96.0,103.0,4.04,7866.0,323.3,245.8
AHPC,9/12/2019,108.0,108.0,96.0,96.0,-6.8,13455.0,323.3,245.8
AHPC,9/15/2019,96.0,97.0,94.0,94.0,-2.08,10249.0,323.3,245.8
AHPC,9/16/2019,94.0,95.0,94.0,95.0,1.06,8030.0,323.3,245.8
AHPC,9/17/2019,96.0,99.0,100.0,99.0,4.21,7737.0,323.3,245.8
AHPC,9/18/2019,100.0,99.0,100.0,102.0,3.03,11110.0,323.3,245.8
AHPC,9/19/2019,102.0,99.0,100.0,99.0,-2.94,1363.0,323.3,245.8
AHPC,9/22/2019,97.0,98.0,96.0,96.0,-3.03,4978.0,323.3,245.8
AHPC,9/23/2019,97.0,97.0,96.0,96.0,0.0,4308.0,323.3,245.8
AHPC,9/24/2019,96.0,97.0,96.0,97.0,1.04,2939.0,323.3,245.8
AHPC,9/25/2019,96.0,97.0,96.0,96.0,-1.03,1445.0,323.3,245.8
AHPC,9/26/2019,95.0,96.0,95.0,95.0,-1.04,6706.0,323.3,245.8
AHPC,9/29/2019,95.0,96.0,95.0,96.0,1.05,28969.0,323.3,245.8
AHPC,9/30/2019,95.0,95.0,94.0,94.0,-2.08,3352.0,323.3,245.8
AHPC,10/1/2019,95.0,97.0,95.0,97.0,3.19,2369.0,323.3,245.8
AHPC,10/2/2019,97.0,98.0,97.0,98.0,1.03,1100.0,323.3,245.8
AHPC,10/3/2019,98.0,98.0,94.0,94.0,-4.08,9200.0,323.3,245.8
AHPC,10/10/2019,95.0,95.0,94.0,94.0,0.0,2000.0,323.3,245.8
AHPC,10/14/2019,94.0,97.0,94.0,97.0,3.19,254.0,323.3,245.8
AHPC,10/15/2019,98.0,98.0,98.0,98.0,1.03,72.0,323.3,245.8
AHPC,10/20/2019,95.0,95.0,93.0,93.0,-5.1,7819.0,323.3,245.8
AHPC,10/21/2019,94.0,95.0,94.0,94.0,1.08,3897.0,323.3,245.8
AHPC,10/22/2019,93.0,96.0,93.0,95.0,1.06,3393.0,323.3,245.8
AHPC,10/23/2019,96.0,96.0,95.0,96.0,1.05,1551.0,323.3,245.8
AHPC,10/24/2019,97.0,104.0,96.0,104.0,8.33,670.0,323.3,245.8
AHPC,10/31/2019,102.0,102.0,98.0,99.0,-4.81,1084.0,323.3,245.8
AHPC,11/3/2019,98.0,98.0,98.0,98.0,-1.01,50.0,323.3,245.8
AHPC,11/4/2019,97.0,97.0,94.0,95.0,-3.06,10089.0,323.3,245.8
AHPC,11/5/2019,96.0,97.0,96.0,97.0,2.11,40.0,323.3,245.8
AHPC,11/6/2019,96.0,96.0,94.0,94.0,-3.09,2660.0,323.3,245.8
AHPC,11/7/2019,95.0,95.0,94.0,94.0,0.0,3300.0,323.3,245.8
AHPC,11/10/2019,93.0,94.0,93.0,93.0,-1.06,1848.0,323.3,245.8
AHPC,11/11/2019,94.0,100.0,93.0,100.0,7.53,2407.0,323.3,245.8
AHPC,11/12/2019,105.0,106.0,96.0,96.0,-4.0,1361.0,323.3,245.8
AHPC,11/13/2019,95.0,96.0,94.0,95.0,-1.04,3361.0,323.3,245.8
AHPC,11/14/2019,96.0,98.0,94.0,95.0,0.0,5631.0,323.3,245.8
AHPC,11/17/2019,95.0,95.0,94.0,95.0,0.0,2293.0,323.3,245.8
AHPC,11/18/2019,94.0,98.0,94.0,98.0,3.16,806.0,323.3,245.8
AHPC,11/19/2019,99.0,100.0,94.0,94.0,-4.08,2951.0,323.3,245.8
AHPC,11/20/2019,95.0,97.0,95.0,95.0,1.06,4683.0,323.3,245.8
AHPC,11/21/2019,96.0,96.0,94.0,94.0,-1.05,2730.0,323.3,245.8
AHPC,11/24/2019,93.0,97.0,91.0,96.0,2.13,6275.0,323.3,245.8
AHPC,11/25/2019,95.0,95.0,95.0,95.0,-1.04,10.0,323.3,245.8
AHPC,11/26/2019,94.0,95.0,92.0,92.0,-3.16,4812.0,323.3,245.8
AHPC,11/27/2019,92.0,98.0,92.0,98.0,6.52,3644.0,323.3,245.8
AHPC,11/28/2019,97.0,97.0,93.0,94.0,-4.08,17854.0,323.3,245.8
AHPC,12/1/2019,94.0,96.0,93.0,96.0,2.13,6835.0,323.3,245.8
AHPC,12/2/2019,95.0,95.0,94.0,95.0,-1.04,2200.0,323.3,245.8
AHPC,12/3/2019,94.0,96.0,93.0,96.0,1.05,25054.0,323.3,245.8
AHPC,12/4/2019,96.0,96.0,94.0,96.0,0.0,2633.0,323.3,245.8
AHPC,12/5/2019,97.0,97.0,95.0,96.0,0.0,6954.0,323.3,245.8
AHPC,12/8/2019,96.0,96.0,94.0,95.0,-1.04,2423.0,323.3,245.8
AHPC,12/9/2019,96.0,102.0,96.0,98.0,3.16,34957.0,323.3,245.8
AHPC,12/10/2019,97.0,98.0,95.0,95.0,-3.06,12444.0,323.3,245.8
AHPC,12/11/2019,95.0,97.0,95.0,95.0,0.0,4327.0,323.3,245.8
AHPC,12/12/2019,96.0,102.0,95.0,102.0,7.37,35059.0,323.3,245.8
AHPC,12/15/2019,100.0,100.0,97.0,97.0,-4.9,8295.0,323.3,245.8
AHPC,12/16/2019,97.0,98.0,95.0,97.0,0.0,15043.0,323.3,245.8
AHPC,12/17/2019,97.0,99.0,97.0,99.0,2.06,2299.0,323.3,245.8
AHPC,12/18/2019,100.0,100.0,98.0,98.0,-1.01,6862.0,323.3,245.8
AHPC,12/19/2019,99.0,99.0,97.0,98.0,0.0,6622.0,323.3,245.8
AHPC,12/22/2019,97.0,98.0,97.0,98.0,0.0,6317.0,323.3,245.8
AHPC,12/23/2019,97.0,98.0,96.0,96.0,-2.04,4351.0,323.3,245.8
AHPC,12/24/2019,97.0,99.0,96.0,97.0,1.04,2150.0,323.3,245.8
AHPC,12/25/2019,98.0,99.0,95.0,98.0,1.03,15459.0,323.3,245.8
AHPC,12/26/2019,93.0,93.0,92.0,92.0,-6.12,5333.0,323.3,245.8
AHPC,12/29/2019,92.0,92.0,89.0,90.0,-2.17,1808.0,323.3,245.8
AHPC,12/30/2019,91.0,91.0,90.0,90.0,0.0,2260.0,323.3,245.8
AHPC,12/31/2019,94.0,94.0,89.0,91.0,1.11,4090.0,323.3,245.8
AHPC,1/1/2020,92.0,94.0,91.0,94.0,3.3,2907.0,323.3,245.8
AHPC,1/2/2020,94.0,94.0,92.0,92.0,-2.13,1640.0,323.3,245.8
AHPC,1/5/2020,91.0,92.0,91.0,92.0,0.0,1210.0,323.3,245.8
AHPC,1/6/2020,91.0,93.0,90.0,92.0,0.0,5678.0,323.3,245.8
AHPC,1/7/2020,93.0,93.0,92.0,93.0,1.09,1645.0,323.3,245.8
AHPC,1/8/2020,92.0,93.0,92.0,93.0,0.0,1145.0,323.3,245.8
AHPC,1/9/2020,93.0,93.0,91.0,91.0,-2.15,2050.0,323.3,245.8
AHPC,1/12/2020,92.0,94.0,89.0,93.0,2.2,43679.0,323.3,245.8
AHPC,1/13/2020,94.0,99.0,100.0,95.0,2.15,69218.0,323.3,245.8
AHPC,1/14/2020,96.0,99.0,95.0,95.0,0.0,25450.0,323.3,245.8
AHPC,1/15/2020,96.0,98.0,96.0,96.0,1.05,13593.0,323.3,245.8
AHPC,1/16/2020,97.0,99.0,100.0,100.0,4.17,32700.0,323.3,245.8
AHPC,1/19/2020,102.0,99.0,100.0,100.0,0.0,31158.0,323.3,245.8
AHPC,1/20/2020,102.0,102.0,97.0,100.0,0.0,20025.0,323.3,245.8
AHPC,1/21/2020,98.0,99.0,97.0,98.0,-2.0,5450.0,323.3,245.8
AHPC,1/22/2020,99.0,99.0,94.0,95.0,-3.06,9602.0,323.3,245.8
AHPC,1/23/2020,94.0,97.0,94.0,97.0,2.11,5197.0,323.3,245.8
AHPC,1/26/2020,101.0,101.0,97.0,97.0,0.0,50.0,323.3,245.8
AHPC,1/27/2020,96.0,96.0,94.0,96.0,-1.03,4955.0,323.3,245.8
AHPC,1/28/2020,96.0,98.0,93.0,95.0,-1.04,22524.0,323.3,245.8
AHPC,1/29/2020,95.0,95.0,93.0,93.0,-2.11,8355.0,323.3,245.8
AHPC,1/30/2020,94.0,98.0,93.0,96.0,3.23,7575.0,323.3,245.8
AHPC,2/2/2020,95.0,97.0,95.0,97.0,1.04,10578.0,323.3,245.8
AHPC,2/3/2020,96.0,99.0,100.0,97.0,0.0,43995.0,323.3,245.8
AHPC,2/4/2020,98.0,99.0,97.0,97.0,0.0,34956.0,323.3,245.8
AHPC,2/5/2020,97.0,98.0,95.0,97.0,0.0,24110.0,323.3,245.8
AHPC,2/6/2020,96.0,96.0,96.0,96.0,-1.03,1815.0,323.3,245.8
AHPC,2/9/2020,95.0,96.0,94.0,94.0,-2.08,6585.0,323.3,245.8
AHPC,2/10/2020,95.0,96.0,94.0,95.0,1.06,19283.0,323.3,245.8
AHPC,2/11/2020,99.0,100.0,94.0,95.0,0.0,17928.0,323.3,245.8
AHPC,2/12/2020,95.0,97.0,95.0,97.0,2.11,3263.0,323.3,245.8
AHPC,2/13/2020,98.0,98.0,94.0,96.0,-1.03,7325.0,323.3,245.8
AHPC,2/16/2020,95.0,98.0,94.0,96.0,0.0,10956.0,323.3,245.8
AHPC,2/17/2020,100.0,102.0,95.0,101.0,5.21,69518.0,323.3,245.8
AHPC,2/18/2020,101.0,102.0,98.0,98.0,-2.97,20930.0,323.3,245.8
AHPC,2/19/2020,97.0,100.0,97.0,98.0,0.0,7246.0,323.3,245.8
AHPC,2/20/2020,98.0,100.0,97.0,98.0,0.0,15975.0,323.3,245.8
AHPC,2/23/2020,97.0,104.0,97.0,104.0,6.12,29734.0,323.3,245.8
AHPC,2/24/2020,103.0,106.0,100.0,103.0,-0.96,27515.0,323.3,245.8
AHPC,2/25/2020,104.0,113.0,101.0,113.0,9.71,118870.0,323.3,245.8
AHPC,2/26/2020,115.0,123.0,104.0,104.0,-7.96,67190.0,323.3,245.8
AHPC,2/27/2020,99.0,112.0,99.0,102.0,-1.92,144004.0,323.3,245.8
AHPC,3/1/2020,104.0,111.0,104.0,106.0,3.92,75001.0,323.3,245.8
AHPC,3/2/2020,104.0,104.0,101.0,101.0,-4.72,22346.0,323.3,245.8
AHPC,3/3/2020,100.0,107.0,99.0,105.0,3.96,50833.0,323.3,245.8
AHPC,3/4/2020,103.0,103.0,98.0,98.0,-6.67,36939.0,323.3,245.8
AHPC,3/5/2020,98.0,101.0,98.0,99.0,1.02,11600.0,323.3,245.8
AHPC,3/10/2020,99.0,100.0,98.0,99.0,0.0,7168.0,323.3,245.8
AHPC,3/11/2020,100.0,102.0,98.0,98.0,-1.01,18984.0,323.3,245.8
AHPC,3/12/2020,97.0,100.0,97.0,98.0,0.0,25055.0,323.3,245.8
AHPC,3/15/2020,97.0,98.0,93.0,95.0,-3.06,33391.0,323.3,245.8
AHPC,3/16/2020,94.0,98.0,93.0,95.0,0.0,17807.0,323.3,245.8
AHPC,3/17/2020,94.0,94.0,90.0,93.0,-2.11,29723.0,323.3,245.8
AHPC,3/18/2020,92.0,93.0,90.0,91.0,-2.15,15259.0,323.3,245.8
AHPC,3/19/2020,90.0,94.0,88.0,93.0,2.2,26548.0,323.3,245.8
AHPC,3/22/2020,93.0,93.0,93.0,93.0,0.0,190.0,323.3,245.8
AHPC,5/12/2020,92.0,92.0,92.0,92.0,-1.08,30.0,323.3,245.8
AHPC,6/29/2020,91.0,92.0,91.0,92.0,0.0,3553.0,323.3,245.8
AHPC,6/30/2020,92.0,94.0,92.0,94.0,2.17,4110.0,323.3,245.8
AHPC,7/1/2020,95.0,97.0,95.0,97.0,3.19,2721.0,323.3,245.8
AHPC,7/2/2020,98.0,98.0,98.0,98.0,1.03,20.0,323.3,245.8
AHPC,7/5/2020,97.0,97.0,95.0,95.0,-3.06,230.0,323.3,245.8
AHPC,7/6/2020,95.0,96.0,93.0,95.0,0.0,10419.0,323.3,245.8
AHPC,7/7/2020,94.0,96.0,94.0,95.0,0.0,7194.0,323.3,245.8
AHPC,7/8/2020,94.0,95.0,93.0,94.0,-1.05,6384.0,323.3,245.8
AHPC,7/9/2020,95.0,95.0,93.0,93.0,-1.06,6413.0,323.3,245.8
AHPC,7/12/2020,94.0,94.0,92.0,93.0,0.0,11202.0,323.3,245.8
AHPC,7/13/2020,92.0,94.0,92.0,92.0,-1.08,7647.0,323.3,245.8
AHPC,7/14/2020,93.0,94.0,91.0,92.0,0.0,45595.0,323.3,245.8
AHPC,7/15/2020,93.0,94.0,91.0,93.0,1.09,10667.0,323.3,245.8
AHPC,7/16/2020,92.0,96.0,92.0,96.0,3.23,13692.0,323.3,245.8
AHPC,7/19/2020,97.0,99.0,97.0,99.0,3.12,120.0,323.3,245.8
AHPC,7/20/2020,103.0,103.0,95.0,95.0,-4.04,32028.0,323.3,245.8
AHPC,7/21/2020,95.0,95.0,92.0,94.0,-1.05,20125.0,323.3,245.8
AHPC,7/22/2020,93.0,95.0,92.0,94.0,0.0,7501.0,323.3,245.8
AHPC,7/23/2020,94.0,96.0,94.0,94.0,0.0,36627.0,323.3,245.8
AHPC,7/26/2020,93.0,95.0,92.0,95.0,1.06,47790.0,323.3,245.8
AHPC,7/27/2020,96.0,96.0,92.0,92.0,-3.16,27221.0,323.3,245.8
AHPC,7/28/2020,93.0,95.0,92.0,94.0,2.17,13481.0,323.3,245.8
AHPC,7/29/2020,94.0,94.0,92.0,94.0,0.0,12230.0,323.3,245.8
AHPC,7/30/2020,94.0,99.0,93.0,97.0,3.19,49427.0,323.3,245.8
AHPC,8/2/2020,97.0,97.0,93.0,96.0,-1.03,6144.0,323.3,245.8
AHPC,8/3/2020,95.0,95.0,93.0,93.0,-3.12,6770.0,323.3,245.8
AHPC,8/5/2020,94.0,99.0,100.0,96.0,3.23,61784.0,323.3,245.8
AHPC,8/6/2020,96.0,97.0,93.0,94.0,-2.08,15630.0,323.3,245.8
AHPC,8/9/2020,94.0,95.0,92.0,95.0,1.06,20645.0,323.3,245.8
AHPC,8/10/2020,95.0,95.0,92.0,94.0,-1.05,10163.0,323.3,245.8
AHPC,8/11/2020,94.0,96.0,93.0,94.0,0.0,10053.0,323.3,245.8
AHPC,8/12/2020,93.0,95.0,93.0,93.0,-1.06,8248.0,323.3,245.8
AHPC,8/13/2020,93.0,95.0,93.0,93.0,0.0,17324.0,323.3,245.8
AHPC,8/16/2020,93.0,94.0,92.0,93.0,0.0,7245.0,323.3,245.8
AHPC,8/17/2020,94.0,94.0,92.0,93.0,0.0,26353.0,323.3,245.8
AHPC,8/18/2020,93.0,95.0,93.0,95.0,2.15,8502.0,323.3,245.8
AHPC,8/19/2020,94.0,94.0,92.0,92.0,-3.16,5068.0,323.3,245.8
AHPC,8/20/2020,93.0,95.0,93.0,93.0,1.09,1672.0,323.3,245.8
AHPC,8/23/2020,93.0,96.0,93.0,93.0,0.0,13628.0,323.3,245.8
AHPC,8/24/2020,94.0,95.0,93.0,93.0,0.0,15335.0,323.3,245.8
AHPC,8/25/2020,94.0,96.0,93.0,96.0,3.23,16105.0,323.3,245.8
AHPC,8/26/2020,95.0,96.0,94.0,95.0,-1.04,8539.0,323.3,245.8
AHPC,8/27/2020,96.0,96.0,93.0,94.0,-1.05,15272.0,323.3,245.8
AHPC,8/30/2020,94.0,100.0,93.0,96.0,2.13,28454.0,323.3,245.8
AHPC,8/31/2020,97.0,104.0,97.0,100.0,4.17,123808.0,323.3,245.8
AHPC,9/2/2020,105.0,110.0,103.0,110.0,10.0,208898.0,323.3,245.8
AHPC,9/3/2020,115.0,121.0,109.0,112.0,1.82,198803.0,323.3,245.8
AHPC,9/6/2020,117.0,123.0,115.0,123.0,9.82,259424.0,323.3,245.8
AHPC,9/7/2020,129.0,129.0,118.0,120.0,-2.44,129004.0,323.3,245.8
AHPC,9/8/2020,126.0,126.0,115.0,118.0,-1.67,45019.0,323.3,245.8
AHPC,9/9/2020,116.0,122.0,116.0,118.0,0.0,91572.0,323.3,245.8
AHPC,9/10/2020,123.0,123.0,117.0,119.0,0.85,36652.0,323.3,245.8
AHPC,9/13/2020,118.0,130.0,115.0,130.0,9.24,238020.0,323.3,245.8
AHPC,9/14/2020,136.0,143.0,135.0,143.0,10.0,176608.0,323.3,245.8
AHPC,9/15/2020,150.0,157.0,143.0,148.0,3.5,182023.0,323.3,245.8
AHPC,9/16/2020,155.0,162.0,144.0,162.0,9.46,231861.0,323.3,245.8
AHPC,9/17/2020,170.0,178.0,159.0,178.0,9.88,347412.0,323.3,245.8
AHPC,9/20/2020,186.0,186.0,161.0,167.0,-6.18,218740.0,323.3,245.8
AHPC,9/21/2020,170.0,175.0,155.0,171.0,2.4,194081.0,323.3,245.8
AHPC,9/22/2020,171.0,174.0,163.0,164.0,-4.09,154980.0,323.3,245.8
AHPC,9/23/2020,163.0,180.0,159.0,180.0,9.76,325832.0,323.3,245.8
AHPC,9/24/2020,185.0,198.0,184.0,197.0,9.44,460026.0,323.3,245.8
AHPC,9/27/2020,206.0,212.0,193.0,193.0,-2.03,387638.0,323.3,245.8
AHPC,9/28/2020,190.0,208.0,187.0,199.0,3.11,307313.0,323.3,245.8
AHPC,9/29/2020,208.0,211.0,197.0,209.0,5.03,342028.0,323.3,245.8
AHPC,9/30/2020,218.0,218.0,208.0,214.0,2.39,313810.0,323.3,245.8
AHPC,10/1/2020,211.0,234.0,211.0,229.0,7.01,544570.0,323.3,245.8
AHPC,10/4/2020,228.0,237.0,217.0,237.0,3.49,245181.0,323.3,245.8
AHPC,10/5/2020,237.0,252.0,225.0,250.0,5.49,459201.0,323.3,245.8
AHPC,10/6/2020,245.0,250.0,233.0,240.0,-4.0,355323.0,323.3,245.8
AHPC,10/7/2020,240.0,263.0,237.0,262.0,9.17,545064.0,323.3,245.8
AHPC,10/8/2020,265.0,275.0,242.0,269.0,2.67,285338.0,323.3,245.8
AHPC,10/11/2020,282.0,282.0,244.0,255.0,-5.2,383598.0,323.3,245.8
AHPC,10/12/2020,260.0,265.0,236.0,260.0,1.96,316730.0,323.3,245.8
AHPC,10/13/2020,273.0,273.0,241.0,249.0,-4.23,134709.0,323.3,245.8
AHPC,10/14/2020,245.0,245.0,234.0,237.0,-4.82,122450.0,323.3,245.8
AHPC,10/15/2020,240.0,240.0,221.0,232.0,-2.11,240421.0,323.3,245.8
AHPC,10/18/2020,228.0,228.0,218.0,220.0,-5.17,158373.0,323.3,245.8
AHPC,10/19/2020,223.0,235.0,223.0,232.0,5.45,95508.0,323.3,245.8
AHPC,10/20/2020,235.0,244.0,232.0,238.0,2.59,104597.0,323.3,245.8
AHPC,10/21/2020,242.0,242.0,233.0,234.0,-1.68,41407.0,323.3,245.8
AHPC,10/22/2020,245.0,245.0,230.0,232.0,-0.85,69838.0,323.3,245.8
AHPC,10/28/2020,235.0,239.0,229.0,239.0,3.02,41612.0,323.3,245.8
AHPC,10/29/2020,242.0,242.0,232.0,233.0,-2.51,75411.0,323.3,245.8
AHPC,11/1/2020,233.0,243.0,233.0,241.0,3.43,105965.0,323.3,245.8
AHPC,11/2/2020,253.0,258.0,237.0,257.0,6.64,246755.0,323.3,245.8
AHPC,11/3/2020,257.0,257.0,245.0,251.0,-2.33,185490.0,323.3,245.8
AHPC,11/4/2020,251.0,254.0,246.0,251.0,0.0,106120.0,323.3,245.8
AHPC,11/5/2020,251.0,259.0,248.0,258.0,2.79,297066.0,323.3,245.8
AHPC,11/8/2020,258.0,271.0,258.0,268.0,3.88,310962.0,323.3,245.8
AHPC,11/9/2020,268.0,269.0,258.0,260.0,-2.99,163692.0,323.3,245.8
AHPC,11/10/2020,273.0,273.0,253.0,253.0,-2.69,199277.0,323.3,245.8
AHPC,11/11/2020,255.0,262.0,252.0,252.0,-0.4,121136.0,323.3,245.8
AHPC,11/12/2020,255.0,255.0,247.0,249.0,-1.19,173356.0,323.3,245.8
AHPC,11/18/2020,250.0,250.0,240.0,241.0,-3.21,196350.0,323.3,245.8
AHPC,11/19/2020,229.0,261.0,225.0,253.0,4.98,515051.0,323.3,245.8
AHPC,11/22/2020,253.0,258.0,246.0,250.0,-1.19,73608.0,323.3,245.8
AHPC,11/23/2020,255.0,260.0,246.0,253.0,1.2,110187.0,323.3,245.8
AHPC,11/24/2020,241.0,262.0,241.0,257.0,1.58,177843.0,323.3,245.8
AHPC,11/25/2020,260.0,260.0,253.0,253.0,-1.56,104028.0,323.3,245.8
AHPC,11/26/2020,265.0,265.0,245.0,247.0,-2.37,91813.0,323.3,245.8
AHPC,11/29/2020,251.0,252.0,245.0,246.0,-0.4,68737.0,323.3,245.8
AHPC,11/30/2020,258.0,259.0,242.0,252.0,2.44,181811.0,323.3,245.8
AHPC,12/1/2020,264.0,264.0,246.0,251.0,-0.4,116511.0,323.3,245.8
AHPC,12/2/2020,254.0,254.0,244.0,245.0,-2.39,129640.0,323.3,245.8
AHPC,12/3/2020,233.0,251.0,233.0,240.0,-2.04,134234.0,323.3,245.8
AHPC,12/6/2020,252.0,252.0,235.0,236.0,-1.67,88544.0,323.3,245.8
AHPC,12/7/2020,240.0,252.0,234.0,252.0,6.78,104083.0,323.3,245.8
AHPC,12/8/2020,252.0,275.0,245.0,270.0,7.14,390786.0,323.3,245.8
AHPC,12/9/2020,270.0,270.0,250.0,255.0,-5.56,278675.0,323.3,245.8
AHPC,12/10/2020,267.0,267.0,245.0,246.0,-3.53,172154.0,323.3,245.8
AHPC,12/13/2020,234.0,237.0,231.0,232.0,-5.69,57797.0,323.3,245.8
AHPC,12/14/2020,235.0,240.0,229.0,230.0,-0.86,40386.0,323.3,245.8
AHPC,12/15/2020,241.0,241.0,220.0,223.0,-3.04,47570.0,323.3,245.8
AHPC,12/16/2020,221.0,233.0,220.0,224.0,0.45,54663.0,323.3,245.8
AHPC,12/17/2020,227.0,227.0,217.0,218.0,-2.68,57417.0,323.3,245.8
AHPC,12/20/2020,216.0,216.0,208.0,208.0,-4.59,79939.0,323.3,245.8
AHPC,12/21/2020,205.0,213.0,194.0,208.0,0.0,98877.0,323.3,245.8
AHPC,12/22/2020,212.0,225.0,210.0,219.0,5.29,61851.0,323.3,245.8
AHPC,12/23/2020,223.0,227.0,212.0,213.0,-2.74,45968.0,323.3,245.8
AHPC,12/24/2020,216.0,224.0,212.0,215.0,0.94,25904.0,323.3,245.8
AHPC,12/27/2020,213.0,215.0,209.0,210.0,-2.33,22270.0,323.3,245.8
AHPC,12/28/2020,213.0,213.0,208.0,211.0,0.48,17251.0,323.3,245.8
AHPC,12/29/2020,210.0,213.0,207.0,209.0,-0.95,15138.0,323.3,245.8
AHPC,12/30/2020,207.0,209.0,204.0,207.0,-0.96,26099.0,323.3,245.8
AHPC,12/31/2020,217.0,217.0,203.0,207.0,0.0,32045.0,323.3,245.8
AHPC,1/3/2021,217.0,217.0,204.0,208.0,0.48,27868.0,323.3,245.8
AHPC,1/4/2021,212.0,220.0,205.0,210.0,0.96,42967.0,323.3,245.8
AHPC,1/5/2021,214.0,229.0,210.0,226.0,7.62,109556.0,323.3,245.8
AHPC,1/6/2021,230.0,236.0,222.0,225.0,-0.44,53792.0,323.3,245.8
AHPC,1/7/2021,229.0,238.0,223.0,235.0,4.44,125781.0,323.3,245.8
AHPC,1/10/2021,235.0,239.0,229.0,229.0,-2.55,162701.0,323.3,245.8
AHPC,1/11/2021,240.0,240.0,223.0,226.0,-1.31,42779.0,323.3,245.8
AHPC,1/12/2021,229.0,231.0,225.0,229.0,1.33,25298.0,323.3,245.8
AHPC,1/13/2021,240.0,240.0,224.0,234.0,2.18,78904.0,323.3,245.8
AHPC,1/17/2021,234.0,239.0,227.0,235.0,0.43,104401.0,323.3,245.8
AHPC,1/18/2021,236.0,237.0,227.0,231.0,-1.7,100417.0,323.3,245.8
AHPC,1/19/2021,233.0,239.0,229.0,233.0,0.87,73670.0,323.3,245.8
AHPC,1/20/2021,233.0,239.0,232.0,235.0,0.86,64457.0,323.3,245.8
AHPC,1/21/2021,237.0,243.0,233.0,243.0,3.4,195229.0,323.3,245.8
AHPC,1/24/2021,250.0,265.0,247.0,253.0,4.12,140347.0,323.3,245.8
AHPC,1/25/2021,258.0,261.0,245.0,252.0,-0.4,192340.0,323.3,245.8
AHPC,1/26/2021,257.0,261.0,248.0,249.0,-1.19,183935.0,323.3,245.8
AHPC,1/27/2021,250.0,251.0,245.0,248.0,-0.4,65692.0,323.3,245.8
AHPC,1/28/2021,246.0,252.0,242.0,246.0,-0.81,83990.0,323.3,245.8
AHPC,1/31/2021,246.0,246.0,230.0,242.0,-1.63,116920.0,323.3,245.8
AHPC,2/1/2021,246.0,246.0,240.0,242.0,0.0,61347.0,323.3,245.8
AHPC,2/2/2021,254.0,254.0,239.0,242.0,0.0,196571.0,323.3,245.8
AHPC,2/3/2021,245.0,262.0,245.0,253.0,4.55,247917.0,323.3,245.8
AHPC,2/4/2021,258.0,274.0,248.0,270.0,6.72,440417.0,323.3,245.8
AHPC,2/7/2021,277.0,294.0,275.0,284.0,5.19,376618.0,323.3,245.8
AHPC,2/8/2021,297.0,297.0,276.0,278.0,-2.11,207934.0,323.3,245.8
AHPC,2/9/2021,278.0,281.0,268.0,278.0,0.0,212570.0,323.3,245.8
AHPC,2/10/2021,279.0,284.0,274.0,281.0,1.08,144118.0,323.3,245.8
AHPC,2/11/2021,295.0,295.0,275.0,291.0,3.56,320341.0,323.3,245.8
AHPC,2/14/2021,305.0,309.0,291.0,303.0,4.12,405743.0,323.3,245.8
AHPC,2/15/2021,309.0,333.0,303.0,325.0,7.26,459546.0,323.3,245.8
AHPC,2/16/2021,328.0,331.0,311.0,315.0,-3.08,332801.0,323.3,245.8
AHPC,2/17/2021,330.0,330.0,307.0,314.0,-0.32,246275.0,323.3,245.8
AHPC,2/18/2021,320.0,326.0,315.0,316.0,0.64,242205.0,323.3,245.8
AHPC,2/21/2021,331.0,338.0,317.0,330.0,4.43,457067.0,323.3,245.8
AHPC,2/22/2021,340.0,356.0,327.0,344.0,4.24,394235.0,323.3,245.8
AHPC,2/23/2021,361.0,368.0,323.0,361.0,4.94,288517.0,323.3,245.8
AHPC,2/24/2021,361.0,366.0,340.0,344.0,-4.71,201477.0,323.3,245.8
AHPC,2/25/2021,361.0,361.0,333.0,335.0,-2.62,129644.0,323.3,245.8
AHPC,2/28/2021,335.0,335.0,315.0,316.0,-5.67,196413.0,323.3,245.8
AHPC,3/1/2021,313.0,331.0,309.0,330.0,4.43,176607.0,323.3,245.8
AHPC,3/2/2021,346.0,346.0,316.0,321.0,-2.73,171781.0,323.3,245.8
AHPC,3/3/2021,315.0,332.0,315.0,332.0,3.43,137531.0,323.3,245.8
AHPC,3/4/2021,326.0,344.0,326.0,338.0,1.81,171462.0,323.3,245.8
AHPC,3/7/2021,332.0,353.0,329.0,345.0,2.07,274619.0,323.3,245.8
AHPC,3/9/2021,362.0,379.0,338.0,370.0,7.25,808622.0,323.3,245.8
AHPC,3/10/2021,388.0,388.0,355.0,357.0,-3.51,398461.0,323.3,245.8
AHPC,3/14/2021,362.0,365.0,346.0,350.0,-1.96,358296.0,323.3,245.8
AHPC,3/15/2021,355.0,355.0,335.0,335.0,-4.29,233529.0,323.3,245.8
AHPC,3/16/2021,351.0,351.0,320.0,322.0,-3.88,159000.0,323.3,245.8
AHPC,3/17/2021,338.0,338.0,316.0,327.0,1.55,118324.0,323.3,245.8
AHPC,3/18/2021,330.0,334.0,320.0,321.0,-1.83,199168.0,323.3,245.8
AHPC,3/21/2021,330.0,330.0,311.0,313.0,-2.49,383356.0,323.3,245.8
AHPC,3/22/2021,242.0,266.0,242.0,260.0,-16.93,217076.0,323.3,245.8
AHPC,3/23/2021,260.0,263.0,252.0,253.0,-2.69,75352.0,323.3,245.8
AHPC,3/24/2021,253.0,256.0,249.0,249.0,-1.58,110548.0,323.3,245.8
AHPC,3/25/2021,261.0,261.0,244.0,245.0,-1.61,102795.0,323.3,245.8
AHPC,3/29/2021,250.0,255.0,242.0,245.0,0.0,50560.0,323.3,245.8
AHPC,3/30/2021,245.0,248.0,239.0,243.0,-0.82,86975.0,323.3,245.8
AHPC,3/31/2021,255.0,255.0,241.0,244.0,0.41,74120.0,323.3,245.8
AHPC,4/1/2021,248.0,257.0,240.0,255.0,4.51,199280.0,323.3,245.8
AHPC,4/4/2021,260.0,276.0,256.0,272.0,6.67,316925.0,323.3,245.8
AHPC,4/5/2021,275.0,280.0,271.0,277.0,1.84,206107.0,323.3,245.8
AHPC,4/6/2021,290.0,290.0,266.0,277.0,0.0,167831.0,323.3,245.8
AHPC,4/7/2021,290.0,290.0,266.0,267.0,-3.61,115331.0,323.3,245.8
AHPC,4/8/2021,265.0,270.0,262.0,264.0,-1.12,57217.0,323.3,245.8
AHPC,4/12/2021,270.0,270.0,256.0,261.0,-1.14,117363.0,323.3,245.8
AHPC,4/13/2021,261.0,266.0,258.0,260.0,-0.38,79584.0,323.3,245.8
AHPC,4/15/2021,265.0,265.0,258.0,261.0,0.38,119080.0,323.3,245.8
AHPC,4/18/2021,265.0,265.0,254.0,256.0,-1.92,109384.0,323.3,245.8
AHPC,4/19/2021,268.0,268.0,250.0,253.0,-1.17,92979.0,323.3,245.8
AHPC,4/20/2021,248.0,266.0,248.0,266.0,5.14,97413.0,323.3,245.8
AHPC,4/21/2021,266.0,276.0,256.0,262.0,-1.5,266675.0,323.3,245.8
AHPC,4/22/2021,275.0,275.0,255.0,262.0,0.0,59214.0,323.3,245.8
AHPC,4/25/2021,262.0,262.0,250.0,253.0,-3.44,99132.0,323.3,245.8
AHPC,4/26/2021,248.0,255.0,237.0,247.0,-2.37,186608.0,323.3,245.8
AHPC,4/27/2021,259.0,271.0,245.0,270.0,9.31,211308.0,323.3,245.8
AHPC,4/28/2021,270.0,279.0,259.0,273.0,1.11,282874.0,323.3,245.8
AHPC,4/29/2021,270.0,297.0,268.0,288.0,5.49,486535.0,323.3,245.8
AHPC,5/2/2021,290.0,303.0,283.0,303.0,5.21,434134.0,323.3,245.8
AHPC,5/3/2021,305.0,308.0,290.0,299.0,-1.32,362571.0,323.3,245.8
AHPC,5/4/2021,300.0,312.0,294.0,306.0,2.34,404290.0,323.3,245.8
AHPC,5/5/2021,321.0,321.0,300.0,314.0,2.61,183679.0,323.3,245.8
AHPC,5/6/2021,314.0,320.0,305.0,307.0,-2.23,214153.0,323.3,245.8
AHPC,5/9/2021,315.0,315.0,293.0,302.0,-1.63,178533.0,323.3,245.8
AHPC,5/10/2021,302.0,302.0,294.0,300.0,-0.66,64296.0,323.3,245.8
AHPC,5/11/2021,300.0,305.0,295.0,305.0,1.67,91210.0,323.3,245.8
AHPC,5/12/2021,302.0,305.0,300.0,305.0,0.0,93701.0,323.3,245.8
AHPC,5/13/2021,305.0,318.0,300.0,313.0,2.62,309426.0,323.3,245.8
AHPC,5/16/2021,320.0,320.0,305.0,313.0,0.0,153757.0,323.3,245.8
AHPC,5/17/2021,315.0,335.0,310.0,329.0,5.11,374126.0,323.3,245.8
AHPC,5/18/2021,329.0,361.0,329.0,360.0,9.42,481383.0,323.3,245.8
AHPC,5/19/2021,378.0,378.0,343.0,377.0,4.72,388243.0,323.3,245.8
AHPC,5/20/2021,380.0,390.0,363.0,380.0,0.8,448203.0,323.3,245.8
AHPC,5/23/2021,380.0,400.0,359.0,400.0,5.26,542953.0,323.3,245.8
AHPC,5/24/2021,402.0,430.0,390.0,430.0,7.5,507681.0,323.3,245.8
AHPC,5/25/2021,430.0,450.0,423.0,444.0,3.26,299198.0,323.3,245.8
AHPC,5/27/2021,444.0,480.0,424.0,472.0,6.31,538006.0,323.3,245.8
AHPC,5/30/2021,495.0,495.0,441.0,462.0,-2.12,540710.0,323.3,245.8
AHPC,5/31/2021,439.0,475.0,416.0,430.0,-6.93,555576.0,323.3,245.8
AHPC,6/1/2021,428.0,440.0,412.0,424.0,-1.4,271733.0,323.3,245.8
AHPC,6/2/2021,403.0,445.0,403.0,445.0,4.95,263100.0,323.3,245.8
AHPC,6/3/2021,460.0,460.0,415.0,438.0,-1.57,489908.0,323.3,245.8
AHPC,6/6/2021,417.0,435.0,415.0,425.0,-2.97,274502.0,323.3,245.8
AHPC,6/7/2021,404.0,445.0,404.0,434.0,2.12,393033.0,323.3,245.8
AHPC,6/8/2021,434.0,448.0,427.0,436.0,0.46,408195.0,323.3,245.8
AHPC,6/9/2021,440.0,479.0,429.0,479.0,9.86,1896335.0,323.3,245.8
AHPC,6/10/2021,502.0,526.0,502.0,526.0,9.81,417987.0,323.3,245.8
AHPC,6/13/2021,552.0,578.0,506.0,574.0,9.13,1297789.0,323.3,245.8
AHPC,6/14/2021,580.0,590.0,540.0,547.0,-4.7,1121286.0,323.3,245.8
AHPC,6/15/2021,547.0,569.0,535.0,539.0,-1.46,629984.0,323.3,245.8
AHPC,6/16/2021,513.0,542.0,493.0,514.0,-4.64,665062.0,323.3,245.8
AHPC,6/17/2021,507.0,532.0,504.0,519.0,0.97,439239.0,323.3,245.8
AHPC,6/20/2021,495.0,527.0,476.0,497.0,-4.24,351008.0,323.3,245.8
AHPC,6/21/2021,515.0,515.0,473.0,473.0,-4.83,413750.0,323.3,245.8
AHPC,6/22/2021,470.0,509.0,466.0,509.0,7.61,248704.0,323.3,245.8
AHPC,6/23/2021,509.0,518.0,486.0,496.0,-2.55,274580.0,323.3,245.8
AHPC,6/24/2021,520.0,520.0,478.0,488.0,-1.61,146599.0,323.3,245.8
AHPC,6/27/2021,497.0,497.0,475.0,479.0,-1.84,112115.0,323.3,245.8
AHPC,6/28/2021,487.0,487.0,456.0,460.0,-3.97,151504.0,323.3,245.8
AHPC,6/29/2021,483.0,483.0,441.0,442.0,-3.91,153798.0,323.3,245.8
AHPC,6/30/2021,442.0,450.0,428.0,440.0,-0.45,143353.0,323.3,245.8
AHPC,7/1/2021,447.0,461.0,444.0,448.0,1.82,147760.0,323.3,245.8
AHPC,7/4/2021,450.0,457.0,442.0,447.0,-0.22,70647.0,323.3,245.8
AHPC,7/5/2021,440.0,456.0,436.0,438.0,-2.01,68334.0,323.3,245.8
AHPC,7/6/2021,444.0,444.0,432.0,432.0,-1.37,52613.0,323.3,245.8
AHPC,7/7/2021,438.0,440.0,422.0,424.0,-1.85,61028.0,323.3,245.8
AHPC,7/8/2021,429.0,433.0,410.0,432.0,1.89,106650.0,323.3,245.8
AHPC,7/11/2021,453.0,462.0,433.0,459.0,6.25,183337.0,323.3,245.8
AHPC,7/12/2021,450.0,466.0,438.0,444.0,-3.27,175767.0,323.3,245.8
AHPC,7/13/2021,466.0,466.0,437.0,451.0,1.58,54852.0,323.3,245.8
AHPC,7/14/2021,451.0,466.0,450.0,465.0,3.1,71618.0,323.3,245.8
AHPC,7/15/2021,460.0,496.0,460.0,480.0,3.23,200053.0,323.3,245.8
AHPC,7/18/2021,474.0,480.0,455.7,475.0,-1.04,796877.0,323.3,245.8
AHPC,7/19/2021,480.0,499.0,472.0,481.9,1.45,363633.0,323.3,245.8
AHPC,7/20/2021,483.0,516.0,478.0,513.9,6.64,537625.0,323.3,245.8
AHPC,7/22/2021,523.0,527.0,507.0,509.0,-0.95,413173.0,323.3,245.8
AHPC,7/25/2021,513.0,516.0,500.0,509.0,0.0,383959.0,323.3,245.8
AHPC,7/26/2021,515.0,545.0,510.0,532.0,4.52,610751.0,323.3,245.8
AHPC,7/27/2021,532.0,555.0,530.0,542.0,1.88,537711.0,323.3,245.8
AHPC,7/28/2021,552.8,569.0,526.0,530.0,-2.21,625211.0,323.3,245.8
AHPC,7/29/2021,530.0,535.0,520.4,526.5,-0.66,299119.0,323.3,245.8
AHPC,8/1/2021,526.5,555.0,526.5,538.0,2.18,502738.0,323.3,245.8
AHPC,8/2/2021,548.7,558.0,536.0,538.0,0.0,403288.0,323.3,245.8
AHPC,8/3/2021,548.7,555.0,531.0,555.0,3.16,425671.0,323.3,245.8
AHPC,8/4/2021,566.1,607.8,558.0,600.0,8.11,965849.0,323.3,245.8
AHPC,8/5/2021,612.0,614.0,574.0,579.0,-3.5,831534.0,323.3,245.8
AHPC,8/8/2021,568.0,616.9,568.0,601.0,3.8,1014022.0,323.3,245.8
AHPC,8/9/2021,613.0,640.0,603.0,628.0,4.49,1080224.0,323.3,245.8
AHPC,8/10/2021,635.0,640.0,595.0,603.0,-3.98,866323.0,323.3,245.8
AHPC,8/11/2021,605.0,635.0,605.0,630.0,4.48,916367.0,323.3,245.8
AHPC,8/12/2021,642.6,642.6,622.0,629.0,-0.16,645412.0,323.3,245.8
AHPC,8/15/2021,616.5,616.5,570.0,592.0,-5.88,966111.0,323.3,245.8
AHPC,8/16/2021,603.0,620.0,582.0,603.0,1.86,519211.0,323.3,245.8
AHPC,8/17/2021,615.0,642.1,610.0,628.0,4.15,694125.0,323.3,245.8
AHPC,8/18/2021,640.0,690.8,640.0,690.8,10.0,670086.0,323.3,245.8
AHPC,8/19/2021,704.6,730.0,662.0,697.0,0.9,1690522.0,323.3,245.8
AHPC,8/24/2021,684.0,685.8,660.0,670.0,-3.87,1121211.0,323.3,245.8
AHPC,8/25/2021,670.0,679.0,644.0,655.0,-2.24,706926.0,323.3,245.8
AHPC,8/26/2021,665.0,720.5,665.0,720.5,10.0,1330808.0,323.3,245.8
AHPC,8/29/2021,734.9,785.0,734.0,775.0,7.56,1712329.0,323.3,245.8
AHPC,8/31/2021,780.0,780.0,736.0,737.0,-4.9,1349363.0,323.3,245.8
AHPC,9/1/2021,737.0,760.0,725.0,726.0,-1.49,811393.0,323.3,245.8
AHPC,9/2/2021,730.0,744.6,672.0,694.0,-4.41,810299.0,323.3,245.8
AHPC,9/5/2021,680.2,684.0,624.6,641.5,-7.56,1090417.0,323.3,245.8
AHPC,9/6/2021,640.0,705.6,637.0,705.6,9.99,682993.0,323.3,245.8
AHPC,9/7/2021,719.0,719.0,668.0,680.1,-3.61,555671.0,323.3,245.8
AHPC,9/8/2021,690.0,690.0,661.1,675.0,-0.75,366120.0,323.3,245.8
AHPC,9/9/2021,685.0,708.0,676.0,703.6,4.24,701535.0,323.3,245.8
AHPC,9/12/2021,717.6,745.0,715.0,735.1,4.48,1009242.0,323.3,245.8
AHPC,9/13/2021,749.8,749.8,695.0,704.9,-4.11,868080.0,323.3,245.8
AHPC,9/14/2021,700.0,715.0,686.0,695.0,-1.4,388015.0,323.3,245.8
AHPC,9/15/2021,700.0,700.0,675.3,675.3,-2.83,324098.0,323.3,245.8
AHPC,9/16/2021,688.0,688.0,644.0,654.0,-3.15,589394.0,323.3,245.8
AHPC,9/20/2021,667.0,679.0,590.0,601.0,-8.1,658816.0,323.3,245.8
AHPC,9/21/2021,591.0,623.0,580.0,599.0,-0.33,421946.0,323.3,245.8
AHPC,9/22/2021,610.0,648.0,600.0,642.0,7.18,370833.0,323.3,245.8
AHPC,9/23/2021,650.0,652.0,609.0,614.0,-4.36,276350.0,323.3,245.8
AHPC,9/26/2021,626.2,626.2,572.0,575.0,-6.35,576866.0,323.3,245.8
AHPC,9/27/2021,533.4,554.0,490.0,492.0,-14.43,304691.0,323.3,245.8
AHPC,9/28/2021,501.2,504.0,446.0,458.0,-6.91,287627.0,323.3,245.8
AHPC,9/29/2021,455.0,495.0,445.0,490.0,6.99,280710.0,323.3,245.8
AHPC,9/30/2021,499.8,499.8,461.6,467.0,-4.69,119965.0,323.3,245.8
AHPC,10/3/2021,476.3,476.3,430.0,432.0,-7.49,157164.0,323.3,245.8
AHPC,10/4/2021,425.0,442.0,413.0,426.0,-1.39,199288.0,323.3,245.8
AHPC,10/5/2021,426.0,441.0,426.0,437.7,2.75,88902.0,323.3,245.8
AHPC,10/6/2021,441.1,447.0,431.0,443.0,1.21,110809.0,323.3,245.8
AHPC,10/10/2021,451.8,452.0,418.5,424.9,-4.09,104878.0,323.3,245.8
AHPC,10/11/2021,433.3,439.0,400.0,405.0,-4.68,183755.0,323.3,245.8
AHPC,10/17/2021,412.0,412.0,400.0,403.0,-0.49,41927.0,323.3,245.8
AHPC,10/18/2021,400.0,403.0,381.6,387.9,-3.75,131090.0,323.3,245.8
AHPC,10/19/2021,384.0,389.0,349.2,354.1,-8.71,238259.0,323.3,245.8
AHPC,10/20/2021,361.1,389.0,361.1,387.0,9.29,193699.0,323.3,245.8
AHPC,10/21/2021,387.0,400.0,371.0,382.0,-1.29,160076.0,323.3,245.8
AHPC,10/24/2021,384.0,412.0,375.0,403.5,5.63,217316.0,323.3,245.8
AHPC,10/25/2021,411.0,443.8,409.0,443.8,9.99,242428.0,323.3,245.8
AHPC,10/26/2021,452.0,482.0,448.0,478.0,7.71,356942.0,323.3,245.8
AHPC,10/27/2021,485.0,493.6,460.0,471.0,-1.46,375343.0,323.3,245.8
AHPC,10/28/2021,465.0,512.0,461.0,505.0,7.22,294725.0,323.3,245.8
AHPC,10/31/2021,510.0,545.0,500.0,536.0,6.14,333975.0,323.3,245.8
AHPC,11/1/2021,545.0,553.0,511.7,514.0,-4.1,405097.0,323.3,245.8
AHPC,11/2/2021,514.0,526.0,499.8,517.0,0.58,319962.0,323.3,245.8
AHPC,11/3/2021,527.3,545.0,518.0,523.5,1.26,274606.0,323.3,245.8
AHPC,11/8/2021,530.0,530.1,513.0,518.0,-1.05,115474.0,323.3,245.8
AHPC,11/9/2021,528.3,528.3,483.2,488.0,-5.79,369247.0,323.3,245.8
AHPC,11/11/2021,489.0,493.0,465.0,469.0,-3.89,231420.0,323.3,245.8
AHPC,11/14/2021,469.0,486.0,462.0,475.0,1.28,198022.0,323.3,245.8
AHPC,11/15/2021,484.5,499.0,478.1,490.0,3.16,257006.0,323.3,245.8
AHPC,11/16/2021,499.8,510.0,485.0,509.0,3.88,259763.0,323.3,245.8
AHPC,11/17/2021,515.0,524.0,498.0,498.0,-2.16,194959.0,323.3,245.8
AHPC,11/18/2021,495.0,508.0,487.0,487.0,-2.21,127493.0,323.3,245.8
AHPC,11/21/2021,487.0,504.9,483.0,487.2,0.04,76078.0,323.3,245.8
AHPC,11/22/2021,496.0,500.0,487.0,490.0,0.57,93346.0,323.3,245.8
AHPC,11/23/2021,488.0,490.0,474.9,477.0,-2.65,138717.0,323.3,245.8
AHPC,11/24/2021,477.0,493.0,461.0,480.0,0.63,145578.0,323.3,245.8
AHPC,11/25/2021,483.0,489.0,470.4,474.0,-1.25,78178.0,323.3,245.8
AHPC,11/28/2021,464.6,474.0,447.0,452.7,-4.49,211066.0,323.3,245.8
AHPC,11/29/2021,445.0,470.2,445.0,459.0,1.39,120813.0,323.3,245.8
AHPC,11/30/2021,461.0,468.0,450.0,462.0,0.65,115571.0,323.3,245.8
AHPC,12/1/2021,471.2,471.2,456.0,460.0,-0.43,80617.0,323.3,245.8
AHPC,12/2/2021,465.0,465.0,442.5,444.0,-3.48,104731.0,323.3,245.8
AHPC,12/5/2021,445.0,445.0,413.6,424.0,-4.5,206917.0,323.3,245.8
AHPC,12/6/2021,424.0,440.5,401.1,438.0,3.3,274878.0,323.3,245.8
AHPC,12/7/2021,442.0,448.8,416.5,420.0,-4.11,124519.0,323.3,245.8
AHPC,12/8/2021,420.0,420.0,400.0,401.5,-4.4,161666.0,323.3,245.8
AHPC,12/9/2021,396.0,408.0,389.0,401.0,-0.12,152407.0,323.3,245.8
AHPC,12/12/2021,396.2,399.0,379.1,380.0,-5.24,128447.0,323.3,245.8
AHPC,12/13/2021,373.0,380.0,359.0,362.0,-4.74,181491.0,323.3,245.8
AHPC,12/14/2021,369.0,398.2,367.5,398.2,10.0,102980.0,323.3,245.8
AHPC,12/15/2021,406.1,425.0,395.0,400.0,0.45,274791.0,323.3,245.8
AHPC,12/16/2021,400.0,405.0,385.2,386.0,-3.5,134064.0,323.3,245.8
AHPC,12/20/2021,380.0,390.0,375.0,377.0,-2.33,73563.0,323.3,245.8
AHPC,12/21/2021,380.0,398.0,380.0,398.0,5.57,102673.0,323.3,245.8
AHPC,12/22/2021,405.0,437.8,400.0,437.8,10.0,325925.0,323.3,245.8
AHPC,12/23/2021,446.5,461.0,431.0,447.0,2.1,314113.0,323.3,245.8
AHPC,12/26/2021,447.0,455.0,435.0,440.9,-1.36,241558.0,323.3,245.8
AHPC,12/27/2021,441.0,460.0,418.1,423.0,-4.06,259028.0,323.3,245.8
AHPC,12/28/2021,415.0,430.0,410.0,427.0,0.95,141034.0,323.3,245.8
AHPC,12/29/2021,430.0,435.0,423.0,429.8,0.66,74145.0,323.3,245.8
AHPC,1/2/2022,434.5,444.0,425.9,442.0,2.84,171026.0,323.3,245.8
AHPC,1/3/2022,447.0,448.0,435.0,435.0,-1.58,125498.0,323.3,245.8
AHPC,1/4/2022,430.0,448.0,430.0,445.0,2.3,157611.0,323.3,245.8
AHPC,1/5/2022,447.0,462.0,439.0,450.0,1.12,245379.0,323.3,245.8
AHPC,1/6/2022,451.0,463.0,435.1,458.1,1.8,191377.0,323.3,245.8
AHPC,1/9/2022,465.0,491.0,465.0,488.0,6.53,388427.0,323.3,245.8
AHPC,1/10/2022,497.7,500.0,476.1,485.0,-0.61,295079.0,323.3,245.8
AHPC,1/11/2022,485.0,496.0,481.0,490.0,1.03,212925.0,323.3,245.8
AHPC,1/12/2022,490.0,504.0,478.0,483.0,-1.43,309308.0,323.3,245.8
AHPC,1/13/2022,483.0,508.0,480.2,501.0,3.73,273609.0,323.3,245.8
AHPC,1/16/2022,511.0,544.0,510.1,539.5,7.68,686411.0,323.3,245.8
AHPC,1/17/2022,550.0,573.2,532.0,571.3,5.89,799204.0,323.3,245.8
AHPC,1/18/2022,582.7,582.7,545.0,560.0,-1.98,457209.0,323.3,245.8
AHPC,1/19/2022,550.0,559.9,540.0,542.0,-3.21,367013.0,323.3,245.8
AHPC,1/20/2022,551.4,555.0,535.1,550.0,1.48,294440.0,323.3,245.8
AHPC,1/23/2022,552.0,559.8,534.0,543.0,-1.27,276348.0,323.3,245.8
AHPC,1/24/2022,533.5,537.0,506.0,514.0,-5.34,587492.0,323.3,245.8
AHPC,1/25/2022,520.0,528.0,501.2,508.0,-1.17,206565.0,323.3,245.8
AHPC,1/26/2022,518.0,518.0,491.0,499.0,-1.77,270788.0,323.3,245.8
AHPC,1/27/2022,507.0,507.0,495.0,499.9,0.18,167638.0,323.3,245.8
AHPC,1/30/2022,509.8,545.0,509.8,545.0,9.02,412650.0,323.3,245.8
AHPC,1/31/2022,555.0,555.0,534.0,534.0,-2.02,338727.0,323.3,245.8
AHPC,2/1/2022,544.6,566.0,530.0,563.0,5.43,671287.0,323.3,245.8
AHPC,2/3/2022,574.0,610.0,574.0,593.0,5.33,1384721.0,323.3,245.8
AHPC,2/6/2022,604.8,628.3,593.0,599.0,1.01,900863.0,323.3,245.8
AHPC,2/7/2022,600.0,601.0,585.0,590.5,-1.42,425281.0,323.3,245.8
AHPC,2/8/2022,602.0,610.0,571.0,574.0,-2.79,611755.0,323.3,245.8
AHPC,2/9/2022,571.0,581.0,564.1,573.0,-0.17,325928.0,323.3,245.8
AHPC,2/10/2022,584.4,584.4,568.0,575.0,0.35,283093.0,323.3,245.8
AHPC,2/13/2022,563.5,563.5,542.1,543.0,-5.57,517407.0,323.3,245.8
AHPC,2/14/2022,550.0,560.0,538.0,541.0,-0.37,278738.0,323.3,245.8
AHPC,2/15/2022,551.8,574.0,542.0,573.0,5.91,243819.0,323.3,245.8
AHPC,2/16/2022,569.0,573.0,550.2,556.0,-2.97,286885.0,323.3,245.8
AHPC,2/17/2022,552.0,560.7,546.0,552.0,-0.72,144692.0,323.3,245.8
AHPC,2/20/2022,541.0,555.0,530.0,541.0,-1.99,314734.0,323.3,245.8
AHPC,2/21/2022,545.0,552.9,540.0,550.0,1.66,186119.0,323.3,245.8
AHPC,2/22/2022,539.0,566.0,539.0,556.0,1.09,228726.0,323.3,245.8
AHPC,2/23/2022,552.0,558.9,547.3,548.0,-1.44,135015.0,323.3,245.8
AHPC,2/24/2022,543.1,548.0,530.0,532.0,-2.92,241993.0,323.3,245.8
AHPC,2/27/2022,542.6,550.0,531.0,543.4,2.14,187615.0,323.3,245.8
AHPC,2/28/2022,554.2,565.0,520.0,524.0,-3.57,279518.0,323.3,245.8
AHPC,3/2/2022,534.4,534.4,499.0,500.2,-4.54,278936.0,323.3,245.8
AHPC,3/6/2022,500.0,514.0,490.1,495.0,-1.04,133427.0,323.3,245.8
AHPC,3/7/2022,485.1,503.0,485.1,494.0,-0.2,114869.0,323.3,245.8
AHPC,3/9/2022,500.0,501.0,472.0,477.0,-3.44,196009.0,323.3,245.8
AHPC,3/10/2022,477.0,524.0,470.0,507.5,6.39,239344.0,323.3,245.8
AHPC,3/13/2022,517.6,525.0,507.6,518.0,2.07,249397.0,323.3,245.8
AHPC,3/14/2022,507.7,524.0,507.7,514.3,-0.71,95624.0,323.3,245.8
AHPC,3/15/2022,520.0,520.0,500.0,500.1,-2.76,161391.0,323.3,245.8
AHPC,3/16/2022,500.1,507.0,490.1,494.0,-1.22,98098.0,323.3,245.8
AHPC,3/20/2022,500.0,503.0,494.0,496.0,0.4,58859.0,323.3,245.8
AHPC,3/21/2022,500.0,523.0,491.0,520.0,4.84,181425.0,323.3,245.8
AHPC,3/22/2022,522.0,525.0,508.7,510.0,-1.92,130596.0,323.3,245.8
AHPC,3/23/2022,508.0,508.0,495.0,498.3,-2.29,163144.0,323.3,245.8
AHPC,3/24/2022,500.0,504.0,491.0,492.5,-1.16,88615.0,323.3,245.8
AHPC,3/27/2022,495.0,495.0,472.9,475.0,-3.55,183024.0,323.3,245.8
AHPC,3/28/2022,466.0,480.0,466.0,469.0,-1.26,103690.0,323.3,245.8
AHPC,3/29/2022,471.0,477.6,461.2,465.0,-0.85,69503.0,323.3,245.8
AHPC,3/30/2022,465.5,484.0,462.0,482.1,3.68,101502.0,323.3,245.8
AHPC,3/31/2022,486.1,490.0,465.1,469.0,-2.72,78193.0,323.3,245.8
AHPC,4/3/2022,470.0,471.0,455.7,456.1,-2.75,63957.0,323.3,245.8
AHPC,4/4/2022,451.0,459.5,448.0,451.0,-1.12,86541.0,323.3,245.8
AHPC,4/5/2022,446.0,452.0,429.3,439.0,-2.66,154842.0,323.3,245.8
AHPC,4/6/2022,437.0,447.0,428.2,433.0,-1.37,100503.0,323.3,245.8
AHPC,4/7/2022,439.9,445.0,430.0,440.0,1.62,110681.0,323.3,245.8
AHPC,4/11/2022,440.0,457.7,425.0,426.0,-3.18,130526.0,323.3,245.8
AHPC,4/12/2022,434.5,434.5,410.0,413.0,-3.05,82960.0,323.3,245.8
AHPC,4/13/2022,414.9,421.0,407.0,413.0,0.0,126288.0,323.3,245.8
AHPC,4/17/2022,415.0,421.0,401.2,401.2,-2.86,118936.0,323.3,245.8
AHPC,4/18/2022,408.9,408.9,387.0,387.5,-3.41,83672.0,323.3,245.8
AHPC,4/19/2022,394.9,403.0,379.0,390.0,0.65,91503.0,323.3,245.8
AHPC,4/20/2022,388.1,395.0,371.0,371.9,-4.64,108762.0,323.3,245.8
AHPC,4/21/2022,379.0,397.0,365.0,382.0,2.72,74534.0,323.3,245.8
AHPC,4/24/2022,388.9,420.2,382.0,420.2,10.0,224591.0,323.3,245.8
AHPC,4/25/2022,428.0,440.0,413.0,421.0,0.19,190646.0,323.3,245.8
AHPC,4/26/2022,423.0,428.0,411.0,415.0,-1.43,69782.0,323.3,245.8
AHPC,4/27/2022,420.0,424.8,407.0,422.0,1.69,124757.0,323.3,245.8
AHPC,4/28/2022,429.0,431.9,416.9,417.2,-1.14,111687.0,323.3,245.8
AHPC,5/2/2022,417.0,417.0,395.0,395.7,-5.15,118072.0,323.3,245.8
AHPC,5/4/2022,396.0,402.9,384.0,389.1,-1.67,117403.0,323.3,245.8
AHPC,5/5/2022,386.0,397.0,380.0,382.0,-1.82,107184.0,323.3,245.8
AHPC,5/8/2022,382.0,404.0,378.0,400.0,4.71,92398.0,323.3,245.8
AHPC,5/9/2022,400.0,410.0,394.0,398.0,-0.5,86393.0,323.3,245.8
AHPC,5/10/2022,400.0,425.0,394.0,419.0,5.28,102776.0,323.3,245.8
AHPC,5/11/2022,427.3,453.0,419.0,450.0,7.4,244497.0,323.3,245.8
AHPC,5/12/2022,455.0,457.0,431.0,435.5,-3.22,182028.0,323.3,245.8
AHPC,5/17/2022,428.0,432.0,405.0,407.0,-6.54,137390.0,323.3,245.8
AHPC,5/18/2022,402.7,425.0,396.1,421.0,3.44,131019.0,323.3,245.8
AHPC,5/19/2022,425.0,429.0,410.0,413.0,-1.9,93138.0,323.3,245.8
AHPC,5/20/2022,405.0,420.0,405.0,410.0,-0.73,54663.0,323.3,245.8
AHPC,5/23/2022,410.0,413.0,397.3,400.9,-2.22,96207.0,323.3,245.8
AHPC,5/24/2022,408.0,419.0,400.0,411.0,2.52,92752.0,323.3,245.8
AHPC,5/25/2022,419.0,423.0,411.6,416.0,1.22,68804.0,323.3,245.8
AHPC,5/26/2022,420.9,421.0,412.0,416.9,0.22,47945.0,323.3,245.8
AHPC,5/27/2022,410.0,422.0,408.0,411.0,-1.42,112388.0,323.3,245.8
AHPC,5/30/2022,411.0,415.0,398.0,400.0,-2.68,109787.0,323.3,245.8
AHPC,5/31/2022,402.0,405.0,392.2,397.9,-0.53,70721.0,323.3,245.8
AHPC,6/1/2022,397.9,410.0,397.0,403.0,1.28,58390.0,323.3,245.8
AHPC,6/2/2022,408.0,410.0,397.0,400.0,-0.74,57288.0,323.3,245.8
AHPC,6/3/2022,402.0,404.0,392.3,397.0,-0.75,84069.0,323.3,245.8
AHPC,6/6/2022,404.9,407.5,392.1,395.0,-0.5,97487.0,323.3,245.8
AHPC,6/7/2022,402.9,402.9,386.2,387.0,-2.03,59947.0,323.3,245.8
AHPC,6/8/2022,390.0,414.0,387.0,406.0,4.91,126976.0,323.3,245.8
AHPC,6/9/2022,405.0,414.0,397.6,398.5,-1.85,89556.0,323.3,245.8
AHPC,6/10/2022,399.0,403.0,393.1,394.0,-1.13,46998.0,323.3,245.8
AHPC,6/13/2022,396.0,398.0,392.0,393.0,-0.25,34437.0,323.3,245.8
AHPC,6/14/2022,395.0,398.0,381.3,385.0,-2.04,65780.0,323.3,245.8
AHPC,6/15/2022,385.0,385.0,368.5,375.0,-2.6,109403.0,323.3,245.8
AHPC,6/16/2022,370.0,386.9,370.0,381.0,1.6,59562.0,323.3,245.8
AHPC,6/17/2022,387.0,387.0,374.1,374.3,-1.76,28065.0,323.3,245.8
AHPC,6/19/2022,374.0,380.0,356.0,357.0,-4.62,71583.0,323.3,245.8
AHPC,6/20/2022,364.0,364.0,345.1,348.8,-2.3,108115.0,323.3,245.8
AHPC,6/21/2022,350.0,366.0,345.0,362.0,3.78,96143.0,323.3,245.8
AHPC,6/22/2022,367.0,367.0,347.0,347.0,-4.14,44249.0,323.3,245.8
AHPC,6/23/2022,341.0,349.9,325.0,329.9,-4.93,110671.0,323.3,245.8
AHPC,6/24/2022,324.0,349.0,310.0,330.1,0.06,89397.0,323.3,245.8
AHPC,6/26/2022,336.7,361.0,335.0,358.0,8.45,141889.0,323.3,245.8
AHPC,6/27/2022,364.9,367.8,342.0,343.0,-4.19,139838.0,323.3,245.8
AHPC,6/28/2022,347.8,348.0,331.9,334.0,-2.62,86695.0,323.3,245.8
AHPC,6/29/2022,339.0,354.0,333.0,352.0,5.39,134053.0,323.3,245.8
AHPC,6/30/2022,357.9,380.0,352.8,371.0,5.4,141521.0,323.3,245.8
AHPC,7/1/2022,377.0,377.0,361.0,365.0,-1.62,83903.0,323.3,245.8
AHPC,7/3/2022,367.0,384.0,357.0,379.0,3.84,165514.0,323.3,245.8
AHPC,7/4/2022,382.0,399.9,366.1,370.0,-2.37,290553.0,323.3,245.8
AHPC,7/5/2022,373.0,382.7,358.1,364.0,-1.62,184378.0,323.3,245.8
AHPC,7/6/2022,363.0,375.0,354.0,368.0,1.1,108234.0,323.3,245.8
AHPC,7/7/2022,375.3,382.0,360.7,363.0,-1.36,93140.0,323.3,245.8
AHPC,7/8/2022,357.1,363.9,347.0,347.0,-4.41,98904.0,323.3,245.8
AHPC,7/11/2022,344.0,345.0,329.1,335.8,-3.23,151780.0,323.3,245.8
AHPC,7/12/2022,336.0,347.0,334.1,341.0,1.55,97507.0,323.3,245.8
AHPC,7/13/2022,347.0,360.9,340.0,358.0,4.99,92829.0,323.3,245.8
AHPC,7/14/2022,360.0,365.0,351.9,364.8,1.9,114740.0,323.3,245.8
AHPC,7/15/2022,370.0,370.0,351.5,356.1,-2.38,54583.0,323.3,245.8
AHPC,7/17/2022,356.0,359.9,349.0,352.2,-1.1,74062.0,323.3,245.8
AHPC,7/18/2022,350.0,360.0,347.8,357.1,1.39,42997.0,323.3,245.8
AHPC,7/19/2022,354.0,364.5,354.0,357.5,0.11,63321.0,323.3,245.8
AHPC,7/20/2022,355.0,366.1,354.0,357.0,-0.14,74201.0,323.3,245.8
AHPC,7/21/2022,357.0,361.0,350.1,352.0,-1.4,47547.0,323.3,245.8
AHPC,7/22/2022,349.9,354.0,343.0,343.1,-2.53,64099.0,323.3,245.8
AHPC,7/24/2022,349.0,363.8,336.4,360.9,5.19,158300.0,323.3,245.8
AHPC,7/25/2022,365.0,377.6,360.0,374.5,3.77,201096.0,323.3,245.8
AHPC,7/26/2022,379.0,385.0,365.0,368.0,-1.74,273789.0,323.3,245.8
AHPC,7/27/2022,368.0,383.0,361.0,381.0,3.53,207921.0,323.3,245.8
AHPC,7/28/2022,386.5,392.0,368.1,379.9,-0.29,181290.0,323.3,245.8
AHPC,7/29/2022,379.9,383.0,374.1,376.0,-1.03,75096.0,323.3,245.8
AHPC,7/31/2022,383.0,389.4,377.0,385.0,2.39,191496.0,323.3,245.8
AHPC,8/1/2022,387.0,404.9,385.0,394.1,2.36,324244.0,323.3,245.8
AHPC,8/2/2022,399.0,399.9,385.3,396.0,0.48,173153.0,323.3,245.8
AHPC,8/3/2022,400.0,408.0,393.2,399.0,0.76,190577.0,323.3,245.8
AHPC,8/4/2022,406.0,406.0,382.2,383.0,-4.01,187093.0,323.3,245.8
AHPC,8/5/2022,383.0,387.0,375.0,375.0,-2.09,143158.0,323.3,245.8
AHPC,8/7/2022,375.0,385.0,374.0,379.0,1.07,84312.0,323.3,245.8
AHPC,8/8/2022,381.0,390.0,372.0,372.0,-1.85,113719.0,323.3,245.8
AHPC,8/9/2022,373.0,378.0,357.1,359.0,-3.49,146631.0,323.3,245.8
AHPC,8/10/2022,359.0,369.0,356.1,360.0,0.28,82694.0,323.3,245.8
AHPC,8/11/2022,364.0,364.9,349.1,350.0,-2.78,86411.0,323.3,245.8
AHPC,8/14/2022,348.0,357.0,345.0,345.0,-1.43,65539.0,323.3,245.8
AHPC,8/15/2022,351.0,371.0,347.0,370.0,7.25,170664.0,323.3,245.8
AHPC,8/16/2022,372.0,377.0,357.0,358.0,-3.24,122511.0,323.3,245.8
AHPC,8/17/2022,358.0,364.0,354.0,359.0,0.28,52475.0,323.3,245.8
AHPC,8/18/2022,364.9,369.7,360.0,369.0,2.79,93816.0,323.3,245.8
AHPC,8/21/2022,369.0,373.0,358.0,360.0,-2.44,57525.0,323.3,245.8
AHPC,8/22/2022,357.2,364.9,357.2,360.0,0.0,33897.0,323.3,245.8
AHPC,8/23/2022,355.1,363.0,355.1,360.0,0.0,20174.0,323.3,245.8
AHPC,8/24/2022,360.0,367.0,359.0,363.1,0.86,62137.0,323.3,245.8
AHPC,8/25/2022,360.0,366.0,353.1,353.3,-2.7,69631.0,323.3,245.8
AHPC,8/26/2022,350.1,356.8,349.0,349.0,-1.22,81926.0,323.3,245.8
AHPC,8/28/2022,346.3,350.0,337.3,341.0,-2.29,109342.0,323.3,245.8
AHPC,8/29/2022,342.0,345.0,337.1,344.0,0.88,84506.0,323.3,245.8
AHPC,8/30/2022,339.0,349.0,339.0,341.6,-0.7,33156.0,323.3,245.8
AHPC,8/31/2022,342.0,343.5,330.0,333.0,-2.52,37602.0,323.3,245.8
AHPC,9/1/2022,333.0,340.0,330.1,335.8,0.84,66312.0,323.3,245.8
AHPC,9/2/2022,339.7,340.0,331.1,334.5,-0.39,15927.0,323.3,245.8
AHPC,9/4/2022,338.0,341.0,333.4,336.0,0.45,23705.0,323.3,245.8
AHPC,9/5/2022,339.0,340.0,332.1,334.0,-0.6,29721.0,323.3,245.8
AHPC,9/6/2022,332.0,337.7,328.2,330.0,-1.2,41969.0,323.3,245.8
AHPC,9/7/2022,334.0,334.0,323.0,325.3,-1.42,51977.0,323.3,245.8
AHPC,9/8/2022,329.0,334.0,322.3,326.1,0.25,35190.0,323.3,245.8
AHPC,9/11/2022,327.0,332.0,322.0,323.0,-0.95,18389.0,323.3,245.8
AHPC,9/12/2022,325.0,325.0,316.0,318.1,-1.52,44614.0,323.3,245.8
AHPC,9/13/2022,318.1,327.0,318.0,320.0,0.6,26014.0,323.3,245.8
AHPC,9/14/2022,323.0,337.0,323.0,335.0,4.69,62780.0,323.3,245.8
AHPC,9/15/2022,341.7,341.7,315.0,317.9,-5.1,137885.0,323.3,245.8
AHPC,9/16/2022,313.0,319.0,306.8,313.0,-1.54,38506.0,323.3,245.8
AHPC,9/18/2022,319.2,319.2,306.0,306.0,-2.24,73019.0,323.3,245.8
AHPC,9/20/2022,300.0,305.2,290.0,292.0,-4.58,70732.0,323.3,245.8
AHPC,9/21/2022,296.0,302.0,290.1,294.9,0.99,46015.0,323.3,245.8
AHPC,9/22/2022,295.0,295.1,285.2,286.1,-2.98,46377.0,323.3,245.8
AHPC,9/25/2022,285.0,285.0,270.0,270.0,-5.63,60935.0,323.3,245.8
AHPC,9/27/2022,274.0,281.0,270.0,272.0,0.74,34828.0,323.3,245.8
AHPC,9/28/2022,275.0,277.0,271.0,275.0,1.1,16047.0,323.3,245.8
AHPC,9/29/2022,277.0,277.0,271.5,274.8,-0.07,17178.0,323.3,245.8
AHPC,10/9/2022,278.0,286.0,278.0,285.0,3.71,30573.0,323.3,245.8
AHPC,10/10/2022,289.9,290.0,273.0,273.0,-4.21,38592.0,323.3,245.8
AHPC,10/11/2022,270.0,273.0,268.0,272.1,-0.33,29152.0,323.3,245.8
AHPC,10/12/2022,268.0,284.1,268.0,281.0,3.27,39034.0,323.3,245.8
AHPC,10/13/2022,286.6,286.6,275.0,277.0,-1.42,29529.0,323.3,245.8
AHPC,10/16/2022,282.5,282.5,269.5,272.0,-1.81,34126.0,323.3,245.8
AHPC,10/17/2022,269.1,277.0,269.1,269.5,-0.92,31658.0,323.3,245.8
AHPC,10/19/2022,270.0,272.0,260.0,260.1,-3.49,42713.0,323.3,245.8
AHPC,10/20/2022,260.0,263.0,255.0,258.0,-0.81,23700.0,323.3,245.8
AHPC,10/23/2022,258.1,262.4,258.0,261.9,1.51,14019.0,323.3,245.8
AHPC,10/31/2022,261.9,262.9,257.0,258.0,-1.49,22538.0,323.3,245.8
AHPC,11/1/2022,258.0,278.1,255.0,276.0,6.98,101125.0,323.3,245.8
AHPC,11/2/2022,276.2,287.0,271.0,278.0,0.72,73562.0,323.3,245.8
AHPC,11/3/2022,275.0,280.0,272.0,275.0,-1.08,29442.0,323.3,245.8
AHPC,11/6/2022,276.0,283.5,270.0,283.5,3.09,43246.0,323.3,245.8
AHPC,11/7/2022,287.0,292.0,278.0,279.0,-1.59,78850.0,323.3,245.8
AHPC,11/8/2022,280.0,286.6,274.4,279.9,0.32,35527.0,323.3,245.8
AHPC,11/9/2022,277.0,278.1,260.0,265.5,-5.14,47412.0,323.3,245.8
AHPC,11/10/2022,270.8,270.8,256.0,256.5,-3.39,47216.0,323.3,245.8
AHPC,11/13/2022,251.4,265.0,251.4,261.0,1.75,34249.0,323.3,245.8
AHPC,11/14/2022,266.0,273.0,257.1,271.0,3.83,21604.0,323.3,245.8
AHPC,11/15/2022,274.0,277.0,264.4,264.4,-2.44,42862.0,323.3,245.8
AHPC,11/16/2022,269.6,272.0,265.4,269.8,2.04,22797.0,323.3,245.8
AHPC,11/17/2022,274.0,282.0,272.0,278.7,3.3,67617.0,323.3,245.8
AHPC,11/22/2022,278.7,289.0,274.4,275.9,-1.0,57000.0,323.3,245.8
AHPC,11/23/2022,274.0,274.4,268.0,272.0,-1.41,24996.0,323.3,245.8
AHPC,11/24/2022,276.9,276.9,267.0,275.0,1.1,34101.0,323.3,245.8
AHPC,11/27/2022,277.0,281.0,273.0,281.0,2.18,28928.0,323.3,245.8
AHPC,11/28/2022,277.4,288.0,271.9,276.0,-1.78,45885.0,323.3,245.8
AHPC,11/29/2022,271.0,281.0,270.6,278.0,0.72,37857.0,323.3,245.8
AHPC,11/30/2022,278.0,282.0,274.7,277.0,-0.36,18936.0,323.3,245.8
AHPC,12/1/2022,277.0,281.0,273.5,275.0,-0.72,27398.0,323.3,245.8
AHPC,12/4/2022,270.0,283.0,270.0,277.1,0.76,51412.0,323.3,245.8
AHPC,12/5/2022,282.0,282.0,272.0,272.0,-1.84,34119.0,323.3,245.8
AHPC,12/6/2022,275.0,277.0,270.0,272.8,0.29,23219.0,323.3,245.8
AHPC,12/7/2022,270.0,272.9,269.0,270.0,-1.03,20484.0,323.3,245.8
AHPC,12/11/2022,269.8,272.0,265.4,269.0,-0.37,34487.0,323.3,245.8
AHPC,12/12/2022,270.0,274.0,264.1,273.0,1.49,24896.0,323.3,245.8
AHPC,12/13/2022,271.0,275.0,267.0,267.0,-2.2,11749.0,323.3,245.8
AHPC,12/14/2022,267.0,270.7,266.0,267.8,0.3,9326.0,323.3,245.8
AHPC,12/15/2022,264.1,270.0,260.7,262.5,-1.98,27324.0,323.3,245.8
AHPC,12/18/2022,267.7,267.7,252.9,254.0,-3.24,27100.0,323.3,245.8
AHPC,12/19/2022,251.2,259.0,251.2,254.0,0.0,19461.0,323.3,245.8
AHPC,12/20/2022,255.0,258.9,253.0,255.0,0.39,20139.0,323.3,245.8
AHPC,12/21/2022,255.0,259.1,252.0,253.8,-0.47,23651.0,323.3,245.8
AHPC,12/22/2022,254.0,255.0,250.0,250.1,-1.46,33325.0,323.3,245.8
AHPC,12/26/2022,254.0,275.0,254.0,272.8,9.08,92017.0,323.3,245.8
AHPC,12/27/2022,278.2,289.9,275.0,284.9,4.44,163968.0,323.3,245.8
AHPC,12/28/2022,286.0,292.0,277.0,285.0,0.04,119022.0,323.3,245.8
AHPC,12/29/2022,279.4,300.0,279.4,299.0,4.91,109274.0,323.3,245.8
AHPC,1/1/2023,304.9,312.0,295.3,303.2,1.4,117049.0,323.3,245.8
AHPC,1/2/2023,298.0,308.9,295.0,299.0,-1.39,116804.0,323.3,245.8
AHPC,1/3/2023,304.9,306.0,295.0,296.5,-0.84,84756.0,323.3,245.8
AHPC,1/4/2023,297.5,316.0,296.2,315.0,6.24,134087.0,323.3,245.8
AHPC,1/5/2023,320.0,330.0,312.0,326.9,3.78,157793.0,323.3,245.8
AHPC,1/8/2023,327.0,339.0,314.0,328.9,0.61,182782.0,323.3,245.8
AHPC,1/9/2023,330.0,346.9,326.1,346.7,5.41,152635.0,323.3,245.8
AHPC,1/10/2023,352.0,363.0,335.0,340.0,-1.93,300757.0,323.3,245.8
AHPC,1/12/2023,346.8,360.0,324.0,331.0,-2.65,214388.0,323.3,245.8
AHPC,1/17/2023,335.0,350.0,331.1,343.0,3.63,159267.0,323.3,245.8
AHPC,1/18/2023,349.8,364.0,349.0,349.0,1.75,338440.0,323.3,245.8
AHPC,1/19/2023,355.0,357.9,345.0,352.0,0.86,118360.0,323.3,245.8
AHPC,1/23/2023,356.9,357.0,342.1,343.0,-2.56,160996.0,323.3,245.8
AHPC,1/24/2023,338.0,345.9,332.0,342.0,-0.29,105376.0,323.3,245.8
AHPC,1/25/2023,342.0,353.0,342.0,347.0,1.46,95644.0,323.3,245.8
AHPC,1/26/2023,350.0,360.8,347.0,351.0,1.15,151512.0,323.3,245.8
AHPC,1/29/2023,344.0,352.0,340.0,344.0,-1.99,84498.0,323.3,245.8
AHPC,1/30/2023,342.1,344.5,334.0,334.9,-2.65,93363.0,323.3,245.8
AHPC,1/31/2023,340.0,340.0,330.0,333.0,-0.57,136977.0,323.3,245.8
AHPC,2/1/2023,314.4,314.4,302.0,302.0,-9.31,57054.0,323.3,245.8
AHPC,2/2/2023,306.0,307.0,292.0,293.0,-2.98,64314.0,323.3,245.8
AHPC,2/5/2023,294.0,297.8,289.0,293.0,0.0,59884.0,323.3,245.8
AHPC,2/6/2023,295.0,297.8,289.5,292.0,-0.34,25728.0,323.3,245.8
AHPC,2/7/2023,296.6,319.0,296.0,318.0,8.9,111986.0,323.3,245.8
AHPC,2/8/2023,324.0,329.0,316.0,316.0,-0.63,124751.0,323.3,245.8
AHPC,2/9/2023,313.0,322.3,312.0,320.0,1.27,54991.0,323.3,245.8
AHPC,2/12/2023,313.6,316.0,301.0,303.0,-5.31,100919.0,323.3,245.8
AHPC,2/14/2023,302.5,305.0,297.4,299.0,-1.32,42211.0,323.3,245.8
AHPC,2/15/2023,300.0,311.1,298.0,311.0,4.01,75705.0,323.3,245.8
AHPC,2/16/2023,306.0,311.0,301.0,303.0,-2.57,43010.0,323.3,245.8
AHPC,2/20/2023,298.1,305.0,298.0,302.0,-0.33,70226.0,323.3,245.8
AHPC,2/22/2023,305.9,315.0,305.0,312.0,3.31,60754.0,323.3,245.8
AHPC,2/23/2023,306.5,310.0,299.9,303.1,-2.85,158951.0,323.3,245.8
AHPC,2/26/2023,297.1,305.0,290.1,302.0,-0.36,183993.0,323.3,245.8
AHPC,2/27/2023,305.0,307.0,290.2,304.0,0.66,159699.0,323.3,245.8
AHPC,2/28/2023,308.0,310.0,304.0,306.0,0.66,41635.0,323.3,245.8
AHPC,3/1/2023,311.0,311.0,297.5,302.0,-1.31,50469.0,323.3,245.8
AHPC,3/2/2023,302.0,302.0,290.5,292.0,-3.31,81929.0,323.3,245.8
AHPC,3/5/2023,297.0,297.0,286.0,288.0,-1.37,53765.0,323.3,245.8
AHPC,3/7/2023,288.0,296.0,288.0,293.0,1.74,31686.0,323.3,245.8
AHPC,3/9/2023,297.8,308.5,297.8,304.0,3.75,99690.0,323.3,245.8
AHPC,3/12/2023,310.0,310.0,301.7,303.0,-0.33,79026.0,323.3,245.8
AHPC,3/13/2023,302.0,304.0,299.0,302.8,-0.07,167539.0,323.3,245.8
AHPC,3/14/2023,303.9,308.0,297.5,303.0,0.07,41592.0,323.3,245.8
AHPC,3/15/2023,305.0,305.0,297.0,301.0,-0.66,59800.0,323.3,245.8
AHPC,3/16/2023,295.2,304.0,295.2,300.0,-0.33,42757.0,323.3,245.8
AHPC,3/19/2023,300.0,304.0,297.0,299.0,-0.33,23300.0,323.3,245.8
AHPC,3/20/2023,300.0,304.8,299.0,304.0,1.67,39688.0,323.3,245.8
AHPC,3/22/2023,304.1,307.9,298.2,300.0,-1.32,42487.0,323.3,245.8
AHPC,3/23/2023,306.0,306.0,294.5,297.0,-1.0,50494.0,323.3,245.8
AHPC,3/26/2023,297.0,299.0,291.7,293.0,-1.35,36320.0,323.3,245.8
AHPC,3/27/2023,293.0,300.0,291.3,300.0,2.39,49220.0,323.3,245.8
AHPC,3/28/2023,304.0,307.0,299.1,303.0,1.0,96434.0,323.3,245.8
AHPC,3/29/2023,299.6,303.0,299.0,300.4,-0.86,17482.0,323.3,245.8
AHPC,3/30/2023,301.0,304.0,297.0,298.9,-0.5,28681.0,323.3,245.8
AHPC,4/2/2023,303.8,304.0,291.0,295.0,-1.3,51129.0,323.3,245.8
AHPC,4/3/2023,298.9,299.0,288.0,288.2,-2.31,44649.0,323.3,245.8
AHPC,4/4/2023,288.2,293.8,286.4,289.7,0.52,28942.0,323.3,245.8
AHPC,4/5/2023,295.4,295.4,287.0,291.2,0.52,42097.0,323.3,245.8
AHPC,4/6/2023,295.0,295.0,284.5,287.0,-1.44,61134.0,323.3,245.8
AHPC,4/9/2023,285.1,285.1,274.5,275.0,-4.18,47071.0,323.3,245.8
AHPC,4/10/2023,279.5,282.7,274.4,276.1,0.4,59831.0,323.3,245.8
AHPC,4/11/2023,279.0,290.9,277.0,290.5,5.22,27426.0,323.3,245.8
AHPC,4/12/2023,293.9,306.0,292.0,305.0,4.99,108050.0,323.3,245.8
AHPC,4/13/2023,305.0,309.9,298.0,300.0,-1.64,63728.0,323.3,245.8
AHPC,4/16/2023,300.0,303.8,297.0,300.0,0.0,65738.0,323.3,245.8
AHPC,4/17/2023,304.0,313.9,303.1,310.0,3.33,226646.0,323.3,245.8
AHPC,4/18/2023,310.0,311.0,304.7,305.2,-1.55,41018.0,323.3,245.8
AHPC,4/19/2023,309.0,309.0,305.1,307.0,0.59,23822.0,323.3,245.8
AHPC,4/20/2023,307.0,309.1,299.0,300.0,-2.28,72551.0,323.3,245.8
AHPC,4/23/2023,300.0,300.0,290.3,291.0,-3.0,44944.0,323.3,245.8
AHPC,4/24/2023,290.0,299.0,289.0,294.0,1.03,20360.0,323.3,245.8
AHPC,4/25/2023,299.0,300.0,293.3,297.0,1.02,20677.0,323.3,245.8
AHPC,4/26/2023,299.0,301.9,292.0,292.0,-1.68,59209.0,323.3,245.8
AHPC,4/27/2023,290.1,296.0,289.2,292.0,0.0,17993.0,323.3,245.8
AHPC,4/30/2023,297.8,297.8,284.2,286.0,-2.05,47402.0,323.3,245.8
AHPC,5/2/2023,281.0,289.0,281.0,286.7,0.24,28089.0,323.3,245.8
AHPC,5/3/2023,287.0,287.0,280.5,281.0,-1.99,28282.0,323.3,245.8
AHPC,5/4/2023,284.9,287.0,278.5,284.0,1.07,27072.0,323.3,245.8
AHPC,5/7/2023,280.1,283.0,279.0,282.0,-0.7,21563.0,323.3,245.8
AHPC,5/8/2023,282.0,282.0,268.0,275.0,-2.48,48305.0,323.3,245.8
AHPC,5/9/2023,270.1,287.6,270.1,278.7,1.35,37891.0,323.3,245.8
AHPC,5/10/2023,282.0,282.0,275.0,277.0,-0.61,26935.0,323.3,245.8
AHPC,5/11/2023,277.0,280.0,273.0,274.0,-1.08,22252.0,323.3,245.8
AHPC,5/14/2023,279.4,279.4,266.6,269.9,-1.5,28258.0,323.3,245.8
AHPC,5/15/2023,266.0,280.0,265.0,274.0,1.52,36623.0,323.3,245.8
AHPC,5/16/2023,270.0,277.9,268.6,273.0,-0.36,21287.0,323.3,245.8
AHPC,5/17/2023,275.0,280.0,273.0,279.1,2.23,33959.0,323.3,245.8
AHPC,5/18/2023,280.0,295.6,279.0,290.0,3.91,97624.0,323.3,245.8
AHPC,5/21/2023,290.0,295.0,282.6,286.0,-1.38,64170.0,323.3,245.8
AHPC,5/22/2023,290.0,295.0,285.0,288.0,0.7,52016.0,323.3,245.8
AHPC,5/23/2023,293.5,299.0,290.4,299.0,3.82,63582.0,323.3,245.8
AHPC,5/24/2023,298.0,300.0,291.3,295.9,-1.04,49991.0,323.3,245.8
AHPC,5/28/2023,295.0,300.0,287.5,290.0,-1.99,61152.0,323.3,245.8
AHPC,5/30/2023,284.2,290.7,280.5,283.0,-2.41,89607.0,323.3,245.8
AHPC,5/31/2023,278.0,287.6,271.0,275.0,-2.83,72363.0,323.3,245.8
AHPC,6/1/2023,279.9,283.0,272.1,278.0,1.09,48561.0,323.3,245.8
AHPC,6/4/2023,283.0,292.9,282.1,287.0,3.24,44424.0,323.3,245.8
AHPC,6/5/2023,291.0,298.2,286.8,289.0,0.7,78752.0,323.3,245.8
AHPC,6/6/2023,294.7,298.9,288.0,295.1,2.11,92967.0,323.3,245.8
AHPC,6/7/2023,300.0,307.0,298.4,299.8,1.59,129514.0,323.3,245.8
AHPC,6/8/2023,296.1,300.0,294.0,295.0,-1.6,59807.0,323.3,245.8
AHPC,6/11/2023,299.7,301.0,294.0,301.0,2.03,142106.0,323.3,245.8
AHPC,6/12/2023,303.9,303.9,294.0,296.0,-1.66,71029.0,323.3,245.8
AHPC,6/13/2023,292.0,302.4,292.0,299.0,1.01,104610.0,323.3,245.8
AHPC,6/14/2023,304.9,308.9,299.0,302.5,1.17,166201.0,323.3,245.8
AHPC,6/15/2023,308.5,308.5,294.0,296.1,-2.12,97432.0,323.3,245.8
AHPC,6/18/2023,296.0,310.0,296.0,304.0,2.67,106473.0,323.3,245.8
AHPC,6/19/2023,310.0,314.0,305.0,313.0,2.96,153649.0,323.3,245.8
AHPC,6/20/2023,316.0,316.0,303.1,304.0,-2.88,163193.0,323.3,245.8
AHPC,6/21/2023,310.0,310.0,298.0,299.8,-1.38,76812.0,323.3,245.8
AHPC,6/22/2023,305.7,305.7,290.5,294.8,-1.67,116487.0,323.3,245.8
AHPC,6/25/2023,290.0,298.5,288.0,296.5,0.58,118897.0,323.3,245.8
AHPC,6/26/2023,302.4,302.4,287.5,288.1,-2.83,110038.0,323.3,245.8
AHPC,6/27/2023,293.8,294.0,286.0,289.0,0.31,136653.0,323.3,245.8
AHPC,6/28/2023,294.7,294.7,281.1,284.0,-1.73,157253.0,323.3,245.8
AHPC,7/2/2023,284.0,285.0,272.1,273.0,-3.87,130660.0,323.3,245.8
AHPC,7/3/2023,278.4,278.4,270.0,273.8,0.29,186879.0,323.3,245.8
AHPC,7/4/2023,279.2,279.2,268.6,269.8,-1.46,95251.0,323.3,245.8
AHPC,7/5/2023,275.1,275.1,263.0,268.2,-0.59,65029.0,323.3,245.8
AHPC,7/6/2023,273.5,273.5,250.0,253.0,-5.67,276136.0,323.3,245.8
AHPC,7/9/2023,258.0,260.0,248.0,249.0,-1.58,105219.0,323.3,245.8
AHPC,7/10/2023,252.0,252.0,244.0,244.1,-1.97,115742.0,323.3,245.8
AHPC,7/11/2023,248.9,253.5,240.5,243.3,-0.33,68120.0,323.3,245.8
AHPC,7/12/2023,247.0,263.9,245.0,263.9,8.47,117881.0,323.3,245.8
AHPC,7/13/2023,269.1,274.3,258.3,258.4,-2.08,109470.0,323.3,245.8
AHPC,7/16/2023,263.5,263.5,251.2,255.0,-1.32,35211.0,323.3,245.8
AHPC,7/17/2023,255.0,262.0,251.2,259.0,1.57,44045.0,323.3,245.8
AHPC,7/18/2023,260.0,263.1,257.0,261.0,0.77,48179.0,323.3,245.8
AHPC,7/19/2023,256.6,262.5,256.3,257.0,-1.53,52895.0,323.3,245.8
AHPC,7/20/2023,259.9,261.5,252.9,255.1,-0.74,102058.0,323.3,245.8
AHPC,7/23/2023,260.2,263.9,255.0,262.0,2.7,46351.0,323.3,245.8
AHPC,7/24/2023,267.2,269.0,257.0,260.0,-0.76,66712.0,323.3,245.8
AHPC,7/25/2023,258.1,265.0,257.2,260.0,0.0,49939.0,323.3,245.8
AHPC,7/26/2023,257.1,261.9,254.1,256.0,-1.54,31298.0,323.3,245.8
AHPC,7/27/2023,260.0,260.0,250.0,250.1,-2.3,37442.0,323.3,245.8
AHPC,7/30/2023,254.0,254.0,243.3,245.0,-2.04,74901.0,323.3,245.8
AHPC,7/31/2023,247.0,249.8,243.0,243.2,-0.73,65109.0,323.3,245.8
AHPC,8/1/2023,248.0,248.0,232.0,234.0,-3.78,104463.0,323.3,245.8
AHPC,8/2/2023,236.0,238.6,230.6,234.0,0.0,44502.0,323.3,245.8
AHPC,8/3/2023,232.1,239.0,232.0,233.5,-0.21,60013.0,323.3,245.8
AHPC,8/6/2023,238.1,238.1,227.0,227.1,-2.74,41563.0,323.3,245.8
AHPC,8/7/2023,230.0,232.4,225.0,226.0,-0.48,68352.0,323.3,245.8
AHPC,8/8/2023,229.0,229.6,225.0,226.0,0.0,40140.0,323.3,245.8
AHPC,8/9/2023,223.3,231.0,222.0,231.0,2.21,22965.0,323.3,245.8
AHPC,8/10/2023,230.0,235.4,227.0,232.0,0.43,26793.0,323.3,245.8
AHPC,8/13/2023,235.0,235.0,228.0,228.2,-1.64,24006.0,323.3,245.8
AHPC,8/14/2023,232.7,232.7,225.4,226.0,-0.96,27605.0,323.3,245.8
AHPC,8/15/2023,222.1,229.0,219.0,219.0,-3.1,63438.0,323.3,245.8
AHPC,8/16/2023,219.0,222.0,216.0,216.1,-1.32,26952.0,323.3,245.8
AHPC,8/17/2023,217.0,222.9,217.0,217.0,0.42,19255.0,323.3,245.8
AHPC,8/20/2023,217.0,218.0,208.0,209.1,-3.64,38680.0,323.3,245.8
AHPC,8/21/2023,210.0,212.0,204.0,207.0,-1.0,41833.0,323.3,245.8
AHPC,8/22/2023,203.0,211.0,203.0,210.1,1.5,19850.0,323.3,245.8
AHPC,8/23/2023,213.0,220.0,211.1,218.5,4.0,30773.0,323.3,245.8
AHPC,8/24/2023,218.0,219.9,210.0,211.0,-3.43,24471.0,323.3,245.8
AHPC,8/27/2023,213.0,213.0,207.1,208.2,-1.33,18298.0,323.3,245.8
AHPC,8/28/2023,209.0,211.0,207.0,210.0,0.86,13105.0,323.3,245.8
AHPC,8/29/2023,210.0,210.0,205.2,205.7,-2.05,14213.0,323.3,245.8
AHPC,8/30/2023,206.0,208.0,201.2,203.0,-1.31,43468.0,323.3,245.8
AHPC,9/3/2023,203.0,207.0,199.0,201.0,-0.99,38407.0,323.3,245.8
AHPC,9/4/2023,205.0,205.0,197.0,200.0,-0.5,16939.0,323.3,245.8
AHPC,9/5/2023,197.2,201.0,196.0,199.0,-0.5,9930.0,323.3,245.8
AHPC,9/7/2023,197.0,197.0,193.1,193.1,-2.96,25540.0,323.3,245.8
AHPC,9/10/2023,195.0,196.9,190.2,192.4,-0.36,56021.0,323.3,245.8
AHPC,9/11/2023,190.0,200.9,190.0,200.0,3.95,48483.0,323.3,245.8
AHPC,9/12/2023,203.0,203.0,195.0,195.0,-2.5,22873.0,323.3,245.8
AHPC,9/13/2023,197.0,209.9,196.0,207.7,6.51,41608.0,323.3,245.8
AHPC,9/17/2023,207.0,207.0,197.1,202.0,-2.74,41747.0,323.3,245.8
AHPC,9/18/2023,201.2,209.0,201.2,204.0,0.99,16353.0,323.3,245.8
AHPC,9/19/2023,207.0,220.0,202.0,220.0,7.84,99867.0,323.3,245.8
AHPC,9/21/2023,223.0,239.5,223.0,238.5,8.41,149175.0,323.3,245.8
AHPC,9/24/2023,235.0,243.0,227.0,228.5,-4.19,118933.0,323.3,245.8
AHPC,9/25/2023,233.0,236.0,224.0,229.9,0.61,53639.0,323.3,245.8
AHPC,9/26/2023,233.0,244.0,233.0,236.0,2.65,113549.0,323.3,245.8
AHPC,9/27/2023,235.1,237.0,228.1,230.0,-2.54,64026.0,323.3,245.8
AHPC,10/1/2023,226.3,234.6,219.0,223.8,-2.7,70329.0,323.3,245.8
AHPC,10/2/2023,220.0,230.9,219.4,229.6,2.59,68184.0,323.3,245.8
AHPC,10/3/2023,230.0,230.0,225.3,226.0,-1.57,16686.0,323.3,245.8
AHPC,10/4/2023,230.0,233.0,225.5,232.0,2.65,44620.0,323.3,245.8
AHPC,10/5/2023,233.5,233.5,226.0,226.6,-2.33,23629.0,323.3,245.8
AHPC,10/8/2023,230.0,231.0,215.2,219.0,-3.35,46982.0,323.3,245.8
AHPC,10/9/2023,216.0,225.9,214.0,214.3,-2.15,43232.0,323.3,245.8
AHPC,10/10/2023,214.3,222.0,210.0,212.0,-1.07,30166.0,323.3,245.8
AHPC,10/11/2023,209.1,220.2,209.1,214.0,0.94,31198.0,323.3,245.8
AHPC,10/12/2023,216.0,216.0,208.1,213.0,-0.47,32951.0,323.3,245.8
AHPC,10/16/2023,209.2,210.0,205.1,210.0,-1.41,23257.0,323.3,245.8
AHPC,10/17/2023,214.0,217.9,210.3,211.2,0.57,21506.0,323.3,245.8
AHPC,10/18/2023,210.2,220.1,210.2,216.9,2.7,20317.0,323.3,245.8
AHPC,10/19/2023,220.0,220.0,207.8,214.1,-1.29,11497.0,323.3,245.8
AHPC,10/29/2023,209.9,214.0,206.0,209.8,-2.01,19185.0,323.3,245.8
AHPC,10/30/2023,209.0,213.8,205.0,212.0,1.05,25475.0,323.3,245.8
AHPC,10/31/2023,214.0,214.0,205.1,205.1,-3.25,7700.0,323.3,245.8
AHPC,11/1/2023,206.1,209.2,205.0,208.0,1.41,14337.0,323.3,245.8
AHPC,11/2/2023,204.1,207.0,204.0,204.0,-1.92,16837.0,323.3,245.8
AHPC,11/5/2023,204.0,206.0,200.2,201.1,-1.42,9849.0,323.3,245.8
AHPC,11/6/2023,204.0,209.0,200.9,203.0,0.94,12245.0,323.3,245.8
AHPC,11/7/2023,203.1,208.0,203.1,207.0,1.97,10837.0,323.3,245.8
AHPC,11/8/2023,208.0,209.0,203.9,206.0,-0.48,12185.0,323.3,245.8
AHPC,11/9/2023,202.1,205.0,202.1,205.0,-0.49,23399.0,323.3,245.8
AHPC,11/20/2023,208.0,208.0,205.0,208.0,1.46,9969.0,323.3,245.8
AHPC,11/21/2023,208.0,208.0,200.0,202.0,-2.88,14538.0,323.3,245.8
AHPC,11/22/2023,202.0,208.0,199.5,207.0,2.48,16503.0,323.3,245.8
AHPC,11/23/2023,203.0,212.0,201.3,211.0,1.93,27252.0,323.3,245.8
AHPC,11/26/2023,213.0,221.0,210.0,215.0,1.9,35287.0,323.3,245.8
AHPC,11/27/2023,214.0,219.0,210.0,210.2,-2.23,24259.0,323.3,245.8
AHPC,11/28/2023,211.0,214.5,207.2,209.0,-0.57,14509.0,323.3,245.8
AHPC,11/29/2023,210.0,211.0,205.1,208.0,-0.48,16175.0,323.3,245.8
AHPC,11/30/2023,205.0,209.0,204.6,204.6,-1.63,15683.0,323.3,245.8
AHPC,12/3/2023,204.8,207.0,201.6,205.0,0.2,17830.0,323.3,245.8
AHPC,12/4/2023,202.0,209.0,202.0,206.0,0.49,12732.0,323.3,245.8
AHPC,12/5/2023,205.0,209.0,201.5,201.5,-2.18,33935.0,323.3,245.8
AHPC,12/6/2023,203.0,207.2,203.0,207.2,2.83,7820.0,323.3,245.8
AHPC,12/7/2023,205.0,210.0,203.1,208.9,0.82,14609.0,323.3,245.8
AHPC,12/10/2023,213.0,223.0,213.0,217.1,3.93,13530.0,323.3,245.8
AHPC,12/11/2023,221.4,226.0,215.0,219.9,1.29,71586.0,323.3,245.8
AHPC,12/12/2023,220.0,225.9,216.0,223.0,1.41,101049.0,323.3,245.8
AHPC,12/13/2023,221.0,234.8,221.0,221.5,-0.67,105918.0,323.3,245.8
AHPC,12/14/2023,225.8,229.6,223.0,226.6,2.3,53908.0,323.3,245.8
AHPC,12/17/2023,226.6,241.0,220.1,237.0,4.59,174773.0,323.3,245.8
AHPC,12/18/2023,241.7,245.0,233.1,237.0,0.0,202314.0,323.3,245.8
AHPC,12/19/2023,237.0,248.0,235.2,245.0,3.38,131692.0,323.3,245.8
AHPC,12/20/2023,245.0,255.0,243.2,249.0,1.63,128125.0,323.3,245.8
AHPC,12/21/2023,253.0,258.8,240.1,242.1,-2.77,97327.0,323.3,245.8
AHPC,12/24/2023,240.0,249.2,236.3,236.3,-2.4,116302.0,323.3,245.8
AHPC,12/27/2023,240.0,241.0,229.9,235.0,-0.55,78397.0,323.3,245.8
AHPC,12/28/2023,239.7,239.7,226.0,230.6,-1.87,99060.0,323.3,245.8
AHPC,1/1/2024,235.0,235.6,224.0,224.1,-2.82,57220.0,323.3,245.8
AHPC,1/2/2024,221.5,227.0,217.0,217.0,-3.17,86926.0,323.3,245.8
AHPC,1/3/2024,221.0,232.0,221.0,232.0,6.91,81576.0,323.3,245.8
AHPC,1/4/2024,235.0,240.0,232.0,236.6,1.98,112315.0,323.3,245.8
AHPC,1/7/2024,241.3,260.2,241.3,252.9,6.89,417687.0,323.3,245.8
AHPC,1/8/2024,256.0,258.0,243.1,255.0,0.83,161994.0,323.3,245.8
AHPC,1/9/2024,260.1,265.0,255.3,256.0,0.39,228110.0,323.3,245.8
AHPC,1/10/2024,261.0,261.0,253.0,257.0,0.39,165585.0,323.3,245.8
AHPC,1/11/2024,260.0,281.0,258.0,272.5,6.03,295174.0,323.3,245.8
AHPC,1/14/2024,277.9,277.9,268.0,274.9,0.88,411138.0,323.3,245.8
AHPC,1/16/2024,280.0,284.0,273.5,279.6,1.71,289705.0,323.3,245.8
AHPC,1/17/2024,281.0,285.0,264.2,264.2,-5.51,256447.0,323.3,245.8
AHPC,1/18/2024,268.0,285.0,253.1,280.9,6.32,329566.0,323.3,245.8
AHPC,1/21/2024,286.5,304.0,286.5,295.9,5.34,596394.0,323.3,245.8
AHPC,1/22/2024,298.0,299.8,288.0,290.0,-1.99,246186.0,323.3,245.8
AHPC,1/23/2024,293.0,295.6,284.0,286.1,-1.34,166457.0,323.3,245.8
AHPC,1/24/2024,291.0,293.0,279.1,279.1,-2.45,173186.0,323.3,245.8
AHPC,1/25/2024,284.0,284.0,276.5,278.0,-0.39,166746.0,323.3,245.8
AHPC,1/28/2024,282.0,283.5,275.5,280.2,0.79,512263.0,323.3,245.8
AHPC,1/29/2024,193.9,209.1,193.9,209.1,-25.37,96551.0,323.3,245.8
AHPC,1/30/2024,209.1,230.0,209.1,216.8,3.68,687624.0,323.3,245.8
AHPC,1/31/2024,216.9,219.1,210.1,211.2,-2.58,260919.0,323.3,245.8
AHPC,2/1/2024,211.2,213.1,206.1,206.8,-2.08,125030.0,323.3,245.8
AHPC,2/4/2024,206.0,209.7,204.0,207.0,0.1,66385.0,323.3,245.8
AHPC,2/5/2024,208.0,208.4,204.0,205.5,-0.72,71914.0,323.3,245.8
AHPC,2/6/2024,206.0,208.1,206.0,207.2,0.83,59034.0,323.3,245.8
AHPC,2/7/2024,211.0,211.0,207.0,207.6,0.19,38787.0,323.3,245.8
AHPC,2/8/2024,206.2,208.0,206.2,206.8,-0.39,49450.0,323.3,245.8
AHPC,2/11/2024,209.0,211.0,205.8,207.5,0.34,79666.0,323.3,245.8
AHPC,2/12/2024,211.6,211.6,207.1,209.4,0.92,75839.0,323.3,245.8
AHPC,2/13/2024,207.0,208.6,202.6,204.0,-2.58,85639.0,323.3,245.8
AHPC,2/14/2024,204.0,205.0,198.0,200.0,-1.96,115451.0,323.3,245.8
AHPC,2/15/2024,201.7,202.5,197.0,197.0,-1.5,70181.0,323.3,245.8
AHPC,2/18/2024,197.1,200.0,191.1,193.0,-2.03,74600.0,323.3,245.8
AHPC,2/20/2024,193.0,195.9,190.0,191.0,-1.04,67790.0,323.3,245.8
AHPC,2/21/2024,194.0,195.0,190.0,191.8,0.42,46095.0,323.3,245.8
AHPC,2/22/2024,194.9,194.9,189.2,190.0,-0.94,46620.0,323.3,245.8
AHPC,2/25/2024,193.0,193.0,183.5,184.0,-3.16,56031.0,323.3,245.8
AHPC,2/26/2024,186.0,186.0,180.4,185.0,0.54,32491.0,323.3,245.8
AHPC,2/27/2024,188.7,188.7,183.2,185.0,0.0,26941.0,323.3,245.8
AHPC,2/28/2024,186.9,186.9,181.0,181.0,-2.16,37816.0,323.3,245.8
AHPC,2/29/2024,183.0,183.0,176.5,180.3,-0.39,80249.0,323.3,245.8
AHPC,3/3/2024,181.0,183.0,176.0,176.2,-2.27,26846.0,323.3,245.8
AHPC,3/4/2024,179.7,193.8,179.7,193.8,9.99,14812.0,323.3,245.8
AHPC,3/5/2024,197.0,197.0,185.0,189.6,-2.17,114688.0,323.3,245.8
AHPC,3/6/2024,190.0,192.0,181.3,185.8,-2.0,77340.0,323.3,245.8
AHPC,3/7/2024,188.0,193.0,186.0,186.8,0.54,40752.0,323.3,245.8
AHPC,3/10/2024,190.4,190.5,186.2,187.0,0.11,35018.0,323.3,245.8
AHPC,3/12/2024,190.0,193.0,186.0,189.5,1.34,70728.0,323.3,245.8
AHPC,3/13/2024,192.9,192.9,186.1,188.0,-0.79,71383.0,323.3,245.8
AHPC,3/14/2024,191.0,191.0,186.0,187.5,-0.27,52652.0,323.3,245.8
AHPC,3/17/2024,187.6,189.9,182.8,183.0,-2.4,59599.0,323.3,245.8
AHPC,3/18/2024,185.0,186.5,181.5,184.2,0.66,36203.0,323.3,245.8
AHPC,3/19/2024,186.9,186.9,181.6,181.7,-1.36,38048.0,323.3,245.8
AHPC,3/20/2024,185.3,187.0,181.0,181.7,0.0,29213.0,323.3,245.8
AHPC,3/21/2024,184.0,184.0,178.7,178.8,-1.6,31260.0,323.3,245.8
AHPC,3/25/2024,180.0,180.0,176.2,176.3,-1.4,28851.0,323.3,245.8
AHPC,3/26/2024,178.0,179.0,175.0,177.2,0.51,54589.0,323.3,245.8
AHPC,3/27/2024,178.0,179.4,176.0,176.3,-0.51,31085.0,323.3,245.8
AHPC,3/28/2024,179.0,179.0,174.0,177.3,0.57,24520.0,323.3,245.8
AHPC,3/31/2024,179.8,179.8,174.0,175.0,-1.3,31507.0,323.3,245.8
AHPC,4/1/2024,177.0,177.0,172.1,172.1,-1.66,40371.0,323.3,245.8
AHPC,4/2/2024,174.0,174.0,171.1,171.2,-0.52,27007.0,323.3,245.8
AHPC,4/3/2024,170.0,173.0,170.0,171.0,-0.12,21355.0,323.3,245.8
AHPC,4/4/2024,170.1,172.2,170.0,170.2,-0.47,27640.0,323.3,245.8
AHPC,4/7/2024,172.0,173.0,170.0,172.9,1.59,34890.0,323.3,245.8
AHPC,4/9/2024,175.0,178.9,175.0,175.8,1.68,35345.0,323.3,245.8
AHPC,4/10/2024,178.4,178.4,174.0,174.0,-1.02,20486.0,323.3,245.8
AHPC,4/14/2024,176.0,176.0,171.0,171.3,-1.55,32132.0,323.3,245.8
AHPC,4/15/2024,174.0,174.0,169.5,169.5,-1.05,28757.0,323.3,245.8
AHPC,4/16/2024,172.8,172.8,168.0,168.0,-0.88,34556.0,323.3,245.8
AHPC,4/18/2024,168.0,169.0,163.8,165.0,-1.79,35949.0,323.3,245.8
AHPC,4/21/2024,168.0,168.0,163.7,166.5,0.91,23012.0,323.3,245.8
AHPC,4/22/2024,169.0,170.0,163.3,166.5,0.0,32967.0,323.3,245.8
AHPC,4/24/2024,168.0,168.0,163.2,163.2,-1.98,13608.0,323.3,245.8
AHPC,4/25/2024,163.0,166.0,162.0,162.0,-0.74,26991.0,323.3,245.8
AHPC,4/28/2024,164.4,164.4,162.0,163.0,0.62,24529.0,323.3,245.8
AHPC,4/29/2024,165.4,165.4,161.0,163.0,0.0,22842.0,323.3,245.8
AHPC,4/30/2024,165.4,166.2,161.0,165.8,1.72,54496.0,323.3,245.8
AHPC,5/2/2024,168.2,168.2,164.0,166.0,0.12,23857.0,323.3,245.8
AHPC,5/5/2024,168.4,168.4,161.7,162.0,-2.41,27925.0,323.3,245.8
AHPC,5/6/2024,165.0,165.0,160.0,160.0,-1.23,26471.0,323.3,245.8
AHPC,5/7/2024,163.0,163.0,160.0,160.3,0.19,20721.0,323.3,245.8
AHPC,5/8/2024,162.5,162.5,157.0,159.7,-0.37,23064.0,323.3,245.8
AHPC,5/9/2024,162.8,162.8,156.0,157.0,-1.69,49152.0,323.3,245.8
AHPC,5/12/2024,153.9,160.0,153.9,155.9,-0.7,40482.0,323.3,245.8
AHPC,5/13/2024,158.2,160.0,156.1,158.0,1.35,39301.0,323.3,245.8
AHPC,5/14/2024,160.1,167.0,158.0,165.9,5.0,40183.0,323.3,245.8
AHPC,5/15/2024,165.0,171.0,164.0,165.0,-0.54,36594.0,323.3,245.8
AHPC,5/16/2024,168.3,168.3,161.7,162.0,-1.82,16093.0,323.3,245.8
AHPC,5/19/2024,162.0,164.0,154.0,162.1,0.06,50807.0,323.3,245.8
AHPC,5/20/2024,163.0,166.4,162.0,164.0,1.17,74008.0,323.3,245.8
AHPC,5/21/2024,161.8,163.0,150.0,161.0,-1.83,571540.0,323.3,245.8
AHPC,5/22/2024,163.0,166.0,161.2,163.8,1.74,323763.0,323.3,245.8
AHPC,5/26/2024,166.0,166.0,161.1,164.8,0.61,272417.0,323.3,245.8
AHPC,5/27/2024,165.3,167.0,162.1,162.6,-1.33,191749.0,323.3,245.8
AHPC,5/29/2024,165.0,166.0,161.1,161.3,-0.8,200870.0,323.3,245.8
AHPC,5/30/2024,161.3,163.0,158.0,158.9,-1.49,172008.0,323.3,245.8
AHPC,6/2/2024,160.0,160.0,156.4,157.0,-1.2,177319.0,323.3,245.8
AHPC,6/3/2024,159.8,160.1,155.0,156.0,-0.64,133983.0,323.3,245.8
AHPC,6/4/2024,155.0,157.9,155.0,155.8,-0.13,92664.0,323.3,245.8
AHPC,6/5/2024,155.0,157.0,154.1,154.6,-0.77,84985.0,323.3,245.8
AHPC,6/6/2024,157.6,157.6,153.4,153.7,-0.58,107690.0,323.3,245.8
AHPC,6/9/2024,155.0,156.0,151.3,151.5,-1.43,122009.0,323.3,245.8
AHPC,6/10/2024,154.5,157.9,152.0,155.0,2.31,239741.0,323.3,245.8
AHPC,6/11/2024,158.1,163.0,156.4,159.3,2.77,213532.0,323.3,245.8
AHPC,6/12/2024,161.3,162.4,157.0,158.8,-0.31,119655.0,323.3,245.8
AHPC,6/13/2024,159.0,159.9,155.8,156.3,-1.57,119455.0,323.3,245.8
AHPC,6/16/2024,156.0,161.5,155.7,157.9,1.02,245032.0,323.3,245.8
AHPC,6/18/2024,161.0,161.0,156.0,156.0,-1.2,118322.0,323.3,245.8
AHPC,6/19/2024,155.3,157.5,155.3,156.0,0.0,77091.0,323.3,245.8
AHPC,6/20/2024,157.0,157.0,154.1,154.9,-0.71,77673.0,323.3,245.8
AHPC,6/23/2024,155.0,155.8,153.0,153.3,-1.03,119668.0,323.3,245.8
AHPC,6/24/2024,153.0,156.0,151.1,153.2,-0.07,100452.0,323.3,245.8
AHPC,6/25/2024,156.0,156.0,153.0,155.0,1.17,112700.0,323.3,245.8
AHPC,6/26/2024,157.0,157.0,151.4,152.0,-1.94,110592.0,323.3,245.8
AHPC,6/27/2024,152.0,152.0,150.8,151.0,-0.66,102231.0,323.3,245.8
AHPC,6/30/2024,152.0,152.0,149.0,149.1,-1.26,140140.0,323.3,245.8
AHPC,7/1/2024,152.0,152.0,149.0,150.0,0.6,114384.0,323.3,245.8
AHPC,7/2/2024,153.0,164.0,153.0,155.1,3.4,151276.0,323.3,245.8
AHPC,7/3/2024,157.1,157.1,151.0,154.0,-0.71,91974.0,323.3,245.8
AHPC,7/4/2024,155.5,157.0,153.0,155.0,0.65,150705.0,323.3,245.8
AHPC,7/7/2024,156.5,157.9,153.5,156.0,0.65,178352.0,323.3,245.8
AHPC,7/8/2024,159.0,159.0,154.0,155.0,-0.64,124685.0,323.3,245.8
AHPC,7/9/2024,157.2,157.2,153.1,154.8,-0.13,95155.0,323.3,245.8
AHPC,7/10/2024,154.0,157.0,154.0,156.0,0.78,109046.0,323.3,245.8
AHPC,7/11/2024,158.3,159.0,156.5,159.0,1.92,150827.0,323.3,245.8
AHPC,7/14/2024,162.1,174.0,162.1,173.9,9.37,526265.0,323.3,245.8
AHPC,7/15/2024,177.0,185.0,175.0,177.9,2.3,703434.0,323.3,245.8
AHPC,7/16/2024,181.4,195.6,178.8,195.6,9.95,881530.0,323.3,245.8
AHPC,7/17/2024,199.5,208.0,195.6,203.0,3.78,962887.0,323.3,245.8
AHPC,7/18/2024,207.0,207.0,198.5,201.0,-0.99,687648.0,323.3,245.8
AHPC,7/21/2024,201.0,205.0,197.0,201.2,0.1,645405.0,323.3,245.8
AHPC,7/22/2024,204.0,215.0,199.0,212.0,5.37,1154042.0,323.3,245.8
AHPC,7/23/2024,212.0,221.9,212.0,221.3,4.39,701968.0,323.3,245.8
AHPC,7/24/2024,225.7,226.0,214.7,215.6,-2.58,854267.0,323.3,245.8
AHPC,7/25/2024,215.6,218.0,210.0,212.5,-1.44,643350.0,323.3,245.8
AHPC,7/28/2024,216.7,226.0,212.0,216.9,2.07,571248.0,323.3,245.8
AHPC,7/29/2024,219.0,225.0,214.0,216.5,-0.18,730545.0,323.3,245.8
AHPC,7/30/2024,219.0,222.9,212.0,220.0,1.62,660235.0,323.3,245.8
AHPC,7/31/2024,223.0,238.9,223.0,233.9,6.32,1285670.0,323.3,245.8
AHPC,8/1/2024,236.0,237.9,228.0,230.0,-1.67,771075.0,323.3,245.8
AHPC,8/5/2024,234.6,243.0,223.0,234.8,2.09,721783.0,323.3,245.8
AHPC,8/6/2024,236.0,243.9,222.0,225.0,-4.17,969491.0,323.3,245.8
AHPC,8/7/2024,229.0,243.0,221.1,240.0,6.67,941058.0,323.3,245.8
AHPC,8/8/2024,244.8,258.4,242.0,252.5,5.21,1385366.0,323.3,245.8
AHPC,8/11/2024,257.5,277.7,255.0,277.7,9.98,1392573.0,323.3,245.8
AHPC,8/12/2024,283.2,305.4,281.3,302.8,9.04,1404188.0,323.3,245.8
AHPC,8/13/2024,302.8,305.0,286.0,295.0,-2.58,1415664.0,323.3,245.8
AHPC,8/14/2024,298.0,317.0,286.0,312.0,5.76,1347043.0,323.3,245.8
AHPC,8/15/2024,318.2,340.5,317.6,334.0,7.05,1448716.0,323.3,245.8
AHPC,8/18/2024,335.0,336.1,316.0,319.0,-4.49,1504650.0,323.3,245.8
AHPC,8/21/2024,319.0,336.0,318.0,322.2,1.0,904089.0,323.3,245.8
AHPC,8/22/2024,327.0,345.0,324.2,340.0,5.52,1410886.0,323.3,245.8
AHPC,8/25/2024,346.8,349.0,325.0,327.0,-3.82,1112492.0,323.3,245.8
AHPC,8/27/2024,333.5,333.5,301.0,306.0,-6.42,1453153.0,323.3,245.8
AHPC,8/28/2024,308.0,324.0,300.0,308.0,0.65,1021835.0,323.3,245.8
AHPC,8/29/2024,314.0,318.0,301.0,307.0,-0.32,738073.0,323.3,245.8
AHPC,9/1/2024,312.7,317.0,300.3,303.0,-1.3,716512.0,323.3,245.8
AHPC,9/2/2024,303.0,323.0,302.0,322.6,6.47,772483.0,323.3,245.8
AHPC,9/3/2024,325.1,330.0,315.0,317.0,-1.74,718263.0,323.3,245.8
AHPC,9/4/2024,317.0,319.0,303.0,306.0,-3.47,569407.0,323.3,245.8
AHPC,9/5/2024,308.0,308.0,296.9,300.0,-1.96,574858.0,323.3,245.8
AHPC,9/8/2024,303.9,306.0,291.0,291.0,-3.0,357130.0,323.3,245.8
AHPC,9/9/2024,290.0,293.0,281.4,283.0,-2.75,511730.0,323.3,245.8
AHPC,9/10/2024,286.5,292.3,280.0,280.1,-1.02,439510.0,323.3,245.8
AHPC,9/11/2024,285.7,285.9,268.3,270.1,-3.57,440568.0,323.3,245.8
AHPC,9/12/2024,270.0,294.0,269.5,289.0,7.0,473672.0,323.3,245.8
AHPC,9/15/2024,292.7,299.9,276.5,279.0,-3.46,665919.0,323.3,245.8
AHPC,9/16/2024,279.0,285.0,270.0,271.1,-2.83,392145.0,323.3,245.8
AHPC,9/18/2024,270.0,280.5,266.3,271.0,-0.04,285441.0,323.3,245.8
AHPC,9/22/2024,276.4,286.0,271.6,274.0,1.11,351140.0,323.3,245.8
AHPC,9/23/2024,270.5,274.0,262.0,263.9,-3.69,246207.0,323.3,245.8
AHPC,9/24/2024,264.0,267.0,251.8,252.2,-4.43,437163.0,323.3,245.8
AHPC,9/25/2024,252.0,265.9,250.2,265.0,5.08,522393.0,323.3,245.8
AHPC,9/26/2024,265.0,272.0,255.0,255.0,-3.77,276865.0,323.3,245.8
AHPC,9/29/2024,255.0,256.0,245.1,250.0,-1.96,181042.0,323.3,245.8
AHPC,9/30/2024,255.0,260.1,249.0,259.0,3.6,154186.0,323.3,245.8
AHPC,10/1/2024,261.1,281.4,260.0,281.4,8.65,493575.0,323.3,245.8
AHPC,10/2/2024,281.0,286.0,269.7,270.0,-4.05,350202.0,323.3,245.8
AHPC,10/6/2024,270.0,279.0,260.0,276.0,2.22,238694.0,323.3,245.8
AHPC,10/7/2024,280.0,288.6,275.0,278.0,0.72,334919.0,323.3,245.8
AHPC,10/8/2024,281.0,281.9,273.0,274.9,-1.12,147580.0,323.3,245.8
AHPC,10/9/2024,275.0,277.0,268.6,275.0,0.04,85336.0,323.3,245.8
AHPC,10/15/2024,277.9,279.8,272.6,275.9,0.33,78904.0,323.3,245.8
AHPC,10/16/2024,276.1,293.0,276.0,289.0,4.75,304918.0,323.3,245.8
AHPC,10/17/2024,292.0,297.7,287.0,289.0,0.0,296227.0,323.3,245.8
AHPC,10/20/2024,283.3,290.0,277.7,280.0,-3.11,329319.0,323.3,245.8
AHPC,10/21/2024,275.0,277.0,263.4,265.1,-5.32,174016.0,323.3,245.8
AHPC,10/22/2024,268.0,273.0,262.0,267.6,0.94,153456.0,323.3,245.8
AHPC,10/23/2024,271.0,273.9,265.0,266.0,-0.6,134991.0,323.3,245.8
AHPC,10/24/2024,261.5,270.0,261.5,267.9,0.71,129509.0,323.3,245.8
AHPC,10/27/2024,270.0,272.6,267.0,270.5,0.97,93161.0,323.3,245.8
AHPC,10/28/2024,272.0,278.9,270.0,277.0,2.4,177198.0,323.3,245.8
AHPC,10/29/2024,282.0,284.0,276.0,279.9,1.05,154976.0,323.3,245.8
AHPC,10/30/2024,284.0,284.0,273.2,275.0,-1.75,118251.0,323.3,245.8
AHPC,11/5/2024,279.0,280.4,274.0,276.9,0.69,65581.0,323.3,245.8
AHPC,11/6/2024,279.0,279.0,272.6,274.1,-1.01,81329.0,323.3,245.8
AHPC,11/10/2024,278.0,290.7,274.0,290.5,5.98,374697.0,323.3,245.8
AHPC,11/11/2024,296.3,308.2,291.0,299.0,2.93,831249.0,323.3,245.8
AHPC,11/12/2024,300.0,303.9,293.0,294.0,-1.67,281631.0,323.3,245.8
AHPC,11/13/2024,299.8,299.8,289.0,289.1,-1.67,215377.0,323.3,245.8
AHPC,11/14/2024,293.0,294.7,287.0,288.0,-0.38,286545.0,323.3,245.8
AHPC,11/17/2024,293.7,299.0,291.0,292.0,1.39,263006.0,323.3,245.8
AHPC,11/19/2024,292.1,293.0,283.0,284.4,-2.6,232118.0,323.3,245.8
AHPC,11/20/2024,286.0,286.8,279.1,280.0,-1.55,215912.0,323.3,245.8
AHPC,11/21/2024,283.9,283.9,275.0,276.0,-1.43,150893.0,323.3,245.8
AHPC,11/24/2024,273.0,280.5,273.0,276.5,0.18,139004.0,323.3,245.8
AHPC,11/25/2024,282.0,283.0,275.0,281.0,1.63,125195.0,323.3,245.8
AHPC,11/26/2024,281.0,286.6,281.0,285.0,1.42,157408.0,323.3,245.8
AHPC,11/27/2024,279.3,290.5,279.3,290.0,1.75,229119.0,323.3,245.8
AHPC,11/28/2024,284.2,299.8,282.0,284.0,-2.07,203840.0,323.3,245.8
AHPC,12/1/2024,278.4,282.0,276.0,278.0,-2.11,164975.0,323.3,245.8
AHPC,12/2/2024,278.0,286.0,276.6,279.8,0.65,176139.0,323.3,245.8
AHPC,12/3/2024,285.3,285.3,278.5,278.5,-0.46,132566.0,323.3,245.8
AHPC,12/4/2024,284.0,284.0,275.0,275.2,-1.18,203976.0,323.3,245.8
AHPC,12/5/2024,269.7,280.0,269.7,271.0,-1.53,194304.0,323.3,245.8
AHPC,12/8/2024,276.4,281.9,265.1,266.8,-1.55,143664.0,323.3,245.8
AHPC,12/9/2024,271.0,272.1,265.0,267.0,0.07,111205.0,323.3,245.8
AHPC,12/10/2024,271.0,271.0,264.1,266.0,-0.37,105469.0,323.3,245.8
AHPC,12/11/2024,269.0,271.0,265.0,271.0,1.88,100057.0,323.3,245.8
AHPC,12/12/2024,270.0,272.3,265.1,265.1,-2.18,73171.0,323.3,245.8
AHPC,12/16/2024,270.0,270.0,253.5,255.0,-3.81,193762.0,323.3,245.8
AHPC,12/17/2024,260.1,260.1,250.5,254.0,-0.39,98398.0,323.3,245.8
AHPC,12/18/2024,256.0,259.0,250.9,251.9,-0.83,73501.0,323.3,245.8
AHPC,12/19/2024,254.5,254.5,245.0,245.9,-2.38,146950.0,323.3,245.8
AHPC,12/22/2024,246.1,250.3,241.0,241.9,-1.63,78953.0,323.3,245.8
AHPC,12/23/2024,244.5,247.8,241.0,247.8,2.44,82486.0,323.3,245.8
AHPC,12/24/2024,242.9,260.0,242.9,253.5,2.3,192979.0,323.3,245.8
AHPC,12/26/2024,258.5,258.5,249.8,253.7,0.08,70764.0,323.3,245.8
AHPC,12/29/2024,256.5,256.5,246.2,249.0,-1.85,65122.0,323.3,245.8
AHPC,12/31/2024,253.9,253.9,239.3,243.4,-2.25,119818.0,323.3,245.8
AHPC,1/1/2025,248.2,248.2,240.1,245.0,0.66,80873.0,323.3,245.8
AHPC,1/2/2025,245.0,248.0,242.0,244.4,-0.24,86579.0,323.3,245.8
AHPC,1/5/2025,244.0,251.9,242.0,246.9,1.02,94495.0,323.3,245.8
AHPC,1/6/2025,249.5,259.0,247.0,258.0,4.5,145839.0,323.3,245.8
AHPC,1/7/2025,258.0,266.0,257.0,261.2,1.24,141640.0,323.3,245.8
AHPC,1/8/2025,266.4,266.4,257.0,259.8,-0.54,87464.0,323.3,245.8
AHPC,1/9/2025,260.0,265.0,255.0,257.0,-1.08,115696.0,323.3,245.8
AHPC,1/12/2025,262.1,262.1,250.0,251.0,-2.33,60972.0,323.3,245.8
AHPC,1/13/2025,249.0,252.0,248.2,248.8,-0.88,117404.0,323.3,245.8
AHPC,1/15/2025,252.0,257.4,247.3,248.5,-0.12,71057.0,323.3,245.8
AHPC,1/16/2025,249.0,252.0,245.0,247.0,-0.6,84018.0,323.3,245.8
AHPC,1/19/2025,246.0,250.5,245.0,249.4,0.97,81834.0,323.3,245.8
AHPC,1/20/2025,244.5,254.9,244.5,251.0,0.64,90796.0,323.3,245.8
AHPC,1/21/2025,253.9,254.5,248.7,252.0,0.4,86909.0,323.3,245.8
AHPC,1/22/2025,250.0,261.9,249.9,258.3,2.5,131570.0,323.3,245.8
AHPC,1/23/2025,262.9,267.2,258.0,262.0,1.43,266479.0,323.3,245.8
AHPC,1/26/2025,260.1,268.0,260.0,264.5,0.95,236445.0,323.3,245.8
AHPC,1/27/2025,267.9,268.4,262.0,265.0,0.19,208013.0,323.3,245.8
AHPC,1/28/2025,266.0,268.8,263.5,267.5,0.94,147834.0,323.3,245.8
AHPC,2/2/2025,270.0,279.0,270.0,272.0,1.68,283822.0,323.3,245.8
AHPC,2/3/2025,275.0,277.4,267.0,269.5,-0.92,202765.0,323.3,245.8
AHPC,2/4/2025,270.1,273.5,265.0,269.0,-0.19,126015.0,323.3,245.8
AHPC,2/5/2025,264.2,273.8,264.2,268.0,-0.37,130222.0,323.3,245.8
AHPC,2/6/2025,270.0,272.9,263.0,263.5,-1.68,156758.0,323.3,245.8
AHPC,2/9/2025,268.7,279.0,267.8,267.8,1.63,476777.0,323.3,245.8
AHPC,2/10/2025,269.0,272.0,262.0,262.5,-1.98,107734.0,323.3,245.8
AHPC,2/11/2025,262.5,268.2,262.0,263.3,0.3,98743.0,323.3,245.8
AHPC,2/12/2025,263.0,268.5,260.0,263.0,-0.11,155015.0,323.3,245.8
AHPC,2/13/2025,262.0,267.2,262.0,263.8,0.3,95330.0,323.3,245.8
AHPC,2/16/2025,263.8,267.7,261.1,265.0,0.45,158228.0,323.3,245.8
AHPC,2/17/2025,265.0,269.7,264.5,265.0,0.0,100119.0,323.3,245.8
AHPC,2/18/2025,269.0,269.9,263.0,263.0,-0.75,123833.0,323.3,245.8
AHPC,2/20/2025,262.0,264.0,259.0,260.0,-1.14,151874.0,323.3,245.8
AHPC,2/23/2025,258.0,262.0,255.0,257.3,-1.04,148265.0,323.3,245.8
AHPC,2/24/2025,261.0,262.1,257.5,258.5,0.47,174704.0,323.3,245.8
AHPC,2/25/2025,261.0,262.0,257.2,260.0,0.58,109410.0,323.3,245.8
AHPC,2/27/2025,265.0,271.0,259.1,268.1,3.12,215994.0,323.3,245.8
AHPC,3/2/2025,271.4,288.0,271.4,288.0,7.42,606472.0,323.3,245.8
AHPC,3/3/2025,290.0,293.5,280.0,280.7,-2.53,368757.0,323.3,245.8
AHPC,3/4/2025,280.0,286.3,276.0,276.0,-1.67,265554.0,323.3,245.8
AHPC,3/5/2025,276.0,280.0,270.5,275.0,-0.36,326610.0,323.3,245.8
AHPC,3/6/2025,278.0,278.0,271.0,275.0,0.0,235327.0,323.3,245.8
AHPC,3/9/2025,274.0,275.0,266.0,267.0,-2.91,211543.0,323.3,245.8
AHPC,3/10/2025,268.0,272.1,261.5,263.0,-1.5,210740.0,323.3,245.8
AHPC,3/11/2025,260.0,266.2,257.3,261.0,-0.76,200500.0,323.3,245.8
AHPC,3/12/2025,260.0,265.7,257.1,262.0,0.38,110550.0,323.3,245.8
AHPC,3/16/2025,265.0,265.0,258.3,259.2,-1.07,152874.0,323.3,245.8
AHPC,3/17/2025,259.2,264.0,257.0,259.8,0.23,101535.0,323.3,245.8
AHPC,3/18/2025,262.9,263.4,259.0,260.1,0.12,94210.0,323.3,245.8
AHPC,3/19/2025,261.0,261.0,256.1,257.9,-0.85,64694.0,323.3,245.8
AHPC,3/20/2025,256.0,259.7,254.0,254.78,-1.21,89069.0,323.3,245.8
AHPC,3/23/2025,252.1,254.0,247.0,247.55,-2.84,119154.0,323.3,245.8
AHPC,3/24/2025,246.0,255.0,244.2,252.23,1.89,70111.0,323.3,245.8
AHPC,3/25/2025,250.0,255.0,242.5,245.16,-2.8,126409.0,323.3,245.8
AHPC,3/26/2025,245.0,253.0,245.0,251.32,2.51,118818.0,323.3,245.8
AHPC,3/27/2025,252.0,256.3,248.5,254.52,1.27,131598.0,323.3,245.8
AHPC,3/30/2025,255.0,263.1,254.0,258.05,1.39,119067.0,323.3,245.8
AHPC,4/1/2025,259.9,263.0,250.0,252.49,-2.15,90519.0,323.3,245.8
AHPC,4/2/2025,250.3,255.0,250.2,253.76,0.5,53959.0,323.3,245.8
AHPC,4/3/2025,255.0,257.0,252.0,252.47,-0.51,65616.0,323.3,245.8
AHPC,4/7/2025,254.9,256.0,249.0,251.07,-0.55,66360.0,323.3,245.8
AHPC,4/8/2025,249.0,253.0,246.0,251.51,0.18,99352.0,323.3,245.8
AHPC,4/9/2025,253.8,253.8,250.0,251.09,-0.17,55569.0,323.3,245.8
AHPC,4/10/2025,254.0,255.9,250.1,252.79,0.68,78680.0,323.3,245.8
AHPC,4/13/2025,252.0,252.9,249.0,249.74,-1.21,60926.0,323.3,245.8
AHPC,4/15/2025,246.0,263.0,246.0,259.29,3.82,220624.0,323.3,245.8
AHPC,4/16/2025,261.0,266.0,257.0,264.61,2.05,222355.0,323.3,245.8
AHPC,4/17/2025,267.0,273.9,267.0,268.73,1.56,221529.0,323.3,245.8
AHPC,4/20/2025,268.7,271.0,263.0,266.65,-0.77,230590.0,323.3,245.8
AHPC,4/21/2025,265.0,279.4,263.1,275.14,3.18,398558.0,323.3,245.8
AHPC,4/22/2025,277.0,288.0,276.0,277.48,0.85,629806.0,323.3,245.8
AHPC,4/23/2025,283.0,283.0,259.7,267.77,-3.5,438565.0,323.3,245.8
AHPC,4/24/2025,273.0,273.0,259.7,268.14,0.14,241721.0,323.3,245.8
AHPC,4/27/2025,273.0,289.9,269.0,287.11,7.07,1612776.0,323.3,245.8
AHPC,4/28/2025,290.0,298.0,281.4,284.36,-0.96,858538.0,323.3,245.8
AHPC,4/29/2025,285.0,292.0,278.6,287.22,1.01,607102.0,323.3,245.8
AHPC,4/30/2025,285.0,303.0,284.0,299.09,4.13,1423259.0,323.3,245.8
AHPC,5/4/2025,303.0,306.0,292.4,293.37,-1.91,831118.0,323.3,245.8
AHPC,5/5/2025,294.0,295.0,285.0,288.04,-1.82,539918.0,323.3,245.8
AHPC,5/6/2025,288.0,303.9,287.0,300.84,4.44,1099140.0,323.3,245.8
AHPC,5/7/2025,306.8,318.0,301.4,302.75,0.63,1030404.0,323.3,245.8
AHPC,5/8/2025,308.8,316.1,298.0,307.89,1.7,1219551.0,323.3,245.8
AHPC,5/11/2025,314.0,315.9,303.0,304.08,-1.24,867529.0,323.3,245.8
AHPC,5/13/2025,310.1,310.1,294.0,294.91,-3.02,808728.0,323.3,245.8
AHPC,5/14/2025,291.0,295.9,283.5,284.73,-3.45,686288.0,323.3,245.8
AHPC,5/15/2025,290.4,290.4,277.0,285.34,0.21,375302.0,323.3,245.8
AHPC,5/18/2025,291.0,291.0,277.0,278.14,-2.52,347075.0,323.3,245.8
AHPC,5/19/2025,282.0,288.0,281.0,283.9,2.07,233777.0,323.3,245.8
AHPC,5/20/2025,289.5,295.9,278.1,293.56,3.4,297252.0,323.3,245.8
AHPC,5/21/2025,299.4,310.0,288.0,289.76,-1.29,474681.0,323.3,245.8
AHPC,5/22/2025,291.2,294.5,280.0,283.26,-2.24,376064.0,323.3,245.8
AHPC,5/25/2025,280.4,286.0,277.1,279.51,-1.32,249646.0,323.3,245.8
AHPC,5/26/2025,285.0,290.0,278.1,279.78,0.1,226427.0,323.3,245.8
AHPC,5/27/2025,280.0,284.0,276.2,278.94,-0.3,182823.0,323.3,245.8
AHPC,5/28/2025,280.0,292.7,279.5,290.73,4.23,444839.0,323.3,245.8
AHPC,6/2/2025,296.5,299.8,292.0,293.23,0.86,569498.0,323.3,245.8
AHPC,6/3/2025,290.0,297.8,287.0,289.02,-1.44,283355.0,323.3,245.8
AHPC,6/4/2025,290.0,293.0,284.2,286.93,-0.72,207169.0,323.3,245.8
AHPC,6/5/2025,282.0,297.8,282.0,295.85,3.11,530425.0,323.3,245.8
AHPC,6/8/2025,298.0,308.0,296.0,301.59,1.94,788498.0,323.3,245.8
AHPC,6/9/2025,302.0,306.0,298.5,300.77,-0.27,572260.0,323.3,245.8
AHPC,6/10/2025,306.0,309.0,300.0,305.66,1.63,628819.0,323.3,245.8
AHPC,6/11/2025,300.0,311.0,300.0,310.18,1.48,893041.0,323.3,245.8
AHPC,6/12/2025,304.0,316.9,304.0,307.44,-0.88,927211.0,323.3,245.8
AHPC,6/15/2025,304.0,310.9,302.0,306.46,-0.32,536347.0,323.3,245.8
AHPC,6/16/2025,304.0,315.8,302.0,303.22,-1.06,750568.0,323.3,245.8
AHPC,6/17/2025,300.0,304.0,294.0,298.66,-1.5,400766.0,323.3,245.8
AHPC,6/18/2025,294.0,307.0,294.0,296.76,-0.64,376357.0,323.3,245.8
AHPC,6/19/2025,302.6,305.0,293.0,294.46,-0.78,512223.0,323.3,245.8
AHPC,6/22/2025,296.9,297.0,285.0,285.44,-3.06,285972.0,323.3,245.8
AHPC,6/23/2025,280.1,290.0,280.1,286.64,0.42,221367.0,323.3,245.8
AHPC,6/24/2025,290.0,294.0,284.5,285.24,-0.49,246085.0,323.3,245.8
AHPC,6/25/2025,284.5,288.9,283.3,285.03,-0.07,148028.0,323.3,245.8
AHPC,6/26/2025,290.7,290.7,281.0,282.95,-0.73,225648.0,323.3,245.8
AHPC,6/29/2025,278.0,287.0,278.0,284.37,0.5,180099.0,323.3,245.8
AHPC,6/30/2025,286.0,289.9,284.0,284.4,0.01,145904.0,323.3,245.8
AHPC,7/1/2025,288.0,290.9,285.0,288.04,1.28,178085.0,323.3,245.8
AHPC,7/2/2025,293.0,295.8,288.0,289.56,0.53,230215.0,323.3,245.8
AHPC,7/3/2025,295.0,295.0,285.4,287.39,-0.75,254210.0,323.3,245.8
AHPC,7/6/2025,290.0,290.0,283.0,283.74,-1.27,176135.0,323.3,245.8
AHPC,7/7/2025,286.5,286.5,278.1,283.33,-0.14,199205.0,323.3,245.8
AHPC,7/8/2025,288.9,288.9,280.5,283.65,0.11,140324.0,323.3,245.8
AHPC,7/9/2025,285.9,289.0,283.0,287.12,1.22,105560.0,323.3,245.8
AHPC,7/10/2025,288.9,291.7,283.0,284.04,-1.07,195285.0,323.3,245.8
AHPC,7/13/2025,289.7,295.0,284.4,284.86,0.29,268095.0,323.3,245.8
AHPC,7/14/2025,286.0,289.0,283.6,284.14,-0.25,176580.0,323.3,245.8
AHPC,7/15/2025,287.8,291.0,283.1,290.35,2.19,208326.0,323.3,245.8
AHPC,7/16/2025,292.0,295.2,291.0,291.69,0.46,243226.0,323.3,245.8
AHPC,7/17/2025,294.8,304.2,293.0,301.43,3.34,506239.0,323.3,245.8
AHPC,7/20/2025,307.4,308.0,297.0,299.22,-0.73,611340.0,323.3,245.8
AHPC,7/21/2025,299.9,303.0,291.1,299.45,0.08,269524.0,323.3,245.8
AHPC,7/22/2025,305.4,308.5,298.0,304.98,1.85,648691.0,323.3,245.8
AHPC,7/23/2025,311.0,319.0,304.5,313.82,2.9,1087956.0,323.3,245.8
AHPC,7/24/2025,315.0,324.0,315.0,323.5,3.08,869068.0,323.3,245.8
AHPC,7/27/2025,323.5,334.0,315.0,316.76,-2.08,1165687.0,323.3,245.8
AHPC,7/28/2025,317.0,320.8,311.0,319.36,0.82,650566.0,323.3,245.8
AHPC,7/29/2025,322.0,325.0,311.7,315.85,-1.1,459428.0,323.3,245.8
AHPC,7/30/2025,320.0,320.0,309.1,310.13,-1.81,464025.0,323.3,245.8
AHPC,7/31/2025,310.0,314.9,305.0,306.55,-1.15,424832.0,323.3,245.8
AHPC,8/3/2025,301.0,308.0,300.0,300.56,-1.95,379111.0,323.3,245.8
AHPC,8/4/2025,301.0,304.0,296.9,301.45,0.3,352890.0,323.3,245.8
AHPC,8/5/2025,303.0,303.9,293.0,293.79,-2.54,248579.0,323.3,245.8
AHPC,8/6/2025,297.0,298.8,293.0,294.36,0.19,167739.0,323.3,245.8
AHPC,8/7/2025,291.1,300.0,291.0,298.24,1.32,203202.0,323.3,245.8
AHPC,8/11/2025,292.3,308.0,292.3,296.97,-0.43,177196.0,323.3,245.8
AHPC,8/12/2025,292.1,297.0,291.1,292.86,-1.38,172923.0,323.3,245.8
AHPC,8/13/2025,290.0,297.2,290.0,294.51,0.56,158084.0,323.3,245.8
AHPC,8/14/2025,291.3,297.6,291.3,293.58,-0.32,127162.0,323.3,245.8
AHPC,8/17/2025,297.0,298.0,294.0,295.43,0.63,221516.0,323.3,245.8
AHPC,8/18/2025,290.3,300.0,290.3,296.48,0.36,243770.0,323.3,245.8
AHPC,8/19/2025,299.0,302.9,297.1,300.16,1.24,225388.0,323.3,245.8
AHPC,8/20/2025,300.0,302.9,295.1,296.1,-1.35,160027.0,323.3,245.8
AHPC,8/21/2025,296.2,297.9,293.1,294.89,-0.41,125166.0,323.3,245.8
AHPC,8/24/2025,289.0,299.7,289.0,290.89,-1.36,157154.0,323.3,245.8
AHPC,8/25/2025,291.0,293.0,286.6,290.77,-0.04,183885.0,323.3,245.8
AHPC,8/26/2025,293.0,294.0,289.2,290.16,-0.21,63473.0,323.3,245.8
AHPC,8/27/2025,291.0,299.2,290.3,298.47,2.86,145132.0,323.3,245.8
AHPC,8/28/2025,297.0,299.9,291.0,291.63,-2.29,172491.0,323.3,245.8
AHPC,8/31/2025,289.7,293.0,286.8,287.29,-1.49,131590.0,323.3,245.8
AHPC,9/1/2025,288.0,291.0,286.3,288.67,0.48,89450.0,323.3,245.8
AHPC,9/2/2025,289.9,292.0,285.1,285.78,-1.0,82961.0,323.3,245.8
AHPC,9/3/2025,285.3,289.0,284.1,284.9,-0.31,66436.0,323.3,245.8
AHPC,9/4/2025,284.0,288.0,280.5,283.38,-0.53,171709.0,323.3,245.8
AHPC,9/7/2025,285.0,288.0,283.0,286.47,1.09,108049.0,323.3,245.8
AHPC,9/8/2025,287.0,287.0,280.1,282.24,-1.48,112714.0,323.3,245.8
AHPC,9/18/2025,277.0,277.0,260.8,268.0,-5.05,45206.0,323.3,245.8
AHPC,9/21/2025,268.0,290.6,267.0,288.85,7.78,272691.0,323.3,245.8
AHPC,9/23/2025,290.0,295.0,286.4,291.9,1.06,191653.0,323.3,245.8
AHPC,9/24/2025,295.0,296.8,288.5,291.0,-0.31,121635.0,323.3,245.8
AHPC,9/25/2025,293.9,293.9,288.3,292.0,0.34,99815.0,323.3,245.8
AHPC,9/28/2025,294.0,295.7,291.2,295.6,1.23,112326.0,323.3,245.8
AHPC,10/7/2025,295.6,297.9,285.1,288.0,-2.57,163794.0,323.3,245.8
AHPC,10/8/2025,290.0,290.0,278.7,281.6,-2.22,241869.0,323.3,245.8
AHPC,10/9/2025,287.2,297.0,285.0,287.0,1.92,238019.0,323.3,245.8
AHPC,10/12/2025,281.3,285.0,276.2,276.4,-3.69,226547.0,323.3,245.8
AHPC,10/13/2025,279.0,284.0,274.0,281.0,1.66,200931.0,323.3,245.8
AHPC,10/14/2025,283.9,283.9,276.3,279.8,-0.43,65045.0,323.3,245.8
AHPC,10/15/2025,280.0,281.5,273.4,275.0,-1.72,113658.0,323.3,245.8
AHPC,10/16/2025,271.7,278.5,270.0,270.2,-1.75,115412.0,323.3,245.8
AHPC,10/19/2025,274.0,286.0,269.9,271.5,0.48,88132.0,323.3,245.8
AHPC,10/26/2025,269.0,273.0,268.0,271.0,-0.18,60504.0,323.3,245.8
AHPC,10/28/2025,274.0,283.0,274.0,280.6,3.54,94325.0,323.3,245.8
AHPC,10/29/2025,285.0,287.0,279.0,281.0,0.14,256816.0,323.3,245.8
AHPC,10/30/2025,281.1,288.0,280.0,286.9,2.1,216839.0,323.3,245.8
AHPC,11/2/2025,290.0,295.5,287.0,293.9,2.44,300058.0,323.3,245.8
AHPC,11/3/2025,290.0,295.0,287.0,289.8,-1.4,171557.0,323.3,245.8
AHPC,11/4/2025,285.3,291.4,283.3,286.5,-1.14,200812.0,323.3,245.8
AHPC,11/5/2025,286.0,287.0,283.2,286.9,0.14,82543.0,323.3,245.8
AHPC,11/6/2025,283.0,290.5,283.0,284.5,-0.84,83996.0,323.3,245.8
AHPC,11/9/2025,282.5,287.0,280.0,282.0,-0.88,109890.0,323.3,245.8
AHPC,11/10/2025,280.0,283.8,278.0,279.0,-1.06,94024.0,323.3,245.8
AHPC,11/11/2025,282.0,282.0,278.0,280.0,0.36,68507.0,323.3,245.8
AHPC,11/12/2025,280.0,282.5,277.2,277.5,-0.89,62592.0,323.3,245.8
AHPC,11/13/2025,278.0,282.0,277.0,278.0,0.18,69455.0,323.3,245.8
AHPC,11/16/2025,277.0,280.0,276.2,278.6,0.22,44579.0,323.3,245.8
AHPC,11/17/2025,275.0,281.0,275.0,278.4,-0.07,89428.0,323.3,245.8
AHPC,11/18/2025,281.7,283.0,279.3,281.0,0.93,52839.0,323.3,245.8
AHPC,11/19/2025,281.0,283.0,277.4,281.0,0.0,61261.0,323.3,245.8
AHPC,11/20/2025,286.5,286.5,275.0,276.4,-1.64,118171.0,323.3,245.8
AHPC,11/23/2025,275.5,283.0,275.5,281.9,1.99,68286.0,323.3,245.8
AHPC,11/24/2025,281.9,287.0,281.9,284.1,0.78,138711.0,323.3,245.8
AHPC,11/25/2025,280.5,287.9,280.5,285.0,0.32,91457.0,323.3,245.8
AHPC,11/26/2025,281.0,288.5,281.0,285.9,0.32,88195.0,323.3,245.8
AHPC,11/27/2025,286.0,287.0,284.0,285.0,-0.31,75785.0,323.3,245.8
AHPC,11/30/2025,285.0,287.7,282.1,283.5,-0.53,132840.0,323.3,245.8
AHPC,12/1/2025,282.0,286.7,281.1,284.0,0.18,82268.0,323.3,245.8
AHPC,12/2/2025,289.6,289.6,283.5,284.9,0.32,93441.0,323.3,245.8
AHPC,12/3/2025,290.5,290.5,281.4,281.5,-1.19,107813.0,323.3,245.8
AHPC,12/7/2025,280.2,286.4,280.1,281.0,-0.18,62480.0,323.3,245.8
AHPC,12/8/2025,280.3,282.5,279.6,279.6,-0.5,63987.0,323.3,245.8
AHPC,12/9/2025,280.0,282.0,278.5,279.0,-0.21,39433.0,323.3,245.8
AHPC,12/10/2025,279.0,282.0,278.2,278.6,-0.14,39724.0,323.3,245.8
AHPC,12/11/2025,277.0,281.9,276.3,278.5,-0.04,59136.0,323.3,245.8
AHPC,12/14/2025,276.5,279.9,276.4,277.5,-0.36,67190.0,323.3,245.8
AHPC,12/15/2025,277.0,279.8,275.6,278.0,0.18,76302.0,323.3,245.8
AHPC,12/16/2025,279.9,282.0,277.0,281.0,1.08,63161.0,323.3,245.8
AHPC,12/17/2025,280.5,284.0,280.1,281.5,0.18,59127.0,323.3,245.8
AHPC,12/18/2025,281.9,281.9,277.0,278.6,-1.03,70444.0,323.3,245.8
AHPC,12/21/2025,278.0,278.9,275.8,275.9,-0.97,55253.0,323.3,245.8
AHPC,12/22/2025,281.0,281.0,272.0,272.6,-1.2,76466.0,323.3,245.8
AHPC,12/23/2025,278.0,278.0,271.0,273.4,0.29,80001.0,323.3,245.8
AHPC,12/24/2025,272.0,274.0,269.0,272.3,-0.4,96682.0,323.3,245.8
AHPC,12/28/2025,277.6,278.8,270.1,278.0,2.09,93951.0,323.3,245.8
AHPC,12/29/2025,283.5,283.5,274.1,275.0,-1.08,93875.0,323.3,245.8
AHPC,12/31/2025,277.9,279.0,275.0,277.4,0.87,135284.0,323.3,245.8
AHPC,1/1/2026,278.0,278.0,273.6,273.9,-1.26,143554.0,323.3,245.8
AHPC,1/4/2026,265.0,265.0,256.0,259.0,-5.44,152539.0,323.3,245.8
AHPC,1/5/2026,260.9,261.6,258.0,260.5,0.58,63265.0,323.3,245.8
AHPC,1/6/2026,263.1,263.1,258.0,258.4,-0.81,143661.0,323.3,245.8
AHPC,1/7/2026,261.0,261.0,256.0,256.9,-0.58,84299.0,323.3,245.8
AHPC,1/8/2026,256.0,262.0,255.0,257.1,0.08,82839.0,323.3,245.8
AHPC,1/12/2026,259.8,259.8,254.0,254.0,-1.21,88049.0,323.3,245.8
AHPC,1/13/2026,250.1,257.0,250.1,257.0,1.18,107332.0,323.3,245.8
AHPC,1/14/2026,255.0,260.0,255.0,258.5,0.58,43036.0,323.3,245.8
AHPC,1/18/2026,261.0,266.1,258.1,264.0,2.13,125046.0,323.3,245.8
AHPC,1/20/2026,267.0,270.0,266.0,268.4,1.67,186761.0,323.3,245.8
AHPC,1/21/2026,269.0,270.9,265.4,266.7,-0.63,108567.0,323.3,245.8
AHPC,1/22/2026,265.0,268.0,262.0,267.0,0.11,90545.0,323.3,245.8
AHPC,1/25/2026,270.0,279.0,268.0,279.0,4.49,220235.0,323.3,245.8
AHPC,1/26/2026,273.5,282.0,273.0,273.6,-1.94,184642.0,323.3,245.8
AHPC,1/27/2026,275.0,280.0,265.6,269.0,-1.68,275716.0,323.3,245.8
AHPC,1/28/2026,265.6,270.0,263.7,268.5,-0.19,81947.0,323.3,245.8
AHPC,1/29/2026,270.0,278.9,269.5,272.0,1.3,312612.0,323.3,245.8
AHPC,2/1/2026,272.1,275.0,270.0,270.2,-0.66,84613.0,323.3,245.8
AHPC,2/2/2026,272.7,273.0,266.0,266.1,-1.52,83788.0,323.3,245.8
AHPC,2/3/2026,267.0,270.0,264.0,264.0,-0.79,90441.0,323.3,245.8
AHPC,2/4/2026,265.0,267.9,261.0,262.1,-0.72,83481.0,323.3,245.8
AHPC,2/5/2026,267.0,282.5,262.6,277.0,5.68,310697.0,323.3,245.8
AHPC,2/8/2026,280.0,290.0,275.0,275.4,-0.58,409323.0,323.3,245.8
AHPC,2/9/2026,279.9,284.0,271.1,280.0,1.67,284914.0,323.3,245.8
AHPC,2/10/2026,281.0,303.9,280.0,294.5,5.18,1530888.0,323.3,245.8
AHPC,2/11/2026,300.0,300.0,288.2,298.0,1.19,609216.0,323.3,245.8
AHPC,2/12/2026,292.1,301.0,291.0,293.9,-1.38,478502.0,323.3,245.8
AHPC,2/16/2026,293.9,296.0,280.0,280.1,-4.7,465743.0,323.3,245.8
AHPC,2/17/2026,283.9,285.7,274.3,275.9,-1.5,375967.0,323.3,245.8
AHPC,2/22/2026,276.0,276.0,270.0,271.9,-1.45,264237.0,323.3,245.8
AHPC,2/23/2026,268.2,274.0,268.0,269.3,-0.96,220668.0,323.3,245.8
AHPC,2/24/2026,270.0,272.3,269.0,272.0,1.0,130188.0,323.3,245.8
AHPC,2/25/2026,277.0,277.0,270.3,275.0,1.1,86213.0,323.3,245.8
AHPC,2/26/2026,271.0,283.8,271.0,280.0,1.82,244579.0,323.3,245.8
AHPC,2/27/2026,271.0,283.8,271.0,280.0,0.0,244579.0,323.3,245.8
AHPC,2/28/2026,271.0,283.8,271.0,280.0,0.0,244579.0,323.3,245.8
AHPC,3/2/2026,280.0,282.0,269.0,279.0,-0.36,191835.0,323.3,245.8
AHPC,3/3/2026,280.0,288.5,275.0,287.4,3.01,320466.0,323.3,245.8
AHPC,3/4/2026,280.0,288.5,275.0,287.4,0.0,320466.0,323.3,245.8
AHPC,3/5/2026,280.0,288.5,275.0,287.4,0.0,320466.0,323.3,245.8
AHPC,3/6/2026,280.0,288.5,275.0,287.4,0.0,320466.0,323.3,245.8
AHPC,3/7/2026,280.0,288.5,275.0,287.4,0.0,320466.0,323.3,245.8
AHPC,3/8/2026,280.0,288.5,275.0,287.4,0.0,320466.0,323.3,245.8
AHPC,3/9/2026,293.1,316.1,293.1,310.0,7.86,42929.0,323.3,245.8
AHPC,3/10/2026,315.0,315.0,290.3,303.0,-2.26,1020752.0,323.3,245.8
AHPC,3/11/2026,309.0,314.7,299.1,301.0,-0.66,724925.0,323.3,245.8
AHPC,3/12/2026,302.0,309.7,296.4,306.0,1.66,451036.0,323.3,245.8
AHPC,3/13/2026,302.0,309.7,296.4,306.0,0.0,451036.0,323.3,245.8
AHPC,3/14/2026,302.0,309.7,296.4,306.0,0.0,451036.0,323.3,245.8
AHPC,3/15/2026,310.0,312.1,305.1,308.0,0.65,595886.0,323.3,245.8
AHPC,3/16/2026,310.5,310.5,300.0,300.9,-2.31,299605.0,323.3,245.8
AHPC,3/17/2026,301.7,312.0,296.3,310.0,3.02,609368.0,323.3,245.8
AHPC,3/18/2026,301.7,312.0,296.3,310.0,0.0,609368.0,323.3,245.8
AHPC,3/19/2026,315.0,323.3,312.0,312.7,0.87,1029656.0,323.3,245.8
AHPC,3/20/2026,315.0,323.3,312.0,312.7,0.0,1029656.0,323.3,245.8
AHPC,3/21/2026,315.0,323.3,312.0,312.7,0.0,1029656.0,323.3,245.8
AHPC,3/22/2026,312.7,316.0,306.2,312.5,-0.06,831577.0,323.3,245.8
AHPC,3/23/2026,315.1,317.0,307.0,310.4,-0.67,327077.0,323.3,245.8
AHPC,3/24/2026,314.0,322.3,310.0,316.9,2.09,766375.0,323.3,245.8
AHPC,3/25/2026,316.5,318.8,309.1,310.0,-2.18,378520.0,323.3,245.8
AHPC,3/26/2026,316.2,316.2,307.0,314.0,-0.7,389922.0,323.3,245.8
AHPC,3/29/2026,315.0,315.0,303.0,304.1,-3.46,478250.0,323.3,245.8
AHPC,3/30/2026,304.0,307.8,294.0,296.0,-2.63,510443.0,323.3,245.8
AHPC,3/31/2026,298.2,299.9,289.0,298.0,-0.07,285543.0,323.3,245.8
AHPC,4/1/2026,298.0,298.0,284.0,285.0,-4.36,409553.0,323.3,245.8
AHPC,4/2/2026,285.0,292.0,280.0,285.1,0.04,422084.0,323.3,245.8
AHPC,4/5/2026,280.2,280.2,270.6,271.0,-3.28,464737.0,323.3,245.8
AHPC,4/6/2026,271.0,290.0,270.0,286.0,5.54,330227.0,323.3,245.8
AHPC,4/7/2026,291.7,292.0,284.3,285.0,-2.3,210616.0,323.3,245.8
AHPC,4/8/2026,288.0,291.0,286.5,289.9,0.66,239065.0,323.3,245.8
AHPC,4/9/2026,293.6,297.0,290.0,295.0,0.48,199310.0,323.3,245.8
AHPC,4/10/2026,297.5,297.5,288.3,290.0,-2.52,248446.0,323.3,245.8
AHPC,4/13/2026,295.8,295.8,288.0,290.3,-1.86,123539.0,323.3,245.8
AHPC,4/15/2026,294.5,301.9,293.0,300.4,2.0,368792.0,323.3,245.8
AHPC,4/16/2026,295.0,302.0,292.0,293.0,-0.68,213567.0,323.3,245.8
AHPC,4/17/2026,298.8,298.8,288.3,291.9,-2.31,144389.0,323.3,245.8
AHPC,4/20/2026,295.0,295.0,286.8,288.9,-2.07,109453.0,323.3,245.8
AHPC,4/21/2026,278.0,290.0,278.0,282.0,1.44,170347.0,323.3,245.8
AHPC,4/22/2026,280.0,286.5,277.0,284.8,1.71,197828.0,323.3,245.8
AHPC,4/23/2026,284.79,286.0,279.0,279.9,-1.72,148677.0,323.3,245.8
AHPC,4/24/2026,276.0,281.1,273.0,280.0,1.45,144437.0,323.3,245.8
AHPC,4/27/2026,280.0,285.0,280.0,283.0,1.07,88438.0,323.3,245.8
AHPC,4/28/2026,288.9,288.9,280.0,281.0,-2.73,85880.0,323.3,245.8
AHPC,4/29/2026,277.0,282.8,277.0,277.7,0.25,78511.0,323.3,245.8
AHPC,4/30/2026,275.2,280.0,271.0,277.0,0.65,130322.0,323.3,245.8
AHPC,5/4/2026,275.0,280.0,271.0,271.0,-1.45,115082.0,323.3,245.8
AHPC,5/5/2026,270.0,280.0,267.1,275.9,2.19,91101.0,323.3,245.8
AHPC,5/6/2026,278.5,279.0,274.0,274.1,-1.58,68251.0,323.3,245.8
AHPC,5/7/2026,260.4,278.1,260.4,274.9,5.57,94515.0,323.3,245.8
AHPC,5/8/2026,288.0,288.0,275.0,280.2,-2.71,56153.0,323.3,245.8
AHPC,5/11/2026,294.2,294.2,280.0,286.0,-2.79,80580.0,323.3,245.8
AHPC,5/12/2026,289.0,293.0,278.3,280.0,-3.11,95316.0,323.3,245.8
AHPC,5/13/2026,282.0,282.7,275.1,279.0,-1.06,37677.0,323.3,245.8
AHPC,5/14/2026,279.0,279.0,276.0,278.0,-0.36,46319.0,323.3,245.8
AHPC,5/15/2026,275.6,282.0,275.6,280.0,1.6,83806.0,323.3,245.8
AHPC,5/18/2026,280.0,281.9,277.0,278.8,-0.43,76380.0,323.3,245.8
AHPC,5/19/2026,278.5,278.6,276.2,278.0,-0.18,39838.0,323.3,245.8
AHPC,5/20/2026,279.9,283.0,276.8,282.0,0.75,143246.0,323.3,245.8
AHPC,5/21/2026,284.6,284.8,279.1,280.0,-1.62,56067.0,323.3,245.8
AHPC,5/22/2026,279.0,284.0,279.0,284.0,1.79,85453.0,323.3,245.8
AHPC,5/25/2026,275.0,289.0,275.0,287.8,4.65,106730.0,323.3,245.8
AHPC,5/26/2026,275.0,289.0,275.0,284.2,3.35,82531.0,323.3,245.8
AHPC,5/27/2026,284.5,289.8,283.3,287.5,1.05,120647.0,323.3,245.8
AHPC,6/1/2026,290.0,290.0,278.0,281.5,-2.93,113904.0,323.3,245.8
AHPC,6/2/2026,295.0,295.0,277.0,280.0,-5.08,92518.0,323.3,245.8
AHPC,6/3/2026,283.0,285.0,280.0,281.9,-0.39,61704.0,323.3,245.8
AHPC,6/4/2026,281.0,281.9,277.9,279.0,-0.71,50608.0,323.3,245.8
AHPC,6/5/2026,279.0,280.0,276.0,277.0,-0.72,92890.0,323.3,245.8
AHPC,6/8/2026,277.0,279.0,275.0,276.0,-0.36,89266.0,323.3,245.8
AHPC,6/9/2026,275.1,277.0,271.2,274.8,-0.11,124679.0,323.3,245.8
AHPC,6/10/2026,273.0,281.0,273.0,277.0,1.47,61990.0,323.3,245.8
AHPC,6/11/2026,289.0,289.0,273.0,276.0,-4.5,44738.0,323.3,245.8
AHPC,6/12/2026,289.8,289.8,273.4,280.0,-3.38,42429.0,323.3,245.8
AHPC,6/15/2026,294.0,294.0,274.0,276.0,-6.12,61256.0,323.3,245.8
AHPC,6/16/2026,275.0,275.9,272.1,274.5,-0.18,77199.0,323.3,245.8
AHPC,6/17/2026,273.1,278.5,268.7,274.8,0.62,114103.0,323.3,245.8
AHPC,6/18/2026,272.4,274.0,272.0,273.0,0.22,31535.0,323.3,245.8
AHPC,6/19/2026,273.0,275.0,271.2,272.5,-0.18,29888.0,323.3,245.8
AHPC,6/22/2026,275.0,278.0,271.3,271.5,-1.27,29501.0,323.3,245.8
AHPC,6/23/2026,271.0,272.9,268.0,268.1,-1.07,100879.0,323.3,245.8
AHPC,6/24/2026,279.9,279.9,260.2,266.9,-4.64,150040.0,323.3,245.8
AHPC,6/26/2026,265.1,267.0,264.0,264.3,-0.3,49651.0,323.3,245.8
AHPC,6/29/2026,265.0,265.0,260.1,262.2,-1.06,41458.0,323.3,245.8
AHPC,6/30/2026,260.1,264.0,260.0,261.0,0.35,74273.0,323.3,245.8
AHPC,7/1/2026,261.0,269.3,261.0,266.9,2.26,55140.0,323.3,245.8
AHPC,7/2/2026,269.0,271.0,262.1,264.0,-1.86,51227.0,323.3,245.8
AHPC,7/3/2026,266.0,267.0,263.0,264.0,-0.75,87859.0,323.3,245.8
AHPC,7/6/2026,261.0,266.7,261.0,261.3,0.11,58403.0,323.3,245.8
AHPC,7/7/2026,261.2,265.0,261.0,264.8,1.38,72802.0,323.3,245.8
AHPC,7/8/2026,265.0,265.0,260.6,260.6,-1.66,42066.0,323.3,245.8
AHPC,7/9/2026,261.0,262.0,260.0,260.1,-0.34,49995.0,323.3,245.8
AHPC,7/10/2026,263.0,264.0,260.2,261.5,-0.57,34581.0,323.3,245.8
AHPC,7/13/2026,261.5,261.5,259.2,261.0,-0.19,71919.0,323.3,245.8
AHPC,7/14/2026,257.1,264.5,257.0,262.4,2.06,65032.0,323.3,245.8
AHPC,7/15/2026,264.8,265.0,262.0,264.3,-0.19,57964.0,323.3,245.8
AHPC,7/16/2026,265.3,265.3,261.1,262.1,-1.21,37523.0,323.3,245.8
AHPC,7/17/2026,266.9,274.9,265.3,272.0,1.91,77148.0,323.3,245.8
AHPC,7/20/2026,275.0,280.0,270.0,279.1,1.49,148502.0,323.3,245.8
AHPC,7/21/2026,280.0,283.0,275.1,278.0,-0.71,112300.0,323.3,245.8
AHPC,7/22/2026,278.0,278.0,274.0,275.0,-1.08,53003.0,323.3,245.8
AHPC,7/23/2026,274.9,277.0,270.2,277.0,0.76,59319.0,323.3,245.8
AHPC,7/24/2026,279.0,279.8,274.0,275.0,-1.43,46828.0,323.3,245.8
AHPC,7/27/2026,274.9,276.4,271.3,271.3,-1.31,36752.0,323.3,245.8
AHPC,7/28/2026,271.5,272.8,268.0,270.0,-0.55,96286.0,323.3,245.8
AHPC,7/29/2026,270.0,270.0,267.6,268.3,-0.63,34746.0,323.3,245.8
AHPC,7/30/2026,267.6,270.0,266.2,267.0,-0.22,26286.0,323.3,245.8
AHPC,7/31/2026,265.0,269.8,265.0,269.0,1.51,117686.0,323.3,245.8
AHPC,8/3/2026,270.0,273.0,268.0,271.0,0.37,44826.0,323.3,245.8
AHPC,8/4/2026,273.0,273.0,267.7,267.7,-1.94,37668.0,323.3,245.8
AHPC,8/5/2026,267.7,269.0,265.0,267.9,0.07,45466.0,323.3,245.8
AHPC,8/6/2026,270.0,270.0,267.3,268.0,-0.74,28461.0,323.3,245.8
AHPC,8/7/2026,268.8,268.9,265.0,265.9,-1.08,37465.0,323.3,245.8
AHPC,8/10/2026,265.5,269.6,263.2,265.0,-0.19,30498.0,323.3,245.8
AHPC,8/11/2026,265.0,267.5,263.5,264.2,-0.3,59333.0,323.3,245.8
AHPC,8/12/2026,267.0,267.0,263.2,264.0,-1.12,62813.0,323.3,245.8
AHPC,8/13/2026,265.0,271.0,264.3,265.9,0.34,77596.0,323.3,245.8
AHPC,8/14/2026,270.8,270.8,264.0,264.9,-2.18,74965.0,323.3,245.8
AHPC,8/17/2026,266.0,266.0,263.2,263.4,-0.98,47294.0,323.3,245.8
AHPC,8/18/2026,263.6,264.0,260.0,260.0,-1.37,115810.0,323.3,245.8
AHPC,8/19/2026,258.2,263.0,257.7,260.0,0.7,58501.0,323.3,245.8
AHPC,8/20/2026,259.0,261.4,257.1,260.5,0.58,83023.0,323.3,245.8
AHPC,8/21/2026,264.0,264.7,260.0,260.9,-1.17,81447.0,323.3,245.8
AHPC,8/24/2026,260.0,261.9,259.0,259.7,-0.12,43548.0,323.3,245.8
AHPC,8/25/2026,260.0,260.0,257.1,257.5,-0.96,66248.0,323.3,245.8
AHPC,8/26/2026,257.0,258.0,249.5,251.5,-2.14,179592.0,323.3,245.8
AHPC,8/27/2026,250.0,255.0,246.5,252.7,1.08,76204.0,323.3,245.8
AHPC,8/31/2026,251.0,251.2,247.3,247.5,-1.39,57393.0,323.3,245.8
AHPC,9/1/2026,247.6,251.7,246.5,247.5,-0.04,93971.0,323.3,245.8
AHPC,9/2/2026,250.0,250.5,245.8,248.5,-0.6,39183.0,323.3,245.8
AHPC,9/3/2026,249.9,249.9,248.0,248.2,-0.68,38059.0,323.3,245.8
AHPC,9/7/2026,248.2,254.9,248.2,253.3,2.05,44610.0,323.3,245.8
AHPC,9/9/2026,253.3,255.8,252.5,254.9,0.63,51132.0,323.3,245.8
AHPC,9/10/2026,254.9,256.0,252.3,253.5,-0.55,50940.0,323.3,245.8
AHPC,9/11/2026,257.0,261.8,252.7,261.0,1.56,101409.0,323.3,245.8
AHPC,9/14/2026,261.0,268.0,261.0,266.0,1.92,82055.0,323.3,245.8
AHPC,9/15/2026,279.0,279.0,268.1,273.0,-2.15,193414.0,323.3,245.8
AHPC,9/16/2026,273.9,275.0,266.0,266.8,-2.59,82227.0,323.3,245.8
AHPC,9/17/2026,267.0,272.9,264.7,268.0,0.37,126354.0,323.3,245.8
AHPC,9/18/2026,268.0,271.5,265.0,269.5,0.56,76823.0,323.3,245.8
AHPC,9/22/2026,275.0,275.0,269.0,270.6,-1.6,100592.0,323.3,245.8
AHPC,9/23/2026,270.0,270.6,266.0,266.2,-1.41,70853.0,323.3,245.8
AHPC,9/24/2026,267.0,267.0,264.0,266.9,-0.04,60584.0,323.3,245.8
AHPC,9/28/2026,268.0,271.5,266.9,269.0,0.37,178017.0,323.3,245.8
AHPC,9/29/2026,262.0,264.9,253.1,253.5,-3.24,110089.0,323.3,245.8
AHPC,9/30/2026,253.4,256.0,252.3,253.9,0.2,84337.0,323.3,245.8
AHPC,10/1/2026,252.3,256.0,252.1,255.0,1.07,77386.0,323.3,245.8
AHPC,10/2/2026,255.0,258.6,254.0,254.2,-0.31,33598.0,323.3,245.8
AKJCL,12/25/2018,102.0,102.0,98.0,101.0,,590.0,461.4,179.0
AKJCL,12/26/2018,100.0,102.0,100.0,101.0,0.0,390.0,461.4,179.0
AKJCL,12/27/2018,100.0,102.0,99.0,99.0,-1.98,840.0,461.4,179.0
AKJCL,12/30/2018,100.0,100.0,98.0,99.0,0.0,420.0,461.4,179.0
AKJCL,12/31/2018,99.0,100.0,98.0,99.0,0.0,1270.0,461.4,179.0
AKJCL,1/1/2019,98.0,98.0,96.0,97.0,-2.02,1030.0,461.4,179.0
AKJCL,1/2/2019,96.0,96.0,95.0,96.0,-1.03,570.0,461.4,179.0
AKJCL,1/3/2019,95.0,96.0,93.0,93.0,-3.12,760.0,461.4,179.0
AKJCL,1/6/2019,94.0,95.0,92.0,95.0,2.15,2540.0,461.4,179.0
AKJCL,1/7/2019,94.0,94.0,90.0,91.0,-4.21,1770.0,461.4,179.0
AKJCL,1/8/2019,90.0,95.0,89.0,95.0,4.4,1560.0,461.4,179.0
AKJCL,1/9/2019,94.0,95.0,92.0,94.0,-1.05,1186.0,461.4,179.0
AKJCL,1/10/2019,95.0,95.0,92.0,94.0,0.0,1480.0,461.4,179.0
AKJCL,1/13/2019,93.0,93.0,88.0,90.0,-4.26,1170.0,461.4,179.0
AKJCL,1/14/2019,90.0,91.0,89.0,89.0,-1.11,1280.0,461.4,179.0
AKJCL,1/15/2019,89.0,92.0,89.0,92.0,3.37,2000.0,461.4,179.0
AKJCL,1/16/2019,91.0,91.0,90.0,91.0,-1.09,470.0,461.4,179.0
AKJCL,1/17/2019,90.0,91.0,89.0,89.0,-2.2,1120.0,461.4,179.0
AKJCL,1/20/2019,89.0,89.0,86.0,87.0,-2.25,120.0,461.4,179.0
AKJCL,1/21/2019,86.0,87.0,79.0,81.0,-6.9,1570.0,461.4,179.0
AKJCL,1/22/2019,80.0,82.0,79.0,80.0,-1.23,1080.0,461.4,179.0
AKJCL,1/23/2019,80.0,86.0,80.0,86.0,7.5,620.0,461.4,179.0
AKJCL,1/24/2019,85.0,86.0,83.0,86.0,0.0,911.0,461.4,179.0
AKJCL,1/27/2019,86.0,88.0,84.0,86.0,0.0,1230.0,461.4,179.0
AKJCL,1/28/2019,85.0,86.0,83.0,84.0,-2.33,500.0,461.4,179.0
AKJCL,1/29/2019,83.0,85.0,82.0,84.0,0.0,999.0,461.4,179.0
AKJCL,1/30/2019,83.0,86.0,83.0,84.0,0.0,1130.0,461.4,179.0
AKJCL,1/31/2019,84.0,86.0,84.0,85.0,1.19,1080.0,461.4,179.0
AKJCL,2/3/2019,84.0,85.0,83.0,85.0,0.0,779.0,461.4,179.0
AKJCL,2/4/2019,84.0,84.0,78.0,81.0,-4.71,610.0,461.4,179.0
AKJCL,2/5/2019,80.0,85.0,80.0,85.0,4.94,400.0,461.4,179.0
AKJCL,2/6/2019,85.0,85.0,84.0,84.0,-1.18,780.0,461.4,179.0
AKJCL,2/7/2019,84.0,85.0,81.0,83.0,-1.19,1050.0,461.4,179.0
AKJCL,2/10/2019,84.0,85.0,81.0,82.0,-1.2,990.0,461.4,179.0
AKJCL,2/11/2019,81.0,83.0,80.0,81.0,-1.22,670.0,461.4,179.0
AKJCL,2/12/2019,81.0,84.0,81.0,84.0,3.7,510.0,461.4,179.0
AKJCL,2/13/2019,83.0,83.0,80.0,82.0,-2.38,770.0,461.4,179.0
AKJCL,2/14/2019,82.0,85.0,81.0,81.0,-1.22,710.0,461.4,179.0
AKJCL,2/17/2019,80.0,83.0,79.0,82.0,1.23,660.0,461.4,179.0
AKJCL,2/18/2019,83.0,83.0,81.0,81.0,-1.22,535.0,461.4,179.0
AKJCL,2/19/2019,80.0,80.0,79.0,79.0,-2.47,230.0,461.4,179.0
AKJCL,2/20/2019,79.0,80.0,78.0,79.0,0.0,590.0,461.4,179.0
AKJCL,2/21/2019,78.0,81.0,78.0,78.0,-1.27,1830.0,461.4,179.0
AKJCL,2/24/2019,78.0,79.0,77.0,77.0,-1.28,1320.0,461.4,179.0
AKJCL,2/25/2019,76.0,82.0,75.0,82.0,6.49,310.0,461.4,179.0
AKJCL,2/26/2019,83.0,85.0,81.0,82.0,0.0,625.0,461.4,179.0
AKJCL,2/27/2019,83.0,85.0,81.0,85.0,3.66,2860.0,461.4,179.0
AKJCL,3/3/2019,84.0,84.0,80.0,80.0,-5.88,510.0,461.4,179.0
AKJCL,3/5/2019,79.0,81.0,78.0,80.0,0.0,230.0,461.4,179.0
AKJCL,3/6/2019,80.0,81.0,80.0,80.0,0.0,200.0,461.4,179.0
AKJCL,3/7/2019,80.0,82.0,77.0,80.0,0.0,340.0,461.4,179.0
AKJCL,3/10/2019,79.0,81.0,78.0,81.0,1.25,730.0,461.4,179.0
AKJCL,3/11/2019,82.0,82.0,79.0,81.0,0.0,320.0,461.4,179.0
AKJCL,3/12/2019,81.0,82.0,79.0,80.0,-1.23,550.0,461.4,179.0
AKJCL,3/13/2019,79.0,83.0,79.0,82.0,2.5,1105.0,461.4,179.0
AKJCL,3/14/2019,83.0,86.0,82.0,85.0,3.66,820.0,461.4,179.0
AKJCL,3/17/2019,86.0,89.0,84.0,84.0,-1.18,1400.0,461.4,179.0
AKJCL,3/18/2019,83.0,83.0,81.0,83.0,-1.19,390.0,461.4,179.0
AKJCL,3/19/2019,82.0,83.0,82.0,82.0,-1.2,120.0,461.4,179.0
AKJCL,3/21/2019,81.0,83.0,81.0,82.0,0.0,270.0,461.4,179.0
AKJCL,3/24/2019,82.0,82.0,79.0,79.0,-3.66,880.0,461.4,179.0
AKJCL,3/25/2019,78.0,80.0,77.0,79.0,0.0,610.0,461.4,179.0
AKJCL,3/26/2019,78.0,81.0,78.0,80.0,1.27,590.0,461.4,179.0
AKJCL,3/27/2019,81.0,82.0,80.0,81.0,1.25,1820.0,461.4,179.0
AKJCL,3/28/2019,80.0,82.0,79.0,81.0,0.0,1330.0,461.4,179.0
AKJCL,3/31/2019,80.0,81.0,80.0,80.0,-1.23,1080.0,461.4,179.0
AKJCL,4/1/2019,80.0,82.0,80.0,80.0,0.0,1390.0,461.4,179.0
AKJCL,4/2/2019,81.0,81.0,79.0,81.0,1.25,1140.0,461.4,179.0
AKJCL,4/3/2019,82.0,82.0,78.0,80.0,-1.23,770.0,461.4,179.0
AKJCL,4/4/2019,80.0,82.0,79.0,79.0,-1.25,800.0,461.4,179.0
AKJCL,4/7/2019,78.0,81.0,78.0,79.0,0.0,1130.0,461.4,179.0
AKJCL,4/8/2019,78.0,80.0,77.0,78.0,-1.27,3860.0,461.4,179.0
AKJCL,4/9/2019,77.0,85.0,77.0,81.0,3.85,2105.0,461.4,179.0
AKJCL,4/10/2019,80.0,81.0,79.0,80.0,-1.23,580.0,461.4,179.0
AKJCL,4/11/2019,81.0,81.0,78.0,79.0,-1.25,960.0,461.4,179.0
AKJCL,4/15/2019,78.0,81.0,78.0,79.0,0.0,850.0,461.4,179.0
AKJCL,4/16/2019,78.0,81.0,78.0,80.0,1.27,360.0,461.4,179.0
AKJCL,4/17/2019,79.0,81.0,79.0,81.0,1.25,400.0,461.4,179.0
AKJCL,4/18/2019,80.0,82.0,78.0,82.0,1.23,370.0,461.4,179.0
AKJCL,4/21/2019,82.0,82.0,82.0,82.0,0.0,50.0,461.4,179.0
AKJCL,4/22/2019,81.0,83.0,80.0,80.0,-2.44,200.0,461.4,179.0
AKJCL,4/23/2019,79.0,80.0,78.0,80.0,0.0,710.0,461.4,179.0
AKJCL,4/24/2019,79.0,80.0,78.0,78.0,-2.5,700.0,461.4,179.0
AKJCL,4/25/2019,78.0,79.0,77.0,78.0,0.0,945.0,461.4,179.0
AKJCL,4/28/2019,77.0,81.0,76.0,81.0,3.85,790.0,461.4,179.0
AKJCL,4/29/2019,80.0,80.0,78.0,80.0,-1.23,240.0,461.4,179.0
AKJCL,4/30/2019,79.0,82.0,78.0,80.0,0.0,290.0,461.4,179.0
AKJCL,5/2/2019,79.0,82.0,78.0,81.0,1.25,370.0,461.4,179.0
AKJCL,5/5/2019,80.0,80.0,78.0,78.0,-3.7,341.0,461.4,179.0
AKJCL,5/6/2019,77.0,79.0,77.0,79.0,1.28,320.0,461.4,179.0
AKJCL,5/7/2019,78.0,80.0,77.0,78.0,-1.27,550.0,461.4,179.0
AKJCL,5/8/2019,78.0,80.0,77.0,77.0,-1.28,1370.0,461.4,179.0
AKJCL,5/9/2019,77.0,79.0,76.0,79.0,2.6,281.0,461.4,179.0
AKJCL,5/12/2019,79.0,80.0,78.0,78.0,-1.27,1320.0,461.4,179.0
AKJCL,5/13/2019,77.0,78.0,77.0,77.0,-1.28,460.0,461.4,179.0
AKJCL,5/14/2019,76.0,78.0,76.0,78.0,1.3,469.0,461.4,179.0
AKJCL,5/15/2019,79.0,80.0,79.0,79.0,1.28,839.0,461.4,179.0
AKJCL,5/16/2019,80.0,80.0,77.0,77.0,-2.53,830.0,461.4,179.0
AKJCL,5/19/2019,75.0,78.0,75.0,75.0,-2.6,1860.0,461.4,179.0
AKJCL,5/20/2019,75.0,76.0,74.0,75.0,0.0,1490.0,461.4,179.0
AKJCL,5/21/2019,75.0,79.0,74.0,79.0,5.33,3660.0,461.4,179.0
AKJCL,5/22/2019,79.0,86.0,78.0,82.0,3.8,2170.0,461.4,179.0
AKJCL,5/23/2019,81.0,83.0,81.0,82.0,0.0,1020.0,461.4,179.0
AKJCL,5/26/2019,83.0,83.0,81.0,81.0,-1.22,170.0,461.4,179.0
AKJCL,5/27/2019,82.0,82.0,77.0,77.0,-4.94,300.0,461.4,179.0
AKJCL,5/28/2019,76.0,77.0,75.0,75.0,-2.6,1023.0,461.4,179.0
AKJCL,5/29/2019,76.0,77.0,76.0,76.0,1.33,300.0,461.4,179.0
AKJCL,5/30/2019,75.0,78.0,75.0,77.0,1.32,470.0,461.4,179.0
AKJCL,6/2/2019,77.0,78.0,76.0,77.0,0.0,1041.0,461.4,179.0
AKJCL,6/3/2019,76.0,77.0,76.0,77.0,0.0,340.0,461.4,179.0
AKJCL,6/4/2019,76.0,76.0,75.0,75.0,-2.6,450.0,461.4,179.0
AKJCL,6/6/2019,74.0,75.0,73.0,73.0,-2.67,450.0,461.4,179.0
AKJCL,6/10/2019,72.0,74.0,71.0,74.0,1.37,500.0,461.4,179.0
AKJCL,6/11/2019,75.0,75.0,72.0,75.0,1.35,820.0,461.4,179.0
AKJCL,6/12/2019,74.0,77.0,74.0,76.0,1.33,500.0,461.4,179.0
AKJCL,6/13/2019,75.0,80.0,73.0,80.0,5.26,350.0,461.4,179.0
AKJCL,6/16/2019,79.0,79.0,75.0,75.0,-6.25,350.0,461.4,179.0
AKJCL,6/17/2019,74.0,75.0,74.0,74.0,-1.33,630.0,461.4,179.0
AKJCL,6/18/2019,75.0,76.0,74.0,75.0,1.35,460.0,461.4,179.0
AKJCL,6/19/2019,74.0,75.0,73.0,74.0,-1.33,190.0,461.4,179.0
AKJCL,6/20/2019,73.0,74.0,72.0,73.0,-1.35,160.0,461.4,179.0
AKJCL,6/23/2019,72.0,73.0,72.0,72.0,-1.37,400.0,461.4,179.0
AKJCL,6/24/2019,71.0,73.0,71.0,72.0,0.0,390.0,461.4,179.0
AKJCL,6/25/2019,71.0,73.0,71.0,73.0,1.39,160.0,461.4,179.0
AKJCL,6/26/2019,72.0,75.0,72.0,75.0,2.74,360.0,461.4,179.0
AKJCL,6/27/2019,76.0,76.0,72.0,72.0,-4.0,478.0,461.4,179.0
AKJCL,6/30/2019,70.0,75.0,70.0,73.0,1.39,1120.0,461.4,179.0
AKJCL,7/1/2019,72.0,74.0,72.0,72.0,-1.37,310.0,461.4,179.0
AKJCL,7/2/2019,71.0,73.0,71.0,72.0,0.0,620.0,461.4,179.0
AKJCL,7/3/2019,71.0,72.0,69.0,72.0,0.0,1180.0,461.4,179.0
AKJCL,7/4/2019,72.0,72.0,70.0,70.0,-2.78,140.0,461.4,179.0
AKJCL,7/7/2019,69.0,72.0,69.0,71.0,1.43,190.0,461.4,179.0
AKJCL,7/8/2019,72.0,76.0,72.0,76.0,7.04,90.0,461.4,179.0
AKJCL,7/9/2019,75.0,75.0,73.0,74.0,-2.63,180.0,461.4,179.0
AKJCL,7/10/2019,74.0,75.0,69.0,70.0,-5.41,2020.0,461.4,179.0
AKJCL,7/11/2019,69.0,70.0,69.0,70.0,0.0,670.0,461.4,179.0
AKJCL,7/14/2019,69.0,71.0,68.0,71.0,1.43,340.0,461.4,179.0
AKJCL,7/15/2019,70.0,72.0,69.0,72.0,1.41,610.0,461.4,179.0
AKJCL,7/16/2019,71.0,72.0,67.0,69.0,-4.17,350.0,461.4,179.0
AKJCL,7/17/2019,70.0,71.0,69.0,70.0,1.45,140.0,461.4,179.0
AKJCL,7/18/2019,69.0,71.0,69.0,71.0,1.43,180.0,461.4,179.0
AKJCL,7/21/2019,70.0,72.0,70.0,72.0,1.41,370.0,461.4,179.0
AKJCL,7/22/2019,71.0,73.0,71.0,72.0,0.0,840.0,461.4,179.0
AKJCL,7/23/2019,71.0,73.0,71.0,72.0,0.0,260.0,461.4,179.0
AKJCL,7/24/2019,72.0,73.0,71.0,72.0,0.0,2119.0,461.4,179.0
AKJCL,7/25/2019,71.0,71.0,69.0,71.0,-1.39,550.0,461.4,179.0
AKJCL,7/28/2019,70.0,70.0,68.0,68.0,-4.23,290.0,461.4,179.0
AKJCL,7/29/2019,68.0,71.0,68.0,70.0,2.94,280.0,461.4,179.0
AKJCL,7/30/2019,69.0,74.0,68.0,72.0,2.86,1330.0,461.4,179.0
AKJCL,7/31/2019,71.0,71.0,69.0,71.0,-1.39,730.0,461.4,179.0
AKJCL,8/1/2019,71.0,71.0,70.0,70.0,-1.41,200.0,461.4,179.0
AKJCL,8/4/2019,71.0,71.0,67.0,70.0,0.0,340.0,461.4,179.0
AKJCL,8/5/2019,69.0,69.0,68.0,68.0,-2.86,890.0,461.4,179.0
AKJCL,8/6/2019,67.0,68.0,67.0,68.0,0.0,430.0,461.4,179.0
AKJCL,8/7/2019,67.0,69.0,66.0,68.0,0.0,380.0,461.4,179.0
AKJCL,8/8/2019,68.0,68.0,68.0,68.0,0.0,500.0,461.4,179.0
AKJCL,8/11/2019,67.0,69.0,67.0,67.0,-1.47,1350.0,461.4,179.0
AKJCL,8/12/2019,67.0,69.0,67.0,67.0,0.0,510.0,461.4,179.0
AKJCL,8/13/2019,67.0,67.0,66.0,67.0,0.0,530.0,461.4,179.0
AKJCL,8/14/2019,67.0,69.0,66.0,68.0,1.49,210.0,461.4,179.0
AKJCL,8/15/2019,67.0,68.0,66.0,66.0,-2.94,910.0,461.4,179.0
AKJCL,8/18/2019,65.0,67.0,65.0,66.0,0.0,550.0,461.4,179.0
AKJCL,8/19/2019,65.0,66.0,65.0,66.0,0.0,490.0,461.4,179.0
AKJCL,8/20/2019,66.0,66.0,65.0,66.0,0.0,210.0,461.4,179.0
AKJCL,8/21/2019,67.0,67.0,65.0,66.0,0.0,660.0,461.4,179.0
AKJCL,8/22/2019,66.0,68.0,64.0,67.0,1.52,940.0,461.4,179.0
AKJCL,8/25/2019,67.0,67.0,63.0,67.0,0.0,800.0,461.4,179.0
AKJCL,8/26/2019,66.0,66.0,63.0,63.0,-5.97,220.0,461.4,179.0
AKJCL,8/27/2019,63.0,64.0,63.0,64.0,1.59,360.0,461.4,179.0
AKJCL,8/28/2019,63.0,64.0,62.0,62.0,-3.12,960.0,461.4,179.0
AKJCL,8/29/2019,62.0,63.0,62.0,62.0,0.0,200.0,461.4,179.0
AKJCL,9/1/2019,62.0,62.0,61.0,61.0,-1.61,925.0,461.4,179.0
AKJCL,9/2/2019,62.0,62.0,60.0,60.0,-1.64,380.0,461.4,179.0
AKJCL,9/3/2019,60.0,60.0,59.0,59.0,-1.67,350.0,461.4,179.0
AKJCL,9/4/2019,58.0,62.0,58.0,61.0,3.39,630.0,461.4,179.0
AKJCL,9/5/2019,60.0,62.0,60.0,60.0,-1.64,1370.0,461.4,179.0
AKJCL,9/8/2019,59.0,59.0,56.0,57.0,-5.0,660.0,461.4,179.0
AKJCL,9/9/2019,57.0,58.0,56.0,58.0,1.75,120.0,461.4,179.0
AKJCL,9/10/2019,57.0,60.0,57.0,59.0,1.72,421.0,461.4,179.0
AKJCL,9/11/2019,59.0,59.0,57.0,58.0,-1.69,120.0,461.4,179.0
AKJCL,9/12/2019,57.0,60.0,57.0,58.0,0.0,290.0,461.4,179.0
AKJCL,9/15/2019,57.0,57.0,53.0,56.0,-3.45,220.0,461.4,179.0
AKJCL,9/16/2019,55.0,56.0,53.0,56.0,0.0,380.0,461.4,179.0
AKJCL,9/17/2019,56.0,56.0,53.0,53.0,-5.36,210.0,461.4,179.0
AKJCL,9/18/2019,52.0,57.0,52.0,56.0,5.66,825.0,461.4,179.0
AKJCL,9/19/2019,55.0,57.0,54.0,56.0,0.0,210.0,461.4,179.0
AKJCL,9/22/2019,59.0,59.0,58.0,58.0,3.57,384.0,461.4,179.0
AKJCL,9/23/2019,57.0,57.0,55.0,56.0,-3.45,195.0,461.4,179.0
AKJCL,9/24/2019,55.0,55.0,52.0,55.0,-1.79,360.0,461.4,179.0
AKJCL,9/25/2019,55.0,57.0,55.0,55.0,0.0,660.0,461.4,179.0
AKJCL,9/26/2019,55.0,55.0,52.0,53.0,-3.64,550.0,461.4,179.0
AKJCL,9/29/2019,52.0,55.0,52.0,55.0,3.77,180.0,461.4,179.0
AKJCL,9/30/2019,55.0,55.0,53.0,53.0,-3.64,640.0,461.4,179.0
AKJCL,10/1/2019,54.0,54.0,53.0,53.0,0.0,140.0,461.4,179.0
AKJCL,10/2/2019,54.0,56.0,54.0,56.0,5.66,110.0,461.4,179.0
AKJCL,10/3/2019,55.0,55.0,55.0,55.0,-1.79,10.0,461.4,179.0
AKJCL,10/10/2019,54.0,54.0,54.0,54.0,-1.82,50.0,461.4,179.0
AKJCL,10/14/2019,55.0,56.0,54.0,56.0,3.7,325.0,461.4,179.0
AKJCL,10/15/2019,55.0,55.0,55.0,55.0,-1.79,640.0,461.4,179.0
AKJCL,10/20/2019,55.0,55.0,54.0,54.0,-1.82,270.0,461.4,179.0
AKJCL,10/21/2019,54.0,55.0,53.0,54.0,0.0,330.0,461.4,179.0
AKJCL,10/22/2019,53.0,54.0,53.0,54.0,0.0,220.0,461.4,179.0
AKJCL,10/23/2019,55.0,55.0,53.0,53.0,-1.85,1550.0,461.4,179.0
AKJCL,10/24/2019,52.0,53.0,52.0,53.0,0.0,961.0,461.4,179.0
AKJCL,10/31/2019,54.0,57.0,54.0,57.0,7.55,240.0,461.4,179.0
AKJCL,11/3/2019,56.0,56.0,52.0,54.0,-5.26,1033.0,461.4,179.0
AKJCL,11/4/2019,54.0,55.0,53.0,55.0,1.85,140.0,461.4,179.0
AKJCL,11/5/2019,54.0,54.0,53.0,53.0,-3.64,300.0,461.4,179.0
AKJCL,11/6/2019,53.0,54.0,52.0,54.0,1.89,90.0,461.4,179.0
AKJCL,11/7/2019,53.0,53.0,53.0,53.0,-1.85,120.0,461.4,179.0
AKJCL,11/10/2019,52.0,53.0,52.0,53.0,0.0,230.0,461.4,179.0
AKJCL,11/11/2019,52.0,58.0,52.0,58.0,9.43,1930.0,461.4,179.0
AKJCL,11/12/2019,59.0,61.0,56.0,58.0,0.0,1120.0,461.4,179.0
AKJCL,11/13/2019,57.0,59.0,57.0,57.0,-1.72,535.0,461.4,179.0
AKJCL,11/14/2019,57.0,57.0,54.0,54.0,-5.26,70.0,461.4,179.0
AKJCL,11/17/2019,56.0,58.0,55.0,57.0,5.56,420.0,461.4,179.0
AKJCL,11/18/2019,57.0,59.0,56.0,56.0,-1.75,260.0,461.4,179.0
AKJCL,11/19/2019,57.0,57.0,54.0,54.0,-3.57,300.0,461.4,179.0
AKJCL,11/20/2019,55.0,55.0,55.0,55.0,1.85,180.0,461.4,179.0
AKJCL,11/21/2019,56.0,58.0,55.0,58.0,5.45,810.0,461.4,179.0
AKJCL,11/24/2019,59.0,61.0,53.0,59.0,1.72,870.0,461.4,179.0
AKJCL,11/25/2019,62.0,62.0,55.0,62.0,5.08,830.0,461.4,179.0
AKJCL,11/26/2019,55.0,56.0,54.0,56.0,-9.68,580.0,461.4,179.0
AKJCL,11/27/2019,57.0,60.0,57.0,59.0,5.36,160.0,461.4,179.0
AKJCL,11/28/2019,60.0,61.0,58.0,58.0,-1.69,800.0,461.4,179.0
AKJCL,12/1/2019,59.0,59.0,57.0,58.0,0.0,360.0,461.4,179.0
AKJCL,12/2/2019,57.0,57.0,54.0,55.0,-5.17,130.0,461.4,179.0
AKJCL,12/3/2019,54.0,56.0,54.0,56.0,1.82,640.0,461.4,179.0
AKJCL,12/4/2019,55.0,56.0,54.0,56.0,0.0,1380.0,461.4,179.0
AKJCL,12/5/2019,57.0,59.0,57.0,57.0,1.79,250.0,461.4,179.0
AKJCL,12/8/2019,56.0,56.0,55.0,55.0,-3.51,100.0,461.4,179.0
AKJCL,12/9/2019,56.0,57.0,55.0,57.0,3.64,200.0,461.4,179.0
AKJCL,12/10/2019,58.0,58.0,55.0,55.0,-3.51,140.0,461.4,179.0
AKJCL,12/11/2019,54.0,56.0,54.0,55.0,0.0,80.0,461.4,179.0
AKJCL,12/12/2019,55.0,60.0,54.0,59.0,7.27,370.0,461.4,179.0
AKJCL,12/15/2019,60.0,62.0,60.0,62.0,5.08,40.0,461.4,179.0
AKJCL,12/17/2019,61.0,61.0,59.0,59.0,-4.84,615.0,461.4,179.0
AKJCL,12/18/2019,59.0,61.0,57.0,57.0,-3.39,420.0,461.4,179.0
AKJCL,12/19/2019,58.0,58.0,57.0,57.0,0.0,280.0,461.4,179.0
AKJCL,12/22/2019,57.0,57.0,57.0,57.0,0.0,160.0,461.4,179.0
AKJCL,12/23/2019,56.0,57.0,55.0,57.0,0.0,330.0,461.4,179.0
AKJCL,12/24/2019,58.0,59.0,53.0,53.0,-7.02,850.0,461.4,179.0
AKJCL,12/25/2019,53.0,54.0,53.0,54.0,1.89,120.0,461.4,179.0
AKJCL,12/26/2019,54.0,55.0,54.0,55.0,1.85,150.0,461.4,179.0
AKJCL,12/29/2019,54.0,58.0,54.0,57.0,3.64,1010.0,461.4,179.0
AKJCL,12/30/2019,57.0,60.0,57.0,59.0,3.51,3840.0,461.4,179.0
AKJCL,12/31/2019,60.0,61.0,58.0,58.0,-1.69,480.0,461.4,179.0
AKJCL,1/1/2020,58.0,59.0,56.0,57.0,-1.72,240.0,461.4,179.0
AKJCL,1/2/2020,58.0,59.0,58.0,58.0,1.75,520.0,461.4,179.0
AKJCL,1/5/2020,57.0,58.0,56.0,57.0,-1.72,710.0,461.4,179.0
AKJCL,1/6/2020,58.0,60.0,58.0,58.0,1.75,660.0,461.4,179.0
AKJCL,1/7/2020,57.0,58.0,56.0,56.0,-3.45,480.0,461.4,179.0
AKJCL,1/8/2020,56.0,57.0,56.0,56.0,0.0,350.0,461.4,179.0
AKJCL,1/9/2020,55.0,58.0,55.0,57.0,1.79,300.0,461.4,179.0
AKJCL,1/12/2020,56.0,58.0,56.0,57.0,0.0,690.0,461.4,179.0
AKJCL,1/13/2020,58.0,62.0,57.0,59.0,3.51,1748.0,461.4,179.0
AKJCL,1/14/2020,59.0,60.0,58.0,58.0,-1.69,940.0,461.4,179.0
AKJCL,1/15/2020,59.0,61.0,57.0,58.0,0.0,660.0,461.4,179.0
AKJCL,1/16/2020,58.0,61.0,58.0,59.0,1.72,1160.0,461.4,179.0
AKJCL,1/19/2020,58.0,62.0,58.0,60.0,1.69,740.0,461.4,179.0
AKJCL,1/20/2020,59.0,60.0,59.0,59.0,-1.67,650.0,461.4,179.0
AKJCL,1/21/2020,58.0,59.0,57.0,58.0,-1.69,450.0,461.4,179.0
AKJCL,1/22/2020,58.0,59.0,58.0,59.0,1.72,290.0,461.4,179.0
AKJCL,1/23/2020,59.0,60.0,58.0,58.0,-1.69,630.0,461.4,179.0
AKJCL,1/26/2020,58.0,59.0,55.0,56.0,-3.45,3690.0,461.4,179.0
AKJCL,1/27/2020,56.0,56.0,55.0,56.0,0.0,4540.0,461.4,179.0
AKJCL,1/28/2020,55.0,56.0,54.0,56.0,0.0,1391.0,461.4,179.0
AKJCL,1/29/2020,55.0,56.0,55.0,55.0,-1.79,1200.0,461.4,179.0
AKJCL,1/30/2020,54.0,56.0,54.0,55.0,0.0,1060.0,461.4,179.0
AKJCL,2/2/2020,54.0,56.0,53.0,54.0,-1.82,660.0,461.4,179.0
AKJCL,2/3/2020,53.0,56.0,50.0,55.0,1.85,21430.0,461.4,179.0
AKJCL,2/4/2020,56.0,58.0,52.0,56.0,1.82,7209.0,461.4,179.0
AKJCL,2/5/2020,55.0,58.0,54.0,58.0,3.57,380.0,461.4,179.0
AKJCL,2/6/2020,57.0,57.0,55.0,56.0,-3.45,617.0,461.4,179.0
AKJCL,2/9/2020,57.0,57.0,54.0,55.0,-1.79,2990.0,461.4,179.0
AKJCL,2/10/2020,54.0,55.0,53.0,54.0,-1.82,240.0,461.4,179.0
AKJCL,2/11/2020,53.0,58.0,53.0,54.0,0.0,1610.0,461.4,179.0
AKJCL,2/12/2020,53.0,58.0,53.0,56.0,3.7,930.0,461.4,179.0
AKJCL,2/13/2020,55.0,57.0,54.0,55.0,-1.79,1610.0,461.4,179.0
AKJCL,2/16/2020,54.0,56.0,54.0,56.0,1.82,2088.0,461.4,179.0
AKJCL,2/17/2020,55.0,57.0,54.0,57.0,1.79,4960.0,461.4,179.0
AKJCL,2/18/2020,56.0,56.0,54.0,56.0,-1.75,1240.0,461.4,179.0
AKJCL,2/19/2020,56.0,57.0,55.0,57.0,1.79,1460.0,461.4,179.0
AKJCL,2/20/2020,58.0,58.0,56.0,56.0,-1.75,3160.0,461.4,179.0
AKJCL,2/23/2020,55.0,59.0,55.0,58.0,3.57,800.0,461.4,179.0
AKJCL,2/24/2020,58.0,58.0,57.0,57.0,-1.72,4254.0,461.4,179.0
AKJCL,2/25/2020,56.0,61.0,56.0,61.0,7.02,6215.0,461.4,179.0
AKJCL,2/26/2020,60.0,61.0,58.0,61.0,0.0,1560.0,461.4,179.0
AKJCL,2/27/2020,60.0,60.0,58.0,59.0,-3.28,2840.0,461.4,179.0
AKJCL,3/1/2020,60.0,60.0,56.0,56.0,-5.08,3190.0,461.4,179.0
AKJCL,3/2/2020,55.0,56.0,55.0,56.0,0.0,660.0,461.4,179.0
AKJCL,3/3/2020,55.0,56.0,54.0,55.0,-1.79,590.0,461.4,179.0
AKJCL,3/4/2020,54.0,56.0,53.0,53.0,-3.64,880.0,461.4,179.0
AKJCL,3/5/2020,53.0,53.0,52.0,53.0,0.0,760.0,461.4,179.0
AKJCL,3/10/2020,52.0,52.0,52.0,52.0,-1.89,80.0,461.4,179.0
AKJCL,3/11/2020,51.0,54.0,51.0,53.0,1.92,735.0,461.4,179.0
AKJCL,3/12/2020,52.0,54.0,52.0,53.0,0.0,550.0,461.4,179.0
AKJCL,3/15/2020,52.0,54.0,52.0,53.0,0.0,760.0,461.4,179.0
AKJCL,3/16/2020,52.0,53.0,51.0,52.0,-1.89,340.0,461.4,179.0
AKJCL,3/17/2020,52.0,53.0,52.0,52.0,0.0,930.0,461.4,179.0
AKJCL,3/18/2020,51.0,52.0,50.0,51.0,-1.92,430.0,461.4,179.0
AKJCL,3/19/2020,50.0,52.0,50.0,52.0,1.96,190.0,461.4,179.0
AKJCL,5/13/2020,51.0,51.0,51.0,51.0,-1.92,80.0,461.4,179.0
AKJCL,6/29/2020,50.0,51.0,50.0,50.0,-1.96,550.0,461.4,179.0
AKJCL,7/2/2020,49.0,49.0,49.0,49.0,-2.0,60.0,461.4,179.0
AKJCL,7/5/2020,49.0,49.0,48.2,49.0,0.0,190.0,461.4,179.0
AKJCL,7/6/2020,49.0,49.0,49.0,49.0,0.0,480.0,461.4,179.0
AKJCL,7/7/2020,49.0,49.05,49.0,49.0,0.0,560.0,461.4,179.0
AKJCL,7/8/2020,48.02,49.06,48.0,49.06,0.12,340.0,461.4,179.0
AKJCL,7/9/2020,49.0,49.0,48.02,48.3,-1.55,380.0,461.4,179.0
AKJCL,7/12/2020,48.87,50.0,46.4,48.03,-0.56,1030.0,461.4,179.0
AKJCL,7/13/2020,47.07,48.99,47.07,48.1,0.15,830.0,461.4,179.0
AKJCL,7/14/2020,48.5,49.98,48.1,49.0,1.87,340.0,461.4,179.0
AKJCL,7/15/2020,49.0,50.0,49.0,49.0,0.0,510.0,461.4,179.0
AKJCL,7/16/2020,48.5,49.0,48.5,49.0,0.0,420.0,461.4,179.0
AKJCL,7/20/2020,49.0,50.0,47.06,48.02,-2.0,600.0,461.4,179.0
AKJCL,7/21/2020,48.0,49.98,48.0,49.98,4.08,1240.0,461.4,179.0
AKJCL,7/22/2020,48.99,49.98,48.2,49.1,-1.76,2180.0,461.4,179.0
AKJCL,7/23/2020,48.2,50.0,47.25,48.0,-2.24,2370.0,461.4,179.0
AKJCL,7/26/2020,48.0,48.96,47.1,48.0,0.0,1010.0,461.4,179.0
AKJCL,7/27/2020,47.04,49.0,47.04,48.01,0.02,1175.0,461.4,179.0
AKJCL,7/28/2020,47.5,48.96,47.5,48.1,0.19,790.0,461.4,179.0
AKJCL,7/29/2020,50.0,52.0,50.0,52.0,8.11,800.0,461.4,179.0
AKJCL,7/30/2020,53.0,57.0,53.0,57.0,9.62,8030.0,461.4,179.0
AKJCL,8/2/2020,58.0,62.0,57.0,62.0,8.77,13626.0,461.4,179.0
AKJCL,8/3/2020,65.0,67.0,61.0,61.0,-1.61,1580.0,461.4,179.0
AKJCL,8/5/2020,60.0,60.0,55.0,55.0,-9.84,711.0,461.4,179.0
AKJCL,8/6/2020,54.0,54.0,51.0,53.0,-3.64,670.0,461.4,179.0
AKJCL,8/9/2020,54.0,55.0,50.0,53.0,0.0,1250.0,461.4,179.0
AKJCL,8/10/2020,51.0,54.0,50.0,52.0,-1.89,1661.0,461.4,179.0
AKJCL,8/11/2020,52.0,54.0,49.0,54.0,3.85,1870.0,461.4,179.0
AKJCL,8/12/2020,53.0,53.0,51.0,51.0,-5.56,580.0,461.4,179.0
AKJCL,8/13/2020,51.0,54.0,50.0,54.0,5.88,2450.0,461.4,179.0
AKJCL,8/16/2020,53.0,53.0,50.0,50.0,-7.41,1590.0,461.4,179.0
AKJCL,8/17/2020,50.0,53.0,50.0,52.0,4.0,1830.0,461.4,179.0
AKJCL,8/18/2020,52.0,53.0,50.0,52.0,0.0,700.0,461.4,179.0
AKJCL,8/19/2020,51.0,52.0,50.0,51.0,-1.92,510.0,461.4,179.0
AKJCL,8/20/2020,50.0,52.0,50.0,52.0,1.96,410.0,461.4,179.0
AKJCL,8/23/2020,51.0,54.0,50.0,53.0,1.92,4015.0,461.4,179.0
AKJCL,8/24/2020,53.0,53.0,51.0,53.0,0.0,1219.0,461.4,179.0
AKJCL,8/25/2020,53.0,55.0,52.0,55.0,3.77,850.0,461.4,179.0
AKJCL,8/26/2020,54.0,54.0,51.0,53.0,-3.64,1370.0,461.4,179.0
AKJCL,8/27/2020,52.0,54.0,51.0,54.0,1.89,3790.0,461.4,179.0
AKJCL,8/30/2020,53.0,54.0,52.0,53.0,-1.85,700.0,461.4,179.0
AKJCL,8/31/2020,52.0,57.0,50.0,54.0,1.89,3923.0,461.4,179.0
AKJCL,9/2/2020,55.0,59.0,54.0,59.0,9.26,9075.0,461.4,179.0
AKJCL,9/3/2020,60.0,64.0,59.0,60.0,1.69,12161.0,461.4,179.0
AKJCL,9/6/2020,60.0,64.0,60.0,63.0,5.0,9200.0,461.4,179.0
AKJCL,9/7/2020,63.0,67.0,61.0,67.0,6.35,9287.0,461.4,179.0
AKJCL,9/8/2020,68.0,68.0,61.0,63.0,-5.97,2015.0,461.4,179.0
AKJCL,9/9/2020,62.0,66.0,62.0,66.0,4.76,10260.0,461.4,179.0
AKJCL,9/10/2020,66.0,68.0,65.0,66.0,0.0,5215.0,461.4,179.0
AKJCL,9/13/2020,65.0,66.0,62.0,63.0,-4.55,1370.0,461.4,179.0
AKJCL,9/14/2020,64.0,69.0,64.0,69.0,9.52,11285.0,461.4,179.0
AKJCL,9/15/2020,70.0,75.0,70.0,75.0,8.7,5805.0,461.4,179.0
AKJCL,9/16/2020,76.0,82.0,76.0,82.0,9.33,16135.0,461.4,179.0
AKJCL,9/17/2020,86.0,90.0,86.0,90.0,9.76,5240.0,461.4,179.0
AKJCL,9/20/2020,94.0,99.0,82.0,92.0,2.22,25870.0,461.4,179.0
AKJCL,9/21/2020,91.0,92.0,83.0,88.0,-4.35,10530.0,461.4,179.0
AKJCL,9/22/2020,87.0,87.0,80.0,81.0,-7.95,8280.0,461.4,179.0
AKJCL,9/23/2020,80.0,88.0,74.0,88.0,8.64,14401.0,461.4,179.0
AKJCL,9/24/2020,92.0,96.0,89.0,96.0,9.09,26553.0,461.4,179.0
AKJCL,9/27/2020,97.0,105.0,96.0,105.0,9.38,28994.0,461.4,179.0
AKJCL,9/28/2020,103.0,103.0,98.0,101.0,-3.81,9986.0,461.4,179.0
AKJCL,9/29/2020,103.0,111.0,95.0,111.0,9.9,27065.0,461.4,179.0
AKJCL,9/30/2020,109.0,122.0,109.0,122.0,9.91,32137.0,461.4,179.0
AKJCL,10/1/2020,125.0,132.0,115.0,118.0,-3.28,25330.0,461.4,179.0
AKJCL,10/4/2020,123.0,123.0,107.0,115.0,-2.54,30607.0,461.4,179.0
AKJCL,10/5/2020,114.0,119.0,109.0,113.0,-1.74,17895.0,461.4,179.0
AKJCL,10/6/2020,111.0,122.0,110.0,121.0,7.08,43617.0,461.4,179.0
AKJCL,10/7/2020,121.0,133.0,121.0,133.0,9.92,29325.0,461.4,179.0
AKJCL,10/8/2020,139.0,144.0,124.0,128.0,-3.76,36986.0,461.4,179.0
AKJCL,10/11/2020,127.0,127.0,118.0,121.0,-5.47,17918.0,461.4,179.0
AKJCL,10/12/2020,120.0,122.0,113.0,120.0,-0.83,22075.0,461.4,179.0
AKJCL,10/13/2020,120.0,122.0,112.0,116.0,-3.33,12175.0,461.4,179.0
AKJCL,10/14/2020,114.0,118.0,108.0,118.0,1.72,16437.0,461.4,179.0
AKJCL,10/15/2020,119.0,123.0,112.0,112.0,-5.08,9162.0,461.4,179.0
AKJCL,10/18/2020,110.0,112.0,107.0,112.0,0.0,7193.0,461.4,179.0
AKJCL,10/19/2020,110.0,121.0,108.0,121.0,8.04,6765.0,461.4,179.0
AKJCL,10/20/2020,119.0,130.0,117.0,127.0,4.96,18519.0,461.4,179.0
AKJCL,10/21/2020,128.0,129.0,119.0,121.0,-4.72,10004.0,461.4,179.0
AKJCL,10/22/2020,120.0,122.0,114.0,121.0,0.0,4520.0,461.4,179.0
AKJCL,10/28/2020,119.0,120.0,113.0,120.0,-0.83,14203.0,461.4,179.0
AKJCL,10/29/2020,118.0,122.0,114.0,118.0,-1.67,9870.0,461.4,179.0
AKJCL,11/1/2020,123.0,123.0,115.0,118.0,0.0,11505.0,461.4,179.0
AKJCL,11/2/2020,113.0,120.0,113.0,118.0,0.0,5625.0,461.4,179.0
AKJCL,11/3/2020,116.0,119.0,116.0,116.0,-1.69,5830.0,461.4,179.0
AKJCL,11/4/2020,115.0,124.0,115.0,120.0,3.45,10997.0,461.4,179.0
AKJCL,11/5/2020,118.0,126.0,117.0,120.0,0.0,12593.0,461.4,179.0
AKJCL,11/8/2020,120.0,128.0,120.0,127.0,5.83,31272.0,461.4,179.0
AKJCL,11/9/2020,129.0,132.0,128.0,129.0,1.57,34953.0,461.4,179.0
AKJCL,11/10/2020,127.0,129.0,125.0,126.0,-2.33,7691.0,461.4,179.0
AKJCL,11/11/2020,124.0,128.0,124.0,126.0,0.0,4152.0,461.4,179.0
AKJCL,11/12/2020,132.0,132.0,122.0,124.0,-1.59,8340.0,461.4,179.0
AKJCL,11/18/2020,123.0,123.0,119.0,120.0,-3.23,9579.0,461.4,179.0
AKJCL,11/19/2020,120.0,129.0,118.0,122.0,1.67,9134.0,461.4,179.0
AKJCL,11/22/2020,122.0,124.0,120.0,122.0,0.0,16181.0,461.4,179.0
AKJCL,11/23/2020,120.0,124.0,120.0,121.0,-0.82,6278.0,461.4,179.0
AKJCL,11/24/2020,121.0,133.0,121.0,133.0,9.92,60595.0,461.4,179.0
AKJCL,11/25/2020,139.0,146.0,139.0,146.0,9.77,16100.0,461.4,179.0
AKJCL,11/26/2020,153.0,160.0,153.0,160.0,9.59,18303.0,461.4,179.0
AKJCL,11/29/2020,168.0,176.0,144.0,150.0,-6.25,66496.0,461.4,179.0
AKJCL,11/30/2020,151.0,151.0,145.0,151.0,0.67,34494.0,461.4,179.0
AKJCL,12/1/2020,151.0,154.0,144.0,146.0,-3.31,19751.0,461.4,179.0
AKJCL,12/2/2020,145.0,153.0,144.0,145.0,-0.68,11074.0,461.4,179.0
AKJCL,12/3/2020,143.0,144.0,138.0,140.0,-3.45,21686.0,461.4,179.0
AKJCL,12/6/2020,138.0,138.0,134.0,134.0,-4.29,8750.0,461.4,179.0
AKJCL,12/7/2020,133.0,142.0,127.0,140.0,4.48,15248.0,461.4,179.0
AKJCL,12/8/2020,140.0,142.0,134.0,141.0,0.71,16105.0,461.4,179.0
AKJCL,12/9/2020,139.0,139.0,134.0,136.0,-3.55,11970.0,461.4,179.0
AKJCL,12/10/2020,134.0,148.0,127.0,141.0,3.68,10201.0,461.4,179.0
AKJCL,12/13/2020,139.0,139.0,131.0,136.0,-3.55,6030.0,461.4,179.0
AKJCL,12/14/2020,136.0,140.0,132.0,135.0,-0.74,4715.0,461.4,179.0
AKJCL,12/15/2020,133.0,137.0,133.0,133.0,-1.48,4415.0,461.4,179.0
AKJCL,12/16/2020,131.0,134.0,127.0,133.0,0.0,6112.0,461.4,179.0
AKJCL,12/17/2020,131.0,132.0,129.0,130.0,-2.26,4320.0,461.4,179.0
AKJCL,12/20/2020,128.0,128.0,120.0,120.0,-7.69,9575.0,461.4,179.0
AKJCL,12/21/2020,118.0,124.0,110.0,124.0,3.33,9130.0,461.4,179.0
AKJCL,12/22/2020,126.0,126.0,121.0,124.0,0.0,10975.0,461.4,179.0
AKJCL,12/23/2020,124.0,125.0,121.0,122.0,-1.61,3675.0,461.4,179.0
AKJCL,12/24/2020,120.0,123.0,117.0,120.0,-1.64,3642.0,461.4,179.0
AKJCL,12/27/2020,118.0,128.0,115.0,121.0,0.83,5320.0,461.4,179.0
AKJCL,12/28/2020,121.0,126.0,117.0,120.0,-0.83,4642.0,461.4,179.0
AKJCL,12/29/2020,118.0,121.0,116.0,121.0,0.83,2740.0,461.4,179.0
AKJCL,12/30/2020,123.0,123.0,117.0,119.0,-1.65,2718.0,461.4,179.0
AKJCL,12/31/2020,117.0,120.0,116.0,119.0,0.0,7291.0,461.4,179.0
AKJCL,1/3/2021,118.0,122.0,116.0,119.0,0.0,6400.0,461.4,179.0
AKJCL,1/4/2021,119.0,121.0,118.0,119.0,0.0,3855.0,461.4,179.0
AKJCL,1/5/2021,124.0,130.0,119.0,130.0,9.24,21454.0,461.4,179.0
AKJCL,1/6/2021,132.0,140.0,126.0,128.0,-1.54,22826.0,461.4,179.0
AKJCL,1/7/2021,128.0,130.0,126.0,128.0,0.0,5389.0,461.4,179.0
AKJCL,1/10/2021,126.0,128.0,126.0,126.0,-1.56,4880.0,461.4,179.0
AKJCL,1/11/2021,125.0,128.0,125.0,126.0,0.0,10410.0,461.4,179.0
AKJCL,1/12/2021,125.0,131.0,123.0,125.0,-0.79,6127.0,461.4,179.0
AKJCL,1/13/2021,125.0,131.0,124.0,129.0,3.2,5050.0,461.4,179.0
AKJCL,1/17/2021,131.0,132.0,124.0,127.0,-1.55,9460.0,461.4,179.0
AKJCL,1/18/2021,127.0,134.0,127.0,133.0,4.72,11540.0,461.4,179.0
AKJCL,1/19/2021,135.0,140.0,129.0,133.0,0.0,11348.0,461.4,179.0
AKJCL,1/20/2021,132.0,132.0,129.0,132.0,-0.75,3980.0,461.4,179.0
AKJCL,1/21/2021,132.0,136.0,130.0,135.0,2.27,11815.0,461.4,179.0
AKJCL,1/24/2021,135.0,147.0,134.0,136.0,0.74,25824.0,461.4,179.0
AKJCL,1/25/2021,130.0,147.0,130.0,143.0,5.15,37335.0,461.4,179.0
AKJCL,1/26/2021,144.0,148.0,138.0,141.0,-1.4,18038.0,461.4,179.0
AKJCL,1/27/2021,141.0,147.0,133.0,139.0,-1.42,11397.0,461.4,179.0
AKJCL,1/28/2021,144.0,144.0,134.0,140.0,0.72,6201.0,461.4,179.0
AKJCL,1/31/2021,147.0,147.0,131.0,135.0,-3.57,6105.0,461.4,179.0
AKJCL,2/1/2021,137.0,145.0,133.0,137.0,1.48,6172.0,461.4,179.0
AKJCL,2/2/2021,140.0,142.0,134.0,136.0,-0.73,8756.0,461.4,179.0
AKJCL,2/3/2021,138.0,139.0,132.0,136.0,0.0,15286.0,461.4,179.0
AKJCL,2/4/2021,134.0,140.0,132.0,140.0,2.94,16309.0,461.4,179.0
AKJCL,2/7/2021,140.0,144.0,136.0,139.0,-0.71,13580.0,461.4,179.0
AKJCL,2/8/2021,138.0,140.0,136.0,137.0,-1.44,16345.0,461.4,179.0
AKJCL,2/9/2021,137.0,148.0,135.0,144.0,5.11,51188.0,461.4,179.0
AKJCL,2/10/2021,146.0,148.0,142.0,143.0,-0.69,24102.0,461.4,179.0
AKJCL,2/11/2021,141.0,145.0,138.0,138.0,-3.5,6415.0,461.4,179.0
AKJCL,2/14/2021,140.0,147.0,140.0,143.0,3.62,26759.0,461.4,179.0
AKJCL,2/15/2021,143.0,147.0,143.0,143.0,0.0,12220.0,461.4,179.0
AKJCL,2/16/2021,141.0,150.0,140.0,145.0,1.4,10541.0,461.4,179.0
AKJCL,2/17/2021,143.0,145.0,140.0,141.0,-2.76,4788.0,461.4,179.0
AKJCL,2/18/2021,140.0,144.0,139.0,142.0,0.71,11588.0,461.4,179.0
AKJCL,2/21/2021,144.0,150.0,143.0,150.0,5.63,43657.0,461.4,179.0
AKJCL,2/22/2021,157.0,165.0,155.0,165.0,10.0,53053.0,461.4,179.0
AKJCL,2/23/2021,173.0,179.0,149.0,154.0,-6.67,61023.0,461.4,179.0
AKJCL,2/24/2021,157.0,164.0,152.0,156.0,1.3,16674.0,461.4,179.0
AKJCL,2/25/2021,153.0,155.0,150.0,150.0,-3.85,15300.0,461.4,179.0
AKJCL,2/28/2021,147.0,149.0,142.0,142.0,-5.33,11972.0,461.4,179.0
AKJCL,3/1/2021,140.0,146.0,134.0,146.0,2.82,15185.0,461.4,179.0
AKJCL,3/2/2021,145.0,150.0,140.0,143.0,-2.05,6755.0,461.4,179.0
AKJCL,3/3/2021,141.0,141.0,138.0,141.0,-1.4,5155.0,461.4,179.0
AKJCL,3/4/2021,140.0,147.0,139.0,145.0,2.84,10765.0,461.4,179.0
AKJCL,3/7/2021,145.0,149.0,140.0,142.0,-2.07,6675.0,461.4,179.0
AKJCL,3/9/2021,140.0,148.0,140.0,142.0,0.0,5579.0,461.4,179.0
AKJCL,3/10/2021,142.0,147.0,141.0,143.0,0.7,7464.0,461.4,179.0
AKJCL,3/14/2021,142.0,149.0,138.0,144.0,0.7,17438.0,461.4,179.0
AKJCL,3/15/2021,150.0,157.0,145.0,157.0,9.03,54696.0,461.4,179.0
AKJCL,3/16/2021,160.0,169.0,155.0,155.0,-1.27,45499.0,461.4,179.0
AKJCL,3/17/2021,162.0,162.0,150.0,158.0,1.94,10960.0,461.4,179.0
AKJCL,3/18/2021,155.0,155.0,147.0,148.0,-6.33,14553.0,461.4,179.0
AKJCL,3/21/2021,150.0,150.0,144.0,145.0,-2.03,16862.0,461.4,179.0
AKJCL,3/22/2021,145.0,157.0,144.0,154.0,6.21,12208.0,461.4,179.0
AKJCL,3/23/2021,157.0,157.0,150.0,153.0,-0.65,7630.0,461.4,179.0
AKJCL,3/24/2021,152.0,158.0,149.0,150.0,-1.96,14552.0,461.4,179.0
AKJCL,3/25/2021,150.0,153.0,147.0,150.0,0.0,9499.0,461.4,179.0
AKJCL,3/29/2021,147.0,150.0,145.0,149.0,-0.67,4848.0,461.4,179.0
AKJCL,3/30/2021,149.0,156.0,147.0,150.0,0.67,10617.0,461.4,179.0
AKJCL,3/31/2021,153.0,156.0,147.0,149.0,-0.67,6240.0,461.4,179.0
AKJCL,4/1/2021,148.0,151.0,147.0,150.0,0.67,8181.0,461.4,179.0
AKJCL,4/4/2021,150.0,156.0,148.0,152.0,1.33,11517.0,461.4,179.0
AKJCL,4/5/2021,149.0,159.0,149.0,150.0,-1.32,5708.0,461.4,179.0
AKJCL,4/6/2021,157.0,159.0,148.0,158.0,5.33,24936.0,461.4,179.0
AKJCL,4/7/2021,165.0,165.0,155.0,157.0,-0.63,26949.0,461.4,179.0
AKJCL,4/8/2021,164.0,164.0,155.0,155.0,-1.27,9744.0,461.4,179.0
AKJCL,4/12/2021,152.0,156.0,149.0,153.0,-1.29,11809.0,461.4,179.0
AKJCL,4/13/2021,152.0,162.0,150.0,153.0,0.0,5736.0,461.4,179.0
AKJCL,4/15/2021,151.0,159.0,151.0,153.0,0.0,7084.0,461.4,179.0
AKJCL,4/18/2021,151.0,155.0,151.0,155.0,1.31,13620.0,461.4,179.0
AKJCL,4/19/2021,156.0,156.0,151.0,152.0,-1.94,3180.0,461.4,179.0
AKJCL,4/20/2021,149.0,154.0,149.0,154.0,1.32,6296.0,461.4,179.0
AKJCL,4/21/2021,155.0,159.0,154.0,156.0,1.3,23651.0,461.4,179.0
AKJCL,4/22/2021,154.0,160.0,152.0,158.0,1.28,30720.0,461.4,179.0
AKJCL,4/25/2021,156.0,161.0,152.0,154.0,-2.53,20812.0,461.4,179.0
AKJCL,4/26/2021,152.0,152.0,144.0,145.0,-5.84,20584.0,461.4,179.0
AKJCL,4/27/2021,145.0,154.0,143.0,153.0,5.52,9409.0,461.4,179.0
AKJCL,4/28/2021,152.0,153.0,147.0,151.0,-1.31,3261.0,461.4,179.0
AKJCL,4/29/2021,149.0,154.0,149.0,153.0,1.32,4090.0,461.4,179.0
AKJCL,5/2/2021,150.0,156.0,150.0,155.0,1.31,15980.0,461.4,179.0
AKJCL,5/3/2021,153.0,157.0,153.0,153.0,-1.29,9543.0,461.4,179.0
AKJCL,5/4/2021,156.0,160.0,153.0,159.0,3.92,30285.0,461.4,179.0
AKJCL,5/5/2021,160.0,174.0,160.0,174.0,9.43,100749.0,461.4,179.0
AKJCL,5/6/2021,181.0,182.0,166.0,172.0,-1.15,48554.0,461.4,179.0
AKJCL,5/9/2021,170.0,179.0,164.0,166.0,-3.49,22660.0,461.4,179.0
AKJCL,5/10/2021,166.0,172.0,163.0,167.0,0.6,18823.0,461.4,179.0
AKJCL,5/11/2021,167.0,176.0,164.0,170.0,1.8,24195.0,461.4,179.0
AKJCL,5/12/2021,173.0,187.0,170.0,187.0,10.0,91805.0,461.4,179.0
AKJCL,5/13/2021,196.0,205.0,182.0,205.0,9.63,106163.0,461.4,179.0
AKJCL,5/16/2021,215.0,215.0,192.0,197.0,-3.9,73046.0,461.4,179.0
AKJCL,5/17/2021,206.0,207.0,191.0,207.0,5.08,65183.0,461.4,179.0
AKJCL,5/18/2021,217.0,227.0,206.0,227.0,9.66,38021.0,461.4,179.0
AKJCL,5/19/2021,238.0,249.0,211.0,225.0,-0.88,77918.0,461.4,179.0
AKJCL,5/20/2021,221.0,225.0,212.0,218.0,-3.11,34855.0,461.4,179.0
AKJCL,5/23/2021,228.0,228.0,211.0,225.0,3.21,44088.0,461.4,179.0
AKJCL,5/24/2021,229.0,231.0,219.0,220.0,-2.22,26875.0,461.4,179.0
AKJCL,5/25/2021,220.0,240.0,220.0,238.0,8.18,47029.0,461.4,179.0
AKJCL,5/27/2021,240.0,261.0,238.0,261.0,9.66,71557.0,461.4,179.0
AKJCL,5/30/2021,265.0,287.0,261.0,287.0,9.96,56638.0,461.4,179.0
AKJCL,5/31/2021,290.0,295.0,260.0,267.0,-6.97,83037.0,461.4,179.0
AKJCL,6/1/2021,262.0,275.0,247.0,256.0,-4.12,41633.0,461.4,179.0
AKJCL,6/2/2021,260.0,270.0,241.0,264.0,3.12,47970.0,461.4,179.0
AKJCL,6/3/2021,265.0,270.0,248.0,255.0,-3.41,38232.0,461.4,179.0
AKJCL,6/6/2021,250.0,250.0,235.0,241.0,-5.49,51222.0,461.4,179.0
AKJCL,6/7/2021,237.0,260.0,233.0,260.0,7.88,38768.0,461.4,179.0
AKJCL,6/8/2021,262.0,279.0,262.0,274.0,5.38,48622.0,461.4,179.0
AKJCL,6/9/2021,287.0,287.0,255.0,268.0,-2.19,33740.0,461.4,179.0
AKJCL,6/10/2021,281.0,285.0,261.0,284.0,5.97,74711.0,461.4,179.0
AKJCL,6/13/2021,298.0,312.0,281.0,312.0,9.86,117085.0,461.4,179.0
AKJCL,6/14/2021,327.0,343.0,300.0,335.0,7.37,93202.0,461.4,179.0
AKJCL,6/15/2021,340.0,349.0,314.0,325.0,-2.99,56335.0,461.4,179.0
AKJCL,6/16/2021,309.0,310.0,293.0,293.0,-9.85,65569.0,461.4,179.0
AKJCL,6/17/2021,279.0,315.0,264.0,298.0,1.71,33434.0,461.4,179.0
AKJCL,6/20/2021,302.0,305.0,279.0,280.0,-6.04,31542.0,461.4,179.0
AKJCL,6/21/2021,280.0,280.0,259.0,259.0,-7.5,21518.0,461.4,179.0
AKJCL,6/22/2021,262.0,284.0,259.0,284.0,9.65,27770.0,461.4,179.0
AKJCL,6/23/2021,298.0,308.0,290.0,296.0,4.23,40904.0,461.4,179.0
AKJCL,6/24/2021,297.0,302.0,281.0,291.0,-1.69,22854.0,461.4,179.0
AKJCL,6/27/2021,290.0,292.0,280.0,285.0,-2.06,14963.0,461.4,179.0
AKJCL,6/28/2021,285.0,290.0,276.0,279.0,-2.11,12432.0,461.4,179.0
AKJCL,6/29/2021,274.0,282.0,266.0,270.0,-3.23,11676.0,461.4,179.0
AKJCL,6/30/2021,283.0,283.0,254.0,269.0,-0.37,13431.0,461.4,179.0
AKJCL,7/1/2021,270.0,289.0,269.0,271.0,0.74,7161.0,461.4,179.0
AKJCL,7/4/2021,273.0,275.0,260.0,265.0,-2.21,5994.0,461.4,179.0
AKJCL,7/5/2021,265.0,266.0,260.0,261.0,-1.51,4294.0,461.4,179.0
AKJCL,7/6/2021,258.0,266.0,254.0,259.0,-0.77,5924.0,461.4,179.0
AKJCL,7/7/2021,271.0,271.0,254.0,255.0,-1.54,6855.0,461.4,179.0
AKJCL,7/8/2021,250.0,265.0,245.0,261.0,2.35,7743.0,461.4,179.0
AKJCL,7/11/2021,265.0,283.0,262.0,283.0,8.43,12370.0,461.4,179.0
AKJCL,7/12/2021,287.0,288.0,267.0,274.0,-3.18,14791.0,461.4,179.0
AKJCL,7/13/2021,270.0,280.0,268.0,275.0,0.36,5890.0,461.4,179.0
AKJCL,7/14/2021,275.0,283.0,272.0,279.0,1.45,9025.0,461.4,179.0
AKJCL,7/15/2021,279.0,298.0,277.0,289.0,3.58,28303.0,461.4,179.0
AKJCL,7/18/2021,294.0,305.0,290.0,293.0,1.38,19530.0,461.4,179.0
AKJCL,7/19/2021,298.0,300.0,288.5,290.0,-1.02,13084.0,461.4,179.0
AKJCL,7/20/2021,290.0,295.0,287.0,291.0,0.34,12169.0,461.4,179.0
AKJCL,7/22/2021,290.1,300.0,290.1,292.5,0.52,16611.0,461.4,179.0
AKJCL,7/25/2021,298.0,321.0,293.1,315.0,7.69,67121.0,461.4,179.0
AKJCL,7/26/2021,321.3,325.0,313.0,313.0,-0.63,41424.0,461.4,179.0
AKJCL,7/27/2021,315.0,344.3,310.0,342.0,9.27,82073.0,461.4,179.0
AKJCL,7/28/2021,348.8,362.8,331.0,333.0,-2.63,63237.0,461.4,179.0
AKJCL,7/29/2021,327.0,330.0,318.0,326.0,-2.1,29843.0,461.4,179.0
AKJCL,8/1/2021,325.0,345.0,320.0,342.0,4.91,53294.0,461.4,179.0
AKJCL,8/2/2021,348.0,374.5,343.0,370.8,8.42,110616.0,461.4,179.0
AKJCL,8/3/2021,378.2,382.0,354.0,382.0,3.02,60660.0,461.4,179.0
AKJCL,8/4/2021,389.6,418.0,385.0,417.0,9.16,73907.0,461.4,179.0
AKJCL,8/5/2021,425.0,425.0,398.0,399.5,-4.2,63229.0,461.4,179.0
AKJCL,8/8/2021,398.0,418.0,375.0,400.0,0.13,72837.0,461.4,179.0
AKJCL,8/9/2021,408.0,424.4,394.0,409.0,2.25,53384.0,461.4,179.0
AKJCL,8/10/2021,417.1,432.0,401.0,401.3,-1.88,43421.0,461.4,179.0
AKJCL,8/11/2021,409.0,411.0,403.0,408.0,1.67,24558.0,461.4,179.0
AKJCL,8/12/2021,410.0,414.0,399.9,401.0,-1.72,32005.0,461.4,179.0
AKJCL,8/15/2021,401.0,405.0,376.0,395.0,-1.5,38365.0,461.4,179.0
AKJCL,8/16/2021,388.0,412.0,387.1,407.0,3.04,44139.0,461.4,179.0
AKJCL,8/17/2021,400.0,447.7,398.9,447.7,10.0,84473.0,461.4,179.0
AKJCL,8/18/2021,456.6,492.4,456.6,492.4,9.98,51008.0,461.4,179.0
AKJCL,8/19/2021,502.0,502.0,450.0,455.0,-7.6,67285.0,461.4,179.0
AKJCL,8/24/2021,445.9,445.9,409.5,409.5,-10.0,13541.0,461.4,179.0
AKJCL,8/25/2021,401.4,401.4,368.6,392.0,-4.27,52525.0,461.4,179.0
AKJCL,8/26/2021,390.0,431.2,385.0,431.2,10.0,43128.0,461.4,179.0
AKJCL,8/29/2021,439.5,466.0,412.0,434.0,0.65,54599.0,461.4,179.0
AKJCL,8/31/2021,442.0,442.6,406.7,411.0,-5.3,16823.0,461.4,179.0
AKJCL,9/1/2021,419.0,425.0,388.0,414.0,0.73,16244.0,461.4,179.0
AKJCL,9/2/2021,414.0,418.0,398.0,398.0,-3.86,17379.0,461.4,179.0
AKJCL,9/5/2021,390.1,390.1,358.4,375.0,-5.78,27220.0,461.4,179.0
AKJCL,9/6/2021,370.0,412.5,370.0,412.5,10.0,16773.0,461.4,179.0
AKJCL,9/7/2021,420.6,431.0,400.0,410.0,-0.61,15241.0,461.4,179.0
AKJCL,9/8/2021,410.0,420.0,401.8,402.0,-1.95,20478.0,461.4,179.0
AKJCL,9/9/2021,402.0,418.2,402.0,403.0,0.25,17241.0,461.4,179.0
AKJCL,9/12/2021,411.0,435.0,411.0,428.0,6.2,23600.0,461.4,179.0
AKJCL,9/13/2021,436.0,440.0,411.0,417.0,-2.57,16080.0,461.4,179.0
AKJCL,9/14/2021,410.0,424.0,405.0,405.0,-2.88,9055.0,461.4,179.0
AKJCL,9/15/2021,406.0,412.5,399.0,400.1,-1.21,8935.0,461.4,179.0
AKJCL,9/16/2021,393.0,398.0,378.0,386.1,-3.5,17707.0,461.4,179.0
AKJCL,9/20/2021,380.0,384.0,347.5,348.0,-9.87,19346.0,461.4,179.0
AKJCL,9/21/2021,354.9,372.0,313.2,355.0,2.01,33589.0,461.4,179.0
AKJCL,9/22/2021,362.1,385.0,362.1,384.0,8.17,22861.0,461.4,179.0
AKJCL,9/23/2021,390.0,390.0,365.0,372.0,-3.12,12831.0,461.4,179.0
AKJCL,9/26/2021,365.0,372.0,342.0,351.9,-5.4,19904.0,461.4,179.0
AKJCL,9/27/2021,358.9,366.0,330.0,340.0,-3.38,9732.0,461.4,179.0
AKJCL,9/28/2021,340.0,340.0,309.0,312.9,-7.97,16991.0,461.4,179.0
AKJCL,9/29/2021,319.1,336.6,303.8,333.0,6.42,9498.0,461.4,179.0
AKJCL,9/30/2021,339.0,346.3,314.0,315.0,-5.41,7365.0,461.4,179.0
AKJCL,10/3/2021,310.0,310.0,295.0,301.0,-4.44,7467.0,461.4,179.0
AKJCL,10/4/2021,300.0,300.0,285.0,289.0,-3.99,7845.0,461.4,179.0
AKJCL,10/5/2021,290.0,312.0,290.0,298.0,3.11,6547.0,461.4,179.0
AKJCL,10/6/2021,303.9,315.0,303.9,310.0,4.03,9771.0,461.4,179.0
AKJCL,10/10/2021,315.0,325.0,306.0,308.0,-0.65,6454.0,461.4,179.0
AKJCL,10/11/2021,308.0,311.0,298.0,308.0,0.0,4904.0,461.4,179.0
AKJCL,10/17/2021,308.0,308.0,295.0,304.1,-1.27,1622.0,461.4,179.0
AKJCL,10/18/2021,303.0,303.0,290.0,290.0,-4.64,5414.0,461.4,179.0
AKJCL,10/19/2021,286.0,290.0,271.0,272.0,-6.21,4334.0,461.4,179.0
AKJCL,10/20/2021,277.4,299.2,277.0,299.2,10.0,9086.0,461.4,179.0
AKJCL,10/21/2021,305.1,317.0,293.1,295.3,-1.3,6570.0,461.4,179.0
AKJCL,10/24/2021,289.4,310.0,283.4,301.0,1.93,6374.0,461.4,179.0
AKJCL,10/25/2021,307.0,331.1,305.0,331.0,9.97,18050.0,461.4,179.0
AKJCL,10/26/2021,336.0,363.0,336.0,363.0,9.67,18952.0,461.4,179.0
AKJCL,10/27/2021,365.0,370.0,343.0,349.0,-3.86,100385.0,461.4,179.0
AKJCL,10/28/2021,343.0,363.0,333.2,353.0,1.15,80001.0,461.4,179.0
AKJCL,10/31/2021,346.0,377.4,317.7,372.0,5.38,927002.0,461.4,179.0
AKJCL,11/1/2021,379.4,394.0,356.8,359.0,-3.49,333699.0,461.4,179.0
AKJCL,11/2/2021,366.1,366.1,346.0,364.0,1.39,137888.0,461.4,179.0
AKJCL,11/3/2021,360.0,364.0,350.9,353.7,-2.83,252202.0,461.4,179.0
AKJCL,11/8/2021,360.7,360.7,336.0,340.8,-3.65,160780.0,461.4,179.0
AKJCL,11/9/2021,344.0,344.0,320.7,326.8,-4.11,295831.0,461.4,179.0
AKJCL,11/11/2021,321.0,330.0,313.6,313.8,-3.98,187566.0,461.4,179.0
AKJCL,11/14/2021,313.8,330.0,310.0,321.0,2.29,140098.0,461.4,179.0
AKJCL,11/15/2021,327.4,337.9,327.0,329.8,2.74,152590.0,461.4,179.0
AKJCL,11/16/2021,334.0,348.0,325.0,347.9,5.49,228742.0,461.4,179.0
AKJCL,11/17/2021,354.0,365.0,345.0,347.0,-0.26,294506.0,461.4,179.0
AKJCL,11/18/2021,340.1,357.0,334.0,339.9,-2.05,171715.0,461.4,179.0
AKJCL,11/21/2021,339.9,348.0,335.0,342.0,0.62,130156.0,461.4,179.0
AKJCL,11/22/2021,345.0,351.0,340.0,340.0,-0.58,132030.0,461.4,179.0
AKJCL,11/23/2021,335.2,345.0,328.4,333.5,-1.91,131881.0,461.4,179.0
AKJCL,11/24/2021,330.0,347.0,325.0,340.0,1.95,125449.0,461.4,179.0
AKJCL,11/25/2021,342.0,347.0,338.0,342.1,0.62,150280.0,461.4,179.0
AKJCL,11/28/2021,335.3,342.0,318.5,321.0,-6.17,176308.0,461.4,179.0
AKJCL,11/29/2021,321.0,333.9,319.0,326.0,1.56,102812.0,461.4,179.0
AKJCL,11/30/2021,332.5,334.4,320.5,330.0,1.23,65234.0,461.4,179.0
AKJCL,12/1/2021,336.1,336.6,328.0,330.0,0.0,89366.0,461.4,179.0
AKJCL,12/2/2021,336.6,336.6,315.0,318.0,-3.64,91689.0,461.4,179.0
AKJCL,12/5/2021,312.0,320.0,302.0,304.0,-4.4,122209.0,461.4,179.0
AKJCL,12/6/2021,302.0,320.0,283.4,312.0,2.63,187946.0,461.4,179.0
AKJCL,12/7/2021,318.2,323.5,297.0,299.0,-4.17,99545.0,461.4,179.0
AKJCL,12/8/2021,303.0,305.0,285.0,288.0,-3.68,66817.0,461.4,179.0
AKJCL,12/9/2021,287.0,292.0,274.4,280.2,-2.71,132288.0,461.4,179.0
AKJCL,12/12/2021,282.3,282.3,253.0,259.0,-7.57,150746.0,461.4,179.0
AKJCL,12/13/2021,253.9,258.0,233.1,235.0,-9.27,171211.0,461.4,179.0
AKJCL,12/14/2021,238.0,258.5,238.0,258.5,10.0,93895.0,461.4,179.0
AKJCL,12/15/2021,263.0,284.3,262.7,278.5,7.74,257848.0,461.4,179.0
AKJCL,12/16/2021,282.0,282.0,262.0,267.0,-4.13,126766.0,461.4,179.0
AKJCL,12/20/2021,262.0,267.0,254.5,255.9,-4.16,105292.0,461.4,179.0
AKJCL,12/21/2021,250.8,277.0,250.8,274.0,7.07,93734.0,461.4,179.0
AKJCL,12/22/2021,279.0,298.0,275.0,296.0,8.03,153259.0,461.4,179.0
AKJCL,12/23/2021,301.0,307.0,282.0,291.0,-1.69,128123.0,461.4,179.0
AKJCL,12/26/2021,296.0,297.0,285.8,289.8,-0.41,115254.0,461.4,179.0
AKJCL,12/27/2021,285.0,295.4,270.0,272.0,-6.14,118407.0,461.4,179.0
AKJCL,12/28/2021,267.0,280.0,264.0,274.9,1.07,81741.0,461.4,179.0
AKJCL,12/29/2021,270.0,280.0,270.0,273.0,-0.69,44404.0,461.4,179.0
AKJCL,1/2/2022,275.0,278.0,269.0,273.0,0.0,54476.0,461.4,179.0
AKJCL,1/3/2022,278.0,285.0,272.5,273.9,0.33,71847.0,461.4,179.0
AKJCL,1/4/2022,275.0,280.0,270.0,280.0,2.23,72936.0,461.4,179.0
AKJCL,1/5/2022,285.0,295.0,271.0,286.0,2.14,150798.0,461.4,179.0
AKJCL,1/6/2022,281.1,291.7,280.0,290.0,1.4,80948.0,461.4,179.0
AKJCL,1/9/2022,295.0,313.0,291.7,312.5,7.76,243529.0,461.4,179.0
AKJCL,1/10/2022,318.7,338.0,308.7,324.0,3.68,259318.0,461.4,179.0
AKJCL,1/11/2022,324.0,330.0,318.0,323.2,-0.25,159000.0,461.4,179.0
AKJCL,1/12/2022,325.9,335.5,310.9,314.0,-2.85,237434.0,461.4,179.0
AKJCL,1/13/2022,320.0,330.0,313.6,328.9,4.75,187723.0,461.4,179.0
AKJCL,1/16/2022,335.4,350.0,332.0,336.0,2.16,261851.0,461.4,179.0
AKJCL,1/17/2022,342.7,342.7,330.0,335.2,-0.24,162598.0,461.4,179.0
AKJCL,1/18/2022,335.0,338.0,318.0,324.1,-3.31,204240.0,461.4,179.0
AKJCL,1/19/2022,327.0,330.0,315.0,319.0,-1.57,144065.0,461.4,179.0
AKJCL,1/20/2022,319.0,332.0,312.7,331.5,3.92,139968.0,461.4,179.0
AKJCL,1/23/2022,338.0,340.0,325.0,330.0,-0.45,150700.0,461.4,179.0
AKJCL,1/24/2022,325.0,325.0,312.0,314.0,-4.85,228358.0,461.4,179.0
AKJCL,1/25/2022,313.9,321.0,308.0,313.0,-0.32,100632.0,461.4,179.0
AKJCL,1/26/2022,318.0,318.0,303.0,306.9,-1.95,127391.0,461.4,179.0
AKJCL,1/27/2022,305.0,313.0,305.0,307.0,0.03,77668.0,461.4,179.0
AKJCL,1/30/2022,313.0,330.0,313.0,329.0,7.17,181534.0,461.4,179.0
AKJCL,1/31/2022,335.0,335.0,320.0,320.1,-2.71,95182.0,461.4,179.0
AKJCL,2/1/2022,320.0,334.5,318.0,330.0,3.09,170026.0,461.4,179.0
AKJCL,2/3/2022,323.4,345.0,323.4,327.0,-0.91,273319.0,461.4,179.0
AKJCL,2/6/2022,327.0,327.0,317.0,321.0,-1.83,105809.0,461.4,179.0
AKJCL,2/7/2022,318.0,330.0,317.0,323.0,0.62,85951.0,461.4,179.0
AKJCL,2/8/2022,329.0,342.2,319.0,320.0,-0.93,168317.0,461.4,179.0
AKJCL,2/9/2022,320.0,322.0,315.0,318.2,-0.56,58215.0,461.4,179.0
AKJCL,2/10/2022,320.0,323.0,312.0,316.5,-0.53,54866.0,461.4,179.0
AKJCL,2/13/2022,316.5,316.5,299.0,301.0,-4.9,145952.0,461.4,179.0
AKJCL,2/14/2022,300.0,311.9,298.0,304.0,1.0,83109.0,461.4,179.0
AKJCL,2/15/2022,309.9,320.0,303.0,316.0,3.95,66135.0,461.4,179.0
AKJCL,2/16/2022,320.0,322.0,306.0,308.0,-2.53,60584.0,461.4,179.0
AKJCL,2/17/2022,311.0,312.0,305.1,307.0,-0.32,40354.0,461.4,179.0
AKJCL,2/20/2022,300.9,313.0,295.0,306.0,-0.33,101260.0,461.4,179.0
AKJCL,2/21/2022,308.0,313.0,306.0,310.0,1.31,37422.0,461.4,179.0
AKJCL,2/22/2022,316.2,317.0,311.1,312.0,0.65,69622.0,461.4,179.0
AKJCL,2/23/2022,313.0,335.0,313.0,323.9,3.81,207908.0,461.4,179.0
AKJCL,2/24/2022,330.0,330.0,311.0,313.0,-3.37,132537.0,461.4,179.0
AKJCL,2/27/2022,313.0,322.0,308.1,315.0,0.64,83539.0,461.4,179.0
AKJCL,2/28/2022,321.0,330.0,305.9,307.0,-2.54,107485.0,461.4,179.0
AKJCL,3/2/2022,313.1,313.1,295.0,297.4,-3.13,119075.0,461.4,179.0
AKJCL,3/6/2022,297.4,309.3,294.1,294.1,-1.11,76236.0,461.4,179.0
AKJCL,3/7/2022,295.0,300.0,288.1,288.8,-1.8,66705.0,461.4,179.0
AKJCL,3/9/2022,293.9,293.9,276.2,278.5,-3.57,60791.0,461.4,179.0
AKJCL,3/10/2022,284.0,295.5,270.0,295.0,5.92,95856.0,461.4,179.0
AKJCL,3/13/2022,300.0,311.1,298.0,307.9,4.37,83804.0,461.4,179.0
AKJCL,3/14/2022,314.0,314.0,301.0,305.0,-0.94,18191.0,461.4,179.0
AKJCL,3/15/2022,305.0,308.0,297.1,299.5,-1.8,66017.0,461.4,179.0
AKJCL,3/16/2022,300.0,305.0,296.0,297.0,-0.83,44702.0,461.4,179.0
AKJCL,3/20/2022,302.0,302.0,293.0,294.0,-1.01,30649.0,461.4,179.0
AKJCL,3/21/2022,294.0,306.0,292.0,300.0,2.04,55854.0,461.4,179.0
AKJCL,3/22/2022,305.9,310.0,297.0,298.0,-0.67,40978.0,461.4,179.0
AKJCL,3/23/2022,300.0,303.0,296.0,298.0,0.0,31571.0,461.4,179.0
AKJCL,3/24/2022,300.0,300.0,291.0,294.0,-1.34,50566.0,461.4,179.0
AKJCL,3/27/2022,294.0,299.0,283.0,285.4,-2.93,65804.0,461.4,179.0
AKJCL,3/28/2022,280.3,289.6,279.0,279.0,-2.24,44344.0,461.4,179.0
AKJCL,3/29/2022,280.0,287.0,275.0,278.9,-0.04,26200.0,461.4,179.0
AKJCL,3/30/2022,282.0,290.0,277.0,290.0,3.98,51479.0,461.4,179.0
AKJCL,3/31/2022,292.9,293.0,280.0,281.0,-3.1,40331.0,461.4,179.0
AKJCL,4/3/2022,285.0,285.0,275.3,275.3,-2.03,29137.0,461.4,179.0
AKJCL,4/4/2022,276.0,280.0,273.0,274.0,-0.47,28207.0,461.4,179.0
AKJCL,4/5/2022,279.0,279.0,260.0,268.0,-2.19,64019.0,461.4,179.0
AKJCL,4/6/2022,268.0,273.0,259.0,262.5,-2.05,32959.0,461.4,179.0
AKJCL,4/7/2022,265.0,270.0,259.7,266.0,1.33,53768.0,461.4,179.0
AKJCL,4/11/2022,271.0,276.4,259.0,261.0,-1.88,38057.0,461.4,179.0
AKJCL,4/12/2022,261.0,261.0,247.0,248.1,-4.94,35588.0,461.4,179.0
AKJCL,4/13/2022,252.9,257.0,240.0,251.0,1.17,37228.0,461.4,179.0
AKJCL,4/17/2022,254.0,254.0,243.0,243.0,-3.19,24456.0,461.4,179.0
AKJCL,4/18/2022,240.0,245.3,233.0,236.0,-2.88,32927.0,461.4,179.0
AKJCL,4/19/2022,236.0,245.0,225.0,235.0,-0.42,39951.0,461.4,179.0
AKJCL,4/20/2022,235.0,237.0,223.0,223.0,-5.11,38859.0,461.4,179.0
AKJCL,4/21/2022,227.1,227.3,214.4,223.9,0.4,40304.0,461.4,179.0
AKJCL,4/24/2022,228.3,246.2,226.0,246.2,9.96,58768.0,461.4,179.0
AKJCL,4/25/2022,250.0,260.0,240.1,245.1,-0.45,50641.0,461.4,179.0
AKJCL,4/26/2022,249.0,253.0,239.5,244.0,-0.45,17272.0,461.4,179.0
AKJCL,4/27/2022,240.1,245.0,236.0,242.0,-0.82,48243.0,461.4,179.0
AKJCL,4/28/2022,246.8,248.0,238.0,239.0,-1.24,36966.0,461.4,179.0
AKJCL,5/2/2022,239.0,241.0,227.9,232.0,-2.93,56829.0,461.4,179.0
AKJCL,5/4/2022,232.0,236.0,222.0,223.0,-3.88,29708.0,461.4,179.0
AKJCL,5/5/2022,226.0,227.9,212.8,217.0,-2.69,47647.0,461.4,179.0
AKJCL,5/8/2022,219.0,235.0,209.0,230.3,6.13,44947.0,461.4,179.0
AKJCL,5/9/2022,234.9,237.0,226.0,227.0,-1.43,48867.0,461.4,179.0
AKJCL,5/10/2022,227.1,239.0,224.0,237.6,4.67,48259.0,461.4,179.0
AKJCL,5/11/2022,240.0,258.0,237.0,254.1,6.94,74193.0,461.4,179.0
AKJCL,5/12/2022,259.1,266.0,245.0,246.1,-3.15,73942.0,461.4,179.0
AKJCL,5/17/2022,243.0,243.0,230.8,232.0,-5.73,39715.0,461.4,179.0
AKJCL,5/18/2022,236.0,249.0,223.5,239.0,3.02,31738.0,461.4,179.0
AKJCL,5/19/2022,243.7,249.0,230.6,235.0,-1.67,26988.0,461.4,179.0
AKJCL,5/20/2022,231.0,239.0,231.0,234.0,-0.43,14524.0,461.4,179.0
AKJCL,5/23/2022,230.0,234.6,225.0,228.0,-2.56,26742.0,461.4,179.0
AKJCL,5/24/2022,229.0,238.0,226.5,231.0,1.32,49420.0,461.4,179.0
AKJCL,5/25/2022,231.0,239.5,231.0,232.0,0.43,33951.0,461.4,179.0
AKJCL,5/26/2022,234.0,235.4,229.0,230.0,-0.86,18815.0,461.4,179.0
AKJCL,5/27/2022,229.0,234.5,225.4,229.0,-0.43,28945.0,461.4,179.0
AKJCL,5/30/2022,227.0,235.0,223.0,226.0,-1.31,24748.0,461.4,179.0
AKJCL,5/31/2022,226.0,228.0,220.0,222.0,-1.77,28384.0,461.4,179.0
AKJCL,6/1/2022,221.5,228.3,217.6,223.9,0.86,26811.0,461.4,179.0
AKJCL,6/2/2022,222.9,225.9,220.0,221.4,-1.12,19027.0,461.4,179.0
AKJCL,6/3/2022,217.4,224.0,217.3,219.0,-1.08,26837.0,461.4,179.0
AKJCL,6/6/2022,222.0,226.0,216.1,219.0,0.0,25060.0,461.4,179.0
AKJCL,6/7/2022,217.0,221.0,214.0,216.0,-1.37,21055.0,461.4,179.0
AKJCL,6/8/2022,217.0,230.4,215.0,224.0,3.7,37243.0,461.4,179.0
AKJCL,6/9/2022,226.9,229.0,217.0,219.0,-2.23,29894.0,461.4,179.0
AKJCL,6/10/2022,223.3,223.3,214.0,215.0,-1.83,22773.0,461.4,179.0
AKJCL,6/13/2022,218.0,219.0,211.0,212.8,-1.02,18892.0,461.4,179.0
AKJCL,6/14/2022,210.0,213.0,208.5,208.5,-2.02,26869.0,461.4,179.0
AKJCL,6/15/2022,205.1,208.8,200.0,203.0,-2.64,41673.0,461.4,179.0
AKJCL,6/16/2022,202.0,209.0,200.0,203.0,0.0,19846.0,461.4,179.0
AKJCL,6/17/2022,204.0,206.0,200.0,200.2,-1.38,6196.0,461.4,179.0
AKJCL,6/19/2022,202.0,204.0,194.0,194.0,-3.1,34797.0,461.4,179.0
AKJCL,6/20/2022,190.3,197.5,184.0,185.0,-4.64,39790.0,461.4,179.0
AKJCL,6/21/2022,184.0,195.0,184.0,192.0,3.78,26323.0,461.4,179.0
AKJCL,6/22/2022,193.5,193.5,185.0,185.0,-3.65,17087.0,461.4,179.0
AKJCL,6/23/2022,181.5,181.5,171.0,174.5,-5.68,29364.0,461.4,179.0
AKJCL,6/24/2022,171.1,183.6,162.0,177.9,1.95,23312.0,461.4,179.0
AKJCL,6/26/2022,180.0,195.6,180.0,195.0,9.61,62001.0,461.4,179.0
AKJCL,6/27/2022,198.0,204.0,185.3,188.0,-3.59,53399.0,461.4,179.0
AKJCL,6/28/2022,190.0,190.0,182.0,186.8,-0.64,15329.0,461.4,179.0
AKJCL,6/29/2022,188.0,196.0,183.5,191.0,2.25,41117.0,461.4,179.0
AKJCL,6/30/2022,193.0,204.0,189.2,201.2,5.34,63299.0,461.4,179.0
AKJCL,7/1/2022,203.0,206.9,198.0,201.0,-0.1,36414.0,461.4,179.0
AKJCL,7/3/2022,200.0,216.0,197.1,212.0,5.47,54483.0,461.4,179.0
AKJCL,7/4/2022,214.0,227.0,200.0,207.0,-2.36,122540.0,461.4,179.0
AKJCL,7/5/2022,210.0,215.2,203.0,205.0,-0.97,60191.0,461.4,179.0
AKJCL,7/6/2022,209.0,213.0,200.9,208.0,1.46,33940.0,461.4,179.0
AKJCL,7/7/2022,212.0,216.2,204.0,206.0,-0.96,35297.0,461.4,179.0
AKJCL,7/8/2022,208.0,208.0,199.9,200.0,-2.91,28424.0,461.4,179.0
AKJCL,7/11/2022,200.0,200.1,186.6,189.0,-5.5,54405.0,461.4,179.0
AKJCL,7/12/2022,189.0,196.7,185.3,189.1,0.05,37024.0,461.4,179.0
AKJCL,7/13/2022,192.0,202.0,192.0,202.0,6.82,54919.0,461.4,179.0
AKJCL,7/14/2022,204.0,207.0,197.2,203.9,0.94,31786.0,461.4,179.0
AKJCL,7/15/2022,203.9,204.0,199.9,200.5,-1.67,14354.0,461.4,179.0
AKJCL,7/17/2022,204.0,204.5,198.0,201.0,0.25,29011.0,461.4,179.0
AKJCL,7/18/2022,204.0,204.0,198.0,200.1,-0.45,18908.0,461.4,179.0
AKJCL,7/19/2022,202.0,207.0,200.1,200.3,0.1,52176.0,461.4,179.0
AKJCL,7/20/2022,200.0,206.0,200.0,202.0,0.85,24776.0,461.4,179.0
AKJCL,7/21/2022,203.0,203.9,198.1,200.2,-0.89,23086.0,461.4,179.0
AKJCL,7/22/2022,204.0,204.0,195.2,197.0,-1.6,23923.0,461.4,179.0
AKJCL,7/24/2022,199.9,207.0,196.0,207.0,5.08,63836.0,461.4,179.0
AKJCL,7/25/2022,208.0,219.0,208.0,217.9,5.27,98191.0,461.4,179.0
AKJCL,7/26/2022,218.0,222.0,210.0,212.0,-2.71,80430.0,461.4,179.0
AKJCL,7/27/2022,209.0,221.5,206.0,220.0,3.77,105759.0,461.4,179.0
AKJCL,7/28/2022,224.4,231.0,216.0,226.0,2.73,162383.0,461.4,179.0
AKJCL,7/29/2022,223.5,229.5,220.5,226.0,0.0,41775.0,461.4,179.0
AKJCL,7/31/2022,230.5,248.0,230.5,234.6,3.81,217655.0,461.4,179.0
AKJCL,8/1/2022,239.2,244.8,231.0,238.0,1.45,131315.0,461.4,179.0
AKJCL,8/2/2022,235.0,242.0,233.0,235.7,-0.97,57065.0,461.4,179.0
AKJCL,8/3/2022,237.9,245.0,235.0,238.0,0.98,86773.0,461.4,179.0
AKJCL,8/4/2022,237.0,239.9,227.0,228.0,-4.2,74049.0,461.4,179.0
AKJCL,8/5/2022,227.0,234.0,222.5,223.0,-2.19,82865.0,461.4,179.0
AKJCL,8/7/2022,221.0,233.0,221.0,226.5,1.57,66750.0,461.4,179.0
AKJCL,8/8/2022,231.0,233.0,222.0,224.0,-1.1,59135.0,461.4,179.0
AKJCL,8/9/2022,221.2,225.0,217.0,218.0,-2.68,61656.0,461.4,179.0
AKJCL,8/10/2022,215.1,220.0,213.2,215.0,-1.38,47963.0,461.4,179.0
AKJCL,8/11/2022,218.0,221.3,210.0,211.0,-1.86,61947.0,461.4,179.0
AKJCL,8/14/2022,211.0,218.0,208.0,208.5,-1.18,39670.0,461.4,179.0
AKJCL,8/15/2022,211.0,223.2,208.0,222.0,6.47,58932.0,461.4,179.0
AKJCL,8/16/2022,225.0,226.0,214.0,214.0,-3.6,67308.0,461.4,179.0
AKJCL,8/17/2022,214.0,217.4,212.0,213.0,-0.47,29340.0,461.4,179.0
AKJCL,8/18/2022,215.0,225.0,214.0,224.9,5.59,82248.0,461.4,179.0
AKJCL,8/21/2022,225.0,233.8,220.1,220.1,-2.13,72057.0,461.4,179.0
AKJCL,8/22/2022,216.0,224.0,216.0,220.0,-0.05,45062.0,461.4,179.0
AKJCL,8/23/2022,218.1,222.0,215.7,218.0,-0.91,25201.0,461.4,179.0
AKJCL,8/24/2022,220.0,222.0,217.2,217.2,-0.37,19515.0,461.4,179.0
AKJCL,8/25/2022,221.5,221.5,215.0,216.0,-0.55,30432.0,461.4,179.0
AKJCL,8/26/2022,220.3,220.3,211.0,213.5,-1.16,22283.0,461.4,179.0
AKJCL,8/28/2022,216.5,216.8,206.8,207.0,-3.04,51616.0,461.4,179.0
AKJCL,8/29/2022,202.9,208.9,202.0,207.5,0.24,25451.0,461.4,179.0
AKJCL,8/30/2022,203.4,211.6,203.4,207.0,-0.24,23572.0,461.4,179.0
AKJCL,8/31/2022,207.0,209.5,202.9,204.0,-1.45,23482.0,461.4,179.0
AKJCL,9/1/2022,207.0,208.0,200.1,206.5,1.23,39328.0,461.4,179.0
AKJCL,9/2/2022,210.6,210.6,202.0,204.0,-1.21,6155.0,461.4,179.0
AKJCL,9/4/2022,208.0,208.0,203.0,203.3,-0.34,10883.0,461.4,179.0
AKJCL,9/5/2022,205.9,206.0,201.6,203.0,-0.15,29585.0,461.4,179.0
AKJCL,9/6/2022,199.0,206.0,199.0,200.0,-1.48,22103.0,461.4,179.0
AKJCL,9/7/2022,204.0,204.0,196.0,198.0,-1.0,14635.0,461.4,179.0
AKJCL,9/8/2022,200.0,205.0,195.0,203.0,2.53,38785.0,461.4,179.0
AKJCL,9/11/2022,205.0,205.0,197.0,198.9,-2.02,12079.0,461.4,179.0
AKJCL,9/12/2022,196.0,201.0,194.1,195.0,-1.96,14354.0,461.4,179.0
AKJCL,9/13/2022,194.0,200.9,194.0,197.0,1.03,17229.0,461.4,179.0
AKJCL,9/14/2022,200.9,206.0,199.0,204.9,4.01,43135.0,461.4,179.0
AKJCL,9/15/2022,207.0,207.0,193.0,197.0,-3.86,46341.0,461.4,179.0
AKJCL,9/16/2022,193.2,195.0,188.0,190.1,-3.5,24817.0,461.4,179.0
AKJCL,9/18/2022,193.9,193.9,181.0,184.9,-2.74,24566.0,461.4,179.0
AKJCL,9/20/2022,184.0,184.0,173.5,174.0,-5.9,34281.0,461.4,179.0
AKJCL,9/21/2022,177.0,182.0,174.0,177.0,1.72,22764.0,461.4,179.0
AKJCL,9/22/2022,173.5,182.0,173.5,177.0,0.0,25319.0,461.4,179.0
AKJCL,9/25/2022,173.5,175.0,170.0,170.0,-3.95,19565.0,461.4,179.0
AKJCL,9/27/2022,170.0,178.0,163.3,172.0,1.18,13267.0,461.4,179.0
AKJCL,9/28/2022,172.0,177.0,171.0,173.0,0.58,8991.0,461.4,179.0
AKJCL,9/29/2022,173.1,175.0,171.1,174.0,0.58,13449.0,461.4,179.0
AKJCL,10/9/2022,175.0,184.0,174.0,184.0,5.75,18876.0,461.4,179.0
AKJCL,10/10/2022,184.0,187.0,174.0,176.0,-4.35,23863.0,461.4,179.0
AKJCL,10/11/2022,176.1,176.1,169.6,172.0,-2.27,11128.0,461.4,179.0
AKJCL,10/12/2022,174.0,180.0,170.0,176.9,2.85,12482.0,461.4,179.0
AKJCL,10/13/2022,180.4,180.4,173.7,173.9,-1.7,24290.0,461.4,179.0
AKJCL,10/16/2022,177.3,177.3,170.4,170.4,-2.01,14302.0,461.4,179.0
AKJCL,10/17/2022,172.0,173.0,168.9,170.0,-0.23,12572.0,461.4,179.0
AKJCL,10/19/2022,169.0,169.0,165.0,166.5,-2.06,13006.0,461.4,179.0
AKJCL,10/20/2022,168.0,168.0,163.0,165.0,-0.9,18986.0,461.4,179.0
AKJCL,10/23/2022,167.0,169.0,165.1,167.0,1.21,7894.0,461.4,179.0
AKJCL,10/31/2022,170.3,170.3,161.0,168.9,1.14,12977.0,461.4,179.0
AKJCL,11/1/2022,170.0,180.9,167.0,179.0,5.98,40134.0,461.4,179.0
AKJCL,11/2/2022,182.5,185.5,176.0,179.9,0.5,49157.0,461.4,179.0
AKJCL,11/3/2022,180.9,180.9,176.0,176.0,-2.17,21543.0,461.4,179.0
AKJCL,11/6/2022,179.5,184.0,174.0,184.0,4.55,30798.0,461.4,179.0
AKJCL,11/7/2022,187.6,189.0,178.0,181.0,-1.63,45326.0,461.4,179.0
AKJCL,11/8/2022,179.0,183.0,177.7,180.0,-0.55,16776.0,461.4,179.0
AKJCL,11/9/2022,178.1,178.1,169.6,172.0,-4.44,22133.0,461.4,179.0
AKJCL,11/10/2022,172.0,173.5,165.0,169.4,-1.51,29186.0,461.4,179.0
AKJCL,11/13/2022,168.0,170.0,161.7,165.0,-2.6,31440.0,461.4,179.0
AKJCL,11/14/2022,167.0,172.0,162.6,171.0,3.64,26252.0,461.4,179.0
AKJCL,11/15/2022,171.0,175.0,167.8,169.0,-1.17,17574.0,461.4,179.0
AKJCL,11/16/2022,171.0,174.0,169.0,174.0,2.96,18825.0,461.4,179.0
AKJCL,11/17/2022,177.0,180.0,174.0,178.0,2.3,39433.0,461.4,179.0
AKJCL,11/22/2022,180.5,184.0,175.1,176.0,-1.12,25570.0,461.4,179.0
AKJCL,11/23/2022,176.0,176.0,173.0,174.9,-0.62,21622.0,461.4,179.0
AKJCL,11/24/2022,177.0,178.2,173.6,176.5,0.91,17780.0,461.4,179.0
AKJCL,11/27/2022,179.0,181.5,176.0,181.5,2.83,25619.0,461.4,179.0
AKJCL,11/28/2022,181.0,183.0,175.6,178.0,-1.93,22555.0,461.4,179.0
AKJCL,11/29/2022,174.5,179.9,174.5,178.5,0.28,14478.0,461.4,179.0
AKJCL,11/30/2022,176.0,178.0,176.0,177.0,-0.84,11648.0,461.4,179.0
AKJCL,12/1/2022,176.0,180.0,174.5,177.8,0.45,19425.0,461.4,179.0
AKJCL,12/4/2022,177.0,181.0,177.0,177.0,-0.45,15083.0,461.4,179.0
AKJCL,12/5/2022,177.0,178.0,171.5,171.5,-3.11,24142.0,461.4,179.0
AKJCL,12/6/2022,171.6,173.0,171.0,171.1,-0.23,14581.0,461.4,179.0
AKJCL,12/7/2022,173.0,173.0,168.5,169.9,-0.7,15817.0,461.4,179.0
AKJCL,12/11/2022,168.0,170.0,167.0,169.9,0.0,11431.0,461.4,179.0
AKJCL,12/12/2022,169.9,172.3,167.1,172.0,1.24,14343.0,461.4,179.0
AKJCL,12/13/2022,172.0,172.0,170.0,171.0,-0.58,4948.0,461.4,179.0
AKJCL,12/14/2022,171.0,174.0,168.0,169.4,-0.94,8254.0,461.4,179.0
AKJCL,12/15/2022,169.4,169.4,166.5,168.0,-0.83,12341.0,461.4,179.0
AKJCL,12/18/2022,165.1,168.0,162.0,162.5,-3.27,15604.0,461.4,179.0
AKJCL,12/19/2022,161.1,165.7,161.0,165.0,1.54,6261.0,461.4,179.0
AKJCL,12/20/2022,168.0,168.3,164.6,166.5,0.91,13675.0,461.4,179.0
AKJCL,12/21/2022,167.0,167.0,162.1,163.0,-2.1,10723.0,461.4,179.0
AKJCL,12/22/2022,159.8,164.9,159.8,163.9,0.55,8149.0,461.4,179.0
AKJCL,12/26/2022,166.2,176.4,166.2,176.0,7.38,38323.0,461.4,179.0
AKJCL,12/27/2022,179.5,193.6,178.5,187.0,6.25,107932.0,461.4,179.0
AKJCL,12/28/2022,187.0,189.0,181.0,185.0,-1.07,57601.0,461.4,179.0
AKJCL,12/29/2022,185.0,196.0,181.5,196.0,5.95,77260.0,461.4,179.0
AKJCL,1/1/2023,196.0,204.0,194.1,198.0,1.02,115743.0,461.4,179.0
AKJCL,1/2/2023,195.0,200.0,190.1,198.0,0.0,38954.0,461.4,179.0
AKJCL,1/3/2023,196.1,201.0,194.0,199.0,0.51,65958.0,461.4,179.0
AKJCL,1/4/2023,200.0,211.0,196.0,209.0,5.03,82219.0,461.4,179.0
AKJCL,1/5/2023,213.1,217.2,207.0,213.5,2.15,112881.0,461.4,179.0
AKJCL,1/8/2023,217.7,222.0,210.0,216.3,1.31,128173.0,461.4,179.0
AKJCL,1/9/2023,214.0,237.9,214.0,237.0,9.57,157813.0,461.4,179.0
AKJCL,1/10/2023,240.0,259.0,230.0,240.0,1.27,227279.0,461.4,179.0
AKJCL,1/12/2023,244.8,249.0,225.0,226.0,-5.83,179598.0,461.4,179.0
AKJCL,1/17/2023,230.5,241.0,220.0,238.0,5.31,176193.0,461.4,179.0
AKJCL,1/18/2023,242.7,254.0,240.0,244.9,2.9,180847.0,461.4,179.0
AKJCL,1/19/2023,245.0,247.7,238.2,242.0,-1.18,68583.0,461.4,179.0
AKJCL,1/23/2023,238.5,244.0,231.4,233.0,-3.72,78003.0,461.4,179.0
AKJCL,1/24/2023,230.0,232.9,222.0,232.9,-0.04,96397.0,461.4,179.0
AKJCL,1/25/2023,235.5,242.0,232.0,237.0,1.76,95848.0,461.4,179.0
AKJCL,1/26/2023,240.0,256.0,239.0,250.0,5.49,295248.0,461.4,179.0
AKJCL,1/29/2023,247.0,258.0,246.0,253.0,1.2,269117.0,461.4,179.0
AKJCL,1/30/2023,258.0,258.0,240.2,245.8,-2.85,164531.0,461.4,179.0
AKJCL,1/31/2023,242.0,247.8,235.0,240.0,-2.36,97052.0,461.4,179.0
AKJCL,2/1/2023,240.0,246.8,240.0,242.0,0.83,59788.0,461.4,179.0
AKJCL,2/2/2023,245.0,245.0,234.4,237.0,-2.07,67464.0,461.4,179.0
AKJCL,2/5/2023,239.0,240.7,231.0,235.0,-0.84,56932.0,461.4,179.0
AKJCL,2/6/2023,232.0,236.6,230.5,236.0,0.43,33926.0,461.4,179.0
AKJCL,2/7/2023,239.7,252.5,236.0,252.5,6.99,135884.0,461.4,179.0
AKJCL,2/8/2023,257.5,262.0,246.3,248.9,-1.43,176726.0,461.4,179.0
AKJCL,2/9/2023,245.0,254.0,245.0,254.0,2.05,75234.0,461.4,179.0
AKJCL,2/12/2023,259.0,259.0,238.0,240.0,-5.51,142819.0,461.4,179.0
AKJCL,2/14/2023,239.0,244.0,236.0,237.1,-1.21,53804.0,461.4,179.0
AKJCL,2/15/2023,234.0,243.9,233.5,233.5,-1.52,57991.0,461.4,179.0
AKJCL,2/16/2023,233.1,236.0,226.0,229.0,-1.93,72078.0,461.4,179.0
AKJCL,2/20/2023,229.0,233.0,225.1,229.2,0.09,50907.0,461.4,179.0
AKJCL,2/22/2023,232.0,239.7,230.6,239.7,4.58,60535.0,461.4,179.0
AKJCL,2/23/2023,235.0,236.5,229.5,231.0,-3.63,64476.0,461.4,179.0
AKJCL,2/26/2023,227.0,232.4,219.1,232.0,0.43,94031.0,461.4,179.0
AKJCL,2/27/2023,236.6,237.0,224.6,231.0,-0.43,66921.0,461.4,179.0
AKJCL,2/28/2023,231.0,233.0,229.0,229.7,-0.56,36063.0,461.4,179.0
AKJCL,3/1/2023,233.2,233.2,225.1,225.1,-2.0,18080.0,461.4,179.0
AKJCL,3/2/2023,225.1,228.6,222.0,222.0,-1.38,33899.0,461.4,179.0
AKJCL,3/5/2023,225.0,225.0,216.0,218.9,-1.4,35433.0,461.4,179.0
AKJCL,3/7/2023,214.6,227.0,214.6,221.0,0.96,30829.0,461.4,179.0
AKJCL,3/9/2023,224.4,234.6,224.0,231.9,4.93,62784.0,461.4,179.0
AKJCL,3/12/2023,235.0,237.0,227.1,228.4,-1.51,45141.0,461.4,179.0
AKJCL,3/13/2023,224.1,228.0,222.0,225.0,-1.49,27573.0,461.4,179.0
AKJCL,3/14/2023,229.4,231.0,222.1,229.0,1.78,37302.0,461.4,179.0
AKJCL,3/15/2023,233.5,233.5,224.1,226.0,-1.31,10960.0,461.4,179.0
AKJCL,3/16/2023,226.0,229.0,224.0,225.0,-0.44,14860.0,461.4,179.0
AKJCL,3/19/2023,228.0,229.3,225.4,227.0,0.89,17674.0,461.4,179.0
AKJCL,3/20/2023,229.9,230.9,226.0,230.5,1.54,35381.0,461.4,179.0
AKJCL,3/22/2023,235.1,238.0,226.1,228.0,-1.08,27472.0,461.4,179.0
AKJCL,3/23/2023,226.0,229.8,224.0,224.8,-1.4,24209.0,461.4,179.0
AKJCL,3/26/2023,220.4,225.9,220.4,222.0,-1.25,28283.0,461.4,179.0
AKJCL,3/27/2023,217.6,228.0,217.6,227.0,2.25,27156.0,461.4,179.0
AKJCL,3/28/2023,231.5,231.5,225.0,227.7,0.31,31762.0,461.4,179.0
AKJCL,3/29/2023,231.2,231.2,223.1,226.0,-0.75,14142.0,461.4,179.0
AKJCL,3/30/2023,225.0,229.2,221.0,222.5,-1.55,19750.0,461.4,179.0
AKJCL,4/2/2023,225.6,226.9,217.6,219.0,-1.57,40048.0,461.4,179.0
AKJCL,4/3/2023,217.0,219.9,216.1,218.0,-0.46,21458.0,461.4,179.0
AKJCL,4/4/2023,216.5,220.0,215.2,216.0,-0.92,13976.0,461.4,179.0
AKJCL,4/5/2023,215.5,219.9,213.3,217.0,0.46,13757.0,461.4,179.0
AKJCL,4/6/2023,217.0,220.0,213.8,216.5,-0.23,19773.0,461.4,179.0
AKJCL,4/9/2023,216.5,217.0,210.1,210.1,-2.96,16482.0,461.4,179.0
AKJCL,4/10/2023,213.3,216.0,211.0,213.0,1.38,19727.0,461.4,179.0
AKJCL,4/11/2023,216.0,220.0,211.7,218.6,2.63,28219.0,461.4,179.0
AKJCL,4/12/2023,220.0,232.0,220.0,232.0,6.13,61963.0,461.4,179.0
AKJCL,4/13/2023,235.0,235.0,223.1,225.0,-3.02,46775.0,461.4,179.0
AKJCL,4/16/2023,227.0,227.0,222.1,224.3,-0.31,14033.0,461.4,179.0
AKJCL,4/17/2023,227.0,227.0,218.0,218.5,-2.59,25675.0,461.4,179.0
AKJCL,4/18/2023,218.5,221.0,212.0,216.0,-1.14,25345.0,461.4,179.0
AKJCL,4/19/2023,218.0,222.0,216.1,221.7,2.64,15248.0,461.4,179.0
AKJCL,4/20/2023,225.0,225.9,218.3,223.0,0.59,54180.0,461.4,179.0
AKJCL,4/23/2023,226.9,226.9,221.0,222.0,-0.45,40581.0,461.4,179.0
AKJCL,4/24/2023,220.0,232.0,220.0,229.9,3.56,62587.0,461.4,179.0
AKJCL,4/25/2023,229.9,236.0,228.0,234.0,1.78,91358.0,461.4,179.0
AKJCL,4/26/2023,238.6,238.6,230.0,230.7,-1.41,69851.0,461.4,179.0
AKJCL,4/27/2023,230.0,233.0,228.1,230.7,0.0,40574.0,461.4,179.0
AKJCL,4/30/2023,235.3,235.3,218.0,220.0,-4.64,99405.0,461.4,179.0
AKJCL,5/2/2023,222.9,222.9,216.0,216.6,-1.55,28908.0,461.4,179.0
AKJCL,5/3/2023,217.0,218.9,211.0,211.0,-2.59,28337.0,461.4,179.0
AKJCL,5/4/2023,211.0,217.7,206.0,215.0,1.9,43926.0,461.4,179.0
AKJCL,5/7/2023,215.0,215.0,208.0,209.0,-2.79,24385.0,461.4,179.0
AKJCL,5/8/2023,209.0,209.0,200.0,202.9,-2.92,42342.0,461.4,179.0
AKJCL,5/9/2023,205.0,208.5,202.1,205.5,1.28,31833.0,461.4,179.0
AKJCL,5/10/2023,207.0,208.0,203.9,206.8,0.63,12080.0,461.4,179.0
AKJCL,5/11/2023,205.0,205.1,200.0,201.0,-2.8,20795.0,461.4,179.0
AKJCL,5/14/2023,202.0,203.0,197.3,198.0,-1.49,25368.0,461.4,179.0
AKJCL,5/15/2023,196.5,202.0,193.0,200.0,1.01,22080.0,461.4,179.0
AKJCL,5/16/2023,196.2,203.5,195.1,200.0,0.0,16089.0,461.4,179.0
AKJCL,5/17/2023,196.3,206.0,196.3,205.9,2.95,18173.0,461.4,179.0
AKJCL,5/18/2023,205.9,217.0,204.0,213.0,3.45,53592.0,461.4,179.0
AKJCL,5/21/2023,216.0,217.0,210.1,212.0,-0.47,40386.0,461.4,179.0
AKJCL,5/22/2023,207.8,215.0,206.0,213.0,0.47,23182.0,461.4,179.0
AKJCL,5/23/2023,217.2,220.0,213.4,219.9,3.24,35512.0,461.4,179.0
AKJCL,5/24/2023,222.9,222.9,216.1,219.0,-0.41,31997.0,461.4,179.0
AKJCL,5/28/2023,216.1,221.0,212.0,214.0,-2.28,54500.0,461.4,179.0
AKJCL,5/30/2023,214.0,217.0,205.0,205.6,-3.93,29717.0,461.4,179.0
AKJCL,5/31/2023,203.1,209.7,200.1,201.0,-2.24,46818.0,461.4,179.0
AKJCL,6/1/2023,200.2,213.0,198.1,208.0,3.48,43581.0,461.4,179.0
AKJCL,6/4/2023,212.1,220.6,212.1,217.0,4.33,51405.0,461.4,179.0
AKJCL,6/5/2023,220.0,220.0,212.6,213.0,-1.84,36949.0,461.4,179.0
AKJCL,6/6/2023,211.0,219.0,211.0,217.8,2.25,31746.0,461.4,179.0
AKJCL,6/7/2023,219.0,223.0,217.0,218.0,0.09,61553.0,461.4,179.0
AKJCL,6/8/2023,218.0,221.0,215.0,217.5,-0.23,24636.0,461.4,179.0
AKJCL,6/11/2023,221.8,223.9,216.2,221.9,2.02,74706.0,461.4,179.0
AKJCL,6/12/2023,224.0,224.9,219.0,221.0,-0.41,38392.0,461.4,179.0
AKJCL,6/13/2023,220.0,226.0,218.0,219.9,-0.5,56987.0,461.4,179.0
AKJCL,6/14/2023,220.1,223.9,216.0,218.0,-0.86,88663.0,461.4,179.0
AKJCL,6/15/2023,219.8,219.9,214.0,216.0,-0.92,50714.0,461.4,179.0
AKJCL,6/18/2023,218.0,220.0,213.0,217.9,0.88,104166.0,461.4,179.0
AKJCL,6/19/2023,215.0,220.9,213.2,215.0,-1.33,58987.0,461.4,179.0
AKJCL,6/20/2023,212.0,217.0,209.6,211.0,-1.86,34994.0,461.4,179.0
AKJCL,6/21/2023,211.0,214.4,208.0,209.0,-0.95,29642.0,461.4,179.0
AKJCL,6/22/2023,210.0,211.0,205.0,205.2,-1.82,30881.0,461.4,179.0
AKJCL,6/25/2023,206.0,210.0,202.0,207.0,0.88,105247.0,461.4,179.0
AKJCL,6/26/2023,210.0,211.0,202.4,204.0,-1.45,61600.0,461.4,179.0
AKJCL,6/27/2023,203.0,210.9,203.0,210.9,3.38,36778.0,461.4,179.0
AKJCL,6/28/2023,215.1,215.1,204.5,205.0,-2.8,53536.0,461.4,179.0
AKJCL,7/2/2023,209.0,209.0,196.5,199.0,-2.93,69441.0,461.4,179.0
AKJCL,7/3/2023,202.8,202.8,196.0,198.0,-0.5,42791.0,461.4,179.0
AKJCL,7/4/2023,200.0,200.0,194.2,196.0,-1.01,25767.0,461.4,179.0
AKJCL,7/5/2023,194.0,197.8,190.0,190.0,-3.06,33570.0,461.4,179.0
AKJCL,7/6/2023,191.9,192.0,186.2,191.0,0.53,30436.0,461.4,179.0
AKJCL,7/9/2023,193.0,198.9,190.5,192.0,0.52,17318.0,461.4,179.0
AKJCL,7/10/2023,194.0,195.8,188.2,190.0,-1.04,29061.0,461.4,179.0
AKJCL,7/11/2023,193.8,193.8,185.5,187.0,-1.58,20605.0,461.4,179.0
AKJCL,7/12/2023,185.6,201.0,185.6,200.4,7.17,35129.0,461.4,179.0
AKJCL,7/13/2023,203.0,209.9,194.0,195.0,-2.69,29258.0,461.4,179.0
AKJCL,7/16/2023,198.9,198.9,192.0,192.5,-1.28,11525.0,461.4,179.0
AKJCL,7/17/2023,190.2,198.0,190.2,195.9,1.77,12609.0,461.4,179.0
AKJCL,7/18/2023,199.8,199.8,193.5,193.5,-1.23,14827.0,461.4,179.0
AKJCL,7/19/2023,195.0,196.0,191.0,191.5,-1.03,20308.0,461.4,179.0
AKJCL,7/20/2023,194.0,195.3,190.3,192.9,0.73,23105.0,461.4,179.0
AKJCL,7/23/2023,194.4,199.9,189.0,196.0,1.61,50852.0,461.4,179.0
AKJCL,7/24/2023,192.1,200.0,189.0,195.0,-0.51,27008.0,461.4,179.0
AKJCL,7/25/2023,196.5,199.8,193.0,194.0,-0.51,16732.0,461.4,179.0
AKJCL,7/26/2023,192.7,195.0,192.2,193.0,-0.52,13177.0,461.4,179.0
AKJCL,7/27/2023,192.0,195.0,190.0,190.1,-1.5,26088.0,461.4,179.0
AKJCL,7/30/2023,192.0,193.9,184.0,185.5,-2.42,34492.0,461.4,179.0
AKJCL,7/31/2023,188.0,189.0,185.0,186.7,0.65,18976.0,461.4,179.0
AKJCL,8/1/2023,184.2,188.8,181.0,181.0,-3.05,17160.0,461.4,179.0
AKJCL,8/2/2023,181.0,181.0,177.6,181.0,0.0,18696.0,461.4,179.0
AKJCL,8/3/2023,184.0,184.0,177.4,179.0,-1.1,22800.0,461.4,179.0
AKJCL,8/6/2023,177.0,178.1,172.0,174.0,-2.79,19922.0,461.4,179.0
AKJCL,8/7/2023,172.0,176.0,171.0,172.0,-1.15,7864.0,461.4,179.0
AKJCL,8/8/2023,172.0,173.0,168.0,170.0,-1.16,14552.0,461.4,179.0
AKJCL,8/9/2023,167.0,176.8,165.1,176.0,3.53,24390.0,461.4,179.0
AKJCL,8/10/2023,177.5,178.0,172.0,173.0,-1.7,21808.0,461.4,179.0
AKJCL,8/13/2023,173.0,175.0,168.7,171.0,-1.16,21931.0,461.4,179.0
AKJCL,8/14/2023,172.8,172.8,166.0,166.5,-2.63,17223.0,461.4,179.0
AKJCL,8/15/2023,166.5,166.5,163.0,163.5,-1.8,19460.0,461.4,179.0
AKJCL,8/16/2023,163.0,163.5,159.1,161.0,-1.53,23443.0,461.4,179.0
AKJCL,8/17/2023,163.0,164.2,160.9,161.0,0.0,8723.0,461.4,179.0
AKJCL,8/20/2023,157.8,166.4,157.8,159.0,-1.24,8367.0,461.4,179.0
AKJCL,8/21/2023,160.9,160.9,156.7,156.7,-1.45,15617.0,461.4,179.0
AKJCL,8/22/2023,159.8,159.8,157.0,159.7,1.91,7189.0,461.4,179.0
AKJCL,8/23/2023,161.0,168.0,158.2,165.0,3.32,23846.0,461.4,179.0
AKJCL,8/24/2023,166.0,167.0,160.3,161.1,-2.36,13641.0,461.4,179.0
AKJCL,8/27/2023,160.0,167.5,158.8,161.4,0.19,13016.0,461.4,179.0
AKJCL,8/28/2023,163.0,163.0,160.0,162.8,0.87,6797.0,461.4,179.0
AKJCL,8/29/2023,159.8,164.2,159.8,162.4,-0.25,6564.0,461.4,179.0
AKJCL,8/30/2023,165.6,165.6,159.6,159.9,-1.54,8600.0,461.4,179.0
AKJCL,9/3/2023,160.0,160.0,156.0,157.0,-1.81,8706.0,461.4,179.0
AKJCL,9/4/2023,160.1,160.1,154.0,154.0,-1.91,8963.0,461.4,179.0
AKJCL,9/5/2023,157.0,157.0,154.1,155.0,0.65,2936.0,461.4,179.0
AKJCL,9/7/2023,152.0,155.0,147.0,147.9,-4.58,24824.0,461.4,179.0
AKJCL,9/10/2023,149.0,150.8,144.1,145.0,-1.96,15699.0,461.4,179.0
AKJCL,9/11/2023,145.0,150.2,144.2,150.2,3.59,20111.0,461.4,179.0
AKJCL,9/12/2023,151.0,152.0,145.7,145.8,-2.93,4186.0,461.4,179.0
AKJCL,9/13/2023,147.0,154.0,146.0,154.0,5.62,25813.0,461.4,179.0
AKJCL,9/17/2023,154.0,154.0,146.1,148.0,-3.9,17738.0,461.4,179.0
AKJCL,9/18/2023,149.0,153.0,147.0,148.0,0.0,7534.0,461.4,179.0
AKJCL,9/19/2023,149.0,155.5,147.0,154.7,4.53,16608.0,461.4,179.0
AKJCL,9/21/2023,157.7,170.1,156.0,170.1,9.95,69891.0,461.4,179.0
AKJCL,9/24/2023,170.1,175.8,163.0,167.1,-1.76,35333.0,461.4,179.0
AKJCL,9/25/2023,163.9,170.4,162.1,164.0,-1.86,19749.0,461.4,179.0
AKJCL,9/26/2023,167.2,176.0,167.2,171.0,4.27,30225.0,461.4,179.0
AKJCL,9/27/2023,171.0,172.0,165.5,167.0,-2.34,23536.0,461.4,179.0
AKJCL,10/1/2023,168.5,168.5,160.0,162.4,-2.75,26776.0,461.4,179.0
AKJCL,10/2/2023,160.0,168.8,158.7,163.0,0.37,22532.0,461.4,179.0
AKJCL,10/3/2023,160.0,165.7,160.0,163.0,0.0,10063.0,461.4,179.0
AKJCL,10/4/2023,163.0,166.5,161.5,161.5,-0.92,23175.0,461.4,179.0
AKJCL,10/5/2023,160.0,164.7,160.0,162.0,0.31,10232.0,461.4,179.0
AKJCL,10/8/2023,158.9,164.0,154.0,156.7,-3.27,36228.0,461.4,179.0
AKJCL,10/9/2023,156.0,159.0,153.0,156.2,-0.32,15166.0,461.4,179.0
AKJCL,10/10/2023,155.0,157.0,151.0,152.2,-2.56,8628.0,461.4,179.0
AKJCL,10/11/2023,154.0,157.3,151.0,156.0,2.5,13566.0,461.4,179.0
AKJCL,10/12/2023,154.0,154.8,149.2,150.0,-3.85,17007.0,461.4,179.0
AKJCL,10/16/2023,150.0,156.0,148.0,148.1,-1.27,11405.0,461.4,179.0
AKJCL,10/17/2023,150.0,154.0,148.9,149.1,0.68,13071.0,461.4,179.0
AKJCL,10/18/2023,151.0,158.0,150.0,155.0,3.96,6203.0,461.4,179.0
AKJCL,10/19/2023,152.1,156.9,152.0,153.2,-1.16,4039.0,461.4,179.0
AKJCL,10/29/2023,150.2,150.9,148.0,149.0,-2.74,9997.0,461.4,179.0
AKJCL,10/30/2023,146.2,152.5,145.0,152.0,2.01,4669.0,461.4,179.0
AKJCL,10/31/2023,154.0,154.0,148.6,150.0,-1.32,7088.0,461.4,179.0
AKJCL,11/1/2023,150.0,153.0,148.3,150.0,0.0,7461.0,461.4,179.0
AKJCL,11/2/2023,147.2,150.0,147.0,150.0,0.0,4489.0,461.4,179.0
AKJCL,11/5/2023,147.0,149.0,146.0,147.0,-2.0,12381.0,461.4,179.0
AKJCL,11/6/2023,147.0,150.9,147.0,148.5,1.02,6575.0,461.4,179.0
AKJCL,11/7/2023,147.1,152.0,147.0,148.1,-0.27,7278.0,461.4,179.0
AKJCL,11/8/2023,149.0,150.0,149.0,149.5,0.95,3410.0,461.4,179.0
AKJCL,11/9/2023,152.4,152.4,148.0,148.0,-1.0,4331.0,461.4,179.0
AKJCL,11/20/2023,149.0,153.0,148.0,148.1,0.07,6146.0,461.4,179.0
AKJCL,11/21/2023,147.0,149.4,144.0,144.0,-2.77,8302.0,461.4,179.0
AKJCL,11/22/2023,142.0,149.7,142.0,146.1,1.46,4516.0,461.4,179.0
AKJCL,11/23/2023,147.4,149.8,141.3,149.0,1.98,13302.0,461.4,179.0
AKJCL,11/26/2023,150.0,154.2,148.9,154.2,3.49,11424.0,461.4,179.0
AKJCL,11/27/2023,155.0,156.0,149.2,149.2,-3.24,15336.0,461.4,179.0
AKJCL,11/28/2023,151.0,152.0,148.0,151.9,1.81,16326.0,461.4,179.0
AKJCL,11/29/2023,151.9,152.0,148.0,150.0,-1.25,1485.0,461.4,179.0
AKJCL,11/30/2023,148.0,150.0,146.1,148.7,-0.87,5804.0,461.4,179.0
AKJCL,12/3/2023,145.9,147.0,145.1,147.0,-1.14,10888.0,461.4,179.0
AKJCL,12/4/2023,146.0,149.9,145.1,146.0,-0.68,8645.0,461.4,179.0
AKJCL,12/5/2023,147.0,148.8,144.5,147.7,1.16,6442.0,461.4,179.0
AKJCL,12/6/2023,149.0,149.0,144.2,145.3,-1.62,8272.0,461.4,179.0
AKJCL,12/7/2023,147.0,151.3,144.2,148.0,1.86,15460.0,461.4,179.0
AKJCL,12/10/2023,150.9,162.6,150.9,160.0,8.11,7960.0,461.4,179.0
AKJCL,12/11/2023,162.0,168.0,156.0,159.0,-0.62,49800.0,461.4,179.0
AKJCL,12/12/2023,162.0,173.0,158.9,169.0,6.29,54665.0,461.4,179.0
AKJCL,12/13/2023,171.0,177.9,170.0,172.5,2.07,49034.0,461.4,179.0
AKJCL,12/14/2023,170.0,189.0,166.0,189.0,9.57,84715.0,461.4,179.0
AKJCL,12/17/2023,189.0,207.2,178.2,207.2,9.63,134141.0,461.4,179.0
AKJCL,12/18/2023,203.1,219.0,199.5,215.0,3.76,146656.0,461.4,179.0
AKJCL,12/19/2023,210.7,234.0,203.0,217.0,0.93,156191.0,461.4,179.0
AKJCL,12/20/2023,212.7,234.0,212.7,225.0,3.69,115186.0,461.4,179.0
AKJCL,12/21/2023,220.5,240.0,213.1,229.0,1.78,69095.0,461.4,179.0
AKJCL,12/24/2023,224.5,232.0,206.1,208.0,-9.17,220329.0,461.4,179.0
AKJCL,12/27/2023,208.0,215.0,194.5,200.0,-3.85,97115.0,461.4,179.0
AKJCL,12/28/2023,204.0,210.0,188.3,200.0,0.0,79792.0,461.4,179.0
AKJCL,1/1/2024,204.0,205.0,192.1,194.0,-3.0,60705.0,461.4,179.0
AKJCL,1/2/2024,194.0,197.8,186.3,186.3,-3.97,62033.0,461.4,179.0
AKJCL,1/3/2024,185.6,197.0,185.6,196.0,5.21,47961.0,461.4,179.0
AKJCL,1/4/2024,199.9,205.0,198.0,199.0,1.53,82308.0,461.4,179.0
AKJCL,1/7/2024,202.0,209.0,200.0,200.1,0.55,76014.0,461.4,179.0
AKJCL,1/8/2024,202.0,204.1,198.0,203.0,1.45,41935.0,461.4,179.0
AKJCL,1/9/2024,205.0,210.0,200.1,203.0,0.0,85620.0,461.4,179.0
AKJCL,1/10/2024,205.0,205.0,199.0,199.0,-1.97,41716.0,461.4,179.0
AKJCL,1/11/2024,202.9,204.0,198.6,201.6,1.31,63417.0,461.4,179.0
AKJCL,1/14/2024,203.0,215.9,203.0,214.0,6.15,99643.0,461.4,179.0
AKJCL,1/16/2024,218.2,229.5,216.5,223.0,4.21,157557.0,461.4,179.0
AKJCL,1/17/2024,227.0,227.0,210.7,210.7,-5.52,143971.0,461.4,179.0
AKJCL,1/18/2024,206.5,218.0,204.9,213.7,1.42,110717.0,461.4,179.0
AKJCL,1/21/2024,217.9,235.0,216.0,235.0,9.97,522775.0,461.4,179.0
AKJCL,1/22/2024,239.7,250.0,226.5,237.0,0.85,266454.0,461.4,179.0
AKJCL,1/23/2024,232.3,245.0,228.4,230.0,-2.95,94970.0,461.4,179.0
AKJCL,1/24/2024,225.4,235.0,220.7,223.9,-2.65,147418.0,461.4,179.0
AKJCL,1/25/2024,228.0,228.0,218.0,222.0,-0.85,77176.0,461.4,179.0
AKJCL,1/28/2024,224.0,231.0,218.0,227.9,2.66,70666.0,461.4,179.0
AKJCL,1/29/2024,230.0,234.5,227.3,232.0,1.8,102319.0,461.4,179.0
AKJCL,1/30/2024,235.0,242.0,233.0,238.7,2.89,159028.0,461.4,179.0
AKJCL,1/31/2024,243.4,243.4,229.0,230.0,-3.64,109879.0,461.4,179.0
AKJCL,2/1/2024,226.5,229.5,224.1,225.8,-1.83,62985.0,461.4,179.0
AKJCL,2/4/2024,222.5,230.5,221.3,228.9,1.37,62337.0,461.4,179.0
AKJCL,2/5/2024,229.9,232.9,225.0,227.0,-0.83,31110.0,461.4,179.0
AKJCL,2/6/2024,229.9,234.0,226.1,229.0,0.88,30694.0,461.4,179.0
AKJCL,2/7/2024,229.0,232.5,228.0,230.6,0.7,36794.0,461.4,179.0
AKJCL,2/8/2024,233.0,233.0,227.5,229.1,-0.65,54208.0,461.4,179.0
AKJCL,2/11/2024,232.0,235.0,230.0,232.0,1.27,71525.0,461.4,179.0
AKJCL,2/12/2024,233.0,237.0,232.6,236.5,1.94,75970.0,461.4,179.0
AKJCL,2/13/2024,241.2,241.2,230.3,231.0,-2.33,78328.0,461.4,179.0
AKJCL,2/14/2024,230.0,233.9,229.0,229.0,-0.87,48609.0,461.4,179.0
AKJCL,2/15/2024,232.0,242.0,228.0,234.0,2.18,128953.0,461.4,179.0
AKJCL,2/18/2024,238.6,250.0,235.0,241.9,3.38,254376.0,461.4,179.0
AKJCL,2/20/2024,241.9,245.0,235.5,235.6,-2.6,108024.0,461.4,179.0
AKJCL,2/21/2024,240.0,240.0,228.5,231.0,-1.95,53583.0,461.4,179.0
AKJCL,2/22/2024,232.0,235.0,223.0,224.7,-2.73,101468.0,461.4,179.0
AKJCL,2/25/2024,229.1,229.1,220.1,220.1,-2.05,50505.0,461.4,179.0
AKJCL,2/26/2024,218.0,226.3,218.0,224.0,1.77,50998.0,461.4,179.0
AKJCL,2/27/2024,228.0,228.0,220.5,224.0,0.0,25565.0,461.4,179.0
AKJCL,2/28/2024,224.0,224.0,220.0,220.1,-1.74,37682.0,461.4,179.0
AKJCL,2/29/2024,223.0,224.0,213.0,213.1,-3.18,63261.0,461.4,179.0
AKJCL,3/3/2024,217.3,217.3,210.0,211.5,-0.75,25791.0,461.4,179.0
AKJCL,3/4/2024,215.7,232.6,215.7,217.0,2.6,4000.0,461.4,179.0
AKJCL,3/5/2024,221.3,229.5,220.0,221.0,1.84,100042.0,461.4,179.0
AKJCL,3/6/2024,220.0,227.0,217.0,221.5,0.23,49423.0,461.4,179.0
AKJCL,3/7/2024,225.0,234.6,225.0,226.0,2.03,48807.0,461.4,179.0
AKJCL,3/10/2024,229.0,230.5,226.0,226.9,0.4,36373.0,461.4,179.0
AKJCL,3/12/2024,231.4,236.0,227.0,229.0,0.93,44254.0,461.4,179.0
AKJCL,3/13/2024,229.0,233.0,227.0,228.7,-0.13,24905.0,461.4,179.0
AKJCL,3/14/2024,233.2,233.2,225.0,227.8,-0.39,25411.0,461.4,179.0
AKJCL,3/17/2024,228.0,228.0,221.6,222.0,-2.55,32056.0,461.4,179.0
AKJCL,3/18/2024,225.0,225.0,221.0,222.0,0.0,19783.0,461.4,179.0
AKJCL,3/19/2024,225.0,225.0,221.0,222.0,0.0,34299.0,461.4,179.0
AKJCL,3/20/2024,226.4,226.5,220.0,221.5,-0.23,12212.0,461.4,179.0
AKJCL,3/21/2024,219.6,223.5,217.0,217.0,-2.03,34794.0,461.4,179.0
AKJCL,3/25/2024,217.0,217.0,214.0,216.4,-0.28,16308.0,461.4,179.0
AKJCL,3/26/2024,218.0,220.7,214.4,219.0,1.2,28210.0,461.4,179.0
AKJCL,3/27/2024,216.0,220.0,215.0,215.0,-1.83,23690.0,461.4,179.0
AKJCL,3/28/2024,213.0,220.0,213.0,216.1,0.51,22814.0,461.4,179.0
AKJCL,3/31/2024,218.0,220.4,217.0,218.0,0.88,17311.0,461.4,179.0
AKJCL,4/1/2024,215.1,220.2,215.1,218.1,0.05,23076.0,461.4,179.0
AKJCL,4/2/2024,218.1,220.7,215.0,215.0,-1.42,14715.0,461.4,179.0
AKJCL,4/3/2024,214.0,217.0,214.0,214.9,-0.05,15610.0,461.4,179.0
AKJCL,4/4/2024,215.0,215.0,212.4,213.9,-0.47,20130.0,461.4,179.0
AKJCL,4/7/2024,215.0,216.9,213.0,216.0,0.98,14670.0,461.4,179.0
AKJCL,4/9/2024,220.3,220.3,215.2,216.1,0.05,20485.0,461.4,179.0
AKJCL,4/10/2024,219.2,219.3,214.0,215.0,-0.51,37298.0,461.4,179.0
AKJCL,4/14/2024,212.0,216.9,212.0,214.0,-0.47,13382.0,461.4,179.0
AKJCL,4/15/2024,214.0,217.2,211.0,211.0,-1.4,17823.0,461.4,179.0
AKJCL,4/16/2024,215.0,215.0,208.1,210.0,-0.47,22539.0,461.4,179.0
AKJCL,4/18/2024,207.0,211.0,206.0,206.2,-1.81,13258.0,461.4,179.0
AKJCL,4/21/2024,205.0,215.0,205.0,212.0,2.81,21880.0,461.4,179.0
AKJCL,4/22/2024,214.8,215.0,209.0,211.5,-0.24,12662.0,461.4,179.0
AKJCL,4/24/2024,210.0,212.0,207.3,210.0,-0.71,10190.0,461.4,179.0
AKJCL,4/25/2024,207.6,210.0,206.0,207.0,-1.43,19442.0,461.4,179.0
AKJCL,4/28/2024,207.1,210.0,204.0,208.0,0.48,12920.0,461.4,179.0
AKJCL,4/29/2024,208.0,209.0,205.6,207.9,-0.05,14735.0,461.4,179.0
AKJCL,4/30/2024,205.0,218.0,205.0,214.0,2.93,24984.0,461.4,179.0
AKJCL,5/2/2024,217.2,217.2,209.0,211.9,-0.98,15539.0,461.4,179.0
AKJCL,5/5/2024,208.1,210.0,206.0,208.0,-1.84,8510.0,461.4,179.0
AKJCL,5/6/2024,211.0,211.0,204.7,205.9,-1.01,13491.0,461.4,179.0
AKJCL,5/7/2024,206.0,207.0,203.6,205.0,-0.44,14795.0,461.4,179.0
AKJCL,5/8/2024,207.0,207.0,203.0,203.9,-0.54,11649.0,461.4,179.0
AKJCL,5/9/2024,201.0,205.0,201.0,203.9,0.0,10906.0,461.4,179.0
AKJCL,5/12/2024,202.0,207.9,202.0,204.4,0.25,15553.0,461.4,179.0
AKJCL,5/13/2024,205.0,205.0,201.0,202.0,-1.17,25440.0,461.4,179.0
AKJCL,5/14/2024,205.0,210.1,201.5,210.0,3.96,23018.0,461.4,179.0
AKJCL,5/15/2024,212.8,213.0,206.0,207.0,-1.43,11762.0,461.4,179.0
AKJCL,5/16/2024,205.0,208.9,203.0,203.1,-1.88,16277.0,461.4,179.0
AKJCL,5/19/2024,206.0,207.1,203.1,207.1,1.97,21394.0,461.4,179.0
AKJCL,5/20/2024,209.9,210.0,206.0,208.0,0.43,19278.0,461.4,179.0
AKJCL,5/21/2024,208.0,210.0,205.0,209.8,0.87,24419.0,461.4,179.0
AKJCL,5/22/2024,210.4,211.0,207.2,208.0,-0.86,21502.0,461.4,179.0
AKJCL,5/26/2024,208.0,210.0,205.5,206.0,-0.96,17867.0,461.4,179.0
AKJCL,5/27/2024,206.0,208.9,204.0,205.5,-0.24,10419.0,461.4,179.0
AKJCL,5/29/2024,208.5,209.6,204.3,204.9,-0.29,16491.0,461.4,179.0
AKJCL,5/30/2024,202.0,207.0,202.0,203.0,-0.93,15763.0,461.4,179.0
AKJCL,6/2/2024,204.5,208.0,203.2,204.0,0.49,13349.0,461.4,179.0
AKJCL,6/3/2024,202.0,204.8,202.0,204.8,0.39,16323.0,461.4,179.0
AKJCL,6/4/2024,202.2,203.9,201.3,203.8,-0.49,22291.0,461.4,179.0
AKJCL,6/5/2024,199.9,204.9,199.9,202.0,-0.88,25263.0,461.4,179.0
AKJCL,6/6/2024,206.0,206.8,200.0,202.0,0.0,17457.0,461.4,179.0
AKJCL,6/9/2024,204.0,204.0,198.1,198.3,-1.83,32117.0,461.4,179.0
AKJCL,6/10/2024,194.4,204.9,194.4,202.0,1.87,21367.0,461.4,179.0
AKJCL,6/11/2024,205.0,218.0,203.0,211.0,4.46,52785.0,461.4,179.0
AKJCL,6/12/2024,212.9,214.0,208.8,209.0,-0.95,32187.0,461.4,179.0
AKJCL,6/13/2024,206.2,213.0,206.2,210.0,0.48,32557.0,461.4,179.0
AKJCL,6/16/2024,213.0,225.0,212.0,216.9,3.29,106780.0,461.4,179.0
AKJCL,6/18/2024,216.0,220.1,213.6,213.6,-1.52,42372.0,461.4,179.0
AKJCL,6/19/2024,213.0,217.8,213.0,215.4,0.84,19936.0,461.4,179.0
AKJCL,6/20/2024,219.7,219.7,210.4,212.0,-1.58,25168.0,461.4,179.0
AKJCL,6/23/2024,215.1,216.2,208.0,210.0,-0.94,55957.0,461.4,179.0
AKJCL,6/24/2024,207.0,215.9,206.0,210.0,0.0,46780.0,461.4,179.0
AKJCL,6/25/2024,214.2,214.3,207.0,208.0,-0.95,48011.0,461.4,179.0
AKJCL,6/26/2024,207.1,212.0,206.2,207.0,-0.48,22591.0,461.4,179.0
AKJCL,6/27/2024,209.0,209.0,205.7,206.9,-0.05,20975.0,461.4,179.0
AKJCL,6/30/2024,206.1,207.0,203.0,204.5,-1.16,28990.0,461.4,179.0
AKJCL,7/1/2024,204.0,207.0,202.1,204.4,-0.05,14488.0,461.4,179.0
AKJCL,7/2/2024,208.4,221.0,206.2,211.0,3.23,56772.0,461.4,179.0
AKJCL,7/3/2024,207.5,209.9,206.0,207.0,-1.9,17290.0,461.4,179.0
AKJCL,7/4/2024,209.0,227.7,209.0,227.7,10.0,291775.0,461.4,179.0
AKJCL,7/7/2024,232.2,250.0,230.0,234.0,2.77,352443.0,461.4,179.0
AKJCL,7/8/2024,235.0,235.0,221.0,224.0,-4.27,141032.0,461.4,179.0
AKJCL,7/9/2024,220.2,223.9,219.6,221.0,-1.34,74445.0,461.4,179.0
AKJCL,7/10/2024,224.0,224.0,215.0,218.1,-1.31,164085.0,461.4,179.0
AKJCL,7/11/2024,220.0,222.0,218.0,219.0,0.41,121555.0,461.4,179.0
AKJCL,7/14/2024,223.3,227.0,218.0,223.7,2.15,166180.0,461.4,179.0
AKJCL,7/15/2024,228.1,228.1,218.9,220.0,-1.65,392073.0,461.4,179.0
AKJCL,7/16/2024,150.9,162.8,150.9,162.8,-26.0,49035.0,461.4,179.0
AKJCL,7/17/2024,166.0,179.0,166.0,179.0,9.95,49212.0,461.4,179.0
AKJCL,7/18/2024,182.5,196.9,182.5,196.9,10.0,507091.0,461.4,179.0
AKJCL,7/21/2024,200.8,212.0,195.5,199.0,1.07,398086.0,461.4,179.0
AKJCL,7/22/2024,202.0,212.1,193.0,205.0,3.02,185359.0,461.4,179.0
AKJCL,7/23/2024,203.0,209.1,200.0,207.7,1.32,198665.0,461.4,179.0
AKJCL,7/24/2024,210.0,213.9,200.0,202.0,-2.74,257270.0,461.4,179.0
AKJCL,7/25/2024,205.0,205.0,199.2,200.0,-0.99,125615.0,461.4,179.0
AKJCL,7/28/2024,204.0,214.2,200.0,202.1,1.05,151895.0,461.4,179.0
AKJCL,7/29/2024,205.0,205.0,198.6,201.0,-0.54,172151.0,461.4,179.0
AKJCL,7/30/2024,200.0,203.0,197.1,200.0,-0.5,183372.0,461.4,179.0
AKJCL,7/31/2024,203.0,213.0,198.0,208.5,4.25,390286.0,461.4,179.0
AKJCL,8/1/2024,210.0,212.6,205.0,205.5,-1.44,220330.0,461.4,179.0
AKJCL,8/5/2024,206.0,208.0,202.0,204.5,-0.49,135160.0,461.4,179.0
AKJCL,8/6/2024,204.2,206.0,195.0,195.4,-4.45,185004.0,461.4,179.0
AKJCL,8/7/2024,191.5,201.0,191.5,199.0,1.84,123645.0,461.4,179.0
AKJCL,8/8/2024,200.0,204.0,197.0,198.0,-0.5,161592.0,461.4,179.0
AKJCL,8/11/2024,201.9,217.8,199.0,217.8,10.0,566497.0,461.4,179.0
AKJCL,8/12/2024,222.1,239.5,222.1,239.5,9.96,336436.0,461.4,179.0
AKJCL,8/13/2024,244.2,263.1,243.0,246.7,3.01,387268.0,461.4,179.0
AKJCL,8/14/2024,251.6,267.0,234.0,258.0,4.58,411687.0,461.4,179.0
AKJCL,8/15/2024,263.1,272.0,254.8,268.0,3.88,465244.0,461.4,179.0
AKJCL,8/18/2024,273.0,274.9,253.0,257.0,-4.1,301997.0,461.4,179.0
AKJCL,8/21/2024,258.0,263.0,246.0,248.0,-3.5,206933.0,461.4,179.0
AKJCL,8/22/2024,243.1,254.0,240.1,246.1,-0.77,206443.0,461.4,179.0
AKJCL,8/25/2024,245.0,249.0,234.5,235.0,-4.51,201737.0,461.4,179.0
AKJCL,8/27/2024,239.7,239.7,218.0,219.0,-6.81,220961.0,461.4,179.0
AKJCL,8/28/2024,220.3,236.5,220.0,226.5,3.42,203630.0,461.4,179.0
AKJCL,8/29/2024,231.0,231.0,221.5,227.0,0.22,103699.0,461.4,179.0
AKJCL,9/1/2024,226.9,229.0,217.4,218.0,-3.96,104307.0,461.4,179.0
AKJCL,9/2/2024,214.0,239.0,214.0,237.0,8.72,172402.0,461.4,179.0
AKJCL,9/3/2024,240.0,246.1,236.0,238.0,0.42,128659.0,461.4,179.0
AKJCL,9/4/2024,242.7,242.7,225.0,228.9,-3.82,96600.0,461.4,179.0
AKJCL,9/5/2024,225.0,228.3,219.4,223.0,-2.58,88795.0,461.4,179.0
AKJCL,9/8/2024,223.0,227.4,220.6,221.0,-0.9,37848.0,461.4,179.0
AKJCL,9/9/2024,222.0,222.0,212.0,214.0,-3.17,73571.0,461.4,179.0
AKJCL,9/10/2024,216.2,222.0,210.8,213.5,-0.23,66546.0,461.4,179.0
AKJCL,9/11/2024,217.7,217.7,208.0,208.2,-2.48,68401.0,461.4,179.0
AKJCL,9/12/2024,208.2,228.0,208.2,224.0,7.59,70592.0,461.4,179.0
AKJCL,9/15/2024,226.4,231.5,214.0,215.9,-3.62,81711.0,461.4,179.0
AKJCL,9/16/2024,211.7,215.8,208.0,210.0,-2.73,83837.0,461.4,179.0
AKJCL,9/18/2024,211.0,213.0,204.0,207.1,-1.38,48995.0,461.4,179.0
AKJCL,9/22/2024,210.0,218.0,206.0,207.1,0.0,51364.0,461.4,179.0
AKJCL,9/23/2024,207.1,209.0,200.0,202.0,-2.46,71356.0,461.4,179.0
AKJCL,9/24/2024,200.0,205.8,194.0,194.9,-3.51,85666.0,461.4,179.0
AKJCL,9/25/2024,194.0,201.0,190.1,198.8,2.0,65725.0,461.4,179.0
AKJCL,9/26/2024,200.0,202.7,194.0,195.0,-1.91,41287.0,461.4,179.0
AKJCL,9/29/2024,192.0,195.0,187.6,190.0,-2.56,37641.0,461.4,179.0
AKJCL,9/30/2024,189.0,193.7,187.2,192.5,1.32,10567.0,461.4,179.0
AKJCL,10/1/2024,194.5,211.0,194.5,209.9,9.04,99634.0,461.4,179.0
AKJCL,10/2/2024,214.0,219.0,204.0,205.1,-2.29,72104.0,461.4,179.0
AKJCL,10/6/2024,205.0,213.0,200.9,213.0,3.85,53687.0,461.4,179.0
AKJCL,10/7/2024,213.0,220.0,213.0,216.0,1.41,48479.0,461.4,179.0
AKJCL,10/8/2024,216.0,219.0,210.0,212.0,-1.85,22498.0,461.4,179.0
AKJCL,10/9/2024,210.9,215.0,208.0,213.0,0.47,27678.0,461.4,179.0
AKJCL,10/15/2024,214.0,216.0,212.0,215.0,0.94,11650.0,461.4,179.0
AKJCL,10/16/2024,217.3,226.0,216.0,223.9,4.14,90364.0,461.4,179.0
AKJCL,10/17/2024,225.0,228.0,219.5,220.0,-1.74,58750.0,461.4,179.0
AKJCL,10/20/2024,215.6,218.7,212.0,213.0,-3.18,71155.0,461.4,179.0
AKJCL,10/21/2024,214.0,214.0,206.5,208.4,-2.16,54420.0,461.4,179.0
AKJCL,10/22/2024,208.0,212.9,208.0,212.0,1.73,36446.0,461.4,179.0
AKJCL,10/23/2024,216.2,216.2,208.3,209.0,-1.42,21494.0,461.4,179.0
AKJCL,10/24/2024,207.0,210.0,207.0,208.0,-0.48,32801.0,461.4,179.0
AKJCL,10/27/2024,212.1,212.1,206.0,207.5,-0.24,23299.0,461.4,179.0
AKJCL,10/28/2024,209.0,210.9,208.0,210.8,1.59,17676.0,461.4,179.0
AKJCL,10/29/2024,213.0,217.0,210.0,216.5,2.7,51681.0,461.4,179.0
AKJCL,10/30/2024,217.1,217.1,213.0,213.0,-1.62,26786.0,461.4,179.0
AKJCL,11/5/2024,217.0,217.0,211.5,211.5,-0.7,12667.0,461.4,179.0
AKJCL,11/6/2024,211.5,214.5,210.2,212.0,0.24,15665.0,461.4,179.0
AKJCL,11/10/2024,215.0,225.8,213.0,225.0,6.13,151269.0,461.4,179.0
AKJCL,11/11/2024,220.5,233.0,220.5,223.9,-0.49,85636.0,461.4,179.0
AKJCL,11/12/2024,219.5,219.5,201.6,212.9,-4.91,1198640.0,461.4,179.0
AKJCL,11/13/2024,211.0,214.0,209.0,210.0,-1.36,352575.0,461.4,179.0
AKJCL,11/14/2024,213.0,214.0,210.1,211.1,0.52,266665.0,461.4,179.0
AKJCL,11/17/2024,214.0,221.8,213.0,214.8,1.75,427283.0,461.4,179.0
AKJCL,11/19/2024,218.0,218.0,211.1,211.5,-1.54,365848.0,461.4,179.0
AKJCL,11/20/2024,211.5,217.8,209.7,215.0,1.65,330973.0,461.4,179.0
AKJCL,11/21/2024,215.0,217.5,211.0,211.1,-1.81,217582.0,461.4,179.0
AKJCL,11/24/2024,214.9,214.9,207.1,207.1,-1.89,205456.0,461.4,179.0
AKJCL,11/25/2024,211.0,211.0,207.0,207.5,0.19,154709.0,461.4,179.0
AKJCL,11/26/2024,211.6,215.8,209.0,212.0,2.17,183777.0,461.4,179.0
AKJCL,11/27/2024,214.9,215.0,212.0,213.0,0.47,190062.0,461.4,179.0
AKJCL,11/28/2024,214.0,215.0,210.5,211.0,-0.94,172989.0,461.4,179.0
AKJCL,12/1/2024,209.0,210.0,206.8,208.0,-1.42,184503.0,461.4,179.0
AKJCL,12/2/2024,212.0,217.0,207.8,212.0,1.92,441372.0,461.4,179.0
AKJCL,12/3/2024,207.8,216.1,207.8,213.0,0.47,254549.0,461.4,179.0
AKJCL,12/4/2024,216.0,229.0,213.7,223.8,5.07,1195984.0,461.4,179.0
AKJCL,12/5/2024,219.5,227.0,216.0,217.0,-3.04,487617.0,461.4,179.0
AKJCL,12/8/2024,221.0,221.0,210.0,212.0,-2.3,307817.0,461.4,179.0
AKJCL,12/9/2024,212.0,215.0,209.1,212.0,0.0,191382.0,461.4,179.0
AKJCL,12/10/2024,212.0,213.0,208.5,209.0,-1.42,182351.0,461.4,179.0
AKJCL,12/11/2024,209.0,215.9,208.5,215.0,2.87,168471.0,461.4,179.0
AKJCL,12/12/2024,219.3,219.3,209.0,209.5,-2.56,195728.0,461.4,179.0
AKJCL,12/16/2024,212.0,212.0,204.1,205.0,-2.15,263179.0,461.4,179.0
AKJCL,12/17/2024,205.0,208.0,203.0,205.0,0.0,141139.0,461.4,179.0
AKJCL,12/18/2024,205.0,209.0,203.0,203.9,-0.54,106487.0,461.4,179.0
AKJCL,12/19/2024,203.0,205.0,200.1,201.0,-1.42,154454.0,461.4,179.0
AKJCL,12/22/2024,201.0,203.0,197.0,198.2,-1.39,137289.0,461.4,179.0
AKJCL,12/23/2024,198.3,202.0,196.0,200.5,1.16,133575.0,461.4,179.0
AKJCL,12/24/2024,203.0,205.5,201.3,202.1,0.8,136707.0,461.4,179.0
AKJCL,12/26/2024,202.0,203.5,199.0,200.1,-0.99,84210.0,461.4,179.0
AKJCL,12/29/2024,203.0,203.0,196.5,197.0,-1.55,124123.0,461.4,179.0
AKJCL,12/31/2024,196.0,197.0,189.0,194.0,-1.52,197677.0,461.4,179.0
AKJCL,1/1/2025,194.0,195.8,192.0,194.0,0.0,81368.0,461.4,179.0
AKJCL,1/2/2025,195.0,195.4,192.5,194.4,0.21,87500.0,461.4,179.0
AKJCL,1/5/2025,198.2,198.2,192.3,195.5,0.57,71237.0,461.4,179.0
AKJCL,1/6/2025,199.0,205.0,195.3,204.0,4.35,223201.0,461.4,179.0
AKJCL,1/7/2025,204.0,207.7,202.0,203.0,-0.49,155370.0,461.4,179.0
AKJCL,1/8/2025,207.0,207.0,202.0,202.5,-0.25,106640.0,461.4,179.0
AKJCL,1/9/2025,201.7,204.0,199.2,201.0,-0.74,150227.0,461.4,179.0
AKJCL,1/12/2025,204.0,204.0,197.5,199.0,-1.0,82392.0,461.4,179.0
AKJCL,1/13/2025,200.0,200.0,196.2,196.5,-1.26,91436.0,461.4,179.0
AKJCL,1/15/2025,199.0,199.0,195.0,195.0,-0.76,80172.0,461.4,179.0
AKJCL,1/16/2025,195.0,197.9,194.0,194.5,-0.26,106960.0,461.4,179.0
AKJCL,1/19/2025,192.2,197.9,192.2,197.0,1.29,89771.0,461.4,179.0
AKJCL,1/20/2025,197.0,199.0,196.5,196.5,-0.25,99894.0,461.4,179.0
AKJCL,1/21/2025,197.0,198.6,194.3,194.5,-1.02,86047.0,461.4,179.0
AKJCL,1/22/2025,197.0,202.0,195.0,199.5,2.57,165835.0,461.4,179.0
AKJCL,1/23/2025,203.4,203.4,196.0,196.0,-1.75,103499.0,461.4,179.0
AKJCL,1/26/2025,196.0,200.9,196.0,197.0,0.51,98720.0,461.4,179.0
AKJCL,1/27/2025,198.1,199.0,194.2,195.0,-1.02,149756.0,461.4,179.0
AKJCL,1/28/2025,196.0,198.0,195.0,197.0,1.03,123350.0,461.4,179.0
AKJCL,2/2/2025,200.8,207.8,200.8,205.0,4.06,340429.0,461.4,179.0
AKJCL,2/3/2025,209.0,211.0,205.1,205.3,0.15,254645.0,461.4,179.0
AKJCL,2/4/2025,209.4,209.4,201.9,203.8,-0.73,235121.0,461.4,179.0
AKJCL,2/5/2025,204.0,207.8,203.0,205.0,0.59,241992.0,461.4,179.0
AKJCL,2/6/2025,203.9,207.5,203.0,203.1,-0.93,164878.0,461.4,179.0
AKJCL,2/9/2025,204.0,211.6,204.0,208.0,2.41,364159.0,461.4,179.0
AKJCL,2/10/2025,212.0,212.0,203.3,206.0,-0.96,142581.0,461.4,179.0
AKJCL,2/11/2025,210.0,210.0,203.0,204.9,-0.53,91585.0,461.4,179.0
AKJCL,2/12/2025,201.1,206.7,201.1,203.6,-0.63,105446.0,461.4,179.0
AKJCL,2/13/2025,199.7,207.0,199.7,205.0,0.69,150802.0,461.4,179.0
AKJCL,2/16/2025,209.1,209.1,202.0,207.0,0.98,198236.0,461.4,179.0
AKJCL,2/17/2025,206.0,209.9,206.0,206.2,-0.39,256256.0,461.4,179.0
AKJCL,2/18/2025,202.1,210.0,202.1,205.0,-0.58,141710.0,461.4,179.0
AKJCL,2/20/2025,200.9,206.4,200.9,202.9,-1.02,124030.0,461.4,179.0
AKJCL,2/23/2025,200.0,204.0,199.0,202.5,-0.2,164757.0,461.4,179.0
AKJCL,2/24/2025,198.5,207.0,198.5,205.0,1.23,181109.0,461.4,179.0
AKJCL,2/25/2025,204.0,206.4,203.1,203.3,-0.83,112464.0,461.4,179.0
AKJCL,2/27/2025,199.9,218.9,199.9,217.9,7.18,682497.0,461.4,179.0
AKJCL,3/2/2025,220.0,225.0,217.6,224.2,2.89,617029.0,461.4,179.0
AKJCL,3/3/2025,225.0,227.8,216.0,216.5,-3.43,458986.0,461.4,179.0
AKJCL,3/4/2025,212.2,231.0,212.2,222.9,2.96,925906.0,461.4,179.0
AKJCL,3/5/2025,227.3,229.5,222.0,224.8,0.85,650953.0,461.4,179.0
AKJCL,3/6/2025,220.4,226.4,220.4,221.9,-1.29,222256.0,461.4,179.0
AKJCL,3/9/2025,226.3,226.3,214.0,214.4,-3.38,328350.0,461.4,179.0
AKJCL,3/10/2025,214.6,218.4,210.9,214.0,-0.19,249996.0,461.4,179.0
AKJCL,3/11/2025,214.0,216.0,207.1,207.9,-2.85,231008.0,461.4,179.0
AKJCL,3/12/2025,203.8,212.0,203.8,210.0,1.01,176221.0,461.4,179.0
AKJCL,3/16/2025,212.0,213.0,205.3,207.8,-1.05,162900.0,461.4,179.0
AKJCL,3/17/2025,207.8,211.1,206.0,207.6,-0.1,172370.0,461.4,179.0
AKJCL,3/18/2025,207.0,211.5,206.5,208.5,0.43,129222.0,461.4,179.0
AKJCL,3/19/2025,210.0,210.0,205.0,206.0,-1.2,124643.0,461.4,179.0
AKJCL,3/20/2025,207.0,207.0,203.2,204.33,-0.81,130037.0,461.4,179.0
AKJCL,3/23/2025,208.4,208.4,200.1,200.79,-1.73,187625.0,461.4,179.0
AKJCL,3/24/2025,196.8,205.9,196.8,204.15,1.67,144996.0,461.4,179.0
AKJCL,3/25/2025,200.1,203.0,199.0,199.49,-2.28,155446.0,461.4,179.0
AKJCL,3/26/2025,195.6,203.0,195.6,201.55,1.03,114124.0,461.4,179.0
AKJCL,3/27/2025,203.0,204.6,200.2,204.07,1.25,130032.0,461.4,179.0
AKJCL,3/30/2025,203.0,209.8,202.0,207.03,1.45,183593.0,461.4,179.0
AKJCL,4/1/2025,209.0,210.0,203.1,205.12,-0.92,108263.0,461.4,179.0
AKJCL,4/2/2025,206.0,207.0,202.4,204.72,-0.2,69728.0,461.4,179.0
AKJCL,4/3/2025,204.0,207.0,203.0,203.16,-0.76,109881.0,461.4,179.0
AKJCL,4/7/2025,205.0,205.0,201.0,201.48,-0.83,83255.0,461.4,179.0
AKJCL,4/8/2025,203.4,203.4,198.1,202.23,0.37,112432.0,461.4,179.0
AKJCL,4/9/2025,204.0,205.0,200.3,201.84,-0.19,45674.0,461.4,179.0
AKJCL,4/10/2025,201.0,204.0,200.0,201.78,-0.03,85211.0,461.4,179.0
AKJCL,4/13/2025,203.0,203.8,199.0,199.83,-0.97,76878.0,461.4,179.0
AKJCL,4/15/2025,201.2,205.9,201.0,203.37,1.77,109758.0,461.4,179.0
AKJCL,4/16/2025,204.0,211.0,202.0,207.68,2.12,179387.0,461.4,179.0
AKJCL,4/17/2025,210.0,211.1,207.0,209.87,1.05,248800.0,461.4,179.0
AKJCL,4/20/2025,212.0,213.0,205.5,206.12,-1.79,139315.0,461.4,179.0
AKJCL,4/21/2025,208.1,216.0,205.6,210.74,2.24,281361.0,461.4,179.0
AKJCL,4/22/2025,211.0,214.0,207.0,207.39,-1.59,108809.0,461.4,179.0
AKJCL,4/23/2025,203.4,210.0,203.0,204.02,-1.62,88794.0,461.4,179.0
AKJCL,4/24/2025,200.0,206.0,200.0,204.27,0.12,155166.0,461.4,179.0
AKJCL,4/27/2025,206.9,209.0,204.3,205.67,0.69,147945.0,461.4,179.0
AKJCL,4/28/2025,209.7,215.9,205.6,206.88,0.59,325469.0,461.4,179.0
AKJCL,4/29/2025,207.0,209.0,206.0,206.05,-0.4,111895.0,461.4,179.0
AKJCL,4/30/2025,206.2,212.8,205.6,210.21,2.02,241252.0,461.4,179.0
AKJCL,5/4/2025,206.1,217.0,206.1,211.08,0.41,299558.0,461.4,179.0
AKJCL,5/5/2025,212.0,213.0,207.1,207.86,-1.53,129477.0,461.4,179.0
AKJCL,5/6/2025,208.0,211.0,208.0,209.92,0.99,162749.0,461.4,179.0
AKJCL,5/7/2025,214.0,219.1,211.0,215.95,2.87,597244.0,461.4,179.0
AKJCL,5/8/2025,211.7,224.5,211.7,219.19,1.5,659944.0,461.4,179.0
AKJCL,5/11/2025,220.0,223.0,212.8,213.63,-2.54,273578.0,461.4,179.0
AKJCL,5/13/2025,209.4,217.5,209.1,209.86,-1.76,188358.0,461.4,179.0
AKJCL,5/14/2025,205.7,214.0,205.7,206.59,-1.56,168194.0,461.4,179.0
AKJCL,5/15/2025,202.5,208.0,202.5,205.45,-0.55,185187.0,461.4,179.0
AKJCL,5/18/2025,209.5,209.5,205.0,205.35,-0.05,97802.0,461.4,179.0
AKJCL,5/19/2025,201.3,208.0,201.3,206.78,0.7,94361.0,461.4,179.0
AKJCL,5/20/2025,207.8,212.8,204.9,211.63,2.35,131647.0,461.4,179.0
AKJCL,5/21/2025,215.8,220.0,207.0,207.94,-1.74,219126.0,461.4,179.0
AKJCL,5/22/2025,204.0,211.0,204.0,206.15,-0.86,197824.0,461.4,179.0
AKJCL,5/25/2025,202.1,209.0,202.1,207.47,0.64,102803.0,461.4,179.0
AKJCL,5/26/2025,211.5,212.9,206.3,207.15,-0.15,129956.0,461.4,179.0
AKJCL,5/27/2025,206.2,207.9,204.1,206.6,-0.27,95713.0,461.4,179.0
AKJCL,5/28/2025,202.5,210.0,202.5,208.23,0.79,134788.0,461.4,179.0
AKJCL,6/2/2025,210.0,212.3,207.0,207.6,-0.3,117366.0,461.4,179.0
AKJCL,6/3/2025,210.0,210.0,205.1,205.97,-0.79,74767.0,461.4,179.0
AKJCL,6/4/2025,208.0,208.0,204.0,205.34,-0.31,119677.0,461.4,179.0
AKJCL,6/5/2025,206.9,207.0,204.0,205.65,0.15,99349.0,461.4,179.0
AKJCL,6/8/2025,209.0,209.0,204.9,205.05,-0.29,106941.0,461.4,179.0
AKJCL,6/9/2025,206.5,208.5,204.5,207.43,1.16,108637.0,461.4,179.0
AKJCL,6/10/2025,209.0,211.3,208.1,209.24,0.87,221707.0,461.4,179.0
AKJCL,6/11/2025,210.0,211.0,206.0,209.7,0.22,147936.0,461.4,179.0
AKJCL,6/12/2025,213.0,213.0,208.0,208.2,-0.72,238877.0,461.4,179.0
AKJCL,6/15/2025,209.0,215.0,208.0,213.55,2.57,343832.0,461.4,179.0
AKJCL,6/16/2025,215.0,218.0,211.4,211.96,-0.74,437254.0,461.4,179.0
AKJCL,6/17/2025,213.0,214.0,208.7,209.72,-1.06,93693.0,461.4,179.0
AKJCL,6/18/2025,210.0,213.5,210.0,211.23,0.72,123710.0,461.4,179.0
AKJCL,6/19/2025,213.2,222.0,211.0,218.06,3.23,1069499.0,461.4,179.0
AKJCL,6/22/2025,222.4,222.4,210.3,211.13,-3.18,307980.0,461.4,179.0
AKJCL,6/23/2025,210.5,213.8,208.4,209.88,-0.59,160563.0,461.4,179.0
AKJCL,6/24/2025,213.0,217.0,210.7,211.26,0.66,180434.0,461.4,179.0
AKJCL,6/25/2025,215.0,215.0,208.6,210.97,-0.14,96883.0,461.4,179.0
AKJCL,6/26/2025,214.6,215.0,209.6,210.93,-0.02,206445.0,461.4,179.0
AKJCL,6/29/2025,210.0,212.0,208.8,209.82,-0.53,120043.0,461.4,179.0
AKJCL,6/30/2025,205.7,215.3,205.7,210.61,0.38,143697.0,461.4,179.0
AKJCL,7/1/2025,214.0,214.0,208.0,211.53,0.44,137723.0,461.4,179.0
AKJCL,7/2/2025,215.7,215.7,209.0,210.63,-0.43,186417.0,461.4,179.0
AKJCL,7/3/2025,211.9,212.1,208.0,209.44,-0.56,202803.0,461.4,179.0
AKJCL,7/6/2025,210.0,211.9,208.0,208.24,-0.57,133030.0,461.4,179.0
AKJCL,7/7/2025,204.1,212.0,204.1,205.99,-1.08,122098.0,461.4,179.0
AKJCL,7/8/2025,207.0,208.8,203.1,207.91,0.93,97191.0,461.4,179.0
AKJCL,7/9/2025,209.9,209.9,207.0,208.34,0.21,76642.0,461.4,179.0
AKJCL,7/10/2025,210.0,211.4,206.4,206.84,-0.72,166632.0,461.4,179.0
AKJCL,7/13/2025,210.9,214.9,207.9,208.09,0.6,155264.0,461.4,179.0
AKJCL,7/14/2025,211.0,211.0,206.7,207.12,-0.47,111586.0,461.4,179.0
AKJCL,7/15/2025,203.0,209.5,203.0,208.52,0.68,153945.0,461.4,179.0
AKJCL,7/16/2025,212.6,212.6,206.1,208.2,-0.15,136500.0,461.4,179.0
AKJCL,7/17/2025,210.0,218.7,208.2,216.61,4.04,479214.0,461.4,179.0
AKJCL,7/20/2025,220.0,223.0,213.0,214.16,-1.13,526184.0,461.4,179.0
AKJCL,7/21/2025,216.0,217.6,212.5,215.16,0.47,280927.0,461.4,179.0
AKJCL,7/22/2025,215.0,220.0,215.0,218.31,1.46,365860.0,461.4,179.0
AKJCL,7/23/2025,218.0,227.5,218.0,224.33,2.76,709719.0,461.4,179.0
AKJCL,7/24/2025,219.9,233.5,219.9,228.59,1.9,487211.0,461.4,179.0
AKJCL,7/27/2025,230.0,232.9,221.0,222.15,-2.82,703373.0,461.4,179.0
AKJCL,7/28/2025,223.0,226.0,218.1,224.48,1.05,397960.0,461.4,179.0
AKJCL,7/29/2025,228.0,228.0,221.1,222.78,-0.76,262559.0,461.4,179.0
AKJCL,7/30/2025,219.0,226.0,217.5,217.82,-2.23,295474.0,461.4,179.0
AKJCL,7/31/2025,218.0,219.0,215.0,215.36,-1.13,308795.0,461.4,179.0
AKJCL,8/3/2025,215.0,216.0,211.1,211.92,-1.6,206019.0,461.4,179.0
AKJCL,8/4/2025,207.7,218.1,207.7,215.09,1.5,156500.0,461.4,179.0
AKJCL,8/5/2025,219.0,219.0,210.1,211.3,-1.76,111453.0,461.4,179.0
AKJCL,8/6/2025,215.5,215.5,209.1,209.65,-0.78,120120.0,461.4,179.0
AKJCL,8/7/2025,209.1,213.8,209.1,211.89,1.07,132711.0,461.4,179.0
AKJCL,8/11/2025,212.0,215.0,208.9,209.03,-1.35,151537.0,461.4,179.0
AKJCL,8/12/2025,209.5,211.0,207.0,207.75,-0.61,116097.0,461.4,179.0
AKJCL,8/13/2025,208.9,209.0,206.0,206.6,-0.55,83007.0,461.4,179.0
AKJCL,8/14/2025,209.7,209.7,206.0,207.2,0.29,98372.0,461.4,179.0
AKJCL,8/17/2025,206.3,208.7,206.0,206.25,-0.46,75642.0,461.4,179.0
AKJCL,8/18/2025,205.0,207.9,205.0,206.22,-0.01,99015.0,461.4,179.0
AKJCL,8/19/2025,208.0,208.1,206.0,206.37,0.07,64374.0,461.4,179.0
AKJCL,8/20/2025,205.0,207.0,205.0,205.13,-0.6,85931.0,461.4,179.0
AKJCL,8/21/2025,201.1,208.0,201.1,205.11,-0.01,65229.0,461.4,179.0
AKJCL,8/24/2025,203.5,207.0,203.5,203.78,-0.65,53345.0,461.4,179.0
AKJCL,8/25/2025,200.4,207.0,200.4,204.01,0.11,61146.0,461.4,179.0
AKJCL,8/26/2025,201.0,205.9,201.0,203.69,-0.16,40922.0,461.4,179.0
AKJCL,8/27/2025,204.0,208.0,202.0,207.85,2.04,66153.0,461.4,179.0
AKJCL,8/28/2025,210.0,210.0,203.5,204.08,-1.81,80486.0,461.4,179.0
AKJCL,8/31/2025,203.1,205.5,201.0,201.46,-1.28,80087.0,461.4,179.0
AKJCL,9/1/2025,200.0,203.4,200.0,202.91,0.72,36184.0,461.4,179.0
AKJCL,9/2/2025,204.9,204.9,200.1,200.42,-1.23,47363.0,461.4,179.0
AKJCL,9/3/2025,200.2,202.0,198.5,199.01,-0.7,70689.0,461.4,179.0
AKJCL,9/4/2025,200.0,200.0,196.0,197.11,-0.95,96919.0,461.4,179.0
AKJCL,9/7/2025,193.2,200.1,193.2,196.04,-0.54,36273.0,461.4,179.0
AKJCL,9/8/2025,195.2,197.0,191.1,191.33,-2.4,107453.0,461.4,179.0
AKJCL,9/18/2025,188.0,188.0,173.0,173.0,-9.58,12385.0,461.4,179.0
AKJCL,9/21/2025,173.0,190.3,172.9,190.3,10.0,159569.0,461.4,179.0
AKJCL,9/23/2025,192.0,200.0,192.0,199.9,5.04,111578.0,461.4,179.0
AKJCL,9/24/2025,201.0,201.0,194.0,195.3,-2.3,51286.0,461.4,179.0
AKJCL,9/25/2025,196.0,196.9,193.0,195.0,-0.15,52609.0,461.4,179.0
AKJCL,9/28/2025,195.1,197.0,194.0,196.5,0.77,15210.0,461.4,179.0
AKJCL,10/7/2025,195.0,198.0,191.1,192.9,-1.83,48204.0,461.4,179.0
AKJCL,10/8/2025,194.0,194.0,187.5,189.0,-2.02,77625.0,461.4,179.0
AKJCL,10/9/2025,192.7,203.0,191.1,192.5,1.85,66829.0,461.4,179.0
AKJCL,10/12/2025,190.0,191.5,185.0,187.0,-2.86,58952.0,461.4,179.0
AKJCL,10/13/2025,185.0,194.0,185.0,190.0,1.6,44632.0,461.4,179.0
AKJCL,10/14/2025,188.0,193.0,187.0,187.2,-1.47,30342.0,461.4,179.0
AKJCL,10/15/2025,187.0,188.9,184.0,184.9,-1.23,40467.0,461.4,179.0
AKJCL,10/16/2025,186.9,186.9,183.0,183.4,-0.81,48520.0,461.4,179.0
AKJCL,10/19/2025,184.0,187.9,184.0,184.0,0.33,25767.0,461.4,179.0
AKJCL,10/26/2025,181.1,185.7,179.0,183.1,-0.49,22190.0,461.4,179.0
AKJCL,10/28/2025,185.0,193.8,183.0,193.8,5.84,50987.0,461.4,179.0
AKJCL,10/29/2025,193.8,196.4,190.5,191.0,-1.44,53972.0,461.4,179.0
AKJCL,10/30/2025,188.1,196.8,187.2,194.0,1.57,76960.0,461.4,179.0
AKJCL,11/2/2025,196.9,199.7,192.9,198.7,2.42,57710.0,461.4,179.0
AKJCL,11/3/2025,199.0,200.9,195.0,195.2,-1.76,36109.0,461.4,179.0
AKJCL,11/4/2025,196.4,197.9,190.2,190.2,-2.56,41445.0,461.4,179.0
AKJCL,11/5/2025,190.0,193.4,186.4,192.0,0.95,38207.0,461.4,179.0
AKJCL,11/6/2025,195.8,195.8,190.0,190.4,-0.83,29173.0,461.4,179.0
AKJCL,11/9/2025,188.0,192.0,187.0,187.0,-1.79,37217.0,461.4,179.0
AKJCL,11/10/2025,190.7,190.7,185.2,186.2,-0.43,27762.0,461.4,179.0
AKJCL,11/11/2025,188.0,188.9,186.1,186.3,0.05,33315.0,461.4,179.0
AKJCL,11/12/2025,190.0,190.0,185.5,186.0,-0.16,21193.0,461.4,179.0
AKJCL,11/13/2025,188.0,188.0,185.0,186.8,0.43,30378.0,461.4,179.0
AKJCL,11/16/2025,187.0,189.0,184.3,185.5,-0.7,29570.0,461.4,179.0
AKJCL,11/17/2025,187.9,187.9,184.2,186.0,0.27,20152.0,461.4,179.0
AKJCL,11/18/2025,185.0,190.0,185.0,188.1,1.13,30468.0,461.4,179.0
AKJCL,11/19/2025,191.0,191.0,187.0,187.1,-0.53,17456.0,461.4,179.0
AKJCL,11/20/2025,186.6,188.7,185.1,186.9,-0.11,48359.0,461.4,179.0
AKJCL,11/23/2025,188.0,193.2,187.0,192.9,3.21,82587.0,461.4,179.0
AKJCL,11/24/2025,193.0,195.0,192.0,194.1,0.62,34527.0,461.4,179.0
AKJCL,11/25/2025,195.0,195.0,191.0,193.4,-0.36,37685.0,461.4,179.0
AKJCL,11/26/2025,191.5,192.9,190.1,191.0,-1.24,49374.0,461.4,179.0
AKJCL,11/27/2025,192.0,194.0,191.1,192.0,0.52,58816.0,461.4,179.0
AKJCL,11/30/2025,195.8,195.8,190.0,190.2,-0.94,54742.0,461.4,179.0
AKJCL,12/1/2025,190.0,192.0,188.0,190.0,-0.11,50310.0,461.4,179.0
AKJCL,12/2/2025,190.1,191.0,188.2,188.3,-0.89,25332.0,461.4,179.0
AKJCL,12/3/2025,190.0,191.0,187.0,187.5,-0.42,42060.0,461.4,179.0
AKJCL,12/7/2025,186.0,187.0,184.5,186.9,-0.32,63698.0,461.4,179.0
AKJCL,12/8/2025,186.0,187.8,184.1,186.0,-0.48,46839.0,461.4,179.0
AKJCL,12/9/2025,185.0,188.0,185.0,185.8,-0.11,33270.0,461.4,179.0
AKJCL,12/10/2025,186.0,186.8,184.5,184.5,-0.7,39735.0,461.4,179.0
AKJCL,12/11/2025,184.0,185.9,184.0,184.4,-0.05,39013.0,461.4,179.0
AKJCL,12/14/2025,185.0,186.0,182.7,183.0,-0.76,36775.0,461.4,179.0
AKJCL,12/15/2025,185.0,185.0,182.0,183.0,0.0,18667.0,461.4,179.0
AKJCL,12/16/2025,185.0,186.0,183.0,184.0,0.55,38330.0,461.4,179.0
AKJCL,12/17/2025,184.1,185.0,183.2,183.2,-0.43,56720.0,461.4,179.0
AKJCL,12/18/2025,183.2,185.0,182.0,182.4,-0.44,42178.0,461.4,179.0
AKJCL,12/21/2025,182.0,187.9,180.4,186.9,2.47,118955.0,461.4,179.0
AKJCL,12/22/2025,190.6,190.6,183.4,184.0,-1.55,30365.0,461.4,179.0
AKJCL,12/23/2025,184.0,185.1,182.1,183.0,-0.54,37248.0,461.4,179.0
AKJCL,12/24/2025,185.0,185.0,181.6,182.7,-0.16,52107.0,461.4,179.0
AKJCL,12/28/2025,184.0,188.1,184.0,186.7,2.19,55433.0,461.4,179.0
AKJCL,12/29/2025,188.0,190.6,186.5,186.9,0.11,142362.0,461.4,179.0
AKJCL,12/31/2025,188.0,195.0,188.0,192.4,2.94,172436.0,461.4,179.0
AKJCL,1/1/2026,196.0,196.0,191.2,193.0,0.31,85837.0,461.4,179.0
AKJCL,1/4/2026,195.0,195.0,190.0,190.8,-1.14,71231.0,461.4,179.0
AKJCL,1/5/2026,190.1,193.5,190.0,192.6,0.94,89437.0,461.4,179.0
AKJCL,1/6/2026,194.9,199.8,193.1,197.0,2.28,215922.0,461.4,179.0
AKJCL,1/7/2026,198.9,202.1,196.9,198.2,0.61,218322.0,461.4,179.0
AKJCL,1/8/2026,202.1,209.9,199.3,205.9,3.88,297985.0,461.4,179.0
AKJCL,1/12/2026,210.0,210.0,198.1,200.0,-2.87,166196.0,461.4,179.0
AKJCL,1/13/2026,200.0,203.0,200.0,201.9,0.95,145948.0,461.4,179.0
AKJCL,1/14/2026,202.0,203.5,200.0,202.8,0.45,113795.0,461.4,179.0
AKJCL,1/18/2026,201.1,211.5,201.1,209.1,3.11,404482.0,461.4,179.0
AKJCL,1/20/2026,211.0,229.5,210.2,226.1,8.13,1149972.0,461.4,179.0
AKJCL,1/21/2026,230.6,241.0,230.0,232.1,2.65,1840454.0,461.4,179.0
AKJCL,1/22/2026,235.0,244.5,232.1,244.0,5.13,1694796.0,461.4,179.0
AKJCL,1/25/2026,245.0,268.4,245.0,268.4,10.0,1668005.0,461.4,179.0
AKJCL,1/26/2026,273.7,291.0,269.0,282.2,5.14,2013923.0,461.4,179.0
AKJCL,1/27/2026,285.0,300.0,277.0,277.0,-1.84,1780888.0,461.4,179.0
AKJCL,1/28/2026,280.0,304.7,268.3,304.7,10.0,2919410.0,461.4,179.0
AKJCL,1/29/2026,305.0,321.0,300.0,312.0,2.4,1254601.0,461.4,179.0
AKJCL,2/1/2026,311.5,341.0,305.0,326.4,4.62,1746924.0,461.4,179.0
AKJCL,2/2/2026,319.9,338.0,319.9,326.9,0.15,1252669.0,461.4,179.0
AKJCL,2/3/2026,320.4,333.0,320.4,322.0,-1.5,1258177.0,461.4,179.0
AKJCL,2/4/2026,317.0,354.2,317.0,354.2,10.0,2346577.0,461.4,179.0
AKJCL,2/5/2026,361.2,372.3,351.0,352.8,-0.4,1125013.0,461.4,179.0
AKJCL,2/8/2026,357.0,376.0,351.0,363.0,2.89,1426865.0,461.4,179.0
AKJCL,2/9/2026,355.9,374.9,355.9,364.8,0.5,1321108.0,461.4,179.0
AKJCL,2/10/2026,364.8,372.0,355.5,359.1,-1.56,1128753.0,461.4,179.0
AKJCL,2/11/2026,365.9,392.0,360.0,385.0,7.21,1649954.0,461.4,179.0
AKJCL,2/12/2026,378.0,390.0,373.0,375.0,-2.6,1051684.0,461.4,179.0
AKJCL,2/16/2026,379.0,396.0,373.0,380.0,1.33,1361580.0,461.4,179.0
AKJCL,2/17/2026,379.9,388.1,369.0,373.0,-1.84,1182474.0,461.4,179.0
AKJCL,2/22/2026,373.0,373.2,335.7,342.1,-8.28,1782903.0,461.4,179.0
AKJCL,2/23/2026,335.3,352.8,335.0,343.0,0.26,1047593.0,461.4,179.0
AKJCL,2/24/2026,343.0,366.0,341.0,365.0,6.41,697148.0,461.4,179.0
AKJCL,2/25/2026,361.0,365.9,352.0,352.0,-3.56,803610.0,461.4,179.0
AKJCL,2/26/2026,359.0,359.0,349.0,352.0,0.0,598657.0,461.4,179.0
AKJCL,2/27/2026,359.0,359.0,349.0,352.0,0.0,598657.0,461.4,179.0
AKJCL,2/28/2026,359.0,359.0,349.0,352.0,0.0,598657.0,461.4,179.0
AKJCL,3/2/2026,345.1,362.8,345.0,361.5,2.7,742035.0,461.4,179.0
AKJCL,3/3/2026,360.0,374.2,360.0,371.9,2.88,936347.0,461.4,179.0
AKJCL,3/4/2026,360.0,374.2,360.0,371.9,0.0,936347.0,461.4,179.0
AKJCL,3/5/2026,360.0,374.2,360.0,371.9,0.0,936347.0,461.4,179.0
AKJCL,3/6/2026,360.0,374.2,360.0,371.9,0.0,936347.0,461.4,179.0
AKJCL,3/7/2026,360.0,374.2,360.0,371.9,0.0,936347.0,461.4,179.0
AKJCL,3/8/2026,360.0,374.2,360.0,371.9,0.0,936347.0,461.4,179.0
AKJCL,3/9/2026,379.3,409.0,379.3,394.0,5.94,40898.0,461.4,179.0
AKJCL,3/10/2026,394.0,394.0,373.4,377.8,-4.11,1834065.0,461.4,179.0
AKJCL,3/11/2026,380.0,389.6,375.0,379.6,0.48,1342506.0,461.4,179.0
AKJCL,3/12/2026,380.0,384.0,367.1,368.1,-3.03,913618.0,461.4,179.0
AKJCL,3/13/2026,380.0,384.0,367.1,368.1,0.0,913618.0,461.4,179.0
AKJCL,3/14/2026,380.0,384.0,367.1,368.1,0.0,913618.0,461.4,179.0
AKJCL,3/15/2026,375.4,379.8,362.0,377.8,2.64,948320.0,461.4,179.0
AKJCL,3/16/2026,380.0,400.0,371.0,396.0,4.82,1768702.0,461.4,179.0
AKJCL,3/17/2026,400.0,417.8,400.0,411.7,3.96,1258864.0,461.4,179.0
AKJCL,3/18/2026,400.0,417.8,400.0,411.7,0.0,1258864.0,461.4,179.0
AKJCL,3/19/2026,419.9,431.8,412.0,414.1,0.58,1412159.0,461.4,179.0
AKJCL,3/20/2026,419.9,431.8,412.0,414.1,0.0,1412159.0,461.4,179.0
AKJCL,3/21/2026,419.9,431.8,412.0,414.1,0.0,1412159.0,461.4,179.0
AKJCL,3/22/2026,417.9,420.0,404.9,409.0,-1.23,1720824.0,461.4,179.0
AKJCL,3/23/2026,417.0,421.0,405.2,419.0,2.44,980148.0,461.4,179.0
AKJCL,3/24/2026,419.2,420.0,410.0,411.4,-1.81,578832.0,461.4,179.0
AKJCL,3/25/2026,404.0,414.9,401.8,402.1,-2.26,709740.0,461.4,179.0
AKJCL,3/26/2026,395.0,415.0,395.0,415.0,5.06,808865.0,461.4,179.0
AKJCL,3/29/2026,415.0,420.1,402.0,406.9,-1.95,565146.0,461.4,179.0
AKJCL,3/30/2026,406.9,412.2,395.9,396.0,-2.68,703298.0,461.4,179.0
AKJCL,3/31/2026,398.0,403.0,386.0,395.5,-0.63,649934.0,461.4,179.0
AKJCL,4/1/2026,388.0,396.0,370.0,377.0,-2.84,1114099.0,461.4,179.0
AKJCL,4/2/2026,370.2,394.8,369.3,388.4,4.92,659026.0,461.4,179.0
AKJCL,4/5/2026,380.7,380.7,356.0,359.6,-5.54,712721.0,461.4,179.0
AKJCL,4/6/2026,366.7,389.0,359.4,381.0,3.9,684434.0,461.4,179.0
AKJCL,4/7/2026,388.6,392.0,377.1,390.0,0.36,612515.0,461.4,179.0
AKJCL,4/8/2026,394.9,400.0,386.0,392.6,-0.58,465936.0,461.4,179.0
AKJCL,4/9/2026,395.0,406.0,386.0,400.0,1.27,860475.0,461.4,179.0
AKJCL,4/10/2026,408.0,415.0,400.0,406.0,-0.49,771206.0,461.4,179.0
AKJCL,4/13/2026,406.0,411.0,399.0,401.6,-1.08,963143.0,461.4,179.0
AKJCL,4/15/2026,405.9,413.1,400.0,403.5,-0.59,727048.0,461.4,179.0
AKJCL,4/16/2026,404.5,404.5,385.5,386.0,-4.57,712262.0,461.4,179.0
AKJCL,4/17/2026,390.0,397.5,383.1,392.0,0.51,359221.0,461.4,179.0
AKJCL,4/20/2026,411.6,411.6,376.0,382.8,-7.0,622166.0,461.4,179.0
AKJCL,4/21/2026,363.7,389.5,363.7,375.0,3.11,343885.0,461.4,179.0
AKJCL,4/22/2026,375.0,388.2,362.0,383.0,2.13,565247.0,461.4,179.0
AKJCL,4/23/2026,402.0,402.0,372.1,393.0,-2.24,674988.0,461.4,179.0
AKJCL,4/24/2026,390.0,397.8,384.0,389.9,-0.03,520164.0,461.4,179.0
AKJCL,4/27/2026,405.0,405.0,385.3,396.7,-2.05,665750.0,461.4,179.0
AKJCL,4/28/2026,376.9,399.0,376.9,384.9,2.12,425841.0,461.4,179.0
AKJCL,4/29/2026,404.1,404.1,365.0,374.0,-7.45,393154.0,461.4,179.0
AKJCL,4/30/2026,373.0,377.1,355.0,375.0,0.54,602146.0,461.4,179.0
AKJCL,5/4/2026,389.0,389.0,349.7,351.0,-9.77,424809.0,461.4,179.0
AKJCL,5/5/2026,368.0,368.0,347.0,352.9,-4.1,229903.0,461.4,179.0
AKJCL,5/6/2026,370.0,370.0,343.1,349.9,-5.43,182309.0,461.4,179.0
AKJCL,5/7/2026,332.7,352.6,332.7,346.9,4.27,235332.0,461.4,179.0
AKJCL,5/8/2026,344.0,365.9,344.0,365.9,6.37,268683.0,461.4,179.0
AKJCL,5/11/2026,384.1,384.1,361.6,367.0,-4.45,267949.0,461.4,179.0
AKJCL,5/12/2026,367.0,372.0,345.0,350.0,-4.63,323055.0,461.4,179.0
AKJCL,5/13/2026,367.5,367.5,343.0,355.0,-3.4,193551.0,461.4,179.0
AKJCL,5/14/2026,372.7,372.7,343.1,352.4,-5.45,170733.0,461.4,179.0
AKJCL,5/15/2026,346.0,358.0,346.0,353.8,2.25,239930.0,461.4,179.0
AKJCL,5/18/2026,371.4,371.4,348.0,352.0,-5.22,133500.0,461.4,179.0
AKJCL,5/19/2026,350.0,354.0,345.0,354.0,1.14,248919.0,461.4,179.0
AKJCL,5/20/2026,350.0,370.0,350.0,368.9,5.4,491504.0,461.4,179.0
AKJCL,5/21/2026,387.3,387.3,365.0,375.0,-3.18,480462.0,461.4,179.0
AKJCL,5/22/2026,370.0,402.0,370.0,402.0,8.65,1123916.0,461.4,179.0
AKJCL,5/25/2026,402.0,420.0,402.0,418.0,3.98,1451995.0,461.4,179.0
AKJCL,5/26/2026,413.0,424.0,412.5,422.9,2.4,1118022.0,461.4,179.0
AKJCL,5/27/2026,422.9,441.2,420.6,440.0,4.04,1635606.0,461.4,179.0
AKJCL,6/1/2026,440.0,443.9,425.2,431.0,-2.05,997531.0,461.4,179.0
AKJCL,6/2/2026,410.0,440.9,410.0,439.9,7.29,1081313.0,461.4,179.0
AKJCL,6/3/2026,441.7,461.4,438.0,440.0,-0.38,988677.0,461.4,179.0
AKJCL,6/4/2026,418.0,455.0,418.0,424.9,1.65,747700.0,461.4,179.0
AKJCL,6/5/2026,428.0,428.0,407.0,413.0,-3.5,1350660.0,461.4,179.0
AKJCL,6/8/2026,393.0,420.0,393.0,404.8,3.0,341678.0,461.4,179.0
AKJCL,6/9/2026,425.0,425.0,395.0,409.1,-3.74,638777.0,461.4,179.0
AKJCL,6/10/2026,417.0,420.0,404.0,405.0,-2.88,680111.0,461.4,179.0
AKJCL,6/11/2026,384.8,412.7,384.8,403.0,4.73,385504.0,461.4,179.0
AKJCL,6/12/2026,383.0,417.0,383.0,409.1,6.81,553119.0,461.4,179.0
AKJCL,6/15/2026,429.5,429.5,393.1,397.0,-7.57,963808.0,461.4,179.0
AKJCL,6/16/2026,395.0,399.0,388.2,394.8,-0.05,814194.0,461.4,179.0
AKJCL,6/17/2026,376.0,405.7,376.0,396.9,5.56,402291.0,461.4,179.0
AKJCL,6/18/2026,416.7,416.7,380.0,381.0,-8.57,829827.0,461.4,179.0
AKJCL,6/19/2026,381.0,386.0,376.8,377.3,-0.97,514715.0,461.4,179.0
AKJCL,6/22/2026,396.1,396.1,376.0,380.2,-4.01,450266.0,461.4,179.0
AKJCL,6/23/2026,390.0,390.0,368.0,368.5,-5.51,913650.0,461.4,179.0
AKJCL,6/24/2026,368.5,375.0,356.0,371.5,0.81,815172.0,461.4,179.0
AKJCL,6/26/2026,363.3,369.9,361.0,362.6,-0.19,419420.0,461.4,179.0
AKJCL,6/29/2026,346.0,364.9,346.0,357.9,3.44,222203.0,461.4,179.0
AKJCL,6/30/2026,357.9,363.1,357.0,360.0,0.59,275111.0,461.4,179.0
AKJCL,7/1/2026,361.0,368.8,360.0,366.0,1.39,472111.0,461.4,179.0
AKJCL,7/2/2026,370.0,370.0,358.1,362.0,-2.16,231421.0,461.4,179.0
AKJCL,7/3/2026,363.9,364.2,356.0,358.0,-1.62,230860.0,461.4,179.0
AKJCL,7/6/2026,358.2,360.0,345.0,345.0,-3.69,280889.0,461.4,179.0
AKJCL,7/7/2026,345.2,356.0,345.2,355.0,2.84,349480.0,461.4,179.0
AKJCL,7/8/2026,360.0,360.0,342.0,343.0,-4.72,385593.0,461.4,179.0
AKJCL,7/9/2026,343.0,354.0,343.0,347.0,1.17,297549.0,461.4,179.0
AKJCL,7/10/2026,330.0,354.7,330.0,348.7,5.67,296296.0,461.4,179.0
AKJCL,7/13/2026,358.0,358.0,342.0,343.0,-4.19,277593.0,461.4,179.0
AKJCL,7/14/2026,326.0,348.8,326.0,340.0,4.29,496164.0,461.4,179.0
AKJCL,7/15/2026,336.0,351.8,336.0,343.7,2.29,323715.0,461.4,179.0
AKJCL,7/16/2026,344.0,351.0,336.5,337.0,-2.03,403201.0,461.4,179.0
AKJCL,7/17/2026,352.0,365.0,341.5,363.0,3.12,619740.0,461.4,179.0
AKJCL,7/20/2026,362.9,378.0,362.0,374.4,3.17,785535.0,461.4,179.0
AKJCL,7/21/2026,360.0,387.0,360.0,385.0,6.94,822835.0,461.4,179.0
AKJCL,7/22/2026,385.0,394.6,381.0,388.0,0.78,599402.0,461.4,179.0
AKJCL,7/23/2026,370.0,391.0,370.0,386.5,4.46,719259.0,461.4,179.0
AKJCL,7/24/2026,405.8,405.8,375.2,379.0,-6.6,515226.0,461.4,179.0
AKJCL,7/27/2026,379.0,381.0,364.0,366.2,-3.38,372666.0,461.4,179.0
AKJCL,7/28/2026,355.0,372.8,355.0,369.0,3.94,360028.0,461.4,179.0
AKJCL,7/29/2026,355.0,372.0,355.0,365.0,2.82,235655.0,461.4,179.0
AKJCL,7/30/2026,366.0,368.0,358.0,360.0,-1.64,246031.0,461.4,179.0
AKJCL,7/31/2026,360.0,367.9,357.1,366.0,1.67,223712.0,461.4,179.0
AKJCL,8/3/2026,368.5,370.0,361.2,362.0,-1.76,238164.0,461.4,179.0
AKJCL,8/4/2026,362.0,365.0,360.3,361.0,-0.28,183762.0,461.4,179.0
AKJCL,8/5/2026,363.1,369.0,359.0,367.1,1.1,274641.0,461.4,179.0
AKJCL,8/6/2026,385.4,385.4,370.0,374.0,-2.96,707966.0,461.4,179.0
AKJCL,8/7/2026,392.7,392.7,361.2,362.1,-7.79,322090.0,461.4,179.0
AKJCL,8/10/2026,355.0,368.9,355.0,366.9,3.35,237038.0,461.4,179.0
AKJCL,8/11/2026,350.0,371.9,350.0,365.0,4.29,283588.0,461.4,179.0
AKJCL,8/12/2026,350.0,368.8,350.0,363.8,3.94,259591.0,461.4,179.0
AKJCL,8/13/2026,364.0,369.8,361.1,363.0,-0.27,229686.0,461.4,179.0
AKJCL,8/14/2026,361.0,366.0,359.0,360.0,-0.28,161617.0,461.4,179.0
AKJCL,8/17/2026,345.0,368.0,345.0,355.5,3.04,188646.0,461.4,179.0
AKJCL,8/18/2026,360.0,360.0,349.1,349.1,-3.03,355959.0,461.4,179.0
AKJCL,8/19/2026,350.0,357.9,348.3,351.8,0.51,161396.0,461.4,179.0
AKJCL,8/20/2026,350.6,355.5,350.5,355.0,1.25,136047.0,461.4,179.0
AKJCL,8/21/2026,355.9,357.9,347.9,348.9,-1.97,303459.0,461.4,179.0
AKJCL,8/24/2026,348.0,352.9,345.0,346.0,-0.57,156596.0,461.4,179.0
AKJCL,8/25/2026,349.0,355.0,344.6,347.1,-0.54,280618.0,461.4,179.0
AKJCL,8/26/2026,364.4,364.4,337.1,338.0,-7.24,270728.0,461.4,179.0
AKJCL,8/27/2026,322.0,347.0,322.0,343.0,6.52,340803.0,461.4,179.0
AKJCL,8/31/2026,343.0,345.3,335.1,336.9,-1.78,136000.0,461.4,179.0
AKJCL,9/1/2026,332.1,346.0,332.1,342.6,3.16,302525.0,461.4,179.0
AKJCL,9/2/2026,358.0,358.0,333.3,344.3,-3.83,174884.0,461.4,179.0
AKJCL,9/3/2026,347.7,349.5,338.0,340.3,-2.13,281818.0,461.4,179.0
AKJCL,9/7/2026,357.3,357.3,340.0,340.6,-4.67,116479.0,461.4,179.0
AKJCL,9/9/2026,344.0,345.0,336.0,338.0,-1.74,246140.0,461.4,179.0
AKJCL,9/10/2026,340.0,341.0,330.0,332.1,-2.32,156469.0,461.4,179.0
AKJCL,9/11/2026,334.9,343.9,332.4,339.8,1.46,239711.0,461.4,179.0
AKJCL,9/14/2026,340.0,348.0,340.0,343.9,1.15,199427.0,461.4,179.0
AKJCL,9/15/2026,361.0,365.0,347.1,353.0,-2.22,345701.0,461.4,179.0
AKJCL,9/16/2026,355.0,355.0,346.0,346.5,-2.39,199222.0,461.4,179.0
AKJCL,9/17/2026,333.0,356.9,333.0,352.9,5.98,331657.0,461.4,179.0
AKJCL,9/18/2026,368.0,368.0,345.0,359.0,-2.45,368692.0,461.4,179.0
AKJCL,9/22/2026,341.1,372.0,341.1,364.8,6.95,378206.0,461.4,179.0
AKJCL,9/23/2026,368.0,368.0,354.0,358.0,-2.72,479494.0,461.4,179.0
AKJCL,9/24/2026,354.0,360.1,352.2,358.0,1.13,226896.0,461.4,179.0
AKJCL,9/28/2026,353.1,361.0,351.3,353.0,-0.03,130374.0,461.4,179.0
AKJCL,9/29/2026,361.0,361.0,349.0,0.0,-100.0,84494.0,461.4,179.0
AKJCL,9/30/2026,354.0,354.0,349.0,350.0,-1.13,136582.0,461.4,179.0
AKJCL,10/1/2026,353.9,360.0,351.6,353.7,-0.06,231649.0,461.4,179.0
AKJCL,10/2/2026,340.0,364.0,340.0,356.0,4.71,412690.0,461.4,179.0
AKPL,7/2/2017,421.0,420.0,405.0,410.0,,3952.0,317.0,231.1
AKPL,7/3/2017,410.0,418.0,405.0,406.0,-0.98,5055.0,317.0,231.1
AKPL,7/4/2017,406.0,412.0,400.0,409.0,0.74,1815.0,317.0,231.1
AKPL,7/5/2017,409.0,417.0,405.0,417.0,1.96,3711.0,317.0,231.1
AKPL,7/6/2017,417.0,425.0,409.0,425.0,1.92,1898.0,317.0,231.1
AKPL,7/9/2017,425.0,430.0,408.0,425.0,0.0,5553.0,317.0,231.1
AKPL,7/10/2017,425.0,425.0,401.0,415.0,-2.35,32236.0,317.0,231.1
AKPL,7/11/2017,415.0,417.0,408.0,417.0,0.48,4924.0,317.0,231.1
AKPL,7/12/2017,417.0,414.0,410.0,410.0,-1.68,3492.0,317.0,231.1
AKPL,7/13/2017,410.0,413.0,405.0,409.0,-0.24,2146.0,317.0,231.1
AKPL,7/16/2017,409.0,415.0,401.0,415.0,1.47,5459.0,317.0,231.1
AKPL,7/17/2017,415.0,416.0,407.0,412.0,-0.72,7175.0,317.0,231.1
AKPL,7/18/2017,412.0,441.0,405.0,434.0,5.34,9889.0,317.0,231.1
AKPL,7/19/2017,434.0,435.0,417.0,417.0,-3.92,10705.0,317.0,231.1
AKPL,7/20/2017,417.0,422.0,415.0,417.0,0.0,5106.0,317.0,231.1
AKPL,7/23/2017,417.0,425.0,411.0,416.0,-0.24,5856.0,317.0,231.1
AKPL,7/24/2017,416.0,423.0,411.0,412.0,-0.96,9148.0,317.0,231.1
AKPL,7/25/2017,412.0,423.0,404.0,411.0,-0.24,3866.0,317.0,231.1
AKPL,7/26/2017,411.0,416.0,410.0,415.0,0.97,6045.0,317.0,231.1
AKPL,7/27/2017,415.0,414.0,409.0,412.0,-0.72,3964.0,317.0,231.1
AKPL,7/30/2017,412.0,418.0,407.0,407.0,-1.21,11606.0,317.0,231.1
AKPL,7/31/2017,407.0,423.0,400.0,418.0,2.7,8062.0,317.0,231.1
AKPL,8/1/2017,418.0,420.0,404.0,420.0,0.48,6928.0,317.0,231.1
AKPL,8/2/2017,420.0,416.0,408.0,411.0,-2.14,4182.0,317.0,231.1
AKPL,8/3/2017,411.0,418.0,404.0,410.0,-0.24,3902.0,317.0,231.1
AKPL,8/6/2017,410.0,411.0,402.0,407.0,-0.73,3548.0,317.0,231.1
AKPL,8/7/2017,407.0,410.0,405.0,406.0,-0.25,3067.0,317.0,231.1
AKPL,8/9/2017,406.0,405.0,397.0,400.0,-1.48,11476.0,317.0,231.1
AKPL,8/10/2017,400.0,400.0,392.0,393.0,-1.75,8529.0,317.0,231.1
AKPL,8/13/2017,393.0,400.0,376.0,381.0,-3.05,5335.0,317.0,231.1
AKPL,8/15/2017,381.0,387.0,367.0,367.0,-3.67,5051.0,317.0,231.1
AKPL,8/16/2017,367.0,387.0,370.0,375.0,2.18,5715.0,317.0,231.1
AKPL,8/17/2017,375.0,375.0,364.0,368.0,-1.87,13588.0,317.0,231.1
AKPL,8/20/2017,368.0,370.0,356.0,362.0,-1.63,5245.0,317.0,231.1
AKPL,8/21/2017,362.0,366.0,350.0,366.0,1.1,6837.0,317.0,231.1
AKPL,8/22/2017,366.0,380.0,352.0,360.0,-1.64,2835.0,317.0,231.1
AKPL,8/23/2017,360.0,362.0,353.0,357.0,-0.83,10457.0,317.0,231.1
AKPL,8/24/2017,357.0,372.0,351.0,372.0,4.2,4775.0,317.0,231.1
AKPL,8/27/2017,372.0,378.0,350.0,378.0,1.61,9008.0,317.0,231.1
AKPL,8/28/2017,378.0,391.0,358.0,368.0,-2.65,6756.0,317.0,231.1
AKPL,8/30/2017,368.0,368.0,360.0,360.0,-2.17,2199.0,317.0,231.1
AKPL,8/31/2017,360.0,358.0,350.0,354.0,-1.67,6893.0,317.0,231.1
AKPL,9/4/2017,354.0,362.0,345.0,362.0,2.26,5940.0,317.0,231.1
AKPL,9/6/2017,362.0,365.0,346.0,350.0,-3.31,5791.0,317.0,231.1
AKPL,9/7/2017,350.0,352.0,346.0,348.0,-0.57,6831.0,317.0,231.1
AKPL,9/10/2017,348.0,342.0,330.0,332.0,-4.6,9243.0,317.0,231.1
AKPL,9/11/2017,332.0,340.0,326.0,335.0,0.9,2600.0,317.0,231.1
AKPL,9/12/2017,335.0,339.0,326.0,330.0,-1.49,3991.0,317.0,231.1
AKPL,9/13/2017,330.0,335.0,326.0,330.0,0.0,2061.0,317.0,231.1
AKPL,9/14/2017,330.0,342.0,324.0,342.0,3.64,2678.0,317.0,231.1
AKPL,9/17/2017,342.0,350.0,340.0,340.0,-0.58,4138.0,317.0,231.1
AKPL,9/18/2017,340.0,346.0,334.0,336.0,-1.18,1968.0,317.0,231.1
AKPL,9/20/2017,336.0,336.0,326.0,333.0,-0.89,1664.0,317.0,231.1
AKPL,9/24/2017,333.0,337.0,328.0,335.0,0.6,779.0,317.0,231.1
AKPL,9/25/2017,335.0,343.0,339.0,340.0,1.49,1680.0,317.0,231.1
AKPL,9/26/2017,340.0,341.0,330.0,340.0,0.0,3344.0,317.0,231.1
AKPL,10/4/2017,340.0,346.0,330.0,332.0,-2.35,2804.0,317.0,231.1
AKPL,10/8/2017,332.0,326.0,315.0,317.0,-4.52,1817.0,317.0,231.1
AKPL,10/9/2017,317.0,319.0,315.0,318.0,0.32,2361.0,317.0,231.1
AKPL,10/10/2017,318.0,323.0,312.0,323.0,1.57,1247.0,317.0,231.1
AKPL,10/11/2017,323.0,326.0,317.0,325.0,0.62,277.0,317.0,231.1
AKPL,10/12/2017,325.0,324.0,317.0,320.0,-1.54,4026.0,317.0,231.1
AKPL,10/15/2017,320.0,325.0,315.0,325.0,1.56,1226.0,317.0,231.1
AKPL,10/16/2017,325.0,336.0,320.0,326.0,0.31,389.0,317.0,231.1
AKPL,10/17/2017,326.0,338.0,321.0,328.0,0.61,1323.0,317.0,231.1
AKPL,10/18/2017,328.0,329.0,317.0,329.0,0.3,215.0,317.0,231.1
AKPL,10/22/2017,329.0,351.0,335.0,351.0,6.69,6572.0,317.0,231.1
AKPL,10/23/2017,351.0,355.0,340.0,342.0,-2.56,2467.0,317.0,231.1
AKPL,10/24/2017,342.0,346.0,340.0,344.0,0.58,779.0,317.0,231.1
AKPL,10/25/2017,344.0,344.0,335.0,338.0,-1.74,2006.0,317.0,231.1
AKPL,10/29/2017,338.0,346.0,333.0,335.0,-0.89,1668.0,317.0,231.1
AKPL,10/30/2017,335.0,335.0,330.0,332.0,-0.9,5677.0,317.0,231.1
AKPL,10/31/2017,332.0,335.0,327.0,334.0,0.6,1710.0,317.0,231.1
AKPL,11/1/2017,334.0,338.0,328.0,329.0,-1.5,2946.0,317.0,231.1
AKPL,11/2/2017,329.0,331.0,323.0,327.0,-0.61,1048.0,317.0,231.1
AKPL,11/5/2017,327.0,325.0,321.0,325.0,-0.61,1982.0,317.0,231.1
AKPL,11/6/2017,325.0,331.0,322.0,326.0,0.31,2142.0,317.0,231.1
AKPL,11/7/2017,326.0,330.0,320.0,330.0,1.23,982.0,317.0,231.1
AKPL,11/8/2017,330.0,330.0,319.0,322.0,-2.42,1927.0,317.0,231.1
AKPL,11/9/2017,322.0,338.0,320.0,326.0,1.24,3682.0,317.0,231.1
AKPL,11/12/2017,326.0,330.0,324.0,327.0,0.31,1146.0,317.0,231.1
AKPL,11/13/2017,327.0,342.0,321.0,342.0,4.59,2082.0,317.0,231.1
AKPL,11/14/2017,342.0,348.0,334.0,346.0,1.17,8731.0,317.0,231.1
AKPL,11/15/2017,346.0,342.0,332.0,337.0,-2.6,2178.0,317.0,231.1
AKPL,11/16/2017,337.0,343.0,327.0,332.0,-1.48,2407.0,317.0,231.1
AKPL,11/19/2017,332.0,340.0,326.0,335.0,0.9,45210.0,317.0,231.1
AKPL,11/20/2017,335.0,338.0,330.0,336.0,0.3,2051.0,317.0,231.1
AKPL,11/21/2017,336.0,351.0,330.0,351.0,4.46,7667.0,317.0,231.1
AKPL,11/22/2017,351.0,353.0,334.0,343.0,-2.28,2724.0,317.0,231.1
AKPL,11/23/2017,343.0,353.0,343.0,353.0,2.92,5691.0,317.0,231.1
AKPL,11/26/2017,353.0,364.0,347.0,354.0,0.28,3578.0,317.0,231.1
AKPL,11/27/2017,354.0,361.0,336.0,351.0,-0.85,4960.0,317.0,231.1
AKPL,11/28/2017,351.0,358.0,344.0,348.0,-0.85,695.0,317.0,231.1
AKPL,11/29/2017,348.0,369.0,353.0,354.0,1.72,9802.0,317.0,231.1
AKPL,11/30/2017,354.0,365.0,344.0,365.0,3.11,5588.0,317.0,231.1
AKPL,12/4/2017,365.0,372.0,344.0,358.0,-1.92,6724.0,317.0,231.1
AKPL,12/5/2017,358.0,360.0,351.0,356.0,-0.56,1846.0,317.0,231.1
AKPL,12/6/2017,356.0,372.0,355.0,372.0,4.49,13162.0,317.0,231.1
AKPL,12/10/2017,372.0,379.0,365.0,367.0,-1.34,1943.0,317.0,231.1
AKPL,12/11/2017,367.0,374.0,355.0,370.0,0.82,1935.0,317.0,231.1
AKPL,12/12/2017,370.0,373.0,359.0,362.0,-2.16,2947.0,317.0,231.1
AKPL,12/13/2017,362.0,367.0,356.0,364.0,0.55,2390.0,317.0,231.1
AKPL,12/14/2017,364.0,370.0,357.0,360.0,-1.1,487.0,317.0,231.1
AKPL,12/17/2017,360.0,360.0,354.0,360.0,0.0,1060.0,317.0,231.1
AKPL,12/18/2017,360.0,368.0,359.0,360.0,0.0,4378.0,317.0,231.1
AKPL,12/19/2017,360.0,360.0,351.0,358.0,-0.56,3355.0,317.0,231.1
AKPL,12/20/2017,358.0,358.0,351.0,356.0,-0.56,1458.0,317.0,231.1
AKPL,12/21/2017,356.0,362.0,346.0,350.0,-1.69,3925.0,317.0,231.1
AKPL,12/24/2017,350.0,351.0,346.0,348.0,-0.57,466.0,317.0,231.1
AKPL,12/26/2017,348.0,352.0,338.0,341.0,-2.01,3621.0,317.0,231.1
AKPL,12/27/2017,341.0,346.0,326.0,346.0,1.47,1892.0,317.0,231.1
AKPL,12/28/2017,346.0,341.0,334.0,341.0,-1.45,961.0,317.0,231.1
AKPL,12/31/2017,341.0,339.0,332.0,335.0,-1.76,2374.0,317.0,231.1
AKPL,1/1/2018,335.0,347.0,334.0,341.0,1.79,1358.0,317.0,231.1
AKPL,1/2/2018,341.0,346.0,337.0,343.0,0.59,1127.0,317.0,231.1
AKPL,1/3/2018,343.0,343.0,333.0,337.0,-1.75,3199.0,317.0,231.1
AKPL,1/4/2018,337.0,342.0,338.0,342.0,1.48,1449.0,317.0,231.1
AKPL,1/7/2018,342.0,344.0,338.0,339.0,-0.88,1013.0,317.0,231.1
AKPL,1/8/2018,339.0,342.0,335.0,341.0,0.59,235.0,317.0,231.1
AKPL,1/9/2018,341.0,345.0,335.0,340.0,-0.29,1199.0,317.0,231.1
AKPL,1/10/2018,340.0,346.0,337.0,342.0,0.59,828.0,317.0,231.1
AKPL,1/14/2018,342.0,341.0,333.0,341.0,-0.29,1078.0,317.0,231.1
AKPL,1/16/2018,341.0,340.0,332.0,337.0,-1.17,991.0,317.0,231.1
AKPL,1/17/2018,337.0,337.0,333.0,335.0,-0.59,2095.0,317.0,231.1
AKPL,1/21/2018,335.0,338.0,331.0,332.0,-0.9,2711.0,317.0,231.1
AKPL,1/22/2018,332.0,334.0,327.0,334.0,0.6,1374.0,317.0,231.1
AKPL,1/23/2018,334.0,337.0,325.0,330.0,-1.2,1780.0,317.0,231.1
AKPL,1/24/2018,330.0,335.0,329.0,335.0,1.52,732.0,317.0,231.1
AKPL,1/25/2018,335.0,340.0,330.0,340.0,1.49,1334.0,317.0,231.1
AKPL,1/28/2018,340.0,344.0,328.0,334.0,-1.76,917.0,317.0,231.1
AKPL,1/29/2018,334.0,332.0,328.0,332.0,-0.6,423.0,317.0,231.1
AKPL,1/31/2018,332.0,335.0,332.0,335.0,0.9,1510.0,317.0,231.1
AKPL,2/1/2018,335.0,343.0,331.0,335.0,0.0,461.0,317.0,231.1
AKPL,2/4/2018,335.0,337.0,329.0,334.0,-0.3,2004.0,317.0,231.1
AKPL,2/5/2018,334.0,330.0,326.0,327.0,-2.1,9369.0,317.0,231.1
AKPL,2/6/2018,327.0,325.0,319.0,319.0,-2.45,4833.0,317.0,231.1
AKPL,2/7/2018,319.0,329.0,315.0,329.0,3.13,203.0,317.0,231.1
AKPL,2/8/2018,329.0,332.0,317.0,321.0,-2.43,1419.0,317.0,231.1
AKPL,2/11/2018,321.0,325.0,315.0,325.0,1.25,2621.0,317.0,231.1
AKPL,2/12/2018,325.0,322.0,316.0,322.0,-0.92,2380.0,317.0,231.1
AKPL,2/14/2018,322.0,329.0,313.0,329.0,2.17,5369.0,317.0,231.1
AKPL,2/15/2018,329.0,333.0,317.0,329.0,0.0,3802.0,317.0,231.1
AKPL,2/18/2018,335.0,335.0,335.0,335.0,1.82,10.0,317.0,231.1
AKPL,2/20/2018,329.0,329.0,314.0,318.0,-5.07,2435.0,317.0,231.1
AKPL,2/21/2018,313.0,319.0,313.0,319.0,0.31,156.0,317.0,231.1
AKPL,2/22/2018,313.0,320.0,313.0,318.0,-0.31,1253.0,317.0,231.1
AKPL,2/25/2018,312.0,318.0,312.0,315.0,-0.94,367.0,317.0,231.1
AKPL,2/26/2018,309.0,310.0,305.0,306.0,-2.86,3368.0,317.0,231.1
AKPL,2/27/2018,302.0,310.0,301.0,304.0,-0.65,2068.0,317.0,231.1
AKPL,2/28/2018,300.0,301.0,285.0,290.0,-4.61,8975.0,317.0,231.1
AKPL,3/4/2018,285.0,285.0,261.0,273.0,-5.86,3241.0,317.0,231.1
AKPL,3/5/2018,269.0,269.0,255.0,255.0,-6.59,9399.0,317.0,231.1
AKPL,3/6/2018,252.0,261.0,251.0,261.0,2.35,5031.0,317.0,231.1
AKPL,3/7/2018,256.0,271.0,256.0,269.0,3.07,717.0,317.0,231.1
AKPL,3/11/2018,264.0,265.0,250.0,252.0,-6.32,5178.0,317.0,231.1
AKPL,3/12/2018,247.0,251.0,243.0,250.0,-0.79,1707.0,317.0,231.1
AKPL,3/13/2018,248.0,252.0,248.0,252.0,0.8,435.0,317.0,231.1
AKPL,3/14/2018,249.0,257.0,249.0,254.0,0.79,748.0,317.0,231.1
AKPL,3/15/2018,259.0,259.0,258.0,258.0,1.57,513.0,317.0,231.1
AKPL,3/18/2018,253.0,258.0,250.0,258.0,0.0,1337.0,317.0,231.1
AKPL,3/19/2018,253.0,253.0,244.0,245.0,-5.04,1016.0,317.0,231.1
AKPL,3/20/2018,245.0,246.0,240.0,240.0,-2.04,2751.0,317.0,231.1
AKPL,3/21/2018,237.0,239.0,233.0,238.0,-0.83,1483.0,317.0,231.1
AKPL,3/22/2018,234.0,237.0,230.0,235.0,-1.26,2077.0,317.0,231.1
AKPL,3/26/2018,231.0,231.0,226.0,227.0,-3.4,1404.0,317.0,231.1
AKPL,3/27/2018,223.0,231.0,212.0,231.0,1.76,1880.0,317.0,231.1
AKPL,3/28/2018,228.0,228.0,220.0,223.0,-3.46,951.0,317.0,231.1
AKPL,3/29/2018,223.0,235.0,223.0,235.0,5.38,1353.0,317.0,231.1
AKPL,4/1/2018,231.0,235.0,219.0,232.0,-1.28,2310.0,317.0,231.1
AKPL,4/2/2018,236.0,236.0,225.0,227.0,-2.16,1187.0,317.0,231.1
AKPL,4/3/2018,230.0,230.0,225.0,225.0,-0.88,446.0,317.0,231.1
AKPL,4/4/2018,229.0,236.0,229.0,236.0,4.89,1033.0,317.0,231.1
AKPL,4/5/2018,240.0,248.0,236.0,238.0,0.85,1888.0,317.0,231.1
AKPL,4/8/2018,241.0,261.0,241.0,261.0,9.66,3470.0,317.0,231.1
AKPL,4/9/2018,266.0,271.0,248.0,250.0,-4.21,6422.0,317.0,231.1
AKPL,4/10/2018,245.0,250.0,242.0,245.0,-2.0,3483.0,317.0,231.1
AKPL,4/11/2018,241.0,248.0,237.0,245.0,0.0,645.0,317.0,231.1
AKPL,4/12/2018,245.0,256.0,245.0,249.0,1.63,1178.0,317.0,231.1
AKPL,4/15/2018,245.0,250.0,245.0,250.0,0.4,793.0,317.0,231.1
AKPL,4/16/2018,245.0,270.0,245.0,265.0,6.0,3553.0,317.0,231.1
AKPL,4/17/2018,270.0,284.0,264.0,274.0,3.4,5001.0,317.0,231.1
AKPL,4/18/2018,269.0,301.0,269.0,291.0,6.2,7701.0,317.0,231.1
AKPL,4/19/2018,296.0,305.0,286.0,300.0,3.09,17076.0,317.0,231.1
AKPL,4/22/2018,306.0,330.0,306.0,330.0,10.0,16988.0,317.0,231.1
AKPL,4/23/2018,336.0,349.0,313.0,343.0,3.94,19600.0,317.0,231.1
AKPL,4/24/2018,337.0,349.0,326.0,333.0,-2.92,7518.0,317.0,231.1
AKPL,4/25/2018,327.0,340.0,321.0,334.0,0.3,5874.0,317.0,231.1
AKPL,4/26/2018,329.0,330.0,314.0,316.0,-5.39,5745.0,317.0,231.1
AKPL,4/29/2018,316.0,325.0,310.0,325.0,2.85,7009.0,317.0,231.1
AKPL,5/2/2018,319.0,325.0,314.0,321.0,-1.23,963.0,317.0,231.1
AKPL,5/3/2018,327.0,335.0,321.0,324.0,0.93,5461.0,317.0,231.1
AKPL,5/6/2018,318.0,321.0,306.0,314.0,-3.09,2314.0,317.0,231.1
AKPL,5/7/2018,314.0,322.0,310.0,312.0,-0.64,9012.0,317.0,231.1
AKPL,5/8/2018,315.0,322.0,311.0,322.0,3.21,3454.0,317.0,231.1
AKPL,5/9/2018,320.0,326.0,315.0,320.0,-0.62,2692.0,317.0,231.1
AKPL,5/10/2018,319.0,326.0,314.0,323.0,0.94,3467.0,317.0,231.1
AKPL,5/14/2018,317.0,317.0,305.0,314.0,-2.79,1876.0,317.0,231.1
AKPL,5/15/2018,320.0,320.0,311.0,311.0,-0.96,1279.0,317.0,231.1
AKPL,5/16/2018,312.0,315.0,306.0,314.0,0.96,2397.0,317.0,231.1
AKPL,5/17/2018,320.0,326.0,310.0,311.0,-0.96,2033.0,317.0,231.1
AKPL,5/20/2018,315.0,321.0,308.0,311.0,0.0,2774.0,317.0,231.1
AKPL,5/21/2018,307.0,312.0,307.0,311.0,0.0,840.0,317.0,231.1
AKPL,5/22/2018,308.0,312.0,308.0,309.0,-0.64,2102.0,317.0,231.1
AKPL,5/23/2018,309.0,309.0,305.0,305.0,-1.29,881.0,317.0,231.1
AKPL,5/24/2018,300.0,310.0,300.0,308.0,0.98,900.0,317.0,231.1
AKPL,5/27/2018,302.0,306.0,300.0,300.0,-2.6,3135.0,317.0,231.1
AKPL,5/28/2018,299.0,315.0,295.0,315.0,5.0,1667.0,317.0,231.1
AKPL,5/29/2018,312.0,312.0,305.0,305.0,-3.17,3234.0,317.0,231.1
AKPL,5/30/2018,310.0,316.0,304.0,304.0,-0.33,628.0,317.0,231.1
AKPL,5/31/2018,305.0,305.0,294.0,300.0,-1.32,2706.0,317.0,231.1
AKPL,6/3/2018,295.0,295.0,281.0,288.0,-4.0,4620.0,317.0,231.1
AKPL,6/4/2018,288.0,289.0,283.0,284.0,-1.39,1133.0,317.0,231.1
AKPL,6/6/2018,289.0,304.0,289.0,294.0,3.52,1061.0,317.0,231.1
AKPL,6/7/2018,289.0,289.0,282.0,289.0,-1.7,4339.0,317.0,231.1
AKPL,6/10/2018,294.0,298.0,287.0,290.0,0.35,538.0,317.0,231.1
AKPL,6/11/2018,285.0,291.0,280.0,286.0,-1.38,2101.0,317.0,231.1
AKPL,6/12/2018,281.0,290.0,276.0,290.0,1.4,819.0,317.0,231.1
AKPL,6/13/2018,290.0,290.0,280.0,283.0,-2.41,523.0,317.0,231.1
AKPL,6/14/2018,283.0,305.0,283.0,292.0,3.18,3089.0,317.0,231.1
AKPL,6/17/2018,295.0,300.0,279.0,287.0,-1.71,756.0,317.0,231.1
AKPL,6/18/2018,287.0,291.0,281.0,291.0,1.39,603.0,317.0,231.1
AKPL,6/19/2018,296.0,296.0,285.0,286.0,-1.72,562.0,317.0,231.1
AKPL,6/20/2018,285.0,285.0,282.0,282.0,-1.4,596.0,317.0,231.1
AKPL,6/21/2018,277.0,292.0,277.0,292.0,3.55,125.0,317.0,231.1
AKPL,6/24/2018,287.0,287.0,282.0,282.0,-3.42,918.0,317.0,231.1
AKPL,6/25/2018,282.0,282.0,270.0,274.0,-2.84,1110.0,317.0,231.1
AKPL,6/26/2018,276.0,276.0,270.0,270.0,-1.46,1612.0,317.0,231.1
AKPL,6/27/2018,265.0,275.0,265.0,272.0,0.74,963.0,317.0,231.1
AKPL,6/28/2018,272.0,272.0,265.0,265.0,-2.57,3924.0,317.0,231.1
AKPL,7/1/2018,260.0,266.0,260.0,264.0,-0.38,3222.0,317.0,231.1
AKPL,7/2/2018,259.0,263.0,251.0,263.0,-0.38,1340.0,317.0,231.1
AKPL,7/3/2018,264.0,264.0,252.0,255.0,-3.04,1738.0,317.0,231.1
AKPL,7/4/2018,250.0,266.0,248.0,261.0,2.35,1428.0,317.0,231.1
AKPL,7/5/2018,266.0,274.0,261.0,274.0,4.98,4198.0,317.0,231.1
AKPL,7/8/2018,274.0,281.0,263.0,268.0,-2.19,4705.0,317.0,231.1
AKPL,7/9/2018,268.0,271.0,260.0,262.0,-2.24,3034.0,317.0,231.1
AKPL,7/10/2018,258.0,269.0,257.0,258.0,-1.53,1384.0,317.0,231.1
AKPL,7/11/2018,259.0,266.0,258.0,261.0,1.16,933.0,317.0,231.1
AKPL,7/12/2018,260.0,260.0,250.0,250.0,-4.21,1595.0,317.0,231.1
AKPL,7/15/2018,248.0,257.0,248.0,257.0,2.8,2540.0,317.0,231.1
AKPL,7/16/2018,257.0,260.0,255.0,260.0,1.17,415.0,317.0,231.1
AKPL,7/17/2018,255.0,260.0,255.0,260.0,0.0,52.0,317.0,231.1
AKPL,7/18/2018,256.0,260.0,256.0,260.0,0.0,149.0,317.0,231.1
AKPL,7/19/2018,255.0,258.0,254.0,255.0,-1.92,1251.0,317.0,231.1
AKPL,7/22/2018,250.0,255.0,250.0,252.0,-1.18,220.0,317.0,231.1
AKPL,7/23/2018,254.0,257.0,253.0,257.0,1.98,896.0,317.0,231.1
AKPL,7/24/2018,257.0,262.0,257.0,258.0,0.39,393.0,317.0,231.1
AKPL,7/25/2018,255.0,256.0,254.0,256.0,-0.78,497.0,317.0,231.1
AKPL,7/26/2018,255.0,255.0,250.0,252.0,-1.56,873.0,317.0,231.1
AKPL,7/29/2018,252.0,254.0,252.0,254.0,0.79,454.0,317.0,231.1
AKPL,7/30/2018,255.0,255.0,252.0,255.0,0.39,192.0,317.0,231.1
AKPL,7/31/2018,260.0,260.0,247.0,251.0,-1.57,377.0,317.0,231.1
AKPL,8/1/2018,256.0,261.0,250.0,251.0,0.0,588.0,317.0,231.1
AKPL,8/2/2018,255.0,260.0,252.0,255.0,1.59,1032.0,317.0,231.1
AKPL,8/5/2018,252.0,253.0,250.0,250.0,-1.96,830.0,317.0,231.1
AKPL,8/6/2018,254.0,257.0,249.0,256.0,2.4,1252.0,317.0,231.1
AKPL,8/7/2018,260.0,260.0,253.0,253.0,-1.17,1796.0,317.0,231.1
AKPL,8/8/2018,255.0,255.0,250.0,251.0,-0.79,658.0,317.0,231.1
AKPL,8/9/2018,252.0,252.0,249.0,251.0,0.0,1613.0,317.0,231.1
AKPL,8/12/2018,248.0,249.0,247.0,249.0,-0.8,381.0,317.0,231.1
AKPL,8/13/2018,250.0,252.0,245.0,245.0,-1.61,878.0,317.0,231.1
AKPL,8/14/2018,245.0,248.0,243.0,244.0,-0.41,1515.0,317.0,231.1
AKPL,8/15/2018,244.0,258.0,244.0,258.0,5.74,3757.0,317.0,231.1
AKPL,8/16/2018,255.0,267.0,252.0,252.0,-2.33,1063.0,317.0,231.1
AKPL,8/19/2018,252.0,252.0,248.0,248.0,-1.59,736.0,317.0,231.1
AKPL,8/20/2018,250.0,250.0,243.0,244.0,-1.61,817.0,317.0,231.1
AKPL,8/21/2018,244.0,246.0,242.0,242.0,-0.82,683.0,317.0,231.1
AKPL,8/22/2018,244.0,245.0,242.0,242.0,0.0,52.0,317.0,231.1
AKPL,8/23/2018,242.0,245.0,242.0,245.0,1.24,43.0,317.0,231.1
AKPL,8/26/2018,241.0,245.0,239.0,242.0,-1.22,463.0,317.0,231.1
AKPL,8/28/2018,245.0,245.0,232.0,239.0,-1.24,313.0,317.0,231.1
AKPL,8/29/2018,235.0,239.0,226.0,238.0,-0.42,649.0,317.0,231.1
AKPL,8/30/2018,235.0,242.0,235.0,242.0,1.68,102.0,317.0,231.1
AKPL,9/2/2018,238.0,242.0,235.0,240.0,-0.83,1100.0,317.0,231.1
AKPL,9/3/2018,242.0,251.0,239.0,251.0,4.58,165.0,317.0,231.1
AKPL,9/4/2018,247.0,247.0,241.0,243.0,-3.19,1119.0,317.0,231.1
AKPL,9/5/2018,243.0,256.0,240.0,256.0,5.35,442.0,317.0,231.1
AKPL,9/6/2018,261.0,261.0,246.0,246.0,-3.91,1383.0,317.0,231.1
AKPL,9/9/2018,242.0,245.0,234.0,240.0,-2.44,724.0,317.0,231.1
AKPL,9/10/2018,240.0,246.0,240.0,246.0,2.5,66.0,317.0,231.1
AKPL,9/11/2018,250.0,252.0,241.0,244.0,-0.81,918.0,317.0,231.1
AKPL,9/12/2018,241.0,249.0,240.0,242.0,-0.82,262.0,317.0,231.1
AKPL,9/13/2018,243.0,250.0,240.0,244.0,0.83,2657.0,317.0,231.1
AKPL,9/16/2018,245.0,260.0,242.0,247.0,1.23,1300.0,317.0,231.1
AKPL,9/17/2018,243.0,247.0,241.0,244.0,-1.21,2601.0,317.0,231.1
AKPL,9/18/2018,241.0,268.0,241.0,268.0,9.84,2746.0,317.0,231.1
AKPL,9/20/2018,263.0,275.0,260.0,266.0,-0.75,9717.0,317.0,231.1
AKPL,9/23/2018,261.0,271.0,256.0,271.0,1.88,891.0,317.0,231.1
AKPL,9/25/2018,275.0,275.0,264.0,264.0,-2.58,307.0,317.0,231.1
AKPL,9/26/2018,264.0,269.0,260.0,269.0,1.89,432.0,317.0,231.1
AKPL,9/27/2018,269.0,274.0,250.0,255.0,-5.2,2439.0,317.0,231.1
AKPL,9/30/2018,250.0,255.0,248.0,251.0,-1.57,1406.0,317.0,231.1
AKPL,10/1/2018,247.0,254.0,246.0,248.0,-1.2,653.0,317.0,231.1
AKPL,10/2/2018,250.0,254.0,244.0,246.0,-0.81,687.0,317.0,231.1
AKPL,10/3/2018,246.0,249.0,242.0,242.0,-1.63,1286.0,317.0,231.1
AKPL,10/4/2018,242.0,248.0,242.0,242.0,0.0,943.0,317.0,231.1
AKPL,10/7/2018,241.0,244.0,238.0,244.0,0.83,828.0,317.0,231.1
AKPL,10/8/2018,244.0,248.0,240.0,244.0,0.0,3025.0,317.0,231.1
AKPL,10/9/2018,248.0,246.0,240.0,244.0,0.0,939.0,317.0,231.1
AKPL,10/10/2018,240.0,240.0,235.0,235.0,-3.69,1180.0,317.0,231.1
AKPL,10/11/2018,233.0,240.0,231.0,235.0,0.0,1698.0,317.0,231.1
AKPL,10/14/2018,239.0,240.0,235.0,240.0,2.13,145.0,317.0,231.1
AKPL,10/15/2018,240.0,240.0,238.0,238.0,-0.83,63.0,317.0,231.1
AKPL,10/21/2018,234.0,238.0,232.0,234.0,-1.68,306.0,317.0,231.1
AKPL,10/22/2018,235.0,235.0,231.0,232.0,-0.85,440.0,317.0,231.1
AKPL,10/23/2018,232.0,244.0,226.0,244.0,5.17,1088.0,317.0,231.1
AKPL,10/25/2018,240.0,240.0,233.0,235.0,-3.69,645.0,317.0,231.1
AKPL,10/28/2018,232.0,236.0,232.0,234.0,-0.43,1233.0,317.0,231.1
AKPL,10/29/2018,233.0,235.0,231.0,231.0,-1.28,997.0,317.0,231.1
AKPL,10/30/2018,231.0,233.0,230.0,232.0,0.43,756.0,317.0,231.1
AKPL,10/31/2018,230.0,233.0,229.0,229.0,-1.29,2052.0,317.0,231.1
AKPL,11/1/2018,227.0,227.0,223.0,225.0,-1.75,1912.0,317.0,231.1
AKPL,11/4/2018,222.0,223.0,215.0,220.0,-2.22,1074.0,317.0,231.1
AKPL,11/5/2018,220.0,220.0,209.0,216.0,-1.82,1213.0,317.0,231.1
AKPL,11/6/2018,216.0,220.0,220.0,222.0,2.78,13.0,317.0,231.1
AKPL,11/11/2018,222.0,222.0,221.0,221.0,-0.45,100.0,317.0,231.1
AKPL,11/13/2018,217.0,221.0,212.0,212.0,-4.07,1090.0,317.0,231.1
AKPL,11/14/2018,208.0,212.0,208.0,212.0,0.0,1275.0,317.0,231.1
AKPL,11/15/2018,210.0,219.0,209.0,219.0,3.3,416.0,317.0,231.1
AKPL,11/18/2018,215.0,215.0,211.0,212.0,-3.2,252.0,317.0,231.1
AKPL,11/19/2018,208.0,212.0,196.0,199.0,-6.13,1462.0,317.0,231.1
AKPL,11/20/2018,196.0,200.0,194.0,198.0,-0.5,1150.0,317.0,231.1
AKPL,11/21/2018,195.0,195.0,191.0,193.0,-2.53,1259.0,317.0,231.1
AKPL,11/22/2018,190.0,192.0,190.0,192.0,-0.52,1229.0,317.0,231.1
AKPL,11/25/2018,193.0,193.0,190.0,191.0,-0.52,1360.0,317.0,231.1
AKPL,11/26/2018,190.0,191.0,189.0,189.0,-1.05,346.0,317.0,231.1
AKPL,11/27/2018,189.0,191.0,187.0,190.0,0.53,1423.0,317.0,231.1
AKPL,11/28/2018,187.0,190.0,187.0,188.0,-1.05,1994.0,317.0,231.1
AKPL,11/29/2018,188.0,191.0,188.0,188.0,0.0,655.0,317.0,231.1
AKPL,12/2/2018,186.0,190.0,179.0,190.0,1.06,1432.0,317.0,231.1
AKPL,12/3/2018,192.0,192.0,186.0,187.0,-1.58,388.0,317.0,231.1
AKPL,12/4/2018,187.0,188.0,185.0,188.0,0.53,654.0,317.0,231.1
AKPL,12/5/2018,185.0,189.0,182.0,187.0,-0.53,770.0,317.0,231.1
AKPL,12/6/2018,187.0,190.0,184.0,190.0,1.6,730.0,317.0,231.1
AKPL,12/9/2018,190.0,190.0,186.0,187.0,-1.58,302.0,317.0,231.1
AKPL,12/10/2018,190.0,190.0,188.0,188.0,0.53,1825.0,317.0,231.1
AKPL,12/11/2018,189.0,192.0,189.0,192.0,2.13,637.0,317.0,231.1
AKPL,12/12/2018,191.0,195.0,191.0,195.0,1.56,183.0,317.0,231.1
AKPL,12/13/2018,193.0,199.0,192.0,199.0,2.05,282.0,317.0,231.1
AKPL,12/16/2018,197.0,197.0,191.0,191.0,-4.02,2196.0,317.0,231.1
AKPL,12/17/2018,190.0,190.0,185.0,187.0,-2.09,2312.0,317.0,231.1
AKPL,12/18/2018,183.0,186.0,183.0,186.0,-0.53,711.0,317.0,231.1
AKPL,12/19/2018,183.0,189.0,183.0,186.0,0.0,281.0,317.0,231.1
AKPL,12/20/2018,189.0,198.0,188.0,188.0,1.08,397.0,317.0,231.1
AKPL,12/23/2018,188.0,196.0,188.0,196.0,4.26,5199.0,317.0,231.1
AKPL,12/24/2018,199.0,199.0,187.0,187.0,-4.59,465.0,317.0,231.1
AKPL,12/25/2018,188.0,190.0,185.0,190.0,1.6,416.0,317.0,231.1
AKPL,12/26/2018,187.0,197.0,187.0,197.0,3.68,1604.0,317.0,231.1
AKPL,12/27/2018,199.0,200.0,192.0,192.0,-2.54,1853.0,317.0,231.1
AKPL,12/30/2018,189.0,193.0,187.0,187.0,-2.6,749.0,317.0,231.1
AKPL,12/31/2018,185.0,193.0,185.0,193.0,3.21,182.0,317.0,231.1
AKPL,1/2/2019,190.0,190.0,184.0,184.0,-4.66,689.0,317.0,231.1
AKPL,1/3/2019,185.0,185.0,183.0,185.0,0.54,273.0,317.0,231.1
AKPL,1/6/2019,182.0,184.0,182.0,183.0,-1.08,431.0,317.0,231.1
AKPL,1/7/2019,182.0,186.0,182.0,184.0,0.55,349.0,317.0,231.1
AKPL,1/8/2019,181.0,184.0,181.0,184.0,0.0,161.0,317.0,231.1
AKPL,1/9/2019,184.0,190.0,184.0,187.0,1.63,1535.0,317.0,231.1
AKPL,1/10/2019,184.0,186.0,184.0,184.0,-1.6,423.0,317.0,231.1
AKPL,1/13/2019,182.0,185.0,182.0,185.0,0.54,110.0,317.0,231.1
AKPL,1/14/2019,182.0,186.0,177.0,177.0,-4.32,5506.0,317.0,231.1
AKPL,1/15/2019,177.0,194.0,177.0,194.0,9.6,731.0,317.0,231.1
AKPL,1/16/2019,197.0,197.0,187.0,187.0,-3.61,2662.0,317.0,231.1
AKPL,1/17/2019,190.0,193.0,185.0,192.0,2.67,458.0,317.0,231.1
AKPL,1/20/2019,190.0,190.0,189.0,190.0,-1.04,282.0,317.0,231.1
AKPL,1/21/2019,189.0,192.0,185.0,186.0,-2.11,2765.0,317.0,231.1
AKPL,1/22/2019,183.0,185.0,181.0,185.0,-0.54,954.0,317.0,231.1
AKPL,1/23/2019,185.0,186.0,183.0,185.0,0.0,307.0,317.0,231.1
AKPL,1/24/2019,185.0,187.0,183.0,184.0,-0.54,402.0,317.0,231.1
AKPL,1/27/2019,184.0,184.0,178.0,180.0,-2.17,1223.0,317.0,231.1
AKPL,1/28/2019,181.0,185.0,181.0,185.0,2.78,136.0,317.0,231.1
AKPL,1/29/2019,182.0,185.0,182.0,184.0,-0.54,154.0,317.0,231.1
AKPL,1/30/2019,182.0,185.0,182.0,185.0,0.54,838.0,317.0,231.1
AKPL,1/31/2019,184.0,187.0,184.0,187.0,1.08,694.0,317.0,231.1
AKPL,2/3/2019,187.0,187.0,182.0,182.0,-2.67,1703.0,317.0,231.1
AKPL,2/4/2019,182.0,183.0,176.0,182.0,0.0,728.0,317.0,231.1
AKPL,2/5/2019,180.0,183.0,179.0,182.0,0.0,485.0,317.0,231.1
AKPL,2/6/2019,179.0,180.0,177.0,179.0,-1.65,539.0,317.0,231.1
AKPL,2/7/2019,178.0,179.0,176.0,179.0,0.0,372.0,317.0,231.1
AKPL,2/10/2019,176.0,176.0,172.0,174.0,-2.79,1035.0,317.0,231.1
AKPL,2/11/2019,172.0,175.0,171.0,172.0,-1.15,1190.0,317.0,231.1
AKPL,2/12/2019,172.0,175.0,172.0,172.0,0.0,846.0,317.0,231.1
AKPL,2/13/2019,170.0,170.0,166.0,169.0,-1.74,424.0,317.0,231.1
AKPL,2/14/2019,169.0,169.0,162.0,163.0,-3.55,2648.0,317.0,231.1
AKPL,2/17/2019,160.0,160.0,155.0,155.0,-4.91,1367.0,317.0,231.1
AKPL,2/18/2019,153.0,154.0,148.0,148.0,-4.52,2580.0,317.0,231.1
AKPL,2/19/2019,146.0,156.0,146.0,156.0,5.41,2243.0,317.0,231.1
AKPL,2/20/2019,153.0,153.0,149.0,152.0,-2.56,832.0,317.0,231.1
AKPL,2/21/2019,149.0,152.0,149.0,152.0,0.0,275.0,317.0,231.1
AKPL,2/24/2019,149.0,157.0,148.0,152.0,0.0,1018.0,317.0,231.1
AKPL,2/25/2019,149.0,152.0,148.0,152.0,0.0,557.0,317.0,231.1
AKPL,2/26/2019,155.0,155.0,152.0,153.0,0.66,378.0,317.0,231.1
AKPL,2/27/2019,153.0,155.0,152.0,155.0,1.31,62.0,317.0,231.1
AKPL,3/3/2019,155.0,157.0,152.0,152.0,-1.94,1001.0,317.0,231.1
AKPL,3/5/2019,151.0,161.0,151.0,156.0,2.63,1597.0,317.0,231.1
AKPL,3/6/2019,154.0,158.0,153.0,158.0,1.28,1040.0,317.0,231.1
AKPL,3/7/2019,160.0,167.0,159.0,167.0,5.7,1234.0,317.0,231.1
AKPL,3/10/2019,166.0,172.0,166.0,172.0,2.99,579.0,317.0,231.1
AKPL,3/11/2019,170.0,184.0,169.0,181.0,5.23,7392.0,317.0,231.1
AKPL,3/12/2019,178.0,190.0,176.0,184.0,1.66,1249.0,317.0,231.1
AKPL,3/13/2019,191.0,191.0,178.0,178.0,-3.26,4344.0,317.0,231.1
AKPL,3/14/2019,176.0,180.0,176.0,178.0,0.0,364.0,317.0,231.1
AKPL,3/17/2019,181.0,181.0,177.0,180.0,1.12,1669.0,317.0,231.1
AKPL,3/18/2019,179.0,179.0,175.0,175.0,-2.78,301.0,317.0,231.1
AKPL,3/19/2019,172.0,172.0,169.0,170.0,-2.86,860.0,317.0,231.1
AKPL,3/21/2019,167.0,173.0,165.0,173.0,1.76,895.0,317.0,231.1
AKPL,3/24/2019,170.0,170.0,167.0,167.0,-3.47,519.0,317.0,231.1
AKPL,3/25/2019,167.0,169.0,164.0,167.0,0.0,801.0,317.0,231.1
AKPL,3/26/2019,165.0,170.0,165.0,169.0,1.2,835.0,317.0,231.1
AKPL,3/27/2019,166.0,171.0,166.0,170.0,0.59,305.0,317.0,231.1
AKPL,3/28/2019,170.0,176.0,167.0,176.0,3.53,342.0,317.0,231.1
AKPL,3/31/2019,176.0,184.0,171.0,184.0,4.55,1698.0,317.0,231.1
AKPL,4/1/2019,181.0,187.0,177.0,184.0,0.0,5844.0,317.0,231.1
AKPL,4/2/2019,181.0,181.0,172.0,181.0,-1.63,195.0,317.0,231.1
AKPL,4/3/2019,178.0,184.0,175.0,182.0,0.55,3562.0,317.0,231.1
AKPL,4/4/2019,179.0,185.0,176.0,179.0,-1.65,6799.0,317.0,231.1
AKPL,4/7/2019,176.0,176.0,170.0,174.0,-2.79,569.0,317.0,231.1
AKPL,4/8/2019,174.0,177.0,168.0,169.0,-2.87,3043.0,317.0,231.1
AKPL,4/9/2019,166.0,172.0,165.0,171.0,1.18,745.0,317.0,231.1
AKPL,4/10/2019,169.0,177.0,164.0,171.0,0.0,2888.0,317.0,231.1
AKPL,4/11/2019,168.0,171.0,165.0,170.0,-0.58,1456.0,317.0,231.1
AKPL,4/15/2019,167.0,168.0,165.0,165.0,-2.94,210.0,317.0,231.1
AKPL,4/16/2019,168.0,169.0,166.0,166.0,0.61,638.0,317.0,231.1
AKPL,4/17/2019,165.0,169.0,162.0,169.0,1.81,1731.0,317.0,231.1
AKPL,4/18/2019,166.0,166.0,162.0,163.0,-3.55,623.0,317.0,231.1
AKPL,4/21/2019,162.0,177.0,161.0,177.0,8.59,904.0,317.0,231.1
AKPL,4/22/2019,174.0,174.0,171.0,171.0,-3.39,200.0,317.0,231.1
AKPL,4/23/2019,168.0,168.0,162.0,163.0,-4.68,1382.0,317.0,231.1
AKPL,4/24/2019,160.0,171.0,160.0,171.0,4.91,1576.0,317.0,231.1
AKPL,4/25/2019,173.0,173.0,167.0,167.0,-2.34,524.0,317.0,231.1
AKPL,4/28/2019,164.0,181.0,161.0,181.0,8.38,2046.0,317.0,231.1
AKPL,4/30/2019,178.0,194.0,172.0,191.0,5.52,12666.0,317.0,231.1
AKPL,5/2/2019,188.0,194.0,180.0,184.0,-3.66,13329.0,317.0,231.1
AKPL,5/5/2019,181.0,181.0,177.0,178.0,-3.26,801.0,317.0,231.1
AKPL,5/6/2019,176.0,183.0,176.0,183.0,2.81,4525.0,317.0,231.1
AKPL,5/7/2019,183.0,185.0,176.0,185.0,1.09,1733.0,317.0,231.1
AKPL,5/8/2019,182.0,182.0,176.0,179.0,-3.24,2199.0,317.0,231.1
AKPL,5/9/2019,177.0,181.0,176.0,181.0,1.12,1417.0,317.0,231.1
AKPL,5/12/2019,178.0,191.0,176.0,188.0,3.87,7419.0,317.0,231.1
AKPL,5/13/2019,191.0,200.0,183.0,199.0,5.85,7078.0,317.0,231.1
AKPL,5/14/2019,198.0,208.0,196.0,200.0,0.5,7892.0,317.0,231.1
AKPL,5/15/2019,196.0,199.0,195.0,196.0,-2.0,2810.0,317.0,231.1
AKPL,5/16/2019,194.0,200.0,191.0,200.0,2.04,9575.0,317.0,231.1
AKPL,5/19/2019,197.0,197.0,192.0,192.0,-4.0,5730.0,317.0,231.1
AKPL,5/20/2019,190.0,190.0,186.0,188.0,-2.08,9209.0,317.0,231.1
AKPL,5/21/2019,185.0,204.0,185.0,198.0,5.32,4286.0,317.0,231.1
AKPL,5/22/2019,201.0,217.0,201.0,217.0,9.6,26290.0,317.0,231.1
AKPL,5/23/2019,220.0,220.0,197.0,205.0,-5.53,10678.0,317.0,231.1
AKPL,5/26/2019,201.0,201.0,190.0,192.0,-6.34,4013.0,317.0,231.1
AKPL,5/27/2019,183.0,200.0,183.0,200.0,4.17,2791.0,317.0,231.1
AKPL,5/28/2019,196.0,198.0,193.0,198.0,-1.0,1437.0,317.0,231.1
AKPL,5/29/2019,195.0,195.0,192.0,192.0,-3.03,3380.0,317.0,231.1
AKPL,5/30/2019,191.0,195.0,191.0,192.0,0.0,2485.0,317.0,231.1
AKPL,6/2/2019,190.0,201.0,186.0,192.0,0.0,6704.0,317.0,231.1
AKPL,6/3/2019,189.0,190.0,186.0,187.0,-2.6,2588.0,317.0,231.1
AKPL,6/4/2019,184.0,192.0,184.0,192.0,2.67,1592.0,317.0,231.1
AKPL,6/6/2019,189.0,194.0,189.0,193.0,0.52,3591.0,317.0,231.1
AKPL,6/10/2019,191.0,194.0,191.0,191.0,-1.04,599.0,317.0,231.1
AKPL,6/11/2019,194.0,194.0,188.0,190.0,-0.52,1154.0,317.0,231.1
AKPL,6/12/2019,188.0,189.0,187.0,187.0,-1.58,1016.0,317.0,231.1
AKPL,6/13/2019,184.0,187.0,184.0,184.0,-1.6,1265.0,317.0,231.1
AKPL,6/16/2019,181.0,187.0,181.0,184.0,0.0,221.0,317.0,231.1
AKPL,6/17/2019,181.0,182.0,178.0,181.0,-1.63,221.0,317.0,231.1
AKPL,6/18/2019,172.0,183.0,172.0,180.0,-0.55,830.0,317.0,231.1
AKPL,6/19/2019,177.0,187.0,177.0,187.0,3.89,381.0,317.0,231.1
AKPL,6/20/2019,185.0,190.0,185.0,188.0,0.53,1900.0,317.0,231.1
AKPL,6/23/2019,185.0,187.0,180.0,180.0,-4.26,2557.0,317.0,231.1
AKPL,6/24/2019,180.0,190.0,180.0,190.0,5.56,9312.0,317.0,231.1
AKPL,6/25/2019,187.0,188.0,182.0,182.0,-4.21,921.0,317.0,231.1
AKPL,6/26/2019,185.0,190.0,185.0,190.0,4.4,2638.0,317.0,231.1
AKPL,6/27/2019,187.0,190.0,183.0,183.0,-3.68,547.0,317.0,231.1
AKPL,6/30/2019,185.0,189.0,183.0,189.0,3.28,1489.0,317.0,231.1
AKPL,7/1/2019,190.0,190.0,184.0,189.0,0.0,1955.0,317.0,231.1
AKPL,7/2/2019,186.0,187.0,184.0,184.0,-2.65,214.0,317.0,231.1
AKPL,7/3/2019,185.0,190.0,183.0,190.0,3.26,9108.0,317.0,231.1
AKPL,7/4/2019,187.0,187.0,183.0,187.0,-1.58,325.0,317.0,231.1
AKPL,7/7/2019,187.0,187.0,182.0,182.0,-2.67,142.0,317.0,231.1
AKPL,7/8/2019,183.0,189.0,183.0,189.0,3.85,2622.0,317.0,231.1
AKPL,7/9/2019,198.0,198.0,195.0,195.0,3.17,1010.0,317.0,231.1
AKPL,7/10/2019,204.0,204.0,177.0,195.0,0.0,26661.0,317.0,231.1
AKPL,7/11/2019,204.0,204.0,192.0,192.0,-1.54,20.0,317.0,231.1
AKPL,7/14/2019,189.0,189.0,177.0,180.0,-6.25,5845.0,317.0,231.1
AKPL,7/15/2019,177.0,181.0,177.0,177.0,-1.67,3453.0,317.0,231.1
AKPL,7/16/2019,175.0,188.0,174.0,188.0,6.21,3457.0,317.0,231.1
AKPL,7/17/2019,185.0,185.0,175.0,180.0,-4.26,4315.0,317.0,231.1
AKPL,7/18/2019,177.0,180.0,177.0,180.0,0.0,5360.0,317.0,231.1
AKPL,7/21/2019,177.0,177.0,172.0,176.0,-2.22,2957.0,317.0,231.1
AKPL,7/22/2019,173.0,179.0,173.0,175.0,-0.57,11449.0,317.0,231.1
AKPL,7/23/2019,173.0,177.0,173.0,175.0,0.0,11037.0,317.0,231.1
AKPL,7/24/2019,174.0,178.0,173.0,178.0,1.71,2799.0,317.0,231.1
AKPL,7/25/2019,175.0,175.0,173.0,174.0,-2.25,1303.0,317.0,231.1
AKPL,7/28/2019,171.0,173.0,170.0,173.0,-0.57,4151.0,317.0,231.1
AKPL,7/29/2019,170.0,173.0,167.0,170.0,-1.73,972.0,317.0,231.1
AKPL,7/30/2019,167.0,173.0,167.0,171.0,0.59,3127.0,317.0,231.1
AKPL,7/31/2019,170.0,173.0,169.0,169.0,-1.17,3053.0,317.0,231.1
AKPL,8/1/2019,169.0,178.0,169.0,170.0,0.59,966.0,317.0,231.1
AKPL,8/4/2019,169.0,171.0,167.0,171.0,0.59,2950.0,317.0,231.1
AKPL,8/5/2019,168.0,171.0,168.0,171.0,0.0,2877.0,317.0,231.1
AKPL,8/6/2019,168.0,168.0,167.0,168.0,-1.75,1981.0,317.0,231.1
AKPL,8/7/2019,166.0,172.0,165.0,169.0,0.6,344.0,317.0,231.1
AKPL,8/8/2019,166.0,169.0,165.0,167.0,-1.18,606.0,317.0,231.1
AKPL,8/11/2019,164.0,166.0,164.0,164.0,-1.8,1301.0,317.0,231.1
AKPL,8/12/2019,162.0,165.0,162.0,164.0,0.0,574.0,317.0,231.1
AKPL,8/13/2019,164.0,167.0,163.0,165.0,0.61,3690.0,317.0,231.1
AKPL,8/14/2019,163.0,165.0,162.0,162.0,-1.82,1034.0,317.0,231.1
AKPL,8/15/2019,160.0,162.0,160.0,160.0,-1.23,749.0,317.0,231.1
AKPL,8/18/2019,161.0,161.0,157.0,158.0,-1.25,375.0,317.0,231.1
AKPL,8/19/2019,158.0,163.0,155.0,163.0,3.16,1918.0,317.0,231.1
AKPL,8/20/2019,154.0,158.0,154.0,156.0,-4.29,553.0,317.0,231.1
AKPL,8/21/2019,153.0,161.0,152.0,161.0,3.21,5578.0,317.0,231.1
AKPL,8/22/2019,158.0,159.0,154.0,159.0,-1.24,7328.0,317.0,231.1
AKPL,8/25/2019,156.0,156.0,151.0,156.0,-1.89,321.0,317.0,231.1
AKPL,8/26/2019,153.0,159.0,150.0,159.0,1.92,1176.0,317.0,231.1
AKPL,8/27/2019,157.0,157.0,153.0,153.0,-3.77,2320.0,317.0,231.1
AKPL,8/28/2019,150.0,155.0,150.0,151.0,-1.31,4560.0,317.0,231.1
AKPL,8/29/2019,151.0,151.0,149.0,151.0,0.0,1057.0,317.0,231.1
AKPL,9/1/2019,151.0,155.0,151.0,155.0,2.65,5681.0,317.0,231.1
AKPL,9/2/2019,155.0,155.0,147.0,149.0,-3.87,3570.0,317.0,231.1
AKPL,9/3/2019,147.0,156.0,141.0,156.0,4.7,5658.0,317.0,231.1
AKPL,9/4/2019,159.0,159.0,159.0,159.0,1.92,10.0,317.0,231.1
AKPL,9/5/2019,156.0,156.0,147.0,148.0,-6.92,3387.0,317.0,231.1
AKPL,9/8/2019,150.0,150.0,146.0,148.0,0.0,2638.0,317.0,231.1
AKPL,9/9/2019,148.0,148.0,144.0,146.0,-1.35,2520.0,317.0,231.1
AKPL,9/10/2019,144.0,144.0,138.0,140.0,-4.11,7880.0,317.0,231.1
AKPL,9/11/2019,140.0,144.0,139.0,144.0,2.86,653.0,317.0,231.1
AKPL,9/12/2019,151.0,151.0,135.0,137.0,-4.86,11208.0,317.0,231.1
AKPL,9/15/2019,135.0,135.0,127.0,134.0,-2.19,3744.0,317.0,231.1
AKPL,9/16/2019,135.0,135.0,129.0,130.0,-2.99,12722.0,317.0,231.1
AKPL,9/17/2019,132.0,141.0,132.0,141.0,8.46,6130.0,317.0,231.1
AKPL,9/18/2019,141.0,143.0,135.0,141.0,0.0,3059.0,317.0,231.1
AKPL,9/19/2019,139.0,140.0,137.0,137.0,-2.84,746.0,317.0,231.1
AKPL,9/22/2019,131.0,133.0,131.0,132.0,-3.65,245.0,317.0,231.1
AKPL,9/23/2019,131.0,133.0,129.0,131.0,-0.76,2356.0,317.0,231.1
AKPL,9/24/2019,130.0,131.0,130.0,130.0,-0.76,500.0,317.0,231.1
AKPL,9/25/2019,130.0,133.0,130.0,133.0,2.31,947.0,317.0,231.1
AKPL,9/26/2019,135.0,135.0,129.0,135.0,1.5,666.0,317.0,231.1
AKPL,9/29/2019,133.0,135.0,129.0,135.0,0.0,1845.0,317.0,231.1
AKPL,9/30/2019,133.0,140.0,133.0,140.0,3.7,1591.0,317.0,231.1
AKPL,10/1/2019,140.0,140.0,138.0,139.0,-0.71,1730.0,317.0,231.1
AKPL,10/2/2019,138.0,138.0,138.0,138.0,-0.72,10.0,317.0,231.1
AKPL,10/3/2019,136.0,140.0,136.0,140.0,1.45,354.0,317.0,231.1
AKPL,10/10/2019,138.0,142.0,132.0,142.0,1.43,1290.0,317.0,231.1
AKPL,10/14/2019,142.0,142.0,134.0,134.0,-5.63,289.0,317.0,231.1
AKPL,10/15/2019,134.0,136.0,134.0,136.0,1.49,2025.0,317.0,231.1
AKPL,10/20/2019,134.0,136.0,133.0,134.0,-1.47,175.0,317.0,231.1
AKPL,10/21/2019,132.0,134.0,132.0,134.0,0.0,815.0,317.0,231.1
AKPL,10/22/2019,133.0,137.0,133.0,137.0,2.24,383.0,317.0,231.1
AKPL,10/23/2019,136.0,138.0,132.0,138.0,0.73,1387.0,317.0,231.1
AKPL,10/24/2019,138.0,138.0,130.0,130.0,-5.8,1460.0,317.0,231.1
AKPL,10/31/2019,128.0,131.0,127.0,129.0,-0.77,753.0,317.0,231.1
AKPL,11/3/2019,130.0,131.0,128.0,130.0,0.78,869.0,317.0,231.1
AKPL,11/4/2019,130.0,130.0,126.0,129.0,-0.77,4854.0,317.0,231.1
AKPL,11/5/2019,129.0,130.0,127.0,129.0,0.0,1825.0,317.0,231.1
AKPL,11/6/2019,131.0,131.0,129.0,129.0,0.0,172.0,317.0,231.1
AKPL,11/7/2019,127.0,129.0,127.0,129.0,0.0,417.0,317.0,231.1
AKPL,11/10/2019,128.0,128.0,125.0,125.0,-3.1,199.0,317.0,231.1
AKPL,11/11/2019,125.0,129.0,123.0,129.0,3.2,266.0,317.0,231.1
AKPL,11/12/2019,127.0,130.0,121.0,130.0,0.78,1060.0,317.0,231.1
AKPL,11/13/2019,130.0,130.0,130.0,130.0,0.0,551.0,317.0,231.1
AKPL,11/14/2019,128.0,132.0,126.0,129.0,-0.77,2824.0,317.0,231.1
AKPL,11/17/2019,130.0,130.0,125.0,125.0,-3.1,6438.0,317.0,231.1
AKPL,11/18/2019,125.0,125.0,121.0,125.0,0.0,3859.0,317.0,231.1
AKPL,11/19/2019,123.0,123.0,119.0,119.0,-4.8,9560.0,317.0,231.1
AKPL,11/20/2019,120.0,121.0,115.0,115.0,-3.36,8598.0,317.0,231.1
AKPL,11/21/2019,113.0,117.0,113.0,113.0,-1.74,2369.0,317.0,231.1
AKPL,11/24/2019,111.0,111.0,108.0,109.0,-3.54,5100.0,317.0,231.1
AKPL,11/25/2019,107.0,113.0,106.0,113.0,3.67,1260.0,317.0,231.1
AKPL,11/26/2019,111.0,112.0,111.0,112.0,-0.88,1577.0,317.0,231.1
AKPL,11/27/2019,111.0,118.0,110.0,116.0,3.57,1431.0,317.0,231.1
AKPL,11/28/2019,114.0,120.0,114.0,120.0,3.45,869.0,317.0,231.1
AKPL,12/1/2019,118.0,122.0,117.0,122.0,1.67,1287.0,317.0,231.1
AKPL,12/2/2019,120.0,120.0,114.0,114.0,-6.56,2284.0,317.0,231.1
AKPL,12/3/2019,114.0,117.0,112.0,116.0,1.75,1966.0,317.0,231.1
AKPL,12/4/2019,114.0,117.0,112.0,117.0,0.86,5646.0,317.0,231.1
AKPL,12/5/2019,119.0,119.0,113.0,116.0,-0.85,1132.0,317.0,231.1
AKPL,12/8/2019,115.0,115.0,113.0,113.0,-2.59,291.0,317.0,231.1
AKPL,12/9/2019,113.0,124.0,113.0,122.0,7.96,739.0,317.0,231.1
AKPL,12/10/2019,121.0,121.0,117.0,117.0,-4.1,1700.0,317.0,231.1
AKPL,12/11/2019,116.0,121.0,115.0,121.0,3.42,1415.0,317.0,231.1
AKPL,12/12/2019,122.0,129.0,118.0,128.0,5.79,9016.0,317.0,231.1
AKPL,12/15/2019,130.0,132.0,122.0,123.0,-3.91,6597.0,317.0,231.1
AKPL,12/16/2019,121.0,128.0,121.0,126.0,2.44,2455.0,317.0,231.1
AKPL,12/17/2019,128.0,128.0,123.0,123.0,-2.38,5010.0,317.0,231.1
AKPL,12/18/2019,121.0,125.0,121.0,125.0,1.63,696.0,317.0,231.1
AKPL,12/19/2019,123.0,123.0,119.0,120.0,-4.0,3629.0,317.0,231.1
AKPL,12/22/2019,118.0,118.0,108.0,112.0,-6.67,83816.0,317.0,231.1
AKPL,12/23/2019,114.0,117.0,114.0,115.0,2.68,7233.0,317.0,231.1
AKPL,12/24/2019,113.0,117.0,112.0,114.0,-0.87,22566.0,317.0,231.1
AKPL,12/25/2019,112.0,112.0,110.0,112.0,-1.75,20914.0,317.0,231.1
AKPL,12/26/2019,110.0,111.0,109.0,109.0,-2.68,21944.0,317.0,231.1
AKPL,12/29/2019,109.0,110.0,107.0,109.0,0.0,17933.0,317.0,231.1
AKPL,12/30/2019,109.0,112.0,107.0,110.0,0.92,15955.0,317.0,231.1
AKPL,12/31/2019,109.0,110.0,108.0,109.0,-0.91,19770.0,317.0,231.1
AKPL,1/1/2020,110.0,114.0,109.0,112.0,2.75,36221.0,317.0,231.1
AKPL,1/2/2020,112.0,114.0,111.0,114.0,1.79,26330.0,317.0,231.1
AKPL,1/5/2020,112.0,120.0,112.0,116.0,1.75,21265.0,317.0,231.1
AKPL,1/6/2020,115.0,117.0,113.0,116.0,0.0,39011.0,317.0,231.1
AKPL,1/7/2020,112.0,122.0,112.0,119.0,2.59,32615.0,317.0,231.1
AKPL,1/8/2020,119.0,119.0,114.0,114.0,-4.2,20050.0,317.0,231.1
AKPL,1/9/2020,112.0,118.0,112.0,115.0,0.88,54453.0,317.0,231.1
AKPL,1/12/2020,117.0,121.0,113.0,120.0,4.35,53096.0,317.0,231.1
AKPL,1/13/2020,122.0,132.0,117.0,128.0,6.67,148466.0,317.0,231.1
AKPL,1/14/2020,126.0,137.0,124.0,135.0,5.47,88180.0,317.0,231.1
AKPL,1/15/2020,137.0,141.0,133.0,139.0,2.96,64081.0,317.0,231.1
AKPL,1/16/2020,139.0,141.0,134.0,136.0,-2.16,35964.0,317.0,231.1
AKPL,1/19/2020,138.0,140.0,132.0,135.0,-0.74,63016.0,317.0,231.1
AKPL,1/20/2020,136.0,136.0,126.0,126.0,-6.67,44731.0,317.0,231.1
AKPL,1/21/2020,126.0,130.0,123.0,127.0,0.79,38192.0,317.0,231.1
AKPL,1/22/2020,127.0,131.0,125.0,128.0,0.79,11644.0,317.0,231.1
AKPL,1/23/2020,128.0,128.0,124.0,125.0,-2.34,14223.0,317.0,231.1
AKPL,1/26/2020,123.0,125.0,120.0,125.0,0.0,62926.0,317.0,231.1
AKPL,1/27/2020,123.0,127.0,122.0,125.0,0.0,27122.0,317.0,231.1
AKPL,1/28/2020,126.0,126.0,123.0,123.0,-1.6,27660.0,317.0,231.1
AKPL,1/29/2020,123.0,123.0,119.0,120.0,-2.44,38668.0,317.0,231.1
AKPL,1/30/2020,119.0,131.0,119.0,125.0,4.17,67838.0,317.0,231.1
AKPL,2/2/2020,123.0,126.0,120.0,120.0,-4.0,124643.0,317.0,231.1
AKPL,2/3/2020,120.0,130.0,120.0,124.0,3.33,183561.0,317.0,231.1
AKPL,2/4/2020,126.0,129.0,123.0,126.0,1.61,165636.0,317.0,231.1
AKPL,2/5/2020,127.0,129.0,123.0,124.0,-1.59,61072.0,317.0,231.1
AKPL,2/6/2020,124.0,126.0,123.0,124.0,0.0,43448.0,317.0,231.1
AKPL,2/9/2020,123.0,124.0,121.0,122.0,-1.61,82227.0,317.0,231.1
AKPL,2/10/2020,121.0,123.0,121.0,121.0,-0.82,49998.0,317.0,231.1
AKPL,2/11/2020,122.0,125.0,122.0,122.0,0.83,58315.0,317.0,231.1
AKPL,2/12/2020,123.0,125.0,122.0,124.0,1.64,43900.0,317.0,231.1
AKPL,2/13/2020,124.0,125.0,122.0,122.0,-1.61,43748.0,317.0,231.1
AKPL,2/16/2020,128.0,130.0,122.0,128.0,4.92,145215.0,317.0,231.1
AKPL,2/17/2020,134.0,140.0,128.0,139.0,8.59,251370.0,317.0,231.1
AKPL,2/18/2020,145.0,145.0,134.0,137.0,-1.44,189982.0,317.0,231.1
AKPL,2/19/2020,139.0,141.0,135.0,135.0,-1.46,53365.0,317.0,231.1
AKPL,2/20/2020,137.0,139.0,135.0,137.0,1.48,66486.0,317.0,231.1
AKPL,2/23/2020,139.0,144.0,136.0,139.0,1.46,105342.0,317.0,231.1
AKPL,2/24/2020,139.0,143.0,134.0,137.0,-1.44,93296.0,317.0,231.1
AKPL,2/25/2020,135.0,148.0,135.0,144.0,5.11,168767.0,317.0,231.1
AKPL,2/26/2020,146.0,152.0,141.0,144.0,0.0,71470.0,317.0,231.1
AKPL,2/27/2020,142.0,144.0,137.0,139.0,-3.47,82676.0,317.0,231.1
AKPL,3/1/2020,139.0,139.0,133.0,133.0,-4.32,95475.0,317.0,231.1
AKPL,3/2/2020,131.0,136.0,129.0,129.0,-3.01,36954.0,317.0,231.1
AKPL,3/3/2020,127.0,135.0,125.0,129.0,0.0,93003.0,317.0,231.1
AKPL,3/4/2020,128.0,131.0,125.0,126.0,-2.33,44397.0,317.0,231.1
AKPL,3/5/2020,124.0,128.0,122.0,123.0,-2.38,70594.0,317.0,231.1
AKPL,3/10/2020,122.0,126.0,118.0,118.0,-4.07,37222.0,317.0,231.1
AKPL,3/11/2020,120.0,126.0,119.0,125.0,5.93,171929.0,317.0,231.1
AKPL,3/12/2020,125.0,125.0,118.0,121.0,-3.2,114156.0,317.0,231.1
AKPL,3/15/2020,119.0,121.0,116.0,117.0,-3.31,79157.0,317.0,231.1
AKPL,3/16/2020,119.0,120.0,113.0,117.0,0.0,52082.0,317.0,231.1
AKPL,3/17/2020,116.0,117.0,114.0,114.0,-2.56,27976.0,317.0,231.1
AKPL,3/18/2020,114.0,117.0,110.0,112.0,-1.75,52714.0,317.0,231.1
AKPL,3/19/2020,110.0,115.0,108.0,113.0,0.89,64256.0,317.0,231.1
AKPL,3/22/2020,111.0,112.0,111.0,112.0,-0.88,110.0,317.0,231.1
AKPL,5/12/2020,110.0,110.0,109.0,109.0,-2.68,120.0,317.0,231.1
AKPL,5/13/2020,107.0,107.0,106.0,106.0,-2.75,250.0,317.0,231.1
AKPL,6/29/2020,104.0,112.0,100.0,111.0,4.72,22655.0,317.0,231.1
AKPL,6/30/2020,112.0,122.0,112.0,122.0,9.91,13091.0,317.0,231.1
AKPL,7/1/2020,124.0,132.0,124.0,125.0,2.46,13890.0,317.0,231.1
AKPL,7/2/2020,123.0,125.0,113.0,113.0,-9.6,2650.0,317.0,231.1
AKPL,7/5/2020,113.0,121.0,112.0,114.0,0.88,19550.0,317.0,231.1
AKPL,7/6/2020,113.0,117.0,113.0,117.0,2.63,15297.0,317.0,231.1
AKPL,7/7/2020,116.0,123.0,116.0,120.0,2.56,34378.0,317.0,231.1
AKPL,7/8/2020,118.0,119.0,115.0,116.0,-3.33,14349.0,317.0,231.1
AKPL,7/9/2020,117.0,118.0,114.0,115.0,-0.86,17856.0,317.0,231.1
AKPL,7/12/2020,115.0,121.0,115.0,117.0,1.74,20204.0,317.0,231.1
AKPL,7/13/2020,116.0,119.0,116.0,118.0,0.85,14772.0,317.0,231.1
AKPL,7/14/2020,120.0,120.0,115.0,117.0,-0.85,14709.0,317.0,231.1
AKPL,7/15/2020,115.0,119.0,115.0,116.0,-0.85,17259.0,317.0,231.1
AKPL,7/16/2020,115.0,119.0,115.0,117.0,0.86,39605.0,317.0,231.1
AKPL,7/19/2020,122.0,126.0,122.0,126.0,7.69,590.0,317.0,231.1
AKPL,7/20/2020,127.0,129.0,118.0,120.0,-4.76,39279.0,317.0,231.1
AKPL,7/21/2020,118.0,122.0,116.0,117.0,-2.5,22331.0,317.0,231.1
AKPL,7/22/2020,115.0,118.0,115.0,117.0,0.0,11474.0,317.0,231.1
AKPL,7/23/2020,116.0,119.0,115.0,119.0,1.71,32260.0,317.0,231.1
AKPL,7/26/2020,124.0,124.0,115.0,117.0,-1.68,58457.0,317.0,231.1
AKPL,7/27/2020,119.0,120.0,116.0,116.0,-0.85,48691.0,317.0,231.1
AKPL,7/28/2020,118.0,118.0,115.0,115.0,-0.86,44336.0,317.0,231.1
AKPL,7/29/2020,113.0,116.0,113.0,116.0,0.87,19757.0,317.0,231.1
AKPL,7/30/2020,114.0,120.0,114.0,120.0,3.45,51869.0,317.0,231.1
AKPL,8/2/2020,118.0,119.0,115.0,116.0,-3.33,31127.0,317.0,231.1
AKPL,8/3/2020,115.0,116.0,113.0,115.0,-0.86,56318.0,317.0,231.1
AKPL,8/5/2020,113.0,117.0,111.0,114.0,-0.87,52076.0,317.0,231.1
AKPL,8/6/2020,114.0,114.0,112.0,113.0,-0.88,41673.0,317.0,231.1
AKPL,8/9/2020,113.0,114.0,110.0,112.0,-0.88,43961.0,317.0,231.1
AKPL,8/10/2020,112.0,118.0,112.0,116.0,3.57,85043.0,317.0,231.1
AKPL,8/11/2020,116.0,117.0,114.0,115.0,-0.86,50072.0,317.0,231.1
AKPL,8/12/2020,115.0,115.0,113.0,114.0,-0.87,47650.0,317.0,231.1
AKPL,8/13/2020,114.0,116.0,113.0,113.0,-0.88,47518.0,317.0,231.1
AKPL,8/16/2020,112.0,114.0,112.0,113.0,0.0,61466.0,317.0,231.1
AKPL,8/17/2020,115.0,115.0,112.0,115.0,1.77,57414.0,317.0,231.1
AKPL,8/18/2020,115.0,117.0,112.0,112.0,-2.61,31339.0,317.0,231.1
AKPL,8/19/2020,113.0,113.0,111.0,113.0,0.89,25480.0,317.0,231.1
AKPL,8/20/2020,108.0,116.0,108.0,113.0,0.0,4452.0,317.0,231.1
AKPL,8/23/2020,113.0,115.0,112.0,112.0,-0.88,33298.0,317.0,231.1
AKPL,8/24/2020,114.0,118.0,112.0,117.0,4.46,69312.0,317.0,231.1
AKPL,8/25/2020,117.0,121.0,115.0,121.0,3.42,31700.0,317.0,231.1
AKPL,8/26/2020,120.0,120.0,116.0,117.0,-3.31,32481.0,317.0,231.1
AKPL,8/27/2020,112.0,121.0,112.0,118.0,0.85,105374.0,317.0,231.1
AKPL,8/30/2020,120.0,129.0,120.0,127.0,7.63,260489.0,317.0,231.1
AKPL,8/31/2020,121.0,139.0,121.0,139.0,9.45,323989.0,317.0,231.1
AKPL,9/2/2020,145.0,152.0,142.0,152.0,9.35,169513.0,317.0,231.1
AKPL,9/3/2020,159.0,167.0,151.0,167.0,9.87,507261.0,317.0,231.1
AKPL,9/6/2020,175.0,180.0,161.0,177.0,5.99,507389.0,317.0,231.1
AKPL,9/7/2020,174.0,174.0,163.0,168.0,-5.08,281741.0,317.0,231.1
AKPL,9/8/2020,176.0,176.0,156.0,168.0,0.0,198230.0,317.0,231.1
AKPL,9/9/2020,176.0,176.0,161.0,161.0,-4.17,94772.0,317.0,231.1
AKPL,9/10/2020,169.0,169.0,158.0,164.0,1.86,95331.0,317.0,231.1
AKPL,9/13/2020,172.0,178.0,161.0,174.0,6.1,277544.0,317.0,231.1
AKPL,9/14/2020,180.0,187.0,172.0,187.0,7.47,361404.0,317.0,231.1
AKPL,9/15/2020,190.0,190.0,181.0,183.0,-2.14,142940.0,317.0,231.1
AKPL,9/16/2020,180.0,197.0,179.0,194.0,6.01,249235.0,317.0,231.1
AKPL,9/17/2020,201.0,208.0,192.0,204.0,5.15,276619.0,317.0,231.1
AKPL,9/20/2020,210.0,211.0,185.0,195.0,-4.41,385240.0,317.0,231.1
AKPL,9/21/2020,193.0,200.0,186.0,195.0,0.0,267468.0,317.0,231.1
AKPL,9/22/2020,196.0,198.0,187.0,190.0,-2.56,135947.0,317.0,231.1
AKPL,9/23/2020,190.0,201.0,184.0,200.0,5.26,181706.0,317.0,231.1
AKPL,9/24/2020,200.0,220.0,200.0,218.0,9.0,691961.0,317.0,231.1
AKPL,9/27/2020,214.0,229.0,207.0,214.0,-1.83,339516.0,317.0,231.1
AKPL,9/28/2020,218.0,222.0,202.0,215.0,0.47,107644.0,317.0,231.1
AKPL,9/29/2020,213.0,228.0,213.0,228.0,6.05,784871.0,317.0,231.1
AKPL,9/30/2020,227.0,245.0,227.0,243.0,6.58,416810.0,317.0,231.1
AKPL,10/1/2020,245.0,245.0,232.0,236.0,-2.88,214757.0,317.0,231.1
AKPL,10/4/2020,235.0,249.0,225.0,235.0,-0.42,408664.0,317.0,231.1
AKPL,10/5/2020,239.0,255.0,239.0,249.0,5.96,472846.0,317.0,231.1
AKPL,10/6/2020,237.0,258.0,237.0,252.0,1.2,381030.0,317.0,231.1
AKPL,10/7/2020,252.0,277.0,252.0,267.0,5.95,578663.0,317.0,231.1
AKPL,10/8/2020,270.0,272.0,249.0,250.0,-6.37,484764.0,317.0,231.1
AKPL,10/11/2020,245.0,256.0,245.0,252.0,0.8,297090.0,317.0,231.1
AKPL,10/12/2020,264.0,264.0,245.0,247.0,-1.98,167487.0,317.0,231.1
AKPL,10/13/2020,248.0,260.0,243.0,247.0,0.0,450519.0,317.0,231.1
AKPL,10/14/2020,243.0,250.0,239.0,241.0,-2.43,180194.0,317.0,231.1
AKPL,10/15/2020,229.0,250.0,229.0,245.0,1.66,143041.0,317.0,231.1
AKPL,10/18/2020,245.0,255.0,242.0,249.0,1.63,118247.0,317.0,231.1
AKPL,10/19/2020,249.0,259.0,249.0,259.0,4.02,138838.0,317.0,231.1
AKPL,10/20/2020,262.0,271.0,260.0,267.0,3.09,338528.0,317.0,231.1
AKPL,10/21/2020,268.0,269.0,261.0,263.0,-1.5,121928.0,317.0,231.1
AKPL,10/22/2020,276.0,276.0,261.0,261.0,-0.76,159008.0,317.0,231.1
AKPL,10/28/2020,261.0,262.0,254.0,261.0,0.0,64241.0,317.0,231.1
AKPL,10/29/2020,260.0,266.0,258.0,261.0,0.0,144749.0,317.0,231.1
AKPL,11/1/2020,265.0,267.0,259.0,259.0,-0.77,182725.0,317.0,231.1
AKPL,11/2/2020,259.0,264.0,255.0,255.0,-1.54,64882.0,317.0,231.1
AKPL,11/3/2020,255.0,267.0,255.0,263.0,3.14,168191.0,317.0,231.1
AKPL,11/4/2020,258.0,274.0,258.0,268.0,1.9,306703.0,317.0,231.1
AKPL,11/5/2020,268.0,290.0,268.0,287.0,7.09,664865.0,317.0,231.1
AKPL,11/8/2020,292.0,292.0,283.0,283.0,-1.39,271374.0,317.0,231.1
AKPL,11/9/2020,283.0,284.0,273.0,278.0,-1.77,290193.0,317.0,231.1
AKPL,11/10/2020,291.0,291.0,272.0,277.0,-0.36,293155.0,317.0,231.1
AKPL,11/11/2020,280.0,286.0,276.0,280.0,1.08,330146.0,317.0,231.1
AKPL,11/12/2020,294.0,294.0,275.0,280.0,0.0,314486.0,317.0,231.1
AKPL,11/18/2020,294.0,294.0,264.0,268.0,-4.29,278038.0,317.0,231.1
AKPL,11/19/2020,275.0,278.0,265.0,273.0,1.87,356350.0,317.0,231.1
AKPL,11/22/2020,273.0,281.0,268.0,273.0,0.0,151938.0,317.0,231.1
AKPL,11/23/2020,269.0,274.0,266.0,268.0,-1.83,146121.0,317.0,231.1
AKPL,11/24/2020,271.0,273.0,266.0,268.0,0.0,157546.0,317.0,231.1
AKPL,11/25/2020,268.0,274.0,265.0,270.0,0.75,138827.0,317.0,231.1
AKPL,11/26/2020,275.0,277.0,267.0,269.0,-0.37,258529.0,317.0,231.1
AKPL,11/29/2020,265.0,265.0,252.0,262.0,-2.6,171088.0,317.0,231.1
AKPL,11/30/2020,265.0,280.0,262.0,278.0,6.11,239766.0,317.0,231.1
AKPL,12/1/2020,285.0,285.0,268.0,274.0,-1.44,170780.0,317.0,231.1
AKPL,12/2/2020,274.0,279.0,266.0,273.0,-0.36,136949.0,317.0,231.1
AKPL,12/3/2020,275.0,280.0,267.0,272.0,-0.37,352726.0,317.0,231.1
AKPL,12/6/2020,285.0,285.0,258.0,258.0,-5.15,86437.0,317.0,231.1
AKPL,12/7/2020,258.0,266.0,255.0,264.0,2.33,94733.0,317.0,231.1
AKPL,12/8/2020,261.0,278.0,259.0,273.0,3.41,275890.0,317.0,231.1
AKPL,12/9/2020,273.0,289.0,273.0,276.0,1.1,826604.0,317.0,231.1
AKPL,12/10/2020,273.0,284.0,272.0,278.0,0.72,155283.0,317.0,231.1
AKPL,12/13/2020,276.0,276.0,270.0,270.0,-2.88,43275.0,317.0,231.1
AKPL,12/14/2020,283.0,283.0,265.0,265.0,-1.85,71284.0,317.0,231.1
AKPL,12/15/2020,261.0,275.0,261.0,265.0,0.0,78197.0,317.0,231.1
AKPL,12/16/2020,262.0,267.0,259.0,260.0,-1.89,93758.0,317.0,231.1
AKPL,12/17/2020,255.0,264.0,255.0,260.0,0.0,83752.0,317.0,231.1
AKPL,12/20/2020,258.0,258.0,246.0,246.0,-5.38,155878.0,317.0,231.1
AKPL,12/21/2020,242.0,255.0,240.0,252.0,2.44,101016.0,317.0,231.1
AKPL,12/22/2020,257.0,269.0,250.0,261.0,3.57,99816.0,317.0,231.1
AKPL,12/23/2020,261.0,266.0,252.0,255.0,-2.3,27417.0,317.0,231.1
AKPL,12/24/2020,259.0,259.0,247.0,249.0,-2.35,135314.0,317.0,231.1
AKPL,12/27/2020,246.0,251.0,245.0,246.0,-1.2,72044.0,317.0,231.1
AKPL,12/28/2020,244.0,254.0,244.0,254.0,3.25,49733.0,317.0,231.1
AKPL,12/29/2020,258.0,259.0,248.0,250.0,-1.57,51210.0,317.0,231.1
AKPL,12/30/2020,262.0,267.0,245.0,250.0,0.0,38348.0,317.0,231.1
AKPL,12/31/2020,250.0,258.0,250.0,257.0,2.8,166023.0,317.0,231.1
AKPL,1/3/2021,259.0,260.0,253.0,259.0,0.78,137269.0,317.0,231.1
AKPL,1/4/2021,259.0,273.0,259.0,263.0,1.54,191806.0,317.0,231.1
AKPL,1/5/2021,276.0,278.0,264.0,273.0,3.8,309970.0,317.0,231.1
AKPL,1/6/2021,286.0,286.0,266.0,269.0,-1.47,138740.0,317.0,231.1
AKPL,1/7/2021,272.0,272.0,261.0,265.0,-1.49,153465.0,317.0,231.1
AKPL,1/10/2021,267.0,272.0,263.0,264.0,-0.38,146086.0,317.0,231.1
AKPL,1/11/2021,264.0,275.0,262.0,269.0,1.89,80629.0,317.0,231.1
AKPL,1/12/2021,282.0,282.0,264.0,266.0,-1.12,116448.0,317.0,231.1
AKPL,1/13/2021,270.0,277.0,269.0,277.0,4.14,253995.0,317.0,231.1
AKPL,1/17/2021,278.0,280.0,272.0,276.0,-0.36,147702.0,317.0,231.1
AKPL,1/18/2021,270.0,279.0,270.0,272.0,-1.45,132709.0,317.0,231.1
AKPL,1/19/2021,272.0,274.0,267.0,269.0,-1.1,151379.0,317.0,231.1
AKPL,1/20/2021,265.0,274.0,265.0,273.0,1.49,124299.0,317.0,231.1
AKPL,1/21/2021,275.0,300.0,269.0,300.0,9.89,475655.0,317.0,231.1
AKPL,1/24/2021,315.0,326.0,303.0,305.0,1.67,506533.0,317.0,231.1
AKPL,1/25/2021,305.0,314.0,295.0,298.0,-2.3,276130.0,317.0,231.1
AKPL,1/26/2021,300.0,311.0,295.0,299.0,0.34,275916.0,317.0,231.1
AKPL,1/27/2021,303.0,309.0,296.0,301.0,0.67,190866.0,317.0,231.1
AKPL,1/28/2021,302.0,306.0,293.0,297.0,-1.33,232443.0,317.0,231.1
AKPL,1/31/2021,294.0,295.0,284.0,289.0,-2.69,169756.0,317.0,231.1
AKPL,2/1/2021,303.0,303.0,287.0,294.0,1.73,119453.0,317.0,231.1
AKPL,2/2/2021,299.0,306.0,293.0,305.0,3.74,300984.0,317.0,231.1
AKPL,2/3/2021,320.0,335.0,310.0,327.0,7.21,1073984.0,317.0,231.1
AKPL,2/4/2021,335.0,346.0,318.0,340.0,3.98,498709.0,317.0,231.1
AKPL,2/7/2021,345.0,368.0,345.0,355.0,4.41,496380.0,317.0,231.1
AKPL,2/8/2021,359.0,362.0,344.0,349.0,-1.69,418866.0,317.0,231.1
AKPL,2/9/2021,332.0,357.0,332.0,339.0,-2.87,297889.0,317.0,231.1
AKPL,2/10/2021,355.0,355.0,330.0,331.0,-2.36,292010.0,317.0,231.1
AKPL,2/11/2021,347.0,347.0,328.0,336.0,1.51,467947.0,317.0,231.1
AKPL,2/14/2021,350.0,350.0,325.0,331.0,-1.49,132596.0,317.0,231.1
AKPL,2/15/2021,336.0,347.0,332.0,338.0,2.11,231045.0,317.0,231.1
AKPL,2/16/2021,338.0,344.0,330.0,336.0,-0.59,253085.0,317.0,231.1
AKPL,2/17/2021,340.0,340.0,330.0,333.0,-0.89,185035.0,317.0,231.1
AKPL,2/18/2021,331.0,336.0,329.0,330.0,-0.9,131578.0,317.0,231.1
AKPL,2/21/2021,330.0,345.0,329.0,334.0,1.21,168663.0,317.0,231.1
AKPL,2/22/2021,334.0,345.0,328.0,329.0,-1.5,143616.0,317.0,231.1
AKPL,2/23/2021,328.0,333.0,316.0,329.0,0.0,127744.0,317.0,231.1
AKPL,2/24/2021,335.0,340.0,325.0,325.0,-1.22,101981.0,317.0,231.1
AKPL,2/25/2021,341.0,341.0,318.0,322.0,-0.92,110762.0,317.0,231.1
AKPL,2/28/2021,338.0,338.0,304.0,309.0,-4.04,155933.0,317.0,231.1
AKPL,3/1/2021,305.0,320.0,301.0,316.0,2.27,92277.0,317.0,231.1
AKPL,3/2/2021,317.0,318.0,303.0,305.0,-3.48,113061.0,317.0,231.1
AKPL,3/3/2021,302.0,309.0,301.0,304.0,-0.33,111582.0,317.0,231.1
AKPL,3/4/2021,300.0,326.0,300.0,324.0,6.58,115157.0,317.0,231.1
AKPL,3/7/2021,330.0,330.0,314.0,317.0,-2.16,62313.0,317.0,231.1
AKPL,3/9/2021,317.0,326.0,313.0,317.0,0.0,188870.0,317.0,231.1
AKPL,3/10/2021,319.0,324.0,317.0,320.0,0.95,52766.0,317.0,231.1
AKPL,3/14/2021,320.0,323.0,310.0,316.0,-1.25,92310.0,317.0,231.1
AKPL,3/15/2021,313.0,318.0,307.0,309.0,-2.22,87792.0,317.0,231.1
AKPL,3/16/2021,305.0,315.0,305.0,309.0,0.0,47327.0,317.0,231.1
AKPL,3/17/2021,308.0,314.0,308.0,310.0,0.32,49039.0,317.0,231.1
AKPL,3/18/2021,312.0,317.0,309.0,317.0,2.26,260206.0,317.0,231.1
AKPL,3/21/2021,332.0,332.0,314.0,316.0,-0.32,60649.0,317.0,231.1
AKPL,3/22/2021,315.0,325.0,310.0,321.0,1.58,131308.0,317.0,231.1
AKPL,3/23/2021,305.0,339.0,305.0,334.0,4.05,314289.0,317.0,231.1
AKPL,3/24/2021,338.0,345.0,332.0,344.0,2.99,294418.0,317.0,231.1
AKPL,3/25/2021,345.0,346.0,333.0,335.0,-2.62,202046.0,317.0,231.1
AKPL,3/29/2021,330.0,332.0,325.0,329.0,-1.79,59879.0,317.0,231.1
AKPL,3/30/2021,325.0,332.0,325.0,329.0,0.0,63744.0,317.0,231.1
AKPL,3/31/2021,335.0,336.0,329.0,330.0,0.3,83567.0,317.0,231.1
AKPL,4/1/2021,326.0,346.0,326.0,337.0,2.12,226134.0,317.0,231.1
AKPL,4/4/2021,340.0,344.0,334.0,336.0,-0.3,118875.0,317.0,231.1
AKPL,4/5/2021,337.0,340.0,330.0,334.0,-0.6,148903.0,317.0,231.1
AKPL,4/6/2021,332.0,346.0,328.0,340.0,1.8,364925.0,317.0,231.1
AKPL,4/7/2021,350.0,350.0,332.0,333.0,-2.06,206075.0,317.0,231.1
AKPL,4/8/2021,336.0,339.0,330.0,330.0,-0.9,93862.0,317.0,231.1
AKPL,4/12/2021,314.0,343.0,314.0,333.0,0.91,116168.0,317.0,231.1
AKPL,4/13/2021,335.0,337.0,330.0,335.0,0.6,116361.0,317.0,231.1
AKPL,4/15/2021,351.0,351.0,331.0,336.0,0.3,184237.0,317.0,231.1
AKPL,4/18/2021,340.0,360.0,339.0,351.0,4.46,761334.0,317.0,231.1
AKPL,4/19/2021,355.0,355.0,339.0,341.0,-2.85,290675.0,317.0,231.1
AKPL,4/20/2021,336.0,363.0,336.0,360.0,5.57,404412.0,317.0,231.1
AKPL,4/21/2021,365.0,366.0,349.0,350.0,-2.78,323315.0,317.0,231.1
AKPL,4/22/2021,356.0,356.0,345.0,349.0,-0.29,185879.0,317.0,231.1
AKPL,4/25/2021,354.0,354.0,334.0,338.0,-3.15,247852.0,317.0,231.1
AKPL,4/26/2021,337.0,340.0,324.0,325.0,-3.85,226564.0,317.0,231.1
AKPL,4/27/2021,325.0,345.0,323.0,342.0,5.23,192255.0,317.0,231.1
AKPL,4/28/2021,352.0,352.0,333.0,336.0,-1.75,72840.0,317.0,231.1
AKPL,4/29/2021,352.0,352.0,336.0,340.0,1.19,191298.0,317.0,231.1
AKPL,5/2/2021,344.0,348.0,338.0,342.0,0.59,186531.0,317.0,231.1
AKPL,5/3/2021,325.0,349.0,325.0,340.0,-0.58,161883.0,317.0,231.1
AKPL,5/4/2021,335.0,358.0,335.0,351.0,3.24,624687.0,317.0,231.1
AKPL,5/5/2021,351.0,361.0,350.0,356.0,1.42,384481.0,317.0,231.1
AKPL,5/6/2021,360.0,360.0,345.0,348.0,-2.25,329436.0,317.0,231.1
AKPL,5/9/2021,350.0,353.0,342.0,342.0,-1.72,163371.0,317.0,231.1
AKPL,5/10/2021,342.0,350.0,341.0,344.0,0.58,113699.0,317.0,231.1
AKPL,5/11/2021,347.0,349.0,343.0,346.0,0.58,146524.0,317.0,231.1
AKPL,5/12/2021,342.0,354.0,342.0,353.0,2.02,220023.0,317.0,231.1
AKPL,5/13/2021,355.0,365.0,352.0,362.0,2.55,599643.0,317.0,231.1
AKPL,5/16/2021,380.0,380.0,362.0,364.0,0.55,495370.0,317.0,231.1
AKPL,5/17/2021,369.0,380.0,365.0,379.0,4.12,668227.0,317.0,231.1
AKPL,5/18/2021,397.0,402.0,380.0,393.0,3.69,799163.0,317.0,231.1
AKPL,5/19/2021,412.0,412.0,376.0,380.0,-3.31,483778.0,317.0,231.1
AKPL,5/20/2021,377.0,382.0,373.0,378.0,-0.53,310631.0,317.0,231.1
AKPL,5/23/2021,362.0,391.0,361.0,389.0,2.91,397528.0,317.0,231.1
AKPL,5/24/2021,390.0,397.0,385.0,390.0,0.26,530132.0,317.0,231.1
AKPL,5/25/2021,400.0,424.0,390.0,421.0,7.95,825687.0,317.0,231.1
AKPL,5/27/2021,415.0,463.0,412.0,463.0,9.98,836448.0,317.0,231.1
AKPL,5/30/2021,486.0,486.0,443.0,453.0,-2.16,1012079.0,317.0,231.1
AKPL,5/31/2021,431.0,470.0,421.0,427.0,-5.74,606893.0,317.0,231.1
AKPL,6/1/2021,415.0,441.0,415.0,435.0,1.87,366669.0,317.0,231.1
AKPL,6/2/2021,456.0,459.0,430.0,452.0,3.91,327969.0,317.0,231.1
AKPL,6/3/2021,452.0,464.0,435.0,439.0,-2.88,333442.0,317.0,231.1
AKPL,6/6/2021,440.0,441.0,424.0,434.0,-1.14,349036.0,317.0,231.1
AKPL,6/7/2021,438.0,457.0,435.0,455.0,4.84,392597.0,317.0,231.1
AKPL,6/8/2021,477.0,477.0,452.0,452.0,-0.66,476407.0,317.0,231.1
AKPL,6/9/2021,458.0,476.0,445.0,464.0,2.65,510093.0,317.0,231.1
AKPL,6/10/2021,487.0,508.0,463.0,490.0,5.6,606929.0,317.0,231.1
AKPL,6/13/2021,505.0,530.0,493.0,527.0,7.55,790346.0,317.0,231.1
AKPL,6/14/2021,553.0,553.0,503.0,514.0,-2.47,772074.0,317.0,231.1
AKPL,6/15/2021,514.0,517.0,493.0,495.0,-3.7,525578.0,317.0,231.1
AKPL,6/16/2021,471.0,510.0,460.0,475.0,-4.04,512685.0,317.0,231.1
AKPL,6/17/2021,475.0,490.0,460.0,474.0,-0.21,284274.0,317.0,231.1
AKPL,6/20/2021,478.0,481.0,441.0,452.0,-4.64,325637.0,317.0,231.1
AKPL,6/21/2021,470.0,470.0,427.0,428.0,-5.31,341219.0,317.0,231.1
AKPL,6/22/2021,435.0,462.0,414.0,460.0,7.48,328726.0,317.0,231.1
AKPL,6/23/2021,469.0,475.0,437.0,437.0,-5.0,201232.0,317.0,231.1
AKPL,6/24/2021,445.0,455.0,425.0,436.0,-0.23,184146.0,317.0,231.1
AKPL,6/27/2021,445.0,453.0,436.0,440.0,0.92,143558.0,317.0,231.1
AKPL,6/28/2021,448.0,448.0,433.0,434.0,-1.36,115388.0,317.0,231.1
AKPL,6/29/2021,432.0,448.0,421.0,423.0,-2.53,138501.0,317.0,231.1
AKPL,6/30/2021,444.0,444.0,414.0,425.0,0.47,161003.0,317.0,231.1
AKPL,7/1/2021,430.0,440.0,425.0,433.0,1.88,189336.0,317.0,231.1
AKPL,7/4/2021,439.0,440.0,426.0,427.0,-1.39,96041.0,317.0,231.1
AKPL,7/5/2021,435.0,435.0,421.0,422.0,-1.17,66851.0,317.0,231.1
AKPL,7/6/2021,427.0,438.0,421.0,422.0,0.0,64447.0,317.0,231.1
AKPL,7/7/2021,401.0,431.0,401.0,427.0,1.18,105707.0,317.0,231.1
AKPL,7/8/2021,428.0,435.0,425.0,433.0,1.41,87975.0,317.0,231.1
AKPL,7/11/2021,435.0,457.0,435.0,456.0,5.31,193425.0,317.0,231.1
AKPL,7/12/2021,465.0,469.0,437.0,449.0,-1.54,204397.0,317.0,231.1
AKPL,7/13/2021,471.0,471.0,441.0,450.0,0.22,100089.0,317.0,231.1
AKPL,7/14/2021,457.0,458.0,447.0,458.0,1.78,86836.0,317.0,231.1
AKPL,7/15/2021,470.0,487.0,460.0,474.0,3.49,284343.0,317.0,231.1
AKPL,7/18/2021,483.0,499.0,483.0,491.0,3.59,253647.0,317.0,231.1
AKPL,7/19/2021,500.0,521.0,489.0,519.0,5.7,537864.0,317.0,231.1
AKPL,7/20/2021,529.3,544.0,511.0,533.0,2.7,730416.0,317.0,231.1
AKPL,7/22/2021,543.6,543.6,518.0,524.0,-1.69,418366.0,317.0,231.1
AKPL,7/25/2021,524.0,576.4,520.0,570.0,8.78,628087.0,317.0,231.1
AKPL,7/26/2021,581.0,586.0,556.0,557.7,-2.16,340135.0,317.0,231.1
AKPL,7/27/2021,560.0,596.0,558.0,585.0,4.9,457237.0,317.0,231.1
AKPL,7/28/2021,596.7,609.0,565.0,565.0,-3.42,446786.0,317.0,231.1
AKPL,7/29/2021,570.0,575.0,555.0,563.0,-0.35,280372.0,317.0,231.1
AKPL,8/1/2021,566.0,586.5,566.0,581.0,3.2,325963.0,317.0,231.1
AKPL,8/2/2021,592.6,619.0,576.3,584.0,0.52,638039.0,317.0,231.1
AKPL,8/3/2021,595.0,595.0,575.0,590.9,1.18,319578.0,317.0,231.1
AKPL,8/4/2021,600.0,621.0,591.0,615.0,4.08,681327.0,317.0,231.1
AKPL,8/5/2021,627.0,627.0,592.0,593.4,-3.51,474739.0,317.0,231.1
AKPL,8/8/2021,598.0,626.0,585.0,619.0,4.31,534026.0,317.0,231.1
AKPL,8/9/2021,631.0,637.0,617.1,631.0,1.94,507218.0,317.0,231.1
AKPL,8/10/2021,635.0,645.0,618.0,624.0,-1.11,660814.0,317.0,231.1
AKPL,8/11/2021,630.0,686.0,630.0,685.0,9.78,840637.0,317.0,231.1
AKPL,8/12/2021,698.7,715.0,681.0,688.0,0.44,579592.0,317.0,231.1
AKPL,8/15/2021,674.3,679.0,635.0,655.0,-4.8,720863.0,317.0,231.1
AKPL,8/16/2021,668.0,672.0,643.0,663.0,1.22,291545.0,317.0,231.1
AKPL,8/17/2021,675.0,729.3,666.0,729.3,10.0,843940.0,317.0,231.1
AKPL,8/18/2021,743.8,802.2,743.8,802.2,10.0,125488.0,317.0,231.1
AKPL,8/19/2021,818.2,882.4,805.0,830.5,3.53,1382304.0,317.0,231.1
AKPL,8/24/2021,814.0,823.0,775.1,777.5,-6.38,905177.0,317.0,231.1
AKPL,8/25/2021,777.0,821.0,745.0,788.9,1.47,624251.0,317.0,231.1
AKPL,8/26/2021,795.0,850.0,788.0,827.0,4.83,551272.0,317.0,231.1
AKPL,8/29/2021,843.5,860.0,793.1,797.0,-3.63,1069649.0,317.0,231.1
AKPL,8/31/2021,694.0,694.6,658.0,659.0,-17.31,341688.0,317.0,231.1
AKPL,9/1/2021,659.0,669.0,633.1,640.0,-2.88,181760.0,317.0,231.1
AKPL,9/2/2021,645.0,652.0,592.0,601.0,-6.09,289654.0,317.0,231.1
AKPL,9/5/2021,589.0,590.0,540.9,540.9,-10.0,326478.0,317.0,231.1
AKPL,9/6/2021,540.0,594.9,530.0,594.9,9.98,276714.0,317.0,231.1
AKPL,9/7/2021,605.0,628.0,572.0,599.9,0.84,227199.0,317.0,231.1
AKPL,9/8/2021,600.0,603.0,577.3,579.1,-3.47,109071.0,317.0,231.1
AKPL,9/9/2021,589.0,606.0,578.2,596.0,2.92,192883.0,317.0,231.1
AKPL,9/12/2021,607.9,655.6,607.9,655.6,10.0,286139.0,317.0,231.1
AKPL,9/13/2021,668.7,695.6,643.0,649.6,-0.92,303844.0,317.0,231.1
AKPL,9/14/2021,662.0,662.0,630.5,640.0,-1.48,138028.0,317.0,231.1
AKPL,9/15/2021,640.0,644.0,625.5,627.2,-2.0,179012.0,317.0,231.1
AKPL,9/16/2021,615.0,620.0,591.0,599.0,-4.5,263033.0,317.0,231.1
AKPL,9/20/2021,599.0,600.0,540.0,550.0,-8.18,265478.0,317.0,231.1
AKPL,9/21/2021,550.0,588.0,510.0,564.9,2.71,272544.0,317.0,231.1
AKPL,9/22/2021,576.1,612.0,576.0,609.0,7.81,186345.0,317.0,231.1
AKPL,9/23/2021,621.1,621.1,590.0,591.2,-2.92,147108.0,317.0,231.1
AKPL,9/26/2021,590.0,593.0,550.0,553.0,-6.46,200221.0,317.0,231.1
AKPL,9/27/2021,564.0,585.0,522.0,524.0,-5.24,207373.0,317.0,231.1
AKPL,9/28/2021,524.0,544.0,480.3,486.0,-7.25,249406.0,317.0,231.1
AKPL,9/29/2021,486.0,525.0,466.0,515.0,5.97,236151.0,317.0,231.1
AKPL,9/30/2021,520.0,526.0,491.0,494.0,-4.08,130752.0,317.0,231.1
AKPL,10/3/2021,494.0,500.0,466.0,472.0,-4.45,148050.0,317.0,231.1
AKPL,10/4/2021,463.0,480.0,450.0,453.5,-3.92,121078.0,317.0,231.1
AKPL,10/5/2021,462.0,475.0,455.0,470.0,3.64,67748.0,317.0,231.1
AKPL,10/6/2021,476.0,497.2,471.0,493.0,4.89,85860.0,317.0,231.1
AKPL,10/10/2021,502.0,502.0,480.2,482.0,-2.23,80592.0,317.0,231.1
AKPL,10/11/2021,474.0,482.7,466.1,476.0,-1.24,66133.0,317.0,231.1
AKPL,10/17/2021,485.0,488.0,466.5,480.0,0.84,23174.0,317.0,231.1
AKPL,10/18/2021,475.0,475.3,452.1,464.0,-3.33,108734.0,317.0,231.1
AKPL,10/19/2021,464.0,465.0,432.0,440.0,-5.17,131685.0,317.0,231.1
AKPL,10/20/2021,448.0,475.0,446.0,460.0,4.55,57342.0,317.0,231.1
AKPL,10/21/2021,465.0,468.0,449.0,450.0,-2.17,61033.0,317.0,231.1
AKPL,10/24/2021,450.0,472.0,444.0,469.0,4.22,85361.0,317.0,231.1
AKPL,10/25/2021,475.0,515.9,474.0,515.9,10.0,136864.0,317.0,231.1
AKPL,10/26/2021,526.2,567.0,523.0,552.0,7.0,190626.0,317.0,231.1
AKPL,10/27/2021,552.0,565.5,530.0,550.0,-0.36,210701.0,317.0,231.1
AKPL,10/28/2021,540.0,575.0,535.0,568.0,3.27,165688.0,317.0,231.1
AKPL,10/31/2021,579.3,614.0,563.0,609.0,7.22,160421.0,317.0,231.1
AKPL,11/1/2021,616.0,624.0,586.0,587.0,-3.61,195198.0,317.0,231.1
AKPL,11/2/2021,587.0,604.0,575.3,600.0,2.21,122954.0,317.0,231.1
AKPL,11/3/2021,612.0,660.0,612.0,645.0,7.5,337120.0,317.0,231.1
AKPL,11/8/2021,657.9,669.9,646.0,647.0,0.31,136643.0,317.0,231.1
AKPL,11/9/2021,645.0,645.0,605.0,611.5,-5.49,265901.0,317.0,231.1
AKPL,11/11/2021,604.0,609.8,577.0,586.0,-4.17,213717.0,317.0,231.1
AKPL,11/14/2021,597.7,615.0,586.0,600.0,2.39,217525.0,317.0,231.1
AKPL,11/15/2021,612.0,623.0,610.0,613.9,2.32,101843.0,317.0,231.1
AKPL,11/16/2021,624.0,624.0,610.0,620.0,0.99,122858.0,317.0,231.1
AKPL,11/17/2021,632.4,654.0,621.0,630.0,1.61,302488.0,317.0,231.1
AKPL,11/18/2021,630.0,647.7,615.0,616.0,-2.22,164322.0,317.0,231.1
AKPL,11/21/2021,610.0,635.4,603.7,627.0,1.79,229197.0,317.0,231.1
AKPL,11/22/2021,639.0,640.9,626.0,633.0,0.96,234581.0,317.0,231.1
AKPL,11/23/2021,625.0,635.0,613.0,616.0,-2.69,156637.0,317.0,231.1
AKPL,11/24/2021,615.0,626.2,595.0,618.0,0.32,208566.0,317.0,231.1
AKPL,11/25/2021,620.0,624.5,610.0,612.0,-0.97,83490.0,317.0,231.1
AKPL,11/28/2021,600.0,610.0,585.0,586.0,-4.25,203824.0,317.0,231.1
AKPL,11/29/2021,586.0,605.0,577.0,580.0,-1.02,113827.0,317.0,231.1
AKPL,11/30/2021,589.9,590.0,574.0,580.0,0.0,103984.0,317.0,231.1
AKPL,12/1/2021,580.0,592.0,580.0,589.0,1.55,90259.0,317.0,231.1
AKPL,12/2/2021,599.0,599.0,568.1,574.0,-2.55,110598.0,317.0,231.1
AKPL,12/5/2021,563.0,574.2,538.5,540.0,-5.92,169159.0,317.0,231.1
AKPL,12/6/2021,539.0,563.0,515.0,560.0,3.7,211539.0,317.0,231.1
AKPL,12/7/2021,565.6,571.0,536.2,539.0,-3.75,118755.0,317.0,231.1
AKPL,12/8/2021,530.0,542.0,515.0,519.0,-3.71,134136.0,317.0,231.1
AKPL,12/9/2021,511.0,525.2,505.0,512.0,-1.35,116336.0,317.0,231.1
AKPL,12/12/2021,506.5,510.0,478.0,482.0,-5.86,138457.0,317.0,231.1
AKPL,12/13/2021,472.4,489.9,450.0,458.0,-4.98,196899.0,317.0,231.1
AKPL,12/14/2021,467.0,503.8,460.0,503.8,10.0,94999.0,317.0,231.1
AKPL,12/15/2021,513.0,534.4,495.0,506.0,0.44,220174.0,317.0,231.1
AKPL,12/16/2021,510.0,510.0,485.1,486.5,-3.85,108126.0,317.0,231.1
AKPL,12/20/2021,486.0,497.0,471.2,475.0,-2.36,84121.0,317.0,231.1
AKPL,12/21/2021,483.0,494.0,476.0,493.0,3.79,85423.0,317.0,231.1
AKPL,12/22/2021,502.0,530.0,500.0,530.0,7.51,168665.0,317.0,231.1
AKPL,12/23/2021,535.0,540.0,520.0,520.1,-1.87,152496.0,317.0,231.1
AKPL,12/26/2021,525.0,530.0,512.0,516.0,-0.79,124529.0,317.0,231.1
AKPL,12/27/2021,521.0,524.0,486.3,488.0,-5.43,177984.0,317.0,231.1
AKPL,12/28/2021,497.0,501.0,472.0,493.0,1.02,93245.0,317.0,231.1
AKPL,12/29/2021,501.9,502.0,490.0,493.0,0.0,79157.0,317.0,231.1
AKPL,1/2/2022,493.0,506.9,490.0,506.0,2.64,82669.0,317.0,231.1
AKPL,1/3/2022,514.0,515.0,500.0,504.9,-0.22,112793.0,317.0,231.1
AKPL,1/4/2022,508.0,516.0,497.1,514.2,1.84,83363.0,317.0,231.1
AKPL,1/5/2022,514.0,527.0,511.0,514.0,-0.04,120607.0,317.0,231.1
AKPL,1/6/2022,514.0,527.0,509.0,526.0,2.33,118617.0,317.0,231.1
AKPL,1/9/2022,535.0,559.0,530.0,556.8,5.86,250424.0,317.0,231.1
AKPL,1/10/2022,560.0,565.0,543.0,549.0,-1.4,204840.0,317.0,231.1
AKPL,1/11/2022,557.0,559.9,540.2,552.0,0.55,142738.0,317.0,231.1
AKPL,1/12/2022,554.0,565.0,540.0,540.0,-2.17,208057.0,317.0,231.1
AKPL,1/13/2022,548.0,574.9,538.1,574.0,6.3,238036.0,317.0,231.1
AKPL,1/16/2022,585.4,600.0,578.0,583.2,1.6,235708.0,317.0,231.1
AKPL,1/17/2022,583.2,606.0,575.0,602.9,3.38,274580.0,317.0,231.1
AKPL,1/18/2022,614.9,614.9,580.0,587.0,-2.64,211932.0,317.0,231.1
AKPL,1/19/2022,587.0,596.0,570.4,578.0,-1.53,193561.0,317.0,231.1
AKPL,1/20/2022,577.0,598.0,571.0,596.0,3.11,165848.0,317.0,231.1
AKPL,1/23/2022,604.0,607.9,583.0,585.0,-1.85,131384.0,317.0,231.1
AKPL,1/24/2022,585.0,585.0,550.0,558.0,-4.62,322001.0,317.0,231.1
AKPL,1/25/2022,558.0,571.0,540.0,553.0,-0.9,155695.0,317.0,231.1
AKPL,1/26/2022,547.0,555.0,535.2,540.0,-2.35,141732.0,317.0,231.1
AKPL,1/27/2022,540.0,549.0,539.0,541.0,0.19,80899.0,317.0,231.1
AKPL,1/30/2022,551.0,582.0,551.0,581.0,7.39,185790.0,317.0,231.1
AKPL,1/31/2022,592.6,592.6,570.0,579.9,-0.19,155740.0,317.0,231.1
AKPL,2/1/2022,590.0,605.0,570.0,600.0,3.47,402686.0,317.0,231.1
AKPL,2/3/2022,612.0,624.0,600.0,601.0,0.17,391839.0,317.0,231.1
AKPL,2/6/2022,601.0,601.0,578.2,583.2,-2.96,245787.0,317.0,231.1
AKPL,2/7/2022,571.6,589.9,571.6,578.9,-0.74,184107.0,317.0,231.1
AKPL,2/8/2022,590.0,611.0,569.0,573.0,-1.02,195074.0,317.0,231.1
AKPL,2/9/2022,565.0,580.0,561.6,566.5,-1.13,88804.0,317.0,231.1
AKPL,2/10/2022,565.0,573.0,555.0,559.3,-1.27,95207.0,317.0,231.1
AKPL,2/13/2022,548.2,548.9,533.0,534.0,-4.52,181856.0,317.0,231.1
AKPL,2/14/2022,534.0,544.6,529.0,533.0,-0.19,94614.0,317.0,231.1
AKPL,2/15/2022,542.0,556.9,533.0,556.0,4.32,87996.0,317.0,231.1
AKPL,2/16/2022,565.0,566.0,540.1,543.0,-2.34,69713.0,317.0,231.1
AKPL,2/17/2022,544.0,548.8,534.5,544.0,0.18,67702.0,317.0,231.1
AKPL,2/20/2022,533.2,550.0,515.5,538.0,-1.1,125018.0,317.0,231.1
AKPL,2/21/2022,536.0,545.0,529.0,544.0,1.12,58823.0,317.0,231.1
AKPL,2/22/2022,550.0,557.0,545.1,548.0,0.74,64126.0,317.0,231.1
AKPL,2/23/2022,550.0,557.0,546.0,547.0,-0.18,45152.0,317.0,231.1
AKPL,2/24/2022,547.0,547.0,530.0,532.0,-2.74,88148.0,317.0,231.1
AKPL,2/27/2022,532.0,550.8,529.0,539.0,1.32,105006.0,317.0,231.1
AKPL,2/28/2022,549.7,560.6,526.6,530.0,-1.67,168382.0,317.0,231.1
AKPL,3/2/2022,520.1,527.0,508.0,512.0,-3.4,114000.0,317.0,231.1
AKPL,3/6/2022,517.0,522.0,500.0,503.9,-1.58,93807.0,317.0,231.1
AKPL,3/7/2022,504.0,509.0,490.0,491.9,-2.38,74283.0,317.0,231.1
AKPL,3/9/2022,501.7,501.7,475.3,477.0,-3.03,67492.0,317.0,231.1
AKPL,3/10/2022,479.0,506.9,477.0,505.0,5.87,78232.0,317.0,231.1
AKPL,3/13/2022,510.0,525.0,510.0,523.0,3.56,105985.0,317.0,231.1
AKPL,3/14/2022,525.0,525.0,514.0,518.1,-0.94,17359.0,317.0,231.1
AKPL,3/15/2022,520.0,520.0,507.0,509.0,-1.76,62526.0,317.0,231.1
AKPL,3/16/2022,517.0,517.0,505.0,506.0,-0.59,40556.0,317.0,231.1
AKPL,3/20/2022,512.0,515.0,503.0,505.0,-0.2,50481.0,317.0,231.1
AKPL,3/21/2022,505.0,529.0,500.0,524.9,3.94,78753.0,317.0,231.1
AKPL,3/22/2022,530.0,530.0,518.0,518.0,-1.31,51894.0,317.0,231.1
AKPL,3/23/2022,514.1,520.0,510.0,512.0,-1.16,28244.0,317.0,231.1
AKPL,3/24/2022,510.0,514.0,501.0,502.0,-1.95,44146.0,317.0,231.1
AKPL,3/27/2022,503.0,507.0,485.1,486.0,-3.19,57833.0,317.0,231.1
AKPL,3/28/2022,482.3,497.6,482.3,483.6,-0.49,43440.0,317.0,231.1
AKPL,3/29/2022,490.0,492.0,471.0,473.5,-2.09,53178.0,317.0,231.1
AKPL,3/30/2022,479.0,490.0,470.0,489.0,3.27,52095.0,317.0,231.1
AKPL,3/31/2022,490.0,495.0,475.3,477.0,-2.45,41418.0,317.0,231.1
AKPL,4/3/2022,484.0,484.0,465.0,466.0,-2.31,28832.0,317.0,231.1
AKPL,4/4/2022,463.0,473.9,460.1,462.0,-0.86,36309.0,317.0,231.1
AKPL,4/5/2022,462.0,469.9,443.0,449.0,-2.81,76643.0,317.0,231.1
AKPL,4/6/2022,450.0,455.0,437.1,442.0,-1.56,56845.0,317.0,231.1
AKPL,4/7/2022,445.0,453.0,441.0,449.0,1.58,41705.0,317.0,231.1
AKPL,4/11/2022,457.9,465.0,435.0,438.0,-2.45,59237.0,317.0,231.1
AKPL,4/12/2022,438.0,438.0,428.8,428.8,-2.1,39407.0,317.0,231.1
AKPL,4/13/2022,431.9,436.0,420.0,427.0,-0.42,32929.0,317.0,231.1
AKPL,4/17/2022,433.0,435.0,412.0,413.0,-3.28,48381.0,317.0,231.1
AKPL,4/18/2022,417.0,417.0,395.0,396.0,-4.12,68487.0,317.0,231.1
AKPL,4/19/2022,396.0,403.0,385.0,397.0,0.25,42323.0,317.0,231.1
AKPL,4/20/2022,402.0,402.0,387.0,388.0,-2.27,31811.0,317.0,231.1
AKPL,4/21/2022,390.0,395.0,379.3,389.1,0.28,45659.0,317.0,231.1
AKPL,4/24/2022,392.0,428.0,392.0,427.0,9.74,83160.0,317.0,231.1
AKPL,4/25/2022,435.0,445.6,419.0,427.0,0.0,63367.0,317.0,231.1
AKPL,4/26/2022,421.0,433.0,418.0,420.0,-1.64,29371.0,317.0,231.1
AKPL,4/27/2022,412.4,428.4,412.0,427.0,1.67,33066.0,317.0,231.1
AKPL,4/28/2022,431.0,435.5,418.8,419.1,-1.85,46800.0,317.0,231.1
AKPL,5/2/2022,415.0,418.0,396.0,398.0,-5.03,49825.0,317.0,231.1
AKPL,5/4/2022,398.0,405.8,386.0,392.0,-1.51,31820.0,317.0,231.1
AKPL,5/5/2022,391.0,396.0,377.3,384.0,-2.04,47748.0,317.0,231.1
AKPL,5/8/2022,391.6,402.0,379.0,401.0,4.43,31493.0,317.0,231.1
AKPL,5/9/2022,405.0,414.0,396.9,402.0,0.25,53284.0,317.0,231.1
AKPL,5/10/2022,402.0,439.5,396.0,435.0,8.21,73225.0,317.0,231.1
AKPL,5/11/2022,440.0,475.0,437.0,474.3,9.03,105202.0,317.0,231.1
AKPL,5/12/2022,475.0,484.0,460.6,466.9,-1.56,121858.0,317.0,231.1
AKPL,5/17/2022,466.0,466.0,441.0,441.2,-5.5,91591.0,317.0,231.1
AKPL,5/18/2022,433.0,472.2,426.4,464.0,5.17,80103.0,317.0,231.1
AKPL,5/19/2022,464.0,475.0,455.1,461.0,-0.65,67041.0,317.0,231.1
AKPL,5/20/2022,461.0,473.0,457.0,466.0,1.08,64809.0,317.0,231.1
AKPL,5/23/2022,457.1,460.1,449.1,451.0,-3.22,61087.0,317.0,231.1
AKPL,5/24/2022,451.3,470.0,449.0,464.9,3.08,97226.0,317.0,231.1
AKPL,5/25/2022,474.1,481.0,465.0,475.8,2.34,99536.0,317.0,231.1
AKPL,5/26/2022,478.0,481.0,472.0,479.0,0.67,84603.0,317.0,231.1
AKPL,5/27/2022,483.5,485.0,461.0,467.0,-2.51,81485.0,317.0,231.1
AKPL,5/30/2022,476.0,476.0,454.2,458.0,-1.93,51587.0,317.0,231.1
AKPL,5/31/2022,458.0,460.0,450.1,451.3,-1.46,62635.0,317.0,231.1
AKPL,6/1/2022,451.3,460.0,451.1,459.0,1.71,63423.0,317.0,231.1
AKPL,6/2/2022,462.0,465.0,453.0,454.0,-1.09,45064.0,317.0,231.1
AKPL,6/3/2022,459.0,460.0,448.0,448.0,-1.32,55239.0,317.0,231.1
AKPL,6/6/2022,453.0,458.9,443.0,448.0,0.0,68607.0,317.0,231.1
AKPL,6/7/2022,449.0,451.0,439.0,440.0,-1.79,63278.0,317.0,231.1
AKPL,6/8/2022,441.0,465.0,440.0,459.0,4.32,79857.0,317.0,231.1
AKPL,6/9/2022,466.0,467.0,448.9,450.0,-1.96,86866.0,317.0,231.1
AKPL,6/10/2022,452.0,455.0,444.0,447.0,-0.67,39196.0,317.0,231.1
AKPL,6/13/2022,451.0,455.0,445.0,448.0,0.22,21514.0,317.0,231.1
AKPL,6/14/2022,441.0,453.0,434.0,437.1,-2.43,59035.0,317.0,231.1
AKPL,6/15/2022,445.8,445.8,423.0,427.0,-2.31,58782.0,317.0,231.1
AKPL,6/16/2022,435.5,444.0,421.0,437.0,2.34,55236.0,317.0,231.1
AKPL,6/17/2022,442.0,442.0,430.0,431.9,-1.17,17059.0,317.0,231.1
AKPL,6/19/2022,432.0,437.9,416.0,418.9,-3.01,44746.0,317.0,231.1
AKPL,6/20/2022,414.0,414.0,400.0,402.9,-3.82,96069.0,317.0,231.1
AKPL,6/21/2022,396.0,420.0,395.0,410.0,1.76,45438.0,317.0,231.1
AKPL,6/22/2022,410.0,411.0,397.0,400.0,-2.44,33105.0,317.0,231.1
AKPL,6/23/2022,392.0,398.0,378.5,382.0,-4.5,79456.0,317.0,231.1
AKPL,6/24/2022,375.1,401.0,369.2,391.0,2.36,50856.0,317.0,231.1
AKPL,6/26/2022,397.0,429.9,394.0,429.0,9.72,96853.0,317.0,231.1
AKPL,6/27/2022,431.1,437.0,412.0,413.0,-3.73,103544.0,317.0,231.1
AKPL,6/28/2022,410.0,416.0,403.0,405.3,-1.86,35787.0,317.0,231.1
AKPL,6/29/2022,410.0,432.9,400.0,429.0,5.85,94326.0,317.0,231.1
AKPL,6/30/2022,436.0,452.8,425.0,448.0,4.43,131489.0,317.0,231.1
AKPL,7/1/2022,456.0,456.0,437.3,439.0,-2.01,56615.0,317.0,231.1
AKPL,7/3/2022,439.0,467.0,431.0,458.9,4.53,133229.0,317.0,231.1
AKPL,7/4/2022,468.0,484.0,453.1,463.0,0.89,250633.0,317.0,231.1
AKPL,7/5/2022,464.0,484.5,452.0,478.0,3.24,249824.0,317.0,231.1
AKPL,7/6/2022,487.5,487.5,465.1,478.0,0.0,132933.0,317.0,231.1
AKPL,7/7/2022,487.5,490.0,466.5,469.0,-1.88,132435.0,317.0,231.1
AKPL,7/8/2022,478.3,478.3,452.0,453.0,-3.41,82569.0,317.0,231.1
AKPL,7/11/2022,445.0,445.0,427.0,427.0,-5.74,137285.0,317.0,231.1
AKPL,7/12/2022,434.0,453.9,425.0,452.0,5.85,179993.0,317.0,231.1
AKPL,7/13/2022,455.0,471.0,450.0,469.9,3.96,139532.0,317.0,231.1
AKPL,7/14/2022,474.0,477.9,454.2,461.4,-1.81,114589.0,317.0,231.1
AKPL,7/15/2022,468.0,468.0,450.0,459.0,-0.52,94823.0,317.0,231.1
AKPL,7/17/2022,463.0,469.0,450.1,465.0,1.31,100519.0,317.0,231.1
AKPL,7/18/2022,464.9,466.0,456.3,462.1,-0.62,41399.0,317.0,231.1
AKPL,7/19/2022,464.9,474.9,461.0,468.0,1.28,126852.0,317.0,231.1
AKPL,7/20/2022,470.0,474.0,461.0,466.0,-0.43,90609.0,317.0,231.1
AKPL,7/21/2022,470.0,470.0,456.0,457.0,-1.93,58750.0,317.0,231.1
AKPL,7/22/2022,457.0,461.0,446.0,448.5,-1.86,75883.0,317.0,231.1
AKPL,7/24/2022,457.0,469.9,447.9,469.9,4.77,134209.0,317.0,231.1
AKPL,7/25/2022,470.0,507.0,466.1,500.0,6.41,299727.0,317.0,231.1
AKPL,7/26/2022,505.0,510.0,488.0,494.9,-1.02,310713.0,317.0,231.1
AKPL,7/27/2022,487.0,513.9,485.0,511.8,3.41,246815.0,317.0,231.1
AKPL,7/28/2022,513.0,519.0,488.0,500.0,-2.31,354977.0,317.0,231.1
AKPL,7/29/2022,500.0,503.0,492.0,495.0,-1.0,82852.0,317.0,231.1
AKPL,7/31/2022,500.0,503.0,488.0,491.5,-0.71,142444.0,317.0,231.1
AKPL,8/1/2022,499.0,506.0,487.0,490.0,-0.31,144073.0,317.0,231.1
AKPL,8/2/2022,495.0,497.0,487.1,492.1,0.43,82590.0,317.0,231.1
AKPL,8/3/2022,493.5,504.0,493.0,493.9,0.37,131928.0,317.0,231.1
AKPL,8/4/2022,500.0,500.0,480.0,480.0,-2.81,125385.0,317.0,231.1
AKPL,8/5/2022,480.0,487.9,471.0,475.0,-1.04,117525.0,317.0,231.1
AKPL,8/7/2022,472.1,484.0,471.0,475.0,0.0,81241.0,317.0,231.1
AKPL,8/8/2022,479.0,483.0,468.0,469.0,-1.26,80033.0,317.0,231.1
AKPL,8/9/2022,468.0,468.9,447.9,450.0,-4.05,125829.0,317.0,231.1
AKPL,8/10/2022,455.0,459.0,443.0,445.0,-1.11,74541.0,317.0,231.1
AKPL,8/11/2022,450.0,453.9,438.0,438.1,-1.55,76863.0,317.0,231.1
AKPL,8/14/2022,436.5,444.0,428.2,430.0,-1.85,53811.0,317.0,231.1
AKPL,8/15/2022,430.0,453.9,430.0,453.9,5.56,90311.0,317.0,231.1
AKPL,8/16/2022,462.9,467.0,443.1,443.1,-2.38,88768.0,317.0,231.1
AKPL,8/17/2022,451.9,455.0,442.9,447.0,0.88,51450.0,317.0,231.1
AKPL,8/18/2022,448.0,469.0,448.0,458.0,2.46,120670.0,317.0,231.1
AKPL,8/21/2022,465.0,465.0,453.0,455.0,-0.66,69966.0,317.0,231.1
AKPL,8/22/2022,455.1,457.0,446.1,454.0,-0.22,54214.0,317.0,231.1
AKPL,8/23/2022,457.0,459.0,450.0,458.9,1.08,53955.0,317.0,231.1
AKPL,8/24/2022,459.9,485.0,459.0,483.0,5.25,353606.0,317.0,231.1
AKPL,8/25/2022,490.0,492.6,470.0,470.0,-2.69,150997.0,317.0,231.1
AKPL,8/26/2022,475.0,478.0,467.1,470.0,0.0,100563.0,317.0,231.1
AKPL,8/28/2022,463.0,478.0,461.0,464.0,-1.28,221324.0,317.0,231.1
AKPL,8/29/2022,473.2,473.2,453.8,460.0,-0.86,109191.0,317.0,231.1
AKPL,8/30/2022,462.0,463.0,450.3,450.3,-2.11,34704.0,317.0,231.1
AKPL,8/31/2022,455.0,455.0,441.0,441.9,-1.87,60243.0,317.0,231.1
AKPL,9/1/2022,439.0,447.0,433.1,443.0,0.25,87080.0,317.0,231.1
AKPL,9/2/2022,444.0,450.0,439.0,450.0,1.58,55611.0,317.0,231.1
AKPL,9/4/2022,459.0,459.0,448.0,448.1,-0.42,45296.0,317.0,231.1
AKPL,9/5/2022,452.0,454.0,441.0,442.0,-1.36,27254.0,317.0,231.1
AKPL,9/6/2022,442.0,443.0,435.0,435.3,-1.52,37779.0,317.0,231.1
AKPL,9/7/2022,436.0,437.0,430.5,433.0,-0.53,24179.0,317.0,231.1
AKPL,9/8/2022,437.0,440.0,427.0,434.0,0.23,27822.0,317.0,231.1
AKPL,9/11/2022,434.0,438.9,427.0,428.9,-1.18,23035.0,317.0,231.1
AKPL,9/12/2022,424.0,427.0,418.0,421.0,-1.84,44745.0,317.0,231.1
AKPL,9/13/2022,421.0,429.0,415.6,424.0,0.71,88463.0,317.0,231.1
AKPL,9/14/2022,426.0,443.0,426.0,442.8,4.43,64052.0,317.0,231.1
AKPL,9/15/2022,440.0,442.0,420.1,420.9,-4.95,113030.0,317.0,231.1
AKPL,9/16/2022,415.0,420.0,405.1,416.9,-0.95,62353.0,317.0,231.1
AKPL,9/18/2022,416.0,419.0,403.0,403.5,-3.21,52299.0,317.0,231.1
AKPL,9/20/2022,406.0,409.3,392.0,393.0,-2.6,82173.0,317.0,231.1
AKPL,9/21/2022,399.8,401.0,392.1,395.0,0.51,25936.0,317.0,231.1
AKPL,9/22/2022,396.0,397.0,384.0,385.0,-2.53,39424.0,317.0,231.1
AKPL,9/25/2022,382.0,383.0,369.9,371.0,-3.64,59507.0,317.0,231.1
AKPL,9/27/2022,374.0,385.9,370.6,373.2,0.59,41674.0,317.0,231.1
AKPL,9/28/2022,380.6,382.5,374.0,374.6,0.38,16118.0,317.0,231.1
AKPL,9/29/2022,377.0,380.0,375.0,377.5,0.77,29056.0,317.0,231.1
AKPL,10/9/2022,382.0,388.0,378.1,387.0,2.52,37233.0,317.0,231.1
AKPL,10/10/2022,392.0,393.0,375.0,376.0,-2.84,30506.0,317.0,231.1
AKPL,10/11/2022,380.0,380.0,370.2,375.9,-0.03,19429.0,317.0,231.1
AKPL,10/12/2022,375.0,385.3,373.0,382.5,1.76,32624.0,317.0,231.1
AKPL,10/13/2022,385.0,392.0,383.0,389.0,1.7,51464.0,317.0,231.1
AKPL,10/16/2022,388.0,388.0,378.3,382.0,-1.8,41920.0,317.0,231.1
AKPL,10/17/2022,377.0,385.0,377.0,378.2,-0.99,16226.0,317.0,231.1
AKPL,10/19/2022,381.0,381.0,370.0,371.0,-1.9,30861.0,317.0,231.1
AKPL,10/20/2022,370.5,375.0,367.0,372.0,0.27,22225.0,317.0,231.1
AKPL,10/23/2022,366.0,376.0,366.0,374.0,0.54,18480.0,317.0,231.1
AKPL,10/31/2022,378.0,385.0,377.0,378.0,1.07,36557.0,317.0,231.1
AKPL,11/1/2022,382.0,399.7,378.0,397.1,5.05,36958.0,317.0,231.1
AKPL,11/2/2022,405.0,410.0,393.0,407.9,2.72,84395.0,317.0,231.1
AKPL,11/3/2022,407.0,414.0,397.0,399.0,-2.18,85959.0,317.0,231.1
AKPL,11/6/2022,363.0,382.0,360.0,378.0,-5.26,55169.0,317.0,231.1
AKPL,11/7/2022,380.0,384.0,373.0,374.9,-0.82,61034.0,317.0,231.1
AKPL,11/8/2022,376.0,376.8,368.0,369.0,-1.57,22420.0,317.0,231.1
AKPL,11/9/2022,368.1,371.0,358.0,358.0,-2.98,43346.0,317.0,231.1
AKPL,11/10/2022,363.0,366.0,352.0,352.5,-1.54,32764.0,317.0,231.1
AKPL,11/13/2022,346.1,357.0,342.1,347.0,-1.56,23718.0,317.0,231.1
AKPL,11/14/2022,343.1,353.9,343.0,350.0,0.86,12106.0,317.0,231.1
AKPL,11/15/2022,350.0,357.0,342.0,346.9,-0.89,24851.0,317.0,231.1
AKPL,11/16/2022,352.0,353.0,345.0,349.0,0.61,24371.0,317.0,231.1
AKPL,11/17/2022,354.0,361.0,351.0,353.0,1.15,53334.0,317.0,231.1
AKPL,11/22/2022,358.0,367.2,352.1,353.0,0.0,42992.0,317.0,231.1
AKPL,11/23/2022,355.0,358.0,348.5,353.0,0.0,27597.0,317.0,231.1
AKPL,11/24/2022,350.0,354.9,347.2,352.0,-0.28,20132.0,317.0,231.1
AKPL,11/27/2022,358.0,362.0,352.1,361.0,2.56,29083.0,317.0,231.1
AKPL,11/28/2022,362.0,365.9,350.0,357.0,-1.11,37033.0,317.0,231.1
AKPL,11/29/2022,352.1,359.9,350.0,357.9,0.25,12677.0,317.0,231.1
AKPL,11/30/2022,360.0,360.0,353.0,358.0,0.03,17620.0,317.0,231.1
AKPL,12/1/2022,355.0,359.0,353.1,355.5,-0.7,30097.0,317.0,231.1
AKPL,12/4/2022,355.5,360.0,353.0,357.0,0.42,30328.0,317.0,231.1
AKPL,12/5/2022,357.0,358.0,348.1,350.0,-1.96,25870.0,317.0,231.1
AKPL,12/6/2022,350.0,351.0,345.3,346.0,-1.14,16218.0,317.0,231.1
AKPL,12/7/2022,349.1,349.1,342.5,347.8,0.52,16147.0,317.0,231.1
AKPL,12/11/2022,343.2,345.1,340.0,342.2,-1.61,21248.0,317.0,231.1
AKPL,12/12/2022,342.2,351.0,340.3,351.0,2.57,28871.0,317.0,231.1
AKPL,12/13/2022,345.0,350.0,343.0,343.0,-2.28,19850.0,317.0,231.1
AKPL,12/14/2022,342.1,346.7,342.1,343.0,0.0,15365.0,317.0,231.1
AKPL,12/15/2022,340.3,344.6,340.0,341.0,-0.58,18122.0,317.0,231.1
AKPL,12/18/2022,341.0,341.0,332.0,332.0,-2.64,25745.0,317.0,231.1
AKPL,12/19/2022,335.8,335.8,330.0,331.5,-0.15,11225.0,317.0,231.1
AKPL,12/20/2022,337.0,337.0,328.5,332.1,0.18,10236.0,317.0,231.1
AKPL,12/21/2022,330.0,332.4,330.0,332.0,-0.03,7440.0,317.0,231.1
AKPL,12/22/2022,331.0,331.0,325.0,327.5,-1.36,22264.0,317.0,231.1
AKPL,12/26/2022,334.0,352.0,329.0,352.0,7.48,43692.0,317.0,231.1
AKPL,12/27/2022,357.9,372.0,354.1,365.0,3.69,96306.0,317.0,231.1
AKPL,12/28/2022,365.0,371.0,353.0,360.0,-1.37,70940.0,317.0,231.1
AKPL,12/29/2022,360.0,380.0,360.0,379.0,5.28,96450.0,317.0,231.1
AKPL,1/1/2023,386.0,402.0,373.0,388.0,2.37,117367.0,317.0,231.1
AKPL,1/2/2023,381.0,397.0,375.0,395.0,1.8,75575.0,317.0,231.1
AKPL,1/3/2023,396.0,400.0,387.1,392.0,-0.76,71676.0,317.0,231.1
AKPL,1/4/2023,397.0,405.0,389.0,404.0,3.06,89972.0,317.0,231.1
AKPL,1/5/2023,412.0,421.0,400.0,411.0,1.73,134613.0,317.0,231.1
AKPL,1/8/2023,415.0,422.0,404.0,417.0,1.46,160826.0,317.0,231.1
AKPL,1/9/2023,416.0,439.0,415.0,434.9,4.29,139025.0,317.0,231.1
AKPL,1/10/2023,438.0,460.9,420.1,424.0,-2.51,300480.0,317.0,231.1
AKPL,1/12/2023,432.4,441.0,407.0,408.0,-3.77,191415.0,317.0,231.1
AKPL,1/17/2023,399.9,426.0,399.9,421.0,3.19,96215.0,317.0,231.1
AKPL,1/18/2023,426.0,440.0,415.0,422.0,0.24,196928.0,317.0,231.1
AKPL,1/19/2023,421.0,429.4,417.5,421.0,-0.24,60671.0,317.0,231.1
AKPL,1/23/2023,425.0,426.1,410.0,413.0,-1.9,71364.0,317.0,231.1
AKPL,1/24/2023,411.0,417.0,404.0,411.0,-0.48,64201.0,317.0,231.1
AKPL,1/25/2023,418.0,430.0,410.0,424.0,3.16,98342.0,317.0,231.1
AKPL,1/26/2023,426.0,428.8,420.0,427.0,0.71,110325.0,317.0,231.1
AKPL,1/29/2023,423.0,428.0,416.3,420.0,-1.64,76745.0,317.0,231.1
AKPL,1/30/2023,416.1,420.0,408.0,410.0,-2.38,93110.0,317.0,231.1
AKPL,1/31/2023,404.6,413.9,404.0,408.0,-0.49,74390.0,317.0,231.1
AKPL,2/1/2023,408.0,410.0,405.0,407.0,-0.25,23898.0,317.0,231.1
AKPL,2/2/2023,407.0,408.8,395.0,401.0,-1.47,65647.0,317.0,231.1
AKPL,2/5/2023,401.5,406.0,398.0,400.0,-0.25,52635.0,317.0,231.1
AKPL,2/6/2023,400.0,405.0,397.0,400.0,0.0,25421.0,317.0,231.1
AKPL,2/7/2023,404.0,422.5,402.1,422.0,5.5,115773.0,317.0,231.1
AKPL,2/8/2023,428.0,428.0,413.0,418.0,-0.95,95101.0,317.0,231.1
AKPL,2/9/2023,425.0,425.0,410.0,422.0,0.96,57065.0,317.0,231.1
AKPL,2/12/2023,414.0,415.0,401.0,403.0,-4.5,72084.0,317.0,231.1
AKPL,2/14/2023,403.0,408.0,397.0,401.0,-0.5,57366.0,317.0,231.1
AKPL,2/15/2023,404.0,418.0,401.0,413.0,2.99,134419.0,317.0,231.1
AKPL,2/16/2023,413.0,413.0,402.2,403.0,-2.42,47463.0,317.0,231.1
AKPL,2/20/2023,401.0,407.0,397.5,400.9,-0.52,52413.0,317.0,231.1
AKPL,2/22/2023,401.0,411.0,401.0,410.5,2.39,42277.0,317.0,231.1
AKPL,2/23/2023,403.1,409.0,398.0,400.0,-2.56,64393.0,317.0,231.1
AKPL,2/26/2023,392.0,402.5,385.0,402.0,0.5,82819.0,317.0,231.1
AKPL,2/27/2023,407.0,407.0,392.9,398.0,-1.0,49443.0,317.0,231.1
AKPL,2/28/2023,395.0,405.8,395.0,399.0,0.25,38734.0,317.0,231.1
AKPL,3/1/2023,404.9,404.9,395.0,397.0,-0.5,32350.0,317.0,231.1
AKPL,3/2/2023,397.0,400.0,393.0,394.0,-0.76,46273.0,317.0,231.1
AKPL,3/5/2023,395.0,397.0,390.0,390.0,-1.02,32573.0,317.0,231.1
AKPL,3/7/2023,387.1,395.4,387.0,395.3,1.36,37715.0,317.0,231.1
AKPL,3/9/2023,402.2,418.0,399.0,415.8,5.19,116744.0,317.0,231.1
AKPL,3/12/2023,419.0,422.0,408.4,409.0,-1.64,82230.0,317.0,231.1
AKPL,3/13/2023,411.0,412.5,404.1,406.9,-0.51,32731.0,317.0,231.1
AKPL,3/14/2023,411.0,412.0,403.1,409.0,0.52,52507.0,317.0,231.1
AKPL,3/15/2023,405.0,413.0,402.1,407.0,-0.49,46051.0,317.0,231.1
AKPL,3/16/2023,406.0,409.5,403.1,405.0,-0.49,40465.0,317.0,231.1
AKPL,3/19/2023,405.0,408.0,404.0,407.0,0.49,32169.0,317.0,231.1
AKPL,3/20/2023,404.0,415.0,404.0,413.0,1.47,82605.0,317.0,231.1
AKPL,3/22/2023,415.0,415.0,402.0,403.0,-2.42,70504.0,317.0,231.1
AKPL,3/23/2023,400.2,407.0,399.0,404.0,0.25,57749.0,317.0,231.1
AKPL,3/26/2023,404.0,406.0,397.0,400.0,-0.99,45851.0,317.0,231.1
AKPL,3/27/2023,398.0,407.0,395.0,406.0,1.5,46250.0,317.0,231.1
AKPL,3/28/2023,412.0,412.0,402.1,405.0,-0.25,39193.0,317.0,231.1
AKPL,3/29/2023,405.0,407.0,403.0,404.0,-0.25,16323.0,317.0,231.1
AKPL,3/30/2023,410.0,410.0,403.0,405.0,0.25,21936.0,317.0,231.1
AKPL,4/2/2023,408.0,412.9,395.0,397.9,-1.75,44517.0,317.0,231.1
AKPL,4/3/2023,398.0,400.0,391.9,395.0,-0.73,25611.0,317.0,231.1
AKPL,4/4/2023,395.0,401.0,390.1,392.0,-0.76,25403.0,317.0,231.1
AKPL,4/5/2023,393.0,395.0,390.6,391.9,-0.03,21680.0,317.0,231.1
AKPL,4/6/2023,398.0,398.0,385.3,390.0,-0.48,31115.0,317.0,231.1
AKPL,4/9/2023,385.0,390.0,380.0,381.9,-2.08,42479.0,317.0,231.1
AKPL,4/10/2023,381.0,388.9,376.0,386.9,1.31,30707.0,317.0,231.1
AKPL,4/11/2023,389.9,393.9,382.6,392.9,1.55,20947.0,317.0,231.1
AKPL,4/12/2023,397.4,410.0,395.5,409.0,4.1,69726.0,317.0,231.1
AKPL,4/13/2023,413.0,417.0,400.0,403.9,-1.25,49619.0,317.0,231.1
AKPL,4/16/2023,407.9,409.3,395.1,395.1,-2.18,31317.0,317.0,231.1
AKPL,4/17/2023,402.7,403.0,391.0,394.5,-0.15,21407.0,317.0,231.1
AKPL,4/18/2023,392.0,397.0,386.1,393.0,-0.38,23192.0,317.0,231.1
AKPL,4/19/2023,395.0,398.0,393.1,396.9,0.99,9970.0,317.0,231.1
AKPL,4/20/2023,395.0,400.0,390.2,390.2,-1.69,15213.0,317.0,231.1
AKPL,4/23/2023,392.0,393.0,388.2,388.5,-0.44,19146.0,317.0,231.1
AKPL,4/24/2023,386.0,394.9,386.0,390.0,0.39,11265.0,317.0,231.1
AKPL,4/25/2023,384.0,395.4,383.1,389.0,-0.26,25779.0,317.0,231.1
AKPL,4/26/2023,396.7,396.7,386.0,386.0,-0.77,14481.0,317.0,231.1
AKPL,4/27/2023,384.6,388.0,383.0,384.9,-0.28,24863.0,317.0,231.1
AKPL,4/30/2023,384.9,384.9,376.2,376.2,-2.26,30365.0,317.0,231.1
AKPL,5/2/2023,376.3,381.0,374.3,377.0,0.21,22156.0,317.0,231.1
AKPL,5/3/2023,377.0,384.0,370.7,370.7,-1.67,17279.0,317.0,231.1
AKPL,5/4/2023,375.0,381.0,371.0,380.0,2.51,15140.0,317.0,231.1
AKPL,5/7/2023,378.0,378.0,370.1,370.1,-2.61,13385.0,317.0,231.1
AKPL,5/8/2023,370.1,375.0,354.0,359.0,-3.0,38600.0,317.0,231.1
AKPL,5/9/2023,360.3,370.0,357.0,361.5,0.7,32223.0,317.0,231.1
AKPL,5/10/2023,360.0,363.0,355.0,360.0,-0.41,22818.0,317.0,231.1
AKPL,5/11/2023,360.0,363.0,355.0,360.7,0.19,16859.0,317.0,231.1
AKPL,5/14/2023,366.0,366.0,349.0,350.0,-2.97,22537.0,317.0,231.1
AKPL,5/15/2023,356.0,356.0,344.2,349.0,-0.29,18797.0,317.0,231.1
AKPL,5/16/2023,353.9,357.0,346.0,350.6,0.46,34273.0,317.0,231.1
AKPL,5/17/2023,353.0,363.0,351.0,359.8,2.62,23453.0,317.0,231.1
AKPL,5/18/2023,364.0,372.5,361.0,364.0,1.17,44086.0,317.0,231.1
AKPL,5/21/2023,370.0,372.0,360.2,364.0,0.0,37413.0,317.0,231.1
AKPL,5/22/2023,359.4,366.0,357.2,364.0,0.0,14351.0,317.0,231.1
AKPL,5/23/2023,365.8,375.0,361.0,372.0,2.2,69848.0,317.0,231.1
AKPL,5/24/2023,378.0,378.0,367.1,372.0,0.0,43087.0,317.0,231.1
AKPL,5/28/2023,372.3,374.7,360.7,362.9,-2.45,45860.0,317.0,231.1
AKPL,5/30/2023,365.0,365.0,353.2,355.0,-2.18,48166.0,317.0,231.1
AKPL,5/31/2023,350.0,362.0,347.0,348.0,-1.97,29693.0,317.0,231.1
AKPL,6/1/2023,352.0,354.9,343.1,352.0,1.15,22219.0,317.0,231.1
AKPL,6/4/2023,359.0,379.0,359.0,366.0,3.98,26694.0,317.0,231.1
AKPL,6/5/2023,371.9,374.0,362.0,364.0,-0.55,29004.0,317.0,231.1
AKPL,6/6/2023,362.0,370.0,361.0,370.0,1.65,23295.0,317.0,231.1
AKPL,6/7/2023,374.7,382.0,370.6,375.0,1.35,70179.0,317.0,231.1
AKPL,6/8/2023,380.3,380.3,367.0,369.8,-1.39,30489.0,317.0,231.1
AKPL,6/11/2023,370.0,378.0,364.0,375.2,1.46,41819.0,317.0,231.1
AKPL,6/12/2023,381.8,382.7,371.0,373.1,-0.56,38137.0,317.0,231.1
AKPL,6/13/2023,370.0,379.9,367.5,375.0,0.51,53715.0,317.0,231.1
AKPL,6/14/2023,376.5,384.9,370.0,373.0,-0.53,73388.0,317.0,231.1
AKPL,6/15/2023,369.0,376.0,368.0,372.0,-0.27,47110.0,317.0,231.1
AKPL,6/18/2023,372.0,379.0,371.2,375.9,1.05,58402.0,317.0,231.1
AKPL,6/19/2023,379.9,380.0,371.5,376.9,0.27,59868.0,317.0,231.1
AKPL,6/20/2023,376.0,378.0,363.0,366.8,-2.68,70505.0,317.0,231.1
AKPL,6/21/2023,360.0,374.1,360.0,360.7,-1.66,43541.0,317.0,231.1
AKPL,6/22/2023,366.0,366.0,351.0,358.0,-0.75,79313.0,317.0,231.1
AKPL,6/25/2023,358.0,359.0,345.0,355.0,-0.84,127584.0,317.0,231.1
AKPL,6/26/2023,362.1,362.1,348.1,353.9,-0.31,77910.0,317.0,231.1
AKPL,6/27/2023,360.0,360.0,347.0,357.0,0.88,82716.0,317.0,231.1
AKPL,6/28/2023,362.0,362.0,350.0,352.0,-1.4,66082.0,317.0,231.1
AKPL,7/2/2023,359.0,373.0,357.2,357.6,1.59,160149.0,317.0,231.1
AKPL,7/3/2023,359.0,363.0,352.0,355.0,-0.73,116122.0,317.0,231.1
AKPL,7/4/2023,355.0,359.0,348.0,351.9,-0.87,53406.0,317.0,231.1
AKPL,7/5/2023,352.5,354.0,342.0,342.0,-2.81,91205.0,317.0,231.1
AKPL,7/6/2023,343.0,343.0,330.9,332.0,-2.92,124937.0,317.0,231.1
AKPL,7/9/2023,338.6,338.6,328.0,335.5,1.05,362599.0,317.0,231.1
AKPL,7/10/2023,222.1,239.5,220.0,232.0,-30.85,228856.0,317.0,231.1
AKPL,7/11/2023,234.0,237.0,227.0,227.2,-2.07,58105.0,317.0,231.1
AKPL,7/12/2023,228.0,249.9,227.0,248.0,9.15,142299.0,317.0,231.1
AKPL,7/13/2023,252.0,254.0,237.2,237.3,-4.31,132959.0,317.0,231.1
AKPL,7/16/2023,238.0,242.0,228.0,234.5,-1.18,61190.0,317.0,231.1
AKPL,7/17/2023,234.0,236.8,227.1,231.9,-1.11,101395.0,317.0,231.1
AKPL,7/18/2023,232.1,236.4,227.6,229.0,-1.25,95017.0,317.0,231.1
AKPL,7/19/2023,232.0,232.0,225.0,227.5,-0.66,55995.0,317.0,231.1
AKPL,7/20/2023,228.0,231.9,223.0,226.1,-0.62,93412.0,317.0,231.1
AKPL,7/23/2023,226.0,235.5,223.2,232.0,2.61,87759.0,317.0,231.1
AKPL,7/24/2023,230.0,242.7,230.0,232.3,0.13,96438.0,317.0,231.1
AKPL,7/25/2023,235.0,235.0,229.0,231.1,-0.52,81721.0,317.0,231.1
AKPL,7/26/2023,235.7,235.7,225.5,226.0,-2.21,69404.0,317.0,231.1
AKPL,7/27/2023,228.5,230.4,222.1,224.0,-0.88,78665.0,317.0,231.1
AKPL,7/30/2023,227.0,227.0,218.7,219.0,-2.23,57214.0,317.0,231.1
AKPL,7/31/2023,222.0,229.5,217.1,218.1,-0.41,48106.0,317.0,231.1
AKPL,8/1/2023,221.0,222.0,216.1,216.5,-0.73,54772.0,317.0,231.1
AKPL,8/2/2023,218.0,218.0,211.7,214.0,-1.15,56886.0,317.0,231.1
AKPL,8/3/2023,217.9,218.0,213.9,214.0,0.0,34729.0,317.0,231.1
AKPL,8/6/2023,214.0,216.9,211.5,213.0,-0.47,35669.0,317.0,231.1
AKPL,8/7/2023,213.0,217.0,210.0,214.0,0.47,39179.0,317.0,231.1
AKPL,8/8/2023,215.0,215.0,207.5,207.5,-3.04,41426.0,317.0,231.1
AKPL,8/9/2023,207.0,213.0,203.4,212.0,2.17,51879.0,317.0,231.1
AKPL,8/10/2023,213.9,214.0,210.1,210.4,-0.75,38412.0,317.0,231.1
AKPL,8/13/2023,210.0,212.0,207.0,208.0,-1.14,30371.0,317.0,231.1
AKPL,8/14/2023,209.7,209.7,206.0,206.1,-0.91,30795.0,317.0,231.1
AKPL,8/15/2023,204.0,204.0,193.0,195.0,-5.39,119633.0,317.0,231.1
AKPL,8/16/2023,194.0,195.0,187.0,189.0,-3.08,57327.0,317.0,231.1
AKPL,8/17/2023,186.4,194.5,186.0,188.9,-0.05,40676.0,317.0,231.1
AKPL,8/20/2023,189.0,190.5,184.7,184.8,-2.17,35873.0,317.0,231.1
AKPL,8/21/2023,187.0,187.5,183.0,183.2,-0.87,19201.0,317.0,231.1
AKPL,8/22/2023,185.0,188.0,180.1,186.5,1.8,25020.0,317.0,231.1
AKPL,8/23/2023,188.9,192.7,186.2,191.1,2.47,42704.0,317.0,231.1
AKPL,8/24/2023,190.0,194.9,185.0,185.6,-2.88,31292.0,317.0,231.1
AKPL,8/27/2023,182.0,184.2,179.0,181.8,-2.05,28793.0,317.0,231.1
AKPL,8/28/2023,179.1,182.6,177.3,177.3,-2.48,34619.0,317.0,231.1
AKPL,8/29/2023,179.0,181.0,177.0,177.9,0.34,13046.0,317.0,231.1
AKPL,8/30/2023,177.0,177.0,174.0,174.9,-1.69,35578.0,317.0,231.1
AKPL,9/3/2023,172.0,174.0,168.7,168.7,-3.54,34616.0,317.0,231.1
AKPL,9/4/2023,172.0,172.0,165.0,166.5,-1.3,39039.0,317.0,231.1
AKPL,9/5/2023,169.0,169.0,161.7,165.0,-0.9,30874.0,317.0,231.1
AKPL,9/7/2023,165.0,165.0,159.4,159.4,-3.39,42428.0,317.0,231.1
AKPL,9/10/2023,161.0,161.5,155.0,155.1,-2.7,60584.0,317.0,231.1
AKPL,9/11/2023,157.0,159.0,152.4,154.0,-0.71,62841.0,317.0,231.1
AKPL,9/12/2023,156.0,165.0,156.0,160.5,4.22,70950.0,317.0,231.1
AKPL,9/13/2023,161.0,176.5,161.0,175.0,9.03,110680.0,317.0,231.1
AKPL,9/17/2023,176.0,184.6,165.9,175.0,0.0,104175.0,317.0,231.1
AKPL,9/18/2023,174.0,183.0,171.7,179.0,2.29,70905.0,317.0,231.1
AKPL,9/19/2023,180.5,186.1,176.4,181.5,1.4,77570.0,317.0,231.1
AKPL,9/21/2023,185.0,199.6,184.0,199.6,9.97,167797.0,317.0,231.1
AKPL,9/24/2023,200.0,209.8,191.0,197.1,-1.25,126513.0,317.0,231.1
AKPL,9/25/2023,198.0,201.8,190.2,196.3,-0.41,77795.0,317.0,231.1
AKPL,9/26/2023,199.0,209.0,199.0,208.0,5.96,145228.0,317.0,231.1
AKPL,9/27/2023,212.0,212.0,198.1,201.0,-3.37,141295.0,317.0,231.1
AKPL,10/1/2023,205.0,205.0,192.1,194.9,-3.03,79360.0,317.0,231.1
AKPL,10/2/2023,191.5,199.7,187.3,196.0,0.56,71183.0,317.0,231.1
AKPL,10/3/2023,194.0,197.0,190.1,190.3,-2.91,43010.0,317.0,231.1
AKPL,10/4/2023,193.0,196.7,190.3,193.9,1.89,56289.0,317.0,231.1
AKPL,10/5/2023,191.3,196.0,191.0,192.1,-0.93,26342.0,317.0,231.1
AKPL,10/8/2023,195.9,195.9,185.0,185.9,-3.23,75664.0,317.0,231.1
AKPL,10/9/2023,183.1,188.6,180.0,182.9,-1.61,65663.0,317.0,231.1
AKPL,10/10/2023,183.0,183.0,175.5,176.0,-3.77,46697.0,317.0,231.1
AKPL,10/11/2023,173.1,183.0,173.1,177.8,1.02,41199.0,317.0,231.1
AKPL,10/12/2023,181.3,181.3,171.0,171.0,-3.82,46814.0,317.0,231.1
AKPL,10/16/2023,173.0,174.0,167.0,168.8,-1.29,38705.0,317.0,231.1
AKPL,10/17/2023,171.0,182.0,171.0,177.8,5.33,53258.0,317.0,231.1
AKPL,10/18/2023,180.0,184.0,179.0,183.9,3.43,35748.0,317.0,231.1
AKPL,10/19/2023,185.0,185.0,177.7,178.6,-2.88,40472.0,317.0,231.1
AKPL,10/29/2023,178.0,178.0,170.6,172.9,-3.19,28651.0,317.0,231.1
AKPL,10/30/2023,176.3,176.3,170.0,174.5,0.93,28176.0,317.0,231.1
AKPL,10/31/2023,174.0,174.0,170.0,171.0,-2.01,26177.0,317.0,231.1
AKPL,11/1/2023,170.0,173.8,170.0,170.3,-0.41,23869.0,317.0,231.1
AKPL,11/2/2023,173.7,173.7,169.0,169.2,-0.65,26280.0,317.0,231.1
AKPL,11/5/2023,167.0,170.0,167.0,169.0,-0.12,28842.0,317.0,231.1
AKPL,11/6/2023,167.0,173.0,167.0,171.8,1.66,26356.0,317.0,231.1
AKPL,11/7/2023,173.0,173.0,168.7,170.0,-1.05,21804.0,317.0,231.1
AKPL,11/8/2023,173.4,173.4,167.5,168.0,-1.18,27241.0,317.0,231.1
AKPL,11/9/2023,168.0,170.0,165.0,165.0,-1.79,44646.0,317.0,231.1
AKPL,11/20/2023,163.0,171.6,163.0,165.9,0.55,18452.0,317.0,231.1
AKPL,11/21/2023,169.0,169.0,160.0,160.3,-3.38,27612.0,317.0,231.1
AKPL,11/22/2023,160.3,163.5,158.0,162.9,1.62,29270.0,317.0,231.1
AKPL,11/23/2023,160.5,166.0,158.0,164.5,0.98,47419.0,317.0,231.1
AKPL,11/26/2023,164.0,176.0,164.0,173.1,5.23,78418.0,317.0,231.1
AKPL,11/27/2023,176.5,176.5,168.9,170.0,-1.79,50455.0,317.0,231.1
AKPL,11/28/2023,168.0,174.0,166.7,169.9,-0.06,14895.0,317.0,231.1
AKPL,11/29/2023,172.0,172.0,165.0,165.0,-2.88,26774.0,317.0,231.1
AKPL,11/30/2023,164.5,166.0,161.0,162.0,-1.82,46272.0,317.0,231.1
AKPL,12/3/2023,163.0,165.0,158.8,158.8,-1.98,41992.0,317.0,231.1
AKPL,12/4/2023,158.0,162.2,157.2,161.5,1.7,39187.0,317.0,231.1
AKPL,12/5/2023,164.7,164.7,156.0,158.0,-2.17,95879.0,317.0,231.1
AKPL,12/6/2023,160.9,160.9,154.5,157.5,-0.32,79129.0,317.0,231.1
AKPL,12/7/2023,157.5,161.7,157.0,159.8,1.46,57690.0,317.0,231.1
AKPL,12/10/2023,162.9,172.3,162.9,172.3,7.82,27335.0,317.0,231.1
AKPL,12/11/2023,175.7,182.0,167.0,171.1,-0.7,144307.0,317.0,231.1
AKPL,12/12/2023,167.7,177.4,165.2,173.0,1.11,190444.0,317.0,231.1
AKPL,12/13/2023,170.0,183.4,166.5,178.0,2.89,703092.0,317.0,231.1
AKPL,12/14/2023,179.5,182.4,175.0,182.2,2.36,339737.0,317.0,231.1
AKPL,12/17/2023,182.2,196.0,175.6,196.0,7.57,692690.0,317.0,231.1
AKPL,12/18/2023,196.0,204.0,192.0,193.0,-1.53,623763.0,317.0,231.1
AKPL,12/19/2023,195.0,196.5,187.0,193.0,0.0,280974.0,317.0,231.1
AKPL,12/20/2023,193.0,200.5,190.0,196.9,2.02,563351.0,317.0,231.1
AKPL,12/21/2023,197.0,197.0,188.2,188.2,-4.42,341383.0,317.0,231.1
AKPL,12/24/2023,191.9,193.0,180.1,181.9,-3.35,368074.0,317.0,231.1
AKPL,12/27/2023,185.5,188.9,177.0,180.0,-1.04,255685.0,317.0,231.1
AKPL,12/28/2023,183.6,183.6,175.0,177.0,-1.67,266686.0,317.0,231.1
AKPL,1/1/2024,180.5,183.3,173.0,174.0,-1.69,225434.0,317.0,231.1
AKPL,1/2/2024,177.4,177.4,172.0,174.8,0.46,239276.0,317.0,231.1
AKPL,1/3/2024,177.0,182.9,176.0,182.8,4.58,305823.0,317.0,231.1
AKPL,1/4/2024,186.0,188.0,183.0,183.5,0.38,300350.0,317.0,231.1
AKPL,1/7/2024,187.1,192.1,183.5,185.0,0.82,430499.0,317.0,231.1
AKPL,1/8/2024,184.0,189.0,184.0,185.0,0.0,185082.0,317.0,231.1
AKPL,1/9/2024,187.0,192.4,182.1,184.9,-0.05,173885.0,317.0,231.1
AKPL,1/10/2024,187.0,190.7,181.5,182.4,-1.35,186368.0,317.0,231.1
AKPL,1/11/2024,184.8,192.8,181.8,190.0,4.17,437141.0,317.0,231.1
AKPL,1/14/2024,190.0,199.9,190.0,197.0,3.68,562584.0,317.0,231.1
AKPL,1/16/2024,199.0,213.0,198.1,209.6,6.4,792363.0,317.0,231.1
AKPL,1/17/2024,209.0,215.0,197.0,198.0,-5.53,713955.0,317.0,231.1
AKPL,1/18/2024,196.0,212.0,192.0,202.0,2.02,473951.0,317.0,231.1
AKPL,1/21/2024,205.0,215.0,202.0,207.0,2.48,827910.0,317.0,231.1
AKPL,1/22/2024,207.0,214.0,203.1,204.0,-1.45,599060.0,317.0,231.1
AKPL,1/23/2024,205.0,212.0,204.0,209.0,2.45,509466.0,317.0,231.1
AKPL,1/24/2024,213.0,214.9,208.0,209.0,0.0,571874.0,317.0,231.1
AKPL,1/25/2024,212.9,213.1,205.9,208.0,-0.48,438666.0,317.0,231.1
AKPL,1/28/2024,211.0,211.0,203.9,206.0,-0.96,240705.0,317.0,231.1
AKPL,1/29/2024,210.0,210.0,205.0,206.0,0.0,286107.0,317.0,231.1
AKPL,1/30/2024,208.0,209.0,205.0,206.0,0.0,281837.0,317.0,231.1
AKPL,1/31/2024,208.0,209.0,199.0,201.0,-2.43,366139.0,317.0,231.1
AKPL,2/1/2024,205.0,205.0,195.1,196.6,-2.19,421574.0,317.0,231.1
AKPL,2/4/2024,196.1,198.0,190.1,193.9,-1.37,303297.0,317.0,231.1
AKPL,2/5/2024,196.0,197.7,193.3,195.7,0.93,117548.0,317.0,231.1
AKPL,2/6/2024,197.0,197.0,194.2,196.7,0.51,105766.0,317.0,231.1
AKPL,2/7/2024,198.0,198.9,195.0,195.2,-0.76,157480.0,317.0,231.1
AKPL,2/8/2024,198.0,198.0,194.0,195.0,-0.1,130406.0,317.0,231.1
AKPL,2/11/2024,198.9,198.9,195.0,195.6,0.31,143004.0,317.0,231.1
AKPL,2/12/2024,198.0,198.5,195.0,197.0,0.72,128234.0,317.0,231.1
AKPL,2/13/2024,197.2,197.2,192.0,192.2,-2.44,201685.0,317.0,231.1
AKPL,2/14/2024,193.0,194.0,189.0,191.9,-0.16,147790.0,317.0,231.1
AKPL,2/15/2024,195.7,195.7,188.6,189.0,-1.51,139264.0,317.0,231.1
AKPL,2/18/2024,189.0,191.8,185.0,186.5,-1.32,110647.0,317.0,231.1
AKPL,2/20/2024,187.0,188.8,184.5,186.0,-0.27,79711.0,317.0,231.1
AKPL,2/21/2024,184.3,188.0,183.3,184.5,-0.81,88724.0,317.0,231.1
AKPL,2/22/2024,185.0,186.0,178.0,179.8,-2.55,127725.0,317.0,231.1
AKPL,2/25/2024,181.5,181.5,175.0,175.0,-2.67,128814.0,317.0,231.1
AKPL,2/26/2024,175.0,178.5,173.6,177.7,1.54,96259.0,317.0,231.1
AKPL,2/27/2024,181.0,181.0,176.5,179.0,0.73,74301.0,317.0,231.1
AKPL,2/28/2024,182.5,182.5,176.4,179.0,0.0,49813.0,317.0,231.1
AKPL,2/29/2024,182.5,182.5,176.1,176.6,-1.34,76130.0,317.0,231.1
AKPL,3/3/2024,176.0,176.4,172.0,174.0,-1.47,77432.0,317.0,231.1
AKPL,3/4/2024,177.4,191.4,177.4,188.0,8.05,17823.0,317.0,231.1
AKPL,3/5/2024,191.7,198.0,182.0,183.4,-2.45,175926.0,317.0,231.1
AKPL,3/6/2024,183.4,187.5,180.0,182.1,-0.71,105632.0,317.0,231.1
AKPL,3/7/2024,182.1,189.0,182.1,184.8,1.48,58876.0,317.0,231.1
AKPL,3/10/2024,187.0,188.4,185.0,185.6,0.43,99417.0,317.0,231.1
AKPL,3/12/2024,189.0,194.0,188.0,189.9,2.32,115619.0,317.0,231.1
AKPL,3/13/2024,186.2,192.7,186.2,188.2,-0.9,112715.0,317.0,231.1
AKPL,3/14/2024,191.0,191.5,185.8,186.2,-1.06,79948.0,317.0,231.1
AKPL,3/17/2024,189.0,189.0,185.0,185.2,-0.54,92452.0,317.0,231.1
AKPL,3/18/2024,186.0,187.8,183.0,186.4,0.65,51269.0,317.0,231.1
AKPL,3/19/2024,190.0,190.0,183.0,183.0,-1.82,66031.0,317.0,231.1
AKPL,3/20/2024,186.0,186.0,180.0,181.1,-1.04,63267.0,317.0,231.1
AKPL,3/21/2024,182.9,182.9,179.7,181.0,-0.06,65495.0,317.0,231.1
AKPL,3/25/2024,182.0,182.0,177.4,179.0,-1.1,49762.0,317.0,231.1
AKPL,3/26/2024,177.5,180.5,177.3,178.5,-0.28,51596.0,317.0,231.1
AKPL,3/27/2024,178.5,180.0,177.0,178.5,0.0,36373.0,317.0,231.1
AKPL,3/28/2024,178.5,179.9,176.4,177.6,-0.5,48619.0,317.0,231.1
AKPL,3/31/2024,178.0,179.1,175.0,177.0,-0.34,53718.0,317.0,231.1
AKPL,4/1/2024,175.0,176.8,174.1,175.0,-1.13,58081.0,317.0,231.1
AKPL,4/2/2024,175.0,176.2,174.0,174.9,-0.06,36204.0,317.0,231.1
AKPL,4/3/2024,174.0,176.0,171.6,172.9,-1.14,49863.0,317.0,231.1
AKPL,4/4/2024,172.0,175.0,170.0,174.0,0.64,49364.0,317.0,231.1
AKPL,4/7/2024,172.0,175.0,172.0,174.0,0.0,63814.0,317.0,231.1
AKPL,4/9/2024,176.0,176.6,174.0,175.5,0.86,46799.0,317.0,231.1
AKPL,4/10/2024,176.0,177.7,173.0,174.0,-0.85,44939.0,317.0,231.1
AKPL,4/14/2024,174.0,175.8,172.0,172.8,-0.69,39300.0,317.0,231.1
AKPL,4/15/2024,171.0,175.0,169.6,171.1,-0.98,30589.0,317.0,231.1
AKPL,4/16/2024,170.2,173.0,168.5,170.0,-0.64,60364.0,317.0,231.1
AKPL,4/18/2024,170.0,170.0,166.0,167.8,-1.29,48644.0,317.0,231.1
AKPL,4/21/2024,167.0,170.0,164.1,166.9,-0.54,59598.0,317.0,231.1
AKPL,4/22/2024,169.4,170.0,167.0,167.0,0.06,45948.0,317.0,231.1
AKPL,4/24/2024,166.0,168.0,165.1,165.4,-0.96,42197.0,317.0,231.1
AKPL,4/25/2024,165.1,167.0,164.5,165.0,-0.24,46409.0,317.0,231.1
AKPL,4/28/2024,168.3,168.4,164.1,167.0,1.21,53960.0,317.0,231.1
AKPL,4/29/2024,165.0,169.0,164.0,167.0,0.0,26442.0,317.0,231.1
AKPL,4/30/2024,168.9,173.3,165.7,171.0,2.4,65716.0,317.0,231.1
AKPL,5/2/2024,173.2,176.0,168.5,168.5,-1.46,44137.0,317.0,231.1
AKPL,5/5/2024,171.8,171.8,165.5,165.6,-1.72,54349.0,317.0,231.1
AKPL,5/6/2024,168.0,168.0,163.2,164.0,-0.97,43037.0,317.0,231.1
AKPL,5/7/2024,163.0,167.0,162.1,164.5,0.3,33209.0,317.0,231.1
AKPL,5/8/2024,165.0,165.9,162.0,163.0,-0.91,36574.0,317.0,231.1
AKPL,5/9/2024,165.0,165.0,161.0,162.9,-0.06,37196.0,317.0,231.1
AKPL,5/12/2024,162.2,165.2,162.0,162.6,-0.18,58369.0,317.0,231.1
AKPL,5/13/2024,162.6,165.0,162.6,163.4,0.49,30761.0,317.0,231.1
AKPL,5/14/2024,165.0,172.0,163.0,171.0,4.65,98942.0,317.0,231.1
AKPL,5/15/2024,172.0,172.0,167.0,167.1,-2.28,42105.0,317.0,231.1
AKPL,5/16/2024,165.7,168.3,164.1,165.1,-1.2,31149.0,317.0,231.1
AKPL,5/19/2024,165.0,170.0,163.0,170.0,2.97,88951.0,317.0,231.1
AKPL,5/20/2024,170.0,173.0,169.2,171.0,0.59,67419.0,317.0,231.1
AKPL,5/21/2024,170.0,172.5,167.7,170.6,-0.23,62829.0,317.0,231.1
AKPL,5/22/2024,170.1,173.7,169.9,170.2,-0.23,97277.0,317.0,231.1
AKPL,5/26/2024,170.0,173.6,169.0,172.4,1.29,89043.0,317.0,231.1
AKPL,5/27/2024,173.9,174.0,170.6,172.0,-0.23,49409.0,317.0,231.1
AKPL,5/29/2024,175.4,175.4,168.2,168.9,-1.8,46984.0,317.0,231.1
AKPL,5/30/2024,168.0,170.0,165.8,166.9,-1.18,39421.0,317.0,231.1
AKPL,6/2/2024,165.0,169.3,161.0,166.1,-0.48,51938.0,317.0,231.1
AKPL,6/3/2024,166.0,168.5,163.1,164.0,-1.26,52437.0,317.0,231.1
AKPL,6/4/2024,165.0,167.9,163.1,163.1,-0.55,37998.0,317.0,231.1
AKPL,6/5/2024,166.3,166.3,163.0,163.0,-0.06,30902.0,317.0,231.1
AKPL,6/6/2024,163.5,164.9,161.2,161.7,-0.8,48137.0,317.0,231.1
AKPL,6/9/2024,162.0,164.1,161.1,162.1,0.25,53173.0,317.0,231.1
AKPL,6/10/2024,165.3,166.5,161.0,165.7,2.22,57812.0,317.0,231.1
AKPL,6/11/2024,169.0,172.0,164.3,169.8,2.47,104771.0,317.0,231.1
AKPL,6/12/2024,171.0,173.0,167.1,168.0,-1.06,64788.0,317.0,231.1
AKPL,6/13/2024,168.0,168.0,165.6,167.0,-0.6,43721.0,317.0,231.1
AKPL,6/16/2024,165.1,169.0,165.0,166.0,-0.6,68828.0,317.0,231.1
AKPL,6/18/2024,165.0,167.5,164.0,164.9,-0.66,49994.0,317.0,231.1
AKPL,6/19/2024,163.0,166.2,163.0,164.0,-0.55,34938.0,317.0,231.1
AKPL,6/20/2024,166.4,166.4,163.0,163.5,-0.3,50741.0,317.0,231.1
AKPL,6/23/2024,164.0,164.5,161.8,162.5,-0.61,53584.0,317.0,231.1
AKPL,6/24/2024,162.5,164.0,161.0,162.9,0.25,55002.0,317.0,231.1
AKPL,6/25/2024,163.0,164.8,161.3,163.0,0.06,42742.0,317.0,231.1
AKPL,6/26/2024,165.0,165.0,161.1,161.1,-1.17,36698.0,317.0,231.1
AKPL,6/27/2024,161.0,162.0,159.8,159.9,-0.74,61738.0,317.0,231.1
AKPL,6/30/2024,159.0,161.5,158.0,159.0,-0.56,42547.0,317.0,231.1
AKPL,7/1/2024,158.0,160.9,157.2,159.0,0.0,48176.0,317.0,231.1
AKPL,7/2/2024,162.1,171.3,162.1,165.0,3.77,86843.0,317.0,231.1
AKPL,7/3/2024,162.0,165.0,161.8,164.0,-0.61,40326.0,317.0,231.1
AKPL,7/4/2024,165.0,165.1,162.0,163.0,-0.61,90141.0,317.0,231.1
AKPL,7/7/2024,159.8,166.0,159.8,163.9,0.55,60146.0,317.0,231.1
AKPL,7/8/2024,163.9,165.8,162.5,162.5,-0.85,43826.0,317.0,231.1
AKPL,7/9/2024,162.6,165.0,161.9,164.0,0.92,60264.0,317.0,231.1
AKPL,7/10/2024,165.0,166.4,163.0,164.0,0.0,72410.0,317.0,231.1
AKPL,7/11/2024,166.4,168.0,164.0,168.0,2.44,154068.0,317.0,231.1
AKPL,7/14/2024,171.3,181.4,170.0,181.4,7.98,283623.0,317.0,231.1
AKPL,7/15/2024,185.0,193.0,182.3,185.0,1.98,301917.0,317.0,231.1
AKPL,7/16/2024,187.0,202.8,184.0,202.5,9.46,436992.0,317.0,231.1
AKPL,7/17/2024,206.0,208.9,196.0,200.1,-1.19,477248.0,317.0,231.1
AKPL,7/18/2024,202.0,206.9,197.0,201.0,0.45,441953.0,317.0,231.1
AKPL,7/21/2024,204.0,204.9,197.0,201.0,0.0,323483.0,317.0,231.1
AKPL,7/22/2024,202.0,213.0,196.2,208.8,3.88,542877.0,317.0,231.1
AKPL,7/23/2024,208.8,218.0,206.0,218.0,4.41,516312.0,317.0,231.1
AKPL,7/24/2024,222.3,225.0,206.8,210.0,-3.67,543451.0,317.0,231.1
AKPL,7/25/2024,214.0,214.9,206.3,211.0,0.48,443854.0,317.0,231.1
AKPL,7/28/2024,215.2,222.0,211.0,217.0,2.84,373655.0,317.0,231.1
AKPL,7/29/2024,221.3,225.0,214.1,217.0,0.0,476003.0,317.0,231.1
AKPL,7/30/2024,219.9,220.0,210.0,218.7,0.78,359881.0,317.0,231.1
AKPL,7/31/2024,220.0,232.0,219.0,226.0,3.34,834153.0,317.0,231.1
AKPL,8/1/2024,230.5,232.0,221.6,224.9,-0.49,459341.0,317.0,231.1
AKPL,8/5/2024,229.3,232.5,223.0,229.5,2.05,574408.0,317.0,231.1
AKPL,8/6/2024,230.0,233.9,212.0,215.0,-6.32,612071.0,317.0,231.1
AKPL,8/7/2024,215.0,226.0,211.0,225.9,5.07,487458.0,317.0,231.1
AKPL,8/8/2024,228.0,241.0,226.0,237.9,5.31,970203.0,317.0,231.1
AKPL,8/11/2024,239.0,261.6,239.0,261.6,9.96,1039564.0,317.0,231.1
AKPL,8/12/2024,266.8,287.7,263.0,287.7,9.98,1084050.0,317.0,231.1
AKPL,8/13/2024,293.0,293.4,272.5,286.0,-0.59,904989.0,317.0,231.1
AKPL,8/14/2024,285.0,314.0,269.3,301.0,5.24,1395526.0,317.0,231.1
AKPL,8/15/2024,301.0,326.0,300.1,318.0,5.65,1297606.0,317.0,231.1
AKPL,8/18/2024,318.0,318.0,297.0,305.0,-4.09,1213406.0,317.0,231.1
AKPL,8/21/2024,305.0,310.0,298.1,301.0,-1.31,732256.0,317.0,231.1
AKPL,8/22/2024,301.0,313.0,296.2,307.2,2.06,925923.0,317.0,231.1
AKPL,8/25/2024,307.2,311.0,292.1,292.1,-4.92,620185.0,317.0,231.1
AKPL,8/27/2024,294.0,294.0,269.0,272.0,-6.88,899311.0,317.0,231.1
AKPL,8/28/2024,274.4,288.0,267.1,275.0,1.1,560182.0,317.0,231.1
AKPL,8/29/2024,280.0,285.0,263.2,269.0,-2.18,488000.0,317.0,231.1
AKPL,9/1/2024,270.0,275.0,253.0,260.0,-3.35,418194.0,317.0,231.1
AKPL,9/2/2024,264.9,285.3,255.3,284.0,9.23,549020.0,317.0,231.1
AKPL,9/3/2024,289.0,290.7,278.4,282.0,-0.7,495596.0,317.0,231.1
AKPL,9/4/2024,282.0,286.0,265.1,268.0,-4.96,451985.0,317.0,231.1
AKPL,9/5/2024,265.0,273.3,258.8,264.1,-1.46,343931.0,317.0,231.1
AKPL,9/8/2024,267.3,272.0,255.0,256.0,-3.07,264892.0,317.0,231.1
AKPL,9/9/2024,256.0,261.0,250.0,252.0,-1.56,342315.0,317.0,231.1
AKPL,9/10/2024,254.0,259.9,248.2,249.5,-0.99,190129.0,317.0,231.1
AKPL,9/11/2024,254.4,254.4,244.0,244.5,-2.0,301800.0,317.0,231.1
AKPL,9/12/2024,244.5,262.0,242.1,258.0,5.52,307988.0,317.0,231.1
AKPL,9/15/2024,261.1,268.1,245.0,248.6,-3.64,354404.0,317.0,231.1
AKPL,9/16/2024,246.0,250.0,239.7,241.1,-3.02,222235.0,317.0,231.1
AKPL,9/18/2024,245.8,246.0,236.3,236.3,-1.99,164464.0,317.0,231.1
AKPL,9/22/2024,240.0,253.0,237.7,240.0,1.57,199561.0,317.0,231.1
AKPL,9/23/2024,242.5,242.5,229.3,229.3,-4.46,203479.0,317.0,231.1
AKPL,9/24/2024,230.0,234.6,218.6,219.1,-4.45,246845.0,317.0,231.1
AKPL,9/25/2024,220.0,228.0,215.0,225.2,2.78,196306.0,317.0,231.1
AKPL,9/26/2024,226.5,230.5,218.0,218.5,-2.98,129715.0,317.0,231.1
AKPL,9/29/2024,220.0,220.0,211.3,213.0,-2.52,289626.0,317.0,231.1
AKPL,9/30/2024,212.5,220.3,212.5,220.0,3.29,141505.0,317.0,231.1
AKPL,10/1/2024,224.4,242.0,221.2,242.0,10.0,291480.0,317.0,231.1
AKPL,10/2/2024,246.0,255.0,233.3,236.0,-2.48,324393.0,317.0,231.1
AKPL,10/6/2024,239.0,246.7,234.0,245.6,4.07,218873.0,317.0,231.1
AKPL,10/7/2024,246.8,260.8,246.8,255.9,4.19,264895.0,317.0,231.1
AKPL,10/8/2024,257.0,260.0,245.3,249.0,-2.7,131407.0,317.0,231.1
AKPL,10/9/2024,252.0,256.0,247.0,250.5,0.6,115702.0,317.0,231.1
AKPL,10/15/2024,254.9,259.0,251.4,257.9,2.95,56563.0,317.0,231.1
AKPL,10/16/2024,257.0,270.0,257.0,265.7,3.02,237787.0,317.0,231.1
AKPL,10/17/2024,265.6,271.0,260.9,260.9,-1.81,231520.0,317.0,231.1
AKPL,10/20/2024,260.9,260.9,247.0,252.0,-3.41,322493.0,317.0,231.1
AKPL,10/21/2024,252.0,253.9,243.7,244.2,-3.1,238518.0,317.0,231.1
AKPL,10/22/2024,248.0,251.5,241.0,251.0,2.78,126213.0,317.0,231.1
AKPL,10/23/2024,256.0,256.0,248.0,248.5,-1.0,128189.0,317.0,231.1
AKPL,10/24/2024,253.4,253.4,246.1,249.0,0.2,111497.0,317.0,231.1
AKPL,10/27/2024,249.0,252.0,246.0,248.9,-0.04,121257.0,317.0,231.1
AKPL,10/28/2024,253.8,253.8,248.5,252.0,1.25,112523.0,317.0,231.1
AKPL,10/29/2024,257.0,258.9,252.0,256.3,1.71,157976.0,317.0,231.1
AKPL,10/30/2024,257.5,259.8,253.0,259.0,1.05,95976.0,317.0,231.1
AKPL,11/5/2024,257.1,261.7,255.0,257.0,-0.77,67164.0,317.0,231.1
AKPL,11/6/2024,262.1,262.1,254.5,255.3,-0.66,65917.0,317.0,231.1
AKPL,11/10/2024,255.0,271.5,255.0,269.0,5.37,390467.0,317.0,231.1
AKPL,11/11/2024,274.0,284.9,270.5,273.0,1.49,676682.0,317.0,231.1
AKPL,11/12/2024,278.4,280.5,270.0,274.5,0.55,257689.0,317.0,231.1
AKPL,11/13/2024,279.0,279.0,270.9,272.7,-0.66,256812.0,317.0,231.1
AKPL,11/14/2024,267.3,278.0,267.3,270.0,-0.99,290695.0,317.0,231.1
AKPL,11/17/2024,275.0,285.0,270.3,274.9,1.81,345797.0,317.0,231.1
AKPL,11/19/2024,275.0,275.0,265.1,265.1,-3.56,253965.0,317.0,231.1
AKPL,11/20/2024,265.1,269.0,262.2,265.0,-0.04,131909.0,317.0,231.1
AKPL,11/21/2024,270.3,272.0,257.2,259.0,-2.26,153392.0,317.0,231.1
AKPL,11/24/2024,264.1,264.1,253.8,254.1,-1.89,133250.0,317.0,231.1
AKPL,11/25/2024,259.1,260.0,254.1,255.0,0.35,148166.0,317.0,231.1
AKPL,11/26/2024,260.1,265.0,259.0,263.0,3.14,172216.0,317.0,231.1
AKPL,11/27/2024,266.0,267.0,262.0,264.0,0.38,153155.0,317.0,231.1
AKPL,11/28/2024,265.0,266.2,258.3,258.3,-2.16,110116.0,317.0,231.1
AKPL,12/1/2024,257.0,257.0,250.0,253.1,-2.01,126494.0,317.0,231.1
AKPL,12/2/2024,254.0,261.0,254.0,255.0,0.75,168617.0,317.0,231.1
AKPL,12/3/2024,260.1,260.1,255.0,255.6,0.24,170641.0,317.0,231.1
AKPL,12/4/2024,260.7,262.0,254.0,257.0,0.55,172311.0,317.0,231.1
AKPL,12/5/2024,253.3,257.5,250.8,257.0,0.0,156701.0,317.0,231.1
AKPL,12/8/2024,262.0,262.0,248.1,250.0,-2.72,164817.0,317.0,231.1
AKPL,12/9/2024,250.0,253.0,248.0,248.9,-0.44,102220.0,317.0,231.1
AKPL,12/10/2024,248.6,250.9,245.0,246.0,-1.17,82058.0,317.0,231.1
AKPL,12/11/2024,248.0,252.0,243.2,251.0,2.03,115971.0,317.0,231.1
AKPL,12/12/2024,251.1,255.0,244.0,245.5,-2.19,107891.0,317.0,231.1
AKPL,12/16/2024,245.0,245.0,238.0,239.0,-2.65,150445.0,317.0,231.1
AKPL,12/17/2024,243.7,243.7,235.1,240.0,0.42,125440.0,317.0,231.1
AKPL,12/18/2024,242.0,243.8,238.0,240.0,0.0,49050.0,317.0,231.1
AKPL,12/19/2024,242.0,242.0,233.0,237.0,-1.25,166208.0,317.0,231.1
AKPL,12/22/2024,238.0,239.0,230.1,235.0,-0.84,89595.0,317.0,231.1
AKPL,12/23/2024,236.0,237.5,232.0,237.5,1.06,52136.0,317.0,231.1
AKPL,12/24/2024,241.9,241.9,235.0,236.3,-0.51,75334.0,317.0,231.1
AKPL,12/26/2024,241.0,241.0,232.0,236.0,-0.13,56328.0,317.0,231.1
AKPL,12/29/2024,234.0,235.0,229.2,231.0,-2.12,89716.0,317.0,231.1
AKPL,12/31/2024,235.6,235.6,221.0,225.0,-2.6,148144.0,317.0,231.1
AKPL,1/1/2025,229.5,230.0,225.0,227.0,0.89,67040.0,317.0,231.1
AKPL,1/2/2025,229.0,231.0,225.2,229.9,1.28,63973.0,317.0,231.1
AKPL,1/5/2025,234.4,234.4,228.5,231.0,0.48,69136.0,317.0,231.1
AKPL,1/6/2025,233.0,241.7,230.0,241.7,4.63,180146.0,317.0,231.1
AKPL,1/7/2025,242.0,246.8,239.0,241.0,-0.29,129653.0,317.0,231.1
AKPL,1/8/2025,245.8,245.8,237.1,239.0,-0.83,74585.0,317.0,231.1
AKPL,1/9/2025,243.7,243.7,236.2,238.0,-0.42,75711.0,317.0,231.1
AKPL,1/12/2025,242.7,242.7,235.0,235.0,-1.26,48025.0,317.0,231.1
AKPL,1/13/2025,235.0,238.0,232.3,234.0,-0.43,106370.0,317.0,231.1
AKPL,1/15/2025,235.0,237.4,230.3,230.5,-1.5,123586.0,317.0,231.1
AKPL,1/16/2025,226.0,242.0,226.0,230.0,-0.22,58548.0,317.0,231.1
AKPL,1/19/2025,225.4,233.6,225.4,232.0,0.87,51148.0,317.0,231.1
AKPL,1/20/2025,234.0,236.6,230.0,236.6,1.98,97234.0,317.0,231.1
AKPL,1/21/2025,236.0,239.0,233.0,233.9,-1.14,52045.0,317.0,231.1
AKPL,1/22/2025,232.0,240.2,232.0,239.0,2.18,149188.0,317.0,231.1
AKPL,1/23/2025,236.0,242.7,235.0,235.1,-1.63,87648.0,317.0,231.1
AKPL,1/26/2025,235.1,239.0,233.0,236.0,0.38,87223.0,317.0,231.1
AKPL,1/27/2025,236.0,240.7,232.3,233.9,-0.89,97864.0,317.0,231.1
AKPL,1/28/2025,235.0,239.0,234.1,237.9,1.71,122132.0,317.0,231.1
AKPL,2/2/2025,242.6,247.0,239.0,245.8,3.32,250186.0,317.0,231.1
AKPL,2/3/2025,248.0,251.0,241.0,246.0,0.08,199218.0,317.0,231.1
AKPL,2/4/2025,250.9,250.9,239.2,243.9,-0.85,124642.0,317.0,231.1
AKPL,2/5/2025,248.7,248.7,239.8,242.0,-0.78,99033.0,317.0,231.1
AKPL,2/6/2025,246.8,246.8,238.0,240.0,-0.83,131461.0,317.0,231.1
AKPL,2/9/2025,244.2,247.7,235.2,241.9,0.79,108189.0,317.0,231.1
AKPL,2/10/2025,246.7,246.7,235.5,237.0,-2.03,170911.0,317.0,231.1
AKPL,2/11/2025,237.0,239.0,234.6,234.7,-0.97,132888.0,317.0,231.1
AKPL,2/12/2025,236.0,237.0,232.5,233.5,-0.51,87972.0,317.0,231.1
AKPL,2/13/2025,235.0,235.5,231.0,232.4,-0.47,125621.0,317.0,231.1
AKPL,2/16/2025,232.0,235.0,232.0,233.8,0.6,121689.0,317.0,231.1
AKPL,2/17/2025,238.4,238.4,233.7,235.5,0.73,87650.0,317.0,231.1
AKPL,2/18/2025,238.9,238.9,232.0,233.0,-1.06,91261.0,317.0,231.1
AKPL,2/20/2025,233.0,234.8,230.3,232.0,-0.43,92846.0,317.0,231.1
AKPL,2/23/2025,227.4,232.0,227.4,229.2,-1.21,148219.0,317.0,231.1
AKPL,2/24/2025,231.0,235.0,230.1,232.5,1.44,114526.0,317.0,231.1
AKPL,2/25/2025,232.0,233.5,231.1,231.1,-0.6,71817.0,317.0,231.1
AKPL,2/27/2025,233.7,243.7,231.3,241.0,4.28,247067.0,317.0,231.1
AKPL,3/2/2025,245.0,258.0,243.0,256.4,6.39,574817.0,317.0,231.1
AKPL,3/3/2025,260.5,261.5,250.6,250.6,-2.26,271583.0,317.0,231.1
AKPL,3/4/2025,250.0,258.6,248.2,250.7,0.04,326496.0,317.0,231.1
AKPL,3/5/2025,253.8,253.8,245.0,246.0,-1.87,212878.0,317.0,231.1
AKPL,3/6/2025,248.0,249.0,241.1,244.5,-0.61,178386.0,317.0,231.1
AKPL,3/9/2025,242.0,247.0,238.0,239.8,-1.92,196203.0,317.0,231.1
AKPL,3/10/2025,240.0,243.5,235.5,235.5,-1.79,152823.0,317.0,231.1
AKPL,3/11/2025,238.0,238.0,230.8,232.0,-1.49,191397.0,317.0,231.1
AKPL,3/12/2025,232.0,237.0,229.5,236.4,1.9,121072.0,317.0,231.1
AKPL,3/16/2025,236.4,239.0,232.0,236.0,-0.17,95082.0,317.0,231.1
AKPL,3/17/2025,231.3,237.0,231.3,234.4,-0.68,80368.0,317.0,231.1
AKPL,3/18/2025,237.0,237.0,231.1,232.5,-0.81,92092.0,317.0,231.1
AKPL,3/19/2025,232.5,233.0,230.0,230.3,-0.95,78786.0,317.0,231.1
AKPL,3/20/2025,230.0,232.5,228.0,229.59,-0.31,81850.0,317.0,231.1
AKPL,3/23/2025,230.0,230.0,224.6,225.12,-1.95,103711.0,317.0,231.1
AKPL,3/24/2025,229.6,229.6,221.3,226.34,0.54,96584.0,317.0,231.1
AKPL,3/25/2025,225.1,225.1,218.0,218.99,-3.25,209509.0,317.0,231.1
AKPL,3/26/2025,216.1,225.0,216.1,223.09,1.87,102058.0,317.0,231.1
AKPL,3/27/2025,225.5,228.0,220.8,226.65,1.6,101054.0,317.0,231.1
AKPL,3/30/2025,226.0,237.6,225.0,232.98,2.79,201971.0,317.0,231.1
AKPL,4/1/2025,233.1,235.0,226.0,229.17,-1.64,107126.0,317.0,231.1
AKPL,4/2/2025,227.3,231.4,227.0,228.61,-0.24,56707.0,317.0,231.1
AKPL,4/3/2025,230.9,232.0,226.0,227.28,-0.58,116114.0,317.0,231.1
AKPL,4/7/2025,231.8,231.8,225.7,225.87,-0.62,47777.0,317.0,231.1
AKPL,4/8/2025,225.0,228.0,221.2,226.32,0.2,82500.0,317.0,231.1
AKPL,4/9/2025,225.0,229.0,225.0,225.71,-0.27,39443.0,317.0,231.1
AKPL,4/10/2025,225.1,229.0,225.1,227.09,0.61,35098.0,317.0,231.1
AKPL,4/13/2025,225.0,229.0,225.0,226.61,-0.21,42581.0,317.0,231.1
AKPL,4/15/2025,229.0,233.0,225.0,231.08,1.97,112657.0,317.0,231.1
AKPL,4/16/2025,233.6,237.0,228.0,235.98,2.12,120415.0,317.0,231.1
AKPL,4/17/2025,240.6,243.0,235.0,237.83,0.78,209119.0,317.0,231.1
AKPL,4/20/2025,234.0,237.0,230.5,231.87,-2.51,99342.0,317.0,231.1
AKPL,4/21/2025,230.0,240.0,230.0,234.21,1.01,158701.0,317.0,231.1
AKPL,4/22/2025,235.5,239.0,231.0,232.16,-0.88,119770.0,317.0,231.1
AKPL,4/23/2025,232.0,232.0,227.1,227.93,-1.82,80908.0,317.0,231.1
AKPL,4/24/2025,227.1,228.9,224.7,227.04,-0.39,103783.0,317.0,231.1
AKPL,4/27/2025,227.0,241.5,227.0,235.85,3.88,246426.0,317.0,231.1
AKPL,4/28/2025,238.4,249.0,238.0,240.81,2.1,457733.0,317.0,231.1
AKPL,4/29/2025,245.0,245.0,237.5,238.51,-0.96,115792.0,317.0,231.1
AKPL,4/30/2025,240.7,250.0,235.0,246.63,3.4,538136.0,317.0,231.1
AKPL,5/4/2025,251.5,257.8,247.3,251.07,1.8,623121.0,317.0,231.1
AKPL,5/5/2025,252.0,252.0,242.0,242.37,-3.47,304930.0,317.0,231.1
AKPL,5/6/2025,237.7,254.7,237.7,252.99,4.38,473910.0,317.0,231.1
AKPL,5/7/2025,248.0,265.0,248.0,262.61,3.8,868746.0,317.0,231.1
AKPL,5/8/2025,265.0,279.0,256.0,265.89,1.25,840668.0,317.0,231.1
AKPL,5/11/2025,271.2,271.2,256.0,256.73,-3.45,461835.0,317.0,231.1
AKPL,5/13/2025,261.8,261.8,248.0,248.77,-3.1,384143.0,317.0,231.1
AKPL,5/14/2025,253.5,258.0,240.3,242.4,-2.56,286050.0,317.0,231.1
AKPL,5/15/2025,247.2,247.2,240.0,244.15,0.72,192900.0,317.0,231.1
AKPL,5/18/2025,239.3,248.0,236.0,236.88,-2.98,208774.0,317.0,231.1
AKPL,5/19/2025,239.0,243.0,239.0,240.41,1.49,161118.0,317.0,231.1
AKPL,5/20/2025,240.0,258.0,236.0,251.29,4.53,231417.0,317.0,231.1
AKPL,5/21/2025,256.3,271.3,245.3,246.52,-1.9,277670.0,317.0,231.1
AKPL,5/22/2025,250.0,251.0,243.0,244.04,-1.01,184072.0,317.0,231.1
AKPL,5/25/2025,240.3,245.0,239.1,241.97,-0.85,124767.0,317.0,231.1
AKPL,5/26/2025,246.8,250.0,240.0,240.98,-0.41,167735.0,317.0,231.1
AKPL,5/27/2025,240.0,246.0,240.0,240.8,-0.07,146728.0,317.0,231.1
AKPL,5/28/2025,240.0,257.5,238.7,254.98,5.89,613097.0,317.0,231.1
AKPL,6/2/2025,260.0,266.5,258.0,260.66,2.23,882142.0,317.0,231.1
AKPL,6/3/2025,262.0,267.0,256.0,264.7,1.55,760440.0,317.0,231.1
AKPL,6/4/2025,261.1,275.0,261.1,273.68,3.39,1345426.0,317.0,231.1
AKPL,6/5/2025,279.1,279.1,270.0,276.92,1.18,1057285.0,317.0,231.1
AKPL,6/8/2025,277.0,281.0,272.0,274.14,-1.0,985766.0,317.0,231.1
AKPL,6/9/2025,274.0,276.5,268.0,270.19,-1.44,796763.0,317.0,231.1
AKPL,6/10/2025,273.9,289.9,271.0,285.75,5.76,1887396.0,317.0,231.1
AKPL,6/11/2025,285.0,298.0,280.1,293.29,2.64,1080260.0,317.0,231.1
AKPL,6/12/2025,299.1,301.5,280.0,284.35,-3.05,1267402.0,317.0,231.1
AKPL,6/15/2025,290.0,290.0,280.0,281.84,-0.88,1037896.0,317.0,231.1
AKPL,6/16/2025,287.4,296.0,280.0,280.31,-0.54,1037343.0,317.0,231.1
AKPL,6/17/2025,281.0,283.0,274.0,278.24,-0.74,538421.0,317.0,231.1
AKPL,6/18/2025,278.0,283.0,275.6,277.98,-0.09,467900.0,317.0,231.1
AKPL,6/19/2025,280.7,282.0,270.5,271.57,-2.31,547436.0,317.0,231.1
AKPL,6/22/2025,277.0,277.0,257.0,258.43,-4.84,508534.0,317.0,231.1
AKPL,6/23/2025,263.5,263.5,255.0,260.26,0.71,313500.0,317.0,231.1
AKPL,6/24/2025,263.0,269.8,258.0,258.8,-0.56,315276.0,317.0,231.1
AKPL,6/25/2025,261.0,264.0,257.0,257.26,-0.6,145385.0,317.0,231.1
AKPL,6/26/2025,259.0,263.8,255.1,256.48,-0.3,284574.0,317.0,231.1
AKPL,6/29/2025,258.0,261.4,255.2,257.18,0.27,195356.0,317.0,231.1
AKPL,6/30/2025,259.9,267.9,257.1,262.95,2.24,325091.0,317.0,231.1
AKPL,7/1/2025,260.0,269.0,260.0,267.08,1.57,204468.0,317.0,231.1
AKPL,7/2/2025,272.4,272.4,263.0,265.2,-0.7,260983.0,317.0,231.1
AKPL,7/3/2025,266.0,269.9,260.0,261.41,-1.43,244857.0,317.0,231.1
AKPL,7/6/2025,261.0,261.3,255.0,255.52,-2.25,262490.0,317.0,231.1
AKPL,7/7/2025,260.6,260.6,252.1,253.72,-0.7,166173.0,317.0,231.1
AKPL,7/8/2025,254.0,258.0,251.0,253.61,-0.04,146402.0,317.0,231.1
AKPL,7/9/2025,256.1,259.0,254.0,256.71,1.22,157337.0,317.0,231.1
AKPL,7/10/2025,259.2,260.5,251.9,254.31,-0.93,265586.0,317.0,231.1
AKPL,7/13/2025,259.3,264.0,252.0,253.7,-0.24,237020.0,317.0,231.1
AKPL,7/14/2025,258.0,258.0,251.5,253.73,0.01,134189.0,317.0,231.1
AKPL,7/15/2025,256.0,268.0,256.0,261.98,3.25,274953.0,317.0,231.1
AKPL,7/16/2025,267.2,268.0,260.0,262.97,0.38,203223.0,317.0,231.1
AKPL,7/17/2025,264.2,273.3,263.1,268.99,2.29,358596.0,317.0,231.1
AKPL,7/20/2025,270.0,274.3,264.2,265.02,-1.48,417773.0,317.0,231.1
AKPL,7/21/2025,265.0,270.0,261.0,264.89,-0.05,261359.0,317.0,231.1
AKPL,7/22/2025,268.0,272.0,263.8,269.08,1.58,385744.0,317.0,231.1
AKPL,7/23/2025,270.0,288.9,267.0,283.1,5.21,1233763.0,317.0,231.1
AKPL,7/24/2025,285.0,293.0,285.0,289.39,2.22,887555.0,317.0,231.1
AKPL,7/27/2025,290.0,306.5,289.0,296.57,2.48,2115016.0,317.0,231.1
AKPL,7/28/2025,296.0,301.9,288.7,295.06,-0.51,1105825.0,317.0,231.1
AKPL,7/29/2025,298.0,300.5,290.1,291.19,-1.31,639959.0,317.0,231.1
AKPL,7/30/2025,292.0,292.0,279.1,280.05,-3.83,727716.0,317.0,231.1
AKPL,7/31/2025,285.6,285.6,273.5,274.78,-1.88,486879.0,317.0,231.1
AKPL,8/3/2025,280.2,280.2,270.0,270.96,-1.39,437809.0,317.0,231.1
AKPL,8/4/2025,276.0,276.0,267.1,272.08,0.41,241200.0,317.0,231.1
AKPL,8/5/2025,277.0,277.0,265.1,265.98,-2.24,235126.0,317.0,231.1
AKPL,8/6/2025,269.0,269.0,264.0,264.7,-0.48,172387.0,317.0,231.1
AKPL,8/7/2025,268.0,276.0,264.1,273.21,3.21,342723.0,317.0,231.1
AKPL,8/11/2025,274.0,275.0,265.1,265.73,-2.74,177842.0,317.0,231.1
AKPL,8/12/2025,265.0,268.0,262.3,263.11,-0.99,194489.0,317.0,231.1
AKPL,8/13/2025,265.0,275.3,264.0,264.62,0.57,222208.0,317.0,231.1
AKPL,8/14/2025,268.0,269.0,263.6,264.35,-0.1,164126.0,317.0,231.1
AKPL,8/17/2025,265.0,267.9,260.0,260.23,-1.56,228275.0,317.0,231.1
AKPL,8/18/2025,264.0,265.4,259.0,262.06,0.7,166540.0,317.0,231.1
AKPL,8/19/2025,262.9,268.0,262.3,262.91,0.32,173077.0,317.0,231.1
AKPL,8/20/2025,262.1,265.0,261.0,261.54,-0.52,102817.0,317.0,231.1
AKPL,8/21/2025,262.0,262.6,257.0,257.5,-1.54,217596.0,317.0,231.1
AKPL,8/24/2025,257.1,262.0,255.0,255.89,-0.63,113831.0,317.0,231.1
AKPL,8/25/2025,257.0,259.7,255.0,259.03,1.23,106914.0,317.0,231.1
AKPL,8/26/2025,260.0,261.0,257.0,257.62,-0.54,98307.0,317.0,231.1
AKPL,8/27/2025,256.2,269.9,256.1,268.64,4.28,202517.0,317.0,231.1
AKPL,8/28/2025,274.0,275.7,268.0,268.55,-0.03,540030.0,317.0,231.1
AKPL,8/31/2025,270.0,270.0,261.0,262.88,-2.11,194026.0,317.0,231.1
AKPL,9/1/2025,268.0,268.0,252.7,264.0,0.43,93412.0,317.0,231.1
AKPL,9/2/2025,265.0,268.7,260.1,260.56,-1.3,128478.0,317.0,231.1
AKPL,9/3/2025,260.0,264.0,258.0,258.11,-0.94,106451.0,317.0,231.1
AKPL,9/4/2025,261.0,261.0,252.0,255.64,-0.96,237317.0,317.0,231.1
AKPL,9/7/2025,255.0,259.7,255.0,255.57,-0.03,108601.0,317.0,231.1
AKPL,9/8/2025,255.0,256.9,250.7,252.68,-1.13,177195.0,317.0,231.1
AKPL,9/18/2025,247.7,247.7,227.5,238.0,-5.81,27541.0,317.0,231.1
AKPL,9/21/2025,234.0,261.8,234.0,254.61,6.98,331530.0,317.0,231.1
AKPL,9/23/2025,258.0,262.9,254.1,261.0,2.51,139236.0,317.0,231.1
AKPL,9/24/2025,255.8,264.9,255.8,256.2,-1.84,83728.0,317.0,231.1
AKPL,9/25/2025,253.3,260.0,253.3,259.0,1.09,82433.0,317.0,231.1
AKPL,9/28/2025,260.9,262.0,257.0,260.0,0.39,70391.0,317.0,231.1
AKPL,10/7/2025,255.0,259.0,249.9,252.9,-2.73,158356.0,317.0,231.1
AKPL,10/8/2025,254.0,254.0,241.6,247.6,-2.1,150938.0,317.0,231.1
AKPL,10/9/2025,252.5,263.0,248.5,250.0,0.97,136206.0,317.0,231.1
AKPL,10/12/2025,249.0,249.5,240.2,243.7,-2.52,151540.0,317.0,231.1
AKPL,10/13/2025,245.9,248.5,235.6,245.0,0.53,102825.0,317.0,231.1
AKPL,10/14/2025,246.0,246.0,240.0,240.2,-1.96,41998.0,317.0,231.1
AKPL,10/15/2025,240.0,241.0,237.0,238.0,-0.92,45337.0,317.0,231.1
AKPL,10/16/2025,240.0,240.0,234.0,235.0,-1.26,59712.0,317.0,231.1
AKPL,10/19/2025,234.1,238.9,232.1,235.0,0.0,39191.0,317.0,231.1
AKPL,10/26/2025,233.9,237.0,231.1,236.0,0.43,40959.0,317.0,231.1
AKPL,10/28/2025,236.0,245.0,236.0,242.5,2.75,90067.0,317.0,231.1
AKPL,10/29/2025,246.0,248.1,240.0,240.0,-1.03,90368.0,317.0,231.1
AKPL,10/30/2025,240.0,247.5,239.2,247.5,3.12,135863.0,317.0,231.1
AKPL,11/2/2025,249.0,258.0,248.4,257.0,3.84,186893.0,317.0,231.1
AKPL,11/3/2025,258.0,259.0,250.0,255.0,-0.78,147594.0,317.0,231.1
AKPL,11/4/2025,252.0,255.9,247.0,247.1,-3.1,125792.0,317.0,231.1
AKPL,11/5/2025,252.0,252.0,245.0,249.5,0.97,55546.0,317.0,231.1
AKPL,11/6/2025,254.4,254.4,247.0,248.9,-0.24,61814.0,317.0,231.1
AKPL,11/9/2025,247.0,248.0,241.0,244.0,-1.97,90609.0,317.0,231.1
AKPL,11/10/2025,241.1,245.9,240.1,241.0,-1.23,53981.0,317.0,231.1
AKPL,11/11/2025,240.0,244.0,240.0,241.1,0.04,64995.0,317.0,231.1
AKPL,11/12/2025,245.9,245.9,240.1,241.2,0.04,33096.0,317.0,231.1
AKPL,11/13/2025,241.0,244.7,240.0,241.5,0.12,43490.0,317.0,231.1
AKPL,11/16/2025,246.3,246.3,238.4,239.9,-0.66,41247.0,317.0,231.1
AKPL,11/17/2025,239.9,243.8,238.2,239.5,-0.17,57336.0,317.0,231.1
AKPL,11/18/2025,243.0,246.0,240.1,243.0,1.46,60603.0,317.0,231.1
AKPL,11/19/2025,243.0,245.5,239.0,241.0,-0.82,40773.0,317.0,231.1
AKPL,11/20/2025,238.4,246.9,238.4,242.0,0.41,113532.0,317.0,231.1
AKPL,11/23/2025,242.3,247.9,242.3,247.0,2.07,98094.0,317.0,231.1
AKPL,11/24/2025,248.0,252.0,247.2,249.9,1.17,105290.0,317.0,231.1
AKPL,11/25/2025,249.0,252.0,246.3,248.0,-0.76,61764.0,317.0,231.1
AKPL,11/26/2025,252.9,255.0,246.1,248.0,0.0,144469.0,317.0,231.1
AKPL,11/27/2025,250.0,252.5,249.0,250.0,0.81,137137.0,317.0,231.1
AKPL,11/30/2025,251.0,252.0,245.0,245.8,-1.68,94555.0,317.0,231.1
AKPL,12/1/2025,245.8,248.5,244.0,245.0,-0.33,56211.0,317.0,231.1
AKPL,12/2/2025,245.0,247.9,242.0,243.0,-0.82,83145.0,317.0,231.1
AKPL,12/3/2025,247.8,247.8,242.1,243.0,0.0,56038.0,317.0,231.1
AKPL,12/7/2025,241.7,244.5,241.0,243.0,0.0,70857.0,317.0,231.1
AKPL,12/8/2025,243.0,244.0,240.1,242.0,-0.41,65655.0,317.0,231.1
AKPL,12/9/2025,243.0,244.0,241.0,241.8,-0.08,77042.0,317.0,231.1
AKPL,12/10/2025,243.9,244.0,241.0,242.0,0.08,45440.0,317.0,231.1
AKPL,12/11/2025,240.2,243.9,240.2,242.0,0.0,57592.0,317.0,231.1
AKPL,12/14/2025,242.0,243.0,240.0,241.0,-0.41,65183.0,317.0,231.1
AKPL,12/15/2025,240.0,242.0,238.2,240.4,-0.25,86427.0,317.0,231.1
AKPL,12/16/2025,240.5,245.3,240.1,245.0,1.91,95341.0,317.0,231.1
AKPL,12/17/2025,245.0,246.1,244.0,245.0,0.0,59838.0,317.0,231.1
AKPL,12/18/2025,245.0,246.7,243.0,243.9,-0.45,68968.0,317.0,231.1
AKPL,12/21/2025,241.2,243.5,240.5,241.0,-1.19,77722.0,317.0,231.1
AKPL,12/22/2025,241.0,245.0,239.5,242.9,0.79,102466.0,317.0,231.1
AKPL,12/23/2025,241.1,245.7,240.8,245.6,1.11,98123.0,317.0,231.1
AKPL,12/24/2025,245.8,246.9,242.1,244.0,-0.65,49807.0,317.0,231.1
AKPL,12/28/2025,244.6,249.0,244.6,248.9,2.01,102540.0,317.0,231.1
AKPL,12/29/2025,251.0,251.0,245.0,247.0,-0.76,139257.0,317.0,231.1
AKPL,12/31/2025,247.0,251.0,247.0,247.0,0.0,88534.0,317.0,231.1
AKPL,1/1/2026,251.0,251.0,244.1,245.8,-0.49,61915.0,317.0,231.1
AKPL,1/4/2026,247.8,247.8,242.1,242.5,-1.34,39069.0,317.0,231.1
AKPL,1/5/2026,243.0,247.0,242.0,244.9,0.99,87311.0,317.0,231.1
AKPL,1/6/2026,245.0,250.3,245.0,248.0,1.27,157115.0,317.0,231.1
AKPL,1/7/2026,246.0,250.9,246.0,246.9,-0.44,137565.0,317.0,231.1
AKPL,1/8/2026,249.1,249.9,245.5,249.5,1.05,77940.0,317.0,231.1
AKPL,1/12/2026,245.2,249.5,245.0,246.2,-1.32,56646.0,317.0,231.1
AKPL,1/13/2026,246.2,249.8,245.1,248.0,0.73,88201.0,317.0,231.1
AKPL,1/14/2026,248.0,250.0,245.1,246.0,-0.81,61791.0,317.0,231.1
AKPL,1/18/2026,250.9,250.9,246.1,247.1,0.45,114201.0,317.0,231.1
AKPL,1/20/2026,250.0,256.0,250.0,254.5,2.99,248194.0,317.0,231.1
AKPL,1/21/2026,255.1,258.8,252.0,254.6,0.04,325470.0,317.0,231.1
AKPL,1/22/2026,253.0,255.0,251.1,255.0,0.16,139766.0,317.0,231.1
AKPL,1/25/2026,259.0,264.5,256.5,264.0,3.53,255297.0,317.0,231.1
AKPL,1/26/2026,259.0,274.0,259.0,272.9,3.37,895590.0,317.0,231.1
AKPL,1/27/2026,278.3,279.5,265.0,269.0,-1.43,773282.0,317.0,231.1
AKPL,1/28/2026,269.0,281.0,264.5,267.0,-0.74,448218.0,317.0,231.1
AKPL,1/29/2026,270.0,278.0,269.0,271.0,1.5,820426.0,317.0,231.1
AKPL,2/1/2026,275.0,275.0,265.0,266.8,-1.55,265681.0,317.0,231.1
AKPL,2/2/2026,267.0,271.0,266.0,268.0,0.45,544698.0,317.0,231.1
AKPL,2/3/2026,265.1,271.9,265.0,265.0,-1.12,428824.0,317.0,231.1
AKPL,2/4/2026,268.0,270.0,262.6,263.9,-0.42,149718.0,317.0,231.1
AKPL,2/5/2026,263.9,273.0,261.0,271.0,2.69,649837.0,317.0,231.1
AKPL,2/8/2026,272.0,279.0,267.0,269.0,-0.74,753935.0,317.0,231.1
AKPL,2/9/2026,273.0,273.0,264.6,266.9,-0.78,361747.0,317.0,231.1
AKPL,2/10/2026,270.0,288.6,267.1,277.3,3.9,1170140.0,317.0,231.1
AKPL,2/11/2026,277.3,285.6,272.0,283.2,2.13,625131.0,317.0,231.1
AKPL,2/12/2026,277.6,287.5,277.0,277.0,-2.19,548623.0,317.0,231.1
AKPL,2/16/2026,277.5,279.0,265.0,269.0,-2.89,366580.0,317.0,231.1
AKPL,2/17/2026,274.3,274.3,258.8,265.0,-1.49,510157.0,317.0,231.1
AKPL,2/22/2026,270.3,270.3,255.2,256.8,-3.09,274699.0,317.0,231.1
AKPL,2/23/2026,261.9,261.9,254.0,256.0,-0.31,116004.0,317.0,231.1
AKPL,2/24/2026,258.0,261.0,256.1,259.9,1.52,83838.0,317.0,231.1
AKPL,2/25/2026,262.0,262.0,257.2,260.0,0.04,125242.0,317.0,231.1
AKPL,2/26/2026,265.0,268.0,258.8,263.8,1.46,203635.0,317.0,231.1
AKPL,2/27/2026,265.0,268.0,258.8,263.8,0.0,203635.0,317.0,231.1
AKPL,2/28/2026,265.0,268.0,258.8,263.8,0.0,203635.0,317.0,231.1
AKPL,3/2/2026,260.0,267.5,259.1,267.5,1.4,209735.0,317.0,231.1
AKPL,3/3/2026,272.8,274.8,257.4,272.9,2.02,253442.0,317.0,231.1
AKPL,3/4/2026,272.8,274.8,257.4,272.9,0.0,253442.0,317.0,231.1
AKPL,3/5/2026,272.8,274.8,257.4,272.9,0.0,253442.0,317.0,231.1
AKPL,3/6/2026,272.8,274.8,257.4,272.9,0.0,253442.0,317.0,231.1
AKPL,3/7/2026,272.8,274.8,257.4,272.9,0.0,253442.0,317.0,231.1
AKPL,3/8/2026,272.8,274.8,257.4,272.9,0.0,253442.0,317.0,231.1
AKPL,3/9/2026,278.3,300.0,278.3,299.0,9.56,13810.0,317.0,231.1
AKPL,3/10/2026,303.0,304.0,283.6,289.0,-3.34,1022629.0,317.0,231.1
AKPL,3/11/2026,291.0,298.5,286.0,286.0,-1.04,581995.0,317.0,231.1
AKPL,3/12/2026,282.1,297.5,282.0,295.0,3.15,985982.0,317.0,231.1
AKPL,3/13/2026,282.1,297.5,282.0,295.0,0.0,985982.0,317.0,231.1
AKPL,3/14/2026,282.1,297.5,282.0,295.0,0.0,985982.0,317.0,231.1
AKPL,3/15/2026,300.0,300.0,290.0,293.0,-0.68,562706.0,317.0,231.1
AKPL,3/16/2026,293.0,294.1,284.2,289.9,-1.06,414888.0,317.0,231.1
AKPL,3/17/2026,290.0,300.0,284.5,299.5,3.31,1250967.0,317.0,231.1
AKPL,3/18/2026,290.0,300.0,284.5,299.5,0.0,1250967.0,317.0,231.1
AKPL,3/19/2026,305.0,317.0,301.2,310.0,3.51,1694102.0,317.0,231.1
AKPL,3/20/2026,305.0,317.0,301.2,310.0,0.0,1694102.0,317.0,231.1
AKPL,3/21/2026,305.0,317.0,301.2,310.0,0.0,1694102.0,317.0,231.1
AKPL,3/22/2026,315.0,315.0,300.1,305.1,-1.58,1073297.0,317.0,231.1
AKPL,3/23/2026,311.1,311.1,299.0,306.0,0.29,609068.0,317.0,231.1
AKPL,3/24/2026,312.1,315.0,305.2,308.0,0.65,563162.0,317.0,231.1
AKPL,3/25/2026,309.9,309.9,299.0,302.0,-1.95,468970.0,317.0,231.1
AKPL,3/26/2026,296.0,305.0,296.0,304.9,3.01,400064.0,317.0,231.1
AKPL,3/29/2026,304.9,305.0,291.2,291.9,-4.26,547794.0,317.0,231.1
AKPL,3/30/2026,292.1,295.1,282.1,283.6,-2.91,524734.0,317.0,231.1
AKPL,3/31/2026,285.0,290.7,278.2,285.0,0.0,401301.0,317.0,231.1
AKPL,4/1/2026,282.0,285.0,270.0,272.0,-3.55,449822.0,317.0,231.1
AKPL,4/2/2026,270.0,278.4,265.0,271.9,0.7,304627.0,317.0,231.1
AKPL,4/5/2026,272.0,272.0,257.9,257.9,-5.18,472952.0,317.0,231.1
AKPL,4/6/2026,253.0,277.0,253.0,272.0,7.51,351747.0,317.0,231.1
AKPL,4/7/2026,275.0,277.9,269.0,270.0,-1.82,287220.0,317.0,231.1
AKPL,4/8/2026,275.0,278.0,272.0,277.5,0.91,192682.0,317.0,231.1
AKPL,4/9/2026,278.0,285.0,275.0,282.0,1.44,266185.0,317.0,231.1
AKPL,4/10/2026,280.0,284.0,274.0,276.0,-1.43,225775.0,317.0,231.1
AKPL,4/13/2026,275.0,281.0,272.0,278.0,1.09,158325.0,317.0,231.1
AKPL,4/15/2026,279.0,291.0,278.3,286.5,2.69,380076.0,317.0,231.1
AKPL,4/16/2026,292.2,292.2,276.0,276.9,-5.24,267302.0,317.0,231.1
AKPL,4/17/2026,280.9,283.0,275.0,282.0,0.39,214197.0,317.0,231.1
AKPL,4/20/2026,280.1,281.6,275.0,278.0,-0.75,105502.0,317.0,231.1
AKPL,4/21/2026,278.0,279.8,272.0,272.1,-2.12,107684.0,317.0,231.1
AKPL,4/22/2026,258.5,278.0,258.5,275.0,6.38,171776.0,317.0,231.1
AKPL,4/23/2026,272.0,275.5,267.0,268.0,-1.47,158300.0,317.0,231.1
AKPL,4/24/2026,272.0,272.0,263.5,268.0,-1.47,117700.0,317.0,231.1
AKPL,4/27/2026,270.0,276.0,269.0,273.9,1.44,166656.0,317.0,231.1
AKPL,4/28/2026,273.9,276.9,271.0,272.0,-0.69,130585.0,317.0,231.1
AKPL,4/29/2026,285.4,285.4,266.0,267.2,-6.38,68788.0,317.0,231.1
AKPL,4/30/2026,280.4,280.4,260.5,267.8,-4.49,134064.0,317.0,231.1
AKPL,5/4/2026,255.0,273.1,255.0,261.9,2.71,73485.0,317.0,231.1
AKPL,5/5/2026,261.9,267.8,258.1,263.1,0.46,86082.0,317.0,231.1
AKPL,5/6/2026,261.1,265.9,261.1,262.0,0.34,59128.0,317.0,231.1
AKPL,5/7/2026,264.0,264.0,260.0,263.1,-0.34,68258.0,317.0,231.1
AKPL,5/8/2026,270.0,270.0,261.9,268.8,-0.44,66416.0,317.0,231.1
AKPL,5/11/2026,268.2,277.0,268.0,276.0,2.91,111885.0,317.0,231.1
AKPL,5/12/2026,275.0,279.0,270.0,271.0,-1.45,126959.0,317.0,231.1
AKPL,5/13/2026,282.5,282.5,261.0,269.0,-4.78,67620.0,317.0,231.1
AKPL,5/14/2026,282.4,282.4,265.0,266.0,-5.81,67211.0,317.0,231.1
AKPL,5/15/2026,252.7,273.0,252.7,267.9,6.02,54952.0,317.0,231.1
AKPL,5/18/2026,267.9,269.0,265.7,265.8,-0.78,51410.0,317.0,231.1
AKPL,5/19/2026,276.0,276.0,265.0,268.0,-2.9,68532.0,317.0,231.1
AKPL,5/20/2026,266.0,272.1,266.0,272.0,2.26,90578.0,317.0,231.1
AKPL,5/21/2026,258.4,274.0,258.4,270.4,4.64,67377.0,317.0,231.1
AKPL,5/22/2026,271.0,274.9,270.0,274.5,1.29,80891.0,317.0,231.1
AKPL,5/25/2026,275.0,278.8,271.0,276.5,0.55,217426.0,317.0,231.1
AKPL,5/26/2026,277.0,279.0,272.4,273.2,-1.37,88036.0,317.0,231.1
AKPL,5/27/2026,259.6,280.0,259.6,276.5,6.51,113753.0,317.0,231.1
AKPL,6/1/2026,279.0,280.0,270.0,271.9,-2.54,106989.0,317.0,231.1
AKPL,6/2/2026,271.9,275.0,268.0,273.8,0.7,88025.0,317.0,231.1
AKPL,6/3/2026,287.4,287.4,270.1,271.4,-5.57,71523.0,317.0,231.1
AKPL,6/4/2026,272.0,274.8,269.7,269.7,-0.85,67222.0,317.0,231.1
AKPL,6/5/2026,269.0,272.0,267.0,267.0,-0.74,62142.0,317.0,231.1
AKPL,6/8/2026,253.7,274.6,253.7,266.0,4.85,70412.0,317.0,231.1
AKPL,6/9/2026,269.0,271.0,262.5,266.5,-0.93,99593.0,317.0,231.1
AKPL,6/10/2026,263.0,268.9,263.0,267.0,1.52,25345.0,317.0,231.1
AKPL,6/11/2026,265.1,267.0,264.0,265.0,-0.04,41977.0,317.0,231.1
AKPL,6/12/2026,265.0,272.8,263.0,269.8,1.81,152184.0,317.0,231.1
AKPL,6/15/2026,269.0,271.0,265.2,268.0,-0.37,42492.0,317.0,231.1
AKPL,6/16/2026,268.9,271.0,266.1,268.0,-0.33,49007.0,317.0,231.1
AKPL,6/17/2026,268.0,269.0,265.1,266.1,-0.71,27604.0,317.0,231.1
AKPL,6/18/2026,269.0,269.0,262.2,265.0,-1.49,65911.0,317.0,231.1
AKPL,6/19/2026,260.1,267.9,260.1,263.2,1.19,27451.0,317.0,231.1
AKPL,6/22/2026,265.0,265.0,260.6,261.5,-1.32,77065.0,317.0,231.1
AKPL,6/23/2026,261.5,262.0,258.5,259.5,-0.76,60055.0,317.0,231.1
AKPL,6/24/2026,259.5,263.0,255.0,262.6,1.19,87384.0,317.0,231.1
AKPL,6/26/2026,269.8,269.8,246.4,256.8,-4.82,43756.0,317.0,231.1
AKPL,6/29/2026,257.0,257.0,254.0,254.1,-1.13,39337.0,317.0,231.1
AKPL,6/30/2026,255.0,255.0,252.1,252.5,-0.98,71324.0,317.0,231.1
AKPL,7/1/2026,250.1,259.9,250.1,258.0,3.16,45072.0,317.0,231.1
AKPL,7/2/2026,258.0,259.0,254.5,257.7,-0.12,23956.0,317.0,231.1
AKPL,7/3/2026,259.7,259.8,255.0,256.1,-1.39,26934.0,317.0,231.1
AKPL,7/6/2026,243.3,260.0,243.3,255.0,4.81,29032.0,317.0,231.1
AKPL,7/7/2026,255.0,259.7,254.0,256.9,0.75,42004.0,317.0,231.1
AKPL,7/8/2026,244.1,256.0,244.1,252.0,3.24,33244.0,317.0,231.1
AKPL,7/9/2026,252.0,253.0,248.0,250.0,-0.79,72613.0,317.0,231.1
AKPL,7/10/2026,247.0,254.0,247.0,252.4,2.19,33869.0,317.0,231.1
AKPL,7/13/2026,255.0,255.0,247.0,248.0,-2.75,56210.0,317.0,231.1
AKPL,7/14/2026,247.0,252.4,237.7,249.9,1.17,67980.0,317.0,231.1
AKPL,7/15/2026,250.0,253.9,250.0,251.5,0.6,35137.0,317.0,231.1
AKPL,7/16/2026,264.0,264.0,245.0,249.0,-5.68,48150.0,317.0,231.1
AKPL,7/17/2026,252.0,261.7,252.0,261.7,3.85,65963.0,317.0,231.1
AKPL,7/20/2026,274.7,274.7,260.0,267.5,-2.62,74585.0,317.0,231.1
AKPL,7/21/2026,280.8,280.8,264.0,265.0,-5.63,67613.0,317.0,231.1
AKPL,7/22/2026,263.0,269.0,261.1,267.0,1.52,135933.0,317.0,231.1
AKPL,7/23/2026,255.0,274.7,255.0,266.0,4.31,68149.0,317.0,231.1
AKPL,7/24/2026,268.5,268.7,264.0,265.7,-1.04,58703.0,317.0,231.1
AKPL,7/27/2026,268.0,268.0,258.1,259.8,-3.06,64949.0,317.0,231.1
AKPL,7/28/2026,258.2,262.0,258.2,258.5,0.12,31048.0,317.0,231.1
AKPL,7/29/2026,257.0,261.9,256.6,258.9,0.74,34071.0,317.0,231.1
AKPL,7/30/2026,255.2,259.8,255.2,256.9,0.67,17297.0,317.0,231.1
AKPL,7/31/2026,255.9,261.7,254.1,261.7,2.27,54673.0,317.0,231.1
AKPL,8/3/2026,260.0,264.0,257.0,260.2,0.08,32452.0,317.0,231.1
AKPL,8/4/2026,262.9,262.9,257.0,259.9,-1.14,44118.0,317.0,231.1
AKPL,8/5/2026,265.0,265.0,245.5,260.7,-1.62,40866.0,317.0,231.1
AKPL,8/6/2026,263.9,263.9,257.0,258.0,-2.24,61982.0,317.0,231.1
AKPL,8/7/2026,256.1,259.6,256.1,256.6,0.2,40985.0,317.0,231.1
AKPL,8/10/2026,254.0,259.6,253.1,254.7,0.28,57562.0,317.0,231.1
AKPL,8/11/2026,252.5,256.5,252.5,254.3,0.71,39308.0,317.0,231.1
AKPL,8/12/2026,255.0,255.9,251.0,252.0,-1.18,57770.0,317.0,231.1
AKPL,8/13/2026,256.5,258.0,251.1,255.9,-0.23,68380.0,317.0,231.1
AKPL,8/14/2026,255.1,256.9,253.0,253.2,-0.74,39240.0,317.0,231.1
AKPL,8/17/2026,253.0,253.6,250.7,252.0,-0.4,60461.0,317.0,231.1
AKPL,8/18/2026,251.6,253.0,247.4,249.0,-1.03,96495.0,317.0,231.1
AKPL,8/19/2026,246.0,251.0,246.0,249.0,1.22,30765.0,317.0,231.1
AKPL,8/20/2026,250.0,250.0,247.0,249.8,-0.08,32954.0,317.0,231.1
AKPL,8/21/2026,250.0,252.3,247.0,249.0,-0.4,51718.0,317.0,231.1
AKPL,8/24/2026,249.0,249.0,245.3,247.0,-0.8,42314.0,317.0,231.1
AKPL,8/25/2026,258.0,258.0,245.0,247.0,-4.26,40708.0,317.0,231.1
AKPL,8/26/2026,245.0,245.1,240.0,241.0,-1.63,114466.0,317.0,231.1
AKPL,8/27/2026,238.0,244.8,235.3,244.0,2.52,73271.0,317.0,231.1
AKPL,8/31/2026,238.0,241.8,238.0,241.0,1.26,83964.0,317.0,231.1
AKPL,9/1/2026,240.0,244.0,237.0,242.5,1.04,52815.0,317.0,231.1
AKPL,9/2/2026,242.0,243.9,241.0,243.0,0.41,52121.0,317.0,231.1
AKPL,9/3/2026,245.0,246.5,242.0,245.0,0.0,43929.0,317.0,231.1
AKPL,9/7/2026,246.0,250.0,243.5,250.0,1.63,77445.0,317.0,231.1
AKPL,9/9/2026,250.0,254.0,247.3,249.0,-0.4,100108.0,317.0,231.1
AKPL,9/10/2026,250.0,250.0,243.3,247.4,-1.04,42821.0,317.0,231.1
AKPL,9/11/2026,247.0,255.0,243.1,255.0,3.24,127972.0,317.0,231.1
AKPL,9/14/2026,255.0,259.8,249.0,256.7,0.67,83551.0,317.0,231.1
AKPL,9/15/2026,269.0,269.0,257.3,260.0,-3.35,133001.0,317.0,231.1
AKPL,9/16/2026,265.0,265.0,255.1,256.0,-3.4,70356.0,317.0,231.1
AKPL,9/17/2026,257.9,260.0,252.7,254.0,-1.51,103576.0,317.0,231.1
AKPL,9/18/2026,253.0,258.9,252.2,258.9,2.33,68110.0,317.0,231.1
AKPL,9/22/2026,258.9,263.0,257.0,257.7,-0.46,79712.0,317.0,231.1
AKPL,9/23/2026,257.0,258.2,251.6,251.6,-2.1,68925.0,317.0,231.1
AKPL,9/24/2026,251.0,254.4,250.0,253.0,0.8,39752.0,317.0,231.1
AKPL,9/28/2026,256.0,258.0,250.0,251.9,-1.6,68983.0,317.0,231.1
AKPL,9/29/2026,254.7,254.7,249.0,0.0,-100.0,18208.0,317.0,231.1
AKPL,9/30/2026,249.2,252.0,249.0,250.7,0.6,44233.0,317.0,231.1
AKPL,10/1/2026,250.7,252.0,249.0,251.8,0.44,33423.0,317.0,231.1
AKPL,10/2/2026,250.1,254.7,249.0,249.0,-0.44,40882.0,317.0,231.1
ALBSL,12/21/2025,1086.9,1125.0,1086.9,1111.0,,20743.0,1334.0,930.0
ALBSL,12/22/2025,1088.8,1115.0,1088.8,1115.0,0.36,20438.0,1334.0,930.0
ALBSL,12/23/2025,1092.7,1134.0,1092.7,1134.0,1.7,18531.0,1334.0,930.0
ALBSL,12/24/2025,1115.0,1178.1,1115.0,1176.0,3.7,51536.0,1334.0,930.0
ALBSL,12/28/2025,1152.5,1210.0,1152.5,1183.0,0.6,29013.0,1334.0,930.0
ALBSL,12/29/2025,1159.4,1185.0,1159.4,1179.0,-0.34,14481.0,1334.0,930.0
ALBSL,12/31/2025,1160.0,1198.0,1160.0,1186.0,0.59,38414.0,1334.0,930.0
ALBSL,1/1/2026,1162.3,1199.9,1162.3,1199.9,1.17,30682.0,1334.0,930.0
ALBSL,1/4/2026,1176.0,1224.0,1176.0,1222.0,1.84,27692.0,1334.0,930.0
ALBSL,1/5/2026,1197.6,1231.9,1197.6,1224.0,0.16,21836.0,1334.0,930.0
ALBSL,1/6/2026,1199.6,1242.0,1199.6,1220.0,-0.33,14427.0,1334.0,930.0
ALBSL,1/7/2026,1200.0,1222.0,1200.0,1205.0,-1.23,27373.0,1334.0,930.0
ALBSL,1/8/2026,1180.9,1206.0,1180.9,1196.1,-0.74,11834.0,1334.0,930.0
ALBSL,1/12/2026,1172.2,1198.9,1172.2,1184.1,-1.0,33387.0,1334.0,930.0
ALBSL,1/13/2026,1160.5,1203.4,1160.5,1182.0,-0.18,11706.0,1334.0,930.0
ALBSL,1/14/2026,1158.4,1190.0,1153.0,1165.0,-1.44,16486.0,1334.0,930.0
ALBSL,1/18/2026,1164.5,1189.0,1160.0,1168.0,0.26,20631.0,1334.0,930.0
ALBSL,1/20/2026,1188.9,1188.9,1160.0,1173.1,0.44,11743.0,1334.0,930.0
ALBSL,1/21/2026,1149.7,1184.3,1149.7,1178.0,0.42,25750.0,1334.0,930.0
ALBSL,1/22/2026,1165.0,1209.4,1165.0,1207.9,2.54,33812.0,1334.0,930.0
ALBSL,1/25/2026,1185.0,1250.0,1185.0,1210.0,0.17,20272.0,1334.0,930.0
ALBSL,1/26/2026,1210.5,1212.0,1185.0,1209.0,-0.08,31527.0,1334.0,930.0
ALBSL,1/27/2026,1195.0,1209.0,1173.0,1189.0,-1.65,8729.0,1334.0,930.0
ALBSL,1/28/2026,1165.3,1212.0,1147.0,1175.0,-1.18,27501.0,1334.0,930.0
ALBSL,1/29/2026,1151.5,1192.0,1134.0,1155.0,-1.7,20330.0,1334.0,930.0
ALBSL,2/1/2026,1150.0,1169.0,1100.0,1127.0,-2.42,14362.0,1334.0,930.0
ALBSL,2/2/2026,1104.5,1130.0,1098.0,1117.0,-0.89,12425.0,1334.0,930.0
ALBSL,2/3/2026,1111.0,1140.0,1087.0,1135.0,1.61,27933.0,1334.0,930.0
ALBSL,2/4/2026,1112.3,1176.0,1112.3,1155.0,1.76,19822.0,1334.0,930.0
ALBSL,2/5/2026,1175.0,1190.0,1134.0,1178.0,1.99,14056.0,1334.0,930.0
ALBSL,2/8/2026,1154.5,1201.0,1125.0,1158.0,-1.7,20147.0,1334.0,930.0
ALBSL,2/9/2026,1134.9,1180.0,1105.0,1150.0,-0.69,24593.0,1334.0,930.0
ALBSL,2/10/2026,1127.0,1149.5,1110.0,1140.0,-0.87,9106.0,1334.0,930.0
ALBSL,2/11/2026,1117.2,1152.0,1108.0,1121.8,-1.6,6993.0,1334.0,930.0
ALBSL,2/12/2026,1105.0,1126.9,1100.1,1119.0,-0.25,15536.0,1334.0,930.0
ALBSL,2/16/2026,1105.0,1122.0,1100.1,1113.8,-0.46,29188.0,1334.0,930.0
ALBSL,2/17/2026,1101.0,1121.0,1094.1,1114.0,0.02,5335.0,1334.0,930.0
ALBSL,2/22/2026,1101.0,1101.0,1060.1,1060.1,-4.84,5786.0,1334.0,930.0
ALBSL,2/23/2026,1060.1,1079.8,1045.1,1058.3,-0.17,7045.0,1334.0,930.0
ALBSL,2/24/2026,1065.0,1080.0,1042.2,1070.0,1.11,10756.0,1334.0,930.0
ALBSL,2/25/2026,1048.6,1101.0,1045.0,1101.0,2.9,11701.0,1334.0,930.0
ALBSL,2/26/2026,1079.0,1099.9,1061.0,1099.5,-0.14,7415.0,1334.0,930.0
ALBSL,2/27/2026,1079.0,1099.9,1061.0,1099.5,0.0,7415.0,1334.0,930.0
ALBSL,2/28/2026,1079.0,1099.9,1061.0,1099.5,0.0,7415.0,1334.0,930.0
ALBSL,3/2/2026,1077.6,1113.0,1057.0,1095.0,-0.41,8837.0,1334.0,930.0
ALBSL,3/3/2026,1073.1,1133.0,1073.1,1122.0,2.47,7491.0,1334.0,930.0
ALBSL,3/4/2026,1073.1,1133.0,1073.1,1122.0,0.0,7491.0,1334.0,930.0
ALBSL,3/5/2026,1073.1,1133.0,1073.1,1122.0,0.0,7491.0,1334.0,930.0
ALBSL,3/6/2026,1073.1,1133.0,1073.1,1122.0,0.0,7491.0,1334.0,930.0
ALBSL,3/7/2026,1073.1,1133.0,1073.1,1122.0,0.0,7491.0,1334.0,930.0
ALBSL,3/8/2026,1073.1,1133.0,1073.1,1122.0,0.0,7491.0,1334.0,930.0
ALBSL,3/9/2026,1144.4,1190.5,1144.4,1190.5,6.11,1707.0,1334.0,930.0
ALBSL,3/10/2026,1191.0,1191.0,1119.2,1167.5,-1.93,25883.0,1334.0,930.0
ALBSL,3/11/2026,1145.0,1190.0,1123.0,1142.0,-2.18,5939.0,1334.0,930.0
ALBSL,3/12/2026,1120.0,1187.0,1120.0,1162.0,1.75,31172.0,1334.0,930.0
ALBSL,3/13/2026,1120.0,1187.0,1120.0,1162.0,0.0,31172.0,1334.0,930.0
ALBSL,3/14/2026,1120.0,1187.0,1120.0,1162.0,0.0,31172.0,1334.0,930.0
ALBSL,3/15/2026,1140.0,1203.0,1140.0,1154.0,-0.69,10090.0,1334.0,930.0
ALBSL,3/16/2026,1131.0,1190.0,1130.1,1143.9,-0.88,10529.0,1334.0,930.0
ALBSL,3/17/2026,1122.0,1144.4,1118.0,1140.0,-0.34,13350.0,1334.0,930.0
ALBSL,3/18/2026,1122.0,1144.4,1118.0,1140.0,0.0,13350.0,1334.0,930.0
ALBSL,3/19/2026,1117.2,1174.0,1117.2,1160.0,1.75,34337.0,1334.0,930.0
ALBSL,3/20/2026,1117.2,1174.0,1117.2,1160.0,0.0,34337.0,1334.0,930.0
ALBSL,3/21/2026,1117.2,1174.0,1117.2,1160.0,0.0,34337.0,1334.0,930.0
ALBSL,3/22/2026,1136.8,1198.0,1136.8,1190.0,2.59,54012.0,1334.0,930.0
ALBSL,3/23/2026,1167.0,1309.0,1167.0,1295.0,8.82,62162.0,1334.0,930.0
ALBSL,3/24/2026,1270.0,1334.0,1270.0,1290.0,-0.39,11283.0,1334.0,930.0
ALBSL,3/25/2026,1264.2,1321.3,1240.0,1286.0,-0.31,32287.0,1334.0,930.0
ALBSL,3/26/2026,1261.0,1300.0,1240.0,1293.9,2.61,22614.0,1334.0,930.0
ALBSL,3/29/2026,1269.0,1326.0,1207.0,1248.0,-1.65,31473.0,1334.0,930.0
ALBSL,3/30/2026,1224.0,1272.0,1205.5,1212.9,-0.91,32363.0,1334.0,930.0
ALBSL,3/31/2026,1200.0,1224.0,1185.0,1224.0,2.0,26658.0,1334.0,930.0
ALBSL,4/1/2026,1200.0,1224.0,1156.1,1181.0,-1.58,43866.0,1334.0,930.0
ALBSL,4/2/2026,1157.4,1207.0,1155.0,1196.8,3.4,19895.0,1334.0,930.0
ALBSL,4/5/2026,1172.9,1218.0,1109.4,1160.0,-1.1,25559.0,1334.0,930.0
ALBSL,4/6/2026,1136.8,1193.5,1136.6,1187.8,4.49,15212.0,1334.0,930.0
ALBSL,4/7/2026,1164.1,1210.0,1142.0,1171.0,0.59,4793.0,1334.0,930.0
ALBSL,4/8/2026,1147.6,1193.3,1147.6,1171.0,2.04,23083.0,1334.0,930.0
ALBSL,4/9/2026,1147.6,1203.0,1147.6,1177.9,2.64,10171.0,1334.0,930.0
ALBSL,4/10/2026,1154.4,1197.9,1142.0,1161.9,0.65,9656.0,1334.0,930.0
ALBSL,4/13/2026,1138.7,1184.6,1128.5,1147.9,0.81,16795.0,1334.0,930.0
ALBSL,4/15/2026,1125.0,1173.0,1125.0,1161.0,3.2,9881.0,1334.0,930.0
ALBSL,4/16/2026,1137.8,1203.0,1135.0,1157.7,1.75,8209.0,1334.0,930.0
ALBSL,4/17/2026,1134.6,1179.0,1134.0,1156.0,1.89,9180.0,1334.0,930.0
ALBSL,4/20/2026,1213.0,1213.0,1135.9,1150.0,-5.19,3882.0,1334.0,930.0
ALBSL,4/21/2026,1119.0,1148.0,1115.0,1144.9,2.31,4583.0,1334.0,930.0
ALBSL,4/22/2026,1202.1,1202.1,1118.1,1138.0,-5.33,6188.0,1334.0,930.0
ALBSL,4/23/2026,1194.9,1194.9,1116.1,1137.9,-4.77,3527.0,1334.0,930.0
ALBSL,4/24/2026,1170.0,1170.0,1103.0,1129.0,-3.5,2154.0,1334.0,930.0
ALBSL,4/27/2026,1086.0,1172.0,1086.0,1129.5,4.01,34960.0,1334.0,930.0
ALBSL,4/28/2026,1100.0,1170.0,1100.0,1124.0,2.18,2711.0,1334.0,930.0
ALBSL,4/29/2026,1067.8,1135.0,1067.8,1110.0,3.95,14645.0,1334.0,930.0
ALBSL,4/30/2026,1100.0,1128.0,1095.0,1115.0,1.36,14708.0,1334.0,930.0
ALBSL,5/4/2026,1070.0,1135.0,1070.0,1109.9,3.73,2307.0,1334.0,930.0
ALBSL,5/5/2026,1100.0,1110.0,1086.0,1107.0,0.64,3103.0,1334.0,930.0
ALBSL,5/6/2026,1100.0,1113.0,1081.0,1105.0,0.45,6372.0,1334.0,930.0
ALBSL,5/7/2026,1088.0,1119.0,1088.0,1106.0,1.65,4143.0,1334.0,930.0
ALBSL,5/8/2026,1070.0,1169.0,1070.0,1110.0,3.74,20892.0,1334.0,930.0
ALBSL,5/11/2026,1070.0,1150.0,1070.0,1118.7,4.55,2353.0,1334.0,930.0
ALBSL,5/12/2026,1141.0,1141.0,1092.1,1112.0,-2.54,4952.0,1334.0,930.0
ALBSL,5/13/2026,1090.0,1110.0,1081.0,1107.4,1.6,3108.0,1334.0,930.0
ALBSL,5/14/2026,1080.0,1107.4,1080.0,1105.5,2.36,3006.0,1334.0,930.0
ALBSL,5/15/2026,1070.0,1149.0,1070.0,1100.0,2.8,10341.0,1334.0,930.0
ALBSL,5/18/2026,1045.0,1115.0,1045.0,1108.0,6.03,1076.0,1334.0,930.0
ALBSL,5/19/2026,1070.0,1122.0,1070.0,1100.0,2.8,2136.0,1334.0,930.0
ALBSL,5/20/2026,1085.1,1115.0,1085.1,1114.4,2.7,5605.0,1334.0,930.0
ALBSL,5/21/2026,1090.0,1122.0,1090.0,1107.0,1.56,2687.0,1334.0,930.0
ALBSL,5/22/2026,1162.3,1162.3,1085.0,1115.0,-4.07,3745.0,1334.0,930.0
ALBSL,5/25/2026,1086.0,1148.0,1086.0,1148.0,5.71,9899.0,1334.0,930.0
ALBSL,5/26/2026,1125.0,1155.0,1117.6,1127.0,0.18,2556.0,1334.0,930.0
ALBSL,5/27/2026,1108.0,1189.0,1100.0,1128.9,1.89,6799.0,1334.0,930.0
ALBSL,6/1/2026,1100.0,1160.0,1087.0,1093.0,-0.64,6984.0,1334.0,930.0
ALBSL,6/2/2026,1070.0,1120.0,1070.0,1119.0,4.58,16412.0,1334.0,930.0
ALBSL,6/3/2026,1101.0,1120.0,1095.0,1114.0,1.18,1784.0,1334.0,930.0
ALBSL,6/4/2026,1101.0,1118.9,1092.1,1107.9,0.63,2259.0,1334.0,930.0
ALBSL,6/5/2026,1090.0,1108.0,1088.1,1106.0,1.47,2039.0,1334.0,930.0
ALBSL,6/8/2026,1079.0,1110.0,1079.0,1101.1,2.05,2564.0,1334.0,930.0
ALBSL,6/9/2026,1081.1,1104.0,1081.0,1100.0,1.75,5062.0,1334.0,930.0
ALBSL,6/10/2026,1155.0,1155.0,1078.4,1110.0,-3.9,3122.0,1334.0,930.0
ALBSL,6/11/2026,1080.0,1108.0,1080.0,1104.0,2.22,14425.0,1334.0,930.0
ALBSL,6/12/2026,1082.0,1102.0,1080.1,1081.0,-0.09,950.0,1334.0,930.0
ALBSL,6/15/2026,1081.0,1105.0,1080.0,1105.0,2.22,5480.0,1334.0,930.0
ALBSL,6/16/2026,1080.0,1120.0,1070.0,1100.0,1.85,7350.0,1334.0,930.0
ALBSL,6/17/2026,1060.0,1104.0,1060.0,1097.6,3.55,5769.0,1334.0,930.0
ALBSL,6/18/2026,1043.0,1099.7,1043.0,1097.8,5.25,2918.0,1334.0,930.0
ALBSL,6/19/2026,1070.0,1101.8,1070.0,1097.9,2.61,15624.0,1334.0,930.0
ALBSL,6/22/2026,1075.0,1097.8,1075.0,1095.9,1.94,3163.0,1334.0,930.0
ALBSL,6/23/2026,1071.1,1094.9,1070.0,1085.0,1.3,3002.0,1334.0,930.0
ALBSL,6/24/2026,1090.0,1090.0,1050.0,1080.0,-0.92,4470.0,1334.0,930.0
ALBSL,6/26/2026,1067.0,1084.0,1055.0,1070.0,0.28,14709.0,1334.0,930.0
ALBSL,6/29/2026,1056.0,1080.0,1055.0,1063.0,0.66,865.0,1334.0,930.0
ALBSL,6/30/2026,1040.0,1150.0,1040.0,1075.0,3.37,4809.0,1334.0,930.0
ALBSL,7/1/2026,1030.0,1089.9,1030.0,1077.0,4.56,3511.0,1334.0,930.0
ALBSL,7/2/2026,1040.0,1122.0,1040.0,1099.6,5.73,12674.0,1334.0,930.0
ALBSL,7/3/2026,1065.0,1158.0,1065.0,1098.0,3.1,9852.0,1334.0,930.0
ALBSL,7/6/2026,1060.0,1122.19,1060.0,1066.1,0.58,1385.0,1334.0,930.0
ALBSL,7/7/2026,1060.0,1088.0,1050.0,1069.9,0.93,8085.0,1334.0,930.0
ALBSL,7/8/2026,1032.0,1100.0,1032.0,1066.9,3.38,1748.0,1334.0,930.0
ALBSL,7/9/2026,1058.0,1064.8,1041.0,1064.8,0.64,1015.0,1334.0,930.0
ALBSL,7/10/2026,1031.0,1076.0,1031.0,1061.0,2.91,8403.0,1334.0,930.0
ALBSL,7/13/2026,1029.0,1060.0,1011.0,1041.0,1.17,6282.0,1334.0,930.0
ALBSL,7/14/2026,1015.0,1060.0,1010.0,1049.0,3.35,8124.0,1334.0,930.0
ALBSL,7/15/2026,1015.0,1068.0,1015.0,1052.0,3.65,812.0,1334.0,930.0
ALBSL,7/16/2026,1020.0,1050.0,1016.1,1050.0,2.94,3421.0,1334.0,930.0
ALBSL,7/17/2026,1021.0,1078.0,1019.0,1075.0,5.29,7868.0,1334.0,930.0
ALBSL,7/20/2026,1030.0,1085.0,1030.0,1083.9,5.23,2929.0,1334.0,930.0
ALBSL,7/21/2026,1045.0,1100.0,1045.0,1099.1,5.18,6135.0,1334.0,930.0
ALBSL,7/22/2026,1060.0,1163.9,1060.0,1101.0,3.87,2604.0,1334.0,930.0
ALBSL,7/23/2026,1070.0,1129.0,1070.0,1094.9,2.33,3151.0,1334.0,930.0
ALBSL,7/24/2026,1045.0,1129.9,1045.0,1087.0,4.02,3859.0,1334.0,930.0
ALBSL,7/27/2026,1051.0,1145.0,1051.0,1096.9,4.37,3280.0,1334.0,930.0
ALBSL,7/28/2026,1060.0,1144.0,1060.0,1094.0,3.21,1130.0,1334.0,930.0
ALBSL,7/29/2026,1050.0,1130.0,1050.0,1084.9,3.32,601.0,1334.0,930.0
ALBSL,7/30/2026,1051.0,1096.0,1051.0,1087.6,3.48,4356.0,1334.0,930.0
ALBSL,7/31/2026,1051.0,1114.8,1051.0,1114.8,6.07,10020.0,1334.0,930.0
ALBSL,8/3/2026,1075.0,1140.0,1075.0,1107.7,3.04,18794.0,1334.0,930.0
ALBSL,8/4/2026,1076.0,1163.0,1076.0,1089.0,1.21,2690.0,1334.0,930.0
ALBSL,8/5/2026,1065.0,1114.0,1065.0,1102.0,3.47,12601.0,1334.0,930.0
ALBSL,8/6/2026,1066.0,1107.0,1066.0,1085.0,1.78,4393.0,1334.0,930.0
ALBSL,8/7/2026,1050.0,1110.9,1050.0,1091.0,3.9,3178.0,1334.0,930.0
ALBSL,8/10/2026,1061.0,1092.7,1061.0,1090.0,2.73,3254.0,1334.0,930.0
ALBSL,8/11/2026,1055.0,1119.0,1055.0,1113.9,5.58,33881.0,1334.0,930.0
ALBSL,8/12/2026,1070.0,1141.0,1070.0,1114.0,4.11,4715.0,1334.0,930.0
ALBSL,8/13/2026,1071.0,1165.0,1071.0,1125.0,5.04,13675.0,1334.0,930.0
ALBSL,8/14/2026,1081.0,1155.0,1081.0,1122.9,3.88,6912.0,1334.0,930.0
ALBSL,8/17/2026,1080.0,1164.9,1079.0,1094.5,1.34,3739.0,1334.0,930.0
ALBSL,8/18/2026,1065.0,1126.0,1065.0,1101.9,3.46,8104.0,1334.0,930.0
ALBSL,8/19/2026,1065.0,1115.0,1065.0,1099.8,3.27,9558.0,1334.0,930.0
ALBSL,8/20/2026,1065.0,1112.19,1065.0,1105.0,3.76,929.0,1334.0,930.0
ALBSL,8/21/2026,1067.0,1110.0,1067.0,1079.0,1.12,4049.0,1334.0,930.0
ALBSL,8/24/2026,1030.0,1103.0,1030.0,1100.0,6.8,2261.0,1334.0,930.0
ALBSL,8/25/2026,1067.0,1130.0,1067.0,1100.0,3.09,10355.0,1334.0,930.0
ALBSL,8/26/2026,1065.0,1130.0,1065.0,1086.5,2.02,15197.0,1334.0,930.0
ALBSL,8/27/2026,1060.0,1108.0,1060.0,1108.0,4.53,4224.0,1334.0,930.0
ALBSL,8/31/2026,1071.0,1084.0,1060.1,1084.0,1.21,1215.0,1334.0,930.0
ALBSL,9/1/2026,1065.0,1110.0,1065.0,1110.0,4.23,13867.0,1334.0,930.0
ALBSL,9/2/2026,1070.0,1100.0,1070.0,1098.9,2.7,4295.0,1334.0,930.0
ALBSL,9/3/2026,1060.0,1190.0,1060.0,1190.0,12.26,13128.0,1334.0,930.0
ALBSL,9/7/2026,1150.0,1150.0,1097.0,1102.1,-4.17,13298.0,1334.0,930.0
ALBSL,9/9/2026,1071.0,1135.0,1071.0,1114.0,4.01,18823.0,1334.0,930.0
ALBSL,9/10/2026,1095.0,1111.5,1090.0,1108.8,1.26,6569.0,1334.0,930.0
ALBSL,9/11/2026,1078.0,1158.0,1078.0,1156.0,7.24,64777.0,1334.0,930.0
ALBSL,9/14/2026,1122.0,1201.0,1122.0,1192.1,6.25,50848.0,1334.0,930.0
ALBSL,9/15/2026,1220.0,1225.0,1190.0,1210.0,-0.82,33860.0,1334.0,930.0
ALBSL,9/16/2026,1180.0,1239.0,1180.0,1201.0,1.78,26915.0,1334.0,930.0
ALBSL,9/17/2026,1180.0,1215.0,1180.0,1215.0,2.97,23605.0,1334.0,930.0
ALBSL,9/18/2026,1175.0,1245.0,1155.0,1190.0,1.28,20927.0,1334.0,930.0
ALBSL,9/22/2026,1173.0,1220.0,1172.0,1192.0,1.62,13999.0,1334.0,930.0
ALBSL,9/23/2026,1174.0,1208.0,1174.0,1194.0,1.7,19673.0,1334.0,930.0
ALBSL,9/24/2026,1165.3,1198.0,1161.0,1174.4,0.78,1642.0,1334.0,930.0
ALBSL,9/28/2026,1166.0,1199.0,1166.0,1188.5,1.93,13539.0,1334.0,930.0
ALBSL,9/29/2026,1170.0,1194.9,1170.0,0.0,-100.0,16115.0,1334.0,930.0
ALBSL,9/30/2026,1170.0,1199.0,1170.0,1189.0,1.62,16883.0,1334.0,930.0
ALBSL,10/1/2026,1166.0,1200.0,1166.0,1186.0,1.72,4170.0,1334.0,930.0
ALBSL,10/2/2026,1165.0,1190.9,1165.0,1189.0,2.06,5712.0,1334.0,930.0
ALICL,6/13/2010,226.0,233.0,223.0,226.0,,13110.0,505.0,381.4
ALICL,6/14/2010,226.0,229.0,219.0,222.0,-1.77,7790.0,505.0,381.4
ALICL,6/15/2010,222.0,229.0,218.0,229.0,3.15,9170.0,505.0,381.4
ALICL,6/17/2010,229.0,248.0,233.0,240.0,4.8,7820.0,505.0,381.4
ALICL,6/20/2010,240.0,260.0,239.0,260.0,8.33,7620.0,505.0,381.4
ALICL,6/21/2010,260.0,272.0,247.0,270.0,3.85,9650.0,505.0,381.4
ALICL,6/22/2010,270.0,274.0,260.0,270.0,0.0,15720.0,505.0,381.4
ALICL,6/23/2010,270.0,271.0,251.0,255.0,-5.56,9010.0,505.0,381.4
ALICL,6/26/2010,255.0,255.0,240.0,243.0,-4.71,7000.0,505.0,381.4
ALICL,6/29/2010,243.0,232.0,221.0,232.0,-4.53,6720.0,505.0,381.4
ALICL,6/30/2010,232.0,234.0,220.0,225.0,-3.02,12830.0,505.0,381.4
ALICL,7/1/2010,225.0,239.0,229.0,231.0,2.67,2630.0,505.0,381.4
ALICL,7/4/2010,231.0,233.0,223.0,232.0,0.43,6420.0,505.0,381.4
ALICL,7/5/2010,232.0,236.0,230.0,233.0,0.43,2210.0,505.0,381.4
ALICL,7/6/2010,233.0,233.0,230.0,233.0,0.0,4580.0,505.0,381.4
ALICL,7/7/2010,233.0,240.0,225.0,236.0,1.29,4500.0,505.0,381.4
ALICL,7/8/2010,236.0,244.0,230.0,244.0,3.39,6420.0,505.0,381.4
ALICL,7/11/2010,244.0,245.0,235.0,242.0,-0.82,5520.0,505.0,381.4
ALICL,7/12/2010,242.0,242.0,232.0,238.0,-1.65,1090.0,505.0,381.4
ALICL,7/13/2010,238.0,242.0,235.0,240.0,0.84,3440.0,505.0,381.4
ALICL,7/14/2010,240.0,245.0,240.0,245.0,2.08,2170.0,505.0,381.4
ALICL,7/15/2010,245.0,257.0,242.0,257.0,4.9,4020.0,505.0,381.4
ALICL,7/16/2010,257.0,234.0,225.0,231.0,-10.12,7550.0,505.0,381.4
ALICL,7/18/2010,231.0,258.0,245.0,249.0,7.79,3730.0,505.0,381.4
ALICL,7/19/2010,249.0,252.0,246.0,250.0,0.4,2990.0,505.0,381.4
ALICL,7/20/2010,250.0,253.0,250.0,253.0,1.2,2290.0,505.0,381.4
ALICL,7/22/2010,253.0,265.0,258.0,265.0,4.74,5490.0,505.0,381.4
ALICL,7/25/2010,265.0,270.0,250.0,255.0,-3.77,6700.0,505.0,381.4
ALICL,7/26/2010,255.0,255.0,250.0,251.0,-1.57,4180.0,505.0,381.4
ALICL,7/27/2010,251.0,253.0,248.0,248.0,-1.2,1670.0,505.0,381.4
ALICL,7/28/2010,270.0,250.0,243.0,244.0,-1.61,1050.0,505.0,381.4
ALICL,7/29/2010,244.0,248.0,244.0,245.0,0.41,1050.0,505.0,381.4
ALICL,9/2/2010,245.0,217.0,212.0,215.0,-12.24,2700.0,505.0,381.4
ALICL,9/7/2010,215.0,235.0,224.0,233.0,8.37,6170.0,505.0,381.4
ALICL,9/8/2010,233.0,236.0,232.0,235.0,0.86,870.0,505.0,381.4
ALICL,9/9/2010,235.0,235.0,227.0,227.0,-3.4,2040.0,505.0,381.4
ALICL,9/12/2010,227.0,227.0,221.0,221.0,-2.64,970.0,505.0,381.4
ALICL,9/13/2010,221.0,225.0,223.0,224.0,1.36,540.0,505.0,381.4
ALICL,9/14/2010,224.0,225.0,220.0,220.0,-1.79,1350.0,505.0,381.4
ALICL,9/15/2010,220.0,229.0,220.0,226.0,2.73,1470.0,505.0,381.4
ALICL,9/16/2010,226.0,228.0,222.0,228.0,0.88,2380.0,505.0,381.4
ALICL,9/19/2010,228.0,224.0,220.0,220.0,-3.51,390.0,505.0,381.4
ALICL,9/20/2010,220.0,225.0,220.0,225.0,2.27,1260.0,505.0,381.4
ALICL,9/21/2010,225.0,227.0,223.0,225.0,0.0,2250.0,505.0,381.4
ALICL,9/23/2010,225.0,225.0,222.0,223.0,-0.89,2540.0,505.0,381.4
ALICL,9/26/2010,223.0,225.0,225.0,225.0,0.9,500.0,505.0,381.4
ALICL,9/27/2010,225.0,227.0,222.0,227.0,0.89,1390.0,505.0,381.4
ALICL,9/28/2010,227.0,227.0,225.0,226.0,-0.44,2950.0,505.0,381.4
ALICL,9/29/2010,226.0,226.0,223.0,224.0,-0.88,1490.0,505.0,381.4
ALICL,9/30/2010,224.0,232.0,220.0,232.0,3.57,1200.0,505.0,381.4
ALICL,10/3/2010,232.0,232.0,222.0,222.0,-4.31,850.0,505.0,381.4
ALICL,10/4/2010,222.0,233.0,222.0,233.0,4.95,1000.0,505.0,381.4
ALICL,10/5/2010,233.0,240.0,230.0,232.0,-0.43,1170.0,505.0,381.4
ALICL,10/6/2010,232.0,232.0,227.0,230.0,-0.86,670.0,505.0,381.4
ALICL,10/7/2010,230.0,240.0,230.0,240.0,4.35,1320.0,505.0,381.4
ALICL,10/10/2010,240.0,243.0,236.0,243.0,1.25,820.0,505.0,381.4
ALICL,10/11/2010,243.0,251.0,241.0,245.0,0.82,1800.0,505.0,381.4
ALICL,10/12/2010,245.0,246.0,241.0,246.0,0.41,1240.0,505.0,381.4
ALICL,10/20/2010,246.0,250.0,246.0,246.0,0.0,90.0,505.0,381.4
ALICL,10/21/2010,246.0,242.0,242.0,242.0,-1.63,40.0,505.0,381.4
ALICL,10/24/2010,242.0,246.0,242.0,246.0,1.65,690.0,505.0,381.4
ALICL,10/25/2010,246.0,242.0,242.0,242.0,-1.63,100.0,505.0,381.4
ALICL,10/26/2010,242.0,244.0,239.0,242.0,0.0,640.0,505.0,381.4
ALICL,10/27/2010,242.0,246.0,238.0,244.0,0.83,1250.0,505.0,381.4
ALICL,10/28/2010,244.0,243.0,243.0,243.0,-0.41,30.0,505.0,381.4
ALICL,10/31/2010,243.0,244.0,232.0,244.0,0.41,4400.0,505.0,381.4
ALICL,11/1/2010,244.0,242.0,240.0,241.0,-1.23,1220.0,505.0,381.4
ALICL,11/2/2010,241.0,245.0,237.0,245.0,1.66,670.0,505.0,381.4
ALICL,11/3/2010,245.0,245.0,239.0,241.0,-1.63,210.0,505.0,381.4
ALICL,11/4/2010,241.0,255.0,240.0,255.0,5.81,2160.0,505.0,381.4
ALICL,11/9/2010,255.0,275.0,250.0,250.0,-1.96,5100.0,505.0,381.4
ALICL,11/10/2010,250.0,262.0,245.0,252.0,0.8,4700.0,505.0,381.4
ALICL,11/11/2010,252.0,260.0,255.0,260.0,3.17,240.0,505.0,381.4
ALICL,11/14/2010,260.0,265.0,257.0,262.0,0.77,1440.0,505.0,381.4
ALICL,11/15/2010,262.0,267.0,260.0,263.0,0.38,3160.0,505.0,381.4
ALICL,11/16/2010,263.0,270.0,260.0,270.0,2.66,1710.0,505.0,381.4
ALICL,11/18/2010,270.0,269.0,265.0,269.0,-0.37,870.0,505.0,381.4
ALICL,11/21/2010,269.0,295.0,274.0,274.0,1.86,5610.0,505.0,381.4
ALICL,11/22/2010,274.0,278.0,265.0,265.0,-3.28,4290.0,505.0,381.4
ALICL,11/23/2010,265.0,275.0,261.0,275.0,3.77,2960.0,505.0,381.4
ALICL,11/24/2010,275.0,287.0,271.0,285.0,3.64,5070.0,505.0,381.4
ALICL,11/25/2010,285.0,289.0,283.0,283.0,-0.7,2630.0,505.0,381.4
ALICL,11/28/2010,283.0,285.0,271.0,271.0,-4.24,1580.0,505.0,381.4
ALICL,11/29/2010,271.0,280.0,265.0,265.0,-2.21,3820.0,505.0,381.4
ALICL,11/30/2010,265.0,275.0,260.0,265.0,0.0,4480.0,505.0,381.4
ALICL,12/1/2010,265.0,268.0,261.0,261.0,-1.51,3590.0,505.0,381.4
ALICL,12/2/2010,261.0,266.0,261.0,264.0,1.15,4110.0,505.0,381.4
ALICL,12/5/2010,264.0,269.0,262.0,265.0,0.38,6250.0,505.0,381.4
ALICL,12/6/2010,265.0,265.0,262.0,265.0,0.0,2320.0,505.0,381.4
ALICL,12/7/2010,265.0,263.0,260.0,262.0,-1.13,400.0,505.0,381.4
ALICL,12/8/2010,262.0,265.0,255.0,260.0,-0.76,2170.0,505.0,381.4
ALICL,12/9/2010,260.0,265.0,259.0,265.0,1.92,1380.0,505.0,381.4
ALICL,12/12/2010,265.0,270.0,256.0,256.0,-3.4,1380.0,505.0,381.4
ALICL,12/13/2010,256.0,254.0,250.0,254.0,-0.78,700.0,505.0,381.4
ALICL,12/14/2010,254.0,255.0,249.0,255.0,0.39,240.0,505.0,381.4
ALICL,12/15/2010,255.0,255.0,250.0,253.0,-0.78,910.0,505.0,381.4
ALICL,12/16/2010,253.0,255.0,249.0,255.0,0.79,1230.0,505.0,381.4
ALICL,12/19/2010,255.0,257.0,253.0,255.0,0.0,720.0,505.0,381.4
ALICL,12/20/2010,255.0,258.0,250.0,258.0,1.18,940.0,505.0,381.4
ALICL,12/22/2010,258.0,255.0,250.0,250.0,-3.1,1070.0,505.0,381.4
ALICL,12/23/2010,250.0,260.0,251.0,260.0,4.0,690.0,505.0,381.4
ALICL,12/26/2010,260.0,262.0,260.0,262.0,0.77,310.0,505.0,381.4
ALICL,12/27/2010,262.0,260.0,256.0,256.0,-2.29,1070.0,505.0,381.4
ALICL,12/28/2010,256.0,258.0,253.0,255.0,-0.39,890.0,505.0,381.4
ALICL,12/29/2010,255.0,256.0,248.0,253.0,-0.78,2330.0,505.0,381.4
ALICL,1/2/2011,253.0,255.0,244.0,252.0,-0.4,1600.0,505.0,381.4
ALICL,1/3/2011,252.0,245.0,241.0,241.0,-4.37,90.0,505.0,381.4
ALICL,1/4/2011,260.0,260.0,249.0,260.0,7.88,1060.0,505.0,381.4
ALICL,1/5/2011,260.0,256.0,250.0,251.0,-3.46,570.0,505.0,381.4
ALICL,1/6/2011,251.0,260.0,245.0,260.0,3.59,1030.0,505.0,381.4
ALICL,1/9/2011,260.0,257.0,257.0,257.0,-1.15,230.0,505.0,381.4
ALICL,1/10/2011,257.0,257.0,251.0,255.0,-0.78,700.0,505.0,381.4
ALICL,1/11/2011,255.0,254.0,250.0,253.0,-0.78,1210.0,505.0,381.4
ALICL,1/12/2011,253.0,259.0,250.0,259.0,2.37,360.0,505.0,381.4
ALICL,1/13/2011,259.0,257.0,255.0,256.0,-1.16,830.0,505.0,381.4
ALICL,1/16/2011,256.0,256.0,249.0,250.0,-2.34,1430.0,505.0,381.4
ALICL,1/17/2011,250.0,255.0,250.0,253.0,1.2,1850.0,505.0,381.4
ALICL,1/18/2011,253.0,255.0,249.0,255.0,0.79,560.0,505.0,381.4
ALICL,1/19/2011,255.0,255.0,252.0,252.0,-1.18,360.0,505.0,381.4
ALICL,1/20/2011,252.0,260.0,250.0,260.0,3.17,580.0,505.0,381.4
ALICL,1/23/2011,260.0,255.0,250.0,250.0,-3.85,130.0,505.0,381.4
ALICL,1/24/2011,250.0,255.0,255.0,255.0,2.0,70.0,505.0,381.4
ALICL,1/31/2011,255.0,260.0,260.0,260.0,1.96,20.0,505.0,381.4
ALICL,2/1/2011,260.0,263.0,260.0,260.0,0.0,1240.0,505.0,381.4
ALICL,2/2/2011,260.0,265.0,256.0,265.0,1.92,270.0,505.0,381.4
ALICL,2/3/2011,265.0,267.0,267.0,267.0,0.75,300.0,505.0,381.4
ALICL,2/6/2011,267.0,279.0,271.0,279.0,4.49,330.0,505.0,381.4
ALICL,2/8/2011,279.0,280.0,280.0,280.0,0.36,80.0,505.0,381.4
ALICL,2/9/2011,280.0,275.0,254.0,259.0,-7.5,740.0,505.0,381.4
ALICL,2/10/2011,259.0,256.0,254.0,256.0,-1.16,390.0,505.0,381.4
ALICL,2/13/2011,256.0,251.0,250.0,250.0,-2.34,330.0,505.0,381.4
ALICL,2/14/2011,250.0,255.0,245.0,250.0,0.0,1830.0,505.0,381.4
ALICL,2/15/2011,250.0,264.0,248.0,264.0,5.6,410.0,505.0,381.4
ALICL,2/16/2011,264.0,266.0,264.0,266.0,0.76,80.0,505.0,381.4
ALICL,2/20/2011,266.0,265.0,245.0,245.0,-7.89,680.0,505.0,381.4
ALICL,2/21/2011,245.0,249.0,241.0,243.0,-0.82,810.0,505.0,381.4
ALICL,2/22/2011,243.0,256.0,235.0,256.0,5.35,1920.0,505.0,381.4
ALICL,2/23/2011,256.0,258.0,244.0,244.0,-4.69,1220.0,505.0,381.4
ALICL,2/24/2011,244.0,247.0,244.0,244.0,0.0,630.0,505.0,381.4
ALICL,2/27/2011,244.0,247.0,239.0,242.0,-0.82,650.0,505.0,381.4
ALICL,2/28/2011,242.0,245.0,239.0,241.0,-0.41,1260.0,505.0,381.4
ALICL,3/3/2011,241.0,245.0,244.0,245.0,1.66,270.0,505.0,381.4
ALICL,3/7/2011,245.0,244.0,241.0,241.0,-1.63,50.0,505.0,381.4
ALICL,3/9/2011,241.0,245.0,240.0,240.0,-0.41,500.0,505.0,381.4
ALICL,3/10/2011,240.0,237.0,232.0,236.0,-1.67,440.0,505.0,381.4
ALICL,3/13/2011,236.0,236.0,226.0,236.0,0.0,2350.0,505.0,381.4
ALICL,3/14/2011,236.0,232.0,228.0,229.0,-2.97,620.0,505.0,381.4
ALICL,3/15/2011,229.0,225.0,213.0,215.0,-6.11,1060.0,505.0,381.4
ALICL,3/16/2011,215.0,219.0,207.0,219.0,1.86,90.0,505.0,381.4
ALICL,3/17/2011,219.0,227.0,219.0,224.0,2.28,560.0,505.0,381.4
ALICL,3/20/2011,224.0,229.0,224.0,229.0,2.23,610.0,505.0,381.4
ALICL,3/24/2011,229.0,230.0,227.0,229.0,0.0,180.0,505.0,381.4
ALICL,3/25/2011,229.0,227.0,226.0,226.0,-1.31,550.0,505.0,381.4
ALICL,3/27/2011,226.0,226.0,224.0,224.0,-0.88,730.0,505.0,381.4
ALICL,3/28/2011,224.0,223.0,219.0,221.0,-1.34,460.0,505.0,381.4
ALICL,3/29/2011,221.0,218.0,217.0,218.0,-1.36,550.0,505.0,381.4
ALICL,3/30/2011,218.0,214.0,208.0,208.0,-4.59,1750.0,505.0,381.4
ALICL,3/31/2011,208.0,216.0,212.0,216.0,3.85,60.0,505.0,381.4
ALICL,4/4/2011,216.0,218.0,215.0,218.0,0.93,2710.0,505.0,381.4
ALICL,4/5/2011,218.0,220.0,216.0,216.0,-0.92,780.0,505.0,381.4
ALICL,4/6/2011,216.0,215.0,212.0,214.0,-0.93,300.0,505.0,381.4
ALICL,4/7/2011,214.0,214.0,210.0,214.0,0.0,420.0,505.0,381.4
ALICL,4/10/2011,214.0,214.0,210.0,212.0,-0.93,1890.0,505.0,381.4
ALICL,4/11/2011,212.0,210.0,204.0,204.0,-3.77,1860.0,505.0,381.4
ALICL,4/13/2011,204.0,201.0,196.0,196.0,-3.92,1400.0,505.0,381.4
ALICL,4/17/2011,196.0,214.0,199.0,214.0,9.18,560.0,505.0,381.4
ALICL,4/18/2011,214.0,214.0,202.0,206.0,-3.74,400.0,505.0,381.4
ALICL,4/19/2011,206.0,208.0,200.0,205.0,-0.49,420.0,505.0,381.4
ALICL,4/20/2011,205.0,204.0,201.0,204.0,-0.49,760.0,505.0,381.4
ALICL,4/21/2011,204.0,205.0,198.0,201.0,-1.47,430.0,505.0,381.4
ALICL,4/27/2011,201.0,197.0,197.0,197.0,-1.99,20.0,505.0,381.4
ALICL,4/28/2011,197.0,198.0,194.0,198.0,0.51,530.0,505.0,381.4
ALICL,5/2/2011,198.0,195.0,183.0,183.0,-7.58,450.0,505.0,381.4
ALICL,5/3/2011,183.0,183.0,174.0,179.0,-2.19,1310.0,505.0,381.4
ALICL,5/4/2011,179.0,185.0,182.0,185.0,3.35,30.0,505.0,381.4
ALICL,5/5/2011,185.0,185.0,179.0,179.0,-3.24,560.0,505.0,381.4
ALICL,5/8/2011,179.0,183.0,180.0,183.0,2.23,40.0,505.0,381.4
ALICL,5/10/2011,183.0,183.0,180.0,180.0,-1.64,600.0,505.0,381.4
ALICL,5/11/2011,180.0,198.0,183.0,198.0,10.0,860.0,505.0,381.4
ALICL,5/12/2011,198.0,205.0,201.0,205.0,3.54,20.0,505.0,381.4
ALICL,5/15/2011,205.0,213.0,198.0,198.0,-3.41,1240.0,505.0,381.4
ALICL,5/16/2011,198.0,201.0,201.0,201.0,1.52,30.0,505.0,381.4
ALICL,5/18/2011,201.0,208.0,192.0,192.0,-4.48,1940.0,505.0,381.4
ALICL,5/19/2011,192.0,194.0,188.0,188.0,-2.08,590.0,505.0,381.4
ALICL,5/22/2011,188.0,190.0,185.0,190.0,1.06,1590.0,505.0,381.4
ALICL,5/23/2011,190.0,197.0,193.0,197.0,3.68,430.0,505.0,381.4
ALICL,5/24/2011,197.0,194.0,194.0,194.0,-1.52,80.0,505.0,381.4
ALICL,5/25/2011,194.0,194.0,191.0,194.0,0.0,330.0,505.0,381.4
ALICL,5/26/2011,194.0,194.0,191.0,194.0,0.0,1330.0,505.0,381.4
ALICL,5/30/2011,194.0,191.0,191.0,191.0,-1.55,30.0,505.0,381.4
ALICL,5/31/2011,191.0,191.0,179.0,184.0,-3.66,920.0,505.0,381.4
ALICL,6/1/2011,184.0,186.0,180.0,186.0,1.09,720.0,505.0,381.4
ALICL,6/5/2011,186.0,204.0,189.0,204.0,9.68,470.0,505.0,381.4
ALICL,6/6/2011,204.0,203.0,196.0,196.0,-3.92,2700.0,505.0,381.4
ALICL,6/7/2011,196.0,196.0,188.0,188.0,-4.08,1110.0,505.0,381.4
ALICL,6/8/2011,188.0,190.0,170.0,170.0,-9.57,7610.0,505.0,381.4
ALICL,6/9/2011,170.0,170.0,161.0,170.0,0.0,1490.0,505.0,381.4
ALICL,6/12/2011,170.0,167.0,162.0,167.0,-1.76,1940.0,505.0,381.4
ALICL,6/13/2011,167.0,170.0,164.0,164.0,-1.8,5110.0,505.0,381.4
ALICL,6/14/2011,164.0,170.0,167.0,170.0,3.66,6490.0,505.0,381.4
ALICL,6/15/2011,170.0,170.0,153.0,155.0,-8.82,3250.0,505.0,381.4
ALICL,6/16/2011,155.0,165.0,156.0,165.0,6.45,230.0,505.0,381.4
ALICL,6/19/2011,165.0,168.0,165.0,168.0,1.82,130.0,505.0,381.4
ALICL,6/20/2011,165.0,168.0,165.0,168.0,0.0,130.0,505.0,381.4
ALICL,6/21/2011,168.0,173.0,168.0,170.0,1.19,400.0,505.0,381.4
ALICL,6/23/2011,170.0,173.0,173.0,173.0,1.76,50.0,505.0,381.4
ALICL,6/26/2011,173.0,179.0,176.0,179.0,3.47,680.0,505.0,381.4
ALICL,7/7/2011,179.0,176.0,173.0,173.0,-3.35,150.0,505.0,381.4
ALICL,7/19/2011,173.0,170.0,170.0,170.0,-1.73,100.0,505.0,381.4
ALICL,7/20/2011,170.0,168.0,168.0,168.0,-1.18,60.0,505.0,381.4
ALICL,7/26/2011,168.0,165.0,156.0,156.0,-7.14,190.0,505.0,381.4
ALICL,7/27/2011,156.0,156.0,146.0,146.0,-6.41,790.0,505.0,381.4
ALICL,7/28/2011,146.0,160.0,143.0,160.0,9.59,450.0,505.0,381.4
ALICL,7/31/2011,160.0,159.0,153.0,153.0,-4.37,250.0,505.0,381.4
ALICL,8/1/2011,153.0,150.0,150.0,150.0,-1.96,40.0,505.0,381.4
ALICL,8/2/2011,150.0,150.0,150.0,150.0,0.0,30.0,505.0,381.4
ALICL,8/3/2011,150.0,153.0,150.0,150.0,0.0,1000.0,505.0,381.4
ALICL,8/4/2011,150.0,156.0,150.0,156.0,4.0,600.0,505.0,381.4
ALICL,8/7/2011,156.0,162.0,153.0,153.0,-1.92,360.0,505.0,381.4
ALICL,8/8/2011,153.0,150.0,150.0,150.0,-1.96,80.0,505.0,381.4
ALICL,8/9/2011,150.0,149.0,147.0,149.0,-0.67,850.0,505.0,381.4
ALICL,8/11/2011,149.0,152.0,147.0,152.0,2.01,100.0,505.0,381.4
ALICL,8/15/2011,152.0,151.0,151.0,151.0,-0.66,30.0,505.0,381.4
ALICL,8/16/2011,151.0,154.0,154.0,154.0,1.99,100.0,505.0,381.4
ALICL,8/17/2011,154.0,155.0,154.0,155.0,0.65,260.0,505.0,381.4
ALICL,8/18/2011,155.0,156.0,153.0,156.0,0.65,550.0,505.0,381.4
ALICL,8/22/2011,156.0,153.0,153.0,153.0,-1.92,30.0,505.0,381.4
ALICL,8/23/2011,153.0,155.0,151.0,155.0,1.31,1770.0,505.0,381.4
ALICL,8/24/2011,155.0,158.0,152.0,158.0,1.94,220.0,505.0,381.4
ALICL,8/25/2011,158.0,158.0,148.0,150.0,-5.06,1500.0,505.0,381.4
ALICL,8/28/2011,150.0,148.0,146.0,148.0,-1.33,90.0,505.0,381.4
ALICL,8/29/2011,148.0,146.0,144.0,145.0,-2.03,660.0,505.0,381.4
ALICL,8/30/2011,145.0,149.0,147.0,149.0,2.76,240.0,505.0,381.4
ALICL,9/1/2011,149.0,149.0,145.0,147.0,-1.34,210.0,505.0,381.4
ALICL,9/4/2011,147.0,147.0,143.0,143.0,-2.72,430.0,505.0,381.4
ALICL,9/5/2011,143.0,143.0,141.0,141.0,-1.4,310.0,505.0,381.4
ALICL,9/6/2011,141.0,141.0,139.0,141.0,0.0,510.0,505.0,381.4
ALICL,9/7/2011,141.0,141.0,140.0,141.0,0.0,370.0,505.0,381.4
ALICL,9/8/2011,141.0,147.0,143.0,145.0,2.84,670.0,505.0,381.4
ALICL,9/12/2011,145.0,145.0,141.0,142.0,-2.07,840.0,505.0,381.4
ALICL,9/13/2011,142.0,146.0,140.0,144.0,1.41,410.0,505.0,381.4
ALICL,9/14/2011,144.0,142.0,142.0,142.0,-1.39,70.0,505.0,381.4
ALICL,9/15/2011,142.0,142.0,141.0,142.0,0.0,520.0,505.0,381.4
ALICL,9/18/2011,142.0,142.0,142.0,142.0,0.0,70.0,505.0,381.4
ALICL,9/19/2011,142.0,144.0,142.0,144.0,1.41,260.0,505.0,381.4
ALICL,9/20/2011,144.0,146.0,143.0,144.0,0.0,90.0,505.0,381.4
ALICL,9/21/2011,144.0,153.0,144.0,152.0,5.56,550.0,505.0,381.4
ALICL,9/22/2011,152.0,155.0,152.0,155.0,1.97,220.0,505.0,381.4
ALICL,9/25/2011,155.0,152.0,152.0,152.0,-1.94,70.0,505.0,381.4
ALICL,9/26/2011,152.0,158.0,151.0,157.0,3.29,700.0,505.0,381.4
ALICL,9/27/2011,157.0,157.0,152.0,157.0,0.0,400.0,505.0,381.4
ALICL,9/29/2011,157.0,160.0,160.0,160.0,1.91,50.0,505.0,381.4
ALICL,10/2/2011,160.0,170.0,163.0,167.0,4.37,1180.0,505.0,381.4
ALICL,10/9/2011,167.0,165.0,160.0,165.0,-1.2,300.0,505.0,381.4
ALICL,10/10/2011,165.0,168.0,165.0,167.0,1.21,1120.0,505.0,381.4
ALICL,10/12/2011,167.0,173.0,170.0,171.0,2.4,290.0,505.0,381.4
ALICL,10/13/2011,171.0,176.0,174.0,175.0,2.34,5520.0,505.0,381.4
ALICL,10/16/2011,175.0,175.0,169.0,169.0,-3.43,810.0,505.0,381.4
ALICL,10/17/2011,169.0,169.0,169.0,169.0,0.0,80.0,505.0,381.4
ALICL,10/18/2011,169.0,171.0,167.0,169.0,0.0,1210.0,505.0,381.4
ALICL,10/19/2011,169.0,171.0,168.0,169.0,0.0,1410.0,505.0,381.4
ALICL,10/20/2011,169.0,169.0,166.0,166.0,-1.78,600.0,505.0,381.4
ALICL,10/23/2011,166.0,166.0,162.0,165.0,-0.6,3220.0,505.0,381.4
ALICL,10/24/2011,165.0,170.0,168.0,170.0,3.03,380.0,505.0,381.4
ALICL,10/25/2011,170.0,170.0,168.0,168.0,-1.18,220.0,505.0,381.4
ALICL,10/30/2011,168.0,170.0,168.0,170.0,1.19,660.0,505.0,381.4
ALICL,10/31/2011,170.0,168.0,164.0,167.0,-1.76,960.0,505.0,381.4
ALICL,11/2/2011,167.0,176.0,170.0,176.0,5.39,220.0,505.0,381.4
ALICL,11/3/2011,176.0,175.0,167.0,167.0,-5.11,490.0,505.0,381.4
ALICL,11/6/2011,167.0,169.0,162.0,169.0,1.2,1510.0,505.0,381.4
ALICL,11/8/2011,169.0,168.0,167.0,168.0,-0.59,200.0,505.0,381.4
ALICL,11/9/2011,168.0,167.0,167.0,167.0,-0.6,330.0,505.0,381.4
ALICL,11/10/2011,167.0,167.0,165.0,167.0,0.0,570.0,505.0,381.4
ALICL,11/13/2011,167.0,167.0,165.0,165.0,-1.2,320.0,505.0,381.4
ALICL,11/14/2011,165.0,169.0,160.0,168.0,1.82,1020.0,505.0,381.4
ALICL,11/15/2011,168.0,167.0,166.0,166.0,-1.19,320.0,505.0,381.4
ALICL,11/16/2011,166.0,168.0,160.0,165.0,-0.6,1340.0,505.0,381.4
ALICL,11/17/2011,165.0,166.0,162.0,166.0,0.61,270.0,505.0,381.4
ALICL,11/20/2011,166.0,166.0,163.0,166.0,0.0,270.0,505.0,381.4
ALICL,11/21/2011,166.0,166.0,165.0,166.0,0.0,120.0,505.0,381.4
ALICL,11/22/2011,166.0,170.0,163.0,170.0,2.41,290.0,505.0,381.4
ALICL,11/23/2011,170.0,169.0,167.0,167.0,-1.76,330.0,505.0,381.4
ALICL,11/24/2011,167.0,168.0,165.0,168.0,0.6,430.0,505.0,381.4
ALICL,11/27/2011,168.0,176.0,170.0,174.0,3.57,1910.0,505.0,381.4
ALICL,11/28/2011,174.0,171.0,165.0,165.0,-5.17,140.0,505.0,381.4
ALICL,12/1/2011,169.0,169.0,167.0,167.0,1.21,370.0,505.0,381.4
ALICL,12/4/2011,167.0,167.0,164.0,165.0,-1.2,460.0,505.0,381.4
ALICL,12/5/2011,165.0,164.0,163.0,164.0,-0.61,250.0,505.0,381.4
ALICL,12/6/2011,164.0,167.0,164.0,167.0,1.83,60.0,505.0,381.4
ALICL,12/7/2011,167.0,168.0,158.0,165.0,-1.2,2940.0,505.0,381.4
ALICL,12/8/2011,165.0,167.0,163.0,167.0,1.21,300.0,505.0,381.4
ALICL,12/11/2011,167.0,172.0,169.0,170.0,1.8,550.0,505.0,381.4
ALICL,12/12/2011,170.0,168.0,167.0,168.0,-1.18,500.0,505.0,381.4
ALICL,12/13/2011,168.0,167.0,165.0,165.0,-1.79,80.0,505.0,381.4
ALICL,12/14/2011,165.0,167.0,166.0,167.0,1.21,640.0,505.0,381.4
ALICL,12/15/2011,167.0,171.0,168.0,170.0,1.8,490.0,505.0,381.4
ALICL,12/18/2011,170.0,170.0,162.0,165.0,-2.94,1230.0,505.0,381.4
ALICL,12/19/2011,165.0,160.0,157.0,160.0,-3.03,1150.0,505.0,381.4
ALICL,12/20/2011,160.0,168.0,163.0,168.0,5.0,490.0,505.0,381.4
ALICL,12/21/2011,168.0,175.0,166.0,175.0,4.17,1640.0,505.0,381.4
ALICL,12/27/2011,175.0,177.0,169.0,175.0,0.0,1250.0,505.0,381.4
ALICL,12/28/2011,175.0,174.0,168.0,168.0,-4.0,930.0,505.0,381.4
ALICL,1/1/2012,168.0,165.0,165.0,165.0,-1.79,50.0,505.0,381.4
ALICL,1/2/2012,165.0,175.0,168.0,173.0,4.85,1320.0,505.0,381.4
ALICL,1/3/2012,173.0,179.0,175.0,176.0,1.73,2370.0,505.0,381.4
ALICL,1/4/2012,176.0,179.0,170.0,170.0,-3.41,390.0,505.0,381.4
ALICL,1/8/2012,170.0,168.0,167.0,168.0,-1.18,160.0,505.0,381.4
ALICL,1/9/2012,168.0,171.0,168.0,171.0,1.79,200.0,505.0,381.4
ALICL,1/10/2012,170.0,169.0,169.0,169.0,-1.17,80.0,505.0,381.4
ALICL,1/11/2012,169.0,171.0,170.0,171.0,1.18,630.0,505.0,381.4
ALICL,1/12/2012,171.0,172.0,172.0,172.0,0.58,70.0,505.0,381.4
ALICL,1/16/2012,172.0,177.0,173.0,175.0,1.74,880.0,505.0,381.4
ALICL,1/17/2012,175.0,177.0,174.0,174.0,-0.57,410.0,505.0,381.4
ALICL,1/18/2012,174.0,173.0,173.0,173.0,-0.57,180.0,505.0,381.4
ALICL,1/19/2012,173.0,173.0,173.0,173.0,0.0,600.0,505.0,381.4
ALICL,1/22/2012,173.0,176.0,162.0,162.0,-6.36,4030.0,505.0,381.4
ALICL,1/23/2012,162.0,162.0,157.0,162.0,0.0,560.0,505.0,381.4
ALICL,1/25/2012,162.0,160.0,150.0,152.0,-6.17,2630.0,505.0,381.4
ALICL,1/26/2012,152.0,154.0,148.0,149.0,-1.97,1470.0,505.0,381.4
ALICL,1/29/2012,149.0,156.0,148.0,155.0,4.03,3020.0,505.0,381.4
ALICL,1/31/2012,155.0,152.0,145.0,148.0,-4.52,1180.0,505.0,381.4
ALICL,2/1/2012,148.0,148.0,146.0,148.0,0.0,50.0,505.0,381.4
ALICL,2/2/2012,148.0,150.0,148.0,150.0,1.35,250.0,505.0,381.4
ALICL,3/13/2012,150.0,164.0,150.0,160.0,6.67,890.0,505.0,381.4
ALICL,3/14/2012,160.0,164.0,162.0,164.0,2.5,140.0,505.0,381.4
ALICL,3/15/2012,164.0,163.0,158.0,158.0,-3.66,470.0,505.0,381.4
ALICL,3/18/2012,158.0,156.0,156.0,156.0,-1.27,110.0,505.0,381.4
ALICL,3/19/2012,156.0,157.0,155.0,155.0,-0.64,350.0,505.0,381.4
ALICL,3/20/2012,155.0,157.0,156.0,156.0,0.65,870.0,505.0,381.4
ALICL,3/21/2012,156.0,154.0,153.0,153.0,-1.92,400.0,505.0,381.4
ALICL,3/25/2012,153.0,153.0,148.0,153.0,0.0,1390.0,505.0,381.4
ALICL,3/26/2012,153.0,151.0,151.0,151.0,-1.31,30.0,505.0,381.4
ALICL,3/27/2012,151.0,153.0,150.0,150.0,-0.66,1200.0,505.0,381.4
ALICL,3/28/2012,150.0,150.0,149.0,149.0,-0.67,260.0,505.0,381.4
ALICL,3/29/2012,149.0,156.0,151.0,156.0,4.7,950.0,505.0,381.4
ALICL,4/1/2012,156.0,156.0,148.0,150.0,-3.85,1100.0,505.0,381.4
ALICL,4/2/2012,150.0,156.0,148.0,154.0,2.67,770.0,505.0,381.4
ALICL,4/3/2012,154.0,155.0,149.0,155.0,0.65,110.0,505.0,381.4
ALICL,4/4/2012,155.0,155.0,153.0,155.0,0.0,220.0,505.0,381.4
ALICL,4/5/2012,155.0,158.0,150.0,156.0,0.65,1090.0,505.0,381.4
ALICL,4/8/2012,156.0,156.0,150.0,156.0,0.0,690.0,505.0,381.4
ALICL,4/9/2012,156.0,160.0,151.0,160.0,2.56,560.0,505.0,381.4
ALICL,4/10/2012,160.0,161.0,155.0,160.0,0.0,2830.0,505.0,381.4
ALICL,4/11/2012,160.0,172.0,160.0,172.0,7.5,110.0,505.0,381.4
ALICL,4/12/2012,172.0,175.0,164.0,175.0,1.74,2240.0,505.0,381.4
ALICL,4/15/2012,175.0,177.0,177.0,177.0,1.14,160.0,505.0,381.4
ALICL,4/17/2012,177.0,180.0,180.0,180.0,1.69,200.0,505.0,381.4
ALICL,4/18/2012,180.0,189.0,174.0,186.0,3.33,2070.0,505.0,381.4
ALICL,4/19/2012,186.0,196.0,189.0,191.0,2.69,880.0,505.0,381.4
ALICL,4/22/2012,191.0,197.0,191.0,191.0,0.0,1120.0,505.0,381.4
ALICL,4/25/2012,191.0,208.0,194.0,208.0,8.9,50.0,505.0,381.4
ALICL,4/26/2012,208.0,228.0,208.0,228.0,9.62,3400.0,505.0,381.4
ALICL,4/29/2012,228.0,242.0,230.0,234.0,2.63,1150.0,505.0,381.4
ALICL,4/30/2012,234.0,230.0,226.0,226.0,-3.42,350.0,505.0,381.4
ALICL,5/3/2012,226.0,234.0,230.0,234.0,3.54,4190.0,505.0,381.4
ALICL,5/7/2012,234.0,242.0,234.0,242.0,3.42,6780.0,505.0,381.4
ALICL,5/8/2012,242.0,246.0,242.0,242.0,0.0,6490.0,505.0,381.4
ALICL,5/9/2012,242.0,240.0,220.0,220.0,-9.09,4210.0,505.0,381.4
ALICL,5/10/2012,220.0,221.0,212.0,213.0,-3.18,2670.0,505.0,381.4
ALICL,5/13/2012,213.0,209.0,193.0,201.0,-5.63,2810.0,505.0,381.4
ALICL,5/14/2012,201.0,197.0,185.0,185.0,-7.96,770.0,505.0,381.4
ALICL,5/15/2012,185.0,194.0,188.0,194.0,4.86,170.0,505.0,381.4
ALICL,5/17/2012,194.0,208.0,197.0,206.0,6.19,1620.0,505.0,381.4
ALICL,5/20/2012,206.0,210.0,205.0,205.0,-0.49,830.0,505.0,381.4
ALICL,5/21/2012,205.0,224.0,208.0,224.0,9.27,410.0,505.0,381.4
ALICL,5/22/2012,224.0,219.0,207.0,211.0,-5.8,310.0,505.0,381.4
ALICL,5/23/2012,211.0,207.0,203.0,203.0,-3.79,70.0,505.0,381.4
ALICL,5/24/2012,203.0,213.0,198.0,213.0,4.93,590.0,505.0,381.4
ALICL,5/27/2012,213.0,226.0,209.0,226.0,6.1,440.0,505.0,381.4
ALICL,6/5/2012,226.0,222.0,199.0,199.0,-11.95,800.0,505.0,381.4
ALICL,6/6/2012,199.0,196.0,184.0,184.0,-7.54,4500.0,505.0,381.4
ALICL,6/7/2012,184.0,202.0,184.0,202.0,9.78,3670.0,505.0,381.4
ALICL,6/10/2012,202.0,222.0,206.0,211.0,4.46,11940.0,505.0,381.4
ALICL,6/11/2012,211.0,223.0,210.0,213.0,0.95,6260.0,505.0,381.4
ALICL,6/12/2012,213.0,217.0,206.0,212.0,-0.47,2350.0,505.0,381.4
ALICL,6/13/2012,212.0,213.0,206.0,209.0,-1.42,4500.0,505.0,381.4
ALICL,6/14/2012,209.0,213.0,208.0,211.0,0.96,5000.0,505.0,381.4
ALICL,6/17/2012,211.0,213.0,202.0,203.0,-3.79,13050.0,505.0,381.4
ALICL,6/18/2012,203.0,208.0,198.0,202.0,-0.49,6270.0,505.0,381.4
ALICL,6/19/2012,202.0,209.0,200.0,206.0,1.98,5010.0,505.0,381.4
ALICL,6/21/2012,206.0,202.0,202.0,202.0,-1.94,90.0,505.0,381.4
ALICL,7/2/2012,202.0,156.0,156.0,156.0,-22.77,100.0,505.0,381.4
ALICL,7/4/2012,156.0,171.0,159.0,171.0,9.62,990.0,505.0,381.4
ALICL,7/5/2012,171.0,173.0,168.0,170.0,-0.58,380.0,505.0,381.4
ALICL,7/9/2012,170.0,172.0,161.0,161.0,-5.29,300.0,505.0,381.4
ALICL,7/10/2012,161.0,159.0,156.0,156.0,-3.11,370.0,505.0,381.4
ALICL,7/11/2012,156.0,171.0,159.0,171.0,9.62,1560.0,505.0,381.4
ALICL,7/12/2012,171.0,180.0,174.0,177.0,3.51,140.0,505.0,381.4
ALICL,7/15/2012,177.0,192.0,180.0,189.0,6.78,730.0,505.0,381.4
ALICL,7/16/2012,189.0,186.0,183.0,183.0,-3.17,50.0,505.0,381.4
ALICL,7/19/2012,183.0,186.0,173.0,186.0,1.64,1470.0,505.0,381.4
ALICL,7/22/2012,186.0,199.0,189.0,194.0,4.3,820.0,505.0,381.4
ALICL,7/23/2012,194.0,198.0,195.0,195.0,0.52,320.0,505.0,381.4
ALICL,7/24/2012,195.0,192.0,187.0,189.0,-3.08,1290.0,505.0,381.4
ALICL,7/25/2012,189.0,186.0,183.0,186.0,-1.59,380.0,505.0,381.4
ALICL,7/26/2012,186.0,186.0,183.0,185.0,-0.54,610.0,505.0,381.4
ALICL,7/29/2012,185.0,191.0,184.0,185.0,0.0,2110.0,505.0,381.4
ALICL,7/30/2012,185.0,185.0,185.0,185.0,0.0,50.0,505.0,381.4
ALICL,7/31/2012,185.0,191.0,188.0,191.0,3.24,20.0,505.0,381.4
ALICL,8/1/2012,191.0,192.0,190.0,192.0,0.52,380.0,505.0,381.4
ALICL,8/5/2012,192.0,195.0,186.0,195.0,1.56,750.0,505.0,381.4
ALICL,8/6/2012,195.0,195.0,187.0,190.0,-2.56,1900.0,505.0,381.4
ALICL,8/7/2012,190.0,190.0,187.0,187.0,-1.58,840.0,505.0,381.4
ALICL,8/8/2012,187.0,188.0,187.0,187.0,0.0,340.0,505.0,381.4
ALICL,8/12/2012,187.0,187.0,184.0,185.0,-1.07,2400.0,505.0,381.4
ALICL,8/13/2012,185.0,182.0,176.0,176.0,-4.86,640.0,505.0,381.4
ALICL,8/14/2012,176.0,173.0,170.0,170.0,-3.41,1400.0,505.0,381.4
ALICL,8/15/2012,170.0,170.0,167.0,170.0,0.0,160.0,505.0,381.4
ALICL,8/16/2012,170.0,170.0,167.0,167.0,-1.76,370.0,505.0,381.4
ALICL,8/21/2012,167.0,167.0,161.0,161.0,-3.59,580.0,505.0,381.4
ALICL,8/22/2012,161.0,163.0,163.0,163.0,1.24,90.0,505.0,381.4
ALICL,8/23/2012,163.0,172.0,166.0,172.0,5.52,320.0,505.0,381.4
ALICL,8/28/2012,172.0,189.0,175.0,189.0,9.88,150.0,505.0,381.4
ALICL,8/29/2012,189.0,207.0,192.0,199.0,5.29,10460.0,505.0,381.4
ALICL,8/30/2012,199.0,208.0,196.0,204.0,2.51,1670.0,505.0,381.4
ALICL,9/2/2012,204.0,212.0,203.0,212.0,3.92,1980.0,505.0,381.4
ALICL,9/3/2012,212.0,212.0,203.0,203.0,-4.25,1860.0,505.0,381.4
ALICL,9/4/2012,203.0,218.0,203.0,213.0,4.93,3240.0,505.0,381.4
ALICL,9/5/2012,213.0,220.0,210.0,218.0,2.35,10960.0,505.0,381.4
ALICL,9/6/2012,218.0,234.0,222.0,234.0,7.34,4420.0,505.0,381.4
ALICL,9/9/2012,234.0,248.0,236.0,242.0,3.42,12610.0,505.0,381.4
ALICL,9/10/2012,242.0,246.0,236.0,240.0,-0.83,1560.0,505.0,381.4
ALICL,9/11/2012,240.0,236.0,232.0,233.0,-2.92,1000.0,505.0,381.4
ALICL,9/12/2012,233.0,236.0,229.0,229.0,-1.72,540.0,505.0,381.4
ALICL,9/13/2012,229.0,240.0,233.0,240.0,4.8,3953.0,505.0,381.4
ALICL,9/16/2012,240.0,242.0,239.0,239.0,-0.42,2613.0,505.0,381.4
ALICL,9/17/2012,239.0,245.0,240.0,245.0,2.51,4830.0,505.0,381.4
ALICL,9/18/2012,245.0,252.0,240.0,247.0,0.82,15380.0,505.0,381.4
ALICL,9/19/2012,247.0,243.0,239.0,240.0,-2.83,7700.0,505.0,381.4
ALICL,9/20/2012,240.0,244.0,236.0,244.0,1.67,1110.0,505.0,381.4
ALICL,9/23/2012,244.0,240.0,225.0,235.0,-3.69,3060.0,505.0,381.4
ALICL,9/24/2012,235.0,237.0,229.0,232.0,-1.28,3700.0,505.0,381.4
ALICL,9/25/2012,232.0,236.0,228.0,235.0,1.29,664.0,505.0,381.4
ALICL,9/26/2012,235.0,242.0,231.0,242.0,2.98,6280.0,505.0,381.4
ALICL,9/30/2012,240.0,244.0,240.0,240.0,-0.83,3410.0,505.0,381.4
ALICL,10/1/2012,240.0,243.0,239.0,243.0,1.25,850.0,505.0,381.4
ALICL,10/2/2012,243.0,247.0,241.0,246.0,1.23,5940.0,505.0,381.4
ALICL,10/3/2012,246.0,248.0,245.0,247.0,0.41,4924.0,505.0,381.4
ALICL,10/4/2012,247.0,256.0,246.0,256.0,3.64,8500.0,505.0,381.4
ALICL,10/7/2012,256.0,269.0,251.0,262.0,2.34,13404.0,505.0,381.4
ALICL,10/8/2012,262.0,257.0,252.0,257.0,-1.91,3177.0,505.0,381.4
ALICL,10/9/2012,257.0,255.0,248.0,250.0,-2.72,2501.0,505.0,381.4
ALICL,10/10/2012,250.0,252.0,250.0,251.0,0.4,565.0,505.0,381.4
ALICL,10/11/2012,251.0,255.0,249.0,250.0,-0.4,1966.0,505.0,381.4
ALICL,10/14/2012,250.0,255.0,247.0,250.0,0.0,3475.0,505.0,381.4
ALICL,10/15/2012,250.0,255.0,247.0,247.0,-1.2,304.0,505.0,381.4
ALICL,10/17/2012,247.0,250.0,246.0,250.0,1.21,1797.0,505.0,381.4
ALICL,10/18/2012,250.0,254.0,248.0,252.0,0.8,10701.0,505.0,381.4
ALICL,10/30/2012,252.0,258.0,252.0,258.0,2.38,1245.0,505.0,381.4
ALICL,10/31/2012,258.0,253.0,250.0,251.0,-2.71,1187.0,505.0,381.4
ALICL,11/1/2012,251.0,250.0,247.0,248.0,-1.2,1013.0,505.0,381.4
ALICL,11/4/2012,248.0,248.0,245.0,245.0,-1.21,7258.0,505.0,381.4
ALICL,11/5/2012,245.0,255.0,246.0,247.0,0.82,985.0,505.0,381.4
ALICL,11/6/2012,247.0,251.0,247.0,247.0,0.0,1723.0,505.0,381.4
ALICL,11/7/2012,247.0,251.0,245.0,251.0,1.62,1615.0,505.0,381.4
ALICL,11/8/2012,251.0,255.0,248.0,251.0,0.0,2029.0,505.0,381.4
ALICL,11/11/2012,251.0,252.0,243.0,243.0,-3.19,356.0,505.0,381.4
ALICL,11/12/2012,243.0,244.0,237.0,240.0,-1.23,368.0,505.0,381.4
ALICL,11/18/2012,240.0,246.0,240.0,240.0,0.0,412.0,505.0,381.4
ALICL,11/20/2012,240.0,242.0,241.0,242.0,0.83,1835.0,505.0,381.4
ALICL,11/21/2012,242.0,257.0,240.0,252.0,4.13,2366.0,505.0,381.4
ALICL,11/22/2012,252.0,250.0,244.0,250.0,-0.79,1833.0,505.0,381.4
ALICL,11/25/2012,250.0,255.0,250.0,250.0,0.0,993.0,505.0,381.4
ALICL,11/26/2012,250.0,251.0,245.0,249.0,-0.4,596.0,505.0,381.4
ALICL,11/27/2012,249.0,245.0,245.0,245.0,-1.61,544.0,505.0,381.4
ALICL,11/28/2012,245.0,245.0,237.0,237.0,-3.27,179.0,505.0,381.4
ALICL,11/29/2012,237.0,252.0,240.0,242.0,2.11,1641.0,505.0,381.4
ALICL,12/2/2012,242.0,238.0,238.0,238.0,-1.65,486.0,505.0,381.4
ALICL,12/3/2012,238.0,234.0,226.0,226.0,-5.04,195.0,505.0,381.4
ALICL,12/4/2012,226.0,238.0,230.0,238.0,5.31,3111.0,505.0,381.4
ALICL,12/5/2012,238.0,246.0,237.0,237.0,-0.42,496.0,505.0,381.4
ALICL,12/6/2012,237.0,234.0,230.0,233.0,-1.69,1521.0,505.0,381.4
ALICL,12/9/2012,233.0,229.0,225.0,228.0,-2.15,714.0,505.0,381.4
ALICL,12/10/2012,228.0,248.0,227.0,248.0,8.77,650.0,505.0,381.4
ALICL,12/11/2012,248.0,248.0,240.0,240.0,-3.23,288.0,505.0,381.4
ALICL,12/12/2012,240.0,242.0,236.0,236.0,-1.67,1718.0,505.0,381.4
ALICL,12/13/2012,236.0,239.0,239.0,239.0,1.27,13.0,505.0,381.4
ALICL,12/16/2012,239.0,243.0,243.0,243.0,1.67,70.0,505.0,381.4
ALICL,12/17/2012,243.0,239.0,225.0,237.0,-2.47,11624.0,505.0,381.4
ALICL,12/18/2012,237.0,235.0,233.0,233.0,-1.69,102.0,505.0,381.4
ALICL,12/19/2012,233.0,235.0,229.0,229.0,-1.72,1090.0,505.0,381.4
ALICL,12/20/2012,229.0,232.0,228.0,229.0,0.0,3903.0,505.0,381.4
ALICL,12/23/2012,229.0,228.0,223.0,227.0,-0.87,1490.0,505.0,381.4
ALICL,12/24/2012,227.0,234.0,227.0,228.0,0.44,921.0,505.0,381.4
ALICL,12/26/2012,228.0,232.0,231.0,232.0,1.75,3061.0,505.0,381.4
ALICL,12/27/2012,232.0,232.0,225.0,230.0,-0.86,218.0,505.0,381.4
ALICL,12/31/2012,230.0,231.0,227.0,231.0,0.43,194.0,505.0,381.4
ALICL,1/1/2013,231.0,239.0,234.0,239.0,3.46,51.0,505.0,381.4
ALICL,1/2/2013,239.0,235.0,235.0,235.0,-1.67,377.0,505.0,381.4
ALICL,1/3/2013,235.0,231.0,231.0,231.0,-1.7,64.0,505.0,381.4
ALICL,1/6/2013,231.0,234.0,230.0,233.0,0.87,141.0,505.0,381.4
ALICL,1/7/2013,233.0,239.0,228.0,232.0,-0.43,5191.0,505.0,381.4
ALICL,1/8/2013,232.0,228.0,228.0,228.0,-1.72,20.0,505.0,381.4
ALICL,1/9/2013,228.0,239.0,231.0,239.0,4.82,865.0,505.0,381.4
ALICL,1/10/2013,239.0,251.0,239.0,250.0,4.6,2336.0,505.0,381.4
ALICL,1/13/2013,250.0,255.0,237.0,255.0,2.0,2337.0,505.0,381.4
ALICL,1/15/2013,255.0,250.0,236.0,240.0,-5.88,2154.0,505.0,381.4
ALICL,1/16/2013,240.0,239.0,232.0,232.0,-3.33,1601.0,505.0,381.4
ALICL,1/17/2013,232.0,234.0,224.0,224.0,-3.45,6612.0,505.0,381.4
ALICL,1/30/2013,224.0,204.0,200.0,204.0,-8.93,757.0,505.0,381.4
ALICL,1/31/2013,204.0,208.0,204.0,204.0,0.0,91.0,505.0,381.4
ALICL,2/3/2013,204.0,205.0,205.0,205.0,0.49,50.0,505.0,381.4
ALICL,2/4/2013,205.0,212.0,205.0,212.0,3.41,319.0,505.0,381.4
ALICL,2/5/2013,212.0,210.0,206.0,207.0,-2.36,329.0,505.0,381.4
ALICL,2/6/2013,207.0,211.0,211.0,211.0,1.93,90.0,505.0,381.4
ALICL,2/12/2013,211.0,207.0,207.0,207.0,-1.9,260.0,505.0,381.4
ALICL,2/13/2013,207.0,211.0,211.0,211.0,1.93,162.0,505.0,381.4
ALICL,2/14/2013,211.0,227.0,214.0,227.0,7.58,891.0,505.0,381.4
ALICL,2/19/2013,227.0,231.0,226.0,231.0,1.76,552.0,505.0,381.4
ALICL,2/20/2013,231.0,230.0,229.0,229.0,-0.87,1320.0,505.0,381.4
ALICL,2/21/2013,229.0,231.0,229.0,230.0,0.44,418.0,505.0,381.4
ALICL,2/24/2013,230.0,228.0,223.0,223.0,-3.04,167.0,505.0,381.4
ALICL,2/25/2013,223.0,227.0,226.0,226.0,1.35,229.0,505.0,381.4
ALICL,2/26/2013,226.0,234.0,230.0,234.0,3.54,204.0,505.0,381.4
ALICL,2/27/2013,234.0,240.0,228.0,228.0,-2.56,1672.0,505.0,381.4
ALICL,3/3/2013,228.0,234.0,230.0,230.0,0.88,145.0,505.0,381.4
ALICL,3/4/2013,230.0,226.0,223.0,224.0,-2.61,272.0,505.0,381.4
ALICL,3/6/2013,224.0,225.0,222.0,222.0,-0.89,2780.0,505.0,381.4
ALICL,3/7/2013,222.0,226.0,223.0,226.0,1.8,296.0,505.0,381.4
ALICL,3/13/2013,226.0,228.0,228.0,228.0,0.88,106.0,505.0,381.4
ALICL,3/17/2013,228.0,224.0,220.0,221.0,-3.07,522.0,505.0,381.4
ALICL,3/18/2013,221.0,220.0,220.0,220.0,-0.45,144.0,505.0,381.4
ALICL,3/19/2013,220.0,224.0,221.0,221.0,0.45,3352.0,505.0,381.4
ALICL,3/21/2013,221.0,217.0,213.0,213.0,-3.62,2152.0,505.0,381.4
ALICL,3/24/2013,213.0,213.0,203.0,203.0,-4.69,500.0,505.0,381.4
ALICL,3/25/2013,203.0,207.0,201.0,207.0,1.97,708.0,505.0,381.4
ALICL,3/27/2013,207.0,209.0,200.0,208.0,0.48,238.0,505.0,381.4
ALICL,3/28/2013,208.0,210.0,208.0,210.0,0.96,244.0,505.0,381.4
ALICL,3/31/2013,210.0,210.0,208.0,208.0,-0.95,111.0,505.0,381.4
ALICL,4/2/2013,208.0,215.0,211.0,215.0,3.37,70.0,505.0,381.4
ALICL,4/3/2013,215.0,227.0,219.0,223.0,3.72,3549.0,505.0,381.4
ALICL,4/4/2013,223.0,220.0,220.0,220.0,-1.35,235.0,505.0,381.4
ALICL,4/7/2013,220.0,220.0,220.0,220.0,0.0,122.0,505.0,381.4
ALICL,4/8/2013,220.0,222.0,219.0,219.0,-0.45,218.0,505.0,381.4
ALICL,4/9/2013,219.0,223.0,216.0,223.0,1.83,103.0,505.0,381.4
ALICL,4/11/2013,223.0,235.0,226.0,230.0,3.14,464.0,505.0,381.4
ALICL,4/15/2013,230.0,232.0,232.0,232.0,0.87,512.0,505.0,381.4
ALICL,4/16/2013,232.0,230.0,220.0,222.0,-4.31,740.0,505.0,381.4
ALICL,4/17/2013,222.0,226.0,222.0,224.0,0.9,229.0,505.0,381.4
ALICL,4/21/2013,224.0,221.0,220.0,221.0,-1.34,173.0,505.0,381.4
ALICL,4/23/2013,221.0,221.0,213.0,221.0,0.0,258.0,505.0,381.4
ALICL,4/25/2013,221.0,221.0,217.0,221.0,0.0,158.0,505.0,381.4
ALICL,4/28/2013,221.0,225.0,225.0,225.0,1.81,13.0,505.0,381.4
ALICL,4/29/2013,225.0,223.0,219.0,219.0,-2.67,62.0,505.0,381.4
ALICL,4/30/2013,219.0,237.0,229.0,237.0,8.22,30.0,505.0,381.4
ALICL,5/2/2013,237.0,233.0,229.0,229.0,-3.38,36.0,505.0,381.4
ALICL,5/5/2013,229.0,225.0,211.0,215.0,-6.11,2012.0,505.0,381.4
ALICL,5/6/2013,215.0,213.0,210.0,210.0,-2.33,345.0,505.0,381.4
ALICL,5/7/2013,210.0,218.0,214.0,215.0,2.38,431.0,505.0,381.4
ALICL,5/8/2013,215.0,224.0,216.0,216.0,0.47,3382.0,505.0,381.4
ALICL,5/9/2013,216.0,220.0,216.0,220.0,1.85,2539.0,505.0,381.4
ALICL,5/12/2013,220.0,218.0,212.0,212.0,-3.64,1017.0,505.0,381.4
ALICL,5/14/2013,212.0,223.0,213.0,215.0,1.42,758.0,505.0,381.4
ALICL,5/15/2013,215.0,226.0,217.0,226.0,5.12,1107.0,505.0,381.4
ALICL,5/16/2013,226.0,222.0,218.0,220.0,-2.65,13223.0,505.0,381.4
ALICL,5/19/2013,220.0,222.0,218.0,222.0,0.91,1113.0,505.0,381.4
ALICL,5/20/2013,222.0,218.0,210.0,211.0,-4.95,384.0,505.0,381.4
ALICL,5/21/2013,211.0,221.0,211.0,221.0,4.74,1894.0,505.0,381.4
ALICL,5/22/2013,221.0,224.0,219.0,219.0,-0.9,426.0,505.0,381.4
ALICL,5/23/2013,219.0,222.0,217.0,222.0,1.37,1173.0,505.0,381.4
ALICL,5/26/2013,222.0,230.0,219.0,228.0,2.7,1669.0,505.0,381.4
ALICL,5/27/2013,228.0,231.0,224.0,227.0,-0.44,4271.0,505.0,381.4
ALICL,5/28/2013,227.0,238.0,230.0,238.0,4.85,5636.0,505.0,381.4
ALICL,5/30/2013,238.0,252.0,242.0,251.0,5.46,6002.0,505.0,381.4
ALICL,6/2/2013,251.0,262.0,246.0,254.0,1.2,22960.0,505.0,381.4
ALICL,6/3/2013,254.0,259.0,250.0,251.0,-1.18,6971.0,505.0,381.4
ALICL,6/4/2013,251.0,252.0,249.0,252.0,0.4,1862.0,505.0,381.4
ALICL,6/5/2013,252.0,250.0,249.0,250.0,-0.79,2360.0,505.0,381.4
ALICL,6/6/2013,250.0,250.0,248.0,248.0,-0.8,600.0,505.0,381.4
ALICL,6/9/2013,248.0,252.0,248.0,248.0,0.0,236.0,505.0,381.4
ALICL,6/10/2013,248.0,246.0,243.0,243.0,-2.02,1966.0,505.0,381.4
ALICL,6/11/2013,243.0,240.0,236.0,236.0,-2.88,168.0,505.0,381.4
ALICL,6/12/2013,236.0,237.0,236.0,236.0,0.0,205.0,505.0,381.4
ALICL,6/13/2013,236.0,236.0,233.0,236.0,0.0,1448.0,505.0,381.4
ALICL,6/16/2013,236.0,246.0,238.0,243.0,2.97,1018.0,505.0,381.4
ALICL,6/17/2013,243.0,239.0,239.0,239.0,-1.65,141.0,505.0,381.4
ALICL,6/18/2013,239.0,238.0,235.0,238.0,-0.42,2483.0,505.0,381.4
ALICL,6/19/2013,238.0,235.0,222.0,235.0,-1.26,688.0,505.0,381.4
ALICL,6/20/2013,235.0,235.0,223.0,232.0,-1.28,3094.0,505.0,381.4
ALICL,6/23/2013,232.0,239.0,231.0,232.0,0.0,4127.0,505.0,381.4
ALICL,6/24/2013,232.0,233.0,228.0,232.0,0.0,2258.0,505.0,381.4
ALICL,6/25/2013,232.0,240.0,234.0,240.0,3.45,2572.0,505.0,381.4
ALICL,6/26/2013,240.0,242.0,234.0,235.0,-2.08,1255.0,505.0,381.4
ALICL,6/27/2013,235.0,233.0,228.0,231.0,-1.7,2432.0,505.0,381.4
ALICL,6/30/2013,231.0,232.0,225.0,231.0,0.0,1734.0,505.0,381.4
ALICL,7/1/2013,231.0,235.0,228.0,230.0,-0.43,1701.0,505.0,381.4
ALICL,7/2/2013,230.0,232.0,229.0,230.0,0.0,3478.0,505.0,381.4
ALICL,7/3/2013,230.0,234.0,228.0,230.0,0.0,1982.0,505.0,381.4
ALICL,7/4/2013,230.0,232.0,228.0,229.0,-0.43,982.0,505.0,381.4
ALICL,7/7/2013,229.0,235.0,231.0,235.0,2.62,2488.0,505.0,381.4
ALICL,7/8/2013,235.0,242.0,237.0,237.0,0.85,2315.0,505.0,381.4
ALICL,7/9/2013,237.0,249.0,237.0,241.0,1.69,1043.0,505.0,381.4
ALICL,7/10/2013,241.0,244.0,240.0,244.0,1.24,16029.0,505.0,381.4
ALICL,7/11/2013,244.0,244.0,240.0,244.0,0.0,5139.0,505.0,381.4
ALICL,7/14/2013,244.0,247.0,241.0,241.0,-1.23,31227.0,505.0,381.4
ALICL,7/15/2013,241.0,250.0,243.0,248.0,2.9,1315.0,505.0,381.4
ALICL,7/16/2013,248.0,251.0,245.0,247.0,-0.4,39704.0,505.0,381.4
ALICL,7/17/2013,247.0,250.0,245.0,245.0,-0.81,956.0,505.0,381.4
ALICL,7/18/2013,245.0,249.0,242.0,248.0,1.22,1657.0,505.0,381.4
ALICL,7/21/2013,248.0,254.0,249.0,249.0,0.4,958.0,505.0,381.4
ALICL,7/22/2013,249.0,253.0,247.0,248.0,-0.4,989.0,505.0,381.4
ALICL,7/23/2013,248.0,253.0,248.0,252.0,1.61,1667.0,505.0,381.4
ALICL,7/24/2013,252.0,255.0,251.0,251.0,-0.4,4927.0,505.0,381.4
ALICL,7/25/2013,251.0,252.0,248.0,252.0,0.4,1035.0,505.0,381.4
ALICL,7/28/2013,252.0,277.0,252.0,277.0,9.92,5143.0,505.0,381.4
ALICL,7/29/2013,277.0,289.0,280.0,289.0,4.33,13127.0,505.0,381.4
ALICL,7/30/2013,289.0,293.0,285.0,293.0,1.38,7956.0,505.0,381.4
ALICL,7/31/2013,293.0,298.0,285.0,285.0,-2.73,7452.0,505.0,381.4
ALICL,8/1/2013,285.0,291.0,280.0,285.0,0.0,5074.0,505.0,381.4
ALICL,8/4/2013,285.0,287.0,280.0,285.0,0.0,2467.0,505.0,381.4
ALICL,8/5/2013,285.0,285.0,270.0,274.0,-3.86,3904.0,505.0,381.4
ALICL,8/6/2013,274.0,272.0,260.0,272.0,-0.73,2062.0,505.0,381.4
ALICL,8/7/2013,272.0,295.0,277.0,295.0,8.46,3675.0,505.0,381.4
ALICL,8/8/2013,295.0,303.0,291.0,301.0,2.03,8664.0,505.0,381.4
ALICL,8/11/2013,301.0,313.0,305.0,313.0,3.99,5320.0,505.0,381.4
ALICL,8/12/2013,313.0,336.0,315.0,336.0,7.35,10195.0,505.0,381.4
ALICL,8/13/2013,336.0,355.0,340.0,350.0,4.17,16660.0,505.0,381.4
ALICL,8/14/2013,350.0,357.0,344.0,345.0,-1.43,13839.0,505.0,381.4
ALICL,8/15/2013,345.0,348.0,330.0,340.0,-1.45,15582.0,505.0,381.4
ALICL,8/18/2013,340.0,367.0,346.0,360.0,5.88,7153.0,505.0,381.4
ALICL,8/19/2013,360.0,365.0,341.0,354.0,-1.67,18526.0,505.0,381.4
ALICL,8/20/2013,354.0,370.0,350.0,368.0,3.95,40242.0,505.0,381.4
ALICL,8/25/2013,368.0,383.0,370.0,378.0,2.72,17837.0,505.0,381.4
ALICL,8/26/2013,378.0,390.0,378.0,390.0,3.17,9876.0,505.0,381.4
ALICL,8/27/2013,390.0,398.0,383.0,398.0,2.05,7307.0,505.0,381.4
ALICL,8/29/2013,398.0,405.0,377.0,385.0,-3.27,7451.0,505.0,381.4
ALICL,9/1/2013,385.0,388.0,375.0,381.0,-1.04,7411.0,505.0,381.4
ALICL,9/2/2013,381.0,385.0,379.0,385.0,1.05,5419.0,505.0,381.4
ALICL,9/3/2013,385.0,383.0,378.0,383.0,-0.52,8567.0,505.0,381.4
ALICL,9/4/2013,383.0,383.0,380.0,380.0,-0.78,2424.0,505.0,381.4
ALICL,9/5/2013,380.0,382.0,375.0,380.0,0.0,2607.0,505.0,381.4
ALICL,9/8/2013,380.0,385.0,381.0,381.0,0.26,1415.0,505.0,381.4
ALICL,9/9/2013,381.0,397.0,383.0,394.0,3.41,5863.0,505.0,381.4
ALICL,9/10/2013,394.0,400.0,392.0,399.0,1.27,4282.0,505.0,381.4
ALICL,9/11/2013,399.0,405.0,395.0,402.0,0.75,11218.0,505.0,381.4
ALICL,9/12/2013,402.0,406.0,400.0,405.0,0.75,3047.0,505.0,381.4
ALICL,9/15/2013,405.0,423.0,400.0,416.0,2.72,5344.0,505.0,381.4
ALICL,9/16/2013,416.0,423.0,408.0,421.0,1.2,3510.0,505.0,381.4
ALICL,9/17/2013,421.0,455.0,421.0,455.0,8.08,5040.0,505.0,381.4
ALICL,9/19/2013,455.0,456.0,440.0,450.0,-1.1,4262.0,505.0,381.4
ALICL,9/22/2013,450.0,444.0,425.0,425.0,-5.56,8390.0,505.0,381.4
ALICL,9/23/2013,425.0,425.0,400.0,425.0,0.0,6755.0,505.0,381.4
ALICL,9/24/2013,425.0,432.0,417.0,425.0,0.0,2102.0,505.0,381.4
ALICL,9/25/2013,425.0,424.0,415.0,415.0,-2.35,3097.0,505.0,381.4
ALICL,9/26/2013,415.0,416.0,410.0,412.0,-0.72,5292.0,505.0,381.4
ALICL,9/29/2013,412.0,425.0,415.0,422.0,2.43,943.0,505.0,381.4
ALICL,9/30/2013,422.0,422.0,410.0,412.0,-2.37,5687.0,505.0,381.4
ALICL,10/1/2013,412.0,415.0,405.0,412.0,0.0,3785.0,505.0,381.4
ALICL,10/2/2013,412.0,421.0,408.0,421.0,2.18,3136.0,505.0,381.4
ALICL,10/3/2013,421.0,445.0,418.0,445.0,5.7,3717.0,505.0,381.4
ALICL,10/6/2013,445.0,445.0,430.0,430.0,-3.37,3630.0,505.0,381.4
ALICL,10/7/2013,430.0,435.0,425.0,428.0,-0.47,1706.0,505.0,381.4
ALICL,10/8/2013,428.0,438.0,430.0,438.0,2.34,1171.0,505.0,381.4
ALICL,10/9/2013,438.0,440.0,425.0,425.0,-2.97,2383.0,505.0,381.4
ALICL,10/10/2013,425.0,441.0,425.0,435.0,2.35,5223.0,505.0,381.4
ALICL,10/20/2013,435.0,450.0,441.0,441.0,1.38,1596.0,505.0,381.4
ALICL,10/21/2013,441.0,450.0,436.0,436.0,-1.13,1338.0,505.0,381.4
ALICL,10/22/2013,436.0,440.0,435.0,440.0,0.92,3058.0,505.0,381.4
ALICL,10/23/2013,440.0,447.0,435.0,443.0,0.68,3092.0,505.0,381.4
ALICL,10/24/2013,443.0,436.0,429.0,429.0,-3.16,6331.0,505.0,381.4
ALICL,10/27/2013,429.0,430.0,422.0,423.0,-1.4,2426.0,505.0,381.4
ALICL,10/28/2013,423.0,425.0,425.0,425.0,0.47,570.0,505.0,381.4
ALICL,10/29/2013,425.0,428.0,423.0,423.0,-0.47,330.0,505.0,381.4
ALICL,10/30/2013,424.0,425.0,417.0,420.0,-0.71,1874.0,505.0,381.4
ALICL,10/31/2013,420.0,425.0,422.0,424.0,0.95,599.0,505.0,381.4
ALICL,11/6/2013,424.0,424.0,416.0,424.0,0.0,740.0,505.0,381.4
ALICL,11/7/2013,424.0,421.0,418.0,419.0,-1.18,5143.0,505.0,381.4
ALICL,11/11/2013,422.0,440.0,425.0,440.0,5.01,3187.0,505.0,381.4
ALICL,11/12/2013,440.0,459.0,440.0,455.0,3.41,4989.0,505.0,381.4
ALICL,11/13/2013,455.0,465.0,456.0,463.0,1.76,9940.0,505.0,381.4
ALICL,11/14/2013,462.0,479.0,460.0,475.0,2.59,18280.0,505.0,381.4
ALICL,11/21/2013,475.0,484.0,484.0,484.0,1.89,20.0,505.0,381.4
ALICL,11/24/2013,484.0,532.0,493.0,532.0,9.92,2550.0,505.0,381.4
ALICL,11/25/2013,532.0,585.0,542.0,581.0,9.21,10146.0,505.0,381.4
ALICL,11/26/2013,581.0,639.0,592.0,639.0,9.98,25071.0,505.0,381.4
ALICL,11/27/2013,639.0,668.0,615.0,655.0,2.5,19591.0,505.0,381.4
ALICL,11/28/2013,655.0,659.0,635.0,659.0,0.61,12311.0,505.0,381.4
ALICL,12/1/2013,659.0,673.0,639.0,663.0,0.61,15192.0,505.0,381.4
ALICL,12/2/2013,663.0,717.0,655.0,706.0,6.49,5666.0,505.0,381.4
ALICL,12/3/2013,706.0,748.0,705.0,737.0,4.39,25658.0,505.0,381.4
ALICL,12/4/2013,737.0,810.0,737.0,797.0,8.14,15386.0,505.0,381.4
ALICL,12/5/2013,797.0,820.0,737.0,751.0,-5.77,4251.0,505.0,381.4
ALICL,12/8/2013,751.0,751.0,676.0,676.0,-9.99,2012.0,505.0,381.4
ALICL,12/9/2013,676.0,681.0,609.0,681.0,0.74,16733.0,505.0,381.4
ALICL,12/10/2013,681.0,668.0,633.0,647.0,-4.99,1501.0,505.0,381.4
ALICL,12/11/2013,647.0,645.0,608.0,627.0,-3.09,3000.0,505.0,381.4
ALICL,12/12/2013,627.0,652.0,609.0,640.0,2.07,4236.0,505.0,381.4
ALICL,12/15/2013,640.0,672.0,628.0,672.0,5.0,8482.0,505.0,381.4
ALICL,12/16/2013,672.0,698.0,681.0,690.0,2.68,3546.0,505.0,381.4
ALICL,12/18/2013,690.0,717.0,700.0,705.0,2.17,750.0,505.0,381.4
ALICL,12/19/2013,705.0,719.0,664.0,691.0,-1.99,8866.0,505.0,381.4
ALICL,12/22/2013,691.0,692.0,646.0,678.0,-1.88,4216.0,505.0,381.4
ALICL,12/23/2013,678.0,673.0,639.0,650.0,-4.13,3611.0,505.0,381.4
ALICL,12/24/2013,650.0,646.0,626.0,640.0,-1.54,11929.0,505.0,381.4
ALICL,12/26/2013,640.0,681.0,628.0,660.0,3.12,7201.0,505.0,381.4
ALICL,12/29/2013,660.0,650.0,630.0,650.0,-1.52,2750.0,505.0,381.4
ALICL,12/31/2013,650.0,641.0,627.0,639.0,-1.69,6458.0,505.0,381.4
ALICL,1/1/2014,638.0,639.0,620.0,632.0,-1.1,7485.0,505.0,381.4
ALICL,1/2/2014,632.0,630.0,615.0,630.0,-0.32,1116.0,505.0,381.4
ALICL,1/5/2014,630.0,654.0,621.0,634.0,0.63,3485.0,505.0,381.4
ALICL,1/6/2014,634.0,646.0,626.0,630.0,-0.63,1001.0,505.0,381.4
ALICL,1/7/2014,630.0,635.0,620.0,625.0,-0.79,5197.0,505.0,381.4
ALICL,1/8/2014,625.0,654.0,615.0,647.0,3.52,2427.0,505.0,381.4
ALICL,1/9/2014,647.0,676.0,635.0,676.0,4.48,5838.0,505.0,381.4
ALICL,1/12/2014,676.0,702.0,662.0,675.0,-0.15,4786.0,505.0,381.4
ALICL,1/13/2014,675.0,709.0,675.0,695.0,2.96,8761.0,505.0,381.4
ALICL,1/14/2014,695.0,712.0,695.0,710.0,2.16,5951.0,505.0,381.4
ALICL,1/16/2014,710.0,764.0,710.0,735.0,3.52,14241.0,505.0,381.4
ALICL,1/19/2014,735.0,749.0,721.0,749.0,1.9,8743.0,505.0,381.4
ALICL,1/20/2014,749.0,765.0,735.0,742.0,-0.93,14384.0,505.0,381.4
ALICL,1/21/2014,742.0,745.0,728.0,745.0,0.4,10057.0,505.0,381.4
ALICL,1/22/2014,745.0,745.0,721.0,740.0,-0.67,5348.0,505.0,381.4
ALICL,1/23/2014,740.0,748.0,726.0,736.0,-0.54,1506.0,505.0,381.4
ALICL,1/26/2014,736.0,740.0,720.0,720.0,-2.17,1245.0,505.0,381.4
ALICL,1/27/2014,720.0,734.0,700.0,734.0,1.94,4889.0,505.0,381.4
ALICL,1/28/2014,734.0,735.0,712.0,735.0,0.14,5257.0,505.0,381.4
ALICL,1/29/2014,735.0,744.0,725.0,744.0,1.22,7254.0,505.0,381.4
ALICL,2/2/2014,744.0,730.0,710.0,725.0,-2.55,3700.0,505.0,381.4
ALICL,2/3/2014,725.0,720.0,700.0,700.0,-3.45,1564.0,505.0,381.4
ALICL,2/4/2014,700.0,710.0,688.0,705.0,0.71,4137.0,505.0,381.4
ALICL,2/6/2014,714.0,727.0,711.0,727.0,3.12,2207.0,505.0,381.4
ALICL,2/9/2014,727.0,725.0,705.0,713.0,-1.93,5200.0,505.0,381.4
ALICL,2/10/2014,713.0,741.0,718.0,720.0,0.98,6210.0,505.0,381.4
ALICL,2/11/2014,720.0,733.0,705.0,708.0,-1.67,1843.0,505.0,381.4
ALICL,2/12/2014,708.0,755.0,707.0,737.0,4.1,7809.0,505.0,381.4
ALICL,2/13/2014,737.0,763.0,737.0,752.0,2.04,11450.0,505.0,381.4
ALICL,2/16/2014,752.0,760.0,750.0,758.0,0.8,2967.0,505.0,381.4
ALICL,2/17/2014,758.0,785.0,746.0,785.0,3.56,10226.0,505.0,381.4
ALICL,2/18/2014,785.0,863.0,775.0,860.0,9.55,24028.0,505.0,381.4
ALICL,2/20/2014,860.0,894.0,843.0,860.0,0.0,26462.0,505.0,381.4
ALICL,2/23/2014,860.0,875.0,843.0,850.0,-1.16,17581.0,505.0,381.4
ALICL,2/24/2014,850.0,884.0,848.0,860.0,1.18,32071.0,505.0,381.4
ALICL,2/25/2014,860.0,854.0,815.0,850.0,-1.16,1684.0,505.0,381.4
ALICL,2/26/2014,850.0,840.0,825.0,832.0,-2.12,3238.0,505.0,381.4
ALICL,3/3/2014,832.0,816.0,790.0,810.0,-2.64,2941.0,505.0,381.4
ALICL,3/4/2014,810.0,794.0,750.0,780.0,-3.7,7844.0,505.0,381.4
ALICL,3/5/2014,780.0,800.0,760.0,770.0,-1.28,5317.0,505.0,381.4
ALICL,3/6/2014,770.0,770.0,745.0,759.0,-1.43,4720.0,505.0,381.4
ALICL,3/9/2014,750.0,751.0,731.0,751.0,-1.05,14544.0,505.0,381.4
ALICL,3/10/2014,751.0,750.0,733.0,741.0,-1.33,12142.0,505.0,381.4
ALICL,3/11/2014,710.0,711.0,686.0,695.0,-6.21,422.0,505.0,381.4
ALICL,3/12/2014,695.0,700.0,691.0,700.0,0.72,328.0,505.0,381.4
ALICL,3/13/2014,700.0,720.0,700.0,720.0,2.86,195.0,505.0,381.4
ALICL,3/17/2014,720.0,720.0,696.0,712.0,-1.11,439.0,505.0,381.4
ALICL,3/18/2014,712.0,708.0,700.0,702.0,-1.4,3140.0,505.0,381.4
ALICL,3/19/2014,702.0,705.0,677.0,705.0,0.43,1120.0,505.0,381.4
ALICL,3/20/2014,705.0,750.0,705.0,750.0,6.38,702.0,505.0,381.4
ALICL,3/23/2014,750.0,745.0,735.0,735.0,-2.0,100.0,505.0,381.4
ALICL,3/24/2014,735.0,758.0,712.0,758.0,3.13,971.0,505.0,381.4
ALICL,3/25/2014,758.0,757.0,735.0,735.0,-3.03,348.0,505.0,381.4
ALICL,3/26/2014,735.0,735.0,730.0,735.0,0.0,1702.0,505.0,381.4
ALICL,3/27/2014,735.0,770.0,740.0,755.0,2.72,3050.0,505.0,381.4
ALICL,3/31/2014,755.0,800.0,755.0,790.0,4.64,1194.0,505.0,381.4
ALICL,4/1/2014,790.0,810.0,776.0,810.0,2.53,3996.0,505.0,381.4
ALICL,4/2/2014,810.0,815.0,800.0,815.0,0.62,1717.0,505.0,381.4
ALICL,4/3/2014,815.0,815.0,802.0,809.0,-0.74,332.0,505.0,381.4
ALICL,4/6/2014,809.0,800.0,772.0,774.0,-4.33,364.0,505.0,381.4
ALICL,4/7/2014,774.0,785.0,752.0,772.0,-0.26,259.0,505.0,381.4
ALICL,4/9/2014,772.0,826.0,762.0,826.0,6.99,3788.0,505.0,381.4
ALICL,4/10/2014,826.0,900.0,826.0,900.0,8.96,7430.0,505.0,381.4
ALICL,4/13/2014,900.0,920.0,870.0,910.0,1.11,4068.0,505.0,381.4
ALICL,4/15/2014,910.0,915.0,892.0,905.0,-0.55,2047.0,505.0,381.4
ALICL,4/16/2014,905.0,908.0,890.0,905.0,0.0,2448.0,505.0,381.4
ALICL,4/17/2014,905.0,901.0,890.0,901.0,-0.44,1882.0,505.0,381.4
ALICL,4/20/2014,901.0,904.0,890.0,890.0,-1.22,1627.0,505.0,381.4
ALICL,4/21/2014,890.0,875.0,865.0,870.0,-2.25,2723.0,505.0,381.4
ALICL,4/22/2014,870.0,881.0,860.0,881.0,1.26,1460.0,505.0,381.4
ALICL,4/23/2014,881.0,904.0,865.0,901.0,2.27,4110.0,505.0,381.4
ALICL,4/27/2014,901.0,919.0,868.0,906.0,0.55,3860.0,505.0,381.4
ALICL,4/28/2014,906.0,948.0,900.0,948.0,4.64,1265.0,505.0,381.4
ALICL,4/29/2014,948.0,999.0,961.0,981.0,3.48,7515.0,505.0,381.4
ALICL,4/30/2014,981.0,1050.0,966.0,1035.0,5.5,10401.0,505.0,381.4
ALICL,5/4/2014,1035.0,1138.0,1035.0,1138.0,9.95,10575.0,505.0,381.4
ALICL,5/5/2014,1138.0,1200.0,1057.0,1057.0,-7.12,10197.0,505.0,381.4
ALICL,5/6/2014,1057.0,1054.0,990.0,1033.0,-2.27,3600.0,505.0,381.4
ALICL,5/7/2014,1033.0,1050.0,990.0,1050.0,1.65,9838.0,505.0,381.4
ALICL,5/8/2014,1050.0,1029.0,951.0,980.0,-6.67,14368.0,505.0,381.4
ALICL,5/11/2014,980.0,996.0,956.0,996.0,1.63,12660.0,505.0,381.4
ALICL,5/12/2014,996.0,1001.0,977.0,1000.0,0.4,5268.0,505.0,381.4
ALICL,5/13/2014,1000.0,1020.0,970.0,999.0,-0.1,2353.0,505.0,381.4
ALICL,5/15/2014,999.0,995.0,970.0,995.0,-0.4,5217.0,505.0,381.4
ALICL,5/18/2014,995.0,976.0,945.0,945.0,-5.03,5071.0,505.0,381.4
ALICL,5/19/2014,945.0,945.0,904.0,930.0,-1.59,8977.0,505.0,381.4
ALICL,5/20/2014,930.0,930.0,882.0,883.0,-5.05,5547.0,505.0,381.4
ALICL,5/21/2014,883.0,902.0,882.0,882.0,-0.11,5466.0,505.0,381.4
ALICL,5/22/2014,882.0,912.0,865.0,882.0,0.0,4411.0,505.0,381.4
ALICL,5/25/2014,882.0,919.0,880.0,900.0,2.04,1530.0,505.0,381.4
ALICL,5/26/2014,900.0,918.0,894.0,895.0,-0.56,1826.0,505.0,381.4
ALICL,5/27/2014,895.0,900.0,885.0,893.0,-0.22,4331.0,505.0,381.4
ALICL,5/28/2014,893.0,899.0,881.0,890.0,-0.34,2409.0,505.0,381.4
ALICL,6/1/2014,890.0,900.0,875.0,875.0,-1.69,3455.0,505.0,381.4
ALICL,6/2/2014,875.0,862.0,851.0,862.0,-1.49,5001.0,505.0,381.4
ALICL,6/3/2014,862.0,862.0,836.0,855.0,-0.81,7390.0,505.0,381.4
ALICL,6/4/2014,855.0,889.0,846.0,889.0,3.98,2121.0,505.0,381.4
ALICL,6/5/2014,889.0,875.0,857.0,870.0,-2.14,4635.0,505.0,381.4
ALICL,6/8/2014,870.0,870.0,861.0,861.0,-1.03,2058.0,505.0,381.4
ALICL,6/9/2014,861.0,870.0,855.0,870.0,1.05,9672.0,505.0,381.4
ALICL,6/10/2014,870.0,887.0,853.0,872.0,0.23,4653.0,505.0,381.4
ALICL,6/11/2014,872.0,878.0,860.0,875.0,0.34,9989.0,505.0,381.4
ALICL,6/12/2014,875.0,895.0,870.0,890.0,1.71,6783.0,505.0,381.4
ALICL,6/15/2014,890.0,930.0,899.0,929.0,4.38,6162.0,505.0,381.4
ALICL,6/16/2014,929.0,999.0,926.0,981.0,5.6,5565.0,505.0,381.4
ALICL,6/17/2014,981.0,1020.0,970.0,1016.0,3.57,17133.0,505.0,381.4
ALICL,6/18/2014,1016.0,1064.0,1014.0,1020.0,0.39,16119.0,505.0,381.4
ALICL,6/19/2014,1020.0,1040.0,1010.0,1035.0,1.47,15380.0,505.0,381.4
ALICL,6/23/2014,1035.0,1092.0,1028.0,1075.0,3.86,6338.0,505.0,381.4
ALICL,6/24/2014,1075.0,1122.0,1059.0,1100.0,2.33,19138.0,505.0,381.4
ALICL,6/25/2014,1100.0,1130.0,1080.0,1130.0,2.73,8879.0,505.0,381.4
ALICL,6/26/2014,1130.0,1131.0,1114.0,1120.0,-0.88,11584.0,505.0,381.4
ALICL,6/29/2014,1120.0,1136.0,1100.0,1103.0,-1.52,10067.0,505.0,381.4
ALICL,6/30/2014,1103.0,1160.0,1103.0,1160.0,5.17,18288.0,505.0,381.4
ALICL,7/1/2014,1160.0,1224.0,1150.0,1199.0,3.36,16519.0,505.0,381.4
ALICL,7/2/2014,1199.0,1250.0,1185.0,1200.0,0.08,24720.0,505.0,381.4
ALICL,7/3/2014,1200.0,1210.0,1125.0,1125.0,-6.25,15281.0,505.0,381.4
ALICL,7/6/2014,1125.0,1221.0,1103.0,1221.0,8.53,8934.0,505.0,381.4
ALICL,7/7/2014,1221.0,1274.0,1230.0,1250.0,2.38,18368.0,505.0,381.4
ALICL,7/8/2014,1250.0,1305.0,1250.0,1270.0,1.6,18680.0,505.0,381.4
ALICL,7/9/2014,1270.0,1260.0,1200.0,1259.0,-0.87,5758.0,505.0,381.4
ALICL,7/10/2014,1259.0,1250.0,1200.0,1240.0,-1.51,10738.0,505.0,381.4
ALICL,7/13/2014,1240.0,1300.0,1236.0,1240.0,0.0,5044.0,505.0,381.4
ALICL,7/14/2014,1240.0,1240.0,1180.0,1218.0,-1.77,9893.0,505.0,381.4
ALICL,7/15/2014,1218.0,1250.0,1210.0,1226.0,0.66,9381.0,505.0,381.4
ALICL,7/16/2014,1226.0,1260.0,1240.0,1250.0,1.96,2973.0,505.0,381.4
ALICL,7/17/2014,1250.0,1249.0,1225.0,1245.0,-0.4,3737.0,505.0,381.4
ALICL,7/20/2014,1245.0,1269.0,1230.0,1255.0,0.8,4073.0,505.0,381.4
ALICL,7/21/2014,1255.0,1275.0,1250.0,1270.0,1.2,3349.0,505.0,381.4
ALICL,7/22/2014,1270.0,1264.0,1212.0,1264.0,-0.47,7938.0,505.0,381.4
ALICL,7/23/2014,1264.0,1280.0,1242.0,1265.0,0.08,3492.0,505.0,381.4
ALICL,7/24/2014,1265.0,1270.0,1230.0,1270.0,0.4,2539.0,505.0,381.4
ALICL,7/27/2014,1270.0,1280.0,1245.0,1265.0,-0.39,6166.0,505.0,381.4
ALICL,7/28/2014,1265.0,1265.0,1226.0,1265.0,0.0,4437.0,505.0,381.4
ALICL,7/30/2014,1265.0,1255.0,1220.0,1235.0,-2.37,3459.0,505.0,381.4
ALICL,7/31/2014,1235.0,1238.0,1206.0,1224.0,-0.89,4865.0,505.0,381.4
ALICL,8/3/2014,1224.0,1229.0,1200.0,1212.0,-0.98,7040.0,505.0,381.4
ALICL,8/4/2014,1212.0,1229.0,1180.0,1189.0,-1.9,1381.0,505.0,381.4
ALICL,8/5/2014,1189.0,1215.0,1185.0,1185.0,-0.34,7907.0,505.0,381.4
ALICL,8/6/2014,1185.0,1208.0,1165.0,1188.0,0.25,3756.0,505.0,381.4
ALICL,8/7/2014,1188.0,1211.0,1145.0,1211.0,1.94,4331.0,505.0,381.4
ALICL,8/12/2014,1211.0,1191.0,1168.0,1168.0,-3.55,1833.0,505.0,381.4
ALICL,8/13/2014,1168.0,1220.0,1145.0,1220.0,4.45,8978.0,505.0,381.4
ALICL,8/14/2014,1220.0,1220.0,1200.0,1210.0,-0.82,3672.0,505.0,381.4
ALICL,8/18/2014,1210.0,1210.0,1186.0,1190.0,-1.65,3179.0,505.0,381.4
ALICL,8/19/2014,1190.0,1225.0,1180.0,1187.0,-0.25,10259.0,505.0,381.4
ALICL,8/20/2014,1187.0,1179.0,1150.0,1165.0,-1.85,4675.0,505.0,381.4
ALICL,8/21/2014,1165.0,1142.0,1049.0,1060.0,-9.01,18074.0,505.0,381.4
ALICL,8/24/2014,1060.0,1070.0,1025.0,1025.0,-3.3,4102.0,505.0,381.4
ALICL,8/25/2014,1025.0,1005.0,923.0,927.0,-9.56,11963.0,505.0,381.4
ALICL,8/26/2014,927.0,990.0,931.0,956.0,3.13,11092.0,505.0,381.4
ALICL,8/27/2014,956.0,1051.0,975.0,1051.0,9.94,10700.0,505.0,381.4
ALICL,8/28/2014,1051.0,1156.0,1072.0,1125.0,7.04,13058.0,505.0,381.4
ALICL,8/31/2014,1125.0,1115.0,1050.0,1050.0,-6.67,3979.0,505.0,381.4
ALICL,9/1/2014,1050.0,1090.0,1010.0,1075.0,2.38,2353.0,505.0,381.4
ALICL,9/3/2014,1075.0,1110.0,1050.0,1064.0,-1.02,1315.0,505.0,381.4
ALICL,9/4/2014,1064.0,1060.0,1020.0,1060.0,-0.38,3622.0,505.0,381.4
ALICL,9/7/2014,1060.0,1039.0,970.0,986.0,-6.98,5155.0,505.0,381.4
ALICL,9/9/2014,986.0,1060.0,1000.0,1060.0,7.51,6231.0,505.0,381.4
ALICL,9/10/2014,1060.0,1091.0,1020.0,1030.0,-2.83,8297.0,505.0,381.4
ALICL,9/11/2014,1030.0,1050.0,973.0,1015.0,-1.46,2023.0,505.0,381.4
ALICL,9/14/2014,1015.0,1015.0,980.0,1015.0,0.0,1492.0,505.0,381.4
ALICL,9/15/2014,1015.0,1045.0,1000.0,1045.0,2.96,2460.0,505.0,381.4
ALICL,9/16/2014,1045.0,1050.0,1020.0,1050.0,0.48,5069.0,505.0,381.4
ALICL,9/17/2014,1050.0,1060.0,1030.0,1050.0,0.0,2409.0,505.0,381.4
ALICL,9/18/2014,1050.0,1050.0,1000.0,1050.0,0.0,2063.0,505.0,381.4
ALICL,9/21/2014,1050.0,1050.0,995.0,1025.0,-2.38,2049.0,505.0,381.4
ALICL,9/22/2014,1025.0,1025.0,1000.0,1025.0,0.0,1061.0,505.0,381.4
ALICL,9/23/2014,1025.0,1040.0,1006.0,1040.0,1.46,826.0,505.0,381.4
ALICL,9/24/2014,1040.0,1100.0,1040.0,1089.0,4.71,1523.0,505.0,381.4
ALICL,9/28/2014,1089.0,1140.0,1090.0,1125.0,3.31,8269.0,505.0,381.4
ALICL,9/29/2014,1125.0,1194.0,1125.0,1170.0,4.0,6182.0,505.0,381.4
ALICL,9/30/2014,1170.0,1193.0,1140.0,1173.0,0.26,11782.0,505.0,381.4
ALICL,10/8/2014,1173.0,1160.0,1125.0,1145.0,-2.39,1326.0,505.0,381.4
ALICL,10/9/2014,1145.0,1150.0,1126.0,1150.0,0.44,2655.0,505.0,381.4
ALICL,10/12/2014,1150.0,1139.0,1110.0,1127.0,-2.0,2578.0,505.0,381.4
ALICL,10/13/2014,1127.0,1140.0,1100.0,1140.0,1.15,3686.0,505.0,381.4
ALICL,10/14/2014,1140.0,1150.0,1125.0,1136.0,-0.35,1216.0,505.0,381.4
ALICL,10/15/2014,1136.0,1170.0,1120.0,1170.0,2.99,2899.0,505.0,381.4
ALICL,10/16/2014,1170.0,1194.0,1141.0,1182.0,1.03,8592.0,505.0,381.4
ALICL,10/19/2014,1182.0,1190.0,1166.0,1175.0,-0.59,2114.0,505.0,381.4
ALICL,10/20/2014,1175.0,1185.0,1161.0,1175.0,0.0,3470.0,505.0,381.4
ALICL,10/21/2014,1175.0,1195.0,1152.0,1195.0,1.7,3035.0,505.0,381.4
ALICL,10/22/2014,1195.0,1235.0,1172.0,1221.0,2.18,6421.0,505.0,381.4
ALICL,10/26/2014,1221.0,1250.0,1220.0,1245.0,1.97,3402.0,505.0,381.4
ALICL,10/27/2014,1245.0,1270.0,1235.0,1251.0,0.48,15505.0,505.0,381.4
ALICL,10/28/2014,1251.0,1249.0,1210.0,1244.0,-0.56,3044.0,505.0,381.4
ALICL,10/30/2014,1244.0,1240.0,1177.0,1225.0,-1.53,3590.0,505.0,381.4
ALICL,11/2/2014,1225.0,1225.0,1203.0,1203.0,-1.8,6007.0,505.0,381.4
ALICL,11/3/2014,1203.0,1251.0,1180.0,1201.0,-0.17,3289.0,505.0,381.4
ALICL,11/4/2014,1201.0,1220.0,1170.0,1191.0,-0.83,4339.0,505.0,381.4
ALICL,11/5/2014,1191.0,1225.0,1200.0,1219.0,2.35,1896.0,505.0,381.4
ALICL,11/6/2014,1219.0,1230.0,1200.0,1217.0,-0.16,3268.0,505.0,381.4
ALICL,11/9/2014,1217.0,1200.0,1174.0,1197.0,-1.64,1892.0,505.0,381.4
ALICL,11/10/2014,1197.0,1186.0,1179.0,1179.0,-1.5,788.0,505.0,381.4
ALICL,11/11/2014,1179.0,1202.0,1151.0,1202.0,1.95,1966.0,505.0,381.4
ALICL,11/12/2014,1202.0,1249.0,1172.0,1172.0,-2.5,733.0,505.0,381.4
ALICL,11/13/2014,1172.0,1188.0,1160.0,1160.0,-1.02,460.0,505.0,381.4
ALICL,11/16/2014,1160.0,1160.0,1124.0,1126.0,-2.93,1615.0,505.0,381.4
ALICL,11/17/2014,1126.0,1110.0,1060.0,1091.0,-3.11,3225.0,505.0,381.4
ALICL,11/18/2014,1091.0,1100.0,1021.0,1044.0,-4.31,5601.0,505.0,381.4
ALICL,11/19/2014,1044.0,1102.0,1040.0,1061.0,1.63,4462.0,505.0,381.4
ALICL,11/20/2014,1061.0,1125.0,1082.0,1096.0,3.3,2459.0,505.0,381.4
ALICL,11/23/2014,1096.0,1155.0,1096.0,1115.0,1.73,4089.0,505.0,381.4
ALICL,11/24/2014,1115.0,1125.0,1110.0,1114.0,-0.09,1817.0,505.0,381.4
ALICL,11/25/2014,1114.0,1130.0,1100.0,1130.0,1.44,1920.0,505.0,381.4
ALICL,11/30/2014,1130.0,1120.0,1085.0,1085.0,-3.98,1983.0,505.0,381.4
ALICL,12/1/2014,1085.0,1085.0,1078.0,1085.0,0.0,440.0,505.0,381.4
ALICL,12/2/2014,1085.0,1085.0,1070.0,1085.0,0.0,137.0,505.0,381.4
ALICL,12/3/2014,1085.0,1124.0,1081.0,1090.0,0.46,468.0,505.0,381.4
ALICL,12/4/2014,1090.0,1111.0,1091.0,1091.0,0.09,1788.0,505.0,381.4
ALICL,12/7/2014,1091.0,1095.0,1075.0,1080.0,-1.01,1623.0,505.0,381.4
ALICL,12/8/2014,1080.0,1084.0,1043.0,1075.0,-0.46,2164.0,505.0,381.4
ALICL,12/9/2014,1075.0,1076.0,1045.0,1064.0,-1.02,3141.0,505.0,381.4
ALICL,12/10/2014,1064.0,1085.0,1066.0,1066.0,0.19,562.0,505.0,381.4
ALICL,12/11/2014,1066.0,1097.0,1079.0,1090.0,2.25,1176.0,505.0,381.4
ALICL,12/14/2014,1090.0,1160.0,1110.0,1140.0,4.59,3255.0,505.0,381.4
ALICL,12/15/2014,1140.0,1150.0,1127.0,1127.0,-1.14,1073.0,505.0,381.4
ALICL,12/16/2014,1127.0,1125.0,1106.0,1120.0,-0.62,1743.0,505.0,381.4
ALICL,12/17/2014,1120.0,1110.0,1098.0,1110.0,-0.89,2555.0,505.0,381.4
ALICL,12/18/2014,1110.0,1115.0,1088.0,1107.0,-0.27,1531.0,505.0,381.4
ALICL,12/21/2014,1107.0,1100.0,1086.0,1100.0,-0.63,2208.0,505.0,381.4
ALICL,12/22/2014,1100.0,1115.0,1092.0,1100.0,0.0,2893.0,505.0,381.4
ALICL,12/23/2014,1100.0,1078.0,1078.0,1078.0,-2.0,177.0,505.0,381.4
ALICL,12/24/2014,1078.0,1115.0,1099.0,1100.0,2.04,673.0,505.0,381.4
ALICL,12/28/2014,1100.0,1130.0,1100.0,1121.0,1.91,2834.0,505.0,381.4
ALICL,12/29/2014,1121.0,1122.0,1100.0,1119.0,-0.18,488.0,505.0,381.4
ALICL,12/31/2014,1119.0,1120.0,1075.0,1120.0,0.09,980.0,505.0,381.4
ALICL,1/1/2015,1120.0,1142.0,1111.0,1112.0,-0.71,1619.0,505.0,381.4
ALICL,1/4/2015,1112.0,1135.0,1120.0,1135.0,2.07,1261.0,505.0,381.4
ALICL,1/5/2015,1135.0,1173.0,1130.0,1153.0,1.59,6556.0,505.0,381.4
ALICL,1/6/2015,1153.0,1176.0,1134.0,1160.0,0.61,5313.0,505.0,381.4
ALICL,1/7/2015,1160.0,1180.0,1138.0,1180.0,1.72,2091.0,505.0,381.4
ALICL,1/8/2015,1180.0,1185.0,1161.0,1172.0,-0.68,4705.0,505.0,381.4
ALICL,1/11/2015,1172.0,1186.0,1172.0,1186.0,1.19,3829.0,505.0,381.4
ALICL,1/12/2015,1186.0,1179.0,1163.0,1164.0,-1.85,2677.0,505.0,381.4
ALICL,1/13/2015,1164.0,1249.0,1170.0,1230.0,5.67,4108.0,505.0,381.4
ALICL,1/14/2015,1230.0,1275.0,1230.0,1235.0,0.41,6631.0,505.0,381.4
ALICL,1/18/2015,1235.0,1245.0,1234.0,1237.0,0.16,6915.0,505.0,381.4
ALICL,1/19/2015,1237.0,1299.0,1245.0,1251.0,1.13,13560.0,505.0,381.4
ALICL,1/20/2015,1251.0,1285.0,1200.0,1242.0,-0.72,14496.0,505.0,381.4
ALICL,1/22/2015,1242.0,1270.0,1180.0,1258.0,1.29,8147.0,505.0,381.4
ALICL,1/25/2015,1258.0,1278.0,1235.0,1270.0,0.95,5958.0,505.0,381.4
ALICL,1/26/2015,1270.0,1300.0,1255.0,1260.0,-0.79,4558.0,505.0,381.4
ALICL,1/27/2015,1260.0,1262.0,1240.0,1255.0,-0.4,3140.0,505.0,381.4
ALICL,1/28/2015,1255.0,1295.0,1270.0,1295.0,3.19,1294.0,505.0,381.4
ALICL,1/29/2015,1295.0,1285.0,1250.0,1250.0,-3.47,1166.0,505.0,381.4
ALICL,2/1/2015,1250.0,1250.0,1235.0,1240.0,-0.8,182.0,505.0,381.4
ALICL,2/2/2015,1240.0,1250.0,1232.0,1234.0,-0.48,1512.0,505.0,381.4
ALICL,2/3/2015,1234.0,1240.0,1216.0,1230.0,-0.32,2336.0,505.0,381.4
ALICL,2/4/2015,1230.0,1242.0,1225.0,1242.0,0.98,2043.0,505.0,381.4
ALICL,2/5/2015,1242.0,1230.0,1215.0,1225.0,-1.37,898.0,505.0,381.4
ALICL,2/8/2015,1225.0,1245.0,1230.0,1235.0,0.82,2456.0,505.0,381.4
ALICL,2/9/2015,1235.0,1275.0,1230.0,1265.0,2.43,6657.0,505.0,381.4
ALICL,2/10/2015,1265.0,1265.0,1250.0,1260.0,-0.4,800.0,505.0,381.4
ALICL,2/11/2015,1260.0,1261.0,1245.0,1261.0,0.08,892.0,505.0,381.4
ALICL,2/12/2015,1261.0,1270.0,1256.0,1256.0,-0.4,1475.0,505.0,381.4
ALICL,2/15/2015,1256.0,1275.0,1260.0,1270.0,1.11,3245.0,505.0,381.4
ALICL,2/16/2015,1270.0,1283.0,1274.0,1283.0,1.02,3387.0,505.0,381.4
ALICL,2/18/2015,1283.0,1285.0,1275.0,1278.0,-0.39,2460.0,505.0,381.4
ALICL,2/22/2015,1278.0,1260.0,1240.0,1250.0,-2.19,2432.0,505.0,381.4
ALICL,2/23/2015,1250.0,1275.0,1230.0,1275.0,2.0,3296.0,505.0,381.4
ALICL,2/24/2015,1275.0,1270.0,1242.0,1250.0,-1.96,6523.0,505.0,381.4
ALICL,2/25/2015,1250.0,1251.0,1238.0,1245.0,-0.4,3263.0,505.0,381.4
ALICL,2/26/2015,1245.0,1256.0,1221.0,1256.0,0.88,1795.0,505.0,381.4
ALICL,3/1/2015,1256.0,1260.0,1240.0,1240.0,-1.27,1933.0,505.0,381.4
ALICL,3/2/2015,1240.0,1245.0,1239.0,1245.0,0.4,295.0,505.0,381.4
ALICL,3/3/2015,1245.0,1250.0,1244.0,1245.0,0.0,2842.0,505.0,381.4
ALICL,3/4/2015,1245.0,1270.0,1250.0,1255.0,0.8,7595.0,505.0,381.4
ALICL,3/9/2015,1255.0,1331.0,1275.0,1288.0,2.63,17353.0,505.0,381.4
ALICL,3/10/2015,1288.0,1290.0,1268.0,1279.0,-0.7,8062.0,505.0,381.4
ALICL,3/11/2015,1279.0,1285.0,1260.0,1270.0,-0.7,6554.0,505.0,381.4
ALICL,3/12/2015,1270.0,1270.0,1257.0,1260.0,-0.79,3005.0,505.0,381.4
ALICL,3/15/2015,1260.0,1285.0,1250.0,1255.0,-0.4,1392.0,505.0,381.4
ALICL,3/16/2015,1255.0,1252.0,1220.0,1231.0,-1.91,2145.0,505.0,381.4
ALICL,3/17/2015,1231.0,1260.0,1221.0,1250.0,1.54,618.0,505.0,381.4
ALICL,3/18/2015,1250.0,1250.0,1230.0,1240.0,-0.8,1876.0,505.0,381.4
ALICL,3/19/2015,1240.0,1250.0,1238.0,1250.0,0.81,1050.0,505.0,381.4
ALICL,3/22/2015,1250.0,1263.0,1245.0,1250.0,0.0,2301.0,505.0,381.4
ALICL,3/23/2015,1250.0,1233.0,1225.0,1231.0,-1.52,1903.0,505.0,381.4
ALICL,3/24/2015,1231.0,1229.0,1216.0,1225.0,-0.49,1199.0,505.0,381.4
ALICL,3/25/2015,1225.0,1230.0,1225.0,1230.0,0.41,241.0,505.0,381.4
ALICL,3/26/2015,1230.0,1235.0,1231.0,1231.0,0.08,556.0,505.0,381.4
ALICL,3/29/2015,1231.0,1245.0,1225.0,1245.0,1.14,3102.0,505.0,381.4
ALICL,3/30/2015,1245.0,1230.0,1222.0,1230.0,-1.2,1227.0,505.0,381.4
ALICL,3/31/2015,1230.0,1250.0,1220.0,1220.0,-0.81,3905.0,505.0,381.4
ALICL,4/1/2015,1220.0,1225.0,1215.0,1216.0,-0.33,1358.0,505.0,381.4
ALICL,4/2/2015,1216.0,1240.0,1205.0,1216.0,0.0,1296.0,505.0,381.4
ALICL,4/5/2015,1216.0,1200.0,1198.0,1200.0,-1.32,960.0,505.0,381.4
ALICL,4/6/2015,1200.0,1202.0,1190.0,1202.0,0.17,2073.0,505.0,381.4
ALICL,4/7/2015,1202.0,1209.0,1190.0,1209.0,0.58,1725.0,505.0,381.4
ALICL,4/8/2015,1209.0,1220.0,1210.0,1220.0,0.91,1040.0,505.0,381.4
ALICL,4/9/2015,1220.0,1234.0,1220.0,1223.0,0.25,2240.0,505.0,381.4
ALICL,4/12/2015,1223.0,1245.0,1225.0,1230.0,0.57,1093.0,505.0,381.4
ALICL,4/13/2015,1230.0,1211.0,1200.0,1201.0,-2.36,1159.0,505.0,381.4
ALICL,4/15/2015,1201.0,1220.0,1200.0,1205.0,0.33,1028.0,505.0,381.4
ALICL,4/16/2015,1205.0,1205.0,1181.0,1205.0,0.0,314.0,505.0,381.4
ALICL,4/19/2015,1205.0,1205.0,1191.0,1191.0,-1.16,763.0,505.0,381.4
ALICL,4/20/2015,1191.0,1195.0,1170.0,1170.0,-1.76,2300.0,505.0,381.4
ALICL,4/21/2015,1170.0,1190.0,1166.0,1167.0,-0.26,1162.0,505.0,381.4
ALICL,4/22/2015,1167.0,1175.0,1160.0,1169.0,0.17,851.0,505.0,381.4
ALICL,4/23/2015,1169.0,1155.0,1143.0,1143.0,-2.22,571.0,505.0,381.4
ALICL,5/26/2015,889.0,872.0,822.0,822.0,-28.08,85.0,505.0,381.4
ALICL,5/28/2015,822.0,806.0,790.0,790.0,-3.89,142.0,505.0,381.4
ALICL,5/31/2015,790.0,790.0,775.0,785.0,-0.63,384.0,505.0,381.4
ALICL,6/2/2015,785.0,862.0,800.0,860.0,9.55,1180.0,505.0,381.4
ALICL,6/3/2015,860.0,946.0,877.0,946.0,10.0,1022.0,505.0,381.4
ALICL,6/4/2015,946.0,985.0,941.0,960.0,1.48,4018.0,505.0,381.4
ALICL,6/7/2015,960.0,960.0,947.0,960.0,0.0,1750.0,505.0,381.4
ALICL,6/8/2015,960.0,979.0,945.0,950.0,-1.04,3447.0,505.0,381.4
ALICL,6/9/2015,950.0,1007.0,932.0,932.0,-1.89,1392.0,505.0,381.4
ALICL,6/10/2015,932.0,971.0,916.0,960.0,3.0,3074.0,505.0,381.4
ALICL,6/11/2015,960.0,962.0,940.0,940.0,-2.08,1282.0,505.0,381.4
ALICL,6/14/2015,940.0,958.0,930.0,944.0,0.43,2006.0,505.0,381.4
ALICL,6/15/2015,944.0,944.0,944.0,944.0,0.0,60.0,505.0,381.4
ALICL,6/16/2015,944.0,950.0,950.0,950.0,0.64,74.0,505.0,381.4
ALICL,6/17/2015,950.0,950.0,913.0,940.0,-1.05,2123.0,505.0,381.4
ALICL,6/18/2015,940.0,950.0,940.0,940.0,0.0,214.0,505.0,381.4
ALICL,6/21/2015,940.0,930.0,925.0,930.0,-1.06,598.0,505.0,381.4
ALICL,6/22/2015,930.0,930.0,910.0,930.0,0.0,1809.0,505.0,381.4
ALICL,6/23/2015,930.0,995.0,930.0,964.0,3.66,4053.0,505.0,381.4
ALICL,6/24/2015,964.0,969.0,953.0,960.0,-0.41,3852.0,505.0,381.4
ALICL,6/25/2015,960.0,964.0,950.0,960.0,0.0,1927.0,505.0,381.4
ALICL,6/28/2015,960.0,985.0,975.0,980.0,2.08,2682.0,505.0,381.4
ALICL,6/29/2015,980.0,1058.0,999.0,1020.0,4.08,4565.0,505.0,381.4
ALICL,6/30/2015,1020.0,1020.0,998.0,1010.0,-0.98,4548.0,505.0,381.4
ALICL,7/1/2015,1010.0,1030.0,1004.0,1004.0,-0.59,3563.0,505.0,381.4
ALICL,7/2/2015,1004.0,1009.0,1000.0,1009.0,0.5,770.0,505.0,381.4
ALICL,7/5/2015,1009.0,1009.0,995.0,1000.0,-0.89,1154.0,505.0,381.4
ALICL,7/6/2015,1000.0,985.0,980.0,985.0,-1.5,270.0,505.0,381.4
ALICL,7/7/2015,985.0,1020.0,980.0,987.0,0.2,2119.0,505.0,381.4
ALICL,7/8/2015,987.0,1006.0,995.0,995.0,0.81,1445.0,505.0,381.4
ALICL,7/9/2015,995.0,1009.0,976.0,1009.0,1.41,1758.0,505.0,381.4
ALICL,7/12/2015,1009.0,1029.0,1024.0,1024.0,1.49,150.0,505.0,381.4
ALICL,7/14/2015,1024.0,1004.0,1004.0,1004.0,-1.95,43.0,505.0,381.4
ALICL,7/15/2015,1004.0,992.0,965.0,992.0,-1.2,462.0,505.0,381.4
ALICL,7/16/2015,992.0,1013.0,975.0,1013.0,2.12,1503.0,505.0,381.4
ALICL,7/22/2015,1013.0,1013.0,974.0,974.0,-3.85,139.0,505.0,381.4
ALICL,7/23/2015,974.0,985.0,985.0,985.0,1.13,15.0,505.0,381.4
ALICL,7/26/2015,985.0,1015.0,996.0,1015.0,3.05,220.0,505.0,381.4
ALICL,7/27/2015,1015.0,1025.0,1000.0,1000.0,-1.48,4401.0,505.0,381.4
ALICL,7/28/2015,1000.0,1016.0,980.0,1015.0,1.5,5281.0,505.0,381.4
ALICL,7/29/2015,1015.0,1010.0,995.0,1005.0,-0.99,6343.0,505.0,381.4
ALICL,7/30/2015,1005.0,1015.0,995.0,1015.0,1.0,4237.0,505.0,381.4
ALICL,8/2/2015,1015.0,1010.0,1005.0,1008.0,-0.69,2997.0,505.0,381.4
ALICL,8/3/2015,1008.0,1010.0,1001.0,1001.0,-0.69,4648.0,505.0,381.4
ALICL,8/4/2015,1001.0,1019.0,1008.0,1019.0,1.8,4310.0,505.0,381.4
ALICL,8/5/2015,1019.0,1040.0,1000.0,1030.0,1.08,3131.0,505.0,381.4
ALICL,8/6/2015,1030.0,1065.0,1025.0,1065.0,3.4,3102.0,505.0,381.4
ALICL,8/9/2015,1065.0,1065.0,1059.0,1060.0,-0.47,2133.0,505.0,381.4
ALICL,8/10/2015,1060.0,1105.0,1060.0,1064.0,0.38,2748.0,505.0,381.4
ALICL,8/11/2015,1064.0,1064.0,1034.0,1055.0,-0.85,1889.0,505.0,381.4
ALICL,8/12/2015,1055.0,1069.0,1030.0,1069.0,1.33,1214.0,505.0,381.4
ALICL,8/13/2015,1069.0,1071.0,1045.0,1051.0,-1.68,1393.0,505.0,381.4
ALICL,8/16/2015,1051.0,1049.0,1030.0,1030.0,-2.0,11021.0,505.0,381.4
ALICL,8/17/2015,1030.0,1060.0,1020.0,1040.0,0.97,325.0,505.0,381.4
ALICL,8/18/2015,1040.0,1060.0,1020.0,1050.0,0.96,3922.0,505.0,381.4
ALICL,8/19/2015,1050.0,1061.0,1030.0,1056.0,0.57,6594.0,505.0,381.4
ALICL,8/20/2015,1056.0,1071.0,1040.0,1040.0,-1.52,4010.0,505.0,381.4
ALICL,8/23/2015,1040.0,1065.0,1030.0,1055.0,1.44,10314.0,505.0,381.4
ALICL,8/24/2015,1055.0,1160.0,1076.0,1149.0,8.91,3807.0,505.0,381.4
ALICL,8/25/2015,1149.0,1160.0,1120.0,1149.0,0.0,3010.0,505.0,381.4
ALICL,8/26/2015,1149.0,1194.0,1160.0,1179.0,2.61,1586.0,505.0,381.4
ALICL,8/27/2015,1179.0,1278.0,1200.0,1278.0,8.4,9080.0,505.0,381.4
ALICL,8/31/2015,1278.0,1377.0,1280.0,1370.0,7.2,9693.0,505.0,381.4
ALICL,9/1/2015,1370.0,1397.0,1300.0,1300.0,-5.11,7048.0,505.0,381.4
ALICL,9/2/2015,1300.0,1310.0,1270.0,1270.0,-2.31,1428.0,505.0,381.4
ALICL,9/3/2015,1270.0,1260.0,1240.0,1240.0,-2.36,986.0,505.0,381.4
ALICL,9/6/2015,1240.0,1264.0,1240.0,1260.0,1.61,2652.0,505.0,381.4
ALICL,9/7/2015,1260.0,1262.0,1211.0,1235.0,-1.98,2246.0,505.0,381.4
ALICL,9/8/2015,1235.0,1255.0,1240.0,1255.0,1.62,229.0,505.0,381.4
ALICL,9/9/2015,1255.0,1241.0,1220.0,1230.0,-1.99,911.0,505.0,381.4
ALICL,9/10/2015,1230.0,1206.0,1182.0,1200.0,-2.44,598.0,505.0,381.4
ALICL,9/13/2015,1200.0,1224.0,1205.0,1220.0,1.67,1815.0,505.0,381.4
ALICL,9/14/2015,1220.0,1225.0,1220.0,1220.0,0.0,350.0,505.0,381.4
ALICL,9/15/2015,1220.0,1263.0,1211.0,1263.0,3.52,11217.0,505.0,381.4
ALICL,9/16/2015,1263.0,1238.0,1215.0,1215.0,-3.8,1195.0,505.0,381.4
ALICL,9/17/2015,1215.0,1240.0,1200.0,1200.0,-1.23,2921.0,505.0,381.4
ALICL,9/22/2015,1200.0,1210.0,1186.0,1186.0,-1.17,400.0,505.0,381.4
ALICL,9/23/2015,1186.0,1208.0,1200.0,1200.0,1.18,626.0,505.0,381.4
ALICL,9/24/2015,1200.0,1199.0,1176.0,1180.0,-1.67,2082.0,505.0,381.4
ALICL,9/28/2015,1180.0,1165.0,1150.0,1161.0,-1.61,1107.0,505.0,381.4
ALICL,9/29/2015,1161.0,1153.0,1145.0,1150.0,-0.95,1163.0,505.0,381.4
ALICL,9/30/2015,1150.0,1170.0,1158.0,1165.0,1.3,666.0,505.0,381.4
ALICL,10/1/2015,1165.0,1160.0,1160.0,1160.0,-0.43,200.0,505.0,381.4
ALICL,10/4/2015,1160.0,1150.0,1134.0,1134.0,-2.24,615.0,505.0,381.4
ALICL,10/5/2015,1134.0,1150.0,1148.0,1150.0,1.41,353.0,505.0,381.4
ALICL,10/6/2015,1150.0,1145.0,1130.0,1130.0,-1.74,152.0,505.0,381.4
ALICL,10/7/2015,1130.0,1130.0,1110.0,1120.0,-0.88,473.0,505.0,381.4
ALICL,10/8/2015,1120.0,1147.0,1125.0,1147.0,2.41,2364.0,505.0,381.4
ALICL,10/11/2015,1147.0,1125.0,1115.0,1115.0,-2.79,2000.0,505.0,381.4
ALICL,10/14/2015,1115.0,1093.0,1062.0,1080.0,-3.14,1092.0,505.0,381.4
ALICL,10/15/2015,1080.0,1090.0,1080.0,1090.0,0.93,234.0,505.0,381.4
ALICL,10/18/2015,1090.0,1070.0,1060.0,1060.0,-2.75,305.0,505.0,381.4
ALICL,10/19/2015,1060.0,1081.0,1081.0,1081.0,1.98,50.0,505.0,381.4
ALICL,10/25/2015,1081.0,1060.0,1060.0,1060.0,-1.94,34.0,505.0,381.4
ALICL,10/27/2015,1060.0,1060.0,1039.0,1039.0,-1.98,501.0,505.0,381.4
ALICL,10/28/2015,1039.0,1039.0,995.0,1000.0,-3.75,2324.0,505.0,381.4
ALICL,10/29/2015,1000.0,1025.0,1000.0,1025.0,2.5,3072.0,505.0,381.4
ALICL,11/1/2015,1025.0,1005.0,986.0,986.0,-3.8,506.0,505.0,381.4
ALICL,11/2/2015,986.0,1019.0,996.0,1002.0,1.62,2662.0,505.0,381.4
ALICL,11/3/2015,1002.0,1010.0,1000.0,1000.0,-0.2,1829.0,505.0,381.4
ALICL,11/4/2015,1000.0,1009.0,990.0,1009.0,0.9,982.0,505.0,381.4
ALICL,11/5/2015,1009.0,1005.0,996.0,996.0,-1.29,2084.0,505.0,381.4
ALICL,11/8/2015,996.0,998.0,996.0,998.0,0.2,520.0,505.0,381.4
ALICL,11/9/2015,998.0,1025.0,1001.0,1025.0,2.71,1299.0,505.0,381.4
ALICL,11/10/2015,1025.0,1033.0,1020.0,1030.0,0.49,2316.0,505.0,381.4
ALICL,11/15/2015,1030.0,1030.0,1024.0,1024.0,-0.58,138.0,505.0,381.4
ALICL,11/16/2015,1024.0,1005.0,1000.0,1005.0,-1.86,409.0,505.0,381.4
ALICL,11/18/2015,1005.0,1019.0,1019.0,1019.0,1.39,500.0,505.0,381.4
ALICL,11/19/2015,1019.0,1010.0,999.0,1006.0,-1.28,1309.0,505.0,381.4
ALICL,11/22/2015,1006.0,991.0,985.0,987.0,-1.89,1869.0,505.0,381.4
ALICL,11/23/2015,987.0,990.0,960.0,990.0,0.3,922.0,505.0,381.4
ALICL,11/24/2015,990.0,995.0,976.0,995.0,0.51,2732.0,505.0,381.4
ALICL,11/25/2015,995.0,993.0,981.0,981.0,-1.41,2100.0,505.0,381.4
ALICL,11/26/2015,981.0,990.0,990.0,990.0,0.92,100.0,505.0,381.4
ALICL,11/29/2015,990.0,975.0,940.0,975.0,-1.52,1241.0,505.0,381.4
ALICL,12/1/2015,975.0,1025.0,990.0,1025.0,5.13,1943.0,505.0,381.4
ALICL,12/2/2015,1025.0,1005.0,990.0,997.0,-2.73,1489.0,505.0,381.4
ALICL,12/3/2015,997.0,1036.0,1010.0,1015.0,1.81,1739.0,505.0,381.4
ALICL,12/6/2015,1015.0,1050.0,1016.0,1035.0,1.97,2096.0,505.0,381.4
ALICL,12/7/2015,1035.0,1075.0,1020.0,1035.0,0.0,1157.0,505.0,381.4
ALICL,12/8/2015,1035.0,1055.0,1021.0,1040.0,0.48,2500.0,505.0,381.4
ALICL,12/9/2015,1040.0,1060.0,1050.0,1060.0,1.92,3062.0,505.0,381.4
ALICL,12/10/2015,1060.0,1104.0,1062.0,1075.0,1.42,4169.0,505.0,381.4
ALICL,12/13/2015,1075.0,1142.0,1085.0,1115.0,3.72,7133.0,505.0,381.4
ALICL,12/14/2015,1115.0,1142.0,1125.0,1140.0,2.24,4788.0,505.0,381.4
ALICL,12/15/2015,1140.0,1232.0,1162.0,1199.0,5.18,9928.0,505.0,381.4
ALICL,12/16/2015,1199.0,1225.0,1140.0,1195.0,-0.33,5052.0,505.0,381.4
ALICL,12/17/2015,1195.0,1176.0,1150.0,1160.0,-2.93,6333.0,505.0,381.4
ALICL,12/20/2015,1160.0,1183.0,1142.0,1183.0,1.98,5053.0,505.0,381.4
ALICL,12/21/2015,1183.0,1205.0,1176.0,1191.0,0.68,4952.0,505.0,381.4
ALICL,12/22/2015,1191.0,1205.0,1186.0,1194.0,0.25,9841.0,505.0,381.4
ALICL,12/23/2015,1194.0,1200.0,1186.0,1186.0,-0.67,5599.0,505.0,381.4
ALICL,12/24/2015,1186.0,1201.0,1188.0,1200.0,1.18,3362.0,505.0,381.4
ALICL,12/27/2015,1200.0,1200.0,1187.0,1190.0,-0.83,1208.0,505.0,381.4
ALICL,12/28/2015,1190.0,1190.0,1180.0,1180.0,-0.84,1899.0,505.0,381.4
ALICL,12/29/2015,1180.0,1199.0,1182.0,1194.0,1.19,2772.0,505.0,381.4
ALICL,12/31/2015,1194.0,1220.0,1198.0,1200.0,0.5,6711.0,505.0,381.4
ALICL,1/3/2016,1200.0,1304.0,1224.0,1304.0,8.67,14289.0,505.0,381.4
ALICL,1/4/2016,1304.0,1300.0,1240.0,1275.0,-2.22,9473.0,505.0,381.4
ALICL,1/5/2016,1275.0,1285.0,1245.0,1263.0,-0.94,6802.0,505.0,381.4
ALICL,1/6/2016,1263.0,1248.0,1225.0,1235.0,-2.22,2907.0,505.0,381.4
ALICL,1/7/2016,1235.0,1282.0,1240.0,1270.0,2.83,4752.0,505.0,381.4
ALICL,1/10/2016,1270.0,1270.0,1230.0,1230.0,-3.15,3548.0,505.0,381.4
ALICL,1/11/2016,1230.0,1264.0,1240.0,1248.0,1.46,6249.0,505.0,381.4
ALICL,1/12/2016,1248.0,1265.0,1250.0,1252.0,0.32,4898.0,505.0,381.4
ALICL,1/13/2016,1252.0,1261.0,1245.0,1250.0,-0.16,5242.0,505.0,381.4
ALICL,1/14/2016,1250.0,1280.0,1250.0,1274.0,1.92,4423.0,505.0,381.4
ALICL,1/17/2016,1274.0,1300.0,1280.0,1300.0,2.04,20710.0,505.0,381.4
ALICL,1/18/2016,1300.0,1317.0,1270.0,1289.0,-0.85,8538.0,505.0,381.4
ALICL,1/19/2016,1289.0,1290.0,1270.0,1280.0,-0.7,2998.0,505.0,381.4
ALICL,1/20/2016,1280.0,1280.0,1265.0,1275.0,-0.39,6079.0,505.0,381.4
ALICL,1/21/2016,1275.0,1300.0,1255.0,1295.0,1.57,4981.0,505.0,381.4
ALICL,1/24/2016,1295.0,1300.0,1285.0,1299.0,0.31,4757.0,505.0,381.4
ALICL,1/25/2016,1299.0,1326.0,1289.0,1300.0,0.08,7571.0,505.0,381.4
ALICL,1/26/2016,1300.0,1299.0,1280.0,1280.0,-1.54,3006.0,505.0,381.4
ALICL,1/27/2016,1280.0,1285.0,1266.0,1266.0,-1.09,3483.0,505.0,381.4
ALICL,1/28/2016,1266.0,1275.0,1270.0,1272.0,0.47,1101.0,505.0,381.4
ALICL,1/31/2016,1272.0,1270.0,1260.0,1265.0,-0.55,1702.0,505.0,381.4
ALICL,2/1/2016,1265.0,1283.0,1270.0,1280.0,1.19,823.0,505.0,381.4
ALICL,2/2/2016,1280.0,1290.0,1261.0,1265.0,-1.17,2797.0,505.0,381.4
ALICL,2/3/2016,1265.0,1280.0,1266.0,1275.0,0.79,1537.0,505.0,381.4
ALICL,2/4/2016,1275.0,1305.0,1275.0,1300.0,1.96,12298.0,505.0,381.4
ALICL,2/7/2016,1300.0,1385.0,1310.0,1371.0,5.46,36030.0,505.0,381.4
ALICL,2/8/2016,1371.0,1405.0,1350.0,1360.0,-0.8,9586.0,505.0,381.4
ALICL,2/11/2016,1360.0,1355.0,1320.0,1330.0,-2.21,3769.0,505.0,381.4
ALICL,2/14/2016,1330.0,1330.0,1300.0,1302.0,-2.11,2907.0,505.0,381.4
ALICL,2/15/2016,1302.0,1328.0,1289.0,1328.0,2.0,5240.0,505.0,381.4
ALICL,2/16/2016,1328.0,1338.0,1302.0,1338.0,0.75,4317.0,505.0,381.4
ALICL,2/17/2016,1338.0,1361.0,1320.0,1340.0,0.15,4385.0,505.0,381.4
ALICL,2/18/2016,1340.0,1399.0,1320.0,1345.0,0.37,5800.0,505.0,381.4
ALICL,2/21/2016,1345.0,1371.0,1330.0,1331.0,-1.04,2151.0,505.0,381.4
ALICL,2/22/2016,1331.0,1345.0,1325.0,1332.0,0.08,985.0,505.0,381.4
ALICL,2/23/2016,1332.0,1335.0,1325.0,1335.0,0.23,2649.0,505.0,381.4
ALICL,2/25/2016,1335.0,1310.0,1309.0,1310.0,-1.87,300.0,505.0,381.4
ALICL,2/28/2016,1310.0,1345.0,1310.0,1345.0,2.67,783.0,505.0,381.4
ALICL,2/29/2016,1345.0,1339.0,1310.0,1339.0,-0.45,3455.0,505.0,381.4
ALICL,3/1/2016,1339.0,1360.0,1315.0,1327.0,-0.9,12995.0,505.0,381.4
ALICL,3/2/2016,1327.0,1345.0,1321.0,1334.0,0.53,1145.0,505.0,381.4
ALICL,3/3/2016,1334.0,1347.0,1331.0,1340.0,0.45,5744.0,505.0,381.4
ALICL,3/6/2016,1340.0,1375.0,1325.0,1360.0,1.49,10512.0,505.0,381.4
ALICL,3/10/2016,1360.0,1389.0,1363.0,1380.0,1.47,11297.0,505.0,381.4
ALICL,3/13/2016,1380.0,1400.0,1363.0,1390.0,0.72,9607.0,505.0,381.4
ALICL,3/14/2016,1390.0,1392.0,1377.0,1377.0,-0.94,11542.0,505.0,381.4
ALICL,3/15/2016,1377.0,1395.0,1378.0,1380.0,0.22,950.0,505.0,381.4
ALICL,3/16/2016,1380.0,1387.0,1366.0,1380.0,0.0,3459.0,505.0,381.4
ALICL,3/17/2016,1380.0,1404.0,1370.0,1395.0,1.09,6614.0,505.0,381.4
ALICL,3/20/2016,1395.0,1465.0,1417.0,1450.0,3.94,9397.0,505.0,381.4
ALICL,3/21/2016,1450.0,1480.0,1446.0,1446.0,-0.28,12290.0,505.0,381.4
ALICL,3/23/2016,1446.0,1465.0,1449.0,1465.0,1.31,6499.0,505.0,381.4
ALICL,3/24/2016,1465.0,1455.0,1445.0,1445.0,-1.37,5119.0,505.0,381.4
ALICL,3/27/2016,1445.0,1450.0,1422.0,1445.0,0.0,6303.0,505.0,381.4
ALICL,3/28/2016,1445.0,1430.0,1412.0,1425.0,-1.38,6429.0,505.0,381.4
ALICL,3/29/2016,1425.0,1439.0,1410.0,1415.0,-0.7,3507.0,505.0,381.4
ALICL,3/30/2016,1415.0,1440.0,1361.0,1380.0,-2.47,1389.0,505.0,381.4
ALICL,3/31/2016,1380.0,1390.0,1345.0,1370.0,-0.72,3005.0,505.0,381.4
ALICL,4/3/2016,1370.0,1380.0,1340.0,1380.0,0.73,3267.0,505.0,381.4
ALICL,4/4/2016,1380.0,1375.0,1360.0,1365.0,-1.09,1303.0,505.0,381.4
ALICL,4/5/2016,1365.0,1365.0,1350.0,1355.0,-0.73,4150.0,505.0,381.4
ALICL,4/6/2016,1355.0,1381.0,1370.0,1375.0,1.48,823.0,505.0,381.4
ALICL,4/10/2016,1375.0,1364.0,1355.0,1360.0,-1.09,897.0,505.0,381.4
ALICL,4/11/2016,1360.0,1362.0,1352.0,1352.0,-0.59,285.0,505.0,381.4
ALICL,4/12/2016,1352.0,1355.0,1330.0,1340.0,-0.89,3720.0,505.0,381.4
ALICL,4/14/2016,1340.0,1398.0,1273.0,1398.0,4.33,12262.0,505.0,381.4
ALICL,4/17/2016,1398.0,1400.0,1371.0,1390.0,-0.57,1515.0,505.0,381.4
ALICL,4/18/2016,1390.0,1399.0,1380.0,1399.0,0.65,5575.0,505.0,381.4
ALICL,4/19/2016,1399.0,1410.0,1375.0,1399.0,0.0,5416.0,505.0,381.4
ALICL,4/20/2016,1399.0,1410.0,1399.0,1402.0,0.21,16903.0,505.0,381.4
ALICL,4/21/2016,1402.0,1404.0,1375.0,1404.0,0.14,3631.0,505.0,381.4
ALICL,4/24/2016,1404.0,1406.0,1381.0,1404.0,0.0,3409.0,505.0,381.4
ALICL,4/25/2016,1404.0,1410.0,1391.0,1410.0,0.43,2991.0,505.0,381.4
ALICL,4/26/2016,1410.0,1400.0,1387.0,1395.0,-1.06,4279.0,505.0,381.4
ALICL,4/27/2016,1395.0,1419.0,1390.0,1419.0,1.72,6012.0,505.0,381.4
ALICL,4/28/2016,1419.0,1430.0,1393.0,1393.0,-1.83,2387.0,505.0,381.4
ALICL,5/2/2016,1393.0,1420.0,1400.0,1400.0,0.5,669.0,505.0,381.4
ALICL,5/3/2016,1400.0,1405.0,1395.0,1405.0,0.36,3633.0,505.0,381.4
ALICL,5/4/2016,1405.0,1430.0,1381.0,1410.0,0.36,2995.0,505.0,381.4
ALICL,5/5/2016,1410.0,1410.0,1382.0,1400.0,-0.71,2388.0,505.0,381.4
ALICL,5/8/2016,1400.0,1400.0,1375.0,1395.0,-0.36,4152.0,505.0,381.4
ALICL,5/9/2016,1395.0,1402.0,1385.0,1395.0,0.0,8253.0,505.0,381.4
ALICL,5/10/2016,1395.0,1422.0,1390.0,1400.0,0.36,6252.0,505.0,381.4
ALICL,5/11/2016,1400.0,1419.0,1395.0,1419.0,1.36,6077.0,505.0,381.4
ALICL,5/12/2016,1419.0,1440.0,1404.0,1440.0,1.48,7405.0,505.0,381.4
ALICL,5/15/2016,1440.0,1445.0,1415.0,1415.0,-1.74,3914.0,505.0,381.4
ALICL,5/16/2016,1415.0,1430.0,1400.0,1430.0,1.06,4608.0,505.0,381.4
ALICL,5/17/2016,1430.0,1425.0,1415.0,1420.0,-0.7,4551.0,505.0,381.4
ALICL,5/18/2016,1420.0,1476.0,1440.0,1476.0,3.94,4331.0,505.0,381.4
ALICL,5/19/2016,1476.0,1489.0,1470.0,1480.0,0.27,3920.0,505.0,381.4
ALICL,5/22/2016,1480.0,1500.0,1451.0,1490.0,0.68,2813.0,505.0,381.4
ALICL,5/23/2016,1490.0,1500.0,1477.0,1491.0,0.07,4264.0,505.0,381.4
ALICL,5/24/2016,1491.0,1500.0,1470.0,1480.0,-0.74,6737.0,505.0,381.4
ALICL,5/25/2016,1480.0,1500.0,1460.0,1460.0,-1.35,5313.0,505.0,381.4
ALICL,5/26/2016,1460.0,1475.0,1412.0,1470.0,0.68,2250.0,505.0,381.4
ALICL,5/29/2016,1470.0,1477.0,1460.0,1460.0,-0.68,4736.0,505.0,381.4
ALICL,5/30/2016,1460.0,1484.0,1453.0,1478.0,1.23,8201.0,505.0,381.4
ALICL,5/31/2016,1478.0,1490.0,1470.0,1470.0,-0.54,7004.0,505.0,381.4
ALICL,6/1/2016,1470.0,1475.0,1460.0,1465.0,-0.34,3566.0,505.0,381.4
ALICL,6/2/2016,1465.0,1465.0,1440.0,1444.0,-1.43,2162.0,505.0,381.4
ALICL,6/5/2016,1444.0,1435.0,1400.0,1400.0,-3.05,4786.0,505.0,381.4
ALICL,6/6/2016,1400.0,1428.0,1407.0,1410.0,0.71,575.0,505.0,381.4
ALICL,6/7/2016,1410.0,1448.0,1412.0,1434.0,1.7,4480.0,505.0,381.4
ALICL,6/8/2016,1434.0,1485.0,1440.0,1485.0,3.56,8101.0,505.0,381.4
ALICL,6/9/2016,1485.0,1610.0,1470.0,1575.0,6.06,21723.0,505.0,381.4
ALICL,6/12/2016,1575.0,1600.0,1515.0,1551.0,-1.52,17744.0,505.0,381.4
ALICL,6/13/2016,1551.0,1585.0,1525.0,1585.0,2.19,24210.0,505.0,381.4
ALICL,6/14/2016,1585.0,1645.0,1590.0,1635.0,3.15,26431.0,505.0,381.4
ALICL,6/15/2016,1635.0,1755.0,1667.0,1745.0,6.73,32064.0,505.0,381.4
ALICL,6/16/2016,1745.0,1919.0,1779.0,1870.0,7.16,39483.0,505.0,381.4
ALICL,6/19/2016,1870.0,1900.0,1740.0,1790.0,-4.28,28046.0,505.0,381.4
ALICL,6/20/2016,1790.0,1805.0,1700.0,1733.0,-3.18,9451.0,505.0,381.4
ALICL,6/21/2016,1733.0,1775.0,1745.0,1770.0,2.14,6139.0,505.0,381.4
ALICL,6/22/2016,1770.0,1892.0,1770.0,1880.0,6.21,28042.0,505.0,381.4
ALICL,6/23/2016,1880.0,1989.0,1880.0,1880.0,0.0,31702.0,505.0,381.4
ALICL,6/26/2016,1880.0,1885.0,1845.0,1850.0,-1.6,8974.0,505.0,381.4
ALICL,6/27/2016,1850.0,1860.0,1790.0,1790.0,-3.24,10132.0,505.0,381.4
ALICL,6/28/2016,1790.0,1850.0,1760.0,1816.0,1.45,12863.0,505.0,381.4
ALICL,6/29/2016,1816.0,1880.0,1820.0,1820.0,0.22,7227.0,505.0,381.4
ALICL,6/30/2016,1820.0,1837.0,1821.0,1822.0,0.11,2998.0,505.0,381.4
ALICL,7/3/2016,1822.0,1820.0,1770.0,1770.0,-2.85,8371.0,505.0,381.4
ALICL,7/4/2016,1770.0,1790.0,1751.0,1790.0,1.13,8086.0,505.0,381.4
ALICL,7/5/2016,1790.0,1790.0,1745.0,1790.0,0.0,4305.0,505.0,381.4
ALICL,7/6/2016,1790.0,1790.0,1750.0,1750.0,-2.23,7831.0,505.0,381.4
ALICL,7/10/2016,1750.0,1780.0,1735.0,1758.0,0.46,8742.0,505.0,381.4
ALICL,7/11/2016,1758.0,1740.0,1715.0,1720.0,-2.16,4437.0,505.0,381.4
ALICL,7/12/2016,1720.0,1730.0,1641.0,1695.0,-1.45,4506.0,505.0,381.4
ALICL,7/13/2016,1695.0,1700.0,1653.0,1700.0,0.29,3960.0,505.0,381.4
ALICL,7/14/2016,1700.0,1750.0,1700.0,1710.0,0.59,4467.0,505.0,381.4
ALICL,7/17/2016,1710.0,1754.0,1657.0,1715.0,0.29,7656.0,505.0,381.4
ALICL,7/18/2016,1715.0,1886.0,1715.0,1886.0,9.97,7605.0,505.0,381.4
ALICL,7/19/2016,1886.0,1930.0,1785.0,1800.0,-4.56,7339.0,505.0,381.4
ALICL,7/20/2016,1800.0,1830.0,1800.0,1815.0,0.83,12992.0,505.0,381.4
ALICL,7/21/2016,1815.0,1830.0,1790.0,1812.0,-0.17,4188.0,505.0,381.4
ALICL,7/25/2016,1812.0,1855.0,1810.0,1836.0,1.32,19383.0,505.0,381.4
ALICL,7/26/2016,1836.0,1870.0,1840.0,1860.0,1.31,5801.0,505.0,381.4
ALICL,7/27/2016,1860.0,1890.0,1821.0,1840.0,-1.08,9745.0,505.0,381.4
ALICL,7/28/2016,1840.0,1880.0,1815.0,1871.0,1.68,5123.0,505.0,381.4
ALICL,7/31/2016,1871.0,1881.0,1844.0,1850.0,-1.12,12028.0,505.0,381.4
ALICL,8/1/2016,1850.0,1880.0,1830.0,1870.0,1.08,9300.0,505.0,381.4
ALICL,8/2/2016,1870.0,1880.0,1841.0,1860.0,-0.53,9599.0,505.0,381.4
ALICL,8/3/2016,1860.0,1874.0,1803.0,1837.0,-1.24,14180.0,505.0,381.4
ALICL,8/4/2016,1837.0,1835.0,1750.0,1770.0,-3.65,6954.0,505.0,381.4
ALICL,8/7/2016,1770.0,1815.0,1753.0,1756.0,-0.79,5026.0,505.0,381.4
ALICL,8/8/2016,1756.0,1726.0,1665.0,1665.0,-5.18,3979.0,505.0,381.4
ALICL,8/9/2016,1665.0,1731.0,1698.0,1731.0,3.96,630.0,505.0,381.4
ALICL,8/10/2016,1731.0,1836.0,1696.0,1760.0,1.68,8352.0,505.0,381.4
ALICL,8/11/2016,1760.0,1770.0,1750.0,1764.0,0.23,3643.0,505.0,381.4
ALICL,8/14/2016,1764.0,1735.0,1699.0,1700.0,-3.63,3154.0,505.0,381.4
ALICL,8/15/2016,1700.0,1666.0,1601.0,1630.0,-4.12,3971.0,505.0,381.4
ALICL,8/16/2016,1630.0,1695.0,1595.0,1695.0,3.99,4907.0,505.0,381.4
ALICL,8/17/2016,1695.0,1728.0,1690.0,1707.0,0.71,3077.0,505.0,381.4
ALICL,8/21/2016,1707.0,1725.0,1650.0,1650.0,-3.34,1173.0,505.0,381.4
ALICL,8/22/2016,1650.0,1650.0,1595.0,1595.0,-3.33,3424.0,505.0,381.4
ALICL,8/23/2016,1595.0,1639.0,1588.0,1605.0,0.63,3078.0,505.0,381.4
ALICL,8/24/2016,1605.0,1765.0,1637.0,1764.0,9.91,5654.0,505.0,381.4
ALICL,8/28/2016,1764.0,1799.0,1730.0,1746.0,-1.02,3103.0,505.0,381.4
ALICL,8/29/2016,1746.0,1780.0,1730.0,1745.0,-0.06,1984.0,505.0,381.4
ALICL,8/30/2016,1745.0,1750.0,1711.0,1740.0,-0.29,2183.0,505.0,381.4
ALICL,8/31/2016,1740.0,1749.0,1721.0,1721.0,-1.09,1326.0,505.0,381.4
ALICL,9/1/2016,1721.0,1730.0,1711.0,1711.0,-0.58,1850.0,505.0,381.4
ALICL,9/3/2016,1711.0,1730.0,1710.0,1730.0,1.11,1593.0,505.0,381.4
ALICL,9/4/2016,1711.0,1730.0,1710.0,1730.0,0.0,1593.0,505.0,381.4
ALICL,9/5/2016,1730.0,1725.0,1700.0,1725.0,-0.29,3044.0,505.0,381.4
ALICL,9/6/2016,1725.0,1730.0,1705.0,1725.0,0.0,4382.0,505.0,381.4
ALICL,9/7/2016,1725.0,1735.0,1720.0,1720.0,-0.29,3006.0,505.0,381.4
ALICL,9/8/2016,1720.0,1775.0,1720.0,1775.0,3.2,2847.0,505.0,381.4
ALICL,9/11/2016,1775.0,1810.0,1775.0,1775.0,0.0,5224.0,505.0,381.4
ALICL,9/12/2016,1775.0,1805.0,1772.0,1799.0,1.35,5974.0,505.0,381.4
ALICL,9/14/2016,1799.0,1820.0,1785.0,1805.0,0.33,5648.0,505.0,381.4
ALICL,9/18/2016,1805.0,1805.0,1735.0,1795.0,-0.55,3226.0,505.0,381.4
ALICL,9/20/2016,1795.0,1790.0,1790.0,1790.0,-0.28,100.0,505.0,381.4
ALICL,9/21/2016,1790.0,1790.0,1736.0,1745.0,-2.51,3269.0,505.0,381.4
ALICL,9/22/2016,1745.0,1750.0,1725.0,1745.0,0.0,2752.0,505.0,381.4
ALICL,9/25/2016,1745.0,1745.0,1685.0,1700.0,-2.58,1508.0,505.0,381.4
ALICL,9/26/2016,1700.0,1730.0,1690.0,1730.0,1.76,6243.0,505.0,381.4
ALICL,9/27/2016,1730.0,1745.0,1705.0,1730.0,0.0,934.0,505.0,381.4
ALICL,9/28/2016,1730.0,1720.0,1707.0,1720.0,-0.58,348.0,505.0,381.4
ALICL,9/29/2016,1720.0,1720.0,1712.0,1715.0,-0.29,995.0,505.0,381.4
ALICL,10/2/2016,1715.0,1720.0,1700.0,1720.0,0.29,655.0,505.0,381.4
ALICL,10/3/2016,1720.0,1740.0,1706.0,1726.0,0.35,1473.0,505.0,381.4
ALICL,10/4/2016,1726.0,1765.0,1750.0,1765.0,2.26,3684.0,505.0,381.4
ALICL,10/5/2016,1765.0,1755.0,1750.0,1755.0,-0.57,155.0,505.0,381.4
ALICL,10/6/2016,1755.0,1775.0,1755.0,1763.0,0.46,549.0,505.0,381.4
ALICL,10/16/2016,1763.0,1779.0,1755.0,1779.0,0.91,157.0,505.0,381.4
ALICL,10/17/2016,1779.0,1750.0,1725.0,1736.0,-2.42,4174.0,505.0,381.4
ALICL,10/18/2016,1736.0,1759.0,1715.0,1759.0,1.32,1943.0,505.0,381.4
ALICL,10/19/2016,1759.0,1742.0,1730.0,1731.0,-1.59,1469.0,505.0,381.4
ALICL,10/20/2016,1731.0,1750.0,1730.0,1740.0,0.52,2392.0,505.0,381.4
ALICL,10/23/2016,1740.0,1760.0,1739.0,1740.0,0.0,169.0,505.0,381.4
ALICL,10/24/2016,1740.0,1740.0,1720.0,1740.0,0.0,1323.0,505.0,381.4
ALICL,10/25/2016,1740.0,1744.0,1712.0,1740.0,0.0,945.0,505.0,381.4
ALICL,10/26/2016,1740.0,1740.0,1715.0,1740.0,0.0,3416.0,505.0,381.4
ALICL,10/27/2016,1740.0,1720.0,1712.0,1712.0,-1.61,272.0,505.0,381.4
ALICL,11/3/2016,1712.0,1712.0,1700.0,1700.0,-0.7,101.0,505.0,381.4
ALICL,11/7/2016,1700.0,1760.0,1670.0,1735.0,2.06,4396.0,505.0,381.4
ALICL,11/8/2016,1735.0,1800.0,1760.0,1787.0,3.0,9803.0,505.0,381.4
ALICL,11/9/2016,1787.0,1783.0,1730.0,1760.0,-1.51,5794.0,505.0,381.4
ALICL,11/10/2016,1760.0,1774.0,1730.0,1730.0,-1.7,3797.0,505.0,381.4
ALICL,11/13/2016,1730.0,1740.0,1710.0,1740.0,0.58,2870.0,505.0,381.4
ALICL,11/14/2016,1740.0,1738.0,1716.0,1738.0,-0.11,5512.0,505.0,381.4
ALICL,11/15/2016,1738.0,1743.0,1716.0,1716.0,-1.27,1746.0,505.0,381.4
ALICL,11/16/2016,1716.0,1795.0,1725.0,1780.0,3.73,6002.0,505.0,381.4
ALICL,11/17/2016,1780.0,1760.0,1710.0,1735.0,-2.53,6330.0,505.0,381.4
ALICL,11/20/2016,1735.0,1705.0,1642.0,1662.0,-4.21,2327.0,505.0,381.4
ALICL,11/21/2016,1662.0,1700.0,1630.0,1680.0,1.08,2469.0,505.0,381.4
ALICL,11/22/2016,1680.0,1700.0,1653.0,1666.0,-0.83,3577.0,505.0,381.4
ALICL,11/23/2016,1666.0,1650.0,1570.0,1580.0,-5.16,1026.0,505.0,381.4
ALICL,11/24/2016,1580.0,1611.0,1450.0,1480.0,-6.33,3482.0,505.0,381.4
ALICL,11/27/2016,1480.0,1470.0,1338.0,1338.0,-9.59,1862.0,505.0,381.4
ALICL,11/28/2016,1338.0,1410.0,1205.0,1410.0,5.38,17926.0,505.0,381.4
ALICL,11/29/2016,1410.0,1479.0,1324.0,1479.0,4.89,16225.0,505.0,381.4
ALICL,11/30/2016,1479.0,1601.0,1448.0,1601.0,8.25,7540.0,505.0,381.4
ALICL,12/1/2016,1601.0,1600.0,1520.0,1580.0,-1.31,7854.0,505.0,381.4
ALICL,12/4/2016,1580.0,1570.0,1489.0,1510.0,-4.43,11384.0,505.0,381.4
ALICL,12/5/2016,1510.0,1521.0,1471.0,1475.0,-2.32,10764.0,505.0,381.4
ALICL,12/6/2016,1475.0,1519.0,1472.0,1500.0,1.69,9130.0,505.0,381.4
ALICL,12/7/2016,1500.0,1539.0,1507.0,1507.0,0.47,2520.0,505.0,381.4
ALICL,12/8/2016,1507.0,1525.0,1464.0,1470.0,-2.46,7060.0,505.0,381.4
ALICL,12/11/2016,1470.0,1499.0,1422.0,1450.0,-1.36,6106.0,505.0,381.4
ALICL,12/12/2016,1450.0,1455.0,1420.0,1440.0,-0.69,12735.0,505.0,381.4
ALICL,12/14/2016,1440.0,1468.0,1422.0,1450.0,0.69,3169.0,505.0,381.4
ALICL,12/15/2016,1450.0,1520.0,1455.0,1500.0,3.45,8580.0,505.0,381.4
ALICL,12/18/2016,1500.0,1525.0,1472.0,1525.0,1.67,5577.0,505.0,381.4
ALICL,12/19/2016,1525.0,1530.0,1488.0,1490.0,-2.3,808.0,505.0,381.4
ALICL,12/20/2016,1490.0,1480.0,1451.0,1451.0,-2.62,3083.0,505.0,381.4
ALICL,12/21/2016,1451.0,1451.0,1420.0,1420.0,-2.14,6970.0,505.0,381.4
ALICL,12/22/2016,1420.0,1450.0,1420.0,1420.0,0.0,2723.0,505.0,381.4
ALICL,12/26/2016,1420.0,1410.0,1382.0,1384.0,-2.54,3588.0,505.0,381.4
ALICL,12/27/2016,1384.0,1370.0,1304.0,1330.0,-3.9,6532.0,505.0,381.4
ALICL,12/28/2016,1330.0,1383.0,1330.0,1377.0,3.53,3101.0,505.0,381.4
ALICL,12/29/2016,1377.0,1465.0,1369.0,1400.0,1.67,7869.0,505.0,381.4
ALICL,1/1/2017,1400.0,1428.0,1400.0,1410.0,0.71,7194.0,505.0,381.4
ALICL,1/2/2017,1410.0,1438.0,1405.0,1411.0,0.07,2672.0,505.0,381.4
ALICL,1/3/2017,1411.0,1411.0,1360.0,1375.0,-2.55,2163.0,505.0,381.4
ALICL,1/4/2017,1375.0,1425.0,1374.0,1390.0,1.09,480.0,505.0,381.4
ALICL,1/5/2017,1390.0,1390.0,1375.0,1375.0,-1.08,1940.0,505.0,381.4
ALICL,1/8/2017,1375.0,1390.0,1375.0,1390.0,1.09,1596.0,505.0,381.4
ALICL,1/9/2017,1390.0,1422.0,1366.0,1422.0,2.3,395.0,505.0,381.4
ALICL,1/10/2017,1422.0,1458.0,1408.0,1430.0,0.56,1429.0,505.0,381.4
ALICL,1/11/2017,1430.0,1458.0,1420.0,1420.0,-0.7,1404.0,505.0,381.4
ALICL,1/12/2017,1420.0,1420.0,1400.0,1420.0,0.0,417.0,505.0,381.4
ALICL,1/15/2017,1420.0,1400.0,1392.0,1400.0,-1.41,1429.0,505.0,381.4
ALICL,1/16/2017,1400.0,1400.0,1372.0,1385.0,-1.07,2140.0,505.0,381.4
ALICL,1/17/2017,1385.0,1400.0,1360.0,1400.0,1.08,2447.0,505.0,381.4
ALICL,1/18/2017,1400.0,1393.0,1390.0,1390.0,-0.71,783.0,505.0,381.4
ALICL,1/19/2017,1390.0,1400.0,1380.0,1380.0,-0.72,3482.0,505.0,381.4
ALICL,1/22/2017,1380.0,1407.0,1380.0,1380.0,0.0,2230.0,505.0,381.4
ALICL,1/23/2017,1380.0,1377.0,1350.0,1360.0,-1.45,3307.0,505.0,381.4
ALICL,1/24/2017,1360.0,1350.0,1320.0,1320.0,-2.94,5175.0,505.0,381.4
ALICL,1/25/2017,1320.0,1320.0,1269.0,1269.0,-3.86,1991.0,505.0,381.4
ALICL,1/26/2017,1269.0,1300.0,1245.0,1245.0,-1.89,2837.0,505.0,381.4
ALICL,1/30/2017,1245.0,1244.0,1121.0,1121.0,-9.96,12860.0,505.0,381.4
ALICL,1/31/2017,1121.0,1163.0,1056.0,1100.0,-1.87,18638.0,505.0,381.4
ALICL,2/1/2017,1100.0,1173.0,1100.0,1173.0,6.64,6271.0,505.0,381.4
ALICL,2/2/2017,1173.0,1195.0,1128.0,1135.0,-3.24,5617.0,505.0,381.4
ALICL,2/5/2017,1135.0,1160.0,1110.0,1130.0,-0.44,2510.0,505.0,381.4
ALICL,2/6/2017,1130.0,1150.0,1110.0,1110.0,-1.77,1826.0,505.0,381.4
ALICL,2/7/2017,1110.0,1110.0,1090.0,1090.0,-1.8,889.0,505.0,381.4
ALICL,2/8/2017,1090.0,1095.0,1048.0,1075.0,-1.38,6116.0,505.0,381.4
ALICL,2/9/2017,1075.0,1055.0,1014.0,1015.0,-5.58,9101.0,505.0,381.4
ALICL,2/12/2017,1015.0,1035.0,956.0,956.0,-5.81,6921.0,505.0,381.4
ALICL,2/13/2017,956.0,998.0,902.0,998.0,4.39,4789.0,505.0,381.4
ALICL,2/14/2017,998.0,1000.0,960.0,1000.0,0.2,4561.0,505.0,381.4
ALICL,2/15/2017,1000.0,1100.0,1015.0,1100.0,10.0,16582.0,505.0,381.4
ALICL,2/16/2017,1100.0,1185.0,1106.0,1178.0,7.09,17461.0,505.0,381.4
ALICL,2/19/2017,1178.0,1243.0,1125.0,1230.0,4.41,14697.0,505.0,381.4
ALICL,2/20/2017,1230.0,1290.0,1200.0,1230.0,0.0,17330.0,505.0,381.4
ALICL,2/21/2017,1230.0,1285.0,1201.0,1220.0,-0.81,10922.0,505.0,381.4
ALICL,2/22/2017,1220.0,1219.0,1186.0,1188.0,-2.62,4475.0,505.0,381.4
ALICL,2/23/2017,1188.0,1200.0,1176.0,1176.0,-1.01,2277.0,505.0,381.4
ALICL,2/26/2017,1176.0,1156.0,1118.0,1118.0,-4.93,3660.0,505.0,381.4
ALICL,2/28/2017,1118.0,1160.0,1096.0,1099.0,-1.7,5208.0,505.0,381.4
ALICL,3/1/2017,1099.0,1160.0,1110.0,1160.0,5.55,2941.0,505.0,381.4
ALICL,3/2/2017,1160.0,1183.0,1140.0,1176.0,1.38,5593.0,505.0,381.4
ALICL,3/5/2017,1176.0,1263.0,1186.0,1250.0,6.29,8591.0,505.0,381.4
ALICL,3/6/2017,1250.0,1300.0,1250.0,1265.0,1.2,8299.0,505.0,381.4
ALICL,3/7/2017,1265.0,1255.0,1222.0,1228.0,-2.92,8238.0,505.0,381.4
ALICL,3/9/2017,1228.0,1280.0,1235.0,1255.0,2.2,5881.0,505.0,381.4
ALICL,3/13/2017,1255.0,1305.0,1272.0,1296.0,3.27,11920.0,505.0,381.4
ALICL,3/14/2017,1296.0,1313.0,1274.0,1300.0,0.31,17526.0,505.0,381.4
ALICL,3/15/2017,1300.0,1304.0,1265.0,1299.0,-0.08,29126.0,505.0,381.4
ALICL,3/16/2017,1083.0,1110.0,1085.0,1100.0,-15.32,2331.0,505.0,381.4
ALICL,3/19/2017,1100.0,1150.0,1100.0,1149.0,4.45,3400.0,505.0,381.4
ALICL,3/20/2017,1149.0,1263.0,1162.0,1260.0,9.66,13133.0,505.0,381.4
ALICL,3/21/2017,1260.0,1280.0,1240.0,1258.0,-0.16,11818.0,505.0,381.4
ALICL,3/22/2017,1258.0,1283.0,1220.0,1220.0,-3.02,9258.0,505.0,381.4
ALICL,3/23/2017,1220.0,1244.0,1205.0,1220.0,0.0,3691.0,505.0,381.4
ALICL,3/26/2017,1220.0,1319.0,1197.0,1280.0,4.92,7798.0,505.0,381.4
ALICL,3/28/2017,1280.0,1350.0,1305.0,1348.0,5.31,7093.0,505.0,381.4
ALICL,3/29/2017,1348.0,1374.0,1300.0,1300.0,-3.56,9747.0,505.0,381.4
ALICL,3/30/2017,1300.0,1345.0,1315.0,1325.0,1.92,1891.0,505.0,381.4
ALICL,4/2/2017,1325.0,1457.0,1351.0,1457.0,9.96,1010.0,505.0,381.4
ALICL,4/3/2017,1457.0,1602.0,1486.0,1580.0,8.44,52051.0,505.0,381.4
ALICL,4/4/2017,1580.0,1639.0,1520.0,1590.0,0.63,18912.0,505.0,381.4
ALICL,4/6/2017,1590.0,1610.0,1561.0,1595.0,0.31,20908.0,505.0,381.4
ALICL,4/9/2017,1595.0,1610.0,1580.0,1590.0,-0.31,5539.0,505.0,381.4
ALICL,4/10/2017,1590.0,1630.0,1560.0,1611.0,1.32,28644.0,505.0,381.4
ALICL,4/11/2017,1611.0,1690.0,1615.0,1680.0,4.28,22809.0,505.0,381.4
ALICL,4/12/2017,1680.0,1709.0,1620.0,1620.0,-3.57,23367.0,505.0,381.4
ALICL,4/13/2017,1620.0,1660.0,1590.0,1620.0,0.0,13242.0,505.0,381.4
ALICL,4/16/2017,1620.0,1620.0,1566.0,1566.0,-3.33,7330.0,505.0,381.4
ALICL,4/18/2017,1566.0,1560.0,1447.0,1510.0,-3.58,9177.0,505.0,381.4
ALICL,4/19/2017,1510.0,1618.0,1511.0,1610.0,6.62,6385.0,505.0,381.4
ALICL,4/20/2017,1610.0,1674.0,1600.0,1630.0,1.24,14439.0,505.0,381.4
ALICL,4/23/2017,1630.0,1695.0,1617.0,1660.0,1.84,10945.0,505.0,381.4
ALICL,4/24/2017,1660.0,1670.0,1615.0,1632.0,-1.69,6965.0,505.0,381.4
ALICL,4/25/2017,1632.0,1640.0,1601.0,1625.0,-0.43,8483.0,505.0,381.4
ALICL,4/26/2017,1625.0,1621.0,1600.0,1621.0,-0.25,2485.0,505.0,381.4
ALICL,4/27/2017,1621.0,1629.0,1582.0,1601.0,-1.23,3731.0,505.0,381.4
ALICL,4/30/2017,1601.0,1600.0,1560.0,1585.0,-1.0,3298.0,505.0,381.4
ALICL,5/2/2017,1585.0,1620.0,1571.0,1594.0,0.57,3109.0,505.0,381.4
ALICL,5/3/2017,1594.0,1600.0,1575.0,1575.0,-1.19,5939.0,505.0,381.4
ALICL,5/4/2017,1575.0,1575.0,1561.0,1567.0,-0.51,2301.0,505.0,381.4
ALICL,5/7/2017,1567.0,1580.0,1550.0,1564.0,-0.19,5864.0,505.0,381.4
ALICL,5/8/2017,1564.0,1565.0,1550.0,1563.0,-0.06,2275.0,505.0,381.4
ALICL,5/9/2017,1563.0,1585.0,1551.0,1584.0,1.34,2027.0,505.0,381.4
ALICL,5/11/2017,1584.0,1608.0,1570.0,1570.0,-0.88,4330.0,505.0,381.4
ALICL,5/15/2017,1570.0,1600.0,1560.0,1565.0,-0.32,3390.0,505.0,381.4
ALICL,5/16/2017,1565.0,1585.0,1550.0,1561.0,-0.26,2327.0,505.0,381.4
ALICL,5/17/2017,1561.0,1560.0,1552.0,1553.0,-0.51,2757.0,505.0,381.4
ALICL,5/18/2017,1553.0,1555.0,1550.0,1555.0,0.13,1693.0,505.0,381.4
ALICL,5/21/2017,1555.0,1559.0,1510.0,1526.0,-1.86,3530.0,505.0,381.4
ALICL,5/22/2017,1526.0,1522.0,1498.0,1510.0,-1.05,6480.0,505.0,381.4
ALICL,5/23/2017,1510.0,1540.0,1510.0,1515.0,0.33,5255.0,505.0,381.4
ALICL,5/24/2017,1515.0,1535.0,1500.0,1534.0,1.25,2959.0,505.0,381.4
ALICL,5/28/2017,1534.0,1530.0,1505.0,1505.0,-1.89,2562.0,505.0,381.4
ALICL,5/30/2017,1505.0,1505.0,1475.0,1475.0,-1.99,6092.0,505.0,381.4
ALICL,5/31/2017,1475.0,1503.0,1452.0,1501.0,1.76,4552.0,505.0,381.4
ALICL,6/1/2017,1501.0,1500.0,1485.0,1489.0,-0.8,3170.0,505.0,381.4
ALICL,6/4/2017,1489.0,1480.0,1455.0,1475.0,-0.94,2727.0,505.0,381.4
ALICL,6/5/2017,1475.0,1498.0,1450.0,1491.0,1.08,2684.0,505.0,381.4
ALICL,6/6/2017,1491.0,1530.0,1500.0,1518.0,1.81,2531.0,505.0,381.4
ALICL,6/7/2017,1518.0,1530.0,1500.0,1506.0,-0.79,4286.0,505.0,381.4
ALICL,6/8/2017,1506.0,1545.0,1510.0,1514.0,0.53,6924.0,505.0,381.4
ALICL,6/11/2017,1514.0,1503.0,1490.0,1490.0,-1.59,8528.0,505.0,381.4
ALICL,6/12/2017,1490.0,1499.0,1446.0,1474.0,-1.07,1370.0,505.0,381.4
ALICL,6/13/2017,1474.0,1490.0,1470.0,1476.0,0.14,580.0,505.0,381.4
ALICL,6/14/2017,1476.0,1504.0,1480.0,1490.0,0.95,2391.0,505.0,381.4
ALICL,6/15/2017,1490.0,1516.0,1480.0,1488.0,-0.13,2169.0,505.0,381.4
ALICL,6/18/2017,1488.0,1519.0,1487.0,1500.0,0.81,5563.0,505.0,381.4
ALICL,6/19/2017,1500.0,1501.0,1470.0,1487.0,-0.87,1339.0,505.0,381.4
ALICL,6/20/2017,1487.0,1500.0,1465.0,1480.0,-0.47,864.0,505.0,381.4
ALICL,6/21/2017,1480.0,1500.0,1461.0,1465.0,-1.01,1831.0,505.0,381.4
ALICL,6/22/2017,1465.0,1494.0,1466.0,1466.0,0.07,496.0,505.0,381.4
ALICL,6/25/2017,1466.0,1490.0,1466.0,1466.0,0.0,4317.0,505.0,381.4
ALICL,6/27/2017,1466.0,1489.0,1460.0,1487.0,1.43,2186.0,505.0,381.4
ALICL,6/28/2017,1487.0,1486.0,1475.0,1486.0,-0.07,2202.0,505.0,381.4
ALICL,7/2/2017,1486.0,1485.0,1450.0,1450.0,-2.42,1760.0,505.0,381.4
ALICL,7/3/2017,1450.0,1460.0,1450.0,1452.0,0.14,1298.0,505.0,381.4
ALICL,7/4/2017,1452.0,1469.0,1446.0,1446.0,-0.41,988.0,505.0,381.4
ALICL,7/5/2017,1446.0,1455.0,1441.0,1455.0,0.62,3800.0,505.0,381.4
ALICL,7/6/2017,1455.0,1484.0,1445.0,1484.0,1.99,8837.0,505.0,381.4
ALICL,7/9/2017,1484.0,1512.0,1445.0,1473.0,-0.74,5260.0,505.0,381.4
ALICL,7/10/2017,1473.0,1475.0,1445.0,1452.0,-1.43,1904.0,505.0,381.4
ALICL,7/11/2017,1452.0,1480.0,1455.0,1470.0,1.24,5674.0,505.0,381.4
ALICL,7/12/2017,1470.0,1470.0,1460.0,1460.0,-0.68,1930.0,505.0,381.4
ALICL,7/13/2017,1460.0,1465.0,1450.0,1458.0,-0.14,6010.0,505.0,381.4
ALICL,7/16/2017,1458.0,1469.0,1445.0,1460.0,0.14,2404.0,505.0,381.4
ALICL,7/17/2017,1460.0,1490.0,1468.0,1480.0,1.37,1914.0,505.0,381.4
ALICL,7/18/2017,1480.0,1554.0,1481.0,1554.0,5.0,15229.0,505.0,381.4
ALICL,7/19/2017,1554.0,1565.0,1525.0,1530.0,-1.54,10115.0,505.0,381.4
ALICL,7/20/2017,1530.0,1555.0,1530.0,1542.0,0.78,1731.0,505.0,381.4
ALICL,7/23/2017,1542.0,1600.0,1552.0,1574.0,2.08,8665.0,505.0,381.4
ALICL,7/24/2017,1574.0,1594.0,1570.0,1585.0,0.7,8700.0,505.0,381.4
ALICL,7/25/2017,1585.0,1634.0,1580.0,1634.0,3.09,19548.0,505.0,381.4
ALICL,7/26/2017,1634.0,1695.0,1635.0,1695.0,3.73,13266.0,505.0,381.4
ALICL,7/27/2017,1695.0,1723.0,1660.0,1667.0,-1.65,8895.0,505.0,381.4
ALICL,7/30/2017,1667.0,1680.0,1639.0,1680.0,0.78,7398.0,505.0,381.4
ALICL,7/31/2017,1680.0,1670.0,1627.0,1631.0,-2.92,4293.0,505.0,381.4
ALICL,8/1/2017,1631.0,1647.0,1625.0,1635.0,0.25,4029.0,505.0,381.4
ALICL,8/2/2017,1635.0,1645.0,1630.0,1631.0,-0.24,1632.0,505.0,381.4
ALICL,8/3/2017,1631.0,1640.0,1599.0,1611.0,-1.23,4116.0,505.0,381.4
ALICL,8/6/2017,1611.0,1600.0,1575.0,1587.0,-1.49,5172.0,505.0,381.4
ALICL,8/7/2017,1587.0,1600.0,1587.0,1600.0,0.82,7566.0,505.0,381.4
ALICL,8/9/2017,1600.0,1630.0,1605.0,1628.0,1.75,11446.0,505.0,381.4
ALICL,8/10/2017,1628.0,1628.0,1597.0,1624.0,-0.25,7625.0,505.0,381.4
ALICL,8/13/2017,1624.0,1615.0,1599.0,1601.0,-1.42,5097.0,505.0,381.4
ALICL,8/15/2017,1601.0,1603.0,1580.0,1580.0,-1.31,2096.0,505.0,381.4
ALICL,8/16/2017,1580.0,1600.0,1580.0,1593.0,0.82,8272.0,505.0,381.4
ALICL,8/17/2017,1593.0,1595.0,1579.0,1590.0,-0.19,4066.0,505.0,381.4
ALICL,8/20/2017,1590.0,1590.0,1575.0,1585.0,-0.31,2594.0,505.0,381.4
ALICL,8/21/2017,1585.0,1590.0,1575.0,1581.0,-0.25,1180.0,505.0,381.4
ALICL,8/22/2017,1581.0,1612.0,1570.0,1600.0,1.2,3339.0,505.0,381.4
ALICL,8/23/2017,1600.0,1601.0,1588.0,1601.0,0.06,3050.0,505.0,381.4
ALICL,8/24/2017,1601.0,1620.0,1594.0,1613.0,0.75,1587.0,505.0,381.4
ALICL,8/27/2017,1613.0,1615.0,1590.0,1600.0,-0.81,4425.0,505.0,381.4
ALICL,8/28/2017,1600.0,1600.0,1572.0,1600.0,0.0,1592.0,505.0,381.4
ALICL,8/30/2017,1600.0,1600.0,1580.0,1596.0,-0.25,3018.0,505.0,381.4
ALICL,8/31/2017,1596.0,1596.0,1541.0,1555.0,-2.57,3384.0,505.0,381.4
ALICL,9/4/2017,1555.0,1555.0,1500.0,1508.0,-3.02,8672.0,505.0,381.4
ALICL,9/6/2017,1508.0,1549.0,1490.0,1535.0,1.79,708.0,505.0,381.4
ALICL,9/7/2017,1535.0,1565.0,1525.0,1550.0,0.98,2487.0,505.0,381.4
ALICL,9/10/2017,1550.0,1550.0,1505.0,1520.0,-1.94,3205.0,505.0,381.4
ALICL,9/11/2017,1520.0,1525.0,1492.0,1514.0,-0.39,5964.0,505.0,381.4
ALICL,9/12/2017,1514.0,1505.0,1460.0,1470.0,-2.91,4496.0,505.0,381.4
ALICL,9/13/2017,1470.0,1495.0,1453.0,1461.0,-0.61,5097.0,505.0,381.4
ALICL,9/14/2017,1461.0,1503.0,1450.0,1503.0,2.87,2164.0,505.0,381.4
ALICL,9/17/2017,1503.0,1533.0,1490.0,1508.0,0.33,11371.0,505.0,381.4
ALICL,9/18/2017,1508.0,1508.0,1490.0,1498.0,-0.66,1626.0,505.0,381.4
ALICL,9/20/2017,1498.0,1500.0,1479.0,1489.0,-0.6,1304.0,505.0,381.4
ALICL,9/24/2017,1489.0,1495.0,1490.0,1491.0,0.13,1710.0,505.0,381.4
ALICL,9/25/2017,1491.0,1499.0,1490.0,1492.0,0.07,1561.0,505.0,381.4
ALICL,9/26/2017,1492.0,1505.0,1498.0,1505.0,0.87,2383.0,505.0,381.4
ALICL,10/3/2017,1505.0,1505.0,1486.0,1495.0,-0.66,870.0,505.0,381.4
ALICL,10/4/2017,1495.0,1500.0,1500.0,1500.0,0.33,345.0,505.0,381.4
ALICL,10/8/2017,1500.0,1471.0,1441.0,1441.0,-3.93,2315.0,505.0,381.4
ALICL,10/9/2017,1441.0,1468.0,1440.0,1468.0,1.87,2804.0,505.0,381.4
ALICL,10/10/2017,1468.0,1485.0,1461.0,1465.0,-0.2,514.0,505.0,381.4
ALICL,10/11/2017,1465.0,1470.0,1460.0,1460.0,-0.34,1980.0,505.0,381.4
ALICL,10/12/2017,1460.0,1470.0,1463.0,1470.0,0.68,574.0,505.0,381.4
ALICL,10/15/2017,1470.0,1475.0,1450.0,1475.0,0.34,452.0,505.0,381.4
ALICL,10/16/2017,1475.0,1514.0,1473.0,1514.0,2.64,1914.0,505.0,381.4
ALICL,10/17/2017,1514.0,1538.0,1504.0,1519.0,0.33,1934.0,505.0,381.4
ALICL,10/18/2017,1519.0,1549.0,1501.0,1549.0,1.97,2688.0,505.0,381.4
ALICL,10/22/2017,1549.0,1577.0,1535.0,1535.0,-0.9,119.0,505.0,381.4
ALICL,10/23/2017,1535.0,1549.0,1522.0,1530.0,-0.33,872.0,505.0,381.4
ALICL,10/24/2017,1530.0,1510.0,1495.0,1510.0,-1.31,713.0,505.0,381.4
ALICL,10/25/2017,1510.0,1520.0,1480.0,1520.0,0.66,3823.0,505.0,381.4
ALICL,10/29/2017,1520.0,1520.0,1490.0,1492.0,-1.84,1720.0,505.0,381.4
ALICL,10/30/2017,1492.0,1490.0,1489.0,1490.0,-0.13,186.0,505.0,381.4
ALICL,10/31/2017,1490.0,1515.0,1480.0,1480.0,-0.67,478.0,505.0,381.4
ALICL,11/1/2017,1480.0,1461.0,1440.0,1456.0,-1.62,2454.0,505.0,381.4
ALICL,11/2/2017,1456.0,1456.0,1435.0,1450.0,-0.41,3583.0,505.0,381.4
ALICL,11/5/2017,1450.0,1445.0,1425.0,1426.0,-1.66,5768.0,505.0,381.4
ALICL,11/6/2017,1426.0,1450.0,1421.0,1424.0,-0.14,4142.0,505.0,381.4
ALICL,11/7/2017,1424.0,1430.0,1405.0,1425.0,0.07,2412.0,505.0,381.4
ALICL,11/8/2017,1425.0,1410.0,1390.0,1397.0,-1.96,949.0,505.0,381.4
ALICL,11/9/2017,1397.0,1420.0,1366.0,1399.0,0.14,3336.0,505.0,381.4
ALICL,11/12/2017,1399.0,1407.0,1405.0,1407.0,0.57,250.0,505.0,381.4
ALICL,11/13/2017,1407.0,1437.0,1395.0,1437.0,2.13,5009.0,505.0,381.4
ALICL,11/14/2017,1437.0,1467.0,1432.0,1440.0,0.21,2327.0,505.0,381.4
ALICL,11/15/2017,1440.0,1435.0,1415.0,1435.0,-0.35,1847.0,505.0,381.4
ALICL,11/16/2017,1435.0,1430.0,1420.0,1420.0,-1.05,809.0,505.0,381.4
ALICL,11/19/2017,1420.0,1420.0,1380.0,1393.0,-1.9,3164.0,505.0,381.4
ALICL,11/20/2017,1393.0,1410.0,1392.0,1410.0,1.22,1381.0,505.0,381.4
ALICL,11/21/2017,1410.0,1420.0,1390.0,1400.0,-0.71,2527.0,505.0,381.4
ALICL,11/22/2017,1400.0,1405.0,1400.0,1405.0,0.36,1195.0,505.0,381.4
ALICL,11/23/2017,1405.0,1410.0,1400.0,1402.0,-0.21,594.0,505.0,381.4
ALICL,11/26/2017,1402.0,1449.0,1400.0,1437.0,2.5,976.0,505.0,381.4
ALICL,11/27/2017,1437.0,1440.0,1410.0,1421.0,-1.11,2335.0,505.0,381.4
ALICL,11/28/2017,1421.0,1435.0,1425.0,1425.0,0.28,613.0,505.0,381.4
ALICL,11/29/2017,1425.0,1468.0,1425.0,1440.0,1.05,636.0,505.0,381.4
ALICL,11/30/2017,1440.0,1468.0,1447.0,1460.0,1.39,991.0,505.0,381.4
ALICL,12/4/2017,1460.0,1449.0,1430.0,1440.0,-1.37,626.0,505.0,381.4
ALICL,12/5/2017,1440.0,1485.0,1455.0,1485.0,3.12,4497.0,505.0,381.4
ALICL,12/6/2017,1485.0,1512.0,1482.0,1512.0,1.82,7248.0,505.0,381.4
ALICL,12/10/2017,1512.0,1500.0,1479.0,1499.0,-0.86,1121.0,505.0,381.4
ALICL,12/11/2017,1499.0,1498.0,1453.0,1482.0,-1.13,2054.0,505.0,381.4
ALICL,12/12/2017,1482.0,1455.0,1435.0,1437.0,-3.04,1681.0,505.0,381.4
ALICL,12/13/2017,1437.0,1462.0,1435.0,1462.0,1.74,1248.0,505.0,381.4
ALICL,12/14/2017,1462.0,1460.0,1449.0,1449.0,-0.89,2111.0,505.0,381.4
ALICL,12/17/2017,1449.0,1452.0,1440.0,1440.0,-0.62,497.0,505.0,381.4
ALICL,12/18/2017,1440.0,1455.0,1438.0,1441.0,0.07,6659.0,505.0,381.4
ALICL,12/19/2017,1441.0,1449.0,1440.0,1449.0,0.56,846.0,505.0,381.4
ALICL,12/20/2017,1449.0,1440.0,1432.0,1433.0,-1.1,1686.0,505.0,381.4
ALICL,12/21/2017,1433.0,1430.0,1410.0,1425.0,-0.56,3110.0,505.0,381.4
ALICL,12/24/2017,1425.0,1450.0,1425.0,1425.0,0.0,1913.0,505.0,381.4
ALICL,12/26/2017,1425.0,1405.0,1393.0,1394.0,-2.18,3234.0,505.0,381.4
ALICL,12/27/2017,1394.0,1399.0,1371.0,1380.0,-1.0,4427.0,505.0,381.4
ALICL,12/28/2017,1380.0,1395.0,1360.0,1384.0,0.29,4164.0,505.0,381.4
ALICL,12/31/2017,1384.0,1380.0,1363.0,1372.0,-0.87,760.0,505.0,381.4
ALICL,1/1/2018,1372.0,1404.0,1365.0,1403.0,2.26,4831.0,505.0,381.4
ALICL,1/2/2018,1403.0,1419.0,1380.0,1381.0,-1.57,2506.0,505.0,381.4
ALICL,1/3/2018,1381.0,1381.0,1365.0,1366.0,-1.09,870.0,505.0,381.4
ALICL,1/4/2018,1366.0,1380.0,1361.0,1361.0,-0.37,3546.0,505.0,381.4
ALICL,1/7/2018,1361.0,1388.0,1344.0,1375.0,1.03,386.0,505.0,381.4
ALICL,1/8/2018,1375.0,1450.0,1399.0,1450.0,5.45,8299.0,505.0,381.4
ALICL,1/9/2018,1450.0,1452.0,1420.0,1420.0,-2.07,6091.0,505.0,381.4
ALICL,1/10/2018,1420.0,1448.0,1391.0,1400.0,-1.41,3810.0,505.0,381.4
ALICL,1/14/2018,1400.0,1401.0,1375.0,1383.0,-1.21,2268.0,505.0,381.4
ALICL,1/16/2018,1383.0,1390.0,1359.0,1365.0,-1.3,4454.0,505.0,381.4
ALICL,1/17/2018,1365.0,1353.0,1338.0,1339.0,-1.9,8799.0,505.0,381.4
ALICL,1/21/2018,1339.0,1350.0,1316.0,1316.0,-1.72,18945.0,505.0,381.4
ALICL,1/22/2018,911.0,911.0,885.0,891.0,-32.29,2651.0,505.0,381.4
ALICL,1/23/2018,891.0,890.0,878.0,878.0,-1.46,1075.0,505.0,381.4
ALICL,1/24/2018,878.0,880.0,878.0,879.0,0.11,1094.0,505.0,381.4
ALICL,1/25/2018,879.0,905.0,880.0,905.0,2.96,2893.0,505.0,381.4
ALICL,1/28/2018,905.0,905.0,880.0,887.0,-1.99,2316.0,505.0,381.4
ALICL,1/29/2018,887.0,885.0,875.0,883.0,-0.45,836.0,505.0,381.4
ALICL,1/31/2018,883.0,884.0,870.0,880.0,-0.34,810.0,505.0,381.4
ALICL,2/1/2018,880.0,885.0,876.0,877.0,-0.34,1447.0,505.0,381.4
ALICL,2/4/2018,877.0,880.0,872.0,872.0,-0.57,1401.0,505.0,381.4
ALICL,2/5/2018,872.0,870.0,865.0,865.0,-0.8,665.0,505.0,381.4
ALICL,2/6/2018,865.0,865.0,860.0,865.0,0.0,113.0,505.0,381.4
ALICL,2/7/2018,865.0,860.0,840.0,840.0,-2.89,995.0,505.0,381.4
ALICL,2/8/2018,840.0,855.0,841.0,855.0,1.79,2709.0,505.0,381.4
ALICL,2/11/2018,855.0,867.0,846.0,867.0,1.4,1642.0,505.0,381.4
ALICL,2/12/2018,867.0,861.0,845.0,855.0,-1.38,871.0,505.0,381.4
ALICL,2/14/2018,855.0,860.0,842.0,860.0,0.58,1626.0,505.0,381.4
ALICL,2/15/2018,860.0,902.0,860.0,902.0,4.88,2508.0,505.0,381.4
ALICL,2/18/2018,920.0,920.0,875.0,890.0,-1.33,2937.0,505.0,381.4
ALICL,2/20/2018,890.0,890.0,856.0,872.0,-2.02,1154.0,505.0,381.4
ALICL,2/21/2018,856.0,860.0,854.0,854.0,-2.06,251.0,505.0,381.4
ALICL,2/22/2018,844.0,855.0,843.0,845.0,-1.05,738.0,505.0,381.4
ALICL,2/25/2018,846.0,846.0,840.0,840.0,-0.59,291.0,505.0,381.4
ALICL,2/26/2018,835.0,835.0,811.0,820.0,-2.38,1275.0,505.0,381.4
ALICL,2/27/2018,813.0,835.0,812.0,820.0,0.0,1458.0,505.0,381.4
ALICL,2/28/2018,820.0,820.0,800.0,805.0,-1.83,1490.0,505.0,381.4
ALICL,3/4/2018,805.0,805.0,745.0,759.0,-5.71,2044.0,505.0,381.4
ALICL,3/5/2018,752.0,752.0,731.0,731.0,-3.69,1463.0,505.0,381.4
ALICL,3/6/2018,720.0,758.0,710.0,758.0,3.69,2165.0,505.0,381.4
ALICL,3/7/2018,765.0,765.0,743.0,761.0,0.4,2514.0,505.0,381.4
ALICL,3/11/2018,746.0,746.0,704.0,707.0,-7.1,4184.0,505.0,381.4
ALICL,3/12/2018,700.0,719.0,700.0,700.0,-0.99,1481.0,505.0,381.4
ALICL,3/13/2018,702.0,705.0,702.0,705.0,0.71,370.0,505.0,381.4
ALICL,3/14/2018,710.0,710.0,710.0,710.0,0.71,38.0,505.0,381.4
ALICL,3/15/2018,710.0,724.0,702.0,702.0,-1.13,1055.0,505.0,381.4
ALICL,3/18/2018,700.0,702.0,697.0,702.0,0.0,1349.0,505.0,381.4
ALICL,3/19/2018,700.0,700.0,689.0,689.0,-1.85,1099.0,505.0,381.4
ALICL,3/20/2018,690.0,690.0,663.0,663.0,-3.77,2337.0,505.0,381.4
ALICL,3/21/2018,660.0,660.0,635.0,640.0,-3.47,1600.0,505.0,381.4
ALICL,3/22/2018,630.0,646.0,600.0,633.0,-1.09,3874.0,505.0,381.4
ALICL,3/26/2018,621.0,621.0,570.0,570.0,-9.95,2440.0,505.0,381.4
ALICL,3/27/2018,562.0,608.0,529.0,581.0,1.93,7171.0,505.0,381.4
ALICL,3/28/2018,580.0,591.0,560.0,560.0,-3.61,8019.0,505.0,381.4
ALICL,3/29/2018,571.0,591.0,571.0,584.0,4.29,2040.0,505.0,381.4
ALICL,4/1/2018,580.0,586.0,560.0,580.0,-0.68,3028.0,505.0,381.4
ALICL,4/2/2018,591.0,591.0,580.0,589.0,1.55,383.0,505.0,381.4
ALICL,4/3/2018,591.0,600.0,579.0,600.0,1.87,1864.0,505.0,381.4
ALICL,4/4/2018,609.0,624.0,605.0,620.0,3.33,2317.0,505.0,381.4
ALICL,4/5/2018,632.0,650.0,600.0,650.0,4.84,8414.0,505.0,381.4
ALICL,4/8/2018,640.0,715.0,640.0,680.0,4.62,9002.0,505.0,381.4
ALICL,4/9/2018,682.0,730.0,680.0,700.0,2.94,8861.0,505.0,381.4
ALICL,4/10/2018,687.0,725.0,675.0,680.0,-2.86,4394.0,505.0,381.4
ALICL,4/11/2018,670.0,693.0,653.0,693.0,1.91,5321.0,505.0,381.4
ALICL,4/12/2018,703.0,717.0,696.0,700.0,1.01,8218.0,505.0,381.4
ALICL,4/15/2018,710.0,718.0,672.0,718.0,2.57,4093.0,505.0,381.4
ALICL,4/16/2018,715.0,789.0,715.0,789.0,9.89,17368.0,505.0,381.4
ALICL,4/17/2018,800.0,867.0,785.0,867.0,9.89,18025.0,505.0,381.4
ALICL,4/18/2018,884.0,890.0,827.0,830.0,-4.27,19435.0,505.0,381.4
ALICL,4/19/2018,844.0,872.0,838.0,860.0,3.61,15448.0,505.0,381.4
ALICL,4/22/2018,877.0,914.0,865.0,914.0,6.28,10547.0,505.0,381.4
ALICL,4/23/2018,930.0,940.0,865.0,870.0,-4.81,13566.0,505.0,381.4
ALICL,4/24/2018,861.0,900.0,845.0,882.0,1.38,9228.0,505.0,381.4
ALICL,4/25/2018,870.0,886.0,860.0,874.0,-0.91,11250.0,505.0,381.4
ALICL,4/26/2018,857.0,857.0,830.0,831.0,-4.92,17824.0,505.0,381.4
ALICL,4/29/2018,820.0,847.0,816.0,831.0,0.0,6798.0,505.0,381.4
ALICL,5/2/2018,825.0,858.0,825.0,858.0,3.25,3182.0,505.0,381.4
ALICL,5/3/2018,861.0,869.0,852.0,852.0,-0.7,6112.0,505.0,381.4
ALICL,5/6/2018,852.0,859.0,851.0,853.0,0.12,3883.0,505.0,381.4
ALICL,5/7/2018,850.0,855.0,850.0,854.0,0.12,2565.0,505.0,381.4
ALICL,5/8/2018,870.0,885.0,856.0,878.0,2.81,14113.0,505.0,381.4
ALICL,5/9/2018,878.0,885.0,875.0,875.0,-0.34,4386.0,505.0,381.4
ALICL,5/10/2018,890.0,890.0,865.0,870.0,-0.57,2628.0,505.0,381.4
ALICL,5/14/2018,855.0,863.0,853.0,858.0,-1.38,2369.0,505.0,381.4
ALICL,5/15/2018,846.0,848.0,840.0,840.0,-2.1,2613.0,505.0,381.4
ALICL,5/16/2018,850.0,856.0,850.0,850.0,1.19,2375.0,505.0,381.4
ALICL,5/17/2018,867.0,867.0,851.0,853.0,0.35,2531.0,505.0,381.4
ALICL,5/20/2018,810.0,817.0,804.0,804.0,-5.74,4220.0,505.0,381.4
ALICL,5/21/2018,802.0,802.0,790.0,790.0,-1.74,2160.0,505.0,381.4
ALICL,5/22/2018,785.0,785.0,766.0,777.0,-1.65,2485.0,505.0,381.4
ALICL,5/23/2018,770.0,780.0,768.0,769.0,-1.03,2525.0,505.0,381.4
ALICL,5/24/2018,757.0,760.0,757.0,760.0,-1.17,414.0,505.0,381.4
ALICL,5/27/2018,760.0,760.0,753.0,755.0,-0.66,1232.0,505.0,381.4
ALICL,5/28/2018,761.0,790.0,760.0,790.0,4.64,326.0,505.0,381.4
ALICL,5/29/2018,800.0,800.0,775.0,775.0,-1.9,4181.0,505.0,381.4
ALICL,5/30/2018,775.0,800.0,775.0,780.0,0.65,1778.0,505.0,381.4
ALICL,5/31/2018,795.0,795.0,765.0,771.0,-1.15,1907.0,505.0,381.4
ALICL,6/3/2018,756.0,770.0,746.0,760.0,-1.43,1373.0,505.0,381.4
ALICL,6/4/2018,750.0,750.0,727.0,727.0,-4.34,1699.0,505.0,381.4
ALICL,6/6/2018,741.0,741.0,731.0,731.0,0.55,950.0,505.0,381.4
ALICL,6/7/2018,731.0,732.0,717.0,717.0,-1.92,1999.0,505.0,381.4
ALICL,6/10/2018,703.0,710.0,679.0,679.0,-5.3,2104.0,505.0,381.4
ALICL,6/11/2018,692.0,710.0,680.0,695.0,2.36,1009.0,505.0,381.4
ALICL,6/12/2018,690.0,703.0,685.0,703.0,1.15,1134.0,505.0,381.4
ALICL,6/13/2018,700.0,705.0,696.0,697.0,-0.85,1193.0,505.0,381.4
ALICL,6/14/2018,700.0,708.0,700.0,700.0,0.43,1745.0,505.0,381.4
ALICL,6/17/2018,713.0,713.0,700.0,700.0,0.0,170.0,505.0,381.4
ALICL,6/18/2018,686.0,694.0,674.0,690.0,-1.43,1863.0,505.0,381.4
ALICL,6/19/2018,680.0,680.0,680.0,680.0,-1.45,355.0,505.0,381.4
ALICL,6/20/2018,680.0,680.0,670.0,670.0,-1.47,110.0,505.0,381.4
ALICL,6/21/2018,670.0,683.0,670.0,670.0,0.0,519.0,505.0,381.4
ALICL,6/24/2018,666.0,690.0,661.0,690.0,2.99,835.0,505.0,381.4
ALICL,6/25/2018,692.0,692.0,666.0,666.0,-3.48,758.0,505.0,381.4
ALICL,6/26/2018,655.0,670.0,650.0,652.0,-2.1,2289.0,505.0,381.4
ALICL,6/27/2018,650.0,660.0,639.0,642.0,-1.53,2611.0,505.0,381.4
ALICL,6/28/2018,650.0,655.0,643.0,643.0,0.16,1642.0,505.0,381.4
ALICL,7/1/2018,631.0,646.0,624.0,646.0,0.47,1368.0,505.0,381.4
ALICL,7/2/2018,634.0,638.0,625.0,631.0,-2.32,782.0,505.0,381.4
ALICL,7/3/2018,620.0,620.0,600.0,618.0,-2.06,8829.0,505.0,381.4
ALICL,7/4/2018,616.0,632.0,605.0,620.0,0.32,3095.0,505.0,381.4
ALICL,7/5/2018,620.0,670.0,620.0,667.0,7.58,5293.0,505.0,381.4
ALICL,7/8/2018,665.0,684.0,656.0,658.0,-1.35,5163.0,505.0,381.4
ALICL,7/9/2018,671.0,671.0,633.0,633.0,-3.8,2295.0,505.0,381.4
ALICL,7/10/2018,645.0,655.0,644.0,653.0,3.16,4360.0,505.0,381.4
ALICL,7/11/2018,653.0,669.0,645.0,650.0,-0.46,1869.0,505.0,381.4
ALICL,7/12/2018,648.0,648.0,635.0,640.0,-1.54,2016.0,505.0,381.4
ALICL,7/15/2018,640.0,640.0,635.0,636.0,-0.62,808.0,505.0,381.4
ALICL,7/16/2018,645.0,683.0,642.0,683.0,7.39,2322.0,505.0,381.4
ALICL,7/17/2018,670.0,670.0,651.0,661.0,-3.22,721.0,505.0,381.4
ALICL,7/18/2018,651.0,652.0,641.0,641.0,-3.03,838.0,505.0,381.4
ALICL,7/19/2018,629.0,640.0,626.0,632.0,-1.4,615.0,505.0,381.4
ALICL,7/22/2018,630.0,630.0,627.0,630.0,-0.32,978.0,505.0,381.4
ALICL,7/23/2018,635.0,638.0,630.0,633.0,0.48,1402.0,505.0,381.4
ALICL,7/24/2018,645.0,657.0,637.0,637.0,0.63,2756.0,505.0,381.4
ALICL,7/25/2018,630.0,646.0,630.0,646.0,1.41,372.0,505.0,381.4
ALICL,7/26/2018,640.0,640.0,636.0,640.0,-0.93,1362.0,505.0,381.4
ALICL,7/30/2018,645.0,645.0,619.0,622.0,-2.81,1509.0,505.0,381.4
ALICL,7/31/2018,620.0,632.0,620.0,632.0,1.61,1112.0,505.0,381.4
ALICL,8/1/2018,627.0,632.0,625.0,632.0,0.0,1072.0,505.0,381.4
ALICL,8/2/2018,635.0,635.0,626.0,632.0,0.0,1536.0,505.0,381.4
ALICL,8/5/2018,632.0,635.0,630.0,630.0,-0.32,2427.0,505.0,381.4
ALICL,8/6/2018,631.0,631.0,630.0,630.0,0.0,534.0,505.0,381.4
ALICL,8/7/2018,623.0,630.0,622.0,625.0,-0.79,1334.0,505.0,381.4
ALICL,8/8/2018,615.0,615.0,610.0,610.0,-2.4,278.0,505.0,381.4
ALICL,8/9/2018,601.0,615.0,601.0,607.0,-0.49,3389.0,505.0,381.4
ALICL,8/12/2018,602.0,602.0,597.0,600.0,-1.15,1096.0,505.0,381.4
ALICL,8/13/2018,595.0,614.0,595.0,607.0,1.17,1983.0,505.0,381.4
ALICL,8/14/2018,610.0,618.0,610.0,618.0,1.81,455.0,505.0,381.4
ALICL,8/15/2018,610.0,638.0,608.0,636.0,2.91,1816.0,505.0,381.4
ALICL,8/16/2018,636.0,636.0,620.0,620.0,-2.52,3342.0,505.0,381.4
ALICL,8/19/2018,625.0,625.0,615.0,615.0,-0.81,7240.0,505.0,381.4
ALICL,8/20/2018,616.0,616.0,605.0,616.0,0.16,989.0,505.0,381.4
ALICL,8/21/2018,608.0,610.0,607.0,610.0,-0.97,765.0,505.0,381.4
ALICL,8/22/2018,603.0,608.0,602.0,602.0,-1.31,2273.0,505.0,381.4
ALICL,8/23/2018,600.0,602.0,594.0,594.0,-1.33,10350.0,505.0,381.4
ALICL,8/26/2018,598.0,600.0,598.0,599.0,0.84,270.0,505.0,381.4
ALICL,8/28/2018,601.0,601.0,595.0,595.0,-0.67,634.0,505.0,381.4
ALICL,8/29/2018,591.0,594.0,590.0,591.0,-0.67,1536.0,505.0,381.4
ALICL,8/30/2018,595.0,595.0,595.0,595.0,0.68,20.0,505.0,381.4
ALICL,9/2/2018,595.0,602.0,595.0,595.0,0.0,729.0,505.0,381.4
ALICL,9/3/2018,606.0,610.0,595.0,600.0,0.84,3234.0,505.0,381.4
ALICL,9/4/2018,609.0,619.0,600.0,605.0,0.83,2990.0,505.0,381.4
ALICL,9/5/2018,615.0,625.0,610.0,613.0,1.32,4196.0,505.0,381.4
ALICL,9/6/2018,614.0,624.0,602.0,612.0,-0.16,4336.0,505.0,381.4
ALICL,9/9/2018,608.0,608.0,591.0,591.0,-3.43,1540.0,505.0,381.4
ALICL,9/10/2018,591.0,601.0,591.0,599.0,1.35,2062.0,505.0,381.4
ALICL,9/11/2018,600.0,603.0,593.0,593.0,-1.0,1355.0,505.0,381.4
ALICL,9/12/2018,600.0,614.0,590.0,590.0,-0.51,1074.0,505.0,381.4
ALICL,9/13/2018,601.0,605.0,593.0,599.0,1.53,709.0,505.0,381.4
ALICL,9/16/2018,610.0,610.0,598.0,598.0,-0.17,3852.0,505.0,381.4
ALICL,9/17/2018,590.0,625.0,590.0,610.0,2.01,6413.0,505.0,381.4
ALICL,9/18/2018,605.0,630.0,605.0,612.0,0.33,6633.0,505.0,381.4
ALICL,9/20/2018,610.0,615.0,609.0,615.0,0.49,2169.0,505.0,381.4
ALICL,9/23/2018,610.0,620.0,607.0,607.0,-1.3,1264.0,505.0,381.4
ALICL,9/25/2018,601.0,626.0,600.0,610.0,0.49,5435.0,505.0,381.4
ALICL,9/26/2018,615.0,620.0,610.0,613.0,0.49,6536.0,505.0,381.4
ALICL,9/27/2018,613.0,613.0,602.0,602.0,-1.79,2480.0,505.0,381.4
ALICL,9/30/2018,601.0,605.0,594.0,596.0,-1.0,1476.0,505.0,381.4
ALICL,10/1/2018,590.0,601.0,590.0,599.0,0.5,1090.0,505.0,381.4
ALICL,10/2/2018,597.0,597.0,591.0,592.0,-1.17,1246.0,505.0,381.4
ALICL,10/3/2018,595.0,595.0,586.0,590.0,-0.34,2479.0,505.0,381.4
ALICL,10/4/2018,586.0,592.0,582.0,590.0,0.0,3340.0,505.0,381.4
ALICL,10/7/2018,590.0,590.0,571.0,582.0,-1.36,2927.0,505.0,381.4
ALICL,10/8/2018,585.0,585.0,581.0,583.0,0.17,1108.0,505.0,381.4
ALICL,10/9/2018,584.0,585.0,580.0,581.0,-0.34,953.0,505.0,381.4
ALICL,10/10/2018,582.0,582.0,578.0,578.0,-0.52,1304.0,505.0,381.4
ALICL,10/11/2018,580.0,582.0,580.0,582.0,0.69,2397.0,505.0,381.4
ALICL,10/14/2018,593.0,593.0,587.0,593.0,1.89,688.0,505.0,381.4
ALICL,10/15/2018,585.0,590.0,580.0,588.0,-0.84,1320.0,505.0,381.4
ALICL,10/21/2018,592.0,592.0,592.0,592.0,0.68,312.0,505.0,381.4
ALICL,10/22/2018,585.0,590.0,583.0,583.0,-1.52,339.0,505.0,381.4
ALICL,10/23/2018,576.0,580.0,575.0,576.0,-1.2,2259.0,505.0,381.4
ALICL,10/24/2018,579.0,580.0,570.0,580.0,0.69,742.0,505.0,381.4
ALICL,10/25/2018,575.0,579.0,574.0,575.0,-0.86,1742.0,505.0,381.4
ALICL,10/28/2018,570.0,575.0,568.0,568.0,-1.22,1384.0,505.0,381.4
ALICL,10/29/2018,561.0,570.0,561.0,566.0,-0.35,1576.0,505.0,381.4
ALICL,10/30/2018,577.0,577.0,563.0,570.0,0.71,2493.0,505.0,381.4
ALICL,10/31/2018,567.0,567.0,566.0,566.0,-0.7,806.0,505.0,381.4
ALICL,11/1/2018,568.0,568.0,565.0,566.0,0.0,635.0,505.0,381.4
ALICL,11/4/2018,568.0,568.0,557.0,557.0,-1.59,1051.0,505.0,381.4
ALICL,11/5/2018,550.0,570.0,550.0,570.0,2.33,2554.0,505.0,381.4
ALICL,11/11/2018,570.0,570.0,569.0,569.0,-0.18,49.0,505.0,381.4
ALICL,11/12/2018,560.0,570.0,559.0,560.0,-1.58,1096.0,505.0,381.4
ALICL,11/13/2018,560.0,561.0,560.0,561.0,0.18,39.0,505.0,381.4
ALICL,11/14/2018,561.0,568.0,561.0,565.0,0.71,383.0,505.0,381.4
ALICL,11/15/2018,576.0,576.0,555.0,560.0,-0.88,1590.0,505.0,381.4
ALICL,11/18/2018,549.0,551.0,547.0,549.0,-1.96,3790.0,505.0,381.4
ALICL,11/19/2018,540.0,550.0,540.0,543.0,-1.09,856.0,505.0,381.4
ALICL,11/20/2018,545.0,555.0,543.0,550.0,1.29,859.0,505.0,381.4
ALICL,11/21/2018,550.0,550.0,540.0,550.0,0.0,580.0,505.0,381.4
ALICL,11/22/2018,548.0,548.0,548.0,548.0,-0.36,72.0,505.0,381.4
ALICL,11/25/2018,545.0,545.0,529.0,530.0,-3.28,639.0,505.0,381.4
ALICL,11/26/2018,532.0,532.0,515.0,516.0,-2.64,4981.0,505.0,381.4
ALICL,11/27/2018,515.0,527.0,515.0,517.0,0.19,1000.0,505.0,381.4
ALICL,11/28/2018,520.0,520.0,511.0,515.0,-0.39,865.0,505.0,381.4
ALICL,11/29/2018,512.0,512.0,496.0,496.0,-3.69,2427.0,505.0,381.4
ALICL,12/2/2018,488.0,495.0,470.0,474.0,-4.44,1321.0,505.0,381.4
ALICL,12/3/2018,475.0,490.0,470.0,470.0,-0.84,4569.0,505.0,381.4
ALICL,12/4/2018,468.0,477.0,468.0,477.0,1.49,2696.0,505.0,381.4
ALICL,12/5/2018,470.0,470.0,454.0,454.0,-4.82,7487.0,505.0,381.4
ALICL,12/6/2018,446.0,460.0,445.0,458.0,0.88,3987.0,505.0,381.4
ALICL,12/9/2018,452.0,459.0,452.0,455.0,-0.66,450.0,505.0,381.4
ALICL,12/10/2018,460.0,473.0,460.0,464.0,1.98,1433.0,505.0,381.4
ALICL,12/11/2018,465.0,475.0,465.0,471.0,1.51,3401.0,505.0,381.4
ALICL,12/12/2018,466.0,478.0,466.0,477.0,1.27,1887.0,505.0,381.4
ALICL,12/13/2018,477.0,490.0,474.0,490.0,2.73,3395.0,505.0,381.4
ALICL,12/16/2018,484.0,516.0,484.0,516.0,5.31,8923.0,505.0,381.4
ALICL,12/17/2018,526.0,566.0,525.0,550.0,6.59,9045.0,505.0,381.4
ALICL,12/18/2018,558.0,560.0,538.0,550.0,0.0,14327.0,505.0,381.4
ALICL,12/19/2018,550.0,569.0,540.0,552.0,0.36,7227.0,505.0,381.4
ALICL,12/20/2018,563.0,564.0,554.0,557.0,0.91,4944.0,505.0,381.4
ALICL,12/23/2018,568.0,608.0,568.0,600.0,7.72,14570.0,505.0,381.4
ALICL,12/24/2018,610.0,620.0,577.0,605.0,0.83,21076.0,505.0,381.4
ALICL,12/25/2018,601.0,602.0,595.0,600.0,-0.83,10700.0,505.0,381.4
ALICL,12/26/2018,611.0,634.0,611.0,634.0,5.67,27484.0,505.0,381.4
ALICL,12/27/2018,646.0,658.0,626.0,648.0,2.21,26769.0,505.0,381.4
ALICL,12/30/2018,636.0,650.0,630.0,632.0,-2.47,4972.0,505.0,381.4
ALICL,12/31/2018,640.0,640.0,607.0,607.0,-3.96,6151.0,505.0,381.4
ALICL,1/1/2019,620.0,631.0,604.0,616.0,1.48,4796.0,505.0,381.4
ALICL,1/2/2019,628.0,628.0,603.0,604.0,-1.95,7396.0,505.0,381.4
ALICL,1/3/2019,610.0,615.0,604.0,611.0,1.16,7387.0,505.0,381.4
ALICL,1/6/2019,615.0,615.0,599.0,600.0,-1.8,3297.0,505.0,381.4
ALICL,1/7/2019,611.0,613.0,605.0,613.0,2.17,1769.0,505.0,381.4
ALICL,1/8/2019,611.0,615.0,610.0,615.0,0.33,2086.0,505.0,381.4
ALICL,1/9/2019,620.0,620.0,615.0,618.0,0.49,1349.0,505.0,381.4
ALICL,1/10/2019,616.0,620.0,615.0,620.0,0.32,1686.0,505.0,381.4
ALICL,1/13/2019,630.0,630.0,608.0,615.0,-0.81,666.0,505.0,381.4
ALICL,1/14/2019,604.0,612.0,603.0,612.0,-0.49,1144.0,505.0,381.4
ALICL,1/15/2019,615.0,640.0,615.0,635.0,3.76,9296.0,505.0,381.4
ALICL,1/16/2019,640.0,641.0,627.0,636.0,0.16,9547.0,505.0,381.4
ALICL,1/17/2019,645.0,645.0,630.0,630.0,-0.94,3329.0,505.0,381.4
ALICL,1/20/2019,640.0,640.0,620.0,620.0,-1.59,568.0,505.0,381.4
ALICL,1/21/2019,610.0,622.0,610.0,618.0,-0.32,750.0,505.0,381.4
ALICL,1/22/2019,614.0,624.0,610.0,621.0,0.49,1439.0,505.0,381.4
ALICL,1/23/2019,611.0,623.0,611.0,617.0,-0.64,3051.0,505.0,381.4
ALICL,1/24/2019,621.0,629.0,618.0,618.0,0.16,806.0,505.0,381.4
ALICL,1/27/2019,609.0,619.0,607.0,619.0,0.16,3127.0,505.0,381.4
ALICL,1/28/2019,624.0,624.0,613.0,613.0,-0.97,351.0,505.0,381.4
ALICL,1/29/2019,614.0,614.0,610.0,610.0,-0.49,1470.0,505.0,381.4
ALICL,1/30/2019,602.0,614.0,602.0,613.0,0.49,2241.0,505.0,381.4
ALICL,1/31/2019,615.0,615.0,610.0,615.0,0.33,828.0,505.0,381.4
ALICL,2/3/2019,608.0,615.0,606.0,615.0,0.0,2920.0,505.0,381.4
ALICL,2/4/2019,611.0,611.0,599.0,603.0,-1.95,3738.0,505.0,381.4
ALICL,2/5/2019,591.0,605.0,591.0,602.0,-0.17,1306.0,505.0,381.4
ALICL,2/6/2019,600.0,605.0,594.0,604.0,0.33,1966.0,505.0,381.4
ALICL,2/7/2019,605.0,605.0,590.0,600.0,-0.66,1608.0,505.0,381.4
ALICL,2/10/2019,592.0,592.0,588.0,588.0,-2.0,531.0,505.0,381.4
ALICL,2/11/2019,598.0,598.0,583.0,583.0,-0.85,2547.0,505.0,381.4
ALICL,2/12/2019,578.0,586.0,577.0,581.0,-0.34,1287.0,505.0,381.4
ALICL,2/13/2019,583.0,591.0,581.0,581.0,0.0,3628.0,505.0,381.4
ALICL,2/14/2019,580.0,580.0,560.0,580.0,-0.17,3116.0,505.0,381.4
ALICL,2/17/2019,585.0,591.0,566.0,570.0,-1.72,2467.0,505.0,381.4
ALICL,2/18/2019,564.0,565.0,559.0,565.0,-0.88,2320.0,505.0,381.4
ALICL,2/19/2019,570.0,596.0,565.0,592.0,4.78,4044.0,505.0,381.4
ALICL,2/20/2019,585.0,585.0,571.0,572.0,-3.38,1472.0,505.0,381.4
ALICL,2/21/2019,572.0,580.0,568.0,570.0,-0.35,1046.0,505.0,381.4
ALICL,2/24/2019,575.0,578.0,559.0,559.0,-1.93,7762.0,505.0,381.4
ALICL,2/25/2019,559.0,570.0,548.0,570.0,1.97,12451.0,505.0,381.4
ALICL,2/26/2019,559.0,560.0,545.0,549.0,-3.68,7304.0,505.0,381.4
ALICL,2/27/2019,559.0,559.0,550.0,552.0,0.55,3000.0,505.0,381.4
ALICL,3/3/2019,548.0,560.0,545.0,545.0,-1.27,10304.0,505.0,381.4
ALICL,3/5/2019,549.0,550.0,538.0,540.0,-0.92,41695.0,505.0,381.4
ALICL,3/6/2019,382.0,389.0,370.0,388.0,-28.15,7818.0,505.0,381.4
ALICL,3/7/2019,395.0,399.0,385.0,398.0,2.58,10635.0,505.0,381.4
ALICL,3/10/2019,393.0,398.0,386.0,398.0,0.0,1258.0,505.0,381.4
ALICL,3/11/2019,401.0,401.0,393.0,398.0,0.0,4776.0,505.0,381.4
ALICL,3/12/2019,405.0,405.0,396.0,400.0,0.5,6087.0,505.0,381.4
ALICL,3/13/2019,400.0,401.0,395.0,396.0,-1.0,9841.0,505.0,381.4
ALICL,3/14/2019,390.0,400.0,390.0,397.0,0.25,1482.0,505.0,381.4
ALICL,3/17/2019,400.0,408.0,398.0,401.0,1.01,5898.0,505.0,381.4
ALICL,3/18/2019,403.0,404.0,393.0,396.0,-1.25,2680.0,505.0,381.4
ALICL,3/19/2019,403.0,403.0,395.0,398.0,0.51,407.0,505.0,381.4
ALICL,3/21/2019,404.0,404.0,389.0,389.0,-2.26,2300.0,505.0,381.4
ALICL,3/24/2019,387.0,387.0,381.0,381.0,-2.06,4681.0,505.0,381.4
ALICL,3/25/2019,380.0,386.0,379.0,385.0,1.05,2089.0,505.0,381.4
ALICL,3/26/2019,383.0,387.0,379.0,383.0,-0.52,2134.0,505.0,381.4
ALICL,3/27/2019,382.0,387.0,382.0,387.0,1.04,3322.0,505.0,381.4
ALICL,3/28/2019,385.0,390.0,385.0,390.0,0.78,968.0,505.0,381.4
ALICL,3/31/2019,394.0,394.0,383.0,390.0,0.0,4698.0,505.0,381.4
ALICL,4/1/2019,390.0,394.0,386.0,387.0,-0.77,2092.0,505.0,381.4
ALICL,4/2/2019,394.0,394.0,386.0,390.0,0.78,1508.0,505.0,381.4
ALICL,4/3/2019,392.0,395.0,390.0,395.0,1.28,3887.0,505.0,381.4
ALICL,4/4/2019,390.0,393.0,388.0,393.0,-0.51,3429.0,505.0,381.4
ALICL,4/7/2019,390.0,393.0,390.0,393.0,0.0,954.0,505.0,381.4
ALICL,4/8/2019,396.0,431.0,395.0,412.0,4.83,14613.0,505.0,381.4
ALICL,4/9/2019,431.0,431.0,404.0,404.0,-1.94,13117.0,505.0,381.4
ALICL,4/10/2019,401.0,410.0,400.0,403.0,-0.25,2347.0,505.0,381.4
ALICL,4/11/2019,410.0,418.0,403.0,409.0,1.49,5452.0,505.0,381.4
ALICL,4/15/2019,409.0,409.0,401.0,404.0,-1.22,1857.0,505.0,381.4
ALICL,4/16/2019,403.0,413.0,403.0,412.0,1.98,3660.0,505.0,381.4
ALICL,4/17/2019,420.0,420.0,409.0,414.0,0.49,6987.0,505.0,381.4
ALICL,4/18/2019,415.0,416.0,408.0,412.0,-0.48,964.0,505.0,381.4
ALICL,4/21/2019,414.0,414.0,405.0,410.0,-0.49,2800.0,505.0,381.4
ALICL,4/22/2019,412.0,432.0,410.0,423.0,3.17,13064.0,505.0,381.4
ALICL,4/23/2019,423.0,423.0,412.0,416.0,-1.65,3992.0,505.0,381.4
ALICL,4/24/2019,436.0,436.0,415.0,415.0,-0.24,2385.0,505.0,381.4
ALICL,4/25/2019,423.0,430.0,417.0,420.0,1.2,7399.0,505.0,381.4
ALICL,4/28/2019,428.0,462.0,428.0,462.0,10.0,32497.0,505.0,381.4
ALICL,4/29/2019,471.0,483.0,451.0,464.0,0.43,36945.0,505.0,381.4
ALICL,4/30/2019,465.0,466.0,441.0,441.0,-4.96,13750.0,505.0,381.4
ALICL,5/2/2019,441.0,455.0,435.0,445.0,0.91,7985.0,505.0,381.4
ALICL,5/5/2019,440.0,450.0,435.0,435.0,-2.25,3743.0,505.0,381.4
ALICL,5/6/2019,435.0,455.0,420.0,455.0,4.6,7198.0,505.0,381.4
ALICL,5/7/2019,462.0,462.0,441.0,442.0,-2.86,4888.0,505.0,381.4
ALICL,5/8/2019,450.0,450.0,434.0,440.0,-0.45,3076.0,505.0,381.4
ALICL,5/9/2019,448.0,455.0,437.0,439.0,-0.23,4461.0,505.0,381.4
ALICL,5/12/2019,441.0,450.0,440.0,441.0,0.46,4128.0,505.0,381.4
ALICL,5/13/2019,441.0,448.0,436.0,443.0,0.45,5925.0,505.0,381.4
ALICL,5/14/2019,440.0,452.0,440.0,451.0,1.81,11199.0,505.0,381.4
ALICL,5/15/2019,450.0,454.0,443.0,443.0,-1.77,3997.0,505.0,381.4
ALICL,5/16/2019,443.0,443.0,433.0,438.0,-1.13,3428.0,505.0,381.4
ALICL,5/19/2019,432.0,434.0,424.0,430.0,-1.83,5712.0,505.0,381.4
ALICL,5/20/2019,435.0,435.0,431.0,431.0,0.23,1436.0,505.0,381.4
ALICL,5/21/2019,430.0,432.0,428.0,432.0,0.23,2174.0,505.0,381.4
ALICL,5/22/2019,435.0,437.0,424.0,430.0,-0.46,3230.0,505.0,381.4
ALICL,5/23/2019,425.0,430.0,424.0,424.0,-1.4,3080.0,505.0,381.4
ALICL,5/26/2019,432.0,432.0,420.0,420.0,-0.94,3769.0,505.0,381.4
ALICL,5/27/2019,413.0,426.0,413.0,418.0,-0.48,439.0,505.0,381.4
ALICL,5/28/2019,426.0,430.0,420.0,423.0,1.2,2795.0,505.0,381.4
ALICL,5/29/2019,430.0,430.0,418.0,420.0,-0.71,5708.0,505.0,381.4
ALICL,5/30/2019,428.0,430.0,416.0,416.0,-0.95,11877.0,505.0,381.4
ALICL,6/2/2019,413.0,414.0,410.0,410.0,-1.44,4552.0,505.0,381.4
ALICL,6/3/2019,418.0,418.0,404.0,410.0,0.0,3583.0,505.0,381.4
ALICL,6/4/2019,407.0,408.0,403.0,406.0,-0.98,2621.0,505.0,381.4
ALICL,6/6/2019,400.0,406.0,400.0,401.0,-1.23,2712.0,505.0,381.4
ALICL,6/10/2019,405.0,408.0,396.0,396.0,-1.25,3541.0,505.0,381.4
ALICL,6/11/2019,400.0,400.0,394.0,399.0,0.76,2822.0,505.0,381.4
ALICL,6/12/2019,406.0,406.0,391.0,393.0,-1.5,3480.0,505.0,381.4
ALICL,6/13/2019,393.0,399.0,393.0,395.0,0.51,2725.0,505.0,381.4
ALICL,6/16/2019,401.0,402.0,390.0,393.0,-0.51,2357.0,505.0,381.4
ALICL,6/17/2019,390.0,395.0,388.0,393.0,0.0,2524.0,505.0,381.4
ALICL,6/18/2019,390.0,394.0,390.0,394.0,0.25,520.0,505.0,381.4
ALICL,6/19/2019,395.0,395.0,391.0,395.0,0.25,339.0,505.0,381.4
ALICL,6/20/2019,391.0,394.0,387.0,388.0,-1.77,4172.0,505.0,381.4
ALICL,6/23/2019,384.0,384.0,380.0,381.0,-1.8,4099.0,505.0,381.4
ALICL,6/24/2019,382.0,383.0,380.0,381.0,0.0,1921.0,505.0,381.4
ALICL,6/25/2019,381.0,390.0,380.0,384.0,0.79,3923.0,505.0,381.4
ALICL,6/26/2019,378.0,382.0,378.0,382.0,-0.52,1025.0,505.0,381.4
ALICL,6/27/2019,388.0,405.0,381.0,395.0,3.4,2451.0,505.0,381.4
ALICL,6/30/2019,388.0,388.0,375.0,380.0,-3.8,2778.0,505.0,381.4
ALICL,7/1/2019,380.0,391.0,373.0,391.0,2.89,2598.0,505.0,381.4
ALICL,7/2/2019,384.0,387.0,382.0,387.0,-1.02,1731.0,505.0,381.4
ALICL,7/3/2019,383.0,392.0,380.0,392.0,1.29,2877.0,505.0,381.4
ALICL,7/4/2019,392.0,399.0,390.0,390.0,-0.51,3351.0,505.0,381.4
ALICL,7/7/2019,387.0,390.0,386.0,388.0,-0.51,1276.0,505.0,381.4
ALICL,7/8/2019,390.0,390.0,382.0,382.0,-1.55,930.0,505.0,381.4
ALICL,7/9/2019,383.0,385.0,381.0,382.0,0.0,1492.0,505.0,381.4
ALICL,7/10/2019,382.0,393.0,382.0,382.0,0.0,1015.0,505.0,381.4
ALICL,7/11/2019,382.0,390.0,382.0,386.0,1.05,2648.0,505.0,381.4
ALICL,7/14/2019,382.0,387.0,382.0,387.0,0.26,1384.0,505.0,381.4
ALICL,7/15/2019,388.0,388.0,384.0,387.0,0.0,2624.0,505.0,381.4
ALICL,7/16/2019,406.0,406.0,382.0,383.0,-1.03,2489.0,505.0,381.4
ALICL,7/17/2019,388.0,395.0,385.0,395.0,3.13,2255.0,505.0,381.4
ALICL,7/18/2019,390.0,393.0,380.0,382.0,-3.29,7613.0,505.0,381.4
ALICL,7/21/2019,386.0,386.0,377.0,381.0,-0.26,7635.0,505.0,381.4
ALICL,7/22/2019,382.0,382.0,378.0,379.0,-0.52,5707.0,505.0,381.4
ALICL,7/23/2019,381.0,382.0,377.0,378.0,-0.26,6201.0,505.0,381.4
ALICL,7/24/2019,384.0,385.0,377.0,383.0,1.32,13058.0,505.0,381.4
ALICL,7/25/2019,380.0,381.0,377.0,378.0,-1.31,3692.0,505.0,381.4
ALICL,7/28/2019,375.0,375.0,369.0,372.0,-1.59,4700.0,505.0,381.4
ALICL,7/29/2019,372.0,372.0,368.0,368.0,-1.08,2396.0,505.0,381.4
ALICL,7/30/2019,369.0,375.0,368.0,368.0,0.0,4170.0,505.0,381.4
ALICL,7/31/2019,371.0,373.0,368.0,370.0,0.54,7012.0,505.0,381.4
ALICL,8/1/2019,375.0,375.0,368.0,372.0,0.54,3560.0,505.0,381.4
ALICL,8/4/2019,372.0,374.0,364.0,364.0,-2.15,5081.0,505.0,381.4
ALICL,8/5/2019,369.0,369.0,362.0,362.0,-0.55,4508.0,505.0,381.4
ALICL,8/6/2019,362.0,365.0,358.0,358.0,-1.1,2934.0,505.0,381.4
ALICL,8/7/2019,357.0,363.0,357.0,360.0,0.56,1757.0,505.0,381.4
ALICL,8/8/2019,367.0,367.0,356.0,356.0,-1.11,2239.0,505.0,381.4
ALICL,8/11/2019,350.0,355.0,350.0,352.0,-1.12,3155.0,505.0,381.4
ALICL,8/12/2019,354.0,354.0,346.0,354.0,0.57,5121.0,505.0,381.4
ALICL,8/13/2019,358.0,358.0,351.0,351.0,-0.85,169.0,505.0,381.4
ALICL,8/14/2019,354.0,354.0,349.0,349.0,-0.57,2573.0,505.0,381.4
ALICL,8/15/2019,350.0,350.0,345.0,348.0,-0.29,2504.0,505.0,381.4
ALICL,8/18/2019,342.0,349.0,342.0,343.0,-1.44,4727.0,505.0,381.4
ALICL,8/19/2019,337.0,350.0,337.0,349.0,1.75,3072.0,505.0,381.4
ALICL,8/20/2019,345.0,345.0,340.0,340.0,-2.58,5976.0,505.0,381.4
ALICL,8/21/2019,340.0,340.0,334.0,338.0,-0.59,5744.0,505.0,381.4
ALICL,8/22/2019,340.0,351.0,337.0,339.0,0.3,3725.0,505.0,381.4
ALICL,8/25/2019,334.0,345.0,334.0,345.0,1.77,4882.0,505.0,381.4
ALICL,8/26/2019,339.0,339.0,332.0,337.0,-2.32,2472.0,505.0,381.4
ALICL,8/27/2019,343.0,344.0,338.0,342.0,1.48,595.0,505.0,381.4
ALICL,8/28/2019,342.0,342.0,330.0,336.0,-1.75,2347.0,505.0,381.4
ALICL,8/29/2019,332.0,336.0,326.0,326.0,-2.98,1492.0,505.0,381.4
ALICL,9/1/2019,328.0,328.0,313.0,313.0,-3.99,10968.0,505.0,381.4
ALICL,9/2/2019,308.0,318.0,307.0,309.0,-1.28,13514.0,505.0,381.4
ALICL,9/3/2019,304.0,333.0,304.0,333.0,7.77,4658.0,505.0,381.4
ALICL,9/4/2019,330.0,344.0,325.0,333.0,0.0,8783.0,505.0,381.4
ALICL,9/5/2019,333.0,334.0,325.0,329.0,-1.2,5397.0,505.0,381.4
ALICL,9/8/2019,325.0,328.0,323.0,325.0,-1.22,4802.0,505.0,381.4
ALICL,9/9/2019,323.0,324.0,313.0,321.0,-1.23,3360.0,505.0,381.4
ALICL,9/10/2019,316.0,323.0,312.0,320.0,-0.31,5008.0,505.0,381.4
ALICL,9/11/2019,315.0,320.0,310.0,320.0,0.0,3945.0,505.0,381.4
ALICL,9/12/2019,314.0,321.0,314.0,318.0,-0.62,4075.0,505.0,381.4
ALICL,9/15/2019,318.0,318.0,310.0,310.0,-2.52,3767.0,505.0,381.4
ALICL,9/16/2019,305.0,317.0,305.0,315.0,1.61,7432.0,505.0,381.4
ALICL,9/17/2019,315.0,318.0,308.0,317.0,0.63,3873.0,505.0,381.4
ALICL,9/18/2019,323.0,335.0,316.0,334.0,5.36,15415.0,505.0,381.4
ALICL,9/19/2019,328.0,332.0,317.0,324.0,-2.99,1181.0,505.0,381.4
ALICL,9/22/2019,320.0,320.0,313.0,318.0,-1.85,855.0,505.0,381.4
ALICL,9/23/2019,318.0,324.0,316.0,317.0,-0.31,2220.0,505.0,381.4
ALICL,9/24/2019,320.0,320.0,310.0,312.0,-1.58,4601.0,505.0,381.4
ALICL,9/25/2019,314.0,314.0,312.0,313.0,0.32,1719.0,505.0,381.4
ALICL,9/26/2019,318.0,318.0,310.0,310.0,-0.96,4553.0,505.0,381.4
ALICL,9/29/2019,308.0,310.0,304.0,309.0,-0.32,4228.0,505.0,381.4
ALICL,9/30/2019,310.0,316.0,310.0,311.0,0.65,1346.0,505.0,381.4
ALICL,10/1/2019,310.0,326.0,310.0,317.0,1.93,3699.0,505.0,381.4
ALICL,10/2/2019,313.0,313.0,312.0,312.0,-1.58,2800.0,505.0,381.4
ALICL,10/3/2019,318.0,324.0,316.0,316.0,1.28,1560.0,505.0,381.4
ALICL,10/10/2019,320.0,321.0,314.0,314.0,-0.63,2983.0,505.0,381.4
ALICL,10/14/2019,315.0,317.0,310.0,310.0,-1.27,3576.0,505.0,381.4
ALICL,10/15/2019,315.0,315.0,310.0,310.0,0.0,384.0,505.0,381.4
ALICL,10/16/2019,315.0,320.0,315.0,317.0,2.26,1525.0,505.0,381.4
ALICL,10/17/2019,316.0,318.0,315.0,318.0,0.32,788.0,505.0,381.4
ALICL,10/20/2019,316.0,316.0,314.0,314.0,-1.26,4959.0,505.0,381.4
ALICL,10/21/2019,312.0,319.0,312.0,314.0,0.0,1622.0,505.0,381.4
ALICL,10/22/2019,314.0,315.0,310.0,310.0,-1.27,4672.0,505.0,381.4
ALICL,10/23/2019,309.0,322.0,309.0,321.0,3.55,511.0,505.0,381.4
ALICL,10/24/2019,321.0,321.0,315.0,315.0,-1.87,2339.0,505.0,381.4
ALICL,10/31/2019,312.0,315.0,312.0,315.0,0.0,1211.0,505.0,381.4
ALICL,11/3/2019,315.0,315.0,310.0,310.0,-1.59,1100.0,505.0,381.4
ALICL,11/4/2019,309.0,314.0,308.0,311.0,0.32,2084.0,505.0,381.4
ALICL,11/5/2019,311.0,313.0,311.0,313.0,0.64,890.0,505.0,381.4
ALICL,11/6/2019,315.0,315.0,311.0,311.0,-0.64,790.0,505.0,381.4
ALICL,11/7/2019,311.0,315.0,311.0,312.0,0.32,3224.0,505.0,381.4
ALICL,11/10/2019,310.0,314.0,310.0,314.0,0.64,2259.0,505.0,381.4
ALICL,11/11/2019,311.0,318.0,310.0,312.0,-0.64,1837.0,505.0,381.4
ALICL,11/12/2019,310.0,314.0,310.0,312.0,0.0,2521.0,505.0,381.4
ALICL,11/13/2019,315.0,315.0,312.0,315.0,0.96,2686.0,505.0,381.4
ALICL,11/14/2019,316.0,318.0,316.0,318.0,0.95,2663.0,505.0,381.4
ALICL,11/17/2019,315.0,318.0,315.0,315.0,-0.94,4752.0,505.0,381.4
ALICL,11/18/2019,316.0,317.0,315.0,316.0,0.32,1571.0,505.0,381.4
ALICL,11/19/2019,316.0,317.0,314.0,315.0,-0.32,2050.0,505.0,381.4
ALICL,11/20/2019,311.0,325.0,305.0,314.0,-0.32,18760.0,505.0,381.4
ALICL,11/21/2019,315.0,315.0,312.0,315.0,0.32,12836.0,505.0,381.4
ALICL,11/24/2019,315.0,315.0,310.0,314.0,-0.32,10694.0,505.0,381.4
ALICL,11/25/2019,312.0,313.0,310.0,313.0,-0.32,2450.0,505.0,381.4
ALICL,11/26/2019,312.0,312.0,310.0,311.0,-0.64,1318.0,505.0,381.4
ALICL,11/27/2019,311.0,318.0,311.0,316.0,1.61,1770.0,505.0,381.4
ALICL,11/28/2019,315.0,315.0,313.0,313.0,-0.95,1218.0,505.0,381.4
ALICL,12/1/2019,318.0,318.0,309.0,315.0,0.64,1537.0,505.0,381.4
ALICL,12/2/2019,310.0,313.0,310.0,312.0,-0.95,2107.0,505.0,381.4
ALICL,12/3/2019,316.0,320.0,314.0,319.0,2.24,8000.0,505.0,381.4
ALICL,12/4/2019,325.0,335.0,321.0,335.0,5.02,7263.0,505.0,381.4
ALICL,12/5/2019,335.0,346.0,330.0,342.0,2.09,13031.0,505.0,381.4
ALICL,12/8/2019,336.0,341.0,330.0,341.0,-0.29,6679.0,505.0,381.4
ALICL,12/9/2019,338.0,358.0,335.0,344.0,0.88,9420.0,505.0,381.4
ALICL,12/10/2019,341.0,354.0,341.0,352.0,2.33,10792.0,505.0,381.4
ALICL,12/11/2019,351.0,365.0,344.0,360.0,2.27,8638.0,505.0,381.4
ALICL,12/12/2019,360.0,395.0,355.0,385.0,6.94,38340.0,505.0,381.4
ALICL,12/15/2019,385.0,385.0,355.0,363.0,-5.71,20768.0,505.0,381.4
ALICL,12/16/2019,356.0,374.0,346.0,347.0,-4.41,15226.0,505.0,381.4
ALICL,12/17/2019,350.0,363.0,350.0,358.0,3.17,6903.0,505.0,381.4
ALICL,12/18/2019,365.0,365.0,350.0,350.0,-2.23,1903.0,505.0,381.4
ALICL,12/19/2019,353.0,360.0,344.0,352.0,0.57,7073.0,505.0,381.4
ALICL,12/22/2019,352.0,352.0,342.0,345.0,-1.99,6564.0,505.0,381.4
ALICL,12/23/2019,351.0,366.0,350.0,365.0,5.8,15245.0,505.0,381.4
ALICL,12/24/2019,363.0,368.0,354.0,359.0,-1.64,16445.0,505.0,381.4
ALICL,12/25/2019,355.0,365.0,355.0,362.0,0.84,8824.0,505.0,381.4
ALICL,12/26/2019,358.0,367.0,358.0,360.0,-0.55,11943.0,505.0,381.4
ALICL,12/29/2019,365.0,367.0,358.0,359.0,-0.28,8949.0,505.0,381.4
ALICL,12/30/2019,365.0,384.0,365.0,378.0,5.29,25591.0,505.0,381.4
ALICL,12/31/2019,379.0,388.0,373.0,378.0,0.0,43647.0,505.0,381.4
ALICL,1/1/2020,378.0,382.0,378.0,378.0,0.0,10604.0,505.0,381.4
ALICL,1/2/2020,377.0,384.0,375.0,379.0,0.26,9598.0,505.0,381.4
ALICL,1/5/2020,381.0,385.0,379.0,379.0,0.0,13982.0,505.0,381.4
ALICL,1/6/2020,382.0,386.0,380.0,380.0,0.26,18250.0,505.0,381.4
ALICL,1/7/2020,380.0,388.0,376.0,381.0,0.26,14127.0,505.0,381.4
ALICL,1/8/2020,380.0,388.0,375.0,382.0,0.26,12248.0,505.0,381.4
ALICL,1/9/2020,382.0,386.0,380.0,381.0,-0.26,11573.0,505.0,381.4
ALICL,1/12/2020,388.0,419.0,387.0,419.0,9.97,33054.0,505.0,381.4
ALICL,1/13/2020,419.0,438.0,413.0,424.0,1.19,35486.0,505.0,381.4
ALICL,1/14/2020,419.0,439.0,418.0,424.0,0.0,25932.0,505.0,381.4
ALICL,1/15/2020,432.0,440.0,424.0,424.0,0.0,11864.0,505.0,381.4
ALICL,1/16/2020,432.0,440.0,429.0,439.0,3.54,18121.0,505.0,381.4
ALICL,1/19/2020,445.0,482.0,445.0,482.0,9.79,41384.0,505.0,381.4
ALICL,1/20/2020,491.0,500.0,459.0,468.0,-2.9,57921.0,505.0,381.4
ALICL,1/21/2020,460.0,504.0,460.0,484.0,3.42,50808.0,505.0,381.4
ALICL,1/22/2020,489.0,532.0,473.0,525.0,8.47,116232.0,505.0,381.4
ALICL,1/23/2020,534.0,535.0,506.0,508.0,-3.24,70144.0,505.0,381.4
ALICL,1/26/2020,500.0,512.0,482.0,497.0,-2.17,46322.0,505.0,381.4
ALICL,1/27/2020,489.0,522.0,489.0,520.0,4.63,40206.0,505.0,381.4
ALICL,1/28/2020,530.0,541.0,520.0,533.0,2.5,76662.0,505.0,381.4
ALICL,1/29/2020,538.0,540.0,524.0,534.0,0.19,32519.0,505.0,381.4
ALICL,1/30/2020,560.0,587.0,538.0,572.0,7.12,121015.0,505.0,381.4
ALICL,2/2/2020,575.0,580.0,562.0,569.0,-0.52,72209.0,505.0,381.4
ALICL,2/3/2020,578.0,578.0,557.0,566.0,-0.53,33947.0,505.0,381.4
ALICL,2/4/2020,566.0,580.0,556.0,562.0,-0.71,51998.0,505.0,381.4
ALICL,2/5/2020,568.0,568.0,555.0,562.0,0.0,26677.0,505.0,381.4
ALICL,2/6/2020,572.0,577.0,562.0,567.0,0.89,41646.0,505.0,381.4
ALICL,2/9/2020,575.0,575.0,555.0,560.0,-1.23,29224.0,505.0,381.4
ALICL,2/10/2020,558.0,569.0,550.0,561.0,0.18,21390.0,505.0,381.4
ALICL,2/11/2020,572.0,583.0,564.0,567.0,1.07,35369.0,505.0,381.4
ALICL,2/12/2020,572.0,588.0,566.0,588.0,3.7,45147.0,505.0,381.4
ALICL,2/13/2020,599.0,617.0,589.0,606.0,3.06,108043.0,505.0,381.4
ALICL,2/16/2020,615.0,645.0,611.0,645.0,6.44,76169.0,505.0,381.4
ALICL,2/17/2020,657.0,669.0,637.0,640.0,-0.78,98153.0,505.0,381.4
ALICL,2/18/2020,640.0,640.0,617.0,632.0,-1.25,46441.0,505.0,381.4
ALICL,2/19/2020,639.0,639.0,619.0,633.0,0.16,37104.0,505.0,381.4
ALICL,2/20/2020,645.0,663.0,633.0,647.0,2.21,57712.0,505.0,381.4
ALICL,2/23/2020,659.0,665.0,642.0,651.0,0.62,62230.0,505.0,381.4
ALICL,2/24/2020,660.0,662.0,639.0,647.0,-0.61,48672.0,505.0,381.4
ALICL,2/25/2020,646.0,699.0,638.0,690.0,6.65,77035.0,505.0,381.4
ALICL,2/26/2020,695.0,720.0,686.0,701.0,1.59,92597.0,505.0,381.4
ALICL,2/27/2020,687.0,707.0,654.0,678.0,-3.28,114693.0,505.0,381.4
ALICL,3/1/2020,675.0,683.0,647.0,648.0,-4.42,140078.0,505.0,381.4
ALICL,3/2/2020,638.0,670.0,615.0,615.0,-5.09,49228.0,505.0,381.4
ALICL,3/3/2020,645.0,654.0,576.0,617.0,0.33,81900.0,505.0,381.4
ALICL,3/4/2020,613.0,628.0,575.0,584.0,-5.35,67886.0,505.0,381.4
ALICL,3/5/2020,573.0,607.0,562.0,580.0,-0.68,47843.0,505.0,381.4
ALICL,3/10/2020,584.0,584.0,541.0,541.0,-6.72,24860.0,505.0,381.4
ALICL,3/11/2020,551.0,592.0,533.0,592.0,9.43,48569.0,505.0,381.4
ALICL,3/12/2020,621.0,621.0,555.0,557.0,-5.91,52397.0,505.0,381.4
ALICL,3/15/2020,558.0,560.0,507.0,507.0,-8.98,46843.0,505.0,381.4
ALICL,3/16/2020,502.0,535.0,492.0,520.0,2.56,32503.0,505.0,381.4
ALICL,3/17/2020,510.0,511.0,480.0,481.0,-7.5,36459.0,505.0,381.4
ALICL,3/18/2020,490.0,495.0,463.0,470.0,-2.29,32243.0,505.0,381.4
ALICL,3/19/2020,461.0,499.0,445.0,485.0,3.19,29249.0,505.0,381.4
ALICL,3/22/2020,494.0,494.0,455.0,492.0,1.44,3443.0,505.0,381.4
ALICL,5/13/2020,483.0,483.0,478.0,478.0,-2.85,20.0,505.0,381.4
ALICL,6/29/2020,469.0,478.0,431.0,490.0,2.51,12570.0,505.0,381.4
ALICL,6/30/2020,495.0,539.0,495.0,539.0,10.0,4272.0,505.0,381.4
ALICL,7/1/2020,549.0,592.0,549.0,591.0,9.65,7482.0,505.0,381.4
ALICL,7/2/2020,600.0,602.0,535.0,540.0,-8.63,9133.0,505.0,381.4
ALICL,7/5/2020,539.0,571.0,511.0,563.0,4.26,18576.0,505.0,381.4
ALICL,7/6/2020,564.0,589.0,564.0,581.0,3.2,33459.0,505.0,381.4
ALICL,7/7/2020,592.0,602.0,574.0,593.0,2.07,25112.0,505.0,381.4
ALICL,7/8/2020,582.0,604.0,562.0,585.0,-1.35,11911.0,505.0,381.4
ALICL,7/9/2020,590.0,590.0,574.0,580.0,-0.85,16089.0,505.0,381.4
ALICL,7/12/2020,591.0,602.0,582.0,596.0,2.76,18478.0,505.0,381.4
ALICL,7/13/2020,596.0,608.0,595.0,606.0,1.68,27401.0,505.0,381.4
ALICL,7/14/2020,606.0,615.0,601.0,607.0,0.17,21586.0,505.0,381.4
ALICL,7/15/2020,619.0,620.0,602.0,607.0,0.0,18664.0,505.0,381.4
ALICL,7/16/2020,607.0,615.0,607.0,615.0,1.32,12792.0,505.0,381.4
ALICL,7/19/2020,627.0,650.0,627.0,650.0,5.69,70.0,505.0,381.4
ALICL,7/20/2020,682.0,694.0,625.0,640.0,-1.54,28257.0,505.0,381.4
ALICL,7/21/2020,630.0,640.0,617.0,628.0,-1.88,19309.0,505.0,381.4
ALICL,7/22/2020,627.0,637.0,624.0,631.0,0.48,24168.0,505.0,381.4
ALICL,7/23/2020,625.0,637.0,619.0,635.0,0.63,24371.0,505.0,381.4
ALICL,7/26/2020,640.0,665.0,636.0,662.0,4.25,37869.0,505.0,381.4
ALICL,7/27/2020,672.0,680.0,650.0,659.0,-0.45,41206.0,505.0,381.4
ALICL,7/28/2020,659.0,665.0,646.0,659.0,0.0,30059.0,505.0,381.4
ALICL,7/29/2020,660.0,660.0,645.0,645.0,-2.12,37109.0,505.0,381.4
ALICL,7/30/2020,644.0,668.0,638.0,646.0,0.16,21897.0,505.0,381.4
ALICL,8/2/2020,635.0,647.0,614.0,614.0,-4.95,30879.0,505.0,381.4
ALICL,8/3/2020,610.0,637.0,610.0,624.0,1.63,27440.0,505.0,381.4
ALICL,8/5/2020,618.0,619.0,608.0,608.0,-2.56,19970.0,505.0,381.4
ALICL,8/6/2020,620.0,620.0,600.0,613.0,0.82,14155.0,505.0,381.4
ALICL,8/9/2020,605.0,622.0,604.0,618.0,0.82,23086.0,505.0,381.4
ALICL,8/10/2020,628.0,642.0,625.0,641.0,3.72,24021.0,505.0,381.4
ALICL,8/11/2020,653.0,653.0,626.0,635.0,-0.94,15512.0,505.0,381.4
ALICL,8/12/2020,645.0,657.0,632.0,640.0,0.79,40427.0,505.0,381.4
ALICL,8/13/2020,639.0,640.0,629.0,630.0,-1.56,20102.0,505.0,381.4
ALICL,8/16/2020,629.0,629.0,618.0,622.0,-1.27,13528.0,505.0,381.4
ALICL,8/17/2020,622.0,644.0,620.0,639.0,2.73,11172.0,505.0,381.4
ALICL,8/18/2020,640.0,646.0,631.0,642.0,0.47,24505.0,505.0,381.4
ALICL,8/19/2020,631.0,638.0,625.0,628.0,-2.18,13751.0,505.0,381.4
ALICL,8/20/2020,636.0,636.0,627.0,634.0,0.96,3186.0,505.0,381.4
ALICL,8/23/2020,634.0,658.0,627.0,658.0,3.79,32352.0,505.0,381.4
ALICL,8/24/2020,658.0,675.0,658.0,670.0,1.82,55625.0,505.0,381.4
ALICL,8/25/2020,703.0,703.0,660.0,695.0,3.73,86183.0,505.0,381.4
ALICL,8/26/2020,701.0,734.0,700.0,710.0,2.16,106528.0,505.0,381.4
ALICL,8/27/2020,708.0,718.0,698.0,699.0,-1.55,71564.0,505.0,381.4
ALICL,8/30/2020,699.0,728.0,688.0,728.0,4.15,47421.0,505.0,381.4
ALICL,8/31/2020,734.0,765.0,720.0,742.0,1.92,121765.0,505.0,381.4
ALICL,9/2/2020,750.0,765.0,712.0,720.0,-2.96,89405.0,505.0,381.4
ALICL,9/3/2020,720.0,736.0,711.0,723.0,0.42,55564.0,505.0,381.4
ALICL,9/6/2020,737.0,745.0,711.0,715.0,-1.11,42813.0,505.0,381.4
ALICL,9/7/2020,704.0,722.0,700.0,710.0,-0.7,38052.0,505.0,381.4
ALICL,9/8/2020,701.0,727.0,701.0,727.0,2.39,40442.0,505.0,381.4
ALICL,9/9/2020,740.0,745.0,712.0,733.0,0.83,57800.0,505.0,381.4
ALICL,9/10/2020,733.0,760.0,733.0,754.0,2.86,86310.0,505.0,381.4
ALICL,9/13/2020,769.0,780.0,736.0,774.0,2.65,108627.0,505.0,381.4
ALICL,9/14/2020,774.0,788.0,754.0,757.0,-2.2,88425.0,505.0,381.4
ALICL,9/15/2020,751.0,760.0,748.0,757.0,0.0,42580.0,505.0,381.4
ALICL,9/16/2020,768.0,768.0,745.0,760.0,0.4,37326.0,505.0,381.4
ALICL,9/17/2020,760.0,770.0,748.0,749.0,-1.45,53177.0,505.0,381.4
ALICL,9/20/2020,751.0,754.0,740.0,748.0,-0.13,15346.0,505.0,381.4
ALICL,9/21/2020,748.0,748.0,737.0,738.0,-1.34,29362.0,505.0,381.4
ALICL,9/22/2020,752.0,754.0,731.0,737.0,-0.14,28351.0,505.0,381.4
ALICL,9/23/2020,730.0,744.0,723.0,737.0,0.0,16664.0,505.0,381.4
ALICL,9/24/2020,731.0,742.0,730.0,742.0,0.68,14715.0,505.0,381.4
ALICL,9/27/2020,742.0,742.0,733.0,735.0,-0.94,21406.0,505.0,381.4
ALICL,9/28/2020,739.0,739.0,726.0,726.0,-1.22,13647.0,505.0,381.4
ALICL,9/29/2020,724.0,728.0,718.0,721.0,-0.69,17157.0,505.0,381.4
ALICL,9/30/2020,725.0,735.0,717.0,720.0,-0.14,17534.0,505.0,381.4
ALICL,10/1/2020,733.0,742.0,725.0,741.0,2.92,29936.0,505.0,381.4
ALICL,10/4/2020,750.0,750.0,738.0,748.0,0.94,41636.0,505.0,381.4
ALICL,10/5/2020,742.0,750.0,738.0,738.0,-1.34,18336.0,505.0,381.4
ALICL,10/6/2020,739.0,740.0,732.0,732.0,-0.81,9745.0,505.0,381.4
ALICL,10/7/2020,732.0,739.0,724.0,735.0,0.41,11711.0,505.0,381.4
ALICL,10/8/2020,730.0,744.0,730.0,732.0,-0.41,16566.0,505.0,381.4
ALICL,10/11/2020,725.0,735.0,723.0,724.0,-1.09,6653.0,505.0,381.4
ALICL,10/12/2020,725.0,725.0,720.0,722.0,-0.28,13383.0,505.0,381.4
ALICL,10/13/2020,729.0,729.0,715.0,715.0,-0.97,14303.0,505.0,381.4
ALICL,10/14/2020,713.0,718.0,710.0,712.0,-0.42,16249.0,505.0,381.4
ALICL,10/15/2020,724.0,724.0,709.0,711.0,-0.14,7321.0,505.0,381.4
ALICL,10/18/2020,720.0,720.0,705.0,706.0,-0.7,8799.0,505.0,381.4
ALICL,10/19/2020,710.0,733.0,708.0,718.0,1.7,6386.0,505.0,381.4
ALICL,10/20/2020,728.0,730.0,720.0,728.0,1.39,7140.0,505.0,381.4
ALICL,10/21/2020,727.0,731.0,724.0,728.0,0.0,5184.0,505.0,381.4
ALICL,10/22/2020,727.0,733.0,724.0,724.0,-0.55,6925.0,505.0,381.4
ALICL,10/28/2020,724.0,737.0,722.0,736.0,1.66,9812.0,505.0,381.4
ALICL,10/29/2020,739.0,745.0,737.0,737.0,0.14,8616.0,505.0,381.4
ALICL,11/1/2020,738.0,739.0,732.0,735.0,-0.27,3608.0,505.0,381.4
ALICL,11/2/2020,730.0,744.0,730.0,740.0,0.68,15351.0,505.0,381.4
ALICL,11/3/2020,736.0,742.0,736.0,738.0,-0.27,14135.0,505.0,381.4
ALICL,11/4/2020,748.0,750.0,734.0,738.0,0.0,7746.0,505.0,381.4
ALICL,11/5/2020,736.0,739.0,735.0,738.0,0.0,10864.0,505.0,381.4
ALICL,11/8/2020,738.0,761.0,736.0,757.0,2.57,37558.0,505.0,381.4
ALICL,11/9/2020,760.0,772.0,757.0,761.0,0.53,52071.0,505.0,381.4
ALICL,11/10/2020,763.0,800.0,762.0,800.0,5.12,114912.0,505.0,381.4
ALICL,11/11/2020,800.0,812.0,786.0,789.0,-1.38,78810.0,505.0,381.4
ALICL,11/12/2020,828.0,828.0,775.0,782.0,-0.89,63330.0,505.0,381.4
ALICL,11/18/2020,782.0,810.0,770.0,806.0,3.07,81984.0,505.0,381.4
ALICL,11/19/2020,800.0,835.0,800.0,824.0,2.23,101289.0,505.0,381.4
ALICL,11/22/2020,800.0,826.0,797.0,808.0,-1.94,162319.0,505.0,381.4
ALICL,11/23/2020,807.0,807.0,785.0,797.0,-1.36,41599.0,505.0,381.4
ALICL,11/24/2020,795.0,813.0,793.0,812.0,1.88,73741.0,505.0,381.4
ALICL,11/25/2020,827.0,829.0,812.0,822.0,1.23,66156.0,505.0,381.4
ALICL,11/26/2020,826.0,827.0,800.0,805.0,-2.07,57321.0,505.0,381.4
ALICL,11/29/2020,805.0,825.0,792.0,822.0,2.11,68211.0,505.0,381.4
ALICL,11/30/2020,840.0,890.0,818.0,886.0,7.79,105145.0,505.0,381.4
ALICL,12/1/2020,886.0,896.0,868.0,878.0,-0.9,67359.0,505.0,381.4
ALICL,12/2/2020,890.0,959.0,882.0,927.0,5.58,94844.0,505.0,381.4
ALICL,12/3/2020,927.0,940.0,887.0,889.0,-4.1,86615.0,505.0,381.4
ALICL,12/6/2020,880.0,880.0,829.0,829.0,-6.75,115945.0,505.0,381.4
ALICL,12/7/2020,844.0,880.0,814.0,875.0,5.55,53337.0,505.0,381.4
ALICL,12/8/2020,859.0,892.0,859.0,863.0,-1.37,47662.0,505.0,381.4
ALICL,12/9/2020,851.0,860.0,847.0,853.0,-1.16,36019.0,505.0,381.4
ALICL,12/10/2020,855.0,873.0,846.0,862.0,1.06,31241.0,505.0,381.4
ALICL,12/13/2020,875.0,895.0,874.0,893.0,3.6,72325.0,505.0,381.4
ALICL,12/14/2020,910.0,953.0,900.0,950.0,6.38,101318.0,505.0,381.4
ALICL,12/15/2020,969.0,973.0,928.0,947.0,-0.32,87588.0,505.0,381.4
ALICL,12/16/2020,935.0,950.0,929.0,942.0,-0.53,32494.0,505.0,381.4
ALICL,12/17/2020,989.0,989.0,916.0,927.0,-1.59,59705.0,505.0,381.4
ALICL,12/20/2020,924.0,924.0,842.0,846.0,-8.74,142310.0,505.0,381.4
ALICL,12/21/2020,840.0,899.0,825.0,875.0,3.43,67508.0,505.0,381.4
ALICL,12/22/2020,890.0,910.0,885.0,906.0,3.54,63773.0,505.0,381.4
ALICL,12/23/2020,921.0,958.0,920.0,929.0,2.54,109147.0,505.0,381.4
ALICL,12/24/2020,916.0,936.0,916.0,925.0,-0.43,64252.0,505.0,381.4
ALICL,12/27/2020,912.0,930.0,899.0,905.0,-2.16,48608.0,505.0,381.4
ALICL,12/28/2020,889.0,920.0,889.0,920.0,1.66,69439.0,505.0,381.4
ALICL,12/29/2020,921.0,930.0,911.0,918.0,-0.22,46330.0,505.0,381.4
ALICL,12/30/2020,907.0,940.0,907.0,934.0,1.74,54677.0,505.0,381.4
ALICL,12/31/2020,935.0,946.0,927.0,938.0,0.43,60251.0,505.0,381.4
ALICL,1/3/2021,941.0,963.0,941.0,960.0,2.35,76740.0,505.0,381.4
ALICL,1/4/2021,974.0,974.0,934.0,948.0,-1.25,53923.0,505.0,381.4
ALICL,1/5/2021,960.0,960.0,942.0,950.0,0.21,49432.0,505.0,381.4
ALICL,1/6/2021,903.0,973.0,903.0,970.0,2.11,72580.0,505.0,381.4
ALICL,1/7/2021,950.0,988.0,950.0,964.0,-0.62,40983.0,505.0,381.4
ALICL,1/10/2021,953.0,978.0,953.0,956.0,-0.83,46272.0,505.0,381.4
ALICL,1/11/2021,909.0,981.0,909.0,972.0,1.67,69503.0,505.0,381.4
ALICL,1/12/2021,990.0,1023.0,971.0,1021.0,5.04,90997.0,505.0,381.4
ALICL,1/13/2021,1041.0,1060.0,1025.0,1037.0,1.57,49156.0,505.0,381.4
ALICL,1/17/2021,1050.0,1085.0,1040.0,1083.0,4.44,60549.0,505.0,381.4
ALICL,1/18/2021,1086.0,1129.0,1077.0,1115.0,2.95,84070.0,505.0,381.4
ALICL,1/19/2021,1170.0,1170.0,1086.0,1097.0,-1.61,53305.0,505.0,381.4
ALICL,1/20/2021,1114.0,1115.0,1090.0,1103.0,0.55,45665.0,505.0,381.4
ALICL,1/21/2021,1106.0,1141.0,1105.0,1141.0,3.45,94308.0,505.0,381.4
ALICL,1/24/2021,1198.0,1198.0,1150.0,1175.0,2.98,90564.0,505.0,381.4
ALICL,1/25/2021,1190.0,1190.0,1141.0,1163.0,-1.02,66226.0,505.0,381.4
ALICL,1/26/2021,1163.0,1164.0,1130.0,1130.0,-2.84,44945.0,505.0,381.4
ALICL,1/27/2021,1121.0,1167.0,1113.0,1163.0,2.92,90537.0,505.0,381.4
ALICL,1/28/2021,1151.0,1191.0,1145.0,1166.0,0.26,87605.0,505.0,381.4
ALICL,1/31/2021,1166.0,1175.0,1137.0,1153.0,-1.11,68629.0,505.0,381.4
ALICL,2/1/2021,1176.0,1180.0,1153.0,1178.0,2.17,67886.0,505.0,381.4
ALICL,2/2/2021,1210.0,1260.0,1177.0,1260.0,6.96,104751.0,505.0,381.4
ALICL,2/3/2021,1280.0,1307.0,1222.0,1256.0,-0.32,99188.0,505.0,381.4
ALICL,2/4/2021,1260.0,1285.0,1235.0,1270.0,1.11,82653.0,505.0,381.4
ALICL,2/7/2021,1333.0,1354.0,1280.0,1350.0,6.3,111500.0,505.0,381.4
ALICL,2/8/2021,1400.0,1400.0,1340.0,1347.0,-0.22,101803.0,505.0,381.4
ALICL,2/9/2021,1350.0,1350.0,1285.0,1315.0,-2.38,86689.0,505.0,381.4
ALICL,2/10/2021,1301.0,1318.0,1270.0,1304.0,-0.84,74649.0,505.0,381.4
ALICL,2/11/2021,1330.0,1356.0,1305.0,1311.0,0.54,64109.0,505.0,381.4
ALICL,2/14/2021,1311.0,1338.0,1290.0,1297.0,-1.07,65399.0,505.0,381.4
ALICL,2/15/2021,1322.0,1422.0,1322.0,1419.0,9.41,153986.0,505.0,381.4
ALICL,2/16/2021,1426.0,1460.0,1421.0,1451.0,2.26,117767.0,505.0,381.4
ALICL,2/17/2021,1460.0,1460.0,1412.0,1434.0,-1.17,61601.0,505.0,381.4
ALICL,2/18/2021,1425.0,1433.0,1390.0,1420.0,-0.98,82042.0,505.0,381.4
ALICL,2/21/2021,1420.0,1420.0,1381.0,1385.0,-2.46,41326.0,505.0,381.4
ALICL,2/22/2021,1400.0,1400.0,1334.0,1346.0,-2.82,100988.0,505.0,381.4
ALICL,2/23/2021,1321.0,1387.0,1297.0,1380.0,2.53,87482.0,505.0,381.4
ALICL,2/24/2021,1380.0,1435.0,1380.0,1397.0,1.23,93156.0,505.0,381.4
ALICL,2/25/2021,1400.0,1401.0,1345.0,1360.0,-2.65,72704.0,505.0,381.4
ALICL,2/28/2021,1333.0,1344.0,1300.0,1300.0,-4.41,108193.0,505.0,381.4
ALICL,3/1/2021,1300.0,1349.0,1281.0,1340.0,3.08,80413.0,505.0,381.4
ALICL,3/2/2021,1350.0,1350.0,1223.0,1274.0,-4.93,221358.0,505.0,381.4
ALICL,3/3/2021,1250.0,1256.0,1171.0,1193.0,-6.36,233517.0,505.0,381.4
ALICL,3/4/2021,1193.0,1256.0,1181.0,1237.0,3.69,86384.0,505.0,381.4
ALICL,3/7/2021,1235.0,1245.0,1200.0,1208.0,-2.34,62251.0,505.0,381.4
ALICL,3/9/2021,1205.0,1205.0,1190.0,1190.0,-1.49,40716.0,505.0,381.4
ALICL,3/10/2021,1176.0,1203.0,1176.0,1180.0,-0.84,35199.0,505.0,381.4
ALICL,3/14/2021,1167.0,1176.0,1143.0,1147.0,-2.8,51651.0,505.0,381.4
ALICL,3/15/2021,1130.0,1165.0,1126.0,1145.0,-0.17,37523.0,505.0,381.4
ALICL,3/16/2021,1145.0,1185.0,1142.0,1170.0,2.18,29826.0,505.0,381.4
ALICL,3/17/2021,1170.0,1200.0,1160.0,1194.0,2.05,33768.0,505.0,381.4
ALICL,3/18/2021,1194.0,1231.0,1191.0,1225.0,2.6,50222.0,505.0,381.4
ALICL,3/21/2021,1240.0,1264.0,1226.0,1255.0,2.45,61083.0,505.0,381.4
ALICL,3/22/2021,1266.0,1268.0,1235.0,1243.0,-0.96,48214.0,505.0,381.4
ALICL,3/23/2021,1235.0,1250.0,1228.0,1238.0,-0.4,38362.0,505.0,381.4
ALICL,3/24/2021,1299.0,1299.0,1236.0,1255.0,1.37,35851.0,505.0,381.4
ALICL,3/25/2021,1260.0,1269.0,1245.0,1245.0,-0.8,48674.0,505.0,381.4
ALICL,3/29/2021,1253.0,1256.0,1235.0,1251.0,0.48,15475.0,505.0,381.4
ALICL,3/30/2021,1260.0,1264.0,1247.0,1257.0,0.48,22000.0,505.0,381.4
ALICL,3/31/2021,1319.0,1319.0,1260.0,1268.0,0.88,24399.0,505.0,381.4
ALICL,4/1/2021,1272.0,1274.0,1253.0,1264.0,-0.32,20178.0,505.0,381.4
ALICL,4/4/2021,1265.0,1308.0,1255.0,1299.0,2.77,43121.0,505.0,381.4
ALICL,4/5/2021,1310.0,1315.0,1283.0,1295.0,-0.31,32342.0,505.0,381.4
ALICL,4/6/2021,1359.0,1359.0,1281.0,1299.0,0.31,49004.0,505.0,381.4
ALICL,4/7/2021,1310.0,1310.0,1280.0,1281.0,-1.39,28224.0,505.0,381.4
ALICL,4/8/2021,1275.0,1288.0,1271.0,1279.0,-0.16,23472.0,505.0,381.4
ALICL,4/12/2021,1300.0,1315.0,1278.0,1315.0,2.81,58573.0,505.0,381.4
ALICL,4/13/2021,1330.0,1334.0,1310.0,1320.0,0.38,39230.0,505.0,381.4
ALICL,4/15/2021,1305.0,1325.0,1300.0,1310.0,-0.76,22182.0,505.0,381.4
ALICL,4/18/2021,1310.0,1310.0,1281.0,1281.0,-2.21,28305.0,505.0,381.4
ALICL,4/19/2021,1260.0,1283.0,1260.0,1273.0,-0.62,22088.0,505.0,381.4
ALICL,4/20/2021,1336.0,1336.0,1255.0,1265.0,-0.63,19304.0,505.0,381.4
ALICL,4/21/2021,1265.0,1275.0,1249.0,1258.0,-0.55,30925.0,505.0,381.4
ALICL,4/22/2021,1240.0,1256.0,1232.0,1256.0,-0.16,22449.0,505.0,381.4
ALICL,4/25/2021,1250.0,1250.0,1220.0,1226.0,-2.39,34038.0,505.0,381.4
ALICL,4/26/2021,1203.0,1225.0,1203.0,1204.0,-1.79,31454.0,505.0,381.4
ALICL,4/27/2021,1204.0,1270.0,1204.0,1270.0,5.48,20130.0,505.0,381.4
ALICL,4/28/2021,1270.0,1270.0,1211.0,1249.0,-1.65,12569.0,505.0,381.4
ALICL,4/29/2021,1250.0,1260.0,1245.0,1257.0,0.64,17376.0,505.0,381.4
ALICL,5/2/2021,1256.0,1300.0,1256.0,1295.0,3.02,31822.0,505.0,381.4
ALICL,5/3/2021,1315.0,1317.0,1280.0,1288.0,-0.54,38776.0,505.0,381.4
ALICL,5/4/2021,1285.0,1285.0,1271.0,1280.0,-0.62,16086.0,505.0,381.4
ALICL,5/5/2021,1280.0,1291.0,1280.0,1283.0,0.23,21910.0,505.0,381.4
ALICL,5/6/2021,1281.0,1285.0,1260.0,1263.0,-1.56,14268.0,505.0,381.4
ALICL,5/9/2021,1258.0,1271.0,1241.0,1255.0,-0.63,10027.0,505.0,381.4
ALICL,5/10/2021,1250.0,1267.0,1250.0,1264.0,0.72,7855.0,505.0,381.4
ALICL,5/11/2021,1280.0,1294.0,1260.0,1291.0,2.14,20426.0,505.0,381.4
ALICL,5/12/2021,1284.0,1288.0,1281.0,1281.0,-0.77,15120.0,505.0,381.4
ALICL,5/13/2021,1281.0,1290.0,1280.0,1290.0,0.7,12414.0,505.0,381.4
ALICL,5/16/2021,1314.0,1323.0,1295.0,1322.0,2.48,64582.0,505.0,381.4
ALICL,5/17/2021,1330.0,1345.0,1312.0,1316.0,-0.45,47463.0,505.0,381.4
ALICL,5/18/2021,1316.0,1335.0,1311.0,1331.0,1.14,48942.0,505.0,381.4
ALICL,5/19/2021,1335.0,1364.0,1320.0,1350.0,1.43,76446.0,505.0,381.4
ALICL,5/20/2021,1417.0,1417.0,1340.0,1362.0,0.89,63222.0,505.0,381.4
ALICL,5/23/2021,1336.0,1382.0,1315.0,1370.0,0.59,57379.0,505.0,381.4
ALICL,5/24/2021,1438.0,1438.0,1350.0,1355.0,-1.09,46966.0,505.0,381.4
ALICL,5/25/2021,1422.0,1435.0,1351.0,1432.0,5.68,234596.0,505.0,381.4
ALICL,5/27/2021,1432.0,1500.0,1376.0,1490.0,4.05,134842.0,505.0,381.4
ALICL,5/30/2021,1520.0,1550.0,1490.0,1535.0,3.02,195104.0,505.0,381.4
ALICL,5/31/2021,1550.0,1565.0,1476.0,1500.0,-2.28,108894.0,505.0,381.4
ALICL,6/1/2021,1500.0,1510.0,1460.0,1476.0,-1.6,110641.0,505.0,381.4
ALICL,6/2/2021,1492.0,1520.0,1475.0,1520.0,2.98,145440.0,505.0,381.4
ALICL,6/3/2021,1550.0,1559.0,1495.0,1502.0,-1.18,93472.0,505.0,381.4
ALICL,6/6/2021,1520.0,1520.0,1463.0,1475.0,-1.8,69837.0,505.0,381.4
ALICL,6/7/2021,1475.0,1499.0,1471.0,1475.0,0.0,56656.0,505.0,381.4
ALICL,6/8/2021,1415.0,1515.0,1415.0,1504.0,1.97,85115.0,505.0,381.4
ALICL,6/9/2021,1549.0,1555.0,1481.0,1487.0,-1.13,55394.0,505.0,381.4
ALICL,6/10/2021,1509.0,1509.0,1469.0,1470.0,-1.14,39018.0,505.0,381.4
ALICL,6/13/2021,1499.0,1499.0,1455.0,1457.0,-0.88,53230.0,505.0,381.4
ALICL,6/14/2021,1482.0,1483.0,1449.0,1451.0,-0.41,49289.0,505.0,381.4
ALICL,6/15/2021,1457.0,1474.0,1440.0,1444.0,-0.48,42860.0,505.0,381.4
ALICL,6/16/2021,1400.0,1445.0,1397.0,1406.0,-2.63,94403.0,505.0,381.4
ALICL,6/17/2021,1406.0,1429.0,1394.0,1404.0,-0.14,40414.0,505.0,381.4
ALICL,6/20/2021,1410.0,1415.0,1365.0,1394.0,-0.71,46714.0,505.0,381.4
ALICL,6/21/2021,1394.0,1399.0,1351.0,1351.0,-3.08,46591.0,505.0,381.4
ALICL,6/22/2021,1360.0,1417.0,1324.0,1408.0,4.22,56261.0,505.0,381.4
ALICL,6/23/2021,1410.0,1410.0,1357.0,1370.0,-2.7,37352.0,505.0,381.4
ALICL,6/24/2021,1348.0,1368.0,1347.0,1353.0,-1.24,29149.0,505.0,381.4
ALICL,6/27/2021,1350.0,1369.0,1337.0,1355.0,0.15,18189.0,505.0,381.4
ALICL,6/28/2021,1371.0,1390.0,1364.0,1382.0,1.99,29011.0,505.0,381.4
ALICL,6/29/2021,1385.0,1390.0,1371.0,1373.0,-0.65,47774.0,505.0,381.4
ALICL,6/30/2021,1355.0,1367.0,1351.0,1363.0,-0.73,22339.0,505.0,381.4
ALICL,7/1/2021,1365.0,1383.0,1363.0,1365.0,0.15,8450.0,505.0,381.4
ALICL,7/4/2021,1352.0,1365.0,1350.0,1351.0,-1.03,12788.0,505.0,381.4
ALICL,7/5/2021,1370.0,1370.0,1343.0,1350.0,-0.07,19469.0,505.0,381.4
ALICL,7/6/2021,1350.0,1350.0,1340.0,1349.0,-0.07,11014.0,505.0,381.4
ALICL,7/7/2021,1335.0,1348.0,1332.0,1337.0,-0.89,10966.0,505.0,381.4
ALICL,7/8/2021,1322.0,1344.0,1322.0,1337.0,0.0,21007.0,505.0,381.4
ALICL,7/11/2021,1360.0,1375.0,1353.0,1370.0,2.47,12968.0,505.0,381.4
ALICL,7/12/2021,1370.0,1371.0,1330.0,1344.0,-1.9,17917.0,505.0,381.4
ALICL,7/13/2021,1370.0,1370.0,1343.0,1358.0,1.04,4484.0,505.0,381.4
ALICL,7/14/2021,1358.0,1364.0,1350.0,1350.0,-0.59,5427.0,505.0,381.4
ALICL,7/15/2021,1360.0,1360.0,1344.0,1348.0,-0.15,15633.0,505.0,381.4
ALICL,7/18/2021,1370.0,1418.0,1355.0,1408.0,4.45,34968.0,505.0,381.4
ALICL,7/19/2021,1420.0,1436.0,1380.0,1395.0,-0.92,22930.0,505.0,381.4
ALICL,7/20/2021,1372.1,1400.1,1372.1,1386.0,-0.65,7542.0,505.0,381.4
ALICL,7/22/2021,1400.0,1400.0,1378.0,1382.0,-0.29,18693.0,505.0,381.4
ALICL,7/25/2021,1355.0,1375.0,1305.0,1367.0,-1.09,72632.0,505.0,381.4
ALICL,7/26/2021,1390.0,1400.0,1359.0,1385.0,1.32,33789.0,505.0,381.4
ALICL,7/27/2021,1396.0,1401.0,1369.0,1395.0,0.72,23596.0,505.0,381.4
ALICL,7/28/2021,1402.0,1440.0,1402.0,1429.0,2.44,63058.0,505.0,381.4
ALICL,7/29/2021,1430.0,1451.0,1411.0,1438.0,0.63,46598.0,505.0,381.4
ALICL,8/1/2021,1465.0,1490.0,1448.0,1459.8,1.52,56088.0,505.0,381.4
ALICL,8/2/2021,1460.0,1460.0,1437.0,1448.0,-0.81,26624.0,505.0,381.4
ALICL,8/3/2021,1423.0,1451.0,1423.0,1432.0,-1.1,27301.0,505.0,381.4
ALICL,8/4/2021,1434.0,1445.0,1415.0,1415.0,-1.19,26588.0,505.0,381.4
ALICL,8/5/2021,1417.5,1440.0,1400.1,1405.0,-0.71,23521.0,505.0,381.4
ALICL,8/8/2021,1405.0,1420.0,1392.0,1400.0,-0.36,50570.0,505.0,381.4
ALICL,8/9/2021,1375.0,1410.0,1375.0,1400.0,0.0,17179.0,505.0,381.4
ALICL,8/10/2021,1375.0,1415.0,1375.0,1415.0,1.07,35384.0,505.0,381.4
ALICL,8/11/2021,1420.0,1420.0,1410.0,1417.0,0.14,21830.0,505.0,381.4
ALICL,8/12/2021,1415.0,1429.0,1402.0,1403.1,-0.98,55349.0,505.0,381.4
ALICL,8/15/2021,1375.1,1399.0,1349.0,1388.0,-1.08,56824.0,505.0,381.4
ALICL,8/16/2021,1391.0,1413.0,1368.2,1399.0,0.79,45868.0,505.0,381.4
ALICL,8/17/2021,1390.0,1408.0,1376.0,1394.0,-0.36,50835.0,505.0,381.4
ALICL,8/18/2021,1421.0,1475.0,1410.0,1455.0,4.38,125953.0,505.0,381.4
ALICL,8/19/2021,1484.0,1513.0,1465.0,1489.0,2.34,183837.0,505.0,381.4
ALICL,8/24/2021,1505.0,1505.0,1460.0,1460.0,-1.95,54411.0,505.0,381.4
ALICL,8/25/2021,1463.0,1463.0,1403.0,1419.0,-2.81,38226.0,505.0,381.4
ALICL,8/26/2021,1445.0,1445.0,1392.0,1400.0,-1.34,29313.0,505.0,381.4
ALICL,8/29/2021,1400.0,1415.0,1380.0,1385.0,-1.07,23373.0,505.0,381.4
ALICL,8/31/2021,1360.0,1403.0,1340.0,1355.0,-2.17,55253.0,505.0,381.4
ALICL,9/1/2021,1330.0,1383.0,1320.0,1342.0,-0.96,27338.0,505.0,381.4
ALICL,9/2/2021,1344.0,1365.0,1320.0,1338.0,-0.3,29438.0,505.0,381.4
ALICL,9/5/2021,1320.0,1325.0,1271.0,1294.0,-3.29,53212.0,505.0,381.4
ALICL,9/6/2021,1268.2,1423.0,1268.2,1370.0,5.87,40344.0,505.0,381.4
ALICL,9/7/2021,1342.6,1369.0,1321.0,1345.0,-1.82,22477.0,505.0,381.4
ALICL,9/8/2021,1320.0,1335.0,1299.5,1315.0,-2.23,54158.0,505.0,381.4
ALICL,9/9/2021,1334.0,1339.9,1315.0,1323.0,0.61,20871.0,505.0,381.4
ALICL,9/12/2021,1340.0,1355.0,1309.0,1355.0,2.42,27012.0,505.0,381.4
ALICL,9/13/2021,1360.0,1370.0,1329.0,1343.0,-0.89,18869.0,505.0,381.4
ALICL,9/14/2021,1345.0,1345.0,1310.0,1325.0,-1.34,15987.0,505.0,381.4
ALICL,9/15/2021,1300.0,1335.0,1300.0,1308.0,-1.28,14592.0,505.0,381.4
ALICL,9/16/2021,1281.9,1306.9,1248.0,1265.0,-3.29,44808.0,505.0,381.4
ALICL,9/20/2021,1280.0,1280.0,1190.0,1190.0,-5.93,49255.0,505.0,381.4
ALICL,9/21/2021,1170.0,1258.0,1155.0,1200.0,0.84,32667.0,505.0,381.4
ALICL,9/22/2021,1176.0,1250.0,1176.0,1250.0,4.17,29215.0,505.0,381.4
ALICL,9/23/2021,1252.0,1275.0,1221.0,1230.0,-1.6,22143.0,505.0,381.4
ALICL,9/26/2021,1228.0,1230.0,1193.8,1210.0,-1.63,24075.0,505.0,381.4
ALICL,9/27/2021,1200.0,1200.0,1168.0,1190.0,-1.65,22397.0,505.0,381.4
ALICL,9/28/2021,1166.2,1195.0,1150.0,1175.0,-1.26,24685.0,505.0,381.4
ALICL,9/29/2021,1175.0,1195.0,1152.9,1195.0,1.7,14619.0,505.0,381.4
ALICL,9/30/2021,1218.9,1218.9,1170.0,1171.0,-2.01,15629.0,505.0,381.4
ALICL,10/3/2021,1151.0,1175.0,1143.0,1152.0,-1.62,13351.0,505.0,381.4
ALICL,10/4/2021,1129.0,1173.0,1129.0,1149.0,-0.26,23972.0,505.0,381.4
ALICL,10/5/2021,1170.0,1177.0,1142.0,1177.0,2.44,13403.0,505.0,381.4
ALICL,10/6/2021,1177.0,1199.0,1166.0,1195.0,1.53,18797.0,505.0,381.4
ALICL,10/10/2021,1203.6,1204.0,1172.1,1190.0,-0.42,15236.0,505.0,381.4
ALICL,10/11/2021,1180.0,1192.0,1165.0,1192.0,0.17,10288.0,505.0,381.4
ALICL,10/17/2021,1181.0,1195.0,1169.0,1175.0,-1.43,4319.0,505.0,381.4
ALICL,10/18/2021,1152.0,1156.0,1130.0,1141.0,-2.89,8095.0,505.0,381.4
ALICL,10/19/2021,1119.0,1128.0,1096.7,1115.0,-2.28,16552.0,505.0,381.4
ALICL,10/20/2021,1127.0,1134.9,1112.5,1129.0,1.26,13282.0,505.0,381.4
ALICL,10/21/2021,1111.0,1130.0,1110.0,1129.0,0.0,16526.0,505.0,381.4
ALICL,10/24/2021,1130.0,1173.0,1118.1,1148.0,1.68,11914.0,505.0,381.4
ALICL,10/25/2021,1170.0,1189.0,1141.7,1189.0,3.57,12225.0,505.0,381.4
ALICL,10/26/2021,1209.0,1264.0,1187.1,1250.0,5.13,37224.0,505.0,381.4
ALICL,10/27/2021,1272.0,1336.0,1227.0,1304.0,4.32,59898.0,505.0,381.4
ALICL,10/28/2021,1305.0,1305.0,1278.0,1293.0,-0.84,43205.0,505.0,381.4
ALICL,10/31/2021,1295.0,1300.0,1270.0,1283.0,-0.77,48878.0,505.0,381.4
ALICL,11/1/2021,1280.0,1289.0,1253.0,1270.0,-1.01,13880.0,505.0,381.4
ALICL,11/2/2021,1275.1,1314.0,1251.0,1300.0,2.36,45358.0,505.0,381.4
ALICL,11/3/2021,1300.0,1314.0,1285.0,1285.0,-1.15,21008.0,505.0,381.4
ALICL,11/8/2021,1310.7,1350.0,1310.7,1313.0,2.18,53732.0,505.0,381.4
ALICL,11/9/2021,1330.0,1335.0,1277.0,1290.0,-1.75,42218.0,505.0,381.4
ALICL,11/11/2021,1266.0,1319.8,1265.1,1285.0,-0.39,28791.0,505.0,381.4
ALICL,11/14/2021,1285.0,1304.0,1255.0,1274.0,-0.86,42091.0,505.0,381.4
ALICL,11/15/2021,1299.0,1299.0,1275.0,1285.0,0.86,25920.0,505.0,381.4
ALICL,11/16/2021,1290.0,1300.0,1272.0,1293.5,0.66,14346.0,505.0,381.4
ALICL,11/17/2021,1319.3,1398.0,1309.0,1309.0,1.2,251115.0,505.0,381.4
ALICL,11/18/2021,1335.0,1335.0,1285.0,1285.0,-1.83,35208.0,505.0,381.4
ALICL,11/21/2021,1310.0,1310.0,1252.0,1270.0,-1.17,27083.0,505.0,381.4
ALICL,11/22/2021,1275.1,1300.0,1266.0,1267.0,-0.24,16073.0,505.0,381.4
ALICL,11/23/2021,1251.0,1275.0,1235.0,1240.0,-2.13,22056.0,505.0,381.4
ALICL,11/24/2021,1249.0,1265.0,1230.0,1245.0,0.4,11868.0,505.0,381.4
ALICL,11/25/2021,1265.0,1265.0,1220.1,1235.0,-0.8,16407.0,505.0,381.4
ALICL,11/28/2021,1250.0,1250.0,1188.0,1195.0,-3.24,29885.0,505.0,381.4
ALICL,11/29/2021,1195.0,1220.0,1167.0,1175.0,-1.67,12743.0,505.0,381.4
ALICL,11/30/2021,1190.0,1199.0,1166.0,1175.0,0.0,11409.0,505.0,381.4
ALICL,12/1/2021,1180.0,1190.0,1160.0,1169.0,-0.51,12658.0,505.0,381.4
ALICL,12/2/2021,1179.0,1179.0,1145.0,1150.0,-1.63,17572.0,505.0,381.4
ALICL,12/5/2021,1151.0,1154.0,1123.1,1130.0,-1.74,12702.0,505.0,381.4
ALICL,12/6/2021,1125.0,1147.0,1098.0,1132.0,0.18,17404.0,505.0,381.4
ALICL,12/7/2021,1154.1,1165.0,1120.0,1120.0,-1.06,16116.0,505.0,381.4
ALICL,12/8/2021,1120.0,1130.0,1092.0,1098.9,-1.88,7944.0,505.0,381.4
ALICL,12/9/2021,1090.0,1104.0,1070.0,1088.9,-0.91,15303.0,505.0,381.4
ALICL,12/12/2021,1089.9,1090.0,1022.0,1033.0,-5.13,26833.0,505.0,381.4
ALICL,12/13/2021,1013.0,1013.0,978.0,978.0,-5.32,24595.0,505.0,381.4
ALICL,12/14/2021,997.0,1029.9,997.0,1029.9,5.31,9119.0,505.0,381.4
ALICL,12/15/2021,1050.0,1053.0,1000.0,1006.0,-2.32,25258.0,505.0,381.4
ALICL,12/16/2021,1000.0,1009.9,990.1,1007.0,0.1,6036.0,505.0,381.4
ALICL,12/20/2021,987.1,1012.0,986.9,993.0,-1.39,6000.0,505.0,381.4
ALICL,12/21/2021,987.0,1017.0,987.0,1015.0,2.22,7571.0,505.0,381.4
ALICL,12/22/2021,1035.0,1072.0,1015.0,1060.0,4.43,14303.0,505.0,381.4
ALICL,12/23/2021,1061.0,1095.0,1040.0,1080.0,1.89,11832.0,505.0,381.4
ALICL,12/26/2021,1100.0,1188.0,1079.0,1188.0,10.0,43361.0,505.0,381.4
ALICL,12/27/2021,1211.0,1212.0,1124.0,1130.0,-4.88,33991.0,505.0,381.4
ALICL,12/28/2021,1115.0,1150.0,1088.0,1125.0,-0.44,18239.0,505.0,381.4
ALICL,12/29/2021,1140.0,1145.0,1117.2,1123.0,-0.18,7301.0,505.0,381.4
ALICL,1/2/2022,1145.4,1165.0,1114.0,1165.0,3.74,12173.0,505.0,381.4
ALICL,1/3/2022,1165.0,1200.0,1163.0,1171.0,0.52,23341.0,505.0,381.4
ALICL,1/4/2022,1153.0,1190.0,1152.0,1180.0,0.77,11524.0,505.0,381.4
ALICL,1/5/2022,1197.9,1200.0,1160.0,1169.9,-0.86,15307.0,505.0,381.4
ALICL,1/6/2022,1170.0,1189.0,1168.0,1180.0,0.86,8947.0,505.0,381.4
ALICL,1/9/2022,1203.0,1257.0,1192.0,1235.0,4.66,37401.0,505.0,381.4
ALICL,1/10/2022,1259.0,1275.0,1236.0,1254.0,1.54,43309.0,505.0,381.4
ALICL,1/11/2022,1277.0,1305.0,1255.0,1290.0,2.87,43715.0,505.0,381.4
ALICL,1/12/2022,1315.8,1315.8,1245.0,1250.0,-3.1,39672.0,505.0,381.4
ALICL,1/13/2022,1275.0,1302.0,1275.0,1299.0,3.92,58273.0,505.0,381.4
ALICL,1/16/2022,1323.9,1351.3,1323.0,1334.0,2.69,59288.0,505.0,381.4
ALICL,1/17/2022,1345.0,1355.0,1318.0,1337.0,0.22,48327.0,505.0,381.4
ALICL,1/18/2022,1345.0,1355.0,1326.0,1339.0,0.15,60928.0,505.0,381.4
ALICL,1/19/2022,1365.7,1365.7,1313.0,1327.0,-0.9,29278.0,505.0,381.4
ALICL,1/20/2022,1330.0,1350.0,1307.1,1341.0,1.06,37239.0,505.0,381.4
ALICL,1/23/2022,1360.0,1374.0,1339.3,1340.0,-0.07,72785.0,505.0,381.4
ALICL,1/24/2022,1345.0,1345.0,1295.0,1305.0,-2.61,66929.0,505.0,381.4
ALICL,1/25/2022,1330.0,1350.0,1309.9,1322.0,1.3,202758.0,505.0,381.4
ALICL,1/26/2022,1078.7,1099.0,1020.0,1021.0,-22.77,44829.0,505.0,381.4
ALICL,1/27/2022,1024.0,1027.0,1002.2,1009.0,-1.18,16217.0,505.0,381.4
ALICL,1/30/2022,1029.1,1070.0,1027.0,1044.0,3.47,22771.0,505.0,381.4
ALICL,1/31/2022,1051.0,1051.0,1017.0,1019.0,-2.39,14706.0,505.0,381.4
ALICL,2/1/2022,1015.0,1027.0,1010.0,1025.0,0.59,14836.0,505.0,381.4
ALICL,2/3/2022,1026.0,1031.0,1000.0,1002.0,-2.24,21071.0,505.0,381.4
ALICL,2/6/2022,1022.0,1042.0,993.0,995.0,-0.7,19045.0,505.0,381.4
ALICL,2/7/2022,988.0,1020.0,987.0,1003.0,0.8,17585.0,505.0,381.4
ALICL,2/8/2022,1023.0,1039.9,988.0,988.0,-1.5,20070.0,505.0,381.4
ALICL,2/9/2022,1005.0,1005.0,965.0,973.0,-1.52,25153.0,505.0,381.4
ALICL,2/10/2022,975.1,979.0,960.0,966.0,-0.72,7512.0,505.0,381.4
ALICL,2/13/2022,966.0,966.0,890.1,902.0,-6.63,39421.0,505.0,381.4
ALICL,2/14/2022,884.0,920.0,884.0,902.0,0.0,14284.0,505.0,381.4
ALICL,2/15/2022,919.8,923.1,902.0,922.0,2.22,14062.0,505.0,381.4
ALICL,2/16/2022,939.0,939.0,909.0,913.0,-0.98,7003.0,505.0,381.4
ALICL,2/17/2022,913.0,913.0,901.0,913.0,0.0,9175.0,505.0,381.4
ALICL,2/20/2022,895.0,900.0,880.0,890.0,-2.52,11723.0,505.0,381.4
ALICL,2/21/2022,900.0,900.0,883.0,894.0,0.45,6564.0,505.0,381.4
ALICL,2/22/2022,900.0,903.1,894.2,899.0,0.56,9270.0,505.0,381.4
ALICL,2/23/2022,899.0,909.0,882.0,885.0,-1.56,10971.0,505.0,381.4
ALICL,2/24/2022,870.3,883.0,860.0,866.0,-2.15,16555.0,505.0,381.4
ALICL,2/27/2022,860.0,867.5,850.0,854.1,-1.37,14291.0,505.0,381.4
ALICL,2/28/2022,865.0,871.1,835.0,837.0,-2.0,14011.0,505.0,381.4
ALICL,3/2/2022,835.0,835.0,796.0,810.0,-3.23,16431.0,505.0,381.4
ALICL,3/6/2022,815.0,830.0,797.5,800.5,-1.17,9120.0,505.0,381.4
ALICL,3/7/2022,803.0,816.0,784.0,795.0,-0.69,12399.0,505.0,381.4
ALICL,3/9/2022,810.0,810.0,780.0,782.0,-1.64,8131.0,505.0,381.4
ALICL,3/10/2022,780.1,805.0,775.0,805.0,2.94,13819.0,505.0,381.4
ALICL,3/13/2022,821.1,885.5,821.1,885.5,10.0,58683.0,505.0,381.4
ALICL,3/14/2022,903.0,920.0,887.5,910.0,2.77,21698.0,505.0,381.4
ALICL,3/15/2022,915.0,926.0,880.0,910.0,0.0,23608.0,505.0,381.4
ALICL,3/16/2022,920.0,926.0,902.0,910.0,0.0,23367.0,505.0,381.4
ALICL,3/20/2022,915.0,917.0,890.2,892.0,-1.98,8305.0,505.0,381.4
ALICL,3/21/2022,900.0,904.0,885.0,904.0,1.35,10195.0,505.0,381.4
ALICL,3/22/2022,906.0,918.0,904.0,907.0,0.33,9576.0,505.0,381.4
ALICL,3/23/2022,907.0,915.0,900.0,905.0,-0.22,8411.0,505.0,381.4
ALICL,3/24/2022,902.0,939.0,900.0,932.0,2.98,29122.0,505.0,381.4
ALICL,3/27/2022,950.0,1007.7,925.1,929.0,-0.32,60312.0,505.0,381.4
ALICL,3/28/2022,918.1,930.0,900.0,906.0,-2.48,11152.0,505.0,381.4
ALICL,3/29/2022,891.0,910.0,875.0,876.0,-3.31,16993.0,505.0,381.4
ALICL,3/30/2022,862.1,889.9,862.1,887.0,1.26,19017.0,505.0,381.4
ALICL,3/31/2022,887.0,893.0,870.0,871.0,-1.8,12414.0,505.0,381.4
ALICL,4/3/2022,871.0,871.1,842.0,848.0,-2.64,15432.0,505.0,381.4
ALICL,4/4/2022,855.0,855.0,836.0,838.3,-1.14,12514.0,505.0,381.4
ALICL,4/5/2022,826.0,826.0,807.0,815.0,-2.78,18979.0,505.0,381.4
ALICL,4/6/2022,805.0,824.9,790.0,808.0,-0.86,37433.0,505.0,381.4
ALICL,4/7/2022,819.0,847.0,805.2,819.0,1.36,15375.0,505.0,381.4
ALICL,4/11/2022,830.0,830.0,792.1,793.1,-3.16,20464.0,505.0,381.4
ALICL,4/12/2022,808.0,808.0,780.0,786.0,-0.9,18499.0,505.0,381.4
ALICL,4/13/2022,787.0,799.9,782.0,795.0,1.15,9986.0,505.0,381.4
ALICL,4/17/2022,797.0,806.0,785.0,786.2,-1.11,7721.0,505.0,381.4
ALICL,4/18/2022,783.0,800.0,780.0,782.0,-0.53,18278.0,505.0,381.4
ALICL,4/19/2022,782.0,802.0,782.0,798.0,2.05,5787.0,505.0,381.4
ALICL,4/20/2022,795.0,805.0,785.0,785.9,-1.52,9152.0,505.0,381.4
ALICL,4/21/2022,785.0,798.0,777.0,794.5,1.09,8302.0,505.0,381.4
ALICL,4/24/2022,800.0,840.0,796.0,838.0,5.48,12357.0,505.0,381.4
ALICL,4/25/2022,849.0,851.0,820.0,821.0,-2.03,14058.0,505.0,381.4
ALICL,4/26/2022,820.0,837.0,805.0,820.0,-0.12,5718.0,505.0,381.4
ALICL,4/27/2022,811.6,826.0,804.5,824.7,0.57,4909.0,505.0,381.4
ALICL,4/28/2022,829.0,829.0,795.0,795.0,-3.6,13692.0,505.0,381.4
ALICL,5/2/2022,800.0,800.0,765.0,770.0,-3.14,12901.0,505.0,381.4
ALICL,5/4/2022,761.0,777.0,749.0,750.0,-2.6,15440.0,505.0,381.4
ALICL,5/5/2022,735.1,760.0,732.0,735.0,-2.0,8422.0,505.0,381.4
ALICL,5/8/2022,735.0,735.0,700.0,709.0,-3.54,32871.0,505.0,381.4
ALICL,5/9/2022,710.0,715.0,697.1,699.1,-1.4,38567.0,505.0,381.4
ALICL,5/10/2022,710.0,710.5,700.0,702.5,0.49,16822.0,505.0,381.4
ALICL,5/11/2022,715.0,719.5,710.0,719.5,2.42,13292.0,505.0,381.4
ALICL,5/12/2022,730.0,740.0,711.0,711.0,-1.18,18441.0,505.0,381.4
ALICL,5/17/2022,698.0,714.0,678.0,678.0,-4.64,16165.0,505.0,381.4
ALICL,5/18/2022,690.0,690.0,644.0,651.0,-3.98,33536.0,505.0,381.4
ALICL,5/19/2022,664.0,664.0,625.0,630.0,-3.23,23469.0,505.0,381.4
ALICL,5/20/2022,642.0,642.0,608.0,609.0,-3.33,22892.0,505.0,381.4
ALICL,5/23/2022,609.0,609.0,586.0,594.0,-2.46,30460.0,505.0,381.4
ALICL,5/24/2022,587.0,624.9,587.0,595.0,0.17,22247.0,505.0,381.4
ALICL,5/25/2022,606.0,628.9,605.0,615.0,3.36,23108.0,505.0,381.4
ALICL,5/26/2022,615.0,645.0,615.0,627.0,1.95,32224.0,505.0,381.4
ALICL,5/27/2022,639.0,651.7,615.0,620.0,-1.12,23016.0,505.0,381.4
ALICL,5/30/2022,632.0,632.0,594.0,608.0,-1.94,20546.0,505.0,381.4
ALICL,5/31/2022,596.0,605.0,584.1,590.0,-2.96,38192.0,505.0,381.4
ALICL,6/1/2022,600.0,600.0,570.1,590.0,0.0,35918.0,505.0,381.4
ALICL,6/2/2022,590.0,592.0,567.0,580.0,-1.69,44145.0,505.0,381.4
ALICL,6/3/2022,576.0,580.0,544.0,555.0,-4.31,40964.0,505.0,381.4
ALICL,6/6/2022,556.0,567.0,528.3,539.0,-2.88,152888.0,505.0,381.4
ALICL,6/7/2022,535.0,583.6,535.0,537.0,-0.37,33267.0,505.0,381.4
ALICL,6/8/2022,543.0,575.0,543.0,568.9,5.94,54953.0,505.0,381.4
ALICL,6/9/2022,568.0,578.0,550.0,560.0,-1.56,70328.0,505.0,381.4
ALICL,6/10/2022,560.0,567.0,548.8,553.0,-1.25,37069.0,505.0,381.4
ALICL,6/13/2022,557.0,575.0,545.2,559.0,1.08,48744.0,505.0,381.4
ALICL,6/14/2022,553.0,555.0,541.0,548.0,-1.97,32368.0,505.0,381.4
ALICL,6/15/2022,555.0,555.0,525.2,546.9,-0.2,36755.0,505.0,381.4
ALICL,6/16/2022,542.0,555.0,536.1,540.0,-1.26,16838.0,505.0,381.4
ALICL,6/17/2022,550.0,550.0,539.9,542.8,0.52,5126.0,505.0,381.4
ALICL,6/19/2022,534.0,545.8,524.0,526.0,-3.1,13745.0,505.0,381.4
ALICL,6/20/2022,516.1,525.0,500.0,506.0,-3.8,59640.0,505.0,381.4
ALICL,6/21/2022,496.1,535.0,496.0,527.0,4.15,51355.0,505.0,381.4
ALICL,6/22/2022,520.0,520.0,505.7,509.0,-3.42,19377.0,505.0,381.4
ALICL,6/23/2022,515.0,515.0,491.0,498.0,-2.16,23380.0,505.0,381.4
ALICL,6/24/2022,500.0,509.0,484.0,507.9,1.99,41001.0,505.0,381.4
ALICL,6/26/2022,510.0,538.0,502.0,537.0,5.73,93671.0,505.0,381.4
ALICL,6/27/2022,545.0,564.0,527.0,550.0,2.42,107213.0,505.0,381.4
ALICL,6/28/2022,553.0,589.0,532.0,577.0,4.91,129466.0,505.0,381.4
ALICL,6/29/2022,579.0,605.0,555.0,597.5,3.55,89418.0,505.0,381.4
ALICL,6/30/2022,609.0,621.0,593.0,607.0,1.59,99299.0,505.0,381.4
ALICL,7/1/2022,607.0,619.1,597.0,601.0,-0.99,86208.0,505.0,381.4
ALICL,7/3/2022,604.0,610.0,592.0,600.0,-0.17,53120.0,505.0,381.4
ALICL,7/4/2022,611.0,642.0,606.0,610.0,1.67,207844.0,505.0,381.4
ALICL,7/5/2022,609.0,622.0,600.0,604.0,-0.98,99967.0,505.0,381.4
ALICL,7/6/2022,609.2,625.0,593.1,617.0,2.15,83175.0,505.0,381.4
ALICL,7/7/2022,629.3,638.9,605.0,605.0,-1.94,57122.0,505.0,381.4
ALICL,7/8/2022,614.0,614.0,588.0,590.0,-2.48,25204.0,505.0,381.4
ALICL,7/11/2022,595.0,595.0,548.0,560.0,-5.08,145918.0,505.0,381.4
ALICL,7/12/2022,560.0,581.0,555.0,568.9,1.59,59571.0,505.0,381.4
ALICL,7/13/2022,571.0,584.9,567.0,584.0,2.65,57293.0,505.0,381.4
ALICL,7/14/2022,595.0,595.0,570.0,574.1,-1.7,145719.0,505.0,381.4
ALICL,7/15/2022,580.0,580.0,562.0,574.0,-0.02,20777.0,505.0,381.4
ALICL,7/17/2022,563.0,580.0,561.0,568.9,-0.89,19483.0,505.0,381.4
ALICL,7/18/2022,580.2,591.0,562.0,586.0,3.01,126595.0,505.0,381.4
ALICL,7/19/2022,574.3,600.0,574.3,595.9,1.69,53421.0,505.0,381.4
ALICL,7/20/2022,605.0,607.0,585.0,589.0,-1.16,29381.0,505.0,381.4
ALICL,7/21/2022,594.9,594.9,572.0,575.0,-2.38,53812.0,505.0,381.4
ALICL,7/22/2022,564.1,582.9,564.1,571.0,-0.7,34897.0,505.0,381.4
ALICL,7/24/2022,580.0,597.0,570.0,593.0,3.85,33750.0,505.0,381.4
ALICL,7/25/2022,600.0,610.0,593.0,604.0,1.85,66817.0,505.0,381.4
ALICL,7/26/2022,612.0,616.0,588.2,588.2,-2.62,70326.0,505.0,381.4
ALICL,7/27/2022,589.0,614.9,588.0,612.9,4.2,69448.0,505.0,381.4
ALICL,7/28/2022,623.8,629.8,610.9,625.0,1.97,76738.0,505.0,381.4
ALICL,7/29/2022,633.0,633.0,615.5,624.0,-0.16,29378.0,505.0,381.4
ALICL,7/31/2022,630.0,676.2,626.0,675.0,8.17,175264.0,505.0,381.4
ALICL,8/1/2022,688.0,688.0,658.0,666.0,-1.33,88486.0,505.0,381.4
ALICL,8/2/2022,660.0,668.0,650.0,655.0,-1.65,51419.0,505.0,381.4
ALICL,8/3/2022,655.0,669.0,650.0,650.1,-0.75,67484.0,505.0,381.4
ALICL,8/4/2022,650.0,659.7,633.0,633.0,-2.63,62331.0,505.0,381.4
ALICL,8/5/2022,632.0,644.0,622.0,640.0,1.11,42575.0,505.0,381.4
ALICL,8/7/2022,650.0,662.0,631.0,644.0,0.63,125934.0,505.0,381.4
ALICL,8/8/2022,645.0,649.0,622.0,622.0,-3.42,38243.0,505.0,381.4
ALICL,8/9/2022,629.9,629.9,603.0,604.0,-2.89,39044.0,505.0,381.4
ALICL,8/10/2022,602.7,615.0,593.0,600.0,-0.66,25465.0,505.0,381.4
ALICL,8/11/2022,608.0,608.0,592.0,598.0,-0.33,18602.0,505.0,381.4
ALICL,8/14/2022,600.0,605.0,585.0,585.0,-2.17,21817.0,505.0,381.4
ALICL,8/15/2022,575.0,615.0,574.0,614.0,4.96,23725.0,505.0,381.4
ALICL,8/16/2022,613.0,621.0,585.0,587.0,-4.4,28781.0,505.0,381.4
ALICL,8/17/2022,596.0,597.0,585.0,588.1,0.19,12513.0,505.0,381.4
ALICL,8/18/2022,588.0,608.0,588.0,602.0,2.36,22276.0,505.0,381.4
ALICL,8/21/2022,613.0,614.0,593.0,600.0,-0.33,27608.0,505.0,381.4
ALICL,8/22/2022,600.0,601.0,586.1,591.2,-1.47,20824.0,505.0,381.4
ALICL,8/23/2022,588.5,595.0,585.4,593.0,0.3,23968.0,505.0,381.4
ALICL,8/24/2022,594.0,595.0,585.0,590.0,-0.51,24609.0,505.0,381.4
ALICL,8/25/2022,587.1,598.8,583.0,583.0,-1.19,8545.0,505.0,381.4
ALICL,8/26/2022,583.0,586.5,568.4,576.0,-1.2,33420.0,505.0,381.4
ALICL,8/28/2022,587.5,587.5,553.9,556.0,-3.47,32799.0,505.0,381.4
ALICL,8/29/2022,564.0,564.0,555.0,560.0,0.72,14571.0,505.0,381.4
ALICL,8/30/2022,570.0,575.0,559.0,564.8,0.86,21422.0,505.0,381.4
ALICL,8/31/2022,573.4,573.4,554.0,555.0,-1.74,9315.0,505.0,381.4
ALICL,9/1/2022,564.0,568.0,547.8,556.0,0.18,26747.0,505.0,381.4
ALICL,9/2/2022,567.0,567.0,558.0,563.0,1.26,8219.0,505.0,381.4
ALICL,9/4/2022,563.0,568.0,553.0,563.9,0.16,13601.0,505.0,381.4
ALICL,9/5/2022,569.0,569.0,558.2,560.0,-0.69,7788.0,505.0,381.4
ALICL,9/6/2022,550.0,561.0,540.2,555.0,-0.89,39082.0,505.0,381.4
ALICL,9/7/2022,560.0,565.0,545.0,548.0,-1.26,23533.0,505.0,381.4
ALICL,9/8/2022,558.0,565.0,545.0,556.0,1.46,50691.0,505.0,381.4
ALICL,9/11/2022,551.0,554.0,545.0,549.9,-1.1,27973.0,505.0,381.4
ALICL,9/12/2022,550.0,555.0,539.0,547.9,-0.36,17324.0,505.0,381.4
ALICL,9/13/2022,551.9,555.0,544.2,552.0,0.75,15023.0,505.0,381.4
ALICL,9/14/2022,555.0,569.0,554.0,564.8,2.32,27946.0,505.0,381.4
ALICL,9/15/2022,576.0,576.0,546.0,553.0,-2.09,28094.0,505.0,381.4
ALICL,9/16/2022,544.0,549.0,531.0,547.0,-1.08,7070.0,505.0,381.4
ALICL,9/18/2022,541.0,549.9,537.1,540.0,-1.28,38383.0,505.0,381.4
ALICL,9/20/2022,481.0,481.0,441.0,444.0,-17.78,25629.0,505.0,381.4
ALICL,9/21/2022,450.0,461.0,445.9,449.0,1.13,5504.0,505.0,381.4
ALICL,9/22/2022,445.0,448.9,440.0,442.0,-1.56,13890.0,505.0,381.4
ALICL,9/25/2022,443.0,443.0,430.0,432.5,-2.15,20682.0,505.0,381.4
ALICL,9/27/2022,441.1,441.8,432.2,433.0,0.12,6322.0,505.0,381.4
ALICL,9/28/2022,441.6,445.0,433.0,438.0,1.15,3725.0,505.0,381.4
ALICL,9/29/2022,440.0,445.0,440.0,444.0,1.37,3718.0,505.0,381.4
ALICL,10/9/2022,444.0,449.9,436.0,446.8,0.63,7184.0,505.0,381.4
ALICL,10/10/2022,448.0,450.0,439.0,441.0,-1.3,11601.0,505.0,381.4
ALICL,10/11/2022,440.0,445.0,432.2,439.1,-0.43,3288.0,505.0,381.4
ALICL,10/12/2022,446.0,446.5,430.5,444.5,1.23,6105.0,505.0,381.4
ALICL,10/13/2022,446.0,447.0,435.2,440.5,-0.9,4662.0,505.0,381.4
ALICL,10/16/2022,445.0,446.0,437.1,441.5,0.23,3015.0,505.0,381.4
ALICL,10/17/2022,441.0,441.0,437.0,438.9,-0.59,2466.0,505.0,381.4
ALICL,10/19/2022,434.0,438.0,434.0,434.0,-1.12,4687.0,505.0,381.4
ALICL,10/20/2022,428.0,438.0,428.0,430.0,-0.92,4696.0,505.0,381.4
ALICL,10/23/2022,430.1,438.0,429.0,437.0,1.63,3413.0,505.0,381.4
ALICL,10/31/2022,437.0,444.0,435.0,435.1,-0.43,6160.0,505.0,381.4
ALICL,11/1/2022,436.1,453.9,435.0,451.6,3.79,12923.0,505.0,381.4
ALICL,11/2/2022,460.0,460.0,445.0,451.8,0.04,6735.0,505.0,381.4
ALICL,11/3/2022,450.0,460.0,450.0,452.0,0.04,6941.0,505.0,381.4
ALICL,11/6/2022,459.9,485.0,454.0,472.0,4.42,17987.0,505.0,381.4
ALICL,11/7/2022,479.9,486.0,470.0,476.0,0.85,19072.0,505.0,381.4
ALICL,11/8/2022,479.0,504.0,469.0,476.4,0.08,12229.0,505.0,381.4
ALICL,11/9/2022,485.9,489.9,470.0,470.0,-1.34,25499.0,505.0,381.4
ALICL,11/10/2022,478.9,478.9,455.0,455.1,-3.17,14015.0,505.0,381.4
ALICL,11/13/2022,456.0,462.5,450.0,450.0,-1.12,8001.0,505.0,381.4
ALICL,11/14/2022,442.1,494.9,442.1,475.9,5.76,9345.0,505.0,381.4
ALICL,11/15/2022,466.5,484.0,466.0,471.9,-0.84,8259.0,505.0,381.4
ALICL,11/16/2022,481.3,500.7,462.6,479.0,1.5,4565.0,505.0,381.4
ALICL,11/17/2022,488.0,492.0,483.0,489.9,2.28,16287.0,505.0,381.4
ALICL,11/22/2022,495.0,495.0,483.0,487.9,-0.41,7536.0,505.0,381.4
ALICL,11/23/2022,485.0,488.9,479.0,484.0,-0.8,3831.0,505.0,381.4
ALICL,11/24/2022,480.0,486.8,480.0,482.0,-0.41,5907.0,505.0,381.4
ALICL,11/27/2022,484.0,499.9,477.2,498.0,3.32,9509.0,505.0,381.4
ALICL,11/28/2022,490.1,512.6,490.1,499.9,0.38,24815.0,505.0,381.4
ALICL,11/29/2022,490.0,499.0,482.0,498.9,-0.2,12830.0,505.0,381.4
ALICL,11/30/2022,489.0,502.9,484.2,495.0,-0.78,6803.0,505.0,381.4
ALICL,12/1/2022,485.3,524.0,485.3,508.0,2.63,17489.0,505.0,381.4
ALICL,12/4/2022,501.1,535.0,501.1,533.0,4.92,55819.0,505.0,381.4
ALICL,12/5/2022,540.0,542.9,516.0,521.0,-2.25,32190.0,505.0,381.4
ALICL,12/6/2022,511.1,530.0,511.1,520.0,-0.19,9158.0,505.0,381.4
ALICL,12/7/2022,513.0,518.0,511.1,512.1,-1.52,7300.0,505.0,381.4
ALICL,12/11/2022,513.0,518.0,498.0,501.1,-2.15,31888.0,505.0,381.4
ALICL,12/12/2022,510.0,510.0,500.1,510.0,1.78,10221.0,505.0,381.4
ALICL,12/13/2022,500.2,511.5,500.1,510.2,0.04,4694.0,505.0,381.4
ALICL,12/14/2022,503.0,515.0,503.0,510.0,-0.04,5296.0,505.0,381.4
ALICL,12/15/2022,501.2,511.1,501.2,504.4,-1.1,13876.0,505.0,381.4
ALICL,12/18/2022,504.4,504.9,495.0,501.0,-0.67,11874.0,505.0,381.4
ALICL,12/19/2022,493.0,507.9,493.0,504.4,0.68,24110.0,505.0,381.4
ALICL,12/20/2022,509.0,516.0,500.0,514.0,1.9,19902.0,505.0,381.4
ALICL,12/21/2022,504.1,514.0,504.0,504.0,-1.95,13024.0,505.0,381.4
ALICL,12/22/2022,504.0,507.0,501.0,505.0,0.2,13523.0,505.0,381.4
ALICL,12/26/2022,515.0,540.0,512.0,539.0,6.73,58129.0,505.0,381.4
ALICL,12/27/2022,549.1,579.0,540.0,570.0,5.75,96538.0,505.0,381.4
ALICL,12/28/2022,572.0,580.9,547.9,564.0,-1.05,38669.0,505.0,381.4
ALICL,12/29/2022,553.1,595.0,553.1,592.0,4.96,53491.0,505.0,381.4
ALICL,1/1/2023,600.0,643.0,598.0,632.0,6.76,121336.0,505.0,381.4
ALICL,1/2/2023,621.0,655.8,620.0,651.5,3.09,63026.0,505.0,381.4
ALICL,1/3/2023,651.5,657.0,639.1,649.0,-0.38,60567.0,505.0,381.4
ALICL,1/4/2023,650.0,668.9,643.1,666.0,2.62,61690.0,505.0,381.4
ALICL,1/5/2023,669.0,695.0,655.0,690.0,3.6,106400.0,505.0,381.4
ALICL,1/8/2023,703.8,737.0,690.0,725.0,5.07,102016.0,505.0,381.4
ALICL,1/9/2023,725.0,758.0,715.0,743.0,2.48,69715.0,505.0,381.4
ALICL,1/10/2023,757.8,757.8,700.1,702.0,-5.52,105899.0,505.0,381.4
ALICL,1/12/2023,715.0,729.0,681.0,684.0,-2.56,125119.0,505.0,381.4
ALICL,1/17/2023,697.0,730.0,680.0,722.5,5.63,84128.0,505.0,381.4
ALICL,1/18/2023,726.0,740.0,708.2,716.0,-0.9,69893.0,505.0,381.4
ALICL,1/19/2023,705.1,723.0,705.0,715.0,-0.14,47206.0,505.0,381.4
ALICL,1/23/2023,729.3,729.3,700.0,704.0,-1.54,36068.0,505.0,381.4
ALICL,1/24/2023,695.0,713.5,688.0,712.0,1.14,56623.0,505.0,381.4
ALICL,1/25/2023,721.0,724.0,707.0,720.0,1.12,32273.0,505.0,381.4
ALICL,1/26/2023,719.0,730.0,708.0,710.0,-1.39,29019.0,505.0,381.4
ALICL,1/29/2023,696.0,722.0,696.0,705.0,-0.7,42877.0,505.0,381.4
ALICL,1/30/2023,700.0,710.0,688.0,695.0,-1.42,42302.0,505.0,381.4
ALICL,1/31/2023,686.1,702.0,681.3,684.1,-1.57,48117.0,505.0,381.4
ALICL,2/1/2023,680.0,692.0,680.0,689.0,0.72,22311.0,505.0,381.4
ALICL,2/2/2023,688.0,690.0,668.1,670.0,-2.76,37627.0,505.0,381.4
ALICL,2/5/2023,680.0,698.0,675.5,685.0,2.24,36432.0,505.0,381.4
ALICL,2/6/2023,676.7,684.5,676.0,683.0,-0.29,13703.0,505.0,381.4
ALICL,2/7/2023,685.0,708.0,681.1,708.0,3.66,46561.0,505.0,381.4
ALICL,2/8/2023,715.0,722.0,700.0,707.0,-0.14,41404.0,505.0,381.4
ALICL,2/9/2023,709.9,719.0,698.0,707.6,0.08,17733.0,505.0,381.4
ALICL,2/12/2023,695.0,700.0,682.0,686.0,-3.05,38847.0,505.0,381.4
ALICL,2/14/2023,678.0,688.0,678.0,678.1,-1.15,13554.0,505.0,381.4
ALICL,2/15/2023,677.0,690.0,665.0,666.0,-1.78,32733.0,505.0,381.4
ALICL,2/16/2023,665.0,670.0,655.0,656.0,-1.5,20959.0,505.0,381.4
ALICL,2/20/2023,655.0,668.1,648.0,649.1,-1.05,27297.0,505.0,381.4
ALICL,2/22/2023,660.9,673.0,658.4,672.0,3.53,21011.0,505.0,381.4
ALICL,2/23/2023,667.0,668.0,650.0,656.8,-2.26,41675.0,505.0,381.4
ALICL,2/26/2023,643.7,660.8,619.1,650.0,-1.04,49771.0,505.0,381.4
ALICL,2/27/2023,653.0,658.0,630.2,650.0,0.0,38234.0,505.0,381.4
ALICL,2/28/2023,655.0,660.0,640.2,649.9,-0.02,13257.0,505.0,381.4
ALICL,3/1/2023,645.0,649.0,640.0,642.2,-1.18,13527.0,505.0,381.4
ALICL,3/2/2023,636.3,644.0,630.0,631.5,-1.67,18874.0,505.0,381.4
ALICL,3/5/2023,635.0,635.2,603.0,615.0,-2.61,43926.0,505.0,381.4
ALICL,3/7/2023,605.1,626.0,605.0,620.0,0.81,12923.0,505.0,381.4
ALICL,3/9/2023,632.0,646.0,627.0,646.0,4.19,25263.0,505.0,381.4
ALICL,3/12/2023,646.0,657.0,631.0,645.0,-0.15,22982.0,505.0,381.4
ALICL,3/13/2023,633.0,640.0,630.0,632.0,-2.02,9915.0,505.0,381.4
ALICL,3/14/2023,630.0,635.0,621.1,629.9,-0.33,10227.0,505.0,381.4
ALICL,3/15/2023,623.4,628.0,619.2,620.0,-1.57,9257.0,505.0,381.4
ALICL,3/16/2023,611.3,623.0,611.3,614.1,-0.95,5052.0,505.0,381.4
ALICL,3/19/2023,617.1,625.0,615.1,617.1,0.49,8877.0,505.0,381.4
ALICL,3/20/2023,625.0,632.4,620.0,631.0,2.25,6455.0,505.0,381.4
ALICL,3/22/2023,631.0,635.0,626.0,629.0,-0.32,7972.0,505.0,381.4
ALICL,3/23/2023,617.4,621.0,617.3,617.3,-1.86,5673.0,505.0,381.4
ALICL,3/26/2023,607.1,618.0,606.7,617.9,0.1,4497.0,505.0,381.4
ALICL,3/27/2023,624.0,625.0,609.0,624.0,0.99,16069.0,505.0,381.4
ALICL,3/28/2023,612.0,628.0,611.1,622.0,-0.32,17559.0,505.0,381.4
ALICL,3/29/2023,620.0,620.0,608.0,618.0,-0.64,7176.0,505.0,381.4
ALICL,3/30/2023,610.0,623.0,600.0,604.0,-2.27,29769.0,505.0,381.4
ALICL,4/2/2023,616.0,628.0,596.0,600.0,-0.66,11768.0,505.0,381.4
ALICL,4/3/2023,600.0,603.0,591.0,593.4,-1.1,7921.0,505.0,381.4
ALICL,4/4/2023,584.1,597.0,584.0,597.0,0.61,6890.0,505.0,381.4
ALICL,4/5/2023,585.1,596.9,585.0,595.0,-0.34,5962.0,505.0,381.4
ALICL,4/6/2023,604.5,604.5,587.1,588.0,-1.18,7273.0,505.0,381.4
ALICL,4/9/2023,588.0,590.5,580.0,581.1,-1.17,7510.0,505.0,381.4
ALICL,4/10/2023,589.9,591.0,570.1,590.7,1.65,4969.0,505.0,381.4
ALICL,4/11/2023,585.1,601.0,584.0,595.0,0.73,9831.0,505.0,381.4
ALICL,4/12/2023,606.0,632.0,602.0,632.0,6.22,21774.0,505.0,381.4
ALICL,4/13/2023,640.0,640.0,607.6,608.0,-3.8,28731.0,505.0,381.4
ALICL,4/16/2023,610.0,615.1,600.0,613.0,0.82,35109.0,505.0,381.4
ALICL,4/17/2023,615.0,617.0,607.5,614.0,0.16,12353.0,505.0,381.4
ALICL,4/18/2023,613.0,614.9,605.1,610.0,-0.65,4933.0,505.0,381.4
ALICL,4/19/2023,610.1,618.0,609.1,618.0,1.31,8125.0,505.0,381.4
ALICL,4/20/2023,628.9,628.9,601.0,618.0,0.0,54497.0,505.0,381.4
ALICL,4/23/2023,566.0,566.0,555.0,560.0,-9.39,10535.0,505.0,381.4
ALICL,4/24/2023,560.2,570.0,560.2,567.0,1.25,4929.0,505.0,381.4
ALICL,4/25/2023,560.1,572.0,560.1,570.0,0.53,6433.0,505.0,381.4
ALICL,4/26/2023,570.0,571.0,565.0,568.0,-0.35,3570.0,505.0,381.4
ALICL,4/27/2023,560.0,571.2,560.0,566.0,-0.35,4262.0,505.0,381.4
ALICL,4/30/2023,556.1,570.0,556.0,558.7,-1.29,3266.0,505.0,381.4
ALICL,5/2/2023,558.0,563.0,547.8,552.1,-1.18,5466.0,505.0,381.4
ALICL,5/3/2023,549.0,550.0,542.2,550.0,-0.38,4862.0,505.0,381.4
ALICL,5/4/2023,561.0,580.0,555.0,555.1,0.93,2760.0,505.0,381.4
ALICL,5/7/2023,566.2,566.2,550.0,562.0,1.24,10226.0,505.0,381.4
ALICL,5/8/2023,558.0,560.0,540.0,548.0,-2.49,6383.0,505.0,381.4
ALICL,5/9/2023,546.0,560.0,546.0,553.0,0.91,3026.0,505.0,381.4
ALICL,5/10/2023,554.0,555.0,540.0,540.0,-2.35,14921.0,505.0,381.4
ALICL,5/11/2023,540.0,545.0,531.0,537.9,-0.39,12187.0,505.0,381.4
ALICL,5/14/2023,538.0,539.1,527.1,528.0,-1.84,9634.0,505.0,381.4
ALICL,5/15/2023,521.0,528.0,517.5,528.0,0.0,5378.0,505.0,381.4
ALICL,5/16/2023,535.0,535.0,520.0,528.0,0.0,13759.0,505.0,381.4
ALICL,5/17/2023,525.1,545.6,525.0,543.0,2.84,10514.0,505.0,381.4
ALICL,5/18/2023,552.9,570.0,549.0,564.5,3.96,10210.0,505.0,381.4
ALICL,5/21/2023,574.8,580.0,560.2,579.9,2.73,34832.0,505.0,381.4
ALICL,5/22/2023,588.0,615.0,567.0,587.0,1.22,31592.0,505.0,381.4
ALICL,5/23/2023,594.9,611.0,592.0,608.0,3.58,37003.0,505.0,381.4
ALICL,5/24/2023,615.0,615.0,602.7,608.0,0.0,12313.0,505.0,381.4
ALICL,5/28/2023,610.0,610.0,588.0,590.0,-2.96,25346.0,505.0,381.4
ALICL,5/30/2023,581.0,591.0,569.0,569.0,-3.56,20301.0,505.0,381.4
ALICL,5/31/2023,557.7,577.9,550.0,551.1,-3.15,18438.0,505.0,381.4
ALICL,6/1/2023,551.0,574.9,544.0,560.5,1.71,23622.0,505.0,381.4
ALICL,6/4/2023,571.7,599.0,571.7,594.0,5.98,23101.0,505.0,381.4
ALICL,6/5/2023,588.0,598.0,576.5,580.0,-2.36,24886.0,505.0,381.4
ALICL,6/6/2023,591.0,602.0,570.1,599.1,3.29,18915.0,505.0,381.4
ALICL,6/7/2023,610.0,614.0,600.0,602.0,0.48,29040.0,505.0,381.4
ALICL,6/8/2023,602.0,624.0,593.4,614.2,2.03,45940.0,505.0,381.4
ALICL,6/11/2023,624.0,629.8,617.0,624.0,1.6,55800.0,505.0,381.4
ALICL,6/12/2023,629.9,630.0,612.0,616.3,-1.23,29503.0,505.0,381.4
ALICL,6/13/2023,620.0,662.0,617.0,650.0,5.47,75801.0,505.0,381.4
ALICL,6/14/2023,650.0,668.0,640.0,650.0,0.0,51689.0,505.0,381.4
ALICL,6/15/2023,649.0,668.0,643.2,664.9,2.29,58912.0,505.0,381.4
ALICL,6/18/2023,670.0,699.0,668.2,698.7,5.08,83541.0,505.0,381.4
ALICL,6/19/2023,712.0,712.0,685.0,695.0,-0.53,70967.0,505.0,381.4
ALICL,6/20/2023,699.0,705.0,672.0,672.0,-3.31,59324.0,505.0,381.4
ALICL,6/21/2023,662.1,688.0,662.1,667.0,-0.74,41219.0,505.0,381.4
ALICL,6/22/2023,666.0,685.0,666.0,682.0,2.25,94313.0,505.0,381.4
ALICL,6/25/2023,695.5,744.5,690.0,739.0,8.36,210045.0,505.0,381.4
ALICL,6/26/2023,753.7,760.0,730.0,732.0,-0.95,110152.0,505.0,381.4
ALICL,6/27/2023,725.1,744.8,725.1,739.0,0.96,82510.0,505.0,381.4
ALICL,6/28/2023,739.0,785.0,733.4,772.0,4.47,255984.0,505.0,381.4
ALICL,7/2/2023,774.0,812.0,765.0,775.0,0.39,173776.0,505.0,381.4
ALICL,7/3/2023,780.0,784.0,758.0,759.0,-2.06,101177.0,505.0,381.4
ALICL,7/4/2023,774.1,782.5,755.0,768.0,1.19,72295.0,505.0,381.4
ALICL,7/5/2023,766.0,768.0,742.0,745.0,-2.99,93246.0,505.0,381.4
ALICL,7/6/2023,743.1,759.0,731.0,749.0,0.54,49122.0,505.0,381.4
ALICL,7/9/2023,759.0,770.9,755.0,769.0,2.67,49920.0,505.0,381.4
ALICL,7/10/2023,770.0,782.0,763.0,764.5,-0.59,74215.0,505.0,381.4
ALICL,7/11/2023,766.0,770.0,753.2,755.0,-1.24,61702.0,505.0,381.4
ALICL,7/12/2023,755.0,765.0,754.1,757.0,0.26,51526.0,505.0,381.4
ALICL,7/13/2023,770.0,783.9,745.0,750.0,-0.92,76660.0,505.0,381.4
ALICL,7/16/2023,764.0,769.0,745.0,745.1,-0.65,100722.0,505.0,381.4
ALICL,7/17/2023,760.0,765.9,746.0,765.9,2.79,39816.0,505.0,381.4
ALICL,7/18/2023,777.0,785.0,762.1,774.0,1.06,132080.0,505.0,381.4
ALICL,7/19/2023,784.0,784.0,759.0,762.0,-1.55,99237.0,505.0,381.4
ALICL,7/20/2023,770.0,770.0,747.0,755.0,-0.92,50722.0,505.0,381.4
ALICL,7/23/2023,760.0,774.8,750.0,763.2,1.09,51677.0,505.0,381.4
ALICL,7/24/2023,760.0,768.0,743.0,745.0,-2.38,75703.0,505.0,381.4
ALICL,7/25/2023,742.0,750.9,731.0,735.0,-1.34,50664.0,505.0,381.4
ALICL,7/26/2023,738.0,744.0,731.0,734.9,-0.01,30987.0,505.0,381.4
ALICL,7/27/2023,731.2,736.7,714.0,718.0,-2.3,67505.0,505.0,381.4
ALICL,7/30/2023,729.0,729.0,699.0,702.0,-2.23,57446.0,505.0,381.4
ALICL,7/31/2023,707.0,714.0,698.0,705.5,0.5,69888.0,505.0,381.4
ALICL,8/1/2023,713.0,713.0,686.0,689.0,-2.34,35161.0,505.0,381.4
ALICL,8/2/2023,682.5,698.0,677.0,698.0,1.31,20113.0,505.0,381.4
ALICL,8/3/2023,704.9,712.0,701.0,703.0,0.72,30034.0,505.0,381.4
ALICL,8/6/2023,708.0,708.0,677.5,684.9,-2.57,35262.0,505.0,381.4
ALICL,8/7/2023,673.0,705.0,672.2,695.0,1.47,19309.0,505.0,381.4
ALICL,8/8/2023,700.0,704.0,678.5,687.0,-1.15,28817.0,505.0,381.4
ALICL,8/9/2023,687.0,712.4,678.5,705.0,2.62,22811.0,505.0,381.4
ALICL,8/10/2023,695.0,709.0,690.9,702.0,-0.43,37290.0,505.0,381.4
ALICL,8/13/2023,700.0,707.0,695.0,704.8,0.4,30045.0,505.0,381.4
ALICL,8/14/2023,705.0,723.9,704.0,708.1,0.47,52349.0,505.0,381.4
ALICL,8/15/2023,718.0,720.0,693.0,695.0,-1.85,24299.0,505.0,381.4
ALICL,8/16/2023,690.0,697.6,685.2,691.0,-0.58,22360.0,505.0,381.4
ALICL,8/17/2023,687.0,703.0,687.0,693.9,0.42,29994.0,505.0,381.4
ALICL,8/20/2023,690.0,693.9,680.0,689.0,-0.71,14725.0,505.0,381.4
ALICL,8/21/2023,685.0,693.0,680.0,683.0,-0.87,16036.0,505.0,381.4
ALICL,8/22/2023,680.0,690.0,677.2,689.0,0.88,14122.0,505.0,381.4
ALICL,8/23/2023,695.0,712.0,695.0,708.0,2.76,61748.0,505.0,381.4
ALICL,8/24/2023,709.9,716.0,694.0,698.0,-1.41,40379.0,505.0,381.4
ALICL,8/27/2023,703.0,705.0,693.4,694.0,-0.57,107447.0,505.0,381.4
ALICL,8/28/2023,698.0,707.0,692.9,693.3,-0.1,31379.0,505.0,381.4
ALICL,8/29/2023,703.0,703.0,689.0,689.0,-0.62,22612.0,505.0,381.4
ALICL,8/30/2023,682.0,695.0,680.0,689.5,0.07,27451.0,505.0,381.4
ALICL,9/3/2023,683.0,685.0,675.2,676.0,-1.96,21604.0,505.0,381.4
ALICL,9/4/2023,681.0,683.0,670.0,679.8,0.56,26008.0,505.0,381.4
ALICL,9/5/2023,677.0,677.0,670.0,672.0,-1.15,12293.0,505.0,381.4
ALICL,9/7/2023,670.0,670.0,657.0,657.0,-2.23,22361.0,505.0,381.4
ALICL,9/10/2023,670.0,680.0,656.6,663.0,0.91,9857.0,505.0,381.4
ALICL,9/11/2023,665.0,688.0,665.0,688.0,3.77,22575.0,505.0,381.4
ALICL,9/12/2023,689.0,691.0,676.0,680.0,-1.16,12971.0,505.0,381.4
ALICL,9/13/2023,690.0,693.0,675.0,691.8,1.74,26267.0,505.0,381.4
ALICL,9/17/2023,690.0,690.0,670.0,674.0,-2.57,24705.0,505.0,381.4
ALICL,9/18/2023,667.0,676.0,667.0,674.9,0.13,4726.0,505.0,381.4
ALICL,9/19/2023,675.0,685.0,673.0,681.1,0.92,10936.0,505.0,381.4
ALICL,9/21/2023,694.6,700.0,685.0,690.4,1.37,26084.0,505.0,381.4
ALICL,9/24/2023,686.1,702.0,680.0,680.0,-1.51,32453.0,505.0,381.4
ALICL,9/25/2023,687.0,691.0,676.0,676.0,-0.59,13563.0,505.0,381.4
ALICL,9/26/2023,689.5,694.9,682.0,684.0,1.18,18071.0,505.0,381.4
ALICL,9/27/2023,681.0,685.8,678.0,685.8,0.26,15333.0,505.0,381.4
ALICL,10/1/2023,687.0,687.0,673.0,673.0,-1.87,17430.0,505.0,381.4
ALICL,10/2/2023,673.0,676.0,669.0,674.5,0.22,6158.0,505.0,381.4
ALICL,10/3/2023,672.0,683.4,668.6,670.0,-0.67,7251.0,505.0,381.4
ALICL,10/4/2023,667.1,679.0,667.1,674.0,0.6,6234.0,505.0,381.4
ALICL,10/5/2023,661.8,674.9,661.7,670.0,-0.59,7716.0,505.0,381.4
ALICL,10/8/2023,660.0,660.0,651.0,654.0,-2.39,20450.0,505.0,381.4
ALICL,10/9/2023,641.0,652.0,641.0,647.0,-1.07,8740.0,505.0,381.4
ALICL,10/10/2023,647.0,647.0,638.0,640.0,-1.08,10796.0,505.0,381.4
ALICL,10/11/2023,652.8,652.8,633.0,635.2,-0.75,8170.0,505.0,381.4
ALICL,10/12/2023,635.2,639.8,630.0,631.0,-0.66,8387.0,505.0,381.4
ALICL,10/16/2023,630.1,641.0,620.2,625.0,-0.95,9685.0,505.0,381.4
ALICL,10/17/2023,627.0,638.0,620.0,627.0,0.32,8581.0,505.0,381.4
ALICL,10/18/2023,620.3,656.0,619.0,645.0,2.87,19251.0,505.0,381.4
ALICL,10/19/2023,640.0,654.8,634.0,646.9,0.29,15182.0,505.0,381.4
ALICL,10/29/2023,645.0,645.0,620.0,628.0,-2.92,10248.0,505.0,381.4
ALICL,10/30/2023,620.1,640.0,617.1,639.0,1.75,7776.0,505.0,381.4
ALICL,10/31/2023,628.0,628.0,615.0,616.0,-3.6,10401.0,505.0,381.4
ALICL,11/1/2023,619.9,624.5,612.2,618.0,0.32,12582.0,505.0,381.4
ALICL,11/2/2023,625.0,630.0,606.0,606.0,-1.94,10886.0,505.0,381.4
ALICL,11/5/2023,600.0,600.0,585.0,600.0,-0.99,13045.0,505.0,381.4
ALICL,11/6/2023,610.0,611.0,597.5,605.9,0.98,5706.0,505.0,381.4
ALICL,11/7/2023,606.0,614.5,606.0,608.0,0.35,6649.0,505.0,381.4
ALICL,11/8/2023,602.0,605.0,597.0,597.0,-1.81,9283.0,505.0,381.4
ALICL,11/9/2023,590.0,596.0,585.0,592.0,-0.84,8932.0,505.0,381.4
ALICL,11/20/2023,603.8,607.0,596.0,603.0,1.86,3828.0,505.0,381.4
ALICL,11/21/2023,596.0,597.0,588.0,590.0,-2.16,10611.0,505.0,381.4
ALICL,11/22/2023,587.0,602.9,587.0,602.9,2.19,9022.0,505.0,381.4
ALICL,11/23/2023,610.0,620.0,591.0,618.0,2.5,9492.0,505.0,381.4
ALICL,11/26/2023,620.0,643.4,618.0,642.0,3.88,19373.0,505.0,381.4
ALICL,11/27/2023,649.0,650.5,629.0,643.0,0.16,19582.0,505.0,381.4
ALICL,11/28/2023,650.0,655.0,630.0,640.0,-0.47,14086.0,505.0,381.4
ALICL,11/29/2023,628.1,650.1,621.1,625.0,-2.34,7990.0,505.0,381.4
ALICL,11/30/2023,621.1,630.0,616.1,622.0,-0.48,5837.0,505.0,381.4
ALICL,12/3/2023,615.0,617.0,610.5,616.0,-0.96,5164.0,505.0,381.4
ALICL,12/4/2023,616.1,625.0,616.0,618.0,0.32,8067.0,505.0,381.4
ALICL,12/5/2023,618.0,627.0,615.0,618.0,0.0,7427.0,505.0,381.4
ALICL,12/6/2023,620.0,626.0,613.1,625.0,1.13,4168.0,505.0,381.4
ALICL,12/7/2023,620.1,633.0,614.2,624.0,-0.16,19547.0,505.0,381.4
ALICL,12/10/2023,636.4,671.0,636.4,671.0,7.53,3824.0,505.0,381.4
ALICL,12/11/2023,684.0,684.4,651.7,665.2,-0.86,52571.0,505.0,381.4
ALICL,12/12/2023,669.0,700.0,666.0,692.0,4.03,66698.0,505.0,381.4
ALICL,12/13/2023,690.0,704.0,677.0,680.0,-1.73,24609.0,505.0,381.4
ALICL,12/14/2023,671.0,684.0,666.5,676.0,-0.59,29789.0,505.0,381.4
ALICL,12/17/2023,667.4,685.1,663.0,680.9,0.72,27447.0,505.0,381.4
ALICL,12/18/2023,684.0,698.0,675.0,680.0,-0.13,62094.0,505.0,381.4
ALICL,12/19/2023,672.8,691.0,671.0,685.0,0.74,46727.0,505.0,381.4
ALICL,12/20/2023,686.4,708.7,686.4,692.0,1.02,82178.0,505.0,381.4
ALICL,12/21/2023,682.0,690.0,668.4,671.0,-3.03,46502.0,505.0,381.4
ALICL,12/24/2023,663.1,690.0,657.0,663.0,-1.19,53130.0,505.0,381.4
ALICL,12/27/2023,661.0,677.0,660.0,660.1,-0.44,41030.0,505.0,381.4
ALICL,12/28/2023,661.0,672.0,656.5,662.0,0.29,46038.0,505.0,381.4
ALICL,1/1/2024,675.2,702.0,651.0,653.0,-1.36,66316.0,505.0,381.4
ALICL,1/2/2024,640.2,650.0,630.0,637.0,-2.45,34604.0,505.0,381.4
ALICL,1/3/2024,631.0,640.0,600.0,640.0,0.47,120830.0,505.0,381.4
ALICL,1/4/2024,628.0,661.0,628.0,643.1,0.48,55714.0,505.0,381.4
ALICL,1/7/2024,633.1,648.0,631.2,633.3,-1.52,44373.0,505.0,381.4
ALICL,1/8/2024,645.9,657.0,638.0,657.0,3.74,30060.0,505.0,381.4
ALICL,1/9/2024,670.0,683.0,664.1,674.0,2.59,74425.0,505.0,381.4
ALICL,1/10/2024,687.0,694.0,662.0,678.0,0.59,40292.0,505.0,381.4
ALICL,1/11/2024,678.0,679.0,667.1,671.0,-1.03,16203.0,505.0,381.4
ALICL,1/14/2024,657.6,685.5,657.6,680.0,1.34,41572.0,505.0,381.4
ALICL,1/16/2024,681.0,692.8,673.2,687.8,1.15,52435.0,505.0,381.4
ALICL,1/17/2024,695.0,700.1,678.0,685.0,-0.41,108459.0,505.0,381.4
ALICL,1/18/2024,673.0,696.0,673.0,688.6,0.53,77288.0,505.0,381.4
ALICL,1/21/2024,690.0,692.0,680.0,682.0,-0.96,60159.0,505.0,381.4
ALICL,1/22/2024,694.7,694.7,675.0,679.3,-0.4,66514.0,505.0,381.4
ALICL,1/23/2024,670.0,688.5,670.0,682.0,0.4,37945.0,505.0,381.4
ALICL,1/24/2024,675.1,689.9,675.1,684.0,0.29,33850.0,505.0,381.4
ALICL,1/25/2024,675.1,688.0,675.1,681.5,-0.37,54007.0,505.0,381.4
ALICL,1/28/2024,681.0,681.0,675.1,680.0,-0.22,62955.0,505.0,381.4
ALICL,1/29/2024,675.0,709.8,675.0,708.0,4.12,101202.0,505.0,381.4
ALICL,1/30/2024,693.9,722.0,693.9,701.0,-0.99,79097.0,505.0,381.4
ALICL,1/31/2024,700.0,708.0,686.0,694.0,-1.0,61473.0,505.0,381.4
ALICL,2/1/2024,702.0,702.0,686.0,690.0,-0.58,53585.0,505.0,381.4
ALICL,2/4/2024,700.0,729.0,695.0,696.0,0.87,184826.0,505.0,381.4
ALICL,2/5/2024,705.0,705.0,685.0,689.0,-1.01,44198.0,505.0,381.4
ALICL,2/6/2024,696.0,697.0,683.2,690.0,0.15,31998.0,505.0,381.4
ALICL,2/7/2024,676.2,699.7,676.2,684.0,-0.87,35683.0,505.0,381.4
ALICL,2/8/2024,690.0,696.0,681.4,688.0,0.58,56024.0,505.0,381.4
ALICL,2/11/2024,700.0,700.0,685.0,687.0,-0.15,59703.0,505.0,381.4
ALICL,2/12/2024,682.0,698.0,682.0,692.0,0.73,27236.0,505.0,381.4
ALICL,2/13/2024,679.0,690.0,677.0,682.4,-1.39,50186.0,505.0,381.4
ALICL,2/14/2024,682.0,684.0,672.1,675.0,-1.08,15064.0,505.0,381.4
ALICL,2/15/2024,675.0,679.0,667.0,667.0,-1.19,30710.0,505.0,381.4
ALICL,2/18/2024,680.0,680.0,664.0,664.6,-0.36,68527.0,505.0,381.4
ALICL,2/20/2024,617.0,617.0,599.0,606.0,-8.82,24886.0,505.0,381.4
ALICL,2/21/2024,607.0,609.0,600.0,604.7,-0.21,8888.0,505.0,381.4
ALICL,2/22/2024,597.0,604.0,590.0,594.9,-1.62,12293.0,505.0,381.4
ALICL,2/25/2024,605.0,606.7,575.0,578.0,-2.84,27298.0,505.0,381.4
ALICL,2/26/2024,588.0,589.0,568.0,575.0,-0.52,8793.0,505.0,381.4
ALICL,2/27/2024,578.0,578.0,558.6,575.0,0.0,16749.0,505.0,381.4
ALICL,2/28/2024,583.5,583.5,547.0,569.0,-1.04,80339.0,505.0,381.4
ALICL,2/29/2024,570.0,570.0,537.1,559.6,-1.65,91374.0,505.0,381.4
ALICL,3/3/2024,549.0,553.9,538.0,545.9,-2.45,57831.0,505.0,381.4
ALICL,3/4/2024,556.8,577.0,556.8,575.0,5.33,13653.0,505.0,381.4
ALICL,3/5/2024,586.5,586.5,549.0,549.0,-4.52,53344.0,505.0,381.4
ALICL,3/6/2024,550.0,559.0,545.5,556.0,1.28,19592.0,505.0,381.4
ALICL,3/7/2024,564.5,564.5,550.0,556.9,0.16,20900.0,505.0,381.4
ALICL,3/10/2024,558.6,570.0,558.6,565.0,1.45,31158.0,505.0,381.4
ALICL,3/12/2024,566.0,605.9,559.4,600.0,6.19,95380.0,505.0,381.4
ALICL,3/13/2024,601.0,609.0,590.0,600.0,0.0,37531.0,505.0,381.4
ALICL,3/14/2024,599.0,599.0,584.2,591.9,-1.35,33996.0,505.0,381.4
ALICL,3/17/2024,585.0,591.0,580.0,580.0,-2.01,20418.0,505.0,381.4
ALICL,3/18/2024,570.2,587.0,570.2,580.0,0.0,13175.0,505.0,381.4
ALICL,3/19/2024,581.0,590.9,575.2,578.0,-0.34,13801.0,505.0,381.4
ALICL,3/20/2024,580.0,587.9,570.0,578.0,0.0,13364.0,505.0,381.4
ALICL,3/21/2024,579.0,579.9,570.0,572.6,-0.93,7192.0,505.0,381.4
ALICL,3/25/2024,573.0,573.0,561.2,567.0,-0.98,9028.0,505.0,381.4
ALICL,3/26/2024,568.0,573.0,562.7,567.0,0.0,11174.0,505.0,381.4
ALICL,3/27/2024,568.0,569.8,559.0,559.9,-1.25,12872.0,505.0,381.4
ALICL,3/28/2024,550.7,562.0,550.7,562.0,0.38,10859.0,505.0,381.4
ALICL,3/31/2024,565.0,565.0,555.1,555.1,-1.23,14712.0,505.0,381.4
ALICL,4/1/2024,556.0,557.9,550.0,554.8,-0.05,16445.0,505.0,381.4
ALICL,4/2/2024,555.0,561.0,554.0,555.0,0.04,16672.0,505.0,381.4
ALICL,4/3/2024,565.0,565.0,552.1,552.6,-0.43,24780.0,505.0,381.4
ALICL,4/4/2024,552.0,558.4,551.0,552.0,-0.11,26976.0,505.0,381.4
ALICL,4/7/2024,548.9,569.0,548.9,569.0,3.08,22022.0,505.0,381.4
ALICL,4/9/2024,579.0,579.8,570.1,575.0,1.05,26293.0,505.0,381.4
ALICL,4/10/2024,575.0,579.9,560.0,560.3,-2.56,22655.0,505.0,381.4
ALICL,4/14/2024,561.0,568.0,551.0,554.9,-0.96,13450.0,505.0,381.4
ALICL,4/15/2024,556.0,565.0,546.0,555.0,0.02,14101.0,505.0,381.4
ALICL,4/16/2024,557.0,557.0,548.0,551.0,-0.72,17433.0,505.0,381.4
ALICL,4/18/2024,552.0,552.0,540.0,550.0,-0.18,10521.0,505.0,381.4
ALICL,4/21/2024,545.0,559.8,540.0,553.0,0.55,13173.0,505.0,381.4
ALICL,4/22/2024,550.0,555.6,545.8,553.0,0.0,8398.0,505.0,381.4
ALICL,4/24/2024,560.0,560.0,545.1,547.0,-1.08,10352.0,505.0,381.4
ALICL,4/25/2024,550.0,551.0,544.0,550.0,0.55,7474.0,505.0,381.4
ALICL,4/28/2024,547.0,555.8,544.0,551.3,0.24,13542.0,505.0,381.4
ALICL,4/29/2024,546.1,554.4,546.1,548.3,-0.54,8827.0,505.0,381.4
ALICL,4/30/2024,540.0,560.9,540.0,557.8,1.73,16626.0,505.0,381.4
ALICL,5/2/2024,558.8,565.0,555.1,555.7,-0.38,20138.0,505.0,381.4
ALICL,5/5/2024,563.0,563.0,545.0,548.0,-1.39,15358.0,505.0,381.4
ALICL,5/6/2024,548.0,552.0,540.0,545.0,-0.55,13815.0,505.0,381.4
ALICL,5/7/2024,545.0,545.0,535.0,542.5,-0.46,13594.0,505.0,381.4
ALICL,5/8/2024,538.0,550.9,523.0,542.8,0.06,29183.0,505.0,381.4
ALICL,5/9/2024,544.0,544.0,525.0,536.2,-1.22,16810.0,505.0,381.4
ALICL,5/12/2024,546.9,568.8,546.9,563.0,5.0,77502.0,505.0,381.4
ALICL,5/13/2024,555.0,574.9,555.0,568.0,0.89,38966.0,505.0,381.4
ALICL,5/14/2024,577.0,577.3,569.9,577.3,1.64,41545.0,505.0,381.4
ALICL,5/15/2024,577.3,585.0,567.0,575.5,-0.31,45743.0,505.0,381.4
ALICL,5/16/2024,564.0,575.0,564.0,571.8,-0.64,14300.0,505.0,381.4
ALICL,5/19/2024,582.0,608.0,577.0,602.0,5.28,120983.0,505.0,381.4
ALICL,5/20/2024,610.1,620.0,595.0,602.5,0.08,51728.0,505.0,381.4
ALICL,5/21/2024,591.1,610.0,591.1,602.0,-0.08,42174.0,505.0,381.4
ALICL,5/22/2024,590.0,598.0,586.4,590.0,-1.99,53143.0,505.0,381.4
ALICL,5/26/2024,585.0,589.9,578.3,584.4,-0.95,30988.0,505.0,381.4
ALICL,5/27/2024,575.0,588.0,574.2,583.8,-0.1,17897.0,505.0,381.4
ALICL,5/29/2024,588.7,591.0,571.0,576.5,-1.25,25448.0,505.0,381.4
ALICL,5/30/2024,570.0,575.0,566.0,568.8,-1.34,18115.0,505.0,381.4
ALICL,6/2/2024,564.0,572.0,564.0,569.5,0.12,14335.0,505.0,381.4
ALICL,6/3/2024,570.3,573.0,563.1,569.7,0.04,13331.0,505.0,381.4
ALICL,6/4/2024,568.0,573.0,567.0,572.9,0.56,10628.0,505.0,381.4
ALICL,6/5/2024,572.9,572.9,560.0,569.0,-0.68,21539.0,505.0,381.4
ALICL,6/6/2024,574.9,574.9,561.5,568.0,-0.18,14047.0,505.0,381.4
ALICL,6/9/2024,568.0,568.0,560.0,562.0,-1.06,10716.0,505.0,381.4
ALICL,6/10/2024,562.0,565.0,560.2,563.0,0.18,21320.0,505.0,381.4
ALICL,6/11/2024,563.0,575.0,563.0,572.9,1.76,26283.0,505.0,381.4
ALICL,6/12/2024,568.0,590.5,568.0,578.8,1.03,19062.0,505.0,381.4
ALICL,6/13/2024,568.0,588.0,567.1,574.9,-0.67,15495.0,505.0,381.4
ALICL,6/16/2024,585.9,585.9,566.0,569.0,-1.03,13221.0,505.0,381.4
ALICL,6/18/2024,562.0,571.0,560.0,565.9,-0.54,14023.0,505.0,381.4
ALICL,6/19/2024,561.3,579.0,560.0,563.0,-0.51,18969.0,505.0,381.4
ALICL,6/20/2024,574.0,574.0,560.2,562.0,-0.18,18554.0,505.0,381.4
ALICL,6/23/2024,551.0,566.0,551.0,560.0,-0.36,16936.0,505.0,381.4
ALICL,6/24/2024,552.0,564.2,552.0,560.0,0.0,16157.0,505.0,381.4
ALICL,6/25/2024,548.8,563.5,548.8,558.8,-0.21,26982.0,505.0,381.4
ALICL,6/26/2024,551.09,560.0,551.09,554.0,-0.86,13908.0,505.0,381.4
ALICL,6/27/2024,560.0,560.0,546.2,549.0,-0.9,20360.0,505.0,381.4
ALICL,6/30/2024,549.0,554.0,544.0,548.0,-0.18,35203.0,505.0,381.4
ALICL,7/1/2024,557.5,557.5,542.1,551.0,0.55,16622.0,505.0,381.4
ALICL,7/2/2024,562.0,595.6,560.0,565.0,2.54,56616.0,505.0,381.4
ALICL,7/3/2024,576.0,576.0,556.4,575.0,1.77,26446.0,505.0,381.4
ALICL,7/4/2024,563.5,588.0,563.5,588.0,2.26,81981.0,505.0,381.4
ALICL,7/7/2024,588.0,599.0,581.0,591.9,0.66,69974.0,505.0,381.4
ALICL,7/8/2024,580.1,603.5,580.1,595.0,0.52,48770.0,505.0,381.4
ALICL,7/9/2024,583.1,593.0,582.0,590.0,-0.84,60948.0,505.0,381.4
ALICL,7/10/2024,578.2,600.0,578.2,599.0,1.53,86856.0,505.0,381.4
ALICL,7/11/2024,605.0,616.0,599.0,614.9,2.65,98544.0,505.0,381.4
ALICL,7/14/2024,627.1,640.9,615.0,629.9,2.44,94978.0,505.0,381.4
ALICL,7/15/2024,642.0,642.4,617.2,623.0,-1.1,131278.0,505.0,381.4
ALICL,7/16/2024,632.0,653.0,618.7,653.0,4.82,86989.0,505.0,381.4
ALICL,7/17/2024,640.0,675.2,640.0,670.0,2.6,104585.0,505.0,381.4
ALICL,7/18/2024,680.0,690.0,662.2,670.0,0.0,132415.0,505.0,381.4
ALICL,7/21/2024,670.0,685.0,663.3,679.9,1.48,112216.0,505.0,381.4
ALICL,7/22/2024,680.0,680.0,660.1,670.0,-1.46,82158.0,505.0,381.4
ALICL,7/23/2024,671.0,706.0,660.0,705.0,5.22,167532.0,505.0,381.4
ALICL,7/24/2024,690.9,719.9,690.0,700.0,-0.71,170795.0,505.0,381.4
ALICL,7/25/2024,690.0,720.0,690.0,715.0,2.14,120192.0,505.0,381.4
ALICL,7/28/2024,729.3,743.5,702.0,740.0,3.5,126819.0,505.0,381.4
ALICL,7/29/2024,741.0,754.0,714.0,725.0,-2.03,115406.0,505.0,381.4
ALICL,7/30/2024,710.5,727.0,701.7,727.0,0.28,115476.0,505.0,381.4
ALICL,7/31/2024,728.0,748.0,723.0,730.0,0.41,126807.0,505.0,381.4
ALICL,8/1/2024,715.4,772.9,715.4,753.9,3.27,202318.0,505.0,381.4
ALICL,8/5/2024,753.9,782.0,724.2,774.0,2.67,173024.0,505.0,381.4
ALICL,8/6/2024,758.6,787.0,731.0,735.0,-5.04,199875.0,505.0,381.4
ALICL,8/7/2024,720.3,761.9,720.3,761.0,3.54,129416.0,505.0,381.4
ALICL,8/8/2024,761.0,776.0,750.0,753.0,-1.05,137517.0,505.0,381.4
ALICL,8/11/2024,738.0,783.0,738.0,771.9,2.51,122582.0,505.0,381.4
ALICL,8/12/2024,778.0,813.0,778.0,808.0,4.68,211990.0,505.0,381.4
ALICL,8/13/2024,824.1,824.1,790.0,800.0,-0.99,145911.0,505.0,381.4
ALICL,8/14/2024,800.1,809.9,781.4,799.0,-0.12,139385.0,505.0,381.4
ALICL,8/15/2024,808.0,808.0,789.0,792.0,-0.88,122925.0,505.0,381.4
ALICL,8/18/2024,802.0,825.0,777.0,796.0,0.51,228667.0,505.0,381.4
ALICL,8/21/2024,800.0,811.0,795.0,797.0,0.13,98241.0,505.0,381.4
ALICL,8/22/2024,790.0,806.0,786.0,792.9,-0.51,96215.0,505.0,381.4
ALICL,8/25/2024,793.0,797.4,770.0,771.5,-2.7,87771.0,505.0,381.4
ALICL,8/27/2024,756.1,782.0,748.0,749.9,-2.8,126016.0,505.0,381.4
ALICL,8/28/2024,749.0,778.0,741.0,746.9,-0.4,59612.0,505.0,381.4
ALICL,8/29/2024,732.0,750.0,730.0,737.8,-1.22,88216.0,505.0,381.4
ALICL,9/1/2024,750.0,751.0,730.0,730.0,-1.06,57272.0,505.0,381.4
ALICL,9/2/2024,735.0,758.0,727.0,752.0,3.01,69199.0,505.0,381.4
ALICL,9/3/2024,763.0,787.0,752.0,775.0,3.06,113182.0,505.0,381.4
ALICL,9/4/2024,785.0,785.0,745.1,747.0,-3.61,53645.0,505.0,381.4
ALICL,9/5/2024,734.0,748.9,730.0,738.0,-1.2,53027.0,505.0,381.4
ALICL,9/8/2024,745.3,749.0,732.4,737.0,-0.14,53509.0,505.0,381.4
ALICL,9/9/2024,725.0,742.0,712.1,724.0,-1.76,68060.0,505.0,381.4
ALICL,9/10/2024,725.0,742.8,708.0,713.0,-1.52,61277.0,505.0,381.4
ALICL,9/11/2024,726.0,726.0,702.0,704.0,-1.26,27077.0,505.0,381.4
ALICL,9/12/2024,705.0,725.0,705.0,725.0,2.98,32686.0,505.0,381.4
ALICL,9/15/2024,738.0,738.0,706.0,707.0,-2.48,27583.0,505.0,381.4
ALICL,9/16/2024,693.0,711.0,687.5,698.9,-1.15,44455.0,505.0,381.4
ALICL,9/18/2024,690.0,700.0,676.2,684.0,-2.13,30128.0,505.0,381.4
ALICL,9/22/2024,697.0,708.0,681.1,685.0,0.15,30134.0,505.0,381.4
ALICL,9/23/2024,679.0,691.0,666.0,674.0,-1.61,34075.0,505.0,381.4
ALICL,9/24/2024,674.0,678.9,660.2,665.0,-1.34,26326.0,505.0,381.4
ALICL,9/25/2024,665.0,681.0,654.1,677.0,1.8,24579.0,505.0,381.4
ALICL,9/26/2024,677.2,690.0,666.0,674.0,-0.44,16318.0,505.0,381.4
ALICL,9/29/2024,661.0,678.0,660.2,672.0,-0.3,19019.0,505.0,381.4
ALICL,9/30/2024,672.0,699.0,671.1,695.5,3.5,51486.0,505.0,381.4
ALICL,10/1/2024,709.0,732.0,694.0,724.0,4.1,32506.0,505.0,381.4
ALICL,10/2/2024,730.0,730.0,707.0,717.8,-0.86,38512.0,505.0,381.4
ALICL,10/6/2024,707.3,730.0,707.0,728.0,1.42,22645.0,505.0,381.4
ALICL,10/7/2024,726.0,740.0,722.2,727.8,-0.03,59646.0,505.0,381.4
ALICL,10/8/2024,715.0,731.7,713.0,714.0,-1.9,21205.0,505.0,381.4
ALICL,10/9/2024,703.4,717.0,703.4,716.0,0.28,15078.0,505.0,381.4
ALICL,10/15/2024,702.3,727.0,702.3,720.0,0.56,12125.0,505.0,381.4
ALICL,10/16/2024,720.0,740.0,719.0,734.9,2.07,24999.0,505.0,381.4
ALICL,10/17/2024,721.5,748.0,721.5,730.2,-0.64,38290.0,505.0,381.4
ALICL,10/20/2024,723.0,739.0,718.0,720.0,-1.4,59294.0,505.0,381.4
ALICL,10/21/2024,707.0,725.0,707.0,710.0,-1.39,25432.0,505.0,381.4
ALICL,10/22/2024,709.0,719.0,709.0,715.7,0.8,19193.0,505.0,381.4
ALICL,10/23/2024,707.0,721.0,707.0,714.5,-0.17,12842.0,505.0,381.4
ALICL,10/24/2024,706.1,715.5,706.1,710.0,-0.63,15699.0,505.0,381.4
ALICL,10/27/2024,715.0,715.0,704.1,709.0,-0.14,19250.0,505.0,381.4
ALICL,10/28/2024,694.9,727.9,694.9,723.0,1.97,19857.0,505.0,381.4
ALICL,10/29/2024,709.2,741.6,709.2,736.0,1.8,25723.0,505.0,381.4
ALICL,10/30/2024,724.2,745.9,724.2,744.9,1.21,20536.0,505.0,381.4
ALICL,11/5/2024,744.9,759.0,732.0,754.8,1.33,20574.0,505.0,381.4
ALICL,11/6/2024,765.0,765.0,750.0,763.0,1.09,43749.0,505.0,381.4
ALICL,11/10/2024,763.0,778.0,752.0,769.0,0.79,43584.0,505.0,381.4
ALICL,11/11/2024,755.1,780.0,755.1,768.5,-0.07,47625.0,505.0,381.4
ALICL,11/12/2024,755.0,777.0,755.0,764.0,-0.59,29181.0,505.0,381.4
ALICL,11/13/2024,767.0,767.0,749.2,754.9,-1.19,24321.0,505.0,381.4
ALICL,11/14/2024,747.3,761.0,747.3,750.0,-0.65,23415.0,505.0,381.4
ALICL,11/17/2024,765.0,770.0,755.1,759.0,1.2,45391.0,505.0,381.4
ALICL,11/19/2024,751.0,765.0,746.2,750.0,-1.19,49662.0,505.0,381.4
ALICL,11/20/2024,740.5,750.0,736.0,749.8,-0.03,20980.0,505.0,381.4
ALICL,11/21/2024,734.9,754.9,733.0,733.0,-2.24,23020.0,505.0,381.4
ALICL,11/24/2024,720.2,742.0,720.2,725.4,-1.04,19554.0,505.0,381.4
ALICL,11/25/2024,725.1,736.0,725.1,735.0,1.32,32858.0,505.0,381.4
ALICL,11/26/2024,725.1,749.8,725.1,749.8,2.01,14697.0,505.0,381.4
ALICL,11/27/2024,760.8,760.8,751.0,755.3,0.73,41991.0,505.0,381.4
ALICL,11/28/2024,746.1,763.0,745.0,752.9,-0.32,17497.0,505.0,381.4
ALICL,12/1/2024,738.0,749.0,737.0,741.0,-1.58,33673.0,505.0,381.4
ALICL,12/2/2024,749.0,755.5,741.0,749.0,1.08,30117.0,505.0,381.4
ALICL,12/3/2024,748.0,759.0,748.0,753.0,0.53,23384.0,505.0,381.4
ALICL,12/4/2024,753.0,768.0,744.2,760.9,1.05,34208.0,505.0,381.4
ALICL,12/5/2024,747.0,761.9,745.4,748.0,-1.7,30084.0,505.0,381.4
ALICL,12/8/2024,736.2,748.9,730.1,733.0,-2.01,23799.0,505.0,381.4
ALICL,12/9/2024,735.3,744.9,726.1,728.0,-0.68,22166.0,505.0,381.4
ALICL,12/10/2024,723.0,737.0,723.0,730.0,0.27,8441.0,505.0,381.4
ALICL,12/11/2024,730.0,737.0,720.3,737.0,0.96,21271.0,505.0,381.4
ALICL,12/12/2024,728.0,740.0,727.2,728.5,-1.15,8903.0,505.0,381.4
ALICL,12/16/2024,725.0,725.0,712.0,720.0,-1.17,30320.0,505.0,381.4
ALICL,12/17/2024,709.1,725.9,709.1,720.5,0.07,16736.0,505.0,381.4
ALICL,12/18/2024,715.0,729.3,710.1,720.0,-0.07,22697.0,505.0,381.4
ALICL,12/19/2024,715.0,722.9,710.0,713.9,-0.85,19264.0,505.0,381.4
ALICL,12/22/2024,715.0,718.8,707.2,712.0,-0.27,16746.0,505.0,381.4
ALICL,12/23/2024,712.0,717.5,700.0,706.0,-0.84,30004.0,505.0,381.4
ALICL,12/24/2024,704.1,715.0,704.1,707.2,0.17,9915.0,505.0,381.4
ALICL,12/26/2024,715.0,715.0,704.0,708.0,0.11,11149.0,505.0,381.4
ALICL,12/29/2024,720.0,720.0,705.7,709.0,0.14,16351.0,505.0,381.4
ALICL,12/31/2024,709.0,710.0,702.1,704.0,-0.71,13367.0,505.0,381.4
ALICL,1/1/2025,701.3,710.0,701.3,705.0,0.14,12493.0,505.0,381.4
ALICL,1/2/2025,719.1,719.1,701.0,705.0,0.0,13102.0,505.0,381.4
ALICL,1/5/2025,718.9,718.9,706.0,706.1,0.16,20200.0,505.0,381.4
ALICL,1/6/2025,707.3,722.0,707.3,722.0,2.25,15351.0,505.0,381.4
ALICL,1/7/2025,715.2,728.0,715.2,722.0,0.0,7691.0,505.0,381.4
ALICL,1/8/2025,716.0,738.0,716.0,736.0,1.94,25675.0,505.0,381.4
ALICL,1/9/2025,730.0,736.0,723.1,730.0,-0.82,10808.0,505.0,381.4
ALICL,1/12/2025,731.0,744.0,717.0,726.0,-0.55,6027.0,505.0,381.4
ALICL,1/13/2025,717.0,719.1,707.5,707.5,-2.55,22283.0,505.0,381.4
ALICL,1/15/2025,693.4,716.0,693.4,711.0,0.49,7518.0,505.0,381.4
ALICL,1/16/2025,720.0,720.0,707.6,707.6,-0.48,7585.0,505.0,381.4
ALICL,1/19/2025,715.0,717.0,706.0,717.0,1.33,13335.0,505.0,381.4
ALICL,1/20/2025,725.0,725.0,710.0,724.0,0.98,40116.0,505.0,381.4
ALICL,1/21/2025,709.6,738.9,709.6,733.5,1.31,27618.0,505.0,381.4
ALICL,1/22/2025,742.0,745.0,734.1,742.6,1.24,25554.0,505.0,381.4
ALICL,1/23/2025,728.0,761.0,728.0,748.9,0.85,56950.0,505.0,381.4
ALICL,1/26/2025,734.0,760.0,734.0,751.9,0.4,49932.0,505.0,381.4
ALICL,1/27/2025,736.9,766.0,735.0,737.0,-1.98,44820.0,505.0,381.4
ALICL,1/28/2025,740.0,744.9,735.1,744.6,1.03,25101.0,505.0,381.4
ALICL,2/2/2025,732.0,762.9,732.0,760.0,2.07,47665.0,505.0,381.4
ALICL,2/3/2025,749.0,775.0,749.0,765.0,0.66,54478.0,505.0,381.4
ALICL,2/4/2025,750.0,777.0,750.0,773.9,1.16,75146.0,505.0,381.4
ALICL,2/5/2025,774.0,793.0,760.1,780.0,0.79,71561.0,505.0,381.4
ALICL,2/6/2025,765.0,795.0,765.0,769.0,-1.41,37350.0,505.0,381.4
ALICL,2/9/2025,763.0,780.0,763.0,766.0,-0.39,18773.0,505.0,381.4
ALICL,2/10/2025,751.0,773.0,751.0,762.0,-0.52,25234.0,505.0,381.4
ALICL,2/11/2025,760.1,771.0,760.0,760.0,-0.26,29372.0,505.0,381.4
ALICL,2/12/2025,744.8,770.1,744.8,761.0,0.13,18145.0,505.0,381.4
ALICL,2/13/2025,762.0,776.0,746.0,767.0,0.79,30798.0,505.0,381.4
ALICL,2/16/2025,752.0,772.0,752.0,770.0,0.39,37128.0,505.0,381.4
ALICL,2/17/2025,755.0,775.0,755.0,773.0,0.39,31171.0,505.0,381.4
ALICL,2/18/2025,774.0,786.1,758.0,774.9,0.25,65988.0,505.0,381.4
ALICL,2/20/2025,761.0,785.0,761.0,776.2,0.17,89362.0,505.0,381.4
ALICL,2/23/2025,776.0,788.0,762.1,785.0,1.13,107370.0,505.0,381.4
ALICL,2/24/2025,777.0,795.0,772.1,779.4,-0.71,63910.0,505.0,381.4
ALICL,2/25/2025,769.1,782.9,769.1,777.4,-0.26,47099.0,505.0,381.4
ALICL,2/27/2025,762.0,790.0,762.0,779.4,0.26,57034.0,505.0,381.4
ALICL,3/2/2025,765.0,818.0,765.0,818.0,4.95,146981.0,505.0,381.4
ALICL,3/3/2025,821.0,831.0,805.2,808.0,-1.22,99727.0,505.0,381.4
ALICL,3/4/2025,805.0,815.0,795.0,799.0,-1.11,76494.0,505.0,381.4
ALICL,3/5/2025,783.1,814.0,777.3,783.9,-1.89,52091.0,505.0,381.4
ALICL,3/6/2025,775.1,789.0,775.1,781.0,-0.37,63554.0,505.0,381.4
ALICL,3/9/2025,781.0,781.0,758.6,774.0,-0.9,49876.0,505.0,381.4
ALICL,3/10/2025,775.0,783.0,765.0,769.0,-0.65,23849.0,505.0,381.4
ALICL,3/11/2025,755.2,770.0,755.0,764.8,-0.55,20276.0,505.0,381.4
ALICL,3/12/2025,780.0,780.0,758.5,770.0,0.68,19460.0,505.0,381.4
ALICL,3/16/2025,770.0,770.0,752.0,753.0,-2.21,22785.0,505.0,381.4
ALICL,3/17/2025,752.0,762.9,745.4,745.4,-1.01,29347.0,505.0,381.4
ALICL,3/18/2025,760.0,760.0,745.5,746.0,0.08,24107.0,505.0,381.4
ALICL,3/19/2025,746.4,751.9,735.0,738.9,-0.95,24607.0,505.0,381.4
ALICL,3/20/2025,743.0,743.0,736.0,737.41,-0.2,20307.0,505.0,381.4
ALICL,3/23/2025,726.2,732.0,716.0,719.43,-2.44,26189.0,505.0,381.4
ALICL,3/24/2025,720.5,737.5,720.5,726.21,0.94,21162.0,505.0,381.4
ALICL,3/25/2025,726.2,726.2,717.0,717.57,-1.19,17781.0,505.0,381.4
ALICL,3/26/2025,718.0,730.9,715.0,728.13,1.47,17234.0,505.0,381.4
ALICL,3/27/2025,726.0,761.0,726.0,757.9,4.09,37119.0,505.0,381.4
ALICL,3/30/2025,758.0,775.3,758.0,769.6,1.54,87771.0,505.0,381.4
ALICL,4/1/2025,770.0,774.0,752.3,758.99,-1.38,39595.0,505.0,381.4
ALICL,4/2/2025,770.0,771.0,758.0,762.47,0.46,48396.0,505.0,381.4
ALICL,4/3/2025,768.0,777.8,763.0,768.37,0.77,75188.0,505.0,381.4
ALICL,4/7/2025,778.0,779.0,751.0,755.28,-1.7,25274.0,505.0,381.4
ALICL,4/8/2025,749.0,750.0,737.1,745.59,-1.28,23763.0,505.0,381.4
ALICL,4/9/2025,752.0,755.0,746.0,748.48,0.39,20061.0,505.0,381.4
ALICL,4/10/2025,750.0,752.0,741.2,746.91,-0.21,15135.0,505.0,381.4
ALICL,4/13/2025,746.0,746.0,737.5,741.0,-0.79,14833.0,505.0,381.4
ALICL,4/15/2025,741.0,750.5,730.0,747.9,0.93,19580.0,505.0,381.4
ALICL,4/16/2025,749.0,762.0,735.0,746.53,-0.18,20485.0,505.0,381.4
ALICL,4/17/2025,760.0,760.0,746.5,747.21,0.09,31350.0,505.0,381.4
ALICL,4/20/2025,732.3,750.0,717.7,739.51,-1.03,19702.0,505.0,381.4
ALICL,4/21/2025,724.8,746.5,724.8,741.82,0.31,25505.0,505.0,381.4
ALICL,4/22/2025,731.1,745.7,731.0,733.58,-1.11,24125.0,505.0,381.4
ALICL,4/23/2025,747.9,747.9,719.0,723.18,-1.42,73779.0,505.0,381.4
ALICL,4/24/2025,720.0,730.0,720.0,723.32,0.02,17388.0,505.0,381.4
ALICL,4/27/2025,722.0,729.5,720.0,721.45,-0.26,21791.0,505.0,381.4
ALICL,4/28/2025,730.0,732.0,721.0,721.6,0.02,27064.0,505.0,381.4
ALICL,4/29/2025,717.0,730.0,717.0,722.25,0.09,48728.0,505.0,381.4
ALICL,4/30/2025,717.0,732.0,717.0,723.77,0.21,30398.0,505.0,381.4
ALICL,5/4/2025,737.0,739.0,725.0,725.64,0.26,42961.0,505.0,381.4
ALICL,5/5/2025,738.9,738.9,723.0,723.86,-0.25,10134.0,505.0,381.4
ALICL,5/6/2025,724.0,729.8,717.0,722.59,-0.18,23629.0,505.0,381.4
ALICL,5/7/2025,732.0,738.0,719.5,736.57,1.93,32559.0,505.0,381.4
ALICL,5/8/2025,736.0,748.0,725.0,725.41,-1.52,20019.0,505.0,381.4
ALICL,5/11/2025,739.9,753.0,720.0,723.65,-0.24,103761.0,505.0,381.4
ALICL,5/13/2025,735.0,738.0,728.0,728.48,0.67,22102.0,505.0,381.4
ALICL,5/14/2025,725.2,732.0,720.0,721.27,-0.99,13265.0,505.0,381.4
ALICL,5/15/2025,722.0,727.9,713.2,718.74,-0.35,13151.0,505.0,381.4
ALICL,5/18/2025,722.2,724.5,710.0,711.84,-0.96,31631.0,505.0,381.4
ALICL,5/19/2025,724.0,724.0,713.0,718.63,0.95,21407.0,505.0,381.4
ALICL,5/20/2025,718.0,732.0,714.0,730.34,1.63,27001.0,505.0,381.4
ALICL,5/21/2025,744.9,759.0,728.5,734.34,0.55,76381.0,505.0,381.4
ALICL,5/22/2025,749.0,749.0,725.0,726.15,-1.12,52166.0,505.0,381.4
ALICL,5/25/2025,730.0,738.0,714.0,716.37,-1.35,88174.0,505.0,381.4
ALICL,5/26/2025,725.0,730.0,715.0,715.95,-0.06,51291.0,505.0,381.4
ALICL,5/27/2025,717.0,718.0,709.3,710.33,-0.78,48574.0,505.0,381.4
ALICL,5/28/2025,715.0,715.0,694.0,696.44,-1.96,238361.0,505.0,381.4
ALICL,6/2/2025,530.4,539.0,518.0,521.09,-25.18,43941.0,505.0,381.4
ALICL,6/3/2025,521.0,521.0,515.0,516.0,-0.98,18996.0,505.0,381.4
ALICL,6/4/2025,516.0,516.0,507.3,508.75,-1.41,14392.0,505.0,381.4
ALICL,6/5/2025,508.0,510.0,500.0,501.64,-1.4,24031.0,505.0,381.4
ALICL,6/8/2025,510.0,510.0,493.0,494.91,-1.34,27045.0,505.0,381.4
ALICL,6/9/2025,500.0,504.8,497.8,498.9,0.81,23371.0,505.0,381.4
ALICL,6/10/2025,502.0,509.9,499.9,501.75,0.57,79090.0,505.0,381.4
ALICL,6/11/2025,500.2,507.8,499.0,499.21,-0.51,56632.0,505.0,381.4
ALICL,6/12/2025,505.0,505.0,498.0,500.56,0.27,17583.0,505.0,381.4
ALICL,6/15/2025,501.0,502.0,498.0,499.96,-0.12,12992.0,505.0,381.4
ALICL,6/16/2025,500.0,504.9,496.0,499.94,-0.0,38337.0,505.0,381.4
ALICL,6/17/2025,506.0,506.9,497.0,498.13,-0.36,11470.0,505.0,381.4
ALICL,6/18/2025,495.2,504.0,495.2,500.28,0.43,14101.0,505.0,381.4
ALICL,6/19/2025,500.0,502.0,497.0,499.84,-0.09,26755.0,505.0,381.4
ALICL,6/22/2025,500.0,501.0,495.5,498.12,-0.34,96008.0,505.0,381.4
ALICL,6/23/2025,500.0,500.0,495.1,497.99,-0.03,9486.0,505.0,381.4
ALICL,6/24/2025,501.0,502.0,492.0,493.61,-0.88,18574.0,505.0,381.4
ALICL,6/25/2025,500.0,500.0,493.0,494.65,0.21,18654.0,505.0,381.4
ALICL,6/26/2025,484.8,501.0,484.8,493.75,-0.18,94745.0,505.0,381.4
ALICL,6/29/2025,493.0,497.8,490.0,496.38,0.53,14183.0,505.0,381.4
ALICL,6/30/2025,499.0,499.0,495.4,496.82,0.09,16406.0,505.0,381.4
ALICL,7/1/2025,500.0,503.0,496.0,501.56,0.95,14458.0,505.0,381.4
ALICL,7/2/2025,503.0,520.0,502.1,517.63,3.2,42747.0,505.0,381.4
ALICL,7/3/2025,527.9,545.0,525.0,538.44,4.02,153206.0,505.0,381.4
ALICL,7/6/2025,519.0,519.9,499.9,500.12,-7.12,122839.0,505.0,381.4
ALICL,7/7/2025,510.1,510.1,495.0,499.75,-0.07,39615.0,505.0,381.4
ALICL,7/8/2025,500.0,503.0,496.7,499.41,-0.07,14604.0,505.0,381.4
ALICL,7/9/2025,503.0,505.7,497.1,499.64,0.05,25793.0,505.0,381.4
ALICL,7/10/2025,500.0,505.9,498.0,499.71,0.01,15764.0,505.0,381.4
ALICL,7/13/2025,509.7,509.7,498.6,499.79,0.02,55831.0,505.0,381.4
ALICL,7/14/2025,503.0,503.0,489.9,490.38,-1.88,90841.0,505.0,381.4
ALICL,7/15/2025,500.0,500.0,488.3,491.92,0.31,86690.0,505.0,381.4
ALICL,7/16/2025,493.5,510.8,493.5,498.36,1.31,165956.0,505.0,381.4
ALICL,7/17/2025,505.0,516.0,500.0,513.4,3.02,107474.0,505.0,381.4
ALICL,7/20/2025,519.8,530.0,513.7,518.3,0.95,193517.0,505.0,381.4
ALICL,7/21/2025,518.5,523.0,515.0,519.91,0.31,67185.0,505.0,381.4
ALICL,7/22/2025,519.9,545.0,519.9,541.77,4.2,110093.0,505.0,381.4
ALICL,7/23/2025,549.8,550.0,533.0,538.26,-0.65,85321.0,505.0,381.4
ALICL,7/24/2025,548.0,548.0,533.1,538.53,0.05,104627.0,505.0,381.4
ALICL,7/27/2025,545.0,549.0,532.0,533.48,-0.94,84624.0,505.0,381.4
ALICL,7/28/2025,530.0,538.9,520.1,527.14,-1.19,63316.0,505.0,381.4
ALICL,7/29/2025,531.5,537.0,525.0,526.63,-0.1,80840.0,505.0,381.4
ALICL,7/30/2025,516.1,540.0,516.1,522.87,-0.71,42257.0,505.0,381.4
ALICL,7/31/2025,531.0,531.0,516.0,516.58,-1.2,30999.0,505.0,381.4
ALICL,8/3/2025,517.0,520.0,500.3,505.3,-2.18,34694.0,505.0,381.4
ALICL,8/4/2025,514.5,514.5,500.0,505.23,-0.01,26482.0,505.0,381.4
ALICL,8/5/2025,511.9,511.9,498.0,499.67,-1.1,27694.0,505.0,381.4
ALICL,8/6/2025,501.1,504.8,498.0,498.2,-0.29,16310.0,505.0,381.4
ALICL,8/7/2025,497.2,502.0,496.3,499.91,0.34,13889.0,505.0,381.4
ALICL,8/11/2025,500.0,509.0,490.0,491.68,-1.65,31558.0,505.0,381.4
ALICL,8/12/2025,496.0,496.0,486.5,487.88,-0.77,20920.0,505.0,381.4
ALICL,8/13/2025,494.9,496.0,486.0,490.98,0.64,44103.0,505.0,381.4
ALICL,8/14/2025,491.9,493.0,487.2,491.78,0.16,22428.0,505.0,381.4
ALICL,8/17/2025,501.0,501.0,483.7,485.11,-1.36,31293.0,505.0,381.4
ALICL,8/18/2025,481.1,488.8,481.1,483.55,-0.32,20034.0,505.0,381.4
ALICL,8/19/2025,484.0,493.0,484.0,484.93,0.29,31799.0,505.0,381.4
ALICL,8/20/2025,485.0,490.0,481.0,486.0,0.22,14053.0,505.0,381.4
ALICL,8/21/2025,478.0,490.0,478.0,488.57,0.53,18981.0,505.0,381.4
ALICL,8/24/2025,478.8,489.9,478.8,486.1,-0.51,27800.0,505.0,381.4
ALICL,8/25/2025,487.0,493.0,484.2,491.27,1.06,12385.0,505.0,381.4
ALICL,8/26/2025,495.0,495.0,484.4,491.03,-0.05,9539.0,505.0,381.4
ALICL,8/27/2025,487.0,503.9,487.0,502.28,2.29,31312.0,505.0,381.4
ALICL,8/28/2025,493.0,507.0,490.0,490.37,-2.37,19572.0,505.0,381.4
ALICL,8/31/2025,490.0,494.0,480.1,485.65,-0.96,18169.0,505.0,381.4
ALICL,9/1/2025,495.3,495.3,483.0,485.24,-0.08,9597.0,505.0,381.4
ALICL,9/2/2025,486.0,489.0,480.6,480.95,-0.88,25419.0,505.0,381.4
ALICL,9/3/2025,481.2,484.4,480.5,481.05,0.02,17001.0,505.0,381.4
ALICL,9/4/2025,480.2,484.0,478.5,480.24,-0.17,14943.0,505.0,381.4
ALICL,9/7/2025,479.1,485.0,476.0,479.37,-0.18,7494.0,505.0,381.4
ALICL,9/8/2025,477.0,479.0,471.0,472.22,-1.49,11695.0,505.0,381.4
ALICL,9/18/2025,462.8,462.8,462.8,462.8,-1.99,220.0,505.0,381.4
ALICL,9/21/2025,453.6,484.0,444.6,480.46,3.82,42312.0,505.0,381.4
ALICL,9/23/2025,481.0,485.0,475.0,478.0,-0.51,13364.0,505.0,381.4
ALICL,9/24/2025,475.0,483.0,470.4,475.0,-0.63,7234.0,505.0,381.4
ALICL,9/25/2025,470.0,478.0,469.0,478.0,0.63,10683.0,505.0,381.4
ALICL,9/28/2025,469.7,479.4,469.7,473.0,-1.05,7357.0,505.0,381.4
ALICL,10/7/2025,473.0,473.0,458.0,466.4,-1.4,20718.0,505.0,381.4
ALICL,10/8/2025,460.0,460.0,451.2,454.0,-2.66,4899.0,505.0,381.4
ALICL,10/9/2025,463.0,481.0,456.6,461.8,1.72,16419.0,505.0,381.4
ALICL,10/12/2025,459.0,459.0,442.5,449.4,-2.69,33450.0,505.0,381.4
ALICL,10/13/2025,442.0,461.0,442.0,460.0,2.36,30752.0,505.0,381.4
ALICL,10/14/2025,450.8,466.0,430.0,452.0,-1.74,9541.0,505.0,381.4
ALICL,10/15/2025,450.0,453.8,444.0,448.0,-0.88,5789.0,505.0,381.4
ALICL,10/16/2025,444.2,452.0,444.2,448.0,0.0,7845.0,505.0,381.4
ALICL,10/19/2025,445.0,451.8,442.0,447.0,-0.22,10243.0,505.0,381.4
ALICL,10/26/2025,440.1,447.0,440.1,445.6,-0.31,3656.0,505.0,381.4
ALICL,10/28/2025,446.0,468.0,446.0,463.1,3.93,15787.0,505.0,381.4
ALICL,10/29/2025,465.0,469.6,457.2,459.0,-0.89,17034.0,505.0,381.4
ALICL,10/30/2025,458.0,484.0,458.0,477.0,3.92,39214.0,505.0,381.4
ALICL,11/2/2025,485.0,500.0,476.0,499.0,4.61,82692.0,505.0,381.4
ALICL,11/3/2025,494.0,502.0,490.0,501.0,0.4,28449.0,505.0,381.4
ALICL,11/4/2025,500.0,500.0,485.3,487.0,-2.79,18311.0,505.0,381.4
ALICL,11/5/2025,478.0,482.0,469.0,474.9,-2.48,47131.0,505.0,381.4
ALICL,11/6/2025,465.5,479.8,465.0,473.2,-0.36,59211.0,505.0,381.4
ALICL,11/9/2025,472.0,473.8,465.7,468.2,-1.06,17031.0,505.0,381.4
ALICL,11/10/2025,462.3,471.2,460.0,464.0,-0.9,44226.0,505.0,381.4
ALICL,11/11/2025,471.0,473.0,460.0,467.8,0.82,31018.0,505.0,381.4
ALICL,11/12/2025,460.1,473.9,459.6,465.0,-0.6,28335.0,505.0,381.4
ALICL,11/13/2025,472.0,472.0,457.2,457.2,-1.68,37148.0,505.0,381.4
ALICL,11/16/2025,463.0,463.0,452.2,452.5,-1.03,31321.0,505.0,381.4
ALICL,11/17/2025,457.9,457.9,446.1,450.0,-0.55,80971.0,505.0,381.4
ALICL,11/18/2025,450.1,458.8,445.1,451.0,0.22,60161.0,505.0,381.4
ALICL,11/19/2025,442.0,459.1,442.0,451.0,0.0,55285.0,505.0,381.4
ALICL,11/20/2025,445.1,452.9,445.1,448.0,-0.67,28268.0,505.0,381.4
ALICL,11/23/2025,450.0,470.0,450.0,465.7,3.95,88621.0,505.0,381.4
ALICL,11/24/2025,465.7,493.9,465.7,493.8,6.03,168986.0,505.0,381.4
ALICL,11/25/2025,495.0,495.7,480.0,493.8,0.0,119828.0,505.0,381.4
ALICL,11/26/2025,486.0,498.0,486.0,491.0,-0.57,77847.0,505.0,381.4
ALICL,11/27/2025,493.0,493.0,481.4,486.0,-1.02,58238.0,505.0,381.4
ALICL,11/30/2025,476.3,495.0,476.3,482.9,-0.64,74236.0,505.0,381.4
ALICL,12/1/2025,480.1,483.9,476.0,479.5,-0.7,42091.0,505.0,381.4
ALICL,12/2/2025,470.0,480.0,468.5,473.4,-1.27,53560.0,505.0,381.4
ALICL,12/3/2025,473.4,476.0,463.6,465.0,-1.77,48017.0,505.0,381.4
ALICL,12/7/2025,463.0,472.2,456.5,460.0,-1.08,47246.0,505.0,381.4
ALICL,12/8/2025,451.0,469.0,451.0,460.0,0.0,55454.0,505.0,381.4
ALICL,12/9/2025,459.0,469.0,459.0,465.0,1.09,37516.0,505.0,381.4
ALICL,12/10/2025,473.9,473.9,462.0,464.4,-0.13,31400.0,505.0,381.4
ALICL,12/11/2025,460.8,467.1,460.7,464.5,0.02,30006.0,505.0,381.4
ALICL,12/14/2025,464.0,468.0,460.1,461.9,-0.56,28675.0,505.0,381.4
ALICL,12/15/2025,462.2,466.0,462.0,465.0,0.67,28647.0,505.0,381.4
ALICL,12/16/2025,474.0,488.8,462.1,468.2,0.69,30196.0,505.0,381.4
ALICL,12/17/2025,474.0,474.0,466.0,469.5,0.28,30376.0,505.0,381.4
ALICL,12/18/2025,470.0,474.0,464.1,464.8,-1.0,33687.0,505.0,381.4
ALICL,12/21/2025,464.0,467.0,459.1,461.6,-0.69,48010.0,505.0,381.4
ALICL,12/22/2025,461.6,462.8,454.1,456.9,-1.02,38895.0,505.0,381.4
ALICL,12/23/2025,456.0,462.0,454.1,456.0,-0.2,23604.0,505.0,381.4
ALICL,12/24/2025,447.0,460.0,447.0,457.0,0.22,19920.0,505.0,381.4
ALICL,12/28/2025,456.0,468.5,456.0,468.5,2.52,34976.0,505.0,381.4
ALICL,12/29/2025,463.0,470.0,458.3,464.5,-0.85,35423.0,505.0,381.4
ALICL,12/31/2025,463.2,471.0,463.2,467.8,0.71,56285.0,505.0,381.4
ALICL,1/1/2026,470.0,470.0,465.0,465.5,-0.49,41624.0,505.0,381.4
ALICL,1/4/2026,463.0,464.7,460.2,461.9,-0.77,30951.0,505.0,381.4
ALICL,1/5/2026,461.9,467.0,460.4,466.0,0.89,26018.0,505.0,381.4
ALICL,1/6/2026,468.0,469.0,465.0,465.0,-0.21,47973.0,505.0,381.4
ALICL,1/7/2026,463.1,468.8,461.3,465.0,0.0,26585.0,505.0,381.4
ALICL,1/8/2026,465.0,471.9,462.5,471.9,1.48,50286.0,505.0,381.4
ALICL,1/12/2026,472.9,476.7,469.5,472.0,0.02,40918.0,505.0,381.4
ALICL,1/13/2026,472.0,481.0,472.0,476.0,0.85,70183.0,505.0,381.4
ALICL,1/14/2026,482.0,485.0,473.6,473.7,-0.48,87084.0,505.0,381.4
ALICL,1/18/2026,474.9,481.9,474.9,480.7,1.48,54787.0,505.0,381.4
ALICL,1/20/2026,486.8,495.0,485.8,490.0,1.93,75878.0,505.0,381.4
ALICL,1/21/2026,494.4,494.4,486.2,487.7,-0.47,42229.0,505.0,381.4
ALICL,1/22/2026,488.0,490.0,483.5,488.0,0.06,34582.0,505.0,381.4
ALICL,1/25/2026,490.0,495.0,488.0,491.5,0.72,82218.0,505.0,381.4
ALICL,1/26/2026,491.1,492.0,483.0,488.4,-0.63,65001.0,505.0,381.4
ALICL,1/27/2026,484.4,489.9,479.5,480.2,-1.68,58492.0,505.0,381.4
ALICL,1/28/2026,476.0,484.8,476.0,477.0,-0.67,48862.0,505.0,381.4
ALICL,1/29/2026,476.2,485.0,473.0,477.0,0.0,48689.0,505.0,381.4
ALICL,2/1/2026,473.5,482.9,473.0,473.0,-0.84,21608.0,505.0,381.4
ALICL,2/2/2026,481.9,482.0,475.0,479.0,1.27,34706.0,505.0,381.4
ALICL,2/3/2026,475.0,482.7,474.3,477.0,-0.42,26671.0,505.0,381.4
ALICL,2/4/2026,467.5,480.5,467.5,474.1,-0.61,25539.0,505.0,381.4
ALICL,2/5/2026,483.0,483.0,475.0,480.0,1.24,35987.0,505.0,381.4
ALICL,2/8/2026,486.0,489.0,477.3,479.9,-0.02,49511.0,505.0,381.4
ALICL,2/9/2026,480.0,483.0,471.3,471.3,-1.79,69500.0,505.0,381.4
ALICL,2/10/2026,466.0,479.9,456.7,468.0,-0.7,99632.0,505.0,381.4
ALICL,2/11/2026,477.3,485.0,448.0,461.0,-1.5,112035.0,505.0,381.4
ALICL,2/12/2026,440.0,448.0,440.0,445.9,-3.28,66042.0,505.0,381.4
ALICL,2/16/2026,451.0,451.0,439.0,447.0,0.25,35171.0,505.0,381.4
ALICL,2/17/2026,446.0,447.9,440.0,442.8,-0.94,68435.0,505.0,381.4
ALICL,2/22/2026,440.1,444.0,437.0,437.0,-1.31,37050.0,505.0,381.4
ALICL,2/23/2026,437.0,440.0,435.2,436.2,-0.18,25577.0,505.0,381.4
ALICL,2/24/2026,438.0,441.0,435.0,439.0,0.64,29169.0,505.0,381.4
ALICL,2/25/2026,443.0,450.0,440.0,444.3,1.21,59466.0,505.0,381.4
ALICL,2/26/2026,442.1,447.0,440.0,443.0,-0.29,21947.0,505.0,381.4
ALICL,2/27/2026,442.1,447.0,440.0,443.0,0.0,21947.0,505.0,381.4
ALICL,2/28/2026,442.1,447.0,440.0,443.0,0.0,21947.0,505.0,381.4
ALICL,3/2/2026,440.0,451.0,438.0,448.0,1.13,32164.0,505.0,381.4
ALICL,3/3/2026,446.0,454.5,445.3,452.0,0.89,33671.0,505.0,381.4
ALICL,3/4/2026,446.0,454.5,445.3,452.0,0.0,33671.0,505.0,381.4
ALICL,3/5/2026,446.0,454.5,445.3,452.0,0.0,33671.0,505.0,381.4
ALICL,3/6/2026,446.0,454.5,445.3,452.0,0.0,33671.0,505.0,381.4
ALICL,3/7/2026,446.0,454.5,445.3,452.0,0.0,33671.0,505.0,381.4
ALICL,3/8/2026,446.0,454.5,445.3,452.0,0.0,33671.0,505.0,381.4
ALICL,3/9/2026,461.0,488.9,461.0,480.0,6.19,3038.0,505.0,381.4
ALICL,3/10/2026,489.0,489.6,462.0,480.0,0.0,122617.0,505.0,381.4
ALICL,3/11/2026,480.0,490.0,472.0,476.0,-0.83,44239.0,505.0,381.4
ALICL,3/12/2026,477.0,485.0,471.1,481.2,1.09,40262.0,505.0,381.4
ALICL,3/13/2026,477.0,485.0,471.1,481.2,0.0,40262.0,505.0,381.4
ALICL,3/14/2026,477.0,485.0,471.1,481.2,0.0,40262.0,505.0,381.4
ALICL,3/15/2026,482.0,485.0,475.2,476.4,-1.0,30850.0,505.0,381.4
ALICL,3/16/2026,471.5,476.0,465.3,469.5,-1.45,32109.0,505.0,381.4
ALICL,3/17/2026,470.0,472.0,464.2,470.0,0.11,25076.0,505.0,381.4
ALICL,3/18/2026,470.0,472.0,464.2,470.0,0.0,25076.0,505.0,381.4
ALICL,3/19/2026,475.0,485.5,470.9,483.7,2.91,87150.0,505.0,381.4
ALICL,3/20/2026,475.0,485.5,470.9,483.7,0.0,87150.0,505.0,381.4
ALICL,3/21/2026,475.0,485.5,470.9,483.7,0.0,87150.0,505.0,381.4
ALICL,3/22/2026,486.0,505.0,484.0,499.0,3.16,172859.0,505.0,381.4
ALICL,3/23/2026,505.0,505.0,492.0,496.0,-0.6,103823.0,505.0,381.4
ALICL,3/24/2026,491.2,496.0,486.3,495.0,-0.2,128237.0,505.0,381.4
ALICL,3/25/2026,495.0,496.0,484.0,489.0,-1.21,95142.0,505.0,381.4
ALICL,3/26/2026,484.0,490.0,479.0,488.0,0.83,48491.0,505.0,381.4
ALICL,3/29/2026,490.0,495.0,470.0,470.0,-4.08,120921.0,505.0,381.4
ALICL,3/30/2026,465.0,477.0,465.0,466.0,0.22,50846.0,505.0,381.4
ALICL,3/31/2026,466.0,474.0,461.2,470.0,0.86,44825.0,505.0,381.4
ALICL,4/1/2026,467.0,472.0,458.0,467.9,0.19,53051.0,505.0,381.4
ALICL,4/2/2026,460.1,468.0,450.0,463.8,0.8,61841.0,505.0,381.4
ALICL,4/5/2026,463.8,472.5,437.2,449.9,-3.0,83282.0,505.0,381.4
ALICL,4/6/2026,446.0,463.5,446.0,457.1,2.49,24314.0,505.0,381.4
ALICL,4/7/2026,459.0,466.0,455.0,459.0,0.0,26387.0,505.0,381.4
ALICL,4/8/2026,468.1,468.1,455.0,461.0,-1.52,30112.0,505.0,381.4
ALICL,4/9/2026,460.0,467.0,452.0,466.0,1.3,28934.0,505.0,381.4
ALICL,4/10/2026,470.0,470.0,462.0,469.8,-0.04,31943.0,505.0,381.4
ALICL,4/13/2026,461.0,469.6,460.3,463.8,0.61,14887.0,505.0,381.4
ALICL,4/15/2026,463.8,469.0,460.5,466.0,0.47,19077.0,505.0,381.4
ALICL,4/16/2026,465.0,468.0,458.1,462.0,-0.65,32772.0,505.0,381.4
ALICL,4/17/2026,462.0,465.0,458.0,465.0,0.65,20180.0,505.0,381.4
ALICL,4/20/2026,488.2,488.2,453.0,458.5,-6.08,7837.0,505.0,381.4
ALICL,4/21/2026,481.4,481.4,455.0,459.0,-4.65,12738.0,505.0,381.4
ALICL,4/22/2026,454.0,460.0,450.4,457.0,0.66,13616.0,505.0,381.4
ALICL,4/23/2026,457.0,458.9,452.2,458.0,0.22,7715.0,505.0,381.4
ALICL,4/24/2026,451.0,460.0,451.0,458.0,1.55,5596.0,505.0,381.4
ALICL,4/27/2026,458.0,459.0,451.3,458.0,0.0,16224.0,505.0,381.4
ALICL,4/28/2026,458.0,458.0,452.2,454.5,-0.76,22641.0,505.0,381.4
ALICL,4/29/2026,454.5,455.1,452.2,453.9,-0.13,12054.0,505.0,381.4
ALICL,4/30/2026,452.1,453.1,445.1,450.5,-0.35,12837.0,505.0,381.4
ALICL,5/4/2026,450.0,454.7,445.0,447.2,-0.62,18756.0,505.0,381.4
ALICL,5/5/2026,445.1,451.0,445.1,450.0,1.1,10836.0,505.0,381.4
ALICL,5/6/2026,445.1,450.9,445.1,449.5,0.99,4865.0,505.0,381.4
ALICL,5/7/2026,446.2,454.0,445.6,450.8,1.03,4054.0,505.0,381.4
ALICL,5/8/2026,453.0,455.0,451.7,453.0,0.0,32229.0,505.0,381.4
ALICL,5/11/2026,459.9,460.0,455.0,458.5,-0.3,7397.0,505.0,381.4
ALICL,5/12/2026,455.0,460.0,453.0,454.0,-0.22,25062.0,505.0,381.4
ALICL,5/13/2026,449.0,455.9,449.0,455.9,1.54,9412.0,505.0,381.4
ALICL,5/14/2026,448.3,458.0,448.0,454.2,1.32,14590.0,505.0,381.4
ALICL,5/15/2026,454.0,455.0,451.1,451.5,-0.55,6594.0,505.0,381.4
ALICL,5/18/2026,450.1,455.6,450.1,455.5,1.2,17737.0,505.0,381.4
ALICL,5/19/2026,449.2,454.0,449.0,451.7,0.56,19445.0,505.0,381.4
ALICL,5/20/2026,454.8,454.8,450.0,454.5,-0.07,14518.0,505.0,381.4
ALICL,5/21/2026,455.0,455.0,451.2,454.7,-0.07,6484.0,505.0,381.4
ALICL,5/22/2026,459.9,459.9,449.0,452.3,-1.65,33390.0,505.0,381.4
ALICL,5/25/2026,459.9,459.9,452.0,455.2,-1.02,8712.0,505.0,381.4
ALICL,5/26/2026,458.5,458.5,449.3,449.3,-2.01,37205.0,505.0,381.4
ALICL,5/27/2026,455.0,455.0,451.5,454.0,-0.22,14187.0,505.0,381.4
ALICL,6/1/2026,462.4,462.5,452.0,455.8,-1.43,23886.0,505.0,381.4
ALICL,6/2/2026,478.5,478.5,452.1,456.0,-4.7,20378.0,505.0,381.4
ALICL,6/3/2026,451.2,472.4,451.2,464.0,2.84,42645.0,505.0,381.4
ALICL,6/4/2026,462.9,465.0,455.1,460.0,-0.63,15715.0,505.0,381.4
ALICL,6/5/2026,460.0,462.0,456.1,459.0,-0.22,7346.0,505.0,381.4
ALICL,6/8/2026,459.8,459.8,453.0,457.6,-0.48,17392.0,505.0,381.4
ALICL,6/9/2026,451.1,458.7,451.0,457.9,1.51,15983.0,505.0,381.4
ALICL,6/10/2026,450.0,459.9,450.0,453.0,0.67,6454.0,505.0,381.4
ALICL,6/11/2026,450.0,455.0,444.1,450.0,0.0,31401.0,505.0,381.4
ALICL,6/12/2026,449.0,458.0,449.0,452.0,0.67,8160.0,505.0,381.4
ALICL,6/15/2026,452.0,452.0,448.0,449.0,-0.66,14690.0,505.0,381.4
ALICL,6/16/2026,442.0,452.8,442.0,450.2,1.86,9889.0,505.0,381.4
ALICL,6/17/2026,450.0,450.0,442.0,448.2,-0.4,26729.0,505.0,381.4
ALICL,6/18/2026,442.0,448.0,442.0,444.1,0.48,4851.0,505.0,381.4
ALICL,6/19/2026,442.0,447.5,442.0,444.0,0.45,6231.0,505.0,381.4
ALICL,6/22/2026,444.0,449.8,442.0,445.0,0.23,5297.0,505.0,381.4
ALICL,6/23/2026,442.1,445.0,441.0,443.0,0.2,13512.0,505.0,381.4
ALICL,6/24/2026,441.1,441.4,438.1,440.1,-0.23,29108.0,505.0,381.4
ALICL,6/26/2026,435.1,443.0,435.0,440.1,1.15,13287.0,505.0,381.4
ALICL,6/29/2026,440.0,440.0,433.0,436.9,-0.7,17209.0,505.0,381.4
ALICL,6/30/2026,430.0,436.9,430.0,434.8,1.12,18840.0,505.0,381.4
ALICL,7/1/2026,435.0,443.0,435.0,438.9,0.9,6732.0,505.0,381.4
ALICL,7/2/2026,438.9,440.0,435.0,436.5,-0.55,12803.0,505.0,381.4
ALICL,7/3/2026,436.5,439.0,435.0,437.1,0.14,24533.0,505.0,381.4
ALICL,7/6/2026,437.0,437.0,431.1,432.0,-1.14,14023.0,505.0,381.4
ALICL,7/7/2026,442.8,442.8,432.0,435.0,-1.76,16956.0,505.0,381.4
ALICL,7/8/2026,435.0,435.0,432.0,432.0,-0.69,7935.0,505.0,381.4
ALICL,7/9/2026,430.0,430.5,420.0,420.0,-2.33,20644.0,505.0,381.4
ALICL,7/10/2026,430.0,430.0,419.0,422.4,-1.77,52075.0,505.0,381.4
ALICL,7/13/2026,420.2,425.0,416.5,418.0,-0.52,15570.0,505.0,381.4
ALICL,7/14/2026,418.0,422.0,413.4,419.0,0.24,13641.0,505.0,381.4
ALICL,7/15/2026,420.0,429.8,419.0,422.0,0.48,7934.0,505.0,381.4
ALICL,7/16/2026,428.0,428.0,419.0,419.0,-2.1,13271.0,505.0,381.4
ALICL,7/17/2026,426.9,434.9,423.0,433.7,1.59,12498.0,505.0,381.4
ALICL,7/20/2026,440.0,442.6,432.0,442.5,0.57,18488.0,505.0,381.4
ALICL,7/21/2026,451.9,451.9,438.0,442.0,-2.19,17026.0,505.0,381.4
ALICL,7/22/2026,440.0,444.9,432.0,438.0,-0.45,13723.0,505.0,381.4
ALICL,7/23/2026,435.1,441.0,435.0,441.0,1.36,7997.0,505.0,381.4
ALICL,7/24/2026,441.0,446.9,439.5,441.9,0.2,9351.0,505.0,381.4
ALICL,7/27/2026,442.0,442.2,432.1,436.0,-1.36,17605.0,505.0,381.4
ALICL,7/28/2026,428.0,436.0,428.0,434.0,1.4,16079.0,505.0,381.4
ALICL,7/29/2026,455.7,455.7,429.2,436.0,-4.32,7937.0,505.0,381.4
ALICL,7/30/2026,436.0,436.0,426.0,428.7,-1.67,14001.0,505.0,381.4
ALICL,7/31/2026,428.7,433.8,423.5,431.7,0.7,48252.0,505.0,381.4
ALICL,8/3/2026,431.7,433.6,430.0,432.0,0.07,6775.0,505.0,381.4
ALICL,8/4/2026,430.0,431.0,424.0,425.9,-0.95,12253.0,505.0,381.4
ALICL,8/5/2026,423.3,430.0,423.0,425.1,0.43,15400.0,505.0,381.4
ALICL,8/6/2026,423.0,429.8,422.0,424.8,0.43,6022.0,505.0,381.4
ALICL,8/7/2026,424.8,424.8,420.8,422.0,-0.66,5448.0,505.0,381.4
ALICL,8/10/2026,424.5,424.5,418.0,418.0,-1.53,11884.0,505.0,381.4
ALICL,8/11/2026,418.0,423.0,418.0,420.0,0.48,11144.0,505.0,381.4
ALICL,8/12/2026,428.7,428.7,416.1,418.0,-2.5,9785.0,505.0,381.4
ALICL,8/13/2026,422.0,422.0,418.0,419.0,-0.71,5207.0,505.0,381.4
ALICL,8/14/2026,419.0,423.9,419.0,420.0,0.24,7425.0,505.0,381.4
ALICL,8/17/2026,416.3,421.6,416.3,421.6,1.27,14256.0,505.0,381.4
ALICL,8/18/2026,420.0,421.0,414.0,415.0,-1.19,27054.0,505.0,381.4
ALICL,8/19/2026,419.9,419.9,415.0,415.0,-1.17,12451.0,505.0,381.4
ALICL,8/20/2026,415.0,419.9,413.1,419.9,1.18,12470.0,505.0,381.4
ALICL,8/21/2026,418.1,420.0,415.1,415.2,-0.69,8641.0,505.0,381.4
ALICL,8/24/2026,415.2,415.2,411.1,413.0,-0.53,6826.0,505.0,381.4
ALICL,8/25/2026,418.5,418.5,409.1,410.6,-1.89,19149.0,505.0,381.4
ALICL,8/26/2026,410.0,410.0,399.0,404.8,-1.27,34634.0,505.0,381.4
ALICL,8/27/2026,393.1,403.8,381.4,402.3,2.34,9411.0,505.0,381.4
ALICL,8/31/2026,391.2,398.0,390.0,393.9,0.69,9322.0,505.0,381.4
ALICL,9/1/2026,390.2,397.0,388.0,395.0,1.23,13800.0,505.0,381.4
ALICL,9/2/2026,385.1,398.0,385.1,398.0,3.35,11261.0,505.0,381.4
ALICL,9/3/2026,398.0,400.0,397.0,399.5,0.38,15632.0,505.0,381.4
ALICL,9/7/2026,397.0,405.0,397.0,402.0,1.26,10546.0,505.0,381.4
ALICL,9/9/2026,407.9,407.9,397.0,398.0,-2.43,6052.0,505.0,381.4
ALICL,9/10/2026,395.0,400.0,394.3,398.0,0.76,3280.0,505.0,381.4
ALICL,9/11/2026,398.0,400.0,390.0,399.2,0.3,16496.0,505.0,381.4
ALICL,9/14/2026,399.0,406.9,396.3,404.0,1.25,12122.0,505.0,381.4
ALICL,9/15/2026,424.0,424.0,414.0,418.0,-1.42,38690.0,505.0,381.4
ALICL,9/16/2026,422.9,422.9,412.0,416.0,-1.63,21569.0,505.0,381.4
ALICL,9/17/2026,421.0,422.9,417.0,417.0,-0.95,17510.0,505.0,381.4
ALICL,9/18/2026,415.0,434.8,415.0,432.9,4.31,72556.0,505.0,381.4
ALICL,9/22/2026,425.5,439.6,425.5,439.6,3.31,32797.0,505.0,381.4
ALICL,9/23/2026,435.0,436.0,424.0,427.0,-1.84,42464.0,505.0,381.4
ALICL,9/24/2026,425.0,432.9,421.2,432.8,1.84,24236.0,505.0,381.4
ALICL,9/28/2026,436.0,440.0,425.5,430.0,-1.38,31898.0,505.0,381.4
ALICL,9/29/2026,451.5,451.5,424.9,0.0,-100.0,5948.0,505.0,381.4
ALICL,9/30/2026,426.0,426.0,420.0,424.6,-0.33,8222.0,505.0,381.4
ALICL,10/1/2026,421.4,425.0,418.0,423.0,0.38,11046.0,505.0,381.4
ALICL,10/2/2026,426.5,426.5,421.0,422.9,-0.84,11333.0,505.0,381.4
ALICLP,4/21/2026,252.0,252.0,252.0,252.0,0.0,50000.0,388.0,239.0
ALICLP,7/9/2026,239.0,239.0,239.0,239.0,0.0,498960.0,388.0,239.0
ALICLP,9/28/2026,239.0,239.0,239.0,239.0,0.0,28101.0,388.0,239.0
ANLB,12/21/2025,6044.9,6100.0,6044.9,6100.0,,55.0,7560.0,4750.0
ANLB,12/22/2025,6000.0,6100.0,6000.0,6098.0,-0.03,100.0,7560.0,4750.0
ANLB,12/23/2025,6010.0,6128.9,6010.0,6128.9,0.51,168.0,7560.0,4750.0
ANLB,12/24/2025,6060.1,6150.0,6006.4,6150.0,0.34,515.0,7560.0,4750.0
ANLB,12/28/2025,6035.1,6144.0,6021.2,6114.9,-0.57,212.0,7560.0,4750.0
ANLB,12/29/2025,6000.3,6100.0,6000.3,6100.0,-0.24,68.0,7560.0,4750.0
ANLB,12/31/2025,6100.0,6110.0,6022.0,6110.0,0.16,70.0,7560.0,4750.0
ANLB,1/1/2026,6021.1,6085.0,6020.0,6079.9,-0.49,135.0,7560.0,4750.0
ANLB,1/4/2026,6079.9,6082.0,5961.0,6082.0,0.03,630.0,7560.0,4750.0
ANLB,1/5/2026,6025.0,6085.0,6000.0,6083.9,0.03,238.0,7560.0,4750.0
ANLB,1/6/2026,6005.0,6455.0,6005.0,6025.0,-0.97,833.0,7560.0,4750.0
ANLB,1/7/2026,6144.9,6391.0,6015.0,6100.0,1.24,640.0,7560.0,4750.0
ANLB,1/8/2026,6099.9,6198.0,6099.9,6100.0,0.0,2169.0,7560.0,4750.0
ANLB,1/12/2026,6060.1,6119.8,6060.1,6119.8,0.32,164.0,7560.0,4750.0
ANLB,1/13/2026,6050.0,6100.0,6001.0,6100.0,-0.32,261.0,7560.0,4750.0
ANLB,1/14/2026,6150.0,6190.0,6016.0,6020.0,-1.31,345.0,7560.0,4750.0
ANLB,1/18/2026,6088.0,6100.0,6081.0,6100.0,1.33,95.0,7560.0,4750.0
ANLB,1/20/2026,6020.0,6098.5,6020.0,6096.9,-0.05,244.0,7560.0,4750.0
ANLB,1/21/2026,6096.9,6101.9,6021.0,6021.0,-1.24,279.0,7560.0,4750.0
ANLB,1/22/2026,6021.0,6110.0,6020.0,6020.0,-0.02,194.0,7560.0,4750.0
ANLB,1/25/2026,6139.9,6139.9,6050.0,6050.0,0.5,245.0,7560.0,4750.0
ANLB,1/26/2026,6099.0,6100.0,6010.0,6100.0,0.83,323.0,7560.0,4750.0
ANLB,1/27/2026,6000.0,6160.0,6000.0,6129.9,0.49,299.0,7560.0,4750.0
ANLB,1/28/2026,6009.0,6126.0,6009.0,6126.0,-0.06,98.0,7560.0,4750.0
ANLB,1/29/2026,6004.3,6124.0,6004.0,6051.0,-1.22,108.0,7560.0,4750.0
ANLB,2/1/2026,6051.0,6110.9,6000.0,6002.0,-0.81,146.0,7560.0,4750.0
ANLB,2/2/2026,6002.0,6120.0,6002.0,6010.0,0.13,370.0,7560.0,4750.0
ANLB,2/3/2026,5940.1,6005.0,5940.1,6001.0,-0.15,72.0,7560.0,4750.0
ANLB,2/4/2026,5900.0,6222.0,5900.0,6024.8,0.4,5649.0,7560.0,4750.0
ANLB,2/5/2026,5930.0,6150.6,5930.0,6030.0,0.09,569.0,7560.0,4750.0
ANLB,2/8/2026,6031.1,6222.0,5999.0,6041.0,0.18,1220.0,7560.0,4750.0
ANLB,2/9/2026,6160.0,6283.0,6040.0,6046.1,0.08,762.0,7560.0,4750.0
ANLB,2/10/2026,6167.0,6289.9,6110.2,6287.6,3.99,238.0,7560.0,4750.0
ANLB,2/11/2026,6161.9,6200.0,6124.0,6124.0,-2.6,84.0,7560.0,4750.0
ANLB,2/12/2026,6010.7,6375.0,6010.1,6200.0,1.24,1318.0,7560.0,4750.0
ANLB,2/16/2026,6250.0,6315.0,6200.2,6296.9,1.56,291.0,7560.0,4750.0
ANLB,2/17/2026,6172.6,6338.9,6172.6,6299.9,0.05,181.0,7560.0,4750.0
ANLB,2/22/2026,6329.9,6398.0,5950.0,6250.0,-0.79,2452.0,7560.0,4750.0
ANLB,2/23/2026,6250.0,6315.0,6125.0,6300.0,0.8,573.0,7560.0,4750.0
ANLB,2/24/2026,6255.1,6345.0,6250.0,6320.0,0.32,644.0,7560.0,4750.0
ANLB,2/25/2026,6394.9,6394.9,6300.0,6357.9,0.6,259.0,7560.0,4750.0
ANLB,2/26/2026,6230.8,6355.4,6230.8,6355.4,-0.04,218.0,7560.0,4750.0
ANLB,2/27/2026,6230.8,6355.4,6230.8,6355.4,0.0,218.0,7560.0,4750.0
ANLB,2/28/2026,6230.8,6355.4,6230.8,6355.4,0.0,218.0,7560.0,4750.0
ANLB,3/2/2026,6325.0,6390.0,6315.1,6350.0,-0.08,1355.0,7560.0,4750.0
ANLB,3/3/2026,6350.0,6460.0,6350.0,6400.0,0.79,925.0,7560.0,4750.0
ANLB,3/4/2026,6350.0,6460.0,6350.0,6400.0,0.0,925.0,7560.0,4750.0
ANLB,3/5/2026,6350.0,6460.0,6350.0,6400.0,0.0,925.0,7560.0,4750.0
ANLB,3/6/2026,6350.0,6460.0,6350.0,6400.0,0.0,925.0,7560.0,4750.0
ANLB,3/7/2026,6350.0,6460.0,6350.0,6400.0,0.0,925.0,7560.0,4750.0
ANLB,3/8/2026,6350.0,6460.0,6350.0,6400.0,0.0,925.0,7560.0,4750.0
ANLB,3/9/2026,6528.0,6528.0,6528.0,6528.0,2.0,10.0,7560.0,4750.0
ANLB,3/10/2026,6600.0,6600.0,6341.1,6341.1,-2.86,107.0,7560.0,4750.0
ANLB,3/11/2026,6350.0,6477.0,6350.0,6439.9,1.56,802.0,7560.0,4750.0
ANLB,3/12/2026,6400.0,6524.8,6400.0,6410.1,-0.46,239.0,7560.0,4750.0
ANLB,3/13/2026,6400.0,6524.8,6400.0,6410.1,0.0,239.0,7560.0,4750.0
ANLB,3/14/2026,6400.0,6524.8,6400.0,6410.1,0.0,239.0,7560.0,4750.0
ANLB,3/15/2026,6415.1,6478.9,6400.0,6478.9,1.07,282.0,7560.0,4750.0
ANLB,3/16/2026,6425.0,6450.0,6401.1,6450.0,-0.45,246.0,7560.0,4750.0
ANLB,3/17/2026,6421.0,6500.0,6420.0,6500.0,0.78,202.0,7560.0,4750.0
ANLB,3/18/2026,6421.0,6500.0,6420.0,6500.0,0.0,202.0,7560.0,4750.0
ANLB,3/19/2026,6370.0,6599.0,6266.1,6500.0,0.0,710.0,7560.0,4750.0
ANLB,3/20/2026,6370.0,6599.0,6266.1,6500.0,0.0,710.0,7560.0,4750.0
ANLB,3/21/2026,6370.0,6599.0,6266.1,6500.0,0.0,710.0,7560.0,4750.0
ANLB,3/22/2026,6500.0,6624.0,6370.0,6580.0,1.23,314.0,7560.0,4750.0
ANLB,3/23/2026,6448.4,6597.0,6438.6,6564.0,-0.24,552.0,7560.0,4750.0
ANLB,3/24/2026,6560.0,6587.0,6460.2,6587.0,0.35,351.0,7560.0,4750.0
ANLB,3/25/2026,6561.0,6561.0,6461.3,6461.3,-1.91,110.0,7560.0,4750.0
ANLB,3/26/2026,6400.0,6649.0,6400.0,6647.0,3.86,4414.0,7560.0,4750.0
ANLB,3/29/2026,6514.1,6639.0,6455.0,6639.0,1.92,175.0,7560.0,4750.0
ANLB,3/30/2026,6515.0,6597.0,6506.3,6506.3,-0.13,351.0,7560.0,4750.0
ANLB,3/31/2026,6506.3,6540.0,6381.0,6381.0,-1.93,298.0,7560.0,4750.0
ANLB,4/1/2026,6381.0,6474.9,6303.0,6316.0,-1.02,694.0,7560.0,4750.0
ANLB,4/2/2026,6316.0,6549.8,6316.0,6549.8,3.7,791.0,7560.0,4750.0
ANLB,4/5/2026,6420.1,6450.0,6295.0,6311.0,-1.7,326.0,7560.0,4750.0
ANLB,4/6/2026,6184.8,6548.0,6184.8,6500.0,5.1,1122.0,7560.0,4750.0
ANLB,4/7/2026,6370.0,6476.0,6331.0,6476.0,1.66,287.0,7560.0,4750.0
ANLB,4/8/2026,6476.0,6599.0,6361.0,6365.4,-1.71,881.0,7560.0,4750.0
ANLB,4/9/2026,5682.8,6128.6,5682.8,6128.6,7.84,1470.0,7560.0,4750.0
ANLB,4/10/2026,6128.6,6399.8,6128.6,6368.1,3.91,552.0,7560.0,4750.0
ANLB,4/13/2026,6240.8,6492.0,6240.8,6465.0,3.59,492.0,7560.0,4750.0
ANLB,4/15/2026,6336.0,6655.0,6230.0,6590.0,4.01,441.0,7560.0,4750.0
ANLB,4/16/2026,6458.2,6989.0,6310.0,6458.8,0.01,833.0,7560.0,4750.0
ANLB,4/17/2026,6329.7,6987.0,6203.2,6404.9,1.19,459.0,7560.0,4750.0
ANLB,4/20/2026,6300.0,6477.0,6215.0,6380.0,1.27,1362.0,7560.0,4750.0
ANLB,4/21/2026,6200.0,6329.9,6200.0,6329.0,2.08,268.0,7560.0,4750.0
ANLB,4/22/2026,6056.0,6424.0,6056.0,6285.0,3.78,588.0,7560.0,4750.0
ANLB,4/23/2026,6111.1,6244.0,6106.1,6235.9,2.04,265.0,7560.0,4750.0
ANLB,4/24/2026,6235.9,6282.0,6096.0,6282.0,0.74,503.0,7560.0,4750.0
ANLB,4/27/2026,6282.0,6330.0,6135.0,6282.0,0.0,164.0,7560.0,4750.0
ANLB,4/28/2026,6282.0,6251.0,6115.1,6251.0,-0.49,524.0,7560.0,4750.0
ANLB,4/29/2026,6251.0,6275.0,6100.0,6275.0,0.38,101.0,7560.0,4750.0
ANLB,4/30/2026,6200.0,6285.0,6200.0,6285.0,1.37,21.0,7560.0,4750.0
ANLB,5/4/2026,6100.0,6100.0,6000.0,6000.1,-1.64,213.0,7560.0,4750.0
ANLB,5/5/2026,5821.0,6100.0,5760.1,6093.9,4.69,2059.0,7560.0,4750.0
ANLB,5/6/2026,5800.0,6000.0,5800.0,5950.0,2.59,207.0,7560.0,4750.0
ANLB,5/7/2026,5772.0,5919.9,5607.2,5919.9,2.56,687.0,7560.0,4750.0
ANLB,5/8/2026,5625.1,6050.0,5625.1,6050.0,7.55,371.0,7560.0,4750.0
ANLB,5/11/2026,5747.5,6466.0,5747.5,6460.0,12.4,1021.0,7560.0,4750.0
ANLB,5/12/2026,6266.2,6266.2,5919.0,6065.0,-3.21,841.0,7560.0,4750.0
ANLB,5/13/2026,5800.0,6050.0,5500.0,6050.0,4.31,2480.0,7560.0,4750.0
ANLB,5/14/2026,5872.0,6044.7,5870.0,6005.0,2.26,661.0,7560.0,4750.0
ANLB,5/15/2026,5800.0,6382.0,5630.0,6020.0,3.79,630.0,7560.0,4750.0
ANLB,5/18/2026,5899.0,5996.0,5825.0,5993.0,1.59,248.0,7560.0,4750.0
ANLB,5/19/2026,5750.0,6150.0,5750.0,6150.0,6.96,62.0,7560.0,4750.0
ANLB,5/20/2026,5965.5,6049.9,5790.0,6049.9,1.41,999.0,7560.0,4750.0
ANLB,5/21/2026,6352.3,6352.3,5835.1,5938.0,-6.52,321.0,7560.0,4750.0
ANLB,5/22/2026,5938.0,5946.0,5844.0,5901.0,-0.62,168.0,7560.0,4750.0
ANLB,5/25/2026,5901.0,6050.0,5733.0,6038.0,2.32,1185.0,7560.0,4750.0
ANLB,5/26/2026,5899.0,5990.0,5890.0,5890.0,-0.15,358.0,7560.0,4750.0
ANLB,5/27/2026,5760.0,5998.0,5760.0,5969.9,3.64,154.0,7560.0,4750.0
ANLB,6/1/2026,5900.0,5980.0,5810.0,5980.0,1.36,157.0,7560.0,4750.0
ANLB,6/2/2026,5681.0,6392.0,5681.0,5800.0,2.09,1616.0,7560.0,4750.0
ANLB,6/3/2026,5815.0,5945.0,5815.0,5934.8,2.06,564.0,7560.0,4750.0
ANLB,6/4/2026,5800.0,6070.0,5800.0,5965.0,2.84,179.0,7560.0,4750.0
ANLB,6/5/2026,5801.0,5944.9,5801.0,5940.0,2.4,865.0,7560.0,4750.0
ANLB,6/8/2026,5780.1,5950.0,5780.1,5870.0,1.56,401.0,7560.0,4750.0
ANLB,6/9/2026,5750.1,5886.0,5750.1,5874.0,2.15,854.0,7560.0,4750.0
ANLB,6/10/2026,5751.0,5875.0,5751.0,5874.9,2.15,182.0,7560.0,4750.0
ANLB,6/11/2026,5751.0,5852.0,5751.0,5775.0,0.42,178.0,7560.0,4750.0
ANLB,6/12/2026,5750.0,5800.0,5750.0,5800.0,0.87,127.0,7560.0,4750.0
ANLB,6/15/2026,5800.0,5849.9,5750.0,5819.9,0.34,205.0,7560.0,4750.0
ANLB,6/16/2026,5846.0,5929.0,5735.0,5843.0,-0.05,272.0,7560.0,4750.0
ANLB,6/17/2026,5707.0,5868.0,5701.0,5868.0,2.82,128.0,7560.0,4750.0
ANLB,6/18/2026,5580.0,6603.0,5541.0,6603.0,18.33,1107.0,7560.0,4750.0
ANLB,6/19/2026,6933.0,6933.0,5806.0,5929.0,-14.48,913.0,7560.0,4750.0
ANLB,6/22/2026,5780.0,5910.0,5780.0,5900.0,2.08,172.0,7560.0,4750.0
ANLB,6/23/2026,5777.0,5899.0,5730.0,5899.0,2.11,627.0,7560.0,4750.0
ANLB,6/24/2026,5899.0,5899.0,5723.0,5875.0,-0.41,161.0,7560.0,4750.0
ANLB,6/26/2026,5725.1,5894.0,5721.0,5894.0,2.95,333.0,7560.0,4750.0
ANLB,6/29/2026,5722.6,5884.9,5722.0,5884.9,2.84,509.0,7560.0,4750.0
ANLB,6/30/2026,5714.0,5882.0,5711.6,5882.0,2.94,372.0,7560.0,4750.0
ANLB,7/1/2026,5707.0,6061.5,5707.0,6061.5,6.21,387.0,7560.0,4750.0
ANLB,7/2/2026,5761.0,6673.0,5450.0,6673.0,15.83,10311.0,7560.0,4750.0
ANLB,7/3/2026,7006.6,7006.6,7006.6,7006.6,0.0,10.0,7560.0,4750.0
ANLB,7/6/2026,7356.0,7356.0,6796.5,6796.5,-7.61,26.0,7560.0,4750.0
ANLB,7/7/2026,7136.0,7136.0,5777.1,5860.0,-17.88,1841.0,7560.0,4750.0
ANLB,7/8/2026,5685.0,5870.0,5685.0,5869.0,3.24,380.0,7560.0,4750.0
ANLB,7/9/2026,5600.0,6274.0,5576.0,5798.0,3.54,1731.0,7560.0,4750.0
ANLB,7/10/2026,5676.0,6416.0,5560.0,6416.0,13.04,1203.0,7560.0,4750.0
ANLB,7/13/2026,6736.8,6736.8,6736.8,6736.8,0.0,10.0,7560.0,4750.0
ANLB,7/14/2026,7073.0,7073.0,7073.0,7073.0,0.0,10.0,7560.0,4750.0
ANLB,7/15/2026,7425.0,7425.0,6860.9,6860.9,-7.6,20.0,7560.0,4750.0
ANLB,7/16/2026,7200.0,7200.0,7200.0,7200.0,0.0,10.0,7560.0,4750.0
ANLB,7/17/2026,7560.0,7560.0,6120.0,6120.0,-19.05,267.0,7560.0,4750.0
ANLB,7/20/2026,5814.0,5936.4,5641.0,5700.0,-1.96,4326.0,7560.0,4750.0
ANLB,7/21/2026,5640.0,6345.0,5620.0,5845.0,3.63,2620.0,7560.0,4750.0
ANLB,7/22/2026,5650.0,6545.0,5650.0,5841.0,3.38,1491.0,7560.0,4750.0
ANLB,7/23/2026,5600.0,6491.0,5600.0,5818.0,3.89,1113.0,7560.0,4750.0
ANLB,7/24/2026,5550.0,6659.0,5550.0,6659.0,19.98,3788.0,7560.0,4750.0
ANLB,7/27/2026,6326.1,6326.1,5660.2,5768.0,-8.82,3018.0,7560.0,4750.0
ANLB,7/28/2026,5600.0,6292.0,5552.0,5735.0,2.41,3487.0,7560.0,4750.0
ANLB,7/29/2026,5600.0,5658.0,5600.0,5658.0,1.04,2170.0,7560.0,4750.0
ANLB,7/30/2026,5500.0,6134.0,5489.0,5697.0,3.58,3867.0,7560.0,4750.0
ANLB,7/31/2026,5500.0,6277.0,5460.0,5649.0,2.71,1810.0,7560.0,4750.0
ANLB,8/3/2026,5500.0,6050.0,5500.0,5628.0,2.33,7546.0,7560.0,4750.0
ANLB,8/4/2026,5507.0,5598.0,5476.0,5578.0,1.29,862.0,7560.0,4750.0
ANLB,8/5/2026,5400.0,5550.0,5400.0,5544.0,2.67,1542.0,7560.0,4750.0
ANLB,8/6/2026,5400.0,5560.0,5400.0,5524.0,2.3,1194.0,7560.0,4750.0
ANLB,8/7/2026,5360.0,5999.0,5300.0,5999.0,11.92,5041.0,7560.0,4750.0
ANLB,8/10/2026,5819.1,5819.1,5311.8,5467.0,-6.05,2737.0,7560.0,4750.0
ANLB,8/11/2026,5300.0,5790.0,5300.0,5438.0,2.6,2026.0,7560.0,4750.0
ANLB,8/12/2026,5200.0,5755.9,5200.0,5305.0,2.02,2070.0,7560.0,4750.0
ANLB,8/13/2026,5200.0,5560.0,5200.0,5400.0,3.85,1587.0,7560.0,4750.0
ANLB,8/14/2026,5200.0,5548.0,5200.0,5320.0,2.31,999.0,7560.0,4750.0
ANLB,8/17/2026,5200.0,5325.0,5200.0,5310.0,2.12,699.0,7560.0,4750.0
ANLB,8/18/2026,5220.0,5319.0,5175.1,5225.0,0.1,2311.0,7560.0,4750.0
ANLB,8/19/2026,5100.0,5237.0,5060.0,5100.0,0.0,1800.0,7560.0,4750.0
ANLB,8/20/2026,5050.0,5140.0,4956.0,5138.0,1.74,1420.0,7560.0,4750.0
ANLB,8/21/2026,5000.0,5292.0,5000.0,5140.0,2.8,791.0,7560.0,4750.0
ANLB,8/24/2026,5000.0,5119.0,5000.0,5119.0,2.38,727.0,7560.0,4750.0
ANLB,8/25/2026,5000.0,5110.0,5000.0,5085.0,1.7,294.0,7560.0,4750.0
ANLB,8/26/2026,5003.0,5097.0,5001.5,5001.5,-0.03,865.0,7560.0,4750.0
ANLB,8/27/2026,4800.0,5462.0,4800.0,4920.0,2.5,1103.0,7560.0,4750.0
ANLB,8/31/2026,4800.0,4944.0,4800.0,4944.0,3.0,1294.0,7560.0,4750.0
ANLB,9/1/2026,4800.0,5450.0,4800.0,4859.0,1.23,1476.0,7560.0,4750.0
ANLB,9/2/2026,4810.0,5350.0,4755.0,5350.0,11.23,1484.0,7560.0,4750.0
ANLB,9/3/2026,5617.0,5617.0,4854.3,5023.5,-10.57,1068.0,7560.0,4750.0
ANLB,9/7/2026,4880.0,5015.0,4880.0,4908.0,0.57,753.0,7560.0,4750.0
ANLB,9/9/2026,4800.0,4966.9,4800.0,4870.0,1.46,507.0,7560.0,4750.0
ANLB,9/10/2026,4750.0,5200.0,4750.0,4839.0,1.87,841.0,7560.0,4750.0
ANLB,9/11/2026,4751.0,4950.0,4751.0,4930.0,3.77,592.0,7560.0,4750.0
ANLB,9/14/2026,4800.0,4991.0,4800.0,4975.0,3.65,553.0,7560.0,4750.0
ANLB,9/15/2026,5121.0,5121.0,4981.0,5020.0,-1.97,1060.0,7560.0,4750.0
ANLB,9/16/2026,4980.0,5127.0,4920.0,5010.0,0.6,558.0,7560.0,4750.0
ANLB,9/17/2026,4900.0,5044.0,4900.0,5035.0,2.76,175.0,7560.0,4750.0
ANLB,9/18/2026,4901.0,5100.0,4901.0,5005.0,2.12,990.0,7560.0,4750.0
ANLB,9/22/2026,4900.0,5019.9,4900.0,4979.9,1.63,461.0,7560.0,4750.0
ANLB,9/23/2026,4903.0,4937.9,4900.0,4937.9,0.71,684.0,7560.0,4750.0
ANLB,9/24/2026,4892.0,5000.0,4890.5,4987.0,1.94,2409.0,7560.0,4750.0
ANLB,9/28/2026,4910.0,4973.0,4907.0,4955.0,0.92,407.0,7560.0,4750.0
ANLB,9/29/2026,4900.0,4921.9,4888.0,0.0,-100.0,82.0,7560.0,4750.0
ANLB,9/30/2026,4940.0,4940.0,4883.0,4934.8,-0.11,323.0,7560.0,4750.0
ANLB,10/1/2026,4935.0,4935.0,4821.0,4919.7,-0.31,945.0,7560.0,4750.0
ANLB,10/2/2026,4810.0,4919.0,4810.0,4919.0,2.27,475.0,7560.0,4750.0
APHL,6/10/2026,299.7,344.6,299.7,344.6,14.98,110.0,1053.4,299.7
APHL,6/11/2026,331.7,396.2,331.7,396.2,19.45,100.0,1053.4,299.7
APHL,6/12/2026,413.0,455.6,413.0,455.6,10.31,100.0,1053.4,299.7
APHL,6/15/2026,469.2,523.9,469.2,523.9,11.66,210.0,1053.4,299.7
APHL,6/16/2026,550.0,602.4,550.0,602.4,9.53,260.0,1053.4,299.7
APHL,6/17/2026,620.4,692.7,620.4,692.7,11.65,250.0,1053.4,299.7
APHL,6/18/2026,700.0,796.6,700.0,796.6,13.8,398.0,1053.4,299.7
APHL,6/19/2026,836.0,916.0,836.0,916.0,9.57,1380.0,1053.4,299.7
APHL,6/22/2026,961.8,1053.4,870.1,964.2,0.25,81620.0,1053.4,299.7
APHL,6/23/2026,950.0,950.0,855.1,857.0,-9.79,54588.0,1053.4,299.7
APHL,6/24/2026,860.0,900.0,810.0,875.0,1.74,39477.0,1053.4,299.7
APHL,6/26/2026,880.0,905.0,873.1,875.0,-0.57,25803.0,1053.4,299.7
APHL,6/29/2026,831.3,875.0,831.3,855.0,2.85,31428.0,1053.4,299.7
APHL,6/30/2026,812.3,855.0,788.0,849.9,4.63,27374.0,1053.4,299.7
APHL,7/1/2026,807.5,907.0,807.5,888.0,9.97,29517.0,1053.4,299.7
APHL,7/2/2026,888.0,915.0,865.0,905.0,1.91,27833.0,1053.4,299.7
APHL,7/3/2026,859.8,954.8,859.8,898.0,4.44,25254.0,1053.4,299.7
APHL,7/6/2026,853.1,905.0,853.1,887.0,3.97,26917.0,1053.4,299.7
APHL,7/7/2026,850.0,890.0,850.0,870.0,2.35,20186.0,1053.4,299.7
APHL,7/8/2026,860.0,880.0,826.8,857.0,-0.35,28726.0,1053.4,299.7
APHL,7/9/2026,850.0,932.0,807.1,871.6,2.54,31890.0,1053.4,299.7
APHL,7/10/2026,850.0,921.0,849.1,879.9,3.52,45663.0,1053.4,299.7
APHL,7/13/2026,858.0,880.0,830.0,849.9,-0.94,18305.0,1053.4,299.7
APHL,7/14/2026,824.5,899.0,801.0,835.0,1.27,17614.0,1053.4,299.7
APHL,7/15/2026,809.1,867.0,809.1,820.0,1.35,16019.0,1053.4,299.7
APHL,7/16/2026,800.0,859.0,800.0,819.0,2.38,9640.0,1053.4,299.7
APHL,7/17/2026,800.1,875.5,800.1,828.1,3.5,22129.0,1053.4,299.7
APHL,7/20/2026,830.0,870.0,815.1,843.9,1.67,31993.0,1053.4,299.7
APHL,7/21/2026,832.0,873.0,830.0,840.2,0.99,46207.0,1053.4,299.7
APHL,7/22/2026,827.1,853.0,826.4,837.5,1.26,19020.0,1053.4,299.7
APHL,7/23/2026,837.0,930.0,827.0,930.0,11.11,64326.0,1053.4,299.7
APHL,7/24/2026,930.0,952.0,900.0,905.0,-2.69,35842.0,1053.4,299.7
APHL,7/27/2026,897.1,905.0,850.0,852.0,-5.03,30226.0,1053.4,299.7
APHL,7/28/2026,809.4,877.0,809.4,869.0,7.36,19141.0,1053.4,299.7
APHL,7/29/2026,825.6,872.9,825.6,846.0,2.47,17484.0,1053.4,299.7
APHL,7/30/2026,846.0,865.0,821.2,834.0,-1.42,15135.0,1053.4,299.7
APHL,7/31/2026,820.8,844.9,820.8,839.0,2.22,15695.0,1053.4,299.7
APHL,8/3/2026,815.0,860.0,815.0,838.0,2.82,21739.0,1053.4,299.7
APHL,8/4/2026,826.1,840.0,826.1,828.6,0.3,10404.0,1053.4,299.7
APHL,8/5/2026,823.0,840.0,822.0,830.3,0.89,9248.0,1053.4,299.7
APHL,8/6/2026,830.0,855.0,825.0,828.0,-0.24,10218.0,1053.4,299.7
APHL,8/7/2026,825.8,834.9,824.0,828.0,0.27,10060.0,1053.4,299.7
APHL,8/10/2026,824.0,834.8,812.0,828.0,0.49,7668.0,1053.4,299.7
APHL,8/11/2026,820.0,840.0,820.0,830.0,1.22,11603.0,1053.4,299.7
APHL,8/12/2026,830.0,830.0,813.1,815.0,-1.81,11981.0,1053.4,299.7
APHL,8/13/2026,810.0,821.9,806.0,810.0,0.0,5280.0,1053.4,299.7
APHL,8/14/2026,810.0,815.0,804.0,805.0,-0.62,6512.0,1053.4,299.7
APHL,8/17/2026,799.0,805.0,781.0,782.0,-2.13,9719.0,1053.4,299.7
APHL,8/18/2026,775.0,786.9,750.1,750.4,-3.17,26653.0,1053.4,299.7
APHL,8/19/2026,750.4,755.0,734.0,753.0,0.35,6427.0,1053.4,299.7
APHL,8/20/2026,743.3,760.0,743.3,750.0,0.9,6043.0,1053.4,299.7
APHL,8/21/2026,760.0,795.0,728.0,738.0,-2.89,8515.0,1053.4,299.7
APHL,8/24/2026,735.0,745.0,701.0,704.6,-4.14,10595.0,1053.4,299.7
APHL,8/25/2026,693.0,716.0,693.0,694.0,0.14,7496.0,1053.4,299.7
APHL,8/26/2026,694.0,710.0,670.0,672.1,-3.16,11600.0,1053.4,299.7
APHL,8/27/2026,660.2,700.0,655.7,689.0,4.36,10791.0,1053.4,299.7
APHL,8/31/2026,674.5,680.0,651.0,670.6,-0.58,11133.0,1053.4,299.7
APHL,9/1/2026,655.1,680.0,651.1,678.9,3.63,3694.0,1053.4,299.7
APHL,9/2/2026,667.0,688.2,660.1,677.0,1.5,4303.0,1053.4,299.7
APHL,9/3/2026,680.0,680.0,673.1,673.3,-0.99,4386.0,1053.4,299.7
APHL,9/7/2026,670.0,695.0,670.0,690.0,2.99,6214.0,1053.4,299.7
APHL,9/9/2026,670.0,701.0,670.0,680.1,1.51,6558.0,1053.4,299.7
APHL,9/10/2026,646.1,682.0,646.1,664.0,2.77,6725.0,1053.4,299.7
APHL,9/11/2026,665.0,681.0,648.1,681.0,2.41,2619.0,1053.4,299.7
APHL,9/14/2026,647.0,700.0,647.0,697.0,7.73,8406.0,1053.4,299.7
APHL,9/15/2026,731.0,731.0,697.0,715.0,-2.19,15332.0,1053.4,299.7
APHL,9/16/2026,715.0,715.0,679.2,693.0,-3.08,13271.0,1053.4,299.7
APHL,9/17/2026,698.0,708.0,690.0,692.0,-0.86,6525.0,1053.4,299.7
APHL,9/18/2026,695.0,695.0,682.0,683.5,-1.65,3853.0,1053.4,299.7
APHL,9/22/2026,680.0,692.0,680.0,684.9,0.72,6165.0,1053.4,299.7
APHL,9/23/2026,670.0,682.0,660.3,661.3,-1.3,9359.0,1053.4,299.7
APHL,9/24/2026,650.0,684.9,650.0,671.0,3.23,4378.0,1053.4,299.7
APHL,9/28/2026,660.2,670.0,651.5,652.0,-1.24,7817.0,1053.4,299.7
APHL,9/29/2026,652.0,664.0,625.6,0.0,-100.0,5840.0,1053.4,299.7
APHL,9/30/2026,625.0,625.0,611.0,617.1,-1.26,6294.0,1053.4,299.7
APHL,10/1/2026,613.0,620.0,611.2,618.0,0.82,3444.0,1053.4,299.7
APHL,10/2/2026,615.0,615.0,591.8,591.8,-3.77,8231.0,1053.4,299.7
API,12/29/2015,371.0,381.0,368.0,372.0,,13555.0,370.0,269.0
API,12/31/2015,372.0,381.0,368.0,370.0,-0.54,11336.0,370.0,269.0
API,1/3/2016,370.0,377.0,362.0,369.0,-0.27,11849.0,370.0,269.0
API,1/4/2016,369.0,373.0,358.0,368.0,-0.27,9183.0,370.0,269.0
API,1/5/2016,368.0,375.0,350.0,375.0,1.9,27876.0,370.0,269.0
API,1/6/2016,375.0,375.0,353.0,360.0,-4.0,21477.0,370.0,269.0
API,1/7/2016,360.0,377.0,356.0,368.0,2.22,16005.0,370.0,269.0
API,1/10/2016,368.0,380.0,361.0,378.0,2.72,29492.0,370.0,269.0
API,1/11/2016,378.0,383.0,370.0,376.0,-0.53,30518.0,370.0,269.0
API,1/12/2016,376.0,400.0,370.0,400.0,6.38,35468.0,370.0,269.0
API,1/13/2016,400.0,405.0,378.0,394.0,-1.5,26417.0,370.0,269.0
API,1/14/2016,394.0,400.0,379.0,390.0,-1.02,29503.0,370.0,269.0
API,1/24/2016,390.0,429.0,397.0,429.0,10.0,3250.0,370.0,269.0
API,1/25/2016,429.0,471.0,437.0,454.0,5.83,4993.0,370.0,269.0
API,1/26/2016,454.0,455.0,446.0,448.0,-1.32,3463.0,370.0,269.0
API,1/27/2016,448.0,445.0,432.0,432.0,-3.57,2889.0,370.0,269.0
API,1/28/2016,432.0,445.0,430.0,430.0,-0.46,4905.0,370.0,269.0
API,1/31/2016,430.0,440.0,432.0,432.0,0.47,864.0,370.0,269.0
API,2/1/2016,432.0,448.0,430.0,435.0,0.69,4260.0,370.0,269.0
API,2/2/2016,435.0,439.0,430.0,430.0,-1.15,3252.0,370.0,269.0
API,2/3/2016,430.0,450.0,435.0,441.0,2.56,1624.0,370.0,269.0
API,2/4/2016,441.0,457.0,440.0,449.0,1.81,4935.0,370.0,269.0
API,2/7/2016,449.0,493.0,450.0,493.0,9.8,22443.0,370.0,269.0
API,2/8/2016,493.0,540.0,502.0,515.0,4.46,7786.0,370.0,269.0
API,2/11/2016,515.0,540.0,515.0,540.0,4.85,16567.0,370.0,269.0
API,2/14/2016,540.0,531.0,496.0,500.0,-7.41,8387.0,370.0,269.0
API,2/15/2016,500.0,510.0,470.0,485.0,-3.0,4728.0,370.0,269.0
API,2/16/2016,485.0,485.0,477.0,482.0,-0.62,6993.0,370.0,269.0
API,2/17/2016,482.0,484.0,480.0,483.0,0.21,4226.0,370.0,269.0
API,2/18/2016,483.0,488.0,480.0,480.0,-0.62,3850.0,370.0,269.0
API,2/21/2016,480.0,498.0,480.0,498.0,3.75,15416.0,370.0,269.0
API,2/22/2016,498.0,500.0,485.0,491.0,-1.41,5314.0,370.0,269.0
API,2/23/2016,491.0,486.0,474.0,486.0,-1.02,2333.0,370.0,269.0
API,2/24/2016,486.0,500.0,472.0,472.0,-2.88,472.0,370.0,269.0
API,2/25/2016,472.0,495.0,480.0,495.0,4.87,1844.0,370.0,269.0
API,2/28/2016,495.0,500.0,473.0,474.0,-4.24,4388.0,370.0,269.0
API,2/29/2016,474.0,483.0,471.0,471.0,-0.63,3918.0,370.0,269.0
API,3/1/2016,471.0,473.0,469.0,470.0,-0.21,3318.0,370.0,269.0
API,3/2/2016,470.0,517.0,472.0,517.0,10.0,25387.0,370.0,269.0
API,3/3/2016,517.0,568.0,527.0,568.0,9.86,18063.0,370.0,269.0
API,3/6/2016,568.0,624.0,579.0,624.0,9.86,42776.0,370.0,269.0
API,3/10/2016,624.0,686.0,636.0,686.0,9.94,4341.0,370.0,269.0
API,3/13/2016,686.0,754.0,645.0,747.0,8.89,63486.0,370.0,269.0
API,3/14/2016,747.0,821.0,761.0,821.0,9.91,17751.0,370.0,269.0
API,3/15/2016,821.0,853.0,739.0,740.0,-9.87,52406.0,370.0,269.0
API,3/16/2016,740.0,732.0,671.0,680.0,-8.11,27686.0,370.0,269.0
API,3/17/2016,680.0,729.0,686.0,720.0,5.88,18857.0,370.0,269.0
API,3/20/2016,720.0,765.0,724.0,739.0,2.64,30357.0,370.0,269.0
API,3/21/2016,739.0,759.0,711.0,733.0,-0.81,13239.0,370.0,269.0
API,3/23/2016,733.0,741.0,707.0,710.0,-3.14,13548.0,370.0,269.0
API,3/24/2016,710.0,708.0,670.0,694.0,-2.25,19641.0,370.0,269.0
API,3/27/2016,694.0,707.0,655.0,656.0,-5.48,6101.0,370.0,269.0
API,3/28/2016,656.0,644.0,621.0,630.0,-3.96,9481.0,370.0,269.0
API,3/29/2016,630.0,642.0,602.0,615.0,-2.38,14798.0,370.0,269.0
API,3/30/2016,615.0,671.0,600.0,658.0,6.99,5258.0,370.0,269.0
API,3/31/2016,658.0,659.0,634.0,637.0,-3.19,5559.0,370.0,269.0
API,4/3/2016,637.0,661.0,620.0,661.0,3.77,5868.0,370.0,269.0
API,4/4/2016,661.0,670.0,630.0,643.0,-2.72,5021.0,370.0,269.0
API,4/5/2016,643.0,655.0,633.0,652.0,1.4,5271.0,370.0,269.0
API,4/6/2016,652.0,685.0,645.0,669.0,2.61,15794.0,370.0,269.0
API,4/10/2016,669.0,714.0,659.0,660.0,-1.35,14444.0,370.0,269.0
API,4/11/2016,660.0,676.0,664.0,675.0,2.27,4920.0,370.0,269.0
API,4/12/2016,675.0,688.0,652.0,658.0,-2.52,9235.0,370.0,269.0
API,4/14/2016,658.0,663.0,651.0,663.0,0.76,3240.0,370.0,269.0
API,4/17/2016,663.0,664.0,652.0,660.0,-0.45,3223.0,370.0,269.0
API,4/18/2016,660.0,659.0,651.0,658.0,-0.3,4213.0,370.0,269.0
API,4/19/2016,658.0,655.0,640.0,649.0,-1.37,9288.0,370.0,269.0
API,4/20/2016,649.0,654.0,640.0,643.0,-0.92,4124.0,370.0,269.0
API,4/21/2016,643.0,640.0,622.0,635.0,-1.24,15246.0,370.0,269.0
API,4/24/2016,635.0,645.0,622.0,629.0,-0.94,4791.0,370.0,269.0
API,4/25/2016,629.0,627.0,616.0,627.0,-0.32,8434.0,370.0,269.0
API,4/26/2016,627.0,626.0,617.0,626.0,-0.16,3696.0,370.0,269.0
API,4/27/2016,626.0,631.0,618.0,625.0,-0.16,2313.0,370.0,269.0
API,4/28/2016,625.0,625.0,619.0,620.0,-0.8,9806.0,370.0,269.0
API,5/2/2016,620.0,620.0,601.0,620.0,0.0,5046.0,370.0,269.0
API,5/3/2016,620.0,620.0,606.0,618.0,-0.32,5417.0,370.0,269.0
API,5/4/2016,618.0,615.0,598.0,615.0,-0.49,10863.0,370.0,269.0
API,5/5/2016,615.0,606.0,596.0,603.0,-1.95,6828.0,370.0,269.0
API,5/8/2016,603.0,630.0,597.0,630.0,4.48,5994.0,370.0,269.0
API,5/9/2016,630.0,629.0,616.0,620.0,-1.59,12426.0,370.0,269.0
API,5/10/2016,620.0,643.0,617.0,627.0,1.13,5356.0,370.0,269.0
API,5/11/2016,627.0,635.0,608.0,633.0,0.96,7257.0,370.0,269.0
API,5/12/2016,633.0,678.0,628.0,677.0,6.95,19602.0,370.0,269.0
API,5/15/2016,677.0,690.0,656.0,670.0,-1.03,12967.0,370.0,269.0
API,5/16/2016,670.0,683.0,656.0,671.0,0.15,8353.0,370.0,269.0
API,5/17/2016,671.0,690.0,660.0,674.0,0.45,11978.0,370.0,269.0
API,5/18/2016,674.0,675.0,664.0,666.0,-1.19,6040.0,370.0,269.0
API,5/19/2016,666.0,668.0,660.0,667.0,0.15,3356.0,370.0,269.0
API,5/22/2016,667.0,670.0,655.0,670.0,0.45,8114.0,370.0,269.0
API,5/23/2016,670.0,672.0,656.0,656.0,-2.09,8495.0,370.0,269.0
API,5/24/2016,656.0,670.0,651.0,660.0,0.61,6774.0,370.0,269.0
API,5/25/2016,660.0,665.0,650.0,661.0,0.15,3517.0,370.0,269.0
API,5/26/2016,661.0,674.0,651.0,665.0,0.61,11000.0,370.0,269.0
API,5/29/2016,665.0,691.0,666.0,670.0,0.75,5305.0,370.0,269.0
API,5/30/2016,670.0,701.0,680.0,692.0,3.28,17849.0,370.0,269.0
API,5/31/2016,692.0,761.0,682.0,760.0,9.83,28803.0,370.0,269.0
API,6/1/2016,760.0,775.0,711.0,728.0,-4.21,16725.0,370.0,269.0
API,6/2/2016,728.0,734.0,688.0,710.0,-2.47,10077.0,370.0,269.0
API,6/5/2016,710.0,724.0,700.0,714.0,0.56,16759.0,370.0,269.0
API,6/6/2016,714.0,728.0,701.0,728.0,1.96,12197.0,370.0,269.0
API,6/7/2016,728.0,730.0,715.0,717.0,-1.51,6421.0,370.0,269.0
API,6/8/2016,717.0,737.0,714.0,737.0,2.79,11014.0,370.0,269.0
API,6/9/2016,737.0,774.0,735.0,772.0,4.75,28187.0,370.0,269.0
API,6/12/2016,772.0,785.0,743.0,780.0,1.04,22418.0,370.0,269.0
API,6/13/2016,780.0,784.0,753.0,779.0,-0.13,13621.0,370.0,269.0
API,6/14/2016,779.0,786.0,750.0,771.0,-1.03,5916.0,370.0,269.0
API,6/15/2016,771.0,776.0,760.0,770.0,-0.13,7644.0,370.0,269.0
API,6/16/2016,770.0,785.0,760.0,770.0,0.0,8485.0,370.0,269.0
API,6/19/2016,770.0,800.0,755.0,800.0,3.9,14769.0,370.0,269.0
API,6/20/2016,800.0,839.0,790.0,816.0,2.0,14485.0,370.0,269.0
API,6/21/2016,816.0,848.0,800.0,846.0,3.68,14330.0,370.0,269.0
API,6/22/2016,846.0,860.0,825.0,839.0,-0.83,13248.0,370.0,269.0
API,6/23/2016,839.0,872.0,836.0,872.0,3.93,11352.0,370.0,269.0
API,6/26/2016,872.0,888.0,845.0,860.0,-1.38,12504.0,370.0,269.0
API,6/27/2016,860.0,870.0,835.0,852.0,-0.93,8144.0,370.0,269.0
API,6/28/2016,852.0,864.0,830.0,848.0,-0.47,11151.0,370.0,269.0
API,6/29/2016,848.0,860.0,820.0,855.0,0.83,11753.0,370.0,269.0
API,6/30/2016,855.0,850.0,835.0,835.0,-2.34,6826.0,370.0,269.0
API,7/3/2016,835.0,869.0,825.0,859.0,2.87,12367.0,370.0,269.0
API,7/4/2016,859.0,877.0,841.0,854.0,-0.58,13013.0,370.0,269.0
API,7/5/2016,854.0,877.0,840.0,860.0,0.7,9562.0,370.0,269.0
API,7/6/2016,860.0,874.0,845.0,865.0,0.58,6903.0,370.0,269.0
API,7/10/2016,865.0,870.0,851.0,864.0,-0.12,4495.0,370.0,269.0
API,7/11/2016,864.0,860.0,833.0,840.0,-2.78,8883.0,370.0,269.0
API,7/12/2016,840.0,850.0,780.0,820.0,-2.38,5346.0,370.0,269.0
API,7/13/2016,820.0,840.0,800.0,830.0,1.22,9399.0,370.0,269.0
API,7/14/2016,830.0,860.0,811.0,843.0,1.57,4858.0,370.0,269.0
API,7/17/2016,843.0,876.0,800.0,825.0,-2.14,16672.0,370.0,269.0
API,7/18/2016,825.0,855.0,809.0,830.0,0.61,5299.0,370.0,269.0
API,7/19/2016,830.0,846.0,819.0,830.0,0.0,4592.0,370.0,269.0
API,7/20/2016,830.0,846.0,820.0,830.0,0.0,3120.0,370.0,269.0
API,7/21/2016,830.0,835.0,825.0,835.0,0.6,4889.0,370.0,269.0
API,7/25/2016,835.0,835.0,820.0,830.0,-0.6,6596.0,370.0,269.0
API,7/26/2016,830.0,855.0,826.0,828.0,-0.24,7113.0,370.0,269.0
API,7/27/2016,828.0,880.0,830.0,880.0,6.28,31763.0,370.0,269.0
API,7/28/2016,880.0,880.0,824.0,855.0,-2.84,22750.0,370.0,269.0
API,7/31/2016,855.0,870.0,823.0,837.0,-2.11,7301.0,370.0,269.0
API,8/1/2016,837.0,870.0,825.0,855.0,2.15,16558.0,370.0,269.0
API,8/2/2016,855.0,850.0,830.0,835.0,-2.34,8463.0,370.0,269.0
API,8/3/2016,835.0,840.0,820.0,834.0,-0.12,6191.0,370.0,269.0
API,8/4/2016,834.0,834.0,804.0,804.0,-3.6,8432.0,370.0,269.0
API,8/7/2016,804.0,851.0,800.0,812.0,1.0,7767.0,370.0,269.0
API,8/8/2016,812.0,844.0,740.0,742.0,-8.62,3971.0,370.0,269.0
API,8/9/2016,742.0,801.0,756.0,801.0,7.95,130.0,370.0,269.0
API,8/10/2016,801.0,830.0,785.0,801.0,0.0,18833.0,370.0,269.0
API,8/11/2016,801.0,800.0,778.0,786.0,-1.87,10871.0,370.0,269.0
API,8/14/2016,786.0,780.0,721.0,733.0,-6.74,27302.0,370.0,269.0
API,8/15/2016,733.0,728.0,665.0,695.0,-5.18,8049.0,370.0,269.0
API,8/16/2016,695.0,715.0,650.0,705.0,1.44,11494.0,370.0,269.0
API,8/17/2016,671.0,697.0,658.0,670.0,-4.96,7694.0,370.0,269.0
API,8/21/2016,670.0,660.0,641.0,655.0,-2.24,4070.0,370.0,269.0
API,8/22/2016,655.0,645.0,600.0,600.0,-8.4,10240.0,370.0,269.0
API,8/23/2016,600.0,623.0,559.0,623.0,3.83,24628.0,370.0,269.0
API,8/24/2016,623.0,635.0,600.0,635.0,1.93,4162.0,370.0,269.0
API,8/28/2016,635.0,685.0,632.0,650.0,2.36,4631.0,370.0,269.0
API,8/29/2016,650.0,697.0,645.0,697.0,7.23,14228.0,370.0,269.0
API,8/30/2016,697.0,738.0,690.0,700.0,0.43,5425.0,370.0,269.0
API,8/31/2016,700.0,686.0,630.0,630.0,-10.0,17589.0,370.0,269.0
API,9/1/2016,630.0,635.0,597.0,605.0,-3.97,13606.0,370.0,269.0
API,9/3/2016,605.0,647.0,617.0,630.0,4.13,4512.0,370.0,269.0
API,9/4/2016,605.0,647.0,617.0,630.0,0.0,4512.0,370.0,269.0
API,9/5/2016,630.0,664.0,632.0,644.0,2.22,6822.0,370.0,269.0
API,9/6/2016,644.0,659.0,607.0,639.0,-0.78,5337.0,370.0,269.0
API,9/7/2016,639.0,649.0,615.0,640.0,0.16,2757.0,370.0,269.0
API,9/8/2016,640.0,645.0,628.0,632.0,-1.25,2460.0,370.0,269.0
API,9/11/2016,632.0,644.0,620.0,620.0,-1.9,6323.0,370.0,269.0
API,9/12/2016,620.0,653.0,621.0,623.0,0.48,2679.0,370.0,269.0
API,9/14/2016,623.0,640.0,615.0,620.0,-0.48,6720.0,370.0,269.0
API,9/18/2016,620.0,656.0,615.0,640.0,3.23,3592.0,370.0,269.0
API,9/20/2016,640.0,630.0,617.0,630.0,-1.56,3596.0,370.0,269.0
API,9/21/2016,630.0,630.0,618.0,620.0,-1.59,1278.0,370.0,269.0
API,9/22/2016,620.0,625.0,608.0,620.0,0.0,2055.0,370.0,269.0
API,9/25/2016,620.0,622.0,591.0,600.0,-3.23,3455.0,370.0,269.0
API,9/26/2016,600.0,615.0,598.0,600.0,0.0,2317.0,370.0,269.0
API,9/27/2016,600.0,620.0,600.0,601.0,0.17,2745.0,370.0,269.0
API,9/28/2016,601.0,606.0,591.0,597.0,-0.67,3256.0,370.0,269.0
API,9/29/2016,597.0,608.0,590.0,602.0,0.84,7053.0,370.0,269.0
API,10/2/2016,602.0,612.0,585.0,600.0,-0.33,2409.0,370.0,269.0
API,10/3/2016,600.0,612.0,577.0,599.0,-0.17,1486.0,370.0,269.0
API,10/4/2016,599.0,610.0,590.0,595.0,-0.67,3446.0,370.0,269.0
API,10/5/2016,595.0,605.0,587.0,587.0,-1.34,4379.0,370.0,269.0
API,10/6/2016,587.0,612.0,585.0,600.0,2.21,2928.0,370.0,269.0
API,10/16/2016,600.0,625.0,600.0,613.0,2.17,275.0,370.0,269.0
API,10/17/2016,613.0,630.0,603.0,630.0,2.77,1028.0,370.0,269.0
API,10/18/2016,630.0,630.0,598.0,615.0,-2.38,2200.0,370.0,269.0
API,10/19/2016,615.0,610.0,591.0,600.0,-2.44,213.0,370.0,269.0
API,10/20/2016,600.0,617.0,595.0,612.0,2.0,875.0,370.0,269.0
API,10/23/2016,612.0,612.0,590.0,599.0,-2.12,2642.0,370.0,269.0
API,10/24/2016,599.0,602.0,589.0,590.0,-1.5,1702.0,370.0,269.0
API,10/25/2016,590.0,600.0,582.0,586.0,-0.68,1991.0,370.0,269.0
API,10/26/2016,586.0,597.0,578.0,590.0,0.68,4023.0,370.0,269.0
API,10/27/2016,590.0,590.0,579.0,585.0,-0.85,2132.0,370.0,269.0
API,11/3/2016,585.0,617.0,581.0,617.0,5.47,1892.0,370.0,269.0
API,11/7/2016,617.0,629.0,595.0,597.0,-3.24,1500.0,370.0,269.0
API,11/8/2016,597.0,625.0,585.0,600.0,0.5,1048.0,370.0,269.0
API,11/9/2016,600.0,600.0,580.0,580.0,-3.33,4109.0,370.0,269.0
API,11/10/2016,580.0,594.0,574.0,577.0,-0.52,6077.0,370.0,269.0
API,11/13/2016,577.0,580.0,570.0,575.0,-0.35,1503.0,370.0,269.0
API,11/14/2016,575.0,597.0,565.0,578.0,0.52,341.0,370.0,269.0
API,11/15/2016,578.0,590.0,563.0,569.0,-1.56,573.0,370.0,269.0
API,11/16/2016,569.0,569.0,545.0,569.0,0.0,2636.0,370.0,269.0
API,11/17/2016,569.0,580.0,549.0,549.0,-3.51,2134.0,370.0,269.0
API,11/20/2016,549.0,570.0,514.0,540.0,-1.64,2830.0,370.0,269.0
API,11/21/2016,540.0,561.0,540.0,541.0,0.19,296.0,370.0,269.0
API,11/22/2016,541.0,550.0,511.0,525.0,-2.96,2242.0,370.0,269.0
API,11/23/2016,525.0,529.0,496.0,504.0,-4.0,5650.0,370.0,269.0
API,11/24/2016,504.0,525.0,477.0,495.0,-1.79,2454.0,370.0,269.0
API,11/27/2016,495.0,495.0,446.0,446.0,-9.9,1824.0,370.0,269.0
API,11/28/2016,446.0,454.0,413.0,449.0,0.67,3591.0,370.0,269.0
API,11/29/2016,449.0,493.0,435.0,490.0,9.13,6740.0,370.0,269.0
API,11/30/2016,490.0,530.0,480.0,529.0,7.96,7470.0,370.0,269.0
API,12/1/2016,529.0,540.0,501.0,506.0,-4.35,3024.0,370.0,269.0
API,12/4/2016,506.0,520.0,496.0,520.0,2.77,3100.0,370.0,269.0
API,12/5/2016,520.0,511.0,478.0,509.0,-2.12,1140.0,370.0,269.0
API,12/6/2016,509.0,510.0,492.0,509.0,0.0,1515.0,370.0,269.0
API,12/7/2016,509.0,518.0,500.0,508.0,-0.2,280.0,370.0,269.0
API,12/8/2016,508.0,517.0,469.0,479.0,-5.71,14797.0,370.0,269.0
API,12/11/2016,479.0,480.0,432.0,432.0,-9.81,11281.0,370.0,269.0
API,12/12/2016,432.0,425.0,394.0,417.0,-3.47,5002.0,370.0,269.0
API,12/14/2016,417.0,428.0,404.0,428.0,2.64,1646.0,370.0,269.0
API,12/15/2016,428.0,424.0,405.0,413.0,-3.5,3027.0,370.0,269.0
API,12/18/2016,413.0,415.0,401.0,405.0,-1.94,2264.0,370.0,269.0
API,12/19/2016,405.0,413.0,397.0,405.0,0.0,1967.0,370.0,269.0
API,12/20/2016,405.0,402.0,386.0,396.0,-2.22,1951.0,370.0,269.0
API,12/21/2016,396.0,408.0,389.0,395.0,-0.25,849.0,370.0,269.0
API,12/22/2016,395.0,405.0,390.0,394.0,-0.25,1292.0,370.0,269.0
API,12/26/2016,394.0,401.0,395.0,395.0,0.25,3479.0,370.0,269.0
API,12/27/2016,395.0,402.0,379.0,386.0,-2.28,2409.0,370.0,269.0
API,12/28/2016,386.0,408.0,381.0,388.0,0.52,2516.0,370.0,269.0
API,12/29/2016,388.0,408.0,382.0,404.0,4.12,798.0,370.0,269.0
API,1/1/2017,404.0,412.0,390.0,390.0,-3.47,1833.0,370.0,269.0
API,1/2/2017,390.0,410.0,394.0,405.0,3.85,4520.0,370.0,269.0
API,1/3/2017,405.0,407.0,396.0,407.0,0.49,1623.0,370.0,269.0
API,1/4/2017,407.0,410.0,395.0,400.0,-1.72,2324.0,370.0,269.0
API,1/5/2017,400.0,400.0,392.0,395.0,-1.25,1738.0,370.0,269.0
API,1/8/2017,395.0,402.0,395.0,400.0,1.27,1045.0,370.0,269.0
API,1/9/2017,400.0,409.0,401.0,405.0,1.25,1831.0,370.0,269.0
API,1/10/2017,405.0,409.0,403.0,405.0,0.0,470.0,370.0,269.0
API,1/11/2017,405.0,413.0,401.0,401.0,-0.99,761.0,370.0,269.0
API,1/12/2017,401.0,409.0,400.0,405.0,1.0,972.0,370.0,269.0
API,1/15/2017,405.0,403.0,395.0,395.0,-2.47,923.0,370.0,269.0
API,1/16/2017,395.0,405.0,393.0,400.0,1.27,703.0,370.0,269.0
API,1/17/2017,400.0,400.0,390.0,390.0,-2.5,1486.0,370.0,269.0
API,1/18/2017,390.0,397.0,384.0,395.0,1.28,450.0,370.0,269.0
API,1/19/2017,395.0,400.0,392.0,395.0,0.0,266.0,370.0,269.0
API,1/22/2017,395.0,395.0,373.0,377.0,-4.56,1525.0,370.0,269.0
API,1/23/2017,377.0,397.0,380.0,390.0,3.45,422.0,370.0,269.0
API,1/24/2017,390.0,392.0,378.0,378.0,-3.08,3038.0,370.0,269.0
API,1/25/2017,378.0,380.0,369.0,370.0,-2.12,1239.0,370.0,269.0
API,1/26/2017,370.0,377.0,356.0,375.0,1.35,1509.0,370.0,269.0
API,1/30/2017,375.0,375.0,338.0,338.0,-9.87,3742.0,370.0,269.0
API,1/31/2017,338.0,357.0,325.0,331.0,-2.07,1546.0,370.0,269.0
API,2/1/2017,331.0,358.0,333.0,358.0,8.16,1874.0,370.0,269.0
API,2/2/2017,358.0,367.0,350.0,353.0,-1.4,2971.0,370.0,269.0
API,2/5/2017,353.0,360.0,346.0,360.0,1.98,1621.0,370.0,269.0
API,2/6/2017,360.0,358.0,346.0,358.0,-0.56,1179.0,370.0,269.0
API,2/7/2017,358.0,362.0,355.0,356.0,-0.56,536.0,370.0,269.0
API,2/8/2017,356.0,350.0,338.0,340.0,-4.49,756.0,370.0,269.0
API,2/9/2017,340.0,335.0,315.0,315.0,-7.35,6685.0,370.0,269.0
API,2/12/2017,315.0,310.0,298.0,301.0,-4.44,5452.0,370.0,269.0
API,2/13/2017,301.0,312.0,300.0,311.0,3.32,2979.0,370.0,269.0
API,2/14/2017,311.0,322.0,304.0,316.0,1.61,1304.0,370.0,269.0
API,2/15/2017,316.0,341.0,312.0,340.0,7.59,3322.0,370.0,269.0
API,2/16/2017,340.0,370.0,335.0,363.0,6.76,4950.0,370.0,269.0
API,2/19/2017,363.0,363.0,349.0,355.0,-2.2,1854.0,370.0,269.0
API,2/20/2017,355.0,362.0,352.0,353.0,-0.56,866.0,370.0,269.0
API,2/21/2017,353.0,367.0,360.0,360.0,1.98,680.0,370.0,269.0
API,2/22/2017,360.0,355.0,345.0,351.0,-2.5,290.0,370.0,269.0
API,2/23/2017,351.0,350.0,345.0,350.0,-0.28,612.0,370.0,269.0
API,2/26/2017,350.0,357.0,345.0,350.0,0.0,1255.0,370.0,269.0
API,2/28/2017,350.0,346.0,328.0,336.0,-4.0,5625.0,370.0,269.0
API,3/1/2017,336.0,351.0,334.0,350.0,4.17,4175.0,370.0,269.0
API,3/2/2017,350.0,350.0,338.0,338.0,-3.43,943.0,370.0,269.0
API,3/5/2017,338.0,348.0,335.0,344.0,1.78,2081.0,370.0,269.0
API,3/6/2017,344.0,350.0,342.0,348.0,1.16,1228.0,370.0,269.0
API,3/7/2017,348.0,375.0,345.0,373.0,7.18,7869.0,370.0,269.0
API,3/9/2017,373.0,405.0,380.0,405.0,8.58,8747.0,370.0,269.0
API,3/13/2017,405.0,439.0,410.0,435.0,7.41,4251.0,370.0,269.0
API,3/14/2017,435.0,455.0,412.0,412.0,-5.29,4129.0,370.0,269.0
API,3/15/2017,412.0,436.0,407.0,436.0,5.83,2203.0,370.0,269.0
API,3/16/2017,436.0,428.0,417.0,417.0,-4.36,694.0,370.0,269.0
API,3/19/2017,417.0,442.0,425.0,428.0,2.64,2954.0,370.0,269.0
API,3/20/2017,428.0,436.0,412.0,433.0,1.17,5259.0,370.0,269.0
API,3/21/2017,433.0,438.0,417.0,428.0,-1.15,4514.0,370.0,269.0
API,3/22/2017,428.0,461.0,428.0,436.0,1.87,5870.0,370.0,269.0
API,3/23/2017,436.0,479.0,436.0,479.0,9.86,9365.0,370.0,269.0
API,3/26/2017,479.0,526.0,488.0,526.0,9.81,18707.0,370.0,269.0
API,3/28/2017,526.0,578.0,536.0,578.0,9.89,10318.0,370.0,269.0
API,3/29/2017,578.0,612.0,541.0,555.0,-3.98,9950.0,370.0,269.0
API,3/30/2017,555.0,571.0,540.0,553.0,-0.36,8798.0,370.0,269.0
API,4/2/2017,553.0,580.0,555.0,580.0,4.88,2982.0,370.0,269.0
API,4/3/2017,580.0,592.0,549.0,570.0,-1.72,5071.0,370.0,269.0
API,4/4/2017,570.0,560.0,550.0,555.0,-2.63,3974.0,370.0,269.0
API,4/6/2017,555.0,567.0,530.0,547.0,-1.44,5454.0,370.0,269.0
API,4/9/2017,547.0,560.0,530.0,560.0,2.38,3142.0,370.0,269.0
API,4/10/2017,560.0,581.0,550.0,560.0,0.0,4720.0,370.0,269.0
API,4/11/2017,560.0,616.0,571.0,616.0,10.0,24863.0,370.0,269.0
API,4/12/2017,616.0,654.0,613.0,635.0,3.08,14234.0,370.0,269.0
API,4/13/2017,635.0,645.0,606.0,615.0,-3.15,7534.0,370.0,269.0
API,4/16/2017,615.0,636.0,584.0,584.0,-5.04,5971.0,370.0,269.0
API,4/18/2017,584.0,584.0,557.0,567.0,-2.91,7770.0,370.0,269.0
API,4/19/2017,567.0,580.0,563.0,568.0,0.18,3520.0,370.0,269.0
API,4/20/2017,568.0,579.0,566.0,568.0,0.0,3409.0,370.0,269.0
API,4/23/2017,568.0,590.0,570.0,570.0,0.35,5069.0,370.0,269.0
API,4/24/2017,570.0,582.0,560.0,570.0,0.0,6394.0,370.0,269.0
API,4/25/2017,570.0,570.0,560.0,563.0,-1.23,1107.0,370.0,269.0
API,4/26/2017,563.0,570.0,552.0,561.0,-0.36,2127.0,370.0,269.0
API,4/27/2017,561.0,570.0,547.0,560.0,-0.18,2372.0,370.0,269.0
API,4/30/2017,560.0,572.0,550.0,557.0,-0.54,2302.0,370.0,269.0
API,5/2/2017,557.0,569.0,557.0,560.0,0.54,2630.0,370.0,269.0
API,5/3/2017,560.0,572.0,555.0,572.0,2.14,704.0,370.0,269.0
API,5/4/2017,572.0,583.0,557.0,557.0,-2.62,1791.0,370.0,269.0
API,5/7/2017,557.0,561.0,540.0,544.0,-2.33,3891.0,370.0,269.0
API,5/8/2017,544.0,554.0,532.0,545.0,0.18,1727.0,370.0,269.0
API,5/9/2017,545.0,593.0,546.0,593.0,8.81,2282.0,370.0,269.0
API,5/11/2017,593.0,610.0,574.0,600.0,1.18,6481.0,370.0,269.0
API,5/15/2017,600.0,612.0,592.0,598.0,-0.33,5806.0,370.0,269.0
API,5/16/2017,598.0,595.0,580.0,588.0,-1.67,1445.0,370.0,269.0
API,5/17/2017,588.0,598.0,580.0,587.0,-0.17,1315.0,370.0,269.0
API,5/18/2017,587.0,585.0,575.0,584.0,-0.51,4203.0,370.0,269.0
API,5/21/2017,584.0,585.0,575.0,585.0,0.17,2924.0,370.0,269.0
API,5/22/2017,585.0,585.0,564.0,580.0,-0.85,3642.0,370.0,269.0
API,5/23/2017,580.0,586.0,563.0,575.0,-0.86,2474.0,370.0,269.0
API,5/24/2017,575.0,586.0,551.0,586.0,1.91,1484.0,370.0,269.0
API,5/28/2017,586.0,580.0,554.0,579.0,-1.19,3416.0,370.0,269.0
API,5/30/2017,579.0,580.0,554.0,557.0,-3.8,3971.0,370.0,269.0
API,5/31/2017,557.0,582.0,554.0,570.0,2.33,839.0,370.0,269.0
API,6/1/2017,570.0,572.0,560.0,572.0,0.35,1347.0,370.0,269.0
API,6/4/2017,572.0,575.0,551.0,565.0,-1.22,2835.0,370.0,269.0
API,6/5/2017,565.0,574.0,554.0,568.0,0.53,1108.0,370.0,269.0
API,6/6/2017,568.0,578.0,565.0,573.0,0.88,1618.0,370.0,269.0
API,6/7/2017,573.0,573.0,562.0,567.0,-1.05,1473.0,370.0,269.0
API,6/8/2017,567.0,571.0,560.0,565.0,-0.35,1021.0,370.0,269.0
API,6/11/2017,565.0,575.0,560.0,570.0,0.88,4076.0,370.0,269.0
API,6/12/2017,570.0,562.0,550.0,556.0,-2.46,3046.0,370.0,269.0
API,6/13/2017,556.0,560.0,550.0,560.0,0.72,2058.0,370.0,269.0
API,6/14/2017,560.0,570.0,550.0,564.0,0.71,265.0,370.0,269.0
API,6/15/2017,564.0,575.0,553.0,565.0,0.18,3120.0,370.0,269.0
API,6/18/2017,565.0,557.0,552.0,554.0,-1.95,2195.0,370.0,269.0
API,6/19/2017,554.0,556.0,539.0,556.0,0.36,780.0,370.0,269.0
API,6/20/2017,556.0,571.0,546.0,558.0,0.36,1680.0,370.0,269.0
API,6/21/2017,558.0,559.0,549.0,553.0,-0.9,1833.0,370.0,269.0
API,6/22/2017,553.0,561.0,550.0,555.0,0.36,3492.0,370.0,269.0
API,6/25/2017,555.0,556.0,540.0,554.0,-0.18,973.0,370.0,269.0
API,6/27/2017,554.0,558.0,545.0,552.0,-0.36,1429.0,370.0,269.0
API,6/28/2017,552.0,560.0,538.0,547.0,-0.91,2745.0,370.0,269.0
API,7/2/2017,547.0,550.0,535.0,549.0,0.37,1793.0,370.0,269.0
API,7/3/2017,549.0,562.0,548.0,550.0,0.18,1514.0,370.0,269.0
API,7/4/2017,550.0,559.0,539.0,547.0,-0.55,849.0,370.0,269.0
API,7/5/2017,547.0,555.0,540.0,550.0,0.55,601.0,370.0,269.0
API,7/6/2017,550.0,560.0,547.0,555.0,0.91,965.0,370.0,269.0
API,7/9/2017,555.0,566.0,544.0,555.0,0.0,1800.0,370.0,269.0
API,7/10/2017,555.0,560.0,550.0,560.0,0.9,1483.0,370.0,269.0
API,7/11/2017,560.0,575.0,554.0,568.0,1.43,3046.0,370.0,269.0
API,7/12/2017,568.0,570.0,555.0,557.0,-1.94,1363.0,370.0,269.0
API,7/13/2017,557.0,556.0,545.0,545.0,-2.15,2220.0,370.0,269.0
API,7/16/2017,545.0,560.0,545.0,552.0,1.28,2621.0,370.0,269.0
API,7/17/2017,552.0,554.0,541.0,554.0,0.36,938.0,370.0,269.0
API,7/18/2017,554.0,562.0,551.0,562.0,1.44,1224.0,370.0,269.0
API,7/19/2017,562.0,618.0,562.0,618.0,9.96,27032.0,370.0,269.0
API,7/20/2017,618.0,636.0,589.0,613.0,-0.81,17497.0,370.0,269.0
API,7/23/2017,613.0,620.0,605.0,607.0,-0.98,6349.0,370.0,269.0
API,7/24/2017,607.0,605.0,593.0,597.0,-1.65,5578.0,370.0,269.0
API,7/25/2017,597.0,612.0,600.0,612.0,2.51,10425.0,370.0,269.0
API,7/26/2017,612.0,629.0,608.0,628.0,2.61,13378.0,370.0,269.0
API,7/27/2017,628.0,630.0,620.0,620.0,-1.27,5539.0,370.0,269.0
API,7/30/2017,620.0,620.0,596.0,606.0,-2.26,8378.0,370.0,269.0
API,7/31/2017,606.0,630.0,600.0,629.0,3.8,8278.0,370.0,269.0
API,8/1/2017,629.0,670.0,617.0,658.0,4.61,29521.0,370.0,269.0
API,8/2/2017,658.0,683.0,650.0,669.0,1.67,25467.0,370.0,269.0
API,8/3/2017,669.0,670.0,655.0,655.0,-2.09,11636.0,370.0,269.0
API,8/6/2017,655.0,668.0,650.0,652.0,-0.46,5719.0,370.0,269.0
API,8/7/2017,652.0,652.0,635.0,640.0,-1.84,3707.0,370.0,269.0
API,8/9/2017,640.0,652.0,640.0,643.0,0.47,5551.0,370.0,269.0
API,8/10/2017,643.0,645.0,629.0,644.0,0.16,4716.0,370.0,269.0
API,8/13/2017,644.0,653.0,638.0,648.0,0.62,9311.0,370.0,269.0
API,8/15/2017,648.0,664.0,626.0,664.0,2.47,8583.0,370.0,269.0
API,8/16/2017,664.0,669.0,641.0,660.0,-0.6,6790.0,370.0,269.0
API,8/17/2017,660.0,673.0,635.0,644.0,-2.42,3683.0,370.0,269.0
API,8/20/2017,644.0,644.0,634.0,635.0,-1.4,4893.0,370.0,269.0
API,8/21/2017,635.0,634.0,617.0,634.0,-0.16,2156.0,370.0,269.0
API,8/22/2017,634.0,645.0,617.0,630.0,-0.63,3442.0,370.0,269.0
API,8/23/2017,630.0,633.0,613.0,624.0,-0.95,4533.0,370.0,269.0
API,8/24/2017,624.0,636.0,613.0,631.0,1.12,2287.0,370.0,269.0
API,8/27/2017,631.0,634.0,620.0,633.0,0.32,2603.0,370.0,269.0
API,8/28/2017,633.0,642.0,617.0,627.0,-0.95,5730.0,370.0,269.0
API,8/30/2017,627.0,627.0,615.0,620.0,-1.12,4150.0,370.0,269.0
API,8/31/2017,620.0,620.0,605.0,610.0,-1.61,6652.0,370.0,269.0
API,9/4/2017,610.0,618.0,594.0,601.0,-1.48,4327.0,370.0,269.0
API,9/6/2017,601.0,615.0,588.0,615.0,2.33,2540.0,370.0,269.0
API,9/7/2017,615.0,614.0,584.0,584.0,-5.04,4880.0,370.0,269.0
API,9/10/2017,584.0,600.0,564.0,565.0,-3.25,3378.0,370.0,269.0
API,9/11/2017,565.0,597.0,550.0,570.0,0.88,1553.0,370.0,269.0
API,9/12/2017,570.0,581.0,560.0,560.0,-1.75,6364.0,370.0,269.0
API,9/13/2017,560.0,579.0,557.0,567.0,1.25,8663.0,370.0,269.0
API,9/14/2017,567.0,593.0,557.0,589.0,3.88,8750.0,370.0,269.0
API,9/17/2017,589.0,595.0,582.0,584.0,-0.85,1939.0,370.0,269.0
API,9/18/2017,584.0,598.0,566.0,585.0,0.17,1480.0,370.0,269.0
API,9/20/2017,585.0,596.0,564.0,570.0,-2.56,3725.0,370.0,269.0
API,9/24/2017,570.0,583.0,561.0,580.0,1.75,4589.0,370.0,269.0
API,9/25/2017,580.0,581.0,570.0,574.0,-1.03,2257.0,370.0,269.0
API,9/26/2017,574.0,579.0,567.0,570.0,-0.7,1039.0,370.0,269.0
API,10/3/2017,570.0,581.0,565.0,581.0,1.93,384.0,370.0,269.0
API,10/4/2017,581.0,576.0,570.0,570.0,-1.89,284.0,370.0,269.0
API,10/8/2017,570.0,565.0,541.0,560.0,-1.75,1417.0,370.0,269.0
API,10/9/2017,560.0,563.0,541.0,560.0,0.0,1214.0,370.0,269.0
API,10/10/2017,560.0,565.0,550.0,551.0,-1.61,904.0,370.0,269.0
API,10/11/2017,551.0,560.0,539.0,539.0,-2.18,2844.0,370.0,269.0
API,10/12/2017,539.0,557.0,545.0,548.0,1.67,2456.0,370.0,269.0
API,10/15/2017,548.0,550.0,542.0,546.0,-0.36,466.0,370.0,269.0
API,10/16/2017,546.0,562.0,545.0,562.0,2.93,915.0,370.0,269.0
API,10/17/2017,562.0,573.0,547.0,550.0,-2.14,6798.0,370.0,269.0
API,10/18/2017,550.0,561.0,540.0,555.0,0.91,1937.0,370.0,269.0
API,10/22/2017,555.0,571.0,560.0,561.0,1.08,453.0,370.0,269.0
API,10/23/2017,561.0,570.0,547.0,557.0,-0.71,3740.0,370.0,269.0
API,10/24/2017,557.0,554.0,548.0,550.0,-1.26,1482.0,370.0,269.0
API,10/25/2017,550.0,554.0,541.0,541.0,-1.64,2318.0,370.0,269.0
API,10/29/2017,541.0,555.0,537.0,540.0,-0.18,1792.0,370.0,269.0
API,10/30/2017,540.0,550.0,535.0,540.0,0.0,1153.0,370.0,269.0
API,10/31/2017,540.0,540.0,527.0,530.0,-1.85,3613.0,370.0,269.0
API,11/1/2017,530.0,528.0,515.0,519.0,-2.08,3483.0,370.0,269.0
API,11/2/2017,519.0,528.0,510.0,518.0,-0.19,2360.0,370.0,269.0
API,11/5/2017,518.0,515.0,493.0,515.0,-0.58,4955.0,370.0,269.0
API,11/6/2017,515.0,530.0,495.0,515.0,0.0,3519.0,370.0,269.0
API,11/7/2017,515.0,512.0,495.0,495.0,-3.88,3987.0,370.0,269.0
API,11/8/2017,495.0,499.0,484.0,490.0,-1.01,1930.0,370.0,269.0
API,11/9/2017,490.0,499.0,473.0,482.0,-1.63,2213.0,370.0,269.0
API,11/12/2017,482.0,500.0,482.0,500.0,3.73,586.0,370.0,269.0
API,11/13/2017,500.0,495.0,482.0,495.0,-1.0,3205.0,370.0,269.0
API,11/14/2017,495.0,513.0,491.0,513.0,3.64,8815.0,370.0,269.0
API,11/15/2017,513.0,517.0,495.0,495.0,-3.51,5174.0,370.0,269.0
API,11/16/2017,495.0,500.0,490.0,499.0,0.81,1769.0,370.0,269.0
API,11/19/2017,499.0,491.0,482.0,487.0,-2.4,403.0,370.0,269.0
API,11/20/2017,487.0,490.0,481.0,481.0,-1.23,2341.0,370.0,269.0
API,11/21/2017,481.0,490.0,485.0,485.0,0.83,1050.0,370.0,269.0
API,11/22/2017,485.0,512.0,480.0,500.0,3.09,3431.0,370.0,269.0
API,11/23/2017,500.0,513.0,503.0,512.0,2.4,4097.0,370.0,269.0
API,11/26/2017,512.0,513.0,495.0,507.0,-0.98,3453.0,370.0,269.0
API,11/27/2017,507.0,517.0,497.0,500.0,-1.38,5366.0,370.0,269.0
API,11/28/2017,500.0,515.0,500.0,514.0,2.8,2041.0,370.0,269.0
API,11/29/2017,514.0,520.0,507.0,510.0,-0.78,3727.0,370.0,269.0
API,11/30/2017,510.0,510.0,472.0,490.0,-3.92,15420.0,370.0,269.0
API,12/4/2017,490.0,490.0,481.0,485.0,-1.02,5927.0,370.0,269.0
API,12/5/2017,485.0,493.0,478.0,486.0,0.21,1725.0,370.0,269.0
API,12/6/2017,486.0,494.0,480.0,493.0,1.44,6570.0,370.0,269.0
API,12/10/2017,493.0,493.0,482.0,485.0,-1.62,1676.0,370.0,269.0
API,12/11/2017,485.0,485.0,476.0,485.0,0.0,1507.0,370.0,269.0
API,12/12/2017,485.0,485.0,476.0,476.0,-1.86,2091.0,370.0,269.0
API,12/13/2017,476.0,489.0,467.0,489.0,2.73,2027.0,370.0,269.0
API,12/14/2017,489.0,490.0,466.0,480.0,-1.84,174.0,370.0,269.0
API,12/17/2017,480.0,478.0,465.0,478.0,-0.42,2615.0,370.0,269.0
API,12/18/2017,478.0,478.0,466.0,470.0,-1.67,5565.0,370.0,269.0
API,12/19/2017,470.0,469.0,458.0,465.0,-1.06,2784.0,370.0,269.0
API,12/20/2017,465.0,472.0,446.0,464.0,-0.22,2275.0,370.0,269.0
API,12/21/2017,464.0,463.0,453.0,456.0,-1.72,1947.0,370.0,269.0
API,12/24/2017,456.0,478.0,455.0,455.0,-0.22,4887.0,370.0,269.0
API,12/26/2017,455.0,464.0,450.0,455.0,0.0,3590.0,370.0,269.0
API,12/27/2017,455.0,457.0,440.0,457.0,0.44,2382.0,370.0,269.0
API,12/28/2017,457.0,463.0,450.0,455.0,-0.44,2188.0,370.0,269.0
API,12/31/2017,455.0,456.0,437.0,450.0,-1.1,5055.0,370.0,269.0
API,1/1/2018,450.0,459.0,443.0,459.0,2.0,1856.0,370.0,269.0
API,1/2/2018,459.0,460.0,443.0,452.0,-1.53,2834.0,370.0,269.0
API,1/3/2018,452.0,455.0,446.0,446.0,-1.33,3258.0,370.0,269.0
API,1/4/2018,446.0,470.0,445.0,470.0,5.38,7975.0,370.0,269.0
API,1/7/2018,435.0,430.0,426.0,430.0,-8.51,2689.0,370.0,269.0
API,1/8/2018,430.0,429.0,418.0,428.0,-0.47,1656.0,370.0,269.0
API,1/9/2018,428.0,432.0,413.0,425.0,-0.7,1408.0,370.0,269.0
API,1/10/2018,425.0,423.0,419.0,423.0,-0.47,525.0,370.0,269.0
API,1/14/2018,423.0,428.0,420.0,425.0,0.47,1286.0,370.0,269.0
API,1/16/2018,425.0,420.0,418.0,420.0,-1.18,318.0,370.0,269.0
API,1/17/2018,420.0,420.0,405.0,405.0,-3.57,893.0,370.0,269.0
API,1/21/2018,405.0,410.0,394.0,395.0,-2.47,875.0,370.0,269.0
API,1/22/2018,395.0,405.0,384.0,397.0,0.51,919.0,370.0,269.0
API,1/23/2018,397.0,390.0,381.0,384.0,-3.27,576.0,370.0,269.0
API,1/24/2018,384.0,391.0,385.0,391.0,1.82,987.0,370.0,269.0
API,1/25/2018,391.0,392.0,381.0,387.0,-1.02,997.0,370.0,269.0
API,1/28/2018,387.0,386.0,380.0,382.0,-1.29,662.0,370.0,269.0
API,1/29/2018,382.0,392.0,377.0,392.0,2.62,1155.0,370.0,269.0
API,1/31/2018,392.0,391.0,383.0,391.0,-0.26,720.0,370.0,269.0
API,2/1/2018,391.0,393.0,387.0,392.0,0.26,837.0,370.0,269.0
API,2/4/2018,392.0,390.0,383.0,383.0,-2.3,364.0,370.0,269.0
API,2/5/2018,383.0,392.0,380.0,382.0,-0.26,609.0,370.0,269.0
API,2/6/2018,382.0,382.0,374.0,381.0,-0.26,1347.0,370.0,269.0
API,2/7/2018,381.0,381.0,374.0,381.0,0.0,267.0,370.0,269.0
API,2/8/2018,381.0,386.0,374.0,380.0,-0.26,407.0,370.0,269.0
API,2/11/2018,380.0,384.0,373.0,375.0,-1.32,844.0,370.0,269.0
API,2/12/2018,375.0,375.0,365.0,375.0,0.0,110.0,370.0,269.0
API,2/14/2018,375.0,378.0,367.0,378.0,0.8,1581.0,370.0,269.0
API,2/15/2018,378.0,400.0,378.0,400.0,5.82,3540.0,370.0,269.0
API,2/18/2018,400.0,408.0,386.0,387.0,-3.25,556.0,370.0,269.0
API,2/20/2018,380.0,389.0,377.0,389.0,0.52,431.0,370.0,269.0
API,2/21/2018,389.0,389.0,375.0,375.0,-3.6,454.0,370.0,269.0
API,2/22/2018,370.0,380.0,364.0,380.0,1.33,664.0,370.0,269.0
API,2/25/2018,373.0,374.0,367.0,373.0,-1.84,566.0,370.0,269.0
API,2/26/2018,370.0,380.0,366.0,380.0,1.88,1860.0,370.0,269.0
API,2/27/2018,375.0,380.0,369.0,380.0,0.0,1002.0,370.0,269.0
API,2/28/2018,373.0,373.0,362.0,369.0,-2.89,2460.0,370.0,269.0
API,3/4/2018,369.0,370.0,337.0,367.0,-0.54,1427.0,370.0,269.0
API,3/5/2018,367.0,367.0,333.0,339.0,-7.63,2512.0,370.0,269.0
API,3/6/2018,333.0,345.0,321.0,345.0,1.77,1298.0,370.0,269.0
API,3/7/2018,345.0,354.0,343.0,354.0,2.61,999.0,370.0,269.0
API,3/11/2018,350.0,355.0,336.0,337.0,-4.8,644.0,370.0,269.0
API,3/12/2018,337.0,337.0,325.0,335.0,-0.59,782.0,370.0,269.0
API,3/13/2018,329.0,338.0,325.0,333.0,-0.6,967.0,370.0,269.0
API,3/14/2018,333.0,351.0,333.0,346.0,3.9,1704.0,370.0,269.0
API,3/15/2018,340.0,340.0,340.0,340.0,-1.73,1030.0,370.0,269.0
API,3/18/2018,334.0,334.0,306.0,306.0,-10.0,17383.0,370.0,269.0
API,3/19/2018,300.0,300.0,276.0,276.0,-9.8,16667.0,370.0,269.0
API,3/20/2018,271.0,285.0,249.0,280.0,1.45,15593.0,370.0,269.0
API,3/21/2018,285.0,285.0,252.0,280.0,0.0,8186.0,370.0,269.0
API,3/22/2018,275.0,284.0,259.0,271.0,-3.21,3183.0,370.0,269.0
API,3/26/2018,266.0,266.0,248.0,254.0,-6.27,8917.0,370.0,269.0
API,3/27/2018,254.0,265.0,246.0,262.0,3.15,5128.0,370.0,269.0
API,3/28/2018,265.0,265.0,257.0,260.0,-0.76,5892.0,370.0,269.0
API,3/29/2018,262.0,279.0,262.0,279.0,7.31,8252.0,370.0,269.0
API,4/1/2018,279.0,279.0,259.0,268.0,-3.94,2679.0,370.0,269.0
API,4/2/2018,263.0,274.0,263.0,267.0,-0.37,2065.0,370.0,269.0
API,4/3/2018,272.0,278.0,270.0,276.0,3.37,747.0,370.0,269.0
API,4/4/2018,273.0,278.0,270.0,274.0,-0.72,4705.0,370.0,269.0
API,4/5/2018,279.0,285.0,273.0,276.0,0.73,4628.0,370.0,269.0
API,4/8/2018,275.0,300.0,275.0,285.0,3.26,6637.0,370.0,269.0
API,4/9/2018,290.0,295.0,270.0,277.0,-2.81,9461.0,370.0,269.0
API,4/10/2018,275.0,280.0,270.0,280.0,1.08,3493.0,370.0,269.0
API,4/11/2018,284.0,285.0,279.0,285.0,1.79,3570.0,370.0,269.0
API,4/12/2018,285.0,290.0,285.0,286.0,0.35,3471.0,370.0,269.0
API,4/15/2018,281.0,291.0,281.0,290.0,1.4,2444.0,370.0,269.0
API,4/16/2018,290.0,299.0,290.0,299.0,3.1,9586.0,370.0,269.0
API,4/17/2018,299.0,310.0,295.0,306.0,2.34,4431.0,370.0,269.0
API,4/18/2018,300.0,336.0,300.0,320.0,4.58,22627.0,370.0,269.0
API,4/19/2018,326.0,345.0,314.0,339.0,5.94,25085.0,370.0,269.0
API,4/22/2018,345.0,372.0,345.0,372.0,9.73,16370.0,370.0,269.0
API,4/23/2018,379.0,400.0,358.0,361.0,-2.96,32366.0,370.0,269.0
API,4/24/2018,364.0,372.0,342.0,360.0,-0.28,9612.0,370.0,269.0
API,4/25/2018,356.0,370.0,352.0,363.0,0.83,4185.0,370.0,269.0
API,4/26/2018,360.0,370.0,346.0,350.0,-3.58,6381.0,370.0,269.0
API,4/29/2018,350.0,350.0,340.0,342.0,-2.29,6097.0,370.0,269.0
API,5/2/2018,340.0,358.0,330.0,358.0,4.68,4047.0,370.0,269.0
API,5/3/2018,360.0,360.0,348.0,355.0,-0.84,5538.0,370.0,269.0
API,5/6/2018,355.0,355.0,347.0,348.0,-1.97,2702.0,370.0,269.0
API,5/7/2018,348.0,355.0,344.0,349.0,0.29,5616.0,370.0,269.0
API,5/8/2018,350.0,350.0,337.0,350.0,0.29,2278.0,370.0,269.0
API,5/9/2018,344.0,369.0,344.0,348.0,-0.57,1864.0,370.0,269.0
API,5/10/2018,342.0,354.0,336.0,338.0,-2.87,6058.0,370.0,269.0
API,5/14/2018,335.0,342.0,335.0,338.0,0.0,2714.0,370.0,269.0
API,5/15/2018,340.0,340.0,335.0,335.0,-0.89,444.0,370.0,269.0
API,5/16/2018,329.0,341.0,329.0,340.0,1.49,2120.0,370.0,269.0
API,5/17/2018,340.0,346.0,335.0,337.0,-0.88,3035.0,370.0,269.0
API,5/20/2018,337.0,340.0,332.0,336.0,-0.3,870.0,370.0,269.0
API,5/21/2018,333.0,345.0,333.0,335.0,-0.3,3869.0,370.0,269.0
API,5/22/2018,330.0,335.0,330.0,332.0,-0.9,1793.0,370.0,269.0
API,5/23/2018,326.0,335.0,324.0,324.0,-2.41,1101.0,370.0,269.0
API,5/24/2018,324.0,332.0,324.0,325.0,0.31,2260.0,370.0,269.0
API,5/27/2018,325.0,325.0,310.0,310.0,-4.62,5440.0,370.0,269.0
API,5/28/2018,304.0,328.0,295.0,328.0,5.81,7004.0,370.0,269.0
API,5/29/2018,325.0,327.0,314.0,321.0,-2.13,3476.0,370.0,269.0
API,5/30/2018,321.0,330.0,321.0,323.0,0.62,3923.0,370.0,269.0
API,5/31/2018,324.0,324.0,305.0,312.0,-3.41,6620.0,370.0,269.0
API,6/3/2018,306.0,310.0,300.0,303.0,-2.88,5490.0,370.0,269.0
API,6/4/2018,297.0,301.0,292.0,297.0,-1.98,4253.0,370.0,269.0
API,6/6/2018,302.0,320.0,302.0,306.0,3.03,4232.0,370.0,269.0
API,6/7/2018,301.0,302.0,295.0,300.0,-1.96,8205.0,370.0,269.0
API,6/10/2018,300.0,304.0,286.0,287.0,-4.33,5680.0,370.0,269.0
API,6/11/2018,285.0,300.0,283.0,294.0,2.44,8155.0,370.0,269.0
API,6/12/2018,289.0,301.0,284.0,291.0,-1.02,4694.0,370.0,269.0
API,6/13/2018,291.0,300.0,290.0,296.0,1.72,4515.0,370.0,269.0
API,6/14/2018,301.0,319.0,295.0,319.0,7.77,3878.0,370.0,269.0
API,6/17/2018,318.0,318.0,300.0,308.0,-3.45,3008.0,370.0,269.0
API,6/18/2018,302.0,307.0,295.0,307.0,-0.32,1394.0,370.0,269.0
API,6/19/2018,307.0,313.0,301.0,307.0,0.0,1017.0,370.0,269.0
API,6/20/2018,301.0,301.0,298.0,298.0,-2.93,328.0,370.0,269.0
API,6/21/2018,300.0,305.0,294.0,295.0,-1.01,1938.0,370.0,269.0
API,6/24/2018,290.0,300.0,290.0,298.0,1.02,1410.0,370.0,269.0
API,6/25/2018,293.0,298.0,289.0,297.0,-0.34,1772.0,370.0,269.0
API,6/26/2018,300.0,300.0,283.0,285.0,-4.04,2135.0,370.0,269.0
API,6/27/2018,283.0,300.0,283.0,285.0,0.0,2588.0,370.0,269.0
API,6/28/2018,282.0,290.0,282.0,285.0,0.0,3881.0,370.0,269.0
API,7/1/2018,285.0,285.0,280.0,282.0,-1.05,3367.0,370.0,269.0
API,7/2/2018,278.0,280.0,275.0,280.0,-0.71,804.0,370.0,269.0
API,7/3/2018,275.0,283.0,275.0,278.0,-0.71,832.0,370.0,269.0
API,7/4/2018,274.0,290.0,274.0,285.0,2.52,2602.0,370.0,269.0
API,7/5/2018,285.0,307.0,285.0,295.0,3.51,5724.0,370.0,269.0
API,7/8/2018,291.0,306.0,291.0,303.0,2.71,5244.0,370.0,269.0
API,7/9/2018,299.0,299.0,290.0,293.0,-3.3,1812.0,370.0,269.0
API,7/10/2018,293.0,298.0,290.0,296.0,1.02,1822.0,370.0,269.0
API,7/11/2018,295.0,301.0,291.0,291.0,-1.69,3338.0,370.0,269.0
API,7/12/2018,286.0,292.0,285.0,285.0,-2.06,4929.0,370.0,269.0
API,7/15/2018,284.0,290.0,283.0,285.0,0.0,2922.0,370.0,269.0
API,7/16/2018,285.0,294.0,281.0,284.0,-0.35,688.0,370.0,269.0
API,7/17/2018,285.0,289.0,285.0,289.0,1.76,1211.0,370.0,269.0
API,7/18/2018,289.0,289.0,285.0,288.0,-0.35,131.0,370.0,269.0
API,7/19/2018,284.0,290.0,282.0,283.0,-1.74,2148.0,370.0,269.0
API,7/22/2018,283.0,283.0,275.0,275.0,-2.83,4034.0,370.0,269.0
API,7/23/2018,275.0,280.0,275.0,277.0,0.73,194.0,370.0,269.0
API,7/24/2018,280.0,287.0,276.0,278.0,0.36,6502.0,370.0,269.0
API,7/25/2018,273.0,278.0,271.0,278.0,0.0,7218.0,370.0,269.0
API,7/26/2018,273.0,273.0,270.0,270.0,-2.88,3135.0,370.0,269.0
API,7/29/2018,275.0,280.0,270.0,274.0,1.48,2576.0,370.0,269.0
API,7/30/2018,273.0,274.0,269.0,274.0,0.0,3689.0,370.0,269.0
API,7/31/2018,274.0,274.0,269.0,271.0,-1.09,1233.0,370.0,269.0
API,8/1/2018,266.0,276.0,266.0,272.0,0.37,1763.0,370.0,269.0
API,8/2/2018,270.0,271.0,268.0,271.0,-0.37,314.0,370.0,269.0
API,8/5/2018,266.0,271.0,266.0,271.0,0.0,4476.0,370.0,269.0
API,8/6/2018,271.0,271.0,266.0,270.0,-0.37,964.0,370.0,269.0
API,8/7/2018,265.0,266.0,263.0,263.0,-2.59,2308.0,370.0,269.0
API,8/8/2018,265.0,265.0,261.0,265.0,0.76,322.0,370.0,269.0
API,8/9/2018,260.0,261.0,256.0,261.0,-1.51,2728.0,370.0,269.0
API,8/12/2018,265.0,269.0,256.0,258.0,-1.15,3596.0,370.0,269.0
API,8/13/2018,253.0,261.0,253.0,261.0,1.16,2175.0,370.0,269.0
API,8/14/2018,266.0,266.0,258.0,264.0,1.15,1610.0,370.0,269.0
API,8/15/2018,265.0,275.0,256.0,275.0,4.17,6067.0,370.0,269.0
API,8/16/2018,270.0,270.0,265.0,266.0,-3.27,7328.0,370.0,269.0
API,8/19/2018,262.0,266.0,261.0,266.0,0.0,736.0,370.0,269.0
API,8/20/2018,264.0,270.0,258.0,270.0,1.5,1597.0,370.0,269.0
API,8/21/2018,265.0,265.0,255.0,261.0,-3.33,756.0,370.0,269.0
API,8/22/2018,256.0,265.0,256.0,265.0,1.53,1036.0,370.0,269.0
API,8/23/2018,266.0,267.0,260.0,260.0,-1.89,1709.0,370.0,269.0
API,8/26/2018,262.0,262.0,255.0,260.0,0.0,1208.0,370.0,269.0
API,8/28/2018,255.0,260.0,251.0,258.0,-0.77,7473.0,370.0,269.0
API,8/29/2018,262.0,262.0,250.0,252.0,-2.33,3228.0,370.0,269.0
API,8/30/2018,252.0,255.0,250.0,253.0,0.4,4205.0,370.0,269.0
API,9/2/2018,252.0,260.0,252.0,256.0,1.19,3028.0,370.0,269.0
API,9/3/2018,257.0,261.0,254.0,260.0,1.56,4745.0,370.0,269.0
API,9/4/2018,257.0,260.0,255.0,260.0,0.0,1382.0,370.0,269.0
API,9/5/2018,255.0,265.0,255.0,263.0,1.15,5646.0,370.0,269.0
API,9/6/2018,261.0,263.0,255.0,260.0,-1.14,6272.0,370.0,269.0
API,9/9/2018,257.0,257.0,253.0,253.0,-2.69,469.0,370.0,269.0
API,9/10/2018,250.0,254.0,250.0,254.0,0.4,2021.0,370.0,269.0
API,9/11/2018,250.0,255.0,248.0,253.0,-0.39,2357.0,370.0,269.0
API,9/12/2018,248.0,251.0,248.0,250.0,-1.19,4530.0,370.0,269.0
API,9/13/2018,245.0,255.0,245.0,254.0,1.6,3115.0,370.0,269.0
API,9/16/2018,257.0,257.0,250.0,255.0,0.39,6564.0,370.0,269.0
API,9/17/2018,250.0,256.0,250.0,250.0,-1.96,1236.0,370.0,269.0
API,9/18/2018,250.0,269.0,250.0,267.0,6.8,9061.0,370.0,269.0
API,9/20/2018,272.0,282.0,257.0,268.0,0.37,16887.0,370.0,269.0
API,9/23/2018,264.0,267.0,261.0,267.0,-0.37,4472.0,370.0,269.0
API,9/25/2018,262.0,268.0,257.0,259.0,-3.0,5936.0,370.0,269.0
API,9/26/2018,263.0,263.0,257.0,260.0,0.39,5192.0,370.0,269.0
API,9/27/2018,255.0,258.0,250.0,254.0,-2.31,5565.0,370.0,269.0
API,9/30/2018,254.0,259.0,250.0,259.0,1.97,5277.0,370.0,269.0
API,10/1/2018,259.0,260.0,245.0,250.0,-3.47,7807.0,370.0,269.0
API,10/2/2018,246.0,252.0,244.0,250.0,0.0,6121.0,370.0,269.0
API,10/3/2018,250.0,250.0,243.0,247.0,-1.2,7175.0,370.0,269.0
API,10/4/2018,243.0,247.0,241.0,243.0,-1.62,3001.0,370.0,269.0
API,10/7/2018,239.0,242.0,234.0,238.0,-2.06,4547.0,370.0,269.0
API,10/8/2018,234.0,239.0,233.0,235.0,-1.26,3667.0,370.0,269.0
API,10/9/2018,239.0,239.0,227.0,230.0,-2.13,8437.0,370.0,269.0
API,10/10/2018,227.0,234.0,227.0,234.0,1.74,1880.0,370.0,269.0
API,10/11/2018,232.0,234.0,230.0,234.0,0.0,2455.0,370.0,269.0
API,10/14/2018,230.0,234.0,230.0,234.0,0.0,1681.0,370.0,269.0
API,10/15/2018,230.0,233.0,230.0,231.0,-1.28,5756.0,370.0,269.0
API,10/21/2018,230.0,235.0,230.0,230.0,-0.43,1406.0,370.0,269.0
API,10/22/2018,233.0,233.0,228.0,230.0,0.0,1496.0,370.0,269.0
API,10/23/2018,228.0,230.0,228.0,229.0,-0.43,1168.0,370.0,269.0
API,10/24/2018,227.0,229.0,225.0,225.0,-1.75,8418.0,370.0,269.0
API,10/25/2018,225.0,229.0,224.0,224.0,-0.44,2338.0,370.0,269.0
API,10/28/2018,224.0,224.0,214.0,215.0,-4.02,7115.0,370.0,269.0
API,10/29/2018,215.0,218.0,210.0,211.0,-1.86,7411.0,370.0,269.0
API,10/30/2018,210.0,215.0,198.0,201.0,-4.74,12078.0,370.0,269.0
API,10/31/2018,201.0,202.0,197.0,197.0,-1.99,5436.0,370.0,269.0
API,11/1/2018,195.0,195.0,179.0,180.0,-8.63,39698.0,370.0,269.0
API,11/4/2018,178.0,184.0,176.0,176.0,-2.22,7964.0,370.0,269.0
API,11/5/2018,176.0,189.0,176.0,176.0,0.0,9845.0,370.0,269.0
API,11/6/2018,176.0,179.0,176.0,181.0,2.84,699.0,370.0,269.0
API,11/11/2018,181.0,181.0,163.0,163.0,-9.94,7292.0,370.0,269.0
API,11/12/2018,160.0,163.0,147.0,147.0,-9.82,18835.0,370.0,269.0
API,11/13/2018,145.0,148.0,133.0,146.0,-0.68,83613.0,370.0,269.0
API,11/14/2018,146.0,150.0,141.0,150.0,2.74,25293.0,370.0,269.0
API,11/15/2018,153.0,158.0,148.0,153.0,2.0,26284.0,370.0,269.0
API,11/18/2018,154.0,154.0,145.0,150.0,-1.96,22836.0,370.0,269.0
API,11/19/2018,148.0,150.0,147.0,147.0,-2.0,19318.0,370.0,269.0
API,11/20/2018,148.0,148.0,144.0,147.0,0.0,12851.0,370.0,269.0
API,11/21/2018,145.0,147.0,145.0,147.0,0.0,7414.0,370.0,269.0
API,11/22/2018,149.0,149.0,143.0,143.0,-2.72,4338.0,370.0,269.0
API,11/25/2018,144.0,146.0,138.0,138.0,-3.5,15220.0,370.0,269.0
API,11/26/2018,140.0,143.0,138.0,142.0,2.9,20816.0,370.0,269.0
API,11/27/2018,138.0,147.0,138.0,147.0,3.52,13666.0,370.0,269.0
API,11/28/2018,146.0,150.0,143.0,149.0,1.36,17415.0,370.0,269.0
API,11/29/2018,147.0,147.0,143.0,143.0,-4.03,4317.0,370.0,269.0
API,12/2/2018,141.0,144.0,140.0,142.0,-0.7,8489.0,370.0,269.0
API,12/3/2018,142.0,148.0,142.0,145.0,2.11,13976.0,370.0,269.0
API,12/4/2018,143.0,147.0,142.0,147.0,1.38,5129.0,370.0,269.0
API,12/5/2018,145.0,147.0,141.0,141.0,-4.08,8234.0,370.0,269.0
API,12/6/2018,141.0,149.0,141.0,149.0,5.67,15568.0,370.0,269.0
API,12/9/2018,150.0,150.0,144.0,148.0,-0.67,15170.0,370.0,269.0
API,12/10/2018,147.0,148.0,145.0,148.0,0.0,8105.0,370.0,269.0
API,12/11/2018,150.0,150.0,145.0,148.0,0.0,4636.0,370.0,269.0
API,12/12/2018,148.0,148.0,146.0,147.0,-0.68,4156.0,370.0,269.0
API,12/13/2018,145.0,149.0,145.0,149.0,1.36,7650.0,370.0,269.0
API,12/16/2018,151.0,152.0,149.0,152.0,2.01,15071.0,370.0,269.0
API,12/17/2018,152.0,162.0,149.0,160.0,5.26,26200.0,370.0,269.0
API,12/18/2018,157.0,160.0,151.0,152.0,-5.0,24874.0,370.0,269.0
API,12/19/2018,155.0,157.0,151.0,154.0,1.32,9454.0,370.0,269.0
API,12/20/2018,156.0,159.0,154.0,156.0,1.3,29180.0,370.0,269.0
API,12/23/2018,159.0,165.0,150.0,160.0,2.56,39336.0,370.0,269.0
API,12/24/2018,163.0,163.0,153.0,157.0,-1.88,17392.0,370.0,269.0
API,12/25/2018,154.0,155.0,152.0,154.0,-1.91,1721.0,370.0,269.0
API,12/26/2018,154.0,160.0,151.0,157.0,1.95,35347.0,370.0,269.0
API,12/27/2018,158.0,161.0,148.0,157.0,0.0,34336.0,370.0,269.0
API,12/31/2018,147.0,153.0,147.0,151.0,-3.82,11444.0,370.0,269.0
API,1/1/2019,150.0,155.0,148.0,153.0,1.32,19960.0,370.0,269.0
API,1/2/2019,151.0,155.0,150.0,153.0,0.0,12066.0,370.0,269.0
API,1/3/2019,155.0,162.0,152.0,157.0,2.61,53154.0,370.0,269.0
API,1/6/2019,160.0,160.0,152.0,152.0,-3.18,5640.0,370.0,269.0
API,1/7/2019,155.0,157.0,152.0,157.0,3.29,13571.0,370.0,269.0
API,1/8/2019,158.0,159.0,150.0,152.0,-3.18,15975.0,370.0,269.0
API,1/9/2019,153.0,157.0,150.0,154.0,1.32,18678.0,370.0,269.0
API,1/10/2019,156.0,156.0,151.0,153.0,-0.65,19087.0,370.0,269.0
API,1/13/2019,151.0,156.0,150.0,154.0,0.65,11369.0,370.0,269.0
API,1/14/2019,153.0,154.0,149.0,149.0,-3.25,10127.0,370.0,269.0
API,1/15/2019,150.0,157.0,150.0,157.0,5.37,21772.0,370.0,269.0
API,1/16/2019,155.0,156.0,151.0,154.0,-1.91,1612.0,370.0,269.0
API,1/17/2019,152.0,152.0,148.0,152.0,-1.3,33108.0,370.0,269.0
API,1/20/2019,152.0,153.0,149.0,153.0,0.66,5762.0,370.0,269.0
API,1/21/2019,152.0,152.0,144.0,147.0,-3.92,14688.0,370.0,269.0
API,1/22/2019,145.0,149.0,144.0,149.0,1.36,19259.0,370.0,269.0
API,1/23/2019,151.0,151.0,144.0,148.0,-0.67,11589.0,370.0,269.0
API,1/24/2019,147.0,147.0,143.0,146.0,-1.35,17048.0,370.0,269.0
API,1/27/2019,146.0,146.0,141.0,143.0,-2.05,10205.0,370.0,269.0
API,1/28/2019,143.0,144.0,142.0,142.0,-0.7,2809.0,370.0,269.0
API,1/29/2019,142.0,143.0,140.0,143.0,0.7,13887.0,370.0,269.0
API,1/30/2019,141.0,144.0,140.0,144.0,0.7,10097.0,370.0,269.0
API,1/31/2019,142.0,142.0,140.0,141.0,-2.08,9361.0,370.0,269.0
API,2/3/2019,140.0,142.0,137.0,141.0,0.0,8593.0,370.0,269.0
API,2/4/2019,143.0,143.0,137.0,139.0,-1.42,19780.0,370.0,269.0
API,2/5/2019,137.0,140.0,137.0,140.0,0.72,6005.0,370.0,269.0
API,2/6/2019,138.0,140.0,138.0,139.0,-0.71,2252.0,370.0,269.0
API,2/7/2019,138.0,138.0,134.0,137.0,-1.44,12726.0,370.0,269.0
API,2/10/2019,136.0,136.0,130.0,133.0,-2.92,11812.0,370.0,269.0
API,2/11/2019,135.0,136.0,131.0,135.0,1.5,4859.0,370.0,269.0
API,2/12/2019,134.0,137.0,131.0,137.0,1.48,4782.0,370.0,269.0
API,2/13/2019,136.0,136.0,130.0,132.0,-3.65,6860.0,370.0,269.0
API,2/14/2019,130.0,130.0,127.0,129.0,-2.27,11234.0,370.0,269.0
API,2/17/2019,129.0,131.0,125.0,129.0,0.0,4797.0,370.0,269.0
API,2/18/2019,129.0,129.0,124.0,127.0,-1.55,13725.0,370.0,269.0
API,2/19/2019,127.0,134.0,124.0,133.0,4.72,10662.0,370.0,269.0
API,2/20/2019,131.0,131.0,126.0,129.0,-3.01,4388.0,370.0,269.0
API,2/21/2019,127.0,128.0,125.0,126.0,-2.33,6024.0,370.0,269.0
API,2/24/2019,126.0,128.0,122.0,128.0,1.59,8066.0,370.0,269.0
API,2/25/2019,126.0,127.0,124.0,127.0,-0.78,3951.0,370.0,269.0
API,2/26/2019,125.0,126.0,120.0,125.0,-1.57,16044.0,370.0,269.0
API,2/27/2019,124.0,126.0,122.0,124.0,-0.8,21677.0,370.0,269.0
API,3/3/2019,124.0,126.0,122.0,126.0,1.61,7443.0,370.0,269.0
API,3/5/2019,124.0,126.0,122.0,125.0,-0.79,14623.0,370.0,269.0
API,3/6/2019,123.0,125.0,123.0,125.0,0.0,2602.0,370.0,269.0
API,3/7/2019,123.0,129.0,123.0,129.0,3.2,14099.0,370.0,269.0
API,3/10/2019,131.0,131.0,127.0,129.0,0.0,1717.0,370.0,269.0
API,3/11/2019,129.0,136.0,129.0,136.0,5.43,10986.0,370.0,269.0
API,3/12/2019,138.0,143.0,132.0,140.0,2.94,12740.0,370.0,269.0
API,3/13/2019,142.0,144.0,136.0,136.0,-2.86,10167.0,370.0,269.0
API,3/14/2019,132.0,138.0,130.0,137.0,0.74,2154.0,370.0,269.0
API,3/17/2019,136.0,140.0,131.0,139.0,1.46,16896.0,370.0,269.0
API,3/18/2019,139.0,139.0,133.0,134.0,-3.6,6512.0,370.0,269.0
API,3/19/2019,132.0,135.0,131.0,135.0,0.75,6461.0,370.0,269.0
API,3/21/2019,136.0,136.0,131.0,131.0,-2.96,4636.0,370.0,269.0
API,3/24/2019,131.0,137.0,131.0,132.0,0.76,3510.0,370.0,269.0
API,3/25/2019,130.0,135.0,130.0,134.0,1.52,3860.0,370.0,269.0
API,3/26/2019,132.0,136.0,131.0,134.0,0.0,5792.0,370.0,269.0
API,3/27/2019,133.0,140.0,132.0,140.0,4.48,3984.0,370.0,269.0
API,3/28/2019,138.0,141.0,132.0,136.0,-2.86,8572.0,370.0,269.0
API,3/31/2019,134.0,138.0,134.0,136.0,0.0,14590.0,370.0,269.0
API,4/1/2019,134.0,138.0,132.0,138.0,1.47,6273.0,370.0,269.0
API,4/2/2019,137.0,139.0,135.0,137.0,-0.72,6025.0,370.0,269.0
API,4/3/2019,135.0,136.0,133.0,136.0,-0.73,3907.0,370.0,269.0
API,4/4/2019,134.0,136.0,133.0,136.0,0.0,6214.0,370.0,269.0
API,4/7/2019,135.0,142.0,132.0,140.0,2.94,4217.0,370.0,269.0
API,4/8/2019,140.0,140.0,134.0,136.0,-2.86,3315.0,370.0,269.0
API,4/9/2019,135.0,135.0,130.0,134.0,-1.47,9900.0,370.0,269.0
API,4/10/2019,133.0,134.0,132.0,132.0,-1.49,3064.0,370.0,269.0
API,4/11/2019,131.0,136.0,131.0,135.0,2.27,4552.0,370.0,269.0
API,4/15/2019,134.0,134.0,130.0,132.0,-2.22,3277.0,370.0,269.0
API,4/16/2019,131.0,135.0,131.0,135.0,2.27,4922.0,370.0,269.0
API,4/17/2019,137.0,137.0,132.0,132.0,-2.22,19572.0,370.0,269.0
API,4/18/2019,131.0,136.0,130.0,134.0,1.52,10621.0,370.0,269.0
API,4/21/2019,133.0,136.0,131.0,136.0,1.49,7088.0,370.0,269.0
API,4/22/2019,135.0,135.0,131.0,132.0,-2.94,14127.0,370.0,269.0
API,4/23/2019,130.0,134.0,130.0,134.0,1.52,12889.0,370.0,269.0
API,4/24/2019,132.0,132.0,128.0,130.0,-2.99,13051.0,370.0,269.0
API,4/25/2019,130.0,135.0,129.0,132.0,1.54,25422.0,370.0,269.0
API,4/28/2019,131.0,140.0,130.0,140.0,6.06,42335.0,370.0,269.0
API,4/29/2019,138.0,138.0,130.0,137.0,-2.14,22537.0,370.0,269.0
API,4/30/2019,135.0,145.0,133.0,139.0,1.46,37885.0,370.0,269.0
API,5/2/2019,141.0,144.0,133.0,139.0,0.0,37099.0,370.0,269.0
API,5/5/2019,137.0,139.0,135.0,138.0,-0.72,11187.0,370.0,269.0
API,5/6/2019,137.0,139.0,134.0,138.0,0.0,6173.0,370.0,269.0
API,5/7/2019,138.0,140.0,136.0,140.0,1.45,5412.0,370.0,269.0
API,5/8/2019,142.0,142.0,133.0,138.0,-1.43,7435.0,370.0,269.0
API,5/9/2019,140.0,140.0,135.0,135.0,-2.17,11153.0,370.0,269.0
API,5/12/2019,134.0,137.0,132.0,137.0,1.48,10211.0,370.0,269.0
API,5/13/2019,137.0,143.0,133.0,140.0,2.19,34980.0,370.0,269.0
API,5/14/2019,141.0,149.0,141.0,144.0,2.86,44008.0,370.0,269.0
API,5/15/2019,144.0,145.0,141.0,144.0,0.0,18718.0,370.0,269.0
API,5/16/2019,144.0,150.0,141.0,147.0,2.08,47925.0,370.0,269.0
API,5/19/2019,147.0,151.0,145.0,148.0,0.68,24404.0,370.0,269.0
API,5/20/2019,146.0,150.0,144.0,148.0,0.0,20732.0,370.0,269.0
API,5/21/2019,146.0,160.0,146.0,157.0,6.08,101120.0,370.0,269.0
API,5/22/2019,156.0,172.0,156.0,172.0,9.55,175271.0,370.0,269.0
API,5/23/2019,175.0,178.0,159.0,163.0,-5.23,70734.0,370.0,269.0
API,5/26/2019,166.0,166.0,153.0,155.0,-4.91,21026.0,370.0,269.0
API,5/27/2019,157.0,157.0,152.0,155.0,0.0,9761.0,370.0,269.0
API,5/28/2019,152.0,161.0,150.0,157.0,1.29,21629.0,370.0,269.0
API,5/29/2019,154.0,160.0,154.0,158.0,0.64,20404.0,370.0,269.0
API,5/30/2019,161.0,165.0,154.0,157.0,-0.63,38805.0,370.0,269.0
API,6/2/2019,154.0,157.0,152.0,157.0,0.0,9947.0,370.0,269.0
API,6/3/2019,154.0,154.0,151.0,154.0,-1.91,3759.0,370.0,269.0
API,6/4/2019,152.0,153.0,148.0,152.0,-1.3,15250.0,370.0,269.0
API,6/6/2019,151.0,153.0,148.0,153.0,0.66,10594.0,370.0,269.0
API,6/10/2019,151.0,151.0,148.0,149.0,-2.61,6530.0,370.0,269.0
API,6/11/2019,150.0,152.0,147.0,149.0,0.0,21316.0,370.0,269.0
API,6/12/2019,150.0,150.0,147.0,150.0,0.67,16368.0,370.0,269.0
API,6/13/2019,147.0,149.0,145.0,148.0,-1.33,8699.0,370.0,269.0
API,6/16/2019,148.0,148.0,143.0,144.0,-2.7,13935.0,370.0,269.0
API,6/17/2019,143.0,153.0,142.0,149.0,3.47,2488.0,370.0,269.0
API,6/18/2019,147.0,150.0,147.0,149.0,0.0,3423.0,370.0,269.0
API,6/19/2019,149.0,150.0,147.0,147.0,-1.34,1952.0,370.0,269.0
API,6/20/2019,145.0,149.0,145.0,148.0,0.68,4195.0,370.0,269.0
API,6/23/2019,148.0,148.0,144.0,145.0,-2.03,9670.0,370.0,269.0
API,6/24/2019,152.0,152.0,140.0,143.0,-1.38,8536.0,370.0,269.0
API,6/25/2019,142.0,146.0,142.0,146.0,2.1,6287.0,370.0,269.0
API,6/26/2019,144.0,146.0,143.0,146.0,0.0,2985.0,370.0,269.0
API,6/27/2019,144.0,145.0,142.0,145.0,-0.68,11226.0,370.0,269.0
API,6/30/2019,143.0,145.0,142.0,144.0,-0.69,5362.0,370.0,269.0
API,7/1/2019,142.0,144.0,139.0,144.0,0.0,5843.0,370.0,269.0
API,7/2/2019,145.0,146.0,143.0,146.0,1.39,3817.0,370.0,269.0
API,7/3/2019,148.0,149.0,139.0,146.0,0.0,15632.0,370.0,269.0
API,7/4/2019,145.0,146.0,140.0,144.0,-1.37,19440.0,370.0,269.0
API,7/7/2019,143.0,145.0,141.0,143.0,-0.69,11495.0,370.0,269.0
API,7/8/2019,141.0,144.0,141.0,144.0,0.7,14572.0,370.0,269.0
API,7/9/2019,142.0,144.0,140.0,144.0,0.0,4573.0,370.0,269.0
API,7/10/2019,143.0,144.0,141.0,144.0,0.0,9831.0,370.0,269.0
API,7/11/2019,142.0,143.0,139.0,141.0,-2.08,27923.0,370.0,269.0
API,7/14/2019,139.0,143.0,138.0,138.0,-2.13,10064.0,370.0,269.0
API,7/15/2019,136.0,142.0,136.0,140.0,1.45,11110.0,370.0,269.0
API,7/16/2019,147.0,147.0,141.0,143.0,2.14,600.0,370.0,269.0
API,7/17/2019,141.0,143.0,140.0,143.0,0.0,24942.0,370.0,269.0
API,7/18/2019,143.0,143.0,141.0,141.0,-1.4,12095.0,370.0,269.0
API,7/21/2019,141.0,142.0,139.0,142.0,0.71,23063.0,370.0,269.0
API,7/22/2019,142.0,143.0,140.0,142.0,0.0,7375.0,370.0,269.0
API,7/23/2019,142.0,143.0,141.0,143.0,0.7,8720.0,370.0,269.0
API,7/24/2019,143.0,144.0,139.0,144.0,0.7,11565.0,370.0,269.0
API,7/25/2019,142.0,143.0,138.0,139.0,-3.47,16810.0,370.0,269.0
API,7/28/2019,137.0,140.0,135.0,135.0,-2.88,22353.0,370.0,269.0
API,7/29/2019,135.0,140.0,135.0,138.0,2.22,11204.0,370.0,269.0
API,7/30/2019,140.0,140.0,136.0,139.0,0.72,12433.0,370.0,269.0
API,7/31/2019,137.0,141.0,135.0,140.0,0.72,15109.0,370.0,269.0
API,8/1/2019,140.0,140.0,135.0,138.0,-1.43,16150.0,370.0,269.0
API,8/4/2019,137.0,137.0,135.0,137.0,-0.72,5631.0,370.0,269.0
API,8/5/2019,136.0,139.0,134.0,136.0,-0.73,6151.0,370.0,269.0
API,8/6/2019,134.0,136.0,134.0,136.0,0.0,5206.0,370.0,269.0
API,8/7/2019,135.0,136.0,131.0,131.0,-3.68,38666.0,370.0,269.0
API,8/8/2019,132.0,134.0,129.0,132.0,0.76,36074.0,370.0,269.0
API,8/11/2019,126.0,133.0,126.0,131.0,-0.76,19028.0,370.0,269.0
API,8/12/2019,126.0,133.0,126.0,133.0,1.53,8356.0,370.0,269.0
API,8/13/2019,133.0,133.0,130.0,133.0,0.0,2239.0,370.0,269.0
API,8/14/2019,133.0,134.0,130.0,131.0,-1.5,5479.0,370.0,269.0
API,8/15/2019,129.0,131.0,129.0,131.0,0.0,2701.0,370.0,269.0
API,8/18/2019,133.0,134.0,127.0,130.0,-0.76,10191.0,370.0,269.0
API,8/19/2019,130.0,131.0,128.0,131.0,0.77,5715.0,370.0,269.0
API,8/20/2019,131.0,131.0,125.0,131.0,0.0,23671.0,370.0,269.0
API,8/21/2019,130.0,130.0,124.0,126.0,-3.82,7810.0,370.0,269.0
API,8/22/2019,125.0,128.0,124.0,128.0,1.59,26279.0,370.0,269.0
API,8/25/2019,130.0,130.0,125.0,128.0,0.0,2063.0,370.0,269.0
API,8/26/2019,126.0,128.0,125.0,125.0,-2.34,6207.0,370.0,269.0
API,8/27/2019,125.0,128.0,125.0,127.0,1.6,2425.0,370.0,269.0
API,8/28/2019,126.0,126.0,122.0,125.0,-1.57,16105.0,370.0,269.0
API,8/29/2019,127.0,127.0,121.0,124.0,-0.8,16820.0,370.0,269.0
API,9/1/2019,122.0,124.0,115.0,121.0,-2.42,31821.0,370.0,269.0
API,9/2/2019,121.0,122.0,115.0,117.0,-3.31,18043.0,370.0,269.0
API,9/3/2019,119.0,121.0,113.0,118.0,0.85,34742.0,370.0,269.0
API,9/4/2019,120.0,122.0,113.0,118.0,0.0,51099.0,370.0,269.0
API,9/5/2019,118.0,119.0,111.0,116.0,-1.69,71673.0,370.0,269.0
API,9/8/2019,115.0,115.0,111.0,113.0,-2.59,9249.0,370.0,269.0
API,9/9/2019,113.0,114.0,111.0,114.0,0.88,15311.0,370.0,269.0
API,9/10/2019,115.0,115.0,111.0,112.0,-1.75,8255.0,370.0,269.0
API,9/11/2019,112.0,115.0,111.0,115.0,2.68,8032.0,370.0,269.0
API,9/12/2019,114.0,115.0,110.0,115.0,0.0,26119.0,370.0,269.0
API,9/15/2019,113.0,113.0,109.0,110.0,-4.35,9480.0,370.0,269.0
API,9/16/2019,110.0,110.0,108.0,109.0,-0.91,7472.0,370.0,269.0
API,9/17/2019,109.0,119.0,109.0,119.0,9.17,15860.0,370.0,269.0
API,9/18/2019,124.0,124.0,114.0,121.0,1.68,17181.0,370.0,269.0
API,9/19/2019,121.0,121.0,114.0,120.0,-0.83,7447.0,370.0,269.0
API,9/22/2019,116.0,116.0,112.0,116.0,-3.33,3876.0,370.0,269.0
API,9/23/2019,114.0,115.0,113.0,115.0,-0.86,4556.0,370.0,269.0
API,9/24/2019,116.0,116.0,111.0,115.0,0.0,4602.0,370.0,269.0
API,9/25/2019,113.0,115.0,111.0,115.0,0.0,2808.0,370.0,269.0
API,9/26/2019,113.0,115.0,109.0,115.0,0.0,14229.0,370.0,269.0
API,9/29/2019,114.0,116.0,112.0,116.0,0.87,3698.0,370.0,269.0
API,9/30/2019,114.0,115.0,111.0,114.0,-1.72,5123.0,370.0,269.0
API,10/1/2019,113.0,115.0,112.0,115.0,0.88,5407.0,370.0,269.0
API,10/2/2019,113.0,114.0,112.0,114.0,-0.87,9115.0,370.0,269.0
API,10/3/2019,113.0,115.0,112.0,115.0,0.88,1610.0,370.0,269.0
API,10/10/2019,113.0,114.0,112.0,112.0,-2.61,2357.0,370.0,269.0
API,10/14/2019,111.0,113.0,109.0,112.0,0.0,4022.0,370.0,269.0
API,10/15/2019,110.0,116.0,110.0,116.0,3.57,2298.0,370.0,269.0
API,10/16/2019,115.0,116.0,113.0,115.0,-0.86,5407.0,370.0,269.0
API,10/17/2019,115.0,115.0,110.0,113.0,-1.74,43512.0,370.0,269.0
API,10/21/2019,113.0,113.0,107.0,111.0,-1.77,45944.0,370.0,269.0
API,10/22/2019,109.0,111.0,108.0,110.0,-0.9,4246.0,370.0,269.0
API,10/23/2019,110.0,113.0,108.0,112.0,1.82,7937.0,370.0,269.0
API,10/24/2019,110.0,113.0,108.0,112.0,0.0,5086.0,370.0,269.0
API,10/31/2019,112.0,112.0,108.0,110.0,-1.79,12453.0,370.0,269.0
API,11/3/2019,110.0,110.0,108.0,110.0,0.0,6880.0,370.0,269.0
API,11/4/2019,109.0,110.0,108.0,109.0,-0.91,9218.0,370.0,269.0
API,11/5/2019,107.0,109.0,107.0,109.0,0.0,9597.0,370.0,269.0
API,11/6/2019,109.0,110.0,106.0,108.0,-0.92,19730.0,370.0,269.0
API,11/7/2019,106.0,108.0,105.0,106.0,-1.85,16957.0,370.0,269.0
API,11/10/2019,106.0,108.0,105.0,107.0,0.94,5865.0,370.0,269.0
API,11/11/2019,105.0,110.0,105.0,108.0,0.93,11337.0,370.0,269.0
API,11/12/2019,107.0,107.0,104.0,107.0,-0.93,16397.0,370.0,269.0
API,11/13/2019,105.0,106.0,103.0,106.0,-0.93,20874.0,370.0,269.0
API,11/14/2019,106.0,106.0,104.0,105.0,-0.94,2737.0,370.0,269.0
API,11/17/2019,103.0,105.0,102.0,105.0,0.0,28882.0,370.0,269.0
API,11/18/2019,104.0,106.0,103.0,106.0,0.95,9026.0,370.0,269.0
API,11/19/2019,107.0,107.0,102.0,106.0,0.0,6715.0,370.0,269.0
API,11/20/2019,108.0,108.0,101.0,104.0,-1.89,42914.0,370.0,269.0
API,11/21/2019,106.0,107.0,101.0,103.0,-0.96,20869.0,370.0,269.0
API,11/24/2019,103.0,107.0,101.0,107.0,3.88,11361.0,370.0,269.0
API,11/25/2019,106.0,108.0,101.0,108.0,0.93,13111.0,370.0,269.0
API,11/26/2019,102.0,103.0,100.0,100.0,-7.41,23154.0,370.0,269.0
API,11/27/2019,102.0,106.0,102.0,104.0,4.0,3378.0,370.0,269.0
API,11/28/2019,102.0,103.0,101.0,102.0,-1.92,11692.0,370.0,269.0
API,12/1/2019,100.0,102.0,100.0,100.0,-1.96,10879.0,370.0,269.0
API,12/2/2019,102.0,102.0,100.0,101.0,1.0,13153.0,370.0,269.0
API,12/3/2019,103.0,105.0,100.0,102.0,0.99,15239.0,370.0,269.0
API,12/4/2019,100.0,106.0,100.0,103.0,0.98,6501.0,370.0,269.0
API,12/5/2019,101.0,104.0,101.0,104.0,0.97,9159.0,370.0,269.0
API,12/8/2019,102.0,104.0,100.0,104.0,0.0,3310.0,370.0,269.0
API,12/9/2019,102.0,111.0,101.0,109.0,4.81,32043.0,370.0,269.0
API,12/10/2019,107.0,108.0,104.0,106.0,-2.75,19923.0,370.0,269.0
API,12/11/2019,108.0,108.0,103.0,108.0,1.89,16742.0,370.0,269.0
API,12/12/2019,108.0,116.0,104.0,113.0,4.63,60885.0,370.0,269.0
API,12/15/2019,114.0,115.0,109.0,110.0,-2.65,34904.0,370.0,269.0
API,12/16/2019,110.0,111.0,107.0,109.0,-0.91,22209.0,370.0,269.0
API,12/17/2019,110.0,110.0,107.0,109.0,0.0,8875.0,370.0,269.0
API,12/18/2019,108.0,109.0,107.0,109.0,0.0,9330.0,370.0,269.0
API,12/19/2019,107.0,109.0,107.0,109.0,0.0,3138.0,370.0,269.0
API,12/22/2019,108.0,108.0,105.0,108.0,-0.92,39397.0,370.0,269.0
API,12/23/2019,106.0,109.0,106.0,109.0,0.93,24646.0,370.0,269.0
API,12/24/2019,110.0,111.0,106.0,108.0,-0.92,9134.0,370.0,269.0
API,12/25/2019,108.0,108.0,106.0,108.0,0.0,2646.0,370.0,269.0
API,12/26/2019,108.0,108.0,105.0,108.0,0.0,5856.0,370.0,269.0
API,12/29/2019,107.0,107.0,105.0,107.0,-0.93,6160.0,370.0,269.0
API,12/30/2019,106.0,107.0,105.0,107.0,0.0,6832.0,370.0,269.0
API,12/31/2019,112.0,112.0,105.0,110.0,2.8,9844.0,370.0,269.0
API,1/1/2020,108.0,110.0,106.0,110.0,0.0,1958.0,370.0,269.0
API,1/2/2020,110.0,110.0,106.0,108.0,-1.82,5164.0,370.0,269.0
API,1/5/2020,106.0,112.0,106.0,109.0,0.93,34793.0,370.0,269.0
API,1/6/2020,108.0,111.0,106.0,111.0,1.83,25080.0,370.0,269.0
API,1/7/2020,111.0,116.0,108.0,113.0,1.8,47772.0,370.0,269.0
API,1/8/2020,115.0,115.0,110.0,113.0,0.0,19436.0,370.0,269.0
API,1/9/2020,111.0,113.0,110.0,112.0,-0.88,24541.0,370.0,269.0
API,1/12/2020,110.0,120.0,110.0,120.0,7.14,70009.0,370.0,269.0
API,1/13/2020,121.0,128.0,117.0,124.0,3.33,100000.0,370.0,269.0
API,1/14/2020,124.0,126.0,118.0,124.0,0.0,68773.0,370.0,269.0
API,1/15/2020,126.0,132.0,124.0,128.0,3.23,77565.0,370.0,269.0
API,1/16/2020,129.0,130.0,124.0,128.0,0.0,42525.0,370.0,269.0
API,1/19/2020,130.0,132.0,126.0,132.0,3.12,73008.0,370.0,269.0
API,1/20/2020,131.0,131.0,125.0,128.0,-3.03,44348.0,370.0,269.0
API,1/21/2020,128.0,128.0,123.0,127.0,-0.78,23253.0,370.0,269.0
API,1/22/2020,128.0,128.0,121.0,124.0,-2.36,29676.0,370.0,269.0
API,1/23/2020,123.0,123.0,119.0,119.0,-4.03,23037.0,370.0,269.0
API,1/26/2020,120.0,120.0,115.0,117.0,-1.68,36146.0,370.0,269.0
API,1/27/2020,115.0,120.0,115.0,118.0,0.85,24932.0,370.0,269.0
API,1/28/2020,118.0,122.0,117.0,118.0,0.0,10095.0,370.0,269.0
API,1/29/2020,117.0,118.0,115.0,117.0,-0.85,18555.0,370.0,269.0
API,1/30/2020,118.0,120.0,115.0,119.0,1.71,31570.0,370.0,269.0
API,2/2/2020,117.0,121.0,117.0,120.0,0.84,45128.0,370.0,269.0
API,2/3/2020,120.0,125.0,118.0,123.0,2.5,62895.0,370.0,269.0
API,2/4/2020,125.0,127.0,120.0,125.0,1.63,81084.0,370.0,269.0
API,2/5/2020,123.0,129.0,122.0,127.0,1.6,73525.0,370.0,269.0
API,2/6/2020,133.0,133.0,124.0,126.0,-0.79,34385.0,370.0,269.0
API,2/9/2020,125.0,127.0,124.0,126.0,0.0,40806.0,370.0,269.0
API,2/10/2020,125.0,127.0,125.0,126.0,0.0,15236.0,370.0,269.0
API,2/11/2020,127.0,135.0,125.0,132.0,4.76,174666.0,370.0,269.0
API,2/12/2020,130.0,133.0,129.0,133.0,0.76,114753.0,370.0,269.0
API,2/13/2020,133.0,138.0,131.0,135.0,1.5,122134.0,370.0,269.0
API,2/16/2020,135.0,137.0,130.0,136.0,0.74,66640.0,370.0,269.0
API,2/17/2020,142.0,143.0,134.0,141.0,3.68,114830.0,370.0,269.0
API,2/18/2020,148.0,148.0,136.0,139.0,-1.42,105022.0,370.0,269.0
API,2/19/2020,138.0,139.0,135.0,138.0,-0.72,26483.0,370.0,269.0
API,2/20/2020,138.0,138.0,135.0,136.0,-1.45,34770.0,370.0,269.0
API,2/23/2020,138.0,141.0,137.0,140.0,2.94,49557.0,370.0,269.0
API,2/24/2020,140.0,140.0,135.0,135.0,-3.57,31515.0,370.0,269.0
API,2/25/2020,137.0,148.0,137.0,148.0,9.63,223803.0,370.0,269.0
API,2/26/2020,141.0,162.0,141.0,154.0,4.05,224163.0,370.0,269.0
API,2/27/2020,157.0,160.0,150.0,151.0,-1.95,126588.0,370.0,269.0
API,3/1/2020,152.0,154.0,140.0,144.0,-4.64,95285.0,370.0,269.0
API,3/2/2020,142.0,142.0,136.0,136.0,-5.56,21618.0,370.0,269.0
API,3/3/2020,138.0,143.0,132.0,139.0,2.21,54372.0,370.0,269.0
API,3/4/2020,137.0,140.0,130.0,133.0,-4.32,55136.0,370.0,269.0
API,3/5/2020,131.0,133.0,126.0,131.0,-1.5,61204.0,370.0,269.0
API,3/10/2020,129.0,129.0,123.0,126.0,-3.82,21685.0,370.0,269.0
API,3/11/2020,128.0,137.0,119.0,135.0,7.14,151499.0,370.0,269.0
API,3/12/2020,134.0,135.0,123.0,127.0,-5.93,220997.0,370.0,269.0
API,3/15/2020,114.0,114.0,104.0,110.0,-13.39,40358.0,370.0,269.0
API,3/16/2020,108.0,111.0,106.0,108.0,-1.82,16277.0,370.0,269.0
API,3/17/2020,107.0,108.0,104.0,106.0,-1.85,34355.0,370.0,269.0
API,3/18/2020,105.0,108.0,101.0,108.0,1.89,39778.0,370.0,269.0
API,3/19/2020,106.0,108.0,100.0,108.0,0.0,28815.0,370.0,269.0
API,3/22/2020,106.0,116.0,104.0,116.0,7.41,2980.0,370.0,269.0
API,6/29/2020,114.0,114.0,105.0,105.0,-9.48,18585.0,370.0,269.0
API,6/30/2020,103.0,111.0,103.0,111.0,5.71,12030.0,370.0,269.0
API,7/1/2020,113.0,119.0,113.0,119.0,7.21,2462.0,370.0,269.0
API,7/2/2020,117.0,117.0,117.0,117.0,-1.68,520.0,370.0,269.0
API,7/5/2020,117.0,117.0,106.0,107.0,-8.55,15777.0,370.0,269.0
API,7/6/2020,105.0,109.0,105.0,109.0,1.87,12327.0,370.0,269.0
API,7/7/2020,109.0,112.0,106.0,110.0,0.92,22979.0,370.0,269.0
API,7/8/2020,108.0,111.0,106.0,108.0,-1.82,7724.0,370.0,269.0
API,7/9/2020,106.0,108.0,106.0,107.0,-0.93,7458.0,370.0,269.0
API,7/12/2020,109.0,109.0,106.0,106.0,-0.93,14069.0,370.0,269.0
API,7/13/2020,106.0,107.0,105.0,107.0,0.94,15455.0,370.0,269.0
API,7/14/2020,107.0,107.0,105.0,107.0,0.0,4164.0,370.0,269.0
API,7/15/2020,105.0,110.0,105.0,108.0,0.93,14281.0,370.0,269.0
API,7/16/2020,106.0,113.0,106.0,113.0,4.63,15332.0,370.0,269.0
API,7/19/2020,115.0,117.0,115.0,117.0,3.54,980.0,370.0,269.0
API,7/20/2020,119.0,125.0,110.0,112.0,-4.27,36110.0,370.0,269.0
API,7/21/2020,110.0,114.0,107.0,112.0,0.0,26421.0,370.0,269.0
API,7/22/2020,113.0,113.0,107.0,113.0,0.89,18120.0,370.0,269.0
API,7/23/2020,118.0,118.0,106.0,111.0,-1.77,19065.0,370.0,269.0
API,7/26/2020,111.0,112.0,108.0,111.0,0.0,21776.0,370.0,269.0
API,7/27/2020,110.0,112.0,106.0,107.0,-3.6,42002.0,370.0,269.0
API,7/28/2020,106.0,110.0,106.0,109.0,1.87,12008.0,370.0,269.0
API,7/29/2020,109.0,110.0,107.0,108.0,-0.92,16848.0,370.0,269.0
API,7/30/2020,108.0,112.0,107.0,110.0,1.85,24604.0,370.0,269.0
API,8/2/2020,112.0,116.0,107.0,107.0,-2.73,31426.0,370.0,269.0
API,8/3/2020,107.0,108.0,107.0,107.0,0.0,7816.0,370.0,269.0
API,8/5/2020,106.0,114.0,105.0,114.0,6.54,15786.0,370.0,269.0
API,8/6/2020,112.0,112.0,105.0,108.0,-5.26,9930.0,370.0,269.0
API,8/9/2020,106.0,110.0,106.0,107.0,-0.93,10312.0,370.0,269.0
API,8/10/2020,106.0,110.0,106.0,108.0,0.93,38920.0,370.0,269.0
API,8/11/2020,110.0,110.0,106.0,108.0,0.0,10433.0,370.0,269.0
API,8/12/2020,106.0,108.0,106.0,106.0,-1.85,7052.0,370.0,269.0
API,8/13/2020,108.0,108.0,105.0,108.0,1.89,13553.0,370.0,269.0
API,8/16/2020,106.0,113.0,105.0,112.0,3.7,43239.0,370.0,269.0
API,8/17/2020,112.0,113.0,108.0,110.0,-1.79,17963.0,370.0,269.0
API,8/18/2020,110.0,110.0,108.0,110.0,0.0,10482.0,370.0,269.0
API,8/19/2020,108.0,110.0,107.0,108.0,-1.82,23459.0,370.0,269.0
API,8/20/2020,108.0,111.0,107.0,110.0,1.85,14048.0,370.0,269.0
API,8/23/2020,108.0,110.0,107.0,109.0,-0.91,13477.0,370.0,269.0
API,8/24/2020,109.0,110.0,107.0,109.0,0.0,15705.0,370.0,269.0
API,8/25/2020,109.0,109.0,107.0,108.0,-0.92,16915.0,370.0,269.0
API,8/26/2020,113.0,113.0,108.0,110.0,1.85,69452.0,370.0,269.0
API,8/27/2020,111.0,112.0,109.0,110.0,0.0,36324.0,370.0,269.0
API,8/30/2020,109.0,117.0,109.0,114.0,3.64,59030.0,370.0,269.0
API,8/31/2020,114.0,125.0,114.0,120.0,5.26,95849.0,370.0,269.0
API,9/2/2020,121.0,132.0,120.0,132.0,10.0,246759.0,370.0,269.0
API,9/3/2020,138.0,145.0,124.0,127.0,-3.79,132381.0,370.0,269.0
API,9/6/2020,132.0,137.0,127.0,132.0,3.94,183534.0,370.0,269.0
API,9/7/2020,131.0,135.0,127.0,128.0,-3.03,78562.0,370.0,269.0
API,9/8/2020,127.0,131.0,125.0,130.0,1.56,41721.0,370.0,269.0
API,9/9/2020,130.0,130.0,125.0,128.0,-1.54,43654.0,370.0,269.0
API,9/10/2020,127.0,130.0,124.0,129.0,0.78,55919.0,370.0,269.0
API,9/13/2020,130.0,141.0,127.0,138.0,6.98,167806.0,370.0,269.0
API,9/14/2020,138.0,150.0,137.0,143.0,3.62,244866.0,370.0,269.0
API,9/15/2020,145.0,149.0,139.0,144.0,0.7,84924.0,370.0,269.0
API,9/16/2020,145.0,157.0,138.0,156.0,8.33,232984.0,370.0,269.0
API,9/17/2020,162.0,171.0,155.0,171.0,9.62,391678.0,370.0,269.0
API,9/20/2020,175.0,175.0,154.0,157.0,-8.19,153765.0,370.0,269.0
API,9/21/2020,157.0,164.0,148.0,159.0,1.27,112401.0,370.0,269.0
API,9/22/2020,152.0,162.0,152.0,156.0,-1.89,121860.0,370.0,269.0
API,9/23/2020,158.0,165.0,153.0,164.0,5.13,119816.0,370.0,269.0
API,9/24/2020,167.0,180.0,164.0,180.0,9.76,411213.0,370.0,269.0
API,9/27/2020,180.0,197.0,180.0,185.0,2.78,456868.0,370.0,269.0
API,9/28/2020,194.0,197.0,187.0,190.0,2.7,200075.0,370.0,269.0
API,9/29/2020,199.0,199.0,185.0,194.0,2.11,202900.0,370.0,269.0
API,9/30/2020,194.0,204.0,191.0,200.0,3.09,374315.0,370.0,269.0
API,10/1/2020,201.0,205.0,192.0,194.0,-3.0,206307.0,370.0,269.0
API,10/4/2020,202.0,202.0,184.0,189.0,-2.58,200891.0,370.0,269.0
API,10/5/2020,190.0,204.0,186.0,201.0,6.35,403315.0,370.0,269.0
API,10/6/2020,204.0,220.0,203.0,217.0,7.96,423559.0,370.0,269.0
API,10/7/2020,219.0,238.0,219.0,238.0,9.68,346020.0,370.0,269.0
API,10/8/2020,240.0,249.0,224.0,224.0,-5.88,207701.0,370.0,269.0
API,10/11/2020,235.0,235.0,206.0,208.0,-7.14,473446.0,370.0,269.0
API,10/12/2020,205.0,216.0,201.0,209.0,0.48,210116.0,370.0,269.0
API,10/13/2020,215.0,215.0,200.0,203.0,-2.87,132058.0,370.0,269.0
API,10/14/2020,213.0,213.0,188.0,191.0,-5.91,183030.0,370.0,269.0
API,10/15/2020,200.0,204.0,191.0,193.0,1.05,130838.0,370.0,269.0
API,10/18/2020,190.0,197.0,186.0,187.0,-3.11,78943.0,370.0,269.0
API,10/19/2020,189.0,205.0,189.0,205.0,9.63,201115.0,370.0,269.0
API,10/20/2020,215.0,225.0,211.0,220.0,7.32,354556.0,370.0,269.0
API,10/21/2020,220.0,224.0,213.0,215.0,-2.27,176702.0,370.0,269.0
API,10/22/2020,215.0,227.0,212.0,224.0,4.19,397238.0,370.0,269.0
API,10/28/2020,224.0,228.0,216.0,227.0,1.34,204202.0,370.0,269.0
API,10/29/2020,226.0,231.0,225.0,227.0,0.0,239983.0,370.0,269.0
API,11/1/2020,238.0,249.0,232.0,240.0,5.73,705372.0,370.0,269.0
API,11/2/2020,242.0,244.0,236.0,238.0,-0.83,209542.0,370.0,269.0
API,11/3/2020,240.0,240.0,235.0,237.0,-0.42,203018.0,370.0,269.0
API,11/4/2020,238.0,246.0,236.0,245.0,3.38,212113.0,370.0,269.0
API,11/5/2020,247.0,265.0,244.0,264.0,7.76,561848.0,370.0,269.0
API,11/8/2020,269.0,285.0,261.0,275.0,4.17,436201.0,370.0,269.0
API,11/9/2020,280.0,280.0,263.0,275.0,0.0,397525.0,370.0,269.0
API,11/10/2020,288.0,288.0,267.0,273.0,-0.73,357956.0,370.0,269.0
API,11/11/2020,286.0,286.0,271.0,279.0,2.2,434572.0,370.0,269.0
API,11/12/2020,291.0,291.0,276.0,279.0,0.0,425456.0,370.0,269.0
API,11/18/2020,263.0,268.0,251.0,255.0,-8.6,279744.0,370.0,269.0
API,11/19/2020,253.0,270.0,252.0,262.0,2.75,195398.0,370.0,269.0
API,11/22/2020,275.0,275.0,253.0,256.0,-2.29,183171.0,370.0,269.0
API,11/23/2020,256.0,262.0,256.0,261.0,1.95,75850.0,370.0,269.0
API,11/24/2020,266.0,269.0,256.0,256.0,-1.92,124483.0,370.0,269.0
API,11/25/2020,260.0,266.0,257.0,259.0,1.17,169752.0,370.0,269.0
API,11/26/2020,260.0,266.0,253.0,255.0,-1.54,166672.0,370.0,269.0
API,11/29/2020,255.0,260.0,249.0,254.0,-0.39,181757.0,370.0,269.0
API,11/30/2020,263.0,271.0,249.0,265.0,4.33,183454.0,370.0,269.0
API,12/1/2020,278.0,278.0,254.0,261.0,-1.51,143738.0,370.0,269.0
API,12/2/2020,261.0,263.0,255.0,257.0,-1.53,125664.0,370.0,269.0
API,12/3/2020,252.0,260.0,249.0,253.0,-1.56,112348.0,370.0,269.0
API,12/6/2020,251.0,255.0,241.0,241.0,-4.74,66176.0,370.0,269.0
API,12/7/2020,241.0,250.0,230.0,244.0,1.24,97896.0,370.0,269.0
API,12/8/2020,246.0,267.0,246.0,260.0,6.56,280753.0,370.0,269.0
API,12/9/2020,273.0,273.0,255.0,257.0,-1.15,151051.0,370.0,269.0
API,12/10/2020,252.0,262.0,252.0,253.0,-1.56,40415.0,370.0,269.0
API,12/13/2020,265.0,265.0,249.0,252.0,-0.4,92834.0,370.0,269.0
API,12/14/2020,250.0,252.0,246.0,248.0,-1.59,68025.0,370.0,269.0
API,12/15/2020,250.0,256.0,247.0,248.0,0.0,70344.0,370.0,269.0
API,12/16/2020,260.0,260.0,241.0,245.0,-1.21,65419.0,370.0,269.0
API,12/17/2020,244.0,258.0,241.0,244.0,-0.41,107640.0,370.0,269.0
API,12/20/2020,256.0,256.0,229.0,232.0,-4.92,99576.0,370.0,269.0
API,12/21/2020,221.0,239.0,219.0,233.0,0.43,66995.0,370.0,269.0
API,12/22/2020,237.0,243.0,233.0,242.0,3.86,71360.0,370.0,269.0
API,12/23/2020,246.0,250.0,231.0,233.0,-3.72,78313.0,370.0,269.0
API,12/24/2020,237.0,241.0,232.0,234.0,0.43,42139.0,370.0,269.0
API,12/27/2020,238.0,240.0,227.0,230.0,-1.71,54549.0,370.0,269.0
API,12/28/2020,232.0,240.0,226.0,238.0,3.48,77906.0,370.0,269.0
API,12/29/2020,240.0,244.0,238.0,240.0,0.84,67546.0,370.0,269.0
API,12/30/2020,236.0,241.0,236.0,238.0,-0.83,40253.0,370.0,269.0
API,12/31/2020,249.0,249.0,237.0,241.0,1.26,90155.0,370.0,269.0
API,1/3/2021,245.0,249.0,239.0,245.0,1.66,144944.0,370.0,269.0
API,1/4/2021,249.0,254.0,245.0,247.0,0.82,84222.0,370.0,269.0
API,1/5/2021,251.0,265.0,247.0,263.0,6.48,229180.0,370.0,269.0
API,1/6/2021,267.0,272.0,256.0,256.0,-2.66,119274.0,370.0,269.0
API,1/7/2021,260.0,261.0,253.0,254.0,-0.78,80831.0,370.0,269.0
API,1/10/2021,260.0,260.0,252.0,254.0,0.0,72634.0,370.0,269.0
API,1/11/2021,251.0,258.0,251.0,254.0,0.0,115726.0,370.0,269.0
API,1/12/2021,245.0,257.0,245.0,256.0,0.79,60387.0,370.0,269.0
API,1/13/2021,255.0,269.0,255.0,265.0,3.52,176852.0,370.0,269.0
API,1/17/2021,267.0,270.0,262.0,264.0,-0.38,104766.0,370.0,269.0
API,1/18/2021,277.0,277.0,259.0,260.0,-1.52,80909.0,370.0,269.0
API,1/19/2021,260.0,263.0,257.0,259.0,-0.38,61463.0,370.0,269.0
API,1/20/2021,260.0,267.0,256.0,265.0,2.32,111655.0,370.0,269.0
API,1/21/2021,270.0,287.0,261.0,287.0,8.3,340011.0,370.0,269.0
API,1/24/2021,285.0,315.0,285.0,295.0,2.79,350466.0,370.0,269.0
API,1/25/2021,309.0,309.0,282.0,286.0,-3.05,166603.0,370.0,269.0
API,1/26/2021,295.0,300.0,284.0,288.0,0.7,337000.0,370.0,269.0
API,1/27/2021,295.0,300.0,282.0,286.0,-0.69,175446.0,370.0,269.0
API,1/28/2021,286.0,296.0,279.0,282.0,-1.4,99145.0,370.0,269.0
API,1/31/2021,277.0,278.0,267.0,272.0,-3.55,126002.0,370.0,269.0
API,2/1/2021,272.0,279.0,270.0,276.0,1.47,64444.0,370.0,269.0
API,2/2/2021,280.0,286.0,276.0,277.0,0.36,91788.0,370.0,269.0
API,2/3/2021,282.0,298.0,274.0,285.0,2.89,243296.0,370.0,269.0
API,2/4/2021,285.0,295.0,278.0,292.0,2.46,144591.0,370.0,269.0
API,2/7/2021,297.0,305.0,293.0,299.0,2.4,340912.0,370.0,269.0
API,2/8/2021,303.0,309.0,291.0,294.0,-1.67,151541.0,370.0,269.0
API,2/9/2021,300.0,300.0,284.0,288.0,-2.04,113775.0,370.0,269.0
API,2/10/2021,285.0,289.0,281.0,285.0,-1.04,82907.0,370.0,269.0
API,2/11/2021,285.0,289.0,281.0,282.0,-1.05,96696.0,370.0,269.0
API,2/14/2021,282.0,288.0,279.0,280.0,-0.71,67217.0,370.0,269.0
API,2/15/2021,285.0,306.0,276.0,292.0,4.29,198774.0,370.0,269.0
API,2/16/2021,295.0,299.0,287.0,288.0,-1.37,162131.0,370.0,269.0
API,2/17/2021,283.0,287.0,283.0,286.0,-0.69,70824.0,370.0,269.0
API,2/18/2021,282.0,287.0,282.0,283.0,-1.05,104558.0,370.0,269.0
API,2/21/2021,288.0,299.0,288.0,293.0,3.53,311186.0,370.0,269.0
API,2/22/2021,300.0,303.0,294.0,297.0,1.37,369490.0,370.0,269.0
API,2/23/2021,311.0,326.0,302.0,326.0,9.76,747743.0,370.0,269.0
API,2/24/2021,340.0,340.0,307.0,315.0,-3.37,551352.0,370.0,269.0
API,2/25/2021,315.0,325.0,309.0,311.0,-1.27,377271.0,370.0,269.0
API,2/28/2021,326.0,326.0,292.0,292.0,-6.11,310140.0,370.0,269.0
API,3/1/2021,293.0,303.0,286.0,301.0,3.08,260043.0,370.0,269.0
API,3/2/2021,302.0,305.0,284.0,288.0,-4.32,183361.0,370.0,269.0
API,3/3/2021,298.0,298.0,279.0,285.0,-1.04,133903.0,370.0,269.0
API,3/4/2021,288.0,295.0,286.0,294.0,3.16,134863.0,370.0,269.0
API,3/7/2021,290.0,295.0,283.0,286.0,-2.72,141475.0,370.0,269.0
API,3/9/2021,286.0,295.0,282.0,290.0,1.4,205109.0,370.0,269.0
API,3/10/2021,276.0,308.0,276.0,300.0,3.45,314328.0,370.0,269.0
API,3/14/2021,285.0,315.0,285.0,300.0,0.0,235012.0,370.0,269.0
API,3/15/2021,315.0,315.0,294.0,296.0,-1.33,129043.0,370.0,269.0
API,3/16/2021,293.0,305.0,292.0,296.0,0.0,93922.0,370.0,269.0
API,3/17/2021,310.0,310.0,294.0,296.0,0.0,89995.0,370.0,269.0
API,3/18/2021,310.0,310.0,295.0,296.0,0.0,92684.0,370.0,269.0
API,3/21/2021,310.0,310.0,295.0,297.0,0.34,123237.0,370.0,269.0
API,3/22/2021,297.0,300.0,295.0,296.0,-0.34,101288.0,370.0,269.0
API,3/23/2021,296.0,315.0,295.0,307.0,3.72,331939.0,370.0,269.0
API,3/24/2021,313.0,325.0,313.0,322.0,4.89,529911.0,370.0,269.0
API,3/25/2021,325.0,327.0,311.0,316.0,-1.86,270922.0,370.0,269.0
API,3/29/2021,320.0,320.0,310.0,312.0,-1.27,122788.0,370.0,269.0
API,3/30/2021,315.0,318.0,311.0,315.0,0.96,163662.0,370.0,269.0
API,3/31/2021,318.0,322.0,315.0,321.0,1.9,244068.0,370.0,269.0
API,4/1/2021,322.0,349.0,322.0,340.0,5.92,711253.0,370.0,269.0
API,4/4/2021,345.0,349.0,331.0,333.0,-2.06,234391.0,370.0,269.0
API,4/5/2021,343.0,343.0,324.0,328.0,-1.5,203847.0,370.0,269.0
API,4/6/2021,332.0,340.0,323.0,334.0,1.83,247582.0,370.0,269.0
API,4/7/2021,336.0,342.0,328.0,330.0,-1.2,135122.0,370.0,269.0
API,4/8/2021,327.0,333.0,327.0,329.0,-0.3,116381.0,370.0,269.0
API,4/12/2021,335.0,335.0,327.0,328.0,-0.3,198093.0,370.0,269.0
API,4/13/2021,328.0,349.0,328.0,344.0,4.88,507390.0,370.0,269.0
API,4/15/2021,350.0,357.0,340.0,350.0,1.74,370351.0,370.0,269.0
API,4/18/2021,355.0,358.0,346.0,350.0,0.0,244057.0,370.0,269.0
API,4/19/2021,345.0,353.0,343.0,345.0,-1.43,199489.0,370.0,269.0
API,4/20/2021,355.0,355.0,342.0,352.0,2.03,242039.0,370.0,269.0
API,4/21/2021,335.0,378.0,335.0,365.0,3.69,428608.0,370.0,269.0
API,4/22/2021,383.0,383.0,357.0,363.0,-0.55,254262.0,370.0,269.0
API,4/25/2021,365.0,365.0,345.0,347.0,-4.41,302408.0,370.0,269.0
API,4/26/2021,340.0,349.0,330.0,333.0,-4.03,319389.0,370.0,269.0
API,4/27/2021,333.0,364.0,331.0,361.0,8.41,335355.0,370.0,269.0
API,4/28/2021,364.0,365.0,349.0,354.0,-1.94,174058.0,370.0,269.0
API,4/29/2021,355.0,358.0,348.0,355.0,0.28,171062.0,370.0,269.0
API,5/2/2021,359.0,363.0,353.0,361.0,1.69,209419.0,370.0,269.0
API,5/3/2021,343.0,380.0,343.0,369.0,2.22,1060252.0,370.0,269.0
API,5/4/2021,375.0,375.0,360.0,364.0,-1.36,401848.0,370.0,269.0
API,5/5/2021,367.0,372.0,363.0,367.0,0.82,496544.0,370.0,269.0
API,5/6/2021,369.0,371.0,358.0,359.0,-2.18,433473.0,370.0,269.0
API,5/9/2021,365.0,365.0,346.0,349.0,-2.79,326754.0,370.0,269.0
API,5/10/2021,346.0,355.0,346.0,350.0,0.29,226662.0,370.0,269.0
API,5/11/2021,358.0,358.0,349.0,353.0,0.86,577295.0,370.0,269.0
API,5/12/2021,300.0,315.0,300.0,314.0,-11.05,477795.0,370.0,269.0
API,5/13/2021,318.0,320.0,311.0,313.0,-0.32,234461.0,370.0,269.0
API,5/16/2021,315.0,315.0,307.0,309.0,-1.28,240542.0,370.0,269.0
API,5/17/2021,312.0,317.0,307.0,315.0,1.94,290584.0,370.0,269.0
API,5/18/2021,330.0,342.0,316.0,340.0,7.94,472440.0,370.0,269.0
API,5/19/2021,346.0,346.0,317.0,327.0,-3.82,364917.0,370.0,269.0
API,5/20/2021,327.0,329.0,319.0,323.0,-1.22,232982.0,370.0,269.0
API,5/23/2021,323.0,330.0,314.0,325.0,0.62,320245.0,370.0,269.0
API,5/24/2021,330.0,334.0,323.0,326.0,0.31,206417.0,370.0,269.0
API,5/25/2021,329.0,346.0,324.0,342.0,4.91,448920.0,370.0,269.0
API,5/27/2021,345.0,376.0,334.0,376.0,9.94,1178496.0,370.0,269.0
API,5/30/2021,390.0,413.0,382.0,391.0,3.99,1006857.0,370.0,269.0
API,5/31/2021,410.0,410.0,360.0,364.0,-6.91,662815.0,370.0,269.0
API,6/1/2021,366.0,376.0,359.0,364.0,0.0,338878.0,370.0,269.0
API,6/2/2021,364.0,378.0,358.0,376.0,3.3,334985.0,370.0,269.0
API,6/3/2021,385.0,385.0,360.0,361.0,-3.99,270354.0,370.0,269.0
API,6/6/2021,371.0,371.0,339.0,349.0,-3.32,342420.0,370.0,269.0
API,6/7/2021,345.0,379.0,345.0,374.0,7.16,336507.0,370.0,269.0
API,6/8/2021,374.0,387.0,372.0,375.0,0.27,364804.0,370.0,269.0
API,6/9/2021,380.0,402.0,364.0,381.0,1.6,465193.0,370.0,269.0
API,6/10/2021,400.0,419.0,378.0,411.0,7.87,1107296.0,370.0,269.0
API,6/13/2021,420.0,446.0,410.0,443.0,7.79,775017.0,370.0,269.0
API,6/14/2021,462.0,481.0,433.0,475.0,7.22,1191290.0,370.0,269.0
API,6/15/2021,480.0,480.0,443.0,449.0,-5.47,664433.0,370.0,269.0
API,6/16/2021,427.0,458.0,405.0,423.0,-5.79,736173.0,370.0,269.0
API,6/17/2021,430.0,446.0,405.0,430.0,1.65,505568.0,370.0,269.0
API,6/20/2021,435.0,444.0,405.0,418.0,-2.79,456901.0,370.0,269.0
API,6/21/2021,418.0,426.0,388.0,390.0,-6.7,521902.0,370.0,269.0
API,6/22/2021,400.0,429.0,382.0,427.0,9.49,364146.0,370.0,269.0
API,6/23/2021,428.0,435.0,401.0,409.0,-4.22,264405.0,370.0,269.0
API,6/24/2021,410.0,419.0,394.0,402.0,-1.71,234677.0,370.0,269.0
API,6/27/2021,410.0,414.0,395.0,395.0,-1.74,261840.0,370.0,269.0
API,6/28/2021,414.0,414.0,383.0,387.0,-2.03,253762.0,370.0,269.0
API,6/29/2021,385.0,392.0,369.0,372.0,-3.88,246149.0,370.0,269.0
API,6/30/2021,372.0,381.0,357.0,374.0,0.54,215342.0,370.0,269.0
API,7/1/2021,380.0,399.0,375.0,389.0,4.01,300261.0,370.0,269.0
API,7/4/2021,400.0,401.0,374.0,378.0,-2.83,144466.0,370.0,269.0
API,7/5/2021,375.0,382.0,366.0,369.0,-2.38,129167.0,370.0,269.0
API,7/6/2021,387.0,387.0,364.0,368.0,-0.27,86901.0,370.0,269.0
API,7/7/2021,370.0,374.0,358.0,360.0,-2.17,122421.0,370.0,269.0
API,7/8/2021,367.0,376.0,357.0,365.0,1.39,124783.0,370.0,269.0
API,7/11/2021,370.0,395.0,370.0,395.0,8.22,196813.0,370.0,269.0
API,7/12/2021,396.0,409.0,376.0,384.0,-2.78,224387.0,370.0,269.0
API,7/13/2021,384.0,396.0,378.0,388.0,1.04,85278.0,370.0,269.0
API,7/14/2021,390.0,393.0,385.0,393.0,1.29,119216.0,370.0,269.0
API,7/15/2021,395.0,415.0,392.0,403.0,2.54,326534.0,370.0,269.0
API,7/18/2021,409.0,416.0,406.0,410.0,1.74,229607.0,370.0,269.0
API,7/19/2021,417.0,424.0,410.0,419.1,2.22,341502.0,370.0,269.0
API,7/20/2021,422.0,434.0,412.0,429.0,2.36,356851.0,370.0,269.0
API,7/22/2021,437.0,439.0,424.0,425.0,-0.93,272552.0,370.0,269.0
API,7/25/2021,432.0,433.1,420.8,432.0,1.65,323406.0,370.0,269.0
API,7/26/2021,435.0,450.8,430.0,444.0,2.78,517464.0,370.0,269.0
API,7/27/2021,445.0,485.0,436.0,479.0,7.88,1022918.0,370.0,269.0
API,7/28/2021,488.5,498.2,462.0,468.0,-2.3,620392.0,370.0,269.0
API,7/29/2021,468.0,469.9,455.0,464.9,-0.66,388051.0,370.0,269.0
API,8/1/2021,474.1,487.0,467.0,475.0,2.17,562022.0,370.0,269.0
API,8/2/2021,484.5,490.0,467.5,472.0,-0.63,325742.0,370.0,269.0
API,8/3/2021,480.0,515.0,465.0,513.0,8.69,950319.0,370.0,269.0
API,8/4/2021,523.2,564.3,523.2,564.3,10.0,1447672.0,370.0,269.0
API,8/5/2021,575.5,587.0,550.1,552.0,-2.18,1037392.0,370.0,269.0
API,8/8/2021,560.0,607.2,545.0,607.2,10.0,1388891.0,370.0,269.0
API,8/9/2021,619.3,659.0,611.0,631.0,3.92,855879.0,370.0,269.0
API,8/10/2021,640.0,641.0,600.0,612.0,-3.01,842878.0,370.0,269.0
API,8/11/2021,620.0,649.0,608.0,634.0,3.59,842791.0,370.0,269.0
API,8/12/2021,640.0,640.0,622.0,626.0,-1.26,660607.0,370.0,269.0
API,8/15/2021,613.5,620.0,568.4,600.1,-4.14,1175489.0,370.0,269.0
API,8/16/2021,605.0,640.9,605.0,631.8,5.28,763623.0,370.0,269.0
API,8/17/2021,644.4,670.0,634.0,640.0,1.3,1341240.0,370.0,269.0
API,8/18/2021,650.0,665.9,625.0,630.0,-1.56,985423.0,370.0,269.0
API,8/19/2021,630.0,635.0,605.0,613.9,-2.56,596038.0,370.0,269.0
API,8/24/2021,613.0,613.0,566.0,567.0,-7.64,609900.0,370.0,269.0
API,8/25/2021,555.7,579.0,543.9,560.0,-1.23,494204.0,370.0,269.0
API,8/26/2021,571.2,612.0,560.0,598.0,6.79,410230.0,370.0,269.0
API,8/29/2021,609.0,609.0,570.0,576.0,-3.68,571851.0,370.0,269.0
API,8/31/2021,580.0,580.0,553.0,558.4,-3.06,531501.0,370.0,269.0
API,9/1/2021,558.4,578.0,544.0,551.5,-1.24,424353.0,370.0,269.0
API,9/2/2021,562.0,562.0,520.0,529.0,-4.08,613640.0,370.0,269.0
API,9/5/2021,480.0,480.0,430.9,433.0,-18.15,400225.0,370.0,269.0
API,9/6/2021,433.0,476.3,425.0,476.3,10.0,352895.0,370.0,269.0
API,9/7/2021,484.0,495.0,458.0,478.0,0.36,395281.0,370.0,269.0
API,9/8/2021,478.1,484.0,465.0,467.0,-2.3,190334.0,370.0,269.0
API,9/9/2021,476.3,503.0,467.0,495.1,6.02,346746.0,370.0,269.0
API,9/12/2021,505.0,544.6,505.0,544.6,10.0,590234.0,370.0,269.0
API,9/13/2021,555.4,568.0,525.0,528.0,-3.05,528339.0,370.0,269.0
API,9/14/2021,538.5,538.5,516.0,522.4,-1.06,214707.0,370.0,269.0
API,9/15/2021,522.0,525.0,506.7,508.0,-2.76,231390.0,370.0,269.0
API,9/16/2021,508.0,508.0,480.0,489.0,-3.74,525367.0,370.0,269.0
API,9/20/2021,480.0,489.0,445.0,449.0,-8.18,360064.0,370.0,269.0
API,9/21/2021,440.1,480.0,428.0,464.0,3.34,395237.0,370.0,269.0
API,9/22/2021,473.0,500.9,473.0,495.0,6.68,275751.0,370.0,269.0
API,9/23/2021,503.0,504.0,480.0,492.0,-0.61,287371.0,370.0,269.0
API,9/26/2021,490.0,492.0,460.1,463.0,-5.89,256164.0,370.0,269.0
API,9/27/2021,472.2,490.0,443.0,447.0,-3.46,252408.0,370.0,269.0
API,9/28/2021,441.0,464.0,411.0,418.0,-6.49,326705.0,370.0,269.0
API,9/29/2021,420.0,459.8,414.0,459.8,10.0,514439.0,370.0,269.0
API,9/30/2021,468.9,478.0,438.5,443.0,-3.65,235356.0,370.0,269.0
API,10/3/2021,451.8,460.8,430.0,434.0,-2.03,338736.0,370.0,269.0
API,10/4/2021,430.0,440.9,416.0,428.5,-1.27,167560.0,370.0,269.0
API,10/5/2021,428.5,445.0,427.0,435.0,1.52,122186.0,370.0,269.0
API,10/6/2021,441.0,453.0,431.5,449.0,3.22,177721.0,370.0,269.0
API,10/10/2021,457.0,466.0,433.0,435.0,-3.12,124466.0,370.0,269.0
API,10/11/2021,431.0,433.0,420.2,429.0,-1.38,116592.0,370.0,269.0
API,10/17/2021,437.0,440.0,423.0,428.0,-0.23,41747.0,370.0,269.0
API,10/18/2021,428.0,428.0,404.0,412.9,-3.53,182485.0,370.0,269.0
API,10/19/2021,406.0,406.0,380.0,393.0,-4.82,252759.0,370.0,269.0
API,10/20/2021,400.0,416.0,398.0,413.0,5.09,165513.0,370.0,269.0
API,10/21/2021,420.7,420.7,397.0,417.0,0.97,137696.0,370.0,269.0
API,10/24/2021,425.0,436.0,410.0,432.0,3.6,181796.0,370.0,269.0
API,10/25/2021,440.0,464.0,431.2,460.0,6.48,297767.0,370.0,269.0
API,10/26/2021,469.0,483.0,458.0,467.0,1.52,291565.0,370.0,269.0
API,10/27/2021,469.2,480.0,442.0,467.0,0.0,356498.0,370.0,269.0
API,10/28/2021,466.0,489.9,455.0,484.0,3.64,276654.0,370.0,269.0
API,10/31/2021,493.0,522.0,480.0,511.0,5.58,450857.0,370.0,269.0
API,11/1/2021,515.0,520.0,490.0,492.0,-3.72,344774.0,370.0,269.0
API,11/2/2021,500.0,505.8,481.0,504.0,2.44,284143.0,370.0,269.0
API,11/3/2021,514.0,539.0,507.0,530.0,5.16,551444.0,370.0,269.0
API,11/8/2021,540.0,547.0,530.0,534.0,0.75,245456.0,370.0,269.0
API,11/9/2021,530.0,530.0,497.0,510.0,-4.49,437634.0,370.0,269.0
API,11/11/2021,500.0,508.0,483.0,489.0,-4.12,298347.0,370.0,269.0
API,11/14/2021,498.7,504.0,478.0,495.0,1.23,263213.0,370.0,269.0
API,11/15/2021,504.9,519.0,502.0,507.0,2.42,260059.0,370.0,269.0
API,11/16/2021,507.0,525.0,497.0,521.0,2.76,455303.0,370.0,269.0
API,11/17/2021,531.4,531.8,509.0,510.0,-2.11,388095.0,370.0,269.0
API,11/18/2021,501.0,516.0,500.0,503.4,-1.29,217470.0,370.0,269.0
API,11/21/2021,503.4,515.0,501.0,506.0,0.52,120962.0,370.0,269.0
API,11/22/2021,514.9,514.9,502.0,504.9,-0.22,170070.0,370.0,269.0
API,11/23/2021,505.0,506.0,492.0,494.0,-2.16,207607.0,370.0,269.0
API,11/24/2021,494.0,503.0,479.0,498.0,0.81,346950.0,370.0,269.0
API,11/25/2021,500.0,505.0,490.0,490.1,-1.59,141727.0,370.0,269.0
API,11/28/2021,485.0,491.0,467.0,470.9,-3.92,334217.0,370.0,269.0
API,11/29/2021,471.0,486.9,467.5,470.0,-0.19,174468.0,370.0,269.0
API,11/30/2021,479.0,479.0,461.0,470.0,0.0,131549.0,370.0,269.0
API,12/1/2021,478.0,480.6,470.0,475.4,1.15,147269.0,370.0,269.0
API,12/2/2021,483.5,483.5,457.0,460.0,-3.24,184584.0,370.0,269.0
API,12/5/2021,460.0,468.0,437.0,438.0,-4.78,248270.0,370.0,269.0
API,12/6/2021,435.0,456.9,424.0,453.9,3.63,301431.0,370.0,269.0
API,12/7/2021,460.0,464.0,441.1,445.0,-1.96,229217.0,370.0,269.0
API,12/8/2021,441.0,447.0,428.0,429.0,-3.6,119360.0,370.0,269.0
API,12/9/2021,430.0,435.0,419.0,426.6,-0.56,202778.0,370.0,269.0
API,12/12/2021,423.0,423.0,400.2,402.8,-5.58,171302.0,370.0,269.0
API,12/13/2021,395.0,406.0,381.0,384.5,-4.54,254711.0,370.0,269.0
API,12/14/2021,390.0,422.0,389.0,422.0,9.75,113772.0,370.0,269.0
API,12/15/2021,430.0,440.0,411.2,422.1,0.02,324500.0,370.0,269.0
API,12/16/2021,425.0,425.0,403.0,404.0,-4.29,167764.0,370.0,269.0
API,12/20/2021,404.0,412.0,393.0,401.0,-0.74,133791.0,370.0,269.0
API,12/21/2021,409.0,418.0,401.2,414.2,3.29,100032.0,370.0,269.0
API,12/22/2021,422.4,449.8,416.0,447.0,7.92,270703.0,370.0,269.0
API,12/23/2021,455.9,459.0,435.0,444.9,-0.47,287019.0,370.0,269.0
API,12/26/2021,445.0,455.0,439.1,443.0,-0.43,208918.0,370.0,269.0
API,12/27/2021,449.9,450.0,426.0,428.0,-3.39,261231.0,370.0,269.0
API,12/28/2021,420.0,440.0,420.0,433.0,1.17,175848.0,370.0,269.0
API,12/29/2021,437.0,448.0,428.3,445.0,2.77,209153.0,370.0,269.0
API,1/2/2022,450.0,473.0,445.0,467.0,4.94,377918.0,370.0,269.0
API,1/3/2022,476.3,479.0,460.6,469.0,0.43,390115.0,370.0,269.0
API,1/4/2022,472.0,478.3,461.1,475.0,1.28,234910.0,370.0,269.0
API,1/5/2022,480.0,485.0,467.0,477.0,0.42,350463.0,370.0,269.0
API,1/6/2022,477.0,491.5,468.0,491.0,2.94,337718.0,370.0,269.0
API,1/9/2022,500.0,520.0,496.0,516.1,5.11,570449.0,370.0,269.0
API,1/10/2022,526.4,526.4,502.0,506.0,-1.96,375628.0,370.0,269.0
API,1/11/2022,506.0,518.0,503.0,510.9,0.97,329975.0,370.0,269.0
API,1/12/2022,521.0,526.0,505.0,510.0,-0.18,479364.0,370.0,269.0
API,1/13/2022,511.0,530.0,505.0,526.0,3.14,445951.0,370.0,269.0
API,1/16/2022,536.5,542.0,525.0,535.0,1.71,568473.0,370.0,269.0
API,1/17/2022,545.7,560.9,528.0,556.0,3.93,749417.0,370.0,269.0
API,1/18/2022,567.0,567.0,541.2,554.0,-0.36,505764.0,370.0,269.0
API,1/19/2022,555.0,563.0,540.0,544.0,-1.81,370597.0,370.0,269.0
API,1/20/2022,544.0,552.0,535.1,550.0,1.1,338157.0,370.0,269.0
API,1/23/2022,555.0,561.0,540.1,543.0,-1.27,346555.0,370.0,269.0
API,1/24/2022,540.0,543.0,517.0,523.0,-3.68,726575.0,370.0,269.0
API,1/25/2022,520.0,532.9,512.2,520.0,-0.57,436548.0,370.0,269.0
API,1/26/2022,530.4,530.4,506.0,512.0,-1.54,326513.0,370.0,269.0
API,1/27/2022,522.2,522.2,511.0,517.0,0.98,216970.0,370.0,269.0
API,1/30/2022,527.3,547.0,527.3,546.0,5.61,485814.0,370.0,269.0
API,1/31/2022,550.0,554.0,533.0,534.0,-2.2,205486.0,370.0,269.0
API,2/1/2022,536.0,564.0,527.1,551.0,3.18,639178.0,370.0,269.0
API,2/3/2022,562.0,575.0,553.0,557.0,1.09,928168.0,370.0,269.0
API,2/6/2022,558.0,560.0,545.0,549.0,-1.44,471351.0,370.0,269.0
API,2/7/2022,550.0,553.0,540.0,544.0,-0.91,321698.0,370.0,269.0
API,2/8/2022,554.8,565.0,530.0,531.0,-2.39,608160.0,370.0,269.0
API,2/9/2022,531.0,539.0,520.7,526.0,-0.94,163741.0,370.0,269.0
API,2/10/2022,526.1,534.0,518.0,525.0,-0.19,280105.0,370.0,269.0
API,2/13/2022,514.8,516.0,500.0,505.0,-3.81,423866.0,370.0,269.0
API,2/14/2022,500.0,517.0,500.0,509.0,0.79,226699.0,370.0,269.0
API,2/15/2022,519.1,534.0,510.0,534.0,4.91,225080.0,370.0,269.0
API,2/16/2022,534.0,544.0,520.0,523.0,-2.06,400633.0,370.0,269.0
API,2/17/2022,515.0,532.9,515.0,520.1,-0.55,121812.0,370.0,269.0
API,2/20/2022,509.7,525.0,501.8,512.5,-1.46,321830.0,370.0,269.0
API,2/21/2022,513.0,524.5,513.0,524.0,2.24,182696.0,370.0,269.0
API,2/22/2022,534.0,534.0,521.0,525.0,0.19,194149.0,370.0,269.0
API,2/23/2022,516.0,530.0,516.0,520.5,-0.86,173749.0,370.0,269.0
API,2/24/2022,521.0,522.0,506.1,511.0,-1.83,232542.0,370.0,269.0
API,2/27/2022,521.2,522.5,507.0,512.1,0.22,188964.0,370.0,269.0
API,2/28/2022,522.3,531.0,496.1,498.9,-2.58,318283.0,370.0,269.0
API,3/2/2022,499.0,500.0,477.0,480.9,-3.61,270857.0,370.0,269.0
API,3/6/2022,480.0,495.0,475.1,483.0,0.44,231771.0,370.0,269.0
API,3/7/2022,480.0,489.0,475.0,479.0,-0.83,127110.0,370.0,269.0
API,3/9/2022,470.0,488.0,469.0,485.0,1.25,206132.0,370.0,269.0
API,3/10/2022,486.2,514.9,480.2,513.0,5.77,332982.0,370.0,269.0
API,3/13/2022,523.2,525.0,509.0,510.0,-0.58,586287.0,370.0,269.0
API,3/14/2022,512.0,513.9,503.0,506.0,-0.78,107448.0,370.0,269.0
API,3/15/2022,506.0,509.0,494.3,494.5,-2.27,244458.0,370.0,269.0
API,3/16/2022,499.9,500.0,484.0,488.0,-1.31,221484.0,370.0,269.0
API,3/20/2022,497.7,504.0,488.0,491.0,0.61,175891.0,370.0,269.0
API,3/21/2022,497.0,506.5,488.0,500.0,1.83,181741.0,370.0,269.0
API,3/22/2022,510.0,510.0,492.0,493.0,-1.4,149197.0,370.0,269.0
API,3/23/2022,499.0,500.0,491.0,492.0,-0.2,123535.0,370.0,269.0
API,3/24/2022,493.0,496.5,481.0,483.4,-1.75,212658.0,370.0,269.0
API,3/27/2022,493.0,493.0,464.0,466.9,-3.41,586214.0,370.0,269.0
API,3/28/2022,370.5,380.0,363.0,368.0,-21.18,250535.0,370.0,269.0
API,3/29/2022,374.9,374.9,358.0,358.3,-2.64,107311.0,370.0,269.0
API,3/30/2022,358.3,366.5,351.3,365.0,1.87,111966.0,370.0,269.0
API,3/31/2022,370.0,370.0,352.1,354.0,-3.01,73195.0,370.0,269.0
API,4/3/2022,357.9,357.9,341.0,343.0,-3.11,52936.0,370.0,269.0
API,4/4/2022,349.0,349.0,337.2,338.7,-1.25,49286.0,370.0,269.0
API,4/5/2022,339.0,339.0,320.5,328.5,-3.01,137046.0,370.0,269.0
API,4/6/2022,325.0,335.0,318.0,320.2,-2.53,100302.0,370.0,269.0
API,4/7/2022,324.0,330.0,318.0,323.0,0.87,92360.0,370.0,269.0
API,4/11/2022,329.4,335.0,315.0,315.1,-2.45,95861.0,370.0,269.0
API,4/12/2022,321.0,321.0,305.0,307.0,-2.57,66515.0,370.0,269.0
API,4/13/2022,310.9,313.1,300.0,310.5,1.14,92940.0,370.0,269.0
API,4/17/2022,316.0,316.0,304.0,304.0,-2.09,76631.0,370.0,269.0
API,4/18/2022,304.0,306.0,292.2,292.3,-3.85,96001.0,370.0,269.0
API,4/19/2022,295.9,302.0,282.0,297.0,1.61,114998.0,370.0,269.0
API,4/20/2022,298.0,302.0,287.2,288.0,-3.03,71239.0,370.0,269.0
API,4/21/2022,288.0,293.0,280.0,282.0,-2.08,102298.0,370.0,269.0
API,4/24/2022,287.0,310.2,282.0,309.5,9.75,175020.0,370.0,269.0
API,4/25/2022,315.6,325.3,301.0,308.9,-0.19,181132.0,370.0,269.0
API,4/26/2022,312.0,313.0,300.0,303.0,-1.91,133067.0,370.0,269.0
API,4/27/2022,303.0,307.0,300.1,305.8,0.92,69899.0,370.0,269.0
API,4/28/2022,309.0,310.0,298.9,300.0,-1.9,90958.0,370.0,269.0
API,5/2/2022,303.0,303.0,288.0,288.0,-4.0,95855.0,370.0,269.0
API,5/4/2022,288.0,291.5,276.4,284.0,-1.39,96312.0,370.0,269.0
API,5/5/2022,279.0,286.9,275.0,277.7,-2.22,87431.0,370.0,269.0
API,5/8/2022,277.7,293.6,273.0,290.0,4.43,55652.0,370.0,269.0
API,5/9/2022,295.0,299.0,287.0,290.8,0.28,84840.0,370.0,269.0
API,5/10/2022,290.0,308.0,289.0,305.0,4.88,80720.0,370.0,269.0
API,5/11/2022,305.0,321.0,302.0,321.0,5.25,127983.0,370.0,269.0
API,5/12/2022,327.0,327.0,310.5,311.9,-2.83,97370.0,370.0,269.0
API,5/17/2022,316.0,316.0,295.0,295.0,-5.42,100731.0,370.0,269.0
API,5/18/2022,295.0,309.0,290.0,307.1,4.1,103864.0,370.0,269.0
API,5/19/2022,307.0,310.8,298.0,298.0,-2.96,66165.0,370.0,269.0
API,5/20/2022,298.0,307.0,295.0,299.0,0.34,89137.0,370.0,269.0
API,5/23/2022,299.0,301.0,290.0,292.0,-2.34,75991.0,370.0,269.0
API,5/24/2022,293.0,304.0,291.0,298.0,2.05,74456.0,370.0,269.0
API,5/25/2022,303.9,303.9,297.0,301.0,1.01,85640.0,370.0,269.0
API,5/26/2022,301.0,304.0,295.1,301.0,0.0,45751.0,370.0,269.0
API,5/27/2022,303.0,303.0,291.1,293.2,-2.59,91619.0,370.0,269.0
API,5/30/2022,296.0,296.0,280.0,284.9,-2.83,108372.0,370.0,269.0
API,5/31/2022,280.0,288.0,277.5,283.0,-0.67,97365.0,370.0,269.0
API,6/1/2022,283.0,287.9,278.1,283.0,0.0,67778.0,370.0,269.0
API,6/2/2022,284.0,286.0,278.0,279.6,-1.2,49268.0,370.0,269.0
API,6/3/2022,275.0,282.0,266.0,270.0,-3.43,136695.0,370.0,269.0
API,6/6/2022,273.0,278.0,268.3,270.0,0.0,94843.0,370.0,269.0
API,6/7/2022,266.0,272.0,260.0,261.5,-3.15,66832.0,370.0,269.0
API,6/8/2022,264.0,284.3,261.0,277.0,5.93,168080.0,370.0,269.0
API,6/9/2022,280.0,287.5,273.5,273.5,-1.26,130758.0,370.0,269.0
API,6/10/2022,272.5,275.0,266.0,271.1,-0.88,55146.0,370.0,269.0
API,6/13/2022,270.0,274.9,267.0,268.9,-0.81,46426.0,370.0,269.0
API,6/14/2022,272.0,272.0,261.1,263.0,-2.19,55781.0,370.0,269.0
API,6/15/2022,259.0,264.1,254.1,255.8,-2.74,77367.0,370.0,269.0
API,6/16/2022,255.0,265.0,252.0,260.0,1.64,56754.0,370.0,269.0
API,6/17/2022,263.0,264.0,255.0,256.1,-1.5,18773.0,370.0,269.0
API,6/19/2022,255.0,257.0,244.5,247.0,-3.55,58175.0,370.0,269.0
API,6/20/2022,250.0,250.0,236.3,238.0,-3.64,91436.0,370.0,269.0
API,6/21/2022,236.5,252.0,236.5,248.8,4.54,84920.0,370.0,269.0
API,6/22/2022,249.9,251.0,239.0,239.0,-3.94,67088.0,370.0,269.0
API,6/23/2022,234.3,238.0,228.1,229.4,-4.02,107460.0,370.0,269.0
API,6/24/2022,225.0,237.0,217.6,230.0,0.26,94653.0,370.0,269.0
API,6/26/2022,234.6,251.0,230.3,250.0,8.7,136538.0,370.0,269.0
API,6/27/2022,255.0,258.0,241.0,241.0,-3.6,98607.0,370.0,269.0
API,6/28/2022,245.8,245.8,234.3,236.0,-2.07,67555.0,370.0,269.0
API,6/29/2022,240.5,246.9,234.1,245.9,4.19,70212.0,370.0,269.0
API,6/30/2022,249.0,260.0,243.1,257.0,4.51,142475.0,370.0,269.0
API,7/1/2022,259.9,264.0,250.9,254.0,-1.17,52836.0,370.0,269.0
API,7/3/2022,250.0,269.2,250.0,266.0,4.72,126419.0,370.0,269.0
API,7/4/2022,271.2,286.0,258.8,268.0,0.75,240769.0,370.0,269.0
API,7/5/2022,268.0,276.0,257.8,258.0,-3.73,117022.0,370.0,269.0
API,7/6/2022,263.0,263.0,249.5,261.9,1.51,84408.0,370.0,269.0
API,7/7/2022,265.0,271.0,257.9,258.0,-1.49,69073.0,370.0,269.0
API,7/8/2022,263.0,263.0,249.2,250.0,-3.1,49165.0,370.0,269.0
API,7/11/2022,245.0,245.0,236.0,238.0,-4.8,120708.0,370.0,269.0
API,7/12/2022,240.0,249.0,233.3,240.0,0.84,91642.0,370.0,269.0
API,7/13/2022,243.0,251.9,240.0,251.0,4.58,100815.0,370.0,269.0
API,7/14/2022,256.0,258.0,247.0,250.0,-0.4,75180.0,370.0,269.0
API,7/15/2022,250.0,250.0,240.7,244.5,-2.2,96160.0,370.0,269.0
API,7/17/2022,249.3,249.3,237.3,241.5,-1.23,96194.0,370.0,269.0
API,7/18/2022,242.0,255.9,240.8,254.0,5.18,235506.0,370.0,269.0
API,7/19/2022,257.0,259.0,251.0,253.0,-0.39,214474.0,370.0,269.0
API,7/20/2022,255.0,255.0,249.4,250.0,-1.19,155363.0,370.0,269.0
API,7/21/2022,250.0,251.0,245.0,248.0,-0.8,112624.0,370.0,269.0
API,7/22/2022,252.0,252.0,241.5,242.1,-2.38,104625.0,370.0,269.0
API,7/24/2022,242.0,253.0,242.0,251.5,3.88,151153.0,370.0,269.0
API,7/25/2022,252.2,266.0,252.1,264.0,4.97,346446.0,370.0,269.0
API,7/26/2022,264.0,272.0,255.0,257.0,-2.65,288063.0,370.0,269.0
API,7/27/2022,257.0,268.8,252.8,266.0,3.5,285928.0,370.0,269.0
API,7/28/2022,270.0,278.0,261.7,270.0,1.5,494557.0,370.0,269.0
API,7/29/2022,270.0,275.0,266.0,269.0,-0.37,114666.0,370.0,269.0
API,7/31/2022,273.0,274.3,265.2,269.0,0.0,299030.0,370.0,269.0
API,8/1/2022,273.9,285.0,268.5,274.0,1.86,465917.0,370.0,269.0
API,8/2/2022,278.0,278.8,270.0,276.7,0.99,176331.0,370.0,269.0
API,8/3/2022,282.0,296.0,275.0,288.8,4.37,527501.0,370.0,269.0
API,8/4/2022,288.0,295.0,280.0,284.0,-1.66,443504.0,370.0,269.0
API,8/5/2022,282.29,288.0,277.1,279.0,-1.76,202145.0,370.0,269.0
API,8/7/2022,284.5,284.5,276.2,279.2,0.07,167492.0,370.0,269.0
API,8/8/2022,284.0,285.0,273.2,274.0,-1.86,242756.0,370.0,269.0
API,8/9/2022,272.0,277.0,266.0,266.1,-2.88,203060.0,370.0,269.0
API,8/10/2022,261.0,268.0,260.0,266.0,-0.04,166162.0,370.0,269.0
API,8/11/2022,261.1,269.0,258.1,258.1,-2.97,116521.0,370.0,269.0
API,8/14/2022,254.0,260.7,251.0,253.5,-1.78,110544.0,370.0,269.0
API,8/15/2022,255.9,267.0,251.0,267.0,5.33,175432.0,370.0,269.0
API,8/16/2022,272.0,274.0,258.1,259.0,-3.0,194162.0,370.0,269.0
API,8/17/2022,264.1,265.0,257.0,261.0,0.77,94330.0,370.0,269.0
API,8/18/2022,264.0,274.0,262.1,273.0,4.6,288685.0,370.0,269.0
API,8/21/2022,278.4,278.6,273.0,275.0,0.73,363159.0,370.0,269.0
API,8/22/2022,275.0,278.6,271.0,275.0,0.0,200862.0,370.0,269.0
API,8/23/2022,278.9,278.9,273.2,276.9,0.69,197692.0,370.0,269.0
API,8/24/2022,275.5,282.0,273.7,277.5,0.22,291334.0,370.0,269.0
API,8/25/2022,273.0,279.9,268.2,270.0,-2.7,152557.0,370.0,269.0
API,8/26/2022,267.3,270.1,262.3,263.1,-2.56,120033.0,370.0,269.0
API,8/28/2022,266.0,266.0,251.9,253.0,-3.84,242602.0,370.0,269.0
API,8/29/2022,249.0,258.0,249.0,255.0,0.79,113983.0,370.0,269.0
API,8/30/2022,249.9,262.1,249.9,252.0,-1.18,78653.0,370.0,269.0
API,8/31/2022,256.0,256.0,245.1,246.0,-2.38,96352.0,370.0,269.0
API,9/1/2022,246.0,260.0,242.0,252.0,2.44,112830.0,370.0,269.0
API,9/2/2022,257.0,257.0,247.0,249.9,-0.83,67074.0,370.0,269.0
API,9/4/2022,253.0,255.0,248.0,249.5,-0.16,60074.0,370.0,269.0
API,9/5/2022,249.5,253.0,246.0,247.0,-1.0,53988.0,370.0,269.0
API,9/6/2022,250.0,250.0,237.0,237.1,-4.01,163829.0,370.0,269.0
API,9/7/2022,241.8,243.9,233.0,234.0,-1.31,103734.0,370.0,269.0
API,9/8/2022,238.6,242.0,232.0,238.4,1.88,84768.0,370.0,269.0
API,9/11/2022,242.9,242.9,232.0,232.8,-2.35,94395.0,370.0,269.0
API,9/12/2022,237.4,237.4,227.0,229.0,-1.63,99481.0,370.0,269.0
API,9/13/2022,225.1,235.0,225.1,231.2,0.96,93427.0,370.0,269.0
API,9/14/2022,230.0,244.9,230.0,241.9,4.63,180015.0,370.0,269.0
API,9/15/2022,244.0,245.0,226.0,229.0,-5.33,317116.0,370.0,269.0
API,9/16/2022,226.0,227.0,220.0,223.3,-2.49,123219.0,370.0,269.0
API,9/18/2022,227.3,227.3,218.0,218.2,-2.28,148803.0,370.0,269.0
API,9/20/2022,213.9,217.0,209.0,211.5,-3.07,143723.0,370.0,269.0
API,9/21/2022,211.5,218.0,210.0,212.6,0.52,87076.0,370.0,269.0
API,9/22/2022,214.8,215.0,210.2,210.3,-1.08,76107.0,370.0,269.0
API,9/25/2022,212.0,212.0,203.4,204.0,-3.0,68003.0,370.0,269.0
API,9/27/2022,204.0,210.4,204.0,207.3,1.62,51060.0,370.0,269.0
API,9/28/2022,208.0,211.9,205.9,206.0,-0.63,47421.0,370.0,269.0
API,9/29/2022,209.0,210.8,207.0,208.0,0.97,53974.0,370.0,269.0
API,10/9/2022,208.0,218.2,205.0,218.2,4.9,88950.0,370.0,269.0
API,10/10/2022,220.0,223.0,210.7,212.3,-2.7,69937.0,370.0,269.0
API,10/11/2022,215.0,215.0,208.8,210.0,-1.08,27612.0,370.0,269.0
API,10/12/2022,213.0,215.0,207.0,214.0,1.9,73768.0,370.0,269.0
API,10/13/2022,217.0,218.2,211.0,212.6,-0.65,48706.0,370.0,269.0
API,10/16/2022,216.8,216.8,209.0,210.0,-1.22,48594.0,370.0,269.0
API,10/17/2022,210.0,212.0,206.8,207.5,-1.19,35905.0,370.0,269.0
API,10/19/2022,209.0,209.0,202.0,203.5,-1.93,70362.0,370.0,269.0
API,10/20/2022,200.1,205.0,200.0,203.2,-0.15,41756.0,370.0,269.0
API,10/23/2022,203.0,206.0,202.0,205.0,0.89,27822.0,370.0,269.0
API,10/31/2022,209.0,209.0,203.0,203.9,-0.54,30748.0,370.0,269.0
API,11/1/2022,205.0,217.0,205.0,215.0,5.44,124060.0,370.0,269.0
API,11/2/2022,218.0,223.0,212.0,215.5,0.23,136203.0,370.0,269.0
API,11/3/2022,215.0,220.0,212.0,214.0,-0.7,76588.0,370.0,269.0
API,11/6/2022,210.0,221.0,209.8,219.5,2.57,103013.0,370.0,269.0
API,11/7/2022,220.0,227.0,220.0,221.0,0.68,153586.0,370.0,269.0
API,11/8/2022,218.1,225.0,218.1,220.6,-0.18,72543.0,370.0,269.0
API,11/9/2022,221.0,224.5,212.7,214.0,-2.99,110957.0,370.0,269.0
API,11/10/2022,216.0,216.5,208.9,210.0,-1.87,90190.0,370.0,269.0
API,11/13/2022,207.0,213.4,207.0,209.6,-0.19,47933.0,370.0,269.0
API,11/14/2022,207.2,215.0,207.2,215.0,2.58,43769.0,370.0,269.0
API,11/15/2022,217.0,218.6,210.0,211.0,-1.86,51424.0,370.0,269.0
API,11/16/2022,211.0,215.0,211.0,213.0,0.95,32120.0,370.0,269.0
API,11/17/2022,217.2,220.0,215.1,219.5,3.05,135049.0,370.0,269.0
API,11/22/2022,222.9,227.0,215.3,219.0,-0.23,69447.0,370.0,269.0
API,11/23/2022,218.9,218.9,212.0,215.0,-1.83,43184.0,370.0,269.0
API,11/24/2022,214.6,218.0,213.0,217.0,0.93,68691.0,370.0,269.0
API,11/27/2022,221.3,221.3,212.7,218.5,0.69,58945.0,370.0,269.0
API,11/28/2022,219.0,222.0,215.0,216.0,-1.14,77242.0,370.0,269.0
API,11/29/2022,219.0,219.0,213.0,217.0,0.46,44835.0,370.0,269.0
API,11/30/2022,215.0,217.5,214.0,215.0,-0.92,53958.0,370.0,269.0
API,12/1/2022,211.3,223.5,211.3,215.0,0.0,41949.0,370.0,269.0
API,12/4/2022,216.9,219.0,214.9,215.0,0.0,54503.0,370.0,269.0
API,12/5/2022,215.0,217.0,210.8,212.0,-1.4,59698.0,370.0,269.0
API,12/6/2022,212.0,213.8,209.0,210.8,-0.57,37374.0,370.0,269.0
API,12/7/2022,211.1,214.0,209.0,209.5,-0.62,46265.0,370.0,269.0
API,12/11/2022,207.0,208.9,205.0,205.1,-2.1,67442.0,370.0,269.0
API,12/12/2022,206.1,210.2,203.5,210.0,2.39,52494.0,370.0,269.0
API,12/13/2022,210.0,211.0,207.0,211.0,0.48,35836.0,370.0,269.0
API,12/14/2022,211.0,211.0,207.0,210.0,-0.47,73733.0,370.0,269.0
API,12/15/2022,211.9,211.9,206.0,206.1,-1.86,34879.0,370.0,269.0
API,12/18/2022,203.2,207.5,203.0,205.0,-0.53,102166.0,370.0,269.0
API,12/19/2022,205.0,207.0,202.0,206.0,0.49,23879.0,370.0,269.0
API,12/20/2022,208.0,208.0,204.0,206.0,0.0,36728.0,370.0,269.0
API,12/21/2022,205.0,207.5,203.0,203.5,-1.21,32153.0,370.0,269.0
API,12/22/2022,203.5,206.0,201.7,202.9,-0.29,42036.0,370.0,269.0
API,12/26/2022,206.9,219.4,205.8,214.0,5.47,180487.0,370.0,269.0
API,12/27/2022,218.2,229.9,216.6,225.4,5.33,381990.0,370.0,269.0
API,12/28/2022,229.9,229.9,218.0,222.2,-1.42,167287.0,370.0,269.0
API,12/29/2022,222.0,233.0,220.0,232.1,4.46,187455.0,370.0,269.0
API,1/1/2023,236.0,240.9,228.4,235.0,1.25,325636.0,370.0,269.0
API,1/2/2023,235.0,241.2,230.0,237.0,0.85,143592.0,370.0,269.0
API,1/3/2023,235.0,244.7,233.3,238.0,0.42,187018.0,370.0,269.0
API,1/4/2023,238.0,246.7,237.3,246.2,3.45,238825.0,370.0,269.0
API,1/5/2023,249.9,260.0,244.0,254.9,3.53,324170.0,370.0,269.0
API,1/8/2023,259.9,271.0,251.1,268.0,5.14,520212.0,370.0,269.0
API,1/9/2023,268.0,282.5,265.0,279.0,4.1,420210.0,370.0,269.0
API,1/10/2023,284.5,294.7,264.0,276.0,-1.08,723404.0,370.0,269.0
API,1/12/2023,281.5,287.6,267.2,273.0,-1.09,510318.0,370.0,269.0
API,1/17/2023,278.4,297.6,278.4,297.5,8.97,805545.0,370.0,269.0
API,1/18/2023,303.0,315.0,303.0,307.0,3.19,640766.0,370.0,269.0
API,1/19/2023,309.0,311.0,299.0,302.9,-1.34,310826.0,370.0,269.0
API,1/23/2023,304.0,306.0,290.3,292.5,-3.43,374466.0,370.0,269.0
API,1/24/2023,292.1,296.0,281.4,293.0,0.17,322545.0,370.0,269.0
API,1/25/2023,298.8,300.0,290.3,293.0,0.0,180816.0,370.0,269.0
API,1/26/2023,296.9,300.0,292.1,294.0,0.34,216573.0,370.0,269.0
API,1/29/2023,289.0,297.0,286.0,291.0,-1.02,189275.0,370.0,269.0
API,1/30/2023,296.8,300.0,285.0,287.0,-1.37,268081.0,370.0,269.0
API,1/31/2023,283.0,291.0,283.0,286.9,-0.03,183064.0,370.0,269.0
API,2/1/2023,292.6,292.6,284.0,286.0,-0.31,137891.0,370.0,269.0
API,2/2/2023,287.0,289.0,277.0,278.0,-2.8,172069.0,370.0,269.0
API,2/5/2023,282.0,285.6,279.0,280.0,0.72,143938.0,370.0,269.0
API,2/6/2023,279.0,282.0,276.1,277.5,-0.89,72022.0,370.0,269.0
API,2/7/2023,280.0,299.0,280.0,296.0,6.67,322313.0,370.0,269.0
API,2/8/2023,301.9,307.0,295.0,297.1,0.37,340566.0,370.0,269.0
API,2/9/2023,299.0,302.5,293.0,302.0,1.65,196932.0,370.0,269.0
API,2/12/2023,300.0,300.0,286.1,290.0,-3.97,267328.0,370.0,269.0
API,2/14/2023,290.1,292.0,285.0,286.9,-1.07,157080.0,370.0,269.0
API,2/15/2023,287.0,291.0,285.0,286.0,-0.31,216100.0,370.0,269.0
API,2/16/2023,271.0,271.3,263.0,264.0,-7.69,192595.0,370.0,269.0
API,2/20/2023,265.0,265.0,256.1,257.0,-2.65,103397.0,370.0,269.0
API,2/22/2023,257.0,269.0,257.0,267.0,3.89,120182.0,370.0,269.0
API,2/23/2023,263.0,267.0,257.0,261.0,-2.25,104391.0,370.0,269.0
API,2/26/2023,258.0,265.0,250.0,261.0,0.0,149115.0,370.0,269.0
API,2/27/2023,256.0,267.0,255.0,258.2,-1.07,139651.0,370.0,269.0
API,2/28/2023,263.3,264.0,259.1,261.0,1.08,61452.0,370.0,269.0
API,3/1/2023,258.0,263.0,257.0,257.9,-1.19,43554.0,370.0,269.0
API,3/2/2023,257.9,260.8,252.0,252.7,-2.02,60897.0,370.0,269.0
API,3/5/2023,253.0,256.0,244.5,245.0,-3.05,100717.0,370.0,269.0
API,3/7/2023,248.0,251.0,245.0,250.9,2.41,79981.0,370.0,269.0
API,3/9/2023,252.0,263.0,252.0,262.0,4.42,130326.0,370.0,269.0
API,3/12/2023,264.1,268.0,259.6,260.0,-0.76,126920.0,370.0,269.0
API,3/13/2023,260.0,263.8,254.0,256.9,-1.19,102785.0,370.0,269.0
API,3/14/2023,260.0,261.9,255.0,257.1,0.08,70064.0,370.0,269.0
API,3/15/2023,257.5,260.0,254.0,255.9,-0.47,51306.0,370.0,269.0
API,3/16/2023,256.5,260.8,253.0,258.6,1.06,72685.0,370.0,269.0
API,3/19/2023,257.0,260.7,256.6,257.1,-0.58,63739.0,370.0,269.0
API,3/20/2023,261.2,265.0,260.0,264.0,2.68,108879.0,370.0,269.0
API,3/22/2023,267.0,269.0,261.0,262.0,-0.76,85387.0,370.0,269.0
API,3/23/2023,262.0,262.0,257.0,259.0,-1.15,57545.0,370.0,269.0
API,3/26/2023,255.0,260.1,254.9,257.5,-0.58,59399.0,370.0,269.0
API,3/27/2023,258.0,261.9,252.5,261.0,1.36,88852.0,370.0,269.0
API,3/28/2023,264.9,266.0,260.3,262.5,0.57,133454.0,370.0,269.0
API,3/29/2023,267.7,267.7,256.0,260.1,-0.91,43359.0,370.0,269.0
API,3/30/2023,261.0,263.5,256.0,257.0,-1.19,35878.0,370.0,269.0
API,4/2/2023,261.1,264.5,254.0,254.9,-0.82,68598.0,370.0,269.0
API,4/3/2023,252.2,255.0,249.0,250.9,-1.57,82318.0,370.0,269.0
API,4/4/2023,250.0,252.9,247.0,250.0,-0.36,93745.0,370.0,269.0
API,4/5/2023,254.0,256.0,247.0,251.9,0.76,57399.0,370.0,269.0
API,4/6/2023,254.0,254.0,249.0,250.6,-0.52,59283.0,370.0,269.0
API,4/9/2023,247.0,250.0,243.3,245.0,-2.23,85579.0,370.0,269.0
API,4/10/2023,242.0,248.5,242.0,245.9,0.37,58572.0,370.0,269.0
API,4/11/2023,246.0,251.8,245.8,251.5,2.28,63448.0,370.0,269.0
API,4/12/2023,253.0,265.0,253.0,264.0,4.97,157450.0,370.0,269.0
API,4/13/2023,267.3,268.2,256.0,257.0,-2.65,103948.0,370.0,269.0
API,4/16/2023,258.0,261.0,252.1,256.5,-0.19,50157.0,370.0,269.0
API,4/17/2023,252.0,257.0,252.0,253.7,-1.09,40395.0,370.0,269.0
API,4/18/2023,254.0,256.0,250.0,251.0,-1.06,44574.0,370.0,269.0
API,4/19/2023,252.0,256.0,252.0,254.0,1.2,38705.0,370.0,269.0
API,4/20/2023,254.0,257.0,249.0,249.0,-1.97,35777.0,370.0,269.0
API,4/23/2023,249.0,249.1,243.5,245.0,-1.61,72931.0,370.0,269.0
API,4/24/2023,248.0,250.9,243.1,246.0,0.41,49325.0,370.0,269.0
API,4/25/2023,249.0,251.5,246.4,248.0,0.81,51065.0,370.0,269.0
API,4/26/2023,250.0,251.0,246.0,247.0,-0.4,41254.0,370.0,269.0
API,4/27/2023,250.0,250.0,245.0,246.9,-0.04,35423.0,370.0,269.0
API,4/30/2023,245.0,245.5,240.0,240.0,-2.79,79804.0,370.0,269.0
API,5/2/2023,242.0,243.0,236.2,237.0,-1.25,46209.0,370.0,269.0
API,5/3/2023,238.0,240.0,231.0,232.0,-2.11,41051.0,370.0,269.0
API,5/4/2023,232.0,237.6,230.0,232.0,0.0,54223.0,370.0,269.0
API,5/7/2023,230.1,234.0,230.0,230.0,-0.86,24892.0,370.0,269.0
API,5/8/2023,230.0,231.0,224.3,226.9,-1.35,58559.0,370.0,269.0
API,5/9/2023,229.9,234.0,226.1,231.0,1.81,60786.0,370.0,269.0
API,5/10/2023,233.8,234.0,228.0,230.8,-0.09,31206.0,370.0,269.0
API,5/11/2023,227.1,230.7,227.1,228.6,-0.95,28102.0,370.0,269.0
API,5/14/2023,231.0,232.0,222.0,222.2,-2.8,57995.0,370.0,269.0
API,5/15/2023,223.0,228.9,216.1,222.0,-0.09,88306.0,370.0,269.0
API,5/16/2023,224.9,228.0,220.0,228.0,2.7,37594.0,370.0,269.0
API,5/17/2023,224.0,232.0,224.0,230.0,0.88,63821.0,370.0,269.0
API,5/18/2023,230.0,238.0,229.0,238.0,3.48,90922.0,370.0,269.0
API,5/21/2023,240.0,242.7,233.5,235.5,-1.05,131151.0,370.0,269.0
API,5/22/2023,238.9,238.9,232.0,236.0,0.21,42504.0,370.0,269.0
API,5/23/2023,236.0,244.0,236.0,243.6,3.22,96631.0,370.0,269.0
API,5/24/2023,247.0,247.0,238.1,240.0,-1.48,81806.0,370.0,269.0
API,5/28/2023,240.0,244.0,236.3,237.0,-1.25,61183.0,370.0,269.0
API,5/30/2023,240.0,240.0,228.6,229.0,-3.38,91839.0,370.0,269.0
API,5/31/2023,224.5,234.0,223.0,226.0,-1.31,126150.0,370.0,269.0
API,6/1/2023,229.0,232.5,223.5,227.5,0.66,58716.0,370.0,269.0
API,6/4/2023,232.0,241.0,231.6,235.1,3.34,53028.0,370.0,269.0
API,6/5/2023,234.0,239.0,231.0,231.0,-1.74,56326.0,370.0,269.0
API,6/6/2023,229.2,235.4,229.2,234.9,1.69,69376.0,370.0,269.0
API,6/7/2023,236.0,240.2,235.0,235.9,0.43,73794.0,370.0,269.0
API,6/8/2023,233.0,239.0,233.0,234.4,-0.64,41396.0,370.0,269.0
API,6/11/2023,236.0,241.0,234.4,239.0,1.96,132447.0,370.0,269.0
API,6/12/2023,240.9,250.8,240.0,247.0,3.35,205356.0,370.0,269.0
API,6/13/2023,247.0,254.9,243.0,253.5,2.63,180943.0,370.0,269.0
API,6/14/2023,256.0,265.2,252.0,257.9,1.74,322799.0,370.0,269.0
API,6/15/2023,258.0,263.0,250.5,255.0,-1.12,156323.0,370.0,269.0
API,6/18/2023,250.0,262.0,250.0,257.9,1.14,224697.0,370.0,269.0
API,6/19/2023,255.0,260.2,253.0,258.0,0.04,115732.0,370.0,269.0
API,6/20/2023,261.5,261.5,248.0,248.2,-3.8,182475.0,370.0,269.0
API,6/21/2023,253.0,255.0,246.0,247.9,-0.12,165657.0,370.0,269.0
API,6/22/2023,252.8,260.0,247.3,249.8,0.77,198066.0,370.0,269.0
API,6/25/2023,250.1,258.0,242.0,258.0,3.28,271392.0,370.0,269.0
API,6/26/2023,263.1,263.1,250.0,254.6,-1.32,145988.0,370.0,269.0
API,6/27/2023,251.0,255.0,250.0,253.5,-0.43,146648.0,370.0,269.0
API,6/28/2023,258.5,263.0,250.9,251.2,-0.91,316707.0,370.0,269.0
API,7/2/2023,256.0,256.2,245.1,245.5,-2.27,178560.0,370.0,269.0
API,7/3/2023,245.0,248.0,237.0,238.0,-3.05,214754.0,370.0,269.0
API,7/4/2023,240.0,244.9,237.4,238.0,0.0,139037.0,370.0,269.0
API,7/5/2023,242.6,242.6,229.0,230.5,-3.15,185169.0,370.0,269.0
API,7/6/2023,235.1,235.1,225.5,229.0,-0.65,329037.0,370.0,269.0
API,7/9/2023,195.9,205.0,194.0,197.0,-13.97,226615.0,370.0,269.0
API,7/10/2023,199.9,200.0,193.2,193.5,-1.78,119170.0,370.0,269.0
API,7/11/2023,194.0,197.0,192.0,193.0,-0.26,91453.0,370.0,269.0
API,7/12/2023,195.0,205.9,193.0,204.0,5.7,199257.0,370.0,269.0
API,7/13/2023,208.0,210.0,197.0,199.0,-2.45,126946.0,370.0,269.0
API,7/16/2023,202.0,202.0,196.2,197.0,-1.01,51262.0,370.0,269.0
API,7/17/2023,200.0,202.9,197.5,200.4,1.73,93444.0,370.0,269.0
API,7/18/2023,204.0,204.0,199.2,201.0,0.3,73631.0,370.0,269.0
API,7/19/2023,200.0,201.0,197.0,198.0,-1.49,75349.0,370.0,269.0
API,7/20/2023,200.0,201.5,195.0,198.1,0.05,88593.0,370.0,269.0
API,7/23/2023,202.0,205.0,199.0,202.0,1.97,128875.0,370.0,269.0
API,7/24/2023,205.0,213.5,200.1,209.0,3.47,253696.0,370.0,269.0
API,7/25/2023,210.0,213.0,206.0,211.0,0.96,140043.0,370.0,269.0
API,7/26/2023,213.8,213.8,205.0,205.0,-2.84,89914.0,370.0,269.0
API,7/27/2023,207.5,207.5,200.0,201.0,-1.95,101123.0,370.0,269.0
API,7/30/2023,204.9,204.9,194.4,197.9,-1.54,140157.0,370.0,269.0
API,7/31/2023,200.0,200.9,196.1,198.0,0.05,47449.0,370.0,269.0
API,8/1/2023,197.0,199.5,193.0,195.0,-1.52,54835.0,370.0,269.0
API,8/2/2023,196.0,196.0,192.0,193.5,-0.77,56955.0,370.0,269.0
API,8/3/2023,194.5,195.6,191.2,192.0,-0.78,63551.0,370.0,269.0
API,8/6/2023,192.2,193.8,188.0,189.0,-1.56,72374.0,370.0,269.0
API,8/7/2023,191.0,191.8,185.5,189.9,0.48,76505.0,370.0,269.0
API,8/8/2023,190.0,192.0,185.0,186.0,-2.05,65044.0,370.0,269.0
API,8/9/2023,186.0,188.0,183.1,187.0,0.54,50217.0,370.0,269.0
API,8/10/2023,188.7,191.6,186.1,189.0,1.07,54528.0,370.0,269.0
API,8/13/2023,188.0,190.9,186.0,187.0,-1.06,39544.0,370.0,269.0
API,8/14/2023,190.7,190.7,186.0,187.0,0.0,41863.0,370.0,269.0
API,8/15/2023,186.5,188.0,183.0,183.1,-2.09,54740.0,370.0,269.0
API,8/16/2023,183.0,184.0,178.0,182.0,-0.6,54704.0,370.0,269.0
API,8/17/2023,182.0,182.0,177.7,178.0,-2.2,75026.0,370.0,269.0
API,8/20/2023,178.0,180.0,173.0,174.0,-2.25,67021.0,370.0,269.0
API,8/21/2023,175.5,175.5,171.0,171.0,-1.72,48085.0,370.0,269.0
API,8/22/2023,171.5,178.0,170.1,176.2,3.04,66079.0,370.0,269.0
API,8/23/2023,175.2,183.5,174.0,181.0,2.72,88445.0,370.0,269.0
API,8/24/2023,182.0,183.0,175.0,176.5,-2.49,63019.0,370.0,269.0
API,8/27/2023,178.0,178.0,171.2,172.0,-2.55,118813.0,370.0,269.0
API,8/28/2023,170.1,177.0,170.0,171.0,-0.58,98801.0,370.0,269.0
API,8/29/2023,173.0,174.4,169.5,170.0,-0.58,76199.0,370.0,269.0
API,8/30/2023,172.0,172.0,168.0,171.0,0.59,85688.0,370.0,269.0
API,9/3/2023,173.0,173.0,167.2,168.0,-1.75,53364.0,370.0,269.0
API,9/4/2023,170.0,171.0,166.8,168.0,0.0,37910.0,370.0,269.0
API,9/5/2023,168.0,169.0,166.0,166.9,-0.65,27204.0,370.0,269.0
API,9/7/2023,165.2,167.0,165.2,165.3,-0.96,57270.0,370.0,269.0
API,9/10/2023,167.0,171.9,165.0,166.9,0.97,46883.0,370.0,269.0
API,9/11/2023,169.0,169.3,165.0,169.0,1.26,64889.0,370.0,269.0
API,9/12/2023,170.9,171.9,167.5,167.6,-0.83,33054.0,370.0,269.0
API,9/13/2023,169.0,181.5,167.5,181.5,8.29,105729.0,370.0,269.0
API,9/17/2023,181.5,181.5,174.4,175.2,-3.47,81090.0,370.0,269.0
API,9/18/2023,175.0,178.7,173.0,177.0,1.03,49623.0,370.0,269.0
API,9/19/2023,177.0,188.7,174.0,187.0,5.65,115914.0,370.0,269.0
API,9/21/2023,189.0,200.0,189.0,195.0,4.28,264719.0,370.0,269.0
API,9/24/2023,195.0,200.1,186.0,188.8,-3.18,181111.0,370.0,269.0
API,9/25/2023,185.1,194.2,185.1,188.2,-0.32,65421.0,370.0,269.0
API,9/26/2023,191.0,200.0,191.0,194.5,3.35,238341.0,370.0,269.0
API,9/27/2023,198.3,198.3,189.0,194.0,-0.26,145578.0,370.0,269.0
API,10/1/2023,190.2,192.0,186.1,187.0,-3.61,91820.0,370.0,269.0
API,10/2/2023,189.0,192.0,184.0,191.9,2.62,76451.0,370.0,269.0
API,10/3/2023,188.2,190.0,185.2,186.0,-3.07,30334.0,370.0,269.0
API,10/4/2023,186.0,193.0,185.1,188.0,1.08,42642.0,370.0,269.0
API,10/5/2023,186.0,189.7,184.3,186.0,-1.06,37189.0,370.0,269.0
API,10/8/2023,182.3,186.1,177.0,177.2,-4.73,71156.0,370.0,269.0
API,10/9/2023,176.0,178.5,174.0,174.6,-1.47,72129.0,370.0,269.0
API,10/10/2023,172.0,175.0,172.0,172.9,-0.97,35819.0,370.0,269.0
API,10/11/2023,175.0,175.0,171.0,172.8,-0.06,48813.0,370.0,269.0
API,10/12/2023,170.1,176.0,169.0,171.0,-1.04,54984.0,370.0,269.0
API,10/16/2023,168.5,172.0,166.0,167.5,-2.05,73028.0,370.0,269.0
API,10/17/2023,168.0,174.6,168.0,172.2,2.81,42181.0,370.0,269.0
API,10/18/2023,174.0,175.0,171.3,173.0,0.46,44470.0,370.0,269.0
API,10/19/2023,170.9,174.9,166.4,171.9,-0.64,54796.0,370.0,269.0
API,10/29/2023,170.0,171.0,167.5,168.9,-1.75,23792.0,370.0,269.0
API,10/30/2023,166.3,170.0,166.3,169.8,0.53,28009.0,370.0,269.0
API,10/31/2023,168.1,169.9,167.2,169.0,-0.47,24779.0,370.0,269.0
API,11/1/2023,168.0,171.0,168.0,169.8,0.47,14481.0,370.0,269.0
API,11/2/2023,168.0,169.9,167.0,169.0,-0.47,36265.0,370.0,269.0
API,11/5/2023,167.0,168.0,165.1,165.5,-2.07,32290.0,370.0,269.0
API,11/6/2023,166.9,168.8,165.0,168.0,1.51,19550.0,370.0,269.0
API,11/7/2023,170.0,171.3,167.8,168.0,0.0,21550.0,370.0,269.0
API,11/8/2023,171.3,171.3,168.2,169.0,0.6,12114.0,370.0,269.0
API,11/9/2023,170.0,170.0,166.7,168.0,-0.59,21506.0,370.0,269.0
API,11/20/2023,164.7,166.4,156.8,160.3,-4.58,145957.0,370.0,269.0
API,11/21/2023,163.0,163.0,156.2,157.0,-2.06,62446.0,370.0,269.0
API,11/22/2023,159.0,159.0,154.7,158.0,0.64,44226.0,370.0,269.0
API,11/23/2023,159.0,160.0,157.0,159.0,0.63,82684.0,370.0,269.0
API,11/26/2023,159.0,166.1,159.0,165.5,4.09,155630.0,370.0,269.0
API,11/27/2023,165.0,167.9,162.7,163.2,-1.39,155066.0,370.0,269.0
API,11/28/2023,165.5,166.0,163.0,164.0,0.49,109484.0,370.0,269.0
API,11/29/2023,162.1,165.3,160.0,160.0,-2.44,83352.0,370.0,269.0
API,11/30/2023,156.8,163.0,156.0,156.9,-1.94,136142.0,370.0,269.0
API,12/3/2023,160.0,161.0,156.0,157.3,0.25,52723.0,370.0,269.0
API,12/4/2023,155.2,161.0,155.2,157.0,-0.19,71798.0,370.0,269.0
API,12/5/2023,155.4,159.0,155.4,157.4,0.25,65889.0,370.0,269.0
API,12/6/2023,156.0,159.0,155.0,159.0,1.02,132396.0,370.0,269.0
API,12/7/2023,159.4,162.9,157.2,161.0,1.26,139369.0,370.0,269.0
API,12/10/2023,164.2,173.4,164.2,172.0,6.83,71729.0,370.0,269.0
API,12/11/2023,172.9,175.2,167.2,171.5,-0.29,393700.0,370.0,269.0
API,12/12/2023,174.9,177.9,168.6,176.0,2.62,226829.0,370.0,269.0
API,12/13/2023,179.5,181.9,175.0,177.6,0.91,187159.0,370.0,269.0
API,12/14/2023,175.6,178.5,172.1,175.5,-1.18,128113.0,370.0,269.0
API,12/17/2023,174.0,190.7,170.0,190.0,8.26,518010.0,370.0,269.0
API,12/18/2023,192.0,201.0,191.1,192.0,1.05,587392.0,370.0,269.0
API,12/19/2023,195.8,195.8,188.2,192.1,0.05,207336.0,370.0,269.0
API,12/20/2023,195.0,200.0,190.0,192.3,0.1,400817.0,370.0,269.0
API,12/21/2023,195.0,195.5,187.5,187.5,-2.5,292204.0,370.0,269.0
API,12/24/2023,190.0,191.7,184.0,185.0,-1.33,306649.0,370.0,269.0
API,12/27/2023,188.7,192.0,180.0,180.0,-2.7,200208.0,370.0,269.0
API,12/28/2023,182.0,182.0,176.0,177.0,-1.67,271910.0,370.0,269.0
API,1/1/2024,178.0,180.5,175.6,177.0,0.0,139801.0,370.0,269.0
API,1/2/2024,177.0,178.0,173.5,174.5,-1.41,249035.0,370.0,269.0
API,1/3/2024,174.5,182.1,174.5,182.0,4.3,228192.0,370.0,269.0
API,1/4/2024,185.5,189.2,182.0,183.0,0.55,189419.0,370.0,269.0
API,1/7/2024,185.0,192.1,184.3,184.5,0.82,329000.0,370.0,269.0
API,1/8/2024,188.0,191.0,183.2,186.5,1.08,195187.0,370.0,269.0
API,1/9/2024,188.5,192.0,182.8,186.0,-0.27,343662.0,370.0,269.0
API,1/10/2024,189.5,189.5,182.0,182.9,-1.67,143020.0,370.0,269.0
API,1/11/2024,184.0,187.0,181.0,185.0,1.15,253584.0,370.0,269.0
API,1/14/2024,188.0,194.5,188.0,194.0,4.86,402898.0,370.0,269.0
API,1/16/2024,191.0,205.0,191.0,200.9,3.56,821079.0,370.0,269.0
API,1/17/2024,204.0,204.9,193.4,193.5,-3.68,589730.0,370.0,269.0
API,1/18/2024,190.0,202.0,189.9,198.0,2.33,480594.0,370.0,269.0
API,1/21/2024,200.0,212.5,198.0,205.0,3.54,1009989.0,370.0,269.0
API,1/22/2024,205.0,215.0,204.0,210.5,2.68,1148957.0,370.0,269.0
API,1/23/2024,214.7,221.9,211.0,218.0,3.56,826821.0,370.0,269.0
API,1/24/2024,222.3,222.3,209.8,211.0,-3.21,507284.0,370.0,269.0
API,1/25/2024,212.0,212.9,205.0,209.0,-0.95,435590.0,370.0,269.0
API,1/28/2024,213.1,213.1,205.8,208.7,-0.14,251123.0,370.0,269.0
API,1/29/2024,210.0,214.0,206.0,207.0,-0.81,469326.0,370.0,269.0
API,1/30/2024,210.0,211.0,206.0,207.0,0.0,430346.0,370.0,269.0
API,1/31/2024,207.5,211.0,203.5,203.9,-1.5,324592.0,370.0,269.0
API,2/1/2024,205.0,205.0,198.1,198.7,-2.55,372910.0,370.0,269.0
API,2/4/2024,199.0,202.3,195.1,197.5,-0.6,185914.0,370.0,269.0
API,2/5/2024,198.0,202.8,198.0,199.0,0.76,136985.0,370.0,269.0
API,2/6/2024,200.0,204.5,200.0,202.0,1.51,176832.0,370.0,269.0
API,2/7/2024,206.0,206.0,201.0,203.4,0.69,134579.0,370.0,269.0
API,2/8/2024,203.4,203.4,199.5,201.0,-1.18,386327.0,370.0,269.0
API,2/11/2024,205.0,205.0,198.1,198.5,-1.24,191351.0,370.0,269.0
API,2/12/2024,198.6,203.0,198.6,202.0,1.76,164294.0,370.0,269.0
API,2/13/2024,202.2,203.9,197.0,197.0,-2.48,249134.0,370.0,269.0
API,2/14/2024,197.0,199.9,194.5,196.3,-0.36,135428.0,370.0,269.0
API,2/15/2024,196.0,198.0,194.1,195.2,-0.56,167268.0,370.0,269.0
API,2/18/2024,195.2,197.0,189.0,190.0,-2.66,182646.0,370.0,269.0
API,2/20/2024,190.0,192.0,188.0,188.3,-0.89,140170.0,370.0,269.0
API,2/21/2024,190.5,191.0,186.0,186.3,-1.06,107413.0,370.0,269.0
API,2/22/2024,190.0,190.0,182.2,182.7,-1.93,136028.0,370.0,269.0
API,2/25/2024,183.0,184.0,175.0,178.5,-2.3,168121.0,370.0,269.0
API,2/26/2024,181.0,183.0,177.0,180.9,1.34,107236.0,370.0,269.0
API,2/27/2024,180.0,184.0,180.0,181.0,0.06,145129.0,370.0,269.0
API,2/28/2024,182.0,184.0,178.7,179.1,-1.05,73474.0,370.0,269.0
API,2/29/2024,179.5,181.5,175.0,176.6,-1.4,183421.0,370.0,269.0
API,3/3/2024,177.0,177.0,174.0,175.8,-0.45,103413.0,370.0,269.0
API,3/4/2024,179.0,193.3,179.0,193.3,9.95,23832.0,370.0,269.0
API,3/5/2024,197.0,197.0,183.0,185.9,-3.83,246540.0,370.0,269.0
API,3/6/2024,183.0,191.0,182.0,187.5,0.86,126770.0,370.0,269.0
API,3/7/2024,191.0,193.0,186.3,187.0,-0.27,103854.0,370.0,269.0
API,3/10/2024,190.7,193.0,186.0,188.0,0.53,76086.0,370.0,269.0
API,3/12/2024,190.0,192.5,188.8,191.5,1.86,109798.0,370.0,269.0
API,3/13/2024,192.5,195.0,189.0,191.1,-0.21,141916.0,370.0,269.0
API,3/14/2024,194.9,194.9,188.0,188.3,-1.47,84425.0,370.0,269.0
API,3/17/2024,188.5,192.2,186.0,186.9,-0.74,112547.0,370.0,269.0
API,3/18/2024,190.6,190.6,183.5,186.5,-0.21,44837.0,370.0,269.0
API,3/19/2024,186.5,188.2,183.7,184.0,-1.34,68803.0,370.0,269.0
API,3/20/2024,187.6,187.6,181.0,182.0,-1.09,134701.0,370.0,269.0
API,3/21/2024,180.1,185.0,180.1,181.0,-0.55,64761.0,370.0,269.0
API,3/25/2024,183.0,183.0,178.6,178.6,-1.33,63637.0,370.0,269.0
API,3/26/2024,179.0,180.5,178.0,179.0,0.22,70877.0,370.0,269.0
API,3/27/2024,182.5,182.5,179.0,179.5,0.28,76228.0,370.0,269.0
API,3/28/2024,183.0,183.0,177.9,178.5,-0.56,82530.0,370.0,269.0
API,3/31/2024,178.1,180.0,175.5,175.5,-1.68,74235.0,370.0,269.0
API,4/1/2024,175.5,177.0,174.5,174.6,-0.51,96679.0,370.0,269.0
API,4/2/2024,178.0,178.0,173.9,175.9,0.74,77640.0,370.0,269.0
API,4/3/2024,175.0,176.0,173.8,175.8,-0.06,80963.0,370.0,269.0
API,4/4/2024,177.0,177.0,172.3,173.0,-1.59,126042.0,370.0,269.0
API,4/7/2024,172.5,175.0,172.5,174.1,0.64,79571.0,370.0,269.0
API,4/9/2024,175.5,177.2,174.0,176.9,1.61,100318.0,370.0,269.0
API,4/10/2024,176.2,179.4,176.0,176.0,-0.51,80088.0,370.0,269.0
API,4/14/2024,176.0,178.0,173.5,173.9,-1.19,53425.0,370.0,269.0
API,4/15/2024,174.0,176.0,172.1,172.2,-0.98,42180.0,370.0,269.0
API,4/16/2024,172.2,173.0,170.0,171.3,-0.52,65358.0,370.0,269.0
API,4/18/2024,173.0,173.0,167.9,167.9,-1.98,57297.0,370.0,269.0
API,4/21/2024,167.0,174.7,167.0,174.7,4.05,71354.0,370.0,269.0
API,4/22/2024,177.0,177.0,170.1,170.8,-2.23,43640.0,370.0,269.0
API,4/24/2024,171.0,172.0,168.8,171.6,0.47,40255.0,370.0,269.0
API,4/25/2024,172.9,172.9,169.0,169.5,-1.22,44787.0,370.0,269.0
API,4/28/2024,170.0,171.0,168.7,171.0,0.88,72673.0,370.0,269.0
API,4/29/2024,174.4,174.4,168.7,169.7,-0.76,43152.0,370.0,269.0
API,4/30/2024,173.0,174.0,166.8,172.0,1.36,90284.0,370.0,269.0
API,5/2/2024,175.4,175.4,168.9,169.0,-1.74,77730.0,370.0,269.0
API,5/5/2024,169.0,171.0,165.0,167.7,-0.77,83736.0,370.0,269.0
API,5/6/2024,171.0,171.0,163.6,163.6,-2.44,110280.0,370.0,269.0
API,5/7/2024,164.0,165.9,162.3,162.5,-0.67,50652.0,370.0,269.0
API,5/8/2024,162.0,164.9,162.0,162.5,0.0,57476.0,370.0,269.0
API,5/9/2024,162.0,164.7,162.0,163.3,0.49,45154.0,370.0,269.0
API,5/12/2024,166.5,169.1,164.0,168.0,2.88,127385.0,370.0,269.0
API,5/13/2024,171.3,172.9,168.0,171.0,1.79,92681.0,370.0,269.0
API,5/14/2024,174.4,177.0,170.0,176.6,3.27,99404.0,370.0,269.0
API,5/15/2024,180.1,180.1,171.5,172.6,-2.27,92456.0,370.0,269.0
API,5/16/2024,175.0,175.0,170.2,170.2,-1.39,57581.0,370.0,269.0
API,5/19/2024,173.6,176.8,172.0,174.0,2.23,101527.0,370.0,269.0
API,5/20/2024,177.4,179.0,174.0,175.7,0.98,120958.0,370.0,269.0
API,5/21/2024,179.2,179.2,173.5,176.6,0.51,58253.0,370.0,269.0
API,5/22/2024,180.0,180.0,174.0,177.0,0.23,84333.0,370.0,269.0
API,5/26/2024,180.5,180.5,173.6,174.0,-1.69,92141.0,370.0,269.0
API,5/27/2024,177.4,177.4,171.5,173.0,-0.57,85640.0,370.0,269.0
API,5/29/2024,176.4,178.0,169.6,172.0,-0.58,89604.0,370.0,269.0
API,5/30/2024,169.2,173.5,168.1,169.2,-1.63,83097.0,370.0,269.0
API,6/2/2024,172.5,172.5,168.0,168.0,-0.71,73202.0,370.0,269.0
API,6/3/2024,171.3,172.5,167.4,168.0,0.0,73043.0,370.0,269.0
API,6/4/2024,171.3,171.3,167.0,168.9,0.54,90721.0,370.0,269.0
API,6/5/2024,172.2,172.2,166.1,167.0,-1.12,74511.0,370.0,269.0
API,6/6/2024,170.3,170.3,166.0,167.0,0.0,82468.0,370.0,269.0
API,6/9/2024,163.8,170.0,163.8,167.2,0.12,84448.0,370.0,269.0
API,6/10/2024,165.0,175.5,165.0,173.8,3.95,169792.0,370.0,269.0
API,6/11/2024,177.2,178.0,173.0,176.0,1.27,109567.0,370.0,269.0
API,6/12/2024,177.0,178.7,172.8,176.0,0.0,90041.0,370.0,269.0
API,6/13/2024,176.0,176.0,172.5,173.0,-1.7,78373.0,370.0,269.0
API,6/16/2024,176.3,176.3,170.1,173.8,0.46,91609.0,370.0,269.0
API,6/18/2024,176.0,176.0,171.1,172.8,-0.58,92253.0,370.0,269.0
API,6/19/2024,176.2,176.2,170.1,171.5,-0.75,63652.0,370.0,269.0
API,6/20/2024,174.0,174.0,169.0,169.0,-1.46,70965.0,370.0,269.0
API,6/23/2024,168.6,171.0,168.0,169.8,0.47,83716.0,370.0,269.0
API,6/24/2024,173.1,173.1,167.0,170.3,0.29,93658.0,370.0,269.0
API,6/25/2024,170.3,172.8,169.2,172.0,1.0,93043.0,370.0,269.0
API,6/26/2024,175.0,175.0,167.0,168.5,-2.03,86469.0,370.0,269.0
API,6/27/2024,171.8,171.8,165.2,166.1,-1.42,121831.0,370.0,269.0
API,6/30/2024,164.0,169.0,164.0,165.9,-0.12,114014.0,370.0,269.0
API,7/1/2024,165.5,167.0,164.2,165.9,0.0,108215.0,370.0,269.0
API,7/2/2024,169.2,182.0,169.2,172.5,3.98,116222.0,370.0,269.0
API,7/3/2024,174.0,174.0,169.7,171.0,-0.87,71127.0,370.0,269.0
API,7/4/2024,167.6,174.0,167.6,171.0,0.0,106318.0,370.0,269.0
API,7/7/2024,174.4,174.4,169.6,171.0,0.0,75586.0,370.0,269.0
API,7/8/2024,170.1,173.0,170.1,170.4,-0.35,73436.0,370.0,269.0
API,7/9/2024,173.8,173.8,169.0,171.0,0.35,106416.0,370.0,269.0
API,7/10/2024,173.0,173.5,170.7,172.3,0.76,95253.0,370.0,269.0
API,7/11/2024,173.0,176.1,173.0,176.1,2.21,172243.0,370.0,269.0
API,7/14/2024,179.6,190.7,177.0,188.0,6.76,351899.0,370.0,269.0
API,7/15/2024,190.0,199.9,188.2,191.0,1.6,605211.0,370.0,269.0
API,7/16/2024,191.0,210.0,191.0,209.4,9.63,883819.0,370.0,269.0
API,7/17/2024,213.5,214.0,202.0,208.8,-0.29,744724.0,370.0,269.0
API,7/18/2024,212.9,217.0,207.8,210.0,0.57,842492.0,370.0,269.0
API,7/21/2024,208.0,215.2,207.0,210.2,0.1,522204.0,370.0,269.0
API,7/22/2024,214.4,224.4,207.8,220.0,4.66,830170.0,370.0,269.0
API,7/23/2024,224.4,237.0,220.0,235.9,7.23,1043530.0,370.0,269.0
API,7/24/2024,240.0,241.6,225.0,228.1,-3.31,847574.0,370.0,269.0
API,7/25/2024,232.6,232.6,222.2,228.5,0.18,676251.0,370.0,269.0
API,7/28/2024,233.0,241.0,225.4,233.9,2.36,734555.0,370.0,269.0
API,7/29/2024,235.0,245.0,229.0,238.5,1.97,1020096.0,370.0,269.0
API,7/30/2024,243.2,247.0,231.0,241.0,1.05,819035.0,370.0,269.0
API,7/31/2024,244.6,264.2,244.0,258.1,7.1,1477229.0,370.0,269.0
API,8/1/2024,260.0,261.9,252.0,253.9,-1.63,828114.0,370.0,269.0
API,8/5/2024,258.9,270.0,250.0,269.7,6.22,1362971.0,370.0,269.0
API,8/6/2024,275.0,275.0,250.0,250.1,-7.27,1228937.0,370.0,269.0
API,8/7/2024,246.0,269.0,246.0,268.1,7.2,1010815.0,370.0,269.0
API,8/8/2024,271.0,285.0,268.0,275.9,2.91,1307915.0,370.0,269.0
API,8/11/2024,281.4,303.4,278.1,297.9,7.97,1406458.0,370.0,269.0
API,8/12/2024,297.9,325.0,297.9,320.0,7.42,1627746.0,370.0,269.0
API,8/13/2024,325.0,325.0,308.2,314.9,-1.59,1353662.0,370.0,269.0
API,8/14/2024,321.1,346.3,321.1,346.3,9.97,2237172.0,370.0,269.0
API,8/15/2024,353.2,380.9,353.2,375.0,8.29,1734493.0,370.0,269.0
API,8/18/2024,382.5,390.0,360.0,367.0,-2.13,2142354.0,370.0,269.0
API,8/21/2024,374.0,379.9,363.0,363.0,-1.09,1243099.0,370.0,269.0
API,8/22/2024,370.2,373.3,362.1,367.2,1.16,899006.0,370.0,269.0
API,8/25/2024,374.5,388.0,365.0,367.0,-0.05,2278787.0,370.0,269.0
API,8/27/2024,367.0,367.0,346.0,349.0,-4.9,1459450.0,370.0,269.0
API,8/28/2024,349.0,362.0,345.0,346.0,-0.86,962018.0,370.0,269.0
API,8/29/2024,352.9,352.9,330.0,335.5,-3.03,1084119.0,370.0,269.0
API,9/1/2024,342.0,342.0,325.6,328.0,-2.24,802824.0,370.0,269.0
API,9/2/2024,334.5,353.0,323.4,353.0,7.62,1225949.0,370.0,269.0
API,9/3/2024,360.0,362.0,348.1,352.0,-0.28,744150.0,370.0,269.0
API,9/4/2024,359.0,359.0,337.0,338.9,-3.72,719329.0,370.0,269.0
API,9/5/2024,340.0,343.0,330.2,335.1,-1.12,676073.0,370.0,269.0
API,9/8/2024,336.0,342.0,329.0,330.0,-1.52,389711.0,370.0,269.0
API,9/9/2024,330.0,332.0,320.1,321.0,-2.73,661100.0,370.0,269.0
API,9/10/2024,325.0,329.9,316.0,318.0,-0.93,502730.0,370.0,269.0
API,9/11/2024,324.3,324.3,310.0,312.0,-1.89,469446.0,370.0,269.0
API,9/12/2024,310.0,333.0,310.0,328.0,5.13,589306.0,370.0,269.0
API,9/15/2024,334.5,341.0,316.8,323.0,-1.52,765964.0,370.0,269.0
API,9/16/2024,329.4,329.4,314.6,318.7,-1.33,453103.0,370.0,269.0
API,9/18/2024,319.0,321.9,310.7,317.0,-0.53,335835.0,370.0,269.0
API,9/22/2024,323.3,333.0,315.0,315.9,-0.35,299687.0,370.0,269.0
API,9/23/2024,322.2,322.2,307.0,307.5,-2.66,378446.0,370.0,269.0
API,9/24/2024,308.0,312.0,300.1,301.0,-2.11,446031.0,370.0,269.0
API,9/25/2024,301.0,310.6,296.1,307.0,1.99,405463.0,370.0,269.0
API,9/26/2024,300.9,300.9,277.0,284.1,-7.46,1668374.0,370.0,269.0
API,9/29/2024,284.1,291.0,274.9,280.0,-1.44,487941.0,370.0,269.0
API,9/30/2024,285.6,286.0,280.0,282.9,1.04,243263.0,370.0,269.0
API,10/1/2024,285.9,302.3,284.0,301.0,6.4,612401.0,370.0,269.0
API,10/2/2024,304.0,305.0,293.0,293.0,-2.66,348725.0,370.0,269.0
API,10/6/2024,293.0,300.0,291.5,299.0,2.05,257587.0,370.0,269.0
API,10/7/2024,303.0,307.0,300.3,303.0,1.34,262692.0,370.0,269.0
API,10/8/2024,304.9,305.0,298.0,299.0,-1.32,168359.0,370.0,269.0
API,10/9/2024,295.3,299.9,295.3,296.0,-1.0,128800.0,370.0,269.0
API,10/15/2024,301.7,301.9,296.2,298.9,0.98,90654.0,370.0,269.0
API,10/16/2024,304.8,313.0,300.0,311.9,4.35,319074.0,370.0,269.0
API,10/17/2024,315.0,317.0,310.0,311.0,-0.29,426103.0,370.0,269.0
API,10/20/2024,290.3,300.0,286.0,290.4,-6.62,332686.0,370.0,269.0
API,10/21/2024,290.0,290.4,282.0,283.0,-2.55,252091.0,370.0,269.0
API,10/22/2024,283.0,287.9,278.1,287.0,1.41,167680.0,370.0,269.0
API,10/23/2024,287.0,299.0,286.5,289.5,0.87,215165.0,370.0,269.0
API,10/24/2024,290.0,295.0,287.0,291.0,0.52,139795.0,370.0,269.0
API,10/27/2024,292.0,299.0,290.0,292.8,0.62,198315.0,370.0,269.0
API,10/28/2024,293.0,298.0,293.0,293.5,0.24,166292.0,370.0,269.0
API,10/29/2024,297.0,297.0,293.2,294.5,0.34,180151.0,370.0,269.0
API,10/30/2024,300.0,300.0,292.1,293.0,-0.51,175332.0,370.0,269.0
API,11/5/2024,294.0,297.0,290.0,291.0,-0.68,101216.0,370.0,269.0
API,11/6/2024,290.0,295.0,289.5,289.7,-0.45,111418.0,370.0,269.0
API,11/10/2024,292.1,306.0,290.0,305.0,5.28,449721.0,370.0,269.0
API,11/11/2024,308.0,317.2,304.0,307.0,0.66,445338.0,370.0,269.0
API,11/12/2024,311.0,312.0,303.0,304.0,-0.98,164943.0,370.0,269.0
API,11/13/2024,304.0,308.0,299.0,302.0,-0.66,160461.0,370.0,269.0
API,11/14/2024,305.0,306.0,300.0,301.5,-0.17,215064.0,370.0,269.0
API,11/17/2024,307.0,313.0,302.1,303.0,0.5,275272.0,370.0,269.0
API,11/19/2024,309.0,309.0,295.0,296.3,-2.21,300482.0,370.0,269.0
API,11/20/2024,295.0,299.9,291.0,294.3,-0.67,164883.0,370.0,269.0
API,11/21/2024,297.0,298.0,288.5,288.5,-1.97,199748.0,370.0,269.0
API,11/24/2024,288.5,297.0,287.0,288.1,-0.14,147796.0,370.0,269.0
API,11/25/2024,293.8,295.0,285.3,288.2,0.03,146097.0,370.0,269.0
API,11/26/2024,293.9,299.0,289.9,291.5,1.15,138235.0,370.0,269.0
API,11/27/2024,295.0,298.1,291.0,293.2,0.58,200549.0,370.0,269.0
API,11/28/2024,294.0,296.9,289.0,290.8,-0.82,169222.0,370.0,269.0
API,12/1/2024,296.0,296.0,283.0,285.7,-1.75,176112.0,370.0,269.0
API,12/2/2024,283.0,293.0,283.0,286.5,0.28,204411.0,370.0,269.0
API,12/3/2024,292.2,292.2,283.5,285.1,-0.49,139222.0,370.0,269.0
API,12/4/2024,286.0,289.9,282.5,283.0,-0.74,165408.0,370.0,269.0
API,12/5/2024,280.1,285.0,278.4,279.0,-1.41,196864.0,370.0,269.0
API,12/8/2024,279.0,280.0,272.7,275.0,-1.43,174390.0,370.0,269.0
API,12/9/2024,278.0,278.9,273.0,274.7,-0.11,143288.0,370.0,269.0
API,12/10/2024,274.4,279.8,271.0,273.0,-0.62,142747.0,370.0,269.0
API,12/11/2024,275.0,278.3,271.5,278.0,1.83,126093.0,370.0,269.0
API,12/12/2024,279.0,279.9,273.5,273.5,-1.62,98358.0,370.0,269.0
API,12/16/2024,270.0,273.0,265.1,265.2,-3.03,163827.0,370.0,269.0
API,12/17/2024,265.2,266.0,260.2,264.9,-0.11,120356.0,370.0,269.0
API,12/18/2024,267.0,268.0,260.1,260.2,-1.77,93147.0,370.0,269.0
API,12/19/2024,263.0,263.0,252.5,254.0,-2.38,226106.0,370.0,269.0
API,12/22/2024,254.0,255.0,246.2,249.5,-1.77,155606.0,370.0,269.0
API,12/23/2024,252.0,259.0,250.0,257.5,3.21,103043.0,370.0,269.0
API,12/24/2024,259.8,264.9,256.6,263.3,2.25,170510.0,370.0,269.0
API,12/26/2024,260.1,265.2,258.1,265.0,0.65,114080.0,370.0,269.0
API,12/29/2024,265.0,265.0,260.0,260.0,-1.89,113072.0,370.0,269.0
API,12/31/2024,255.0,260.0,251.0,254.9,-1.96,158332.0,370.0,269.0
API,1/1/2025,251.1,259.0,251.1,257.6,1.06,60545.0,370.0,269.0
API,1/2/2025,253.1,262.7,253.1,259.0,0.54,112435.0,370.0,269.0
API,1/5/2025,260.9,263.0,256.3,259.0,0.0,81935.0,370.0,269.0
API,1/6/2025,262.0,273.0,262.0,273.0,5.41,239895.0,370.0,269.0
API,1/7/2025,276.29,280.0,271.1,277.0,1.47,139075.0,370.0,269.0
API,1/8/2025,282.5,282.5,273.0,273.6,-1.23,91988.0,370.0,269.0
API,1/9/2025,277.9,277.9,270.0,272.0,-0.58,90467.0,370.0,269.0
API,1/12/2025,277.4,277.4,263.9,264.0,-2.94,98566.0,370.0,269.0
API,1/13/2025,259.0,265.7,259.0,265.0,0.38,113713.0,370.0,269.0
API,1/15/2025,269.0,269.0,262.0,264.0,-0.38,80852.0,370.0,269.0
API,1/16/2025,262.0,267.0,260.0,260.2,-1.44,88684.0,370.0,269.0
API,1/19/2025,264.3,264.3,259.5,261.0,0.31,77618.0,370.0,269.0
API,1/20/2025,262.0,266.5,260.0,265.0,1.53,161479.0,370.0,269.0
API,1/21/2025,269.0,269.0,263.0,265.0,0.0,88968.0,370.0,269.0
API,1/22/2025,268.0,280.0,263.2,276.0,4.15,280865.0,370.0,269.0
API,1/23/2025,270.5,280.0,270.5,274.6,-0.51,185920.0,370.0,269.0
API,1/26/2025,275.0,281.0,272.0,272.0,-0.95,219485.0,370.0,269.0
API,1/27/2025,271.0,280.0,269.0,274.0,0.74,146653.0,370.0,269.0
API,1/28/2025,278.0,278.6,273.0,276.1,0.77,163976.0,370.0,269.0
API,2/2/2025,280.0,285.6,276.0,283.0,2.5,332202.0,370.0,269.0
API,2/3/2025,285.0,293.0,279.3,280.0,-1.06,223297.0,370.0,269.0
API,2/4/2025,280.1,285.0,275.0,278.0,-0.71,139885.0,370.0,269.0
API,2/5/2025,275.0,283.0,275.0,278.0,0.0,160895.0,370.0,269.0
API,2/6/2025,278.0,282.0,270.0,276.9,-0.4,211039.0,370.0,269.0
API,2/9/2025,282.4,290.0,280.0,282.1,1.88,415106.0,370.0,269.0
API,2/10/2025,285.0,286.0,276.0,278.0,-1.45,171659.0,370.0,269.0
API,2/11/2025,278.0,281.9,276.7,277.0,-0.36,83839.0,370.0,269.0
API,2/12/2025,277.1,281.9,275.0,276.0,-0.36,164135.0,370.0,269.0
API,2/13/2025,281.0,284.0,276.0,278.2,0.8,232428.0,370.0,269.0
API,2/16/2025,280.0,284.9,278.4,283.0,1.73,201401.0,370.0,269.0
API,2/17/2025,284.0,288.0,283.1,284.0,0.35,192106.0,370.0,269.0
API,2/18/2025,288.0,288.0,281.0,284.0,0.0,225723.0,370.0,269.0
API,2/20/2025,284.0,284.0,278.4,281.2,-0.99,141785.0,370.0,269.0
API,2/23/2025,276.0,281.0,271.0,278.9,-0.82,247460.0,370.0,269.0
API,2/24/2025,278.9,283.0,278.0,280.0,0.39,196770.0,370.0,269.0
API,2/25/2025,283.0,284.0,280.0,281.6,0.57,187657.0,370.0,269.0
API,2/27/2025,284.0,298.0,282.0,297.9,5.79,555924.0,370.0,269.0
API,3/2/2025,300.0,308.9,300.0,305.5,2.55,564504.0,370.0,269.0
API,3/3/2025,310.0,310.9,300.0,300.2,-1.73,401433.0,370.0,269.0
API,3/4/2025,300.0,308.0,297.5,297.9,-0.77,415989.0,370.0,269.0
API,3/5/2025,302.0,302.0,288.0,291.3,-2.22,350758.0,370.0,269.0
API,3/6/2025,292.0,295.8,292.0,294.0,0.93,182084.0,370.0,269.0
API,3/9/2025,299.5,299.5,289.2,291.0,-1.02,281911.0,370.0,269.0
API,3/10/2025,293.1,295.9,284.0,286.0,-1.72,151815.0,370.0,269.0
API,3/11/2025,283.0,286.0,279.7,280.0,-2.1,226840.0,370.0,269.0
API,3/12/2025,278.4,285.8,278.4,283.0,1.07,103851.0,370.0,269.0
API,3/16/2025,284.5,285.8,278.6,281.0,-0.71,141925.0,370.0,269.0
API,3/17/2025,281.0,283.1,279.0,279.2,-0.64,136275.0,370.0,269.0
API,3/18/2025,280.0,282.0,277.0,278.1,-0.39,104803.0,370.0,269.0
API,3/19/2025,280.0,281.6,273.0,274.9,-1.15,91368.0,370.0,269.0
API,3/20/2025,274.9,277.0,270.1,274.21,-0.25,138399.0,370.0,269.0
API,3/23/2025,277.0,277.0,266.0,266.52,-2.8,142380.0,370.0,269.0
API,3/24/2025,270.0,271.8,262.0,269.65,1.17,117606.0,370.0,269.0
API,3/25/2025,268.0,268.0,260.0,262.16,-2.78,186156.0,370.0,269.0
API,3/26/2025,263.0,269.9,263.0,268.45,2.4,87282.0,370.0,269.0
API,3/27/2025,266.0,272.6,266.0,270.71,0.84,90509.0,370.0,269.0
API,3/30/2025,271.0,278.9,268.1,275.01,1.59,197362.0,370.0,269.0
API,4/1/2025,280.0,280.0,270.2,272.32,-0.98,90402.0,370.0,269.0
API,4/2/2025,273.0,283.5,270.0,278.86,2.4,107555.0,370.0,269.0
API,4/3/2025,276.1,281.5,273.5,274.86,-1.43,106754.0,370.0,269.0
API,4/7/2025,276.0,277.5,268.7,270.23,-1.68,97290.0,370.0,269.0
API,4/8/2025,270.0,272.0,266.7,270.1,-0.05,90659.0,370.0,269.0
API,4/9/2025,273.0,274.4,269.1,269.99,-0.04,82416.0,370.0,269.0
API,4/10/2025,274.0,276.0,271.0,271.84,0.69,84629.0,370.0,269.0
API,4/13/2025,272.0,275.4,270.2,273.09,0.46,100848.0,370.0,269.0
API,4/15/2025,272.3,285.7,272.2,283.48,3.8,288959.0,370.0,269.0
API,4/16/2025,286.0,288.0,278.5,285.86,0.84,187755.0,370.0,269.0
API,4/17/2025,286.0,295.0,285.2,289.56,1.29,273916.0,370.0,269.0
API,4/20/2025,290.0,292.7,285.0,285.41,-1.43,225328.0,370.0,269.0
API,4/21/2025,290.0,294.9,283.1,290.8,1.89,303777.0,370.0,269.0
API,4/22/2025,290.8,294.0,288.3,289.41,-0.48,321623.0,370.0,269.0
API,4/23/2025,286.0,288.8,279.0,280.09,-3.22,286787.0,370.0,269.0
API,4/24/2025,278.0,283.0,276.5,281.03,0.34,189811.0,370.0,269.0
API,4/27/2025,283.0,295.9,281.0,292.34,4.02,484262.0,370.0,269.0
API,4/28/2025,294.9,300.0,286.6,287.51,-1.65,346763.0,370.0,269.0
API,4/29/2025,293.2,293.2,283.0,285.88,-0.57,147902.0,370.0,269.0
API,4/30/2025,290.0,307.0,281.0,293.2,2.56,397664.0,370.0,269.0
API,5/4/2025,299.0,313.0,297.0,305.82,4.3,1287648.0,370.0,269.0
API,5/5/2025,311.0,311.0,297.0,298.7,-2.33,440554.0,370.0,269.0
API,5/6/2025,304.6,307.0,299.0,304.59,1.97,568864.0,370.0,269.0
API,5/7/2025,310.6,315.0,305.8,311.24,2.18,811121.0,370.0,269.0
API,5/8/2025,315.0,327.0,305.0,318.46,2.32,1223562.0,370.0,269.0
API,5/11/2025,324.0,327.4,311.9,312.81,-1.77,586482.0,370.0,269.0
API,5/13/2025,319.0,323.0,303.5,305.54,-2.32,521728.0,370.0,269.0
API,5/14/2025,310.6,310.6,295.0,295.76,-3.2,380162.0,370.0,269.0
API,5/15/2025,291.0,302.0,291.0,295.45,-0.1,355365.0,370.0,269.0
API,5/18/2025,299.9,299.9,285.1,286.5,-3.03,266832.0,370.0,269.0
API,5/19/2025,290.8,295.0,288.0,291.65,1.8,251937.0,370.0,269.0
API,5/20/2025,297.4,305.9,287.1,303.64,4.11,220781.0,370.0,269.0
API,5/21/2025,309.7,318.9,297.0,298.98,-1.53,370098.0,370.0,269.0
API,5/22/2025,299.0,302.9,293.2,294.99,-1.33,226757.0,370.0,269.0
API,5/25/2025,297.0,300.0,289.2,292.06,-0.99,169873.0,370.0,269.0
API,5/26/2025,297.0,305.0,290.0,291.17,-0.3,164674.0,370.0,269.0
API,5/27/2025,291.0,296.5,287.1,291.46,0.1,147141.0,370.0,269.0
API,5/28/2025,289.0,299.9,289.0,296.47,1.72,230582.0,370.0,269.0
API,6/2/2025,302.3,308.3,290.3,294.47,-0.67,295057.0,370.0,269.0
API,6/3/2025,295.0,298.0,292.2,293.16,-0.44,106280.0,370.0,269.0
API,6/4/2025,290.0,295.9,288.5,291.92,-0.42,110358.0,370.0,269.0
API,6/5/2025,297.0,297.7,291.1,294.88,1.01,183979.0,370.0,269.0
API,6/8/2025,299.9,305.7,298.0,302.16,2.47,498690.0,370.0,269.0
API,6/9/2025,308.0,308.0,299.0,300.32,-0.61,169711.0,370.0,269.0
API,6/10/2025,301.0,308.0,301.0,302.0,0.56,283773.0,370.0,269.0
API,6/11/2025,308.0,315.0,294.0,312.35,3.43,745220.0,370.0,269.0
API,6/12/2025,315.0,326.0,309.0,311.89,-0.15,722893.0,370.0,269.0
API,6/15/2025,318.1,318.1,305.1,306.66,-1.68,456426.0,370.0,269.0
API,6/16/2025,312.0,312.0,300.0,300.62,-1.97,690474.0,370.0,269.0
API,6/17/2025,306.0,306.0,295.0,299.55,-0.36,199436.0,370.0,269.0
API,6/18/2025,295.0,304.0,295.0,298.1,-0.48,326931.0,370.0,269.0
API,6/19/2025,298.0,304.9,297.0,298.13,0.01,442333.0,370.0,269.0
API,6/22/2025,302.0,302.0,290.1,291.33,-2.28,236593.0,370.0,269.0
API,6/23/2025,294.0,295.0,290.0,292.53,0.41,165694.0,370.0,269.0
API,6/24/2025,297.0,298.0,293.0,293.07,0.18,127909.0,370.0,269.0
API,6/25/2025,298.9,298.9,290.1,291.6,-0.5,147758.0,370.0,269.0
API,6/26/2025,297.0,297.0,288.0,288.55,-1.05,223162.0,370.0,269.0
API,6/29/2025,294.0,294.0,288.1,288.63,0.03,136736.0,370.0,269.0
API,6/30/2025,294.0,294.0,288.2,290.46,0.63,96984.0,370.0,269.0
API,7/1/2025,294.0,294.0,289.0,293.16,0.93,107688.0,370.0,269.0
API,7/2/2025,299.0,299.0,292.5,293.72,0.19,119991.0,370.0,269.0
API,7/3/2025,294.0,297.4,291.2,296.16,0.83,170647.0,370.0,269.0
API,7/6/2025,300.0,300.0,293.0,293.98,-0.74,109254.0,370.0,269.0
API,7/7/2025,291.0,296.0,291.0,291.76,-0.76,105322.0,370.0,269.0
API,7/8/2025,295.0,295.0,290.0,290.82,-0.32,154968.0,370.0,269.0
API,7/9/2025,295.0,295.8,290.0,293.87,1.05,116858.0,370.0,269.0
API,7/10/2025,297.9,297.9,292.2,293.8,-0.02,150016.0,370.0,269.0
API,7/13/2025,299.6,305.5,291.0,292.0,-0.61,193696.0,370.0,269.0
API,7/14/2025,292.5,299.3,291.1,294.15,0.74,169139.0,370.0,269.0
API,7/15/2025,298.3,298.3,292.2,295.74,0.54,139508.0,370.0,269.0
API,7/16/2025,296.1,298.9,294.0,295.92,0.06,194996.0,370.0,269.0
API,7/17/2025,300.0,307.8,297.2,304.55,2.92,334212.0,370.0,269.0
API,7/20/2025,304.0,313.0,302.8,303.33,-0.4,365383.0,370.0,269.0
API,7/21/2025,303.33,307.0,300.0,302.99,-0.11,225064.0,370.0,269.0
API,7/22/2025,304.0,314.1,304.0,312.07,3.0,806211.0,370.0,269.0
API,7/23/2025,318.0,323.5,313.0,320.52,2.71,864614.0,370.0,269.0
API,7/24/2025,326.0,327.0,319.0,326.63,1.91,744394.0,370.0,269.0
API,7/27/2025,330.0,335.0,319.0,320.46,-1.89,847098.0,370.0,269.0
API,7/28/2025,324.0,324.0,313.2,319.79,-0.21,516878.0,370.0,269.0
API,7/29/2025,324.0,327.0,315.5,317.53,-0.71,294080.0,370.0,269.0
API,7/30/2025,318.0,320.0,309.7,310.32,-2.27,419018.0,370.0,269.0
API,7/31/2025,308.0,312.0,305.6,306.41,-1.26,316348.0,370.0,269.0
API,8/3/2025,300.3,311.0,300.3,302.47,-1.29,232409.0,370.0,269.0
API,8/4/2025,306.9,307.0,299.0,302.46,-0.0,220706.0,370.0,269.0
API,8/5/2025,306.0,306.9,298.0,298.95,-1.16,234095.0,370.0,269.0
API,8/6/2025,301.0,301.0,296.2,296.72,-0.75,178000.0,370.0,269.0
API,8/7/2025,299.0,301.9,296.0,300.73,1.35,130922.0,370.0,269.0
API,8/11/2025,301.0,305.0,297.6,297.92,-0.93,120347.0,370.0,269.0
API,8/12/2025,299.9,300.0,294.5,294.91,-1.01,204350.0,370.0,269.0
API,8/13/2025,295.0,300.0,295.0,297.99,1.04,182396.0,370.0,269.0
API,8/14/2025,300.0,301.7,296.7,299.29,0.44,110325.0,370.0,269.0
API,8/17/2025,305.0,305.0,294.2,294.68,-1.54,129103.0,370.0,269.0
API,8/18/2025,296.1,299.0,292.9,296.94,0.77,135668.0,370.0,269.0
API,8/19/2025,301.0,301.0,296.1,296.4,-0.18,73996.0,370.0,269.0
API,8/20/2025,294.0,299.1,293.0,294.47,-0.65,101467.0,370.0,269.0
API,8/21/2025,289.0,300.0,289.0,292.93,-0.52,102652.0,370.0,269.0
API,8/24/2025,287.1,296.0,287.1,291.03,-0.65,91001.0,370.0,269.0
API,8/25/2025,292.0,294.7,289.2,291.62,0.2,111248.0,370.0,269.0
API,8/26/2025,288.0,294.9,288.0,292.15,0.18,61205.0,370.0,269.0
API,8/27/2025,294.5,300.0,291.1,298.89,2.31,82744.0,370.0,269.0
API,8/28/2025,299.0,300.0,293.6,294.75,-1.39,141601.0,370.0,269.0
API,8/31/2025,292.1,295.0,290.6,291.63,-1.06,102618.0,370.0,269.0
API,9/1/2025,296.0,296.0,289.0,291.82,0.07,105523.0,370.0,269.0
API,9/2/2025,292.0,294.0,291.0,292.49,0.23,76495.0,370.0,269.0
API,9/3/2025,292.0,293.0,291.0,291.24,-0.43,62539.0,370.0,269.0
API,9/4/2025,290.6,293.0,288.0,290.42,-0.28,103704.0,370.0,269.0
API,9/7/2025,288.3,291.0,288.3,289.54,-0.3,50916.0,370.0,269.0
API,9/8/2025,286.1,292.0,284.2,287.28,-0.78,104913.0,370.0,269.0
API,9/18/2025,281.6,281.6,258.8,260.1,-9.46,22003.0,370.0,269.0
API,9/21/2025,260.5,286.1,260.1,286.1,10.0,228050.0,370.0,269.0
API,9/23/2025,291.8,297.0,287.0,291.9,2.03,127915.0,370.0,269.0
API,9/24/2025,294.0,294.0,286.0,288.0,-1.34,55215.0,370.0,269.0
API,9/25/2025,286.2,291.0,286.2,290.0,0.69,65656.0,370.0,269.0
API,9/28/2025,295.0,295.0,289.1,292.0,0.69,54704.0,370.0,269.0
API,10/7/2025,295.0,295.0,285.0,285.5,-2.23,87576.0,370.0,269.0
API,10/8/2025,285.0,290.0,276.1,280.0,-1.93,155349.0,370.0,269.0
API,10/9/2025,285.6,300.0,281.0,282.1,0.75,114738.0,370.0,269.0
API,10/12/2025,280.0,282.0,274.5,278.0,-1.45,149572.0,370.0,269.0
API,10/13/2025,278.2,280.0,272.8,280.0,0.72,71584.0,370.0,269.0
API,10/14/2025,282.0,282.0,275.0,275.4,-1.64,54458.0,370.0,269.0
API,10/15/2025,275.0,277.0,271.0,272.0,-1.23,60586.0,370.0,269.0
API,10/16/2025,275.0,275.0,269.0,270.2,-0.66,60777.0,370.0,269.0
API,10/19/2025,275.0,275.0,269.0,273.8,1.33,39985.0,370.0,269.0
API,10/26/2025,270.1,272.0,270.1,271.9,-0.69,24429.0,370.0,269.0
API,10/28/2025,272.0,282.0,272.0,282.0,3.71,71226.0,370.0,269.0
API,10/29/2025,282.0,286.8,278.0,279.0,-1.06,52858.0,370.0,269.0
API,10/30/2025,281.9,287.6,276.1,284.9,2.11,99728.0,370.0,269.0
API,11/2/2025,290.0,295.0,284.0,292.0,2.49,185519.0,370.0,269.0
API,11/3/2025,295.8,295.8,286.5,288.0,-1.37,94495.0,370.0,269.0
API,11/4/2025,286.0,290.5,284.0,284.0,-1.39,62787.0,370.0,269.0
API,11/5/2025,289.0,289.0,279.0,285.0,0.35,81456.0,370.0,269.0
API,11/6/2025,279.3,286.0,276.1,279.0,-2.11,202266.0,370.0,269.0
API,11/9/2025,280.0,281.9,275.0,277.0,-0.72,78651.0,370.0,269.0
API,11/10/2025,277.0,280.0,275.1,278.0,0.36,49196.0,370.0,269.0
API,11/11/2025,281.0,281.0,275.5,278.0,0.0,51845.0,370.0,269.0
API,11/12/2025,282.9,283.5,277.0,279.0,0.36,67951.0,370.0,269.0
API,11/13/2025,277.0,282.0,277.0,279.0,0.0,76950.0,370.0,269.0
API,11/16/2025,279.0,283.5,278.0,279.4,0.14,39873.0,370.0,269.0
API,11/17/2025,278.2,282.0,278.2,280.0,0.21,52109.0,370.0,269.0
API,11/18/2025,280.0,284.0,280.0,282.0,0.71,70131.0,370.0,269.0
API,11/19/2025,283.9,285.0,278.7,281.5,-0.18,71908.0,370.0,269.0
API,11/20/2025,280.0,283.4,278.1,279.4,-0.75,54780.0,370.0,269.0
API,11/23/2025,281.0,284.0,280.4,282.5,1.11,52037.0,370.0,269.0
API,11/24/2025,285.0,288.0,284.5,286.5,1.42,97848.0,370.0,269.0
API,11/25/2025,292.0,292.0,284.2,286.6,0.03,76856.0,370.0,269.0
API,11/26/2025,285.1,295.0,285.1,292.7,2.13,244015.0,370.0,269.0
API,11/27/2025,292.7,298.0,291.8,293.0,0.1,157671.0,370.0,269.0
API,11/30/2025,295.0,298.0,287.3,288.0,-1.71,197101.0,370.0,269.0
API,12/1/2025,283.0,291.1,283.0,289.0,0.35,81123.0,370.0,269.0
API,12/2/2025,283.5,293.0,283.5,291.0,0.69,114052.0,370.0,269.0
API,12/3/2025,291.0,293.7,284.9,288.0,-1.03,118277.0,370.0,269.0
API,12/7/2025,288.0,288.2,284.7,285.1,-1.01,72320.0,370.0,269.0
API,12/8/2025,285.3,288.7,282.5,284.0,-0.39,79735.0,370.0,269.0
API,12/9/2025,286.0,287.9,284.3,284.5,0.18,45685.0,370.0,269.0
API,12/10/2025,284.0,287.9,282.0,283.0,-0.53,46990.0,370.0,269.0
API,12/11/2025,281.0,285.9,281.0,282.7,-0.11,77387.0,370.0,269.0
API,12/14/2025,285.0,285.5,282.0,285.0,0.81,101266.0,370.0,269.0
API,12/15/2025,286.0,286.9,281.4,285.5,0.18,62377.0,370.0,269.0
API,12/16/2025,285.5,289.0,285.5,288.4,1.02,93849.0,370.0,269.0
API,12/17/2025,289.9,291.0,288.0,290.0,0.55,97365.0,370.0,269.0
API,12/18/2025,290.0,290.8,287.0,288.0,-0.69,103102.0,370.0,269.0
API,12/21/2025,288.0,288.8,285.0,288.0,0.0,99202.0,370.0,269.0
API,12/22/2025,293.0,293.0,284.0,286.0,-0.69,79278.0,370.0,269.0
API,12/23/2025,286.0,289.0,285.0,288.0,0.7,177114.0,370.0,269.0
API,12/24/2025,290.1,290.1,286.5,289.0,0.35,62486.0,370.0,269.0
API,12/28/2025,292.5,296.0,289.0,295.7,2.32,161296.0,370.0,269.0
API,12/29/2025,299.8,299.8,291.6,292.5,-1.08,144967.0,370.0,269.0
API,12/31/2025,298.3,298.3,292.6,295.0,0.85,175971.0,370.0,269.0
API,1/1/2026,295.5,296.0,291.0,294.0,-0.34,224858.0,370.0,269.0
API,1/4/2026,280.0,283.4,276.0,281.2,-4.35,80581.0,370.0,269.0
API,1/5/2026,283.0,285.0,281.2,284.0,1.0,79148.0,370.0,269.0
API,1/6/2026,286.8,289.0,283.2,284.0,0.0,203231.0,370.0,269.0
API,1/7/2026,283.1,287.0,282.0,285.9,0.67,102029.0,370.0,269.0
API,1/8/2026,285.9,289.0,284.2,285.5,-0.14,74785.0,370.0,269.0
API,1/12/2026,284.5,289.0,284.5,288.8,1.16,152308.0,370.0,269.0
API,1/13/2026,288.0,292.0,287.0,289.4,0.21,51673.0,370.0,269.0
API,1/14/2026,289.9,291.0,287.0,289.3,-0.03,50519.0,370.0,269.0
API,1/18/2026,295.0,295.0,288.0,290.0,0.24,68116.0,370.0,269.0
API,1/20/2026,294.0,299.9,290.3,299.9,3.41,295108.0,370.0,269.0
API,1/21/2026,299.0,301.4,293.2,295.9,-1.33,213242.0,370.0,269.0
API,1/22/2026,294.8,300.5,292.0,298.0,0.71,216291.0,370.0,269.0
API,1/25/2026,299.5,309.5,299.5,308.0,3.36,603653.0,370.0,269.0
API,1/26/2026,312.0,312.0,300.0,306.8,-0.39,604511.0,370.0,269.0
API,1/27/2026,307.0,308.9,297.4,297.5,-3.03,423362.0,370.0,269.0
API,1/28/2026,296.2,301.0,291.0,298.0,0.17,334494.0,370.0,269.0
API,1/29/2026,296.0,305.0,294.0,299.7,0.57,318879.0,370.0,269.0
API,2/1/2026,300.1,300.1,295.0,297.0,-0.9,196511.0,370.0,269.0
API,2/2/2026,297.0,301.0,296.0,298.0,0.34,136059.0,370.0,269.0
API,2/3/2026,300.0,300.0,292.1,296.5,-0.5,124815.0,370.0,269.0
API,2/4/2026,298.0,299.0,293.0,296.0,-0.17,132476.0,370.0,269.0
API,2/5/2026,301.0,312.1,296.2,303.0,2.36,536969.0,370.0,269.0
API,2/8/2026,305.0,311.0,299.6,301.9,-0.36,585301.0,370.0,269.0
API,2/9/2026,307.9,307.9,296.0,297.0,-1.62,448876.0,370.0,269.0
API,2/10/2026,297.0,309.3,297.0,302.0,1.68,416755.0,370.0,269.0
API,2/11/2026,305.0,311.0,300.1,303.0,0.33,276403.0,370.0,269.0
API,2/12/2026,309.0,309.0,302.2,303.0,0.0,409062.0,370.0,269.0
API,2/16/2026,306.0,306.0,297.3,299.5,-1.16,266669.0,370.0,269.0
API,2/17/2026,297.0,301.4,292.1,295.0,-1.5,233251.0,370.0,269.0
API,2/22/2026,295.0,299.0,290.0,291.0,-1.36,191264.0,370.0,269.0
API,2/23/2026,290.5,297.8,290.4,297.8,2.34,173416.0,370.0,269.0
API,2/24/2026,291.9,299.0,291.9,297.0,-0.27,116135.0,370.0,269.0
API,2/25/2026,300.7,304.0,295.0,302.0,1.68,271738.0,370.0,269.0
API,2/26/2026,296.9,315.0,296.9,312.4,3.44,1054543.0,370.0,269.0
API,2/27/2026,296.9,315.0,296.9,312.4,0.0,1054543.0,370.0,269.0
API,2/28/2026,296.9,315.0,296.9,312.4,0.0,1054543.0,370.0,269.0
API,3/2/2026,312.4,321.0,308.0,316.0,1.15,1049844.0,370.0,269.0
API,3/3/2026,316.0,319.0,312.2,317.0,0.32,483492.0,370.0,269.0
API,3/4/2026,316.0,319.0,312.2,317.0,0.0,483492.0,370.0,269.0
API,3/5/2026,316.0,319.0,312.2,317.0,0.0,483492.0,370.0,269.0
API,3/6/2026,316.0,319.0,312.2,317.0,0.0,483492.0,370.0,269.0
API,3/7/2026,316.0,319.0,312.2,317.0,0.0,483492.0,370.0,269.0
API,3/8/2026,316.0,319.0,312.2,317.0,0.0,483492.0,370.0,269.0
API,3/9/2026,323.0,345.0,323.0,340.0,7.26,47031.0,370.0,269.0
API,3/10/2026,345.0,347.0,323.0,341.0,0.29,1842222.0,370.0,269.0
API,3/11/2026,341.0,355.0,336.2,340.0,-0.29,1303521.0,370.0,269.0
API,3/12/2026,345.0,345.0,335.3,336.3,-1.09,719166.0,370.0,269.0
API,3/13/2026,345.0,345.0,335.3,336.3,0.0,719166.0,370.0,269.0
API,3/14/2026,345.0,345.0,335.3,336.3,0.0,719166.0,370.0,269.0
API,3/15/2026,343.0,343.0,335.2,339.8,1.04,922715.0,370.0,269.0
API,3/16/2026,339.0,343.9,331.0,333.0,-2.0,566324.0,370.0,269.0
API,3/17/2026,332.5,343.7,331.0,341.0,2.4,768540.0,370.0,269.0
API,3/18/2026,332.5,343.7,331.0,341.0,0.0,768540.0,370.0,269.0
API,3/19/2026,347.8,353.9,342.2,344.4,1.0,1528471.0,370.0,269.0
API,3/20/2026,347.8,353.9,342.2,344.4,0.0,1528471.0,370.0,269.0
API,3/21/2026,347.8,353.9,342.2,344.4,0.0,1528471.0,370.0,269.0
API,3/22/2026,348.0,351.2,339.2,343.5,-0.26,1005619.0,370.0,269.0
API,3/23/2026,343.0,349.5,337.7,348.0,1.31,799386.0,370.0,269.0
API,3/24/2026,354.0,367.9,351.0,361.4,3.85,1601369.0,370.0,269.0
API,3/25/2026,360.0,368.9,358.7,359.0,-0.66,1429057.0,370.0,269.0
API,3/26/2026,359.0,365.9,354.0,364.2,1.45,886488.0,370.0,269.0
API,3/29/2026,360.0,366.0,353.0,356.0,-1.11,1046367.0,370.0,269.0
API,3/30/2026,355.0,359.2,350.0,357.6,0.73,1092401.0,370.0,269.0
API,3/31/2026,364.7,364.7,346.0,358.1,-1.81,1143683.0,370.0,269.0
API,4/1/2026,356.1,358.5,343.1,350.0,-1.71,1304796.0,370.0,269.0
API,4/2/2026,350.0,356.8,343.0,353.0,0.86,787287.0,370.0,269.0
API,4/5/2026,350.5,350.5,324.6,325.0,-7.28,979663.0,370.0,269.0
API,4/6/2026,325.0,348.0,324.0,346.0,6.46,936872.0,370.0,269.0
API,4/7/2026,350.0,350.8,339.2,341.5,-2.43,428867.0,370.0,269.0
API,4/8/2026,345.0,350.0,342.0,349.0,1.16,472857.0,370.0,269.0
API,4/9/2026,347.0,355.0,344.0,352.2,1.5,740288.0,370.0,269.0
API,4/10/2026,354.0,355.0,346.0,351.0,-0.85,571583.0,370.0,269.0
API,4/13/2026,351.0,354.0,345.0,348.2,-0.8,382840.0,370.0,269.0
API,4/15/2026,345.0,357.2,345.0,353.7,2.52,568585.0,370.0,269.0
API,4/16/2026,350.0,357.0,348.8,349.5,-0.14,511242.0,370.0,269.0
API,4/17/2026,349.8,352.0,345.1,349.0,-0.23,303048.0,370.0,269.0
API,4/20/2026,350.0,350.0,341.5,345.0,-1.43,223229.0,370.0,269.0
API,4/21/2026,346.1,348.0,339.0,339.1,-2.02,241252.0,370.0,269.0
API,4/22/2026,340.0,347.0,332.0,341.0,0.29,383874.0,370.0,269.0
API,4/23/2026,350.0,350.0,335.0,339.9,-2.89,189547.0,370.0,269.0
API,4/24/2026,338.0,341.0,331.1,339.9,0.56,255929.0,370.0,269.0
API,4/27/2026,339.9,345.0,340.0,341.0,0.32,206969.0,370.0,269.0
API,4/28/2026,341.0,347.0,339.0,339.1,-0.56,308091.0,370.0,269.0
API,4/29/2026,339.1,340.5,334.0,335.9,-0.94,197327.0,370.0,269.0
API,4/30/2026,352.6,352.6,326.0,334.9,-5.02,155102.0,370.0,269.0
API,5/4/2026,341.0,341.0,329.0,330.0,-3.23,142392.0,370.0,269.0
API,5/5/2026,330.0,335.0,326.0,333.5,1.06,137642.0,370.0,269.0
API,5/6/2026,330.0,335.0,329.0,331.0,0.3,148569.0,370.0,269.0
API,5/7/2026,333.8,335.0,329.7,332.3,-0.45,210088.0,370.0,269.0
API,5/8/2026,332.0,338.9,330.1,337.0,1.51,96734.0,370.0,269.0
API,5/11/2026,337.1,350.2,337.1,349.0,3.53,416462.0,370.0,269.0
API,5/12/2026,366.4,366.4,343.0,345.0,-5.84,294922.0,370.0,269.0
API,5/13/2026,345.0,348.0,339.0,343.8,-0.35,104602.0,370.0,269.0
API,5/14/2026,343.8,349.9,339.0,348.0,1.22,139575.0,370.0,269.0
API,5/15/2026,351.0,352.7,346.2,349.0,-0.57,326556.0,370.0,269.0
API,5/18/2026,349.0,353.0,347.0,349.0,0.0,176371.0,370.0,269.0
API,5/19/2026,340.0,352.0,340.0,351.0,3.24,205977.0,370.0,269.0
API,5/20/2026,353.0,355.0,350.0,355.0,0.57,321600.0,370.0,269.0
API,5/21/2026,355.0,360.0,350.0,354.4,-0.17,234332.0,370.0,269.0
API,5/22/2026,351.1,358.0,351.0,357.2,1.74,450813.0,370.0,269.0
API,5/25/2026,359.0,363.0,357.2,359.8,0.22,510631.0,370.0,269.0
API,5/26/2026,360.0,362.9,355.4,358.8,-0.33,367226.0,370.0,269.0
API,5/27/2026,360.0,364.8,356.5,364.0,1.11,577850.0,370.0,269.0
API,6/1/2026,370.0,370.0,354.0,355.4,-3.95,405037.0,370.0,269.0
API,6/2/2026,355.5,360.0,351.4,357.0,0.42,318836.0,370.0,269.0
API,6/3/2026,361.0,361.0,355.6,356.6,-1.22,325966.0,370.0,269.0
API,6/4/2026,357.0,360.0,351.1,351.5,-1.54,234515.0,370.0,269.0
API,6/5/2026,359.0,359.0,347.3,348.0,-3.06,264603.0,370.0,269.0
API,6/8/2026,348.0,350.0,345.3,346.7,-0.37,154559.0,370.0,269.0
API,6/9/2026,346.7,348.5,341.3,347.8,0.32,219669.0,370.0,269.0
API,6/10/2026,347.0,352.0,345.1,349.0,0.58,217481.0,370.0,269.0
API,6/11/2026,352.0,352.0,346.0,349.9,-0.6,131419.0,370.0,269.0
API,6/12/2026,340.0,350.0,340.0,346.9,2.03,197228.0,370.0,269.0
API,6/15/2026,349.0,353.0,346.0,347.3,-0.49,164989.0,370.0,269.0
API,6/16/2026,348.9,348.9,342.0,343.2,-1.63,120794.0,370.0,269.0
API,6/17/2026,345.0,346.0,341.5,343.7,-0.38,85029.0,370.0,269.0
API,6/18/2026,343.7,346.7,340.5,342.0,-0.49,145538.0,370.0,269.0
API,6/19/2026,344.0,344.7,340.6,343.0,-0.29,185863.0,370.0,269.0
API,6/22/2026,345.0,348.0,340.7,341.5,-1.01,77278.0,370.0,269.0
API,6/23/2026,340.1,342.7,338.0,339.0,-0.32,164146.0,370.0,269.0
API,6/24/2026,337.0,339.0,331.1,337.8,0.24,219330.0,370.0,269.0
API,6/26/2026,338.9,358.0,334.0,336.9,-0.59,185402.0,370.0,269.0
API,6/29/2026,336.9,345.0,331.0,332.5,-1.31,207481.0,370.0,269.0
API,6/30/2026,333.0,334.8,329.9,331.7,-0.39,190230.0,370.0,269.0
API,7/1/2026,333.0,340.0,331.0,334.8,0.54,170972.0,370.0,269.0
API,7/2/2026,336.0,336.0,331.8,333.8,-0.65,114229.0,370.0,269.0
API,7/3/2026,333.0,335.9,332.5,334.9,0.57,139836.0,370.0,269.0
API,7/6/2026,332.0,335.9,329.0,330.0,-0.6,182193.0,370.0,269.0
API,7/7/2026,330.0,334.9,330.0,334.9,1.48,146305.0,370.0,269.0
API,7/8/2026,334.0,334.0,329.4,331.0,-0.9,119506.0,370.0,269.0
API,7/9/2026,333.8,333.8,327.0,328.0,-1.74,138762.0,370.0,269.0
API,7/10/2026,329.0,332.8,325.0,325.5,-1.06,258635.0,370.0,269.0
API,7/13/2026,326.0,327.8,320.0,322.0,-1.23,230835.0,370.0,269.0
API,7/14/2026,322.0,325.0,318.0,321.9,-0.03,187891.0,370.0,269.0
API,7/15/2026,322.1,328.0,322.0,323.8,0.53,121842.0,370.0,269.0
API,7/16/2026,325.1,326.8,320.3,320.7,-1.35,143676.0,370.0,269.0
API,7/17/2026,305.0,339.9,305.0,339.9,11.44,217252.0,370.0,269.0
API,7/20/2026,339.0,347.5,330.1,346.0,2.06,374987.0,370.0,269.0
API,7/21/2026,346.0,349.6,341.0,344.0,-0.58,409983.0,370.0,269.0
API,7/22/2026,340.0,345.7,339.0,343.5,1.03,229342.0,370.0,269.0
API,7/23/2026,340.0,345.0,339.0,342.5,0.74,255571.0,370.0,269.0
API,7/24/2026,325.4,351.0,325.4,344.0,5.72,242798.0,370.0,269.0
API,7/27/2026,342.0,344.8,335.1,336.0,-1.75,189693.0,370.0,269.0
API,7/28/2026,335.0,337.1,332.0,336.5,0.45,115848.0,370.0,269.0
API,7/29/2026,336.5,339.0,334.0,335.0,-0.45,110350.0,370.0,269.0
API,7/30/2026,339.0,339.0,332.0,333.0,-1.77,88031.0,370.0,269.0
API,7/31/2026,334.8,337.0,332.0,335.3,0.15,126694.0,370.0,269.0
API,8/3/2026,335.3,340.0,332.3,334.5,-0.24,131466.0,370.0,269.0
API,8/4/2026,333.0,336.7,330.4,331.8,-0.36,80675.0,370.0,269.0
API,8/5/2026,331.8,334.9,330.1,332.0,0.06,68858.0,370.0,269.0
API,8/6/2026,331.2,334.0,330.2,331.9,0.21,102691.0,370.0,269.0
API,8/7/2026,331.0,332.3,328.2,330.0,-0.3,82236.0,370.0,269.0
API,8/10/2026,330.1,331.9,325.0,328.5,-0.48,127348.0,370.0,269.0
API,8/11/2026,330.0,335.0,325.1,332.0,0.61,242144.0,370.0,269.0
API,8/12/2026,339.8,339.8,328.3,331.0,-2.59,116519.0,370.0,269.0
API,8/13/2026,333.9,337.8,328.0,331.6,-0.69,164167.0,370.0,269.0
API,8/14/2026,336.8,336.8,328.5,332.9,-1.16,194581.0,370.0,269.0
API,8/17/2026,332.9,335.1,330.1,332.6,-0.09,118215.0,370.0,269.0
API,8/18/2026,333.0,336.9,329.0,330.0,-0.9,117926.0,370.0,269.0
API,8/19/2026,329.0,331.5,327.4,330.0,0.3,112132.0,370.0,269.0
API,8/20/2026,331.0,336.0,328.0,335.4,1.33,139127.0,370.0,269.0
API,8/21/2026,335.0,337.0,332.3,335.0,0.0,127525.0,370.0,269.0
API,8/24/2026,335.0,335.0,329.1,331.0,-1.19,137437.0,370.0,269.0
API,8/25/2026,331.0,332.0,328.0,329.8,-0.36,95180.0,370.0,269.0
API,8/26/2026,329.0,332.0,325.0,327.5,-0.46,168054.0,370.0,269.0
API,8/27/2026,325.0,328.9,320.1,325.9,0.28,177092.0,370.0,269.0
API,8/31/2026,325.9,325.9,321.7,322.2,-1.14,132043.0,370.0,269.0
API,9/1/2026,320.0,328.6,320.0,325.6,1.75,119139.0,370.0,269.0
API,9/2/2026,327.0,329.2,325.0,329.2,0.67,78284.0,370.0,269.0
API,9/3/2026,330.0,330.0,325.0,326.1,-1.18,115353.0,370.0,269.0
API,9/7/2026,330.0,331.8,326.7,329.0,-0.3,172177.0,370.0,269.0
API,9/9/2026,329.0,330.5,325.0,327.5,-0.46,114456.0,370.0,269.0
API,9/10/2026,334.0,334.7,324.7,326.0,-2.4,169478.0,370.0,269.0
API,9/11/2026,327.0,334.9,325.0,334.7,2.35,229569.0,370.0,269.0
API,9/14/2026,335.0,342.0,333.6,340.0,1.49,523868.0,370.0,269.0
API,9/15/2026,350.0,355.0,339.4,343.9,-1.74,825838.0,370.0,269.0
API,9/16/2026,344.0,344.7,337.1,339.1,-1.42,249346.0,370.0,269.0
API,9/17/2026,345.0,345.0,334.8,335.6,-2.72,350329.0,370.0,269.0
API,9/18/2026,337.9,338.8,334.0,336.0,-0.56,266606.0,370.0,269.0
API,9/22/2026,336.0,340.9,335.0,338.9,0.86,229526.0,370.0,269.0
API,9/23/2026,338.0,338.9,333.3,334.0,-1.18,233494.0,370.0,269.0
API,9/24/2026,334.0,335.7,330.1,334.8,0.24,222714.0,370.0,269.0
API,9/28/2026,336.0,337.9,333.0,335.0,-0.3,156465.0,370.0,269.0
API,9/29/2026,336.0,336.0,331.0,0.0,-100.0,101719.0,370.0,269.0
API,9/30/2026,335.0,336.5,333.4,335.0,0.0,202391.0,370.0,269.0
API,10/1/2026,335.0,345.0,332.0,341.0,1.79,673595.0,370.0,269.0
API,10/2/2026,341.0,344.0,335.2,338.8,-0.65,262532.0,370.0,269.0
AVYAN,12/21/2025,940.5,960.0,940.0,945.0,,1912.0,1366.0,906.0
AVYAN,12/22/2025,930.0,940.0,929.0,929.0,-1.69,2429.0,1366.0,906.0
AVYAN,12/23/2025,916.4,932.0,916.4,928.1,-0.1,489.0,1366.0,906.0
AVYAN,12/24/2025,935.0,940.0,925.0,925.2,-0.31,1500.0,1366.0,906.0
AVYAN,12/28/2025,910.0,943.7,910.0,940.0,1.6,1519.0,1366.0,906.0
AVYAN,12/29/2025,930.0,935.0,925.0,925.0,-1.6,1056.0,1366.0,906.0
AVYAN,12/31/2025,925.0,938.0,925.0,938.0,1.41,2019.0,1366.0,906.0
AVYAN,1/1/2026,922.1,935.0,906.0,920.6,-1.86,3674.0,1366.0,906.0
AVYAN,1/4/2026,906.0,929.0,906.0,928.8,0.89,1197.0,1366.0,906.0
AVYAN,1/5/2026,917.1,941.0,917.1,941.0,1.31,3154.0,1366.0,906.0
AVYAN,1/6/2026,922.2,980.0,922.2,957.0,1.7,2158.0,1366.0,906.0
AVYAN,1/7/2026,940.1,958.0,940.0,945.0,-1.25,3236.0,1366.0,906.0
AVYAN,1/8/2026,950.0,950.0,932.1,946.0,0.11,3803.0,1366.0,906.0
AVYAN,1/12/2026,930.0,950.0,928.0,949.5,0.37,3439.0,1366.0,906.0
AVYAN,1/13/2026,931.0,950.0,925.0,946.0,-0.37,3301.0,1366.0,906.0
AVYAN,1/14/2026,928.0,935.5,925.0,934.0,-1.27,2536.0,1366.0,906.0
AVYAN,1/18/2026,952.6,964.0,940.0,955.0,2.25,3132.0,1366.0,906.0
AVYAN,1/20/2026,965.0,970.0,956.0,958.7,0.39,4178.0,1366.0,906.0
AVYAN,1/21/2026,950.0,969.0,925.0,959.0,0.03,1795.0,1366.0,906.0
AVYAN,1/22/2026,942.0,965.0,942.0,963.0,0.42,5793.0,1366.0,906.0
AVYAN,1/25/2026,963.0,1041.0,944.0,973.0,1.04,8737.0,1366.0,906.0
AVYAN,1/26/2026,990.0,1015.0,960.4,990.0,1.75,12601.0,1366.0,906.0
AVYAN,1/27/2026,1004.9,1009.8,956.0,972.0,-1.82,9812.0,1366.0,906.0
AVYAN,1/28/2026,991.0,991.4,941.0,984.0,1.23,7807.0,1366.0,906.0
AVYAN,1/29/2026,979.0,980.0,945.2,968.0,-1.63,4895.0,1366.0,906.0
AVYAN,2/1/2026,969.9,970.0,930.0,960.0,-0.83,4037.0,1366.0,906.0
AVYAN,2/2/2026,950.0,959.0,935.9,959.0,-0.1,5556.0,1366.0,906.0
AVYAN,2/3/2026,959.0,960.0,940.0,941.0,-1.88,5569.0,1366.0,906.0
AVYAN,2/4/2026,955.0,955.0,932.0,943.0,0.21,4362.0,1366.0,906.0
AVYAN,2/5/2026,943.0,961.8,932.2,958.0,1.59,4150.0,1366.0,906.0
AVYAN,2/8/2026,977.0,1009.8,941.0,966.0,0.84,21320.0,1366.0,906.0
AVYAN,2/9/2026,961.0,985.0,960.0,974.0,0.83,8535.0,1366.0,906.0
AVYAN,2/10/2026,960.1,979.0,960.1,965.0,-0.92,3200.0,1366.0,906.0
AVYAN,2/11/2026,984.0,984.0,950.0,950.1,-1.54,6399.0,1366.0,906.0
AVYAN,2/12/2026,936.0,978.0,936.0,975.0,2.62,3212.0,1366.0,906.0
AVYAN,2/16/2026,992.0,992.0,972.0,972.1,-0.3,12571.0,1366.0,906.0
AVYAN,2/17/2026,991.0,991.0,946.0,960.0,-1.24,6029.0,1366.0,906.0
AVYAN,2/22/2026,960.0,960.0,941.0,946.0,-1.46,4891.0,1366.0,906.0
AVYAN,2/23/2026,936.2,967.0,936.2,951.0,0.53,2670.0,1366.0,906.0
AVYAN,2/24/2026,951.0,969.9,950.0,960.0,0.95,2470.0,1366.0,906.0
AVYAN,2/25/2026,955.0,975.0,955.0,970.0,1.04,2716.0,1366.0,906.0
AVYAN,2/26/2026,970.0,975.0,966.0,970.3,0.03,2975.0,1366.0,906.0
AVYAN,2/27/2026,970.0,975.0,966.0,970.3,0.0,2975.0,1366.0,906.0
AVYAN,2/28/2026,970.0,975.0,966.0,970.3,0.0,2975.0,1366.0,906.0
AVYAN,3/2/2026,955.0,975.0,933.1,975.0,0.48,5539.0,1366.0,906.0
AVYAN,3/3/2026,960.2,980.0,960.0,979.8,0.49,4729.0,1366.0,906.0
AVYAN,3/4/2026,960.2,980.0,960.0,979.8,0.0,4729.0,1366.0,906.0
AVYAN,3/5/2026,960.2,980.0,960.0,979.8,0.0,4729.0,1366.0,906.0
AVYAN,3/6/2026,960.2,980.0,960.0,979.8,0.0,4729.0,1366.0,906.0
AVYAN,3/7/2026,960.2,980.0,960.0,979.8,0.0,4729.0,1366.0,906.0
AVYAN,3/8/2026,960.2,980.0,960.0,979.8,0.0,4729.0,1366.0,906.0
AVYAN,3/9/2026,999.3,1039.5,999.3,1039.5,6.09,30.0,1366.0,906.0
AVYAN,3/10/2026,1060.0,1060.0,995.0,1039.0,-0.05,23583.0,1366.0,906.0
AVYAN,3/11/2026,1039.0,1045.0,1002.0,1029.0,-0.96,11811.0,1366.0,906.0
AVYAN,3/12/2026,1008.5,1046.0,1008.5,1035.0,0.58,7772.0,1366.0,906.0
AVYAN,3/13/2026,1008.5,1046.0,1008.5,1035.0,0.0,7772.0,1366.0,906.0
AVYAN,3/14/2026,1008.5,1046.0,1008.5,1035.0,0.0,7772.0,1366.0,906.0
AVYAN,3/15/2026,1040.0,1101.0,1030.0,1090.0,5.31,39625.0,1366.0,906.0
AVYAN,3/16/2026,1082.0,1110.0,1071.1,1078.0,-1.1,20694.0,1366.0,906.0
AVYAN,3/17/2026,1060.0,1092.0,1058.4,1087.9,0.92,7731.0,1366.0,906.0
AVYAN,3/18/2026,1060.0,1092.0,1058.4,1087.9,0.0,7731.0,1366.0,906.0
AVYAN,3/19/2026,1070.0,1122.0,1070.0,1098.0,0.93,31275.0,1366.0,906.0
AVYAN,3/20/2026,1070.0,1122.0,1070.0,1098.0,0.0,31275.0,1366.0,906.0
AVYAN,3/21/2026,1070.0,1122.0,1070.0,1098.0,0.0,31275.0,1366.0,906.0
AVYAN,3/22/2026,1119.0,1207.8,1098.0,1207.8,10.0,57648.0,1366.0,906.0
AVYAN,3/23/2026,1231.9,1304.9,1161.0,1280.0,5.98,53054.0,1366.0,906.0
AVYAN,3/24/2026,1254.4,1365.7,1230.0,1365.7,6.7,32098.0,1366.0,906.0
AVYAN,3/25/2026,1366.0,1366.0,1229.2,1260.0,-7.74,54272.0,1366.0,906.0
AVYAN,3/26/2026,1235.0,1310.0,1201.0,1279.0,3.56,42163.0,1366.0,906.0
AVYAN,3/29/2026,1253.5,1275.0,1200.0,1210.0,-3.47,21765.0,1366.0,906.0
AVYAN,3/30/2026,1200.0,1272.0,1162.1,1199.9,-0.01,20407.0,1366.0,906.0
AVYAN,3/31/2026,1176.0,1215.0,1165.1,1211.0,2.98,25104.0,1366.0,906.0
AVYAN,4/1/2026,1186.8,1283.0,1137.0,1221.0,2.88,23730.0,1366.0,906.0
AVYAN,4/2/2026,1196.6,1225.5,1153.1,1189.0,-0.64,29686.0,1366.0,906.0
AVYAN,4/5/2026,1189.0,1198.0,1070.1,1114.0,-6.31,14422.0,1366.0,906.0
AVYAN,4/6/2026,1100.0,1212.7,1090.8,1135.0,3.18,20606.0,1366.0,906.0
AVYAN,4/7/2026,1154.0,1154.0,1089.0,1100.0,-4.68,17755.0,1366.0,906.0
AVYAN,4/8/2026,1122.0,1175.0,1101.0,1130.0,0.71,13668.0,1366.0,906.0
AVYAN,4/9/2026,1107.4,1195.0,1107.4,1182.0,6.74,9523.0,1366.0,906.0
AVYAN,4/10/2026,1158.4,1224.0,1158.4,1198.7,3.48,19577.0,1366.0,906.0
AVYAN,4/13/2026,1174.8,1198.0,1160.0,1163.1,-1.0,6895.0,1366.0,906.0
AVYAN,4/15/2026,1150.0,1184.0,1150.0,1170.0,1.74,10297.0,1366.0,906.0
AVYAN,4/16/2026,1193.0,1193.0,1132.0,1134.0,-4.95,6778.0,1366.0,906.0
AVYAN,4/17/2026,1111.4,1201.5,1111.4,1135.0,2.12,5255.0,1366.0,906.0
AVYAN,4/20/2026,1078.3,1149.0,1078.3,1149.0,6.56,8147.0,1366.0,906.0
AVYAN,4/21/2026,1149.0,1149.0,1101.1,1105.5,-3.79,6470.0,1366.0,906.0
AVYAN,4/22/2026,1106.0,1129.0,1068.1,1080.0,-2.35,10634.0,1366.0,906.0
AVYAN,4/23/2026,1080.0,1180.0,1062.0,1100.0,1.85,5886.0,1366.0,906.0
AVYAN,4/24/2026,1100.0,1100.0,1067.0,1089.7,-0.94,2458.0,1366.0,906.0
AVYAN,4/27/2026,1089.7,1115.0,1064.0,1094.0,0.39,3124.0,1366.0,906.0
AVYAN,4/28/2026,1094.0,1120.0,1088.1,1115.9,2.0,7530.0,1366.0,906.0
AVYAN,4/29/2026,1093.0,1117.0,1088.2,1100.4,0.68,5220.0,1366.0,906.0
AVYAN,4/30/2026,1080.0,1180.0,1080.0,1100.0,1.85,6954.0,1366.0,906.0
AVYAN,5/4/2026,1100.0,1158.7,1100.0,1115.0,1.36,10880.0,1366.0,906.0
AVYAN,5/5/2026,1059.3,1128.0,1059.3,1128.0,6.49,8716.0,1366.0,906.0
AVYAN,5/6/2026,1071.6,1130.0,1071.6,1118.0,4.33,5201.0,1366.0,906.0
AVYAN,5/7/2026,1120.0,1120.0,1100.4,1117.9,-0.19,1461.0,1366.0,906.0
AVYAN,5/8/2026,1110.0,1135.0,1103.1,1123.0,1.17,6580.0,1366.0,906.0
AVYAN,5/11/2026,1066.9,1150.0,1066.9,1149.0,7.7,8825.0,1366.0,906.0
AVYAN,5/12/2026,1150.0,1152.0,1103.0,1128.0,-1.91,7756.0,1366.0,906.0
AVYAN,5/13/2026,1071.6,1133.0,1071.6,1105.0,3.12,4886.0,1366.0,906.0
AVYAN,5/14/2026,1049.8,1120.0,1049.8,1120.0,6.69,3331.0,1366.0,906.0
AVYAN,5/15/2026,1064.0,1157.7,1064.0,1129.0,6.11,5575.0,1366.0,906.0
AVYAN,5/18/2026,1072.6,1139.0,1072.6,1130.5,5.4,5562.0,1366.0,906.0
AVYAN,5/19/2026,1074.0,1140.0,1074.0,1133.0,5.49,3833.0,1366.0,906.0
AVYAN,5/20/2026,1076.4,1155.0,1076.4,1150.0,6.84,5252.0,1366.0,906.0
AVYAN,5/21/2026,1150.0,1154.0,1130.0,1137.9,-1.05,6507.0,1366.0,906.0
AVYAN,5/22/2026,1185.0,1194.0,1124.0,1139.0,-3.88,4301.0,1366.0,906.0
AVYAN,5/25/2026,1082.1,1159.0,1082.1,1148.0,6.09,5884.0,1366.0,906.0
AVYAN,5/26/2026,1090.6,1156.0,1090.6,1139.0,4.44,3573.0,1366.0,906.0
AVYAN,5/27/2026,1136.0,1140.0,1125.0,1135.0,-0.09,5837.0,1366.0,906.0
AVYAN,6/1/2026,1167.8,1167.8,1111.8,1115.0,-4.52,2427.0,1366.0,906.0
AVYAN,6/2/2026,1137.8,1137.8,1104.0,1111.1,-2.35,4790.0,1366.0,906.0
AVYAN,6/3/2026,1115.0,1130.0,1111.0,1111.5,-0.31,3411.0,1366.0,906.0
AVYAN,6/4/2026,1125.0,1138.7,1113.0,1113.0,-1.07,4369.0,1366.0,906.0
AVYAN,6/5/2026,1110.0,1128.0,1100.0,1114.9,0.44,4489.0,1366.0,906.0
AVYAN,6/8/2026,1100.0,1100.0,1082.1,1090.0,-0.91,5309.0,1366.0,906.0
AVYAN,6/9/2026,1072.1,1077.0,1045.1,1068.0,-0.38,6929.0,1366.0,906.0
AVYAN,6/10/2026,1068.0,1075.0,1062.0,1074.0,0.56,1831.0,1366.0,906.0
AVYAN,6/11/2026,1080.0,1087.9,1061.0,1069.0,-1.02,3767.0,1366.0,906.0
AVYAN,6/12/2026,1055.0,1064.9,1055.0,1060.0,0.47,2990.0,1366.0,906.0
AVYAN,6/15/2026,1007.0,1100.3,1007.0,1060.0,5.26,1471.0,1366.0,906.0
AVYAN,6/16/2026,1007.0,1100.0,1007.0,1056.5,4.92,2029.0,1366.0,906.0
AVYAN,6/17/2026,1003.7,1085.0,1003.7,1050.0,4.61,2219.0,1366.0,906.0
AVYAN,6/18/2026,997.5,1073.9,997.5,1049.9,5.25,801.0,1366.0,906.0
AVYAN,6/19/2026,997.5,1050.0,997.5,1043.1,4.57,1685.0,1366.0,906.0
AVYAN,6/22/2026,1044.0,1072.0,1044.0,1070.0,2.49,2230.0,1366.0,906.0
AVYAN,6/23/2026,1020.0,1097.8,1020.0,1055.0,3.43,1907.0,1366.0,906.0
AVYAN,6/24/2026,1055.0,1079.9,1041.2,1055.0,0.0,4154.0,1366.0,906.0
AVYAN,6/26/2026,1040.1,1070.0,1040.1,1060.0,1.91,1451.0,1366.0,906.0
AVYAN,6/29/2026,1041.0,1059.0,1031.1,1043.0,0.19,1444.0,1366.0,906.0
AVYAN,6/30/2026,1043.0,1045.0,1032.2,1044.7,0.16,706.0,1366.0,906.0
AVYAN,7/1/2026,1053.8,1054.0,1044.7,1048.9,-0.46,1277.0,1366.0,906.0
AVYAN,7/2/2026,1043.0,1049.9,1034.0,1044.0,0.1,310.0,1366.0,906.0
AVYAN,7/3/2026,1096.0,1096.0,1059.0,1067.0,-2.65,4295.0,1366.0,906.0
AVYAN,7/6/2026,1070.0,1074.0,1051.1,1059.9,-0.94,2230.0,1366.0,906.0
AVYAN,7/7/2026,1049.0,1070.0,1049.0,1061.3,1.17,1833.0,1366.0,906.0
AVYAN,7/8/2026,1050.5,1059.0,1036.0,1052.0,0.14,1229.0,1366.0,906.0
AVYAN,7/9/2026,1030.2,1045.0,1030.2,1040.0,0.95,567.0,1366.0,906.0
AVYAN,7/10/2026,1040.0,1054.0,1038.3,1041.0,0.1,1386.0,1366.0,906.0
AVYAN,7/13/2026,1040.0,1046.7,1020.1,1023.0,-1.63,2923.0,1366.0,906.0
AVYAN,7/14/2026,971.9,1031.0,971.9,1031.0,6.08,975.0,1366.0,906.0
AVYAN,7/15/2026,1030.0,1050.0,1000.3,1030.0,0.0,2731.0,1366.0,906.0
AVYAN,7/16/2026,1029.9,1042.0,1012.0,1042.0,1.17,9282.0,1366.0,906.0
AVYAN,7/17/2026,1020.0,1090.0,1020.0,1075.0,5.39,1529.0,1366.0,906.0
AVYAN,7/20/2026,1055.1,1133.0,1030.2,1098.0,4.07,5813.0,1366.0,906.0
AVYAN,7/21/2026,1075.6,1200.0,1045.0,1096.0,1.9,6512.0,1366.0,906.0
AVYAN,7/22/2026,1076.3,1090.0,1055.0,1074.0,-0.21,4771.0,1366.0,906.0
AVYAN,7/23/2026,1083.0,1083.0,1052.0,1079.0,-0.37,2060.0,1366.0,906.0
AVYAN,7/24/2026,1060.2,1157.0,1060.0,1089.0,2.72,8162.0,1366.0,906.0
AVYAN,7/27/2026,1061.0,1088.0,1050.0,1059.0,-0.19,2659.0,1366.0,906.0
AVYAN,7/28/2026,1055.0,1059.0,1040.0,1042.0,-1.23,1314.0,1366.0,906.0
AVYAN,7/29/2026,1037.2,1040.1,1013.0,1013.0,-2.33,3775.0,1366.0,906.0
AVYAN,7/30/2026,1013.0,1030.0,1013.0,1015.0,0.2,3048.0,1366.0,906.0
AVYAN,7/31/2026,1002.1,1029.0,1002.1,1029.0,2.68,1441.0,1366.0,906.0
AVYAN,8/3/2026,1020.0,1050.0,1020.0,1021.0,0.1,1660.0,1366.0,906.0
AVYAN,8/4/2026,1021.0,1025.0,1010.0,1011.0,-0.98,4185.0,1366.0,906.0
AVYAN,8/5/2026,1010.0,1038.0,1010.0,1025.0,1.49,850.0,1366.0,906.0
AVYAN,8/6/2026,1055.7,1055.7,1030.0,1042.0,-1.3,4987.0,1366.0,906.0
AVYAN,8/7/2026,1036.0,1070.0,1036.0,1053.0,1.64,6060.0,1366.0,906.0
AVYAN,8/10/2026,1060.0,1065.0,1050.0,1051.0,-0.85,1960.0,1366.0,906.0
AVYAN,8/11/2026,1042.0,1051.0,1042.0,1043.0,0.1,777.0,1366.0,906.0
AVYAN,8/12/2026,1043.0,1060.0,1043.0,1060.0,1.63,2924.0,1366.0,906.0
AVYAN,8/13/2026,1055.0,1091.0,1050.1,1089.0,3.22,10071.0,1366.0,906.0
AVYAN,8/14/2026,1097.9,1100.0,1075.0,1075.0,-2.09,4570.0,1366.0,906.0
AVYAN,8/17/2026,1075.0,1075.0,1040.0,1069.0,-0.56,1685.0,1366.0,906.0
AVYAN,8/18/2026,1055.0,1083.9,1023.5,1023.5,-2.99,5769.0,1366.0,906.0
AVYAN,8/19/2026,1016.0,1039.0,1016.0,1035.0,1.87,383.0,1366.0,906.0
AVYAN,8/20/2026,1035.0,1035.0,1016.0,1034.0,-0.1,2612.0,1366.0,906.0
AVYAN,8/21/2026,1050.0,1066.0,1020.2,1040.0,-0.95,3703.0,1366.0,906.0
AVYAN,8/24/2026,1011.0,1031.0,1001.0,1031.0,1.98,5960.0,1366.0,906.0
AVYAN,8/25/2026,1021.0,1025.0,1020.0,1020.0,-0.1,960.0,1366.0,906.0
AVYAN,8/26/2026,1011.0,1022.0,1004.0,1010.0,-0.1,1667.0,1366.0,906.0
AVYAN,8/27/2026,1000.0,1020.0,991.0,1017.6,1.76,2454.0,1366.0,906.0
AVYAN,8/31/2026,1004.0,1010.0,975.0,1000.0,-0.4,3542.0,1366.0,906.0
AVYAN,9/1/2026,976.0,1025.0,976.0,987.1,1.14,2521.0,1366.0,906.0
AVYAN,9/2/2026,1010.0,1016.0,985.6,1000.0,-0.99,2446.0,1366.0,906.0
AVYAN,9/3/2026,1028.5,1029.0,999.1,1007.0,-2.09,1868.0,1366.0,906.0
AVYAN,9/7/2026,988.0,1014.0,988.0,1002.0,1.42,972.0,1366.0,906.0
AVYAN,9/9/2026,988.2,999.0,980.0,991.0,0.28,2377.0,1366.0,906.0
AVYAN,9/10/2026,980.0,1010.0,978.0,991.0,1.12,2999.0,1366.0,906.0
AVYAN,9/11/2026,1000.0,1091.0,1000.0,1091.0,9.1,1250.0,1366.0,906.0
AVYAN,9/14/2026,1058.3,1058.3,1010.0,1034.0,-2.3,4214.0,1366.0,906.0
AVYAN,9/15/2026,1085.0,1117.0,1050.0,1078.0,-0.65,4929.0,1366.0,906.0
AVYAN,9/16/2026,1056.0,1060.0,1030.0,1040.0,-1.52,2419.0,1366.0,906.0
AVYAN,9/17/2026,1070.0,1070.0,1040.0,1055.0,-1.4,1217.0,1366.0,906.0
AVYAN,9/18/2026,1031.0,1067.0,1031.0,1064.0,3.2,2830.0,1366.0,906.0
AVYAN,9/22/2026,1061.0,1062.0,1050.3,1050.3,-1.01,1425.0,1366.0,906.0
AVYAN,9/23/2026,1038.0,1059.0,1037.0,1059.0,2.02,879.0,1366.0,906.0
AVYAN,9/24/2026,1067.8,1067.8,1037.0,1060.0,-0.73,500.0,1366.0,906.0
AVYAN,9/28/2026,1035.0,1060.0,1030.0,1060.0,2.42,4770.0,1366.0,906.0
AVYAN,9/29/2026,1030.0,1030.0,1015.0,0.0,-100.0,90.0,1366.0,906.0
AVYAN,9/30/2026,1028.2,1060.0,1028.2,1038.2,0.97,305.0,1366.0,906.0
AVYAN,10/1/2026,1030.0,1045.0,1030.0,1040.0,0.97,405.0,1366.0,906.0
AVYAN,10/2/2026,1030.0,1059.9,1015.0,1059.0,2.82,1110.0,1366.0,906.0
BANDIPUR,12/21/2025,750.0,765.0,745.1,746.5,,88188.0,1233.0,285.0
BANDIPUR,12/22/2025,731.6,746.0,725.5,728.6,-2.4,84838.0,1233.0,285.0
BANDIPUR,12/23/2025,720.0,744.6,720.0,733.0,0.6,68164.0,1233.0,285.0
BANDIPUR,12/24/2025,720.0,740.0,720.0,733.0,0.0,48568.0,1233.0,285.0
BANDIPUR,12/28/2025,735.0,745.9,735.0,743.9,1.49,64241.0,1233.0,285.0
BANDIPUR,12/29/2025,743.0,763.9,741.1,746.2,0.31,88588.0,1233.0,285.0
BANDIPUR,12/31/2025,748.0,788.0,748.0,774.2,3.75,204920.0,1233.0,285.0
BANDIPUR,1/1/2026,789.6,799.0,770.0,778.3,0.53,148443.0,1233.0,285.0
BANDIPUR,1/4/2026,778.3,840.0,766.0,817.0,4.97,277313.0,1233.0,285.0
BANDIPUR,1/5/2026,820.0,898.7,820.0,898.7,10.0,242983.0,1233.0,285.0
BANDIPUR,1/6/2026,916.6,984.0,840.0,850.0,-5.42,239193.0,1233.0,285.0
BANDIPUR,1/7/2026,840.0,873.0,814.0,820.0,-3.53,138243.0,1233.0,285.0
BANDIPUR,1/8/2026,825.0,837.0,800.0,833.0,1.59,214428.0,1233.0,285.0
BANDIPUR,1/12/2026,833.0,888.8,827.0,864.0,3.72,216989.0,1233.0,285.0
BANDIPUR,1/13/2026,864.0,880.9,831.0,833.0,-3.59,189613.0,1233.0,285.0
BANDIPUR,1/14/2026,830.0,847.9,818.0,830.0,-0.36,107926.0,1233.0,285.0
BANDIPUR,1/18/2026,829.0,894.0,821.0,892.0,7.47,295254.0,1233.0,285.0
BANDIPUR,1/20/2026,909.8,959.9,895.0,933.0,4.6,286502.0,1233.0,285.0
BANDIPUR,1/21/2026,930.0,945.0,903.1,905.0,-3.0,159689.0,1233.0,285.0
BANDIPUR,1/22/2026,905.0,988.0,895.0,980.0,8.29,301445.0,1233.0,285.0
BANDIPUR,1/25/2026,982.0,1078.0,982.0,1078.0,10.0,276746.0,1233.0,285.0
BANDIPUR,1/26/2026,1099.5,1180.0,1081.0,1165.0,8.07,357245.0,1233.0,285.0
BANDIPUR,1/27/2026,1165.0,1233.0,1110.0,1115.0,-4.29,317966.0,1233.0,285.0
BANDIPUR,1/28/2026,1120.0,1169.0,1081.2,1135.0,1.79,251510.0,1233.0,285.0
BANDIPUR,1/29/2026,1113.0,1160.0,1079.0,1080.0,-4.85,211122.0,1233.0,285.0
BANDIPUR,2/1/2026,1080.0,1088.5,1032.3,1037.0,-3.98,171319.0,1233.0,285.0
BANDIPUR,2/2/2026,1030.1,1140.7,1030.1,1140.0,9.93,255110.0,1233.0,285.0
BANDIPUR,2/3/2026,1162.0,1190.0,1125.0,1140.0,0.0,212693.0,1233.0,285.0
BANDIPUR,2/4/2026,1140.0,1162.0,1107.0,1126.0,-1.23,177439.0,1233.0,285.0
BANDIPUR,2/5/2026,1104.8,1148.0,1070.0,1107.0,-1.69,218898.0,1233.0,285.0
BANDIPUR,2/8/2026,1100.0,1135.0,1055.0,1055.0,-4.7,138461.0,1233.0,285.0
BANDIPUR,2/9/2026,1060.0,1073.0,989.9,1019.0,-3.41,176729.0,1233.0,285.0
BANDIPUR,2/10/2026,1020.0,1060.0,1000.0,1000.0,-1.86,100113.0,1233.0,285.0
BANDIPUR,2/11/2026,1000.0,1030.0,954.0,968.0,-3.2,106925.0,1233.0,285.0
BANDIPUR,2/12/2026,968.0,984.7,930.0,935.0,-3.41,135427.0,1233.0,285.0
BANDIPUR,2/16/2026,935.0,972.0,935.0,960.0,2.67,74723.0,1233.0,285.0
BANDIPUR,2/17/2026,952.0,969.9,919.4,920.0,-4.17,74333.0,1233.0,285.0
BANDIPUR,2/22/2026,938.2,938.2,885.0,887.0,-3.59,77375.0,1233.0,285.0
BANDIPUR,2/23/2026,887.0,902.0,862.8,875.0,-1.35,65484.0,1233.0,285.0
BANDIPUR,2/24/2026,860.0,948.0,860.0,948.0,8.34,73914.0,1233.0,285.0
BANDIPUR,2/25/2026,966.9,980.0,936.0,957.0,0.95,108341.0,1233.0,285.0
BANDIPUR,2/26/2026,957.0,957.0,935.0,937.9,-2.0,59677.0,1233.0,285.0
BANDIPUR,2/27/2026,957.0,957.0,935.0,937.9,0.0,59677.0,1233.0,285.0
BANDIPUR,2/28/2026,957.0,957.0,935.0,937.9,0.0,59677.0,1233.0,285.0
BANDIPUR,3/2/2026,919.2,951.0,902.0,940.0,0.22,59901.0,1233.0,285.0
BANDIPUR,3/3/2026,940.0,968.2,931.2,965.0,2.66,75394.0,1233.0,285.0
BANDIPUR,3/4/2026,940.0,968.2,931.2,965.0,0.0,75394.0,1233.0,285.0
BANDIPUR,3/5/2026,940.0,968.2,931.2,965.0,0.0,75394.0,1233.0,285.0
BANDIPUR,3/6/2026,940.0,968.2,931.2,965.0,0.0,75394.0,1233.0,285.0
BANDIPUR,3/7/2026,940.0,968.2,931.2,965.0,0.0,75394.0,1233.0,285.0
BANDIPUR,3/8/2026,940.0,968.2,931.2,965.0,0.0,75394.0,1233.0,285.0
BANDIPUR,3/9/2026,984.3,1050.0,984.3,1038.0,7.56,6402.0,1233.0,285.0
BANDIPUR,3/10/2026,1058.0,1058.0,1000.0,1017.0,-2.02,168640.0,1233.0,285.0
BANDIPUR,3/11/2026,1037.0,1037.0,980.1,984.0,-3.24,62790.0,1233.0,285.0
BANDIPUR,3/12/2026,964.4,1003.0,959.9,965.0,-1.93,85676.0,1233.0,285.0
BANDIPUR,3/13/2026,964.4,1003.0,959.9,965.0,0.0,85676.0,1233.0,285.0
BANDIPUR,3/14/2026,964.4,1003.0,959.9,965.0,0.0,85676.0,1233.0,285.0
BANDIPUR,3/15/2026,960.0,969.0,926.1,939.8,-2.61,108492.0,1233.0,285.0
BANDIPUR,3/16/2026,930.0,962.0,925.3,943.0,0.34,55222.0,1233.0,285.0
BANDIPUR,3/17/2026,926.0,950.0,926.0,939.0,-0.42,45505.0,1233.0,285.0
BANDIPUR,3/18/2026,926.0,950.0,926.0,939.0,0.0,45505.0,1233.0,285.0
BANDIPUR,3/19/2026,930.0,954.0,930.0,943.0,0.43,109303.0,1233.0,285.0
BANDIPUR,3/20/2026,930.0,954.0,930.0,943.0,0.0,109303.0,1233.0,285.0
BANDIPUR,3/21/2026,930.0,954.0,930.0,943.0,0.0,109303.0,1233.0,285.0
BANDIPUR,3/22/2026,943.0,973.9,943.0,959.0,1.7,121031.0,1233.0,285.0
BANDIPUR,3/23/2026,950.0,970.0,940.0,944.9,-1.47,85731.0,1233.0,285.0
BANDIPUR,3/24/2026,944.9,955.0,937.0,949.0,0.43,50303.0,1233.0,285.0
BANDIPUR,3/25/2026,967.0,985.0,940.0,973.0,2.53,112278.0,1233.0,285.0
BANDIPUR,3/26/2026,970.0,999.9,969.0,985.0,1.55,95093.0,1233.0,285.0
BANDIPUR,3/29/2026,985.0,985.0,939.0,941.0,-4.47,81178.0,1233.0,285.0
BANDIPUR,3/30/2026,936.0,953.0,920.0,923.0,-1.39,73956.0,1233.0,285.0
BANDIPUR,3/31/2026,915.0,935.0,900.5,922.1,0.78,42381.0,1233.0,285.0
BANDIPUR,4/1/2026,920.0,920.0,875.0,878.0,-4.57,75225.0,1233.0,285.0
BANDIPUR,4/2/2026,878.0,883.0,861.2,872.0,-0.68,60460.0,1233.0,285.0
BANDIPUR,4/5/2026,872.0,872.0,799.0,799.0,-8.37,107665.0,1233.0,285.0
BANDIPUR,4/6/2026,800.0,852.0,800.0,840.0,5.0,58017.0,1233.0,285.0
BANDIPUR,4/7/2026,840.0,865.0,835.0,838.4,-0.19,57172.0,1233.0,285.0
BANDIPUR,4/8/2026,845.0,908.0,840.0,907.0,7.34,111596.0,1233.0,285.0
BANDIPUR,4/9/2026,890.0,949.0,890.0,924.0,3.82,94954.0,1233.0,285.0
BANDIPUR,4/10/2026,942.4,942.4,891.2,902.1,-4.28,83512.0,1233.0,285.0
BANDIPUR,4/13/2026,900.0,910.0,884.2,889.0,-1.22,56402.0,1233.0,285.0
BANDIPUR,4/15/2026,889.0,927.9,887.1,904.0,1.69,74798.0,1233.0,285.0
BANDIPUR,4/16/2026,900.0,904.0,882.2,887.9,-1.34,52856.0,1233.0,285.0
BANDIPUR,4/17/2026,880.0,896.0,872.0,883.0,0.34,40034.0,1233.0,285.0
BANDIPUR,4/20/2026,927.0,927.0,865.4,875.0,-5.61,22829.0,1233.0,285.0
BANDIPUR,4/21/2026,875.0,899.0,860.0,879.5,0.51,37663.0,1233.0,285.0
BANDIPUR,4/22/2026,921.9,921.9,850.3,862.0,-6.5,58291.0,1233.0,285.0
BANDIPUR,4/23/2026,870.0,877.9,850.0,855.0,-1.72,36224.0,1233.0,285.0
BANDIPUR,4/24/2026,812.3,907.0,812.3,843.0,3.78,27672.0,1233.0,285.0
BANDIPUR,4/27/2026,801.0,880.0,801.0,847.0,5.74,35927.0,1233.0,285.0
BANDIPUR,4/28/2026,804.7,858.0,804.7,831.0,3.27,28012.0,1233.0,285.0
BANDIPUR,4/29/2026,831.0,845.0,808.0,814.0,-2.05,28534.0,1233.0,285.0
BANDIPUR,4/30/2026,810.0,835.0,790.1,824.7,1.81,45389.0,1233.0,285.0
BANDIPUR,5/4/2026,825.0,829.7,797.0,801.0,-2.91,29428.0,1233.0,285.0
BANDIPUR,5/5/2026,795.0,817.0,792.0,803.0,1.01,16070.0,1233.0,285.0
BANDIPUR,5/6/2026,800.0,815.0,800.0,803.0,0.38,14227.0,1233.0,285.0
BANDIPUR,5/7/2026,803.0,805.0,790.0,803.0,0.0,25441.0,1233.0,285.0
BANDIPUR,5/8/2026,792.5,835.0,791.0,832.0,4.98,44684.0,1233.0,285.0
BANDIPUR,5/11/2026,832.0,849.0,824.0,835.0,0.36,38202.0,1233.0,285.0
BANDIPUR,5/12/2026,835.0,845.0,801.0,807.0,-3.35,34910.0,1233.0,285.0
BANDIPUR,5/13/2026,801.1,810.9,795.0,804.0,0.36,18876.0,1233.0,285.0
BANDIPUR,5/14/2026,804.0,818.9,794.1,810.0,0.75,16263.0,1233.0,285.0
BANDIPUR,5/15/2026,810.0,812.0,801.5,809.0,-0.12,16765.0,1233.0,285.0
BANDIPUR,5/18/2026,802.0,812.0,800.0,804.9,0.36,22371.0,1233.0,285.0
BANDIPUR,5/19/2026,799.1,820.0,799.1,808.0,1.11,38855.0,1233.0,285.0
BANDIPUR,5/20/2026,808.0,849.0,804.0,849.0,5.07,76281.0,1233.0,285.0
BANDIPUR,5/21/2026,860.0,876.4,849.0,860.0,0.0,106766.0,1233.0,285.0
BANDIPUR,5/22/2026,860.0,889.0,853.0,875.9,1.85,93868.0,1233.0,285.0
BANDIPUR,5/25/2026,910.0,910.0,855.0,866.5,-4.78,64333.0,1233.0,285.0
BANDIPUR,5/26/2026,864.0,865.0,849.1,862.0,-0.23,46976.0,1233.0,285.0
BANDIPUR,5/27/2026,905.0,905.0,850.0,854.7,-5.56,34430.0,1233.0,285.0
BANDIPUR,6/1/2026,850.0,864.0,822.1,825.0,-2.94,37590.0,1233.0,285.0
BANDIPUR,6/2/2026,825.0,835.0,820.0,835.0,1.21,27939.0,1233.0,285.0
BANDIPUR,6/3/2026,830.0,854.9,826.0,835.9,0.71,28798.0,1233.0,285.0
BANDIPUR,6/4/2026,875.0,875.0,820.0,825.1,-5.7,24769.0,1233.0,285.0
BANDIPUR,6/5/2026,825.1,826.0,815.2,820.0,-0.62,23830.0,1233.0,285.0
BANDIPUR,6/8/2026,815.0,823.0,806.0,814.0,-0.12,27535.0,1233.0,285.0
BANDIPUR,6/9/2026,814.0,820.0,801.0,820.0,0.74,35953.0,1233.0,285.0
BANDIPUR,6/10/2026,816.0,829.9,815.0,825.0,1.1,23168.0,1233.0,285.0
BANDIPUR,6/11/2026,815.1,825.0,815.1,820.0,0.6,14667.0,1233.0,285.0
BANDIPUR,6/12/2026,861.0,861.0,801.1,815.5,-5.28,12826.0,1233.0,285.0
BANDIPUR,6/15/2026,815.5,824.4,802.0,815.0,-0.06,14558.0,1233.0,285.0
BANDIPUR,6/16/2026,809.0,825.0,808.4,820.0,1.36,51334.0,1233.0,285.0
BANDIPUR,6/17/2026,811.2,825.0,811.2,817.1,0.73,10101.0,1233.0,285.0
BANDIPUR,6/18/2026,800.0,819.0,800.0,811.0,1.38,10416.0,1233.0,285.0
BANDIPUR,6/19/2026,807.9,819.0,807.9,810.5,0.32,15587.0,1233.0,285.0
BANDIPUR,6/22/2026,810.5,814.9,807.0,807.0,-0.43,15196.0,1233.0,285.0
BANDIPUR,6/23/2026,805.0,815.0,799.0,800.2,-0.6,19377.0,1233.0,285.0
BANDIPUR,6/24/2026,800.0,800.0,755.0,779.5,-2.56,40626.0,1233.0,285.0
BANDIPUR,6/26/2026,762.0,788.0,760.5,770.0,1.05,10998.0,1233.0,285.0
BANDIPUR,6/29/2026,767.0,767.0,741.0,748.0,-2.48,22104.0,1233.0,285.0
BANDIPUR,6/30/2026,710.6,750.9,710.6,722.0,1.6,19129.0,1233.0,285.0
BANDIPUR,7/1/2026,711.0,767.0,711.0,759.0,6.75,27614.0,1233.0,285.0
BANDIPUR,7/2/2026,770.0,770.0,739.0,753.0,-2.21,11214.0,1233.0,285.0
BANDIPUR,7/3/2026,749.0,756.0,745.1,746.0,-0.4,12987.0,1233.0,285.0
BANDIPUR,7/6/2026,737.1,740.5,725.5,727.0,-1.37,10680.0,1233.0,285.0
BANDIPUR,7/7/2026,725.0,745.0,725.0,737.9,1.78,10249.0,1233.0,285.0
BANDIPUR,7/8/2026,726.0,743.0,722.2,727.0,0.14,10025.0,1233.0,285.0
BANDIPUR,7/9/2026,721.0,725.0,710.0,713.0,-1.11,12877.0,1233.0,285.0
BANDIPUR,7/10/2026,701.0,721.0,701.0,701.1,0.01,22188.0,1233.0,285.0
BANDIPUR,7/13/2026,705.0,705.0,660.3,665.0,-5.67,36952.0,1233.0,285.0
BANDIPUR,7/14/2026,652.5,672.0,635.0,668.0,2.38,28561.0,1233.0,285.0
BANDIPUR,7/15/2026,655.0,680.0,655.0,675.0,3.05,25458.0,1233.0,285.0
BANDIPUR,7/16/2026,708.1,708.1,655.0,661.0,-6.65,16750.0,1233.0,285.0
BANDIPUR,7/17/2026,666.0,710.0,666.0,705.0,5.86,23565.0,1233.0,285.0
BANDIPUR,7/20/2026,740.0,745.0,706.0,744.0,0.54,39527.0,1233.0,285.0
BANDIPUR,7/21/2026,746.0,781.8,735.0,745.0,-0.13,44061.0,1233.0,285.0
BANDIPUR,7/22/2026,740.0,750.0,735.0,739.1,-0.12,20471.0,1233.0,285.0
BANDIPUR,7/23/2026,723.0,760.0,723.0,760.0,5.12,30521.0,1233.0,285.0
BANDIPUR,7/24/2026,759.0,795.0,755.7,763.0,0.53,59743.0,1233.0,285.0
BANDIPUR,7/27/2026,758.0,763.0,725.0,730.0,-3.69,26143.0,1233.0,285.0
BANDIPUR,7/28/2026,730.0,741.0,718.0,730.0,0.0,18696.0,1233.0,285.0
BANDIPUR,7/29/2026,721.1,742.7,721.1,722.2,0.15,13667.0,1233.0,285.0
BANDIPUR,7/30/2026,729.0,735.0,710.6,719.8,-1.26,17645.0,1233.0,285.0
BANDIPUR,7/31/2026,711.0,728.0,703.1,727.0,2.25,34075.0,1233.0,285.0
BANDIPUR,8/3/2026,727.0,739.0,718.0,724.0,-0.41,12012.0,1233.0,285.0
BANDIPUR,8/4/2026,711.0,720.0,700.0,706.0,-0.7,25586.0,1233.0,285.0
BANDIPUR,8/5/2026,700.0,712.0,700.0,709.9,1.41,8876.0,1233.0,285.0
BANDIPUR,8/6/2026,709.0,710.0,685.0,697.0,-1.69,28780.0,1233.0,285.0
BANDIPUR,8/7/2026,695.0,701.0,675.0,692.0,-0.43,34855.0,1233.0,285.0
BANDIPUR,8/10/2026,685.0,693.0,679.3,680.0,-0.73,30104.0,1233.0,285.0
BANDIPUR,8/11/2026,675.0,699.0,675.0,686.1,1.64,20031.0,1233.0,285.0
BANDIPUR,8/12/2026,700.0,700.0,680.0,685.0,-2.14,7274.0,1233.0,285.0
BANDIPUR,8/13/2026,678.0,693.9,678.0,685.5,1.11,18749.0,1233.0,285.0
BANDIPUR,8/14/2026,685.0,698.9,681.2,693.5,1.24,20753.0,1233.0,285.0
BANDIPUR,8/17/2026,693.0,705.0,692.0,700.8,1.13,19050.0,1233.0,285.0
BANDIPUR,8/18/2026,700.8,703.9,685.1,686.0,-2.11,22497.0,1233.0,285.0
BANDIPUR,8/19/2026,686.0,689.0,675.0,682.1,-0.57,14248.0,1233.0,285.0
BANDIPUR,8/20/2026,682.0,684.0,676.0,680.3,-0.25,13764.0,1233.0,285.0
BANDIPUR,8/21/2026,682.0,685.0,671.1,676.9,-0.75,22401.0,1233.0,285.0
BANDIPUR,8/24/2026,676.0,676.0,665.3,665.9,-1.49,11753.0,1233.0,285.0
BANDIPUR,8/25/2026,660.0,670.0,655.3,656.0,-0.61,18955.0,1233.0,285.0
BANDIPUR,8/26/2026,653.1,655.0,642.1,653.5,0.06,29564.0,1233.0,285.0
BANDIPUR,8/27/2026,636.0,673.0,636.0,657.0,3.3,13563.0,1233.0,285.0
BANDIPUR,8/31/2026,657.0,657.0,621.0,638.9,-2.75,28076.0,1233.0,285.0
BANDIPUR,9/1/2026,635.0,658.0,631.0,642.0,1.1,16126.0,1233.0,285.0
BANDIPUR,9/2/2026,642.0,647.0,636.5,642.0,0.0,9073.0,1233.0,285.0
BANDIPUR,9/3/2026,645.0,647.4,640.1,644.0,-0.16,10507.0,1233.0,285.0
BANDIPUR,9/7/2026,644.0,658.0,641.0,645.9,0.3,17005.0,1233.0,285.0
BANDIPUR,9/9/2026,640.0,658.9,640.0,643.4,0.53,21473.0,1233.0,285.0
BANDIPUR,9/10/2026,611.3,651.0,611.3,630.9,3.21,23974.0,1233.0,285.0
BANDIPUR,9/11/2026,599.4,639.9,599.4,639.0,6.61,19704.0,1233.0,285.0
BANDIPUR,9/14/2026,639.0,649.0,633.5,644.8,0.91,27396.0,1233.0,285.0
BANDIPUR,9/15/2026,677.0,695.0,648.0,651.9,-3.71,37986.0,1233.0,285.0
BANDIPUR,9/16/2026,620.0,661.9,620.0,643.5,3.79,23068.0,1233.0,285.0
BANDIPUR,9/17/2026,651.1,661.5,650.0,658.0,1.06,28092.0,1233.0,285.0
BANDIPUR,9/18/2026,690.0,690.0,651.0,654.0,-5.22,16066.0,1233.0,285.0
BANDIPUR,9/22/2026,650.0,663.0,650.0,655.0,0.77,17699.0,1233.0,285.0
BANDIPUR,9/23/2026,651.0,666.0,631.0,639.0,-1.84,32909.0,1233.0,285.0
BANDIPUR,9/24/2026,608.0,644.0,608.0,640.0,5.26,19309.0,1233.0,285.0
BANDIPUR,9/28/2026,630.0,642.0,624.0,627.3,-0.43,19648.0,1233.0,285.0
BANDIPUR,9/29/2026,625.1,627.0,621.0,0.0,-100.0,6244.0,1233.0,285.0
BANDIPUR,9/30/2026,621.0,635.0,620.0,622.0,0.16,10367.0,1233.0,285.0
BANDIPUR,10/1/2026,618.0,625.0,618.0,623.0,0.81,15407.0,1233.0,285.0
BANDIPUR,10/2/2026,620.0,625.0,615.3,615.3,-0.76,15632.0,1233.0,285.0
BARUN,10/28/2015,388.0,426.0,395.0,419.0,,5200.0,401.5,298.0
BARUN,10/29/2015,419.0,422.0,400.0,412.0,-1.67,4740.0,401.5,298.0
BARUN,11/1/2015,412.0,410.0,391.0,400.0,-2.91,2670.0,401.5,298.0
BARUN,11/2/2015,400.0,397.0,385.0,385.0,-3.75,1800.0,401.5,298.0
BARUN,11/3/2015,385.0,378.0,357.0,368.0,-4.42,620.0,401.5,298.0
BARUN,11/4/2015,368.0,387.0,365.0,380.0,3.26,860.0,401.5,298.0
BARUN,11/5/2015,380.0,389.0,370.0,382.0,0.53,890.0,401.5,298.0
BARUN,11/8/2015,382.0,382.0,375.0,380.0,-0.52,820.0,401.5,298.0
BARUN,11/9/2015,380.0,397.0,372.0,380.0,0.0,1260.0,401.5,298.0
BARUN,11/10/2015,380.0,397.0,374.0,397.0,4.47,1710.0,401.5,298.0
BARUN,11/15/2015,397.0,390.0,376.0,376.0,-5.29,40.0,401.5,298.0
BARUN,11/16/2015,376.0,376.0,363.0,374.0,-0.53,740.0,401.5,298.0
BARUN,11/18/2015,374.0,384.0,375.0,381.0,1.87,2180.0,401.5,298.0
BARUN,11/19/2015,381.0,390.0,366.0,366.0,-3.94,2440.0,401.5,298.0
BARUN,11/22/2015,366.0,370.0,354.0,370.0,1.09,980.0,401.5,298.0
BARUN,11/23/2015,370.0,368.0,363.0,367.0,-0.81,250.0,401.5,298.0
BARUN,11/24/2015,367.0,365.0,350.0,360.0,-1.91,1000.0,401.5,298.0
BARUN,11/25/2015,360.0,359.0,341.0,344.0,-4.44,1920.0,401.5,298.0
BARUN,11/26/2015,344.0,338.0,330.0,330.0,-4.07,1200.0,401.5,298.0
BARUN,11/29/2015,330.0,342.0,330.0,330.0,0.0,1530.0,401.5,298.0
BARUN,11/30/2015,330.0,330.0,325.0,325.0,-1.52,580.0,401.5,298.0
BARUN,12/1/2015,325.0,333.0,325.0,333.0,2.46,740.0,401.5,298.0
BARUN,12/2/2015,333.0,338.0,338.0,338.0,1.5,20.0,401.5,298.0
BARUN,12/3/2015,338.0,335.0,325.0,325.0,-3.85,960.0,401.5,298.0
BARUN,12/6/2015,325.0,337.0,325.0,325.0,0.0,650.0,401.5,298.0
BARUN,12/7/2015,325.0,326.0,320.0,322.0,-0.92,420.0,401.5,298.0
BARUN,12/8/2015,322.0,320.0,310.0,315.0,-2.17,460.0,401.5,298.0
BARUN,12/9/2015,315.0,321.0,314.0,314.0,-0.32,750.0,401.5,298.0
BARUN,12/10/2015,314.0,317.0,305.0,317.0,0.96,480.0,401.5,298.0
BARUN,12/13/2015,317.0,315.0,303.0,305.0,-3.79,1440.0,401.5,298.0
BARUN,12/14/2015,305.0,307.0,301.0,306.0,0.33,1190.0,401.5,298.0
BARUN,12/15/2015,306.0,307.0,300.0,307.0,0.33,720.0,401.5,298.0
BARUN,12/16/2015,307.0,313.0,299.0,299.0,-2.61,1110.0,401.5,298.0
BARUN,12/17/2015,299.0,295.0,289.0,289.0,-3.34,940.0,401.5,298.0
BARUN,12/20/2015,289.0,290.0,274.0,285.0,-1.38,1280.0,401.5,298.0
BARUN,12/21/2015,285.0,286.0,276.0,281.0,-1.4,1790.0,401.5,298.0
BARUN,12/22/2015,281.0,286.0,274.0,274.0,-2.49,750.0,401.5,298.0
BARUN,12/23/2015,274.0,275.0,266.0,269.0,-1.82,670.0,401.5,298.0
BARUN,12/24/2015,269.0,275.0,268.0,272.0,1.12,940.0,401.5,298.0
BARUN,12/27/2015,272.0,275.0,250.0,265.0,-2.57,1450.0,401.5,298.0
BARUN,12/28/2015,265.0,274.0,258.0,273.0,3.02,910.0,401.5,298.0
BARUN,12/29/2015,273.0,280.0,265.0,273.0,0.0,750.0,401.5,298.0
BARUN,12/31/2015,273.0,276.0,265.0,271.0,-0.73,2330.0,401.5,298.0
BARUN,1/3/2016,271.0,271.0,261.0,267.0,-1.48,1230.0,401.5,298.0
BARUN,1/4/2016,267.0,280.0,266.0,276.0,3.37,1050.0,401.5,298.0
BARUN,1/5/2016,276.0,281.0,270.0,277.0,0.36,1690.0,401.5,298.0
BARUN,1/6/2016,277.0,285.0,270.0,280.0,1.08,1580.0,401.5,298.0
BARUN,1/7/2016,280.0,283.0,270.0,283.0,1.07,1060.0,401.5,298.0
BARUN,1/10/2016,283.0,288.0,267.0,282.0,-0.35,1690.0,401.5,298.0
BARUN,1/11/2016,282.0,282.0,260.0,273.0,-3.19,4310.0,401.5,298.0
BARUN,1/12/2016,273.0,280.0,258.0,275.0,0.73,4060.0,401.5,298.0
BARUN,1/13/2016,275.0,290.0,269.0,290.0,5.45,4650.0,401.5,298.0
BARUN,1/14/2016,290.0,306.0,270.0,280.0,-3.45,5130.0,401.5,298.0
BARUN,1/24/2016,280.0,308.0,285.0,308.0,10.0,900.0,401.5,298.0
BARUN,1/25/2016,308.0,338.0,314.0,330.0,7.14,3950.0,401.5,298.0
BARUN,1/26/2016,330.0,336.0,324.0,324.0,-1.82,1980.0,401.5,298.0
BARUN,1/27/2016,324.0,318.0,312.0,312.0,-3.7,500.0,401.5,298.0
BARUN,1/28/2016,312.0,320.0,312.0,320.0,2.56,665.0,401.5,298.0
BARUN,2/1/2016,320.0,320.0,314.0,314.0,-1.88,70.0,401.5,298.0
BARUN,2/4/2016,314.0,316.0,316.0,316.0,0.64,10.0,401.5,298.0
BARUN,2/7/2016,316.0,315.0,315.0,315.0,-0.32,80.0,401.5,298.0
BARUN,2/8/2016,315.0,336.0,320.0,336.0,6.67,1655.0,401.5,298.0
BARUN,2/11/2016,336.0,352.0,335.0,352.0,4.76,440.0,401.5,298.0
BARUN,2/14/2016,352.0,345.0,345.0,345.0,-1.99,10.0,401.5,298.0
BARUN,2/15/2016,345.0,345.0,339.0,345.0,0.0,160.0,401.5,298.0
BARUN,2/16/2016,345.0,340.0,339.0,340.0,-1.45,80.0,401.5,298.0
BARUN,2/18/2016,340.0,359.0,345.0,347.0,2.06,510.0,401.5,298.0
BARUN,2/21/2016,347.0,347.0,347.0,347.0,0.0,70.0,401.5,298.0
BARUN,2/22/2016,347.0,350.0,346.0,350.0,0.86,160.0,401.5,298.0
BARUN,2/23/2016,350.0,345.0,345.0,345.0,-1.43,20.0,401.5,298.0
BARUN,2/24/2016,345.0,345.0,345.0,345.0,0.0,10.0,401.5,298.0
BARUN,2/25/2016,345.0,345.0,345.0,345.0,0.0,30.0,401.5,298.0
BARUN,2/28/2016,345.0,345.0,345.0,345.0,0.0,100.0,401.5,298.0
BARUN,2/29/2016,345.0,351.0,346.0,351.0,1.74,20.0,401.5,298.0
BARUN,3/1/2016,351.0,352.0,351.0,352.0,0.28,1120.0,401.5,298.0
BARUN,3/3/2016,352.0,350.0,350.0,350.0,-0.57,300.0,401.5,298.0
BARUN,3/6/2016,350.0,361.0,352.0,361.0,3.14,90.0,401.5,298.0
BARUN,3/10/2016,361.0,354.0,353.0,353.0,-2.22,300.0,401.5,298.0
BARUN,3/13/2016,353.0,374.0,360.0,374.0,5.95,580.0,401.5,298.0
BARUN,3/15/2016,374.0,411.0,381.0,411.0,9.89,500.0,401.5,298.0
BARUN,3/16/2016,411.0,452.0,411.0,452.0,9.98,120.0,401.5,298.0
BARUN,3/17/2016,452.0,484.0,452.0,484.0,7.08,650.0,401.5,298.0
BARUN,3/21/2016,484.0,532.0,493.0,532.0,9.92,1480.0,401.5,298.0
BARUN,3/23/2016,532.0,532.0,522.0,522.0,-1.88,320.0,401.5,298.0
BARUN,3/28/2016,522.0,512.0,512.0,512.0,-1.92,10.0,401.5,298.0
BARUN,4/3/2016,512.0,502.0,502.0,502.0,-1.95,50.0,401.5,298.0
BARUN,4/4/2016,502.0,492.0,492.0,492.0,-1.99,50.0,401.5,298.0
BARUN,4/18/2016,492.0,483.0,447.0,447.0,-9.15,50.0,401.5,298.0
BARUN,4/19/2016,447.0,439.0,403.0,418.0,-6.49,3790.0,401.5,298.0
BARUN,4/20/2016,418.0,410.0,400.0,401.0,-4.07,510.0,401.5,298.0
BARUN,4/21/2016,401.0,402.0,395.0,395.0,-1.5,670.0,401.5,298.0
BARUN,4/24/2016,395.0,395.0,388.0,395.0,0.0,30.0,401.5,298.0
BARUN,4/25/2016,395.0,414.0,400.0,414.0,4.81,330.0,401.5,298.0
BARUN,4/26/2016,414.0,422.0,415.0,420.0,1.45,790.0,401.5,298.0
BARUN,4/27/2016,420.0,421.0,420.0,421.0,0.24,160.0,401.5,298.0
BARUN,4/28/2016,421.0,429.0,417.0,417.0,-0.95,130.0,401.5,298.0
BARUN,5/3/2016,417.0,409.0,404.0,404.0,-3.12,20.0,401.5,298.0
BARUN,5/4/2016,404.0,400.0,385.0,390.0,-3.47,240.0,401.5,298.0
BARUN,5/5/2016,390.0,395.0,385.0,395.0,1.28,840.0,401.5,298.0
BARUN,5/8/2016,395.0,391.0,385.0,391.0,-1.01,380.0,401.5,298.0
BARUN,5/9/2016,391.0,388.0,380.0,388.0,-0.77,500.0,401.5,298.0
BARUN,5/10/2016,388.0,400.0,381.0,392.0,1.03,1390.0,401.5,298.0
BARUN,5/11/2016,392.0,395.0,378.0,392.0,0.0,950.0,401.5,298.0
BARUN,5/12/2016,392.0,399.0,385.0,395.0,0.77,50.0,401.5,298.0
BARUN,5/15/2016,395.0,400.0,385.0,400.0,1.27,360.0,401.5,298.0
BARUN,5/16/2016,400.0,399.0,392.0,393.0,-1.75,840.0,401.5,298.0
BARUN,5/17/2016,393.0,399.0,385.0,395.0,0.51,1440.0,401.5,298.0
BARUN,5/18/2016,395.0,410.0,397.0,398.0,0.76,350.0,401.5,298.0
BARUN,5/19/2016,398.0,400.0,386.0,395.0,-0.75,750.0,401.5,298.0
BARUN,5/22/2016,395.0,403.0,392.0,403.0,2.03,860.0,401.5,298.0
BARUN,5/23/2016,403.0,406.0,400.0,400.0,-0.74,410.0,401.5,298.0
BARUN,5/24/2016,400.0,405.0,399.0,401.0,0.25,250.0,401.5,298.0
BARUN,5/25/2016,401.0,405.0,372.0,372.0,-7.23,280.0,401.5,298.0
BARUN,5/26/2016,372.0,390.0,366.0,390.0,4.84,130.0,401.5,298.0
BARUN,5/29/2016,390.0,400.0,395.0,399.0,2.31,220.0,401.5,298.0
BARUN,5/30/2016,399.0,400.0,391.0,400.0,0.25,360.0,401.5,298.0
BARUN,5/31/2016,400.0,440.0,400.0,440.0,10.0,6320.0,401.5,298.0
BARUN,6/1/2016,440.0,456.0,412.0,412.0,-6.36,2960.0,401.5,298.0
BARUN,6/2/2016,412.0,425.0,403.0,410.0,-0.49,510.0,401.5,298.0
BARUN,6/5/2016,410.0,402.0,394.0,395.0,-3.66,1300.0,401.5,298.0
BARUN,6/6/2016,395.0,400.0,391.0,400.0,1.27,280.0,401.5,298.0
BARUN,6/7/2016,400.0,408.0,400.0,404.0,1.0,300.0,401.5,298.0
BARUN,6/8/2016,404.0,416.0,395.0,400.0,-0.99,380.0,401.5,298.0
BARUN,6/9/2016,400.0,405.0,394.0,394.0,-1.5,120.0,401.5,298.0
BARUN,6/12/2016,394.0,395.0,390.0,393.0,-0.25,510.0,401.5,298.0
BARUN,6/13/2016,393.0,412.0,391.0,412.0,4.83,220.0,401.5,298.0
BARUN,6/14/2016,412.0,441.0,412.0,425.0,3.16,8270.0,401.5,298.0
BARUN,6/15/2016,425.0,467.0,430.0,467.0,9.88,3290.0,401.5,298.0
BARUN,6/16/2016,467.0,513.0,476.0,513.0,9.85,2780.0,401.5,298.0
BARUN,6/19/2016,513.0,523.0,504.0,505.0,-1.56,8350.0,401.5,298.0
BARUN,6/20/2016,505.0,510.0,498.0,505.0,0.0,4950.0,401.5,298.0
BARUN,6/21/2016,505.0,515.0,500.0,515.0,1.98,3220.0,401.5,298.0
BARUN,6/22/2016,515.0,515.0,500.0,510.0,-0.97,3240.0,401.5,298.0
BARUN,6/23/2016,510.0,530.0,506.0,522.0,2.35,2720.0,401.5,298.0
BARUN,6/26/2016,522.0,570.0,520.0,535.0,2.49,3300.0,401.5,298.0
BARUN,6/27/2016,535.0,540.0,520.0,520.0,-2.8,770.0,401.5,298.0
BARUN,6/28/2016,520.0,525.0,515.0,521.0,0.19,1440.0,401.5,298.0
BARUN,6/29/2016,521.0,520.0,511.0,512.0,-1.73,800.0,401.5,298.0
BARUN,6/30/2016,512.0,522.0,500.0,510.0,-0.39,1120.0,401.5,298.0
BARUN,7/3/2016,510.0,510.0,490.0,503.0,-1.37,3930.0,401.5,298.0
BARUN,7/4/2016,503.0,526.0,504.0,526.0,4.57,2620.0,401.5,298.0
BARUN,7/5/2016,526.0,530.0,506.0,521.0,-0.95,1050.0,401.5,298.0
BARUN,7/6/2016,521.0,525.0,515.0,525.0,0.77,1410.0,401.5,298.0
BARUN,7/10/2016,525.0,530.0,520.0,520.0,-0.95,510.0,401.5,298.0
BARUN,7/11/2016,520.0,520.0,510.0,520.0,0.0,390.0,401.5,298.0
BARUN,7/12/2016,520.0,520.0,490.0,520.0,0.0,170.0,401.5,298.0
BARUN,7/13/2016,520.0,510.0,490.0,495.0,-4.81,880.0,401.5,298.0
BARUN,7/14/2016,495.0,510.0,495.0,495.0,0.0,635.0,401.5,298.0
BARUN,7/17/2016,495.0,504.0,486.0,500.0,1.01,190.0,401.5,298.0
BARUN,7/18/2016,500.0,499.0,481.0,499.0,-0.2,60.0,401.5,298.0
BARUN,7/19/2016,499.0,500.0,490.0,500.0,0.2,310.0,401.5,298.0
BARUN,7/20/2016,500.0,500.0,490.0,492.0,-1.6,180.0,401.5,298.0
BARUN,7/21/2016,492.0,508.0,495.0,496.0,0.81,180.0,401.5,298.0
BARUN,7/25/2016,496.0,495.0,487.0,491.0,-1.01,290.0,401.5,298.0
BARUN,7/26/2016,491.0,540.0,495.0,530.0,7.94,3535.0,401.5,298.0
BARUN,7/27/2016,530.0,535.0,510.0,535.0,0.94,380.0,401.5,298.0
BARUN,7/28/2016,535.0,540.0,520.0,540.0,0.93,450.0,401.5,298.0
BARUN,7/31/2016,540.0,530.0,520.0,520.0,-3.7,310.0,401.5,298.0
BARUN,8/1/2016,520.0,510.0,500.0,500.0,-3.85,160.0,401.5,298.0
BARUN,8/2/2016,500.0,510.0,480.0,510.0,2.0,450.0,401.5,298.0
BARUN,8/3/2016,510.0,510.0,500.0,506.0,-0.78,800.0,401.5,298.0
BARUN,8/4/2016,506.0,506.0,488.0,488.0,-3.56,60.0,401.5,298.0
BARUN,8/7/2016,488.0,530.0,488.0,530.0,8.61,160.0,401.5,298.0
BARUN,8/8/2016,530.0,520.0,510.0,510.0,-3.77,130.0,401.5,298.0
BARUN,8/10/2016,510.0,520.0,500.0,500.0,-1.96,1031.0,401.5,298.0
BARUN,8/11/2016,500.0,493.0,480.0,485.0,-3.0,2410.0,401.5,298.0
BARUN,8/14/2016,485.0,489.0,472.0,475.0,-2.06,480.0,401.5,298.0
BARUN,8/15/2016,475.0,466.0,450.0,465.0,-2.11,490.0,401.5,298.0
BARUN,8/16/2016,465.0,456.0,444.0,444.0,-4.52,1020.0,401.5,298.0
BARUN,8/17/2016,444.0,455.0,436.0,455.0,2.48,250.0,401.5,298.0
BARUN,8/21/2016,455.0,455.0,450.0,452.0,-0.66,60.0,401.5,298.0
BARUN,8/22/2016,452.0,469.0,443.0,443.0,-1.99,2380.0,401.5,298.0
BARUN,8/23/2016,443.0,445.0,440.0,441.0,-0.45,440.0,401.5,298.0
BARUN,8/24/2016,441.0,445.0,437.0,445.0,0.91,335.0,401.5,298.0
BARUN,8/28/2016,445.0,440.0,440.0,440.0,-1.12,330.0,401.5,298.0
BARUN,8/29/2016,440.0,447.0,427.0,427.0,-2.95,110.0,401.5,298.0
BARUN,8/30/2016,427.0,446.0,430.0,440.0,3.04,210.0,401.5,298.0
BARUN,8/31/2016,440.0,432.0,403.0,403.0,-8.41,960.0,401.5,298.0
BARUN,9/1/2016,403.0,406.0,396.0,406.0,0.74,580.0,401.5,298.0
BARUN,9/3/2016,406.0,410.0,399.0,410.0,0.99,190.0,401.5,298.0
BARUN,9/4/2016,406.0,410.0,399.0,410.0,0.0,190.0,401.5,298.0
BARUN,9/5/2016,410.0,412.0,402.0,410.0,0.0,160.0,401.5,298.0
BARUN,9/6/2016,410.0,412.0,403.0,405.0,-1.22,640.0,401.5,298.0
BARUN,9/7/2016,405.0,413.0,404.0,410.0,1.23,230.0,401.5,298.0
BARUN,9/8/2016,410.0,420.0,406.0,412.0,0.49,250.0,401.5,298.0
BARUN,9/11/2016,412.0,420.0,406.0,415.0,0.73,140.0,401.5,298.0
BARUN,9/12/2016,415.0,412.0,407.0,412.0,-0.72,80.0,401.5,298.0
BARUN,9/14/2016,412.0,428.0,412.0,420.0,1.94,760.0,401.5,298.0
BARUN,9/18/2016,420.0,433.0,415.0,430.0,2.38,1360.0,401.5,298.0
BARUN,9/20/2016,430.0,435.0,430.0,435.0,1.16,730.0,401.5,298.0
BARUN,9/21/2016,435.0,435.0,430.0,430.0,-1.15,120.0,401.5,298.0
BARUN,9/22/2016,430.0,431.0,422.0,430.0,0.0,499.0,401.5,298.0
BARUN,9/25/2016,430.0,425.0,420.0,420.0,-2.33,40.0,401.5,298.0
BARUN,9/26/2016,420.0,425.0,417.0,417.0,-0.71,100.0,401.5,298.0
BARUN,9/27/2016,417.0,415.0,410.0,410.0,-1.68,80.0,401.5,298.0
BARUN,9/28/2016,410.0,405.0,403.0,403.0,-1.71,140.0,401.5,298.0
BARUN,9/29/2016,403.0,400.0,392.0,397.0,-1.49,540.0,401.5,298.0
BARUN,10/2/2016,397.0,395.0,394.0,394.0,-0.76,80.0,401.5,298.0
BARUN,10/3/2016,394.0,398.0,395.0,398.0,1.02,40.0,401.5,298.0
BARUN,10/4/2016,398.0,398.0,395.0,398.0,0.0,90.0,401.5,298.0
BARUN,10/5/2016,398.0,395.0,395.0,395.0,-0.75,40.0,401.5,298.0
BARUN,10/6/2016,395.0,402.0,394.0,402.0,1.77,70.0,401.5,298.0
BARUN,10/16/2016,402.0,402.0,400.0,400.0,-0.5,70.0,401.5,298.0
BARUN,10/18/2016,400.0,392.0,392.0,392.0,-2.0,10.0,401.5,298.0
BARUN,10/19/2016,392.0,392.0,385.0,392.0,0.0,20.0,401.5,298.0
BARUN,10/20/2016,392.0,399.0,390.0,399.0,1.79,310.0,401.5,298.0
BARUN,10/23/2016,399.0,400.0,398.0,398.0,-0.25,50.0,401.5,298.0
BARUN,10/25/2016,398.0,398.0,391.0,391.0,-1.76,120.0,401.5,298.0
BARUN,10/26/2016,391.0,395.0,388.0,388.0,-0.77,50.0,401.5,298.0
BARUN,10/27/2016,388.0,392.0,382.0,385.0,-0.77,100.0,401.5,298.0
BARUN,11/3/2016,385.0,385.0,384.0,385.0,0.0,310.0,401.5,298.0
BARUN,11/8/2016,385.0,390.0,385.0,385.0,0.0,120.0,401.5,298.0
BARUN,11/9/2016,385.0,380.0,380.0,380.0,-1.3,100.0,401.5,298.0
BARUN,11/13/2016,380.0,378.0,378.0,378.0,-0.53,10.0,401.5,298.0
BARUN,11/14/2016,378.0,375.0,374.0,375.0,-0.79,100.0,401.5,298.0
BARUN,11/15/2016,375.0,382.0,360.0,365.0,-2.67,410.0,401.5,298.0
BARUN,11/16/2016,365.0,365.0,360.0,360.0,-1.37,290.0,401.5,298.0
BARUN,11/17/2016,360.0,363.0,348.0,348.0,-3.33,440.0,401.5,298.0
BARUN,11/21/2016,348.0,354.0,354.0,354.0,1.72,20.0,401.5,298.0
BARUN,11/22/2016,354.0,348.0,341.0,341.0,-3.67,170.0,401.5,298.0
BARUN,11/24/2016,341.0,335.0,335.0,335.0,-1.76,20.0,401.5,298.0
BARUN,11/27/2016,335.0,329.0,317.0,317.0,-5.37,180.0,401.5,298.0
BARUN,11/28/2016,317.0,315.0,301.0,301.0,-5.05,140.0,401.5,298.0
BARUN,11/29/2016,301.0,310.0,300.0,306.0,1.66,1240.0,401.5,298.0
BARUN,11/30/2016,306.0,320.0,312.0,320.0,4.58,50.0,401.5,298.0
BARUN,12/1/2016,320.0,315.0,314.0,314.0,-1.88,90.0,401.5,298.0
BARUN,12/4/2016,314.0,315.0,308.0,308.0,-1.91,140.0,401.5,298.0
BARUN,12/5/2016,308.0,314.0,307.0,314.0,1.95,290.0,401.5,298.0
BARUN,12/6/2016,314.0,308.0,297.0,297.0,-5.41,230.0,401.5,298.0
BARUN,12/7/2016,297.0,304.0,302.0,304.0,2.36,30.0,401.5,298.0
BARUN,12/8/2016,304.0,304.0,285.0,294.0,-3.29,310.0,401.5,298.0
BARUN,12/11/2016,294.0,292.0,282.0,282.0,-4.08,100.0,401.5,298.0
BARUN,12/12/2016,282.0,282.0,267.0,267.0,-5.32,500.0,401.5,298.0
BARUN,12/14/2016,267.0,272.0,267.0,267.0,0.0,170.0,401.5,298.0
BARUN,12/15/2016,267.0,270.0,267.0,270.0,1.12,40.0,401.5,298.0
BARUN,12/18/2016,270.0,275.0,275.0,275.0,1.85,40.0,401.5,298.0
BARUN,12/19/2016,275.0,280.0,275.0,280.0,1.82,390.0,401.5,298.0
BARUN,12/20/2016,280.0,280.0,275.0,280.0,0.0,100.0,401.5,298.0
BARUN,12/21/2016,280.0,275.0,265.0,270.0,-3.57,120.0,401.5,298.0
BARUN,12/22/2016,270.0,277.0,270.0,277.0,2.59,100.0,401.5,298.0
BARUN,12/26/2016,277.0,280.0,275.0,275.0,-0.72,60.0,401.5,298.0
BARUN,12/27/2016,275.0,275.0,265.0,275.0,0.0,310.0,401.5,298.0
BARUN,12/28/2016,275.0,275.0,270.0,270.0,-1.82,70.0,401.5,298.0
BARUN,12/29/2016,270.0,275.0,272.0,275.0,1.85,70.0,401.5,298.0
BARUN,1/1/2017,275.0,290.0,280.0,290.0,5.45,40.0,401.5,298.0
BARUN,1/3/2017,290.0,286.0,281.0,286.0,-1.38,160.0,401.5,298.0
BARUN,1/4/2017,286.0,286.0,266.0,266.0,-6.99,70.0,401.5,298.0
BARUN,1/5/2017,266.0,272.0,267.0,271.0,1.88,120.0,401.5,298.0
BARUN,1/8/2017,271.0,267.0,266.0,267.0,-1.48,40.0,401.5,298.0
BARUN,1/9/2017,267.0,272.0,266.0,272.0,1.87,90.0,401.5,298.0
BARUN,1/10/2017,272.0,277.0,272.0,277.0,1.84,120.0,401.5,298.0
BARUN,1/11/2017,277.0,277.0,275.0,276.0,-0.36,40.0,401.5,298.0
BARUN,1/12/2017,276.0,285.0,280.0,285.0,3.26,110.0,401.5,298.0
BARUN,1/15/2017,285.0,285.0,285.0,285.0,0.0,10.0,401.5,298.0
BARUN,1/16/2017,285.0,285.0,275.0,275.0,-3.51,2020.0,401.5,298.0
BARUN,1/17/2017,275.0,275.0,270.0,275.0,0.0,30.0,401.5,298.0
BARUN,1/18/2017,275.0,275.0,275.0,275.0,0.0,220.0,401.5,298.0
BARUN,1/19/2017,275.0,272.0,268.0,268.0,-2.55,40.0,401.5,298.0
BARUN,1/22/2017,268.0,268.0,265.0,265.0,-1.12,100.0,401.5,298.0
BARUN,1/23/2017,265.0,265.0,263.0,265.0,0.0,40.0,401.5,298.0
BARUN,1/24/2017,265.0,274.0,265.0,274.0,3.4,170.0,401.5,298.0
BARUN,1/25/2017,274.0,269.0,250.0,250.0,-8.76,100.0,401.5,298.0
BARUN,1/26/2017,250.0,253.0,240.0,248.0,-0.8,460.0,401.5,298.0
BARUN,1/31/2017,248.0,252.0,247.0,251.0,1.21,540.0,401.5,298.0
BARUN,2/1/2017,251.0,266.0,256.0,266.0,5.98,330.0,401.5,298.0
BARUN,2/2/2017,266.0,270.0,265.0,269.0,1.13,70.0,401.5,298.0
BARUN,2/5/2017,269.0,266.0,265.0,265.0,-1.49,120.0,401.5,298.0
BARUN,2/6/2017,265.0,266.0,260.0,265.0,0.0,130.0,401.5,298.0
BARUN,2/7/2017,265.0,265.0,260.0,260.0,-1.89,50.0,401.5,298.0
BARUN,2/8/2017,260.0,264.0,257.0,257.0,-1.15,60.0,401.5,298.0
BARUN,2/9/2017,257.0,257.0,254.0,254.0,-1.17,30.0,401.5,298.0
BARUN,2/12/2017,254.0,249.0,241.0,241.0,-5.12,150.0,401.5,298.0
BARUN,2/13/2017,241.0,241.0,230.0,230.0,-4.56,110.0,401.5,298.0
BARUN,2/14/2017,230.0,234.0,220.0,220.0,-4.35,660.0,401.5,298.0
BARUN,2/15/2017,220.0,236.0,224.0,236.0,7.27,170.0,401.5,298.0
BARUN,2/16/2017,236.0,244.0,240.0,240.0,1.69,50.0,401.5,298.0
BARUN,2/19/2017,240.0,245.0,240.0,241.0,0.42,190.0,401.5,298.0
BARUN,2/20/2017,241.0,249.0,245.0,249.0,3.32,40.0,401.5,298.0
BARUN,2/21/2017,249.0,253.0,250.0,250.0,0.4,200.0,401.5,298.0
BARUN,2/22/2017,250.0,253.0,245.0,253.0,1.2,100.0,401.5,298.0
BARUN,2/23/2017,253.0,258.0,249.0,250.0,-1.19,470.0,401.5,298.0
BARUN,2/26/2017,250.0,250.0,237.0,241.0,-3.6,600.0,401.5,298.0
BARUN,2/28/2017,241.0,237.0,233.0,233.0,-3.32,30.0,401.5,298.0
BARUN,3/1/2017,233.0,234.0,230.0,230.0,-1.29,40.0,401.5,298.0
BARUN,3/2/2017,230.0,230.0,230.0,230.0,0.0,50.0,401.5,298.0
BARUN,3/5/2017,230.0,230.0,226.0,226.0,-1.74,30.0,401.5,298.0
BARUN,3/6/2017,226.0,226.0,226.0,226.0,0.0,20.0,401.5,298.0
BARUN,3/7/2017,226.0,226.0,222.0,226.0,0.0,440.0,401.5,298.0
BARUN,3/9/2017,226.0,226.0,223.0,224.0,-0.88,50.0,401.5,298.0
BARUN,3/13/2017,224.0,225.0,223.0,223.0,-0.45,150.0,401.5,298.0
BARUN,3/14/2017,223.0,223.0,220.0,220.0,-1.35,350.0,401.5,298.0
BARUN,3/15/2017,220.0,224.0,224.0,224.0,1.82,10.0,401.5,298.0
BARUN,3/16/2017,224.0,228.0,228.0,228.0,1.79,30.0,401.5,298.0
BARUN,3/19/2017,228.0,228.0,227.0,228.0,0.0,70.0,401.5,298.0
BARUN,3/20/2017,228.0,234.0,232.0,234.0,2.63,30.0,401.5,298.0
BARUN,3/21/2017,234.0,236.0,233.0,233.0,-0.43,50.0,401.5,298.0
BARUN,3/22/2017,233.0,238.0,230.0,238.0,2.15,50.0,401.5,298.0
BARUN,3/23/2017,238.0,254.0,238.0,254.0,6.72,490.0,401.5,298.0
BARUN,3/26/2017,254.0,279.0,259.0,279.0,9.84,170.0,401.5,298.0
BARUN,3/28/2017,279.0,304.0,284.0,300.0,7.53,1030.0,401.5,298.0
BARUN,3/29/2017,300.0,318.0,306.0,317.0,5.67,440.0,401.5,298.0
BARUN,3/30/2017,317.0,319.0,309.0,313.0,-1.26,470.0,401.5,298.0
BARUN,4/4/2017,313.0,310.0,298.0,298.0,-4.79,470.0,401.5,298.0
BARUN,4/9/2017,298.0,298.0,289.0,298.0,0.0,150.0,401.5,298.0
BARUN,4/10/2017,298.0,318.0,293.0,318.0,6.71,350.0,401.5,298.0
BARUN,4/11/2017,318.0,318.0,308.0,315.0,-0.94,260.0,401.5,298.0
BARUN,4/12/2017,315.0,311.0,305.0,306.0,-2.86,750.0,401.5,298.0
BARUN,4/13/2017,306.0,300.0,294.0,294.0,-3.92,80.0,401.5,298.0
BARUN,4/16/2017,294.0,294.0,289.0,290.0,-1.36,190.0,401.5,298.0
BARUN,4/18/2017,290.0,285.0,275.0,275.0,-5.17,70.0,401.5,298.0
BARUN,4/19/2017,275.0,280.0,275.0,275.0,0.0,140.0,401.5,298.0
BARUN,4/20/2017,275.0,280.0,270.0,280.0,1.82,90.0,401.5,298.0
BARUN,4/23/2017,280.0,280.0,280.0,280.0,0.0,40.0,401.5,298.0
BARUN,4/24/2017,280.0,285.0,280.0,280.0,0.0,390.0,401.5,298.0
BARUN,4/25/2017,280.0,290.0,280.0,290.0,3.57,160.0,401.5,298.0
BARUN,4/26/2017,290.0,295.0,290.0,290.0,0.0,140.0,401.5,298.0
BARUN,4/27/2017,290.0,285.0,275.0,280.0,-3.45,250.0,401.5,298.0
BARUN,4/30/2017,280.0,280.0,265.0,275.0,-1.79,620.0,401.5,298.0
BARUN,5/2/2017,275.0,270.0,265.0,270.0,-1.82,220.0,401.5,298.0
BARUN,5/3/2017,270.0,275.0,270.0,275.0,1.85,140.0,401.5,298.0
BARUN,5/4/2017,275.0,285.0,275.0,280.0,1.82,400.0,401.5,298.0
BARUN,5/7/2017,280.0,280.0,275.0,278.0,-0.71,110.0,401.5,298.0
BARUN,5/8/2017,278.0,276.0,275.0,276.0,-0.72,50.0,401.5,298.0
BARUN,5/9/2017,276.0,276.0,273.0,276.0,0.0,110.0,401.5,298.0
BARUN,5/11/2017,276.0,295.0,271.0,295.0,6.88,280.0,401.5,298.0
BARUN,5/15/2017,295.0,301.0,296.0,297.0,0.68,110.0,401.5,298.0
BARUN,5/16/2017,297.0,293.0,288.0,293.0,-1.35,140.0,401.5,298.0
BARUN,5/17/2017,293.0,293.0,282.0,285.0,-2.73,220.0,401.5,298.0
BARUN,5/18/2017,285.0,298.0,285.0,294.0,3.16,1911.0,401.5,298.0
BARUN,5/21/2017,294.0,310.0,291.0,310.0,5.44,590.0,401.5,298.0
BARUN,5/22/2017,310.0,310.0,304.0,310.0,0.0,310.0,401.5,298.0
BARUN,5/23/2017,310.0,314.0,303.0,308.0,-0.65,340.0,401.5,298.0
BARUN,5/24/2017,308.0,302.0,290.0,290.0,-5.84,240.0,401.5,298.0
BARUN,5/28/2017,290.0,290.0,280.0,285.0,-1.72,220.0,401.5,298.0
BARUN,5/30/2017,285.0,280.0,265.0,280.0,-1.75,720.0,401.5,298.0
BARUN,5/31/2017,280.0,285.0,275.0,280.0,0.0,140.0,401.5,298.0
BARUN,6/1/2017,280.0,280.0,280.0,280.0,0.0,20.0,401.5,298.0
BARUN,6/4/2017,280.0,278.0,273.0,276.0,-1.43,90.0,401.5,298.0
BARUN,6/5/2017,276.0,280.0,271.0,276.0,0.0,80.0,401.5,298.0
BARUN,6/6/2017,276.0,285.0,277.0,285.0,3.26,260.0,401.5,298.0
BARUN,6/7/2017,285.0,296.0,280.0,296.0,3.86,180.0,401.5,298.0
BARUN,6/8/2017,296.0,291.0,286.0,290.0,-2.03,220.0,401.5,298.0
BARUN,6/11/2017,290.0,295.0,285.0,295.0,1.72,340.0,401.5,298.0
BARUN,6/12/2017,295.0,290.0,285.0,285.0,-3.39,80.0,401.5,298.0
BARUN,6/13/2017,285.0,280.0,271.0,275.0,-3.51,900.0,401.5,298.0
BARUN,6/14/2017,275.0,275.0,270.0,272.0,-1.09,1260.0,401.5,298.0
BARUN,6/15/2017,272.0,279.0,267.0,279.0,2.57,450.0,401.5,298.0
BARUN,6/18/2017,279.0,274.0,274.0,274.0,-1.79,90.0,401.5,298.0
BARUN,6/19/2017,274.0,270.0,265.0,270.0,-1.46,70.0,401.5,298.0
BARUN,6/20/2017,270.0,270.0,265.0,270.0,0.0,110.0,401.5,298.0
BARUN,6/21/2017,270.0,271.0,265.0,271.0,0.37,100.0,401.5,298.0
BARUN,6/22/2017,271.0,273.0,266.0,273.0,0.74,930.0,401.5,298.0
BARUN,6/25/2017,273.0,268.0,263.0,263.0,-3.66,140.0,401.5,298.0
BARUN,6/27/2017,263.0,265.0,260.0,261.0,-0.76,280.0,401.5,298.0
BARUN,6/28/2017,261.0,261.0,260.0,261.0,0.0,150.0,401.5,298.0
BARUN,7/2/2017,261.0,265.0,261.0,265.0,1.53,60.0,401.5,298.0
BARUN,7/3/2017,265.0,265.0,260.0,262.0,-1.13,140.0,401.5,298.0
BARUN,7/4/2017,262.0,260.0,257.0,260.0,-0.76,100.0,401.5,298.0
BARUN,7/5/2017,260.0,255.0,255.0,255.0,-1.92,60.0,401.5,298.0
BARUN,7/6/2017,255.0,265.0,253.0,265.0,3.92,80.0,401.5,298.0
BARUN,7/9/2017,265.0,270.0,260.0,260.0,-1.89,180.0,401.5,298.0
BARUN,7/10/2017,260.0,261.0,260.0,260.0,0.0,100.0,401.5,298.0
BARUN,7/11/2017,260.0,262.0,255.0,255.0,-1.92,90.0,401.5,298.0
BARUN,7/12/2017,255.0,256.0,251.0,252.0,-1.18,190.0,401.5,298.0
BARUN,7/13/2017,252.0,253.0,248.0,253.0,0.4,140.0,401.5,298.0
BARUN,7/16/2017,253.0,252.0,248.0,252.0,-0.4,130.0,401.5,298.0
BARUN,7/17/2017,252.0,255.0,250.0,251.0,-0.4,270.0,401.5,298.0
BARUN,7/18/2017,251.0,260.0,255.0,260.0,3.59,120.0,401.5,298.0
BARUN,7/19/2017,260.0,260.0,250.0,260.0,0.0,480.0,401.5,298.0
BARUN,7/20/2017,260.0,260.0,250.0,256.0,-1.54,19992.0,401.5,298.0
BARUN,7/23/2017,256.0,254.0,248.0,251.0,-1.95,370.0,401.5,298.0
BARUN,7/24/2017,251.0,250.0,246.0,250.0,-0.4,250.0,401.5,298.0
BARUN,7/25/2017,250.0,270.0,248.0,270.0,8.0,1317.0,401.5,298.0
BARUN,7/26/2017,270.0,275.0,263.0,263.0,-2.59,280.0,401.5,298.0
BARUN,7/27/2017,263.0,265.0,258.0,265.0,0.76,50.0,401.5,298.0
BARUN,7/30/2017,265.0,260.0,260.0,260.0,-1.89,10.0,401.5,298.0
BARUN,7/31/2017,260.0,260.0,249.0,250.0,-3.85,1812.0,401.5,298.0
BARUN,8/1/2017,250.0,260.0,246.0,255.0,2.0,602.0,401.5,298.0
BARUN,8/2/2017,255.0,270.0,250.0,270.0,5.88,2727.0,401.5,298.0
BARUN,8/6/2017,270.0,265.0,265.0,265.0,-1.85,100.0,401.5,298.0
BARUN,8/7/2017,265.0,260.0,245.0,250.0,-5.66,1410.0,401.5,298.0
BARUN,8/9/2017,250.0,250.0,241.0,249.0,-0.4,2240.0,401.5,298.0
BARUN,8/10/2017,249.0,247.0,241.0,247.0,-0.8,1076.0,401.5,298.0
BARUN,8/13/2017,247.0,243.0,239.0,243.0,-1.62,521.0,401.5,298.0
BARUN,8/15/2017,243.0,240.0,239.0,240.0,-1.23,40.0,401.5,298.0
BARUN,8/16/2017,240.0,249.0,240.0,245.0,2.08,210.0,401.5,298.0
BARUN,8/17/2017,245.0,245.0,241.0,241.0,-1.63,397.0,401.5,298.0
BARUN,8/20/2017,241.0,240.0,239.0,240.0,-0.41,548.0,401.5,298.0
BARUN,8/21/2017,240.0,240.0,236.0,240.0,0.0,60.0,401.5,298.0
BARUN,8/22/2017,240.0,246.0,238.0,246.0,2.5,572.0,401.5,298.0
BARUN,8/23/2017,246.0,250.0,240.0,245.0,-0.41,1306.0,401.5,298.0
BARUN,8/24/2017,245.0,242.0,242.0,242.0,-1.22,20.0,401.5,298.0
BARUN,8/27/2017,242.0,240.0,237.0,239.0,-1.24,270.0,401.5,298.0
BARUN,8/28/2017,239.0,248.0,231.0,245.0,2.51,920.0,401.5,298.0
BARUN,8/30/2017,245.0,245.0,238.0,238.0,-2.86,770.0,401.5,298.0
BARUN,8/31/2017,238.0,238.0,234.0,236.0,-0.84,180.0,401.5,298.0
BARUN,9/4/2017,236.0,232.0,224.0,226.0,-4.24,90.0,401.5,298.0
BARUN,9/6/2017,226.0,226.0,218.0,226.0,0.0,868.0,401.5,298.0
BARUN,9/7/2017,226.0,225.0,216.0,216.0,-4.42,480.0,401.5,298.0
BARUN,9/10/2017,216.0,222.0,214.0,214.0,-0.93,467.0,401.5,298.0
BARUN,9/11/2017,214.0,215.0,214.0,215.0,0.47,20.0,401.5,298.0
BARUN,9/12/2017,215.0,214.0,210.0,210.0,-2.33,180.0,401.5,298.0
BARUN,9/13/2017,210.0,218.0,212.0,218.0,3.81,350.0,401.5,298.0
BARUN,9/14/2017,218.0,217.0,210.0,213.0,-2.29,2536.0,401.5,298.0
BARUN,9/17/2017,213.0,210.0,204.0,206.0,-3.29,324.0,401.5,298.0
BARUN,9/18/2017,206.0,206.0,196.0,197.0,-4.37,1066.0,401.5,298.0
BARUN,9/20/2017,197.0,203.0,194.0,203.0,3.05,1050.0,401.5,298.0
BARUN,9/24/2017,203.0,223.0,207.0,223.0,9.85,60.0,401.5,298.0
BARUN,9/25/2017,223.0,245.0,214.0,214.0,-4.04,6728.0,401.5,298.0
BARUN,9/26/2017,214.0,233.0,217.0,222.0,3.74,1633.0,401.5,298.0
BARUN,10/3/2017,222.0,222.0,218.0,219.0,-1.35,1335.0,401.5,298.0
BARUN,10/4/2017,209.0,217.0,210.0,213.0,-2.74,40.0,401.5,298.0
BARUN,10/8/2017,213.0,214.0,210.0,214.0,0.47,58.0,401.5,298.0
BARUN,10/10/2017,214.0,210.0,206.0,210.0,-1.87,40.0,401.5,298.0
BARUN,10/11/2017,210.0,206.0,202.0,203.0,-3.33,40.0,401.5,298.0
BARUN,10/15/2017,203.0,199.0,199.0,199.0,-1.97,20.0,401.5,298.0
BARUN,10/16/2017,199.0,204.0,197.0,200.0,0.5,70.0,401.5,298.0
BARUN,10/17/2017,200.0,199.0,196.0,199.0,-0.5,80.0,401.5,298.0
BARUN,10/18/2017,199.0,213.0,198.0,209.0,5.03,187.0,401.5,298.0
BARUN,10/22/2017,209.0,222.0,213.0,220.0,5.26,1065.0,401.5,298.0
BARUN,10/23/2017,220.0,220.0,220.0,220.0,0.0,184.0,401.5,298.0
BARUN,10/24/2017,220.0,232.0,217.0,232.0,5.45,495.0,401.5,298.0
BARUN,10/25/2017,232.0,230.0,218.0,218.0,-6.03,2292.0,401.5,298.0
BARUN,10/29/2017,218.0,214.0,210.0,210.0,-3.67,50.0,401.5,298.0
BARUN,10/30/2017,210.0,211.0,207.0,211.0,0.48,1082.0,401.5,298.0
BARUN,10/31/2017,211.0,211.0,207.0,207.0,-1.9,243.0,401.5,298.0
BARUN,11/1/2017,207.0,207.0,203.0,207.0,0.0,110.0,401.5,298.0
BARUN,11/2/2017,207.0,210.0,205.0,206.0,-0.48,508.0,401.5,298.0
BARUN,11/5/2017,206.0,205.0,203.0,205.0,-0.49,874.0,401.5,298.0
BARUN,11/6/2017,205.0,208.0,201.0,208.0,1.46,430.0,401.5,298.0
BARUN,11/7/2017,208.0,205.0,204.0,205.0,-1.44,220.0,401.5,298.0
BARUN,11/8/2017,205.0,203.0,202.0,203.0,-0.98,60.0,401.5,298.0
BARUN,11/9/2017,203.0,202.0,197.0,197.0,-2.96,150.0,401.5,298.0
BARUN,11/12/2017,197.0,205.0,200.0,204.0,3.55,274.0,401.5,298.0
BARUN,11/13/2017,204.0,205.0,204.0,204.0,0.0,70.0,401.5,298.0
BARUN,11/14/2017,204.0,206.0,200.0,202.0,-0.98,220.0,401.5,298.0
BARUN,11/15/2017,202.0,206.0,202.0,203.0,0.5,50.0,401.5,298.0
BARUN,11/16/2017,203.0,200.0,200.0,200.0,-1.48,10.0,401.5,298.0
BARUN,11/19/2017,200.0,202.0,196.0,201.0,0.5,1567.0,401.5,298.0
BARUN,11/20/2017,201.0,197.0,192.0,195.0,-2.99,60.0,401.5,298.0
BARUN,11/21/2017,195.0,202.0,195.0,202.0,3.59,438.0,401.5,298.0
BARUN,11/22/2017,202.0,204.0,198.0,204.0,0.99,100.0,401.5,298.0
BARUN,11/23/2017,204.0,201.0,196.0,198.0,-2.94,358.0,401.5,298.0
BARUN,11/26/2017,198.0,198.0,195.0,197.0,-0.51,90.0,401.5,298.0
BARUN,11/27/2017,197.0,200.0,195.0,200.0,1.52,240.0,401.5,298.0
BARUN,11/28/2017,200.0,204.0,197.0,201.0,0.5,328.0,401.5,298.0
BARUN,11/29/2017,201.0,205.0,202.0,204.0,1.49,298.0,401.5,298.0
BARUN,11/30/2017,204.0,208.0,200.0,208.0,1.96,398.0,401.5,298.0
BARUN,12/4/2017,208.0,204.0,199.0,200.0,-3.85,398.0,401.5,298.0
BARUN,12/5/2017,200.0,201.0,198.0,201.0,0.5,80.0,401.5,298.0
BARUN,12/6/2017,201.0,204.0,200.0,201.0,0.0,190.0,401.5,298.0
BARUN,12/10/2017,201.0,208.0,201.0,202.0,0.5,1407.0,401.5,298.0
BARUN,12/11/2017,202.0,213.0,203.0,209.0,3.47,710.0,401.5,298.0
BARUN,12/12/2017,209.0,205.0,201.0,202.0,-3.35,130.0,401.5,298.0
BARUN,12/13/2017,202.0,209.0,197.0,205.0,1.49,1132.0,401.5,298.0
BARUN,12/14/2017,205.0,201.0,201.0,201.0,-1.95,10.0,401.5,298.0
BARUN,12/17/2017,201.0,206.0,202.0,202.0,0.5,250.0,401.5,298.0
BARUN,12/18/2017,202.0,205.0,201.0,202.0,0.0,100.0,401.5,298.0
BARUN,12/19/2017,202.0,208.0,200.0,200.0,-0.99,280.0,401.5,298.0
BARUN,12/20/2017,200.0,204.0,200.0,201.0,0.5,100.0,401.5,298.0
BARUN,12/21/2017,201.0,200.0,197.0,197.0,-1.99,170.0,401.5,298.0
BARUN,12/24/2017,197.0,208.0,200.0,206.0,4.57,80.0,401.5,298.0
BARUN,12/26/2017,206.0,209.0,202.0,202.0,-1.94,70.0,401.5,298.0
BARUN,12/27/2017,202.0,201.0,198.0,199.0,-1.49,240.0,401.5,298.0
BARUN,12/28/2017,199.0,201.0,199.0,199.0,0.0,1088.0,401.5,298.0
BARUN,12/31/2017,199.0,197.0,186.0,186.0,-6.53,1495.0,401.5,298.0
BARUN,1/1/2018,186.0,194.0,189.0,194.0,4.3,150.0,401.5,298.0
BARUN,1/2/2018,194.0,197.0,194.0,195.0,0.52,120.0,401.5,298.0
BARUN,1/3/2018,195.0,198.0,192.0,198.0,1.54,280.0,401.5,298.0
BARUN,1/4/2018,198.0,198.0,193.0,195.0,-1.52,729.0,401.5,298.0
BARUN,1/7/2018,195.0,195.0,192.0,193.0,-1.03,80.0,401.5,298.0
BARUN,1/8/2018,193.0,197.0,190.0,194.0,0.52,410.0,401.5,298.0
BARUN,1/9/2018,194.0,195.0,195.0,195.0,0.52,30.0,401.5,298.0
BARUN,1/10/2018,195.0,196.0,191.0,191.0,-2.05,50.0,401.5,298.0
BARUN,1/14/2018,191.0,194.0,188.0,190.0,-0.52,1247.0,401.5,298.0
BARUN,1/16/2018,190.0,190.0,187.0,188.0,-1.05,495.0,401.5,298.0
BARUN,1/17/2018,188.0,190.0,185.0,190.0,1.06,200.0,401.5,298.0
BARUN,1/21/2018,190.0,188.0,185.0,188.0,-1.05,120.0,401.5,298.0
BARUN,1/22/2018,188.0,188.0,188.0,188.0,0.0,60.0,401.5,298.0
BARUN,1/23/2018,188.0,190.0,187.0,190.0,1.06,170.0,401.5,298.0
BARUN,1/24/2018,190.0,190.0,190.0,190.0,0.0,75.0,401.5,298.0
BARUN,1/25/2018,190.0,188.0,187.0,188.0,-1.05,130.0,401.5,298.0
BARUN,1/28/2018,188.0,191.0,188.0,189.0,0.53,90.0,401.5,298.0
BARUN,1/29/2018,189.0,186.0,180.0,185.0,-2.12,360.0,401.5,298.0
BARUN,1/31/2018,185.0,190.0,186.0,186.0,0.54,120.0,401.5,298.0
BARUN,2/1/2018,186.0,189.0,183.0,183.0,-1.61,720.0,401.5,298.0
BARUN,2/4/2018,183.0,184.0,181.0,184.0,0.55,20.0,401.5,298.0
BARUN,2/5/2018,184.0,182.0,181.0,181.0,-1.63,120.0,401.5,298.0
BARUN,2/6/2018,181.0,181.0,180.0,181.0,0.0,40.0,401.5,298.0
BARUN,2/7/2018,181.0,182.0,175.0,182.0,0.55,130.0,401.5,298.0
BARUN,2/8/2018,182.0,181.0,181.0,181.0,-0.55,10.0,401.5,298.0
BARUN,2/11/2018,181.0,187.0,184.0,187.0,3.31,370.0,401.5,298.0
BARUN,2/12/2018,187.0,192.0,190.0,190.0,1.6,655.0,401.5,298.0
BARUN,2/14/2018,190.0,187.0,184.0,187.0,-1.58,40.0,401.5,298.0
BARUN,2/15/2018,187.0,196.0,190.0,196.0,4.81,770.0,401.5,298.0
BARUN,2/18/2018,193.0,199.0,193.0,199.0,1.53,90.0,401.5,298.0
BARUN,2/20/2018,196.0,196.0,193.0,193.0,-3.02,110.0,401.5,298.0
BARUN,2/21/2018,190.0,190.0,190.0,190.0,-1.55,60.0,401.5,298.0
BARUN,2/22/2018,187.0,190.0,187.0,187.0,-1.58,330.0,401.5,298.0
BARUN,2/25/2018,184.0,184.0,181.0,182.0,-2.67,70.0,401.5,298.0
BARUN,2/26/2018,180.0,180.0,179.0,179.0,-1.65,150.0,401.5,298.0
BARUN,2/27/2018,176.0,179.0,176.0,179.0,0.0,80.0,401.5,298.0
BARUN,2/28/2018,179.0,179.0,179.0,179.0,0.0,50.0,401.5,298.0
BARUN,3/4/2018,176.0,178.0,176.0,178.0,-0.56,110.0,401.5,298.0
BARUN,3/6/2018,175.0,175.0,172.0,172.0,-3.37,50.0,401.5,298.0
BARUN,3/7/2018,173.0,180.0,172.0,177.0,2.91,1710.0,401.5,298.0
BARUN,3/11/2018,176.0,179.0,171.0,171.0,-3.39,410.0,401.5,298.0
BARUN,3/12/2018,170.0,170.0,165.0,165.0,-3.51,2483.0,401.5,298.0
BARUN,3/13/2018,162.0,174.0,162.0,171.0,3.64,570.0,401.5,298.0
BARUN,3/14/2018,174.0,177.0,174.0,177.0,3.51,110.0,401.5,298.0
BARUN,3/15/2018,180.0,184.0,180.0,184.0,3.95,530.0,401.5,298.0
BARUN,3/19/2018,187.0,190.0,184.0,189.0,2.72,1327.0,401.5,298.0
BARUN,3/20/2018,192.0,192.0,186.0,190.0,0.53,614.0,401.5,298.0
BARUN,3/21/2018,187.0,189.0,184.0,186.0,-2.11,832.0,401.5,298.0
BARUN,3/22/2018,183.0,187.0,183.0,187.0,0.54,274.0,401.5,298.0
BARUN,3/26/2018,187.0,188.0,184.0,187.0,0.0,1214.0,401.5,298.0
BARUN,3/27/2018,184.0,184.0,181.0,184.0,-1.6,2296.0,401.5,298.0
BARUN,3/28/2018,187.0,193.0,184.0,191.0,3.8,1280.0,401.5,298.0
BARUN,3/29/2018,194.0,197.0,194.0,194.0,1.57,820.0,401.5,298.0
BARUN,4/1/2018,193.0,193.0,188.0,191.0,-1.55,260.0,401.5,298.0
BARUN,4/2/2018,194.0,194.0,194.0,194.0,1.57,126.0,401.5,298.0
BARUN,4/3/2018,191.0,191.0,182.0,183.0,-5.67,1270.0,401.5,298.0
BARUN,4/4/2018,182.0,183.0,182.0,182.0,-0.55,30.0,401.5,298.0
BARUN,4/5/2018,185.0,185.0,182.0,182.0,0.0,70.0,401.5,298.0
BARUN,4/8/2018,183.0,183.0,180.0,183.0,0.55,419.0,401.5,298.0
BARUN,4/9/2018,186.0,186.0,184.0,184.0,0.55,110.0,401.5,298.0
BARUN,4/10/2018,183.0,183.0,179.0,179.0,-2.72,70.0,401.5,298.0
BARUN,4/11/2018,176.0,176.0,175.0,175.0,-2.23,20.0,401.5,298.0
BARUN,4/12/2018,173.0,176.0,171.0,171.0,-2.29,1702.0,401.5,298.0
BARUN,4/15/2018,174.0,177.0,174.0,177.0,3.51,90.0,401.5,298.0
BARUN,4/16/2018,174.0,178.0,171.0,178.0,0.56,234.0,401.5,298.0
BARUN,4/18/2018,181.0,187.0,181.0,187.0,5.06,80.0,401.5,298.0
BARUN,4/19/2018,190.0,193.0,184.0,193.0,3.21,930.0,401.5,298.0
BARUN,4/22/2018,193.0,196.0,188.0,196.0,1.55,1330.0,401.5,298.0
BARUN,4/23/2018,193.0,193.0,187.0,187.0,-4.59,380.0,401.5,298.0
BARUN,4/24/2018,184.0,187.0,184.0,185.0,-1.07,169.0,401.5,298.0
BARUN,4/25/2018,185.0,185.0,180.0,181.0,-2.16,428.0,401.5,298.0
BARUN,4/26/2018,181.0,183.0,178.0,180.0,-0.55,888.0,401.5,298.0
BARUN,4/29/2018,177.0,177.0,166.0,166.0,-7.78,2290.0,401.5,298.0
BARUN,5/2/2018,169.0,173.0,166.0,171.0,3.01,128.0,401.5,298.0
BARUN,5/3/2018,174.0,175.0,166.0,167.0,-2.34,4059.0,401.5,298.0
BARUN,5/6/2018,166.0,169.0,157.0,169.0,1.2,5155.0,401.5,298.0
BARUN,5/7/2018,169.0,174.0,165.0,170.0,0.59,5010.0,401.5,298.0
BARUN,5/8/2018,173.0,173.0,165.0,169.0,-0.59,4974.0,401.5,298.0
BARUN,5/9/2018,170.0,170.0,163.0,163.0,-3.55,1260.0,401.5,298.0
BARUN,5/10/2018,164.0,169.0,164.0,167.0,2.45,3495.0,401.5,298.0
BARUN,5/14/2018,165.0,167.0,165.0,165.0,-1.2,580.0,401.5,298.0
BARUN,5/15/2018,165.0,165.0,165.0,165.0,0.0,20.0,401.5,298.0
BARUN,5/16/2018,162.0,166.0,162.0,164.0,-0.61,70.0,401.5,298.0
BARUN,5/17/2018,164.0,166.0,164.0,165.0,0.61,67.0,401.5,298.0
BARUN,5/20/2018,166.0,166.0,163.0,163.0,-1.21,1000.0,401.5,298.0
BARUN,5/21/2018,163.0,163.0,159.0,162.0,-0.61,1561.0,401.5,298.0
BARUN,5/22/2018,160.0,161.0,160.0,160.0,-1.23,540.0,401.5,298.0
BARUN,5/23/2018,157.0,160.0,157.0,157.0,-1.88,150.0,401.5,298.0
BARUN,5/24/2018,155.0,163.0,155.0,163.0,3.82,120.0,401.5,298.0
BARUN,5/27/2018,163.0,163.0,158.0,158.0,-3.07,22954.0,401.5,298.0
BARUN,5/28/2018,156.0,163.0,156.0,163.0,3.16,7168.0,401.5,298.0
BARUN,5/30/2018,165.0,165.0,165.0,165.0,1.23,50.0,401.5,298.0
BARUN,5/31/2018,163.0,163.0,158.0,160.0,-3.03,22072.0,401.5,298.0
BARUN,6/3/2018,157.0,157.0,157.0,157.0,-1.88,10.0,401.5,298.0
BARUN,6/4/2018,157.0,158.0,157.0,157.0,0.0,1067.0,401.5,298.0
BARUN,6/6/2018,157.0,157.0,157.0,157.0,0.0,100.0,401.5,298.0
BARUN,6/7/2018,156.0,157.0,154.0,155.0,-1.27,1251.0,401.5,298.0
BARUN,6/10/2018,152.0,152.0,152.0,152.0,-1.94,120.0,401.5,298.0
BARUN,6/11/2018,150.0,154.0,149.0,150.0,-1.32,1324.0,401.5,298.0
BARUN,6/12/2018,147.0,150.0,145.0,148.0,-1.33,210.0,401.5,298.0
BARUN,6/13/2018,148.0,150.0,148.0,150.0,1.35,222.0,401.5,298.0
BARUN,6/14/2018,153.0,157.0,147.0,149.0,-0.67,1760.0,401.5,298.0
BARUN,6/17/2018,151.0,159.0,151.0,155.0,4.03,6763.0,401.5,298.0
BARUN,6/18/2018,153.0,153.0,153.0,153.0,-1.29,20.0,401.5,298.0
BARUN,6/19/2018,150.0,156.0,150.0,156.0,1.96,122.0,401.5,298.0
BARUN,6/20/2018,159.0,159.0,155.0,155.0,-0.64,4930.0,401.5,298.0
BARUN,6/21/2018,155.0,155.0,155.0,155.0,0.0,235.0,401.5,298.0
BARUN,6/24/2018,152.0,155.0,152.0,153.0,-1.29,1907.0,401.5,298.0
BARUN,6/25/2018,150.0,150.0,145.0,147.0,-3.92,910.0,401.5,298.0
BARUN,6/26/2018,148.0,152.0,145.0,145.0,-1.36,764.0,401.5,298.0
BARUN,6/27/2018,145.0,148.0,145.0,148.0,2.07,54.0,401.5,298.0
BARUN,6/28/2018,150.0,150.0,150.0,150.0,1.35,50.0,401.5,298.0
BARUN,7/1/2018,148.0,148.0,148.0,148.0,-1.33,30.0,401.5,298.0
BARUN,7/2/2018,148.0,149.0,146.0,149.0,0.68,210.0,401.5,298.0
BARUN,7/3/2018,147.0,149.0,147.0,147.0,-1.34,620.0,401.5,298.0
BARUN,7/4/2018,148.0,149.0,148.0,148.0,0.68,30.0,401.5,298.0
BARUN,7/5/2018,148.0,153.0,146.0,148.0,0.0,512.0,401.5,298.0
BARUN,7/8/2018,148.0,149.0,148.0,148.0,0.0,90.0,401.5,298.0
BARUN,7/9/2018,146.0,149.0,146.0,148.0,0.0,512.0,401.5,298.0
BARUN,7/10/2018,150.0,159.0,150.0,159.0,7.43,1142.0,401.5,298.0
BARUN,7/11/2018,160.0,160.0,151.0,151.0,-5.03,1063.0,401.5,298.0
BARUN,7/12/2018,150.0,152.0,150.0,150.0,-0.66,411.0,401.5,298.0
BARUN,7/15/2018,149.0,150.0,146.0,150.0,0.0,60.0,401.5,298.0
BARUN,7/17/2018,150.0,150.0,147.0,147.0,-2.0,50.0,401.5,298.0
BARUN,7/18/2018,148.0,148.0,145.0,148.0,0.68,2589.0,401.5,298.0
BARUN,7/19/2018,146.0,146.0,144.0,144.0,-2.7,20.0,401.5,298.0
BARUN,7/22/2018,142.0,142.0,142.0,142.0,-1.39,10.0,401.5,298.0
BARUN,7/23/2018,140.0,144.0,138.0,144.0,1.41,2541.0,401.5,298.0
BARUN,7/24/2018,144.0,145.0,144.0,144.0,0.0,50.0,401.5,298.0
BARUN,7/25/2018,143.0,143.0,139.0,141.0,-2.08,1862.0,401.5,298.0
BARUN,7/26/2018,141.0,143.0,140.0,143.0,1.42,161.0,401.5,298.0
BARUN,7/30/2018,141.0,141.0,141.0,141.0,-1.4,10.0,401.5,298.0
BARUN,7/31/2018,139.0,141.0,137.0,141.0,0.0,152.0,401.5,298.0
BARUN,8/1/2018,139.0,140.0,139.0,140.0,-0.71,50.0,401.5,298.0
BARUN,8/2/2018,142.0,142.0,138.0,138.0,-1.43,1143.0,401.5,298.0
BARUN,8/5/2018,138.0,138.0,136.0,137.0,-0.72,174.0,401.5,298.0
BARUN,8/6/2018,136.0,136.0,136.0,136.0,-0.73,20.0,401.5,298.0
BARUN,8/7/2018,134.0,140.0,134.0,140.0,2.94,356.0,401.5,298.0
BARUN,8/8/2018,140.0,140.0,140.0,140.0,0.0,47.0,401.5,298.0
BARUN,8/13/2018,140.0,140.0,138.0,138.0,-1.43,20.0,401.5,298.0
BARUN,8/14/2018,136.0,136.0,135.0,135.0,-2.17,32.0,401.5,298.0
BARUN,8/15/2018,135.0,139.0,135.0,137.0,1.48,50.0,401.5,298.0
BARUN,8/16/2018,135.0,137.0,135.0,137.0,0.0,40.0,401.5,298.0
BARUN,8/19/2018,137.0,137.0,135.0,135.0,-1.46,210.0,401.5,298.0
BARUN,8/20/2018,135.0,135.0,131.0,133.0,-1.48,710.0,401.5,298.0
BARUN,8/21/2018,133.0,136.0,133.0,134.0,0.75,250.0,401.5,298.0
BARUN,8/22/2018,133.0,133.0,131.0,131.0,-2.24,2600.0,401.5,298.0
BARUN,8/23/2018,129.0,131.0,129.0,131.0,0.0,730.0,401.5,298.0
BARUN,8/26/2018,129.0,129.0,126.0,126.0,-3.82,1493.0,401.5,298.0
BARUN,8/28/2018,128.0,130.0,127.0,130.0,3.17,380.0,401.5,298.0
BARUN,8/29/2018,130.0,132.0,130.0,130.0,0.0,510.0,401.5,298.0
BARUN,8/30/2018,130.0,132.0,130.0,132.0,1.54,72.0,401.5,298.0
BARUN,9/2/2018,130.0,132.0,130.0,132.0,0.0,92.0,401.5,298.0
BARUN,9/3/2018,133.0,137.0,131.0,134.0,1.52,890.0,401.5,298.0
BARUN,9/4/2018,136.0,136.0,134.0,134.0,0.0,450.0,401.5,298.0
BARUN,9/5/2018,132.0,135.0,132.0,135.0,0.75,530.0,401.5,298.0
BARUN,9/6/2018,137.0,139.0,135.0,135.0,0.0,120.0,401.5,298.0
BARUN,9/9/2018,133.0,134.0,130.0,131.0,-2.96,1122.0,401.5,298.0
BARUN,9/10/2018,129.0,131.0,126.0,126.0,-3.82,844.0,401.5,298.0
BARUN,9/11/2018,126.0,129.0,125.0,128.0,1.59,120.0,401.5,298.0
BARUN,9/12/2018,130.0,130.0,130.0,130.0,1.56,10.0,401.5,298.0
BARUN,9/13/2018,130.0,130.0,130.0,130.0,0.0,612.0,401.5,298.0
BARUN,9/16/2018,128.0,128.0,127.0,128.0,-1.54,900.0,401.5,298.0
BARUN,9/17/2018,126.0,127.0,126.0,126.0,-1.56,50.0,401.5,298.0
BARUN,9/18/2018,126.0,128.0,124.0,128.0,1.59,1809.0,401.5,298.0
BARUN,9/20/2018,127.0,129.0,127.0,129.0,0.78,156.0,401.5,298.0
BARUN,9/23/2018,129.0,131.0,123.0,129.0,0.0,351.0,401.5,298.0
BARUN,9/25/2018,127.0,133.0,127.0,131.0,1.55,649.0,401.5,298.0
BARUN,9/26/2018,133.0,133.0,129.0,129.0,-1.53,5165.0,401.5,298.0
BARUN,9/27/2018,131.0,134.0,128.0,128.0,-0.78,3870.0,401.5,298.0
BARUN,9/30/2018,126.0,132.0,126.0,128.0,0.0,1901.0,401.5,298.0
BARUN,10/1/2018,127.0,127.0,127.0,127.0,-0.78,382.0,401.5,298.0
BARUN,10/2/2018,127.0,128.0,126.0,128.0,0.79,380.0,401.5,298.0
BARUN,10/3/2018,128.0,128.0,127.0,127.0,-0.78,30.0,401.5,298.0
BARUN,10/4/2018,125.0,125.0,125.0,125.0,-1.57,520.0,401.5,298.0
BARUN,10/7/2018,123.0,123.0,123.0,123.0,-1.6,21.0,401.5,298.0
BARUN,10/8/2018,122.0,127.0,122.0,122.0,-0.81,3315.0,401.5,298.0
BARUN,10/9/2018,120.0,122.0,118.0,122.0,0.0,3465.0,401.5,298.0
BARUN,10/10/2018,120.0,120.0,120.0,120.0,-1.64,110.0,401.5,298.0
BARUN,10/11/2018,119.0,123.0,118.0,123.0,2.5,1200.0,401.5,298.0
BARUN,10/14/2018,125.0,125.0,124.0,125.0,1.63,2027.0,401.5,298.0
BARUN,10/15/2018,123.0,123.0,119.0,123.0,-1.6,218.0,401.5,298.0
BARUN,10/23/2018,125.0,125.0,124.0,125.0,1.63,120.0,401.5,298.0
BARUN,10/24/2018,125.0,125.0,122.0,125.0,0.0,210.0,401.5,298.0
BARUN,10/25/2018,123.0,123.0,117.0,117.0,-6.4,625.0,401.5,298.0
BARUN,10/28/2018,117.0,120.0,117.0,120.0,2.56,50.0,401.5,298.0
BARUN,10/29/2018,119.0,119.0,117.0,117.0,-2.5,80.0,401.5,298.0
BARUN,10/30/2018,116.0,118.0,116.0,117.0,0.0,193.0,401.5,298.0
BARUN,10/31/2018,117.0,124.0,116.0,124.0,5.98,720.0,401.5,298.0
BARUN,11/1/2018,126.0,126.0,125.0,125.0,0.81,20.0,401.5,298.0
BARUN,11/4/2018,124.0,124.0,123.0,123.0,-1.6,170.0,401.5,298.0
BARUN,11/5/2018,123.0,127.0,123.0,124.0,0.81,578.0,401.5,298.0
BARUN,11/6/2018,124.0,125.0,123.0,125.0,0.81,10.0,401.5,298.0
BARUN,11/14/2018,123.0,125.0,121.0,121.0,-3.2,190.0,401.5,298.0
BARUN,11/22/2018,119.0,119.0,119.0,119.0,-1.65,20.0,401.5,298.0
BARUN,11/25/2018,117.0,120.0,117.0,120.0,0.84,320.0,401.5,298.0
BARUN,11/26/2018,118.0,120.0,118.0,120.0,0.0,330.0,401.5,298.0
BARUN,11/27/2018,119.0,120.0,118.0,118.0,-1.67,800.0,401.5,298.0
BARUN,11/28/2018,118.0,120.0,118.0,118.0,0.0,90.0,401.5,298.0
BARUN,11/29/2018,118.0,118.0,116.0,116.0,-1.69,30.0,401.5,298.0
BARUN,12/2/2018,114.0,117.0,108.0,109.0,-6.03,1740.0,401.5,298.0
BARUN,12/3/2018,110.0,111.0,109.0,110.0,0.92,100.0,401.5,298.0
BARUN,12/4/2018,110.0,110.0,108.0,108.0,-1.82,370.0,401.5,298.0
BARUN,12/5/2018,106.0,106.0,106.0,106.0,-1.85,42.0,401.5,298.0
BARUN,12/6/2018,104.0,106.0,104.0,106.0,0.0,110.0,401.5,298.0
BARUN,12/9/2018,108.0,112.0,107.0,112.0,5.66,337.0,401.5,298.0
BARUN,12/10/2018,110.0,116.0,110.0,116.0,3.57,11650.0,401.5,298.0
BARUN,12/11/2018,116.0,118.0,116.0,116.0,0.0,516.0,401.5,298.0
BARUN,12/12/2018,116.0,116.0,114.0,114.0,-1.72,30.0,401.5,298.0
BARUN,12/13/2018,112.0,113.0,112.0,113.0,-0.88,40.0,401.5,298.0
BARUN,12/16/2018,113.0,115.0,113.0,114.0,0.88,50.0,401.5,298.0
BARUN,12/17/2018,114.0,114.0,114.0,114.0,0.0,200.0,401.5,298.0
BARUN,12/18/2018,113.0,114.0,110.0,110.0,-3.51,1140.0,401.5,298.0
BARUN,12/19/2018,108.0,110.0,108.0,110.0,0.0,190.0,401.5,298.0
BARUN,12/20/2018,108.0,110.0,108.0,110.0,0.0,176.0,401.5,298.0
BARUN,12/23/2018,110.0,110.0,108.0,108.0,-1.82,190.0,401.5,298.0
BARUN,12/24/2018,106.0,106.0,106.0,106.0,-1.85,70.0,401.5,298.0
BARUN,12/25/2018,104.0,105.0,104.0,104.0,-1.89,310.0,401.5,298.0
BARUN,12/26/2018,102.0,104.0,102.0,104.0,0.0,60.0,401.5,298.0
BARUN,12/27/2018,105.0,109.0,105.0,109.0,4.81,153.0,401.5,298.0
BARUN,12/30/2018,110.0,112.0,109.0,112.0,2.75,730.0,401.5,298.0
BARUN,12/31/2018,112.0,114.0,111.0,114.0,1.79,247.0,401.5,298.0
BARUN,1/1/2019,112.0,112.0,112.0,112.0,-1.75,50.0,401.5,298.0
BARUN,1/2/2019,110.0,110.0,110.0,110.0,-1.79,500.0,401.5,298.0
BARUN,1/3/2019,108.0,109.0,107.0,107.0,-2.73,160.0,401.5,298.0
BARUN,1/6/2019,106.0,106.0,105.0,106.0,-0.93,620.0,401.5,298.0
BARUN,1/7/2019,104.0,106.0,104.0,104.0,-1.89,100.0,401.5,298.0
BARUN,1/8/2019,105.0,105.0,105.0,105.0,0.96,21.0,401.5,298.0
BARUN,1/9/2019,105.0,106.0,103.0,103.0,-1.9,1223.0,401.5,298.0
BARUN,1/10/2019,102.0,104.0,102.0,103.0,0.0,80.0,401.5,298.0
BARUN,1/13/2019,103.0,104.0,102.0,104.0,0.97,70.0,401.5,298.0
BARUN,1/14/2019,103.0,103.0,102.0,102.0,-1.92,1164.0,401.5,298.0
BARUN,1/15/2019,100.0,104.0,100.0,104.0,1.96,30.0,401.5,298.0
BARUN,1/16/2019,104.0,106.0,104.0,106.0,1.92,978.0,401.5,298.0
BARUN,1/17/2019,106.0,108.0,106.0,108.0,1.89,660.0,401.5,298.0
BARUN,1/20/2019,108.0,108.0,108.0,108.0,0.0,500.0,401.5,298.0
BARUN,1/21/2019,106.0,110.0,106.0,110.0,1.85,950.0,401.5,298.0
BARUN,1/22/2019,108.0,108.0,107.0,108.0,-1.82,350.0,401.5,298.0
BARUN,1/23/2019,107.0,107.0,105.0,105.0,-2.78,725.0,401.5,298.0
BARUN,1/24/2019,104.0,107.0,104.0,107.0,1.9,60.0,401.5,298.0
BARUN,1/27/2019,106.0,106.0,103.0,103.0,-3.74,879.0,401.5,298.0
BARUN,1/28/2019,103.0,105.0,103.0,103.0,0.0,1404.0,401.5,298.0
BARUN,1/29/2019,103.0,104.0,103.0,103.0,0.0,90.0,401.5,298.0
BARUN,1/30/2019,103.0,105.0,101.0,103.0,0.0,2501.0,401.5,298.0
BARUN,1/31/2019,101.0,103.0,101.0,103.0,0.0,40.0,401.5,298.0
BARUN,2/3/2019,102.0,102.0,101.0,101.0,-1.94,1862.0,401.5,298.0
BARUN,2/4/2019,101.0,104.0,101.0,104.0,2.97,1122.0,401.5,298.0
BARUN,2/5/2019,102.0,102.0,100.0,100.0,-3.85,5280.0,401.5,298.0
BARUN,2/6/2019,98.0,105.0,98.0,103.0,3.0,363.0,401.5,298.0
BARUN,2/7/2019,101.0,102.0,100.0,101.0,-1.94,1247.0,401.5,298.0
BARUN,2/10/2019,100.0,100.0,100.0,100.0,-0.99,10.0,401.5,298.0
BARUN,2/11/2019,98.0,98.0,97.0,97.0,-3.0,5350.0,401.5,298.0
BARUN,2/12/2019,97.0,97.0,95.0,96.0,-1.03,8190.0,401.5,298.0
BARUN,2/13/2019,97.0,98.0,95.0,95.0,-1.04,1670.0,401.5,298.0
BARUN,2/14/2019,94.0,94.0,94.0,94.0,-1.05,110.0,401.5,298.0
BARUN,2/17/2019,95.0,96.0,95.0,95.0,1.06,698.0,401.5,298.0
BARUN,2/18/2019,94.0,95.0,93.0,93.0,-2.11,140.0,401.5,298.0
BARUN,2/19/2019,92.0,92.0,92.0,92.0,-1.08,50.0,401.5,298.0
BARUN,2/20/2019,93.0,93.0,92.0,93.0,1.09,600.0,401.5,298.0
BARUN,2/21/2019,92.0,94.0,92.0,94.0,1.08,2623.0,401.5,298.0
BARUN,2/24/2019,94.0,94.0,92.0,92.0,-2.13,290.0,401.5,298.0
BARUN,2/25/2019,91.0,92.0,91.0,92.0,0.0,380.0,401.5,298.0
BARUN,2/26/2019,92.0,93.0,91.0,91.0,-1.09,290.0,401.5,298.0
BARUN,2/27/2019,92.0,93.0,92.0,93.0,2.2,450.0,401.5,298.0
BARUN,3/3/2019,94.0,94.0,90.0,91.0,-2.15,350.0,401.5,298.0
BARUN,3/5/2019,92.0,94.0,92.0,94.0,3.3,510.0,401.5,298.0
BARUN,3/6/2019,93.0,94.0,93.0,93.0,-1.06,70.0,401.5,298.0
BARUN,3/7/2019,93.0,95.0,91.0,95.0,2.15,622.0,401.5,298.0
BARUN,3/10/2019,96.0,96.0,96.0,96.0,1.05,10.0,401.5,298.0
BARUN,3/11/2019,95.0,95.0,93.0,93.0,-3.12,910.0,401.5,298.0
BARUN,3/12/2019,93.0,97.0,93.0,95.0,2.15,1690.0,401.5,298.0
BARUN,3/13/2019,93.0,102.0,93.0,98.0,3.16,1910.0,401.5,298.0
BARUN,3/14/2019,97.0,100.0,96.0,96.0,-2.04,1490.0,401.5,298.0
BARUN,3/17/2019,97.0,98.0,96.0,98.0,2.08,1360.0,401.5,298.0
BARUN,3/18/2019,97.0,100.0,95.0,96.0,-2.04,4838.0,401.5,298.0
BARUN,3/19/2019,96.0,97.0,95.0,95.0,-1.04,3607.0,401.5,298.0
BARUN,3/21/2019,94.0,94.0,93.0,93.0,-2.11,2734.0,401.5,298.0
BARUN,3/24/2019,92.0,94.0,92.0,93.0,0.0,5190.0,401.5,298.0
BARUN,3/25/2019,92.0,95.0,92.0,95.0,2.15,700.0,401.5,298.0
BARUN,3/26/2019,95.0,98.0,95.0,97.0,2.11,1242.0,401.5,298.0
BARUN,3/27/2019,98.0,98.0,98.0,98.0,1.03,1050.0,401.5,298.0
BARUN,3/28/2019,97.0,98.0,96.0,97.0,-1.02,1620.0,401.5,298.0
BARUN,3/31/2019,96.0,97.0,96.0,96.0,-1.03,820.0,401.5,298.0
BARUN,4/1/2019,95.0,95.0,94.0,95.0,-1.04,1550.0,401.5,298.0
BARUN,4/2/2019,95.0,97.0,95.0,97.0,2.11,660.0,401.5,298.0
BARUN,4/3/2019,96.0,98.0,96.0,98.0,1.03,1592.0,401.5,298.0
BARUN,4/4/2019,98.0,99.0,97.0,98.0,0.0,130.0,401.5,298.0
BARUN,4/7/2019,97.0,98.0,95.0,95.0,-3.06,2710.0,401.5,298.0
BARUN,4/8/2019,95.0,98.0,95.0,98.0,3.16,51.0,401.5,298.0
BARUN,4/9/2019,97.0,97.0,95.0,95.0,-3.06,535.0,401.5,298.0
BARUN,4/10/2019,94.0,95.0,94.0,94.0,-1.05,360.0,401.5,298.0
BARUN,4/11/2019,93.0,95.0,93.0,95.0,1.06,241.0,401.5,298.0
BARUN,4/15/2019,94.0,95.0,94.0,95.0,0.0,139.0,401.5,298.0
BARUN,4/16/2019,95.0,96.0,95.0,96.0,1.05,610.0,401.5,298.0
BARUN,4/17/2019,95.0,95.0,95.0,95.0,-1.04,280.0,401.5,298.0
BARUN,4/18/2019,94.0,94.0,93.0,93.0,-2.11,740.0,401.5,298.0
BARUN,4/21/2019,92.0,92.0,92.0,92.0,-1.08,1100.0,401.5,298.0
BARUN,4/22/2019,92.0,93.0,92.0,92.0,0.0,671.0,401.5,298.0
BARUN,4/23/2019,93.0,94.0,91.0,91.0,-1.09,2411.0,401.5,298.0
BARUN,4/24/2019,91.0,94.0,90.0,90.0,-1.1,1691.0,401.5,298.0
BARUN,4/25/2019,90.0,91.0,89.0,90.0,0.0,4741.0,401.5,298.0
BARUN,4/28/2019,89.0,93.0,89.0,93.0,3.33,860.0,401.5,298.0
BARUN,4/29/2019,92.0,94.0,92.0,94.0,1.08,370.0,401.5,298.0
BARUN,4/30/2019,93.0,96.0,93.0,93.0,-1.06,8940.0,401.5,298.0
BARUN,5/2/2019,92.0,97.0,92.0,94.0,1.08,900.0,401.5,298.0
BARUN,5/5/2019,93.0,93.0,92.0,92.0,-2.13,512.0,401.5,298.0
BARUN,5/6/2019,93.0,93.0,93.0,93.0,1.09,224.0,401.5,298.0
BARUN,5/7/2019,92.0,93.0,92.0,92.0,-1.08,2030.0,401.5,298.0
BARUN,5/8/2019,92.0,93.0,91.0,92.0,0.0,491.0,401.5,298.0
BARUN,5/9/2019,91.0,91.0,91.0,91.0,-1.09,718.0,401.5,298.0
BARUN,5/12/2019,90.0,92.0,90.0,90.0,-1.1,810.0,401.5,298.0
BARUN,5/13/2019,91.0,94.0,90.0,94.0,4.44,2604.0,401.5,298.0
BARUN,5/14/2019,95.0,95.0,91.0,93.0,-1.06,277.0,401.5,298.0
BARUN,5/15/2019,92.0,92.0,91.0,92.0,-1.08,1894.0,401.5,298.0
BARUN,5/16/2019,91.0,92.0,91.0,91.0,-1.09,400.0,401.5,298.0
BARUN,5/19/2019,92.0,98.0,92.0,98.0,7.69,101.0,401.5,298.0
BARUN,5/21/2019,97.0,97.0,95.0,96.0,-2.04,4549.0,401.5,298.0
BARUN,5/22/2019,95.0,105.0,95.0,102.0,6.25,9619.0,401.5,298.0
BARUN,5/23/2019,102.0,106.0,96.0,97.0,-4.9,4790.0,401.5,298.0
BARUN,5/26/2019,98.0,99.0,97.0,98.0,1.03,550.0,401.5,298.0
BARUN,5/27/2019,98.0,100.0,98.0,100.0,2.04,120.0,401.5,298.0
BARUN,5/28/2019,100.0,101.0,98.0,100.0,0.0,650.0,401.5,298.0
BARUN,5/29/2019,99.0,99.0,98.0,98.0,-2.0,315.0,401.5,298.0
BARUN,5/30/2019,98.0,99.0,98.0,99.0,1.02,735.0,401.5,298.0
BARUN,6/2/2019,100.0,100.0,96.0,96.0,-3.03,150.0,401.5,298.0
BARUN,6/3/2019,95.0,95.0,94.0,94.0,-2.08,180.0,401.5,298.0
BARUN,6/4/2019,93.0,97.0,93.0,96.0,2.13,180.0,401.5,298.0
BARUN,6/6/2019,97.0,98.0,97.0,97.0,1.04,210.0,401.5,298.0
BARUN,6/10/2019,96.0,96.0,96.0,96.0,-1.03,10.0,401.5,298.0
BARUN,6/11/2019,95.0,97.0,95.0,97.0,1.04,200.0,401.5,298.0
BARUN,6/13/2019,96.0,96.0,96.0,96.0,-1.03,75.0,401.5,298.0
BARUN,6/16/2019,95.0,95.0,92.0,92.0,-4.17,150.0,401.5,298.0
BARUN,6/17/2019,91.0,94.0,91.0,93.0,1.09,431.0,401.5,298.0
BARUN,6/18/2019,92.0,92.0,92.0,92.0,-1.08,70.0,401.5,298.0
BARUN,6/19/2019,91.0,92.0,91.0,92.0,0.0,80.0,401.5,298.0
BARUN,6/20/2019,91.0,91.0,91.0,91.0,-1.09,10.0,401.5,298.0
BARUN,6/23/2019,90.0,91.0,90.0,91.0,0.0,70.0,401.5,298.0
BARUN,6/24/2019,90.0,92.0,90.0,92.0,1.1,660.0,401.5,298.0
BARUN,6/25/2019,91.0,91.0,91.0,91.0,-1.09,60.0,401.5,298.0
BARUN,6/26/2019,90.0,91.0,90.0,91.0,0.0,518.0,401.5,298.0
BARUN,6/27/2019,91.0,92.0,90.0,92.0,1.1,560.0,401.5,298.0
BARUN,6/30/2019,91.0,91.0,90.0,90.0,-2.17,70.0,401.5,298.0
BARUN,7/1/2019,91.0,93.0,89.0,92.0,2.22,760.0,401.5,298.0
BARUN,7/2/2019,92.0,92.0,92.0,92.0,0.0,177.0,401.5,298.0
BARUN,7/3/2019,92.0,93.0,92.0,93.0,1.09,590.0,401.5,298.0
BARUN,7/4/2019,92.0,92.0,91.0,91.0,-2.15,300.0,401.5,298.0
BARUN,7/7/2019,90.0,92.0,90.0,90.0,-1.1,2070.0,401.5,298.0
BARUN,7/8/2019,89.0,89.0,89.0,89.0,-1.11,870.0,401.5,298.0
BARUN,7/9/2019,90.0,90.0,90.0,90.0,1.12,120.0,401.5,298.0
BARUN,7/10/2019,89.0,91.0,89.0,90.0,0.0,520.0,401.5,298.0
BARUN,7/11/2019,90.0,90.0,90.0,90.0,0.0,70.0,401.5,298.0
BARUN,7/14/2019,90.0,90.0,89.0,89.0,-1.11,1090.0,401.5,298.0
BARUN,7/15/2019,88.0,88.0,88.0,88.0,-1.12,20.0,401.5,298.0
BARUN,7/16/2019,89.0,90.0,89.0,90.0,2.27,255.0,401.5,298.0
BARUN,7/17/2019,94.0,94.0,92.0,94.0,4.44,2159.0,401.5,298.0
BARUN,7/23/2019,93.0,93.0,92.0,92.0,-2.13,506.0,401.5,298.0
BARUN,7/24/2019,91.0,95.0,91.0,95.0,3.26,810.0,401.5,298.0
BARUN,7/25/2019,94.0,94.0,91.0,91.0,-4.21,3260.0,401.5,298.0
BARUN,7/28/2019,90.0,91.0,90.0,91.0,0.0,150.0,401.5,298.0
BARUN,7/29/2019,90.0,91.0,90.0,90.0,-1.1,70.0,401.5,298.0
BARUN,7/30/2019,90.0,91.0,90.0,91.0,1.11,372.0,401.5,298.0
BARUN,7/31/2019,90.0,90.0,90.0,90.0,-1.1,110.0,401.5,298.0
BARUN,8/1/2019,90.0,90.0,90.0,90.0,0.0,201.0,401.5,298.0
BARUN,8/4/2019,90.0,90.0,89.0,89.0,-1.11,2419.0,401.5,298.0
BARUN,8/5/2019,89.0,89.0,88.0,88.0,-1.12,370.0,401.5,298.0
BARUN,8/6/2019,87.0,87.0,87.0,87.0,-1.14,1244.0,401.5,298.0
BARUN,8/7/2019,86.0,86.0,86.0,86.0,-1.15,50.0,401.5,298.0
BARUN,8/8/2019,86.0,87.0,86.0,87.0,1.16,1224.0,401.5,298.0
BARUN,8/11/2019,87.0,88.0,87.0,88.0,1.15,192.0,401.5,298.0
BARUN,8/12/2019,87.0,90.0,87.0,90.0,2.27,40.0,401.5,298.0
BARUN,8/13/2019,89.0,91.0,89.0,91.0,1.11,120.0,401.5,298.0
BARUN,8/14/2019,90.0,90.0,89.0,90.0,-1.1,210.0,401.5,298.0
BARUN,8/15/2019,90.0,90.0,90.0,90.0,0.0,20.0,401.5,298.0
BARUN,8/18/2019,90.0,90.0,90.0,90.0,0.0,10.0,401.5,298.0
BARUN,8/19/2019,90.0,91.0,87.0,88.0,-2.22,720.0,401.5,298.0
BARUN,8/20/2019,89.0,90.0,87.0,87.0,-1.14,1958.0,401.5,298.0
BARUN,8/21/2019,86.0,87.0,86.0,86.0,-1.15,505.0,401.5,298.0
BARUN,8/22/2019,85.0,87.0,85.0,86.0,0.0,365.0,401.5,298.0
BARUN,8/25/2019,86.0,86.0,84.0,84.0,-2.33,239.0,401.5,298.0
BARUN,8/26/2019,83.0,84.0,83.0,84.0,0.0,929.0,401.5,298.0
BARUN,8/27/2019,85.0,85.0,84.0,85.0,1.19,362.0,401.5,298.0
BARUN,8/28/2019,84.0,84.0,84.0,84.0,-1.18,30.0,401.5,298.0
BARUN,8/29/2019,84.0,84.0,83.0,84.0,0.0,70.0,401.5,298.0
BARUN,9/1/2019,83.0,83.0,83.0,83.0,-1.19,10.0,401.5,298.0
BARUN,9/3/2019,82.0,86.0,82.0,86.0,3.61,90.0,401.5,298.0
BARUN,9/4/2019,85.0,86.0,85.0,86.0,0.0,20.0,401.5,298.0
BARUN,9/5/2019,85.0,86.0,85.0,85.0,-1.16,70.0,401.5,298.0
BARUN,9/8/2019,84.0,86.0,84.0,85.0,0.0,50.0,401.5,298.0
BARUN,9/9/2019,86.0,89.0,86.0,88.0,3.53,1350.0,401.5,298.0
BARUN,9/10/2019,87.0,91.0,87.0,90.0,2.27,777.0,401.5,298.0
BARUN,9/11/2019,89.0,90.0,88.0,88.0,-2.22,285.0,401.5,298.0
BARUN,9/12/2019,88.0,89.0,88.0,89.0,1.14,1417.0,401.5,298.0
BARUN,9/15/2019,88.0,88.0,86.0,86.0,-3.37,880.0,401.5,298.0
BARUN,9/16/2019,85.0,86.0,85.0,85.0,-1.16,80.0,401.5,298.0
BARUN,9/17/2019,86.0,88.0,84.0,88.0,3.53,283.0,401.5,298.0
BARUN,9/18/2019,89.0,89.0,88.0,89.0,1.14,50.0,401.5,298.0
BARUN,9/19/2019,89.0,90.0,89.0,89.0,0.0,40.0,401.5,298.0
BARUN,9/23/2019,88.0,88.0,88.0,88.0,-1.12,110.0,401.5,298.0
BARUN,9/24/2019,88.0,89.0,88.0,89.0,1.14,100.0,401.5,298.0
BARUN,9/29/2019,88.0,88.0,88.0,88.0,-1.12,10.0,401.5,298.0
BARUN,10/1/2019,89.0,89.0,89.0,89.0,1.14,120.0,401.5,298.0
BARUN,10/2/2019,88.0,89.0,88.0,88.0,-1.12,30.0,401.5,298.0
BARUN,10/3/2019,89.0,89.0,89.0,89.0,1.14,80.0,401.5,298.0
BARUN,10/14/2019,88.0,89.0,88.0,89.0,0.0,110.0,401.5,298.0
BARUN,10/17/2019,89.0,89.0,88.0,88.0,-1.12,160.0,401.5,298.0
BARUN,10/20/2019,87.0,87.0,87.0,87.0,-1.14,120.0,401.5,298.0
BARUN,10/21/2019,88.0,89.0,87.0,89.0,2.3,80.0,401.5,298.0
BARUN,10/22/2019,88.0,90.0,88.0,90.0,1.12,172.0,401.5,298.0
BARUN,10/23/2019,89.0,89.0,89.0,89.0,-1.11,100.0,401.5,298.0
BARUN,10/24/2019,90.0,90.0,90.0,90.0,1.12,110.0,401.5,298.0
BARUN,10/31/2019,90.0,91.0,90.0,91.0,1.11,440.0,401.5,298.0
BARUN,11/3/2019,92.0,95.0,92.0,95.0,4.4,190.0,401.5,298.0
BARUN,11/4/2019,95.0,96.0,95.0,95.0,0.0,170.0,401.5,298.0
BARUN,11/5/2019,96.0,96.0,95.0,95.0,0.0,30.0,401.5,298.0
BARUN,11/14/2019,94.0,94.0,93.0,93.0,-2.11,20.0,401.5,298.0
BARUN,11/25/2019,92.0,92.0,91.0,91.0,-2.15,30.0,401.5,298.0
BARUN,11/26/2019,90.0,90.0,90.0,90.0,-1.1,10.0,401.5,298.0
BARUN,11/27/2019,89.0,89.0,88.0,88.0,-2.22,520.0,401.5,298.0
BARUN,12/4/2019,87.0,87.0,81.0,81.0,-7.95,812.0,401.5,298.0
BARUN,12/5/2019,80.0,80.0,77.0,78.0,-3.7,2790.0,401.5,298.0
BARUN,12/8/2019,77.0,77.0,77.0,77.0,-1.28,10.0,401.5,298.0
BARUN,12/9/2019,76.0,76.0,76.0,76.0,-1.3,146.0,401.5,298.0
BARUN,12/10/2019,77.0,78.0,77.0,77.0,1.32,40.0,401.5,298.0
BARUN,12/11/2019,78.0,80.0,78.0,79.0,2.6,6120.0,401.5,298.0
BARUN,12/12/2019,80.0,80.0,77.0,79.0,0.0,1097.0,401.5,298.0
BARUN,12/16/2019,78.0,78.0,76.0,78.0,-1.27,80.0,401.5,298.0
BARUN,12/17/2019,79.0,80.0,79.0,80.0,2.56,50.0,401.5,298.0
BARUN,12/18/2019,79.0,80.0,79.0,80.0,0.0,320.0,401.5,298.0
BARUN,12/19/2019,80.0,80.0,80.0,80.0,0.0,20.0,401.5,298.0
BARUN,12/22/2019,79.0,79.0,77.0,78.0,-2.5,80.0,401.5,298.0
BARUN,12/23/2019,77.0,81.0,77.0,81.0,3.85,260.0,401.5,298.0
BARUN,12/24/2019,80.0,82.0,80.0,82.0,1.23,1830.0,401.5,298.0
BARUN,12/25/2019,83.0,83.0,82.0,82.0,0.0,570.0,401.5,298.0
BARUN,12/26/2019,81.0,82.0,81.0,81.0,-1.22,140.0,401.5,298.0
BARUN,12/29/2019,82.0,84.0,82.0,82.0,1.23,2345.0,401.5,298.0
BARUN,12/30/2019,83.0,84.0,81.0,82.0,0.0,3363.0,401.5,298.0
BARUN,12/31/2019,82.0,84.0,82.0,84.0,2.44,121.0,401.5,298.0
BARUN,1/1/2020,85.0,85.0,85.0,85.0,1.19,10.0,401.5,298.0
BARUN,1/2/2020,84.0,84.0,82.0,82.0,-3.53,310.0,401.5,298.0
BARUN,1/5/2020,81.0,84.0,81.0,84.0,2.44,1133.0,401.5,298.0
BARUN,1/6/2020,84.0,87.0,84.0,86.0,2.38,741.0,401.5,298.0
BARUN,1/7/2020,85.0,87.0,85.0,87.0,1.16,270.0,401.5,298.0
BARUN,1/8/2020,88.0,88.0,88.0,88.0,1.15,210.0,401.5,298.0
BARUN,1/12/2020,89.0,90.0,88.0,90.0,2.27,475.0,401.5,298.0
BARUN,1/13/2020,89.0,95.0,89.0,95.0,5.56,1589.0,401.5,298.0
BARUN,1/14/2020,94.0,94.0,88.0,89.0,-6.32,2997.0,401.5,298.0
BARUN,1/15/2020,90.0,91.0,90.0,91.0,2.25,60.0,401.5,298.0
BARUN,1/16/2020,91.0,93.0,91.0,91.0,0.0,770.0,401.5,298.0
BARUN,1/19/2020,92.0,95.0,92.0,95.0,4.4,673.0,401.5,298.0
BARUN,1/20/2020,95.0,96.0,94.0,94.0,-1.05,2216.0,401.5,298.0
BARUN,1/21/2020,94.0,94.0,91.0,92.0,-2.13,1292.0,401.5,298.0
BARUN,1/22/2020,92.0,92.0,90.0,91.0,-1.09,460.0,401.5,298.0
BARUN,1/23/2020,91.0,92.0,88.0,88.0,-3.3,1820.0,401.5,298.0
BARUN,1/26/2020,87.0,89.0,87.0,88.0,0.0,150.0,401.5,298.0
BARUN,1/27/2020,88.0,89.0,87.0,89.0,1.14,725.0,401.5,298.0
BARUN,1/28/2020,90.0,93.0,90.0,92.0,3.37,491.0,401.5,298.0
BARUN,1/29/2020,93.0,94.0,92.0,92.0,0.0,1220.0,401.5,298.0
BARUN,1/30/2020,91.0,94.0,90.0,94.0,2.17,511.0,401.5,298.0
BARUN,2/2/2020,94.0,95.0,93.0,93.0,-1.06,2825.0,401.5,298.0
BARUN,2/3/2020,92.0,99.0,92.0,99.0,6.45,4476.0,401.5,298.0
BARUN,2/4/2020,100.0,99.0,100.0,99.0,0.0,12320.0,401.5,298.0
BARUN,2/5/2020,99.0,99.0,100.0,96.0,-3.03,4243.0,401.5,298.0
BARUN,2/6/2020,95.0,98.0,95.0,98.0,2.08,550.0,401.5,298.0
BARUN,2/9/2020,98.0,98.0,96.0,97.0,-1.02,240.0,401.5,298.0
BARUN,2/10/2020,97.0,97.0,95.0,96.0,-1.03,380.0,401.5,298.0
BARUN,2/11/2020,95.0,99.0,95.0,99.0,3.12,469.0,401.5,298.0
BARUN,2/12/2020,100.0,100.0,95.0,96.0,-3.03,2028.0,401.5,298.0
BARUN,2/13/2020,96.0,96.0,94.0,95.0,-1.04,758.0,401.5,298.0
BARUN,2/16/2020,96.0,98.0,94.0,96.0,1.05,1151.0,401.5,298.0
BARUN,2/17/2020,97.0,102.0,97.0,100.0,4.17,11912.0,401.5,298.0
BARUN,2/18/2020,102.0,102.0,97.0,97.0,-3.0,1330.0,401.5,298.0
BARUN,2/19/2020,98.0,98.0,96.0,96.0,-1.03,1316.0,401.5,298.0
BARUN,2/20/2020,96.0,99.0,95.0,99.0,3.12,4014.0,401.5,298.0
BARUN,2/23/2020,98.0,99.0,94.0,94.0,-5.05,7725.0,401.5,298.0
BARUN,2/24/2020,95.0,98.0,95.0,96.0,2.13,3870.0,401.5,298.0
BARUN,2/25/2020,95.0,103.0,95.0,103.0,7.29,6594.0,401.5,298.0
BARUN,2/26/2020,105.0,107.0,101.0,103.0,0.0,8093.0,401.5,298.0
BARUN,2/27/2020,103.0,105.0,99.0,101.0,-1.94,8815.0,401.5,298.0
BARUN,3/1/2020,99.0,103.0,98.0,100.0,-0.99,1615.0,401.5,298.0
BARUN,3/2/2020,102.0,102.0,96.0,96.0,-4.0,5670.0,401.5,298.0
BARUN,3/3/2020,97.0,98.0,96.0,97.0,1.04,1283.0,401.5,298.0
BARUN,3/4/2020,96.0,96.0,95.0,95.0,-2.06,1985.0,401.5,298.0
BARUN,3/5/2020,94.0,95.0,92.0,95.0,0.0,1469.0,401.5,298.0
BARUN,3/10/2020,96.0,96.0,96.0,96.0,1.05,10.0,401.5,298.0
BARUN,3/11/2020,95.0,95.0,93.0,94.0,-2.08,1357.0,401.5,298.0
BARUN,3/12/2020,93.0,93.0,91.0,92.0,-2.13,1813.0,401.5,298.0
BARUN,3/15/2020,91.0,91.0,87.0,87.0,-5.43,7167.0,401.5,298.0
BARUN,3/16/2020,86.0,87.0,85.0,87.0,0.0,2055.0,401.5,298.0
BARUN,3/17/2020,86.0,86.0,84.0,85.0,-2.3,1190.0,401.5,298.0
BARUN,3/18/2020,84.0,84.0,82.0,82.0,-3.53,280.0,401.5,298.0
BARUN,3/19/2020,81.0,85.0,81.0,85.0,3.66,1340.0,401.5,298.0
BARUN,7/1/2020,84.0,84.0,84.0,84.0,-1.18,1000.0,401.5,298.0
BARUN,7/5/2020,84.0,84.0,82.0,82.0,-2.38,700.0,401.5,298.0
BARUN,7/6/2020,82.0,82.0,80.0,82.0,0.0,455.0,401.5,298.0
BARUN,7/7/2020,81.0,83.0,80.0,81.0,-1.22,83.0,401.5,298.0
BARUN,7/8/2020,81.0,84.0,80.0,84.0,3.7,161.0,401.5,298.0
BARUN,7/9/2020,84.0,85.0,84.0,85.0,1.19,50.0,401.5,298.0
BARUN,7/12/2020,86.0,87.0,86.0,86.0,1.18,110.0,401.5,298.0
BARUN,7/13/2020,85.0,85.0,85.0,85.0,-1.16,10.0,401.5,298.0
BARUN,7/15/2020,84.0,87.0,84.0,84.0,-1.18,321.0,401.5,298.0
BARUN,7/16/2020,83.0,84.0,83.0,84.0,0.0,380.0,401.5,298.0
BARUN,7/20/2020,83.0,85.0,83.0,83.0,-1.19,2080.0,401.5,298.0
BARUN,7/21/2020,83.0,85.0,83.0,85.0,2.41,1635.0,401.5,298.0
BARUN,7/22/2020,84.0,85.0,83.0,83.0,-2.35,460.0,401.5,298.0
BARUN,7/23/2020,82.0,83.0,82.0,83.0,0.0,1097.0,401.5,298.0
BARUN,7/26/2020,83.0,83.0,82.0,83.0,0.0,820.0,401.5,298.0
BARUN,7/27/2020,83.0,83.0,80.0,81.0,-2.41,1140.0,401.5,298.0
BARUN,7/28/2020,80.0,80.0,79.0,80.0,-1.23,382.0,401.5,298.0
BARUN,7/29/2020,80.0,81.0,79.0,79.0,-1.25,2620.0,401.5,298.0
BARUN,7/30/2020,80.0,85.0,80.0,84.0,6.33,180.0,401.5,298.0
BARUN,8/2/2020,85.0,88.0,84.0,84.0,0.0,2093.0,401.5,298.0
BARUN,8/3/2020,85.0,86.0,84.0,86.0,2.38,1164.0,401.5,298.0
BARUN,8/5/2020,86.0,87.0,86.0,87.0,1.16,1000.0,401.5,298.0
BARUN,8/6/2020,86.0,86.0,85.0,85.0,-2.3,1521.0,401.5,298.0
BARUN,8/9/2020,84.0,85.0,83.0,84.0,-1.18,376.0,401.5,298.0
BARUN,8/10/2020,85.0,88.0,85.0,86.0,2.38,1690.0,401.5,298.0
BARUN,8/11/2020,85.0,87.0,85.0,85.0,-1.16,1785.0,401.5,298.0
BARUN,8/12/2020,84.0,84.0,82.0,82.0,-3.53,1030.0,401.5,298.0
BARUN,8/13/2020,82.0,85.0,82.0,85.0,3.66,1959.0,401.5,298.0
BARUN,8/16/2020,84.0,85.0,84.0,85.0,0.0,656.0,401.5,298.0
BARUN,8/17/2020,84.0,85.0,84.0,84.0,-1.18,441.0,401.5,298.0
BARUN,8/18/2020,84.0,88.0,84.0,88.0,4.76,720.0,401.5,298.0
BARUN,8/19/2020,87.0,87.0,86.0,86.0,-2.27,1140.0,401.5,298.0
BARUN,8/20/2020,85.0,86.0,85.0,86.0,0.0,210.0,401.5,298.0
BARUN,8/23/2020,85.0,87.0,85.0,87.0,1.16,389.0,401.5,298.0
BARUN,8/24/2020,86.0,87.0,86.0,86.0,-1.15,330.0,401.5,298.0
BARUN,8/25/2020,85.0,85.0,85.0,85.0,-1.16,370.0,401.5,298.0
BARUN,8/26/2020,85.0,87.0,85.0,85.0,0.0,2020.0,401.5,298.0
BARUN,8/27/2020,86.0,92.0,86.0,88.0,3.53,2840.0,401.5,298.0
BARUN,8/30/2020,87.0,90.0,87.0,89.0,1.14,507.0,401.5,298.0
BARUN,8/31/2020,88.0,97.0,88.0,97.0,8.99,3572.0,401.5,298.0
BARUN,9/2/2020,98.0,106.0,98.0,106.0,9.28,16135.0,401.5,298.0
BARUN,9/3/2020,108.0,116.0,104.0,110.0,3.77,23156.0,401.5,298.0
BARUN,9/6/2020,115.0,117.0,105.0,109.0,-0.91,76903.0,401.5,298.0
BARUN,9/7/2020,109.0,109.0,105.0,107.0,-1.83,13760.0,401.5,298.0
BARUN,9/8/2020,105.0,107.0,103.0,105.0,-1.87,3862.0,401.5,298.0
BARUN,9/9/2020,107.0,107.0,105.0,105.0,0.0,2326.0,401.5,298.0
BARUN,9/10/2020,103.0,107.0,103.0,103.0,-1.9,3029.0,401.5,298.0
BARUN,9/13/2020,105.0,108.0,103.0,107.0,3.88,13339.0,401.5,298.0
BARUN,9/14/2020,112.0,117.0,110.0,117.0,9.35,79367.0,401.5,298.0
BARUN,9/15/2020,122.0,128.0,114.0,120.0,2.56,42280.0,401.5,298.0
BARUN,9/16/2020,118.0,132.0,115.0,132.0,10.0,65149.0,401.5,298.0
BARUN,9/17/2020,138.0,145.0,135.0,145.0,9.85,44231.0,401.5,298.0
BARUN,9/20/2020,147.0,149.0,131.0,138.0,-4.83,41777.0,401.5,298.0
BARUN,9/21/2020,136.0,146.0,128.0,129.0,-6.52,42392.0,401.5,298.0
BARUN,9/22/2020,129.0,139.0,129.0,135.0,4.65,93468.0,401.5,298.0
BARUN,9/23/2020,133.0,138.0,130.0,136.0,0.74,55118.0,401.5,298.0
BARUN,9/24/2020,138.0,149.0,138.0,149.0,9.56,145707.0,401.5,298.0
BARUN,9/27/2020,151.0,163.0,151.0,163.0,9.4,65523.0,401.5,298.0
BARUN,9/28/2020,171.0,171.0,154.0,161.0,-1.23,98523.0,401.5,298.0
BARUN,9/29/2020,161.0,169.0,154.0,163.0,1.24,68247.0,401.5,298.0
BARUN,9/30/2020,163.0,171.0,157.0,165.0,1.23,65053.0,401.5,298.0
BARUN,10/1/2020,170.0,170.0,157.0,157.0,-4.85,63615.0,401.5,298.0
BARUN,10/4/2020,157.0,160.0,152.0,157.0,0.0,29986.0,401.5,298.0
BARUN,10/5/2020,156.0,169.0,156.0,164.0,4.46,61947.0,401.5,298.0
BARUN,10/6/2020,172.0,180.0,166.0,180.0,9.76,116222.0,401.5,298.0
BARUN,10/7/2020,183.0,198.0,183.0,198.0,10.0,51338.0,401.5,298.0
BARUN,10/8/2020,207.0,217.0,196.0,197.0,-0.51,102740.0,401.5,298.0
BARUN,10/11/2020,195.0,205.0,186.0,199.0,1.02,78968.0,401.5,298.0
BARUN,10/12/2020,202.0,204.0,190.0,194.0,-2.51,22934.0,401.5,298.0
BARUN,10/13/2020,194.0,199.0,184.0,186.0,-4.12,35821.0,401.5,298.0
BARUN,10/14/2020,183.0,187.0,175.0,175.0,-5.91,42955.0,401.5,298.0
BARUN,10/15/2020,175.0,185.0,170.0,178.0,1.71,41855.0,401.5,298.0
BARUN,10/18/2020,175.0,185.0,171.0,172.0,-3.37,19818.0,401.5,298.0
BARUN,10/19/2020,175.0,188.0,175.0,187.0,8.72,25342.0,401.5,298.0
BARUN,10/20/2020,187.0,198.0,187.0,192.0,2.67,62118.0,401.5,298.0
BARUN,10/21/2020,191.0,194.0,188.0,190.0,-1.04,31307.0,401.5,298.0
BARUN,10/22/2020,188.0,191.0,186.0,188.0,-1.05,14902.0,401.5,298.0
BARUN,10/28/2020,191.0,191.0,183.0,188.0,0.0,17271.0,401.5,298.0
BARUN,10/29/2020,185.0,196.0,185.0,190.0,1.06,14381.0,401.5,298.0
BARUN,11/1/2020,193.0,198.0,190.0,198.0,4.21,54282.0,401.5,298.0
BARUN,11/2/2020,199.0,200.0,194.0,194.0,-2.02,25500.0,401.5,298.0
BARUN,11/3/2020,197.0,200.0,193.0,196.0,1.03,13742.0,401.5,298.0
BARUN,11/4/2020,199.0,199.0,193.0,196.0,0.0,10821.0,401.5,298.0
BARUN,11/5/2020,196.0,201.0,195.0,200.0,2.04,45533.0,401.5,298.0
BARUN,11/8/2020,196.0,217.0,196.0,216.0,8.0,100954.0,401.5,298.0
BARUN,11/9/2020,210.0,224.0,210.0,218.0,0.93,86244.0,401.5,298.0
BARUN,11/10/2020,208.0,224.0,208.0,219.0,0.46,42708.0,401.5,298.0
BARUN,11/11/2020,223.0,225.0,217.0,218.0,-0.46,21215.0,401.5,298.0
BARUN,11/12/2020,222.0,225.0,212.0,213.0,-2.29,34296.0,401.5,298.0
BARUN,11/18/2020,208.0,213.0,199.0,208.0,-2.35,44084.0,401.5,298.0
BARUN,11/19/2020,204.0,215.0,201.0,212.0,1.92,25479.0,401.5,298.0
BARUN,11/22/2020,216.0,216.0,204.0,207.0,-2.36,18423.0,401.5,298.0
BARUN,11/23/2020,203.0,215.0,203.0,207.0,0.0,16152.0,401.5,298.0
BARUN,11/24/2020,203.0,213.0,203.0,210.0,1.45,29679.0,401.5,298.0
BARUN,11/25/2020,212.0,212.0,204.0,207.0,-1.43,35628.0,401.5,298.0
BARUN,11/26/2020,217.0,217.0,200.0,203.0,-1.93,49623.0,401.5,298.0
BARUN,11/29/2020,200.0,204.0,196.0,201.0,-0.99,33176.0,401.5,298.0
BARUN,11/30/2020,198.0,214.0,196.0,213.0,5.97,29713.0,401.5,298.0
BARUN,12/1/2020,215.0,216.0,203.0,205.0,-3.76,17532.0,401.5,298.0
BARUN,12/2/2020,215.0,215.0,202.0,206.0,0.49,18131.0,401.5,298.0
BARUN,12/3/2020,216.0,216.0,198.0,202.0,-1.94,21920.0,401.5,298.0
BARUN,12/6/2020,198.0,198.0,187.0,187.0,-7.43,21436.0,401.5,298.0
BARUN,12/7/2020,190.0,202.0,186.0,198.0,5.88,23339.0,401.5,298.0
BARUN,12/8/2020,197.0,205.0,190.0,194.0,-2.02,25836.0,401.5,298.0
BARUN,12/9/2020,197.0,204.0,194.0,197.0,1.55,22797.0,401.5,298.0
BARUN,12/10/2020,197.0,198.0,192.0,193.0,-2.03,7739.0,401.5,298.0
BARUN,12/13/2020,193.0,197.0,190.0,196.0,1.55,14535.0,401.5,298.0
BARUN,12/14/2020,197.0,199.0,191.0,194.0,-1.02,10530.0,401.5,298.0
BARUN,12/20/2020,203.0,205.0,184.0,185.0,-4.64,23530.0,401.5,298.0
BARUN,12/21/2020,182.0,194.0,173.0,193.0,4.32,15237.0,401.5,298.0
BARUN,12/22/2020,193.0,198.0,187.0,193.0,0.0,8356.0,401.5,298.0
BARUN,12/23/2020,196.0,196.0,184.0,188.0,-2.59,7721.0,401.5,298.0
BARUN,12/24/2020,186.0,195.0,182.0,186.0,-1.06,7084.0,401.5,298.0
BARUN,12/27/2020,188.0,188.0,182.0,183.0,-1.61,3801.0,401.5,298.0
BARUN,12/28/2020,185.0,185.0,179.0,180.0,-1.64,16972.0,401.5,298.0
BARUN,12/29/2020,178.0,181.0,176.0,176.0,-2.22,8571.0,401.5,298.0
BARUN,12/30/2020,173.0,187.0,173.0,180.0,2.27,10083.0,401.5,298.0
BARUN,12/31/2020,170.0,177.0,169.0,170.0,-5.56,8364.0,401.5,298.0
BARUN,1/3/2021,173.0,173.0,167.0,170.0,0.0,2821.0,401.5,298.0
BARUN,1/4/2021,169.0,181.0,169.0,171.0,0.59,9816.0,401.5,298.0
BARUN,1/5/2021,174.0,188.0,172.0,183.0,7.02,18243.0,401.5,298.0
BARUN,1/6/2021,192.0,192.0,174.0,183.0,0.0,27428.0,401.5,298.0
BARUN,1/7/2021,174.0,189.0,174.0,184.0,0.55,8760.0,401.5,298.0
BARUN,1/10/2021,187.0,190.0,182.0,184.0,0.0,6314.0,401.5,298.0
BARUN,1/11/2021,184.0,186.0,180.0,183.0,-0.54,9225.0,401.5,298.0
BARUN,1/12/2021,180.0,184.0,180.0,183.0,0.0,5923.0,401.5,298.0
BARUN,1/13/2021,182.0,201.0,181.0,199.0,8.74,55344.0,401.5,298.0
BARUN,1/17/2021,208.0,218.0,207.0,217.0,9.05,85192.0,401.5,298.0
BARUN,1/18/2021,227.0,238.0,227.0,238.0,9.68,90259.0,401.5,298.0
BARUN,1/19/2021,249.0,261.0,227.0,248.0,4.2,91580.0,401.5,298.0
BARUN,1/20/2021,260.0,260.0,233.0,240.0,-3.23,59857.0,401.5,298.0
BARUN,1/21/2021,241.0,241.0,225.0,232.0,-3.33,38834.0,401.5,298.0
BARUN,1/24/2021,236.0,246.0,232.0,234.0,0.86,27481.0,401.5,298.0
BARUN,1/25/2021,235.0,242.0,230.0,235.0,0.43,29189.0,401.5,298.0
BARUN,1/26/2021,238.0,242.0,235.0,237.0,0.85,29287.0,401.5,298.0
BARUN,1/27/2021,248.0,248.0,232.0,236.0,-0.42,13406.0,401.5,298.0
BARUN,1/28/2021,236.0,236.0,229.0,230.0,-2.54,13232.0,401.5,298.0
BARUN,1/31/2021,234.0,234.0,215.0,224.0,-2.61,20605.0,401.5,298.0
BARUN,2/1/2021,224.0,232.0,224.0,229.0,2.23,16672.0,401.5,298.0
BARUN,2/2/2021,231.0,235.0,227.0,228.0,-0.44,18433.0,401.5,298.0
BARUN,2/3/2021,230.0,231.0,224.0,229.0,0.44,42369.0,401.5,298.0
BARUN,2/4/2021,233.0,251.0,233.0,251.0,9.61,132181.0,401.5,298.0
BARUN,2/7/2021,263.0,276.0,253.0,263.0,4.78,77873.0,401.5,298.0
BARUN,2/8/2021,266.0,268.0,250.0,254.0,-3.42,33166.0,401.5,298.0
BARUN,2/9/2021,255.0,255.0,244.0,245.0,-3.54,27936.0,401.5,298.0
BARUN,2/10/2021,246.0,250.0,242.0,245.0,0.0,20358.0,401.5,298.0
BARUN,2/11/2021,243.0,246.0,242.0,243.0,-0.82,18416.0,401.5,298.0
BARUN,2/14/2021,247.0,262.0,246.0,258.0,6.17,49602.0,401.5,298.0
BARUN,2/15/2021,262.0,275.0,260.0,270.0,4.65,95788.0,401.5,298.0
BARUN,2/16/2021,270.0,270.0,243.0,255.0,-5.56,143828.0,401.5,298.0
BARUN,2/17/2021,255.0,258.0,243.0,246.0,-3.53,55699.0,401.5,298.0
BARUN,2/18/2021,246.0,248.0,242.0,243.0,-1.22,37650.0,401.5,298.0
BARUN,2/21/2021,241.0,259.0,232.0,246.0,1.23,34818.0,401.5,298.0
BARUN,2/22/2021,250.0,250.0,243.0,243.0,-1.22,17970.0,401.5,298.0
BARUN,2/23/2021,240.0,241.0,231.0,241.0,-0.82,27744.0,401.5,298.0
BARUN,2/24/2021,245.0,249.0,233.0,239.0,-0.83,11990.0,401.5,298.0
BARUN,2/25/2021,235.0,239.0,233.0,235.0,-1.67,14395.0,401.5,298.0
BARUN,2/28/2021,231.0,234.0,221.0,221.0,-5.96,20581.0,401.5,298.0
BARUN,3/1/2021,222.0,236.0,218.0,236.0,6.79,15662.0,401.5,298.0
BARUN,3/2/2021,247.0,247.0,225.0,231.0,-2.12,19034.0,401.5,298.0
BARUN,3/3/2021,227.0,231.0,215.0,217.0,-6.06,24869.0,401.5,298.0
BARUN,3/4/2021,220.0,234.0,220.0,234.0,7.83,10882.0,401.5,298.0
BARUN,3/7/2021,230.0,233.0,226.0,230.0,-1.71,7516.0,401.5,298.0
BARUN,3/9/2021,226.0,242.0,226.0,235.0,2.17,26996.0,401.5,298.0
BARUN,3/10/2021,233.0,241.0,232.0,236.0,0.43,6980.0,401.5,298.0
BARUN,3/14/2021,247.0,247.0,228.0,232.0,-1.69,9163.0,401.5,298.0
BARUN,3/15/2021,232.0,236.0,219.0,227.0,-2.16,34467.0,401.5,298.0
BARUN,3/16/2021,227.0,236.0,220.0,231.0,1.76,16981.0,401.5,298.0
BARUN,3/17/2021,229.0,235.0,228.0,231.0,0.0,7420.0,401.5,298.0
BARUN,3/18/2021,228.0,235.0,225.0,228.0,-1.3,13174.0,401.5,298.0
BARUN,3/21/2021,224.0,237.0,224.0,230.0,0.88,24842.0,401.5,298.0
BARUN,3/22/2021,227.0,229.0,226.0,229.0,-0.43,14225.0,401.5,298.0
BARUN,3/23/2021,225.0,233.0,224.0,233.0,1.75,13918.0,401.5,298.0
BARUN,3/24/2021,233.0,237.0,232.0,234.0,0.43,17542.0,401.5,298.0
BARUN,3/25/2021,237.0,237.0,230.0,235.0,0.43,19507.0,401.5,298.0
BARUN,3/29/2021,225.0,257.0,225.0,246.0,4.68,56488.0,401.5,298.0
BARUN,3/30/2021,250.0,250.0,242.0,246.0,0.0,18484.0,401.5,298.0
BARUN,3/31/2021,258.0,258.0,242.0,249.0,1.22,25994.0,401.5,298.0
BARUN,4/1/2021,252.0,252.0,243.0,248.0,-0.4,16057.0,401.5,298.0
BARUN,4/4/2021,249.0,252.0,245.0,246.0,-0.81,19049.0,401.5,298.0
BARUN,4/5/2021,258.0,258.0,240.0,241.0,-2.03,14033.0,401.5,298.0
BARUN,4/6/2021,237.0,251.0,237.0,249.0,3.32,38043.0,401.5,298.0
BARUN,4/7/2021,250.0,256.0,243.0,246.0,-1.2,17310.0,401.5,298.0
BARUN,4/8/2021,246.0,249.0,243.0,245.0,-0.41,13340.0,401.5,298.0
BARUN,4/12/2021,257.0,257.0,242.0,242.0,-1.22,9970.0,401.5,298.0
BARUN,4/13/2021,240.0,253.0,240.0,248.0,2.48,24315.0,401.5,298.0
BARUN,4/15/2021,246.0,250.0,244.0,244.0,-1.61,25275.0,401.5,298.0
BARUN,4/18/2021,248.0,248.0,242.0,243.0,-0.41,12520.0,401.5,298.0
BARUN,4/19/2021,241.0,250.0,236.0,241.0,-0.82,25062.0,401.5,298.0
BARUN,4/20/2021,241.0,245.0,237.0,241.0,0.0,10344.0,401.5,298.0
BARUN,4/21/2021,245.0,245.0,238.0,241.0,0.0,9271.0,401.5,298.0
BARUN,4/22/2021,237.0,245.0,237.0,243.0,0.83,17738.0,401.5,298.0
BARUN,4/25/2021,239.0,240.0,231.0,234.0,-3.7,18083.0,401.5,298.0
BARUN,4/26/2021,230.0,238.0,225.0,225.0,-3.85,18342.0,401.5,298.0
BARUN,4/27/2021,225.0,239.0,225.0,235.0,4.44,18405.0,401.5,298.0
BARUN,4/28/2021,235.0,236.0,229.0,232.0,-1.28,5468.0,401.5,298.0
BARUN,4/29/2021,230.0,242.0,230.0,240.0,3.45,18307.0,401.5,298.0
BARUN,5/2/2021,240.0,242.0,236.0,242.0,0.83,12137.0,401.5,298.0
BARUN,5/3/2021,243.0,251.0,240.0,243.0,0.41,25900.0,401.5,298.0
BARUN,5/4/2021,255.0,255.0,239.0,247.0,1.65,39775.0,401.5,298.0
BARUN,5/5/2021,245.0,271.0,245.0,271.0,9.72,162667.0,401.5,298.0
BARUN,5/6/2021,284.0,287.0,260.0,279.0,2.95,144155.0,401.5,298.0
BARUN,5/9/2021,284.0,284.0,261.0,265.0,-5.02,54714.0,401.5,298.0
BARUN,5/10/2021,260.0,275.0,257.0,275.0,3.77,41164.0,401.5,298.0
BARUN,5/11/2021,275.0,275.0,265.0,269.0,-2.18,34296.0,401.5,298.0
BARUN,5/12/2021,279.0,290.0,265.0,283.0,5.2,107576.0,401.5,298.0
BARUN,5/13/2021,283.0,298.0,280.0,295.0,4.24,162716.0,401.5,298.0
BARUN,5/16/2021,300.0,324.0,285.0,324.0,9.83,206713.0,401.5,298.0
BARUN,5/17/2021,324.0,356.0,324.0,356.0,9.88,195468.0,401.5,298.0
BARUN,5/18/2021,373.0,386.0,357.0,373.0,4.78,87792.0,401.5,298.0
BARUN,5/19/2021,375.0,382.0,351.0,357.0,-4.29,159005.0,401.5,298.0
BARUN,5/20/2021,357.0,377.0,350.0,366.0,2.52,113327.0,401.5,298.0
BARUN,5/23/2021,360.0,402.0,352.0,402.0,9.84,145274.0,401.5,298.0
BARUN,5/24/2021,422.0,442.0,405.0,442.0,9.95,76584.0,401.5,298.0
BARUN,5/25/2021,460.0,486.0,440.0,486.0,9.95,104058.0,401.5,298.0
BARUN,5/27/2021,487.0,532.0,466.0,503.0,3.5,120258.0,401.5,298.0
BARUN,5/30/2021,513.0,513.0,463.0,470.0,-6.56,183959.0,401.5,298.0
BARUN,5/31/2021,490.0,490.0,425.0,425.0,-9.57,208794.0,401.5,298.0
BARUN,6/1/2021,423.0,448.0,407.0,427.0,0.47,76293.0,401.5,298.0
BARUN,6/2/2021,420.0,459.0,420.0,451.0,5.62,40936.0,401.5,298.0
BARUN,6/3/2021,452.0,453.0,428.0,429.0,-4.88,67357.0,401.5,298.0
BARUN,6/6/2021,448.0,448.0,418.0,424.0,-1.17,98662.0,401.5,298.0
BARUN,6/7/2021,441.0,450.0,425.0,445.0,4.95,117730.0,401.5,298.0
BARUN,6/8/2021,460.0,489.0,460.0,489.0,9.89,189235.0,401.5,298.0
BARUN,6/9/2021,513.0,537.0,513.0,537.0,9.82,188436.0,401.5,298.0
BARUN,6/10/2021,563.0,590.0,561.0,590.0,9.87,136700.0,401.5,298.0
BARUN,6/13/2021,590.0,625.0,568.0,619.0,4.92,322335.0,401.5,298.0
BARUN,6/14/2021,625.0,645.0,580.0,645.0,4.2,251172.0,401.5,298.0
BARUN,6/15/2021,677.0,677.0,598.0,600.0,-6.98,125498.0,401.5,298.0
BARUN,6/16/2021,570.0,612.0,551.0,557.0,-7.17,121998.0,401.5,298.0
BARUN,6/17/2021,530.0,573.0,525.0,561.0,0.72,61505.0,401.5,298.0
BARUN,6/20/2021,550.0,570.0,512.0,512.0,-8.73,59633.0,401.5,298.0
BARUN,6/21/2021,512.0,529.0,488.0,520.0,1.56,80122.0,401.5,298.0
BARUN,6/22/2021,520.0,572.0,500.0,572.0,10.0,68100.0,401.5,298.0
BARUN,6/23/2021,544.0,586.0,532.0,554.0,-3.15,49650.0,401.5,298.0
BARUN,6/24/2021,581.0,581.0,528.0,528.0,-4.69,29404.0,401.5,298.0
BARUN,6/27/2021,502.0,560.0,502.0,535.0,1.33,36899.0,401.5,298.0
BARUN,6/28/2021,545.0,549.0,510.0,528.0,-1.31,45843.0,401.5,298.0
BARUN,6/29/2021,503.0,540.0,503.0,513.0,-2.84,20925.0,401.5,298.0
BARUN,6/30/2021,490.0,564.0,490.0,541.0,5.46,99220.0,401.5,298.0
BARUN,7/1/2021,565.0,565.0,525.0,539.0,-0.37,27461.0,401.5,298.0
BARUN,7/4/2021,513.0,553.0,513.0,532.0,-1.3,18188.0,401.5,298.0
BARUN,7/5/2021,506.0,540.0,506.0,516.0,-3.01,19405.0,401.5,298.0
BARUN,7/6/2021,491.0,525.0,491.0,503.0,-2.52,76175.0,401.5,298.0
BARUN,7/7/2021,513.0,532.0,490.0,490.0,-2.58,47565.0,401.5,298.0
BARUN,7/8/2021,495.0,510.0,490.0,509.0,3.88,21764.0,401.5,298.0
BARUN,7/11/2021,510.0,540.0,510.0,538.0,5.7,47850.0,401.5,298.0
BARUN,7/12/2021,513.0,545.0,513.0,524.0,-2.6,32877.0,401.5,298.0
BARUN,7/13/2021,530.0,535.0,516.0,520.0,-0.76,16471.0,401.5,298.0
BARUN,7/14/2021,494.0,537.0,494.0,537.0,3.27,25205.0,401.5,298.0
BARUN,7/15/2021,560.0,560.0,529.0,531.0,-1.12,69811.0,401.5,298.0
BARUN,7/18/2021,541.0,551.0,534.1,547.0,3.01,34664.0,401.5,298.0
BARUN,7/19/2021,557.0,561.0,541.0,543.0,-0.73,35480.0,401.5,298.0
BARUN,7/20/2021,550.0,595.0,538.0,585.0,7.73,172327.0,401.5,298.0
BARUN,7/22/2021,596.0,620.0,557.0,560.0,-4.27,167756.0,401.5,298.0
BARUN,7/25/2021,571.0,582.4,558.0,570.0,1.79,80242.0,401.5,298.0
BARUN,7/26/2021,580.0,587.3,565.2,574.0,0.7,89864.0,401.5,298.0
BARUN,7/27/2021,580.0,610.0,562.6,593.0,3.31,162392.0,401.5,298.0
BARUN,7/28/2021,604.8,625.0,580.0,589.0,-0.67,148163.0,401.5,298.0
BARUN,7/29/2021,599.0,630.0,577.0,621.0,5.43,214124.0,401.5,298.0
BARUN,8/1/2021,633.4,671.0,623.5,670.0,7.89,217485.0,401.5,298.0
BARUN,8/2/2021,670.0,700.0,637.0,644.0,-3.88,160613.0,401.5,298.0
BARUN,8/3/2021,640.0,654.0,630.0,649.0,0.78,82350.0,401.5,298.0
BARUN,8/4/2021,661.0,683.0,650.0,658.0,1.39,109923.0,401.5,298.0
BARUN,8/5/2021,665.0,665.0,618.0,623.0,-5.32,103751.0,401.5,298.0
BARUN,8/8/2021,630.0,658.9,620.0,637.9,2.39,122201.0,401.5,298.0
BARUN,8/9/2021,650.0,701.6,650.0,692.0,8.48,275310.0,401.5,298.0
BARUN,8/10/2021,705.5,719.0,660.0,670.0,-3.18,194084.0,401.5,298.0
BARUN,8/11/2021,683.4,700.0,675.0,680.2,1.52,92874.0,401.5,298.0
BARUN,8/12/2021,690.0,697.5,664.0,692.0,1.73,122430.0,401.5,298.0
BARUN,8/15/2021,692.0,692.0,630.0,655.0,-5.35,114328.0,401.5,298.0
BARUN,8/16/2021,655.0,676.0,640.0,664.1,1.39,59813.0,401.5,298.0
BARUN,8/17/2021,677.0,714.9,665.0,694.0,4.5,129927.0,401.5,298.0
BARUN,8/18/2021,707.8,763.4,704.9,750.0,8.07,205069.0,401.5,298.0
BARUN,8/19/2021,735.0,758.0,686.0,696.0,-7.2,124161.0,401.5,298.0
BARUN,8/24/2021,683.0,703.8,645.0,645.0,-7.33,92501.0,401.5,298.0
BARUN,8/25/2021,633.0,666.0,615.1,630.0,-2.33,68774.0,401.5,298.0
BARUN,8/26/2021,642.0,688.0,625.0,670.0,6.35,98929.0,401.5,298.0
BARUN,8/29/2021,683.4,684.0,630.0,634.9,-5.24,49584.0,401.5,298.0
BARUN,8/31/2021,634.0,639.0,610.0,617.0,-2.82,59662.0,401.5,298.0
BARUN,9/1/2021,620.0,628.0,603.0,604.0,-2.11,42751.0,401.5,298.0
BARUN,9/2/2021,610.0,621.9,570.0,575.0,-4.8,50319.0,401.5,298.0
BARUN,9/5/2021,564.0,575.0,517.5,524.0,-8.87,52651.0,401.5,298.0
BARUN,9/6/2021,524.0,576.4,505.0,576.4,10.0,32191.0,401.5,298.0
BARUN,9/7/2021,587.9,615.0,553.7,572.0,-0.76,29290.0,401.5,298.0
BARUN,9/8/2021,561.0,571.0,547.0,563.0,-1.57,30418.0,401.5,298.0
BARUN,9/9/2021,570.0,599.8,560.0,589.0,4.62,54607.0,401.5,298.0
BARUN,9/12/2021,600.7,646.0,600.7,640.0,8.66,77314.0,401.5,298.0
BARUN,9/13/2021,652.0,680.0,620.0,636.5,-0.55,73658.0,401.5,298.0
BARUN,9/14/2021,630.0,640.0,615.0,623.0,-2.12,24105.0,401.5,298.0
BARUN,9/15/2021,623.0,634.0,610.0,610.0,-2.09,22337.0,401.5,298.0
BARUN,9/16/2021,605.0,605.0,560.6,573.0,-6.07,53121.0,401.5,298.0
BARUN,9/20/2021,565.0,571.0,515.7,520.1,-9.23,53095.0,401.5,298.0
BARUN,9/21/2021,530.5,549.0,476.0,524.0,0.75,38834.0,401.5,298.0
BARUN,9/22/2021,533.0,564.0,533.0,561.0,7.06,47966.0,401.5,298.0
BARUN,9/23/2021,572.0,572.0,540.0,541.0,-3.57,28890.0,401.5,298.0
BARUN,9/26/2021,551.0,555.0,507.0,523.0,-3.33,44931.0,401.5,298.0
BARUN,9/27/2021,533.4,544.0,491.0,491.0,-6.12,38477.0,401.5,298.0
BARUN,9/28/2021,500.0,500.0,441.9,450.8,-8.19,54043.0,401.5,298.0
BARUN,9/29/2021,450.0,476.0,435.0,470.0,4.26,27525.0,401.5,298.0
BARUN,9/30/2021,479.4,485.0,441.0,444.0,-5.53,16501.0,401.5,298.0
BARUN,10/3/2021,450.1,450.1,412.1,424.0,-4.5,16664.0,401.5,298.0
BARUN,10/4/2021,419.0,435.0,393.0,400.0,-5.66,17211.0,401.5,298.0
BARUN,10/5/2021,408.0,424.0,402.0,418.0,4.5,10875.0,401.5,298.0
BARUN,10/6/2021,426.0,433.0,422.0,425.1,1.7,15721.0,401.5,298.0
BARUN,10/10/2021,433.6,442.2,415.0,415.0,-2.38,15054.0,401.5,298.0
BARUN,10/11/2021,416.0,416.0,400.0,404.0,-2.65,12876.0,401.5,298.0
BARUN,10/17/2021,412.0,415.0,400.0,414.0,2.48,2548.0,401.5,298.0
BARUN,10/18/2021,410.0,410.0,380.0,384.0,-7.25,14966.0,401.5,298.0
BARUN,10/19/2021,388.0,388.0,345.6,364.0,-5.21,28494.0,401.5,298.0
BARUN,10/20/2021,371.0,385.9,368.0,370.1,1.68,13821.0,401.5,298.0
BARUN,10/21/2021,377.5,390.0,369.0,369.0,-0.3,10339.0,401.5,298.0
BARUN,10/24/2021,369.0,400.5,357.7,400.5,8.54,21770.0,401.5,298.0
BARUN,10/25/2021,408.5,440.5,408.5,440.4,9.96,32761.0,401.5,298.0
BARUN,10/26/2021,449.0,484.4,441.0,484.4,9.99,51577.0,401.5,298.0
BARUN,10/27/2021,494.0,517.0,470.0,483.0,-0.29,45999.0,401.5,298.0
BARUN,10/28/2021,492.6,498.0,466.0,494.0,2.28,32124.0,401.5,298.0
BARUN,10/31/2021,502.9,542.0,496.0,530.0,7.29,39059.0,401.5,298.0
BARUN,11/1/2021,540.0,544.0,502.0,515.0,-2.83,54091.0,401.5,298.0
BARUN,11/2/2021,505.0,523.0,494.9,519.9,0.95,28103.0,401.5,298.0
BARUN,11/3/2021,529.0,540.0,512.1,520.0,0.02,25281.0,401.5,298.0
BARUN,11/8/2021,530.4,537.0,507.0,508.0,-2.31,15017.0,401.5,298.0
BARUN,11/9/2021,502.0,502.0,471.0,482.0,-5.12,34040.0,401.5,298.0
BARUN,11/11/2021,472.4,481.9,451.8,451.8,-6.27,27617.0,401.5,298.0
BARUN,11/14/2021,460.8,481.0,445.0,461.0,2.04,24545.0,401.5,298.0
BARUN,11/15/2021,470.2,492.0,470.0,489.0,6.07,19874.0,401.5,298.0
BARUN,11/16/2021,498.0,507.0,479.3,506.0,3.48,15159.0,401.5,298.0
BARUN,11/17/2021,516.1,556.6,516.1,518.5,2.47,104722.0,401.5,298.0
BARUN,11/18/2021,520.0,550.2,505.6,508.0,-2.03,37607.0,401.5,298.0
BARUN,11/21/2021,512.0,535.0,505.0,513.9,1.16,20607.0,401.5,298.0
BARUN,11/22/2021,520.0,529.0,510.0,514.0,0.02,16179.0,401.5,298.0
BARUN,11/23/2021,504.0,512.5,492.0,498.0,-3.11,35120.0,401.5,298.0
BARUN,11/24/2021,488.1,509.7,480.0,500.0,0.4,29815.0,401.5,298.0
BARUN,11/25/2021,510.0,511.0,496.0,503.0,0.6,13121.0,401.5,298.0
BARUN,11/28/2021,493.0,497.0,474.0,479.0,-4.77,23331.0,401.5,298.0
BARUN,11/29/2021,479.0,494.7,475.0,476.0,-0.63,18909.0,401.5,298.0
BARUN,11/30/2021,485.0,485.0,460.0,480.0,0.84,14229.0,401.5,298.0
BARUN,12/1/2021,489.0,492.9,475.0,484.0,0.83,20389.0,401.5,298.0
BARUN,12/2/2021,485.0,493.0,470.4,473.0,-2.27,8632.0,401.5,298.0
BARUN,12/5/2021,464.0,470.0,440.1,450.0,-4.86,20999.0,401.5,298.0
BARUN,12/6/2021,445.0,470.0,419.0,464.0,3.11,28303.0,401.5,298.0
BARUN,12/7/2021,468.6,483.0,442.0,444.0,-4.31,24170.0,401.5,298.0
BARUN,12/8/2021,436.1,448.0,408.9,421.0,-5.18,15435.0,401.5,298.0
BARUN,12/9/2021,412.7,433.0,412.7,421.0,0.0,14114.0,401.5,298.0
BARUN,12/12/2021,420.0,421.0,396.0,396.0,-5.94,14008.0,401.5,298.0
BARUN,12/13/2021,388.1,398.0,358.1,368.0,-7.07,23403.0,401.5,298.0
BARUN,12/14/2021,375.0,404.8,375.0,404.8,10.0,15851.0,401.5,298.0
BARUN,12/15/2021,412.0,445.0,396.0,411.1,1.56,21203.0,401.5,298.0
BARUN,12/16/2021,411.0,417.0,394.8,395.0,-3.92,13378.0,401.5,298.0
BARUN,12/20/2021,395.0,402.0,388.1,402.0,1.77,9601.0,401.5,298.0
BARUN,12/21/2021,402.0,410.0,395.0,410.0,1.99,8444.0,401.5,298.0
BARUN,12/22/2021,418.0,451.0,411.0,451.0,10.0,34994.0,401.5,298.0
BARUN,12/23/2021,460.0,496.0,460.0,493.0,9.31,101191.0,401.5,298.0
BARUN,12/26/2021,502.8,518.0,479.0,485.0,-1.62,38974.0,401.5,298.0
BARUN,12/27/2021,487.0,488.0,458.0,459.0,-5.36,33431.0,401.5,298.0
BARUN,12/28/2021,459.0,468.0,448.0,461.0,0.44,23474.0,401.5,298.0
BARUN,12/29/2021,468.0,470.0,455.0,462.0,0.22,9349.0,401.5,298.0
BARUN,1/2/2022,461.0,469.0,456.0,458.0,-0.87,15252.0,401.5,298.0
BARUN,1/3/2022,451.0,467.0,451.0,462.0,0.87,12098.0,401.5,298.0
BARUN,1/4/2022,462.0,470.0,460.0,470.0,1.73,14119.0,401.5,298.0
BARUN,1/5/2022,470.0,487.0,462.1,471.0,0.21,17100.0,401.5,298.0
BARUN,1/6/2022,474.9,474.9,463.0,469.0,-0.42,9536.0,401.5,298.0
BARUN,1/9/2022,478.0,493.0,474.0,492.0,4.9,35433.0,401.5,298.0
BARUN,1/10/2022,501.8,510.0,486.0,492.0,0.0,30242.0,401.5,298.0
BARUN,1/11/2022,484.0,510.0,484.0,500.0,1.63,27009.0,401.5,298.0
BARUN,1/12/2022,509.8,515.0,488.3,490.0,-2.0,37114.0,401.5,298.0
BARUN,1/13/2022,499.8,516.0,490.0,515.4,5.18,44601.0,401.5,298.0
BARUN,1/16/2022,517.0,545.0,517.0,531.9,3.2,49183.0,401.5,298.0
BARUN,1/17/2022,535.0,539.0,516.2,537.0,0.96,36234.0,401.5,298.0
BARUN,1/18/2022,547.7,580.0,540.0,562.0,4.66,162615.0,401.5,298.0
BARUN,1/19/2022,573.0,586.0,557.0,575.0,2.31,81266.0,401.5,298.0
BARUN,1/20/2022,565.0,580.0,560.0,577.0,0.35,45008.0,401.5,298.0
BARUN,1/23/2022,588.5,595.0,560.2,573.0,-0.69,75996.0,401.5,298.0
BARUN,1/24/2022,573.0,573.0,530.0,539.0,-5.93,70677.0,401.5,298.0
BARUN,1/25/2022,535.0,560.0,525.1,538.0,-0.19,29487.0,401.5,298.0
BARUN,1/26/2022,530.1,541.0,516.0,520.6,-3.23,32583.0,401.5,298.0
BARUN,1/27/2022,525.0,535.0,515.0,525.0,0.85,16225.0,401.5,298.0
BARUN,1/30/2022,535.5,558.0,535.5,558.0,6.29,36038.0,401.5,298.0
BARUN,1/31/2022,547.0,565.0,543.0,545.0,-2.33,19003.0,401.5,298.0
BARUN,2/1/2022,545.5,565.0,540.0,565.0,3.67,47894.0,401.5,298.0
BARUN,2/3/2022,575.0,577.0,555.0,555.0,-1.77,42189.0,401.5,298.0
BARUN,2/6/2022,545.0,552.0,538.0,538.0,-3.06,27907.0,401.5,298.0
BARUN,2/7/2022,538.0,555.0,534.1,547.3,1.73,23690.0,401.5,298.0
BARUN,2/8/2022,558.2,578.0,536.0,543.0,-0.79,24398.0,401.5,298.0
BARUN,2/9/2022,532.3,540.0,530.0,536.5,-1.2,12511.0,401.5,298.0
BARUN,2/10/2022,545.0,546.0,527.0,529.0,-1.4,10106.0,401.5,298.0
BARUN,2/13/2022,530.0,530.0,502.0,505.0,-4.54,30708.0,401.5,298.0
BARUN,2/14/2022,505.0,520.0,504.7,516.0,2.18,15692.0,401.5,298.0
BARUN,2/15/2022,516.0,540.0,510.1,540.0,4.65,9949.0,401.5,298.0
BARUN,2/16/2022,540.0,540.0,521.0,521.2,-3.48,15561.0,401.5,298.0
BARUN,2/17/2022,530.0,530.0,512.0,516.0,-1.0,7869.0,401.5,298.0
BARUN,2/20/2022,506.0,528.0,505.0,513.6,-0.47,26362.0,401.5,298.0
BARUN,2/21/2022,517.0,550.0,513.0,532.0,3.58,39279.0,401.5,298.0
BARUN,2/22/2022,542.0,568.0,539.0,560.9,5.43,93944.0,401.5,298.0
BARUN,2/23/2022,569.0,579.9,539.0,565.0,0.73,146578.0,401.5,298.0
BARUN,2/24/2022,576.0,576.0,541.0,549.0,-2.83,52310.0,401.5,298.0
BARUN,2/27/2022,555.0,568.0,544.0,563.0,2.55,43563.0,401.5,298.0
BARUN,2/28/2022,570.0,574.0,529.2,539.0,-4.26,50673.0,401.5,298.0
BARUN,3/2/2022,528.3,532.0,513.0,513.9,-4.66,38958.0,401.5,298.0
BARUN,3/6/2022,520.0,524.0,505.0,512.0,-0.37,22895.0,401.5,298.0
BARUN,3/7/2022,520.0,525.0,486.2,492.0,-3.91,39371.0,401.5,298.0
BARUN,3/9/2022,499.0,499.0,469.0,487.2,-0.98,23699.0,401.5,298.0
BARUN,3/10/2022,496.0,515.0,478.0,509.0,4.47,35102.0,401.5,298.0
BARUN,3/13/2022,516.0,527.0,512.0,521.0,2.36,25313.0,401.5,298.0
BARUN,3/14/2022,528.0,528.0,512.1,517.0,-0.77,8336.0,401.5,298.0
BARUN,3/15/2022,526.0,526.0,505.0,508.0,-1.74,12310.0,401.5,298.0
BARUN,3/16/2022,507.0,517.0,496.1,499.0,-1.77,18874.0,401.5,298.0
BARUN,3/20/2022,500.0,503.0,490.1,498.0,-0.2,9445.0,401.5,298.0
BARUN,3/21/2022,490.0,517.0,489.0,517.0,3.82,23144.0,401.5,298.0
BARUN,3/22/2022,526.0,530.0,515.0,518.9,0.37,12317.0,401.5,298.0
BARUN,3/23/2022,512.1,515.0,508.0,508.7,-1.97,4998.0,401.5,298.0
BARUN,3/24/2022,508.0,512.0,495.0,504.0,-0.92,17933.0,401.5,298.0
BARUN,3/27/2022,500.0,503.0,481.1,485.0,-3.77,22513.0,401.5,298.0
BARUN,3/28/2022,485.0,494.0,475.1,475.1,-2.04,8703.0,401.5,298.0
BARUN,3/29/2022,478.5,484.0,470.1,475.0,-0.02,10545.0,401.5,298.0
BARUN,3/30/2022,468.0,481.0,457.0,481.0,1.26,30595.0,401.5,298.0
BARUN,3/31/2022,481.0,483.0,463.0,464.0,-3.53,14619.0,401.5,298.0
BARUN,4/3/2022,461.0,465.0,455.0,460.0,-0.86,7033.0,401.5,298.0
BARUN,4/4/2022,460.0,460.0,450.0,450.9,-1.98,14635.0,401.5,298.0
BARUN,4/5/2022,445.1,445.1,430.0,439.0,-2.64,16168.0,401.5,298.0
BARUN,4/6/2022,439.0,439.0,422.0,426.0,-2.96,13024.0,401.5,298.0
BARUN,4/7/2022,432.0,441.0,427.0,427.0,0.23,20171.0,401.5,298.0
BARUN,4/11/2022,435.5,444.2,417.0,417.0,-2.34,12699.0,401.5,298.0
BARUN,4/12/2022,422.0,422.0,410.0,415.0,-0.48,10616.0,401.5,298.0
BARUN,4/13/2022,410.0,423.3,409.0,423.0,1.93,6171.0,401.5,298.0
BARUN,4/17/2022,428.0,429.0,410.2,424.3,0.31,7128.0,401.5,298.0
BARUN,4/18/2022,416.0,416.0,391.0,404.0,-4.78,13387.0,401.5,298.0
BARUN,4/19/2022,397.1,408.0,385.0,399.1,-1.21,7596.0,401.5,298.0
BARUN,4/20/2022,404.9,404.9,381.3,385.0,-3.53,7674.0,401.5,298.0
BARUN,4/21/2022,385.0,388.0,369.1,380.0,-1.3,5571.0,401.5,298.0
BARUN,4/24/2022,387.0,418.0,386.0,417.8,9.95,14649.0,401.5,298.0
BARUN,4/25/2022,426.0,428.0,404.0,413.0,-1.15,15696.0,401.5,298.0
BARUN,4/26/2022,420.0,420.0,397.0,407.0,-1.45,7421.0,401.5,298.0
BARUN,4/27/2022,401.1,412.0,397.0,410.0,0.74,7084.0,401.5,298.0
BARUN,4/28/2022,410.0,418.1,398.0,398.0,-2.93,9083.0,401.5,298.0
BARUN,5/2/2022,393.0,395.0,378.3,382.0,-4.02,13303.0,401.5,298.0
BARUN,5/4/2022,382.0,405.8,376.1,399.0,4.45,28183.0,401.5,298.0
BARUN,5/5/2022,391.3,418.2,383.5,393.0,-1.5,34892.0,401.5,298.0
BARUN,5/8/2022,393.0,413.9,381.0,402.0,2.29,17741.0,401.5,298.0
BARUN,5/9/2022,408.0,409.0,399.0,407.0,1.24,33402.0,401.5,298.0
BARUN,5/10/2022,415.1,447.7,406.1,447.7,10.0,87642.0,401.5,298.0
BARUN,5/11/2022,456.0,492.4,456.0,492.4,9.98,24677.0,401.5,298.0
BARUN,5/12/2022,502.0,541.6,502.0,507.0,2.97,71762.0,401.5,298.0
BARUN,5/17/2022,497.0,498.0,467.2,468.0,-7.69,70761.0,401.5,298.0
BARUN,5/18/2022,475.0,504.0,445.0,495.0,5.77,35811.0,401.5,298.0
BARUN,5/19/2022,490.0,501.8,480.0,482.0,-2.63,19874.0,401.5,298.0
BARUN,5/20/2022,474.0,494.0,473.0,479.0,-0.62,12355.0,401.5,298.0
BARUN,5/23/2022,471.0,479.0,462.0,462.5,-3.44,32064.0,401.5,298.0
BARUN,5/24/2022,462.0,481.0,462.0,474.0,2.49,9079.0,401.5,298.0
BARUN,5/25/2022,480.0,485.0,475.0,482.5,1.79,13263.0,401.5,298.0
BARUN,5/26/2022,474.0,489.9,474.0,476.5,-1.24,5046.0,401.5,298.0
BARUN,5/27/2022,480.0,483.0,455.0,477.0,0.1,21445.0,401.5,298.0
BARUN,5/30/2022,486.5,486.5,465.0,465.0,-2.52,13346.0,401.5,298.0
BARUN,5/31/2022,465.0,472.0,460.2,463.0,-0.43,9073.0,401.5,298.0
BARUN,6/1/2022,457.1,473.9,457.1,464.9,0.41,7408.0,401.5,298.0
BARUN,6/2/2022,467.0,470.0,455.0,460.4,-0.97,10490.0,401.5,298.0
BARUN,6/3/2022,459.0,459.0,443.0,445.0,-3.34,16410.0,401.5,298.0
BARUN,6/6/2022,445.0,463.9,443.1,448.0,0.67,15872.0,401.5,298.0
BARUN,6/7/2022,454.0,454.0,436.0,439.9,-1.81,10801.0,401.5,298.0
BARUN,6/8/2022,447.0,483.0,444.0,474.0,7.75,21718.0,401.5,298.0
BARUN,6/9/2022,483.0,483.0,455.0,459.0,-3.16,17467.0,401.5,298.0
BARUN,6/10/2022,451.1,463.0,448.9,450.0,-1.96,14877.0,401.5,298.0
BARUN,6/13/2022,455.0,459.0,446.0,451.9,0.42,7039.0,401.5,298.0
BARUN,6/14/2022,444.5,457.9,438.0,444.0,-1.75,16159.0,401.5,298.0
BARUN,6/15/2022,437.0,442.0,428.6,435.9,-1.82,14541.0,401.5,298.0
BARUN,6/16/2022,436.5,455.8,430.0,446.0,2.32,17610.0,401.5,298.0
BARUN,6/17/2022,438.2,445.0,437.0,437.1,-2.0,3132.0,401.5,298.0
BARUN,6/19/2022,431.0,436.8,412.6,420.0,-3.91,9383.0,401.5,298.0
BARUN,6/20/2022,412.0,412.0,392.0,395.0,-5.95,16406.0,401.5,298.0
BARUN,6/21/2022,390.0,418.0,390.0,410.0,3.8,15552.0,401.5,298.0
BARUN,6/22/2022,403.3,407.0,395.0,403.0,-1.71,8126.0,401.5,298.0
BARUN,6/23/2022,395.0,395.0,376.4,388.9,-3.5,22966.0,401.5,298.0
BARUN,6/24/2022,387.0,419.0,381.2,409.0,5.17,18056.0,401.5,298.0
BARUN,6/26/2022,415.0,447.0,415.0,446.0,9.05,29703.0,401.5,298.0
BARUN,6/27/2022,446.1,468.0,434.0,444.9,-0.25,36492.0,401.5,298.0
BARUN,6/28/2022,436.5,448.0,427.7,447.7,0.63,21882.0,401.5,298.0
BARUN,6/29/2022,454.0,492.4,450.0,490.0,9.45,84993.0,401.5,298.0
BARUN,6/30/2022,499.8,500.0,465.5,477.0,-2.65,56039.0,401.5,298.0
BARUN,7/1/2022,475.0,479.0,461.0,462.0,-3.14,26852.0,401.5,298.0
BARUN,7/3/2022,471.0,474.0,454.0,458.0,-0.87,40935.0,401.5,298.0
BARUN,7/4/2022,467.1,473.0,453.0,459.0,0.22,62382.0,401.5,298.0
BARUN,7/5/2022,468.0,468.0,450.1,455.3,-0.81,25369.0,401.5,298.0
BARUN,7/6/2022,464.4,469.9,449.2,456.0,0.15,20382.0,401.5,298.0
BARUN,7/7/2022,460.0,465.0,452.0,452.0,-0.88,16618.0,401.5,298.0
BARUN,7/8/2022,450.2,455.0,439.0,441.0,-2.43,20928.0,401.5,298.0
BARUN,7/11/2022,441.0,441.0,406.7,412.0,-6.58,28745.0,401.5,298.0
BARUN,7/12/2022,419.0,426.0,414.0,423.9,2.89,18849.0,401.5,298.0
BARUN,7/13/2022,423.5,444.7,420.5,442.0,4.27,25304.0,401.5,298.0
BARUN,7/14/2022,450.0,464.0,438.0,444.0,0.45,25030.0,401.5,298.0
BARUN,7/15/2022,444.0,449.0,437.0,440.0,-0.9,18671.0,401.5,298.0
BARUN,7/17/2022,448.8,449.0,436.5,443.0,0.68,52529.0,401.5,298.0
BARUN,7/18/2022,276.0,298.6,276.0,298.6,-32.6,14005.0,401.5,298.0
BARUN,7/19/2022,304.5,321.0,298.6,299.0,0.13,93683.0,401.5,298.0
BARUN,7/20/2022,300.0,301.5,290.1,294.0,-1.67,27896.0,401.5,298.0
BARUN,7/21/2022,298.9,298.9,288.8,289.0,-1.7,15756.0,401.5,298.0
BARUN,7/22/2022,284.3,292.7,284.2,285.0,-1.38,10901.0,401.5,298.0
BARUN,7/24/2022,290.0,298.0,284.2,298.0,4.56,15341.0,401.5,298.0
BARUN,7/25/2022,303.0,313.0,298.0,310.8,4.3,60479.0,401.5,298.0
BARUN,7/26/2022,311.0,319.0,299.0,300.1,-3.44,25084.0,401.5,298.0
BARUN,7/27/2022,295.0,306.0,295.0,304.0,1.3,26408.0,401.5,298.0
BARUN,7/28/2022,305.0,313.0,303.0,304.1,0.03,41763.0,401.5,298.0
BARUN,7/29/2022,309.9,309.9,301.2,303.0,-0.36,7372.0,401.5,298.0
BARUN,7/31/2022,309.0,309.0,299.9,307.0,1.32,32276.0,401.5,298.0
BARUN,8/1/2022,310.0,310.0,300.0,305.9,-0.36,22358.0,401.5,298.0
BARUN,8/2/2022,305.0,306.0,300.0,302.0,-1.27,20940.0,401.5,298.0
BARUN,8/3/2022,308.0,311.0,300.0,308.0,1.99,48225.0,401.5,298.0
BARUN,8/4/2022,310.0,311.0,300.0,300.1,-2.56,13731.0,401.5,298.0
BARUN,8/5/2022,300.1,305.9,297.0,297.5,-0.87,8205.0,401.5,298.0
BARUN,8/7/2022,302.0,302.0,295.0,297.0,-0.17,7466.0,401.5,298.0
BARUN,8/8/2022,298.0,299.0,290.0,294.9,-0.71,16391.0,401.5,298.0
BARUN,8/9/2022,290.0,292.0,280.0,282.9,-4.07,20675.0,401.5,298.0
BARUN,8/10/2022,282.0,286.1,274.0,281.0,-0.67,11892.0,401.5,298.0
BARUN,8/11/2022,279.0,284.0,278.1,284.0,1.07,6822.0,401.5,298.0
BARUN,8/14/2022,284.0,284.0,275.0,277.0,-2.46,11370.0,401.5,298.0
BARUN,8/15/2022,276.0,285.0,276.0,285.0,2.89,16384.0,401.5,298.0
BARUN,8/16/2022,289.0,294.0,276.0,277.0,-2.81,14421.0,401.5,298.0
BARUN,8/17/2022,280.0,282.0,276.0,277.0,0.0,4066.0,401.5,298.0
BARUN,8/18/2022,282.0,288.0,276.4,284.0,2.53,9629.0,401.5,298.0
BARUN,8/21/2022,288.0,299.0,284.7,288.0,1.41,11085.0,401.5,298.0
BARUN,8/22/2022,292.0,292.0,285.0,285.0,-1.04,6284.0,401.5,298.0
BARUN,8/23/2022,284.0,285.0,280.0,281.0,-1.4,3891.0,401.5,298.0
BARUN,8/24/2022,282.0,284.8,282.0,283.0,0.71,1205.0,401.5,298.0
BARUN,8/25/2022,280.0,285.0,278.0,278.5,-1.59,6227.0,401.5,298.0
BARUN,8/26/2022,279.0,279.0,273.0,277.0,-0.54,4238.0,401.5,298.0
BARUN,8/28/2022,272.0,273.5,257.1,264.0,-4.69,12308.0,401.5,298.0
BARUN,8/29/2022,259.1,266.0,259.1,265.0,0.38,7675.0,401.5,298.0
BARUN,8/30/2022,265.0,265.0,259.0,259.0,-2.26,4517.0,401.5,298.0
BARUN,8/31/2022,258.0,260.0,250.0,251.1,-3.05,5741.0,401.5,298.0
BARUN,9/1/2022,246.1,254.0,242.0,254.0,1.15,7188.0,401.5,298.0
BARUN,9/2/2022,254.0,258.0,245.0,250.0,-1.57,2818.0,401.5,298.0
BARUN,9/4/2022,253.0,253.0,248.0,250.0,0.0,4970.0,401.5,298.0
BARUN,9/5/2022,250.0,252.5,245.4,249.9,-0.04,2037.0,401.5,298.0
BARUN,9/6/2022,250.0,250.6,240.0,240.0,-3.96,8099.0,401.5,298.0
BARUN,9/7/2022,244.8,249.0,241.0,244.0,1.67,9542.0,401.5,298.0
BARUN,9/8/2022,245.0,249.9,242.0,249.8,2.38,5938.0,401.5,298.0
BARUN,9/11/2022,252.0,252.0,246.0,247.0,-1.12,1264.0,401.5,298.0
BARUN,9/12/2022,243.0,247.8,240.4,244.5,-1.01,1623.0,401.5,298.0
BARUN,9/13/2022,244.5,248.0,241.1,245.0,0.2,1976.0,401.5,298.0
BARUN,9/14/2022,248.0,254.0,244.0,254.0,3.67,6542.0,401.5,298.0
BARUN,9/15/2022,258.0,258.0,236.2,240.0,-5.51,15517.0,401.5,298.0
BARUN,9/16/2022,240.0,240.0,234.0,240.0,0.0,2329.0,401.5,298.0
BARUN,9/18/2022,236.0,236.0,226.0,232.0,-3.33,6398.0,401.5,298.0
BARUN,9/20/2022,235.0,235.0,213.0,213.0,-8.19,12361.0,401.5,298.0
BARUN,9/21/2022,211.0,221.0,211.0,213.0,0.0,6396.0,401.5,298.0
BARUN,9/22/2022,216.0,220.5,215.0,217.6,2.16,3033.0,401.5,298.0
BARUN,9/25/2022,215.0,219.0,210.1,210.1,-3.45,5397.0,401.5,298.0
BARUN,9/27/2022,211.0,215.0,210.5,215.0,2.33,2510.0,401.5,298.0
BARUN,9/28/2022,218.0,218.0,210.0,211.0,-1.86,3047.0,401.5,298.0
BARUN,9/29/2022,215.1,215.1,210.0,210.5,-0.24,2922.0,401.5,298.0
BARUN,10/9/2022,214.7,218.0,214.0,218.0,3.56,3072.0,401.5,298.0
BARUN,10/10/2022,218.0,219.3,213.0,214.0,-1.83,3056.0,401.5,298.0
BARUN,10/11/2022,212.0,215.8,210.1,212.9,-0.51,1536.0,401.5,298.0
BARUN,10/12/2022,209.5,216.8,208.0,215.0,0.99,1705.0,401.5,298.0
BARUN,10/13/2022,215.0,219.0,213.0,217.5,1.16,1678.0,401.5,298.0
BARUN,10/16/2022,220.0,220.0,211.0,213.0,-2.07,1935.0,401.5,298.0
BARUN,10/17/2022,213.0,216.0,211.0,212.0,-0.47,3427.0,401.5,298.0
BARUN,10/19/2022,215.0,215.0,202.4,205.0,-3.3,4477.0,401.5,298.0
BARUN,10/20/2022,203.0,205.0,203.0,204.0,-0.49,2033.0,401.5,298.0
BARUN,10/23/2022,206.0,206.0,201.0,204.0,0.0,3580.0,401.5,298.0
BARUN,10/31/2022,204.0,208.0,201.0,208.0,1.96,2992.0,401.5,298.0
BARUN,11/1/2022,205.0,216.2,205.0,215.0,3.37,6430.0,401.5,298.0
BARUN,11/2/2022,213.0,219.7,211.0,216.5,0.7,3135.0,401.5,298.0
BARUN,11/3/2022,220.8,220.8,212.8,217.0,0.23,1147.0,401.5,298.0
BARUN,11/6/2022,214.0,224.4,212.0,223.5,3.0,2314.0,401.5,298.0
BARUN,11/7/2022,222.0,236.0,218.6,218.7,-2.15,9089.0,401.5,298.0
BARUN,11/8/2022,214.5,218.8,212.0,215.0,-1.69,4372.0,401.5,298.0
BARUN,11/9/2022,215.0,218.9,206.0,209.0,-2.79,6137.0,401.5,298.0
BARUN,11/10/2022,209.0,212.0,205.0,205.0,-1.91,3788.0,401.5,298.0
BARUN,11/13/2022,201.0,209.9,201.0,204.9,-0.05,3518.0,401.5,298.0
BARUN,11/14/2022,202.0,215.0,202.0,208.7,1.85,4682.0,401.5,298.0
BARUN,11/15/2022,212.8,217.0,207.0,210.0,0.62,5823.0,401.5,298.0
BARUN,11/16/2022,214.0,217.9,209.8,210.0,0.0,1585.0,401.5,298.0
BARUN,11/17/2022,212.0,219.0,211.3,217.3,3.48,10358.0,401.5,298.0
BARUN,11/22/2022,220.0,224.5,210.4,217.2,-0.05,5762.0,401.5,298.0
BARUN,11/23/2022,213.9,215.5,213.0,213.2,-1.84,810.0,401.5,298.0
BARUN,11/24/2022,216.0,216.0,213.0,213.9,0.33,970.0,401.5,298.0
BARUN,11/27/2022,217.0,217.9,213.0,216.0,0.98,6486.0,401.5,298.0
BARUN,11/28/2022,219.0,219.0,211.7,212.0,-1.85,6060.0,401.5,298.0
BARUN,11/29/2022,212.0,216.0,211.9,211.9,-0.05,3478.0,401.5,298.0
BARUN,11/30/2022,211.0,219.0,211.0,216.2,2.03,3098.0,401.5,298.0
BARUN,12/1/2022,219.0,219.0,214.0,214.0,-1.02,889.0,401.5,298.0
BARUN,12/4/2022,212.0,215.0,210.0,214.0,0.0,6142.0,401.5,298.0
BARUN,12/5/2022,214.0,215.9,209.8,209.8,-1.96,3007.0,401.5,298.0
BARUN,12/6/2022,210.0,210.0,200.0,205.0,-2.29,22484.0,401.5,298.0
BARUN,12/7/2022,203.1,206.8,201.0,203.9,-0.54,15060.0,401.5,298.0
BARUN,12/11/2022,201.0,202.1,198.0,198.9,-2.45,13793.0,401.5,298.0
BARUN,12/12/2022,200.0,204.0,198.0,203.9,2.51,21048.0,401.5,298.0
BARUN,12/13/2022,200.0,205.0,200.0,200.0,-1.91,8153.0,401.5,298.0
BARUN,12/14/2022,198.0,203.9,197.0,201.0,0.5,10121.0,401.5,298.0
BARUN,12/15/2022,198.0,200.0,197.0,197.6,-1.69,11915.0,401.5,298.0
BARUN,12/18/2022,198.0,199.0,193.0,193.0,-2.33,16052.0,401.5,298.0
BARUN,12/19/2022,196.8,196.8,192.2,194.9,0.98,7316.0,401.5,298.0
BARUN,12/20/2022,197.0,197.0,191.1,194.9,0.0,23738.0,401.5,298.0
BARUN,12/21/2022,197.0,197.4,192.0,192.1,-1.44,7614.0,401.5,298.0
BARUN,12/22/2022,191.0,194.7,190.3,192.0,-0.05,11157.0,401.5,298.0
BARUN,12/26/2022,194.8,203.0,194.0,202.0,5.21,26893.0,401.5,298.0
BARUN,12/27/2022,205.0,220.0,205.0,216.8,7.33,64124.0,401.5,298.0
BARUN,12/28/2022,219.0,219.0,208.0,210.0,-3.14,35202.0,401.5,298.0
BARUN,12/29/2022,211.0,221.3,210.0,220.0,4.76,49719.0,401.5,298.0
BARUN,1/1/2023,222.4,234.0,216.0,227.0,3.18,53966.0,401.5,298.0
BARUN,1/2/2023,222.9,228.0,222.1,228.0,0.44,24685.0,401.5,298.0
BARUN,1/3/2023,230.0,233.0,224.0,225.6,-1.05,32840.0,401.5,298.0
BARUN,1/4/2023,230.1,239.0,226.2,238.0,5.5,34727.0,401.5,298.0
BARUN,1/5/2023,240.0,244.2,232.4,241.1,1.3,65827.0,401.5,298.0
BARUN,1/8/2023,242.0,259.0,235.0,248.0,2.86,82571.0,401.5,298.0
BARUN,1/9/2023,252.9,272.8,249.0,272.8,10.0,104166.0,401.5,298.0
BARUN,1/10/2023,278.0,300.0,267.0,285.9,4.8,184687.0,401.5,298.0
BARUN,1/12/2023,291.6,297.0,265.0,274.0,-4.16,114125.0,401.5,298.0
BARUN,1/17/2023,275.0,287.5,264.0,286.0,4.38,75954.0,401.5,298.0
BARUN,1/18/2023,291.7,299.8,281.0,286.0,0.0,72197.0,401.5,298.0
BARUN,1/19/2023,281.0,288.6,276.0,281.0,-1.75,34654.0,401.5,298.0
BARUN,1/23/2023,286.0,286.0,269.0,269.8,-3.99,50269.0,401.5,298.0
BARUN,1/24/2023,265.0,277.0,258.0,269.0,-0.3,45020.0,401.5,298.0
BARUN,1/25/2023,273.0,283.9,264.1,279.0,3.72,58064.0,401.5,298.0
BARUN,1/26/2023,280.0,287.0,274.0,279.0,0.0,46414.0,401.5,298.0
BARUN,1/29/2023,284.0,284.0,270.1,278.9,-0.04,39512.0,401.5,298.0
BARUN,1/30/2023,273.7,279.0,260.0,263.0,-5.7,42237.0,401.5,298.0
BARUN,1/31/2023,257.9,267.0,255.0,259.0,-1.52,41709.0,401.5,298.0
BARUN,2/1/2023,254.0,263.0,254.0,260.0,0.39,29551.0,401.5,298.0
BARUN,2/2/2023,260.0,263.1,247.0,250.0,-3.85,45732.0,401.5,298.0
BARUN,2/5/2023,254.0,258.5,250.0,254.1,1.64,34808.0,401.5,298.0
BARUN,2/6/2023,254.0,258.8,250.1,258.0,1.53,20731.0,401.5,298.0
BARUN,2/7/2023,262.1,283.8,261.0,283.8,10.0,66252.0,401.5,298.0
BARUN,2/8/2023,289.4,294.0,279.0,280.0,-1.34,103029.0,401.5,298.0
BARUN,2/9/2023,280.0,285.0,276.0,285.0,1.79,62738.0,401.5,298.0
BARUN,2/12/2023,285.0,285.0,266.3,267.5,-6.14,76590.0,401.5,298.0
BARUN,2/14/2023,272.7,272.8,265.1,267.1,-0.15,37916.0,401.5,298.0
BARUN,2/15/2023,271.9,274.0,266.0,266.6,-0.19,31651.0,401.5,298.0
BARUN,2/16/2023,264.0,270.0,259.3,261.0,-2.1,40266.0,401.5,298.0
BARUN,2/20/2023,256.0,262.0,253.0,258.0,-1.15,27559.0,401.5,298.0
BARUN,2/22/2023,253.0,278.0,253.0,278.0,7.75,41636.0,401.5,298.0
BARUN,2/23/2023,278.0,278.0,264.0,266.0,-4.32,40981.0,401.5,298.0
BARUN,2/26/2023,260.7,271.0,251.0,268.0,0.75,67128.0,401.5,298.0
BARUN,2/27/2023,272.0,272.0,256.0,267.8,-0.07,35738.0,401.5,298.0
BARUN,2/28/2023,270.5,272.0,264.0,265.0,-1.05,27976.0,401.5,298.0
BARUN,3/1/2023,261.0,269.3,261.0,265.0,0.0,7012.0,401.5,298.0
BARUN,3/2/2023,269.3,269.3,257.0,257.6,-2.79,19087.0,401.5,298.0
BARUN,3/5/2023,261.7,261.7,252.0,254.4,-1.24,14136.0,401.5,298.0
BARUN,3/7/2023,251.0,264.0,251.0,259.0,1.81,15563.0,401.5,298.0
BARUN,3/9/2023,262.0,271.9,262.0,271.0,4.63,37036.0,401.5,298.0
BARUN,3/12/2023,274.8,275.5,264.0,268.0,-1.11,25183.0,401.5,298.0
BARUN,3/13/2023,263.1,268.0,260.5,264.0,-1.49,8602.0,401.5,298.0
BARUN,3/14/2023,261.0,266.2,261.0,263.0,-0.38,4029.0,401.5,298.0
BARUN,3/15/2023,260.2,264.0,258.2,260.0,-1.14,12869.0,401.5,298.0
BARUN,3/16/2023,255.1,263.9,255.1,259.6,-0.15,15573.0,401.5,298.0
BARUN,3/19/2023,263.0,265.0,258.0,263.0,1.31,20032.0,401.5,298.0
BARUN,3/20/2023,260.0,272.0,260.0,271.0,3.04,18306.0,401.5,298.0
BARUN,3/22/2023,273.0,273.0,263.1,264.0,-2.58,16279.0,401.5,298.0
BARUN,3/23/2023,263.0,267.4,259.5,263.0,-0.38,24745.0,401.5,298.0
BARUN,3/26/2023,263.0,266.9,257.0,264.0,0.38,21068.0,401.5,298.0
BARUN,3/27/2023,263.0,269.2,259.1,269.1,1.93,19345.0,401.5,298.0
BARUN,3/28/2023,272.9,273.0,266.1,269.0,-0.04,13759.0,401.5,298.0
BARUN,3/29/2023,267.0,270.0,266.0,266.0,-1.12,3624.0,401.5,298.0
BARUN,3/30/2023,271.0,271.0,260.0,263.0,-1.13,10425.0,401.5,298.0
BARUN,4/2/2023,268.2,268.3,258.0,261.4,-0.61,14428.0,401.5,298.0
BARUN,4/3/2023,262.0,262.0,256.0,256.0,-2.07,8636.0,401.5,298.0
BARUN,4/4/2023,255.0,265.2,252.0,256.0,0.0,5390.0,401.5,298.0
BARUN,4/5/2023,256.0,258.0,253.0,257.0,0.39,6570.0,401.5,298.0
BARUN,4/6/2023,258.2,258.2,253.0,255.0,-0.78,8382.0,401.5,298.0
BARUN,4/9/2023,252.0,256.0,245.0,250.0,-1.96,12832.0,401.5,298.0
BARUN,4/10/2023,254.0,254.8,249.0,252.0,0.8,9513.0,401.5,298.0
BARUN,4/11/2023,253.1,256.4,249.0,254.0,0.79,10378.0,401.5,298.0
BARUN,4/12/2023,257.5,270.0,257.5,268.2,5.59,31134.0,401.5,298.0
BARUN,4/13/2023,273.0,274.0,258.0,260.9,-2.72,18573.0,401.5,298.0
BARUN,4/16/2023,263.0,264.0,257.8,257.8,-1.19,11269.0,401.5,298.0
BARUN,4/17/2023,262.0,262.0,253.0,256.0,-0.7,4444.0,401.5,298.0
BARUN,4/18/2023,256.0,259.0,252.2,257.0,0.39,6866.0,401.5,298.0
BARUN,4/19/2023,256.0,261.0,253.0,255.0,-0.78,8606.0,401.5,298.0
BARUN,4/20/2023,258.5,259.9,251.1,252.0,-1.18,8580.0,401.5,298.0
BARUN,4/23/2023,253.0,255.0,248.0,248.1,-1.55,10692.0,401.5,298.0
BARUN,4/24/2023,250.0,256.0,248.0,249.0,0.36,6015.0,401.5,298.0
BARUN,4/25/2023,253.0,263.1,249.5,253.0,1.61,15505.0,401.5,298.0
BARUN,4/26/2023,257.9,262.9,250.0,250.0,-1.19,7948.0,401.5,298.0
BARUN,4/27/2023,250.0,253.5,248.0,248.0,-0.8,8689.0,401.5,298.0
BARUN,4/30/2023,248.0,250.0,245.0,246.4,-0.65,5951.0,401.5,298.0
BARUN,5/2/2023,248.0,252.0,241.0,247.0,0.24,4127.0,401.5,298.0
BARUN,5/3/2023,242.3,245.0,239.5,240.0,-2.83,7722.0,401.5,298.0
BARUN,5/4/2023,240.0,248.0,239.1,246.0,2.5,6466.0,401.5,298.0
BARUN,5/7/2023,246.0,246.0,236.0,238.0,-3.25,7255.0,401.5,298.0
BARUN,5/8/2023,238.0,238.0,225.0,233.0,-2.1,10275.0,401.5,298.0
BARUN,5/9/2023,229.0,242.3,229.0,238.0,2.15,10040.0,401.5,298.0
BARUN,5/10/2023,235.0,239.7,230.4,233.3,-1.97,7029.0,401.5,298.0
BARUN,5/11/2023,229.0,234.9,229.0,234.0,0.3,6580.0,401.5,298.0
BARUN,5/14/2023,236.9,237.0,226.1,230.0,-1.71,6344.0,401.5,298.0
BARUN,5/15/2023,226.1,233.0,223.5,232.7,1.17,16763.0,401.5,298.0
BARUN,5/16/2023,228.5,235.0,228.2,232.0,-0.3,2865.0,401.5,298.0
BARUN,5/17/2023,235.0,236.6,231.0,234.0,0.86,12242.0,401.5,298.0
BARUN,5/18/2023,234.0,248.0,234.0,238.0,1.71,28502.0,401.5,298.0
BARUN,5/21/2023,241.0,248.0,240.0,241.0,1.26,21477.0,401.5,298.0
BARUN,5/22/2023,237.0,244.0,236.5,240.0,-0.41,7036.0,401.5,298.0
BARUN,5/23/2023,243.0,250.5,242.9,247.0,2.92,18509.0,401.5,298.0
BARUN,5/24/2023,250.0,253.0,243.1,248.9,0.77,12646.0,401.5,298.0
BARUN,5/28/2023,253.0,257.0,246.0,249.0,0.04,28762.0,401.5,298.0
BARUN,5/30/2023,253.0,253.0,240.5,243.0,-2.41,22016.0,401.5,298.0
BARUN,5/31/2023,243.0,243.0,233.0,236.0,-2.88,14565.0,401.5,298.0
BARUN,6/1/2023,240.7,240.7,222.9,238.9,1.23,11947.0,401.5,298.0
BARUN,6/4/2023,243.6,248.5,239.0,247.0,3.39,12767.0,401.5,298.0
BARUN,6/5/2023,250.0,251.0,237.0,237.0,-4.05,19636.0,401.5,298.0
BARUN,6/6/2023,240.0,248.0,239.0,248.0,4.64,10560.0,401.5,298.0
BARUN,6/7/2023,252.0,255.6,245.2,249.9,0.77,21016.0,401.5,298.0
BARUN,6/8/2023,254.8,259.8,245.0,249.0,-0.36,32094.0,401.5,298.0
BARUN,6/11/2023,250.0,259.0,248.2,256.1,2.85,28887.0,401.5,298.0
BARUN,6/12/2023,259.0,270.0,253.0,269.0,5.04,82910.0,401.5,298.0
BARUN,6/13/2023,268.9,282.0,265.0,276.0,2.6,80021.0,401.5,298.0
BARUN,6/14/2023,280.9,281.0,264.7,271.0,-1.81,45214.0,401.5,298.0
BARUN,6/15/2023,265.7,272.9,265.7,272.0,0.37,19950.0,401.5,298.0
BARUN,6/18/2023,266.6,278.0,266.6,273.0,0.37,47610.0,401.5,298.0
BARUN,6/19/2023,269.0,286.0,266.0,280.0,2.56,82346.0,401.5,298.0
BARUN,6/20/2023,275.1,279.0,265.0,267.8,-4.36,41817.0,401.5,298.0
BARUN,6/21/2023,273.1,273.1,255.0,257.0,-4.03,37890.0,401.5,298.0
BARUN,6/22/2023,252.0,265.0,247.1,257.0,0.0,28742.0,401.5,298.0
BARUN,6/25/2023,257.0,271.0,250.0,261.0,1.56,55796.0,401.5,298.0
BARUN,6/26/2023,266.2,270.0,257.1,262.0,0.38,29143.0,401.5,298.0
BARUN,6/27/2023,267.0,267.0,255.0,262.9,0.34,43664.0,401.5,298.0
BARUN,6/28/2023,268.1,273.4,260.0,263.0,0.04,66908.0,401.5,298.0
BARUN,7/2/2023,268.0,268.0,248.0,252.0,-4.18,35909.0,401.5,298.0
BARUN,7/3/2023,247.0,256.8,244.0,248.5,-1.39,16152.0,401.5,298.0
BARUN,7/4/2023,252.8,253.0,242.0,248.0,-0.2,16844.0,401.5,298.0
BARUN,7/5/2023,245.0,246.0,237.0,238.0,-4.03,24810.0,401.5,298.0
BARUN,7/6/2023,234.1,245.0,234.0,238.0,0.0,23759.0,401.5,298.0
BARUN,7/9/2023,242.0,245.0,237.0,238.9,0.38,11871.0,401.5,298.0
BARUN,7/10/2023,243.6,245.0,236.0,238.0,-0.38,22081.0,401.5,298.0
BARUN,7/11/2023,241.9,241.9,233.3,233.6,-1.85,10367.0,401.5,298.0
BARUN,7/12/2023,233.8,249.9,233.8,248.0,6.16,20231.0,401.5,298.0
BARUN,7/13/2023,252.9,260.0,245.0,245.0,-1.21,41470.0,401.5,298.0
BARUN,7/16/2023,249.8,253.4,245.0,249.0,1.63,17024.0,401.5,298.0
BARUN,7/17/2023,253.9,258.9,247.0,249.1,0.04,14991.0,401.5,298.0
BARUN,7/18/2023,249.1,254.0,249.1,250.0,0.36,9642.0,401.5,298.0
BARUN,7/19/2023,250.0,260.0,247.0,248.0,-0.8,9507.0,401.5,298.0
BARUN,7/20/2023,252.0,259.0,248.0,255.8,3.15,32288.0,401.5,298.0
BARUN,7/23/2023,254.5,260.9,253.0,259.0,1.25,18910.0,401.5,298.0
BARUN,7/24/2023,263.0,263.0,251.0,254.0,-1.93,20139.0,401.5,298.0
BARUN,7/25/2023,252.0,255.0,246.2,254.9,0.35,19785.0,401.5,298.0
BARUN,7/26/2023,249.9,262.0,249.0,262.0,2.79,19427.0,401.5,298.0
BARUN,7/27/2023,262.0,262.0,248.0,251.0,-4.2,14815.0,401.5,298.0
BARUN,7/30/2023,246.0,251.2,241.2,242.0,-3.59,8115.0,401.5,298.0
BARUN,7/31/2023,246.8,258.6,241.1,242.0,0.0,9029.0,401.5,298.0
BARUN,8/1/2023,245.0,246.8,239.0,240.9,-0.45,6517.0,401.5,298.0
BARUN,8/2/2023,243.0,243.0,235.0,241.0,0.04,5799.0,401.5,298.0
BARUN,8/3/2023,243.9,243.9,235.0,238.0,-1.24,7183.0,401.5,298.0
BARUN,8/6/2023,235.1,239.0,229.1,230.8,-3.03,4966.0,401.5,298.0
BARUN,8/7/2023,229.6,234.0,225.0,230.0,-0.35,11843.0,401.5,298.0
BARUN,8/8/2023,226.0,228.0,220.0,224.0,-2.61,13254.0,401.5,298.0
BARUN,8/9/2023,220.0,227.0,217.6,227.0,1.34,13089.0,401.5,298.0
BARUN,8/10/2023,226.0,228.0,225.1,226.0,-0.44,1747.0,401.5,298.0
BARUN,8/13/2023,229.0,230.5,221.5,229.5,1.55,7525.0,401.5,298.0
BARUN,8/14/2023,229.0,230.0,220.0,226.0,-1.53,3903.0,401.5,298.0
BARUN,8/15/2023,222.0,225.0,218.0,221.5,-1.99,11239.0,401.5,298.0
BARUN,8/16/2023,217.2,219.0,212.0,218.0,-1.58,10344.0,401.5,298.0
BARUN,8/17/2023,221.0,221.0,214.1,217.5,-0.23,4119.0,401.5,298.0
BARUN,8/20/2023,215.0,215.0,208.0,213.0,-2.07,5010.0,401.5,298.0
BARUN,8/21/2023,208.8,216.0,203.0,207.0,-2.82,7633.0,401.5,298.0
BARUN,8/22/2023,207.0,212.0,203.1,212.0,2.42,8376.0,401.5,298.0
BARUN,8/23/2023,212.0,218.0,212.0,218.0,2.83,4008.0,401.5,298.0
BARUN,8/24/2023,220.0,220.0,213.0,214.0,-1.83,10327.0,401.5,298.0
BARUN,8/27/2023,216.0,218.2,206.0,211.9,-0.98,6409.0,401.5,298.0
BARUN,8/28/2023,214.0,218.0,210.0,214.0,0.99,3457.0,401.5,298.0
BARUN,8/29/2023,217.0,217.0,211.0,211.9,-0.98,1853.0,401.5,298.0
BARUN,8/30/2023,211.0,215.0,209.0,210.5,-0.66,2604.0,401.5,298.0
BARUN,9/3/2023,213.0,213.0,203.0,203.0,-3.56,5759.0,401.5,298.0
BARUN,9/4/2023,200.0,216.2,200.0,209.8,3.35,7971.0,401.5,298.0
BARUN,9/5/2023,205.9,209.0,204.7,208.0,-0.86,4771.0,401.5,298.0
BARUN,9/7/2023,208.0,210.9,197.0,203.8,-2.02,6800.0,401.5,298.0
BARUN,9/10/2023,202.3,223.5,202.3,208.8,2.45,18304.0,401.5,298.0
BARUN,9/11/2023,211.0,229.0,208.0,226.0,8.24,12885.0,401.5,298.0
BARUN,9/12/2023,223.0,224.0,217.0,220.0,-2.65,3778.0,401.5,298.0
BARUN,9/13/2023,217.0,242.0,216.0,242.0,10.0,27831.0,401.5,298.0
BARUN,9/17/2023,238.0,248.8,225.0,228.0,-5.79,22061.0,401.5,298.0
BARUN,9/18/2023,228.0,237.1,223.5,237.1,3.99,8628.0,401.5,298.0
BARUN,9/19/2023,241.8,256.0,233.1,255.0,7.55,19248.0,401.5,298.0
BARUN,9/21/2023,260.0,262.0,245.0,250.7,-1.69,61659.0,401.5,298.0
BARUN,9/24/2023,254.9,254.9,235.7,239.0,-4.67,30979.0,401.5,298.0
BARUN,9/25/2023,234.5,244.8,227.0,233.9,-2.13,35719.0,401.5,298.0
BARUN,9/26/2023,238.5,246.9,237.0,244.0,4.32,36947.0,401.5,298.0
BARUN,9/27/2023,248.0,248.8,235.0,239.9,-1.68,8271.0,401.5,298.0
BARUN,10/1/2023,235.3,239.5,225.0,230.0,-4.13,16721.0,401.5,298.0
BARUN,10/2/2023,227.0,235.0,226.0,234.0,1.74,9329.0,401.5,298.0
BARUN,10/3/2023,234.0,235.7,225.0,228.9,-2.18,5631.0,401.5,298.0
BARUN,10/4/2023,230.0,234.5,227.0,227.0,-0.83,9354.0,401.5,298.0
BARUN,10/5/2023,226.0,237.9,226.0,227.3,0.13,12706.0,401.5,298.0
BARUN,10/8/2023,227.0,227.6,216.6,220.0,-3.21,18854.0,401.5,298.0
BARUN,10/9/2023,217.1,226.0,217.1,219.0,-0.45,7957.0,401.5,298.0
BARUN,10/10/2023,215.0,227.7,214.0,215.0,-1.83,9366.0,401.5,298.0
BARUN,10/11/2023,218.9,223.6,215.8,218.7,1.72,10022.0,401.5,298.0
BARUN,10/12/2023,222.0,222.0,213.0,215.0,-1.69,6846.0,401.5,298.0
BARUN,10/16/2023,215.0,216.0,209.0,212.0,-1.4,6228.0,401.5,298.0
BARUN,10/17/2023,213.0,217.2,213.0,213.0,0.47,3622.0,401.5,298.0
BARUN,10/18/2023,215.7,220.0,215.7,219.0,2.82,10162.0,401.5,298.0
BARUN,10/19/2023,222.0,222.0,207.1,218.7,-0.14,1364.0,401.5,298.0
BARUN,10/29/2023,216.0,217.7,210.7,210.9,-3.57,5416.0,401.5,298.0
BARUN,10/30/2023,211.0,216.0,211.0,215.0,1.94,3506.0,401.5,298.0
BARUN,10/31/2023,215.0,215.0,210.1,212.0,-1.4,1748.0,401.5,298.0
BARUN,11/1/2023,214.9,216.2,212.0,213.0,0.47,3148.0,401.5,298.0
BARUN,11/2/2023,209.5,213.0,206.0,206.0,-3.29,9967.0,401.5,298.0
BARUN,11/5/2023,206.0,209.0,202.5,206.0,0.0,3685.0,401.5,298.0
BARUN,11/6/2023,208.7,209.0,206.3,206.7,0.34,7984.0,401.5,298.0
BARUN,11/7/2023,208.1,210.8,202.6,203.0,-1.79,6990.0,401.5,298.0
BARUN,11/8/2023,202.0,204.9,196.7,204.9,0.94,17920.0,401.5,298.0
BARUN,11/9/2023,203.5,205.0,197.1,201.0,-1.9,6140.0,401.5,298.0
BARUN,11/20/2023,200.0,200.5,197.5,199.0,-1.0,2978.0,401.5,298.0
BARUN,11/21/2023,198.5,198.5,194.0,195.0,-2.01,6055.0,401.5,298.0
BARUN,11/22/2023,191.1,199.0,191.1,199.0,2.05,7581.0,401.5,298.0
BARUN,11/23/2023,195.1,202.9,193.2,201.0,1.01,4160.0,401.5,298.0
BARUN,11/26/2023,197.0,208.6,197.0,208.6,3.78,11406.0,401.5,298.0
BARUN,11/27/2023,212.7,212.7,205.1,209.0,0.19,10134.0,401.5,298.0
BARUN,11/28/2023,204.9,212.0,204.9,206.0,-1.44,9367.0,401.5,298.0
BARUN,11/29/2023,210.0,210.1,202.5,208.7,1.31,5391.0,401.5,298.0
BARUN,11/30/2023,212.8,212.8,200.0,200.0,-4.17,5831.0,401.5,298.0
BARUN,12/3/2023,201.1,211.1,200.0,209.9,4.95,8733.0,401.5,298.0
BARUN,12/4/2023,214.0,214.0,202.3,212.7,1.33,8711.0,401.5,298.0
BARUN,12/5/2023,216.9,216.9,209.8,213.0,0.14,24359.0,401.5,298.0
BARUN,12/6/2023,217.0,217.0,207.0,209.9,-1.46,1576.0,401.5,298.0
BARUN,12/7/2023,214.0,222.5,205.7,214.0,1.95,4356.0,401.5,298.0
BARUN,12/10/2023,215.0,228.0,215.0,228.0,6.54,2970.0,401.5,298.0
BARUN,12/11/2023,232.5,237.1,220.0,226.0,-0.88,23945.0,401.5,298.0
BARUN,12/12/2023,224.0,236.5,212.0,236.5,4.65,30970.0,401.5,298.0
BARUN,12/13/2023,241.2,241.2,228.1,234.0,-1.06,16359.0,401.5,298.0
BARUN,12/14/2023,238.6,238.6,227.0,227.0,-2.99,8414.0,401.5,298.0
BARUN,12/17/2023,223.0,242.7,223.0,242.0,6.61,53851.0,401.5,298.0
BARUN,12/18/2023,246.0,266.2,239.3,260.0,7.44,49505.0,401.5,298.0
BARUN,12/19/2023,257.0,257.0,238.0,256.0,-1.54,68416.0,401.5,298.0
BARUN,12/20/2023,252.0,253.0,244.1,249.0,-2.73,39517.0,401.5,298.0
BARUN,12/21/2023,252.0,252.0,240.0,244.7,-1.73,49404.0,401.5,298.0
BARUN,12/24/2023,249.0,249.5,229.5,235.0,-3.96,111727.0,401.5,298.0
BARUN,12/27/2023,236.0,243.9,228.5,234.0,-0.43,23080.0,401.5,298.0
BARUN,12/28/2023,238.6,238.6,227.0,229.5,-1.92,13192.0,401.5,298.0
BARUN,1/1/2024,234.0,238.0,222.5,226.0,-1.53,24801.0,401.5,298.0
BARUN,1/2/2024,226.0,226.0,216.2,216.2,-4.34,26437.0,401.5,298.0
BARUN,1/3/2024,220.5,224.0,212.0,222.9,3.1,27695.0,401.5,298.0
BARUN,1/4/2024,223.0,234.0,223.0,230.9,3.59,42801.0,401.5,298.0
BARUN,1/7/2024,235.5,242.7,224.5,234.2,1.43,66934.0,401.5,298.0
BARUN,1/8/2024,236.0,257.0,226.8,250.0,6.75,96482.0,401.5,298.0
BARUN,1/9/2024,245.0,252.9,235.3,239.7,-4.12,148265.0,401.5,298.0
BARUN,1/10/2024,238.1,244.8,238.0,239.0,-0.29,37423.0,401.5,298.0
BARUN,1/11/2024,241.9,249.0,241.0,245.5,2.72,74315.0,401.5,298.0
BARUN,1/14/2024,250.4,260.0,250.0,255.9,4.24,85360.0,401.5,298.0
BARUN,1/16/2024,260.0,270.3,253.0,270.0,5.51,109146.0,401.5,298.0
BARUN,1/17/2024,274.0,278.5,250.3,251.0,-7.04,90684.0,401.5,298.0
BARUN,1/18/2024,247.0,268.9,242.1,265.0,5.58,87183.0,401.5,298.0
BARUN,1/21/2024,270.0,273.9,254.8,265.0,0.0,197185.0,401.5,298.0
BARUN,1/22/2024,260.0,266.8,248.0,254.9,-3.81,124135.0,401.5,298.0
BARUN,1/23/2024,259.9,264.0,251.0,255.0,0.04,30618.0,401.5,298.0
BARUN,1/24/2024,249.9,262.0,245.0,249.8,-2.04,59824.0,401.5,298.0
BARUN,1/25/2024,244.9,255.0,244.9,248.9,-0.36,52859.0,401.5,298.0
BARUN,1/28/2024,253.0,260.0,250.0,259.0,4.06,65267.0,401.5,298.0
BARUN,1/29/2024,264.0,271.0,259.0,271.0,4.63,118221.0,401.5,298.0
BARUN,1/30/2024,273.0,289.0,266.1,288.0,6.27,236474.0,401.5,298.0
BARUN,1/31/2024,285.0,299.0,276.5,279.0,-3.12,288973.0,401.5,298.0
BARUN,2/1/2024,283.0,283.0,268.6,277.0,-0.72,138443.0,401.5,298.0
BARUN,2/4/2024,278.0,280.0,270.0,277.8,0.29,57696.0,401.5,298.0
BARUN,2/5/2024,283.3,286.0,273.2,279.4,0.58,66697.0,401.5,298.0
BARUN,2/6/2024,284.0,284.0,272.0,274.0,-1.93,38670.0,401.5,298.0
BARUN,2/7/2024,268.6,281.0,268.6,277.0,1.09,128063.0,401.5,298.0
BARUN,2/8/2024,271.5,283.9,271.5,273.0,-1.44,58061.0,401.5,298.0
BARUN,2/11/2024,271.0,278.0,271.0,271.4,-0.59,50326.0,401.5,298.0
BARUN,2/12/2024,272.0,276.8,268.5,274.0,0.96,43910.0,401.5,298.0
BARUN,2/13/2024,274.0,286.0,268.0,272.0,-0.73,95124.0,401.5,298.0
BARUN,2/14/2024,274.5,274.7,268.1,273.0,0.37,33776.0,401.5,298.0
BARUN,2/15/2024,278.4,278.4,268.0,273.9,0.33,55391.0,401.5,298.0
BARUN,2/18/2024,272.0,277.3,265.0,266.0,-2.88,47998.0,401.5,298.0
BARUN,2/20/2024,270.0,270.0,264.1,265.0,-0.38,48758.0,401.5,298.0
BARUN,2/21/2024,262.2,268.3,260.0,260.9,-1.55,28456.0,401.5,298.0
BARUN,2/22/2024,266.0,266.0,253.0,253.1,-2.99,28592.0,401.5,298.0
BARUN,2/25/2024,255.0,268.0,250.3,257.0,1.54,39517.0,401.5,298.0
BARUN,2/26/2024,261.0,261.0,252.1,258.8,0.7,8918.0,401.5,298.0
BARUN,2/27/2024,263.9,263.9,252.3,254.0,-1.85,9206.0,401.5,298.0
BARUN,2/28/2024,250.0,257.0,249.2,253.9,-0.04,14624.0,401.5,298.0
BARUN,2/29/2024,250.2,253.0,243.1,246.5,-2.91,19948.0,401.5,298.0
BARUN,3/3/2024,241.8,248.0,241.8,242.3,-1.7,14344.0,401.5,298.0
BARUN,3/4/2024,247.1,266.0,247.1,266.0,9.78,5000.0,401.5,298.0
BARUN,3/5/2024,266.0,266.0,247.0,248.0,-6.77,67523.0,401.5,298.0
BARUN,3/6/2024,244.5,255.1,242.3,251.0,1.21,63783.0,401.5,298.0
BARUN,3/7/2024,255.0,256.0,249.6,253.8,1.12,38462.0,401.5,298.0
BARUN,3/10/2024,255.9,257.8,250.1,252.8,-0.39,26471.0,401.5,298.0
BARUN,3/12/2024,255.0,257.0,250.1,256.0,1.27,51235.0,401.5,298.0
BARUN,3/13/2024,255.0,258.0,245.0,252.0,-1.56,88782.0,401.5,298.0
BARUN,3/14/2024,253.0,256.6,250.1,251.0,-0.4,28523.0,401.5,298.0
BARUN,3/17/2024,250.5,254.5,246.0,247.0,-1.59,29171.0,401.5,298.0
BARUN,3/18/2024,250.0,250.0,245.0,247.6,0.24,18296.0,401.5,298.0
BARUN,3/19/2024,251.0,251.5,246.0,246.1,-0.61,31347.0,401.5,298.0
BARUN,3/20/2024,249.0,253.9,243.1,245.0,-0.45,26116.0,401.5,298.0
BARUN,3/21/2024,248.0,248.0,240.1,242.0,-1.22,15789.0,401.5,298.0
BARUN,3/25/2024,245.0,245.0,237.1,239.9,-0.87,9574.0,401.5,298.0
BARUN,3/26/2024,239.0,247.0,238.0,243.1,1.33,18422.0,401.5,298.0
BARUN,3/27/2024,246.8,246.8,237.6,237.9,-2.14,38685.0,401.5,298.0
BARUN,3/28/2024,241.0,245.0,237.2,244.0,2.56,21517.0,401.5,298.0
BARUN,3/31/2024,246.0,247.9,241.0,246.5,1.02,28949.0,401.5,298.0
BARUN,4/1/2024,243.0,248.5,243.0,243.0,-1.42,18023.0,401.5,298.0
BARUN,4/2/2024,246.7,246.7,239.0,242.5,-0.21,6517.0,401.5,298.0
BARUN,4/3/2024,243.2,246.1,239.0,241.0,-0.62,18098.0,401.5,298.0
BARUN,4/4/2024,237.0,243.9,233.0,236.8,-1.74,24367.0,401.5,298.0
BARUN,4/7/2024,236.0,240.0,235.1,238.0,0.51,15077.0,401.5,298.0
BARUN,4/9/2024,242.0,243.1,236.1,238.0,0.0,22899.0,401.5,298.0
BARUN,4/10/2024,241.5,244.0,239.0,239.0,0.42,18904.0,401.5,298.0
BARUN,4/14/2024,243.0,244.9,235.1,241.1,0.88,11456.0,401.5,298.0
BARUN,4/15/2024,239.1,247.8,239.0,240.1,-0.41,16526.0,401.5,298.0
BARUN,4/16/2024,240.1,241.0,236.0,236.3,-1.58,11282.0,401.5,298.0
BARUN,4/18/2024,231.6,236.0,230.0,231.0,-2.24,7399.0,401.5,298.0
BARUN,4/21/2024,230.0,239.9,230.0,239.8,3.81,16345.0,401.5,298.0
BARUN,4/22/2024,235.7,238.9,232.5,234.0,-2.42,5725.0,401.5,298.0
BARUN,4/24/2024,231.0,238.6,231.0,233.0,-0.43,6457.0,401.5,298.0
BARUN,4/25/2024,233.0,236.0,226.4,232.9,-0.04,24977.0,401.5,298.0
BARUN,4/28/2024,236.0,236.0,228.7,232.5,-0.17,13874.0,401.5,298.0
BARUN,4/29/2024,230.3,232.1,228.0,230.0,-1.08,9804.0,401.5,298.0
BARUN,4/30/2024,228.0,239.0,227.0,236.0,2.61,26570.0,401.5,298.0
BARUN,5/2/2024,232.6,238.0,230.0,231.5,-1.91,15284.0,401.5,298.0
BARUN,5/5/2024,230.2,231.5,225.7,225.8,-2.46,18727.0,401.5,298.0
BARUN,5/6/2024,224.0,227.0,220.0,224.9,-0.4,16270.0,401.5,298.0
BARUN,5/7/2024,222.1,229.0,222.0,222.2,-1.2,14540.0,401.5,298.0
BARUN,5/8/2024,220.3,222.0,215.0,215.3,-3.11,32010.0,401.5,298.0
BARUN,5/9/2024,215.3,221.9,211.0,220.0,2.18,21353.0,401.5,298.0
BARUN,5/12/2024,218.1,222.4,217.3,219.0,-0.45,13130.0,401.5,298.0
BARUN,5/13/2024,220.0,226.0,219.0,226.0,3.2,11054.0,401.5,298.0
BARUN,5/14/2024,223.0,239.8,221.5,235.5,4.2,19294.0,401.5,298.0
BARUN,5/15/2024,238.9,239.0,228.0,231.9,-1.53,14826.0,401.5,298.0
BARUN,5/16/2024,228.1,235.0,226.1,235.0,1.34,23565.0,401.5,298.0
BARUN,5/19/2024,236.0,243.0,231.4,236.0,0.43,16217.0,401.5,298.0
BARUN,5/20/2024,239.0,243.0,231.7,235.0,-0.42,24219.0,401.5,298.0
BARUN,5/21/2024,232.0,247.0,231.0,242.0,2.98,28759.0,401.5,298.0
BARUN,5/22/2024,237.4,245.6,237.4,241.0,-0.41,13641.0,401.5,298.0
BARUN,5/26/2024,244.6,244.6,235.0,238.0,-1.24,8723.0,401.5,298.0
BARUN,5/27/2024,233.6,241.5,233.6,236.0,-0.84,4658.0,401.5,298.0
BARUN,5/29/2024,240.7,247.0,231.2,231.2,-2.03,7025.0,401.5,298.0
BARUN,5/30/2024,232.0,247.8,231.0,239.0,3.37,38164.0,401.5,298.0
BARUN,6/2/2024,238.2,247.0,238.2,241.0,0.84,58937.0,401.5,298.0
BARUN,6/3/2024,244.6,245.8,238.1,239.5,-0.62,20326.0,401.5,298.0
BARUN,6/4/2024,240.0,242.0,232.0,237.0,-1.04,13261.0,401.5,298.0
BARUN,6/5/2024,240.5,240.5,232.0,235.0,-0.84,11680.0,401.5,298.0
BARUN,6/6/2024,230.4,238.5,230.3,235.0,0.0,5783.0,401.5,298.0
BARUN,6/9/2024,230.3,244.4,230.3,240.0,2.13,23311.0,401.5,298.0
BARUN,6/10/2024,244.6,255.9,231.0,249.0,3.75,77506.0,401.5,298.0
BARUN,6/11/2024,252.0,273.9,251.0,273.9,10.0,225159.0,401.5,298.0
BARUN,6/12/2024,279.3,301.2,279.3,283.1,3.36,298525.0,401.5,298.0
BARUN,6/13/2024,288.7,311.1,283.7,307.0,8.44,399806.0,401.5,298.0
BARUN,6/16/2024,313.0,319.0,299.0,307.0,0.0,344002.0,401.5,298.0
BARUN,6/18/2024,307.0,319.0,305.0,308.0,0.33,362124.0,401.5,298.0
BARUN,6/19/2024,309.9,319.0,305.0,308.0,0.0,142553.0,401.5,298.0
BARUN,6/20/2024,301.9,316.0,301.9,309.5,0.49,183675.0,401.5,298.0
BARUN,6/23/2024,308.0,310.0,296.2,303.0,-2.1,130867.0,401.5,298.0
BARUN,6/24/2024,303.0,309.0,297.2,298.0,-1.65,145831.0,401.5,298.0
BARUN,6/25/2024,303.0,309.3,300.2,304.4,2.15,97897.0,401.5,298.0
BARUN,6/26/2024,310.4,310.4,298.2,300.0,-1.45,49606.0,401.5,298.0
BARUN,6/27/2024,303.0,309.9,298.0,307.9,2.63,103406.0,401.5,298.0
BARUN,6/30/2024,309.0,313.9,302.1,302.2,-1.85,61824.0,401.5,298.0
BARUN,7/1/2024,305.0,308.2,301.0,302.5,0.1,49502.0,401.5,298.0
BARUN,7/2/2024,308.5,329.0,303.3,304.1,0.53,90540.0,401.5,298.0
BARUN,7/3/2024,300.0,306.0,296.0,300.0,-1.35,66415.0,401.5,298.0
BARUN,7/4/2024,296.29,305.0,293.0,296.9,-1.03,83635.0,401.5,298.0
BARUN,7/7/2024,296.9,305.0,291.0,298.9,0.67,112111.0,401.5,298.0
BARUN,7/8/2024,299.5,303.0,295.0,295.0,-1.3,49261.0,401.5,298.0
BARUN,7/9/2024,297.0,299.0,290.0,293.0,-0.68,52707.0,401.5,298.0
BARUN,7/10/2024,297.3,300.3,292.0,300.0,2.39,69743.0,401.5,298.0
BARUN,7/11/2024,302.0,305.9,297.0,299.0,-0.33,56344.0,401.5,298.0
BARUN,7/14/2024,304.9,316.0,299.0,304.0,1.67,52399.0,401.5,298.0
BARUN,7/15/2024,306.9,306.9,296.0,296.0,-2.63,58670.0,401.5,298.0
BARUN,7/16/2024,301.6,325.6,301.6,325.6,10.0,229723.0,401.5,298.0
BARUN,7/17/2024,332.1,353.0,332.1,343.1,5.37,457746.0,401.5,298.0
BARUN,7/18/2024,348.0,371.1,330.0,344.7,0.47,180714.0,401.5,298.0
BARUN,7/21/2024,338.0,342.0,332.0,335.9,-2.55,175896.0,401.5,298.0
BARUN,7/22/2024,342.5,344.7,327.1,333.0,-0.86,156230.0,401.5,298.0
BARUN,7/23/2024,330.0,358.0,330.0,349.9,5.08,336336.0,401.5,298.0
BARUN,7/24/2024,350.0,375.0,344.0,354.0,1.17,204749.0,401.5,298.0
BARUN,7/25/2024,360.9,369.9,347.5,363.0,2.54,183825.0,401.5,298.0
BARUN,7/28/2024,370.2,376.0,354.0,358.6,-1.21,141608.0,401.5,298.0
BARUN,7/29/2024,351.5,374.0,351.0,361.0,0.67,260281.0,401.5,298.0
BARUN,7/30/2024,360.0,397.1,360.0,397.1,10.0,515725.0,401.5,298.0
BARUN,7/31/2024,405.0,422.0,396.9,397.0,-0.03,170054.0,401.5,298.0
BARUN,8/1/2024,390.0,396.5,382.0,386.0,-2.77,239391.0,401.5,298.0
BARUN,8/5/2024,386.0,415.9,372.4,397.0,2.85,267304.0,401.5,298.0
BARUN,8/6/2024,400.0,405.4,364.0,369.0,-7.05,167639.0,401.5,298.0
BARUN,8/7/2024,371.0,384.0,363.0,377.0,2.17,102551.0,401.5,298.0
BARUN,8/8/2024,383.0,400.0,379.3,385.0,2.12,200466.0,401.5,298.0
BARUN,8/11/2024,392.7,400.0,380.3,393.0,2.08,127489.0,401.5,298.0
BARUN,8/12/2024,393.0,400.0,384.0,390.0,-0.76,184407.0,401.5,298.0
BARUN,8/13/2024,382.2,399.0,380.0,386.0,-1.03,184823.0,401.5,298.0
BARUN,8/14/2024,392.0,408.0,378.0,392.0,1.55,228957.0,401.5,298.0
BARUN,8/15/2024,392.0,431.2,390.9,412.0,5.1,280942.0,401.5,298.0
BARUN,8/18/2024,410.0,419.0,392.0,395.0,-4.13,149166.0,401.5,298.0
BARUN,8/21/2024,395.0,419.0,388.1,388.1,-1.75,67370.0,401.5,298.0
BARUN,8/22/2024,385.1,397.9,385.0,388.0,-0.03,126774.0,401.5,298.0
BARUN,8/25/2024,388.0,394.9,372.0,380.0,-2.06,115333.0,401.5,298.0
BARUN,8/27/2024,373.1,384.5,350.0,352.0,-7.37,102228.0,401.5,298.0
BARUN,8/28/2024,356.0,380.0,356.0,360.0,2.27,90786.0,401.5,298.0
BARUN,8/29/2024,367.0,381.0,358.0,366.2,1.72,74219.0,401.5,298.0
BARUN,9/1/2024,366.3,380.0,355.0,359.0,-1.97,50475.0,401.5,298.0
BARUN,9/2/2024,359.0,377.0,357.4,375.2,4.51,52423.0,401.5,298.0
BARUN,9/3/2024,382.7,382.7,370.0,370.0,-1.39,67787.0,401.5,298.0
BARUN,9/4/2024,363.0,375.0,355.0,357.0,-3.51,48534.0,401.5,298.0
BARUN,9/5/2024,355.0,362.2,348.9,356.0,-0.28,47846.0,401.5,298.0
BARUN,9/8/2024,357.1,363.0,348.1,350.0,-1.69,25748.0,401.5,298.0
BARUN,9/9/2024,350.0,354.0,341.0,342.0,-2.29,28258.0,401.5,298.0
BARUN,9/10/2024,346.8,360.0,342.1,343.0,0.29,50946.0,401.5,298.0
BARUN,9/11/2024,349.8,349.8,333.3,338.0,-1.46,28024.0,401.5,298.0
BARUN,9/12/2024,336.0,351.0,336.0,351.0,3.85,34018.0,401.5,298.0
BARUN,9/15/2024,351.0,360.0,340.0,345.0,-1.71,33170.0,401.5,298.0
BARUN,9/16/2024,345.0,358.9,335.0,336.0,-2.61,37267.0,401.5,298.0
BARUN,9/18/2024,335.0,347.0,330.2,336.8,0.24,17840.0,401.5,298.0
BARUN,9/22/2024,343.5,349.8,335.0,338.0,0.36,20053.0,401.5,298.0
BARUN,9/23/2024,333.9,346.8,322.0,329.9,-2.4,38513.0,401.5,298.0
BARUN,9/24/2024,323.4,345.7,320.0,320.9,-2.73,38583.0,401.5,298.0
BARUN,9/25/2024,325.0,331.5,310.9,327.0,1.9,28468.0,401.5,298.0
BARUN,9/26/2024,330.0,353.0,324.0,326.5,-0.15,31968.0,401.5,298.0
BARUN,9/29/2024,320.0,327.4,312.2,322.0,-1.38,12012.0,401.5,298.0
BARUN,9/30/2024,328.0,328.0,320.2,325.0,0.93,12006.0,401.5,298.0
BARUN,10/1/2024,331.0,357.5,329.1,351.0,8.0,64081.0,401.5,298.0
BARUN,10/2/2024,356.0,377.4,341.0,350.0,-0.28,36582.0,401.5,298.0
BARUN,10/6/2024,350.0,375.0,348.0,358.0,2.29,14190.0,401.5,298.0
BARUN,10/7/2024,358.0,370.0,355.0,357.0,-0.28,17271.0,401.5,298.0
BARUN,10/8/2024,364.1,378.7,351.0,354.0,-0.84,14513.0,401.5,298.0
BARUN,10/9/2024,360.0,361.0,352.0,356.0,0.56,12345.0,401.5,298.0
BARUN,10/15/2024,361.0,361.0,349.0,356.7,0.2,5580.0,401.5,298.0
BARUN,10/16/2024,356.7,371.2,352.5,363.1,1.79,21157.0,401.5,298.0
BARUN,10/17/2024,356.2,384.9,356.1,365.0,0.52,34473.0,401.5,298.0
BARUN,10/20/2024,365.0,388.0,356.1,359.0,-1.64,31776.0,401.5,298.0
BARUN,10/21/2024,364.0,384.5,360.0,368.0,2.51,146784.0,401.5,298.0
BARUN,10/22/2024,370.0,399.9,369.0,385.1,4.65,99757.0,401.5,298.0
BARUN,10/23/2024,392.0,399.8,377.4,379.0,-1.58,42748.0,401.5,298.0
BARUN,10/24/2024,386.0,400.5,372.0,381.8,0.74,88467.0,401.5,298.0
BARUN,10/27/2024,382.0,398.0,378.1,394.0,3.2,90934.0,401.5,298.0
BARUN,10/28/2024,388.0,408.0,385.0,399.8,1.47,395284.0,401.5,298.0
BARUN,10/29/2024,407.0,408.0,390.1,399.9,0.03,64519.0,401.5,298.0
BARUN,10/30/2024,406.9,406.9,388.4,388.5,-2.85,62105.0,401.5,298.0
BARUN,11/5/2024,385.0,399.0,382.6,389.0,0.13,132959.0,401.5,298.0
BARUN,11/6/2024,396.6,398.0,386.0,392.0,0.77,23404.0,401.5,298.0
BARUN,11/10/2024,392.0,400.0,392.0,397.9,1.51,141978.0,401.5,298.0
BARUN,11/11/2024,404.9,411.9,397.4,399.0,0.28,84112.0,401.5,298.0
BARUN,11/12/2024,396.5,409.9,393.0,395.0,-1.0,46928.0,401.5,298.0
BARUN,11/13/2024,402.9,418.0,396.0,405.0,2.53,88280.0,401.5,298.0
BARUN,11/14/2024,405.0,432.0,400.0,418.7,3.38,234744.0,401.5,298.0
BARUN,11/17/2024,427.0,450.0,425.0,436.0,4.13,289892.0,401.5,298.0
BARUN,11/19/2024,441.7,444.7,416.1,423.0,-2.98,154821.0,401.5,298.0
BARUN,11/20/2024,430.0,444.5,417.0,433.0,2.36,110473.0,401.5,298.0
BARUN,11/21/2024,440.0,441.0,420.0,422.0,-2.54,67692.0,401.5,298.0
BARUN,11/24/2024,426.0,434.0,415.1,417.8,-1.0,72152.0,401.5,298.0
BARUN,11/25/2024,420.0,426.0,416.0,420.0,0.53,52981.0,401.5,298.0
BARUN,11/26/2024,428.0,433.0,418.0,430.0,2.38,84002.0,401.5,298.0
BARUN,11/27/2024,437.0,443.7,430.0,438.0,1.86,139861.0,401.5,298.0
BARUN,11/28/2024,441.9,441.9,426.0,426.2,-2.69,67545.0,401.5,298.0
BARUN,12/1/2024,418.0,435.0,415.0,434.0,1.83,92869.0,401.5,298.0
BARUN,12/2/2024,434.0,470.0,427.1,454.0,4.61,196903.0,401.5,298.0
BARUN,12/3/2024,463.0,472.0,454.0,457.0,0.66,85363.0,401.5,298.0
BARUN,12/4/2024,458.0,464.0,447.9,448.0,-1.97,93116.0,401.5,298.0
BARUN,12/5/2024,452.0,453.0,435.2,439.0,-2.01,103154.0,401.5,298.0
BARUN,12/8/2024,434.7,442.0,427.0,429.0,-2.28,76732.0,401.5,298.0
BARUN,12/9/2024,430.0,442.0,428.4,439.0,2.33,61045.0,401.5,298.0
BARUN,12/10/2024,443.9,443.9,431.0,431.3,-1.75,28562.0,401.5,298.0
BARUN,12/11/2024,431.4,439.8,431.2,439.8,1.97,43970.0,401.5,298.0
BARUN,12/12/2024,440.0,444.7,427.3,429.0,-2.46,68461.0,401.5,298.0
BARUN,12/16/2024,429.0,429.0,411.0,411.0,-4.2,107807.0,401.5,298.0
BARUN,12/17/2024,410.0,420.0,406.0,415.0,0.97,49519.0,401.5,298.0
BARUN,12/18/2024,420.0,420.0,412.0,416.0,0.24,21047.0,401.5,298.0
BARUN,12/19/2024,409.3,417.0,405.1,406.4,-2.31,26914.0,401.5,298.0
BARUN,12/22/2024,407.0,414.5,397.0,404.9,-0.37,96113.0,401.5,298.0
BARUN,12/23/2024,412.9,412.9,399.0,406.0,0.27,54335.0,401.5,298.0
BARUN,12/24/2024,409.9,411.9,400.0,411.0,1.23,147508.0,401.5,298.0
BARUN,12/26/2024,403.0,414.7,403.0,405.5,-1.34,29406.0,401.5,298.0
BARUN,12/29/2024,400.0,405.0,390.3,390.3,-3.75,51003.0,401.5,298.0
BARUN,12/31/2024,390.0,394.0,375.0,386.0,-1.1,47781.0,401.5,298.0
BARUN,1/1/2025,391.0,393.4,385.1,393.0,1.81,34264.0,401.5,298.0
BARUN,1/2/2025,395.0,405.0,390.3,405.0,3.05,28333.0,401.5,298.0
BARUN,1/5/2025,413.1,413.1,403.1,405.1,0.02,49585.0,401.5,298.0
BARUN,1/6/2025,412.9,415.9,406.1,415.9,2.67,63572.0,401.5,298.0
BARUN,1/7/2025,419.0,420.0,410.0,414.9,-0.24,45337.0,401.5,298.0
BARUN,1/8/2025,421.2,421.2,408.0,417.0,0.51,74048.0,401.5,298.0
BARUN,1/9/2025,416.0,422.0,413.1,419.0,0.48,78354.0,401.5,298.0
BARUN,1/12/2025,420.1,422.0,416.0,417.0,-0.48,34715.0,401.5,298.0
BARUN,1/13/2025,425.2,425.2,414.0,414.0,-0.72,35586.0,401.5,298.0
BARUN,1/15/2025,412.0,421.1,412.0,418.9,1.18,32243.0,401.5,298.0
BARUN,1/16/2025,423.8,435.0,419.7,433.0,3.37,112102.0,401.5,298.0
BARUN,1/19/2025,441.6,454.0,433.2,448.9,3.67,151807.0,401.5,298.0
BARUN,1/20/2025,456.0,458.0,442.0,444.5,-0.98,108498.0,401.5,298.0
BARUN,1/21/2025,445.0,450.0,432.1,434.0,-2.36,107558.0,401.5,298.0
BARUN,1/22/2025,427.0,450.0,427.0,446.0,2.76,201953.0,401.5,298.0
BARUN,1/23/2025,454.9,454.9,442.2,445.0,-0.22,84893.0,401.5,298.0
BARUN,1/26/2025,441.0,471.0,441.0,465.0,4.49,211799.0,401.5,298.0
BARUN,1/27/2025,471.8,478.9,455.7,457.0,-1.72,240606.0,401.5,298.0
BARUN,1/28/2025,466.0,467.0,450.0,461.3,0.94,319781.0,401.5,298.0
BARUN,2/2/2025,470.5,474.0,458.0,459.0,-0.5,140335.0,401.5,298.0
BARUN,2/3/2025,459.0,495.0,459.0,487.0,6.1,634620.0,401.5,298.0
BARUN,2/4/2025,495.5,524.0,495.5,506.0,3.9,281196.0,401.5,298.0
BARUN,2/5/2025,516.0,516.0,497.0,504.9,-0.22,166382.0,401.5,298.0
BARUN,2/6/2025,501.7,507.0,487.5,490.0,-2.95,377241.0,401.5,298.0
BARUN,2/9/2025,490.1,499.0,476.0,479.0,-2.24,232915.0,401.5,298.0
BARUN,2/10/2025,480.0,487.0,476.0,479.0,0.0,130551.0,401.5,298.0
BARUN,2/11/2025,469.5,494.0,469.5,492.0,2.71,139919.0,401.5,298.0
BARUN,2/12/2025,501.0,501.0,486.1,498.8,1.38,139686.0,401.5,298.0
BARUN,2/13/2025,508.7,508.7,488.0,489.0,-1.96,99329.0,401.5,298.0
BARUN,2/16/2025,495.0,496.9,483.1,484.0,-1.02,101195.0,401.5,298.0
BARUN,2/17/2025,488.0,493.5,476.5,478.5,-1.14,113458.0,401.5,298.0
BARUN,2/18/2025,469.0,488.0,469.0,474.8,-0.77,100611.0,401.5,298.0
BARUN,2/20/2025,471.2,474.0,465.0,466.0,-1.85,85244.0,401.5,298.0
BARUN,2/23/2025,456.7,468.0,450.2,468.0,0.43,113172.0,401.5,298.0
BARUN,2/24/2025,458.7,479.4,458.7,469.5,0.32,84184.0,401.5,298.0
BARUN,2/25/2025,465.0,479.9,465.0,468.1,-0.3,42981.0,401.5,298.0
BARUN,2/27/2025,475.0,488.0,466.0,486.0,3.82,118167.0,401.5,298.0
BARUN,3/2/2025,490.0,499.8,486.0,491.0,1.03,105833.0,401.5,298.0
BARUN,3/3/2025,481.2,499.0,480.6,484.0,-1.43,93442.0,401.5,298.0
BARUN,3/4/2025,488.0,515.0,481.0,511.1,5.6,350900.0,401.5,298.0
BARUN,3/5/2025,512.0,529.0,510.0,524.9,2.7,316456.0,401.5,298.0
BARUN,3/6/2025,530.0,535.0,517.4,533.0,1.54,214566.0,401.5,298.0
BARUN,3/9/2025,530.0,544.0,527.0,544.0,2.06,318008.0,401.5,298.0
BARUN,3/10/2025,544.0,550.0,534.0,540.0,-0.74,233563.0,401.5,298.0
BARUN,3/11/2025,538.1,550.0,518.8,530.0,-1.85,261679.0,401.5,298.0
BARUN,3/12/2025,540.6,540.6,520.0,527.0,-0.57,319765.0,401.5,298.0
BARUN,3/16/2025,530.0,535.9,517.7,520.0,-1.33,217169.0,401.5,298.0
BARUN,3/17/2025,519.2,523.9,513.0,513.3,-1.29,85271.0,401.5,298.0
BARUN,3/18/2025,519.0,522.9,513.0,514.2,0.18,44326.0,401.5,298.0
BARUN,3/19/2025,504.0,520.0,504.0,507.9,-1.23,44484.0,401.5,298.0
BARUN,3/20/2025,497.8,510.0,497.8,500.56,-1.45,95857.0,401.5,298.0
BARUN,3/23/2025,490.6,512.0,490.6,503.46,0.58,129509.0,401.5,298.0
BARUN,3/24/2025,498.3,510.0,498.3,506.93,0.69,89760.0,401.5,298.0
BARUN,3/25/2025,501.0,507.5,493.0,494.25,-2.5,102794.0,401.5,298.0
BARUN,3/26/2025,496.0,509.9,488.0,506.93,2.57,72931.0,401.5,298.0
BARUN,3/27/2025,500.4,517.0,500.4,514.49,1.49,110266.0,401.5,298.0
BARUN,3/30/2025,511.0,527.5,510.0,517.5,0.59,141806.0,401.5,298.0
BARUN,4/1/2025,516.0,520.0,504.9,507.78,-1.88,105487.0,401.5,298.0
BARUN,4/2/2025,505.2,520.0,505.2,511.28,0.69,74411.0,401.5,298.0
BARUN,4/3/2025,516.9,525.0,510.2,512.66,0.27,116887.0,401.5,298.0
BARUN,4/7/2025,512.6,517.0,504.0,505.45,-1.41,65513.0,401.5,298.0
BARUN,4/8/2025,506.0,511.4,495.1,509.39,0.78,65002.0,401.5,298.0
BARUN,4/9/2025,516.0,517.5,506.4,510.21,0.16,70138.0,401.5,298.0
BARUN,4/10/2025,505.0,532.0,505.0,522.63,2.43,253511.0,401.5,298.0
BARUN,4/13/2025,512.2,539.0,512.2,534.96,2.36,189820.0,401.5,298.0
BARUN,4/15/2025,530.0,561.0,530.0,556.91,4.1,295111.0,401.5,298.0
BARUN,4/16/2025,555.0,570.0,555.0,562.58,1.02,272845.0,401.5,298.0
BARUN,4/17/2025,573.8,573.8,550.6,556.9,-1.01,204061.0,401.5,298.0
BARUN,4/20/2025,556.0,561.0,547.2,556.74,-0.03,259021.0,401.5,298.0
BARUN,4/21/2025,545.7,574.0,545.7,560.37,0.65,229878.0,401.5,298.0
BARUN,4/22/2025,549.2,570.0,549.2,561.68,0.23,147206.0,401.5,298.0
BARUN,4/23/2025,561.0,564.9,550.0,554.87,-1.21,88906.0,401.5,298.0
BARUN,4/24/2025,548.1,577.3,548.1,575.95,3.8,329367.0,401.5,298.0
BARUN,4/27/2025,587.4,587.4,570.0,577.81,0.32,167774.0,401.5,298.0
BARUN,4/28/2025,566.4,589.0,551.0,562.4,-2.67,168084.0,401.5,298.0
BARUN,4/29/2025,551.3,573.5,551.3,562.37,-0.01,194394.0,401.5,298.0
BARUN,4/30/2025,556.0,579.9,556.0,575.87,2.4,239054.0,401.5,298.0
BARUN,5/4/2025,578.0,584.0,564.5,565.25,-1.84,90391.0,401.5,298.0
BARUN,5/5/2025,557.0,571.0,550.0,551.81,-2.38,442880.0,401.5,298.0
BARUN,5/6/2025,541.0,554.8,530.0,546.45,-0.97,254808.0,401.5,298.0
BARUN,5/7/2025,536.0,553.0,536.0,541.66,-0.88,85140.0,401.5,298.0
BARUN,5/8/2025,550.0,553.1,532.0,540.93,-0.13,150080.0,401.5,298.0
BARUN,5/11/2025,531.0,548.9,531.0,542.63,0.31,175249.0,401.5,298.0
BARUN,5/13/2025,532.0,553.9,530.0,530.74,-2.19,54334.0,401.5,298.0
BARUN,5/14/2025,540.0,540.0,520.2,525.2,-1.04,103433.0,401.5,298.0
BARUN,5/15/2025,523.0,560.0,520.0,539.89,2.8,101666.0,401.5,298.0
BARUN,5/18/2025,529.2,550.0,529.2,532.96,-1.28,112491.0,401.5,298.0
BARUN,5/19/2025,542.0,548.9,532.0,538.36,1.01,109982.0,401.5,298.0
BARUN,5/20/2025,528.0,549.0,528.0,539.77,0.26,120516.0,401.5,298.0
BARUN,5/21/2025,550.0,570.0,528.4,530.49,-1.72,304069.0,401.5,298.0
BARUN,5/22/2025,538.0,539.0,514.1,516.13,-2.71,174507.0,401.5,298.0
BARUN,5/25/2025,525.0,525.0,507.0,512.44,-0.71,87986.0,401.5,298.0
BARUN,5/26/2025,522.0,531.9,508.1,509.5,-0.57,55659.0,401.5,298.0
BARUN,5/27/2025,509.6,520.0,505.3,510.59,0.21,59476.0,401.5,298.0
BARUN,5/28/2025,518.9,523.8,514.0,518.95,1.64,91686.0,401.5,298.0
BARUN,6/2/2025,529.0,529.0,508.1,510.42,-1.64,107780.0,401.5,298.0
BARUN,6/3/2025,500.4,516.0,490.5,492.48,-3.51,122344.0,401.5,298.0
BARUN,6/4/2025,493.0,502.0,479.0,480.72,-2.39,412294.0,401.5,298.0
BARUN,6/5/2025,296.1,319.3,296.1,319.28,-33.58,437031.0,401.5,298.0
BARUN,6/8/2025,319.0,324.0,309.0,316.47,-0.88,114441.0,401.5,298.0
BARUN,6/9/2025,322.7,322.7,308.7,309.85,-2.09,157808.0,401.5,298.0
BARUN,6/10/2025,316.0,316.0,304.0,309.94,0.03,137293.0,401.5,298.0
BARUN,6/11/2025,316.1,339.0,308.0,323.79,4.47,266879.0,401.5,298.0
BARUN,6/12/2025,325.0,346.0,324.0,335.7,3.68,360344.0,401.5,298.0
BARUN,6/15/2025,335.0,369.2,335.0,368.74,9.84,405386.0,401.5,298.0
BARUN,6/16/2025,373.0,395.0,358.2,374.79,1.64,404153.0,401.5,298.0
BARUN,6/17/2025,374.0,381.0,361.0,366.7,-2.16,150066.0,401.5,298.0
BARUN,6/18/2025,374.0,392.0,361.0,387.92,5.79,271048.0,401.5,298.0
BARUN,6/19/2025,388.1,393.0,368.0,371.75,-4.17,182248.0,401.5,298.0
BARUN,6/22/2025,372.0,384.0,360.1,363.27,-2.28,220660.0,401.5,298.0
BARUN,6/23/2025,370.0,385.0,360.6,382.42,5.27,155833.0,401.5,298.0
BARUN,6/24/2025,390.0,390.0,368.0,370.54,-3.11,101960.0,401.5,298.0
BARUN,6/25/2025,377.9,377.9,366.0,368.95,-0.43,100504.0,401.5,298.0
BARUN,6/26/2025,370.0,405.8,370.0,401.88,8.93,711555.0,401.5,298.0
BARUN,6/29/2025,409.8,432.4,407.0,417.75,3.95,482013.0,401.5,298.0
BARUN,6/30/2025,410.0,416.9,401.8,412.48,-1.26,394714.0,401.5,298.0
BARUN,7/1/2025,420.0,450.8,415.0,447.18,8.41,499222.0,401.5,298.0
BARUN,7/2/2025,450.0,470.0,437.0,459.52,2.76,323119.0,401.5,298.0
BARUN,7/3/2025,450.4,473.0,439.0,445.87,-2.97,394434.0,401.5,298.0
BARUN,7/6/2025,454.7,455.0,433.0,434.75,-2.49,332394.0,401.5,298.0
BARUN,7/7/2025,426.1,448.0,421.5,425.87,-2.04,411469.0,401.5,298.0
BARUN,7/8/2025,434.0,435.0,414.0,425.76,-0.03,212330.0,401.5,298.0
BARUN,7/9/2025,430.0,458.9,430.0,452.2,6.21,330706.0,401.5,298.0
BARUN,7/10/2025,444.0,461.0,440.0,443.5,-1.92,350012.0,401.5,298.0
BARUN,7/13/2025,452.3,461.0,422.0,425.32,-4.1,290839.0,401.5,298.0
BARUN,7/14/2025,418.0,430.0,414.0,416.7,-2.03,239551.0,401.5,298.0
BARUN,7/15/2025,409.0,435.0,409.0,424.72,1.92,243869.0,401.5,298.0
BARUN,7/16/2025,433.0,433.0,415.5,418.13,-1.55,199925.0,401.5,298.0
BARUN,7/17/2025,409.8,449.8,409.8,420.95,0.67,285721.0,401.5,298.0
BARUN,7/20/2025,429.0,429.0,411.0,413.07,-1.87,243151.0,401.5,298.0
BARUN,7/21/2025,413.0,419.0,401.8,404.61,-2.05,186381.0,401.5,298.0
BARUN,7/22/2025,400.0,416.0,400.0,405.63,0.25,186485.0,401.5,298.0
BARUN,7/23/2025,406.0,418.1,401.0,413.87,2.03,160793.0,401.5,298.0
BARUN,7/24/2025,421.0,421.0,410.7,412.68,-0.29,130223.0,401.5,298.0
BARUN,7/27/2025,418.0,419.0,405.0,405.64,-1.71,183596.0,401.5,298.0
BARUN,7/28/2025,405.0,411.9,400.0,403.13,-0.62,161779.0,401.5,298.0
BARUN,7/29/2025,408.0,409.9,396.4,397.15,-1.48,175052.0,401.5,298.0
BARUN,7/30/2025,398.0,409.0,393.1,398.31,0.29,202949.0,401.5,298.0
BARUN,7/31/2025,400.0,403.8,388.0,389.39,-2.24,103878.0,401.5,298.0
BARUN,8/3/2025,383.0,388.8,376.0,377.17,-3.14,94736.0,401.5,298.0
BARUN,8/4/2025,375.0,383.9,368.0,374.73,-0.65,100911.0,401.5,298.0
BARUN,8/5/2025,378.0,380.0,361.0,362.53,-3.26,91324.0,401.5,298.0
BARUN,8/6/2025,362.6,367.0,355.0,356.54,-1.65,73727.0,401.5,298.0
BARUN,8/7/2025,363.6,392.1,363.0,391.41,9.78,252997.0,401.5,298.0
BARUN,8/11/2025,399.0,407.1,379.4,381.72,-2.48,96404.0,401.5,298.0
BARUN,8/12/2025,389.3,389.3,366.1,370.98,-2.81,133205.0,401.5,298.0
BARUN,8/13/2025,378.0,389.9,367.6,378.32,1.98,94905.0,401.5,298.0
BARUN,8/14/2025,385.0,385.8,372.0,377.82,-0.13,50776.0,401.5,298.0
BARUN,8/17/2025,379.0,385.3,366.0,367.05,-2.85,92414.0,401.5,298.0
BARUN,8/18/2025,374.0,379.3,364.7,370.59,0.96,61525.0,401.5,298.0
BARUN,8/19/2025,378.0,378.0,366.1,367.81,-0.75,68083.0,401.5,298.0
BARUN,8/20/2025,365.5,372.7,365.5,368.75,0.26,40547.0,401.5,298.0
BARUN,8/21/2025,376.0,376.0,363.0,363.91,-1.31,45896.0,401.5,298.0
BARUN,8/24/2025,369.8,369.8,354.0,355.57,-2.29,62759.0,401.5,298.0
BARUN,8/25/2025,359.0,365.1,351.0,357.64,0.58,42812.0,401.5,298.0
BARUN,8/26/2025,363.9,363.9,355.1,356.33,-0.37,26685.0,401.5,298.0
BARUN,8/27/2025,350.0,367.0,350.0,364.08,2.17,46788.0,401.5,298.0
BARUN,8/28/2025,370.0,370.0,356.8,357.29,-1.86,55432.0,401.5,298.0
BARUN,8/31/2025,357.0,360.0,351.0,351.56,-1.6,41907.0,401.5,298.0
BARUN,9/1/2025,348.0,359.9,346.0,349.24,-0.66,58359.0,401.5,298.0
BARUN,9/2/2025,352.0,354.0,343.0,343.26,-1.71,30393.0,401.5,298.0
BARUN,9/3/2025,345.0,345.0,333.0,334.0,-2.7,36573.0,401.5,298.0
BARUN,9/4/2025,340.0,340.0,328.1,330.66,-1.0,40126.0,401.5,298.0
BARUN,9/7/2025,328.0,331.8,325.6,327.5,-0.96,28502.0,401.5,298.0
BARUN,9/8/2025,328.0,328.9,315.0,315.7,-3.6,58850.0,401.5,298.0
BARUN,9/18/2025,309.4,310.0,298.0,298.0,-5.61,4220.0,401.5,298.0
BARUN,9/21/2025,292.1,325.0,292.1,320.56,7.57,79574.0,401.5,298.0
BARUN,9/23/2025,326.0,336.0,325.0,333.0,3.88,50717.0,401.5,298.0
BARUN,9/24/2025,333.0,335.0,326.5,327.0,-1.8,23042.0,401.5,298.0
BARUN,9/25/2025,321.1,332.0,321.1,324.0,-0.92,18462.0,401.5,298.0
BARUN,9/28/2025,318.0,342.0,318.0,337.0,4.01,29332.0,401.5,298.0
BARUN,10/7/2025,331.0,337.0,322.0,326.5,-3.12,27398.0,401.5,298.0
BARUN,10/8/2025,333.0,333.0,315.0,316.0,-3.22,48533.0,401.5,298.0
BARUN,10/9/2025,322.3,335.2,320.0,325.0,2.85,51162.0,401.5,298.0
BARUN,10/12/2025,320.0,328.0,310.0,312.0,-4.0,39644.0,401.5,298.0
BARUN,10/13/2025,310.0,322.0,310.0,317.9,1.89,26363.0,401.5,298.0
BARUN,10/14/2025,321.0,322.0,313.0,319.7,0.57,17864.0,401.5,298.0
BARUN,10/15/2025,313.5,315.0,310.4,313.0,-2.1,8508.0,401.5,298.0
BARUN,10/16/2025,307.0,320.0,306.0,306.0,-2.24,19122.0,401.5,298.0
BARUN,10/19/2025,311.0,311.0,306.0,306.0,0.0,13950.0,401.5,298.0
BARUN,10/26/2025,312.0,312.0,298.0,300.0,-1.96,17239.0,401.5,298.0
BARUN,10/28/2025,305.0,320.1,305.0,320.0,6.67,34491.0,401.5,298.0
BARUN,10/29/2025,322.0,326.0,315.9,317.0,-0.94,27860.0,401.5,298.0
BARUN,10/30/2025,311.0,326.0,311.0,322.0,1.58,40045.0,401.5,298.0
BARUN,11/2/2025,324.0,337.0,321.0,332.5,3.26,75783.0,401.5,298.0
BARUN,11/3/2025,334.0,350.0,334.0,339.9,2.23,78040.0,401.5,298.0
BARUN,11/4/2025,340.9,345.0,330.0,334.0,-1.74,37069.0,401.5,298.0
BARUN,11/5/2025,340.6,340.6,325.0,331.9,-0.63,39066.0,401.5,298.0
BARUN,11/6/2025,332.0,337.7,330.1,337.0,1.54,30919.0,401.5,298.0
BARUN,11/9/2025,337.0,337.0,328.0,328.0,-2.67,25099.0,401.5,298.0
BARUN,11/10/2025,325.0,332.5,321.5,328.0,0.0,28212.0,401.5,298.0
BARUN,11/11/2025,324.5,332.0,322.0,329.0,0.3,31123.0,401.5,298.0
BARUN,11/12/2025,330.0,351.9,330.0,340.0,3.34,107121.0,401.5,298.0
BARUN,11/13/2025,346.0,351.3,337.0,345.0,1.47,100161.0,401.5,298.0
BARUN,11/16/2025,340.0,340.0,325.6,332.2,-3.71,394977.0,401.5,298.0
BARUN,11/17/2025,332.0,338.0,327.0,334.2,0.6,154456.0,401.5,298.0
BARUN,11/18/2025,337.9,353.5,336.0,347.9,4.1,450595.0,401.5,298.0
BARUN,11/19/2025,349.0,372.0,341.9,344.9,-0.86,781840.0,401.5,298.0
BARUN,11/20/2025,345.0,352.0,333.0,343.0,-0.55,349895.0,401.5,298.0
BARUN,11/23/2025,349.8,351.0,343.2,348.0,1.46,262009.0,401.5,298.0
BARUN,11/24/2025,354.9,354.9,340.0,340.1,-2.27,281028.0,401.5,298.0
BARUN,11/25/2025,333.3,353.0,333.3,348.2,2.38,459880.0,401.5,298.0
BARUN,11/26/2025,343.0,364.0,343.0,359.0,3.1,445025.0,401.5,298.0
BARUN,11/27/2025,351.9,365.0,351.0,353.9,-1.42,378584.0,401.5,298.0
BARUN,11/30/2025,335.0,347.8,333.0,333.9,-5.65,280407.0,401.5,298.0
BARUN,12/1/2025,333.9,340.0,328.7,337.0,0.93,214761.0,401.5,298.0
BARUN,12/2/2025,330.3,343.9,330.3,337.0,0.0,241707.0,401.5,298.0
BARUN,12/3/2025,335.0,337.7,329.1,332.0,-1.48,224072.0,401.5,298.0
BARUN,12/7/2025,328.1,334.0,325.0,327.0,-1.51,97410.0,401.5,298.0
BARUN,12/8/2025,329.0,340.0,323.5,329.9,0.89,187032.0,401.5,298.0
BARUN,12/9/2025,330.0,331.0,323.9,324.2,-1.73,126144.0,401.5,298.0
BARUN,12/10/2025,330.6,330.6,320.0,321.0,-0.99,73807.0,401.5,298.0
BARUN,12/11/2025,327.4,327.4,317.0,319.8,-0.37,102361.0,401.5,298.0
BARUN,12/14/2025,315.0,322.0,314.0,315.0,-1.5,89551.0,401.5,298.0
BARUN,12/15/2025,308.7,322.0,308.7,318.0,0.95,76123.0,401.5,298.0
BARUN,12/16/2025,316.0,325.0,316.0,325.0,2.2,84224.0,401.5,298.0
BARUN,12/17/2025,325.0,329.0,320.0,322.9,-0.65,51579.0,401.5,298.0
BARUN,12/18/2025,327.0,327.0,316.0,316.1,-2.11,88020.0,401.5,298.0
BARUN,12/21/2025,321.0,321.0,313.1,313.1,-0.95,59934.0,401.5,298.0
BARUN,12/22/2025,314.0,314.9,310.2,312.0,-0.35,79267.0,401.5,298.0
BARUN,12/23/2025,311.0,316.0,310.2,314.0,0.64,51238.0,401.5,298.0
BARUN,12/24/2025,316.0,320.0,313.0,318.0,1.27,76264.0,401.5,298.0
BARUN,12/28/2025,318.0,324.0,315.1,321.0,0.94,75737.0,401.5,298.0
BARUN,12/29/2025,324.0,324.0,315.0,318.8,-0.69,95850.0,401.5,298.0
BARUN,12/31/2025,323.9,323.9,318.0,318.0,-0.25,62539.0,401.5,298.0
BARUN,1/1/2026,318.0,320.0,313.1,313.9,-1.29,64522.0,401.5,298.0
BARUN,1/4/2026,314.7,316.0,312.5,313.7,-0.06,64800.0,401.5,298.0
BARUN,1/5/2026,313.0,318.0,313.0,318.0,1.37,69500.0,401.5,298.0
BARUN,1/6/2026,320.9,322.8,318.6,320.8,0.88,144180.0,401.5,298.0
BARUN,1/7/2026,327.2,327.2,316.1,319.6,-0.37,56133.0,401.5,298.0
BARUN,1/8/2026,325.0,325.0,316.0,318.5,-0.34,82091.0,401.5,298.0
BARUN,1/12/2026,318.5,321.9,316.0,317.0,-0.47,98589.0,401.5,298.0
BARUN,1/13/2026,315.0,324.0,315.0,321.0,1.26,113255.0,401.5,298.0
BARUN,1/14/2026,314.6,329.6,314.6,323.2,0.69,120089.0,401.5,298.0
BARUN,1/18/2026,320.0,330.0,320.0,325.0,0.56,86031.0,401.5,298.0
BARUN,1/20/2026,331.5,337.0,329.0,331.7,2.06,144792.0,401.5,298.0
BARUN,1/21/2026,336.0,336.0,328.3,331.0,-0.21,129777.0,401.5,298.0
BARUN,1/22/2026,329.7,344.8,329.7,342.0,3.32,313975.0,401.5,298.0
BARUN,1/25/2026,335.2,376.2,335.2,375.0,9.65,508925.0,401.5,298.0
BARUN,1/26/2026,381.0,385.0,365.0,377.0,0.53,539022.0,401.5,298.0
BARUN,1/27/2026,369.5,380.0,362.1,362.1,-3.95,329126.0,401.5,298.0
BARUN,1/28/2026,363.0,375.0,355.1,369.5,2.04,315592.0,401.5,298.0
BARUN,1/29/2026,370.0,380.0,370.0,371.0,0.41,393269.0,401.5,298.0
BARUN,2/1/2026,370.2,375.0,359.0,365.0,-1.62,182981.0,401.5,298.0
BARUN,2/2/2026,362.1,370.0,359.0,363.0,-0.55,203987.0,401.5,298.0
BARUN,2/3/2026,355.8,383.5,355.8,378.0,4.13,601627.0,401.5,298.0
BARUN,2/4/2026,380.0,388.0,378.0,383.0,1.32,333505.0,401.5,298.0
BARUN,2/5/2026,383.0,388.0,377.1,379.5,-0.91,258473.0,401.5,298.0
BARUN,2/8/2026,380.0,385.0,366.0,367.7,-3.11,264907.0,401.5,298.0
BARUN,2/9/2026,375.0,375.0,358.0,363.9,-1.03,298000.0,401.5,298.0
BARUN,2/10/2026,363.9,369.8,356.0,358.0,-1.62,192605.0,401.5,298.0
BARUN,2/11/2026,365.1,368.2,358.0,368.0,2.79,138625.0,401.5,298.0
BARUN,2/12/2026,373.9,377.1,364.0,365.2,-0.76,193036.0,401.5,298.0
BARUN,2/16/2026,365.2,372.0,358.0,359.0,-1.7,92498.0,401.5,298.0
BARUN,2/17/2026,358.0,362.9,346.0,346.2,-3.57,159977.0,401.5,298.0
BARUN,2/22/2026,347.0,347.0,335.0,336.0,-2.95,131875.0,401.5,298.0
BARUN,2/23/2026,339.9,344.7,336.4,338.9,0.86,99661.0,401.5,298.0
BARUN,2/24/2026,340.0,344.0,339.0,342.9,1.18,59190.0,401.5,298.0
BARUN,2/25/2026,342.0,348.0,341.3,346.0,0.9,54797.0,401.5,298.0
BARUN,2/26/2026,352.0,352.0,342.0,345.0,-0.29,42095.0,401.5,298.0
BARUN,2/27/2026,352.0,352.0,342.0,345.0,0.0,42095.0,401.5,298.0
BARUN,2/28/2026,352.0,352.0,342.0,345.0,0.0,42095.0,401.5,298.0
BARUN,3/2/2026,340.1,347.5,339.0,346.8,0.52,81308.0,401.5,298.0
BARUN,3/3/2026,353.7,358.0,342.9,356.0,2.65,110562.0,401.5,298.0
BARUN,3/4/2026,353.7,358.0,342.9,356.0,0.0,110562.0,401.5,298.0
BARUN,3/5/2026,353.7,358.0,342.9,356.0,0.0,110562.0,401.5,298.0
BARUN,3/6/2026,353.7,358.0,342.9,356.0,0.0,110562.0,401.5,298.0
BARUN,3/7/2026,353.7,358.0,342.9,356.0,0.0,110562.0,401.5,298.0
BARUN,3/8/2026,353.7,358.0,342.9,356.0,0.0,110562.0,401.5,298.0
BARUN,3/9/2026,363.1,391.6,363.1,389.0,9.27,9867.0,401.5,298.0
BARUN,3/10/2026,390.0,390.0,367.9,374.0,-3.86,392373.0,401.5,298.0
BARUN,3/11/2026,367.0,381.3,367.0,369.0,-1.34,220773.0,401.5,298.0
BARUN,3/12/2026,367.0,377.3,367.0,375.0,1.63,206664.0,401.5,298.0
BARUN,3/13/2026,367.0,377.3,367.0,375.0,0.0,206664.0,401.5,298.0
BARUN,3/14/2026,367.0,377.3,367.0,375.0,0.0,206664.0,401.5,298.0
BARUN,3/15/2026,380.0,380.0,370.0,373.7,-0.35,146108.0,401.5,298.0
BARUN,3/16/2026,366.4,379.9,366.3,366.5,-1.93,224006.0,401.5,298.0
BARUN,3/17/2026,365.1,376.3,363.0,376.0,2.59,191406.0,401.5,298.0
BARUN,3/18/2026,365.1,376.3,363.0,376.0,0.0,191406.0,401.5,298.0
BARUN,3/19/2026,383.5,401.5,377.2,393.0,4.52,580488.0,401.5,298.0
BARUN,3/20/2026,383.5,401.5,377.2,393.0,0.0,580488.0,401.5,298.0
BARUN,3/21/2026,383.5,401.5,377.2,393.0,0.0,580488.0,401.5,298.0
BARUN,3/22/2026,400.0,400.0,383.0,390.0,-0.76,370739.0,401.5,298.0
BARUN,3/23/2026,392.0,392.0,382.1,389.8,-0.05,167200.0,401.5,298.0
BARUN,3/24/2026,391.0,395.0,385.0,389.0,-0.21,148706.0,401.5,298.0
BARUN,3/25/2026,396.7,396.7,380.0,380.0,-2.31,142096.0,401.5,298.0
BARUN,3/26/2026,380.0,382.9,375.6,381.2,0.32,118257.0,401.5,298.0
BARUN,3/29/2026,373.6,385.0,366.0,367.0,-1.77,187101.0,401.5,298.0
BARUN,3/30/2026,365.0,372.0,360.0,360.8,-1.15,149191.0,401.5,298.0
BARUN,3/31/2026,358.1,368.0,353.7,360.0,0.53,117194.0,401.5,298.0
BARUN,4/1/2026,361.0,362.0,345.0,346.1,-4.13,145292.0,401.5,298.0
BARUN,4/2/2026,352.0,359.0,340.0,353.0,0.28,185301.0,401.5,298.0
BARUN,4/5/2026,346.0,350.0,332.9,334.0,-3.47,172225.0,401.5,298.0
BARUN,4/6/2026,334.0,360.8,334.0,357.0,6.89,178742.0,401.5,298.0
BARUN,4/7/2026,359.9,364.0,350.5,353.0,-1.92,93867.0,401.5,298.0
BARUN,4/8/2026,354.0,363.5,353.0,360.0,1.69,97047.0,401.5,298.0
BARUN,4/9/2026,362.0,377.0,357.1,377.0,4.14,186472.0,401.5,298.0
BARUN,4/10/2026,376.9,376.9,366.0,367.8,-2.41,127441.0,401.5,298.0
BARUN,4/13/2026,375.1,375.1,367.0,369.9,-1.39,103996.0,401.5,298.0
BARUN,4/15/2026,372.0,377.0,369.9,369.9,-0.56,107080.0,401.5,298.0
BARUN,4/16/2026,369.9,374.0,358.7,361.8,-2.19,107213.0,401.5,298.0
BARUN,4/17/2026,360.0,367.0,356.4,361.0,0.28,80257.0,401.5,298.0
BARUN,4/20/2026,361.0,361.0,355.0,357.5,-0.97,33199.0,401.5,298.0
BARUN,4/21/2026,357.5,360.0,348.5,350.0,-2.1,49973.0,401.5,298.0
BARUN,4/22/2026,349.0,358.0,340.7,349.0,0.0,136267.0,401.5,298.0
BARUN,4/23/2026,350.1,353.9,343.0,346.0,-1.17,26706.0,401.5,298.0
BARUN,4/24/2026,345.0,350.0,339.0,346.0,0.29,62666.0,401.5,298.0
BARUN,4/27/2026,346.0,352.0,346.8,347.6,0.46,37471.0,401.5,298.0
BARUN,4/28/2026,347.6,352.0,343.0,345.0,-0.75,44295.0,401.5,298.0
BARUN,4/29/2026,345.0,347.0,340.3,341.5,-1.01,34851.0,401.5,298.0
BARUN,4/30/2026,341.5,345.0,335.0,340.0,-0.44,69616.0,401.5,298.0
BARUN,5/4/2026,340.0,345.0,334.1,335.0,-1.47,51703.0,401.5,298.0
BARUN,5/5/2026,333.5,344.0,330.1,338.0,1.35,29737.0,401.5,298.0
BARUN,5/6/2026,341.8,343.8,336.0,338.0,-1.11,17549.0,401.5,298.0
BARUN,5/7/2026,340.0,340.0,335.6,336.0,-1.18,18731.0,401.5,298.0
BARUN,5/8/2026,338.0,343.0,337.0,341.9,1.15,31872.0,401.5,298.0
BARUN,5/11/2026,342.2,354.0,342.2,351.7,2.78,46771.0,401.5,298.0
BARUN,5/12/2026,358.0,358.0,340.0,343.0,-4.19,63164.0,401.5,298.0
BARUN,5/13/2026,341.0,345.0,338.1,344.9,1.14,22078.0,401.5,298.0
BARUN,5/14/2026,342.0,346.6,342.0,346.0,1.17,15533.0,401.5,298.0
BARUN,5/15/2026,340.0,347.9,340.0,346.0,1.76,24494.0,401.5,298.0
BARUN,5/18/2026,345.0,349.0,344.0,345.3,0.09,19952.0,401.5,298.0
BARUN,5/19/2026,345.0,345.5,341.3,344.0,-0.29,37520.0,401.5,298.0
BARUN,5/20/2026,344.1,350.0,343.0,349.6,1.6,34512.0,401.5,298.0
BARUN,5/21/2026,353.9,353.9,346.0,348.0,-1.67,29335.0,401.5,298.0
BARUN,5/22/2026,345.3,352.0,345.3,351.1,1.68,31059.0,401.5,298.0
BARUN,5/25/2026,352.0,359.0,351.0,357.5,1.56,38509.0,401.5,298.0
BARUN,5/26/2026,357.2,358.8,350.3,352.1,-1.43,29521.0,401.5,298.0
BARUN,5/27/2026,353.0,354.8,350.0,352.0,-0.28,49801.0,401.5,298.0
BARUN,6/1/2026,353.0,354.8,343.0,343.1,-2.8,33356.0,401.5,298.0
BARUN,6/2/2026,341.0,347.0,340.0,345.0,1.17,29470.0,401.5,298.0
BARUN,6/3/2026,345.0,351.2,345.0,348.0,0.87,42909.0,401.5,298.0
BARUN,6/4/2026,349.0,349.0,343.3,345.0,-1.15,17770.0,401.5,298.0
BARUN,6/5/2026,347.8,347.8,340.0,340.0,-2.24,41713.0,401.5,298.0
BARUN,6/8/2026,338.0,340.0,336.2,339.0,0.3,22442.0,401.5,298.0
BARUN,6/9/2026,337.9,344.7,335.2,341.0,0.92,36592.0,401.5,298.0
BARUN,6/10/2026,345.0,345.0,340.0,340.0,-1.45,28899.0,401.5,298.0
BARUN,6/11/2026,342.0,342.0,338.2,340.0,-0.58,15415.0,401.5,298.0
BARUN,6/12/2026,340.0,345.0,337.9,339.0,-0.29,23856.0,401.5,298.0
BARUN,6/15/2026,340.0,344.9,336.5,337.0,-0.88,24208.0,401.5,298.0
BARUN,6/16/2026,336.5,339.9,336.0,336.0,-0.15,36785.0,401.5,298.0
BARUN,6/17/2026,336.3,340.0,335.0,335.0,-0.39,32750.0,401.5,298.0
BARUN,6/18/2026,336.9,336.9,333.0,334.0,-0.86,36220.0,401.5,298.0
BARUN,6/19/2026,335.0,336.2,332.0,333.9,-0.33,14469.0,401.5,298.0
BARUN,6/22/2026,336.4,338.8,331.9,333.6,-0.83,19940.0,401.5,298.0
BARUN,6/23/2026,331.0,333.7,327.0,330.0,-0.3,46750.0,401.5,298.0
BARUN,6/24/2026,337.0,337.0,320.3,329.0,-2.37,38770.0,401.5,298.0
BARUN,6/26/2026,322.0,329.9,322.0,325.0,0.93,12410.0,401.5,298.0
BARUN,6/29/2026,322.5,325.0,318.0,319.0,-1.09,35284.0,401.5,298.0
BARUN,6/30/2026,319.5,320.0,314.0,314.0,-1.72,20598.0,401.5,298.0
BARUN,7/1/2026,316.0,326.0,316.0,321.0,1.58,31213.0,401.5,298.0
BARUN,7/2/2026,323.0,325.0,320.0,322.0,-0.31,12825.0,401.5,298.0
BARUN,7/3/2026,323.0,324.9,321.5,323.5,0.15,12129.0,401.5,298.0
BARUN,7/6/2026,324.0,324.0,318.0,319.0,-1.54,18658.0,401.5,298.0
BARUN,7/7/2026,322.0,324.9,318.3,322.0,0.0,20307.0,401.5,298.0
BARUN,7/8/2026,319.1,319.1,315.1,317.0,-0.66,22653.0,401.5,298.0
BARUN,7/9/2026,315.2,320.0,312.0,312.0,-1.02,32332.0,401.5,298.0
BARUN,7/10/2026,310.0,317.5,310.0,314.0,1.29,23299.0,401.5,298.0
BARUN,7/13/2026,317.0,317.7,308.0,308.7,-2.62,31972.0,401.5,298.0
BARUN,7/14/2026,308.0,316.9,307.2,312.0,1.3,20668.0,401.5,298.0
BARUN,7/15/2026,318.9,318.9,313.3,316.0,-0.91,32991.0,401.5,298.0
BARUN,7/16/2026,314.1,319.9,314.1,319.9,1.85,18636.0,401.5,298.0
BARUN,7/17/2026,322.0,335.0,317.0,334.1,3.76,36444.0,401.5,298.0
BARUN,7/20/2026,330.8,340.0,329.0,338.0,2.18,58226.0,401.5,298.0
BARUN,7/21/2026,335.1,340.0,334.0,339.0,1.16,33137.0,401.5,298.0
BARUN,7/22/2026,330.0,339.0,327.0,335.0,1.52,29119.0,401.5,298.0
BARUN,7/23/2026,331.0,335.0,328.0,335.0,1.21,27519.0,401.5,298.0
BARUN,7/24/2026,318.3,340.0,318.3,334.0,4.93,24615.0,401.5,298.0
BARUN,7/27/2026,335.0,335.4,324.0,325.0,-2.99,28368.0,401.5,298.0
BARUN,7/28/2026,323.1,326.5,322.5,324.2,0.34,26443.0,401.5,298.0
BARUN,7/29/2026,325.0,333.0,323.0,325.9,0.28,14537.0,401.5,298.0
BARUN,7/30/2026,325.0,329.9,323.0,323.1,-0.58,21015.0,401.5,298.0
BARUN,7/31/2026,321.0,327.0,320.0,323.0,0.62,21104.0,401.5,298.0
BARUN,8/3/2026,332.6,332.6,323.7,325.1,-2.25,16158.0,401.5,298.0
BARUN,8/4/2026,321.0,327.0,320.0,322.9,0.59,16510.0,401.5,298.0
BARUN,8/5/2026,322.0,325.0,322.0,324.0,0.62,6273.0,401.5,298.0
BARUN,8/6/2026,318.0,326.0,318.0,322.7,1.48,28888.0,401.5,298.0
BARUN,8/7/2026,321.1,323.0,319.1,321.2,0.03,16558.0,401.5,298.0
BARUN,8/10/2026,318.2,322.9,318.0,318.7,0.16,13245.0,401.5,298.0
BARUN,8/11/2026,320.0,323.3,318.2,319.1,-0.28,14010.0,401.5,298.0
BARUN,8/12/2026,319.1,323.9,317.1,317.5,-0.5,16723.0,401.5,298.0
BARUN,8/13/2026,318.1,326.0,316.5,323.0,1.54,27331.0,401.5,298.0
BARUN,8/14/2026,325.0,326.0,320.0,320.0,-1.54,15063.0,401.5,298.0
BARUN,8/17/2026,320.0,323.0,316.2,316.2,-1.19,20750.0,401.5,298.0
BARUN,8/18/2026,320.0,325.6,315.0,317.0,-0.94,19590.0,401.5,298.0
BARUN,8/19/2026,323.9,323.9,313.0,316.8,-2.19,16923.0,401.5,298.0
BARUN,8/20/2026,316.0,318.5,312.2,317.0,0.32,17115.0,401.5,298.0
BARUN,8/21/2026,320.0,324.0,320.0,320.1,0.03,38157.0,401.5,298.0
BARUN,8/24/2026,318.0,321.0,315.0,316.2,-0.57,31105.0,401.5,298.0
BARUN,8/25/2026,320.0,323.9,316.3,318.0,-0.62,25425.0,401.5,298.0
BARUN,8/26/2026,315.0,316.9,310.0,310.0,-1.59,32146.0,401.5,298.0
BARUN,8/27/2026,307.2,316.0,304.0,313.9,2.18,32387.0,401.5,298.0
BARUN,8/31/2026,312.0,313.0,306.0,309.0,-0.96,28623.0,401.5,298.0
BARUN,9/1/2026,310.0,311.0,300.1,307.0,-0.97,18271.0,401.5,298.0
BARUN,9/2/2026,301.4,309.0,301.4,308.5,2.36,6097.0,401.5,298.0
BARUN,9/3/2026,308.0,313.0,305.8,307.0,-0.32,27286.0,401.5,298.0
BARUN,9/7/2026,314.9,314.9,308.1,312.0,-0.92,20989.0,401.5,298.0
BARUN,9/9/2026,309.3,314.0,309.0,309.0,-0.1,32939.0,401.5,298.0
BARUN,9/10/2026,306.6,311.0,306.6,310.8,1.37,12916.0,401.5,298.0
BARUN,9/11/2026,308.9,319.0,308.9,319.0,3.27,42924.0,401.5,298.0
BARUN,9/14/2026,325.0,327.9,315.0,319.2,-1.78,57989.0,401.5,298.0
BARUN,9/15/2026,335.1,340.0,325.0,332.0,-0.93,95942.0,401.5,298.0
BARUN,9/16/2026,332.0,335.0,325.6,328.0,-1.2,60054.0,401.5,298.0
BARUN,9/17/2026,329.0,334.8,325.2,327.0,-0.61,44988.0,401.5,298.0
BARUN,9/18/2026,328.0,337.9,325.3,335.0,2.13,86254.0,401.5,298.0
BARUN,9/22/2026,334.0,339.0,330.0,335.0,0.3,44395.0,401.5,298.0
BARUN,9/23/2026,318.3,335.8,318.3,329.0,3.36,54580.0,401.5,298.0
BARUN,9/24/2026,316.0,332.1,316.0,326.0,3.16,17555.0,401.5,298.0
BARUN,9/28/2026,326.0,332.0,323.1,330.0,1.23,59713.0,401.5,298.0
BARUN,9/29/2026,346.5,346.5,325.0,0.0,-100.0,31338.0,401.5,298.0
BARUN,9/30/2026,326.0,329.7,325.0,327.0,0.31,24334.0,401.5,298.0
BARUN,10/1/2026,329.8,331.9,326.0,331.0,0.36,46739.0,401.5,298.0
BARUN,10/2/2026,330.9,331.0,325.9,326.0,-1.48,21968.0,401.5,298.0
BBC,12/21/2025,4790.1,4873.0,4790.1,4820.1,,291.0,5600.0,3825.0
BBC,12/22/2025,4820.0,4865.7,4811.0,4850.0,0.62,80.0,5600.0,3825.0
BBC,12/23/2025,4859.0,4859.0,4820.0,4850.0,0.0,123.0,5600.0,3825.0
BBC,12/24/2025,4755.1,4938.9,4755.1,4864.0,0.29,234.0,5600.0,3825.0
BBC,12/28/2025,4900.0,4900.0,4820.7,4896.6,0.67,156.0,5600.0,3825.0
BBC,12/29/2025,4800.0,4895.6,4800.0,4860.0,-0.75,260.0,5600.0,3825.0
BBC,12/31/2025,4860.0,4888.7,4840.0,4877.0,0.35,166.0,5600.0,3825.0
BBC,1/1/2026,4829.0,4869.0,4795.0,4818.9,-1.19,417.0,5600.0,3825.0
BBC,1/4/2026,4847.0,4848.0,4755.0,4839.0,0.42,135.0,5600.0,3825.0
BBC,1/5/2026,4766.0,4860.0,4766.0,4848.0,0.19,332.0,5600.0,3825.0
BBC,1/6/2026,4779.0,4879.9,4779.0,4877.9,0.62,497.0,5600.0,3825.0
BBC,1/7/2026,4785.1,4888.7,4785.1,4880.0,0.04,280.0,5600.0,3825.0
BBC,1/8/2026,4831.0,4890.0,4806.0,4865.0,-0.31,390.0,5600.0,3825.0
BBC,1/12/2026,4802.0,4874.3,4769.0,4800.0,-1.34,853.0,5600.0,3825.0
BBC,1/13/2026,4880.0,4880.0,4800.0,4850.0,1.04,540.0,5600.0,3825.0
BBC,1/14/2026,4800.0,4899.8,4800.0,4886.0,0.74,340.0,5600.0,3825.0
BBC,1/18/2026,4797.0,4920.0,4796.0,4914.0,0.57,649.0,5600.0,3825.0
BBC,1/20/2026,4926.0,4951.0,4850.0,4934.0,0.41,733.0,5600.0,3825.0
BBC,1/21/2026,4966.7,4966.7,4860.0,4860.0,-1.5,277.0,5600.0,3825.0
BBC,1/22/2026,4820.0,4932.0,4801.0,4801.0,-1.21,1078.0,5600.0,3825.0
BBC,1/25/2026,4890.0,4890.0,4805.0,4878.3,1.61,661.0,5600.0,3825.0
BBC,1/26/2026,4964.9,4965.0,4816.0,4878.0,-0.01,492.0,5600.0,3825.0
BBC,1/27/2026,4895.0,4895.0,4809.0,4854.0,-0.49,312.0,5600.0,3825.0
BBC,1/28/2026,4878.0,4878.0,4781.0,4856.6,0.05,254.0,5600.0,3825.0
BBC,1/29/2026,4856.6,4878.0,4808.1,4848.9,-0.16,275.0,5600.0,3825.0
BBC,2/1/2026,4802.3,4900.0,4802.3,4879.0,0.62,1088.0,5600.0,3825.0
BBC,2/2/2026,4790.0,4970.0,4790.0,4883.0,0.08,957.0,5600.0,3825.0
BBC,2/3/2026,4900.0,4900.0,4786.4,4859.0,-0.49,655.0,5600.0,3825.0
BBC,2/4/2026,4762.0,4925.0,4762.0,4889.0,0.62,708.0,5600.0,3825.0
BBC,2/5/2026,4800.0,4894.4,4800.0,4865.0,-0.49,452.0,5600.0,3825.0
BBC,2/8/2026,4811.0,4888.9,4778.0,4800.0,-1.34,1287.0,5600.0,3825.0
BBC,2/9/2026,4859.0,4859.0,4773.3,4815.9,0.33,280.0,5600.0,3825.0
BBC,2/10/2026,4773.4,4909.9,4773.4,4843.0,0.56,330.0,5600.0,3825.0
BBC,2/11/2026,4770.0,4865.0,4770.0,4826.0,-0.35,170.0,5600.0,3825.0
BBC,2/12/2026,4820.0,4840.0,4768.0,4817.0,-0.19,460.0,5600.0,3825.0
BBC,2/16/2026,4769.0,4834.0,4769.0,4780.0,-0.77,322.0,5600.0,3825.0
BBC,2/17/2026,4825.0,4837.0,4750.0,4793.0,0.27,547.0,5600.0,3825.0
BBC,2/22/2026,4700.0,4794.0,4515.1,4600.0,-4.03,2702.0,5600.0,3825.0
BBC,2/23/2026,4692.0,4739.0,4600.0,4600.0,0.0,812.0,5600.0,3825.0
BBC,2/24/2026,4659.0,4689.0,4601.0,4670.0,1.52,156.0,5600.0,3825.0
BBC,2/25/2026,4600.5,4683.7,4600.5,4607.2,-1.34,431.0,5600.0,3825.0
BBC,2/26/2026,4695.9,4695.9,4600.0,4620.0,0.28,626.0,5600.0,3825.0
BBC,2/27/2026,4695.9,4695.9,4600.0,4620.0,0.0,626.0,5600.0,3825.0
BBC,2/28/2026,4695.9,4695.9,4600.0,4620.0,0.0,626.0,5600.0,3825.0
BBC,3/2/2026,4601.0,4696.5,4582.0,4668.0,1.04,301.0,5600.0,3825.0
BBC,3/3/2026,4581.4,4748.9,4581.4,4621.0,-1.01,1051.0,5600.0,3825.0
BBC,3/4/2026,4581.4,4748.9,4581.4,4621.0,0.0,1051.0,5600.0,3825.0
BBC,3/5/2026,4581.4,4748.9,4581.4,4621.0,0.0,1051.0,5600.0,3825.0
BBC,3/6/2026,4581.4,4748.9,4581.4,4621.0,0.0,1051.0,5600.0,3825.0
BBC,3/7/2026,4581.4,4748.9,4581.4,4621.0,0.0,1051.0,5600.0,3825.0
BBC,3/8/2026,4581.4,4748.9,4581.4,4621.0,0.0,1051.0,5600.0,3825.0
BBC,3/9/2026,4713.0,5000.0,4713.0,5000.0,8.2,70.0,5600.0,3825.0
BBC,3/10/2026,5050.0,5050.0,4793.0,4890.0,-2.2,1394.0,5600.0,3825.0
BBC,3/11/2026,4792.6,4886.9,4710.0,4715.9,-3.56,815.0,5600.0,3825.0
BBC,3/12/2026,4701.0,4789.9,4701.0,4726.0,0.21,378.0,5600.0,3825.0
BBC,3/13/2026,4701.0,4789.9,4701.0,4726.0,0.0,378.0,5600.0,3825.0
BBC,3/14/2026,4701.0,4789.9,4701.0,4726.0,0.0,378.0,5600.0,3825.0
BBC,3/15/2026,4720.0,5187.0,4701.0,4867.0,2.98,1802.0,5600.0,3825.0
BBC,3/16/2026,4890.0,4890.0,4792.2,4858.6,-0.17,470.0,5600.0,3825.0
BBC,3/17/2026,4918.0,4918.0,4773.0,4843.0,-0.32,222.0,5600.0,3825.0
BBC,3/18/2026,4918.0,4918.0,4773.0,4843.0,0.0,222.0,5600.0,3825.0
BBC,3/19/2026,4910.0,4910.0,4794.0,4858.0,0.31,872.0,5600.0,3825.0
BBC,3/20/2026,4910.0,4910.0,4794.0,4858.0,0.0,872.0,5600.0,3825.0
BBC,3/21/2026,4910.0,4910.0,4794.0,4858.0,0.0,872.0,5600.0,3825.0
BBC,3/22/2026,4870.0,4900.0,4851.1,4851.1,-0.14,594.0,5600.0,3825.0
BBC,3/23/2026,4939.9,4939.9,4800.0,4821.0,-0.62,593.0,5600.0,3825.0
BBC,3/24/2026,4887.9,5303.0,4850.0,5299.0,9.91,5425.0,5600.0,3825.0
BBC,3/25/2026,5200.0,5600.0,5100.0,5499.0,3.77,6884.0,5600.0,3825.0
BBC,3/26/2026,5391.0,5495.0,5202.0,5332.0,-1.09,1209.0,5600.0,3825.0
BBC,3/29/2026,5225.4,5300.0,5067.6,5200.0,-0.49,1472.0,5600.0,3825.0
BBC,3/30/2026,5096.0,5187.0,4994.0,5063.0,-0.65,1386.0,5600.0,3825.0
BBC,3/31/2026,4966.0,5479.0,4905.0,5100.0,2.7,927.0,5600.0,3825.0
BBC,4/1/2026,5100.0,5197.0,4850.0,4886.0,-4.2,853.0,5600.0,3825.0
BBC,4/2/2026,4801.0,5082.0,4791.0,5024.0,4.64,572.0,5600.0,3825.0
BBC,4/5/2026,5024.0,5024.0,4729.5,4837.0,-3.72,1686.0,5600.0,3825.0
BBC,4/6/2026,4827.0,4998.0,4827.0,4958.0,2.71,558.0,5600.0,3825.0
BBC,4/7/2026,5050.0,5050.0,4859.0,4859.0,-3.78,584.0,5600.0,3825.0
BBC,4/8/2026,4956.1,4956.1,4798.1,4888.0,-1.37,964.0,5600.0,3825.0
BBC,4/9/2026,4968.0,5060.0,4869.7,4912.0,-1.13,1044.0,5600.0,3825.0
BBC,4/10/2026,4960.0,5006.7,4857.0,4857.0,-2.08,712.0,5600.0,3825.0
BBC,4/13/2026,4775.0,4931.0,4775.0,4851.1,1.59,472.0,5600.0,3825.0
BBC,4/15/2026,4928.9,5000.0,4920.0,4969.0,0.81,435.0,5600.0,3825.0
BBC,4/16/2026,4975.0,4975.0,4851.0,4910.0,-1.31,562.0,5600.0,3825.0
BBC,4/17/2026,4968.8,4968.8,4835.0,4914.0,-1.1,161.0,5600.0,3825.0
BBC,4/20/2026,4780.1,4990.0,4780.1,4945.0,3.45,660.0,5600.0,3825.0
BBC,4/21/2026,4836.0,4920.0,4785.0,4895.0,1.22,400.0,5600.0,3825.0
BBC,4/22/2026,4774.0,4900.0,4774.0,4839.9,1.38,315.0,5600.0,3825.0
BBC,4/23/2026,4880.0,4900.0,4790.0,4864.0,-0.33,459.0,5600.0,3825.0
BBC,4/24/2026,4755.0,4889.9,4719.0,4888.8,2.81,488.0,5600.0,3825.0
BBC,4/27/2026,4888.8,4896.0,4780.1,4799.0,-1.84,372.0,5600.0,3825.0
BBC,4/28/2026,4799.0,5242.0,4757.1,4780.0,-0.4,511.0,5600.0,3825.0
BBC,4/29/2026,4780.0,4884.0,4755.1,4841.0,1.28,515.0,5600.0,3825.0
BBC,4/30/2026,4840.0,4840.0,4710.0,4814.9,-0.52,130.0,5600.0,3825.0
BBC,5/4/2026,4730.2,4830.0,4700.2,4750.0,0.42,459.0,5600.0,3825.0
BBC,5/5/2026,4701.2,4814.0,4701.2,4730.0,0.61,240.0,5600.0,3825.0
BBC,5/6/2026,4831.0,4831.0,4707.0,4715.1,-2.4,321.0,5600.0,3825.0
BBC,5/7/2026,4814.0,4814.0,4722.1,4799.0,-0.31,301.0,5600.0,3825.0
BBC,5/8/2026,4844.0,4844.0,4740.0,4795.0,-1.01,351.0,5600.0,3825.0
BBC,5/11/2026,4849.0,4849.0,4746.0,4848.8,-0.0,381.0,5600.0,3825.0
BBC,5/12/2026,4900.0,4948.0,4731.0,4733.1,-3.41,575.0,5600.0,3825.0
BBC,5/13/2026,4833.0,4833.0,4731.3,4800.0,-0.68,251.0,5600.0,3825.0
BBC,5/14/2026,4705.0,4820.0,4705.0,4813.6,2.31,100.0,5600.0,3825.0
BBC,5/15/2026,4830.0,4844.0,4728.0,4830.0,0.0,139.0,5600.0,3825.0
BBC,5/18/2026,4888.0,4888.0,4734.5,4805.0,-1.7,96.0,5600.0,3825.0
BBC,5/19/2026,4826.0,4836.0,4726.0,4742.1,-1.74,364.0,5600.0,3825.0
BBC,5/20/2026,4826.0,4826.0,4745.0,4820.0,-0.12,148.0,5600.0,3825.0
BBC,5/21/2026,4850.0,4949.0,4765.0,4820.0,-0.62,171.0,5600.0,3825.0
BBC,5/22/2026,4833.0,4833.0,4750.2,4800.0,-0.68,135.0,5600.0,3825.0
BBC,5/25/2026,4818.9,4832.9,4766.1,4815.0,-0.08,215.0,5600.0,3825.0
BBC,5/26/2026,4800.0,4823.9,4755.0,4810.0,0.21,200.0,5600.0,3825.0
BBC,5/27/2026,4879.0,4880.0,4751.0,4836.0,-0.88,391.0,5600.0,3825.0
BBC,6/1/2026,4600.0,4738.0,4466.0,4515.0,-1.85,2775.0,5600.0,3825.0
BBC,6/2/2026,4500.0,4600.0,4271.1,4580.0,1.78,3117.0,5600.0,3825.0
BBC,6/3/2026,4444.0,4599.0,4444.0,4570.0,2.84,480.0,5600.0,3825.0
BBC,6/4/2026,4570.0,4584.0,4457.0,4482.1,-1.92,258.0,5600.0,3825.0
BBC,6/5/2026,4482.1,4510.0,4400.0,4475.0,-0.16,493.0,5600.0,3825.0
BBC,6/8/2026,4388.1,4450.0,4296.0,4388.0,-0.0,1266.0,5600.0,3825.0
BBC,6/9/2026,4425.0,4425.0,4206.0,4370.0,-1.24,1549.0,5600.0,3825.0
BBC,6/10/2026,4261.0,4388.0,4261.0,4350.0,2.09,198.0,5600.0,3825.0
BBC,6/11/2026,4310.0,4340.0,4291.1,4292.0,-0.42,266.0,5600.0,3825.0
BBC,6/12/2026,4300.0,4324.9,4218.0,4310.0,0.23,341.0,5600.0,3825.0
BBC,6/15/2026,4310.0,4310.0,4234.0,4250.0,-1.39,140.0,5600.0,3825.0
BBC,6/16/2026,4400.0,4400.0,4186.0,4269.0,-2.98,220.0,5600.0,3825.0
BBC,6/17/2026,4100.0,4289.0,4100.0,4240.0,3.41,160.0,5600.0,3825.0
BBC,6/18/2026,4270.0,4270.0,4175.0,4254.0,-0.37,348.0,5600.0,3825.0
BBC,6/19/2026,4285.0,4300.0,4181.0,4285.0,0.0,496.0,5600.0,3825.0
BBC,6/22/2026,4349.0,4349.0,4191.1,4325.0,-0.55,694.0,5600.0,3825.0
BBC,6/23/2026,4250.0,4345.0,4220.5,4250.1,0.0,280.0,5600.0,3825.0
BBC,6/24/2026,4123.0,4480.0,4123.0,4298.0,4.24,602.0,5600.0,3825.0
BBC,6/26/2026,4290.0,4293.0,4190.0,4260.0,-0.7,254.0,5600.0,3825.0
BBC,6/29/2026,4279.9,4280.0,4155.0,4246.9,-0.77,211.0,5600.0,3825.0
BBC,6/30/2026,4141.0,4261.0,4141.0,4162.0,0.51,193.0,5600.0,3825.0
BBC,7/1/2026,4234.9,4280.0,4126.1,4279.0,1.04,375.0,5600.0,3825.0
BBC,7/2/2026,4160.3,4277.0,4160.3,4260.0,2.4,150.0,5600.0,3825.0
BBC,7/3/2026,4298.9,4298.9,4201.0,4286.0,-0.3,127.0,5600.0,3825.0
BBC,7/6/2026,4192.0,4263.9,4136.0,4136.0,-1.34,351.0,5600.0,3825.0
BBC,7/7/2026,4238.0,4238.0,4150.0,4223.0,-0.35,623.0,5600.0,3825.0
BBC,7/8/2026,4112.0,4235.0,4112.0,4215.0,2.5,223.0,5600.0,3825.0
BBC,7/9/2026,4115.0,4194.0,4101.0,4101.0,-0.34,155.0,5600.0,3825.0
BBC,7/10/2026,4195.0,4198.9,4100.0,4168.0,-0.64,205.0,5600.0,3825.0
BBC,7/13/2026,4091.0,4148.0,4055.0,4070.0,-0.51,272.0,5600.0,3825.0
BBC,7/14/2026,4053.7,4128.0,4021.1,4128.0,1.83,240.0,5600.0,3825.0
BBC,7/15/2026,4126.9,4175.0,4051.0,4154.0,0.66,277.0,5600.0,3825.0
BBC,7/16/2026,4239.0,4239.0,4103.0,4169.0,-1.65,60.0,5600.0,3825.0
BBC,7/17/2026,4260.0,4260.0,4115.0,4199.9,-1.41,80.0,5600.0,3825.0
BBC,7/20/2026,4101.0,4300.0,4101.0,4250.0,3.63,291.0,5600.0,3825.0
BBC,7/21/2026,4299.7,4696.0,4156.0,4390.0,2.1,1912.0,5600.0,3825.0
BBC,7/22/2026,4300.0,4400.0,4256.0,4268.0,-0.74,545.0,5600.0,3825.0
BBC,7/23/2026,4379.0,4390.0,4241.0,4390.0,0.25,397.0,5600.0,3825.0
BBC,7/24/2026,4310.0,4389.0,4262.0,4375.0,1.51,126.0,5600.0,3825.0
BBC,7/27/2026,4349.0,4377.0,4264.0,4265.0,-1.93,102.0,5600.0,3825.0
BBC,7/28/2026,4350.0,4350.0,4209.0,4300.0,-1.15,224.0,5600.0,3825.0
BBC,7/29/2026,4210.0,4328.0,4210.0,4300.0,2.14,150.0,5600.0,3825.0
BBC,7/30/2026,4186.0,4400.0,3825.0,4280.0,2.25,706.0,5600.0,3825.0
BBC,7/31/2026,4201.0,4297.0,4190.0,4280.0,1.88,161.0,5600.0,3825.0
BBC,8/3/2026,4380.0,4380.0,4221.0,4235.0,-3.31,130.0,5600.0,3825.0
BBC,8/4/2026,4289.0,4289.0,4166.0,4180.0,-2.54,172.0,5600.0,3825.0
BBC,8/5/2026,4122.0,4300.0,4122.0,4250.0,3.11,275.0,5600.0,3825.0
BBC,8/6/2026,4300.0,4319.9,4165.0,4278.0,-0.51,505.0,5600.0,3825.0
BBC,8/7/2026,4208.0,4296.0,4176.0,4289.0,1.92,100.0,5600.0,3825.0
BBC,8/10/2026,4200.0,4293.0,4150.0,4249.0,1.17,272.0,5600.0,3825.0
BBC,8/11/2026,4280.0,4280.0,4155.0,4209.9,-1.64,174.0,5600.0,3825.0
BBC,8/12/2026,4181.0,4250.0,4122.0,4200.0,0.45,271.0,5600.0,3825.0
BBC,8/13/2026,4200.0,4219.0,4162.0,4200.0,0.0,102.0,5600.0,3825.0
BBC,8/14/2026,4210.0,4210.0,4074.0,4080.0,-3.09,823.0,5600.0,3825.0
BBC,8/17/2026,4197.9,4197.9,4072.0,4089.0,-2.59,210.0,5600.0,3825.0
BBC,8/18/2026,4128.0,4190.0,4095.0,4108.0,-0.48,220.0,5600.0,3825.0
BBC,8/19/2026,4103.0,4177.0,4099.0,4140.0,0.9,79.0,5600.0,3825.0
BBC,8/20/2026,4250.0,4250.0,4095.0,4130.0,-2.82,372.0,5600.0,3825.0
BBC,8/21/2026,4022.0,4170.0,4022.0,4100.0,1.94,538.0,5600.0,3825.0
BBC,8/24/2026,4119.0,4155.0,4025.0,4076.0,-1.04,295.0,5600.0,3825.0
BBC,8/25/2026,4100.0,4100.0,4052.0,4052.0,-1.17,203.0,5600.0,3825.0
BBC,8/26/2026,4128.0,4128.0,4030.0,4050.0,-1.89,189.0,5600.0,3825.0
BBC,8/27/2026,4001.0,4080.0,3951.0,4050.0,1.22,423.0,5600.0,3825.0
BBC,8/31/2026,4067.9,4070.0,3942.1,4000.0,-1.67,668.0,5600.0,3825.0
BBC,9/1/2026,4000.0,4080.0,3901.0,4003.0,0.07,70.0,5600.0,3825.0
BBC,9/2/2026,3952.0,4044.0,3952.0,4034.0,2.07,88.0,5600.0,3825.0
BBC,9/3/2026,4050.0,4088.0,4050.0,4082.0,0.79,212.0,5600.0,3825.0
BBC,9/7/2026,4072.7,4089.0,4002.0,4076.0,0.08,87.0,5600.0,3825.0
BBC,9/9/2026,4003.0,4118.0,4001.0,4001.7,-0.03,393.0,5600.0,3825.0
BBC,9/10/2026,3956.0,4059.9,3956.0,3980.0,0.61,386.0,5600.0,3825.0
BBC,9/11/2026,3863.1,4060.0,3863.1,4040.0,4.58,234.0,5600.0,3825.0
BBC,9/14/2026,3965.0,4098.0,3965.0,4098.0,3.35,662.0,5600.0,3825.0
BBC,9/15/2026,4299.0,4635.0,4048.0,4136.0,-3.79,1601.0,5600.0,3825.0
BBC,9/16/2026,4136.0,4195.0,4087.0,4100.0,-0.87,254.0,5600.0,3825.0
BBC,9/17/2026,4220.0,4300.0,4100.0,4105.0,-2.73,372.0,5600.0,3825.0
BBC,9/18/2026,4091.1,4159.9,4051.0,4140.0,1.2,234.0,5600.0,3825.0
BBC,9/22/2026,4190.0,4245.0,4080.0,4102.0,-2.1,394.0,5600.0,3825.0
BBC,9/23/2026,4111.0,4177.0,4052.0,4052.0,-1.44,743.0,5600.0,3825.0
BBC,9/24/2026,4100.0,4100.0,4056.0,4090.5,-0.23,90.0,5600.0,3825.0
BBC,9/28/2026,4150.0,4150.0,4005.0,4100.0,-1.2,305.0,5600.0,3825.0
BBC,9/29/2026,3895.0,4125.0,3895.0,0.0,-100.0,155.0,5600.0,3825.0
BBC,9/30/2026,4100.0,4100.0,4000.0,4063.0,-0.9,160.0,5600.0,3825.0
BBC,10/1/2026,4145.0,4145.0,3952.0,4021.0,-2.99,1660.0,5600.0,3825.0
BBC,10/2/2026,3952.0,4105.0,3952.0,3978.0,0.66,507.0,5600.0,3825.0
BEDC,12/21/2025,541.0,541.0,530.0,530.0,,7954.0,716.0,270.0
BEDC,12/22/2025,530.0,540.0,520.0,523.0,-1.32,10742.0,716.0,270.0
BEDC,12/23/2025,533.4,543.0,519.8,524.0,0.19,10254.0,716.0,270.0
BEDC,12/24/2025,525.0,528.0,519.0,522.0,-0.38,4047.0,716.0,270.0
BEDC,12/28/2025,522.0,547.9,520.0,526.0,0.77,18592.0,716.0,270.0
BEDC,12/29/2025,530.0,547.0,526.3,539.8,2.62,22454.0,716.0,270.0
BEDC,12/31/2025,540.0,548.9,539.0,540.0,0.04,7177.0,716.0,270.0
BEDC,1/1/2026,537.0,542.7,530.0,539.0,-0.19,13156.0,716.0,270.0
BEDC,1/4/2026,537.0,537.0,530.0,532.0,-1.3,8127.0,716.0,270.0
BEDC,1/5/2026,539.0,547.0,530.0,532.0,0.0,24030.0,716.0,270.0
BEDC,1/6/2026,522.0,542.0,522.0,534.0,0.38,9341.0,716.0,270.0
BEDC,1/7/2026,530.0,539.9,528.0,533.2,-0.15,10485.0,716.0,270.0
BEDC,1/8/2026,523.0,539.8,523.0,539.8,1.24,6117.0,716.0,270.0
BEDC,1/12/2026,547.0,547.0,530.0,537.0,-0.52,4964.0,716.0,270.0
BEDC,1/13/2026,527.0,537.0,514.0,530.0,-1.3,66857.0,716.0,270.0
BEDC,1/14/2026,532.0,556.0,530.1,531.0,0.19,43261.0,716.0,270.0
BEDC,1/18/2026,540.0,540.0,525.1,529.0,-0.38,17309.0,716.0,270.0
BEDC,1/20/2026,539.5,542.9,529.0,532.0,0.57,22259.0,716.0,270.0
BEDC,1/21/2026,539.9,539.9,528.5,530.0,-0.38,11527.0,716.0,270.0
BEDC,1/22/2026,526.0,535.9,526.0,528.5,-0.28,22141.0,716.0,270.0
BEDC,1/25/2026,527.0,538.9,527.0,536.0,1.42,21079.0,716.0,270.0
BEDC,1/26/2026,540.0,550.4,537.0,546.0,1.87,32125.0,716.0,270.0
BEDC,1/27/2026,550.3,555.0,537.0,538.0,-1.47,33545.0,716.0,270.0
BEDC,1/28/2026,537.0,548.5,535.0,543.0,0.93,28880.0,716.0,270.0
BEDC,1/29/2026,550.0,554.5,545.0,550.0,1.29,43787.0,716.0,270.0
BEDC,2/1/2026,555.0,561.0,543.0,552.9,0.53,19415.0,716.0,270.0
BEDC,2/2/2026,551.0,551.0,533.0,540.1,-2.32,14863.0,716.0,270.0
BEDC,2/3/2026,545.0,549.0,530.0,535.0,-0.94,14287.0,716.0,270.0
BEDC,2/4/2026,535.0,542.0,530.0,535.0,0.0,19914.0,716.0,270.0
BEDC,2/5/2026,535.1,545.0,534.0,538.0,0.56,16212.0,716.0,270.0
BEDC,2/8/2026,540.0,549.9,538.0,540.0,0.37,16845.0,716.0,270.0
BEDC,2/9/2026,549.5,549.5,531.2,532.0,-1.48,14026.0,716.0,270.0
BEDC,2/10/2026,539.0,539.0,528.1,533.9,0.36,11909.0,716.0,270.0
BEDC,2/11/2026,531.0,539.0,524.0,528.1,-1.09,6621.0,716.0,270.0
BEDC,2/12/2026,525.0,530.0,519.0,519.5,-1.63,20791.0,716.0,270.0
BEDC,2/16/2026,517.0,520.0,505.0,511.0,-1.64,16163.0,716.0,270.0
BEDC,2/17/2026,508.0,540.0,508.0,522.0,2.15,17349.0,716.0,270.0
BEDC,2/22/2026,515.0,520.0,513.0,514.1,-1.51,7617.0,716.0,270.0
BEDC,2/23/2026,507.1,535.5,507.1,514.9,0.16,6660.0,716.0,270.0
BEDC,2/24/2026,525.1,534.0,509.0,509.0,-1.15,5807.0,716.0,270.0
BEDC,2/25/2026,518.0,519.0,509.0,510.0,0.2,8148.0,716.0,270.0
BEDC,2/26/2026,510.0,515.0,507.0,513.9,0.76,14763.0,716.0,270.0
BEDC,2/27/2026,510.0,515.0,507.0,513.9,0.0,14763.0,716.0,270.0
BEDC,2/28/2026,510.0,515.0,507.0,513.9,0.0,14763.0,716.0,270.0
BEDC,3/2/2026,510.0,517.9,510.0,517.9,0.78,5407.0,716.0,270.0
BEDC,3/3/2026,508.0,525.0,500.0,522.9,0.97,4326.0,716.0,270.0
BEDC,3/4/2026,508.0,525.0,500.0,522.9,0.0,4326.0,716.0,270.0
BEDC,3/5/2026,508.0,525.0,500.0,522.9,0.0,4326.0,716.0,270.0
BEDC,3/6/2026,508.0,525.0,500.0,522.9,0.0,4326.0,716.0,270.0
BEDC,3/7/2026,508.0,525.0,500.0,522.9,0.0,4326.0,716.0,270.0
BEDC,3/8/2026,508.0,525.0,500.0,522.9,0.0,4326.0,716.0,270.0
BEDC,3/9/2026,533.3,543.9,533.3,543.9,4.02,20.0,716.0,270.0
BEDC,3/10/2026,554.7,555.6,515.0,541.0,-0.53,35598.0,716.0,270.0
BEDC,3/11/2026,539.0,539.0,520.4,521.0,-3.7,11828.0,716.0,270.0
BEDC,3/12/2026,520.0,531.4,520.0,528.0,1.34,16744.0,716.0,270.0
BEDC,3/13/2026,520.0,531.4,520.0,528.0,0.0,16744.0,716.0,270.0
BEDC,3/14/2026,520.0,531.4,520.0,528.0,0.0,16744.0,716.0,270.0
BEDC,3/15/2026,530.0,541.0,526.2,540.0,2.27,23188.0,716.0,270.0
BEDC,3/16/2026,545.0,545.4,529.0,532.0,-1.48,6037.0,716.0,270.0
BEDC,3/17/2026,540.0,540.0,525.0,538.5,1.22,14882.0,716.0,270.0
BEDC,3/18/2026,540.0,540.0,525.0,538.5,0.0,14882.0,716.0,270.0
BEDC,3/19/2026,538.0,545.7,526.0,533.5,-0.93,30241.0,716.0,270.0
BEDC,3/20/2026,538.0,545.7,526.0,533.5,0.0,30241.0,716.0,270.0
BEDC,3/21/2026,538.0,545.7,526.0,533.5,0.0,30241.0,716.0,270.0
BEDC,3/22/2026,533.5,544.0,525.0,537.4,0.73,29570.0,716.0,270.0
BEDC,3/23/2026,543.0,543.0,529.0,534.0,-0.63,7114.0,716.0,270.0
BEDC,3/24/2026,534.0,538.9,527.6,533.0,-0.19,13192.0,716.0,270.0
BEDC,3/25/2026,523.2,535.0,523.2,535.0,0.38,13610.0,716.0,270.0
BEDC,3/26/2026,529.0,534.0,525.2,531.0,0.38,6859.0,716.0,270.0
BEDC,3/29/2026,534.0,539.0,520.0,522.0,-2.25,8164.0,716.0,270.0
BEDC,3/30/2026,514.5,526.9,510.0,510.5,-0.78,12709.0,716.0,270.0
BEDC,3/31/2026,510.0,515.0,482.0,509.0,-0.2,14663.0,716.0,270.0
BEDC,4/1/2026,500.0,515.0,488.1,493.1,-1.38,13072.0,716.0,270.0
BEDC,4/2/2026,490.0,490.0,478.0,478.0,-2.45,18633.0,716.0,270.0
BEDC,4/5/2026,470.0,483.5,430.2,430.2,-8.47,24011.0,716.0,270.0
BEDC,4/6/2026,424.0,465.0,424.0,448.0,5.66,12704.0,716.0,270.0
BEDC,4/7/2026,456.9,465.5,441.5,445.0,-2.6,13043.0,716.0,270.0
BEDC,4/8/2026,446.0,453.0,445.5,446.6,0.13,9183.0,716.0,270.0
BEDC,4/9/2026,455.0,455.0,446.0,454.7,-0.07,8728.0,716.0,270.0
BEDC,4/10/2026,447.0,455.9,444.0,450.8,0.85,13033.0,716.0,270.0
BEDC,4/13/2026,459.8,467.0,442.1,464.0,0.91,21661.0,716.0,270.0
BEDC,4/15/2026,464.0,475.0,460.0,475.0,2.37,10726.0,716.0,270.0
BEDC,4/16/2026,465.5,470.0,427.5,438.0,-5.91,712762.0,716.0,270.0
BEDC,4/17/2026,442.0,442.0,410.0,427.6,-3.26,349240.0,716.0,270.0
BEDC,4/20/2026,425.0,431.0,406.0,416.0,-2.12,229272.0,716.0,270.0
BEDC,4/21/2026,435.0,435.0,402.0,404.0,-7.13,81215.0,716.0,270.0
BEDC,4/22/2026,404.1,406.3,393.6,399.9,-1.04,99682.0,716.0,270.0
BEDC,4/23/2026,380.0,408.0,380.0,395.0,3.95,103390.0,716.0,270.0
BEDC,4/24/2026,414.7,414.7,385.0,386.9,-6.7,63573.0,716.0,270.0
BEDC,4/27/2026,406.0,406.0,386.0,387.0,-4.68,36717.0,716.0,270.0
BEDC,4/28/2026,388.0,394.0,376.0,379.0,-2.32,82583.0,716.0,270.0
BEDC,4/29/2026,379.0,380.0,365.0,365.0,-3.69,85926.0,716.0,270.0
BEDC,4/30/2026,346.8,366.0,346.8,365.9,5.51,71340.0,716.0,270.0
BEDC,5/4/2026,366.1,370.0,354.2,358.0,-2.21,57202.0,716.0,270.0
BEDC,5/5/2026,358.0,363.0,345.0,357.0,-0.28,60577.0,716.0,270.0
BEDC,5/6/2026,373.5,373.5,350.1,353.0,-5.49,30774.0,716.0,270.0
BEDC,5/7/2026,359.6,359.6,350.0,354.7,-1.36,23449.0,716.0,270.0
BEDC,5/8/2026,356.7,360.0,352.0,360.0,0.93,28371.0,716.0,270.0
BEDC,5/11/2026,378.0,384.0,363.0,380.0,0.53,68460.0,716.0,270.0
BEDC,5/12/2026,399.0,399.0,364.0,368.5,-7.64,53780.0,716.0,270.0
BEDC,5/13/2026,386.9,386.9,358.5,360.2,-6.9,26901.0,716.0,270.0
BEDC,5/14/2026,377.0,377.0,355.0,361.9,-4.01,9618.0,716.0,270.0
BEDC,5/15/2026,343.9,370.0,343.9,361.5,5.12,11512.0,716.0,270.0
BEDC,5/18/2026,379.5,379.5,352.3,364.2,-4.03,15477.0,716.0,270.0
BEDC,5/19/2026,367.0,369.9,364.0,366.0,-0.27,14297.0,716.0,270.0
BEDC,5/20/2026,369.9,375.0,365.0,375.0,1.38,32988.0,716.0,270.0
BEDC,5/21/2026,375.5,377.0,366.5,369.8,-1.52,27693.0,716.0,270.0
BEDC,5/22/2026,374.0,377.3,366.9,376.9,0.78,42044.0,716.0,270.0
BEDC,5/25/2026,395.7,395.7,377.3,381.1,-3.69,46312.0,716.0,270.0
BEDC,5/26/2026,400.0,400.0,375.0,376.9,-5.78,27283.0,716.0,270.0
BEDC,5/27/2026,395.0,395.0,370.0,378.6,-4.15,23336.0,716.0,270.0
BEDC,6/1/2026,380.0,380.0,366.0,368.9,-2.92,30421.0,716.0,270.0
BEDC,6/2/2026,387.3,387.3,365.3,370.0,-4.47,13299.0,716.0,270.0
BEDC,6/3/2026,380.0,380.0,367.1,368.0,-3.16,24743.0,716.0,270.0
BEDC,6/4/2026,374.0,374.0,364.0,364.0,-2.67,18181.0,716.0,270.0
BEDC,6/5/2026,362.0,365.0,360.0,361.0,-0.28,19261.0,716.0,270.0
BEDC,6/8/2026,360.0,360.0,356.5,359.0,-0.28,17576.0,716.0,270.0
BEDC,6/9/2026,359.0,360.0,354.5,358.8,-0.06,12824.0,716.0,270.0
BEDC,6/10/2026,350.0,365.0,350.0,362.0,3.43,10057.0,716.0,270.0
BEDC,6/11/2026,360.0,364.9,354.1,357.0,-0.83,8261.0,716.0,270.0
BEDC,6/12/2026,355.0,362.8,355.0,359.0,1.13,5863.0,716.0,270.0
BEDC,6/15/2026,360.0,368.0,358.4,363.0,0.83,45145.0,716.0,270.0
BEDC,6/16/2026,362.0,382.0,355.0,377.0,4.14,182697.0,716.0,270.0
BEDC,6/17/2026,385.0,388.0,374.6,375.0,-2.6,94723.0,716.0,270.0
BEDC,6/18/2026,375.0,375.0,362.0,365.5,-2.53,67618.0,716.0,270.0
BEDC,6/19/2026,363.9,364.0,357.5,360.0,-1.07,54811.0,716.0,270.0
BEDC,6/22/2026,360.0,365.0,357.0,361.9,0.53,25876.0,716.0,270.0
BEDC,6/23/2026,379.9,379.9,350.0,351.0,-7.61,39263.0,716.0,270.0
BEDC,6/24/2026,359.0,359.0,342.0,346.0,-3.62,30077.0,716.0,270.0
BEDC,6/26/2026,354.0,354.0,340.0,342.5,-3.25,21011.0,716.0,270.0
BEDC,6/29/2026,330.0,345.0,330.0,331.4,0.42,38469.0,716.0,270.0
BEDC,6/30/2026,314.9,339.8,314.9,325.0,3.21,41942.0,716.0,270.0
BEDC,7/1/2026,325.0,337.5,325.0,337.4,3.82,21748.0,716.0,270.0
BEDC,7/2/2026,338.0,340.0,330.1,340.0,0.59,18690.0,716.0,270.0
BEDC,7/3/2026,340.0,340.0,333.0,334.0,-1.76,21770.0,716.0,270.0
BEDC,7/6/2026,350.7,350.7,326.1,329.9,-5.93,21623.0,716.0,270.0
BEDC,7/7/2026,332.9,336.0,328.0,331.1,-0.54,17683.0,716.0,270.0
BEDC,7/8/2026,327.0,330.0,320.1,321.1,-1.8,21763.0,716.0,270.0
BEDC,7/9/2026,319.0,324.9,315.0,317.9,-0.34,9244.0,716.0,270.0
BEDC,7/10/2026,318.0,325.0,318.0,318.1,0.03,14329.0,716.0,270.0
BEDC,7/13/2026,315.0,320.0,310.1,310.1,-1.56,26916.0,716.0,270.0
BEDC,7/14/2026,306.0,314.0,303.1,309.0,0.98,28196.0,716.0,270.0
BEDC,7/15/2026,315.0,315.0,310.0,312.0,-0.95,13993.0,716.0,270.0
BEDC,7/16/2026,315.0,316.7,308.0,308.0,-2.22,11679.0,716.0,270.0
BEDC,7/17/2026,317.0,331.0,315.0,330.0,4.1,41743.0,716.0,270.0
BEDC,7/20/2026,346.5,346.5,325.1,334.0,-3.61,18469.0,716.0,270.0
BEDC,7/21/2026,334.0,343.0,330.0,334.5,0.15,39992.0,716.0,270.0
BEDC,7/22/2026,330.0,335.0,327.1,330.1,0.03,17694.0,716.0,270.0
BEDC,7/23/2026,340.0,340.0,325.0,330.0,-2.94,23206.0,716.0,270.0
BEDC,7/24/2026,313.5,339.5,313.5,334.0,6.54,32031.0,716.0,270.0
BEDC,7/27/2026,334.0,334.9,325.0,325.4,-2.57,18773.0,716.0,270.0
BEDC,7/28/2026,330.0,330.0,320.2,325.0,-1.52,11775.0,716.0,270.0
BEDC,7/29/2026,322.0,328.9,321.5,322.1,0.03,11327.0,716.0,270.0
BEDC,7/30/2026,321.1,325.0,318.0,320.0,-0.34,11462.0,716.0,270.0
BEDC,7/31/2026,317.4,323.9,315.0,318.1,0.22,25955.0,716.0,270.0
BEDC,8/3/2026,324.9,325.5,320.0,325.0,0.03,18635.0,716.0,270.0
BEDC,8/4/2026,323.0,324.0,318.2,323.0,0.0,6228.0,716.0,270.0
BEDC,8/5/2026,318.2,323.0,318.2,322.5,1.35,15567.0,716.0,270.0
BEDC,8/6/2026,318.1,325.0,318.1,322.0,1.23,13876.0,716.0,270.0
BEDC,8/7/2026,321.6,325.0,320.0,323.0,0.44,14378.0,716.0,270.0
BEDC,8/10/2026,320.0,323.0,318.1,319.1,-0.28,13199.0,716.0,270.0
BEDC,8/11/2026,328.6,328.6,316.0,318.0,-3.23,14377.0,716.0,270.0
BEDC,8/12/2026,323.0,325.0,315.2,316.0,-2.17,10321.0,716.0,270.0
BEDC,8/13/2026,314.0,324.0,312.5,319.0,1.59,22277.0,716.0,270.0
BEDC,8/14/2026,322.7,322.7,315.0,319.4,-1.02,8965.0,716.0,270.0
BEDC,8/17/2026,317.0,319.0,314.3,316.9,-0.03,8609.0,716.0,270.0
BEDC,8/18/2026,315.0,316.0,308.0,313.5,-0.48,24233.0,716.0,270.0
BEDC,8/19/2026,329.0,329.0,308.0,311.9,-5.2,9325.0,716.0,270.0
BEDC,8/20/2026,310.0,312.9,305.0,307.0,-0.97,17068.0,716.0,270.0
BEDC,8/21/2026,307.2,312.0,306.1,308.0,0.26,16674.0,716.0,270.0
BEDC,8/24/2026,312.0,312.0,299.0,302.0,-3.21,22965.0,716.0,270.0
BEDC,8/25/2026,304.0,305.0,298.0,298.0,-1.97,13742.0,716.0,270.0
BEDC,8/26/2026,300.0,300.0,280.4,288.5,-3.83,33606.0,716.0,270.0
BEDC,8/27/2026,285.0,295.0,282.1,289.0,1.4,12811.0,716.0,270.0
BEDC,8/31/2026,285.0,289.0,272.7,278.0,-2.46,23583.0,716.0,270.0
BEDC,9/1/2026,270.0,288.0,270.0,281.9,4.41,12142.0,716.0,270.0
BEDC,9/2/2026,281.5,285.0,274.0,285.0,1.24,10134.0,716.0,270.0
BEDC,9/3/2026,286.0,290.0,281.0,286.0,0.0,11605.0,716.0,270.0
BEDC,9/7/2026,286.0,288.0,282.0,287.0,0.35,6739.0,716.0,270.0
BEDC,9/9/2026,287.0,288.0,280.0,285.5,-0.52,4833.0,716.0,270.0
BEDC,9/10/2026,286.0,291.0,280.0,291.0,1.75,20644.0,716.0,270.0
BEDC,9/11/2026,291.0,300.0,288.3,298.9,2.71,21080.0,716.0,270.0
BEDC,9/14/2026,298.0,307.8,298.0,304.0,2.01,14388.0,716.0,270.0
BEDC,9/15/2026,319.0,319.0,305.0,309.9,-2.85,28347.0,716.0,270.0
BEDC,9/16/2026,305.1,311.8,300.2,304.0,-0.36,20877.0,716.0,270.0
BEDC,9/17/2026,305.0,309.0,299.8,302.0,-0.98,15780.0,716.0,270.0
BEDC,9/18/2026,300.0,313.0,300.0,311.0,3.67,40414.0,716.0,270.0
BEDC,9/22/2026,296.3,319.8,296.3,315.9,6.61,34871.0,716.0,270.0
BEDC,9/23/2026,315.0,315.0,306.0,307.0,-2.54,31883.0,716.0,270.0
BEDC,9/24/2026,309.8,309.9,304.0,308.9,-0.29,8528.0,716.0,270.0
BEDC,9/28/2026,305.0,308.0,296.0,301.0,-1.31,12322.0,716.0,270.0
BEDC,9/29/2026,301.0,301.0,293.0,0.0,-100.0,12495.0,716.0,270.0
BEDC,9/30/2026,294.3,300.0,291.1,298.4,1.39,13667.0,716.0,270.0
BEDC,10/1/2026,292.0,300.0,292.0,299.0,2.4,7898.0,716.0,270.0
BEDC,10/2/2026,296.0,299.0,293.1,295.9,-0.03,10946.0,716.0,270.0
BFC,6/26/2011,386.0,400.0,393.0,400.0,,44.0,562.0,418.0
BFC,6/29/2011,400.0,415.0,408.0,415.0,3.75,30.0,562.0,418.0
BFC,6/30/2011,415.0,430.0,423.0,430.0,3.61,30.0,562.0,418.0
BFC,7/11/2011,430.0,450.0,422.0,450.0,4.65,112.0,562.0,418.0
BFC,7/19/2011,450.0,459.0,459.0,459.0,2.0,242.0,562.0,418.0
BFC,7/20/2011,459.0,465.0,459.0,465.0,1.31,272.0,562.0,418.0
BFC,7/25/2011,465.0,474.0,474.0,474.0,1.94,14.0,562.0,418.0
BFC,9/22/2011,474.0,483.0,483.0,483.0,1.9,14.0,562.0,418.0
BFC,10/19/2011,483.0,485.0,485.0,485.0,0.41,484.0,562.0,418.0
BFC,1/2/2012,494.0,503.0,503.0,503.0,3.71,22.0,562.0,418.0
BFC,1/18/2012,503.0,493.0,475.0,475.0,-5.57,1815.0,562.0,418.0
BFC,2/8/2012,475.0,466.0,448.0,448.0,-5.68,978.0,562.0,418.0
BFC,2/9/2012,448.0,440.0,424.0,424.0,-5.36,340.0,562.0,418.0
BFC,2/29/2012,424.0,432.0,432.0,432.0,1.89,22.0,562.0,418.0
BFC,3/14/2012,432.0,311.0,294.0,294.0,-31.94,4356.0,562.0,418.0
BFC,3/18/2012,294.0,300.0,294.0,298.0,1.36,71.0,562.0,418.0
BFC,3/19/2012,298.0,309.0,303.0,309.0,3.69,46.0,562.0,418.0
BFC,3/20/2012,309.0,319.0,309.0,319.0,3.24,91.0,562.0,418.0
BFC,3/21/2012,319.0,331.0,325.0,331.0,3.76,48.0,562.0,418.0
BFC,3/26/2012,331.0,337.0,337.0,337.0,1.81,20.0,562.0,418.0
BFC,4/15/2012,337.0,343.0,343.0,343.0,1.78,10.0,562.0,418.0
BFC,4/17/2012,343.0,355.0,349.0,355.0,3.5,50.0,562.0,418.0
BFC,4/18/2012,355.0,374.0,360.0,374.0,5.35,80.0,562.0,418.0
BFC,4/19/2012,374.0,402.0,381.0,402.0,7.49,85.0,562.0,418.0
BFC,5/9/2012,402.0,410.0,410.0,410.0,1.99,95.0,562.0,418.0
BFC,5/10/2012,410.0,418.0,418.0,418.0,1.95,26.0,562.0,418.0
BFC,5/14/2012,418.0,426.0,426.0,426.0,1.91,10.0,562.0,418.0
BFC,5/31/2012,426.0,418.0,418.0,418.0,-1.88,10.0,562.0,418.0
BFC,9/6/2012,418.0,430.0,426.0,430.0,2.87,36.0,562.0,418.0
BFC,9/12/2012,430.0,430.0,422.0,430.0,0.0,548.0,562.0,418.0
BFC,8/2/2017,430.0,422.0,422.0,422.0,-1.86,22746.0,562.0,418.0
BFC,8/3/2017,422.0,414.0,380.0,380.0,-9.95,1250.0,562.0,418.0
BFC,8/6/2017,380.0,373.0,345.0,345.0,-9.21,445.0,562.0,418.0
BFC,8/7/2017,345.0,339.0,339.0,339.0,-1.74,150.0,562.0,418.0
BFC,8/9/2017,339.0,339.0,309.0,309.0,-8.85,2080.0,562.0,418.0
BFC,8/10/2017,193.0,190.0,190.0,190.0,-38.51,120.0,562.0,418.0
BFC,8/13/2017,190.0,189.0,189.0,189.0,-0.53,50.0,562.0,418.0
BFC,8/20/2017,189.0,186.0,183.0,183.0,-3.17,18101.0,562.0,418.0
BFC,8/24/2017,183.0,180.0,165.0,165.0,-9.84,30940.0,562.0,418.0
BFC,8/27/2017,165.0,162.0,149.0,149.0,-9.7,1900.0,562.0,418.0
BFC,8/28/2017,149.0,147.0,135.0,135.0,-9.4,6614.0,562.0,418.0
BFC,8/30/2017,135.0,134.0,122.0,134.0,-0.74,17372.0,562.0,418.0
BFC,8/31/2017,134.0,140.0,136.0,140.0,4.48,4940.0,562.0,418.0
BFC,9/4/2017,140.0,140.0,138.0,140.0,0.0,500.0,562.0,418.0
BFC,9/6/2017,140.0,142.0,136.0,138.0,-1.43,1660.0,562.0,418.0
BFC,9/7/2017,138.0,140.0,136.0,136.0,-1.45,3320.0,562.0,418.0
BFC,9/10/2017,136.0,134.0,123.0,125.0,-8.09,2960.0,562.0,418.0
BFC,9/11/2017,125.0,123.0,119.0,119.0,-4.8,166.0,562.0,418.0
BFC,9/12/2017,119.0,117.0,115.0,115.0,-3.36,40.0,562.0,418.0
BFC,9/13/2017,115.0,118.0,110.0,118.0,2.61,5350.0,562.0,418.0
BFC,9/14/2017,118.0,126.0,120.0,123.0,4.24,1000.0,562.0,418.0
BFC,9/17/2017,123.0,126.0,124.0,126.0,2.44,146.0,562.0,418.0
BFC,9/18/2017,126.0,132.0,128.0,130.0,3.17,2160.0,562.0,418.0
BFC,9/20/2017,130.0,134.0,132.0,134.0,3.08,154.0,562.0,418.0
BFC,9/24/2017,134.0,137.0,132.0,137.0,2.24,1890.0,562.0,418.0
BFC,9/25/2017,137.0,136.0,135.0,135.0,-1.46,950.0,562.0,418.0
BFC,9/26/2017,135.0,138.0,135.0,138.0,2.22,670.0,562.0,418.0
BFC,10/3/2017,138.0,138.0,138.0,138.0,0.0,50.0,562.0,418.0
BFC,10/4/2017,138.0,136.0,134.0,134.0,-2.9,1150.0,562.0,418.0
BFC,10/8/2017,134.0,133.0,131.0,133.0,-0.75,780.0,562.0,418.0
BFC,10/9/2017,133.0,131.0,127.0,127.0,-4.51,810.0,562.0,418.0
BFC,10/11/2017,127.0,127.0,120.0,122.0,-3.94,6000.0,562.0,418.0
BFC,10/12/2017,122.0,127.0,123.0,127.0,4.1,1728.0,562.0,418.0
BFC,10/15/2017,127.0,139.0,129.0,139.0,9.45,2700.0,562.0,418.0
BFC,10/16/2017,139.0,152.0,141.0,152.0,9.35,5075.0,562.0,418.0
BFC,10/17/2017,152.0,167.0,155.0,167.0,9.87,5990.0,562.0,418.0
BFC,10/18/2017,167.0,170.0,151.0,152.0,-8.98,4140.0,562.0,418.0
BFC,10/23/2017,152.0,149.0,147.0,149.0,-1.97,1025.0,562.0,418.0
BFC,10/24/2017,149.0,151.0,148.0,148.0,-0.67,1476.0,562.0,418.0
BFC,10/25/2017,148.0,149.0,145.0,145.0,-2.03,1610.0,562.0,418.0
BFC,10/29/2017,145.0,143.0,139.0,139.0,-4.14,1780.0,562.0,418.0
BFC,10/30/2017,139.0,139.0,135.0,139.0,0.0,1670.0,562.0,418.0
BFC,10/31/2017,139.0,141.0,141.0,141.0,1.44,31150.0,562.0,418.0
BFC,11/1/2017,141.0,139.0,137.0,137.0,-2.84,510.0,562.0,418.0
BFC,11/5/2017,137.0,135.0,131.0,131.0,-4.38,530.0,562.0,418.0
BFC,11/6/2017,131.0,131.0,130.0,130.0,-0.76,200.0,562.0,418.0
BFC,11/7/2017,130.0,132.0,130.0,132.0,1.54,200.0,562.0,418.0
BFC,11/8/2017,132.0,131.0,128.0,128.0,-3.03,210.0,562.0,418.0
BFC,11/12/2017,128.0,136.0,130.0,136.0,6.25,350.0,562.0,418.0
BFC,11/13/2017,136.0,138.0,136.0,136.0,0.0,800.0,562.0,418.0
BFC,11/15/2017,136.0,138.0,136.0,136.0,0.0,1900.0,562.0,418.0
BFC,11/19/2017,136.0,136.0,135.0,135.0,-0.74,700.0,562.0,418.0
BFC,11/20/2017,135.0,133.0,131.0,131.0,-2.96,300.0,562.0,418.0
BFC,11/21/2017,131.0,135.0,132.0,133.0,1.53,1601.0,562.0,418.0
BFC,11/22/2017,133.0,133.0,131.0,133.0,0.0,650.0,562.0,418.0
BFC,11/23/2017,133.0,134.0,131.0,132.0,-0.75,31816.0,562.0,418.0
BFC,11/27/2017,132.0,134.0,130.0,132.0,0.0,1345.0,562.0,418.0
BFC,11/28/2017,132.0,134.0,130.0,134.0,1.52,15741.0,562.0,418.0
BFC,11/29/2017,134.0,136.0,134.0,136.0,1.49,240.0,562.0,418.0
BFC,11/30/2017,136.0,138.0,136.0,136.0,0.0,170.0,562.0,418.0
BFC,12/4/2017,136.0,134.0,132.0,134.0,-1.47,400.0,562.0,418.0
BFC,12/5/2017,134.0,133.0,133.0,133.0,-0.75,100.0,562.0,418.0
BFC,12/6/2017,133.0,135.0,135.0,135.0,1.5,50.0,562.0,418.0
BFC,12/10/2017,135.0,135.0,133.0,133.0,-1.48,750.0,562.0,418.0
BFC,12/13/2017,133.0,133.0,131.0,132.0,-0.75,16550.0,562.0,418.0
BFC,12/14/2017,132.0,139.0,134.0,139.0,5.3,2546.0,562.0,418.0
BFC,12/17/2017,139.0,140.0,139.0,140.0,0.72,500.0,562.0,418.0
BFC,12/18/2017,140.0,144.0,142.0,142.0,1.43,900.0,562.0,418.0
BFC,12/21/2017,142.0,142.0,138.0,138.0,-2.82,196.0,562.0,418.0
BFC,12/24/2017,138.0,138.0,134.0,134.0,-2.9,16310.0,562.0,418.0
BFC,12/26/2017,134.0,132.0,130.0,130.0,-2.99,1555.0,562.0,418.0
BFC,12/31/2017,130.0,128.0,128.0,128.0,-1.54,50.0,562.0,418.0
BFC,1/2/2018,128.0,128.0,128.0,128.0,0.0,100.0,562.0,418.0
BFC,1/3/2018,128.0,127.0,126.0,127.0,-0.78,550.0,562.0,418.0
BFC,1/4/2018,127.0,131.0,129.0,131.0,3.15,680.0,562.0,418.0
BFC,1/7/2018,131.0,133.0,131.0,131.0,0.0,160.0,562.0,418.0
BFC,1/9/2018,131.0,139.0,133.0,139.0,6.11,50.0,562.0,418.0
BFC,1/22/2018,139.0,137.0,133.0,133.0,-4.32,895.0,562.0,418.0
BFC,1/23/2018,133.0,131.0,129.0,129.0,-3.01,1033.0,562.0,418.0
BFC,1/24/2018,129.0,127.0,125.0,127.0,-1.55,480.0,562.0,418.0
BFC,1/25/2018,127.0,129.0,127.0,129.0,1.57,600.0,562.0,418.0
BFC,1/28/2018,129.0,129.0,127.0,129.0,0.0,416.0,562.0,418.0
BFC,2/4/2018,129.0,129.0,129.0,129.0,0.0,200.0,562.0,418.0
BFC,2/6/2018,129.0,129.0,125.0,125.0,-3.1,470.0,562.0,418.0
BFC,2/11/2018,125.0,123.0,123.0,123.0,-1.6,100.0,562.0,418.0
BFC,2/12/2018,123.0,121.0,121.0,121.0,-1.63,50.0,562.0,418.0
BFC,2/15/2018,121.0,125.0,119.0,123.0,1.65,4990.0,562.0,418.0
BFC,2/18/2018,123.0,123.0,121.0,121.0,-1.63,2910.0,562.0,418.0
BFC,2/20/2018,120.0,123.0,120.0,121.0,0.0,2300.0,562.0,418.0
BFC,2/26/2018,123.0,123.0,123.0,123.0,1.65,10.0,562.0,418.0
BFC,2/27/2018,122.0,123.0,122.0,123.0,0.0,200.0,562.0,418.0
BFC,2/28/2018,121.0,121.0,121.0,121.0,-1.63,1000.0,562.0,418.0
BFC,3/4/2018,121.0,121.0,121.0,121.0,0.0,678.0,562.0,418.0
BFC,3/5/2018,119.0,119.0,119.0,119.0,-1.65,500.0,562.0,418.0
BFC,3/6/2018,119.0,119.0,117.0,117.0,-1.68,1700.0,562.0,418.0
BFC,3/7/2018,119.0,121.0,119.0,121.0,3.42,20.0,562.0,418.0
BFC,3/11/2018,123.0,123.0,121.0,123.0,1.65,310.0,562.0,418.0
BFC,3/12/2018,122.0,124.0,122.0,124.0,0.81,1347.0,562.0,418.0
BFC,3/13/2018,124.0,124.0,124.0,124.0,0.0,100.0,562.0,418.0
BFC,3/15/2018,122.0,122.0,122.0,122.0,-1.61,45.0,562.0,418.0
BFC,3/18/2018,124.0,126.0,124.0,126.0,3.28,50.0,562.0,418.0
BFC,3/19/2018,124.0,125.0,124.0,125.0,-0.79,135.0,562.0,418.0
BFC,3/20/2018,123.0,123.0,123.0,123.0,-1.6,100.0,562.0,418.0
BFC,3/21/2018,121.0,121.0,119.0,119.0,-3.25,15970.0,562.0,418.0
BFC,4/1/2018,118.0,118.0,118.0,118.0,-0.84,50.0,562.0,418.0
BFC,4/5/2018,116.0,116.0,116.0,116.0,-1.69,220.0,562.0,418.0
BFC,4/8/2018,118.0,120.0,116.0,116.0,0.0,14000.0,562.0,418.0
BFC,4/9/2018,118.0,120.0,118.0,120.0,3.45,400.0,562.0,418.0
BFC,4/10/2018,122.0,122.0,118.0,118.0,-1.67,2220.0,562.0,418.0
BFC,4/11/2018,118.0,118.0,118.0,118.0,0.0,100.0,562.0,418.0
BFC,4/12/2018,120.0,120.0,120.0,120.0,1.69,100.0,562.0,418.0
BFC,4/15/2018,122.0,122.0,120.0,120.0,0.0,210.0,562.0,418.0
BFC,4/16/2018,120.0,121.0,120.0,121.0,0.83,232.0,562.0,418.0
BFC,4/17/2018,125.0,125.0,123.0,125.0,3.31,100.0,562.0,418.0
BFC,4/18/2018,127.0,127.0,127.0,127.0,1.6,200.0,562.0,418.0
BFC,4/19/2018,125.0,127.0,125.0,125.0,-1.57,820.0,562.0,418.0
BFC,4/22/2018,127.0,129.0,127.0,129.0,3.2,200.0,562.0,418.0
BFC,4/23/2018,130.0,130.0,127.0,127.0,-1.55,1900.0,562.0,418.0
BFC,4/24/2018,126.0,127.0,126.0,127.0,0.0,320.0,562.0,418.0
BFC,5/17/2018,126.0,126.0,126.0,126.0,-0.79,100.0,562.0,418.0
BFC,5/24/2018,128.0,128.0,128.0,128.0,1.59,10.0,562.0,418.0
BFC,5/28/2018,128.0,128.0,128.0,128.0,0.0,100.0,562.0,418.0
BFC,5/30/2018,126.0,126.0,126.0,126.0,-1.56,5000.0,562.0,418.0
BFC,5/31/2018,126.0,126.0,126.0,126.0,0.0,10000.0,562.0,418.0
BFC,6/19/2018,124.0,124.0,124.0,124.0,-1.59,10.0,562.0,418.0
BFC,6/20/2018,122.0,122.0,122.0,122.0,-1.61,10.0,562.0,418.0
BFC,7/9/2018,120.0,120.0,120.0,120.0,-1.64,2000.0,562.0,418.0
BFC,7/15/2018,120.0,120.0,120.0,120.0,0.0,11607.0,562.0,418.0
BFC,7/23/2018,120.0,120.0,120.0,120.0,0.0,21006.0,562.0,418.0
BFC,7/24/2018,120.0,120.0,108.0,108.0,-10.0,6523.0,562.0,418.0
BFC,7/25/2018,108.0,108.0,104.0,104.0,-3.7,366.0,562.0,418.0
BFC,7/26/2018,102.0,104.0,100.0,100.0,-3.85,2117.0,562.0,418.0
BFC,7/29/2018,101.0,101.0,101.0,101.0,1.0,50.0,562.0,418.0
BFC,7/30/2018,101.0,101.0,99.0,100.0,-0.99,1010.0,562.0,418.0
BFC,7/31/2018,99.0,100.0,98.0,98.0,-2.0,420.0,562.0,418.0
BFC,8/2/2018,99.0,104.0,99.0,102.0,4.08,1905.0,562.0,418.0
BFC,8/6/2018,103.0,103.0,103.0,103.0,0.98,800.0,562.0,418.0
BFC,8/7/2018,101.0,103.0,101.0,102.0,-0.97,540.0,562.0,418.0
BFC,8/9/2018,104.0,104.0,100.0,100.0,-1.96,578.0,562.0,418.0
BFC,8/12/2018,100.0,100.0,100.0,100.0,0.0,3005.0,562.0,418.0
BFC,8/13/2018,102.0,106.0,102.0,106.0,6.0,70.0,562.0,418.0
BFC,8/14/2018,108.0,110.0,104.0,106.0,0.0,710.0,562.0,418.0
BFC,8/15/2018,104.0,106.0,104.0,106.0,0.0,310.0,562.0,418.0
BFC,8/19/2018,104.0,104.0,102.0,102.0,-3.77,120.0,562.0,418.0
BFC,8/20/2018,100.0,100.0,100.0,100.0,-1.96,800.0,562.0,418.0
BFC,8/21/2018,100.0,102.0,100.0,100.0,0.0,2913.0,562.0,418.0
BFC,8/22/2018,99.0,100.0,98.0,98.0,-2.0,2768.0,562.0,418.0
BFC,8/23/2018,98.0,98.0,98.0,98.0,0.0,100.0,562.0,418.0
BFC,8/26/2018,99.0,102.0,99.0,100.0,2.04,350.0,562.0,418.0
BFC,8/28/2018,100.0,100.0,100.0,100.0,0.0,500.0,562.0,418.0
BFC,8/30/2018,98.0,98.0,98.0,98.0,-2.0,60.0,562.0,418.0
BFC,9/2/2018,99.0,99.0,99.0,99.0,1.02,10.0,562.0,418.0
BFC,9/3/2018,100.0,102.0,100.0,102.0,3.03,20.0,562.0,418.0
BFC,9/4/2018,100.0,100.0,100.0,100.0,-1.96,50.0,562.0,418.0
BFC,9/5/2018,102.0,106.0,102.0,106.0,6.0,220.0,562.0,418.0
BFC,9/6/2018,105.0,104.0,102.0,102.0,-3.77,150.0,562.0,418.0
BFC,9/9/2018,102.0,102.0,101.0,101.0,-0.98,185.0,562.0,418.0
BFC,9/10/2018,101.0,101.0,101.0,101.0,0.0,100.0,562.0,418.0
BFC,9/11/2018,102.0,102.0,99.0,99.0,-1.98,155.0,562.0,418.0
BFC,9/12/2018,100.0,102.0,100.0,100.0,1.01,1360.0,562.0,418.0
BFC,9/13/2018,102.0,102.0,100.0,100.0,0.0,1550.0,562.0,418.0
BFC,9/16/2018,102.0,102.0,100.0,100.0,0.0,1300.0,562.0,418.0
BFC,9/17/2018,98.0,102.0,98.0,102.0,2.0,710.0,562.0,418.0
BFC,9/20/2018,102.0,102.0,100.0,100.0,-1.96,1100.0,562.0,418.0
BFC,9/23/2018,100.0,100.0,100.0,100.0,0.0,100.0,562.0,418.0
BFC,9/25/2018,100.0,100.0,99.0,99.0,-1.0,2000.0,562.0,418.0
BFC,9/26/2018,100.0,102.0,100.0,100.0,1.01,563.0,562.0,418.0
BFC,9/27/2018,100.0,100.0,99.0,99.0,-1.0,2092.0,562.0,418.0
BFC,9/30/2018,100.0,102.0,100.0,102.0,3.03,892.0,562.0,418.0
BFC,10/1/2018,100.0,101.0,100.0,100.0,-1.96,550.0,562.0,418.0
BFC,10/2/2018,100.0,100.0,99.0,99.0,-1.0,3816.0,562.0,418.0
BFC,10/4/2018,100.0,100.0,100.0,100.0,1.01,70.0,562.0,418.0
BFC,10/7/2018,98.0,100.0,98.0,100.0,0.0,310.0,562.0,418.0
BFC,10/10/2018,99.0,100.0,99.0,100.0,0.0,580.0,562.0,418.0
BFC,10/11/2018,100.0,100.0,99.0,100.0,0.0,190.0,562.0,418.0
BFC,10/14/2018,98.0,98.0,98.0,98.0,-2.0,100.0,562.0,418.0
BFC,10/22/2018,98.0,99.0,98.0,99.0,1.02,407.0,562.0,418.0
BFC,10/23/2018,98.0,99.0,98.0,98.0,-1.01,850.0,562.0,418.0
BFC,10/24/2018,97.0,98.0,97.0,98.0,0.0,316.0,562.0,418.0
BFC,10/25/2018,98.0,98.0,97.0,97.0,-1.02,225.0,562.0,418.0
BFC,10/28/2018,97.0,99.0,97.0,99.0,2.06,2170.0,562.0,418.0
BFC,10/31/2018,100.0,100.0,100.0,100.0,1.01,50.0,562.0,418.0
BFC,12/11/2018,100.0,100.0,100.0,100.0,0.0,70.0,562.0,418.0
BFC,1/3/2019,80.0,80.0,80.0,80.0,-20.0,5900.0,562.0,418.0
BFC,1/6/2019,80.0,80.0,80.0,80.0,0.0,50.0,562.0,418.0
BFC,1/14/2019,81.0,84.0,81.0,84.0,5.0,40.0,562.0,418.0
BFC,1/20/2019,102.0,102.0,102.0,102.0,21.43,100.0,562.0,418.0
BFC,1/21/2019,104.0,104.0,104.0,104.0,1.96,50.0,562.0,418.0
BFC,1/22/2019,102.0,102.0,102.0,102.0,-1.92,100.0,562.0,418.0
BFC,2/5/2019,100.0,100.0,99.0,99.0,-2.94,153.0,562.0,418.0
BFC,2/7/2019,100.0,100.0,98.0,99.0,0.0,6775.0,562.0,418.0
BFC,2/11/2019,99.0,99.0,99.0,99.0,0.0,100.0,562.0,418.0
BFC,2/24/2019,98.0,98.0,97.0,97.0,-2.02,30.0,562.0,418.0
BFC,3/5/2019,97.0,97.0,97.0,97.0,0.0,16464.0,562.0,418.0
BFC,3/6/2019,97.0,97.0,96.0,96.0,-1.03,300.0,562.0,418.0
BFC,3/7/2019,96.0,96.0,96.0,96.0,0.0,100.0,562.0,418.0
BFC,3/12/2019,95.0,95.0,95.0,95.0,-1.04,217.0,562.0,418.0
BFC,3/14/2019,94.0,94.0,93.0,93.0,-2.11,9490.0,562.0,418.0
BFC,3/17/2019,93.0,93.0,90.0,91.0,-2.15,4953.0,562.0,418.0
BFC,3/18/2019,92.0,94.0,92.0,94.0,3.3,120.0,562.0,418.0
BFC,3/19/2019,93.0,94.0,93.0,94.0,0.0,255.0,562.0,418.0
BFC,3/21/2019,95.0,96.0,94.0,94.0,0.0,110.0,562.0,418.0
BFC,3/25/2019,95.0,95.0,95.0,95.0,1.06,50.0,562.0,418.0
BFC,3/26/2019,95.0,95.0,95.0,95.0,0.0,55.0,562.0,418.0
BFC,3/27/2019,96.0,96.0,96.0,96.0,1.05,150.0,562.0,418.0
BFC,3/28/2019,95.0,96.0,95.0,95.0,-1.04,340.0,562.0,418.0
BFC,4/1/2019,96.0,97.0,96.0,97.0,2.11,60.0,562.0,418.0
BFC,4/16/2019,96.0,96.0,96.0,96.0,-1.03,160.0,562.0,418.0
BFC,4/21/2019,95.0,95.0,92.0,92.0,-4.17,463.0,562.0,418.0
BFC,4/24/2019,92.0,92.0,91.0,92.0,0.0,303.0,562.0,418.0
BFC,4/25/2019,92.0,92.0,91.0,91.0,-1.09,513.0,562.0,418.0
BFC,4/28/2019,92.0,93.0,92.0,93.0,2.2,2771.0,562.0,418.0
BFC,4/29/2019,94.0,95.0,93.0,95.0,2.15,774.0,562.0,418.0
BFC,4/30/2019,96.0,96.0,96.0,96.0,1.05,740.0,562.0,418.0
BFC,5/2/2019,96.0,96.0,96.0,96.0,0.0,20.0,562.0,418.0
BFC,5/5/2019,97.0,97.0,97.0,97.0,1.04,1000.0,562.0,418.0
BFC,5/6/2019,97.0,97.0,97.0,97.0,0.0,300.0,562.0,418.0
BFC,5/12/2019,96.0,96.0,96.0,96.0,-1.03,113.0,562.0,418.0
BFC,5/13/2019,95.0,95.0,95.0,95.0,-1.04,200.0,562.0,418.0
BFC,5/14/2019,96.0,96.0,96.0,96.0,1.05,110.0,562.0,418.0
BFC,5/15/2019,97.0,99.0,97.0,99.0,3.12,1036.0,562.0,418.0
BFC,5/16/2019,100.0,100.0,98.0,98.0,-1.01,520.0,562.0,418.0
BFC,5/19/2019,97.0,97.0,97.0,97.0,-1.02,40.0,562.0,418.0
BFC,5/20/2019,97.0,106.0,97.0,106.0,9.28,14095.0,562.0,418.0
BFC,5/21/2019,111.0,116.0,105.0,105.0,-0.94,23316.0,562.0,418.0
BFC,5/22/2019,107.0,113.0,105.0,106.0,0.95,7162.0,562.0,418.0
BFC,5/23/2019,108.0,108.0,104.0,105.0,-0.94,6390.0,562.0,418.0
BFC,5/26/2019,103.0,105.0,101.0,104.0,-0.95,2773.0,562.0,418.0
BFC,5/27/2019,102.0,104.0,102.0,104.0,0.0,3285.0,562.0,418.0
BFC,5/28/2019,102.0,103.0,101.0,103.0,-0.96,2117.0,562.0,418.0
BFC,5/29/2019,105.0,108.0,104.0,108.0,4.85,17241.0,562.0,418.0
BFC,5/30/2019,108.0,108.0,103.0,103.0,-4.63,5957.0,562.0,418.0
BFC,6/2/2019,105.0,105.0,103.0,105.0,1.94,6464.0,562.0,418.0
BFC,6/3/2019,107.0,107.0,101.0,101.0,-3.81,3995.0,562.0,418.0
BFC,6/4/2019,102.0,104.0,101.0,104.0,2.97,1725.0,562.0,418.0
BFC,6/6/2019,104.0,111.0,104.0,110.0,5.77,45973.0,562.0,418.0
BFC,6/10/2019,115.0,117.0,105.0,105.0,-4.55,11395.0,562.0,418.0
BFC,6/11/2019,107.0,108.0,106.0,107.0,1.9,12450.0,562.0,418.0
BFC,6/12/2019,105.0,107.0,105.0,106.0,-0.93,7257.0,562.0,418.0
BFC,6/13/2019,110.0,110.0,106.0,107.0,0.94,6777.0,562.0,418.0
BFC,6/16/2019,108.0,108.0,103.0,103.0,-3.74,4507.0,562.0,418.0
BFC,6/17/2019,105.0,106.0,103.0,104.0,0.97,6044.0,562.0,418.0
BFC,6/18/2019,106.0,106.0,105.0,105.0,0.96,1079.0,562.0,418.0
BFC,6/19/2019,106.0,107.0,104.0,105.0,0.0,4872.0,562.0,418.0
BFC,6/20/2019,106.0,107.0,105.0,105.0,0.0,5474.0,562.0,418.0
BFC,6/23/2019,105.0,105.0,103.0,103.0,-1.9,2940.0,562.0,418.0
BFC,6/24/2019,102.0,103.0,102.0,103.0,0.0,1220.0,562.0,418.0
BFC,6/25/2019,104.0,105.0,104.0,104.0,0.97,3775.0,562.0,418.0
BFC,6/26/2019,102.0,103.0,102.0,102.0,-1.92,3753.0,562.0,418.0
BFC,6/27/2019,104.0,106.0,104.0,105.0,2.94,906.0,562.0,418.0
BFC,6/30/2019,104.0,104.0,102.0,103.0,-1.9,4000.0,562.0,418.0
BFC,7/1/2019,101.0,102.0,101.0,101.0,-1.94,8220.0,562.0,418.0
BFC,7/2/2019,103.0,103.0,100.0,100.0,-0.99,6183.0,562.0,418.0
BFC,7/3/2019,101.0,105.0,100.0,105.0,5.0,3250.0,562.0,418.0
BFC,7/4/2019,105.0,105.0,101.0,101.0,-3.81,3440.0,562.0,418.0
BFC,7/7/2019,101.0,105.0,101.0,105.0,3.96,2327.0,562.0,418.0
BFC,7/8/2019,103.0,103.0,100.0,100.0,-4.76,5879.0,562.0,418.0
BFC,7/9/2019,102.0,103.0,102.0,103.0,3.0,371.0,562.0,418.0
BFC,7/10/2019,102.0,103.0,102.0,102.0,-0.97,2700.0,562.0,418.0
BFC,7/11/2019,100.0,101.0,100.0,100.0,-1.96,1663.0,562.0,418.0
BFC,7/14/2019,100.0,100.0,100.0,100.0,0.0,1160.0,562.0,418.0
BFC,7/15/2019,101.0,101.0,101.0,101.0,1.0,1200.0,562.0,418.0
BFC,7/17/2019,102.0,102.0,102.0,102.0,0.99,550.0,562.0,418.0
BFC,7/18/2019,103.0,103.0,102.0,102.0,0.0,1200.0,562.0,418.0
BFC,7/21/2019,101.0,101.0,100.0,100.0,-1.96,955.0,562.0,418.0
BFC,7/22/2019,102.0,103.0,102.0,102.0,2.0,1900.0,562.0,418.0
BFC,7/23/2019,102.0,104.0,100.0,104.0,1.96,6153.0,562.0,418.0
BFC,7/24/2019,105.0,105.0,101.0,101.0,-2.88,1314.0,562.0,418.0
BFC,7/25/2019,100.0,101.0,100.0,100.0,-0.99,12050.0,562.0,418.0
BFC,7/28/2019,100.0,100.0,100.0,100.0,0.0,70.0,562.0,418.0
BFC,7/29/2019,102.0,102.0,101.0,102.0,2.0,430.0,562.0,418.0
BFC,7/30/2019,100.0,100.0,100.0,100.0,-1.96,1229.0,562.0,418.0
BFC,7/31/2019,100.0,101.0,100.0,100.0,0.0,1360.0,562.0,418.0
BFC,8/1/2019,100.0,101.0,100.0,101.0,1.0,6603.0,562.0,418.0
BFC,8/4/2019,103.0,103.0,100.0,100.0,-0.99,2998.0,562.0,418.0
BFC,8/5/2019,100.0,100.0,99.0,100.0,0.0,2076.0,562.0,418.0
BFC,8/6/2019,99.0,100.0,97.0,97.0,-3.0,5067.0,562.0,418.0
BFC,8/7/2019,96.0,100.0,96.0,100.0,3.09,355.0,562.0,418.0
BFC,8/8/2019,101.0,99.0,100.0,100.0,0.0,935.0,562.0,418.0
BFC,8/11/2019,101.0,101.0,101.0,101.0,1.0,10.0,562.0,418.0
BFC,8/12/2019,100.0,100.0,99.0,99.0,-1.98,7550.0,562.0,418.0
BFC,8/13/2019,100.0,101.0,98.0,98.0,-1.01,4228.0,562.0,418.0
BFC,8/14/2019,98.0,99.0,96.0,96.0,-2.04,2457.0,562.0,418.0
BFC,8/15/2019,97.0,99.0,97.0,99.0,3.12,30.0,562.0,418.0
BFC,8/18/2019,98.0,98.0,97.0,98.0,-1.01,1324.0,562.0,418.0
BFC,8/19/2019,98.0,99.0,97.0,97.0,-1.02,1756.0,562.0,418.0
BFC,8/20/2019,98.0,99.0,94.0,94.0,-3.09,2802.0,562.0,418.0
BFC,8/21/2019,94.0,95.0,93.0,95.0,1.06,1824.0,562.0,418.0
BFC,8/22/2019,95.0,96.0,94.0,94.0,-1.05,2310.0,562.0,418.0
BFC,8/25/2019,95.0,95.0,93.0,93.0,-1.06,4100.0,562.0,418.0
BFC,8/26/2019,94.0,94.0,91.0,92.0,-1.08,4686.0,562.0,418.0
BFC,8/27/2019,92.0,96.0,92.0,96.0,4.35,1680.0,562.0,418.0
BFC,8/28/2019,95.0,95.0,94.0,94.0,-2.08,200.0,562.0,418.0
BFC,8/29/2019,95.0,95.0,95.0,95.0,1.06,15.0,562.0,418.0
BFC,9/1/2019,96.0,96.0,93.0,93.0,-2.11,300.0,562.0,418.0
BFC,9/2/2019,93.0,93.0,91.0,91.0,-2.15,523.0,562.0,418.0
BFC,9/3/2019,90.0,90.0,89.0,90.0,-1.1,508.0,562.0,418.0
BFC,9/4/2019,90.0,93.0,90.0,92.0,2.22,1423.0,562.0,418.0
BFC,9/5/2019,91.0,93.0,91.0,93.0,1.09,2385.0,562.0,418.0
BFC,9/9/2019,92.0,92.0,92.0,92.0,-1.08,1100.0,562.0,418.0
BFC,9/10/2019,91.0,91.0,91.0,91.0,-1.09,1000.0,562.0,418.0
BFC,9/11/2019,92.0,92.0,92.0,92.0,1.1,500.0,562.0,418.0
BFC,9/12/2019,91.0,91.0,88.0,90.0,-2.17,1490.0,562.0,418.0
BFC,9/15/2019,89.0,90.0,88.0,90.0,0.0,3729.0,562.0,418.0
BFC,9/16/2019,90.0,90.0,88.0,88.0,-2.22,1900.0,562.0,418.0
BFC,9/17/2019,89.0,90.0,87.0,88.0,0.0,3480.0,562.0,418.0
BFC,9/18/2019,88.0,89.0,88.0,88.0,0.0,30.0,562.0,418.0
BFC,9/19/2019,88.0,90.0,88.0,89.0,1.14,2110.0,562.0,418.0
BFC,9/22/2019,87.0,92.0,87.0,92.0,3.37,668.0,562.0,418.0
BFC,9/23/2019,91.0,91.0,90.0,91.0,-1.09,1890.0,562.0,418.0
BFC,9/24/2019,90.0,90.0,88.0,89.0,-2.2,2394.0,562.0,418.0
BFC,9/25/2019,88.0,89.0,87.0,89.0,0.0,3086.0,562.0,418.0
BFC,9/26/2019,88.0,88.0,86.0,87.0,-2.25,3157.0,562.0,418.0
BFC,9/29/2019,87.0,88.0,87.0,88.0,1.15,43.0,562.0,418.0
BFC,9/30/2019,88.0,88.0,88.0,88.0,0.0,1000.0,562.0,418.0
BFC,10/1/2019,87.0,93.0,87.0,91.0,3.41,5095.0,562.0,418.0
BFC,10/2/2019,91.0,91.0,90.0,90.0,-1.1,1209.0,562.0,418.0
BFC,10/3/2019,89.0,89.0,87.0,87.0,-3.33,1010.0,562.0,418.0
BFC,10/10/2019,87.0,87.0,86.0,87.0,0.0,1105.0,562.0,418.0
BFC,10/15/2019,88.0,92.0,88.0,90.0,3.45,1480.0,562.0,418.0
BFC,10/16/2019,89.0,91.0,89.0,90.0,0.0,1660.0,562.0,418.0
BFC,10/17/2019,89.0,94.0,89.0,94.0,4.44,783.0,562.0,418.0
BFC,10/20/2019,95.0,96.0,91.0,93.0,-1.06,737.0,562.0,418.0
BFC,10/21/2019,94.0,96.0,90.0,90.0,-3.23,1514.0,562.0,418.0
BFC,10/22/2019,91.0,92.0,91.0,91.0,1.11,220.0,562.0,418.0
BFC,10/23/2019,90.0,92.0,90.0,91.0,0.0,1000.0,562.0,418.0
BFC,10/24/2019,92.0,94.0,92.0,94.0,3.3,30.0,562.0,418.0
BFC,10/31/2019,93.0,93.0,90.0,90.0,-4.26,2600.0,562.0,418.0
BFC,11/3/2019,91.0,91.0,90.0,90.0,0.0,870.0,562.0,418.0
BFC,11/4/2019,89.0,92.0,88.0,92.0,2.22,942.0,562.0,418.0
BFC,11/6/2019,93.0,93.0,92.0,92.0,0.0,180.0,562.0,418.0
BFC,11/11/2019,91.0,94.0,91.0,94.0,2.17,355.0,562.0,418.0
BFC,11/12/2019,93.0,93.0,92.0,92.0,-2.13,1180.0,562.0,418.0
BFC,11/17/2019,92.0,92.0,92.0,92.0,0.0,50.0,562.0,418.0
BFC,11/19/2019,91.0,91.0,91.0,91.0,-1.09,65.0,562.0,418.0
BFC,11/20/2019,90.0,90.0,90.0,90.0,-1.1,25.0,562.0,418.0
BFC,11/21/2019,89.0,90.0,87.0,87.0,-3.33,1061.0,562.0,418.0
BFC,11/24/2019,87.0,88.0,85.0,87.0,0.0,3315.0,562.0,418.0
BFC,11/25/2019,88.0,88.0,87.0,87.0,0.0,330.0,562.0,418.0
BFC,11/26/2019,86.0,87.0,86.0,86.0,-1.15,275.0,562.0,418.0
BFC,11/27/2019,85.0,87.0,85.0,87.0,1.16,710.0,562.0,418.0
BFC,12/1/2019,88.0,89.0,88.0,89.0,2.3,110.0,562.0,418.0
BFC,12/2/2019,90.0,90.0,87.0,87.0,-2.25,760.0,562.0,418.0
BFC,12/3/2019,87.0,87.0,85.0,85.0,-2.3,4060.0,562.0,418.0
BFC,12/4/2019,86.0,86.0,85.0,85.0,0.0,6900.0,562.0,418.0
BFC,12/5/2019,86.0,89.0,86.0,88.0,3.53,1395.0,562.0,418.0
BFC,12/8/2019,87.0,88.0,86.0,87.0,-1.14,3320.0,562.0,418.0
BFC,12/9/2019,88.0,88.0,87.0,87.0,0.0,760.0,562.0,418.0
BFC,12/10/2019,88.0,89.0,87.0,87.0,0.0,335.0,562.0,418.0
BFC,12/11/2019,86.0,86.0,85.0,86.0,-1.15,1500.0,562.0,418.0
BFC,12/12/2019,86.0,87.0,85.0,87.0,1.16,2531.0,562.0,418.0
BFC,12/15/2019,88.0,89.0,83.0,84.0,-3.45,7837.0,562.0,418.0
BFC,12/16/2019,85.0,86.0,81.0,86.0,2.38,7894.0,562.0,418.0
BFC,12/17/2019,85.0,88.0,85.0,88.0,2.33,720.0,562.0,418.0
BFC,12/18/2019,89.0,89.0,84.0,84.0,-4.55,880.0,562.0,418.0
BFC,12/19/2019,85.0,86.0,84.0,84.0,0.0,1824.0,562.0,418.0
BFC,12/22/2019,83.0,85.0,83.0,84.0,0.0,378.0,562.0,418.0
BFC,12/23/2019,83.0,87.0,83.0,85.0,1.19,4100.0,562.0,418.0
BFC,12/24/2019,86.0,89.0,86.0,89.0,4.71,5293.0,562.0,418.0
BFC,12/25/2019,89.0,89.0,88.0,88.0,-1.12,110.0,562.0,418.0
BFC,12/30/2019,87.0,87.0,86.0,87.0,-1.14,1410.0,562.0,418.0
BFC,12/31/2019,86.0,86.0,84.0,86.0,-1.15,6125.0,562.0,418.0
BFC,1/1/2020,85.0,85.0,84.0,85.0,-1.16,3526.0,562.0,418.0
BFC,1/2/2020,84.0,85.0,84.0,85.0,0.0,1855.0,562.0,418.0
BFC,1/5/2020,85.0,86.0,84.0,84.0,-1.18,1223.0,562.0,418.0
BFC,1/6/2020,85.0,86.0,85.0,86.0,2.38,920.0,562.0,418.0
BFC,1/7/2020,85.0,88.0,84.0,86.0,0.0,2940.0,562.0,418.0
BFC,1/8/2020,85.0,87.0,84.0,85.0,-1.16,4670.0,562.0,418.0
BFC,1/9/2020,86.0,90.0,86.0,90.0,5.88,3921.0,562.0,418.0
BFC,1/12/2020,91.0,95.0,89.0,91.0,1.11,6014.0,562.0,418.0
BFC,1/13/2020,92.0,99.0,100.0,97.0,6.59,16824.0,562.0,418.0
BFC,1/14/2020,96.0,100.0,93.0,98.0,1.03,8135.0,562.0,418.0
BFC,1/15/2020,97.0,99.0,95.0,99.0,1.02,8526.0,562.0,418.0
BFC,1/16/2020,100.0,98.0,100.0,98.0,-1.01,10111.0,562.0,418.0
BFC,1/19/2020,99.0,99.0,100.0,107.0,9.18,16874.0,562.0,418.0
BFC,1/20/2020,109.0,109.0,102.0,102.0,-4.67,6889.0,562.0,418.0
BFC,1/21/2020,100.0,108.0,100.0,107.0,4.9,17224.0,562.0,418.0
BFC,1/22/2020,105.0,105.0,102.0,102.0,-4.67,6277.0,562.0,418.0
BFC,1/23/2020,102.0,104.0,100.0,100.0,-1.96,5952.0,562.0,418.0
BFC,1/26/2020,98.0,98.0,96.0,97.0,-3.0,1653.0,562.0,418.0
BFC,1/27/2020,96.0,99.0,93.0,98.0,1.03,6226.0,562.0,418.0
BFC,1/28/2020,99.0,99.0,100.0,99.0,1.02,3727.0,562.0,418.0
BFC,1/29/2020,98.0,99.0,96.0,96.0,-3.03,3928.0,562.0,418.0
BFC,1/30/2020,95.0,101.0,95.0,98.0,2.08,9976.0,562.0,418.0
BFC,2/2/2020,98.0,102.0,96.0,100.0,2.04,7812.0,562.0,418.0
BFC,2/3/2020,98.0,99.0,100.0,101.0,1.0,1241.0,562.0,418.0
BFC,2/4/2020,101.0,99.0,100.0,99.0,-1.98,3996.0,562.0,418.0
BFC,2/5/2020,99.0,99.0,100.0,100.0,1.01,14934.0,562.0,418.0
BFC,2/6/2020,98.0,104.0,98.0,104.0,4.0,14041.0,562.0,418.0
BFC,2/9/2020,106.0,106.0,100.0,100.0,-3.85,16052.0,562.0,418.0
BFC,2/10/2020,100.0,101.0,99.0,100.0,0.0,13508.0,562.0,418.0
BFC,2/11/2020,102.0,105.0,102.0,105.0,5.0,6006.0,562.0,418.0
BFC,2/12/2020,106.0,110.0,105.0,105.0,0.0,20177.0,562.0,418.0
BFC,2/13/2020,107.0,107.0,104.0,104.0,-0.95,5080.0,562.0,418.0
BFC,2/16/2020,105.0,111.0,102.0,105.0,0.96,10164.0,562.0,418.0
BFC,2/17/2020,103.0,115.0,103.0,109.0,3.81,23172.0,562.0,418.0
BFC,2/18/2020,111.0,116.0,106.0,109.0,0.0,22839.0,562.0,418.0
BFC,2/19/2020,109.0,116.0,109.0,110.0,0.92,3978.0,562.0,418.0
BFC,2/20/2020,112.0,113.0,107.0,109.0,-0.91,12137.0,562.0,418.0
BFC,2/23/2020,111.0,111.0,107.0,109.0,0.0,5908.0,562.0,418.0
BFC,2/24/2020,109.0,111.0,108.0,108.0,-0.92,1532.0,562.0,418.0
BFC,2/25/2020,108.0,114.0,108.0,110.0,1.85,13710.0,562.0,418.0
BFC,2/26/2020,110.0,114.0,110.0,112.0,1.82,32430.0,562.0,418.0
BFC,2/27/2020,113.0,114.0,109.0,110.0,-1.79,10855.0,562.0,418.0
BFC,3/1/2020,110.0,112.0,107.0,109.0,-0.91,13627.0,562.0,418.0
BFC,3/2/2020,107.0,108.0,106.0,106.0,-2.75,3535.0,562.0,418.0
BFC,3/3/2020,106.0,108.0,104.0,105.0,-0.94,14160.0,562.0,418.0
BFC,3/4/2020,105.0,106.0,104.0,104.0,-0.95,4446.0,562.0,418.0
BFC,3/5/2020,104.0,110.0,101.0,104.0,0.0,5690.0,562.0,418.0
BFC,3/10/2020,102.0,102.0,100.0,100.0,-3.85,225.0,562.0,418.0
BFC,3/11/2020,102.0,104.0,98.0,103.0,3.0,4383.0,562.0,418.0
BFC,3/12/2020,104.0,106.0,100.0,101.0,-1.94,21611.0,562.0,418.0
BFC,3/15/2020,99.0,102.0,99.0,100.0,-0.99,4612.0,562.0,418.0
BFC,3/16/2020,98.0,100.0,97.0,97.0,-3.0,4682.0,562.0,418.0
BFC,3/17/2020,96.0,98.0,96.0,96.0,-1.03,4894.0,562.0,418.0
BFC,3/18/2020,95.0,96.0,94.0,96.0,0.0,5496.0,562.0,418.0
BFC,3/19/2020,95.0,96.0,94.0,96.0,0.0,5069.0,562.0,418.0
BFC,3/22/2020,95.0,95.0,95.0,95.0,-1.04,50.0,562.0,418.0
BFC,5/12/2020,94.0,94.0,93.0,93.0,-2.11,20.0,562.0,418.0
BFC,5/13/2020,92.0,92.0,91.0,91.0,-2.15,120.0,562.0,418.0
BFC,6/29/2020,90.0,90.0,87.0,88.0,-3.3,5238.0,562.0,418.0
BFC,6/30/2020,87.0,87.0,86.0,86.0,-2.27,120.0,562.0,418.0
BFC,7/1/2020,87.0,87.0,87.0,87.0,1.16,200.0,562.0,418.0
BFC,7/2/2020,87.0,87.0,86.0,86.0,-1.15,505.0,562.0,418.0
BFC,7/5/2020,85.0,89.0,85.0,88.0,2.33,2894.0,562.0,418.0
BFC,7/6/2020,87.0,87.0,86.0,86.0,-2.27,1180.0,562.0,418.0
BFC,7/7/2020,85.0,88.0,85.0,87.0,1.16,2107.0,562.0,418.0
BFC,7/8/2020,86.0,89.0,86.0,89.0,2.3,417.0,562.0,418.0
BFC,7/9/2020,88.0,89.0,87.0,88.0,-1.12,1775.0,562.0,418.0
BFC,7/12/2020,87.0,91.0,87.0,90.0,2.27,3014.0,562.0,418.0
BFC,7/13/2020,89.0,92.0,89.0,89.0,-1.11,5727.0,562.0,418.0
BFC,7/14/2020,88.0,88.0,88.0,88.0,-1.12,100.0,562.0,418.0
BFC,7/15/2020,89.0,96.0,89.0,96.0,9.09,865.0,562.0,418.0
BFC,7/16/2020,95.0,103.0,93.0,101.0,5.21,4948.0,562.0,418.0
BFC,7/19/2020,103.0,105.0,103.0,105.0,3.96,100.0,562.0,418.0
BFC,7/20/2020,110.0,112.0,98.0,102.0,-2.86,15436.0,562.0,418.0
BFC,7/21/2020,100.0,103.0,99.0,99.0,-2.94,8211.0,562.0,418.0
BFC,7/22/2020,100.0,102.0,100.0,100.0,1.01,1855.0,562.0,418.0
BFC,7/23/2020,102.0,107.0,101.0,107.0,7.0,2208.0,562.0,418.0
BFC,7/26/2020,106.0,106.0,97.0,100.0,-6.54,16262.0,562.0,418.0
BFC,7/27/2020,98.0,99.0,100.0,104.0,4.0,5684.0,562.0,418.0
BFC,7/28/2020,104.0,104.0,100.0,103.0,-0.96,8106.0,562.0,418.0
BFC,7/29/2020,101.0,105.0,101.0,101.0,-1.94,5806.0,562.0,418.0
BFC,7/30/2020,100.0,99.0,100.0,101.0,0.0,266.0,562.0,418.0
BFC,8/2/2020,100.0,101.0,98.0,98.0,-2.97,15289.0,562.0,418.0
BFC,8/3/2020,97.0,102.0,97.0,99.0,1.02,2656.0,562.0,418.0
BFC,8/5/2020,98.0,98.0,93.0,94.0,-5.05,72865.0,562.0,418.0
BFC,8/6/2020,93.0,102.0,92.0,99.0,5.32,3336.0,562.0,418.0
BFC,8/9/2020,95.0,104.0,94.0,102.0,3.03,11399.0,562.0,418.0
BFC,8/10/2020,97.0,99.0,100.0,98.0,-3.92,5596.0,562.0,418.0
BFC,8/11/2020,94.0,106.0,94.0,103.0,5.1,6854.0,562.0,418.0
BFC,8/12/2020,108.0,108.0,98.0,103.0,0.0,838.0,562.0,418.0
BFC,8/13/2020,101.0,103.0,100.0,101.0,-1.94,3580.0,562.0,418.0
BFC,8/16/2020,96.0,100.0,96.0,100.0,-0.99,4478.0,562.0,418.0
BFC,8/17/2020,101.0,104.0,100.0,102.0,2.0,2785.0,562.0,418.0
BFC,8/18/2020,97.0,99.0,100.0,99.0,-2.94,6240.0,562.0,418.0
BFC,8/19/2020,100.0,102.0,98.0,99.0,0.0,9659.0,562.0,418.0
BFC,8/20/2020,100.0,99.0,100.0,102.0,3.03,3640.0,562.0,418.0
BFC,8/23/2020,100.0,99.0,100.0,102.0,0.0,4379.0,562.0,418.0
BFC,8/24/2020,97.0,99.0,100.0,101.0,-0.98,2750.0,562.0,418.0
BFC,8/25/2020,101.0,103.0,101.0,101.0,0.0,1127.0,562.0,418.0
BFC,8/26/2020,96.0,106.0,96.0,104.0,2.97,18553.0,562.0,418.0
BFC,8/27/2020,99.0,104.0,99.0,102.0,-1.92,3615.0,562.0,418.0
BFC,8/30/2020,97.0,100.0,97.0,99.0,-2.94,420.0,562.0,418.0
BFC,8/31/2020,95.0,106.0,95.0,104.0,5.05,5551.0,562.0,418.0
BFC,9/2/2020,104.0,107.0,102.0,105.0,0.96,14799.0,562.0,418.0
BFC,9/3/2020,110.0,110.0,102.0,104.0,-0.95,8843.0,562.0,418.0
BFC,9/6/2020,99.0,107.0,99.0,106.0,1.92,6438.0,562.0,418.0
BFC,9/7/2020,101.0,107.0,101.0,107.0,0.94,9672.0,562.0,418.0
BFC,9/8/2020,102.0,106.0,102.0,105.0,-1.87,1015.0,562.0,418.0
BFC,9/9/2020,105.0,109.0,103.0,106.0,0.95,922.0,562.0,418.0
BFC,9/10/2020,101.0,107.0,101.0,107.0,0.94,4036.0,562.0,418.0
BFC,9/13/2020,107.0,107.0,104.0,104.0,-2.8,12712.0,562.0,418.0
BFC,9/14/2020,109.0,109.0,105.0,105.0,0.96,9655.0,562.0,418.0
BFC,9/15/2020,103.0,111.0,103.0,108.0,2.86,12791.0,562.0,418.0
BFC,9/16/2020,103.0,108.0,103.0,106.0,-1.85,3095.0,562.0,418.0
BFC,9/17/2020,101.0,116.0,101.0,116.0,9.43,33350.0,562.0,418.0
BFC,9/20/2020,121.0,127.0,121.0,126.0,8.62,64543.0,562.0,418.0
BFC,9/21/2020,132.0,132.0,114.0,122.0,-3.17,18899.0,562.0,418.0
BFC,9/22/2020,116.0,127.0,116.0,118.0,-3.28,21299.0,562.0,418.0
BFC,9/23/2020,113.0,121.0,111.0,121.0,2.54,16296.0,562.0,418.0
BFC,9/24/2020,127.0,127.0,113.0,121.0,0.0,28165.0,562.0,418.0
BFC,9/27/2020,122.0,133.0,113.0,133.0,9.92,69525.0,562.0,418.0
BFC,9/28/2020,139.0,145.0,134.0,135.0,1.5,53267.0,562.0,418.0
BFC,9/29/2020,129.0,143.0,129.0,136.0,0.74,25105.0,562.0,418.0
BFC,9/30/2020,134.0,135.0,128.0,135.0,-0.74,19527.0,562.0,418.0
BFC,10/1/2020,141.0,141.0,131.0,136.0,0.74,24656.0,562.0,418.0
BFC,10/4/2020,138.0,140.0,130.0,130.0,-4.41,23365.0,562.0,418.0
BFC,10/5/2020,130.0,134.0,123.0,133.0,2.31,16640.0,562.0,418.0
BFC,10/6/2020,127.0,139.0,127.0,133.0,0.0,24937.0,562.0,418.0
BFC,10/7/2020,135.0,140.0,131.0,138.0,3.76,27391.0,562.0,418.0
BFC,10/8/2020,132.0,151.0,132.0,150.0,8.7,162491.0,562.0,418.0
BFC,10/11/2020,157.0,161.0,147.0,154.0,2.67,99191.0,562.0,418.0
BFC,10/12/2020,160.0,160.0,146.0,147.0,-4.55,43802.0,562.0,418.0
BFC,10/13/2020,154.0,154.0,142.0,142.0,-3.4,33249.0,562.0,418.0
BFC,10/14/2020,142.0,150.0,136.0,143.0,0.7,13559.0,562.0,418.0
BFC,10/15/2020,145.0,151.0,139.0,141.0,-1.4,11421.0,562.0,418.0
BFC,10/18/2020,143.0,143.0,137.0,138.0,-2.13,12157.0,562.0,418.0
BFC,10/19/2020,132.0,142.0,132.0,141.0,2.17,9447.0,562.0,418.0
BFC,10/20/2020,134.0,149.0,134.0,146.0,3.55,12872.0,562.0,418.0
BFC,10/21/2020,153.0,153.0,141.0,142.0,-2.74,7101.0,562.0,418.0
BFC,10/22/2020,142.0,148.0,142.0,146.0,2.82,11522.0,562.0,418.0
BFC,10/28/2020,147.0,150.0,144.0,147.0,0.68,12669.0,562.0,418.0
BFC,10/29/2020,147.0,147.0,144.0,146.0,-0.68,12115.0,562.0,418.0
BFC,11/1/2020,144.0,148.0,142.0,143.0,-2.05,3713.0,562.0,418.0
BFC,11/2/2020,144.0,145.0,141.0,141.0,-1.4,10513.0,562.0,418.0
BFC,11/3/2020,141.0,146.0,140.0,144.0,2.13,12547.0,562.0,418.0
BFC,11/4/2020,146.0,151.0,142.0,147.0,2.08,59133.0,562.0,418.0
BFC,11/5/2020,149.0,149.0,144.0,144.0,-2.04,7780.0,562.0,418.0
BFC,11/8/2020,146.0,147.0,145.0,146.0,1.39,19404.0,562.0,418.0
BFC,11/9/2020,147.0,148.0,143.0,146.0,0.0,24089.0,562.0,418.0
BFC,11/10/2020,139.0,147.0,139.0,144.0,-1.37,41099.0,562.0,418.0
BFC,11/11/2020,146.0,148.0,142.0,142.0,-1.39,19989.0,562.0,418.0
BFC,11/12/2020,143.0,147.0,141.0,144.0,1.41,10763.0,562.0,418.0
BFC,11/18/2020,145.0,145.0,140.0,142.0,-1.39,16977.0,562.0,418.0
BFC,11/19/2020,142.0,143.0,139.0,142.0,0.0,21175.0,562.0,418.0
BFC,11/22/2020,149.0,149.0,139.0,142.0,0.0,40806.0,562.0,418.0
BFC,11/23/2020,142.0,142.0,137.0,141.0,-0.7,27987.0,562.0,418.0
BFC,11/24/2020,139.0,142.0,137.0,140.0,-0.71,29917.0,562.0,418.0
BFC,11/25/2020,139.0,144.0,139.0,141.0,0.71,17973.0,562.0,418.0
BFC,11/26/2020,141.0,142.0,138.0,138.0,-2.13,22831.0,562.0,418.0
BFC,11/29/2020,136.0,143.0,136.0,140.0,1.45,42518.0,562.0,418.0
BFC,11/30/2020,142.0,147.0,140.0,142.0,1.43,23602.0,562.0,418.0
BFC,12/1/2020,140.0,141.0,138.0,140.0,-1.41,18601.0,562.0,418.0
BFC,12/2/2020,138.0,142.0,136.0,140.0,0.0,23889.0,562.0,418.0
BFC,12/3/2020,140.0,140.0,136.0,138.0,-1.43,14965.0,562.0,418.0
BFC,12/6/2020,138.0,138.0,133.0,135.0,-2.17,3563.0,562.0,418.0
BFC,12/7/2020,137.0,137.0,132.0,136.0,0.74,7562.0,562.0,418.0
BFC,12/8/2020,136.0,137.0,130.0,132.0,-2.94,15386.0,562.0,418.0
BFC,12/9/2020,132.0,132.0,130.0,132.0,0.0,6442.0,562.0,418.0
BFC,12/10/2020,130.0,134.0,124.0,130.0,-1.52,17548.0,562.0,418.0
BFC,12/13/2020,132.0,134.0,130.0,130.0,0.0,5512.0,562.0,418.0
BFC,12/14/2020,130.0,132.0,128.0,131.0,0.77,10627.0,562.0,418.0
BFC,12/15/2020,130.0,133.0,129.0,131.0,0.0,6736.0,562.0,418.0
BFC,12/16/2020,132.0,133.0,129.0,131.0,0.0,14430.0,562.0,418.0
BFC,12/17/2020,132.0,139.0,127.0,128.0,-2.29,24927.0,562.0,418.0
BFC,12/20/2020,128.0,136.0,128.0,134.0,4.69,13265.0,562.0,418.0
BFC,12/21/2020,132.0,132.0,124.0,130.0,-2.99,10607.0,562.0,418.0
BFC,12/22/2020,132.0,133.0,127.0,132.0,1.54,5976.0,562.0,418.0
BFC,12/23/2020,132.0,132.0,128.0,130.0,-1.52,8925.0,562.0,418.0
BFC,12/24/2020,129.0,131.0,128.0,128.0,-1.54,13259.0,562.0,418.0
BFC,12/27/2020,130.0,130.0,127.0,128.0,0.0,2530.0,562.0,418.0
BFC,12/28/2020,129.0,129.0,125.0,128.0,0.0,9258.0,562.0,418.0
BFC,12/29/2020,126.0,131.0,126.0,128.0,0.0,15317.0,562.0,418.0
BFC,12/30/2020,122.0,136.0,122.0,132.0,3.12,14417.0,562.0,418.0
BFC,12/31/2020,126.0,140.0,126.0,135.0,2.27,39543.0,562.0,418.0
BFC,1/3/2021,129.0,141.0,129.0,139.0,2.96,39077.0,562.0,418.0
BFC,1/4/2021,133.0,144.0,133.0,140.0,0.72,23333.0,562.0,418.0
BFC,1/5/2021,139.0,141.0,136.0,138.0,-1.43,20116.0,562.0,418.0
BFC,1/6/2021,140.0,144.0,135.0,140.0,1.45,13602.0,562.0,418.0
BFC,1/7/2021,140.0,140.0,136.0,140.0,0.0,6819.0,562.0,418.0
BFC,1/10/2021,139.0,140.0,136.0,140.0,0.0,10312.0,562.0,418.0
BFC,1/11/2021,141.0,142.0,137.0,138.0,-1.43,6227.0,562.0,418.0
BFC,1/12/2021,138.0,145.0,138.0,143.0,3.62,28097.0,562.0,418.0
BFC,1/13/2021,145.0,150.0,143.0,147.0,2.8,39818.0,562.0,418.0
BFC,1/17/2021,149.0,157.0,145.0,152.0,3.4,33578.0,562.0,418.0
BFC,1/18/2021,155.0,158.0,152.0,155.0,1.97,41798.0,562.0,418.0
BFC,1/19/2021,158.0,164.0,148.0,161.0,3.87,66726.0,562.0,418.0
BFC,1/20/2021,169.0,177.0,160.0,177.0,9.94,96861.0,562.0,418.0
BFC,1/21/2021,185.0,193.0,177.0,185.0,4.52,128562.0,562.0,418.0
BFC,1/24/2021,176.0,188.0,167.0,180.0,-2.7,107828.0,562.0,418.0
BFC,1/25/2021,183.0,183.0,169.0,173.0,-3.89,62659.0,562.0,418.0
BFC,1/26/2021,169.0,181.0,167.0,170.0,-1.73,57892.0,562.0,418.0
BFC,1/27/2021,170.0,173.0,167.0,167.0,-1.76,25256.0,562.0,418.0
BFC,1/28/2021,167.0,167.0,159.0,163.0,-2.4,59264.0,562.0,418.0
BFC,1/31/2021,163.0,168.0,154.0,155.0,-4.91,31682.0,562.0,418.0
BFC,2/1/2021,155.0,170.0,154.0,170.0,9.68,28621.0,562.0,418.0
BFC,2/2/2021,171.0,176.0,164.0,166.0,-2.35,20791.0,562.0,418.0
BFC,2/3/2021,166.0,168.0,162.0,164.0,-1.2,25337.0,562.0,418.0
BFC,2/4/2021,167.0,167.0,161.0,161.0,-1.83,34026.0,562.0,418.0
BFC,2/7/2021,164.0,165.0,159.0,165.0,2.48,34514.0,562.0,418.0
BFC,2/8/2021,168.0,168.0,161.0,162.0,-1.82,10695.0,562.0,418.0
BFC,2/9/2021,165.0,168.0,161.0,163.0,0.62,15313.0,562.0,418.0
BFC,2/10/2021,162.0,166.0,160.0,162.0,-0.61,12847.0,562.0,418.0
BFC,2/11/2021,164.0,168.0,160.0,162.0,0.0,16197.0,562.0,418.0
BFC,2/14/2021,160.0,162.0,155.0,159.0,-1.85,28660.0,562.0,418.0
BFC,2/15/2021,162.0,165.0,160.0,161.0,1.26,18813.0,562.0,418.0
BFC,2/16/2021,160.0,165.0,159.0,163.0,1.24,37428.0,562.0,418.0
BFC,2/17/2021,161.0,163.0,157.0,162.0,-0.61,11325.0,562.0,418.0
BFC,2/18/2021,164.0,178.0,164.0,178.0,9.88,192532.0,562.0,418.0
BFC,2/21/2021,186.0,195.0,172.0,172.0,-3.37,83852.0,562.0,418.0
BFC,2/22/2021,180.0,180.0,170.0,173.0,0.58,38607.0,562.0,418.0
BFC,2/23/2021,173.0,173.0,163.0,167.0,-3.47,36578.0,562.0,418.0
BFC,2/24/2021,170.0,176.0,167.0,169.0,1.2,13302.0,562.0,418.0
BFC,2/25/2021,170.0,172.0,164.0,167.0,-1.18,17647.0,562.0,418.0
BFC,2/28/2021,169.0,170.0,159.0,161.0,-3.59,17951.0,562.0,418.0
BFC,3/1/2021,162.0,168.0,159.0,165.0,2.48,13112.0,562.0,418.0
BFC,3/2/2021,168.0,168.0,159.0,161.0,-2.42,11489.0,562.0,418.0
BFC,3/3/2021,158.0,164.0,154.0,160.0,-0.62,19670.0,562.0,418.0
BFC,3/4/2021,168.0,168.0,159.0,163.0,1.88,7125.0,562.0,418.0
BFC,3/7/2021,163.0,164.0,158.0,161.0,-1.23,7809.0,562.0,418.0
BFC,3/9/2021,158.0,161.0,158.0,160.0,-0.62,9278.0,562.0,418.0
BFC,3/10/2021,160.0,161.0,158.0,161.0,0.63,7195.0,562.0,418.0
BFC,3/14/2021,158.0,159.0,154.0,157.0,-2.48,13830.0,562.0,418.0
BFC,3/15/2021,154.0,159.0,151.0,157.0,0.0,10545.0,562.0,418.0
BFC,3/16/2021,154.0,160.0,153.0,160.0,1.91,13662.0,562.0,418.0
BFC,3/17/2021,158.0,163.0,155.0,163.0,1.88,15527.0,562.0,418.0
BFC,3/18/2021,165.0,165.0,159.0,162.0,-0.61,12458.0,562.0,418.0
BFC,3/21/2021,165.0,165.0,157.0,162.0,0.0,7937.0,562.0,418.0
BFC,3/22/2021,170.0,170.0,156.0,159.0,-1.85,9415.0,562.0,418.0
BFC,3/23/2021,157.0,161.0,156.0,161.0,1.26,12749.0,562.0,418.0
BFC,3/24/2021,160.0,164.0,160.0,161.0,0.0,19520.0,562.0,418.0
BFC,3/25/2021,162.0,164.0,159.0,159.0,-1.24,10526.0,562.0,418.0
BFC,3/29/2021,166.0,166.0,160.0,162.0,1.89,12507.0,562.0,418.0
BFC,3/30/2021,170.0,170.0,160.0,162.0,0.0,6939.0,562.0,418.0
BFC,3/31/2021,170.0,170.0,160.0,162.0,0.0,5509.0,562.0,418.0
BFC,4/1/2021,161.0,162.0,158.0,162.0,0.0,22460.0,562.0,418.0
BFC,4/4/2021,170.0,170.0,160.0,162.0,0.0,15502.0,562.0,418.0
BFC,4/5/2021,162.0,164.0,160.0,160.0,-1.23,13389.0,562.0,418.0
BFC,4/6/2021,162.0,164.0,160.0,164.0,2.5,18069.0,562.0,418.0
BFC,4/7/2021,157.0,169.0,157.0,167.0,1.83,20486.0,562.0,418.0
BFC,4/8/2021,159.0,175.0,159.0,171.0,2.4,53478.0,562.0,418.0
BFC,4/12/2021,163.0,177.0,163.0,171.0,0.0,38882.0,562.0,418.0
BFC,4/13/2021,163.0,176.0,163.0,170.0,-0.58,41538.0,562.0,418.0
BFC,4/15/2021,162.0,187.0,162.0,187.0,10.0,190257.0,562.0,418.0
BFC,4/18/2021,196.0,202.0,182.0,186.0,-0.53,90575.0,562.0,418.0
BFC,4/19/2021,195.0,195.0,179.0,180.0,-3.23,43119.0,562.0,418.0
BFC,4/20/2021,183.0,183.0,175.0,177.0,-1.67,37975.0,562.0,418.0
BFC,4/21/2021,180.0,183.0,176.0,176.0,-0.56,20898.0,562.0,418.0
BFC,4/22/2021,179.0,185.0,175.0,184.0,4.55,71228.0,562.0,418.0
BFC,4/25/2021,193.0,193.0,173.0,181.0,-1.63,38110.0,562.0,418.0
BFC,4/26/2021,181.0,184.0,169.0,171.0,-5.52,53081.0,562.0,418.0
BFC,4/27/2021,179.0,182.0,174.0,180.0,5.26,30716.0,562.0,418.0
BFC,4/28/2021,183.0,183.0,175.0,175.0,-2.78,15998.0,562.0,418.0
BFC,4/29/2021,178.0,181.0,172.0,178.0,1.71,11552.0,562.0,418.0
BFC,5/2/2021,180.0,182.0,175.0,181.0,1.69,29644.0,562.0,418.0
BFC,5/3/2021,183.0,183.0,175.0,177.0,-2.21,33555.0,562.0,418.0
BFC,5/4/2021,185.0,185.0,176.0,177.0,0.0,11073.0,562.0,418.0
BFC,5/5/2021,185.0,185.0,176.0,177.0,0.0,23473.0,562.0,418.0
BFC,5/6/2021,185.0,185.0,173.0,180.0,1.69,56798.0,562.0,418.0
BFC,5/9/2021,189.0,189.0,176.0,179.0,-0.56,23202.0,562.0,418.0
BFC,5/10/2021,182.0,182.0,174.0,180.0,0.56,19292.0,562.0,418.0
BFC,5/11/2021,180.0,182.0,179.0,179.0,-0.56,33709.0,562.0,418.0
BFC,5/12/2021,178.0,191.0,178.0,188.0,5.03,89558.0,562.0,418.0
BFC,5/13/2021,188.0,206.0,186.0,206.0,9.57,249083.0,562.0,418.0
BFC,5/16/2021,216.0,226.0,212.0,220.0,6.8,176042.0,562.0,418.0
BFC,5/17/2021,220.0,226.0,213.0,220.0,0.0,139682.0,562.0,418.0
BFC,5/18/2021,221.0,242.0,220.0,242.0,10.0,230854.0,562.0,418.0
BFC,5/19/2021,254.0,266.0,241.0,254.0,4.96,170727.0,562.0,418.0
BFC,5/20/2021,255.0,270.0,242.0,264.0,3.94,159463.0,562.0,418.0
BFC,5/23/2021,259.0,290.0,245.0,290.0,9.85,223274.0,562.0,418.0
BFC,5/24/2021,304.0,310.0,283.0,293.0,1.03,192383.0,562.0,418.0
BFC,5/25/2021,293.0,294.0,279.0,287.0,-2.05,97709.0,562.0,418.0
BFC,5/27/2021,282.0,312.0,270.0,297.0,3.48,151527.0,562.0,418.0
BFC,5/30/2021,301.0,322.0,298.0,310.0,4.38,192232.0,562.0,418.0
BFC,5/31/2021,320.0,321.0,306.0,309.0,-0.32,139353.0,562.0,418.0
BFC,6/1/2021,300.0,314.0,300.0,303.0,-1.94,65439.0,562.0,418.0
BFC,6/2/2021,300.0,330.0,300.0,329.0,8.58,258994.0,562.0,418.0
BFC,6/3/2021,340.0,361.0,336.0,347.0,5.47,214202.0,562.0,418.0
BFC,6/6/2021,353.0,353.0,324.0,332.0,-4.32,158585.0,562.0,418.0
BFC,6/7/2021,332.0,360.0,331.0,358.0,7.83,238169.0,562.0,418.0
BFC,6/8/2021,365.0,393.0,363.0,393.0,9.78,112827.0,562.0,418.0
BFC,6/9/2021,410.0,417.0,370.0,390.0,-0.76,224911.0,562.0,418.0
BFC,6/10/2021,395.0,402.0,371.0,396.0,1.54,179710.0,562.0,418.0
BFC,6/13/2021,396.0,435.0,396.0,435.0,9.85,214771.0,562.0,418.0
BFC,6/14/2021,455.0,478.0,448.0,473.0,8.74,208013.0,562.0,418.0
BFC,6/15/2021,456.0,497.0,444.0,450.0,-4.86,141231.0,562.0,418.0
BFC,6/16/2021,440.0,453.0,405.0,406.0,-9.78,163880.0,562.0,418.0
BFC,6/17/2021,426.0,440.0,374.0,424.0,4.43,152252.0,562.0,418.0
BFC,6/20/2021,430.0,434.0,389.0,408.0,-3.77,94631.0,562.0,418.0
BFC,6/21/2021,428.0,428.0,377.0,377.0,-7.6,93822.0,562.0,418.0
BFC,6/22/2021,395.0,414.0,368.0,414.0,9.81,115095.0,562.0,418.0
BFC,6/23/2021,434.0,434.0,394.0,398.0,-3.86,56166.0,562.0,418.0
BFC,6/24/2021,398.0,405.0,384.0,390.0,-2.01,37251.0,562.0,418.0
BFC,6/27/2021,409.0,409.0,380.0,383.0,-1.79,30406.0,562.0,418.0
BFC,6/28/2021,402.0,402.0,355.0,362.0,-5.48,61669.0,562.0,418.0
BFC,6/29/2021,380.0,380.0,332.0,333.0,-8.01,101730.0,562.0,418.0
BFC,6/30/2021,335.0,360.0,310.0,359.0,7.81,83044.0,562.0,418.0
BFC,7/1/2021,370.0,390.0,360.0,390.0,8.64,83038.0,562.0,418.0
BFC,7/4/2021,395.0,402.0,376.0,385.0,-1.28,75926.0,562.0,418.0
BFC,7/5/2021,404.0,404.0,367.0,372.0,-3.38,31502.0,562.0,418.0
BFC,7/6/2021,390.0,390.0,360.0,366.0,-1.61,17092.0,562.0,418.0
BFC,7/7/2021,367.0,373.0,350.0,358.0,-2.19,20287.0,562.0,418.0
BFC,7/8/2021,363.0,380.0,351.0,366.0,2.23,41748.0,562.0,418.0
BFC,7/11/2021,384.0,402.0,377.0,402.0,9.84,87610.0,562.0,418.0
BFC,7/12/2021,410.0,430.0,383.0,400.0,-0.5,112038.0,562.0,418.0
BFC,7/13/2021,420.0,422.0,389.0,418.0,4.5,91573.0,562.0,418.0
BFC,7/14/2021,438.0,438.0,414.0,430.0,2.87,96767.0,562.0,418.0
BFC,7/15/2021,440.0,440.0,425.0,426.0,-0.93,84653.0,562.0,418.0
BFC,7/18/2021,430.0,438.6,421.0,424.0,-0.47,78659.0,562.0,418.0
BFC,7/19/2021,432.4,441.0,417.0,420.0,-0.94,94990.0,562.0,418.0
BFC,7/20/2021,428.4,428.4,412.0,414.9,-1.21,52398.0,562.0,418.0
BFC,7/22/2021,417.0,418.0,407.0,411.0,-0.94,53507.0,562.0,418.0
BFC,7/25/2021,419.0,422.0,412.0,418.0,1.7,87858.0,562.0,418.0
BFC,7/26/2021,424.0,434.0,419.0,431.0,3.11,132104.0,562.0,418.0
BFC,7/27/2021,428.0,456.0,428.0,455.0,5.57,173542.0,562.0,418.0
BFC,7/28/2021,464.0,496.7,464.0,485.0,6.59,204957.0,562.0,418.0
BFC,7/29/2021,494.0,494.6,467.0,475.0,-2.06,128287.0,562.0,418.0
BFC,8/1/2021,480.0,480.0,462.0,466.1,-1.87,103032.0,562.0,418.0
BFC,8/2/2021,466.1,485.0,466.0,467.0,0.19,78305.0,562.0,418.0
BFC,8/3/2021,475.0,475.0,451.0,467.0,0.0,57014.0,562.0,418.0
BFC,8/4/2021,476.0,500.0,472.0,491.0,5.14,169385.0,562.0,418.0
BFC,8/5/2021,500.8,503.0,481.0,484.0,-1.43,117617.0,562.0,418.0
BFC,8/8/2021,484.0,499.9,480.0,488.0,0.83,86388.0,562.0,418.0
BFC,8/9/2021,497.7,535.0,491.0,526.0,7.79,132287.0,562.0,418.0
BFC,8/10/2021,536.0,578.6,536.0,578.6,10.0,230100.0,562.0,418.0
BFC,8/11/2021,590.0,590.0,552.0,560.3,-3.16,180971.0,562.0,418.0
BFC,8/12/2021,571.5,585.0,549.0,565.1,0.86,146478.0,562.0,418.0
BFC,8/15/2021,553.8,580.0,510.0,544.0,-3.73,158030.0,562.0,418.0
BFC,8/16/2021,550.0,559.0,534.0,544.0,0.0,79769.0,562.0,418.0
BFC,8/17/2021,550.0,571.2,545.0,569.0,4.6,103318.0,562.0,418.0
BFC,8/18/2021,580.3,620.0,580.3,599.0,5.27,210574.0,562.0,418.0
BFC,8/19/2021,596.0,616.0,566.5,576.0,-3.84,135152.0,562.0,418.0
BFC,8/24/2021,573.0,596.0,550.1,567.0,-1.56,106440.0,562.0,418.0
BFC,8/25/2021,565.0,573.0,540.0,549.0,-3.17,58842.0,562.0,418.0
BFC,8/26/2021,550.0,594.9,550.0,588.0,7.1,123729.0,562.0,418.0
BFC,8/29/2021,599.7,630.0,599.7,615.5,4.68,241932.0,562.0,418.0
BFC,8/31/2021,621.0,625.0,585.1,600.0,-2.52,102564.0,562.0,418.0
BFC,9/1/2021,600.0,609.0,575.0,577.0,-3.83,71503.0,562.0,418.0
BFC,9/2/2021,578.0,588.5,539.0,545.1,-5.53,81668.0,562.0,418.0
BFC,9/5/2021,534.2,535.0,490.6,490.6,-10.0,96523.0,562.0,418.0
BFC,9/6/2021,480.8,539.6,471.0,539.6,9.99,86543.0,562.0,418.0
BFC,9/7/2021,550.0,569.9,528.0,549.0,1.74,59576.0,562.0,418.0
BFC,9/8/2021,549.0,549.0,515.0,525.0,-4.37,46940.0,562.0,418.0
BFC,9/9/2021,534.0,540.0,515.0,520.0,-0.95,24052.0,562.0,418.0
BFC,9/12/2021,520.0,550.0,510.0,550.0,5.77,46559.0,562.0,418.0
BFC,9/13/2021,561.0,580.0,552.0,558.0,1.45,69964.0,562.0,418.0
BFC,9/14/2021,548.0,560.0,541.0,542.5,-2.78,33530.0,562.0,418.0
BFC,9/15/2021,540.0,550.0,525.0,527.0,-2.86,29763.0,562.0,418.0
BFC,9/16/2021,520.0,520.0,490.0,508.0,-3.61,60601.0,562.0,418.0
BFC,9/20/2021,517.0,518.0,457.2,458.0,-9.84,77676.0,562.0,418.0
BFC,9/21/2021,467.0,492.0,412.2,454.0,-0.87,54618.0,562.0,418.0
BFC,9/22/2021,463.0,499.4,463.0,499.4,10.0,43624.0,562.0,418.0
BFC,9/23/2021,509.3,535.0,491.0,500.0,0.12,49360.0,562.0,418.0
BFC,9/26/2021,490.0,499.9,460.0,462.0,-7.6,34541.0,562.0,418.0
BFC,9/27/2021,462.0,480.0,432.0,435.0,-5.84,30297.0,562.0,418.0
BFC,9/28/2021,430.0,450.0,395.0,409.0,-5.98,38797.0,562.0,418.0
BFC,9/29/2021,409.0,439.0,390.0,428.0,4.65,40447.0,562.0,418.0
BFC,9/30/2021,436.0,444.0,409.0,415.0,-3.04,21088.0,562.0,418.0
BFC,10/3/2021,422.9,422.9,391.1,393.0,-5.3,23055.0,562.0,418.0
BFC,10/4/2021,390.1,395.0,375.0,380.0,-3.31,24461.0,562.0,418.0
BFC,10/5/2021,387.0,402.0,387.0,398.0,4.74,15450.0,562.0,418.0
BFC,10/6/2021,405.0,437.8,405.0,437.8,10.0,22665.0,562.0,418.0
BFC,10/10/2021,446.0,469.0,430.0,432.2,-1.28,38827.0,562.0,418.0
BFC,10/11/2021,432.2,433.0,416.0,428.0,-0.97,16182.0,562.0,418.0
BFC,10/17/2021,436.4,436.4,412.1,429.0,0.23,6664.0,562.0,418.0
BFC,10/18/2021,425.0,425.0,400.0,410.0,-4.43,17181.0,562.0,418.0
BFC,10/19/2021,410.0,410.0,383.0,387.0,-5.61,33663.0,562.0,418.0
BFC,10/20/2021,393.0,416.0,393.0,412.0,6.46,18696.0,562.0,418.0
BFC,10/21/2021,420.2,420.2,396.0,401.0,-2.67,14639.0,562.0,418.0
BFC,10/24/2021,409.0,441.1,409.0,441.1,10.0,17567.0,562.0,418.0
BFC,10/25/2021,449.9,485.2,449.9,485.2,10.0,10101.0,562.0,418.0
BFC,10/26/2021,494.9,533.7,494.9,533.7,10.0,20782.0,562.0,418.0
BFC,10/27/2021,544.3,587.0,520.0,580.0,8.68,299963.0,562.0,418.0
BFC,10/28/2021,580.0,615.0,558.0,586.0,1.03,134463.0,562.0,418.0
BFC,10/31/2021,586.0,596.9,561.6,573.0,-2.22,100870.0,562.0,418.0
BFC,11/1/2021,573.0,590.0,558.0,559.0,-2.44,69574.0,562.0,418.0
BFC,11/2/2021,551.0,575.9,551.0,573.0,2.5,56972.0,562.0,418.0
BFC,11/3/2021,580.0,580.0,563.0,564.0,-1.57,34576.0,562.0,418.0
BFC,11/8/2021,575.2,579.9,566.1,567.0,0.53,23899.0,562.0,418.0
BFC,11/9/2021,567.0,570.0,537.0,540.0,-4.76,65195.0,562.0,418.0
BFC,11/11/2021,535.0,540.0,509.0,516.0,-4.44,54781.0,562.0,418.0
BFC,11/14/2021,516.0,533.0,497.0,523.0,1.36,36593.0,562.0,418.0
BFC,11/15/2021,530.0,562.4,530.0,541.0,3.44,34793.0,562.0,418.0
BFC,11/16/2021,551.5,562.0,529.0,555.0,2.59,48183.0,562.0,418.0
BFC,11/17/2021,566.0,580.0,548.9,552.0,-0.54,46516.0,562.0,418.0
BFC,11/18/2021,541.0,556.0,530.2,538.0,-2.54,31487.0,562.0,418.0
BFC,11/21/2021,537.9,556.0,535.0,538.0,0.0,23108.0,562.0,418.0
BFC,11/22/2021,548.0,550.0,538.0,538.0,0.0,18491.0,562.0,418.0
BFC,11/23/2021,536.9,536.9,518.0,521.0,-3.16,37255.0,562.0,418.0
BFC,11/24/2021,525.0,549.0,512.0,530.0,1.73,20797.0,562.0,418.0
BFC,11/25/2021,535.0,540.0,521.4,523.1,-1.3,20704.0,562.0,418.0
BFC,11/28/2021,516.5,535.5,502.0,506.0,-3.27,33908.0,562.0,418.0
BFC,11/29/2021,506.0,516.1,497.0,509.0,0.59,27525.0,562.0,418.0
BFC,11/30/2021,511.0,518.0,506.1,516.0,1.38,17738.0,562.0,418.0
BFC,12/1/2021,526.0,526.0,515.0,515.0,-0.19,11490.0,562.0,418.0
BFC,12/2/2021,515.0,515.0,497.0,498.0,-3.3,30627.0,562.0,418.0
BFC,12/5/2021,499.0,500.0,468.0,474.0,-4.82,36689.0,562.0,418.0
BFC,12/6/2021,480.0,497.7,442.0,489.0,3.16,42275.0,562.0,418.0
BFC,12/7/2021,498.5,508.9,469.0,470.0,-3.89,22894.0,562.0,418.0
BFC,12/8/2021,470.0,480.0,448.0,448.5,-4.57,21734.0,562.0,418.0
BFC,12/9/2021,450.0,458.9,435.0,448.0,-0.11,23709.0,562.0,418.0
BFC,12/12/2021,448.0,448.0,419.0,419.0,-6.47,25462.0,562.0,418.0
BFC,12/13/2021,411.0,415.0,383.0,390.0,-6.92,45155.0,562.0,418.0
BFC,12/14/2021,397.0,429.0,397.0,429.0,10.0,23521.0,562.0,418.0
BFC,12/15/2021,437.0,471.9,432.0,457.0,6.53,56713.0,562.0,418.0
BFC,12/16/2021,458.0,464.0,438.0,444.0,-2.84,18583.0,562.0,418.0
BFC,12/20/2021,450.0,450.0,425.0,435.0,-2.03,10987.0,562.0,418.0
BFC,12/21/2021,443.0,451.0,434.0,442.0,1.61,13352.0,562.0,418.0
BFC,12/22/2021,450.0,474.0,450.0,472.0,6.79,30899.0,562.0,418.0
BFC,12/23/2021,480.0,494.1,463.0,470.0,-0.42,35749.0,562.0,418.0
BFC,12/26/2021,473.0,474.0,456.0,460.1,-2.11,16562.0,562.0,418.0
BFC,12/27/2021,460.0,475.0,433.0,433.0,-5.89,26037.0,562.0,418.0
BFC,12/28/2021,433.0,455.5,424.4,447.0,3.23,30045.0,562.0,418.0
BFC,12/29/2021,452.0,455.0,438.0,440.0,-1.57,13843.0,562.0,418.0
BFC,1/2/2022,438.0,447.9,433.0,438.1,-0.43,10000.0,562.0,418.0
BFC,1/3/2022,445.0,454.0,440.0,442.0,0.89,18546.0,562.0,418.0
BFC,1/4/2022,450.0,459.0,444.0,456.0,3.17,24848.0,562.0,418.0
BFC,1/5/2022,465.0,477.0,448.0,460.0,0.88,59998.0,562.0,418.0
BFC,1/6/2022,450.8,475.0,450.8,474.0,3.04,30925.0,562.0,418.0
BFC,1/9/2022,482.9,504.0,480.2,495.0,4.43,69195.0,562.0,418.0
BFC,1/10/2022,504.9,528.0,500.0,508.0,2.63,76998.0,562.0,418.0
BFC,1/11/2022,502.0,538.5,498.0,525.0,3.35,53211.0,562.0,418.0
BFC,1/12/2022,535.0,545.0,500.0,504.0,-4.0,82220.0,562.0,418.0
BFC,1/13/2022,510.0,525.0,501.0,520.0,3.17,63273.0,562.0,418.0
BFC,1/16/2022,525.0,550.8,524.0,530.0,1.92,61015.0,562.0,418.0
BFC,1/17/2022,540.0,569.0,519.4,555.0,4.72,104217.0,562.0,418.0
BFC,1/18/2022,565.0,577.0,545.1,560.0,0.9,107460.0,562.0,418.0
BFC,1/19/2022,570.0,570.0,546.0,554.0,-1.07,97672.0,562.0,418.0
BFC,1/20/2022,544.0,565.0,543.0,563.0,1.62,75456.0,562.0,418.0
BFC,1/23/2022,574.0,574.0,538.1,539.0,-4.26,118194.0,562.0,418.0
BFC,1/24/2022,539.0,539.0,505.0,514.0,-4.64,77496.0,562.0,418.0
BFC,1/25/2022,510.0,527.2,505.0,509.0,-0.97,41230.0,562.0,418.0
BFC,1/26/2022,517.0,517.0,485.0,494.0,-2.95,53550.0,562.0,418.0
BFC,1/27/2022,485.0,503.0,485.0,496.0,0.4,25695.0,562.0,418.0
BFC,1/30/2022,505.0,535.8,505.0,526.8,6.21,53378.0,562.0,418.0
BFC,1/31/2022,530.0,536.0,508.0,517.0,-1.86,27842.0,562.0,418.0
BFC,2/1/2022,520.0,528.0,513.0,520.6,0.7,34954.0,562.0,418.0
BFC,2/3/2022,531.0,532.0,516.0,516.1,-0.86,37500.0,562.0,418.0
BFC,2/6/2022,513.0,514.0,504.0,508.0,-1.57,27430.0,562.0,418.0
BFC,2/7/2022,518.1,518.1,500.0,511.0,0.59,20398.0,562.0,418.0
BFC,2/8/2022,521.2,542.0,500.0,506.0,-0.98,34442.0,562.0,418.0
BFC,2/9/2022,506.0,509.8,498.0,499.1,-1.36,14129.0,562.0,418.0
BFC,2/10/2022,499.0,509.0,491.0,495.0,-0.82,22534.0,562.0,418.0
BFC,2/13/2022,495.0,495.0,467.0,473.0,-4.44,44281.0,562.0,418.0
BFC,2/14/2022,482.0,489.0,465.3,474.0,0.21,21098.0,562.0,418.0
BFC,2/15/2022,482.9,490.1,473.0,490.0,3.38,22261.0,562.0,418.0
BFC,2/16/2022,499.0,499.0,475.0,482.0,-1.63,16798.0,562.0,418.0
BFC,2/17/2022,485.0,485.0,475.0,475.0,-1.45,8123.0,562.0,418.0
BFC,2/20/2022,465.5,471.2,456.2,465.3,-2.04,33847.0,562.0,418.0
BFC,2/21/2022,474.0,479.0,466.1,469.0,0.8,9350.0,562.0,418.0
BFC,2/22/2022,466.0,490.0,466.0,483.0,2.99,27305.0,562.0,418.0
BFC,2/23/2022,483.0,487.0,475.0,476.0,-1.45,10099.0,562.0,418.0
BFC,2/24/2022,480.0,480.0,458.0,461.0,-3.15,25936.0,562.0,418.0
BFC,2/27/2022,463.0,468.0,450.0,455.1,-1.28,19367.0,562.0,418.0
BFC,2/28/2022,455.1,472.9,449.0,450.0,-1.12,22801.0,562.0,418.0
BFC,3/2/2022,441.2,450.0,441.0,441.0,-2.0,67505.0,562.0,418.0
BFC,3/6/2022,449.8,454.1,436.1,436.1,-1.11,18987.0,562.0,418.0
BFC,3/7/2022,438.0,443.0,435.0,435.0,-0.25,11715.0,562.0,418.0
BFC,3/9/2022,432.1,435.0,418.1,423.0,-2.76,14814.0,562.0,418.0
BFC,3/10/2022,427.0,448.0,420.0,447.0,5.67,17115.0,562.0,418.0
BFC,3/13/2022,448.0,491.7,448.0,475.0,6.26,36376.0,562.0,418.0
BFC,3/14/2022,478.0,484.0,466.0,475.0,0.0,9445.0,562.0,418.0
BFC,3/15/2022,470.0,477.9,463.0,470.0,-1.05,16689.0,562.0,418.0
BFC,3/16/2022,470.0,475.0,461.0,461.0,-1.91,9059.0,562.0,418.0
BFC,3/20/2022,465.0,470.0,450.0,454.0,-1.52,9895.0,562.0,418.0
BFC,3/21/2022,454.0,470.0,451.0,468.0,3.08,8977.0,562.0,418.0
BFC,3/22/2022,476.9,476.9,460.0,465.0,-0.64,8336.0,562.0,418.0
BFC,3/23/2022,472.5,472.5,452.1,454.0,-2.37,7024.0,562.0,418.0
BFC,3/24/2022,454.0,454.0,445.2,447.0,-1.54,12440.0,562.0,418.0
BFC,3/27/2022,447.0,449.0,431.0,433.0,-3.13,17875.0,562.0,418.0
BFC,3/28/2022,426.0,440.9,422.0,423.0,-2.31,12594.0,562.0,418.0
BFC,3/29/2022,430.9,435.0,420.0,422.9,-0.02,13564.0,562.0,418.0
BFC,3/30/2022,431.0,438.0,419.0,436.8,3.29,10762.0,562.0,418.0
BFC,3/31/2022,438.0,443.0,429.0,429.0,-1.79,8060.0,562.0,418.0
BFC,4/3/2022,432.0,432.0,420.0,423.0,-1.4,10124.0,562.0,418.0
BFC,4/4/2022,423.0,433.4,420.0,420.0,-0.71,7921.0,562.0,418.0
BFC,4/5/2022,412.0,416.2,402.0,411.0,-2.14,19625.0,562.0,418.0
BFC,4/6/2022,411.0,411.0,400.0,403.0,-1.95,12180.0,562.0,418.0
BFC,4/7/2022,410.0,421.0,405.0,411.0,1.99,12603.0,562.0,418.0
BFC,4/11/2022,419.0,427.0,406.0,410.0,-0.24,14962.0,562.0,418.0
BFC,4/12/2022,402.2,410.0,400.0,402.0,-1.95,10672.0,562.0,418.0
BFC,4/13/2022,407.9,409.0,390.0,405.0,0.75,11159.0,562.0,418.0
BFC,4/17/2022,410.0,413.0,396.0,396.0,-2.22,7417.0,562.0,418.0
BFC,4/18/2022,399.0,400.0,386.0,387.0,-2.27,10516.0,562.0,418.0
BFC,4/19/2022,382.0,393.9,374.4,387.0,0.0,12630.0,562.0,418.0
BFC,4/20/2022,391.0,393.0,371.8,380.0,-1.81,13634.0,562.0,418.0
BFC,4/21/2022,379.9,380.0,363.0,371.0,-2.37,11854.0,562.0,418.0
BFC,4/24/2022,378.4,408.1,378.0,408.1,10.0,32674.0,562.0,418.0
BFC,4/25/2022,416.2,435.0,408.0,416.0,1.94,30303.0,562.0,418.0
BFC,4/26/2022,415.0,431.0,409.1,415.0,-0.24,9294.0,562.0,418.0
BFC,4/27/2022,415.0,421.0,407.0,420.0,1.2,13296.0,562.0,418.0
BFC,4/28/2022,425.0,428.0,410.0,410.0,-2.38,12382.0,562.0,418.0
BFC,5/2/2022,415.0,415.0,396.5,397.0,-3.17,11666.0,562.0,418.0
BFC,5/4/2022,395.0,404.0,390.0,394.0,-0.76,8667.0,562.0,418.0
BFC,5/5/2022,394.0,399.0,385.0,389.0,-1.27,11269.0,562.0,418.0
BFC,5/8/2022,389.0,405.0,378.0,404.0,3.86,9231.0,562.0,418.0
BFC,5/9/2022,412.0,417.1,400.0,400.0,-0.99,15991.0,562.0,418.0
BFC,5/10/2022,406.9,423.4,400.0,418.0,4.5,17943.0,562.0,418.0
BFC,5/11/2022,420.0,435.5,417.0,435.0,4.07,31039.0,562.0,418.0
BFC,5/12/2022,439.0,445.0,423.0,429.8,-1.2,35890.0,562.0,418.0
BFC,5/17/2022,430.0,430.0,405.0,405.0,-5.77,8340.0,562.0,418.0
BFC,5/18/2022,399.0,412.0,392.0,411.0,1.48,15086.0,562.0,418.0
BFC,5/19/2022,406.0,414.1,397.0,400.0,-2.68,9346.0,562.0,418.0
BFC,5/20/2022,402.0,406.8,392.0,394.0,-1.5,8432.0,562.0,418.0
BFC,5/23/2022,386.2,397.0,385.2,386.5,-1.9,15232.0,562.0,418.0
BFC,5/24/2022,382.0,410.8,381.0,394.0,1.94,9250.0,562.0,418.0
BFC,5/25/2022,401.0,413.0,396.0,398.0,1.02,7750.0,562.0,418.0
BFC,5/26/2022,393.0,404.0,391.0,398.8,0.2,8798.0,562.0,418.0
BFC,5/27/2022,399.0,399.0,390.9,392.1,-1.68,8225.0,562.0,418.0
BFC,5/30/2022,396.0,396.0,381.0,385.0,-1.81,9669.0,562.0,418.0
BFC,5/31/2022,382.0,390.0,380.0,380.2,-1.25,8783.0,562.0,418.0
BFC,6/1/2022,387.0,394.7,377.2,388.0,2.05,11762.0,562.0,418.0
BFC,6/2/2022,392.0,394.9,383.0,387.0,-0.26,5220.0,562.0,418.0
BFC,6/3/2022,392.0,392.0,380.0,382.1,-1.27,7890.0,562.0,418.0
BFC,6/6/2022,386.0,396.0,375.4,382.1,0.0,7814.0,562.0,418.0
BFC,6/7/2022,375.0,382.0,374.0,377.0,-1.33,10956.0,562.0,418.0
BFC,6/8/2022,383.0,396.0,377.0,386.0,2.39,11349.0,562.0,418.0
BFC,6/9/2022,390.0,397.7,382.2,382.2,-0.98,14891.0,562.0,418.0
BFC,6/10/2022,375.3,383.0,371.0,374.0,-2.15,6226.0,562.0,418.0
BFC,6/13/2022,375.0,380.0,370.0,371.3,-0.72,6141.0,562.0,418.0
BFC,6/14/2022,372.0,377.0,362.0,362.0,-2.5,7690.0,562.0,418.0
BFC,6/15/2022,360.1,361.0,350.0,355.0,-1.93,10926.0,562.0,418.0
BFC,6/16/2022,355.0,369.2,350.1,358.0,0.85,3714.0,562.0,418.0
BFC,6/17/2022,360.0,360.0,350.9,352.0,-1.68,4063.0,562.0,418.0
BFC,6/19/2022,359.0,359.0,334.1,338.0,-3.98,7122.0,562.0,418.0
BFC,6/20/2022,338.0,344.0,322.0,333.0,-1.48,8125.0,562.0,418.0
BFC,6/21/2022,333.0,346.2,333.0,344.8,3.54,9820.0,562.0,418.0
BFC,6/22/2022,350.0,350.0,332.0,332.6,-3.54,5201.0,562.0,418.0
BFC,6/23/2022,327.0,327.0,309.0,312.0,-6.19,19553.0,562.0,418.0
BFC,6/24/2022,307.1,325.0,298.0,315.0,0.96,6543.0,562.0,418.0
BFC,6/26/2022,320.0,342.0,320.0,339.8,7.87,17253.0,562.0,418.0
BFC,6/27/2022,346.5,346.8,329.0,335.0,-1.41,15779.0,562.0,418.0
BFC,6/28/2022,329.0,330.0,323.0,328.0,-2.09,9125.0,562.0,418.0
BFC,6/29/2022,326.0,344.0,326.0,338.3,3.14,8132.0,562.0,418.0
BFC,6/30/2022,343.0,362.0,343.0,359.0,6.12,18372.0,562.0,418.0
BFC,7/1/2022,364.0,382.5,358.7,370.0,3.06,19506.0,562.0,418.0
BFC,7/3/2022,365.0,386.0,362.0,383.5,3.65,16633.0,562.0,418.0
BFC,7/4/2022,387.9,412.0,373.0,380.0,-0.91,38598.0,562.0,418.0
BFC,7/5/2022,373.0,394.0,365.3,370.9,-2.39,28327.0,562.0,418.0
BFC,7/6/2022,378.0,387.0,358.0,380.0,2.45,22485.0,562.0,418.0
BFC,7/7/2022,385.0,394.7,376.0,380.0,0.0,13761.0,562.0,418.0
BFC,7/8/2022,374.1,374.1,362.0,362.0,-4.74,8363.0,562.0,418.0
BFC,7/11/2022,358.0,358.0,340.0,344.0,-4.97,22080.0,562.0,418.0
BFC,7/12/2022,350.0,350.8,339.0,345.0,0.29,10023.0,562.0,418.0
BFC,7/13/2022,351.0,374.0,351.0,374.0,8.41,18306.0,562.0,418.0
BFC,7/14/2022,375.0,388.6,373.4,378.0,1.07,19213.0,562.0,418.0
BFC,7/15/2022,371.0,378.0,366.0,377.5,-0.13,6095.0,562.0,418.0
BFC,7/17/2022,384.0,384.0,370.0,371.1,-1.7,13617.0,562.0,418.0
BFC,7/18/2022,371.0,375.5,364.0,375.5,1.19,7411.0,562.0,418.0
BFC,7/19/2022,376.9,395.0,376.9,385.0,2.53,20622.0,562.0,418.0
BFC,7/20/2022,390.0,404.9,384.0,387.1,0.55,21418.0,562.0,418.0
BFC,7/21/2022,387.1,391.0,379.4,381.0,-1.58,11367.0,562.0,418.0
BFC,7/22/2022,388.0,388.0,370.0,372.5,-2.23,12242.0,562.0,418.0
BFC,7/24/2022,379.9,407.0,379.9,407.0,9.26,28535.0,562.0,418.0
BFC,7/25/2022,414.0,430.0,407.0,427.1,4.94,55622.0,562.0,418.0
BFC,7/26/2022,428.0,431.0,408.0,411.0,-3.77,47318.0,562.0,418.0
BFC,7/27/2022,413.0,430.0,399.8,426.1,3.67,49644.0,562.0,418.0
BFC,7/28/2022,432.0,461.8,427.0,448.0,5.14,87806.0,562.0,418.0
BFC,7/29/2022,455.0,456.9,443.0,449.0,0.22,32016.0,562.0,418.0
BFC,7/31/2022,449.0,457.9,437.0,441.0,-1.78,49653.0,562.0,418.0
BFC,8/1/2022,441.0,449.8,426.0,435.0,-1.36,30839.0,562.0,418.0
BFC,8/2/2022,443.0,446.7,430.0,438.0,0.69,24604.0,562.0,418.0
BFC,8/3/2022,446.7,475.0,445.0,446.0,1.83,68307.0,562.0,418.0
BFC,8/4/2022,450.0,450.0,429.0,430.0,-3.59,32818.0,562.0,418.0
BFC,8/5/2022,425.0,430.0,418.0,418.0,-2.79,32268.0,562.0,418.0
BFC,8/7/2022,419.0,430.0,411.0,422.0,0.96,20216.0,562.0,418.0
BFC,8/8/2022,422.0,427.0,408.0,409.9,-2.87,26092.0,562.0,418.0
BFC,8/9/2022,406.0,409.1,387.0,387.0,-5.59,31694.0,562.0,418.0
BFC,8/10/2022,390.0,403.0,381.0,396.0,2.33,28581.0,562.0,418.0
BFC,8/11/2022,400.0,405.0,390.0,391.0,-1.26,18966.0,562.0,418.0
BFC,8/14/2022,388.0,397.8,384.0,386.0,-1.28,11229.0,562.0,418.0
BFC,8/15/2022,380.0,408.0,380.0,408.0,5.7,35329.0,562.0,418.0
BFC,8/16/2022,414.0,422.0,391.0,395.0,-3.19,33819.0,562.0,418.0
BFC,8/17/2022,395.0,403.9,392.0,395.0,0.0,9468.0,562.0,418.0
BFC,8/18/2022,400.0,408.0,395.0,406.5,2.91,20869.0,562.0,418.0
BFC,8/21/2022,411.0,420.0,400.0,405.0,-0.37,18957.0,562.0,418.0
BFC,8/22/2022,405.0,405.0,396.0,398.0,-1.73,12018.0,562.0,418.0
BFC,8/23/2022,400.0,402.0,395.3,400.0,0.5,6708.0,562.0,418.0
BFC,8/24/2022,405.0,406.0,398.1,398.1,-0.47,10802.0,562.0,418.0
BFC,8/25/2022,398.0,401.0,388.1,392.0,-1.53,16960.0,562.0,418.0
BFC,8/26/2022,386.0,390.0,384.0,385.1,-1.76,12070.0,562.0,418.0
BFC,8/28/2022,385.5,387.0,373.0,373.0,-3.14,21737.0,562.0,418.0
BFC,8/29/2022,367.0,382.0,366.0,377.4,1.18,14066.0,562.0,418.0
BFC,8/30/2022,384.0,389.0,374.0,375.0,-0.64,5028.0,562.0,418.0
BFC,8/31/2022,372.0,379.0,368.0,369.9,-1.36,9175.0,562.0,418.0
BFC,9/1/2022,372.0,372.5,363.0,370.0,0.03,7023.0,562.0,418.0
BFC,9/2/2022,375.0,377.1,369.0,370.0,0.0,4980.0,562.0,418.0
BFC,9/4/2022,370.0,380.0,370.0,371.0,0.27,7685.0,562.0,418.0
BFC,9/5/2022,375.0,375.5,368.0,373.0,0.54,5392.0,562.0,418.0
BFC,9/6/2022,368.0,374.0,363.0,363.1,-2.65,10584.0,562.0,418.0
BFC,9/7/2022,360.0,364.7,358.0,358.0,-1.4,7406.0,562.0,418.0
BFC,9/8/2022,352.0,367.0,352.0,364.0,1.68,4282.0,562.0,418.0
BFC,9/11/2022,366.0,371.0,355.0,356.0,-2.2,3067.0,562.0,418.0
BFC,9/12/2022,356.0,356.0,349.0,356.0,0.0,8130.0,562.0,418.0
BFC,9/13/2022,360.0,364.0,358.0,360.0,1.12,7379.0,562.0,418.0
BFC,9/14/2022,365.0,384.9,365.0,383.0,6.39,16054.0,562.0,418.0
BFC,9/15/2022,388.0,388.0,360.0,361.0,-5.74,17310.0,562.0,418.0
BFC,9/16/2022,353.8,358.0,346.9,357.0,-1.11,12995.0,562.0,418.0
BFC,9/18/2022,350.0,354.9,346.0,346.0,-3.08,14960.0,562.0,418.0
BFC,9/20/2022,340.0,345.0,334.0,334.0,-3.47,13442.0,562.0,418.0
BFC,9/21/2022,340.0,346.8,334.0,343.2,2.75,5663.0,562.0,418.0
BFC,9/22/2022,340.0,340.0,336.4,336.5,-1.95,3107.0,562.0,418.0
BFC,9/25/2022,336.0,336.0,328.0,330.0,-1.93,10168.0,562.0,418.0
BFC,9/27/2022,334.0,346.0,318.0,318.0,-3.64,22406.0,562.0,418.0
BFC,9/28/2022,322.0,330.4,317.0,318.0,0.0,5757.0,562.0,418.0
BFC,9/29/2022,324.0,330.3,324.0,327.0,2.83,5093.0,562.0,418.0
BFC,10/9/2022,331.0,340.0,331.0,336.0,2.75,7731.0,562.0,418.0
BFC,10/10/2022,342.0,342.0,324.0,325.0,-3.27,9256.0,562.0,418.0
BFC,10/11/2022,322.0,322.0,316.0,318.6,-1.97,4310.0,562.0,418.0
BFC,10/12/2022,320.0,330.0,320.0,322.0,1.07,4389.0,562.0,418.0
BFC,10/13/2022,328.0,336.0,323.6,323.6,0.5,6774.0,562.0,418.0
BFC,10/16/2022,325.2,331.0,322.0,322.0,-0.49,6307.0,562.0,418.0
BFC,10/17/2022,325.0,331.5,322.3,326.0,1.24,3452.0,562.0,418.0
BFC,10/19/2022,326.0,326.0,320.0,321.0,-1.53,2530.0,562.0,418.0
BFC,10/20/2022,321.0,323.0,318.0,318.1,-0.9,5616.0,562.0,418.0
BFC,10/23/2022,311.8,311.8,299.5,308.0,-3.18,24705.0,562.0,418.0
BFC,10/31/2022,302.0,304.9,298.0,303.9,-1.33,16252.0,562.0,418.0
BFC,11/1/2022,300.0,317.0,300.0,317.0,4.31,13193.0,562.0,418.0
BFC,11/2/2022,318.7,333.0,311.1,324.9,2.49,15244.0,562.0,418.0
BFC,11/3/2022,328.0,328.0,319.0,322.1,-0.86,10261.0,562.0,418.0
BFC,11/6/2022,316.5,333.0,316.5,331.0,2.76,10893.0,562.0,418.0
BFC,11/7/2022,334.0,345.0,331.0,335.0,1.21,25419.0,562.0,418.0
BFC,11/8/2022,335.0,338.9,331.0,337.0,0.6,4758.0,562.0,418.0
BFC,11/9/2022,333.1,338.0,310.1,314.0,-6.82,10828.0,562.0,418.0
BFC,11/10/2022,318.0,320.0,304.0,308.0,-1.91,14621.0,562.0,418.0
BFC,11/13/2022,302.0,310.0,299.0,303.0,-1.62,4419.0,562.0,418.0
BFC,11/14/2022,301.1,318.9,301.0,318.9,5.25,5953.0,562.0,418.0
BFC,11/15/2022,319.0,322.0,306.5,311.0,-2.48,6866.0,562.0,418.0
BFC,11/16/2022,314.0,319.9,307.0,316.5,1.77,4116.0,562.0,418.0
BFC,11/17/2022,321.0,328.0,320.1,322.1,1.77,9903.0,562.0,418.0
BFC,11/22/2022,324.1,333.0,315.7,321.0,-0.34,9303.0,562.0,418.0
BFC,11/23/2022,323.9,323.9,311.4,319.0,-0.62,3307.0,562.0,418.0
BFC,11/24/2022,313.1,319.2,313.0,319.0,0.0,5424.0,562.0,418.0
BFC,11/27/2022,314.0,325.0,314.0,322.1,0.97,10992.0,562.0,418.0
BFC,11/28/2022,327.0,332.0,320.0,320.0,-0.65,13458.0,562.0,418.0
BFC,11/29/2022,318.1,324.4,318.0,320.0,0.0,3364.0,562.0,418.0
BFC,11/30/2022,316.1,324.0,315.3,319.0,-0.31,3954.0,562.0,418.0
BFC,12/1/2022,319.0,324.0,318.0,318.5,-0.16,8346.0,562.0,418.0
BFC,12/4/2022,317.0,322.0,316.5,322.0,1.1,5550.0,562.0,418.0
BFC,12/5/2022,317.0,317.0,309.0,310.0,-3.73,3815.0,562.0,418.0
BFC,12/6/2022,310.0,313.0,308.5,310.5,0.16,2237.0,562.0,418.0
BFC,12/7/2022,316.7,316.7,306.0,309.0,-0.48,4172.0,562.0,418.0
BFC,12/11/2022,309.0,312.0,304.0,305.0,-1.29,3514.0,562.0,418.0
BFC,12/12/2022,299.9,310.0,299.9,310.0,1.64,7286.0,562.0,418.0
BFC,12/13/2022,305.0,311.0,305.0,311.0,0.32,1017.0,562.0,418.0
BFC,12/14/2022,310.0,310.0,306.0,306.0,-1.61,1488.0,562.0,418.0
BFC,12/15/2022,312.1,312.1,301.0,301.0,-1.63,3940.0,562.0,418.0
BFC,12/18/2022,303.0,303.0,294.0,295.1,-1.96,6925.0,562.0,418.0
BFC,12/19/2022,295.0,303.0,293.0,301.0,2.0,8985.0,562.0,418.0
BFC,12/20/2022,300.0,305.9,298.0,298.0,-1.0,4127.0,562.0,418.0
BFC,12/21/2022,298.0,298.0,293.0,293.1,-1.64,5022.0,562.0,418.0
BFC,12/22/2022,293.0,294.0,292.5,294.0,0.31,2054.0,562.0,418.0
BFC,12/26/2022,299.8,313.0,298.8,313.0,6.46,12074.0,562.0,418.0
BFC,12/27/2022,319.2,338.0,316.0,330.0,5.43,34805.0,562.0,418.0
BFC,12/28/2022,330.0,344.5,322.0,329.0,-0.3,18524.0,562.0,418.0
BFC,12/29/2022,325.0,342.0,320.3,341.0,3.65,18440.0,562.0,418.0
BFC,1/1/2023,346.2,360.0,346.2,351.0,2.93,50467.0,562.0,418.0
BFC,1/2/2023,351.0,358.8,344.0,357.0,1.71,22678.0,562.0,418.0
BFC,1/3/2023,349.9,355.5,345.0,348.0,-2.52,13961.0,562.0,418.0
BFC,1/4/2023,345.0,360.0,345.0,357.0,2.59,25441.0,562.0,418.0
BFC,1/5/2023,362.0,375.0,345.0,370.0,3.64,42968.0,562.0,418.0
BFC,1/8/2023,363.0,396.0,356.0,378.0,2.16,35939.0,562.0,418.0
BFC,1/9/2023,380.0,393.7,376.0,392.5,3.84,41904.0,562.0,418.0
BFC,1/10/2023,399.9,406.0,365.0,377.5,-3.82,57920.0,562.0,418.0
BFC,1/12/2023,380.0,381.0,352.1,355.0,-5.96,38766.0,562.0,418.0
BFC,1/17/2023,360.0,373.0,351.1,365.0,2.82,21174.0,562.0,418.0
BFC,1/18/2023,372.0,380.0,360.0,368.9,1.07,30099.0,562.0,418.0
BFC,1/19/2023,361.6,374.0,361.6,364.0,-1.33,10664.0,562.0,418.0
BFC,1/23/2023,364.0,366.0,353.5,354.0,-2.75,12056.0,562.0,418.0
BFC,1/24/2023,352.0,374.0,342.2,370.0,4.52,23817.0,562.0,418.0
BFC,1/25/2023,377.0,377.0,365.0,370.0,0.0,15405.0,562.0,418.0
BFC,1/26/2023,363.2,369.2,362.0,363.9,-1.65,12677.0,562.0,418.0
BFC,1/29/2023,363.0,365.0,354.0,358.0,-1.62,16455.0,562.0,418.0
BFC,1/30/2023,363.9,363.9,345.0,345.0,-3.63,16021.0,562.0,418.0
BFC,1/31/2023,345.0,352.0,339.0,339.0,-1.74,10781.0,562.0,418.0
BFC,2/1/2023,339.0,346.0,337.0,344.0,1.47,9921.0,562.0,418.0
BFC,2/2/2023,345.0,350.0,334.0,340.0,-1.16,14648.0,562.0,418.0
BFC,2/5/2023,344.9,345.0,335.0,339.0,-0.29,7510.0,562.0,418.0
BFC,2/6/2023,336.5,343.0,336.0,338.9,-0.03,6550.0,562.0,418.0
BFC,2/7/2023,344.0,365.0,344.0,365.0,7.7,41693.0,562.0,418.0
BFC,2/8/2023,372.0,372.3,352.7,356.5,-2.33,18843.0,562.0,418.0
BFC,2/9/2023,355.0,363.0,350.9,361.0,1.26,9512.0,562.0,418.0
BFC,2/12/2023,355.0,355.0,340.0,341.0,-5.54,24414.0,562.0,418.0
BFC,2/14/2023,345.0,345.0,338.0,338.0,-0.88,7666.0,562.0,418.0
BFC,2/15/2023,337.0,347.0,336.5,340.0,0.59,6927.0,562.0,418.0
BFC,2/16/2023,339.0,345.0,336.0,337.0,-0.88,7770.0,562.0,418.0
BFC,2/20/2023,342.0,342.0,332.0,333.0,-1.19,6087.0,562.0,418.0
BFC,2/22/2023,338.0,344.7,334.0,342.0,2.7,10181.0,562.0,418.0
BFC,2/23/2023,340.0,340.0,331.0,334.0,-2.34,8156.0,562.0,418.0
BFC,2/26/2023,328.0,338.9,322.0,338.0,1.2,9586.0,562.0,418.0
BFC,2/27/2023,343.5,344.0,316.8,332.1,-1.75,15969.0,562.0,418.0
BFC,2/28/2023,332.0,336.0,331.0,333.0,0.27,4920.0,562.0,418.0
BFC,3/1/2023,327.1,330.0,326.7,329.0,-1.2,3426.0,562.0,418.0
BFC,3/2/2023,323.0,325.0,322.0,323.0,-1.82,5087.0,562.0,418.0
BFC,3/5/2023,323.0,323.0,316.1,319.5,-1.08,5817.0,562.0,418.0
BFC,3/7/2023,325.0,325.7,320.0,322.0,0.78,4706.0,562.0,418.0
BFC,3/9/2023,327.3,341.0,327.3,340.0,5.59,4283.0,562.0,418.0
BFC,3/12/2023,345.0,345.0,327.6,330.0,-2.94,4266.0,562.0,418.0
BFC,3/13/2023,336.0,336.0,322.5,324.0,-1.82,2218.0,562.0,418.0
BFC,3/14/2023,324.0,329.0,320.3,326.1,0.65,3611.0,562.0,418.0
BFC,3/15/2023,323.5,326.0,322.5,325.4,-0.21,3829.0,562.0,418.0
BFC,3/16/2023,320.0,327.0,318.9,326.2,0.25,4280.0,562.0,418.0
BFC,3/19/2023,319.7,329.7,319.7,326.0,-0.06,4105.0,562.0,418.0
BFC,3/20/2023,331.5,332.5,326.0,332.0,1.84,4145.0,562.0,418.0
BFC,3/22/2023,330.0,331.9,324.1,327.0,-1.51,4244.0,562.0,418.0
BFC,3/23/2023,326.0,326.0,321.0,324.0,-0.92,7255.0,562.0,418.0
BFC,3/26/2023,324.0,324.0,317.6,318.0,-1.85,4797.0,562.0,418.0
BFC,3/27/2023,315.2,333.0,315.2,333.0,4.72,6509.0,562.0,418.0
BFC,3/28/2023,328.0,335.0,326.0,326.0,-2.1,5234.0,562.0,418.0
BFC,3/29/2023,325.0,326.0,323.0,323.1,-0.89,2810.0,562.0,418.0
BFC,3/30/2023,325.0,325.0,318.0,318.0,-1.58,5283.0,562.0,418.0
BFC,4/2/2023,323.3,324.3,318.0,318.2,0.06,5743.0,562.0,418.0
BFC,4/3/2023,316.0,318.0,315.0,316.0,-0.69,2352.0,562.0,418.0
BFC,4/4/2023,320.0,320.0,315.0,316.5,0.16,2820.0,562.0,418.0
BFC,4/5/2023,317.0,320.0,313.0,318.0,0.47,3171.0,562.0,418.0
BFC,4/6/2023,315.0,315.0,309.0,309.0,-2.83,3186.0,562.0,418.0
BFC,4/9/2023,308.0,310.0,305.0,309.5,0.16,4432.0,562.0,418.0
BFC,4/10/2023,312.0,314.0,305.0,309.0,-0.16,2921.0,562.0,418.0
BFC,4/11/2023,309.0,318.2,305.0,313.0,1.29,2765.0,562.0,418.0
BFC,4/12/2023,318.0,330.0,315.1,328.0,4.79,10086.0,562.0,418.0
BFC,4/13/2023,322.3,340.0,319.0,323.0,-1.52,7268.0,562.0,418.0
BFC,4/16/2023,323.1,328.4,319.0,319.3,-1.15,5799.0,562.0,418.0
BFC,4/17/2023,316.1,320.0,316.1,316.1,-1.0,4163.0,562.0,418.0
BFC,4/18/2023,315.0,317.0,312.3,315.0,-0.35,2959.0,562.0,418.0
BFC,4/19/2023,318.0,320.0,314.0,317.5,0.79,1562.0,562.0,418.0
BFC,4/20/2023,322.0,322.0,314.0,314.0,-1.1,2956.0,562.0,418.0
BFC,4/23/2023,312.0,315.0,309.0,309.1,-1.56,3230.0,562.0,418.0
BFC,4/24/2023,307.0,311.0,305.1,308.0,-0.36,5470.0,562.0,418.0
BFC,4/25/2023,308.0,313.0,308.0,313.0,1.62,4433.0,562.0,418.0
BFC,4/26/2023,315.0,315.0,310.0,310.0,-0.96,2113.0,562.0,418.0
BFC,4/27/2023,310.0,312.0,308.0,308.0,-0.65,2193.0,562.0,418.0
BFC,4/30/2023,305.0,310.0,303.2,303.2,-1.56,6354.0,562.0,418.0
BFC,5/2/2023,306.0,309.2,302.0,303.0,-0.07,1809.0,562.0,418.0
BFC,5/3/2023,303.0,303.0,299.4,302.0,-0.33,2990.0,562.0,418.0
BFC,5/4/2023,301.0,306.8,301.0,306.8,1.59,1613.0,562.0,418.0
BFC,5/7/2023,309.9,309.9,300.0,300.1,-2.18,4910.0,562.0,418.0
BFC,5/8/2023,300.1,301.0,295.1,295.1,-1.67,2026.0,562.0,418.0
BFC,5/9/2023,295.0,307.0,295.0,302.0,2.34,3857.0,562.0,418.0
BFC,5/10/2023,298.0,303.0,298.0,301.0,-0.33,2306.0,562.0,418.0
BFC,5/11/2023,300.0,300.0,292.5,293.0,-2.66,3644.0,562.0,418.0
BFC,5/14/2023,296.0,303.9,290.0,294.0,0.34,3500.0,562.0,418.0
BFC,5/15/2023,290.4,297.0,290.2,296.0,0.68,1819.0,562.0,418.0
BFC,5/16/2023,300.0,300.0,291.0,293.0,-1.01,1630.0,562.0,418.0
BFC,5/17/2023,296.2,302.0,296.1,300.3,2.49,4778.0,562.0,418.0
BFC,5/18/2023,304.0,312.0,303.0,310.0,3.23,7176.0,562.0,418.0
BFC,5/21/2023,315.9,317.0,303.0,312.1,0.68,9480.0,562.0,418.0
BFC,5/22/2023,307.0,315.0,306.0,307.0,-1.63,4368.0,562.0,418.0
BFC,5/23/2023,311.0,319.0,311.0,317.4,3.39,10556.0,562.0,418.0
BFC,5/24/2023,322.0,322.0,313.0,313.0,-1.39,7041.0,562.0,418.0
BFC,5/28/2023,316.0,318.0,303.0,303.0,-3.19,13075.0,562.0,418.0
BFC,5/30/2023,299.0,306.0,296.0,296.0,-2.31,9831.0,562.0,418.0
BFC,5/31/2023,290.2,300.0,287.0,294.0,-0.68,23585.0,562.0,418.0
BFC,6/1/2023,294.0,299.5,289.0,293.0,-0.34,12317.0,562.0,418.0
BFC,6/4/2023,298.8,308.0,298.8,300.0,2.39,7693.0,562.0,418.0
BFC,6/5/2023,305.0,308.9,296.5,301.0,0.33,14749.0,562.0,418.0
BFC,6/6/2023,305.6,305.6,296.4,303.8,0.93,7417.0,562.0,418.0
BFC,6/7/2023,307.9,309.7,304.4,309.0,1.71,14371.0,562.0,418.0
BFC,6/8/2023,303.0,309.0,302.0,306.0,-0.97,4618.0,562.0,418.0
BFC,6/11/2023,310.0,324.0,310.0,323.6,5.75,32326.0,562.0,418.0
BFC,6/12/2023,325.0,329.0,315.0,316.0,-2.35,11973.0,562.0,418.0
BFC,6/13/2023,316.0,327.0,315.0,321.0,1.58,15443.0,562.0,418.0
BFC,6/14/2023,324.0,327.3,315.0,319.0,-0.62,18340.0,562.0,418.0
BFC,6/15/2023,319.9,322.0,315.3,318.0,-0.31,12804.0,562.0,418.0
BFC,6/18/2023,322.0,327.2,322.0,325.0,2.2,25743.0,562.0,418.0
BFC,6/19/2023,323.1,355.0,323.0,343.0,5.54,60736.0,562.0,418.0
BFC,6/20/2023,349.0,355.0,330.0,333.0,-2.92,29992.0,562.0,418.0
BFC,6/21/2023,333.0,339.0,322.0,326.0,-2.1,12669.0,562.0,418.0
BFC,6/22/2023,329.2,334.5,317.0,322.0,-1.23,12579.0,562.0,418.0
BFC,6/25/2023,318.0,343.0,318.0,341.7,6.12,42758.0,562.0,418.0
BFC,6/26/2023,348.5,360.0,340.1,349.0,2.14,47577.0,562.0,418.0
BFC,6/27/2023,355.8,356.9,348.0,356.0,2.01,36849.0,562.0,418.0
BFC,6/28/2023,360.0,360.0,343.0,344.0,-3.37,44226.0,562.0,418.0
BFC,7/2/2023,344.0,350.0,330.0,333.9,-2.94,22743.0,562.0,418.0
BFC,7/3/2023,340.5,342.0,328.0,333.0,-0.27,11831.0,562.0,418.0
BFC,7/4/2023,336.0,347.7,331.1,347.0,4.2,16587.0,562.0,418.0
BFC,7/5/2023,350.0,353.0,330.3,330.3,-4.81,39916.0,562.0,418.0
BFC,7/6/2023,336.9,342.9,329.0,334.0,1.12,12247.0,562.0,418.0
BFC,7/9/2023,335.0,347.2,335.0,340.1,1.83,12951.0,562.0,418.0
BFC,7/10/2023,346.9,353.0,343.0,351.8,3.44,40352.0,562.0,418.0
BFC,7/11/2023,355.9,372.2,348.2,365.0,3.75,81783.0,562.0,418.0
BFC,7/12/2023,370.0,377.0,355.0,362.0,-0.82,21340.0,562.0,418.0
BFC,7/13/2023,369.2,369.2,350.0,353.9,-2.24,29318.0,562.0,418.0
BFC,7/16/2023,360.8,360.8,349.9,353.0,-0.25,14473.0,562.0,418.0
BFC,7/17/2023,348.0,366.0,348.0,366.0,3.68,21676.0,562.0,418.0
BFC,7/18/2023,370.0,372.0,359.0,363.0,-0.82,21795.0,562.0,418.0
BFC,7/19/2023,356.0,366.0,355.9,358.7,-1.18,10664.0,562.0,418.0
BFC,7/20/2023,365.0,365.0,353.1,357.0,-0.47,10567.0,562.0,418.0
BFC,7/23/2023,360.0,376.0,354.0,363.9,1.93,25435.0,562.0,418.0
BFC,7/24/2023,363.9,365.0,347.9,353.9,-2.75,26210.0,562.0,418.0
BFC,7/25/2023,350.2,357.0,343.0,347.0,-1.95,13661.0,562.0,418.0
BFC,7/26/2023,353.0,359.0,342.9,345.0,-0.58,12450.0,562.0,418.0
BFC,7/27/2023,345.0,354.5,335.0,335.0,-2.9,17965.0,562.0,418.0
BFC,7/30/2023,341.7,345.0,330.2,331.0,-1.19,14988.0,562.0,418.0
BFC,7/31/2023,337.6,346.0,330.0,339.0,2.42,14427.0,562.0,418.0
BFC,8/1/2023,345.0,345.5,330.2,335.0,-1.18,14753.0,562.0,418.0
BFC,8/2/2023,335.0,340.0,328.3,335.0,0.0,8378.0,562.0,418.0
BFC,8/3/2023,335.0,341.5,330.0,334.0,-0.3,6709.0,562.0,418.0
BFC,8/6/2023,329.0,329.0,305.2,311.0,-6.89,28272.0,562.0,418.0
BFC,8/7/2023,306.0,320.0,304.8,316.0,1.61,9655.0,562.0,418.0
BFC,8/8/2023,322.0,322.0,309.7,314.0,-0.63,8677.0,562.0,418.0
BFC,8/9/2023,310.0,327.0,309.4,325.0,3.5,12179.0,562.0,418.0
BFC,8/10/2023,321.0,330.9,316.0,317.7,-2.25,5876.0,562.0,418.0
BFC,8/13/2023,313.0,324.0,313.0,324.0,1.98,10533.0,562.0,418.0
BFC,8/14/2023,320.0,325.0,314.0,323.0,-0.31,7955.0,562.0,418.0
BFC,8/15/2023,316.6,318.7,310.0,314.0,-2.79,7272.0,562.0,418.0
BFC,8/16/2023,320.1,320.1,307.8,312.0,-0.64,4347.0,562.0,418.0
BFC,8/17/2023,317.0,318.2,308.2,315.0,0.96,5253.0,562.0,418.0
BFC,8/20/2023,320.0,320.0,309.2,313.0,-0.63,2902.0,562.0,418.0
BFC,8/21/2023,309.0,312.0,305.6,306.0,-2.24,4431.0,562.0,418.0
BFC,8/22/2023,312.0,315.0,305.8,315.0,2.94,9620.0,562.0,418.0
BFC,8/23/2023,321.3,323.9,317.2,323.9,2.83,8437.0,562.0,418.0
BFC,8/24/2023,317.5,326.0,311.7,311.7,-3.77,6333.0,562.0,418.0
BFC,8/27/2023,311.7,316.0,307.1,310.0,-0.55,6315.0,562.0,418.0
BFC,8/28/2023,307.0,313.1,305.5,309.0,-0.32,5112.0,562.0,418.0
BFC,8/29/2023,311.0,311.0,306.0,308.0,-0.32,3014.0,562.0,418.0
BFC,8/30/2023,306.0,312.0,305.1,307.0,-0.32,1710.0,562.0,418.0
BFC,9/3/2023,302.0,307.0,302.0,303.0,-1.3,4669.0,562.0,418.0
BFC,9/4/2023,306.0,307.0,297.0,297.5,-1.82,4812.0,562.0,418.0
BFC,9/5/2023,303.0,303.0,298.0,299.0,0.5,1560.0,562.0,418.0
BFC,9/7/2023,295.1,300.0,294.0,295.0,-1.34,6331.0,562.0,418.0
BFC,9/10/2023,299.0,303.8,290.1,303.8,2.98,7525.0,562.0,418.0
BFC,9/11/2023,303.0,336.0,298.0,308.0,1.38,3466.0,562.0,418.0
BFC,9/12/2023,312.9,314.0,301.0,301.0,-2.27,2531.0,562.0,418.0
BFC,9/13/2023,299.9,313.0,299.9,311.9,3.62,4915.0,562.0,418.0
BFC,9/17/2023,306.0,306.0,300.0,300.0,-3.82,3772.0,562.0,418.0
BFC,9/18/2023,300.0,305.9,300.0,305.9,1.97,2241.0,562.0,418.0
BFC,9/19/2023,308.0,311.8,308.0,311.0,1.67,1778.0,562.0,418.0
BFC,9/21/2023,317.2,325.4,311.0,321.0,3.22,13135.0,562.0,418.0
BFC,9/24/2023,315.0,324.9,310.4,314.8,-1.93,6091.0,562.0,418.0
BFC,9/25/2023,315.0,320.9,309.0,315.0,0.06,3575.0,562.0,418.0
BFC,9/26/2023,321.3,321.3,315.0,320.0,1.59,2135.0,562.0,418.0
BFC,9/27/2023,318.0,318.0,312.1,315.0,-1.56,3474.0,562.0,418.0
BFC,10/1/2023,310.0,312.0,307.6,309.0,-1.9,2800.0,562.0,418.0
BFC,10/2/2023,310.0,315.0,310.0,311.0,0.65,3217.0,562.0,418.0
BFC,10/3/2023,308.7,311.0,308.2,308.2,-0.9,6057.0,562.0,418.0
BFC,10/4/2023,313.9,314.9,306.0,310.0,0.58,5835.0,562.0,418.0
BFC,10/5/2023,311.0,311.0,306.4,310.0,0.0,2640.0,562.0,418.0
BFC,10/8/2023,310.0,322.5,304.0,304.2,-1.87,7106.0,562.0,418.0
BFC,10/9/2023,302.2,310.2,302.2,304.0,-0.07,3625.0,562.0,418.0
BFC,10/10/2023,302.2,307.2,300.0,300.3,-1.22,3360.0,562.0,418.0
BFC,10/11/2023,303.0,307.0,303.0,303.1,0.93,1330.0,562.0,418.0
BFC,10/12/2023,303.0,303.5,297.3,300.0,-1.02,7536.0,562.0,418.0
BFC,10/16/2023,295.2,300.0,290.6,295.3,-1.57,4701.0,562.0,418.0
BFC,10/17/2023,298.0,306.0,295.0,299.8,1.52,6120.0,562.0,418.0
BFC,10/18/2023,305.7,305.9,295.0,304.8,1.67,5490.0,562.0,418.0
BFC,10/19/2023,304.8,304.9,299.0,299.0,-1.9,1950.0,562.0,418.0
BFC,10/29/2023,296.0,296.0,293.1,295.9,-1.04,3040.0,562.0,418.0
BFC,10/30/2023,295.4,299.0,295.2,296.5,0.2,1065.0,562.0,418.0
BFC,10/31/2023,295.0,296.0,292.5,292.5,-1.35,1082.0,562.0,418.0
BFC,11/1/2023,295.0,300.8,292.0,292.0,-0.17,3467.0,562.0,418.0
BFC,11/2/2023,292.0,295.0,290.2,291.0,-0.34,1955.0,562.0,418.0
BFC,11/5/2023,290.0,295.0,287.1,295.0,1.37,2447.0,562.0,418.0
BFC,11/6/2023,299.0,304.8,294.0,294.1,-0.31,2098.0,562.0,418.0
BFC,11/7/2023,299.0,300.0,292.0,295.0,0.31,1793.0,562.0,418.0
BFC,11/8/2023,298.0,300.9,294.0,299.6,1.56,2835.0,562.0,418.0
BFC,11/9/2023,296.0,296.0,294.0,294.0,-1.87,1773.0,562.0,418.0
BFC,11/20/2023,299.8,300.0,292.0,294.0,0.0,2036.0,562.0,418.0
BFC,11/21/2023,290.0,290.0,284.0,284.0,-3.4,3407.0,562.0,418.0
BFC,11/22/2023,285.0,289.5,285.0,289.5,1.94,1521.0,562.0,418.0
BFC,11/23/2023,290.0,293.4,287.0,290.0,0.17,3352.0,562.0,418.0
BFC,11/26/2023,295.0,302.5,295.0,302.5,4.31,5021.0,562.0,418.0
BFC,11/27/2023,303.0,303.0,298.1,298.1,-1.45,3836.0,562.0,418.0
BFC,11/28/2023,304.0,304.0,295.0,302.5,1.48,1754.0,562.0,418.0
BFC,11/29/2023,298.0,298.0,295.0,295.0,-2.48,1680.0,562.0,418.0
BFC,11/30/2023,294.0,298.5,290.0,294.0,-0.34,5715.0,562.0,418.0
BFC,12/3/2023,290.1,293.0,287.0,287.1,-2.35,8933.0,562.0,418.0
BFC,12/4/2023,285.2,293.0,285.2,291.3,1.46,2283.0,562.0,418.0
BFC,12/5/2023,286.0,292.0,286.0,287.0,-1.48,4555.0,562.0,418.0
BFC,12/6/2023,285.0,292.7,285.0,289.0,0.7,4606.0,562.0,418.0
BFC,12/7/2023,289.0,293.0,285.2,291.5,0.87,6662.0,562.0,418.0
BFC,12/10/2023,297.3,315.0,297.3,315.0,8.06,1240.0,562.0,418.0
BFC,12/11/2023,321.3,321.3,307.1,312.0,-0.95,11525.0,562.0,418.0
BFC,12/12/2023,315.0,323.0,310.1,322.0,3.21,25762.0,562.0,418.0
BFC,12/13/2023,328.0,330.0,317.0,323.0,0.31,13939.0,562.0,418.0
BFC,12/14/2023,323.0,325.5,318.0,325.0,0.62,8787.0,562.0,418.0
BFC,12/17/2023,318.5,339.6,318.0,338.0,4.0,28692.0,562.0,418.0
BFC,12/18/2023,343.0,351.1,338.1,339.0,0.3,28771.0,562.0,418.0
BFC,12/19/2023,344.0,345.0,329.1,339.0,0.0,24175.0,562.0,418.0
BFC,12/20/2023,339.0,345.7,334.0,341.0,0.59,19669.0,562.0,418.0
BFC,12/21/2023,344.0,344.0,328.0,328.0,-3.81,17351.0,562.0,418.0
BFC,12/24/2023,330.0,334.1,319.0,320.0,-2.44,22607.0,562.0,418.0
BFC,12/27/2023,326.3,332.5,316.0,318.1,-0.59,17532.0,562.0,418.0
BFC,12/28/2023,317.0,325.0,315.0,321.0,0.91,10785.0,562.0,418.0
BFC,1/1/2024,327.4,327.4,319.0,319.0,-0.62,14855.0,562.0,418.0
BFC,1/2/2024,313.1,318.0,310.6,314.5,-1.41,6259.0,562.0,418.0
BFC,1/3/2024,320.0,320.0,311.0,318.0,1.11,6151.0,562.0,418.0
BFC,1/4/2024,324.0,324.0,315.0,315.5,-0.79,8708.0,562.0,418.0
BFC,1/7/2024,311.0,321.4,309.1,309.6,-1.87,6904.0,562.0,418.0
BFC,1/8/2024,315.7,320.0,309.4,320.0,3.36,15094.0,562.0,418.0
BFC,1/9/2024,325.0,336.0,320.1,336.0,5.0,29699.0,562.0,418.0
BFC,1/10/2024,342.7,349.5,330.0,334.0,-0.6,20757.0,562.0,418.0
BFC,1/11/2024,336.9,336.9,328.0,330.0,-1.2,7772.0,562.0,418.0
BFC,1/14/2024,336.6,336.6,330.0,336.5,1.97,13200.0,562.0,418.0
BFC,1/16/2024,341.0,355.0,338.0,350.0,4.01,40802.0,562.0,418.0
BFC,1/17/2024,354.0,356.0,332.0,334.9,-4.31,49840.0,562.0,418.0
BFC,1/18/2024,330.1,339.0,323.4,330.4,-1.34,26731.0,562.0,418.0
BFC,1/21/2024,337.0,337.0,320.0,320.5,-3.0,21768.0,562.0,418.0
BFC,1/22/2024,325.0,339.0,320.0,323.0,0.78,15649.0,562.0,418.0
BFC,1/23/2024,325.0,330.0,320.0,320.0,-0.93,14100.0,562.0,418.0
BFC,1/24/2024,326.0,330.0,318.5,324.0,1.25,8483.0,562.0,418.0
BFC,1/25/2024,320.0,325.0,317.8,323.0,-0.31,15489.0,562.0,418.0
BFC,1/28/2024,320.0,327.0,320.0,327.0,1.24,6457.0,562.0,418.0
BFC,1/29/2024,328.0,332.9,320.0,327.9,0.28,13747.0,562.0,418.0
BFC,1/30/2024,325.1,330.0,324.0,330.0,0.64,12637.0,562.0,418.0
BFC,1/31/2024,335.0,335.4,319.0,325.0,-1.52,10888.0,562.0,418.0
BFC,2/1/2024,319.0,335.0,319.0,330.0,1.54,42694.0,562.0,418.0
BFC,2/4/2024,324.0,332.4,324.0,332.0,0.61,14472.0,562.0,418.0
BFC,2/5/2024,334.0,338.0,328.0,332.0,0.0,11730.0,562.0,418.0
BFC,2/6/2024,336.0,336.0,325.0,329.0,-0.9,21730.0,562.0,418.0
BFC,2/7/2024,330.0,335.0,325.0,330.0,0.3,12040.0,562.0,418.0
BFC,2/8/2024,325.1,333.0,325.1,332.9,0.88,4880.0,562.0,418.0
BFC,2/11/2024,334.0,335.9,330.0,330.0,-0.87,9944.0,562.0,418.0
BFC,2/12/2024,325.2,334.0,325.2,333.0,0.91,9222.0,562.0,418.0
BFC,2/13/2024,326.5,330.9,320.0,322.0,-3.3,18551.0,562.0,418.0
BFC,2/14/2024,316.1,353.9,316.1,349.0,8.39,125839.0,562.0,418.0
BFC,2/15/2024,349.0,351.0,335.0,337.5,-3.3,29310.0,562.0,418.0
BFC,2/18/2024,331.0,338.0,329.0,329.2,-2.46,24522.0,562.0,418.0
BFC,2/20/2024,330.0,338.0,325.0,333.0,1.15,22202.0,562.0,418.0
BFC,2/21/2024,327.2,338.0,327.2,337.0,1.2,26195.0,562.0,418.0
BFC,2/22/2024,330.3,344.4,320.0,333.0,-1.19,66482.0,562.0,418.0
BFC,2/25/2024,339.6,343.9,329.3,331.8,-0.36,42211.0,562.0,418.0
BFC,2/26/2024,327.0,334.0,327.0,330.2,-0.48,17208.0,562.0,418.0
BFC,2/27/2024,336.0,336.0,328.6,329.0,-0.36,7132.0,562.0,418.0
BFC,2/28/2024,326.4,329.9,325.0,327.0,-0.61,8569.0,562.0,418.0
BFC,2/29/2024,324.0,327.0,310.0,315.0,-3.67,21644.0,562.0,418.0
BFC,3/3/2024,315.0,321.0,313.0,319.0,1.27,11480.0,562.0,418.0
BFC,3/4/2024,325.3,338.4,325.3,338.4,6.08,2000.0,562.0,418.0
BFC,3/5/2024,345.0,345.0,322.6,326.0,-3.66,16384.0,562.0,418.0
BFC,3/6/2024,321.0,334.8,321.0,328.0,0.61,19526.0,562.0,418.0
BFC,3/7/2024,334.5,335.0,328.0,334.0,1.83,15381.0,562.0,418.0
BFC,3/10/2024,331.2,344.4,331.0,343.8,2.93,23210.0,562.0,418.0
BFC,3/12/2024,343.0,345.9,337.2,345.0,0.35,22600.0,562.0,418.0
BFC,3/13/2024,345.3,356.8,339.0,349.9,1.42,55226.0,562.0,418.0
BFC,3/14/2024,350.0,355.0,344.1,346.9,-0.86,24880.0,562.0,418.0
BFC,3/17/2024,342.0,355.7,340.0,348.0,0.32,29645.0,562.0,418.0
BFC,3/18/2024,351.8,352.0,346.0,349.1,0.32,21322.0,562.0,418.0
BFC,3/19/2024,356.0,368.0,355.1,359.0,2.84,86435.0,562.0,418.0
BFC,3/20/2024,365.0,365.0,351.0,351.0,-2.23,27073.0,562.0,418.0
BFC,3/21/2024,350.0,364.1,346.0,353.0,0.57,46513.0,562.0,418.0
BFC,3/25/2024,351.5,355.0,345.0,353.5,0.14,18462.0,562.0,418.0
BFC,3/26/2024,347.1,360.4,346.5,350.0,-0.99,14863.0,562.0,418.0
BFC,3/27/2024,355.0,355.0,339.0,342.0,-2.29,16701.0,562.0,418.0
BFC,3/28/2024,336.0,348.0,336.0,341.9,-0.03,10992.0,562.0,418.0
BFC,3/31/2024,335.2,348.0,334.0,337.0,-1.43,15221.0,562.0,418.0
BFC,4/1/2024,332.1,340.0,332.1,336.0,-0.3,9187.0,562.0,418.0
BFC,4/2/2024,332.0,339.0,332.0,337.0,0.3,4133.0,562.0,418.0
BFC,4/3/2024,330.5,343.7,330.5,336.0,-0.3,8362.0,562.0,418.0
BFC,4/4/2024,342.0,342.0,330.0,335.0,-0.3,14953.0,562.0,418.0
BFC,4/7/2024,335.0,361.0,335.0,360.0,7.46,48014.0,562.0,418.0
BFC,4/9/2024,364.0,377.9,362.0,371.2,3.11,90672.0,562.0,418.0
BFC,4/10/2024,375.0,375.0,351.0,354.0,-4.63,50012.0,562.0,418.0
BFC,4/14/2024,355.1,367.2,352.0,364.0,2.82,28898.0,562.0,418.0
BFC,4/15/2024,364.0,369.0,355.0,355.0,-2.47,16650.0,562.0,418.0
BFC,4/16/2024,349.0,357.0,345.0,346.0,-2.54,13912.0,562.0,418.0
BFC,4/18/2024,345.0,367.0,343.0,350.0,1.16,29493.0,562.0,418.0
BFC,4/21/2024,350.0,356.6,346.5,353.9,1.11,19569.0,562.0,418.0
BFC,4/22/2024,360.0,360.0,343.0,343.0,-3.08,14614.0,562.0,418.0
BFC,4/24/2024,349.8,359.9,344.0,347.0,1.17,24574.0,562.0,418.0
BFC,4/25/2024,346.1,376.0,346.0,369.0,6.34,120888.0,562.0,418.0
BFC,4/28/2024,376.3,400.8,369.0,394.0,6.78,127423.0,562.0,418.0
BFC,4/29/2024,401.8,412.0,383.0,408.0,3.55,128592.0,562.0,418.0
BFC,4/30/2024,415.9,424.0,390.0,394.0,-3.43,135367.0,562.0,418.0
BFC,5/2/2024,400.0,406.0,380.0,380.1,-3.53,71308.0,562.0,418.0
BFC,5/5/2024,374.0,393.8,374.0,380.0,-0.03,54494.0,562.0,418.0
BFC,5/6/2024,380.0,388.0,375.0,384.9,1.29,46722.0,562.0,418.0
BFC,5/7/2024,383.0,390.0,376.3,381.9,-0.78,23789.0,562.0,418.0
BFC,5/8/2024,389.0,400.0,380.1,400.0,4.74,47050.0,562.0,418.0
BFC,5/9/2024,408.0,414.0,399.0,403.0,0.75,71714.0,562.0,418.0
BFC,5/12/2024,403.0,411.0,392.0,392.0,-2.73,35954.0,562.0,418.0
BFC,5/13/2024,386.3,398.7,386.3,391.0,-0.26,21600.0,562.0,418.0
BFC,5/14/2024,398.0,398.8,385.0,394.0,0.77,21346.0,562.0,418.0
BFC,5/15/2024,399.0,399.0,386.4,391.0,-0.76,27035.0,562.0,418.0
BFC,5/16/2024,390.0,396.0,387.0,387.0,-1.02,44055.0,562.0,418.0
BFC,5/19/2024,385.0,402.9,381.2,392.0,1.29,41715.0,562.0,418.0
BFC,5/20/2024,389.0,411.0,389.0,399.9,2.02,58283.0,562.0,418.0
BFC,5/21/2024,406.0,422.2,401.1,418.8,4.73,80517.0,562.0,418.0
BFC,5/22/2024,419.0,425.0,408.0,408.0,-2.58,49338.0,562.0,418.0
BFC,5/26/2024,409.0,413.0,398.0,404.0,-0.98,37563.0,562.0,418.0
BFC,5/27/2024,411.8,411.8,397.2,406.0,0.5,14134.0,562.0,418.0
BFC,5/29/2024,414.1,414.1,400.0,404.9,-0.27,42971.0,562.0,418.0
BFC,5/30/2024,396.9,416.0,396.9,415.0,2.49,49536.0,562.0,418.0
BFC,6/2/2024,415.0,438.4,415.0,432.0,4.1,87583.0,562.0,418.0
BFC,6/3/2024,432.0,448.0,425.0,430.0,-0.46,102568.0,562.0,418.0
BFC,6/4/2024,436.0,436.0,427.3,435.0,1.16,33566.0,562.0,418.0
BFC,6/5/2024,427.5,447.0,427.5,440.0,1.15,42426.0,562.0,418.0
BFC,6/6/2024,442.0,444.0,430.0,434.0,-1.36,45546.0,562.0,418.0
BFC,6/9/2024,426.0,437.0,423.0,426.7,-1.68,21729.0,562.0,418.0
BFC,6/10/2024,435.2,440.0,419.0,422.5,-0.98,42099.0,562.0,418.0
BFC,6/11/2024,430.7,442.0,418.5,439.9,4.12,42914.0,562.0,418.0
BFC,6/12/2024,445.0,460.0,429.5,447.0,1.61,53450.0,562.0,418.0
BFC,6/13/2024,455.9,470.0,443.0,454.0,1.57,81767.0,562.0,418.0
BFC,6/16/2024,457.0,460.0,444.0,444.0,-2.2,45288.0,562.0,418.0
BFC,6/18/2024,440.1,466.0,440.0,450.9,1.55,126805.0,562.0,418.0
BFC,6/19/2024,459.0,473.0,448.5,460.0,2.02,52265.0,562.0,418.0
BFC,6/20/2024,469.2,470.0,451.0,453.0,-1.52,49197.0,562.0,418.0
BFC,6/23/2024,444.0,474.0,444.0,474.0,4.64,102199.0,562.0,418.0
BFC,6/24/2024,482.0,496.0,470.6,490.9,3.57,119204.0,562.0,418.0
BFC,6/25/2024,483.1,499.0,472.7,475.0,-3.24,63445.0,562.0,418.0
BFC,6/26/2024,484.5,484.5,466.6,468.0,-1.47,32839.0,562.0,418.0
BFC,6/27/2024,458.7,476.7,458.7,466.0,-0.43,28093.0,562.0,418.0
BFC,6/30/2024,474.0,483.0,462.0,470.0,0.86,38773.0,562.0,418.0
BFC,7/1/2024,470.6,477.0,466.0,473.0,0.64,34771.0,562.0,418.0
BFC,7/2/2024,482.0,499.0,475.0,490.0,3.59,74946.0,562.0,418.0
BFC,7/3/2024,490.0,523.0,476.1,515.0,5.1,162688.0,562.0,418.0
BFC,7/4/2024,523.0,525.0,502.0,503.4,-2.25,53268.0,562.0,418.0
BFC,7/7/2024,510.0,512.5,493.0,494.1,-1.85,44281.0,562.0,418.0
BFC,7/8/2024,495.1,505.0,493.0,500.0,1.19,32929.0,562.0,418.0
BFC,7/9/2024,508.9,508.9,499.0,502.0,0.4,23824.0,562.0,418.0
BFC,7/10/2024,503.0,515.0,503.0,507.0,1.0,31687.0,562.0,418.0
BFC,7/11/2024,516.0,516.0,495.0,508.0,0.2,50446.0,562.0,418.0
BFC,7/14/2024,518.0,528.0,495.0,503.0,-0.98,62647.0,562.0,418.0
BFC,7/15/2024,506.1,511.0,493.3,500.0,-0.6,53147.0,562.0,418.0
BFC,7/16/2024,500.0,518.0,500.0,512.3,2.46,47123.0,562.0,418.0
BFC,7/17/2024,512.0,545.0,512.0,540.0,5.41,108141.0,562.0,418.0
BFC,7/18/2024,540.0,552.9,528.0,529.0,-2.04,99622.0,562.0,418.0
BFC,7/21/2024,535.0,537.0,521.1,526.0,-0.57,90465.0,562.0,418.0
BFC,7/22/2024,536.0,536.5,522.4,525.0,-0.19,77304.0,562.0,418.0
BFC,7/23/2024,534.5,537.9,519.0,533.3,1.58,72561.0,562.0,418.0
BFC,7/24/2024,542.0,553.0,532.0,532.0,-0.24,108066.0,562.0,418.0
BFC,7/25/2024,536.0,544.0,530.0,535.0,0.56,64654.0,562.0,418.0
BFC,7/28/2024,535.0,555.0,525.0,533.0,-0.37,54034.0,562.0,418.0
BFC,7/29/2024,533.0,543.0,523.0,529.0,-0.75,75392.0,562.0,418.0
BFC,7/30/2024,522.4,570.0,522.4,560.0,5.86,148743.0,562.0,418.0
BFC,7/31/2024,571.2,616.0,562.5,613.0,9.46,192949.0,562.0,418.0
BFC,8/1/2024,625.2,650.0,615.0,632.5,3.18,173720.0,562.0,418.0
BFC,8/5/2024,640.0,640.0,590.0,608.0,-3.87,151637.0,562.0,418.0
BFC,8/6/2024,608.0,608.0,548.0,548.0,-9.87,156327.0,562.0,418.0
BFC,8/7/2024,545.0,602.0,541.5,595.0,8.58,98912.0,562.0,418.0
BFC,8/8/2024,606.8,618.0,575.0,578.0,-2.86,99762.0,562.0,418.0
BFC,8/11/2024,589.5,612.9,578.0,589.0,1.9,84185.0,562.0,418.0
BFC,8/12/2024,600.0,624.8,595.0,618.0,4.92,135748.0,562.0,418.0
BFC,8/13/2024,630.0,648.0,620.0,636.0,2.91,138384.0,562.0,418.0
BFC,8/14/2024,648.0,690.4,635.5,690.4,8.55,171529.0,562.0,418.0
BFC,8/15/2024,704.0,720.0,672.2,679.0,-1.65,232314.0,562.0,418.0
BFC,8/18/2024,665.5,714.0,642.0,656.0,-3.39,171104.0,562.0,418.0
BFC,8/21/2024,665.0,710.0,665.0,699.0,6.55,209569.0,562.0,418.0
BFC,8/22/2024,712.9,745.0,711.9,723.0,3.43,174358.0,562.0,418.0
BFC,8/25/2024,737.4,737.4,691.0,694.0,-4.01,147391.0,562.0,418.0
BFC,8/27/2024,697.0,712.0,664.0,664.0,-4.32,119381.0,562.0,418.0
BFC,8/28/2024,677.2,695.0,647.0,660.0,-0.6,81654.0,562.0,418.0
BFC,8/29/2024,661.0,672.9,640.0,642.0,-2.73,68713.0,562.0,418.0
BFC,9/1/2024,650.0,654.0,605.0,615.0,-4.21,76990.0,562.0,418.0
BFC,9/2/2024,615.0,676.5,601.0,676.5,10.0,112514.0,562.0,418.0
BFC,9/3/2024,690.0,699.0,665.0,674.0,-0.37,78139.0,562.0,418.0
BFC,9/4/2024,666.0,680.4,629.0,633.0,-6.08,100361.0,562.0,418.0
BFC,9/5/2024,633.0,646.6,618.0,635.0,0.32,71410.0,562.0,418.0
BFC,9/8/2024,635.0,652.0,625.0,626.1,-1.4,47756.0,562.0,418.0
BFC,9/9/2024,625.0,634.0,610.0,613.0,-2.09,72424.0,562.0,418.0
BFC,9/10/2024,625.0,625.1,601.0,605.0,-1.31,28075.0,562.0,418.0
BFC,9/11/2024,617.0,617.0,598.0,600.3,-0.78,64057.0,562.0,418.0
BFC,9/12/2024,612.0,628.0,605.0,627.0,4.45,50042.0,562.0,418.0
BFC,9/15/2024,635.0,640.0,605.7,607.0,-3.19,58393.0,562.0,418.0
BFC,9/16/2024,619.1,619.1,570.0,575.9,-5.12,74632.0,562.0,418.0
BFC,9/18/2024,580.0,580.0,540.0,544.0,-5.54,67950.0,562.0,418.0
BFC,9/22/2024,554.8,576.7,540.0,550.0,1.1,45897.0,562.0,418.0
BFC,9/23/2024,561.0,561.0,506.2,515.0,-6.36,51613.0,562.0,418.0
BFC,9/24/2024,515.0,527.0,485.0,485.2,-5.79,58452.0,562.0,418.0
BFC,9/25/2024,494.0,514.9,471.0,514.0,5.94,49183.0,562.0,418.0
BFC,9/26/2024,524.2,524.2,498.0,500.0,-2.72,28626.0,562.0,418.0
BFC,9/29/2024,490.0,507.9,481.0,492.2,-1.56,35761.0,562.0,418.0
BFC,9/30/2024,502.0,520.0,495.0,519.9,5.63,36889.0,562.0,418.0
BFC,10/1/2024,525.0,571.8,525.0,571.8,9.98,55850.0,562.0,418.0
BFC,10/2/2024,583.2,605.0,566.7,579.0,1.26,95092.0,562.0,418.0
BFC,10/6/2024,585.0,623.9,572.0,623.1,7.62,74162.0,562.0,418.0
BFC,10/7/2024,635.5,648.2,609.0,616.0,-1.14,59983.0,562.0,418.0
BFC,10/8/2024,612.0,627.0,601.0,611.0,-0.81,43932.0,562.0,418.0
BFC,10/9/2024,601.0,615.0,592.6,609.9,-0.18,35307.0,562.0,418.0
BFC,10/15/2024,622.0,640.0,617.4,630.0,3.3,51110.0,562.0,418.0
BFC,10/16/2024,639.6,649.0,631.0,637.0,1.11,38678.0,562.0,418.0
BFC,10/17/2024,635.0,643.0,620.0,630.0,-1.1,44890.0,562.0,418.0
BFC,10/20/2024,630.0,632.4,605.7,606.3,-3.76,60326.0,562.0,418.0
BFC,10/21/2024,609.0,610.0,585.1,587.0,-3.18,60236.0,562.0,418.0
BFC,10/22/2024,595.0,620.0,595.0,615.9,4.92,68059.0,562.0,418.0
BFC,10/23/2024,621.0,642.5,610.0,625.0,1.48,116262.0,562.0,418.0
BFC,10/24/2024,627.4,636.0,613.0,614.0,-1.76,30700.0,562.0,418.0
BFC,10/27/2024,618.0,624.9,608.1,614.5,0.08,49562.0,562.0,418.0
BFC,10/28/2024,620.1,655.0,620.1,654.9,6.57,138428.0,562.0,418.0
BFC,10/29/2024,667.0,674.9,652.1,659.4,0.69,79465.0,562.0,418.0
BFC,10/30/2024,667.5,667.5,641.0,645.6,-2.09,53554.0,562.0,418.0
BFC,11/5/2024,655.0,655.0,636.7,639.0,-1.02,26726.0,562.0,418.0
BFC,11/6/2024,648.0,665.0,639.0,653.0,2.19,48376.0,562.0,418.0
BFC,11/10/2024,640.0,687.0,640.0,678.0,3.83,86278.0,562.0,418.0
BFC,11/11/2024,691.0,698.0,665.1,677.9,-0.01,125218.0,562.0,418.0
BFC,11/12/2024,680.0,745.6,680.0,745.6,9.99,405216.0,562.0,418.0
BFC,11/13/2024,760.5,800.0,760.5,777.0,4.21,164133.0,562.0,418.0
BFC,11/14/2024,792.5,792.5,766.0,772.0,-0.64,188985.0,562.0,418.0
BFC,11/17/2024,787.4,787.4,712.0,735.0,-4.79,235566.0,562.0,418.0
BFC,11/19/2024,721.0,747.0,721.0,724.2,-1.47,172862.0,562.0,418.0
BFC,11/20/2024,738.6,770.0,725.0,767.0,5.91,204986.0,562.0,418.0
BFC,11/21/2024,767.0,787.0,749.0,770.0,0.39,210693.0,562.0,418.0
BFC,11/24/2024,785.4,820.0,775.1,817.0,6.1,299140.0,562.0,418.0
BFC,11/25/2024,833.3,898.0,806.0,898.0,9.91,301419.0,562.0,418.0
BFC,11/26/2024,880.1,951.6,843.0,843.0,-6.12,174737.0,562.0,418.0
BFC,11/27/2024,859.0,891.0,859.0,882.2,4.65,234714.0,562.0,418.0
BFC,11/28/2024,864.6,916.0,838.5,849.7,-3.68,152526.0,562.0,418.0
BFC,12/1/2024,866.6,866.6,818.0,840.1,-1.13,126276.0,562.0,418.0
BFC,12/2/2024,840.1,863.0,810.0,810.0,-3.58,148619.0,562.0,418.0
BFC,12/3/2024,812.0,825.0,795.0,809.0,-0.12,298128.0,562.0,418.0
BFC,12/4/2024,800.1,815.9,789.0,790.0,-2.35,137540.0,562.0,418.0
BFC,12/5/2024,805.0,805.0,773.5,773.6,-2.08,161862.0,562.0,418.0
BFC,12/8/2024,789.0,789.0,756.1,757.1,-2.13,169135.0,562.0,418.0
BFC,12/9/2024,757.0,785.0,752.3,784.9,3.67,103398.0,562.0,418.0
BFC,12/10/2024,800.5,800.5,770.0,774.9,-1.27,38952.0,562.0,418.0
BFC,12/11/2024,775.0,786.0,761.0,779.1,0.54,60258.0,562.0,418.0
BFC,12/12/2024,794.0,826.0,774.1,776.0,-0.4,95067.0,562.0,418.0
BFC,12/16/2024,775.0,775.0,750.0,750.2,-3.32,126783.0,562.0,418.0
BFC,12/17/2024,749.0,765.0,719.0,730.0,-2.69,137143.0,562.0,418.0
BFC,12/18/2024,739.9,744.5,725.0,730.0,0.0,87981.0,562.0,418.0
BFC,12/19/2024,740.5,740.5,705.0,705.3,-3.38,82975.0,562.0,418.0
BFC,12/22/2024,693.1,723.2,687.1,701.0,-0.61,62181.0,562.0,418.0
BFC,12/23/2024,700.0,711.9,692.0,704.0,0.43,38179.0,562.0,418.0
BFC,12/24/2024,705.0,734.0,700.0,722.0,2.56,101046.0,562.0,418.0
BFC,12/26/2024,722.0,722.0,685.0,688.0,-4.71,75846.0,562.0,418.0
BFC,12/29/2024,688.0,688.0,632.2,638.9,-7.14,101531.0,562.0,418.0
BFC,12/31/2024,626.2,627.0,575.1,605.0,-5.31,139424.0,562.0,418.0
BFC,1/1/2025,617.0,646.0,615.0,634.0,4.79,75417.0,562.0,418.0
BFC,1/2/2025,625.0,658.0,621.0,652.1,2.85,40477.0,562.0,418.0
BFC,1/5/2025,641.0,673.2,635.0,645.0,-1.09,76557.0,562.0,418.0
BFC,1/6/2025,650.0,662.9,637.1,662.0,2.64,48116.0,562.0,418.0
BFC,1/7/2025,656.0,678.0,652.2,678.0,2.42,64912.0,562.0,418.0
BFC,1/8/2025,691.5,745.8,670.2,710.0,4.72,130682.0,562.0,418.0
BFC,1/9/2025,700.0,724.0,682.0,682.0,-3.94,101756.0,562.0,418.0
BFC,1/12/2025,694.0,694.0,656.6,656.6,-3.72,50269.0,562.0,418.0
BFC,1/13/2025,660.0,680.0,637.0,637.0,-2.99,93045.0,562.0,418.0
BFC,1/15/2025,637.0,647.0,620.0,629.0,-1.26,52738.0,562.0,418.0
BFC,1/16/2025,618.0,630.0,600.0,604.0,-3.97,93049.0,562.0,418.0
BFC,1/19/2025,600.0,640.0,600.0,628.9,4.12,65123.0,562.0,418.0
BFC,1/20/2025,639.0,641.5,606.1,620.9,-1.27,58582.0,562.0,418.0
BFC,1/21/2025,627.0,627.0,605.0,615.0,-0.95,43087.0,562.0,418.0
BFC,1/22/2025,605.0,624.1,603.0,620.0,0.81,51080.0,562.0,418.0
BFC,1/23/2025,632.4,632.4,598.0,600.0,-3.23,85229.0,562.0,418.0
BFC,1/26/2025,610.0,610.0,555.0,573.0,-4.5,120483.0,562.0,418.0
BFC,1/27/2025,570.0,610.0,560.0,587.0,2.44,99307.0,562.0,418.0
BFC,1/28/2025,590.0,629.0,586.0,614.8,4.74,63394.0,562.0,418.0
BFC,2/2/2025,627.0,629.0,603.2,618.0,0.52,83290.0,562.0,418.0
BFC,2/3/2025,620.0,630.0,605.0,608.1,-1.6,55634.0,562.0,418.0
BFC,2/4/2025,611.0,615.0,590.0,599.0,-1.5,36836.0,562.0,418.0
BFC,2/5/2025,610.0,640.0,581.0,638.0,6.51,106186.0,562.0,418.0
BFC,2/6/2025,638.0,669.9,630.0,647.1,1.43,95107.0,562.0,418.0
BFC,2/9/2025,635.0,674.9,625.0,658.8,1.81,82522.0,562.0,418.0
BFC,2/10/2025,665.0,676.0,642.0,642.0,-2.55,113812.0,562.0,418.0
BFC,2/11/2025,645.0,660.0,632.1,643.4,0.22,63127.0,562.0,418.0
BFC,2/12/2025,656.2,660.0,633.0,652.9,1.48,53294.0,562.0,418.0
BFC,2/13/2025,664.0,674.0,656.3,669.0,2.47,141873.0,562.0,418.0
BFC,2/16/2025,682.3,695.9,677.0,694.8,3.86,114910.0,562.0,418.0
BFC,2/17/2025,690.0,704.0,667.0,668.0,-3.86,105352.0,562.0,418.0
BFC,2/18/2025,681.3,681.3,648.0,654.0,-2.1,63047.0,562.0,418.0
BFC,2/20/2025,654.0,673.0,635.0,652.0,-0.31,50797.0,562.0,418.0
BFC,2/23/2025,652.0,665.0,627.0,645.0,-1.07,49956.0,562.0,418.0
BFC,2/24/2025,655.0,655.0,632.5,637.0,-1.24,35486.0,562.0,418.0
BFC,2/25/2025,648.0,648.0,630.0,640.0,0.47,30973.0,562.0,418.0
BFC,2/27/2025,648.9,648.9,633.0,637.8,-0.34,33932.0,562.0,418.0
BFC,3/2/2025,650.4,662.0,645.0,658.0,3.17,39983.0,562.0,418.0
BFC,3/3/2025,669.0,684.0,648.0,652.7,-0.81,55471.0,562.0,418.0
BFC,3/4/2025,651.0,660.5,635.0,638.0,-2.25,32094.0,562.0,418.0
BFC,3/5/2025,648.0,648.0,627.1,633.9,-0.64,22242.0,562.0,418.0
BFC,3/6/2025,645.0,645.0,625.2,629.0,-0.77,29923.0,562.0,418.0
BFC,3/9/2025,630.0,641.0,612.1,618.0,-1.75,29151.0,562.0,418.0
BFC,3/10/2025,629.0,629.0,608.7,610.1,-1.28,31559.0,562.0,418.0
BFC,3/11/2025,615.0,616.0,598.0,601.0,-1.49,39042.0,562.0,418.0
BFC,3/12/2025,605.0,612.0,585.0,600.0,-0.17,39663.0,562.0,418.0
BFC,3/16/2025,601.0,601.0,580.0,590.0,-1.67,39101.0,562.0,418.0
BFC,3/17/2025,590.9,600.0,586.5,593.0,0.51,18557.0,562.0,418.0
BFC,3/18/2025,604.8,604.8,585.1,586.0,-1.18,10870.0,562.0,418.0
BFC,3/19/2025,597.7,597.7,579.0,579.9,-1.04,20219.0,562.0,418.0
BFC,3/20/2025,591.4,591.4,565.0,569.17,-1.85,26754.0,562.0,418.0
BFC,3/23/2025,580.0,580.5,540.0,541.18,-4.92,43540.0,562.0,418.0
BFC,3/24/2025,541.0,575.0,541.0,559.62,3.41,33419.0,562.0,418.0
BFC,3/25/2025,565.0,565.0,535.0,536.15,-4.19,25631.0,562.0,418.0
BFC,3/26/2025,544.0,554.7,538.0,549.04,2.4,18005.0,562.0,418.0
BFC,3/27/2025,560.0,560.0,543.0,557.19,1.48,17549.0,562.0,418.0
BFC,3/30/2025,546.1,579.0,546.1,567.22,1.8,35520.0,562.0,418.0
BFC,4/1/2025,577.0,578.0,555.4,558.76,-1.49,18188.0,562.0,418.0
BFC,4/2/2025,560.1,593.0,556.0,574.55,2.83,31223.0,562.0,418.0
BFC,4/3/2025,563.1,594.9,563.0,567.59,-1.21,28205.0,562.0,418.0
BFC,4/7/2025,574.9,574.9,553.0,556.95,-1.87,14204.0,562.0,418.0
BFC,4/8/2025,560.0,561.0,546.2,555.84,-0.2,23122.0,562.0,418.0
BFC,4/9/2025,544.8,575.0,544.8,560.64,0.86,14409.0,562.0,418.0
BFC,4/10/2025,570.0,570.0,555.0,560.33,-0.06,8002.0,562.0,418.0
BFC,4/13/2025,560.4,560.4,545.0,545.54,-2.64,16432.0,562.0,418.0
BFC,4/15/2025,555.0,563.8,544.0,559.93,2.64,20242.0,562.0,418.0
BFC,4/16/2025,569.7,569.7,548.9,558.3,-0.29,10843.0,562.0,418.0
BFC,4/17/2025,565.0,565.0,547.0,557.93,-0.07,41234.0,562.0,418.0
BFC,4/20/2025,567.0,567.0,545.0,546.21,-2.1,12436.0,562.0,418.0
BFC,4/21/2025,540.0,550.4,540.0,542.68,-0.65,13168.0,562.0,418.0
BFC,4/22/2025,553.0,553.0,530.0,530.87,-2.18,24369.0,562.0,418.0
BFC,4/23/2025,528.3,540.0,510.0,513.02,-3.36,38597.0,562.0,418.0
BFC,4/24/2025,523.2,523.2,503.0,507.78,-1.02,33780.0,562.0,418.0
BFC,4/27/2025,508.5,524.0,500.0,502.57,-1.03,35326.0,562.0,418.0
BFC,4/28/2025,509.9,530.0,492.6,502.74,0.03,55518.0,562.0,418.0
BFC,4/29/2025,510.0,510.0,490.3,493.03,-1.93,20747.0,562.0,418.0
BFC,4/30/2025,500.0,500.0,481.0,486.05,-1.42,34708.0,562.0,418.0
BFC,5/4/2025,478.0,494.0,478.0,479.48,-1.35,31876.0,562.0,418.0
BFC,5/5/2025,480.0,482.0,467.0,471.99,-1.56,45536.0,562.0,418.0
BFC,5/6/2025,463.0,481.0,463.0,467.55,-0.94,21056.0,562.0,418.0
BFC,5/7/2025,467.0,504.0,456.0,502.25,7.42,52725.0,562.0,418.0
BFC,5/8/2025,493.0,540.0,492.0,514.3,2.4,79777.0,562.0,418.0
BFC,5/11/2025,505.0,518.9,495.0,496.26,-3.51,39622.0,562.0,418.0
BFC,5/13/2025,506.0,506.0,485.0,486.56,-1.95,21648.0,562.0,418.0
BFC,5/14/2025,477.0,506.0,477.0,488.78,0.46,20570.0,562.0,418.0
BFC,5/15/2025,489.9,497.0,485.0,486.64,-0.44,15741.0,562.0,418.0
BFC,5/18/2025,496.0,496.0,478.3,479.31,-1.51,13009.0,562.0,418.0
BFC,5/19/2025,488.8,498.5,482.0,486.78,1.56,10143.0,562.0,418.0
BFC,5/20/2025,477.2,499.8,477.2,496.44,1.98,19992.0,562.0,418.0
BFC,5/21/2025,506.3,536.0,495.1,497.0,0.11,30810.0,562.0,418.0
BFC,5/22/2025,498.0,506.9,493.0,495.3,-0.34,14642.0,562.0,418.0
BFC,5/25/2025,504.9,504.9,487.0,489.44,-1.18,9358.0,562.0,418.0
BFC,5/26/2025,499.2,509.0,486.1,487.66,-0.36,13504.0,562.0,418.0
BFC,5/27/2025,487.0,495.0,484.0,485.33,-0.48,7656.0,562.0,418.0
BFC,5/28/2025,483.1,490.0,476.0,485.09,-0.05,14871.0,562.0,418.0
BFC,6/2/2025,490.0,505.0,486.0,488.65,0.73,10737.0,562.0,418.0
BFC,6/3/2025,490.0,496.0,482.0,484.09,-0.93,10092.0,562.0,418.0
BFC,6/4/2025,484.0,488.0,477.0,478.45,-1.17,7702.0,562.0,418.0
BFC,6/5/2025,480.0,488.0,472.5,473.96,-0.94,17460.0,562.0,418.0
BFC,6/8/2025,473.9,480.0,466.0,470.26,-0.78,16323.0,562.0,418.0
BFC,6/9/2025,470.0,484.5,470.0,474.52,0.91,15420.0,562.0,418.0
BFC,6/10/2025,484.0,505.0,475.0,500.44,5.46,63713.0,562.0,418.0
BFC,6/11/2025,502.5,510.0,491.1,493.32,-1.42,27846.0,562.0,418.0
BFC,6/12/2025,503.0,505.0,493.0,495.94,0.53,21790.0,562.0,418.0
BFC,6/15/2025,486.1,504.5,486.1,490.37,-1.12,17780.0,562.0,418.0
BFC,6/16/2025,481.0,499.0,481.0,485.36,-1.02,26344.0,562.0,418.0
BFC,6/17/2025,494.0,494.8,477.6,479.6,-1.19,13366.0,562.0,418.0
BFC,6/18/2025,489.1,489.1,475.0,475.88,-0.78,9446.0,562.0,418.0
BFC,6/19/2025,466.4,485.0,466.4,476.54,0.14,21767.0,562.0,418.0
BFC,6/22/2025,484.9,484.9,470.1,470.56,-1.25,11113.0,562.0,418.0
BFC,6/23/2025,471.0,474.8,465.0,467.59,-0.63,26191.0,562.0,418.0
BFC,6/24/2025,458.3,480.0,458.3,466.91,-0.15,17566.0,562.0,418.0
BFC,6/25/2025,475.9,475.9,466.0,467.52,0.13,5951.0,562.0,418.0
BFC,6/26/2025,470.0,475.0,466.0,466.21,-0.28,12681.0,562.0,418.0
BFC,6/29/2025,473.0,473.0,463.1,468.61,0.51,19869.0,562.0,418.0
BFC,6/30/2025,475.0,475.0,465.0,467.79,-0.17,10695.0,562.0,418.0
BFC,7/1/2025,469.0,474.0,465.0,470.35,0.55,22251.0,562.0,418.0
BFC,7/2/2025,479.6,487.9,472.0,480.6,2.18,14811.0,562.0,418.0
BFC,7/3/2025,489.0,510.0,478.1,503.76,4.82,82154.0,562.0,418.0
BFC,7/6/2025,503.0,526.0,499.0,511.09,1.46,101005.0,562.0,418.0
BFC,7/7/2025,512.0,512.0,487.0,490.43,-4.04,36056.0,562.0,418.0
BFC,7/8/2025,494.5,499.9,481.0,490.93,0.1,19221.0,562.0,418.0
BFC,7/9/2025,481.3,514.9,481.3,494.08,0.64,14228.0,562.0,418.0
BFC,7/10/2025,501.0,507.0,496.0,498.78,0.95,18576.0,562.0,418.0
BFC,7/13/2025,508.7,518.0,506.0,507.21,1.69,34488.0,562.0,418.0
BFC,7/14/2025,509.0,513.0,500.8,502.74,-0.88,21171.0,562.0,418.0
BFC,7/15/2025,512.0,519.0,503.1,510.17,1.48,26000.0,562.0,418.0
BFC,7/16/2025,518.9,521.8,510.0,512.03,0.36,25330.0,562.0,418.0
BFC,7/17/2025,520.0,535.0,515.0,528.9,3.29,63253.0,562.0,418.0
BFC,7/20/2025,529.0,540.9,511.0,516.1,-2.42,57107.0,562.0,418.0
BFC,7/21/2025,520.0,526.4,512.0,519.66,0.69,44354.0,562.0,418.0
BFC,7/22/2025,530.0,530.0,520.0,526.38,1.29,44596.0,562.0,418.0
BFC,7/23/2025,535.0,569.9,520.2,557.81,5.97,137191.0,562.0,418.0
BFC,7/24/2025,563.0,574.2,558.7,566.84,1.62,57181.0,562.0,418.0
BFC,7/27/2025,569.0,571.0,543.0,546.31,-3.62,97726.0,562.0,418.0
BFC,7/28/2025,550.0,570.0,530.0,562.8,3.02,63661.0,562.0,418.0
BFC,7/29/2025,570.0,579.9,555.0,560.92,-0.33,73166.0,562.0,418.0
BFC,7/30/2025,560.0,571.0,535.1,539.0,-3.91,36154.0,562.0,418.0
BFC,7/31/2025,539.0,564.0,530.3,540.74,0.32,54701.0,562.0,418.0
BFC,8/3/2025,530.0,550.0,528.0,533.46,-1.35,57440.0,562.0,418.0
BFC,8/4/2025,522.8,543.6,522.8,531.52,-0.36,18480.0,562.0,418.0
BFC,8/5/2025,520.9,547.0,515.0,518.87,-2.38,32643.0,562.0,418.0
BFC,8/6/2025,519.0,527.0,519.0,522.45,0.69,27772.0,562.0,418.0
BFC,8/7/2025,530.0,530.0,515.0,525.44,0.57,40119.0,562.0,418.0
BFC,8/11/2025,535.0,535.0,516.0,519.21,-1.19,28375.0,562.0,418.0
BFC,8/12/2025,508.9,519.0,503.0,504.52,-2.83,29907.0,562.0,418.0
BFC,8/13/2025,494.5,527.3,494.5,511.22,1.33,31453.0,562.0,418.0
BFC,8/14/2025,520.0,520.0,508.0,510.28,-0.18,12714.0,562.0,418.0
BFC,8/17/2025,519.9,519.9,504.0,505.23,-0.99,16234.0,562.0,418.0
BFC,8/18/2025,502.0,512.0,500.0,504.66,-0.11,20496.0,562.0,418.0
BFC,8/19/2025,495.0,510.0,495.0,500.86,-0.75,12384.0,562.0,418.0
BFC,8/20/2025,500.0,509.0,498.0,498.98,-0.38,18196.0,562.0,418.0
BFC,8/21/2025,489.5,507.0,489.5,499.32,0.07,13726.0,562.0,418.0
BFC,8/24/2025,495.0,503.0,490.0,492.79,-1.31,13099.0,562.0,418.0
BFC,8/25/2025,494.0,499.0,490.0,495.2,0.49,7791.0,562.0,418.0
BFC,8/26/2025,499.0,499.0,491.0,496.0,0.16,4766.0,562.0,418.0
BFC,8/27/2025,500.0,505.0,496.0,503.54,1.52,17592.0,562.0,418.0
BFC,8/28/2025,513.0,513.0,490.0,492.55,-2.18,19508.0,562.0,418.0
BFC,8/31/2025,500.0,500.0,475.0,480.81,-2.38,19638.0,562.0,418.0
BFC,9/1/2025,490.0,490.0,474.0,479.24,-0.33,9444.0,562.0,418.0
BFC,9/2/2025,480.0,486.0,475.0,475.31,-0.82,8018.0,562.0,418.0
BFC,9/3/2025,477.0,477.0,470.0,470.12,-1.09,16362.0,562.0,418.0
BFC,9/4/2025,479.5,479.5,464.6,470.99,0.19,13876.0,562.0,418.0
BFC,9/7/2025,477.9,487.0,467.0,474.89,0.83,7029.0,562.0,418.0
BFC,9/8/2025,484.0,484.0,464.0,465.09,-2.06,12021.0,562.0,418.0
BFC,9/18/2025,455.8,455.8,419.8,419.8,-9.74,1986.0,562.0,418.0
BFC,9/21/2025,411.5,460.0,411.5,456.39,8.72,27520.0,562.0,418.0
BFC,9/23/2025,465.0,478.0,460.0,472.0,3.42,7792.0,562.0,418.0
BFC,9/24/2025,479.0,479.0,463.0,465.0,-1.48,11069.0,562.0,418.0
BFC,9/25/2025,456.0,470.0,456.0,467.0,0.43,6030.0,562.0,418.0
BFC,9/28/2025,476.0,476.0,466.5,471.0,0.86,6550.0,562.0,418.0
BFC,10/7/2025,471.0,471.0,457.0,459.8,-2.38,8435.0,562.0,418.0
BFC,10/8/2025,466.0,466.0,439.0,444.0,-3.44,17276.0,562.0,418.0
BFC,10/9/2025,452.8,485.0,452.0,455.0,2.48,13321.0,562.0,418.0
BFC,10/12/2025,446.0,454.9,437.0,438.2,-3.69,13374.0,562.0,418.0
BFC,10/13/2025,438.0,450.0,434.0,444.1,1.35,6513.0,562.0,418.0
BFC,10/14/2025,436.0,451.0,436.0,439.9,-0.95,5483.0,562.0,418.0
BFC,10/15/2025,432.0,439.9,432.0,435.0,-1.11,4178.0,562.0,418.0
BFC,10/16/2025,443.0,443.0,430.0,430.1,-1.13,9685.0,562.0,418.0
BFC,10/19/2025,422.0,445.0,422.0,435.0,1.14,4945.0,562.0,418.0
BFC,10/26/2025,430.0,433.0,427.0,433.0,-0.46,4149.0,562.0,418.0
BFC,10/28/2025,441.5,446.9,441.0,446.7,3.16,2189.0,562.0,418.0
BFC,10/29/2025,454.0,459.9,436.5,443.5,-0.72,6516.0,562.0,418.0
BFC,10/30/2025,452.0,452.0,435.0,451.0,1.69,7662.0,562.0,418.0
BFC,11/2/2025,445.0,478.9,445.0,471.5,4.55,23596.0,562.0,418.0
BFC,11/3/2025,479.8,487.0,466.1,467.0,-0.95,12631.0,562.0,418.0
BFC,11/4/2025,476.3,482.9,455.0,455.1,-2.55,16334.0,562.0,418.0
BFC,11/5/2025,464.0,477.9,446.0,470.1,3.3,24142.0,562.0,418.0
BFC,11/6/2025,479.4,508.9,473.1,497.9,5.91,116375.0,562.0,418.0
BFC,11/9/2025,488.0,504.0,482.6,494.1,-0.76,45093.0,562.0,418.0
BFC,11/10/2025,485.3,499.0,470.0,487.0,-1.44,40762.0,562.0,418.0
BFC,11/11/2025,477.3,496.5,477.3,488.0,0.21,18958.0,562.0,418.0
BFC,11/12/2025,478.3,527.3,478.3,493.1,1.05,69293.0,562.0,418.0
BFC,11/13/2025,483.3,512.0,475.0,477.4,-3.18,38753.0,562.0,418.0
BFC,11/16/2025,486.0,490.0,465.0,474.0,-0.71,20668.0,562.0,418.0
BFC,11/17/2025,470.0,479.0,465.0,465.0,-1.9,14642.0,562.0,418.0
BFC,11/18/2025,474.0,494.0,465.0,471.0,1.29,14445.0,562.0,418.0
BFC,11/19/2025,480.0,487.6,465.0,474.0,0.64,26426.0,562.0,418.0
BFC,11/20/2025,483.0,483.0,460.0,468.0,-1.27,20081.0,562.0,418.0
BFC,11/23/2025,458.7,486.0,458.7,472.0,0.85,26914.0,562.0,418.0
BFC,11/24/2025,481.0,481.0,466.0,477.5,1.17,20360.0,562.0,418.0
BFC,11/25/2025,468.0,485.3,468.0,477.0,-0.1,31924.0,562.0,418.0
BFC,11/26/2025,486.5,486.5,470.0,476.0,-0.21,12196.0,562.0,418.0
BFC,11/27/2025,467.0,483.9,467.0,472.9,-0.65,15579.0,562.0,418.0
BFC,11/30/2025,478.9,480.0,464.0,467.9,-1.06,27890.0,562.0,418.0
BFC,12/1/2025,470.0,478.9,461.2,473.0,1.09,19245.0,562.0,418.0
BFC,12/2/2025,470.0,478.6,468.4,475.3,0.49,11640.0,562.0,418.0
BFC,12/3/2025,472.1,494.0,472.1,488.0,2.67,73282.0,562.0,418.0
BFC,12/7/2025,487.0,500.0,477.0,485.0,-0.61,148405.0,562.0,418.0
BFC,12/8/2025,490.0,490.0,480.1,483.9,-0.23,26559.0,562.0,418.0
BFC,12/9/2025,487.0,492.0,480.1,484.9,0.21,56531.0,562.0,418.0
BFC,12/10/2025,477.0,487.0,473.0,475.0,-2.04,17136.0,562.0,418.0
BFC,12/11/2025,482.0,482.0,468.0,468.0,-1.47,16313.0,562.0,418.0
BFC,12/14/2025,474.0,475.0,455.0,455.0,-2.78,34433.0,562.0,418.0
BFC,12/15/2025,459.0,466.0,451.0,464.8,2.15,15187.0,562.0,418.0
BFC,12/16/2025,473.8,473.8,461.0,461.0,-0.82,18894.0,562.0,418.0
BFC,12/17/2025,470.0,476.1,466.1,468.3,1.58,32291.0,562.0,418.0
BFC,12/18/2025,474.0,474.0,460.2,460.2,-1.73,22119.0,562.0,418.0
BFC,12/21/2025,460.2,461.9,453.0,455.5,-1.02,12734.0,562.0,418.0
BFC,12/22/2025,452.5,458.7,452.5,454.0,-0.33,9732.0,562.0,418.0
BFC,12/23/2025,462.9,462.9,450.0,454.8,0.18,11581.0,562.0,418.0
BFC,12/24/2025,463.0,463.0,448.0,448.0,-1.5,14759.0,562.0,418.0
BFC,12/28/2025,450.0,464.9,450.0,461.0,2.9,9746.0,562.0,418.0
BFC,12/29/2025,470.2,472.0,456.2,456.2,-1.04,22337.0,562.0,418.0
BFC,12/31/2025,465.3,474.0,460.0,462.0,1.27,12443.0,562.0,418.0
BFC,1/1/2026,468.0,468.0,456.2,456.2,-1.26,8139.0,562.0,418.0
BFC,1/4/2026,456.3,461.0,450.0,452.0,-0.92,13592.0,562.0,418.0
BFC,1/5/2026,459.8,459.8,451.6,457.0,1.11,24278.0,562.0,418.0
BFC,1/6/2026,465.0,480.0,456.2,470.5,2.95,86180.0,562.0,418.0
BFC,1/7/2026,470.0,479.0,463.0,467.0,-0.74,30196.0,562.0,418.0
BFC,1/8/2026,461.1,470.0,461.1,465.0,-0.43,9555.0,562.0,418.0
BFC,1/12/2026,465.0,474.0,465.0,468.9,0.84,38046.0,562.0,418.0
BFC,1/13/2026,459.6,472.0,459.6,464.9,-0.85,20215.0,562.0,418.0
BFC,1/14/2026,462.4,479.9,462.3,470.0,1.1,50770.0,562.0,418.0
BFC,1/18/2026,479.4,495.5,478.1,492.0,4.68,73077.0,562.0,418.0
BFC,1/20/2026,492.0,502.0,482.4,485.5,-1.32,80481.0,562.0,418.0
BFC,1/21/2026,485.5,493.9,479.0,484.0,-0.31,41449.0,562.0,418.0
BFC,1/22/2026,474.4,499.0,474.4,497.2,2.73,50215.0,562.0,418.0
BFC,1/25/2026,488.0,522.0,488.0,513.0,3.18,102849.0,562.0,418.0
BFC,1/26/2026,503.0,518.0,495.1,505.0,-1.56,70801.0,562.0,418.0
BFC,1/27/2026,514.0,514.0,480.0,487.0,-3.56,62013.0,562.0,418.0
BFC,1/28/2026,477.3,501.0,477.3,490.1,0.64,55139.0,562.0,418.0
BFC,1/29/2026,480.3,501.9,480.3,484.0,-1.24,60856.0,562.0,418.0
BFC,2/1/2026,474.4,494.7,474.4,485.0,0.21,39184.0,562.0,418.0
BFC,2/2/2026,493.9,493.9,481.0,485.0,0.0,26659.0,562.0,418.0
BFC,2/3/2026,493.0,493.0,477.0,479.0,-1.24,28039.0,562.0,418.0
BFC,2/4/2026,488.5,493.0,476.4,477.6,-0.29,23439.0,562.0,418.0
BFC,2/5/2026,476.1,489.5,476.0,482.3,0.98,35080.0,562.0,418.0
BFC,2/8/2026,491.0,496.0,482.6,485.0,0.56,47894.0,562.0,418.0
BFC,2/9/2026,486.5,490.0,473.0,476.9,-1.67,26381.0,562.0,418.0
BFC,2/10/2026,480.0,484.0,467.7,471.9,-1.05,19215.0,562.0,418.0
BFC,2/11/2026,472.0,480.0,462.5,467.9,-0.85,18678.0,562.0,418.0
BFC,2/12/2026,468.0,477.2,463.0,470.0,0.45,16470.0,562.0,418.0
BFC,2/16/2026,470.1,477.8,460.6,473.9,0.83,17493.0,562.0,418.0
BFC,2/17/2026,468.0,472.0,462.0,465.0,-1.88,16137.0,562.0,418.0
BFC,2/22/2026,460.1,462.0,457.1,458.0,-1.51,16681.0,562.0,418.0
BFC,2/23/2026,459.0,461.9,454.0,457.0,-0.22,18677.0,562.0,418.0
BFC,2/24/2026,464.0,464.0,455.2,462.0,1.09,8848.0,562.0,418.0
BFC,2/25/2026,460.0,467.8,455.0,459.2,-0.61,16431.0,562.0,418.0
BFC,2/26/2026,462.0,466.0,460.0,462.1,0.63,7016.0,562.0,418.0
BFC,2/27/2026,462.0,466.0,460.0,462.1,0.0,7016.0,562.0,418.0
BFC,2/28/2026,462.0,466.0,460.0,462.1,0.0,7016.0,562.0,418.0
BFC,3/2/2026,460.0,471.3,457.0,470.9,1.9,21806.0,562.0,418.0
BFC,3/3/2026,475.0,480.0,470.0,478.9,1.7,15485.0,562.0,418.0
BFC,3/4/2026,475.0,480.0,470.0,478.9,0.0,15485.0,562.0,418.0
BFC,3/5/2026,475.0,480.0,470.0,478.9,0.0,15485.0,562.0,418.0
BFC,3/6/2026,475.0,480.0,470.0,478.9,0.0,15485.0,562.0,418.0
BFC,3/7/2026,475.0,480.0,470.0,478.9,0.0,15485.0,562.0,418.0
BFC,3/8/2026,475.0,480.0,470.0,478.9,0.0,15485.0,562.0,418.0
BFC,3/9/2026,488.0,507.6,488.0,497.7,3.93,1220.0,562.0,418.0
BFC,3/10/2026,507.6,507.6,490.0,497.2,-0.1,56492.0,562.0,418.0
BFC,3/11/2026,488.0,501.2,487.0,488.0,-1.85,23125.0,562.0,418.0
BFC,3/12/2026,495.0,495.1,483.0,495.0,1.43,32069.0,562.0,418.0
BFC,3/13/2026,495.0,495.1,483.0,495.0,0.0,32069.0,562.0,418.0
BFC,3/14/2026,495.0,495.1,483.0,495.0,0.0,32069.0,562.0,418.0
BFC,3/15/2026,504.9,504.9,486.1,487.0,-1.62,25980.0,562.0,418.0
BFC,3/16/2026,488.0,494.7,481.1,484.0,-0.62,19786.0,562.0,418.0
BFC,3/17/2026,475.0,489.0,475.0,486.0,0.41,15398.0,562.0,418.0
BFC,3/18/2026,475.0,489.0,475.0,486.0,0.0,15398.0,562.0,418.0
BFC,3/19/2026,480.0,504.0,480.0,502.0,3.29,60059.0,562.0,418.0
BFC,3/20/2026,480.0,504.0,480.0,502.0,0.0,60059.0,562.0,418.0
BFC,3/21/2026,480.0,504.0,480.0,502.0,0.0,60059.0,562.0,418.0
BFC,3/22/2026,505.0,519.0,501.0,518.8,3.35,76231.0,562.0,418.0
BFC,3/23/2026,520.0,520.0,507.0,514.9,-0.75,44766.0,562.0,418.0
BFC,3/24/2026,520.0,524.0,508.0,519.9,0.97,34784.0,562.0,418.0
BFC,3/25/2026,519.0,520.0,505.0,505.1,-2.85,31140.0,562.0,418.0
BFC,3/26/2026,505.1,509.0,501.0,506.5,0.28,28443.0,562.0,418.0
BFC,3/29/2026,506.0,507.1,485.0,486.0,-3.95,46321.0,562.0,418.0
BFC,3/30/2026,487.0,494.8,472.1,473.0,-2.87,33138.0,562.0,418.0
BFC,3/31/2026,474.0,487.0,470.0,480.0,1.27,31922.0,562.0,418.0
BFC,4/1/2026,487.0,488.0,461.0,467.0,-4.11,23278.0,562.0,418.0
BFC,4/2/2026,463.0,476.0,460.0,467.0,0.86,16232.0,562.0,418.0
BFC,4/5/2026,460.0,465.8,449.0,449.0,-2.39,41274.0,562.0,418.0
BFC,4/6/2026,450.1,467.0,450.1,464.0,3.09,28527.0,562.0,418.0
BFC,4/7/2026,466.0,470.0,460.0,463.9,-0.45,15635.0,562.0,418.0
BFC,4/8/2026,471.9,473.1,465.1,472.0,0.02,9316.0,562.0,418.0
BFC,4/9/2026,472.0,480.0,472.0,472.2,0.04,15471.0,562.0,418.0
BFC,4/10/2026,471.0,477.0,465.3,470.0,-0.21,14384.0,562.0,418.0
BFC,4/13/2026,468.0,470.0,465.0,465.7,-0.49,12162.0,562.0,418.0
BFC,4/15/2026,475.0,481.0,470.0,477.5,0.53,8547.0,562.0,418.0
BFC,4/16/2026,469.0,477.0,465.0,465.0,-0.85,14375.0,562.0,418.0
BFC,4/17/2026,473.4,473.4,459.0,466.0,-1.56,10648.0,562.0,418.0
BFC,4/20/2026,460.0,470.0,459.0,462.0,0.43,8389.0,562.0,418.0
BFC,4/21/2026,469.0,469.0,460.0,460.0,-1.92,7253.0,562.0,418.0
BFC,4/22/2026,462.5,469.6,452.0,467.9,1.17,8124.0,562.0,418.0
BFC,4/23/2026,471.0,471.0,457.0,460.0,-2.34,10034.0,562.0,418.0
BFC,4/24/2026,452.0,460.0,451.2,454.0,0.44,9470.0,562.0,418.0
BFC,4/27/2026,454.0,460.0,454.0,460.0,1.32,7020.0,562.0,418.0
BFC,4/28/2026,460.0,473.8,457.0,458.0,-0.43,4746.0,562.0,418.0
BFC,4/29/2026,458.0,463.9,450.0,453.0,-1.09,7562.0,562.0,418.0
BFC,4/30/2026,450.0,452.4,444.0,449.0,-0.22,11432.0,562.0,418.0
BFC,5/4/2026,451.0,451.0,441.0,443.0,-1.77,9306.0,562.0,418.0
BFC,5/5/2026,450.0,452.0,440.3,448.0,-0.44,4335.0,562.0,418.0
BFC,5/6/2026,454.0,454.0,446.1,452.0,-0.44,2709.0,562.0,418.0
BFC,5/7/2026,456.0,457.0,447.0,450.0,-1.32,5603.0,562.0,418.0
BFC,5/8/2026,456.0,457.0,449.0,454.0,-0.44,7733.0,562.0,418.0
BFC,5/11/2026,467.6,468.7,458.0,468.0,0.09,7693.0,562.0,418.0
BFC,5/12/2026,474.9,474.9,456.0,456.0,-3.98,7617.0,562.0,418.0
BFC,5/13/2026,464.0,464.0,450.1,458.3,-1.23,4282.0,562.0,418.0
BFC,5/14/2026,464.0,464.0,451.0,455.0,-1.94,3475.0,562.0,418.0
BFC,5/15/2026,459.9,459.9,454.1,454.1,-1.26,4495.0,562.0,418.0
BFC,5/18/2026,461.0,461.0,453.2,453.2,-1.69,3454.0,562.0,418.0
BFC,5/19/2026,460.0,460.0,452.0,454.0,-1.3,6503.0,562.0,418.0
BFC,5/20/2026,461.9,461.9,453.1,458.0,-0.84,5232.0,562.0,418.0
BFC,5/21/2026,458.0,465.5,455.2,457.9,-0.02,5208.0,562.0,418.0
BFC,5/22/2026,461.0,461.0,454.1,458.0,-0.65,2998.0,562.0,418.0
BFC,5/25/2026,464.0,469.0,460.0,460.0,-0.86,15835.0,562.0,418.0
BFC,5/26/2026,469.0,469.0,460.2,461.0,-1.71,5324.0,562.0,418.0
BFC,5/27/2026,463.9,463.9,457.2,459.4,-0.97,5074.0,562.0,418.0
BFC,6/1/2026,458.0,458.9,447.0,455.9,-0.46,10202.0,562.0,418.0
BFC,6/2/2026,462.0,482.0,461.0,478.2,3.51,56361.0,562.0,418.0
BFC,6/3/2026,484.9,484.9,472.1,475.0,-2.04,13542.0,562.0,418.0
BFC,6/4/2026,467.0,483.9,467.0,477.9,2.33,14496.0,562.0,418.0
BFC,6/5/2026,465.0,523.5,465.0,514.0,10.54,264073.0,562.0,418.0
BFC,6/8/2026,520.0,539.0,520.0,526.3,1.21,165982.0,562.0,418.0
BFC,6/9/2026,510.0,535.0,500.0,520.0,1.96,129327.0,562.0,418.0
BFC,6/10/2026,523.0,548.9,520.0,529.0,1.15,173251.0,562.0,418.0
BFC,6/11/2026,523.0,527.0,506.1,510.0,-2.49,52426.0,562.0,418.0
BFC,6/12/2026,484.5,519.6,484.5,506.0,4.44,44504.0,562.0,418.0
BFC,6/15/2026,513.9,513.9,483.0,493.0,-4.07,77404.0,562.0,418.0
BFC,6/16/2026,497.0,500.0,483.4,491.0,-1.21,46240.0,562.0,418.0
BFC,6/17/2026,515.5,515.5,484.0,492.0,-4.56,32217.0,562.0,418.0
BFC,6/18/2026,490.0,504.0,483.0,504.0,2.86,24304.0,562.0,418.0
BFC,6/19/2026,504.0,508.0,496.0,499.0,-0.99,26338.0,562.0,418.0
BFC,6/22/2026,474.1,521.0,474.1,518.0,9.26,107252.0,562.0,418.0
BFC,6/23/2026,515.2,518.0,502.1,512.3,-0.56,61936.0,562.0,418.0
BFC,6/24/2026,486.7,521.5,486.7,520.1,6.86,87068.0,562.0,418.0
BFC,6/26/2026,519.0,520.0,506.3,513.0,-1.16,44614.0,562.0,418.0
BFC,6/29/2026,490.0,521.5,490.0,500.0,2.04,22822.0,562.0,418.0
BFC,6/30/2026,504.5,509.5,486.2,492.1,-2.46,26201.0,562.0,418.0
BFC,7/1/2026,499.7,510.0,495.3,505.0,1.06,39789.0,562.0,418.0
BFC,7/2/2026,507.9,524.0,503.0,524.0,3.17,78781.0,562.0,418.0
BFC,7/3/2026,497.8,537.9,497.8,535.0,7.47,187575.0,562.0,418.0
BFC,7/6/2026,561.7,561.7,524.0,528.0,-6.0,95344.0,562.0,418.0
BFC,7/7/2026,525.09,533.9,523.0,529.0,0.74,38489.0,562.0,418.0
BFC,7/8/2026,529.0,529.0,517.5,518.0,-2.08,76074.0,562.0,418.0
BFC,7/9/2026,518.0,530.0,515.8,523.0,0.97,148814.0,562.0,418.0
BFC,7/10/2026,544.1,544.1,510.0,512.3,-5.84,45872.0,562.0,418.0
BFC,7/13/2026,514.0,522.0,500.2,508.0,-1.17,65267.0,562.0,418.0
BFC,7/14/2026,512.5,513.0,497.6,510.0,-0.49,58912.0,562.0,418.0
BFC,7/15/2026,535.5,535.5,496.8,507.4,-5.25,18175.0,562.0,418.0
BFC,7/16/2026,509.0,514.5,501.1,514.5,1.08,24660.0,562.0,418.0
BFC,7/17/2026,509.0,538.4,509.0,537.9,5.68,80119.0,562.0,418.0
BFC,7/20/2026,562.0,562.0,530.1,539.8,-3.95,54997.0,562.0,418.0
BFC,7/21/2026,513.0,545.0,513.0,530.0,3.31,106044.0,562.0,418.0
BFC,7/22/2026,530.0,558.0,530.0,535.1,0.96,289485.0,562.0,418.0
BFC,7/23/2026,526.0,535.0,520.0,533.0,1.33,64041.0,562.0,418.0
BFC,7/24/2026,533.0,535.0,525.2,533.0,0.0,74820.0,562.0,418.0
BFC,7/27/2026,506.4,538.0,506.4,516.0,1.9,99008.0,562.0,418.0
BFC,7/28/2026,513.1,519.9,505.4,514.0,0.18,68754.0,562.0,418.0
BFC,7/29/2026,489.0,525.0,489.0,509.0,4.09,29657.0,562.0,418.0
BFC,7/30/2026,485.0,562.0,485.0,509.8,5.11,34113.0,562.0,418.0
BFC,7/31/2026,535.0,535.0,501.0,510.0,-4.67,57251.0,562.0,418.0
BFC,8/3/2026,519.7,519.7,503.0,503.2,-3.17,27985.0,562.0,418.0
BFC,8/4/2026,503.2,512.0,500.0,510.0,1.35,49553.0,562.0,418.0
BFC,8/5/2026,505.2,515.9,503.0,506.0,0.16,21575.0,562.0,418.0
BFC,8/6/2026,513.9,513.9,501.1,502.0,-2.32,25711.0,562.0,418.0
BFC,8/7/2026,502.0,504.0,492.0,494.0,-1.59,30161.0,562.0,418.0
BFC,8/10/2026,494.2,499.0,490.0,494.6,0.08,24740.0,562.0,418.0
BFC,8/11/2026,502.9,502.9,492.0,492.0,-2.17,33215.0,562.0,418.0
BFC,8/12/2026,499.0,501.0,493.3,493.9,-1.02,28745.0,562.0,418.0
BFC,8/13/2026,497.0,499.0,491.6,494.0,-0.6,8753.0,562.0,418.0
BFC,8/14/2026,494.0,495.0,482.0,485.0,-1.82,24707.0,562.0,418.0
BFC,8/17/2026,485.0,490.0,480.0,483.5,-0.31,21487.0,562.0,418.0
BFC,8/18/2026,479.0,487.9,475.2,485.0,1.25,43951.0,562.0,418.0
BFC,8/19/2026,485.0,489.0,476.2,476.2,-1.81,22678.0,562.0,418.0
BFC,8/20/2026,488.0,488.0,475.0,482.0,-1.23,8180.0,562.0,418.0
BFC,8/21/2026,482.0,485.0,470.0,474.0,-1.66,16843.0,562.0,418.0
BFC,8/24/2026,481.0,481.0,460.0,463.5,-3.64,15215.0,562.0,418.0
BFC,8/25/2026,474.5,474.5,455.0,455.0,-4.11,16109.0,562.0,418.0
BFC,8/26/2026,455.1,460.0,445.0,454.9,-0.04,22165.0,562.0,418.0
BFC,8/27/2026,445.0,465.0,445.0,459.7,3.3,17454.0,562.0,418.0
BFC,8/31/2026,465.0,465.0,445.0,448.5,-3.55,15468.0,562.0,418.0
BFC,9/1/2026,458.9,458.9,445.3,453.0,-1.29,12427.0,562.0,418.0
BFC,9/2/2026,463.0,463.0,453.0,459.9,-0.67,9008.0,562.0,418.0
BFC,9/3/2026,464.4,464.4,456.0,458.0,-1.38,6315.0,562.0,418.0
BFC,9/7/2026,455.4,463.5,447.0,450.0,-1.19,24371.0,562.0,418.0
BFC,9/9/2026,450.0,457.9,437.0,437.0,-2.89,30003.0,562.0,418.0
BFC,9/10/2026,439.0,439.0,418.0,420.0,-4.33,20069.0,562.0,418.0
BFC,9/11/2026,418.0,434.3,418.0,434.0,3.83,14226.0,562.0,418.0
BFC,9/14/2026,443.9,448.5,435.1,446.0,0.47,11763.0,562.0,418.0
BFC,9/15/2026,468.3,480.0,453.0,470.1,0.38,47958.0,562.0,418.0
BFC,9/16/2026,466.0,472.0,462.0,467.0,0.21,39068.0,562.0,418.0
BFC,9/17/2026,468.0,476.8,461.1,464.1,-0.83,15582.0,562.0,418.0
BFC,9/18/2026,468.9,468.9,461.0,464.0,-1.04,14196.0,562.0,418.0
BFC,9/22/2026,464.0,469.0,454.1,456.0,-1.72,9965.0,562.0,418.0
BFC,9/23/2026,451.0,459.8,444.0,444.0,-1.55,22648.0,562.0,418.0
BFC,9/24/2026,445.0,450.0,440.5,447.0,0.45,14441.0,562.0,418.0
BFC,9/28/2026,442.0,454.0,442.0,442.2,0.05,13259.0,562.0,418.0
BFC,9/29/2026,440.0,450.0,440.0,0.0,-100.0,6401.0,562.0,418.0
BFC,9/30/2026,446.2,447.8,442.0,443.0,-0.72,10458.0,562.0,418.0
BFC,10/1/2026,443.0,451.9,440.0,450.0,1.58,6031.0,562.0,418.0
BFC,10/2/2026,455.0,468.0,453.0,460.3,1.16,72755.0,562.0,418.0
BFCPO,5/19/2026,250.0,250.0,250.0,250.0,0.0,37193.0,324.0,250.0
BGWT,12/21/2025,765.1,775.0,761.1,774.9,,2497.0,874.0,435.0
BGWT,12/22/2025,760.0,777.0,750.0,777.0,0.27,1406.0,874.0,435.0
BGWT,12/23/2025,762.0,770.0,755.0,770.0,-0.9,576.0,874.0,435.0
BGWT,12/24/2025,785.4,785.4,750.0,760.0,-1.3,2855.0,874.0,435.0
BGWT,12/28/2025,775.2,775.2,760.0,761.1,0.14,1397.0,874.0,435.0
BGWT,12/29/2025,751.2,790.0,751.2,775.0,1.83,6343.0,874.0,435.0
BGWT,12/31/2025,790.5,790.5,765.0,765.0,-1.29,1238.0,874.0,435.0
BGWT,1/1/2026,765.0,780.3,760.0,765.0,0.0,927.0,874.0,435.0
BGWT,1/4/2026,753.1,771.0,753.1,760.0,-0.65,1327.0,874.0,435.0
BGWT,1/5/2026,763.0,775.0,760.0,775.0,1.97,4934.0,874.0,435.0
BGWT,1/6/2026,767.0,782.5,767.0,778.0,0.39,2742.0,874.0,435.0
BGWT,1/7/2026,778.0,779.0,760.0,767.5,-1.35,3080.0,874.0,435.0
BGWT,1/8/2026,765.0,770.0,762.0,762.1,-0.7,2118.0,874.0,435.0
BGWT,1/12/2026,762.0,774.0,762.0,763.0,0.12,3775.0,874.0,435.0
BGWT,1/13/2026,760.0,775.0,760.0,775.0,1.57,1067.0,874.0,435.0
BGWT,1/14/2026,775.0,778.3,762.0,777.0,0.26,3275.0,874.0,435.0
BGWT,1/18/2026,771.1,780.0,770.1,778.0,0.13,1947.0,874.0,435.0
BGWT,1/20/2026,787.0,802.5,759.0,800.0,2.83,9577.0,874.0,435.0
BGWT,1/21/2026,801.0,810.0,777.0,785.0,-1.88,5126.0,874.0,435.0
BGWT,1/22/2026,778.0,791.0,775.0,775.0,-1.27,7519.0,874.0,435.0
BGWT,1/25/2026,768.0,806.0,768.0,792.0,2.19,4781.0,874.0,435.0
BGWT,1/26/2026,804.0,804.0,780.2,783.0,-1.14,3081.0,874.0,435.0
BGWT,1/27/2026,783.0,806.0,783.0,788.0,0.64,12535.0,874.0,435.0
BGWT,1/28/2026,788.0,794.0,780.0,793.7,0.72,3214.0,874.0,435.0
BGWT,1/29/2026,793.7,803.0,790.0,793.0,-0.09,7306.0,874.0,435.0
BGWT,2/1/2026,783.1,790.0,770.0,774.0,-2.4,6140.0,874.0,435.0
BGWT,2/2/2026,774.0,779.9,770.3,779.0,0.65,677.0,874.0,435.0
BGWT,2/3/2026,766.0,791.0,763.0,766.2,-1.64,5283.0,874.0,435.0
BGWT,2/4/2026,766.0,780.0,766.0,770.0,0.5,3058.0,874.0,435.0
BGWT,2/5/2026,760.1,784.8,755.0,775.0,0.65,4292.0,874.0,435.0
BGWT,2/8/2026,763.2,782.0,763.2,776.0,0.13,2520.0,874.0,435.0
BGWT,2/9/2026,774.0,780.0,770.0,770.2,-0.75,4265.0,874.0,435.0
BGWT,2/10/2026,785.5,785.5,763.5,770.0,-0.03,1373.0,874.0,435.0
BGWT,2/11/2026,770.0,781.7,760.0,770.0,0.0,3044.0,874.0,435.0
BGWT,2/12/2026,772.0,773.0,762.0,764.0,-0.78,3002.0,874.0,435.0
BGWT,2/16/2026,760.1,770.0,760.0,761.1,-0.38,1700.0,874.0,435.0
BGWT,2/17/2026,760.1,765.0,755.0,760.0,-0.14,2220.0,874.0,435.0
BGWT,2/22/2026,755.0,758.0,755.0,755.0,-0.66,987.0,874.0,435.0
BGWT,2/23/2026,750.3,761.0,742.0,743.5,-1.52,1750.0,874.0,435.0
BGWT,2/24/2026,744.5,760.0,744.5,745.0,0.2,2296.0,874.0,435.0
BGWT,2/25/2026,730.7,753.0,730.7,751.0,0.81,1385.0,874.0,435.0
BGWT,2/26/2026,750.0,775.0,750.0,757.2,0.83,2762.0,874.0,435.0
BGWT,2/27/2026,750.0,775.0,750.0,757.2,0.0,2762.0,874.0,435.0
BGWT,2/28/2026,750.0,775.0,750.0,757.2,0.0,2762.0,874.0,435.0
BGWT,3/2/2026,745.0,760.0,742.0,760.0,0.37,495.0,874.0,435.0
BGWT,3/3/2026,751.1,769.9,750.0,766.0,0.79,1636.0,874.0,435.0
BGWT,3/4/2026,751.1,769.9,750.0,766.0,0.0,1636.0,874.0,435.0
BGWT,3/5/2026,751.1,769.9,750.0,766.0,0.0,1636.0,874.0,435.0
BGWT,3/6/2026,751.1,769.9,750.0,766.0,0.0,1636.0,874.0,435.0
BGWT,3/7/2026,751.1,769.9,750.0,766.0,0.0,1636.0,874.0,435.0
BGWT,3/8/2026,751.1,769.9,750.0,766.0,0.0,1636.0,874.0,435.0
BGWT,3/9/2026,781.0,796.0,781.0,796.0,3.92,74.0,874.0,435.0
BGWT,3/10/2026,811.9,828.0,770.1,789.0,-0.88,8932.0,874.0,435.0
BGWT,3/11/2026,785.0,785.0,770.0,773.0,-2.03,2066.0,874.0,435.0
BGWT,3/12/2026,760.5,780.0,760.5,771.1,-0.25,1875.0,874.0,435.0
BGWT,3/13/2026,760.5,780.0,760.5,771.1,0.0,1875.0,874.0,435.0
BGWT,3/14/2026,760.5,780.0,760.5,771.1,0.0,1875.0,874.0,435.0
BGWT,3/15/2026,762.0,778.0,760.0,761.2,-1.28,4518.0,874.0,435.0
BGWT,3/16/2026,762.0,770.0,760.0,769.0,1.02,5073.0,874.0,435.0
BGWT,3/17/2026,770.0,772.5,761.1,770.0,0.13,4648.0,874.0,435.0
BGWT,3/18/2026,770.0,772.5,761.1,770.0,0.0,4648.0,874.0,435.0
BGWT,3/19/2026,767.0,783.0,767.0,770.1,0.01,5041.0,874.0,435.0
BGWT,3/20/2026,767.0,783.0,767.0,770.1,0.0,5041.0,874.0,435.0
BGWT,3/21/2026,767.0,783.0,767.0,770.1,0.0,5041.0,874.0,435.0
BGWT,3/22/2026,777.9,783.0,767.0,767.0,-0.4,9100.0,874.0,435.0
BGWT,3/23/2026,767.1,777.0,765.0,775.0,1.04,9797.0,874.0,435.0
BGWT,3/24/2026,775.0,785.0,770.0,785.0,1.29,9078.0,874.0,435.0
BGWT,3/25/2026,786.0,790.0,771.0,787.0,0.25,6972.0,874.0,435.0
BGWT,3/26/2026,775.0,785.0,771.6,785.0,1.29,4610.0,874.0,435.0
BGWT,3/29/2026,771.0,784.9,755.6,763.0,-1.04,4726.0,874.0,435.0
BGWT,3/30/2026,761.1,770.0,750.0,763.0,0.25,3427.0,874.0,435.0
BGWT,3/31/2026,760.0,760.0,740.0,751.2,-1.16,10494.0,874.0,435.0
BGWT,4/1/2026,755.0,755.0,740.2,755.0,0.0,5326.0,874.0,435.0
BGWT,4/2/2026,750.0,754.9,741.0,750.0,0.0,3487.0,874.0,435.0
BGWT,4/5/2026,759.9,759.9,719.0,720.0,-5.25,3687.0,874.0,435.0
BGWT,4/6/2026,720.0,735.0,710.0,715.0,-0.69,5089.0,874.0,435.0
BGWT,4/7/2026,716.1,730.0,716.1,720.0,0.54,2915.0,874.0,435.0
BGWT,4/8/2026,720.0,748.0,720.0,748.0,3.89,2301.0,874.0,435.0
BGWT,4/9/2026,750.0,750.0,725.1,742.0,-1.07,6166.0,874.0,435.0
BGWT,4/10/2026,735.1,740.0,731.2,733.0,-0.29,1190.0,874.0,435.0
BGWT,4/13/2026,731.0,753.0,730.0,753.0,3.01,4454.0,874.0,435.0
BGWT,4/15/2026,740.0,750.0,740.0,749.0,1.22,2581.0,874.0,435.0
BGWT,4/16/2026,735.0,747.0,730.1,731.0,-0.54,2260.0,874.0,435.0
BGWT,4/17/2026,731.0,740.0,725.0,740.0,1.23,1557.0,874.0,435.0
BGWT,4/20/2026,723.0,755.0,723.0,748.9,3.58,1448.0,874.0,435.0
BGWT,4/21/2026,727.1,745.0,727.1,745.0,2.46,939.0,874.0,435.0
BGWT,4/22/2026,735.0,750.0,729.0,750.0,2.04,2668.0,874.0,435.0
BGWT,4/23/2026,740.0,754.5,717.8,754.0,1.89,3751.0,874.0,435.0
BGWT,4/24/2026,745.0,760.0,730.0,735.0,-1.34,4080.0,874.0,435.0
BGWT,4/27/2026,735.0,757.0,713.0,740.0,0.68,804.0,874.0,435.0
BGWT,4/28/2026,740.0,740.0,715.0,740.0,0.0,2637.0,874.0,435.0
BGWT,4/29/2026,740.0,731.0,718.0,730.0,-1.35,1573.0,874.0,435.0
BGWT,4/30/2026,747.0,747.0,700.0,705.0,-5.62,4728.0,874.0,435.0
BGWT,5/4/2026,710.0,710.0,682.5,682.5,-3.87,3384.0,874.0,435.0
BGWT,5/5/2026,662.1,694.9,605.1,690.0,4.21,2620.0,874.0,435.0
BGWT,5/6/2026,690.0,700.0,586.5,628.6,-8.9,4989.0,874.0,435.0
BGWT,5/7/2026,647.4,650.0,592.0,638.0,-1.45,7379.0,874.0,435.0
BGWT,5/8/2026,650.0,657.0,632.2,657.0,1.08,1564.0,874.0,435.0
BGWT,5/11/2026,675.0,675.0,655.0,672.0,-0.44,2459.0,874.0,435.0
BGWT,5/12/2026,675.0,675.0,650.0,653.5,-3.19,2210.0,874.0,435.0
BGWT,5/13/2026,636.0,669.0,636.0,669.0,5.19,1924.0,874.0,435.0
BGWT,5/14/2026,650.1,679.0,650.0,679.0,4.45,1957.0,874.0,435.0
BGWT,5/15/2026,658.7,689.9,641.0,689.9,4.74,6969.0,874.0,435.0
BGWT,5/18/2026,690.0,700.0,632.0,669.0,-3.04,10702.0,874.0,435.0
BGWT,5/19/2026,669.0,669.0,654.0,654.0,-2.24,1260.0,874.0,435.0
BGWT,5/20/2026,669.0,669.0,644.0,656.8,-1.82,541.0,874.0,435.0
BGWT,5/21/2026,642.0,663.0,642.0,650.0,1.25,723.0,874.0,435.0
BGWT,5/22/2026,651.0,663.0,651.0,661.0,1.54,752.0,874.0,435.0
BGWT,5/25/2026,665.0,674.0,665.0,671.8,1.02,1159.0,874.0,435.0
BGWT,5/26/2026,670.0,670.0,660.0,669.0,-0.15,1685.0,874.0,435.0
BGWT,5/27/2026,657.0,673.0,657.0,673.0,2.44,1531.0,874.0,435.0
BGWT,6/1/2026,657.0,672.9,655.1,658.0,0.15,72.0,874.0,435.0
BGWT,6/2/2026,660.0,674.0,650.0,672.0,1.82,3485.0,874.0,435.0
BGWT,6/3/2026,660.0,679.0,660.0,679.0,2.88,1725.0,874.0,435.0
BGWT,6/4/2026,666.0,679.0,650.0,650.0,-2.4,5398.0,874.0,435.0
BGWT,6/5/2026,650.1,663.9,650.1,656.0,0.91,2110.0,874.0,435.0
BGWT,6/8/2026,675.0,675.0,652.6,664.8,-1.51,409.0,874.0,435.0
BGWT,6/9/2026,698.0,698.0,648.0,653.5,-6.38,827.0,874.0,435.0
BGWT,6/10/2026,653.0,660.0,650.2,659.9,1.06,1254.0,874.0,435.0
BGWT,6/11/2026,645.09,657.0,645.09,655.0,1.54,667.0,874.0,435.0
BGWT,6/12/2026,650.0,664.0,648.2,664.0,2.15,1943.0,874.0,435.0
BGWT,6/15/2026,645.9,665.0,645.9,665.0,2.96,744.0,874.0,435.0
BGWT,6/16/2026,649.0,660.0,645.1,645.1,-0.6,1004.0,874.0,435.0
BGWT,6/17/2026,677.3,677.3,649.0,650.0,-4.03,812.0,874.0,435.0
BGWT,6/18/2026,682.5,682.5,594.0,650.8,-4.64,1555.0,874.0,435.0
BGWT,6/19/2026,650.0,650.0,635.1,648.7,-0.2,4132.0,874.0,435.0
BGWT,6/22/2026,665.0,665.0,626.2,635.0,-4.51,919.0,874.0,435.0
BGWT,6/23/2026,626.1,643.0,626.0,639.4,2.12,845.0,874.0,435.0
BGWT,6/24/2026,671.3,671.3,605.0,616.0,-8.24,1829.0,874.0,435.0
BGWT,6/26/2026,597.0,614.7,563.0,598.9,0.32,4420.0,874.0,435.0
BGWT,6/29/2026,600.0,604.0,585.5,604.0,0.67,1038.0,874.0,435.0
BGWT,6/30/2026,604.0,617.9,585.0,587.1,-2.8,1429.0,874.0,435.0
BGWT,7/1/2026,599.2,604.0,587.0,597.0,-0.37,632.0,874.0,435.0
BGWT,7/2/2026,597.9,597.9,586.0,586.2,-1.96,343.0,874.0,435.0
BGWT,7/3/2026,585.4,585.4,559.0,559.0,-4.51,4345.0,874.0,435.0
BGWT,7/6/2026,575.0,592.0,559.0,560.0,-2.61,2225.0,874.0,435.0
BGWT,7/7/2026,560.0,569.1,550.5,569.1,1.63,2621.0,874.0,435.0
BGWT,7/8/2026,553.0,563.0,550.0,562.9,1.79,3167.0,874.0,435.0
BGWT,7/9/2026,562.9,562.9,550.0,560.0,-0.52,1165.0,874.0,435.0
BGWT,7/10/2026,532.0,558.0,516.1,516.1,-2.99,5738.0,874.0,435.0
BGWT,7/13/2026,517.0,529.9,517.0,520.0,0.58,843.0,874.0,435.0
BGWT,7/14/2026,534.5,550.0,525.0,550.0,2.9,2957.0,874.0,435.0
BGWT,7/15/2026,555.0,565.0,544.1,545.0,-1.8,2037.0,874.0,435.0
BGWT,7/16/2026,546.0,561.3,546.0,546.0,0.0,1434.0,874.0,435.0
BGWT,7/17/2026,562.3,596.0,550.1,560.0,-0.41,2281.0,874.0,435.0
BGWT,7/20/2026,560.0,591.3,560.0,590.0,5.36,5118.0,874.0,435.0
BGWT,7/21/2026,607.0,662.0,590.0,614.9,1.3,7510.0,874.0,435.0
BGWT,7/22/2026,601.0,619.0,596.0,613.0,2.0,3182.0,874.0,435.0
BGWT,7/23/2026,609.0,614.9,601.5,610.0,0.16,1013.0,874.0,435.0
BGWT,7/24/2026,610.0,625.0,600.0,600.1,-1.62,5088.0,874.0,435.0
BGWT,7/27/2026,587.0,605.5,586.5,588.0,0.17,1440.0,874.0,435.0
BGWT,7/28/2026,588.0,592.0,575.0,590.0,0.34,1769.0,874.0,435.0
BGWT,7/29/2026,573.0,597.0,573.0,597.0,4.19,1589.0,874.0,435.0
BGWT,7/30/2026,580.1,597.0,580.0,597.0,2.91,1583.0,874.0,435.0
BGWT,7/31/2026,581.0,596.9,565.0,595.0,2.41,1290.0,874.0,435.0
BGWT,8/3/2026,595.0,595.5,560.0,575.0,-3.36,3913.0,874.0,435.0
BGWT,8/4/2026,565.0,570.0,552.0,557.0,-1.42,3649.0,874.0,435.0
BGWT,8/5/2026,557.0,573.0,546.0,573.0,2.87,3687.0,874.0,435.0
BGWT,8/6/2026,573.0,573.0,551.0,557.0,-2.79,983.0,874.0,435.0
BGWT,8/7/2026,542.0,558.0,542.0,556.0,2.58,501.0,874.0,435.0
BGWT,8/10/2026,554.0,554.0,546.1,548.0,-1.08,1602.0,874.0,435.0
BGWT,8/11/2026,535.0,545.0,535.0,545.0,1.87,666.0,874.0,435.0
BGWT,8/12/2026,545.0,545.0,535.0,537.6,-1.36,567.0,874.0,435.0
BGWT,8/13/2026,528.0,535.0,525.0,530.0,0.38,3018.0,874.0,435.0
BGWT,8/14/2026,530.0,535.0,514.1,514.1,-3.0,4811.0,874.0,435.0
BGWT,8/17/2026,528.9,528.9,515.0,519.0,-1.87,2196.0,874.0,435.0
BGWT,8/18/2026,522.0,533.0,500.0,500.0,-4.21,3407.0,874.0,435.0
BGWT,8/19/2026,503.0,517.9,503.0,515.0,2.39,2590.0,874.0,435.0
BGWT,8/20/2026,515.5,520.0,498.0,520.0,0.87,7990.0,874.0,435.0
BGWT,8/21/2026,510.1,523.0,510.1,520.4,2.02,1919.0,874.0,435.0
BGWT,8/24/2026,520.0,520.0,500.0,512.0,-1.54,2059.0,874.0,435.0
BGWT,8/25/2026,512.0,512.0,497.0,500.0,-2.34,1753.0,874.0,435.0
BGWT,8/26/2026,514.6,514.6,485.1,489.9,-4.8,4523.0,874.0,435.0
BGWT,8/27/2026,475.3,513.0,475.0,513.0,7.93,1568.0,874.0,435.0
BGWT,8/31/2026,505.0,506.0,466.0,493.0,-2.38,2067.0,874.0,435.0
BGWT,9/1/2026,480.0,487.0,467.0,467.0,-2.71,6554.0,874.0,435.0
BGWT,9/2/2026,468.0,485.0,454.1,485.0,3.63,4309.0,874.0,435.0
BGWT,9/3/2026,466.0,488.0,435.0,477.0,2.36,62270.0,874.0,435.0
BGWT,9/7/2026,471.0,477.0,463.3,474.0,0.64,20189.0,874.0,435.0
BGWT,9/9/2026,466.5,470.0,460.0,461.1,-1.16,19987.0,874.0,435.0
BGWT,9/10/2026,458.0,458.0,445.0,450.9,-1.55,10903.0,874.0,435.0
BGWT,9/11/2026,450.0,476.9,450.0,476.0,5.78,22847.0,874.0,435.0
BGWT,9/14/2026,470.1,510.0,470.1,497.0,5.72,23307.0,874.0,435.0
BGWT,9/15/2026,521.0,521.0,497.0,505.0,-3.07,17191.0,874.0,435.0
BGWT,9/16/2026,500.0,500.0,485.1,490.0,-2.0,10273.0,874.0,435.0
BGWT,9/17/2026,490.0,504.7,490.0,492.0,0.41,8712.0,874.0,435.0
BGWT,9/18/2026,490.0,504.0,480.0,481.0,-1.84,10786.0,874.0,435.0
BGWT,9/22/2026,480.0,500.0,480.0,490.0,2.08,9696.0,874.0,435.0
BGWT,9/23/2026,465.5,498.0,465.5,487.1,4.64,6489.0,874.0,435.0
BGWT,9/24/2026,486.0,494.7,486.0,492.0,1.23,4190.0,874.0,435.0
BGWT,9/28/2026,500.0,500.0,485.0,486.0,-2.8,7168.0,874.0,435.0
BGWT,9/29/2026,480.0,490.0,480.0,0.0,-100.0,5986.0,874.0,435.0
BGWT,9/30/2026,470.0,490.0,470.0,479.0,1.91,4525.0,874.0,435.0
BGWT,10/1/2026,482.0,490.1,482.0,485.0,0.62,6138.0,874.0,435.0
BGWT,10/2/2026,475.3,499.5,471.0,471.0,-0.9,6977.0,874.0,435.0
BHCL,12/21/2025,475.3,489.6,468.0,475.9,,79997.0,699.0,394.0
BHCL,12/22/2025,476.0,490.0,467.5,489.0,2.75,46456.0,699.0,394.0
BHCL,12/23/2025,480.1,494.0,477.1,487.0,-0.41,48033.0,699.0,394.0
BHCL,12/24/2025,480.5,490.0,475.0,478.0,-1.85,48665.0,699.0,394.0
BHCL,12/28/2025,472.0,490.0,472.0,484.0,1.26,48867.0,699.0,394.0
BHCL,12/29/2025,484.0,485.0,475.0,475.1,-1.84,56150.0,699.0,394.0
BHCL,12/31/2025,475.1,497.5,475.1,490.0,3.14,105576.0,699.0,394.0
BHCL,1/1/2026,491.0,505.0,487.4,497.4,1.51,86888.0,699.0,394.0
BHCL,1/4/2026,495.0,517.2,490.0,515.0,3.54,146419.0,699.0,394.0
BHCL,1/5/2026,520.0,547.7,516.1,546.0,6.02,196474.0,699.0,394.0
BHCL,1/6/2026,550.0,570.0,520.6,530.0,-2.93,180534.0,699.0,394.0
BHCL,1/7/2026,523.1,539.9,510.0,513.0,-3.21,106998.0,699.0,394.0
BHCL,1/8/2026,513.0,534.0,509.2,533.0,3.9,113701.0,699.0,394.0
BHCL,1/12/2026,533.0,560.0,530.0,550.0,3.19,192393.0,699.0,394.0
BHCL,1/13/2026,550.0,574.8,537.0,543.0,-1.27,232119.0,699.0,394.0
BHCL,1/14/2026,532.2,551.0,532.0,532.0,-2.03,78218.0,699.0,394.0
BHCL,1/18/2026,542.6,553.0,531.2,549.8,3.35,92643.0,699.0,394.0
BHCL,1/20/2026,555.0,571.0,550.0,552.5,0.49,169106.0,699.0,394.0
BHCL,1/21/2026,552.0,582.0,552.0,580.0,4.98,213417.0,699.0,394.0
BHCL,1/22/2026,580.5,592.0,570.1,589.8,1.69,138314.0,699.0,394.0
BHCL,1/25/2026,590.0,618.0,585.0,596.0,1.05,222400.0,699.0,394.0
BHCL,1/26/2026,600.0,644.9,581.2,640.0,7.38,288807.0,699.0,394.0
BHCL,1/27/2026,652.0,699.0,630.1,641.0,0.16,239515.0,699.0,394.0
BHCL,1/28/2026,638.0,698.0,628.2,669.0,4.37,199880.0,699.0,394.0
BHCL,1/29/2026,680.0,681.0,617.5,618.0,-7.62,186062.0,699.0,394.0
BHCL,2/1/2026,615.0,625.0,598.0,604.0,-2.27,110370.0,699.0,394.0
BHCL,2/2/2026,605.0,652.0,605.0,638.0,5.63,166349.0,699.0,394.0
BHCL,2/3/2026,650.7,650.7,618.0,623.0,-2.35,106055.0,699.0,394.0
BHCL,2/4/2026,635.0,637.8,614.0,620.0,-0.48,69413.0,699.0,394.0
BHCL,2/5/2026,616.0,627.0,599.3,609.0,-1.77,112487.0,699.0,394.0
BHCL,2/8/2026,600.0,621.0,600.0,600.0,-1.48,58682.0,699.0,394.0
BHCL,2/9/2026,590.0,612.0,578.0,585.0,-2.5,92271.0,699.0,394.0
BHCL,2/10/2026,585.0,625.0,585.0,603.0,3.08,89637.0,699.0,394.0
BHCL,2/11/2026,612.0,617.9,590.0,595.9,-1.18,51685.0,699.0,394.0
BHCL,2/12/2026,587.0,602.0,585.0,588.0,-1.33,67877.0,699.0,394.0
BHCL,2/16/2026,588.0,602.0,582.1,587.0,-0.17,35324.0,699.0,394.0
BHCL,2/17/2026,587.0,595.0,569.1,574.0,-2.21,37443.0,699.0,394.0
BHCL,2/22/2026,565.1,571.0,553.0,557.7,-2.84,53366.0,699.0,394.0
BHCL,2/23/2026,557.7,566.0,557.0,564.9,1.29,30371.0,699.0,394.0
BHCL,2/24/2026,565.0,601.0,562.1,590.0,4.44,41918.0,699.0,394.0
BHCL,2/25/2026,590.0,602.0,587.1,592.0,0.34,54007.0,699.0,394.0
BHCL,2/26/2026,592.0,592.1,576.4,581.0,-1.86,32661.0,699.0,394.0
BHCL,2/27/2026,592.0,592.1,576.4,581.0,0.0,32661.0,699.0,394.0
BHCL,2/28/2026,592.0,592.1,576.4,581.0,0.0,32661.0,699.0,394.0
BHCL,3/2/2026,570.0,583.0,569.4,582.0,0.17,29941.0,699.0,394.0
BHCL,3/3/2026,580.0,595.0,573.0,592.0,1.72,38987.0,699.0,394.0
BHCL,3/4/2026,580.0,595.0,573.0,592.0,0.0,38987.0,699.0,394.0
BHCL,3/5/2026,580.0,595.0,573.0,592.0,0.0,38987.0,699.0,394.0
BHCL,3/6/2026,580.0,595.0,573.0,592.0,0.0,38987.0,699.0,394.0
BHCL,3/7/2026,580.0,595.0,573.0,592.0,0.0,38987.0,699.0,394.0
BHCL,3/8/2026,580.0,595.0,573.0,592.0,0.0,38987.0,699.0,394.0
BHCL,3/9/2026,603.8,651.2,603.8,639.0,7.94,500.0,699.0,394.0
BHCL,3/10/2026,651.0,651.0,605.0,617.0,-3.44,97238.0,699.0,394.0
BHCL,3/11/2026,617.0,620.0,598.0,600.0,-2.76,62249.0,699.0,394.0
BHCL,3/12/2026,605.0,606.5,590.0,591.0,-1.5,50533.0,699.0,394.0
BHCL,3/13/2026,605.0,606.5,590.0,591.0,0.0,50533.0,699.0,394.0
BHCL,3/14/2026,605.0,606.5,590.0,591.0,0.0,50533.0,699.0,394.0
BHCL,3/15/2026,579.2,601.8,579.2,587.0,-0.68,45760.0,699.0,394.0
BHCL,3/16/2026,580.1,594.3,580.0,588.0,0.17,38658.0,699.0,394.0
BHCL,3/17/2026,595.0,595.0,577.0,586.0,-0.34,50256.0,699.0,394.0
BHCL,3/18/2026,595.0,595.0,577.0,586.0,0.0,50256.0,699.0,394.0
BHCL,3/19/2026,586.0,597.7,580.0,593.0,1.19,66263.0,699.0,394.0
BHCL,3/20/2026,586.0,597.7,580.0,593.0,0.0,66263.0,699.0,394.0
BHCL,3/21/2026,586.0,597.7,580.0,593.0,0.0,66263.0,699.0,394.0
BHCL,3/22/2026,592.5,595.0,585.0,588.0,-0.84,55472.0,699.0,394.0
BHCL,3/23/2026,578.1,591.0,578.1,590.0,0.34,46679.0,699.0,394.0
BHCL,3/24/2026,590.0,606.8,590.0,602.0,2.03,56312.0,699.0,394.0
BHCL,3/25/2026,602.0,614.9,597.8,609.9,1.31,80689.0,699.0,394.0
BHCL,3/26/2026,609.0,629.0,605.0,618.0,1.48,105838.0,699.0,394.0
BHCL,3/29/2026,608.2,618.0,590.0,590.5,-2.91,64741.0,699.0,394.0
BHCL,3/30/2026,582.1,598.0,579.2,584.6,0.43,40168.0,699.0,394.0
BHCL,3/31/2026,584.6,593.0,568.0,586.0,0.24,37311.0,699.0,394.0
BHCL,4/1/2026,586.0,586.0,564.5,565.1,-3.57,37302.0,699.0,394.0
BHCL,4/2/2026,566.0,571.2,540.0,562.0,-0.71,28483.0,699.0,394.0
BHCL,4/5/2026,560.0,560.0,506.5,515.0,-8.04,58923.0,699.0,394.0
BHCL,4/6/2026,520.0,550.8,515.0,533.0,2.5,44697.0,699.0,394.0
BHCL,4/7/2026,533.0,550.0,528.0,529.1,-0.73,21013.0,699.0,394.0
BHCL,4/8/2026,531.0,563.0,531.0,563.0,6.03,54886.0,699.0,394.0
BHCL,4/9/2026,574.0,590.0,563.3,574.0,0.0,71824.0,699.0,394.0
BHCL,4/10/2026,580.0,583.0,560.0,562.0,-3.1,49888.0,699.0,394.0
BHCL,4/13/2026,561.1,568.7,550.0,557.0,-0.73,33162.0,699.0,394.0
BHCL,4/15/2026,566.0,572.9,555.0,569.0,0.53,37995.0,699.0,394.0
BHCL,4/16/2026,575.0,575.0,550.0,550.1,-4.33,27967.0,699.0,394.0
BHCL,4/17/2026,541.0,559.9,539.2,556.0,2.77,37232.0,699.0,394.0
BHCL,4/20/2026,582.0,582.0,540.3,557.0,-4.3,34971.0,699.0,394.0
BHCL,4/21/2026,542.0,569.9,542.0,551.0,1.66,36884.0,699.0,394.0
BHCL,4/22/2026,578.0,578.0,535.0,555.9,-3.82,46355.0,699.0,394.0
BHCL,4/23/2026,551.0,560.0,544.3,548.0,-0.54,26829.0,699.0,394.0
BHCL,4/24/2026,536.0,553.7,535.0,544.0,1.49,18024.0,699.0,394.0
BHCL,4/27/2026,534.0,554.0,534.0,545.0,2.06,20413.0,699.0,394.0
BHCL,4/28/2026,545.0,554.8,535.0,536.2,-1.61,21757.0,699.0,394.0
BHCL,4/29/2026,536.2,563.0,520.0,525.0,-2.09,19630.0,699.0,394.0
BHCL,4/30/2026,522.0,522.0,510.6,519.0,-0.57,24060.0,699.0,394.0
BHCL,5/4/2026,510.0,529.0,502.0,509.9,-0.02,11312.0,699.0,394.0
BHCL,5/5/2026,504.0,524.0,497.0,514.0,1.98,33962.0,699.0,394.0
BHCL,5/6/2026,501.0,517.0,495.0,498.8,-0.44,25689.0,699.0,394.0
BHCL,5/7/2026,500.0,505.0,496.0,497.6,-0.48,9253.0,699.0,394.0
BHCL,5/8/2026,499.0,515.0,495.3,515.0,3.21,17476.0,699.0,394.0
BHCL,5/11/2026,500.0,527.5,500.0,524.5,4.9,17959.0,699.0,394.0
BHCL,5/12/2026,525.0,530.0,504.2,516.0,-1.71,33693.0,699.0,394.0
BHCL,5/13/2026,505.0,514.0,503.1,508.9,0.77,9235.0,699.0,394.0
BHCL,5/14/2026,505.0,510.0,504.0,505.2,0.04,5621.0,699.0,394.0
BHCL,5/15/2026,501.1,510.0,501.1,503.1,0.4,9264.0,699.0,394.0
BHCL,5/18/2026,503.1,523.0,503.1,517.6,2.88,27109.0,699.0,394.0
BHCL,5/19/2026,510.0,540.0,510.0,532.2,4.35,40169.0,699.0,394.0
BHCL,5/20/2026,530.0,556.0,525.0,547.0,3.21,52639.0,699.0,394.0
BHCL,5/21/2026,547.0,558.9,531.8,532.0,-2.74,35137.0,699.0,394.0
BHCL,5/22/2026,532.0,572.0,528.0,566.0,6.39,106297.0,699.0,394.0
BHCL,5/25/2026,566.0,604.9,566.0,593.0,4.77,121172.0,699.0,394.0
BHCL,5/26/2026,600.0,616.9,575.0,614.0,2.33,180134.0,699.0,394.0
BHCL,5/27/2026,620.0,620.0,595.0,600.0,-3.23,159635.0,699.0,394.0
BHCL,6/1/2026,601.1,626.0,590.0,624.0,3.81,206078.0,699.0,394.0
BHCL,6/2/2026,655.2,655.2,600.0,609.0,-7.05,145445.0,699.0,394.0
BHCL,6/3/2026,580.0,615.0,580.0,600.8,3.59,136440.0,699.0,394.0
BHCL,6/4/2026,571.0,620.0,571.0,599.5,4.99,138661.0,699.0,394.0
BHCL,6/5/2026,629.4,629.4,585.0,594.0,-5.62,110562.0,699.0,394.0
BHCL,6/8/2026,594.0,595.0,571.9,573.0,-3.54,79958.0,699.0,394.0
BHCL,6/9/2026,601.0,601.0,563.2,573.5,-4.58,61405.0,699.0,394.0
BHCL,6/10/2026,579.0,595.0,571.0,584.0,0.86,60896.0,699.0,394.0
BHCL,6/11/2026,571.3,602.5,571.3,584.0,2.22,86681.0,699.0,394.0
BHCL,6/12/2026,577.0,590.0,566.0,574.0,-0.52,51883.0,699.0,394.0
BHCL,6/15/2026,569.0,585.9,560.0,560.0,-1.58,42137.0,699.0,394.0
BHCL,6/16/2026,560.0,576.0,548.0,550.0,-1.79,77140.0,699.0,394.0
BHCL,6/17/2026,551.0,558.7,532.0,541.0,-1.81,53344.0,699.0,394.0
BHCL,6/18/2026,541.0,547.7,536.1,537.0,-0.74,17134.0,699.0,394.0
BHCL,6/19/2026,510.2,556.0,510.2,547.6,7.33,32379.0,699.0,394.0
BHCL,6/22/2026,555.0,556.0,538.0,540.0,-2.7,47153.0,699.0,394.0
BHCL,6/23/2026,530.0,538.9,525.3,527.0,-0.57,20608.0,699.0,394.0
BHCL,6/24/2026,525.0,549.7,522.0,547.0,4.19,65740.0,699.0,394.0
BHCL,6/26/2026,552.0,559.0,543.1,558.7,1.21,82999.0,699.0,394.0
BHCL,6/29/2026,586.6,586.6,542.0,545.0,-7.09,45338.0,699.0,394.0
BHCL,6/30/2026,545.0,550.0,529.0,536.0,-1.65,21900.0,699.0,394.0
BHCL,7/1/2026,529.2,546.5,529.2,546.0,3.17,25120.0,699.0,394.0
BHCL,7/2/2026,540.0,541.9,530.0,534.0,-1.11,22899.0,699.0,394.0
BHCL,7/3/2026,535.0,540.0,525.0,526.2,-1.64,53824.0,699.0,394.0
BHCL,7/6/2026,522.0,528.0,515.0,520.0,-0.38,34509.0,699.0,394.0
BHCL,7/7/2026,515.0,528.8,514.0,516.0,0.19,16873.0,699.0,394.0
BHCL,7/8/2026,510.0,519.0,490.0,490.0,-3.92,29957.0,699.0,394.0
BHCL,7/9/2026,481.0,499.0,474.0,474.0,-1.46,45833.0,699.0,394.0
BHCL,7/10/2026,474.0,493.0,473.0,474.0,0.0,35162.0,699.0,394.0
BHCL,7/13/2026,488.0,488.0,452.0,457.0,-6.35,36748.0,699.0,394.0
BHCL,7/14/2026,470.0,470.0,435.1,459.0,-2.34,32984.0,699.0,394.0
BHCL,7/15/2026,447.0,470.0,447.0,463.3,3.65,9551.0,699.0,394.0
BHCL,7/16/2026,463.3,470.0,450.0,450.0,-2.87,25338.0,699.0,394.0
BHCL,7/17/2026,463.0,492.0,463.0,482.0,4.1,23309.0,699.0,394.0
BHCL,7/20/2026,490.0,503.0,485.0,499.0,1.84,33458.0,699.0,394.0
BHCL,7/21/2026,500.0,511.9,490.0,505.0,1.0,53742.0,699.0,394.0
BHCL,7/22/2026,510.0,520.0,495.0,499.0,-2.16,39493.0,699.0,394.0
BHCL,7/23/2026,491.0,518.0,491.0,515.0,4.89,34661.0,699.0,394.0
BHCL,7/24/2026,495.0,539.9,495.0,523.9,5.84,59608.0,699.0,394.0
BHCL,7/27/2026,520.0,525.0,500.0,508.0,-2.31,36428.0,699.0,394.0
BHCL,7/28/2026,533.4,533.4,496.0,499.2,-6.41,26681.0,699.0,394.0
BHCL,7/29/2026,496.0,505.0,495.0,495.1,-0.18,15748.0,699.0,394.0
BHCL,7/30/2026,491.2,497.7,483.0,486.0,-1.06,22600.0,699.0,394.0
BHCL,7/31/2026,486.0,506.6,482.0,503.9,3.68,28242.0,699.0,394.0
BHCL,8/3/2026,504.0,515.0,496.1,497.0,-1.39,18887.0,699.0,394.0
BHCL,8/4/2026,473.0,500.0,473.0,490.0,3.59,17762.0,699.0,394.0
BHCL,8/5/2026,514.5,514.5,485.0,492.1,-4.35,14333.0,699.0,394.0
BHCL,8/6/2026,492.1,505.0,490.0,494.0,0.39,15068.0,699.0,394.0
BHCL,8/7/2026,486.0,497.0,486.0,489.0,0.62,16680.0,699.0,394.0
BHCL,8/10/2026,485.4,497.0,483.1,490.0,0.95,19700.0,699.0,394.0
BHCL,8/11/2026,490.0,498.0,488.0,490.0,0.0,15807.0,699.0,394.0
BHCL,8/12/2026,466.0,498.0,466.0,493.0,5.79,12040.0,699.0,394.0
BHCL,8/13/2026,486.2,495.0,486.2,488.6,0.49,16230.0,699.0,394.0
BHCL,8/14/2026,492.0,530.0,488.7,522.1,6.12,158720.0,699.0,394.0
BHCL,8/17/2026,530.0,566.0,530.0,554.0,4.53,219396.0,699.0,394.0
BHCL,8/18/2026,560.0,574.0,552.0,552.0,-1.43,126207.0,699.0,394.0
BHCL,8/19/2026,560.0,595.0,546.0,568.0,1.43,122319.0,699.0,394.0
BHCL,8/20/2026,552.0,565.0,550.0,559.9,1.43,55660.0,699.0,394.0
BHCL,8/21/2026,540.0,564.2,540.0,541.0,0.19,78538.0,699.0,394.0
BHCL,8/24/2026,541.0,548.0,539.9,542.2,0.22,50571.0,699.0,394.0
BHCL,8/25/2026,515.1,560.0,515.1,553.0,7.36,77615.0,699.0,394.0
BHCL,8/26/2026,553.0,560.9,540.0,552.8,-0.04,65198.0,699.0,394.0
BHCL,8/27/2026,525.2,559.0,525.2,555.0,5.67,104157.0,699.0,394.0
BHCL,8/31/2026,528.0,558.0,528.0,545.0,3.22,47279.0,699.0,394.0
BHCL,9/1/2026,530.0,554.0,530.0,544.0,2.64,24956.0,699.0,394.0
BHCL,9/2/2026,520.0,550.0,520.0,543.0,4.42,14166.0,699.0,394.0
BHCL,9/3/2026,520.0,555.0,520.0,540.0,3.85,13335.0,699.0,394.0
BHCL,9/7/2026,513.0,547.0,513.0,542.9,5.83,99020.0,699.0,394.0
BHCL,9/9/2026,515.8,554.0,515.8,530.0,2.75,33038.0,699.0,394.0
BHCL,9/10/2026,503.5,536.0,503.5,523.0,3.87,18373.0,699.0,394.0
BHCL,9/11/2026,510.1,529.0,510.1,521.0,2.14,49856.0,699.0,394.0
BHCL,9/14/2026,522.0,532.9,520.0,523.5,0.29,25972.0,699.0,394.0
BHCL,9/15/2026,549.0,549.0,520.0,530.0,-3.46,60333.0,699.0,394.0
BHCL,9/16/2026,529.9,539.0,522.0,534.0,0.77,30909.0,699.0,394.0
BHCL,9/17/2026,535.0,555.0,535.0,547.2,2.28,86304.0,699.0,394.0
BHCL,9/18/2026,565.0,565.0,540.1,544.0,-3.72,40892.0,699.0,394.0
BHCL,9/22/2026,544.0,549.0,537.0,539.9,-0.75,25835.0,699.0,394.0
BHCL,9/23/2026,539.9,579.9,531.2,559.0,3.54,114073.0,699.0,394.0
BHCL,9/24/2026,559.0,580.0,551.0,574.8,2.83,113723.0,699.0,394.0
BHCL,9/28/2026,546.1,581.0,546.1,575.0,5.29,54054.0,699.0,394.0
BHCL,9/29/2026,546.3,577.7,546.3,0.0,-100.0,15159.0,699.0,394.0
BHCL,9/30/2026,560.0,575.0,560.0,570.0,1.79,107903.0,699.0,394.0
BHCL,10/1/2026,570.0,575.0,560.0,569.8,-0.04,32239.0,699.0,394.0
BHCL,10/2/2026,560.2,568.9,556.1,561.0,0.14,112043.0,699.0,394.0
BHDC,12/21/2025,481.0,484.0,477.0,477.6,,23458.0,616.0,401.1
BHDC,12/22/2025,468.1,482.8,468.1,476.1,-0.31,17286.0,616.0,401.1
BHDC,12/23/2025,483.0,483.0,467.0,474.0,-0.44,38554.0,616.0,401.1
BHDC,12/24/2025,482.0,482.0,471.0,472.0,-0.42,23945.0,616.0,401.1
BHDC,12/28/2025,473.0,481.1,470.0,480.9,1.89,36042.0,616.0,401.1
BHDC,12/29/2025,480.0,482.0,476.0,478.0,-0.6,29983.0,616.0,401.1
BHDC,12/31/2025,475.0,485.0,475.0,485.0,1.46,46507.0,616.0,401.1
BHDC,1/1/2026,482.3,488.0,477.3,477.9,-1.46,24444.0,616.0,401.1
BHDC,1/4/2026,477.0,485.0,470.0,472.0,-1.23,45435.0,616.0,401.1
BHDC,1/5/2026,470.0,479.2,470.0,477.9,1.25,67331.0,616.0,401.1
BHDC,1/6/2026,464.0,472.0,460.6,465.7,-2.55,31058.0,616.0,401.1
BHDC,1/7/2026,465.5,470.0,460.6,468.7,0.64,38336.0,616.0,401.1
BHDC,1/8/2026,461.2,468.0,461.2,467.0,-0.36,15777.0,616.0,401.1
BHDC,1/12/2026,476.3,476.3,456.0,464.0,-0.64,37042.0,616.0,401.1
BHDC,1/13/2026,464.0,475.0,456.2,474.0,2.16,47659.0,616.0,401.1
BHDC,1/14/2026,470.1,478.8,465.0,465.0,-1.9,53423.0,616.0,401.1
BHDC,1/18/2026,466.1,476.8,466.1,468.6,0.77,46229.0,616.0,401.1
BHDC,1/20/2026,473.1,479.0,470.0,472.5,0.83,45814.0,616.0,401.1
BHDC,1/21/2026,477.0,477.0,468.6,469.0,-0.74,39516.0,616.0,401.1
BHDC,1/22/2026,466.2,479.0,466.1,479.0,2.13,43874.0,616.0,401.1
BHDC,1/25/2026,478.0,502.0,474.2,498.0,3.97,85147.0,616.0,401.1
BHDC,1/26/2026,505.0,505.0,486.1,492.4,-1.12,97827.0,616.0,401.1
BHDC,1/27/2026,499.7,499.7,477.1,479.0,-2.72,68383.0,616.0,401.1
BHDC,1/28/2026,481.0,488.5,477.0,486.0,1.46,54826.0,616.0,401.1
BHDC,1/29/2026,492.8,495.0,480.6,481.0,-1.03,60139.0,616.0,401.1
BHDC,2/1/2026,478.4,484.0,477.0,477.0,-0.83,24285.0,616.0,401.1
BHDC,2/2/2026,484.0,484.0,477.2,481.0,0.84,34291.0,616.0,401.1
BHDC,2/3/2026,471.5,489.0,471.5,478.0,-0.62,56115.0,616.0,401.1
BHDC,2/4/2026,477.0,515.0,477.0,507.9,6.26,227346.0,616.0,401.1
BHDC,2/5/2026,515.0,515.0,495.0,497.0,-2.15,72446.0,616.0,401.1
BHDC,2/8/2026,487.1,521.0,487.1,497.0,0.0,78308.0,616.0,401.1
BHDC,2/9/2026,487.1,505.9,484.0,484.0,-2.62,46195.0,616.0,401.1
BHDC,2/10/2026,492.5,492.5,480.0,482.0,-0.41,37509.0,616.0,401.1
BHDC,2/11/2026,490.0,511.0,480.2,484.1,0.44,42432.0,616.0,401.1
BHDC,2/12/2026,490.0,499.0,480.6,493.0,1.84,71657.0,616.0,401.1
BHDC,2/16/2026,502.0,502.0,485.0,485.0,-1.62,33709.0,616.0,401.1
BHDC,2/17/2026,488.0,492.5,478.0,478.0,-1.44,65158.0,616.0,401.1
BHDC,2/22/2026,486.0,486.0,470.0,471.0,-1.46,31513.0,616.0,401.1
BHDC,2/23/2026,465.0,478.8,463.0,466.2,-1.02,25896.0,616.0,401.1
BHDC,2/24/2026,475.0,475.0,466.2,470.0,0.82,14354.0,616.0,401.1
BHDC,2/25/2026,479.0,479.0,470.0,470.7,0.15,28154.0,616.0,401.1
BHDC,2/26/2026,471.5,475.0,469.0,470.0,-0.15,22283.0,616.0,401.1
BHDC,2/27/2026,471.5,475.0,469.0,470.0,0.0,22283.0,616.0,401.1
BHDC,2/28/2026,471.5,475.0,469.0,470.0,0.0,22283.0,616.0,401.1
BHDC,3/2/2026,466.0,475.0,462.0,472.0,0.43,19346.0,616.0,401.1
BHDC,3/3/2026,470.5,484.0,470.5,484.0,2.54,12698.0,616.0,401.1
BHDC,3/4/2026,470.5,484.0,470.5,484.0,0.0,12698.0,616.0,401.1
BHDC,3/5/2026,470.5,484.0,470.5,484.0,0.0,12698.0,616.0,401.1
BHDC,3/6/2026,470.5,484.0,470.5,484.0,0.0,12698.0,616.0,401.1
BHDC,3/7/2026,470.5,484.0,470.5,484.0,0.0,12698.0,616.0,401.1
BHDC,3/8/2026,470.5,484.0,470.5,484.0,0.0,12698.0,616.0,401.1
BHDC,3/9/2026,493.6,520.0,493.6,513.4,6.07,2250.0,616.0,401.1
BHDC,3/10/2026,522.0,522.0,489.1,505.0,-1.64,87403.0,616.0,401.1
BHDC,3/11/2026,505.0,514.0,489.0,495.0,-1.98,108497.0,616.0,401.1
BHDC,3/12/2026,490.0,504.0,485.5,496.0,0.2,74658.0,616.0,401.1
BHDC,3/13/2026,490.0,504.0,485.5,496.0,0.0,74658.0,616.0,401.1
BHDC,3/14/2026,490.0,504.0,485.5,496.0,0.0,74658.0,616.0,401.1
BHDC,3/15/2026,500.1,508.0,499.0,506.0,2.02,73635.0,616.0,401.1
BHDC,3/16/2026,506.0,509.9,497.0,500.0,-1.19,67748.0,616.0,401.1
BHDC,3/17/2026,510.0,510.0,496.0,501.1,0.22,31863.0,616.0,401.1
BHDC,3/18/2026,510.0,510.0,496.0,501.1,0.0,31863.0,616.0,401.1
BHDC,3/19/2026,501.0,510.5,501.0,508.0,1.38,79138.0,616.0,401.1
BHDC,3/20/2026,501.0,510.5,501.0,508.0,0.0,79138.0,616.0,401.1
BHDC,3/21/2026,501.0,510.5,501.0,508.0,0.0,79138.0,616.0,401.1
BHDC,3/22/2026,515.0,515.0,502.1,507.0,-0.2,69186.0,616.0,401.1
BHDC,3/23/2026,507.0,507.0,498.0,504.0,-0.59,43718.0,616.0,401.1
BHDC,3/24/2026,514.0,514.0,500.2,505.0,0.2,31699.0,616.0,401.1
BHDC,3/25/2026,503.0,509.0,495.3,498.0,-1.39,54970.0,616.0,401.1
BHDC,3/26/2026,501.0,502.0,492.2,499.0,-0.4,29516.0,616.0,401.1
BHDC,3/29/2026,499.0,500.0,489.0,490.0,-1.8,38352.0,616.0,401.1
BHDC,3/30/2026,485.0,493.0,479.5,480.0,-1.03,28203.0,616.0,401.1
BHDC,3/31/2026,480.4,489.0,473.0,485.5,1.06,27532.0,616.0,401.1
BHDC,4/1/2026,481.0,486.5,465.0,469.0,-2.49,51469.0,616.0,401.1
BHDC,4/2/2026,466.8,477.0,461.0,467.8,0.21,30685.0,616.0,401.1
BHDC,4/5/2026,477.1,477.1,450.0,450.0,-5.68,47508.0,616.0,401.1
BHDC,4/6/2026,459.0,470.0,448.0,467.9,1.94,35670.0,616.0,401.1
BHDC,4/7/2026,461.1,473.1,461.1,463.0,0.41,27094.0,616.0,401.1
BHDC,4/8/2026,464.0,472.0,464.0,470.0,1.29,17582.0,616.0,401.1
BHDC,4/9/2026,470.0,481.7,470.0,478.0,1.7,22835.0,616.0,401.1
BHDC,4/10/2026,478.0,485.0,468.6,475.8,-0.46,40533.0,616.0,401.1
BHDC,4/13/2026,485.0,493.6,470.0,488.8,0.78,118691.0,616.0,401.1
BHDC,4/15/2026,498.5,498.5,485.0,489.9,-1.73,34142.0,616.0,401.1
BHDC,4/16/2026,485.1,485.2,475.1,476.6,-1.75,20074.0,616.0,401.1
BHDC,4/17/2026,470.0,479.7,470.0,479.0,1.91,12228.0,616.0,401.1
BHDC,4/20/2026,471.0,478.8,470.1,472.0,0.21,14032.0,616.0,401.1
BHDC,4/21/2026,482.0,482.0,463.2,465.0,-3.53,25209.0,616.0,401.1
BHDC,4/22/2026,465.0,475.0,460.0,473.8,1.89,18311.0,616.0,401.1
BHDC,4/23/2026,462.0,474.9,460.2,467.0,1.08,28610.0,616.0,401.1
BHDC,4/24/2026,455.3,465.0,455.2,465.0,2.13,12692.0,616.0,401.1
BHDC,4/27/2026,465.0,475.0,461.6,466.5,0.32,22040.0,616.0,401.1
BHDC,4/28/2026,443.2,470.0,443.2,463.0,4.47,15247.0,616.0,401.1
BHDC,4/29/2026,451.0,478.0,451.0,457.5,1.44,9448.0,616.0,401.1
BHDC,4/30/2026,450.2,460.9,450.2,455.1,1.09,17595.0,616.0,401.1
BHDC,5/4/2026,456.0,460.0,452.1,452.5,-0.77,104499.0,616.0,401.1
BHDC,5/5/2026,455.0,459.0,450.0,456.9,0.42,8712.0,616.0,401.1
BHDC,5/6/2026,451.0,461.9,451.0,453.2,0.49,9029.0,616.0,401.1
BHDC,5/7/2026,466.7,480.0,448.0,459.9,-1.46,9052.0,616.0,401.1
BHDC,5/8/2026,460.0,464.0,456.2,464.0,0.87,3509.0,616.0,401.1
BHDC,5/11/2026,460.5,475.0,460.0,475.0,3.15,18774.0,616.0,401.1
BHDC,5/12/2026,475.0,475.0,466.0,466.0,-1.89,8743.0,616.0,401.1
BHDC,5/13/2026,462.0,464.9,458.0,463.2,0.26,11731.0,616.0,401.1
BHDC,5/14/2026,457.5,463.0,455.0,456.0,-0.33,16946.0,616.0,401.1
BHDC,5/15/2026,460.0,460.0,453.0,455.0,-1.09,9992.0,616.0,401.1
BHDC,5/18/2026,455.0,459.5,453.1,456.3,0.29,3821.0,616.0,401.1
BHDC,5/19/2026,455.0,461.0,452.3,457.9,0.64,10708.0,616.0,401.1
BHDC,5/20/2026,464.0,467.0,452.4,467.0,0.65,8254.0,616.0,401.1
BHDC,5/21/2026,470.0,473.8,462.2,463.5,-1.38,3507.0,616.0,401.1
BHDC,5/22/2026,457.0,466.5,457.0,463.6,1.44,9123.0,616.0,401.1
BHDC,5/25/2026,461.2,480.0,461.2,478.0,3.64,50689.0,616.0,401.1
BHDC,5/26/2026,480.0,487.5,467.0,474.0,-1.25,38693.0,616.0,401.1
BHDC,5/27/2026,471.0,478.0,467.0,475.0,0.85,53466.0,616.0,401.1
BHDC,6/1/2026,461.0,474.8,458.0,463.9,0.63,49026.0,616.0,401.1
BHDC,6/2/2026,458.1,468.9,458.0,466.0,1.72,25353.0,616.0,401.1
BHDC,6/3/2026,468.0,476.7,460.0,469.0,0.21,98405.0,616.0,401.1
BHDC,6/4/2026,460.7,471.9,460.7,464.9,0.91,12020.0,616.0,401.1
BHDC,6/5/2026,465.0,466.0,459.5,463.0,-0.43,14806.0,616.0,401.1
BHDC,6/8/2026,460.0,463.0,456.0,456.0,-0.87,11381.0,616.0,401.1
BHDC,6/9/2026,454.5,462.8,450.0,455.0,0.11,25469.0,616.0,401.1
BHDC,6/10/2026,454.0,461.0,452.3,456.2,0.48,6467.0,616.0,401.1
BHDC,6/11/2026,454.0,460.9,453.4,457.0,0.66,3525.0,616.0,401.1
BHDC,6/12/2026,450.1,461.9,450.1,459.2,2.02,8021.0,616.0,401.1
BHDC,6/15/2026,457.0,465.0,455.5,457.0,0.0,4948.0,616.0,401.1
BHDC,6/16/2026,457.0,461.5,450.6,454.7,-0.5,2012.0,616.0,401.1
BHDC,6/17/2026,455.0,460.0,454.1,457.0,0.44,5335.0,616.0,401.1
BHDC,6/18/2026,451.0,459.8,451.0,453.3,0.51,7932.0,616.0,401.1
BHDC,6/19/2026,450.4,457.0,450.4,454.0,0.8,8107.0,616.0,401.1
BHDC,6/22/2026,455.0,459.0,450.2,450.2,-1.05,16721.0,616.0,401.1
BHDC,6/23/2026,452.0,452.0,445.6,447.4,-1.02,16046.0,616.0,401.1
BHDC,6/24/2026,425.1,449.0,425.1,445.0,4.68,8193.0,616.0,401.1
BHDC,6/26/2026,426.0,450.0,426.0,444.0,4.23,6232.0,616.0,401.1
BHDC,6/29/2026,422.0,441.0,422.0,440.0,4.27,8492.0,616.0,401.1
BHDC,6/30/2026,439.0,439.0,433.1,433.3,-1.3,10529.0,616.0,401.1
BHDC,7/1/2026,440.0,444.0,430.1,443.2,0.73,4654.0,616.0,401.1
BHDC,7/2/2026,443.0,443.0,434.6,442.9,-0.02,2966.0,616.0,401.1
BHDC,7/3/2026,441.0,444.9,436.0,443.0,0.45,6224.0,616.0,401.1
BHDC,7/6/2026,438.0,440.0,436.0,436.1,-0.43,5889.0,616.0,401.1
BHDC,7/7/2026,457.0,457.0,433.0,437.9,-4.18,4794.0,616.0,401.1
BHDC,7/8/2026,438.0,438.4,430.3,432.0,-1.37,9081.0,616.0,401.1
BHDC,7/9/2026,431.0,433.0,425.3,429.0,-0.46,10402.0,616.0,401.1
BHDC,7/10/2026,434.9,435.0,425.2,430.0,-1.13,11509.0,616.0,401.1
BHDC,7/13/2026,442.0,442.0,422.3,425.0,-3.85,5296.0,616.0,401.1
BHDC,7/14/2026,420.0,426.9,412.0,425.0,1.19,4600.0,616.0,401.1
BHDC,7/15/2026,427.0,433.7,418.1,422.1,-1.15,6019.0,616.0,401.1
BHDC,7/16/2026,422.0,424.9,420.0,423.0,0.24,6296.0,616.0,401.1
BHDC,7/17/2026,421.3,442.0,421.3,435.9,3.47,9988.0,616.0,401.1
BHDC,7/20/2026,436.0,447.9,436.0,447.5,2.64,13904.0,616.0,401.1
BHDC,7/21/2026,447.6,455.0,444.0,447.1,-0.11,17153.0,616.0,401.1
BHDC,7/22/2026,437.4,446.9,437.4,445.0,1.74,5850.0,616.0,401.1
BHDC,7/23/2026,437.5,445.0,437.0,444.9,1.69,7813.0,616.0,401.1
BHDC,7/24/2026,440.0,450.0,440.0,445.2,1.18,4356.0,616.0,401.1
BHDC,7/27/2026,432.0,447.8,432.0,438.1,1.41,6847.0,616.0,401.1
BHDC,7/28/2026,440.0,440.0,428.1,435.0,-1.14,4477.0,616.0,401.1
BHDC,7/29/2026,426.1,436.0,426.1,433.9,1.83,4335.0,616.0,401.1
BHDC,7/30/2026,433.9,440.0,424.0,433.0,-0.21,3106.0,616.0,401.1
BHDC,7/31/2026,435.0,435.0,427.1,431.4,-0.83,3261.0,616.0,401.1
BHDC,8/3/2026,433.0,439.9,432.0,432.0,-0.23,3579.0,616.0,401.1
BHDC,8/4/2026,430.2,435.0,423.5,430.0,-0.05,10461.0,616.0,401.1
BHDC,8/5/2026,425.0,430.0,423.0,428.5,0.82,7798.0,616.0,401.1
BHDC,8/6/2026,424.7,431.8,424.6,429.5,1.13,7379.0,616.0,401.1
BHDC,8/7/2026,426.0,430.0,425.1,426.0,0.0,8716.0,616.0,401.1
BHDC,8/10/2026,421.4,426.9,421.4,426.0,1.09,1583.0,616.0,401.1
BHDC,8/11/2026,426.0,430.0,426.0,428.1,0.49,6859.0,616.0,401.1
BHDC,8/12/2026,433.0,433.0,425.4,428.5,-1.04,2217.0,616.0,401.1
BHDC,8/13/2026,422.2,435.0,422.1,431.0,2.08,5400.0,616.0,401.1
BHDC,8/14/2026,432.0,432.0,426.0,428.0,-0.93,3377.0,616.0,401.1
BHDC,8/17/2026,428.0,428.0,422.6,427.0,-0.23,6430.0,616.0,401.1
BHDC,8/18/2026,424.0,429.9,424.0,424.2,0.05,5449.0,616.0,401.1
BHDC,8/19/2026,425.0,428.2,421.7,426.7,0.4,16062.0,616.0,401.1
BHDC,8/20/2026,426.0,435.0,422.1,434.0,1.88,8167.0,616.0,401.1
BHDC,8/21/2026,434.0,443.9,425.0,425.0,-2.07,16556.0,616.0,401.1
BHDC,8/24/2026,422.3,429.0,421.5,427.8,1.3,6778.0,616.0,401.1
BHDC,8/25/2026,424.0,430.0,423.0,428.0,0.94,7600.0,616.0,401.1
BHDC,8/26/2026,423.0,424.0,416.2,417.0,-1.42,13794.0,616.0,401.1
BHDC,8/27/2026,415.1,421.9,413.1,420.0,1.18,15954.0,616.0,401.1
BHDC,8/31/2026,417.0,417.0,405.1,406.0,-2.64,13062.0,616.0,401.1
BHDC,9/1/2026,406.0,414.8,405.0,409.7,0.91,6911.0,616.0,401.1
BHDC,9/2/2026,409.7,413.0,401.1,412.5,0.68,7307.0,616.0,401.1
BHDC,9/3/2026,413.0,420.0,412.1,414.3,0.31,6633.0,616.0,401.1
BHDC,9/7/2026,430.0,430.0,412.0,422.0,-1.86,2460.0,616.0,401.1
BHDC,9/9/2026,416.4,424.0,413.9,419.9,0.84,11329.0,616.0,401.1
BHDC,9/10/2026,411.2,418.0,411.0,411.7,0.12,5756.0,616.0,401.1
BHDC,9/11/2026,419.0,419.0,411.2,417.0,-0.48,4528.0,616.0,401.1
BHDC,9/14/2026,417.0,425.9,417.0,424.9,1.89,12855.0,616.0,401.1
BHDC,9/15/2026,430.0,450.0,426.4,433.7,0.86,25555.0,616.0,401.1
BHDC,9/16/2026,434.0,435.0,426.4,429.0,-1.15,9757.0,616.0,401.1
BHDC,9/17/2026,430.6,436.0,426.3,429.0,-0.37,7282.0,616.0,401.1
BHDC,9/18/2026,429.0,436.0,427.0,435.5,1.52,14577.0,616.0,401.1
BHDC,9/22/2026,435.0,445.0,433.0,439.8,1.1,14426.0,616.0,401.1
BHDC,9/23/2026,440.0,440.0,429.0,431.0,-2.05,15812.0,616.0,401.1
BHDC,9/24/2026,409.5,435.0,409.5,433.4,5.84,9437.0,616.0,401.1
BHDC,9/28/2026,430.0,434.8,425.1,430.0,0.0,6188.0,616.0,401.1
BHDC,9/29/2026,425.0,425.2,423.6,0.0,-100.0,3676.0,616.0,401.1
BHDC,9/30/2026,423.0,431.9,422.3,425.2,0.52,6381.0,616.0,401.1
BHDC,10/1/2026,420.0,428.8,420.0,427.5,1.79,8442.0,616.0,401.1
BHDC,10/2/2026,425.0,427.0,418.6,419.5,-1.29,6627.0,616.0,401.1
BHL,12/21/2025,179.0,179.0,175.1,177.0,,62279.0,264.4,172.1
BHL,12/22/2025,177.0,177.0,174.1,174.9,-1.19,52785.0,264.4,172.1
BHL,12/23/2025,174.1,175.7,173.2,174.0,-0.51,47689.0,264.4,172.1
BHL,12/24/2025,174.0,176.0,172.1,175.0,0.57,39145.0,264.4,172.1
BHL,12/28/2025,175.2,179.0,175.2,178.5,2.0,87278.0,264.4,172.1
BHL,12/29/2025,179.9,180.0,177.5,178.0,-0.28,41415.0,264.4,172.1
BHL,12/31/2025,179.0,180.0,176.0,178.8,0.45,81675.0,264.4,172.1
BHL,1/1/2026,178.8,179.0,177.0,177.1,-0.95,44697.0,264.4,172.1
BHL,1/4/2026,174.0,180.9,174.0,177.0,-0.06,57352.0,264.4,172.1
BHL,1/5/2026,177.9,178.2,175.5,177.5,0.28,58747.0,264.4,172.1
BHL,1/6/2026,179.0,179.0,176.3,176.9,-0.34,62785.0,264.4,172.1
BHL,1/7/2026,177.0,177.8,174.0,176.4,-0.28,184821.0,264.4,172.1
BHL,1/8/2026,177.4,182.0,174.4,180.8,2.49,151089.0,264.4,172.1
BHL,1/12/2026,184.4,184.4,178.4,179.9,-0.5,95741.0,264.4,172.1
BHL,1/13/2026,180.0,181.9,178.4,179.5,-0.22,82778.0,264.4,172.1
BHL,1/14/2026,178.5,181.0,177.1,178.6,-0.5,81935.0,264.4,172.1
BHL,1/18/2026,182.1,182.1,179.0,180.0,0.78,98159.0,264.4,172.1
BHL,1/20/2026,182.0,187.5,181.0,187.0,3.89,288256.0,264.4,172.1
BHL,1/21/2026,190.7,190.7,185.0,185.5,-0.8,202038.0,264.4,172.1
BHL,1/22/2026,187.0,192.0,184.6,191.5,3.23,257754.0,264.4,172.1
BHL,1/25/2026,187.7,208.0,187.7,207.5,8.36,557069.0,264.4,172.1
BHL,1/26/2026,210.0,213.0,200.3,206.0,-0.72,604579.0,264.4,172.1
BHL,1/27/2026,202.0,210.0,196.6,197.0,-4.37,375868.0,264.4,172.1
BHL,1/28/2026,193.1,199.7,193.0,198.0,0.51,259574.0,264.4,172.1
BHL,1/29/2026,198.0,214.0,198.0,207.5,4.8,1237374.0,264.4,172.1
BHL,2/1/2026,207.5,215.0,205.8,206.0,-0.72,487787.0,264.4,172.1
BHL,2/2/2026,207.0,209.2,202.2,203.0,-1.46,200896.0,264.4,172.1
BHL,2/3/2026,205.0,205.0,196.2,196.5,-3.2,329580.0,264.4,172.1
BHL,2/4/2026,197.0,201.1,195.1,199.2,1.37,208207.0,264.4,172.1
BHL,2/5/2026,202.0,207.0,198.1,204.0,2.41,356998.0,264.4,172.1
BHL,2/8/2026,206.0,209.8,204.2,204.6,0.29,419827.0,264.4,172.1
BHL,2/9/2026,206.0,210.0,203.0,207.9,1.61,422129.0,264.4,172.1
BHL,2/10/2026,210.0,212.0,206.1,207.0,-0.43,457970.0,264.4,172.1
BHL,2/11/2026,211.0,211.0,203.0,207.0,0.0,271751.0,264.4,172.1
BHL,2/12/2026,209.9,210.5,207.0,207.4,0.19,415020.0,264.4,172.1
BHL,2/16/2026,209.9,211.5,206.0,207.0,-0.19,335836.0,264.4,172.1
BHL,2/17/2026,202.9,208.4,201.0,201.1,-2.85,312178.0,264.4,172.1
BHL,2/22/2026,197.1,202.9,196.0,197.2,-1.94,208735.0,264.4,172.1
BHL,2/23/2026,193.3,199.0,193.3,195.0,-1.12,119792.0,264.4,172.1
BHL,2/24/2026,191.1,198.0,191.1,197.2,1.13,81335.0,264.4,172.1
BHL,2/25/2026,200.0,200.0,195.0,197.8,0.3,78767.0,264.4,172.1
BHL,2/26/2026,201.7,201.7,196.0,197.2,-0.3,126906.0,264.4,172.1
BHL,2/27/2026,201.7,201.7,196.0,197.2,0.0,126906.0,264.4,172.1
BHL,2/28/2026,201.7,201.7,196.0,197.2,0.0,126906.0,264.4,172.1
BHL,3/2/2026,193.3,200.0,193.3,199.5,1.17,126204.0,264.4,172.1
BHL,3/3/2026,202.0,205.0,199.0,204.9,2.71,147889.0,264.4,172.1
BHL,3/4/2026,202.0,205.0,199.0,204.9,0.0,147889.0,264.4,172.1
BHL,3/5/2026,202.0,205.0,199.0,204.9,0.0,147889.0,264.4,172.1
BHL,3/6/2026,202.0,205.0,199.0,204.9,0.0,147889.0,264.4,172.1
BHL,3/7/2026,202.0,205.0,199.0,204.9,0.0,147889.0,264.4,172.1
BHL,3/8/2026,202.0,205.0,199.0,204.9,0.0,147889.0,264.4,172.1
BHL,3/9/2026,208.9,225.3,208.9,225.3,9.96,10410.0,264.4,172.1
BHL,3/10/2026,229.8,238.0,212.0,222.0,-1.46,1133814.0,264.4,172.1
BHL,3/11/2026,224.0,226.9,218.7,223.0,0.45,559848.0,264.4,172.1
BHL,3/12/2026,223.0,241.0,221.0,237.3,6.41,1707230.0,264.4,172.1
BHL,3/13/2026,223.0,241.0,221.0,237.3,0.0,1707230.0,264.4,172.1
BHL,3/14/2026,223.0,241.0,221.0,237.3,0.0,1707230.0,264.4,172.1
BHL,3/15/2026,242.0,248.0,237.3,245.0,3.24,1308783.0,264.4,172.1
BHL,3/16/2026,245.0,245.0,237.5,242.5,-1.02,1117971.0,264.4,172.1
BHL,3/17/2026,242.0,254.3,235.6,254.0,4.74,1557641.0,264.4,172.1
BHL,3/18/2026,242.0,254.3,235.6,254.0,0.0,1557641.0,264.4,172.1
BHL,3/19/2026,257.0,264.4,256.0,257.7,1.46,1477841.0,264.4,172.1
BHL,3/20/2026,257.0,264.4,256.0,257.7,0.0,1477841.0,264.4,172.1
BHL,3/21/2026,257.0,264.4,256.0,257.7,0.0,1477841.0,264.4,172.1
BHL,3/22/2026,260.0,260.0,249.0,254.0,-1.44,1621398.0,264.4,172.1
BHL,3/23/2026,259.0,259.0,249.0,255.6,0.63,697495.0,264.4,172.1
BHL,3/24/2026,255.0,259.0,253.0,254.8,-0.31,420044.0,264.4,172.1
BHL,3/25/2026,256.0,256.0,247.0,248.0,-2.67,672166.0,264.4,172.1
BHL,3/26/2026,245.0,251.1,244.5,249.0,1.63,519966.0,264.4,172.1
BHL,3/29/2026,253.9,253.9,236.1,237.0,-6.66,857803.0,264.4,172.1
BHL,3/30/2026,240.0,241.7,229.6,231.0,-3.75,823022.0,264.4,172.1
BHL,3/31/2026,235.6,235.6,222.0,230.5,-2.16,790721.0,264.4,172.1
BHL,4/1/2026,231.0,232.0,217.1,218.0,-5.63,566393.0,264.4,172.1
BHL,4/2/2026,217.0,223.6,210.0,219.8,1.29,656967.0,264.4,172.1
BHL,4/5/2026,219.0,219.0,205.0,207.0,-5.48,674099.0,264.4,172.1
BHL,4/6/2026,207.0,227.0,203.0,222.0,7.25,632959.0,264.4,172.1
BHL,4/7/2026,226.4,230.0,221.0,222.1,-1.9,514549.0,264.4,172.1
BHL,4/8/2026,226.5,227.0,224.0,226.2,-0.13,251524.0,264.4,172.1
BHL,4/9/2026,230.0,237.0,226.0,235.0,2.17,496108.0,264.4,172.1
BHL,4/10/2026,235.0,237.0,226.9,230.0,-2.13,368735.0,264.4,172.1
BHL,4/13/2026,230.0,232.9,226.0,231.1,0.48,338493.0,264.4,172.1
BHL,4/15/2026,235.7,241.9,232.1,236.3,0.25,505034.0,264.4,172.1
BHL,4/16/2026,239.0,239.0,228.0,228.5,-4.39,376748.0,264.4,172.1
BHL,4/17/2026,228.5,232.0,225.0,230.0,0.66,279123.0,264.4,172.1
BHL,4/20/2026,230.0,230.5,225.1,226.9,-1.35,191118.0,264.4,172.1
BHL,4/21/2026,220.0,232.0,220.0,221.8,0.82,251540.0,264.4,172.1
BHL,4/22/2026,230.0,230.0,214.0,222.0,-3.48,323051.0,264.4,172.1
BHL,4/23/2026,225.0,227.0,219.0,221.0,-1.78,142678.0,264.4,172.1
BHL,4/24/2026,219.0,222.0,216.0,220.9,0.87,148761.0,264.4,172.1
BHL,4/27/2026,220.9,224.0,218.5,221.8,0.41,108387.0,264.4,172.1
BHL,4/28/2026,232.0,232.0,217.2,218.0,-6.03,144903.0,264.4,172.1
BHL,4/29/2026,218.0,220.0,215.5,216.0,-0.92,96392.0,264.4,172.1
BHL,4/30/2026,208.0,218.0,208.0,217.6,4.62,163696.0,264.4,172.1
BHL,5/4/2026,207.0,220.0,207.0,214.1,3.43,116715.0,264.4,172.1
BHL,5/5/2026,211.0,218.5,211.0,214.1,1.47,105601.0,264.4,172.1
BHL,5/6/2026,214.0,218.6,214.0,215.8,0.84,82838.0,264.4,172.1
BHL,5/7/2026,214.0,218.0,214.0,216.5,1.17,86014.0,264.4,172.1
BHL,5/8/2026,206.0,220.0,206.0,219.5,6.55,99800.0,264.4,172.1
BHL,5/11/2026,220.1,227.5,220.1,227.0,3.13,233467.0,264.4,172.1
BHL,5/12/2026,230.0,231.4,221.0,222.0,-3.48,218140.0,264.4,172.1
BHL,5/13/2026,222.0,223.0,218.2,222.5,0.23,67274.0,264.4,172.1
BHL,5/14/2026,224.9,224.9,220.3,221.5,-1.51,120977.0,264.4,172.1
BHL,5/15/2026,223.0,225.0,220.6,221.6,-0.63,92201.0,264.4,172.1
BHL,5/18/2026,222.2,223.0,220.7,221.0,-0.54,98573.0,264.4,172.1
BHL,5/19/2026,210.0,223.0,210.0,220.9,5.19,61907.0,264.4,172.1
BHL,5/20/2026,231.8,231.8,220.0,226.8,-2.16,106813.0,264.4,172.1
BHL,5/21/2026,238.0,238.0,223.0,223.0,-6.3,63819.0,264.4,172.1
BHL,5/22/2026,234.1,234.1,220.0,226.0,-3.46,110169.0,264.4,172.1
BHL,5/25/2026,237.0,237.0,225.0,228.1,-3.76,188158.0,264.4,172.1
BHL,5/26/2026,239.5,239.5,226.0,226.8,-5.3,80660.0,264.4,172.1
BHL,5/27/2026,238.1,238.1,220.0,227.0,-4.66,116141.0,264.4,172.1
BHL,6/1/2026,220.0,228.0,220.0,222.0,0.91,120478.0,264.4,172.1
BHL,6/2/2026,210.9,225.0,210.9,222.0,5.26,84456.0,264.4,172.1
BHL,6/3/2026,222.0,225.0,221.0,222.2,0.09,66445.0,264.4,172.1
BHL,6/4/2026,222.0,225.5,220.3,220.5,-0.68,53363.0,264.4,172.1
BHL,6/5/2026,221.0,222.9,218.0,219.0,-0.9,109602.0,264.4,172.1
BHL,6/8/2026,208.1,220.7,208.1,216.9,4.23,77832.0,264.4,172.1
BHL,6/9/2026,218.0,218.0,211.1,216.0,-0.92,211079.0,264.4,172.1
BHL,6/10/2026,217.5,218.0,213.7,215.7,-0.83,140401.0,264.4,172.1
BHL,6/11/2026,215.0,219.0,215.0,215.0,0.0,64684.0,264.4,172.1
BHL,6/12/2026,215.0,218.9,215.0,215.6,0.28,66132.0,264.4,172.1
BHL,6/15/2026,220.0,220.0,214.1,215.0,-2.27,66647.0,264.4,172.1
BHL,6/16/2026,216.0,216.5,214.5,215.8,-0.09,53970.0,264.4,172.1
BHL,6/17/2026,220.0,220.0,215.0,216.0,-1.82,65703.0,264.4,172.1
BHL,6/18/2026,215.0,219.0,214.7,215.0,0.0,52219.0,264.4,172.1
BHL,6/19/2026,215.0,216.9,214.0,214.7,-0.14,44369.0,264.4,172.1
BHL,6/22/2026,216.0,217.0,214.0,214.3,-0.79,70379.0,264.4,172.1
BHL,6/23/2026,214.0,215.0,212.1,213.5,-0.23,59370.0,264.4,172.1
BHL,6/24/2026,213.5,215.0,208.0,210.0,-1.64,114607.0,264.4,172.1
BHL,6/26/2026,221.5,221.5,204.9,210.2,-5.1,27113.0,264.4,172.1
BHL,6/29/2026,220.7,220.7,207.5,207.5,-5.98,72705.0,264.4,172.1
BHL,6/30/2026,209.9,209.9,205.1,206.2,-1.76,74056.0,264.4,172.1
BHL,7/1/2026,209.0,214.0,205.0,210.9,0.91,67517.0,264.4,172.1
BHL,7/2/2026,214.0,214.0,208.0,210.0,-1.87,28827.0,264.4,172.1
BHL,7/3/2026,208.1,213.3,208.1,210.0,0.91,49877.0,264.4,172.1
BHL,7/6/2026,213.9,213.9,207.9,207.9,-2.81,53963.0,264.4,172.1
BHL,7/7/2026,209.9,210.9,208.6,210.0,0.05,42951.0,264.4,172.1
BHL,7/8/2026,210.0,210.0,205.0,205.1,-2.33,86329.0,264.4,172.1
BHL,7/9/2026,206.0,206.3,204.8,205.0,-0.49,51839.0,264.4,172.1
BHL,7/10/2026,207.0,207.9,202.2,203.0,-1.93,86456.0,264.4,172.1
BHL,7/13/2026,205.0,205.0,200.0,201.0,-1.95,60335.0,264.4,172.1
BHL,7/14/2026,201.0,207.0,199.0,205.5,2.24,78551.0,264.4,172.1
BHL,7/15/2026,205.5,210.0,205.5,207.3,0.88,113620.0,264.4,172.1
BHL,7/16/2026,210.0,210.0,204.0,204.0,-2.86,31388.0,264.4,172.1
BHL,7/17/2026,200.0,217.3,200.0,212.0,6.0,119440.0,264.4,172.1
BHL,7/20/2026,211.3,221.4,211.3,218.1,3.22,215139.0,264.4,172.1
BHL,7/21/2026,222.0,222.0,216.0,217.5,-2.03,118595.0,264.4,172.1
BHL,7/22/2026,220.0,220.0,214.1,215.5,-2.05,77294.0,264.4,172.1
BHL,7/23/2026,217.0,217.0,213.4,215.2,-0.83,62803.0,264.4,172.1
BHL,7/24/2026,225.9,225.9,211.2,217.0,-3.94,92366.0,264.4,172.1
BHL,7/27/2026,213.0,219.1,212.0,214.0,0.47,63844.0,264.4,172.1
BHL,7/28/2026,211.5,216.0,211.5,214.8,1.56,66542.0,264.4,172.1
BHL,7/29/2026,215.0,216.0,212.2,213.0,-0.93,29236.0,264.4,172.1
BHL,7/30/2026,213.0,214.0,210.2,210.5,-1.17,56897.0,264.4,172.1
BHL,7/31/2026,210.0,212.8,209.0,212.4,1.14,71648.0,264.4,172.1
BHL,8/3/2026,212.4,215.0,212.0,212.9,0.24,55478.0,264.4,172.1
BHL,8/4/2026,215.0,215.0,210.5,211.5,-1.63,40973.0,264.4,172.1
BHL,8/5/2026,212.0,212.5,210.0,211.0,-0.47,41055.0,264.4,172.1
BHL,8/6/2026,211.0,214.0,209.5,210.0,-0.47,71067.0,264.4,172.1
BHL,8/7/2026,210.0,210.0,208.0,208.9,-0.52,44962.0,264.4,172.1
BHL,8/10/2026,209.0,210.0,206.2,206.9,-1.0,68161.0,264.4,172.1
BHL,8/11/2026,196.6,211.0,196.6,208.0,5.8,50014.0,264.4,172.1
BHL,8/12/2026,208.0,210.0,207.0,207.7,-0.14,23636.0,264.4,172.1
BHL,8/13/2026,208.0,215.0,207.7,212.0,1.92,193280.0,264.4,172.1
BHL,8/14/2026,213.1,214.5,209.0,211.0,-0.99,89659.0,264.4,172.1
BHL,8/17/2026,210.0,212.0,208.4,208.4,-0.76,53181.0,264.4,172.1
BHL,8/18/2026,218.0,218.0,206.2,207.6,-4.77,67315.0,264.4,172.1
BHL,8/19/2026,208.0,209.9,206.4,209.0,0.48,36974.0,264.4,172.1
BHL,8/20/2026,210.0,210.0,206.5,208.0,-0.95,45117.0,264.4,172.1
BHL,8/21/2026,209.0,209.9,207.0,207.0,-0.96,53988.0,264.4,172.1
BHL,8/24/2026,207.0,207.0,203.4,205.0,-0.97,142617.0,264.4,172.1
BHL,8/25/2026,195.0,207.0,195.0,204.0,4.62,169712.0,264.4,172.1
BHL,8/26/2026,204.0,209.9,200.0,201.0,-1.47,166255.0,264.4,172.1
BHL,8/27/2026,198.5,203.9,195.0,199.7,0.6,129021.0,264.4,172.1
BHL,8/31/2026,200.0,200.0,195.1,195.3,-2.35,76883.0,264.4,172.1
BHL,9/1/2026,195.3,202.0,195.3,197.0,0.87,61438.0,264.4,172.1
BHL,9/2/2026,197.0,200.0,196.2,199.0,1.02,41602.0,264.4,172.1
BHL,9/3/2026,200.0,202.0,198.0,198.0,-1.0,50408.0,264.4,172.1
BHL,9/7/2026,199.0,205.0,199.0,201.0,1.01,56544.0,264.4,172.1
BHL,9/9/2026,202.0,204.9,200.0,200.0,-0.99,37042.0,264.4,172.1
BHL,9/10/2026,199.0,205.5,198.0,204.8,2.91,76538.0,264.4,172.1
BHL,9/11/2026,206.0,213.0,202.0,211.5,2.67,256797.0,264.4,172.1
BHL,9/14/2026,211.5,215.9,211.0,211.0,-0.24,116539.0,264.4,172.1
BHL,9/15/2026,221.5,221.5,213.1,216.0,-2.48,233450.0,264.4,172.1
BHL,9/16/2026,220.0,221.0,213.0,216.1,-1.77,295942.0,264.4,172.1
BHL,9/17/2026,218.0,221.0,216.1,217.1,-0.41,129215.0,264.4,172.1
BHL,9/18/2026,227.9,227.9,216.2,217.3,-4.65,109577.0,264.4,172.1
BHL,9/22/2026,218.0,220.0,216.0,217.0,-0.46,178231.0,264.4,172.1
BHL,9/23/2026,225.0,225.0,210.2,212.0,-5.78,187189.0,264.4,172.1
BHL,9/24/2026,212.0,214.7,210.1,212.2,0.09,92952.0,264.4,172.1
BHL,9/28/2026,214.0,214.7,210.1,210.3,-1.73,107282.0,264.4,172.1
BHL,9/29/2026,220.8,220.8,207.5,0.0,-100.0,71524.0,264.4,172.1
BHL,9/30/2026,213.0,213.0,209.0,210.2,-1.31,101891.0,264.4,172.1
BHL,10/1/2026,212.0,217.0,210.7,214.7,1.27,156150.0,264.4,172.1
BHL,10/2/2026,214.0,216.8,212.1,212.6,-0.65,111644.0,264.4,172.1
BHPL,12/21/2025,542.0,555.0,530.0,550.0,,221939.0,748.0,417.2
BHPL,12/22/2025,539.0,542.0,526.0,530.0,-3.64,101109.0,748.0,417.2
BHPL,12/23/2025,540.0,540.0,516.5,518.0,-2.26,99110.0,748.0,417.2
BHPL,12/24/2025,508.0,527.9,508.0,519.0,0.19,43247.0,748.0,417.2
BHPL,12/28/2025,508.7,528.0,508.0,512.9,-1.18,85842.0,748.0,417.2
BHPL,12/29/2025,503.1,527.0,503.1,517.0,0.8,78189.0,748.0,417.2
BHPL,12/31/2025,527.0,527.0,515.1,520.0,0.58,62163.0,748.0,417.2
BHPL,1/1/2026,530.4,530.4,513.1,516.0,-0.77,67861.0,748.0,417.2
BHPL,1/4/2026,511.0,524.0,510.0,518.9,0.56,66686.0,748.0,417.2
BHPL,1/5/2026,518.1,570.7,518.1,570.7,9.98,171894.0,748.0,417.2
BHPL,1/6/2026,582.0,604.6,545.0,560.0,-1.87,123987.0,748.0,417.2
BHPL,1/7/2026,548.8,572.0,538.0,541.0,-3.39,65579.0,748.0,417.2
BHPL,1/8/2026,530.2,561.0,530.2,555.0,2.59,211257.0,748.0,417.2
BHPL,1/12/2026,544.0,570.0,541.0,548.0,-1.26,53932.0,748.0,417.2
BHPL,1/13/2026,552.0,552.0,534.0,549.9,0.35,67974.0,748.0,417.2
BHPL,1/14/2026,540.0,560.0,540.0,556.9,1.27,60345.0,748.0,417.2
BHPL,1/18/2026,546.0,560.0,546.0,559.9,0.54,73707.0,748.0,417.2
BHPL,1/20/2026,561.0,569.0,550.8,559.9,0.0,109431.0,748.0,417.2
BHPL,1/21/2026,571.0,571.0,550.0,558.0,-0.34,72851.0,748.0,417.2
BHPL,1/22/2026,547.3,558.0,547.3,557.9,-0.02,51535.0,748.0,417.2
BHPL,1/25/2026,560.0,574.0,555.1,567.9,1.79,115412.0,748.0,417.2
BHPL,1/26/2026,579.2,579.2,557.0,578.3,1.83,124690.0,748.0,417.2
BHPL,1/27/2026,589.8,614.0,580.0,590.0,2.02,156449.0,748.0,417.2
BHPL,1/28/2026,579.0,604.0,579.0,604.0,2.37,141571.0,748.0,417.2
BHPL,1/29/2026,600.0,626.0,584.0,595.0,-1.49,99235.0,748.0,417.2
BHPL,2/1/2026,586.0,590.0,573.5,576.0,-3.19,81329.0,748.0,417.2
BHPL,2/2/2026,571.0,587.5,569.0,569.2,-1.18,54225.0,748.0,417.2
BHPL,2/3/2026,557.9,593.6,557.9,568.9,-0.05,35873.0,748.0,417.2
BHPL,2/4/2026,580.2,580.2,562.0,566.9,-0.35,31925.0,748.0,417.2
BHPL,2/5/2026,578.0,585.0,560.0,578.0,1.96,64339.0,748.0,417.2
BHPL,2/8/2026,589.5,589.5,575.0,582.0,0.69,45839.0,748.0,417.2
BHPL,2/9/2026,593.6,593.6,563.0,570.0,-2.06,33625.0,748.0,417.2
BHPL,2/10/2026,581.4,581.4,555.0,568.0,-0.35,44853.0,748.0,417.2
BHPL,2/11/2026,579.3,579.3,552.0,563.9,-0.72,27128.0,748.0,417.2
BHPL,2/12/2026,564.0,575.2,553.0,558.0,-1.05,54556.0,748.0,417.2
BHPL,2/16/2026,546.9,567.8,546.9,555.0,-0.54,13807.0,748.0,417.2
BHPL,2/17/2026,543.9,562.0,543.9,551.9,-0.56,42131.0,748.0,417.2
BHPL,2/22/2026,540.9,562.0,537.0,550.0,-0.34,35759.0,748.0,417.2
BHPL,2/23/2026,539.0,555.0,539.0,555.0,0.91,12182.0,748.0,417.2
BHPL,2/24/2026,559.0,559.0,547.9,557.9,0.52,23629.0,748.0,417.2
BHPL,2/25/2026,555.7,557.8,549.1,554.9,-0.54,13692.0,748.0,417.2
BHPL,2/26/2026,543.9,564.4,543.9,549.0,-1.06,9891.0,748.0,417.2
BHPL,2/27/2026,543.9,564.4,543.9,549.0,0.0,9891.0,748.0,417.2
BHPL,2/28/2026,543.9,564.4,543.9,549.0,0.0,9891.0,748.0,417.2
BHPL,3/2/2026,539.2,586.0,538.1,586.0,6.74,23927.0,748.0,417.2
BHPL,3/3/2026,586.0,586.0,560.0,579.8,-1.06,31155.0,748.0,417.2
BHPL,3/4/2026,586.0,586.0,560.0,579.8,0.0,31155.0,748.0,417.2
BHPL,3/5/2026,586.0,586.0,560.0,579.8,0.0,31155.0,748.0,417.2
BHPL,3/6/2026,586.0,586.0,560.0,579.8,0.0,31155.0,748.0,417.2
BHPL,3/7/2026,586.0,586.0,560.0,579.8,0.0,31155.0,748.0,417.2
BHPL,3/8/2026,586.0,586.0,560.0,579.8,0.0,31155.0,748.0,417.2
BHPL,3/9/2026,591.3,615.0,591.3,614.0,5.9,9790.0,748.0,417.2
BHPL,3/10/2026,620.0,620.0,585.0,588.0,-4.23,74998.0,748.0,417.2
BHPL,3/11/2026,591.0,598.9,579.2,581.4,-1.12,61944.0,748.0,417.2
BHPL,3/12/2026,585.0,590.0,580.0,581.0,-0.07,34711.0,748.0,417.2
BHPL,3/13/2026,585.0,590.0,580.0,581.0,0.0,34711.0,748.0,417.2
BHPL,3/14/2026,585.0,590.0,580.0,581.0,0.0,34711.0,748.0,417.2
BHPL,3/15/2026,592.6,592.6,580.1,581.0,0.0,32171.0,748.0,417.2
BHPL,3/16/2026,591.0,597.0,583.0,594.0,2.24,99611.0,748.0,417.2
BHPL,3/17/2026,605.8,605.8,587.0,598.0,0.67,42144.0,748.0,417.2
BHPL,3/18/2026,605.8,605.8,587.0,598.0,0.0,42144.0,748.0,417.2
BHPL,3/19/2026,586.1,620.0,586.1,607.0,1.51,106402.0,748.0,417.2
BHPL,3/20/2026,586.1,620.0,586.1,607.0,0.0,106402.0,748.0,417.2
BHPL,3/21/2026,586.1,620.0,586.1,607.0,0.0,106402.0,748.0,417.2
BHPL,3/22/2026,619.1,619.1,592.1,604.0,-0.49,86460.0,748.0,417.2
BHPL,3/23/2026,616.0,616.0,591.0,599.5,-0.75,41796.0,748.0,417.2
BHPL,3/24/2026,611.4,611.4,596.0,598.0,-0.25,30727.0,748.0,417.2
BHPL,3/25/2026,608.0,608.0,582.0,585.0,-2.17,45773.0,748.0,417.2
BHPL,3/26/2026,596.0,596.0,577.0,588.9,-1.19,20710.0,748.0,417.2
BHPL,3/29/2026,600.0,600.0,566.0,570.9,-4.85,48069.0,748.0,417.2
BHPL,3/30/2026,559.5,580.0,559.5,568.0,1.52,38239.0,748.0,417.2
BHPL,3/31/2026,568.0,577.0,557.2,575.0,1.23,24431.0,748.0,417.2
BHPL,4/1/2026,567.0,570.0,550.0,558.0,-1.59,26918.0,748.0,417.2
BHPL,4/2/2026,560.8,563.0,542.0,549.9,-1.94,35413.0,748.0,417.2
BHPL,4/5/2026,554.0,554.0,518.0,525.0,-5.23,39973.0,748.0,417.2
BHPL,4/6/2026,535.0,543.6,522.0,539.7,0.88,32346.0,748.0,417.2
BHPL,4/7/2026,530.0,559.9,530.0,548.2,3.43,16685.0,748.0,417.2
BHPL,4/8/2026,558.0,569.0,546.9,554.3,-0.66,14238.0,748.0,417.2
BHPL,4/9/2026,555.0,570.0,545.1,570.0,2.7,25452.0,748.0,417.2
BHPL,4/10/2026,580.0,580.0,552.0,560.0,-3.45,13276.0,748.0,417.2
BHPL,4/13/2026,569.9,569.9,555.0,559.9,-1.75,8213.0,748.0,417.2
BHPL,4/15/2026,555.0,566.7,555.0,561.0,1.08,8178.0,748.0,417.2
BHPL,4/16/2026,560.0,564.0,542.0,559.5,-0.09,21875.0,748.0,417.2
BHPL,4/17/2026,559.0,559.0,547.9,553.0,-1.07,12081.0,748.0,417.2
BHPL,4/20/2026,580.6,580.6,541.4,550.0,-5.27,10137.0,748.0,417.2
BHPL,4/21/2026,577.5,577.5,541.0,541.0,-6.32,5926.0,748.0,417.2
BHPL,4/22/2026,549.8,557.0,531.0,546.0,-0.69,16722.0,748.0,417.2
BHPL,4/23/2026,546.0,546.0,536.0,538.0,-1.47,4618.0,748.0,417.2
BHPL,4/24/2026,547.9,547.9,530.0,536.0,-2.17,10756.0,748.0,417.2
BHPL,4/27/2026,536.0,547.8,533.2,535.6,-0.07,10985.0,748.0,417.2
BHPL,4/28/2026,535.6,545.0,525.2,527.0,-1.61,8371.0,748.0,417.2
BHPL,4/29/2026,527.0,534.8,521.0,526.8,-0.04,10130.0,748.0,417.2
BHPL,4/30/2026,520.1,525.0,513.0,520.2,0.02,6767.0,748.0,417.2
BHPL,5/4/2026,524.8,538.0,511.0,511.0,-2.63,9253.0,748.0,417.2
BHPL,5/5/2026,502.0,523.8,501.0,515.0,2.59,7057.0,748.0,417.2
BHPL,5/6/2026,515.0,525.0,514.0,514.1,-0.17,2311.0,748.0,417.2
BHPL,5/7/2026,520.0,520.0,511.0,517.0,-0.58,5397.0,748.0,417.2
BHPL,5/8/2026,519.9,527.9,515.5,520.0,0.02,2550.0,748.0,417.2
BHPL,5/11/2026,523.0,532.0,523.0,532.0,1.72,9793.0,748.0,417.2
BHPL,5/12/2026,532.0,537.0,521.0,521.0,-2.07,7154.0,748.0,417.2
BHPL,5/13/2026,495.0,524.0,495.0,522.0,5.45,4561.0,748.0,417.2
BHPL,5/14/2026,548.1,548.1,505.1,519.5,-5.22,6253.0,748.0,417.2
BHPL,5/15/2026,510.1,523.0,510.1,523.0,2.53,2888.0,748.0,417.2
BHPL,5/18/2026,523.0,528.8,515.0,515.0,-1.53,2972.0,748.0,417.2
BHPL,5/19/2026,515.0,522.0,510.1,519.9,0.95,2009.0,748.0,417.2
BHPL,5/20/2026,513.0,535.0,513.0,535.0,4.29,9597.0,748.0,417.2
BHPL,5/21/2026,561.7,561.7,522.0,529.7,-5.7,5744.0,748.0,417.2
BHPL,5/22/2026,556.0,556.0,522.3,529.8,-4.71,3080.0,748.0,417.2
BHPL,5/25/2026,530.1,537.8,530.0,534.8,0.89,7086.0,748.0,417.2
BHPL,5/26/2026,543.8,543.8,528.2,528.3,-2.85,4341.0,748.0,417.2
BHPL,5/27/2026,521.1,540.0,521.1,538.7,3.38,15374.0,748.0,417.2
BHPL,6/1/2026,538.0,539.0,523.0,523.3,-2.73,6044.0,748.0,417.2
BHPL,6/2/2026,516.1,528.0,516.1,526.1,1.94,5308.0,748.0,417.2
BHPL,6/3/2026,499.8,536.5,499.8,530.0,6.04,8017.0,748.0,417.2
BHPL,6/4/2026,526.4,565.5,526.4,552.0,4.86,54544.0,748.0,417.2
BHPL,6/5/2026,565.0,565.0,533.0,548.6,-2.9,11242.0,748.0,417.2
BHPL,6/8/2026,560.0,560.0,530.0,539.7,-3.62,8784.0,748.0,417.2
BHPL,6/9/2026,513.0,543.9,513.0,539.7,5.2,19279.0,748.0,417.2
BHPL,6/10/2026,512.8,547.9,512.8,534.9,4.31,14063.0,748.0,417.2
BHPL,6/11/2026,561.6,561.6,526.0,534.5,-4.83,7188.0,748.0,417.2
BHPL,6/12/2026,561.2,561.2,525.0,525.0,-6.45,7485.0,748.0,417.2
BHPL,6/15/2026,499.0,530.4,499.0,529.4,6.09,5570.0,748.0,417.2
BHPL,6/16/2026,540.0,540.0,515.0,520.0,-3.7,5017.0,748.0,417.2
BHPL,6/17/2026,526.0,528.0,522.0,528.0,0.38,3365.0,748.0,417.2
BHPL,6/18/2026,554.4,554.4,522.2,522.5,-5.75,3138.0,748.0,417.2
BHPL,6/19/2026,548.6,548.6,515.1,523.9,-4.5,3692.0,748.0,417.2
BHPL,6/22/2026,525.0,530.0,515.0,530.0,0.95,6221.0,748.0,417.2
BHPL,6/23/2026,545.0,545.8,517.1,517.1,-5.12,3159.0,748.0,417.2
BHPL,6/24/2026,492.0,523.0,492.0,519.9,5.67,7740.0,748.0,417.2
BHPL,6/26/2026,519.9,519.9,505.5,505.5,-2.77,1342.0,748.0,417.2
BHPL,6/29/2026,505.5,505.6,500.0,505.0,-0.1,4713.0,748.0,417.2
BHPL,6/30/2026,503.0,503.0,490.0,490.0,-2.58,9049.0,748.0,417.2
BHPL,7/1/2026,490.0,501.0,480.0,500.0,2.04,6189.0,748.0,417.2
BHPL,7/2/2026,500.0,507.8,493.4,504.9,0.98,3220.0,748.0,417.2
BHPL,7/3/2026,512.8,512.8,495.0,498.0,-2.89,4400.0,748.0,417.2
BHPL,7/6/2026,510.0,519.0,487.1,518.0,1.57,4523.0,748.0,417.2
BHPL,7/7/2026,510.0,514.0,499.0,508.0,-0.39,2803.0,748.0,417.2
BHPL,7/8/2026,496.0,502.9,488.0,492.0,-0.81,6292.0,748.0,417.2
BHPL,7/9/2026,478.2,494.4,478.2,489.0,2.26,5962.0,748.0,417.2
BHPL,7/10/2026,499.0,499.0,484.0,489.0,-2.0,2432.0,748.0,417.2
BHPL,7/13/2026,481.0,485.0,453.0,467.5,-2.81,7903.0,748.0,417.2
BHPL,7/14/2026,480.0,480.0,449.0,479.0,-0.21,10369.0,748.0,417.2
BHPL,7/15/2026,471.0,479.9,469.1,469.2,-0.38,2163.0,748.0,417.2
BHPL,7/16/2026,469.2,469.2,458.0,458.3,-2.32,5513.0,748.0,417.2
BHPL,7/17/2026,471.0,490.0,471.0,489.0,3.82,8419.0,748.0,417.2
BHPL,7/20/2026,489.0,499.0,486.1,486.1,-0.59,4788.0,748.0,417.2
BHPL,7/21/2026,510.0,510.0,485.0,504.0,-1.18,18593.0,748.0,417.2
BHPL,7/22/2026,490.0,502.0,490.0,495.9,1.2,7959.0,748.0,417.2
BHPL,7/23/2026,504.9,504.9,487.0,491.0,-2.75,2567.0,748.0,417.2
BHPL,7/24/2026,490.0,500.0,486.0,486.6,-0.69,5700.0,748.0,417.2
BHPL,7/27/2026,465.0,493.5,465.0,480.1,3.25,5423.0,748.0,417.2
BHPL,7/28/2026,504.1,504.1,470.1,483.0,-4.19,5349.0,748.0,417.2
BHPL,7/29/2026,489.0,489.0,468.6,472.1,-3.46,5072.0,748.0,417.2
BHPL,7/30/2026,476.0,477.0,465.0,466.3,-2.04,3538.0,748.0,417.2
BHPL,7/31/2026,450.0,488.2,450.0,480.0,6.67,4825.0,748.0,417.2
BHPL,8/3/2026,480.0,490.0,471.0,479.0,-0.21,5595.0,748.0,417.2
BHPL,8/4/2026,470.0,484.0,470.0,483.0,2.77,9291.0,748.0,417.2
BHPL,8/5/2026,472.2,497.4,470.0,497.0,5.25,11994.0,748.0,417.2
BHPL,8/6/2026,521.0,521.0,487.0,499.0,-4.22,5470.0,748.0,417.2
BHPL,8/7/2026,523.0,523.0,480.0,497.0,-4.97,7298.0,748.0,417.2
BHPL,8/10/2026,490.0,495.0,480.1,482.5,-1.53,3914.0,748.0,417.2
BHPL,8/11/2026,475.0,499.0,473.1,499.0,5.05,6066.0,748.0,417.2
BHPL,8/12/2026,499.0,499.0,483.0,485.0,-2.81,1640.0,748.0,417.2
BHPL,8/13/2026,495.0,495.0,480.1,490.0,-1.01,2861.0,748.0,417.2
BHPL,8/14/2026,479.0,489.9,465.0,489.9,2.28,13373.0,748.0,417.2
BHPL,8/17/2026,498.8,498.8,470.1,486.0,-2.57,4584.0,748.0,417.2
BHPL,8/18/2026,510.3,510.3,470.0,479.0,-6.13,2210.0,748.0,417.2
BHPL,8/19/2026,456.0,479.4,456.0,477.4,4.69,7699.0,748.0,417.2
BHPL,8/20/2026,467.1,481.0,465.0,468.1,0.21,2723.0,748.0,417.2
BHPL,8/21/2026,475.5,480.0,465.0,478.0,0.53,6701.0,748.0,417.2
BHPL,8/24/2026,501.0,501.0,461.1,470.0,-6.19,4298.0,748.0,417.2
BHPL,8/25/2026,470.0,479.0,460.1,476.0,1.28,5446.0,748.0,417.2
BHPL,8/26/2026,485.0,485.0,447.4,458.9,-5.38,5272.0,748.0,417.2
BHPL,8/27/2026,446.0,460.0,446.0,458.0,2.69,1928.0,748.0,417.2
BHPL,8/31/2026,450.0,454.9,425.0,433.0,-3.78,6093.0,748.0,417.2
BHPL,9/1/2026,454.0,454.0,430.0,435.0,-4.19,5667.0,748.0,417.2
BHPL,9/2/2026,431.6,444.0,428.0,439.0,1.71,2922.0,748.0,417.2
BHPL,9/3/2026,460.9,460.9,430.0,438.0,-4.97,3870.0,748.0,417.2
BHPL,9/7/2026,430.0,438.0,425.3,432.0,0.47,4956.0,748.0,417.2
BHPL,9/9/2026,430.0,457.0,417.2,457.0,6.28,12100.0,748.0,417.2
BHPL,9/10/2026,470.7,470.7,424.2,436.9,-7.18,4308.0,748.0,417.2
BHPL,9/11/2026,437.0,450.0,425.2,450.0,2.97,3303.0,748.0,417.2
BHPL,9/14/2026,427.5,484.0,427.5,459.9,7.58,8922.0,748.0,417.2
BHPL,9/15/2026,482.8,497.0,456.0,470.0,-2.65,8733.0,748.0,417.2
BHPL,9/16/2026,460.0,473.0,450.2,459.0,-0.22,3192.0,748.0,417.2
BHPL,9/17/2026,436.1,466.0,436.1,460.9,5.69,3996.0,748.0,417.2
BHPL,9/18/2026,464.0,470.0,445.0,470.0,1.29,8535.0,748.0,417.2
BHPL,9/22/2026,493.0,493.0,451.2,460.0,-6.69,8111.0,748.0,417.2
BHPL,9/23/2026,437.0,458.3,437.0,448.0,2.52,10091.0,748.0,417.2
BHPL,9/24/2026,441.0,450.0,440.0,447.5,1.47,4467.0,748.0,417.2
BHPL,9/28/2026,448.0,453.0,432.1,446.0,-0.45,6023.0,748.0,417.2
BHPL,9/29/2026,424.0,439.2,424.0,0.0,-100.0,365.0,748.0,417.2
BHPL,9/30/2026,436.0,439.0,430.0,437.0,0.23,4389.0,748.0,417.2
BHPL,10/1/2026,458.0,458.0,428.2,437.9,-4.39,7088.0,748.0,417.2
BHPL,10/2/2026,442.9,442.9,425.0,433.0,-2.24,4846.0,748.0,417.2
BJHL,3/22/2026,270.1,297.1,270.1,297.1,,80.0,1305.0,270.1
BJHL,3/23/2026,294.1,326.8,294.1,326.8,10.0,160.0,1305.0,270.1
BJHL,3/24/2026,323.5,359.4,323.5,359.4,9.98,120.0,1305.0,270.1
BJHL,3/25/2026,366.5,395.3,366.5,395.3,9.99,100.0,1305.0,270.1
BJHL,3/26/2026,391.4,434.8,391.4,434.8,11.09,198.0,1305.0,270.1
BJHL,3/29/2026,430.8,478.2,430.8,478.2,11.0,300.0,1305.0,270.1
BJHL,3/30/2026,475.4,526.0,475.4,526.0,10.64,280.0,1305.0,270.1
BJHL,3/31/2026,536.0,578.6,536.0,578.6,7.95,470.0,1305.0,270.1
BJHL,4/1/2026,590.1,636.4,590.1,636.4,7.85,660.0,1305.0,270.1
BJHL,4/2/2026,649.1,700.0,649.1,700.0,7.84,1840.0,1305.0,270.1
BJHL,4/5/2026,714.0,770.0,714.0,770.0,7.84,3690.0,1305.0,270.1
BJHL,4/6/2026,770.0,847.0,770.0,847.0,10.0,4620.0,1305.0,270.1
BJHL,4/7/2026,863.9,931.7,863.9,931.7,7.85,7560.0,1305.0,270.1
BJHL,4/8/2026,950.3,1024.8,852.9,985.0,3.65,111652.0,1305.0,270.1
BJHL,4/9/2026,990.0,1083.5,950.0,1083.5,9.44,29023.0,1305.0,270.1
BJHL,4/10/2026,1105.1,1191.8,1105.0,1191.8,7.85,19720.0,1305.0,270.1
BJHL,4/13/2026,1168.0,1305.0,1097.6,1240.0,6.16,85733.0,1305.0,270.1
BJHL,4/15/2026,1255.0,1305.0,1191.0,1286.0,2.47,50568.0,1305.0,270.1
BJHL,4/16/2026,1286.0,1300.0,1167.0,1191.0,-7.39,55251.0,1305.0,270.1
BJHL,4/17/2026,1191.0,1205.0,1105.5,1180.0,-0.92,56116.0,1305.0,270.1
BJHL,4/20/2026,1180.0,1280.0,1099.0,1225.0,3.81,43095.0,1305.0,270.1
BJHL,4/21/2026,1226.0,1280.0,1191.0,1211.0,-1.22,42812.0,1305.0,270.1
BJHL,4/22/2026,1207.0,1211.0,1135.0,1164.0,-3.56,27539.0,1305.0,270.1
BJHL,4/23/2026,1166.0,1200.0,1130.0,1131.1,-2.99,25617.0,1305.0,270.1
BJHL,4/24/2026,1100.0,1163.0,1074.6,1142.0,3.82,20195.0,1305.0,270.1
BJHL,4/27/2026,1142.0,1170.0,1091.0,1108.0,-2.98,19755.0,1305.0,270.1
BJHL,4/28/2026,1108.0,1108.0,1008.8,1012.1,-8.66,35959.0,1305.0,270.1
BJHL,4/29/2026,1012.1,1090.0,953.1,1035.0,2.26,39440.0,1305.0,270.1
BJHL,4/30/2026,1049.0,1049.0,990.0,1035.0,-1.33,10144.0,1305.0,270.1
BJHL,5/4/2026,1035.0,1064.9,950.0,960.0,-7.25,11405.0,1305.0,270.1
BJHL,5/5/2026,912.0,1020.0,912.0,967.4,6.07,16784.0,1305.0,270.1
BJHL,5/6/2026,919.1,997.0,919.1,962.1,4.68,8250.0,1305.0,270.1
BJHL,5/7/2026,975.0,990.0,955.0,978.0,0.31,10486.0,1305.0,270.1
BJHL,5/8/2026,978.0,1022.0,963.0,1010.0,3.27,18876.0,1305.0,270.1
BJHL,5/11/2026,1000.0,1040.0,1000.0,1015.0,1.5,14926.0,1305.0,270.1
BJHL,5/12/2026,1013.0,1025.0,969.0,975.0,-3.75,16202.0,1305.0,270.1
BJHL,5/13/2026,999.0,1000.0,940.0,960.0,-3.9,13449.0,1305.0,270.1
BJHL,5/14/2026,980.0,980.0,918.0,918.3,-6.3,12654.0,1305.0,270.1
BJHL,5/15/2026,918.0,950.0,906.0,930.0,1.31,14356.0,1305.0,270.1
BJHL,5/18/2026,930.0,939.9,910.2,936.0,0.65,5046.0,1305.0,270.1
BJHL,5/19/2026,917.0,940.0,917.0,926.0,0.98,10349.0,1305.0,270.1
BJHL,5/20/2026,910.0,943.9,910.0,940.0,3.3,9503.0,1305.0,270.1
BJHL,5/21/2026,955.0,956.0,921.2,925.0,-3.14,6597.0,1305.0,270.1
BJHL,5/22/2026,925.0,974.9,912.5,953.0,3.03,24258.0,1305.0,270.1
BJHL,5/25/2026,952.0,1000.0,945.0,980.0,2.94,16247.0,1305.0,270.1
BJHL,5/26/2026,961.0,1005.0,961.0,971.0,1.04,8638.0,1305.0,270.1
BJHL,5/27/2026,971.0,984.0,932.1,936.0,-3.6,13194.0,1305.0,270.1
BJHL,6/1/2026,936.0,946.9,900.0,911.0,-2.67,13674.0,1305.0,270.1
BJHL,6/2/2026,911.0,930.0,900.0,900.1,-1.2,9476.0,1305.0,270.1
BJHL,6/3/2026,860.0,928.0,860.0,906.1,5.36,11067.0,1305.0,270.1
BJHL,6/4/2026,907.0,920.0,890.7,891.1,-1.75,6799.0,1305.0,270.1
BJHL,6/5/2026,900.0,900.0,860.0,867.9,-3.57,8293.0,1305.0,270.1
BJHL,6/8/2026,835.0,892.0,829.0,838.0,0.36,14599.0,1305.0,270.1
BJHL,6/9/2026,830.0,845.0,812.1,838.0,0.96,8945.0,1305.0,270.1
BJHL,6/10/2026,844.0,875.0,818.1,870.0,3.08,10926.0,1305.0,270.1
BJHL,6/11/2026,885.8,890.0,836.3,855.0,-3.48,4490.0,1305.0,270.1
BJHL,6/12/2026,855.0,859.9,837.0,838.0,-1.99,5544.0,1305.0,270.1
BJHL,6/15/2026,837.0,855.0,816.3,825.0,-1.43,5661.0,1305.0,270.1
BJHL,6/16/2026,805.1,820.0,805.1,812.0,0.86,4775.0,1305.0,270.1
BJHL,6/17/2026,772.0,854.0,772.0,809.0,4.79,5603.0,1305.0,270.1
BJHL,6/18/2026,809.0,872.4,803.0,860.0,6.3,25262.0,1305.0,270.1
BJHL,6/19/2026,869.0,894.0,844.2,887.0,2.07,21008.0,1305.0,270.1
BJHL,6/22/2026,893.0,893.0,838.0,860.0,-3.7,8671.0,1305.0,270.1
BJHL,6/23/2026,835.5,844.8,821.2,822.2,-1.59,5888.0,1305.0,270.1
BJHL,6/24/2026,800.0,943.0,781.0,943.0,17.88,8327.0,1305.0,270.1
BJHL,6/26/2026,839.0,862.0,814.6,825.0,-1.67,3860.0,1305.0,270.1
BJHL,6/29/2026,800.0,825.9,800.0,818.0,2.25,5123.0,1305.0,270.1
BJHL,6/30/2026,777.1,824.0,777.1,790.2,1.69,5826.0,1305.0,270.1
BJHL,7/1/2026,795.0,900.0,775.0,900.0,13.21,7876.0,1305.0,270.1
BJHL,7/2/2026,855.0,935.0,765.0,815.1,-4.67,8238.0,1305.0,270.1
BJHL,7/3/2026,775.0,840.0,775.0,832.0,7.35,7754.0,1305.0,270.1
BJHL,7/6/2026,810.0,828.0,796.0,805.0,-0.62,5654.0,1305.0,270.1
BJHL,7/7/2026,791.0,805.0,790.1,800.0,1.14,5412.0,1305.0,270.1
BJHL,7/8/2026,780.0,795.0,766.1,766.1,-1.78,6462.0,1305.0,270.1
BJHL,7/9/2026,784.0,784.0,720.8,740.0,-5.61,6061.0,1305.0,270.1
BJHL,7/10/2026,740.0,746.0,688.8,699.8,-5.43,5344.0,1305.0,270.1
BJHL,7/13/2026,705.0,705.0,653.0,657.0,-6.81,8913.0,1305.0,270.1
BJHL,7/14/2026,650.0,688.0,608.2,679.9,4.6,10135.0,1305.0,270.1
BJHL,7/15/2026,679.0,715.0,663.0,712.0,4.86,8116.0,1305.0,270.1
BJHL,7/16/2026,702.0,721.0,680.0,681.0,-2.99,3138.0,1305.0,270.1
BJHL,7/17/2026,700.0,783.0,690.0,754.0,7.71,9376.0,1305.0,270.1
BJHL,7/20/2026,762.9,808.0,742.2,808.0,5.91,7678.0,1305.0,270.1
BJHL,7/21/2026,808.0,824.0,767.0,771.0,-4.58,13838.0,1305.0,270.1
BJHL,7/22/2026,794.0,794.0,750.6,756.1,-4.77,8067.0,1305.0,270.1
BJHL,7/23/2026,719.0,792.0,719.0,790.0,9.87,33953.0,1305.0,270.1
BJHL,7/24/2026,780.5,810.0,770.0,793.0,1.6,28911.0,1305.0,270.1
BJHL,7/27/2026,770.4,793.0,718.0,746.0,-3.17,20654.0,1305.0,270.1
BJHL,7/28/2026,725.0,765.8,725.0,745.0,2.76,7654.0,1305.0,270.1
BJHL,7/29/2026,746.0,793.0,710.0,724.5,-2.88,12310.0,1305.0,270.1
BJHL,7/30/2026,688.3,730.0,688.3,716.0,4.02,9417.0,1305.0,270.1
BJHL,7/31/2026,700.0,731.3,700.0,731.3,4.47,4577.0,1305.0,270.1
BJHL,8/3/2026,731.0,748.0,695.0,719.0,-1.64,10916.0,1305.0,270.1
BJHL,8/4/2026,699.0,730.0,690.0,705.0,0.86,6625.0,1305.0,270.1
BJHL,8/5/2026,670.0,726.5,670.0,700.0,4.48,11305.0,1305.0,270.1
BJHL,8/6/2026,670.0,710.8,670.0,704.0,5.07,6902.0,1305.0,270.1
BJHL,8/7/2026,700.0,700.0,683.4,694.0,-0.86,4666.0,1305.0,270.1
BJHL,8/10/2026,694.0,694.0,660.0,670.0,-3.46,8460.0,1305.0,270.1
BJHL,8/11/2026,637.0,695.0,637.0,681.0,6.91,8696.0,1305.0,270.1
BJHL,8/12/2026,681.0,692.0,677.1,684.0,0.44,7016.0,1305.0,270.1
BJHL,8/13/2026,683.0,689.0,675.0,687.0,0.59,8562.0,1305.0,270.1
BJHL,8/14/2026,687.0,707.0,680.0,696.0,1.31,10979.0,1305.0,270.1
BJHL,8/17/2026,696.0,737.0,690.2,737.0,5.89,23307.0,1305.0,270.1
BJHL,8/18/2026,735.0,746.0,714.0,714.0,-2.86,19120.0,1305.0,270.1
BJHL,8/19/2026,697.1,729.7,695.0,720.0,3.29,12715.0,1305.0,270.1
BJHL,8/20/2026,710.0,724.0,695.0,724.0,1.97,17571.0,1305.0,270.1
BJHL,8/21/2026,709.5,734.3,705.4,720.0,1.48,22624.0,1305.0,270.1
BJHL,8/24/2026,715.0,735.0,707.0,720.0,0.7,14892.0,1305.0,270.1
BJHL,8/25/2026,685.0,757.0,685.0,710.0,3.65,8804.0,1305.0,270.1
BJHL,8/26/2026,730.0,730.0,670.1,686.5,-5.96,6088.0,1305.0,270.1
BJHL,8/27/2026,666.0,685.0,631.0,665.0,-0.15,8596.0,1305.0,270.1
BJHL,8/31/2026,645.1,660.0,626.0,639.0,-0.95,6320.0,1305.0,270.1
BJHL,9/1/2026,639.0,660.0,627.5,649.9,1.71,7603.0,1305.0,270.1
BJHL,9/2/2026,655.0,665.0,632.3,642.0,-1.98,3213.0,1305.0,270.1
BJHL,9/3/2026,650.0,650.0,632.0,647.9,-0.32,6403.0,1305.0,270.1
BJHL,9/7/2026,630.1,659.0,630.1,653.0,3.63,10049.0,1305.0,270.1
BJHL,9/9/2026,640.0,666.0,637.3,657.9,2.8,18521.0,1305.0,270.1
BJHL,9/10/2026,645.1,657.0,641.2,648.0,0.45,5979.0,1305.0,270.1
BJHL,9/11/2026,635.1,664.0,631.7,657.0,3.45,18585.0,1305.0,270.1
BJHL,9/14/2026,637.3,674.0,637.3,650.0,1.99,16205.0,1305.0,270.1
BJHL,9/15/2026,682.0,685.0,660.0,664.9,-2.51,11748.0,1305.0,270.1
BJHL,9/16/2026,645.2,663.0,645.2,647.8,0.4,6468.0,1305.0,270.1
BJHL,9/17/2026,651.0,666.4,646.4,649.4,-0.25,5383.0,1305.0,270.1
BJHL,9/18/2026,649.0,668.0,649.0,658.9,1.53,21621.0,1305.0,270.1
BJHL,9/22/2026,660.0,668.0,645.5,650.0,-1.52,12081.0,1305.0,270.1
BJHL,9/23/2026,650.0,653.0,634.1,634.1,-2.45,8683.0,1305.0,270.1
BJHL,9/24/2026,602.4,644.0,602.4,643.0,6.74,4646.0,1305.0,270.1
BJHL,9/28/2026,638.2,645.0,620.3,624.0,-2.23,5136.0,1305.0,270.1
BJHL,9/29/2026,612.2,625.9,610.0,0.0,-100.0,2725.0,1305.0,270.1
BJHL,9/30/2026,610.0,611.0,580.0,599.0,-1.8,8053.0,1305.0,270.1
BJHL,10/1/2026,582.0,597.0,582.0,585.0,0.52,5746.0,1305.0,270.1
BJHL,10/2/2026,582.0,595.0,574.0,575.0,-1.2,7237.0,1305.0,270.1
BNHC,12/21/2025,436.1,440.0,436.1,438.1,,3773.0,613.8,247.5
BNHC,12/22/2025,436.0,437.8,433.0,436.0,-0.48,4717.0,613.8,247.5
BNHC,12/23/2025,430.5,436.9,430.5,435.8,-0.05,5685.0,613.8,247.5
BNHC,12/24/2025,430.3,438.0,430.3,436.8,0.23,2812.0,613.8,247.5
BNHC,12/28/2025,437.1,442.8,437.1,442.4,1.28,6339.0,613.8,247.5
BNHC,12/29/2025,450.0,450.0,440.0,440.0,-0.54,11787.0,613.8,247.5
BNHC,12/31/2025,445.0,448.6,441.0,441.0,0.23,3930.0,613.8,247.5
BNHC,1/1/2026,439.0,447.5,437.1,439.0,-0.45,5058.0,613.8,247.5
BNHC,1/4/2026,433.1,446.0,433.1,443.0,0.91,5046.0,613.8,247.5
BNHC,1/5/2026,442.1,470.0,442.1,465.0,4.97,26135.0,613.8,247.5
BNHC,1/6/2026,467.0,473.0,458.3,462.0,-0.65,15599.0,613.8,247.5
BNHC,1/7/2026,460.0,464.0,450.0,455.0,-1.52,13090.0,613.8,247.5
BNHC,1/8/2026,450.0,454.0,447.6,450.0,-1.1,10527.0,613.8,247.5
BNHC,1/12/2026,455.0,456.9,445.3,447.0,-0.67,5778.0,613.8,247.5
BNHC,1/13/2026,440.0,452.0,440.0,450.8,0.85,7412.0,613.8,247.5
BNHC,1/14/2026,450.0,460.0,448.0,454.8,0.89,9788.0,613.8,247.5
BNHC,1/18/2026,455.0,462.0,455.0,460.2,1.19,15983.0,613.8,247.5
BNHC,1/20/2026,462.0,479.5,461.1,473.0,2.78,21332.0,613.8,247.5
BNHC,1/21/2026,476.3,494.0,475.2,482.7,2.05,41365.0,613.8,247.5
BNHC,1/22/2026,489.0,506.1,483.0,506.1,4.85,49458.0,613.8,247.5
BNHC,1/25/2026,514.0,525.0,507.3,524.8,3.69,70069.0,613.8,247.5
BNHC,1/26/2026,524.0,528.0,515.1,528.0,0.61,64914.0,613.8,247.5
BNHC,1/27/2026,520.1,542.0,520.0,541.0,2.46,79174.0,613.8,247.5
BNHC,1/28/2026,549.0,594.7,535.0,589.9,9.04,186260.0,613.8,247.5
BNHC,1/29/2026,580.0,595.0,556.0,571.0,-3.2,72419.0,613.8,247.5
BNHC,2/1/2026,559.6,572.0,550.5,564.0,-1.23,73784.0,613.8,247.5
BNHC,2/2/2026,555.1,559.9,538.0,551.0,-2.3,43550.0,613.8,247.5
BNHC,2/3/2026,552.0,579.0,541.1,563.0,2.18,62141.0,613.8,247.5
BNHC,2/4/2026,565.0,575.0,559.2,562.0,-0.18,51564.0,613.8,247.5
BNHC,2/5/2026,573.2,599.6,558.0,558.0,-0.71,323512.0,613.8,247.5
BNHC,2/8/2026,569.1,613.8,548.0,548.0,-1.79,122677.0,613.8,247.5
BNHC,2/9/2026,552.0,556.0,524.0,528.0,-3.65,112250.0,613.8,247.5
BNHC,2/10/2026,530.0,540.0,520.0,533.6,1.06,39720.0,613.8,247.5
BNHC,2/11/2026,543.8,544.2,530.2,536.0,0.45,33570.0,613.8,247.5
BNHC,2/12/2026,546.0,547.0,526.0,526.2,-1.83,183891.0,613.8,247.5
BNHC,2/16/2026,313.1,344.4,313.1,344.4,-34.55,13585.0,613.8,247.5
BNHC,2/17/2026,351.2,378.8,351.2,373.3,8.39,388463.0,613.8,247.5
BNHC,2/22/2026,380.7,380.7,340.0,340.0,-8.92,46594.0,613.8,247.5
BNHC,2/23/2026,340.0,350.0,335.0,339.9,-0.03,18697.0,613.8,247.5
BNHC,2/24/2026,334.0,346.0,316.1,339.0,-0.26,36931.0,613.8,247.5
BNHC,2/25/2026,340.0,345.0,334.0,334.1,-1.45,17451.0,613.8,247.5
BNHC,2/26/2026,340.7,340.7,330.0,332.6,-0.45,19023.0,613.8,247.5
BNHC,2/27/2026,340.7,340.7,330.0,332.6,0.0,19023.0,613.8,247.5
BNHC,2/28/2026,340.7,340.7,330.0,332.6,0.0,19023.0,613.8,247.5
BNHC,3/2/2026,339.2,340.0,326.0,336.6,1.2,13974.0,613.8,247.5
BNHC,3/3/2026,343.3,351.5,332.0,350.0,3.98,30119.0,613.8,247.5
BNHC,3/4/2026,343.3,351.5,332.0,350.0,0.0,30119.0,613.8,247.5
BNHC,3/5/2026,343.3,351.5,332.0,350.0,0.0,30119.0,613.8,247.5
BNHC,3/6/2026,343.3,351.5,332.0,350.0,0.0,30119.0,613.8,247.5
BNHC,3/7/2026,343.3,351.5,332.0,350.0,0.0,30119.0,613.8,247.5
BNHC,3/8/2026,343.3,351.5,332.0,350.0,0.0,30119.0,613.8,247.5
BNHC,3/9/2026,357.0,364.1,357.0,364.1,4.03,100.0,613.8,247.5
BNHC,3/10/2026,371.0,381.0,357.0,380.0,4.37,104979.0,613.8,247.5
BNHC,3/11/2026,387.0,387.0,365.1,368.0,-3.16,35922.0,613.8,247.5
BNHC,3/12/2026,374.0,375.0,368.0,370.0,0.54,37568.0,613.8,247.5
BNHC,3/13/2026,374.0,375.0,368.0,370.0,0.0,37568.0,613.8,247.5
BNHC,3/14/2026,374.0,375.0,368.0,370.0,0.0,37568.0,613.8,247.5
BNHC,3/15/2026,375.0,377.0,367.6,369.0,-0.27,33920.0,613.8,247.5
BNHC,3/16/2026,374.0,375.0,365.6,370.0,0.27,27406.0,613.8,247.5
BNHC,3/17/2026,370.0,374.0,365.0,370.8,0.22,20669.0,613.8,247.5
BNHC,3/18/2026,370.0,374.0,365.0,370.8,0.0,20669.0,613.8,247.5
BNHC,3/19/2026,376.0,379.0,372.0,377.0,1.67,46917.0,613.8,247.5
BNHC,3/20/2026,376.0,379.0,372.0,377.0,0.0,46917.0,613.8,247.5
BNHC,3/21/2026,376.0,379.0,372.0,377.0,0.0,46917.0,613.8,247.5
BNHC,3/22/2026,384.5,384.5,372.0,372.2,-1.27,54080.0,613.8,247.5
BNHC,3/23/2026,372.2,377.4,366.0,375.0,0.75,31266.0,613.8,247.5
BNHC,3/24/2026,380.0,380.0,372.1,374.9,-0.03,28306.0,613.8,247.5
BNHC,3/25/2026,367.7,382.0,367.7,373.0,-0.51,18927.0,613.8,247.5
BNHC,3/26/2026,380.4,380.4,372.0,379.0,-0.37,29079.0,613.8,247.5
BNHC,3/29/2026,379.0,384.9,368.6,368.6,-2.74,26091.0,613.8,247.5
BNHC,3/30/2026,370.0,371.0,357.0,357.0,-3.51,14949.0,613.8,247.5
BNHC,3/31/2026,350.0,369.2,349.0,365.0,4.29,23771.0,613.8,247.5
BNHC,4/1/2026,363.0,363.0,345.0,350.0,-3.58,15310.0,613.8,247.5
BNHC,4/2/2026,343.0,353.0,336.2,345.0,0.58,16340.0,613.8,247.5
BNHC,4/5/2026,345.0,355.0,325.1,337.0,-2.32,57807.0,613.8,247.5
BNHC,4/6/2026,343.0,358.4,335.0,351.0,2.33,19908.0,613.8,247.5
BNHC,4/7/2026,351.0,355.0,345.0,348.5,-0.71,8172.0,613.8,247.5
BNHC,4/8/2026,355.0,355.0,345.0,350.0,-1.41,9348.0,613.8,247.5
BNHC,4/9/2026,355.0,355.0,348.1,351.5,-0.99,13650.0,613.8,247.5
BNHC,4/10/2026,353.0,353.0,348.5,350.0,-0.85,9044.0,613.8,247.5
BNHC,4/13/2026,350.0,357.0,350.0,353.0,0.86,16199.0,613.8,247.5
BNHC,4/15/2026,353.0,355.0,351.1,354.0,0.28,18890.0,613.8,247.5
BNHC,4/16/2026,351.3,352.0,345.0,346.0,-1.51,9915.0,613.8,247.5
BNHC,4/17/2026,352.9,352.9,339.5,345.0,-2.24,3501.0,613.8,247.5
BNHC,4/20/2026,345.0,355.2,337.0,340.0,-1.45,11859.0,613.8,247.5
BNHC,4/21/2026,340.0,350.0,334.1,340.0,0.0,5194.0,613.8,247.5
BNHC,4/22/2026,340.0,340.0,330.1,338.0,-0.59,12641.0,613.8,247.5
BNHC,4/23/2026,345.9,345.9,332.1,338.0,-2.28,2983.0,613.8,247.5
BNHC,4/24/2026,335.0,335.0,325.0,329.0,-1.79,32814.0,613.8,247.5
BNHC,4/27/2026,329.0,338.8,326.0,326.0,-0.91,5446.0,613.8,247.5
BNHC,4/28/2026,326.0,334.0,327.0,332.0,1.84,8804.0,613.8,247.5
BNHC,4/29/2026,332.0,336.5,323.0,325.0,-2.11,3420.0,613.8,247.5
BNHC,4/30/2026,317.0,327.6,317.0,327.5,3.31,8218.0,613.8,247.5
BNHC,5/4/2026,327.5,327.5,317.0,325.0,-0.76,9491.0,613.8,247.5
BNHC,5/5/2026,316.0,325.0,316.0,318.0,0.63,8677.0,613.8,247.5
BNHC,5/6/2026,317.0,318.0,313.0,314.5,-0.79,7585.0,613.8,247.5
BNHC,5/7/2026,315.0,320.0,315.0,317.0,0.63,1440.0,613.8,247.5
BNHC,5/8/2026,315.4,326.0,315.4,322.0,2.09,2883.0,613.8,247.5
BNHC,5/11/2026,329.9,335.5,322.1,335.5,1.7,11596.0,613.8,247.5
BNHC,5/12/2026,338.0,338.0,326.2,326.5,-3.4,8500.0,613.8,247.5
BNHC,5/13/2026,317.0,327.5,317.0,325.0,2.52,1260.0,613.8,247.5
BNHC,5/14/2026,320.0,328.0,320.0,323.0,0.94,2387.0,613.8,247.5
BNHC,5/15/2026,329.9,332.6,323.1,325.1,-1.45,4178.0,613.8,247.5
BNHC,5/18/2026,321.8,326.0,321.8,322.0,0.06,2038.0,613.8,247.5
BNHC,5/19/2026,322.0,330.5,317.1,325.1,0.96,5114.0,613.8,247.5
BNHC,5/20/2026,331.0,332.0,325.0,332.0,0.3,3506.0,613.8,247.5
BNHC,5/21/2026,331.0,334.9,328.1,328.4,-0.79,2605.0,613.8,247.5
BNHC,5/22/2026,325.0,333.4,325.0,333.1,2.49,5585.0,613.8,247.5
BNHC,5/25/2026,333.1,343.0,332.0,338.9,1.74,9993.0,613.8,247.5
BNHC,5/26/2026,342.0,342.0,332.1,338.0,-1.17,2178.0,613.8,247.5
BNHC,5/27/2026,343.4,345.0,336.0,338.2,-1.51,5946.0,613.8,247.5
BNHC,6/1/2026,335.0,340.0,330.0,330.1,-1.46,1831.0,613.8,247.5
BNHC,6/2/2026,326.0,339.9,325.2,335.0,2.76,3400.0,613.8,247.5
BNHC,6/3/2026,328.6,338.5,327.0,332.0,1.03,4070.0,613.8,247.5
BNHC,6/4/2026,339.6,339.6,330.0,333.0,-1.94,5000.0,613.8,247.5
BNHC,6/5/2026,328.2,333.8,328.2,333.8,1.71,2594.0,613.8,247.5
BNHC,6/8/2026,336.0,336.0,325.0,325.3,-3.18,5475.0,613.8,247.5
BNHC,6/9/2026,326.0,328.0,316.7,324.0,-0.61,5604.0,613.8,247.5
BNHC,6/10/2026,332.9,332.9,323.0,330.0,-0.87,7736.0,613.8,247.5
BNHC,6/11/2026,334.1,334.1,325.0,327.0,-2.13,2151.0,613.8,247.5
BNHC,6/12/2026,325.0,330.0,325.0,326.0,0.31,2780.0,613.8,247.5
BNHC,6/15/2026,325.0,329.4,322.0,326.0,0.31,4325.0,613.8,247.5
BNHC,6/16/2026,321.1,328.0,320.1,325.0,1.21,1618.0,613.8,247.5
BNHC,6/17/2026,324.0,330.0,322.5,322.8,-0.37,28916.0,613.8,247.5
BNHC,6/18/2026,320.1,328.9,320.1,325.0,1.53,5071.0,613.8,247.5
BNHC,6/19/2026,321.4,327.0,321.4,325.7,1.34,437.0,613.8,247.5
BNHC,6/22/2026,322.1,326.9,320.1,326.9,1.49,2153.0,613.8,247.5
BNHC,6/23/2026,332.0,332.0,320.0,323.7,-2.5,4536.0,613.8,247.5
BNHC,6/24/2026,327.0,327.0,315.0,317.5,-2.91,2621.0,613.8,247.5
BNHC,6/26/2026,320.0,324.8,315.0,315.1,-1.53,3805.0,613.8,247.5
BNHC,6/29/2026,315.1,315.4,313.0,313.0,-0.67,3074.0,613.8,247.5
BNHC,6/30/2026,306.1,314.0,306.1,312.0,1.93,2983.0,613.8,247.5
BNHC,7/1/2026,312.0,315.9,309.5,314.5,0.8,4489.0,613.8,247.5
BNHC,7/2/2026,314.9,314.9,308.0,314.7,-0.06,6063.0,613.8,247.5
BNHC,7/3/2026,308.0,314.0,306.2,311.0,0.97,9307.0,613.8,247.5
BNHC,7/6/2026,305.0,310.0,305.0,306.2,0.39,1635.0,613.8,247.5
BNHC,7/7/2026,309.8,310.0,305.0,307.0,-0.9,2928.0,613.8,247.5
BNHC,7/8/2026,307.0,307.0,303.5,304.0,-0.98,6162.0,613.8,247.5
BNHC,7/9/2026,304.1,304.1,299.3,300.1,-1.32,5676.0,613.8,247.5
BNHC,7/10/2026,300.1,302.0,297.0,297.2,-0.97,4076.0,613.8,247.5
BNHC,7/13/2026,282.4,298.0,273.0,275.0,-2.62,83916.0,613.8,247.5
BNHC,7/14/2026,261.3,281.0,261.3,277.0,6.01,84847.0,613.8,247.5
BNHC,7/15/2026,271.3,284.0,270.0,284.0,4.68,31776.0,613.8,247.5
BNHC,7/16/2026,293.4,295.0,273.0,278.0,-5.25,33568.0,613.8,247.5
BNHC,7/17/2026,286.0,290.0,280.0,289.9,1.36,26202.0,613.8,247.5
BNHC,7/20/2026,284.0,299.9,281.4,298.0,4.93,48388.0,613.8,247.5
BNHC,7/21/2026,299.0,301.9,291.1,294.0,-1.67,61070.0,613.8,247.5
BNHC,7/22/2026,290.4,296.9,290.4,296.9,2.24,26437.0,613.8,247.5
BNHC,7/23/2026,296.9,296.9,288.7,295.0,-0.64,39381.0,613.8,247.5
BNHC,7/24/2026,297.0,298.8,292.2,297.0,0.0,25926.0,613.8,247.5
BNHC,7/27/2026,305.9,305.9,286.5,289.9,-5.23,20853.0,613.8,247.5
BNHC,7/28/2026,286.7,291.0,284.1,287.0,0.1,16311.0,613.8,247.5
BNHC,7/29/2026,278.4,289.9,278.4,285.8,2.66,15053.0,613.8,247.5
BNHC,7/30/2026,280.3,287.0,280.0,283.7,1.21,10658.0,613.8,247.5
BNHC,7/31/2026,283.0,283.9,279.0,282.0,-0.35,13889.0,613.8,247.5
BNHC,8/3/2026,282.0,284.9,279.3,281.0,-0.35,13287.0,613.8,247.5
BNHC,8/4/2026,275.0,281.0,275.0,278.0,1.09,30086.0,613.8,247.5
BNHC,8/5/2026,278.0,291.0,277.2,291.0,4.68,41465.0,613.8,247.5
BNHC,8/6/2026,291.0,301.0,290.0,291.0,0.0,85327.0,613.8,247.5
BNHC,8/7/2026,297.6,297.6,285.5,286.2,-3.83,28624.0,613.8,247.5
BNHC,8/10/2026,287.0,290.0,281.0,282.0,-1.74,9682.0,613.8,247.5
BNHC,8/11/2026,267.9,289.9,267.9,284.5,6.2,16371.0,613.8,247.5
BNHC,8/12/2026,290.0,290.0,280.1,281.6,-2.9,12650.0,613.8,247.5
BNHC,8/13/2026,267.6,287.0,267.6,286.0,6.88,14315.0,613.8,247.5
BNHC,8/14/2026,300.3,300.3,280.0,282.9,-5.79,13759.0,613.8,247.5
BNHC,8/17/2026,283.0,285.0,280.5,282.3,-0.25,10333.0,613.8,247.5
BNHC,8/18/2026,282.3,283.0,277.0,280.0,-0.81,23950.0,613.8,247.5
BNHC,8/19/2026,266.0,285.0,266.0,280.0,5.26,5917.0,613.8,247.5
BNHC,8/20/2026,280.0,280.0,275.0,279.8,-0.07,11074.0,613.8,247.5
BNHC,8/21/2026,279.8,280.0,276.5,278.6,-0.43,13953.0,613.8,247.5
BNHC,8/24/2026,275.0,283.0,272.0,276.7,0.62,11719.0,613.8,247.5
BNHC,8/25/2026,276.7,276.7,270.3,272.0,-1.7,7888.0,613.8,247.5
BNHC,8/26/2026,270.0,270.0,261.0,266.2,-1.41,29940.0,613.8,247.5
BNHC,8/27/2026,262.0,267.9,259.0,263.6,0.61,16010.0,613.8,247.5
BNHC,8/31/2026,255.0,263.0,251.0,252.0,-1.18,20722.0,613.8,247.5
BNHC,9/1/2026,254.0,261.5,247.5,254.9,0.35,12582.0,613.8,247.5
BNHC,9/2/2026,255.0,259.8,252.0,258.0,1.18,11372.0,613.8,247.5
BNHC,9/3/2026,261.9,261.9,256.0,259.5,-0.92,10821.0,613.8,247.5
BNHC,9/7/2026,258.0,264.9,258.0,263.8,2.25,10214.0,613.8,247.5
BNHC,9/9/2026,263.0,265.0,257.6,262.9,-0.04,14892.0,613.8,247.5
BNHC,9/10/2026,260.0,262.3,257.8,262.3,0.88,11346.0,613.8,247.5
BNHC,9/11/2026,263.0,272.9,262.0,271.3,3.16,12998.0,613.8,247.5
BNHC,9/14/2026,270.0,282.0,268.0,276.0,2.22,26049.0,613.8,247.5
BNHC,9/15/2026,289.0,291.0,277.0,279.0,-3.46,46494.0,613.8,247.5
BNHC,9/16/2026,276.6,280.9,275.0,276.9,0.11,8421.0,613.8,247.5
BNHC,9/17/2026,276.9,283.0,276.9,279.8,1.05,10847.0,613.8,247.5
BNHC,9/18/2026,275.2,281.4,275.0,281.4,2.25,26781.0,613.8,247.5
BNHC,9/22/2026,277.5,286.9,277.5,283.9,2.31,15374.0,613.8,247.5
BNHC,9/23/2026,269.8,285.0,269.8,276.6,2.52,17385.0,613.8,247.5
BNHC,9/24/2026,278.0,279.7,273.5,278.5,0.18,12359.0,613.8,247.5
BNHC,9/28/2026,278.5,280.1,271.1,275.0,-1.26,22871.0,613.8,247.5
BNHC,9/29/2026,274.0,274.0,270.1,0.0,-100.0,6610.0,613.8,247.5
BNHC,9/30/2026,272.0,274.9,268.1,274.6,0.96,10725.0,613.8,247.5
BNHC,10/1/2026,274.0,278.0,272.2,274.0,0.0,7863.0,613.8,247.5
BNHC,10/2/2026,271.5,278.0,271.0,272.0,0.18,7775.0,613.8,247.5
BNL,12/22/2025,15912.0,16009.0,15594.0,15594.0,,60.0,16921.0,13515.0
BNL,12/24/2025,15904.9,15904.9,15904.9,15904.9,1.99,10.0,16921.0,13515.0
BNL,12/31/2025,16221.9,16221.9,16221.9,16221.9,1.99,10.0,16921.0,13515.0
BNL,1/1/2026,16250.0,16250.0,16250.0,16250.0,0.17,20.0,16921.0,13515.0
BNL,1/5/2026,16000.0,16000.0,16000.0,16000.0,-1.54,10.0,16921.0,13515.0
BNL,1/12/2026,15680.0,15680.0,15680.0,15680.0,-2.0,20.0,16921.0,13515.0
BNL,1/13/2026,15400.0,15400.0,15370.0,15370.0,-1.98,50.0,16921.0,13515.0
BNL,1/18/2026,15670.0,15980.0,15670.0,15980.0,3.97,20.0,16921.0,13515.0
BNL,1/20/2026,15981.0,15981.0,15980.0,15980.0,0.0,51.0,16921.0,13515.0
BNL,1/22/2026,15700.0,15700.0,15661.2,15661.2,-1.99,30.0,16921.0,13515.0
BNL,1/25/2026,15974.4,15974.4,15551.0,15551.0,-0.7,78.0,16921.0,13515.0
BNL,1/26/2026,15862.0,15862.0,15862.0,15862.0,2.0,10.0,16921.0,13515.0
BNL,1/27/2026,15661.0,15661.0,15650.1,15650.1,-1.34,20.0,16921.0,13515.0
BNL,1/28/2026,15601.1,15601.1,15601.0,15601.0,-0.31,30.0,16921.0,13515.0
BNL,1/29/2026,15551.0,15589.0,15289.0,15589.0,-0.08,90.0,16921.0,13515.0
BNL,2/1/2026,15900.7,15900.7,15900.7,15900.7,2.0,10.0,16921.0,13515.0
BNL,2/2/2026,16050.0,16050.0,15729.0,15800.0,-0.63,70.0,16921.0,13515.0
BNL,2/3/2026,15594.0,15600.2,15282.2,15500.0,-1.9,260.0,16921.0,13515.0
BNL,2/4/2026,15599.0,15599.0,15351.0,15351.0,-0.96,38.0,16921.0,13515.0
BNL,2/5/2026,15649.8,15649.8,15044.0,15344.0,-0.05,270.0,16921.0,13515.0
BNL,2/8/2026,15200.5,15400.0,15200.5,15400.0,0.36,30.0,16921.0,13515.0
BNL,2/9/2026,15200.0,15200.0,15092.0,15092.0,-2.0,70.0,16921.0,13515.0
BNL,2/10/2026,15390.0,15393.8,15101.0,15101.0,0.06,50.0,16921.0,13515.0
BNL,2/11/2026,15402.9,15600.0,15200.0,15200.0,0.66,40.0,16921.0,13515.0
BNL,2/12/2026,15010.0,15400.0,14896.0,15300.0,0.66,227.0,16921.0,13515.0
BNL,2/17/2026,15010.0,15550.0,15010.0,15550.0,1.63,20.0,16921.0,13515.0
BNL,2/23/2026,15239.0,15498.0,14635.8,15498.0,-0.33,250.0,16921.0,13515.0
BNL,2/26/2026,15188.1,15200.0,15188.1,15200.0,-1.92,32.0,16921.0,13515.0
BNL,2/27/2026,15188.1,15200.0,15188.1,15200.0,0.0,32.0,16921.0,13515.0
BNL,2/28/2026,15188.1,15200.0,15188.1,15200.0,0.0,32.0,16921.0,13515.0
BNL,3/2/2026,15400.0,15400.0,15200.0,15200.0,0.0,30.0,16921.0,13515.0
BNL,3/3/2026,15200.0,15350.0,15200.0,15350.0,0.99,30.0,16921.0,13515.0
BNL,3/4/2026,15200.0,15350.0,15200.0,15350.0,0.0,30.0,16921.0,13515.0
BNL,3/5/2026,15200.0,15350.0,15200.0,15350.0,0.0,30.0,16921.0,13515.0
BNL,3/6/2026,15200.0,15350.0,15200.0,15350.0,0.0,30.0,16921.0,13515.0
BNL,3/7/2026,15200.0,15350.0,15200.0,15350.0,0.0,30.0,16921.0,13515.0
BNL,3/8/2026,15200.0,15350.0,15200.0,15350.0,0.0,30.0,16921.0,13515.0
BNL,3/9/2026,15657.0,15657.0,15657.0,15657.0,2.0,10.0,16921.0,13515.0
BNL,3/10/2026,15700.0,15700.0,15657.0,15657.0,0.0,40.0,16921.0,13515.0
BNL,3/11/2026,15345.0,15345.0,15054.0,15054.0,-3.85,20.0,16921.0,13515.0
BNL,3/12/2026,15001.0,15355.0,15000.0,15355.0,2.0,80.0,16921.0,13515.0
BNL,3/13/2026,15001.0,15355.0,15000.0,15355.0,0.0,80.0,16921.0,13515.0
BNL,3/14/2026,15001.0,15355.0,15000.0,15355.0,0.0,80.0,16921.0,13515.0
BNL,3/15/2026,15355.0,15355.0,15355.0,15355.0,0.0,10.0,16921.0,13515.0
BNL,3/19/2026,15048.0,15348.9,15048.0,15348.9,-0.04,20.0,16921.0,13515.0
BNL,3/20/2026,15048.0,15348.9,15048.0,15348.9,0.0,20.0,16921.0,13515.0
BNL,3/21/2026,15048.0,15348.9,15048.0,15348.9,0.0,20.0,16921.0,13515.0
BNL,3/22/2026,15500.0,15500.0,15500.0,15500.0,0.98,10.0,16921.0,13515.0
BNL,3/23/2026,15300.0,15300.0,15300.0,15300.0,-1.29,10.0,16921.0,13515.0
BNL,3/24/2026,15490.0,15600.0,15490.0,15600.0,1.96,70.0,16921.0,13515.0
BNL,3/25/2026,15600.0,15601.0,15600.0,15600.0,0.0,40.0,16921.0,13515.0
BNL,3/26/2026,15301.0,15606.0,15300.0,15606.0,1.99,30.0,16921.0,13515.0
BNL,3/29/2026,15300.0,15800.0,15300.0,15500.0,1.31,70.0,16921.0,13515.0
BNL,3/30/2026,15300.0,15300.0,15300.0,15300.0,0.0,35.0,16921.0,13515.0
BNL,4/1/2026,15549.0,15549.0,15200.0,15200.0,-2.24,30.0,16921.0,13515.0
BNL,4/2/2026,15300.0,15300.0,15300.0,15300.0,0.0,12.0,16921.0,13515.0
BNL,4/5/2026,15000.0,15000.0,15000.0,15000.0,0.0,40.0,16921.0,13515.0
BNL,4/6/2026,15300.0,15300.0,15100.0,15100.0,-1.31,20.0,16921.0,13515.0
BNL,4/7/2026,14798.2,14798.2,14798.2,14798.2,0.0,10.0,16921.0,13515.0
BNL,4/8/2026,15080.0,15080.0,15080.0,15080.0,0.0,10.0,16921.0,13515.0
BNL,4/9/2026,15082.0,15083.0,15082.0,15083.0,0.01,20.0,16921.0,13515.0
BNL,4/10/2026,15380.0,15380.0,15369.0,15369.0,-0.07,45.0,16921.0,13515.0
BNL,4/13/2026,15620.0,15620.0,15620.0,15620.0,0.0,20.0,16921.0,13515.0
BNL,4/16/2026,15620.0,15620.0,15320.0,15320.0,-1.92,22.0,16921.0,13515.0
BNL,4/17/2026,15320.0,15350.0,15320.0,15350.0,0.2,20.0,16921.0,13515.0
BNL,4/24/2026,15350.0,15198.0,15198.0,15198.0,-0.99,10.0,16921.0,13515.0
BNL,5/7/2026,14800.0,14800.0,14800.0,14800.0,0.0,20.0,16921.0,13515.0
BNL,5/13/2026,14809.0,15198.0,14806.0,15198.0,2.63,50.0,16921.0,13515.0
BNL,5/18/2026,14742.1,14742.1,14742.1,14742.1,0.0,10.0,16921.0,13515.0
BNL,5/19/2026,14400.0,14400.0,14400.0,14400.0,0.0,10.0,16921.0,13515.0
BNL,5/20/2026,14000.0,14000.0,13968.1,13968.1,-0.23,50.0,16921.0,13515.0
BNL,5/21/2026,14387.1,14387.1,14387.1,14387.1,0.0,10.0,16921.0,13515.0
BNL,5/25/2026,14818.7,14819.0,14818.7,14819.0,0.0,20.0,16921.0,13515.0
BNL,5/26/2026,14400.0,14832.0,14400.0,14832.0,3.0,40.0,16921.0,13515.0
BNL,5/27/2026,14551.0,14551.0,14551.0,14551.0,0.0,10.0,16921.0,13515.0
BNL,6/2/2026,14118.2,14118.2,14118.2,14118.2,0.0,10.0,16921.0,13515.0
BNL,6/3/2026,14400.0,14400.0,14400.0,14400.0,0.0,25.0,16921.0,13515.0
BNL,6/11/2026,14832.0,15600.0,14832.0,15600.0,5.18,35.0,16921.0,13515.0
BNL,6/15/2026,15600.0,15600.0,15600.0,15600.0,0.0,10.0,16921.0,13515.0
BNL,6/18/2026,15133.0,15133.0,15133.0,15133.0,0.0,10.0,16921.0,13515.0
BNL,6/19/2026,14679.1,15200.0,14679.1,15200.0,3.55,20.0,16921.0,13515.0
BNL,6/22/2026,15200.0,15200.0,15200.0,15200.0,0.0,30.0,16921.0,13515.0
BNL,6/26/2026,14744.0,14744.0,14744.0,14744.0,0.0,10.0,16921.0,13515.0
BNL,6/30/2026,14301.8,14301.8,14301.8,14301.8,0.0,10.0,16921.0,13515.0
BNL,7/14/2026,13875.0,13875.0,13872.8,13872.8,-0.02,120.0,16921.0,13515.0
BNL,7/16/2026,14100.0,14150.0,14100.0,14150.0,0.35,20.0,16921.0,13515.0
BNL,7/21/2026,14500.0,15200.0,14500.0,15200.0,4.83,60.0,16921.0,13515.0
BNL,7/22/2026,15200.0,15200.0,15200.0,15200.0,0.0,30.0,16921.0,13515.0
BNL,7/24/2026,14744.0,14744.0,14744.0,14744.0,0.0,10.0,16921.0,13515.0
BNL,7/28/2026,14700.0,14700.0,14700.0,14700.0,0.0,10.0,16921.0,13515.0
BNL,8/4/2026,14264.0,14264.0,14264.0,14264.0,0.0,10.0,16921.0,13515.0
BNL,8/6/2026,14500.0,14500.0,14500.0,14500.0,0.0,10.0,16921.0,13515.0
BNL,8/17/2026,14900.0,14900.0,14900.0,14900.0,0.0,10.0,16921.0,13515.0
BNL,8/21/2026,14500.0,14900.0,14500.0,14900.0,2.76,20.0,16921.0,13515.0
BNL,8/26/2026,14600.0,14850.0,14600.0,14850.0,1.71,20.0,16921.0,13515.0
BNL,8/27/2026,14405.0,14405.0,14405.0,14405.0,0.0,10.0,16921.0,13515.0
BNL,9/2/2026,14800.0,14800.0,14800.0,14800.0,0.0,10.0,16921.0,13515.0
BNL,9/7/2026,14360.0,14360.0,14360.0,14360.0,0.0,10.0,16921.0,13515.0
BNL,9/10/2026,13929.3,13929.3,13929.2,13929.2,-0.0,40.0,16921.0,13515.0
BNL,9/15/2026,13516.0,13516.0,13515.0,13515.0,-0.01,40.0,16921.0,13515.0
BNL,9/16/2026,13920.0,14000.0,13920.0,14000.0,0.57,35.0,16921.0,13515.0
BNL,9/17/2026,14420.0,14420.0,14420.0,14420.0,0.0,10.0,16921.0,13515.0
BNL,9/18/2026,14400.0,14831.0,14400.0,14831.0,2.99,20.0,16921.0,13515.0
BNL,9/22/2026,14386.1,14386.1,13536.0,13829.9,-3.87,85.0,16921.0,13515.0
BNL,9/23/2026,14244.7,14244.7,14244.7,14244.7,0.0,10.0,16921.0,13515.0
BNL,9/28/2026,14200.0,14200.0,14100.0,14100.0,-0.7,24.0,16921.0,13515.0
BNL,10/1/2026,14100.0,14100.0,14100.0,14100.0,0.0,6.0,16921.0,13515.0
BNL,10/2/2026,14200.0,14200.0,14200.0,14200.0,0.0,10.0,16921.0,13515.0
BNT,12/21/2025,11750.0,11985.0,11750.0,11856.0,,98.0,12940.0,10660.0
BNT,12/22/2025,11930.0,11930.0,11827.0,11900.0,0.37,94.0,12940.0,10660.0
BNT,12/23/2025,11756.0,12000.0,11756.0,11900.0,0.0,99.0,12940.0,10660.0
BNT,12/24/2025,11850.0,11952.0,11720.0,11952.0,0.44,165.0,12940.0,10660.0
BNT,12/28/2025,11950.0,12050.0,11950.0,12050.0,0.82,60.0,12940.0,10660.0
BNT,12/29/2025,12150.0,12150.0,12100.0,12100.0,0.41,33.0,12940.0,10660.0
BNT,12/31/2025,11858.0,12335.0,11858.0,12335.0,1.94,20.0,12940.0,10660.0
BNT,1/1/2026,12240.0,12240.0,11800.0,11800.0,-4.34,50.0,12940.0,10660.0
BNT,1/4/2026,11800.0,11850.0,11800.0,11801.0,0.01,81.0,12940.0,10660.0
BNT,1/5/2026,12037.0,12037.0,12037.0,12037.0,2.0,20.0,12940.0,10660.0
BNT,1/6/2026,12100.0,12150.0,12100.0,12150.0,0.94,30.0,12940.0,10660.0
BNT,1/7/2026,11910.0,11910.0,11800.0,11800.0,-2.88,217.0,12940.0,10660.0
BNT,1/8/2026,11800.1,11999.9,11780.0,11999.9,1.69,210.0,12940.0,10660.0
BNT,1/12/2026,11801.1,11820.0,11565.1,11565.1,-3.62,74.0,12940.0,10660.0
BNT,1/13/2026,11796.0,12031.9,11792.0,11792.0,1.96,136.0,12940.0,10660.0
BNT,1/14/2026,11792.0,11800.0,11700.0,11700.0,-0.78,30.0,12940.0,10660.0
BNT,1/18/2026,11800.0,12030.0,11800.0,11999.0,2.56,122.0,12940.0,10660.0
BNT,1/20/2026,12100.0,12100.0,11900.0,11900.0,-0.83,123.0,12940.0,10660.0
BNT,1/21/2026,11840.0,12050.0,11840.0,12050.0,1.26,30.0,12940.0,10660.0
BNT,1/22/2026,11832.1,11900.0,11831.0,11900.0,-1.24,59.0,12940.0,10660.0
BNT,1/25/2026,11900.0,12100.0,11851.1,12025.0,1.05,433.0,12940.0,10660.0
BNT,1/26/2026,11921.0,12248.9,11810.0,11810.0,-1.79,70.0,12940.0,10660.0
BNT,1/27/2026,11810.0,12000.0,11800.1,11820.0,0.08,100.0,12940.0,10660.0
BNT,1/28/2026,11880.0,11880.0,11800.0,11800.0,-0.17,100.0,12940.0,10660.0
BNT,1/29/2026,11566.0,11944.0,11566.0,11705.2,-0.8,160.0,12940.0,10660.0
BNT,2/1/2026,11705.0,12000.0,11705.0,11772.0,0.57,283.0,12940.0,10660.0
BNT,2/2/2026,11536.6,12000.0,11536.6,11777.0,0.04,105.0,12940.0,10660.0
BNT,2/3/2026,11925.0,11925.0,11810.0,11810.0,0.28,35.0,12940.0,10660.0
BNT,2/4/2026,11998.9,11998.9,11777.0,11777.0,-0.28,60.0,12940.0,10660.0
BNT,2/5/2026,11950.0,11950.0,11950.0,11950.0,1.47,20.0,12940.0,10660.0
BNT,2/8/2026,12000.0,12000.0,11765.0,11942.9,-0.06,117.0,12940.0,10660.0
BNT,2/9/2026,11900.0,11900.0,11725.0,11725.0,-1.82,84.0,12940.0,10660.0
BNT,2/10/2026,11551.0,11551.0,11550.0,11550.0,-1.49,60.0,12940.0,10660.0
BNT,2/11/2026,11550.0,11679.0,11420.0,11640.0,0.78,411.0,12940.0,10660.0
BNT,2/12/2026,11501.0,11700.0,11316.0,11700.0,0.52,96.0,12940.0,10660.0
BNT,2/16/2026,11620.0,11620.0,11555.0,11560.0,-1.2,60.0,12940.0,10660.0
BNT,2/17/2026,11540.1,11780.0,11540.1,11780.0,1.9,110.0,12940.0,10660.0
BNT,2/22/2026,11800.0,11800.0,11564.0,11564.0,-1.83,50.0,12940.0,10660.0
BNT,2/23/2026,11560.1,11650.0,11520.0,11650.0,0.74,210.0,12940.0,10660.0
BNT,2/24/2026,11650.0,11700.0,11520.1,11700.0,0.43,61.0,12940.0,10660.0
BNT,2/26/2026,11769.0,11780.0,11769.0,11780.0,0.68,20.0,12940.0,10660.0
BNT,2/27/2026,11769.0,11780.0,11769.0,11780.0,0.0,20.0,12940.0,10660.0
BNT,2/28/2026,11769.0,11780.0,11769.0,11780.0,0.0,20.0,12940.0,10660.0
BNT,3/2/2026,11780.0,11840.0,11780.0,11780.0,0.0,40.0,12940.0,10660.0
BNT,3/3/2026,11650.0,11799.9,11600.0,11799.9,0.17,255.0,12940.0,10660.0
BNT,3/4/2026,11650.0,11799.9,11600.0,11799.9,0.0,255.0,12940.0,10660.0
BNT,3/5/2026,11650.0,11799.9,11600.0,11799.9,0.0,255.0,12940.0,10660.0
BNT,3/6/2026,11650.0,11799.9,11600.0,11799.9,0.0,255.0,12940.0,10660.0
BNT,3/7/2026,11650.0,11799.9,11600.0,11799.9,0.0,255.0,12940.0,10660.0
BNT,3/8/2026,11650.0,11799.9,11600.0,11799.9,0.0,255.0,12940.0,10660.0
BNT,3/9/2026,12035.8,12276.5,12035.8,12276.5,4.04,20.0,12940.0,10660.0
BNT,3/10/2026,12522.0,12522.0,11900.0,11900.0,-3.07,268.0,12940.0,10660.0
BNT,3/11/2026,11900.0,11900.0,11780.0,11780.0,-1.01,55.0,12940.0,10660.0
BNT,3/12/2026,11995.0,11995.0,11899.9,11899.9,1.02,30.0,12940.0,10660.0
BNT,3/13/2026,11995.0,11995.0,11899.9,11899.9,0.0,30.0,12940.0,10660.0
BNT,3/14/2026,11995.0,11995.0,11899.9,11899.9,0.0,30.0,12940.0,10660.0
BNT,3/15/2026,11992.0,11992.0,11900.0,11900.0,0.0,40.0,12940.0,10660.0
BNT,3/16/2026,11990.0,11990.0,11800.0,11800.0,-0.84,80.0,12940.0,10660.0
BNT,3/17/2026,11999.0,12036.0,11999.0,12036.0,2.0,141.0,12940.0,10660.0
BNT,3/18/2026,11999.0,12036.0,11999.0,12036.0,0.0,141.0,12940.0,10660.0
BNT,3/19/2026,12000.0,12011.0,11950.0,12000.0,-0.3,197.0,12940.0,10660.0
BNT,3/20/2026,12000.0,12011.0,11950.0,12000.0,0.0,197.0,12940.0,10660.0
BNT,3/21/2026,12000.0,12011.0,11950.0,12000.0,0.0,197.0,12940.0,10660.0
BNT,3/22/2026,11900.0,12000.0,11900.0,12000.0,0.0,141.0,12940.0,10660.0
BNT,3/23/2026,12000.0,12150.0,11805.1,12150.0,1.25,137.0,12940.0,10660.0
BNT,3/24/2026,11920.1,12100.0,11920.1,12100.0,-0.41,100.0,12940.0,10660.0
BNT,3/25/2026,12100.0,12100.0,11930.0,12099.0,-0.01,314.0,12940.0,10660.0
BNT,3/26/2026,12000.0,12189.0,11860.0,12000.0,0.0,81.0,12940.0,10660.0
BNT,3/29/2026,11781.0,11800.0,11781.0,11800.0,0.16,73.0,12940.0,10660.0
BNT,3/30/2026,11850.0,11850.0,11800.0,11800.0,-0.42,134.0,12940.0,10660.0
BNT,3/31/2026,11800.0,12000.0,11601.0,12000.0,1.69,291.0,12940.0,10660.0
BNT,4/1/2026,12100.0,12100.0,11580.0,11580.0,-4.3,256.0,12940.0,10660.0
BNT,4/2/2026,11348.4,11600.0,11348.4,11575.3,2.0,100.0,12940.0,10660.0
BNT,4/5/2026,11505.0,11775.0,11300.0,11300.0,-1.78,495.0,12940.0,10660.0
BNT,4/6/2026,11526.0,11799.9,11526.0,11564.0,0.33,100.0,12940.0,10660.0
BNT,4/7/2026,11516.1,11742.2,11512.0,11700.0,1.6,209.0,12940.0,10660.0
BNT,4/8/2026,11530.2,11760.8,11530.2,11570.2,0.35,130.0,12940.0,10660.0
BNT,4/9/2026,11801.6,11801.6,11650.0,11800.0,-0.01,174.0,12940.0,10660.0
BNT,4/10/2026,11800.0,11800.0,11620.2,11800.0,0.0,125.0,12940.0,10660.0
BNT,4/13/2026,11800.0,11800.0,11800.0,11800.0,0.0,10.0,12940.0,10660.0
BNT,4/15/2026,11620.2,11625.0,11620.1,11625.0,0.04,30.0,12940.0,10660.0
BNT,4/16/2026,11555.0,11730.2,11500.2,11730.2,1.52,210.0,12940.0,10660.0
BNT,4/17/2026,11500.2,11500.2,11500.1,11500.1,-0.0,40.0,12940.0,10660.0
BNT,4/20/2026,11600.0,11832.0,11500.2,11832.0,2.0,142.0,12940.0,10660.0
BNT,4/21/2026,11755.0,11755.0,11680.0,11719.0,-0.31,55.0,12940.0,10660.0
BNT,4/22/2026,11719.0,11719.0,11460.0,11460.0,-2.21,12.0,12940.0,10660.0
BNT,4/23/2026,11797.0,11797.0,11505.0,11505.0,-2.48,40.0,12940.0,10660.0
BNT,4/24/2026,11505.0,11790.0,11716.0,11790.0,2.48,40.0,12940.0,10660.0
BNT,4/27/2026,11790.0,11945.0,11790.0,11800.0,0.08,41.0,12940.0,10660.0
BNT,4/28/2026,11800.0,11600.0,11501.2,11600.0,-1.69,110.0,12940.0,10660.0
BNT,4/29/2026,11600.0,11611.0,11600.0,11610.0,0.09,55.0,12940.0,10660.0
BNT,4/30/2026,11610.0,11610.0,11609.9,11610.0,0.0,111.0,12940.0,10660.0
BNT,5/4/2026,11500.2,11500.2,11406.0,11406.0,-0.82,131.0,12940.0,10660.0
BNT,5/5/2026,11300.2,11698.9,11300.2,11698.9,3.53,130.0,12940.0,10660.0
BNT,5/6/2026,11450.0,11695.0,11370.0,11695.0,2.14,210.0,12940.0,10660.0
BNT,5/8/2026,11461.0,11461.0,11460.0,11460.0,-0.01,40.0,12940.0,10660.0
BNT,5/11/2026,11649.9,11800.0,11560.0,11699.0,0.42,150.0,12940.0,10660.0
BNT,5/12/2026,11799.0,11950.0,11695.0,11695.0,-0.88,76.0,12940.0,10660.0
BNT,5/13/2026,11610.0,11900.0,11603.0,11895.0,2.45,66.0,12940.0,10660.0
BNT,5/14/2026,11750.0,11900.0,11600.1,11900.0,1.28,76.0,12940.0,10660.0
BNT,5/15/2026,12048.9,12048.9,12048.9,12048.9,0.0,11.0,12940.0,10660.0
BNT,5/18/2026,11750.1,11750.1,11750.1,11750.1,0.0,10.0,12940.0,10660.0
BNT,5/19/2026,11555.2,11600.0,11555.2,11600.0,0.39,49.0,12940.0,10660.0
BNT,5/20/2026,11570.0,11799.0,11500.0,11799.0,1.98,70.0,12940.0,10660.0
BNT,5/21/2026,11949.0,11949.0,11590.6,11590.6,-3.0,20.0,12940.0,10660.0
BNT,5/25/2026,11590.0,11900.0,11590.0,11700.0,0.95,60.0,12940.0,10660.0
BNT,5/26/2026,11700.0,11889.0,11700.0,11889.0,1.62,24.0,12940.0,10660.0
BNT,6/1/2026,11895.0,12200.0,11834.0,11834.0,-0.51,30.0,12940.0,10660.0
BNT,6/2/2026,11479.0,11900.0,11479.0,11900.0,3.67,30.0,12940.0,10660.0
BNT,6/3/2026,11650.0,11650.0,11650.0,11650.0,0.0,10.0,12940.0,10660.0
BNT,6/4/2026,11980.0,11980.0,11600.0,11600.0,-3.17,183.0,12940.0,10660.0
BNT,6/8/2026,11600.0,11615.0,11600.0,11615.0,0.13,50.0,12940.0,10660.0
BNT,6/9/2026,11600.0,11600.0,11566.0,11566.0,-0.29,60.0,12940.0,10660.0
BNT,6/10/2026,11650.0,11650.0,11600.0,11600.0,-0.43,30.0,12940.0,10660.0
BNT,6/11/2026,11600.0,11699.9,11600.0,11699.9,0.86,34.0,12940.0,10660.0
BNT,6/12/2026,11749.9,11749.9,11700.0,11700.0,-0.42,20.0,12940.0,10660.0
BNT,6/15/2026,11800.0,11850.0,11800.0,11850.0,0.42,30.0,12940.0,10660.0
BNT,6/16/2026,11619.1,11619.1,11619.1,11619.1,0.0,10.0,12940.0,10660.0
BNT,6/17/2026,11611.2,11611.2,11555.6,11555.6,-0.48,75.0,12940.0,10660.0
BNT,6/18/2026,11850.0,11902.2,11850.0,11898.9,0.41,40.0,12940.0,10660.0
BNT,6/19/2026,11740.0,11899.9,11700.0,11899.9,1.36,57.0,12940.0,10660.0
BNT,6/22/2026,11800.0,11800.0,11800.0,11800.0,0.0,10.0,12940.0,10660.0
BNT,6/23/2026,11889.0,11889.0,11760.0,11760.0,-1.09,37.0,12940.0,10660.0
BNT,6/24/2026,11525.0,11525.0,11525.0,11525.0,0.0,10.0,12940.0,10660.0
BNT,6/26/2026,11739.9,11740.0,11739.9,11740.0,0.0,50.0,12940.0,10660.0
BNT,6/29/2026,11600.0,11600.0,11600.0,11600.0,0.0,10.0,12940.0,10660.0
BNT,7/1/2026,11600.0,11600.0,11600.0,11600.0,0.0,10.0,12940.0,10660.0
BNT,7/2/2026,11650.0,11700.0,11650.0,11700.0,0.43,30.0,12940.0,10660.0
BNT,7/3/2026,11510.2,11600.1,11510.2,11600.1,0.78,40.0,12940.0,10660.0
BNT,7/6/2026,11898.9,11898.9,11600.0,11600.0,-2.51,20.0,12940.0,10660.0
BNT,7/7/2026,11650.0,11650.0,11650.0,11650.0,0.0,20.0,12940.0,10660.0
BNT,7/8/2026,11600.0,11600.0,11600.0,11600.0,0.0,36.0,12940.0,10660.0
BNT,7/9/2026,11600.0,11600.0,11550.0,11550.0,-0.43,40.0,12940.0,10660.0
BNT,7/13/2026,11551.0,11551.0,11551.0,11551.0,0.0,20.0,12940.0,10660.0
BNT,7/15/2026,11699.9,11700.0,11699.9,11700.0,0.0,20.0,12940.0,10660.0
BNT,7/16/2026,11750.0,11750.0,11610.0,11610.0,-1.19,120.0,12940.0,10660.0
BNT,7/17/2026,11650.0,11651.0,11650.0,11650.0,0.0,70.0,12940.0,10660.0
BNT,7/20/2026,11701.0,11800.0,11701.0,11800.0,0.85,85.0,12940.0,10660.0
BNT,7/21/2026,11800.0,11800.0,11621.0,11621.0,-1.52,20.0,12940.0,10660.0
BNT,7/22/2026,11573.0,11573.0,11571.0,11571.0,-0.02,30.0,12940.0,10660.0
BNT,7/23/2026,11578.1,11578.1,11578.1,11578.1,0.0,25.0,12940.0,10660.0
BNT,7/24/2026,11532.2,11532.2,11532.2,11532.2,0.0,19.0,12940.0,10660.0
BNT,7/27/2026,11878.0,11878.0,11650.0,11652.0,-1.9,80.0,12940.0,10660.0
BNT,7/28/2026,11600.6,11750.0,11600.6,11620.1,0.17,59.0,12940.0,10660.0
BNT,7/29/2026,11750.0,11750.0,11750.0,11750.0,0.0,20.0,12940.0,10660.0
BNT,7/30/2026,11750.0,11850.0,11620.0,11620.0,-1.11,304.0,12940.0,10660.0
BNT,7/31/2026,11300.0,11300.0,11000.5,11000.5,-2.65,25.0,12940.0,10660.0
BNT,8/4/2026,11000.5,11330.5,11000.5,11330.5,3.0,26.0,12940.0,10660.0
BNT,8/5/2026,11670.0,11700.0,11600.0,11700.0,0.26,90.0,12940.0,10660.0
BNT,8/6/2026,11610.0,11610.0,11610.0,11610.0,0.0,25.0,12940.0,10660.0
BNT,8/7/2026,11645.0,11645.0,11645.0,11645.0,0.0,10.0,12940.0,10660.0
BNT,8/10/2026,11645.0,11645.0,11550.1,11550.1,-0.81,65.0,12940.0,10660.0
BNT,8/11/2026,11550.0,11550.0,11500.2,11550.0,0.0,40.0,12940.0,10660.0
BNT,8/12/2026,11550.0,11600.0,11550.0,11600.0,0.43,110.0,12940.0,10660.0
BNT,8/13/2026,11500.0,11899.0,11500.0,11899.0,3.47,157.0,12940.0,10660.0
BNT,8/14/2026,11625.0,11625.0,11625.0,11625.0,0.0,10.0,12940.0,10660.0
BNT,8/17/2026,11552.0,11552.0,11552.0,11552.0,0.0,10.0,12940.0,10660.0
BNT,8/18/2026,11600.0,11600.0,11600.0,11600.0,0.0,20.0,12940.0,10660.0
BNT,8/19/2026,11880.0,11884.0,11605.0,11620.0,-2.19,61.0,12940.0,10660.0
BNT,8/20/2026,11666.0,11750.0,11666.0,11750.0,0.72,20.0,12940.0,10660.0
BNT,8/21/2026,11700.0,11750.0,11700.0,11750.0,0.43,50.0,12940.0,10660.0
BNT,8/24/2026,11890.0,11900.0,11890.0,11900.0,0.08,20.0,12940.0,10660.0
BNT,8/25/2026,11764.0,11874.0,11625.0,11625.0,-1.18,40.0,12940.0,10660.0
BNT,8/26/2026,11610.0,11610.0,11505.0,11505.0,-0.9,40.0,12940.0,10660.0
BNT,8/27/2026,11510.0,11550.1,11510.0,11550.1,0.35,36.0,12940.0,10660.0
BNT,8/31/2026,11551.0,11600.0,11551.0,11570.0,0.16,50.0,12940.0,10660.0
BNT,9/1/2026,11890.0,11890.0,11650.0,11650.0,-2.02,70.0,12940.0,10660.0
BNT,9/2/2026,11650.0,11650.0,11650.0,11650.0,0.0,10.0,12940.0,10660.0
BNT,9/3/2026,11649.0,11650.0,11550.0,11650.0,0.01,120.0,12940.0,10660.0
BNT,9/7/2026,11600.0,11650.0,11600.0,11630.0,0.26,70.0,12940.0,10660.0
BNT,9/9/2026,11630.0,11700.0,11630.0,11700.0,0.6,20.0,12940.0,10660.0
BNT,9/10/2026,11349.0,11688.0,11349.0,11688.0,2.99,71.0,12940.0,10660.0
BNT,9/11/2026,11750.0,11750.0,11510.1,11510.1,-2.04,20.0,12940.0,10660.0
BNT,9/15/2026,11850.0,11850.0,11818.0,11838.0,-0.1,118.0,12940.0,10660.0
BNT,9/16/2026,11830.0,11928.9,11830.0,11850.0,0.17,65.0,12940.0,10660.0
BNT,9/18/2026,12200.0,12940.0,12200.0,12450.0,2.05,662.0,12940.0,10660.0
BNT,9/22/2026,12200.0,12875.0,12200.0,12495.1,2.42,195.0,12940.0,10660.0
BNT,9/23/2026,12489.0,12489.0,11932.0,11932.0,-4.46,221.0,12940.0,10660.0
BNT,9/24/2026,11933.0,12289.9,11932.0,12001.0,0.57,180.0,12940.0,10660.0
BNT,9/28/2026,12000.0,12000.0,11930.0,11931.0,-0.57,240.0,12940.0,10660.0
BNT,9/29/2026,11860.0,11860.0,11860.0,0.0,-100.0,20.0,12940.0,10660.0
BNT,9/30/2026,11900.0,11900.0,11900.0,11900.0,0.0,10.0,12940.0,10660.0
BNT,10/1/2026,11662.0,11900.0,11661.0,11900.0,2.04,40.0,12940.0,10660.0
BNT,10/2/2026,11900.0,11900.0,11900.0,11900.0,0.0,20.0,12940.0,10660.0
BOKD86,12/21/2025,1095.1,1139.3,1095.1,1139.3,,175.0,1145.0,1053.1
BOKD86,1/5/2026,1117.0,1117.0,1117.0,1117.0,-1.96,50.0,1145.0,1053.1
BOKD86,1/13/2026,1117.0,1117.0,1117.0,1117.0,0.0,25.0,1145.0,1053.1
BOKD86,1/18/2026,1095.0,1095.0,1095.0,1095.0,-1.97,25.0,1145.0,1053.1
BOKD86,1/20/2026,1073.1,1073.1,1073.1,1073.1,-2.0,50.0,1145.0,1053.1
BOKD86,1/26/2026,1074.0,1075.0,1054.6,1075.0,0.18,302.0,1145.0,1053.1
BOKD86,1/27/2026,1077.0,1090.0,1077.0,1090.0,1.4,80.0,1145.0,1053.1
BOKD86,2/2/2026,1108.0,1108.0,1108.0,1108.0,1.65,467.0,1145.0,1053.1
BOKD86,2/12/2026,1086.0,1086.0,1086.0,1086.0,-1.99,25.0,1145.0,1053.1
BOKD86,2/17/2026,1086.0,1086.0,1086.0,1086.0,0.0,79.0,1145.0,1053.1
BOKD86,2/23/2026,1078.0,1100.0,1078.0,1100.0,1.29,550.0,1145.0,1053.1
BOKD86,2/25/2026,1100.0,1100.0,1100.0,1100.0,0.0,100.0,1145.0,1053.1
BOKD86,2/26/2026,1100.0,1100.0,1100.0,1100.0,0.0,25.0,1145.0,1053.1
BOKD86,2/27/2026,1100.0,1100.0,1100.0,1100.0,0.0,25.0,1145.0,1053.1
BOKD86,2/28/2026,1100.0,1100.0,1100.0,1100.0,0.0,25.0,1145.0,1053.1
BOKD86,3/2/2026,1113.0,1113.0,1113.0,1113.0,1.18,754.0,1145.0,1053.1
BOKD86,3/23/2026,1090.8,1090.8,1090.8,1090.8,-1.99,25.0,1145.0,1053.1
BOKD86,3/24/2026,1072.1,1072.1,1072.1,1072.1,-1.71,25.0,1145.0,1053.1
BOKD86,3/30/2026,1071.1,1092.4,1071.0,1092.4,1.99,75.0,1145.0,1053.1
BOKD86,4/9/2026,1090.0,1090.0,1090.0,1090.0,0.0,25.0,1145.0,1053.1
BOKD86,4/20/2026,1068.6,1089.0,1068.6,1089.0,1.91,50.0,1145.0,1053.1
BOKD86,4/24/2026,1089.0,1089.0,1089.0,1089.0,0.0,25.0,1145.0,1053.1
BOKD86,4/30/2026,1081.0,1081.0,1081.0,1081.0,0.0,100.0,1145.0,1053.1
BOKD86,5/5/2026,1071.3,1071.3,1071.3,1071.3,0.0,25.0,1145.0,1053.1
BOKD86,5/8/2026,1070.8,1070.8,1070.8,1070.8,0.0,25.0,1145.0,1053.1
BOKD86,5/18/2026,1080.0,1080.0,1080.0,1080.0,0.0,55.0,1145.0,1053.1
BOKD86,5/27/2026,1086.0,1086.0,1086.0,1086.0,0.0,175.0,1145.0,1053.1
BOKD86,6/1/2026,1086.0,1086.0,1086.0,1086.0,0.0,25.0,1145.0,1053.1
BOKD86,6/2/2026,1085.0,1085.0,1085.0,1085.0,0.0,25.0,1145.0,1053.1
BOKD86,6/4/2026,1085.0,1130.6,1085.0,1130.6,4.2,470.0,1145.0,1053.1
BOKD86,6/9/2026,1130.6,1130.6,1130.6,1130.6,0.0,3.0,1145.0,1053.1
BOKD86,6/15/2026,1098.0,1098.0,1098.0,1098.0,0.0,25.0,1145.0,1053.1
BOKD86,6/16/2026,1090.0,1090.0,1090.0,1090.0,0.0,30.0,1145.0,1053.1
BOKD86,6/26/2026,1136.4,1136.4,1105.0,1105.0,-2.76,98799.0,1145.0,1053.1
BOKD86,6/30/2026,1080.0,1085.0,1080.0,1085.0,0.46,60.0,1145.0,1053.1
BOKD86,7/3/2026,1088.1,1088.1,1086.1,1086.5,-0.15,9600.0,1145.0,1053.1
BOKD86,7/7/2026,1072.3,1095.0,1065.0,1095.0,2.12,91.0,1145.0,1053.1
BOKD86,7/8/2026,1095.0,1095.0,1087.0,1119.0,2.19,15027.0,1145.0,1053.1
BOKD86,7/9/2026,1126.0,1126.0,1103.0,1103.0,-2.04,185318.0,1145.0,1053.1
BOKD86,7/13/2026,1103.0,1136.0,1103.0,1136.0,2.99,49614.0,1145.0,1053.1
BOKD86,7/14/2026,1139.0,1145.0,1139.0,1145.0,0.53,22458.0,1145.0,1053.1
BOKD86,8/13/2026,1111.0,1111.0,1111.0,1111.0,0.0,355.0,1145.0,1053.1
BOKD86,8/31/2026,1078.0,1078.0,1053.1,1053.1,-2.31,50.0,1145.0,1053.1
BOKD86,9/9/2026,1053.1,1053.1,1053.1,1084.6,2.99,1.0,1145.0,1053.1
BOKD86,9/14/2026,1087.0,1087.0,1087.0,1087.0,0.0,10.0,1145.0,1053.1
BOKD86,10/2/2026,1080.1,1080.1,1080.1,1080.1,0.0,25.0,1145.0,1053.1
BOKD86KA,1/13/2026,1190.0,1190.0,1190.0,1190.0,,25.0,1247.0,1096.5
BOKD86KA,2/3/2026,1167.0,1167.0,1167.0,1167.0,-1.93,100.0,1247.0,1096.5
BOKD86KA,2/12/2026,1167.0,1188.0,1167.0,1188.0,1.8,135.0,1247.0,1096.5
BOKD86KA,3/2/2026,1195.0,1195.0,1195.0,1204.0,1.35,18.0,1247.0,1096.5
BOKD86KA,6/4/2026,1203.9,1240.0,1203.9,1240.0,3.0,55.0,1247.0,1096.5
BOKD86KA,7/6/2026,1211.1,1211.1,1211.0,1211.0,-0.01,75.0,1247.0,1096.5
BOKD86KA,7/7/2026,1247.0,1247.0,1247.0,1247.0,0.0,10.0,1247.0,1096.5
BOKD86KA,7/9/2026,1209.6,1209.6,1139.0,1139.0,-5.84,40.0,1247.0,1096.5
BOKD86KA,7/10/2026,1142.0,1149.0,1142.0,1146.5,0.39,145730.0,1247.0,1096.5
BOKD86KA,7/13/2026,1146.5,1146.5,1146.5,1140.0,-0.57,9.0,1247.0,1096.5
BOKD86KA,7/14/2026,1174.0,1245.0,1169.0,1169.0,-0.43,120058.0,1247.0,1096.5
BOKD86KA,7/22/2026,1169.0,1169.0,1134.0,1134.0,-2.99,136.0,1247.0,1096.5
BOKD86KA,7/23/2026,1102.0,1102.0,1100.0,1100.0,-0.18,25.0,1247.0,1096.5
BOKD86KA,7/24/2026,1133.0,1145.0,1133.0,1145.0,1.06,564.0,1247.0,1096.5
BOKD86KA,7/27/2026,1145.0,1145.4,1145.0,1145.4,0.03,4703.0,1247.0,1096.5
BOKD86KA,7/29/2026,1145.4,1145.4,1145.4,1145.4,0.0,9.0,1247.0,1096.5
BOKD86KA,8/7/2026,1111.1,1111.1,1111.1,1111.1,0.0,50.0,1247.0,1096.5
BOKD86KA,8/27/2026,1096.5,1096.5,1096.5,1096.5,0.0,25.0,1247.0,1096.5
BOKD86KA,9/18/2026,1100.6,1100.6,1100.6,1100.5,-0.01,30.0,1247.0,1096.5
BOKD86KA,9/23/2026,1120.0,1120.0,1120.0,1120.0,0.0,30.0,1247.0,1096.5
BOKL,11/20/2016,675.0,688.0,638.0,655.0,,77691.0,688.0,195.2
BOKL,11/21/2016,655.0,669.0,631.0,658.0,0.46,67806.0,688.0,195.2
BOKL,11/22/2016,658.0,659.0,615.0,644.0,-2.13,58544.0,688.0,195.2
BOKL,11/23/2016,644.0,650.0,620.0,630.0,-2.17,77629.0,688.0,195.2
BOKL,11/24/2016,630.0,654.0,620.0,629.0,-0.16,63443.0,688.0,195.2
BOKL,11/27/2016,629.0,635.0,611.0,617.0,-1.91,73178.0,688.0,195.2
BOKL,11/28/2016,617.0,650.0,595.0,646.0,4.7,109608.0,688.0,195.2
BOKL,11/29/2016,646.0,658.0,609.0,651.0,0.77,96962.0,688.0,195.2
BOKL,11/30/2016,651.0,675.0,652.0,669.0,2.76,90494.0,688.0,195.2
BOKL,12/1/2016,669.0,682.0,654.0,669.0,0.0,66851.0,688.0,195.2
BOKL,12/4/2016,669.0,681.0,649.0,660.0,-1.35,40874.0,688.0,195.2
BOKL,12/5/2016,660.0,660.0,646.0,653.0,-1.06,45679.0,688.0,195.2
BOKL,12/6/2016,653.0,670.0,647.0,660.0,1.07,38914.0,688.0,195.2
BOKL,12/7/2016,660.0,673.0,633.0,658.0,-0.3,31067.0,688.0,195.2
BOKL,12/8/2016,658.0,658.0,650.0,656.0,-0.3,20692.0,688.0,195.2
BOKL,12/11/2016,656.0,658.0,640.0,641.0,-2.29,34307.0,688.0,195.2
BOKL,12/12/2016,641.0,648.0,620.0,637.0,-0.62,26635.0,688.0,195.2
BOKL,12/14/2016,637.0,645.0,635.0,639.0,0.31,25739.0,688.0,195.2
BOKL,12/15/2016,639.0,651.0,635.0,650.0,1.72,27803.0,688.0,195.2
BOKL,12/18/2016,650.0,650.0,638.0,646.0,-0.62,41502.0,688.0,195.2
BOKL,12/19/2016,646.0,650.0,636.0,643.0,-0.46,34377.0,688.0,195.2
BOKL,12/20/2016,643.0,640.0,625.0,625.0,-2.8,25930.0,688.0,195.2
BOKL,12/21/2016,625.0,627.0,620.0,621.0,-0.64,29990.0,688.0,195.2
BOKL,12/22/2016,621.0,626.0,615.0,620.0,-0.16,19840.0,688.0,195.2
BOKL,12/26/2016,620.0,615.0,600.0,603.0,-2.74,55924.0,688.0,195.2
BOKL,12/27/2016,603.0,609.0,578.0,595.0,-1.33,43724.0,688.0,195.2
BOKL,12/28/2016,595.0,607.0,592.0,600.0,0.84,29792.0,688.0,195.2
BOKL,12/29/2016,600.0,625.0,596.0,615.0,2.5,42205.0,688.0,195.2
BOKL,1/1/2017,615.0,631.0,620.0,625.0,1.63,29831.0,688.0,195.2
BOKL,1/2/2017,625.0,640.0,623.0,625.0,0.0,37538.0,688.0,195.2
BOKL,1/3/2017,625.0,627.0,610.0,612.0,-2.08,25697.0,688.0,195.2
BOKL,1/4/2017,612.0,618.0,600.0,614.0,0.33,16585.0,688.0,195.2
BOKL,1/5/2017,614.0,632.0,603.0,612.0,-0.33,21291.0,688.0,195.2
BOKL,1/8/2017,612.0,614.0,606.0,613.0,0.16,149829.0,688.0,195.2
BOKL,1/9/2017,613.0,616.0,610.0,616.0,0.49,14193.0,688.0,195.2
BOKL,1/10/2017,616.0,626.0,617.0,621.0,0.81,16048.0,688.0,195.2
BOKL,1/11/2017,621.0,626.0,619.0,619.0,-0.32,11953.0,688.0,195.2
BOKL,1/12/2017,619.0,620.0,614.0,614.0,-0.81,11035.0,688.0,195.2
BOKL,1/15/2017,614.0,616.0,610.0,612.0,-0.33,10360.0,688.0,195.2
BOKL,1/16/2017,612.0,613.0,608.0,609.0,-0.49,7024.0,688.0,195.2
BOKL,1/17/2017,609.0,611.0,600.0,610.0,0.16,19781.0,688.0,195.2
BOKL,1/18/2017,610.0,613.0,608.0,611.0,0.16,11726.0,688.0,195.2
BOKL,1/19/2017,611.0,611.0,601.0,609.0,-0.33,9518.0,688.0,195.2
BOKL,1/22/2017,609.0,611.0,605.0,606.0,-0.49,12086.0,688.0,195.2
BOKL,1/23/2017,606.0,607.0,600.0,603.0,-0.5,17889.0,688.0,195.2
BOKL,1/24/2017,603.0,603.0,590.0,596.0,-1.16,21459.0,688.0,195.2
BOKL,1/25/2017,596.0,596.0,578.0,585.0,-1.85,18628.0,688.0,195.2
BOKL,1/26/2017,585.0,585.0,565.0,570.0,-2.56,32501.0,688.0,195.2
BOKL,1/30/2017,570.0,573.0,537.0,540.0,-5.26,37872.0,688.0,195.2
BOKL,1/31/2017,540.0,560.0,510.0,545.0,0.93,16759.0,688.0,195.2
BOKL,2/1/2017,545.0,573.0,548.0,573.0,5.14,24179.0,688.0,195.2
BOKL,2/2/2017,573.0,595.0,560.0,570.0,-0.52,28786.0,688.0,195.2
BOKL,2/5/2017,570.0,565.0,553.0,558.0,-2.11,8133.0,688.0,195.2
BOKL,2/6/2017,558.0,561.0,544.0,550.0,-1.43,12842.0,688.0,195.2
BOKL,2/7/2017,550.0,550.0,534.0,548.0,-0.36,7990.0,688.0,195.2
BOKL,2/8/2017,548.0,550.0,535.0,541.0,-1.28,15736.0,688.0,195.2
BOKL,2/9/2017,541.0,540.0,525.0,526.0,-2.77,24053.0,688.0,195.2
BOKL,2/12/2017,526.0,525.0,500.0,508.0,-3.42,25795.0,688.0,195.2
BOKL,2/13/2017,508.0,527.0,490.0,525.0,3.35,52492.0,688.0,195.2
BOKL,2/14/2017,525.0,528.0,512.0,519.0,-1.14,26751.0,688.0,195.2
BOKL,2/15/2017,519.0,531.0,513.0,531.0,2.31,39286.0,688.0,195.2
BOKL,2/16/2017,531.0,548.0,526.0,548.0,3.2,76411.0,688.0,195.2
BOKL,2/19/2017,548.0,558.0,539.0,548.0,0.0,57690.0,688.0,195.2
BOKL,2/20/2017,548.0,559.0,544.0,546.0,-0.36,58284.0,688.0,195.2
BOKL,2/21/2017,546.0,564.0,539.0,539.0,-1.28,43351.0,688.0,195.2
BOKL,2/22/2017,539.0,545.0,530.0,531.0,-1.48,27687.0,688.0,195.2
BOKL,2/23/2017,531.0,536.0,529.0,529.0,-0.38,87307.0,688.0,195.2
BOKL,2/26/2017,430.0,426.0,408.0,412.0,-22.12,21747.0,688.0,195.2
BOKL,2/28/2017,412.0,412.0,401.0,409.0,-0.73,13178.0,688.0,195.2
BOKL,3/1/2017,409.0,416.0,409.0,415.0,1.47,8384.0,688.0,195.2
BOKL,3/2/2017,415.0,418.0,413.0,417.0,0.48,8740.0,688.0,195.2
BOKL,3/5/2017,417.0,420.0,410.0,418.0,0.24,15674.0,688.0,195.2
BOKL,3/6/2017,418.0,435.0,417.0,423.0,1.2,12979.0,688.0,195.2
BOKL,3/7/2017,423.0,423.0,415.0,416.0,-1.65,8537.0,688.0,195.2
BOKL,3/9/2017,416.0,421.0,415.0,415.0,-0.24,4446.0,688.0,195.2
BOKL,3/13/2017,415.0,423.0,415.0,417.0,0.48,2969.0,688.0,195.2
BOKL,3/14/2017,417.0,418.0,409.0,409.0,-1.92,13746.0,688.0,195.2
BOKL,3/15/2017,409.0,412.0,406.0,409.0,0.0,8811.0,688.0,195.2
BOKL,3/16/2017,409.0,417.0,409.0,411.0,0.49,16417.0,688.0,195.2
BOKL,3/19/2017,411.0,415.0,409.0,415.0,0.97,22955.0,688.0,195.2
BOKL,3/20/2017,415.0,438.0,417.0,434.0,4.58,24270.0,688.0,195.2
BOKL,3/21/2017,434.0,445.0,427.0,445.0,2.53,27748.0,688.0,195.2
BOKL,3/22/2017,445.0,462.0,435.0,440.0,-1.12,31982.0,688.0,195.2
BOKL,3/23/2017,440.0,454.0,435.0,450.0,2.27,23724.0,688.0,195.2
BOKL,3/26/2017,450.0,475.0,446.0,465.0,3.33,34806.0,688.0,195.2
BOKL,3/28/2017,465.0,498.0,460.0,490.0,5.38,54876.0,688.0,195.2
BOKL,3/29/2017,490.0,516.0,474.0,474.0,-3.27,58621.0,688.0,195.2
BOKL,3/30/2017,474.0,485.0,463.0,470.0,-0.84,30548.0,688.0,195.2
BOKL,4/2/2017,470.0,510.0,479.0,510.0,8.51,46216.0,688.0,195.2
BOKL,4/3/2017,510.0,560.0,495.0,505.0,-0.98,72939.0,688.0,195.2
BOKL,4/4/2017,505.0,511.0,496.0,500.0,-0.99,39066.0,688.0,195.2
BOKL,4/6/2017,500.0,508.0,491.0,500.0,0.0,39265.0,688.0,195.2
BOKL,4/9/2017,500.0,525.0,504.0,516.0,3.2,40237.0,688.0,195.2
BOKL,4/10/2017,516.0,541.0,510.0,530.0,2.71,67764.0,688.0,195.2
BOKL,4/11/2017,530.0,558.0,534.0,547.0,3.21,56543.0,688.0,195.2
BOKL,4/12/2017,547.0,557.0,530.0,530.0,-3.11,38975.0,688.0,195.2
BOKL,4/13/2017,530.0,539.0,510.0,529.0,-0.19,32412.0,688.0,195.2
BOKL,4/16/2017,529.0,530.0,510.0,513.0,-3.02,43820.0,688.0,195.2
BOKL,4/18/2017,513.0,520.0,496.0,505.0,-1.56,29882.0,688.0,195.2
BOKL,4/19/2017,505.0,525.0,505.0,525.0,3.96,21860.0,688.0,195.2
BOKL,4/20/2017,525.0,535.0,515.0,522.0,-0.57,43532.0,688.0,195.2
BOKL,4/23/2017,522.0,563.0,522.0,530.0,1.53,50236.0,688.0,195.2
BOKL,4/24/2017,530.0,530.0,515.0,516.0,-2.64,29763.0,688.0,195.2
BOKL,4/25/2017,516.0,520.0,508.0,511.0,-0.97,36694.0,688.0,195.2
BOKL,4/26/2017,511.0,513.0,504.0,510.0,-0.2,31274.0,688.0,195.2
BOKL,4/27/2017,510.0,520.0,504.0,508.0,-0.39,22245.0,688.0,195.2
BOKL,4/30/2017,508.0,514.0,504.0,510.0,0.39,16811.0,688.0,195.2
BOKL,5/2/2017,510.0,512.0,500.0,510.0,0.0,33513.0,688.0,195.2
BOKL,5/3/2017,510.0,524.0,505.0,508.0,-0.39,20443.0,688.0,195.2
BOKL,5/4/2017,508.0,512.0,501.0,503.0,-0.98,17748.0,688.0,195.2
BOKL,5/7/2017,503.0,500.0,490.0,498.0,-0.99,25421.0,688.0,195.2
BOKL,5/8/2017,498.0,503.0,490.0,493.0,-1.0,16141.0,688.0,195.2
BOKL,5/9/2017,493.0,502.0,494.0,497.0,0.81,20264.0,688.0,195.2
BOKL,5/11/2017,497.0,506.0,498.0,502.0,1.01,24585.0,688.0,195.2
BOKL,5/15/2017,502.0,512.0,500.0,503.0,0.2,5764.0,688.0,195.2
BOKL,5/16/2017,503.0,504.0,494.0,498.0,-0.99,10804.0,688.0,195.2
BOKL,5/17/2017,498.0,501.0,492.0,493.0,-1.0,7338.0,688.0,195.2
BOKL,5/18/2017,493.0,493.0,485.0,492.0,-0.2,12584.0,688.0,195.2
BOKL,5/21/2017,492.0,490.0,480.0,480.0,-2.44,15327.0,688.0,195.2
BOKL,5/22/2017,480.0,498.0,455.0,498.0,3.75,77897.0,688.0,195.2
BOKL,5/23/2017,498.0,498.0,485.0,492.0,-1.2,16724.0,688.0,195.2
BOKL,5/24/2017,492.0,490.0,483.0,490.0,-0.41,8857.0,688.0,195.2
BOKL,5/28/2017,490.0,485.0,477.0,480.0,-2.04,29795.0,688.0,195.2
BOKL,5/30/2017,480.0,480.0,470.0,471.0,-1.88,34372.0,688.0,195.2
BOKL,5/31/2017,471.0,480.0,460.0,470.0,-0.21,61568.0,688.0,195.2
BOKL,6/1/2017,470.0,479.0,465.0,470.0,0.0,51745.0,688.0,195.2
BOKL,6/4/2017,470.0,479.0,460.0,465.0,-1.06,25983.0,688.0,195.2
BOKL,6/5/2017,465.0,479.0,458.0,472.0,1.51,36567.0,688.0,195.2
BOKL,6/6/2017,472.0,490.0,466.0,490.0,3.81,29021.0,688.0,195.2
BOKL,6/7/2017,490.0,495.0,470.0,477.0,-2.65,32131.0,688.0,195.2
BOKL,6/8/2017,477.0,479.0,473.0,473.0,-0.84,12984.0,688.0,195.2
BOKL,6/11/2017,473.0,470.0,457.0,463.0,-2.11,15500.0,688.0,195.2
BOKL,6/12/2017,463.0,468.0,452.0,460.0,-0.65,16267.0,688.0,195.2
BOKL,6/13/2017,460.0,470.0,461.0,469.0,1.96,11297.0,688.0,195.2
BOKL,6/14/2017,469.0,473.0,460.0,470.0,0.21,17376.0,688.0,195.2
BOKL,6/15/2017,470.0,476.0,463.0,463.0,-1.49,13300.0,688.0,195.2
BOKL,6/18/2017,463.0,467.0,456.0,464.0,0.22,12812.0,688.0,195.2
BOKL,6/19/2017,464.0,460.0,453.0,456.0,-1.72,24698.0,688.0,195.2
BOKL,6/20/2017,456.0,460.0,445.0,454.0,-0.44,24078.0,688.0,195.2
BOKL,6/21/2017,454.0,454.0,445.0,453.0,-0.22,19146.0,688.0,195.2
BOKL,6/22/2017,453.0,460.0,453.0,453.0,0.0,7694.0,688.0,195.2
BOKL,6/25/2017,453.0,461.0,452.0,457.0,0.88,14073.0,688.0,195.2
BOKL,6/27/2017,457.0,465.0,453.0,455.0,-0.44,14092.0,688.0,195.2
BOKL,6/28/2017,455.0,458.0,452.0,456.0,0.22,11217.0,688.0,195.2
BOKL,7/2/2017,456.0,456.0,443.0,448.0,-1.75,17371.0,688.0,195.2
BOKL,7/3/2017,448.0,456.0,450.0,455.0,1.56,16608.0,688.0,195.2
BOKL,7/4/2017,455.0,455.0,448.0,450.0,-1.1,9075.0,688.0,195.2
BOKL,7/5/2017,450.0,450.0,443.0,450.0,0.0,16520.0,688.0,195.2
BOKL,7/6/2017,450.0,463.0,452.0,463.0,2.89,27679.0,688.0,195.2
BOKL,7/9/2017,463.0,475.0,452.0,458.0,-1.08,32270.0,688.0,195.2
BOKL,7/10/2017,458.0,467.0,457.0,461.0,0.66,14147.0,688.0,195.2
BOKL,7/11/2017,461.0,465.0,457.0,462.0,0.22,12872.0,688.0,195.2
BOKL,7/12/2017,462.0,468.0,462.0,462.0,0.0,9652.0,688.0,195.2
BOKL,7/13/2017,462.0,465.0,460.0,462.0,0.0,11332.0,688.0,195.2
BOKL,7/16/2017,462.0,464.0,456.0,462.0,0.0,7342.0,688.0,195.2
BOKL,7/17/2017,462.0,472.0,462.0,470.0,1.73,15778.0,688.0,195.2
BOKL,7/18/2017,470.0,476.0,467.0,476.0,1.28,29290.0,688.0,195.2
BOKL,7/19/2017,476.0,480.0,465.0,470.0,-1.26,23422.0,688.0,195.2
BOKL,7/20/2017,470.0,480.0,472.0,472.0,0.43,14142.0,688.0,195.2
BOKL,7/23/2017,472.0,472.0,464.0,464.0,-1.69,15817.0,688.0,195.2
BOKL,7/24/2017,464.0,465.0,460.0,461.0,-0.65,14829.0,688.0,195.2
BOKL,7/25/2017,461.0,470.0,452.0,459.0,-0.43,26374.0,688.0,195.2
BOKL,7/26/2017,459.0,470.0,455.0,458.0,-0.22,23893.0,688.0,195.2
BOKL,7/27/2017,458.0,484.0,461.0,484.0,5.68,43141.0,688.0,195.2
BOKL,7/30/2017,484.0,503.0,473.0,494.0,2.07,85128.0,688.0,195.2
BOKL,7/31/2017,494.0,503.0,485.0,487.0,-1.42,53248.0,688.0,195.2
BOKL,8/1/2017,487.0,490.0,481.0,484.0,-0.62,14489.0,688.0,195.2
BOKL,8/2/2017,484.0,485.0,479.0,485.0,0.21,14875.0,688.0,195.2
BOKL,8/3/2017,485.0,494.0,480.0,485.0,0.0,23051.0,688.0,195.2
BOKL,8/6/2017,485.0,489.0,476.0,486.0,0.21,20499.0,688.0,195.2
BOKL,8/7/2017,486.0,490.0,485.0,488.0,0.41,21021.0,688.0,195.2
BOKL,8/9/2017,488.0,492.0,480.0,480.0,-1.64,19588.0,688.0,195.2
BOKL,8/10/2017,480.0,485.0,475.0,476.0,-0.83,13119.0,688.0,195.2
BOKL,8/13/2017,476.0,500.0,479.0,481.0,1.05,34530.0,688.0,195.2
BOKL,8/15/2017,481.0,480.0,474.0,475.0,-1.25,27295.0,688.0,195.2
BOKL,8/16/2017,475.0,480.0,468.0,477.0,0.42,14726.0,688.0,195.2
BOKL,8/17/2017,477.0,480.0,474.0,478.0,0.21,8530.0,688.0,195.2
BOKL,8/20/2017,478.0,480.0,463.0,465.0,-2.72,18926.0,688.0,195.2
BOKL,8/21/2017,465.0,465.0,456.0,462.0,-0.65,5894.0,688.0,195.2
BOKL,8/22/2017,462.0,469.0,457.0,467.0,1.08,9914.0,688.0,195.2
BOKL,8/23/2017,467.0,471.0,460.0,460.0,-1.5,16701.0,688.0,195.2
BOKL,8/24/2017,460.0,465.0,458.0,462.0,0.43,9422.0,688.0,195.2
BOKL,8/27/2017,462.0,465.0,458.0,458.0,-0.87,12806.0,688.0,195.2
BOKL,8/28/2017,458.0,460.0,450.0,453.0,-1.09,20395.0,688.0,195.2
BOKL,8/30/2017,453.0,455.0,442.0,445.0,-1.77,28917.0,688.0,195.2
BOKL,8/31/2017,445.0,445.0,435.0,435.0,-2.25,24713.0,688.0,195.2
BOKL,9/4/2017,435.0,435.0,423.0,424.0,-2.53,32246.0,688.0,195.2
BOKL,9/6/2017,424.0,440.0,425.0,435.0,2.59,15314.0,688.0,195.2
BOKL,9/7/2017,435.0,435.0,426.0,428.0,-1.61,11484.0,688.0,195.2
BOKL,9/10/2017,428.0,428.0,420.0,420.0,-1.87,15342.0,688.0,195.2
BOKL,9/11/2017,420.0,430.0,415.0,420.0,0.0,11686.0,688.0,195.2
BOKL,9/12/2017,420.0,422.0,416.0,420.0,0.0,14092.0,688.0,195.2
BOKL,9/13/2017,420.0,422.0,415.0,419.0,-0.24,18376.0,688.0,195.2
BOKL,9/14/2017,419.0,434.0,420.0,433.0,3.34,12294.0,688.0,195.2
BOKL,9/17/2017,433.0,440.0,426.0,440.0,1.62,15457.0,688.0,195.2
BOKL,9/18/2017,440.0,448.0,438.0,443.0,0.68,11810.0,688.0,195.2
BOKL,9/20/2017,443.0,451.0,425.0,438.0,-1.13,11701.0,688.0,195.2
BOKL,9/24/2017,438.0,445.0,433.0,435.0,-0.68,15164.0,688.0,195.2
BOKL,9/25/2017,435.0,439.0,427.0,439.0,0.92,9113.0,688.0,195.2
BOKL,9/26/2017,439.0,443.0,433.0,434.0,-1.14,12120.0,688.0,195.2
BOKL,10/3/2017,434.0,436.0,426.0,434.0,0.0,4001.0,688.0,195.2
BOKL,10/4/2017,434.0,436.0,431.0,434.0,0.0,7230.0,688.0,195.2
BOKL,10/8/2017,434.0,430.0,419.0,426.0,-1.84,19432.0,688.0,195.2
BOKL,10/9/2017,426.0,425.0,420.0,425.0,-0.23,7869.0,688.0,195.2
BOKL,10/10/2017,425.0,429.0,420.0,425.0,0.0,15622.0,688.0,195.2
BOKL,10/11/2017,425.0,426.0,421.0,424.0,-0.24,12823.0,688.0,195.2
BOKL,10/12/2017,424.0,426.0,420.0,424.0,0.0,8288.0,688.0,195.2
BOKL,10/15/2017,424.0,434.0,425.0,432.0,1.89,6175.0,688.0,195.2
BOKL,10/16/2017,432.0,448.0,430.0,445.0,3.01,252428.0,688.0,195.2
BOKL,10/17/2017,445.0,450.0,437.0,443.0,-0.45,12280.0,688.0,195.2
BOKL,10/18/2017,443.0,452.0,442.0,450.0,1.58,11979.0,688.0,195.2
BOKL,10/22/2017,450.0,458.0,447.0,447.0,-0.67,8055.0,688.0,195.2
BOKL,10/23/2017,447.0,452.0,445.0,449.0,0.45,22132.0,688.0,195.2
BOKL,10/24/2017,449.0,452.0,449.0,449.0,0.0,11336.0,688.0,195.2
BOKL,10/25/2017,449.0,448.0,442.0,444.0,-1.11,5196.0,688.0,195.2
BOKL,10/29/2017,444.0,445.0,439.0,440.0,-0.9,11166.0,688.0,195.2
BOKL,10/30/2017,440.0,445.0,440.0,440.0,0.0,7113.0,688.0,195.2
BOKL,10/31/2017,440.0,442.0,438.0,438.0,-0.45,7396.0,688.0,195.2
BOKL,11/1/2017,438.0,440.0,433.0,435.0,-0.68,5652.0,688.0,195.2
BOKL,11/2/2017,435.0,436.0,430.0,435.0,0.0,8399.0,688.0,195.2
BOKL,11/5/2017,435.0,433.0,413.0,415.0,-4.6,28314.0,688.0,195.2
BOKL,11/6/2017,415.0,431.0,408.0,414.0,-0.24,10803.0,688.0,195.2
BOKL,11/7/2017,414.0,422.0,414.0,414.0,0.0,15411.0,688.0,195.2
BOKL,11/8/2017,414.0,414.0,405.0,410.0,-0.97,20047.0,688.0,195.2
BOKL,11/9/2017,410.0,410.0,400.0,404.0,-1.46,37712.0,688.0,195.2
BOKL,11/12/2017,404.0,408.0,400.0,408.0,0.99,25785.0,688.0,195.2
BOKL,11/13/2017,408.0,414.0,408.0,414.0,1.47,11555.0,688.0,195.2
BOKL,11/14/2017,414.0,422.0,413.0,419.0,1.21,11146.0,688.0,195.2
BOKL,11/15/2017,419.0,422.0,413.0,413.0,-1.43,13502.0,688.0,195.2
BOKL,11/16/2017,413.0,413.0,404.0,404.0,-2.18,15242.0,688.0,195.2
BOKL,11/19/2017,404.0,407.0,401.0,402.0,-0.5,17641.0,688.0,195.2
BOKL,11/20/2017,402.0,404.0,400.0,404.0,0.5,31209.0,688.0,195.2
BOKL,11/21/2017,404.0,410.0,402.0,403.0,-0.25,16320.0,688.0,195.2
BOKL,11/22/2017,403.0,411.0,403.0,406.0,0.74,15434.0,688.0,195.2
BOKL,11/23/2017,406.0,411.0,406.0,408.0,0.49,17588.0,688.0,195.2
BOKL,11/26/2017,408.0,412.0,406.0,411.0,0.74,15240.0,688.0,195.2
BOKL,11/27/2017,411.0,415.0,409.0,409.0,-0.49,13278.0,688.0,195.2
BOKL,11/28/2017,409.0,411.0,407.0,409.0,0.0,13219.0,688.0,195.2
BOKL,11/29/2017,409.0,423.0,410.0,416.0,1.71,23393.0,688.0,195.2
BOKL,11/30/2017,416.0,418.0,410.0,412.0,-0.96,6918.0,688.0,195.2
BOKL,12/4/2017,412.0,417.0,410.0,410.0,-0.49,11894.0,688.0,195.2
BOKL,12/5/2017,410.0,410.0,406.0,409.0,-0.24,12503.0,688.0,195.2
BOKL,12/6/2017,409.0,418.0,410.0,418.0,2.2,10398.0,688.0,195.2
BOKL,12/10/2017,418.0,433.0,412.0,413.0,-1.2,12203.0,688.0,195.2
BOKL,12/11/2017,413.0,415.0,405.0,410.0,-0.73,18191.0,688.0,195.2
BOKL,12/12/2017,410.0,410.0,406.0,407.0,-0.73,10993.0,688.0,195.2
BOKL,12/13/2017,407.0,416.0,400.0,412.0,1.23,10074.0,688.0,195.2
BOKL,12/14/2017,412.0,415.0,407.0,409.0,-0.73,13078.0,688.0,195.2
BOKL,12/17/2017,409.0,414.0,409.0,413.0,0.98,20124.0,688.0,195.2
BOKL,12/18/2017,413.0,418.0,411.0,418.0,1.21,24285.0,688.0,195.2
BOKL,12/19/2017,418.0,420.0,414.0,414.0,-0.96,8516.0,688.0,195.2
BOKL,12/20/2017,414.0,423.0,410.0,421.0,1.69,40474.0,688.0,195.2
BOKL,12/21/2017,421.0,426.0,417.0,418.0,-0.71,27398.0,688.0,195.2
BOKL,12/24/2017,418.0,420.0,415.0,415.0,-0.72,15142.0,688.0,195.2
BOKL,12/26/2017,415.0,414.0,410.0,410.0,-1.2,13819.0,688.0,195.2
BOKL,12/27/2017,410.0,410.0,395.0,405.0,-1.22,20576.0,688.0,195.2
BOKL,12/28/2017,405.0,410.0,397.0,402.0,-0.74,23512.0,688.0,195.2
BOKL,12/31/2017,402.0,403.0,397.0,401.0,-0.25,22108.0,688.0,195.2
BOKL,1/1/2018,401.0,410.0,403.0,409.0,2.0,18032.0,688.0,195.2
BOKL,1/2/2018,409.0,415.0,405.0,407.0,-0.49,24488.0,688.0,195.2
BOKL,1/3/2018,407.0,407.0,401.0,402.0,-1.23,18022.0,688.0,195.2
BOKL,1/4/2018,402.0,407.0,401.0,405.0,0.75,17768.0,688.0,195.2
BOKL,1/7/2018,405.0,409.0,405.0,405.0,0.0,10670.0,688.0,195.2
BOKL,1/8/2018,405.0,409.0,404.0,405.0,0.0,24371.0,688.0,195.2
BOKL,1/9/2018,405.0,410.0,405.0,409.0,0.99,15188.0,688.0,195.2
BOKL,1/10/2018,409.0,416.0,407.0,414.0,1.22,21984.0,688.0,195.2
BOKL,1/14/2018,414.0,415.0,408.0,410.0,-0.97,11021.0,688.0,195.2
BOKL,1/16/2018,410.0,409.0,405.0,406.0,-0.98,10370.0,688.0,195.2
BOKL,1/17/2018,406.0,409.0,401.0,407.0,0.25,9587.0,688.0,195.2
BOKL,1/21/2018,407.0,408.0,402.0,403.0,-0.98,14651.0,688.0,195.2
BOKL,1/22/2018,403.0,405.0,403.0,405.0,0.5,9353.0,688.0,195.2
BOKL,1/23/2018,405.0,404.0,401.0,402.0,-0.74,7910.0,688.0,195.2
BOKL,1/24/2018,402.0,403.0,401.0,402.0,0.0,8308.0,688.0,195.2
BOKL,1/25/2018,402.0,407.0,400.0,401.0,-0.25,15710.0,688.0,195.2
BOKL,1/28/2018,401.0,405.0,400.0,401.0,0.0,12547.0,688.0,195.2
BOKL,1/29/2018,401.0,400.0,394.0,397.0,-1.0,13014.0,688.0,195.2
BOKL,1/31/2018,397.0,402.0,391.0,394.0,-0.76,10468.0,688.0,195.2
BOKL,2/1/2018,394.0,399.0,391.0,393.0,-0.25,22218.0,688.0,195.2
BOKL,2/4/2018,393.0,396.0,390.0,390.0,-0.76,14249.0,688.0,195.2
BOKL,2/5/2018,390.0,391.0,386.0,389.0,-0.26,7735.0,688.0,195.2
BOKL,2/6/2018,389.0,387.0,383.0,385.0,-1.03,17852.0,688.0,195.2
BOKL,2/7/2018,385.0,385.0,378.0,379.0,-1.56,13312.0,688.0,195.2
BOKL,2/8/2018,379.0,383.0,376.0,380.0,0.26,13774.0,688.0,195.2
BOKL,2/11/2018,380.0,380.0,375.0,376.0,-1.05,8481.0,688.0,195.2
BOKL,2/12/2018,376.0,377.0,370.0,375.0,-0.27,11942.0,688.0,195.2
BOKL,2/14/2018,375.0,376.0,372.0,376.0,0.27,12203.0,688.0,195.2
BOKL,2/15/2018,376.0,391.0,377.0,391.0,3.99,37572.0,688.0,195.2
BOKL,2/18/2018,394.0,400.0,384.0,387.0,-1.02,24095.0,688.0,195.2
BOKL,2/20/2018,394.0,396.0,378.0,378.0,-2.33,15358.0,688.0,195.2
BOKL,2/21/2018,377.0,378.0,370.0,370.0,-2.12,31726.0,688.0,195.2
BOKL,2/22/2018,368.0,376.0,368.0,375.0,1.35,14138.0,688.0,195.2
BOKL,2/25/2018,375.0,376.0,373.0,373.0,-0.53,8238.0,688.0,195.2
BOKL,2/26/2018,370.0,371.0,369.0,370.0,-0.8,14415.0,688.0,195.2
BOKL,2/27/2018,370.0,377.0,370.0,370.0,0.0,14315.0,688.0,195.2
BOKL,2/28/2018,370.0,370.0,365.0,366.0,-1.08,20063.0,688.0,195.2
BOKL,3/4/2018,368.0,368.0,352.0,360.0,-1.64,16285.0,688.0,195.2
BOKL,3/5/2018,362.0,362.0,350.0,355.0,-1.39,17095.0,688.0,195.2
BOKL,3/6/2018,355.0,362.0,348.0,358.0,0.85,23924.0,688.0,195.2
BOKL,3/7/2018,364.0,370.0,362.0,370.0,3.35,14659.0,688.0,195.2
BOKL,3/11/2018,377.0,377.0,355.0,357.0,-3.51,11472.0,688.0,195.2
BOKL,3/12/2018,356.0,364.0,354.0,358.0,0.28,7507.0,688.0,195.2
BOKL,3/13/2018,360.0,362.0,358.0,362.0,1.12,7335.0,688.0,195.2
BOKL,3/14/2018,361.0,364.0,361.0,362.0,0.0,4636.0,688.0,195.2
BOKL,3/15/2018,364.0,365.0,363.0,363.0,0.28,8801.0,688.0,195.2
BOKL,3/18/2018,362.0,364.0,361.0,361.0,-0.55,9424.0,688.0,195.2
BOKL,3/19/2018,362.0,362.0,355.0,355.0,-1.66,5554.0,688.0,195.2
BOKL,3/20/2018,350.0,355.0,350.0,355.0,0.0,11647.0,688.0,195.2
BOKL,3/21/2018,353.0,353.0,343.0,344.0,-3.1,13930.0,688.0,195.2
BOKL,3/22/2018,344.0,350.0,331.0,340.0,-1.16,13659.0,688.0,195.2
BOKL,3/26/2018,334.0,334.0,308.0,310.0,-8.82,45346.0,688.0,195.2
BOKL,3/27/2018,305.0,322.0,294.0,316.0,1.94,24965.0,688.0,195.2
BOKL,3/28/2018,320.0,322.0,304.0,310.0,-1.9,22860.0,688.0,195.2
BOKL,3/29/2018,310.0,320.0,307.0,317.0,2.26,23880.0,688.0,195.2
BOKL,4/1/2018,317.0,317.0,308.0,311.0,-1.89,15133.0,688.0,195.2
BOKL,4/2/2018,311.0,318.0,309.0,313.0,0.64,6123.0,688.0,195.2
BOKL,4/3/2018,311.0,316.0,310.0,316.0,0.96,7698.0,688.0,195.2
BOKL,4/4/2018,318.0,322.0,317.0,321.0,1.58,10372.0,688.0,195.2
BOKL,4/5/2018,327.0,330.0,320.0,325.0,1.25,18275.0,688.0,195.2
BOKL,4/8/2018,331.0,342.0,329.0,339.0,4.31,22524.0,688.0,195.2
BOKL,4/9/2018,345.0,345.0,333.0,335.0,-1.18,17989.0,688.0,195.2
BOKL,4/10/2018,335.0,336.0,329.0,329.0,-1.79,13447.0,688.0,195.2
BOKL,4/11/2018,329.0,334.0,325.0,334.0,1.52,6439.0,688.0,195.2
BOKL,4/12/2018,340.0,340.0,333.0,334.0,0.0,6179.0,688.0,195.2
BOKL,4/15/2018,332.0,334.0,321.0,331.0,-0.9,8017.0,688.0,195.2
BOKL,4/16/2018,337.0,337.0,332.0,335.0,1.21,7165.0,688.0,195.2
BOKL,4/17/2018,336.0,340.0,332.0,336.0,0.3,9010.0,688.0,195.2
BOKL,4/18/2018,339.0,366.0,335.0,350.0,4.17,16440.0,688.0,195.2
BOKL,4/19/2018,357.0,361.0,350.0,356.0,1.71,30277.0,688.0,195.2
BOKL,4/22/2018,360.0,367.0,354.0,365.0,2.53,30818.0,688.0,195.2
BOKL,4/23/2018,358.0,368.0,353.0,358.0,-1.92,31536.0,688.0,195.2
BOKL,4/24/2018,353.0,362.0,351.0,353.0,-1.4,10130.0,688.0,195.2
BOKL,4/25/2018,353.0,354.0,348.0,349.0,-1.13,10398.0,688.0,195.2
BOKL,4/26/2018,352.0,352.0,341.0,342.0,-2.01,8851.0,688.0,195.2
BOKL,4/29/2018,340.0,342.0,334.0,335.0,-2.05,9756.0,688.0,195.2
BOKL,5/2/2018,341.0,341.0,330.0,340.0,1.49,5713.0,688.0,195.2
BOKL,5/3/2018,341.0,342.0,336.0,339.0,-0.29,14024.0,688.0,195.2
BOKL,5/6/2018,340.0,340.0,333.0,335.0,-1.18,11605.0,688.0,195.2
BOKL,5/7/2018,334.0,334.0,330.0,332.0,-0.9,3275.0,688.0,195.2
BOKL,5/8/2018,332.0,335.0,330.0,335.0,0.9,3816.0,688.0,195.2
BOKL,5/9/2018,338.0,338.0,333.0,334.0,-0.3,7303.0,688.0,195.2
BOKL,5/10/2018,340.0,340.0,334.0,335.0,0.3,9607.0,688.0,195.2
BOKL,5/14/2018,334.0,335.0,329.0,331.0,-1.19,8533.0,688.0,195.2
BOKL,5/15/2018,331.0,335.0,327.0,334.0,0.91,5505.0,688.0,195.2
BOKL,5/16/2018,335.0,335.0,328.0,328.0,-1.8,4255.0,688.0,195.2
BOKL,5/17/2018,334.0,334.0,330.0,331.0,0.91,3940.0,688.0,195.2
BOKL,5/20/2018,335.0,337.0,326.0,333.0,0.6,10862.0,688.0,195.2
BOKL,5/21/2018,328.0,330.0,327.0,330.0,-0.9,4287.0,688.0,195.2
BOKL,5/22/2018,325.0,328.0,325.0,326.0,-1.21,6847.0,688.0,195.2
BOKL,5/23/2018,325.0,329.0,325.0,325.0,-0.31,3766.0,688.0,195.2
BOKL,5/24/2018,325.0,328.0,324.0,325.0,0.0,6171.0,688.0,195.2
BOKL,5/27/2018,324.0,325.0,318.0,325.0,0.0,11629.0,688.0,195.2
BOKL,5/28/2018,320.0,330.0,320.0,330.0,1.54,10704.0,688.0,195.2
BOKL,5/29/2018,330.0,330.0,325.0,325.0,-1.52,3852.0,688.0,195.2
BOKL,5/30/2018,331.0,335.0,326.0,328.0,0.92,3710.0,688.0,195.2
BOKL,5/31/2018,328.0,329.0,321.0,321.0,-2.13,10250.0,688.0,195.2
BOKL,6/3/2018,315.0,320.0,311.0,311.0,-3.12,13386.0,688.0,195.2
BOKL,6/4/2018,310.0,318.0,310.0,316.0,1.61,6354.0,688.0,195.2
BOKL,6/6/2018,316.0,327.0,315.0,315.0,-0.32,2447.0,688.0,195.2
BOKL,6/7/2018,315.0,315.0,309.0,312.0,-0.95,10336.0,688.0,195.2
BOKL,6/10/2018,310.0,310.0,304.0,304.0,-2.56,14984.0,688.0,195.2
BOKL,6/11/2018,306.0,316.0,301.0,310.0,1.97,13964.0,688.0,195.2
BOKL,6/12/2018,306.0,316.0,306.0,310.0,0.0,6118.0,688.0,195.2
BOKL,6/13/2018,316.0,316.0,309.0,314.0,1.29,9684.0,688.0,195.2
BOKL,6/14/2018,320.0,320.0,315.0,315.0,0.32,6050.0,688.0,195.2
BOKL,6/17/2018,320.0,325.0,310.0,312.0,-0.95,3120.0,688.0,195.2
BOKL,6/18/2018,318.0,323.0,310.0,317.0,1.6,5328.0,688.0,195.2
BOKL,6/19/2018,318.0,319.0,310.0,310.0,-2.21,10548.0,688.0,195.2
BOKL,6/20/2018,315.0,315.0,303.0,311.0,0.32,5674.0,688.0,195.2
BOKL,6/21/2018,316.0,316.0,302.0,310.0,-0.32,16307.0,688.0,195.2
BOKL,6/24/2018,269.0,270.0,260.0,270.0,-12.9,9997.0,688.0,195.2
BOKL,6/25/2018,265.0,266.0,261.0,261.0,-3.33,1957.0,688.0,195.2
BOKL,6/26/2018,265.0,265.0,254.0,256.0,-1.92,11032.0,688.0,195.2
BOKL,6/27/2018,261.0,270.0,256.0,260.0,1.56,3525.0,688.0,195.2
BOKL,6/28/2018,260.0,265.0,256.0,256.0,-1.54,4864.0,688.0,195.2
BOKL,7/1/2018,255.0,259.0,253.0,259.0,1.17,2700.0,688.0,195.2
BOKL,7/2/2018,254.0,255.0,250.0,251.0,-3.09,16840.0,688.0,195.2
BOKL,7/3/2018,252.0,261.0,250.0,257.0,2.39,15291.0,688.0,195.2
BOKL,7/4/2018,262.0,262.0,253.0,254.0,-1.17,7003.0,688.0,195.2
BOKL,7/5/2018,256.0,261.0,253.0,261.0,2.76,11996.0,688.0,195.2
BOKL,7/8/2018,264.0,271.0,260.0,266.0,1.92,10890.0,688.0,195.2
BOKL,7/9/2018,266.0,266.0,260.0,260.0,-2.26,5317.0,688.0,195.2
BOKL,7/10/2018,260.0,270.0,258.0,264.0,1.54,8993.0,688.0,195.2
BOKL,7/11/2018,269.0,269.0,260.0,262.0,-0.76,6143.0,688.0,195.2
BOKL,7/12/2018,260.0,270.0,253.0,255.0,-2.67,5750.0,688.0,195.2
BOKL,7/15/2018,256.0,263.0,256.0,263.0,3.14,2133.0,688.0,195.2
BOKL,7/16/2018,263.0,265.0,260.0,264.0,0.38,3886.0,688.0,195.2
BOKL,7/17/2018,261.0,264.0,259.0,261.0,-1.14,3971.0,688.0,195.2
BOKL,7/18/2018,260.0,265.0,258.0,258.0,-1.15,4430.0,688.0,195.2
BOKL,7/19/2018,257.0,261.0,257.0,258.0,0.0,5423.0,688.0,195.2
BOKL,7/22/2018,257.0,262.0,255.0,258.0,0.0,5692.0,688.0,195.2
BOKL,7/23/2018,263.0,263.0,258.0,258.0,0.0,9248.0,688.0,195.2
BOKL,7/24/2018,263.0,268.0,261.0,264.0,2.33,8752.0,688.0,195.2
BOKL,7/25/2018,268.0,269.0,259.0,261.0,-1.14,7514.0,688.0,195.2
BOKL,7/26/2018,261.0,266.0,259.0,260.0,-0.38,2422.0,688.0,195.2
BOKL,7/29/2018,257.0,259.0,256.0,258.0,-0.77,8689.0,688.0,195.2
BOKL,7/30/2018,263.0,265.0,260.0,260.0,0.78,3373.0,688.0,195.2
BOKL,7/31/2018,265.0,268.0,258.0,258.0,-0.77,5403.0,688.0,195.2
BOKL,8/1/2018,263.0,263.0,256.0,258.0,0.0,4891.0,688.0,195.2
BOKL,8/2/2018,263.0,265.0,257.0,258.0,0.0,9139.0,688.0,195.2
BOKL,8/5/2018,259.0,263.0,255.0,260.0,0.78,8220.0,688.0,195.2
BOKL,8/6/2018,264.0,264.0,259.0,263.0,1.15,2903.0,688.0,195.2
BOKL,8/7/2018,268.0,273.0,259.0,262.0,-0.38,12045.0,688.0,195.2
BOKL,8/8/2018,263.0,263.0,259.0,263.0,0.38,4965.0,688.0,195.2
BOKL,8/9/2018,268.0,268.0,258.0,262.0,-0.38,4086.0,688.0,195.2
BOKL,8/12/2018,259.0,262.0,250.0,250.0,-4.58,13548.0,688.0,195.2
BOKL,8/13/2018,255.0,261.0,253.0,261.0,4.4,4578.0,688.0,195.2
BOKL,8/14/2018,266.0,266.0,258.0,262.0,0.38,5035.0,688.0,195.2
BOKL,8/15/2018,267.0,275.0,262.0,271.0,3.44,28584.0,688.0,195.2
BOKL,8/16/2018,275.0,280.0,267.0,273.0,0.74,29939.0,688.0,195.2
BOKL,8/19/2018,278.0,283.0,274.0,274.0,0.37,12822.0,688.0,195.2
BOKL,8/20/2018,271.0,274.0,271.0,273.0,-0.36,3642.0,688.0,195.2
BOKL,8/21/2018,273.0,275.0,273.0,274.0,0.37,12342.0,688.0,195.2
BOKL,8/22/2018,279.0,279.0,270.0,275.0,0.36,23218.0,688.0,195.2
BOKL,8/23/2018,275.0,279.0,275.0,279.0,1.45,14168.0,688.0,195.2
BOKL,8/26/2018,275.0,290.0,275.0,290.0,3.94,18936.0,688.0,195.2
BOKL,8/28/2018,289.0,290.0,284.0,290.0,0.0,13833.0,688.0,195.2
BOKL,8/29/2018,289.0,290.0,286.0,289.0,-0.34,9016.0,688.0,195.2
BOKL,8/30/2018,288.0,291.0,287.0,289.0,0.0,8941.0,688.0,195.2
BOKL,9/2/2018,294.0,298.0,289.0,297.0,2.77,13889.0,688.0,195.2
BOKL,9/3/2018,302.0,305.0,297.0,302.0,1.68,23008.0,688.0,195.2
BOKL,9/4/2018,302.0,305.0,296.0,302.0,0.0,29560.0,688.0,195.2
BOKL,9/5/2018,308.0,316.0,302.0,310.0,2.65,43286.0,688.0,195.2
BOKL,9/6/2018,315.0,321.0,308.0,310.0,0.0,35836.0,688.0,195.2
BOKL,9/9/2018,315.0,315.0,303.0,303.0,-2.26,9590.0,688.0,195.2
BOKL,9/10/2018,309.0,309.0,300.0,301.0,-0.66,14283.0,688.0,195.2
BOKL,9/11/2018,307.0,313.0,304.0,306.0,1.66,6241.0,688.0,195.2
BOKL,9/12/2018,312.0,312.0,305.0,311.0,1.63,6503.0,688.0,195.2
BOKL,9/13/2018,317.0,320.0,311.0,320.0,2.89,23012.0,688.0,195.2
BOKL,9/16/2018,320.0,343.0,320.0,330.0,3.12,40118.0,688.0,195.2
BOKL,9/17/2018,336.0,336.0,323.0,325.0,-1.52,19145.0,688.0,195.2
BOKL,9/18/2018,330.0,330.0,322.0,322.0,-0.92,7109.0,688.0,195.2
BOKL,9/20/2018,322.0,322.0,318.0,319.0,-0.93,13058.0,688.0,195.2
BOKL,9/23/2018,318.0,325.0,318.0,325.0,1.88,13066.0,688.0,195.2
BOKL,9/25/2018,322.0,350.0,322.0,339.0,4.31,34984.0,688.0,195.2
BOKL,9/26/2018,347.0,347.0,332.0,337.0,-0.59,21958.0,688.0,195.2
BOKL,9/27/2018,341.0,341.0,330.0,332.0,-1.48,11168.0,688.0,195.2
BOKL,9/30/2018,330.0,332.0,326.0,332.0,0.0,8625.0,688.0,195.2
BOKL,10/1/2018,328.0,328.0,320.0,321.0,-3.31,14419.0,688.0,195.2
BOKL,10/2/2018,321.0,327.0,321.0,323.0,0.62,10527.0,688.0,195.2
BOKL,10/3/2018,323.0,323.0,317.0,317.0,-1.86,9879.0,688.0,195.2
BOKL,10/4/2018,315.0,320.0,312.0,315.0,-0.63,12042.0,688.0,195.2
BOKL,10/7/2018,313.0,317.0,305.0,314.0,-0.32,10935.0,688.0,195.2
BOKL,10/8/2018,311.0,317.0,311.0,317.0,0.96,14180.0,688.0,195.2
BOKL,10/9/2018,318.0,320.0,316.0,317.0,0.0,12556.0,688.0,195.2
BOKL,10/10/2018,312.0,317.0,312.0,316.0,-0.32,9261.0,688.0,195.2
BOKL,10/11/2018,315.0,326.0,314.0,326.0,3.16,14521.0,688.0,195.2
BOKL,10/14/2018,325.0,332.0,322.0,329.0,0.92,13392.0,688.0,195.2
BOKL,10/15/2018,327.0,332.0,327.0,327.0,-0.61,18388.0,688.0,195.2
BOKL,10/21/2018,325.0,330.0,325.0,328.0,0.31,2778.0,688.0,195.2
BOKL,10/22/2018,328.0,333.0,325.0,333.0,1.52,4012.0,688.0,195.2
BOKL,10/23/2018,329.0,330.0,324.0,329.0,-1.2,13199.0,688.0,195.2
BOKL,10/24/2018,329.0,332.0,325.0,330.0,0.3,11453.0,688.0,195.2
BOKL,10/25/2018,330.0,331.0,328.0,328.0,-0.61,15684.0,688.0,195.2
BOKL,10/28/2018,328.0,329.0,319.0,320.0,-2.44,15715.0,688.0,195.2
BOKL,10/29/2018,315.0,319.0,309.0,317.0,-0.94,19710.0,688.0,195.2
BOKL,10/30/2018,311.0,321.0,306.0,320.0,0.95,19728.0,688.0,195.2
BOKL,10/31/2018,318.0,320.0,316.0,317.0,-0.94,7560.0,688.0,195.2
BOKL,11/1/2018,316.0,323.0,315.0,317.0,0.0,24143.0,688.0,195.2
BOKL,11/4/2018,312.0,317.0,312.0,314.0,-0.95,9573.0,688.0,195.2
BOKL,11/5/2018,317.0,323.0,315.0,317.0,0.96,6199.0,688.0,195.2
BOKL,11/6/2018,317.0,321.0,314.0,320.0,0.95,3278.0,688.0,195.2
BOKL,11/11/2018,320.0,320.0,316.0,317.0,-0.94,2930.0,688.0,195.2
BOKL,11/12/2018,312.0,317.0,309.0,312.0,-1.58,3366.0,688.0,195.2
BOKL,11/13/2018,312.0,321.0,312.0,316.0,1.28,7306.0,688.0,195.2
BOKL,11/14/2018,315.0,321.0,315.0,320.0,1.27,4646.0,688.0,195.2
BOKL,11/15/2018,319.0,319.0,315.0,315.0,-1.56,7358.0,688.0,195.2
BOKL,11/18/2018,317.0,317.0,314.0,315.0,0.0,2737.0,688.0,195.2
BOKL,11/19/2018,309.0,315.0,312.0,312.0,-0.95,10300.0,688.0,195.2
BOKL,11/20/2018,313.0,315.0,307.0,310.0,-0.64,25468.0,688.0,195.2
BOKL,11/21/2018,310.0,313.0,310.0,312.0,0.65,9576.0,688.0,195.2
BOKL,11/22/2018,313.0,313.0,310.0,310.0,-0.64,11355.0,688.0,195.2
BOKL,11/25/2018,309.0,309.0,305.0,307.0,-0.97,9974.0,688.0,195.2
BOKL,11/26/2018,310.0,310.0,305.0,306.0,-0.33,10122.0,688.0,195.2
BOKL,11/27/2018,306.0,308.0,306.0,308.0,0.65,15856.0,688.0,195.2
BOKL,11/28/2018,305.0,308.0,305.0,307.0,-0.32,10685.0,688.0,195.2
BOKL,11/29/2018,305.0,306.0,303.0,304.0,-0.98,11066.0,688.0,195.2
BOKL,12/2/2018,300.0,303.0,300.0,302.0,-0.66,13229.0,688.0,195.2
BOKL,12/3/2018,302.0,309.0,302.0,302.0,0.0,10507.0,688.0,195.2
BOKL,12/4/2018,305.0,318.0,305.0,308.0,1.99,8136.0,688.0,195.2
BOKL,12/5/2018,302.0,305.0,301.0,301.0,-2.27,17622.0,688.0,195.2
BOKL,12/6/2018,303.0,305.0,298.0,305.0,1.33,12994.0,688.0,195.2
BOKL,12/9/2018,305.0,308.0,302.0,308.0,0.98,7850.0,688.0,195.2
BOKL,12/10/2018,310.0,314.0,308.0,309.0,0.32,9130.0,688.0,195.2
BOKL,12/11/2018,310.0,312.0,307.0,308.0,-0.32,3618.0,688.0,195.2
BOKL,12/12/2018,306.0,308.0,305.0,306.0,-0.65,4155.0,688.0,195.2
BOKL,12/13/2018,312.0,312.0,307.0,309.0,0.98,9523.0,688.0,195.2
BOKL,12/16/2018,321.0,328.0,321.0,325.0,5.18,75679.0,688.0,195.2
BOKL,12/17/2018,330.0,331.0,326.0,331.0,1.85,21560.0,688.0,195.2
BOKL,12/18/2018,331.0,336.0,324.0,328.0,-0.91,24947.0,688.0,195.2
BOKL,12/19/2018,330.0,330.0,322.0,326.0,-0.61,15192.0,688.0,195.2
BOKL,12/20/2018,330.0,331.0,326.0,328.0,0.61,10306.0,688.0,195.2
BOKL,12/23/2018,334.0,340.0,330.0,336.0,2.44,41879.0,688.0,195.2
BOKL,12/24/2018,336.0,338.0,330.0,332.0,-1.19,28890.0,688.0,195.2
BOKL,12/25/2018,333.0,333.0,330.0,331.0,-0.3,13759.0,688.0,195.2
BOKL,12/26/2018,337.0,339.0,332.0,335.0,1.21,37681.0,688.0,195.2
BOKL,12/27/2018,341.0,345.0,334.0,334.0,-0.3,29160.0,688.0,195.2
BOKL,12/30/2018,335.0,339.0,332.0,334.0,0.0,25365.0,688.0,195.2
BOKL,12/31/2018,340.0,340.0,328.0,330.0,-1.2,13403.0,688.0,195.2
BOKL,1/1/2019,331.0,333.0,330.0,330.0,0.0,5605.0,688.0,195.2
BOKL,1/2/2019,328.0,330.0,326.0,329.0,-0.3,10591.0,688.0,195.2
BOKL,1/3/2019,333.0,333.0,328.0,328.0,-0.3,8526.0,688.0,195.2
BOKL,1/6/2019,334.0,334.0,328.0,328.0,0.0,19988.0,688.0,195.2
BOKL,1/7/2019,334.0,334.0,330.0,332.0,1.22,17879.0,688.0,195.2
BOKL,1/8/2019,338.0,338.0,330.0,332.0,0.0,40103.0,688.0,195.2
BOKL,1/9/2019,335.0,335.0,329.0,332.0,0.0,38578.0,688.0,195.2
BOKL,1/10/2019,334.0,334.0,330.0,332.0,0.0,34671.0,688.0,195.2
BOKL,1/13/2019,332.0,334.0,327.0,329.0,-0.9,66674.0,688.0,195.2
BOKL,1/14/2019,283.0,283.0,270.0,274.0,-16.72,13747.0,688.0,195.2
BOKL,1/15/2019,273.0,274.0,270.0,270.0,-1.46,15332.0,688.0,195.2
BOKL,1/16/2019,269.0,270.0,265.0,265.0,-1.85,9299.0,688.0,195.2
BOKL,1/17/2019,266.0,267.0,264.0,264.0,-0.38,10805.0,688.0,195.2
BOKL,1/20/2019,264.0,265.0,260.0,265.0,0.38,4018.0,688.0,195.2
BOKL,1/21/2019,263.0,263.0,255.0,259.0,-2.26,8360.0,688.0,195.2
BOKL,1/22/2019,259.0,260.0,256.0,256.0,-1.16,6951.0,688.0,195.2
BOKL,1/23/2019,257.0,261.0,255.0,256.0,0.0,11216.0,688.0,195.2
BOKL,1/24/2019,257.0,257.0,255.0,256.0,0.0,7010.0,688.0,195.2
BOKL,1/27/2019,257.0,257.0,252.0,252.0,-1.56,14814.0,688.0,195.2
BOKL,1/28/2019,255.0,257.0,251.0,254.0,0.79,8451.0,688.0,195.2
BOKL,1/29/2019,254.0,255.0,252.0,252.0,-0.79,6365.0,688.0,195.2
BOKL,1/30/2019,250.0,254.0,250.0,254.0,0.79,6291.0,688.0,195.2
BOKL,1/31/2019,252.0,254.0,252.0,252.0,-0.79,7673.0,688.0,195.2
BOKL,2/3/2019,253.0,253.0,247.0,249.0,-1.19,24242.0,688.0,195.2
BOKL,2/4/2019,250.0,250.0,247.0,247.0,-0.8,8683.0,688.0,195.2
BOKL,2/5/2019,249.0,251.0,247.0,247.0,0.0,9221.0,688.0,195.2
BOKL,2/6/2019,250.0,250.0,244.0,247.0,0.0,12762.0,688.0,195.2
BOKL,2/7/2019,246.0,250.0,245.0,245.0,-0.81,5755.0,688.0,195.2
BOKL,2/10/2019,245.0,245.0,241.0,242.0,-1.22,8121.0,688.0,195.2
BOKL,2/11/2019,239.0,240.0,231.0,240.0,-0.83,18388.0,688.0,195.2
BOKL,2/12/2019,244.0,244.0,237.0,238.0,-0.83,6577.0,688.0,195.2
BOKL,2/13/2019,241.0,241.0,234.0,236.0,-0.84,9259.0,688.0,195.2
BOKL,2/14/2019,240.0,240.0,232.0,234.0,-0.85,11271.0,688.0,195.2
BOKL,2/17/2019,245.0,255.0,239.0,240.0,2.56,33065.0,688.0,195.2
BOKL,2/18/2019,241.0,242.0,240.0,241.0,0.42,7615.0,688.0,195.2
BOKL,2/19/2019,242.0,244.0,241.0,244.0,1.24,9316.0,688.0,195.2
BOKL,2/20/2019,246.0,246.0,242.0,242.0,-0.82,6813.0,688.0,195.2
BOKL,2/21/2019,242.0,246.0,241.0,242.0,0.0,13648.0,688.0,195.2
BOKL,2/24/2019,254.0,254.0,240.0,240.0,-0.83,8050.0,688.0,195.2
BOKL,2/25/2019,240.0,241.0,238.0,240.0,0.0,24949.0,688.0,195.2
BOKL,2/26/2019,244.0,244.0,238.0,240.0,0.0,5401.0,688.0,195.2
BOKL,2/27/2019,237.0,242.0,237.0,239.0,-0.42,8663.0,688.0,195.2
BOKL,3/3/2019,240.0,240.0,236.0,237.0,-0.84,12436.0,688.0,195.2
BOKL,3/5/2019,238.0,240.0,236.0,237.0,0.0,5923.0,688.0,195.2
BOKL,3/6/2019,238.0,239.0,235.0,238.0,0.42,14995.0,688.0,195.2
BOKL,3/7/2019,240.0,246.0,240.0,246.0,3.36,12427.0,688.0,195.2
BOKL,3/10/2019,245.0,246.0,242.0,246.0,0.0,1585.0,688.0,195.2
BOKL,3/11/2019,244.0,251.0,243.0,251.0,2.03,11422.0,688.0,195.2
BOKL,3/12/2019,251.0,254.0,249.0,254.0,1.2,15685.0,688.0,195.2
BOKL,3/13/2019,257.0,257.0,248.0,248.0,-2.36,14613.0,688.0,195.2
BOKL,3/14/2019,250.0,252.0,249.0,252.0,1.61,8376.0,688.0,195.2
BOKL,3/17/2019,250.0,255.0,250.0,251.0,-0.4,19914.0,688.0,195.2
BOKL,3/18/2019,252.0,254.0,246.0,248.0,-1.2,8802.0,688.0,195.2
BOKL,3/19/2019,249.0,249.0,246.0,246.0,-0.81,1777.0,688.0,195.2
BOKL,3/21/2019,247.0,248.0,244.0,244.0,-0.81,11536.0,688.0,195.2
BOKL,3/24/2019,244.0,245.0,242.0,243.0,-0.41,9123.0,688.0,195.2
BOKL,3/25/2019,242.0,245.0,242.0,243.0,0.0,13668.0,688.0,195.2
BOKL,3/26/2019,241.0,244.0,241.0,243.0,0.0,9380.0,688.0,195.2
BOKL,3/27/2019,243.0,246.0,242.0,242.0,-0.41,9318.0,688.0,195.2
BOKL,3/28/2019,240.0,243.0,238.0,241.0,-0.41,38908.0,688.0,195.2
BOKL,3/31/2019,244.0,245.0,240.0,242.0,0.41,88241.0,688.0,195.2
BOKL,4/1/2019,241.0,246.0,240.0,243.0,0.41,41588.0,688.0,195.2
BOKL,4/2/2019,244.0,249.0,244.0,247.0,1.65,27877.0,688.0,195.2
BOKL,4/3/2019,250.0,253.0,247.0,250.0,1.21,39793.0,688.0,195.2
BOKL,4/4/2019,250.0,251.0,247.0,249.0,-0.4,23238.0,688.0,195.2
BOKL,4/7/2019,249.0,261.0,249.0,261.0,4.82,63857.0,688.0,195.2
BOKL,4/8/2019,264.0,267.0,260.0,261.0,0.0,61511.0,688.0,195.2
BOKL,4/9/2019,260.0,266.0,256.0,258.0,-1.15,60248.0,688.0,195.2
BOKL,4/10/2019,258.0,265.0,255.0,264.0,2.33,20106.0,688.0,195.2
BOKL,4/11/2019,264.0,265.0,262.0,264.0,0.0,36383.0,688.0,195.2
BOKL,4/15/2019,265.0,266.0,261.0,263.0,-0.38,12342.0,688.0,195.2
BOKL,4/16/2019,266.0,267.0,263.0,267.0,1.52,35775.0,688.0,195.2
BOKL,4/17/2019,270.0,270.0,265.0,267.0,0.0,29479.0,688.0,195.2
BOKL,4/18/2019,269.0,272.0,265.0,270.0,1.12,44604.0,688.0,195.2
BOKL,4/21/2019,271.0,289.0,270.0,288.0,6.67,42416.0,688.0,195.2
BOKL,4/22/2019,290.0,293.0,274.0,277.0,-3.82,55480.0,688.0,195.2
BOKL,4/23/2019,282.0,284.0,277.0,281.0,1.44,29102.0,688.0,195.2
BOKL,4/24/2019,281.0,292.0,279.0,292.0,3.91,51577.0,688.0,195.2
BOKL,4/25/2019,295.0,299.0,290.0,295.0,1.03,54628.0,688.0,195.2
BOKL,4/28/2019,297.0,297.0,290.0,290.0,-1.69,47933.0,688.0,195.2
BOKL,4/29/2019,286.0,291.0,283.0,288.0,-0.69,30547.0,688.0,195.2
BOKL,4/30/2019,290.0,290.0,280.0,287.0,-0.35,14760.0,688.0,195.2
BOKL,5/2/2019,283.0,285.0,280.0,282.0,-1.74,15151.0,688.0,195.2
BOKL,5/5/2019,280.0,284.0,275.0,275.0,-2.48,20379.0,688.0,195.2
BOKL,5/6/2019,274.0,290.0,270.0,290.0,5.45,24411.0,688.0,195.2
BOKL,5/7/2019,290.0,290.0,282.0,283.0,-2.41,20728.0,688.0,195.2
BOKL,5/8/2019,283.0,283.0,278.0,280.0,-1.06,19662.0,688.0,195.2
BOKL,5/9/2019,279.0,279.0,276.0,276.0,-1.43,15299.0,688.0,195.2
BOKL,5/12/2019,274.0,276.0,271.0,274.0,-0.72,18576.0,688.0,195.2
BOKL,5/13/2019,277.0,280.0,272.0,277.0,1.09,24225.0,688.0,195.2
BOKL,5/14/2019,280.0,280.0,277.0,277.0,0.0,12736.0,688.0,195.2
BOKL,5/15/2019,277.0,285.0,277.0,280.0,1.08,37812.0,688.0,195.2
BOKL,5/16/2019,281.0,282.0,278.0,280.0,0.0,22792.0,688.0,195.2
BOKL,5/19/2019,280.0,283.0,270.0,279.0,-0.36,36451.0,688.0,195.2
BOKL,5/20/2019,279.0,280.0,276.0,276.0,-1.08,28835.0,688.0,195.2
BOKL,5/21/2019,275.0,283.0,273.0,276.0,0.0,28934.0,688.0,195.2
BOKL,5/22/2019,276.0,279.0,275.0,275.0,-0.36,23839.0,688.0,195.2
BOKL,5/23/2019,280.0,280.0,271.0,271.0,-1.45,19064.0,688.0,195.2
BOKL,5/26/2019,274.0,276.0,270.0,271.0,0.0,60691.0,688.0,195.2
BOKL,5/27/2019,276.0,276.0,271.0,271.0,0.0,16582.0,688.0,195.2
BOKL,5/28/2019,271.0,272.0,270.0,272.0,0.37,14003.0,688.0,195.2
BOKL,5/29/2019,277.0,277.0,272.0,274.0,0.74,20679.0,688.0,195.2
BOKL,5/30/2019,282.0,292.0,277.0,277.0,1.09,48912.0,688.0,195.2
BOKL,6/2/2019,280.0,280.0,271.0,271.0,-2.17,20588.0,688.0,195.2
BOKL,6/3/2019,275.0,275.0,270.0,270.0,-0.37,11986.0,688.0,195.2
BOKL,6/4/2019,270.0,270.0,266.0,268.0,-0.74,24627.0,688.0,195.2
BOKL,6/6/2019,268.0,270.0,267.0,268.0,0.0,13360.0,688.0,195.2
BOKL,6/10/2019,265.0,269.0,264.0,264.0,-1.49,21371.0,688.0,195.2
BOKL,6/11/2019,261.0,265.0,261.0,263.0,-0.38,14585.0,688.0,195.2
BOKL,6/12/2019,263.0,265.0,262.0,263.0,0.0,10424.0,688.0,195.2
BOKL,6/13/2019,264.0,265.0,260.0,264.0,0.38,8527.0,688.0,195.2
BOKL,6/16/2019,260.0,263.0,258.0,263.0,-0.38,23525.0,688.0,195.2
BOKL,6/17/2019,261.0,266.0,260.0,264.0,0.38,25863.0,688.0,195.2
BOKL,6/18/2019,270.0,270.0,261.0,264.0,0.0,8401.0,688.0,195.2
BOKL,6/19/2019,264.0,265.0,260.0,264.0,0.0,16204.0,688.0,195.2
BOKL,6/20/2019,266.0,266.0,260.0,265.0,0.38,27543.0,688.0,195.2
BOKL,6/23/2019,264.0,269.0,260.0,269.0,1.51,21559.0,688.0,195.2
BOKL,6/24/2019,273.0,273.0,260.0,266.0,-1.12,55783.0,688.0,195.2
BOKL,6/25/2019,266.0,266.0,261.0,266.0,0.0,21939.0,688.0,195.2
BOKL,6/26/2019,265.0,266.0,261.0,266.0,0.0,33623.0,688.0,195.2
BOKL,6/27/2019,267.0,271.0,263.0,265.0,-0.38,12681.0,688.0,195.2
BOKL,6/30/2019,265.0,265.0,260.0,261.0,-1.51,20561.0,688.0,195.2
BOKL,7/1/2019,259.0,260.0,257.0,259.0,-0.77,24232.0,688.0,195.2
BOKL,7/2/2019,257.0,263.0,256.0,263.0,1.54,19122.0,688.0,195.2
BOKL,7/3/2019,265.0,268.0,260.0,265.0,0.76,22173.0,688.0,195.2
BOKL,7/4/2019,265.0,265.0,263.0,263.0,-0.75,15905.0,688.0,195.2
BOKL,7/7/2019,265.0,265.0,258.0,260.0,-1.14,29105.0,688.0,195.2
BOKL,7/8/2019,258.0,258.0,255.0,255.0,-1.92,15894.0,688.0,195.2
BOKL,7/9/2019,255.0,259.0,253.0,258.0,1.18,19765.0,688.0,195.2
BOKL,7/10/2019,258.0,260.0,252.0,257.0,-0.39,25780.0,688.0,195.2
BOKL,7/11/2019,257.0,258.0,255.0,257.0,0.0,19954.0,688.0,195.2
BOKL,7/14/2019,260.0,260.0,254.0,255.0,-0.78,7750.0,688.0,195.2
BOKL,7/15/2019,255.0,257.0,253.0,256.0,0.39,20422.0,688.0,195.2
BOKL,7/16/2019,268.0,268.0,254.0,255.0,-0.39,15467.0,688.0,195.2
BOKL,7/17/2019,257.0,265.0,257.0,265.0,3.92,18349.0,688.0,195.2
BOKL,7/18/2019,278.0,278.0,263.0,264.0,-0.38,7766.0,688.0,195.2
BOKL,7/21/2019,277.0,277.0,261.0,266.0,0.76,8726.0,688.0,195.2
BOKL,7/22/2019,263.0,266.0,263.0,265.0,-0.38,32483.0,688.0,195.2
BOKL,7/23/2019,265.0,269.0,265.0,268.0,1.13,17103.0,688.0,195.2
BOKL,7/24/2019,270.0,275.0,269.0,274.0,2.24,37346.0,688.0,195.2
BOKL,7/25/2019,274.0,275.0,265.0,269.0,-1.82,17541.0,688.0,195.2
BOKL,7/28/2019,270.0,270.0,261.0,262.0,-2.6,20846.0,688.0,195.2
BOKL,7/29/2019,265.0,267.0,264.0,267.0,1.91,22293.0,688.0,195.2
BOKL,7/30/2019,270.0,270.0,266.0,268.0,0.37,12562.0,688.0,195.2
BOKL,7/31/2019,268.0,270.0,265.0,268.0,0.0,11732.0,688.0,195.2
BOKL,8/1/2019,270.0,270.0,265.0,265.0,-1.12,14079.0,688.0,195.2
BOKL,8/4/2019,269.0,269.0,262.0,264.0,-0.38,8124.0,688.0,195.2
BOKL,8/5/2019,261.0,265.0,260.0,260.0,-1.52,25061.0,688.0,195.2
BOKL,8/6/2019,261.0,261.0,259.0,260.0,0.0,12218.0,688.0,195.2
BOKL,8/7/2019,256.0,262.0,256.0,262.0,0.77,7987.0,688.0,195.2
BOKL,8/8/2019,265.0,265.0,262.0,264.0,0.76,19073.0,688.0,195.2
BOKL,8/11/2019,261.0,263.0,258.0,260.0,-1.52,25897.0,688.0,195.2
BOKL,8/12/2019,264.0,264.0,260.0,260.0,0.0,6705.0,688.0,195.2
BOKL,8/13/2019,264.0,264.0,260.0,261.0,0.38,7251.0,688.0,195.2
BOKL,8/14/2019,262.0,262.0,257.0,257.0,-1.53,9445.0,688.0,195.2
BOKL,8/15/2019,260.0,260.0,255.0,256.0,-0.39,20551.0,688.0,195.2
BOKL,8/18/2019,256.0,260.0,255.0,258.0,0.78,16439.0,688.0,195.2
BOKL,8/19/2019,262.0,262.0,256.0,260.0,0.78,11404.0,688.0,195.2
BOKL,8/20/2019,263.0,268.0,257.0,258.0,-0.77,6193.0,688.0,195.2
BOKL,8/21/2019,255.0,260.0,255.0,256.0,-0.78,15612.0,688.0,195.2
BOKL,8/22/2019,258.0,260.0,256.0,258.0,0.78,19709.0,688.0,195.2
BOKL,8/25/2019,255.0,258.0,255.0,258.0,0.0,9099.0,688.0,195.2
BOKL,8/26/2019,256.0,260.0,255.0,256.0,-0.78,6272.0,688.0,195.2
BOKL,8/27/2019,257.0,259.0,257.0,257.0,0.39,12231.0,688.0,195.2
BOKL,8/28/2019,255.0,257.0,254.0,254.0,-1.17,18194.0,688.0,195.2
BOKL,8/29/2019,253.0,258.0,252.0,253.0,-0.39,19180.0,688.0,195.2
BOKL,9/1/2019,256.0,256.0,252.0,252.0,-0.4,12889.0,688.0,195.2
BOKL,9/2/2019,253.0,257.0,251.0,253.0,0.4,24852.0,688.0,195.2
BOKL,9/3/2019,253.0,260.0,250.0,260.0,2.77,19078.0,688.0,195.2
BOKL,9/4/2019,257.0,262.0,256.0,261.0,0.38,20107.0,688.0,195.2
BOKL,9/5/2019,261.0,264.0,259.0,261.0,0.0,24163.0,688.0,195.2
BOKL,9/8/2019,256.0,259.0,256.0,258.0,-1.15,11905.0,688.0,195.2
BOKL,9/9/2019,258.0,258.0,255.0,256.0,-0.78,13221.0,688.0,195.2
BOKL,9/10/2019,257.0,258.0,254.0,255.0,-0.39,22770.0,688.0,195.2
BOKL,9/11/2019,254.0,257.0,254.0,255.0,0.0,9238.0,688.0,195.2
BOKL,9/12/2019,253.0,258.0,251.0,255.0,0.0,26346.0,688.0,195.2
BOKL,9/15/2019,251.0,256.0,250.0,255.0,0.0,20365.0,688.0,195.2
BOKL,9/16/2019,254.0,254.0,249.0,250.0,-1.96,16906.0,688.0,195.2
BOKL,9/17/2019,252.0,258.0,250.0,257.0,2.8,10862.0,688.0,195.2
BOKL,9/18/2019,260.0,260.0,256.0,258.0,0.39,12029.0,688.0,195.2
BOKL,9/19/2019,262.0,262.0,257.0,257.0,-0.39,7803.0,688.0,195.2
BOKL,9/22/2019,254.0,254.0,250.0,250.0,-2.72,10219.0,688.0,195.2
BOKL,9/23/2019,250.0,253.0,247.0,250.0,0.0,8143.0,688.0,195.2
BOKL,9/24/2019,249.0,250.0,248.0,248.0,-0.8,11428.0,688.0,195.2
BOKL,9/25/2019,250.0,255.0,249.0,251.0,1.21,20357.0,688.0,195.2
BOKL,9/26/2019,252.0,254.0,250.0,250.0,-0.4,12535.0,688.0,195.2
BOKL,9/29/2019,255.0,255.0,248.0,250.0,0.0,14047.0,688.0,195.2
BOKL,9/30/2019,249.0,255.0,248.0,255.0,2.0,17798.0,688.0,195.2
BOKL,10/1/2019,255.0,259.0,253.0,259.0,1.57,10895.0,688.0,195.2
BOKL,10/2/2019,264.0,264.0,259.0,260.0,0.39,73794.0,688.0,195.2
BOKL,10/3/2019,250.0,250.0,231.0,236.0,-9.23,12750.0,688.0,195.2
BOKL,10/10/2019,236.0,240.0,234.0,240.0,1.69,3250.0,688.0,195.2
BOKL,10/14/2019,237.0,237.0,233.0,233.0,-2.92,4910.0,688.0,195.2
BOKL,10/15/2019,231.0,233.0,230.0,233.0,0.0,7065.0,688.0,195.2
BOKL,10/16/2019,230.0,230.0,227.0,227.0,-2.58,11842.0,688.0,195.2
BOKL,10/17/2019,228.0,228.0,226.0,227.0,0.0,15319.0,688.0,195.2
BOKL,10/20/2019,227.0,227.0,226.0,226.0,-0.44,5992.0,688.0,195.2
BOKL,10/21/2019,226.0,228.0,222.0,226.0,0.0,18427.0,688.0,195.2
BOKL,10/22/2019,226.0,228.0,226.0,227.0,0.44,3196.0,688.0,195.2
BOKL,10/23/2019,223.0,230.0,223.0,229.0,0.88,15733.0,688.0,195.2
BOKL,10/24/2019,231.0,231.0,227.0,227.0,-0.87,12361.0,688.0,195.2
BOKL,10/31/2019,227.0,230.0,223.0,224.0,-1.32,9702.0,688.0,195.2
BOKL,11/3/2019,227.0,233.0,224.0,225.0,0.45,12580.0,688.0,195.2
BOKL,11/4/2019,224.0,226.0,224.0,226.0,0.44,5418.0,688.0,195.2
BOKL,11/5/2019,226.0,227.0,225.0,226.0,0.0,9455.0,688.0,195.2
BOKL,11/6/2019,229.0,229.0,225.0,227.0,0.44,8381.0,688.0,195.2
BOKL,11/7/2019,228.0,228.0,222.0,227.0,0.0,20873.0,688.0,195.2
BOKL,11/10/2019,226.0,226.0,220.0,225.0,-0.88,14535.0,688.0,195.2
BOKL,11/11/2019,228.0,228.0,222.0,227.0,0.89,16415.0,688.0,195.2
BOKL,11/12/2019,225.0,225.0,222.0,222.0,-2.2,12357.0,688.0,195.2
BOKL,11/13/2019,222.0,223.0,221.0,222.0,0.0,13676.0,688.0,195.2
BOKL,11/14/2019,221.0,225.0,220.0,225.0,1.35,9975.0,688.0,195.2
BOKL,11/17/2019,223.0,223.0,219.0,221.0,-1.78,9329.0,688.0,195.2
BOKL,11/18/2019,221.0,221.0,212.0,218.0,-1.36,15274.0,688.0,195.2
BOKL,11/19/2019,218.0,219.0,216.0,216.0,-0.92,4045.0,688.0,195.2
BOKL,11/20/2019,216.0,218.0,215.0,217.0,0.46,6300.0,688.0,195.2
BOKL,11/21/2019,215.0,217.0,214.0,217.0,0.0,8952.0,688.0,195.2
BOKL,11/24/2019,215.0,215.0,212.0,213.0,-1.84,18514.0,688.0,195.2
BOKL,11/25/2019,210.0,218.0,210.0,215.0,0.94,10458.0,688.0,195.2
BOKL,11/26/2019,215.0,215.0,213.0,215.0,0.0,6407.0,688.0,195.2
BOKL,11/27/2019,215.0,217.0,213.0,217.0,0.93,8732.0,688.0,195.2
BOKL,11/28/2019,215.0,216.0,211.0,211.0,-2.76,8624.0,688.0,195.2
BOKL,12/1/2019,212.0,213.0,210.0,212.0,0.47,21546.0,688.0,195.2
BOKL,12/2/2019,215.0,215.0,212.0,213.0,0.47,6009.0,688.0,195.2
BOKL,12/3/2019,213.0,215.0,212.0,215.0,0.94,11414.0,688.0,195.2
BOKL,12/4/2019,216.0,216.0,213.0,215.0,0.0,9012.0,688.0,195.2
BOKL,12/5/2019,214.0,217.0,214.0,215.0,0.0,6864.0,688.0,195.2
BOKL,12/8/2019,218.0,218.0,213.0,216.0,0.47,7387.0,688.0,195.2
BOKL,12/9/2019,215.0,219.0,214.0,219.0,1.39,21324.0,688.0,195.2
BOKL,12/10/2019,222.0,222.0,218.0,219.0,0.0,13419.0,688.0,195.2
BOKL,12/11/2019,219.0,219.0,217.0,218.0,-0.46,5814.0,688.0,195.2
BOKL,12/12/2019,220.0,220.0,216.0,218.0,0.0,9514.0,688.0,195.2
BOKL,12/15/2019,220.0,223.0,218.0,222.0,1.83,20827.0,688.0,195.2
BOKL,12/16/2019,221.0,221.0,216.0,217.0,-2.25,2806.0,688.0,195.2
BOKL,12/17/2019,217.0,220.0,216.0,216.0,-0.46,5475.0,688.0,195.2
BOKL,12/18/2019,220.0,220.0,215.0,217.0,0.46,5157.0,688.0,195.2
BOKL,12/19/2019,220.0,220.0,214.0,214.0,-1.38,15344.0,688.0,195.2
BOKL,12/22/2019,213.0,217.0,213.0,216.0,0.93,9092.0,688.0,195.2
BOKL,12/23/2019,216.0,219.0,216.0,218.0,0.93,9370.0,688.0,195.2
BOKL,12/24/2019,219.0,220.0,216.0,217.0,-0.46,5198.0,688.0,195.2
BOKL,12/25/2019,217.0,217.0,213.0,213.0,-1.84,17165.0,688.0,195.2
BOKL,12/26/2019,216.0,216.0,214.0,215.0,0.94,6350.0,688.0,195.2
BOKL,12/29/2019,218.0,218.0,213.0,213.0,-0.93,18116.0,688.0,195.2
BOKL,12/30/2019,217.0,217.0,212.0,215.0,0.94,5778.0,688.0,195.2
BOKL,12/31/2019,217.0,217.0,213.0,215.0,0.0,9787.0,688.0,195.2
BOKL,1/1/2020,217.0,217.0,213.0,215.0,0.0,9011.0,688.0,195.2
BOKL,1/2/2020,215.0,215.0,211.0,214.0,-0.47,39203.0,688.0,195.2
BOKL,1/5/2020,215.0,218.0,215.0,217.0,1.4,18212.0,688.0,195.2
BOKL,1/6/2020,218.0,225.0,218.0,223.0,2.76,39515.0,688.0,195.2
BOKL,1/7/2020,223.0,229.0,223.0,226.0,1.35,50633.0,688.0,195.2
BOKL,1/8/2020,226.0,228.0,222.0,226.0,0.0,34835.0,688.0,195.2
BOKL,1/9/2020,225.0,228.0,221.0,225.0,-0.44,22613.0,688.0,195.2
BOKL,1/12/2020,226.0,232.0,226.0,232.0,3.11,29950.0,688.0,195.2
BOKL,1/13/2020,235.0,238.0,231.0,232.0,0.0,45542.0,688.0,195.2
BOKL,1/14/2020,234.0,236.0,226.0,230.0,-0.86,19041.0,688.0,195.2
BOKL,1/15/2020,232.0,241.0,230.0,236.0,2.61,36761.0,688.0,195.2
BOKL,1/16/2020,240.0,244.0,236.0,244.0,3.39,47849.0,688.0,195.2
BOKL,1/19/2020,245.0,252.0,245.0,247.0,1.23,40375.0,688.0,195.2
BOKL,1/20/2020,251.0,251.0,236.0,238.0,-3.64,33432.0,688.0,195.2
BOKL,1/21/2020,240.0,240.0,237.0,238.0,0.0,25239.0,688.0,195.2
BOKL,1/22/2020,235.0,239.0,231.0,235.0,-1.26,22363.0,688.0,195.2
BOKL,1/23/2020,239.0,239.0,227.0,230.0,-2.13,16722.0,688.0,195.2
BOKL,1/26/2020,228.0,234.0,225.0,226.0,-1.74,11152.0,688.0,195.2
BOKL,1/27/2020,228.0,235.0,226.0,235.0,3.98,15809.0,688.0,195.2
BOKL,1/28/2020,236.0,237.0,229.0,229.0,-2.55,17589.0,688.0,195.2
BOKL,1/29/2020,233.0,233.0,228.0,230.0,0.44,24230.0,688.0,195.2
BOKL,1/30/2020,230.0,235.0,228.0,231.0,0.43,44538.0,688.0,195.2
BOKL,2/2/2020,235.0,240.0,233.0,239.0,3.46,40976.0,688.0,195.2
BOKL,2/3/2020,242.0,246.0,239.0,242.0,1.26,43867.0,688.0,195.2
BOKL,2/4/2020,245.0,245.0,237.0,238.0,-1.65,30002.0,688.0,195.2
BOKL,2/5/2020,237.0,238.0,234.0,236.0,-0.84,8198.0,688.0,195.2
BOKL,2/6/2020,233.0,236.0,233.0,236.0,0.0,11140.0,688.0,195.2
BOKL,2/9/2020,234.0,234.0,228.0,231.0,-2.12,21351.0,688.0,195.2
BOKL,2/10/2020,234.0,234.0,227.0,230.0,-0.43,22931.0,688.0,195.2
BOKL,2/11/2020,234.0,238.0,232.0,237.0,3.04,48409.0,688.0,195.2
BOKL,2/12/2020,240.0,240.0,233.0,234.0,-1.27,25498.0,688.0,195.2
BOKL,2/13/2020,233.0,234.0,230.0,232.0,-0.85,23923.0,688.0,195.2
BOKL,2/16/2020,232.0,234.0,231.0,233.0,0.43,20609.0,688.0,195.2
BOKL,2/17/2020,237.0,241.0,235.0,241.0,3.43,48896.0,688.0,195.2
BOKL,2/18/2020,245.0,249.0,237.0,240.0,-0.41,48031.0,688.0,195.2
BOKL,2/19/2020,237.0,240.0,236.0,236.0,-1.67,43799.0,688.0,195.2
BOKL,2/20/2020,236.0,240.0,236.0,237.0,0.42,46320.0,688.0,195.2
BOKL,2/23/2020,240.0,260.0,240.0,258.0,8.86,124124.0,688.0,195.2
BOKL,2/24/2020,263.0,271.0,258.0,260.0,0.78,161312.0,688.0,195.2
BOKL,2/25/2020,260.0,263.0,251.0,262.0,0.77,54933.0,688.0,195.2
BOKL,2/26/2020,265.0,275.0,263.0,274.0,4.58,98438.0,688.0,195.2
BOKL,2/27/2020,269.0,295.0,268.0,284.0,3.65,129851.0,688.0,195.2
BOKL,3/1/2020,286.0,296.0,277.0,277.0,-2.46,146992.0,688.0,195.2
BOKL,3/2/2020,277.0,280.0,260.0,260.0,-6.14,79661.0,688.0,195.2
BOKL,3/3/2020,255.0,274.0,250.0,260.0,0.0,75286.0,688.0,195.2
BOKL,3/4/2020,260.0,260.0,245.0,249.0,-4.23,80872.0,688.0,195.2
BOKL,3/5/2020,246.0,252.0,236.0,248.0,-0.4,47257.0,688.0,195.2
BOKL,3/10/2020,244.0,245.0,231.0,232.0,-6.45,28949.0,688.0,195.2
BOKL,3/11/2020,236.0,249.0,229.0,249.0,7.33,60976.0,688.0,195.2
BOKL,3/12/2020,245.0,249.0,236.0,239.0,-4.02,55965.0,688.0,195.2
BOKL,3/15/2020,236.0,236.0,229.0,231.0,-3.35,62356.0,688.0,195.2
BOKL,3/16/2020,228.0,239.0,227.0,228.0,-1.3,67639.0,688.0,195.2
BOKL,3/17/2020,225.0,229.0,220.0,222.0,-2.63,65453.0,688.0,195.2
BOKL,3/18/2020,223.0,225.0,216.0,222.0,0.0,51511.0,688.0,195.2
BOKL,3/19/2020,218.0,225.0,212.0,223.0,0.45,56951.0,688.0,195.2
BOKL,3/22/2020,219.0,226.0,213.0,218.0,-2.24,10899.0,688.0,195.2
BOKL,5/12/2020,214.0,214.0,212.0,212.0,-2.75,154.0,688.0,195.2
BOKL,5/13/2020,208.0,208.0,206.0,206.0,-2.83,70.0,688.0,195.2
BOKL,6/30/2020,196.0,217.0,196.0,217.0,5.34,2985.0,688.0,195.2
BOKL,7/1/2020,218.0,230.0,218.0,229.0,5.53,5311.0,688.0,195.2
BOKL,7/2/2020,230.0,230.0,212.0,214.0,-6.55,5404.0,688.0,195.2
BOKL,7/5/2020,212.0,216.0,205.0,208.0,-2.8,33046.0,688.0,195.2
BOKL,7/6/2020,208.0,214.0,207.0,214.0,2.88,22181.0,688.0,195.2
BOKL,7/7/2020,215.0,222.0,213.0,215.0,0.47,32599.0,688.0,195.2
BOKL,7/8/2020,216.0,217.0,211.0,215.0,0.0,22101.0,688.0,195.2
BOKL,7/9/2020,212.0,220.0,212.0,218.0,1.4,7122.0,688.0,195.2
BOKL,7/12/2020,220.0,226.0,216.0,218.0,0.0,13658.0,688.0,195.2
BOKL,7/13/2020,218.0,220.0,214.0,214.0,-1.83,16101.0,688.0,195.2
BOKL,7/14/2020,215.0,217.0,213.0,216.0,0.93,15159.0,688.0,195.2
BOKL,7/15/2020,220.0,222.0,216.0,219.0,1.39,34236.0,688.0,195.2
BOKL,7/16/2020,220.0,227.0,220.0,225.0,2.74,24081.0,688.0,195.2
BOKL,7/19/2020,229.0,237.0,229.0,237.0,5.33,311.0,688.0,195.2
BOKL,7/20/2020,248.0,260.0,237.0,243.0,2.53,126703.0,688.0,195.2
BOKL,7/21/2020,239.0,247.0,235.0,237.0,-2.47,54494.0,688.0,195.2
BOKL,7/22/2020,240.0,243.0,232.0,233.0,-1.69,26698.0,688.0,195.2
BOKL,7/23/2020,235.0,235.0,229.0,234.0,0.43,39064.0,688.0,195.2
BOKL,7/26/2020,237.0,240.0,232.0,237.0,1.28,26608.0,688.0,195.2
BOKL,7/27/2020,238.0,244.0,236.0,241.0,1.69,49268.0,688.0,195.2
BOKL,7/28/2020,240.0,243.0,237.0,240.0,-0.41,42399.0,688.0,195.2
BOKL,7/29/2020,242.0,242.0,233.0,236.0,-1.67,33389.0,688.0,195.2
BOKL,7/30/2020,235.0,236.0,230.0,236.0,0.0,34010.0,688.0,195.2
BOKL,8/2/2020,232.0,232.0,225.0,228.0,-3.39,34540.0,688.0,195.2
BOKL,8/3/2020,225.0,234.0,220.0,230.0,0.88,18122.0,688.0,195.2
BOKL,8/5/2020,231.0,231.0,220.0,221.0,-3.91,43245.0,688.0,195.2
BOKL,8/6/2020,219.0,223.0,217.0,222.0,0.45,13961.0,688.0,195.2
BOKL,8/9/2020,219.0,225.0,216.0,224.0,0.9,14772.0,688.0,195.2
BOKL,8/10/2020,224.0,229.0,224.0,229.0,2.23,30868.0,688.0,195.2
BOKL,8/11/2020,229.0,232.0,225.0,227.0,-0.87,27005.0,688.0,195.2
BOKL,8/12/2020,216.0,228.0,216.0,228.0,0.44,51010.0,688.0,195.2
BOKL,8/13/2020,225.0,227.0,222.0,225.0,-1.32,37044.0,688.0,195.2
BOKL,8/16/2020,222.0,227.0,220.0,226.0,0.44,39493.0,688.0,195.2
BOKL,8/17/2020,226.0,230.0,225.0,228.0,0.88,42580.0,688.0,195.2
BOKL,8/18/2020,228.0,228.0,224.0,225.0,-1.32,44485.0,688.0,195.2
BOKL,8/19/2020,223.0,224.0,221.0,221.0,-1.78,31853.0,688.0,195.2
BOKL,8/20/2020,219.0,225.0,219.0,224.0,1.36,9065.0,688.0,195.2
BOKL,8/23/2020,222.0,226.0,221.0,225.0,0.45,13733.0,688.0,195.2
BOKL,8/24/2020,228.0,228.0,225.0,228.0,1.33,24846.0,688.0,195.2
BOKL,8/25/2020,230.0,231.0,227.0,229.0,0.44,24183.0,688.0,195.2
BOKL,8/26/2020,227.0,238.0,227.0,233.0,1.75,60700.0,688.0,195.2
BOKL,8/27/2020,237.0,237.0,230.0,232.0,-0.43,32327.0,688.0,195.2
BOKL,8/30/2020,230.0,232.0,228.0,232.0,0.0,21178.0,688.0,195.2
BOKL,8/31/2020,233.0,233.0,229.0,232.0,0.0,41994.0,688.0,195.2
BOKL,9/2/2020,234.0,240.0,232.0,236.0,1.72,47839.0,688.0,195.2
BOKL,9/3/2020,233.0,239.0,233.0,235.0,-0.42,43792.0,688.0,195.2
BOKL,9/6/2020,246.0,246.0,235.0,236.0,0.43,73171.0,688.0,195.2
BOKL,9/7/2020,235.0,236.0,231.0,232.0,-1.69,33122.0,688.0,195.2
BOKL,9/8/2020,231.0,235.0,229.0,233.0,0.43,40771.0,688.0,195.2
BOKL,9/9/2020,230.0,233.0,230.0,231.0,-0.86,21531.0,688.0,195.2
BOKL,9/10/2020,242.0,242.0,232.0,234.0,1.3,51183.0,688.0,195.2
BOKL,9/13/2020,233.0,239.0,232.0,238.0,1.71,86811.0,688.0,195.2
BOKL,9/14/2020,240.0,253.0,238.0,249.0,4.62,268438.0,688.0,195.2
BOKL,9/15/2020,253.0,257.0,248.0,250.0,0.4,158056.0,688.0,195.2
BOKL,9/16/2020,250.0,251.0,246.0,247.0,-1.2,68178.0,688.0,195.2
BOKL,9/17/2020,259.0,259.0,247.0,254.0,2.83,124827.0,688.0,195.2
BOKL,9/20/2020,254.0,268.0,254.0,263.0,3.54,144915.0,688.0,195.2
BOKL,9/21/2020,263.0,274.0,258.0,267.0,1.52,210604.0,688.0,195.2
BOKL,9/22/2020,275.0,275.0,253.0,257.0,-3.75,128552.0,688.0,195.2
BOKL,9/23/2020,258.0,266.0,255.0,262.0,1.95,99383.0,688.0,195.2
BOKL,9/24/2020,259.0,261.0,258.0,259.0,-1.15,58514.0,688.0,195.2
BOKL,9/27/2020,255.0,264.0,255.0,262.0,1.16,69232.0,688.0,195.2
BOKL,9/28/2020,267.0,267.0,260.0,263.0,0.38,71209.0,688.0,195.2
BOKL,9/29/2020,260.0,263.0,260.0,262.0,-0.38,42015.0,688.0,195.2
BOKL,9/30/2020,263.0,264.0,258.0,258.0,-1.53,54273.0,688.0,195.2
BOKL,10/1/2020,265.0,283.0,265.0,282.0,9.3,535005.0,688.0,195.2
BOKL,10/4/2020,290.0,295.0,278.0,280.0,-0.71,261807.0,688.0,195.2
BOKL,10/5/2020,282.0,282.0,276.0,278.0,-0.71,81855.0,688.0,195.2
BOKL,10/6/2020,281.0,281.0,274.0,275.0,-1.08,82574.0,688.0,195.2
BOKL,10/7/2020,285.0,285.0,272.0,276.0,0.36,129951.0,688.0,195.2
BOKL,10/8/2020,275.0,279.0,274.0,275.0,-0.36,114037.0,688.0,195.2
BOKL,10/11/2020,276.0,276.0,272.0,273.0,-0.73,47452.0,688.0,195.2
BOKL,10/12/2020,272.0,275.0,271.0,273.0,0.0,41566.0,688.0,195.2
BOKL,10/13/2020,278.0,278.0,270.0,273.0,0.0,42735.0,688.0,195.2
BOKL,10/14/2020,270.0,274.0,270.0,274.0,0.37,55428.0,688.0,195.2
BOKL,10/15/2020,287.0,287.0,272.0,273.0,-0.36,54349.0,688.0,195.2
BOKL,10/18/2020,278.0,278.0,273.0,273.0,0.0,36893.0,688.0,195.2
BOKL,10/19/2020,272.0,275.0,272.0,273.0,0.0,26087.0,688.0,195.2
BOKL,10/20/2020,275.0,275.0,273.0,275.0,0.73,28220.0,688.0,195.2
BOKL,10/21/2020,279.0,279.0,276.0,278.0,1.09,42565.0,688.0,195.2
BOKL,10/22/2020,280.0,282.0,275.0,279.0,0.36,66361.0,688.0,195.2
BOKL,10/28/2020,285.0,288.0,280.0,288.0,3.23,204148.0,688.0,195.2
BOKL,10/29/2020,290.0,294.0,284.0,287.0,-0.35,201489.0,688.0,195.2
BOKL,11/1/2020,291.0,291.0,282.0,286.0,-0.35,73910.0,688.0,195.2
BOKL,11/2/2020,287.0,287.0,281.0,282.0,-1.4,49561.0,688.0,195.2
BOKL,11/3/2020,282.0,283.0,280.0,282.0,0.0,44213.0,688.0,195.2
BOKL,11/4/2020,283.0,285.0,281.0,281.0,-0.35,51610.0,688.0,195.2
BOKL,11/5/2020,282.0,288.0,280.0,287.0,2.14,127669.0,688.0,195.2
BOKL,11/8/2020,300.0,301.0,292.0,297.0,3.48,354445.0,688.0,195.2
BOKL,11/9/2020,298.0,298.0,291.0,291.0,-2.02,117724.0,688.0,195.2
BOKL,11/10/2020,295.0,295.0,290.0,291.0,0.0,92014.0,688.0,195.2
BOKL,11/11/2020,291.0,293.0,291.0,292.0,0.34,166822.0,688.0,195.2
BOKL,11/12/2020,295.0,300.0,292.0,296.0,1.37,403162.0,688.0,195.2
BOKL,11/18/2020,263.0,263.0,253.0,255.0,-13.85,103991.0,688.0,195.2
BOKL,11/19/2020,253.0,255.0,251.0,252.0,-1.18,117116.0,688.0,195.2
BOKL,11/22/2020,264.0,264.0,250.0,254.0,0.79,118560.0,688.0,195.2
BOKL,11/23/2020,266.0,266.0,251.0,253.0,-0.39,95251.0,688.0,195.2
BOKL,11/24/2020,253.0,257.0,249.0,250.0,-1.19,130506.0,688.0,195.2
BOKL,11/25/2020,255.0,255.0,247.0,253.0,1.2,141772.0,688.0,195.2
BOKL,11/26/2020,257.0,262.0,253.0,257.0,1.58,138258.0,688.0,195.2
BOKL,11/29/2020,261.0,282.0,257.0,280.0,8.95,325530.0,688.0,195.2
BOKL,11/30/2020,285.0,300.0,270.0,272.0,-2.86,203426.0,688.0,195.2
BOKL,12/1/2020,275.0,276.0,265.0,265.0,-2.57,130179.0,688.0,195.2
BOKL,12/2/2020,265.0,268.0,262.0,265.0,0.0,112630.0,688.0,195.2
BOKL,12/3/2020,265.0,269.0,259.0,261.0,-1.51,98576.0,688.0,195.2
BOKL,12/6/2020,256.0,260.0,250.0,252.0,-3.45,72643.0,688.0,195.2
BOKL,12/7/2020,247.0,261.0,247.0,253.0,0.4,89594.0,688.0,195.2
BOKL,12/8/2020,256.0,256.0,250.0,251.0,-0.79,67927.0,688.0,195.2
BOKL,12/9/2020,252.0,252.0,247.0,248.0,-1.2,85008.0,688.0,195.2
BOKL,12/10/2020,246.0,250.0,245.0,245.0,-1.21,46399.0,688.0,195.2
BOKL,12/13/2020,249.0,254.0,246.0,254.0,3.67,73857.0,688.0,195.2
BOKL,12/14/2020,256.0,258.0,253.0,253.0,-0.39,99978.0,688.0,195.2
BOKL,12/15/2020,255.0,257.0,250.0,253.0,0.0,62682.0,688.0,195.2
BOKL,12/16/2020,250.0,254.0,248.0,252.0,-0.4,41487.0,688.0,195.2
BOKL,12/17/2020,252.0,256.0,251.0,251.0,-0.4,82743.0,688.0,195.2
BOKL,12/20/2020,255.0,255.0,242.0,243.0,-3.19,94173.0,688.0,195.2
BOKL,12/21/2020,240.0,249.0,236.0,240.0,-1.23,95908.0,688.0,195.2
BOKL,12/22/2020,244.0,250.0,243.0,250.0,4.17,73190.0,688.0,195.2
BOKL,12/23/2020,255.0,257.0,251.0,254.0,1.6,121046.0,688.0,195.2
BOKL,12/24/2020,250.0,257.0,248.0,255.0,0.39,73003.0,688.0,195.2
BOKL,12/27/2020,255.0,256.0,249.0,250.0,-1.96,73549.0,688.0,195.2
BOKL,12/28/2020,253.0,253.0,248.0,250.0,0.0,64025.0,688.0,195.2
BOKL,12/29/2020,250.0,253.0,248.0,250.0,0.0,50840.0,688.0,195.2
BOKL,12/30/2020,250.0,254.0,249.0,249.0,-0.4,52966.0,688.0,195.2
BOKL,12/31/2020,250.0,256.0,250.0,254.0,2.01,96547.0,688.0,195.2
BOKL,1/3/2021,254.0,270.0,254.0,270.0,6.3,188960.0,688.0,195.2
BOKL,1/4/2021,270.0,276.0,265.0,265.0,-1.85,153625.0,688.0,195.2
BOKL,1/5/2021,260.0,273.0,260.0,269.0,1.51,96271.0,688.0,195.2
BOKL,1/6/2021,271.0,273.0,266.0,272.0,1.12,124685.0,688.0,195.2
BOKL,1/7/2021,277.0,277.0,270.0,276.0,1.47,124222.0,688.0,195.2
BOKL,1/10/2021,275.0,291.0,275.0,290.0,5.07,234078.0,688.0,195.2
BOKL,1/11/2021,290.0,299.0,286.0,288.0,-0.69,151601.0,688.0,195.2
BOKL,1/12/2021,289.0,310.0,285.0,305.0,5.9,238995.0,688.0,195.2
BOKL,1/13/2021,305.0,310.0,305.0,307.0,0.66,167081.0,688.0,195.2
BOKL,1/17/2021,306.0,308.0,300.0,302.0,-1.63,96314.0,688.0,195.2
BOKL,1/18/2021,317.0,317.0,300.0,307.0,1.66,171423.0,688.0,195.2
BOKL,1/19/2021,313.0,331.0,301.0,317.0,3.26,348390.0,688.0,195.2
BOKL,1/20/2021,320.0,333.0,318.0,328.0,3.47,301528.0,688.0,195.2
BOKL,1/21/2021,344.0,344.0,320.0,321.0,-2.13,148130.0,688.0,195.2
BOKL,1/24/2021,321.0,326.0,316.0,320.0,-0.31,193124.0,688.0,195.2
BOKL,1/25/2021,335.0,335.0,315.0,320.0,0.0,186641.0,688.0,195.2
BOKL,1/26/2021,317.0,323.0,313.0,315.0,-1.56,124536.0,688.0,195.2
BOKL,1/27/2021,300.0,319.0,300.0,311.0,-1.27,85274.0,688.0,195.2
BOKL,1/28/2021,305.0,311.0,300.0,301.0,-3.22,189062.0,688.0,195.2
BOKL,1/31/2021,296.0,298.0,285.0,289.0,-3.99,132973.0,688.0,195.2
BOKL,2/1/2021,294.0,299.0,286.0,292.0,1.04,97056.0,688.0,195.2
BOKL,2/2/2021,292.0,298.0,288.0,298.0,2.05,121560.0,688.0,195.2
BOKL,2/3/2021,300.0,302.0,294.0,295.0,-1.01,97816.0,688.0,195.2
BOKL,2/4/2021,293.0,297.0,291.0,293.0,-0.68,62678.0,688.0,195.2
BOKL,2/7/2021,297.0,298.0,292.0,296.0,1.02,117134.0,688.0,195.2
BOKL,2/8/2021,297.0,319.0,293.0,315.0,6.42,360569.0,688.0,195.2
BOKL,2/9/2021,318.0,327.0,305.0,310.0,-1.59,213078.0,688.0,195.2
BOKL,2/10/2021,312.0,313.0,302.0,313.0,0.97,178663.0,688.0,195.2
BOKL,2/11/2021,316.0,331.0,312.0,318.0,1.6,298115.0,688.0,195.2
BOKL,2/14/2021,318.0,318.0,306.0,310.0,-2.52,97873.0,688.0,195.2
BOKL,2/15/2021,316.0,322.0,308.0,310.0,0.0,226766.0,688.0,195.2
BOKL,2/16/2021,315.0,324.0,313.0,317.0,2.26,338143.0,688.0,195.2
BOKL,2/17/2021,323.0,327.0,314.0,320.0,0.95,180283.0,688.0,195.2
BOKL,2/18/2021,325.0,332.0,320.0,326.0,1.88,330995.0,688.0,195.2
BOKL,2/21/2021,342.0,342.0,322.0,324.0,-0.61,217143.0,688.0,195.2
BOKL,2/22/2021,340.0,340.0,313.0,314.0,-3.09,192202.0,688.0,195.2
BOKL,2/23/2021,314.0,314.0,304.0,312.0,-0.64,153889.0,688.0,195.2
BOKL,2/24/2021,316.0,323.0,308.0,314.0,0.64,164982.0,688.0,195.2
BOKL,2/25/2021,314.0,314.0,305.0,306.0,-2.55,174742.0,688.0,195.2
BOKL,2/28/2021,305.0,307.0,296.0,298.0,-2.61,215579.0,688.0,195.2
BOKL,3/1/2021,300.0,314.0,296.0,309.0,3.69,229017.0,688.0,195.2
BOKL,3/2/2021,310.0,315.0,300.0,302.0,-2.27,129739.0,688.0,195.2
BOKL,3/3/2021,317.0,317.0,296.0,303.0,0.33,130234.0,688.0,195.2
BOKL,3/4/2021,310.0,330.0,299.0,326.0,7.59,273837.0,688.0,195.2
BOKL,3/7/2021,324.0,326.0,310.0,312.0,-4.29,96416.0,688.0,195.2
BOKL,3/9/2021,307.0,308.0,300.0,306.0,-1.92,60456.0,688.0,195.2
BOKL,3/10/2021,308.0,308.0,302.0,306.0,0.0,54907.0,688.0,195.2
BOKL,3/14/2021,306.0,306.0,296.0,297.0,-2.94,88169.0,688.0,195.2
BOKL,3/15/2021,297.0,302.0,293.0,295.0,-0.67,51470.0,688.0,195.2
BOKL,3/16/2021,300.0,300.0,293.0,294.0,-0.34,37308.0,688.0,195.2
BOKL,3/17/2021,296.0,300.0,289.0,289.0,-1.7,119417.0,688.0,195.2
BOKL,3/18/2021,294.0,304.0,294.0,298.0,3.11,99177.0,688.0,195.2
BOKL,3/21/2021,303.0,303.0,297.0,302.0,1.34,225077.0,688.0,195.2
BOKL,3/22/2021,303.0,303.0,296.0,297.0,-1.66,129885.0,688.0,195.2
BOKL,3/23/2021,300.0,300.0,296.0,299.0,0.67,63266.0,688.0,195.2
BOKL,3/24/2021,302.0,304.0,297.0,301.0,0.67,128470.0,688.0,195.2
BOKL,3/25/2021,316.0,316.0,297.0,301.0,0.0,131961.0,688.0,195.2
BOKL,3/29/2021,316.0,316.0,297.0,299.0,-0.66,73392.0,688.0,195.2
BOKL,3/30/2021,313.0,313.0,298.0,299.0,0.0,72214.0,688.0,195.2
BOKL,3/31/2021,303.0,306.0,300.0,304.0,1.67,145167.0,688.0,195.2
BOKL,4/1/2021,306.0,320.0,300.0,309.0,1.64,374271.0,688.0,195.2
BOKL,4/4/2021,310.0,317.0,310.0,312.0,0.97,161724.0,688.0,195.2
BOKL,4/5/2021,315.0,317.0,306.0,307.0,-1.6,149804.0,688.0,195.2
BOKL,4/6/2021,307.0,312.0,304.0,310.0,0.98,171085.0,688.0,195.2
BOKL,4/7/2021,310.0,315.0,306.0,310.0,0.0,153079.0,688.0,195.2
BOKL,4/8/2021,310.0,315.0,309.0,313.0,0.97,206441.0,688.0,195.2
BOKL,4/12/2021,313.0,316.0,308.0,310.0,-0.96,98939.0,688.0,195.2
BOKL,4/13/2021,311.0,319.0,310.0,318.0,2.58,143204.0,688.0,195.2
BOKL,4/15/2021,320.0,328.0,319.0,321.0,0.94,213474.0,688.0,195.2
BOKL,4/18/2021,322.0,324.0,314.0,318.0,-0.93,211278.0,688.0,195.2
BOKL,4/19/2021,318.0,320.0,311.0,313.0,-1.57,118535.0,688.0,195.2
BOKL,4/20/2021,313.0,316.0,310.0,312.0,-0.32,91847.0,688.0,195.2
BOKL,4/21/2021,317.0,317.0,307.0,309.0,-0.96,130341.0,688.0,195.2
BOKL,4/22/2021,309.0,311.0,305.0,309.0,0.0,95086.0,688.0,195.2
BOKL,4/25/2021,309.0,312.0,301.0,304.0,-1.62,92456.0,688.0,195.2
BOKL,4/26/2021,304.0,304.0,294.0,296.0,-2.63,107513.0,688.0,195.2
BOKL,4/27/2021,295.0,306.0,295.0,306.0,3.38,59901.0,688.0,195.2
BOKL,4/28/2021,306.0,306.0,299.0,301.0,-1.63,55264.0,688.0,195.2
BOKL,4/29/2021,315.0,315.0,301.0,303.0,0.66,53030.0,688.0,195.2
BOKL,5/2/2021,301.0,305.0,300.0,305.0,0.66,145278.0,688.0,195.2
BOKL,5/3/2021,309.0,310.0,302.0,305.0,0.0,37238.0,688.0,195.2
BOKL,5/4/2021,306.0,306.0,301.0,303.0,-0.66,42098.0,688.0,195.2
BOKL,5/5/2021,300.0,305.0,300.0,301.0,-0.66,46955.0,688.0,195.2
BOKL,5/6/2021,302.0,307.0,299.0,305.0,1.33,106144.0,688.0,195.2
BOKL,5/9/2021,320.0,326.0,304.0,314.0,2.95,638625.0,688.0,195.2
BOKL,5/10/2021,314.0,316.0,310.0,314.0,0.0,97687.0,688.0,195.2
BOKL,5/11/2021,317.0,317.0,312.0,313.0,-0.32,53287.0,688.0,195.2
BOKL,5/12/2021,312.0,314.0,309.0,312.0,-0.32,44521.0,688.0,195.2
BOKL,5/13/2021,315.0,315.0,310.0,312.0,0.0,51218.0,688.0,195.2
BOKL,5/16/2021,315.0,324.0,315.0,320.0,2.56,228423.0,688.0,195.2
BOKL,5/17/2021,322.0,325.0,318.0,324.0,1.25,213833.0,688.0,195.2
BOKL,5/18/2021,325.0,327.0,321.0,325.0,0.31,153382.0,688.0,195.2
BOKL,5/19/2021,327.0,335.0,325.0,330.0,1.54,496518.0,688.0,195.2
BOKL,5/20/2021,340.0,351.0,335.0,351.0,6.36,980144.0,688.0,195.2
BOKL,5/23/2021,351.0,354.0,337.0,353.0,0.57,413005.0,688.0,195.2
BOKL,5/24/2021,360.0,360.0,342.0,348.0,-1.42,409929.0,688.0,195.2
BOKL,5/25/2021,348.0,349.0,340.0,341.0,-2.01,221004.0,688.0,195.2
BOKL,5/27/2021,335.0,349.0,328.0,342.0,0.29,197418.0,688.0,195.2
BOKL,5/30/2021,348.0,356.0,340.0,349.0,2.05,254658.0,688.0,195.2
BOKL,5/31/2021,350.0,355.0,343.0,344.0,-1.43,250760.0,688.0,195.2
BOKL,6/1/2021,341.0,347.0,338.0,340.0,-1.16,117575.0,688.0,195.2
BOKL,6/2/2021,341.0,346.0,340.0,344.0,1.18,110192.0,688.0,195.2
BOKL,6/3/2021,344.0,363.0,344.0,361.0,4.94,446509.0,688.0,195.2
BOKL,6/6/2021,368.0,397.0,368.0,387.0,7.2,568701.0,688.0,195.2
BOKL,6/7/2021,395.0,395.0,374.0,382.0,-1.29,375007.0,688.0,195.2
BOKL,6/8/2021,382.0,393.0,376.0,389.0,1.83,285142.0,688.0,195.2
BOKL,6/9/2021,390.0,395.0,381.0,384.0,-1.29,187434.0,688.0,195.2
BOKL,6/10/2021,386.0,386.0,375.0,378.0,-1.56,219543.0,688.0,195.2
BOKL,6/13/2021,377.0,385.0,373.0,377.0,-0.26,240816.0,688.0,195.2
BOKL,6/14/2021,385.0,402.0,380.0,396.0,5.04,325389.0,688.0,195.2
BOKL,6/15/2021,400.0,405.0,389.0,390.0,-1.52,296435.0,688.0,195.2
BOKL,6/16/2021,395.0,399.0,386.0,387.0,-0.77,243331.0,688.0,195.2
BOKL,6/17/2021,390.0,390.0,382.0,385.0,-0.52,145550.0,688.0,195.2
BOKL,6/20/2021,390.0,396.0,374.0,377.0,-2.08,236674.0,688.0,195.2
BOKL,6/21/2021,377.0,384.0,367.0,368.0,-2.39,180976.0,688.0,195.2
BOKL,6/22/2021,368.0,381.0,364.0,381.0,3.53,153135.0,688.0,195.2
BOKL,6/23/2021,383.0,387.0,371.0,372.0,-2.36,91823.0,688.0,195.2
BOKL,6/24/2021,375.0,378.0,363.0,370.0,-0.54,81205.0,688.0,195.2
BOKL,6/27/2021,370.0,387.0,367.0,379.0,2.43,132742.0,688.0,195.2
BOKL,6/28/2021,382.0,389.0,379.0,380.0,0.26,99267.0,688.0,195.2
BOKL,6/29/2021,385.0,385.0,373.0,374.0,-1.58,79742.0,688.0,195.2
BOKL,6/30/2021,370.0,371.0,363.0,371.0,-0.8,75397.0,688.0,195.2
BOKL,7/1/2021,371.0,376.0,370.0,371.0,0.0,51008.0,688.0,195.2
BOKL,7/4/2021,371.0,377.0,370.0,371.0,0.0,59242.0,688.0,195.2
BOKL,7/5/2021,371.0,375.0,365.0,368.0,-0.81,59147.0,688.0,195.2
BOKL,7/6/2021,360.0,370.0,360.0,368.0,0.0,42873.0,688.0,195.2
BOKL,7/7/2021,368.0,370.0,365.0,366.0,-0.54,49494.0,688.0,195.2
BOKL,7/8/2021,366.0,375.0,364.0,374.0,2.19,56425.0,688.0,195.2
BOKL,7/11/2021,378.0,384.0,377.0,383.0,2.41,123897.0,688.0,195.2
BOKL,7/12/2021,388.0,388.0,375.0,377.0,-1.57,85241.0,688.0,195.2
BOKL,7/13/2021,378.0,382.0,372.0,380.0,0.8,47281.0,688.0,195.2
BOKL,7/14/2021,385.0,385.0,378.0,380.0,0.0,41306.0,688.0,195.2
BOKL,7/15/2021,380.0,383.0,377.0,379.0,-0.26,51831.0,688.0,195.2
BOKL,7/18/2021,384.0,398.0,382.0,393.5,3.83,188959.0,688.0,195.2
BOKL,7/19/2021,400.0,408.0,393.0,399.9,1.63,199765.0,688.0,195.2
BOKL,7/20/2021,400.0,400.0,393.0,396.6,-0.83,74341.0,688.0,195.2
BOKL,7/22/2021,399.5,405.0,393.0,401.9,1.34,224926.0,688.0,195.2
BOKL,7/25/2021,405.0,425.0,405.0,424.8,5.7,353993.0,688.0,195.2
BOKL,7/26/2021,433.2,433.2,413.5,414.5,-2.42,259511.0,688.0,195.2
BOKL,7/27/2021,410.0,415.0,395.0,412.0,-0.6,242136.0,688.0,195.2
BOKL,7/28/2021,413.0,418.0,406.0,408.0,-0.97,82238.0,688.0,195.2
BOKL,7/29/2021,410.0,410.0,402.0,405.9,-0.51,59840.0,688.0,195.2
BOKL,8/1/2021,405.0,411.0,404.1,407.1,0.3,76109.0,688.0,195.2
BOKL,8/2/2021,410.0,412.0,405.0,407.0,-0.02,84357.0,688.0,195.2
BOKL,8/3/2021,409.0,410.0,404.0,406.0,-0.25,92568.0,688.0,195.2
BOKL,8/4/2021,405.0,408.0,405.0,406.0,0.0,91613.0,688.0,195.2
BOKL,8/5/2021,406.0,409.0,405.0,407.0,0.25,98490.0,688.0,195.2
BOKL,8/8/2021,405.0,411.0,404.0,405.0,-0.49,78666.0,688.0,195.2
BOKL,8/9/2021,405.0,408.0,401.1,403.5,-0.37,65145.0,688.0,195.2
BOKL,8/10/2021,401.0,416.0,400.1,412.5,2.23,125713.0,688.0,195.2
BOKL,8/11/2021,413.0,419.0,407.0,410.0,-0.61,99506.0,688.0,195.2
BOKL,8/12/2021,410.0,415.0,405.3,410.0,0.0,114375.0,688.0,195.2
BOKL,8/15/2021,412.0,415.0,400.0,406.0,-0.98,150356.0,688.0,195.2
BOKL,8/16/2021,414.1,414.1,400.0,402.0,-0.99,89418.0,688.0,195.2
BOKL,8/17/2021,400.0,406.0,396.0,396.0,-1.49,96987.0,688.0,195.2
BOKL,8/18/2021,400.0,405.9,391.0,400.0,1.01,113654.0,688.0,195.2
BOKL,8/19/2021,402.0,406.0,395.0,397.0,-0.75,75582.0,688.0,195.2
BOKL,8/24/2021,400.0,402.0,392.0,395.0,-0.5,62450.0,688.0,195.2
BOKL,8/25/2021,393.0,395.0,385.2,387.0,-2.03,71770.0,688.0,195.2
BOKL,8/26/2021,387.0,391.0,382.0,386.0,-0.26,96985.0,688.0,195.2
BOKL,8/29/2021,391.0,392.0,374.0,376.0,-2.59,150496.0,688.0,195.2
BOKL,8/31/2021,370.0,374.0,365.1,370.0,-1.6,83526.0,688.0,195.2
BOKL,9/1/2021,377.0,379.0,368.0,375.0,1.35,80771.0,688.0,195.2
BOKL,9/2/2021,379.0,379.0,370.0,371.5,-0.93,62564.0,688.0,195.2
BOKL,9/5/2021,371.0,371.0,346.0,362.0,-2.56,133417.0,688.0,195.2
BOKL,9/6/2021,359.0,379.0,354.9,377.0,4.14,83845.0,688.0,195.2
BOKL,9/7/2021,381.0,384.0,369.0,373.0,-1.06,94212.0,688.0,195.2
BOKL,9/8/2021,370.0,380.0,365.0,366.1,-1.85,71024.0,688.0,195.2
BOKL,9/9/2021,362.2,370.3,362.2,367.2,0.3,52194.0,688.0,195.2
BOKL,9/12/2021,370.0,371.0,365.0,368.9,0.46,51034.0,688.0,195.2
BOKL,9/13/2021,375.0,375.0,365.3,371.0,0.57,68857.0,688.0,195.2
BOKL,9/14/2021,376.0,376.0,369.0,369.0,-0.54,45011.0,688.0,195.2
BOKL,9/15/2021,368.0,369.0,362.0,365.0,-1.08,45729.0,688.0,195.2
BOKL,9/16/2021,365.0,365.0,350.1,353.0,-3.29,108878.0,688.0,195.2
BOKL,9/20/2021,355.0,358.0,340.0,340.0,-3.68,78732.0,688.0,195.2
BOKL,9/21/2021,336.0,346.8,322.3,341.9,0.56,81958.0,688.0,195.2
BOKL,9/22/2021,345.0,359.0,343.0,355.0,3.83,53066.0,688.0,195.2
BOKL,9/23/2021,361.6,376.0,355.0,368.0,3.66,160069.0,688.0,195.2
BOKL,9/26/2021,375.0,388.6,367.0,372.0,1.09,127018.0,688.0,195.2
BOKL,9/27/2021,369.0,371.0,356.0,357.5,-3.9,68286.0,688.0,195.2
BOKL,9/28/2021,360.0,360.0,343.0,345.0,-3.5,66481.0,688.0,195.2
BOKL,9/29/2021,351.0,354.0,331.0,352.0,2.03,47450.0,688.0,195.2
BOKL,9/30/2021,352.5,356.0,344.5,346.0,-1.7,55196.0,688.0,195.2
BOKL,10/3/2021,346.0,346.0,334.4,335.5,-3.03,63022.0,688.0,195.2
BOKL,10/4/2021,331.0,340.0,330.0,335.9,0.12,42962.0,688.0,195.2
BOKL,10/5/2021,331.1,342.0,331.1,339.0,0.92,26769.0,688.0,195.2
BOKL,10/6/2021,345.0,346.0,337.0,340.0,0.29,53099.0,688.0,195.2
BOKL,10/10/2021,345.0,346.0,342.0,344.0,1.18,34371.0,688.0,195.2
BOKL,10/11/2021,341.0,342.0,335.0,341.6,-0.7,27522.0,688.0,195.2
BOKL,10/17/2021,345.0,349.0,337.0,339.0,-0.76,18283.0,688.0,195.2
BOKL,10/18/2021,335.5,340.0,330.0,330.0,-2.65,44294.0,688.0,195.2
BOKL,10/19/2021,330.0,330.0,314.1,317.0,-3.94,63948.0,688.0,195.2
BOKL,10/20/2021,318.0,331.0,318.0,323.0,1.89,43272.0,688.0,195.2
BOKL,10/21/2021,329.0,329.4,316.0,316.3,-2.07,51762.0,688.0,195.2
BOKL,10/24/2021,317.0,320.0,312.1,319.0,0.85,25194.0,688.0,195.2
BOKL,10/25/2021,324.0,334.0,320.0,333.5,4.55,33141.0,688.0,195.2
BOKL,10/26/2021,340.1,360.0,340.1,358.0,7.35,157153.0,688.0,195.2
BOKL,10/27/2021,365.1,367.0,350.0,356.0,-0.56,70922.0,688.0,195.2
BOKL,10/28/2021,357.0,358.0,350.0,355.0,-0.28,31364.0,688.0,195.2
BOKL,10/31/2021,355.0,357.0,348.0,352.0,-0.85,48640.0,688.0,195.2
BOKL,11/1/2021,352.0,352.0,346.0,347.0,-1.42,53464.0,688.0,195.2
BOKL,11/2/2021,347.0,352.0,340.0,343.8,-0.92,59874.0,688.0,195.2
BOKL,11/3/2021,339.0,344.7,339.0,343.0,-0.23,47939.0,688.0,195.2
BOKL,11/8/2021,349.0,349.8,338.0,338.0,-1.46,42337.0,688.0,195.2
BOKL,11/9/2021,338.0,338.0,332.0,334.0,-1.18,46748.0,688.0,195.2
BOKL,11/11/2021,334.0,335.0,327.3,327.3,-2.01,56707.0,688.0,195.2
BOKL,11/14/2021,326.0,331.0,320.0,331.0,1.13,38623.0,688.0,195.2
BOKL,11/15/2021,337.5,343.0,327.0,331.0,0.0,50699.0,688.0,195.2
BOKL,11/16/2021,332.0,338.0,325.0,338.0,2.11,46798.0,688.0,195.2
BOKL,11/17/2021,342.0,342.0,338.0,340.0,0.59,40000.0,688.0,195.2
BOKL,11/18/2021,341.0,342.0,334.0,334.1,-1.74,34388.0,688.0,195.2
BOKL,11/21/2021,334.1,339.0,333.0,338.0,1.17,34696.0,688.0,195.2
BOKL,11/22/2021,338.0,341.7,338.0,339.7,0.5,51675.0,688.0,195.2
BOKL,11/23/2021,342.5,342.5,335.0,337.0,-0.79,37507.0,688.0,195.2
BOKL,11/24/2021,340.0,340.0,330.0,336.5,-0.15,36015.0,688.0,195.2
BOKL,11/25/2021,338.0,345.0,336.0,341.0,1.34,157242.0,688.0,195.2
BOKL,11/28/2021,305.0,305.0,294.0,295.0,-13.49,74634.0,688.0,195.2
BOKL,11/29/2021,294.0,295.8,287.1,290.0,-1.69,28744.0,688.0,195.2
BOKL,11/30/2021,291.0,291.0,279.3,282.0,-2.76,28457.0,688.0,195.2
BOKL,12/1/2021,285.0,285.0,278.6,279.0,-1.06,32857.0,688.0,195.2
BOKL,12/2/2021,279.0,280.0,270.0,272.0,-2.51,38523.0,688.0,195.2
BOKL,12/5/2021,272.0,275.0,261.8,262.0,-3.68,33716.0,688.0,195.2
BOKL,12/6/2021,260.0,267.0,252.0,267.0,1.91,36248.0,688.0,195.2
BOKL,12/7/2021,272.3,274.0,268.0,268.1,0.41,30787.0,688.0,195.2
BOKL,12/8/2021,265.0,268.0,262.9,265.0,-1.16,19994.0,688.0,195.2
BOKL,12/9/2021,265.0,266.0,259.7,262.5,-0.94,23833.0,688.0,195.2
BOKL,12/12/2021,264.0,264.0,251.1,251.1,-4.34,36608.0,688.0,195.2
BOKL,12/13/2021,250.0,250.0,240.2,246.0,-2.03,31386.0,688.0,195.2
BOKL,12/14/2021,250.0,258.0,246.0,258.0,4.88,20108.0,688.0,195.2
BOKL,12/15/2021,263.0,270.0,256.3,258.9,0.35,39072.0,688.0,195.2
BOKL,12/16/2021,258.9,258.9,253.0,254.0,-1.89,21503.0,688.0,195.2
BOKL,12/20/2021,259.0,259.0,246.3,248.0,-2.36,29390.0,688.0,195.2
BOKL,12/21/2021,252.0,255.0,250.0,254.0,2.42,23675.0,688.0,195.2
BOKL,12/22/2021,259.0,264.0,255.0,261.0,2.76,32410.0,688.0,195.2
BOKL,12/23/2021,266.2,268.0,260.0,264.0,1.15,32047.0,688.0,195.2
BOKL,12/26/2021,266.0,271.3,265.2,271.0,2.65,47457.0,688.0,195.2
BOKL,12/27/2021,270.0,275.0,267.0,268.0,-1.11,36037.0,688.0,195.2
BOKL,12/28/2021,266.0,268.0,259.7,262.0,-2.24,21945.0,688.0,195.2
BOKL,12/29/2021,267.0,267.1,262.0,265.0,1.15,25584.0,688.0,195.2
BOKL,1/2/2022,265.0,269.8,261.1,269.0,1.51,21592.0,688.0,195.2
BOKL,1/3/2022,269.0,274.3,266.0,274.0,1.86,32290.0,688.0,195.2
BOKL,1/4/2022,275.0,291.0,273.1,291.0,6.2,59764.0,688.0,195.2
BOKL,1/5/2022,296.8,296.8,282.0,282.0,-3.09,47134.0,688.0,195.2
BOKL,1/6/2022,281.0,292.0,281.0,291.9,3.51,43100.0,688.0,195.2
BOKL,1/9/2022,295.0,300.9,293.1,300.9,3.08,58429.0,688.0,195.2
BOKL,1/10/2022,301.0,304.5,293.1,296.0,-1.63,57373.0,688.0,195.2
BOKL,1/11/2022,295.0,298.0,292.0,297.0,0.34,32036.0,688.0,195.2
BOKL,1/12/2022,297.0,303.0,292.0,298.0,0.34,64071.0,688.0,195.2
BOKL,1/13/2022,300.0,300.0,290.0,300.0,0.67,48560.0,688.0,195.2
BOKL,1/16/2022,306.0,318.0,305.1,317.4,5.8,137560.0,688.0,195.2
BOKL,1/17/2022,321.0,321.0,315.0,317.9,0.16,39437.0,688.0,195.2
BOKL,1/18/2022,318.0,330.0,312.0,319.9,0.63,90351.0,688.0,195.2
BOKL,1/19/2022,326.0,326.0,315.0,318.0,-0.59,47069.0,688.0,195.2
BOKL,1/20/2022,312.5,317.0,310.0,317.0,-0.31,41551.0,688.0,195.2
BOKL,1/23/2022,323.3,323.3,307.9,308.1,-2.81,39106.0,688.0,195.2
BOKL,1/24/2022,314.2,314.2,295.0,299.9,-2.66,61509.0,688.0,195.2
BOKL,1/25/2022,305.8,305.8,288.3,296.0,-1.3,44713.0,688.0,195.2
BOKL,1/26/2022,295.0,295.0,287.6,288.2,-2.64,32678.0,688.0,195.2
BOKL,1/27/2022,290.0,290.0,285.1,285.1,-1.08,26226.0,688.0,195.2
BOKL,1/30/2022,287.0,303.0,287.0,298.0,4.52,42488.0,688.0,195.2
BOKL,1/31/2022,300.0,300.0,292.0,292.1,-1.98,17442.0,688.0,195.2
BOKL,2/1/2022,295.0,297.0,290.0,294.5,0.82,26993.0,688.0,195.2
BOKL,2/3/2022,300.0,305.0,292.0,292.2,-0.78,27569.0,688.0,195.2
BOKL,2/6/2022,292.0,295.0,288.0,291.0,-0.41,31463.0,688.0,195.2
BOKL,2/7/2022,285.3,292.0,285.3,290.0,-0.34,38993.0,688.0,195.2
BOKL,2/8/2022,293.0,301.0,287.0,287.0,-1.03,28357.0,688.0,195.2
BOKL,2/9/2022,287.0,291.0,285.0,287.0,0.0,34595.0,688.0,195.2
BOKL,2/10/2022,292.0,292.0,283.0,286.0,-0.35,31322.0,688.0,195.2
BOKL,2/13/2022,282.0,283.0,277.0,279.0,-2.45,36018.0,688.0,195.2
BOKL,2/14/2022,276.0,281.6,274.0,277.0,-0.72,30133.0,688.0,195.2
BOKL,2/15/2022,275.0,280.5,275.0,280.5,1.26,29725.0,688.0,195.2
BOKL,2/16/2022,280.0,284.0,276.0,282.0,0.53,17973.0,688.0,195.2
BOKL,2/17/2022,280.0,285.0,279.4,279.4,-0.92,22271.0,688.0,195.2
BOKL,2/20/2022,277.0,277.0,271.7,272.0,-2.65,35074.0,688.0,195.2
BOKL,2/21/2022,271.8,275.0,271.0,275.0,1.1,22471.0,688.0,195.2
BOKL,2/22/2022,279.0,279.0,274.0,277.0,0.73,24183.0,688.0,195.2
BOKL,2/23/2022,275.0,276.0,274.0,275.0,-0.72,18348.0,688.0,195.2
BOKL,2/24/2022,273.0,274.0,267.1,268.5,-2.36,44553.0,688.0,195.2
BOKL,2/27/2022,268.0,269.9,265.1,266.0,-0.93,30673.0,688.0,195.2
BOKL,2/28/2022,269.0,271.0,263.2,263.3,-1.02,23255.0,688.0,195.2
BOKL,3/2/2022,263.2,264.0,255.0,256.0,-2.77,55508.0,688.0,195.2
BOKL,3/6/2022,252.0,265.0,251.0,259.0,1.17,27188.0,688.0,195.2
BOKL,3/7/2022,264.0,264.0,255.1,259.0,0.0,24943.0,688.0,195.2
BOKL,3/9/2022,256.0,264.0,254.0,255.0,-1.54,25345.0,688.0,195.2
BOKL,3/10/2022,253.5,260.0,253.5,260.0,1.96,36267.0,688.0,195.2
BOKL,3/13/2022,265.2,271.0,264.0,267.0,2.69,39620.0,688.0,195.2
BOKL,3/14/2022,272.0,272.0,262.0,267.0,0.0,7287.0,688.0,195.2
BOKL,3/15/2022,267.0,268.0,263.0,266.0,-0.37,17598.0,688.0,195.2
BOKL,3/16/2022,266.0,268.5,264.3,266.9,0.34,21093.0,688.0,195.2
BOKL,3/20/2022,270.0,270.0,265.2,265.6,-0.49,23454.0,688.0,195.2
BOKL,3/21/2022,264.0,275.0,264.0,274.7,3.43,29092.0,688.0,195.2
BOKL,3/22/2022,277.0,277.0,271.0,273.5,-0.44,30626.0,688.0,195.2
BOKL,3/23/2022,271.0,277.0,270.0,277.0,1.28,32577.0,688.0,195.2
BOKL,3/24/2022,278.0,278.0,271.5,271.5,-1.99,35226.0,688.0,195.2
BOKL,3/27/2022,269.0,271.5,263.8,265.9,-2.06,48875.0,688.0,195.2
BOKL,3/28/2022,263.8,267.0,263.0,264.0,-0.71,32488.0,688.0,195.2
BOKL,3/29/2022,264.1,268.0,262.0,262.0,-0.76,40232.0,688.0,195.2
BOKL,3/30/2022,265.0,265.0,261.6,263.7,0.65,25382.0,688.0,195.2
BOKL,3/31/2022,262.0,268.0,262.0,264.0,0.11,14527.0,688.0,195.2
BOKL,4/3/2022,266.0,266.0,259.2,260.0,-1.52,39137.0,688.0,195.2
BOKL,4/4/2022,265.2,265.2,259.9,260.0,0.0,41239.0,688.0,195.2
BOKL,4/5/2022,265.2,265.2,254.3,257.0,-1.15,38670.0,688.0,195.2
BOKL,4/6/2022,252.0,258.0,252.0,253.6,-1.32,37723.0,688.0,195.2
BOKL,4/7/2022,255.0,258.0,251.0,257.0,1.34,28169.0,688.0,195.2
BOKL,4/11/2022,262.1,264.0,255.0,255.0,-0.78,28442.0,688.0,195.2
BOKL,4/12/2022,255.0,255.0,250.2,252.1,-1.14,18494.0,688.0,195.2
BOKL,4/13/2022,256.9,259.8,250.9,256.1,1.59,15575.0,688.0,195.2
BOKL,4/17/2022,261.2,261.2,252.0,252.0,-1.6,31041.0,688.0,195.2
BOKL,4/18/2022,248.0,250.0,246.0,247.0,-1.98,20560.0,688.0,195.2
BOKL,4/19/2022,251.9,251.9,244.0,248.0,0.4,31765.0,688.0,195.2
BOKL,4/20/2022,252.9,252.9,240.8,241.6,-2.58,28286.0,688.0,195.2
BOKL,4/21/2022,246.4,246.4,236.0,239.0,-1.08,36625.0,688.0,195.2
BOKL,4/24/2022,243.0,253.1,239.4,250.5,4.81,20740.0,688.0,195.2
BOKL,4/25/2022,255.5,255.5,245.0,247.0,-1.4,19863.0,688.0,195.2
BOKL,4/26/2022,244.0,248.8,243.4,246.0,-0.4,6577.0,688.0,195.2
BOKL,4/27/2022,241.5,247.7,241.5,243.6,-0.98,7767.0,688.0,195.2
BOKL,4/28/2022,244.0,247.1,242.0,243.0,-0.25,15997.0,688.0,195.2
BOKL,5/2/2022,243.0,243.0,238.8,240.0,-1.23,17197.0,688.0,195.2
BOKL,5/4/2022,235.5,240.0,235.0,236.9,-1.29,28196.0,688.0,195.2
BOKL,5/5/2022,233.0,237.0,230.0,232.0,-2.07,39729.0,688.0,195.2
BOKL,5/8/2022,230.0,233.0,230.0,232.0,0.0,13174.0,688.0,195.2
BOKL,5/9/2022,236.6,238.0,233.0,236.9,2.11,13894.0,688.0,195.2
BOKL,5/10/2022,232.3,240.6,232.3,240.6,1.56,10311.0,688.0,195.2
BOKL,5/11/2022,242.0,244.0,242.0,244.0,1.41,9776.0,688.0,195.2
BOKL,5/12/2022,248.0,248.0,240.0,240.3,-1.52,21846.0,688.0,195.2
BOKL,5/17/2022,245.0,245.0,233.0,233.0,-3.04,18086.0,688.0,195.2
BOKL,5/18/2022,236.9,236.9,231.7,236.0,1.29,14510.0,688.0,195.2
BOKL,5/19/2022,232.5,239.0,232.5,235.5,-0.21,11475.0,688.0,195.2
BOKL,5/20/2022,232.5,240.0,232.5,235.0,-0.21,11016.0,688.0,195.2
BOKL,5/23/2022,232.5,236.0,227.9,233.0,-0.85,44397.0,688.0,195.2
BOKL,5/24/2022,229.0,237.6,229.0,233.0,0.0,15443.0,688.0,195.2
BOKL,5/25/2022,235.0,235.0,232.2,234.0,0.43,6950.0,688.0,195.2
BOKL,5/26/2022,238.0,238.0,232.0,236.0,0.85,8012.0,688.0,195.2
BOKL,5/27/2022,239.9,244.6,231.3,238.0,0.85,22343.0,688.0,195.2
BOKL,5/30/2022,233.4,236.0,232.0,233.1,-2.06,15122.0,688.0,195.2
BOKL,5/31/2022,230.0,232.0,228.0,230.0,-1.33,15009.0,688.0,195.2
BOKL,6/1/2022,228.5,232.0,225.4,228.0,-0.87,17781.0,688.0,195.2
BOKL,6/2/2022,231.0,231.0,225.5,227.0,-0.44,8471.0,688.0,195.2
BOKL,6/3/2022,227.0,228.0,221.0,226.9,-0.04,23285.0,688.0,195.2
BOKL,6/6/2022,226.1,227.0,219.3,222.0,-2.16,24444.0,688.0,195.2
BOKL,6/7/2022,218.1,223.0,215.0,215.5,-2.93,39909.0,688.0,195.2
BOKL,6/8/2022,215.2,229.0,215.0,228.0,5.8,120056.0,688.0,195.2
BOKL,6/9/2022,230.0,233.0,228.0,233.0,2.19,30899.0,688.0,195.2
BOKL,6/10/2022,228.5,235.9,225.0,235.5,1.07,35945.0,688.0,195.2
BOKL,6/13/2022,240.2,240.2,229.0,236.0,0.21,201818.0,688.0,195.2
BOKL,6/14/2022,231.5,233.0,228.6,230.0,-2.54,29876.0,688.0,195.2
BOKL,6/15/2022,227.0,231.0,226.0,227.1,-1.26,227130.0,688.0,195.2
BOKL,12/7/2022,218.0,224.0,214.2,216.8,-4.54,47106.0,688.0,195.2
BOKL,12/11/2022,216.6,216.6,209.4,209.7,-3.27,25076.0,688.0,195.2
BOKL,12/12/2022,206.0,212.0,204.0,208.0,-0.81,17181.0,688.0,195.2
BOKL,12/13/2022,208.0,213.0,205.1,206.0,-0.96,14328.0,688.0,195.2
BOKL,12/14/2022,204.0,207.9,202.0,205.5,-0.24,12243.0,688.0,195.2
BOKL,12/15/2022,202.0,207.0,202.0,203.0,-1.22,18575.0,688.0,195.2
BOKL,12/18/2022,203.0,203.0,199.0,199.1,-1.92,19480.0,688.0,195.2
BOKL,12/19/2022,198.0,204.0,196.0,197.6,-0.75,10764.0,688.0,195.2
BOKL,12/20/2022,197.6,205.0,195.2,199.0,0.71,12000.0,688.0,195.2
BOKL,12/21/2022,200.0,202.0,198.0,199.0,0.0,6022.0,688.0,195.2
BOKL,12/22/2022,198.0,200.0,196.2,197.0,-1.01,9710.0,688.0,195.2
BOKL,12/26/2022,200.9,207.0,197.1,205.0,4.06,25638.0,688.0,195.2
BOKL,12/27/2022,208.0,216.0,208.0,210.4,2.63,23245.0,688.0,195.2
BOKL,12/28/2022,211.0,214.0,205.9,208.0,-1.14,11860.0,688.0,195.2
BOKL,12/29/2022,210.0,212.0,205.0,210.1,1.01,23346.0,688.0,195.2
BOKL,1/1/2023,211.6,213.0,208.6,208.9,-0.57,32432.0,688.0,195.2
BOKL,1/2/2023,208.0,212.0,207.0,207.0,-0.91,30558.0,688.0,195.2
BOKL,1/3/2023,207.0,214.0,205.1,205.1,-0.92,31356.0,688.0,195.2
BOKL,1/4/2023,209.0,212.0,205.0,208.1,1.46,21828.0,688.0,195.2
BOKL,1/5/2023,212.0,215.5,207.0,207.2,-0.43,55481.0,688.0,195.2
BOKL,1/8/2023,211.0,213.0,207.0,207.3,0.05,76723.0,688.0,195.2
BPCL,1/20/2005,480.0,280.0,250.0,280.0,,4230.0,819.0,612.0
BPCL,1/21/2005,280.0,328.0,294.0,328.0,17.14,70.0,819.0,612.0
BPCL,1/24/2005,328.0,371.0,344.0,371.0,13.11,50.0,819.0,612.0
BPCL,1/25/2005,371.0,427.0,389.0,427.0,15.09,140.0,819.0,612.0
BPCL,1/26/2005,427.0,465.0,448.0,465.0,8.9,500.0,819.0,612.0
BPCL,1/27/2005,465.0,460.0,443.0,460.0,-1.08,70.0,819.0,612.0
BPCL,1/28/2005,460.0,459.0,450.0,459.0,-0.22,1010.0,819.0,612.0
BPCL,1/31/2005,459.0,460.0,460.0,460.0,0.22,10.0,819.0,612.0
BPCL,2/3/2005,460.0,480.0,480.0,480.0,4.35,10.0,819.0,612.0
BPCL,2/4/2005,480.0,490.0,490.0,490.0,2.08,50.0,819.0,612.0
BPCL,2/8/2005,490.0,480.0,480.0,480.0,-2.04,10.0,819.0,612.0
BPCL,2/9/2005,480.0,460.0,456.0,460.0,-4.17,510.0,819.0,612.0
BPCL,2/10/2005,460.0,456.0,456.0,456.0,-0.87,650.0,819.0,612.0
BPCL,2/11/2005,456.0,478.0,478.0,478.0,4.82,60.0,819.0,612.0
BPCL,2/14/2005,478.0,460.0,460.0,460.0,-3.77,1550.0,819.0,612.0
BPCL,2/15/2005,460.0,479.0,470.0,479.0,4.13,510.0,819.0,612.0
BPCL,2/17/2005,479.0,502.0,500.0,500.0,4.38,1170.0,819.0,612.0
BPCL,2/21/2005,500.0,500.0,500.0,500.0,0.0,500.0,819.0,612.0
BPCL,2/23/2005,500.0,500.0,500.0,500.0,0.0,2500.0,819.0,612.0
BPCL,3/3/2005,500.0,475.0,475.0,475.0,-5.0,50.0,819.0,612.0
BPCL,3/15/2005,475.0,452.0,452.0,452.0,-4.84,50.0,819.0,612.0
BPCL,3/16/2005,452.0,430.0,430.0,430.0,-4.87,500.0,819.0,612.0
BPCL,3/18/2005,430.0,440.0,440.0,440.0,2.33,170.0,819.0,612.0
BPCL,3/24/2005,440.0,419.0,419.0,419.0,-4.77,50.0,819.0,612.0
BPCL,3/31/2005,419.0,427.0,419.0,427.0,1.91,1030.0,819.0,612.0
BPCL,4/1/2005,427.0,446.0,446.0,446.0,4.45,10000.0,819.0,612.0
BPCL,4/5/2005,446.0,425.0,425.0,425.0,-4.71,350.0,819.0,612.0
BPCL,4/6/2005,425.0,425.0,419.0,425.0,0.0,850.0,819.0,612.0
BPCL,4/8/2005,425.0,446.0,446.0,446.0,4.94,10.0,819.0,612.0
BPCL,4/11/2005,446.0,438.0,430.0,438.0,-1.79,510.0,819.0,612.0
BPCL,4/12/2005,438.0,453.0,453.0,453.0,3.42,10.0,819.0,612.0
BPCL,4/13/2005,453.0,460.0,460.0,460.0,1.55,10.0,819.0,612.0
BPCL,4/18/2005,460.0,470.0,470.0,470.0,2.17,10.0,819.0,612.0
BPCL,4/24/2005,470.0,475.0,475.0,475.0,1.06,1000.0,819.0,612.0
BPCL,4/25/2005,475.0,480.0,480.0,480.0,1.05,10.0,819.0,612.0
BPCL,4/26/2005,480.0,470.0,470.0,470.0,-2.08,1000.0,819.0,612.0
BPCL,5/1/2005,470.0,460.0,460.0,460.0,-2.13,110.0,819.0,612.0
BPCL,5/11/2005,460.0,460.0,460.0,460.0,0.0,1000.0,819.0,612.0
BPCL,5/15/2005,460.0,480.0,475.0,480.0,4.35,70.0,819.0,612.0
BPCL,5/18/2005,480.0,470.0,470.0,470.0,-2.08,30.0,819.0,612.0
BPCL,6/20/2005,470.0,460.0,460.0,460.0,-2.13,1000.0,819.0,612.0
BPCL,6/21/2005,460.0,470.0,470.0,470.0,2.17,500.0,819.0,612.0
BPCL,6/22/2005,470.0,460.0,460.0,460.0,-2.13,500.0,819.0,612.0
BPCL,6/28/2005,460.0,470.0,470.0,470.0,2.17,500.0,819.0,612.0
BPCL,6/29/2005,470.0,460.0,460.0,460.0,-2.13,580.0,819.0,612.0
BPCL,6/30/2005,460.0,460.0,460.0,460.0,0.0,500.0,819.0,612.0
BPCL,7/3/2005,460.0,470.0,470.0,470.0,2.17,10.0,819.0,612.0
BPCL,7/6/2005,470.0,485.0,485.0,485.0,3.19,20.0,819.0,612.0
BPCL,7/10/2005,485.0,490.0,490.0,490.0,1.03,19480.0,819.0,612.0
BPCL,7/12/2005,490.0,490.0,490.0,490.0,0.0,19420.0,819.0,612.0
BPCL,7/14/2005,490.0,490.0,490.0,490.0,0.0,6530.0,819.0,612.0
BPCL,7/18/2005,490.0,476.0,476.0,476.0,-2.86,350.0,819.0,612.0
BPCL,7/27/2005,476.0,455.0,455.0,455.0,-4.41,500.0,819.0,612.0
BPCL,7/28/2005,455.0,462.0,462.0,462.0,1.54,60.0,819.0,612.0
BPCL,7/31/2005,462.0,455.0,455.0,455.0,-1.52,500.0,819.0,612.0
BPCL,8/9/2005,455.0,450.0,450.0,450.0,-1.1,260.0,819.0,612.0
BPCL,8/10/2005,450.0,470.0,470.0,470.0,4.44,10.0,819.0,612.0
BPCL,8/30/2005,470.0,460.0,460.0,460.0,-2.13,500.0,819.0,612.0
BPCL,9/1/2005,460.0,450.0,450.0,450.0,-2.17,500.0,819.0,612.0
BPCL,9/8/2005,450.0,450.0,450.0,450.0,0.0,500.0,819.0,612.0
BPCL,9/11/2005,450.0,450.0,450.0,450.0,0.0,130.0,819.0,612.0
BPCL,9/28/2005,450.0,472.0,472.0,472.0,4.89,10.0,819.0,612.0
BPCL,10/2/2005,472.0,450.0,450.0,450.0,-4.66,500.0,819.0,612.0
BPCL,10/6/2005,450.0,450.0,450.0,450.0,0.0,40.0,819.0,612.0
BPCL,10/23/2005,450.0,470.0,470.0,470.0,4.44,70.0,819.0,612.0
BPCL,10/26/2005,470.0,470.0,470.0,470.0,0.0,310.0,819.0,612.0
BPCL,10/27/2005,470.0,490.0,490.0,490.0,4.26,10.0,819.0,612.0
BPCL,11/10/2005,490.0,500.0,500.0,500.0,2.04,10.0,819.0,612.0
BPCL,11/14/2005,500.0,475.0,475.0,475.0,-5.0,50.0,819.0,612.0
BPCL,11/16/2005,475.0,452.0,452.0,452.0,-4.84,550.0,819.0,612.0
BPCL,11/28/2005,452.0,460.0,460.0,460.0,1.77,80.0,819.0,612.0
BPCL,11/29/2005,460.0,460.0,460.0,460.0,0.0,40.0,819.0,612.0
BPCL,12/21/2005,460.0,380.0,380.0,380.0,-17.39,10.0,819.0,612.0
BPCL,12/25/2005,380.0,399.0,399.0,399.0,5.0,20.0,819.0,612.0
BPCL,12/27/2005,399.0,418.0,418.0,418.0,4.76,20.0,819.0,612.0
BPCL,12/29/2005,418.0,446.0,438.0,446.0,6.7,20.0,819.0,612.0
BPCL,1/2/2006,446.0,450.0,450.0,450.0,0.9,110.0,819.0,612.0
BPCL,1/3/2006,450.0,469.0,460.0,469.0,4.22,580.0,819.0,612.0
BPCL,1/4/2006,469.0,480.0,480.0,480.0,2.35,50.0,819.0,612.0
BPCL,1/5/2006,480.0,500.0,500.0,500.0,4.17,20.0,819.0,612.0
BPCL,1/25/2006,500.0,480.0,480.0,480.0,-4.0,2000.0,819.0,612.0
BPCL,2/2/2006,480.0,475.0,475.0,475.0,-1.04,1020.0,819.0,612.0
BPCL,2/5/2006,475.0,475.0,475.0,475.0,0.0,200.0,819.0,612.0
BPCL,2/9/2006,475.0,483.0,475.0,483.0,1.68,510.0,819.0,612.0
BPCL,2/13/2006,483.0,500.0,500.0,500.0,3.52,10.0,819.0,612.0
BPCL,2/16/2006,500.0,475.0,475.0,475.0,-5.0,1540.0,819.0,612.0
BPCL,2/21/2006,475.0,490.0,490.0,490.0,3.16,10.0,819.0,612.0
BPCL,3/6/2006,490.0,500.0,500.0,500.0,2.04,10.0,819.0,612.0
BPCL,3/12/2006,500.0,475.0,470.0,470.0,-6.0,1050.0,819.0,612.0
BPCL,3/16/2006,470.0,470.0,470.0,470.0,0.0,500.0,819.0,612.0
BPCL,3/28/2006,470.0,490.0,490.0,490.0,4.26,10.0,819.0,612.0
BPCL,4/26/2006,490.0,500.0,500.0,500.0,2.04,10.0,819.0,612.0
BPCL,4/30/2006,500.0,525.0,525.0,525.0,5.0,10.0,819.0,612.0
BPCL,5/3/2006,525.0,540.0,540.0,540.0,2.86,10.0,819.0,612.0
BPCL,5/16/2006,540.0,540.0,540.0,540.0,0.0,50.0,819.0,612.0
BPCL,6/23/2006,540.0,470.0,470.0,470.0,-12.96,540.0,819.0,612.0
BPCL,6/28/2006,470.0,513.0,513.0,513.0,9.15,10.0,819.0,612.0
BPCL,6/29/2006,513.0,530.0,530.0,530.0,3.31,1050.0,819.0,612.0
BPCL,7/9/2006,530.0,540.0,540.0,540.0,1.89,10.0,819.0,612.0
BPCL,8/3/2006,540.0,530.0,530.0,530.0,-1.85,200.0,819.0,612.0
BPCL,8/7/2006,530.0,565.0,555.0,565.0,6.6,20.0,819.0,612.0
BPCL,8/24/2006,565.0,570.0,570.0,570.0,0.88,240.0,819.0,612.0
BPCL,8/31/2006,570.0,560.0,560.0,560.0,-1.75,100.0,819.0,612.0
BPCL,9/9/2006,560.0,1785.0,1736.0,1785.0,218.75,2598.0,819.0,612.0
BPCL,9/10/2006,1785.0,560.0,560.0,560.0,-68.63,30.0,819.0,612.0
BPCL,9/14/2006,560.0,585.0,575.0,585.0,4.46,150.0,819.0,612.0
BPCL,11/7/2006,585.0,550.0,550.0,550.0,-5.98,150.0,819.0,612.0
BPCL,11/13/2006,550.0,550.0,550.0,550.0,0.0,30.0,819.0,612.0
BPCL,11/15/2006,550.0,638.0,614.0,638.0,16.0,160.0,819.0,612.0
BPCL,11/19/2006,638.0,638.0,638.0,638.0,0.0,250.0,819.0,612.0
BPCL,11/20/2006,638.0,638.0,638.0,638.0,0.0,250.0,819.0,612.0
BPCL,12/7/2006,638.0,672.0,660.0,672.0,5.33,150.0,819.0,612.0
BPCL,12/11/2006,672.0,700.0,700.0,700.0,4.17,75.0,819.0,612.0
BPCL,12/13/2006,700.0,735.0,735.0,735.0,5.0,75.0,819.0,612.0
BPCL,12/18/2006,735.0,770.0,770.0,770.0,4.76,75.0,819.0,612.0
BPCL,12/19/2006,770.0,805.0,805.0,805.0,4.55,500.0,819.0,612.0
BPCL,12/21/2006,805.0,845.0,845.0,845.0,4.97,20.0,819.0,612.0
BPCL,12/27/2006,845.0,845.0,845.0,845.0,0.0,536.0,819.0,612.0
BPCL,1/18/2007,845.0,800.0,800.0,800.0,-5.33,536.0,819.0,612.0
BPCL,1/21/2007,800.0,790.0,790.0,790.0,-1.25,536.0,819.0,612.0
BPCL,1/31/2007,790.0,780.0,780.0,780.0,-1.27,536.0,819.0,612.0
BPCL,2/6/2007,780.0,760.0,760.0,760.0,-2.56,1072.0,819.0,612.0
BPCL,2/8/2007,760.0,750.0,750.0,750.0,-1.32,536.0,819.0,612.0
BPCL,2/15/2007,750.0,750.0,750.0,750.0,0.0,275.0,819.0,612.0
BPCL,2/27/2007,750.0,760.0,760.0,760.0,1.33,536.0,819.0,612.0
BPCL,3/13/2007,760.0,760.0,760.0,760.0,0.0,536.0,819.0,612.0
BPCL,3/14/2007,760.0,725.0,725.0,725.0,-4.61,536.0,819.0,612.0
BPCL,3/15/2007,725.0,750.0,750.0,750.0,3.45,536.0,819.0,612.0
BPCL,3/21/2007,750.0,761.0,760.0,760.0,1.33,1190.0,819.0,612.0
BPCL,3/22/2007,760.0,775.0,760.0,775.0,1.97,1160.0,819.0,612.0
BPCL,3/25/2007,775.0,800.0,800.0,800.0,3.23,1000.0,819.0,612.0
BPCL,4/1/2007,800.0,800.0,800.0,800.0,0.0,536.0,819.0,612.0
BPCL,4/2/2007,800.0,800.0,800.0,800.0,0.0,536.0,819.0,612.0
BPCL,4/9/2007,800.0,810.0,810.0,810.0,1.25,200.0,819.0,612.0
BPCL,4/10/2007,810.0,820.0,820.0,820.0,1.23,300.0,819.0,612.0
BPCL,4/11/2007,820.0,815.0,805.0,815.0,-0.61,1540.0,819.0,612.0
BPCL,4/15/2007,815.0,800.0,800.0,800.0,-1.84,500.0,819.0,612.0
BPCL,4/17/2007,800.0,800.0,800.0,800.0,0.0,536.0,819.0,612.0
BPCL,4/18/2007,800.0,803.0,803.0,803.0,0.37,624.0,819.0,612.0
BPCL,4/22/2007,803.0,802.0,802.0,802.0,-0.12,536.0,819.0,612.0
BPCL,4/23/2007,802.0,810.0,810.0,810.0,1.0,860.0,819.0,612.0
BPCL,4/26/2007,810.0,810.0,810.0,810.0,0.0,536.0,819.0,612.0
BPCL,5/9/2007,810.0,830.0,830.0,830.0,2.47,400.0,819.0,612.0
BPCL,5/16/2007,830.0,850.0,850.0,850.0,2.41,624.0,819.0,612.0
BPCL,5/17/2007,850.0,868.0,850.0,868.0,2.12,1810.0,819.0,612.0
BPCL,5/23/2007,868.0,890.0,890.0,890.0,2.53,1072.0,819.0,612.0
BPCL,5/24/2007,890.0,900.0,900.0,900.0,1.12,224.0,819.0,612.0
BPCL,5/29/2007,900.0,900.0,900.0,900.0,0.0,536.0,819.0,612.0
BPCL,5/30/2007,900.0,900.0,900.0,900.0,0.0,536.0,819.0,612.0
BPCL,6/4/2007,900.0,900.0,900.0,900.0,0.0,1384.0,819.0,612.0
BPCL,6/6/2007,900.0,905.0,900.0,905.0,0.56,1088.0,819.0,612.0
BPCL,6/11/2007,905.0,900.0,900.0,900.0,-0.55,624.0,819.0,612.0
BPCL,6/12/2007,900.0,901.0,901.0,901.0,0.11,224.0,819.0,612.0
BPCL,6/17/2007,901.0,910.0,910.0,910.0,1.0,536.0,819.0,612.0
BPCL,6/18/2007,910.0,910.0,910.0,910.0,0.0,200.0,819.0,612.0
BPCL,6/19/2007,910.0,910.0,910.0,910.0,0.0,552.0,819.0,612.0
BPCL,6/20/2007,910.0,910.0,910.0,910.0,0.0,2144.0,819.0,612.0
BPCL,6/27/2007,910.0,955.0,955.0,955.0,4.95,536.0,819.0,612.0
BPCL,7/1/2007,955.0,970.0,960.0,970.0,1.57,1608.0,819.0,612.0
BPCL,7/3/2007,970.0,988.0,970.0,988.0,1.86,1876.0,819.0,612.0
BPCL,7/4/2007,988.0,1000.0,1000.0,1000.0,1.21,400.0,819.0,612.0
BPCL,7/15/2007,1000.0,1000.0,1000.0,1000.0,0.0,536.0,819.0,612.0
BPCL,7/17/2007,1000.0,1050.0,1050.0,1050.0,5.0,536.0,819.0,612.0
BPCL,7/18/2007,1050.0,1122.0,1102.0,1122.0,6.86,510.0,819.0,612.0
BPCL,7/19/2007,1122.0,1153.0,1131.0,1153.0,2.76,1618.0,819.0,612.0
BPCL,7/22/2007,1153.0,1161.0,1160.0,1161.0,0.69,620.0,819.0,612.0
BPCL,7/23/2007,1161.0,1162.0,1162.0,1162.0,0.09,536.0,819.0,612.0
BPCL,7/25/2007,1162.0,1200.0,1180.0,1200.0,3.27,510.0,819.0,612.0
BPCL,7/26/2007,1200.0,1260.0,1260.0,1260.0,5.0,500.0,819.0,612.0
BPCL,7/29/2007,1260.0,1300.0,1300.0,1300.0,3.17,500.0,819.0,612.0
BPCL,7/31/2007,1300.0,1305.0,1305.0,1305.0,0.38,1000.0,819.0,612.0
BPCL,8/1/2007,1305.0,1335.0,1305.0,1335.0,2.3,1020.0,819.0,612.0
BPCL,8/2/2007,1335.0,1335.0,1335.0,1335.0,0.0,500.0,819.0,612.0
BPCL,8/5/2007,1335.0,1350.0,1350.0,1350.0,1.12,1624.0,819.0,612.0
BPCL,8/6/2007,1350.0,1360.0,1360.0,1360.0,0.74,100.0,819.0,612.0
BPCL,8/7/2007,1360.0,1400.0,1400.0,1400.0,2.94,2208.0,819.0,612.0
BPCL,8/8/2007,1400.0,1450.0,1428.0,1450.0,3.57,960.0,819.0,612.0
BPCL,8/9/2007,1450.0,1451.0,1420.0,1451.0,0.07,2008.0,819.0,612.0
BPCL,8/14/2007,1451.0,1450.0,1400.0,1400.0,-3.51,1674.0,819.0,612.0
BPCL,8/16/2007,1400.0,1425.0,1420.0,1420.0,1.43,2124.0,819.0,612.0
BPCL,8/19/2007,1420.0,1425.0,1422.0,1425.0,0.35,636.0,819.0,612.0
BPCL,8/21/2007,1425.0,1425.0,1400.0,1400.0,-1.75,1100.0,819.0,612.0
BPCL,8/22/2007,1400.0,1400.0,1400.0,1400.0,0.0,518.0,819.0,612.0
BPCL,8/23/2007,1400.0,1435.0,1425.0,1435.0,2.5,2350.0,819.0,612.0
BPCL,8/27/2007,1435.0,1455.0,1435.0,1455.0,1.39,4152.0,819.0,612.0
BPCL,8/30/2007,1455.0,1465.0,1465.0,1465.0,0.69,450.0,819.0,612.0
BPCL,9/2/2007,1465.0,1500.0,1473.0,1500.0,2.39,2892.0,819.0,612.0
BPCL,9/3/2007,1500.0,1521.0,1521.0,1521.0,1.4,1072.0,819.0,612.0
BPCL,9/5/2007,1521.0,1673.0,1550.0,1673.0,9.99,576.0,819.0,612.0
BPCL,9/6/2007,1673.0,1736.0,1700.0,1736.0,3.77,1750.0,819.0,612.0
BPCL,9/10/2007,1736.0,1800.0,1785.0,1785.0,2.82,2536.0,819.0,612.0
BPCL,9/11/2007,1785.0,1820.0,1815.0,1820.0,1.96,800.0,819.0,612.0
BPCL,9/12/2007,1820.0,1790.0,1790.0,1790.0,-1.65,604.0,819.0,612.0
BPCL,9/13/2007,1790.0,1820.0,1775.0,1820.0,1.68,4160.0,819.0,612.0
BPCL,9/16/2007,1820.0,1800.0,1800.0,1800.0,-1.1,700.0,819.0,612.0
BPCL,9/17/2007,1800.0,1800.0,1750.0,1750.0,-2.78,1672.0,819.0,612.0
BPCL,9/18/2007,1750.0,1749.0,1749.0,1749.0,-0.06,1050.0,819.0,612.0
BPCL,9/24/2007,1749.0,1750.0,1750.0,1750.0,0.06,624.0,819.0,612.0
BPCL,9/26/2007,1750.0,1784.0,1784.0,1784.0,1.94,400.0,819.0,612.0
BPCL,9/30/2007,1784.0,1750.0,1740.0,1740.0,-2.47,1908.0,819.0,612.0
BPCL,10/10/2007,1740.0,1750.0,1750.0,1750.0,0.57,1248.0,819.0,612.0
BPCL,10/31/2007,1750.0,1750.0,1750.0,1750.0,0.0,50.0,819.0,612.0
BPCL,11/5/2007,1750.0,1715.0,1715.0,1715.0,-2.0,336.0,819.0,612.0
BPCL,11/6/2007,1715.0,1681.0,1681.0,1681.0,-1.98,650.0,819.0,612.0
BPCL,11/18/2007,1681.0,1700.0,1700.0,1700.0,1.13,150.0,819.0,612.0
BPCL,11/19/2007,1700.0,1666.0,1666.0,1666.0,-2.0,400.0,819.0,612.0
BPCL,11/20/2007,1666.0,1666.0,1666.0,1666.0,0.0,400.0,819.0,612.0
BPCL,11/22/2007,1666.0,1732.0,1699.0,1732.0,3.96,1000.0,819.0,612.0
BPCL,11/27/2007,1732.0,1698.0,1670.0,1670.0,-3.58,1160.0,819.0,612.0
BPCL,11/28/2007,1670.0,1650.0,1650.0,1650.0,-1.2,300.0,819.0,612.0
BPCL,11/29/2007,1650.0,1650.0,1611.0,1611.0,-2.36,3196.0,819.0,612.0
BPCL,12/1/2007,1611.0,1660.0,1643.0,1660.0,3.04,1550.0,819.0,612.0
BPCL,12/3/2007,1660.0,1700.0,1675.0,1700.0,2.41,5459.0,819.0,612.0
BPCL,12/4/2007,1700.0,1710.0,1700.0,1700.0,0.0,2582.0,819.0,612.0
BPCL,12/5/2007,1700.0,1710.0,1700.0,1710.0,0.59,1936.0,819.0,612.0
BPCL,12/6/2007,1710.0,1700.0,1676.0,1676.0,-1.99,33134.0,819.0,612.0
BPCL,12/9/2007,1676.0,1705.0,1700.0,1700.0,1.43,3136.0,819.0,612.0
BPCL,12/10/2007,1700.0,1720.0,1670.0,1700.0,0.0,1972.0,819.0,612.0
BPCL,12/11/2007,1700.0,1700.0,1660.0,1660.0,-2.35,3550.0,819.0,612.0
BPCL,12/12/2007,1660.0,1665.0,1640.0,1660.0,0.0,6036.0,819.0,612.0
BPCL,12/13/2007,1660.0,1650.0,1608.0,1640.0,-1.2,12595.0,819.0,612.0
BPCL,12/17/2007,1640.0,1650.0,1650.0,1650.0,0.61,300.0,819.0,612.0
BPCL,12/18/2007,1650.0,1650.0,1649.0,1650.0,0.0,3500.0,819.0,612.0
BPCL,12/19/2007,1650.0,1683.0,1650.0,1650.0,0.0,2636.0,819.0,612.0
BPCL,12/23/2007,1650.0,1651.0,1651.0,1651.0,0.06,600.0,819.0,612.0
BPCL,12/24/2007,1651.0,1660.0,1660.0,1660.0,0.55,1000.0,819.0,612.0
BPCL,1/9/2008,1660.0,1072.0,1072.0,1072.0,-35.42,0.0,819.0,612.0
BPCL,1/10/2008,1072.0,1640.0,1640.0,1640.0,52.99,600.0,819.0,612.0
BPCL,1/20/2008,1640.0,1608.0,1576.0,1576.0,-3.9,1030.0,819.0,612.0
BPCL,1/21/2008,1576.0,1545.0,1480.0,1480.0,-6.09,4000.0,819.0,612.0
BPCL,1/27/2008,1480.0,1480.0,1480.0,1480.0,0.0,10000.0,819.0,612.0
BPCL,1/29/2008,1480.0,1480.0,1480.0,1480.0,0.0,8000.0,819.0,612.0
BPCL,2/12/2008,1480.0,1480.0,1480.0,1480.0,0.0,100.0,819.0,612.0
BPCL,2/17/2008,1480.0,1451.0,1450.0,1450.0,-2.03,1072.0,819.0,612.0
BPCL,3/3/2008,1450.0,1421.0,1421.0,1421.0,-2.0,200.0,819.0,612.0
BPCL,3/4/2008,1421.0,1393.0,1393.0,1393.0,-1.97,300.0,819.0,612.0
BPCL,3/5/2008,1393.0,1366.0,1313.0,1313.0,-5.74,600.0,819.0,612.0
BPCL,3/9/2008,1313.0,1312.0,1287.0,1312.0,-0.08,636.0,819.0,612.0
BPCL,3/10/2008,1312.0,1286.0,1261.0,1261.0,-3.89,986.0,819.0,612.0
BPCL,3/11/2008,1261.0,1236.0,1236.0,1236.0,-1.98,200.0,819.0,612.0
BPCL,3/12/2008,1236.0,1212.0,1165.0,1165.0,-5.74,1636.0,819.0,612.0
BPCL,3/16/2008,1165.0,1142.0,1142.0,1142.0,-1.97,500.0,819.0,612.0
BPCL,3/17/2008,1142.0,1130.0,1130.0,1130.0,-1.05,536.0,819.0,612.0
BPCL,3/18/2008,1130.0,1125.0,1120.0,1120.0,-0.88,400.0,819.0,612.0
BPCL,3/19/2008,1120.0,1142.0,1135.0,1135.0,1.34,350.0,819.0,612.0
BPCL,3/20/2008,1135.0,1120.0,1120.0,1120.0,-1.32,600.0,819.0,612.0
BPCL,3/23/2008,1120.0,1115.0,1090.0,1090.0,-2.68,1150.0,819.0,612.0
BPCL,3/24/2008,1090.0,1090.0,1069.0,1069.0,-1.93,800.0,819.0,612.0
BPCL,3/25/2008,1069.0,1070.0,1050.0,1050.0,-1.78,650.0,819.0,612.0
BPCL,3/26/2008,1050.0,1049.0,1029.0,1049.0,-0.1,800.0,819.0,612.0
BPCL,3/31/2008,1049.0,1090.0,1069.0,1090.0,3.91,200.0,819.0,612.0
BPCL,4/1/2008,1090.0,1069.0,1069.0,1069.0,-1.93,200.0,819.0,612.0
BPCL,4/2/2008,1069.0,1050.0,1010.0,1010.0,-5.52,1850.0,819.0,612.0
BPCL,4/3/2008,1010.0,1010.0,1010.0,1010.0,0.0,3000.0,819.0,612.0
BPCL,4/6/2008,1010.0,1111.0,990.0,1111.0,10.0,5960.0,819.0,612.0
BPCL,4/15/2008,1111.0,1100.0,1100.0,1100.0,-0.99,600.0,819.0,612.0
BPCL,4/20/2008,1100.0,1100.0,1100.0,1100.0,0.0,1300.0,819.0,612.0
BPCL,4/27/2008,1100.0,1100.0,1100.0,1100.0,0.0,100.0,819.0,612.0
BPCL,4/30/2008,1100.0,1100.0,1100.0,1100.0,0.0,100.0,819.0,612.0
BPCL,5/6/2008,1100.0,1090.0,1070.0,1070.0,-2.73,1200.0,819.0,612.0
BPCL,5/7/2008,1070.0,1070.0,1031.0,1031.0,-3.64,8140.0,819.0,612.0
BPCL,5/8/2008,1031.0,1020.0,1020.0,1020.0,-1.07,536.0,819.0,612.0
BPCL,5/11/2008,1020.0,1122.0,1040.0,1122.0,10.0,2050.0,819.0,612.0
BPCL,5/12/2008,1122.0,1212.0,1144.0,1201.0,7.04,3650.0,819.0,612.0
BPCL,5/14/2008,1201.0,1225.0,1225.0,1225.0,2.0,250.0,819.0,612.0
BPCL,5/18/2008,1225.0,1225.0,1220.0,1224.0,-0.08,324.0,819.0,612.0
BPCL,5/22/2008,1224.0,1248.0,1248.0,1248.0,1.96,100.0,819.0,612.0
BPCL,5/25/2008,1248.0,1240.0,1240.0,1240.0,-0.64,100.0,819.0,612.0
BPCL,6/2/2008,1240.0,1264.0,1264.0,1264.0,1.94,736.0,819.0,612.0
BPCL,6/3/2008,1264.0,1260.0,1260.0,1260.0,-0.32,100.0,819.0,612.0
BPCL,6/5/2008,1260.0,1270.0,1235.0,1235.0,-1.98,1486.0,819.0,612.0
BPCL,6/8/2008,1235.0,1300.0,1235.0,1300.0,5.26,1800.0,819.0,612.0
BPCL,6/9/2008,1300.0,1326.0,1300.0,1326.0,2.0,752.0,819.0,612.0
BPCL,6/12/2008,1326.0,1340.0,1340.0,1340.0,1.06,200.0,819.0,612.0
BPCL,6/16/2008,1340.0,1350.0,1350.0,1350.0,0.75,200.0,819.0,612.0
BPCL,6/25/2008,1350.0,1350.0,1350.0,1350.0,0.0,5000.0,819.0,612.0
BPCL,6/30/2008,1350.0,1330.0,1330.0,1330.0,-1.48,400.0,819.0,612.0
BPCL,7/2/2008,1330.0,1310.0,1310.0,1310.0,-1.5,100.0,819.0,612.0
BPCL,7/10/2008,1310.0,1310.0,1310.0,1310.0,0.0,636.0,819.0,612.0
BPCL,7/13/2008,1310.0,1365.0,1336.0,1365.0,4.2,270.0,819.0,612.0
BPCL,7/14/2008,1365.0,1418.0,1392.0,1418.0,3.88,20.0,819.0,612.0
BPCL,7/15/2008,1418.0,1559.0,1446.0,1559.0,9.94,605.0,819.0,612.0
BPCL,7/16/2008,1559.0,1570.0,1530.0,1530.0,-1.86,1336.0,819.0,612.0
BPCL,7/20/2008,1530.0,1500.0,1500.0,1500.0,-1.96,300.0,819.0,612.0
BPCL,7/21/2008,1500.0,1500.0,1500.0,1500.0,0.0,150.0,819.0,612.0
BPCL,7/27/2008,1500.0,1500.0,1450.0,1450.0,-3.33,1224.0,819.0,612.0
BPCL,7/30/2008,1450.0,1421.0,1421.0,1421.0,-2.0,5000.0,819.0,612.0
BPCL,7/31/2008,1421.0,1420.0,1420.0,1420.0,-0.07,200.0,819.0,612.0
BPCL,8/4/2008,1420.0,1448.0,1448.0,1448.0,1.97,124.0,819.0,612.0
BPCL,8/12/2008,1448.0,1450.0,1450.0,1450.0,0.14,50.0,819.0,612.0
BPCL,8/14/2008,1450.0,1460.0,1460.0,1460.0,0.69,100.0,819.0,612.0
BPCL,9/21/2008,1460.0,1435.0,1379.0,1379.0,-5.55,450.0,819.0,612.0
BPCL,9/22/2008,1379.0,1360.0,1335.0,1335.0,-3.19,300.0,819.0,612.0
BPCL,9/24/2008,1335.0,1310.0,1310.0,1310.0,-1.87,200.0,819.0,612.0
BPCL,9/25/2008,1310.0,1290.0,1284.0,1290.0,-1.53,300.0,819.0,612.0
BPCL,11/2/2008,1290.0,1290.0,1279.0,1279.0,-0.85,30000.0,819.0,612.0
BPCL,11/6/2008,1279.0,1305.0,1279.0,1305.0,2.03,10300.0,819.0,612.0
BPCL,11/11/2008,1305.0,1279.0,1279.0,1279.0,-1.99,10000.0,819.0,612.0
BPCL,11/12/2008,1279.0,1279.0,1279.0,1279.0,0.0,10000.0,819.0,612.0
BPCL,11/16/2008,1279.0,1254.0,1152.0,1152.0,-9.93,1024.0,819.0,612.0
BPCL,11/19/2008,1152.0,1129.0,1129.0,1129.0,-2.0,200.0,819.0,612.0
BPCL,11/23/2008,1129.0,1130.0,1017.0,1017.0,-9.92,3286.0,819.0,612.0
BPCL,11/24/2008,1017.0,1017.0,1000.0,1012.0,-0.49,8166.0,819.0,612.0
BPCL,11/25/2008,1012.0,1000.0,992.0,1000.0,-1.19,200.0,819.0,612.0
BPCL,11/26/2008,1000.0,1020.0,1000.0,1020.0,2.0,900.0,819.0,612.0
BPCL,11/27/2008,1020.0,1020.0,1000.0,1020.0,0.0,150.0,819.0,612.0
BPCL,12/1/2008,1020.0,1060.0,1020.0,1060.0,3.92,1100.0,819.0,612.0
BPCL,12/2/2008,1060.0,1102.0,1081.0,1102.0,3.96,100.0,819.0,612.0
BPCL,12/3/2008,1102.0,1100.0,1100.0,1100.0,-0.18,200.0,819.0,612.0
BPCL,12/10/2008,1100.0,1078.0,1050.0,1050.0,-4.55,35240.0,819.0,612.0
BPCL,12/15/2008,1050.0,1112.0,1071.0,1112.0,5.9,200.0,819.0,612.0
BPCL,12/16/2008,1112.0,1134.0,1134.0,1134.0,1.98,50.0,819.0,612.0
BPCL,12/18/2008,1134.0,1112.0,1070.0,1070.0,-5.64,3962.0,819.0,612.0
BPCL,1/8/2009,1070.0,1069.0,1069.0,1069.0,-0.09,536.0,819.0,612.0
BPCL,1/20/2009,1069.0,1070.0,1070.0,1070.0,0.09,536.0,819.0,612.0
BPCL,1/21/2009,1070.0,1050.0,1050.0,1050.0,-1.87,300.0,819.0,612.0
BPCL,1/22/2009,1050.0,1029.0,951.0,951.0,-9.43,820.0,819.0,612.0
BPCL,1/26/2009,951.0,951.0,892.0,900.0,-5.36,2134.0,819.0,612.0
BPCL,1/28/2009,900.0,930.0,918.0,930.0,3.33,700.0,819.0,612.0
BPCL,2/1/2009,930.0,920.0,920.0,920.0,-1.08,200.0,819.0,612.0
BPCL,2/2/2009,920.0,905.0,905.0,905.0,-1.63,254.0,819.0,612.0
BPCL,2/4/2009,905.0,920.0,920.0,920.0,1.66,100.0,819.0,612.0
BPCL,2/9/2009,920.0,920.0,915.0,920.0,0.0,500.0,819.0,612.0
BPCL,2/12/2009,920.0,920.0,920.0,920.0,0.0,1000.0,819.0,612.0
BPCL,2/15/2009,920.0,920.0,920.0,920.0,0.0,1000.0,819.0,612.0
BPCL,2/16/2009,920.0,938.0,938.0,938.0,1.96,50.0,819.0,612.0
BPCL,2/17/2009,938.0,920.0,920.0,920.0,-1.92,1000.0,819.0,612.0
BPCL,2/19/2009,920.0,921.0,921.0,921.0,0.11,100.0,819.0,612.0
BPCL,2/24/2009,921.0,939.0,939.0,939.0,1.95,100.0,819.0,612.0
BPCL,3/1/2009,939.0,935.0,935.0,935.0,-0.43,100.0,819.0,612.0
BPCL,3/2/2009,935.0,917.0,917.0,917.0,-1.93,200.0,819.0,612.0
BPCL,3/3/2009,917.0,915.0,915.0,915.0,-0.22,50.0,819.0,612.0
BPCL,3/8/2009,915.0,933.0,933.0,933.0,1.97,100.0,819.0,612.0
BPCL,3/15/2009,933.0,950.0,940.0,950.0,1.82,400.0,819.0,612.0
BPCL,3/16/2009,950.0,968.0,968.0,968.0,1.89,100.0,819.0,612.0
BPCL,3/17/2009,968.0,987.0,987.0,987.0,1.96,100.0,819.0,612.0
BPCL,3/19/2009,987.0,1000.0,1000.0,1000.0,1.32,100.0,819.0,612.0
BPCL,3/22/2009,1000.0,1025.0,1010.0,1025.0,2.5,700.0,819.0,612.0
BPCL,4/2/2009,1025.0,1005.0,1000.0,1000.0,-2.44,100.0,819.0,612.0
BPCL,4/5/2009,1000.0,980.0,980.0,980.0,-2.0,100.0,819.0,612.0
BPCL,4/7/2009,980.0,980.0,980.0,980.0,0.0,100.0,819.0,612.0
BPCL,5/5/2009,980.0,961.0,884.0,884.0,-9.8,2200.0,819.0,612.0
BPCL,5/6/2009,884.0,890.0,890.0,890.0,0.68,400.0,819.0,612.0
BPCL,5/7/2009,890.0,900.0,882.0,895.0,0.56,1334.0,819.0,612.0
BPCL,5/12/2009,895.0,930.0,912.0,930.0,3.91,400.0,819.0,612.0
BPCL,5/13/2009,930.0,959.0,920.0,959.0,3.12,1250.0,819.0,612.0
BPCL,5/14/2009,959.0,994.0,975.0,994.0,3.65,200.0,819.0,612.0
BPCL,5/17/2009,994.0,975.0,970.0,970.0,-2.41,1799.0,819.0,612.0
BPCL,5/20/2009,970.0,970.0,951.0,970.0,0.0,70.0,819.0,612.0
BPCL,5/21/2009,970.0,951.0,951.0,951.0,-1.96,500.0,819.0,612.0
BPCL,5/31/2009,951.0,950.0,950.0,950.0,-0.11,100.0,819.0,612.0
BPCL,6/1/2009,950.0,931.0,915.0,915.0,-3.68,436.0,819.0,612.0
BPCL,6/4/2009,915.0,915.0,915.0,915.0,0.0,336.0,819.0,612.0
BPCL,6/7/2009,915.0,900.0,900.0,900.0,-1.64,250.0,819.0,612.0
BPCL,6/10/2009,900.0,910.0,910.0,910.0,1.11,624.0,819.0,612.0
BPCL,6/12/2009,910.0,1078.0,1075.0,1075.0,18.13,350.0,819.0,612.0
BPCL,6/15/2009,1075.0,946.0,928.0,946.0,-12.0,186.0,819.0,612.0
BPCL,6/16/2009,946.0,983.0,964.0,983.0,3.91,200.0,819.0,612.0
BPCL,6/17/2009,983.0,983.0,983.0,983.0,0.0,600.0,819.0,612.0
BPCL,6/18/2009,983.0,983.0,983.0,983.0,0.0,200.0,819.0,612.0
BPCL,6/21/2009,983.0,1002.0,1002.0,1002.0,1.93,50.0,819.0,612.0
BPCL,6/22/2009,1002.0,1060.0,1022.0,1060.0,5.79,398.0,819.0,612.0
BPCL,6/24/2009,1060.0,1060.0,1060.0,1060.0,0.0,80.0,819.0,612.0
BPCL,6/29/2009,1060.0,1060.0,1060.0,1060.0,0.0,60.0,819.0,612.0
BPCL,6/30/2009,1060.0,1080.0,1040.0,1080.0,1.89,150.0,819.0,612.0
BPCL,7/5/2009,1080.0,1100.0,1100.0,1100.0,1.85,50.0,819.0,612.0
BPCL,7/14/2009,1100.0,1182.0,1096.0,1182.0,7.45,300.0,819.0,612.0
BPCL,7/15/2009,1182.0,1295.0,1205.0,1270.0,7.45,624.0,819.0,612.0
BPCL,7/20/2009,1270.0,1245.0,1245.0,1245.0,-1.97,100.0,819.0,612.0
BPCL,7/23/2009,1245.0,1221.0,1221.0,1221.0,-1.93,100.0,819.0,612.0
BPCL,8/2/2009,1221.0,1197.0,1174.0,1174.0,-3.85,10824.0,819.0,612.0
BPCL,8/9/2009,1174.0,1174.0,1174.0,1174.0,0.0,10000.0,819.0,612.0
BPCL,8/12/2009,1174.0,1174.0,1174.0,1174.0,0.0,10000.0,819.0,612.0
BPCL,8/16/2009,1174.0,1151.0,1063.0,1063.0,-9.45,11236.0,819.0,612.0
BPCL,8/17/2009,1063.0,1042.0,1003.0,1003.0,-5.64,500.0,819.0,612.0
BPCL,8/19/2009,1003.0,1003.0,1003.0,1003.0,0.0,20200.0,819.0,612.0
BPCL,8/20/2009,1003.0,1001.0,1000.0,1001.0,-0.2,110.0,819.0,612.0
BPCL,8/23/2009,1001.0,999.0,999.0,999.0,-0.2,10000.0,819.0,612.0
BPCL,8/24/2009,999.0,990.0,971.0,971.0,-2.8,324.0,819.0,612.0
BPCL,8/25/2009,971.0,990.0,971.0,980.0,0.93,10386.0,819.0,612.0
BPCL,8/27/2009,980.0,980.0,980.0,980.0,0.0,250.0,819.0,612.0
BPCL,8/30/2009,980.0,975.0,975.0,975.0,-0.51,100.0,819.0,612.0
BPCL,9/1/2009,975.0,975.0,975.0,975.0,0.0,100.0,819.0,612.0
BPCL,9/7/2009,975.0,994.0,975.0,975.0,0.0,600.0,819.0,612.0
BPCL,9/8/2009,975.0,994.0,975.0,975.0,0.0,600.0,819.0,612.0
BPCL,9/9/2009,975.0,975.0,971.0,971.0,-0.41,150.0,819.0,612.0
BPCL,9/14/2009,971.0,952.0,952.0,952.0,-1.96,350.0,819.0,612.0
BPCL,10/13/2009,952.0,960.0,960.0,960.0,0.84,100.0,819.0,612.0
BPCL,11/1/2009,960.0,960.0,960.0,960.0,0.0,100.0,819.0,612.0
BPCL,11/5/2009,960.0,950.0,949.0,950.0,-1.04,600.0,819.0,612.0
BPCL,11/8/2009,950.0,962.0,941.0,941.0,-0.95,588.0,819.0,612.0
BPCL,11/17/2009,941.0,942.0,942.0,942.0,0.11,50.0,819.0,612.0
BPCL,11/30/2009,942.0,924.0,924.0,924.0,-1.91,2136.0,819.0,612.0
BPCL,12/1/2009,924.0,960.0,931.0,951.0,2.92,1286.0,819.0,612.0
BPCL,12/6/2009,951.0,950.0,950.0,950.0,-0.11,1246.0,819.0,612.0
BPCL,12/7/2009,950.0,950.0,945.0,945.0,-0.53,350.0,819.0,612.0
BPCL,12/8/2009,945.0,950.0,950.0,950.0,0.53,824.0,819.0,612.0
BPCL,12/10/2009,950.0,950.0,950.0,950.0,0.0,536.0,819.0,612.0
BPCL,12/14/2009,950.0,960.0,960.0,960.0,1.05,100.0,819.0,612.0
BPCL,12/16/2009,960.0,975.0,960.0,975.0,1.56,504.0,819.0,612.0
BPCL,12/17/2009,975.0,975.0,975.0,975.0,0.0,300.0,819.0,612.0
BPCL,1/6/2010,975.0,870.0,870.0,870.0,-10.77,100.0,819.0,612.0
BPCL,1/12/2010,870.0,887.0,887.0,887.0,1.95,10.0,819.0,612.0
BPCL,1/28/2010,887.0,919.0,901.0,919.0,3.61,20.0,819.0,612.0
BPCL,3/10/2010,919.0,901.0,900.0,900.0,-2.07,236.0,819.0,612.0
BPCL,3/14/2010,900.0,882.0,882.0,882.0,-2.0,100.0,819.0,612.0
BPCL,3/16/2010,882.0,865.0,865.0,865.0,-1.93,100.0,819.0,612.0
BPCL,3/17/2010,865.0,850.0,850.0,850.0,-1.73,50.0,819.0,612.0
BPCL,3/22/2010,850.0,833.0,833.0,833.0,-2.0,50.0,819.0,612.0
BPCL,3/23/2010,833.0,817.0,817.0,817.0,-1.92,500.0,819.0,612.0
BPCL,3/25/2010,817.0,833.0,833.0,833.0,1.96,50.0,819.0,612.0
BPCL,3/28/2010,833.0,817.0,817.0,817.0,-1.92,100.0,819.0,612.0
BPCL,4/6/2010,817.0,801.0,801.0,801.0,-1.96,100.0,819.0,612.0
BPCL,4/7/2010,801.0,785.0,770.0,770.0,-3.87,166.0,819.0,612.0
BPCL,4/8/2010,770.0,824.0,808.0,824.0,7.01,20.0,819.0,612.0
BPCL,4/11/2010,824.0,850.0,835.0,850.0,3.16,50.0,819.0,612.0
BPCL,4/15/2010,850.0,833.0,801.0,801.0,-5.76,146.0,819.0,612.0
BPCL,4/19/2010,801.0,785.0,785.0,785.0,-2.0,50.0,819.0,612.0
BPCL,4/20/2010,785.0,800.0,770.0,800.0,1.91,74.0,819.0,612.0
BPCL,4/22/2010,800.0,813.0,784.0,813.0,1.63,120.0,819.0,612.0
BPCL,4/25/2010,813.0,800.0,800.0,800.0,-1.6,30.0,819.0,612.0
BPCL,4/27/2010,800.0,784.0,739.0,739.0,-7.63,160.0,819.0,612.0
BPCL,4/28/2010,739.0,725.0,725.0,725.0,-1.89,30.0,819.0,612.0
BPCL,4/29/2010,725.0,730.0,730.0,730.0,0.69,20.0,819.0,612.0
BPCL,5/10/2010,730.0,720.0,720.0,720.0,-1.37,200.0,819.0,612.0
BPCL,5/11/2010,720.0,706.0,706.0,706.0,-1.94,350.0,819.0,612.0
BPCL,5/17/2010,706.0,734.0,715.0,734.0,3.97,460.0,819.0,612.0
BPCL,5/18/2010,734.0,734.0,734.0,734.0,0.0,10000.0,819.0,612.0
BPCL,5/20/2010,734.0,748.0,748.0,748.0,1.91,20.0,819.0,612.0
BPCL,5/23/2010,748.0,748.0,748.0,748.0,0.0,10200.0,819.0,612.0
BPCL,5/24/2010,748.0,775.0,760.0,775.0,3.61,50.0,819.0,612.0
BPCL,5/25/2010,775.0,790.0,790.0,790.0,1.94,30.0,819.0,612.0
BPCL,5/26/2010,790.0,805.0,805.0,805.0,1.9,20.0,819.0,612.0
BPCL,5/30/2010,805.0,821.0,821.0,821.0,1.99,20.0,819.0,612.0
BPCL,5/31/2010,821.0,837.0,821.0,821.0,0.0,150.0,819.0,612.0
BPCL,6/1/2010,821.0,805.0,789.0,804.0,-2.07,750.0,819.0,612.0
BPCL,6/2/2010,804.0,820.0,790.0,820.0,1.99,560.0,819.0,612.0
BPCL,6/3/2010,820.0,804.0,790.0,790.0,-3.66,450.0,819.0,612.0
BPCL,6/6/2010,790.0,802.0,802.0,802.0,1.52,10.0,819.0,612.0
BPCL,6/8/2010,802.0,810.0,800.0,800.0,-0.25,1040.0,819.0,612.0
BPCL,6/9/2010,800.0,802.0,775.0,802.0,0.25,2196.0,819.0,612.0
BPCL,6/15/2010,802.0,795.0,795.0,795.0,-0.87,236.0,819.0,612.0
BPCL,6/21/2010,795.0,810.0,810.0,810.0,1.89,10.0,819.0,612.0
BPCL,6/22/2010,810.0,820.0,804.0,804.0,-0.74,390.0,819.0,612.0
BPCL,6/26/2010,804.0,815.0,815.0,815.0,1.37,200.0,819.0,612.0
BPCL,6/30/2010,815.0,815.0,815.0,815.0,0.0,1000.0,819.0,612.0
BPCL,7/1/2010,815.0,863.0,815.0,863.0,5.89,1280.0,819.0,612.0
BPCL,7/4/2010,863.0,930.0,880.0,930.0,7.76,316.0,819.0,612.0
BPCL,7/6/2010,930.0,912.0,894.0,894.0,-3.87,150.0,819.0,612.0
BPCL,7/7/2010,894.0,877.0,860.0,877.0,-1.9,1210.0,819.0,612.0
BPCL,7/8/2010,877.0,928.0,894.0,928.0,5.82,184.0,819.0,612.0
BPCL,7/11/2010,928.0,920.0,902.0,902.0,-2.8,1484.0,819.0,612.0
BPCL,7/12/2010,902.0,938.0,920.0,938.0,3.99,104.0,819.0,612.0
BPCL,7/14/2010,938.0,1031.0,955.0,1031.0,9.91,749.0,819.0,612.0
BPCL,7/15/2010,1031.0,1090.0,1050.0,1090.0,5.72,310.0,819.0,612.0
BPCL,7/22/2010,1090.0,1048.0,988.0,988.0,-9.36,200.0,819.0,612.0
BPCL,7/27/2010,988.0,1069.0,1069.0,1069.0,8.2,104.0,819.0,612.0
BPCL,9/9/2010,1069.0,810.0,794.0,794.0,-25.72,500.0,819.0,612.0
BPCL,9/14/2010,794.0,779.0,749.0,749.0,-5.67,200.0,819.0,612.0
BPCL,9/15/2010,749.0,780.0,750.0,780.0,4.14,205.0,819.0,612.0
BPCL,9/16/2010,780.0,810.0,795.0,810.0,3.85,100.0,819.0,612.0
BPCL,9/19/2010,810.0,826.0,826.0,826.0,1.98,20.0,819.0,612.0
BPCL,9/23/2010,826.0,842.0,810.0,842.0,1.94,318.0,819.0,612.0
BPCL,9/30/2010,842.0,842.0,842.0,842.0,0.0,200.0,819.0,612.0
BPCL,10/20/2010,842.0,826.0,826.0,826.0,-1.9,50.0,819.0,612.0
BPCL,11/18/2010,826.0,810.0,810.0,810.0,-1.94,50.0,819.0,612.0
BPCL,11/21/2010,810.0,810.0,800.0,800.0,-1.23,300.0,819.0,612.0
BPCL,11/25/2010,800.0,785.0,785.0,785.0,-1.88,100.0,819.0,612.0
BPCL,12/2/2010,785.0,800.0,770.0,800.0,1.91,540.0,819.0,612.0
BPCL,12/16/2010,800.0,775.0,760.0,775.0,-3.12,1020.0,819.0,612.0
BPCL,12/19/2010,775.0,760.0,760.0,760.0,-1.94,1500.0,819.0,612.0
BPCL,1/3/2011,760.0,674.0,674.0,674.0,-11.32,50.0,819.0,612.0
BPCL,1/12/2011,674.0,704.0,704.0,704.0,4.45,48.0,819.0,612.0
BPCL,2/10/2011,704.0,710.0,696.0,696.0,-1.14,350.0,819.0,612.0
BPCL,2/13/2011,696.0,700.0,700.0,700.0,0.57,61.0,819.0,612.0
BPCL,2/17/2011,700.0,687.0,687.0,687.0,-1.86,100.0,819.0,612.0
BPCL,3/3/2011,687.0,661.0,661.0,661.0,-3.78,150.0,819.0,612.0
BPCL,4/5/2011,661.0,671.0,671.0,671.0,1.51,20.0,819.0,612.0
BPCL,4/10/2011,671.0,724.0,671.0,724.0,7.9,152.0,819.0,612.0
BPCL,4/11/2011,724.0,759.0,759.0,759.0,4.83,10.0,819.0,612.0
BPCL,4/13/2011,759.0,796.0,796.0,796.0,4.87,10.0,819.0,612.0
BPCL,5/15/2011,796.0,781.0,736.0,736.0,-7.54,150.0,819.0,612.0
BPCL,5/18/2011,736.0,722.0,668.0,668.0,-9.24,170.0,819.0,612.0
BPCL,5/19/2011,668.0,655.0,602.0,602.0,-9.88,80.0,819.0,612.0
BPCL,5/22/2011,602.0,590.0,546.0,546.0,-9.3,210.0,819.0,612.0
BPCL,5/23/2011,546.0,536.0,496.0,497.0,-8.97,883.0,819.0,612.0
BPCL,5/24/2011,497.0,497.0,479.0,479.0,-3.62,583.0,819.0,612.0
BPCL,5/25/2011,479.0,479.0,447.0,447.0,-6.68,3710.0,819.0,612.0
BPCL,5/26/2011,447.0,445.0,436.0,436.0,-2.46,900.0,819.0,612.0
BPCL,5/30/2011,436.0,435.0,408.0,409.0,-6.19,2020.0,819.0,612.0
BPCL,5/31/2011,409.0,415.0,410.0,413.0,0.98,2110.0,819.0,612.0
BPCL,6/2/2011,413.0,410.0,400.0,410.0,-0.73,2920.0,819.0,612.0
BPCL,6/5/2011,410.0,419.0,405.0,410.0,0.0,2710.0,819.0,612.0
BPCL,6/6/2011,410.0,411.0,402.0,411.0,0.24,2310.0,819.0,612.0
BPCL,6/7/2011,411.0,443.0,419.0,420.0,2.19,840.0,819.0,612.0
BPCL,6/8/2011,420.0,428.0,428.0,428.0,1.9,220.0,819.0,612.0
BPCL,6/9/2011,428.0,421.0,420.0,420.0,-1.87,1300.0,819.0,612.0
BPCL,6/12/2011,420.0,428.0,428.0,428.0,1.9,400.0,819.0,612.0
BPCL,6/13/2011,428.0,428.0,420.0,428.0,0.0,433.0,819.0,612.0
BPCL,6/14/2011,428.0,428.0,420.0,421.0,-1.64,1269.0,819.0,612.0
BPCL,6/15/2011,421.0,432.0,428.0,432.0,2.61,608.0,819.0,612.0
BPCL,6/16/2011,432.0,440.0,440.0,440.0,1.85,21.0,819.0,612.0
BPCL,6/19/2011,440.0,474.0,448.0,474.0,7.73,1760.0,819.0,612.0
BPCL,6/20/2011,440.0,474.0,448.0,474.0,0.0,1760.0,819.0,612.0
BPCL,6/21/2011,483.0,485.0,485.0,485.0,2.32,21.0,819.0,612.0
BPCL,6/23/2011,485.0,533.0,494.0,533.0,9.9,400.0,819.0,612.0
BPCL,6/26/2011,533.0,543.0,523.0,523.0,-1.88,2130.0,819.0,612.0
BPCL,6/27/2011,523.0,523.0,513.0,523.0,0.0,190.0,819.0,612.0
BPCL,6/29/2011,523.0,571.0,530.0,571.0,9.18,412.0,819.0,612.0
BPCL,6/30/2011,571.0,560.0,514.0,550.0,-3.68,470.0,819.0,612.0
BPCL,7/3/2011,550.0,550.0,539.0,550.0,0.0,265.0,819.0,612.0
BPCL,7/4/2011,550.0,540.0,540.0,540.0,-1.82,220.0,819.0,612.0
BPCL,7/5/2011,540.0,550.0,530.0,530.0,-1.85,105.0,819.0,612.0
BPCL,7/6/2011,530.0,570.0,540.0,570.0,7.55,160.0,819.0,612.0
BPCL,7/7/2011,570.0,586.0,575.0,586.0,2.81,40.0,819.0,612.0
BPCL,7/10/2011,586.0,590.0,590.0,590.0,0.68,100.0,819.0,612.0
BPCL,7/11/2011,590.0,630.0,579.0,630.0,6.78,674.0,819.0,612.0
BPCL,7/12/2011,630.0,687.0,641.0,687.0,9.05,422.0,819.0,612.0
BPCL,7/13/2011,687.0,700.0,674.0,686.0,-0.15,1766.0,819.0,612.0
BPCL,7/14/2011,686.0,739.0,645.0,739.0,7.73,1693.0,819.0,612.0
BPCL,7/21/2011,739.0,725.0,671.0,671.0,-9.2,322.0,819.0,612.0
BPCL,7/24/2011,671.0,658.0,609.0,609.0,-9.24,330.0,819.0,612.0
BPCL,7/25/2011,609.0,597.0,553.0,553.0,-9.2,500.0,819.0,612.0
BPCL,7/27/2011,553.0,542.0,532.0,542.0,-1.99,936.0,819.0,612.0
BPCL,7/28/2011,542.0,542.0,532.0,542.0,0.0,161.0,819.0,612.0
BPCL,7/31/2011,542.0,532.0,518.0,518.0,-4.43,260.0,819.0,612.0
BPCL,8/2/2011,518.0,528.0,528.0,528.0,1.93,640.0,819.0,612.0
BPCL,8/3/2011,528.0,538.0,505.0,505.0,-4.36,4492.0,819.0,612.0
BPCL,8/7/2011,505.0,500.0,500.0,500.0,-0.99,61529.0,819.0,612.0
BPCL,8/8/2011,500.0,511.0,510.0,511.0,2.2,200.0,819.0,612.0
BPCL,8/9/2011,511.0,501.0,501.0,501.0,-1.96,3552.0,819.0,612.0
BPCL,8/11/2011,501.0,491.0,491.0,491.0,-2.0,3872.0,819.0,612.0
BPCL,8/17/2011,491.0,520.0,500.0,500.0,1.83,1576.0,819.0,612.0
BPCL,8/23/2011,500.0,510.0,510.0,510.0,2.0,22.0,819.0,612.0
BPCL,9/4/2011,510.0,510.0,510.0,510.0,0.0,34.0,819.0,612.0
BPCL,9/5/2011,510.0,510.0,510.0,510.0,0.0,200.0,819.0,612.0
BPCL,9/7/2011,510.0,520.0,520.0,520.0,1.96,50.0,819.0,612.0
BPCL,9/18/2011,520.0,516.0,510.0,516.0,-0.77,550.0,819.0,612.0
BPCL,9/19/2011,516.0,510.0,510.0,510.0,-1.16,555.0,819.0,612.0
BPCL,9/21/2011,510.0,519.0,510.0,519.0,1.76,696.0,819.0,612.0
BPCL,10/18/2011,519.0,539.0,529.0,539.0,3.85,20.0,819.0,612.0
BPCL,10/19/2011,539.0,549.0,549.0,549.0,1.86,50.0,819.0,612.0
BPCL,10/20/2011,549.0,559.0,555.0,559.0,1.82,200.0,819.0,612.0
BPCL,10/23/2011,559.0,548.0,548.0,548.0,-1.97,1036.0,819.0,612.0
BPCL,10/24/2011,548.0,548.0,538.0,548.0,0.0,656.0,819.0,612.0
BPCL,11/3/2011,548.0,548.0,540.0,540.0,-1.46,434.0,819.0,612.0
BPCL,11/6/2011,540.0,530.0,515.0,526.0,-2.59,5070.0,819.0,612.0
BPCL,11/8/2011,526.0,540.0,536.0,540.0,2.66,110.0,819.0,612.0
BPCL,11/10/2011,540.0,531.0,530.0,530.0,-1.85,1250.0,819.0,612.0
BPCL,11/13/2011,530.0,540.0,530.0,540.0,1.89,114.0,819.0,612.0
BPCL,11/14/2011,540.0,530.0,525.0,530.0,-1.85,300.0,819.0,612.0
BPCL,11/15/2011,530.0,520.0,520.0,520.0,-1.89,359.0,819.0,612.0
BPCL,11/16/2011,520.0,512.0,490.0,492.0,-5.38,6253.0,819.0,612.0
BPCL,11/20/2011,492.0,501.0,501.0,501.0,1.83,100.0,819.0,612.0
BPCL,11/21/2011,501.0,511.0,511.0,511.0,2.0,50.0,819.0,612.0
BPCL,11/23/2011,511.0,501.0,501.0,501.0,-1.96,100.0,819.0,612.0
BPCL,11/24/2011,501.0,496.0,496.0,496.0,-1.0,100.0,819.0,612.0
BPCL,12/1/2011,496.0,496.0,496.0,496.0,0.0,110.0,819.0,612.0
BPCL,12/5/2011,496.0,505.0,505.0,505.0,1.81,14.0,819.0,612.0
BPCL,12/6/2011,505.0,495.0,490.0,490.0,-2.97,133.0,819.0,612.0
BPCL,12/11/2011,490.0,482.0,480.0,480.0,-2.04,500.0,819.0,612.0
BPCL,12/13/2011,480.0,471.0,455.0,460.0,-4.17,2800.0,819.0,612.0
BPCL,12/15/2011,460.0,460.0,460.0,460.0,0.0,410.0,819.0,612.0
BPCL,12/27/2011,460.0,460.0,460.0,460.0,0.0,100.0,819.0,612.0
BPCL,12/28/2011,460.0,484.0,469.0,484.0,5.22,150.0,819.0,612.0
BPCL,12/29/2011,484.0,504.0,493.0,504.0,4.13,420.0,819.0,612.0
BPCL,1/1/2012,504.0,494.0,494.0,494.0,-1.98,23.0,819.0,612.0
BPCL,1/2/2012,494.0,485.0,485.0,485.0,-1.82,200.0,819.0,612.0
BPCL,1/3/2012,485.0,476.0,476.0,476.0,-1.86,40.0,819.0,612.0
BPCL,1/4/2012,476.0,479.0,470.0,479.0,0.63,620.0,819.0,612.0
BPCL,1/9/2012,479.0,497.0,488.0,497.0,3.76,34.0,819.0,612.0
BPCL,1/10/2012,479.0,516.0,506.0,516.0,3.82,56.0,819.0,612.0
BPCL,1/11/2012,516.0,506.0,506.0,506.0,-1.94,30.0,819.0,612.0
BPCL,1/12/2012,506.0,536.0,516.0,536.0,5.93,75.0,819.0,612.0
BPCL,2/7/2012,536.0,526.0,520.0,520.0,-2.99,80.0,819.0,612.0
BPCL,2/27/2012,520.0,510.0,468.0,468.0,-10.0,846.0,819.0,612.0
BPCL,2/28/2012,468.0,459.0,450.0,450.0,-3.85,509.0,819.0,612.0
BPCL,3/4/2012,450.0,455.0,450.0,455.0,1.11,1045.0,819.0,612.0
BPCL,3/6/2012,455.0,455.0,455.0,455.0,0.0,100.0,819.0,612.0
BPCL,3/11/2012,455.0,455.0,455.0,455.0,0.0,352.0,819.0,612.0
BPCL,3/18/2012,455.0,460.0,460.0,460.0,1.1,10.0,819.0,612.0
BPCL,3/19/2012,460.0,460.0,460.0,460.0,0.0,30.0,819.0,612.0
BPCL,3/20/2012,460.0,456.0,439.0,439.0,-4.57,421.0,819.0,612.0
BPCL,3/21/2012,439.0,435.0,431.0,431.0,-1.82,300.0,819.0,612.0
BPCL,3/26/2012,431.0,423.0,415.0,415.0,-3.71,200.0,819.0,612.0
BPCL,3/28/2012,415.0,410.0,390.0,392.0,-5.54,1800.0,819.0,612.0
BPCL,3/29/2012,392.0,386.0,383.0,383.0,-2.3,750.0,819.0,612.0
BPCL,4/1/2012,383.0,414.0,364.0,414.0,8.09,1860.0,819.0,612.0
BPCL,4/2/2012,414.0,430.0,422.0,430.0,3.86,40.0,819.0,612.0
BPCL,4/3/2012,430.0,425.0,417.0,425.0,-1.16,520.0,819.0,612.0
BPCL,4/5/2012,425.0,417.0,417.0,417.0,-1.88,150.0,819.0,612.0
BPCL,4/8/2012,417.0,420.0,420.0,420.0,0.72,500.0,819.0,612.0
BPCL,4/9/2012,420.0,412.0,396.0,396.0,-5.71,300.0,819.0,612.0
BPCL,4/10/2012,396.0,390.0,376.0,385.0,-2.78,842.0,819.0,612.0
BPCL,4/11/2012,385.0,408.0,386.0,395.0,2.6,730.0,819.0,612.0
BPCL,4/12/2012,395.0,434.0,392.0,434.0,9.87,680.0,819.0,612.0
BPCL,4/15/2012,434.0,459.0,405.0,405.0,-6.68,28100.0,819.0,612.0
BPCL,4/17/2012,405.0,477.0,450.0,450.0,11.11,1799.0,819.0,612.0
BPCL,4/18/2012,450.0,473.0,414.0,414.0,-8.0,2185.0,819.0,612.0
BPCL,4/29/2012,414.0,454.0,422.0,454.0,9.66,50.0,819.0,612.0
BPCL,4/30/2012,454.0,496.0,463.0,496.0,9.25,502.0,819.0,612.0
BPCL,5/2/2012,496.0,525.0,505.0,515.0,3.83,1628.0,819.0,612.0
BPCL,5/3/2012,515.0,532.0,525.0,532.0,3.3,1036.0,819.0,612.0
BPCL,5/8/2012,532.0,563.0,541.0,541.0,1.69,3570.0,819.0,612.0
BPCL,5/9/2012,541.0,565.0,551.0,560.0,3.51,1188.0,819.0,612.0
BPCL,5/10/2012,560.0,570.0,548.0,549.0,-1.96,2208.0,819.0,612.0
BPCL,5/13/2012,549.0,540.0,540.0,540.0,-1.64,160.0,819.0,612.0
BPCL,5/15/2012,540.0,561.0,550.0,561.0,3.89,455.0,819.0,612.0
BPCL,5/16/2012,561.0,583.0,572.0,583.0,3.92,20.0,819.0,612.0
BPCL,5/17/2012,583.0,617.0,594.0,605.0,3.77,512.0,819.0,612.0
BPCL,5/20/2012,605.0,593.0,545.0,561.0,-7.27,1294.0,819.0,612.0
BPCL,5/21/2012,561.0,566.0,550.0,555.0,-1.07,340.0,819.0,612.0
BPCL,5/22/2012,555.0,553.0,534.0,553.0,-0.36,260.0,819.0,612.0
BPCL,5/23/2012,553.0,542.0,542.0,542.0,-1.99,42.0,819.0,612.0
BPCL,5/24/2012,542.0,532.0,520.0,520.0,-4.06,816.0,819.0,612.0
BPCL,5/27/2012,520.0,540.0,500.0,540.0,3.85,370.0,819.0,612.0
BPCL,5/31/2012,540.0,530.0,486.0,504.0,-6.67,2281.0,819.0,612.0
BPCL,6/3/2012,504.0,524.0,514.0,524.0,3.97,1120.0,819.0,612.0
BPCL,6/4/2012,524.0,514.0,485.0,493.0,-5.92,530.0,819.0,612.0
BPCL,6/5/2012,493.0,493.0,475.0,475.0,-3.65,110.0,819.0,612.0
BPCL,6/6/2012,475.0,475.0,461.0,461.0,-2.95,460.0,819.0,612.0
BPCL,6/7/2012,461.0,480.0,453.0,475.0,3.04,1540.0,819.0,612.0
BPCL,6/10/2012,475.0,466.0,460.0,460.0,-3.16,40.0,819.0,612.0
BPCL,6/11/2012,460.0,469.0,451.0,462.0,0.43,170.0,819.0,612.0
BPCL,6/14/2012,462.0,473.0,455.0,473.0,2.38,3400.0,819.0,612.0
BPCL,6/20/2012,473.0,491.0,482.0,490.0,3.59,210.0,819.0,612.0
BPCL,6/21/2012,490.0,481.0,472.0,472.0,-3.67,10280.0,819.0,612.0
BPCL,6/25/2012,472.0,481.0,475.0,481.0,1.91,275.0,819.0,612.0
BPCL,6/26/2012,481.0,489.0,480.0,480.0,-0.21,1929.0,819.0,612.0
BPCL,6/27/2012,480.0,488.0,488.0,488.0,1.67,100.0,819.0,612.0
BPCL,6/28/2012,488.0,506.0,496.0,496.0,1.64,531.0,819.0,612.0
BPCL,7/2/2012,496.0,487.0,471.0,471.0,-5.04,2140.0,819.0,612.0
BPCL,7/3/2012,471.0,480.0,470.0,479.0,1.7,1100.0,819.0,612.0
BPCL,7/4/2012,479.0,497.0,488.0,497.0,3.76,99.0,819.0,612.0
BPCL,7/5/2012,497.0,519.0,490.0,517.0,4.02,1357.0,819.0,612.0
BPCL,7/8/2012,517.0,537.0,527.0,537.0,3.87,524.0,819.0,612.0
BPCL,7/9/2012,537.0,547.0,527.0,547.0,1.86,321.0,819.0,612.0
BPCL,7/10/2012,547.0,568.0,536.0,556.0,1.65,806.0,819.0,612.0
BPCL,7/11/2012,556.0,555.0,535.0,555.0,-0.18,220.0,819.0,612.0
BPCL,7/12/2012,555.0,577.0,566.0,577.0,3.96,160.0,819.0,612.0
BPCL,7/23/2012,577.0,566.0,540.0,541.0,-6.24,1702.0,819.0,612.0
BPCL,7/24/2012,541.0,540.0,531.0,540.0,-0.18,1400.0,819.0,612.0
BPCL,7/25/2012,540.0,535.0,528.0,528.0,-2.22,1049.0,819.0,612.0
BPCL,7/26/2012,528.0,518.0,518.0,518.0,-1.89,500.0,819.0,612.0
BPCL,7/30/2012,518.0,518.0,508.0,515.0,-0.58,1724.0,819.0,612.0
BPCL,7/31/2012,515.0,513.0,512.0,512.0,-0.58,600.0,819.0,612.0
BPCL,8/1/2012,512.0,542.0,522.0,542.0,5.86,42.0,819.0,612.0
BPCL,8/5/2012,542.0,532.0,522.0,531.0,-2.03,1986.0,819.0,612.0
BPCL,8/6/2012,531.0,522.0,515.0,515.0,-3.01,650.0,819.0,612.0
BPCL,8/7/2012,515.0,527.0,515.0,527.0,2.33,1336.0,819.0,612.0
BPCL,8/8/2012,527.0,571.0,537.0,571.0,8.35,5352.0,819.0,612.0
BPCL,8/12/2012,571.0,616.0,569.0,578.0,1.23,6235.0,819.0,612.0
BPCL,8/13/2012,578.0,581.0,565.0,570.0,-1.38,2310.0,819.0,612.0
BPCL,8/14/2012,570.0,615.0,581.0,604.0,5.96,6499.0,819.0,612.0
BPCL,8/15/2012,604.0,599.0,585.0,589.0,-2.48,3916.0,819.0,612.0
BPCL,8/16/2012,589.0,597.0,580.0,589.0,0.0,5166.0,819.0,612.0
BPCL,8/19/2012,589.0,602.0,580.0,599.0,1.7,9742.0,819.0,612.0
BPCL,8/21/2012,599.0,620.0,600.0,616.0,2.84,3167.0,819.0,612.0
BPCL,8/22/2012,616.0,640.0,621.0,640.0,3.9,1007.0,819.0,612.0
BPCL,8/23/2012,640.0,668.0,640.0,652.0,1.88,6120.0,819.0,612.0
BPCL,8/26/2012,652.0,665.0,639.0,651.0,-0.15,2770.0,819.0,612.0
BPCL,8/27/2012,651.0,658.0,650.0,658.0,1.08,5881.0,819.0,612.0
BPCL,8/28/2012,658.0,675.0,657.0,661.0,0.46,2979.0,819.0,612.0
BPCL,8/29/2012,661.0,674.0,661.0,662.0,0.15,1520.0,819.0,612.0
BPCL,8/30/2012,662.0,670.0,662.0,665.0,0.45,3250.0,819.0,612.0
BPCL,9/2/2012,665.0,689.0,670.0,682.0,2.56,4120.0,819.0,612.0
BPCL,9/3/2012,682.0,691.0,675.0,685.0,0.44,539.0,819.0,612.0
BPCL,9/4/2012,685.0,696.0,683.0,685.0,0.0,2300.0,819.0,612.0
BPCL,9/5/2012,685.0,680.0,670.0,670.0,-2.19,1630.0,819.0,612.0
BPCL,9/6/2012,670.0,692.0,673.0,690.0,2.99,710.0,819.0,612.0
BPCL,9/9/2012,690.0,697.0,681.0,695.0,0.72,1148.0,819.0,612.0
BPCL,9/10/2012,695.0,691.0,682.0,689.0,-0.86,1200.0,819.0,612.0
BPCL,9/11/2012,689.0,690.0,677.0,689.0,0.0,462.0,819.0,612.0
BPCL,9/12/2012,689.0,690.0,682.0,690.0,0.15,1300.0,819.0,612.0
BPCL,9/13/2012,690.0,685.0,680.0,685.0,-0.72,900.0,819.0,612.0
BPCL,9/16/2012,685.0,696.0,686.0,689.0,0.58,750.0,819.0,612.0
BPCL,9/17/2012,689.0,705.0,689.0,705.0,2.32,722.0,819.0,612.0
BPCL,9/18/2012,705.0,745.0,707.0,745.0,5.67,1016.0,819.0,612.0
BPCL,9/19/2012,745.0,735.0,710.0,710.0,-4.7,500.0,819.0,612.0
BPCL,9/20/2012,710.0,706.0,706.0,706.0,-0.56,100.0,819.0,612.0
BPCL,9/23/2012,706.0,710.0,696.0,697.0,-1.27,4920.0,819.0,612.0
BPCL,9/24/2012,697.0,695.0,690.0,695.0,-0.29,2649.0,819.0,612.0
BPCL,9/25/2012,695.0,703.0,690.0,703.0,1.15,7711.0,819.0,612.0
BPCL,9/26/2012,703.0,714.0,700.0,714.0,1.56,4262.0,819.0,612.0
BPCL,9/30/2012,714.0,723.0,705.0,723.0,1.26,5331.0,819.0,612.0
BPCL,10/1/2012,723.0,725.0,717.0,725.0,0.28,924.0,819.0,612.0
BPCL,10/2/2012,725.0,735.0,728.0,733.0,1.1,2797.0,819.0,612.0
BPCL,10/3/2012,733.0,738.0,730.0,733.0,0.0,1761.0,819.0,612.0
BPCL,10/4/2012,733.0,750.0,734.0,748.0,2.05,2414.0,819.0,612.0
BPCL,10/7/2012,748.0,792.0,762.0,790.0,5.61,2179.0,819.0,612.0
BPCL,10/8/2012,790.0,795.0,770.0,770.0,-2.53,5090.0,819.0,612.0
BPCL,10/9/2012,770.0,769.0,750.0,750.0,-2.6,3411.0,819.0,612.0
BPCL,10/10/2012,750.0,755.0,754.0,754.0,0.53,400.0,819.0,612.0
BPCL,10/11/2012,754.0,750.0,741.0,750.0,-0.53,1717.0,819.0,612.0
BPCL,10/14/2012,750.0,755.0,750.0,752.0,0.27,450.0,819.0,612.0
BPCL,10/15/2012,752.0,755.0,755.0,755.0,0.4,879.0,819.0,612.0
BPCL,10/17/2012,755.0,779.0,770.0,779.0,3.18,170.0,819.0,612.0
BPCL,10/18/2012,779.0,770.0,770.0,770.0,-1.16,300.0,819.0,612.0
BPCL,10/30/2012,770.0,780.0,770.0,780.0,1.3,510.0,819.0,612.0
BPCL,10/31/2012,780.0,800.0,780.0,794.0,1.79,4950.0,819.0,612.0
BPCL,11/1/2012,794.0,795.0,789.0,795.0,0.13,1460.0,819.0,612.0
BPCL,11/4/2012,795.0,792.0,786.0,788.0,-0.88,3200.0,819.0,612.0
BPCL,11/5/2012,788.0,793.0,777.0,790.0,0.25,3757.0,819.0,612.0
BPCL,11/6/2012,790.0,800.0,785.0,788.0,-0.25,2325.0,819.0,612.0
BPCL,11/7/2012,788.0,810.0,790.0,799.0,1.4,5812.0,819.0,612.0
BPCL,11/8/2012,799.0,816.0,795.0,800.0,0.13,3628.0,819.0,612.0
BPCL,11/11/2012,800.0,808.0,791.0,795.0,-0.62,1887.0,819.0,612.0
BPCL,11/12/2012,795.0,800.0,789.0,796.0,0.13,2528.0,819.0,612.0
BPCL,11/18/2012,796.0,805.0,785.0,805.0,1.13,5288.0,819.0,612.0
BPCL,11/20/2012,805.0,835.0,800.0,835.0,3.73,11011.0,819.0,612.0
BPCL,11/21/2012,835.0,832.0,805.0,820.0,-1.8,8884.0,819.0,612.0
BPCL,11/22/2012,820.0,825.0,813.0,819.0,-0.12,6384.0,819.0,612.0
BPCL,11/25/2012,819.0,846.0,819.0,819.0,0.0,5231.0,819.0,612.0
BPCL,11/26/2012,819.0,807.0,807.0,807.0,-1.47,186.0,819.0,612.0
BPCL,11/27/2012,807.0,815.0,790.0,790.0,-2.11,3893.0,819.0,612.0
BPCL,11/28/2012,790.0,791.0,781.0,787.0,-0.38,2892.0,819.0,612.0
BPCL,11/29/2012,787.0,781.0,780.0,781.0,-0.76,1235.0,819.0,612.0
BPCL,12/2/2012,781.0,777.0,733.0,733.0,-6.15,1149.0,819.0,612.0
BPCL,12/3/2012,733.0,719.0,692.0,700.0,-4.5,1167.0,819.0,612.0
BPCL,12/4/2012,700.0,742.0,714.0,728.0,4.0,1633.0,819.0,612.0
BPCL,12/5/2012,728.0,750.0,740.0,740.0,1.65,2413.0,819.0,612.0
BPCL,12/9/2012,740.0,735.0,730.0,735.0,-0.68,213.0,819.0,612.0
BPCL,12/11/2012,735.0,725.0,721.0,725.0,-1.36,730.0,819.0,612.0
BPCL,12/13/2012,725.0,785.0,739.0,785.0,8.28,1570.0,819.0,612.0
BPCL,12/16/2012,785.0,814.0,794.0,800.0,1.91,4069.0,819.0,612.0
BPCL,12/17/2012,800.0,820.0,794.0,794.0,-0.75,2165.0,819.0,612.0
BPCL,12/18/2012,794.0,806.0,800.0,800.0,0.76,342.0,819.0,612.0
BPCL,12/19/2012,800.0,802.0,787.0,787.0,-1.62,1261.0,819.0,612.0
BPCL,12/20/2012,787.0,802.0,783.0,800.0,1.65,5471.0,819.0,612.0
BPCL,12/26/2012,800.0,812.0,800.0,800.0,0.0,4087.0,819.0,612.0
BPCL,12/27/2012,800.0,805.0,805.0,805.0,0.63,100.0,819.0,612.0
BPCL,12/31/2012,805.0,805.0,800.0,805.0,0.0,700.0,819.0,612.0
BPCL,1/1/2013,805.0,805.0,805.0,805.0,0.0,100.0,819.0,612.0
BPCL,1/7/2013,805.0,805.0,805.0,805.0,0.0,347.0,819.0,612.0
BPCL,1/9/2013,805.0,810.0,810.0,810.0,0.62,100.0,819.0,612.0
BPCL,1/10/2013,810.0,810.0,800.0,805.0,-0.62,778.0,819.0,612.0
BPCL,1/13/2013,805.0,808.0,804.0,805.0,0.0,872.0,819.0,612.0
BPCL,1/15/2013,805.0,800.0,800.0,800.0,-0.62,100.0,819.0,612.0
BPCL,1/17/2013,800.0,800.0,800.0,800.0,0.0,806.0,819.0,612.0
BPCL,1/20/2013,800.0,784.0,784.0,784.0,-2.0,536.0,819.0,612.0
BPCL,1/23/2013,784.0,790.0,790.0,790.0,0.77,55.0,819.0,612.0
BPCL,1/24/2013,790.0,785.0,780.0,780.0,-1.27,400.0,819.0,612.0
BPCL,2/5/2013,780.0,770.0,770.0,770.0,-1.28,121.0,819.0,612.0
BPCL,2/7/2013,770.0,763.0,750.0,763.0,-0.91,12150.0,819.0,612.0
BPCL,2/10/2013,763.0,750.0,750.0,750.0,-1.7,200.0,819.0,612.0
BPCL,2/12/2013,750.0,765.0,760.0,760.0,1.33,142.0,819.0,612.0
BPCL,2/13/2013,760.0,770.0,765.0,770.0,1.32,400.0,819.0,612.0
BPCL,2/17/2013,770.0,790.0,785.0,790.0,2.6,210.0,819.0,612.0
BPCL,2/19/2013,790.0,807.0,805.0,805.0,1.9,760.0,819.0,612.0
BPCL,2/20/2013,805.0,803.0,803.0,803.0,-0.25,400.0,819.0,612.0
BPCL,2/21/2013,803.0,799.0,798.0,798.0,-0.62,700.0,819.0,612.0
BPCL,2/24/2013,798.0,783.0,780.0,780.0,-2.26,300.0,819.0,612.0
BPCL,2/25/2013,780.0,775.0,775.0,775.0,-0.64,54.0,819.0,612.0
BPCL,2/26/2013,775.0,805.0,790.0,805.0,3.87,537.0,819.0,612.0
BPCL,3/3/2013,805.0,821.0,803.0,803.0,-0.25,223.0,819.0,612.0
BPCL,3/5/2013,803.0,790.0,790.0,790.0,-1.62,220.0,819.0,612.0
BPCL,3/6/2013,790.0,789.0,789.0,789.0,-0.13,180.0,819.0,612.0
BPCL,3/7/2013,789.0,775.0,775.0,775.0,-1.77,105.0,819.0,612.0
BPCL,3/11/2013,775.0,775.0,760.0,760.0,-1.94,3451.0,819.0,612.0
BPCL,3/14/2013,760.0,775.0,760.0,775.0,1.97,754.0,819.0,612.0
BPCL,3/17/2013,775.0,772.0,760.0,765.0,-1.29,5968.0,819.0,612.0
BPCL,3/18/2013,765.0,755.0,745.0,755.0,-1.31,310.0,819.0,612.0
BPCL,3/19/2013,755.0,760.0,735.0,760.0,0.66,9566.0,819.0,612.0
BPCL,3/20/2013,760.0,760.0,748.0,760.0,0.0,3724.0,819.0,612.0
BPCL,3/21/2013,760.0,770.0,762.0,762.0,0.26,543.0,819.0,612.0
BPCL,3/24/2013,762.0,755.0,755.0,755.0,-0.92,74.0,819.0,612.0
BPCL,3/25/2013,755.0,775.0,760.0,775.0,2.65,335.0,819.0,612.0
BPCL,3/27/2013,775.0,765.0,760.0,765.0,-1.29,150.0,819.0,612.0
BPCL,3/28/2013,765.0,760.0,760.0,760.0,-0.65,500.0,819.0,612.0
BPCL,4/1/2013,760.0,760.0,760.0,760.0,0.0,40.0,819.0,612.0
BPCL,4/2/2013,760.0,772.0,755.0,755.0,-0.66,250.0,819.0,612.0
BPCL,4/3/2013,755.0,755.0,740.0,755.0,0.0,818.0,819.0,612.0
BPCL,4/4/2013,755.0,760.0,740.0,740.0,-1.99,11097.0,819.0,612.0
BPCL,4/7/2013,740.0,750.0,750.0,750.0,1.35,2657.0,819.0,612.0
BPCL,4/8/2013,750.0,764.0,750.0,760.0,1.33,564.0,819.0,612.0
BPCL,4/9/2013,760.0,770.0,750.0,770.0,1.32,955.0,819.0,612.0
BPCL,4/11/2013,770.0,775.0,775.0,775.0,0.65,50.0,819.0,612.0
BPCL,4/15/2013,775.0,769.0,769.0,769.0,-0.77,200.0,819.0,612.0
BPCL,4/16/2013,769.0,773.0,757.0,757.0,-1.56,1355.0,819.0,612.0
BPCL,4/17/2013,757.0,770.0,770.0,770.0,1.72,50.0,819.0,612.0
BPCL,4/22/2013,770.0,755.0,755.0,755.0,-1.95,10.0,819.0,612.0
BPCL,4/23/2013,755.0,750.0,750.0,750.0,-0.66,224.0,819.0,612.0
BPCL,4/25/2013,750.0,750.0,749.0,750.0,0.0,2156.0,819.0,612.0
BPCL,4/28/2013,750.0,750.0,750.0,750.0,0.0,2786.0,819.0,612.0
BPCL,4/29/2013,750.0,765.0,758.0,765.0,2.0,210.0,819.0,612.0
BPCL,4/30/2013,765.0,765.0,750.0,754.0,-1.44,2099.0,819.0,612.0
BPCL,5/2/2013,754.0,750.0,739.0,750.0,-0.53,1897.0,819.0,612.0
BPCL,5/7/2013,750.0,745.0,740.0,740.0,-1.33,500.0,819.0,612.0
BPCL,5/8/2013,740.0,740.0,740.0,740.0,0.0,100.0,819.0,612.0
BPCL,5/12/2013,740.0,740.0,740.0,740.0,0.0,1080.0,819.0,612.0
BPCL,5/13/2013,740.0,750.0,745.0,750.0,1.35,3536.0,819.0,612.0
BPCL,5/14/2013,750.0,765.0,751.0,751.0,0.13,1342.0,819.0,612.0
BPCL,5/15/2013,751.0,760.0,751.0,760.0,1.2,1630.0,819.0,612.0
BPCL,5/16/2013,760.0,760.0,758.0,758.0,-0.26,900.0,819.0,612.0
BPCL,5/19/2013,758.0,765.0,765.0,765.0,0.92,100.0,819.0,612.0
BPCL,5/20/2013,765.0,765.0,760.0,765.0,0.0,1250.0,819.0,612.0
BPCL,5/21/2013,765.0,770.0,770.0,770.0,0.65,100.0,819.0,612.0
BPCL,5/22/2013,770.0,760.0,760.0,760.0,-1.3,632.0,819.0,612.0
BPCL,5/23/2013,760.0,763.0,760.0,763.0,0.39,226.0,819.0,612.0
BPCL,5/26/2013,763.0,760.0,760.0,760.0,-0.39,7600.0,819.0,612.0
BPCL,5/27/2013,760.0,764.0,760.0,760.0,0.0,1402.0,819.0,612.0
BPCL,5/28/2013,760.0,765.0,761.0,761.0,0.13,800.0,819.0,612.0
BPCL,5/30/2013,761.0,776.0,770.0,770.0,1.18,970.0,819.0,612.0
BPCL,6/2/2013,770.0,765.0,765.0,765.0,-0.65,76.0,819.0,612.0
BPCL,6/4/2013,765.0,770.0,770.0,770.0,0.65,83.0,819.0,612.0
BPCL,6/5/2013,770.0,800.0,775.0,800.0,3.9,1800.0,819.0,612.0
BPCL,6/6/2013,800.0,795.0,785.0,785.0,-1.88,1177.0,819.0,612.0
BPCL,6/10/2013,785.0,795.0,775.0,795.0,1.27,3467.0,819.0,612.0
BPCL,6/12/2013,795.0,795.0,780.0,795.0,0.0,250.0,819.0,612.0
BPCL,6/13/2013,795.0,780.0,780.0,780.0,-1.89,100.0,819.0,612.0
BPCL,6/16/2013,780.0,765.0,765.0,765.0,-1.92,14106.0,819.0,612.0
BPCL,6/17/2013,765.0,778.0,778.0,778.0,1.7,12.0,819.0,612.0
BPCL,6/18/2013,778.0,789.0,789.0,789.0,1.41,100.0,819.0,612.0
BPCL,6/19/2013,789.0,776.0,775.0,775.0,-1.77,406.0,819.0,612.0
BPCL,6/20/2013,775.0,788.0,780.0,788.0,1.68,176.0,819.0,612.0
BPCL,6/25/2013,788.0,790.0,780.0,790.0,0.25,399.0,819.0,612.0
BPCL,6/26/2013,790.0,775.0,760.0,760.0,-3.8,12100.0,819.0,612.0
BPCL,6/27/2013,760.0,790.0,775.0,790.0,3.95,1010.0,819.0,612.0
BPCL,6/30/2013,790.0,775.0,775.0,775.0,-1.9,100.0,819.0,612.0
BPCL,7/1/2013,775.0,789.0,789.0,789.0,1.81,26.0,819.0,612.0
BPCL,7/2/2013,789.0,786.0,786.0,786.0,-0.38,116.0,819.0,612.0
BPCL,7/3/2013,786.0,799.0,790.0,790.0,0.51,336.0,819.0,612.0
BPCL,7/4/2013,790.0,786.0,785.0,785.0,-0.63,204.0,819.0,612.0
BPCL,7/7/2013,785.0,795.0,795.0,795.0,1.27,5000.0,819.0,612.0
BPCL,7/8/2013,795.0,795.0,780.0,785.0,-1.26,840.0,819.0,612.0
BPCL,7/10/2013,785.0,775.0,770.0,775.0,-1.27,704.0,819.0,612.0
BPCL,7/11/2013,775.0,780.0,760.0,780.0,0.65,3591.0,819.0,612.0
BPCL,7/14/2013,780.0,785.0,770.0,785.0,0.64,500.0,819.0,612.0
BPCL,7/15/2013,785.0,830.0,775.0,830.0,5.73,1106.0,819.0,612.0
BPCL,7/16/2013,830.0,846.0,784.0,785.0,-5.42,3307.0,819.0,612.0
BPCL,7/17/2013,785.0,799.0,792.0,792.0,0.89,40.0,819.0,612.0
BPCL,7/18/2013,792.0,810.0,797.0,797.0,0.63,693.0,819.0,612.0
BPCL,7/21/2013,797.0,812.0,797.0,798.0,0.13,2590.0,819.0,612.0
BPCL,7/22/2013,798.0,800.0,799.0,799.0,0.13,120.0,819.0,612.0
BPCL,7/23/2013,799.0,800.0,798.0,798.0,-0.13,1624.0,819.0,612.0
BPCL,7/24/2013,798.0,831.0,798.0,820.0,2.76,8296.0,819.0,612.0
BPCL,7/25/2013,820.0,852.0,820.0,840.0,2.44,5588.0,819.0,612.0
BPCL,7/28/2013,840.0,884.0,840.0,877.0,4.4,6670.0,819.0,612.0
BPCL,7/29/2013,877.0,894.0,880.0,880.0,0.34,7290.0,819.0,612.0
BPCL,7/30/2013,880.0,915.0,850.0,900.0,2.27,7035.0,819.0,612.0
BPCL,7/31/2013,900.0,925.0,912.0,915.0,1.67,3376.0,819.0,612.0
BPCL,8/1/2013,915.0,925.0,910.0,919.0,0.44,973.0,819.0,612.0
BPCL,8/4/2013,919.0,937.0,917.0,917.0,-0.22,1020.0,819.0,612.0
BPCL,8/5/2013,917.0,901.0,882.0,882.0,-3.82,1414.0,819.0,612.0
BPCL,8/6/2013,882.0,890.0,884.0,884.0,0.23,118.0,819.0,612.0
BPCL,8/7/2013,884.0,890.0,890.0,890.0,0.68,100.0,819.0,612.0
BPCL,8/8/2013,890.0,900.0,882.0,882.0,-0.9,1400.0,819.0,612.0
BPCL,8/11/2013,882.0,880.0,880.0,880.0,-0.23,699.0,819.0,612.0
BPCL,8/12/2013,880.0,880.0,880.0,880.0,0.0,749.0,819.0,612.0
BPCL,8/13/2013,880.0,884.0,871.0,871.0,-1.02,219.0,819.0,612.0
BPCL,8/14/2013,871.0,869.0,840.0,840.0,-3.56,294.0,819.0,612.0
BPCL,8/19/2013,840.0,835.0,835.0,835.0,-0.6,100.0,819.0,612.0
BPCL,8/20/2013,835.0,819.0,803.0,803.0,-3.83,250.0,819.0,612.0
BPCL,8/25/2013,803.0,789.0,789.0,789.0,-1.74,60.0,819.0,612.0
BPCL,8/26/2013,789.0,815.0,780.0,810.0,2.66,7921.0,819.0,612.0
BPCL,8/27/2013,810.0,841.0,820.0,841.0,3.83,2235.0,819.0,612.0
BPCL,8/29/2013,841.0,840.0,840.0,840.0,-0.12,431.0,819.0,612.0
BPCL,9/1/2013,840.0,850.0,845.0,845.0,0.6,1500.0,819.0,612.0
BPCL,9/2/2013,845.0,853.0,850.0,853.0,0.95,600.0,819.0,612.0
BPCL,9/3/2013,853.0,850.0,838.0,840.0,-1.52,636.0,819.0,612.0
BPCL,9/4/2013,840.0,830.0,830.0,830.0,-1.19,100.0,819.0,612.0
BPCL,9/8/2013,830.0,814.0,814.0,814.0,-1.93,250.0,819.0,612.0
BPCL,9/10/2013,814.0,800.0,800.0,800.0,-1.72,200.0,819.0,612.0
BPCL,9/11/2013,800.0,790.0,790.0,790.0,-1.25,743.0,819.0,612.0
BPCL,9/12/2013,790.0,810.0,805.0,810.0,2.53,280.0,819.0,612.0
BPCL,9/15/2013,810.0,800.0,800.0,800.0,-1.23,394.0,819.0,612.0
BPCL,9/16/2013,800.0,800.0,800.0,800.0,0.0,457.0,819.0,612.0
BPCL,9/17/2013,800.0,805.0,799.0,805.0,0.63,186.0,819.0,612.0
BPCL,9/19/2013,805.0,806.0,789.0,789.0,-1.99,1313.0,819.0,612.0
BPCL,9/22/2013,789.0,790.0,782.0,782.0,-0.89,512.0,819.0,612.0
BPCL,9/23/2013,782.0,792.0,790.0,791.0,1.15,884.0,819.0,612.0
BPCL,9/29/2013,791.0,816.0,800.0,816.0,3.16,71.0,819.0,612.0
BPCL,9/30/2013,816.0,800.0,795.0,795.0,-2.57,250.0,819.0,612.0
BPCL,10/1/2013,795.0,791.0,785.0,790.0,-0.63,650.0,819.0,612.0
BPCL,10/7/2013,790.0,790.0,780.0,782.0,-1.01,2265.0,819.0,612.0
BPCL,10/10/2013,782.0,795.0,795.0,795.0,1.66,150.0,819.0,612.0
BPCL,10/17/2013,795.0,805.0,799.0,800.0,0.63,1036.0,819.0,612.0
BPCL,10/20/2013,800.0,805.0,800.0,805.0,0.63,1504.0,819.0,612.0
BPCL,10/21/2013,805.0,810.0,795.0,795.0,-1.24,3150.0,819.0,612.0
BPCL,10/22/2013,795.0,800.0,793.0,800.0,0.63,464.0,819.0,612.0
BPCL,10/23/2013,800.0,800.0,800.0,800.0,0.0,500.0,819.0,612.0
BPCL,10/24/2013,800.0,790.0,790.0,790.0,-1.25,200.0,819.0,612.0
BPCL,10/27/2013,790.0,782.0,780.0,782.0,-1.01,274.0,819.0,612.0
BPCL,10/30/2013,782.0,780.0,780.0,780.0,-0.26,221.0,819.0,612.0
BPCL,10/31/2013,780.0,780.0,780.0,780.0,0.0,74.0,819.0,612.0
BPCL,11/7/2013,780.0,775.0,775.0,775.0,-0.64,200.0,819.0,612.0
BPCL,11/13/2013,775.0,800.0,790.0,800.0,3.23,200.0,819.0,612.0
BPCL,11/14/2013,800.0,815.0,801.0,801.0,0.12,213.0,819.0,612.0
BPCL,11/24/2013,801.0,881.0,817.0,881.0,9.99,8008.0,819.0,612.0
BPCL,11/25/2013,881.0,920.0,875.0,907.0,2.95,7359.0,819.0,612.0
BPCL,11/26/2013,907.0,927.0,892.0,921.0,1.54,4045.0,819.0,612.0
BPCL,11/27/2013,921.0,935.0,905.0,921.0,0.0,8002.0,819.0,612.0
BPCL,11/28/2013,921.0,938.0,920.0,926.0,0.54,2681.0,819.0,612.0
BPCL,12/1/2013,926.0,982.0,944.0,982.0,6.05,5767.0,819.0,612.0
BPCL,12/2/2013,982.0,1010.0,980.0,999.0,1.73,9298.0,819.0,612.0
BPCL,12/3/2013,999.0,1050.0,1000.0,1045.0,4.6,11632.0,819.0,612.0
BPCL,12/4/2013,1045.0,1144.0,1065.0,1100.0,5.26,4922.0,819.0,612.0
BPCL,12/5/2013,1100.0,1150.0,1045.0,1045.0,-5.0,11406.0,819.0,612.0
BPCL,12/8/2013,1045.0,1096.0,1054.0,1075.0,2.87,3739.0,819.0,612.0
BPCL,12/9/2013,1075.0,1080.0,1050.0,1052.0,-2.14,8067.0,819.0,612.0
BPCL,12/10/2013,1052.0,1068.0,1045.0,1055.0,0.29,2485.0,819.0,612.0
BPCL,12/11/2013,1055.0,1065.0,1050.0,1050.0,-0.47,2994.0,819.0,612.0
BPCL,12/12/2013,1050.0,1060.0,1030.0,1052.0,0.19,7500.0,819.0,612.0
BPCL,12/15/2013,1052.0,1081.0,1055.0,1081.0,2.76,6520.0,819.0,612.0
BPCL,12/16/2013,1081.0,1146.0,1102.0,1146.0,6.01,455.0,819.0,612.0
BPCL,12/18/2013,1146.0,1214.0,1168.0,1210.0,5.58,1823.0,819.0,612.0
BPCL,12/19/2013,1210.0,1234.0,1141.0,1234.0,1.98,4358.0,819.0,612.0
BPCL,12/22/2013,1234.0,1225.0,1160.0,1180.0,-4.38,2364.0,819.0,612.0
BPCL,12/23/2013,1165.0,1178.0,1150.0,1150.0,-2.54,14998.0,819.0,612.0
BPCL,12/24/2013,1150.0,1150.0,1110.0,1145.0,-0.43,4841.0,819.0,612.0
BPCL,12/26/2013,1145.0,1198.0,1160.0,1170.0,2.18,4747.0,819.0,612.0
BPCL,12/29/2013,1170.0,1170.0,1140.0,1140.0,-2.56,2177.0,819.0,612.0
BPCL,12/31/2013,1140.0,1135.0,1130.0,1135.0,-0.44,2237.0,819.0,612.0
BPCL,1/1/2014,1135.0,1130.0,1113.0,1120.0,-1.32,1726.0,819.0,612.0
BPCL,1/2/2014,1120.0,1120.0,1090.0,1110.0,-0.89,3104.0,819.0,612.0
BPCL,1/5/2014,1110.0,1145.0,1115.0,1135.0,2.25,2152.0,819.0,612.0
BPCL,1/6/2014,1135.0,1141.0,1100.0,1110.0,-2.2,4395.0,819.0,612.0
BPCL,1/7/2014,1110.0,1130.0,1100.0,1130.0,1.8,1661.0,819.0,612.0
BPCL,1/8/2014,1130.0,1150.0,1140.0,1140.0,0.88,600.0,819.0,612.0
BPCL,1/9/2014,1140.0,1159.0,1145.0,1155.0,1.32,2347.0,819.0,612.0
BPCL,1/12/2014,1155.0,1206.0,1175.0,1192.0,3.2,5094.0,819.0,612.0
BPCL,1/13/2014,1192.0,1200.0,1170.0,1200.0,0.67,1805.0,819.0,612.0
BPCL,1/14/2014,1200.0,1320.0,1205.0,1320.0,10.0,13868.0,819.0,612.0
BPCL,1/16/2014,1320.0,1426.0,1339.0,1346.0,1.97,13410.0,819.0,612.0
BPCL,1/19/2014,1346.0,1400.0,1347.0,1372.0,1.93,5221.0,819.0,612.0
BPCL,1/20/2014,1372.0,1385.0,1352.0,1352.0,-1.46,1012.0,819.0,612.0
BPCL,1/21/2014,1352.0,1366.0,1320.0,1325.0,-2.0,1327.0,819.0,612.0
BPCL,1/22/2014,1325.0,1365.0,1270.0,1270.0,-4.15,3699.0,819.0,612.0
BPCL,1/23/2014,1270.0,1295.0,1270.0,1282.0,0.94,1489.0,819.0,612.0
BPCL,1/26/2014,1282.0,1300.0,1257.0,1265.0,-1.33,3279.0,819.0,612.0
BPCL,1/27/2014,1265.0,1269.0,1245.0,1250.0,-1.19,1641.0,819.0,612.0
BPCL,1/28/2014,1250.0,1249.0,1225.0,1225.0,-2.0,1053.0,819.0,612.0
BPCL,1/29/2014,1225.0,1268.0,1225.0,1250.0,2.04,10563.0,819.0,612.0
BPCL,2/2/2014,1250.0,1304.0,1260.0,1277.0,2.16,12980.0,819.0,612.0
BPCL,2/3/2014,1277.0,1305.0,1270.0,1270.0,-0.55,6988.0,819.0,612.0
BPCL,2/4/2014,1270.0,1260.0,1240.0,1245.0,-1.97,8551.0,819.0,612.0
BPCL,2/6/2014,787.0,821.0,790.0,821.0,-34.06,220.0,819.0,612.0
BPCL,2/9/2014,821.0,837.0,837.0,837.0,1.95,44.0,819.0,612.0
BPCL,2/10/2014,837.0,904.0,853.0,890.0,6.33,705.0,819.0,612.0
BPCL,2/11/2014,890.0,907.0,890.0,890.0,0.0,600.0,819.0,612.0
BPCL,2/12/2014,890.0,928.0,895.0,926.0,4.04,2101.0,819.0,612.0
BPCL,2/13/2014,926.0,944.0,911.0,930.0,0.43,743.0,819.0,612.0
BPCL,2/17/2014,930.0,948.0,931.0,945.0,1.61,753.0,819.0,612.0
BPCL,2/18/2014,945.0,963.0,945.0,963.0,1.9,998.0,819.0,612.0
BPCL,2/20/2014,963.0,980.0,955.0,980.0,1.77,284.0,819.0,612.0
BPCL,2/23/2014,980.0,997.0,966.0,966.0,-1.43,404.0,819.0,612.0
BPCL,2/24/2014,966.0,948.0,947.0,947.0,-1.97,350.0,819.0,612.0
BPCL,2/25/2014,947.0,945.0,912.0,912.0,-3.7,400.0,819.0,612.0
BPCL,3/26/2014,912.0,894.0,877.0,877.0,-3.84,180.0,819.0,612.0
BPCL,3/27/2014,877.0,860.0,860.0,860.0,-1.94,400.0,819.0,612.0
BPCL,4/1/2014,860.0,843.0,843.0,843.0,-1.98,10.0,819.0,612.0
BPCL,4/2/2014,843.0,827.0,759.0,805.0,-4.51,5501.0,819.0,612.0
BPCL,4/3/2014,805.0,843.0,770.0,800.0,-0.62,17539.0,819.0,612.0
BPCL,4/6/2014,800.0,814.0,780.0,800.0,0.0,10672.0,819.0,612.0
BPCL,4/7/2014,800.0,814.0,794.0,794.0,-0.75,1583.0,819.0,612.0
BPCL,4/9/2014,794.0,810.0,800.0,800.0,0.76,13979.0,819.0,612.0
BPCL,4/10/2014,800.0,810.0,800.0,800.0,0.0,1409.0,819.0,612.0
BPCL,4/13/2014,800.0,805.0,786.0,800.0,0.0,2579.0,819.0,612.0
BPCL,4/15/2014,800.0,814.0,789.0,789.0,-1.38,1384.0,819.0,612.0
BPCL,4/16/2014,789.0,804.0,790.0,790.0,0.13,1009.0,819.0,612.0
BPCL,4/17/2014,790.0,800.0,795.0,798.0,1.01,1000.0,819.0,612.0
BPCL,4/20/2014,798.0,813.0,790.0,791.0,-0.88,2308.0,819.0,612.0
BPCL,4/21/2014,791.0,789.0,774.0,774.0,-2.15,2331.0,819.0,612.0
BPCL,4/22/2014,774.0,776.0,775.0,775.0,0.13,920.0,819.0,612.0
BPCL,4/23/2014,775.0,780.0,770.0,780.0,0.65,3945.0,819.0,612.0
BPCL,4/27/2014,780.0,815.0,795.0,795.0,1.92,3845.0,819.0,612.0
BPCL,4/28/2014,795.0,791.0,785.0,785.0,-1.26,800.0,819.0,612.0
BPCL,4/29/2014,785.0,790.0,785.0,790.0,0.64,311.0,819.0,612.0
BPCL,4/30/2014,790.0,790.0,780.0,785.0,-0.63,1019.0,819.0,612.0
BPCL,5/4/2014,785.0,791.0,780.0,780.0,-0.64,2518.0,819.0,612.0
BPCL,5/5/2014,780.0,781.0,775.0,781.0,0.13,682.0,819.0,612.0
BPCL,5/6/2014,781.0,781.0,771.0,775.0,-0.77,2410.0,819.0,612.0
BPCL,5/7/2014,775.0,786.0,755.0,775.0,0.0,2709.0,819.0,612.0
BPCL,5/11/2014,775.0,766.0,745.0,766.0,-1.16,1800.0,819.0,612.0
BPCL,5/12/2014,766.0,766.0,740.0,740.0,-3.39,2752.0,819.0,612.0
BPCL,5/13/2014,740.0,765.0,740.0,755.0,2.03,3319.0,819.0,612.0
BPCL,5/15/2014,755.0,760.0,750.0,756.0,0.13,1848.0,819.0,612.0
BPCL,5/18/2014,756.0,770.0,755.0,770.0,1.85,1596.0,819.0,612.0
BPCL,5/19/2014,770.0,772.0,765.0,769.0,-0.13,2098.0,819.0,612.0
BPCL,5/20/2014,769.0,773.0,758.0,765.0,-0.52,1671.0,819.0,612.0
BPCL,5/21/2014,765.0,772.0,765.0,772.0,0.92,1000.0,819.0,612.0
BPCL,5/22/2014,772.0,776.0,760.0,760.0,-1.55,3231.0,819.0,612.0
BPCL,5/25/2014,760.0,780.0,775.0,775.0,1.97,1400.0,819.0,612.0
BPCL,5/26/2014,775.0,765.0,750.0,760.0,-1.94,4624.0,819.0,612.0
BPCL,5/27/2014,760.0,766.0,750.0,766.0,0.79,14600.0,819.0,612.0
BPCL,5/28/2014,766.0,800.0,770.0,800.0,4.44,2646.0,819.0,612.0
BPCL,6/1/2014,800.0,785.0,760.0,760.0,-5.0,3642.0,819.0,612.0
BPCL,6/2/2014,760.0,798.0,765.0,780.0,2.63,4202.0,819.0,612.0
BPCL,6/3/2014,780.0,782.0,770.0,771.0,-1.15,3656.0,819.0,612.0
BPCL,6/4/2014,771.0,778.0,778.0,778.0,0.91,620.0,819.0,612.0
BPCL,6/5/2014,778.0,785.0,770.0,775.0,-0.39,3118.0,819.0,612.0
BPCL,6/8/2014,775.0,785.0,760.0,760.0,-1.94,1350.0,819.0,612.0
BPCL,6/9/2014,760.0,770.0,765.0,765.0,0.66,1698.0,819.0,612.0
BPCL,6/10/2014,765.0,766.0,760.0,766.0,0.13,2116.0,819.0,612.0
BPCL,6/11/2014,766.0,781.0,775.0,775.0,1.17,2771.0,819.0,612.0
BPCL,6/12/2014,775.0,770.0,750.0,750.0,-3.23,1124.0,819.0,612.0
BPCL,6/15/2014,750.0,775.0,765.0,770.0,2.67,3596.0,819.0,612.0
BPCL,6/16/2014,770.0,780.0,770.0,774.0,0.52,6789.0,819.0,612.0
BPCL,6/17/2014,774.0,795.0,760.0,770.0,-0.52,5725.0,819.0,612.0
BPCL,6/18/2014,770.0,790.0,775.0,778.0,1.04,1794.0,819.0,612.0
BPCL,6/19/2014,778.0,777.0,765.0,777.0,-0.13,1847.0,819.0,612.0
BPCL,6/23/2014,777.0,775.0,760.0,760.0,-2.19,2060.0,819.0,612.0
BPCL,6/24/2014,760.0,771.0,765.0,770.0,1.32,1369.0,819.0,612.0
BPCL,6/25/2014,770.0,778.0,775.0,775.0,0.65,871.0,819.0,612.0
BPCL,6/26/2014,775.0,779.0,775.0,775.0,0.0,650.0,819.0,612.0
BPCL,6/29/2014,775.0,780.0,770.0,771.0,-0.52,1600.0,819.0,612.0
BPCL,6/30/2014,771.0,770.0,756.0,756.0,-1.95,4790.0,819.0,612.0
BPCL,7/1/2014,756.0,759.0,750.0,759.0,0.4,2331.0,819.0,612.0
BPCL,7/2/2014,759.0,770.0,757.0,762.0,0.4,4668.0,819.0,612.0
BPCL,7/3/2014,762.0,838.0,775.0,838.0,9.97,27915.0,819.0,612.0
BPCL,7/6/2014,838.0,900.0,854.0,870.0,3.82,37234.0,819.0,612.0
BPCL,7/7/2014,870.0,904.0,868.0,885.0,1.72,24973.0,819.0,612.0
BPCL,7/8/2014,885.0,900.0,871.0,880.0,-0.56,22248.0,819.0,612.0
BPCL,7/9/2014,880.0,880.0,860.0,860.0,-2.27,5790.0,819.0,612.0
BPCL,7/10/2014,860.0,870.0,858.0,864.0,0.47,7501.0,819.0,612.0
BPCL,7/13/2014,864.0,933.0,860.0,860.0,-0.46,7323.0,819.0,612.0
BPCL,7/14/2014,860.0,860.0,845.0,853.0,-0.81,5270.0,819.0,612.0
BPCL,7/15/2014,853.0,860.0,839.0,839.0,-1.64,3759.0,819.0,612.0
BPCL,7/16/2014,839.0,880.0,840.0,859.0,2.38,18139.0,819.0,612.0
BPCL,7/17/2014,859.0,897.0,870.0,880.0,2.44,13944.0,819.0,612.0
BPCL,7/20/2014,880.0,918.0,882.0,890.0,1.14,18314.0,819.0,612.0
BPCL,7/21/2014,890.0,907.0,880.0,885.0,-0.56,9027.0,819.0,612.0
BPCL,7/22/2014,885.0,888.0,866.0,874.0,-1.24,6536.0,819.0,612.0
BPCL,7/23/2014,874.0,907.0,879.0,888.0,1.6,15685.0,819.0,612.0
BPCL,7/24/2014,888.0,891.0,872.0,875.0,-1.46,5158.0,819.0,612.0
BPCL,7/27/2014,875.0,895.0,880.0,886.0,1.26,4709.0,819.0,612.0
BPCL,7/28/2014,886.0,890.0,875.0,890.0,0.45,1566.0,819.0,612.0
BPCL,7/30/2014,890.0,886.0,875.0,880.0,-1.12,7967.0,819.0,612.0
BPCL,7/31/2014,880.0,890.0,870.0,884.0,0.45,12873.0,819.0,612.0
BPCL,8/3/2014,884.0,867.0,815.0,820.0,-7.24,9880.0,819.0,612.0
BPCL,8/4/2014,820.0,822.0,799.0,800.0,-2.44,7394.0,819.0,612.0
BPCL,8/5/2014,800.0,832.0,810.0,824.0,3.0,8963.0,819.0,612.0
BPCL,8/6/2014,824.0,841.0,825.0,839.0,1.82,2929.0,819.0,612.0
BPCL,8/7/2014,839.0,845.0,830.0,845.0,0.72,5920.0,819.0,612.0
BPCL,8/12/2014,845.0,845.0,824.0,835.0,-1.18,2514.0,819.0,612.0
BPCL,8/13/2014,835.0,851.0,821.0,821.0,-1.68,2962.0,819.0,612.0
BPCL,8/14/2014,821.0,830.0,825.0,830.0,1.1,971.0,819.0,612.0
BPCL,8/18/2014,830.0,835.0,820.0,825.0,-0.6,1667.0,819.0,612.0
BPCL,8/19/2014,825.0,810.0,796.0,796.0,-3.52,2758.0,819.0,612.0
BPCL,8/20/2014,796.0,805.0,792.0,800.0,0.5,475.0,819.0,612.0
BPCL,8/21/2014,800.0,790.0,750.0,769.0,-3.87,3515.0,819.0,612.0
BPCL,8/24/2014,769.0,758.0,738.0,738.0,-4.03,2701.0,819.0,612.0
BPCL,8/25/2014,738.0,740.0,716.0,716.0,-2.98,800.0,819.0,612.0
BPCL,8/26/2014,716.0,740.0,706.0,706.0,-1.4,3273.0,819.0,612.0
BPCL,8/27/2014,706.0,750.0,715.0,735.0,4.11,6247.0,819.0,612.0
BPCL,8/28/2014,735.0,759.0,745.0,759.0,3.27,3556.0,819.0,612.0
BPCL,8/31/2014,759.0,761.0,711.0,711.0,-6.32,3150.0,819.0,612.0
BPCL,9/1/2014,711.0,703.0,675.0,701.0,-1.41,7690.0,819.0,612.0
BPCL,9/3/2014,701.0,721.0,707.0,720.0,2.71,589.0,819.0,612.0
BPCL,9/4/2014,720.0,710.0,692.0,709.0,-1.53,4093.0,819.0,612.0
BPCL,9/7/2014,709.0,700.0,672.0,672.0,-5.22,2060.0,819.0,612.0
BPCL,9/9/2014,672.0,700.0,672.0,685.0,1.93,8246.0,819.0,612.0
BPCL,9/10/2014,685.0,710.0,671.0,683.0,-0.29,7017.0,819.0,612.0
BPCL,9/11/2014,683.0,683.0,650.0,660.0,-3.37,10400.0,819.0,612.0
BPCL,9/14/2014,660.0,673.0,660.0,673.0,1.97,2669.0,819.0,612.0
BPCL,9/15/2014,673.0,678.0,670.0,676.0,0.45,3064.0,819.0,612.0
BPCL,9/16/2014,676.0,680.0,675.0,676.0,0.0,553.0,819.0,612.0
BPCL,9/17/2014,676.0,673.0,655.0,660.0,-2.37,5178.0,819.0,612.0
BPCL,9/18/2014,660.0,653.0,637.0,640.0,-3.03,4860.0,819.0,612.0
BPCL,9/21/2014,640.0,655.0,630.0,652.0,1.88,4281.0,819.0,612.0
BPCL,9/22/2014,652.0,655.0,645.0,649.0,-0.46,2195.0,819.0,612.0
BPCL,9/23/2014,649.0,650.0,638.0,650.0,0.15,3940.0,819.0,612.0
BPCL,9/24/2014,650.0,650.0,637.0,650.0,0.0,2800.0,819.0,612.0
BPCL,9/28/2014,650.0,645.0,644.0,644.0,-0.92,2121.0,819.0,612.0
BPCL,9/29/2014,644.0,673.0,640.0,660.0,2.48,7184.0,819.0,612.0
BPCL,9/30/2014,660.0,700.0,673.0,680.0,3.03,3427.0,819.0,612.0
BPCL,10/8/2014,680.0,680.0,644.0,644.0,-5.29,1024.0,819.0,612.0
BPCL,10/9/2014,644.0,656.0,645.0,656.0,1.86,1250.0,819.0,612.0
BPCL,10/12/2014,656.0,654.0,640.0,654.0,-0.3,3568.0,819.0,612.0
BPCL,10/13/2014,654.0,673.0,660.0,661.0,1.07,4475.0,819.0,612.0
BPCL,10/14/2014,661.0,664.0,650.0,650.0,-1.66,2200.0,819.0,612.0
BPCL,10/15/2014,650.0,665.0,650.0,665.0,2.31,7140.0,819.0,612.0
BPCL,10/16/2014,665.0,691.0,678.0,690.0,3.76,1193.0,819.0,612.0
BPCL,10/19/2014,690.0,681.0,677.0,681.0,-1.3,800.0,819.0,612.0
BPCL,10/20/2014,681.0,670.0,650.0,660.0,-3.08,9532.0,819.0,612.0
BPCL,10/21/2014,660.0,656.0,650.0,650.0,-1.52,2000.0,819.0,612.0
BPCL,10/22/2014,650.0,665.0,650.0,665.0,2.31,11333.0,819.0,612.0
BPCL,10/26/2014,665.0,674.0,638.0,674.0,1.35,21580.0,819.0,612.0
BPCL,10/27/2014,674.0,686.0,673.0,679.0,0.74,3233.0,819.0,612.0
BPCL,10/28/2014,679.0,679.0,665.0,665.0,-2.06,1883.0,819.0,612.0
BPCL,10/30/2014,665.0,670.0,660.0,670.0,0.75,4184.0,819.0,612.0
BPCL,11/2/2014,670.0,675.0,671.0,674.0,0.6,633.0,819.0,612.0
BPCL,11/3/2014,674.0,661.0,636.0,650.0,-3.56,1977.0,819.0,612.0
BPCL,11/4/2014,650.0,637.0,637.0,637.0,-2.0,133.0,819.0,612.0
BPCL,11/5/2014,637.0,653.0,645.0,648.0,1.73,5601.0,819.0,612.0
BPCL,11/6/2014,648.0,651.0,648.0,650.0,0.31,1300.0,819.0,612.0
BPCL,11/9/2014,650.0,656.0,643.0,652.0,0.31,2505.0,819.0,612.0
BPCL,11/10/2014,652.0,654.0,645.0,645.0,-1.07,1298.0,819.0,612.0
BPCL,11/11/2014,645.0,657.0,645.0,654.0,1.4,1250.0,819.0,612.0
BPCL,11/12/2014,654.0,641.0,635.0,640.0,-2.14,2762.0,819.0,612.0
BPCL,11/13/2014,640.0,640.0,630.0,630.0,-1.56,1446.0,819.0,612.0
BPCL,11/16/2014,630.0,630.0,618.0,630.0,0.0,7100.0,819.0,612.0
BPCL,11/17/2014,630.0,618.0,606.0,606.0,-3.81,518.0,819.0,612.0
BPCL,11/18/2014,606.0,618.0,596.0,600.0,-0.99,3646.0,819.0,612.0
BPCL,11/19/2014,600.0,612.0,595.0,595.0,-0.83,759.0,819.0,612.0
BPCL,11/20/2014,595.0,620.0,606.0,620.0,4.2,2340.0,819.0,612.0
BPCL,11/23/2014,620.0,651.0,620.0,620.0,0.0,2329.0,819.0,612.0
BPCL,11/24/2014,620.0,628.0,616.0,628.0,1.29,1872.0,819.0,612.0
BPCL,11/25/2014,628.0,640.0,623.0,623.0,-0.8,700.0,819.0,612.0
BPCL,11/30/2014,623.0,625.0,625.0,625.0,0.32,2217.0,819.0,612.0
BPCL,12/1/2014,625.0,620.0,601.0,601.0,-3.84,1403.0,819.0,612.0
BPCL,12/2/2014,601.0,602.0,590.0,595.0,-1.0,3920.0,819.0,612.0
BPCL,12/3/2014,595.0,606.0,591.0,592.0,-0.5,2183.0,819.0,612.0
BPCL,12/4/2014,592.0,595.0,580.0,588.0,-0.68,6343.0,819.0,612.0
BPCL,12/7/2014,588.0,585.0,581.0,581.0,-1.19,4408.0,819.0,612.0
BPCL,12/8/2014,581.0,575.0,540.0,550.0,-5.34,8417.0,819.0,612.0
BPCL,12/9/2014,550.0,565.0,561.0,565.0,2.73,1350.0,819.0,612.0
BPCL,12/10/2014,565.0,576.0,559.0,565.0,0.0,2220.0,819.0,612.0
BPCL,12/11/2014,565.0,575.0,570.0,571.0,1.06,1513.0,819.0,612.0
BPCL,12/14/2014,571.0,598.0,582.0,598.0,4.73,1600.0,819.0,612.0
BPCL,12/15/2014,598.0,590.0,578.0,587.0,-1.84,953.0,819.0,612.0
BPCL,12/16/2014,587.0,598.0,576.0,598.0,1.87,3189.0,819.0,612.0
BPCL,12/17/2014,598.0,595.0,585.0,595.0,-0.5,1413.0,819.0,612.0
BPCL,12/18/2014,595.0,598.0,588.0,592.0,-0.5,1740.0,819.0,612.0
BPCL,12/21/2014,592.0,581.0,581.0,581.0,-1.86,243.0,819.0,612.0
BPCL,12/22/2014,581.0,582.0,572.0,572.0,-1.55,927.0,819.0,612.0
BPCL,12/23/2014,572.0,562.0,554.0,560.0,-2.1,2265.0,819.0,612.0
BPCL,12/24/2014,560.0,571.0,560.0,560.0,0.0,1450.0,819.0,612.0
BPCL,12/28/2014,560.0,585.0,571.0,585.0,4.46,3434.0,819.0,612.0
BPCL,12/31/2014,585.0,574.0,574.0,574.0,-1.88,500.0,819.0,612.0
BPCL,1/1/2015,574.0,563.0,555.0,555.0,-3.31,1405.0,819.0,612.0
BPCL,1/4/2015,555.0,566.0,562.0,566.0,1.98,803.0,819.0,612.0
BPCL,1/7/2015,566.0,617.0,577.0,610.0,7.77,1162.0,819.0,612.0
BPCL,1/8/2015,610.0,605.0,605.0,605.0,-0.82,533.0,819.0,612.0
BPCL,1/11/2015,605.0,610.0,600.0,600.0,-0.83,483.0,819.0,612.0
BPCL,1/12/2015,600.0,612.0,610.0,610.0,1.67,163.0,819.0,612.0
BPCL,1/14/2015,610.0,605.0,605.0,605.0,-0.82,800.0,819.0,612.0
BPCL,1/18/2015,605.0,606.0,605.0,605.0,0.0,293.0,819.0,612.0
BPCL,1/19/2015,605.0,620.0,600.0,616.0,1.82,40148.0,819.0,612.0
BPCL,1/20/2015,616.0,664.0,604.0,664.0,7.79,1535.0,819.0,612.0
BPCL,1/22/2015,664.0,651.0,621.0,628.0,-5.42,6600.0,819.0,612.0
BPCL,1/25/2015,628.0,630.0,616.0,626.0,-0.32,4826.0,819.0,612.0
BPCL,1/26/2015,626.0,626.0,620.0,620.0,-0.96,4782.0,819.0,612.0
BPCL,1/27/2015,620.0,610.0,600.0,600.0,-3.23,4201.0,819.0,612.0
BPCL,1/28/2015,600.0,641.0,612.0,635.0,5.83,1177.0,819.0,612.0
BPCL,1/29/2015,635.0,647.0,640.0,640.0,0.79,315.0,819.0,612.0
BPCL,2/1/2015,640.0,652.0,640.0,648.0,1.25,15490.0,819.0,612.0
BPCL,2/2/2015,648.0,678.0,642.0,642.0,-0.93,4497.0,819.0,612.0
BPCL,2/3/2015,642.0,645.0,640.0,645.0,0.47,807.0,819.0,612.0
BPCL,2/4/2015,645.0,650.0,640.0,650.0,0.78,4348.0,819.0,612.0
BPCL,2/5/2015,650.0,673.0,637.0,655.0,0.77,15497.0,819.0,612.0
BPCL,2/8/2015,655.0,650.0,640.0,650.0,-0.76,2400.0,819.0,612.0
BPCL,2/10/2015,650.0,662.0,649.0,649.0,-0.15,155.0,819.0,612.0
BPCL,2/11/2015,649.0,650.0,648.0,648.0,-0.15,300.0,819.0,612.0
BPCL,2/12/2015,648.0,640.0,621.0,635.0,-2.01,2124.0,819.0,612.0
BPCL,2/15/2015,635.0,642.0,630.0,630.0,-0.79,967.0,819.0,612.0
BPCL,2/16/2015,630.0,631.0,620.0,620.0,-1.59,2323.0,819.0,612.0
BPCL,2/18/2015,620.0,611.0,599.0,599.0,-3.39,4175.0,819.0,612.0
BPCL,2/22/2015,599.0,610.0,600.0,600.0,0.17,1210.0,819.0,612.0
BPCL,2/23/2015,600.0,635.0,612.0,635.0,5.83,67.0,819.0,612.0
BPCL,2/24/2015,635.0,645.0,645.0,645.0,1.57,20.0,819.0,612.0
BPCL,2/25/2015,645.0,633.0,618.0,630.0,-2.33,11179.0,819.0,612.0
BPCL,3/2/2015,630.0,642.0,628.0,630.0,0.0,1931.0,819.0,612.0
BPCL,3/3/2015,630.0,633.0,620.0,633.0,0.48,545.0,819.0,612.0
BPCL,3/4/2015,633.0,625.0,615.0,615.0,-2.84,2556.0,819.0,612.0
BPCL,3/10/2015,615.0,620.0,616.0,616.0,0.16,700.0,819.0,612.0
BPCL,3/11/2015,616.0,604.0,604.0,604.0,-1.95,485.0,819.0,612.0
BPCL,3/12/2015,604.0,608.0,608.0,608.0,0.66,200.0,819.0,612.0
BPCL,3/15/2015,608.0,615.0,615.0,615.0,1.15,267.0,819.0,612.0
BPCL,3/16/2015,615.0,615.0,607.0,607.0,-1.3,1735.0,819.0,612.0
BPCL,3/17/2015,607.0,610.0,606.0,610.0,0.49,574.0,819.0,612.0
BPCL,3/18/2015,610.0,610.0,605.0,605.0,-0.82,275.0,819.0,612.0
BPCL,3/19/2015,605.0,605.0,605.0,605.0,0.0,133.0,819.0,612.0
BPCL,3/22/2015,605.0,606.0,606.0,606.0,0.17,857.0,819.0,612.0
BPCL,3/23/2015,606.0,611.0,606.0,607.0,0.17,1020.0,819.0,612.0
BPCL,3/24/2015,607.0,610.0,600.0,600.0,-1.15,2176.0,819.0,612.0
BPCL,3/25/2015,600.0,600.0,590.0,590.0,-1.67,1035.0,819.0,612.0
BPCL,3/26/2015,590.0,595.0,588.0,595.0,0.85,321.0,819.0,612.0
BPCL,3/29/2015,595.0,606.0,599.0,606.0,1.85,895.0,819.0,612.0
BPCL,3/30/2015,606.0,600.0,596.0,600.0,-0.99,600.0,819.0,612.0
BPCL,3/31/2015,600.0,604.0,593.0,604.0,0.67,1874.0,819.0,612.0
BPCL,4/1/2015,604.0,600.0,600.0,600.0,-0.66,530.0,819.0,612.0
BPCL,4/2/2015,600.0,605.0,605.0,605.0,0.83,1000.0,819.0,612.0
BPCL,4/5/2015,605.0,600.0,600.0,600.0,-0.83,453.0,819.0,612.0
BPCL,4/6/2015,600.0,600.0,595.0,600.0,0.0,704.0,819.0,612.0
BPCL,4/7/2015,600.0,612.0,601.0,612.0,2.0,1767.0,819.0,612.0
BPCL,4/8/2015,612.0,620.0,594.0,615.0,0.49,7628.0,819.0,612.0
BPCL,4/9/2015,615.0,610.0,610.0,610.0,-0.81,100.0,819.0,612.0
BPCL,4/12/2015,610.0,622.0,600.0,608.0,-0.33,8110.0,819.0,612.0
BPCL,4/15/2015,608.0,608.0,608.0,608.0,0.0,200.0,819.0,612.0
BPCL,4/16/2015,608.0,607.0,605.0,605.0,-0.49,958.0,819.0,612.0
BPCL,4/19/2015,605.0,610.0,601.0,610.0,0.83,5350.0,819.0,612.0
BPCL,4/20/2015,610.0,615.0,607.0,610.0,0.0,2426.0,819.0,612.0
BPCL,4/21/2015,610.0,613.0,612.0,613.0,0.49,238.0,819.0,612.0
BPCL,4/22/2015,613.0,610.0,600.0,600.0,-2.12,333.0,819.0,612.0
BPCL,4/23/2015,600.0,601.0,600.0,601.0,0.17,700.0,819.0,612.0
BPCL,5/31/2015,601.0,614.0,610.0,610.0,1.5,300.0,819.0,612.0
BPCL,6/2/2015,610.0,600.0,600.0,600.0,-1.64,100.0,819.0,612.0
BPCL,6/7/2015,600.0,591.0,591.0,591.0,-1.5,119.0,819.0,612.0
BPCL,6/9/2015,591.0,602.0,602.0,602.0,1.86,10.0,819.0,612.0
BPCL,6/10/2015,602.0,650.0,614.0,640.0,6.31,1580.0,819.0,612.0
BPCL,6/11/2015,640.0,630.0,630.0,630.0,-1.56,200.0,819.0,612.0
BPCL,6/14/2015,630.0,635.0,625.0,633.0,0.48,1500.0,819.0,612.0
BPCL,6/15/2015,633.0,631.0,630.0,630.0,-0.47,1270.0,819.0,612.0
BPCL,6/16/2015,630.0,625.0,613.0,620.0,-1.59,1400.0,819.0,612.0
BPCL,6/17/2015,620.0,610.0,601.0,601.0,-3.06,3463.0,819.0,612.0
BPCL,6/22/2015,601.0,613.0,613.0,613.0,2.0,500.0,819.0,612.0
BPCL,6/23/2015,613.0,606.0,606.0,606.0,-1.14,500.0,819.0,612.0
BPCL,6/24/2015,606.0,632.0,618.0,632.0,4.29,1010.0,819.0,612.0
BPCL,6/25/2015,632.0,644.0,644.0,644.0,1.9,10.0,819.0,612.0
BPCL,6/28/2015,644.0,632.0,632.0,632.0,-1.86,100.0,819.0,612.0
BPCL,6/29/2015,632.0,642.0,630.0,630.0,-0.32,440.0,819.0,612.0
BPCL,7/1/2015,630.0,620.0,610.0,610.0,-3.17,2600.0,819.0,612.0
BPCL,7/2/2015,610.0,605.0,605.0,605.0,-0.82,650.0,819.0,612.0
BPCL,7/5/2015,605.0,606.0,600.0,606.0,0.17,1200.0,819.0,612.0
BPCL,7/6/2015,606.0,606.0,600.0,600.0,-0.99,3850.0,819.0,612.0
BPCL,7/7/2015,600.0,613.0,600.0,600.0,0.0,5190.0,819.0,612.0
BPCL,7/8/2015,600.0,608.0,601.0,601.0,0.17,1920.0,819.0,612.0
BPCL,7/13/2015,601.0,601.0,600.0,600.0,-0.17,1150.0,819.0,612.0
BPCL,7/14/2015,600.0,601.0,600.0,601.0,0.17,1624.0,819.0,612.0
BPCL,7/15/2015,601.0,609.0,600.0,609.0,1.33,2150.0,819.0,612.0
BPCL,7/16/2015,609.0,620.0,600.0,617.0,1.31,6140.0,819.0,612.0
BPCL,7/22/2015,617.0,612.0,609.0,609.0,-1.3,787.0,819.0,612.0
BPCL,7/23/2015,609.0,606.0,606.0,606.0,-0.49,100.0,819.0,612.0
BPCL,7/26/2015,606.0,666.0,618.0,666.0,9.9,60.0,819.0,612.0
BPCL,7/27/2015,666.0,679.0,679.0,679.0,1.95,166.0,819.0,612.0
BPCL,7/29/2015,679.0,666.0,628.0,628.0,-7.51,350.0,819.0,612.0
BPCL,7/30/2015,628.0,619.0,619.0,619.0,-1.43,50.0,819.0,612.0
BPCL,8/2/2015,619.0,619.0,607.0,607.0,-1.94,886.0,819.0,612.0
BPCL,8/3/2015,607.0,595.0,590.0,595.0,-1.98,1537.0,819.0,612.0
BPCL,8/4/2015,595.0,591.0,589.0,589.0,-1.01,1000.0,819.0,612.0
BPCL,8/5/2015,589.0,600.0,600.0,600.0,1.87,1000.0,819.0,612.0
BPCL,8/6/2015,600.0,613.0,599.0,600.0,0.0,1650.0,819.0,612.0
BPCL,8/9/2015,600.0,592.0,590.0,590.0,-1.67,682.0,819.0,612.0
BPCL,8/11/2015,590.0,601.0,592.0,592.0,0.34,1500.0,819.0,612.0
BPCL,8/12/2015,592.0,600.0,600.0,600.0,1.35,500.0,819.0,612.0
BPCL,8/13/2015,600.0,597.0,580.0,582.0,-3.0,2959.0,819.0,612.0
BPCL,8/16/2015,582.0,640.0,593.0,640.0,9.97,23576.0,819.0,612.0
BPCL,8/17/2015,640.0,691.0,650.0,650.0,1.56,8435.0,819.0,612.0
BPCL,8/18/2015,650.0,652.0,638.0,645.0,-0.77,2600.0,819.0,612.0
BPCL,8/19/2015,645.0,665.0,636.0,636.0,-1.4,2407.0,819.0,612.0
BPCL,8/20/2015,636.0,629.0,628.0,629.0,-1.1,278.0,819.0,612.0
BPCL,8/24/2015,629.0,650.0,635.0,636.0,1.11,3610.0,819.0,612.0
BPCL,8/25/2015,636.0,633.0,625.0,633.0,-0.47,550.0,819.0,612.0
BPCL,8/26/2015,633.0,630.0,622.0,625.0,-1.26,670.0,819.0,612.0
BPCL,8/27/2015,625.0,634.0,625.0,634.0,1.44,1084.0,819.0,612.0
BPCL,8/31/2015,634.0,649.0,635.0,645.0,1.74,4873.0,819.0,612.0
BPCL,9/1/2015,645.0,645.0,631.0,631.0,-2.17,1650.0,819.0,612.0
BPCL,9/2/2015,631.0,630.0,624.0,628.0,-0.48,3060.0,819.0,612.0
BPCL,9/6/2015,628.0,633.0,628.0,632.0,0.64,1642.0,819.0,612.0
BPCL,9/7/2015,632.0,630.0,620.0,628.0,-0.63,1070.0,819.0,612.0
BPCL,9/8/2015,628.0,621.0,612.0,615.0,-2.07,3700.0,819.0,612.0
BPCL,9/9/2015,615.0,615.0,610.0,615.0,0.0,5264.0,819.0,612.0
BPCL,9/10/2015,615.0,615.0,610.0,615.0,0.0,878.0,819.0,612.0
BPCL,9/13/2015,615.0,625.0,621.0,625.0,1.63,1434.0,819.0,612.0
BPCL,9/14/2015,625.0,635.0,633.0,635.0,1.6,913.0,819.0,612.0
BPCL,9/15/2015,635.0,647.0,628.0,635.0,0.0,3350.0,819.0,612.0
BPCL,9/16/2015,635.0,639.0,623.0,639.0,0.63,1370.0,819.0,612.0
BPCL,9/17/2015,639.0,651.0,630.0,633.0,-0.94,1350.0,819.0,612.0
BPCL,9/22/2015,633.0,621.0,621.0,621.0,-1.9,10.0,819.0,612.0
BPCL,9/23/2015,621.0,633.0,619.0,621.0,0.0,5617.0,819.0,612.0
BPCL,9/24/2015,621.0,625.0,618.0,623.0,0.32,382.0,819.0,612.0
BPCL,9/28/2015,623.0,612.0,603.0,610.0,-2.09,930.0,819.0,612.0
BPCL,9/29/2015,610.0,610.0,610.0,610.0,0.0,483.0,819.0,612.0
BPCL,9/30/2015,610.0,618.0,615.0,618.0,1.31,534.0,819.0,612.0
BPCL,10/1/2015,618.0,619.0,619.0,619.0,0.16,158.0,819.0,612.0
BPCL,10/4/2015,619.0,615.0,609.0,609.0,-1.62,833.0,819.0,612.0
BPCL,10/5/2015,609.0,615.0,611.0,611.0,0.33,900.0,819.0,612.0
BPCL,10/6/2015,611.0,600.0,587.0,590.0,-3.44,14030.0,819.0,612.0
BPCL,10/8/2015,590.0,605.0,600.0,604.0,2.37,1232.0,819.0,612.0
BPCL,10/11/2015,604.0,600.0,590.0,590.0,-2.32,699331.0,819.0,612.0
BPCL,10/14/2015,590.0,605.0,600.0,600.0,1.69,835.0,819.0,612.0
BPCL,10/15/2015,600.0,595.0,595.0,595.0,-0.83,21.0,819.0,612.0
BPCL,10/18/2015,595.0,595.0,595.0,595.0,0.0,150.0,819.0,612.0
BPCL,10/19/2015,595.0,604.0,600.0,600.0,0.84,160.0,819.0,612.0
BPCL,10/27/2015,600.0,591.0,580.0,580.0,-3.33,1490.0,819.0,612.0
BPCL,10/28/2015,580.0,591.0,570.0,570.0,-1.72,3962.0,819.0,612.0
BPCL,10/29/2015,570.0,603.0,581.0,603.0,5.79,440.0,819.0,612.0
BPCL,11/1/2015,603.0,615.0,615.0,615.0,1.99,20.0,819.0,612.0
BPCL,11/3/2015,615.0,603.0,603.0,603.0,-1.95,500.0,819.0,612.0
BPCL,11/5/2015,603.0,598.0,598.0,598.0,-0.83,100.0,819.0,612.0
BPCL,11/8/2015,598.0,587.0,587.0,587.0,-1.84,400.0,819.0,612.0
BPCL,11/18/2015,587.0,576.0,576.0,576.0,-1.87,200.0,819.0,612.0
BPCL,11/19/2015,576.0,572.0,550.0,572.0,-0.69,3564.0,819.0,612.0
BPCL,11/23/2015,572.0,572.0,520.0,540.0,-5.59,2926.0,819.0,612.0
BPCL,11/24/2015,540.0,540.0,533.0,533.0,-1.3,2053.0,819.0,612.0
BPCL,11/25/2015,533.0,553.0,538.0,538.0,0.94,3015.0,819.0,612.0
BPCL,11/26/2015,538.0,540.0,527.0,527.0,-2.04,2217.0,819.0,612.0
BPCL,11/29/2015,527.0,518.0,518.0,518.0,-1.71,56.0,819.0,612.0
BPCL,11/30/2015,518.0,530.0,520.0,530.0,2.32,7210.0,819.0,612.0
BPCL,12/1/2015,530.0,545.0,528.0,528.0,-0.38,1850.0,819.0,612.0
BPCL,12/2/2015,528.0,529.0,529.0,529.0,0.19,100.0,819.0,612.0
BPCL,12/3/2015,529.0,539.0,519.0,539.0,1.89,1941.0,819.0,612.0
BPCL,12/6/2015,539.0,545.0,540.0,540.0,0.19,1710.0,819.0,612.0
BPCL,12/7/2015,540.0,535.0,532.0,535.0,-0.93,1660.0,819.0,612.0
BPCL,12/8/2015,535.0,525.0,520.0,520.0,-2.8,775.0,819.0,612.0
BPCL,12/9/2015,520.0,543.0,513.0,543.0,4.42,971.0,819.0,612.0
BPCL,12/10/2015,543.0,533.0,533.0,533.0,-1.84,110.0,819.0,612.0
BPCL,12/13/2015,533.0,543.0,524.0,524.0,-1.69,1280.0,819.0,612.0
BPCL,12/15/2015,524.0,533.0,533.0,533.0,1.72,500.0,819.0,612.0
BPCL,12/16/2015,533.0,530.0,520.0,521.0,-2.25,1882.0,819.0,612.0
BPCL,12/20/2015,521.0,541.0,524.0,541.0,3.84,2648.0,819.0,612.0
BPCL,12/21/2015,541.0,562.0,550.0,560.0,3.51,1750.0,819.0,612.0
BPCL,12/22/2015,560.0,561.0,549.0,549.0,-1.96,1520.0,819.0,612.0
BPCL,12/23/2015,549.0,555.0,555.0,555.0,1.09,1400.0,819.0,612.0
BPCL,12/24/2015,555.0,552.0,548.0,552.0,-0.54,15293.0,819.0,612.0
BPCL,12/27/2015,552.0,542.0,535.0,535.0,-3.08,520.0,819.0,612.0
BPCL,12/28/2015,535.0,539.0,539.0,539.0,0.75,500.0,819.0,612.0
BPCL,12/29/2015,539.0,539.0,539.0,539.0,0.0,167.0,819.0,612.0
BPCL,12/31/2015,539.0,540.0,535.0,540.0,0.19,1350.0,819.0,612.0
BPCL,1/3/2016,540.0,540.0,540.0,540.0,0.0,150.0,819.0,612.0
BPCL,1/4/2016,540.0,540.0,540.0,540.0,0.0,700.0,819.0,612.0
BPCL,1/5/2016,540.0,550.0,550.0,550.0,1.85,210.0,819.0,612.0
BPCL,1/6/2016,550.0,571.0,545.0,545.0,-0.91,570.0,819.0,612.0
BPCL,1/7/2016,545.0,555.0,545.0,555.0,1.83,700.0,819.0,612.0
BPCL,1/10/2016,555.0,571.0,560.0,560.0,0.9,1933.0,819.0,612.0
BPCL,1/11/2016,560.0,581.0,570.0,581.0,3.75,550.0,819.0,612.0
BPCL,1/12/2016,581.0,611.0,590.0,592.0,1.89,1702.0,819.0,612.0
BPCL,1/13/2016,592.0,620.0,596.0,601.0,1.52,3227.0,819.0,612.0
BPCL,1/14/2016,601.0,613.0,601.0,601.0,0.0,700.0,819.0,612.0
BPCL,1/17/2016,601.0,611.0,601.0,601.0,0.0,667.0,819.0,612.0
BPCL,1/18/2016,601.0,613.0,599.0,600.0,-0.17,1470.0,819.0,612.0
BPCL,1/19/2016,600.0,590.0,583.0,583.0,-2.83,700.0,819.0,612.0
BPCL,1/20/2016,583.0,599.0,590.0,593.0,1.72,1667.0,819.0,612.0
BPCL,1/21/2016,593.0,607.0,595.0,595.0,0.34,2121.0,819.0,612.0
BPCL,1/25/2016,595.0,595.0,592.0,592.0,-0.5,792.0,819.0,612.0
BPCL,1/26/2016,592.0,603.0,585.0,585.0,-1.18,1176.0,819.0,612.0
BPCL,1/27/2016,585.0,590.0,584.0,584.0,-0.17,750.0,819.0,612.0
BPCL,1/28/2016,584.0,584.0,573.0,584.0,0.0,300.0,819.0,612.0
BPCL,1/31/2016,584.0,590.0,588.0,588.0,0.68,407.0,819.0,612.0
BPCL,2/1/2016,588.0,590.0,578.0,589.0,0.17,2550.0,819.0,612.0
BPCL,2/2/2016,589.0,587.0,575.0,585.0,-0.68,1673.0,819.0,612.0
BPCL,2/3/2016,585.0,585.0,574.0,574.0,-1.88,1500.0,819.0,612.0
BPCL,2/4/2016,574.0,630.0,580.0,615.0,7.14,10342.0,819.0,612.0
BPCL,2/7/2016,615.0,613.0,604.0,606.0,-1.46,5834.0,819.0,612.0
BPCL,2/8/2016,606.0,625.0,615.0,622.0,2.64,4917.0,819.0,612.0
BPCL,2/11/2016,622.0,631.0,610.0,610.0,-1.93,4650.0,819.0,612.0
BPCL,2/14/2016,610.0,602.0,602.0,602.0,-1.31,100.0,819.0,612.0
BPCL,2/15/2016,602.0,608.0,600.0,608.0,1.0,540.0,819.0,612.0
BPCL,2/16/2016,608.0,610.0,610.0,610.0,0.33,10.0,819.0,612.0
BPCL,2/17/2016,610.0,605.0,595.0,595.0,-2.46,2341.0,819.0,612.0
BPCL,2/18/2016,595.0,608.0,599.0,599.0,0.67,2540.0,819.0,612.0
BPCL,2/21/2016,599.0,605.0,600.0,600.0,0.17,440.0,819.0,612.0
BPCL,2/22/2016,600.0,612.0,590.0,590.0,-1.67,1700.0,819.0,612.0
BPCL,2/25/2016,590.0,590.0,589.0,589.0,-0.17,1285.0,819.0,612.0
BPCL,2/28/2016,589.0,600.0,575.0,575.0,-2.38,19085.0,819.0,612.0
BPCL,2/29/2016,575.0,586.0,579.0,580.0,0.87,536.0,819.0,612.0
BPCL,3/1/2016,580.0,580.0,575.0,575.0,-0.86,724.0,819.0,612.0
BPCL,3/2/2016,575.0,596.0,575.0,596.0,3.65,1750.0,819.0,612.0
BPCL,3/3/2016,596.0,595.0,586.0,590.0,-1.01,811.0,819.0,612.0
BPCL,3/6/2016,590.0,590.0,590.0,590.0,0.0,200.0,819.0,612.0
BPCL,3/10/2016,590.0,610.0,590.0,610.0,3.39,7269.0,819.0,612.0
BPCL,3/13/2016,610.0,620.0,600.0,605.0,-0.82,3033.0,819.0,612.0
BPCL,3/14/2016,605.0,608.0,600.0,601.0,-0.66,1606.0,819.0,612.0
BPCL,3/15/2016,601.0,600.0,591.0,591.0,-1.66,992.0,819.0,612.0
BPCL,3/16/2016,591.0,591.0,585.0,585.0,-1.02,1320.0,819.0,612.0
BPCL,3/17/2016,585.0,595.0,590.0,595.0,1.71,1338.0,819.0,612.0
BPCL,3/20/2016,595.0,654.0,606.0,654.0,9.92,25965.0,819.0,612.0
BPCL,3/21/2016,654.0,688.0,640.0,644.0,-1.53,15467.0,819.0,612.0
BPCL,3/23/2016,644.0,632.0,621.0,621.0,-3.57,1371.0,819.0,612.0
BPCL,3/24/2016,621.0,611.0,611.0,611.0,-1.61,50.0,819.0,612.0
BPCL,3/27/2016,611.0,642.0,615.0,620.0,1.47,5337.0,819.0,612.0
BPCL,3/28/2016,620.0,617.0,605.0,617.0,-0.48,800.0,819.0,612.0
BPCL,3/29/2016,617.0,628.0,605.0,625.0,1.3,1667.0,819.0,612.0
BPCL,3/30/2016,625.0,637.0,615.0,616.0,-1.44,560.0,819.0,612.0
BPCL,3/31/2016,616.0,630.0,616.0,630.0,2.27,2918.0,819.0,612.0
BPCL,4/3/2016,630.0,625.0,625.0,625.0,-0.79,400.0,819.0,612.0
BPCL,4/4/2016,625.0,615.0,605.0,605.0,-3.2,2100.0,819.0,612.0
BPCL,4/5/2016,605.0,617.0,610.0,612.0,1.16,2692.0,819.0,612.0
BPCL,4/6/2016,612.0,624.0,605.0,605.0,-1.14,3200.0,819.0,612.0
BPCL,4/10/2016,605.0,617.0,617.0,617.0,1.98,200.0,819.0,612.0
BPCL,4/11/2016,617.0,608.0,608.0,608.0,-1.46,212.0,819.0,612.0
BPCL,4/12/2016,608.0,612.0,607.0,610.0,0.33,5090.0,819.0,612.0
BPCL,4/14/2016,610.0,616.0,610.0,610.0,0.0,3330.0,819.0,612.0
BPCL,4/17/2016,610.0,620.0,608.0,612.0,0.33,3920.0,819.0,612.0
BPCL,4/18/2016,612.0,615.0,606.0,614.0,0.33,2183.0,819.0,612.0
BPCL,4/19/2016,614.0,615.0,610.0,615.0,0.16,2270.0,819.0,612.0
BPCL,4/20/2016,615.0,615.0,603.0,612.0,-0.49,6304.0,819.0,612.0
BPCL,4/21/2016,612.0,612.0,604.0,608.0,-0.65,5779.0,819.0,612.0
BPCL,4/24/2016,608.0,612.0,605.0,605.0,-0.49,3630.0,819.0,612.0
BPCL,4/25/2016,605.0,608.0,600.0,600.0,-0.83,4900.0,819.0,612.0
BPCL,4/26/2016,600.0,612.0,597.0,610.0,1.67,2705.0,819.0,612.0
BPCL,4/27/2016,610.0,601.0,600.0,601.0,-1.48,500.0,819.0,612.0
BPCL,4/28/2016,601.0,603.0,601.0,602.0,0.17,1367.0,819.0,612.0
BPCL,5/2/2016,602.0,608.0,601.0,608.0,1.0,2305.0,819.0,612.0
BPCL,5/3/2016,608.0,615.0,603.0,610.0,0.33,717.0,819.0,612.0
BPCL,5/4/2016,610.0,610.0,602.0,610.0,0.0,4667.0,819.0,612.0
BPCL,5/5/2016,610.0,610.0,600.0,610.0,0.0,5355.0,819.0,612.0
BPCL,5/8/2016,610.0,609.0,601.0,601.0,-1.48,2650.0,819.0,612.0
BPCL,5/9/2016,601.0,605.0,601.0,601.0,0.0,2882.0,819.0,612.0
BPCL,5/10/2016,601.0,610.0,600.0,605.0,0.67,2889.0,819.0,612.0
BPCL,5/11/2016,605.0,606.0,606.0,606.0,0.17,467.0,819.0,612.0
BPCL,5/12/2016,606.0,630.0,611.0,619.0,2.15,13538.0,819.0,612.0
BPCL,5/15/2016,619.0,617.0,612.0,613.0,-0.97,3146.0,819.0,612.0
BPCL,5/16/2016,613.0,610.0,610.0,610.0,-0.49,1666.0,819.0,612.0
BPCL,5/17/2016,610.0,612.0,600.0,602.0,-1.31,4487.0,819.0,612.0
BPCL,5/18/2016,602.0,610.0,605.0,610.0,1.33,6092.0,819.0,612.0
BPCL,5/19/2016,610.0,621.0,615.0,620.0,1.64,3546.0,819.0,612.0
BPCL,5/22/2016,620.0,621.0,612.0,612.0,-1.29,3565.0,819.0,612.0
BPCL,5/23/2016,612.0,620.0,608.0,608.0,-0.65,10149.0,819.0,612.0
BPCL,5/24/2016,608.0,610.0,607.0,610.0,0.33,3131.0,819.0,612.0
BPCL,5/25/2016,610.0,620.0,612.0,620.0,1.64,6166.0,819.0,612.0
BPCL,5/26/2016,620.0,618.0,608.0,618.0,-0.32,5067.0,819.0,612.0
BPCL,5/29/2016,618.0,640.0,622.0,635.0,2.75,13228.0,819.0,612.0
BPCL,5/30/2016,635.0,685.0,640.0,683.0,7.56,54576.0,819.0,612.0
BPCL,5/31/2016,683.0,739.0,693.0,738.0,8.05,79830.0,819.0,612.0
BPCL,6/1/2016,738.0,811.0,735.0,760.0,2.98,63264.0,819.0,612.0
BPCL,6/2/2016,760.0,752.0,728.0,748.0,-1.58,18582.0,819.0,612.0
BPCL,6/5/2016,748.0,735.0,680.0,685.0,-8.42,9944.0,819.0,612.0
BPCL,6/6/2016,685.0,711.0,685.0,708.0,3.36,11555.0,819.0,612.0
BPCL,6/7/2016,708.0,740.0,700.0,700.0,-1.13,4305.0,819.0,612.0
BPCL,6/8/2016,700.0,719.0,686.0,704.0,0.57,10585.0,819.0,612.0
BPCL,6/9/2016,704.0,710.0,696.0,700.0,-0.57,10259.0,819.0,612.0
BPCL,6/12/2016,700.0,734.0,707.0,709.0,1.29,6642.0,819.0,612.0
BPCL,6/13/2016,709.0,710.0,700.0,703.0,-0.85,3346.0,819.0,612.0
BPCL,6/14/2016,703.0,773.0,715.0,773.0,9.96,4135.0,819.0,612.0
BPCL,6/15/2016,773.0,850.0,788.0,850.0,9.96,4650.0,819.0,612.0
BPCL,6/16/2016,850.0,935.0,839.0,849.0,-0.12,66287.0,819.0,612.0
BPCL,6/19/2016,849.0,850.0,800.0,837.0,-1.41,27590.0,819.0,612.0
BPCL,6/20/2016,837.0,845.0,800.0,824.0,-1.55,24524.0,819.0,612.0
BPCL,6/21/2016,824.0,846.0,827.0,845.0,2.55,20894.0,819.0,612.0
BPCL,6/22/2016,845.0,889.0,845.0,872.0,3.2,27209.0,819.0,612.0
BPCL,6/23/2016,872.0,915.0,880.0,885.0,1.49,29770.0,819.0,612.0
BPCL,6/26/2016,885.0,925.0,895.0,924.0,4.41,51241.0,819.0,612.0
BPCL,6/27/2016,924.0,944.0,912.0,920.0,-0.43,15972.0,819.0,612.0
BPCL,6/28/2016,920.0,928.0,900.0,925.0,0.54,28411.0,819.0,612.0
BPCL,6/29/2016,925.0,930.0,912.0,930.0,0.54,18162.0,819.0,612.0
BPCL,6/30/2016,930.0,929.0,909.0,929.0,-0.11,9305.0,819.0,612.0
BPCL,7/3/2016,929.0,930.0,910.0,920.0,-0.97,9163.0,819.0,612.0
BPCL,7/4/2016,920.0,940.0,910.0,910.0,-1.09,6616.0,819.0,612.0
BPCL,7/5/2016,910.0,925.0,900.0,919.0,0.99,8513.0,819.0,612.0
BPCL,7/6/2016,919.0,929.0,915.0,924.0,0.54,12033.0,819.0,612.0
BPCL,7/10/2016,924.0,924.0,910.0,910.0,-1.52,3868.0,819.0,612.0
BPCL,7/11/2016,910.0,914.0,896.0,906.0,-0.44,3463.0,819.0,612.0
BPCL,7/12/2016,906.0,900.0,855.0,885.0,-2.32,8765.0,819.0,612.0
BPCL,7/13/2016,885.0,895.0,880.0,885.0,0.0,2421.0,819.0,612.0
BPCL,7/14/2016,885.0,900.0,885.0,894.0,1.02,8633.0,819.0,612.0
BPCL,7/17/2016,894.0,890.0,871.0,875.0,-2.13,1949.0,819.0,612.0
BPCL,7/18/2016,875.0,920.0,870.0,920.0,5.14,7334.0,819.0,612.0
BPCL,7/19/2016,920.0,926.0,895.0,895.0,-2.72,7215.0,819.0,612.0
BPCL,7/20/2016,895.0,904.0,881.0,904.0,1.01,6108.0,819.0,612.0
BPCL,7/21/2016,904.0,900.0,891.0,898.0,-0.66,3423.0,819.0,612.0
BPCL,7/25/2016,898.0,900.0,875.0,875.0,-2.56,5446.0,819.0,612.0
BPCL,7/26/2016,875.0,907.0,880.0,892.0,1.94,15696.0,819.0,612.0
BPCL,7/27/2016,892.0,939.0,901.0,921.0,3.25,21438.0,819.0,612.0
BPCL,7/28/2016,921.0,939.0,920.0,938.0,1.85,40420.0,819.0,612.0
BPCL,7/31/2016,938.0,1008.0,920.0,995.0,6.08,49779.0,819.0,612.0
BPCL,8/1/2016,995.0,1030.0,960.0,970.0,-2.51,15050.0,819.0,612.0
BPCL,8/2/2016,970.0,960.0,930.0,949.0,-2.16,15360.0,819.0,612.0
BPCL,8/3/2016,949.0,960.0,920.0,940.0,-0.95,9552.0,819.0,612.0
BPCL,8/4/2016,940.0,941.0,900.0,908.0,-3.4,16312.0,819.0,612.0
BPCL,8/7/2016,908.0,944.0,910.0,915.0,0.77,12421.0,819.0,612.0
BPCL,8/8/2016,915.0,915.0,870.0,870.0,-4.92,3283.0,819.0,612.0
BPCL,8/9/2016,870.0,922.0,887.0,922.0,5.98,110.0,819.0,612.0
BPCL,8/10/2016,922.0,940.0,900.0,922.0,0.0,15496.0,819.0,612.0
BPCL,8/11/2016,922.0,930.0,910.0,910.0,-1.3,4200.0,819.0,612.0
BPCL,8/14/2016,910.0,910.0,880.0,882.0,-3.08,7795.0,819.0,612.0
BPCL,8/15/2016,882.0,890.0,856.0,875.0,-0.79,11093.0,819.0,612.0
BPCL,8/16/2016,875.0,895.0,875.0,895.0,2.29,6031.0,819.0,612.0
BPCL,8/17/2016,895.0,904.0,880.0,904.0,1.01,4700.0,819.0,612.0
BPCL,8/21/2016,904.0,900.0,882.0,882.0,-2.43,600.0,819.0,612.0
BPCL,8/22/2016,882.0,870.0,840.0,840.0,-4.76,1210.0,819.0,612.0
BPCL,8/23/2016,840.0,882.0,850.0,865.0,2.98,2525.0,819.0,612.0
BPCL,8/24/2016,865.0,878.0,849.0,878.0,1.5,2630.0,819.0,612.0
BPCL,8/28/2016,878.0,894.0,862.0,862.0,-1.82,590.0,819.0,612.0
BPCL,8/29/2016,862.0,879.0,862.0,862.0,0.0,378.0,819.0,612.0
BPCL,8/30/2016,862.0,877.0,850.0,877.0,1.74,2749.0,819.0,612.0
BPCL,8/31/2016,877.0,860.0,813.0,839.0,-4.33,13773.0,819.0,612.0
BPCL,9/1/2016,839.0,854.0,824.0,841.0,0.24,3967.0,819.0,612.0
BPCL,9/3/2016,841.0,850.0,837.0,845.0,0.48,1374.0,819.0,612.0
BPCL,9/4/2016,841.0,850.0,837.0,845.0,0.0,1374.0,819.0,612.0
BPCL,9/5/2016,845.0,852.0,840.0,840.0,-0.59,3623.0,819.0,612.0
BPCL,9/6/2016,840.0,856.0,830.0,835.0,-0.6,11024.0,819.0,612.0
BPCL,9/7/2016,835.0,845.0,825.0,840.0,0.6,2200.0,819.0,612.0
BPCL,9/8/2016,840.0,850.0,833.0,833.0,-0.83,2964.0,819.0,612.0
BPCL,9/11/2016,833.0,840.0,828.0,830.0,-0.36,4717.0,819.0,612.0
BPCL,9/12/2016,830.0,829.0,823.0,829.0,-0.12,800.0,819.0,612.0
BPCL,9/14/2016,829.0,829.0,822.0,823.0,-0.72,750.0,819.0,612.0
BPCL,9/18/2016,823.0,825.0,823.0,825.0,0.24,223.0,819.0,612.0
BPCL,9/20/2016,825.0,830.0,829.0,829.0,0.48,800.0,819.0,612.0
BPCL,9/21/2016,829.0,830.0,821.0,825.0,-0.48,1450.0,819.0,612.0
BPCL,9/22/2016,825.0,820.0,810.0,818.0,-0.85,2177.0,819.0,612.0
BPCL,9/25/2016,818.0,805.0,790.0,790.0,-3.42,2236.0,819.0,612.0
BPCL,9/26/2016,790.0,810.0,790.0,801.0,1.39,2320.0,819.0,612.0
BPCL,9/27/2016,801.0,810.0,810.0,810.0,1.12,100.0,819.0,612.0
BPCL,9/28/2016,810.0,810.0,800.0,805.0,-0.62,2280.0,819.0,612.0
BPCL,9/29/2016,805.0,810.0,804.0,804.0,-0.12,1166.0,819.0,612.0
BPCL,10/3/2016,804.0,810.0,810.0,810.0,0.75,100.0,819.0,612.0
BPCL,10/4/2016,810.0,820.0,795.0,806.0,-0.49,5433.0,819.0,612.0
BPCL,10/5/2016,806.0,810.0,797.0,810.0,0.5,2050.0,819.0,612.0
BPCL,10/6/2016,810.0,825.0,812.0,812.0,0.25,1540.0,819.0,612.0
BPCL,10/16/2016,812.0,801.0,801.0,801.0,-1.35,200.0,819.0,612.0
BPCL,10/17/2016,801.0,817.0,804.0,817.0,2.0,1873.0,819.0,612.0
BPCL,10/18/2016,817.0,820.0,807.0,820.0,0.37,2000.0,819.0,612.0
BPCL,10/19/2016,820.0,818.0,810.0,810.0,-1.22,708.0,819.0,612.0
BPCL,10/20/2016,810.0,824.0,820.0,824.0,1.73,1033.0,819.0,612.0
BPCL,10/23/2016,824.0,820.0,810.0,815.0,-1.09,2073.0,819.0,612.0
BPCL,10/24/2016,815.0,823.0,786.0,809.0,-0.74,1330.0,819.0,612.0
BPCL,10/25/2016,809.0,810.0,810.0,810.0,0.12,100.0,819.0,612.0
BPCL,10/26/2016,810.0,800.0,785.0,795.0,-1.85,2776.0,819.0,612.0
BPCL,10/27/2016,795.0,800.0,790.0,790.0,-0.63,1080.0,819.0,612.0
BPCL,11/3/2016,790.0,790.0,776.0,785.0,-0.63,1300.0,819.0,612.0
BPCL,11/7/2016,785.0,850.0,778.0,778.0,-0.89,8193.0,819.0,612.0
BPCL,11/8/2016,778.0,763.0,718.0,725.0,-6.81,4020.0,819.0,612.0
BPCL,11/9/2016,725.0,725.0,711.0,711.0,-1.93,364.0,819.0,612.0
BPCL,11/10/2016,711.0,715.0,705.0,705.0,-0.84,270.0,819.0,612.0
BPCL,11/13/2016,705.0,718.0,706.0,718.0,1.84,884.0,819.0,612.0
BPCL,11/15/2016,718.0,715.0,683.0,683.0,-4.87,2011.0,819.0,612.0
BPCL,11/16/2016,683.0,685.0,680.0,685.0,0.29,750.0,819.0,612.0
BPCL,11/17/2016,685.0,678.0,660.0,660.0,-3.65,1085.0,819.0,612.0
BPCL,11/20/2016,660.0,647.0,620.0,620.0,-6.06,2450.0,819.0,612.0
BPCL,11/21/2016,620.0,620.0,602.0,620.0,0.0,1600.0,819.0,612.0
BPCL,11/22/2016,620.0,625.0,613.0,613.0,-1.13,1000.0,819.0,612.0
BPCL,11/23/2016,613.0,624.0,613.0,624.0,1.79,1540.0,819.0,612.0
BPCL,11/24/2016,624.0,636.0,591.0,600.0,-3.85,4300.0,819.0,612.0
BPCL,11/27/2016,600.0,612.0,578.0,585.0,-2.5,10915.0,819.0,612.0
BPCL,11/28/2016,585.0,580.0,560.0,580.0,-0.85,5381.0,819.0,612.0
BPCL,11/29/2016,580.0,638.0,580.0,638.0,10.0,3625.0,819.0,612.0
BPCL,11/30/2016,638.0,683.0,650.0,680.0,6.58,4260.0,819.0,612.0
BPCL,12/1/2016,680.0,696.0,665.0,670.0,-1.47,5510.0,819.0,612.0
BPCL,12/4/2016,670.0,670.0,645.0,655.0,-2.24,3309.0,819.0,612.0
BPCL,12/5/2016,612.0,615.0,603.0,603.0,-7.94,220.0,819.0,612.0
BPCL,12/6/2016,603.0,591.0,575.0,577.0,-4.31,2910.0,819.0,612.0
BPCL,12/7/2016,577.0,588.0,588.0,588.0,1.91,14.0,819.0,612.0
BPCL,12/8/2016,588.0,601.0,577.0,600.0,2.04,3440.0,819.0,612.0
BPCL,12/11/2016,600.0,590.0,575.0,575.0,-4.17,1235.0,819.0,612.0
BPCL,12/12/2016,575.0,577.0,571.0,577.0,0.35,1280.0,819.0,612.0
BPCL,12/14/2016,577.0,580.0,572.0,580.0,0.52,450.0,819.0,612.0
BPCL,12/15/2016,580.0,607.0,575.0,607.0,4.66,540.0,819.0,612.0
BPCL,12/18/2016,607.0,619.0,619.0,619.0,1.98,10.0,819.0,612.0
BPCL,12/19/2016,619.0,607.0,595.0,595.0,-3.88,290.0,819.0,612.0
BPCL,12/20/2016,595.0,585.0,570.0,572.0,-3.87,3200.0,819.0,612.0
BPCL,12/21/2016,572.0,571.0,560.0,571.0,-0.17,710.0,819.0,612.0
BPCL,12/22/2016,571.0,575.0,570.0,575.0,0.7,800.0,819.0,612.0
BPCL,12/26/2016,575.0,575.0,565.0,565.0,-1.74,2450.0,819.0,612.0
BPCL,12/27/2016,565.0,570.0,545.0,560.0,-0.88,1141.0,819.0,612.0
BPCL,12/28/2016,560.0,569.0,550.0,560.0,0.0,1070.0,819.0,612.0
BPCL,12/29/2016,560.0,580.0,550.0,550.0,-1.79,950.0,819.0,612.0
BPCL,1/1/2017,550.0,562.0,550.0,559.0,1.64,9760.0,819.0,612.0
BPCL,1/2/2017,559.0,562.0,559.0,559.0,0.0,5280.0,819.0,612.0
BPCL,1/3/2017,559.0,560.0,548.0,550.0,-1.61,7970.0,819.0,612.0
BPCL,1/4/2017,550.0,560.0,552.0,560.0,1.82,2970.0,819.0,612.0
BPCL,1/5/2017,560.0,554.0,553.0,553.0,-1.25,1502.0,819.0,612.0
BPCL,1/8/2017,553.0,564.0,554.0,554.0,0.18,110.0,819.0,612.0
BPCL,1/9/2017,554.0,559.0,558.0,559.0,0.9,1290.0,819.0,612.0
BPCL,1/10/2017,559.0,560.0,555.0,555.0,-0.72,1853.0,819.0,612.0
BPCL,1/11/2017,555.0,550.0,550.0,550.0,-0.9,100.0,819.0,612.0
BPCL,1/12/2017,550.0,560.0,560.0,560.0,1.82,120.0,819.0,612.0
BPCL,1/15/2017,560.0,559.0,559.0,559.0,-0.18,300.0,819.0,612.0
BPCL,1/16/2017,559.0,556.0,549.0,549.0,-1.79,500.0,819.0,612.0
BPCL,1/17/2017,549.0,544.0,544.0,544.0,-0.91,203.0,819.0,612.0
BPCL,1/22/2017,544.0,542.0,542.0,542.0,-0.37,251.0,819.0,612.0
BPCL,1/23/2017,542.0,550.0,536.0,550.0,1.48,2010.0,819.0,612.0
BPCL,1/24/2017,550.0,549.0,538.0,538.0,-2.18,130.0,819.0,612.0
BPCL,1/25/2017,538.0,538.0,518.0,518.0,-3.72,1050.0,819.0,612.0
BPCL,1/26/2017,518.0,528.0,508.0,515.0,-0.58,2150.0,819.0,612.0
BPCL,1/30/2017,515.0,510.0,500.0,500.0,-2.91,1450.0,819.0,612.0
BPCL,1/31/2017,500.0,512.0,485.0,512.0,2.4,28790.0,819.0,612.0
BPCL,2/1/2017,512.0,532.0,500.0,532.0,3.91,30990.0,819.0,612.0
BPCL,2/2/2017,532.0,542.0,520.0,530.0,-0.38,11310.0,819.0,612.0
BPCL,2/5/2017,530.0,530.0,530.0,530.0,0.0,300.0,819.0,612.0
BPCL,2/7/2017,530.0,524.0,510.0,523.0,-1.32,1483.0,819.0,612.0
BPCL,2/8/2017,523.0,524.0,495.0,524.0,0.19,2020.0,819.0,612.0
BPCL,2/9/2017,524.0,518.0,508.0,508.0,-3.05,320.0,819.0,612.0
BPCL,2/12/2017,508.0,502.0,484.0,490.0,-3.54,2484.0,819.0,612.0
BPCL,2/13/2017,490.0,499.0,464.0,499.0,1.84,1960.0,819.0,612.0
BPCL,2/14/2017,499.0,490.0,470.0,481.0,-3.61,5551.0,819.0,612.0
BPCL,2/15/2017,481.0,500.0,489.0,498.0,3.53,6292.0,819.0,612.0
BPCL,2/16/2017,498.0,507.0,496.0,505.0,1.41,2410.0,819.0,612.0
BPCL,2/19/2017,505.0,510.0,500.0,510.0,0.99,2266.0,819.0,612.0
BPCL,2/20/2017,510.0,510.0,500.0,510.0,0.0,650.0,819.0,612.0
BPCL,2/21/2017,510.0,518.0,498.0,498.0,-2.35,270.0,819.0,612.0
BPCL,2/22/2017,498.0,490.0,490.0,490.0,-1.61,7000.0,819.0,612.0
BPCL,2/23/2017,490.0,495.0,495.0,495.0,1.02,150.0,819.0,612.0
BPCL,2/26/2017,495.0,486.0,478.0,478.0,-3.43,2092.0,819.0,612.0
BPCL,2/28/2017,478.0,490.0,487.0,490.0,2.51,350.0,819.0,612.0
BPCL,3/1/2017,490.0,482.0,475.0,475.0,-3.06,1720.0,819.0,612.0
BPCL,3/2/2017,475.0,512.0,484.0,512.0,7.79,40.0,819.0,612.0
BPCL,3/5/2017,512.0,509.0,499.0,500.0,-2.34,2570.0,819.0,612.0
BPCL,3/6/2017,500.0,492.0,492.0,492.0,-1.6,10.0,819.0,612.0
BPCL,3/7/2017,492.0,500.0,500.0,500.0,1.63,330.0,819.0,612.0
BPCL,3/9/2017,500.0,501.0,492.0,501.0,0.2,5630.0,819.0,612.0
BPCL,3/13/2017,501.0,505.0,496.0,496.0,-1.0,1020.0,819.0,612.0
BPCL,3/14/2017,496.0,500.0,491.0,491.0,-1.01,1144.0,819.0,612.0
BPCL,3/15/2017,491.0,520.0,492.0,520.0,5.91,2020.0,819.0,612.0
BPCL,3/16/2017,520.0,530.0,515.0,520.0,0.0,250.0,819.0,612.0
BPCL,3/19/2017,520.0,523.0,510.0,523.0,0.58,1080.0,819.0,612.0
BPCL,3/20/2017,523.0,555.0,505.0,540.0,3.25,8112.0,819.0,612.0
BPCL,3/21/2017,540.0,566.0,535.0,566.0,4.81,7030.0,819.0,612.0
BPCL,3/22/2017,566.0,588.0,555.0,560.0,-1.06,17055.0,819.0,612.0
BPCL,3/23/2017,560.0,580.0,555.0,575.0,2.68,11744.0,819.0,612.0
BPCL,3/26/2017,575.0,630.0,585.0,630.0,9.57,14219.0,819.0,612.0
BPCL,3/28/2017,630.0,693.0,642.0,693.0,10.0,30146.0,819.0,612.0
BPCL,3/29/2017,693.0,748.0,682.0,682.0,-1.59,29715.0,819.0,612.0
BPCL,3/30/2017,682.0,700.0,669.0,675.0,-1.03,4800.0,819.0,612.0
BPCL,4/2/2017,675.0,705.0,670.0,705.0,4.44,790.0,819.0,612.0
BPCL,4/3/2017,705.0,733.0,686.0,686.0,-2.7,8551.0,819.0,612.0
BPCL,4/4/2017,686.0,699.0,660.0,670.0,-2.33,7140.0,819.0,612.0
BPCL,4/6/2017,670.0,670.0,656.0,656.0,-2.09,3470.0,819.0,612.0
BPCL,4/9/2017,656.0,665.0,655.0,665.0,1.37,2230.0,819.0,612.0
BPCL,4/10/2017,665.0,706.0,670.0,699.0,5.11,5047.0,819.0,612.0
BPCL,4/11/2017,699.0,726.0,674.0,677.0,-3.15,2877.0,819.0,612.0
BPCL,4/12/2017,677.0,703.0,679.0,679.0,0.3,7710.0,819.0,612.0
BPCL,4/13/2017,679.0,692.0,666.0,678.0,-0.15,1951.0,819.0,612.0
BPCL,4/16/2017,678.0,703.0,690.0,703.0,3.69,120.0,819.0,612.0
BPCL,4/18/2017,703.0,689.0,652.0,660.0,-6.12,5110.0,819.0,612.0
BPCL,4/19/2017,660.0,699.0,665.0,689.0,4.39,1638.0,819.0,612.0
BPCL,4/20/2017,689.0,690.0,675.0,685.0,-0.58,10590.0,819.0,612.0
BPCL,4/23/2017,685.0,725.0,686.0,686.0,0.15,1675.0,819.0,612.0
BPCL,4/24/2017,686.0,688.0,673.0,675.0,-1.6,460.0,819.0,612.0
BPCL,4/25/2017,675.0,688.0,662.0,688.0,1.93,3560.0,819.0,612.0
BPCL,4/26/2017,688.0,675.0,670.0,670.0,-2.62,1500.0,819.0,612.0
BPCL,4/27/2017,670.0,696.0,657.0,696.0,3.88,230.0,819.0,612.0
BPCL,4/30/2017,696.0,683.0,683.0,683.0,-1.87,100.0,819.0,612.0
BPCL,5/2/2017,683.0,690.0,689.0,690.0,1.02,200.0,819.0,612.0
BPCL,5/3/2017,690.0,680.0,667.0,679.0,-1.59,3977.0,819.0,612.0
BPCL,5/4/2017,679.0,666.0,655.0,657.0,-3.24,1000.0,819.0,612.0
BPCL,5/7/2017,657.0,669.0,650.0,650.0,-1.07,3052.0,819.0,612.0
BPCL,5/8/2017,650.0,650.0,638.0,638.0,-1.85,400.0,819.0,612.0
BPCL,5/9/2017,638.0,700.0,630.0,692.0,8.46,1493.0,819.0,612.0
BPCL,5/11/2017,692.0,687.0,655.0,666.0,-3.76,1980.0,819.0,612.0
BPCL,5/15/2017,666.0,692.0,679.0,683.0,2.55,1223.0,819.0,612.0
BPCL,5/16/2017,683.0,680.0,669.0,669.0,-2.05,4249.0,819.0,612.0
BPCL,5/17/2017,669.0,666.0,658.0,666.0,-0.45,909.0,819.0,612.0
BPCL,5/18/2017,666.0,679.0,662.0,679.0,1.95,1078.0,819.0,612.0
BPCL,5/21/2017,679.0,681.0,654.0,654.0,-3.68,1343.0,819.0,612.0
BPCL,5/22/2017,654.0,680.0,651.0,667.0,1.99,661.0,819.0,612.0
BPCL,5/23/2017,667.0,680.0,675.0,680.0,1.95,1939.0,819.0,612.0
BPCL,5/24/2017,680.0,677.0,670.0,675.0,-0.74,1760.0,819.0,612.0
BPCL,5/28/2017,675.0,670.0,665.0,667.0,-1.19,1527.0,819.0,612.0
BPCL,5/30/2017,667.0,693.0,654.0,693.0,3.9,438.0,819.0,612.0
BPCL,6/1/2017,693.0,680.0,667.0,669.0,-3.46,520.0,819.0,612.0
BPCL,6/4/2017,669.0,660.0,641.0,648.0,-3.14,2510.0,819.0,612.0
BPCL,6/5/2017,648.0,665.0,640.0,654.0,0.93,5825.0,819.0,612.0
BPCL,6/6/2017,654.0,677.0,654.0,677.0,3.52,6038.0,819.0,612.0
BPCL,6/7/2017,677.0,709.0,675.0,675.0,-0.3,9682.0,819.0,612.0
BPCL,6/8/2017,675.0,686.0,680.0,685.0,1.48,340.0,819.0,612.0
BPCL,6/11/2017,685.0,672.0,659.0,666.0,-2.77,10127.0,819.0,612.0
BPCL,6/12/2017,666.0,660.0,660.0,660.0,-0.9,3000.0,819.0,612.0
BPCL,6/13/2017,660.0,665.0,654.0,654.0,-0.91,3048.0,819.0,612.0
BPCL,6/14/2017,654.0,655.0,650.0,651.0,-0.46,5535.0,819.0,612.0
BPCL,6/15/2017,651.0,670.0,655.0,670.0,2.92,2156.0,819.0,612.0
BPCL,6/18/2017,670.0,657.0,650.0,650.0,-2.99,300.0,819.0,612.0
BPCL,6/21/2017,650.0,652.0,640.0,652.0,0.31,521.0,819.0,612.0
BPCL,6/22/2017,652.0,650.0,641.0,641.0,-1.69,831.0,819.0,612.0
BPCL,6/25/2017,641.0,645.0,640.0,640.0,-0.16,124.0,819.0,612.0
BPCL,6/27/2017,640.0,633.0,630.0,630.0,-1.56,2350.0,819.0,612.0
BPCL,6/28/2017,630.0,642.0,635.0,640.0,1.59,2750.0,819.0,612.0
BPCL,7/2/2017,640.0,628.0,616.0,621.0,-2.97,2495.0,819.0,612.0
BPCL,7/3/2017,621.0,625.0,615.0,615.0,-0.97,3090.0,819.0,612.0
BPCL,7/4/2017,615.0,615.0,611.0,611.0,-0.65,1550.0,819.0,612.0
BPCL,7/5/2017,611.0,615.0,615.0,615.0,0.65,495.0,819.0,612.0
BPCL,7/6/2017,615.0,632.0,620.0,630.0,2.44,1590.0,819.0,612.0
BPCL,7/9/2017,630.0,642.0,625.0,625.0,-0.79,1500.0,819.0,612.0
BPCL,7/10/2017,625.0,625.0,613.0,625.0,0.0,484.0,819.0,612.0
BPCL,7/11/2017,625.0,629.0,616.0,629.0,0.64,911.0,819.0,612.0
BPCL,7/12/2017,629.0,653.0,626.0,626.0,-0.48,619.0,819.0,612.0
BPCL,7/13/2017,626.0,626.0,620.0,620.0,-0.96,2705.0,819.0,612.0
BPCL,7/16/2017,620.0,620.0,620.0,620.0,0.0,431.0,819.0,612.0
BPCL,7/17/2017,620.0,632.0,620.0,632.0,1.94,108.0,819.0,612.0
BPCL,7/18/2017,632.0,636.0,626.0,626.0,-0.95,1377.0,819.0,612.0
BPCL,7/19/2017,626.0,640.0,625.0,640.0,2.24,1873.0,819.0,612.0
BPCL,7/20/2017,640.0,635.0,630.0,630.0,-1.56,1760.0,819.0,612.0
BPCL,7/23/2017,630.0,630.0,606.0,630.0,0.0,2457.0,819.0,612.0
BPCL,7/24/2017,630.0,635.0,630.0,635.0,0.79,240.0,819.0,612.0
BPCL,7/25/2017,635.0,640.0,626.0,635.0,0.0,2851.0,819.0,612.0
BPCL,7/26/2017,635.0,650.0,635.0,635.0,0.0,2582.0,819.0,612.0
BPCL,7/27/2017,635.0,634.0,628.0,634.0,-0.16,272.0,819.0,612.0
BPCL,7/30/2017,634.0,655.0,646.0,650.0,2.52,1142.0,819.0,612.0
BPCL,7/31/2017,650.0,655.0,640.0,650.0,0.0,8725.0,819.0,612.0
BPCL,8/1/2017,650.0,655.0,645.0,655.0,0.77,6799.0,819.0,612.0
BPCL,8/2/2017,655.0,673.0,656.0,668.0,1.98,13643.0,819.0,612.0
BPCL,8/3/2017,668.0,673.0,655.0,666.0,-0.3,6293.0,819.0,612.0
BPCL,8/6/2017,666.0,669.0,652.0,652.0,-2.1,3607.0,819.0,612.0
BPCL,8/7/2017,652.0,654.0,648.0,654.0,0.31,12550.0,819.0,612.0
BPCL,8/9/2017,654.0,660.0,645.0,650.0,-0.61,8349.0,819.0,612.0
BPCL,8/10/2017,650.0,653.0,641.0,653.0,0.46,3605.0,819.0,612.0
BPCL,8/13/2017,653.0,660.0,645.0,645.0,-1.23,849.0,819.0,612.0
BPCL,8/15/2017,645.0,645.0,640.0,642.0,-0.47,1984.0,819.0,612.0
BPCL,8/16/2017,642.0,646.0,637.0,640.0,-0.31,1002.0,819.0,612.0
BPCL,8/17/2017,640.0,640.0,636.0,636.0,-0.62,79.0,819.0,612.0
BPCL,8/20/2017,636.0,640.0,632.0,632.0,-0.63,2141.0,819.0,612.0
BPCL,8/21/2017,632.0,635.0,623.0,623.0,-1.42,1200.0,819.0,612.0
BPCL,8/22/2017,623.0,636.0,630.0,635.0,1.93,3255.0,819.0,612.0
BPCL,8/23/2017,635.0,635.0,626.0,626.0,-1.42,472.0,819.0,612.0
BPCL,8/24/2017,626.0,638.0,630.0,636.0,1.6,973.0,819.0,612.0
BPCL,8/27/2017,636.0,635.0,635.0,635.0,-0.16,500.0,819.0,612.0
BPCL,8/28/2017,635.0,635.0,611.0,617.0,-2.83,1216.0,819.0,612.0
BPCL,8/30/2017,617.0,649.0,622.0,640.0,3.73,2153.0,819.0,612.0
BPCL,8/31/2017,640.0,640.0,627.0,640.0,0.0,2108.0,819.0,612.0
BPCL,9/4/2017,640.0,630.0,624.0,625.0,-2.34,1871.0,819.0,612.0
BPCL,9/6/2017,625.0,630.0,625.0,630.0,0.8,657.0,819.0,612.0
BPCL,9/7/2017,630.0,640.0,632.0,634.0,0.63,533.0,819.0,612.0
BPCL,9/10/2017,634.0,625.0,611.0,616.0,-2.84,1509.0,819.0,612.0
BPCL,9/11/2017,616.0,620.0,616.0,616.0,0.0,1796.0,819.0,612.0
BPCL,9/12/2017,616.0,616.0,607.0,607.0,-1.46,3660.0,819.0,612.0
BPCL,9/13/2017,607.0,618.0,605.0,618.0,1.81,3477.0,819.0,612.0
BPCL,9/14/2017,618.0,632.0,614.0,619.0,0.16,3145.0,819.0,612.0
BPCL,9/17/2017,619.0,637.0,625.0,625.0,0.97,788.0,819.0,612.0
BPCL,9/18/2017,625.0,623.0,619.0,619.0,-0.96,1042.0,819.0,612.0
BPCL,9/20/2017,619.0,620.0,616.0,620.0,0.16,1155.0,819.0,612.0
BPCL,9/24/2017,620.0,612.0,610.0,612.0,-1.29,371.0,819.0,612.0
BPCL,9/25/2017,612.0,624.0,624.0,624.0,1.96,50.0,819.0,612.0
BPCL,9/26/2017,624.0,624.0,620.0,620.0,-0.64,595.0,819.0,612.0
BPCL,10/3/2017,620.0,635.0,632.0,635.0,2.42,110.0,819.0,612.0
BPCL,10/4/2017,635.0,646.0,637.0,640.0,0.79,2470.0,819.0,612.0
BPCL,10/8/2017,640.0,628.0,611.0,615.0,-3.91,660.0,819.0,612.0
BPCL,10/9/2017,615.0,629.0,608.0,628.0,2.11,4418.0,819.0,612.0
BPCL,10/10/2017,628.0,616.0,609.0,611.0,-2.71,907.0,819.0,612.0
BPCL,10/11/2017,611.0,615.0,610.0,610.0,-0.16,1715.0,819.0,612.0
BPCL,10/15/2017,610.0,615.0,600.0,615.0,0.82,1425.0,819.0,612.0
BPCL,10/16/2017,615.0,646.0,617.0,646.0,5.04,40696.0,819.0,612.0
BPCL,10/17/2017,646.0,657.0,617.0,642.0,-0.62,38258.0,819.0,612.0
BPCL,10/18/2017,642.0,642.0,635.0,642.0,0.0,800.0,819.0,612.0
BPCL,10/22/2017,642.0,645.0,620.0,644.0,0.31,38450.0,819.0,612.0
BPCL,10/23/2017,644.0,650.0,636.0,645.0,0.16,22420.0,819.0,612.0
BPCL,10/24/2017,645.0,645.0,618.0,640.0,-0.78,42624.0,819.0,612.0
BPCL,10/25/2017,640.0,640.0,628.0,633.0,-1.09,3330.0,819.0,612.0
BPCL,10/29/2017,633.0,629.0,620.0,621.0,-1.9,28965.0,819.0,612.0
BPCL,10/30/2017,621.0,630.0,612.0,628.0,1.13,30750.0,819.0,612.0
BPCL,10/31/2017,628.0,625.0,615.0,615.0,-2.07,2120.0,819.0,612.0
BPCL,11/1/2017,615.0,628.0,612.0,613.0,-0.33,10266.0,819.0,612.0
BPCL,11/2/2017,613.0,625.0,613.0,617.0,0.65,841.0,819.0,612.0
BPCL,11/5/2017,617.0,608.0,605.0,605.0,-1.94,743.0,819.0,612.0
BPCL,11/6/2017,605.0,618.0,594.0,605.0,0.0,2890.0,819.0,612.0
BPCL,11/7/2017,605.0,617.0,605.0,605.0,0.0,4677.0,819.0,612.0
BPCL,11/8/2017,605.0,617.0,594.0,605.0,0.0,902.0,819.0,612.0
BPCL,11/9/2017,605.0,616.0,605.0,610.0,0.83,1680.0,819.0,612.0
BPCL,11/12/2017,610.0,625.0,610.0,625.0,2.46,210.0,819.0,612.0
BPCL,11/13/2017,625.0,625.0,613.0,620.0,-0.8,21126.0,819.0,612.0
BPCL,11/14/2017,620.0,640.0,612.0,633.0,2.1,23834.0,819.0,612.0
BPCL,11/15/2017,633.0,635.0,628.0,630.0,-0.47,2258.0,819.0,612.0
BPCL,11/16/2017,630.0,619.0,617.0,619.0,-1.75,5600.0,819.0,612.0
BPCL,11/19/2017,619.0,631.0,609.0,615.0,-0.65,2809.0,819.0,612.0
BPCL,11/20/2017,615.0,615.0,610.0,615.0,0.0,650.0,819.0,612.0
BPCL,11/21/2017,615.0,627.0,615.0,615.0,0.0,434.0,819.0,612.0
BPCL,11/22/2017,615.0,639.0,615.0,628.0,2.11,20382.0,819.0,612.0
BPCL,11/23/2017,628.0,658.0,630.0,650.0,3.5,44041.0,819.0,612.0
BPCL,11/26/2017,650.0,685.0,660.0,679.0,4.46,32945.0,819.0,612.0
BPCL,11/27/2017,679.0,692.0,665.0,681.0,0.29,54675.0,819.0,612.0
BPCL,11/28/2017,681.0,717.0,670.0,704.0,3.38,57222.0,819.0,612.0
BPCL,11/29/2017,704.0,732.0,706.0,718.0,1.99,97076.0,819.0,612.0
BPCL,11/30/2017,718.0,741.0,702.0,729.0,1.53,64779.0,819.0,612.0
BPCL,12/4/2017,729.0,735.0,718.0,725.0,-0.55,41690.0,819.0,612.0
BPCL,12/5/2017,725.0,783.0,732.0,740.0,2.07,134904.0,819.0,612.0
BPCL,12/6/2017,740.0,750.0,735.0,739.0,-0.14,28405.0,819.0,612.0
BPCL,12/10/2017,739.0,770.0,740.0,746.0,0.95,71405.0,819.0,612.0
BPCL,12/11/2017,746.0,748.0,733.0,745.0,-0.13,23786.0,819.0,612.0
BPCL,12/12/2017,745.0,740.0,730.0,735.0,-1.34,33355.0,819.0,612.0
BPCL,12/13/2017,735.0,745.0,731.0,742.0,0.95,15965.0,819.0,612.0
BPCL,12/14/2017,742.0,754.0,723.0,735.0,-0.94,24412.0,819.0,612.0
BPCL,12/17/2017,735.0,735.0,721.0,721.0,-1.9,17568.0,819.0,612.0
BPCL,12/18/2017,721.0,729.0,717.0,725.0,0.55,19022.0,819.0,612.0
BPCL,12/19/2017,725.0,721.0,715.0,719.0,-0.83,11670.0,819.0,612.0
BPCL,12/20/2017,719.0,724.0,701.0,706.0,-1.81,8920.0,819.0,612.0
BPCL,12/21/2017,706.0,720.0,696.0,702.0,-0.57,7862.0,819.0,612.0
BPCL,12/24/2017,702.0,714.0,698.0,700.0,-0.28,9293.0,819.0,612.0
BPCL,12/26/2017,700.0,703.0,682.0,685.0,-2.14,17642.0,819.0,612.0
BPCL,12/27/2017,685.0,698.0,670.0,672.0,-1.9,18606.0,819.0,612.0
BPCL,12/28/2017,672.0,685.0,665.0,671.0,-0.15,13493.0,819.0,612.0
BPCL,12/31/2017,671.0,684.0,664.0,675.0,0.6,12808.0,819.0,612.0
BPCL,1/1/2018,675.0,693.0,675.0,691.0,2.37,16391.0,819.0,612.0
BPCL,1/2/2018,691.0,694.0,685.0,685.0,-0.87,8147.0,819.0,612.0
BPCL,1/3/2018,685.0,687.0,676.0,677.0,-1.17,4950.0,819.0,612.0
BPCL,1/4/2018,677.0,690.0,680.0,680.0,0.44,70.0,819.0,612.0
BPCL,1/7/2018,680.0,692.0,680.0,680.0,0.0,3574.0,819.0,612.0
BPCL,1/8/2018,680.0,690.0,668.0,668.0,-1.76,14682.0,819.0,612.0
BPCL,1/9/2018,668.0,690.0,667.0,670.0,0.3,24774.0,819.0,612.0
BPCL,1/10/2018,670.0,680.0,667.0,677.0,1.04,5221.0,819.0,612.0
BPCL,1/14/2018,677.0,711.0,660.0,711.0,5.02,15698.0,819.0,612.0
BPCL,1/16/2018,711.0,697.0,659.0,660.0,-7.17,5962.0,819.0,612.0
BPCL,1/17/2018,660.0,665.0,648.0,665.0,0.76,13149.0,819.0,612.0
BPCL,1/21/2018,665.0,672.0,651.0,651.0,-2.11,10515.0,819.0,612.0
BPCL,1/22/2018,651.0,664.0,644.0,654.0,0.46,5600.0,819.0,612.0
BPCL,1/23/2018,654.0,646.0,630.0,640.0,-2.14,30490.0,819.0,612.0
BPCL,1/24/2018,640.0,640.0,630.0,635.0,-0.78,18709.0,819.0,612.0
BPCL,1/25/2018,635.0,636.0,629.0,636.0,0.16,5719.0,819.0,612.0
BPCL,1/28/2018,636.0,648.0,628.0,628.0,-1.26,4091.0,819.0,612.0
BPCL,1/29/2018,628.0,635.0,626.0,633.0,0.8,6939.0,819.0,612.0
BPCL,1/31/2018,633.0,625.0,604.0,617.0,-2.53,39540.0,819.0,612.0
BPCL,2/1/2018,617.0,632.0,604.0,611.0,-0.97,24376.0,819.0,612.0
BPCL,2/4/2018,611.0,616.0,575.0,580.0,-5.07,28989.0,819.0,612.0
BPCL,2/5/2018,580.0,591.0,553.0,558.0,-3.79,18707.0,819.0,612.0
BPCL,2/6/2018,558.0,567.0,548.0,557.0,-0.18,11101.0,819.0,612.0
BPCL,2/7/2018,557.0,565.0,544.0,558.0,0.18,2625.0,819.0,612.0
BPCL,2/8/2018,558.0,552.0,540.0,549.0,-1.61,2843.0,819.0,612.0
BPCL,2/11/2018,549.0,566.0,551.0,551.0,0.36,4680.0,819.0,612.0
BPCL,2/12/2018,551.0,563.0,550.0,563.0,2.18,3108.0,819.0,612.0
BPCL,2/14/2018,563.0,570.0,550.0,559.0,-0.71,3377.0,819.0,612.0
BPCL,2/15/2018,559.0,569.0,556.0,568.0,1.61,7473.0,819.0,612.0
BPCL,2/18/2018,575.0,575.0,557.0,557.0,-1.94,1970.0,819.0,612.0
BPCL,2/20/2018,551.0,551.0,539.0,540.0,-3.05,4906.0,819.0,612.0
BPCL,2/21/2018,550.0,559.0,535.0,545.0,0.93,3770.0,819.0,612.0
BPCL,2/22/2018,535.0,550.0,535.0,545.0,0.0,2575.0,819.0,612.0
BPCL,2/25/2018,555.0,555.0,532.0,542.0,-0.55,1040.0,819.0,612.0
BPCL,2/26/2018,552.0,552.0,524.0,534.0,-1.48,5160.0,819.0,612.0
BPCL,2/27/2018,536.0,540.0,517.0,530.0,-0.75,13789.0,819.0,612.0
BPCL,2/28/2018,540.0,540.0,512.0,518.0,-2.26,3820.0,819.0,612.0
BPCL,3/4/2018,518.0,528.0,498.0,507.0,-2.12,1674.0,819.0,612.0
BPCL,3/5/2018,517.0,517.0,491.0,497.0,-1.97,8835.0,819.0,612.0
BPCL,3/6/2018,506.0,506.0,486.0,494.0,-0.6,4489.0,819.0,612.0
BPCL,3/7/2018,503.0,513.0,493.0,500.0,1.21,5610.0,819.0,612.0
BPCL,3/11/2018,501.0,501.0,485.0,485.0,-3.0,3050.0,819.0,612.0
BPCL,3/12/2018,494.0,494.0,481.0,481.0,-0.82,4562.0,819.0,612.0
BPCL,3/13/2018,480.0,490.0,476.0,490.0,1.87,400.0,819.0,612.0
BPCL,3/14/2018,499.0,508.0,487.0,489.0,-0.2,1540.0,819.0,612.0
BPCL,3/15/2018,498.0,498.0,489.0,490.0,0.2,180.0,819.0,612.0
BPCL,3/18/2018,490.0,490.0,483.0,483.0,-1.43,7580.0,819.0,612.0
BPCL,3/19/2018,488.0,488.0,480.0,483.0,0.0,2706.0,819.0,612.0
BPCL,3/20/2018,492.0,490.0,471.0,484.0,0.21,8048.0,819.0,612.0
BPCL,3/21/2018,491.0,491.0,470.0,482.0,-0.41,2271.0,819.0,612.0
BPCL,3/22/2018,491.0,497.0,464.0,464.0,-3.73,9957.0,819.0,612.0
BPCL,3/26/2018,455.0,464.0,420.0,436.0,-6.03,8421.0,819.0,612.0
BPCL,3/27/2018,428.0,468.0,421.0,468.0,7.34,5142.0,819.0,612.0
BPCL,3/28/2018,460.0,477.0,442.0,457.0,-2.35,5670.0,819.0,612.0
BPCL,3/29/2018,466.0,475.0,452.0,470.0,2.84,6908.0,819.0,612.0
BPCL,4/1/2018,461.0,467.0,445.0,459.0,-2.34,8314.0,819.0,612.0
BPCL,4/2/2018,455.0,462.0,450.0,451.0,-1.74,11334.0,819.0,612.0
BPCL,4/3/2018,460.0,469.0,451.0,469.0,3.99,3028.0,819.0,612.0
BPCL,4/4/2018,478.0,483.0,469.0,471.0,0.43,2382.0,819.0,612.0
BPCL,4/5/2018,480.0,500.0,480.0,488.0,3.61,21594.0,819.0,612.0
BPCL,4/8/2018,497.0,515.0,482.0,500.0,2.46,12817.0,819.0,612.0
BPCL,4/9/2018,510.0,510.0,462.0,470.0,-6.0,51497.0,819.0,612.0
BPCL,4/10/2018,475.0,475.0,445.0,461.0,-1.91,29800.0,819.0,612.0
BPCL,4/11/2018,455.0,465.0,453.0,462.0,0.22,10222.0,819.0,612.0
BPCL,4/12/2018,462.0,463.0,455.0,456.0,-1.3,8222.0,819.0,612.0
BPCL,4/15/2018,465.0,465.0,447.0,455.0,-0.22,4418.0,819.0,612.0
BPCL,4/16/2018,464.0,473.0,455.0,460.0,1.1,8321.0,819.0,612.0
BPCL,4/17/2018,468.0,483.0,463.0,469.0,1.96,10023.0,819.0,612.0
BPCL,4/18/2018,478.0,502.0,460.0,476.0,1.49,15163.0,819.0,612.0
BPCL,4/19/2018,485.0,490.0,473.0,485.0,1.89,8075.0,819.0,612.0
BPCL,4/22/2018,493.0,515.0,485.0,515.0,6.19,25320.0,819.0,612.0
BPCL,4/23/2018,524.0,524.0,488.0,495.0,-3.88,19712.0,819.0,612.0
BPCL,4/24/2018,500.0,498.0,486.0,487.0,-1.62,7482.0,819.0,612.0
BPCL,4/25/2018,486.0,490.0,485.0,485.0,-0.41,3009.0,819.0,612.0
BPCL,4/26/2018,492.0,492.0,467.0,480.0,-1.03,7128.0,819.0,612.0
BPCL,4/29/2018,472.0,491.0,471.0,491.0,2.29,3581.0,819.0,612.0
BPCL,5/2/2018,482.0,510.0,480.0,510.0,3.87,11939.0,819.0,612.0
BPCL,5/3/2018,520.0,520.0,501.0,504.0,-1.18,21390.0,819.0,612.0
BPCL,5/6/2018,495.0,500.0,487.0,492.0,-2.38,38378.0,819.0,612.0
BPCL,5/7/2018,501.0,510.0,490.0,504.0,2.44,129999.0,819.0,612.0
BPCL,5/8/2018,507.0,507.0,500.0,504.0,0.0,26013.0,819.0,612.0
BPCL,5/9/2018,502.0,504.0,501.0,502.0,-0.4,32277.0,819.0,612.0
BPCL,5/10/2018,492.0,500.0,484.0,485.0,-3.39,27610.0,819.0,612.0
BPCL,5/14/2018,485.0,490.0,479.0,481.0,-0.82,24752.0,819.0,612.0
BPCL,5/15/2018,483.0,488.0,478.0,479.0,-0.42,7094.0,819.0,612.0
BPCL,5/16/2018,471.0,483.0,471.0,483.0,0.84,3820.0,819.0,612.0
BPCL,5/17/2018,486.0,486.0,479.0,479.0,-0.83,5276.0,819.0,612.0
BPCL,5/20/2018,480.0,484.0,474.0,474.0,-1.04,5333.0,819.0,612.0
BPCL,5/21/2018,476.0,480.0,471.0,479.0,1.05,3500.0,819.0,612.0
BPCL,5/22/2018,472.0,481.0,472.0,480.0,0.21,12205.0,819.0,612.0
BPCL,5/23/2018,478.0,479.0,474.0,475.0,-1.04,6821.0,819.0,612.0
BPCL,5/24/2018,480.0,480.0,471.0,471.0,-0.84,3654.0,819.0,612.0
BPCL,5/27/2018,470.0,471.0,464.0,467.0,-0.85,6111.0,819.0,612.0
BPCL,5/28/2018,467.0,480.0,460.0,470.0,0.64,12320.0,819.0,612.0
BPCL,5/29/2018,472.0,478.0,465.0,465.0,-1.06,7584.0,819.0,612.0
BPCL,5/30/2018,465.0,475.0,462.0,468.0,0.65,9060.0,819.0,612.0
BPCL,5/31/2018,461.0,470.0,461.0,465.0,-0.64,3159.0,819.0,612.0
BPCL,6/3/2018,460.0,465.0,452.0,453.0,-2.58,7670.0,819.0,612.0
BPCL,6/4/2018,451.0,459.0,447.0,452.0,-0.22,5264.0,819.0,612.0
BPCL,6/6/2018,453.0,462.0,453.0,459.0,1.55,1235.0,819.0,612.0
BPCL,6/7/2018,459.0,459.0,446.0,450.0,-1.96,7944.0,819.0,612.0
BPCL,6/10/2018,445.0,446.0,441.0,446.0,-0.89,8434.0,819.0,612.0
BPCL,6/11/2018,438.0,454.0,435.0,443.0,-0.67,7901.0,819.0,612.0
BPCL,6/12/2018,444.0,446.0,440.0,443.0,0.0,5407.0,819.0,612.0
BPCL,6/13/2018,449.0,449.0,441.0,441.0,-0.45,3650.0,819.0,612.0
BPCL,6/14/2018,444.0,456.0,440.0,450.0,2.04,6961.0,819.0,612.0
BPCL,6/17/2018,450.0,453.0,440.0,441.0,-2.0,5990.0,819.0,612.0
BPCL,6/18/2018,434.0,444.0,434.0,442.0,0.23,1450.0,819.0,612.0
BPCL,6/19/2018,435.0,450.0,435.0,443.0,0.23,3815.0,819.0,612.0
BPCL,6/20/2018,437.0,445.0,437.0,443.0,0.0,3582.0,819.0,612.0
BPCL,6/21/2018,450.0,459.0,442.0,444.0,0.23,4718.0,819.0,612.0
BPCL,6/24/2018,437.0,452.0,437.0,449.0,1.13,2930.0,819.0,612.0
BPCL,6/25/2018,449.0,450.0,440.0,440.0,-2.0,4665.0,819.0,612.0
BPCL,6/26/2018,440.0,446.0,433.0,439.0,-0.23,8864.0,819.0,612.0
BPCL,6/27/2018,434.0,444.0,434.0,439.0,0.0,12322.0,819.0,612.0
BPCL,6/28/2018,440.0,445.0,438.0,440.0,0.23,2400.0,819.0,612.0
BPCL,7/1/2018,440.0,442.0,434.0,441.0,0.23,8573.0,819.0,612.0
BPCL,7/2/2018,439.0,440.0,431.0,436.0,-1.13,2311.0,819.0,612.0
BPCL,7/3/2018,436.0,440.0,434.0,435.0,-0.23,5915.0,819.0,612.0
BPCL,7/4/2018,434.0,440.0,430.0,435.0,0.0,8700.0,819.0,612.0
BPCL,7/5/2018,443.0,456.0,436.0,450.0,3.45,6650.0,819.0,612.0
BPCL,7/8/2018,446.0,455.0,440.0,447.0,-0.67,8332.0,819.0,612.0
BPCL,7/9/2018,447.0,448.0,439.0,439.0,-1.79,3790.0,819.0,612.0
BPCL,7/10/2018,440.0,444.0,439.0,444.0,1.14,6527.0,819.0,612.0
BPCL,7/11/2018,445.0,446.0,437.0,441.0,-0.68,3877.0,819.0,612.0
BPCL,7/12/2018,448.0,448.0,436.0,438.0,-0.68,7270.0,819.0,612.0
BPCL,7/15/2018,438.0,440.0,435.0,438.0,0.0,3909.0,819.0,612.0
BPCL,7/16/2018,431.0,461.0,431.0,457.0,4.34,15117.0,819.0,612.0
BPCL,7/17/2018,448.0,448.0,442.0,442.0,-3.28,800.0,819.0,612.0
BPCL,7/18/2018,442.0,442.0,437.0,440.0,-0.45,2415.0,819.0,612.0
BPCL,7/19/2018,440.0,442.0,436.0,442.0,0.45,4328.0,819.0,612.0
BPCL,7/22/2018,450.0,450.0,435.0,435.0,-1.58,3490.0,819.0,612.0
BPCL,7/23/2018,435.0,445.0,433.0,437.0,0.46,770.0,819.0,612.0
BPCL,7/24/2018,431.0,445.0,431.0,440.0,0.69,2305.0,819.0,612.0
BPCL,7/25/2018,433.0,442.0,433.0,440.0,0.0,2076.0,819.0,612.0
BPCL,7/26/2018,433.0,446.0,433.0,437.0,-0.68,3230.0,819.0,612.0
BPCL,7/29/2018,432.0,440.0,432.0,435.0,-0.46,5700.0,819.0,612.0
BPCL,7/30/2018,431.0,440.0,431.0,436.0,0.23,1840.0,819.0,612.0
BPCL,7/31/2018,444.0,444.0,432.0,438.0,0.46,4856.0,819.0,612.0
BPCL,8/1/2018,444.0,444.0,436.0,437.0,-0.23,890.0,819.0,612.0
BPCL,8/2/2018,436.0,442.0,436.0,440.0,0.69,2079.0,819.0,612.0
BPCL,8/5/2018,439.0,442.0,439.0,440.0,0.0,2079.0,819.0,612.0
BPCL,8/6/2018,447.0,447.0,439.0,441.0,0.23,1320.0,819.0,612.0
BPCL,8/7/2018,441.0,446.0,439.0,441.0,0.0,4050.0,819.0,612.0
BPCL,8/8/2018,433.0,443.0,433.0,443.0,0.45,1920.0,819.0,612.0
BPCL,8/9/2018,444.0,446.0,436.0,440.0,-0.68,3560.0,819.0,612.0
BPCL,8/12/2018,439.0,439.0,433.0,438.0,-0.45,1420.0,819.0,612.0
BPCL,8/13/2018,431.0,440.0,431.0,437.0,-0.23,1390.0,819.0,612.0
BPCL,8/14/2018,440.0,440.0,434.0,438.0,0.23,1220.0,819.0,612.0
BPCL,8/15/2018,439.0,449.0,433.0,449.0,2.51,7030.0,819.0,612.0
BPCL,8/16/2018,449.0,452.0,438.0,446.0,-0.67,13068.0,819.0,612.0
BPCL,8/19/2018,450.0,450.0,439.0,439.0,-1.57,1370.0,819.0,612.0
BPCL,8/20/2018,438.0,438.0,434.0,436.0,-0.68,2390.0,819.0,612.0
BPCL,8/21/2018,436.0,437.0,433.0,433.0,-0.69,1660.0,819.0,612.0
BPCL,8/22/2018,429.0,438.0,429.0,434.0,0.23,900.0,819.0,612.0
BPCL,8/23/2018,440.0,440.0,433.0,434.0,0.0,1464.0,819.0,612.0
BPCL,8/26/2018,429.0,437.0,429.0,431.0,-0.69,1070.0,819.0,612.0
BPCL,8/28/2018,430.0,439.0,430.0,433.0,0.46,1992.0,819.0,612.0
BPCL,8/29/2018,430.0,434.0,430.0,432.0,-0.23,4477.0,819.0,612.0
BPCL,8/30/2018,440.0,440.0,430.0,434.0,0.46,1845.0,819.0,612.0
BPCL,9/2/2018,431.0,438.0,431.0,437.0,0.69,1002.0,819.0,612.0
BPCL,9/3/2018,433.0,442.0,433.0,442.0,1.14,5003.0,819.0,612.0
BPCL,9/4/2018,436.0,444.0,436.0,440.0,-0.45,3707.0,819.0,612.0
BPCL,9/5/2018,441.0,454.0,440.0,450.0,2.27,3020.0,819.0,612.0
BPCL,9/6/2018,450.0,450.0,443.0,443.0,-1.56,5277.0,819.0,612.0
BPCL,9/9/2018,439.0,456.0,439.0,453.0,2.26,6562.0,819.0,612.0
BPCL,9/10/2018,445.0,453.0,445.0,452.0,-0.22,2642.0,819.0,612.0
BPCL,9/11/2018,450.0,453.0,447.0,453.0,0.22,410.0,819.0,612.0
BPCL,9/12/2018,445.0,450.0,445.0,450.0,-0.66,3730.0,819.0,612.0
BPCL,9/13/2018,445.0,464.0,445.0,464.0,3.11,9664.0,819.0,612.0
BPCL,9/16/2018,455.0,470.0,451.0,462.0,-0.43,11720.0,819.0,612.0
BPCL,9/17/2018,464.0,465.0,455.0,457.0,-1.08,7574.0,819.0,612.0
BPCL,9/18/2018,458.0,471.0,454.0,464.0,1.53,6908.0,819.0,612.0
BPCL,9/20/2018,465.0,482.0,464.0,475.0,2.37,17024.0,819.0,612.0
BPCL,9/23/2018,466.0,488.0,466.0,488.0,2.74,22369.0,819.0,612.0
BPCL,9/25/2018,496.0,496.0,482.0,491.0,0.61,28855.0,819.0,612.0
BPCL,9/26/2018,491.0,491.0,480.0,483.0,-1.63,27309.0,819.0,612.0
BPCL,9/27/2018,492.0,490.0,471.0,480.0,-0.62,9495.0,819.0,612.0
BPCL,9/30/2018,472.0,478.0,468.0,478.0,-0.42,4940.0,819.0,612.0
BPCL,10/1/2018,475.0,477.0,470.0,475.0,-0.63,18319.0,819.0,612.0
BPCL,10/2/2018,466.0,479.0,466.0,475.0,0.0,15243.0,819.0,612.0
BPCL,10/3/2018,474.0,478.0,467.0,467.0,-1.68,2350.0,819.0,612.0
BPCL,10/4/2018,465.0,470.0,463.0,470.0,0.64,12388.0,819.0,612.0
BPCL,10/7/2018,465.0,475.0,465.0,472.0,0.43,15150.0,819.0,612.0
BPCL,10/8/2018,472.0,489.0,466.0,479.0,1.48,3180.0,819.0,612.0
BPCL,10/9/2018,480.0,486.0,469.0,474.0,-1.04,7730.0,819.0,612.0
BPCL,10/10/2018,467.0,475.0,467.0,475.0,0.21,2110.0,819.0,612.0
BPCL,10/11/2018,470.0,474.0,467.0,473.0,-0.42,7381.0,819.0,612.0
BPCL,10/14/2018,475.0,482.0,469.0,480.0,1.48,2180.0,819.0,612.0
BPCL,10/15/2018,471.0,477.0,467.0,477.0,-0.62,1572.0,819.0,612.0
BPCL,10/21/2018,468.0,480.0,468.0,480.0,0.63,220.0,819.0,612.0
BPCL,10/22/2018,471.0,475.0,466.0,475.0,-1.04,2170.0,819.0,612.0
BPCL,10/23/2018,484.0,484.0,467.0,468.0,-1.47,1904.0,819.0,612.0
BPCL,10/24/2018,470.0,471.0,464.0,468.0,0.0,6730.0,819.0,612.0
BPCL,10/25/2018,460.0,470.0,460.0,470.0,0.43,17614.0,819.0,612.0
BPCL,10/28/2018,470.0,473.0,461.0,473.0,0.64,19142.0,819.0,612.0
BPCL,10/29/2018,473.0,473.0,464.0,468.0,-1.06,6023.0,819.0,612.0
BPCL,10/30/2018,468.0,475.0,460.0,465.0,-0.64,6057.0,819.0,612.0
BPCL,10/31/2018,463.0,465.0,461.0,463.0,-0.43,2442.0,819.0,612.0
BPCL,11/1/2018,472.0,472.0,462.0,470.0,1.51,1675.0,819.0,612.0
BPCL,11/4/2018,461.0,470.0,461.0,470.0,0.0,13929.0,819.0,612.0
BPCL,11/5/2018,462.0,469.0,460.0,469.0,-0.21,5031.0,819.0,612.0
BPCL,11/6/2018,469.0,475.0,470.0,470.0,0.21,40.0,819.0,612.0
BPCL,11/11/2018,470.0,470.0,457.0,468.0,-0.43,640.0,819.0,612.0
BPCL,11/12/2018,477.0,477.0,457.0,462.0,-1.28,1991.0,819.0,612.0
BPCL,11/13/2018,458.0,465.0,455.0,461.0,-0.22,1119.0,819.0,612.0
BPCL,11/14/2018,469.0,469.0,459.0,460.0,-0.22,917.0,819.0,612.0
BPCL,11/15/2018,460.0,460.0,458.0,458.0,-0.43,1828.0,819.0,612.0
BPCL,11/18/2018,460.0,460.0,455.0,455.0,-0.66,2027.0,819.0,612.0
BPCL,11/19/2018,450.0,456.0,450.0,452.0,-0.66,1628.0,819.0,612.0
BPCL,11/20/2018,454.0,454.0,443.0,444.0,-1.77,3087.0,819.0,612.0
BPCL,11/21/2018,437.0,450.0,437.0,450.0,1.35,1876.0,819.0,612.0
BPCL,11/22/2018,445.0,469.0,442.0,469.0,4.22,660.0,819.0,612.0
BPCL,11/25/2018,460.0,460.0,445.0,447.0,-4.69,920.0,819.0,612.0
BPCL,11/26/2018,442.0,445.0,442.0,444.0,-0.67,1460.0,819.0,612.0
BPCL,11/27/2018,445.0,449.0,440.0,441.0,-0.68,1760.0,819.0,612.0
BPCL,11/28/2018,440.0,448.0,436.0,437.0,-0.91,2011.0,819.0,612.0
BPCL,11/29/2018,434.0,437.0,434.0,437.0,0.0,1579.0,819.0,612.0
BPCL,12/2/2018,431.0,442.0,431.0,442.0,1.14,3450.0,819.0,612.0
BPCL,12/3/2018,434.0,448.0,427.0,434.0,-1.81,17639.0,819.0,612.0
BPCL,12/4/2018,428.0,435.0,428.0,434.0,0.0,735.0,819.0,612.0
BPCL,12/5/2018,439.0,439.0,425.0,426.0,-1.84,1010.0,819.0,612.0
BPCL,12/6/2018,434.0,434.0,415.0,429.0,0.7,3660.0,819.0,612.0
BPCL,12/9/2018,437.0,440.0,430.0,437.0,1.86,11748.0,819.0,612.0
BPCL,12/10/2018,440.0,447.0,437.0,438.0,0.23,4890.0,819.0,612.0
BPCL,12/11/2018,440.0,440.0,432.0,436.0,-0.46,4871.0,819.0,612.0
BPCL,12/12/2018,440.0,440.0,429.0,431.0,-1.15,2690.0,819.0,612.0
BPCL,12/13/2018,439.0,440.0,431.0,438.0,1.62,3622.0,819.0,612.0
BPCL,12/16/2018,446.0,446.0,437.0,438.0,0.0,3431.0,819.0,612.0
BPCL,12/17/2018,436.0,445.0,435.0,440.0,0.46,4532.0,819.0,612.0
BPCL,12/18/2018,446.0,452.0,426.0,432.0,-1.82,3955.0,819.0,612.0
BPCL,12/19/2018,432.0,440.0,425.0,438.0,1.39,1630.0,819.0,612.0
BPCL,12/20/2018,446.0,454.0,438.0,439.0,0.23,16500.0,819.0,612.0
BPCL,12/23/2018,399.0,405.0,388.0,394.0,-10.25,5541.0,819.0,612.0
BPCL,12/24/2018,394.0,399.0,385.0,389.0,-1.27,4544.0,819.0,612.0
BPCL,12/25/2018,390.0,390.0,377.0,378.0,-2.83,3560.0,819.0,612.0
BPCL,12/26/2018,375.0,385.0,372.0,382.0,1.06,4753.0,819.0,612.0
BPCL,12/27/2018,387.0,387.0,375.0,375.0,-1.83,6523.0,819.0,612.0
BPCL,12/30/2018,375.0,377.0,373.0,377.0,0.53,4055.0,819.0,612.0
BPCL,12/31/2018,378.0,381.0,373.0,380.0,0.8,1320.0,819.0,612.0
BPCL,1/1/2019,375.0,382.0,375.0,375.0,-1.32,1927.0,819.0,612.0
BPCL,1/2/2019,376.0,380.0,373.0,375.0,0.0,2693.0,819.0,612.0
BPCL,1/3/2019,370.0,375.0,370.0,373.0,-0.53,800.0,819.0,612.0
BPCL,1/6/2019,370.0,374.0,370.0,374.0,0.27,590.0,819.0,612.0
BPCL,1/7/2019,371.0,372.0,369.0,370.0,-1.07,2343.0,819.0,612.0
BPCL,1/8/2019,370.0,373.0,370.0,370.0,0.0,1880.0,819.0,612.0
BPCL,1/9/2019,376.0,376.0,366.0,370.0,0.0,918.0,819.0,612.0
BPCL,1/10/2019,366.0,370.0,366.0,369.0,-0.27,6430.0,819.0,612.0
BPCL,1/13/2019,370.0,373.0,369.0,371.0,0.54,960.0,819.0,612.0
BPCL,1/14/2019,370.0,375.0,365.0,375.0,1.08,1740.0,819.0,612.0
BPCL,1/15/2019,370.0,393.0,370.0,393.0,4.8,1547.0,819.0,612.0
BPCL,1/16/2019,398.0,398.0,372.0,375.0,-4.58,3426.0,819.0,612.0
BPCL,1/17/2019,375.0,378.0,370.0,378.0,0.8,1831.0,819.0,612.0
BPCL,1/20/2019,371.0,371.0,369.0,370.0,-2.12,1110.0,819.0,612.0
BPCL,1/21/2019,368.0,371.0,368.0,368.0,-0.54,2046.0,819.0,612.0
BPCL,1/22/2019,364.0,368.0,364.0,366.0,-0.54,3795.0,819.0,612.0
BPCL,1/23/2019,365.0,368.0,363.0,368.0,0.55,1315.0,819.0,612.0
BPCL,1/24/2019,370.0,370.0,367.0,368.0,0.0,1297.0,819.0,612.0
BPCL,1/27/2019,363.0,367.0,363.0,364.0,-1.09,1447.0,819.0,612.0
BPCL,1/28/2019,362.0,368.0,362.0,363.0,-0.27,2422.0,819.0,612.0
BPCL,1/29/2019,363.0,364.0,361.0,362.0,-0.28,1700.0,819.0,612.0
BPCL,1/30/2019,368.0,368.0,359.0,362.0,0.0,7639.0,819.0,612.0
BPCL,1/31/2019,363.0,363.0,360.0,360.0,-0.55,4384.0,819.0,612.0
BPCL,2/3/2019,358.0,359.0,356.0,356.0,-1.11,2935.0,819.0,612.0
BPCL,2/4/2019,353.0,354.0,349.0,350.0,-1.69,2905.0,819.0,612.0
BPCL,2/5/2019,345.0,370.0,345.0,370.0,5.71,1160.0,819.0,612.0
BPCL,2/6/2019,365.0,365.0,349.0,359.0,-2.97,2068.0,819.0,612.0
BPCL,2/7/2019,354.0,354.0,350.0,350.0,-2.51,2326.0,819.0,612.0
BPCL,2/10/2019,357.0,357.0,344.0,344.0,-1.71,2780.0,819.0,612.0
BPCL,2/11/2019,344.0,348.0,343.0,344.0,0.0,840.0,819.0,612.0
BPCL,2/12/2019,377.0,377.0,349.0,355.0,3.2,1680.0,819.0,612.0
BPCL,2/13/2019,350.0,355.0,349.0,349.0,-1.69,4167.0,819.0,612.0
BPCL,2/14/2019,343.0,348.0,343.0,348.0,-0.29,5028.0,819.0,612.0
BPCL,2/17/2019,348.0,350.0,343.0,343.0,-1.44,1690.0,819.0,612.0
BPCL,2/18/2019,339.0,344.0,339.0,340.0,-0.87,3151.0,819.0,612.0
BPCL,2/19/2019,338.0,350.0,338.0,350.0,2.94,820.0,819.0,612.0
BPCL,2/20/2019,345.0,347.0,345.0,345.0,-1.43,375.0,819.0,612.0
BPCL,2/21/2019,345.0,346.0,342.0,345.0,0.0,816.0,819.0,612.0
BPCL,2/24/2019,345.0,350.0,345.0,347.0,0.58,819.0,819.0,612.0
BPCL,2/25/2019,347.0,347.0,345.0,346.0,-0.29,1419.0,819.0,612.0
BPCL,2/26/2019,344.0,344.0,336.0,340.0,-1.73,10693.0,819.0,612.0
BPCL,2/27/2019,342.0,344.0,335.0,338.0,-0.59,8306.0,819.0,612.0
BPCL,3/3/2019,338.0,338.0,332.0,336.0,-0.59,2672.0,819.0,612.0
BPCL,3/5/2019,340.0,346.0,338.0,340.0,1.19,1252.0,819.0,612.0
BPCL,3/6/2019,340.0,342.0,337.0,342.0,0.59,2470.0,819.0,612.0
BPCL,3/7/2019,342.0,350.0,342.0,350.0,2.34,2020.0,819.0,612.0
BPCL,3/10/2019,346.0,346.0,345.0,345.0,-1.43,230.0,819.0,612.0
BPCL,3/11/2019,346.0,360.0,345.0,360.0,4.35,3530.0,819.0,612.0
BPCL,3/12/2019,367.0,374.0,361.0,370.0,2.78,16360.0,819.0,612.0
BPCL,3/13/2019,364.0,370.0,355.0,361.0,-2.43,4571.0,819.0,612.0
BPCL,3/14/2019,361.0,366.0,356.0,365.0,1.11,1210.0,819.0,612.0
BPCL,3/17/2019,365.0,372.0,362.0,366.0,0.27,2045.0,819.0,612.0
BPCL,3/18/2019,365.0,368.0,363.0,364.0,-0.55,3831.0,819.0,612.0
BPCL,3/19/2019,362.0,363.0,355.0,355.0,-2.47,3130.0,819.0,612.0
BPCL,3/21/2019,362.0,362.0,356.0,356.0,0.28,2689.0,819.0,612.0
BPCL,3/24/2019,353.0,360.0,353.0,357.0,0.28,1583.0,819.0,612.0
BPCL,3/25/2019,356.0,360.0,355.0,360.0,0.84,2560.0,819.0,612.0
BPCL,3/26/2019,357.0,360.0,354.0,360.0,0.0,4575.0,819.0,612.0
BPCL,3/27/2019,356.0,358.0,356.0,358.0,-0.56,2315.0,819.0,612.0
BPCL,3/28/2019,355.0,360.0,355.0,360.0,0.56,2907.0,819.0,612.0
BPCL,3/31/2019,360.0,360.0,354.0,355.0,-1.39,5239.0,819.0,612.0
BPCL,4/1/2019,355.0,362.0,354.0,362.0,1.97,4419.0,819.0,612.0
BPCL,4/2/2019,356.0,363.0,356.0,356.0,-1.66,4045.0,819.0,612.0
BPCL,4/3/2019,357.0,361.0,357.0,361.0,1.4,2976.0,819.0,612.0
BPCL,4/4/2019,355.0,360.0,354.0,358.0,-0.83,6629.0,819.0,612.0
BPCL,4/7/2019,354.0,361.0,354.0,357.0,-0.28,1681.0,819.0,612.0
BPCL,4/8/2019,356.0,368.0,356.0,360.0,0.84,3482.0,819.0,612.0
BPCL,4/9/2019,358.0,364.0,358.0,360.0,0.0,1203.0,819.0,612.0
BPCL,4/10/2019,358.0,360.0,358.0,358.0,-0.56,2522.0,819.0,612.0
BPCL,4/11/2019,358.0,360.0,356.0,360.0,0.56,2702.0,819.0,612.0
BPCL,4/15/2019,356.0,359.0,356.0,359.0,-0.28,514.0,819.0,612.0
BPCL,4/16/2019,360.0,365.0,358.0,360.0,0.28,3699.0,819.0,612.0
BPCL,4/17/2019,360.0,378.0,355.0,369.0,2.5,18524.0,819.0,612.0
BPCL,4/18/2019,364.0,368.0,364.0,364.0,-1.36,2948.0,819.0,612.0
BPCL,4/21/2019,361.0,365.0,361.0,362.0,-0.55,3650.0,819.0,612.0
BPCL,4/22/2019,361.0,369.0,361.0,363.0,0.28,4071.0,819.0,612.0
BPCL,4/23/2019,360.0,361.0,358.0,360.0,-0.83,1653.0,819.0,612.0
BPCL,4/24/2019,354.0,365.0,354.0,358.0,-0.56,4731.0,819.0,612.0
BPCL,4/25/2019,358.0,372.0,353.0,366.0,2.23,17470.0,819.0,612.0
BPCL,4/28/2019,368.0,393.0,367.0,381.0,4.1,15411.0,819.0,612.0
BPCL,4/29/2019,387.0,388.0,370.0,381.0,0.0,12934.0,819.0,612.0
BPCL,4/30/2019,375.0,409.0,375.0,395.0,3.67,35326.0,819.0,612.0
BPCL,5/2/2019,402.0,402.0,382.0,390.0,-1.27,9805.0,819.0,612.0
BPCL,5/5/2019,383.0,390.0,372.0,372.0,-4.62,5950.0,819.0,612.0
BPCL,5/6/2019,375.0,377.0,370.0,375.0,0.81,17231.0,819.0,612.0
BPCL,5/7/2019,375.0,380.0,353.0,380.0,1.33,52806.0,819.0,612.0
BPCL,5/8/2019,373.0,374.0,365.0,373.0,-1.84,4671.0,819.0,612.0
BPCL,5/9/2019,367.0,373.0,366.0,367.0,-1.61,10525.0,819.0,612.0
BPCL,5/12/2019,367.0,375.0,361.0,371.0,1.09,4091.0,819.0,612.0
BPCL,5/13/2019,372.0,390.0,367.0,383.0,3.23,61657.0,819.0,612.0
BPCL,5/14/2019,385.0,396.0,378.0,385.0,0.52,22697.0,819.0,612.0
BPCL,5/15/2019,391.0,397.0,385.0,388.0,0.78,23230.0,819.0,612.0
BPCL,5/16/2019,395.0,395.0,383.0,388.0,0.0,14906.0,819.0,612.0
BPCL,5/19/2019,384.0,418.0,384.0,405.0,4.38,82547.0,819.0,612.0
BPCL,5/20/2019,413.0,437.0,403.0,428.0,5.68,105890.0,819.0,612.0
BPCL,5/21/2019,430.0,459.0,425.0,448.0,4.67,135510.0,819.0,612.0
BPCL,5/22/2019,452.0,456.0,439.0,444.0,-0.89,99027.0,819.0,612.0
BPCL,5/23/2019,444.0,444.0,417.0,424.0,-4.5,49386.0,819.0,612.0
BPCL,5/26/2019,432.0,432.0,417.0,418.0,-1.42,18695.0,819.0,612.0
BPCL,5/27/2019,415.0,429.0,415.0,420.0,0.48,16358.0,819.0,612.0
BPCL,5/28/2019,427.0,428.0,417.0,420.0,0.0,17711.0,819.0,612.0
BPCL,5/29/2019,420.0,436.0,420.0,429.0,2.14,17746.0,819.0,612.0
BPCL,5/30/2019,437.0,445.0,425.0,425.0,-0.93,43409.0,819.0,612.0
BPCL,6/2/2019,430.0,430.0,416.0,416.0,-2.12,13481.0,819.0,612.0
BPCL,6/3/2019,412.0,419.0,412.0,414.0,-0.48,12101.0,819.0,612.0
BPCL,6/4/2019,410.0,419.0,410.0,411.0,-0.72,10618.0,819.0,612.0
BPCL,6/6/2019,410.0,419.0,407.0,408.0,-0.73,12774.0,819.0,612.0
BPCL,6/10/2019,410.0,415.0,402.0,402.0,-1.47,11159.0,819.0,612.0
BPCL,6/11/2019,408.0,409.0,402.0,407.0,1.24,17095.0,819.0,612.0
BPCL,6/12/2019,403.0,407.0,402.0,405.0,-0.49,4193.0,819.0,612.0
BPCL,6/13/2019,408.0,411.0,400.0,406.0,0.25,5112.0,819.0,612.0
BPCL,6/16/2019,400.0,407.0,400.0,404.0,-0.49,3207.0,819.0,612.0
BPCL,6/17/2019,405.0,410.0,401.0,406.0,0.5,4353.0,819.0,612.0
BPCL,6/18/2019,406.0,407.0,402.0,403.0,-0.74,6306.0,819.0,612.0
BPCL,6/19/2019,409.0,410.0,402.0,402.0,-0.25,4995.0,819.0,612.0
BPCL,6/20/2019,400.0,407.0,400.0,406.0,1.0,6958.0,819.0,612.0
BPCL,6/23/2019,414.0,414.0,396.0,402.0,-0.99,3783.0,819.0,612.0
BPCL,6/24/2019,400.0,406.0,400.0,404.0,0.5,2561.0,819.0,612.0
BPCL,6/25/2019,404.0,408.0,403.0,405.0,0.25,5259.0,819.0,612.0
BPCL,6/26/2019,400.0,407.0,400.0,404.0,-0.25,4103.0,819.0,612.0
BPCL,6/27/2019,403.0,405.0,399.0,405.0,0.25,5956.0,819.0,612.0
BPCL,6/30/2019,403.0,403.0,395.0,395.0,-2.47,6625.0,819.0,612.0
BPCL,7/1/2019,400.0,400.0,394.0,397.0,0.51,741.0,819.0,612.0
BPCL,7/2/2019,400.0,407.0,396.0,405.0,2.02,5045.0,819.0,612.0
BPCL,7/3/2019,402.0,409.0,401.0,407.0,0.49,1793.0,819.0,612.0
BPCL,7/4/2019,404.0,407.0,401.0,401.0,-1.47,4722.0,819.0,612.0
BPCL,7/7/2019,405.0,408.0,403.0,408.0,1.75,5938.0,819.0,612.0
BPCL,7/8/2019,402.0,408.0,401.0,408.0,0.0,2533.0,819.0,612.0
BPCL,7/9/2019,408.0,414.0,403.0,410.0,0.49,7625.0,819.0,612.0
BPCL,7/10/2019,410.0,410.0,407.0,407.0,-0.73,5830.0,819.0,612.0
BPCL,7/11/2019,409.0,409.0,400.0,401.0,-1.47,4618.0,819.0,612.0
BPCL,7/14/2019,398.0,404.0,398.0,401.0,0.0,2542.0,819.0,612.0
BPCL,7/15/2019,410.0,410.0,398.0,409.0,2.0,4457.0,819.0,612.0
BPCL,7/16/2019,429.0,429.0,400.0,409.0,0.0,182.0,819.0,612.0
BPCL,7/17/2019,405.0,415.0,403.0,413.0,0.98,6919.0,819.0,612.0
BPCL,7/18/2019,410.0,421.0,406.0,411.0,-0.48,6658.0,819.0,612.0
BPCL,7/21/2019,415.0,415.0,401.0,409.0,-0.49,4920.0,819.0,612.0
BPCL,7/22/2019,407.0,413.0,407.0,413.0,0.98,2161.0,819.0,612.0
BPCL,7/23/2019,416.0,416.0,408.0,408.0,-1.21,1863.0,819.0,612.0
BPCL,7/24/2019,411.0,414.0,405.0,405.0,-0.74,6362.0,819.0,612.0
BPCL,7/25/2019,406.0,414.0,405.0,405.0,0.0,8605.0,819.0,612.0
BPCL,7/28/2019,405.0,405.0,400.0,404.0,-0.25,3151.0,819.0,612.0
BPCL,7/29/2019,410.0,410.0,402.0,404.0,0.0,6833.0,819.0,612.0
BPCL,7/30/2019,410.0,412.0,402.0,406.0,0.5,5687.0,819.0,612.0
BPCL,7/31/2019,406.0,409.0,403.0,406.0,0.0,7173.0,819.0,612.0
BPCL,8/1/2019,411.0,411.0,403.0,404.0,-0.49,15191.0,819.0,612.0
BPCL,8/4/2019,404.0,405.0,402.0,402.0,-0.5,6207.0,819.0,612.0
BPCL,8/5/2019,402.0,405.0,397.0,400.0,-0.5,7004.0,819.0,612.0
BPCL,8/6/2019,400.0,403.0,395.0,395.0,-1.25,16950.0,819.0,612.0
BPCL,8/7/2019,395.0,404.0,392.0,398.0,0.76,4670.0,819.0,612.0
BPCL,8/8/2019,394.0,398.0,394.0,394.0,-1.01,4335.0,819.0,612.0
BPCL,8/11/2019,394.0,396.0,388.0,390.0,-1.02,7453.0,819.0,612.0
BPCL,8/12/2019,390.0,394.0,387.0,393.0,0.77,2380.0,819.0,612.0
BPCL,8/13/2019,395.0,395.0,390.0,391.0,-0.51,6337.0,819.0,612.0
BPCL,8/14/2019,392.0,392.0,387.0,388.0,-0.77,1640.0,819.0,612.0
BPCL,8/15/2019,392.0,394.0,386.0,390.0,0.52,1915.0,819.0,612.0
BPCL,8/18/2019,391.0,391.0,386.0,386.0,-1.03,1106.0,819.0,612.0
BPCL,8/19/2019,388.0,400.0,385.0,396.0,2.59,5384.0,819.0,612.0
BPCL,8/20/2019,393.0,394.0,385.0,390.0,-1.52,2453.0,819.0,612.0
BPCL,8/21/2019,389.0,392.0,386.0,392.0,0.51,958.0,819.0,612.0
BPCL,8/22/2019,391.0,391.0,384.0,384.0,-2.04,5998.0,819.0,612.0
BPCL,8/25/2019,382.0,388.0,382.0,383.0,-0.26,2145.0,819.0,612.0
BPCL,8/26/2019,383.0,384.0,377.0,384.0,0.26,3693.0,819.0,612.0
BPCL,8/27/2019,380.0,395.0,380.0,392.0,2.08,3779.0,819.0,612.0
BPCL,8/28/2019,395.0,395.0,381.0,388.0,-1.02,4658.0,819.0,612.0
BPCL,8/29/2019,386.0,388.0,383.0,384.0,-1.03,2365.0,819.0,612.0
BPCL,9/1/2019,384.0,385.0,380.0,380.0,-1.04,2323.0,819.0,612.0
BPCL,9/2/2019,380.0,380.0,363.0,380.0,0.0,16272.0,819.0,612.0
BPCL,9/3/2019,380.0,393.0,370.0,390.0,2.63,4978.0,819.0,612.0
BPCL,9/4/2019,383.0,388.0,380.0,380.0,-2.56,7356.0,819.0,612.0
BPCL,9/5/2019,375.0,387.0,375.0,380.0,0.0,1654.0,819.0,612.0
BPCL,9/8/2019,377.0,384.0,377.0,384.0,1.05,860.0,819.0,612.0
BPCL,9/9/2019,386.0,386.0,369.0,382.0,-0.52,3194.0,819.0,612.0
BPCL,9/10/2019,382.0,385.0,369.0,377.0,-1.31,3926.0,819.0,612.0
BPCL,9/11/2019,378.0,378.0,371.0,375.0,-0.53,8907.0,819.0,612.0
BPCL,9/12/2019,370.0,375.0,370.0,374.0,-0.27,5129.0,819.0,612.0
BPCL,9/15/2019,370.0,375.0,358.0,367.0,-1.87,11980.0,819.0,612.0
BPCL,9/16/2019,385.0,385.0,353.0,357.0,-2.72,2601.0,819.0,612.0
BPCL,9/17/2019,350.0,372.0,350.0,367.0,2.8,5774.0,819.0,612.0
BPCL,9/18/2019,374.0,375.0,365.0,375.0,2.18,3852.0,819.0,612.0
BPCL,9/19/2019,378.0,378.0,370.0,370.0,-1.33,4898.0,819.0,612.0
BPCL,9/22/2019,361.0,365.0,356.0,360.0,-2.7,6962.0,819.0,612.0
BPCL,9/23/2019,360.0,364.0,358.0,362.0,0.56,1988.0,819.0,612.0
BPCL,9/24/2019,356.0,364.0,356.0,357.0,-1.38,2153.0,819.0,612.0
BPCL,9/25/2019,354.0,358.0,353.0,354.0,-0.84,6169.0,819.0,612.0
BPCL,9/26/2019,353.0,357.0,352.0,357.0,0.85,1285.0,819.0,612.0
BPCL,9/29/2019,355.0,359.0,354.0,359.0,0.56,1987.0,819.0,612.0
BPCL,9/30/2019,356.0,359.0,356.0,358.0,-0.28,1850.0,819.0,612.0
BPCL,10/1/2019,358.0,362.0,358.0,361.0,0.84,6566.0,819.0,612.0
BPCL,10/2/2019,368.0,368.0,355.0,355.0,-1.66,2291.0,819.0,612.0
BPCL,10/3/2019,355.0,362.0,355.0,362.0,1.97,188.0,819.0,612.0
BPCL,10/10/2019,362.0,365.0,361.0,365.0,0.83,103.0,819.0,612.0
BPCL,10/14/2019,359.0,363.0,354.0,363.0,-0.55,6353.0,819.0,612.0
BPCL,10/15/2019,363.0,368.0,362.0,366.0,0.83,1415.0,819.0,612.0
BPCL,10/16/2019,361.0,363.0,358.0,363.0,-0.82,2801.0,819.0,612.0
BPCL,10/17/2019,357.0,364.0,357.0,364.0,0.28,2428.0,819.0,612.0
BPCL,10/20/2019,358.0,364.0,357.0,362.0,-0.55,705.0,819.0,612.0
BPCL,10/21/2019,357.0,360.0,357.0,358.0,-1.1,1744.0,819.0,612.0
BPCL,10/22/2019,358.0,365.0,356.0,365.0,1.96,1249.0,819.0,612.0
BPCL,10/23/2019,365.0,367.0,358.0,367.0,0.55,1203.0,819.0,612.0
BPCL,10/24/2019,365.0,370.0,363.0,368.0,0.27,3953.0,819.0,612.0
BPCL,10/31/2019,365.0,368.0,361.0,367.0,-0.27,10738.0,819.0,612.0
BPCL,11/3/2019,361.0,364.0,357.0,364.0,-0.82,5061.0,819.0,612.0
BPCL,11/4/2019,363.0,368.0,358.0,368.0,1.1,3596.0,819.0,612.0
BPCL,11/5/2019,364.0,369.0,363.0,369.0,0.27,1304.0,819.0,612.0
BPCL,11/6/2019,368.0,372.0,362.0,370.0,0.27,1284.0,819.0,612.0
BPCL,11/7/2019,370.0,370.0,358.0,368.0,-0.54,10335.0,819.0,612.0
BPCL,11/10/2019,361.0,367.0,355.0,357.0,-2.99,5189.0,819.0,612.0
BPCL,11/11/2019,355.0,367.0,355.0,367.0,2.8,1739.0,819.0,612.0
BPCL,11/12/2019,365.0,370.0,356.0,359.0,-2.18,4479.0,819.0,612.0
BPCL,11/13/2019,359.0,360.0,355.0,358.0,-0.28,3650.0,819.0,612.0
BPCL,11/14/2019,358.0,360.0,355.0,357.0,-0.28,1901.0,819.0,612.0
BPCL,11/17/2019,354.0,354.0,349.0,350.0,-1.96,8784.0,819.0,612.0
BPCL,11/18/2019,349.0,353.0,348.0,353.0,0.86,1196.0,819.0,612.0
BPCL,11/19/2019,347.0,351.0,347.0,347.0,-1.7,2267.0,819.0,612.0
BPCL,11/20/2019,347.0,351.0,347.0,347.0,0.0,2925.0,819.0,612.0
BPCL,11/21/2019,347.0,348.0,343.0,347.0,0.0,3746.0,819.0,612.0
BPCL,11/24/2019,345.0,353.0,342.0,343.0,-1.15,1829.0,819.0,612.0
BPCL,11/25/2019,342.0,349.0,342.0,345.0,0.58,587.0,819.0,612.0
BPCL,11/26/2019,342.0,343.0,341.0,341.0,-1.16,453.0,819.0,612.0
BPCL,11/27/2019,340.0,348.0,340.0,348.0,2.05,1332.0,819.0,612.0
BPCL,11/28/2019,342.0,345.0,342.0,344.0,-1.15,1697.0,819.0,612.0
BPCL,12/1/2019,342.0,344.0,340.0,342.0,-0.58,1389.0,819.0,612.0
BPCL,12/2/2019,340.0,343.0,330.0,330.0,-3.51,7279.0,819.0,612.0
BPCL,12/3/2019,336.0,336.0,329.0,334.0,1.21,6535.0,819.0,612.0
BPCL,12/4/2019,340.0,351.0,333.0,334.0,0.0,4056.0,819.0,612.0
BPCL,12/5/2019,338.0,339.0,332.0,334.0,0.0,3538.0,819.0,612.0
BPCL,12/8/2019,332.0,346.0,331.0,343.0,2.69,6247.0,819.0,612.0
BPCL,12/9/2019,342.0,365.0,342.0,360.0,4.96,32400.0,819.0,612.0
BPCL,12/10/2019,367.0,367.0,356.0,357.0,-0.83,22305.0,819.0,612.0
BPCL,12/11/2019,357.0,360.0,352.0,360.0,0.84,11731.0,819.0,612.0
BPCL,12/12/2019,360.0,375.0,353.0,366.0,1.67,32341.0,819.0,612.0
BPCL,12/15/2019,360.0,362.0,354.0,357.0,-2.46,7427.0,819.0,612.0
BPCL,12/16/2019,357.0,360.0,352.0,354.0,-0.84,5846.0,819.0,612.0
BPCL,12/17/2019,351.0,360.0,351.0,357.0,0.85,2256.0,819.0,612.0
BPCL,12/18/2019,361.0,361.0,352.0,353.0,-1.12,3098.0,819.0,612.0
BPCL,12/19/2019,352.0,360.0,352.0,357.0,1.13,5702.0,819.0,612.0
BPCL,12/22/2019,355.0,357.0,353.0,356.0,-0.28,9655.0,819.0,612.0
BPCL,12/23/2019,356.0,357.0,352.0,355.0,-0.28,8955.0,819.0,612.0
BPCL,12/24/2019,360.0,364.0,350.0,352.0,-0.85,80343.0,819.0,612.0
BPCL,12/25/2019,315.0,315.0,305.0,309.0,-12.22,9101.0,819.0,612.0
BPCL,12/26/2019,315.0,315.0,301.0,302.0,-2.27,8548.0,819.0,612.0
BPCL,12/29/2019,308.0,308.0,300.0,303.0,0.33,4607.0,819.0,612.0
BPCL,12/30/2019,300.0,308.0,300.0,304.0,0.33,1941.0,819.0,612.0
BPCL,12/31/2019,310.0,310.0,300.0,303.0,-0.33,2446.0,819.0,612.0
BPCL,1/1/2020,305.0,305.0,300.0,302.0,-0.33,3358.0,819.0,612.0
BPCL,1/2/2020,302.0,303.0,300.0,302.0,0.0,6109.0,819.0,612.0
BPCL,1/5/2020,302.0,311.0,302.0,308.0,1.99,3361.0,819.0,612.0
BPCL,1/6/2020,311.0,314.0,305.0,308.0,0.0,5250.0,819.0,612.0
BPCL,1/7/2020,307.0,314.0,307.0,310.0,0.65,9686.0,819.0,612.0
BPCL,1/8/2020,309.0,310.0,307.0,309.0,-0.32,3209.0,819.0,612.0
BPCL,1/9/2020,310.0,310.0,305.0,309.0,0.0,11483.0,819.0,612.0
BPCL,1/12/2020,310.0,320.0,310.0,317.0,2.59,13550.0,819.0,612.0
BPCL,1/13/2020,323.0,342.0,318.0,325.0,2.52,43912.0,819.0,612.0
BPCL,1/14/2020,330.0,337.0,319.0,328.0,0.92,10056.0,819.0,612.0
BPCL,1/15/2020,328.0,333.0,324.0,329.0,0.3,6037.0,819.0,612.0
BPCL,1/16/2020,335.0,335.0,324.0,332.0,0.91,8907.0,819.0,612.0
BPCL,1/19/2020,335.0,356.0,329.0,340.0,2.41,28640.0,819.0,612.0
BPCL,1/20/2020,340.0,343.0,325.0,332.0,-2.35,15991.0,819.0,612.0
BPCL,1/21/2020,335.0,335.0,320.0,327.0,-1.51,4586.0,819.0,612.0
BPCL,1/22/2020,327.0,328.0,321.0,325.0,-0.61,4197.0,819.0,612.0
BPCL,1/23/2020,321.0,328.0,319.0,328.0,0.92,4135.0,819.0,612.0
BPCL,1/26/2020,334.0,334.0,315.0,318.0,-3.05,7114.0,819.0,612.0
BPCL,1/27/2020,323.0,323.0,316.0,322.0,1.26,5431.0,819.0,612.0
BPCL,1/28/2020,322.0,322.0,317.0,317.0,-1.55,6302.0,819.0,612.0
BPCL,1/29/2020,317.0,321.0,316.0,318.0,0.32,5052.0,819.0,612.0
BPCL,1/30/2020,316.0,325.0,316.0,323.0,1.57,6034.0,819.0,612.0
BPCL,2/2/2020,321.0,331.0,321.0,330.0,2.17,10119.0,819.0,612.0
BPCL,2/3/2020,324.0,353.0,324.0,346.0,4.85,48478.0,819.0,612.0
BPCL,2/4/2020,348.0,353.0,332.0,332.0,-4.05,20395.0,819.0,612.0
BPCL,2/5/2020,332.0,340.0,332.0,335.0,0.9,6676.0,819.0,612.0
BPCL,2/6/2020,335.0,337.0,329.0,334.0,-0.3,7414.0,819.0,612.0
BPCL,2/9/2020,328.0,329.0,323.0,327.0,-2.1,10196.0,819.0,612.0
BPCL,2/10/2020,333.0,333.0,322.0,330.0,0.92,1902.0,819.0,612.0
BPCL,2/11/2020,336.0,350.0,332.0,335.0,1.52,18492.0,819.0,612.0
BPCL,2/12/2020,341.0,345.0,336.0,336.0,0.3,20106.0,819.0,612.0
BPCL,2/13/2020,342.0,348.0,335.0,338.0,0.6,13174.0,819.0,612.0
BPCL,2/16/2020,339.0,339.0,336.0,339.0,0.3,8820.0,819.0,612.0
BPCL,2/17/2020,345.0,356.0,339.0,350.0,3.24,61077.0,819.0,612.0
BPCL,2/18/2020,354.0,355.0,340.0,347.0,-0.86,25909.0,819.0,612.0
BPCL,2/19/2020,350.0,362.0,349.0,361.0,4.03,39456.0,819.0,612.0
BPCL,2/20/2020,361.0,396.0,361.0,396.0,9.7,40433.0,819.0,612.0
BPCL,2/23/2020,402.0,429.0,393.0,405.0,2.27,74224.0,819.0,612.0
BPCL,2/24/2020,411.0,411.0,388.0,395.0,-2.47,39083.0,819.0,612.0
BPCL,2/25/2020,390.0,405.0,385.0,403.0,2.03,41452.0,819.0,612.0
BPCL,2/26/2020,408.0,414.0,402.0,403.0,0.0,45997.0,819.0,612.0
BPCL,2/27/2020,404.0,409.0,390.0,399.0,-0.99,48106.0,819.0,612.0
BPCL,3/1/2020,405.0,408.0,390.0,396.0,-0.75,37520.0,819.0,612.0
BPCL,3/2/2020,390.0,395.0,380.0,380.0,-4.04,21389.0,819.0,612.0
BPCL,3/3/2020,373.0,388.0,352.0,385.0,1.32,30654.0,819.0,612.0
BPCL,3/4/2020,380.0,380.0,360.0,364.0,-5.45,24759.0,819.0,612.0
BPCL,3/5/2020,363.0,368.0,354.0,360.0,-1.1,14606.0,819.0,612.0
BPCL,3/10/2020,353.0,354.0,340.0,340.0,-5.56,10952.0,819.0,612.0
BPCL,3/11/2020,337.0,358.0,337.0,353.0,3.82,13564.0,819.0,612.0
BPCL,3/12/2020,360.0,360.0,345.0,350.0,-0.85,17709.0,819.0,612.0
BPCL,3/15/2020,343.0,345.0,328.0,330.0,-5.71,21930.0,819.0,612.0
BPCL,3/16/2020,330.0,344.0,326.0,332.0,0.61,10560.0,819.0,612.0
BPCL,3/17/2020,330.0,333.0,325.0,325.0,-2.11,14772.0,819.0,612.0
BPCL,3/18/2020,322.0,336.0,309.0,318.0,-2.15,13923.0,819.0,612.0
BPCL,3/19/2020,313.0,330.0,312.0,326.0,2.52,15644.0,819.0,612.0
BPCL,3/22/2020,321.0,330.0,320.0,330.0,1.23,1300.0,819.0,612.0
BPCL,5/12/2020,324.0,324.0,321.0,321.0,-2.73,320.0,819.0,612.0
BPCL,5/13/2020,315.0,315.0,312.0,312.0,-2.8,74.0,819.0,612.0
BPCL,6/30/2020,308.0,332.0,302.0,332.0,6.41,2361.0,819.0,612.0
BPCL,7/1/2020,338.0,365.0,338.0,365.0,9.94,2101.0,819.0,612.0
BPCL,7/2/2020,372.0,377.0,334.0,334.0,-8.49,2971.0,819.0,612.0
BPCL,7/5/2020,328.0,350.0,322.0,336.0,0.6,10368.0,819.0,612.0
BPCL,7/6/2020,330.0,351.0,330.0,345.0,2.68,5917.0,819.0,612.0
BPCL,7/7/2020,350.0,361.0,347.0,357.0,3.48,12808.0,819.0,612.0
BPCL,7/8/2020,352.0,365.0,342.0,360.0,0.84,7859.0,819.0,612.0
BPCL,7/9/2020,354.0,367.0,353.0,357.0,-0.83,16358.0,819.0,612.0
BPCL,7/12/2020,364.0,370.0,353.0,356.0,-0.28,10109.0,819.0,612.0
BPCL,7/13/2020,350.0,356.0,349.0,353.0,-0.84,7854.0,819.0,612.0
BPCL,7/14/2020,353.0,360.0,352.0,357.0,1.13,8366.0,819.0,612.0
BPCL,7/15/2020,358.0,364.0,355.0,359.0,0.56,15645.0,819.0,612.0
BPCL,7/16/2020,366.0,368.0,360.0,365.0,1.67,38990.0,819.0,612.0
BPCL,7/19/2020,372.0,379.0,372.0,379.0,3.84,20.0,819.0,612.0
BPCL,7/20/2020,397.0,400.0,369.0,374.0,-1.32,20188.0,819.0,612.0
BPCL,7/21/2020,380.0,380.0,325.0,364.0,-2.67,25869.0,819.0,612.0
BPCL,7/22/2020,357.0,366.0,354.0,356.0,-2.2,16550.0,819.0,612.0
BPCL,7/23/2020,356.0,362.0,352.0,358.0,0.56,11977.0,819.0,612.0
BPCL,7/26/2020,358.0,372.0,358.0,367.0,2.51,18713.0,819.0,612.0
BPCL,7/27/2020,374.0,374.0,364.0,367.0,0.0,9124.0,819.0,612.0
BPCL,7/28/2020,362.0,367.0,360.0,364.0,-0.82,9745.0,819.0,612.0
BPCL,7/29/2020,357.0,363.0,355.0,356.0,-2.2,20473.0,819.0,612.0
BPCL,7/30/2020,349.0,363.0,349.0,358.0,0.56,12071.0,819.0,612.0
BPCL,8/2/2020,358.0,361.0,350.0,351.0,-1.96,15346.0,819.0,612.0
BPCL,8/3/2020,345.0,355.0,345.0,355.0,1.14,8905.0,819.0,612.0
BPCL,8/5/2020,348.0,355.0,346.0,351.0,-1.13,14609.0,819.0,612.0
BPCL,8/6/2020,346.0,350.0,344.0,350.0,-0.28,6164.0,819.0,612.0
BPCL,8/9/2020,345.0,357.0,343.0,351.0,0.29,4395.0,819.0,612.0
BPCL,8/10/2020,355.0,360.0,352.0,360.0,2.56,8708.0,819.0,612.0
BPCL,8/11/2020,366.0,366.0,358.0,358.0,-0.56,3300.0,819.0,612.0
BPCL,8/12/2020,356.0,362.0,356.0,362.0,1.12,6546.0,819.0,612.0
BPCL,8/13/2020,355.0,380.0,355.0,365.0,0.83,19372.0,819.0,612.0
BPCL,8/16/2020,358.0,367.0,356.0,364.0,-0.27,14507.0,819.0,612.0
BPCL,8/17/2020,364.0,365.0,360.0,364.0,0.0,7156.0,819.0,612.0
BPCL,8/18/2020,357.0,365.0,357.0,361.0,-0.82,17907.0,819.0,612.0
BPCL,8/19/2020,360.0,360.0,355.0,358.0,-0.83,6332.0,819.0,612.0
BPCL,8/20/2020,352.0,361.0,352.0,360.0,0.56,3036.0,819.0,612.0
BPCL,8/23/2020,356.0,362.0,355.0,360.0,0.0,7955.0,819.0,612.0
BPCL,8/24/2020,378.0,378.0,360.0,363.0,0.83,14215.0,819.0,612.0
BPCL,8/25/2020,365.0,367.0,362.0,364.0,0.28,11682.0,819.0,612.0
BPCL,8/26/2020,363.0,372.0,360.0,370.0,1.65,23258.0,819.0,612.0
BPCL,8/27/2020,388.0,388.0,365.0,366.0,-1.08,17343.0,819.0,612.0
BPCL,8/30/2020,365.0,366.0,361.0,366.0,0.0,5080.0,819.0,612.0
BPCL,8/31/2020,366.0,382.0,364.0,379.0,3.55,39647.0,819.0,612.0
BPCL,9/2/2020,385.0,404.0,374.0,399.0,5.28,85388.0,819.0,612.0
BPCL,9/3/2020,409.0,415.0,378.0,383.0,-4.01,67715.0,819.0,612.0
BPCL,9/6/2020,390.0,402.0,377.0,379.0,-1.04,33506.0,819.0,612.0
BPCL,9/7/2020,397.0,397.0,369.0,380.0,0.26,36820.0,819.0,612.0
BPCL,9/8/2020,380.0,394.0,376.0,389.0,2.37,24435.0,819.0,612.0
BPCL,9/9/2020,391.0,397.0,386.0,386.0,-0.77,40419.0,819.0,612.0
BPCL,9/10/2020,392.0,396.0,383.0,390.0,1.04,30704.0,819.0,612.0
BPCL,9/13/2020,391.0,395.0,388.0,393.0,0.77,39277.0,819.0,612.0
BPCL,9/14/2020,412.0,412.0,391.0,400.0,1.78,114665.0,819.0,612.0
BPCL,9/15/2020,400.0,405.0,396.0,397.0,-0.75,52950.0,819.0,612.0
BPCL,9/16/2020,404.0,406.0,390.0,403.0,1.51,60629.0,819.0,612.0
BPCL,9/17/2020,405.0,430.0,400.0,420.0,4.22,139484.0,819.0,612.0
BPCL,9/20/2020,425.0,430.0,405.0,406.0,-3.33,39196.0,819.0,612.0
BPCL,9/21/2020,409.0,410.0,398.0,405.0,-0.25,49380.0,819.0,612.0
BPCL,9/22/2020,408.0,408.0,396.0,397.0,-1.98,40532.0,819.0,612.0
BPCL,9/23/2020,397.0,403.0,395.0,401.0,1.01,26635.0,819.0,612.0
BPCL,9/24/2020,395.0,413.0,395.0,405.0,1.0,62773.0,819.0,612.0
BPCL,9/27/2020,407.0,417.0,405.0,406.0,0.25,37384.0,819.0,612.0
BPCL,9/28/2020,407.0,412.0,401.0,401.0,-1.23,19179.0,819.0,612.0
BPCL,9/29/2020,421.0,421.0,398.0,406.0,1.25,39916.0,819.0,612.0
BPCL,9/30/2020,401.0,405.0,399.0,403.0,-0.74,21499.0,819.0,612.0
BPCL,10/1/2020,401.0,407.0,396.0,401.0,-0.5,42918.0,819.0,612.0
BPCL,10/4/2020,421.0,421.0,400.0,402.0,0.25,20060.0,819.0,612.0
BPCL,10/5/2020,402.0,408.0,399.0,404.0,0.5,27611.0,819.0,612.0
BPCL,10/6/2020,424.0,424.0,401.0,413.0,2.23,106874.0,819.0,612.0
BPCL,10/7/2020,433.0,433.0,415.0,423.0,2.42,185951.0,819.0,612.0
BPCL,10/8/2020,423.0,430.0,412.0,415.0,-1.89,73662.0,819.0,612.0
BPCL,10/11/2020,411.0,416.0,407.0,407.0,-1.93,33301.0,819.0,612.0
BPCL,10/12/2020,410.0,412.0,405.0,407.0,0.0,33127.0,819.0,612.0
BPCL,10/13/2020,415.0,415.0,402.0,406.0,-0.25,17860.0,819.0,612.0
BPCL,10/14/2020,426.0,426.0,400.0,402.0,-0.99,24829.0,819.0,612.0
BPCL,10/15/2020,402.0,409.0,401.0,401.0,-0.25,9957.0,819.0,612.0
BPCL,10/18/2020,400.0,401.0,395.0,400.0,-0.25,13567.0,819.0,612.0
BPCL,10/19/2020,400.0,406.0,398.0,406.0,1.5,5936.0,819.0,612.0
BPCL,10/20/2020,406.0,411.0,406.0,410.0,0.99,10809.0,819.0,612.0
BPCL,10/21/2020,430.0,430.0,407.0,410.0,0.0,15450.0,819.0,612.0
BPCL,10/22/2020,430.0,430.0,407.0,410.0,0.0,24476.0,819.0,612.0
BPCL,10/28/2020,403.0,415.0,403.0,410.0,0.0,15823.0,819.0,612.0
BPCL,10/29/2020,402.0,418.0,402.0,413.0,0.73,25161.0,819.0,612.0
BPCL,11/1/2020,433.0,433.0,411.0,412.0,-0.24,35543.0,819.0,612.0
BPCL,11/2/2020,415.0,423.0,411.0,413.0,0.24,16009.0,819.0,612.0
BPCL,11/3/2020,412.0,415.0,412.0,414.0,0.24,15777.0,819.0,612.0
BPCL,11/4/2020,416.0,416.0,412.0,415.0,0.24,16150.0,819.0,612.0
BPCL,11/5/2020,414.0,415.0,408.0,412.0,-0.72,32935.0,819.0,612.0
BPCL,11/8/2020,410.0,417.0,408.0,413.0,0.24,31438.0,819.0,612.0
BPCL,11/9/2020,410.0,416.0,410.0,411.0,-0.48,37594.0,819.0,612.0
BPCL,11/10/2020,411.0,414.0,410.0,412.0,0.24,32577.0,819.0,612.0
BPCL,11/11/2020,415.0,417.0,410.0,414.0,0.49,30510.0,819.0,612.0
BPCL,11/12/2020,420.0,420.0,411.0,414.0,0.0,32085.0,819.0,612.0
BPCL,11/18/2020,406.0,413.0,404.0,410.0,-0.97,35148.0,819.0,612.0
BPCL,11/19/2020,409.0,414.0,408.0,413.0,0.73,39852.0,819.0,612.0
BPCL,11/22/2020,413.0,420.0,407.0,411.0,-0.48,60183.0,819.0,612.0
BPCL,11/23/2020,412.0,415.0,410.0,413.0,0.49,19950.0,819.0,612.0
BPCL,11/24/2020,413.0,438.0,411.0,429.0,3.87,124794.0,819.0,612.0
BPCL,11/25/2020,408.0,455.0,408.0,428.0,-0.23,107294.0,819.0,612.0
BPCL,11/26/2020,428.0,443.0,428.0,428.0,0.0,160526.0,819.0,612.0
BPCL,11/29/2020,428.0,455.0,428.0,434.0,1.4,110090.0,819.0,612.0
BPCL,11/30/2020,438.0,461.0,438.0,450.0,3.69,142037.0,819.0,612.0
BPCL,12/1/2020,456.0,463.0,445.0,445.0,-1.11,105227.0,819.0,612.0
BPCL,12/2/2020,450.0,456.0,441.0,450.0,1.12,128236.0,819.0,612.0
BPCL,12/3/2020,459.0,479.0,450.0,463.0,2.89,238817.0,819.0,612.0
BPCL,12/6/2020,463.0,472.0,449.0,450.0,-2.81,140496.0,819.0,612.0
BPCL,12/7/2020,450.0,468.0,438.0,460.0,2.22,62035.0,819.0,612.0
BPCL,12/8/2020,464.0,478.0,460.0,465.0,1.09,102890.0,819.0,612.0
BPCL,12/9/2020,465.0,468.0,450.0,451.0,-3.01,50870.0,819.0,612.0
BPCL,12/10/2020,445.0,454.0,444.0,450.0,-0.22,47854.0,819.0,612.0
BPCL,12/13/2020,450.0,459.0,445.0,452.0,0.44,44494.0,819.0,612.0
BPCL,12/14/2020,452.0,459.0,451.0,454.0,0.44,48397.0,819.0,612.0
BPCL,12/15/2020,450.0,465.0,450.0,454.0,0.0,33720.0,819.0,612.0
BPCL,12/16/2020,454.0,460.0,448.0,449.0,-1.1,41778.0,819.0,612.0
BPCL,12/17/2020,449.0,454.0,446.0,447.0,-0.45,28813.0,819.0,612.0
BPCL,12/20/2020,455.0,475.0,442.0,447.0,0.0,219994.0,819.0,612.0
BPCL,12/21/2020,450.0,463.0,441.0,453.0,1.34,79751.0,819.0,612.0
BPCL,12/22/2020,458.0,460.0,450.0,453.0,0.0,90248.0,819.0,612.0
BPCL,12/23/2020,460.0,469.0,449.0,452.0,-0.22,50632.0,819.0,612.0
BPCL,12/24/2020,452.0,455.0,444.0,445.0,-1.55,52117.0,819.0,612.0
BPCL,12/27/2020,453.0,453.0,442.0,445.0,0.0,32618.0,819.0,612.0
BPCL,12/28/2020,444.0,446.0,439.0,440.0,-1.12,44910.0,819.0,612.0
BPCL,12/29/2020,462.0,462.0,438.0,439.0,-0.23,25445.0,819.0,612.0
BPCL,12/30/2020,430.0,446.0,430.0,438.0,-0.23,44184.0,819.0,612.0
BPCL,12/31/2020,440.0,448.0,440.0,445.0,1.6,137976.0,819.0,612.0
BPCL,1/3/2021,404.0,404.0,392.0,396.0,-11.01,53682.0,819.0,612.0
BPCL,1/4/2021,399.0,403.0,398.0,399.0,0.76,53885.0,819.0,612.0
BPCL,1/5/2021,399.0,404.0,392.0,398.0,-0.25,40196.0,819.0,612.0
BPCL,1/6/2021,401.0,405.0,396.0,398.0,0.0,29686.0,819.0,612.0
BPCL,1/7/2021,397.0,400.0,396.0,396.0,-0.5,34753.0,819.0,612.0
BPCL,1/10/2021,396.0,403.0,394.0,397.0,0.25,45545.0,819.0,612.0
BPCL,1/11/2021,403.0,407.0,399.0,402.0,1.26,44690.0,819.0,612.0
BPCL,1/12/2021,404.0,405.0,402.0,403.0,0.25,28558.0,819.0,612.0
BPCL,1/13/2021,384.0,413.0,384.0,411.0,1.99,41770.0,819.0,612.0
BPCL,1/17/2021,431.0,431.0,404.0,405.0,-1.46,39632.0,819.0,612.0
BPCL,1/18/2021,406.0,408.0,402.0,403.0,-0.49,40180.0,819.0,612.0
BPCL,1/19/2021,406.0,406.0,398.0,399.0,-0.99,36635.0,819.0,612.0
BPCL,1/20/2021,380.0,409.0,380.0,402.0,0.75,65644.0,819.0,612.0
BPCL,1/21/2021,408.0,408.0,399.0,402.0,0.0,34537.0,819.0,612.0
BPCL,1/24/2021,407.0,413.0,405.0,406.0,1.0,81769.0,819.0,612.0
BPCL,1/25/2021,408.0,413.0,404.0,407.0,0.25,50293.0,819.0,612.0
BPCL,1/26/2021,407.0,413.0,403.0,405.0,-0.49,39722.0,819.0,612.0
BPCL,1/27/2021,403.0,410.0,403.0,405.0,0.0,32455.0,819.0,612.0
BPCL,1/28/2021,408.0,410.0,398.0,400.0,-1.23,42658.0,819.0,612.0
BPCL,1/31/2021,393.0,401.0,391.0,393.0,-1.75,38274.0,819.0,612.0
BPCL,2/1/2021,400.0,401.0,397.0,398.0,1.27,18877.0,819.0,612.0
BPCL,2/2/2021,405.0,405.0,397.0,401.0,0.75,54608.0,819.0,612.0
BPCL,2/3/2021,404.0,438.0,400.0,416.0,3.74,145385.0,819.0,612.0
BPCL,2/4/2021,416.0,420.0,412.0,418.0,0.48,56246.0,819.0,612.0
BPCL,2/7/2021,418.0,448.0,418.0,439.0,5.02,226859.0,819.0,612.0
BPCL,2/8/2021,447.0,455.0,432.0,437.0,-0.46,105819.0,819.0,612.0
BPCL,2/9/2021,458.0,458.0,422.0,425.0,-2.75,45034.0,819.0,612.0
BPCL,2/10/2021,417.0,419.0,400.0,413.0,-2.82,129278.0,819.0,612.0
BPCL,2/11/2021,409.0,414.0,404.0,407.0,-1.45,69935.0,819.0,612.0
BPCL,2/14/2021,401.0,413.0,399.0,405.0,-0.49,55818.0,819.0,612.0
BPCL,2/15/2021,410.0,413.0,406.0,410.0,1.23,58173.0,819.0,612.0
BPCL,2/16/2021,417.0,417.0,401.0,404.0,-1.46,60070.0,819.0,612.0
BPCL,2/17/2021,404.0,407.0,402.0,404.0,0.0,47675.0,819.0,612.0
BPCL,2/18/2021,404.0,406.0,402.0,404.0,0.0,34879.0,819.0,612.0
BPCL,2/21/2021,424.0,424.0,402.0,407.0,0.74,59160.0,819.0,612.0
BPCL,2/22/2021,410.0,414.0,392.0,404.0,-0.74,107200.0,819.0,612.0
BPCL,2/23/2021,424.0,424.0,399.0,402.0,-0.5,49004.0,819.0,612.0
BPCL,2/24/2021,422.0,422.0,391.0,404.0,0.5,48575.0,819.0,612.0
BPCL,2/25/2021,410.0,410.0,400.0,400.0,-0.99,29632.0,819.0,612.0
BPCL,2/28/2021,405.0,405.0,393.0,394.0,-1.5,42617.0,819.0,612.0
BPCL,3/1/2021,390.0,402.0,390.0,397.0,0.76,24846.0,819.0,612.0
BPCL,3/2/2021,397.0,400.0,392.0,394.0,-0.76,36994.0,819.0,612.0
BPCL,3/3/2021,392.0,395.0,387.0,387.0,-1.78,37667.0,819.0,612.0
BPCL,3/4/2021,393.0,400.0,389.0,400.0,3.36,42349.0,819.0,612.0
BPCL,3/7/2021,393.0,412.0,393.0,400.0,0.0,23884.0,819.0,612.0
BPCL,3/9/2021,393.0,398.0,392.0,394.0,-1.5,13960.0,819.0,612.0
BPCL,3/10/2021,394.0,399.0,392.0,392.0,-0.51,14977.0,819.0,612.0
BPCL,3/14/2021,392.0,396.0,389.0,390.0,-0.51,18671.0,819.0,612.0
BPCL,3/15/2021,389.0,393.0,387.0,388.0,-0.51,26208.0,819.0,612.0
BPCL,3/16/2021,387.0,393.0,386.0,388.0,0.0,14073.0,819.0,612.0
BPCL,3/17/2021,386.0,394.0,383.0,389.0,0.26,11690.0,819.0,612.0
BPCL,3/18/2021,408.0,408.0,391.0,392.0,0.77,15459.0,819.0,612.0
BPCL,3/21/2021,411.0,411.0,388.0,393.0,0.26,20878.0,819.0,612.0
BPCL,3/22/2021,393.0,400.0,392.0,396.0,0.76,22486.0,819.0,612.0
BPCL,3/23/2021,396.0,413.0,396.0,405.0,2.27,118024.0,819.0,612.0
BPCL,3/24/2021,410.0,416.0,405.0,408.0,0.74,70113.0,819.0,612.0
BPCL,3/25/2021,408.0,415.0,402.0,407.0,-0.25,50104.0,819.0,612.0
BPCL,3/29/2021,405.0,409.0,397.0,404.0,-0.74,35405.0,819.0,612.0
BPCL,3/30/2021,385.0,412.0,385.0,404.0,0.0,29497.0,819.0,612.0
BPCL,3/31/2021,409.0,410.0,403.0,404.0,0.0,25733.0,819.0,612.0
BPCL,4/1/2021,410.0,411.0,403.0,407.0,0.74,56035.0,819.0,612.0
BPCL,4/4/2021,406.0,414.0,406.0,410.0,0.74,62574.0,819.0,612.0
BPCL,4/5/2021,415.0,415.0,405.0,409.0,-0.24,37712.0,819.0,612.0
BPCL,4/6/2021,415.0,449.0,404.0,447.0,9.29,367903.0,819.0,612.0
BPCL,4/7/2021,460.0,465.0,429.0,432.0,-3.36,136136.0,819.0,612.0
BPCL,4/8/2021,427.0,431.0,420.0,422.0,-2.31,73559.0,819.0,612.0
BPCL,4/12/2021,420.0,427.0,412.0,420.0,-0.47,53453.0,819.0,612.0
BPCL,4/13/2021,420.0,428.0,416.0,425.0,1.19,50957.0,819.0,612.0
BPCL,4/15/2021,420.0,431.0,420.0,427.0,0.47,45025.0,819.0,612.0
BPCL,4/18/2021,430.0,430.0,419.0,423.0,-0.94,46840.0,819.0,612.0
BPCL,4/19/2021,419.0,427.0,417.0,419.0,-0.95,37100.0,819.0,612.0
BPCL,4/20/2021,415.0,425.0,415.0,420.0,0.24,28046.0,819.0,612.0
BPCL,4/21/2021,416.0,425.0,413.0,417.0,-0.71,34936.0,819.0,612.0
BPCL,4/22/2021,411.0,423.0,411.0,419.0,0.48,45815.0,819.0,612.0
BPCL,4/25/2021,420.0,420.0,406.0,408.0,-2.63,44594.0,819.0,612.0
BPCL,4/26/2021,400.0,413.0,397.0,398.0,-2.45,50711.0,819.0,612.0
BPCL,4/27/2021,398.0,409.0,398.0,409.0,2.76,25453.0,819.0,612.0
BPCL,4/28/2021,405.0,410.0,400.0,405.0,-0.98,34864.0,819.0,612.0
BPCL,4/29/2021,397.0,413.0,397.0,411.0,1.48,34239.0,819.0,612.0
BPCL,5/2/2021,431.0,438.0,415.0,426.0,3.65,129267.0,819.0,612.0
BPCL,5/3/2021,405.0,437.0,405.0,425.0,-0.23,73222.0,819.0,612.0
BPCL,5/4/2021,425.0,426.0,418.0,423.0,-0.47,27141.0,819.0,612.0
BPCL,5/5/2021,431.0,431.0,418.0,422.0,-0.24,23625.0,819.0,612.0
BPCL,5/6/2021,421.0,423.0,415.0,417.0,-1.18,51624.0,819.0,612.0
BPCL,5/9/2021,414.0,417.0,412.0,414.0,-0.72,30710.0,819.0,612.0
BPCL,5/10/2021,418.0,418.0,410.0,414.0,0.0,17651.0,819.0,612.0
BPCL,5/11/2021,410.0,423.0,408.0,416.0,0.48,123321.0,819.0,612.0
BPCL,5/12/2021,420.0,422.0,413.0,413.0,-0.72,59327.0,819.0,612.0
BPCL,5/13/2021,413.0,419.0,412.0,417.0,0.97,62439.0,819.0,612.0
BPCL,5/16/2021,422.0,429.0,419.0,424.0,1.68,112208.0,819.0,612.0
BPCL,5/17/2021,444.0,444.0,421.0,427.0,0.71,66624.0,819.0,612.0
BPCL,5/18/2021,448.0,469.0,427.0,469.0,9.84,431480.0,819.0,612.0
BPCL,5/19/2021,492.0,492.0,445.0,454.0,-3.2,314999.0,819.0,612.0
BPCL,5/20/2021,450.0,474.0,441.0,457.0,0.66,158192.0,819.0,612.0
BPCL,5/23/2021,450.0,461.0,437.0,456.0,-0.22,111064.0,819.0,612.0
BPCL,5/24/2021,465.0,475.0,460.0,466.0,2.19,171888.0,819.0,612.0
BPCL,5/25/2021,464.0,480.0,462.0,479.0,2.79,226789.0,819.0,612.0
BPCL,5/27/2021,479.0,526.0,479.0,526.0,9.81,502918.0,819.0,612.0
BPCL,5/30/2021,550.0,578.0,530.0,558.0,6.08,730116.0,819.0,612.0
BPCL,5/31/2021,560.0,571.0,515.0,519.0,-6.99,441099.0,819.0,612.0
BPCL,6/1/2021,500.0,539.0,500.0,515.0,-0.77,174019.0,819.0,612.0
BPCL,6/2/2021,525.0,547.0,515.0,540.0,4.85,198193.0,819.0,612.0
BPCL,6/3/2021,567.0,567.0,522.0,525.0,-2.78,202203.0,819.0,612.0
BPCL,6/6/2021,525.0,533.0,512.0,517.0,-1.52,124851.0,819.0,612.0
BPCL,6/7/2021,542.0,542.0,515.0,520.0,0.58,166792.0,819.0,612.0
BPCL,6/8/2021,546.0,546.0,520.0,524.0,0.77,133968.0,819.0,612.0
BPCL,6/9/2021,550.0,550.0,518.0,526.0,0.38,105328.0,819.0,612.0
BPCL,6/10/2021,550.0,550.0,524.0,539.0,2.47,166560.0,819.0,612.0
BPCL,6/13/2021,533.0,575.0,533.0,562.0,4.27,292609.0,819.0,612.0
BPCL,6/14/2021,590.0,590.0,537.0,551.0,-1.96,200607.0,819.0,612.0
BPCL,6/15/2021,562.0,562.0,533.0,537.0,-2.54,107917.0,819.0,612.0
BPCL,6/16/2021,537.0,546.0,511.0,520.0,-3.17,132434.0,819.0,612.0
BPCL,6/17/2021,520.0,546.0,510.0,533.0,2.5,202682.0,819.0,612.0
BPCL,6/20/2021,540.0,544.0,512.0,518.0,-2.81,77201.0,819.0,612.0
BPCL,6/21/2021,516.0,522.0,490.0,491.0,-5.21,121491.0,819.0,612.0
BPCL,6/22/2021,492.0,521.0,486.0,513.0,4.48,91086.0,819.0,612.0
BPCL,6/23/2021,518.0,527.0,499.0,504.0,-1.75,67660.0,819.0,612.0
BPCL,6/24/2021,504.0,514.0,493.0,499.0,-0.99,63254.0,819.0,612.0
BPCL,6/27/2021,523.0,548.0,509.0,525.0,5.21,243182.0,819.0,612.0
BPCL,6/28/2021,551.0,551.0,512.0,514.0,-2.1,79810.0,819.0,612.0
BPCL,6/29/2021,524.0,524.0,502.0,505.0,-1.75,51414.0,819.0,612.0
BPCL,6/30/2021,500.0,505.0,492.0,500.0,-0.99,52559.0,819.0,612.0
BPCL,7/1/2021,510.0,525.0,497.0,518.0,3.6,328552.0,819.0,612.0
BPCL,7/4/2021,528.0,528.0,514.0,516.0,-0.39,76293.0,819.0,612.0
BPCL,7/5/2021,516.0,521.0,504.0,506.0,-1.94,57468.0,819.0,612.0
BPCL,7/6/2021,505.0,515.0,496.0,504.0,-0.4,55996.0,819.0,612.0
BPCL,7/7/2021,505.0,505.0,496.0,497.0,-1.39,38652.0,819.0,612.0
BPCL,7/8/2021,494.0,500.0,494.0,498.0,0.2,43995.0,819.0,612.0
BPCL,7/11/2021,498.0,513.0,498.0,509.0,2.21,58024.0,819.0,612.0
BPCL,7/12/2021,515.0,520.0,498.0,500.0,-1.77,133367.0,819.0,612.0
BPCL,7/13/2021,500.0,510.0,499.0,500.0,0.0,44191.0,819.0,612.0
BPCL,7/14/2021,506.0,509.0,496.0,503.0,0.6,49990.0,819.0,612.0
BPCL,7/15/2021,513.0,519.0,504.0,506.0,0.6,68276.0,819.0,612.0
BPCL,7/18/2021,515.0,523.0,511.0,516.0,1.98,63271.0,819.0,612.0
BPCL,7/19/2021,516.0,530.0,516.0,520.0,0.78,88950.0,819.0,612.0
BPCL,7/20/2021,525.0,530.0,517.0,521.1,0.21,66471.0,819.0,612.0
BPCL,7/22/2021,529.0,533.3,523.0,528.0,1.32,109542.0,819.0,612.0
BPCL,7/25/2021,537.0,538.0,525.0,526.0,-0.38,93378.0,819.0,612.0
BPCL,7/26/2021,527.0,540.0,527.0,535.9,1.88,113675.0,819.0,612.0
BPCL,7/27/2021,540.0,570.0,535.0,558.0,4.12,254827.0,819.0,612.0
BPCL,7/28/2021,569.1,590.0,552.0,556.0,-0.36,198300.0,819.0,612.0
BPCL,7/29/2021,567.0,567.0,542.5,549.0,-1.26,72848.0,819.0,612.0
BPCL,8/1/2021,555.0,568.0,550.0,560.0,2.0,130509.0,819.0,612.0
BPCL,8/2/2021,565.0,580.0,560.0,563.0,0.54,155625.0,819.0,612.0
BPCL,8/3/2021,573.0,573.0,552.0,563.0,0.0,74994.0,819.0,612.0
BPCL,8/4/2021,570.0,606.0,570.0,589.9,4.78,356647.0,819.0,612.0
BPCL,8/5/2021,600.0,630.0,587.0,614.0,4.09,422333.0,819.0,612.0
BPCL,8/8/2021,626.0,674.0,617.0,669.0,8.96,589078.0,819.0,612.0
BPCL,8/9/2021,680.0,703.0,666.4,679.0,1.49,432621.0,819.0,612.0
BPCL,8/10/2021,680.0,682.0,650.0,652.1,-3.96,300186.0,819.0,612.0
BPCL,8/11/2021,651.0,682.0,645.0,660.0,1.21,221225.0,819.0,612.0
BPCL,8/12/2021,660.0,673.0,646.0,655.0,-0.76,199936.0,819.0,612.0
BPCL,8/15/2021,655.0,655.0,590.0,620.0,-5.34,368178.0,819.0,612.0
BPCL,8/16/2021,625.0,632.0,608.0,622.0,0.32,111691.0,819.0,612.0
BPCL,8/17/2021,623.0,660.0,623.0,634.0,1.93,157914.0,819.0,612.0
BPCL,8/18/2021,646.6,660.0,629.0,635.0,0.16,205062.0,819.0,612.0
BPCL,8/19/2021,637.0,650.0,616.0,618.0,-2.68,155348.0,819.0,612.0
BPCL,8/24/2021,610.0,610.0,590.0,591.0,-4.37,152951.0,819.0,612.0
BPCL,8/25/2021,580.59,622.0,565.0,587.0,-0.68,133244.0,819.0,612.0
BPCL,8/26/2021,598.7,631.3,594.0,624.0,6.3,151603.0,819.0,612.0
BPCL,8/29/2021,636.4,640.0,605.0,610.0,-2.24,98109.0,819.0,612.0
BPCL,8/31/2021,605.0,616.0,584.0,588.0,-3.61,111437.0,819.0,612.0
BPCL,9/1/2021,599.0,606.0,585.0,588.0,0.0,70904.0,819.0,612.0
BPCL,9/2/2021,588.0,598.0,565.0,575.0,-2.21,81151.0,819.0,612.0
BPCL,9/5/2021,575.0,575.0,519.0,535.0,-6.96,116321.0,819.0,612.0
BPCL,9/6/2021,540.0,588.5,525.0,587.0,9.72,127873.0,819.0,612.0
BPCL,9/7/2021,596.0,598.0,563.9,575.0,-2.04,60078.0,819.0,612.0
BPCL,9/8/2021,565.0,574.8,551.0,557.0,-3.13,46876.0,819.0,612.0
BPCL,9/9/2021,558.0,565.0,550.0,554.9,-0.38,47404.0,819.0,612.0
BPCL,9/12/2021,565.9,595.6,565.0,592.0,6.69,113645.0,819.0,612.0
BPCL,9/13/2021,598.0,610.0,580.0,584.0,-1.35,59704.0,819.0,612.0
BPCL,9/14/2021,595.0,595.0,573.0,573.6,-1.78,36227.0,819.0,612.0
BPCL,9/15/2021,570.0,580.0,562.0,564.0,-1.67,43331.0,819.0,612.0
BPCL,9/16/2021,575.2,575.2,535.0,543.8,-3.58,84202.0,819.0,612.0
BPCL,9/20/2021,533.0,551.0,510.0,510.0,-6.22,85027.0,819.0,612.0
BPCL,9/21/2021,500.0,538.0,483.0,508.0,-0.39,66337.0,819.0,612.0
BPCL,9/22/2021,510.0,540.0,510.0,537.0,5.71,53394.0,819.0,612.0
BPCL,9/23/2021,541.0,550.0,529.0,532.0,-0.93,37632.0,819.0,612.0
BPCL,9/26/2021,532.0,535.0,511.0,511.0,-3.95,29573.0,819.0,612.0
BPCL,9/27/2021,521.2,535.0,500.0,500.3,-2.09,56754.0,819.0,612.0
BPCL,9/28/2021,501.0,508.0,475.0,477.5,-4.56,55802.0,819.0,612.0
BPCL,9/29/2021,475.0,504.0,463.0,500.0,4.71,42547.0,819.0,612.0
BPCL,9/30/2021,500.0,510.0,488.1,490.0,-2.0,26440.0,819.0,612.0
BPCL,10/3/2021,497.0,497.0,473.4,478.0,-2.45,38253.0,819.0,612.0
BPCL,10/4/2021,470.0,478.0,460.0,467.0,-2.3,27042.0,819.0,612.0
BPCL,10/5/2021,475.0,480.0,465.0,480.0,2.78,27291.0,819.0,612.0
BPCL,10/6/2021,489.0,493.5,483.0,491.0,2.29,21252.0,819.0,612.0
BPCL,10/10/2021,500.0,512.2,495.9,500.0,1.83,21097.0,819.0,612.0
BPCL,10/11/2021,500.0,510.0,490.0,502.0,0.4,10656.0,819.0,612.0
BPCL,10/17/2021,492.0,509.0,492.0,500.0,-0.4,5552.0,819.0,612.0
BPCL,10/18/2021,493.0,497.0,485.1,485.1,-2.98,17713.0,819.0,612.0
BPCL,10/19/2021,478.0,481.0,459.0,463.0,-4.56,38258.0,819.0,612.0
BPCL,10/20/2021,472.2,492.0,472.0,473.0,2.16,17791.0,819.0,612.0
BPCL,10/21/2021,480.0,485.0,465.0,466.0,-1.48,12821.0,819.0,612.0
BPCL,10/24/2021,460.0,473.0,460.0,470.0,0.86,15667.0,819.0,612.0
BPCL,10/25/2021,478.9,507.0,478.9,498.0,5.96,32633.0,819.0,612.0
BPCL,10/26/2021,507.9,524.8,506.0,518.0,4.02,36513.0,819.0,612.0
BPCL,10/27/2021,520.0,530.0,505.0,517.6,-0.08,34188.0,819.0,612.0
BPCL,10/28/2021,517.6,521.0,510.0,516.0,-0.31,36776.0,819.0,612.0
BPCL,10/31/2021,520.0,545.0,510.0,543.0,5.23,56299.0,819.0,612.0
BPCL,11/1/2021,550.0,560.0,534.0,538.0,-0.92,42907.0,819.0,612.0
BPCL,11/2/2021,531.0,540.0,528.0,536.0,-0.37,19068.0,819.0,612.0
BPCL,11/3/2021,546.0,546.0,530.2,530.2,-1.08,38515.0,819.0,612.0
BPCL,11/8/2021,540.8,546.0,534.0,536.0,1.09,31565.0,819.0,612.0
BPCL,11/9/2021,536.1,538.0,511.0,515.0,-3.92,33296.0,819.0,612.0
BPCL,11/11/2021,517.0,517.0,496.0,497.0,-3.5,39845.0,819.0,612.0
BPCL,11/14/2021,497.0,513.0,497.0,502.0,1.01,20187.0,819.0,612.0
BPCL,11/15/2021,502.0,515.0,502.0,506.0,0.8,19317.0,819.0,612.0
BPCL,11/16/2021,506.0,521.0,505.0,519.0,2.57,23969.0,819.0,612.0
BPCL,11/17/2021,529.0,539.0,520.0,520.0,0.19,24779.0,819.0,612.0
BPCL,11/18/2021,510.0,527.0,510.0,510.0,-1.92,21435.0,819.0,612.0
BPCL,11/21/2021,515.0,520.0,505.2,515.0,0.98,9125.0,819.0,612.0
BPCL,11/22/2021,516.0,520.0,509.0,512.0,-0.58,12563.0,819.0,612.0
BPCL,11/23/2021,513.0,513.0,495.0,498.0,-2.73,28559.0,819.0,612.0
BPCL,11/24/2021,496.0,505.0,488.3,505.0,1.41,19888.0,819.0,612.0
BPCL,11/25/2021,505.0,509.9,497.1,500.0,-0.99,12903.0,819.0,612.0
BPCL,11/28/2021,491.0,495.0,481.0,485.0,-3.0,23936.0,819.0,612.0
BPCL,11/29/2021,485.0,491.0,479.0,484.9,-0.02,8273.0,819.0,612.0
BPCL,11/30/2021,490.0,493.0,479.0,484.0,-0.19,13510.0,819.0,612.0
BPCL,12/1/2021,485.2,490.0,480.2,480.2,-0.79,18662.0,819.0,612.0
BPCL,12/2/2021,482.0,489.7,475.0,476.0,-0.87,22515.0,819.0,612.0
BPCL,12/5/2021,480.0,484.0,457.1,460.0,-3.36,25478.0,819.0,612.0
BPCL,12/6/2021,455.0,474.0,436.0,472.0,2.61,33393.0,819.0,612.0
BPCL,12/7/2021,479.8,480.0,463.0,463.0,-1.91,12075.0,819.0,612.0
BPCL,12/8/2021,461.6,465.0,442.9,445.0,-3.89,18406.0,819.0,612.0
BPCL,12/9/2021,439.0,447.7,434.0,445.0,0.0,15036.0,819.0,612.0
BPCL,12/12/2021,440.0,453.0,429.3,430.0,-3.37,26411.0,819.0,612.0
BPCL,12/13/2021,422.0,422.0,398.0,409.0,-4.88,29900.0,819.0,612.0
BPCL,12/14/2021,417.1,438.6,412.0,438.6,7.24,13983.0,819.0,612.0
BPCL,12/15/2021,447.0,482.4,445.0,462.9,5.54,74933.0,819.0,612.0
BPCL,12/16/2021,465.0,470.0,458.0,460.0,-0.63,27424.0,819.0,612.0
BPCL,12/20/2021,468.0,469.0,449.6,451.0,-1.96,19440.0,819.0,612.0
BPCL,12/21/2021,454.0,459.0,451.1,458.0,1.55,8570.0,819.0,612.0
BPCL,12/22/2021,467.1,474.0,458.0,470.0,2.62,35034.0,819.0,612.0
BPCL,12/23/2021,479.0,498.0,471.0,482.6,2.68,58628.0,819.0,612.0
BPCL,12/26/2021,438.0,438.0,430.0,432.0,-10.48,37420.0,819.0,612.0
BPCL,12/27/2021,430.0,430.0,416.0,416.0,-3.7,24642.0,819.0,612.0
BPCL,12/28/2021,416.0,416.0,407.7,409.1,-1.66,18752.0,819.0,612.0
BPCL,12/29/2021,417.0,417.2,408.0,415.0,1.44,20136.0,819.0,612.0
BPCL,1/2/2022,415.0,416.0,410.0,415.0,0.0,10830.0,819.0,612.0
BPCL,1/3/2022,415.0,419.9,414.0,418.0,0.72,13872.0,819.0,612.0
BPCL,1/4/2022,412.0,425.0,410.0,424.0,1.44,15929.0,819.0,612.0
BPCL,1/5/2022,430.0,445.0,421.4,425.0,0.24,25832.0,819.0,612.0
BPCL,1/6/2022,420.0,433.0,420.0,430.9,1.39,13157.0,819.0,612.0
BPCL,1/9/2022,439.0,453.0,431.0,451.0,4.66,47660.0,819.0,612.0
BPCL,1/10/2022,455.0,464.0,445.0,449.5,-0.33,38615.0,819.0,612.0
BPCL,1/11/2022,450.0,488.0,446.0,457.0,1.67,31544.0,819.0,612.0
BPCL,1/12/2022,460.0,474.9,450.0,454.0,-0.66,32648.0,819.0,612.0
BPCL,1/13/2022,457.0,465.0,448.0,459.0,1.1,24014.0,819.0,612.0
BPCL,1/16/2022,468.0,485.0,468.0,479.0,4.36,46913.0,819.0,612.0
BPCL,1/17/2022,481.0,481.0,466.0,476.0,-0.63,31568.0,819.0,612.0
BPCL,1/18/2022,485.0,485.5,461.0,473.0,-0.63,28469.0,819.0,612.0
BPCL,1/19/2022,474.0,474.0,460.0,460.0,-2.75,25754.0,819.0,612.0
BPCL,1/20/2022,460.0,466.0,452.0,465.0,1.09,19267.0,819.0,612.0
BPCL,1/23/2022,474.0,474.0,451.0,459.0,-1.29,30667.0,819.0,612.0
BPCL,1/24/2022,450.0,455.0,436.0,437.0,-4.79,54678.0,819.0,612.0
BPCL,1/25/2022,430.0,450.0,426.0,435.0,-0.46,26212.0,819.0,612.0
BPCL,1/26/2022,430.5,438.0,426.5,426.5,-1.95,31305.0,819.0,612.0
BPCL,1/27/2022,430.0,438.0,425.2,426.0,-0.12,20457.0,819.0,612.0
BPCL,1/30/2022,434.5,450.0,434.5,450.0,5.63,28859.0,819.0,612.0
BPCL,1/31/2022,455.0,462.0,436.2,440.0,-2.22,21078.0,819.0,612.0
BPCL,2/1/2022,442.0,456.9,438.0,454.0,3.18,30293.0,819.0,612.0
BPCL,2/3/2022,463.0,473.0,460.0,460.7,1.48,54529.0,819.0,612.0
BPCL,2/6/2022,455.0,468.0,455.0,460.0,-0.15,38775.0,819.0,612.0
BPCL,2/7/2022,460.0,465.0,455.2,456.0,-0.87,19615.0,819.0,612.0
BPCL,2/8/2022,465.1,473.0,455.0,457.0,0.22,26186.0,819.0,612.0
BPCL,2/9/2022,448.0,455.0,444.1,445.0,-2.63,13824.0,819.0,612.0
BPCL,2/10/2022,453.0,453.0,434.2,439.0,-1.35,17098.0,819.0,612.0
BPCL,2/13/2022,440.0,440.0,424.0,425.0,-3.19,31166.0,819.0,612.0
BPCL,2/14/2022,420.0,432.9,420.0,427.0,0.47,17103.0,819.0,612.0
BPCL,2/15/2022,430.0,438.0,422.0,435.0,1.87,28269.0,819.0,612.0
BPCL,2/16/2022,443.7,443.7,428.5,429.0,-1.38,13235.0,819.0,612.0
BPCL,2/17/2022,435.0,435.0,426.0,429.1,0.02,6150.0,819.0,612.0
BPCL,2/20/2022,427.0,430.0,411.0,427.8,-0.3,19040.0,819.0,612.0
BPCL,2/21/2022,430.0,449.3,422.7,438.5,2.5,59864.0,819.0,612.0
BPCL,2/22/2022,445.8,447.0,437.6,439.0,0.11,15520.0,819.0,612.0
BPCL,2/23/2022,447.7,447.7,435.1,437.0,-0.46,16537.0,819.0,612.0
BPCL,2/24/2022,432.0,436.9,425.0,425.0,-2.75,30993.0,819.0,612.0
BPCL,2/27/2022,425.0,435.0,420.0,431.0,1.41,30306.0,819.0,612.0
BPCL,2/28/2022,439.6,448.3,424.0,425.0,-1.39,39974.0,819.0,612.0
BPCL,3/2/2022,425.0,425.0,410.0,410.0,-3.53,24331.0,819.0,612.0
BPCL,3/6/2022,405.0,416.0,403.0,405.3,-1.15,17391.0,819.0,612.0
BPCL,3/7/2022,410.0,413.0,404.0,405.0,-0.07,11115.0,819.0,612.0
BPCL,3/9/2022,405.9,406.0,397.0,399.0,-1.48,20925.0,819.0,612.0
BPCL,3/10/2022,400.0,410.9,395.0,410.0,2.76,14990.0,819.0,612.0
BPCL,3/13/2022,412.0,426.0,412.0,421.0,2.68,21017.0,819.0,612.0
BPCL,3/14/2022,425.0,425.0,415.0,419.0,-0.48,3889.0,819.0,612.0
BPCL,3/15/2022,424.9,424.9,411.0,412.0,-1.67,18574.0,819.0,612.0
BPCL,3/16/2022,415.0,426.3,408.0,415.0,0.73,15263.0,819.0,612.0
BPCL,3/20/2022,415.0,420.0,407.0,410.0,-1.2,10169.0,819.0,612.0
BPCL,3/21/2022,409.0,419.0,408.3,417.0,1.71,11603.0,819.0,612.0
BPCL,3/22/2022,424.0,424.0,415.0,415.5,-0.36,14112.0,819.0,612.0
BPCL,3/23/2022,420.0,420.0,410.0,411.0,-1.08,6597.0,819.0,612.0
BPCL,3/24/2022,415.0,415.0,408.0,410.0,-0.24,21917.0,819.0,612.0
BPCL,3/27/2022,417.0,417.0,401.1,402.0,-1.95,13809.0,819.0,612.0
BPCL,3/28/2022,405.0,405.0,398.0,400.3,-0.42,15604.0,819.0,612.0
BPCL,3/29/2022,404.0,405.0,398.0,401.0,0.17,16129.0,819.0,612.0
BPCL,3/30/2022,400.0,407.0,399.0,406.0,1.25,7822.0,819.0,612.0
BPCL,3/31/2022,413.0,413.0,400.2,401.0,-1.23,7312.0,819.0,612.0
BPCL,4/3/2022,400.0,400.0,396.0,397.0,-1.0,7806.0,819.0,612.0
BPCL,4/4/2022,398.0,399.0,387.2,395.0,-0.5,12918.0,819.0,612.0
BPCL,4/5/2022,397.2,397.2,385.0,387.0,-2.03,21031.0,819.0,612.0
BPCL,4/6/2022,385.0,388.0,373.0,379.0,-2.07,36420.0,819.0,612.0
BPCL,4/7/2022,378.1,385.0,376.5,384.0,1.32,12595.0,819.0,612.0
BPCL,4/11/2022,391.6,395.0,375.0,375.1,-2.32,16790.0,819.0,612.0
BPCL,4/12/2022,371.0,379.0,366.1,372.0,-0.83,14951.0,819.0,612.0
BPCL,4/13/2022,375.0,382.3,365.0,376.0,1.08,10552.0,819.0,612.0
BPCL,4/17/2022,383.5,387.0,375.1,377.0,0.27,7540.0,819.0,612.0
BPCL,4/18/2022,370.0,378.0,370.0,372.9,-1.09,7937.0,819.0,612.0
BPCL,4/19/2022,378.0,380.0,363.0,371.0,-0.51,8495.0,819.0,612.0
BPCL,4/20/2022,367.0,374.3,367.0,367.1,-1.05,10502.0,819.0,612.0
BPCL,4/21/2022,365.0,369.0,363.0,366.0,-0.3,9966.0,819.0,612.0
BPCL,4/24/2022,373.3,392.0,368.0,385.0,5.19,13107.0,819.0,612.0
BPCL,4/25/2022,392.0,393.0,380.0,380.0,-1.3,13599.0,819.0,612.0
BPCL,4/26/2022,380.0,386.0,376.0,378.0,-0.53,5707.0,819.0,612.0
BPCL,4/27/2022,379.9,382.0,371.0,379.0,0.26,2919.0,819.0,612.0
BPCL,4/28/2022,375.0,380.0,375.0,376.5,-0.66,5862.0,819.0,612.0
BPCL,5/2/2022,370.0,374.4,366.0,369.0,-1.99,6490.0,819.0,612.0
BPCL,5/4/2022,366.0,370.0,360.0,364.0,-1.36,13628.0,819.0,612.0
BPCL,5/5/2022,360.0,368.0,357.7,359.0,-1.37,8460.0,819.0,612.0
BPCL,5/8/2022,359.0,361.0,353.1,361.0,0.56,7238.0,819.0,612.0
BPCL,5/9/2022,361.0,371.3,360.0,367.1,1.69,11794.0,819.0,612.0
BPCL,5/10/2022,364.9,375.0,357.7,372.8,1.55,13987.0,819.0,612.0
BPCL,5/11/2022,380.0,385.0,372.0,385.0,3.27,10779.0,819.0,612.0
BPCL,5/12/2022,385.4,392.7,379.0,379.0,-1.56,11266.0,819.0,612.0
BPCL,5/17/2022,379.0,379.0,365.0,367.7,-2.98,6301.0,819.0,612.0
BPCL,5/18/2022,361.2,370.0,360.0,368.1,0.11,14569.0,819.0,612.0
BPCL,5/19/2022,374.0,380.0,364.0,364.0,-1.11,7307.0,819.0,612.0
BPCL,5/20/2022,370.0,370.0,364.0,366.0,0.55,3529.0,819.0,612.0
BPCL,5/23/2022,360.3,366.0,355.0,355.0,-3.01,9872.0,819.0,612.0
BPCL,5/24/2022,360.0,365.0,355.1,359.0,1.13,9031.0,819.0,612.0
BPCL,5/25/2022,356.0,375.5,356.0,361.6,0.72,7770.0,819.0,612.0
BPCL,5/26/2022,359.0,373.0,358.0,365.0,0.94,7721.0,819.0,612.0
BPCL,5/27/2022,361.0,366.0,361.0,363.0,-0.55,6336.0,819.0,612.0
BPCL,5/30/2022,363.0,365.0,356.1,357.5,-1.52,4413.0,819.0,612.0
BPCL,5/31/2022,352.0,360.0,348.0,351.0,-1.82,16301.0,819.0,612.0
BPCL,6/1/2022,358.0,358.0,348.0,350.0,-0.28,4212.0,819.0,612.0
BPCL,6/2/2022,351.0,357.0,344.0,346.0,-1.14,13417.0,819.0,612.0
BPCL,6/3/2022,342.1,347.0,336.0,337.2,-2.54,14760.0,819.0,612.0
BPCL,6/6/2022,338.0,349.0,331.3,336.0,-0.36,10879.0,819.0,612.0
BPCL,6/7/2022,332.0,340.0,326.0,327.5,-2.53,11160.0,819.0,612.0
BPCL,6/8/2022,325.0,343.5,321.2,341.0,4.12,6696.0,819.0,612.0
BPCL,6/9/2022,338.0,350.0,336.4,338.0,-0.88,8680.0,819.0,612.0
BPCL,6/10/2022,344.7,344.7,326.5,334.0,-1.18,5813.0,819.0,612.0
BPCL,6/13/2022,333.0,335.0,329.0,330.0,-1.2,4493.0,819.0,612.0
BPCL,6/14/2022,326.5,328.0,323.4,325.0,-1.52,6779.0,819.0,612.0
BPCL,6/15/2022,323.0,324.0,314.0,314.5,-3.23,16684.0,819.0,612.0
BPCL,6/16/2022,314.0,330.0,313.0,319.0,1.43,4411.0,819.0,612.0
BPCL,6/17/2022,318.0,325.3,318.0,318.1,-0.28,2338.0,819.0,612.0
BPCL,6/19/2022,315.1,315.1,310.0,310.0,-2.55,6831.0,819.0,612.0
BPCL,6/20/2022,310.0,310.0,300.0,300.6,-3.03,17619.0,819.0,612.0
BPCL,6/21/2022,295.2,321.0,295.2,309.0,2.79,8163.0,819.0,612.0
BPCL,6/22/2022,310.0,310.0,300.0,306.0,-0.97,6637.0,819.0,612.0
BPCL,6/23/2022,300.1,304.0,298.0,298.5,-2.45,10631.0,819.0,612.0
BPCL,6/24/2022,300.0,309.0,294.0,301.0,0.84,6293.0,819.0,612.0
BPCL,6/26/2022,307.0,322.9,306.0,322.9,7.28,17277.0,819.0,612.0
BPCL,6/27/2022,323.5,336.4,313.0,313.0,-3.07,13860.0,819.0,612.0
BPCL,6/28/2022,312.0,315.0,307.0,307.5,-1.76,3756.0,819.0,612.0
BPCL,6/29/2022,312.9,319.0,309.0,314.0,2.11,7922.0,819.0,612.0
BPCL,6/30/2022,315.0,329.4,315.0,328.0,4.46,11952.0,819.0,612.0
BPCL,7/1/2022,328.0,332.8,323.0,324.0,-1.22,6955.0,819.0,612.0
BPCL,7/3/2022,325.0,341.5,321.0,333.0,2.78,13237.0,819.0,612.0
BPCL,7/4/2022,338.9,346.0,333.5,333.5,0.15,28274.0,819.0,612.0
BPCL,7/5/2022,327.0,343.0,323.0,325.0,-2.55,7425.0,819.0,612.0
BPCL,7/6/2022,323.0,330.0,318.6,327.2,0.68,10846.0,819.0,612.0
BPCL,7/7/2022,333.7,338.0,324.2,327.0,-0.06,5729.0,819.0,612.0
BPCL,7/8/2022,324.0,327.0,318.0,321.0,-1.83,15391.0,819.0,612.0
BPCL,7/11/2022,315.0,320.0,307.0,307.1,-4.33,24489.0,819.0,612.0
BPCL,7/12/2022,310.0,315.9,300.0,307.0,-0.03,20194.0,819.0,612.0
BPCL,7/13/2022,313.0,319.8,308.0,319.8,4.17,11012.0,819.0,612.0
BPCL,7/14/2022,326.0,331.9,318.0,320.0,0.06,6334.0,819.0,612.0
BPCL,7/15/2022,325.0,325.0,320.0,322.0,0.63,2881.0,819.0,612.0
BPCL,7/17/2022,328.0,328.2,321.0,322.0,0.0,3873.0,819.0,612.0
BPCL,7/18/2022,320.0,328.0,316.0,326.0,1.24,6131.0,819.0,612.0
BPCL,7/19/2022,330.0,332.0,325.0,327.1,0.34,15770.0,819.0,612.0
BPCL,7/20/2022,327.0,331.4,318.0,329.0,0.58,5697.0,819.0,612.0
BPCL,7/21/2022,329.0,331.8,323.0,324.0,-1.52,10200.0,819.0,612.0
BPCL,7/22/2022,320.0,322.0,317.1,318.0,-1.85,5655.0,819.0,612.0
BPCL,7/24/2022,324.0,329.0,320.5,329.0,3.46,11875.0,819.0,612.0
BPCL,7/25/2022,330.0,342.0,330.0,339.0,3.04,23361.0,819.0,612.0
BPCL,7/26/2022,340.0,342.0,328.0,329.0,-2.95,23127.0,819.0,612.0
BPCL,7/27/2022,329.0,339.9,322.8,338.0,2.74,13809.0,819.0,612.0
BPCL,7/28/2022,342.0,345.8,335.0,336.0,-0.59,18439.0,819.0,612.0
BPCL,7/29/2022,338.0,340.0,336.0,336.0,0.0,10415.0,819.0,612.0
BPCL,7/31/2022,336.0,348.0,335.0,346.9,3.24,18703.0,819.0,612.0
BPCL,8/1/2022,353.5,377.0,346.5,371.0,6.95,70628.0,819.0,612.0
BPCL,8/2/2022,375.0,375.0,364.2,367.9,-0.84,22063.0,819.0,612.0
BPCL,8/3/2022,363.2,375.0,363.0,367.0,-0.24,28702.0,819.0,612.0
BPCL,8/4/2022,372.0,372.0,354.0,354.5,-3.41,25084.0,819.0,612.0
BPCL,8/5/2022,347.6,353.0,341.2,346.0,-2.4,17371.0,819.0,612.0
BPCL,8/7/2022,340.2,354.0,340.2,353.0,2.02,24560.0,819.0,612.0
BPCL,8/8/2022,360.0,366.9,348.0,348.1,-1.39,27225.0,819.0,612.0
BPCL,8/9/2022,342.1,350.0,334.5,334.8,-3.82,18351.0,819.0,612.0
BPCL,8/10/2022,336.0,338.9,329.5,338.0,0.96,10701.0,819.0,612.0
BPCL,8/11/2022,338.0,342.5,330.0,331.3,-1.98,11863.0,819.0,612.0
BPCL,8/14/2022,325.0,326.0,317.6,318.9,-3.74,20701.0,819.0,612.0
BPCL,8/15/2022,318.0,330.0,312.7,328.0,2.85,30748.0,819.0,612.0
BPCL,8/16/2022,334.5,334.5,321.6,323.0,-1.52,9932.0,819.0,612.0
BPCL,8/17/2022,325.0,327.0,318.5,321.0,-0.62,6737.0,819.0,612.0
BPCL,8/18/2022,321.0,332.0,319.0,329.0,2.49,16057.0,819.0,612.0
BPCL,8/21/2022,332.0,348.5,330.0,338.0,2.74,22649.0,819.0,612.0
BPCL,8/22/2022,337.0,337.0,329.0,332.0,-1.78,11386.0,819.0,612.0
BPCL,8/23/2022,331.1,332.0,327.0,328.0,-1.2,2175.0,819.0,612.0
BPCL,8/24/2022,328.0,330.0,325.1,325.1,-0.88,7396.0,819.0,612.0
BPCL,8/25/2022,324.1,330.0,320.0,321.0,-1.26,14450.0,819.0,612.0
BPCL,8/26/2022,315.3,320.0,315.3,316.0,-1.56,6385.0,819.0,612.0
BPCL,8/28/2022,316.0,320.8,310.1,310.3,-1.8,16221.0,819.0,612.0
BPCL,8/29/2022,310.0,314.0,309.0,310.5,0.06,11244.0,819.0,612.0
BPCL,8/30/2022,316.7,322.9,311.0,314.0,1.13,8529.0,819.0,612.0
BPCL,8/31/2022,317.0,317.0,310.0,314.0,0.0,5835.0,819.0,612.0
BPCL,9/1/2022,309.0,315.0,309.0,313.0,-0.32,7496.0,819.0,612.0
BPCL,9/2/2022,312.0,315.0,310.0,311.0,-0.64,4841.0,819.0,612.0
BPCL,9/4/2022,316.0,316.0,310.0,311.0,0.0,5489.0,819.0,612.0
BPCL,9/5/2022,311.0,312.0,309.1,309.1,-0.61,6567.0,819.0,612.0
BPCL,9/6/2022,310.0,310.0,305.0,308.0,-0.36,6713.0,819.0,612.0
BPCL,9/7/2022,307.0,308.0,305.0,306.3,-0.55,7986.0,819.0,612.0
BPCL,9/8/2022,306.0,310.0,304.0,308.0,0.56,4615.0,819.0,612.0
BPCL,9/11/2022,304.0,310.1,304.0,306.0,-0.65,4999.0,819.0,612.0
BPCL,9/12/2022,312.1,312.1,303.0,307.5,0.49,3216.0,819.0,612.0
BPCL,9/13/2022,303.0,310.0,303.0,308.0,0.16,5939.0,819.0,612.0
BPCL,9/14/2022,307.0,317.0,307.0,314.0,1.95,15975.0,819.0,612.0
BPCL,9/15/2022,310.0,312.0,303.2,303.5,-3.34,20951.0,819.0,612.0
BPCL,9/16/2022,300.0,307.0,295.0,302.0,-0.49,4740.0,819.0,612.0
BPCL,9/18/2022,300.0,302.0,298.0,299.0,-0.99,8952.0,819.0,612.0
BPCL,9/20/2022,296.0,296.0,292.0,292.1,-2.31,10845.0,819.0,612.0
BPCL,9/21/2022,297.9,297.9,290.0,292.0,-0.03,6327.0,819.0,612.0
BPCL,9/22/2022,295.0,297.7,291.0,291.0,-0.34,6764.0,819.0,612.0
BPCL,9/25/2022,296.8,296.8,288.0,290.0,-0.34,6296.0,819.0,612.0
BPCL,9/27/2022,295.0,295.0,290.0,291.0,0.34,3493.0,819.0,612.0
BPCL,9/28/2022,296.0,296.0,291.0,292.0,0.34,2035.0,819.0,612.0
BPCL,9/29/2022,292.0,297.0,292.0,296.0,1.37,2887.0,819.0,612.0
BPCL,10/9/2022,301.8,302.0,299.0,301.0,1.69,3370.0,819.0,612.0
BPCL,10/10/2022,307.0,307.0,298.1,299.0,-0.66,4448.0,819.0,612.0
BPCL,10/11/2022,299.0,299.0,296.0,296.1,-0.97,3545.0,819.0,612.0
BPCL,10/12/2022,293.0,298.9,293.0,295.8,-0.1,5511.0,819.0,612.0
BPCL,10/13/2022,299.0,299.0,293.0,298.0,0.74,7270.0,819.0,612.0
BPCL,10/16/2022,298.0,299.0,293.1,295.0,-1.01,4464.0,819.0,612.0
BPCL,10/17/2022,292.1,299.9,292.0,294.0,-0.34,2655.0,819.0,612.0
BPCL,10/19/2022,294.0,297.0,293.2,293.2,-0.27,6560.0,819.0,612.0
BPCL,10/20/2022,293.0,293.0,290.1,292.2,-0.34,4108.0,819.0,612.0
BPCL,10/23/2022,292.0,296.0,292.0,294.0,0.62,2949.0,819.0,612.0
BPCL,10/31/2022,291.0,303.0,291.0,301.0,2.38,9271.0,819.0,612.0
BPCL,11/1/2022,295.1,313.0,295.0,310.0,2.99,9812.0,819.0,612.0
BPCL,11/2/2022,315.0,315.0,303.8,308.0,-0.65,10633.0,819.0,612.0
BPCL,11/3/2022,310.0,310.0,305.0,305.1,-0.94,7142.0,819.0,612.0
BPCL,11/6/2022,300.2,312.0,300.2,311.0,1.93,4385.0,819.0,612.0
BPCL,11/7/2022,315.0,317.0,308.0,308.2,-0.9,43040.0,819.0,612.0
BPCL,11/8/2022,310.0,310.0,305.2,308.0,-0.06,2438.0,819.0,612.0
BPCL,11/9/2022,308.0,311.2,303.0,305.0,-0.97,9055.0,819.0,612.0
BPCL,11/10/2022,300.5,305.0,299.2,302.0,-0.98,4268.0,819.0,612.0
BPCL,11/13/2022,305.0,305.0,299.1,300.5,-0.5,4568.0,819.0,612.0
BPCL,11/14/2022,300.0,302.0,297.0,302.0,0.5,5013.0,819.0,612.0
BPCL,11/15/2022,307.0,307.0,303.0,305.0,0.99,2297.0,819.0,612.0
BPCL,11/16/2022,305.1,308.9,298.0,304.0,-0.33,15102.0,819.0,612.0
BPCL,11/17/2022,309.0,309.0,306.0,307.0,0.99,7016.0,819.0,612.0
BPCL,11/22/2022,309.0,312.0,305.0,305.0,-0.65,6014.0,819.0,612.0
BPCL,11/23/2022,308.0,309.0,300.0,306.0,0.33,2100.0,819.0,612.0
BPCL,11/24/2022,312.0,314.4,305.0,306.1,0.03,5737.0,819.0,612.0
BPCL,11/27/2022,307.0,311.0,306.3,308.0,0.62,6402.0,819.0,612.0
BPCL,11/28/2022,314.0,314.1,308.2,309.0,0.32,7923.0,819.0,612.0
BPCL,11/29/2022,309.0,312.0,306.0,310.0,0.32,6466.0,819.0,612.0
BPCL,11/30/2022,308.0,310.0,305.3,310.0,0.0,4220.0,819.0,612.0
BPCL,12/1/2022,310.0,312.7,306.3,308.0,-0.65,8115.0,819.0,612.0
BPCL,12/4/2022,308.0,311.0,307.0,308.5,0.16,4274.0,819.0,612.0
BPCL,12/5/2022,309.5,313.0,307.1,308.0,-0.16,13149.0,819.0,612.0
BPCL,12/6/2022,308.0,312.0,305.0,308.0,0.0,5696.0,819.0,612.0
BPCL,12/7/2022,304.9,307.0,304.9,305.1,-0.94,3829.0,819.0,612.0
BPCL,12/11/2022,304.5,309.5,300.3,304.0,-0.36,7633.0,819.0,612.0
BPCL,12/12/2022,301.0,306.0,300.0,305.8,0.59,6595.0,819.0,612.0
BPCL,12/13/2022,302.1,308.0,302.1,305.8,0.0,1221.0,819.0,612.0
BPCL,12/14/2022,305.0,306.0,302.0,302.6,-1.05,3996.0,819.0,612.0
BPCL,12/15/2022,300.5,306.0,300.5,301.1,-0.5,4195.0,819.0,612.0
BPCL,12/18/2022,303.0,303.0,297.0,300.0,-0.37,4330.0,819.0,612.0
BPCL,12/19/2022,299.9,302.0,296.1,301.8,0.6,4218.0,819.0,612.0
BPCL,12/20/2022,300.0,307.0,300.0,302.0,0.07,4972.0,819.0,612.0
BPCL,12/21/2022,300.0,304.0,300.0,302.2,0.07,2104.0,819.0,612.0
BPCL,12/22/2022,300.1,303.0,300.0,300.8,-0.46,5011.0,819.0,612.0
BPCL,12/26/2022,302.0,310.0,302.0,310.0,3.06,16502.0,819.0,612.0
BPCL,12/27/2022,310.0,320.2,310.0,319.5,3.06,17383.0,819.0,612.0
BPCL,12/28/2022,321.0,322.0,315.0,315.5,-1.25,10262.0,819.0,612.0
BPCL,12/29/2022,316.0,336.0,315.0,336.0,6.5,17104.0,819.0,612.0
BPCL,1/1/2023,342.0,348.0,337.0,338.5,0.74,40658.0,819.0,612.0
BPCL,1/2/2023,328.8,330.0,313.0,330.0,-2.51,26200.0,819.0,612.0
BPCL,1/3/2023,324.0,331.5,318.0,320.0,-3.03,18206.0,819.0,612.0
BPCL,1/4/2023,318.0,330.0,318.0,328.9,2.78,14072.0,819.0,612.0
BPCL,1/5/2023,332.0,332.0,322.0,327.0,-0.58,21407.0,819.0,612.0
BPCL,1/8/2023,333.0,333.0,323.0,326.0,-0.31,28577.0,819.0,612.0
BPCL,1/9/2023,330.0,342.9,322.5,335.0,2.76,51207.0,819.0,612.0
BPCL,1/10/2023,341.0,368.5,329.0,340.0,1.49,77367.0,819.0,612.0
BPCL,1/12/2023,346.8,355.0,325.0,332.0,-2.35,40773.0,819.0,612.0
BPCL,1/17/2023,328.1,342.0,327.0,340.0,2.41,29906.0,819.0,612.0
BPCL,1/18/2023,345.0,350.0,336.1,336.1,-1.15,21849.0,819.0,612.0
BPCL,1/19/2023,331.0,342.7,331.0,334.0,-0.62,12798.0,819.0,612.0
BPCL,1/23/2023,340.6,340.6,326.4,326.4,-2.28,11321.0,819.0,612.0
BPCL,1/24/2023,326.0,332.0,323.2,325.0,-0.43,12226.0,819.0,612.0
BPCL,1/25/2023,321.0,335.4,320.1,327.0,0.62,18463.0,819.0,612.0
BPCL,1/26/2023,327.0,333.0,327.0,332.9,1.8,14875.0,819.0,612.0
BPCL,1/29/2023,330.0,343.5,330.0,338.0,1.53,40319.0,819.0,612.0
BPCL,1/30/2023,344.7,344.7,328.3,330.0,-2.37,27674.0,819.0,612.0
BPCL,1/31/2023,335.0,335.0,323.5,330.0,0.0,11726.0,819.0,612.0
BPCL,2/1/2023,325.1,331.0,323.4,328.0,-0.61,14537.0,819.0,612.0
BPCL,2/2/2023,330.0,330.0,318.6,320.0,-2.44,15809.0,819.0,612.0
BPCL,2/5/2023,326.4,326.4,315.0,323.0,0.94,11326.0,819.0,612.0
BPCL,2/6/2023,322.1,328.4,318.3,322.0,-0.31,11978.0,819.0,612.0
BPCL,2/7/2023,322.0,336.0,322.0,335.5,4.19,21569.0,819.0,612.0
BPCL,2/8/2023,342.2,352.0,335.0,336.0,0.15,34601.0,819.0,612.0
BPCL,2/9/2023,340.0,342.0,335.0,338.5,0.74,15894.0,819.0,612.0
BPCL,2/12/2023,340.0,340.0,323.5,325.0,-3.99,16676.0,819.0,612.0
BPCL,2/14/2023,325.0,330.9,324.9,326.0,0.31,10790.0,819.0,612.0
BPCL,2/15/2023,326.0,330.0,320.4,325.0,-0.31,11960.0,819.0,612.0
BPCL,2/16/2023,331.5,338.0,318.1,318.1,-2.12,13473.0,819.0,612.0
BPCL,2/20/2023,322.0,322.0,313.3,313.3,-1.51,10607.0,819.0,612.0
BPCL,2/22/2023,319.5,328.0,319.5,325.0,3.73,15093.0,819.0,612.0
BPCL,2/23/2023,319.0,322.0,313.2,318.0,-2.15,13471.0,819.0,612.0
BPCL,2/26/2023,312.7,320.0,308.0,319.0,0.31,11073.0,819.0,612.0
BPCL,2/27/2023,322.0,323.0,315.8,318.0,-0.31,4231.0,819.0,612.0
BPCL,2/28/2023,315.6,328.8,315.0,321.0,0.94,6725.0,819.0,612.0
BPCL,3/1/2023,316.0,321.0,314.0,318.0,-0.93,7317.0,819.0,612.0
BPCL,3/2/2023,315.0,318.0,312.2,312.7,-1.67,8951.0,819.0,612.0
BPCL,3/5/2023,315.0,317.5,309.3,317.5,1.54,12116.0,819.0,612.0
BPCL,3/7/2023,317.0,325.0,317.0,324.0,2.05,14537.0,819.0,612.0
BPCL,3/9/2023,330.0,337.0,323.8,329.0,1.54,19682.0,819.0,612.0
BPCL,3/12/2023,333.0,335.0,325.0,325.1,-1.19,8341.0,819.0,612.0
BPCL,3/13/2023,320.0,325.0,318.6,320.0,-1.57,4808.0,819.0,612.0
BPCL,3/14/2023,320.0,324.0,316.0,320.0,0.0,2947.0,819.0,612.0
BPCL,3/15/2023,324.9,325.0,316.0,318.0,-0.62,5117.0,819.0,612.0
BPCL,3/16/2023,318.0,320.0,315.0,318.0,0.0,3608.0,819.0,612.0
BPCL,3/19/2023,320.0,324.0,318.1,319.0,0.31,6748.0,819.0,612.0
BPCL,3/20/2023,325.0,325.0,319.0,324.9,1.85,3975.0,819.0,612.0
BPCL,3/22/2023,326.0,327.0,320.1,320.1,-1.48,7349.0,819.0,612.0
BPCL,3/23/2023,314.0,324.0,314.0,320.0,-0.03,4986.0,819.0,612.0
BPCL,3/26/2023,315.1,318.5,314.0,314.0,-1.88,7696.0,819.0,612.0
BPCL,3/27/2023,309.0,320.0,309.0,318.0,1.27,10763.0,819.0,612.0
BPCL,3/28/2023,320.0,324.0,317.1,319.2,0.38,4381.0,819.0,612.0
BPCL,3/29/2023,325.5,325.5,314.0,319.5,0.09,7733.0,819.0,612.0
BPCL,3/30/2023,313.6,324.0,313.6,317.6,-0.59,2453.0,819.0,612.0
BPCL,4/2/2023,323.9,323.9,314.0,315.0,-0.82,6044.0,819.0,612.0
BPCL,4/3/2023,318.0,318.9,312.0,312.6,-0.76,5265.0,819.0,612.0
BPCL,4/4/2023,315.0,315.0,311.0,313.0,0.13,4768.0,819.0,612.0
BPCL,4/5/2023,307.1,316.0,307.1,315.1,0.67,3728.0,819.0,612.0
BPCL,4/6/2023,316.0,319.5,313.2,314.0,-0.35,4651.0,819.0,612.0
BPCL,4/9/2023,316.5,316.5,308.0,308.0,-1.91,8167.0,819.0,612.0
BPCL,4/10/2023,312.0,312.0,306.3,306.3,-0.55,7335.0,819.0,612.0
BPCL,4/11/2023,312.0,312.0,306.1,309.0,0.88,5587.0,819.0,612.0
BPCL,4/12/2023,315.1,324.0,311.0,320.0,3.56,9095.0,819.0,612.0
BPCL,4/13/2023,325.0,325.0,318.6,320.0,0.0,12331.0,819.0,612.0
BPCL,4/16/2023,315.0,322.5,314.0,320.0,0.0,7249.0,819.0,612.0
BPCL,4/17/2023,315.7,320.0,315.7,319.0,-0.31,2877.0,819.0,612.0
BPCL,4/18/2023,317.0,319.0,315.0,319.0,0.0,1968.0,819.0,612.0
BPCL,4/19/2023,319.0,319.0,315.0,319.0,0.0,3582.0,819.0,612.0
BPCL,4/20/2023,313.1,323.0,310.0,313.0,-1.88,5860.0,819.0,612.0
BPCL,4/23/2023,314.0,314.0,308.0,310.0,-0.96,6828.0,819.0,612.0
BPCL,4/24/2023,310.0,314.9,309.0,309.4,-0.19,4085.0,819.0,612.0
BPCL,4/25/2023,309.4,316.0,309.4,313.0,1.16,6776.0,819.0,612.0
BPCL,4/26/2023,306.8,319.0,306.8,318.0,1.6,7452.0,819.0,612.0
BPCL,4/27/2023,312.3,315.0,310.0,312.4,-1.76,3214.0,819.0,612.0
BPCL,4/30/2023,307.0,312.0,307.0,309.0,-1.09,3833.0,819.0,612.0
BPCL,5/2/2023,310.0,314.0,307.2,309.0,0.0,2393.0,819.0,612.0
BPCL,5/3/2023,307.0,309.0,307.0,307.1,-0.61,3408.0,819.0,612.0
BPCL,5/4/2023,308.0,330.0,306.1,323.4,5.31,5868.0,819.0,612.0
BPCL,5/7/2023,317.0,319.5,312.5,312.5,-3.37,3641.0,819.0,612.0
BPCL,5/8/2023,307.2,312.0,307.0,308.0,-1.44,3751.0,819.0,612.0
BPCL,5/9/2023,307.0,313.0,306.0,312.0,1.3,3791.0,819.0,612.0
BPCL,5/10/2023,318.1,318.2,312.0,314.0,0.64,5854.0,819.0,612.0
BPCL,5/11/2023,320.0,320.0,312.0,312.0,-0.64,6164.0,819.0,612.0
BPCL,5/14/2023,311.5,312.0,305.0,308.2,-1.22,10857.0,819.0,612.0
BPCL,5/15/2023,308.0,310.0,305.0,309.9,0.55,3776.0,819.0,612.0
BPCL,5/16/2023,307.0,313.0,305.1,311.0,0.35,4648.0,819.0,612.0
BPCL,5/17/2023,311.0,313.0,310.0,311.9,0.29,5788.0,819.0,612.0
BPCL,5/18/2023,315.0,318.0,312.0,317.9,1.92,4587.0,819.0,612.0
BPCL,5/21/2023,324.0,324.0,310.0,318.0,0.03,10859.0,819.0,612.0
BPCL,5/22/2023,317.9,319.0,313.0,315.0,-0.94,3060.0,819.0,612.0
BPCL,5/23/2023,315.0,321.0,315.0,319.0,1.27,8661.0,819.0,612.0
BPCL,5/24/2023,319.0,323.0,316.1,319.8,0.25,8234.0,819.0,612.0
BPCL,5/28/2023,319.3,325.5,319.3,320.2,0.13,21393.0,819.0,612.0
BPCL,5/30/2023,315.0,318.9,312.1,315.1,-1.59,8235.0,819.0,612.0
BPCL,5/31/2023,312.0,317.0,308.9,308.9,-1.97,9514.0,819.0,612.0
BPCL,6/1/2023,312.0,314.0,307.3,311.0,0.68,7855.0,819.0,612.0
BPCL,6/4/2023,317.0,321.8,314.0,319.8,2.83,10195.0,819.0,612.0
BPCL,6/5/2023,320.0,340.0,319.3,330.0,3.19,62748.0,819.0,612.0
BPCL,6/6/2023,329.8,349.0,329.8,348.5,5.61,80365.0,819.0,612.0
BPCL,6/7/2023,355.0,356.0,341.6,344.0,-1.29,29344.0,819.0,612.0
BPCL,6/8/2023,339.5,346.0,338.0,342.0,-0.58,36153.0,819.0,612.0
BPCL,6/11/2023,342.3,348.9,342.3,348.6,1.93,29695.0,819.0,612.0
BPCL,6/12/2023,348.0,354.8,338.1,339.0,-2.75,26891.0,819.0,612.0
BPCL,6/13/2023,345.6,349.0,339.0,345.0,1.77,31316.0,819.0,612.0
BPCL,6/14/2023,350.0,354.0,341.0,343.1,-0.55,32384.0,819.0,612.0
BPCL,6/15/2023,347.0,347.0,339.2,342.0,-0.32,20801.0,819.0,612.0
BPCL,6/18/2023,345.0,365.0,341.0,352.0,2.92,29074.0,819.0,612.0
BPCL,6/19/2023,355.0,355.0,345.1,347.0,-1.42,13660.0,819.0,612.0
BPCL,6/20/2023,345.1,352.0,336.0,336.2,-3.11,21077.0,819.0,612.0
BPCL,6/21/2023,336.2,341.4,331.0,332.0,-1.25,19664.0,819.0,612.0
BPCL,6/22/2023,338.6,338.6,327.0,327.0,-1.51,15781.0,819.0,612.0
BPCL,6/25/2023,327.0,340.0,327.0,339.0,3.67,28800.0,819.0,612.0
BPCL,6/26/2023,339.1,350.0,333.0,333.0,-1.77,18440.0,819.0,612.0
BPCL,6/27/2023,339.6,345.1,333.0,342.6,2.88,24141.0,819.0,612.0
BPCL,6/28/2023,340.0,348.8,335.8,339.0,-1.05,24461.0,819.0,612.0
BPCL,7/2/2023,338.1,338.1,327.0,328.0,-3.24,21820.0,819.0,612.0
BPCL,7/3/2023,325.0,330.0,323.4,324.0,-1.22,18401.0,819.0,612.0
BPCL,7/4/2023,330.0,330.0,323.7,325.0,0.31,7991.0,819.0,612.0
BPCL,7/5/2023,331.5,331.5,320.0,322.0,-0.92,13436.0,819.0,612.0
BPCL,7/6/2023,320.1,324.0,316.0,317.0,-1.55,14807.0,819.0,612.0
BPCL,7/9/2023,322.0,329.0,321.0,326.9,3.12,11963.0,819.0,612.0
BPCL,7/10/2023,329.0,333.0,320.0,325.0,-0.58,8801.0,819.0,612.0
BPCL,7/11/2023,325.0,325.0,319.1,319.1,-1.82,9677.0,819.0,612.0
BPCL,7/12/2023,324.0,335.0,321.0,331.0,3.73,12948.0,819.0,612.0
BPCL,7/13/2023,335.0,341.0,327.3,327.3,-1.12,11483.0,819.0,612.0
BPCL,7/16/2023,327.0,330.5,323.0,330.5,0.98,9240.0,819.0,612.0
BPCL,7/17/2023,326.0,334.0,326.0,333.0,0.76,8079.0,819.0,612.0
BPCL,7/18/2023,339.5,339.5,331.0,334.0,0.3,11544.0,819.0,612.0
BPCL,7/19/2023,327.5,334.1,327.5,330.0,-1.2,8727.0,819.0,612.0
BPCL,7/20/2023,325.3,342.9,325.3,333.3,1.0,26102.0,819.0,612.0
BPCL,7/23/2023,339.0,339.0,332.3,334.2,0.27,13875.0,819.0,612.0
BPCL,7/24/2023,335.0,342.9,335.0,338.0,1.14,24593.0,819.0,612.0
BPCL,7/25/2023,338.0,343.0,330.1,331.0,-2.07,10860.0,819.0,612.0
BPCL,7/26/2023,332.0,334.0,329.0,329.0,-0.6,5141.0,819.0,612.0
BPCL,7/27/2023,333.0,333.0,325.0,325.0,-1.22,10061.0,819.0,612.0
BPCL,7/30/2023,325.0,330.0,323.4,325.0,0.0,7245.0,819.0,612.0
BPCL,7/31/2023,331.0,331.0,323.0,324.0,-0.31,3572.0,819.0,612.0
BPCL,8/1/2023,324.0,328.0,318.2,320.0,-1.23,9944.0,819.0,612.0
BPCL,8/2/2023,326.0,332.0,314.0,324.0,1.25,11082.0,819.0,612.0
BPCL,8/3/2023,330.0,330.0,319.7,322.9,-0.34,6698.0,819.0,612.0
BPCL,8/6/2023,328.9,328.9,315.1,315.5,-2.29,7095.0,819.0,612.0
BPCL,8/7/2023,315.0,320.0,313.1,316.0,0.16,6261.0,819.0,612.0
BPCL,8/8/2023,316.0,322.0,315.0,317.0,0.32,7858.0,819.0,612.0
BPCL,8/9/2023,312.0,321.0,312.0,321.0,1.26,11679.0,819.0,612.0
BPCL,8/10/2023,321.0,327.4,316.1,321.5,0.16,5573.0,819.0,612.0
BPCL,8/13/2023,322.0,326.0,316.1,321.0,-0.16,9519.0,819.0,612.0
BPCL,8/14/2023,320.5,324.0,318.0,319.5,-0.47,6935.0,819.0,612.0
BPCL,8/15/2023,314.1,318.8,313.2,314.0,-1.72,8554.0,819.0,612.0
BPCL,8/16/2023,319.9,319.9,308.5,308.5,-1.75,10043.0,819.0,612.0
BPCL,8/17/2023,314.5,332.9,307.0,309.0,0.16,16715.0,819.0,612.0
BPCL,8/20/2023,315.0,315.0,307.3,307.6,-0.45,11696.0,819.0,612.0
BPCL,8/21/2023,309.0,313.0,307.1,308.0,0.13,6988.0,819.0,612.0
BPCL,8/22/2023,302.0,320.0,302.0,320.0,3.9,9005.0,819.0,612.0
BPCL,8/23/2023,320.0,322.8,312.0,317.0,-0.94,11746.0,819.0,612.0
BPCL,8/24/2023,311.1,315.0,308.0,311.0,-1.89,8581.0,819.0,612.0
BPCL,8/27/2023,310.0,311.0,307.0,307.0,-1.29,5001.0,819.0,612.0
BPCL,8/28/2023,307.0,312.0,307.0,307.5,0.16,4716.0,819.0,612.0
BPCL,8/29/2023,313.0,313.0,307.0,307.0,-0.16,4175.0,819.0,612.0
BPCL,8/30/2023,307.0,311.9,307.0,307.4,0.13,3293.0,819.0,612.0
BPCL,9/3/2023,307.0,307.0,302.0,304.0,-1.11,22317.0,819.0,612.0
BPCL,9/4/2023,306.0,308.0,302.0,304.0,0.0,8693.0,819.0,612.0
BPCL,9/5/2023,310.0,310.0,302.1,303.0,-0.33,3176.0,819.0,612.0
BPCL,9/7/2023,303.5,304.0,298.4,299.0,-1.32,8153.0,819.0,612.0
BPCL,9/10/2023,303.0,303.0,299.7,299.7,0.23,9323.0,819.0,612.0
BPCL,9/11/2023,300.0,306.5,300.0,304.1,1.47,5571.0,819.0,612.0
BPCL,9/12/2023,310.0,316.0,303.8,303.8,-0.1,4704.0,819.0,612.0
BPCL,9/13/2023,305.0,313.0,304.1,310.0,2.04,5147.0,819.0,612.0
BPCL,9/17/2023,314.7,314.7,302.5,305.9,-1.32,5317.0,819.0,612.0
BPCL,9/18/2023,306.0,307.0,303.0,307.0,0.36,1484.0,819.0,612.0
BPCL,9/19/2023,302.2,309.7,302.2,309.0,0.65,5857.0,819.0,612.0
BPCL,9/21/2023,314.0,318.0,313.0,316.4,2.39,22795.0,819.0,612.0
BPCL,9/24/2023,317.0,317.0,311.0,311.6,-1.52,7679.0,819.0,612.0
BPCL,9/25/2023,310.1,315.0,308.5,309.0,-0.83,3192.0,819.0,612.0
BPCL,9/26/2023,311.0,320.0,311.0,315.0,1.94,9923.0,819.0,612.0
BPCL,9/27/2023,311.5,314.0,311.0,313.0,-0.63,7929.0,819.0,612.0
BPCL,10/1/2023,310.0,314.8,303.0,306.6,-2.04,4377.0,819.0,612.0
BPCL,10/2/2023,310.5,310.5,304.5,304.5,-0.68,14834.0,819.0,612.0
BPCL,10/3/2023,304.0,307.0,301.6,303.0,-0.49,8293.0,819.0,612.0
BPCL,10/4/2023,300.0,309.0,300.0,306.5,1.16,6947.0,819.0,612.0
BPCL,10/5/2023,307.0,307.9,301.8,304.0,-0.82,10716.0,819.0,612.0
BPCL,10/8/2023,304.1,306.0,299.1,301.0,-0.99,12638.0,819.0,612.0
BPCL,10/9/2023,298.3,304.0,298.3,299.5,-0.5,6281.0,819.0,612.0
BPCL,10/10/2023,296.5,300.0,293.0,296.0,-1.17,17866.0,819.0,612.0
BPCL,10/11/2023,296.0,300.0,294.3,298.0,0.68,5951.0,819.0,612.0
BPCL,10/12/2023,298.0,300.0,295.2,297.0,-0.34,5455.0,819.0,612.0
BPCL,10/16/2023,293.0,298.0,293.0,294.5,-0.84,6250.0,819.0,612.0
BPCL,10/17/2023,294.4,301.9,294.4,296.3,0.61,3066.0,819.0,612.0
BPCL,10/18/2023,297.3,305.0,297.3,300.5,1.42,4598.0,819.0,612.0
BPCL,10/19/2023,306.0,306.0,300.0,300.7,0.07,4105.0,819.0,612.0
BPCL,10/29/2023,295.0,300.0,295.0,299.9,-0.27,4956.0,819.0,612.0
BPCL,10/30/2023,294.1,299.9,294.1,299.9,0.0,4394.0,819.0,612.0
BPCL,10/31/2023,298.0,300.0,297.0,297.6,-0.77,2710.0,819.0,612.0
BPCL,11/1/2023,301.9,301.9,296.3,296.9,-0.24,3489.0,819.0,612.0
BPCL,11/2/2023,295.0,299.5,294.9,297.0,0.03,3945.0,819.0,612.0
BPCL,11/5/2023,297.0,299.8,294.1,294.1,-0.98,4875.0,819.0,612.0
BPCL,11/6/2023,295.0,299.9,294.4,296.0,0.65,7854.0,819.0,612.0
BPCL,11/7/2023,296.2,300.8,296.0,297.7,0.57,2628.0,819.0,612.0
BPCL,11/8/2023,295.2,301.0,295.2,298.0,0.1,1892.0,819.0,612.0
BPCL,11/9/2023,298.0,299.9,295.0,297.1,-0.3,2774.0,819.0,612.0
BPCL,11/20/2023,302.9,303.0,295.3,295.3,-0.61,2632.0,819.0,612.0
BPCL,11/21/2023,295.0,298.0,292.1,294.0,-0.44,3333.0,819.0,612.0
BPCL,11/22/2023,295.0,299.5,295.0,296.1,0.71,3372.0,819.0,612.0
BPCL,11/23/2023,296.1,300.0,296.1,299.0,0.98,3710.0,819.0,612.0
BPCL,11/26/2023,295.2,305.5,295.1,305.5,2.17,7208.0,819.0,612.0
BPCL,11/27/2023,299.5,307.9,299.5,302.0,-1.15,7517.0,819.0,612.0
BPCL,11/28/2023,302.1,306.0,299.0,303.0,0.33,4720.0,819.0,612.0
BPCL,11/29/2023,302.0,304.0,301.0,301.0,-0.66,2599.0,819.0,612.0
BPCL,11/30/2023,306.0,306.0,297.3,298.9,-0.7,3712.0,819.0,612.0
BPCL,12/3/2023,304.8,304.8,295.0,297.1,-0.6,4537.0,819.0,612.0
BPCL,12/4/2023,297.0,300.0,295.2,295.2,-0.64,6141.0,819.0,612.0
BPCL,12/5/2023,295.3,298.9,295.3,297.3,0.71,2690.0,819.0,612.0
BPCL,12/6/2023,295.2,298.7,295.2,296.5,-0.27,1832.0,819.0,612.0
BPCL,12/7/2023,295.0,301.0,295.0,297.2,0.24,4685.0,819.0,612.0
BPCL,12/10/2023,303.1,315.0,303.1,315.0,5.99,550.0,819.0,612.0
BPCL,12/11/2023,321.3,321.3,306.0,311.0,-1.27,18151.0,819.0,612.0
BPCL,12/12/2023,311.0,317.1,310.5,315.1,1.32,20387.0,819.0,612.0
BPCL,12/13/2023,320.0,320.0,312.0,313.2,-0.6,19623.0,819.0,612.0
BPCL,12/14/2023,307.5,317.0,307.5,315.0,0.57,7633.0,819.0,612.0
BPCL,12/17/2023,308.7,311.0,294.0,309.9,-1.62,61389.0,819.0,612.0
BPCL,12/18/2023,310.0,316.1,305.0,311.0,0.35,42471.0,819.0,612.0
BPCL,12/19/2023,315.0,320.0,309.6,316.5,1.77,27025.0,819.0,612.0
BPCL,12/20/2023,316.0,319.0,313.0,316.0,-0.16,32067.0,819.0,612.0
BPCL,12/21/2023,318.0,318.0,310.0,311.0,-1.58,25808.0,819.0,612.0
BPCL,12/24/2023,308.5,313.5,308.0,308.8,-0.71,23388.0,819.0,612.0
BPCL,12/27/2023,310.1,310.1,305.5,306.2,-0.84,12222.0,819.0,612.0
BPCL,12/28/2023,304.1,310.5,300.1,305.0,-0.39,33759.0,819.0,612.0
BPCL,1/1/2024,309.5,309.5,299.0,301.9,-1.02,29509.0,819.0,612.0
BPCL,1/2/2024,302.0,302.0,295.3,296.1,-1.92,16413.0,819.0,612.0
BPCL,1/3/2024,300.0,306.0,299.0,302.0,1.99,20194.0,819.0,612.0
BPCL,1/4/2024,306.0,310.0,299.1,299.5,-0.83,11138.0,819.0,612.0
BPCL,1/7/2024,303.0,307.9,299.0,299.5,0.0,20427.0,819.0,612.0
BPCL,1/8/2024,301.0,305.0,299.6,303.0,1.17,29570.0,819.0,612.0
BPCL,1/9/2024,309.0,314.0,302.5,303.0,0.0,24707.0,819.0,612.0
BPCL,1/10/2024,307.0,307.0,300.0,303.0,0.0,14776.0,819.0,612.0
BPCL,1/11/2024,300.0,305.0,300.0,303.1,0.03,16310.0,819.0,612.0
BPCL,1/14/2024,309.1,312.0,300.1,310.0,2.28,30735.0,819.0,612.0
BPCL,1/16/2024,316.0,341.0,316.0,341.0,10.0,88532.0,819.0,612.0
BPCL,1/17/2024,347.8,360.0,323.4,330.0,-3.23,120690.0,819.0,612.0
BPCL,1/18/2024,330.0,340.0,318.0,339.0,2.73,38125.0,819.0,612.0
BPCL,1/21/2024,333.0,340.0,327.0,327.0,-3.54,34300.0,819.0,612.0
BPCL,1/22/2024,321.0,332.5,316.1,320.0,-2.14,32124.0,819.0,612.0
BPCL,1/23/2024,326.0,326.4,315.0,316.0,-1.25,23863.0,819.0,612.0
BPCL,1/24/2024,318.0,329.0,312.0,316.0,0.0,24390.0,819.0,612.0
BPCL,1/25/2024,313.2,322.3,312.0,313.6,-0.76,21309.0,819.0,612.0
BPCL,1/28/2024,319.8,320.0,312.0,314.9,0.41,10254.0,819.0,612.0
BPCL,1/29/2024,321.1,327.4,316.1,318.0,0.98,18492.0,819.0,612.0
BPCL,1/30/2024,324.0,324.0,318.0,318.9,0.28,17777.0,819.0,612.0
BPCL,1/31/2024,320.0,323.9,316.0,316.0,-0.91,22545.0,819.0,612.0
BPCL,2/1/2024,313.1,319.3,310.0,310.0,-1.9,15897.0,819.0,612.0
BPCL,2/4/2024,310.0,315.9,310.0,312.0,0.65,11628.0,819.0,612.0
BPCL,2/5/2024,315.0,318.1,311.0,313.0,0.32,11840.0,819.0,612.0
BPCL,2/6/2024,316.9,316.9,310.6,314.1,0.35,10446.0,819.0,612.0
BPCL,2/7/2024,312.1,318.0,312.0,315.1,0.32,5100.0,819.0,612.0
BPCL,2/8/2024,317.0,317.1,314.0,315.9,0.25,10216.0,819.0,612.0
BPCL,2/11/2024,316.0,325.0,314.0,317.5,0.51,18770.0,819.0,612.0
BPCL,2/12/2024,323.5,323.8,316.0,318.0,0.16,9308.0,819.0,612.0
BPCL,2/13/2024,315.0,318.0,310.1,311.5,-2.04,11869.0,819.0,612.0
BPCL,2/14/2024,306.4,315.0,306.4,310.0,-0.48,8580.0,819.0,612.0
BPCL,2/15/2024,310.0,314.5,310.0,311.3,0.42,12369.0,819.0,612.0
BPCL,2/18/2024,311.3,315.0,307.0,307.5,-1.22,19573.0,819.0,612.0
BPCL,2/20/2024,308.0,309.0,303.0,308.3,0.26,8110.0,819.0,612.0
BPCL,2/21/2024,308.3,321.0,308.1,308.8,0.16,13813.0,819.0,612.0
BPCL,2/22/2024,306.1,310.0,303.1,304.0,-1.55,19794.0,819.0,612.0
BPCL,2/25/2024,310.0,316.0,300.3,300.5,-1.15,11107.0,819.0,612.0
BPCL,2/26/2024,306.5,312.0,301.2,302.0,0.5,8876.0,819.0,612.0
BPCL,2/27/2024,299.0,307.9,299.0,303.8,0.6,6358.0,819.0,612.0
BPCL,2/28/2024,309.0,309.0,302.9,303.7,-0.03,2971.0,819.0,612.0
BPCL,2/29/2024,303.0,304.0,300.0,300.2,-1.15,13548.0,819.0,612.0
BPCL,3/3/2024,297.1,302.9,295.1,301.0,0.27,9550.0,819.0,612.0
BPCL,3/4/2024,304.9,329.0,304.9,329.0,9.3,370.0,819.0,612.0
BPCL,3/5/2024,335.0,335.0,309.0,311.0,-5.47,15871.0,819.0,612.0
BPCL,3/6/2024,315.0,315.5,308.0,309.0,-0.64,7797.0,819.0,612.0
BPCL,3/7/2024,315.0,321.0,308.2,310.0,0.32,7339.0,819.0,612.0
BPCL,3/10/2024,316.2,316.2,311.5,312.0,0.65,4009.0,819.0,612.0
BPCL,3/12/2024,314.0,316.4,311.2,316.0,1.28,13741.0,819.0,612.0
BPCL,3/13/2024,316.0,318.0,312.0,314.5,-0.47,6475.0,819.0,612.0
BPCL,3/14/2024,314.0,316.1,311.1,311.1,-1.08,6799.0,819.0,612.0
BPCL,3/17/2024,308.2,313.9,308.2,310.0,-0.35,3187.0,819.0,612.0
BPCL,3/18/2024,309.0,313.9,308.0,309.2,-0.26,5398.0,819.0,612.0
BPCL,3/19/2024,309.0,312.0,308.5,310.0,0.26,8112.0,819.0,612.0
BPCL,3/20/2024,316.0,316.0,306.0,306.1,-1.26,7418.0,819.0,612.0
BPCL,3/21/2024,312.2,312.2,306.0,307.0,0.29,8294.0,819.0,612.0
BPCL,3/25/2024,305.0,308.0,303.4,304.0,-0.98,10724.0,819.0,612.0
BPCL,3/26/2024,304.4,308.0,304.0,305.1,0.36,7516.0,819.0,612.0
BPCL,3/27/2024,308.0,308.0,304.0,304.0,-0.36,7561.0,819.0,612.0
BPCL,3/28/2024,301.1,306.5,301.1,305.0,0.33,4274.0,819.0,612.0
BPCL,3/31/2024,301.0,303.0,300.4,301.0,-1.31,14561.0,819.0,612.0
BPCL,4/1/2024,307.0,307.0,300.0,300.9,-0.03,7593.0,819.0,612.0
BPCL,4/2/2024,306.0,306.0,300.0,300.0,-0.3,8385.0,819.0,612.0
BPCL,4/3/2024,305.0,305.0,298.5,299.1,-0.3,10080.0,819.0,612.0
BPCL,4/4/2024,304.0,304.0,296.1,296.1,-1.0,14534.0,819.0,612.0
BPCL,4/7/2024,302.0,302.0,296.0,297.8,0.57,12704.0,819.0,612.0
BPCL,4/9/2024,303.7,303.7,298.0,300.0,0.74,14482.0,819.0,612.0
BPCL,4/10/2024,300.0,300.6,297.1,298.0,-0.67,10516.0,819.0,612.0
BPCL,4/14/2024,303.9,309.9,297.2,299.8,0.6,5829.0,819.0,612.0
BPCL,4/15/2024,305.7,305.7,297.0,298.0,-0.6,9489.0,819.0,612.0
BPCL,4/16/2024,298.0,303.0,296.1,298.0,0.0,4314.0,819.0,612.0
BPCL,4/18/2024,296.0,297.0,295.5,297.0,-0.34,3883.0,819.0,612.0
BPCL,4/21/2024,296.0,296.0,292.0,294.0,-1.01,12615.0,819.0,612.0
BPCL,4/22/2024,299.8,299.8,294.0,294.0,0.0,5154.0,819.0,612.0
BPCL,4/24/2024,294.0,297.0,292.6,293.1,-0.31,4991.0,819.0,612.0
BPCL,4/25/2024,295.0,295.0,292.2,292.8,-0.1,5333.0,819.0,612.0
BPCL,4/28/2024,295.0,297.0,293.0,294.0,0.41,10729.0,819.0,612.0
BPCL,4/29/2024,296.9,298.0,294.0,296.0,0.68,4866.0,819.0,612.0
BPCL,4/30/2024,296.0,298.0,294.1,296.8,0.27,7849.0,819.0,612.0
BPCL,5/2/2024,302.7,302.7,296.5,296.6,-0.07,5510.0,819.0,612.0
BPCL,5/5/2024,295.0,300.9,293.5,293.5,-1.05,4890.0,819.0,612.0
BPCL,5/6/2024,299.3,299.3,292.0,292.0,-0.51,15474.0,819.0,612.0
BPCL,5/7/2024,297.0,297.0,291.5,291.5,-0.17,5386.0,819.0,612.0
BPCL,5/8/2024,290.0,296.9,290.0,290.0,-0.51,5720.0,819.0,612.0
BPCL,5/9/2024,294.9,294.9,288.0,292.0,0.69,7586.0,819.0,612.0
BPCL,5/12/2024,289.1,292.0,289.0,290.0,-0.68,8184.0,819.0,612.0
BPCL,5/13/2024,284.4,293.0,284.4,291.0,0.34,7971.0,819.0,612.0
BPCL,5/14/2024,296.8,296.8,290.0,294.5,1.2,4481.0,819.0,612.0
BPCL,5/15/2024,294.5,299.8,290.1,294.0,-0.17,5355.0,819.0,612.0
BPCL,5/16/2024,291.1,296.9,291.1,295.0,0.34,7070.0,819.0,612.0
BPCL,5/19/2024,295.0,299.0,295.0,298.0,1.02,18288.0,819.0,612.0
BPCL,5/20/2024,299.5,304.9,299.0,299.0,0.34,14374.0,819.0,612.0
BPCL,5/21/2024,304.9,304.9,296.7,299.0,0.0,6499.0,819.0,612.0
BPCL,5/22/2024,300.0,302.0,297.5,299.6,0.2,16880.0,819.0,612.0
BPCL,5/26/2024,299.0,304.0,298.1,301.0,0.47,8465.0,819.0,612.0
BPCL,5/27/2024,300.0,303.0,299.0,299.2,-0.6,12040.0,819.0,612.0
BPCL,5/29/2024,305.1,305.1,297.7,297.7,-0.5,8882.0,819.0,612.0
BPCL,5/30/2024,293.5,298.0,293.5,294.4,-1.11,7084.0,819.0,612.0
BPCL,6/2/2024,295.0,295.9,292.7,295.9,0.51,5658.0,819.0,612.0
BPCL,6/3/2024,296.4,298.0,292.0,292.0,-1.32,13312.0,819.0,612.0
BPCL,6/4/2024,292.0,295.5,292.0,294.0,0.68,5106.0,819.0,612.0
BPCL,6/5/2024,292.1,295.6,291.8,292.0,-0.68,9098.0,819.0,612.0
BPCL,6/6/2024,296.9,296.9,290.3,290.3,-0.58,8135.0,819.0,612.0
BPCL,6/9/2024,296.1,296.1,289.2,289.9,-0.14,9741.0,819.0,612.0
BPCL,6/10/2024,295.6,295.6,289.7,291.0,0.38,7558.0,819.0,612.0
BPCL,6/11/2024,296.8,298.0,291.0,297.0,2.06,13806.0,819.0,612.0
BPCL,6/12/2024,300.0,300.0,294.3,296.9,-0.03,11984.0,819.0,612.0
BPCL,6/13/2024,293.0,295.0,292.0,293.0,-1.31,10704.0,819.0,612.0
BPCL,6/16/2024,297.0,297.0,292.2,293.3,0.1,14819.0,819.0,612.0
BPCL,6/18/2024,298.0,298.0,292.0,293.0,-0.1,13666.0,819.0,612.0
BPCL,6/19/2024,292.0,295.0,292.0,293.0,0.0,5496.0,819.0,612.0
BPCL,6/20/2024,298.8,298.8,291.2,292.8,-0.07,7008.0,819.0,612.0
BPCL,6/23/2024,295.0,295.9,289.4,292.9,0.03,13004.0,819.0,612.0
BPCL,6/24/2024,290.1,294.0,290.0,290.0,-0.99,10139.0,819.0,612.0
BPCL,6/25/2024,294.0,294.0,290.0,291.1,0.38,8209.0,819.0,612.0
BPCL,6/26/2024,296.0,296.0,290.0,290.0,-0.38,8784.0,819.0,612.0
BPCL,6/27/2024,289.0,294.0,288.5,289.5,-0.17,10213.0,819.0,612.0
BPCL,6/30/2024,295.0,295.0,288.0,288.2,-0.45,7558.0,819.0,612.0
BPCL,7/1/2024,287.0,290.0,286.0,288.2,0.0,7528.0,819.0,612.0
BPCL,7/2/2024,293.9,304.0,290.0,291.0,0.97,15795.0,819.0,612.0
BPCL,7/3/2024,296.0,296.0,286.7,291.4,0.14,6233.0,819.0,612.0
BPCL,7/4/2024,290.0,294.5,290.0,292.2,0.27,13277.0,819.0,612.0
BPCL,7/7/2024,296.79,296.79,291.4,292.6,0.14,14929.0,819.0,612.0
BPCL,7/8/2024,289.5,294.8,289.5,294.0,0.48,13202.0,819.0,612.0
BPCL,7/9/2024,291.1,293.9,290.0,293.0,-0.34,21697.0,819.0,612.0
BPCL,7/10/2024,293.1,296.5,292.6,296.5,1.19,8862.0,819.0,612.0
BPCL,7/11/2024,296.79,299.9,295.0,298.9,0.81,23275.0,819.0,612.0
BPCL,7/14/2024,304.8,310.0,300.0,309.8,3.65,29360.0,819.0,612.0
BPCL,7/15/2024,312.0,324.0,302.0,310.0,0.06,30245.0,819.0,612.0
BPCL,7/16/2024,316.0,323.0,308.0,322.0,3.87,52999.0,819.0,612.0
BPCL,7/17/2024,325.0,329.0,319.0,327.5,1.71,49481.0,819.0,612.0
BPCL,7/18/2024,331.7,336.0,322.6,330.2,0.82,63422.0,819.0,612.0
BPCL,7/21/2024,329.0,362.9,325.0,349.5,5.84,94475.0,819.0,612.0
BPCL,7/22/2024,352.0,356.4,335.8,351.3,0.52,84378.0,819.0,612.0
BPCL,7/23/2024,345.0,369.9,345.0,368.9,5.01,129438.0,819.0,612.0
BPCL,7/24/2024,376.2,376.2,352.8,355.0,-3.77,121679.0,819.0,612.0
BPCL,7/25/2024,355.0,362.1,347.0,357.0,0.56,58599.0,819.0,612.0
BPCL,7/28/2024,364.1,374.0,353.0,364.0,1.96,72939.0,819.0,612.0
BPCL,7/29/2024,370.0,399.0,360.0,375.0,3.02,219242.0,819.0,612.0
BPCL,7/30/2024,371.4,385.7,370.0,385.3,2.75,124329.0,819.0,612.0
BPCL,7/31/2024,390.0,403.9,387.0,395.6,2.67,124700.0,819.0,612.0
BPCL,8/1/2024,395.0,402.0,381.0,386.0,-2.43,122068.0,819.0,612.0
BPCL,8/5/2024,386.0,421.0,385.2,419.0,8.55,201308.0,819.0,612.0
BPCL,8/6/2024,419.0,459.9,404.0,406.0,-3.1,253892.0,819.0,612.0
BPCL,8/7/2024,400.0,441.5,399.0,440.0,8.37,126155.0,819.0,612.0
BPCL,8/8/2024,440.0,456.0,430.1,434.0,-1.36,141548.0,819.0,612.0
BPCL,8/11/2024,434.0,453.0,434.0,447.0,3.0,152207.0,819.0,612.0
BPCL,8/12/2024,455.0,455.0,440.0,445.0,-0.45,133173.0,819.0,612.0
BPCL,8/13/2024,445.0,452.9,431.2,438.0,-1.57,96729.0,819.0,612.0
BPCL,8/14/2024,440.0,446.0,424.0,442.0,0.91,131616.0,819.0,612.0
BPCL,8/15/2024,444.0,486.2,442.0,486.2,10.0,352853.0,819.0,612.0
BPCL,8/18/2024,495.9,515.9,491.0,508.9,4.67,415388.0,819.0,612.0
BPCL,8/21/2024,508.9,516.0,498.9,504.0,-0.96,178457.0,819.0,612.0
BPCL,8/22/2024,512.0,536.5,500.2,525.1,4.19,243694.0,819.0,612.0
BPCL,8/25/2024,523.0,526.1,500.0,513.0,-2.3,186172.0,819.0,612.0
BPCL,8/27/2024,513.0,513.0,480.0,492.9,-3.92,208728.0,819.0,612.0
BPCL,8/28/2024,486.0,506.0,480.2,488.0,-0.99,158969.0,819.0,612.0
BPCL,8/29/2024,497.0,497.0,470.4,473.0,-3.07,101925.0,819.0,612.0
BPCL,9/1/2024,471.0,474.0,447.1,455.0,-3.81,111237.0,819.0,612.0
BPCL,9/2/2024,460.0,500.0,437.1,499.9,9.87,98953.0,819.0,612.0
BPCL,9/3/2024,508.9,533.0,490.0,495.0,-0.98,210568.0,819.0,612.0
BPCL,9/4/2024,504.9,504.9,471.0,490.0,-1.01,123216.0,819.0,612.0
BPCL,9/5/2024,480.2,482.0,466.8,475.0,-3.06,59492.0,819.0,612.0
BPCL,9/8/2024,484.0,495.0,475.0,478.0,0.63,84825.0,819.0,612.0
BPCL,9/9/2024,470.0,478.0,460.0,460.4,-3.68,53710.0,819.0,612.0
BPCL,9/10/2024,467.0,475.0,445.0,446.1,-3.11,41494.0,819.0,612.0
BPCL,9/11/2024,446.2,450.0,442.0,442.4,-0.83,63776.0,819.0,612.0
BPCL,9/12/2024,436.0,462.0,436.0,456.0,3.07,53915.0,819.0,612.0
BPCL,9/15/2024,460.0,465.0,440.0,441.0,-3.29,67163.0,819.0,612.0
BPCL,9/16/2024,447.9,448.0,417.1,423.0,-4.08,57389.0,819.0,612.0
BPCL,9/18/2024,425.0,426.2,407.0,415.0,-1.89,32258.0,819.0,612.0
BPCL,9/22/2024,415.0,429.9,415.0,418.0,0.72,25817.0,819.0,612.0
BPCL,9/23/2024,420.0,422.0,395.0,396.0,-5.26,35891.0,819.0,612.0
BPCL,9/24/2024,396.0,411.0,390.0,390.5,-1.39,37627.0,819.0,612.0
BPCL,9/25/2024,398.3,415.0,385.0,410.0,4.99,25549.0,819.0,612.0
BPCL,9/26/2024,410.0,410.0,392.0,392.0,-4.39,18411.0,819.0,612.0
BPCL,9/29/2024,392.0,393.0,380.0,385.1,-1.76,21851.0,819.0,612.0
BPCL,9/30/2024,385.0,392.8,384.6,390.0,1.27,11104.0,819.0,612.0
BPCL,10/1/2024,397.0,429.0,397.0,429.0,10.0,84766.0,819.0,612.0
BPCL,10/2/2024,437.5,444.0,421.0,428.0,-0.23,59400.0,819.0,612.0
BPCL,10/6/2024,430.0,453.0,422.0,449.0,4.91,36845.0,819.0,612.0
BPCL,10/7/2024,450.0,464.0,449.0,454.0,1.11,33631.0,819.0,612.0
BPCL,10/8/2024,450.0,488.0,441.2,485.0,6.83,41257.0,819.0,612.0
BPCL,10/9/2024,475.3,488.0,459.5,475.3,-2.0,37511.0,819.0,612.0
BPCL,10/15/2024,480.0,480.0,466.0,472.0,-0.69,23135.0,819.0,612.0
BPCL,10/16/2024,480.0,490.0,465.0,477.0,1.06,30693.0,819.0,612.0
BPCL,10/17/2024,480.0,487.5,471.0,487.5,2.2,54352.0,819.0,612.0
BPCL,10/20/2024,477.8,480.0,463.0,463.0,-5.03,45872.0,819.0,612.0
BPCL,10/21/2024,472.0,472.0,447.0,452.0,-2.38,29846.0,819.0,612.0
BPCL,10/22/2024,445.0,465.0,445.0,456.0,0.88,20769.0,819.0,612.0
BPCL,10/23/2024,460.0,463.0,446.0,449.0,-1.54,20374.0,819.0,612.0
BPCL,10/24/2024,455.0,455.1,441.0,450.1,0.24,29722.0,819.0,612.0
BPCL,10/27/2024,459.0,459.0,438.5,440.0,-2.24,15902.0,819.0,612.0
BPCL,10/28/2024,439.1,455.0,435.0,450.0,2.27,12576.0,819.0,612.0
BPCL,10/29/2024,459.0,466.2,455.1,455.2,1.16,26721.0,819.0,612.0
BPCL,10/30/2024,463.0,468.0,446.1,450.0,-1.14,18480.0,819.0,612.0
BPCL,11/5/2024,459.0,463.0,450.0,455.0,1.11,12147.0,819.0,612.0
BPCL,11/6/2024,455.0,457.9,450.0,450.0,-1.1,13820.0,819.0,612.0
BPCL,11/10/2024,450.0,468.0,450.0,467.5,3.89,36127.0,819.0,612.0
BPCL,11/11/2024,476.4,478.0,458.8,459.0,-1.82,34521.0,819.0,612.0
BPCL,11/12/2024,467.0,477.0,461.2,468.0,1.96,57924.0,819.0,612.0
BPCL,11/13/2024,467.6,475.9,451.0,451.0,-3.63,26396.0,819.0,612.0
BPCL,11/14/2024,455.0,460.0,451.0,453.8,0.62,38497.0,819.0,612.0
BPCL,11/17/2024,462.8,463.0,454.0,455.3,0.33,20766.0,819.0,612.0
BPCL,11/19/2024,460.0,460.0,446.4,446.4,-1.95,20297.0,819.0,612.0
BPCL,11/20/2024,446.0,454.9,445.6,447.0,0.13,18263.0,819.0,612.0
BPCL,11/21/2024,447.0,450.0,441.0,441.0,-1.34,14435.0,819.0,612.0
BPCL,11/24/2024,449.0,449.0,440.1,443.0,0.45,7504.0,819.0,612.0
BPCL,11/25/2024,439.1,446.0,438.0,438.5,-1.02,29511.0,819.0,612.0
BPCL,11/26/2024,446.0,463.9,440.2,446.1,1.73,10648.0,819.0,612.0
BPCL,11/27/2024,454.0,459.0,450.0,455.5,2.11,21759.0,819.0,612.0
BPCL,11/28/2024,464.0,464.0,445.0,449.0,-1.43,16929.0,819.0,612.0
BPCL,12/1/2024,449.0,449.0,430.0,441.4,-1.69,14332.0,819.0,612.0
BPCL,12/2/2024,449.0,450.0,438.1,439.0,-0.54,25750.0,819.0,612.0
BPCL,12/3/2024,447.6,455.0,442.0,443.1,0.93,13247.0,819.0,612.0
BPCL,12/4/2024,443.1,459.0,440.0,446.0,0.65,22994.0,819.0,612.0
BPCL,12/5/2024,453.5,453.8,440.2,442.5,-0.78,21713.0,819.0,612.0
BPCL,12/8/2024,445.0,445.0,433.0,434.0,-1.92,38212.0,819.0,612.0
BPCL,12/9/2024,441.0,441.0,416.0,418.0,-3.69,38774.0,819.0,612.0
BPCL,12/10/2024,425.9,425.9,409.7,414.0,-0.96,20826.0,819.0,612.0
BPCL,12/11/2024,414.0,419.1,400.0,417.0,0.72,20958.0,819.0,612.0
BPCL,12/12/2024,417.0,423.9,408.0,411.9,-1.22,19202.0,819.0,612.0
BPCL,12/16/2024,407.0,417.9,398.0,399.9,-2.91,23208.0,819.0,612.0
BPCL,12/17/2024,392.0,412.9,390.0,394.0,-1.48,27142.0,819.0,612.0
BPCL,12/18/2024,400.0,405.9,390.1,392.0,-0.51,10153.0,819.0,612.0
BPCL,12/19/2024,395.0,395.0,382.1,393.0,0.26,43175.0,819.0,612.0
BPCL,12/22/2024,400.8,400.8,382.3,383.2,-2.49,23891.0,819.0,612.0
BPCL,12/23/2024,383.3,390.8,378.0,387.0,0.99,12031.0,819.0,612.0
BPCL,12/24/2024,394.0,400.0,390.0,397.0,2.58,26261.0,819.0,612.0
BPCL,12/26/2024,397.0,399.0,390.0,390.0,-1.76,10781.0,819.0,612.0
BPCL,12/29/2024,390.0,397.8,375.5,389.0,-0.26,26997.0,819.0,612.0
BPCL,12/31/2024,389.0,389.0,375.1,384.0,-1.29,16021.0,819.0,612.0
BPCL,1/1/2025,380.0,394.0,379.1,388.0,1.04,18790.0,819.0,612.0
BPCL,1/2/2025,388.0,402.5,380.0,402.5,3.74,26921.0,819.0,612.0
BPCL,1/5/2025,409.0,409.0,394.0,396.0,-1.61,10505.0,819.0,612.0
BPCL,1/6/2025,400.0,403.0,396.0,402.0,1.52,13204.0,819.0,612.0
BPCL,1/7/2025,410.0,418.0,402.0,407.0,1.24,12523.0,819.0,612.0
BPCL,1/8/2025,415.1,415.1,399.0,407.0,0.0,9944.0,819.0,612.0
BPCL,1/9/2025,415.0,415.0,398.9,399.5,-1.84,17603.0,819.0,612.0
BPCL,1/12/2025,400.0,410.1,393.0,400.0,0.13,11534.0,819.0,612.0
BPCL,1/13/2025,400.0,400.0,392.0,395.6,-1.1,9603.0,819.0,612.0
BPCL,1/15/2025,396.0,399.0,393.0,393.1,-0.63,12272.0,819.0,612.0
BPCL,1/16/2025,390.1,395.0,386.5,387.2,-1.5,9674.0,819.0,612.0
BPCL,1/19/2025,390.0,390.0,383.0,386.0,-0.31,6025.0,819.0,612.0
BPCL,1/20/2025,392.0,392.0,385.0,386.5,0.13,14410.0,819.0,612.0
BPCL,1/21/2025,389.0,389.0,379.2,383.8,-0.7,15692.0,819.0,612.0
BPCL,1/22/2025,380.1,404.0,380.1,399.0,3.96,35610.0,819.0,612.0
BPCL,1/23/2025,399.0,415.0,395.1,395.1,-0.98,12948.0,819.0,612.0
BPCL,1/26/2025,390.5,400.0,390.5,400.0,1.24,17057.0,819.0,612.0
BPCL,1/27/2025,393.0,400.5,393.0,400.0,0.0,16614.0,819.0,612.0
BPCL,1/28/2025,406.0,406.0,395.0,397.4,-0.65,10994.0,819.0,612.0
BPCL,2/2/2025,402.0,415.0,402.0,408.2,2.72,57863.0,819.0,612.0
BPCL,2/3/2025,415.0,419.0,405.0,409.7,0.37,21924.0,819.0,612.0
BPCL,2/4/2025,416.0,416.0,404.1,410.0,0.07,23780.0,819.0,612.0
BPCL,2/5/2025,412.4,413.0,405.1,407.0,-0.73,15734.0,819.0,612.0
BPCL,2/6/2025,412.9,413.0,405.1,405.1,-0.47,19871.0,819.0,612.0
BPCL,2/9/2025,405.0,412.9,400.0,410.0,1.21,29632.0,819.0,612.0
BPCL,2/10/2025,406.0,415.0,403.0,415.0,1.22,21971.0,819.0,612.0
BPCL,2/11/2025,423.3,423.3,408.2,412.9,-0.51,11859.0,819.0,612.0
BPCL,2/12/2025,414.9,414.9,405.0,406.5,-1.55,15268.0,819.0,612.0
BPCL,2/13/2025,414.6,414.6,402.0,403.0,-0.86,18875.0,819.0,612.0
BPCL,2/16/2025,400.2,408.0,398.2,405.0,0.5,14333.0,819.0,612.0
BPCL,2/17/2025,410.0,413.0,401.9,412.0,1.73,63136.0,819.0,612.0
BPCL,2/18/2025,419.9,431.0,414.0,426.0,3.4,66466.0,819.0,612.0
BPCL,2/20/2025,426.0,434.0,413.0,416.0,-2.35,16880.0,819.0,612.0
BPCL,2/23/2025,408.0,425.0,400.4,415.0,-0.24,30203.0,819.0,612.0
BPCL,2/24/2025,420.9,430.0,407.2,416.5,0.36,15961.0,819.0,612.0
BPCL,2/25/2025,421.9,422.0,408.2,411.0,-1.32,16067.0,819.0,612.0
BPCL,2/27/2025,415.0,417.1,407.2,415.0,0.97,23432.0,819.0,612.0
BPCL,3/2/2025,423.0,456.0,415.0,445.9,7.45,99160.0,819.0,612.0
BPCL,3/3/2025,454.8,482.4,433.0,443.0,-0.65,65723.0,819.0,612.0
BPCL,3/4/2025,446.9,460.0,426.0,426.1,-3.81,30995.0,819.0,612.0
BPCL,3/5/2025,428.0,428.9,419.0,420.0,-1.43,21539.0,819.0,612.0
BPCL,3/6/2025,427.0,436.8,415.1,420.0,0.0,10553.0,819.0,612.0
BPCL,3/9/2025,411.6,418.8,403.4,414.0,-1.43,18182.0,819.0,612.0
BPCL,3/10/2025,411.2,418.0,410.0,410.0,-0.97,17969.0,819.0,612.0
BPCL,3/11/2025,410.0,410.0,399.0,401.0,-2.2,38526.0,819.0,612.0
BPCL,3/12/2025,400.0,408.0,400.0,403.0,0.5,12115.0,819.0,612.0
BPCL,3/16/2025,411.0,411.0,400.0,401.0,-0.5,14602.0,819.0,612.0
BPCL,3/17/2025,401.0,407.0,399.2,399.2,-0.45,7839.0,819.0,612.0
BPCL,3/18/2025,407.1,415.0,397.1,398.0,-0.3,6239.0,819.0,612.0
BPCL,3/19/2025,405.0,405.0,393.5,393.5,-1.13,11152.0,819.0,612.0
BPCL,3/20/2025,394.0,395.8,390.0,390.9,-0.66,10938.0,819.0,612.0
BPCL,3/23/2025,390.2,395.0,387.0,389.6,-0.33,35496.0,819.0,612.0
BPCL,3/24/2025,389.6,396.6,385.0,394.93,1.37,12720.0,819.0,612.0
BPCL,3/25/2025,394.0,394.0,384.0,384.9,-2.54,12260.0,819.0,612.0
BPCL,3/26/2025,380.7,393.0,380.7,388.85,1.03,8759.0,819.0,612.0
BPCL,3/27/2025,396.0,403.9,388.1,397.48,2.22,12868.0,819.0,612.0
BPCL,3/30/2025,402.0,411.0,398.9,400.14,0.67,16858.0,819.0,612.0
BPCL,4/1/2025,398.0,400.1,393.0,398.66,-0.37,6311.0,819.0,612.0
BPCL,4/2/2025,405.9,405.9,395.0,396.91,-0.44,7197.0,819.0,612.0
BPCL,4/3/2025,400.0,408.0,397.0,397.2,0.07,12342.0,819.0,612.0
BPCL,4/7/2025,404.0,427.4,404.0,423.53,6.63,113778.0,819.0,612.0
BPCL,4/8/2025,426.9,429.9,413.0,417.59,-1.4,35133.0,819.0,612.0
BPCL,4/9/2025,414.0,420.9,413.1,414.3,-0.79,9214.0,819.0,612.0
BPCL,4/10/2025,411.1,411.1,400.0,404.45,-2.38,31444.0,819.0,612.0
BPCL,4/13/2025,404.5,407.0,398.0,398.99,-1.35,17532.0,819.0,612.0
BPCL,4/15/2025,399.5,422.0,397.0,403.34,1.09,15310.0,819.0,612.0
BPCL,4/16/2025,400.2,410.0,400.2,408.71,1.33,5608.0,819.0,612.0
BPCL,4/17/2025,405.0,420.0,405.0,414.76,1.48,39000.0,819.0,612.0
BPCL,4/20/2025,421.0,430.0,415.0,422.1,1.77,59789.0,819.0,612.0
BPCL,4/21/2025,422.0,443.0,421.2,435.89,3.27,82501.0,819.0,612.0
BPCL,4/22/2025,444.0,449.9,422.0,422.25,-3.13,43651.0,819.0,612.0
BPCL,4/23/2025,425.0,425.0,411.7,414.12,-1.93,13900.0,819.0,612.0
BPCL,4/24/2025,415.0,423.0,408.0,417.89,0.91,32576.0,819.0,612.0
BPCL,4/27/2025,425.0,448.0,420.0,445.66,6.65,204846.0,819.0,612.0
BPCL,4/28/2025,453.0,454.5,431.2,446.06,0.09,78291.0,819.0,612.0
BPCL,4/29/2025,448.0,455.0,437.2,448.33,0.51,89018.0,819.0,612.0
BPCL,4/30/2025,448.0,484.9,448.0,468.55,4.51,435271.0,819.0,612.0
BPCL,5/4/2025,472.0,490.0,470.0,470.5,0.42,259500.0,819.0,612.0
BPCL,5/5/2025,473.5,473.5,450.8,453.01,-3.72,107305.0,819.0,612.0
BPCL,5/6/2025,461.9,489.0,453.0,485.57,7.19,416234.0,819.0,612.0
BPCL,5/7/2025,495.2,534.1,495.2,534.1,9.99,731242.0,819.0,612.0
BPCL,5/8/2025,544.7,555.0,515.6,516.55,-3.29,702392.0,819.0,612.0
BPCL,5/11/2025,506.3,544.6,506.3,528.76,2.36,617339.0,819.0,612.0
BPCL,5/13/2025,518.2,537.9,502.0,505.96,-4.31,324004.0,819.0,612.0
BPCL,5/14/2025,495.9,501.0,474.5,474.98,-6.12,256529.0,819.0,612.0
BPCL,5/15/2025,484.4,484.4,458.9,463.73,-2.37,280997.0,819.0,612.0
BPCL,5/18/2025,464.0,473.9,450.6,454.55,-1.98,116849.0,819.0,612.0
BPCL,5/19/2025,460.0,472.0,446.0,450.92,-0.8,102426.0,819.0,612.0
BPCL,5/20/2025,442.0,475.0,440.1,472.19,4.72,164473.0,819.0,612.0
BPCL,5/21/2025,481.6,493.0,458.0,459.17,-2.76,152501.0,819.0,612.0
BPCL,5/22/2025,459.0,470.0,458.0,458.49,-0.15,171894.0,819.0,612.0
BPCL,5/25/2025,462.0,478.3,461.3,476.41,3.91,209549.0,819.0,612.0
BPCL,5/26/2025,485.9,505.0,478.0,492.58,3.39,274540.0,819.0,612.0
BPCL,5/27/2025,495.0,535.5,493.2,531.72,7.95,496595.0,819.0,612.0
BPCL,5/28/2025,531.0,578.0,531.0,562.61,5.81,628541.0,819.0,612.0
BPCL,6/2/2025,573.8,599.7,570.0,576.55,2.48,601705.0,819.0,612.0
BPCL,6/3/2025,587.0,587.0,562.1,565.65,-1.89,363113.0,819.0,612.0
BPCL,6/4/2025,566.0,580.0,560.0,574.72,1.6,290099.0,819.0,612.0
BPCL,6/5/2025,586.0,632.1,576.0,632.1,9.98,809251.0,819.0,612.0
BPCL,6/8/2025,644.7,670.0,635.0,638.68,1.04,682280.0,819.0,612.0
BPCL,6/9/2025,651.0,702.5,626.1,701.49,9.83,768909.0,819.0,612.0
BPCL,6/10/2025,715.0,720.9,689.0,692.85,-1.23,413490.0,819.0,612.0
BPCL,6/11/2025,679.0,762.1,679.0,761.62,9.93,787977.0,819.0,612.0
BPCL,6/12/2025,775.0,785.0,750.0,764.88,0.43,611041.0,819.0,612.0
BPCL,6/15/2025,770.0,814.9,770.0,794.34,3.85,813065.0,819.0,612.0
BPCL,6/16/2025,780.1,828.0,760.0,769.48,-3.13,748795.0,819.0,612.0
BPCL,6/17/2025,778.0,835.0,772.0,828.98,7.73,755603.0,819.0,612.0
BPCL,6/18/2025,821.0,885.2,821.0,877.13,5.81,528656.0,819.0,612.0
BPCL,6/19/2025,884.0,895.0,862.4,867.81,-1.06,660189.0,819.0,612.0
BPCL,6/22/2025,867.0,882.0,820.0,830.37,-4.31,871023.0,819.0,612.0
BPCL,6/23/2025,835.0,850.0,809.6,826.02,-0.52,508683.0,819.0,612.0
BPCL,6/24/2025,810.0,842.0,805.2,809.25,-2.03,336469.0,819.0,612.0
BPCL,6/25/2025,805.0,849.6,795.0,844.14,4.31,654290.0,819.0,612.0
BPCL,6/26/2025,830.0,878.0,830.0,840.32,-0.45,728605.0,819.0,612.0
BPCL,6/29/2025,844.9,845.0,812.5,814.85,-3.03,424047.0,819.0,612.0
BPCL,6/30/2025,799.0,840.0,799.0,836.31,2.63,371641.0,819.0,612.0
BPCL,7/1/2025,820.0,857.0,820.0,830.29,-0.72,306973.0,819.0,612.0
BPCL,7/2/2025,842.0,842.0,810.7,814.43,-1.91,350115.0,819.0,612.0
BPCL,7/3/2025,811.1,823.0,794.0,798.09,-2.01,394598.0,819.0,612.0
BPCL,7/6/2025,798.1,805.0,780.1,786.17,-1.49,281935.0,819.0,612.0
BPCL,7/7/2025,771.0,794.0,771.0,772.52,-1.74,232078.0,819.0,612.0
BPCL,7/8/2025,757.1,841.5,757.1,835.94,8.21,511773.0,819.0,612.0
BPCL,7/9/2025,843.9,860.0,829.0,833.89,-0.25,433535.0,819.0,612.0
BPCL,7/10/2025,817.3,852.0,817.3,847.78,1.67,390361.0,819.0,612.0
BPCL,7/13/2025,864.6,864.6,827.0,829.14,-2.2,391106.0,819.0,612.0
BPCL,7/14/2025,812.6,864.2,812.6,860.69,3.81,464681.0,819.0,612.0
BPCL,7/15/2025,870.0,922.0,861.0,896.45,4.15,581609.0,819.0,612.0
BPCL,7/16/2025,890.0,960.6,886.2,957.29,6.79,666414.0,819.0,612.0
BPCL,7/17/2025,965.0,995.0,947.0,969.81,1.31,623288.0,819.0,612.0
BPCL,7/20/2025,970.0,983.0,951.0,957.99,-1.22,666775.0,819.0,612.0
BPCL,7/21/2025,960.0,973.9,940.8,951.37,-0.69,594489.0,819.0,612.0
BPCL,7/22/2025,970.3,990.0,955.0,969.83,1.94,530534.0,819.0,612.0
BPCL,7/23/2025,989.0,1008.6,952.0,991.25,2.21,629729.0,819.0,612.0
BPCL,7/24/2025,995.0,1065.0,995.0,1033.28,4.24,455934.0,819.0,612.0
BPCL,7/27/2025,1013.0,1053.0,985.0,990.85,-4.11,459326.0,819.0,612.0
BPCL,7/28/2025,971.1,1008.0,971.1,976.24,-1.47,308980.0,819.0,612.0
BPCL,7/29/2025,990.0,1000.0,956.0,969.81,-0.66,371429.0,819.0,612.0
BPCL,7/30/2025,983.0,983.0,935.0,937.89,-3.29,313010.0,819.0,612.0
BPCL,7/31/2025,920.0,952.0,920.0,930.98,-0.74,247702.0,819.0,612.0
BPCL,8/3/2025,945.0,965.0,922.2,929.73,-0.13,277614.0,819.0,612.0
BPCL,8/4/2025,936.3,954.7,928.0,935.24,0.59,289095.0,819.0,612.0
BPCL,8/5/2025,952.0,952.0,893.0,900.22,-3.74,334414.0,819.0,612.0
BPCL,8/6/2025,885.0,920.0,885.0,902.19,0.22,141629.0,819.0,612.0
BPCL,8/7/2025,914.9,915.0,884.3,887.4,-1.64,210491.0,819.0,612.0
BPCL,8/11/2025,892.6,909.6,860.0,866.97,-2.3,334911.0,819.0,612.0
BPCL,8/12/2025,860.0,879.0,840.0,854.85,-1.4,228766.0,819.0,612.0
BPCL,8/13/2025,871.9,875.0,845.4,851.32,-0.41,150344.0,819.0,612.0
BPCL,8/14/2025,850.1,868.0,821.7,832.57,-2.2,246820.0,819.0,612.0
BPCL,8/17/2025,849.0,865.9,817.0,819.6,-1.56,186015.0,819.0,612.0
BPCL,8/18/2025,810.0,844.0,810.0,835.76,1.97,253547.0,819.0,612.0
BPCL,8/19/2025,830.0,874.0,830.0,862.66,3.22,204032.0,819.0,612.0
BPCL,8/20/2025,858.0,870.0,838.0,841.65,-2.44,125874.0,819.0,612.0
BPCL,8/21/2025,841.0,841.0,824.0,825.98,-1.86,162373.0,819.0,612.0
BPCL,8/24/2025,820.0,831.0,800.0,804.94,-2.55,169085.0,819.0,612.0
BPCL,8/25/2025,788.9,824.0,788.9,815.85,1.36,116787.0,819.0,612.0
BPCL,8/26/2025,815.0,840.0,812.0,835.7,2.43,172377.0,819.0,612.0
BPCL,8/27/2025,835.7,859.5,833.2,852.13,1.97,204568.0,819.0,612.0
BPCL,8/28/2025,835.1,868.0,830.0,832.5,-2.3,166350.0,819.0,612.0
BPCL,8/31/2025,844.0,844.0,813.0,814.59,-2.15,107610.0,819.0,612.0
BPCL,9/1/2025,828.0,828.0,810.0,819.61,0.62,86935.0,819.0,612.0
BPCL,9/2/2025,822.0,829.0,806.0,808.1,-1.4,73161.0,819.0,612.0
BPCL,9/3/2025,808.1,818.0,797.1,799.35,-1.08,105950.0,819.0,612.0
BPCL,9/4/2025,812.0,835.0,797.0,830.73,3.93,188515.0,819.0,612.0
BPCL,9/7/2025,847.3,847.3,810.3,815.76,-1.8,99921.0,819.0,612.0
BPCL,9/8/2025,832.0,832.0,793.0,800.21,-1.91,124839.0,819.0,612.0
BPCL,9/18/2025,784.3,784.3,725.0,727.1,-9.14,13203.0,819.0,612.0
BPCL,9/21/2025,727.1,783.9,723.0,777.87,6.98,181085.0,819.0,612.0
BPCL,9/23/2025,793.4,804.0,770.1,794.8,2.18,126602.0,819.0,612.0
BPCL,9/24/2025,810.6,810.6,762.0,763.0,-4.0,85067.0,819.0,612.0
BPCL,9/25/2025,778.2,778.2,755.0,758.0,-0.66,38823.0,819.0,612.0
BPCL,9/28/2025,773.1,775.0,760.0,763.0,0.66,32520.0,819.0,612.0
BPCL,10/7/2025,778.2,778.2,721.1,722.0,-5.37,120205.0,819.0,612.0
BPCL,10/8/2025,707.6,728.0,697.0,700.0,-3.05,127998.0,819.0,612.0
BPCL,10/9/2025,714.0,757.5,695.0,699.9,-0.01,116488.0,819.0,612.0
BPCL,10/12/2025,699.9,699.9,630.1,635.0,-9.27,233100.0,819.0,612.0
BPCL,10/13/2025,635.0,692.0,623.0,692.0,8.98,111568.0,819.0,612.0
BPCL,10/14/2025,700.0,700.0,662.2,668.0,-3.47,89112.0,819.0,612.0
BPCL,10/15/2025,674.0,689.0,653.0,674.0,0.9,137298.0,819.0,612.0
BPCL,10/16/2025,687.4,687.4,656.0,660.0,-2.08,98102.0,819.0,612.0
BPCL,10/19/2025,660.0,686.0,648.0,663.0,0.45,55757.0,819.0,612.0
BPCL,10/26/2025,676.2,676.2,648.0,671.9,1.34,44051.0,819.0,612.0
BPCL,10/28/2025,665.1,739.0,665.1,739.0,9.99,270992.0,819.0,612.0
BPCL,10/29/2025,749.0,769.0,735.0,737.0,-0.27,303178.0,819.0,612.0
BPCL,10/30/2025,751.7,795.0,724.3,779.0,5.7,262538.0,819.0,612.0
BPCL,11/2/2025,779.0,795.0,765.1,776.0,-0.39,326140.0,819.0,612.0
BPCL,11/3/2025,780.0,787.5,756.0,775.0,-0.13,130668.0,819.0,612.0
BPCL,11/4/2025,790.5,790.5,751.1,754.2,-2.68,165109.0,819.0,612.0
BPCL,11/5/2025,769.2,780.0,743.0,775.0,2.76,121049.0,819.0,612.0
BPCL,11/6/2025,790.5,790.5,751.0,762.0,-1.68,228775.0,819.0,612.0
BPCL,11/9/2025,762.0,769.0,730.1,736.0,-3.41,184087.0,819.0,612.0
BPCL,11/10/2025,736.0,747.6,719.1,737.0,0.14,106665.0,819.0,612.0
BPCL,11/11/2025,751.7,751.7,721.0,725.0,-1.63,51279.0,819.0,612.0
BPCL,11/12/2025,739.5,739.5,700.0,705.0,-2.76,110673.0,819.0,612.0
BPCL,11/13/2025,691.0,715.0,691.0,701.0,-0.57,107021.0,819.0,612.0
BPCL,11/16/2025,701.0,713.0,697.0,712.7,1.67,49411.0,819.0,612.0
BPCL,11/17/2025,726.9,741.5,706.5,737.0,3.41,154072.0,819.0,612.0
BPCL,11/18/2025,740.0,755.0,730.0,731.0,-0.81,122730.0,819.0,612.0
BPCL,11/19/2025,716.4,743.0,715.2,719.7,-1.55,80104.0,819.0,612.0
BPCL,11/20/2025,719.7,726.9,713.0,716.5,-0.44,99693.0,819.0,612.0
BPCL,11/23/2025,725.0,739.0,725.0,735.0,2.58,95813.0,819.0,612.0
BPCL,11/24/2025,749.7,750.1,721.0,738.0,0.41,114242.0,819.0,612.0
BPCL,11/25/2025,738.0,760.0,734.0,745.0,0.95,94283.0,819.0,612.0
BPCL,11/26/2025,759.9,759.9,730.0,735.1,-1.33,77321.0,819.0,612.0
BPCL,11/27/2025,730.6,747.0,725.4,727.0,-1.1,52545.0,819.0,612.0
BPCL,11/30/2025,712.5,739.5,712.5,720.4,-0.91,94847.0,819.0,612.0
BPCL,12/1/2025,721.3,729.8,715.0,715.0,-0.75,53031.0,819.0,612.0
BPCL,12/2/2025,701.0,726.0,701.0,715.0,0.0,54441.0,819.0,612.0
BPCL,12/3/2025,729.0,729.0,710.0,718.0,0.42,99098.0,819.0,612.0
BPCL,12/7/2025,704.0,716.0,704.0,706.5,-1.6,53453.0,819.0,612.0
BPCL,12/8/2025,693.0,716.0,693.0,704.0,-0.35,60693.0,819.0,612.0
BPCL,12/9/2025,712.0,719.9,702.0,713.0,1.28,75455.0,819.0,612.0
BPCL,12/10/2025,715.0,722.0,710.0,714.0,0.14,70843.0,819.0,612.0
BPCL,12/11/2025,700.0,727.0,700.0,706.7,-1.02,70379.0,819.0,612.0
BPCL,12/14/2025,692.6,714.0,692.6,705.0,-0.24,100400.0,819.0,612.0
BPCL,12/15/2025,703.0,710.0,697.0,703.1,-0.27,68709.0,819.0,612.0
BPCL,12/16/2025,705.0,719.0,705.0,713.0,1.41,50531.0,819.0,612.0
BPCL,12/17/2025,699.0,725.0,699.0,719.3,0.88,114484.0,819.0,612.0
BPCL,12/18/2025,705.0,739.0,705.0,733.0,1.9,220396.0,819.0,612.0
BPCL,12/21/2025,747.0,747.0,711.2,715.8,-2.35,91853.0,819.0,612.0
BPCL,12/22/2025,707.0,714.0,705.0,710.0,-0.81,61921.0,819.0,612.0
BPCL,12/23/2025,706.0,713.0,705.0,706.1,-0.55,44561.0,819.0,612.0
BPCL,12/24/2025,706.1,720.1,705.0,714.0,1.12,53202.0,819.0,612.0
BPCL,12/28/2025,716.0,739.9,713.0,736.0,3.08,161723.0,819.0,612.0
BPCL,12/29/2025,737.0,742.0,724.0,727.0,-1.22,126728.0,819.0,612.0
BPCL,12/31/2025,740.0,741.9,724.0,741.9,2.05,147872.0,819.0,612.0
BPCL,1/1/2026,727.1,755.0,727.1,745.1,0.43,164149.0,819.0,612.0
BPCL,1/4/2026,740.0,748.0,725.5,729.7,-2.07,83307.0,819.0,612.0
BPCL,1/5/2026,730.0,745.0,726.8,745.0,2.1,88085.0,819.0,612.0
BPCL,1/6/2026,730.2,780.2,730.2,770.0,3.36,307299.0,819.0,612.0
BPCL,1/7/2026,755.0,777.0,752.1,756.9,-1.7,163605.0,819.0,612.0
BPCL,1/8/2026,752.0,765.0,746.9,764.0,0.94,116648.0,819.0,612.0
BPCL,1/12/2026,764.0,777.7,756.3,758.0,-0.79,215721.0,819.0,612.0
BPCL,1/13/2026,745.0,795.0,745.0,785.0,3.56,359095.0,819.0,612.0
BPCL,1/14/2026,770.0,814.0,770.0,786.0,0.13,233851.0,819.0,612.0
BPCL,1/18/2026,787.0,800.0,775.1,777.0,-1.15,198894.0,819.0,612.0
BPCL,1/20/2026,762.0,800.7,762.0,798.0,2.7,304872.0,819.0,612.0
BPCL,1/21/2026,798.0,819.0,798.0,806.0,1.0,322054.0,819.0,612.0
BPCL,1/22/2026,790.0,814.5,790.0,795.0,-1.36,187348.0,819.0,612.0
BPCL,1/25/2026,780.0,805.9,780.0,790.0,-0.63,237903.0,819.0,612.0
BPCL,1/26/2026,774.2,800.0,774.2,776.0,-1.77,224746.0,819.0,612.0
BPCL,1/27/2026,776.0,803.8,769.0,770.0,-0.77,314177.0,819.0,612.0
BPCL,1/28/2026,755.0,795.0,755.0,773.0,0.39,179013.0,819.0,612.0
BPCL,1/29/2026,788.0,800.0,773.2,781.8,1.14,209261.0,819.0,612.0
BPCL,2/1/2026,785.0,789.0,753.2,754.0,-3.56,89361.0,819.0,612.0
BPCL,2/2/2026,750.0,769.8,741.2,744.0,-1.33,157136.0,819.0,612.0
BPCL,2/3/2026,729.3,753.0,729.3,739.0,-0.67,85262.0,819.0,612.0
BPCL,2/4/2026,724.3,771.0,724.3,740.0,0.14,67863.0,819.0,612.0
BPCL,2/5/2026,750.0,774.9,740.3,755.0,2.03,109073.0,819.0,612.0
BPCL,2/8/2026,770.1,770.1,741.0,743.0,-1.59,70700.0,819.0,612.0
BPCL,2/9/2026,757.8,757.8,725.1,727.0,-2.15,119501.0,819.0,612.0
BPCL,2/10/2026,738.0,738.0,715.0,716.0,-1.51,80498.0,819.0,612.0
BPCL,2/11/2026,702.0,730.0,702.0,721.9,0.82,55802.0,819.0,612.0
BPCL,2/12/2026,736.3,736.3,708.6,713.0,-1.23,97346.0,819.0,612.0
BPCL,2/16/2026,727.2,727.2,705.0,706.2,-0.95,51352.0,819.0,612.0
BPCL,2/17/2026,692.2,718.0,692.2,711.0,0.68,81908.0,819.0,612.0
BPCL,2/22/2026,725.2,725.2,695.0,695.0,-2.25,56200.0,819.0,612.0
BPCL,2/23/2026,708.9,708.9,696.0,699.0,0.58,49306.0,819.0,612.0
BPCL,2/24/2026,695.0,723.0,695.0,704.9,0.84,35037.0,819.0,612.0
BPCL,2/25/2026,700.0,717.0,700.0,710.0,0.72,51706.0,819.0,612.0
BPCL,2/26/2026,695.9,749.0,682.0,713.0,0.42,108908.0,819.0,612.0
BPCL,2/27/2026,695.9,749.0,682.0,713.0,0.0,108908.0,819.0,612.0
BPCL,2/28/2026,695.9,749.0,682.0,713.0,0.0,108908.0,819.0,612.0
BPCL,3/2/2026,699.0,718.0,699.0,715.0,0.28,33235.0,819.0,612.0
BPCL,3/3/2026,700.9,734.0,700.9,733.0,2.52,68318.0,819.0,612.0
BPCL,3/4/2026,700.9,734.0,700.9,733.0,0.0,68318.0,819.0,612.0
BPCL,3/5/2026,700.9,734.0,700.9,733.0,0.0,68318.0,819.0,612.0
BPCL,3/6/2026,700.9,734.0,700.9,733.0,0.0,68318.0,819.0,612.0
BPCL,3/7/2026,700.9,734.0,700.9,733.0,0.0,68318.0,819.0,612.0
BPCL,3/8/2026,700.9,734.0,700.9,733.0,0.0,68318.0,819.0,612.0
BPCL,3/9/2026,747.6,800.0,747.6,800.0,9.14,3815.0,819.0,612.0
BPCL,3/10/2026,800.0,800.0,750.0,769.0,-3.87,218668.0,819.0,612.0
BPCL,3/11/2026,784.3,784.3,740.0,755.0,-1.82,89857.0,819.0,612.0
BPCL,3/12/2026,752.9,756.0,737.8,743.9,-1.47,72684.0,819.0,612.0
BPCL,3/13/2026,752.9,756.0,737.8,743.9,0.0,72684.0,819.0,612.0
BPCL,3/14/2026,752.9,756.0,737.8,743.9,0.0,72684.0,819.0,612.0
BPCL,3/15/2026,730.0,755.0,730.0,738.0,-0.79,91758.0,819.0,612.0
BPCL,3/16/2026,752.7,752.7,725.0,727.0,-1.49,110189.0,819.0,612.0
BPCL,3/17/2026,741.5,741.5,715.0,726.0,-0.14,69063.0,819.0,612.0
BPCL,3/18/2026,741.5,741.5,715.0,726.0,0.0,69063.0,819.0,612.0
BPCL,3/19/2026,711.5,774.1,711.5,752.0,3.58,161981.0,819.0,612.0
BPCL,3/20/2026,711.5,774.1,711.5,752.0,0.0,161981.0,819.0,612.0
BPCL,3/21/2026,711.5,774.1,711.5,752.0,0.0,161981.0,819.0,612.0
BPCL,3/22/2026,767.0,767.0,742.0,749.9,-0.28,64906.0,819.0,612.0
BPCL,3/23/2026,764.8,764.8,735.1,746.5,-0.45,81870.0,819.0,612.0
BPCL,3/24/2026,761.4,761.4,737.0,752.8,0.84,136394.0,819.0,612.0
BPCL,3/25/2026,753.0,760.0,746.1,750.0,-0.37,70784.0,819.0,612.0
BPCL,3/26/2026,742.0,750.0,740.0,750.0,1.08,59681.0,819.0,612.0
BPCL,3/29/2026,750.0,758.9,726.0,729.0,-2.8,135155.0,819.0,612.0
BPCL,3/30/2026,714.5,736.9,714.5,716.5,0.28,81759.0,819.0,612.0
BPCL,3/31/2026,720.0,725.0,705.6,718.0,-0.28,47456.0,819.0,612.0
BPCL,4/1/2026,704.0,718.0,680.0,698.7,-0.75,123208.0,819.0,612.0
BPCL,4/2/2026,685.0,704.9,681.2,690.0,0.73,108201.0,819.0,612.0
BPCL,4/5/2026,689.0,690.0,655.0,664.0,-3.63,163042.0,819.0,612.0
BPCL,4/6/2026,676.0,700.0,659.1,700.0,3.55,72344.0,819.0,612.0
BPCL,4/7/2026,703.0,707.9,691.0,699.0,-0.57,61630.0,819.0,612.0
BPCL,4/8/2026,701.0,710.0,699.0,702.0,0.14,33759.0,819.0,612.0
BPCL,4/9/2026,705.0,717.0,700.0,715.0,1.42,41647.0,819.0,612.0
BPCL,4/10/2026,715.0,725.0,705.4,723.0,1.12,68641.0,819.0,612.0
BPCL,4/13/2026,737.4,737.4,710.2,714.9,-3.05,25403.0,819.0,612.0
BPCL,4/15/2026,729.0,729.0,710.9,711.0,-2.47,56657.0,819.0,612.0
BPCL,4/16/2026,697.0,711.0,691.0,696.0,-0.14,46817.0,819.0,612.0
BPCL,4/17/2026,683.0,709.8,683.0,697.0,2.05,22921.0,819.0,612.0
BPCL,4/20/2026,731.8,731.8,690.3,697.9,-4.63,25428.0,819.0,612.0
BPCL,4/21/2026,732.7,732.7,687.0,697.0,-4.87,26704.0,819.0,612.0
BPCL,4/22/2026,683.0,702.0,680.0,697.0,2.05,35822.0,819.0,612.0
BPCL,4/23/2026,698.0,698.0,681.1,690.0,-1.15,20341.0,819.0,612.0
BPCL,4/24/2026,695.0,695.0,675.0,682.0,-1.87,32946.0,819.0,612.0
BPCL,4/27/2026,682.0,694.8,678.0,679.0,-0.44,10000.0,819.0,612.0
BPCL,4/28/2026,712.9,712.9,670.1,675.0,-5.32,16498.0,819.0,612.0
BPCL,4/29/2026,675.0,684.0,662.0,667.0,-1.19,19271.0,819.0,612.0
BPCL,4/30/2026,665.0,675.0,655.0,668.0,0.45,18662.0,819.0,612.0
BPCL,5/4/2026,660.0,687.0,660.0,664.8,0.73,30420.0,819.0,612.0
BPCL,5/5/2026,631.6,674.0,631.6,661.0,4.65,15646.0,819.0,612.0
BPCL,5/6/2026,694.0,694.0,650.0,657.9,-5.2,46658.0,819.0,612.0
BPCL,5/7/2026,689.1,689.1,656.0,656.2,-4.77,11942.0,819.0,612.0
BPCL,5/8/2026,689.0,689.0,655.1,670.0,-2.76,7738.0,819.0,612.0
BPCL,5/11/2026,670.0,684.0,662.0,684.0,2.09,27883.0,819.0,612.0
BPCL,5/12/2026,718.2,718.2,665.1,668.0,-6.99,48243.0,819.0,612.0
BPCL,5/13/2026,661.0,670.0,661.0,663.1,0.32,21164.0,819.0,612.0
BPCL,5/14/2026,665.0,678.9,660.0,677.5,1.88,28549.0,819.0,612.0
BPCL,5/15/2026,711.0,711.0,670.2,695.9,-2.12,59629.0,819.0,612.0
BPCL,5/18/2026,730.0,730.0,686.0,709.0,-2.88,76071.0,819.0,612.0
BPCL,5/19/2026,710.0,710.9,691.3,699.4,-1.49,35095.0,819.0,612.0
BPCL,5/20/2026,734.3,734.3,691.2,705.0,-3.99,77861.0,819.0,612.0
BPCL,5/21/2026,740.2,740.2,690.1,701.8,-5.19,78436.0,819.0,612.0
BPCL,5/22/2026,695.1,705.0,695.1,699.0,0.56,44960.0,819.0,612.0
BPCL,5/25/2026,699.0,709.0,680.0,704.0,0.72,58233.0,819.0,612.0
BPCL,5/26/2026,704.0,708.0,693.0,697.0,-0.99,22562.0,819.0,612.0
BPCL,5/27/2026,731.0,731.0,692.0,696.9,-4.66,27370.0,819.0,612.0
BPCL,6/1/2026,700.0,700.0,671.4,681.9,-2.59,23940.0,819.0,612.0
BPCL,6/2/2026,685.0,692.0,682.0,688.8,0.55,20980.0,819.0,612.0
BPCL,6/3/2026,680.0,700.0,678.9,690.0,1.47,17813.0,819.0,612.0
BPCL,6/4/2026,697.0,697.0,684.0,688.9,-1.16,14555.0,819.0,612.0
BPCL,6/5/2026,696.0,696.0,679.8,679.9,-2.31,14756.0,819.0,612.0
BPCL,6/8/2026,680.0,693.0,676.0,679.0,-0.15,9447.0,819.0,612.0
BPCL,6/9/2026,710.9,710.9,670.0,674.1,-5.18,20640.0,819.0,612.0
BPCL,6/10/2026,675.0,686.0,675.0,676.0,0.15,22161.0,819.0,612.0
BPCL,6/11/2026,676.0,695.0,676.0,681.1,0.75,37655.0,819.0,612.0
BPCL,6/12/2026,709.9,709.9,668.6,679.9,-4.23,23427.0,819.0,612.0
BPCL,6/15/2026,680.0,682.0,670.3,679.5,-0.07,14092.0,819.0,612.0
BPCL,6/16/2026,646.0,681.9,646.0,680.0,5.26,33643.0,819.0,612.0
BPCL,6/17/2026,646.0,698.0,646.0,677.0,4.8,7929.0,819.0,612.0
BPCL,6/18/2026,650.0,679.0,650.0,671.0,3.23,25745.0,819.0,612.0
BPCL,6/19/2026,704.5,704.5,667.1,670.0,-4.9,10718.0,819.0,612.0
BPCL,6/22/2026,666.3,684.9,666.3,671.0,0.71,9452.0,819.0,612.0
BPCL,6/23/2026,675.0,675.0,660.0,666.0,-1.33,14215.0,819.0,612.0
BPCL,6/24/2026,666.0,666.0,640.0,657.0,-1.35,32236.0,819.0,612.0
BPCL,6/26/2026,617.5,670.0,617.5,654.9,6.06,44676.0,819.0,612.0
BPCL,6/29/2026,654.9,654.9,642.0,642.0,-1.97,33936.0,819.0,612.0
BPCL,6/30/2026,649.0,649.0,636.0,636.0,-2.0,16893.0,819.0,612.0
BPCL,7/1/2026,637.0,650.8,637.0,642.6,0.88,35359.0,819.0,612.0
BPCL,7/2/2026,674.7,674.7,645.0,659.9,-2.19,15303.0,819.0,612.0
BPCL,7/3/2026,692.8,692.8,646.4,665.0,-4.01,18917.0,819.0,612.0
BPCL,7/6/2026,652.0,665.4,647.7,648.0,-0.61,31858.0,819.0,612.0
BPCL,7/7/2026,648.0,656.0,641.0,653.9,0.91,9422.0,819.0,612.0
BPCL,7/8/2026,650.0,652.0,641.0,646.9,-0.48,20052.0,819.0,612.0
BPCL,7/9/2026,641.0,650.0,640.1,650.0,1.4,12759.0,819.0,612.0
BPCL,7/10/2026,653.0,658.0,636.0,650.0,-0.46,19571.0,819.0,612.0
BPCL,7/13/2026,650.0,650.0,631.0,647.9,-0.32,29331.0,819.0,612.0
BPCL,7/14/2026,680.0,680.0,638.0,638.0,-6.18,27855.0,819.0,612.0
BPCL,7/15/2026,649.0,650.0,640.3,643.0,-0.92,12870.0,819.0,612.0
BPCL,7/16/2026,612.0,668.0,612.0,668.0,9.15,37996.0,819.0,612.0
BPCL,7/17/2026,650.0,674.9,650.0,671.0,3.23,31635.0,819.0,612.0
BPCL,7/20/2026,679.8,680.0,669.0,675.0,-0.71,43844.0,819.0,612.0
BPCL,7/21/2026,663.0,689.9,659.8,673.0,1.51,41027.0,819.0,612.0
BPCL,7/22/2026,640.0,677.9,640.0,671.8,4.97,24712.0,819.0,612.0
BPCL,7/23/2026,705.3,705.3,656.0,670.9,-4.88,19529.0,819.0,612.0
BPCL,7/24/2026,660.2,674.0,660.0,665.0,0.73,34471.0,819.0,612.0
BPCL,7/27/2026,645.1,677.0,645.1,665.0,3.08,17921.0,819.0,612.0
BPCL,7/28/2026,665.0,666.9,655.6,660.0,-0.75,9502.0,819.0,612.0
BPCL,7/29/2026,660.0,661.0,650.2,660.0,0.0,22240.0,819.0,612.0
BPCL,7/30/2026,693.0,693.0,645.0,650.0,-6.2,22963.0,819.0,612.0
BPCL,7/31/2026,645.0,658.0,640.1,655.5,1.63,20139.0,819.0,612.0
BPCL,8/3/2026,636.1,658.0,636.1,656.5,3.21,12784.0,819.0,612.0
BPCL,8/4/2026,659.0,659.0,645.0,645.0,-2.12,19339.0,819.0,612.0
BPCL,8/5/2026,647.1,658.0,645.0,654.0,1.07,14494.0,819.0,612.0
BPCL,8/6/2026,645.0,658.0,644.0,653.0,1.24,31224.0,819.0,612.0
BPCL,8/7/2026,648.0,651.5,646.0,650.0,0.31,3243.0,819.0,612.0
BPCL,8/10/2026,650.0,650.0,638.0,649.8,-0.03,17280.0,819.0,612.0
BPCL,8/11/2026,650.0,651.0,642.0,647.0,-0.46,9518.0,819.0,612.0
BPCL,8/12/2026,653.0,706.4,643.0,655.0,0.31,22253.0,819.0,612.0
BPCL,8/13/2026,645.0,657.0,642.0,649.0,0.62,14205.0,819.0,612.0
BPCL,8/14/2026,650.1,650.1,640.0,644.9,-0.8,9810.0,819.0,612.0
BPCL,8/17/2026,645.0,645.0,640.0,644.0,-0.16,13609.0,819.0,612.0
BPCL,8/18/2026,644.0,644.0,638.0,638.0,-0.93,7966.0,819.0,612.0
BPCL,8/19/2026,640.0,643.6,635.1,641.0,0.16,4318.0,819.0,612.0
BPCL,8/20/2026,640.0,655.0,635.3,655.0,2.34,18405.0,819.0,612.0
BPCL,8/21/2026,655.0,668.0,648.0,660.0,0.76,86126.0,819.0,612.0
BPCL,8/24/2026,648.0,666.9,648.0,659.8,1.82,31735.0,819.0,612.0
BPCL,8/25/2026,657.0,660.0,649.0,653.0,-0.61,15893.0,819.0,612.0
BPCL,8/26/2026,649.0,653.0,637.0,640.0,-1.39,19420.0,819.0,612.0
BPCL,8/27/2026,630.0,644.0,628.0,640.0,1.59,8262.0,819.0,612.0
BPCL,8/31/2026,635.0,636.0,626.2,627.0,-1.26,20854.0,819.0,612.0
BPCL,9/1/2026,625.5,640.0,625.5,640.0,2.32,7413.0,819.0,612.0
BPCL,9/2/2026,637.0,644.0,634.6,644.0,1.1,8745.0,819.0,612.0
BPCL,9/3/2026,644.0,644.9,628.0,633.6,-1.61,5079.0,819.0,612.0
BPCL,9/7/2026,634.0,649.0,634.0,645.0,1.74,13485.0,819.0,612.0
BPCL,9/9/2026,646.0,648.0,638.2,643.0,-0.46,4544.0,819.0,612.0
BPCL,9/10/2026,643.0,643.0,633.0,639.0,-0.62,6882.0,819.0,612.0
BPCL,9/11/2026,645.0,647.9,630.0,642.0,-0.47,10390.0,819.0,612.0
BPCL,9/14/2026,642.0,660.0,642.0,653.9,1.85,29947.0,819.0,612.0
BPCL,9/15/2026,686.0,686.0,658.5,673.9,-1.76,92913.0,819.0,612.0
BPCL,9/16/2026,675.0,685.0,665.2,676.9,0.28,75851.0,819.0,612.0
BPCL,9/17/2026,645.0,690.0,645.0,672.7,4.29,39217.0,819.0,612.0
BPCL,9/18/2026,669.0,701.0,662.0,698.0,4.33,218225.0,819.0,612.0
BPCL,9/22/2026,695.0,700.0,682.0,688.8,-0.89,33125.0,819.0,612.0
BPCL,9/23/2026,685.0,689.0,670.5,674.9,-1.47,52873.0,819.0,612.0
BPCL,9/24/2026,672.0,688.0,668.1,676.0,0.6,31941.0,819.0,612.0
BPCL,9/28/2026,670.0,686.9,660.0,662.0,-1.19,28275.0,819.0,612.0
BPCL,9/29/2026,665.0,674.0,657.0,0.0,-100.0,9535.0,819.0,612.0
BPCL,9/30/2026,660.0,665.0,656.4,659.9,-0.02,19220.0,819.0,612.0
BPCL,10/1/2026,656.1,670.0,645.0,655.0,-0.17,52623.0,819.0,612.0
BPCL,10/2/2026,655.0,655.0,640.6,645.0,-1.53,21979.0,819.0,612.0
BUNGAL,12/21/2025,620.9,630.0,610.2,620.0,,58542.0,895.0,302.4
BUNGAL,12/22/2025,632.4,632.4,598.1,600.0,-3.23,60902.0,895.0,302.4
BUNGAL,12/23/2025,590.1,604.0,580.0,585.2,-2.47,46819.0,895.0,302.4
BUNGAL,12/24/2025,580.0,596.0,570.0,575.0,-1.74,55434.0,895.0,302.4
BUNGAL,12/28/2025,575.0,596.7,565.0,590.0,2.61,52920.0,895.0,302.4
BUNGAL,12/29/2025,578.3,601.8,578.3,590.0,0.0,43251.0,895.0,302.4
BUNGAL,12/31/2025,590.0,604.0,586.5,592.0,0.34,57437.0,895.0,302.4
BUNGAL,1/1/2026,587.0,644.0,587.0,620.3,4.78,188747.0,895.0,302.4
BUNGAL,1/4/2026,620.0,643.0,616.0,640.0,3.18,111305.0,895.0,302.4
BUNGAL,1/5/2026,645.0,695.0,640.2,694.0,8.44,103420.0,895.0,302.4
BUNGAL,1/6/2026,695.0,729.3,643.9,666.0,-4.03,67157.0,895.0,302.4
BUNGAL,1/7/2026,670.0,693.5,646.0,650.1,-2.39,68663.0,895.0,302.4
BUNGAL,1/8/2026,650.1,656.0,625.3,637.5,-1.94,150364.0,895.0,302.4
BUNGAL,1/12/2026,637.5,673.0,632.0,672.0,5.41,99233.0,895.0,302.4
BUNGAL,1/13/2026,672.0,681.0,646.0,647.0,-3.72,77131.0,895.0,302.4
BUNGAL,1/14/2026,659.9,659.9,635.1,637.2,-1.51,35411.0,895.0,302.4
BUNGAL,1/18/2026,628.1,683.9,628.1,677.0,6.25,119975.0,895.0,302.4
BUNGAL,1/20/2026,690.0,723.0,677.3,700.2,3.43,120617.0,895.0,302.4
BUNGAL,1/21/2026,702.0,714.2,687.8,689.2,-1.57,66185.0,895.0,302.4
BUNGAL,1/22/2026,689.3,736.0,680.2,710.0,3.02,135587.0,895.0,302.4
BUNGAL,1/25/2026,710.0,770.0,710.0,752.0,5.92,117900.0,895.0,302.4
BUNGAL,1/26/2026,755.0,803.0,714.0,780.0,3.72,215586.0,895.0,302.4
BUNGAL,1/27/2026,781.0,822.0,755.0,762.0,-2.31,82827.0,895.0,302.4
BUNGAL,1/28/2026,760.0,780.0,731.1,772.0,1.31,90583.0,895.0,302.4
BUNGAL,1/29/2026,772.0,772.0,720.0,720.0,-6.74,103510.0,895.0,302.4
BUNGAL,2/1/2026,710.0,720.0,695.8,702.0,-2.5,40218.0,895.0,302.4
BUNGAL,2/2/2026,714.8,752.0,696.0,740.0,5.41,57882.0,895.0,302.4
BUNGAL,2/3/2026,749.9,750.0,710.6,720.0,-2.7,35538.0,895.0,302.4
BUNGAL,2/4/2026,720.0,734.0,701.2,705.0,-2.08,29817.0,895.0,302.4
BUNGAL,2/5/2026,715.0,715.0,700.2,708.8,0.54,35758.0,895.0,302.4
BUNGAL,2/8/2026,715.0,718.0,691.8,691.8,-2.4,32238.0,895.0,302.4
BUNGAL,2/9/2026,694.0,699.9,656.1,670.0,-3.15,42632.0,895.0,302.4
BUNGAL,2/10/2026,660.0,693.9,660.0,672.0,0.3,26352.0,895.0,302.4
BUNGAL,2/11/2026,685.0,685.2,652.0,663.0,-1.34,16616.0,895.0,302.4
BUNGAL,2/12/2026,651.0,675.0,642.0,647.0,-2.41,25892.0,895.0,302.4
BUNGAL,2/16/2026,647.0,670.0,643.5,661.0,2.16,24556.0,895.0,302.4
BUNGAL,2/17/2026,661.0,670.0,645.0,648.0,-1.97,19262.0,895.0,302.4
BUNGAL,2/22/2026,642.0,642.9,626.1,630.0,-2.78,22907.0,895.0,302.4
BUNGAL,2/23/2026,639.0,639.0,620.0,624.0,-0.95,12090.0,895.0,302.4
BUNGAL,2/24/2026,616.0,647.7,616.0,646.0,3.53,20441.0,895.0,302.4
BUNGAL,2/25/2026,650.0,660.5,643.0,649.0,0.46,18029.0,895.0,302.4
BUNGAL,2/26/2026,649.0,652.0,632.3,642.0,-1.08,9866.0,895.0,302.4
BUNGAL,2/27/2026,649.0,652.0,632.3,642.0,0.0,9866.0,895.0,302.4
BUNGAL,2/28/2026,649.0,652.0,632.3,642.0,0.0,9866.0,895.0,302.4
BUNGAL,3/2/2026,629.2,643.8,629.2,638.5,-0.55,16757.0,895.0,302.4
BUNGAL,3/3/2026,645.0,659.9,635.2,658.9,3.19,22141.0,895.0,302.4
BUNGAL,3/4/2026,645.0,659.9,635.2,658.9,0.0,22141.0,895.0,302.4
BUNGAL,3/5/2026,645.0,659.9,635.2,658.9,0.0,22141.0,895.0,302.4
BUNGAL,3/6/2026,645.0,659.9,635.2,658.9,0.0,22141.0,895.0,302.4
BUNGAL,3/7/2026,645.0,659.9,635.2,658.9,0.0,22141.0,895.0,302.4
BUNGAL,3/8/2026,645.0,659.9,635.2,658.9,0.0,22141.0,895.0,302.4
BUNGAL,3/9/2026,672.0,713.0,672.0,713.0,8.21,891.0,895.0,302.4
BUNGAL,3/10/2026,727.0,727.0,680.0,689.9,-3.24,42165.0,895.0,302.4
BUNGAL,3/11/2026,689.0,694.0,666.5,666.6,-3.38,23470.0,895.0,302.4
BUNGAL,3/12/2026,679.0,679.0,654.0,665.0,-0.24,21212.0,895.0,302.4
BUNGAL,3/13/2026,679.0,679.0,654.0,665.0,0.0,21212.0,895.0,302.4
BUNGAL,3/14/2026,679.0,679.0,654.0,665.0,0.0,21212.0,895.0,302.4
BUNGAL,3/15/2026,665.0,677.5,650.0,655.2,-1.47,20702.0,895.0,302.4
BUNGAL,3/16/2026,650.0,667.4,640.0,648.0,-1.1,26699.0,895.0,302.4
BUNGAL,3/17/2026,648.0,655.0,637.2,638.2,-1.51,13955.0,895.0,302.4
BUNGAL,3/18/2026,648.0,655.0,637.2,638.2,0.0,13955.0,895.0,302.4
BUNGAL,3/19/2026,632.1,657.0,632.1,645.0,1.07,33530.0,895.0,302.4
BUNGAL,3/20/2026,632.1,657.0,632.1,645.0,0.0,33530.0,895.0,302.4
BUNGAL,3/21/2026,632.1,657.0,632.1,645.0,0.0,33530.0,895.0,302.4
BUNGAL,3/22/2026,656.9,657.9,645.0,650.0,0.78,28819.0,895.0,302.4
BUNGAL,3/23/2026,649.0,657.8,645.0,652.0,0.31,29163.0,895.0,302.4
BUNGAL,3/24/2026,650.0,660.9,647.1,655.9,0.6,20475.0,895.0,302.4
BUNGAL,3/25/2026,663.0,678.0,647.1,665.5,1.46,33893.0,895.0,302.4
BUNGAL,3/26/2026,673.0,686.0,666.1,678.0,0.74,32916.0,895.0,302.4
BUNGAL,3/29/2026,664.5,684.9,650.0,653.0,-1.73,22456.0,895.0,302.4
BUNGAL,3/30/2026,645.1,653.0,633.0,635.0,-1.57,18046.0,895.0,302.4
BUNGAL,3/31/2026,626.0,640.0,614.0,626.0,0.0,23577.0,895.0,302.4
BUNGAL,4/1/2026,620.0,634.9,605.7,611.0,-1.45,19951.0,895.0,302.4
BUNGAL,4/2/2026,600.0,620.0,599.0,612.0,2.0,16792.0,895.0,302.4
BUNGAL,4/5/2026,602.0,602.0,558.0,564.0,-6.31,25673.0,895.0,302.4
BUNGAL,4/6/2026,555.1,598.0,555.1,580.0,4.49,17129.0,895.0,302.4
BUNGAL,4/7/2026,588.9,595.0,578.4,584.0,-0.83,13100.0,895.0,302.4
BUNGAL,4/8/2026,588.6,626.0,582.0,623.0,5.84,33455.0,895.0,302.4
BUNGAL,4/9/2026,634.9,648.7,612.0,633.0,-0.3,27276.0,895.0,302.4
BUNGAL,4/10/2026,640.0,640.0,612.7,622.9,-2.67,19547.0,895.0,302.4
BUNGAL,4/13/2026,610.8,623.0,600.0,615.0,0.69,17249.0,895.0,302.4
BUNGAL,4/15/2026,615.0,633.3,610.1,618.0,0.49,15769.0,895.0,302.4
BUNGAL,4/16/2026,615.0,625.0,601.0,605.0,-1.63,19013.0,895.0,302.4
BUNGAL,4/17/2026,598.1,621.0,596.1,618.1,3.34,24626.0,895.0,302.4
BUNGAL,4/20/2026,631.2,631.2,596.1,628.8,-0.38,22429.0,895.0,302.4
BUNGAL,4/21/2026,617.0,628.1,611.5,619.0,0.32,12926.0,895.0,302.4
BUNGAL,4/22/2026,603.0,617.8,595.0,610.0,1.16,17239.0,895.0,302.4
BUNGAL,4/23/2026,601.2,607.9,592.0,596.4,-0.8,11698.0,895.0,302.4
BUNGAL,4/24/2026,586.0,597.0,585.0,591.2,0.89,8118.0,895.0,302.4
BUNGAL,4/27/2026,591.2,603.0,590.0,600.0,1.49,12977.0,895.0,302.4
BUNGAL,4/28/2026,570.0,603.0,570.0,594.0,4.21,15363.0,895.0,302.4
BUNGAL,4/29/2026,594.0,589.9,560.1,570.0,-4.04,18619.0,895.0,302.4
BUNGAL,4/30/2026,560.0,579.8,555.0,571.0,1.96,8665.0,895.0,302.4
BUNGAL,5/4/2026,550.0,573.0,550.0,560.0,1.82,7211.0,895.0,302.4
BUNGAL,5/5/2026,555.1,573.9,555.0,567.0,2.14,7867.0,895.0,302.4
BUNGAL,5/6/2026,556.0,570.0,556.0,565.0,1.62,3497.0,895.0,302.4
BUNGAL,5/7/2026,560.0,570.0,557.1,562.0,0.36,3992.0,895.0,302.4
BUNGAL,5/8/2026,560.1,575.0,560.1,569.1,1.61,7311.0,895.0,302.4
BUNGAL,5/11/2026,569.0,595.0,569.0,595.0,4.57,15122.0,895.0,302.4
BUNGAL,5/12/2026,600.0,610.0,570.0,583.0,-2.83,19837.0,895.0,302.4
BUNGAL,5/13/2026,570.0,583.0,565.8,582.0,2.11,8505.0,895.0,302.4
BUNGAL,5/14/2026,570.2,584.9,570.2,583.8,2.39,6832.0,895.0,302.4
BUNGAL,5/15/2026,572.0,592.0,572.0,589.8,3.11,12169.0,895.0,302.4
BUNGAL,5/18/2026,590.0,631.5,589.0,627.1,6.29,76742.0,895.0,302.4
BUNGAL,5/19/2026,625.0,654.0,625.0,635.1,1.62,97455.0,895.0,302.4
BUNGAL,5/20/2026,636.0,688.9,636.0,682.8,7.36,137677.0,895.0,302.4
BUNGAL,5/21/2026,682.8,746.0,661.0,746.0,9.26,197708.0,895.0,302.4
BUNGAL,5/22/2026,708.7,814.0,680.0,814.0,14.86,145025.0,895.0,302.4
BUNGAL,5/25/2026,773.3,773.3,706.0,730.0,-5.6,113158.0,895.0,302.4
BUNGAL,5/26/2026,730.0,737.7,710.0,732.1,0.29,101332.0,895.0,302.4
BUNGAL,5/27/2026,702.0,841.0,702.0,841.0,19.8,197734.0,895.0,302.4
BUNGAL,6/1/2026,799.0,799.0,723.0,730.0,-8.64,104206.0,895.0,302.4
BUNGAL,6/2/2026,730.0,730.0,675.0,697.2,-4.49,92390.0,895.0,302.4
BUNGAL,6/3/2026,663.0,740.0,663.0,732.0,10.41,68798.0,895.0,302.4
BUNGAL,6/4/2026,736.0,743.6,720.0,720.0,-2.17,87099.0,895.0,302.4
BUNGAL,6/5/2026,684.0,730.0,684.0,700.1,2.35,59295.0,895.0,302.4
BUNGAL,6/8/2026,735.1,735.1,682.1,686.0,-6.68,24953.0,895.0,302.4
BUNGAL,6/9/2026,686.0,700.2,670.0,688.1,0.31,36335.0,895.0,302.4
BUNGAL,6/10/2026,688.1,735.0,688.1,733.1,6.54,92750.0,895.0,302.4
BUNGAL,6/11/2026,730.9,751.0,720.0,731.0,0.01,222281.0,895.0,302.4
BUNGAL,6/12/2026,694.5,735.0,673.7,710.0,2.23,35379.0,895.0,302.4
BUNGAL,6/15/2026,700.1,718.0,700.1,709.9,1.4,36086.0,895.0,302.4
BUNGAL,6/16/2026,745.3,767.6,690.0,747.9,0.35,164406.0,895.0,302.4
BUNGAL,6/17/2026,750.0,820.0,735.1,818.0,9.07,232796.0,895.0,302.4
BUNGAL,6/18/2026,777.1,895.0,755.0,888.0,14.27,161716.0,895.0,302.4
BUNGAL,6/19/2026,843.6,843.6,754.8,777.4,-7.85,148991.0,895.0,302.4
BUNGAL,6/22/2026,754.2,810.0,722.0,810.0,7.4,123995.0,895.0,302.4
BUNGAL,6/23/2026,769.5,769.5,688.5,688.5,-10.53,185057.0,895.0,302.4
BUNGAL,6/24/2026,700.0,703.0,662.0,669.0,-4.43,36626.0,895.0,302.4
BUNGAL,6/26/2026,669.9,682.0,652.0,662.0,-1.18,59751.0,895.0,302.4
BUNGAL,6/29/2026,662.0,674.0,651.0,671.5,1.44,43084.0,895.0,302.4
BUNGAL,6/30/2026,705.0,705.0,625.7,639.0,-9.36,45755.0,895.0,302.4
BUNGAL,7/1/2026,639.0,660.0,621.0,637.0,-0.31,26572.0,895.0,302.4
BUNGAL,7/2/2026,650.0,658.0,636.0,652.0,0.31,33044.0,895.0,302.4
BUNGAL,7/3/2026,652.0,669.7,652.0,665.1,2.01,33322.0,895.0,302.4
BUNGAL,7/6/2026,690.0,690.0,620.8,630.0,-8.7,85489.0,895.0,302.4
BUNGAL,7/7/2026,630.0,650.0,629.5,635.0,0.79,79467.0,895.0,302.4
BUNGAL,7/8/2026,635.0,654.0,587.0,600.5,-5.43,84365.0,895.0,302.4
BUNGAL,7/9/2026,600.0,605.0,578.0,585.0,-2.5,42423.0,895.0,302.4
BUNGAL,7/10/2026,571.1,609.0,571.1,600.1,5.08,39341.0,895.0,302.4
BUNGAL,7/13/2026,616.9,616.9,568.5,575.0,-6.79,36819.0,895.0,302.4
BUNGAL,7/14/2026,575.0,587.0,558.0,575.0,0.0,48150.0,895.0,302.4
BUNGAL,7/15/2026,562.0,580.0,555.8,560.0,-0.36,50118.0,895.0,302.4
BUNGAL,7/16/2026,571.9,588.8,560.2,585.0,2.29,40201.0,895.0,302.4
BUNGAL,7/17/2026,576.0,625.2,576.0,625.2,8.54,55241.0,895.0,302.4
BUNGAL,7/20/2026,594.0,667.4,594.0,667.0,12.29,92800.0,895.0,302.4
BUNGAL,7/21/2026,638.0,665.0,638.0,638.0,0.0,74590.0,895.0,302.4
BUNGAL,7/22/2026,607.0,723.0,607.0,705.0,16.14,65595.0,895.0,302.4
BUNGAL,7/23/2026,669.8,669.8,612.1,635.0,-5.2,191406.0,895.0,302.4
BUNGAL,7/24/2026,635.0,646.0,625.0,634.9,-0.02,59530.0,895.0,302.4
BUNGAL,7/27/2026,634.9,634.9,600.0,603.0,-5.02,38521.0,895.0,302.4
BUNGAL,7/28/2026,602.5,613.0,585.2,599.5,-0.5,43141.0,895.0,302.4
BUNGAL,7/29/2026,599.2,612.0,590.0,593.0,-1.03,26816.0,895.0,302.4
BUNGAL,7/30/2026,593.0,599.5,585.0,587.0,-1.01,17807.0,895.0,302.4
BUNGAL,7/31/2026,582.0,597.0,570.2,597.0,2.58,27776.0,895.0,302.4
BUNGAL,8/3/2026,608.0,608.0,590.0,594.9,-2.15,16454.0,895.0,302.4
BUNGAL,8/4/2026,596.0,596.0,580.0,585.0,-1.85,22883.0,895.0,302.4
BUNGAL,8/5/2026,599.0,599.0,581.1,588.0,-1.84,14366.0,895.0,302.4
BUNGAL,8/6/2026,588.0,599.0,585.0,585.1,-0.49,20057.0,895.0,302.4
BUNGAL,8/7/2026,556.0,588.2,556.0,584.8,5.18,12856.0,895.0,302.4
BUNGAL,8/10/2026,581.0,590.0,580.0,584.0,0.52,18488.0,895.0,302.4
BUNGAL,8/11/2026,585.0,599.0,585.0,591.0,1.03,25797.0,895.0,302.4
BUNGAL,8/12/2026,591.0,599.9,586.0,588.0,-0.51,10866.0,895.0,302.4
BUNGAL,8/13/2026,586.0,590.0,581.2,585.0,-0.17,16109.0,895.0,302.4
BUNGAL,8/14/2026,585.0,586.1,580.1,580.1,-0.84,13721.0,895.0,302.4
BUNGAL,8/17/2026,590.0,610.0,575.2,606.0,2.71,47698.0,895.0,302.4
BUNGAL,8/18/2026,601.0,619.0,590.0,594.9,-1.01,26037.0,895.0,302.4
BUNGAL,8/19/2026,581.0,605.0,581.0,598.0,2.93,20116.0,895.0,302.4
BUNGAL,8/20/2026,627.0,627.0,586.0,588.0,-6.22,13603.0,895.0,302.4
BUNGAL,8/21/2026,600.0,600.0,578.0,584.0,-2.67,16715.0,895.0,302.4
BUNGAL,8/24/2026,579.0,586.0,570.0,572.0,-1.21,18772.0,895.0,302.4
BUNGAL,8/25/2026,560.0,580.0,560.0,564.8,0.86,17363.0,895.0,302.4
BUNGAL,8/26/2026,560.0,569.0,535.0,540.0,-3.57,22032.0,895.0,302.4
BUNGAL,8/27/2026,545.0,549.0,515.0,542.9,-0.39,19450.0,895.0,302.4
BUNGAL,8/31/2026,540.0,540.0,510.0,510.1,-5.54,20729.0,895.0,302.4
BUNGAL,9/1/2026,505.0,525.0,500.0,516.9,2.36,12673.0,895.0,302.4
BUNGAL,9/2/2026,519.0,520.9,508.5,519.0,0.0,7970.0,895.0,302.4
BUNGAL,9/3/2026,520.0,529.9,515.0,515.0,-0.96,7510.0,895.0,302.4
BUNGAL,9/7/2026,515.0,531.0,511.0,526.0,2.14,9952.0,895.0,302.4
BUNGAL,9/9/2026,520.0,535.7,520.0,531.0,2.12,17641.0,895.0,302.4
BUNGAL,9/10/2026,531.0,531.0,510.1,515.0,-3.01,14558.0,895.0,302.4
BUNGAL,9/11/2026,500.0,523.0,500.0,520.0,4.0,7032.0,895.0,302.4
BUNGAL,9/14/2026,520.0,532.8,519.2,523.0,0.58,10121.0,895.0,302.4
BUNGAL,9/15/2026,549.0,551.0,525.0,538.0,-2.0,30027.0,895.0,302.4
BUNGAL,9/16/2026,535.0,538.0,520.0,525.0,-1.87,18561.0,895.0,302.4
BUNGAL,9/17/2026,526.0,535.0,521.6,528.5,0.48,6981.0,895.0,302.4
BUNGAL,9/18/2026,525.0,535.0,524.0,529.9,0.93,16791.0,895.0,302.4
BUNGAL,9/22/2026,524.0,537.0,522.1,525.5,0.29,8155.0,895.0,302.4
BUNGAL,9/23/2026,499.3,559.0,499.3,511.0,2.34,22600.0,895.0,302.4
BUNGAL,9/24/2026,536.5,536.5,510.0,514.0,-4.19,12902.0,895.0,302.4
BUNGAL,9/28/2026,510.0,521.1,505.0,508.0,-0.39,9014.0,895.0,302.4
BUNGAL,9/29/2026,505.0,511.0,500.1,0.0,-100.0,5208.0,895.0,302.4
BUNGAL,9/30/2026,515.0,515.0,500.0,500.3,-2.85,8586.0,895.0,302.4
BUNGAL,10/1/2026,500.0,502.0,486.3,486.3,-2.74,17784.0,895.0,302.4
BUNGAL,10/2/2026,490.0,505.0,486.0,489.2,-0.16,10011.0,895.0,302.4
C30MF,1/26/2026,9.7,9.73,9.7,9.73,,4000.0,10.45,8.7
C30MF,1/27/2026,9.73,9.92,9.73,9.73,0.0,10555.0,10.45,8.7
C30MF,1/28/2026,9.57,9.73,9.57,9.73,0.0,600.0,10.45,8.7
C30MF,1/29/2026,9.59,9.59,9.59,9.59,-1.44,100.0,10.45,8.7
C30MF,2/1/2026,9.61,9.78,9.61,9.63,0.42,1100.0,10.45,8.7
C30MF,2/2/2026,9.65,9.98,9.65,9.95,3.32,12500.0,10.45,8.7
C30MF,2/3/2026,9.76,9.78,9.76,9.77,-1.81,2250.0,10.45,8.7
C30MF,2/4/2026,9.77,9.97,9.77,9.97,2.05,9570.0,10.45,8.7
C30MF,2/5/2026,9.9,10.0,9.9,10.0,0.3,6000.0,10.45,8.7
C30MF,2/8/2026,9.9,9.9,9.9,9.9,-1.0,300.0,10.45,8.7
C30MF,2/9/2026,9.71,9.71,9.65,9.65,-2.53,600.0,10.45,8.7
C30MF,2/10/2026,9.64,9.83,9.64,9.83,1.87,2700.0,10.45,8.7
C30MF,2/11/2026,10.01,10.01,9.81,9.82,-0.1,14804.0,10.45,8.7
C30MF,2/12/2026,9.65,10.0,9.65,9.71,-1.12,800.0,10.45,8.7
C30MF,2/16/2026,9.54,9.68,9.54,9.68,-0.31,3000.0,10.45,8.7
C30MF,2/17/2026,9.6,9.6,9.57,9.57,-1.14,600.0,10.45,8.7
C30MF,2/22/2026,9.51,9.61,9.51,9.61,0.42,1500.0,10.45,8.7
C30MF,2/23/2026,9.6,9.8,9.6,9.8,1.98,3300.0,10.45,8.7
C30MF,2/24/2026,9.7,9.7,9.7,9.7,-1.02,400.0,10.45,8.7
C30MF,2/25/2026,9.53,9.53,9.53,9.53,-1.75,500.0,10.45,8.7
C30MF,2/26/2026,9.56,9.72,9.56,9.63,1.05,3800.0,10.45,8.7
C30MF,2/27/2026,9.56,9.72,9.56,9.63,0.0,3800.0,10.45,8.7
C30MF,2/28/2026,9.56,9.72,9.56,9.63,0.0,3800.0,10.45,8.7
C30MF,3/2/2026,9.61,9.82,9.61,9.82,1.97,2200.0,10.45,8.7
C30MF,3/3/2026,9.8,9.82,9.76,9.82,0.0,32500.0,10.45,8.7
C30MF,3/4/2026,9.8,9.82,9.76,9.82,0.0,32500.0,10.45,8.7
C30MF,3/5/2026,9.8,9.82,9.76,9.82,0.0,32500.0,10.45,8.7
C30MF,3/6/2026,9.8,9.82,9.76,9.82,0.0,32500.0,10.45,8.7
C30MF,3/7/2026,9.8,9.82,9.76,9.82,0.0,32500.0,10.45,8.7
C30MF,3/8/2026,9.8,9.82,9.76,9.82,0.0,32500.0,10.45,8.7
C30MF,3/10/2026,10.01,10.11,9.92,9.93,1.12,2300.0,10.45,8.7
C30MF,3/11/2026,9.95,10.16,9.95,10.16,2.32,132600.0,10.45,8.7
C30MF,3/12/2026,10.0,10.2,10.0,10.2,0.39,27000.0,10.45,8.7
C30MF,3/13/2026,10.0,10.2,10.0,10.2,0.0,27000.0,10.45,8.7
C30MF,3/14/2026,10.0,10.2,10.0,10.2,0.0,27000.0,10.45,8.7
C30MF,3/15/2026,10.1,10.2,10.1,10.15,-0.49,28500.0,10.45,8.7
C30MF,3/16/2026,10.2,10.34,10.05,10.05,-0.99,6500.0,10.45,8.7
C30MF,3/17/2026,10.05,10.13,10.05,10.13,0.8,4500.0,10.45,8.7
C30MF,3/18/2026,10.05,10.13,10.05,10.13,0.0,4500.0,10.45,8.7
C30MF,3/19/2026,9.99,10.33,9.99,10.12,-0.1,11500.0,10.45,8.7
C30MF,3/20/2026,9.99,10.33,9.99,10.12,0.0,11500.0,10.45,8.7
C30MF,3/21/2026,9.99,10.33,9.99,10.12,0.0,11500.0,10.45,8.7
C30MF,3/22/2026,10.05,10.3,10.05,10.21,0.89,23500.0,10.45,8.7
C30MF,3/23/2026,10.21,10.35,10.15,10.2,-0.1,502400.0,10.45,8.7
C30MF,3/24/2026,10.4,10.4,10.12,10.24,0.39,12200.0,10.45,8.7
C30MF,3/25/2026,10.08,10.27,10.08,10.12,-1.17,1800.0,10.45,8.7
C30MF,3/26/2026,10.1,10.32,10.1,10.25,1.49,20000.0,10.45,8.7
C30MF,3/29/2026,10.45,10.45,10.05,10.3,-1.44,22014.0,10.45,8.7
C30MF,3/30/2026,10.1,10.3,10.05,10.1,0.0,77660.0,10.45,8.7
C30MF,3/31/2026,10.1,10.2,10.1,10.17,0.69,30800.0,10.45,8.7
C30MF,4/1/2026,10.1,10.11,10.0,10.1,0.0,305915.0,10.45,8.7
C30MF,4/2/2026,9.9,10.0,9.9,10.0,1.01,5455.0,10.45,8.7
C30MF,4/5/2026,9.9,10.0,9.86,9.86,-0.4,109510.0,10.45,8.7
C30MF,4/6/2026,9.9,10.0,9.85,9.99,0.91,50250.0,10.45,8.7
C30MF,4/7/2026,9.9,9.92,9.9,9.92,0.2,25500.0,10.45,8.7
C30MF,4/8/2026,9.9,10.18,9.9,10.15,2.53,4050.0,10.45,8.7
C30MF,4/9/2026,10.15,10.18,10.0,10.18,0.3,10800.0,10.45,8.7
C30MF,4/10/2026,10.01,10.01,10.01,10.01,0.0,200.0,10.45,8.7
C30MF,4/13/2026,10.01,10.19,10.0,10.19,1.8,73423.0,10.45,8.7
C30MF,4/15/2026,10.0,10.18,10.0,10.17,1.7,14710.0,10.45,8.7
C30MF,4/16/2026,10.15,10.3,10.1,10.3,1.48,10700.0,10.45,8.7
C30MF,4/17/2026,10.11,10.23,10.11,10.15,0.4,21855.0,10.45,8.7
C30MF,4/20/2026,10.25,10.25,10.12,10.13,-1.17,1180.0,10.45,8.7
C30MF,4/21/2026,10.12,10.15,10.12,10.15,0.3,1100.0,10.45,8.7
C30MF,4/22/2026,9.9,10.18,9.9,10.18,2.83,14000.0,10.45,8.7
C30MF,4/23/2026,9.9,10.1,9.9,10.1,2.02,1000.0,10.45,8.7
C30MF,4/24/2026,10.0,10.1,10.0,10.1,1.0,990.0,10.45,8.7
C30MF,4/27/2026,10.1,10.0,9.9,10.0,-0.99,700.0,10.45,8.7
C30MF,4/28/2026,10.0,10.2,9.9,10.0,0.0,1500.0,10.45,8.7
C30MF,4/29/2026,10.0,10.1,9.9,9.9,-1.0,43200.0,10.45,8.7
C30MF,4/30/2026,9.9,10.07,9.8,10.07,1.72,30320.0,10.45,8.7
C30MF,5/4/2026,10.07,10.07,9.8,10.0,-0.7,1608.0,10.45,8.7
C30MF,5/5/2026,9.7,9.87,9.7,9.87,1.75,500.0,10.45,8.7
C30MF,5/6/2026,9.9,9.9,9.9,9.9,0.0,200.0,10.45,8.7
C30MF,5/7/2026,10.0,10.0,9.75,9.77,-2.3,400.0,10.45,8.7
C30MF,5/8/2026,10.05,10.06,10.05,10.06,0.1,1000.0,10.45,8.7
C30MF,5/11/2026,10.0,10.0,10.0,10.0,0.0,800.0,10.45,8.7
C30MF,5/12/2026,10.27,10.28,10.0,10.02,-2.43,7758.0,10.45,8.7
C30MF,5/13/2026,9.82,10.1,9.82,10.1,2.85,4692.0,10.45,8.7
C30MF,5/14/2026,10.0,10.1,9.87,9.87,-1.3,2570.0,10.45,8.7
C30MF,5/15/2026,10.0,10.05,9.85,10.05,0.5,44441.0,10.45,8.7
C30MF,5/18/2026,9.85,9.9,9.85,9.9,0.51,300.0,10.45,8.7
C30MF,5/19/2026,9.63,9.75,9.63,9.75,1.25,200.0,10.45,8.7
C30MF,5/20/2026,10.0,10.0,9.83,9.83,-1.7,300.0,10.45,8.7
C30MF,5/25/2026,9.89,10.2,9.89,10.0,1.11,11600.0,10.45,8.7
C30MF,5/26/2026,10.1,10.2,9.96,10.0,-0.99,200330.0,10.45,8.7
C30MF,5/27/2026,9.92,10.19,9.92,10.19,2.72,1900.0,10.45,8.7
C30MF,6/1/2026,10.2,10.25,9.97,10.1,-0.98,673658.0,10.45,8.7
C30MF,6/2/2026,10.1,10.1,10.0,10.05,-0.5,500.0,10.45,8.7
C30MF,6/3/2026,10.05,10.25,10.05,10.15,1.0,13100.0,10.45,8.7
C30MF,6/4/2026,10.1,10.1,10.1,10.1,0.0,300.0,10.45,8.7
C30MF,6/5/2026,10.01,10.01,10.01,10.01,0.0,400.0,10.45,8.7
C30MF,6/8/2026,10.01,10.21,9.92,10.0,-0.1,1900.0,10.45,8.7
C30MF,6/9/2026,10.0,10.01,10.0,10.01,0.1,600.0,10.45,8.7
C30MF,6/10/2026,10.05,10.05,9.96,9.96,-0.9,97500.0,10.45,8.7
C30MF,6/11/2026,9.99,10.0,9.99,10.0,0.1,7350.0,10.45,8.7
C30MF,6/12/2026,10.0,10.0,9.9,9.92,-0.8,49100.0,10.45,8.7
C30MF,6/15/2026,9.92,10.09,9.92,10.01,0.91,7450.0,10.45,8.7
C30MF,6/16/2026,10.11,10.11,10.11,10.11,0.0,900.0,10.45,8.7
C30MF,6/17/2026,10.15,10.2,10.0,10.0,-1.48,1300.0,10.45,8.7
C30MF,6/18/2026,10.25,10.25,9.95,10.24,-0.1,144461.0,10.45,8.7
C30MF,6/19/2026,10.0,10.24,10.0,10.05,0.5,277200.0,10.45,8.7
C30MF,6/22/2026,9.9,10.1,9.9,10.1,2.02,200.0,10.45,8.7
C30MF,6/23/2026,10.25,10.3,10.1,10.1,-1.46,263188.0,10.45,8.7
C30MF,6/24/2026,9.81,10.0,9.81,10.0,1.94,300.0,10.45,8.7
C30MF,6/26/2026,10.0,10.0,10.0,10.0,0.0,100.0,10.45,8.7
C30MF,6/29/2026,9.9,10.0,9.81,9.94,0.4,7700.0,10.45,8.7
C30MF,6/30/2026,9.94,9.96,9.94,9.96,0.2,400.0,10.45,8.7
C30MF,7/1/2026,10.2,10.25,10.2,10.25,0.49,1940.0,10.45,8.7
C30MF,7/2/2026,10.15,10.24,10.15,10.18,0.3,1500.0,10.45,8.7
C30MF,7/3/2026,10.0,10.18,10.0,10.18,1.8,2400.0,10.45,8.7
C30MF,7/6/2026,9.92,9.92,9.92,9.92,0.0,600.0,10.45,8.7
C30MF,7/7/2026,9.81,10.2,9.81,10.2,3.98,25050.0,10.45,8.7
C30MF,7/8/2026,9.93,10.24,9.93,10.24,3.12,1360.0,10.45,8.7
C30MF,7/10/2026,10.01,10.01,10.01,10.01,0.0,200.0,10.45,8.7
C30MF,7/13/2026,10.1,10.1,9.93,9.93,-1.68,30100.0,10.45,8.7
C30MF,7/14/2026,10.01,10.02,10.01,10.02,0.1,3020.0,10.45,8.7
C30MF,7/15/2026,9.73,10.0,9.73,9.75,0.21,21920.0,10.45,8.7
C30MF,7/16/2026,9.75,10.2,9.75,10.2,4.62,740.0,10.45,8.7
C30MF,7/17/2026,10.2,10.2,10.2,10.2,0.0,15000.0,10.45,8.7
C30MF,7/20/2026,10.0,10.1,10.0,10.02,0.2,6200.0,10.45,8.7
C30MF,7/21/2026,10.0,10.01,10.0,10.01,0.1,11100.0,10.45,8.7
C30MF,7/22/2026,10.0,10.1,10.0,10.09,0.9,13380.0,10.45,8.7
C30MF,7/23/2026,10.0,10.22,10.0,10.22,2.2,200.0,10.45,8.7
C30MF,7/24/2026,9.92,9.99,9.92,9.96,0.4,600.0,10.45,8.7
C30MF,7/27/2026,9.69,9.7,9.69,9.7,0.1,300.0,10.45,8.7
C30MF,7/28/2026,9.8,10.07,9.8,10.07,2.76,8500.0,10.45,8.7
C30MF,7/30/2026,9.8,10.07,9.8,10.07,2.76,10100.0,10.45,8.7
C30MF,7/31/2026,10.07,10.07,10.07,10.07,0.0,100.0,10.45,8.7
C30MF,8/3/2026,10.1,10.4,10.0,10.1,0.0,289930.0,10.45,8.7
C30MF,8/4/2026,10.01,10.4,10.01,10.09,0.8,4125.0,10.45,8.7
C30MF,8/5/2026,10.25,10.25,10.25,10.25,0.0,550.0,10.45,8.7
C30MF,8/6/2026,10.01,10.01,9.75,9.9,-1.1,600.0,10.45,8.7
C30MF,8/10/2026,10.15,10.15,9.91,9.91,-2.36,300.0,10.45,8.7
C30MF,8/11/2026,9.97,9.97,9.97,9.97,0.0,1000.0,10.45,8.7
C30MF,8/12/2026,10.0,10.0,10.0,10.0,0.0,120.0,10.45,8.7
C30MF,8/13/2026,10.0,10.0,10.0,10.0,0.0,200.0,10.45,8.7
C30MF,8/14/2026,10.0,10.03,10.0,10.03,0.3,200.0,10.45,8.7
C30MF,8/17/2026,10.0,10.0,10.0,10.0,0.0,100.0,10.45,8.7
C30MF,8/19/2026,10.0,10.0,10.0,10.0,0.0,800.0,10.45,8.7
C30MF,8/20/2026,10.0,10.0,10.0,10.0,0.0,4200.0,10.45,8.7
C30MF,8/21/2026,9.87,9.87,9.87,9.87,0.0,100.0,10.45,8.7
C30MF,8/25/2026,9.95,10.0,9.95,10.0,0.5,16100.0,10.45,8.7
C30MF,8/26/2026,9.75,9.9,9.75,9.75,0.0,85300.0,10.45,8.7
C30MF,8/27/2026,9.7,9.76,9.7,9.76,0.62,200.0,10.45,8.7
C30MF,8/31/2026,9.75,9.95,9.75,9.95,2.05,1550.0,10.45,8.7
C30MF,9/1/2026,9.7,9.95,9.7,9.95,2.58,2400.0,10.45,8.7
C30MF,9/2/2026,9.95,9.95,9.95,9.95,0.0,2000.0,10.45,8.7
C30MF,9/3/2026,9.75,9.95,9.75,9.95,2.05,600.0,10.45,8.7
C30MF,9/7/2026,9.95,9.95,9.95,9.95,0.0,6700.0,10.45,8.7
C30MF,9/9/2026,9.71,9.75,9.71,9.75,0.41,200.0,10.45,8.7
C30MF,9/10/2026,9.76,10.05,9.75,10.05,2.97,2300.0,10.45,8.7
C30MF,9/11/2026,9.75,10.0,9.75,9.76,0.1,500.0,10.45,8.7
C30MF,9/14/2026,10.0,10.03,10.0,10.03,0.3,14454.0,10.45,8.7
C30MF,9/15/2026,10.15,10.16,10.15,10.15,0.0,10350.0,10.45,8.7
C30MF,9/16/2026,9.96,9.96,9.96,9.96,0.0,100.0,10.45,8.7
C30MF,9/17/2026,9.96,10.0,9.86,9.86,-1.0,300.0,10.45,8.7
C30MF,9/18/2026,10.0,10.0,10.0,10.0,0.0,5000.0,10.45,8.7
C30MF,9/22/2026,9.76,10.2,9.76,10.02,2.66,6100.0,10.45,8.7
C30MF,9/23/2026,10.17,10.17,10.05,10.1,-0.69,85375.0,10.45,8.7
C30MF,9/24/2026,9.8,9.8,9.6,9.75,-0.51,10581.0,10.45,8.7
C30MF,9/28/2026,9.52,9.75,9.52,9.75,2.42,1401.0,10.45,8.7
C30MF,9/29/2026,9.6,9.74,9.5,0.0,-100.0,8978.0,10.45,8.7
C30MF,9/30/2026,9.1,9.22,9.1,9.22,1.32,12920.0,10.45,8.7
C30MF,10/1/2026,9.49,9.49,9.49,9.49,0.0,1000.0,10.45,8.7
C30MF,10/2/2026,9.48,9.48,9.48,9.48,0.0,2200.0,10.45,8.7
CBBL,12/21/2025,1039.9,1039.9,1018.6,1019.0,,22264.0,1054.9,882.0
CBBL,12/22/2025,1015.6,1025.0,1015.5,1018.9,-0.01,14427.0,1054.9,882.0
CBBL,12/23/2025,1028.0,1028.0,1015.2,1021.0,0.21,18051.0,1054.9,882.0
CBBL,12/24/2025,1001.1,1034.9,1001.1,1027.9,0.68,17968.0,1054.9,882.0
CBBL,12/28/2025,1040.0,1045.0,1030.0,1039.0,1.08,44062.0,1054.9,882.0
CBBL,12/29/2025,1050.0,1054.0,1044.0,1044.9,0.57,79255.0,1054.9,882.0
CBBL,12/31/2025,935.0,940.0,929.0,937.0,-10.33,28957.0,1054.9,882.0
CBBL,1/1/2026,937.0,937.0,925.4,932.0,-0.53,11892.0,1054.9,882.0
CBBL,1/4/2026,939.0,939.0,916.0,916.0,-1.72,18007.0,1054.9,882.0
CBBL,1/5/2026,916.0,919.0,900.0,910.9,-0.56,24298.0,1054.9,882.0
CBBL,1/6/2026,919.0,919.0,911.0,915.0,0.45,27702.0,1054.9,882.0
CBBL,1/7/2026,933.0,933.0,915.2,919.0,0.44,8951.0,1054.9,882.0
CBBL,1/8/2026,914.0,925.0,912.4,918.0,-0.11,15537.0,1054.9,882.0
CBBL,1/12/2026,920.0,927.0,915.0,915.0,-0.33,15559.0,1054.9,882.0
CBBL,1/13/2026,911.5,924.0,911.5,922.0,0.77,15124.0,1054.9,882.0
CBBL,1/14/2026,925.0,925.0,918.3,919.9,-0.23,18468.0,1054.9,882.0
CBBL,1/18/2026,923.0,934.0,920.0,923.1,0.35,16777.0,1054.9,882.0
CBBL,1/20/2026,935.0,950.0,930.0,942.0,2.05,20078.0,1054.9,882.0
CBBL,1/21/2026,943.0,954.7,925.1,945.0,0.32,29963.0,1054.9,882.0
CBBL,1/22/2026,948.0,959.0,937.0,959.0,1.48,15234.0,1054.9,882.0
CBBL,1/25/2026,966.0,972.0,955.0,970.0,1.15,26121.0,1054.9,882.0
CBBL,1/26/2026,970.0,976.8,951.0,960.0,-1.03,103242.0,1054.9,882.0
CBBL,1/27/2026,955.0,962.0,943.0,943.0,-1.77,39235.0,1054.9,882.0
CBBL,1/28/2026,940.1,953.0,940.0,940.0,-0.32,11778.0,1054.9,882.0
CBBL,1/29/2026,946.0,946.0,935.0,936.0,-0.43,16279.0,1054.9,882.0
CBBL,2/1/2026,932.0,944.5,931.0,940.5,0.48,13311.0,1054.9,882.0
CBBL,2/2/2026,945.0,945.0,932.0,935.0,-0.58,5318.0,1054.9,882.0
CBBL,2/3/2026,935.0,935.0,925.1,933.0,-0.21,11195.0,1054.9,882.0
CBBL,2/4/2026,933.1,946.0,927.0,927.2,-0.62,12706.0,1054.9,882.0
CBBL,2/5/2026,931.0,942.0,925.4,940.0,1.38,11683.0,1054.9,882.0
CBBL,2/8/2026,945.0,948.0,935.0,936.0,-0.43,13387.0,1054.9,882.0
CBBL,2/9/2026,935.0,935.0,921.2,930.0,-0.64,13467.0,1054.9,882.0
CBBL,2/10/2026,935.0,935.0,916.3,921.0,-0.97,18078.0,1054.9,882.0
CBBL,2/11/2026,939.4,949.8,921.0,923.2,0.24,22598.0,1054.9,882.0
CBBL,2/12/2026,935.0,936.0,919.0,919.2,-0.43,20721.0,1054.9,882.0
CBBL,2/16/2026,918.0,926.0,918.0,924.0,0.52,39958.0,1054.9,882.0
CBBL,2/17/2026,921.0,925.0,917.0,920.0,-0.43,9733.0,1054.9,882.0
CBBL,2/22/2026,934.0,956.0,910.2,920.1,0.01,52728.0,1054.9,882.0
CBBL,2/23/2026,920.1,925.0,904.0,918.0,-0.23,20245.0,1054.9,882.0
CBBL,2/24/2026,920.0,932.0,906.2,932.0,1.53,13290.0,1054.9,882.0
CBBL,2/25/2026,930.0,938.0,924.0,931.0,-0.11,11098.0,1054.9,882.0
CBBL,2/26/2026,931.0,935.0,916.3,923.0,-0.86,18401.0,1054.9,882.0
CBBL,2/27/2026,931.0,935.0,916.3,923.0,0.0,18401.0,1054.9,882.0
CBBL,2/28/2026,931.0,935.0,916.3,923.0,0.0,18401.0,1054.9,882.0
CBBL,3/2/2026,923.0,948.6,900.0,920.0,-0.33,36248.0,1054.9,882.0
CBBL,3/3/2026,920.0,937.9,920.0,937.9,1.95,24899.0,1054.9,882.0
CBBL,3/4/2026,920.0,937.9,920.0,937.9,0.0,24899.0,1054.9,882.0
CBBL,3/5/2026,920.0,937.9,920.0,937.9,0.0,24899.0,1054.9,882.0
CBBL,3/6/2026,920.0,937.9,920.0,937.9,0.0,24899.0,1054.9,882.0
CBBL,3/7/2026,920.0,937.9,920.0,937.9,0.0,24899.0,1054.9,882.0
CBBL,3/8/2026,920.0,937.9,920.0,937.9,0.0,24899.0,1054.9,882.0
CBBL,3/9/2026,956.6,975.7,956.6,975.7,4.03,240.0,1054.9,882.0
CBBL,3/10/2026,995.2,1015.1,950.0,975.0,-0.07,56660.0,1054.9,882.0
CBBL,3/11/2026,975.1,979.9,948.0,948.0,-2.77,33189.0,1054.9,882.0
CBBL,3/12/2026,960.0,960.0,940.0,948.0,0.0,27762.0,1054.9,882.0
CBBL,3/13/2026,960.0,960.0,940.0,948.0,0.0,27762.0,1054.9,882.0
CBBL,3/14/2026,960.0,960.0,940.0,948.0,0.0,27762.0,1054.9,882.0
CBBL,3/15/2026,955.0,964.0,930.0,944.0,-0.42,51257.0,1054.9,882.0
CBBL,3/16/2026,940.0,945.0,930.1,941.0,-0.32,43821.0,1054.9,882.0
CBBL,3/17/2026,941.0,941.8,927.0,931.0,-1.06,31184.0,1054.9,882.0
CBBL,3/18/2026,941.0,941.8,927.0,931.0,0.0,31184.0,1054.9,882.0
CBBL,3/19/2026,932.0,950.0,931.1,935.0,0.43,57682.0,1054.9,882.0
CBBL,3/20/2026,932.0,950.0,931.1,935.0,0.0,57682.0,1054.9,882.0
CBBL,3/21/2026,932.0,950.0,931.1,935.0,0.0,57682.0,1054.9,882.0
CBBL,3/22/2026,948.0,972.0,940.0,969.0,3.64,102139.0,1054.9,882.0
CBBL,3/23/2026,980.0,980.0,959.0,969.0,0.0,60242.0,1054.9,882.0
CBBL,3/24/2026,953.5,971.0,950.0,969.9,0.09,53747.0,1054.9,882.0
CBBL,3/25/2026,969.9,971.0,951.2,955.0,-1.54,47742.0,1054.9,882.0
CBBL,3/26/2026,955.0,965.0,950.0,963.0,0.84,25508.0,1054.9,882.0
CBBL,3/29/2026,963.0,963.0,936.0,939.1,-2.48,86579.0,1054.9,882.0
CBBL,3/30/2026,937.2,947.9,927.0,929.0,-0.87,53009.0,1054.9,882.0
CBBL,3/31/2026,929.0,940.0,912.0,933.0,0.43,48881.0,1054.9,882.0
CBBL,4/1/2026,933.0,943.0,916.5,920.0,-1.39,37094.0,1054.9,882.0
CBBL,4/2/2026,918.0,930.0,914.0,922.9,0.53,24396.0,1054.9,882.0
CBBL,4/5/2026,916.0,916.0,898.0,898.0,-1.97,57291.0,1054.9,882.0
CBBL,4/6/2026,898.0,919.0,882.0,907.0,1.0,43153.0,1054.9,882.0
CBBL,4/7/2026,918.0,926.0,900.1,920.0,0.22,34988.0,1054.9,882.0
CBBL,4/8/2026,925.0,931.0,915.0,925.0,0.0,19676.0,1054.9,882.0
CBBL,4/9/2026,939.9,939.9,922.0,930.0,-1.05,16119.0,1054.9,882.0
CBBL,4/10/2026,929.0,948.0,911.0,918.0,-1.18,35512.0,1054.9,882.0
CBBL,4/13/2026,918.0,925.0,905.0,912.0,-0.65,32284.0,1054.9,882.0
CBBL,4/15/2026,915.0,924.0,910.1,921.0,0.66,10670.0,1054.9,882.0
CBBL,4/16/2026,928.0,928.9,911.0,924.5,-0.38,16976.0,1054.9,882.0
CBBL,4/17/2026,924.0,924.0,913.0,920.0,-0.43,19327.0,1054.9,882.0
CBBL,4/20/2026,920.0,920.0,911.0,911.0,-0.98,15036.0,1054.9,882.0
CBBL,4/21/2026,911.0,927.0,907.0,907.0,-0.44,12798.0,1054.9,882.0
CBBL,4/22/2026,907.0,914.0,900.2,909.0,0.22,14967.0,1054.9,882.0
CBBL,4/23/2026,914.9,915.0,900.0,904.0,-1.19,12899.0,1054.9,882.0
CBBL,4/24/2026,900.0,906.0,895.0,898.0,-0.22,23801.0,1054.9,882.0
CBBL,4/27/2026,898.0,915.0,905.0,910.0,1.34,10195.0,1054.9,882.0
CBBL,4/28/2026,910.0,918.0,900.1,910.0,0.0,17360.0,1054.9,882.0
CBBL,4/29/2026,910.0,916.5,900.0,902.0,-0.88,16442.0,1054.9,882.0
CBBL,4/30/2026,904.0,905.7,898.0,903.0,-0.11,10091.0,1054.9,882.0
CBBL,5/4/2026,901.0,915.5,901.0,902.0,0.11,9662.0,1054.9,882.0
CBBL,5/5/2026,900.0,909.9,895.1,904.0,0.44,13968.0,1054.9,882.0
CBBL,5/6/2026,904.0,914.9,887.0,904.0,0.0,23482.0,1054.9,882.0
CBBL,5/7/2026,910.0,914.0,894.0,900.0,-1.1,23285.0,1054.9,882.0
CBBL,5/8/2026,910.0,914.0,899.5,900.0,-1.1,33751.0,1054.9,882.0
CBBL,5/11/2026,906.0,925.0,905.1,923.0,1.88,15544.0,1054.9,882.0
CBBL,5/12/2026,929.9,930.0,915.0,919.0,-1.17,17323.0,1054.9,882.0
CBBL,5/13/2026,916.0,925.0,915.0,919.0,0.33,9865.0,1054.9,882.0
CBBL,5/14/2026,915.0,930.0,897.5,911.5,-0.38,28597.0,1054.9,882.0
CBBL,5/15/2026,911.1,920.0,895.0,907.0,-0.45,43845.0,1054.9,882.0
CBBL,5/18/2026,907.0,917.9,907.0,912.5,0.61,10523.0,1054.9,882.0
CBBL,5/19/2026,921.0,921.0,900.0,912.0,-0.98,23982.0,1054.9,882.0
CBBL,5/20/2026,910.0,918.5,910.0,918.0,0.88,12167.0,1054.9,882.0
CBBL,5/21/2026,920.0,924.0,915.0,915.0,-0.54,10162.0,1054.9,882.0
CBBL,5/22/2026,915.0,918.0,910.0,917.0,0.22,6793.0,1054.9,882.0
CBBL,5/25/2026,924.3,924.3,918.0,923.0,-0.14,18301.0,1054.9,882.0
CBBL,5/26/2026,925.0,925.0,919.0,923.0,-0.22,20524.0,1054.9,882.0
CBBL,5/27/2026,923.0,929.9,923.0,929.0,0.65,15992.0,1054.9,882.0
CBBL,6/1/2026,940.0,940.0,920.0,923.9,-1.71,16794.0,1054.9,882.0
CBBL,6/2/2026,924.0,926.9,922.1,925.9,0.21,11455.0,1054.9,882.0
CBBL,6/3/2026,920.0,930.0,920.0,928.3,0.9,12440.0,1054.9,882.0
CBBL,6/4/2026,928.3,931.0,926.0,927.0,-0.14,10409.0,1054.9,882.0
CBBL,6/5/2026,926.6,928.0,901.0,921.0,-0.6,22138.0,1054.9,882.0
CBBL,6/8/2026,929.0,929.0,918.0,920.0,-0.97,13313.0,1054.9,882.0
CBBL,6/9/2026,920.0,927.9,915.0,916.0,-0.43,11894.0,1054.9,882.0
CBBL,6/10/2026,929.0,970.0,917.0,917.0,-1.29,18844.0,1054.9,882.0
CBBL,6/11/2026,918.1,925.0,914.0,915.0,-0.34,13034.0,1054.9,882.0
CBBL,6/12/2026,917.0,917.0,908.2,911.1,-0.64,21920.0,1054.9,882.0
CBBL,6/15/2026,926.0,965.0,911.1,916.0,-1.08,29099.0,1054.9,882.0
CBBL,6/16/2026,916.0,916.0,914.0,915.0,-0.11,12234.0,1054.9,882.0
CBBL,6/17/2026,915.0,916.0,910.0,913.5,-0.16,14144.0,1054.9,882.0
CBBL,6/18/2026,911.0,915.0,910.0,912.5,0.16,10266.0,1054.9,882.0
CBBL,6/19/2026,911.0,913.0,910.0,912.5,0.16,11568.0,1054.9,882.0
CBBL,6/22/2026,915.0,917.5,912.0,916.0,0.11,15609.0,1054.9,882.0
CBBL,6/23/2026,911.0,917.0,910.1,913.1,0.23,7543.0,1054.9,882.0
CBBL,6/24/2026,912.0,915.0,908.1,910.5,-0.16,15062.0,1054.9,882.0
CBBL,6/26/2026,911.0,914.0,910.0,910.7,-0.03,12223.0,1054.9,882.0
CBBL,6/29/2026,906.1,915.0,905.0,910.6,0.5,11251.0,1054.9,882.0
CBBL,6/30/2026,910.0,911.0,905.0,906.5,-0.38,20142.0,1054.9,882.0
CBBL,7/1/2026,906.0,911.0,905.0,910.0,0.44,13798.0,1054.9,882.0
CBBL,7/2/2026,922.9,922.9,907.0,910.0,-1.4,10348.0,1054.9,882.0
CBBL,7/3/2026,918.7,918.7,912.0,917.8,-0.1,16357.0,1054.9,882.0
CBBL,7/6/2026,920.0,920.1,910.0,915.5,-0.49,15681.0,1054.9,882.0
CBBL,7/7/2026,912.1,930.0,912.1,923.0,1.2,21087.0,1054.9,882.0
CBBL,7/8/2026,915.1,920.0,907.0,919.9,0.52,11723.0,1054.9,882.0
CBBL,7/9/2026,919.9,919.9,909.0,912.0,-0.86,25423.0,1054.9,882.0
CBBL,7/10/2026,910.0,914.5,910.0,911.0,0.11,10358.0,1054.9,882.0
CBBL,7/13/2026,920.0,920.0,909.1,910.0,-1.09,15967.0,1054.9,882.0
CBBL,7/14/2026,910.0,916.9,907.0,914.9,0.54,12815.0,1054.9,882.0
CBBL,7/15/2026,918.0,918.0,911.2,916.0,-0.22,16222.0,1054.9,882.0
CBBL,7/16/2026,916.0,922.0,912.0,922.0,0.66,18030.0,1054.9,882.0
CBBL,7/17/2026,918.0,932.0,918.0,929.0,1.2,12245.0,1054.9,882.0
CBBL,7/20/2026,928.0,935.0,926.0,935.0,0.75,14360.0,1054.9,882.0
CBBL,7/21/2026,936.0,947.7,935.0,935.0,-0.11,27633.0,1054.9,882.0
CBBL,7/22/2026,936.0,939.0,927.0,933.5,-0.27,19042.0,1054.9,882.0
CBBL,7/23/2026,929.1,934.0,929.1,932.0,0.31,11789.0,1054.9,882.0
CBBL,7/24/2026,932.0,940.0,931.9,938.0,0.64,7273.0,1054.9,882.0
CBBL,7/27/2026,932.0,945.0,932.0,937.0,0.54,21752.0,1054.9,882.0
CBBL,7/28/2026,937.0,941.0,930.1,940.0,0.32,12282.0,1054.9,882.0
CBBL,7/29/2026,940.5,944.0,935.3,938.0,-0.27,13735.0,1054.9,882.0
CBBL,7/30/2026,938.0,943.0,928.0,928.2,-1.04,10317.0,1054.9,882.0
CBBL,7/31/2026,932.8,933.7,927.0,932.0,-0.09,14110.0,1054.9,882.0
CBBL,8/3/2026,945.0,945.0,932.1,934.2,-1.14,6023.0,1054.9,882.0
CBBL,8/4/2026,934.0,937.0,930.0,935.0,0.11,10998.0,1054.9,882.0
CBBL,8/5/2026,940.0,940.0,930.0,930.0,-1.06,6546.0,1054.9,882.0
CBBL,8/6/2026,925.5,935.0,925.1,929.9,0.48,5944.0,1054.9,882.0
CBBL,8/7/2026,929.9,934.9,929.0,929.0,-0.1,7453.0,1054.9,882.0
CBBL,8/10/2026,929.0,930.0,927.0,930.0,0.11,4726.0,1054.9,882.0
CBBL,8/11/2026,934.0,934.0,929.0,930.0,-0.43,10589.0,1054.9,882.0
CBBL,8/12/2026,928.2,936.0,928.1,933.0,0.52,5915.0,1054.9,882.0
CBBL,8/13/2026,933.0,935.0,930.0,935.0,0.21,7611.0,1054.9,882.0
CBBL,8/14/2026,936.0,942.0,933.5,933.5,-0.27,6833.0,1054.9,882.0
CBBL,8/17/2026,935.0,936.0,933.1,935.0,0.0,15140.0,1054.9,882.0
CBBL,8/18/2026,939.9,940.0,932.0,936.0,-0.41,9843.0,1054.9,882.0
CBBL,8/19/2026,934.0,940.0,934.0,935.0,0.11,15799.0,1054.9,882.0
CBBL,8/20/2026,939.9,940.0,935.1,939.0,-0.1,8287.0,1054.9,882.0
CBBL,8/21/2026,940.0,942.0,938.0,939.5,-0.05,12260.0,1054.9,882.0
CBBL,8/24/2026,938.0,940.0,935.1,935.1,-0.31,6757.0,1054.9,882.0
CBBL,8/25/2026,935.0,938.0,932.0,936.0,0.11,10369.0,1054.9,882.0
CBBL,8/26/2026,940.0,940.0,930.0,933.0,-0.74,10111.0,1054.9,882.0
CBBL,8/27/2026,930.0,933.0,925.0,932.0,0.22,5994.0,1054.9,882.0
CBBL,8/31/2026,932.0,934.0,921.0,921.0,-1.18,10679.0,1054.9,882.0
CBBL,9/1/2026,939.2,939.2,923.0,929.0,-1.09,11355.0,1054.9,882.0
CBBL,9/2/2026,927.0,933.0,926.1,930.5,0.38,8138.0,1054.9,882.0
CBBL,9/3/2026,927.7,933.0,927.7,932.0,0.46,3931.0,1054.9,882.0
CBBL,9/7/2026,935.0,948.0,932.0,943.0,0.86,12870.0,1054.9,882.0
CBBL,9/9/2026,940.0,954.0,940.0,947.0,0.74,22863.0,1054.9,882.0
CBBL,9/10/2026,947.5,947.5,938.0,942.0,-0.58,14364.0,1054.9,882.0
CBBL,9/11/2026,940.0,946.9,940.0,942.1,0.22,11255.0,1054.9,882.0
CBBL,9/14/2026,942.0,953.0,942.0,951.0,0.96,30022.0,1054.9,882.0
CBBL,9/15/2026,998.0,998.0,950.0,959.8,-3.83,29907.0,1054.9,882.0
CBBL,9/16/2026,960.0,960.0,945.0,950.0,-1.04,16872.0,1054.9,882.0
CBBL,9/17/2026,956.0,960.0,952.5,956.9,0.09,24040.0,1054.9,882.0
CBBL,9/18/2026,963.0,963.7,957.5,960.0,-0.31,17086.0,1054.9,882.0
CBBL,9/22/2026,912.0,965.0,912.0,960.1,5.27,47829.0,1054.9,882.0
CBBL,9/23/2026,965.0,965.0,948.0,949.0,-1.66,27893.0,1054.9,882.0
CBBL,9/24/2026,955.0,960.0,950.0,956.8,0.19,9786.0,1054.9,882.0
CBBL,9/28/2026,957.0,959.8,952.0,953.0,-0.42,19270.0,1054.9,882.0
CBBL,9/29/2026,954.0,955.0,944.0,0.0,-100.0,15432.0,1054.9,882.0
CBBL,9/30/2026,945.0,952.9,945.0,947.0,0.21,9167.0,1054.9,882.0
CBBL,10/1/2026,949.0,952.0,945.1,948.5,-0.05,5583.0,1054.9,882.0
CBBL,10/2/2026,949.9,950.0,946.0,948.0,-0.2,14850.0,1054.9,882.0
CBBLPO,2/24/2026,390.0,395.0,390.0,395.0,,151612.0,395.0,390.0
CBBLPO,9/3/2026,511.0,511.0,511.0,511.0,0.0,4414.0,395.0,390.0
CBL,5/19/2013,153.0,154.0,150.0,150.0,,16083.0,369.0,125.0
CBL,5/20/2013,150.0,152.0,151.0,152.0,1.33,6540.0,369.0,125.0
CBL,5/21/2013,152.0,152.0,150.0,152.0,0.0,19123.0,369.0,125.0
CBL,5/22/2013,152.0,152.0,150.0,151.0,-0.66,5816.0,369.0,125.0
CBL,5/23/2013,151.0,150.0,149.0,150.0,-0.66,3517.0,369.0,125.0
CBL,5/26/2013,150.0,152.0,150.0,151.0,0.67,17544.0,369.0,125.0
CBL,5/27/2013,151.0,153.0,150.0,153.0,1.32,13694.0,369.0,125.0
CBL,5/28/2013,153.0,153.0,150.0,150.0,-1.96,10156.0,369.0,125.0
CBL,5/30/2013,150.0,151.0,150.0,150.0,0.0,14056.0,369.0,125.0
CBL,6/2/2013,150.0,152.0,148.0,149.0,-0.67,8389.0,369.0,125.0
CBL,6/3/2013,149.0,150.0,148.0,149.0,0.0,21090.0,369.0,125.0
CBL,6/4/2013,149.0,150.0,148.0,149.0,0.0,3457.0,369.0,125.0
CBL,6/5/2013,149.0,150.0,147.0,150.0,0.67,67545.0,369.0,125.0
CBL,6/6/2013,150.0,155.0,150.0,155.0,3.33,6722.0,369.0,125.0
CBL,6/9/2013,155.0,153.0,150.0,150.0,-3.23,10202.0,369.0,125.0
CBL,6/10/2013,150.0,151.0,149.0,151.0,0.67,5359.0,369.0,125.0
CBL,6/11/2013,151.0,153.0,149.0,149.0,-1.32,5966.0,369.0,125.0
CBL,6/12/2013,149.0,150.0,148.0,149.0,0.0,5222.0,369.0,125.0
CBL,6/13/2013,149.0,149.0,148.0,149.0,0.0,17988.0,369.0,125.0
CBL,6/16/2013,149.0,150.0,149.0,149.0,0.0,1853.0,369.0,125.0
CBL,6/17/2013,149.0,149.0,145.0,148.0,-0.67,11738.0,369.0,125.0
CBL,6/18/2013,148.0,150.0,147.0,147.0,-0.68,10374.0,369.0,125.0
CBL,6/19/2013,147.0,149.0,145.0,145.0,-1.36,11256.0,369.0,125.0
CBL,6/20/2013,145.0,148.0,145.0,147.0,1.38,5263.0,369.0,125.0
CBL,6/23/2013,147.0,147.0,143.0,145.0,-1.36,10805.0,369.0,125.0
CBL,6/24/2013,145.0,146.0,142.0,145.0,0.0,8305.0,369.0,125.0
CBL,6/25/2013,145.0,149.0,145.0,148.0,2.07,7523.0,369.0,125.0
CBL,6/26/2013,148.0,151.0,147.0,149.0,0.68,3406.0,369.0,125.0
CBL,6/27/2013,149.0,149.0,146.0,147.0,-1.34,2875.0,369.0,125.0
CBL,6/30/2013,147.0,147.0,145.0,146.0,-0.68,8262.0,369.0,125.0
CBL,7/1/2013,146.0,146.0,144.0,144.0,-1.37,6760.0,369.0,125.0
CBL,7/2/2013,144.0,144.0,143.0,143.0,-0.69,14191.0,369.0,125.0
CBL,7/3/2013,143.0,144.0,141.0,144.0,0.7,60310.0,369.0,125.0
CBL,7/4/2013,144.0,146.0,142.0,144.0,0.0,3009.0,369.0,125.0
CBL,7/7/2013,144.0,148.0,143.0,148.0,2.78,5469.0,369.0,125.0
CBL,7/8/2013,148.0,150.0,147.0,149.0,0.68,16983.0,369.0,125.0
CBL,7/9/2013,149.0,151.0,147.0,149.0,0.0,12422.0,369.0,125.0
CBL,7/10/2013,149.0,152.0,148.0,151.0,1.34,4115.0,369.0,125.0
CBL,7/11/2013,151.0,151.0,149.0,149.0,-1.32,482.0,369.0,125.0
CBL,7/14/2013,149.0,150.0,148.0,148.0,-0.67,1238.0,369.0,125.0
CBL,7/15/2013,148.0,150.0,145.0,149.0,0.68,6940.0,369.0,125.0
CBL,7/16/2013,149.0,150.0,147.0,147.0,-1.34,2228.0,369.0,125.0
CBL,7/17/2013,147.0,149.0,146.0,147.0,0.0,2430.0,369.0,125.0
CBL,7/18/2013,147.0,150.0,148.0,149.0,1.36,7412.0,369.0,125.0
CBL,7/21/2013,149.0,156.0,150.0,152.0,2.01,8121.0,369.0,125.0
CBL,7/22/2013,152.0,153.0,148.0,149.0,-1.97,5976.0,369.0,125.0
CBL,7/23/2013,149.0,150.0,147.0,149.0,0.0,5226.0,369.0,125.0
CBL,7/24/2013,149.0,151.0,147.0,149.0,0.0,5372.0,369.0,125.0
CBL,7/25/2013,149.0,149.0,145.0,147.0,-1.34,5653.0,369.0,125.0
CBL,7/28/2013,147.0,147.0,145.0,147.0,0.0,8012.0,369.0,125.0
CBL,7/29/2013,147.0,148.0,144.0,146.0,-0.68,8532.0,369.0,125.0
CBL,7/30/2013,146.0,148.0,144.0,147.0,0.68,12040.0,369.0,125.0
CBL,7/31/2013,147.0,148.0,146.0,147.0,0.0,12269.0,369.0,125.0
CBL,8/1/2013,147.0,148.0,145.0,146.0,-0.68,10142.0,369.0,125.0
CBL,8/4/2013,146.0,148.0,144.0,146.0,0.0,12972.0,369.0,125.0
CBL,8/5/2013,146.0,147.0,144.0,144.0,-1.37,8364.0,369.0,125.0
CBL,8/6/2013,144.0,147.0,141.0,144.0,0.0,17615.0,369.0,125.0
CBL,8/7/2013,144.0,146.0,143.0,143.0,-0.69,9288.0,369.0,125.0
CBL,8/8/2013,143.0,148.0,141.0,148.0,3.5,18922.0,369.0,125.0
CBL,8/11/2013,148.0,150.0,145.0,147.0,-0.68,8583.0,369.0,125.0
CBL,8/12/2013,147.0,146.0,140.0,140.0,-4.76,5847.0,369.0,125.0
CBL,8/13/2013,140.0,144.0,140.0,142.0,1.43,12695.0,369.0,125.0
CBL,8/14/2013,142.0,146.0,142.0,144.0,1.41,14135.0,369.0,125.0
CBL,8/15/2013,144.0,145.0,144.0,144.0,0.0,3492.0,369.0,125.0
CBL,8/18/2013,144.0,146.0,143.0,144.0,0.0,9424.0,369.0,125.0
CBL,8/19/2013,144.0,147.0,144.0,144.0,0.0,15496.0,369.0,125.0
CBL,8/20/2013,144.0,148.0,143.0,146.0,1.39,11614.0,369.0,125.0
CBL,8/25/2013,146.0,147.0,145.0,145.0,-0.68,19948.0,369.0,125.0
CBL,8/26/2013,145.0,146.0,143.0,144.0,-0.69,6124.0,369.0,125.0
CBL,8/27/2013,144.0,146.0,144.0,146.0,1.39,18457.0,369.0,125.0
CBL,8/29/2013,146.0,145.0,142.0,143.0,-2.05,12315.0,369.0,125.0
CBL,9/1/2013,143.0,144.0,142.0,143.0,0.0,8439.0,369.0,125.0
CBL,9/2/2013,143.0,144.0,142.0,142.0,-0.7,11982.0,369.0,125.0
CBL,9/3/2013,142.0,143.0,140.0,141.0,-0.7,14933.0,369.0,125.0
CBL,9/4/2013,141.0,142.0,140.0,140.0,-0.71,20114.0,369.0,125.0
CBL,9/5/2013,140.0,143.0,140.0,140.0,0.0,12432.0,369.0,125.0
CBL,9/8/2013,140.0,142.0,140.0,140.0,0.0,5657.0,369.0,125.0
CBL,9/9/2013,140.0,142.0,140.0,141.0,0.71,16359.0,369.0,125.0
CBL,9/10/2013,141.0,141.0,139.0,141.0,0.0,6625.0,369.0,125.0
CBL,9/11/2013,141.0,141.0,136.0,138.0,-2.13,16619.0,369.0,125.0
CBL,9/12/2013,138.0,140.0,138.0,140.0,1.45,21859.0,369.0,125.0
CBL,9/15/2013,140.0,143.0,138.0,141.0,0.71,21258.0,369.0,125.0
CBL,9/16/2013,141.0,143.0,138.0,142.0,0.71,10970.0,369.0,125.0
CBL,9/17/2013,142.0,144.0,141.0,141.0,-0.7,5347.0,369.0,125.0
CBL,9/19/2013,141.0,141.0,140.0,141.0,0.0,32911.0,369.0,125.0
CBL,9/22/2013,141.0,141.0,138.0,139.0,-1.42,21006.0,369.0,125.0
CBL,9/23/2013,139.0,140.0,138.0,138.0,-0.72,9544.0,369.0,125.0
CBL,9/24/2013,138.0,141.0,138.0,140.0,1.45,5060.0,369.0,125.0
CBL,9/25/2013,140.0,141.0,138.0,140.0,0.0,3917.0,369.0,125.0
CBL,9/26/2013,140.0,140.0,138.0,139.0,-0.71,2043.0,369.0,125.0
CBL,9/29/2013,139.0,140.0,138.0,138.0,-0.72,5138.0,369.0,125.0
CBL,9/30/2013,138.0,140.0,135.0,138.0,0.0,16925.0,369.0,125.0
CBL,10/1/2013,138.0,139.0,138.0,139.0,0.72,5472.0,369.0,125.0
CBL,10/2/2013,139.0,139.0,137.0,139.0,0.0,7286.0,369.0,125.0
CBL,10/3/2013,139.0,138.0,133.0,135.0,-2.88,13983.0,369.0,125.0
CBL,10/6/2013,135.0,138.0,135.0,136.0,0.74,5684.0,369.0,125.0
CBL,10/7/2013,136.0,139.0,134.0,138.0,1.47,9010.0,369.0,125.0
CBL,5/5/2014,138.0,151.0,140.0,151.0,9.42,130.0,369.0,125.0
CBL,5/6/2014,151.0,166.0,154.0,166.0,9.93,50.0,369.0,125.0
CBL,5/7/2014,166.0,181.0,169.0,181.0,9.04,67.0,369.0,125.0
CBL,5/8/2014,181.0,190.0,184.0,190.0,4.97,188.0,369.0,125.0
CBL,5/11/2014,190.0,209.0,193.0,209.0,10.0,60.0,369.0,125.0
CBL,5/12/2014,209.0,229.0,213.0,229.0,9.57,260.0,369.0,125.0
CBL,5/13/2014,229.0,251.0,233.0,251.0,9.61,100464.0,369.0,125.0
CBL,5/15/2014,251.0,266.0,245.0,257.0,2.39,249461.0,369.0,125.0
CBL,5/18/2014,257.0,260.0,247.0,250.0,-2.72,64603.0,369.0,125.0
CBL,5/19/2014,250.0,252.0,246.0,252.0,0.8,71693.0,369.0,125.0
CBL,5/20/2014,252.0,250.0,244.0,249.0,-1.19,68529.0,369.0,125.0
CBL,5/21/2014,249.0,252.0,245.0,250.0,0.4,64346.0,369.0,125.0
CBL,5/22/2014,250.0,255.0,249.0,251.0,0.4,41531.0,369.0,125.0
CBL,5/25/2014,251.0,260.0,250.0,259.0,3.19,93322.0,369.0,125.0
CBL,5/26/2014,259.0,266.0,256.0,262.0,1.16,75281.0,369.0,125.0
CBL,5/27/2014,262.0,266.0,258.0,264.0,0.76,64221.0,369.0,125.0
CBL,5/28/2014,264.0,266.0,261.0,261.0,-1.14,42140.0,369.0,125.0
CBL,6/1/2014,261.0,268.0,261.0,265.0,1.53,51159.0,369.0,125.0
CBL,6/2/2014,265.0,270.0,263.0,266.0,0.38,65881.0,369.0,125.0
CBL,6/3/2014,266.0,280.0,267.0,272.0,2.26,69059.0,369.0,125.0
CBL,6/4/2014,272.0,277.0,273.0,274.0,0.74,48357.0,369.0,125.0
CBL,6/5/2014,274.0,275.0,269.0,271.0,-1.09,30049.0,369.0,125.0
CBL,6/8/2014,271.0,275.0,270.0,270.0,-0.37,36400.0,369.0,125.0
CBL,6/9/2014,270.0,275.0,265.0,268.0,-0.74,21502.0,369.0,125.0
CBL,6/10/2014,268.0,271.0,263.0,266.0,-0.75,62475.0,369.0,125.0
CBL,6/11/2014,266.0,278.0,256.0,274.0,3.01,158633.0,369.0,125.0
CBL,6/12/2014,274.0,280.0,269.0,278.0,1.46,68372.0,369.0,125.0
CBL,6/15/2014,278.0,300.0,278.0,294.0,5.76,87241.0,369.0,125.0
CBL,6/16/2014,294.0,310.0,290.0,301.0,2.38,98527.0,369.0,125.0
CBL,6/17/2014,301.0,305.0,286.0,300.0,-0.33,77812.0,369.0,125.0
CBL,6/18/2014,300.0,302.0,294.0,294.0,-2.0,22259.0,369.0,125.0
CBL,6/19/2014,294.0,295.0,286.0,294.0,0.0,42586.0,369.0,125.0
CBL,6/23/2014,294.0,294.0,280.0,287.0,-2.38,28089.0,369.0,125.0
CBL,6/24/2014,287.0,299.0,281.0,293.0,2.09,29726.0,369.0,125.0
CBL,6/25/2014,293.0,298.0,290.0,293.0,0.0,25562.0,369.0,125.0
CBL,6/26/2014,293.0,296.0,281.0,296.0,1.02,42729.0,369.0,125.0
CBL,6/29/2014,296.0,299.0,290.0,293.0,-1.01,27797.0,369.0,125.0
CBL,6/30/2014,293.0,294.0,287.0,294.0,0.34,25879.0,369.0,125.0
CBL,7/1/2014,294.0,296.0,285.0,288.0,-2.04,48332.0,369.0,125.0
CBL,7/2/2014,288.0,300.0,290.0,294.0,2.08,45076.0,369.0,125.0
CBL,7/3/2014,294.0,299.0,293.0,295.0,0.34,28962.0,369.0,125.0
CBL,7/6/2014,295.0,320.0,289.0,317.0,7.46,147273.0,369.0,125.0
CBL,7/7/2014,317.0,336.0,311.0,327.0,3.15,91341.0,369.0,125.0
CBL,7/8/2014,327.0,333.0,324.0,328.0,0.31,66103.0,369.0,125.0
CBL,7/9/2014,328.0,331.0,324.0,330.0,0.61,23206.0,369.0,125.0
CBL,7/10/2014,330.0,332.0,320.0,332.0,0.61,57807.0,369.0,125.0
CBL,7/13/2014,332.0,357.0,330.0,337.0,1.51,95264.0,369.0,125.0
CBL,7/14/2014,337.0,340.0,330.0,333.0,-1.19,41716.0,369.0,125.0
CBL,7/15/2014,333.0,336.0,325.0,336.0,0.9,29694.0,369.0,125.0
CBL,7/16/2014,336.0,338.0,330.0,330.0,-1.79,36637.0,369.0,125.0
CBL,7/17/2014,330.0,341.0,330.0,340.0,3.03,75245.0,369.0,125.0
CBL,7/20/2014,340.0,358.0,340.0,348.0,2.35,59696.0,369.0,125.0
CBL,7/21/2014,348.0,360.0,345.0,350.0,0.57,80266.0,369.0,125.0
CBL,7/22/2014,350.0,351.0,336.0,343.0,-2.0,33900.0,369.0,125.0
CBL,7/23/2014,343.0,350.0,338.0,346.0,0.87,46733.0,369.0,125.0
CBL,7/24/2014,346.0,352.0,334.0,345.0,-0.29,53323.0,369.0,125.0
CBL,7/27/2014,345.0,355.0,340.0,348.0,0.87,36168.0,369.0,125.0
CBL,7/28/2014,348.0,354.0,345.0,354.0,1.72,46114.0,369.0,125.0
CBL,7/30/2014,354.0,361.0,345.0,345.0,-2.54,93685.0,369.0,125.0
CBL,7/31/2014,345.0,366.0,348.0,355.0,2.9,82761.0,369.0,125.0
CBL,8/3/2014,355.0,357.0,347.0,347.0,-2.25,29268.0,369.0,125.0
CBL,8/4/2014,347.0,352.0,335.0,343.0,-1.15,28220.0,369.0,125.0
CBL,8/5/2014,343.0,359.0,345.0,350.0,2.04,35458.0,369.0,125.0
CBL,8/6/2014,350.0,355.0,341.0,345.0,-1.43,33002.0,369.0,125.0
CBL,8/7/2014,345.0,351.0,333.0,351.0,1.74,21728.0,369.0,125.0
CBL,8/12/2014,351.0,350.0,330.0,334.0,-4.84,18581.0,369.0,125.0
CBL,8/13/2014,334.0,346.0,329.0,340.0,1.8,42507.0,369.0,125.0
CBL,8/14/2014,340.0,346.0,332.0,338.0,-0.59,11704.0,369.0,125.0
CBL,8/18/2014,338.0,342.0,324.0,330.0,-2.37,31105.0,369.0,125.0
CBL,8/19/2014,330.0,337.0,328.0,329.0,-0.3,18206.0,369.0,125.0
CBL,8/20/2014,329.0,330.0,317.0,317.0,-3.65,14839.0,369.0,125.0
CBL,8/21/2014,317.0,328.0,301.0,326.0,2.84,40089.0,369.0,125.0
CBL,8/24/2014,326.0,328.0,314.0,320.0,-1.84,19164.0,369.0,125.0
CBL,8/25/2014,320.0,315.0,300.0,307.0,-4.06,21508.0,369.0,125.0
CBL,8/26/2014,307.0,327.0,297.0,301.0,-1.95,41070.0,369.0,125.0
CBL,8/27/2014,301.0,320.0,300.0,314.0,4.32,43558.0,369.0,125.0
CBL,8/28/2014,314.0,328.0,308.0,313.0,-0.32,33989.0,369.0,125.0
CBL,8/31/2014,313.0,312.0,300.0,306.0,-2.24,32170.0,369.0,125.0
CBL,9/1/2014,306.0,308.0,296.0,308.0,0.65,30731.0,369.0,125.0
CBL,9/3/2014,308.0,320.0,302.0,302.0,-1.95,19039.0,369.0,125.0
CBL,9/4/2014,302.0,302.0,291.0,292.0,-3.31,22296.0,369.0,125.0
CBL,9/7/2014,292.0,287.0,275.0,278.0,-4.79,33548.0,369.0,125.0
CBL,9/9/2014,278.0,305.0,280.0,305.0,9.71,32855.0,369.0,125.0
CBL,9/10/2014,305.0,313.0,290.0,295.0,-3.28,37766.0,369.0,125.0
CBL,9/11/2014,295.0,301.0,282.0,295.0,0.0,14906.0,369.0,125.0
CBL,9/14/2014,295.0,300.0,286.0,288.0,-2.37,11292.0,369.0,125.0
CBL,9/15/2014,288.0,296.0,290.0,291.0,1.04,13377.0,369.0,125.0
CBL,9/16/2014,291.0,299.0,289.0,297.0,2.06,18745.0,369.0,125.0
CBL,9/17/2014,297.0,302.0,285.0,295.0,-0.67,14608.0,369.0,125.0
CBL,9/18/2014,295.0,290.0,281.0,290.0,-1.69,12932.0,369.0,125.0
CBL,9/21/2014,290.0,286.0,273.0,283.0,-2.41,14993.0,369.0,125.0
CBL,9/22/2014,283.0,288.0,275.0,281.0,-0.71,18575.0,369.0,125.0
CBL,9/23/2014,281.0,290.0,276.0,290.0,3.2,6111.0,369.0,125.0
CBL,9/24/2014,290.0,291.0,285.0,288.0,-0.69,7711.0,369.0,125.0
CBL,9/28/2014,288.0,297.0,290.0,295.0,2.43,4780.0,369.0,125.0
CBL,9/29/2014,295.0,302.0,295.0,297.0,0.68,20250.0,369.0,125.0
CBL,9/30/2014,297.0,301.0,291.0,295.0,-0.67,9630.0,369.0,125.0
CBL,10/8/2014,295.0,290.0,288.0,290.0,-1.69,658.0,369.0,125.0
CBL,10/9/2014,290.0,293.0,281.0,291.0,0.34,2949.0,369.0,125.0
CBL,10/12/2014,291.0,295.0,281.0,281.0,-3.44,11265.0,369.0,125.0
CBL,10/13/2014,281.0,286.0,272.0,282.0,0.36,9328.0,369.0,125.0
CBL,10/14/2014,282.0,291.0,278.0,285.0,1.06,5702.0,369.0,125.0
CBL,10/15/2014,285.0,290.0,282.0,290.0,1.75,15937.0,369.0,125.0
CBL,10/16/2014,290.0,295.0,286.0,290.0,0.0,8580.0,369.0,125.0
CBL,10/19/2014,290.0,294.0,285.0,290.0,0.0,4873.0,369.0,125.0
CBL,10/20/2014,290.0,289.0,280.0,282.0,-2.76,4472.0,369.0,125.0
CBL,10/21/2014,282.0,287.0,279.0,284.0,0.71,17650.0,369.0,125.0
CBL,10/22/2014,284.0,287.0,281.0,287.0,1.06,4222.0,369.0,125.0
CBL,10/26/2014,287.0,291.0,285.0,285.0,-0.7,6099.0,369.0,125.0
CBL,10/27/2014,285.0,286.0,281.0,282.0,-1.05,6237.0,369.0,125.0
CBL,10/28/2014,282.0,290.0,280.0,282.0,0.0,10822.0,369.0,125.0
CBL,10/30/2014,282.0,291.0,281.0,283.0,0.35,4874.0,369.0,125.0
CBL,11/2/2014,283.0,285.0,280.0,280.0,-1.06,5428.0,369.0,125.0
CBL,11/3/2014,280.0,279.0,274.0,274.0,-2.14,11572.0,369.0,125.0
CBL,11/4/2014,274.0,274.0,265.0,274.0,0.0,13184.0,369.0,125.0
CBL,11/5/2014,274.0,276.0,265.0,273.0,-0.36,7304.0,369.0,125.0
CBL,11/6/2014,273.0,277.0,270.0,273.0,0.0,4187.0,369.0,125.0
CBL,11/9/2014,273.0,274.0,266.0,267.0,-2.2,10777.0,369.0,125.0
CBL,11/10/2014,267.0,270.0,260.0,264.0,-1.12,9169.0,369.0,125.0
CBL,11/11/2014,264.0,276.0,255.0,272.0,3.03,7222.0,369.0,125.0
CBL,11/12/2014,272.0,271.0,267.0,269.0,-1.1,2725.0,369.0,125.0
CBL,11/13/2014,269.0,271.0,256.0,266.0,-1.12,2645.0,369.0,125.0
CBL,11/16/2014,266.0,269.0,257.0,260.0,-2.26,9588.0,369.0,125.0
CBL,11/17/2014,260.0,265.0,250.0,257.0,-1.15,26586.0,369.0,125.0
CBL,11/18/2014,257.0,252.0,232.0,232.0,-9.73,39685.0,369.0,125.0
CBL,11/19/2014,232.0,242.0,228.0,238.0,2.59,11142.0,369.0,125.0
CBL,11/20/2014,238.0,252.0,239.0,241.0,1.26,12065.0,369.0,125.0
CBL,11/23/2014,241.0,253.0,238.0,241.0,0.0,9177.0,369.0,125.0
CBL,11/24/2014,241.0,245.0,240.0,241.0,0.0,10454.0,369.0,125.0
CBL,11/25/2014,241.0,244.0,234.0,240.0,-0.41,11421.0,369.0,125.0
CBL,11/30/2014,240.0,236.0,229.0,231.0,-3.75,4872.0,369.0,125.0
CBL,12/1/2014,231.0,235.0,226.0,228.0,-1.3,4682.0,369.0,125.0
CBL,12/2/2014,228.0,229.0,224.0,227.0,-0.44,6978.0,369.0,125.0
CBL,12/3/2014,227.0,239.0,230.0,231.0,1.76,8896.0,369.0,125.0
CBL,12/4/2014,231.0,240.0,230.0,234.0,1.3,10312.0,369.0,125.0
CBL,12/7/2014,234.0,247.0,233.0,245.0,4.7,8013.0,369.0,125.0
CBL,12/8/2014,245.0,248.0,238.0,244.0,-0.41,12929.0,369.0,125.0
CBL,12/9/2014,244.0,250.0,240.0,246.0,0.82,14388.0,369.0,125.0
CBL,12/10/2014,246.0,265.0,243.0,250.0,1.63,12313.0,369.0,125.0
CBL,12/11/2014,250.0,264.0,251.0,259.0,3.6,11889.0,369.0,125.0
CBL,12/14/2014,259.0,283.0,261.0,280.0,8.11,22122.0,369.0,125.0
CBL,12/15/2014,280.0,288.0,260.0,279.0,-0.36,38808.0,369.0,125.0
CBL,12/16/2014,279.0,281.0,268.0,277.0,-0.72,16257.0,369.0,125.0
CBL,12/17/2014,277.0,282.0,267.0,270.0,-2.53,15565.0,369.0,125.0
CBL,12/18/2014,270.0,273.0,267.0,270.0,0.0,7317.0,369.0,125.0
CBL,12/21/2014,270.0,270.0,260.0,270.0,0.0,8991.0,369.0,125.0
CBL,12/22/2014,270.0,268.0,260.0,265.0,-1.85,6055.0,369.0,125.0
CBL,12/23/2014,265.0,262.0,254.0,261.0,-1.51,14607.0,369.0,125.0
CBL,12/24/2014,261.0,270.0,258.0,268.0,2.68,22453.0,369.0,125.0
CBL,12/28/2014,268.0,278.0,270.0,278.0,3.73,17848.0,369.0,125.0
CBL,12/29/2014,278.0,278.0,266.0,273.0,-1.8,33456.0,369.0,125.0
CBL,12/31/2014,273.0,278.0,269.0,273.0,0.0,19311.0,369.0,125.0
CBL,1/1/2015,273.0,278.0,270.0,273.0,0.0,13291.0,369.0,125.0
CBL,1/4/2015,273.0,279.0,268.0,278.0,1.83,44705.0,369.0,125.0
CBL,1/5/2015,278.0,282.0,272.0,282.0,1.44,101346.0,369.0,125.0
CBL,1/6/2015,264.0,275.0,259.0,265.0,-6.03,12366.0,369.0,125.0
CBL,1/7/2015,265.0,272.0,261.0,269.0,1.51,8948.0,369.0,125.0
CBL,1/8/2015,269.0,276.0,271.0,272.0,1.12,11175.0,369.0,125.0
CBL,1/11/2015,272.0,273.0,267.0,267.0,-1.84,5161.0,369.0,125.0
CBL,1/12/2015,267.0,272.0,264.0,272.0,1.87,2851.0,369.0,125.0
CBL,1/13/2015,272.0,276.0,269.0,276.0,1.47,11553.0,369.0,125.0
CBL,1/14/2015,276.0,286.0,277.0,280.0,1.45,17478.0,369.0,125.0
CBL,1/18/2015,280.0,306.0,280.0,295.0,5.36,26474.0,369.0,125.0
CBL,1/19/2015,295.0,324.0,300.0,311.0,5.42,24911.0,369.0,125.0
CBL,1/20/2015,311.0,318.0,289.0,306.0,-1.61,25593.0,369.0,125.0
CBL,1/22/2015,306.0,310.0,296.0,300.0,-1.96,12781.0,369.0,125.0
CBL,1/25/2015,300.0,312.0,302.0,309.0,3.0,37740.0,369.0,125.0
CBL,1/26/2015,309.0,319.0,305.0,309.0,0.0,24053.0,369.0,125.0
CBL,1/27/2015,309.0,312.0,308.0,312.0,0.97,11219.0,369.0,125.0
CBL,1/28/2015,312.0,321.0,310.0,317.0,1.6,11923.0,369.0,125.0
CBL,1/29/2015,317.0,320.0,310.0,316.0,-0.32,18685.0,369.0,125.0
CBL,2/1/2015,316.0,320.0,311.0,314.0,-0.63,12247.0,369.0,125.0
CBL,2/2/2015,314.0,315.0,306.0,309.0,-1.59,13078.0,369.0,125.0
CBL,2/3/2015,309.0,313.0,301.0,307.0,-0.65,20197.0,369.0,125.0
CBL,2/4/2015,307.0,310.0,300.0,300.0,-2.28,20375.0,369.0,125.0
CBL,2/5/2015,300.0,304.0,296.0,300.0,0.0,16741.0,369.0,125.0
CBL,2/8/2015,300.0,305.0,300.0,304.0,1.33,13204.0,369.0,125.0
CBL,2/9/2015,304.0,304.0,300.0,300.0,-1.32,5339.0,369.0,125.0
CBL,2/10/2015,300.0,301.0,297.0,300.0,0.0,2118.0,369.0,125.0
CBL,2/11/2015,300.0,306.0,296.0,300.0,0.0,14401.0,369.0,125.0
CBL,2/12/2015,300.0,305.0,300.0,305.0,1.67,9957.0,369.0,125.0
CBL,2/15/2015,305.0,310.0,302.0,303.0,-0.66,13506.0,369.0,125.0
CBL,2/16/2015,303.0,306.0,300.0,300.0,-0.99,11158.0,369.0,125.0
CBL,2/18/2015,300.0,302.0,295.0,295.0,-1.67,6137.0,369.0,125.0
CBL,2/22/2015,295.0,299.0,295.0,296.0,0.34,2199.0,369.0,125.0
CBL,2/23/2015,296.0,297.0,291.0,294.0,-0.68,14906.0,369.0,125.0
CBL,2/24/2015,294.0,297.0,290.0,292.0,-0.68,9793.0,369.0,125.0
CBL,2/25/2015,292.0,297.0,294.0,295.0,1.03,5729.0,369.0,125.0
CBL,2/26/2015,295.0,303.0,294.0,303.0,2.71,4200.0,369.0,125.0
CBL,3/1/2015,303.0,303.0,297.0,299.0,-1.32,5078.0,369.0,125.0
CBL,3/2/2015,299.0,313.0,294.0,313.0,4.68,13148.0,369.0,125.0
CBL,3/3/2015,313.0,307.0,301.0,301.0,-3.83,3930.0,369.0,125.0
CBL,3/4/2015,301.0,307.0,300.0,303.0,0.66,7537.0,369.0,125.0
CBL,3/9/2015,303.0,312.0,300.0,305.0,0.66,3875.0,369.0,125.0
CBL,3/10/2015,305.0,303.0,300.0,300.0,-1.64,17442.0,369.0,125.0
CBL,3/11/2015,300.0,305.0,299.0,301.0,0.33,5783.0,369.0,125.0
CBL,3/12/2015,301.0,300.0,296.0,300.0,-0.33,6382.0,369.0,125.0
CBL,3/15/2015,300.0,296.0,293.0,295.0,-1.67,3461.0,369.0,125.0
CBL,3/16/2015,295.0,293.0,288.0,292.0,-1.02,4985.0,369.0,125.0
CBL,3/17/2015,292.0,294.0,288.0,290.0,-0.68,3268.0,369.0,125.0
CBL,3/18/2015,290.0,293.0,288.0,290.0,0.0,3817.0,369.0,125.0
CBL,3/19/2015,290.0,299.0,290.0,299.0,3.1,10071.0,369.0,125.0
CBL,3/22/2015,299.0,304.0,293.0,294.0,-1.67,9344.0,369.0,125.0
CBL,3/23/2015,294.0,291.0,284.0,284.0,-3.4,19232.0,369.0,125.0
CBL,3/24/2015,284.0,294.0,281.0,286.0,0.7,2825.0,369.0,125.0
CBL,3/25/2015,286.0,285.0,281.0,282.0,-1.4,9944.0,369.0,125.0
CBL,3/26/2015,282.0,283.0,277.0,283.0,0.35,7254.0,369.0,125.0
CBL,3/29/2015,283.0,281.0,275.0,280.0,-1.06,5592.0,369.0,125.0
CBL,3/30/2015,280.0,286.0,281.0,285.0,1.79,422.0,369.0,125.0
CBL,3/31/2015,285.0,289.0,272.0,285.0,0.0,7130.0,369.0,125.0
CBL,4/1/2015,285.0,290.0,276.0,276.0,-3.16,2285.0,369.0,125.0
CBL,4/2/2015,276.0,289.0,278.0,281.0,1.81,3406.0,369.0,125.0
CBL,4/5/2015,281.0,286.0,278.0,286.0,1.78,2696.0,369.0,125.0
CBL,4/6/2015,286.0,283.0,278.0,283.0,-1.05,1896.0,369.0,125.0
CBL,4/7/2015,283.0,283.0,278.0,282.0,-0.35,7960.0,369.0,125.0
CBL,4/8/2015,282.0,285.0,280.0,280.0,-0.71,8657.0,369.0,125.0
CBL,4/9/2015,280.0,289.0,279.0,289.0,3.21,5689.0,369.0,125.0
CBL,4/12/2015,289.0,293.0,285.0,287.0,-0.69,2296.0,369.0,125.0
CBL,4/13/2015,287.0,287.0,285.0,285.0,-0.7,3418.0,369.0,125.0
CBL,4/15/2015,285.0,281.0,278.0,280.0,-1.75,17947.0,369.0,125.0
CBL,4/16/2015,280.0,283.0,277.0,279.0,-0.36,27497.0,369.0,125.0
CBL,4/19/2015,279.0,290.0,277.0,290.0,3.94,16800.0,369.0,125.0
CBL,4/20/2015,290.0,290.0,283.0,284.0,-2.07,7574.0,369.0,125.0
CBL,4/21/2015,284.0,298.0,289.0,290.0,2.11,12717.0,369.0,125.0
CBL,4/22/2015,290.0,292.0,281.0,283.0,-2.41,14123.0,369.0,125.0
CBL,4/23/2015,283.0,290.0,278.0,290.0,2.47,3831.0,369.0,125.0
CBL,5/28/2015,290.0,285.0,261.0,261.0,-10.0,60.0,369.0,125.0
CBL,5/31/2015,261.0,269.0,249.0,260.0,-0.38,30557.0,369.0,125.0
CBL,6/1/2015,260.0,275.0,261.0,263.0,1.15,15908.0,369.0,125.0
CBL,6/2/2015,263.0,268.0,256.0,268.0,1.9,6245.0,369.0,125.0
CBL,6/3/2015,268.0,283.0,266.0,280.0,4.48,15748.0,369.0,125.0
CBL,6/4/2015,280.0,285.0,266.0,280.0,0.0,8282.0,369.0,125.0
CBL,6/7/2015,280.0,285.0,275.0,283.0,1.07,11139.0,369.0,125.0
CBL,6/8/2015,283.0,289.0,283.0,288.0,1.77,16889.0,369.0,125.0
CBL,6/9/2015,288.0,315.0,293.0,295.0,2.43,33495.0,369.0,125.0
CBL,6/10/2015,295.0,300.0,282.0,285.0,-3.39,16453.0,369.0,125.0
CBL,6/11/2015,285.0,284.0,271.0,280.0,-1.75,8116.0,369.0,125.0
CBL,6/14/2015,280.0,279.0,268.0,274.0,-2.14,7332.0,369.0,125.0
CBL,6/15/2015,274.0,284.0,274.0,278.0,1.46,9360.0,369.0,125.0
CBL,6/16/2015,278.0,278.0,274.0,275.0,-1.08,3149.0,369.0,125.0
CBL,6/17/2015,275.0,278.0,268.0,268.0,-2.55,17812.0,369.0,125.0
CBL,6/18/2015,268.0,276.0,267.0,268.0,0.0,7390.0,369.0,125.0
CBL,6/21/2015,268.0,270.0,261.0,264.0,-1.49,6206.0,369.0,125.0
CBL,6/22/2015,264.0,271.0,262.0,268.0,1.52,1461.0,369.0,125.0
CBL,6/23/2015,268.0,269.0,263.0,269.0,0.37,3421.0,369.0,125.0
CBL,6/24/2015,269.0,270.0,268.0,270.0,0.37,1874.0,369.0,125.0
CBL,6/25/2015,270.0,275.0,268.0,271.0,0.37,13115.0,369.0,125.0
CBL,6/28/2015,271.0,280.0,265.0,270.0,-0.37,15355.0,369.0,125.0
CBL,6/29/2015,270.0,280.0,270.0,272.0,0.74,19542.0,369.0,125.0
CBL,6/30/2015,272.0,273.0,270.0,270.0,-0.74,11027.0,369.0,125.0
CBL,7/1/2015,270.0,280.0,267.0,267.0,-1.11,3886.0,369.0,125.0
CBL,7/2/2015,267.0,270.0,260.0,267.0,0.0,11993.0,369.0,125.0
CBL,7/5/2015,267.0,272.0,265.0,267.0,0.0,3493.0,369.0,125.0
CBL,7/6/2015,267.0,268.0,262.0,265.0,-0.75,12767.0,369.0,125.0
CBL,7/7/2015,265.0,268.0,262.0,268.0,1.13,1797.0,369.0,125.0
CBL,7/8/2015,268.0,271.0,266.0,270.0,0.75,5108.0,369.0,125.0
CBL,7/9/2015,270.0,271.0,266.0,270.0,0.0,24349.0,369.0,125.0
CBL,7/12/2015,270.0,270.0,266.0,267.0,-1.11,6788.0,369.0,125.0
CBL,7/13/2015,267.0,275.0,267.0,275.0,3.0,10572.0,369.0,125.0
CBL,7/14/2015,275.0,276.0,267.0,270.0,-1.82,12715.0,369.0,125.0
CBL,7/15/2015,270.0,270.0,268.0,270.0,0.0,14206.0,369.0,125.0
CBL,7/16/2015,270.0,272.0,268.0,270.0,0.0,2181.0,369.0,125.0
CBL,7/22/2015,270.0,284.0,271.0,284.0,5.19,7209.0,369.0,125.0
CBL,7/23/2015,284.0,296.0,270.0,290.0,2.11,27273.0,369.0,125.0
CBL,7/26/2015,290.0,319.0,295.0,319.0,10.0,15767.0,369.0,125.0
CBL,7/27/2015,319.0,342.0,295.0,299.0,-6.27,109000.0,369.0,125.0
CBL,7/28/2015,299.0,300.0,280.0,290.0,-3.01,47167.0,369.0,125.0
CBL,7/29/2015,290.0,290.0,282.0,289.0,-0.34,11761.0,369.0,125.0
CBL,7/30/2015,289.0,293.0,280.0,284.0,-1.73,10693.0,369.0,125.0
CBL,8/2/2015,284.0,289.0,279.0,285.0,0.35,10154.0,369.0,125.0
CBL,8/3/2015,285.0,287.0,277.0,283.0,-0.7,9347.0,369.0,125.0
CBL,8/4/2015,283.0,281.0,275.0,276.0,-2.47,15291.0,369.0,125.0
CBL,8/5/2015,276.0,277.0,268.0,271.0,-1.81,28973.0,369.0,125.0
CBL,8/6/2015,271.0,277.0,271.0,275.0,1.48,10077.0,369.0,125.0
CBL,8/9/2015,275.0,295.0,271.0,275.0,0.0,32983.0,369.0,125.0
CBL,8/10/2015,275.0,279.0,269.0,270.0,-1.82,45250.0,369.0,125.0
CBL,8/11/2015,270.0,274.0,265.0,269.0,-0.37,31320.0,369.0,125.0
CBL,8/12/2015,269.0,268.0,262.0,264.0,-1.86,35158.0,369.0,125.0
CBL,8/13/2015,264.0,269.0,261.0,266.0,0.76,30069.0,369.0,125.0
CBL,8/16/2015,266.0,270.0,257.0,265.0,-0.38,75484.0,369.0,125.0
CBL,8/17/2015,265.0,291.0,270.0,291.0,9.81,27053.0,369.0,125.0
CBL,8/18/2015,291.0,313.0,290.0,299.0,2.75,38852.0,369.0,125.0
CBL,8/19/2015,299.0,308.0,300.0,307.0,2.68,30327.0,369.0,125.0
CBL,8/20/2015,307.0,328.0,307.0,309.0,0.65,37441.0,369.0,125.0
CBL,8/23/2015,309.0,305.0,287.0,304.0,-1.62,15382.0,369.0,125.0
CBL,8/24/2015,304.0,306.0,297.0,300.0,-1.32,15272.0,369.0,125.0
CBL,8/25/2015,300.0,298.0,289.0,298.0,-0.67,2691.0,369.0,125.0
CBL,8/26/2015,298.0,300.0,295.0,295.0,-1.01,5539.0,369.0,125.0
CBL,8/27/2015,295.0,302.0,294.0,302.0,2.37,21834.0,369.0,125.0
CBL,8/31/2015,302.0,304.0,290.0,293.0,-2.98,20347.0,369.0,125.0
CBL,9/1/2015,293.0,301.0,294.0,299.0,2.05,18792.0,369.0,125.0
CBL,9/2/2015,299.0,300.0,290.0,293.0,-2.01,10036.0,369.0,125.0
CBL,9/3/2015,293.0,294.0,290.0,293.0,0.0,9671.0,369.0,125.0
CBL,9/6/2015,293.0,294.0,285.0,285.0,-2.73,20534.0,369.0,125.0
CBL,9/7/2015,285.0,295.0,286.0,287.0,0.7,11059.0,369.0,125.0
CBL,9/8/2015,287.0,300.0,285.0,300.0,4.53,14567.0,369.0,125.0
CBL,9/9/2015,300.0,300.0,294.0,298.0,-0.67,11894.0,369.0,125.0
CBL,9/10/2015,298.0,295.0,289.0,291.0,-2.35,6832.0,369.0,125.0
CBL,9/13/2015,291.0,296.0,289.0,289.0,-0.69,4865.0,369.0,125.0
CBL,9/14/2015,289.0,298.0,288.0,292.0,1.04,26487.0,369.0,125.0
CBL,9/15/2015,292.0,301.0,292.0,294.0,0.68,18393.0,369.0,125.0
CBL,9/16/2015,294.0,299.0,290.0,296.0,0.68,31520.0,369.0,125.0
CBL,9/17/2015,296.0,296.0,292.0,295.0,-0.34,10830.0,369.0,125.0
CBL,9/22/2015,295.0,300.0,285.0,290.0,-1.69,18389.0,369.0,125.0
CBL,9/23/2015,290.0,300.0,290.0,291.0,0.34,9513.0,369.0,125.0
CBL,9/24/2015,291.0,296.0,286.0,288.0,-1.03,22132.0,369.0,125.0
CBL,9/28/2015,288.0,288.0,279.0,287.0,-0.35,5800.0,369.0,125.0
CBL,9/29/2015,287.0,290.0,285.0,290.0,1.05,8507.0,369.0,125.0
CBL,9/30/2015,290.0,295.0,288.0,289.0,-0.34,34679.0,369.0,125.0
CBL,10/1/2015,289.0,290.0,285.0,285.0,-1.38,10793.0,369.0,125.0
CBL,10/4/2015,285.0,294.0,285.0,286.0,0.35,9471.0,369.0,125.0
CBL,10/5/2015,286.0,288.0,281.0,284.0,-0.7,17050.0,369.0,125.0
CBL,10/6/2015,284.0,285.0,282.0,283.0,-0.35,10672.0,369.0,125.0
CBL,10/7/2015,283.0,283.0,273.0,280.0,-1.06,11097.0,369.0,125.0
CBL,10/8/2015,280.0,284.0,274.0,275.0,-1.79,19459.0,369.0,125.0
CBL,10/11/2015,275.0,277.0,273.0,273.0,-0.73,4864.0,369.0,125.0
CBL,10/14/2015,273.0,280.0,270.0,270.0,-1.1,4925.0,369.0,125.0
CBL,10/15/2015,270.0,274.0,267.0,274.0,1.48,1877.0,369.0,125.0
CBL,10/18/2015,274.0,272.0,267.0,267.0,-2.55,4771.0,369.0,125.0
CBL,10/19/2015,267.0,273.0,267.0,268.0,0.37,5359.0,369.0,125.0
CBL,10/25/2015,268.0,270.0,270.0,270.0,0.75,1157.0,369.0,125.0
CBL,10/27/2015,270.0,269.0,255.0,255.0,-5.56,10466.0,369.0,125.0
CBL,10/28/2015,255.0,264.0,248.0,264.0,3.53,27345.0,369.0,125.0
CBL,10/29/2015,264.0,269.0,260.0,263.0,-0.38,9388.0,369.0,125.0
CBL,11/1/2015,263.0,268.0,255.0,267.0,1.52,13343.0,369.0,125.0
CBL,11/2/2015,267.0,270.0,258.0,260.0,-2.62,14923.0,369.0,125.0
CBL,11/3/2015,260.0,260.0,254.0,260.0,0.0,1771.0,369.0,125.0
CBL,11/4/2015,260.0,260.0,259.0,259.0,-0.38,863.0,369.0,125.0
CBL,11/5/2015,259.0,260.0,257.0,257.0,-0.77,4769.0,369.0,125.0
CBL,11/8/2015,257.0,256.0,250.0,256.0,-0.39,14340.0,369.0,125.0
CBL,11/9/2015,256.0,266.0,258.0,266.0,3.91,11722.0,369.0,125.0
CBL,11/10/2015,266.0,266.0,260.0,260.0,-2.26,3078.0,369.0,125.0
CBL,11/15/2015,260.0,263.0,255.0,263.0,1.15,888.0,369.0,125.0
CBL,11/16/2015,263.0,259.0,257.0,259.0,-1.52,2326.0,369.0,125.0
CBL,11/18/2015,259.0,261.0,256.0,256.0,-1.16,6364.0,369.0,125.0
CBL,11/19/2015,256.0,255.0,251.0,253.0,-1.17,4037.0,369.0,125.0
CBL,11/22/2015,253.0,260.0,248.0,251.0,-0.79,11166.0,369.0,125.0
CBL,11/23/2015,251.0,255.0,248.0,250.0,-0.4,4612.0,369.0,125.0
CBL,11/24/2015,250.0,251.0,248.0,250.0,0.0,12086.0,369.0,125.0
CBL,11/25/2015,250.0,254.0,246.0,250.0,0.0,8667.0,369.0,125.0
CBL,11/26/2015,250.0,245.0,238.0,241.0,-3.6,9921.0,369.0,125.0
CBL,11/29/2015,241.0,241.0,232.0,240.0,-0.41,8268.0,369.0,125.0
CBL,11/30/2015,240.0,245.0,238.0,238.0,-0.83,9580.0,369.0,125.0
CBL,12/1/2015,238.0,248.0,241.0,244.0,2.52,11112.0,369.0,125.0
CBL,12/2/2015,244.0,245.0,236.0,243.0,-0.41,9677.0,369.0,125.0
CBL,12/3/2015,243.0,250.0,239.0,250.0,2.88,9108.0,369.0,125.0
CBL,12/6/2015,250.0,265.0,246.0,254.0,1.6,9849.0,369.0,125.0
CBL,12/7/2015,254.0,259.0,246.0,249.0,-1.97,4142.0,369.0,125.0
CBL,12/8/2015,249.0,254.0,247.0,250.0,0.4,6297.0,369.0,125.0
CBL,12/9/2015,250.0,260.0,250.0,256.0,2.4,7274.0,369.0,125.0
CBL,12/10/2015,256.0,257.0,249.0,252.0,-1.56,8586.0,369.0,125.0
CBL,12/13/2015,252.0,251.0,245.0,245.0,-2.78,8124.0,369.0,125.0
CBL,12/14/2015,245.0,249.0,243.0,244.0,-0.41,12062.0,369.0,125.0
CBL,12/15/2015,244.0,248.0,241.0,243.0,-0.41,6337.0,369.0,125.0
CBL,12/16/2015,243.0,247.0,240.0,242.0,-0.41,10857.0,369.0,125.0
CBL,12/17/2015,242.0,244.0,238.0,243.0,0.41,15824.0,369.0,125.0
CBL,12/20/2015,243.0,245.0,237.0,238.0,-2.06,4645.0,369.0,125.0
CBL,12/21/2015,238.0,247.0,240.0,241.0,1.26,11598.0,369.0,125.0
CBL,12/22/2015,241.0,255.0,242.0,247.0,2.49,30195.0,369.0,125.0
CBL,12/23/2015,247.0,252.0,240.0,244.0,-1.21,25426.0,369.0,125.0
CBL,12/24/2015,244.0,252.0,241.0,246.0,0.82,3685.0,369.0,125.0
CBL,12/27/2015,246.0,250.0,244.0,248.0,0.81,7099.0,369.0,125.0
CBL,12/28/2015,248.0,252.0,244.0,249.0,0.4,6450.0,369.0,125.0
CBL,12/29/2015,249.0,254.0,249.0,251.0,0.8,12513.0,369.0,125.0
CBL,12/31/2015,251.0,260.0,246.0,254.0,1.2,14309.0,369.0,125.0
CBL,1/3/2016,254.0,255.0,251.0,252.0,-0.79,17053.0,369.0,125.0
CBL,1/4/2016,252.0,255.0,247.0,250.0,-0.79,14794.0,369.0,125.0
CBL,1/5/2016,250.0,252.0,246.0,252.0,0.8,21119.0,369.0,125.0
CBL,1/6/2016,236.0,250.0,236.0,248.0,-1.59,10042.0,369.0,125.0
CBL,1/7/2016,248.0,252.0,243.0,250.0,0.81,14005.0,369.0,125.0
CBL,1/10/2016,250.0,250.0,246.0,247.0,-1.2,28086.0,369.0,125.0
CBL,1/11/2016,247.0,247.0,243.0,245.0,-0.81,1566.0,369.0,125.0
CBL,1/12/2016,245.0,244.0,242.0,243.0,-0.82,1712.0,369.0,125.0
CBL,1/13/2016,243.0,245.0,237.0,240.0,-1.23,8817.0,369.0,125.0
CBL,1/14/2016,240.0,250.0,241.0,250.0,4.17,15195.0,369.0,125.0
CBL,1/17/2016,250.0,261.0,253.0,260.0,4.0,25862.0,369.0,125.0
CBL,1/18/2016,260.0,270.0,258.0,261.0,0.38,22828.0,369.0,125.0
CBL,1/19/2016,261.0,262.0,254.0,261.0,0.0,26639.0,369.0,125.0
CBL,1/20/2016,261.0,263.0,255.0,256.0,-1.92,27465.0,369.0,125.0
CBL,1/21/2016,256.0,263.0,258.0,262.0,2.34,33924.0,369.0,125.0
CBL,1/24/2016,262.0,258.0,253.0,253.0,-3.44,10935.0,369.0,125.0
CBL,1/25/2016,253.0,258.0,250.0,255.0,0.79,16226.0,369.0,125.0
CBL,10/25/2016,255.0,280.0,260.0,280.0,9.8,61.0,369.0,125.0
CBL,10/26/2016,280.0,306.0,285.0,306.0,9.29,6736.0,369.0,125.0
CBL,10/27/2016,306.0,336.0,312.0,336.0,9.8,10204.0,369.0,125.0
CBL,11/3/2016,336.0,369.0,336.0,354.0,5.36,316495.0,369.0,125.0
CBL,11/7/2016,354.0,358.0,338.0,342.0,-3.39,152931.0,369.0,125.0
CBL,11/8/2016,342.0,345.0,329.0,330.0,-3.51,179106.0,369.0,125.0
CBL,11/9/2016,330.0,335.0,309.0,321.0,-2.73,123188.0,369.0,125.0
CBL,11/10/2016,321.0,329.0,311.0,322.0,0.31,129113.0,369.0,125.0
CBL,11/13/2016,322.0,321.0,316.0,317.0,-1.55,127247.0,369.0,125.0
CBL,11/14/2016,317.0,321.0,311.0,321.0,1.26,83676.0,369.0,125.0
CBL,11/15/2016,321.0,324.0,321.0,323.0,0.62,96574.0,369.0,125.0
CBL,11/16/2016,323.0,325.0,318.0,321.0,-0.62,40898.0,369.0,125.0
CBL,11/17/2016,321.0,318.0,293.0,299.0,-6.85,169494.0,369.0,125.0
CBL,11/20/2016,299.0,300.0,272.0,280.0,-6.35,155324.0,369.0,125.0
CBL,11/21/2016,280.0,289.0,269.0,280.0,0.0,76928.0,369.0,125.0
CBL,11/22/2016,280.0,280.0,272.0,274.0,-2.14,68321.0,369.0,125.0
CBL,11/23/2016,274.0,279.0,260.0,265.0,-3.28,70741.0,369.0,125.0
CBL,11/24/2016,265.0,283.0,260.0,263.0,-0.75,89158.0,369.0,125.0
CBL,11/27/2016,263.0,265.0,247.0,249.0,-5.32,84584.0,369.0,125.0
CBL,11/28/2016,249.0,263.0,233.0,255.0,2.41,61407.0,369.0,125.0
CBL,11/29/2016,255.0,270.0,242.0,265.0,3.92,74509.0,369.0,125.0
CBL,11/30/2016,265.0,279.0,261.0,270.0,1.89,73938.0,369.0,125.0
CBL,12/1/2016,270.0,280.0,263.0,272.0,0.74,78140.0,369.0,125.0
CBL,12/4/2016,272.0,273.0,260.0,263.0,-3.31,20859.0,369.0,125.0
CBL,12/5/2016,263.0,270.0,261.0,263.0,0.0,21589.0,369.0,125.0
CBL,12/6/2016,263.0,268.0,258.0,265.0,0.76,12670.0,369.0,125.0
CBL,12/7/2016,265.0,267.0,263.0,264.0,-0.38,12006.0,369.0,125.0
CBL,12/8/2016,264.0,264.0,254.0,260.0,-1.52,27636.0,369.0,125.0
CBL,12/11/2016,260.0,264.0,253.0,256.0,-1.54,23960.0,369.0,125.0
CBL,12/12/2016,256.0,257.0,249.0,256.0,0.0,19171.0,369.0,125.0
CBL,12/14/2016,256.0,258.0,250.0,254.0,-0.78,36877.0,369.0,125.0
CBL,12/15/2016,254.0,259.0,252.0,259.0,1.97,31178.0,369.0,125.0
CBL,12/18/2016,259.0,260.0,254.0,258.0,-0.39,20971.0,369.0,125.0
CBL,12/19/2016,258.0,263.0,250.0,256.0,-0.78,28120.0,369.0,125.0
CBL,12/20/2016,256.0,261.0,250.0,254.0,-0.78,28883.0,369.0,125.0
CBL,12/21/2016,254.0,255.0,249.0,250.0,-1.57,59493.0,369.0,125.0
CBL,12/22/2016,250.0,253.0,249.0,250.0,0.0,37256.0,369.0,125.0
CBL,12/26/2016,250.0,250.0,245.0,246.0,-1.6,18956.0,369.0,125.0
CBL,12/27/2016,246.0,248.0,237.0,240.0,-2.44,46041.0,369.0,125.0
CBL,12/28/2016,240.0,247.0,235.0,246.0,2.5,24139.0,369.0,125.0
CBL,12/29/2016,246.0,253.0,245.0,249.0,1.22,25097.0,369.0,125.0
CBL,1/1/2017,249.0,257.0,252.0,256.0,2.81,23115.0,369.0,125.0
CBL,1/2/2017,256.0,262.0,253.0,258.0,0.78,14707.0,369.0,125.0
CBL,1/3/2017,258.0,258.0,245.0,254.0,-1.55,28444.0,369.0,125.0
CBL,1/4/2017,254.0,256.0,245.0,254.0,0.0,71649.0,369.0,125.0
CBL,1/5/2017,254.0,255.0,246.0,254.0,0.0,47902.0,369.0,125.0
CBL,1/8/2017,254.0,250.0,245.0,250.0,-1.57,21271.0,369.0,125.0
CBL,1/9/2017,250.0,255.0,248.0,251.0,0.4,33106.0,369.0,125.0
CBL,1/10/2017,251.0,255.0,249.0,252.0,0.4,16952.0,369.0,125.0
CBL,1/11/2017,252.0,254.0,250.0,251.0,-0.4,36286.0,369.0,125.0
CBL,1/12/2017,251.0,253.0,250.0,252.0,0.4,16713.0,369.0,125.0
CBL,1/15/2017,252.0,255.0,249.0,249.0,-1.19,11743.0,369.0,125.0
CBL,1/16/2017,249.0,250.0,246.0,249.0,0.0,13964.0,369.0,125.0
CBL,1/17/2017,249.0,250.0,246.0,250.0,0.4,6137.0,369.0,125.0
CBL,1/18/2017,250.0,255.0,246.0,249.0,-0.4,20802.0,369.0,125.0
CBL,1/19/2017,249.0,257.0,247.0,250.0,0.4,17989.0,369.0,125.0
CBL,1/22/2017,250.0,250.0,246.0,247.0,-1.2,21699.0,369.0,125.0
CBL,1/23/2017,247.0,250.0,245.0,248.0,0.4,9789.0,369.0,125.0
CBL,1/24/2017,248.0,247.0,240.0,240.0,-3.23,19784.0,369.0,125.0
CBL,1/25/2017,240.0,244.0,233.0,240.0,0.0,26043.0,369.0,125.0
CBL,1/26/2017,240.0,239.0,230.0,235.0,-2.08,23894.0,369.0,125.0
CBL,1/30/2017,235.0,233.0,217.0,218.0,-7.23,25348.0,369.0,125.0
CBL,1/31/2017,218.0,230.0,209.0,220.0,0.92,19773.0,369.0,125.0
CBL,2/1/2017,220.0,236.0,218.0,236.0,7.27,20037.0,369.0,125.0
CBL,2/2/2017,236.0,248.0,230.0,235.0,-0.42,17465.0,369.0,125.0
CBL,2/5/2017,235.0,239.0,223.0,230.0,-2.13,10714.0,369.0,125.0
CBL,2/6/2017,230.0,233.0,225.0,232.0,0.87,9096.0,369.0,125.0
CBL,2/7/2017,232.0,233.0,223.0,228.0,-1.72,14111.0,369.0,125.0
CBL,2/8/2017,228.0,229.0,220.0,224.0,-1.75,12847.0,369.0,125.0
CBL,2/9/2017,224.0,223.0,218.0,218.0,-2.68,9643.0,369.0,125.0
CBL,2/12/2017,218.0,218.0,198.0,206.0,-5.5,39004.0,369.0,125.0
CBL,2/13/2017,206.0,213.0,198.0,213.0,3.4,34122.0,369.0,125.0
CBL,2/14/2017,213.0,214.0,203.0,214.0,0.47,9359.0,369.0,125.0
CBL,2/15/2017,214.0,223.0,208.0,223.0,4.21,21584.0,369.0,125.0
CBL,2/16/2017,223.0,231.0,216.0,223.0,0.0,22771.0,369.0,125.0
CBL,2/19/2017,223.0,226.0,216.0,225.0,0.9,16400.0,369.0,125.0
CBL,2/20/2017,225.0,230.0,215.0,215.0,-4.44,26141.0,369.0,125.0
CBL,2/21/2017,215.0,220.0,211.0,215.0,0.0,63913.0,369.0,125.0
CBL,2/22/2017,215.0,217.0,210.0,213.0,-0.93,23525.0,369.0,125.0
CBL,2/23/2017,213.0,215.0,209.0,213.0,0.0,24718.0,369.0,125.0
CBL,2/26/2017,213.0,215.0,210.0,213.0,0.0,12393.0,369.0,125.0
CBL,2/28/2017,213.0,215.0,207.0,208.0,-2.35,8842.0,369.0,125.0
CBL,3/1/2017,208.0,215.0,211.0,215.0,3.37,4217.0,369.0,125.0
CBL,3/2/2017,215.0,216.0,209.0,216.0,0.47,10028.0,369.0,125.0
CBL,3/5/2017,216.0,218.0,212.0,215.0,-0.46,15348.0,369.0,125.0
CBL,3/6/2017,215.0,227.0,216.0,221.0,2.79,31405.0,369.0,125.0
CBL,3/7/2017,221.0,219.0,213.0,217.0,-1.81,14533.0,369.0,125.0
CBL,3/9/2017,217.0,218.0,214.0,215.0,-0.92,14272.0,369.0,125.0
CBL,3/13/2017,215.0,216.0,211.0,215.0,0.0,7588.0,369.0,125.0
CBL,3/14/2017,215.0,215.0,211.0,212.0,-1.4,10986.0,369.0,125.0
CBL,3/15/2017,212.0,214.0,210.0,212.0,0.0,8122.0,369.0,125.0
CBL,3/16/2017,212.0,216.0,211.0,213.0,0.47,14449.0,369.0,125.0
CBL,3/19/2017,213.0,218.0,211.0,217.0,1.88,21029.0,369.0,125.0
CBL,3/20/2017,217.0,236.0,220.0,230.0,5.99,76786.0,369.0,125.0
CBL,3/21/2017,230.0,234.0,219.0,230.0,0.0,72318.0,369.0,125.0
CBL,3/22/2017,230.0,244.0,224.0,230.0,0.0,115003.0,369.0,125.0
CBL,3/23/2017,230.0,230.0,222.0,226.0,-1.74,45797.0,369.0,125.0
CBL,3/26/2017,226.0,238.0,221.0,233.0,3.1,121856.0,369.0,125.0
CBL,3/28/2017,233.0,256.0,233.0,256.0,9.87,88561.0,369.0,125.0
CBL,3/29/2017,256.0,281.0,257.0,257.0,0.39,139638.0,369.0,125.0
CBL,3/30/2017,257.0,275.0,257.0,273.0,6.23,128469.0,369.0,125.0
CBL,4/2/2017,273.0,300.0,268.0,298.0,9.16,59045.0,369.0,125.0
CBL,4/3/2017,298.0,316.0,273.0,280.0,-6.04,125295.0,369.0,125.0
CBL,4/4/2017,280.0,293.0,270.0,276.0,-1.43,105404.0,369.0,125.0
CBL,4/6/2017,276.0,280.0,272.0,277.0,0.36,52909.0,369.0,125.0
CBL,4/9/2017,277.0,285.0,274.0,275.0,-0.72,45581.0,369.0,125.0
CBL,4/10/2017,275.0,279.0,271.0,277.0,0.73,47701.0,369.0,125.0
CBL,4/11/2017,277.0,296.0,280.0,291.0,5.05,133873.0,369.0,125.0
CBL,4/12/2017,291.0,300.0,282.0,282.0,-3.09,100139.0,369.0,125.0
CBL,4/13/2017,282.0,289.0,279.0,280.0,-0.71,82052.0,369.0,125.0
CBL,4/16/2017,280.0,284.0,269.0,269.0,-3.93,65455.0,369.0,125.0
CBL,4/18/2017,269.0,270.0,260.0,270.0,0.37,27603.0,369.0,125.0
CBL,4/19/2017,270.0,280.0,266.0,273.0,1.11,36761.0,369.0,125.0
CBL,4/20/2017,273.0,280.0,267.0,271.0,-0.73,19432.0,369.0,125.0
CBL,4/23/2017,271.0,295.0,273.0,276.0,1.85,51747.0,369.0,125.0
CBL,4/24/2017,276.0,281.0,270.0,274.0,-0.72,43642.0,369.0,125.0
CBL,4/25/2017,274.0,280.0,272.0,275.0,0.36,27809.0,369.0,125.0
CBL,4/26/2017,275.0,275.0,269.0,269.0,-2.18,28615.0,369.0,125.0
CBL,4/27/2017,269.0,276.0,260.0,275.0,2.23,38179.0,369.0,125.0
CBL,4/30/2017,275.0,280.0,265.0,267.0,-2.91,29712.0,369.0,125.0
CBL,5/2/2017,267.0,282.0,260.0,271.0,1.5,54027.0,369.0,125.0
CBL,5/3/2017,271.0,276.0,266.0,266.0,-1.85,33129.0,369.0,125.0
CBL,5/4/2017,259.0,269.0,260.0,260.0,-2.26,22273.0,369.0,125.0
CBL,5/7/2017,260.0,261.0,255.0,259.0,-0.38,26380.0,369.0,125.0
CBL,5/8/2017,259.0,263.0,254.0,259.0,0.0,86513.0,369.0,125.0
CBL,5/9/2017,259.0,262.0,254.0,261.0,0.77,41823.0,369.0,125.0
CBL,5/11/2017,261.0,259.0,250.0,258.0,-1.15,55352.0,369.0,125.0
CBL,5/15/2017,258.0,258.0,252.0,253.0,-1.94,44018.0,369.0,125.0
CBL,5/16/2017,253.0,263.0,252.0,258.0,1.98,41672.0,369.0,125.0
CBL,5/17/2017,258.0,267.0,258.0,261.0,1.16,41590.0,369.0,125.0
CBL,5/18/2017,261.0,264.0,255.0,260.0,-0.38,24857.0,369.0,125.0
CBL,5/21/2017,260.0,268.0,255.0,258.0,-0.77,28159.0,369.0,125.0
CBL,5/22/2017,258.0,257.0,253.0,255.0,-1.16,15111.0,369.0,125.0
CBL,5/23/2017,255.0,264.0,250.0,256.0,0.39,14697.0,369.0,125.0
CBL,5/24/2017,256.0,258.0,251.0,255.0,-0.39,22892.0,369.0,125.0
CBL,5/28/2017,255.0,260.0,250.0,252.0,-1.18,37516.0,369.0,125.0
CBL,5/30/2017,252.0,255.0,249.0,250.0,-0.79,27982.0,369.0,125.0
CBL,5/31/2017,250.0,256.0,247.0,253.0,1.2,20620.0,369.0,125.0
CBL,6/1/2017,253.0,253.0,249.0,250.0,-1.19,29106.0,369.0,125.0
CBL,6/4/2017,250.0,251.0,245.0,248.0,-0.8,21339.0,369.0,125.0
CBL,6/5/2017,248.0,252.0,248.0,250.0,0.81,26077.0,369.0,125.0
CBL,6/6/2017,250.0,255.0,241.0,253.0,1.2,298407.0,369.0,125.0
CBL,6/7/2017,253.0,261.0,249.0,251.0,-0.79,63739.0,369.0,125.0
CBL,6/8/2017,251.0,251.0,249.0,249.0,-0.8,42455.0,369.0,125.0
CBL,6/11/2017,249.0,254.0,245.0,247.0,-0.8,31252.0,369.0,125.0
CBL,6/12/2017,247.0,260.0,241.0,247.0,0.0,12154.0,369.0,125.0
CBL,6/13/2017,247.0,250.0,247.0,248.0,0.4,16019.0,369.0,125.0
CBL,6/14/2017,248.0,251.0,245.0,251.0,1.21,42066.0,369.0,125.0
CBL,6/15/2017,251.0,254.0,246.0,248.0,-1.2,13950.0,369.0,125.0
CBL,6/18/2017,248.0,250.0,240.0,242.0,-2.42,17095.0,369.0,125.0
CBL,6/19/2017,242.0,240.0,235.0,237.0,-2.07,22494.0,369.0,125.0
CBL,6/20/2017,237.0,242.0,235.0,236.0,-0.42,14093.0,369.0,125.0
CBL,6/21/2017,236.0,240.0,234.0,240.0,1.69,11083.0,369.0,125.0
CBL,6/22/2017,240.0,246.0,240.0,241.0,0.42,8541.0,369.0,125.0
CBL,6/25/2017,241.0,247.0,240.0,247.0,2.49,11337.0,369.0,125.0
CBL,6/27/2017,247.0,247.0,240.0,240.0,-2.83,19696.0,369.0,125.0
CBL,6/28/2017,240.0,241.0,236.0,240.0,0.0,13168.0,369.0,125.0
CBL,7/2/2017,240.0,242.0,236.0,237.0,-1.25,10842.0,369.0,125.0
CBL,7/3/2017,237.0,240.0,235.0,237.0,0.0,13030.0,369.0,125.0
CBL,7/4/2017,237.0,240.0,235.0,235.0,-0.84,6249.0,369.0,125.0
CBL,7/5/2017,235.0,240.0,234.0,240.0,2.13,11012.0,369.0,125.0
CBL,7/6/2017,240.0,247.0,235.0,246.0,2.5,45859.0,369.0,125.0
CBL,7/9/2017,246.0,250.0,240.0,247.0,0.41,29717.0,369.0,125.0
CBL,7/10/2017,247.0,245.0,239.0,240.0,-2.83,36214.0,369.0,125.0
CBL,7/11/2017,240.0,245.0,239.0,241.0,0.42,21568.0,369.0,125.0
CBL,7/12/2017,241.0,245.0,240.0,244.0,1.24,17112.0,369.0,125.0
CBL,7/13/2017,244.0,246.0,240.0,246.0,0.82,11574.0,369.0,125.0
CBL,7/16/2017,246.0,248.0,242.0,248.0,0.81,6647.0,369.0,125.0
CBL,7/17/2017,248.0,260.0,248.0,260.0,4.84,59578.0,369.0,125.0
CBL,7/18/2017,260.0,270.0,259.0,270.0,3.85,55447.0,369.0,125.0
CBL,7/19/2017,270.0,272.0,261.0,264.0,-2.22,48181.0,369.0,125.0
CBL,7/20/2017,264.0,264.0,260.0,260.0,-1.52,28451.0,369.0,125.0
CBL,7/23/2017,260.0,264.0,257.0,264.0,1.54,34220.0,369.0,125.0
CBL,7/24/2017,264.0,269.0,258.0,258.0,-2.27,25842.0,369.0,125.0
CBL,7/25/2017,258.0,263.0,256.0,259.0,0.39,24720.0,369.0,125.0
CBL,7/26/2017,259.0,269.0,255.0,255.0,-1.54,23741.0,369.0,125.0
CBL,7/27/2017,255.0,258.0,252.0,253.0,-0.78,17659.0,369.0,125.0
CBL,7/30/2017,253.0,259.0,250.0,250.0,-1.19,21239.0,369.0,125.0
CBL,7/31/2017,250.0,257.0,250.0,257.0,2.8,25079.0,369.0,125.0
CBL,8/1/2017,257.0,260.0,254.0,256.0,-0.39,19548.0,369.0,125.0
CBL,8/2/2017,256.0,258.0,253.0,255.0,-0.39,21095.0,369.0,125.0
CBL,8/3/2017,255.0,260.0,253.0,253.0,-0.78,34046.0,369.0,125.0
CBL,8/6/2017,253.0,258.0,251.0,253.0,0.0,23399.0,369.0,125.0
CBL,8/7/2017,253.0,256.0,252.0,253.0,0.0,11606.0,369.0,125.0
CBL,8/9/2017,253.0,254.0,249.0,250.0,-1.19,8868.0,369.0,125.0
CBL,8/10/2017,250.0,255.0,247.0,249.0,-0.4,25351.0,369.0,125.0
CBL,8/13/2017,249.0,253.0,246.0,248.0,-0.4,11322.0,369.0,125.0
CBL,8/15/2017,248.0,250.0,244.0,247.0,-0.4,17303.0,369.0,125.0
CBL,8/16/2017,247.0,254.0,245.0,252.0,2.02,17526.0,369.0,125.0
CBL,8/17/2017,252.0,252.0,247.0,250.0,-0.79,16448.0,369.0,125.0
CBL,8/20/2017,250.0,250.0,244.0,244.0,-2.4,24252.0,369.0,125.0
CBL,8/21/2017,244.0,246.0,240.0,243.0,-0.41,10451.0,369.0,125.0
CBL,8/22/2017,243.0,245.0,236.0,241.0,-0.82,15904.0,369.0,125.0
CBL,8/23/2017,241.0,245.0,239.0,241.0,0.0,20015.0,369.0,125.0
CBL,8/24/2017,241.0,245.0,239.0,242.0,0.41,16976.0,369.0,125.0
CBL,8/27/2017,242.0,245.0,239.0,240.0,-0.83,19132.0,369.0,125.0
CBL,8/28/2017,240.0,243.0,232.0,240.0,0.0,19048.0,369.0,125.0
CBL,8/30/2017,240.0,241.0,235.0,238.0,-0.83,29026.0,369.0,125.0
CBL,8/31/2017,238.0,240.0,234.0,237.0,-0.42,16171.0,369.0,125.0
CBL,9/4/2017,237.0,237.0,227.0,230.0,-2.95,36778.0,369.0,125.0
CBL,9/6/2017,230.0,237.0,229.0,232.0,0.87,33292.0,369.0,125.0
CBL,9/7/2017,232.0,235.0,229.0,230.0,-0.86,38379.0,369.0,125.0
CBL,9/10/2017,230.0,228.0,223.0,225.0,-2.17,45670.0,369.0,125.0
CBL,9/11/2017,225.0,227.0,221.0,223.0,-0.89,26627.0,369.0,125.0
CBL,9/12/2017,223.0,225.0,220.0,224.0,0.45,25554.0,369.0,125.0
CBL,9/13/2017,224.0,224.0,220.0,221.0,-1.34,34007.0,369.0,125.0
CBL,9/14/2017,221.0,230.0,220.0,230.0,4.07,25084.0,369.0,125.0
CBL,9/17/2017,230.0,234.0,222.0,230.0,0.0,9318.0,369.0,125.0
CBL,9/18/2017,230.0,231.0,226.0,227.0,-1.3,14169.0,369.0,125.0
CBL,9/20/2017,227.0,230.0,225.0,226.0,-0.44,7370.0,369.0,125.0
CBL,9/24/2017,226.0,229.0,223.0,229.0,1.33,19840.0,369.0,125.0
CBL,9/25/2017,229.0,230.0,226.0,230.0,0.44,7179.0,369.0,125.0
CBL,9/26/2017,230.0,234.0,227.0,230.0,0.0,11710.0,369.0,125.0
CBL,10/3/2017,230.0,233.0,225.0,233.0,1.3,3778.0,369.0,125.0
CBL,10/4/2017,233.0,237.0,227.0,227.0,-2.58,16356.0,369.0,125.0
CBL,10/8/2017,227.0,227.0,219.0,227.0,0.0,45784.0,369.0,125.0
CBL,10/9/2017,227.0,226.0,221.0,226.0,-0.44,5263.0,369.0,125.0
CBL,10/10/2017,226.0,227.0,222.0,223.0,-1.33,8470.0,369.0,125.0
CBL,10/11/2017,223.0,227.0,222.0,227.0,1.79,9390.0,369.0,125.0
CBL,10/12/2017,227.0,229.0,225.0,225.0,-0.88,8195.0,369.0,125.0
CBL,10/15/2017,225.0,230.0,223.0,230.0,2.22,4561.0,369.0,125.0
CBL,10/16/2017,230.0,239.0,228.0,239.0,3.91,16125.0,369.0,125.0
CBL,10/17/2017,239.0,240.0,231.0,232.0,-2.93,20135.0,369.0,125.0
CBL,10/18/2017,232.0,245.0,229.0,240.0,3.45,53438.0,369.0,125.0
CBL,10/22/2017,240.0,250.0,238.0,242.0,0.83,44153.0,369.0,125.0
CBL,10/23/2017,242.0,245.0,240.0,243.0,0.41,11639.0,369.0,125.0
CBL,10/24/2017,243.0,243.0,239.0,240.0,-1.23,12299.0,369.0,125.0
CBL,10/25/2017,240.0,244.0,236.0,237.0,-1.25,18813.0,369.0,125.0
CBL,10/29/2017,237.0,239.0,232.0,232.0,-2.11,20502.0,369.0,125.0
CBL,10/30/2017,232.0,239.0,233.0,235.0,1.29,18167.0,369.0,125.0
CBL,10/31/2017,235.0,238.0,233.0,233.0,-0.85,14653.0,369.0,125.0
CBL,11/1/2017,233.0,236.0,231.0,235.0,0.86,11443.0,369.0,125.0
CBL,11/2/2017,235.0,235.0,231.0,233.0,-0.85,13856.0,369.0,125.0
CBL,11/5/2017,233.0,232.0,226.0,227.0,-2.58,24227.0,369.0,125.0
CBL,11/6/2017,227.0,234.0,225.0,230.0,1.32,82661.0,369.0,125.0
CBL,11/7/2017,230.0,235.0,230.0,230.0,0.0,25715.0,369.0,125.0
CBL,11/8/2017,230.0,230.0,227.0,228.0,-0.87,13660.0,369.0,125.0
CBL,11/9/2017,228.0,231.0,226.0,229.0,0.44,14017.0,369.0,125.0
CBL,11/12/2017,229.0,232.0,227.0,231.0,0.87,14653.0,369.0,125.0
CBL,11/13/2017,231.0,236.0,230.0,236.0,2.16,37107.0,369.0,125.0
CBL,11/14/2017,236.0,242.0,234.0,240.0,1.69,64059.0,369.0,125.0
CBL,11/15/2017,240.0,245.0,235.0,239.0,-0.42,54102.0,369.0,125.0
CBL,11/16/2017,239.0,241.0,234.0,234.0,-2.09,33870.0,369.0,125.0
CBL,11/19/2017,234.0,235.0,226.0,227.0,-2.99,65984.0,369.0,125.0
CBL,11/20/2017,227.0,231.0,225.0,227.0,0.0,112036.0,369.0,125.0
CBL,11/21/2017,191.0,192.0,182.0,189.0,-16.74,29954.0,369.0,125.0
CBL,11/22/2017,189.0,193.0,186.0,192.0,1.59,33346.0,369.0,125.0
CBL,11/23/2017,192.0,198.0,193.0,196.0,2.08,31096.0,369.0,125.0
CBL,11/26/2017,196.0,198.0,195.0,198.0,1.02,12654.0,369.0,125.0
CBL,11/27/2017,198.0,198.0,195.0,197.0,-0.51,23953.0,369.0,125.0
CBL,11/28/2017,197.0,197.0,193.0,197.0,0.0,12391.0,369.0,125.0
CBL,11/29/2017,197.0,200.0,195.0,198.0,0.51,17219.0,369.0,125.0
CBL,11/30/2017,198.0,198.0,194.0,195.0,-1.52,20231.0,369.0,125.0
CBL,12/4/2017,195.0,198.0,194.0,194.0,-0.51,6140.0,369.0,125.0
CBL,12/5/2017,194.0,196.0,192.0,196.0,1.03,19250.0,369.0,125.0
CBL,12/6/2017,196.0,198.0,195.0,196.0,0.0,19639.0,369.0,125.0
CBL,12/10/2017,196.0,200.0,195.0,196.0,0.0,18294.0,369.0,125.0
CBL,12/11/2017,196.0,197.0,195.0,195.0,-0.51,9928.0,369.0,125.0
CBL,12/12/2017,195.0,195.0,192.0,193.0,-1.03,10544.0,369.0,125.0
CBL,12/13/2017,193.0,195.0,191.0,195.0,1.04,17090.0,369.0,125.0
CBL,12/14/2017,195.0,196.0,192.0,194.0,-0.51,12818.0,369.0,125.0
CBL,12/17/2017,194.0,194.0,190.0,190.0,-2.06,6812.0,369.0,125.0
CBL,12/18/2017,190.0,195.0,191.0,195.0,2.63,11935.0,369.0,125.0
CBL,12/19/2017,195.0,193.0,190.0,190.0,-2.56,17577.0,369.0,125.0
CBL,12/20/2017,190.0,193.0,189.0,191.0,0.53,19814.0,369.0,125.0
CBL,12/21/2017,191.0,192.0,188.0,191.0,0.0,19873.0,369.0,125.0
CBL,12/24/2017,191.0,192.0,187.0,187.0,-2.09,15055.0,369.0,125.0
CBL,12/26/2017,187.0,190.0,185.0,185.0,-1.07,16919.0,369.0,125.0
CBL,12/27/2017,185.0,185.0,179.0,183.0,-1.08,22663.0,369.0,125.0
CBL,12/28/2017,183.0,184.0,177.0,182.0,-0.55,17365.0,369.0,125.0
CBL,12/31/2017,182.0,180.0,177.0,178.0,-2.2,21690.0,369.0,125.0
CBL,1/1/2018,178.0,184.0,178.0,182.0,2.25,13393.0,369.0,125.0
CBL,1/2/2018,182.0,187.0,180.0,182.0,0.0,20365.0,369.0,125.0
CBL,1/3/2018,182.0,185.0,180.0,180.0,-1.1,19788.0,369.0,125.0
CBL,1/4/2018,180.0,181.0,178.0,181.0,0.56,11095.0,369.0,125.0
CBL,1/7/2018,181.0,184.0,179.0,180.0,-0.55,6741.0,369.0,125.0
CBL,1/8/2018,180.0,187.0,180.0,183.0,1.67,30785.0,369.0,125.0
CBL,1/9/2018,183.0,187.0,183.0,185.0,1.09,25220.0,369.0,125.0
CBL,1/10/2018,185.0,187.0,183.0,185.0,0.0,10865.0,369.0,125.0
CBL,1/14/2018,185.0,184.0,179.0,180.0,-2.7,19920.0,369.0,125.0
CBL,1/16/2018,180.0,180.0,177.0,179.0,-0.56,16357.0,369.0,125.0
CBL,1/17/2018,179.0,179.0,177.0,178.0,-0.56,14323.0,369.0,125.0
CBL,1/21/2018,178.0,179.0,176.0,179.0,0.56,16314.0,369.0,125.0
CBL,1/22/2018,179.0,181.0,175.0,175.0,-2.23,6412.0,369.0,125.0
CBL,1/23/2018,175.0,179.0,175.0,177.0,1.14,5454.0,369.0,125.0
CBL,1/24/2018,177.0,180.0,175.0,179.0,1.13,10111.0,369.0,125.0
CBL,1/25/2018,179.0,180.0,176.0,176.0,-1.68,6992.0,369.0,125.0
CBL,1/28/2018,176.0,178.0,176.0,177.0,0.57,5907.0,369.0,125.0
CBL,1/29/2018,177.0,183.0,176.0,179.0,1.13,4207.0,369.0,125.0
CBL,1/31/2018,179.0,180.0,177.0,179.0,0.0,5679.0,369.0,125.0
CBL,2/1/2018,179.0,179.0,177.0,179.0,0.0,8424.0,369.0,125.0
CBL,2/4/2018,179.0,179.0,176.0,179.0,0.0,5913.0,369.0,125.0
CBL,2/5/2018,179.0,179.0,173.0,177.0,-1.12,43791.0,369.0,125.0
CBL,2/6/2018,177.0,177.0,175.0,175.0,-1.13,37613.0,369.0,125.0
CBL,2/7/2018,175.0,176.0,172.0,174.0,-0.57,58854.0,369.0,125.0
CBL,2/8/2018,174.0,175.0,168.0,174.0,0.0,62891.0,369.0,125.0
CBL,2/11/2018,174.0,175.0,172.0,174.0,0.0,3683.0,369.0,125.0
CBL,2/12/2018,174.0,173.0,171.0,172.0,-1.15,10436.0,369.0,125.0
CBL,2/14/2018,172.0,175.0,171.0,175.0,1.74,13861.0,369.0,125.0
CBL,2/15/2018,175.0,182.0,174.0,179.0,2.29,37638.0,369.0,125.0
CBL,2/18/2018,179.0,182.0,175.0,175.0,-2.23,31438.0,369.0,125.0
CBL,2/20/2018,178.0,180.0,171.0,171.0,-2.29,18979.0,369.0,125.0
CBL,2/21/2018,173.0,174.0,171.0,173.0,1.17,4334.0,369.0,125.0
CBL,2/22/2018,174.0,175.0,171.0,173.0,0.0,16582.0,369.0,125.0
CBL,2/25/2018,172.0,176.0,171.0,173.0,0.0,5719.0,369.0,125.0
CBL,2/26/2018,171.0,174.0,171.0,171.0,-1.16,7236.0,369.0,125.0
CBL,2/27/2018,171.0,174.0,171.0,171.0,0.0,9817.0,369.0,125.0
CBL,2/28/2018,171.0,171.0,159.0,161.0,-5.85,96432.0,369.0,125.0
CBL,3/4/2018,160.0,160.0,152.0,155.0,-3.73,29777.0,369.0,125.0
CBL,3/5/2018,158.0,158.0,149.0,150.0,-3.23,45553.0,369.0,125.0
CBL,3/6/2018,151.0,156.0,150.0,155.0,3.33,19728.0,369.0,125.0
CBL,3/7/2018,156.0,159.0,153.0,157.0,1.29,28242.0,369.0,125.0
CBL,3/11/2018,156.0,156.0,150.0,150.0,-4.46,20422.0,369.0,125.0
CBL,3/12/2018,150.0,153.0,149.0,149.0,-0.67,15881.0,369.0,125.0
CBL,3/13/2018,150.0,153.0,150.0,153.0,2.68,9320.0,369.0,125.0
CBL,3/14/2018,152.0,153.0,150.0,153.0,0.0,11888.0,369.0,125.0
CBL,3/15/2018,152.0,158.0,152.0,154.0,0.65,13443.0,369.0,125.0
CBL,3/18/2018,154.0,154.0,150.0,153.0,-0.65,15302.0,369.0,125.0
CBL,3/19/2018,155.0,154.0,149.0,150.0,-1.96,23360.0,369.0,125.0
CBL,3/20/2018,148.0,150.0,147.0,148.0,-1.33,23714.0,369.0,125.0
CBL,3/21/2018,150.0,150.0,143.0,144.0,-2.7,35159.0,369.0,125.0
CBL,3/22/2018,145.0,147.0,142.0,143.0,-0.69,33895.0,369.0,125.0
CBL,3/26/2018,144.0,144.0,137.0,140.0,-2.1,27189.0,369.0,125.0
CBL,3/27/2018,139.0,147.0,136.0,145.0,3.57,21454.0,369.0,125.0
CBL,3/28/2018,147.0,149.0,142.0,144.0,-0.69,25921.0,369.0,125.0
CBL,3/29/2018,144.0,148.0,144.0,146.0,1.39,20561.0,369.0,125.0
CBL,4/1/2018,147.0,147.0,142.0,145.0,-0.68,6784.0,369.0,125.0
CBL,4/2/2018,145.0,145.0,142.0,145.0,0.0,11461.0,369.0,125.0
CBL,4/3/2018,143.0,147.0,143.0,145.0,0.0,10713.0,369.0,125.0
CBL,4/4/2018,146.0,149.0,144.0,149.0,2.76,14250.0,369.0,125.0
CBL,4/5/2018,150.0,152.0,147.0,152.0,2.01,33501.0,369.0,125.0
CBL,4/8/2018,152.0,160.0,150.0,158.0,3.95,52278.0,369.0,125.0
CBL,4/9/2018,161.0,164.0,155.0,155.0,-1.9,24757.0,369.0,125.0
CBL,4/10/2018,152.0,157.0,151.0,152.0,-1.94,9022.0,369.0,125.0
CBL,4/11/2018,154.0,155.0,150.0,152.0,0.0,3328.0,369.0,125.0
CBL,4/12/2018,155.0,156.0,151.0,151.0,-0.66,10287.0,369.0,125.0
CBL,4/15/2018,150.0,155.0,149.0,155.0,2.65,10729.0,369.0,125.0
CBL,4/16/2018,156.0,156.0,152.0,154.0,-0.65,33809.0,369.0,125.0
CBL,4/17/2018,152.0,160.0,152.0,155.0,0.65,27794.0,369.0,125.0
CBL,4/18/2018,155.0,170.0,155.0,158.0,1.94,41903.0,369.0,125.0
CBL,4/19/2018,161.0,167.0,155.0,165.0,4.43,120801.0,369.0,125.0
CBL,4/22/2018,168.0,173.0,167.0,170.0,3.03,60028.0,369.0,125.0
CBL,4/23/2018,173.0,176.0,164.0,166.0,-2.35,66822.0,369.0,125.0
CBL,4/24/2018,167.0,174.0,162.0,169.0,1.81,71241.0,369.0,125.0
CBL,4/25/2018,169.0,173.0,165.0,168.0,-0.59,35196.0,369.0,125.0
CBL,4/26/2018,170.0,170.0,163.0,163.0,-2.98,20271.0,369.0,125.0
CBL,4/29/2018,166.0,167.0,162.0,165.0,1.23,51078.0,369.0,125.0
CBL,5/2/2018,163.0,166.0,162.0,166.0,0.61,15976.0,369.0,125.0
CBL,5/3/2018,163.0,171.0,163.0,166.0,0.0,26572.0,369.0,125.0
CBL,5/6/2018,165.0,167.0,163.0,167.0,0.6,12445.0,369.0,125.0
CBL,5/7/2018,166.0,166.0,164.0,165.0,-1.2,13817.0,369.0,125.0
CBL,5/8/2018,165.0,168.0,161.0,168.0,1.82,577886.0,369.0,125.0
CBL,5/9/2018,168.0,169.0,165.0,169.0,0.6,24030.0,369.0,125.0
CBL,5/10/2018,170.0,170.0,165.0,166.0,-1.78,9795.0,369.0,125.0
CBL,5/14/2018,169.0,169.0,163.0,168.0,1.2,11219.0,369.0,125.0
CBL,5/15/2018,165.0,166.0,164.0,164.0,-2.38,4540.0,369.0,125.0
CBL,5/16/2018,167.0,167.0,164.0,167.0,1.83,12225.0,369.0,125.0
CBL,5/17/2018,166.0,169.0,162.0,166.0,-0.6,9444.0,369.0,125.0
CBL,5/20/2018,167.0,169.0,163.0,163.0,-1.81,15129.0,369.0,125.0
CBL,5/21/2018,165.0,165.0,162.0,165.0,1.23,6486.0,369.0,125.0
CBL,5/22/2018,165.0,165.0,162.0,165.0,0.0,5322.0,369.0,125.0
CBL,5/23/2018,162.0,164.0,161.0,164.0,-0.61,9104.0,369.0,125.0
CBL,5/24/2018,163.0,170.0,163.0,167.0,1.83,31085.0,369.0,125.0
CBL,5/27/2018,164.0,166.0,161.0,163.0,-2.4,10875.0,369.0,125.0
CBL,5/28/2018,162.0,168.0,160.0,168.0,3.07,23298.0,369.0,125.0
CBL,5/29/2018,166.0,169.0,164.0,168.0,0.0,18183.0,369.0,125.0
CBL,5/30/2018,170.0,170.0,164.0,167.0,-0.6,18754.0,369.0,125.0
CBL,5/31/2018,165.0,166.0,163.0,166.0,-0.6,19821.0,369.0,125.0
CBL,6/3/2018,164.0,164.0,159.0,163.0,-1.81,26868.0,369.0,125.0
CBL,6/4/2018,160.0,162.0,158.0,159.0,-2.45,33969.0,369.0,125.0
CBL,6/6/2018,162.0,168.0,162.0,163.0,2.52,35530.0,369.0,125.0
CBL,6/7/2018,162.0,162.0,156.0,156.0,-4.29,90539.0,369.0,125.0
CBL,6/10/2018,157.0,157.0,150.0,151.0,-3.21,109295.0,369.0,125.0
CBL,6/11/2018,154.0,156.0,148.0,151.0,0.0,115128.0,369.0,125.0
CBL,6/12/2018,151.0,155.0,150.0,154.0,1.99,54707.0,369.0,125.0
CBL,6/13/2018,153.0,153.0,151.0,153.0,-0.65,34399.0,369.0,125.0
CBL,6/14/2018,153.0,156.0,150.0,154.0,0.65,52715.0,369.0,125.0
CBL,6/17/2018,153.0,154.0,151.0,151.0,-1.95,51643.0,369.0,125.0
CBL,6/18/2018,152.0,152.0,146.0,152.0,0.66,14636.0,369.0,125.0
CBL,6/19/2018,152.0,153.0,150.0,151.0,-0.66,15249.0,369.0,125.0
CBL,6/20/2018,151.0,154.0,151.0,152.0,0.66,29029.0,369.0,125.0
CBL,6/21/2018,151.0,154.0,150.0,153.0,0.66,12271.0,369.0,125.0
CBL,6/24/2018,156.0,156.0,151.0,152.0,-0.65,29464.0,369.0,125.0
CBL,6/25/2018,151.0,152.0,150.0,151.0,-0.66,30977.0,369.0,125.0
CBL,6/26/2018,149.0,150.0,148.0,150.0,-0.66,22359.0,369.0,125.0
CBL,6/27/2018,148.0,151.0,148.0,150.0,0.0,15695.0,369.0,125.0
CBL,6/28/2018,152.0,152.0,148.0,150.0,0.0,22364.0,369.0,125.0
CBL,7/1/2018,147.0,149.0,147.0,147.0,-2.0,23902.0,369.0,125.0
CBL,7/2/2018,145.0,148.0,141.0,144.0,-2.04,18716.0,369.0,125.0
CBL,7/3/2018,144.0,149.0,144.0,147.0,2.08,26201.0,369.0,125.0
CBL,7/4/2018,147.0,151.0,146.0,147.0,0.0,33706.0,369.0,125.0
CBL,7/5/2018,149.0,153.0,147.0,153.0,4.08,24102.0,369.0,125.0
CBL,7/8/2018,156.0,156.0,151.0,151.0,-1.31,24576.0,369.0,125.0
CBL,7/9/2018,152.0,152.0,148.0,148.0,-1.99,25208.0,369.0,125.0
CBL,7/10/2018,148.0,151.0,148.0,149.0,0.68,20820.0,369.0,125.0
CBL,7/11/2018,149.0,152.0,148.0,149.0,0.0,29464.0,369.0,125.0
CBL,7/12/2018,150.0,150.0,146.0,148.0,-0.67,17699.0,369.0,125.0
CBL,7/15/2018,146.0,150.0,146.0,149.0,0.68,18227.0,369.0,125.0
CBL,7/16/2018,149.0,154.0,149.0,153.0,2.68,22930.0,369.0,125.0
CBL,7/17/2018,152.0,152.0,150.0,150.0,-1.96,21291.0,369.0,125.0
CBL,7/18/2018,148.0,151.0,145.0,150.0,0.0,9122.0,369.0,125.0
CBL,7/19/2018,151.0,151.0,147.0,148.0,-1.33,23043.0,369.0,125.0
CBL,7/22/2018,148.0,148.0,146.0,148.0,0.0,13959.0,369.0,125.0
CBL,7/23/2018,148.0,150.0,147.0,149.0,0.68,11215.0,369.0,125.0
CBL,7/24/2018,150.0,154.0,148.0,149.0,0.0,39823.0,369.0,125.0
CBL,7/25/2018,150.0,151.0,148.0,148.0,-0.67,7181.0,369.0,125.0
CBL,7/26/2018,150.0,150.0,147.0,150.0,1.35,14879.0,369.0,125.0
CBL,7/29/2018,149.0,151.0,148.0,149.0,-0.67,17687.0,369.0,125.0
CBL,7/30/2018,147.0,150.0,147.0,149.0,0.0,8890.0,369.0,125.0
CBL,7/31/2018,149.0,149.0,147.0,148.0,-0.67,8917.0,369.0,125.0
CBL,8/1/2018,147.0,149.0,147.0,148.0,0.0,12715.0,369.0,125.0
CBL,8/2/2018,148.0,149.0,147.0,149.0,0.68,18583.0,369.0,125.0
CBL,8/5/2018,149.0,150.0,148.0,148.0,-0.67,17727.0,369.0,125.0
CBL,8/6/2018,150.0,150.0,147.0,148.0,0.0,12463.0,369.0,125.0
CBL,8/7/2018,148.0,150.0,148.0,149.0,0.68,5249.0,369.0,125.0
CBL,8/8/2018,148.0,150.0,148.0,148.0,-0.67,6742.0,369.0,125.0
CBL,8/9/2018,150.0,150.0,147.0,149.0,0.68,12410.0,369.0,125.0
CBL,8/12/2018,148.0,148.0,146.0,148.0,-0.67,28291.0,369.0,125.0
CBL,8/13/2018,149.0,149.0,146.0,148.0,0.0,7022.0,369.0,125.0
CBL,8/14/2018,150.0,150.0,147.0,149.0,0.68,8369.0,369.0,125.0
CBL,8/15/2018,149.0,153.0,148.0,151.0,1.34,20491.0,369.0,125.0
CBL,8/16/2018,153.0,153.0,148.0,151.0,0.0,37776.0,369.0,125.0
CBL,8/19/2018,152.0,152.0,148.0,148.0,-1.99,19456.0,369.0,125.0
CBL,8/20/2018,149.0,149.0,148.0,149.0,0.68,7101.0,369.0,125.0
CBL,8/21/2018,149.0,150.0,148.0,148.0,-0.67,4426.0,369.0,125.0
CBL,8/22/2018,150.0,150.0,146.0,147.0,-0.68,84896.0,369.0,125.0
CBL,8/23/2018,149.0,149.0,147.0,148.0,0.68,19473.0,369.0,125.0
CBL,8/26/2018,148.0,149.0,147.0,147.0,-0.68,9541.0,369.0,125.0
CBL,8/28/2018,146.0,148.0,146.0,148.0,0.68,5628.0,369.0,125.0
CBL,8/29/2018,148.0,148.0,146.0,148.0,0.0,12696.0,369.0,125.0
CBL,8/30/2018,147.0,148.0,146.0,148.0,0.0,13077.0,369.0,125.0
CBL,9/2/2018,148.0,150.0,148.0,150.0,1.35,34398.0,369.0,125.0
CBL,9/3/2018,152.0,154.0,150.0,150.0,0.0,56016.0,369.0,125.0
CBL,9/4/2018,151.0,158.0,150.0,155.0,3.33,97475.0,369.0,125.0
CBL,9/5/2018,155.0,162.0,155.0,159.0,2.58,58565.0,369.0,125.0
CBL,9/6/2018,160.0,160.0,155.0,157.0,-1.26,62255.0,369.0,125.0
CBL,9/9/2018,156.0,157.0,155.0,157.0,0.0,21321.0,369.0,125.0
CBL,9/10/2018,155.0,157.0,153.0,154.0,-1.91,15358.0,369.0,125.0
CBL,9/11/2018,153.0,157.0,153.0,156.0,1.3,19449.0,369.0,125.0
CBL,9/12/2018,156.0,158.0,155.0,158.0,1.28,27928.0,369.0,125.0
CBL,9/13/2018,159.0,165.0,157.0,160.0,1.27,49273.0,369.0,125.0
CBL,9/16/2018,163.0,173.0,162.0,166.0,3.75,173720.0,369.0,125.0
CBL,9/17/2018,167.0,171.0,165.0,167.0,0.6,74906.0,369.0,125.0
CBL,9/18/2018,169.0,169.0,164.0,167.0,0.0,59210.0,369.0,125.0
CBL,9/20/2018,165.0,171.0,165.0,170.0,1.8,57627.0,369.0,125.0
CBL,9/23/2018,170.0,171.0,167.0,169.0,-0.59,51852.0,369.0,125.0
CBL,9/25/2018,172.0,182.0,170.0,179.0,5.92,163177.0,369.0,125.0
CBL,9/26/2018,180.0,188.0,176.0,183.0,2.23,269139.0,369.0,125.0
CBL,9/27/2018,180.0,184.0,178.0,179.0,-2.19,84907.0,369.0,125.0
CBL,9/30/2018,179.0,181.0,175.0,177.0,-1.12,58474.0,369.0,125.0
CBL,10/1/2018,177.0,179.0,171.0,173.0,-2.26,65143.0,369.0,125.0
CBL,10/2/2018,170.0,175.0,170.0,172.0,-0.58,43287.0,369.0,125.0
CBL,10/3/2018,172.0,174.0,169.0,173.0,0.58,37096.0,369.0,125.0
CBL,10/4/2018,171.0,173.0,169.0,172.0,-0.58,62785.0,369.0,125.0
CBL,10/7/2018,170.0,170.0,165.0,165.0,-4.07,65816.0,369.0,125.0
CBL,10/8/2018,165.0,169.0,165.0,169.0,2.42,34820.0,369.0,125.0
CBL,10/9/2018,170.0,173.0,168.0,168.0,-0.59,35260.0,369.0,125.0
CBL,10/10/2018,169.0,169.0,166.0,169.0,0.6,34815.0,369.0,125.0
CBL,10/11/2018,168.0,171.0,168.0,171.0,1.18,35703.0,369.0,125.0
CBL,10/14/2018,169.0,176.0,169.0,175.0,2.34,44146.0,369.0,125.0
CBL,10/15/2018,178.0,178.0,172.0,174.0,-0.57,40770.0,369.0,125.0
CBL,10/21/2018,173.0,177.0,173.0,177.0,1.72,50230.0,369.0,125.0
CBL,10/22/2018,177.0,177.0,174.0,176.0,-0.56,30888.0,369.0,125.0
CBL,10/23/2018,176.0,177.0,174.0,175.0,-0.57,15308.0,369.0,125.0
CBL,10/24/2018,174.0,175.0,173.0,175.0,0.0,15080.0,369.0,125.0
CBL,10/25/2018,176.0,176.0,173.0,173.0,-1.14,35146.0,369.0,125.0
CBL,10/28/2018,171.0,173.0,169.0,170.0,-1.73,49644.0,369.0,125.0
CBL,10/29/2018,169.0,170.0,167.0,168.0,-1.18,26203.0,369.0,125.0
CBL,10/30/2018,168.0,171.0,168.0,171.0,1.79,22233.0,369.0,125.0
CBL,10/31/2018,171.0,171.0,169.0,170.0,-0.58,40117.0,369.0,125.0
CBL,11/1/2018,167.0,170.0,167.0,170.0,0.0,13871.0,369.0,125.0
CBL,11/4/2018,169.0,170.0,167.0,169.0,-0.59,12369.0,369.0,125.0
CBL,11/5/2018,167.0,172.0,167.0,171.0,1.18,12037.0,369.0,125.0
CBL,11/6/2018,171.0,173.0,169.0,171.0,0.0,8110.0,369.0,125.0
CBL,11/11/2018,171.0,171.0,168.0,169.0,-1.17,6710.0,369.0,125.0
CBL,11/12/2018,168.0,169.0,166.0,167.0,-1.18,22136.0,369.0,125.0
CBL,11/13/2018,170.0,172.0,167.0,169.0,1.2,19757.0,369.0,125.0
CBL,11/14/2018,170.0,170.0,168.0,170.0,0.59,35565.0,369.0,125.0
CBL,11/15/2018,170.0,173.0,168.0,169.0,-0.59,27787.0,369.0,125.0
CBL,11/18/2018,168.0,169.0,166.0,166.0,-1.78,15763.0,369.0,125.0
CBL,11/19/2018,165.0,168.0,164.0,165.0,-0.6,33019.0,369.0,125.0
CBL,11/20/2018,162.0,167.0,163.0,164.0,-0.61,24308.0,369.0,125.0
CBL,11/21/2018,165.0,168.0,164.0,168.0,2.44,29782.0,369.0,125.0
CBL,11/22/2018,166.0,167.0,165.0,167.0,-0.6,9217.0,369.0,125.0
CBL,11/25/2018,165.0,165.0,161.0,161.0,-3.59,32979.0,369.0,125.0
CBL,11/26/2018,162.0,163.0,162.0,163.0,1.24,9084.0,369.0,125.0
CBL,11/27/2018,163.0,165.0,162.0,162.0,-0.61,18845.0,369.0,125.0
CBL,11/28/2018,164.0,164.0,162.0,163.0,0.62,12578.0,369.0,125.0
CBL,11/29/2018,163.0,163.0,159.0,160.0,-1.84,24779.0,369.0,125.0
CBL,12/2/2018,160.0,160.0,156.0,157.0,-1.88,24147.0,369.0,125.0
CBL,12/3/2018,157.0,161.0,157.0,160.0,1.91,33645.0,369.0,125.0
CBL,12/4/2018,162.0,162.0,159.0,162.0,1.25,16833.0,369.0,125.0
CBL,12/5/2018,163.0,163.0,156.0,157.0,-3.09,36289.0,369.0,125.0
CBL,12/6/2018,156.0,160.0,153.0,158.0,0.64,34917.0,369.0,125.0
CBL,12/9/2018,161.0,161.0,158.0,160.0,1.27,18587.0,369.0,125.0
CBL,12/10/2018,160.0,163.0,160.0,161.0,0.63,16317.0,369.0,125.0
CBL,12/11/2018,160.0,161.0,158.0,158.0,-1.86,18497.0,369.0,125.0
CBL,12/12/2018,157.0,160.0,156.0,158.0,0.0,21317.0,369.0,125.0
CBL,12/13/2018,159.0,165.0,159.0,164.0,3.8,29164.0,369.0,125.0
CBL,12/16/2018,164.0,167.0,164.0,166.0,1.22,58506.0,369.0,125.0
CBL,12/17/2018,167.0,169.0,165.0,169.0,1.81,12818.0,369.0,125.0
CBL,12/18/2018,169.0,170.0,163.0,163.0,-3.55,28663.0,369.0,125.0
CBL,12/19/2018,164.0,165.0,162.0,164.0,0.61,17011.0,369.0,125.0
CBL,12/20/2018,166.0,166.0,162.0,163.0,-0.61,25245.0,369.0,125.0
CBL,12/23/2018,166.0,173.0,166.0,169.0,3.68,44559.0,369.0,125.0
CBL,12/24/2018,171.0,172.0,164.0,164.0,-2.96,24432.0,369.0,125.0
CBL,12/25/2018,164.0,166.0,164.0,166.0,1.22,14295.0,369.0,125.0
CBL,12/26/2018,165.0,172.0,165.0,170.0,2.41,55183.0,369.0,125.0
CBL,12/27/2018,171.0,172.0,166.0,168.0,-1.18,44457.0,369.0,125.0
CBL,12/30/2018,166.0,167.0,164.0,165.0,-1.79,17844.0,369.0,125.0
CBL,12/31/2018,164.0,165.0,163.0,163.0,-1.21,7579.0,369.0,125.0
CBL,1/1/2019,164.0,164.0,162.0,162.0,-0.61,11402.0,369.0,125.0
CBL,1/2/2019,164.0,165.0,162.0,165.0,1.85,8920.0,369.0,125.0
CBL,1/3/2019,163.0,164.0,162.0,162.0,-1.82,25481.0,369.0,125.0
CBL,1/6/2019,161.0,162.0,161.0,162.0,0.0,19659.0,369.0,125.0
CBL,1/7/2019,163.0,164.0,162.0,164.0,1.23,5283.0,369.0,125.0
CBL,1/8/2019,167.0,167.0,161.0,162.0,-1.22,21176.0,369.0,125.0
CBL,1/9/2019,163.0,163.0,162.0,163.0,0.62,5728.0,369.0,125.0
CBL,1/10/2019,163.0,163.0,161.0,163.0,0.0,16340.0,369.0,125.0
CBL,1/13/2019,163.0,164.0,160.0,162.0,-0.61,13399.0,369.0,125.0
CBL,1/14/2019,162.0,163.0,160.0,163.0,0.62,13418.0,369.0,125.0
CBL,1/15/2019,161.0,164.0,161.0,164.0,0.61,12422.0,369.0,125.0
CBL,1/16/2019,162.0,162.0,160.0,161.0,-1.83,12349.0,369.0,125.0
CBL,1/17/2019,161.0,163.0,160.0,162.0,0.62,8789.0,369.0,125.0
CBL,1/20/2019,165.0,165.0,160.0,162.0,0.0,9152.0,369.0,125.0
CBL,1/21/2019,160.0,162.0,160.0,161.0,-0.62,11148.0,369.0,125.0
CBL,1/22/2019,160.0,162.0,159.0,160.0,-0.62,13120.0,369.0,125.0
CBL,1/23/2019,159.0,162.0,159.0,162.0,1.25,42143.0,369.0,125.0
CBL,1/24/2019,160.0,161.0,160.0,160.0,-1.23,7990.0,369.0,125.0
CBL,1/27/2019,160.0,160.0,158.0,160.0,0.0,21717.0,369.0,125.0
CBL,1/28/2019,160.0,160.0,159.0,160.0,0.0,12370.0,369.0,125.0
CBL,1/29/2019,159.0,160.0,158.0,159.0,-0.62,16637.0,369.0,125.0
CBL,1/30/2019,159.0,159.0,158.0,158.0,-0.63,14370.0,369.0,125.0
CBL,1/31/2019,159.0,160.0,158.0,160.0,1.27,12672.0,369.0,125.0
CBL,2/3/2019,157.0,160.0,157.0,158.0,-1.25,15410.0,369.0,125.0
CBL,2/4/2019,158.0,158.0,156.0,158.0,0.0,5738.0,369.0,125.0
CBL,2/5/2019,157.0,160.0,157.0,158.0,0.0,40840.0,369.0,125.0
CBL,2/6/2019,158.0,158.0,156.0,157.0,-0.63,21490.0,369.0,125.0
CBL,2/7/2019,156.0,158.0,155.0,158.0,0.64,15717.0,369.0,125.0
CBL,2/10/2019,158.0,158.0,154.0,156.0,-1.27,24538.0,369.0,125.0
CBL,2/11/2019,154.0,155.0,153.0,154.0,-1.28,22710.0,369.0,125.0
CBL,2/12/2019,154.0,155.0,153.0,154.0,0.0,7397.0,369.0,125.0
CBL,2/13/2019,153.0,155.0,152.0,152.0,-1.3,10101.0,369.0,125.0
CBL,2/14/2019,152.0,152.0,150.0,151.0,-0.66,27002.0,369.0,125.0
CBL,2/17/2019,153.0,153.0,149.0,151.0,0.0,20575.0,369.0,125.0
CBL,2/18/2019,150.0,150.0,146.0,148.0,-1.99,34802.0,369.0,125.0
CBL,2/19/2019,149.0,152.0,147.0,152.0,2.7,33647.0,369.0,125.0
CBL,2/20/2019,151.0,151.0,148.0,148.0,-2.63,13454.0,369.0,125.0
CBL,2/21/2019,150.0,151.0,146.0,151.0,2.03,4137.0,369.0,125.0
CBL,2/24/2019,151.0,151.0,147.0,147.0,-2.65,4519.0,369.0,125.0
CBL,2/25/2019,148.0,149.0,147.0,148.0,0.68,6647.0,369.0,125.0
CBL,2/26/2019,148.0,150.0,147.0,150.0,1.35,13700.0,369.0,125.0
CBL,2/27/2019,149.0,150.0,148.0,149.0,-0.67,8491.0,369.0,125.0
CBL,3/3/2019,149.0,150.0,147.0,147.0,-1.34,27107.0,369.0,125.0
CBL,3/5/2019,149.0,149.0,147.0,148.0,0.68,12435.0,369.0,125.0
CBL,3/6/2019,148.0,149.0,148.0,149.0,0.68,5337.0,369.0,125.0
CBL,3/7/2019,150.0,152.0,149.0,152.0,2.01,26429.0,369.0,125.0
CBL,3/10/2019,152.0,152.0,149.0,151.0,-0.66,3423.0,369.0,125.0
CBL,3/11/2019,151.0,156.0,150.0,156.0,3.31,34029.0,369.0,125.0
CBL,3/12/2019,158.0,165.0,154.0,165.0,5.77,80654.0,369.0,125.0
CBL,3/13/2019,160.0,165.0,158.0,158.0,-4.24,82024.0,369.0,125.0
CBL,3/14/2019,159.0,160.0,155.0,158.0,0.0,34825.0,369.0,125.0
CBL,3/17/2019,160.0,162.0,158.0,159.0,0.63,20512.0,369.0,125.0
CBL,3/18/2019,158.0,159.0,154.0,155.0,-2.52,58296.0,369.0,125.0
CBL,3/19/2019,152.0,158.0,152.0,155.0,0.0,20174.0,369.0,125.0
CBL,3/21/2019,157.0,157.0,154.0,155.0,0.0,19331.0,369.0,125.0
CBL,3/24/2019,154.0,155.0,152.0,153.0,-1.29,17703.0,369.0,125.0
CBL,3/25/2019,154.0,157.0,154.0,156.0,1.96,23900.0,369.0,125.0
CBL,3/26/2019,156.0,158.0,154.0,155.0,-0.64,14168.0,369.0,125.0
CBL,3/27/2019,154.0,156.0,154.0,156.0,0.65,24248.0,369.0,125.0
CBL,3/28/2019,159.0,159.0,153.0,155.0,-0.64,34211.0,369.0,125.0
CBL,3/31/2019,155.0,160.0,154.0,156.0,0.65,17455.0,369.0,125.0
CBL,4/1/2019,155.0,158.0,155.0,156.0,0.0,35692.0,369.0,125.0
CBL,4/2/2019,159.0,160.0,157.0,160.0,2.56,81258.0,369.0,125.0
CBL,4/3/2019,159.0,162.0,159.0,161.0,0.63,118233.0,369.0,125.0
CBL,4/4/2019,163.0,163.0,158.0,160.0,-0.62,127721.0,369.0,125.0
CBL,4/7/2019,160.0,164.0,159.0,164.0,2.5,45639.0,369.0,125.0
CBL,4/8/2019,165.0,165.0,159.0,161.0,-1.83,82394.0,369.0,125.0
CBL,4/9/2019,163.0,163.0,160.0,161.0,0.0,32002.0,369.0,125.0
CBL,4/10/2019,160.0,163.0,159.0,161.0,0.0,18224.0,369.0,125.0
CBL,4/11/2019,161.0,162.0,160.0,160.0,-0.62,8736.0,369.0,125.0
CBL,4/15/2019,163.0,166.0,160.0,163.0,1.88,21592.0,369.0,125.0
CBL,4/16/2019,166.0,168.0,164.0,168.0,3.07,201448.0,369.0,125.0
CBL,4/17/2019,170.0,170.0,167.0,167.0,-0.6,154081.0,369.0,125.0
CBL,4/18/2019,168.0,170.0,167.0,169.0,1.2,113265.0,369.0,125.0
CBL,4/21/2019,172.0,173.0,169.0,172.0,1.78,231269.0,369.0,125.0
CBL,4/22/2019,175.0,175.0,170.0,171.0,-0.58,235175.0,369.0,125.0
CBL,4/23/2019,156.0,159.0,154.0,157.0,-8.19,61822.0,369.0,125.0
CBL,4/24/2019,158.0,165.0,157.0,162.0,3.18,85134.0,369.0,125.0
CBL,4/25/2019,163.0,167.0,161.0,163.0,0.62,101536.0,369.0,125.0
CBL,4/28/2019,164.0,165.0,158.0,159.0,-2.45,111527.0,369.0,125.0
CBL,4/29/2019,156.0,159.0,153.0,157.0,-1.26,78801.0,369.0,125.0
CBL,4/30/2019,155.0,158.0,155.0,155.0,-1.27,28980.0,369.0,125.0
CBL,5/2/2019,153.0,156.0,151.0,156.0,0.65,132506.0,369.0,125.0
CBL,5/5/2019,155.0,156.0,151.0,152.0,-2.56,91799.0,369.0,125.0
CBL,5/6/2019,152.0,155.0,151.0,155.0,1.97,65526.0,369.0,125.0
CBL,5/7/2019,155.0,157.0,152.0,153.0,-1.29,83599.0,369.0,125.0
CBL,5/8/2019,155.0,155.0,150.0,152.0,-0.65,366650.0,369.0,125.0
CBL,5/9/2019,154.0,154.0,150.0,152.0,0.0,77038.0,369.0,125.0
CBL,5/12/2019,152.0,153.0,150.0,151.0,-0.66,37961.0,369.0,125.0
CBL,5/13/2019,150.0,151.0,148.0,149.0,-1.32,195844.0,369.0,125.0
CBL,5/14/2019,149.0,152.0,149.0,150.0,0.67,116802.0,369.0,125.0
CBL,5/15/2019,150.0,152.0,150.0,150.0,0.0,70865.0,369.0,125.0
CBL,5/16/2019,151.0,151.0,148.0,148.0,-1.33,38077.0,369.0,125.0
CBL,5/19/2019,148.0,150.0,147.0,148.0,0.0,67169.0,369.0,125.0
CBL,5/20/2019,148.0,149.0,147.0,148.0,0.0,18343.0,369.0,125.0
CBL,5/21/2019,150.0,150.0,147.0,148.0,0.0,40746.0,369.0,125.0
CBL,5/22/2019,150.0,150.0,146.0,147.0,-0.68,29947.0,369.0,125.0
CBL,5/23/2019,150.0,150.0,147.0,147.0,0.0,42981.0,369.0,125.0
CBL,5/26/2019,149.0,149.0,146.0,146.0,-0.68,52832.0,369.0,125.0
CBL,5/27/2019,147.0,148.0,146.0,147.0,0.68,38884.0,369.0,125.0
CBL,5/28/2019,148.0,148.0,146.0,148.0,0.68,70835.0,369.0,125.0
CBL,5/29/2019,149.0,152.0,148.0,149.0,0.68,25154.0,369.0,125.0
CBL,5/30/2019,151.0,156.0,149.0,149.0,0.0,158692.0,369.0,125.0
CBL,6/2/2019,150.0,151.0,147.0,147.0,-1.34,42171.0,369.0,125.0
CBL,6/3/2019,147.0,148.0,145.0,146.0,-0.68,54245.0,369.0,125.0
CBL,6/4/2019,147.0,148.0,146.0,147.0,0.68,28408.0,369.0,125.0
CBL,6/6/2019,147.0,149.0,146.0,147.0,0.0,30457.0,369.0,125.0
CBL,6/10/2019,148.0,148.0,145.0,145.0,-1.36,33934.0,369.0,125.0
CBL,6/11/2019,146.0,149.0,146.0,147.0,1.38,21546.0,369.0,125.0
CBL,6/12/2019,147.0,148.0,146.0,147.0,0.0,23594.0,369.0,125.0
CBL,6/13/2019,147.0,147.0,146.0,147.0,0.0,14349.0,369.0,125.0
CBL,6/16/2019,148.0,150.0,144.0,145.0,-1.36,32658.0,369.0,125.0
CBL,6/17/2019,145.0,146.0,145.0,146.0,0.69,16265.0,369.0,125.0
CBL,6/18/2019,145.0,147.0,145.0,146.0,0.0,16008.0,369.0,125.0
CBL,6/19/2019,146.0,147.0,145.0,146.0,0.0,5948.0,369.0,125.0
CBL,6/20/2019,146.0,148.0,145.0,147.0,0.68,23321.0,369.0,125.0
CBL,6/23/2019,145.0,147.0,145.0,146.0,-0.68,20846.0,369.0,125.0
CBL,6/24/2019,146.0,150.0,144.0,147.0,0.68,22977.0,369.0,125.0
CBL,6/25/2019,147.0,148.0,146.0,147.0,0.0,9315.0,369.0,125.0
CBL,6/26/2019,149.0,149.0,145.0,145.0,-1.36,19514.0,369.0,125.0
CBL,6/27/2019,146.0,147.0,144.0,145.0,0.0,78536.0,369.0,125.0
CBL,6/30/2019,146.0,147.0,143.0,144.0,-0.69,79358.0,369.0,125.0
CBL,7/1/2019,144.0,145.0,142.0,145.0,0.69,48994.0,369.0,125.0
CBL,7/2/2019,144.0,149.0,144.0,148.0,2.07,67576.0,369.0,125.0
CBL,7/3/2019,149.0,153.0,145.0,151.0,2.03,201454.0,369.0,125.0
CBL,7/4/2019,153.0,155.0,151.0,152.0,0.66,178994.0,369.0,125.0
CBL,7/7/2019,154.0,159.0,154.0,158.0,3.95,370637.0,369.0,125.0
CBL,7/8/2019,160.0,162.0,157.0,158.0,0.0,239742.0,369.0,125.0
CBL,7/9/2019,158.0,158.0,156.0,158.0,0.0,104967.0,369.0,125.0
CBL,7/10/2019,157.0,158.0,156.0,157.0,-0.63,45727.0,369.0,125.0
CBL,7/11/2019,156.0,158.0,155.0,157.0,0.0,113323.0,369.0,125.0
CBL,7/14/2019,157.0,158.0,156.0,158.0,0.64,88339.0,369.0,125.0
CBL,7/15/2019,157.0,158.0,156.0,157.0,-0.63,39481.0,369.0,125.0
CBL,7/16/2019,158.0,158.0,156.0,158.0,0.64,61394.0,369.0,125.0
CBL,7/17/2019,158.0,160.0,157.0,160.0,1.27,45975.0,369.0,125.0
CBL,7/18/2019,160.0,160.0,158.0,160.0,0.0,81234.0,369.0,125.0
CBL,7/21/2019,162.0,163.0,159.0,163.0,1.88,163922.0,369.0,125.0
CBL,7/22/2019,163.0,165.0,162.0,164.0,0.61,102736.0,369.0,125.0
CBL,7/23/2019,164.0,164.0,161.0,163.0,-0.61,57037.0,369.0,125.0
CBL,7/24/2019,161.0,163.0,159.0,162.0,-0.61,68624.0,369.0,125.0
CBL,7/25/2019,161.0,162.0,156.0,158.0,-2.47,90246.0,369.0,125.0
CBL,7/28/2019,157.0,157.0,153.0,155.0,-1.9,84840.0,369.0,125.0
CBL,7/29/2019,156.0,156.0,153.0,153.0,-1.29,59237.0,369.0,125.0
CBL,7/30/2019,155.0,155.0,153.0,155.0,1.31,27113.0,369.0,125.0
CBL,7/31/2019,155.0,155.0,153.0,154.0,-0.65,62131.0,369.0,125.0
CBL,8/1/2019,153.0,156.0,153.0,155.0,0.65,49194.0,369.0,125.0
CBL,8/4/2019,155.0,155.0,152.0,152.0,-1.94,27392.0,369.0,125.0
CBL,8/5/2019,150.0,155.0,150.0,152.0,0.0,23079.0,369.0,125.0
CBL,8/6/2019,155.0,155.0,151.0,151.0,-0.66,34093.0,369.0,125.0
CBL,8/7/2019,150.0,153.0,149.0,152.0,0.66,20710.0,369.0,125.0
CBL,8/8/2019,152.0,152.0,150.0,151.0,-0.66,17655.0,369.0,125.0
CBL,8/11/2019,151.0,151.0,150.0,151.0,0.0,9236.0,369.0,125.0
CBL,8/12/2019,151.0,152.0,150.0,151.0,0.0,55784.0,369.0,125.0
CBL,8/13/2019,151.0,152.0,150.0,150.0,-0.66,26581.0,369.0,125.0
CBL,8/14/2019,152.0,152.0,148.0,149.0,-0.67,49154.0,369.0,125.0
CBL,8/15/2019,150.0,150.0,148.0,150.0,0.67,25804.0,369.0,125.0
CBL,8/18/2019,147.0,150.0,147.0,148.0,-1.33,32753.0,369.0,125.0
CBL,8/19/2019,148.0,150.0,147.0,149.0,0.68,34910.0,369.0,125.0
CBL,8/20/2019,148.0,148.0,146.0,148.0,-0.67,16482.0,369.0,125.0
CBL,8/21/2019,147.0,148.0,146.0,147.0,-0.68,18039.0,369.0,125.0
CBL,8/22/2019,147.0,148.0,146.0,147.0,0.0,27862.0,369.0,125.0
CBL,8/25/2019,146.0,147.0,145.0,147.0,0.0,31944.0,369.0,125.0
CBL,8/26/2019,145.0,147.0,145.0,146.0,-0.68,19274.0,369.0,125.0
CBL,8/27/2019,146.0,148.0,145.0,147.0,0.68,16716.0,369.0,125.0
CBL,8/28/2019,148.0,148.0,145.0,146.0,-0.68,15482.0,369.0,125.0
CBL,8/29/2019,147.0,148.0,144.0,148.0,1.37,23892.0,369.0,125.0
CBL,9/1/2019,149.0,150.0,148.0,149.0,0.68,24835.0,369.0,125.0
CBL,9/2/2019,150.0,150.0,145.0,147.0,-1.34,18769.0,369.0,125.0
CBL,9/3/2019,147.0,149.0,143.0,149.0,1.36,45951.0,369.0,125.0
CBL,9/4/2019,151.0,151.0,146.0,149.0,0.0,8139.0,369.0,125.0
CBL,9/5/2019,150.0,150.0,147.0,147.0,-1.34,14914.0,369.0,125.0
CBL,9/8/2019,147.0,148.0,146.0,147.0,0.0,20244.0,369.0,125.0
CBL,9/9/2019,147.0,147.0,145.0,146.0,-0.68,20809.0,369.0,125.0
CBL,9/10/2019,146.0,146.0,144.0,146.0,0.0,37644.0,369.0,125.0
CBL,9/11/2019,145.0,146.0,143.0,146.0,0.0,18483.0,369.0,125.0
CBL,9/12/2019,152.0,152.0,143.0,144.0,-1.37,24042.0,369.0,125.0
CBL,9/15/2019,144.0,144.0,141.0,142.0,-1.39,26875.0,369.0,125.0
CBL,9/16/2019,142.0,144.0,141.0,141.0,-0.7,25431.0,369.0,125.0
CBL,9/17/2019,143.0,146.0,143.0,146.0,3.55,24187.0,369.0,125.0
CBL,9/18/2019,147.0,149.0,145.0,148.0,1.37,41659.0,369.0,125.0
CBL,9/19/2019,149.0,149.0,145.0,146.0,-1.35,19492.0,369.0,125.0
CBL,9/22/2019,143.0,143.0,142.0,143.0,-2.05,16132.0,369.0,125.0
CBL,9/23/2019,144.0,145.0,142.0,144.0,0.7,32113.0,369.0,125.0
CBL,9/24/2019,143.0,143.0,141.0,143.0,-0.69,11824.0,369.0,125.0
CBL,9/25/2019,142.0,144.0,140.0,141.0,-1.4,30298.0,369.0,125.0
CBL,9/26/2019,141.0,143.0,141.0,142.0,0.71,14574.0,369.0,125.0
CBL,9/29/2019,142.0,142.0,140.0,141.0,-0.7,7928.0,369.0,125.0
CBL,9/30/2019,142.0,144.0,141.0,144.0,2.13,10055.0,369.0,125.0
CBL,10/1/2019,142.0,144.0,142.0,144.0,0.0,9951.0,369.0,125.0
CBL,10/2/2019,145.0,145.0,143.0,144.0,0.0,5346.0,369.0,125.0
CBL,10/3/2019,144.0,145.0,143.0,145.0,0.69,9795.0,369.0,125.0
CBL,10/10/2019,143.0,145.0,143.0,145.0,0.0,4015.0,369.0,125.0
CBL,10/14/2019,143.0,144.0,139.0,144.0,-0.69,38718.0,369.0,125.0
CBL,10/15/2019,143.0,144.0,142.0,144.0,0.0,9451.0,369.0,125.0
CBL,10/16/2019,143.0,145.0,142.0,144.0,0.0,10950.0,369.0,125.0
CBL,10/17/2019,144.0,144.0,142.0,143.0,-0.69,5317.0,369.0,125.0
CBL,10/20/2019,142.0,143.0,141.0,142.0,-0.7,2725.0,369.0,125.0
CBL,10/21/2019,142.0,142.0,141.0,142.0,0.0,17999.0,369.0,125.0
CBL,10/22/2019,141.0,144.0,141.0,143.0,0.7,7491.0,369.0,125.0
CBL,10/23/2019,144.0,144.0,142.0,144.0,0.7,9170.0,369.0,125.0
CBL,10/24/2019,143.0,144.0,142.0,143.0,-0.69,10216.0,369.0,125.0
CBL,10/31/2019,143.0,143.0,141.0,143.0,0.0,7847.0,369.0,125.0
CBL,11/3/2019,141.0,142.0,141.0,142.0,-0.7,13289.0,369.0,125.0
CBL,11/4/2019,141.0,143.0,141.0,143.0,0.7,10495.0,369.0,125.0
CBL,11/5/2019,142.0,143.0,141.0,142.0,-0.7,11338.0,369.0,125.0
CBL,11/6/2019,142.0,142.0,140.0,140.0,-1.41,5407.0,369.0,125.0
CBL,11/7/2019,141.0,142.0,140.0,140.0,0.0,22998.0,369.0,125.0
CBL,11/10/2019,140.0,140.0,139.0,140.0,0.0,23235.0,369.0,125.0
CBL,11/11/2019,140.0,141.0,139.0,140.0,0.0,19633.0,369.0,125.0
CBL,11/12/2019,142.0,142.0,139.0,140.0,0.0,10659.0,369.0,125.0
CBL,11/13/2019,140.0,141.0,139.0,140.0,0.0,23846.0,369.0,125.0
CBL,11/14/2019,139.0,140.0,139.0,140.0,0.0,16005.0,369.0,125.0
CBL,11/17/2019,139.0,139.0,137.0,138.0,-1.43,20201.0,369.0,125.0
CBL,11/18/2019,137.0,138.0,137.0,138.0,0.0,20052.0,369.0,125.0
CBL,11/19/2019,137.0,138.0,135.0,138.0,0.0,28073.0,369.0,125.0
CBL,11/20/2019,138.0,139.0,137.0,137.0,-0.72,14378.0,369.0,125.0
CBL,11/21/2019,136.0,138.0,136.0,137.0,0.0,18775.0,369.0,125.0
CBL,11/24/2019,137.0,137.0,134.0,136.0,-0.73,11342.0,369.0,125.0
CBL,11/25/2019,137.0,137.0,134.0,136.0,0.0,40674.0,369.0,125.0
CBL,11/26/2019,137.0,137.0,135.0,136.0,0.0,13164.0,369.0,125.0
CBL,11/27/2019,136.0,137.0,135.0,136.0,0.0,21961.0,369.0,125.0
CBL,11/28/2019,136.0,137.0,134.0,136.0,0.0,28387.0,369.0,125.0
CBL,12/1/2019,136.0,137.0,135.0,136.0,0.0,13909.0,369.0,125.0
CBL,12/2/2019,136.0,138.0,135.0,137.0,0.74,7853.0,369.0,125.0
CBL,12/3/2019,138.0,138.0,136.0,136.0,-0.73,16327.0,369.0,125.0
CBL,12/4/2019,138.0,138.0,135.0,136.0,0.0,22834.0,369.0,125.0
CBL,12/5/2019,137.0,140.0,137.0,140.0,2.94,22578.0,369.0,125.0
CBL,12/8/2019,140.0,140.0,137.0,140.0,0.0,69311.0,369.0,125.0
CBL,12/9/2019,138.0,138.0,135.0,137.0,-2.14,23829.0,369.0,125.0
CBL,12/10/2019,137.0,139.0,136.0,138.0,0.73,19136.0,369.0,125.0
CBL,12/11/2019,138.0,139.0,137.0,139.0,0.72,17048.0,369.0,125.0
CBL,12/12/2019,138.0,139.0,137.0,137.0,-1.44,24427.0,369.0,125.0
CBL,12/15/2019,137.0,141.0,137.0,138.0,0.73,41762.0,369.0,125.0
CBL,12/16/2019,138.0,138.0,136.0,137.0,-0.72,27150.0,369.0,125.0
CBL,12/17/2019,137.0,138.0,136.0,137.0,0.0,18228.0,369.0,125.0
CBL,12/18/2019,136.0,137.0,135.0,136.0,-0.73,38029.0,369.0,125.0
CBL,12/19/2019,136.0,137.0,135.0,136.0,0.0,17505.0,369.0,125.0
CBL,12/22/2019,136.0,136.0,134.0,134.0,-1.47,17712.0,369.0,125.0
CBL,12/23/2019,134.0,136.0,134.0,136.0,1.49,17742.0,369.0,125.0
CBL,12/24/2019,134.0,137.0,134.0,137.0,0.74,12748.0,369.0,125.0
CBL,12/25/2019,135.0,137.0,134.0,137.0,0.0,25786.0,369.0,125.0
CBL,12/26/2019,136.0,136.0,135.0,136.0,-0.73,13522.0,369.0,125.0
CBL,12/29/2019,136.0,136.0,134.0,135.0,-0.74,7667.0,369.0,125.0
CBL,12/30/2019,135.0,136.0,135.0,136.0,0.74,10458.0,369.0,125.0
CBL,12/31/2019,135.0,136.0,134.0,136.0,0.0,9256.0,369.0,125.0
CBL,1/1/2020,134.0,138.0,134.0,135.0,-0.74,8303.0,369.0,125.0
CBL,1/2/2020,141.0,141.0,134.0,136.0,0.74,22144.0,369.0,125.0
CBL,1/5/2020,135.0,138.0,135.0,137.0,0.74,25720.0,369.0,125.0
CBL,1/6/2020,139.0,139.0,136.0,138.0,0.73,37290.0,369.0,125.0
CBL,1/7/2020,137.0,140.0,136.0,139.0,0.72,40337.0,369.0,125.0
CBL,1/8/2020,139.0,139.0,136.0,137.0,-1.44,40252.0,369.0,125.0
CBL,1/9/2020,143.0,143.0,135.0,137.0,0.0,20889.0,369.0,125.0
CBL,1/12/2020,138.0,140.0,136.0,140.0,2.19,68600.0,369.0,125.0
CBL,1/13/2020,144.0,146.0,140.0,146.0,4.29,73346.0,369.0,125.0
CBL,1/14/2020,140.0,141.0,138.0,140.0,-4.11,58396.0,369.0,125.0
CBL,1/15/2020,140.0,149.0,140.0,147.0,5.0,138329.0,369.0,125.0
CBL,1/16/2020,149.0,152.0,146.0,150.0,2.04,131135.0,369.0,125.0
CBL,1/19/2020,151.0,156.0,149.0,152.0,1.33,162663.0,369.0,125.0
CBL,1/20/2020,155.0,155.0,146.0,148.0,-2.63,119269.0,369.0,125.0
CBL,1/21/2020,148.0,150.0,147.0,148.0,0.0,44853.0,369.0,125.0
CBL,1/22/2020,148.0,151.0,145.0,151.0,2.03,74142.0,369.0,125.0
CBL,1/23/2020,149.0,150.0,147.0,147.0,-2.65,92701.0,369.0,125.0
CBL,1/26/2020,146.0,148.0,143.0,143.0,-2.72,69644.0,369.0,125.0
CBL,1/27/2020,144.0,147.0,143.0,145.0,1.4,40225.0,369.0,125.0
CBL,1/28/2020,147.0,147.0,144.0,147.0,1.38,52400.0,369.0,125.0
CBL,1/29/2020,145.0,147.0,144.0,145.0,-1.36,29858.0,369.0,125.0
CBL,1/30/2020,143.0,149.0,143.0,149.0,2.76,86303.0,369.0,125.0
CBL,2/2/2020,151.0,154.0,147.0,150.0,0.67,74299.0,369.0,125.0
CBL,2/3/2020,152.0,152.0,148.0,150.0,0.0,48790.0,369.0,125.0
CBL,2/4/2020,148.0,151.0,148.0,148.0,-1.33,131643.0,369.0,125.0
CBL,2/5/2020,150.0,162.0,148.0,161.0,8.78,827440.0,369.0,125.0
CBL,2/6/2020,158.0,159.0,153.0,155.0,-3.73,163045.0,369.0,125.0
CBL,2/9/2020,154.0,155.0,152.0,152.0,-1.94,93484.0,369.0,125.0
CBL,2/10/2020,151.0,154.0,151.0,152.0,0.0,66856.0,369.0,125.0
CBL,2/11/2020,150.0,157.0,150.0,155.0,1.97,538060.0,369.0,125.0
CBL,2/12/2020,155.0,158.0,152.0,153.0,-1.29,71566.0,369.0,125.0
CBL,2/13/2020,153.0,154.0,151.0,151.0,-1.31,47451.0,369.0,125.0
CBL,2/16/2020,151.0,154.0,150.0,152.0,0.66,50596.0,369.0,125.0
CBL,2/17/2020,153.0,159.0,153.0,154.0,1.32,87914.0,369.0,125.0
CBL,2/18/2020,156.0,157.0,152.0,154.0,0.0,60322.0,369.0,125.0
CBL,2/19/2020,153.0,154.0,151.0,153.0,-0.65,88720.0,369.0,125.0
CBL,2/20/2020,152.0,153.0,151.0,153.0,0.0,93809.0,369.0,125.0
CBL,2/23/2020,156.0,160.0,154.0,159.0,3.92,219039.0,369.0,125.0
CBL,2/24/2020,162.0,165.0,156.0,158.0,-0.63,154282.0,369.0,125.0
CBL,2/25/2020,157.0,159.0,155.0,158.0,0.0,99187.0,369.0,125.0
CBL,2/26/2020,156.0,159.0,156.0,157.0,-0.63,293160.0,369.0,125.0
CBL,2/27/2020,157.0,165.0,154.0,162.0,3.18,414330.0,369.0,125.0
CBL,3/1/2020,159.0,167.0,158.0,160.0,-1.23,380322.0,369.0,125.0
CBL,3/2/2020,160.0,161.0,155.0,155.0,-3.12,104245.0,369.0,125.0
CBL,3/3/2020,153.0,161.0,152.0,154.0,-0.65,126271.0,369.0,125.0
CBL,3/4/2020,154.0,155.0,149.0,150.0,-2.6,102186.0,369.0,125.0
CBL,3/5/2020,148.0,153.0,147.0,149.0,-0.67,123569.0,369.0,125.0
CBL,3/10/2020,147.0,147.0,142.0,142.0,-4.7,54991.0,369.0,125.0
CBL,3/11/2020,144.0,149.0,142.0,148.0,4.23,83593.0,369.0,125.0
CBL,3/12/2020,146.0,149.0,143.0,144.0,-2.7,123276.0,369.0,125.0
CBL,3/15/2020,142.0,144.0,139.0,140.0,-2.78,92685.0,369.0,125.0
CBL,3/16/2020,139.0,142.0,137.0,141.0,0.71,56150.0,369.0,125.0
CBL,3/17/2020,140.0,140.0,137.0,138.0,-2.13,99811.0,369.0,125.0
CBL,3/18/2020,137.0,139.0,135.0,139.0,0.72,94084.0,369.0,125.0
CBL,3/19/2020,137.0,145.0,134.0,140.0,0.72,72881.0,369.0,125.0
CBL,3/22/2020,138.0,140.0,138.0,138.0,-1.43,1836.0,369.0,125.0
CBL,5/12/2020,136.0,136.0,134.0,134.0,-2.9,520.0,369.0,125.0
CBL,6/29/2020,132.0,134.0,125.0,130.0,-2.99,14805.0,369.0,125.0
CBL,6/30/2020,128.0,134.0,128.0,134.0,3.08,9301.0,369.0,125.0
CBL,7/1/2020,136.0,138.0,136.0,137.0,2.24,5028.0,369.0,125.0
CBL,7/2/2020,139.0,139.0,126.0,129.0,-5.84,27804.0,369.0,125.0
CBL,7/5/2020,129.0,135.0,128.0,130.0,0.78,37051.0,369.0,125.0
CBL,7/6/2020,130.0,136.0,128.0,134.0,3.08,36198.0,369.0,125.0
CBL,7/7/2020,136.0,140.0,134.0,138.0,2.99,38464.0,369.0,125.0
CBL,7/8/2020,136.0,140.0,136.0,140.0,1.45,26623.0,369.0,125.0
CBL,7/9/2020,140.0,141.0,137.0,140.0,0.0,27928.0,369.0,125.0
CBL,7/12/2020,138.0,138.0,136.0,138.0,-1.43,10407.0,369.0,125.0
CBL,7/13/2020,136.0,138.0,134.0,136.0,-1.45,43444.0,369.0,125.0
CBL,7/14/2020,134.0,139.0,134.0,137.0,0.74,22894.0,369.0,125.0
CBL,7/15/2020,135.0,139.0,135.0,139.0,1.46,42646.0,369.0,125.0
CBL,7/16/2020,139.0,149.0,138.0,145.0,4.32,47125.0,369.0,125.0
CBL,7/19/2020,147.0,157.0,147.0,157.0,8.28,240.0,369.0,125.0
CBL,7/20/2020,160.0,163.0,146.0,153.0,-2.55,112424.0,369.0,125.0
CBL,7/21/2020,150.0,151.0,144.0,146.0,-4.58,62226.0,369.0,125.0
CBL,7/22/2020,147.0,150.0,145.0,145.0,-0.68,85604.0,369.0,125.0
CBL,7/23/2020,145.0,145.0,142.0,145.0,0.0,41696.0,369.0,125.0
CBL,7/26/2020,143.0,149.0,143.0,147.0,1.38,49058.0,369.0,125.0
CBL,7/27/2020,148.0,148.0,145.0,147.0,0.0,60089.0,369.0,125.0
CBL,7/28/2020,149.0,150.0,145.0,148.0,0.68,89121.0,369.0,125.0
CBL,7/29/2020,141.0,150.0,141.0,146.0,-1.35,36623.0,369.0,125.0
CBL,7/30/2020,153.0,153.0,145.0,147.0,0.68,52774.0,369.0,125.0
CBL,8/2/2020,145.0,147.0,142.0,146.0,-0.68,81343.0,369.0,125.0
CBL,8/3/2020,147.0,148.0,143.0,146.0,0.0,32533.0,369.0,125.0
CBL,8/5/2020,145.0,146.0,141.0,146.0,0.0,40596.0,369.0,125.0
CBL,8/6/2020,144.0,144.0,141.0,144.0,-1.37,49908.0,369.0,125.0
CBL,8/9/2020,143.0,145.0,141.0,143.0,-0.69,40589.0,369.0,125.0
CBL,8/10/2020,141.0,147.0,141.0,145.0,1.4,21584.0,369.0,125.0
CBL,8/11/2020,146.0,147.0,144.0,145.0,0.0,33570.0,369.0,125.0
CBL,8/12/2020,144.0,147.0,143.0,147.0,1.38,87940.0,369.0,125.0
CBL,8/13/2020,146.0,148.0,145.0,147.0,0.0,60219.0,369.0,125.0
CBL,8/16/2020,149.0,149.0,142.0,144.0,-2.04,84648.0,369.0,125.0
CBL,8/17/2020,144.0,146.0,144.0,146.0,1.39,62155.0,369.0,125.0
CBL,8/18/2020,146.0,146.0,143.0,143.0,-2.05,47005.0,369.0,125.0
CBL,8/19/2020,143.0,144.0,141.0,143.0,0.0,70649.0,369.0,125.0
CBL,8/20/2020,142.0,145.0,142.0,143.0,0.0,23339.0,369.0,125.0
CBL,8/23/2020,142.0,144.0,142.0,144.0,0.7,25776.0,369.0,125.0
CBL,8/24/2020,143.0,145.0,142.0,143.0,-0.69,59073.0,369.0,125.0
CBL,8/25/2020,145.0,145.0,143.0,145.0,1.4,37575.0,369.0,125.0
CBL,8/26/2020,145.0,145.0,143.0,145.0,0.0,46105.0,369.0,125.0
CBL,8/27/2020,145.0,146.0,142.0,142.0,-2.07,96982.0,369.0,125.0
CBL,8/30/2020,144.0,145.0,142.0,144.0,1.41,41821.0,369.0,125.0
CBL,8/31/2020,144.0,145.0,143.0,144.0,0.0,34338.0,369.0,125.0
CBL,9/2/2020,144.0,148.0,143.0,148.0,2.78,123459.0,369.0,125.0
CBL,9/3/2020,147.0,150.0,145.0,146.0,-1.35,52121.0,369.0,125.0
CBL,9/6/2020,148.0,153.0,145.0,145.0,-0.68,50836.0,369.0,125.0
CBL,9/7/2020,145.0,149.0,143.0,145.0,0.0,29670.0,369.0,125.0
CBL,9/8/2020,144.0,145.0,141.0,144.0,-0.69,33943.0,369.0,125.0
CBL,9/9/2020,142.0,146.0,142.0,146.0,1.39,39828.0,369.0,125.0
CBL,9/10/2020,147.0,148.0,143.0,145.0,-0.68,37186.0,369.0,125.0
CBL,9/13/2020,146.0,146.0,143.0,146.0,0.69,45157.0,369.0,125.0
CBL,9/14/2020,145.0,147.0,145.0,146.0,0.0,63590.0,369.0,125.0
CBL,9/15/2020,148.0,148.0,145.0,145.0,-0.68,33851.0,369.0,125.0
CBL,9/16/2020,145.0,146.0,144.0,145.0,0.0,52659.0,369.0,125.0
CBL,9/17/2020,148.0,153.0,145.0,150.0,3.45,240237.0,369.0,125.0
CBL,9/20/2020,157.0,165.0,156.0,157.0,4.67,456634.0,369.0,125.0
CBL,9/21/2020,160.0,164.0,154.0,159.0,1.27,331885.0,369.0,125.0
CBL,9/22/2020,160.0,162.0,155.0,156.0,-1.89,201798.0,369.0,125.0
CBL,9/23/2020,163.0,163.0,153.0,157.0,0.64,126117.0,369.0,125.0
CBL,9/24/2020,164.0,167.0,155.0,159.0,1.27,175984.0,369.0,125.0
CBL,9/27/2020,160.0,174.0,160.0,170.0,6.92,659317.0,369.0,125.0
CBL,9/28/2020,173.0,173.0,167.0,170.0,0.0,268346.0,369.0,125.0
CBL,9/29/2020,178.0,178.0,166.0,167.0,-1.76,81358.0,369.0,125.0
CBL,9/30/2020,171.0,171.0,162.0,169.0,1.2,122146.0,369.0,125.0
CBL,10/1/2020,177.0,177.0,164.0,167.0,-1.18,100439.0,369.0,125.0
CBL,10/4/2020,169.0,170.0,161.0,165.0,-1.2,346843.0,369.0,125.0
CBL,10/5/2020,165.0,167.0,164.0,165.0,0.0,109799.0,369.0,125.0
CBL,10/6/2020,173.0,173.0,163.0,166.0,0.61,56494.0,369.0,125.0
CBL,10/7/2020,164.0,173.0,164.0,170.0,2.41,270092.0,369.0,125.0
CBL,10/8/2020,178.0,178.0,167.0,167.0,-1.76,163732.0,369.0,125.0
CBL,10/11/2020,168.0,170.0,166.0,167.0,0.0,144211.0,369.0,125.0
CBL,10/12/2020,165.0,169.0,165.0,166.0,-0.6,56535.0,369.0,125.0
CBL,10/13/2020,167.0,169.0,165.0,166.0,0.0,46191.0,369.0,125.0
CBL,10/14/2020,168.0,168.0,163.0,164.0,-1.2,37869.0,369.0,125.0
CBL,10/15/2020,167.0,167.0,163.0,164.0,0.0,70923.0,369.0,125.0
CBL,10/18/2020,167.0,167.0,162.0,164.0,0.0,25408.0,369.0,125.0
CBL,10/19/2020,164.0,166.0,162.0,164.0,0.0,24141.0,369.0,125.0
CBL,10/20/2020,164.0,166.0,164.0,165.0,0.61,30209.0,369.0,125.0
CBL,10/21/2020,164.0,167.0,164.0,166.0,0.61,44214.0,369.0,125.0
CBL,10/22/2020,174.0,174.0,166.0,170.0,2.41,137155.0,369.0,125.0
CBL,10/28/2020,170.0,182.0,170.0,182.0,7.06,433715.0,369.0,125.0
CBL,10/29/2020,186.0,188.0,176.0,178.0,-2.2,372213.0,369.0,125.0
CBL,11/1/2020,186.0,186.0,176.0,177.0,-0.56,205014.0,369.0,125.0
CBL,11/2/2020,177.0,179.0,173.0,175.0,-1.13,115057.0,369.0,125.0
CBL,11/3/2020,175.0,175.0,172.0,174.0,-0.57,37031.0,369.0,125.0
CBL,11/4/2020,173.0,174.0,172.0,172.0,-1.15,48557.0,369.0,125.0
CBL,11/5/2020,172.0,174.0,171.0,173.0,0.58,80281.0,369.0,125.0
CBL,11/8/2020,175.0,175.0,169.0,172.0,-0.58,102083.0,369.0,125.0
CBL,11/9/2020,173.0,173.0,170.0,172.0,0.0,72251.0,369.0,125.0
CBL,11/10/2020,174.0,174.0,171.0,174.0,1.16,60655.0,369.0,125.0
CBL,11/11/2020,175.0,178.0,172.0,175.0,0.57,162234.0,369.0,125.0
CBL,11/12/2020,174.0,177.0,173.0,175.0,0.0,89817.0,369.0,125.0
CBL,11/18/2020,172.0,173.0,168.0,171.0,-2.29,132453.0,369.0,125.0
CBL,11/19/2020,170.0,174.0,169.0,171.0,0.0,114321.0,369.0,125.0
CBL,11/22/2020,171.0,176.0,170.0,171.0,0.0,158627.0,369.0,125.0
CBL,11/23/2020,170.0,173.0,169.0,171.0,0.0,96359.0,369.0,125.0
CBL,11/24/2020,171.0,173.0,170.0,171.0,0.0,190538.0,369.0,125.0
CBL,11/25/2020,173.0,184.0,171.0,177.0,3.51,402308.0,369.0,125.0
CBL,11/26/2020,179.0,184.0,174.0,177.0,0.0,317658.0,369.0,125.0
CBL,11/29/2020,178.0,194.0,178.0,194.0,9.6,884618.0,369.0,125.0
CBL,11/30/2020,203.0,203.0,188.0,189.0,-2.58,466798.0,369.0,125.0
CBL,12/1/2020,191.0,197.0,181.0,186.0,-1.59,207305.0,369.0,125.0
CBL,12/2/2020,192.0,192.0,182.0,187.0,0.54,177476.0,369.0,125.0
CBL,12/3/2020,187.0,192.0,183.0,186.0,-0.53,128147.0,369.0,125.0
CBL,12/6/2020,186.0,186.0,180.0,181.0,-2.69,140034.0,369.0,125.0
CBL,12/7/2020,178.0,188.0,177.0,180.0,-0.55,153476.0,369.0,125.0
CBL,12/8/2020,189.0,189.0,177.0,180.0,0.0,94336.0,369.0,125.0
CBL,12/9/2020,180.0,180.0,175.0,177.0,-1.67,98580.0,369.0,125.0
CBL,12/10/2020,178.0,179.0,173.0,177.0,0.0,70664.0,369.0,125.0
CBL,12/13/2020,175.0,189.0,174.0,185.0,4.52,134903.0,369.0,125.0
CBL,12/14/2020,185.0,186.0,179.0,183.0,-1.08,161927.0,369.0,125.0
CBL,12/15/2020,190.0,190.0,179.0,182.0,-0.55,76208.0,369.0,125.0
CBL,12/16/2020,184.0,184.0,178.0,178.0,-2.2,70354.0,369.0,125.0
CBL,12/17/2020,176.0,183.0,176.0,178.0,0.0,99789.0,369.0,125.0
CBL,12/20/2020,181.0,181.0,170.0,172.0,-3.37,104728.0,369.0,125.0
CBL,12/21/2020,170.0,175.0,165.0,171.0,-0.58,104323.0,369.0,125.0
CBL,12/22/2020,174.0,183.0,174.0,179.0,4.68,154890.0,369.0,125.0
CBL,12/23/2020,187.0,190.0,178.0,180.0,0.56,126135.0,369.0,125.0
CBL,12/24/2020,177.0,182.0,175.0,180.0,0.0,151276.0,369.0,125.0
CBL,12/27/2020,181.0,185.0,176.0,177.0,-1.67,107480.0,369.0,125.0
CBL,12/28/2020,177.0,181.0,175.0,178.0,0.56,66161.0,369.0,125.0
CBL,12/29/2020,182.0,182.0,174.0,175.0,-1.69,82224.0,369.0,125.0
CBL,12/30/2020,176.0,181.0,175.0,179.0,2.29,179829.0,369.0,125.0
CBL,12/31/2020,187.0,190.0,181.0,185.0,3.35,314421.0,369.0,125.0
CBL,1/3/2021,190.0,193.0,185.0,192.0,3.78,291091.0,369.0,125.0
CBL,1/4/2021,195.0,195.0,186.0,188.0,-2.08,206849.0,369.0,125.0
CBL,1/5/2021,189.0,192.0,186.0,189.0,0.53,121994.0,369.0,125.0
CBL,1/6/2021,195.0,195.0,186.0,190.0,0.53,136754.0,369.0,125.0
CBL,1/7/2021,190.0,192.0,188.0,190.0,0.0,136005.0,369.0,125.0
CBL,1/10/2021,199.0,200.0,190.0,200.0,5.26,401436.0,369.0,125.0
CBL,1/11/2021,210.0,217.0,203.0,213.0,6.5,869453.0,369.0,125.0
CBL,1/12/2021,223.0,230.0,216.0,224.0,5.16,635166.0,369.0,125.0
CBL,1/13/2021,230.0,230.0,220.0,220.0,-1.79,281622.0,369.0,125.0
CBL,1/17/2021,222.0,222.0,210.0,217.0,-1.36,980170.0,369.0,125.0
CBL,1/18/2021,217.0,218.0,214.0,214.0,-1.38,212653.0,369.0,125.0
CBL,1/19/2021,218.0,218.0,214.0,217.0,1.4,178723.0,369.0,125.0
CBL,1/20/2021,217.0,224.0,217.0,222.0,2.3,359756.0,369.0,125.0
CBL,1/21/2021,222.0,226.0,221.0,223.0,0.45,451493.0,369.0,125.0
CBL,1/24/2021,226.0,238.0,225.0,237.0,6.28,455687.0,369.0,125.0
CBL,1/25/2021,245.0,245.0,229.0,230.0,-2.95,319330.0,369.0,125.0
CBL,1/26/2021,233.0,233.0,226.0,227.0,-1.3,196382.0,369.0,125.0
CBL,1/27/2021,227.0,230.0,225.0,227.0,0.0,220959.0,369.0,125.0
CBL,1/28/2021,227.0,229.0,220.0,222.0,-2.2,330635.0,369.0,125.0
CBL,1/31/2021,233.0,233.0,213.0,220.0,-0.9,499528.0,369.0,125.0
CBL,2/1/2021,231.0,237.0,220.0,234.0,6.36,640953.0,369.0,125.0
CBL,2/2/2021,238.0,239.0,228.0,235.0,0.43,285670.0,369.0,125.0
CBL,2/3/2021,237.0,238.0,231.0,233.0,-0.85,314720.0,369.0,125.0
CBL,2/4/2021,235.0,235.0,228.0,232.0,-0.43,684911.0,369.0,125.0
CBL,2/7/2021,215.0,220.0,214.0,220.0,-5.17,285014.0,369.0,125.0
CBL,2/8/2021,220.0,221.0,216.0,219.0,-0.45,236801.0,369.0,125.0
CBL,2/9/2021,222.0,227.0,217.0,219.0,0.0,300729.0,369.0,125.0
CBL,2/10/2021,220.0,223.0,219.0,223.0,1.83,228671.0,369.0,125.0
CBL,2/11/2021,225.0,230.0,222.0,225.0,0.9,280883.0,369.0,125.0
CBL,2/14/2021,236.0,236.0,217.0,220.0,-2.22,144425.0,369.0,125.0
CBL,2/15/2021,224.0,225.0,219.0,222.0,0.91,138452.0,369.0,125.0
CBL,2/16/2021,225.0,226.0,221.0,223.0,0.45,324336.0,369.0,125.0
CBL,2/17/2021,223.0,225.0,221.0,223.0,0.0,173664.0,369.0,125.0
CBL,2/18/2021,229.0,245.0,223.0,245.0,9.87,1187423.0,369.0,125.0
CBL,2/21/2021,257.0,269.0,244.0,263.0,7.35,831641.0,369.0,125.0
CBL,2/22/2021,276.0,276.0,245.0,249.0,-5.32,640726.0,369.0,125.0
CBL,2/23/2021,249.0,250.0,234.0,242.0,-2.81,355653.0,369.0,125.0
CBL,2/24/2021,250.0,256.0,240.0,244.0,0.83,229783.0,369.0,125.0
CBL,2/25/2021,256.0,256.0,238.0,241.0,-1.23,206704.0,369.0,125.0
CBL,2/28/2021,245.0,245.0,228.0,230.0,-4.56,260006.0,369.0,125.0
CBL,3/1/2021,225.0,240.0,225.0,235.0,2.17,189273.0,369.0,125.0
CBL,3/2/2021,246.0,246.0,226.0,228.0,-2.98,226726.0,369.0,125.0
CBL,3/3/2021,217.0,229.0,217.0,226.0,-0.88,218840.0,369.0,125.0
CBL,3/4/2021,226.0,234.0,225.0,233.0,3.1,205936.0,369.0,125.0
CBL,3/7/2021,235.0,236.0,227.0,229.0,-1.72,112211.0,369.0,125.0
CBL,3/9/2021,226.0,230.0,225.0,227.0,-0.87,99358.0,369.0,125.0
CBL,3/10/2021,227.0,227.0,224.0,225.0,-0.88,67596.0,369.0,125.0
CBL,3/14/2021,229.0,229.0,220.0,222.0,-1.33,96415.0,369.0,125.0
CBL,3/15/2021,221.0,224.0,217.0,219.0,-1.35,183435.0,369.0,125.0
CBL,3/16/2021,217.0,221.0,217.0,220.0,0.46,75897.0,369.0,125.0
CBL,3/17/2021,231.0,231.0,216.0,222.0,0.91,80366.0,369.0,125.0
CBL,3/18/2021,233.0,233.0,221.0,224.0,0.9,127896.0,369.0,125.0
CBL,3/21/2021,235.0,237.0,225.0,234.0,4.46,247285.0,369.0,125.0
CBL,3/22/2021,245.0,245.0,229.0,230.0,-1.71,105055.0,369.0,125.0
CBL,3/23/2021,241.0,241.0,225.0,230.0,0.0,63484.0,369.0,125.0
CBL,3/24/2021,241.0,241.0,228.0,231.0,0.43,112631.0,369.0,125.0
CBL,3/25/2021,235.0,235.0,227.0,231.0,0.0,183444.0,369.0,125.0
CBL,3/29/2021,231.0,231.0,225.0,226.0,-2.16,76423.0,369.0,125.0
CBL,3/30/2021,226.0,229.0,225.0,227.0,0.44,70657.0,369.0,125.0
CBL,3/31/2021,227.0,231.0,227.0,230.0,1.32,127994.0,369.0,125.0
CBL,4/1/2021,241.0,241.0,228.0,232.0,0.87,258959.0,369.0,125.0
CBL,4/4/2021,235.0,236.0,229.0,231.0,-0.43,240295.0,369.0,125.0
CBL,4/5/2021,230.0,234.0,229.0,232.0,0.43,121845.0,369.0,125.0
CBL,4/6/2021,221.0,233.0,221.0,232.0,0.0,185991.0,369.0,125.0
CBL,4/7/2021,233.0,244.0,231.0,237.0,2.16,392091.0,369.0,125.0
CBL,4/8/2021,226.0,241.0,226.0,236.0,-0.42,99773.0,369.0,125.0
CBL,4/12/2021,236.0,239.0,232.0,235.0,-0.42,140398.0,369.0,125.0
CBL,4/13/2021,235.0,239.0,234.0,238.0,1.28,215626.0,369.0,125.0
CBL,4/15/2021,227.0,247.0,227.0,243.0,2.1,388785.0,369.0,125.0
CBL,4/18/2021,245.0,250.0,238.0,239.0,-1.65,343822.0,369.0,125.0
CBL,4/19/2021,228.0,243.0,228.0,237.0,-0.84,169140.0,369.0,125.0
CBL,4/20/2021,248.0,248.0,234.0,240.0,1.27,347996.0,369.0,125.0
CBL,4/21/2021,228.0,244.0,228.0,237.0,-1.25,177161.0,369.0,125.0
CBL,4/22/2021,248.0,248.0,233.0,239.0,0.84,162196.0,369.0,125.0
CBL,4/25/2021,250.0,250.0,230.0,231.0,-3.35,181770.0,369.0,125.0
CBL,4/26/2021,231.0,231.0,225.0,225.0,-2.6,176576.0,369.0,125.0
CBL,4/27/2021,225.0,236.0,222.0,233.0,3.56,106759.0,369.0,125.0
CBL,4/28/2021,244.0,244.0,227.0,229.0,-1.72,134703.0,369.0,125.0
CBL,4/29/2021,218.0,234.0,218.0,229.0,0.0,65551.0,369.0,125.0
CBL,5/2/2021,230.0,232.0,229.0,230.0,0.44,84248.0,369.0,125.0
CBL,5/3/2021,225.0,234.0,225.0,230.0,0.0,147599.0,369.0,125.0
CBL,5/4/2021,241.0,241.0,227.0,236.0,2.61,175033.0,369.0,125.0
CBL,5/5/2021,247.0,247.0,232.0,238.0,0.85,263430.0,369.0,125.0
CBL,5/6/2021,242.0,242.0,234.0,237.0,-0.42,134025.0,369.0,125.0
CBL,5/9/2021,235.0,241.0,233.0,235.0,-0.84,160902.0,369.0,125.0
CBL,5/10/2021,234.0,239.0,233.0,236.0,0.43,88362.0,369.0,125.0
CBL,5/11/2021,236.0,241.0,235.0,239.0,1.27,260794.0,369.0,125.0
CBL,5/12/2021,228.0,243.0,228.0,241.0,0.84,333669.0,369.0,125.0
CBL,5/13/2021,245.0,245.0,238.0,239.0,-0.83,150661.0,369.0,125.0
CBL,5/16/2021,241.0,243.0,238.0,241.0,0.84,221311.0,369.0,125.0
CBL,5/17/2021,242.0,245.0,241.0,242.0,0.41,259568.0,369.0,125.0
CBL,5/18/2021,246.0,246.0,240.0,245.0,1.24,288064.0,369.0,125.0
CBL,5/19/2021,246.0,260.0,246.0,252.0,2.86,721843.0,369.0,125.0
CBL,5/20/2021,252.0,269.0,252.0,267.0,5.95,865230.0,369.0,125.0
CBL,5/23/2021,265.0,272.0,255.0,272.0,1.87,678308.0,369.0,125.0
CBL,5/24/2021,275.0,284.0,269.0,273.0,0.37,871981.0,369.0,125.0
CBL,5/25/2021,272.0,275.0,264.0,267.0,-2.2,388301.0,369.0,125.0
CBL,5/27/2021,262.0,276.0,260.0,268.0,0.37,289383.0,369.0,125.0
CBL,5/30/2021,270.0,280.0,266.0,275.0,2.61,482181.0,369.0,125.0
CBL,5/31/2021,277.0,281.0,269.0,270.0,-1.82,695556.0,369.0,125.0
CBL,6/1/2021,275.0,275.0,266.0,268.0,-0.74,162907.0,369.0,125.0
CBL,6/2/2021,270.0,275.0,265.0,270.0,0.75,262188.0,369.0,125.0
CBL,6/3/2021,280.0,290.0,271.0,285.0,5.56,958722.0,369.0,125.0
CBL,6/6/2021,290.0,310.0,290.0,301.0,5.61,1026479.0,369.0,125.0
CBL,6/7/2021,305.0,308.0,290.0,293.0,-2.66,671236.0,369.0,125.0
CBL,6/8/2021,294.0,304.0,290.0,297.0,1.37,476943.0,369.0,125.0
CBL,6/9/2021,305.0,305.0,289.0,290.0,-2.36,369535.0,369.0,125.0
CBL,6/10/2021,294.0,295.0,286.0,289.0,-0.34,229938.0,369.0,125.0
CBL,6/13/2021,290.0,298.0,288.0,293.0,1.38,348525.0,369.0,125.0
CBL,6/14/2021,290.0,309.0,290.0,303.0,3.41,632447.0,369.0,125.0
CBL,6/15/2021,310.0,310.0,297.0,298.0,-1.65,523773.0,369.0,125.0
CBL,6/16/2021,298.0,305.0,291.0,295.0,-1.01,291286.0,369.0,125.0
CBL,6/17/2021,305.0,305.0,287.0,291.0,-1.36,200897.0,369.0,125.0
CBL,6/20/2021,293.0,295.0,283.0,285.0,-2.06,374910.0,369.0,125.0
CBL,6/21/2021,299.0,299.0,277.0,277.0,-2.81,315477.0,369.0,125.0
CBL,6/22/2021,278.0,289.0,273.0,286.0,3.25,257560.0,369.0,125.0
CBL,6/23/2021,286.0,289.0,280.0,281.0,-1.75,118276.0,369.0,125.0
CBL,6/24/2021,280.0,284.0,275.0,279.0,-0.71,155148.0,369.0,125.0
CBL,6/27/2021,280.0,304.0,278.0,296.0,6.09,706852.0,369.0,125.0
CBL,6/28/2021,300.0,305.0,291.0,294.0,-0.68,313602.0,369.0,125.0
CBL,6/29/2021,294.0,298.0,285.0,286.0,-2.72,140935.0,369.0,125.0
CBL,6/30/2021,286.0,286.0,278.0,284.0,-0.7,151509.0,369.0,125.0
CBL,7/1/2021,281.0,291.0,281.0,285.0,0.35,212930.0,369.0,125.0
CBL,7/4/2021,271.0,292.0,271.0,284.0,-0.35,112290.0,369.0,125.0
CBL,7/5/2021,284.0,284.0,281.0,283.0,-0.35,67241.0,369.0,125.0
CBL,7/6/2021,280.0,285.0,280.0,282.0,-0.35,105150.0,369.0,125.0
CBL,7/7/2021,280.0,284.0,280.0,280.0,-0.71,87323.0,369.0,125.0
CBL,7/8/2021,280.0,283.0,280.0,282.0,0.71,186386.0,369.0,125.0
CBL,7/11/2021,284.0,290.0,284.0,290.0,2.84,111834.0,369.0,125.0
CBL,7/12/2021,290.0,293.0,281.0,285.0,-1.72,179605.0,369.0,125.0
CBL,7/13/2021,283.0,289.0,283.0,289.0,1.4,99152.0,369.0,125.0
CBL,7/14/2021,300.0,300.0,284.0,286.0,-1.04,80211.0,369.0,125.0
CBL,7/15/2021,286.0,288.0,283.0,286.0,0.0,84078.0,369.0,125.0
CBL,7/18/2021,290.0,301.5,287.0,300.8,5.17,431587.0,369.0,125.0
CBL,7/19/2021,305.0,306.2,295.0,298.0,-0.93,299371.0,369.0,125.0
CBL,7/20/2021,296.0,301.0,294.0,297.0,-0.34,119212.0,369.0,125.0
CBL,7/22/2021,297.0,301.0,295.0,298.0,0.34,275988.0,369.0,125.0
CBL,7/25/2021,301.0,309.9,300.0,309.9,3.99,686374.0,369.0,125.0
CBL,7/26/2021,316.0,316.0,300.0,301.8,-2.61,327736.0,369.0,125.0
CBL,7/27/2021,300.0,301.0,291.0,299.5,-0.76,249954.0,369.0,125.0
CBL,7/28/2021,300.0,302.0,296.2,298.0,-0.5,147076.0,369.0,125.0
CBL,7/29/2021,299.0,300.0,293.0,294.5,-1.17,139394.0,369.0,125.0
CBL,8/1/2021,297.0,299.9,293.0,294.1,-0.14,135232.0,369.0,125.0
CBL,8/2/2021,295.0,297.7,291.9,295.0,0.31,150376.0,369.0,125.0
CBL,8/3/2021,297.0,297.0,293.0,294.7,-0.1,109077.0,369.0,125.0
CBL,8/4/2021,299.0,299.0,292.6,295.0,0.1,192394.0,369.0,125.0
CBL,8/5/2021,300.0,300.0,292.2,295.4,0.14,148860.0,369.0,125.0
CBL,8/8/2021,300.0,300.0,291.6,292.6,-0.95,150704.0,369.0,125.0
CBL,8/9/2021,295.0,295.0,290.0,291.0,-0.55,132276.0,369.0,125.0
CBL,8/10/2021,294.0,299.8,290.0,298.0,2.41,279425.0,369.0,125.0
CBL,8/11/2021,299.0,303.0,293.1,293.5,-1.51,152110.0,369.0,125.0
CBL,8/12/2021,293.5,299.0,290.0,294.1,0.2,208175.0,369.0,125.0
CBL,8/15/2021,299.9,300.0,289.5,292.0,-0.71,239067.0,369.0,125.0
CBL,8/16/2021,295.0,295.0,286.6,287.0,-1.71,149950.0,369.0,125.0
CBL,8/17/2021,287.0,290.0,283.0,285.0,-0.7,201619.0,369.0,125.0
CBL,8/18/2021,285.0,294.0,278.2,287.0,0.7,295559.0,369.0,125.0
CBL,8/19/2021,288.0,290.5,282.0,284.0,-1.05,123379.0,369.0,125.0
CBL,8/24/2021,285.0,287.0,281.0,284.0,0.0,160656.0,369.0,125.0
CBL,8/25/2021,285.0,285.0,275.0,277.0,-2.46,334516.0,369.0,125.0
CBL,8/26/2021,280.0,281.9,272.5,278.0,0.36,237444.0,369.0,125.0
CBL,8/29/2021,280.0,282.1,270.6,273.0,-1.8,254379.0,369.0,125.0
CBL,8/31/2021,278.0,278.0,269.4,271.0,-0.73,176935.0,369.0,125.0
CBL,9/1/2021,270.0,284.0,265.0,273.0,0.74,209482.0,369.0,125.0
CBL,9/2/2021,270.0,278.0,270.0,274.0,0.37,130357.0,369.0,125.0
CBL,9/5/2021,274.0,275.0,260.5,261.2,-4.67,171495.0,369.0,125.0
CBL,9/6/2021,262.0,275.0,261.0,275.0,5.28,126297.0,369.0,125.0
CBL,9/7/2021,280.0,280.0,268.0,268.0,-2.55,77176.0,369.0,125.0
CBL,9/8/2021,266.0,269.0,260.1,264.6,-1.27,67558.0,369.0,125.0
CBL,9/9/2021,266.0,269.0,262.0,264.5,-0.04,75619.0,369.0,125.0
CBL,9/12/2021,265.0,287.0,262.1,272.4,2.99,183622.0,369.0,125.0
CBL,9/13/2021,276.0,280.0,270.6,273.0,0.22,110066.0,369.0,125.0
CBL,9/14/2021,277.9,280.0,270.0,270.0,-1.1,104704.0,369.0,125.0
CBL,9/15/2021,270.0,271.0,266.0,266.7,-1.22,60379.0,369.0,125.0
CBL,9/16/2021,265.0,265.0,260.0,261.0,-2.14,155200.0,369.0,125.0
CBL,9/20/2021,261.0,266.0,248.5,249.0,-4.6,177689.0,369.0,125.0
CBL,9/21/2021,245.0,259.0,242.0,250.0,0.4,105811.0,369.0,125.0
CBL,9/22/2021,255.0,263.6,252.0,261.0,4.4,94812.0,369.0,125.0
CBL,9/23/2021,266.2,275.0,260.8,265.0,1.53,187312.0,369.0,125.0
CBL,9/26/2021,270.3,270.3,258.8,260.0,-1.89,132566.0,369.0,125.0
CBL,9/27/2021,260.0,260.0,250.1,254.0,-2.31,75650.0,369.0,125.0
CBL,9/28/2021,249.1,259.0,240.1,246.0,-3.15,115505.0,369.0,125.0
CBL,9/29/2021,250.0,255.0,241.4,252.0,2.44,82397.0,369.0,125.0
CBL,9/30/2021,256.0,257.0,244.5,245.4,-2.62,136819.0,369.0,125.0
CBL,10/3/2021,245.0,248.0,240.5,240.9,-1.83,118216.0,369.0,125.0
CBL,10/4/2021,239.0,246.0,237.0,243.0,0.87,65443.0,369.0,125.0
CBL,10/5/2021,239.0,249.0,238.3,245.1,0.86,92011.0,369.0,125.0
CBL,10/6/2021,247.0,249.0,242.6,245.0,-0.04,112637.0,369.0,125.0
CBL,10/10/2021,245.0,254.8,243.0,243.3,-0.69,34162.0,369.0,125.0
CBL,10/11/2021,244.0,244.9,238.0,244.0,0.29,88639.0,369.0,125.0
CBL,10/17/2021,244.0,246.9,242.0,243.0,-0.41,35156.0,369.0,125.0
CBL,10/18/2021,240.0,242.9,237.0,238.0,-2.06,56148.0,369.0,125.0
CBL,10/19/2021,237.0,237.0,229.0,231.0,-2.94,83150.0,369.0,125.0
CBL,10/20/2021,235.6,241.0,234.0,235.0,1.73,49268.0,369.0,125.0
CBL,10/21/2021,239.7,239.7,231.4,232.0,-1.28,26983.0,369.0,125.0
CBL,10/24/2021,231.0,234.4,229.0,232.0,0.0,41565.0,369.0,125.0
CBL,10/25/2021,232.0,240.0,231.0,239.0,3.02,29001.0,369.0,125.0
CBL,10/26/2021,243.0,244.0,237.0,242.0,1.26,96913.0,369.0,125.0
CBL,10/27/2021,245.0,246.8,239.0,241.1,-0.37,71359.0,369.0,125.0
CBL,10/28/2021,243.9,244.0,240.1,241.9,0.33,49887.0,369.0,125.0
CBL,10/31/2021,242.0,246.1,241.0,242.4,0.21,103679.0,369.0,125.0
CBL,11/1/2021,247.0,258.0,247.0,257.0,6.02,161924.0,369.0,125.0
CBL,11/2/2021,260.0,260.2,252.0,259.0,0.78,108123.0,369.0,125.0
CBL,11/3/2021,264.1,264.1,256.0,261.0,0.77,129776.0,369.0,125.0
CBL,11/8/2021,263.0,264.0,256.0,256.0,-1.92,66404.0,369.0,125.0
CBL,11/9/2021,251.0,255.0,246.0,250.0,-2.34,85009.0,369.0,125.0
CBL,11/11/2021,247.1,249.0,241.5,243.0,-2.8,72081.0,369.0,125.0
CBL,11/14/2021,240.0,244.0,238.3,243.0,0.0,58771.0,369.0,125.0
CBL,11/15/2021,240.0,246.0,239.0,244.0,0.41,33102.0,369.0,125.0
CBL,11/16/2021,240.0,252.0,239.2,250.9,2.83,47847.0,369.0,125.0
CBL,11/17/2021,254.0,254.0,248.0,252.7,0.72,51127.0,369.0,125.0
CBL,11/18/2021,253.0,253.0,248.0,250.0,-1.07,59823.0,369.0,125.0
CBL,11/21/2021,250.1,260.0,247.0,260.0,4.0,144832.0,369.0,125.0
CBL,11/22/2021,265.2,270.0,255.0,267.0,2.69,212816.0,369.0,125.0
CBL,11/23/2021,267.0,267.0,258.8,260.0,-2.62,78317.0,369.0,125.0
CBL,11/24/2021,259.0,265.2,255.5,265.2,2.0,84757.0,369.0,125.0
CBL,11/25/2021,265.0,281.0,260.1,273.0,2.94,547871.0,369.0,125.0
CBL,11/28/2021,267.6,268.0,258.0,265.0,-2.93,179856.0,369.0,125.0
CBL,11/29/2021,264.0,265.0,253.9,256.0,-3.4,114541.0,369.0,125.0
CBL,11/30/2021,256.0,259.0,252.9,256.0,0.0,69905.0,369.0,125.0
CBL,12/1/2021,261.0,261.0,252.3,254.0,-0.78,52368.0,369.0,125.0
CBL,12/2/2021,257.0,257.0,248.0,249.9,-1.61,99571.0,369.0,125.0
CBL,12/5/2021,246.0,253.0,240.1,245.0,-1.96,90019.0,369.0,125.0
CBL,12/6/2021,246.0,249.9,237.0,247.0,0.82,87406.0,369.0,125.0
CBL,12/7/2021,250.0,253.8,241.0,242.0,-2.02,72028.0,369.0,125.0
CBL,12/8/2021,241.1,242.9,236.0,237.0,-2.07,69337.0,369.0,125.0
CBL,12/9/2021,238.0,244.0,234.2,241.0,1.69,42362.0,369.0,125.0
CBL,12/12/2021,240.0,240.0,233.0,235.0,-2.49,81404.0,369.0,125.0
CBL,12/13/2021,230.3,234.0,226.0,229.9,-2.17,123522.0,369.0,125.0
CBL,12/14/2021,230.0,239.7,230.0,239.7,4.26,45454.0,369.0,125.0
CBL,12/15/2021,244.0,246.0,235.0,237.0,-1.13,52174.0,369.0,125.0
CBL,12/16/2021,238.0,238.0,234.0,234.2,-1.18,26831.0,369.0,125.0
CBL,12/20/2021,234.7,235.0,230.0,235.0,0.34,51989.0,369.0,125.0
CBL,12/21/2021,231.1,236.0,230.3,234.8,-0.09,74987.0,369.0,125.0
CBL,12/22/2021,235.1,241.0,233.0,240.0,2.21,76102.0,369.0,125.0
CBL,12/23/2021,235.6,240.9,235.6,237.1,-1.21,78088.0,369.0,125.0
CBL,12/26/2021,234.0,245.8,234.0,243.0,2.49,75023.0,369.0,125.0
CBL,12/27/2021,245.0,247.8,239.0,240.1,-1.19,53023.0,369.0,125.0
CBL,12/28/2021,239.0,243.0,237.2,241.0,0.37,51915.0,369.0,125.0
CBL,12/29/2021,238.1,245.0,238.1,242.0,0.41,44507.0,369.0,125.0
CBL,1/2/2022,244.0,248.8,242.0,246.5,1.86,64052.0,369.0,125.0
CBL,1/3/2022,247.0,258.8,245.1,258.0,4.67,212509.0,369.0,125.0
CBL,1/4/2022,243.2,255.0,243.0,253.9,-1.59,104026.0,369.0,125.0
CBL,1/5/2022,256.0,256.0,248.1,248.2,-2.24,52968.0,369.0,125.0
CBL,1/6/2022,247.0,260.0,246.0,256.0,3.14,111467.0,369.0,125.0
CBL,1/9/2022,259.0,264.9,255.0,261.0,1.95,143701.0,369.0,125.0
CBL,1/10/2022,266.2,266.2,253.1,257.0,-1.53,380971.0,369.0,125.0
CBL,1/11/2022,262.1,262.1,253.0,259.0,0.78,116577.0,369.0,125.0
CBL,1/12/2022,256.2,260.0,252.0,254.0,-1.93,140831.0,369.0,125.0
CBL,1/13/2022,250.0,256.7,249.1,255.0,0.39,86105.0,369.0,125.0
CBL,1/16/2022,260.1,280.0,260.1,274.6,7.69,528204.0,369.0,125.0
CBL,1/17/2022,278.0,285.4,270.0,274.9,0.11,160554.0,369.0,125.0
CBL,1/18/2022,279.0,282.0,270.0,272.2,-0.98,263251.0,369.0,125.0
CBL,1/19/2022,272.2,275.9,268.0,271.9,-0.11,118916.0,369.0,125.0
CBL,1/20/2022,275.0,275.0,268.3,270.0,-0.7,108065.0,369.0,125.0
CBL,1/23/2022,275.0,282.0,269.0,270.5,0.19,133211.0,369.0,125.0
CBL,1/24/2022,268.0,269.0,257.6,260.0,-3.88,210956.0,369.0,125.0
CBL,1/25/2022,260.0,265.0,255.1,260.0,0.0,71234.0,369.0,125.0
CBL,1/26/2022,255.1,259.0,250.0,256.9,-1.19,167692.0,369.0,125.0
CBL,1/27/2022,256.9,260.0,254.1,259.0,0.82,77426.0,369.0,125.0
CBL,1/30/2022,264.1,269.3,258.0,264.9,2.28,127022.0,369.0,125.0
CBL,1/31/2022,268.0,268.0,258.6,260.0,-1.85,87212.0,369.0,125.0
CBL,2/1/2022,260.0,264.0,256.2,261.2,0.46,70609.0,369.0,125.0
CBL,2/3/2022,264.0,264.0,259.1,259.6,-0.61,99853.0,369.0,125.0
CBL,2/6/2022,257.1,260.0,254.2,254.3,-2.04,84500.0,369.0,125.0
CBL,2/7/2022,256.0,258.7,255.0,256.0,0.67,45863.0,369.0,125.0
CBL,2/8/2022,261.0,264.0,254.0,255.0,-0.39,64807.0,369.0,125.0
CBL,2/9/2022,252.3,255.0,250.0,253.9,-0.43,77181.0,369.0,125.0
CBL,2/10/2022,255.0,255.0,250.3,253.0,-0.35,52657.0,369.0,125.0
CBL,2/13/2022,248.0,249.0,239.3,245.1,-3.12,59167.0,369.0,125.0
CBL,2/14/2022,243.5,249.9,243.5,245.9,0.33,38843.0,369.0,125.0
CBL,2/15/2022,246.0,248.0,244.0,248.0,0.85,25955.0,369.0,125.0
CBL,2/16/2022,249.0,250.0,244.1,246.0,-0.81,25999.0,369.0,125.0
CBL,2/17/2022,245.0,245.0,241.0,244.9,-0.45,27990.0,369.0,125.0
CBL,2/20/2022,240.1,241.0,236.4,238.5,-2.61,66331.0,369.0,125.0
CBL,2/21/2022,239.0,250.0,238.5,245.9,3.1,65280.0,369.0,125.0
CBL,2/22/2022,247.8,248.0,244.5,246.0,0.04,39079.0,369.0,125.0
CBL,2/23/2022,248.0,248.0,242.0,244.0,-0.81,25257.0,369.0,125.0
CBL,2/24/2022,240.2,243.0,236.0,236.0,-3.28,80035.0,369.0,125.0
CBL,2/27/2022,238.0,238.0,229.1,233.0,-1.27,84059.0,369.0,125.0
CBL,2/28/2022,237.6,237.6,223.5,223.5,-4.08,124807.0,369.0,125.0
CBL,3/2/2022,226.0,229.0,225.2,226.3,1.25,88110.0,369.0,125.0
CBL,3/6/2022,229.0,230.0,225.0,228.0,0.75,46564.0,369.0,125.0
CBL,3/7/2022,230.0,230.5,227.0,229.0,0.44,49253.0,369.0,125.0
CBL,3/9/2022,224.5,232.9,223.0,224.0,-2.18,89781.0,369.0,125.0
CBL,3/10/2022,227.0,230.0,224.1,229.0,2.23,47923.0,369.0,125.0
CBL,3/13/2022,230.0,240.6,230.0,238.0,3.93,80849.0,369.0,125.0
CBL,3/14/2022,240.0,241.0,235.0,237.0,-0.42,10131.0,369.0,125.0
CBL,3/15/2022,240.0,240.0,233.0,237.0,0.0,74803.0,369.0,125.0
CBL,3/16/2022,237.0,240.0,233.5,234.0,-1.27,38327.0,369.0,125.0
CBL,3/20/2022,234.0,236.0,230.3,232.0,-0.85,50708.0,369.0,125.0
CBL,3/21/2022,232.0,234.0,231.0,234.0,0.86,21170.0,369.0,125.0
CBL,3/22/2022,236.0,238.0,234.0,235.0,0.43,42943.0,369.0,125.0
CBL,3/23/2022,232.0,236.0,232.0,235.0,0.0,23507.0,369.0,125.0
CBL,3/24/2022,235.0,235.0,231.0,231.1,-1.66,24717.0,369.0,125.0
CBL,3/27/2022,230.0,232.0,227.0,229.4,-0.74,90168.0,369.0,125.0
CBL,3/28/2022,225.0,229.5,225.0,226.0,-1.48,30824.0,369.0,125.0
CBL,3/29/2022,224.0,230.0,224.0,225.5,-0.22,27851.0,369.0,125.0
CBL,3/30/2022,225.0,231.5,223.0,227.0,0.67,30419.0,369.0,125.0
CBL,3/31/2022,227.1,232.0,222.6,224.0,-1.32,63586.0,369.0,125.0
CBL,4/3/2022,223.0,229.0,223.0,225.0,0.45,43274.0,369.0,125.0
CBL,4/4/2022,222.0,226.0,222.0,225.0,0.0,25700.0,369.0,125.0
CBL,4/5/2022,225.0,225.0,218.0,220.0,-2.22,72101.0,369.0,125.0
CBL,4/6/2022,218.0,220.0,216.0,219.0,-0.45,65553.0,369.0,125.0
CBL,4/7/2022,219.0,226.0,218.0,222.0,1.37,82643.0,369.0,125.0
CBL,4/11/2022,224.0,228.0,218.0,219.0,-1.35,73130.0,369.0,125.0
CBL,4/12/2022,220.4,223.2,206.1,215.0,-1.83,112734.0,369.0,125.0
CBL,4/13/2022,219.0,219.3,211.0,217.0,0.93,60192.0,369.0,125.0
CBL,4/17/2022,218.0,219.0,214.0,216.0,-0.46,27627.0,369.0,125.0
CBL,4/18/2022,216.0,216.0,210.5,212.1,-1.81,53216.0,369.0,125.0
CBL,4/19/2022,214.0,214.0,209.0,213.8,0.8,43269.0,369.0,125.0
CBL,4/20/2022,217.0,218.0,211.7,213.0,-0.37,37607.0,369.0,125.0
CBL,4/21/2022,212.0,215.0,209.1,214.0,0.47,61774.0,369.0,125.0
CBL,4/24/2022,216.0,224.0,213.1,221.0,3.27,50155.0,369.0,125.0
CBL,4/25/2022,221.0,224.9,216.6,219.9,-0.5,59602.0,369.0,125.0
CBL,4/26/2022,221.0,224.0,217.2,218.0,-0.86,35373.0,369.0,125.0
CBL,4/27/2022,218.0,221.0,216.0,217.8,-0.09,29523.0,369.0,125.0
CBL,4/28/2022,220.0,223.9,217.0,220.0,1.01,48827.0,369.0,125.0
CBL,5/2/2022,224.4,224.4,216.6,218.9,-0.5,84853.0,369.0,125.0
CBL,5/4/2022,221.5,221.9,215.1,216.0,-1.32,40925.0,369.0,125.0
CBL,5/5/2022,219.0,220.0,211.7,213.5,-1.16,40045.0,369.0,125.0
CBL,5/8/2022,210.0,213.0,210.0,212.2,-0.61,16229.0,369.0,125.0
CBL,5/9/2022,213.2,220.7,212.0,216.6,2.07,38584.0,369.0,125.0
CBL,5/10/2022,217.0,221.0,215.3,220.8,1.94,29758.0,369.0,125.0
CBL,5/11/2022,219.0,224.5,218.2,223.0,1.0,29336.0,369.0,125.0
CBL,5/12/2022,223.0,224.0,219.0,219.0,-1.79,30653.0,369.0,125.0
CBL,5/17/2022,215.0,216.0,213.0,213.0,-2.74,22765.0,369.0,125.0
CBL,5/18/2022,217.0,218.0,213.0,215.0,0.94,18365.0,369.0,125.0
CBL,5/19/2022,215.0,216.3,212.1,213.0,-0.93,20304.0,369.0,125.0
CBL,5/20/2022,213.0,217.0,210.0,211.0,-0.94,33397.0,369.0,125.0
CBL,5/23/2022,210.1,212.0,206.2,207.0,-1.9,27539.0,369.0,125.0
CBL,5/24/2022,207.0,209.9,204.1,206.5,-0.24,45003.0,369.0,125.0
CBL,5/25/2022,209.0,212.0,209.0,210.0,1.69,13249.0,369.0,125.0
CBL,5/26/2022,210.0,216.0,208.1,215.0,2.38,38054.0,369.0,125.0
CBL,5/27/2022,219.3,222.0,212.0,216.0,0.47,33748.0,369.0,125.0
CBL,5/30/2022,216.0,216.0,210.0,214.9,-0.51,54567.0,369.0,125.0
CBL,5/31/2022,214.0,214.0,208.1,208.1,-3.16,23715.0,369.0,125.0
CBL,6/1/2022,208.1,212.0,205.0,211.0,1.39,19740.0,369.0,125.0
CBL,6/2/2022,211.0,214.2,207.0,214.2,1.52,18378.0,369.0,125.0
CBL,6/3/2022,215.0,215.0,203.9,210.0,-1.96,74363.0,369.0,125.0
CBL,6/6/2022,209.9,209.9,204.2,204.2,-2.76,42606.0,369.0,125.0
CBL,6/7/2022,201.0,203.5,200.0,200.0,-2.06,27601.0,369.0,125.0
CBL,6/8/2022,197.0,205.0,196.1,201.0,0.5,39238.0,369.0,125.0
CBL,6/9/2022,205.0,207.0,200.1,200.1,-0.45,18920.0,369.0,125.0
CBL,6/10/2022,204.0,207.9,200.4,206.0,2.95,49918.0,369.0,125.0
CBL,6/13/2022,206.0,212.0,205.0,207.1,0.53,257451.0,369.0,125.0
CBL,6/14/2022,207.1,210.0,204.0,205.0,-1.01,35324.0,369.0,125.0
CBL,6/15/2022,202.0,204.5,200.0,201.9,-1.51,59790.0,369.0,125.0
CBL,6/16/2022,205.9,211.0,202.0,209.0,3.52,227340.0,369.0,125.0
CBL,6/17/2022,213.1,213.1,207.0,207.9,-0.53,32057.0,369.0,125.0
CBL,6/19/2022,207.9,208.0,202.9,204.0,-1.88,48085.0,369.0,125.0
CBL,6/20/2022,204.0,204.0,197.0,201.0,-1.47,82351.0,369.0,125.0
CBL,6/21/2022,204.0,207.0,199.0,203.0,1.0,36421.0,369.0,125.0
CBL,6/22/2022,200.0,205.0,200.0,202.2,-0.39,31126.0,369.0,125.0
CBL,6/23/2022,198.2,204.9,196.0,200.7,-0.74,95805.0,369.0,125.0
CBL,6/24/2022,200.0,203.0,194.0,200.0,-0.35,32607.0,369.0,125.0
CBL,6/26/2022,202.0,204.5,200.0,204.0,2.0,66535.0,369.0,125.0
CBL,6/27/2022,208.0,208.0,200.1,200.9,-1.52,49207.0,369.0,125.0
CBL,6/28/2022,202.0,204.0,198.2,199.7,-0.6,26886.0,369.0,125.0
CBL,6/29/2022,200.0,202.0,198.2,202.0,1.15,36163.0,369.0,125.0
CBL,6/30/2022,202.0,206.8,202.0,206.3,2.13,70198.0,369.0,125.0
CBL,7/1/2022,206.3,206.5,203.0,204.5,-0.87,37370.0,369.0,125.0
CBL,7/3/2022,201.0,205.0,200.0,201.9,-1.27,70889.0,369.0,125.0
CBL,7/4/2022,204.0,205.9,200.0,201.5,-0.2,92230.0,369.0,125.0
CBL,7/5/2022,200.0,202.0,198.0,200.0,-0.74,58805.0,369.0,125.0
CBL,7/6/2022,204.0,220.0,204.0,214.0,7.0,491865.0,369.0,125.0
CBL,7/7/2022,218.2,219.5,210.0,211.0,-1.4,189596.0,369.0,125.0
CBL,7/8/2022,211.0,211.0,207.0,207.9,-1.47,72369.0,369.0,125.0
CBL,7/11/2022,203.9,203.9,196.4,197.0,-5.24,89868.0,369.0,125.0
CBL,7/12/2022,198.9,198.9,194.0,196.8,-0.1,46110.0,369.0,125.0
CBL,7/13/2022,200.7,216.0,200.7,213.0,8.23,263712.0,369.0,125.0
CBL,11/23/2022,217.2,234.3,217.2,234.3,10.0,292518.0,369.0,125.0
CBL,11/24/2022,238.9,238.9,226.1,231.0,-1.41,69168.0,369.0,125.0
CBL,11/27/2022,230.0,230.0,227.1,230.0,-0.43,62913.0,369.0,125.0
CBL,11/28/2022,230.0,230.0,226.3,227.1,-1.26,73089.0,369.0,125.0
CBL,11/29/2022,226.0,230.0,223.5,224.5,-1.14,72689.0,369.0,125.0
CBL,11/30/2022,222.0,225.9,218.8,224.0,-0.22,102453.0,369.0,125.0
CBL,12/1/2022,222.5,227.0,222.1,226.0,0.89,38585.0,369.0,125.0
CBL,12/4/2022,225.0,225.0,221.5,223.9,-0.93,32540.0,369.0,125.0
CBL,12/5/2022,222.3,224.9,221.5,221.5,-1.07,39387.0,369.0,125.0
CBL,12/6/2022,222.0,222.0,220.0,220.8,-0.32,20913.0,369.0,125.0
CBL,12/7/2022,219.0,222.0,218.9,218.9,-0.86,24694.0,369.0,125.0
CBL,12/11/2022,218.0,218.0,214.2,215.0,-1.78,32423.0,369.0,125.0
CBL,12/12/2022,218.0,219.0,212.2,215.0,0.0,25896.0,369.0,125.0
CBL,12/13/2022,212.0,215.0,211.3,213.0,-0.93,18804.0,369.0,125.0
CBL,12/14/2022,211.2,214.8,211.1,214.8,0.85,27380.0,369.0,125.0
CBL,12/15/2022,211.5,217.9,210.9,213.0,-0.84,49734.0,369.0,125.0
CBL,12/18/2022,210.0,217.2,210.0,213.9,0.42,35190.0,369.0,125.0
CBL,12/19/2022,213.9,214.0,210.0,214.0,0.05,16379.0,369.0,125.0
CBL,12/20/2022,216.4,218.8,214.0,218.7,2.2,186275.0,369.0,125.0
CBL,12/21/2022,218.0,220.9,217.0,218.9,0.09,47363.0,369.0,125.0
CBL,12/22/2022,219.9,223.2,217.2,222.9,1.83,97606.0,369.0,125.0
CBL,12/26/2022,223.0,228.0,219.4,227.0,1.84,137267.0,369.0,125.0
CBL,12/27/2022,228.0,241.7,227.5,234.0,3.08,154440.0,369.0,125.0
CBL,12/28/2022,234.0,234.1,229.9,231.0,-1.28,115183.0,369.0,125.0
CBL,12/29/2022,234.0,237.0,229.5,236.2,2.25,124969.0,369.0,125.0
CBL,1/1/2023,236.0,242.3,235.0,241.0,2.03,152835.0,369.0,125.0
CBL,1/2/2023,241.1,251.3,239.0,250.0,3.73,279797.0,369.0,125.0
CBL,1/3/2023,239.0,239.9,234.2,234.4,-6.24,85274.0,369.0,125.0
CBL,1/4/2023,234.4,236.0,231.7,235.0,0.26,82293.0,369.0,125.0
CBL,1/5/2023,235.1,237.0,229.5,232.1,-1.23,98095.0,369.0,125.0
CBL,1/8/2023,232.0,235.0,230.1,232.8,0.3,85870.0,369.0,125.0
CBL,1/9/2023,232.0,233.9,230.2,233.0,0.09,99260.0,369.0,125.0
CBL,1/10/2023,236.0,243.0,232.3,233.0,0.0,155141.0,369.0,125.0
CBL,1/12/2023,237.6,238.0,231.7,234.0,0.43,99018.0,369.0,125.0
CBL,1/17/2023,234.0,235.0,229.5,232.0,-0.85,40588.0,369.0,125.0
CBL,1/18/2023,236.6,236.6,230.0,230.1,-0.82,50563.0,369.0,125.0
CBL,1/19/2023,228.3,233.6,228.3,233.1,1.3,57663.0,369.0,125.0
CBL,1/23/2023,235.0,236.9,232.9,233.0,-0.04,60806.0,369.0,125.0
CBL,1/24/2023,231.1,233.0,230.1,232.0,-0.43,33080.0,369.0,125.0
CBL,1/25/2023,230.1,232.7,230.1,231.2,-0.34,24594.0,369.0,125.0
CBL,1/26/2023,230.9,233.0,229.2,231.5,0.13,48630.0,369.0,125.0
CBL,1/29/2023,229.1,232.0,228.0,228.5,-1.3,64629.0,369.0,125.0
CBL,1/30/2023,226.1,230.0,224.0,224.8,-1.62,45141.0,369.0,125.0
CBL,1/31/2023,224.0,225.8,219.1,219.2,-2.49,93979.0,369.0,125.0
CBL,2/1/2023,219.2,222.0,217.4,219.0,-0.09,36677.0,369.0,125.0
CBL,2/2/2023,218.8,219.0,215.0,215.9,-1.42,32884.0,369.0,125.0
CBL,2/5/2023,215.0,219.0,215.0,215.1,-0.37,21869.0,369.0,125.0
CBL,2/6/2023,215.1,217.0,212.7,214.4,-0.33,13377.0,369.0,125.0
CBL,2/7/2023,214.5,220.0,214.0,220.0,2.61,52725.0,369.0,125.0
CBL,2/8/2023,221.1,225.0,218.0,220.5,0.23,53461.0,369.0,125.0
CBL,2/9/2023,221.0,222.0,219.0,222.0,0.68,25195.0,369.0,125.0
CBL,2/12/2023,219.0,219.0,216.5,218.9,-1.4,22218.0,369.0,125.0
CBL,2/14/2023,218.0,219.6,217.4,217.7,-0.55,20750.0,369.0,125.0
CBL,2/15/2023,218.0,220.0,216.0,216.0,-0.78,26751.0,369.0,125.0
CBL,2/16/2023,216.0,219.0,215.2,215.5,-0.23,22412.0,369.0,125.0
CBL,2/20/2023,216.0,216.0,210.7,211.4,-1.9,35445.0,369.0,125.0
CBL,2/22/2023,208.0,216.9,208.0,216.9,2.6,40061.0,369.0,125.0
CBL,2/23/2023,213.0,220.0,212.8,214.0,-1.34,51915.0,369.0,125.0
CBLD88,12/21/2025,1233.5,1233.5,1233.5,1233.5,,25.0,1325.0,1148.4
CBLD88,12/22/2025,1233.5,1233.5,1231.0,1231.0,-0.2,150.0,1325.0,1148.4
CBLD88,12/24/2025,1238.1,1246.0,1238.1,1245.1,1.15,180.0,1325.0,1148.4
CBLD88,12/28/2025,1245.0,1245.0,1245.0,1245.0,-0.01,25.0,1325.0,1148.4
CBLD88,12/29/2025,1245.0,1257.0,1241.1,1245.0,0.0,521.0,1325.0,1148.4
CBLD88,12/31/2025,1245.0,1245.0,1245.0,1245.0,0.0,25.0,1325.0,1148.4
CBLD88,1/1/2026,1245.0,1265.0,1245.0,1265.0,1.61,30.0,1325.0,1148.4
CBLD88,1/4/2026,1240.0,1240.0,1240.0,1240.0,-1.98,25.0,1325.0,1148.4
CBLD88,1/5/2026,1220.0,1223.0,1220.0,1223.0,-1.37,50.0,1325.0,1148.4
CBLD88,1/6/2026,1222.0,1222.0,1222.0,1222.0,-0.08,50.0,1325.0,1148.4
CBLD88,1/7/2026,1235.1,1236.0,1235.1,1235.1,1.07,60.0,1325.0,1148.4
CBLD88,1/12/2026,1220.0,1220.0,1220.0,1220.0,-1.22,25.0,1325.0,1148.4
CBLD88,1/13/2026,1220.0,1260.0,1220.0,1260.0,3.28,251.0,1325.0,1148.4
CBLD88,2/10/2026,1260.0,1260.0,1260.0,1234.8,-2.0,1.0,1325.0,1148.4
CBLD88,2/16/2026,1210.2,1210.2,1178.0,1183.0,-4.2,150.0,1325.0,1148.4
CBLD88,2/17/2026,1186.0,1187.0,1180.1,1183.0,0.0,99.0,1325.0,1148.4
CBLD88,2/22/2026,1184.0,1186.1,1184.0,1186.1,0.26,50.0,1325.0,1148.4
CBLD88,2/24/2026,1189.0,1189.0,1189.0,1189.0,0.24,25.0,1325.0,1148.4
CBLD88,2/25/2026,1189.0,1189.0,1189.0,1189.0,0.0,50.0,1325.0,1148.4
CBLD88,2/26/2026,1182.1,1182.1,1182.1,1182.1,-0.58,25.0,1325.0,1148.4
CBLD88,2/27/2026,1182.1,1182.1,1182.1,1182.1,0.0,25.0,1325.0,1148.4
CBLD88,2/28/2026,1182.1,1182.1,1182.1,1182.1,0.0,25.0,1325.0,1148.4
CBLD88,3/1/2026,1182.1,1182.1,1182.1,1182.1,0.0,25.0,1325.0,1148.4
CBLD88,3/10/2026,1186.0,1186.0,1186.0,1186.0,0.33,25.0,1325.0,1148.4
CBLD88,3/15/2026,1188.0,1188.0,1188.0,1188.0,0.17,25.0,1325.0,1148.4
CBLD88,3/16/2026,1192.0,1192.0,1192.0,1192.0,0.34,75.0,1325.0,1148.4
CBLD88,3/19/2026,1185.0,1185.0,1185.0,1175.0,-1.43,27.0,1325.0,1148.4
CBLD88,3/20/2026,1185.0,1185.0,1185.0,1175.0,0.0,27.0,1325.0,1148.4
CBLD88,3/21/2026,1185.0,1185.0,1185.0,1175.0,0.0,27.0,1325.0,1148.4
CBLD88,3/22/2026,1185.0,1221.9,1185.0,1221.9,3.99,380.0,1325.0,1148.4
CBLD88,3/23/2026,1240.0,1240.0,1220.0,1220.0,-0.16,63.0,1325.0,1148.4
CBLD88,3/26/2026,1240.0,1244.4,1240.0,1244.4,0.35,217.0,1325.0,1148.4
CBLD88,3/29/2026,1221.0,1221.0,1212.5,1212.5,-0.7,50.0,1325.0,1148.4
CBLD88,3/30/2026,1196.0,1220.0,1196.0,1220.0,2.01,100.0,1325.0,1148.4
CBLD88,3/31/2026,1198.1,1198.1,1198.1,1198.1,0.0,25.0,1325.0,1148.4
CBLD88,4/5/2026,1222.0,1222.0,1198.0,1198.0,-1.96,50.0,1325.0,1148.4
CBLD88,4/6/2026,1190.0,1190.0,1190.0,1190.0,0.0,25.0,1325.0,1148.4
CBLD88,4/7/2026,1198.0,1198.0,1198.0,1198.0,0.0,25.0,1325.0,1148.4
CBLD88,4/8/2026,1211.0,1211.0,1211.0,1211.0,0.0,25.0,1325.0,1148.4
CBLD88,4/9/2026,1235.0,1275.0,1235.0,1275.0,3.24,170.0,1325.0,1148.4
CBLD88,4/10/2026,1275.0,1325.0,1275.0,1325.0,3.92,789.0,1325.0,1148.4
CBLD88,4/13/2026,1300.0,1300.0,1290.0,1290.0,-0.77,135.0,1325.0,1148.4
CBLD88,4/15/2026,1280.0,1280.0,1280.0,1280.0,0.0,10.0,1325.0,1148.4
CBLD88,4/16/2026,1300.0,1300.0,1300.0,1300.0,0.0,215.0,1325.0,1148.4
CBLD88,4/17/2026,1295.0,1295.0,1290.0,1290.0,-0.39,177.0,1325.0,1148.4
CBLD88,4/20/2026,1255.0,1290.0,1255.0,1290.0,2.79,105.0,1325.0,1148.4
CBLD88,4/21/2026,1253.0,1290.0,1253.0,1290.0,2.95,35.0,1325.0,1148.4
CBLD88,4/22/2026,1260.0,1280.0,1260.0,1280.0,1.59,50.0,1325.0,1148.4
CBLD88,4/23/2026,1254.0,1254.0,1254.0,1231.1,-1.83,30.0,1325.0,1148.4
CBLD88,4/24/2026,1231.1,1231.1,1210.0,1210.0,-1.71,28.0,1325.0,1148.4
CBLD88,4/27/2026,1210.0,1210.0,1210.0,1155.0,-4.55,5.0,1325.0,1148.4
CBLD88,4/28/2026,1155.0,1185.2,1185.0,1182.1,2.35,25.0,1325.0,1148.4
CBLD88,4/29/2026,1182.1,1182.1,1182.1,1155.0,-2.29,2.0,1325.0,1148.4
CBLD88,5/4/2026,1189.6,1189.6,1185.0,1185.0,-0.39,30.0,1325.0,1148.4
CBLD88,5/5/2026,1186.7,1186.7,1186.7,1186.7,0.0,10.0,1325.0,1148.4
CBLD88,5/6/2026,1190.0,1190.0,1190.0,1190.0,0.0,25.0,1325.0,1148.4
CBLD88,5/7/2026,1183.0,1183.0,1183.0,1183.0,0.0,25.0,1325.0,1148.4
CBLD88,5/12/2026,1187.1,1191.1,1187.1,1191.1,0.34,50.0,1325.0,1148.4
CBLD88,5/19/2026,1190.0,1190.0,1182.3,1182.3,-0.65,75.0,1325.0,1148.4
CBLD88,5/21/2026,1185.0,1185.0,1185.0,1185.0,0.0,25.0,1325.0,1148.4
CBLD88,5/22/2026,1220.0,1220.0,1220.0,1220.0,0.0,25.0,1325.0,1148.4
CBLD88,5/26/2026,1195.0,1195.0,1195.0,1195.0,0.0,25.0,1325.0,1148.4
CBLD88,5/27/2026,1213.0,1213.0,1160.0,1160.0,-4.37,2084.0,1325.0,1148.4
CBLD88,6/1/2026,1194.8,1225.0,1194.8,1225.0,2.53,50.0,1325.0,1148.4
CBLD88,6/2/2026,1192.0,1192.0,1192.0,1192.0,0.0,50.0,1325.0,1148.4
CBLD88,6/3/2026,1227.0,1230.0,1227.0,1229.0,0.16,125.0,1325.0,1148.4
CBLD88,6/4/2026,1202.0,1214.0,1202.0,1214.0,1.0,1834.0,1325.0,1148.4
CBLD88,6/5/2026,1190.0,1190.0,1190.0,1190.0,0.0,10.0,1325.0,1148.4
CBLD88,6/8/2026,1225.7,1255.7,1223.0,1255.7,2.45,252.0,1325.0,1148.4
CBLD88,6/17/2026,1225.0,1225.0,1225.0,1225.0,0.0,50.0,1325.0,1148.4
CBLD88,6/18/2026,1210.0,1210.0,1210.0,1210.0,0.0,100.0,1325.0,1148.4
CBLD88,6/19/2026,1180.0,1180.0,1180.0,1175.3,-0.4,17.0,1325.0,1148.4
CBLD88,6/22/2026,1185.0,1185.0,1185.0,1185.0,0.0,25.0,1325.0,1148.4
CBLD88,6/23/2026,1180.0,1180.0,1180.0,1180.0,0.0,33.0,1325.0,1148.4
CBLD88,6/24/2026,1215.4,1215.4,1215.4,1215.4,0.0,50.0,1325.0,1148.4
CBLD88,6/29/2026,1200.0,1215.0,1200.0,1215.0,1.25,80.0,1325.0,1148.4
CBLD88,6/30/2026,1200.0,1200.0,1200.0,1200.0,0.0,25.0,1325.0,1148.4
CBLD88,7/1/2026,1235.0,1270.0,1235.0,1270.0,2.83,87.0,1325.0,1148.4
CBLD88,7/2/2026,1270.0,1270.0,1270.0,1285.0,1.18,5.0,1325.0,1148.4
CBLD88,7/6/2026,1285.0,1285.0,1285.0,1305.0,1.56,5.0,1325.0,1148.4
CBLD88,7/16/2026,1305.0,1305.0,1305.0,1314.0,0.69,5.0,1325.0,1148.4
CBLD88,7/29/2026,1274.6,1274.6,1235.0,1221.0,-4.21,88.0,1325.0,1148.4
CBLD88,7/30/2026,1201.0,1205.0,1200.0,1200.0,-0.08,54.0,1325.0,1148.4
CBLD88,7/31/2026,1180.0,1187.0,1180.0,1187.0,0.59,50.0,1325.0,1148.4
CBLD88,8/3/2026,1187.0,1187.0,1161.8,1196.6,0.81,33.0,1325.0,1148.4
CBLD88,8/4/2026,1196.6,1196.6,1196.6,1172.1,-2.05,3.0,1325.0,1148.4
CBLD88,8/5/2026,1172.1,1182.8,1148.4,1170.0,-0.18,54.0,1325.0,1148.4
CBLD88,8/6/2026,1170.0,1170.0,1170.0,1150.0,-1.71,6.0,1325.0,1148.4
CBLD88,8/7/2026,1162.0,1162.0,1162.0,1230.0,5.85,8040.0,1325.0,1148.4
CBLD88,8/10/2026,1230.0,1230.0,1195.0,1250.0,1.63,26.0,1325.0,1148.4
CBLD88,8/11/2026,1238.0,1238.0,1238.0,1238.0,0.0,8075.0,1325.0,1148.4
CBLD88,8/21/2026,1205.0,1205.0,1201.0,1201.0,-0.33,25.0,1325.0,1148.4
CBLD88,8/24/2026,1176.0,1190.0,1176.0,1190.0,1.19,50.0,1325.0,1148.4
CBLD88,8/25/2026,1201.0,1201.0,1165.0,1165.0,-3.0,25.0,1325.0,1148.4
CBLD88,8/27/2026,1155.0,1155.0,1155.0,1155.0,0.0,15.0,1325.0,1148.4
CBLD88,9/3/2026,1160.6,1160.6,1160.6,1160.6,0.0,10.0,1325.0,1148.4
CBLD88,9/7/2026,1160.6,1160.6,1160.6,1165.7,0.44,8.0,1325.0,1148.4
CBLD88,9/9/2026,1165.7,1236.0,1165.7,1235.0,5.94,320.0,1325.0,1148.4
CBLD88,9/22/2026,1200.0,1200.0,1200.0,1200.0,0.0,25.0,1325.0,1148.4
CBLD88,9/23/2026,1236.0,1236.0,1236.0,1236.0,0.0,25.0,1325.0,1148.4
CBLD88,9/29/2026,1202.0,1202.0,1202.0,0.0,-100.0,25.0,1325.0,1148.4
CBLD88,9/30/2026,1237.0,1270.0,1232.0,1232.0,-0.4,85.0,1325.0,1148.4
CBLD88,10/1/2026,1268.0,1268.0,1268.0,1268.0,0.0,420.0,1325.0,1148.4
CCBD88,12/21/2025,1252.0,1281.0,1251.0,1281.0,,316.0,1326.0,1140.0
CCBD88,12/23/2025,1266.0,1267.0,1266.0,1267.0,-1.09,50.0,1326.0,1140.0
CCBD88,12/28/2025,1268.0,1268.0,1268.0,1268.0,0.08,35.0,1326.0,1140.0
CCBD88,12/31/2025,1272.0,1272.0,1272.0,1272.0,0.32,15.0,1326.0,1140.0
CCBD88,1/6/2026,1272.0,1272.0,1272.0,1272.0,0.0,30.0,1326.0,1140.0
CCBD88,1/7/2026,1260.0,1260.0,1255.1,1255.1,-1.33,25.0,1326.0,1140.0
CCBD88,1/8/2026,1255.1,1255.1,1255.1,1255.1,0.0,25.0,1326.0,1140.0
CCBD88,1/13/2026,1230.0,1230.0,1206.0,1211.0,-3.51,80.0,1326.0,1140.0
CCBD88,1/14/2026,1212.0,1212.0,1212.0,1212.0,0.08,100.0,1326.0,1140.0
CCBD88,1/20/2026,1191.0,1191.0,1191.0,1191.0,-1.73,20.0,1326.0,1140.0
CCBD88,1/21/2026,1191.1,1191.1,1191.1,1191.1,0.01,25.0,1326.0,1140.0
CCBD88,1/22/2026,1182.0,1182.0,1182.0,1182.0,-0.76,25.0,1326.0,1140.0
CCBD88,1/25/2026,1185.0,1185.0,1185.0,1185.0,0.25,75.0,1326.0,1140.0
CCBD88,1/26/2026,1181.0,1181.0,1181.0,1181.0,-0.34,25.0,1326.0,1140.0
CCBD88,1/29/2026,1187.0,1187.0,1187.0,1187.0,0.51,25.0,1326.0,1140.0
CCBD88,2/1/2026,1210.7,1210.7,1202.0,1204.0,1.43,60.0,1326.0,1140.0
CCBD88,2/5/2026,1205.0,1205.0,1205.0,1205.0,0.08,30.0,1326.0,1140.0
CCBD88,2/9/2026,1205.0,1205.0,1205.0,1205.0,0.0,25.0,1326.0,1140.0
CCBD88,2/11/2026,1188.1,1188.1,1188.1,1188.1,-1.4,30.0,1326.0,1140.0
CCBD88,2/12/2026,1188.1,1213.0,1188.1,1213.0,2.1,38.0,1326.0,1140.0
CCBD88,2/17/2026,1213.0,1240.0,1213.0,1240.0,2.23,506.0,1326.0,1140.0
CCBD88,2/23/2026,1216.0,1216.0,1216.0,1216.0,-1.94,50.0,1326.0,1140.0
CCBD88,2/26/2026,1240.0,1240.0,1240.0,1240.0,1.97,175.0,1326.0,1140.0
CCBD88,2/27/2026,1240.0,1240.0,1240.0,1240.0,0.0,175.0,1326.0,1140.0
CCBD88,2/28/2026,1240.0,1240.0,1240.0,1240.0,0.0,175.0,1326.0,1140.0
CCBD88,3/1/2026,1240.0,1240.0,1240.0,1240.0,0.0,175.0,1326.0,1140.0
CCBD88,3/12/2026,1216.0,1216.0,1216.0,1216.0,-1.94,25.0,1326.0,1140.0
CCBD88,3/13/2026,1216.0,1216.0,1216.0,1216.0,0.0,25.0,1326.0,1140.0
CCBD88,3/14/2026,1216.0,1216.0,1216.0,1216.0,0.0,25.0,1326.0,1140.0
CCBD88,3/17/2026,1216.0,1216.0,1216.0,1265.1,4.04,2.0,1326.0,1140.0
CCBD88,3/18/2026,1216.0,1216.0,1216.0,1265.1,0.0,2.0,1326.0,1140.0
CCBD88,3/22/2026,1248.0,1248.0,1248.0,1248.0,-1.35,181.0,1326.0,1140.0
CCBD88,4/1/2026,1272.0,1297.4,1272.0,1290.0,1.42,300.0,1326.0,1140.0
CCBD88,4/6/2026,1265.0,1265.0,1265.0,1265.0,0.0,25.0,1326.0,1140.0
CCBD88,4/7/2026,1265.0,1265.0,1265.0,1241.0,-1.9,1.0,1326.0,1140.0
CCBD88,4/9/2026,1217.0,1217.0,1217.0,1217.0,0.0,25.0,1326.0,1140.0
CCBD88,4/15/2026,1240.0,1240.0,1232.0,1232.0,-0.65,50.0,1326.0,1140.0
CCBD88,4/20/2026,1202.0,1202.0,1202.0,1202.0,0.0,25.0,1326.0,1140.0
CCBD88,4/22/2026,1238.0,1241.0,1238.0,1241.0,0.24,50.0,1326.0,1140.0
CCBD88,4/23/2026,1241.0,1241.0,1241.0,1241.0,0.0,25.0,1326.0,1140.0
CCBD88,4/24/2026,1241.0,1220.0,1220.0,1278.0,2.98,30.0,1326.0,1140.0
CCBD88,4/27/2026,1278.0,1241.0,1241.0,1241.0,-2.9,25.0,1326.0,1140.0
CCBD88,4/28/2026,1241.0,1210.0,1210.0,1210.0,-2.5,25.0,1326.0,1140.0
CCBD88,4/29/2026,1210.0,1210.0,1197.3,1197.3,-1.05,27.0,1326.0,1140.0
CCBD88,5/4/2026,1233.0,1233.0,1233.0,1233.0,0.0,50.0,1326.0,1140.0
CCBD88,5/5/2026,1200.0,1245.0,1199.8,1225.1,2.09,137.0,1326.0,1140.0
CCBD88,5/7/2026,1201.2,1201.2,1201.0,1201.0,-0.02,25.0,1326.0,1140.0
CCBD88,5/13/2026,1237.0,1237.0,1237.0,1237.0,0.0,10.0,1326.0,1140.0
CCBD88,5/20/2026,1237.0,1274.0,1237.0,1274.0,2.99,75.0,1326.0,1140.0
CCBD88,5/22/2026,1265.0,1275.0,1265.0,1275.0,0.79,65.0,1326.0,1140.0
CCBD88,5/27/2026,1253.0,1253.0,1253.0,1253.0,0.0,25.0,1326.0,1140.0
CCBD88,6/1/2026,1250.0,1250.0,1250.0,1250.0,0.0,100.0,1326.0,1140.0
CCBD88,6/2/2026,1227.0,1227.0,1227.0,1227.0,0.0,25.0,1326.0,1140.0
CCBD88,6/4/2026,1262.9,1262.9,1262.9,1262.9,0.0,1100.0,1326.0,1140.0
CCBD88,6/5/2026,1262.9,1262.9,1262.4,1262.4,-0.04,25.0,1326.0,1140.0
CCBD88,6/8/2026,1227.0,1260.0,1227.0,1260.0,2.69,130.0,1326.0,1140.0
CCBD88,6/23/2026,1260.0,1260.0,1260.0,1235.0,-1.98,2.0,1326.0,1140.0
CCBD88,6/30/2026,1265.0,1271.0,1265.0,1271.0,0.47,245.0,1326.0,1140.0
CCBD88,7/1/2026,1297.0,1297.0,1297.0,1297.0,0.0,25.0,1326.0,1140.0
CCBD88,7/6/2026,1289.0,1290.0,1258.1,1258.1,-2.4,10430.0,1326.0,1140.0
CCBD88,7/7/2026,1295.0,1295.0,1265.0,1265.0,-2.32,60.0,1326.0,1140.0
CCBD88,7/9/2026,1228.0,1228.0,1228.0,1228.0,0.0,25.0,1326.0,1140.0
CCBD88,7/10/2026,1211.0,1230.0,1200.0,1230.0,1.57,10010.0,1326.0,1140.0
CCBD88,7/13/2026,1230.0,1230.0,1220.0,1220.0,-0.81,75.0,1326.0,1140.0
CCBD88,7/14/2026,1256.0,1313.0,1256.0,1313.0,4.54,4726.0,1326.0,1140.0
CCBD88,7/16/2026,1290.0,1326.0,1255.0,1326.0,2.79,151035.0,1326.0,1140.0
CCBD88,7/27/2026,1326.0,1326.0,1215.4,1215.4,-8.34,5001.0,1326.0,1140.0
CCBD88,7/30/2026,1190.0,1190.0,1190.0,1190.0,0.0,10.0,1326.0,1140.0
CCBD88,8/5/2026,1177.0,1177.0,1177.0,1177.0,0.0,25.0,1326.0,1140.0
CCBD88,8/6/2026,1177.0,1177.0,1177.0,1177.0,0.0,25.0,1326.0,1140.0
CCBD88,8/10/2026,1165.0,1165.0,1165.0,1165.0,0.0,25.0,1326.0,1140.0
CCBD88,8/11/2026,1182.0,1182.0,1182.0,1182.0,0.0,25.0,1326.0,1140.0
CCBD88,8/13/2026,1205.0,1205.0,1205.0,1175.0,-2.49,25.0,1326.0,1140.0
CCBD88,8/17/2026,1170.0,1205.0,1170.0,1205.0,2.99,50.0,1326.0,1140.0
CCBD88,8/18/2026,1190.0,1190.0,1190.0,1190.0,0.0,25.0,1326.0,1140.0
CCBD88,8/19/2026,1190.0,1190.0,1190.0,1190.0,0.0,25.0,1326.0,1140.0
CCBD88,8/20/2026,1220.0,1220.0,1220.0,1220.0,0.0,17.0,1326.0,1140.0
CCBD88,8/21/2026,1200.5,1200.5,1200.5,1200.5,0.0,25.0,1326.0,1140.0
CCBD88,8/26/2026,1168.0,1168.0,1165.0,1165.0,-0.26,25.0,1326.0,1140.0
CCBD88,9/7/2026,1175.0,1175.0,1175.0,1175.0,0.0,25.0,1326.0,1140.0
CCBD88,9/10/2026,1175.0,1210.0,1175.0,1210.0,2.98,50.0,1326.0,1140.0
CCBD88,9/16/2026,1210.0,1210.0,1210.0,1210.0,0.0,25.0,1326.0,1140.0
CCBD88,9/22/2026,1210.0,1210.0,1210.0,1210.0,0.0,50.0,1326.0,1140.0
CCBD88,9/28/2026,1175.0,1175.0,1175.0,1210.0,2.98,34.0,1326.0,1140.0
CCBD88,10/1/2026,1200.0,1200.0,1200.0,1200.0,0.0,16.0,1326.0,1140.0
CCBL,6/18/2014,336.0,338.0,320.0,323.0,,34780.0,615.0,136.0
CCBL,6/19/2014,323.0,320.0,308.0,308.0,-4.64,38719.0,615.0,136.0
CCBL,6/23/2014,308.0,314.0,303.0,310.0,0.65,19638.0,615.0,136.0
CCBL,6/24/2014,310.0,325.0,298.0,314.0,1.29,28200.0,615.0,136.0
CCBL,6/25/2014,314.0,320.0,310.0,311.0,-0.96,27323.0,615.0,136.0
CCBL,6/26/2014,311.0,326.0,307.0,320.0,2.89,34601.0,615.0,136.0
CCBL,6/29/2014,320.0,326.0,315.0,320.0,0.0,28891.0,615.0,136.0
CCBL,6/30/2014,320.0,319.0,314.0,318.0,-0.62,26483.0,615.0,136.0
CCBL,7/1/2014,318.0,320.0,310.0,317.0,-0.31,18947.0,615.0,136.0
CCBL,7/2/2014,317.0,317.0,312.0,316.0,-0.32,28593.0,615.0,136.0
CCBL,7/3/2014,316.0,320.0,312.0,316.0,0.0,23235.0,615.0,136.0
CCBL,7/6/2014,316.0,320.0,310.0,319.0,0.95,35908.0,615.0,136.0
CCBL,7/7/2014,319.0,329.0,314.0,327.0,2.51,40097.0,615.0,136.0
CCBL,7/8/2014,327.0,339.0,324.0,332.0,1.53,29840.0,615.0,136.0
CCBL,7/9/2014,332.0,333.0,326.0,326.0,-1.81,22179.0,615.0,136.0
CCBL,7/10/2014,326.0,340.0,320.0,335.0,2.76,17900.0,615.0,136.0
CCBL,7/13/2014,335.0,358.0,335.0,340.0,1.49,48036.0,615.0,136.0
CCBL,7/14/2014,340.0,342.0,328.0,332.0,-2.35,18449.0,615.0,136.0
CCBL,7/15/2014,332.0,334.0,324.0,329.0,-0.9,22616.0,615.0,136.0
CCBL,7/16/2014,329.0,340.0,328.0,331.0,0.61,22560.0,615.0,136.0
CCBL,7/17/2014,331.0,340.0,328.0,340.0,2.72,20556.0,615.0,136.0
CCBL,7/20/2014,340.0,351.0,340.0,349.0,2.65,40194.0,615.0,136.0
CCBL,7/21/2014,349.0,382.0,349.0,360.0,3.15,39296.0,615.0,136.0
CCBL,7/22/2014,360.0,364.0,351.0,364.0,1.11,29289.0,615.0,136.0
CCBL,7/23/2014,364.0,372.0,354.0,370.0,1.65,31024.0,615.0,136.0
CCBL,7/24/2014,370.0,375.0,366.0,370.0,0.0,29450.0,615.0,136.0
CCBL,7/27/2014,370.0,371.0,357.0,364.0,-1.62,16924.0,615.0,136.0
CCBL,7/28/2014,364.0,365.0,350.0,355.0,-2.47,8857.0,615.0,136.0
CCBL,7/30/2014,355.0,360.0,345.0,352.0,-0.85,26602.0,615.0,136.0
CCBL,7/31/2014,352.0,358.0,348.0,354.0,0.57,21923.0,615.0,136.0
CCBL,8/3/2014,354.0,352.0,340.0,343.0,-3.11,11652.0,615.0,136.0
CCBL,8/4/2014,343.0,347.0,335.0,339.0,-1.17,20964.0,615.0,136.0
CCBL,8/5/2014,339.0,346.0,335.0,346.0,2.06,18455.0,615.0,136.0
CCBL,8/6/2014,346.0,346.0,331.0,336.0,-2.89,16391.0,615.0,136.0
CCBL,8/7/2014,336.0,349.0,326.0,338.0,0.6,23218.0,615.0,136.0
CCBL,8/12/2014,338.0,334.0,326.0,329.0,-2.66,4335.0,615.0,136.0
CCBL,8/13/2014,329.0,340.0,315.0,330.0,0.3,19453.0,615.0,136.0
CCBL,8/14/2014,330.0,335.0,324.0,330.0,0.0,10462.0,615.0,136.0
CCBL,8/18/2014,330.0,330.0,311.0,318.0,-3.64,13306.0,615.0,136.0
CCBL,8/19/2014,318.0,332.0,318.0,325.0,2.2,18825.0,615.0,136.0
CCBL,8/20/2014,325.0,325.0,312.0,315.0,-3.08,10831.0,615.0,136.0
CCBL,8/21/2014,315.0,325.0,300.0,325.0,3.17,20477.0,615.0,136.0
CCBL,8/24/2014,325.0,326.0,310.0,315.0,-3.08,10161.0,615.0,136.0
CCBL,8/25/2014,315.0,310.0,296.0,304.0,-3.49,18445.0,615.0,136.0
CCBL,8/26/2014,304.0,327.0,300.0,300.0,-1.32,13485.0,615.0,136.0
CCBL,8/27/2014,300.0,320.0,306.0,315.0,5.0,20282.0,615.0,136.0
CCBL,8/28/2014,315.0,322.0,311.0,322.0,2.22,27336.0,615.0,136.0
CCBL,8/31/2014,322.0,320.0,298.0,306.0,-4.97,22503.0,615.0,136.0
CCBL,9/1/2014,306.0,309.0,297.0,302.0,-1.31,9771.0,615.0,136.0
CCBL,9/3/2014,302.0,310.0,297.0,301.0,-0.33,19163.0,615.0,136.0
CCBL,9/4/2014,301.0,305.0,288.0,295.0,-1.99,21562.0,615.0,136.0
CCBL,9/7/2014,295.0,296.0,270.0,275.0,-6.78,18002.0,615.0,136.0
CCBL,9/9/2014,275.0,302.0,275.0,302.0,9.82,10197.0,615.0,136.0
CCBL,9/10/2014,302.0,314.0,287.0,292.0,-3.31,24239.0,615.0,136.0
CCBL,9/11/2014,292.0,300.0,282.0,294.0,0.68,18762.0,615.0,136.0
CCBL,9/14/2014,294.0,295.0,281.0,295.0,0.34,8866.0,615.0,136.0
CCBL,9/15/2014,295.0,295.0,285.0,289.0,-2.03,8593.0,615.0,136.0
CCBL,9/16/2014,289.0,292.0,284.0,285.0,-1.38,14342.0,615.0,136.0
CCBL,9/17/2014,285.0,290.0,281.0,285.0,0.0,8288.0,615.0,136.0
CCBL,9/18/2014,285.0,288.0,280.0,282.0,-1.05,6925.0,615.0,136.0
CCBL,9/21/2014,282.0,286.0,265.0,270.0,-4.26,9109.0,615.0,136.0
CCBL,9/22/2014,270.0,277.0,269.0,276.0,2.22,12823.0,615.0,136.0
CCBL,9/23/2014,276.0,286.0,266.0,285.0,3.26,9922.0,615.0,136.0
CCBL,9/24/2014,285.0,290.0,278.0,287.0,0.7,9516.0,615.0,136.0
CCBL,9/28/2014,287.0,297.0,287.0,293.0,2.09,10129.0,615.0,136.0
CCBL,9/29/2014,293.0,304.0,288.0,301.0,2.73,7995.0,615.0,136.0
CCBL,9/30/2014,301.0,299.0,286.0,295.0,-1.99,8806.0,615.0,136.0
CCBL,10/8/2014,295.0,298.0,279.0,286.0,-3.05,2554.0,615.0,136.0
CCBL,10/9/2014,286.0,285.0,281.0,283.0,-1.05,2441.0,615.0,136.0
CCBL,10/12/2014,283.0,288.0,277.0,280.0,-1.06,7010.0,615.0,136.0
CCBL,10/13/2014,280.0,285.0,276.0,279.0,-0.36,12047.0,615.0,136.0
CCBL,10/14/2014,279.0,283.0,276.0,278.0,-0.36,17504.0,615.0,136.0
CCBL,10/15/2014,278.0,282.0,261.0,280.0,0.72,19231.0,615.0,136.0
CCBL,10/16/2014,280.0,289.0,279.0,282.0,0.71,10377.0,615.0,136.0
CCBL,10/19/2014,282.0,283.0,276.0,280.0,-0.71,5854.0,615.0,136.0
CCBL,10/20/2014,280.0,290.0,264.0,285.0,1.79,9488.0,615.0,136.0
CCBL,10/21/2014,285.0,285.0,277.0,281.0,-1.4,6821.0,615.0,136.0
CCBL,10/22/2014,281.0,290.0,280.0,287.0,2.14,5623.0,615.0,136.0
CCBL,10/26/2014,287.0,289.0,284.0,284.0,-1.05,1452.0,615.0,136.0
CCBL,10/27/2014,284.0,289.0,280.0,282.0,-0.7,12057.0,615.0,136.0
CCBL,10/28/2014,282.0,285.0,280.0,285.0,1.06,7558.0,615.0,136.0
CCBL,10/30/2014,285.0,286.0,280.0,281.0,-1.4,4238.0,615.0,136.0
CCBL,11/2/2014,281.0,282.0,277.0,278.0,-1.07,10725.0,615.0,136.0
CCBL,11/3/2014,278.0,279.0,270.0,275.0,-1.08,10222.0,615.0,136.0
CCBL,11/4/2014,275.0,276.0,265.0,270.0,-1.82,9489.0,615.0,136.0
CCBL,11/5/2014,270.0,277.0,261.0,272.0,0.74,15837.0,615.0,136.0
CCBL,11/6/2014,272.0,275.0,269.0,272.0,0.0,16386.0,615.0,136.0
CCBL,11/9/2014,272.0,275.0,266.0,269.0,-1.1,8400.0,615.0,136.0
CCBL,11/10/2014,269.0,269.0,255.0,260.0,-3.35,21037.0,615.0,136.0
CCBL,11/11/2014,260.0,270.0,257.0,270.0,3.85,5767.0,615.0,136.0
CCBL,11/12/2014,270.0,271.0,264.0,268.0,-0.74,11078.0,615.0,136.0
CCBL,11/13/2014,268.0,268.0,263.0,265.0,-1.12,3351.0,615.0,136.0
CCBL,11/16/2014,265.0,265.0,255.0,259.0,-2.26,6544.0,615.0,136.0
CCBL,11/17/2014,259.0,268.0,245.0,253.0,-2.32,4442.0,615.0,136.0
CCBL,11/18/2014,253.0,258.0,228.0,242.0,-4.35,8102.0,615.0,136.0
CCBL,11/19/2014,242.0,248.0,240.0,246.0,1.65,6604.0,615.0,136.0
CCBL,11/20/2014,246.0,265.0,249.0,260.0,5.69,6856.0,615.0,136.0
CCBL,11/23/2014,260.0,266.0,255.0,259.0,-0.38,8613.0,615.0,136.0
CCBL,11/24/2014,259.0,264.0,255.0,258.0,-0.39,6233.0,615.0,136.0
CCBL,11/25/2014,258.0,260.0,250.0,259.0,0.39,5556.0,615.0,136.0
CCBL,11/30/2014,259.0,260.0,250.0,254.0,-1.93,7734.0,615.0,136.0
CCBL,12/1/2014,254.0,257.0,248.0,252.0,-0.79,9702.0,615.0,136.0
CCBL,12/2/2014,252.0,253.0,248.0,249.0,-1.19,9785.0,615.0,136.0
CCBL,12/3/2014,249.0,261.0,248.0,250.0,0.4,13842.0,615.0,136.0
CCBL,12/4/2014,250.0,265.0,246.0,252.0,0.8,7867.0,615.0,136.0
CCBL,12/7/2014,252.0,253.0,247.0,252.0,0.0,6248.0,615.0,136.0
CCBL,12/8/2014,252.0,255.0,250.0,250.0,-0.79,20074.0,615.0,136.0
CCBL,12/9/2014,250.0,253.0,250.0,250.0,0.0,1412.0,615.0,136.0
CCBL,12/10/2014,250.0,265.0,250.0,256.0,2.4,11852.0,615.0,136.0
CCBL,12/11/2014,256.0,269.0,257.0,265.0,3.52,14654.0,615.0,136.0
CCBL,12/14/2014,265.0,284.0,266.0,280.0,5.66,22193.0,615.0,136.0
CCBL,12/15/2014,280.0,291.0,260.0,279.0,-0.36,12962.0,615.0,136.0
CCBL,12/16/2014,279.0,284.0,268.0,278.0,-0.36,14463.0,615.0,136.0
CCBL,12/17/2014,278.0,278.0,268.0,278.0,0.0,8470.0,615.0,136.0
CCBL,12/18/2014,278.0,287.0,273.0,281.0,1.08,10280.0,615.0,136.0
CCBL,12/21/2014,281.0,288.0,270.0,285.0,1.42,22808.0,615.0,136.0
CCBL,12/22/2014,285.0,287.0,277.0,279.0,-2.11,14801.0,615.0,136.0
CCBL,12/23/2014,279.0,282.0,274.0,281.0,0.72,18726.0,615.0,136.0
CCBL,12/24/2014,281.0,284.0,275.0,280.0,-0.36,21235.0,615.0,136.0
CCBL,12/28/2014,280.0,290.0,275.0,285.0,1.79,12609.0,615.0,136.0
CCBL,12/29/2014,285.0,286.0,279.0,285.0,0.0,11416.0,615.0,136.0
CCBL,12/31/2014,285.0,285.0,275.0,281.0,-1.4,16030.0,615.0,136.0
CCBL,1/1/2015,281.0,283.0,277.0,282.0,0.36,12928.0,615.0,136.0
CCBL,1/4/2015,282.0,290.0,280.0,290.0,2.84,13767.0,615.0,136.0
CCBL,1/5/2015,290.0,292.0,283.0,289.0,-0.34,15458.0,615.0,136.0
CCBL,1/6/2015,289.0,290.0,278.0,287.0,-0.69,6956.0,615.0,136.0
CCBL,1/7/2015,287.0,292.0,283.0,288.0,0.35,6863.0,615.0,136.0
CCBL,1/8/2015,288.0,291.0,285.0,285.0,-1.04,9130.0,615.0,136.0
CCBL,1/11/2015,285.0,292.0,285.0,288.0,1.05,14912.0,615.0,136.0
CCBL,1/12/2015,288.0,289.0,281.0,283.0,-1.74,12402.0,615.0,136.0
CCBL,1/13/2015,283.0,289.0,280.0,289.0,2.12,11691.0,615.0,136.0
CCBL,1/14/2015,289.0,292.0,286.0,290.0,0.35,17208.0,615.0,136.0
CCBL,1/18/2015,290.0,300.0,290.0,299.0,3.1,24144.0,615.0,136.0
CCBL,1/19/2015,299.0,322.0,303.0,313.0,4.68,19844.0,615.0,136.0
CCBL,1/20/2015,313.0,314.0,300.0,305.0,-2.56,21199.0,615.0,136.0
CCBL,1/22/2015,305.0,309.0,296.0,305.0,0.0,17790.0,615.0,136.0
CCBL,1/25/2015,305.0,326.0,300.0,326.0,6.89,36140.0,615.0,136.0
CCBL,1/26/2015,326.0,325.0,307.0,312.0,-4.29,26297.0,615.0,136.0
CCBL,1/27/2015,312.0,321.0,306.0,320.0,2.56,46258.0,615.0,136.0
CCBL,1/28/2015,320.0,332.0,320.0,328.0,2.5,30552.0,615.0,136.0
CCBL,1/29/2015,328.0,334.0,319.0,323.0,-1.52,37446.0,615.0,136.0
CCBL,2/1/2015,323.0,339.0,325.0,339.0,4.95,37727.0,615.0,136.0
CCBL,2/2/2015,339.0,350.0,327.0,349.0,2.95,62200.0,615.0,136.0
CCBL,2/3/2015,349.0,362.0,342.0,344.0,-1.43,82179.0,615.0,136.0
CCBL,2/4/2015,344.0,350.0,338.0,346.0,0.58,65130.0,615.0,136.0
CCBL,2/5/2015,346.0,350.0,338.0,338.0,-2.31,44460.0,615.0,136.0
CCBL,2/8/2015,338.0,343.0,336.0,340.0,0.59,47388.0,615.0,136.0
CCBL,2/9/2015,340.0,346.0,338.0,338.0,-0.59,61071.0,615.0,136.0
CCBL,2/10/2015,338.0,345.0,332.0,342.0,1.18,83207.0,615.0,136.0
CCBL,2/11/2015,323.0,328.0,318.0,328.0,-4.09,803.0,615.0,136.0
CCBL,2/12/2015,328.0,328.0,321.0,321.0,-2.13,108.0,615.0,136.0
CCBL,2/15/2015,321.0,327.0,317.0,318.0,-0.93,2763.0,615.0,136.0
CCBL,2/16/2015,318.0,325.0,315.0,322.0,1.26,23422.0,615.0,136.0
CCBL,2/18/2015,322.0,325.0,322.0,322.0,0.0,2020.0,615.0,136.0
CCBL,2/22/2015,322.0,324.0,314.0,324.0,0.62,2851.0,615.0,136.0
CCBL,2/23/2015,324.0,320.0,316.0,318.0,-1.85,4757.0,615.0,136.0
CCBL,2/24/2015,318.0,325.0,318.0,325.0,2.2,3884.0,615.0,136.0
CCBL,2/25/2015,325.0,326.0,322.0,325.0,0.0,2519.0,615.0,136.0
CCBL,2/26/2015,325.0,325.0,321.0,322.0,-0.92,1753.0,615.0,136.0
CCBL,3/1/2015,322.0,330.0,323.0,330.0,2.48,4209.0,615.0,136.0
CCBL,3/2/2015,330.0,325.0,317.0,325.0,-1.52,1650.0,615.0,136.0
CCBL,3/3/2015,325.0,327.0,319.0,325.0,0.0,2025.0,615.0,136.0
CCBL,3/4/2015,325.0,326.0,322.0,322.0,-0.92,727.0,615.0,136.0
CCBL,3/9/2015,322.0,336.0,322.0,327.0,1.55,5990.0,615.0,136.0
CCBL,3/10/2015,327.0,330.0,317.0,320.0,-2.14,8886.0,615.0,136.0
CCBL,3/11/2015,320.0,326.0,319.0,326.0,1.88,6070.0,615.0,136.0
CCBL,3/12/2015,326.0,325.0,320.0,324.0,-0.61,4865.0,615.0,136.0
CCBL,3/15/2015,324.0,327.0,318.0,319.0,-1.54,6479.0,615.0,136.0
CCBL,3/16/2015,319.0,320.0,317.0,320.0,0.31,2213.0,615.0,136.0
CCBL,3/17/2015,320.0,322.0,317.0,318.0,-0.62,10138.0,615.0,136.0
CCBL,3/18/2015,318.0,320.0,315.0,315.0,-0.94,9896.0,615.0,136.0
CCBL,3/19/2015,315.0,320.0,316.0,319.0,1.27,12417.0,615.0,136.0
CCBL,3/22/2015,319.0,324.0,317.0,318.0,-0.31,9710.0,615.0,136.0
CCBL,3/23/2015,318.0,316.0,312.0,314.0,-1.26,9461.0,615.0,136.0
CCBL,3/24/2015,314.0,317.0,310.0,314.0,0.0,1156.0,615.0,136.0
CCBL,3/25/2015,314.0,314.0,308.0,308.0,-1.91,4594.0,615.0,136.0
CCBL,3/26/2015,308.0,308.0,303.0,306.0,-0.65,5529.0,615.0,136.0
CCBL,3/29/2015,306.0,307.0,301.0,307.0,0.33,3116.0,615.0,136.0
CCBL,3/30/2015,307.0,307.0,302.0,307.0,0.0,5131.0,615.0,136.0
CCBL,3/31/2015,307.0,315.0,301.0,307.0,0.0,9200.0,615.0,136.0
CCBL,4/1/2015,307.0,312.0,303.0,312.0,1.63,8199.0,615.0,136.0
CCBL,4/2/2015,312.0,315.0,308.0,310.0,-0.64,1464.0,615.0,136.0
CCBL,4/5/2015,310.0,316.0,305.0,312.0,0.65,3039.0,615.0,136.0
CCBL,4/6/2015,312.0,312.0,308.0,310.0,-0.64,1912.0,615.0,136.0
CCBL,4/7/2015,310.0,318.0,308.0,318.0,2.58,3282.0,615.0,136.0
CCBL,4/8/2015,318.0,320.0,310.0,311.0,-2.2,1726.0,615.0,136.0
CCBL,4/9/2015,311.0,315.0,309.0,313.0,0.64,4168.0,615.0,136.0
CCBL,4/12/2015,313.0,315.0,313.0,313.0,0.0,6661.0,615.0,136.0
CCBL,4/13/2015,313.0,314.0,310.0,314.0,0.32,2319.0,615.0,136.0
CCBL,4/15/2015,314.0,311.0,309.0,310.0,-1.27,5064.0,615.0,136.0
CCBL,4/16/2015,310.0,314.0,310.0,312.0,0.65,3691.0,615.0,136.0
CCBL,4/19/2015,312.0,316.0,309.0,310.0,-0.64,2923.0,615.0,136.0
CCBL,4/20/2015,310.0,315.0,307.0,308.0,-0.65,4740.0,615.0,136.0
CCBL,4/21/2015,308.0,315.0,310.0,315.0,2.27,10811.0,615.0,136.0
CCBL,4/22/2015,315.0,310.0,307.0,310.0,-1.59,6607.0,615.0,136.0
CCBL,4/23/2015,310.0,316.0,307.0,313.0,0.97,10229.0,615.0,136.0
CCBL,5/24/2015,313.0,307.0,307.0,307.0,-1.92,50.0,615.0,136.0
CCBL,5/25/2015,307.0,301.0,277.0,277.0,-9.77,100.0,615.0,136.0
CCBL,5/26/2015,277.0,285.0,258.0,260.0,-6.14,12872.0,615.0,136.0
CCBL,5/27/2015,260.0,261.0,252.0,252.0,-3.08,9719.0,615.0,136.0
CCBL,5/28/2015,252.0,277.0,250.0,268.0,6.35,17075.0,615.0,136.0
CCBL,5/31/2015,268.0,285.0,273.0,277.0,3.36,12752.0,615.0,136.0
CCBL,6/1/2015,277.0,291.0,280.0,288.0,3.97,15788.0,615.0,136.0
CCBL,6/2/2015,288.0,294.0,283.0,291.0,1.04,19856.0,615.0,136.0
CCBL,6/3/2015,291.0,310.0,292.0,301.0,3.44,14534.0,615.0,136.0
CCBL,6/4/2015,301.0,307.0,295.0,303.0,0.66,19332.0,615.0,136.0
CCBL,6/7/2015,303.0,314.0,303.0,312.0,2.97,28210.0,615.0,136.0
CCBL,6/8/2015,312.0,326.0,315.0,321.0,2.88,29176.0,615.0,136.0
CCBL,6/9/2015,321.0,343.0,316.0,323.0,0.62,47054.0,615.0,136.0
CCBL,6/10/2015,323.0,328.0,315.0,321.0,-0.62,12043.0,615.0,136.0
CCBL,6/11/2015,321.0,321.0,309.0,319.0,-0.62,11591.0,615.0,136.0
CCBL,6/14/2015,319.0,319.0,310.0,315.0,-1.25,8728.0,615.0,136.0
CCBL,6/15/2015,315.0,324.0,313.0,317.0,0.63,6335.0,615.0,136.0
CCBL,6/16/2015,317.0,318.0,314.0,315.0,-0.63,12719.0,615.0,136.0
CCBL,6/17/2015,315.0,316.0,310.0,315.0,0.0,5583.0,615.0,136.0
CCBL,6/18/2015,315.0,319.0,313.0,314.0,-0.32,6758.0,615.0,136.0
CCBL,6/21/2015,314.0,311.0,303.0,305.0,-2.87,15787.0,615.0,136.0
CCBL,6/22/2015,305.0,315.0,303.0,315.0,3.28,5421.0,615.0,136.0
CCBL,6/23/2015,315.0,317.0,310.0,313.0,-0.63,6199.0,615.0,136.0
CCBL,6/24/2015,313.0,315.0,313.0,313.0,0.0,3858.0,615.0,136.0
CCBL,6/25/2015,313.0,316.0,307.0,311.0,-0.64,6754.0,615.0,136.0
CCBL,6/28/2015,311.0,318.0,312.0,316.0,1.61,11998.0,615.0,136.0
CCBL,6/29/2015,316.0,321.0,315.0,318.0,0.63,16594.0,615.0,136.0
CCBL,6/30/2015,318.0,319.0,314.0,317.0,-0.31,9491.0,615.0,136.0
CCBL,7/1/2015,317.0,326.0,315.0,315.0,-0.63,6599.0,615.0,136.0
CCBL,7/2/2015,315.0,318.0,310.0,310.0,-1.59,13696.0,615.0,136.0
CCBL,7/5/2015,310.0,316.0,310.0,310.0,0.0,9492.0,615.0,136.0
CCBL,7/6/2015,310.0,315.0,309.0,311.0,0.32,4854.0,615.0,136.0
CCBL,7/7/2015,311.0,318.0,309.0,313.0,0.64,10898.0,615.0,136.0
CCBL,7/8/2015,313.0,321.0,312.0,321.0,2.56,15881.0,615.0,136.0
CCBL,7/9/2015,321.0,319.0,311.0,315.0,-1.87,9570.0,615.0,136.0
CCBL,7/12/2015,315.0,314.0,311.0,314.0,-0.32,4853.0,615.0,136.0
CCBL,7/13/2015,314.0,317.0,312.0,317.0,0.96,5668.0,615.0,136.0
CCBL,7/14/2015,317.0,324.0,315.0,321.0,1.26,6961.0,615.0,136.0
CCBL,7/15/2015,321.0,322.0,315.0,317.0,-1.25,7992.0,615.0,136.0
CCBL,7/16/2015,317.0,321.0,318.0,319.0,0.63,9749.0,615.0,136.0
CCBL,7/22/2015,319.0,328.0,322.0,323.0,1.25,10969.0,615.0,136.0
CCBL,7/23/2015,323.0,352.0,329.0,345.0,6.81,29037.0,615.0,136.0
CCBL,7/26/2015,345.0,379.0,351.0,379.0,9.86,11607.0,615.0,136.0
CCBL,7/27/2015,379.0,393.0,342.0,342.0,-9.76,43152.0,615.0,136.0
CCBL,7/28/2015,342.0,354.0,327.0,340.0,-0.58,12765.0,615.0,136.0
CCBL,7/29/2015,340.0,341.0,333.0,340.0,0.0,12070.0,615.0,136.0
CCBL,7/30/2015,340.0,351.0,334.0,338.0,-0.59,10515.0,615.0,136.0
CCBL,8/2/2015,338.0,341.0,334.0,339.0,0.3,4187.0,615.0,136.0
CCBL,8/3/2015,339.0,343.0,329.0,338.0,-0.29,8226.0,615.0,136.0
CCBL,8/4/2015,338.0,338.0,331.0,336.0,-0.59,16392.0,615.0,136.0
CCBL,8/5/2015,336.0,340.0,330.0,333.0,-0.89,5638.0,615.0,136.0
CCBL,8/6/2015,333.0,339.0,327.0,335.0,0.6,9633.0,615.0,136.0
CCBL,8/9/2015,335.0,349.0,329.0,334.0,-0.3,15638.0,615.0,136.0
CCBL,8/10/2015,334.0,335.0,329.0,333.0,-0.3,25310.0,615.0,136.0
CCBL,8/11/2015,333.0,335.0,321.0,325.0,-2.4,19025.0,615.0,136.0
CCBL,8/12/2015,325.0,326.0,308.0,320.0,-1.54,19816.0,615.0,136.0
CCBL,8/13/2015,320.0,330.0,304.0,330.0,3.12,17079.0,615.0,136.0
CCBL,8/16/2015,330.0,340.0,322.0,330.0,0.0,52795.0,615.0,136.0
CCBL,8/17/2015,330.0,363.0,336.0,363.0,10.0,42049.0,615.0,136.0
CCBL,8/18/2015,363.0,391.0,353.0,376.0,3.58,82591.0,615.0,136.0
CCBL,8/19/2015,376.0,390.0,378.0,389.0,3.46,43598.0,615.0,136.0
CCBL,8/20/2015,389.0,412.0,389.0,394.0,1.29,40285.0,615.0,136.0
CCBL,8/23/2015,394.0,396.0,380.0,390.0,-1.02,33822.0,615.0,136.0
CCBL,8/24/2015,390.0,395.0,386.0,392.0,0.51,27220.0,615.0,136.0
CCBL,8/25/2015,392.0,390.0,371.0,390.0,-0.51,15736.0,615.0,136.0
CCBL,8/26/2015,390.0,390.0,387.0,390.0,0.0,12000.0,615.0,136.0
CCBL,8/27/2015,390.0,392.0,385.0,385.0,-1.28,9343.0,615.0,136.0
CCBL,8/31/2015,385.0,393.0,385.0,390.0,1.3,17984.0,615.0,136.0
CCBL,9/1/2015,390.0,393.0,388.0,390.0,0.0,14863.0,615.0,136.0
CCBL,9/2/2015,390.0,390.0,380.0,384.0,-1.54,10691.0,615.0,136.0
CCBL,9/3/2015,384.0,388.0,381.0,381.0,-0.78,30819.0,615.0,136.0
CCBL,9/6/2015,381.0,385.0,370.0,382.0,0.26,7964.0,615.0,136.0
CCBL,9/7/2015,382.0,390.0,383.0,385.0,0.79,13776.0,615.0,136.0
CCBL,9/8/2015,385.0,396.0,380.0,387.0,0.52,15012.0,615.0,136.0
CCBL,9/9/2015,387.0,390.0,385.0,387.0,0.0,8751.0,615.0,136.0
CCBL,9/10/2015,387.0,388.0,380.0,388.0,0.26,16448.0,615.0,136.0
CCBL,9/13/2015,388.0,395.0,384.0,390.0,0.52,14611.0,615.0,136.0
CCBL,9/14/2015,390.0,397.0,390.0,392.0,0.51,6928.0,615.0,136.0
CCBL,9/15/2015,392.0,401.0,390.0,401.0,2.3,23384.0,615.0,136.0
CCBL,9/16/2015,401.0,410.0,398.0,402.0,0.25,19696.0,615.0,136.0
CCBL,9/17/2015,402.0,403.0,379.0,400.0,-0.5,11472.0,615.0,136.0
CCBL,9/22/2015,400.0,408.0,385.0,386.0,-3.5,22951.0,615.0,136.0
CCBL,9/23/2015,386.0,398.0,386.0,398.0,3.11,14771.0,615.0,136.0
CCBL,9/24/2015,398.0,402.0,391.0,396.0,-0.5,17867.0,615.0,136.0
CCBL,9/28/2015,396.0,397.0,368.0,397.0,0.25,15900.0,615.0,136.0
CCBL,9/29/2015,397.0,398.0,385.0,398.0,0.25,15410.0,615.0,136.0
CCBL,9/30/2015,398.0,410.0,400.0,401.0,0.75,42882.0,615.0,136.0
CCBL,10/1/2015,401.0,403.0,396.0,397.0,-1.0,22636.0,615.0,136.0
CCBL,10/4/2015,397.0,403.0,395.0,397.0,0.0,24070.0,615.0,136.0
CCBL,10/5/2015,397.0,398.0,385.0,395.0,-0.5,12820.0,615.0,136.0
CCBL,10/6/2015,395.0,399.0,391.0,393.0,-0.51,63331.0,615.0,136.0
CCBL,10/7/2015,334.0,330.0,317.0,330.0,-16.03,2623.0,615.0,136.0
CCBL,10/8/2015,330.0,329.0,325.0,329.0,-0.3,5112.0,615.0,136.0
CCBL,10/11/2015,329.0,328.0,316.0,316.0,-3.95,3921.0,615.0,136.0
CCBL,10/14/2015,316.0,315.0,310.0,315.0,-0.32,2648.0,615.0,136.0
CCBL,10/15/2015,315.0,315.0,310.0,311.0,-1.27,4403.0,615.0,136.0
CCBL,10/18/2015,311.0,314.0,306.0,314.0,0.96,2211.0,615.0,136.0
CCBL,10/19/2015,314.0,315.0,308.0,310.0,-1.27,2173.0,615.0,136.0
CCBL,10/25/2015,310.0,315.0,305.0,315.0,1.61,640.0,615.0,136.0
CCBL,10/27/2015,315.0,315.0,300.0,302.0,-4.13,12218.0,615.0,136.0
CCBL,10/28/2015,302.0,304.0,290.0,300.0,-0.66,12425.0,615.0,136.0
CCBL,10/29/2015,300.0,310.0,301.0,302.0,0.67,2886.0,615.0,136.0
CCBL,11/1/2015,302.0,298.0,290.0,296.0,-1.99,11004.0,615.0,136.0
CCBL,11/2/2015,296.0,301.0,292.0,297.0,0.34,8565.0,615.0,136.0
CCBL,11/3/2015,297.0,295.0,290.0,295.0,-0.67,10435.0,615.0,136.0
CCBL,11/4/2015,295.0,299.0,285.0,299.0,1.36,5606.0,615.0,136.0
CCBL,11/5/2015,299.0,302.0,295.0,295.0,-1.34,13730.0,615.0,136.0
CCBL,11/8/2015,295.0,297.0,294.0,295.0,0.0,9597.0,615.0,136.0
CCBL,11/9/2015,295.0,306.0,299.0,302.0,2.37,6949.0,615.0,136.0
CCBL,11/10/2015,302.0,304.0,300.0,301.0,-0.33,6290.0,615.0,136.0
CCBL,11/15/2015,301.0,306.0,300.0,301.0,0.0,2125.0,615.0,136.0
CCBL,11/16/2015,301.0,303.0,296.0,300.0,-0.33,2713.0,615.0,136.0
CCBL,11/18/2015,300.0,300.0,296.0,297.0,-1.0,5509.0,615.0,136.0
CCBL,11/19/2015,297.0,300.0,295.0,300.0,1.01,8459.0,615.0,136.0
CCBL,11/22/2015,300.0,296.0,291.0,293.0,-2.33,8069.0,615.0,136.0
CCBL,11/23/2015,293.0,295.0,288.0,294.0,0.34,7687.0,615.0,136.0
CCBL,11/24/2015,294.0,290.0,285.0,290.0,-1.36,1175.0,615.0,136.0
CCBL,11/25/2015,290.0,295.0,290.0,290.0,0.0,5028.0,615.0,136.0
CCBL,11/26/2015,290.0,286.0,279.0,283.0,-2.41,7584.0,615.0,136.0
CCBL,11/29/2015,283.0,285.0,275.0,285.0,0.71,4666.0,615.0,136.0
CCBL,11/30/2015,285.0,295.0,280.0,284.0,-0.35,6847.0,615.0,136.0
CCBL,12/1/2015,284.0,300.0,285.0,294.0,3.52,2488.0,615.0,136.0
CCBL,12/2/2015,294.0,293.0,289.0,292.0,-0.68,1077.0,615.0,136.0
CCBL,12/3/2015,292.0,300.0,290.0,295.0,1.03,4556.0,615.0,136.0
CCBL,12/6/2015,295.0,306.0,298.0,300.0,1.69,8830.0,615.0,136.0
CCBL,12/7/2015,300.0,307.0,296.0,300.0,0.0,3326.0,615.0,136.0
CCBL,12/8/2015,300.0,300.0,299.0,300.0,0.0,2648.0,615.0,136.0
CCBL,12/9/2015,300.0,306.0,300.0,301.0,0.33,2509.0,615.0,136.0
CCBL,12/10/2015,301.0,305.0,300.0,302.0,0.33,2951.0,615.0,136.0
CCBL,12/13/2015,302.0,302.0,298.0,300.0,-0.66,1977.0,615.0,136.0
CCBL,12/14/2015,300.0,300.0,295.0,299.0,-0.33,2005.0,615.0,136.0
CCBL,12/15/2015,299.0,300.0,295.0,298.0,-0.33,1562.0,615.0,136.0
CCBL,12/16/2015,298.0,294.0,289.0,289.0,-3.02,2262.0,615.0,136.0
CCBL,12/17/2015,289.0,294.0,284.0,294.0,1.73,1316.0,615.0,136.0
CCBL,12/20/2015,294.0,294.0,290.0,293.0,-0.34,1398.0,615.0,136.0
CCBL,12/21/2015,293.0,297.0,291.0,297.0,1.37,2861.0,615.0,136.0
CCBL,12/22/2015,297.0,305.0,297.0,303.0,2.02,6728.0,615.0,136.0
CCBL,12/23/2015,303.0,304.0,290.0,290.0,-4.29,7969.0,615.0,136.0
CCBL,12/24/2015,290.0,297.0,290.0,296.0,2.07,5529.0,615.0,136.0
CCBL,12/27/2015,296.0,307.0,301.0,303.0,2.36,8075.0,615.0,136.0
CCBL,12/28/2015,303.0,309.0,302.0,306.0,0.99,4161.0,615.0,136.0
CCBL,12/29/2015,306.0,312.0,305.0,309.0,0.98,4502.0,615.0,136.0
CCBL,12/31/2015,309.0,315.0,310.0,312.0,0.97,3846.0,615.0,136.0
CCBL,1/3/2016,312.0,318.0,313.0,314.0,0.64,9200.0,615.0,136.0
CCBL,1/4/2016,314.0,316.0,308.0,314.0,0.0,7663.0,615.0,136.0
CCBL,1/5/2016,314.0,315.0,305.0,306.0,-2.55,5891.0,615.0,136.0
CCBL,1/6/2016,306.0,312.0,304.0,311.0,1.63,4302.0,615.0,136.0
CCBL,1/7/2016,311.0,312.0,310.0,311.0,0.0,6065.0,615.0,136.0
CCBL,1/10/2016,311.0,312.0,302.0,311.0,0.0,8017.0,615.0,136.0
CCBL,1/11/2016,311.0,312.0,308.0,310.0,-0.32,2897.0,615.0,136.0
CCBL,1/12/2016,310.0,315.0,310.0,312.0,0.65,8002.0,615.0,136.0
CCBL,1/13/2016,312.0,316.0,311.0,315.0,0.96,10141.0,615.0,136.0
CCBL,1/14/2016,315.0,335.0,321.0,333.0,5.71,61759.0,615.0,136.0
CCBL,1/17/2016,333.0,356.0,333.0,350.0,5.11,29528.0,615.0,136.0
CCBL,1/18/2016,350.0,358.0,345.0,348.0,-0.57,26956.0,615.0,136.0
CCBL,1/19/2016,348.0,349.0,339.0,347.0,-0.29,13391.0,615.0,136.0
CCBL,1/20/2016,347.0,351.0,345.0,345.0,-0.58,22862.0,615.0,136.0
CCBL,1/21/2016,345.0,349.0,343.0,349.0,1.16,34138.0,615.0,136.0
CCBL,1/24/2016,320.0,335.0,320.0,330.0,-5.44,6885.0,615.0,136.0
CCBL,1/25/2016,330.0,335.0,328.0,328.0,-0.61,10058.0,615.0,136.0
CCBL,1/26/2016,328.0,335.0,327.0,327.0,-0.3,11840.0,615.0,136.0
CCBL,1/27/2016,327.0,330.0,324.0,325.0,-0.61,14757.0,615.0,136.0
CCBL,1/28/2016,325.0,330.0,322.0,330.0,1.54,3874.0,615.0,136.0
CCBL,1/31/2016,330.0,330.0,326.0,329.0,-0.3,6316.0,615.0,136.0
CCBL,2/1/2016,329.0,335.0,330.0,334.0,1.52,14957.0,615.0,136.0
CCBL,2/2/2016,334.0,341.0,335.0,335.0,0.3,16005.0,615.0,136.0
CCBL,2/3/2016,335.0,341.0,335.0,338.0,0.9,5755.0,615.0,136.0
CCBL,2/4/2016,338.0,342.0,335.0,335.0,-0.89,8744.0,615.0,136.0
CCBL,2/7/2016,335.0,342.0,335.0,338.0,0.9,14873.0,615.0,136.0
CCBL,2/8/2016,338.0,350.0,340.0,344.0,1.78,32412.0,615.0,136.0
CCBL,2/11/2016,344.0,348.0,339.0,345.0,0.29,6621.0,615.0,136.0
CCBL,2/14/2016,345.0,350.0,337.0,342.0,-0.87,8367.0,615.0,136.0
CCBL,2/15/2016,342.0,342.0,328.0,342.0,0.0,11340.0,615.0,136.0
CCBL,2/16/2016,342.0,342.0,336.0,341.0,-0.29,5215.0,615.0,136.0
CCBL,2/17/2016,341.0,345.0,335.0,341.0,0.0,2485.0,615.0,136.0
CCBL,2/18/2016,341.0,347.0,341.0,344.0,0.88,10821.0,615.0,136.0
CCBL,2/21/2016,344.0,356.0,346.0,346.0,0.58,26292.0,615.0,136.0
CCBL,2/22/2016,346.0,352.0,346.0,350.0,1.16,26072.0,615.0,136.0
CCBL,2/23/2016,350.0,359.0,353.0,354.0,1.14,20217.0,615.0,136.0
CCBL,2/24/2016,354.0,361.0,350.0,358.0,1.13,16000.0,615.0,136.0
CCBL,2/25/2016,358.0,364.0,358.0,364.0,1.68,34166.0,615.0,136.0
CCBL,2/28/2016,364.0,395.0,367.0,388.0,6.59,65920.0,615.0,136.0
CCBL,2/29/2016,388.0,390.0,374.0,377.0,-2.84,18489.0,615.0,136.0
CCBL,3/1/2016,377.0,375.0,365.0,368.0,-2.39,13533.0,615.0,136.0
CCBL,3/2/2016,368.0,377.0,368.0,372.0,1.09,7476.0,615.0,136.0
CCBL,3/3/2016,372.0,375.0,366.0,370.0,-0.54,7250.0,615.0,136.0
CCBL,3/6/2016,370.0,371.0,365.0,370.0,0.0,9278.0,615.0,136.0
CCBL,3/10/2016,370.0,367.0,363.0,366.0,-1.08,5299.0,615.0,136.0
CCBL,3/13/2016,366.0,375.0,357.0,369.0,0.82,22147.0,615.0,136.0
CCBL,3/14/2016,369.0,369.0,364.0,367.0,-0.54,10986.0,615.0,136.0
CCBL,3/15/2016,367.0,368.0,361.0,362.0,-1.36,8054.0,615.0,136.0
CCBL,3/16/2016,362.0,381.0,365.0,368.0,1.66,16349.0,615.0,136.0
CCBL,3/17/2016,368.0,372.0,365.0,370.0,0.54,10154.0,615.0,136.0
CCBL,3/20/2016,370.0,382.0,374.0,380.0,2.7,8571.0,615.0,136.0
CCBL,3/21/2016,380.0,394.0,375.0,380.0,0.0,12875.0,615.0,136.0
CCBL,3/23/2016,380.0,380.0,375.0,378.0,-0.53,10860.0,615.0,136.0
CCBL,3/24/2016,378.0,380.0,374.0,375.0,-0.79,10308.0,615.0,136.0
CCBL,3/27/2016,375.0,384.0,370.0,378.0,0.8,39122.0,615.0,136.0
CCBL,3/28/2016,378.0,380.0,372.0,379.0,0.26,33395.0,615.0,136.0
CCBL,3/29/2016,379.0,380.0,373.0,378.0,-0.26,14115.0,615.0,136.0
CCBL,3/30/2016,378.0,379.0,370.0,375.0,-0.79,35462.0,615.0,136.0
CCBL,3/31/2016,375.0,377.0,373.0,376.0,0.27,18919.0,615.0,136.0
CCBL,4/3/2016,376.0,375.0,370.0,372.0,-1.06,8820.0,615.0,136.0
CCBL,4/4/2016,372.0,375.0,370.0,371.0,-0.27,11639.0,615.0,136.0
CCBL,4/5/2016,371.0,374.0,371.0,372.0,0.27,13223.0,615.0,136.0
CCBL,4/6/2016,372.0,379.0,372.0,375.0,0.81,10877.0,615.0,136.0
CCBL,4/10/2016,375.0,374.0,371.0,371.0,-1.07,8659.0,615.0,136.0
CCBL,4/11/2016,371.0,372.0,367.0,370.0,-0.27,7598.0,615.0,136.0
CCBL,4/12/2016,370.0,372.0,365.0,368.0,-0.54,35905.0,615.0,136.0
CCBL,4/14/2016,368.0,379.0,363.0,374.0,1.63,23251.0,615.0,136.0
CCBL,4/17/2016,374.0,384.0,374.0,378.0,1.07,17505.0,615.0,136.0
CCBL,4/18/2016,378.0,383.0,377.0,381.0,0.79,38871.0,615.0,136.0
CCBL,4/19/2016,381.0,392.0,382.0,390.0,2.36,49211.0,615.0,136.0
CCBL,4/20/2016,390.0,394.0,387.0,393.0,0.77,23441.0,615.0,136.0
CCBL,4/21/2016,393.0,396.0,389.0,396.0,0.76,23666.0,615.0,136.0
CCBL,4/24/2016,396.0,399.0,390.0,394.0,-0.51,14315.0,615.0,136.0
CCBL,4/25/2016,394.0,399.0,390.0,396.0,0.51,38907.0,615.0,136.0
CCBL,4/26/2016,396.0,400.0,390.0,390.0,-1.52,27815.0,615.0,136.0
CCBL,4/27/2016,390.0,394.0,382.0,390.0,0.0,13420.0,615.0,136.0
CCBL,4/28/2016,390.0,392.0,387.0,391.0,0.26,21070.0,615.0,136.0
CCBL,5/2/2016,391.0,395.0,384.0,387.0,-1.02,16632.0,615.0,136.0
CCBL,5/3/2016,387.0,390.0,380.0,384.0,-0.78,16361.0,615.0,136.0
CCBL,5/4/2016,384.0,382.0,376.0,380.0,-1.04,18529.0,615.0,136.0
CCBL,5/5/2016,380.0,381.0,370.0,379.0,-0.26,16842.0,615.0,136.0
CCBL,5/8/2016,379.0,381.0,376.0,380.0,0.26,12714.0,615.0,136.0
CCBL,5/9/2016,380.0,385.0,378.0,385.0,1.32,13443.0,615.0,136.0
CCBL,5/10/2016,385.0,385.0,380.0,381.0,-1.04,11425.0,615.0,136.0
CCBL,5/11/2016,381.0,383.0,379.0,383.0,0.52,14255.0,615.0,136.0
CCBL,5/12/2016,383.0,386.0,376.0,382.0,-0.26,12324.0,615.0,136.0
CCBL,5/15/2016,382.0,389.0,376.0,381.0,-0.26,12751.0,615.0,136.0
CCBL,5/16/2016,381.0,385.0,378.0,381.0,0.0,13759.0,615.0,136.0
CCBL,5/17/2016,381.0,396.0,382.0,390.0,2.36,41535.0,615.0,136.0
CCBL,5/18/2016,390.0,401.0,390.0,399.0,2.31,42764.0,615.0,136.0
CCBL,5/19/2016,399.0,425.0,400.0,420.0,5.26,132751.0,615.0,136.0
CCBL,5/22/2016,420.0,433.0,422.0,426.0,1.43,93842.0,615.0,136.0
CCBL,5/23/2016,426.0,429.0,423.0,427.0,0.23,33690.0,615.0,136.0
CCBL,5/24/2016,427.0,445.0,421.0,429.0,0.47,21594.0,615.0,136.0
CCBL,5/25/2016,429.0,430.0,413.0,415.0,-3.26,35092.0,615.0,136.0
CCBL,5/26/2016,415.0,422.0,402.0,417.0,0.48,33538.0,615.0,136.0
CCBL,5/29/2016,417.0,425.0,406.0,413.0,-0.96,22133.0,615.0,136.0
CCBL,5/30/2016,413.0,417.0,405.0,412.0,-0.24,24030.0,615.0,136.0
CCBL,5/31/2016,412.0,416.0,411.0,416.0,0.97,23075.0,615.0,136.0
CCBL,6/1/2016,416.0,415.0,407.0,412.0,-0.96,19835.0,615.0,136.0
CCBL,6/2/2016,412.0,413.0,402.0,411.0,-0.24,13917.0,615.0,136.0
CCBL,6/5/2016,411.0,414.0,395.0,398.0,-3.16,30472.0,615.0,136.0
CCBL,6/6/2016,398.0,410.0,405.0,406.0,2.01,15144.0,615.0,136.0
CCBL,6/7/2016,406.0,416.0,408.0,410.0,0.99,28123.0,615.0,136.0
CCBL,6/8/2016,410.0,425.0,409.0,424.0,3.41,34139.0,615.0,136.0
CCBL,6/9/2016,424.0,425.0,409.0,412.0,-2.83,24414.0,615.0,136.0
CCBL,6/12/2016,412.0,434.0,411.0,428.0,3.88,44150.0,615.0,136.0
CCBL,6/13/2016,428.0,431.0,415.0,421.0,-1.64,16573.0,615.0,136.0
CCBL,6/14/2016,421.0,428.0,419.0,423.0,0.48,47129.0,615.0,136.0
CCBL,6/15/2016,423.0,427.0,419.0,420.0,-0.71,18929.0,615.0,136.0
CCBL,6/16/2016,420.0,425.0,415.0,416.0,-0.95,20345.0,615.0,136.0
CCBL,6/19/2016,416.0,424.0,409.0,417.0,0.24,15072.0,615.0,136.0
CCBL,6/20/2016,417.0,418.0,411.0,416.0,-0.24,19274.0,615.0,136.0
CCBL,6/21/2016,416.0,426.0,415.0,418.0,0.48,14250.0,615.0,136.0
CCBL,6/22/2016,418.0,437.0,410.0,421.0,0.72,33758.0,615.0,136.0
CCBL,6/23/2016,421.0,425.0,418.0,423.0,0.48,20445.0,615.0,136.0
CCBL,6/26/2016,423.0,434.0,419.0,431.0,1.89,34296.0,615.0,136.0
CCBL,6/27/2016,431.0,474.0,430.0,474.0,9.98,82409.0,615.0,136.0
CCBL,6/28/2016,474.0,501.0,460.0,475.0,0.21,103214.0,615.0,136.0
CCBL,6/29/2016,475.0,502.0,470.0,482.0,1.47,42072.0,615.0,136.0
CCBL,6/30/2016,482.0,482.0,465.0,466.0,-3.32,36151.0,615.0,136.0
CCBL,7/3/2016,466.0,475.0,466.0,466.0,0.0,29871.0,615.0,136.0
CCBL,7/4/2016,466.0,477.0,463.0,471.0,1.07,18712.0,615.0,136.0
CCBL,7/5/2016,471.0,475.0,462.0,475.0,0.85,19211.0,615.0,136.0
CCBL,7/6/2016,475.0,475.0,466.0,470.0,-1.05,21248.0,615.0,136.0
CCBL,7/10/2016,470.0,480.0,468.0,479.0,1.91,27246.0,615.0,136.0
CCBL,7/11/2016,479.0,478.0,465.0,469.0,-2.09,28573.0,615.0,136.0
CCBL,7/12/2016,469.0,478.0,450.0,462.0,-1.49,21615.0,615.0,136.0
CCBL,7/13/2016,462.0,465.0,446.0,460.0,-0.43,19389.0,615.0,136.0
CCBL,7/14/2016,460.0,477.0,459.0,461.0,0.22,14668.0,615.0,136.0
CCBL,7/17/2016,461.0,497.0,461.0,484.0,4.99,46993.0,615.0,136.0
CCBL,7/18/2016,484.0,500.0,489.0,492.0,1.65,60030.0,615.0,136.0
CCBL,7/19/2016,492.0,510.0,495.0,505.0,2.64,80036.0,615.0,136.0
CCBL,7/20/2016,505.0,520.0,496.0,500.0,-0.99,51252.0,615.0,136.0
CCBL,7/21/2016,500.0,520.0,497.0,515.0,3.0,46111.0,615.0,136.0
CCBL,7/25/2016,515.0,566.0,515.0,562.0,9.13,111193.0,615.0,136.0
CCBL,7/26/2016,562.0,599.0,573.0,599.0,6.58,146847.0,615.0,136.0
CCBL,7/27/2016,599.0,615.0,600.0,601.0,0.33,111813.0,615.0,136.0
CCBL,7/28/2016,601.0,602.0,575.0,595.0,-1.0,72736.0,615.0,136.0
CCBL,7/31/2016,595.0,600.0,574.0,584.0,-1.85,85280.0,615.0,136.0
CCBL,8/1/2016,584.0,596.0,568.0,575.0,-1.54,109944.0,615.0,136.0
CCBL,8/2/2016,465.0,493.0,455.0,474.0,-17.57,47514.0,615.0,136.0
CCBL,8/3/2016,474.0,478.0,460.0,470.0,-0.84,18071.0,615.0,136.0
CCBL,8/4/2016,470.0,470.0,446.0,446.0,-5.11,19405.0,615.0,136.0
CCBL,8/7/2016,446.0,475.0,439.0,445.0,-0.22,31669.0,615.0,136.0
CCBL,8/8/2016,445.0,440.0,413.0,413.0,-7.19,8778.0,615.0,136.0
CCBL,8/9/2016,413.0,453.0,421.0,437.0,5.81,10756.0,615.0,136.0
CCBL,8/10/2016,437.0,462.0,435.0,449.0,2.75,38047.0,615.0,136.0
CCBL,8/11/2016,449.0,457.0,442.0,447.0,-0.45,23683.0,615.0,136.0
CCBL,8/14/2016,447.0,450.0,427.0,438.0,-2.01,14507.0,615.0,136.0
CCBL,8/15/2016,438.0,445.0,415.0,417.0,-4.79,16126.0,615.0,136.0
CCBL,8/16/2016,417.0,440.0,417.0,428.0,2.64,13605.0,615.0,136.0
CCBL,8/17/2016,428.0,436.0,421.0,423.0,-1.17,13727.0,615.0,136.0
CCBL,8/21/2016,423.0,430.0,416.0,423.0,0.0,11552.0,615.0,136.0
CCBL,8/22/2016,423.0,424.0,403.0,413.0,-2.36,9102.0,615.0,136.0
CCBL,8/23/2016,413.0,417.0,405.0,408.0,-1.21,13868.0,615.0,136.0
CCBL,8/24/2016,408.0,420.0,405.0,418.0,2.45,10502.0,615.0,136.0
CCBL,8/28/2016,418.0,425.0,414.0,420.0,0.48,15195.0,615.0,136.0
CCBL,8/29/2016,420.0,436.0,412.0,424.0,0.95,13627.0,615.0,136.0
CCBL,8/30/2016,424.0,445.0,430.0,445.0,4.95,26865.0,615.0,136.0
CCBL,8/31/2016,445.0,442.0,432.0,440.0,-1.12,5993.0,615.0,136.0
CCBL,9/1/2016,440.0,443.0,436.0,443.0,0.68,10406.0,615.0,136.0
CCBL,9/3/2016,443.0,449.0,436.0,440.0,-0.68,23062.0,615.0,136.0
CCBL,9/4/2016,443.0,449.0,436.0,440.0,0.0,23062.0,615.0,136.0
CCBL,9/5/2016,440.0,484.0,432.0,484.0,10.0,50251.0,615.0,136.0
CCBL,9/6/2016,484.0,532.0,490.0,500.0,3.31,186575.0,615.0,136.0
CCBL,9/7/2016,500.0,512.0,482.0,487.0,-2.6,70497.0,615.0,136.0
CCBL,9/8/2016,487.0,489.0,470.0,485.0,-0.41,19208.0,615.0,136.0
CCBL,9/11/2016,485.0,495.0,470.0,470.0,-3.09,18115.0,615.0,136.0
CCBL,9/12/2016,470.0,479.0,460.0,467.0,-0.64,14388.0,615.0,136.0
CCBL,9/14/2016,467.0,488.0,461.0,480.0,2.78,32048.0,615.0,136.0
CCBL,9/18/2016,480.0,476.0,465.0,470.0,-2.08,17746.0,615.0,136.0
CCBL,9/20/2016,470.0,470.0,462.0,466.0,-0.85,29396.0,615.0,136.0
CCBL,9/21/2016,466.0,465.0,449.0,460.0,-1.29,13625.0,615.0,136.0
CCBL,9/22/2016,460.0,462.0,450.0,455.0,-1.09,7207.0,615.0,136.0
CCBL,9/25/2016,455.0,450.0,433.0,436.0,-4.18,21028.0,615.0,136.0
CCBL,9/26/2016,436.0,462.0,436.0,455.0,4.36,15674.0,615.0,136.0
CCBL,9/27/2016,455.0,463.0,450.0,453.0,-0.44,11105.0,615.0,136.0
CCBL,9/28/2016,453.0,459.0,445.0,450.0,-0.66,12917.0,615.0,136.0
CCBL,9/29/2016,450.0,457.0,443.0,450.0,0.0,12110.0,615.0,136.0
CCBL,10/2/2016,450.0,449.0,440.0,445.0,-1.11,8736.0,615.0,136.0
CCBL,10/3/2016,445.0,464.0,442.0,448.0,0.67,11946.0,615.0,136.0
CCBL,10/4/2016,448.0,464.0,455.0,464.0,3.57,13258.0,615.0,136.0
CCBL,10/5/2016,464.0,474.0,454.0,470.0,1.29,11271.0,615.0,136.0
CCBL,10/6/2016,470.0,475.0,463.0,470.0,0.0,27899.0,615.0,136.0
CCBL,10/16/2016,470.0,470.0,455.0,455.0,-3.19,6205.0,615.0,136.0
CCBL,10/17/2016,455.0,469.0,448.0,461.0,1.32,14176.0,615.0,136.0
CCBL,10/18/2016,461.0,465.0,452.0,456.0,-1.08,15033.0,615.0,136.0
CCBL,10/19/2016,455.0,465.0,453.0,463.0,1.54,9935.0,615.0,136.0
CCBL,10/20/2016,463.0,468.0,460.0,465.0,0.43,5660.0,615.0,136.0
CCBL,10/23/2016,465.0,471.0,457.0,457.0,-1.72,10562.0,615.0,136.0
CCBL,10/24/2016,457.0,460.0,450.0,459.0,0.44,11584.0,615.0,136.0
CCBL,10/25/2016,459.0,459.0,445.0,459.0,0.0,10008.0,615.0,136.0
CCBL,10/26/2016,459.0,458.0,446.0,451.0,-1.74,9676.0,615.0,136.0
CCBL,10/27/2016,451.0,462.0,453.0,460.0,2.0,9681.0,615.0,136.0
CCBL,11/3/2016,460.0,455.0,442.0,455.0,-1.09,2426.0,615.0,136.0
CCBL,11/7/2016,455.0,456.0,447.0,448.0,-1.54,11974.0,615.0,136.0
CCBL,11/8/2016,448.0,448.0,436.0,441.0,-1.56,11228.0,615.0,136.0
CCBL,11/9/2016,441.0,448.0,425.0,434.0,-1.59,9936.0,615.0,136.0
CCBL,11/10/2016,434.0,439.0,421.0,429.0,-1.15,25010.0,615.0,136.0
CCBL,11/13/2016,429.0,434.0,409.0,425.0,-0.93,5271.0,615.0,136.0
CCBL,11/14/2016,425.0,427.0,417.0,422.0,-0.71,7819.0,615.0,136.0
CCBL,11/15/2016,422.0,430.0,418.0,421.0,-0.24,9731.0,615.0,136.0
CCBL,11/16/2016,421.0,421.0,410.0,421.0,0.0,10416.0,615.0,136.0
CCBL,11/17/2016,421.0,419.0,406.0,408.0,-3.09,11501.0,615.0,136.0
CCBL,11/20/2016,408.0,401.0,385.0,393.0,-3.68,16986.0,615.0,136.0
CCBL,11/21/2016,393.0,405.0,382.0,389.0,-1.02,15796.0,615.0,136.0
CCBL,11/22/2016,389.0,385.0,374.0,374.0,-3.86,11852.0,615.0,136.0
CCBL,11/23/2016,374.0,381.0,359.0,360.0,-3.74,23850.0,615.0,136.0
CCBL,11/24/2016,360.0,388.0,362.0,365.0,1.39,12814.0,615.0,136.0
CCBL,11/27/2016,365.0,360.0,345.0,347.0,-4.93,7933.0,615.0,136.0
CCBL,11/28/2016,347.0,367.0,314.0,367.0,5.76,8118.0,615.0,136.0
CCBL,11/29/2016,367.0,382.0,346.0,380.0,3.54,14831.0,615.0,136.0
CCBL,11/30/2016,380.0,400.0,383.0,400.0,5.26,23054.0,615.0,136.0
CCBL,12/1/2016,400.0,408.0,383.0,390.0,-2.5,8717.0,615.0,136.0
CCBL,12/4/2016,390.0,395.0,378.0,385.0,-1.28,5276.0,615.0,136.0
CCBL,12/5/2016,385.0,391.0,370.0,380.0,-1.3,8118.0,615.0,136.0
CCBL,12/6/2016,380.0,388.0,373.0,378.0,-0.53,3706.0,615.0,136.0
CCBL,12/7/2016,378.0,380.0,372.0,376.0,-0.53,4825.0,615.0,136.0
CCBL,12/8/2016,376.0,377.0,371.0,375.0,-0.27,7703.0,615.0,136.0
CCBL,12/11/2016,375.0,375.0,364.0,370.0,-1.33,4408.0,615.0,136.0
CCBL,12/12/2016,370.0,371.0,356.0,363.0,-1.89,10285.0,615.0,136.0
CCBL,12/14/2016,363.0,370.0,357.0,365.0,0.55,5132.0,615.0,136.0
CCBL,12/15/2016,365.0,367.0,360.0,365.0,0.0,8004.0,615.0,136.0
CCBL,12/18/2016,365.0,364.0,352.0,355.0,-2.74,11147.0,615.0,136.0
CCBL,12/19/2016,355.0,355.0,350.0,353.0,-0.56,13641.0,615.0,136.0
CCBL,12/20/2016,353.0,353.0,338.0,342.0,-3.12,19925.0,615.0,136.0
CCBL,12/21/2016,342.0,344.0,333.0,340.0,-0.58,8007.0,615.0,136.0
CCBL,12/22/2016,340.0,340.0,329.0,336.0,-1.18,9637.0,615.0,136.0
CCBL,12/26/2016,336.0,335.0,324.0,327.0,-2.68,18920.0,615.0,136.0
CCBL,12/27/2016,327.0,330.0,315.0,322.0,-1.53,9231.0,615.0,136.0
CCBL,12/28/2016,322.0,334.0,315.0,325.0,0.93,8963.0,615.0,136.0
CCBL,12/29/2016,325.0,341.0,325.0,330.0,1.54,15732.0,615.0,136.0
CCBL,1/1/2017,330.0,340.0,332.0,340.0,3.03,10815.0,615.0,136.0
CCBL,1/2/2017,340.0,358.0,334.0,346.0,1.76,15424.0,615.0,136.0
CCBL,1/3/2017,346.0,347.0,335.0,338.0,-2.31,7610.0,615.0,136.0
CCBL,1/4/2017,338.0,338.0,330.0,336.0,-0.59,7440.0,615.0,136.0
CCBL,1/5/2017,336.0,340.0,330.0,335.0,-0.3,9398.0,615.0,136.0
CCBL,1/8/2017,335.0,331.0,325.0,327.0,-2.39,7357.0,615.0,136.0
CCBL,1/9/2017,327.0,338.0,328.0,332.0,1.53,4378.0,615.0,136.0
CCBL,1/10/2017,332.0,335.0,329.0,333.0,0.3,3729.0,615.0,136.0
CCBL,1/11/2017,333.0,338.0,330.0,332.0,-0.3,3861.0,615.0,136.0
CCBL,1/12/2017,332.0,335.0,330.0,334.0,0.6,3271.0,615.0,136.0
CCBL,1/15/2017,334.0,336.0,328.0,334.0,0.0,8776.0,615.0,136.0
CCBL,1/16/2017,334.0,331.0,325.0,328.0,-1.8,3198.0,615.0,136.0
CCBL,1/17/2017,328.0,328.0,320.0,326.0,-0.61,4812.0,615.0,136.0
CCBL,1/18/2017,326.0,329.0,320.0,329.0,0.92,2671.0,615.0,136.0
CCBL,1/19/2017,329.0,335.0,325.0,325.0,-1.22,4483.0,615.0,136.0
CCBL,1/22/2017,325.0,327.0,320.0,322.0,-0.92,8571.0,615.0,136.0
CCBL,1/23/2017,322.0,325.0,318.0,323.0,0.31,6818.0,615.0,136.0
CCBL,1/24/2017,323.0,329.0,312.0,320.0,-0.93,15486.0,615.0,136.0
CCBL,1/25/2017,320.0,320.0,300.0,305.0,-4.69,16963.0,615.0,136.0
CCBL,1/26/2017,305.0,307.0,295.0,302.0,-0.98,12278.0,615.0,136.0
CCBL,1/30/2017,302.0,305.0,273.0,273.0,-9.6,21487.0,615.0,136.0
CCBL,1/31/2017,273.0,293.0,261.0,293.0,7.33,17986.0,615.0,136.0
CCBL,2/1/2017,293.0,314.0,288.0,314.0,7.17,14411.0,615.0,136.0
CCBL,2/2/2017,314.0,322.0,304.0,308.0,-1.91,15782.0,615.0,136.0
CCBL,2/5/2017,308.0,308.0,298.0,304.0,-1.3,6087.0,615.0,136.0
CCBL,2/6/2017,304.0,304.0,298.0,300.0,-1.32,3708.0,615.0,136.0
CCBL,2/7/2017,300.0,303.0,293.0,300.0,0.0,13192.0,615.0,136.0
CCBL,2/8/2017,300.0,300.0,291.0,292.0,-2.67,16093.0,615.0,136.0
CCBL,2/9/2017,292.0,295.0,288.0,291.0,-0.34,15872.0,615.0,136.0
CCBL,2/12/2017,291.0,295.0,269.0,275.0,-5.5,15634.0,615.0,136.0
CCBL,2/13/2017,275.0,285.0,255.0,284.0,3.27,15241.0,615.0,136.0
CCBL,2/14/2017,284.0,290.0,272.0,280.0,-1.41,13470.0,615.0,136.0
CCBL,2/15/2017,280.0,299.0,275.0,297.0,6.07,31337.0,615.0,136.0
CCBL,2/16/2017,297.0,305.0,286.0,295.0,-0.67,23287.0,615.0,136.0
CCBL,2/19/2017,295.0,302.0,286.0,300.0,1.69,21720.0,615.0,136.0
CCBL,2/20/2017,300.0,306.0,291.0,291.0,-3.0,11423.0,615.0,136.0
CCBL,2/21/2017,291.0,302.0,287.0,292.0,0.34,21176.0,615.0,136.0
CCBL,2/22/2017,292.0,296.0,279.0,284.0,-2.74,10772.0,615.0,136.0
CCBL,2/23/2017,284.0,287.0,274.0,284.0,0.0,6784.0,615.0,136.0
CCBL,2/26/2017,284.0,285.0,280.0,280.0,-1.41,13152.0,615.0,136.0
CCBL,2/28/2017,280.0,285.0,277.0,285.0,1.79,5893.0,615.0,136.0
CCBL,3/1/2017,285.0,293.0,286.0,292.0,2.46,4937.0,615.0,136.0
CCBL,3/2/2017,292.0,292.0,285.0,291.0,-0.34,3516.0,615.0,136.0
CCBL,3/5/2017,291.0,320.0,294.0,310.0,6.53,46610.0,615.0,136.0
CCBL,3/6/2017,310.0,316.0,304.0,306.0,-1.29,29809.0,615.0,136.0
CCBL,3/7/2017,306.0,306.0,296.0,301.0,-1.63,14891.0,615.0,136.0
CCBL,3/9/2017,301.0,305.0,299.0,303.0,0.66,12252.0,615.0,136.0
CCBL,3/13/2017,303.0,302.0,300.0,300.0,-0.99,9097.0,615.0,136.0
CCBL,3/14/2017,300.0,304.0,296.0,296.0,-1.33,3638.0,615.0,136.0
CCBL,3/15/2017,296.0,300.0,290.0,300.0,1.35,4440.0,615.0,136.0
CCBL,3/16/2017,300.0,302.0,297.0,297.0,-1.0,12554.0,615.0,136.0
CCBL,3/19/2017,297.0,309.0,300.0,305.0,2.69,20771.0,615.0,136.0
CCBL,3/20/2017,305.0,325.0,308.0,317.0,3.93,41159.0,615.0,136.0
CCBL,3/21/2017,317.0,327.0,310.0,327.0,3.15,22377.0,615.0,136.0
CCBL,3/22/2017,327.0,350.0,322.0,328.0,0.31,37078.0,615.0,136.0
CCBL,3/23/2017,328.0,352.0,334.0,342.0,4.27,108461.0,615.0,136.0
CCBL,3/26/2017,342.0,375.0,342.0,369.0,7.89,84659.0,615.0,136.0
CCBL,3/28/2017,369.0,405.0,376.0,405.0,9.76,46569.0,615.0,136.0
CCBL,3/29/2017,405.0,437.0,395.0,397.0,-1.98,69928.0,615.0,136.0
CCBL,3/30/2017,397.0,403.0,380.0,398.0,0.25,89786.0,615.0,136.0
CCBL,4/3/2017,362.0,398.0,369.0,387.0,-2.76,41367.0,615.0,136.0
CCBL,4/4/2017,387.0,396.0,373.0,380.0,-1.81,45490.0,615.0,136.0
CCBL,4/6/2017,380.0,387.0,371.0,385.0,1.32,22725.0,615.0,136.0
CCBL,4/9/2017,385.0,393.0,381.0,387.0,0.52,18250.0,615.0,136.0
CCBL,4/10/2017,387.0,389.0,380.0,383.0,-1.03,17118.0,615.0,136.0
CCBL,4/11/2017,383.0,397.0,384.0,385.0,0.52,24158.0,615.0,136.0
CCBL,4/12/2017,385.0,402.0,385.0,388.0,0.78,50460.0,615.0,136.0
CCBL,4/13/2017,388.0,400.0,381.0,383.0,-1.29,18577.0,615.0,136.0
CCBL,4/16/2017,383.0,400.0,381.0,381.0,-0.52,26743.0,615.0,136.0
CCBL,4/18/2017,381.0,382.0,365.0,365.0,-4.2,22916.0,615.0,136.0
CCBL,4/19/2017,365.0,382.0,372.0,381.0,4.38,14714.0,615.0,136.0
CCBL,4/20/2017,381.0,390.0,384.0,387.0,1.57,18654.0,615.0,136.0
CCBL,4/23/2017,387.0,417.0,394.0,400.0,3.36,43116.0,615.0,136.0
CCBL,4/24/2017,400.0,396.0,384.0,390.0,-2.5,19760.0,615.0,136.0
CCBL,4/25/2017,390.0,396.0,383.0,392.0,0.51,11609.0,615.0,136.0
CCBL,4/26/2017,392.0,392.0,387.0,387.0,-1.28,7700.0,615.0,136.0
CCBL,4/27/2017,387.0,390.0,380.0,385.0,-0.52,9270.0,615.0,136.0
CCBL,4/30/2017,385.0,387.0,378.0,380.0,-1.3,12168.0,615.0,136.0
CCBL,5/2/2017,380.0,387.0,375.0,377.0,-0.79,13814.0,615.0,136.0
CCBL,5/3/2017,377.0,389.0,375.0,378.0,0.27,12028.0,615.0,136.0
CCBL,5/4/2017,378.0,378.0,371.0,376.0,-0.53,9563.0,615.0,136.0
CCBL,5/7/2017,376.0,375.0,368.0,368.0,-2.13,15960.0,615.0,136.0
CCBL,5/8/2017,368.0,375.0,368.0,371.0,0.82,4990.0,615.0,136.0
CCBL,5/9/2017,371.0,375.0,368.0,370.0,-0.27,13616.0,615.0,136.0
CCBL,5/11/2017,370.0,380.0,370.0,379.0,2.43,7919.0,615.0,136.0
CCBL,5/15/2017,379.0,393.0,386.0,388.0,2.37,15412.0,615.0,136.0
CCBL,5/16/2017,388.0,390.0,382.0,383.0,-1.29,8899.0,615.0,136.0
CCBL,5/17/2017,383.0,393.0,380.0,385.0,0.52,12878.0,615.0,136.0
CCBL,5/18/2017,385.0,387.0,378.0,380.0,-1.3,10502.0,615.0,136.0
CCBL,5/21/2017,380.0,385.0,377.0,379.0,-0.26,8508.0,615.0,136.0
CCBL,5/22/2017,379.0,380.0,372.0,372.0,-1.85,9359.0,615.0,136.0
CCBL,5/23/2017,372.0,385.0,378.0,381.0,2.42,8177.0,615.0,136.0
CCBL,5/24/2017,381.0,385.0,375.0,383.0,0.52,7969.0,615.0,136.0
CCBL,5/28/2017,383.0,384.0,377.0,378.0,-1.31,13082.0,615.0,136.0
CCBL,5/30/2017,378.0,384.0,373.0,377.0,-0.26,12786.0,615.0,136.0
CCBL,5/31/2017,377.0,387.0,375.0,387.0,2.65,8836.0,615.0,136.0
CCBL,6/1/2017,387.0,390.0,376.0,380.0,-1.81,21543.0,615.0,136.0
CCBL,6/4/2017,380.0,380.0,370.0,375.0,-1.32,19291.0,615.0,136.0
CCBL,6/5/2017,375.0,381.0,375.0,377.0,0.53,6447.0,615.0,136.0
CCBL,6/6/2017,377.0,387.0,378.0,385.0,2.12,12230.0,615.0,136.0
CCBL,6/7/2017,385.0,394.0,382.0,384.0,-0.26,15231.0,615.0,136.0
CCBL,6/8/2017,384.0,387.0,375.0,375.0,-2.34,9464.0,615.0,136.0
CCBL,6/11/2017,375.0,381.0,357.0,370.0,-1.33,11901.0,615.0,136.0
CCBL,6/12/2017,370.0,375.0,363.0,367.0,-0.81,5473.0,615.0,136.0
CCBL,6/13/2017,367.0,376.0,366.0,370.0,0.82,8273.0,615.0,136.0
CCBL,6/14/2017,370.0,376.0,371.0,372.0,0.54,5887.0,615.0,136.0
CCBL,6/15/2017,372.0,377.0,370.0,372.0,0.0,10388.0,615.0,136.0
CCBL,6/18/2017,372.0,380.0,370.0,371.0,-0.27,7692.0,615.0,136.0
CCBL,6/19/2017,371.0,377.0,365.0,366.0,-1.35,8204.0,615.0,136.0
CCBL,6/20/2017,366.0,373.0,353.0,364.0,-0.55,12516.0,615.0,136.0
CCBL,6/21/2017,364.0,370.0,360.0,365.0,0.27,9024.0,615.0,136.0
CCBL,6/22/2017,365.0,370.0,361.0,366.0,0.27,13202.0,615.0,136.0
CCBL,6/25/2017,366.0,370.0,360.0,367.0,0.27,4322.0,615.0,136.0
CCBL,6/27/2017,367.0,371.0,365.0,366.0,-0.27,6600.0,615.0,136.0
CCBL,6/28/2017,366.0,370.0,362.0,370.0,1.09,7509.0,615.0,136.0
CCBL,7/2/2017,370.0,370.0,360.0,363.0,-1.89,7993.0,615.0,136.0
CCBL,7/3/2017,363.0,366.0,356.0,360.0,-0.83,9395.0,615.0,136.0
CCBL,7/4/2017,360.0,370.0,357.0,365.0,1.39,37167.0,615.0,136.0
CCBL,7/5/2017,365.0,372.0,363.0,365.0,0.0,43103.0,615.0,136.0
CCBL,7/6/2017,365.0,375.0,368.0,373.0,2.19,31529.0,615.0,136.0
CCBL,7/9/2017,373.0,388.0,368.0,378.0,1.34,46920.0,615.0,136.0
CCBL,7/10/2017,378.0,380.0,370.0,373.0,-1.32,93602.0,615.0,136.0
CCBL,7/11/2017,295.0,300.0,283.0,293.0,-21.45,28677.0,615.0,136.0
CCBL,7/12/2017,293.0,295.0,290.0,293.0,0.0,5330.0,615.0,136.0
CCBL,7/13/2017,293.0,295.0,285.0,290.0,-1.02,5052.0,615.0,136.0
CCBL,7/16/2017,290.0,295.0,280.0,282.0,-2.76,36054.0,615.0,136.0
CCBL,7/17/2017,282.0,285.0,280.0,285.0,1.06,14944.0,615.0,136.0
CCBL,7/18/2017,285.0,289.0,279.0,281.0,-1.4,25630.0,615.0,136.0
CCBL,7/19/2017,281.0,285.0,279.0,280.0,-0.36,29680.0,615.0,136.0
CCBL,7/20/2017,280.0,281.0,276.0,279.0,-0.36,20463.0,615.0,136.0
CCBL,7/23/2017,279.0,275.0,270.0,270.0,-3.23,29258.0,615.0,136.0
CCBL,7/24/2017,270.0,271.0,267.0,267.0,-1.11,22452.0,615.0,136.0
CCBL,7/25/2017,267.0,276.0,267.0,270.0,1.12,15107.0,615.0,136.0
CCBL,7/26/2017,270.0,275.0,265.0,268.0,-0.74,8552.0,615.0,136.0
CCBL,7/27/2017,268.0,270.0,261.0,266.0,-0.75,11831.0,615.0,136.0
CCBL,7/30/2017,266.0,270.0,264.0,268.0,0.75,10921.0,615.0,136.0
CCBL,7/31/2017,268.0,272.0,263.0,263.0,-1.87,12566.0,615.0,136.0
CCBL,8/1/2017,263.0,269.0,262.0,265.0,0.76,19982.0,615.0,136.0
CCBL,8/2/2017,265.0,269.0,265.0,266.0,0.38,9592.0,615.0,136.0
CCBL,8/3/2017,266.0,270.0,264.0,265.0,-0.38,15480.0,615.0,136.0
CCBL,8/6/2017,265.0,270.0,263.0,265.0,0.0,18533.0,615.0,136.0
CCBL,8/7/2017,265.0,270.0,262.0,262.0,-1.13,15387.0,615.0,136.0
CCBL,8/9/2017,262.0,264.0,261.0,263.0,0.38,11836.0,615.0,136.0
CCBL,8/10/2017,263.0,264.0,260.0,262.0,-0.38,20797.0,615.0,136.0
CCBL,8/13/2017,262.0,263.0,255.0,258.0,-1.53,10887.0,615.0,136.0
CCBL,8/15/2017,258.0,260.0,252.0,255.0,-1.16,9720.0,615.0,136.0
CCBL,8/16/2017,255.0,261.0,255.0,257.0,0.78,11950.0,615.0,136.0
CCBL,8/17/2017,257.0,258.0,253.0,255.0,-0.78,10645.0,615.0,136.0
CCBL,8/20/2017,255.0,255.0,250.0,253.0,-0.78,12875.0,615.0,136.0
CCBL,8/21/2017,253.0,253.0,245.0,252.0,-0.4,14620.0,615.0,136.0
CCBL,8/22/2017,252.0,254.0,246.0,252.0,0.0,14678.0,615.0,136.0
CCBL,8/23/2017,252.0,250.0,244.0,248.0,-1.59,19900.0,615.0,136.0
CCBL,8/24/2017,248.0,250.0,247.0,248.0,0.0,14776.0,615.0,136.0
CCBL,8/27/2017,248.0,252.0,240.0,248.0,0.0,16743.0,615.0,136.0
CCBL,8/28/2017,248.0,244.0,238.0,240.0,-3.23,29205.0,615.0,136.0
CCBL,8/30/2017,240.0,239.0,228.0,233.0,-2.92,42969.0,615.0,136.0
CCBL,8/31/2017,233.0,235.0,229.0,229.0,-1.72,47074.0,615.0,136.0
CCBL,9/4/2017,229.0,233.0,220.0,227.0,-0.87,34272.0,615.0,136.0
CCBL,9/6/2017,227.0,232.0,225.0,229.0,0.88,15786.0,615.0,136.0
CCBL,9/7/2017,229.0,230.0,219.0,224.0,-2.18,38774.0,615.0,136.0
CCBL,9/10/2017,224.0,223.0,218.0,221.0,-1.34,21674.0,615.0,136.0
CCBL,9/11/2017,221.0,223.0,217.0,220.0,-0.45,22251.0,615.0,136.0
CCBL,9/12/2017,220.0,221.0,215.0,217.0,-1.36,26821.0,615.0,136.0
CCBL,9/13/2017,217.0,220.0,215.0,215.0,-0.92,49155.0,615.0,136.0
CCBL,9/14/2017,215.0,222.0,217.0,220.0,2.33,15934.0,615.0,136.0
CCBL,9/17/2017,220.0,227.0,216.0,224.0,1.82,27181.0,615.0,136.0
CCBL,9/18/2017,224.0,231.0,223.0,225.0,0.45,19404.0,615.0,136.0
CCBL,9/20/2017,225.0,227.0,220.0,227.0,0.89,8806.0,615.0,136.0
CCBL,9/24/2017,227.0,227.0,219.0,224.0,-1.32,24297.0,615.0,136.0
CCBL,9/25/2017,224.0,230.0,225.0,229.0,2.23,15642.0,615.0,136.0
CCBL,9/26/2017,229.0,231.0,225.0,227.0,-0.87,17968.0,615.0,136.0
CCBL,10/3/2017,227.0,228.0,224.0,224.0,-1.32,5430.0,615.0,136.0
CCBL,10/4/2017,224.0,226.0,223.0,223.0,-0.45,9430.0,615.0,136.0
CCBL,10/8/2017,223.0,224.0,216.0,222.0,-0.45,22508.0,615.0,136.0
CCBL,10/9/2017,222.0,224.0,217.0,221.0,-0.45,14569.0,615.0,136.0
CCBL,10/10/2017,221.0,225.0,218.0,221.0,0.0,9421.0,615.0,136.0
CCBL,10/11/2017,221.0,224.0,218.0,220.0,-0.45,14337.0,615.0,136.0
CCBL,10/12/2017,220.0,223.0,217.0,220.0,0.0,10682.0,615.0,136.0
CCBL,10/15/2017,220.0,224.0,218.0,223.0,1.36,14671.0,615.0,136.0
CCBL,10/16/2017,223.0,230.0,225.0,229.0,2.69,14419.0,615.0,136.0
CCBL,10/17/2017,229.0,232.0,224.0,226.0,-1.31,25133.0,615.0,136.0
CCBL,10/18/2017,226.0,231.0,224.0,230.0,1.77,22709.0,615.0,136.0
CCBL,10/22/2017,230.0,234.0,228.0,228.0,-0.87,10179.0,615.0,136.0
CCBL,10/23/2017,228.0,231.0,225.0,228.0,0.0,15990.0,615.0,136.0
CCBL,10/24/2017,228.0,229.0,225.0,226.0,-0.88,9305.0,615.0,136.0
CCBL,10/25/2017,226.0,228.0,223.0,226.0,0.0,11026.0,615.0,136.0
CCBL,10/29/2017,226.0,228.0,220.0,222.0,-1.77,22643.0,615.0,136.0
CCBL,10/30/2017,222.0,226.0,221.0,224.0,0.9,28421.0,615.0,136.0
CCBL,10/31/2017,224.0,227.0,221.0,222.0,-0.89,21305.0,615.0,136.0
CCBL,11/1/2017,222.0,225.0,220.0,222.0,0.0,15277.0,615.0,136.0
CCBL,11/2/2017,222.0,230.0,219.0,224.0,0.9,22585.0,615.0,136.0
CCBL,11/5/2017,224.0,226.0,218.0,222.0,-0.89,35339.0,615.0,136.0
CCBL,11/6/2017,222.0,222.0,217.0,219.0,-1.35,23855.0,615.0,136.0
CCBL,11/7/2017,219.0,223.0,218.0,219.0,0.0,13451.0,615.0,136.0
CCBL,11/8/2017,219.0,220.0,216.0,219.0,0.0,17456.0,615.0,136.0
CCBL,11/9/2017,219.0,220.0,213.0,218.0,-0.46,22392.0,615.0,136.0
CCBL,11/12/2017,218.0,219.0,212.0,217.0,-0.46,32892.0,615.0,136.0
CCBL,11/13/2017,217.0,220.0,216.0,219.0,0.92,35302.0,615.0,136.0
CCBL,11/14/2017,219.0,226.0,217.0,223.0,1.83,56878.0,615.0,136.0
CCBL,11/15/2017,223.0,225.0,219.0,219.0,-1.79,31906.0,615.0,136.0
CCBL,11/16/2017,219.0,221.0,216.0,216.0,-1.37,19169.0,615.0,136.0
CCBL,11/19/2017,216.0,218.0,214.0,216.0,0.0,27172.0,615.0,136.0
CCBL,11/20/2017,216.0,217.0,214.0,215.0,-0.46,19943.0,615.0,136.0
CCBL,11/21/2017,215.0,220.0,214.0,217.0,0.93,14940.0,615.0,136.0
CCBL,11/22/2017,217.0,218.0,213.0,216.0,-0.46,26424.0,615.0,136.0
CCBL,11/23/2017,216.0,221.0,215.0,215.0,-0.46,20511.0,615.0,136.0
CCBL,11/26/2017,215.0,220.0,216.0,219.0,1.86,17332.0,615.0,136.0
CCBL,11/27/2017,219.0,219.0,216.0,218.0,-0.46,18072.0,615.0,136.0
CCBL,11/28/2017,218.0,219.0,216.0,219.0,0.46,18135.0,615.0,136.0
CCBL,11/29/2017,219.0,222.0,218.0,219.0,0.0,34784.0,615.0,136.0
CCBL,11/30/2017,219.0,220.0,216.0,216.0,-1.37,35361.0,615.0,136.0
CCBL,12/4/2017,216.0,220.0,216.0,216.0,0.0,22505.0,615.0,136.0
CCBL,12/5/2017,216.0,218.0,215.0,217.0,0.46,26048.0,615.0,136.0
CCBL,12/6/2017,217.0,222.0,215.0,220.0,1.38,16368.0,615.0,136.0
CCBL,12/10/2017,220.0,222.0,215.0,215.0,-2.27,21353.0,615.0,136.0
CCBL,12/11/2017,215.0,218.0,215.0,217.0,0.93,28021.0,615.0,136.0
CCBL,12/12/2017,217.0,217.0,215.0,216.0,-0.46,16243.0,615.0,136.0
CCBL,12/13/2017,216.0,219.0,214.0,217.0,0.46,13317.0,615.0,136.0
CCBL,12/14/2017,217.0,218.0,215.0,216.0,-0.46,17630.0,615.0,136.0
CCBL,12/17/2017,216.0,220.0,213.0,215.0,-0.46,12701.0,615.0,136.0
CCBL,12/18/2017,215.0,217.0,214.0,215.0,0.0,28723.0,615.0,136.0
CCBL,12/19/2017,215.0,218.0,212.0,215.0,0.0,21229.0,615.0,136.0
CCBL,12/20/2017,215.0,217.0,212.0,213.0,-0.93,12624.0,615.0,136.0
CCBL,12/21/2017,213.0,214.0,210.0,213.0,0.0,18875.0,615.0,136.0
CCBL,12/24/2017,213.0,216.0,210.0,210.0,-1.41,15181.0,615.0,136.0
CCBL,12/26/2017,210.0,212.0,208.0,209.0,-0.48,13961.0,615.0,136.0
CCBL,12/27/2017,209.0,210.0,201.0,205.0,-1.91,28954.0,615.0,136.0
CCBL,12/28/2017,205.0,205.0,200.0,203.0,-0.98,28388.0,615.0,136.0
CCBL,12/31/2017,203.0,202.0,197.0,200.0,-1.48,17338.0,615.0,136.0
CCBL,1/1/2018,200.0,207.0,197.0,204.0,2.0,25129.0,615.0,136.0
CCBL,1/2/2018,204.0,205.0,201.0,203.0,-0.49,11636.0,615.0,136.0
CCBL,1/3/2018,203.0,203.0,195.0,200.0,-1.48,16446.0,615.0,136.0
CCBL,1/4/2018,200.0,201.0,198.0,199.0,-0.5,17133.0,615.0,136.0
CCBL,1/7/2018,199.0,201.0,197.0,201.0,1.01,11871.0,615.0,136.0
CCBL,1/8/2018,201.0,200.0,198.0,200.0,-0.5,18975.0,615.0,136.0
CCBL,1/9/2018,200.0,203.0,199.0,201.0,0.5,9485.0,615.0,136.0
CCBL,1/10/2018,201.0,202.0,199.0,199.0,-1.0,8899.0,615.0,136.0
CCBL,1/14/2018,199.0,200.0,197.0,199.0,0.0,12212.0,615.0,136.0
CCBL,1/16/2018,199.0,200.0,197.0,197.0,-1.01,9822.0,615.0,136.0
CCBL,1/17/2018,197.0,200.0,194.0,197.0,0.0,11870.0,615.0,136.0
CCBL,1/21/2018,197.0,201.0,195.0,195.0,-1.02,24296.0,615.0,136.0
CCBL,1/22/2018,195.0,197.0,193.0,193.0,-1.03,12568.0,615.0,136.0
CCBL,1/23/2018,193.0,194.0,191.0,191.0,-1.04,15842.0,615.0,136.0
CCBL,1/24/2018,191.0,194.0,190.0,193.0,1.05,9933.0,615.0,136.0
CCBL,1/25/2018,193.0,195.0,192.0,194.0,0.52,13043.0,615.0,136.0
CCBL,1/28/2018,194.0,196.0,193.0,194.0,0.0,17172.0,615.0,136.0
CCBL,1/29/2018,194.0,198.0,194.0,196.0,1.03,23872.0,615.0,136.0
CCBL,1/31/2018,196.0,199.0,195.0,198.0,1.02,13783.0,615.0,136.0
CCBL,2/1/2018,198.0,200.0,197.0,199.0,0.51,21031.0,615.0,136.0
CCBL,2/4/2018,199.0,201.0,196.0,196.0,-1.51,19836.0,615.0,136.0
CCBL,2/5/2018,196.0,196.0,193.0,195.0,-0.51,17540.0,615.0,136.0
CCBL,2/6/2018,195.0,195.0,190.0,193.0,-1.03,23887.0,615.0,136.0
CCBL,2/7/2018,193.0,193.0,191.0,193.0,0.0,15882.0,615.0,136.0
CCBL,2/8/2018,193.0,192.0,190.0,191.0,-1.04,24134.0,615.0,136.0
CCBL,2/11/2018,191.0,193.0,191.0,191.0,0.0,21237.0,615.0,136.0
CCBL,2/12/2018,191.0,195.0,191.0,191.0,0.0,13773.0,615.0,136.0
CCBL,2/14/2018,191.0,193.0,189.0,192.0,0.52,24739.0,615.0,136.0
CCBL,2/15/2018,192.0,202.0,192.0,199.0,3.65,35071.0,615.0,136.0
CCBL,2/18/2018,200.0,207.0,198.0,202.0,1.51,86731.0,615.0,136.0
CCBL,2/20/2018,205.0,206.0,199.0,200.0,-0.99,53786.0,615.0,136.0
CCBL,2/21/2018,200.0,201.0,197.0,200.0,0.0,56892.0,615.0,136.0
CCBL,2/22/2018,200.0,205.0,200.0,203.0,1.5,166215.0,615.0,136.0
CCBL,2/25/2018,190.0,191.0,186.0,187.0,-7.88,23904.0,615.0,136.0
CCBL,2/26/2018,187.0,187.0,185.0,187.0,0.0,16820.0,615.0,136.0
CCBL,2/27/2018,185.0,190.0,185.0,188.0,0.53,13100.0,615.0,136.0
CCBL,2/28/2018,187.0,187.0,180.0,184.0,-2.13,20574.0,615.0,136.0
CCBL,3/4/2018,181.0,181.0,172.0,179.0,-2.72,19914.0,615.0,136.0
CCBL,3/5/2018,178.0,180.0,172.0,173.0,-3.35,29268.0,615.0,136.0
CCBL,3/6/2018,172.0,175.0,169.0,175.0,1.16,36632.0,615.0,136.0
CCBL,3/7/2018,175.0,182.0,175.0,180.0,2.86,32280.0,615.0,136.0
CCBL,3/11/2018,181.0,181.0,173.0,177.0,-1.67,14950.0,615.0,136.0
CCBL,3/12/2018,175.0,177.0,172.0,172.0,-2.82,13018.0,615.0,136.0
CCBL,3/13/2018,172.0,176.0,170.0,176.0,2.33,14927.0,615.0,136.0
CCBL,3/14/2018,175.0,177.0,173.0,176.0,0.0,7452.0,615.0,136.0
CCBL,3/15/2018,174.0,179.0,173.0,177.0,0.57,22517.0,615.0,136.0
CCBL,3/18/2018,176.0,179.0,175.0,176.0,-0.56,18665.0,615.0,136.0
CCBL,3/19/2018,178.0,178.0,172.0,172.0,-2.27,9295.0,615.0,136.0
CCBL,3/20/2018,170.0,172.0,169.0,171.0,-0.58,13986.0,615.0,136.0
CCBL,3/21/2018,170.0,172.0,167.0,170.0,-0.58,20050.0,615.0,136.0
CCBL,3/22/2018,171.0,175.0,168.0,169.0,-0.59,34221.0,615.0,136.0
CCBL,3/26/2018,166.0,166.0,156.0,163.0,-3.55,39454.0,615.0,136.0
CCBL,3/27/2018,165.0,175.0,155.0,174.0,6.75,48424.0,615.0,136.0
CCBL,3/28/2018,173.0,174.0,163.0,168.0,-3.45,30581.0,615.0,136.0
CCBL,3/29/2018,170.0,173.0,167.0,170.0,1.19,11959.0,615.0,136.0
CCBL,4/1/2018,170.0,173.0,166.0,167.0,-1.76,16422.0,615.0,136.0
CCBL,4/2/2018,168.0,169.0,166.0,168.0,0.6,10780.0,615.0,136.0
CCBL,4/3/2018,168.0,171.0,168.0,170.0,1.19,6439.0,615.0,136.0
CCBL,4/4/2018,171.0,174.0,170.0,173.0,1.76,18003.0,615.0,136.0
CCBL,4/5/2018,174.0,176.0,172.0,174.0,0.58,21036.0,615.0,136.0
CCBL,4/8/2018,175.0,180.0,175.0,177.0,1.72,30768.0,615.0,136.0
CCBL,4/9/2018,179.0,183.0,176.0,176.0,-0.56,38428.0,615.0,136.0
CCBL,4/10/2018,175.0,179.0,173.0,173.0,-1.7,18431.0,615.0,136.0
CCBL,4/11/2018,173.0,176.0,167.0,171.0,-1.16,8618.0,615.0,136.0
CCBL,4/12/2018,171.0,176.0,171.0,172.0,0.58,14256.0,615.0,136.0
CCBL,4/15/2018,172.0,175.0,166.0,175.0,1.74,9922.0,615.0,136.0
CCBL,4/16/2018,176.0,176.0,172.0,176.0,0.57,11926.0,615.0,136.0
CCBL,4/17/2018,175.0,180.0,174.0,176.0,0.0,27395.0,615.0,136.0
CCBL,4/18/2018,176.0,192.0,173.0,183.0,3.98,31845.0,615.0,136.0
CCBL,4/19/2018,182.0,190.0,180.0,189.0,3.28,33870.0,615.0,136.0
CCBL,4/22/2018,192.0,200.0,191.0,198.0,4.76,63676.0,615.0,136.0
CCBL,4/23/2018,201.0,205.0,191.0,193.0,-2.53,55863.0,615.0,136.0
CCBL,4/24/2018,196.0,202.0,192.0,198.0,2.59,139399.0,615.0,136.0
CCBL,4/25/2018,199.0,204.0,196.0,199.0,0.51,52695.0,615.0,136.0
CCBL,4/26/2018,200.0,200.0,193.0,196.0,-1.51,46209.0,615.0,136.0
CCBL,4/29/2018,196.0,197.0,193.0,195.0,-0.51,16351.0,615.0,136.0
CCBL,5/2/2018,195.0,196.0,191.0,195.0,0.0,18476.0,615.0,136.0
CCBL,5/3/2018,196.0,198.0,193.0,195.0,0.0,28916.0,615.0,136.0
CCBL,5/6/2018,196.0,196.0,191.0,191.0,-2.05,18077.0,615.0,136.0
CCBL,5/7/2018,191.0,193.0,190.0,190.0,-0.52,11539.0,615.0,136.0
CCBL,5/8/2018,193.0,194.0,191.0,194.0,2.11,16632.0,615.0,136.0
CCBL,5/9/2018,196.0,197.0,192.0,193.0,-0.52,14008.0,615.0,136.0
CCBL,5/10/2018,191.0,194.0,190.0,192.0,-0.52,11154.0,615.0,136.0
CCBL,5/14/2018,191.0,193.0,186.0,188.0,-2.08,46955.0,615.0,136.0
CCBL,5/15/2018,187.0,188.0,185.0,188.0,0.0,6077.0,615.0,136.0
CCBL,5/16/2018,189.0,190.0,187.0,188.0,0.0,3596.0,615.0,136.0
CCBL,5/17/2018,190.0,191.0,186.0,187.0,-0.53,9273.0,615.0,136.0
CCBL,5/20/2018,190.0,193.0,186.0,186.0,-0.53,21772.0,615.0,136.0
CCBL,5/21/2018,186.0,188.0,184.0,187.0,0.54,17671.0,615.0,136.0
CCBL,5/22/2018,186.0,187.0,185.0,185.0,-1.07,7500.0,615.0,136.0
CCBL,5/23/2018,185.0,188.0,184.0,185.0,0.0,8900.0,615.0,136.0
CCBL,5/24/2018,185.0,186.0,182.0,182.0,-1.62,13122.0,615.0,136.0
CCBL,5/27/2018,181.0,182.0,179.0,181.0,-0.55,24492.0,615.0,136.0
CCBL,5/28/2018,178.0,186.0,177.0,186.0,2.76,11350.0,615.0,136.0
CCBL,5/29/2018,188.0,188.0,184.0,185.0,-0.54,10772.0,615.0,136.0
CCBL,5/30/2018,188.0,189.0,183.0,183.0,-1.08,13208.0,615.0,136.0
CCBL,5/31/2018,181.0,184.0,180.0,183.0,0.0,14835.0,615.0,136.0
CCBL,6/3/2018,180.0,183.0,175.0,177.0,-3.28,33846.0,615.0,136.0
CCBL,6/4/2018,176.0,178.0,171.0,173.0,-2.26,23551.0,615.0,136.0
CCBL,6/6/2018,176.0,184.0,176.0,179.0,3.47,5243.0,615.0,136.0
CCBL,6/7/2018,179.0,180.0,170.0,172.0,-3.91,29468.0,615.0,136.0
CCBL,6/10/2018,173.0,173.0,167.0,169.0,-1.74,25408.0,615.0,136.0
CCBL,6/11/2018,169.0,174.0,167.0,170.0,0.59,17371.0,615.0,136.0
CCBL,6/12/2018,168.0,171.0,168.0,170.0,0.0,12862.0,615.0,136.0
CCBL,6/13/2018,170.0,172.0,169.0,169.0,-0.59,8590.0,615.0,136.0
CCBL,6/14/2018,170.0,175.0,170.0,171.0,1.18,5305.0,615.0,136.0
CCBL,6/17/2018,172.0,173.0,169.0,170.0,-0.58,8059.0,615.0,136.0
CCBL,6/18/2018,169.0,172.0,167.0,170.0,0.0,7231.0,615.0,136.0
CCBL,6/19/2018,169.0,170.0,166.0,167.0,-1.76,14387.0,615.0,136.0
CCBL,6/20/2018,166.0,170.0,166.0,170.0,1.8,6013.0,615.0,136.0
CCBL,6/21/2018,170.0,170.0,166.0,167.0,-1.76,5969.0,615.0,136.0
CCBL,6/24/2018,165.0,168.0,165.0,166.0,-0.6,12574.0,615.0,136.0
CCBL,6/25/2018,167.0,168.0,164.0,164.0,-1.2,32296.0,615.0,136.0
CCBL,6/26/2018,163.0,165.0,162.0,163.0,-0.61,12629.0,615.0,136.0
CCBL,6/27/2018,162.0,168.0,162.0,163.0,0.0,11435.0,615.0,136.0
CCBL,6/28/2018,163.0,166.0,163.0,164.0,0.61,7962.0,615.0,136.0
CCBL,7/1/2018,163.0,163.0,160.0,163.0,-0.61,25145.0,615.0,136.0
CCBL,7/2/2018,163.0,164.0,160.0,161.0,-1.23,8886.0,615.0,136.0
CCBL,7/3/2018,162.0,164.0,161.0,164.0,1.86,11739.0,615.0,136.0
CCBL,7/4/2018,163.0,169.0,161.0,165.0,0.61,15309.0,615.0,136.0
CCBL,7/5/2018,165.0,174.0,164.0,173.0,4.85,17628.0,615.0,136.0
CCBL,7/8/2018,173.0,176.0,170.0,170.0,-1.73,12038.0,615.0,136.0
CCBL,7/9/2018,171.0,172.0,166.0,166.0,-2.35,14078.0,615.0,136.0
CCBL,7/10/2018,167.0,176.0,165.0,169.0,1.81,16987.0,615.0,136.0
CCBL,7/11/2018,169.0,173.0,169.0,170.0,0.59,10071.0,615.0,136.0
CCBL,7/12/2018,169.0,170.0,167.0,167.0,-1.76,20591.0,615.0,136.0
CCBL,7/15/2018,167.0,170.0,165.0,168.0,0.6,6217.0,615.0,136.0
CCBL,7/16/2018,165.0,170.0,165.0,169.0,0.6,9629.0,615.0,136.0
CCBL,7/17/2018,169.0,169.0,167.0,167.0,-1.18,8247.0,615.0,136.0
CCBL,7/18/2018,166.0,170.0,166.0,167.0,0.0,5414.0,615.0,136.0
CCBL,7/19/2018,166.0,167.0,165.0,166.0,-0.6,9646.0,615.0,136.0
CCBL,7/22/2018,166.0,166.0,163.0,166.0,0.0,23679.0,615.0,136.0
CCBL,7/23/2018,166.0,167.0,164.0,167.0,0.6,15420.0,615.0,136.0
CCBL,7/24/2018,167.0,170.0,165.0,170.0,1.8,34120.0,615.0,136.0
CCBL,7/25/2018,167.0,169.0,165.0,166.0,-2.35,9064.0,615.0,136.0
CCBL,7/26/2018,167.0,170.0,165.0,166.0,0.0,8780.0,615.0,136.0
CCBL,7/29/2018,165.0,171.0,165.0,166.0,0.0,25946.0,615.0,136.0
CCBL,7/30/2018,166.0,168.0,165.0,166.0,0.0,14151.0,615.0,136.0
CCBL,7/31/2018,168.0,168.0,166.0,167.0,0.6,7744.0,615.0,136.0
CCBL,8/1/2018,167.0,168.0,166.0,168.0,0.6,8037.0,615.0,136.0
CCBL,8/2/2018,165.0,167.0,165.0,167.0,-0.6,4939.0,615.0,136.0
CCBL,8/5/2018,167.0,168.0,166.0,168.0,0.6,10910.0,615.0,136.0
CCBL,8/6/2018,170.0,170.0,168.0,168.0,0.0,7047.0,615.0,136.0
CCBL,8/7/2018,169.0,170.0,168.0,168.0,0.0,12233.0,615.0,136.0
CCBL,8/8/2018,169.0,170.0,168.0,170.0,1.19,17627.0,615.0,136.0
CCBL,8/9/2018,168.0,169.0,167.0,167.0,-1.76,6079.0,615.0,136.0
CCBL,8/12/2018,166.0,167.0,164.0,165.0,-1.2,11498.0,615.0,136.0
CCBL,8/13/2018,165.0,167.0,163.0,165.0,0.0,8088.0,615.0,136.0
CCBL,8/14/2018,166.0,168.0,165.0,166.0,0.61,5800.0,615.0,136.0
CCBL,8/15/2018,167.0,173.0,166.0,170.0,2.41,16423.0,615.0,136.0
CCBL,8/16/2018,173.0,175.0,170.0,171.0,0.59,22474.0,615.0,136.0
CCBL,8/19/2018,173.0,173.0,168.0,168.0,-1.75,2346.0,615.0,136.0
CCBL,8/20/2018,168.0,169.0,166.0,167.0,-0.6,11997.0,615.0,136.0
CCBL,8/21/2018,167.0,168.0,166.0,167.0,0.0,16477.0,615.0,136.0
CCBL,8/22/2018,165.0,168.0,165.0,167.0,0.0,4182.0,615.0,136.0
CCBL,8/23/2018,165.0,168.0,165.0,167.0,0.0,7260.0,615.0,136.0
CCBL,8/26/2018,169.0,169.0,167.0,168.0,0.6,14807.0,615.0,136.0
CCBL,8/28/2018,166.0,170.0,166.0,168.0,0.0,10822.0,615.0,136.0
CCBL,8/29/2018,166.0,170.0,166.0,168.0,0.0,13829.0,615.0,136.0
CCBL,8/30/2018,170.0,170.0,168.0,169.0,0.6,9846.0,615.0,136.0
CCBL,9/2/2018,168.0,172.0,168.0,170.0,0.59,13124.0,615.0,136.0
CCBL,9/3/2018,171.0,175.0,170.0,173.0,1.76,29582.0,615.0,136.0
CCBL,9/4/2018,174.0,178.0,173.0,177.0,2.31,27118.0,615.0,136.0
CCBL,9/5/2018,178.0,189.0,174.0,188.0,6.21,55489.0,615.0,136.0
CCBL,9/6/2018,186.0,190.0,179.0,183.0,-2.66,77233.0,615.0,136.0
CCBL,9/9/2018,180.0,182.0,178.0,178.0,-2.73,22929.0,615.0,136.0
CCBL,9/10/2018,179.0,180.0,175.0,175.0,-1.69,9224.0,615.0,136.0
CCBL,9/11/2018,175.0,181.0,175.0,179.0,2.29,9841.0,615.0,136.0
CCBL,9/12/2018,179.0,181.0,176.0,178.0,-0.56,24753.0,615.0,136.0
CCBL,9/13/2018,181.0,190.0,181.0,190.0,6.74,36063.0,615.0,136.0
CCBL,9/16/2018,191.0,197.0,189.0,189.0,-0.53,81373.0,615.0,136.0
CCBL,9/17/2018,188.0,193.0,186.0,186.0,-1.59,56892.0,615.0,136.0
CCBL,9/18/2018,185.0,187.0,183.0,185.0,-0.54,19556.0,615.0,136.0
CCBL,9/20/2018,187.0,188.0,184.0,186.0,0.54,24318.0,615.0,136.0
CCBL,9/23/2018,183.0,190.0,183.0,188.0,1.08,19513.0,615.0,136.0
CCBL,9/25/2018,191.0,200.0,190.0,200.0,6.38,79856.0,615.0,136.0
CCBL,9/26/2018,198.0,203.0,196.0,199.0,-0.5,90792.0,615.0,136.0
CCBL,9/27/2018,196.0,199.0,194.0,194.0,-2.51,33824.0,615.0,136.0
CCBL,9/30/2018,194.0,197.0,189.0,192.0,-1.03,34288.0,615.0,136.0
CCBL,10/1/2018,192.0,193.0,185.0,185.0,-3.65,24183.0,615.0,136.0
CCBL,10/2/2018,186.0,191.0,185.0,187.0,1.08,17859.0,615.0,136.0
CCBL,10/3/2018,185.0,188.0,182.0,182.0,-2.67,27516.0,615.0,136.0
CCBL,10/4/2018,181.0,186.0,181.0,181.0,-0.55,24104.0,615.0,136.0
CCBL,10/7/2018,181.0,183.0,179.0,182.0,0.55,16222.0,615.0,136.0
CCBL,10/8/2018,181.0,185.0,181.0,184.0,1.1,13843.0,615.0,136.0
CCBL,10/9/2018,185.0,187.0,184.0,186.0,1.09,25411.0,615.0,136.0
CCBL,10/10/2018,184.0,186.0,183.0,185.0,-0.54,8376.0,615.0,136.0
CCBL,10/11/2018,186.0,192.0,185.0,188.0,1.62,10773.0,615.0,136.0
CCBL,10/14/2018,191.0,197.0,187.0,197.0,4.79,15679.0,615.0,136.0
CCBL,10/15/2018,197.0,197.0,191.0,191.0,-3.05,20528.0,615.0,136.0
CCBL,10/21/2018,188.0,194.0,185.0,194.0,1.57,15012.0,615.0,136.0
CCBL,10/22/2018,195.0,195.0,191.0,193.0,-0.52,19545.0,615.0,136.0
CCBL,10/23/2018,193.0,193.0,190.0,193.0,0.0,7672.0,615.0,136.0
CCBL,10/24/2018,193.0,193.0,190.0,191.0,-1.04,10965.0,615.0,136.0
CCBL,10/25/2018,194.0,194.0,191.0,192.0,0.52,13254.0,615.0,136.0
CCBL,10/28/2018,189.0,190.0,187.0,188.0,-2.08,18184.0,615.0,136.0
CCBL,10/29/2018,185.0,187.0,184.0,185.0,-1.6,29902.0,615.0,136.0
CCBL,10/30/2018,185.0,187.0,184.0,186.0,0.54,25691.0,615.0,136.0
CCBL,10/31/2018,186.0,188.0,184.0,185.0,-0.54,11481.0,615.0,136.0
CCBL,11/1/2018,184.0,187.0,184.0,185.0,0.0,18998.0,615.0,136.0
CCBL,11/4/2018,183.0,184.0,181.0,181.0,-2.16,11747.0,615.0,136.0
CCBL,11/5/2018,184.0,185.0,184.0,185.0,2.21,5647.0,615.0,136.0
CCBL,11/6/2018,185.0,192.0,181.0,192.0,3.78,4399.0,615.0,136.0
CCBL,11/11/2018,192.0,192.0,185.0,186.0,-3.12,736.0,615.0,136.0
CCBL,11/12/2018,186.0,187.0,181.0,182.0,-2.15,8833.0,615.0,136.0
CCBL,11/13/2018,180.0,186.0,179.0,186.0,2.2,10177.0,615.0,136.0
CCBL,11/14/2018,187.0,190.0,185.0,186.0,0.0,3843.0,615.0,136.0
CCBL,11/15/2018,186.0,187.0,182.0,184.0,-1.08,8567.0,615.0,136.0
CCBL,11/18/2018,184.0,184.0,180.0,182.0,-1.09,19428.0,615.0,136.0
CCBL,11/19/2018,180.0,181.0,180.0,180.0,-1.1,10178.0,615.0,136.0
CCBL,11/20/2018,179.0,181.0,178.0,179.0,-0.56,11788.0,615.0,136.0
CCBL,11/21/2018,178.0,180.0,178.0,180.0,0.56,7926.0,615.0,136.0
CCBL,11/22/2018,181.0,182.0,178.0,179.0,-0.56,10196.0,615.0,136.0
CCBL,11/25/2018,177.0,180.0,175.0,176.0,-1.68,11684.0,615.0,136.0
CCBL,11/26/2018,177.0,181.23,176.0,178.0,1.14,9388.0,615.0,136.0
CCBL,11/27/2018,178.0,180.0,177.0,178.0,0.0,11074.0,615.0,136.0
CCBL,11/28/2018,178.0,179.0,177.0,177.0,-0.56,3680.0,615.0,136.0
CCBL,11/29/2018,177.0,179.0,174.0,174.0,-1.69,19505.0,615.0,136.0
CCBL,12/2/2018,174.0,174.0,170.0,170.0,-2.3,20007.0,615.0,136.0
CCBL,12/3/2018,171.0,175.0,168.0,171.0,0.59,13363.0,615.0,136.0
CCBL,12/4/2018,171.0,174.0,170.0,174.0,1.75,9764.0,615.0,136.0
CCBL,12/5/2018,171.0,173.0,169.0,170.0,-2.3,19805.0,615.0,136.0
CCBL,12/6/2018,170.0,172.0,165.0,170.0,0.0,17745.0,615.0,136.0
CCBL,12/9/2018,172.0,172.0,169.0,171.0,0.59,9885.0,615.0,136.0
CCBL,12/10/2018,171.0,177.0,171.0,174.0,1.75,22859.0,615.0,136.0
CCBL,12/11/2018,172.0,176.0,172.0,173.0,-0.57,17213.0,615.0,136.0
CCBL,12/12/2018,171.0,173.0,171.0,173.0,0.0,3111.0,615.0,136.0
CCBL,12/13/2018,172.0,176.0,172.0,175.0,1.16,11213.0,615.0,136.0
CCBL,12/16/2018,176.0,179.0,175.0,177.0,1.14,16894.0,615.0,136.0
CCBL,12/17/2018,177.0,182.0,177.0,181.0,2.26,15036.0,615.0,136.0
CCBL,12/18/2018,183.0,183.0,175.0,177.0,-2.21,13592.0,615.0,136.0
CCBL,12/19/2018,175.0,176.0,173.0,175.0,-1.13,8628.0,615.0,136.0
CCBL,12/20/2018,178.0,178.0,173.0,174.0,-0.57,20320.0,615.0,136.0
CCBL,12/23/2018,177.0,182.0,175.0,179.0,2.87,29395.0,615.0,136.0
CCBL,12/24/2018,181.0,182.0,176.0,176.0,-1.68,13940.0,615.0,136.0
CCBL,12/25/2018,176.0,177.0,174.0,175.0,-0.57,10132.0,615.0,136.0
CCBL,12/26/2018,174.0,181.0,174.0,180.0,2.86,49727.0,615.0,136.0
CCBL,12/27/2018,182.0,182.0,176.0,177.0,-1.67,23014.0,615.0,136.0
CCBL,12/30/2018,177.0,177.0,173.0,174.0,-1.69,13372.0,615.0,136.0
CCBL,12/31/2018,172.0,172.0,171.0,172.0,-1.15,17717.0,615.0,136.0
CCBL,1/1/2019,172.0,173.0,169.0,172.0,0.0,12714.0,615.0,136.0
CCBL,1/2/2019,171.0,172.0,170.0,171.0,-0.58,15716.0,615.0,136.0
CCBL,1/3/2019,172.0,172.0,168.0,170.0,-0.58,10245.0,615.0,136.0
CCBL,1/6/2019,170.0,171.0,169.0,170.0,0.0,14698.0,615.0,136.0
CCBL,1/7/2019,170.0,172.0,169.0,171.0,0.59,22866.0,615.0,136.0
CCBL,1/8/2019,171.0,172.0,169.0,170.0,-0.58,9952.0,615.0,136.0
CCBL,1/9/2019,170.0,172.0,170.0,172.0,1.18,8209.0,615.0,136.0
CCBL,1/10/2019,173.0,173.0,171.0,172.0,0.0,12154.0,615.0,136.0
CCBL,1/13/2019,170.0,171.0,170.0,170.0,-1.16,15116.0,615.0,136.0
CCBL,1/14/2019,168.0,171.0,168.0,169.0,-0.59,12989.0,615.0,136.0
CCBL,1/15/2019,170.0,172.0,169.0,172.0,1.78,12924.0,615.0,136.0
CCBL,1/16/2019,172.0,174.0,170.0,172.0,0.0,8077.0,615.0,136.0
CCBL,1/17/2019,171.0,172.0,169.0,171.0,-0.58,13916.0,615.0,136.0
CCBL,1/20/2019,171.0,172.0,170.0,170.0,-0.58,10284.0,615.0,136.0
CCBL,1/21/2019,170.0,173.0,170.0,171.0,0.59,31141.0,615.0,136.0
CCBL,1/22/2019,169.0,172.0,169.0,170.0,-0.58,9703.0,615.0,136.0
CCBL,1/23/2019,170.0,173.0,170.0,172.0,1.18,10406.0,615.0,136.0
CCBL,1/24/2019,172.0,172.0,170.0,171.0,-0.58,21002.0,615.0,136.0
CCBL,1/27/2019,170.0,171.0,168.0,170.0,-0.58,19711.0,615.0,136.0
CCBL,1/28/2019,171.0,171.0,169.0,169.0,-0.59,5677.0,615.0,136.0
CCBL,1/29/2019,169.0,170.0,168.0,169.0,0.0,6950.0,615.0,136.0
CCBL,1/30/2019,170.0,170.0,169.0,169.0,0.0,5939.0,615.0,136.0
CCBL,1/31/2019,168.0,169.0,168.0,169.0,0.0,6719.0,615.0,136.0
CCBL,2/3/2019,170.0,170.0,166.0,166.0,-1.78,20091.0,615.0,136.0
CCBL,2/4/2019,166.0,167.0,165.0,166.0,0.0,10665.0,615.0,136.0
CCBL,2/5/2019,166.0,168.0,166.0,167.0,0.6,7275.0,615.0,136.0
CCBL,2/6/2019,166.0,168.0,166.0,166.0,-0.6,20366.0,615.0,136.0
CCBL,2/7/2019,165.0,167.0,165.0,167.0,0.6,5834.0,615.0,136.0
CCBL,2/10/2019,169.0,169.0,162.0,163.0,-2.4,21105.0,615.0,136.0
CCBL,2/11/2019,164.0,165.0,162.0,162.0,-0.61,13771.0,615.0,136.0
CCBL,2/12/2019,162.0,164.0,160.0,161.0,-0.62,23956.0,615.0,136.0
CCBL,2/13/2019,161.0,163.0,160.0,160.0,-0.62,11425.0,615.0,136.0
CCBL,2/14/2019,159.0,161.0,158.0,160.0,0.0,19257.0,615.0,136.0
CCBL,2/17/2019,159.0,160.0,157.0,159.0,-0.62,11941.0,615.0,136.0
CCBL,2/18/2019,158.0,160.0,157.0,158.0,-0.63,13148.0,615.0,136.0
CCBL,2/19/2019,159.0,160.0,157.0,160.0,1.27,13718.0,615.0,136.0
CCBL,2/20/2019,161.0,162.0,158.0,159.0,-0.62,6149.0,615.0,136.0
CCBL,2/21/2019,157.0,161.0,157.0,158.0,-0.63,11019.0,615.0,136.0
CCBL,2/24/2019,157.0,161.0,156.0,159.0,0.63,9105.0,615.0,136.0
CCBL,2/25/2019,156.0,160.0,156.0,159.0,0.0,6590.0,615.0,136.0
CCBL,2/26/2019,158.0,160.0,156.0,159.0,0.0,8681.0,615.0,136.0
CCBL,2/27/2019,157.0,160.0,157.0,158.0,-0.63,11242.0,615.0,136.0
CCBL,3/3/2019,158.0,159.0,155.0,159.0,0.63,18199.0,615.0,136.0
CCBL,3/5/2019,157.0,160.0,157.0,159.0,0.0,5190.0,615.0,136.0
CCBL,3/6/2019,162.0,162.0,157.0,160.0,0.63,11244.0,615.0,136.0
CCBL,3/7/2019,160.0,163.0,160.0,163.0,1.88,18847.0,615.0,136.0
CCBL,3/10/2019,162.0,162.0,160.0,162.0,-0.61,2913.0,615.0,136.0
CCBL,3/11/2019,163.0,166.0,163.0,165.0,1.85,27468.0,615.0,136.0
CCBL,3/12/2019,168.0,169.0,164.0,169.0,2.42,42619.0,615.0,136.0
CCBL,3/13/2019,170.0,170.0,164.0,165.0,-2.37,11591.0,615.0,136.0
CCBL,3/14/2019,164.0,167.0,162.0,166.0,0.61,11669.0,615.0,136.0
CCBL,3/17/2019,165.0,168.0,165.0,167.0,0.6,10724.0,615.0,136.0
CCBL,3/18/2019,167.0,167.0,161.0,164.0,-1.8,25176.0,615.0,136.0
CCBL,3/19/2019,165.0,165.0,161.0,162.0,-1.22,19713.0,615.0,136.0
CCBL,3/21/2019,164.0,164.0,160.0,160.0,-1.23,40969.0,615.0,136.0
CCBL,3/24/2019,160.0,161.0,159.0,159.0,-0.62,21228.0,615.0,136.0
CCBL,3/25/2019,159.0,161.0,158.0,160.0,0.63,35382.0,615.0,136.0
CCBL,3/26/2019,160.0,163.0,160.0,163.0,1.88,16299.0,615.0,136.0
CCBL,3/27/2019,163.0,163.0,161.0,163.0,0.0,28176.0,615.0,136.0
CCBL,3/28/2019,163.0,171.0,162.0,163.0,0.0,35746.0,615.0,136.0
CCBL,3/31/2019,164.0,166.0,164.0,165.0,1.23,24196.0,615.0,136.0
CCBL,4/1/2019,164.0,166.0,164.0,165.0,0.0,13397.0,615.0,136.0
CCBL,4/2/2019,165.0,170.0,165.0,168.0,1.82,27836.0,615.0,136.0
CCBL,4/3/2019,167.0,171.0,167.0,168.0,0.0,61260.0,615.0,136.0
CCBL,4/4/2019,167.0,170.0,165.0,167.0,-0.6,14560.0,615.0,136.0
CCBL,4/7/2019,168.0,172.0,165.0,172.0,2.99,37843.0,615.0,136.0
CCBL,4/8/2019,172.0,174.0,169.0,171.0,-0.58,60842.0,615.0,136.0
CCBL,4/9/2019,173.0,173.0,168.0,168.0,-1.75,31015.0,615.0,136.0
CCBL,4/10/2019,170.0,172.0,169.0,172.0,2.38,63910.0,615.0,136.0
CCBL,4/11/2019,173.0,173.0,170.0,170.0,-1.16,46632.0,615.0,136.0
CCBL,4/15/2019,165.0,167.0,164.0,165.0,-2.94,5911.0,615.0,136.0
CCBL,4/16/2019,165.0,169.0,164.0,169.0,2.42,21030.0,615.0,136.0
CCBL,4/17/2019,170.0,174.0,169.0,170.0,0.59,55278.0,615.0,136.0
CCBL,4/18/2019,168.0,172.0,167.0,170.0,0.0,14137.0,615.0,136.0
CCBL,4/21/2019,171.0,172.0,168.0,171.0,0.59,72354.0,615.0,136.0
CCBL,4/22/2019,174.0,177.0,170.0,171.0,0.0,92719.0,615.0,136.0
CCBL,4/23/2019,169.0,172.0,168.0,170.0,-0.58,17326.0,615.0,136.0
CCBL,4/24/2019,170.0,182.0,170.0,179.0,5.29,88662.0,615.0,136.0
CCBL,4/25/2019,182.0,185.0,179.0,181.0,1.12,104300.0,615.0,136.0
CCBL,4/28/2019,184.0,186.0,176.0,177.0,-2.21,80561.0,615.0,136.0
CCBL,4/29/2019,177.0,180.0,175.0,177.0,0.0,34955.0,615.0,136.0
CCBL,4/30/2019,175.0,179.0,173.0,174.0,-1.69,35433.0,615.0,136.0
CCBL,5/2/2019,172.0,175.0,171.0,173.0,-0.57,28492.0,615.0,136.0
CCBL,5/5/2019,181.0,181.0,170.0,170.0,-1.73,28112.0,615.0,136.0
CCBL,5/6/2019,171.0,176.0,168.0,176.0,3.53,29190.0,615.0,136.0
CCBL,5/7/2019,174.0,180.0,174.0,179.0,1.7,96221.0,615.0,136.0
CCBL,5/8/2019,174.0,180.0,174.0,177.0,-1.12,29937.0,615.0,136.0
CCBL,5/9/2019,177.0,177.0,174.0,176.0,-0.56,23024.0,615.0,136.0
CCBL,5/12/2019,174.0,175.0,172.0,174.0,-1.14,23357.0,615.0,136.0
CCBL,5/13/2019,172.0,177.0,169.0,173.0,-0.57,48101.0,615.0,136.0
CCBL,5/14/2019,172.0,173.0,169.0,171.0,-1.16,46845.0,615.0,136.0
CCBL,5/15/2019,171.0,173.0,170.0,170.0,-0.58,48777.0,615.0,136.0
CCBL,5/16/2019,170.0,172.0,168.0,169.0,-0.59,51272.0,615.0,136.0
CCBL,5/19/2019,169.0,174.0,168.0,168.0,-0.59,48404.0,615.0,136.0
CCBL,5/20/2019,169.0,174.0,168.0,168.0,0.0,58668.0,615.0,136.0
CCBL,5/21/2019,169.0,170.0,168.0,169.0,0.6,25841.0,615.0,136.0
CCBL,5/22/2019,172.0,172.0,168.0,169.0,0.0,32897.0,615.0,136.0
CCBL,5/23/2019,172.0,172.0,168.0,168.0,-0.59,34163.0,615.0,136.0
CCBL,5/26/2019,168.0,170.0,167.0,168.0,0.0,29756.0,615.0,136.0
CCBL,5/27/2019,167.0,169.0,165.0,168.0,0.0,38896.0,615.0,136.0
CCBL,5/28/2019,166.0,170.0,166.0,169.0,0.6,24441.0,615.0,136.0
CCBL,5/29/2019,169.0,170.0,167.0,169.0,0.0,19489.0,615.0,136.0
CCBL,5/30/2019,172.0,175.0,169.0,169.0,0.0,86935.0,615.0,136.0
CCBL,6/2/2019,170.0,170.0,168.0,168.0,-0.59,12487.0,615.0,136.0
CCBL,6/3/2019,170.0,170.0,165.0,166.0,-1.19,43340.0,615.0,136.0
CCBL,6/4/2019,166.0,168.0,165.0,166.0,0.0,15657.0,615.0,136.0
CCBL,6/6/2019,166.0,168.0,166.0,166.0,0.0,20627.0,615.0,136.0
CCBL,6/10/2019,165.0,168.0,164.0,165.0,-0.6,29256.0,615.0,136.0
CCBL,6/11/2019,165.0,168.0,165.0,166.0,0.61,19298.0,615.0,136.0
CCBL,6/12/2019,166.0,167.0,164.0,167.0,0.6,19094.0,615.0,136.0
CCBL,6/13/2019,166.0,170.0,164.0,168.0,0.6,25656.0,615.0,136.0
CCBL,6/16/2019,165.0,167.0,163.0,165.0,-1.79,34070.0,615.0,136.0
CCBL,6/17/2019,162.0,168.0,162.0,166.0,0.61,18509.0,615.0,136.0
CCBL,6/18/2019,166.0,168.0,164.0,166.0,0.0,20002.0,615.0,136.0
CCBL,6/19/2019,166.0,166.0,164.0,165.0,-0.6,13675.0,615.0,136.0
CCBL,6/20/2019,166.0,171.0,165.0,171.0,3.64,43318.0,615.0,136.0
CCBL,6/23/2019,168.0,169.0,166.0,168.0,-1.75,21745.0,615.0,136.0
CCBL,6/24/2019,166.0,175.0,166.0,169.0,0.6,14498.0,615.0,136.0
CCBL,6/25/2019,169.0,171.0,167.0,167.0,-1.18,21343.0,615.0,136.0
CCBL,6/26/2019,168.0,168.0,166.0,167.0,0.0,23394.0,615.0,136.0
CCBL,6/27/2019,168.0,169.0,166.0,167.0,0.0,19545.0,615.0,136.0
CCBL,6/30/2019,167.0,168.0,165.0,166.0,-0.6,21195.0,615.0,136.0
CCBL,7/1/2019,167.0,167.0,165.0,166.0,0.0,26238.0,615.0,136.0
CCBL,7/2/2019,166.0,176.0,166.0,176.0,6.02,112260.0,615.0,136.0
CCBL,7/3/2019,175.0,185.0,170.0,180.0,2.27,191108.0,615.0,136.0
CCBL,7/4/2019,183.0,183.0,175.0,178.0,-1.11,121245.0,615.0,136.0
CCBL,7/7/2019,181.0,185.0,180.0,182.0,2.25,180063.0,615.0,136.0
CCBL,7/8/2019,183.0,183.0,177.0,179.0,-1.65,97565.0,615.0,136.0
CCBL,7/9/2019,181.0,181.0,176.0,178.0,-0.56,39560.0,615.0,136.0
CCBL,7/10/2019,180.0,180.0,175.0,176.0,-1.12,48366.0,615.0,136.0
CCBL,7/11/2019,179.0,179.0,176.0,177.0,0.57,21166.0,615.0,136.0
CCBL,7/14/2019,176.0,179.0,176.0,176.0,-0.56,43504.0,615.0,136.0
CCBL,7/15/2019,177.0,178.0,176.0,177.0,0.57,17123.0,615.0,136.0
CCBL,7/16/2019,185.0,185.0,175.0,177.0,0.0,29186.0,615.0,136.0
CCBL,7/17/2019,177.0,180.0,177.0,179.0,1.13,13183.0,615.0,136.0
CCBL,7/18/2019,181.0,181.0,178.0,179.0,0.0,20329.0,615.0,136.0
CCBL,7/21/2019,179.0,180.0,177.0,179.0,0.0,18520.0,615.0,136.0
CCBL,7/22/2019,179.0,180.0,178.0,179.0,0.0,17165.0,615.0,136.0
CCBL,7/23/2019,179.0,179.0,177.0,178.0,-0.56,12316.0,615.0,136.0
CCBL,7/24/2019,180.0,180.0,177.0,178.0,0.0,20737.0,615.0,136.0
CCBL,7/25/2019,175.0,178.0,174.0,174.0,-2.25,46180.0,615.0,136.0
CCBL,7/28/2019,174.0,177.0,170.0,171.0,-1.72,23996.0,615.0,136.0
CCBL,7/29/2019,170.0,173.0,170.0,173.0,1.17,28545.0,615.0,136.0
CCBL,7/30/2019,172.0,174.0,170.0,170.0,-1.73,31381.0,615.0,136.0
CCBL,7/31/2019,173.0,175.0,169.0,170.0,0.0,22123.0,615.0,136.0
CCBL,8/1/2019,170.0,173.0,170.0,172.0,1.18,10230.0,615.0,136.0
CCBL,8/4/2019,175.0,175.0,169.0,170.0,-1.16,15643.0,615.0,136.0
CCBL,8/5/2019,168.0,170.0,167.0,170.0,0.0,38540.0,615.0,136.0
CCBL,8/6/2019,167.0,168.0,165.0,166.0,-2.35,20065.0,615.0,136.0
CCBL,8/7/2019,167.0,169.0,164.0,167.0,0.6,15345.0,615.0,136.0
CCBL,8/8/2019,167.0,167.0,166.0,166.0,-0.6,6818.0,615.0,136.0
CCBL,8/11/2019,165.0,166.0,164.0,165.0,-0.6,18096.0,615.0,136.0
CCBL,8/12/2019,165.0,167.0,164.0,165.0,0.0,6240.0,615.0,136.0
CCBL,8/13/2019,165.0,166.0,163.0,163.0,-1.21,19224.0,615.0,136.0
CCBL,8/14/2019,162.0,165.0,162.0,165.0,1.23,8821.0,615.0,136.0
CCBL,8/15/2019,163.0,164.0,160.0,162.0,-1.82,29439.0,615.0,136.0
CCBL,8/18/2019,160.0,161.0,157.0,157.0,-3.09,24102.0,615.0,136.0
CCBL,8/19/2019,159.0,161.0,157.0,161.0,2.55,22646.0,615.0,136.0
CCBL,8/20/2019,159.0,160.0,157.0,160.0,-0.62,10355.0,615.0,136.0
CCBL,8/21/2019,158.0,161.0,158.0,160.0,0.0,13437.0,615.0,136.0
CCBL,8/22/2019,159.0,160.0,157.0,157.0,-1.88,14963.0,615.0,136.0
CCBL,8/25/2019,157.0,158.0,156.0,158.0,0.64,20198.0,615.0,136.0
CCBL,8/26/2019,155.0,158.0,155.0,156.0,-1.27,17255.0,615.0,136.0
CCBL,8/27/2019,155.0,159.0,155.0,159.0,1.92,11543.0,615.0,136.0
CCBL,8/28/2019,157.0,162.0,156.0,156.0,-1.89,14951.0,615.0,136.0
CCBL,8/29/2019,156.0,160.0,156.0,158.0,1.28,19983.0,615.0,136.0
CCBL,9/1/2019,159.0,163.0,158.0,159.0,0.63,31469.0,615.0,136.0
CCBL,9/2/2019,158.0,158.0,157.0,158.0,-0.63,37877.0,615.0,136.0
CCBL,9/3/2019,156.0,159.0,156.0,159.0,0.63,36979.0,615.0,136.0
CCBL,9/4/2019,160.0,162.0,157.0,160.0,0.63,14061.0,615.0,136.0
CCBL,9/5/2019,160.0,162.0,158.0,160.0,0.0,38808.0,615.0,136.0
CCBL,9/8/2019,158.0,160.0,158.0,160.0,0.0,8244.0,615.0,136.0
CCBL,9/9/2019,160.0,160.0,158.0,159.0,-0.62,18726.0,615.0,136.0
CCBL,9/10/2019,159.0,159.0,157.0,158.0,-0.63,11606.0,615.0,136.0
CCBL,9/11/2019,158.0,159.0,157.0,158.0,0.0,9643.0,615.0,136.0
CCBL,9/12/2019,156.0,158.0,156.0,158.0,0.0,12446.0,615.0,136.0
CCBL,9/15/2019,156.0,158.0,155.0,155.0,-1.9,33685.0,615.0,136.0
CCBL,9/16/2019,154.0,157.0,154.0,155.0,0.0,22840.0,615.0,136.0
CCBL,9/17/2019,155.0,159.0,155.0,158.0,1.94,21562.0,615.0,136.0
CCBL,9/18/2019,160.0,160.0,157.0,160.0,1.27,22156.0,615.0,136.0
CCBL,9/19/2019,158.0,160.0,157.0,158.0,-1.25,12095.0,615.0,136.0
CCBL,9/22/2019,156.0,156.0,154.0,154.0,-2.53,10266.0,615.0,136.0
CCBL,9/23/2019,153.0,156.0,153.0,154.0,0.0,21755.0,615.0,136.0
CCBL,9/24/2019,152.0,154.0,152.0,153.0,-0.65,11558.0,615.0,136.0
CCBL,9/25/2019,153.0,154.0,151.0,153.0,0.0,27900.0,615.0,136.0
CCBL,9/26/2019,153.0,163.0,151.0,153.0,0.0,9580.0,615.0,136.0
CCBL,9/29/2019,150.0,153.0,150.0,152.0,-0.65,12757.0,615.0,136.0
CCBL,9/30/2019,151.0,154.0,151.0,153.0,0.66,7678.0,615.0,136.0
CCBL,10/1/2019,153.0,157.0,153.0,155.0,1.31,3375.0,615.0,136.0
CCBL,10/2/2019,155.0,156.0,153.0,154.0,-0.65,4426.0,615.0,136.0
CCBL,10/3/2019,155.0,155.0,153.0,154.0,0.0,6887.0,615.0,136.0
CCBL,10/10/2019,154.0,155.0,152.0,155.0,0.65,3380.0,615.0,136.0
CCBL,10/14/2019,154.0,155.0,152.0,155.0,0.0,10728.0,615.0,136.0
CCBL,10/15/2019,155.0,155.0,153.0,155.0,0.0,13305.0,615.0,136.0
CCBL,10/16/2019,153.0,156.0,153.0,155.0,0.0,9421.0,615.0,136.0
CCBL,10/17/2019,153.0,155.0,153.0,154.0,-0.65,4827.0,615.0,136.0
CCBL,10/20/2019,154.0,154.0,152.0,154.0,0.0,16631.0,615.0,136.0
CCBL,10/21/2019,154.0,154.0,152.0,153.0,-0.65,7053.0,615.0,136.0
CCBL,10/22/2019,153.0,154.0,152.0,152.0,-0.65,4614.0,615.0,136.0
CCBL,10/23/2019,153.0,156.0,152.0,155.0,1.97,13247.0,615.0,136.0
CCBL,10/24/2019,153.0,157.0,153.0,157.0,1.29,9750.0,615.0,136.0
CCBL,10/31/2019,154.0,159.0,154.0,158.0,0.64,18217.0,615.0,136.0
CCBL,11/3/2019,156.0,158.0,154.0,155.0,-1.9,6959.0,615.0,136.0
CCBL,11/4/2019,153.0,158.0,153.0,158.0,1.94,6300.0,615.0,136.0
CCBL,11/5/2019,158.0,159.0,156.0,158.0,0.0,9717.0,615.0,136.0
CCBL,11/6/2019,157.0,157.0,156.0,157.0,-0.63,5411.0,615.0,136.0
CCBL,11/7/2019,156.0,157.0,155.0,155.0,-1.27,15480.0,615.0,136.0
CCBL,11/10/2019,156.0,156.0,154.0,154.0,-0.65,19084.0,615.0,136.0
CCBL,11/11/2019,155.0,157.0,154.0,155.0,0.65,9219.0,615.0,136.0
CCBL,11/12/2019,154.0,156.0,154.0,155.0,0.0,13978.0,615.0,136.0
CCBL,11/13/2019,155.0,158.0,154.0,155.0,0.0,6746.0,615.0,136.0
CCBL,11/14/2019,155.0,156.0,154.0,155.0,0.0,7179.0,615.0,136.0
CCBL,11/17/2019,158.0,163.0,158.0,162.0,4.52,53017.0,615.0,136.0
CCBL,11/18/2019,165.0,166.0,161.0,161.0,-0.62,11793.0,615.0,136.0
CCBL,11/19/2019,160.0,163.0,160.0,162.0,0.62,11570.0,615.0,136.0
CCBL,11/20/2019,162.0,165.0,162.0,163.0,0.62,32752.0,615.0,136.0
CCBL,11/21/2019,162.0,163.0,159.0,160.0,-1.84,26093.0,615.0,136.0
CCBL,11/24/2019,160.0,160.0,157.0,159.0,-0.62,11740.0,615.0,136.0
CCBL,11/25/2019,164.0,167.0,157.0,167.0,5.03,9303.0,615.0,136.0
CCBL,11/26/2019,160.0,160.0,157.0,158.0,-5.39,24766.0,615.0,136.0
CCBL,11/27/2019,159.0,161.0,158.0,160.0,1.27,11732.0,615.0,136.0
CCBL,11/28/2019,160.0,162.0,159.0,159.0,-0.62,7842.0,615.0,136.0
CCBL,12/1/2019,160.0,161.0,158.0,160.0,0.63,8208.0,615.0,136.0
CCBL,12/2/2019,160.0,162.0,160.0,162.0,1.25,14152.0,615.0,136.0
CCBL,12/3/2019,160.0,163.0,160.0,163.0,0.62,31969.0,615.0,136.0
CCBL,12/4/2019,162.0,163.0,160.0,162.0,-0.61,31294.0,615.0,136.0
CCBL,12/5/2019,161.0,163.0,161.0,162.0,0.0,20945.0,615.0,136.0
CCBL,12/8/2019,162.0,163.0,161.0,162.0,0.0,14150.0,615.0,136.0
CCBL,12/9/2019,165.0,165.0,162.0,163.0,0.62,13107.0,615.0,136.0
CCBL,12/10/2019,166.0,166.0,163.0,165.0,1.23,32195.0,615.0,136.0
CCBL,12/11/2019,164.0,169.0,164.0,167.0,1.21,22334.0,615.0,136.0
CCBL,12/12/2019,166.0,171.0,166.0,170.0,1.8,36340.0,615.0,136.0
CCBL,12/15/2019,168.0,173.0,166.0,168.0,-1.18,28710.0,615.0,136.0
CCBL,12/16/2019,171.0,171.0,166.0,166.0,-1.19,11093.0,615.0,136.0
CCBL,12/17/2019,163.0,168.0,163.0,166.0,0.0,16252.0,615.0,136.0
CCBL,12/18/2019,165.0,166.0,163.0,165.0,-0.6,17790.0,615.0,136.0
CCBL,12/19/2019,165.0,165.0,164.0,164.0,-0.61,7251.0,615.0,136.0
CCBL,12/22/2019,163.0,166.0,161.0,165.0,0.61,21484.0,615.0,136.0
CCBL,12/23/2019,165.0,167.0,164.0,167.0,1.21,10935.0,615.0,136.0
CCBL,12/24/2019,168.0,168.0,165.0,165.0,-1.2,12883.0,615.0,136.0
CCBL,12/25/2019,166.0,166.0,163.0,164.0,-0.61,39554.0,615.0,136.0
CCBL,12/26/2019,163.0,166.0,163.0,164.0,0.0,6163.0,615.0,136.0
CCBL,12/29/2019,167.0,167.0,163.0,164.0,0.0,8418.0,615.0,136.0
CCBL,12/30/2019,162.0,164.0,162.0,163.0,-0.61,17039.0,615.0,136.0
CCBL,12/31/2019,163.0,165.0,162.0,163.0,0.0,9398.0,615.0,136.0
CCBL,1/1/2020,164.0,164.0,163.0,164.0,0.61,6216.0,615.0,136.0
CCBL,1/2/2020,164.0,166.0,164.0,165.0,0.61,11025.0,615.0,136.0
CCBL,1/5/2020,163.0,170.0,163.0,167.0,1.21,26318.0,615.0,136.0
CCBL,1/6/2020,169.0,171.0,167.0,167.0,0.0,27292.0,615.0,136.0
CCBL,1/7/2020,168.0,172.0,168.0,171.0,2.4,72613.0,615.0,136.0
CCBL,1/8/2020,171.0,172.0,168.0,169.0,-1.17,27876.0,615.0,136.0
CCBL,1/9/2020,167.0,170.0,167.0,170.0,0.59,13213.0,615.0,136.0
CCBL,1/12/2020,169.0,176.0,168.0,175.0,2.94,52387.0,615.0,136.0
CCBL,1/13/2020,178.0,182.0,175.0,178.0,1.71,144442.0,615.0,136.0
CCBL,1/14/2020,178.0,181.0,177.0,178.0,0.0,64547.0,615.0,136.0
CCBL,1/15/2020,180.0,185.0,178.0,184.0,3.37,76210.0,615.0,136.0
CCBL,1/16/2020,185.0,191.0,184.0,188.0,2.17,142678.0,615.0,136.0
CCBL,1/19/2020,188.0,194.0,188.0,192.0,2.13,126583.0,615.0,136.0
CCBL,1/20/2020,195.0,197.0,184.0,188.0,-2.08,94511.0,615.0,136.0
CCBL,1/21/2020,189.0,189.0,183.0,184.0,-2.13,41026.0,615.0,136.0
CCBL,1/22/2020,186.0,186.0,181.0,184.0,0.0,41229.0,615.0,136.0
CCBL,1/23/2020,187.0,187.0,181.0,181.0,-1.63,48976.0,615.0,136.0
CCBL,1/26/2020,183.0,183.0,178.0,178.0,-1.66,35957.0,615.0,136.0
CCBL,1/27/2020,177.0,183.0,177.0,181.0,1.69,41019.0,615.0,136.0
CCBL,1/28/2020,181.0,182.0,179.0,181.0,0.0,28428.0,615.0,136.0
CCBL,1/29/2020,184.0,184.0,179.0,179.0,-1.1,26338.0,615.0,136.0
CCBL,1/30/2020,179.0,190.0,178.0,186.0,3.91,71563.0,615.0,136.0
CCBL,2/2/2020,187.0,193.0,184.0,190.0,2.15,117686.0,615.0,136.0
CCBL,2/3/2020,190.0,193.0,188.0,188.0,-1.05,49290.0,615.0,136.0
CCBL,2/4/2020,197.0,197.0,184.0,186.0,-1.06,27706.0,615.0,136.0
CCBL,2/5/2020,188.0,188.0,185.0,188.0,1.08,43941.0,615.0,136.0
CCBL,2/6/2020,188.0,190.0,187.0,188.0,0.0,54078.0,615.0,136.0
CCBL,2/9/2020,187.0,187.0,182.0,186.0,-1.06,75323.0,615.0,136.0
CCBL,2/10/2020,186.0,186.0,182.0,184.0,-1.08,21188.0,615.0,136.0
CCBL,2/11/2020,187.0,187.0,184.0,186.0,1.09,51024.0,615.0,136.0
CCBL,2/12/2020,188.0,191.0,185.0,186.0,0.0,42787.0,615.0,136.0
CCBL,2/13/2020,187.0,187.0,182.0,183.0,-1.61,32386.0,615.0,136.0
CCBL,2/16/2020,183.0,186.0,182.0,186.0,1.64,40276.0,615.0,136.0
CCBL,2/17/2020,189.0,191.0,186.0,188.0,1.08,55218.0,615.0,136.0
CCBL,2/18/2020,190.0,192.0,185.0,187.0,-0.53,51989.0,615.0,136.0
CCBL,2/19/2020,186.0,187.0,184.0,184.0,-1.6,32638.0,615.0,136.0
CCBL,2/20/2020,185.0,188.0,182.0,184.0,0.0,53332.0,615.0,136.0
CCBL,2/23/2020,186.0,198.0,186.0,193.0,4.89,164208.0,615.0,136.0
CCBL,2/24/2020,196.0,206.0,191.0,191.0,-1.04,152711.0,615.0,136.0
CCBL,2/25/2020,191.0,195.0,189.0,192.0,0.52,165087.0,615.0,136.0
CCBL,2/26/2020,201.0,201.0,193.0,199.0,3.65,204678.0,615.0,136.0
CCBL,2/27/2020,197.0,209.0,193.0,202.0,1.51,295268.0,615.0,136.0
CCBL,3/1/2020,202.0,210.0,198.0,199.0,-1.49,294565.0,615.0,136.0
CCBL,3/2/2020,199.0,200.0,190.0,190.0,-4.52,88484.0,615.0,136.0
CCBL,3/3/2020,187.0,198.0,185.0,191.0,0.53,89843.0,615.0,136.0
CCBL,3/4/2020,190.0,193.0,185.0,186.0,-2.62,125271.0,615.0,136.0
CCBL,3/5/2020,184.0,192.0,183.0,185.0,-0.54,79941.0,615.0,136.0
CCBL,3/10/2020,183.0,183.0,174.0,174.0,-5.95,57989.0,615.0,136.0
CCBL,3/11/2020,175.0,185.0,175.0,185.0,6.32,83791.0,615.0,136.0
CCBL,3/12/2020,186.0,188.0,180.0,181.0,-2.16,166453.0,615.0,136.0
CCBL,3/15/2020,174.0,174.0,165.0,165.0,-8.84,89737.0,615.0,136.0
CCBL,3/16/2020,164.0,170.0,164.0,165.0,0.0,33890.0,615.0,136.0
CCBL,3/17/2020,163.0,164.0,159.0,160.0,-3.03,56388.0,615.0,136.0
CCBL,3/18/2020,157.0,161.0,154.0,157.0,-1.88,57380.0,615.0,136.0
CCBL,3/19/2020,154.0,163.0,150.0,162.0,3.18,51570.0,615.0,136.0
CCBL,3/22/2020,165.0,168.0,159.0,159.0,-1.85,4416.0,615.0,136.0
CCBL,5/12/2020,156.0,156.0,155.0,155.0,-2.52,550.0,615.0,136.0
CCBL,5/13/2020,152.0,152.0,151.0,151.0,-2.58,310.0,615.0,136.0
CCBL,6/29/2020,148.0,148.0,136.0,145.0,-3.97,29582.0,615.0,136.0
CCBL,6/30/2020,146.0,158.0,146.0,158.0,8.97,2782.0,615.0,136.0
CCBL,7/1/2020,161.0,168.0,161.0,168.0,6.33,3535.0,615.0,136.0
CCBL,7/2/2020,171.0,171.0,158.0,160.0,-4.76,8081.0,615.0,136.0
CCBL,7/5/2020,158.0,163.0,155.0,160.0,0.0,26394.0,615.0,136.0
CCBL,7/6/2020,158.0,166.0,158.0,163.0,1.88,24256.0,615.0,136.0
CCBL,7/7/2020,164.0,169.0,164.0,168.0,3.07,27012.0,615.0,136.0
CCBL,7/8/2020,170.0,171.0,162.0,165.0,-1.79,28161.0,615.0,136.0
CCBL,7/9/2020,165.0,167.0,161.0,165.0,0.0,13707.0,615.0,136.0
CCBL,7/12/2020,165.0,166.0,160.0,162.0,-1.82,15413.0,615.0,136.0
CCBL,7/13/2020,161.0,164.0,160.0,162.0,0.0,13114.0,615.0,136.0
CCBL,7/14/2020,163.0,165.0,163.0,165.0,1.85,13387.0,615.0,136.0
CCBL,7/15/2020,165.0,168.0,164.0,165.0,0.0,29365.0,615.0,136.0
CCBL,7/16/2020,168.0,172.0,167.0,172.0,4.24,36730.0,615.0,136.0
CCBL,7/19/2020,180.0,189.0,180.0,189.0,9.88,1958.0,615.0,136.0
CCBL,7/20/2020,198.0,207.0,183.0,183.0,-3.17,137509.0,615.0,136.0
CCBL,7/21/2020,192.0,192.0,181.0,183.0,0.0,45637.0,615.0,136.0
CCBL,7/22/2020,183.0,185.0,178.0,179.0,-2.19,33470.0,615.0,136.0
CCBL,7/23/2020,178.0,179.0,175.0,177.0,-1.12,25701.0,615.0,136.0
CCBL,7/26/2020,180.0,185.0,175.0,179.0,1.13,43166.0,615.0,136.0
CCBL,7/27/2020,179.0,181.0,177.0,178.0,-0.56,38776.0,615.0,136.0
CCBL,7/28/2020,177.0,184.0,174.0,180.0,1.12,68961.0,615.0,136.0
CCBL,7/29/2020,179.0,181.0,177.0,177.0,-1.67,34042.0,615.0,136.0
CCBL,7/30/2020,176.0,179.0,175.0,178.0,0.56,17711.0,615.0,136.0
CCBL,8/2/2020,176.0,176.0,171.0,171.0,-3.93,87275.0,615.0,136.0
CCBL,8/3/2020,171.0,177.0,171.0,175.0,2.34,35385.0,615.0,136.0
CCBL,8/5/2020,173.0,175.0,170.0,175.0,0.0,44144.0,615.0,136.0
CCBL,8/6/2020,178.0,178.0,171.0,174.0,-0.57,26992.0,615.0,136.0
CCBL,8/9/2020,172.0,178.0,170.0,177.0,1.72,36805.0,615.0,136.0
CCBL,8/10/2020,179.0,180.0,175.0,179.0,1.13,53696.0,615.0,136.0
CCBL,8/11/2020,179.0,180.0,176.0,177.0,-1.12,29267.0,615.0,136.0
CCBL,8/12/2020,175.0,179.0,173.0,178.0,0.56,33087.0,615.0,136.0
CCBL,8/13/2020,175.0,179.0,173.0,175.0,-1.69,27623.0,615.0,136.0
CCBL,8/16/2020,177.0,177.0,172.0,173.0,-1.14,33329.0,615.0,136.0
CCBL,8/17/2020,174.0,175.0,172.0,174.0,0.58,15758.0,615.0,136.0
CCBL,8/18/2020,174.0,175.0,171.0,174.0,0.0,57031.0,615.0,136.0
CCBL,8/19/2020,173.0,173.0,170.0,171.0,-1.72,16168.0,615.0,136.0
CCBL,8/20/2020,172.0,173.0,170.0,172.0,0.58,10663.0,615.0,136.0
CCBL,8/23/2020,174.0,174.0,169.0,171.0,-0.58,34979.0,615.0,136.0
CCBL,8/24/2020,171.0,174.0,171.0,174.0,1.75,40938.0,615.0,136.0
CCBL,8/25/2020,175.0,176.0,172.0,174.0,0.0,19619.0,615.0,136.0
CCBL,8/26/2020,182.0,182.0,171.0,175.0,0.57,78620.0,615.0,136.0
CCBL,8/27/2020,175.0,178.0,172.0,174.0,-0.57,48105.0,615.0,136.0
CCBL,8/30/2020,171.0,175.0,171.0,174.0,0.0,13315.0,615.0,136.0
CCBL,8/31/2020,172.0,176.0,172.0,174.0,0.0,37633.0,615.0,136.0
CCBL,9/2/2020,174.0,177.0,173.0,176.0,1.15,88508.0,615.0,136.0
CCBL,9/3/2020,176.0,179.0,174.0,174.0,-1.14,42205.0,615.0,136.0
CCBL,9/6/2020,177.0,183.0,173.0,173.0,-0.57,57996.0,615.0,136.0
CCBL,9/7/2020,173.0,173.0,170.0,171.0,-1.16,33535.0,615.0,136.0
CCBL,9/8/2020,170.0,174.0,170.0,173.0,1.17,23829.0,615.0,136.0
CCBL,9/9/2020,170.0,173.0,170.0,172.0,-0.58,44463.0,615.0,136.0
CCBL,9/10/2020,171.0,175.0,171.0,172.0,0.0,37595.0,615.0,136.0
CCBL,9/13/2020,171.0,173.0,169.0,172.0,0.0,60684.0,615.0,136.0
CCBL,9/14/2020,170.0,175.0,170.0,173.0,0.58,58519.0,615.0,136.0
CCBL,9/15/2020,174.0,176.0,172.0,173.0,0.0,38632.0,615.0,136.0
CCBL,9/16/2020,171.0,173.0,171.0,172.0,-0.58,31351.0,615.0,136.0
CCBL,9/17/2020,175.0,188.0,171.0,183.0,6.4,197064.0,615.0,136.0
CCBL,9/20/2020,186.0,194.0,185.0,193.0,5.46,225161.0,615.0,136.0
CCBL,9/21/2020,193.0,193.0,185.0,188.0,-2.59,113927.0,615.0,136.0
CCBL,9/22/2020,188.0,188.0,179.0,180.0,-4.26,102321.0,615.0,136.0
CCBL,9/23/2020,171.0,183.0,171.0,182.0,1.11,43291.0,615.0,136.0
CCBL,9/24/2020,179.0,184.0,178.0,182.0,0.0,53832.0,615.0,136.0
CCBL,9/27/2020,184.0,194.0,181.0,190.0,4.4,265380.0,615.0,136.0
CCBL,9/28/2020,193.0,194.0,188.0,190.0,0.0,120328.0,615.0,136.0
CCBL,9/29/2020,187.0,190.0,186.0,187.0,-1.58,23970.0,615.0,136.0
CCBL,9/30/2020,187.0,189.0,184.0,187.0,0.0,30889.0,615.0,136.0
CCBL,10/1/2020,187.0,192.0,186.0,188.0,0.53,111734.0,615.0,136.0
CCBL,10/4/2020,191.0,192.0,189.0,190.0,1.06,92709.0,615.0,136.0
CCBL,10/5/2020,193.0,193.0,189.0,190.0,0.0,57351.0,615.0,136.0
CCBL,10/6/2020,187.0,194.0,187.0,190.0,0.0,73140.0,615.0,136.0
CCBL,10/7/2020,188.0,197.0,188.0,193.0,1.58,87230.0,615.0,136.0
CCBL,10/8/2020,202.0,202.0,189.0,191.0,-1.04,137789.0,615.0,136.0
CCBL,10/11/2020,189.0,192.0,189.0,190.0,-0.52,53360.0,615.0,136.0
CCBL,10/12/2020,199.0,199.0,187.0,189.0,-0.53,56896.0,615.0,136.0
CCBL,10/13/2020,198.0,198.0,187.0,188.0,-0.53,32453.0,615.0,136.0
CCBL,10/14/2020,187.0,189.0,186.0,187.0,-0.53,38756.0,615.0,136.0
CCBL,10/15/2020,186.0,190.0,186.0,188.0,0.53,52749.0,615.0,136.0
CCBL,10/18/2020,189.0,190.0,185.0,186.0,-1.06,19359.0,615.0,136.0
CCBL,10/19/2020,185.0,188.0,184.0,187.0,0.54,23092.0,615.0,136.0
CCBL,10/20/2020,186.0,190.0,185.0,189.0,1.07,22664.0,615.0,136.0
CCBL,10/21/2020,189.0,191.0,187.0,188.0,-0.53,38068.0,615.0,136.0
CCBL,10/22/2020,190.0,196.0,190.0,195.0,3.72,176218.0,615.0,136.0
CCBL,10/28/2020,198.0,205.0,194.0,205.0,5.13,224390.0,615.0,136.0
CCBL,10/29/2020,207.0,208.0,197.0,201.0,-1.95,250640.0,615.0,136.0
CCBL,11/1/2020,201.0,201.0,197.0,199.0,-1.0,97267.0,615.0,136.0
CCBL,11/2/2020,198.0,200.0,195.0,196.0,-1.51,65051.0,615.0,136.0
CCBL,11/3/2020,196.0,198.0,195.0,196.0,0.0,47151.0,615.0,136.0
CCBL,11/4/2020,195.0,197.0,193.0,194.0,-1.02,61517.0,615.0,136.0
CCBL,11/5/2020,196.0,197.0,192.0,193.0,-0.52,72698.0,615.0,136.0
CCBL,11/8/2020,196.0,196.0,191.0,194.0,0.52,81122.0,615.0,136.0
CCBL,11/9/2020,195.0,195.0,190.0,191.0,-1.55,108285.0,615.0,136.0
CCBL,11/10/2020,192.0,195.0,191.0,193.0,1.05,83155.0,615.0,136.0
CCBL,11/11/2020,192.0,195.0,191.0,194.0,0.52,80100.0,615.0,136.0
CCBL,11/12/2020,193.0,197.0,192.0,194.0,0.0,69748.0,615.0,136.0
CCBL,11/18/2020,191.0,191.0,186.0,188.0,-3.09,136592.0,615.0,136.0
CCBL,11/19/2020,191.0,192.0,188.0,191.0,1.6,100478.0,615.0,136.0
CCBL,11/22/2020,192.0,195.0,190.0,191.0,0.0,101853.0,615.0,136.0
CCBL,11/23/2020,191.0,193.0,189.0,190.0,-0.52,97597.0,615.0,136.0
CCBL,11/24/2020,188.0,192.0,188.0,190.0,0.0,97390.0,615.0,136.0
CCBL,11/25/2020,193.0,205.0,190.0,202.0,6.32,447582.0,615.0,136.0
CCBL,11/26/2020,205.0,209.0,197.0,200.0,-0.99,293150.0,615.0,136.0
CCBL,11/29/2020,203.0,220.0,203.0,220.0,10.0,685047.0,615.0,136.0
CCBL,11/30/2020,231.0,242.0,211.0,220.0,0.0,746750.0,615.0,136.0
CCBL,12/1/2020,228.0,228.0,213.0,215.0,-2.27,274509.0,615.0,136.0
CCBL,12/2/2020,205.0,218.0,205.0,213.0,-0.93,165825.0,615.0,136.0
CCBL,12/3/2020,217.0,219.0,206.0,209.0,-1.88,177690.0,615.0,136.0
CCBL,12/6/2020,207.0,213.0,201.0,202.0,-3.35,216043.0,615.0,136.0
CCBL,12/7/2020,200.0,209.0,198.0,207.0,2.48,157915.0,615.0,136.0
CCBL,12/8/2020,217.0,217.0,203.0,205.0,-0.97,150725.0,615.0,136.0
CCBL,12/9/2020,206.0,209.0,200.0,201.0,-1.95,124609.0,615.0,136.0
CCBL,12/10/2020,199.0,203.0,198.0,203.0,1.0,79433.0,615.0,136.0
CCBL,12/13/2020,205.0,213.0,202.0,210.0,3.45,135062.0,615.0,136.0
CCBL,12/14/2020,211.0,217.0,207.0,207.0,-1.43,301550.0,615.0,136.0
CCBL,12/15/2020,210.0,210.0,204.0,205.0,-0.97,103940.0,615.0,136.0
CCBL,12/16/2020,215.0,215.0,202.0,206.0,0.49,153325.0,615.0,136.0
CCBL,12/17/2020,206.0,207.0,201.0,205.0,-0.49,157504.0,615.0,136.0
CCBL,12/20/2020,203.0,204.0,198.0,198.0,-3.41,181504.0,615.0,136.0
CCBL,12/21/2020,195.0,205.0,192.0,198.0,0.0,119864.0,615.0,136.0
CCBL,12/22/2020,198.0,214.0,198.0,206.0,4.04,206182.0,615.0,136.0
CCBL,12/23/2020,210.0,216.0,205.0,206.0,0.0,157652.0,615.0,136.0
CCBL,12/24/2020,206.0,208.0,204.0,206.0,0.0,93636.0,615.0,136.0
CCBL,12/27/2020,206.0,210.0,204.0,205.0,-0.49,121974.0,615.0,136.0
CCBL,12/28/2020,205.0,206.0,203.0,204.0,-0.49,86143.0,615.0,136.0
CCBL,12/29/2020,202.0,205.0,202.0,204.0,0.0,84138.0,615.0,136.0
CCBL,12/30/2020,203.0,209.0,202.0,209.0,2.45,231628.0,615.0,136.0
CCBL,12/31/2020,200.0,204.0,199.0,201.0,-3.83,161836.0,615.0,136.0
CCBL,1/3/2021,205.0,208.0,201.0,207.0,2.99,178868.0,615.0,136.0
CCBL,1/4/2021,209.0,210.0,202.0,204.0,-1.45,143980.0,615.0,136.0
CCBL,1/5/2021,202.0,204.0,201.0,204.0,0.0,54944.0,615.0,136.0
CCBL,1/6/2021,202.0,208.0,202.0,207.0,1.47,152034.0,615.0,136.0
CCBL,1/7/2021,208.0,209.0,204.0,208.0,0.48,176670.0,615.0,136.0
CCBL,1/10/2021,209.0,225.0,208.0,221.0,6.25,577718.0,615.0,136.0
CCBL,1/11/2021,224.0,229.0,218.0,220.0,-0.45,285138.0,615.0,136.0
CCBL,1/12/2021,224.0,228.0,217.0,220.0,0.0,137176.0,615.0,136.0
CCBL,1/13/2021,222.0,222.0,217.0,219.0,-0.45,168496.0,615.0,136.0
CCBL,1/17/2021,221.0,225.0,216.0,217.0,-0.91,148257.0,615.0,136.0
CCBL,1/18/2021,219.0,222.0,217.0,219.0,0.92,244340.0,615.0,136.0
CCBL,1/19/2021,222.0,223.0,216.0,217.0,-0.91,115204.0,615.0,136.0
CCBL,1/20/2021,216.0,221.0,214.0,219.0,0.92,136076.0,615.0,136.0
CCBL,1/21/2021,229.0,229.0,216.0,217.0,-0.91,151057.0,615.0,136.0
CCBL,1/24/2021,218.0,225.0,218.0,224.0,3.23,383943.0,615.0,136.0
CCBL,1/25/2021,225.0,229.0,220.0,223.0,-0.45,157338.0,615.0,136.0
CCBL,1/26/2021,224.0,226.0,220.0,222.0,-0.45,134442.0,615.0,136.0
CCBL,1/27/2021,222.0,242.0,219.0,236.0,6.31,375997.0,615.0,136.0
CCBL,1/28/2021,232.0,239.0,225.0,226.0,-4.24,416043.0,615.0,136.0
CCBL,1/31/2021,226.0,235.0,221.0,230.0,1.77,760495.0,615.0,136.0
CCBL,2/1/2021,231.0,253.0,231.0,253.0,10.0,1099677.0,615.0,136.0
CCBL,2/2/2021,260.0,263.0,242.0,247.0,-2.37,535806.0,615.0,136.0
CCBL,2/3/2021,248.0,268.0,247.0,258.0,4.45,801132.0,615.0,136.0
CCBL,2/4/2021,256.0,262.0,252.0,256.0,-0.78,410093.0,615.0,136.0
CCBL,2/7/2021,261.0,261.0,252.0,256.0,0.0,465267.0,615.0,136.0
CCBL,2/8/2021,258.0,261.0,253.0,256.0,0.0,301965.0,615.0,136.0
CCBL,2/9/2021,259.0,265.0,253.0,254.0,-0.78,229631.0,615.0,136.0
CCBL,2/10/2021,266.0,266.0,249.0,251.0,-1.18,245551.0,615.0,136.0
CCBL,2/11/2021,255.0,261.0,252.0,257.0,2.39,260634.0,615.0,136.0
CCBL,2/14/2021,255.0,259.0,252.0,254.0,-1.17,135689.0,615.0,136.0
CCBL,2/15/2021,258.0,258.0,251.0,255.0,0.39,152417.0,615.0,136.0
CCBL,2/16/2021,257.0,259.0,253.0,255.0,0.0,151215.0,615.0,136.0
CCBL,2/17/2021,256.0,256.0,251.0,256.0,0.39,156810.0,615.0,136.0
CCBL,2/18/2021,256.0,272.0,256.0,271.0,5.86,578017.0,615.0,136.0
CCBL,2/21/2021,275.0,290.0,272.0,290.0,7.01,631698.0,615.0,136.0
CCBL,2/22/2021,298.0,298.0,272.0,274.0,-5.52,296521.0,615.0,136.0
CCBL,2/23/2021,277.0,277.0,257.0,269.0,-1.82,211224.0,615.0,136.0
CCBL,2/24/2021,270.0,280.0,265.0,267.0,-0.74,212495.0,615.0,136.0
CCBL,2/25/2021,280.0,280.0,259.0,260.0,-2.62,167532.0,615.0,136.0
CCBL,2/28/2021,256.0,260.0,249.0,250.0,-3.85,191612.0,615.0,136.0
CCBL,3/1/2021,262.0,262.0,247.0,256.0,2.4,160586.0,615.0,136.0
CCBL,3/2/2021,258.0,260.0,245.0,246.0,-3.91,124312.0,615.0,136.0
CCBL,3/3/2021,242.0,246.0,238.0,242.0,-1.63,125755.0,615.0,136.0
CCBL,3/4/2021,246.0,252.0,242.0,250.0,3.31,157458.0,615.0,136.0
CCBL,3/7/2021,255.0,255.0,245.0,245.0,-2.0,69962.0,615.0,136.0
CCBL,3/9/2021,245.0,245.0,241.0,242.0,-1.22,72621.0,615.0,136.0
CCBL,3/10/2021,240.0,244.0,239.0,240.0,-0.83,53988.0,615.0,136.0
CCBL,3/14/2021,240.0,244.0,234.0,234.0,-2.5,64800.0,615.0,136.0
CCBL,3/15/2021,230.0,239.0,230.0,232.0,-0.85,97109.0,615.0,136.0
CCBL,3/16/2021,232.0,236.0,230.0,235.0,1.29,61631.0,615.0,136.0
CCBL,3/17/2021,237.0,238.0,232.0,237.0,0.85,42951.0,615.0,136.0
CCBL,3/18/2021,226.0,244.0,226.0,244.0,2.95,81201.0,615.0,136.0
CCBL,3/21/2021,250.0,260.0,245.0,251.0,2.87,204950.0,615.0,136.0
CCBL,3/22/2021,255.0,257.0,246.0,246.0,-1.99,142266.0,615.0,136.0
CCBL,3/23/2021,244.0,249.0,243.0,246.0,0.0,73271.0,615.0,136.0
CCBL,3/24/2021,250.0,253.0,245.0,251.0,2.03,113228.0,615.0,136.0
CCBL,3/25/2021,254.0,259.0,245.0,246.0,-1.99,105329.0,615.0,136.0
CCBL,3/29/2021,243.0,246.0,242.0,245.0,-0.41,44121.0,615.0,136.0
CCBL,3/30/2021,242.0,247.0,242.0,245.0,0.0,53605.0,615.0,136.0
CCBL,3/31/2021,245.0,250.0,244.0,247.0,0.82,119175.0,615.0,136.0
CCBL,4/1/2021,249.0,253.0,246.0,248.0,0.4,135489.0,615.0,136.0
CCBL,4/4/2021,250.0,255.0,247.0,250.0,0.81,165166.0,615.0,136.0
CCBL,4/5/2021,238.0,255.0,238.0,250.0,0.0,124538.0,615.0,136.0
CCBL,4/6/2021,250.0,251.0,246.0,251.0,0.4,96437.0,615.0,136.0
CCBL,4/7/2021,251.0,260.0,247.0,256.0,1.99,187663.0,615.0,136.0
CCBL,4/8/2021,245.0,256.0,245.0,254.0,-0.78,236154.0,615.0,136.0
CCBL,4/12/2021,254.0,255.0,250.0,250.0,-1.57,118046.0,615.0,136.0
CCBL,4/13/2021,250.0,257.0,249.0,257.0,2.8,185502.0,615.0,136.0
CCBL,4/15/2021,260.0,266.0,255.0,260.0,1.17,310444.0,615.0,136.0
CCBL,4/18/2021,265.0,265.0,251.0,256.0,-1.54,235382.0,615.0,136.0
CCBL,4/19/2021,253.0,257.0,248.0,249.0,-2.73,193697.0,615.0,136.0
CCBL,4/20/2021,251.0,253.0,246.0,250.0,0.4,86428.0,615.0,136.0
CCBL,4/21/2021,250.0,252.0,244.0,247.0,-1.2,124437.0,615.0,136.0
CCBL,4/22/2021,245.0,248.0,242.0,247.0,0.0,90060.0,615.0,136.0
CCBL,4/25/2021,245.0,245.0,235.0,238.0,-3.64,146416.0,615.0,136.0
CCBL,4/26/2021,234.0,238.0,221.0,228.0,-4.2,162971.0,615.0,136.0
CCBL,4/27/2021,228.0,238.0,228.0,237.0,3.95,134830.0,615.0,136.0
CCBL,4/28/2021,237.0,237.0,229.0,231.0,-2.53,121795.0,615.0,136.0
CCBL,4/29/2021,230.0,234.0,227.0,233.0,0.87,97949.0,615.0,136.0
CCBL,5/2/2021,233.0,236.0,231.0,234.0,0.43,126694.0,615.0,136.0
CCBL,5/3/2021,232.0,236.0,230.0,231.0,-1.28,200242.0,615.0,136.0
CCBL,5/4/2021,242.0,242.0,228.0,231.0,0.0,90056.0,615.0,136.0
CCBL,5/5/2021,230.0,234.0,228.0,233.0,0.87,122046.0,615.0,136.0
CCBL,5/6/2021,231.0,240.0,230.0,235.0,0.86,124891.0,615.0,136.0
CCBL,5/9/2021,246.0,246.0,231.0,235.0,0.0,213088.0,615.0,136.0
CCBL,5/10/2021,230.0,238.0,230.0,237.0,0.85,138482.0,615.0,136.0
CCBL,5/11/2021,248.0,248.0,235.0,243.0,2.53,214587.0,615.0,136.0
CCBL,5/12/2021,244.0,249.0,239.0,246.0,1.23,264905.0,615.0,136.0
CCBL,5/13/2021,247.0,247.0,244.0,245.0,-0.41,107489.0,615.0,136.0
CCBL,5/16/2021,246.0,251.0,244.0,250.0,2.04,202492.0,615.0,136.0
CCBL,5/17/2021,255.0,256.0,250.0,252.0,0.8,214564.0,615.0,136.0
CCBL,5/18/2021,254.0,260.0,251.0,253.0,0.4,148702.0,615.0,136.0
CCBL,5/19/2021,258.0,270.0,255.0,260.0,2.77,731720.0,615.0,136.0
CCBL,5/20/2021,260.0,273.0,260.0,268.0,3.08,636983.0,615.0,136.0
CCBL,5/23/2021,268.0,275.0,255.0,275.0,2.61,355986.0,615.0,136.0
CCBL,5/24/2021,285.0,285.0,269.0,274.0,-0.36,546096.0,615.0,136.0
CCBL,5/25/2021,274.0,275.0,264.0,267.0,-2.55,315342.0,615.0,136.0
CCBL,5/27/2021,263.0,278.0,259.0,269.0,0.75,244294.0,615.0,136.0
CCBL,5/30/2021,270.0,279.0,265.0,273.0,1.49,406111.0,615.0,136.0
CCBL,5/31/2021,278.0,278.0,265.0,267.0,-2.2,407826.0,615.0,136.0
CCBL,6/1/2021,265.0,270.0,259.0,260.0,-2.62,313952.0,615.0,136.0
CCBL,6/2/2021,273.0,273.0,260.0,267.0,2.69,222133.0,615.0,136.0
CCBL,6/3/2021,267.0,282.0,267.0,277.0,3.75,760410.0,615.0,136.0
CCBL,6/6/2021,285.0,299.0,281.0,294.0,6.14,1199522.0,615.0,136.0
CCBL,6/7/2021,299.0,300.0,281.0,288.0,-2.04,597790.0,615.0,136.0
CCBL,6/8/2021,300.0,300.0,283.0,293.0,1.74,378797.0,615.0,136.0
CCBL,6/9/2021,307.0,307.0,285.0,286.0,-2.39,299974.0,615.0,136.0
CCBL,6/10/2021,300.0,300.0,279.0,283.0,-1.05,264981.0,615.0,136.0
CCBL,6/13/2021,285.0,288.0,280.0,284.0,0.35,353442.0,615.0,136.0
CCBL,6/14/2021,291.0,300.0,285.0,296.0,4.23,534327.0,615.0,136.0
CCBL,6/15/2021,300.0,304.0,295.0,296.0,0.0,508233.0,615.0,136.0
CCBL,6/16/2021,298.0,299.0,288.0,290.0,-2.03,266593.0,615.0,136.0
CCBL,6/17/2021,290.0,292.0,286.0,288.0,-0.69,162807.0,615.0,136.0
CCBL,6/20/2021,293.0,293.0,277.0,280.0,-2.78,167393.0,615.0,136.0
CCBL,6/21/2021,294.0,294.0,269.0,269.0,-3.93,248496.0,615.0,136.0
CCBL,6/22/2021,272.0,282.0,266.0,281.0,4.46,222354.0,615.0,136.0
CCBL,6/23/2021,295.0,295.0,273.0,273.0,-2.85,134195.0,615.0,136.0
CCBL,6/24/2021,273.0,274.0,267.0,271.0,-0.73,135509.0,615.0,136.0
CCBL,6/27/2021,271.0,298.0,271.0,298.0,9.96,1293222.0,615.0,136.0
CCBL,6/28/2021,312.0,324.0,297.0,299.0,0.34,931690.0,615.0,136.0
CCBL,6/29/2021,301.0,303.0,288.0,290.0,-3.01,271634.0,615.0,136.0
CCBL,6/30/2021,290.0,290.0,283.0,286.0,-1.38,185613.0,615.0,136.0
CCBL,7/1/2021,287.0,302.0,284.0,295.0,3.15,394555.0,615.0,136.0
CCBL,7/4/2021,300.0,300.0,289.0,291.0,-1.36,135064.0,615.0,136.0
CCBL,7/5/2021,292.0,293.0,281.0,283.0,-2.75,177611.0,615.0,136.0
CCBL,7/6/2021,283.0,285.0,278.0,281.0,-0.71,166795.0,615.0,136.0
CCBL,7/7/2021,284.0,284.0,280.0,281.0,0.0,81795.0,615.0,136.0
CCBL,7/8/2021,281.0,284.0,277.0,284.0,1.07,102829.0,615.0,136.0
CCBL,7/11/2021,287.0,290.0,284.0,290.0,2.11,211788.0,615.0,136.0
CCBL,7/12/2021,300.0,300.0,284.0,285.0,-1.72,162204.0,615.0,136.0
CCBL,7/13/2021,284.0,288.0,281.0,287.0,0.7,82862.0,615.0,136.0
CCBL,7/14/2021,273.0,293.0,273.0,286.0,-0.35,232249.0,615.0,136.0
CCBL,7/15/2021,279.0,294.0,279.0,291.0,1.75,162721.0,615.0,136.0
CCBL,7/18/2021,293.0,300.0,290.0,299.0,2.75,441031.0,615.0,136.0
CCBL,7/19/2021,302.0,305.0,294.0,296.0,-1.0,296980.0,615.0,136.0
CCBL,7/20/2021,298.0,298.0,292.1,294.0,-0.68,82992.0,615.0,136.0
CCBL,7/22/2021,294.0,300.0,291.0,296.0,0.68,274609.0,615.0,136.0
CCBL,7/25/2021,300.0,306.0,296.3,305.4,3.18,672483.0,615.0,136.0
CCBL,7/26/2021,311.5,311.5,297.6,299.0,-2.1,342985.0,615.0,136.0
CCBL,7/27/2021,293.5,299.0,288.2,296.0,-1.0,276919.0,615.0,136.0
CCBL,7/28/2021,300.0,304.0,292.5,294.0,-0.68,214833.0,615.0,136.0
CCBL,7/29/2021,294.0,295.0,290.0,292.9,-0.37,161451.0,615.0,136.0
CCBL,8/1/2021,295.0,299.9,291.5,292.0,-0.31,156131.0,615.0,136.0
CCBL,8/2/2021,297.0,297.8,291.0,292.0,0.0,156781.0,615.0,136.0
CCBL,8/3/2021,291.5,295.0,289.2,291.0,-0.34,133911.0,615.0,136.0
CCBL,8/4/2021,296.8,296.8,290.0,292.0,0.34,160961.0,615.0,136.0
CCBL,8/5/2021,292.0,294.9,291.0,293.0,0.34,146135.0,615.0,136.0
CCBL,8/8/2021,293.0,294.0,288.0,289.5,-1.19,178948.0,615.0,136.0
CCBL,8/9/2021,290.0,292.5,285.0,286.0,-1.21,156382.0,615.0,136.0
CCBL,8/10/2021,286.0,298.0,284.0,294.0,2.8,269969.0,615.0,136.0
CCBL,8/11/2021,296.0,300.0,289.0,292.5,-0.51,158475.0,615.0,136.0
CCBL,8/12/2021,291.0,296.0,288.0,291.0,-0.51,224377.0,615.0,136.0
CCBL,8/15/2021,291.0,294.0,286.0,288.1,-1.0,152315.0,615.0,136.0
CCBL,8/16/2021,285.0,290.0,284.2,285.0,-1.08,173454.0,615.0,136.0
CCBL,8/17/2021,289.0,290.0,284.1,286.5,0.53,241517.0,615.0,136.0
CCBL,8/18/2021,285.0,291.0,280.3,288.8,0.8,232154.0,615.0,136.0
CCBL,8/19/2021,290.0,291.0,284.0,284.3,-1.56,178153.0,615.0,136.0
CCBL,8/24/2021,288.0,289.0,280.1,282.0,-0.81,112402.0,615.0,136.0
CCBL,8/25/2021,281.0,282.0,274.9,278.5,-1.24,155071.0,615.0,136.0
CCBL,8/26/2021,279.0,283.0,272.0,277.5,-0.36,142800.0,615.0,136.0
CCBL,8/29/2021,277.0,280.5,271.0,272.0,-1.98,149686.0,615.0,136.0
CCBL,8/31/2021,270.0,273.0,264.1,267.0,-1.84,152265.0,615.0,136.0
CCBL,9/1/2021,267.0,274.0,263.0,270.0,1.12,82202.0,615.0,136.0
CCBL,9/2/2021,271.0,273.0,266.0,266.9,-1.15,84820.0,615.0,136.0
CCBL,9/5/2021,266.0,266.0,254.0,258.0,-3.33,123265.0,615.0,136.0
CCBL,9/6/2021,258.0,270.9,257.0,270.9,5.0,135826.0,615.0,136.0
CCBL,9/7/2021,276.3,276.3,263.0,265.0,-2.18,73659.0,615.0,136.0
CCBL,9/8/2021,265.5,268.0,256.8,261.0,-1.51,66506.0,615.0,136.0
CCBL,9/9/2021,261.0,264.0,258.8,261.2,0.08,52843.0,615.0,136.0
CCBL,9/12/2021,260.0,270.0,260.0,266.0,1.84,89856.0,615.0,136.0
CCBL,9/13/2021,265.0,270.3,264.0,266.9,0.34,90089.0,615.0,136.0
CCBL,9/14/2021,267.0,271.0,258.0,266.0,-0.34,145514.0,615.0,136.0
CCBL,9/15/2021,266.0,266.0,260.0,260.0,-2.26,50907.0,615.0,136.0
CCBL,9/16/2021,260.0,263.0,250.2,253.0,-2.69,146710.0,615.0,136.0
CCBL,9/20/2021,253.0,253.0,241.0,241.0,-4.74,147866.0,615.0,136.0
CCBL,9/21/2021,240.0,252.0,235.0,243.0,0.83,92317.0,615.0,136.0
CCBL,9/22/2021,247.0,256.8,247.0,255.1,4.98,75641.0,615.0,136.0
CCBL,9/23/2021,260.2,266.0,254.0,260.0,1.92,143408.0,615.0,136.0
CCBL,9/26/2021,260.0,265.2,256.0,256.0,-1.54,167436.0,615.0,136.0
CCBL,9/27/2021,256.0,256.0,245.0,247.5,-3.32,82540.0,615.0,136.0
CCBL,9/28/2021,245.0,257.9,243.1,243.3,-1.7,84136.0,615.0,136.0
CCBL,9/29/2021,248.0,250.0,242.0,245.5,0.9,55884.0,615.0,136.0
CCBL,9/30/2021,250.0,260.0,243.0,243.3,-0.9,61336.0,615.0,136.0
CCBL,10/3/2021,248.0,248.0,239.0,239.0,-1.77,115420.0,615.0,136.0
CCBL,10/4/2021,238.0,243.0,235.1,238.0,-0.42,59778.0,615.0,136.0
CCBL,10/5/2021,241.0,248.0,238.0,243.0,2.1,54677.0,615.0,136.0
CCBL,10/6/2021,246.9,247.0,241.0,244.5,0.62,37652.0,615.0,136.0
CCBL,10/10/2021,247.0,247.8,238.4,240.0,-1.84,49953.0,615.0,136.0
CCBL,10/11/2021,244.8,244.8,236.0,238.5,-0.62,45501.0,615.0,136.0
CCBL,10/17/2021,239.0,241.0,236.6,239.0,0.21,23269.0,615.0,136.0
CCBL,10/18/2021,235.0,239.0,231.0,235.0,-1.67,57577.0,615.0,136.0
CCBL,10/19/2021,230.3,232.0,224.1,228.9,-2.6,56005.0,615.0,136.0
CCBL,10/20/2021,229.0,238.0,229.0,232.0,1.35,39345.0,615.0,136.0
CCBL,10/21/2021,233.1,233.1,227.5,229.0,-1.29,53734.0,615.0,136.0
CCBL,10/24/2021,230.0,230.0,224.6,228.1,-0.39,28476.0,615.0,136.0
CCBL,10/25/2021,232.0,236.0,228.3,236.0,3.46,41697.0,615.0,136.0
CCBL,10/26/2021,239.0,244.0,235.0,242.5,2.75,52966.0,615.0,136.0
CCBL,10/27/2021,244.0,244.0,236.0,240.0,-1.03,51477.0,615.0,136.0
CCBL,10/28/2021,235.3,241.0,235.3,238.0,-0.83,35679.0,615.0,136.0
CCBL,10/31/2021,242.0,242.0,235.3,237.8,-0.08,43410.0,615.0,136.0
CCBL,11/1/2021,240.0,246.0,237.0,243.0,2.19,98190.0,615.0,136.0
CCBL,11/2/2021,244.7,244.7,238.5,243.0,0.0,69856.0,615.0,136.0
CCBL,11/3/2021,244.7,244.7,239.2,242.7,-0.12,68844.0,615.0,136.0
CCBL,11/8/2021,243.9,245.5,238.2,238.3,-1.81,32109.0,615.0,136.0
CCBL,11/9/2021,238.3,240.0,232.0,232.5,-2.43,64419.0,615.0,136.0
CCBL,11/11/2021,230.0,236.0,228.0,231.0,-0.65,68307.0,615.0,136.0
CCBL,11/14/2021,232.5,233.0,228.0,229.0,-0.87,62646.0,615.0,136.0
CCBL,11/15/2021,232.0,236.0,225.0,231.0,0.87,42679.0,615.0,136.0
CCBL,11/16/2021,231.0,237.0,228.2,237.0,2.6,57519.0,615.0,136.0
CCBL,11/17/2021,238.0,241.0,235.0,238.3,0.55,69064.0,615.0,136.0
CCBL,11/18/2021,238.3,239.0,235.1,235.1,-1.34,30801.0,615.0,136.0
CCBL,11/21/2021,237.0,237.0,232.6,233.0,-0.89,26546.0,615.0,136.0
CCBL,11/22/2021,230.0,240.3,230.0,236.9,1.67,33717.0,615.0,136.0
CCBL,11/23/2021,237.0,238.0,233.2,234.5,-1.01,45837.0,615.0,136.0
CCBL,11/24/2021,235.0,235.0,230.2,233.0,-0.64,47240.0,615.0,136.0
CCBL,11/25/2021,233.0,247.0,230.0,242.0,3.86,243911.0,615.0,136.0
CCBL,11/28/2021,237.2,238.0,230.0,233.9,-3.35,95637.0,615.0,136.0
CCBL,11/29/2021,230.1,236.0,230.1,234.0,0.04,57574.0,615.0,136.0
CCBL,11/30/2021,235.0,235.0,230.0,231.0,-1.28,79474.0,615.0,136.0
CCBL,12/1/2021,230.0,234.0,229.0,232.0,0.43,56264.0,615.0,136.0
CCBL,12/2/2021,233.0,233.0,229.0,231.0,-0.43,70159.0,615.0,136.0
CCBL,12/5/2021,231.0,231.0,223.0,223.7,-3.16,68245.0,615.0,136.0
CCBL,12/6/2021,223.0,228.0,219.0,227.0,1.48,49585.0,615.0,136.0
CCBL,12/7/2021,228.0,232.0,225.0,226.0,-0.44,34166.0,615.0,136.0
CCBL,12/8/2021,226.0,226.0,220.5,223.0,-1.33,34466.0,615.0,136.0
CCBL,12/9/2021,221.0,226.7,218.6,224.5,0.67,70122.0,615.0,136.0
CCBL,12/12/2021,221.0,224.0,219.0,219.2,-2.36,46930.0,615.0,136.0
CCBL,12/13/2021,215.0,224.0,212.0,217.0,-1.0,66970.0,615.0,136.0
CCBL,12/14/2021,219.0,225.9,219.0,224.0,3.23,32217.0,615.0,136.0
CCBL,12/15/2021,228.0,228.4,218.6,220.1,-1.74,43487.0,615.0,136.0
CCBL,12/16/2021,220.1,222.0,216.0,221.0,0.41,44029.0,615.0,136.0
CCBL,12/20/2021,224.0,224.0,216.1,218.0,-1.36,48822.0,615.0,136.0
CCBL,12/21/2021,220.0,222.0,216.1,221.9,1.79,90601.0,615.0,136.0
CCBL,12/22/2021,225.0,227.0,220.6,225.3,1.53,58324.0,615.0,136.0
CCBL,12/23/2021,226.8,230.0,223.0,226.8,0.67,65417.0,615.0,136.0
CCBL,12/26/2021,229.0,232.5,225.0,230.2,1.5,107873.0,615.0,136.0
CCBL,12/27/2021,228.0,235.2,226.4,229.0,-0.52,83446.0,615.0,136.0
CCBL,12/28/2021,226.0,230.9,226.0,229.5,0.22,33192.0,615.0,136.0
CCBL,12/29/2021,230.2,230.5,226.2,230.5,0.44,28086.0,615.0,136.0
CCBL,1/2/2022,233.0,240.0,229.0,239.0,3.69,129711.0,615.0,136.0
CCBL,1/3/2022,229.0,235.0,228.1,233.0,-2.51,112504.0,615.0,136.0
CCBL,1/4/2022,234.0,246.8,230.0,243.1,4.33,128346.0,615.0,136.0
CCBL,1/5/2022,247.9,247.9,236.0,237.0,-2.51,120181.0,615.0,136.0
CCBL,1/6/2022,234.1,252.4,234.1,250.0,5.49,147036.0,615.0,136.0
CCBL,1/9/2022,253.0,263.0,253.0,263.0,5.2,209306.0,615.0,136.0
CCBL,1/10/2022,265.0,268.2,256.0,257.0,-2.28,217266.0,615.0,136.0
CCBL,1/11/2022,262.1,262.1,254.0,260.0,1.17,106630.0,615.0,136.0
CCBL,1/12/2022,260.0,260.0,252.0,253.0,-2.69,90994.0,615.0,136.0
CCBL,1/13/2022,250.1,256.0,250.0,253.6,0.24,75656.0,615.0,136.0
CCBL,1/16/2022,258.6,270.0,258.6,268.0,5.68,309521.0,615.0,136.0
CCBL,1/17/2022,270.0,274.0,263.1,268.0,0.0,182940.0,615.0,136.0
CCBL,1/18/2022,271.0,274.0,264.0,268.5,0.19,182531.0,615.0,136.0
CCBL,1/19/2022,265.5,279.0,265.0,276.0,2.79,434923.0,615.0,136.0
CCBL,1/20/2022,280.0,280.0,270.5,275.6,-0.14,182808.0,615.0,136.0
CCBL,1/23/2022,280.0,280.0,266.5,268.0,-2.76,350433.0,615.0,136.0
CCBL,1/24/2022,270.0,270.0,259.0,259.5,-3.17,158486.0,615.0,136.0
CCBL,1/25/2022,257.0,263.8,256.0,258.3,-0.46,50222.0,615.0,136.0
CCBL,1/26/2022,258.3,258.3,252.0,253.4,-1.9,60335.0,615.0,136.0
CCBL,1/27/2022,251.5,257.0,251.0,254.3,0.36,65079.0,615.0,136.0
CCBL,1/30/2022,256.0,268.2,256.0,262.0,3.03,109935.0,615.0,136.0
CCBL,1/31/2022,263.0,263.0,255.1,256.0,-2.29,47955.0,615.0,136.0
CCBL,2/1/2022,253.0,260.0,253.0,258.2,0.86,55072.0,615.0,136.0
CCBL,2/3/2022,262.0,262.0,255.2,256.5,-0.66,83825.0,615.0,136.0
CCBL,2/6/2022,256.0,257.0,251.4,254.0,-0.97,33208.0,615.0,136.0
CCBL,2/7/2022,254.0,257.0,250.9,253.4,-0.24,46895.0,615.0,136.0
CCBL,2/8/2022,256.0,261.0,250.0,250.1,-1.3,56666.0,615.0,136.0
CCBL,2/9/2022,249.0,252.0,246.0,249.0,-0.44,49338.0,615.0,136.0
CCBL,2/10/2022,247.0,250.0,246.0,246.3,-1.08,29486.0,615.0,136.0
CCBL,2/13/2022,242.0,243.0,237.2,240.0,-2.56,64777.0,615.0,136.0
CCBL,2/14/2022,238.0,242.0,238.0,239.0,-0.42,33387.0,615.0,136.0
CCBL,2/15/2022,240.0,241.0,238.0,240.4,0.59,20712.0,615.0,136.0
CCBL,2/16/2022,243.0,243.0,234.1,235.0,-2.25,71403.0,615.0,136.0
CCBL,2/17/2022,239.0,239.9,235.1,237.9,1.23,28052.0,615.0,136.0
CCBL,2/20/2022,233.2,236.0,230.4,232.0,-2.48,62385.0,615.0,136.0
CCBL,2/21/2022,235.0,240.9,233.0,237.6,2.41,60556.0,615.0,136.0
CCBL,2/22/2022,237.0,240.0,236.2,237.1,-0.21,35783.0,615.0,136.0
CCBL,2/23/2022,233.0,239.7,233.0,236.0,-0.46,16935.0,615.0,136.0
CCBL,2/24/2022,233.9,234.1,229.1,231.0,-2.12,67650.0,615.0,136.0
CCBL,2/27/2022,231.9,232.0,227.0,229.5,-0.65,20289.0,615.0,136.0
CCBL,2/28/2022,232.0,233.9,223.7,224.0,-2.4,60733.0,615.0,136.0
CCBL,3/2/2022,222.0,225.0,222.0,222.0,-0.89,54476.0,615.0,136.0
CCBL,3/6/2022,225.0,226.4,222.0,224.8,1.26,27553.0,615.0,136.0
CCBL,3/7/2022,225.0,226.0,223.0,225.8,0.44,31304.0,615.0,136.0
CCBL,3/9/2022,228.0,228.0,221.0,223.0,-1.24,42978.0,615.0,136.0
CCBL,3/10/2022,223.0,227.0,220.1,226.0,1.35,46814.0,615.0,136.0
CCBL,3/13/2022,227.1,237.0,226.0,233.0,3.1,63813.0,615.0,136.0
CCBL,3/14/2022,235.0,235.0,228.0,233.0,0.0,26867.0,615.0,136.0
CCBL,3/15/2022,235.0,235.0,229.0,231.0,-0.86,29816.0,615.0,136.0
CCBL,3/16/2022,233.0,235.0,229.2,229.3,-0.74,35558.0,615.0,136.0
CCBL,3/20/2022,230.0,230.0,227.3,227.5,-0.78,35028.0,615.0,136.0
CCBL,3/21/2022,228.0,232.0,228.0,231.4,1.71,27319.0,615.0,136.0
CCBL,3/22/2022,229.0,233.5,229.0,232.0,0.26,32901.0,615.0,136.0
CCBL,3/23/2022,232.0,233.0,228.4,231.1,-0.39,28933.0,615.0,136.0
CCBL,3/24/2022,230.0,231.0,228.0,229.0,-0.91,25778.0,615.0,136.0
CCBL,3/27/2022,226.0,230.0,224.0,224.7,-1.88,50689.0,615.0,136.0
CCBL,3/28/2022,225.0,227.0,221.0,224.8,0.04,45751.0,615.0,136.0
CCBL,3/29/2022,224.0,226.0,220.0,221.9,-1.29,25000.0,615.0,136.0
CCBL,3/30/2022,220.0,226.0,220.0,225.0,1.4,22133.0,615.0,136.0
CCBL,3/31/2022,225.0,226.0,221.5,222.8,-0.98,19889.0,615.0,136.0
CCBL,4/3/2022,218.4,226.4,218.4,220.9,-0.85,19683.0,615.0,136.0
CCBL,4/4/2022,220.0,222.0,219.0,219.4,-0.68,31448.0,615.0,136.0
CCBL,4/5/2022,218.1,219.9,213.8,214.7,-2.14,66206.0,615.0,136.0
CCBL,4/6/2022,211.1,220.3,211.0,214.0,-0.33,42458.0,615.0,136.0
CCBL,4/7/2022,212.0,229.5,212.0,223.0,4.21,71362.0,615.0,136.0
CCBL,4/11/2022,225.0,231.0,213.7,215.1,-3.54,76382.0,615.0,136.0
CCBL,4/12/2022,219.0,219.0,205.0,213.5,-0.74,63624.0,615.0,136.0
CCBL,4/13/2022,217.0,217.0,211.0,215.0,0.7,34165.0,615.0,136.0
CCBL,4/17/2022,215.0,218.0,213.0,214.0,-0.47,28256.0,615.0,136.0
CCBL,4/18/2022,213.5,214.0,210.0,210.1,-1.82,26269.0,615.0,136.0
CCBL,4/19/2022,206.0,216.0,206.0,212.0,0.9,21523.0,615.0,136.0
CCBL,4/20/2022,215.0,224.0,213.1,214.1,0.99,68722.0,615.0,136.0
CCBL,4/21/2022,215.0,217.0,212.0,214.0,-0.05,43082.0,615.0,136.0
CCBL,4/24/2022,215.0,222.0,214.0,222.0,3.74,48762.0,615.0,136.0
CCBL,4/25/2022,222.9,223.0,216.0,218.0,-1.8,45530.0,615.0,136.0
CCBL,4/26/2022,214.1,220.0,214.1,215.2,-1.28,19732.0,615.0,136.0
CCBL,4/27/2022,215.0,218.0,212.1,217.4,1.02,17514.0,615.0,136.0
CCBL,4/28/2022,214.0,218.8,214.0,216.0,-0.64,33215.0,615.0,136.0
CCBL,5/2/2022,220.3,220.3,213.0,214.0,-0.93,57800.0,615.0,136.0
CCBL,5/4/2022,215.0,215.0,210.1,212.0,-0.93,25916.0,615.0,136.0
CCBL,5/5/2022,211.0,212.0,206.0,207.0,-2.36,44853.0,615.0,136.0
CCBL,5/8/2022,207.1,209.0,204.1,209.0,0.97,31781.0,615.0,136.0
CCBL,5/9/2022,212.0,213.0,208.0,208.0,-0.48,19707.0,615.0,136.0
CCBL,5/10/2022,210.0,213.0,208.3,212.5,2.16,19532.0,615.0,136.0
CCBL,5/11/2022,212.0,218.0,211.0,218.0,2.59,34253.0,615.0,136.0
CCBL,5/12/2022,220.0,220.8,215.0,216.0,-0.92,20542.0,615.0,136.0
CCBL,5/17/2022,216.0,216.0,208.0,209.0,-3.24,31224.0,615.0,136.0
CCBL,5/18/2022,212.0,212.0,207.6,210.0,0.48,26791.0,615.0,136.0
CCBL,5/19/2022,210.0,211.0,207.6,208.0,-0.95,122680.0,615.0,136.0
CCBL,5/20/2022,208.1,212.0,205.0,207.0,-0.48,55786.0,615.0,136.0
CCBL,5/23/2022,207.0,207.0,202.0,202.1,-2.37,54675.0,615.0,136.0
CCBL,5/24/2022,201.0,208.0,200.0,203.3,0.59,15046.0,615.0,136.0
CCBL,5/25/2022,206.0,208.0,203.0,206.7,1.67,19361.0,615.0,136.0
CCBL,5/26/2022,205.0,214.0,203.1,213.5,3.29,40869.0,615.0,136.0
CCBL,5/27/2022,214.9,214.9,208.0,210.0,-1.64,35261.0,615.0,136.0
CCBL,5/30/2022,208.0,210.0,204.0,210.0,0.0,55115.0,615.0,136.0
CCBL,5/31/2022,210.0,210.0,204.5,205.0,-2.38,22119.0,615.0,136.0
CCBL,6/1/2022,206.0,207.0,203.0,206.9,0.93,16775.0,615.0,136.0
CCBL,6/2/2022,207.8,208.0,203.0,203.1,-1.84,28537.0,615.0,136.0
CCBL,6/3/2022,204.0,205.0,199.0,202.5,-0.3,57051.0,615.0,136.0
CCBL,6/6/2022,201.0,204.0,199.6,200.0,-1.23,54086.0,615.0,136.0
CCBL,6/7/2022,199.1,202.0,195.2,196.9,-1.55,51402.0,615.0,136.0
CCBL,6/8/2022,197.0,204.0,197.0,201.0,2.08,39490.0,615.0,136.0
CCBL,6/9/2022,202.0,203.9,198.0,199.0,-1.0,36913.0,615.0,136.0
CCBL,6/10/2022,199.0,199.9,196.0,199.0,0.0,14022.0,615.0,136.0
CCBL,6/13/2022,201.0,201.0,196.5,197.2,-0.9,143128.0,615.0,136.0
CCBL,6/14/2022,199.0,199.0,193.1,194.9,-1.17,70888.0,615.0,136.0
CCBL,6/15/2022,195.0,195.0,189.0,192.0,-1.49,43271.0,615.0,136.0
CCBL,6/16/2022,190.0,197.9,190.0,193.7,0.89,44030.0,615.0,136.0
CCBL,6/17/2022,195.0,197.0,193.0,193.0,-0.36,331103.0,615.0,136.0
CCBL,6/19/2022,193.0,193.9,190.1,191.4,-0.83,251267.0,615.0,136.0
CCBL,6/20/2022,192.0,192.0,186.5,189.5,-0.99,47508.0,615.0,136.0
CCBL,6/21/2022,188.0,196.0,188.0,194.5,2.64,33565.0,615.0,136.0
CCBL,6/22/2022,190.8,194.0,189.0,189.0,-2.83,33424.0,615.0,136.0
CCBL,6/23/2022,185.3,190.0,183.0,183.5,-2.91,45272.0,615.0,136.0
CCBL,6/24/2022,183.5,189.0,180.2,186.0,1.36,25842.0,615.0,136.0
CCBL,6/26/2022,187.0,192.0,186.5,191.0,2.69,43858.0,615.0,136.0
CCBL,6/27/2022,192.0,192.8,188.0,188.0,-1.57,43777.0,615.0,136.0
CCBL,6/28/2022,190.0,190.0,185.0,186.6,-0.74,13807.0,615.0,136.0
CCBL,6/29/2022,187.0,188.9,185.0,188.9,1.23,27136.0,615.0,136.0
CCBL,6/30/2022,190.0,195.6,188.7,193.8,2.59,59873.0,615.0,136.0
CCBL,7/1/2022,196.0,196.0,188.4,190.0,-1.96,33555.0,615.0,136.0
CCBL,7/3/2022,192.9,193.0,188.0,193.0,1.58,49924.0,615.0,136.0
CCBL,7/4/2022,196.8,196.8,190.0,191.0,-1.04,75830.0,615.0,136.0
CCBL,7/5/2022,194.8,194.8,187.1,187.3,-1.94,51684.0,615.0,136.0
CCBL,7/6/2022,191.0,195.0,186.2,189.8,1.33,71143.0,615.0,136.0
CCBL,7/7/2022,190.5,191.0,186.2,187.0,-1.48,57440.0,615.0,136.0
CCBL,7/8/2022,190.7,190.7,185.0,186.0,-0.53,35479.0,615.0,136.0
CCBL,7/11/2022,186.0,186.0,178.5,178.8,-3.87,72765.0,615.0,136.0
CCBL,7/12/2022,178.8,182.0,178.8,178.9,0.06,67436.0,615.0,136.0
CCBL,7/13/2022,180.0,183.0,178.0,183.0,2.29,37952.0,615.0,136.0
CCBL,7/14/2022,183.9,186.6,181.4,184.9,1.04,40737.0,615.0,136.0
CCBL,7/15/2022,183.0,184.9,182.0,183.0,-1.03,19441.0,615.0,136.0
CCBL,7/17/2022,186.5,186.5,183.2,186.4,1.86,32875.0,615.0,136.0
CCBL,7/18/2022,187.0,187.8,184.0,186.2,-0.11,17096.0,615.0,136.0
CCBL,7/19/2022,188.0,189.7,186.0,188.2,1.07,40654.0,615.0,136.0
CCBL,7/20/2022,189.9,189.9,186.0,187.5,-0.37,18456.0,615.0,136.0
CCBL,7/21/2022,188.0,190.0,184.4,186.9,-0.32,27043.0,615.0,136.0
CCBL,7/22/2022,187.0,187.0,184.0,185.9,-0.54,21727.0,615.0,136.0
CCBL,7/24/2022,187.0,188.6,184.0,188.0,1.13,37338.0,615.0,136.0
CCBL,7/25/2022,190.0,196.0,190.0,194.3,3.35,62037.0,615.0,136.0
CCBL,7/26/2022,194.0,194.7,188.0,189.0,-2.73,47907.0,615.0,136.0
CCBL,7/27/2022,189.0,190.0,185.5,189.9,0.48,31001.0,615.0,136.0
CCBL,7/28/2022,189.0,192.0,187.2,188.0,-1.0,50498.0,615.0,136.0
CCBL,7/29/2022,191.0,191.5,186.6,187.0,-0.53,18158.0,615.0,136.0
CCBL,7/31/2022,189.0,194.0,188.0,193.0,3.21,102673.0,615.0,136.0
CCBL,11/28/2022,196.8,207.9,190.5,191.0,-1.04,69420.0,615.0,136.0
CCBL,11/29/2022,191.0,192.0,188.0,191.3,0.16,32846.0,615.0,136.0
CCBL,11/30/2022,192.0,192.0,188.0,189.0,-1.2,20863.0,615.0,136.0
CCBL,12/1/2022,190.0,192.0,187.0,189.5,0.26,40268.0,615.0,136.0
CCBL,12/4/2022,188.1,190.0,187.0,188.0,-0.79,41525.0,615.0,136.0
CCBL,12/5/2022,189.0,189.0,186.4,187.3,-0.37,23407.0,615.0,136.0
CCBL,12/6/2022,187.0,189.0,185.8,186.6,-0.37,17497.0,615.0,136.0
CCBL,12/7/2022,185.0,186.0,184.7,184.9,-0.91,16476.0,615.0,136.0
CCBL,12/11/2022,185.0,189.0,184.0,186.6,0.92,53190.0,615.0,136.0
CCBL,12/12/2022,184.1,190.4,184.1,188.1,0.8,36524.0,615.0,136.0
CCBL,12/13/2022,187.0,192.0,185.7,192.0,2.07,69034.0,615.0,136.0
CCBL,12/14/2022,188.4,190.8,186.0,190.0,-1.04,43171.0,615.0,136.0
CCBL,12/15/2022,187.0,191.0,187.0,190.0,0.0,46360.0,615.0,136.0
CCBL,12/18/2022,188.0,191.0,184.5,185.0,-2.63,161125.0,615.0,136.0
CCBL,12/19/2022,177.0,180.0,176.0,179.5,-2.97,18712.0,615.0,136.0
CCBL,12/20/2022,176.1,180.0,176.1,179.0,-0.28,21079.0,615.0,136.0
CCBL,12/21/2022,180.0,180.0,176.4,177.2,-1.01,9120.0,615.0,136.0
CCBL,12/22/2022,179.5,179.7,176.6,178.5,0.73,16036.0,615.0,136.0
CCBL,12/26/2022,180.0,182.0,175.0,180.5,1.12,67290.0,615.0,136.0
CCBL,12/27/2022,183.1,190.1,181.0,187.0,3.6,32390.0,615.0,136.0
CCBL,12/28/2022,189.7,189.7,185.0,186.1,-0.48,18317.0,615.0,136.0
CCBL,12/29/2022,188.0,191.0,185.2,190.0,2.1,39605.0,615.0,136.0
CCBL,1/1/2023,193.0,195.9,189.2,190.4,0.21,58072.0,615.0,136.0
CCBL,1/2/2023,191.0,194.0,188.3,190.1,-0.16,52720.0,615.0,136.0
CCBL,1/3/2023,192.0,193.0,189.0,190.0,-0.05,62724.0,615.0,136.0
CCBL,1/4/2023,191.0,194.0,189.7,192.5,1.32,57375.0,615.0,136.0
CCBL,1/5/2023,192.7,195.0,191.1,191.4,-0.57,79277.0,615.0,136.0
CCBL,1/8/2023,192.0,196.0,191.0,193.1,0.89,93532.0,615.0,136.0
CCBL,1/9/2023,191.2,199.5,191.1,199.5,3.31,100347.0,615.0,136.0
CFCL,6/6/2003,143.0,145.0,145.0,145.0,,90.0,699.0,455.0
CFCL,6/9/2003,145.0,145.0,145.0,145.0,0.0,200.0,699.0,455.0
CFCL,6/13/2003,145.0,149.0,149.0,149.0,2.76,30.0,699.0,455.0
CFCL,6/18/2003,149.0,150.0,150.0,150.0,0.67,40.0,699.0,455.0
CFCL,6/19/2003,150.0,151.0,150.0,151.0,0.67,760.0,699.0,455.0
CFCL,6/23/2003,151.0,150.0,150.0,150.0,-0.66,50.0,699.0,455.0
CFCL,6/24/2003,150.0,147.0,142.0,146.0,-2.67,480.0,699.0,455.0
CFCL,6/25/2003,146.0,145.0,145.0,145.0,-0.68,170.0,699.0,455.0
CFCL,6/27/2003,145.0,143.0,143.0,143.0,-1.38,90.0,699.0,455.0
CFCL,6/30/2003,143.0,143.0,141.0,141.0,-1.4,310.0,699.0,455.0
CFCL,7/1/2003,141.0,141.0,141.0,141.0,0.0,200.0,699.0,455.0
CFCL,7/2/2003,141.0,138.0,138.0,138.0,-2.13,80.0,699.0,455.0
CFCL,7/3/2003,138.0,135.0,135.0,135.0,-2.17,50.0,699.0,455.0
CFCL,7/8/2003,135.0,136.0,135.0,136.0,0.74,290.0,699.0,455.0
CFCL,7/10/2003,136.0,136.0,136.0,136.0,0.0,20.0,699.0,455.0
CFCL,7/11/2003,136.0,138.0,138.0,138.0,1.47,120.0,699.0,455.0
CFCL,7/14/2003,138.0,138.0,138.0,138.0,0.0,120.0,699.0,455.0
CFCL,7/23/2003,138.0,138.0,138.0,138.0,0.0,120.0,699.0,455.0
CFCL,7/24/2003,138.0,138.0,136.0,136.0,-1.45,120.0,699.0,455.0
CFCL,7/28/2003,136.0,136.0,136.0,136.0,0.0,710.0,699.0,455.0
CFCL,7/30/2003,136.0,142.0,142.0,142.0,4.41,20.0,699.0,455.0
CFCL,8/1/2003,142.0,142.0,142.0,142.0,0.0,10.0,699.0,455.0
CFCL,8/4/2003,142.0,146.0,145.0,146.0,2.82,50.0,699.0,455.0
CFCL,8/7/2003,146.0,153.0,150.0,151.0,3.42,600.0,699.0,455.0
CFCL,8/8/2003,151.0,151.0,151.0,151.0,0.0,210.0,699.0,455.0
CFCL,8/11/2003,151.0,151.0,151.0,151.0,0.0,20.0,699.0,455.0
CFCL,8/13/2003,151.0,155.0,154.0,154.0,1.99,110.0,699.0,455.0
CFCL,8/14/2003,154.0,154.0,151.0,151.0,-1.95,370.0,699.0,455.0
CFCL,8/15/2003,151.0,150.0,150.0,150.0,-0.66,240.0,699.0,455.0
CFCL,9/5/2003,150.0,148.0,148.0,148.0,-1.33,120.0,699.0,455.0
CFCL,9/16/2003,148.0,141.0,141.0,141.0,-4.73,10.0,699.0,455.0
CFCL,9/17/2003,141.0,135.0,135.0,135.0,-4.26,20.0,699.0,455.0
CFCL,9/18/2003,135.0,130.0,130.0,130.0,-3.7,20.0,699.0,455.0
CFCL,9/19/2003,130.0,130.0,130.0,130.0,0.0,70.0,699.0,455.0
CFCL,9/22/2003,130.0,135.0,135.0,135.0,3.85,250.0,699.0,455.0
CFCL,9/23/2003,135.0,130.0,130.0,130.0,-3.7,700.0,699.0,455.0
CFCL,9/24/2003,130.0,130.0,130.0,130.0,0.0,1600.0,699.0,455.0
CFCL,9/25/2003,130.0,130.0,130.0,130.0,0.0,420.0,699.0,455.0
CFCL,9/26/2003,130.0,130.0,130.0,130.0,0.0,220.0,699.0,455.0
CFCL,9/29/2003,130.0,129.0,129.0,129.0,-0.77,1059.0,699.0,455.0
CFCL,9/30/2003,129.0,130.0,130.0,130.0,0.78,30.0,699.0,455.0
CFCL,10/8/2003,130.0,130.0,130.0,130.0,0.0,10.0,699.0,455.0
CFCL,10/15/2003,130.0,125.0,125.0,125.0,-3.85,100.0,699.0,455.0
CFCL,10/16/2003,125.0,121.0,121.0,121.0,-3.2,6000.0,699.0,455.0
CFCL,10/17/2003,121.0,121.0,121.0,121.0,0.0,3020.0,699.0,455.0
CFCL,10/20/2003,121.0,122.0,122.0,122.0,0.83,50.0,699.0,455.0
CFCL,10/21/2003,122.0,120.0,120.0,120.0,-1.64,460.0,699.0,455.0
CFCL,10/28/2003,120.0,122.0,122.0,122.0,1.67,20.0,699.0,455.0
CFCL,10/30/2003,122.0,123.0,123.0,123.0,0.82,500.0,699.0,455.0
CFCL,10/31/2003,123.0,123.0,123.0,123.0,0.0,20.0,699.0,455.0
CFCL,11/4/2003,123.0,122.0,122.0,122.0,-0.81,10.0,699.0,455.0
CFCL,11/5/2003,122.0,123.0,123.0,123.0,0.82,70.0,699.0,455.0
CFCL,11/10/2003,123.0,123.0,123.0,123.0,0.0,40.0,699.0,455.0
CFCL,11/12/2003,123.0,122.0,120.0,122.0,-0.81,190.0,699.0,455.0
CFCL,11/14/2003,122.0,124.0,124.0,124.0,1.64,250.0,699.0,455.0
CFCL,11/17/2003,124.0,125.0,125.0,125.0,0.81,70.0,699.0,455.0
CFCL,11/19/2003,125.0,125.0,125.0,125.0,0.0,50.0,699.0,455.0
CFCL,11/24/2003,125.0,125.0,125.0,125.0,0.0,100.0,699.0,455.0
CFCL,11/25/2003,125.0,125.0,125.0,125.0,0.0,10.0,699.0,455.0
CFCL,11/28/2003,125.0,125.0,125.0,125.0,0.0,10.0,699.0,455.0
CFCL,12/2/2003,125.0,126.0,126.0,126.0,0.8,60.0,699.0,455.0
CFCL,12/4/2003,126.0,125.0,125.0,125.0,-0.79,50.0,699.0,455.0
CFCL,12/8/2003,125.0,128.0,126.0,128.0,2.4,50.0,699.0,455.0
CFCL,12/9/2003,128.0,133.0,129.0,133.0,3.91,340.0,699.0,455.0
CFCL,12/10/2003,133.0,133.0,133.0,133.0,0.0,40.0,699.0,455.0
CFCL,12/11/2003,133.0,135.0,135.0,135.0,1.5,100.0,699.0,455.0
CFCL,12/15/2003,135.0,135.0,135.0,135.0,0.0,10.0,699.0,455.0
CFCL,12/18/2003,135.0,131.0,131.0,131.0,-2.96,50.0,699.0,455.0
CFCL,12/24/2003,131.0,131.0,131.0,131.0,0.0,80.0,699.0,455.0
CFCL,12/25/2003,131.0,130.0,130.0,130.0,-0.76,10.0,699.0,455.0
CFCL,12/26/2003,130.0,132.0,132.0,132.0,1.54,110.0,699.0,455.0
CFCL,12/29/2003,132.0,132.0,132.0,132.0,0.0,200.0,699.0,455.0
CFCL,12/30/2003,132.0,132.0,131.0,132.0,0.0,1080.0,699.0,455.0
CFCL,1/7/2004,132.0,118.0,118.0,118.0,-10.61,500.0,699.0,455.0
CFCL,1/22/2004,118.0,118.0,118.0,118.0,0.0,10.0,699.0,455.0
CFCL,3/22/2004,118.0,120.0,120.0,120.0,1.69,350.0,699.0,455.0
CFCL,4/6/2004,120.0,120.0,120.0,120.0,0.0,10.0,699.0,455.0
CFCL,4/9/2004,120.0,121.0,121.0,121.0,0.83,10.0,699.0,455.0
CFCL,4/12/2004,121.0,123.0,123.0,123.0,1.65,10.0,699.0,455.0
CFCL,4/19/2004,123.0,124.0,124.0,124.0,0.81,210.0,699.0,455.0
CFCL,5/19/2004,124.0,126.0,126.0,126.0,1.61,30.0,699.0,455.0
CFCL,5/26/2004,126.0,132.0,132.0,132.0,4.76,50.0,699.0,455.0
CFCL,5/27/2004,132.0,132.0,132.0,132.0,0.0,2300.0,699.0,455.0
CFCL,5/28/2004,132.0,132.0,132.0,132.0,0.0,3000.0,699.0,455.0
CFCL,5/31/2004,132.0,133.0,132.0,133.0,0.76,2000.0,699.0,455.0
CFCL,6/2/2004,133.0,135.0,135.0,135.0,1.5,170.0,699.0,455.0
CFCL,6/3/2004,135.0,134.0,132.0,132.0,-2.22,1540.0,699.0,455.0
CFCL,6/7/2004,132.0,132.0,132.0,132.0,0.0,30.0,699.0,455.0
CFCL,6/15/2004,132.0,130.0,130.0,130.0,-1.52,200.0,699.0,455.0
CFCL,6/24/2004,130.0,130.0,130.0,130.0,0.0,100.0,699.0,455.0
CFCL,6/25/2004,130.0,130.0,130.0,130.0,0.0,287.0,699.0,455.0
CFCL,6/28/2004,130.0,130.0,130.0,130.0,0.0,60.0,699.0,455.0
CFCL,6/29/2004,130.0,130.0,130.0,130.0,0.0,4820.0,699.0,455.0
CFCL,7/2/2004,130.0,130.0,130.0,130.0,0.0,170.0,699.0,455.0
CFCL,7/5/2004,130.0,130.0,130.0,130.0,0.0,50.0,699.0,455.0
CFCL,7/16/2004,130.0,130.0,130.0,130.0,0.0,330.0,699.0,455.0
CFCL,7/20/2004,130.0,132.0,132.0,132.0,1.54,1030.0,699.0,455.0
CFCL,7/21/2004,132.0,132.0,132.0,132.0,0.0,20.0,699.0,455.0
CFCL,7/27/2004,132.0,132.0,132.0,132.0,0.0,10.0,699.0,455.0
CFCL,8/10/2004,132.0,140.0,138.0,140.0,6.06,240.0,699.0,455.0
CFCL,8/18/2004,140.0,143.0,143.0,143.0,2.14,20.0,699.0,455.0
CFCL,8/23/2004,143.0,143.0,143.0,143.0,0.0,90.0,699.0,455.0
CFCL,8/24/2004,143.0,150.0,150.0,150.0,4.9,170.0,699.0,455.0
CFCL,8/26/2004,150.0,150.0,150.0,150.0,0.0,20.0,699.0,455.0
CFCL,9/7/2004,150.0,152.0,150.0,152.0,1.33,690.0,699.0,455.0
CFCL,9/9/2004,152.0,148.0,148.0,148.0,-2.63,760.0,699.0,455.0
CFCL,9/22/2004,148.0,150.0,150.0,150.0,1.35,20.0,699.0,455.0
CFCL,9/23/2004,150.0,150.0,150.0,150.0,0.0,50.0,699.0,455.0
CFCL,10/4/2004,150.0,148.0,148.0,148.0,-1.33,500.0,699.0,455.0
CFCL,10/6/2004,148.0,148.0,148.0,148.0,0.0,590.0,699.0,455.0
CFCL,10/7/2004,148.0,148.0,148.0,148.0,0.0,110.0,699.0,455.0
CFCL,10/8/2004,148.0,148.0,148.0,148.0,0.0,100.0,699.0,455.0
CFCL,10/13/2004,148.0,146.0,146.0,146.0,-1.35,250.0,699.0,455.0
CFCL,10/29/2004,146.0,145.0,145.0,145.0,-0.68,60.0,699.0,455.0
CFCL,11/3/2004,145.0,145.0,145.0,145.0,0.0,90.0,699.0,455.0
CFCL,11/17/2004,145.0,145.0,145.0,145.0,0.0,30.0,699.0,455.0
CFCL,11/18/2004,145.0,148.0,148.0,148.0,2.07,70.0,699.0,455.0
CFCL,11/23/2004,148.0,148.0,148.0,148.0,0.0,50.0,699.0,455.0
CFCL,11/26/2004,148.0,148.0,148.0,148.0,0.0,140.0,699.0,455.0
CFCL,12/2/2004,148.0,155.0,155.0,155.0,4.73,20.0,699.0,455.0
CFCL,12/6/2004,155.0,157.0,157.0,157.0,1.29,110.0,699.0,455.0
CFCL,12/7/2004,157.0,150.0,150.0,150.0,-4.46,60.0,699.0,455.0
CFCL,12/8/2004,150.0,157.0,157.0,157.0,4.67,10.0,699.0,455.0
CFCL,12/15/2004,157.0,160.0,157.0,160.0,1.91,260.0,699.0,455.0
CFCL,12/17/2004,160.0,160.0,160.0,160.0,0.0,200.0,699.0,455.0
CFCL,12/20/2004,160.0,155.0,155.0,155.0,-3.12,30.0,699.0,455.0
CFCL,12/24/2004,155.0,161.0,161.0,161.0,3.87,150.0,699.0,455.0
CFCL,12/28/2004,161.0,161.0,161.0,161.0,0.0,10.0,699.0,455.0
CFCL,12/29/2004,161.0,161.0,160.0,161.0,0.0,870.0,699.0,455.0
CFCL,1/4/2005,161.0,160.0,160.0,160.0,-0.62,30.0,699.0,455.0
CFCL,1/6/2005,160.0,158.0,158.0,158.0,-1.25,100.0,699.0,455.0
CFCL,1/24/2005,158.0,160.0,157.0,160.0,1.27,1240.0,699.0,455.0
CFCL,1/26/2005,160.0,160.0,160.0,160.0,0.0,260.0,699.0,455.0
CFCL,1/27/2005,160.0,157.0,157.0,157.0,-1.88,700.0,699.0,455.0
CFCL,1/28/2005,157.0,160.0,160.0,160.0,1.91,30.0,699.0,455.0
CFCL,2/7/2005,160.0,161.0,161.0,161.0,0.63,320.0,699.0,455.0
CFCL,2/10/2005,161.0,161.0,161.0,161.0,0.0,40.0,699.0,455.0
CFCL,2/11/2005,161.0,161.0,161.0,161.0,0.0,198.0,699.0,455.0
CFCL,2/28/2005,161.0,160.0,160.0,160.0,-0.62,20.0,699.0,455.0
CFCL,3/18/2005,160.0,160.0,160.0,160.0,0.0,60.0,699.0,455.0
CFCL,4/7/2005,160.0,160.0,160.0,160.0,0.0,20.0,699.0,455.0
CFCL,4/13/2005,160.0,160.0,160.0,160.0,0.0,30.0,699.0,455.0
CFCL,5/2/2005,160.0,160.0,160.0,160.0,0.0,470.0,699.0,455.0
CFCL,5/9/2005,160.0,160.0,160.0,160.0,0.0,488.0,699.0,455.0
CFCL,5/17/2005,160.0,165.0,165.0,165.0,3.12,40.0,699.0,455.0
CFCL,5/19/2005,165.0,165.0,165.0,165.0,0.0,50.0,699.0,455.0
CFCL,5/24/2005,165.0,160.0,160.0,160.0,-3.03,500.0,699.0,455.0
CFCL,5/25/2005,160.0,160.0,160.0,160.0,0.0,450.0,699.0,455.0
CFCL,6/5/2005,160.0,160.0,160.0,160.0,0.0,24.0,699.0,455.0
CFCL,6/6/2005,160.0,160.0,158.0,160.0,0.0,48.0,699.0,455.0
CFCL,6/15/2005,160.0,158.0,158.0,158.0,-1.25,80.0,699.0,455.0
CFCL,6/16/2005,158.0,160.0,160.0,160.0,1.27,20.0,699.0,455.0
CFCL,7/11/2005,160.0,160.0,160.0,160.0,0.0,116.0,699.0,455.0
CFCL,7/17/2005,160.0,160.0,160.0,160.0,0.0,24.0,699.0,455.0
CFCL,7/18/2005,160.0,158.0,158.0,158.0,-1.25,348.0,699.0,455.0
CFCL,7/24/2005,158.0,158.0,158.0,158.0,0.0,60.0,699.0,455.0
CFCL,7/26/2005,158.0,158.0,158.0,158.0,0.0,40.0,699.0,455.0
CFCL,8/1/2005,158.0,158.0,158.0,158.0,0.0,12.0,699.0,455.0
CFCL,8/9/2005,158.0,158.0,158.0,158.0,0.0,72.0,699.0,455.0
CFCL,8/14/2005,158.0,158.0,158.0,158.0,0.0,96.0,699.0,455.0
CFCL,8/16/2005,158.0,160.0,160.0,160.0,1.27,112.0,699.0,455.0
CFCL,8/18/2005,160.0,160.0,160.0,160.0,0.0,12.0,699.0,455.0
CFCL,8/22/2005,160.0,162.0,160.0,162.0,1.25,70.0,699.0,455.0
CFCL,8/29/2005,162.0,160.0,160.0,160.0,-1.23,132.0,699.0,455.0
CFCL,9/5/2005,160.0,160.0,160.0,160.0,0.0,72.0,699.0,455.0
CFCL,9/8/2005,160.0,160.0,160.0,160.0,0.0,20.0,699.0,455.0
CFCL,9/11/2005,160.0,160.0,160.0,160.0,0.0,48.0,699.0,455.0
CFCL,9/20/2005,160.0,160.0,160.0,160.0,0.0,12.0,699.0,455.0
CFCL,9/21/2005,160.0,160.0,160.0,160.0,0.0,100.0,699.0,455.0
CFCL,9/25/2005,160.0,160.0,160.0,160.0,0.0,96.0,699.0,455.0
CFCL,9/26/2005,160.0,160.0,160.0,160.0,0.0,54.0,699.0,455.0
CFCL,9/28/2005,160.0,152.0,152.0,152.0,-5.0,24.0,699.0,455.0
CFCL,11/8/2005,152.0,148.0,148.0,148.0,-2.63,144.0,699.0,455.0
CFCL,11/13/2005,148.0,148.0,148.0,148.0,0.0,24.0,699.0,455.0
CFCL,11/14/2005,148.0,148.0,148.0,148.0,0.0,36.0,699.0,455.0
CFCL,11/15/2005,148.0,148.0,148.0,148.0,0.0,30.0,699.0,455.0
CFCL,11/21/2005,148.0,148.0,148.0,148.0,0.0,36.0,699.0,455.0
CFCL,11/22/2005,148.0,148.0,148.0,148.0,0.0,276.0,699.0,455.0
CFCL,11/28/2005,148.0,148.0,148.0,148.0,0.0,72.0,699.0,455.0
CFCL,11/29/2005,148.0,145.0,145.0,145.0,-2.03,2772.0,699.0,455.0
CFCL,12/8/2005,145.0,147.0,147.0,147.0,1.38,12.0,699.0,455.0
CFCL,12/11/2005,147.0,150.0,150.0,150.0,2.04,636.0,699.0,455.0
CFCL,12/14/2005,150.0,150.0,150.0,150.0,0.0,600.0,699.0,455.0
CFCL,12/22/2005,150.0,150.0,150.0,150.0,0.0,60.0,699.0,455.0
CFCL,12/27/2005,150.0,150.0,150.0,150.0,0.0,42.0,699.0,455.0
CFCL,1/1/2006,150.0,150.0,150.0,150.0,0.0,12.0,699.0,455.0
CFCL,1/4/2006,150.0,150.0,150.0,150.0,0.0,72.0,699.0,455.0
CFCL,1/22/2006,150.0,153.0,153.0,153.0,2.0,462.0,699.0,455.0
CFCL,1/23/2006,153.0,153.0,153.0,153.0,0.0,24.0,699.0,455.0
CFCL,1/25/2006,153.0,153.0,153.0,153.0,0.0,48.0,699.0,455.0
CFCL,2/2/2006,153.0,155.0,155.0,155.0,1.31,36.0,699.0,455.0
CFCL,2/5/2006,155.0,155.0,155.0,155.0,0.0,180.0,699.0,455.0
CFCL,2/6/2006,155.0,155.0,155.0,155.0,0.0,4.0,699.0,455.0
CFCL,2/9/2006,155.0,162.0,162.0,162.0,4.52,10.0,699.0,455.0
CFCL,2/13/2006,162.0,166.0,166.0,166.0,2.47,10884.0,699.0,455.0
CFCL,2/14/2006,166.0,174.0,174.0,174.0,4.82,36.0,699.0,455.0
CFCL,2/16/2006,174.0,181.0,181.0,181.0,4.02,24.0,699.0,455.0
CFCL,2/20/2006,181.0,188.0,185.0,185.0,2.21,250.0,699.0,455.0
CFCL,2/21/2006,185.0,176.0,176.0,176.0,-4.86,2160.0,699.0,455.0
CFCL,2/22/2006,176.0,184.0,184.0,184.0,4.55,10.0,699.0,455.0
CFCL,2/23/2006,184.0,185.0,185.0,185.0,0.54,10.0,699.0,455.0
CFCL,2/28/2006,185.0,190.0,190.0,190.0,2.7,912.0,699.0,455.0
CFCL,3/1/2006,190.0,190.0,190.0,190.0,0.0,214.0,699.0,455.0
CFCL,6/15/2006,190.0,180.0,180.0,180.0,-5.26,904.0,699.0,455.0
CFCL,6/18/2006,180.0,180.0,180.0,180.0,0.0,704.0,699.0,455.0
CFCL,6/29/2006,180.0,180.0,180.0,180.0,0.0,104.0,699.0,455.0
CFCL,7/9/2006,180.0,180.0,180.0,180.0,0.0,68.0,699.0,455.0
CFCL,7/10/2006,180.0,180.0,180.0,180.0,0.0,40.0,699.0,455.0
CFCL,7/18/2006,180.0,180.0,180.0,180.0,0.0,120.0,699.0,455.0
CFCL,7/19/2006,180.0,180.0,180.0,180.0,0.0,820.0,699.0,455.0
CFCL,7/23/2006,180.0,180.0,180.0,180.0,0.0,96.0,699.0,455.0
CFCL,7/25/2006,180.0,180.0,180.0,180.0,0.0,24.0,699.0,455.0
CFCL,8/3/2006,180.0,185.0,185.0,185.0,2.78,422.0,699.0,455.0
CFCL,8/15/2006,185.0,185.0,185.0,185.0,0.0,18.0,699.0,455.0
CFCL,8/17/2006,185.0,180.0,180.0,180.0,-2.7,72.0,699.0,455.0
CFCL,8/27/2006,180.0,180.0,180.0,180.0,0.0,432.0,699.0,455.0
CFCL,8/28/2006,180.0,180.0,180.0,180.0,0.0,26.0,699.0,455.0
CFCL,8/30/2006,180.0,182.0,182.0,182.0,1.11,36.0,699.0,455.0
CFCL,8/31/2006,182.0,185.0,185.0,185.0,1.65,80.0,699.0,455.0
CFCL,9/3/2006,185.0,185.0,185.0,185.0,0.0,72.0,699.0,455.0
CFCL,9/4/2006,185.0,185.0,185.0,185.0,0.0,93.0,699.0,455.0
CFCL,9/10/2006,185.0,185.0,185.0,185.0,0.0,18.0,699.0,455.0
CFCL,9/11/2006,185.0,185.0,185.0,185.0,0.0,317.0,699.0,455.0
CFCL,9/14/2006,185.0,180.0,180.0,180.0,-2.7,72.0,699.0,455.0
CFCL,9/18/2006,180.0,185.0,185.0,185.0,2.78,66.0,699.0,455.0
CFCL,9/19/2006,185.0,188.0,185.0,188.0,1.62,593.0,699.0,455.0
CFCL,9/20/2006,188.0,197.0,197.0,197.0,4.79,54.0,699.0,455.0
CFCL,10/11/2006,197.0,197.0,197.0,197.0,0.0,48.0,699.0,455.0
CFCL,10/16/2006,197.0,200.0,200.0,200.0,1.52,36.0,699.0,455.0
CFCL,10/17/2006,200.0,200.0,200.0,200.0,0.0,18.0,699.0,455.0
CFCL,10/30/2006,200.0,200.0,200.0,200.0,0.0,54.0,699.0,455.0
CFCL,11/6/2006,200.0,200.0,200.0,200.0,0.0,12.0,699.0,455.0
CFCL,11/13/2006,200.0,200.0,200.0,200.0,0.0,72.0,699.0,455.0
CFCL,11/28/2006,200.0,200.0,200.0,200.0,0.0,36.0,699.0,455.0
CFCL,1/1/2007,200.0,200.0,200.0,200.0,0.0,288.0,699.0,455.0
CFCL,1/4/2007,200.0,200.0,200.0,200.0,0.0,18.0,699.0,455.0
CFCL,1/9/2007,200.0,200.0,200.0,200.0,0.0,36.0,699.0,455.0
CFCL,1/14/2007,200.0,200.0,200.0,200.0,0.0,18.0,699.0,455.0
CFCL,1/28/2007,200.0,210.0,210.0,210.0,5.0,234.0,699.0,455.0
CFCL,2/1/2007,210.0,220.0,220.0,220.0,4.76,48.0,699.0,455.0
CFCL,2/7/2007,220.0,231.0,231.0,231.0,5.0,174.0,699.0,455.0
CFCL,2/12/2007,231.0,242.0,242.0,242.0,4.76,294.0,699.0,455.0
CFCL,3/1/2007,242.0,200.0,200.0,200.0,-17.36,50.0,699.0,455.0
CFCL,3/5/2007,200.0,210.0,210.0,210.0,5.0,24.0,699.0,455.0
CFCL,3/11/2007,210.0,220.0,220.0,220.0,4.76,1000.0,699.0,455.0
CFCL,3/14/2007,220.0,231.0,231.0,231.0,5.0,10.0,699.0,455.0
CFCL,3/25/2007,231.0,242.0,242.0,242.0,4.76,300.0,699.0,455.0
CFCL,3/29/2007,242.0,242.0,242.0,242.0,0.0,1800.0,699.0,455.0
CFCL,4/15/2007,242.0,242.0,242.0,242.0,0.0,500.0,699.0,455.0
CFCL,4/16/2007,242.0,254.0,254.0,254.0,4.96,400.0,699.0,455.0
CFCL,4/17/2007,254.0,270.0,266.0,270.0,6.3,541.0,699.0,455.0
CFCL,4/18/2007,270.0,280.0,280.0,280.0,3.7,530.0,699.0,455.0
CFCL,4/19/2007,280.0,300.0,294.0,300.0,7.14,1776.0,699.0,455.0
CFCL,4/25/2007,300.0,300.0,300.0,300.0,0.0,530.0,699.0,455.0
CFCL,4/26/2007,300.0,300.0,300.0,300.0,0.0,318.0,699.0,455.0
CFCL,5/13/2007,300.0,300.0,300.0,300.0,0.0,122.0,699.0,455.0
CFCL,5/22/2007,300.0,300.0,300.0,300.0,0.0,24.0,699.0,455.0
CFCL,5/29/2007,300.0,300.0,300.0,300.0,0.0,96.0,699.0,455.0
CFCL,5/31/2007,300.0,300.0,300.0,300.0,0.0,48.0,699.0,455.0
CFCL,6/3/2007,300.0,300.0,300.0,300.0,0.0,96.0,699.0,455.0
CFCL,6/4/2007,300.0,302.0,302.0,302.0,0.67,480.0,699.0,455.0
CFCL,6/5/2007,302.0,300.0,300.0,300.0,-0.66,192.0,699.0,455.0
CFCL,6/25/2007,300.0,315.0,315.0,315.0,5.0,6.0,699.0,455.0
CFCL,7/11/2007,315.0,306.0,300.0,306.0,-2.86,61.0,699.0,455.0
CFCL,7/12/2007,306.0,300.0,300.0,300.0,-1.96,380.0,699.0,455.0
CFCL,7/15/2007,300.0,300.0,300.0,300.0,0.0,60.0,699.0,455.0
CFCL,7/16/2007,300.0,300.0,300.0,300.0,0.0,544.0,699.0,455.0
CFCL,7/18/2007,300.0,300.0,300.0,300.0,0.0,48.0,699.0,455.0
CFCL,7/19/2007,300.0,300.0,300.0,300.0,0.0,216.0,699.0,455.0
CFCL,7/30/2007,300.0,300.0,300.0,300.0,0.0,168.0,699.0,455.0
CFCL,7/31/2007,300.0,300.0,300.0,300.0,0.0,72.0,699.0,455.0
CFCL,8/5/2007,300.0,315.0,315.0,315.0,5.0,18.0,699.0,455.0
CFCL,8/6/2007,315.0,315.0,315.0,315.0,0.0,504.0,699.0,455.0
CFCL,8/7/2007,315.0,330.0,330.0,330.0,4.76,10.0,699.0,455.0
CFCL,8/14/2007,330.0,336.0,330.0,330.0,0.0,6993.0,699.0,455.0
CFCL,8/22/2007,330.0,342.0,336.0,342.0,3.64,11930.0,699.0,455.0
CFCL,8/23/2007,342.0,342.0,342.0,342.0,0.0,11942.0,699.0,455.0
CFCL,8/26/2007,342.0,379.0,350.0,379.0,10.82,3095.0,699.0,455.0
CFCL,10/1/2007,379.0,300.0,300.0,300.0,-20.84,4800.0,699.0,455.0
CFCL,10/10/2007,300.0,300.0,300.0,300.0,0.0,70.0,699.0,455.0
CFCL,11/5/2007,300.0,300.0,300.0,300.0,0.0,4800.0,699.0,455.0
CFCL,11/18/2007,300.0,303.0,303.0,303.0,1.0,190.0,699.0,455.0
CFCL,12/11/2007,303.0,300.0,300.0,300.0,-0.99,48.0,699.0,455.0
CFCL,12/12/2007,300.0,305.0,305.0,305.0,1.67,16.0,699.0,455.0
CFCL,12/27/2007,305.0,479.0,479.0,479.0,57.05,65.0,699.0,455.0
CFCL,1/7/2008,479.0,311.0,311.0,311.0,-35.07,224.0,699.0,455.0
CFCL,2/6/2008,311.0,317.0,317.0,317.0,1.93,216.0,699.0,455.0
CFCL,3/10/2008,317.0,323.0,323.0,323.0,1.89,30.0,699.0,455.0
CFCL,3/11/2008,323.0,335.0,329.0,335.0,3.72,48.0,699.0,455.0
CFCL,3/12/2008,335.0,329.0,329.0,329.0,-1.79,100.0,699.0,455.0
CFCL,3/17/2008,329.0,329.0,319.0,319.0,-3.04,438.0,699.0,455.0
CFCL,3/20/2008,319.0,343.0,325.0,343.0,7.52,104.0,699.0,455.0
CFCL,3/23/2008,343.0,349.0,343.0,343.0,0.0,94.0,699.0,455.0
CFCL,3/24/2008,343.0,362.0,349.0,362.0,5.54,60.0,699.0,455.0
CFCL,3/25/2008,362.0,360.0,350.0,350.0,-3.31,5470.0,699.0,455.0
CFCL,3/30/2008,350.0,374.0,357.0,374.0,6.86,2195.0,699.0,455.0
CFCL,4/3/2008,374.0,381.0,381.0,381.0,1.87,164.0,699.0,455.0
CFCL,4/22/2008,381.0,395.0,388.0,395.0,3.67,40.0,699.0,455.0
CFCL,4/24/2008,395.0,395.0,388.0,395.0,0.0,144.0,699.0,455.0
CFCL,4/28/2008,395.0,395.0,390.0,390.0,-1.27,752.0,699.0,455.0
CFCL,4/29/2008,390.0,404.0,397.0,404.0,3.59,1000.0,699.0,455.0
CFCL,4/30/2008,404.0,428.0,412.0,428.0,5.94,2000.0,699.0,455.0
CFCL,5/5/2008,428.0,452.0,436.0,452.0,5.61,900.0,699.0,455.0
CFCL,5/6/2008,452.0,497.0,461.0,497.0,9.96,1604.0,699.0,455.0
CFCL,5/7/2008,497.0,546.0,506.0,546.0,9.86,1016.0,699.0,455.0
CFCL,5/8/2008,546.0,600.0,556.0,600.0,9.89,2420.0,699.0,455.0
CFCL,5/11/2008,600.0,660.0,612.0,660.0,10.0,600.0,699.0,455.0
CFCL,5/12/2008,660.0,699.0,673.0,699.0,5.91,160.0,699.0,455.0
CFCL,5/13/2008,699.0,712.0,700.0,712.0,1.86,2200.0,699.0,455.0
CFCL,5/14/2008,712.0,740.0,715.0,740.0,3.93,1116.0,699.0,455.0
CFCL,5/15/2008,740.0,726.0,726.0,726.0,-1.89,200.0,699.0,455.0
CFCL,5/18/2008,726.0,712.0,712.0,712.0,-1.93,260.0,699.0,455.0
CFCL,5/21/2008,712.0,726.0,711.0,711.0,-0.14,1656.0,699.0,455.0
CFCL,5/22/2008,711.0,697.0,697.0,697.0,-1.97,72.0,699.0,455.0
CFCL,5/25/2008,697.0,695.0,695.0,695.0,-0.29,40.0,699.0,455.0
CFCL,5/26/2008,695.0,682.0,675.0,675.0,-2.88,476.0,699.0,455.0
CFCL,5/27/2008,675.0,670.0,662.0,662.0,-1.93,226.0,699.0,455.0
CFCL,6/1/2008,662.0,649.0,625.0,625.0,-5.59,436.0,699.0,455.0
CFCL,6/2/2008,625.0,630.0,618.0,618.0,-1.12,450.0,699.0,455.0
CFCL,6/3/2008,618.0,625.0,613.0,613.0,-0.81,1300.0,699.0,455.0
CFCL,6/4/2008,613.0,601.0,601.0,601.0,-1.96,200.0,699.0,455.0
CFCL,6/5/2008,601.0,629.0,605.0,629.0,4.66,656.0,699.0,455.0
CFCL,6/8/2008,629.0,690.0,641.0,690.0,9.7,564.0,699.0,455.0
CFCL,6/9/2008,690.0,759.0,703.0,759.0,10.0,1314.0,699.0,455.0
CFCL,6/10/2008,759.0,770.0,770.0,770.0,1.45,639.0,699.0,455.0
CFCL,6/11/2008,770.0,800.0,785.0,800.0,3.9,1274.0,699.0,455.0
CFCL,6/12/2008,800.0,802.0,800.0,801.0,0.12,820.0,699.0,455.0
CFCL,6/16/2008,784.0,810.0,799.0,810.0,1.12,217.0,699.0,455.0
CFCL,6/17/2008,810.0,799.0,794.0,799.0,-1.36,360.0,699.0,455.0
CFCL,6/18/2008,799.0,800.0,784.0,784.0,-1.88,990.0,699.0,455.0
CFCL,6/19/2008,784.0,770.0,765.0,765.0,-2.42,165.0,699.0,455.0
CFCL,6/22/2008,765.0,750.0,750.0,750.0,-1.96,200.0,699.0,455.0
CFCL,6/26/2008,750.0,735.0,721.0,721.0,-3.87,76.0,699.0,455.0
CFCL,6/30/2008,721.0,749.0,707.0,749.0,3.88,5439.0,699.0,455.0
CFCL,7/1/2008,749.0,784.0,707.0,784.0,4.67,1150.0,699.0,455.0
CFCL,7/2/2008,784.0,770.0,770.0,770.0,-1.79,65.0,699.0,455.0
CFCL,7/8/2008,770.0,755.0,755.0,755.0,-1.95,39.0,699.0,455.0
CFCL,7/15/2008,755.0,740.0,740.0,740.0,-1.99,585.0,699.0,455.0
CFCL,7/16/2008,740.0,727.0,720.0,720.0,-2.7,75.0,699.0,455.0
CFCL,7/20/2008,720.0,706.0,700.0,700.0,-2.78,4000.0,699.0,455.0
CFCL,7/21/2008,700.0,710.0,699.0,710.0,1.43,1440.0,699.0,455.0
CFCL,7/22/2008,710.0,700.0,690.0,690.0,-2.82,1039.0,699.0,455.0
CFCL,7/23/2008,690.0,690.0,685.0,685.0,-0.72,429.0,699.0,455.0
CFCL,7/28/2008,685.0,753.0,698.0,753.0,9.93,1397.0,699.0,455.0
CFCL,7/29/2008,753.0,825.0,768.0,825.0,9.56,1579.0,699.0,455.0
CFCL,7/30/2008,825.0,859.0,811.0,850.0,3.03,1206.0,699.0,455.0
CFCL,7/31/2008,850.0,850.0,833.0,833.0,-2.0,180.0,699.0,455.0
CFCL,8/3/2008,833.0,910.0,833.0,910.0,9.24,866.0,699.0,455.0
CFCL,8/5/2008,910.0,928.0,928.0,928.0,1.98,39.0,699.0,455.0
CFCL,8/6/2008,928.0,925.0,925.0,925.0,-0.32,1000.0,699.0,455.0
CFCL,8/11/2008,925.0,907.0,870.0,870.0,-5.95,803.0,699.0,455.0
CFCL,8/12/2008,870.0,904.0,871.0,900.0,3.45,995.0,699.0,455.0
CFCL,8/13/2008,900.0,930.0,900.0,930.0,3.33,995.0,699.0,455.0
CFCL,8/14/2008,930.0,916.0,916.0,916.0,-1.51,100.0,699.0,455.0
CFCL,8/18/2008,916.0,920.0,900.0,920.0,0.44,644.0,699.0,455.0
CFCL,8/19/2008,920.0,910.0,905.0,910.0,-1.09,170.0,699.0,455.0
CFCL,8/20/2008,910.0,915.0,915.0,915.0,0.55,100.0,699.0,455.0
CFCL,8/21/2008,915.0,920.0,915.0,920.0,0.55,122.0,699.0,455.0
CFCL,8/24/2008,920.0,902.0,902.0,902.0,-1.96,98.0,699.0,455.0
CFCL,8/26/2008,902.0,884.0,870.0,870.0,-3.55,65.0,699.0,455.0
CFCL,9/2/2008,870.0,853.0,853.0,853.0,-1.95,100.0,699.0,455.0
CFCL,9/4/2008,853.0,840.0,840.0,840.0,-1.52,100.0,699.0,455.0
CFCL,9/7/2008,840.0,889.0,856.0,889.0,5.83,796.0,699.0,455.0
CFCL,9/8/2008,889.0,977.0,906.0,960.0,7.99,276.0,699.0,455.0
CFCL,9/9/2008,960.0,943.0,900.0,900.0,-6.25,2434.0,699.0,455.0
CFCL,9/10/2008,900.0,915.0,898.0,900.0,0.0,849.0,699.0,455.0
CFCL,9/11/2008,900.0,915.0,900.0,915.0,1.67,811.0,699.0,455.0
CFCL,9/15/2008,915.0,900.0,880.0,885.0,-3.28,1300.0,699.0,455.0
CFCL,9/16/2008,885.0,876.0,876.0,876.0,-1.02,39.0,699.0,455.0
CFCL,9/17/2008,876.0,865.0,865.0,865.0,-1.26,50.0,699.0,455.0
CFCL,9/22/2008,865.0,899.0,865.0,899.0,3.93,635.0,699.0,455.0
CFCL,9/23/2008,899.0,899.0,899.0,899.0,0.0,185.0,699.0,455.0
CFCL,9/24/2008,899.0,900.0,900.0,900.0,0.11,50.0,699.0,455.0
CFCL,9/25/2008,900.0,900.0,900.0,900.0,0.0,500.0,699.0,455.0
CFCL,9/28/2008,900.0,917.0,901.0,917.0,1.89,198.0,699.0,455.0
CFCL,9/29/2008,917.0,915.0,910.0,915.0,-0.22,734.0,699.0,455.0
CFCL,10/15/2008,915.0,915.0,912.0,915.0,0.0,199.0,699.0,455.0
CFCL,10/16/2008,915.0,915.0,915.0,915.0,0.0,39.0,699.0,455.0
CFCL,10/19/2008,915.0,920.0,915.0,920.0,0.55,276.0,699.0,455.0
CFCL,10/21/2008,920.0,910.0,910.0,910.0,-1.09,75.0,699.0,455.0
CFCL,10/22/2008,910.0,896.0,890.0,890.0,-2.2,650.0,699.0,455.0
CFCL,10/23/2008,890.0,905.0,905.0,905.0,1.69,50.0,699.0,455.0
CFCL,10/26/2008,905.0,911.0,890.0,911.0,0.66,725.0,699.0,455.0
CFCL,10/27/2008,911.0,905.0,900.0,900.0,-1.21,300.0,699.0,455.0
CFCL,11/12/2008,900.0,900.0,882.0,882.0,-2.0,890.0,699.0,455.0
CFCL,11/16/2008,882.0,880.0,870.0,870.0,-1.36,307.0,699.0,455.0
CFCL,11/17/2008,870.0,865.0,822.0,822.0,-5.52,478.0,699.0,455.0
CFCL,11/18/2008,822.0,838.0,838.0,838.0,1.95,78.0,699.0,455.0
CFCL,11/19/2008,838.0,840.0,830.0,840.0,0.24,239.0,699.0,455.0
CFCL,11/20/2008,840.0,830.0,825.0,825.0,-1.79,439.0,699.0,455.0
CFCL,12/3/2008,825.0,825.0,825.0,825.0,0.0,366.0,699.0,455.0
CFCL,12/7/2008,825.0,810.0,800.0,800.0,-3.03,240.0,699.0,455.0
CFCL,12/10/2008,800.0,806.0,806.0,806.0,0.75,39.0,699.0,455.0
CFCL,12/14/2008,806.0,831.0,810.0,831.0,3.1,167.0,699.0,455.0
CFCL,12/18/2008,831.0,825.0,810.0,810.0,-2.53,236.0,699.0,455.0
CFCL,12/21/2008,810.0,805.0,785.0,785.0,-3.09,1089.0,699.0,455.0
CFCL,12/22/2008,785.0,831.0,800.0,820.0,4.46,2436.0,699.0,455.0
CFCL,12/23/2008,820.0,830.0,784.0,785.0,-4.27,1314.0,699.0,455.0
CFCL,12/24/2008,785.0,787.0,780.0,785.0,0.0,1700.0,699.0,455.0
CFCL,12/28/2008,785.0,791.0,785.0,790.0,0.64,1161.0,699.0,455.0
CFCL,12/29/2008,790.0,821.0,805.0,821.0,3.92,40.0,699.0,455.0
CFCL,12/31/2008,821.0,892.0,765.0,892.0,8.65,2062.0,699.0,455.0
CFCL,1/1/2009,892.0,908.0,820.0,908.0,1.79,1320.0,699.0,455.0
CFCL,2/8/2009,908.0,630.0,630.0,630.0,-30.62,100.0,699.0,455.0
CFCL,2/15/2009,630.0,629.0,629.0,629.0,-0.16,78.0,699.0,455.0
CFCL,2/19/2009,629.0,617.0,617.0,617.0,-1.91,18.0,699.0,455.0
CFCL,3/2/2009,617.0,620.0,620.0,620.0,0.49,18.0,699.0,455.0
CFCL,3/8/2009,620.0,610.0,610.0,610.0,-1.61,200.0,699.0,455.0
CFCL,3/11/2009,610.0,622.0,610.0,610.0,0.0,95.0,699.0,455.0
CFCL,3/15/2009,610.0,610.0,610.0,610.0,0.0,125.0,699.0,455.0
CFCL,3/22/2009,610.0,598.0,587.0,587.0,-3.77,298.0,699.0,455.0
CFCL,3/23/2009,587.0,576.0,540.0,540.0,-8.01,578.0,699.0,455.0
CFCL,3/29/2009,540.0,540.0,530.0,530.0,-1.85,134.0,699.0,455.0
CFCL,3/31/2009,530.0,530.0,520.0,520.0,-1.89,615.0,699.0,455.0
CFCL,4/5/2009,520.0,510.0,510.0,510.0,-1.92,430.0,699.0,455.0
CFCL,4/7/2009,510.0,505.0,500.0,500.0,-1.96,312.0,699.0,455.0
CFCL,4/8/2009,500.0,491.0,490.0,491.0,-1.8,500.0,699.0,455.0
CFCL,4/12/2009,491.0,489.0,489.0,489.0,-0.41,190.0,699.0,455.0
CFCL,4/19/2009,489.0,498.0,498.0,498.0,1.84,104.0,699.0,455.0
CFCL,4/26/2009,498.0,507.0,507.0,507.0,1.81,100.0,699.0,455.0
CFCL,4/27/2009,507.0,498.0,490.0,490.0,-3.35,240.0,699.0,455.0
CFCL,4/30/2009,490.0,495.0,495.0,495.0,1.02,50.0,699.0,455.0
CFCL,5/7/2009,495.0,486.0,486.0,486.0,-1.82,115.0,699.0,455.0
CFCL,5/11/2009,486.0,495.0,490.0,495.0,1.85,697.0,699.0,455.0
CFCL,5/12/2009,495.0,506.0,504.0,506.0,2.22,121.0,699.0,455.0
CFCL,5/14/2009,506.0,525.0,515.0,525.0,3.75,454.0,699.0,455.0
CFCL,5/17/2009,525.0,540.0,520.0,520.0,-0.95,531.0,699.0,455.0
CFCL,5/18/2009,520.0,525.0,515.0,525.0,0.96,1020.0,699.0,455.0
CFCL,5/19/2009,525.0,515.0,515.0,515.0,-1.9,129.0,699.0,455.0
CFCL,6/9/2009,515.0,430.0,430.0,430.0,-16.5,24.0,699.0,455.0
CFCL,6/12/2009,430.0,478.0,459.0,478.0,11.16,68.0,699.0,455.0
CFCL,7/9/2009,478.0,454.0,438.0,450.0,-5.86,154.0,699.0,455.0
CFCL,7/13/2009,450.0,495.0,470.0,495.0,10.0,290.0,699.0,455.0
CFCL,7/14/2009,495.0,504.0,494.0,503.0,1.62,196.0,699.0,455.0
CFCL,7/15/2009,503.0,493.0,493.0,493.0,-1.99,144.0,699.0,455.0
CFCL,7/23/2009,493.0,520.0,502.0,520.0,5.48,40.0,699.0,455.0
CFCL,7/30/2009,520.0,510.0,500.0,500.0,-3.85,100.0,699.0,455.0
CFCL,8/9/2009,500.0,482.0,480.0,480.0,-4.0,290.0,699.0,455.0
CFCL,8/11/2009,480.0,500.0,490.0,490.0,2.08,692.0,699.0,455.0
CFCL,8/12/2009,490.0,490.0,490.0,490.0,0.0,100.0,699.0,455.0
CFCL,8/16/2009,490.0,490.0,490.0,490.0,0.0,100.0,699.0,455.0
CFCL,8/17/2009,490.0,500.0,499.0,500.0,2.04,190.0,699.0,455.0
CFCL,8/18/2009,500.0,500.0,500.0,500.0,0.0,222.0,699.0,455.0
CFCL,8/19/2009,500.0,500.0,495.0,500.0,0.0,130.0,699.0,455.0
CFCL,9/1/2009,500.0,490.0,490.0,490.0,-2.0,60.0,699.0,455.0
CFCL,9/6/2009,490.0,310.0,309.0,309.0,-36.94,49.0,699.0,455.0
CFCL,9/17/2009,309.0,490.0,490.0,490.0,58.58,39.0,699.0,455.0
CFCL,9/20/2009,490.0,490.0,490.0,490.0,0.0,39.0,699.0,455.0
CFCL,10/5/2009,490.0,485.0,485.0,485.0,-1.02,156.0,699.0,455.0
CFCL,10/7/2009,485.0,480.0,476.0,480.0,-1.03,354.0,699.0,455.0
CFCL,11/8/2009,480.0,471.0,465.0,465.0,-3.12,91.0,699.0,455.0
CFCL,11/11/2009,465.0,470.0,470.0,470.0,1.08,50.0,699.0,455.0
CFCL,1/3/2010,470.0,470.0,432.0,432.0,-8.09,276.0,699.0,455.0
CFCL,1/19/2010,432.0,370.0,370.0,370.0,-14.35,100.0,699.0,455.0
CFCL,1/21/2010,370.0,375.0,375.0,375.0,1.35,888.0,699.0,455.0
CFCL,4/27/2010,375.0,368.0,368.0,368.0,-1.87,24.0,699.0,455.0
CFCL,5/30/2010,368.0,361.0,361.0,361.0,-1.9,235.0,699.0,455.0
CFCL,5/31/2010,361.0,360.0,360.0,360.0,-0.28,490.0,699.0,455.0
CFCL,6/1/2010,360.0,353.0,353.0,353.0,-1.94,135.0,699.0,455.0
CFCL,6/3/2010,353.0,346.0,346.0,346.0,-1.98,74.0,699.0,455.0
CFCL,7/1/2010,346.0,334.0,334.0,334.0,-3.47,59.0,699.0,455.0
CFCL,7/7/2010,334.0,328.0,328.0,328.0,-1.8,366.0,699.0,455.0
CFCL,7/8/2010,328.0,322.0,322.0,322.0,-1.83,32.0,699.0,455.0
CFCL,7/19/2010,322.0,322.0,322.0,322.0,0.0,34.0,699.0,455.0
CFCL,10/12/2010,322.0,303.0,297.0,297.0,-7.76,150.0,699.0,455.0
CFCL,10/31/2010,297.0,292.0,268.0,268.0,-9.76,643.0,699.0,455.0
CFCL,11/1/2010,268.0,266.0,263.0,265.0,-1.12,882.0,699.0,455.0
CFCL,11/2/2010,265.0,270.0,260.0,260.0,-1.89,333.0,699.0,455.0
CFCL,11/3/2010,260.0,265.0,255.0,265.0,1.92,3797.0,699.0,455.0
CFCL,11/4/2010,265.0,265.0,265.0,265.0,0.0,163.0,699.0,455.0
CFCL,11/9/2010,265.0,260.0,260.0,260.0,-1.89,74.0,699.0,455.0
CFCL,11/18/2010,260.0,255.0,255.0,255.0,-1.92,24.0,699.0,455.0
CFCL,11/21/2010,255.0,250.0,250.0,250.0,-1.96,37.0,699.0,455.0
CFCL,11/23/2010,250.0,250.0,250.0,250.0,0.0,48.0,699.0,455.0
CFCL,11/24/2010,250.0,250.0,250.0,250.0,0.0,252.0,699.0,455.0
CFCL,11/25/2010,250.0,250.0,250.0,250.0,0.0,74.0,699.0,455.0
CFCL,11/30/2010,250.0,245.0,245.0,245.0,-2.0,100.0,699.0,455.0
CFCL,12/6/2010,245.0,245.0,245.0,245.0,0.0,1880.0,699.0,455.0
CFCL,12/7/2010,245.0,245.0,245.0,245.0,0.0,300.0,699.0,455.0
CFCL,12/9/2010,245.0,241.0,229.0,229.0,-6.53,240.0,699.0,455.0
CFCL,12/12/2010,229.0,225.0,221.0,221.0,-3.49,200.0,699.0,455.0
CFCL,12/15/2010,221.0,223.0,223.0,223.0,0.9,51.0,699.0,455.0
CFCL,12/23/2010,223.0,223.0,220.0,220.0,-1.35,1470.0,699.0,455.0
CFCL,12/26/2010,220.0,221.0,221.0,221.0,0.45,812.0,699.0,455.0
CFCL,12/27/2010,221.0,221.0,221.0,221.0,0.0,74.0,699.0,455.0
CFCL,12/28/2010,221.0,220.0,220.0,220.0,-0.45,74.0,699.0,455.0
CFCL,12/29/2010,220.0,220.0,220.0,220.0,0.0,81.0,699.0,455.0
CFCL,2/24/2011,220.0,188.0,185.0,185.0,-15.91,300.0,699.0,455.0
CFCL,3/3/2011,185.0,191.0,188.0,191.0,3.24,40.0,699.0,455.0
CFCL,3/7/2011,191.0,197.0,194.0,197.0,3.14,20.0,699.0,455.0
CFCL,3/14/2011,197.0,195.0,195.0,195.0,-1.02,28.0,699.0,455.0
CFCL,3/15/2011,195.0,192.0,189.0,190.0,-2.56,322.0,699.0,455.0
CFCL,3/20/2011,190.0,187.0,185.0,185.0,-2.63,748.0,699.0,455.0
CFCL,3/31/2011,194.0,207.0,203.0,207.0,11.89,30.0,699.0,455.0
CFCL,4/5/2011,207.0,203.0,203.0,203.0,-1.93,121.0,699.0,455.0
CFCL,4/10/2011,203.0,213.0,213.0,213.0,4.93,10.0,699.0,455.0
CFCL,4/11/2011,213.0,217.0,217.0,217.0,1.88,10.0,699.0,455.0
CFCL,4/17/2011,217.0,220.0,220.0,220.0,1.38,10.0,699.0,455.0
CFCL,4/20/2011,220.0,235.0,231.0,235.0,6.82,30.0,699.0,455.0
CFCL,4/28/2011,235.0,246.0,234.0,234.0,-0.43,1068.0,699.0,455.0
CFCL,5/3/2011,234.0,245.0,245.0,245.0,4.7,10.0,699.0,455.0
CFCL,5/4/2011,245.0,257.0,252.0,252.0,2.86,20.0,699.0,455.0
CFCL,5/5/2011,252.0,247.0,243.0,243.0,-3.57,430.0,699.0,455.0
CFCL,5/10/2011,243.0,255.0,255.0,255.0,4.94,10.0,699.0,455.0
CFCL,5/16/2011,255.0,267.0,267.0,267.0,4.71,10.0,699.0,455.0
CFCL,5/24/2011,267.0,280.0,280.0,280.0,4.87,10.0,699.0,455.0
CFCL,5/26/2011,280.0,294.0,294.0,294.0,5.0,10.0,699.0,455.0
CFCL,6/2/2011,294.0,294.0,294.0,294.0,0.0,10.0,699.0,455.0
CFCL,6/6/2011,294.0,289.0,289.0,289.0,-1.7,13.0,699.0,455.0
CFCL,7/24/2011,289.0,284.0,284.0,284.0,-1.73,337.0,699.0,455.0
CFCL,9/7/2011,284.0,279.0,279.0,279.0,-1.76,224.0,699.0,455.0
CFCL,10/10/2011,279.0,274.0,274.0,274.0,-1.79,100.0,699.0,455.0
CFCL,1/23/2012,274.0,269.0,269.0,269.0,-1.82,220.0,699.0,455.0
CFCL,2/8/2012,269.0,264.0,259.0,259.0,-3.72,827.0,699.0,455.0
CFCL,2/26/2012,259.0,254.0,234.0,234.0,-9.65,531.0,699.0,455.0
CFCL,2/27/2012,234.0,230.0,218.0,218.0,-6.84,438.0,699.0,455.0
CFCL,6/5/2012,218.0,218.0,218.0,218.0,0.0,168.0,699.0,455.0
CFCL,9/19/2012,218.0,214.0,214.0,214.0,-1.83,30.0,699.0,455.0
CFCL,9/20/2012,214.0,210.0,210.0,210.0,-1.87,19.0,699.0,455.0
CFCL,9/23/2012,210.0,206.0,198.0,198.0,-5.71,455.0,699.0,455.0
CFCL,5/22/2014,198.0,212.0,197.0,197.0,-0.51,1336.0,699.0,455.0
CFCL,5/25/2014,197.0,200.0,186.0,186.0,-5.58,1237.0,699.0,455.0
CFCL,5/26/2014,186.0,183.0,170.0,175.0,-5.91,6328.0,699.0,455.0
CFCL,5/27/2014,175.0,183.0,178.0,180.0,2.86,703.0,699.0,455.0
CFCL,5/28/2014,180.0,180.0,172.0,180.0,0.0,6789.0,699.0,455.0
CFCL,6/1/2014,180.0,189.0,183.0,186.0,3.33,604.0,699.0,455.0
CFCL,6/2/2014,186.0,195.0,188.0,189.0,1.61,2548.0,699.0,455.0
CFCL,6/3/2014,189.0,189.0,183.0,188.0,-0.53,748.0,699.0,455.0
CFCL,6/12/2014,188.0,185.0,185.0,185.0,-1.6,127.0,699.0,455.0
CFCL,6/24/2014,185.0,183.0,182.0,183.0,-1.08,197.0,699.0,455.0
CFCL,6/25/2014,183.0,185.0,165.0,165.0,-9.84,5734.0,699.0,455.0
CFCL,6/26/2014,165.0,177.0,165.0,177.0,7.27,4035.0,699.0,455.0
CFCL,6/29/2014,177.0,188.0,180.0,183.0,3.39,1713.0,699.0,455.0
CFCL,6/30/2014,183.0,180.0,165.0,165.0,-9.84,17267.0,699.0,455.0
CFCL,7/1/2014,165.0,178.0,168.0,171.0,3.64,16725.0,699.0,455.0
CFCL,7/2/2014,171.0,181.0,174.0,180.0,5.26,13556.0,699.0,455.0
CFCL,7/3/2014,164.0,167.0,158.0,158.0,-12.22,1564.0,699.0,455.0
CFCL,7/6/2014,158.0,158.0,158.0,158.0,0.0,681.0,699.0,455.0
CFCL,7/7/2014,158.0,167.0,161.0,167.0,5.7,150.0,699.0,455.0
CFCL,7/8/2014,167.0,176.0,170.0,176.0,5.39,1094.0,699.0,455.0
CFCL,7/9/2014,176.0,173.0,173.0,173.0,-1.7,108.0,699.0,455.0
CFCL,7/16/2014,173.0,190.0,176.0,190.0,9.83,1492.0,699.0,455.0
CFCL,7/17/2014,190.0,209.0,188.0,209.0,10.0,2559.0,699.0,455.0
CFCL,7/20/2014,209.0,229.0,213.0,229.0,9.57,2551.0,699.0,455.0
CFCL,7/21/2014,229.0,251.0,233.0,251.0,9.61,3822.0,699.0,455.0
CFCL,7/22/2014,251.0,266.0,256.0,266.0,5.98,1852.0,699.0,455.0
CFCL,7/23/2014,266.0,261.0,250.0,250.0,-6.02,460.0,699.0,455.0
CFCL,7/24/2014,250.0,246.0,245.0,246.0,-1.6,1166.0,699.0,455.0
CFCL,7/27/2014,246.0,242.0,242.0,242.0,-1.63,800.0,699.0,455.0
CFCL,8/7/2014,242.0,238.0,234.0,234.0,-3.31,74.0,699.0,455.0
CFCL,8/13/2014,234.0,230.0,226.0,226.0,-3.42,100.0,699.0,455.0
CFCL,8/14/2014,226.0,222.0,222.0,222.0,-1.77,40.0,699.0,455.0
CFCL,8/18/2014,222.0,218.0,218.0,218.0,-1.8,20.0,699.0,455.0
CFCL,8/19/2014,218.0,214.0,210.0,210.0,-3.67,40.0,699.0,455.0
CFCL,8/20/2014,210.0,206.0,198.0,198.0,-5.71,65.0,699.0,455.0
CFCL,8/24/2014,198.0,195.0,192.0,192.0,-3.03,80.0,699.0,455.0
CFCL,8/25/2014,192.0,189.0,186.0,186.0,-3.12,70.0,699.0,455.0
CFCL,8/26/2014,186.0,183.0,180.0,180.0,-3.23,80.0,699.0,455.0
CFCL,8/28/2014,180.0,177.0,168.0,168.0,-6.67,1460.0,699.0,455.0
CFCL,8/31/2014,168.0,165.0,153.0,153.0,-8.93,1350.0,699.0,455.0
CFCL,9/1/2014,153.0,150.0,143.0,143.0,-6.54,2548.0,699.0,455.0
CFCL,9/3/2014,143.0,157.0,141.0,157.0,9.79,4221.0,699.0,455.0
CFCL,9/4/2014,157.0,160.0,151.0,154.0,-1.91,2591.0,699.0,455.0
CFCL,9/7/2014,154.0,151.0,144.0,144.0,-6.49,519.0,699.0,455.0
CFCL,9/9/2014,144.0,148.0,142.0,146.0,1.39,1487.0,699.0,455.0
CFCL,9/10/2014,146.0,148.0,145.0,148.0,1.37,1221.0,699.0,455.0
CFCL,9/11/2014,148.0,148.0,148.0,148.0,0.0,87.0,699.0,455.0
CFCL,9/14/2014,148.0,148.0,146.0,146.0,-1.35,727.0,699.0,455.0
CFCL,9/15/2014,146.0,146.0,144.0,146.0,0.0,770.0,699.0,455.0
CFCL,9/17/2014,146.0,145.0,145.0,145.0,-0.68,50.0,699.0,455.0
CFCL,9/18/2014,145.0,143.0,141.0,142.0,-2.07,1215.0,699.0,455.0
CFCL,9/21/2014,142.0,140.0,140.0,140.0,-1.41,200.0,699.0,455.0
CFCL,9/23/2014,140.0,138.0,138.0,138.0,-1.43,259.0,699.0,455.0
CFCL,9/24/2014,138.0,138.0,136.0,138.0,0.0,2579.0,699.0,455.0
CFCL,9/28/2014,138.0,138.0,136.0,138.0,0.0,1018.0,699.0,455.0
CFCL,9/29/2014,138.0,142.0,140.0,142.0,2.9,1333.0,699.0,455.0
CFCL,9/30/2014,142.0,150.0,144.0,150.0,5.63,370.0,699.0,455.0
CFCL,10/9/2014,150.0,147.0,146.0,146.0,-2.67,500.0,699.0,455.0
CFCL,10/15/2014,146.0,148.0,148.0,148.0,1.37,100.0,699.0,455.0
CFCL,10/16/2014,148.0,153.0,150.0,153.0,3.38,286.0,699.0,455.0
CFCL,10/19/2014,153.0,150.0,150.0,150.0,-1.96,200.0,699.0,455.0
CFCL,10/27/2014,150.0,153.0,153.0,153.0,2.0,684.0,699.0,455.0
CFCL,11/3/2014,153.0,158.0,155.0,155.0,1.31,823.0,699.0,455.0
CFCL,11/5/2014,155.0,152.0,152.0,152.0,-1.94,500.0,699.0,455.0
CFCL,11/6/2014,152.0,155.0,155.0,155.0,1.97,296.0,699.0,455.0
CFCL,11/10/2014,155.0,152.0,143.0,143.0,-7.74,3292.0,699.0,455.0
CFCL,11/11/2014,143.0,142.0,138.0,138.0,-3.5,869.0,699.0,455.0
CFCL,11/13/2014,138.0,140.0,139.0,139.0,0.72,80.0,699.0,455.0
CFCL,11/16/2014,139.0,137.0,137.0,137.0,-1.44,10.0,699.0,455.0
CFCL,11/19/2014,137.0,135.0,133.0,133.0,-2.92,1286.0,699.0,455.0
CFCL,11/24/2014,133.0,137.0,135.0,137.0,3.01,382.0,699.0,455.0
CFCL,11/25/2014,137.0,141.0,139.0,141.0,2.92,184.0,699.0,455.0
CFCL,11/30/2014,141.0,143.0,143.0,143.0,1.42,21.0,699.0,455.0
CFCL,12/1/2014,143.0,142.0,137.0,137.0,-4.2,4426.0,699.0,455.0
CFCL,12/3/2014,137.0,135.0,135.0,135.0,-1.46,255.0,699.0,455.0
CFCL,12/4/2014,135.0,138.0,136.0,138.0,2.22,473.0,699.0,455.0
CFCL,12/7/2014,138.0,140.0,140.0,140.0,1.45,545.0,699.0,455.0
CFCL,12/9/2014,140.0,142.0,141.0,141.0,0.71,352.0,699.0,455.0
CFCL,12/10/2014,141.0,140.0,140.0,140.0,-0.71,300.0,699.0,455.0
CFCL,12/15/2014,140.0,144.0,138.0,144.0,2.86,234.0,699.0,455.0
CFCL,12/16/2014,144.0,154.0,145.0,154.0,6.94,1645.0,699.0,455.0
CFCL,12/17/2014,154.0,151.0,146.0,146.0,-5.19,1135.0,699.0,455.0
CFCL,12/18/2014,146.0,148.0,144.0,148.0,1.37,887.0,699.0,455.0
CFCL,12/21/2014,148.0,146.0,146.0,146.0,-1.35,510.0,699.0,455.0
CFCL,12/22/2014,146.0,148.0,146.0,146.0,0.0,600.0,699.0,455.0
CFCL,12/23/2014,146.0,146.0,146.0,146.0,0.0,46.0,699.0,455.0
CFCL,12/24/2014,146.0,145.0,144.0,144.0,-1.37,96.0,699.0,455.0
CFCL,12/29/2014,144.0,146.0,144.0,146.0,1.39,196.0,699.0,455.0
CFCL,1/4/2015,146.0,153.0,148.0,153.0,4.79,398.0,699.0,455.0
CFCL,1/6/2015,153.0,153.0,150.0,153.0,0.0,1401.0,699.0,455.0
CFCL,1/7/2015,153.0,150.0,147.0,147.0,-3.92,426.0,699.0,455.0
CFCL,1/8/2015,147.0,151.0,147.0,151.0,2.72,242.0,699.0,455.0
CFCL,1/11/2015,151.0,154.0,154.0,154.0,1.99,287.0,699.0,455.0
CFCL,1/19/2015,154.0,163.0,156.0,162.0,5.19,3889.0,699.0,455.0
CFCL,1/20/2015,162.0,171.0,160.0,171.0,5.56,3126.0,699.0,455.0
CFCL,1/22/2015,171.0,168.0,168.0,168.0,-1.75,200.0,699.0,455.0
CFCL,1/26/2015,168.0,166.0,165.0,165.0,-1.79,265.0,699.0,455.0
CFCL,1/27/2015,165.0,162.0,157.0,159.0,-3.64,785.0,699.0,455.0
CFCL,1/28/2015,159.0,159.0,159.0,159.0,0.0,500.0,699.0,455.0
CFCL,2/1/2015,159.0,162.0,161.0,162.0,1.89,2508.0,699.0,455.0
CFCL,2/2/2015,162.0,160.0,160.0,160.0,-1.23,272.0,699.0,455.0
CFCL,2/3/2015,160.0,173.0,163.0,173.0,8.13,1263.0,699.0,455.0
CFCL,2/4/2015,173.0,170.0,165.0,166.0,-4.05,3189.0,699.0,455.0
CFCL,2/5/2015,166.0,165.0,163.0,165.0,-0.6,477.0,699.0,455.0
CFCL,2/8/2015,165.0,165.0,160.0,165.0,0.0,506.0,699.0,455.0
CFCL,2/9/2015,165.0,164.0,162.0,164.0,-0.61,290.0,699.0,455.0
CFCL,2/10/2015,164.0,164.0,161.0,164.0,0.0,9465.0,699.0,455.0
CFCL,2/12/2015,164.0,164.0,161.0,164.0,0.0,226.0,699.0,455.0
CFCL,2/15/2015,164.0,180.0,167.0,180.0,9.76,1950.0,699.0,455.0
CFCL,2/16/2015,180.0,195.0,178.0,178.0,-1.11,3369.0,699.0,455.0
CFCL,2/18/2015,178.0,195.0,181.0,195.0,9.55,7504.0,699.0,455.0
CFCL,2/22/2015,195.0,195.0,185.0,188.0,-3.59,7669.0,699.0,455.0
CFCL,2/23/2015,188.0,194.0,182.0,194.0,3.19,5200.0,699.0,455.0
CFCL,2/24/2015,194.0,195.0,191.0,195.0,0.52,1885.0,699.0,455.0
CFCL,2/25/2015,195.0,214.0,198.0,214.0,9.74,16472.0,699.0,455.0
CFCL,2/26/2015,214.0,233.0,218.0,225.0,5.14,4148.0,699.0,455.0
CFCL,3/1/2015,225.0,221.0,213.0,213.0,-5.33,1700.0,699.0,455.0
CFCL,3/2/2015,213.0,230.0,211.0,230.0,7.98,10258.0,699.0,455.0
CFCL,3/3/2015,230.0,226.0,214.0,222.0,-3.48,1926.0,699.0,455.0
CFCL,3/4/2015,222.0,222.0,218.0,220.0,-0.9,2709.0,699.0,455.0
CFCL,3/9/2015,220.0,228.0,221.0,221.0,0.45,1079.0,699.0,455.0
CFCL,3/10/2015,221.0,222.0,222.0,222.0,0.45,48.0,699.0,455.0
CFCL,3/11/2015,222.0,230.0,220.0,221.0,-0.45,965.0,699.0,455.0
CFCL,3/12/2015,221.0,217.0,217.0,217.0,-1.81,95.0,699.0,455.0
CFCL,3/15/2015,217.0,216.0,213.0,213.0,-1.84,742.0,699.0,455.0
CFCL,3/16/2015,213.0,214.0,206.0,208.0,-2.35,3508.0,699.0,455.0
CFCL,3/17/2015,208.0,220.0,210.0,220.0,5.77,828.0,699.0,455.0
CFCL,3/18/2015,220.0,220.0,211.0,220.0,0.0,3487.0,699.0,455.0
CFCL,3/19/2015,220.0,220.0,211.0,215.0,-2.27,3978.0,699.0,455.0
CFCL,3/22/2015,215.0,211.0,207.0,207.0,-3.72,1299.0,699.0,455.0
CFCL,3/23/2015,207.0,204.0,203.0,204.0,-1.45,1150.0,699.0,455.0
CFCL,3/24/2015,204.0,204.0,200.0,204.0,0.0,162.0,699.0,455.0
CFCL,3/25/2015,204.0,205.0,201.0,205.0,0.49,1088.0,699.0,455.0
CFCL,3/26/2015,205.0,205.0,202.0,205.0,0.0,140.0,699.0,455.0
CFCL,3/29/2015,205.0,208.0,208.0,208.0,1.46,113.0,699.0,455.0
CFCL,3/30/2015,208.0,212.0,208.0,212.0,1.92,726.0,699.0,455.0
CFCL,3/31/2015,212.0,212.0,209.0,209.0,-1.42,2060.0,699.0,455.0
CFCL,4/1/2015,209.0,207.0,206.0,206.0,-1.44,1158.0,699.0,455.0
CFCL,4/2/2015,206.0,204.0,200.0,203.0,-1.46,865.0,699.0,455.0
CFCL,4/5/2015,203.0,199.0,196.0,196.0,-3.45,1560.0,699.0,455.0
CFCL,4/6/2015,196.0,199.0,195.0,195.0,-0.51,1057.0,699.0,455.0
CFCL,4/7/2015,195.0,195.0,194.0,194.0,-0.51,2446.0,699.0,455.0
CFCL,4/8/2015,194.0,201.0,195.0,201.0,3.61,1729.0,699.0,455.0
CFCL,4/9/2015,201.0,199.0,199.0,199.0,-1.0,371.0,699.0,455.0
CFCL,4/12/2015,199.0,203.0,200.0,200.0,0.5,3476.0,699.0,455.0
CFCL,4/13/2015,200.0,204.0,198.0,198.0,-1.0,304.0,699.0,455.0
CFCL,4/15/2015,198.0,197.0,197.0,197.0,-0.51,1000.0,699.0,455.0
CFCL,4/16/2015,197.0,196.0,195.0,195.0,-1.02,190.0,699.0,455.0
CFCL,4/19/2015,195.0,198.0,195.0,198.0,1.54,178.0,699.0,455.0
CFCL,4/22/2015,198.0,198.0,196.0,196.0,-1.01,453.0,699.0,455.0
CFCL,4/23/2015,196.0,194.0,191.0,191.0,-2.55,1184.0,699.0,455.0
CFCL,5/24/2015,191.0,188.0,172.0,172.0,-9.95,548.0,699.0,455.0
CFCL,5/25/2015,172.0,169.0,155.0,155.0,-9.88,927.0,699.0,455.0
CFCL,5/26/2015,155.0,169.0,152.0,163.0,5.16,2079.0,699.0,455.0
CFCL,5/28/2015,163.0,160.0,160.0,160.0,-1.84,194.0,699.0,455.0
CFCL,5/31/2015,160.0,169.0,163.0,169.0,5.62,250.0,699.0,455.0
CFCL,6/2/2015,169.0,175.0,170.0,175.0,3.55,1121.0,699.0,455.0
CFCL,6/3/2015,175.0,191.0,175.0,188.0,7.43,1695.0,699.0,455.0
CFCL,6/7/2015,188.0,185.0,185.0,185.0,-1.6,110.0,699.0,455.0
CFCL,6/8/2015,185.0,182.0,167.0,167.0,-9.73,1214.0,699.0,455.0
CFCL,6/9/2015,167.0,170.0,167.0,167.0,0.0,690.0,699.0,455.0
CFCL,6/10/2015,167.0,168.0,165.0,168.0,0.6,1266.0,699.0,455.0
CFCL,6/11/2015,168.0,168.0,168.0,168.0,0.0,488.0,699.0,455.0
CFCL,6/14/2015,168.0,169.0,166.0,167.0,-0.6,2733.0,699.0,455.0
CFCL,6/15/2015,167.0,166.0,165.0,165.0,-1.2,1593.0,699.0,455.0
CFCL,6/16/2015,165.0,168.0,164.0,168.0,1.82,3916.0,699.0,455.0
CFCL,6/17/2015,168.0,168.0,168.0,168.0,0.0,35.0,699.0,455.0
CFCL,6/21/2015,168.0,169.0,165.0,169.0,0.6,869.0,699.0,455.0
CFCL,6/22/2015,169.0,171.0,168.0,169.0,0.0,1659.0,699.0,455.0
CFCL,6/23/2015,169.0,171.0,167.0,170.0,0.59,1648.0,699.0,455.0
CFCL,6/24/2015,170.0,167.0,167.0,167.0,-1.76,239.0,699.0,455.0
CFCL,6/25/2015,167.0,168.0,165.0,168.0,0.6,21346.0,699.0,455.0
CFCL,6/28/2015,168.0,168.0,165.0,168.0,0.0,13145.0,699.0,455.0
CFCL,6/29/2015,168.0,165.0,165.0,165.0,-1.79,3294.0,699.0,455.0
CFCL,6/30/2015,165.0,168.0,165.0,166.0,0.61,197.0,699.0,455.0
CFCL,7/2/2015,166.0,166.0,163.0,166.0,0.0,589.0,699.0,455.0
CFCL,7/5/2015,166.0,171.0,165.0,171.0,3.01,3823.0,699.0,455.0
CFCL,7/6/2015,171.0,170.0,167.0,167.0,-2.34,1135.0,699.0,455.0
CFCL,7/7/2015,167.0,167.0,167.0,167.0,0.0,501.0,699.0,455.0
CFCL,7/8/2015,167.0,167.0,167.0,167.0,0.0,537.0,699.0,455.0
CFCL,7/9/2015,167.0,167.0,167.0,167.0,0.0,72.0,699.0,455.0
CFCL,7/12/2015,167.0,173.0,170.0,172.0,2.99,1159.0,699.0,455.0
CFCL,7/13/2015,172.0,181.0,175.0,181.0,5.23,535.0,699.0,455.0
CFCL,7/14/2015,181.0,181.0,178.0,181.0,0.0,208.0,699.0,455.0
CFCL,7/15/2015,181.0,180.0,178.0,180.0,-0.55,349.0,699.0,455.0
CFCL,7/16/2015,180.0,186.0,183.0,186.0,3.33,598.0,699.0,455.0
CFCL,7/22/2015,186.0,192.0,183.0,192.0,3.23,1020.0,699.0,455.0
CFCL,7/23/2015,192.0,208.0,195.0,208.0,8.33,1915.0,699.0,455.0
CFCL,7/26/2015,208.0,212.0,212.0,212.0,1.92,50.0,699.0,455.0
CFCL,7/27/2015,212.0,224.0,216.0,216.0,1.89,2131.0,699.0,455.0
CFCL,7/28/2015,216.0,214.0,204.0,208.0,-3.7,1994.0,699.0,455.0
CFCL,7/29/2015,208.0,216.0,208.0,216.0,3.85,10486.0,699.0,455.0
CFCL,7/30/2015,216.0,216.0,212.0,215.0,-0.46,1966.0,699.0,455.0
CFCL,8/2/2015,215.0,215.0,215.0,215.0,0.0,1164.0,699.0,455.0
CFCL,8/3/2015,215.0,219.0,218.0,218.0,1.4,1838.0,699.0,455.0
CFCL,8/4/2015,218.0,239.0,222.0,239.0,9.63,16106.0,699.0,455.0
CFCL,8/5/2015,239.0,262.0,239.0,248.0,3.77,30842.0,699.0,455.0
CFCL,8/6/2015,248.0,245.0,239.0,240.0,-3.23,4210.0,699.0,455.0
CFCL,8/9/2015,240.0,244.0,236.0,236.0,-1.67,4094.0,699.0,455.0
CFCL,8/10/2015,236.0,234.0,221.0,225.0,-4.66,10044.0,699.0,455.0
CFCL,8/11/2015,225.0,230.0,224.0,226.0,0.44,3054.0,699.0,455.0
CFCL,8/12/2015,226.0,234.0,223.0,234.0,3.54,832.0,699.0,455.0
CFCL,8/13/2015,234.0,237.0,231.0,237.0,1.28,1419.0,699.0,455.0
CFCL,8/16/2015,237.0,233.0,229.0,230.0,-2.95,1019.0,699.0,455.0
CFCL,8/17/2015,230.0,234.0,230.0,234.0,1.74,658.0,699.0,455.0
CFCL,8/18/2015,234.0,242.0,237.0,242.0,3.42,1663.0,699.0,455.0
CFCL,8/19/2015,242.0,244.0,238.0,241.0,-0.41,7433.0,699.0,455.0
CFCL,8/20/2015,241.0,250.0,237.0,245.0,1.66,7119.0,699.0,455.0
CFCL,8/23/2015,245.0,241.0,237.0,237.0,-3.27,110.0,699.0,455.0
CFCL,8/24/2015,237.0,241.0,237.0,241.0,1.69,3164.0,699.0,455.0
CFCL,8/25/2015,241.0,242.0,238.0,240.0,-0.41,4522.0,699.0,455.0
CFCL,8/26/2015,240.0,240.0,236.0,240.0,0.0,2070.0,699.0,455.0
CFCL,8/27/2015,240.0,248.0,240.0,241.0,0.42,9471.0,699.0,455.0
CFCL,8/31/2015,241.0,243.0,238.0,243.0,0.83,2406.0,699.0,455.0
CFCL,9/1/2015,243.0,240.0,235.0,239.0,-1.65,2466.0,699.0,455.0
CFCL,9/3/2015,239.0,241.0,237.0,237.0,-0.84,2232.0,699.0,455.0
CFCL,9/6/2015,237.0,240.0,237.0,240.0,1.27,761.0,699.0,455.0
CFCL,9/7/2015,240.0,243.0,237.0,243.0,1.25,738.0,699.0,455.0
CFCL,9/8/2015,243.0,247.0,241.0,247.0,1.65,3040.0,699.0,455.0
CFCL,9/9/2015,247.0,244.0,237.0,244.0,-1.21,2346.0,699.0,455.0
CFCL,9/10/2015,244.0,245.0,242.0,242.0,-0.82,2164.0,699.0,455.0
CFCL,9/13/2015,242.0,245.0,238.0,245.0,1.24,995.0,699.0,455.0
CFCL,9/14/2015,245.0,260.0,245.0,254.0,3.67,4857.0,699.0,455.0
CFCL,9/15/2015,254.0,265.0,252.0,255.0,0.39,2566.0,699.0,455.0
CFCL,9/16/2015,255.0,265.0,260.0,262.0,2.75,1460.0,699.0,455.0
CFCL,9/17/2015,262.0,264.0,250.0,252.0,-3.82,2216.0,699.0,455.0
CFCL,9/22/2015,252.0,250.0,250.0,250.0,-0.79,970.0,699.0,455.0
CFCL,9/23/2015,250.0,259.0,250.0,250.0,0.0,2237.0,699.0,455.0
CFCL,9/24/2015,250.0,259.0,255.0,256.0,2.4,1600.0,699.0,455.0
CFCL,9/28/2015,256.0,256.0,251.0,251.0,-1.95,315.0,699.0,455.0
CFCL,9/29/2015,251.0,252.0,246.0,252.0,0.4,934.0,699.0,455.0
CFCL,9/30/2015,252.0,261.0,247.0,261.0,3.57,3359.0,699.0,455.0
CFCL,10/1/2015,261.0,263.0,258.0,263.0,0.77,1647.0,699.0,455.0
CFCL,10/5/2015,263.0,261.0,258.0,258.0,-1.9,2397.0,699.0,455.0
CFCL,10/6/2015,258.0,262.0,255.0,260.0,0.78,2179.0,699.0,455.0
CFCL,10/7/2015,260.0,260.0,255.0,260.0,0.0,3304.0,699.0,455.0
CFCL,10/8/2015,260.0,268.0,258.0,262.0,0.77,4636.0,699.0,455.0
CFCL,10/11/2015,262.0,260.0,260.0,260.0,-0.76,526.0,699.0,455.0
CFCL,10/14/2015,260.0,265.0,264.0,265.0,1.92,114.0,699.0,455.0
CFCL,10/15/2015,265.0,260.0,260.0,260.0,-1.89,1407.0,699.0,455.0
CFCL,10/18/2015,260.0,260.0,260.0,260.0,0.0,337.0,699.0,455.0
CFCL,10/19/2015,260.0,255.0,250.0,250.0,-3.85,796.0,699.0,455.0
CFCL,10/27/2015,250.0,245.0,242.0,242.0,-3.2,409.0,699.0,455.0
CFCL,10/28/2015,242.0,240.0,234.0,240.0,-0.83,2629.0,699.0,455.0
CFCL,10/29/2015,240.0,244.0,241.0,241.0,0.42,524.0,699.0,455.0
CFCL,11/1/2015,241.0,245.0,245.0,245.0,1.66,49.0,699.0,455.0
CFCL,11/2/2015,245.0,246.0,242.0,242.0,-1.22,1011.0,699.0,455.0
CFCL,11/3/2015,242.0,245.0,245.0,245.0,1.24,49.0,699.0,455.0
CFCL,11/4/2015,245.0,247.0,244.0,244.0,-0.41,654.0,699.0,455.0
CFCL,11/5/2015,244.0,246.0,240.0,242.0,-0.82,1176.0,699.0,455.0
CFCL,11/9/2015,242.0,246.0,242.0,246.0,1.65,567.0,699.0,455.0
CFCL,11/16/2015,246.0,250.0,250.0,250.0,1.63,76.0,699.0,455.0
CFCL,11/22/2015,250.0,245.0,245.0,245.0,-2.0,26.0,699.0,455.0
CFCL,11/23/2015,245.0,241.0,241.0,241.0,-1.63,1000.0,699.0,455.0
CFCL,11/24/2015,241.0,240.0,236.0,236.0,-2.07,5398.0,699.0,455.0
CFCL,11/25/2015,236.0,236.0,233.0,236.0,0.0,1053.0,699.0,455.0
CFCL,11/26/2015,236.0,247.0,234.0,247.0,4.66,840.0,699.0,455.0
CFCL,11/29/2015,247.0,261.0,244.0,245.0,-0.81,10583.0,699.0,455.0
CFCL,11/30/2015,245.0,251.0,243.0,244.0,-0.41,4494.0,699.0,455.0
CFCL,12/1/2015,244.0,248.0,243.0,244.0,0.0,3516.0,699.0,455.0
CFCL,12/2/2015,244.0,241.0,241.0,241.0,-1.23,300.0,699.0,455.0
CFCL,12/3/2015,241.0,240.0,240.0,240.0,-0.41,100.0,699.0,455.0
CFCL,12/6/2015,240.0,240.0,236.0,240.0,0.0,1773.0,699.0,455.0
CFCL,12/7/2015,240.0,246.0,234.0,242.0,0.83,3330.0,699.0,455.0
CFCL,12/8/2015,242.0,242.0,242.0,242.0,0.0,490.0,699.0,455.0
CFCL,12/9/2015,242.0,253.0,245.0,245.0,1.24,4929.0,699.0,455.0
CFCL,12/10/2015,245.0,245.0,241.0,244.0,-0.41,2848.0,699.0,455.0
CFCL,12/13/2015,244.0,246.0,246.0,246.0,0.82,92.0,699.0,455.0
CFCL,12/14/2015,246.0,253.0,246.0,253.0,2.85,250.0,699.0,455.0
CFCL,12/15/2015,253.0,248.0,240.0,240.0,-5.14,3000.0,699.0,455.0
CFCL,12/16/2015,240.0,244.0,241.0,241.0,0.42,526.0,699.0,455.0
CFCL,12/17/2015,241.0,244.0,236.0,236.0,-2.07,2506.0,699.0,455.0
CFCL,12/20/2015,236.0,259.0,240.0,254.0,7.63,4089.0,699.0,455.0
CFCL,12/21/2015,254.0,249.0,245.0,249.0,-1.97,1455.0,699.0,455.0
CFCL,12/22/2015,249.0,246.0,242.0,246.0,-1.2,833.0,699.0,455.0
CFCL,12/23/2015,246.0,255.0,250.0,250.0,1.63,1165.0,699.0,455.0
CFCL,12/24/2015,250.0,248.0,247.0,247.0,-1.2,288.0,699.0,455.0
CFCL,12/27/2015,247.0,251.0,246.0,247.0,0.0,1721.0,699.0,455.0
CFCL,12/28/2015,247.0,248.0,247.0,247.0,0.0,2539.0,699.0,455.0
CFCL,12/29/2015,247.0,245.0,241.0,245.0,-0.81,1844.0,699.0,455.0
CFCL,12/31/2015,245.0,255.0,243.0,252.0,2.86,1303.0,699.0,455.0
CFCL,1/3/2016,189.0,192.0,192.0,192.0,-23.81,72.0,699.0,455.0
CFCL,1/5/2016,192.0,195.0,195.0,195.0,1.56,50.0,699.0,455.0
CFCL,3/6/2016,195.0,198.0,198.0,198.0,1.54,10.0,699.0,455.0
CFCL,3/10/2016,198.0,217.0,201.0,217.0,9.6,50.0,699.0,455.0
CFCL,3/13/2016,217.0,238.0,221.0,238.0,9.68,3780.0,699.0,455.0
CFCL,3/14/2016,238.0,261.0,242.0,261.0,9.66,1698.0,699.0,455.0
CFCL,3/15/2016,261.0,287.0,266.0,287.0,9.96,2299.0,699.0,455.0
CFCL,3/16/2016,287.0,292.0,268.0,268.0,-6.62,270.0,699.0,455.0
CFCL,3/17/2016,268.0,273.0,250.0,251.0,-6.34,3372.0,699.0,455.0
CFCL,3/21/2016,251.0,246.0,246.0,246.0,-1.99,500.0,699.0,455.0
CFCL,3/24/2016,246.0,246.0,227.0,227.0,-7.72,3811.0,699.0,455.0
CFCL,3/27/2016,227.0,249.0,223.0,249.0,9.69,3313.0,699.0,455.0
CFCL,3/28/2016,249.0,245.0,229.0,237.0,-4.82,1185.0,699.0,455.0
CFCL,3/29/2016,237.0,242.0,234.0,242.0,2.11,850.0,699.0,455.0
CFCL,3/30/2016,242.0,244.0,237.0,237.0,-2.07,835.0,699.0,455.0
CFCL,3/31/2016,237.0,233.0,233.0,233.0,-1.69,400.0,699.0,455.0
CFCL,4/3/2016,233.0,230.0,230.0,230.0,-1.29,458.0,699.0,455.0
CFCL,4/4/2016,230.0,226.0,220.0,220.0,-4.35,510.0,699.0,455.0
CFCL,4/5/2016,220.0,224.0,220.0,224.0,1.82,1267.0,699.0,455.0
CFCL,4/6/2016,224.0,222.0,220.0,221.0,-1.34,1200.0,699.0,455.0
CFCL,4/10/2016,221.0,225.0,220.0,220.0,-0.45,1299.0,699.0,455.0
CFCL,4/11/2016,220.0,216.0,214.0,214.0,-2.73,458.0,699.0,455.0
CFCL,3/9/2017,214.0,155.0,155.0,155.0,-27.57,795.0,699.0,455.0
CFCL,6/15/2017,175.0,192.0,178.0,190.0,22.58,69.0,699.0,455.0
CFCL,6/18/2017,192.0,211.0,188.0,190.0,0.0,14108.0,699.0,455.0
CFCL,6/19/2017,190.0,187.0,184.0,184.0,-3.16,200.0,699.0,455.0
CFCL,6/20/2017,184.0,185.0,176.0,176.0,-4.35,3720.0,699.0,455.0
CFCL,6/21/2017,176.0,177.0,165.0,167.0,-5.11,5424.0,699.0,455.0
CFCL,6/22/2017,167.0,176.0,164.0,170.0,1.8,7152.0,699.0,455.0
CFCL,6/25/2017,170.0,176.0,168.0,175.0,2.94,5961.0,699.0,455.0
CFCL,6/27/2017,175.0,175.0,175.0,175.0,0.0,276.0,699.0,455.0
CFCL,6/28/2017,175.0,172.0,169.0,169.0,-3.43,2734.0,699.0,455.0
CFCL,7/2/2017,169.0,169.0,166.0,166.0,-1.78,759.0,699.0,455.0
CFCL,7/3/2017,166.0,169.0,165.0,169.0,1.81,2917.0,699.0,455.0
CFCL,7/4/2017,169.0,172.0,169.0,169.0,0.0,3000.0,699.0,455.0
CFCL,7/5/2017,169.0,172.0,168.0,172.0,1.78,1954.0,699.0,455.0
CFCL,7/6/2017,172.0,175.0,166.0,172.0,0.0,9377.0,699.0,455.0
CFCL,7/9/2017,172.0,189.0,175.0,189.0,9.88,14012.0,699.0,455.0
CFCL,7/10/2017,189.0,207.0,192.0,197.0,4.23,24000.0,699.0,455.0
CFCL,7/11/2017,197.0,197.0,190.0,190.0,-3.55,2997.0,699.0,455.0
CFCL,7/12/2017,190.0,193.0,188.0,190.0,0.0,3331.0,699.0,455.0
CFCL,7/13/2017,190.0,191.0,187.0,191.0,0.53,8887.0,699.0,455.0
CFCL,7/16/2017,191.0,197.0,187.0,190.0,-0.52,6833.0,699.0,455.0
CFCL,7/17/2017,190.0,195.0,189.0,191.0,0.53,6537.0,699.0,455.0
CFCL,7/18/2017,191.0,200.0,194.0,200.0,4.71,5540.0,699.0,455.0
CFCL,7/19/2017,200.0,199.0,196.0,196.0,-2.0,830.0,699.0,455.0
CFCL,7/20/2017,196.0,197.0,193.0,197.0,0.51,2053.0,699.0,455.0
CFCL,7/23/2017,197.0,200.0,196.0,196.0,-0.51,323.0,699.0,455.0
CFCL,7/24/2017,196.0,196.0,193.0,193.0,-1.53,3018.0,699.0,455.0
CFCL,7/25/2017,193.0,201.0,195.0,197.0,2.07,6272.0,699.0,455.0
CFCL,7/26/2017,197.0,200.0,195.0,198.0,0.51,3969.0,699.0,455.0
CFCL,7/27/2017,198.0,201.0,195.0,200.0,1.01,1196.0,699.0,455.0
CFCL,7/30/2017,200.0,199.0,191.0,194.0,-3.0,10962.0,699.0,455.0
CFCL,7/31/2017,194.0,205.0,195.0,205.0,5.67,10956.0,699.0,455.0
CFCL,8/1/2017,205.0,213.0,206.0,213.0,3.9,20597.0,699.0,455.0
CFCL,8/2/2017,213.0,216.0,205.0,205.0,-3.76,7368.0,699.0,455.0
CFCL,8/3/2017,205.0,213.0,205.0,213.0,3.9,9678.0,699.0,455.0
CFCL,8/6/2017,213.0,209.0,205.0,205.0,-3.76,69.0,699.0,455.0
CFCL,8/7/2017,205.0,205.0,201.0,201.0,-1.95,1607.0,699.0,455.0
CFCL,8/9/2017,201.0,205.0,201.0,204.0,1.49,2381.0,699.0,455.0
CFCL,8/10/2017,204.0,205.0,200.0,203.0,-0.49,432.0,699.0,455.0
CFCL,8/13/2017,203.0,200.0,200.0,200.0,-1.48,166.0,699.0,455.0
CFCL,8/15/2017,200.0,204.0,197.0,201.0,0.5,1342.0,699.0,455.0
CFCL,8/16/2017,201.0,209.0,200.0,200.0,-0.5,1952.0,699.0,455.0
CFCL,8/17/2017,200.0,196.0,196.0,196.0,-2.0,47.0,699.0,455.0
CFCL,8/20/2017,196.0,199.0,195.0,195.0,-0.51,3528.0,699.0,455.0
CFCL,8/21/2017,195.0,196.0,192.0,192.0,-1.54,6010.0,699.0,455.0
CFCL,8/22/2017,192.0,198.0,192.0,198.0,3.12,1792.0,699.0,455.0
CFCL,8/23/2017,198.0,201.0,194.0,201.0,1.52,1508.0,699.0,455.0
CFCL,8/24/2017,201.0,200.0,196.0,196.0,-2.49,429.0,699.0,455.0
CFCL,8/27/2017,196.0,195.0,194.0,195.0,-0.51,211.0,699.0,455.0
CFCL,8/28/2017,195.0,198.0,192.0,192.0,-1.54,2045.0,699.0,455.0
CFCL,8/30/2017,192.0,192.0,187.0,189.0,-1.56,2181.0,699.0,455.0
CFCL,8/31/2017,189.0,190.0,178.0,178.0,-5.82,6531.0,699.0,455.0
CFCL,9/4/2017,178.0,182.0,175.0,178.0,0.0,1997.0,699.0,455.0
CFCL,9/6/2017,178.0,184.0,181.0,184.0,3.37,1207.0,699.0,455.0
CFCL,9/7/2017,184.0,189.0,184.0,188.0,2.17,2335.0,699.0,455.0
CFCL,9/10/2017,188.0,188.0,182.0,182.0,-3.19,232.0,699.0,455.0
CFCL,9/11/2017,182.0,185.0,183.0,183.0,0.55,530.0,699.0,455.0
CFCL,9/12/2017,183.0,182.0,180.0,180.0,-1.64,1787.0,699.0,455.0
CFCL,9/13/2017,180.0,180.0,175.0,175.0,-2.78,884.0,699.0,455.0
CFCL,9/14/2017,175.0,187.0,178.0,187.0,6.86,897.0,699.0,455.0
CFCL,9/17/2017,187.0,190.0,185.0,188.0,0.53,6098.0,699.0,455.0
CFCL,9/18/2017,188.0,190.0,183.0,187.0,-0.53,521.0,699.0,455.0
CFCL,9/20/2017,187.0,190.0,184.0,184.0,-1.6,237.0,699.0,455.0
CFCL,9/24/2017,184.0,184.0,181.0,181.0,-1.63,364.0,699.0,455.0
CFCL,9/25/2017,181.0,190.0,184.0,190.0,4.97,150.0,699.0,455.0
CFCL,9/26/2017,190.0,190.0,187.0,187.0,-1.58,1750.0,699.0,455.0
CFCL,10/8/2017,187.0,188.0,186.0,188.0,0.53,304.0,699.0,455.0
CFCL,10/9/2017,188.0,185.0,182.0,182.0,-3.19,865.0,699.0,455.0
CFCL,10/10/2017,182.0,183.0,176.0,180.0,-1.1,5590.0,699.0,455.0
CFCL,10/11/2017,180.0,180.0,177.0,179.0,-0.56,3299.0,699.0,455.0
CFCL,10/12/2017,179.0,185.0,179.0,181.0,1.12,2498.0,699.0,455.0
CFCL,10/15/2017,181.0,181.0,178.0,181.0,0.0,1155.0,699.0,455.0
CFCL,10/16/2017,181.0,190.0,184.0,190.0,4.97,815.0,699.0,455.0
CFCL,10/17/2017,190.0,193.0,186.0,186.0,-2.11,1840.0,699.0,455.0
CFCL,10/18/2017,186.0,191.0,183.0,191.0,2.69,1982.0,699.0,455.0
CFCL,10/22/2017,191.0,195.0,190.0,192.0,0.52,4663.0,699.0,455.0
CFCL,10/23/2017,192.0,198.0,193.0,198.0,3.12,3652.0,699.0,455.0
CFCL,10/24/2017,198.0,195.0,194.0,195.0,-1.52,1413.0,699.0,455.0
CFCL,10/25/2017,195.0,197.0,195.0,197.0,1.03,342.0,699.0,455.0
CFCL,10/29/2017,197.0,197.0,192.0,192.0,-2.54,3232.0,699.0,455.0
CFCL,10/30/2017,192.0,189.0,189.0,189.0,-1.56,75.0,699.0,455.0
CFCL,10/31/2017,189.0,191.0,188.0,188.0,-0.53,3122.0,699.0,455.0
CFCL,11/1/2017,188.0,189.0,186.0,187.0,-0.53,5962.0,699.0,455.0
CFCL,11/2/2017,187.0,190.0,188.0,189.0,1.07,4713.0,699.0,455.0
CFCL,11/5/2017,189.0,188.0,184.0,188.0,-0.53,4116.0,699.0,455.0
CFCL,11/6/2017,188.0,190.0,188.0,190.0,1.06,816.0,699.0,455.0
CFCL,11/7/2017,190.0,193.0,188.0,191.0,0.53,3287.0,699.0,455.0
CFCL,11/8/2017,191.0,191.0,186.0,191.0,0.0,1604.0,699.0,455.0
CFCL,11/9/2017,191.0,192.0,186.0,192.0,0.52,9261.0,699.0,455.0
CFCL,11/12/2017,192.0,196.0,193.0,195.0,1.56,2466.0,699.0,455.0
CFCL,11/13/2017,195.0,196.0,192.0,192.0,-1.54,8740.0,699.0,455.0
CFCL,11/14/2017,192.0,197.0,193.0,193.0,0.52,4273.0,699.0,455.0
CFCL,11/15/2017,193.0,194.0,190.0,192.0,-0.52,7872.0,699.0,455.0
CFCL,11/16/2017,192.0,193.0,190.0,192.0,0.0,515.0,699.0,455.0
CFCL,11/19/2017,192.0,190.0,186.0,189.0,-1.56,6191.0,699.0,455.0
CFCL,11/21/2017,189.0,186.0,186.0,186.0,-1.59,1384.0,699.0,455.0
CFCL,11/22/2017,186.0,188.0,188.0,188.0,1.08,519.0,699.0,455.0
CFCL,11/23/2017,188.0,185.0,182.0,184.0,-2.13,575.0,699.0,455.0
CFCL,11/26/2017,184.0,187.0,181.0,187.0,1.63,444.0,699.0,455.0
CFCL,11/27/2017,187.0,190.0,186.0,187.0,0.0,2899.0,699.0,455.0
CFCL,11/28/2017,187.0,186.0,184.0,185.0,-1.07,1381.0,699.0,455.0
CFCL,11/29/2017,185.0,194.0,185.0,194.0,4.86,3434.0,699.0,455.0
CFCL,11/30/2017,194.0,191.0,188.0,188.0,-3.09,194.0,699.0,455.0
CFCL,12/4/2017,188.0,186.0,184.0,184.0,-2.13,1268.0,699.0,455.0
CFCL,12/5/2017,184.0,185.0,182.0,184.0,0.0,1051.0,699.0,455.0
CFCL,12/6/2017,184.0,191.0,183.0,191.0,3.8,3616.0,699.0,455.0
CFCL,12/10/2017,191.0,188.0,182.0,182.0,-4.71,4531.0,699.0,455.0
CFCL,12/11/2017,182.0,189.0,184.0,184.0,1.1,14703.0,699.0,455.0
CFCL,12/12/2017,184.0,187.0,182.0,185.0,0.54,3129.0,699.0,455.0
CFCL,12/13/2017,185.0,187.0,183.0,184.0,-0.54,1410.0,699.0,455.0
CFCL,12/14/2017,184.0,187.0,184.0,184.0,0.0,3261.0,699.0,455.0
CFCL,12/17/2017,184.0,185.0,174.0,179.0,-2.72,10806.0,699.0,455.0
CFCL,12/18/2017,179.0,185.0,170.0,172.0,-3.91,9209.0,699.0,455.0
CFCL,12/19/2017,148.0,153.0,145.0,145.0,-15.7,1675.0,699.0,455.0
CFCL,12/20/2017,145.0,147.0,144.0,147.0,1.38,936.0,699.0,455.0
CFCL,12/21/2017,147.0,147.0,145.0,145.0,-1.36,200.0,699.0,455.0
CFCL,12/24/2017,145.0,145.0,143.0,145.0,0.0,530.0,699.0,455.0
CFCL,12/26/2017,145.0,147.0,145.0,145.0,0.0,600.0,699.0,455.0
CFCL,12/28/2017,145.0,144.0,138.0,138.0,-4.83,1013.0,699.0,455.0
CFCL,12/31/2017,138.0,136.0,136.0,136.0,-1.45,609.0,699.0,455.0
CFCL,1/1/2018,136.0,144.0,136.0,144.0,5.88,3494.0,699.0,455.0
CFCL,1/2/2018,144.0,144.0,140.0,142.0,-1.39,1380.0,699.0,455.0
CFCL,1/3/2018,142.0,140.0,140.0,140.0,-1.41,50.0,699.0,455.0
CFCL,1/4/2018,140.0,138.0,136.0,138.0,-1.43,903.0,699.0,455.0
CFCL,1/7/2018,138.0,138.0,136.0,136.0,-1.45,800.0,699.0,455.0
CFCL,1/8/2018,136.0,142.0,138.0,142.0,4.41,457.0,699.0,455.0
CFCL,1/9/2018,142.0,142.0,140.0,142.0,0.0,711.0,699.0,455.0
CFCL,1/10/2018,142.0,146.0,143.0,143.0,0.7,1617.0,699.0,455.0
CFCL,1/14/2018,143.0,141.0,134.0,134.0,-6.29,3000.0,699.0,455.0
CFCL,1/16/2018,134.0,134.0,132.0,134.0,0.0,2904.0,699.0,455.0
CFCL,1/17/2018,134.0,136.0,136.0,136.0,1.49,259.0,699.0,455.0
CFCL,1/21/2018,136.0,140.0,137.0,137.0,0.74,1777.0,699.0,455.0
CFCL,1/22/2018,137.0,136.0,133.0,134.0,-2.19,2195.0,699.0,455.0
CFCL,1/23/2018,134.0,136.0,134.0,136.0,1.49,80.0,699.0,455.0
CFCL,1/24/2018,136.0,136.0,136.0,136.0,0.0,194.0,699.0,455.0
CFCL,1/25/2018,136.0,138.0,135.0,136.0,0.0,4981.0,699.0,455.0
CFCL,1/28/2018,136.0,138.0,135.0,137.0,0.74,3141.0,699.0,455.0
CFCL,1/29/2018,137.0,137.0,137.0,137.0,0.0,1616.0,699.0,455.0
CFCL,1/31/2018,137.0,138.0,136.0,138.0,0.73,693.0,699.0,455.0
CFCL,2/1/2018,138.0,138.0,136.0,136.0,-1.45,1117.0,699.0,455.0
CFCL,2/4/2018,136.0,136.0,132.0,133.0,-2.21,2704.0,699.0,455.0
CFCL,2/5/2018,133.0,135.0,133.0,133.0,0.0,4305.0,699.0,455.0
CFCL,2/6/2018,133.0,137.0,135.0,137.0,3.01,325.0,699.0,455.0
CFCL,2/7/2018,137.0,135.0,135.0,135.0,-1.46,199.0,699.0,455.0
CFCL,2/8/2018,135.0,136.0,135.0,135.0,0.0,145.0,699.0,455.0
CFCL,2/11/2018,135.0,135.0,135.0,135.0,0.0,1455.0,699.0,455.0
CFCL,2/12/2018,135.0,137.0,137.0,137.0,1.48,10.0,699.0,455.0
CFCL,2/14/2018,137.0,135.0,135.0,135.0,-1.46,6953.0,699.0,455.0
CFCL,2/15/2018,135.0,143.0,135.0,143.0,5.93,1498.0,699.0,455.0
CFCL,2/18/2018,141.0,143.0,141.0,141.0,-1.4,1265.0,699.0,455.0
CFCL,2/20/2018,139.0,139.0,139.0,139.0,-1.42,330.0,699.0,455.0
CFCL,2/27/2018,137.0,137.0,135.0,135.0,-2.88,590.0,699.0,455.0
CFCL,2/28/2018,133.0,133.0,131.0,131.0,-2.96,1096.0,699.0,455.0
CFCL,3/5/2018,129.0,129.0,129.0,129.0,-1.53,26.0,699.0,455.0
CFCL,3/6/2018,128.0,128.0,128.0,128.0,-0.78,50.0,699.0,455.0
CFCL,3/7/2018,130.0,130.0,124.0,128.0,0.0,6696.0,699.0,455.0
CFCL,3/11/2018,126.0,126.0,126.0,126.0,-1.56,200.0,699.0,455.0
CFCL,3/12/2018,124.0,125.0,123.0,123.0,-2.38,1048.0,699.0,455.0
CFCL,3/13/2018,123.0,123.0,123.0,123.0,0.0,1030.0,699.0,455.0
CFCL,3/14/2018,125.0,125.0,123.0,123.0,0.0,328.0,699.0,455.0
CFCL,3/18/2018,123.0,123.0,123.0,123.0,0.0,550.0,699.0,455.0
CFCL,3/19/2018,122.0,122.0,121.0,121.0,-1.63,1000.0,699.0,455.0
CFCL,3/20/2018,123.0,127.0,120.0,122.0,0.83,12161.0,699.0,455.0
CFCL,3/21/2018,123.0,123.0,121.0,121.0,-0.82,3098.0,699.0,455.0
CFCL,3/22/2018,120.0,122.0,119.0,119.0,-1.65,1991.0,699.0,455.0
CFCL,3/26/2018,117.0,117.0,114.0,114.0,-4.2,580.0,699.0,455.0
CFCL,3/27/2018,115.0,118.0,114.0,116.0,1.75,6530.0,699.0,455.0
CFCL,3/28/2018,115.0,117.0,115.0,117.0,0.86,2100.0,699.0,455.0
CFCL,3/29/2018,118.0,119.0,117.0,119.0,1.71,2250.0,699.0,455.0
CFCL,4/1/2018,119.0,119.0,119.0,119.0,0.0,1282.0,699.0,455.0
CFCL,4/2/2018,118.0,118.0,117.0,117.0,-1.68,202.0,699.0,455.0
CFCL,4/4/2018,117.0,119.0,117.0,119.0,1.71,1864.0,699.0,455.0
CFCL,4/5/2018,121.0,121.0,119.0,121.0,1.68,1580.0,699.0,455.0
CFCL,4/8/2018,125.0,125.0,123.0,123.0,1.65,2055.0,699.0,455.0
CFCL,4/9/2018,122.0,125.0,122.0,125.0,1.63,1528.0,699.0,455.0
CFCL,4/10/2018,123.0,123.0,122.0,123.0,-1.6,1372.0,699.0,455.0
CFCL,4/11/2018,125.0,125.0,122.0,122.0,-0.81,208.0,699.0,455.0
CFCL,4/12/2018,120.0,120.0,118.0,118.0,-3.28,2060.0,699.0,455.0
CFCL,4/15/2018,117.0,120.0,117.0,120.0,1.69,1600.0,699.0,455.0
CFCL,4/16/2018,122.0,122.0,121.0,121.0,0.83,300.0,699.0,455.0
CFCL,4/17/2018,123.0,125.0,121.0,122.0,0.83,8372.0,699.0,455.0
CFCL,4/18/2018,124.0,128.0,124.0,128.0,4.92,349.0,699.0,455.0
CFCL,4/19/2018,127.0,130.0,122.0,122.0,-4.69,4887.0,699.0,455.0
CFCL,4/22/2018,124.0,134.0,124.0,134.0,9.84,9140.0,699.0,455.0
CFCL,4/23/2018,134.0,134.0,128.0,128.0,-4.48,2514.0,699.0,455.0
CFCL,4/24/2018,127.0,128.0,125.0,125.0,-2.34,2371.0,699.0,455.0
CFCL,4/25/2018,123.0,125.0,121.0,121.0,-3.2,3030.0,699.0,455.0
CFCL,4/26/2018,123.0,125.0,120.0,120.0,-0.83,1610.0,699.0,455.0
CFCL,4/29/2018,118.0,118.0,118.0,118.0,-1.67,200.0,699.0,455.0
CFCL,5/2/2018,119.0,124.0,118.0,124.0,5.08,1542.0,699.0,455.0
CFCL,5/3/2018,126.0,126.0,122.0,124.0,0.0,1060.0,699.0,455.0
CFCL,5/6/2018,122.0,130.0,120.0,130.0,4.84,2717.0,699.0,455.0
CFCL,5/8/2018,128.0,128.0,121.0,123.0,-5.38,3015.0,699.0,455.0
CFCL,5/9/2018,121.0,122.0,119.0,120.0,-2.44,8191.0,699.0,455.0
CFCL,5/10/2018,118.0,122.0,118.0,120.0,0.0,4440.0,699.0,455.0
CFCL,5/14/2018,121.0,121.0,119.0,119.0,-0.83,1852.0,699.0,455.0
CFCL,5/15/2018,117.0,117.0,117.0,117.0,-1.68,75.0,699.0,455.0
CFCL,5/16/2018,119.0,121.0,119.0,121.0,3.42,150.0,699.0,455.0
CFCL,5/17/2018,120.0,122.0,120.0,120.0,-0.83,540.0,699.0,455.0
CFCL,5/20/2018,122.0,128.0,122.0,128.0,6.67,60.0,699.0,455.0
CFCL,5/22/2018,126.0,126.0,120.0,120.0,-6.25,265.0,699.0,455.0
CFCL,5/23/2018,122.0,122.0,122.0,122.0,1.67,200.0,699.0,455.0
CFCL,5/24/2018,124.0,124.0,124.0,124.0,1.64,69.0,699.0,455.0
CFCL,5/27/2018,122.0,122.0,120.0,120.0,-3.23,350.0,699.0,455.0
CFCL,5/28/2018,122.0,122.0,122.0,122.0,1.67,656.0,699.0,455.0
CFCL,5/29/2018,120.0,120.0,120.0,120.0,-1.64,300.0,699.0,455.0
CFCL,5/30/2018,120.0,120.0,118.0,120.0,0.0,775.0,699.0,455.0
CFCL,5/31/2018,120.0,120.0,119.0,119.0,-0.83,700.0,699.0,455.0
CFCL,6/3/2018,117.0,119.0,117.0,117.0,-1.68,2143.0,699.0,455.0
CFCL,6/4/2018,117.0,117.0,117.0,117.0,0.0,761.0,699.0,455.0
CFCL,6/6/2018,115.0,115.0,115.0,115.0,-1.71,630.0,699.0,455.0
CFCL,6/7/2018,116.0,116.0,116.0,116.0,0.87,230.0,699.0,455.0
CFCL,6/10/2018,115.0,115.0,115.0,115.0,-0.86,700.0,699.0,455.0
CFCL,6/11/2018,117.0,117.0,116.0,116.0,0.87,1415.0,699.0,455.0
CFCL,6/13/2018,117.0,117.0,116.0,117.0,0.86,523.0,699.0,455.0
CFCL,6/14/2018,118.0,118.0,116.0,116.0,-0.85,2045.0,699.0,455.0
CFCL,6/17/2018,114.0,115.0,114.0,115.0,-0.86,214.0,699.0,455.0
CFCL,6/18/2018,113.0,116.0,113.0,116.0,0.87,1634.0,699.0,455.0
CFCL,6/19/2018,114.0,114.0,114.0,114.0,-1.72,50.0,699.0,455.0
CFCL,6/20/2018,114.0,114.0,113.0,113.0,-0.88,246.0,699.0,455.0
CFCL,6/21/2018,115.0,115.0,114.0,114.0,0.88,450.0,699.0,455.0
CFCL,6/24/2018,116.0,116.0,116.0,116.0,1.75,50.0,699.0,455.0
CFCL,6/25/2018,118.0,118.0,118.0,118.0,1.72,150.0,699.0,455.0
CFCL,6/26/2018,116.0,116.0,115.0,115.0,-2.54,2155.0,699.0,455.0
CFCL,6/27/2018,114.0,114.0,113.0,113.0,-1.74,350.0,699.0,455.0
CFCL,6/28/2018,115.0,117.0,115.0,117.0,3.54,1300.0,699.0,455.0
CFCL,7/1/2018,117.0,117.0,117.0,117.0,0.0,100.0,699.0,455.0
CFCL,7/2/2018,115.0,115.0,115.0,115.0,-1.71,600.0,699.0,455.0
CFCL,7/3/2018,114.0,115.0,114.0,115.0,0.0,982.0,699.0,455.0
CFCL,7/4/2018,113.0,116.0,113.0,116.0,0.87,347.0,699.0,455.0
CFCL,7/5/2018,118.0,118.0,118.0,118.0,1.72,10.0,699.0,455.0
CFCL,7/8/2018,116.0,118.0,112.0,114.0,-3.39,11239.0,699.0,455.0
CFCL,7/9/2018,112.0,113.0,110.0,113.0,-0.88,3115.0,699.0,455.0
CFCL,7/10/2018,115.0,115.0,113.0,113.0,0.0,1050.0,699.0,455.0
CFCL,7/11/2018,115.0,116.0,114.0,114.0,0.88,3684.0,699.0,455.0
CFCL,7/12/2018,113.0,114.0,112.0,112.0,-1.75,919.0,699.0,455.0
CFCL,7/15/2018,111.0,114.0,110.0,113.0,0.89,2230.0,699.0,455.0
CFCL,7/16/2018,114.0,114.0,114.0,114.0,0.88,2600.0,699.0,455.0
CFCL,7/17/2018,115.0,115.0,113.0,114.0,0.0,3581.0,699.0,455.0
CFCL,7/18/2018,116.0,116.0,116.0,116.0,1.75,100.0,699.0,455.0
CFCL,7/19/2018,118.0,118.0,115.0,115.0,-0.86,770.0,699.0,455.0
CFCL,7/22/2018,117.0,117.0,117.0,117.0,1.74,100.0,699.0,455.0
CFCL,7/23/2018,118.0,118.0,116.0,116.0,-0.85,60.0,699.0,455.0
CFCL,7/24/2018,116.0,118.0,112.0,112.0,-3.45,3257.0,699.0,455.0
CFCL,7/25/2018,113.0,114.0,112.0,114.0,1.79,333.0,699.0,455.0
CFCL,7/26/2018,115.0,115.0,112.0,113.0,-0.88,2024.0,699.0,455.0
CFCL,7/29/2018,115.0,115.0,112.0,112.0,-0.88,1367.0,699.0,455.0
CFCL,7/30/2018,112.0,113.0,112.0,112.0,0.0,1423.0,699.0,455.0
CFCL,7/31/2018,112.0,114.0,110.0,110.0,-1.79,4565.0,699.0,455.0
CFCL,8/1/2018,112.0,116.0,112.0,116.0,5.45,1909.0,699.0,455.0
CFCL,8/2/2018,116.0,116.0,114.0,116.0,0.0,1887.0,699.0,455.0
CFCL,8/5/2018,114.0,115.0,112.0,114.0,-1.72,2517.0,699.0,455.0
CFCL,8/6/2018,114.0,116.0,114.0,116.0,1.75,600.0,699.0,455.0
CFCL,8/7/2018,114.0,114.0,114.0,114.0,-1.72,10.0,699.0,455.0
CFCL,8/8/2018,113.0,116.0,113.0,115.0,0.88,2158.0,699.0,455.0
CFCL,8/9/2018,116.0,116.0,113.0,113.0,-1.74,1356.0,699.0,455.0
CFCL,8/12/2018,113.0,114.0,113.0,114.0,0.88,1750.0,699.0,455.0
CFCL,8/13/2018,112.0,114.0,112.0,114.0,0.0,1484.0,699.0,455.0
CFCL,8/14/2018,114.0,115.0,114.0,115.0,0.88,562.0,699.0,455.0
CFCL,8/15/2018,116.0,120.0,114.0,120.0,4.35,1233.0,699.0,455.0
CFCL,8/16/2018,119.0,121.0,115.0,121.0,0.83,3726.0,699.0,455.0
CFCL,8/19/2018,119.0,119.0,117.0,117.0,-3.31,210.0,699.0,455.0
CFCL,8/20/2018,118.0,118.0,115.0,117.0,0.0,5254.0,699.0,455.0
CFCL,8/21/2018,115.0,115.0,115.0,115.0,-1.71,460.0,699.0,455.0
CFCL,8/22/2018,113.0,117.0,113.0,117.0,1.74,120.0,699.0,455.0
CFCL,8/28/2018,115.0,118.0,115.0,118.0,0.85,1817.0,699.0,455.0
CFCL,8/29/2018,116.0,118.0,114.0,114.0,-3.39,3937.0,699.0,455.0
CFCL,8/30/2018,116.0,117.0,116.0,117.0,2.63,682.0,699.0,455.0
CFCL,9/2/2018,115.0,117.0,115.0,117.0,0.0,1202.0,699.0,455.0
CFCL,9/3/2018,119.0,123.0,116.0,121.0,3.42,8013.0,699.0,455.0
CFCL,9/4/2018,123.0,123.0,118.0,118.0,-2.48,1516.0,699.0,455.0
CFCL,9/5/2018,118.0,124.0,118.0,124.0,5.08,5343.0,699.0,455.0
CFCL,9/10/2018,122.0,122.0,122.0,122.0,-1.61,1.0,699.0,455.0
CFCL,9/11/2018,122.0,122.0,118.0,118.0,-3.28,110.0,699.0,455.0
CFCL,9/12/2018,116.0,121.0,116.0,121.0,2.54,4906.0,699.0,455.0
CFCL,9/13/2018,123.0,122.0,119.0,119.0,-1.65,368.0,699.0,455.0
CFCL,9/16/2018,120.0,122.0,119.0,120.0,0.84,4766.0,699.0,455.0
CFCL,9/17/2018,120.0,121.0,119.0,121.0,0.83,1892.0,699.0,455.0
CFCL,9/18/2018,120.0,123.0,119.0,119.0,-1.65,3032.0,699.0,455.0
CFCL,9/20/2018,120.0,123.0,119.0,123.0,3.36,2560.0,699.0,455.0
CFCL,9/23/2018,125.0,125.0,121.0,123.0,0.0,3284.0,699.0,455.0
CFCL,9/25/2018,124.0,129.0,124.0,128.0,4.07,14640.0,699.0,455.0
CFCL,9/26/2018,128.0,128.0,124.0,124.0,-3.12,10698.0,699.0,455.0
CFCL,9/27/2018,122.0,127.0,122.0,127.0,2.42,749.0,699.0,455.0
CFCL,9/30/2018,127.0,127.0,122.0,122.0,-3.94,1625.0,699.0,455.0
CFCL,10/1/2018,122.0,124.0,120.0,120.0,-1.64,7718.0,699.0,455.0
CFCL,10/2/2018,122.0,124.0,122.0,124.0,3.33,5204.0,699.0,455.0
CFCL,10/3/2018,123.0,123.0,120.0,120.0,-3.23,1913.0,699.0,455.0
CFCL,10/4/2018,122.0,124.0,122.0,124.0,3.33,3998.0,699.0,455.0
CFCL,10/7/2018,122.0,122.0,118.0,118.0,-4.84,3071.0,699.0,455.0
CFCL,10/8/2018,120.0,124.0,120.0,124.0,5.08,12278.0,699.0,455.0
CFCL,10/9/2018,122.0,124.0,122.0,122.0,-1.61,1018.0,699.0,455.0
CFCL,10/10/2018,120.0,120.0,120.0,120.0,-1.64,96.0,699.0,455.0
CFCL,10/11/2018,122.0,122.0,122.0,122.0,1.67,100.0,699.0,455.0
CFCL,10/14/2018,122.0,124.0,122.0,124.0,1.64,367.0,699.0,455.0
CFCL,10/15/2018,126.0,127.0,125.0,126.0,1.61,11001.0,699.0,455.0
CFCL,10/21/2018,128.0,128.0,126.0,126.0,0.0,841.0,699.0,455.0
CFCL,10/22/2018,125.0,128.0,124.0,125.0,-0.79,10442.0,699.0,455.0
CFCL,10/23/2018,127.0,129.0,124.0,124.0,-0.8,3179.0,699.0,455.0
CFCL,10/24/2018,126.0,128.0,126.0,126.0,1.61,2431.0,699.0,455.0
CFCL,10/25/2018,128.0,128.0,124.0,124.0,-1.59,3082.0,699.0,455.0
CFCL,10/28/2018,125.0,125.0,124.0,125.0,0.81,1349.0,699.0,455.0
CFCL,10/29/2018,125.0,127.0,125.0,126.0,0.8,6246.0,699.0,455.0
CFCL,10/30/2018,128.0,128.0,126.0,128.0,1.59,3283.0,699.0,455.0
CFCL,10/31/2018,116.0,118.0,114.0,118.0,-7.81,1172.0,699.0,455.0
CFCL,11/1/2018,116.0,116.0,116.0,116.0,-1.69,100.0,699.0,455.0
CFCL,11/4/2018,115.0,115.0,115.0,115.0,-0.86,300.0,699.0,455.0
CFCL,11/5/2018,117.0,117.0,116.0,117.0,1.74,2329.0,699.0,455.0
CFCL,11/12/2018,116.0,117.0,116.0,116.0,-0.85,100.0,699.0,455.0
CFCL,11/13/2018,114.0,116.0,114.0,114.0,-1.72,50.0,699.0,455.0
CFCL,11/14/2018,114.0,114.0,114.0,114.0,0.0,1823.0,699.0,455.0
CFCL,11/15/2018,116.0,116.0,116.0,116.0,1.75,50.0,699.0,455.0
CFCL,11/18/2018,116.0,116.0,116.0,116.0,0.0,210.0,699.0,455.0
CFCL,11/19/2018,116.0,116.0,115.0,115.0,-0.86,103.0,699.0,455.0
CFCL,11/20/2018,113.0,115.0,113.0,113.0,-1.74,100.0,699.0,455.0
CFCL,11/21/2018,111.0,111.0,111.0,111.0,-1.77,93.0,699.0,455.0
CFCL,11/22/2018,109.0,112.0,109.0,112.0,0.9,678.0,699.0,455.0
CFCL,11/25/2018,112.0,114.0,112.0,112.0,0.0,1665.0,699.0,455.0
CFCL,11/26/2018,113.0,113.0,110.0,110.0,-1.79,1290.0,699.0,455.0
CFCL,11/27/2018,110.0,112.0,110.0,112.0,1.82,721.0,699.0,455.0
CFCL,11/28/2018,110.0,110.0,110.0,110.0,-1.79,389.0,699.0,455.0
CFCL,11/29/2018,111.0,111.0,110.0,110.0,0.0,1034.0,699.0,455.0
CFCL,12/2/2018,109.0,109.0,109.0,109.0,-0.91,1333.0,699.0,455.0
CFCL,12/3/2018,109.0,110.0,109.0,109.0,0.0,970.0,699.0,455.0
CFCL,12/4/2018,109.0,109.0,109.0,109.0,0.0,193.0,699.0,455.0
CFCL,12/5/2018,110.0,110.0,110.0,110.0,0.92,10.0,699.0,455.0
CFCL,12/6/2018,108.0,109.0,108.0,108.0,-1.82,1137.0,699.0,455.0
CFCL,12/9/2018,107.0,109.0,107.0,109.0,0.93,162.0,699.0,455.0
CFCL,12/11/2018,108.0,112.0,108.0,112.0,2.75,2667.0,699.0,455.0
CFCL,12/12/2018,114.0,116.0,114.0,114.0,1.79,30.0,699.0,455.0
CFCL,12/13/2018,114.0,114.0,110.0,110.0,-3.51,1024.0,699.0,455.0
CFCL,12/16/2018,110.0,114.0,110.0,114.0,3.64,80.0,699.0,455.0
CFCL,12/17/2018,116.0,116.0,116.0,116.0,1.75,10.0,699.0,455.0
CFCL,12/18/2018,116.0,116.0,116.0,116.0,0.0,200.0,699.0,455.0
CFCL,12/19/2018,114.0,115.0,114.0,115.0,-0.86,1025.0,699.0,455.0
CFCL,12/20/2018,116.0,116.0,111.0,111.0,-3.48,2630.0,699.0,455.0
CFCL,12/23/2018,111.0,111.0,110.0,110.0,-0.9,1229.0,699.0,455.0
CFCL,12/24/2018,112.0,112.0,112.0,112.0,1.82,346.0,699.0,455.0
CFCL,12/25/2018,112.0,112.0,110.0,110.0,-1.79,2137.0,699.0,455.0
CFCL,12/26/2018,110.0,112.0,110.0,110.0,0.0,196.0,699.0,455.0
CFCL,12/27/2018,112.0,112.0,110.0,110.0,0.0,124.0,699.0,455.0
CFCL,12/30/2018,108.0,109.0,108.0,109.0,-0.91,322.0,699.0,455.0
CFCL,12/31/2018,109.0,111.0,109.0,111.0,1.83,196.0,699.0,455.0
CFCL,1/1/2019,109.0,111.0,109.0,111.0,0.0,2908.0,699.0,455.0
CFCL,1/2/2019,113.0,113.0,110.0,111.0,0.0,1695.0,699.0,455.0
CFCL,1/3/2019,109.0,109.0,109.0,109.0,-1.8,23.0,699.0,455.0
CFCL,1/6/2019,110.0,111.0,109.0,109.0,0.0,509.0,699.0,455.0
CFCL,1/7/2019,109.0,111.0,109.0,110.0,0.92,619.0,699.0,455.0
CFCL,1/8/2019,109.0,109.0,107.0,108.0,-1.82,166.0,699.0,455.0
CFCL,1/9/2019,109.0,110.0,109.0,110.0,1.85,198.0,699.0,455.0
CFCL,1/13/2019,111.0,117.0,111.0,114.0,3.64,3595.0,699.0,455.0
CFCL,1/16/2019,112.0,112.0,109.0,109.0,-4.39,651.0,699.0,455.0
CFCL,1/17/2019,111.0,113.0,111.0,113.0,3.67,114.0,699.0,455.0
CFCL,1/21/2019,115.0,116.0,115.0,116.0,2.65,104.0,699.0,455.0
CFCL,1/22/2019,114.0,115.0,114.0,115.0,-0.86,1142.0,699.0,455.0
CFCL,1/24/2019,113.0,113.0,111.0,111.0,-3.48,822.0,699.0,455.0
CFCL,1/27/2019,113.0,113.0,110.0,110.0,-0.9,1160.0,699.0,455.0
CFCL,1/28/2019,110.0,111.0,110.0,110.0,0.0,1236.0,699.0,455.0
CFCL,1/29/2019,110.0,112.0,110.0,112.0,1.82,1216.0,699.0,455.0
CFCL,1/30/2019,110.0,110.0,110.0,110.0,-1.79,824.0,699.0,455.0
CFCL,1/31/2019,110.0,110.0,109.0,110.0,0.0,6627.0,699.0,455.0
CFCL,2/3/2019,109.0,110.0,109.0,109.0,-0.91,4650.0,699.0,455.0
CFCL,2/4/2019,110.0,113.0,110.0,113.0,3.67,8464.0,699.0,455.0
CFCL,2/5/2019,111.0,113.0,110.0,110.0,-2.65,1212.0,699.0,455.0
CFCL,2/6/2019,109.0,110.0,108.0,109.0,-0.91,4536.0,699.0,455.0
CFCL,2/7/2019,109.0,113.0,109.0,113.0,3.67,2912.0,699.0,455.0
CFCL,2/10/2019,111.0,112.0,110.0,110.0,-2.65,1207.0,699.0,455.0
CFCL,2/11/2019,110.0,111.0,109.0,110.0,0.0,4626.0,699.0,455.0
CFCL,2/12/2019,112.0,112.0,110.0,111.0,0.91,699.0,699.0,455.0
CFCL,2/13/2019,110.0,112.0,110.0,110.0,-0.9,393.0,699.0,455.0
CFCL,2/14/2019,110.0,110.0,110.0,110.0,0.0,1428.0,699.0,455.0
CFCL,2/17/2019,112.0,112.0,112.0,112.0,1.82,23.0,699.0,455.0
CFCL,2/18/2019,110.0,112.0,110.0,112.0,0.0,66.0,699.0,455.0
CFCL,2/19/2019,111.0,112.0,111.0,112.0,0.0,1599.0,699.0,455.0
CFCL,2/20/2019,110.0,110.0,110.0,110.0,-1.79,1038.0,699.0,455.0
CFCL,2/21/2019,112.0,112.0,112.0,112.0,1.82,50.0,699.0,455.0
CFCL,2/25/2019,110.0,111.0,109.0,110.0,-1.79,3421.0,699.0,455.0
CFCL,2/26/2019,110.0,111.0,107.0,107.0,-2.73,6809.0,699.0,455.0
CFCL,2/27/2019,109.0,109.0,108.0,108.0,0.93,2928.0,699.0,455.0
CFCL,3/3/2019,110.0,110.0,109.0,109.0,0.93,3600.0,699.0,455.0
CFCL,3/5/2019,110.0,114.0,110.0,114.0,4.59,8129.0,699.0,455.0
CFCL,3/6/2019,112.0,112.0,110.0,112.0,-1.75,11097.0,699.0,455.0
CFCL,3/7/2019,110.0,110.0,104.0,107.0,-4.46,1519.0,699.0,455.0
CFCL,3/10/2019,109.0,109.0,109.0,109.0,1.87,10.0,699.0,455.0
CFCL,3/11/2019,107.0,107.0,105.0,105.0,-3.67,1529.0,699.0,455.0
CFCL,3/12/2019,107.0,108.0,105.0,105.0,0.0,4427.0,699.0,455.0
CFCL,3/13/2019,106.0,107.0,105.0,105.0,0.0,840.0,699.0,455.0
CFCL,3/14/2019,105.0,108.0,105.0,107.0,1.9,2069.0,699.0,455.0
CFCL,3/17/2019,109.0,110.0,106.0,110.0,2.8,3226.0,699.0,455.0
CFCL,3/18/2019,110.0,110.0,107.0,107.0,-2.73,4248.0,699.0,455.0
CFCL,3/19/2019,106.0,107.0,106.0,107.0,0.0,1086.0,699.0,455.0
CFCL,3/21/2019,107.0,108.0,106.0,106.0,-0.93,883.0,699.0,455.0
CFCL,3/24/2019,107.0,107.0,106.0,106.0,0.0,905.0,699.0,455.0
CFCL,3/25/2019,105.0,107.0,104.0,107.0,0.94,3546.0,699.0,455.0
CFCL,3/26/2019,105.0,106.0,104.0,106.0,-0.93,1614.0,699.0,455.0
CFCL,3/27/2019,105.0,107.0,105.0,107.0,0.94,162.0,699.0,455.0
CFCL,3/28/2019,105.0,106.0,105.0,106.0,-0.93,2390.0,699.0,455.0
CFCL,3/31/2019,106.0,106.0,105.0,105.0,-0.94,415.0,699.0,455.0
CFCL,4/1/2019,105.0,107.0,105.0,106.0,0.95,2879.0,699.0,455.0
CFCL,4/2/2019,108.0,108.0,107.0,108.0,1.89,4918.0,699.0,455.0
CFCL,4/3/2019,109.0,109.0,107.0,107.0,-0.93,4609.0,699.0,455.0
CFCL,4/4/2019,107.0,108.0,107.0,107.0,0.0,700.0,699.0,455.0
CFCL,4/7/2019,106.0,107.0,106.0,106.0,-0.93,794.0,699.0,455.0
CFCL,4/8/2019,107.0,109.0,107.0,108.0,1.89,1078.0,699.0,455.0
CFCL,4/9/2019,108.0,108.0,107.0,107.0,-0.93,1650.0,699.0,455.0
CFCL,4/10/2019,107.0,108.0,106.0,108.0,0.93,2414.0,699.0,455.0
CFCL,4/11/2019,108.0,109.0,108.0,109.0,0.93,412.0,699.0,455.0
CFCL,4/15/2019,107.0,107.0,107.0,107.0,-1.83,739.0,699.0,455.0
CFCL,4/16/2019,107.0,114.0,107.0,114.0,6.54,1182.0,699.0,455.0
CFCL,4/17/2019,115.0,115.0,112.0,112.0,-1.75,1264.0,699.0,455.0
CFCL,4/18/2019,112.0,112.0,108.0,109.0,-2.68,1059.0,699.0,455.0
CFCL,4/21/2019,107.0,110.0,107.0,108.0,-0.92,3744.0,699.0,455.0
CFCL,4/22/2019,107.0,111.0,107.0,111.0,2.78,370.0,699.0,455.0
CFCL,4/23/2019,109.0,109.0,107.0,107.0,-3.6,3499.0,699.0,455.0
CFCL,4/24/2019,107.0,111.0,106.0,111.0,3.74,9595.0,699.0,455.0
CFCL,4/25/2019,112.0,116.0,109.0,110.0,-0.9,8281.0,699.0,455.0
CFCL,4/28/2019,111.0,116.0,110.0,113.0,2.73,10328.0,699.0,455.0
CFCL,4/29/2019,113.0,114.0,110.0,112.0,-0.88,4734.0,699.0,455.0
CFCL,4/30/2019,111.0,111.0,111.0,111.0,-0.89,2610.0,699.0,455.0
CFCL,5/2/2019,109.0,112.0,108.0,109.0,-1.8,9363.0,699.0,455.0
CFCL,5/5/2019,110.0,110.0,108.0,109.0,0.0,5073.0,699.0,455.0
CFCL,5/6/2019,109.0,110.0,109.0,110.0,0.92,2300.0,699.0,455.0
CFCL,5/7/2019,110.0,112.0,110.0,112.0,1.82,4396.0,699.0,455.0
CFCL,5/8/2019,114.0,114.0,111.0,111.0,-0.89,1926.0,699.0,455.0
CFCL,5/9/2019,110.0,110.0,109.0,109.0,-1.8,4000.0,699.0,455.0
CFCL,5/12/2019,107.0,111.0,107.0,111.0,1.83,3641.0,699.0,455.0
CFCL,5/13/2019,111.0,111.0,110.0,111.0,0.0,847.0,699.0,455.0
CFCL,5/14/2019,109.0,113.0,109.0,112.0,0.9,1934.0,699.0,455.0
CFCL,5/15/2019,114.0,117.0,113.0,113.0,0.89,5767.0,699.0,455.0
CFCL,5/16/2019,115.0,115.0,112.0,113.0,0.0,4748.0,699.0,455.0
CFCL,5/19/2019,112.0,117.0,112.0,113.0,0.0,6734.0,699.0,455.0
CFCL,5/20/2019,111.0,115.0,111.0,114.0,0.88,3414.0,699.0,455.0
CFCL,5/21/2019,115.0,123.0,114.0,123.0,7.89,14643.0,699.0,455.0
CFCL,5/22/2019,125.0,125.0,115.0,117.0,-4.88,5895.0,699.0,455.0
CFCL,5/23/2019,116.0,116.0,115.0,115.0,-1.71,4316.0,699.0,455.0
CFCL,5/26/2019,113.0,117.0,113.0,114.0,-0.87,2202.0,699.0,455.0
CFCL,5/27/2019,114.0,116.0,114.0,116.0,1.75,1066.0,699.0,455.0
CFCL,5/28/2019,116.0,117.0,115.0,115.0,-0.86,3204.0,699.0,455.0
CFCL,5/29/2019,117.0,122.0,117.0,117.0,1.74,1267.0,699.0,455.0
CFCL,5/30/2019,119.0,121.0,118.0,118.0,0.85,3870.0,699.0,455.0
CFCL,6/2/2019,120.0,123.0,117.0,117.0,-0.85,15960.0,699.0,455.0
CFCL,6/3/2019,117.0,118.0,116.0,117.0,0.0,2525.0,699.0,455.0
CFCL,6/4/2019,119.0,119.0,116.0,116.0,-0.85,1560.0,699.0,455.0
CFCL,6/6/2019,118.0,127.0,118.0,123.0,6.03,19896.0,699.0,455.0
CFCL,6/10/2019,123.0,123.0,116.0,119.0,-3.25,3413.0,699.0,455.0
CFCL,6/11/2019,121.0,121.0,119.0,120.0,0.84,4010.0,699.0,455.0
CFCL,6/12/2019,120.0,124.0,118.0,124.0,3.33,8991.0,699.0,455.0
CFCL,6/13/2019,124.0,124.0,120.0,120.0,-3.23,1858.0,699.0,455.0
CFCL,6/16/2019,119.0,119.0,118.0,118.0,-1.67,3020.0,699.0,455.0
CFCL,6/17/2019,120.0,120.0,118.0,118.0,0.0,2696.0,699.0,455.0
CFCL,6/18/2019,117.0,119.0,117.0,118.0,0.0,2050.0,699.0,455.0
CFCL,6/19/2019,120.0,120.0,116.0,119.0,0.85,6796.0,699.0,455.0
CFCL,6/20/2019,117.0,119.0,117.0,119.0,0.0,2557.0,699.0,455.0
CFCL,6/23/2019,120.0,120.0,119.0,120.0,0.84,1093.0,699.0,455.0
CFCL,6/24/2019,119.0,121.0,119.0,120.0,0.0,1045.0,699.0,455.0
CFCL,6/25/2019,119.0,119.0,119.0,119.0,-0.83,10.0,699.0,455.0
CFCL,6/26/2019,117.0,119.0,117.0,118.0,-0.84,919.0,699.0,455.0
CFCL,6/27/2019,117.0,119.0,117.0,117.0,-0.85,89.0,699.0,455.0
CFCL,6/30/2019,118.0,120.0,118.0,118.0,0.85,1650.0,699.0,455.0
CFCL,7/1/2019,118.0,119.0,116.0,118.0,0.0,7307.0,699.0,455.0
CFCL,7/2/2019,118.0,121.0,118.0,121.0,2.54,344.0,699.0,455.0
CFCL,7/3/2019,119.0,119.0,119.0,119.0,-1.65,3627.0,699.0,455.0
CFCL,7/4/2019,120.0,121.0,118.0,118.0,-0.84,2190.0,699.0,455.0
CFCL,7/7/2019,120.0,122.0,120.0,121.0,2.54,4490.0,699.0,455.0
CFCL,7/8/2019,122.0,122.0,119.0,119.0,-1.65,4036.0,699.0,455.0
CFCL,7/9/2019,120.0,122.0,120.0,120.0,0.84,2394.0,699.0,455.0
CFCL,7/10/2019,122.0,124.0,120.0,120.0,0.0,1749.0,699.0,455.0
CFCL,7/11/2019,119.0,119.0,117.0,117.0,-2.5,3497.0,699.0,455.0
CFCL,7/14/2019,119.0,119.0,119.0,119.0,1.71,118.0,699.0,455.0
CFCL,7/15/2019,119.0,119.0,119.0,119.0,0.0,1632.0,699.0,455.0
CFCL,7/16/2019,118.0,119.0,117.0,119.0,0.0,7101.0,699.0,455.0
CFCL,7/17/2019,121.0,123.0,121.0,121.0,1.68,400.0,699.0,455.0
CFCL,7/18/2019,119.0,119.0,119.0,119.0,-1.65,2000.0,699.0,455.0
CFCL,7/21/2019,120.0,120.0,120.0,120.0,0.84,425.0,699.0,455.0
CFCL,7/22/2019,119.0,121.0,119.0,119.0,-0.83,883.0,699.0,455.0
CFCL,7/23/2019,120.0,122.0,120.0,122.0,2.52,1546.0,699.0,455.0
CFCL,7/24/2019,120.0,121.0,120.0,120.0,-1.64,2895.0,699.0,455.0
CFCL,7/25/2019,120.0,120.0,119.0,119.0,-0.83,3590.0,699.0,455.0
CFCL,7/28/2019,117.0,117.0,117.0,117.0,-1.68,104.0,699.0,455.0
CFCL,7/29/2019,118.0,119.0,117.0,118.0,0.85,3344.0,699.0,455.0
CFCL,7/30/2019,118.0,120.0,118.0,120.0,1.69,210.0,699.0,455.0
CFCL,7/31/2019,121.0,121.0,119.0,121.0,0.83,15554.0,699.0,455.0
CFCL,8/1/2019,123.0,123.0,120.0,120.0,-0.83,4425.0,699.0,455.0
CFCL,8/4/2019,120.0,120.0,119.0,119.0,-0.83,3250.0,699.0,455.0
CFCL,8/5/2019,118.0,118.0,118.0,118.0,-0.84,500.0,699.0,455.0
CFCL,8/6/2019,120.0,120.0,117.0,119.0,0.85,1389.0,699.0,455.0
CFCL,8/7/2019,117.0,119.0,117.0,119.0,0.0,1250.0,699.0,455.0
CFCL,8/8/2019,117.0,117.0,117.0,117.0,-1.68,2116.0,699.0,455.0
CFCL,8/11/2019,116.0,116.0,116.0,116.0,-0.85,1439.0,699.0,455.0
CFCL,8/13/2019,115.0,115.0,115.0,115.0,-0.86,271.0,699.0,455.0
CFCL,8/14/2019,117.0,117.0,117.0,117.0,1.74,20.0,699.0,455.0
CFCL,8/15/2019,115.0,115.0,115.0,115.0,-1.71,480.0,699.0,455.0
CFCL,8/18/2019,114.0,116.0,114.0,116.0,0.87,85.0,699.0,455.0
CFCL,8/19/2019,117.0,117.0,114.0,114.0,-1.72,5719.0,699.0,455.0
CFCL,8/20/2019,114.0,115.0,113.0,113.0,-0.88,6157.0,699.0,455.0
CFCL,8/21/2019,113.0,115.0,113.0,115.0,1.77,3312.0,699.0,455.0
CFCL,8/25/2019,113.0,113.0,112.0,112.0,-2.61,66.0,699.0,455.0
CFCL,8/27/2019,113.0,113.0,113.0,113.0,0.89,37.0,699.0,455.0
CFCL,8/28/2019,112.0,115.0,112.0,115.0,1.77,405.0,699.0,455.0
CFCL,8/29/2019,117.0,117.0,117.0,117.0,1.74,10.0,699.0,455.0
CFCL,9/1/2019,115.0,115.0,113.0,113.0,-3.42,1000.0,699.0,455.0
CFCL,9/2/2019,113.0,113.0,113.0,113.0,0.0,150.0,699.0,455.0
CFCL,9/3/2019,112.0,115.0,112.0,115.0,1.77,520.0,699.0,455.0
CFCL,9/4/2019,115.0,115.0,113.0,113.0,-1.74,1244.0,699.0,455.0
CFCL,9/5/2019,114.0,115.0,114.0,115.0,1.77,380.0,699.0,455.0
CFCL,9/8/2019,115.0,115.0,114.0,114.0,-0.87,1050.0,699.0,455.0
CFCL,9/9/2019,113.0,114.0,112.0,112.0,-1.75,3380.0,699.0,455.0
CFCL,9/10/2019,111.0,112.0,107.0,107.0,-4.46,5880.0,699.0,455.0
CFCL,9/11/2019,109.0,109.0,109.0,109.0,1.87,423.0,699.0,455.0
CFCL,9/12/2019,111.0,111.0,109.0,109.0,0.0,3456.0,699.0,455.0
CFCL,9/15/2019,111.0,111.0,108.0,108.0,-0.92,1120.0,699.0,455.0
CFCL,9/16/2019,109.0,109.0,109.0,109.0,0.93,92.0,699.0,455.0
CFCL,9/17/2019,111.0,111.0,111.0,111.0,1.83,10.0,699.0,455.0
CFCL,9/18/2019,111.0,114.0,111.0,114.0,2.7,141.0,699.0,455.0
CFCL,9/25/2019,116.0,116.0,116.0,116.0,1.75,10.0,699.0,455.0
CFCL,9/26/2019,114.0,114.0,112.0,112.0,-3.45,110.0,699.0,455.0
CFCL,9/30/2019,110.0,110.0,108.0,108.0,-3.57,3660.0,699.0,455.0
CFCL,10/1/2019,110.0,114.0,110.0,114.0,5.56,445.0,699.0,455.0
CFCL,10/2/2019,113.0,113.0,109.0,109.0,-4.39,1900.0,699.0,455.0
CFCL,10/3/2019,111.0,111.0,111.0,111.0,1.83,36.0,699.0,455.0
CFCL,10/14/2019,111.0,111.0,108.0,108.0,-2.7,333.0,699.0,455.0
CFCL,10/16/2019,108.0,109.0,107.0,107.0,-0.93,3039.0,699.0,455.0
CFCL,10/22/2019,105.0,105.0,105.0,105.0,-1.87,89.0,699.0,455.0
CFCL,10/23/2019,107.0,111.0,107.0,111.0,5.71,405.0,699.0,455.0
CFCL,10/24/2019,113.0,115.0,113.0,115.0,3.6,3003.0,699.0,455.0
CFCL,10/31/2019,116.0,116.0,114.0,114.0,-0.87,20.0,699.0,455.0
CFCL,11/3/2019,112.0,112.0,112.0,112.0,-1.75,97.0,699.0,455.0
CFCL,11/4/2019,110.0,110.0,108.0,110.0,-1.79,1175.0,699.0,455.0
CFCL,11/5/2019,112.0,112.0,108.0,108.0,-1.82,3310.0,699.0,455.0
CFCL,11/7/2019,108.0,110.0,108.0,110.0,1.85,3083.0,699.0,455.0
CFCL,11/10/2019,108.0,110.0,108.0,110.0,0.0,235.0,699.0,455.0
CFCL,11/11/2019,108.0,110.0,106.0,110.0,0.0,343.0,699.0,455.0
CFCL,11/12/2019,112.0,112.0,108.0,108.0,-1.82,59.0,699.0,455.0
CFCL,11/13/2019,108.0,109.0,108.0,108.0,0.0,450.0,699.0,455.0
CFCL,11/14/2019,109.0,110.0,109.0,109.0,0.93,2800.0,699.0,455.0
CFCL,11/17/2019,111.0,115.0,110.0,110.0,0.92,2676.0,699.0,455.0
CFCL,11/18/2019,112.0,114.0,112.0,113.0,2.73,1102.0,699.0,455.0
CFCL,11/19/2019,112.0,112.0,111.0,111.0,-1.77,2473.0,699.0,455.0
CFCL,11/20/2019,110.0,115.0,109.0,110.0,-0.9,3370.0,699.0,455.0
CFCL,11/21/2019,109.0,109.0,107.0,109.0,-0.91,9294.0,699.0,455.0
CFCL,11/24/2019,110.0,111.0,110.0,110.0,0.92,1500.0,699.0,455.0
CFCL,11/25/2019,112.0,112.0,112.0,112.0,1.82,200.0,699.0,455.0
CFCL,11/26/2019,110.0,110.0,108.0,108.0,-3.57,1465.0,699.0,455.0
CFCL,11/27/2019,108.0,110.0,108.0,110.0,1.85,229.0,699.0,455.0
CFCL,11/28/2019,112.0,112.0,110.0,111.0,0.91,554.0,699.0,455.0
CFCL,12/1/2019,111.0,113.0,111.0,113.0,1.8,2033.0,699.0,455.0
CFCL,12/2/2019,112.0,112.0,111.0,111.0,-1.77,268.0,699.0,455.0
CFCL,12/3/2019,113.0,113.0,110.0,110.0,-0.9,6485.0,699.0,455.0
CFCL,12/4/2019,112.0,112.0,110.0,110.0,0.0,32.0,699.0,455.0
CFCL,12/5/2019,110.0,112.0,108.0,108.0,-1.82,10630.0,699.0,455.0
CFCL,12/9/2019,110.0,116.0,110.0,113.0,4.63,2990.0,699.0,455.0
CFCL,12/10/2019,115.0,115.0,112.0,112.0,-0.88,542.0,699.0,455.0
CFCL,12/11/2019,114.0,114.0,112.0,113.0,0.89,1870.0,699.0,455.0
CFCL,12/12/2019,111.0,117.0,111.0,116.0,2.65,882.0,699.0,455.0
CFCL,12/15/2019,116.0,116.0,114.0,116.0,0.0,4703.0,699.0,455.0
CFCL,12/16/2019,116.0,118.0,116.0,118.0,1.72,150.0,699.0,455.0
CFCL,12/17/2019,117.0,117.0,115.0,115.0,-2.54,1007.0,699.0,455.0
CFCL,12/18/2019,115.0,117.0,113.0,115.0,0.0,3440.0,699.0,455.0
CFCL,12/19/2019,115.0,115.0,113.0,114.0,-0.87,953.0,699.0,455.0
CFCL,12/22/2019,115.0,115.0,115.0,115.0,0.88,2600.0,699.0,455.0
CFCL,12/23/2019,116.0,117.0,116.0,116.0,0.87,2685.0,699.0,455.0
CFCL,12/24/2019,118.0,118.0,113.0,115.0,-0.86,3396.0,699.0,455.0
CFCL,12/25/2019,116.0,116.0,116.0,116.0,0.87,10.0,699.0,455.0
CFCL,12/26/2019,114.0,117.0,114.0,114.0,-1.72,2404.0,699.0,455.0
CFCL,12/29/2019,114.0,115.0,114.0,115.0,0.88,366.0,699.0,455.0
CFCL,12/30/2019,117.0,117.0,117.0,117.0,1.74,10.0,699.0,455.0
CFCL,12/31/2019,117.0,119.0,116.0,118.0,0.85,1515.0,699.0,455.0
CFCL,1/1/2020,119.0,120.0,116.0,118.0,0.0,245.0,699.0,455.0
CFCL,1/2/2020,118.0,119.0,117.0,117.0,-0.85,844.0,699.0,455.0
CFCL,1/5/2020,119.0,119.0,118.0,119.0,1.71,475.0,699.0,455.0
CFCL,1/6/2020,118.0,123.0,118.0,123.0,3.36,11142.0,699.0,455.0
CFCL,1/7/2020,125.0,135.0,125.0,135.0,9.76,26039.0,699.0,455.0
CFCL,1/8/2020,135.0,135.0,128.0,132.0,-2.22,6969.0,699.0,455.0
CFCL,1/9/2020,130.0,130.0,126.0,127.0,-3.79,5132.0,699.0,455.0
CFCL,1/12/2020,125.0,134.0,123.0,130.0,2.36,15294.0,699.0,455.0
CFCL,1/13/2020,132.0,143.0,132.0,140.0,7.69,36105.0,699.0,455.0
CFCL,1/14/2020,138.0,145.0,135.0,145.0,3.57,34835.0,699.0,455.0
CFCL,1/15/2020,145.0,147.0,141.0,141.0,-2.76,10934.0,699.0,455.0
CFCL,1/16/2020,143.0,155.0,143.0,153.0,8.51,23550.0,699.0,455.0
CFCL,1/19/2020,156.0,162.0,147.0,161.0,5.23,13306.0,699.0,455.0
CFCL,1/20/2020,161.0,161.0,148.0,150.0,-6.83,32861.0,699.0,455.0
CFCL,1/21/2020,152.0,152.0,143.0,152.0,1.33,7161.0,699.0,455.0
CFCL,1/22/2020,150.0,150.0,141.0,141.0,-7.24,2333.0,699.0,455.0
CFCL,1/23/2020,143.0,151.0,140.0,143.0,1.42,10865.0,699.0,455.0
CFCL,1/26/2020,141.0,144.0,137.0,137.0,-4.2,3263.0,699.0,455.0
CFCL,1/27/2020,136.0,141.0,136.0,139.0,1.46,6274.0,699.0,455.0
CFCL,1/28/2020,141.0,145.0,138.0,140.0,0.72,7136.0,699.0,455.0
CFCL,1/29/2020,138.0,141.0,137.0,140.0,0.0,5703.0,699.0,455.0
CFCL,1/30/2020,141.0,144.0,139.0,143.0,2.14,15174.0,699.0,455.0
CFCL,2/2/2020,142.0,148.0,138.0,148.0,3.5,5272.0,699.0,455.0
CFCL,2/3/2020,149.0,149.0,144.0,146.0,-1.35,8485.0,699.0,455.0
CFCL,2/4/2020,145.0,153.0,145.0,148.0,1.37,10223.0,699.0,455.0
CFCL,2/5/2020,150.0,150.0,144.0,146.0,-1.35,5821.0,699.0,455.0
CFCL,2/6/2020,146.0,152.0,146.0,151.0,3.42,25116.0,699.0,455.0
CFCL,2/9/2020,148.0,149.0,143.0,143.0,-5.3,5480.0,699.0,455.0
CFCL,2/10/2020,145.0,148.0,143.0,147.0,2.8,10623.0,699.0,455.0
CFCL,2/11/2020,145.0,145.0,140.0,141.0,-4.08,4923.0,699.0,455.0
CFCL,2/12/2020,139.0,155.0,139.0,155.0,9.93,6106.0,699.0,455.0
CFCL,2/13/2020,152.0,153.0,146.0,153.0,-1.29,3683.0,699.0,455.0
CFCL,2/16/2020,150.0,152.0,144.0,144.0,-5.88,6453.0,699.0,455.0
CFCL,2/17/2020,146.0,156.0,146.0,156.0,8.33,9407.0,699.0,455.0
CFCL,2/18/2020,163.0,163.0,150.0,150.0,-3.85,8179.0,699.0,455.0
CFCL,2/19/2020,153.0,153.0,147.0,147.0,-2.0,3573.0,699.0,455.0
CFCL,2/20/2020,149.0,149.0,143.0,149.0,1.36,3600.0,699.0,455.0
CFCL,2/23/2020,151.0,157.0,150.0,152.0,2.01,13954.0,699.0,455.0
CFCL,2/24/2020,154.0,158.0,148.0,150.0,-1.32,18764.0,699.0,455.0
CFCL,2/25/2020,147.0,159.0,145.0,156.0,4.0,26287.0,699.0,455.0
CFCL,2/26/2020,153.0,159.0,150.0,154.0,-1.28,6067.0,699.0,455.0
CFCL,2/27/2020,151.0,158.0,149.0,151.0,-1.95,9944.0,699.0,455.0
CFCL,3/1/2020,148.0,155.0,148.0,150.0,-0.66,7946.0,699.0,455.0
CFCL,3/2/2020,147.0,147.0,145.0,146.0,-2.67,794.0,699.0,455.0
CFCL,3/3/2020,147.0,147.0,140.0,147.0,0.68,4541.0,699.0,455.0
CFCL,3/4/2020,145.0,145.0,136.0,136.0,-7.48,9908.0,699.0,455.0
CFCL,3/5/2020,138.0,149.0,134.0,138.0,1.47,3650.0,699.0,455.0
CFCL,3/10/2020,136.0,136.0,134.0,134.0,-2.9,2100.0,699.0,455.0
CFCL,3/11/2020,136.0,140.0,133.0,133.0,-0.75,4112.0,699.0,455.0
CFCL,3/12/2020,131.0,139.0,130.0,135.0,1.5,6299.0,699.0,455.0
CFCL,3/15/2020,133.0,133.0,130.0,130.0,-3.7,2280.0,699.0,455.0
CFCL,3/16/2020,132.0,134.0,128.0,130.0,0.0,1747.0,699.0,455.0
CFCL,3/17/2020,129.0,130.0,126.0,126.0,-3.08,4710.0,699.0,455.0
CFCL,3/18/2020,124.0,126.0,123.0,126.0,0.0,449.0,699.0,455.0
CFCL,3/19/2020,124.0,125.0,114.0,114.0,-9.52,71384.0,699.0,455.0
CFCL,3/22/2020,112.0,122.0,112.0,122.0,7.02,1275.0,699.0,455.0
CFCL,5/13/2020,120.0,120.0,120.0,120.0,-1.64,10.0,699.0,455.0
CFCL,6/29/2020,120.0,120.0,120.0,118.0,-1.67,10.0,699.0,455.0
CFCL,6/30/2020,120.0,122.0,120.0,122.0,3.39,400.0,699.0,455.0
CFCL,7/1/2020,124.0,130.0,124.0,130.0,6.56,700.0,699.0,455.0
CFCL,7/5/2020,128.0,128.0,117.0,117.0,-10.0,2499.0,699.0,455.0
CFCL,7/6/2020,118.0,118.0,116.0,118.0,0.85,5611.0,699.0,455.0
CFCL,7/7/2020,120.0,126.0,118.0,122.0,3.39,5325.0,699.0,455.0
CFCL,7/8/2020,120.0,122.0,119.0,122.0,0.0,184.0,699.0,455.0
CFCL,7/9/2020,122.0,122.0,120.0,120.0,-1.64,50.0,699.0,455.0
CFCL,7/12/2020,120.0,122.0,120.0,122.0,1.67,193.0,699.0,455.0
CFCL,7/13/2020,124.0,124.0,118.0,118.0,-3.28,1466.0,699.0,455.0
CFCL,7/14/2020,117.0,119.0,117.0,119.0,0.85,283.0,699.0,455.0
CFCL,7/15/2020,118.0,121.0,117.0,120.0,0.84,4717.0,699.0,455.0
CFCL,7/16/2020,119.0,130.0,118.0,126.0,5.0,7278.0,699.0,455.0
CFCL,7/19/2020,128.0,128.0,128.0,128.0,1.59,100.0,699.0,455.0
CFCL,7/20/2020,134.0,134.0,126.0,126.0,-1.56,4764.0,699.0,455.0
CFCL,7/21/2020,126.0,127.0,124.0,124.0,-1.59,6701.0,699.0,455.0
CFCL,7/22/2020,124.0,124.0,120.0,120.0,-3.23,870.0,699.0,455.0
CFCL,7/23/2020,126.0,126.0,120.0,123.0,2.5,1569.0,699.0,455.0
CFCL,7/26/2020,124.0,125.0,121.0,122.0,-0.81,8409.0,699.0,455.0
CFCL,7/27/2020,124.0,124.0,123.0,123.0,0.82,178.0,699.0,455.0
CFCL,7/28/2020,123.0,124.0,122.0,123.0,0.0,1666.0,699.0,455.0
CFCL,7/29/2020,123.0,123.0,121.0,121.0,-1.63,1616.0,699.0,455.0
CFCL,7/30/2020,122.0,123.0,119.0,122.0,0.83,1940.0,699.0,455.0
CFCL,8/2/2020,120.0,121.0,118.0,120.0,-1.64,1657.0,699.0,455.0
CFCL,8/3/2020,118.0,120.0,118.0,119.0,-0.83,1763.0,699.0,455.0
CFCL,8/5/2020,118.0,122.0,118.0,120.0,0.84,2092.0,699.0,455.0
CFCL,8/6/2020,118.0,120.0,118.0,118.0,-1.67,1864.0,699.0,455.0
CFCL,8/9/2020,118.0,120.0,118.0,118.0,0.0,3920.0,699.0,455.0
CFCL,8/10/2020,119.0,124.0,119.0,122.0,3.39,2818.0,699.0,455.0
CFCL,8/11/2020,124.0,126.0,118.0,122.0,0.0,6364.0,699.0,455.0
CFCL,8/12/2020,121.0,124.0,120.0,121.0,-0.82,2363.0,699.0,455.0
CFCL,8/13/2020,123.0,125.0,121.0,121.0,0.0,1919.0,699.0,455.0
CFCL,8/16/2020,122.0,122.0,120.0,121.0,0.0,1422.0,699.0,455.0
CFCL,8/17/2020,121.0,122.0,121.0,122.0,0.83,1571.0,699.0,455.0
CFCL,8/18/2020,122.0,123.0,121.0,123.0,0.82,118.0,699.0,455.0
CFCL,8/19/2020,121.0,121.0,120.0,121.0,-1.63,2754.0,699.0,455.0
CFCL,8/20/2020,119.0,123.0,119.0,122.0,0.83,975.0,699.0,455.0
CFCL,8/23/2020,120.0,121.0,119.0,120.0,-1.64,1446.0,699.0,455.0
CFCL,8/24/2020,119.0,121.0,119.0,121.0,0.83,2691.0,699.0,455.0
CFCL,8/25/2020,123.0,123.0,120.0,122.0,0.83,4669.0,699.0,455.0
CFCL,8/26/2020,122.0,124.0,120.0,121.0,-0.82,4550.0,699.0,455.0
CFCL,8/27/2020,120.0,125.0,120.0,123.0,1.65,6432.0,699.0,455.0
CFCL,8/30/2020,121.0,126.0,121.0,124.0,0.81,1928.0,699.0,455.0
CFCL,8/31/2020,122.0,124.0,122.0,122.0,-1.61,8343.0,699.0,455.0
CFCL,9/2/2020,121.0,127.0,121.0,126.0,3.28,6951.0,699.0,455.0
CFCL,9/3/2020,128.0,128.0,124.0,126.0,0.0,3556.0,699.0,455.0
CFCL,9/6/2020,128.0,129.0,124.0,124.0,-1.59,6125.0,699.0,455.0
CFCL,9/7/2020,126.0,128.0,124.0,127.0,2.42,10631.0,699.0,455.0
CFCL,9/8/2020,126.0,129.0,123.0,126.0,-0.79,9400.0,699.0,455.0
CFCL,9/9/2020,124.0,128.0,124.0,126.0,0.0,2972.0,699.0,455.0
CFCL,9/10/2020,124.0,126.0,124.0,126.0,0.0,1250.0,699.0,455.0
CFCL,9/13/2020,124.0,128.0,122.0,122.0,-3.17,13204.0,699.0,455.0
CFCL,9/14/2020,124.0,126.0,124.0,124.0,1.64,10381.0,699.0,455.0
CFCL,9/15/2020,125.0,130.0,125.0,127.0,2.42,3611.0,699.0,455.0
CFCL,9/16/2020,125.0,127.0,125.0,127.0,0.0,3350.0,699.0,455.0
CFCL,9/17/2020,133.0,139.0,127.0,139.0,9.45,32368.0,699.0,455.0
CFCL,9/20/2020,141.0,152.0,141.0,152.0,9.35,43867.0,699.0,455.0
CFCL,9/21/2020,155.0,155.0,141.0,143.0,-5.92,19401.0,699.0,455.0
CFCL,9/22/2020,141.0,146.0,137.0,137.0,-4.2,9077.0,699.0,455.0
CFCL,9/23/2020,137.0,142.0,133.0,142.0,3.65,7716.0,699.0,455.0
CFCL,9/24/2020,149.0,149.0,142.0,142.0,0.0,14280.0,699.0,455.0
CFCL,9/27/2020,144.0,153.0,143.0,148.0,4.23,22191.0,699.0,455.0
CFCL,9/28/2020,150.0,161.0,150.0,160.0,8.11,50117.0,699.0,455.0
CFCL,9/29/2020,160.0,164.0,152.0,158.0,-1.25,37010.0,699.0,455.0
CFCL,9/30/2020,155.0,164.0,152.0,162.0,2.53,20978.0,699.0,455.0
CFCL,10/1/2020,170.0,170.0,156.0,160.0,-1.23,18113.0,699.0,455.0
CFCL,10/4/2020,160.0,160.0,155.0,156.0,-2.5,22487.0,699.0,455.0
CFCL,10/5/2020,157.0,165.0,157.0,163.0,4.49,44588.0,699.0,455.0
CFCL,10/6/2020,163.0,165.0,158.0,165.0,1.23,25223.0,699.0,455.0
CFCL,10/7/2020,162.0,168.0,157.0,166.0,0.61,35503.0,699.0,455.0
CFCL,10/8/2020,167.0,182.0,167.0,177.0,6.63,97685.0,699.0,455.0
CFCL,10/11/2020,178.0,191.0,170.0,181.0,2.26,50662.0,699.0,455.0
CFCL,10/12/2020,184.0,184.0,172.0,172.0,-4.97,15072.0,699.0,455.0
CFCL,10/13/2020,169.0,174.0,162.0,164.0,-4.65,29198.0,699.0,455.0
CFCL,10/14/2020,171.0,171.0,160.0,161.0,-1.83,20954.0,699.0,455.0
CFCL,10/15/2020,164.0,170.0,161.0,161.0,0.0,14425.0,699.0,455.0
CFCL,10/18/2020,158.0,162.0,158.0,160.0,-0.62,5520.0,699.0,455.0
CFCL,10/19/2020,160.0,165.0,160.0,164.0,2.5,9545.0,699.0,455.0
CFCL,10/20/2020,164.0,170.0,164.0,167.0,1.83,10158.0,699.0,455.0
CFCL,10/21/2020,167.0,170.0,164.0,164.0,-1.8,17155.0,699.0,455.0
CFCL,10/22/2020,172.0,172.0,165.0,169.0,3.05,30278.0,699.0,455.0
CFCL,10/28/2020,166.0,172.0,166.0,170.0,0.59,8932.0,699.0,455.0
CFCL,10/29/2020,170.0,173.0,169.0,172.0,1.18,16912.0,699.0,455.0
CFCL,11/1/2020,174.0,174.0,167.0,167.0,-2.91,20934.0,699.0,455.0
CFCL,11/2/2020,159.0,170.0,159.0,168.0,0.6,14925.0,699.0,455.0
CFCL,11/3/2020,168.0,170.0,166.0,168.0,0.0,8288.0,699.0,455.0
CFCL,11/4/2020,167.0,168.0,166.0,167.0,-0.6,4725.0,699.0,455.0
CFCL,11/5/2020,167.0,168.0,165.0,168.0,0.6,14089.0,699.0,455.0
CFCL,11/8/2020,165.0,170.0,165.0,170.0,1.19,11194.0,699.0,455.0
CFCL,11/9/2020,168.0,169.0,166.0,166.0,-2.35,9363.0,699.0,455.0
CFCL,11/10/2020,166.0,174.0,166.0,173.0,4.22,24835.0,699.0,455.0
CFCL,11/11/2020,174.0,174.0,167.0,168.0,-2.89,11920.0,699.0,455.0
CFCL,11/12/2020,171.0,171.0,168.0,169.0,0.6,9926.0,699.0,455.0
CFCL,11/18/2020,166.0,170.0,164.0,166.0,-1.78,5186.0,699.0,455.0
CFCL,11/19/2020,164.0,171.0,164.0,167.0,0.6,14385.0,699.0,455.0
CFCL,11/22/2020,169.0,172.0,162.0,171.0,2.4,28093.0,699.0,455.0
CFCL,11/23/2020,168.0,174.0,165.0,168.0,-1.75,22298.0,699.0,455.0
CFCL,11/24/2020,168.0,171.0,168.0,169.0,0.6,9151.0,699.0,455.0
CFCL,11/25/2020,168.0,180.0,166.0,178.0,5.33,31158.0,699.0,455.0
CFCL,11/26/2020,178.0,181.0,172.0,174.0,-2.25,30651.0,699.0,455.0
CFCL,11/29/2020,172.0,181.0,170.0,174.0,0.0,23176.0,699.0,455.0
CFCL,11/30/2020,174.0,178.0,170.0,170.0,-2.3,15781.0,699.0,455.0
CFCL,12/1/2020,167.0,170.0,167.0,167.0,-1.76,12036.0,699.0,455.0
CFCL,12/2/2020,168.0,179.0,163.0,167.0,0.0,22890.0,699.0,455.0
CFCL,12/3/2020,165.0,166.0,163.0,166.0,-0.6,12367.0,699.0,455.0
CFCL,12/6/2020,163.0,165.0,158.0,159.0,-4.22,20273.0,699.0,455.0
CFCL,12/7/2020,159.0,166.0,157.0,165.0,3.77,12251.0,699.0,455.0
CFCL,12/8/2020,163.0,165.0,157.0,157.0,-4.85,17887.0,699.0,455.0
CFCL,12/9/2020,160.0,162.0,155.0,160.0,1.91,11723.0,699.0,455.0
CFCL,12/10/2020,158.0,164.0,154.0,164.0,2.5,22906.0,699.0,455.0
CFCL,12/13/2020,164.0,164.0,161.0,161.0,-1.83,2016.0,699.0,455.0
CFCL,12/14/2020,164.0,164.0,158.0,162.0,0.62,4290.0,699.0,455.0
CFCL,12/15/2020,159.0,162.0,157.0,159.0,-1.85,9795.0,699.0,455.0
CFCL,12/16/2020,160.0,160.0,156.0,160.0,0.63,6484.0,699.0,455.0
CFCL,12/17/2020,157.0,160.0,157.0,159.0,-0.62,10581.0,699.0,455.0
CFCL,12/20/2020,157.0,160.0,156.0,159.0,0.0,18633.0,699.0,455.0
CFCL,12/21/2020,156.0,158.0,153.0,158.0,-0.63,14426.0,699.0,455.0
CFCL,12/22/2020,160.0,165.0,156.0,160.0,1.27,16510.0,699.0,455.0
CFCL,12/23/2020,160.0,161.0,156.0,156.0,-2.5,5891.0,699.0,455.0
CFCL,12/24/2020,156.0,156.0,154.0,154.0,-1.28,2759.0,699.0,455.0
CFCL,12/27/2020,155.0,158.0,155.0,156.0,1.3,1491.0,699.0,455.0
CFCL,12/28/2020,159.0,171.0,159.0,171.0,9.62,23264.0,699.0,455.0
CFCL,12/29/2020,179.0,179.0,164.0,164.0,-4.09,26070.0,699.0,455.0
CFCL,12/30/2020,167.0,169.0,166.0,168.0,2.44,4408.0,699.0,455.0
CFCL,12/31/2020,169.0,170.0,165.0,165.0,-1.79,12697.0,699.0,455.0
CFCL,1/3/2021,165.0,170.0,163.0,169.0,2.42,9380.0,699.0,455.0
CFCL,1/4/2021,172.0,172.0,167.0,169.0,0.0,9290.0,699.0,455.0
CFCL,1/5/2021,171.0,171.0,168.0,169.0,0.0,16222.0,699.0,455.0
CFCL,1/6/2021,171.0,172.0,169.0,170.0,0.59,15991.0,699.0,455.0
CFCL,1/7/2021,178.0,178.0,170.0,172.0,1.18,12664.0,699.0,455.0
CFCL,1/10/2021,171.0,175.0,171.0,173.0,0.58,14200.0,699.0,455.0
CFCL,1/11/2021,175.0,188.0,175.0,179.0,3.47,36372.0,699.0,455.0
CFCL,1/12/2021,182.0,184.0,176.0,184.0,2.79,30979.0,699.0,455.0
CFCL,1/13/2021,184.0,200.0,184.0,196.0,6.52,65767.0,699.0,455.0
CFCL,1/17/2021,200.0,213.0,200.0,206.0,5.1,67506.0,699.0,455.0
CFCL,1/18/2021,208.0,208.0,198.0,202.0,-1.94,46217.0,699.0,455.0
CFCL,1/19/2021,203.0,205.0,195.0,199.0,-1.49,32680.0,699.0,455.0
CFCL,1/20/2021,203.0,218.0,199.0,218.0,9.55,83548.0,699.0,455.0
CFCL,1/21/2021,221.0,239.0,215.0,235.0,7.8,100152.0,699.0,455.0
CFCL,1/24/2021,235.0,242.0,231.0,232.0,-1.28,74756.0,699.0,455.0
CFCL,1/26/2021,220.0,221.0,204.0,210.0,-9.48,73496.0,699.0,455.0
CFCL,1/27/2021,208.0,215.0,204.0,208.0,-0.95,37545.0,699.0,455.0
CFCL,1/28/2021,212.0,212.0,202.0,204.0,-1.92,24875.0,699.0,455.0
CFCL,1/31/2021,200.0,200.0,194.0,196.0,-3.92,19724.0,699.0,455.0
CFCL,2/1/2021,194.0,215.0,192.0,214.0,9.18,37707.0,699.0,455.0
CFCL,2/2/2021,215.0,215.0,207.0,209.0,-2.34,20079.0,699.0,455.0
CFCL,2/3/2021,219.0,219.0,200.0,205.0,-1.91,18938.0,699.0,455.0
CFCL,2/4/2021,202.0,203.0,200.0,201.0,-1.95,11722.0,699.0,455.0
CFCL,2/7/2021,205.0,207.0,200.0,207.0,2.99,23967.0,699.0,455.0
CFCL,2/8/2021,210.0,210.0,205.0,207.0,0.0,19317.0,699.0,455.0
CFCL,2/9/2021,206.0,207.0,203.0,207.0,0.0,15768.0,699.0,455.0
CFCL,2/10/2021,204.0,214.0,203.0,211.0,1.93,28664.0,699.0,455.0
CFCL,2/11/2021,211.0,214.0,208.0,208.0,-1.42,29251.0,699.0,455.0
CFCL,2/14/2021,204.0,208.0,203.0,204.0,-1.92,15621.0,699.0,455.0
CFCL,2/15/2021,208.0,210.0,204.0,210.0,2.94,11972.0,699.0,455.0
CFCL,2/16/2021,208.0,209.0,204.0,209.0,-0.48,13412.0,699.0,455.0
CFCL,2/17/2021,209.0,209.0,204.0,208.0,-0.48,11995.0,699.0,455.0
CFCL,2/18/2021,212.0,216.0,207.0,210.0,0.96,42566.0,699.0,455.0
CFCL,2/21/2021,214.0,221.0,210.0,213.0,1.43,19979.0,699.0,455.0
CFCL,2/22/2021,214.0,215.0,210.0,211.0,-0.94,30197.0,699.0,455.0
CFCL,2/23/2021,207.0,211.0,201.0,210.0,-0.47,12536.0,699.0,455.0
CFCL,2/24/2021,220.0,220.0,207.0,210.0,0.0,5673.0,699.0,455.0
CFCL,2/25/2021,220.0,220.0,206.0,206.0,-1.9,7292.0,699.0,455.0
CFCL,2/28/2021,206.0,209.0,197.0,200.0,-2.91,16867.0,699.0,455.0
CFCL,3/1/2021,204.0,212.0,201.0,202.0,1.0,7955.0,699.0,455.0
CFCL,3/2/2021,206.0,208.0,196.0,201.0,-0.5,14222.0,699.0,455.0
CFCL,3/3/2021,200.0,205.0,196.0,201.0,0.0,17152.0,699.0,455.0
CFCL,3/4/2021,197.0,204.0,197.0,202.0,0.5,11237.0,699.0,455.0
CFCL,3/7/2021,203.0,205.0,201.0,204.0,0.99,2483.0,699.0,455.0
CFCL,3/9/2021,201.0,203.0,195.0,201.0,-1.47,5779.0,699.0,455.0
CFCL,3/10/2021,203.0,203.0,196.0,200.0,-0.5,4111.0,699.0,455.0
CFCL,3/14/2021,204.0,204.0,192.0,195.0,-2.5,5414.0,699.0,455.0
CFCL,3/15/2021,193.0,198.0,192.0,195.0,0.0,7513.0,699.0,455.0
CFCL,3/16/2021,192.0,201.0,183.0,196.0,0.51,11476.0,699.0,455.0
CFCL,3/17/2021,200.0,204.0,194.0,201.0,2.55,26148.0,699.0,455.0
CFCL,3/18/2021,204.0,210.0,200.0,205.0,1.99,32217.0,699.0,455.0
CFCL,3/21/2021,208.0,211.0,200.0,200.0,-2.44,10578.0,699.0,455.0
CFCL,3/22/2021,210.0,210.0,199.0,199.0,-0.5,10176.0,699.0,455.0
CFCL,3/23/2021,207.0,207.0,198.0,200.0,0.5,4093.0,699.0,455.0
CFCL,3/24/2021,210.0,210.0,198.0,203.0,1.5,18408.0,699.0,455.0
CFCL,3/25/2021,203.0,204.0,196.0,197.0,-2.96,29159.0,699.0,455.0
CFCL,3/29/2021,200.0,204.0,196.0,201.0,2.03,8425.0,699.0,455.0
CFCL,3/30/2021,200.0,200.0,197.0,199.0,-1.0,7106.0,699.0,455.0
CFCL,3/31/2021,200.0,201.0,197.0,198.0,-0.5,11833.0,699.0,455.0
CFCL,4/1/2021,197.0,205.0,197.0,200.0,1.01,22742.0,699.0,455.0
CFCL,4/4/2021,201.0,207.0,200.0,205.0,2.5,44850.0,699.0,455.0
CFCL,4/5/2021,204.0,213.0,204.0,207.0,0.98,50048.0,699.0,455.0
CFCL,4/6/2021,208.0,216.0,205.0,211.0,1.93,57286.0,699.0,455.0
CFCL,4/7/2021,211.0,214.0,208.0,213.0,0.95,42233.0,699.0,455.0
CFCL,4/8/2021,215.0,234.0,211.0,230.0,7.98,110030.0,699.0,455.0
CFCL,4/12/2021,230.0,230.0,219.0,224.0,-2.61,60053.0,699.0,455.0
CFCL,4/13/2021,223.0,228.0,220.0,225.0,0.45,41739.0,699.0,455.0
CFCL,4/15/2021,224.0,240.0,224.0,238.0,5.78,116149.0,699.0,455.0
CFCL,4/18/2021,238.0,246.0,229.0,233.0,-2.1,39863.0,699.0,455.0
CFCL,4/19/2021,229.0,234.0,227.0,231.0,-0.86,36494.0,699.0,455.0
CFCL,4/20/2021,228.0,233.0,227.0,228.0,-1.3,22922.0,699.0,455.0
CFCL,4/21/2021,231.0,234.0,225.0,226.0,-0.88,28144.0,699.0,455.0
CFCL,4/22/2021,226.0,232.0,224.0,229.0,1.33,45023.0,699.0,455.0
CFCL,4/25/2021,240.0,240.0,221.0,225.0,-1.75,36911.0,699.0,455.0
CFCL,4/26/2021,221.0,225.0,214.0,220.0,-2.22,42436.0,699.0,455.0
CFCL,4/27/2021,220.0,228.0,218.0,225.0,2.27,12066.0,699.0,455.0
CFCL,4/28/2021,225.0,225.0,216.0,220.0,-2.22,10799.0,699.0,455.0
CFCL,4/29/2021,220.0,225.0,218.0,223.0,1.36,13735.0,699.0,455.0
CFCL,5/2/2021,223.0,226.0,220.0,226.0,1.35,13140.0,699.0,455.0
CFCL,5/3/2021,222.0,228.0,221.0,223.0,-1.33,9283.0,699.0,455.0
CFCL,5/4/2021,225.0,225.0,219.0,222.0,-0.45,9144.0,699.0,455.0
CFCL,5/5/2021,225.0,226.0,221.0,222.0,0.0,12065.0,699.0,455.0
CFCL,5/6/2021,219.0,225.0,219.0,223.0,0.45,14525.0,699.0,455.0
CFCL,5/9/2021,219.0,224.0,219.0,220.0,-1.35,3986.0,699.0,455.0
CFCL,5/10/2021,220.0,223.0,219.0,221.0,0.45,3132.0,699.0,455.0
CFCL,5/11/2021,225.0,229.0,223.0,224.0,1.36,17414.0,699.0,455.0
CFCL,5/12/2021,227.0,235.0,224.0,230.0,2.68,27234.0,699.0,455.0
CFCL,5/13/2021,232.0,252.0,231.0,251.0,9.13,118273.0,699.0,455.0
CFCL,5/16/2021,251.0,266.0,244.0,260.0,3.59,133802.0,699.0,455.0
CFCL,5/17/2021,263.0,270.0,253.0,270.0,3.85,99702.0,699.0,455.0
CFCL,5/18/2021,268.0,291.0,265.0,285.0,5.56,118700.0,699.0,455.0
CFCL,5/19/2021,290.0,295.0,267.0,271.0,-4.91,62580.0,699.0,455.0
CFCL,5/20/2021,266.0,298.0,265.0,287.0,5.9,158882.0,699.0,455.0
CFCL,5/23/2021,290.0,315.0,276.0,315.0,9.76,261893.0,699.0,455.0
CFCL,5/24/2021,330.0,330.0,297.0,302.0,-4.13,111996.0,699.0,455.0
CFCL,5/25/2021,302.0,305.0,295.0,299.0,-0.99,39806.0,699.0,455.0
CFCL,5/27/2021,295.0,319.0,289.0,305.0,2.01,101571.0,699.0,455.0
CFCL,5/30/2021,310.0,334.0,303.0,323.0,5.9,149845.0,699.0,455.0
CFCL,5/31/2021,330.0,355.0,326.0,355.0,9.91,382536.0,699.0,455.0
CFCL,6/1/2021,372.0,372.0,341.0,344.0,-3.1,86471.0,699.0,455.0
CFCL,6/2/2021,345.0,378.0,344.0,374.0,8.72,122635.0,699.0,455.0
CFCL,6/3/2021,392.0,405.0,366.0,370.0,-1.07,189163.0,699.0,455.0
CFCL,6/6/2021,380.0,394.0,353.0,370.0,0.0,187654.0,699.0,455.0
CFCL,6/7/2021,388.0,407.0,374.0,407.0,10.0,352011.0,699.0,455.0
CFCL,6/8/2021,427.0,447.0,412.0,447.0,9.83,165800.0,699.0,455.0
CFCL,6/9/2021,450.0,469.0,418.0,433.0,-3.13,149631.0,699.0,455.0
CFCL,6/10/2021,440.0,471.0,409.0,446.0,3.0,208455.0,699.0,455.0
CFCL,6/13/2021,446.0,490.0,438.0,490.0,9.87,302118.0,699.0,455.0
CFCL,6/14/2021,514.0,539.0,485.0,490.0,0.0,195802.0,699.0,455.0
CFCL,6/15/2021,490.0,498.0,450.0,461.0,-5.92,163727.0,699.0,455.0
CFCL,6/16/2021,452.0,475.0,415.0,429.0,-6.94,104388.0,699.0,455.0
CFCL,6/17/2021,429.0,456.0,400.0,438.0,2.1,102240.0,699.0,455.0
CFCL,6/20/2021,459.0,459.0,405.0,410.0,-6.39,46062.0,699.0,455.0
CFCL,6/21/2021,430.0,430.0,376.0,379.0,-7.56,87570.0,699.0,455.0
CFCL,6/22/2021,397.0,416.0,362.0,416.0,9.76,116470.0,699.0,455.0
CFCL,6/23/2021,436.0,436.0,397.0,404.0,-2.88,79212.0,699.0,455.0
CFCL,6/24/2021,404.0,409.0,394.0,398.0,-1.49,54518.0,699.0,455.0
CFCL,6/27/2021,398.0,405.0,389.0,392.0,-1.51,26394.0,699.0,455.0
CFCL,6/28/2021,392.0,398.0,369.0,377.0,-3.83,34844.0,699.0,455.0
CFCL,6/29/2021,395.0,395.0,347.0,351.0,-6.9,65174.0,699.0,455.0
CFCL,6/30/2021,368.0,386.0,332.0,386.0,9.97,65712.0,699.0,455.0
CFCL,7/1/2021,400.0,417.0,385.0,410.0,6.22,93358.0,699.0,455.0
CFCL,7/4/2021,420.0,420.0,392.0,395.0,-3.66,55744.0,699.0,455.0
CFCL,7/5/2021,389.0,395.0,376.0,380.0,-3.8,35161.0,699.0,455.0
CFCL,7/6/2021,380.0,393.0,373.0,382.0,0.53,21238.0,699.0,455.0
CFCL,7/7/2021,382.0,385.0,370.0,370.0,-3.14,29038.0,699.0,455.0
CFCL,7/8/2021,377.0,397.0,365.0,387.0,4.59,35312.0,699.0,455.0
CFCL,7/11/2021,392.0,425.0,392.0,425.0,9.82,105173.0,699.0,455.0
CFCL,7/12/2021,446.0,459.0,411.0,430.0,1.18,167532.0,699.0,455.0
CFCL,7/13/2021,430.0,473.0,420.0,460.0,6.98,143293.0,699.0,455.0
CFCL,7/14/2021,465.0,487.0,448.0,479.0,4.13,133739.0,699.0,455.0
CFCL,7/15/2021,485.0,490.0,471.0,485.0,1.25,115101.0,699.0,455.0
CFCL,7/18/2021,494.7,494.7,475.0,482.0,-0.62,111902.0,699.0,455.0
CFCL,7/19/2021,489.0,492.0,476.0,481.0,-0.21,100384.0,699.0,455.0
CFCL,7/20/2021,490.0,495.0,470.7,483.0,0.42,59071.0,699.0,455.0
CFCL,7/22/2021,485.0,485.0,470.5,474.0,-1.86,49122.0,699.0,455.0
CFCL,7/25/2021,483.0,485.0,473.0,473.0,-0.21,68688.0,699.0,455.0
CFCL,7/26/2021,482.0,482.0,465.0,475.0,0.42,77917.0,699.0,455.0
CFCL,7/27/2021,465.5,507.0,465.5,500.0,5.26,187154.0,699.0,455.0
CFCL,7/28/2021,510.0,534.0,505.0,533.0,6.6,191595.0,699.0,455.0
CFCL,7/29/2021,543.0,544.0,514.0,514.0,-3.56,128485.0,699.0,455.0
CFCL,8/1/2021,524.0,524.0,500.0,507.2,-1.32,117797.0,699.0,455.0
CFCL,8/2/2021,517.0,525.9,508.0,511.0,0.75,100114.0,699.0,455.0
CFCL,8/3/2021,521.2,529.0,505.0,510.0,-0.2,58486.0,699.0,455.0
CFCL,8/4/2021,513.0,555.0,510.7,543.0,6.47,271752.0,699.0,455.0
CFCL,8/5/2021,553.0,557.0,532.2,532.2,-1.99,146803.0,699.0,455.0
CFCL,8/8/2021,540.0,564.1,534.0,550.0,3.34,195875.0,699.0,455.0
CFCL,8/9/2021,561.0,585.0,550.0,585.0,6.36,174406.0,699.0,455.0
CFCL,8/10/2021,596.0,643.5,595.0,643.5,10.0,202564.0,699.0,455.0
CFCL,8/11/2021,656.3,707.8,656.3,687.0,6.76,347504.0,699.0,455.0
CFCL,8/12/2021,700.0,715.0,654.7,689.0,0.29,243310.0,699.0,455.0
CFCL,8/15/2021,702.7,702.7,620.1,652.0,-5.37,264449.0,699.0,455.0
CFCL,8/16/2021,665.0,670.0,631.6,650.0,-0.31,151753.0,699.0,455.0
CFCL,8/17/2021,663.0,700.0,660.0,691.9,6.45,227480.0,699.0,455.0
CFCL,8/18/2021,705.7,761.0,705.7,729.0,5.36,312367.0,699.0,455.0
CFCL,8/19/2021,743.5,764.0,716.0,720.0,-1.23,260505.0,699.0,455.0
CFCL,8/24/2021,720.0,795.0,715.0,777.0,7.92,472295.0,699.0,455.0
CFCL,8/25/2021,780.0,800.0,755.0,765.0,-1.54,280417.0,699.0,455.0
CFCL,8/26/2021,765.0,811.0,765.0,792.0,3.53,281293.0,699.0,455.0
CFCL,8/29/2021,807.8,814.9,760.0,773.0,-2.4,291844.0,699.0,455.0
CFCL,8/31/2021,788.4,788.4,726.0,730.0,-5.56,198706.0,699.0,455.0
CFCL,9/1/2021,730.0,772.0,715.4,722.0,-1.1,137706.0,699.0,455.0
CFCL,9/2/2021,723.0,739.9,668.0,684.0,-5.26,167640.0,699.0,455.0
CFCL,9/5/2021,684.0,684.0,615.6,624.1,-8.76,202544.0,699.0,455.0
CFCL,9/6/2021,613.0,686.5,591.0,686.5,10.0,184827.0,699.0,455.0
CFCL,9/7/2021,699.0,712.0,664.0,685.0,-0.22,107437.0,699.0,455.0
CFCL,9/8/2021,671.3,690.0,650.0,657.0,-4.09,79916.0,699.0,455.0
CFCL,9/9/2021,670.0,673.9,650.0,654.0,-0.46,64680.0,699.0,455.0
CFCL,9/12/2021,667.0,685.0,660.0,678.0,3.67,59477.0,699.0,455.0
CFCL,9/13/2021,691.0,712.8,685.1,690.1,1.78,91651.0,699.0,455.0
CFCL,9/14/2021,690.1,702.0,673.2,679.0,-1.61,81305.0,699.0,455.0
CFCL,9/15/2021,679.0,690.0,651.1,658.0,-3.09,50875.0,699.0,455.0
CFCL,9/16/2021,645.1,645.1,605.0,625.1,-5.0,108367.0,699.0,455.0
CFCL,9/20/2021,614.0,625.0,562.6,562.7,-9.98,95514.0,699.0,455.0
CFCL,9/21/2021,562.0,591.0,514.5,555.0,-1.37,127867.0,699.0,455.0
CFCL,9/22/2021,566.1,610.0,566.1,609.9,9.89,84269.0,699.0,455.0
CFCL,9/23/2021,622.0,642.0,605.0,610.0,0.02,82061.0,699.0,455.0
CFCL,9/26/2021,611.0,612.0,565.0,571.0,-6.39,72342.0,699.0,455.0
CFCL,9/27/2021,572.0,572.0,516.0,533.0,-6.65,60113.0,699.0,455.0
CFCL,9/28/2021,534.0,540.0,483.0,493.0,-7.5,71395.0,699.0,455.0
CFCL,9/29/2021,493.0,532.0,477.0,530.0,7.51,47593.0,699.0,455.0
CFCL,9/30/2021,540.0,549.0,508.0,515.0,-2.83,48508.0,699.0,455.0
CFCL,10/3/2021,505.0,510.1,477.0,489.9,-4.87,33822.0,699.0,455.0
CFCL,10/4/2021,490.0,496.0,450.8,462.0,-5.7,45086.0,699.0,455.0
CFCL,10/5/2021,471.0,490.0,465.0,486.0,5.19,25143.0,699.0,455.0
CFCL,10/6/2021,490.0,524.0,486.0,512.0,5.35,37493.0,699.0,455.0
CFCL,10/10/2021,518.0,537.5,511.2,514.0,0.39,49812.0,699.0,455.0
CFCL,10/11/2021,504.0,504.0,485.0,494.9,-3.72,27151.0,699.0,455.0
CFCL,10/17/2021,504.7,512.0,492.0,499.0,0.83,5404.0,699.0,455.0
CFCL,10/18/2021,503.0,503.0,470.0,472.0,-5.41,18021.0,699.0,455.0
CFCL,10/19/2021,465.0,470.0,432.0,445.0,-5.72,33810.0,699.0,455.0
CFCL,10/20/2021,453.9,480.0,453.0,472.9,6.27,30866.0,699.0,455.0
CFCL,10/21/2021,477.0,477.0,450.0,454.0,-4.0,17686.0,699.0,455.0
CFCL,10/24/2021,454.0,477.9,445.2,474.0,4.41,33517.0,699.0,455.0
CFCL,10/25/2021,483.0,521.4,482.0,521.4,10.0,63137.0,699.0,455.0
CFCL,10/26/2021,531.8,564.0,531.8,559.0,7.21,80751.0,699.0,455.0
CFCL,10/27/2021,562.0,576.0,530.0,554.0,-0.89,75902.0,699.0,455.0
CFCL,10/28/2021,554.0,583.0,532.5,577.9,4.31,122600.0,699.0,455.0
CFCL,10/31/2021,589.0,610.0,570.0,605.0,4.69,61855.0,699.0,455.0
CFCL,11/1/2021,617.0,637.0,580.0,598.0,-1.16,95749.0,699.0,455.0
CFCL,11/2/2021,599.0,606.0,580.0,590.0,-1.34,59269.0,699.0,455.0
CFCL,11/3/2021,601.0,613.9,576.0,580.0,-1.69,44357.0,699.0,455.0
CFCL,11/8/2021,591.6,600.0,585.0,590.0,1.72,33409.0,699.0,455.0
CFCL,11/9/2021,600.0,605.0,546.9,560.0,-5.08,98008.0,699.0,455.0
CFCL,11/11/2021,549.0,574.0,528.9,540.0,-3.57,75193.0,699.0,455.0
CFCL,11/14/2021,550.0,565.0,540.0,559.1,3.54,67910.0,699.0,455.0
CFCL,11/15/2021,569.09,590.0,569.09,578.0,3.38,55579.0,699.0,455.0
CFCL,11/16/2021,589.0,599.0,574.0,594.0,2.77,46286.0,699.0,455.0
CFCL,11/17/2021,605.0,616.0,595.0,596.0,0.34,76483.0,699.0,455.0
CFCL,11/18/2021,585.0,602.7,578.0,582.0,-2.35,48980.0,699.0,455.0
CFCL,11/21/2021,570.4,600.0,570.4,591.0,1.55,35899.0,699.0,455.0
CFCL,11/22/2021,600.0,600.0,577.0,580.0,-1.86,29063.0,699.0,455.0
CFCL,11/23/2021,572.0,580.0,550.0,559.0,-3.62,50164.0,699.0,455.0
CFCL,11/24/2021,559.0,576.3,545.0,573.0,2.5,56828.0,699.0,455.0
CFCL,11/25/2021,584.4,584.4,561.0,567.0,-1.05,27605.0,699.0,455.0
CFCL,11/28/2021,556.0,556.0,536.0,537.1,-5.27,58508.0,699.0,455.0
CFCL,11/29/2021,526.4,560.0,526.4,539.0,0.35,34902.0,699.0,455.0
CFCL,11/30/2021,539.0,556.6,528.4,540.0,0.19,22373.0,699.0,455.0
CFCL,12/1/2021,550.8,560.0,539.0,546.0,1.11,17071.0,699.0,455.0
CFCL,12/2/2021,555.0,555.0,520.1,520.1,-4.74,36722.0,699.0,455.0
CFCL,12/5/2021,520.0,530.0,493.0,505.0,-2.9,47032.0,699.0,455.0
CFCL,12/6/2021,495.0,516.5,480.0,512.0,1.39,45115.0,699.0,455.0
CFCL,12/7/2021,522.0,532.0,482.0,485.1,-5.25,38516.0,699.0,455.0
CFCL,12/8/2021,478.2,496.0,456.0,461.0,-4.97,35710.0,699.0,455.0
CFCL,12/9/2021,461.0,471.0,454.0,456.0,-1.08,25848.0,699.0,455.0
CFCL,12/12/2021,454.0,455.0,424.4,427.0,-6.36,31091.0,699.0,455.0
CFCL,12/13/2021,418.5,433.5,387.0,397.1,-7.0,43198.0,699.0,455.0
CFCL,12/14/2021,405.0,436.8,405.0,436.8,10.0,30921.0,699.0,455.0
CFCL,12/15/2021,445.5,475.0,422.1,445.0,1.88,60172.0,699.0,455.0
CFCL,12/16/2021,442.0,450.0,418.0,421.0,-5.39,33645.0,699.0,455.0
CFCL,12/20/2021,418.0,420.0,399.3,408.0,-3.09,26868.0,699.0,455.0
CFCL,12/21/2021,416.0,431.0,405.0,431.0,5.64,23741.0,699.0,455.0
CFCL,12/22/2021,439.0,458.0,433.0,449.0,4.18,39556.0,699.0,455.0
CFCL,12/23/2021,456.0,460.0,431.0,438.9,-2.25,24571.0,699.0,455.0
CFCL,12/26/2021,435.0,449.9,427.0,435.2,-0.84,21075.0,699.0,455.0
CFCL,12/27/2021,443.9,443.9,407.0,410.0,-5.79,19232.0,699.0,455.0
CFCL,12/28/2021,410.0,433.5,399.0,423.0,3.17,47159.0,699.0,455.0
CFCL,12/29/2021,431.4,431.4,410.8,411.5,-2.72,9310.0,699.0,455.0
CFCL,1/2/2022,385.0,402.0,385.0,399.0,-3.04,25698.0,699.0,455.0
CFCL,1/3/2022,406.0,420.0,396.0,412.0,3.26,32214.0,699.0,455.0
CFCL,1/4/2022,420.2,440.0,411.9,440.0,6.8,31724.0,699.0,455.0
CFCL,1/5/2022,448.8,450.8,415.0,429.0,-2.5,64584.0,699.0,455.0
CFCL,1/6/2022,425.0,435.5,423.0,435.0,1.4,17255.0,699.0,455.0
CFCL,1/9/2022,443.7,470.0,440.0,465.5,7.01,63384.0,699.0,455.0
CFCL,1/10/2022,467.0,485.0,460.0,482.0,3.54,68676.0,699.0,455.0
CFCL,1/11/2022,480.0,526.0,475.0,521.0,8.09,70311.0,699.0,455.0
CFCL,1/12/2022,530.0,531.4,495.2,500.0,-4.03,89370.0,699.0,455.0
CFCL,1/13/2022,499.0,530.0,491.1,526.0,5.2,75690.0,699.0,455.0
CFCL,1/16/2022,536.5,556.0,524.1,531.0,0.95,70368.0,699.0,455.0
CFCL,1/17/2022,534.8,538.0,515.0,532.0,0.19,52805.0,699.0,455.0
CFCL,1/18/2022,532.0,536.0,509.1,515.0,-3.2,46844.0,699.0,455.0
CFCL,1/19/2022,520.0,523.0,500.1,505.5,-1.84,27440.0,699.0,455.0
CFCL,1/20/2022,501.0,520.0,500.0,519.0,2.67,27780.0,699.0,455.0
CFCL,1/23/2022,529.0,529.3,505.0,509.0,-1.93,27781.0,699.0,455.0
CFCL,1/24/2022,498.9,507.0,477.0,486.0,-4.52,71469.0,699.0,455.0
CFCL,1/25/2022,495.0,504.9,470.5,491.0,1.03,39633.0,699.0,455.0
CFCL,1/26/2022,495.0,495.0,462.0,470.0,-4.28,46622.0,699.0,455.0
CFCL,1/27/2022,479.4,488.9,466.6,470.0,0.0,22761.0,699.0,455.0
CFCL,1/30/2022,478.0,507.9,478.0,506.0,7.66,54458.0,699.0,455.0
CFCL,1/31/2022,516.1,516.1,492.0,499.0,-1.38,32969.0,699.0,455.0
CFCL,2/1/2022,500.0,511.0,489.1,507.0,1.6,28579.0,699.0,455.0
CFCL,2/3/2022,517.0,525.0,497.0,500.0,-1.38,40108.0,699.0,455.0
CFCL,2/6/2022,490.0,499.8,475.0,486.0,-2.8,24597.0,699.0,455.0
CFCL,2/7/2022,480.0,498.0,480.0,486.0,0.0,22448.0,699.0,455.0
CFCL,2/8/2022,495.7,515.0,486.0,495.0,1.85,46347.0,699.0,455.0
CFCL,2/9/2022,494.0,494.9,482.0,485.0,-2.02,16927.0,699.0,455.0
CFCL,2/10/2022,490.0,494.0,476.0,482.0,-0.62,23130.0,699.0,455.0
CFCL,2/13/2022,482.0,482.0,457.0,460.0,-4.56,23993.0,699.0,455.0
CFCL,2/14/2022,460.0,470.0,451.0,460.9,0.2,13991.0,699.0,455.0
CFCL,2/15/2022,467.0,486.0,456.0,465.0,0.89,16348.0,699.0,455.0
CFCL,2/16/2022,474.3,482.6,458.0,464.0,-0.22,22130.0,699.0,455.0
CFCL,2/17/2022,456.0,472.9,454.9,465.0,0.22,31999.0,699.0,455.0
CFCL,2/20/2022,460.0,464.9,449.0,455.0,-2.15,25710.0,699.0,455.0
CFCL,2/21/2022,451.1,464.9,451.1,460.5,1.21,20590.0,699.0,455.0
CFCL,2/22/2022,469.7,479.0,464.0,469.0,1.85,29238.0,699.0,455.0
CFCL,2/23/2022,478.2,478.2,460.1,465.0,-0.85,12873.0,699.0,455.0
CFCL,2/24/2022,455.7,461.0,445.0,445.0,-4.3,31884.0,699.0,455.0
CFCL,2/27/2022,453.0,459.8,444.0,446.1,0.25,24448.0,699.0,455.0
CFCL,2/28/2022,455.0,459.0,436.6,437.0,-2.04,20377.0,699.0,455.0
CFCL,3/2/2022,435.0,435.0,413.0,417.0,-4.58,17342.0,699.0,455.0
CFCL,3/6/2022,425.0,428.4,416.1,418.0,0.24,17920.0,699.0,455.0
CFCL,3/7/2022,425.0,425.0,410.0,410.0,-1.91,11574.0,699.0,455.0
CFCL,3/9/2022,418.2,418.2,399.9,399.9,-2.46,14583.0,699.0,455.0
CFCL,3/10/2022,399.9,433.5,399.0,433.5,8.4,14943.0,699.0,455.0
CFCL,3/13/2022,442.1,456.0,435.0,453.9,4.71,26320.0,699.0,455.0
CFCL,3/14/2022,455.1,459.0,441.0,449.0,-1.08,5997.0,699.0,455.0
CFCL,3/15/2022,448.5,450.0,436.1,446.0,-0.67,10329.0,699.0,455.0
CFCL,3/16/2022,445.0,446.0,430.0,440.0,-1.35,15162.0,699.0,455.0
CFCL,3/20/2022,448.8,450.0,435.3,444.0,0.91,12886.0,699.0,455.0
CFCL,3/21/2022,452.8,458.0,437.2,455.0,2.48,16261.0,699.0,455.0
CFCL,3/22/2022,455.0,462.9,446.0,446.0,-1.98,10449.0,699.0,455.0
CFCL,3/23/2022,437.1,454.0,431.3,432.0,-3.14,9981.0,699.0,455.0
CFCL,3/24/2022,432.0,438.0,421.0,424.9,-1.64,11320.0,699.0,455.0
CFCL,3/27/2022,425.0,426.0,410.0,419.0,-1.39,17576.0,699.0,455.0
CFCL,3/28/2022,419.0,420.0,405.5,406.0,-3.1,9432.0,699.0,455.0
CFCL,3/29/2022,414.1,414.1,398.0,398.0,-1.97,14932.0,699.0,455.0
CFCL,3/30/2022,405.0,416.0,392.0,415.0,4.27,26454.0,699.0,455.0
CFCL,3/31/2022,414.5,422.0,400.4,403.0,-2.89,11228.0,699.0,455.0
CFCL,4/3/2022,395.1,401.0,390.1,398.0,-1.24,12039.0,699.0,455.0
CFCL,4/4/2022,393.5,408.0,393.5,396.0,-0.5,17655.0,699.0,455.0
CFCL,4/5/2022,395.0,397.8,381.0,387.0,-2.27,28100.0,699.0,455.0
CFCL,4/6/2022,381.1,410.0,376.0,387.0,0.0,17837.0,699.0,455.0
CFCL,4/7/2022,394.7,402.0,390.0,394.8,2.02,16253.0,699.0,455.0
CFCL,4/11/2022,402.6,410.0,376.0,385.0,-2.48,18069.0,699.0,455.0
CFCL,4/12/2022,380.0,380.0,373.0,379.9,-1.32,12056.0,699.0,455.0
CFCL,4/13/2022,379.0,389.0,371.5,385.8,1.55,11513.0,699.0,455.0
CFCL,4/17/2022,393.5,401.0,373.0,373.0,-3.32,7760.0,699.0,455.0
CFCL,4/18/2022,373.0,380.4,355.0,375.0,0.54,10926.0,699.0,455.0
CFCL,4/19/2022,379.9,386.9,361.0,383.0,2.13,12436.0,699.0,455.0
CFCL,4/20/2022,378.0,378.1,360.0,362.0,-5.48,8320.0,699.0,455.0
CFCL,4/21/2022,357.0,363.0,336.3,350.0,-3.31,23991.0,699.0,455.0
CFCL,4/24/2022,357.0,381.1,350.0,375.0,7.14,16514.0,699.0,455.0
CFCL,4/25/2022,377.0,384.6,354.0,355.0,-5.33,15651.0,699.0,455.0
CFCL,4/26/2022,353.0,371.0,353.0,356.0,0.28,10980.0,699.0,455.0
CFCL,4/27/2022,363.0,363.0,350.0,357.0,0.28,7559.0,699.0,455.0
CFCL,4/28/2022,364.1,364.1,340.0,344.0,-3.64,12502.0,699.0,455.0
CFCL,5/2/2022,340.0,340.0,327.5,329.0,-4.36,9271.0,699.0,455.0
CFCL,5/4/2022,322.5,335.0,316.1,316.8,-3.71,17036.0,699.0,455.0
CFCL,5/5/2022,311.0,317.9,300.0,304.0,-4.04,14815.0,699.0,455.0
CFCL,5/8/2022,300.0,315.0,294.0,315.0,3.62,12832.0,699.0,455.0
CFCL,5/9/2022,316.0,330.0,308.7,312.0,-0.95,12795.0,699.0,455.0
CFCL,5/10/2022,314.0,337.0,314.0,335.0,7.37,11031.0,699.0,455.0
CFCL,5/11/2022,338.0,351.4,332.2,344.0,2.69,15057.0,699.0,455.0
CFCL,5/12/2022,350.0,364.0,330.0,335.0,-2.62,17187.0,699.0,455.0
CFCL,5/17/2022,329.0,330.0,309.0,309.0,-7.76,16469.0,699.0,455.0
CFCL,5/18/2022,309.0,321.3,300.0,311.2,0.71,12395.0,699.0,455.0
CFCL,5/19/2022,310.0,317.0,300.0,302.1,-2.92,8230.0,699.0,455.0
CFCL,5/20/2022,297.0,310.0,297.0,305.0,0.96,6653.0,699.0,455.0
CFCL,5/23/2022,298.9,305.0,295.0,297.1,-2.59,8734.0,699.0,455.0
CFCL,5/24/2022,303.0,315.0,297.0,301.1,1.35,5819.0,699.0,455.0
CFCL,5/25/2022,307.0,313.0,303.0,306.0,1.63,9104.0,699.0,455.0
CFCL,5/26/2022,312.1,312.1,302.0,303.0,-0.98,19570.0,699.0,455.0
CFCL,5/27/2022,309.0,315.0,297.0,300.9,-0.69,9172.0,699.0,455.0
CFCL,5/30/2022,299.0,308.0,290.0,291.0,-3.29,9453.0,699.0,455.0
CFCL,5/31/2022,296.8,299.0,286.0,289.0,-0.69,15592.0,699.0,455.0
CFCL,6/1/2022,290.0,299.7,285.0,290.0,0.35,5524.0,699.0,455.0
CFCL,6/2/2022,295.8,301.0,285.1,289.5,-0.17,8091.0,699.0,455.0
CFCL,6/3/2022,287.0,295.1,285.1,288.1,-0.48,9998.0,699.0,455.0
CFCL,6/6/2022,293.0,295.0,282.5,289.1,0.35,6680.0,699.0,455.0
CFCL,6/7/2022,294.8,294.8,270.5,279.0,-3.49,18583.0,699.0,455.0
CFCL,6/8/2022,284.5,306.9,275.0,298.0,6.81,23535.0,699.0,455.0
CFCL,6/9/2022,303.9,309.0,284.0,288.0,-3.36,16902.0,699.0,455.0
CFCL,6/10/2022,292.0,292.0,281.0,285.0,-1.04,4899.0,699.0,455.0
CFCL,6/13/2022,290.0,295.0,277.0,280.0,-1.75,7335.0,699.0,455.0
CFCL,6/14/2022,276.0,285.5,271.0,274.0,-2.14,6444.0,699.0,455.0
CFCL,6/15/2022,278.9,278.9,261.8,268.0,-2.19,12887.0,699.0,455.0
CFCL,6/16/2022,265.0,283.0,260.1,273.0,1.87,10110.0,699.0,455.0
CFCL,6/17/2022,278.0,282.7,270.0,270.0,-1.1,2686.0,699.0,455.0
CFCL,6/19/2022,275.4,280.0,259.0,264.5,-2.04,6439.0,699.0,455.0
CFCL,6/20/2022,269.0,269.0,245.0,249.0,-5.86,22227.0,699.0,455.0
CFCL,6/21/2022,253.9,268.0,249.0,265.0,6.43,12824.0,699.0,455.0
CFCL,6/22/2022,270.0,270.0,252.8,253.0,-4.53,8591.0,699.0,455.0
CFCL,6/23/2022,258.0,258.0,237.0,245.0,-3.16,12262.0,699.0,455.0
CFCL,6/24/2022,248.9,268.0,239.2,252.0,2.86,9635.0,699.0,455.0
CFCL,6/26/2022,257.0,272.6,257.0,266.0,5.56,22857.0,699.0,455.0
CFCL,6/27/2022,271.3,280.0,259.0,262.0,-1.5,19376.0,699.0,455.0
CFCL,6/28/2022,262.0,265.0,252.0,253.2,-3.36,7013.0,699.0,455.0
CFCL,6/29/2022,258.0,269.0,250.4,268.0,5.85,14610.0,699.0,455.0
CFCL,6/30/2022,273.0,294.8,273.0,293.0,9.33,31738.0,699.0,455.0
CFCL,7/1/2022,298.8,306.0,285.0,286.0,-2.39,17083.0,699.0,455.0
CFCL,7/3/2022,281.1,306.0,279.9,306.0,6.99,23046.0,699.0,455.0
CFCL,7/4/2022,310.0,328.0,290.0,300.0,-1.96,50060.0,699.0,455.0
CFCL,7/5/2022,294.0,316.0,290.0,290.1,-3.3,36054.0,699.0,455.0
CFCL,7/6/2022,295.0,306.0,278.4,301.1,3.79,28068.0,699.0,455.0
CFCL,7/7/2022,307.1,318.0,295.0,295.5,-1.86,21151.0,699.0,455.0
CFCL,7/8/2022,289.6,295.0,285.0,285.1,-3.52,7883.0,699.0,455.0
CFCL,7/11/2022,279.5,280.0,266.6,266.6,-6.49,22722.0,699.0,455.0
CFCL,7/12/2022,261.3,280.0,261.3,279.0,4.65,15561.0,699.0,455.0
CFCL,7/13/2022,284.0,306.0,273.5,299.4,7.31,18638.0,699.0,455.0
CFCL,7/14/2022,302.0,308.0,295.1,303.0,1.2,29229.0,699.0,455.0
CFCL,7/15/2022,297.0,309.0,292.0,302.0,-0.33,8151.0,699.0,455.0
CFCL,7/17/2022,300.0,306.1,290.0,295.3,-2.22,11099.0,699.0,455.0
CFCL,7/18/2022,290.0,304.7,290.0,303.0,2.61,11643.0,699.0,455.0
CFCL,7/19/2022,297.0,319.9,297.0,311.0,2.64,29645.0,699.0,455.0
CFCL,7/20/2022,306.1,326.0,306.0,316.0,1.61,26736.0,699.0,455.0
CFCL,7/21/2022,316.0,337.9,311.6,326.0,3.16,60080.0,699.0,455.0
CFCL,7/22/2022,332.0,345.0,319.0,335.0,2.76,57420.0,699.0,455.0
CFCL,7/24/2022,328.3,368.5,328.3,368.5,10.0,80921.0,699.0,455.0
CFCL,7/25/2022,375.0,401.8,375.0,392.0,6.38,72459.0,699.0,455.0
CFCL,7/26/2022,399.0,399.0,373.0,379.0,-3.32,88096.0,699.0,455.0
CFCL,7/27/2022,372.0,390.0,363.0,385.0,1.58,59137.0,699.0,455.0
CFCL,7/28/2022,380.0,402.0,377.3,385.0,0.0,91702.0,699.0,455.0
CFCL,7/29/2022,392.0,392.0,382.0,389.6,1.19,18151.0,699.0,455.0
CFCL,7/31/2022,395.0,399.8,384.0,387.9,-0.44,54666.0,699.0,455.0
CFCL,8/1/2022,395.0,396.0,377.0,392.0,1.06,78953.0,699.0,455.0
CFCL,8/2/2022,399.0,401.0,387.1,397.0,1.28,41293.0,699.0,455.0
CFCL,8/3/2022,404.0,408.0,397.0,398.0,0.25,50128.0,699.0,455.0
CFCL,8/4/2022,405.0,405.0,380.1,381.0,-4.27,49725.0,699.0,455.0
CFCL,8/5/2022,385.0,385.0,365.0,371.0,-2.62,25999.0,699.0,455.0
CFCL,8/7/2022,375.0,385.0,364.0,376.0,1.35,22303.0,699.0,455.0
CFCL,8/8/2022,383.0,383.4,360.0,366.0,-2.66,33866.0,699.0,455.0
CFCL,8/9/2022,371.0,373.3,345.0,346.0,-5.46,32740.0,699.0,455.0
CFCL,8/10/2022,350.0,352.0,338.0,340.0,-1.73,25410.0,699.0,455.0
CFCL,8/11/2022,335.5,348.0,329.0,334.9,-1.5,12132.0,699.0,455.0
CFCL,8/14/2022,329.0,339.0,316.6,320.0,-4.45,16112.0,699.0,455.0
CFCL,8/15/2022,313.6,350.5,313.6,350.5,9.53,36832.0,699.0,455.0
CFCL,8/16/2022,357.5,372.9,345.0,347.0,-1.0,68893.0,699.0,455.0
CFCL,8/17/2022,347.0,361.0,340.1,349.1,0.61,21412.0,699.0,455.0
CFCL,8/18/2022,343.0,369.0,343.0,368.0,5.41,25212.0,699.0,455.0
CFCL,8/21/2022,363.1,379.4,356.2,360.0,-2.17,21702.0,699.0,455.0
CFCL,8/22/2022,355.0,362.0,351.0,355.0,-1.39,17637.0,699.0,455.0
CFCL,8/23/2022,348.0,359.5,348.0,353.1,-0.54,8160.0,699.0,455.0
CFCL,8/24/2022,348.1,368.0,348.1,356.0,0.82,9836.0,699.0,455.0
CFCL,8/25/2022,361.9,362.0,342.0,347.0,-2.53,13025.0,699.0,455.0
CFCL,8/26/2022,345.0,350.8,336.0,345.0,-0.58,16359.0,699.0,455.0
CFCL,8/28/2022,338.2,344.9,328.0,330.0,-4.35,35743.0,699.0,455.0
CFCL,8/29/2022,326.0,344.0,325.2,334.0,1.21,29307.0,699.0,455.0
CFCL,8/30/2022,332.0,340.9,332.0,334.0,0.0,17946.0,699.0,455.0
CFCL,8/31/2022,330.0,333.6,325.0,325.0,-2.69,10235.0,699.0,455.0
CFCL,9/1/2022,328.0,338.0,323.0,331.0,1.85,15147.0,699.0,455.0
CFCL,9/2/2022,325.0,338.1,325.0,331.0,0.0,13244.0,699.0,455.0
CFCL,9/4/2022,334.0,339.2,331.3,332.0,0.3,9852.0,699.0,455.0
CFCL,9/5/2022,338.6,345.0,330.0,333.0,0.3,7882.0,699.0,455.0
CFCL,9/6/2022,338.0,338.0,321.0,325.9,-2.13,11085.0,699.0,455.0
CFCL,9/7/2022,332.0,332.0,319.0,319.0,-2.12,9910.0,699.0,455.0
CFCL,9/8/2022,325.3,330.0,319.0,324.9,1.85,20485.0,699.0,455.0
CFCL,9/11/2022,331.2,331.2,320.0,323.9,-0.31,4463.0,699.0,455.0
CFCL,9/12/2022,329.0,329.0,317.0,321.9,-0.62,11317.0,699.0,455.0
CFCL,9/13/2022,325.7,330.0,323.0,324.0,0.65,12874.0,699.0,455.0
CFCL,9/14/2022,330.0,345.0,329.0,345.0,6.48,24884.0,699.0,455.0
CFCL,9/15/2022,347.9,349.0,322.0,326.0,-5.51,32098.0,699.0,455.0
CFCL,9/16/2022,321.0,325.0,314.6,320.1,-1.81,12680.0,699.0,455.0
CFCL,9/18/2022,326.0,326.0,309.5,309.5,-3.31,15000.0,699.0,455.0
CFCL,9/20/2022,305.5,307.0,295.1,298.8,-3.46,19947.0,699.0,455.0
CFCL,9/21/2022,304.7,310.0,301.5,306.8,2.68,11703.0,699.0,455.0
CFCL,9/22/2022,306.0,312.0,295.0,295.0,-3.85,8662.0,699.0,455.0
CFCL,9/25/2022,300.0,300.0,290.0,290.0,-1.69,11050.0,699.0,455.0
CFCL,9/27/2022,295.5,303.0,293.0,295.0,1.72,5319.0,699.0,455.0
CFCL,9/28/2022,300.0,300.0,285.0,293.5,-0.51,6770.0,699.0,455.0
CFCL,9/29/2022,298.0,298.0,289.5,296.0,0.85,7948.0,699.0,455.0
CFCL,10/9/2022,300.0,307.7,300.0,305.0,3.04,8366.0,699.0,455.0
CFCL,10/10/2022,306.1,309.0,293.0,298.9,-2.0,11771.0,699.0,455.0
CFCL,10/11/2022,300.0,300.0,290.0,299.8,0.3,8484.0,699.0,455.0
CFCL,10/12/2022,296.0,316.0,294.0,309.9,3.37,13096.0,699.0,455.0
CFCL,10/13/2022,304.5,317.9,304.5,315.2,1.71,17534.0,699.0,455.0
CFCL,10/16/2022,310.3,317.0,305.1,308.0,-2.28,10666.0,699.0,455.0
CFCL,10/17/2022,304.2,312.0,299.1,305.0,-0.97,12087.0,699.0,455.0
CFCL,10/19/2022,302.0,302.0,292.0,298.0,-2.3,11044.0,699.0,455.0
CFCL,10/20/2022,292.2,301.5,290.8,296.5,-0.5,7438.0,699.0,455.0
CFCL,10/23/2022,300.0,300.0,293.0,296.0,-0.17,5118.0,699.0,455.0
CFCL,10/31/2022,295.0,311.0,295.0,310.0,4.73,16068.0,699.0,455.0
CFCL,11/1/2022,310.0,328.0,310.0,327.7,5.71,23995.0,699.0,455.0
CFCL,11/2/2022,327.8,335.0,321.2,327.6,-0.03,22599.0,699.0,455.0
CFCL,11/3/2022,322.0,338.0,321.5,326.9,-0.21,18441.0,699.0,455.0
CFCL,11/6/2022,325.0,339.0,320.0,335.5,2.63,28311.0,699.0,455.0
CFCL,11/7/2022,340.0,341.9,324.5,325.1,-3.1,34778.0,699.0,455.0
CFCL,11/8/2022,327.0,335.0,319.0,328.0,0.89,12006.0,699.0,455.0
CFCL,11/9/2022,334.5,334.5,305.1,315.0,-3.96,30853.0,699.0,455.0
CFCL,11/10/2022,320.0,320.0,301.9,306.9,-2.57,28913.0,699.0,455.0
CFCL,11/13/2022,300.8,308.9,300.0,306.1,-0.26,7317.0,699.0,455.0
CFCL,11/14/2022,306.0,318.4,304.0,309.0,0.95,8163.0,699.0,455.0
CFCL,11/15/2022,315.0,316.0,302.0,305.0,-1.29,12095.0,699.0,455.0
CFCL,11/16/2022,311.0,316.0,300.0,312.0,2.3,12563.0,699.0,455.0
CFCL,11/17/2022,317.9,322.0,315.0,320.0,2.56,16166.0,699.0,455.0
CFCL,11/22/2022,326.0,332.0,310.1,318.0,-0.62,11426.0,699.0,455.0
CFCL,11/23/2022,312.1,317.9,312.0,315.5,-0.79,5954.0,699.0,455.0
CFCL,11/24/2022,312.0,317.0,312.0,313.1,-0.76,4398.0,699.0,455.0
CFCL,11/27/2022,309.0,322.5,309.0,322.5,3.0,11664.0,699.0,455.0
CFCL,11/28/2022,325.0,325.0,311.7,314.0,-2.64,16056.0,699.0,455.0
CFCL,11/29/2022,318.0,321.0,311.8,316.1,0.67,8484.0,699.0,455.0
CFCL,11/30/2022,310.0,322.4,310.0,314.0,-0.66,4060.0,699.0,455.0
CFCL,12/1/2022,315.0,318.0,311.0,318.0,1.27,5400.0,699.0,455.0
CFCL,12/4/2022,318.0,318.0,310.0,316.5,-0.47,9756.0,699.0,455.0
CFCL,12/5/2022,312.0,316.0,304.5,306.0,-3.32,10008.0,699.0,455.0
CFCL,12/6/2022,305.0,310.0,304.0,305.0,-0.33,5725.0,699.0,455.0
CFCL,12/7/2022,302.0,310.0,300.0,300.0,-1.64,8257.0,699.0,455.0
CFCL,12/11/2022,298.0,305.0,296.1,305.0,1.67,7826.0,699.0,455.0
CFCL,12/12/2022,305.0,308.5,301.0,306.0,0.33,2852.0,699.0,455.0
CFCL,12/13/2022,301.5,306.0,297.0,300.0,-1.96,7106.0,699.0,455.0
CFCL,12/14/2022,304.0,310.0,300.0,305.8,1.93,3115.0,699.0,455.0
CFCL,12/15/2022,300.5,301.0,299.0,299.0,-2.22,8671.0,699.0,455.0
CFCL,12/18/2022,295.0,295.0,288.5,289.0,-3.34,10300.0,699.0,455.0
CFCL,12/19/2022,293.5,299.8,290.0,290.0,0.35,3187.0,699.0,455.0
CFCL,12/20/2022,295.0,301.0,292.0,295.0,1.72,3527.0,699.0,455.0
CFCL,12/21/2022,292.0,295.0,292.0,293.0,-0.68,510.0,699.0,455.0
CFCL,12/28/2022,298.8,322.3,298.8,322.3,10.0,52007.0,699.0,455.0
CFCL,12/29/2022,325.0,339.5,320.0,337.0,4.56,31658.0,699.0,455.0
CFCL,1/1/2023,338.0,347.8,326.0,332.5,-1.34,28452.0,699.0,455.0
CFCL,1/2/2023,326.0,343.0,325.9,335.0,0.75,31097.0,699.0,455.0
CFCL,1/3/2023,331.0,336.9,324.0,325.0,-2.99,29767.0,699.0,455.0
CFCL,1/4/2023,331.5,357.5,326.9,357.0,9.85,42190.0,699.0,455.0
CFCL,1/5/2023,359.0,373.9,342.0,370.0,3.64,67033.0,699.0,455.0
CFCL,1/8/2023,374.0,377.0,355.5,370.0,0.0,64192.0,699.0,455.0
CFCL,1/9/2023,365.0,381.0,365.0,375.9,1.59,49814.0,699.0,455.0
CFCL,1/10/2023,383.4,390.0,355.6,361.0,-3.96,68339.0,699.0,455.0
CFCL,1/12/2023,368.2,375.6,344.2,346.0,-4.16,39521.0,699.0,455.0
CFCL,1/17/2023,340.0,367.0,340.0,365.0,5.49,24839.0,699.0,455.0
CFCL,1/18/2023,370.0,377.4,355.0,358.0,-1.92,42601.0,699.0,455.0
CFCL,1/19/2023,351.0,361.0,351.0,360.0,0.56,16054.0,699.0,455.0
CFCL,1/23/2023,360.0,367.0,353.0,354.0,-1.67,17121.0,699.0,455.0
CFCL,1/24/2023,351.0,371.8,345.3,369.0,4.24,36612.0,699.0,455.0
CFCL,1/25/2023,361.7,369.0,354.8,358.1,-2.95,42538.0,699.0,455.0
CFCL,1/26/2023,352.0,359.0,348.0,350.0,-2.26,23210.0,699.0,455.0
CFCL,1/29/2023,345.0,350.2,338.1,341.0,-2.57,20107.0,699.0,455.0
CFCL,1/30/2023,341.0,341.7,325.0,329.0,-3.52,24324.0,699.0,455.0
CFCL,1/31/2023,325.1,335.0,325.0,328.9,-0.03,19952.0,699.0,455.0
CFCL,2/1/2023,335.0,336.9,325.0,335.0,1.85,8975.0,699.0,455.0
CFCL,2/2/2023,341.7,347.9,323.7,326.9,-2.42,13414.0,699.0,455.0
CFCL,2/5/2023,326.9,339.4,321.0,328.0,0.34,10322.0,699.0,455.0
CFCL,2/6/2023,334.5,335.9,326.2,332.5,1.37,5754.0,699.0,455.0
CFCL,2/7/2023,339.1,359.0,336.0,359.0,7.97,37082.0,699.0,455.0
CFCL,2/8/2023,366.1,366.1,347.0,349.0,-2.79,29696.0,699.0,455.0
CFCL,2/9/2023,355.9,363.0,343.0,353.0,1.15,18292.0,699.0,455.0
CFCL,2/12/2023,346.0,350.0,332.0,336.0,-4.82,20310.0,699.0,455.0
CFCL,2/14/2023,336.0,342.7,331.8,335.0,-0.3,6797.0,699.0,455.0
CFCL,2/15/2023,340.0,340.0,327.0,330.0,-1.49,11322.0,699.0,455.0
CFCL,2/16/2023,336.0,336.0,321.5,326.0,-1.21,11872.0,699.0,455.0
CFCL,2/20/2023,330.0,330.0,322.0,323.0,-0.92,4402.0,699.0,455.0
CFCL,2/22/2023,323.0,335.5,323.0,334.0,3.41,3972.0,699.0,455.0
CFCL,2/23/2023,340.0,340.0,319.0,321.0,-3.89,11791.0,699.0,455.0
CFCL,2/26/2023,325.0,335.0,310.0,329.9,2.77,11508.0,699.0,455.0
CFCL,2/27/2023,329.9,336.3,311.1,323.0,-2.09,11506.0,699.0,455.0
CFCL,2/28/2023,329.4,335.0,318.7,323.0,0.0,5110.0,699.0,455.0
CFCL,3/1/2023,329.4,329.4,318.2,318.4,-1.42,5366.0,699.0,455.0
CFCL,3/2/2023,315.0,321.0,311.0,315.0,-1.07,7605.0,699.0,455.0
CFCL,3/5/2023,310.0,315.0,305.0,311.0,-1.27,6315.0,699.0,455.0
CFCL,3/7/2023,306.0,322.0,306.0,314.1,1.0,4995.0,699.0,455.0
CFCL,3/9/2023,320.3,330.0,317.5,326.0,3.79,15702.0,699.0,455.0
CFCL,3/12/2023,327.0,332.4,317.0,317.1,-2.73,7964.0,699.0,455.0
CFCL,3/13/2023,322.8,322.8,310.3,314.0,-0.98,7575.0,699.0,455.0
CFCL,3/14/2023,320.2,320.2,315.0,318.0,1.27,3399.0,699.0,455.0
CFCL,3/15/2023,313.0,317.0,312.0,313.2,-1.51,3563.0,699.0,455.0
CFCL,3/16/2023,319.3,319.3,311.4,313.0,-0.06,3363.0,699.0,455.0
CFCL,3/19/2023,319.0,320.0,311.2,314.5,0.48,5095.0,699.0,455.0
CFCL,3/20/2023,319.0,322.0,315.0,321.0,2.07,1571.0,699.0,455.0
CFCL,3/22/2023,321.0,323.0,311.0,315.0,-1.87,9130.0,699.0,455.0
CFCL,3/23/2023,309.0,317.0,308.0,313.9,-0.35,6621.0,699.0,455.0
CFCL,3/26/2023,319.4,319.4,305.0,309.0,-1.56,4317.0,699.0,455.0
CFCL,3/27/2023,315.0,321.0,302.1,315.0,1.94,6492.0,699.0,455.0
CFCL,3/28/2023,312.0,321.3,312.0,312.0,-0.95,7617.0,699.0,455.0
CFCL,3/29/2023,312.0,314.0,307.9,313.0,0.32,2457.0,699.0,455.0
CFCL,3/30/2023,310.0,319.0,309.0,310.0,-0.96,5706.0,699.0,455.0
CFCL,4/2/2023,310.0,316.2,302.0,302.2,-2.52,8298.0,699.0,455.0
CFCL,4/3/2023,302.2,307.0,297.0,300.0,-0.73,4760.0,699.0,455.0
CFCL,4/4/2023,300.0,307.0,299.0,300.0,0.0,4459.0,699.0,455.0
CFCL,4/5/2023,300.1,306.0,296.0,304.0,1.33,2092.0,699.0,455.0
CFCL,4/6/2023,309.5,309.5,298.0,300.0,-1.32,5897.0,699.0,455.0
CFCL,4/9/2023,294.0,298.0,290.1,294.5,-1.83,5706.0,699.0,455.0
CFCL,4/10/2023,300.0,304.9,287.0,295.3,0.27,6836.0,699.0,455.0
CFCL,4/11/2023,295.0,304.9,295.0,300.0,1.59,7440.0,699.0,455.0
CFCL,4/12/2023,305.0,326.0,305.0,325.0,8.33,17738.0,699.0,455.0
CFCL,4/13/2023,322.1,330.8,318.0,319.0,-1.85,11597.0,699.0,455.0
CFCL,4/16/2023,324.0,325.0,315.0,317.0,-0.63,6314.0,699.0,455.0
CFCL,4/17/2023,311.0,317.2,305.0,309.0,-2.52,5206.0,699.0,455.0
CFCL,4/18/2023,304.0,310.0,301.0,304.0,-1.62,5413.0,699.0,455.0
CFCL,4/19/2023,306.0,311.0,305.0,310.9,2.27,2641.0,699.0,455.0
CFCL,4/20/2023,311.0,311.9,302.0,305.0,-1.9,2643.0,699.0,455.0
CFCL,4/23/2023,302.0,307.0,297.1,297.1,-2.59,2966.0,699.0,455.0
CFCL,4/24/2023,302.0,305.0,297.1,299.0,0.64,4254.0,699.0,455.0
CFCL,4/25/2023,304.8,307.0,295.1,307.0,2.68,4263.0,699.0,455.0
CFCL,4/26/2023,309.9,310.0,298.0,300.0,-2.28,2303.0,699.0,455.0
CFCL,4/27/2023,297.0,303.0,297.0,300.0,0.0,2060.0,699.0,455.0
CFCL,4/30/2023,295.0,298.0,295.0,297.0,-1.0,3890.0,699.0,455.0
CFCL,5/2/2023,302.9,315.0,292.1,295.0,-0.67,4851.0,699.0,455.0
CFCL,5/3/2023,299.9,300.0,291.0,293.0,-0.68,3330.0,699.0,455.0
CFCL,5/4/2023,298.8,298.8,290.0,295.0,0.68,1560.0,699.0,455.0
CFCL,5/7/2023,291.0,293.0,290.0,290.4,-1.56,2233.0,699.0,455.0
CFCL,5/8/2023,288.8,294.0,285.0,285.0,-1.86,4001.0,699.0,455.0
CFCL,5/9/2023,285.0,299.9,285.0,288.1,1.09,2418.0,699.0,455.0
CFCL,5/10/2023,289.0,292.9,288.8,288.8,0.24,2064.0,699.0,455.0
CFCL,5/11/2023,288.1,290.0,285.1,289.7,0.31,2146.0,699.0,455.0
CFCL,5/14/2023,288.9,289.0,285.0,286.0,-1.28,1400.0,699.0,455.0
CFCL,5/15/2023,281.0,287.0,276.5,281.5,-1.57,5054.0,699.0,455.0
CFCL,5/16/2023,281.0,286.6,280.0,281.1,-0.14,913.0,699.0,455.0
CFCL,5/17/2023,275.5,294.0,275.5,293.0,4.23,2958.0,699.0,455.0
CFCL,5/18/2023,298.0,308.0,293.1,300.0,2.39,10801.0,699.0,455.0
CFCL,5/21/2023,306.0,309.8,296.1,296.1,-1.3,6069.0,699.0,455.0
CFCL,5/22/2023,302.0,305.0,292.1,300.0,1.32,6550.0,699.0,455.0
CFCL,5/23/2023,305.8,313.0,305.8,310.0,3.33,9791.0,699.0,455.0
CFCL,5/24/2023,316.0,316.0,309.0,312.0,0.65,3679.0,699.0,455.0
CFCL,5/28/2023,312.0,315.0,301.0,308.0,-1.28,16383.0,699.0,455.0
CFCL,5/30/2023,303.8,306.0,294.1,295.0,-4.22,10465.0,699.0,455.0
CFCL,5/31/2023,293.0,303.0,285.0,287.0,-2.71,15075.0,699.0,455.0
CFCL,6/1/2023,287.0,293.9,282.0,288.0,0.35,7828.0,699.0,455.0
CFCL,6/4/2023,293.7,305.0,293.7,298.1,3.51,4488.0,699.0,455.0
CFCL,6/5/2023,303.2,306.0,290.1,290.1,-2.68,7895.0,699.0,455.0
CFCL,6/6/2023,295.9,301.0,290.0,299.0,3.07,15624.0,699.0,455.0
CFCL,6/7/2023,304.0,305.0,297.0,300.0,0.33,12539.0,699.0,455.0
CFCL,6/8/2023,304.9,309.0,300.0,306.0,2.0,14042.0,699.0,455.0
CFCL,6/11/2023,310.7,327.0,310.7,324.0,5.88,37817.0,699.0,455.0
CFCL,6/12/2023,326.9,327.0,315.0,318.0,-1.85,22426.0,699.0,455.0
CFCL,6/13/2023,313.0,331.9,311.1,325.0,2.2,21245.0,699.0,455.0
CFCL,6/14/2023,331.0,337.5,318.5,323.0,-0.62,30883.0,699.0,455.0
CFCL,6/15/2023,321.0,327.0,319.0,320.0,-0.93,17249.0,699.0,455.0
CFCL,6/18/2023,325.0,333.0,322.2,324.0,1.25,24674.0,699.0,455.0
CFCL,6/19/2023,329.9,356.4,329.9,356.4,10.0,97910.0,699.0,455.0
CFCL,6/20/2023,351.0,361.9,335.0,340.0,-4.6,37187.0,699.0,455.0
CFCL,6/21/2023,340.0,346.0,329.0,336.0,-1.18,20696.0,699.0,455.0
CFCL,6/22/2023,340.0,346.0,335.0,338.0,0.6,24368.0,699.0,455.0
CFCL,6/25/2023,344.5,356.7,344.0,354.9,5.0,32263.0,699.0,455.0
CFCL,6/26/2023,357.6,374.9,351.0,372.4,4.93,76912.0,699.0,455.0
CFCL,6/27/2023,374.0,402.1,367.0,401.0,7.68,117531.0,699.0,455.0
CFCL,6/28/2023,408.0,408.0,384.0,385.0,-3.99,63867.0,699.0,455.0
CFCL,7/2/2023,378.0,390.0,368.0,369.9,-3.92,80536.0,699.0,455.0
CFCL,7/3/2023,363.2,380.4,363.0,365.2,-1.27,41846.0,699.0,455.0
CFCL,7/4/2023,372.5,379.0,366.0,379.0,3.78,21214.0,699.0,455.0
CFCL,7/5/2023,379.0,390.0,371.0,371.1,-2.08,31803.0,699.0,455.0
CFCL,7/6/2023,365.2,377.0,365.0,365.1,-1.62,15686.0,699.0,455.0
CFCL,7/9/2023,372.4,387.3,372.1,377.0,3.26,26560.0,699.0,455.0
CFCL,7/10/2023,383.0,397.5,381.0,395.0,4.77,81048.0,699.0,455.0
CFCL,7/11/2023,396.0,423.0,389.1,415.0,5.06,83599.0,699.0,455.0
CFCL,7/12/2023,409.0,416.0,400.0,403.0,-2.89,46504.0,699.0,455.0
CFCL,7/13/2023,403.1,406.0,390.0,392.0,-2.73,53721.0,699.0,455.0
CFCL,7/16/2023,392.0,397.9,390.0,393.0,0.26,11838.0,699.0,455.0
CFCL,7/17/2023,391.0,410.0,391.0,406.5,3.44,22573.0,699.0,455.0
CFCL,7/18/2023,412.9,412.9,399.9,400.0,-1.6,36068.0,699.0,455.0
CFCL,7/19/2023,400.0,406.0,395.0,396.2,-0.95,16221.0,699.0,455.0
CFCL,7/20/2023,403.2,403.2,391.0,394.0,-0.56,17179.0,699.0,455.0
CFCL,7/23/2023,388.0,409.5,388.0,399.0,1.27,24341.0,699.0,455.0
CFCL,7/24/2023,401.0,405.0,387.0,390.0,-2.26,16965.0,699.0,455.0
CFCL,7/25/2023,385.0,392.0,380.0,380.0,-2.56,18010.0,699.0,455.0
CFCL,7/26/2023,375.2,388.0,375.2,380.0,0.0,18253.0,699.0,455.0
CFCL,7/27/2023,387.5,387.5,373.6,377.0,-0.79,20725.0,699.0,455.0
CFCL,7/30/2023,383.0,383.0,368.1,368.5,-2.25,15449.0,699.0,455.0
CFCL,7/31/2023,372.0,387.0,368.3,377.0,2.31,11849.0,699.0,455.0
CFCL,8/1/2023,384.0,384.0,359.0,363.5,-3.58,9422.0,699.0,455.0
CFCL,8/2/2023,368.0,375.0,357.0,375.0,3.16,22209.0,699.0,455.0
CFCL,8/3/2023,382.5,382.5,369.6,375.0,0.0,7404.0,699.0,455.0
CFCL,8/6/2023,382.5,382.5,348.0,354.9,-5.36,18103.0,699.0,455.0
CFCL,8/7/2023,361.9,361.9,345.1,350.0,-1.38,15131.0,699.0,455.0
CFCL,8/8/2023,357.0,357.0,337.4,343.9,-1.74,7387.0,699.0,455.0
CFCL,8/9/2023,337.5,356.0,337.0,355.0,3.23,12702.0,699.0,455.0
CFCL,8/10/2023,350.0,362.0,345.0,350.0,-1.41,8129.0,699.0,455.0
CFCL,8/13/2023,355.0,357.0,343.1,348.0,-0.57,12246.0,699.0,455.0
CFCL,8/14/2023,354.9,356.0,343.0,343.9,-1.18,7682.0,699.0,455.0
CFCL,8/15/2023,340.0,347.8,335.0,335.0,-2.59,8610.0,699.0,455.0
CFCL,8/16/2023,338.0,343.0,324.0,330.0,-1.49,15584.0,699.0,455.0
CFCL,8/17/2023,330.0,342.0,330.0,334.0,1.21,8389.0,699.0,455.0
CFCL,8/20/2023,327.5,353.6,327.4,328.0,-1.8,2679.0,699.0,455.0
CFCL,8/21/2023,334.5,338.9,323.0,328.0,0.0,9372.0,699.0,455.0
CFCL,8/22/2023,323.8,339.0,323.8,339.0,3.35,5964.0,699.0,455.0
CFCL,8/23/2023,344.5,344.5,337.7,344.0,1.47,9648.0,699.0,455.0
CFCL,8/24/2023,339.0,344.7,330.2,332.0,-3.49,7185.0,699.0,455.0
CFCL,8/27/2023,330.0,336.6,326.0,329.9,-0.63,4290.0,699.0,455.0
CFCL,8/28/2023,335.0,336.0,323.4,332.9,0.91,2824.0,699.0,455.0
CFCL,8/29/2023,338.5,339.0,328.0,328.0,-1.47,5209.0,699.0,455.0
CFCL,8/30/2023,334.0,334.0,324.1,324.1,-1.19,3351.0,699.0,455.0
CFCL,9/3/2023,323.0,324.0,317.7,318.3,-1.79,7781.0,699.0,455.0
CFCL,9/4/2023,321.2,322.0,313.1,321.0,0.85,8693.0,699.0,455.0
CFCL,9/5/2023,320.0,321.4,315.0,315.0,-1.87,4593.0,699.0,455.0
CFCL,9/7/2023,313.0,319.0,305.0,310.8,-1.33,7170.0,699.0,455.0
CFCL,9/10/2023,311.0,316.2,307.0,313.0,0.71,7466.0,699.0,455.0
CFCL,9/11/2023,318.9,335.0,313.0,333.0,6.39,19666.0,699.0,455.0
CFCL,9/12/2023,326.4,332.0,321.0,327.0,-1.8,6609.0,699.0,455.0
CFCL,9/13/2023,328.0,345.0,327.0,344.0,5.2,15517.0,699.0,455.0
CFCL,9/17/2023,340.0,340.0,325.0,327.0,-4.94,17279.0,699.0,455.0
CFCL,9/18/2023,326.0,333.0,322.0,326.0,-0.31,4250.0,699.0,455.0
CFCL,9/19/2023,332.0,338.0,325.5,338.0,3.68,2492.0,699.0,455.0
CFCL,9/21/2023,344.7,360.0,344.0,357.0,5.62,21051.0,699.0,455.0
CFCL,9/24/2023,355.0,359.0,345.0,347.0,-2.8,11407.0,699.0,455.0
CFCL,9/25/2023,341.1,354.0,341.0,347.0,0.0,11612.0,699.0,455.0
CFCL,9/26/2023,348.0,361.7,348.0,358.0,3.17,7213.0,699.0,455.0
CFCL,9/27/2023,351.0,353.0,345.0,345.0,-3.63,8429.0,699.0,455.0
CFCL,10/1/2023,338.2,340.0,331.7,333.0,-3.48,7463.0,699.0,455.0
CFCL,10/2/2023,332.7,347.0,330.0,340.0,2.1,8992.0,699.0,455.0
CFCL,10/3/2023,342.5,343.0,330.0,331.0,-2.65,6340.0,699.0,455.0
CFCL,10/4/2023,337.6,344.0,336.0,336.0,1.51,1142.0,699.0,455.0
CFCL,10/5/2023,342.5,342.5,330.4,334.0,-0.6,5850.0,699.0,455.0
CFCL,10/8/2023,328.0,334.5,325.2,326.0,-2.4,6208.0,699.0,455.0
CFCL,10/9/2023,324.0,332.0,320.0,322.0,-1.23,7954.0,699.0,455.0
CFCL,10/10/2023,320.0,326.0,299.9,311.9,-3.14,17922.0,699.0,455.0
CFCL,10/11/2023,316.9,327.0,313.0,313.1,0.38,8534.0,699.0,455.0
CFCL,10/12/2023,313.0,316.0,306.0,309.9,-1.02,22484.0,699.0,455.0
CFCL,10/16/2023,305.0,310.0,304.0,308.0,-0.61,12626.0,699.0,455.0
CFCL,10/17/2023,314.1,326.0,311.0,312.0,1.3,7297.0,699.0,455.0
CFCL,10/18/2023,317.9,326.0,317.0,321.0,2.88,3788.0,699.0,455.0
CFCL,10/19/2023,315.0,326.3,310.1,316.3,-1.46,1774.0,699.0,455.0
CFCL,10/29/2023,310.0,310.0,303.0,308.0,-2.62,12693.0,699.0,455.0
CFCL,10/30/2023,306.0,317.0,305.0,313.2,1.69,4667.0,699.0,455.0
CFCL,10/31/2023,312.0,313.0,309.2,310.9,-0.73,1989.0,699.0,455.0
CFCL,11/1/2023,316.7,320.0,309.0,312.0,0.35,2516.0,699.0,455.0
CFCL,11/2/2023,306.2,312.0,306.2,307.0,-1.6,4308.0,699.0,455.0
CFCL,11/5/2023,306.0,307.0,300.3,307.0,0.0,8009.0,699.0,455.0
CFCL,11/6/2023,308.0,312.0,303.0,306.0,-0.33,8041.0,699.0,455.0
CFCL,11/7/2023,308.8,312.0,307.0,307.0,0.33,2060.0,699.0,455.0
CFCL,11/8/2023,308.6,309.0,307.1,308.0,0.33,1766.0,699.0,455.0
CFCL,11/9/2023,308.0,309.9,303.0,307.0,-0.32,4558.0,699.0,455.0
CFCL,11/20/2023,313.1,313.1,304.0,309.0,0.65,12031.0,699.0,455.0
CFCL,11/21/2023,305.0,311.0,298.0,299.0,-3.24,9628.0,699.0,455.0
CFCL,11/22/2023,304.0,306.0,301.6,306.0,2.34,2302.0,699.0,455.0
CFCL,11/23/2023,301.1,321.3,300.0,320.2,4.64,15574.0,699.0,455.0
CFCL,11/26/2023,324.0,328.0,315.5,325.0,1.5,12403.0,699.0,455.0
CFCL,11/27/2023,328.0,331.5,316.0,328.0,0.92,15153.0,699.0,455.0
CFCL,11/28/2023,334.0,334.0,321.5,325.0,-0.91,5354.0,699.0,455.0
CFCL,11/29/2023,331.0,331.0,318.9,319.0,-1.85,2374.0,699.0,455.0
CFCL,11/30/2023,320.0,322.9,309.0,309.0,-3.13,4905.0,699.0,455.0
CFCL,12/3/2023,305.1,312.0,305.1,307.5,-0.49,2269.0,699.0,455.0
CFCL,12/4/2023,306.0,319.6,306.0,316.9,3.06,2075.0,699.0,455.0
CFCL,12/5/2023,322.5,322.5,308.0,313.0,-1.23,3455.0,699.0,455.0
CFCL,12/6/2023,309.0,315.0,309.0,313.0,0.0,1154.0,699.0,455.0
CFCL,12/7/2023,313.0,320.0,313.0,315.2,0.7,5182.0,699.0,455.0
CFCL,12/10/2023,321.5,340.6,321.5,340.6,8.06,460.0,699.0,455.0
CFCL,12/11/2023,347.4,347.4,328.4,339.0,-0.47,25395.0,699.0,455.0
CFCL,12/12/2023,339.0,358.7,338.1,353.0,4.13,14385.0,699.0,455.0
CFCL,12/13/2023,360.0,365.0,343.0,343.0,-2.83,31473.0,699.0,455.0
CFCL,12/14/2023,349.8,355.0,344.5,352.0,2.62,9652.0,699.0,455.0
CFCL,12/17/2023,345.0,361.0,344.0,359.9,2.24,22256.0,699.0,455.0
CFCL,12/18/2023,360.0,374.2,358.8,366.0,1.69,36817.0,699.0,455.0
CFCL,12/19/2023,370.0,373.0,355.0,364.0,-0.55,14322.0,699.0,455.0
CFCL,12/20/2023,370.0,376.9,362.0,367.0,0.82,23557.0,699.0,455.0
CFCL,12/21/2023,374.3,374.3,347.0,356.0,-3.0,17751.0,699.0,455.0
CFCL,12/24/2023,363.1,363.1,337.0,343.0,-3.65,15683.0,699.0,455.0
CFCL,12/27/2023,349.0,349.8,334.0,341.5,-0.44,11665.0,699.0,455.0
CFCL,12/28/2023,340.0,354.0,338.5,340.0,-0.44,19142.0,699.0,455.0
CFCL,1/1/2024,345.0,353.4,334.2,337.0,-0.88,10477.0,699.0,455.0
CFCL,1/2/2024,339.0,339.3,330.0,335.0,-0.59,10458.0,699.0,455.0
CFCL,1/3/2024,329.0,339.0,328.4,338.0,0.9,9249.0,699.0,455.0
CFCL,1/4/2024,340.0,350.8,335.0,345.7,2.28,24134.0,699.0,455.0
CFCL,1/7/2024,339.0,346.0,333.0,333.0,-3.67,15724.0,699.0,455.0
CFCL,1/8/2024,339.6,352.0,332.0,347.1,4.23,18778.0,699.0,455.0
CFCL,1/9/2024,350.0,365.0,348.0,357.0,2.85,26531.0,699.0,455.0
CFCL,1/10/2024,364.1,370.0,353.0,357.9,0.25,31656.0,699.0,455.0
CFCL,1/11/2024,360.0,361.0,346.6,352.9,-1.4,10587.0,699.0,455.0
CFCL,1/14/2024,359.0,373.0,352.0,359.0,1.73,11691.0,699.0,455.0
CFCL,1/16/2024,366.0,378.0,363.0,376.0,4.74,60200.0,699.0,455.0
CFCL,1/17/2024,371.0,393.0,357.1,360.0,-4.26,63622.0,699.0,455.0
CFCL,1/18/2024,354.2,365.0,354.0,364.9,1.36,23636.0,699.0,455.0
CFCL,1/21/2024,367.0,370.0,352.8,352.9,-3.29,22267.0,699.0,455.0
CFCL,1/22/2024,350.0,359.9,339.1,340.0,-3.66,21355.0,699.0,455.0
CFCL,1/23/2024,346.8,346.8,335.1,339.0,-0.29,11591.0,699.0,455.0
CFCL,1/24/2024,345.0,350.9,340.0,342.0,0.88,10678.0,699.0,455.0
CFCL,1/25/2024,336.5,348.0,336.5,342.0,0.0,9353.0,699.0,455.0
CFCL,1/28/2024,342.0,354.9,341.7,347.8,1.7,12570.0,699.0,455.0
CFCL,1/29/2024,351.0,351.0,342.3,345.0,-0.81,6767.0,699.0,455.0
CFCL,1/30/2024,341.1,350.0,341.1,342.0,-0.87,11967.0,699.0,455.0
CFCL,1/31/2024,348.0,350.0,335.2,337.0,-1.46,11152.0,699.0,455.0
CFCL,2/1/2024,338.0,348.0,337.1,339.1,0.62,33226.0,699.0,455.0
CFCL,2/4/2024,341.0,341.0,334.3,339.0,-0.03,14517.0,699.0,455.0
CFCL,2/5/2024,335.0,345.0,335.0,337.0,-0.59,7358.0,699.0,455.0
CFCL,2/6/2024,343.7,344.0,335.0,335.6,-0.42,9838.0,699.0,455.0
CFCL,2/7/2024,340.0,341.0,336.0,338.1,0.74,9195.0,699.0,455.0
CFCL,2/8/2024,344.8,344.8,338.0,342.0,1.15,11928.0,699.0,455.0
CFCL,2/11/2024,348.8,348.8,336.0,340.1,-0.56,11403.0,699.0,455.0
CFCL,2/12/2024,336.6,350.8,336.5,346.0,1.73,8651.0,699.0,455.0
CFCL,2/13/2024,339.1,340.0,332.5,333.5,-3.61,19883.0,699.0,455.0
CFCL,2/14/2024,328.0,365.0,328.0,360.5,8.1,91723.0,699.0,455.0
CFCL,2/15/2024,367.4,367.4,345.1,349.0,-3.19,22826.0,699.0,455.0
CFCL,2/18/2024,345.0,345.0,335.7,336.0,-3.72,20699.0,699.0,455.0
CFCL,2/20/2024,342.7,342.7,333.2,337.8,0.54,14955.0,699.0,455.0
CFCL,2/21/2024,344.0,344.0,333.0,337.0,-0.24,8701.0,699.0,455.0
CFCL,2/22/2024,335.2,348.8,331.0,333.0,-1.19,27801.0,699.0,455.0
CFCL,2/25/2024,339.0,345.5,328.0,340.0,2.1,17778.0,699.0,455.0
CFCL,2/26/2024,344.0,344.0,332.1,340.8,0.24,7091.0,699.0,455.0
CFCL,2/27/2024,335.0,341.0,333.0,337.0,-1.12,8220.0,699.0,455.0
CFCL,2/28/2024,334.2,336.9,331.0,335.0,-0.59,9729.0,699.0,455.0
CFCL,2/29/2024,330.0,336.5,324.1,324.2,-3.22,13074.0,699.0,455.0
CFCL,3/3/2024,325.0,329.8,318.0,321.0,-0.99,5090.0,699.0,455.0
CFCL,3/4/2024,327.4,347.0,327.4,347.0,8.1,2730.0,699.0,455.0
CFCL,3/5/2024,347.0,347.0,327.0,327.0,-5.76,15901.0,699.0,455.0
CFCL,3/6/2024,333.0,339.2,325.1,334.0,2.14,14375.0,699.0,455.0
CFCL,3/7/2024,340.6,340.6,334.5,337.0,0.9,11957.0,699.0,455.0
CFCL,3/10/2024,337.7,345.0,337.7,343.0,1.78,16492.0,699.0,455.0
CFCL,3/12/2024,349.0,353.0,344.1,349.0,1.75,15680.0,699.0,455.0
CFCL,3/13/2024,355.9,363.0,348.0,356.0,2.01,25099.0,699.0,455.0
CFCL,3/14/2024,359.0,362.0,346.1,349.0,-1.97,14155.0,699.0,455.0
CFCL,3/17/2024,355.9,355.9,343.3,344.1,-1.4,24231.0,699.0,455.0
CFCL,3/18/2024,350.0,350.0,341.3,341.7,-0.7,11221.0,699.0,455.0
CFCL,3/19/2024,348.5,370.0,348.5,360.0,5.36,86045.0,699.0,455.0
CFCL,3/20/2024,360.0,361.0,350.0,350.2,-2.72,28411.0,699.0,455.0
CFCL,3/21/2024,350.1,370.0,350.1,359.0,2.51,64786.0,699.0,455.0
CFCL,3/25/2024,366.1,366.1,350.0,350.3,-2.42,24844.0,699.0,455.0
CFCL,3/26/2024,357.0,364.0,348.0,350.1,-0.06,13871.0,699.0,455.0
CFCL,3/27/2024,357.0,357.0,344.0,345.0,-1.46,11510.0,699.0,455.0
CFCL,3/28/2024,344.0,351.0,339.0,347.0,0.58,11858.0,699.0,455.0
CFCL,3/31/2024,353.9,353.9,340.2,341.2,-1.67,9045.0,699.0,455.0
CFCL,4/1/2024,345.9,345.9,339.0,342.0,0.23,8316.0,699.0,455.0
CFCL,4/2/2024,340.1,347.0,340.0,344.9,0.85,9601.0,699.0,455.0
CFCL,4/3/2024,344.7,344.8,338.0,338.2,-1.94,8519.0,699.0,455.0
CFCL,4/4/2024,344.0,344.0,338.1,339.2,0.3,11492.0,699.0,455.0
CFCL,4/7/2024,345.0,370.0,345.0,363.0,7.02,65815.0,699.0,455.0
CFCL,4/9/2024,370.0,391.9,365.0,386.0,6.34,169122.0,699.0,455.0
CFCL,4/10/2024,393.0,396.2,364.1,377.0,-2.33,142116.0,699.0,455.0
CFCL,4/14/2024,380.0,396.0,368.0,378.0,0.27,87878.0,699.0,455.0
CFCL,4/15/2024,371.0,390.0,370.6,370.6,-1.96,42424.0,699.0,455.0
CFCL,4/16/2024,373.0,375.0,364.2,368.0,-0.7,36266.0,699.0,455.0
CFCL,4/18/2024,364.0,372.1,361.0,361.1,-1.87,21589.0,699.0,455.0
CFCL,4/21/2024,354.0,369.0,354.0,368.5,2.05,27588.0,699.0,455.0
CFCL,4/22/2024,362.2,375.0,362.0,363.5,-1.36,18362.0,699.0,455.0
CFCL,4/24/2024,368.0,380.0,361.0,368.0,1.24,37510.0,699.0,455.0
CFCL,4/25/2024,365.5,389.2,365.5,374.0,1.63,58772.0,699.0,455.0
CFCL,4/28/2024,378.9,399.0,373.5,389.0,4.01,111952.0,699.0,455.0
CFCL,4/29/2024,396.0,415.0,382.2,408.5,5.01,126862.0,699.0,455.0
CFCL,4/30/2024,416.0,441.0,405.0,412.5,0.98,205312.0,699.0,455.0
CFCL,5/2/2024,417.0,417.0,397.1,399.0,-3.27,84771.0,699.0,455.0
CFCL,5/5/2024,400.0,402.0,385.0,386.0,-3.26,58143.0,699.0,455.0
CFCL,5/6/2024,381.0,393.0,376.0,389.0,0.78,43953.0,699.0,455.0
CFCL,5/7/2024,390.0,395.0,378.0,383.0,-1.54,21009.0,699.0,455.0
CFCL,5/8/2024,389.8,398.4,385.0,395.0,3.13,26616.0,699.0,455.0
CFCL,5/9/2024,399.9,410.0,395.0,401.0,1.52,61324.0,699.0,455.0
CFCL,5/12/2024,400.0,405.9,392.0,394.1,-1.72,22819.0,699.0,455.0
CFCL,5/13/2024,390.6,398.0,390.6,393.3,-0.2,18126.0,699.0,455.0
CFCL,5/14/2024,395.0,397.0,386.0,396.0,0.69,32692.0,699.0,455.0
CFCL,5/15/2024,396.0,402.0,386.0,394.0,-0.51,39425.0,699.0,455.0
CFCL,5/16/2024,400.0,400.0,384.0,387.0,-1.78,40779.0,699.0,455.0
CFCL,5/19/2024,394.7,394.7,377.3,388.0,0.26,78584.0,699.0,455.0
CFCL,5/20/2024,388.0,392.7,382.6,387.0,-0.26,18888.0,699.0,455.0
CFCL,5/21/2024,387.0,403.5,385.0,403.0,4.13,66294.0,699.0,455.0
CFCL,5/22/2024,398.0,405.0,392.0,395.9,-1.76,41846.0,699.0,455.0
CFCL,5/26/2024,390.1,398.8,385.0,386.6,-2.35,20038.0,699.0,455.0
CFCL,5/27/2024,394.3,394.3,383.4,387.0,0.1,17808.0,699.0,455.0
CFCL,5/29/2024,394.7,400.0,380.0,380.0,-1.81,45150.0,699.0,455.0
CFCL,5/30/2024,380.0,395.0,380.0,392.0,3.16,26068.0,699.0,455.0
CFCL,6/2/2024,395.0,414.8,391.0,410.0,4.59,138341.0,699.0,455.0
CFCL,6/3/2024,418.0,425.0,405.0,409.0,-0.24,97173.0,699.0,455.0
CFCL,6/4/2024,408.1,430.0,406.0,429.0,4.89,84514.0,699.0,455.0
CFCL,6/5/2024,425.6,440.0,421.2,425.5,-0.82,70640.0,699.0,455.0
CFCL,6/6/2024,425.5,431.8,411.0,411.8,-3.22,35949.0,699.0,455.0
CFCL,6/9/2024,412.1,420.0,410.5,412.1,0.07,52986.0,699.0,455.0
CFCL,6/10/2024,418.0,420.0,413.1,420.0,1.92,34196.0,699.0,455.0
CFCL,6/11/2024,427.9,432.0,415.0,426.0,1.43,51786.0,699.0,455.0
CFCL,6/12/2024,427.0,460.0,415.0,443.5,4.11,87922.0,699.0,455.0
CFCL,6/13/2024,442.0,474.0,442.0,445.0,0.34,146105.0,699.0,455.0
CFCL,6/16/2024,453.0,453.0,436.0,436.1,-2.0,64291.0,699.0,455.0
CFCL,6/18/2024,430.2,437.0,423.0,423.0,-3.0,35259.0,699.0,455.0
CFCL,6/19/2024,431.0,441.6,420.0,433.0,2.36,32999.0,699.0,455.0
CFCL,6/20/2024,439.9,455.0,434.0,438.0,1.15,49475.0,699.0,455.0
CFCL,6/23/2024,446.5,464.0,440.0,464.0,5.94,104469.0,699.0,455.0
CFCL,6/24/2024,473.0,480.0,451.0,476.0,2.59,111226.0,699.0,455.0
CFCL,6/25/2024,476.0,488.0,458.0,460.0,-3.36,81144.0,699.0,455.0
CFCL,6/26/2024,451.0,470.0,451.0,461.0,0.22,57217.0,699.0,455.0
CFCL,6/27/2024,464.9,465.0,452.2,455.2,-1.26,45627.0,699.0,455.0
CFCL,6/30/2024,461.0,467.0,450.0,452.0,-0.7,41886.0,699.0,455.0
CFCL,7/1/2024,454.8,464.0,449.0,459.0,1.55,49967.0,699.0,455.0
CFCL,7/2/2024,468.1,504.0,462.0,479.0,4.36,108394.0,699.0,455.0
CFCL,7/3/2024,488.5,526.9,474.0,526.9,10.0,253521.0,699.0,455.0
CFCL,7/4/2024,537.4,555.0,515.0,528.0,0.21,154024.0,699.0,455.0
CFCL,7/7/2024,520.2,535.0,510.0,510.0,-3.41,130082.0,699.0,455.0
CFCL,7/8/2024,520.2,527.5,510.5,516.0,1.18,89697.0,699.0,455.0
CFCL,7/9/2024,526.3,535.5,518.5,524.0,1.55,97167.0,699.0,455.0
CFCL,7/10/2024,525.0,533.9,522.0,527.0,0.57,69431.0,699.0,455.0
CFCL,7/11/2024,531.0,539.0,524.0,527.0,0.0,68354.0,699.0,455.0
CFCL,7/14/2024,537.5,558.0,526.0,533.0,1.14,72534.0,699.0,455.0
CFCL,7/15/2024,543.0,543.6,530.0,532.0,-0.19,101690.0,699.0,455.0
CFCL,7/16/2024,537.0,553.0,533.6,549.0,3.2,88263.0,699.0,455.0
CFCL,7/17/2024,559.0,603.9,557.0,603.9,10.0,209104.0,699.0,455.0
CFCL,7/18/2024,615.0,615.9,590.0,590.2,-2.27,132037.0,699.0,455.0
CFCL,7/21/2024,590.5,625.0,583.1,610.0,3.35,215409.0,699.0,455.0
CFCL,7/22/2024,622.2,622.2,592.0,603.0,-1.15,105886.0,699.0,455.0
CFCL,7/23/2024,607.9,616.0,602.0,608.0,0.83,76854.0,699.0,455.0
CFCL,7/24/2024,610.0,623.0,598.0,600.0,-1.32,139090.0,699.0,455.0
CFCL,7/25/2024,588.0,611.9,588.0,599.0,-0.17,84786.0,699.0,455.0
CFCL,7/28/2024,610.0,610.0,585.1,599.0,0.0,102388.0,699.0,455.0
CFCL,7/29/2024,608.7,632.0,590.0,620.0,3.51,169058.0,699.0,455.0
CFCL,7/30/2024,623.0,671.0,622.0,659.0,6.29,151494.0,699.0,455.0
CFCL,7/31/2024,660.0,710.0,658.0,699.0,6.07,187688.0,699.0,455.0
CFCL,8/1/2024,712.9,712.9,675.0,675.0,-3.43,221768.0,699.0,455.0
CFCL,8/5/2024,675.0,684.0,636.5,645.0,-4.44,151474.0,699.0,455.0
CFCL,8/6/2024,632.1,642.0,580.5,580.5,-10.0,260310.0,699.0,455.0
CFCL,8/7/2024,568.9,638.5,550.0,638.5,9.99,177810.0,699.0,455.0
CFCL,8/8/2024,651.0,665.0,614.0,626.0,-1.96,95117.0,699.0,455.0
CFCL,8/11/2024,638.0,650.0,620.2,635.0,1.44,145025.0,699.0,455.0
CFCL,8/12/2024,647.5,695.0,636.0,665.0,4.72,136968.0,699.0,455.0
CFCL,8/13/2024,678.3,700.0,654.7,676.0,1.65,135998.0,699.0,455.0
CFCL,8/14/2024,685.0,743.6,680.0,743.6,10.0,299734.0,699.0,455.0
CFCL,8/15/2024,758.4,803.0,731.0,763.0,2.61,291156.0,699.0,455.0
CFCL,8/18/2024,747.8,800.0,732.9,759.0,-0.52,290596.0,699.0,455.0
CFCL,8/21/2024,774.1,816.0,770.0,791.0,4.22,169209.0,699.0,455.0
CFCL,8/22/2024,805.9,820.0,790.0,800.0,1.14,155925.0,699.0,455.0
CFCL,8/25/2024,800.0,815.0,744.0,744.0,-7.0,157223.0,699.0,455.0
CFCL,8/27/2024,740.0,765.0,700.0,700.1,-5.9,114014.0,699.0,455.0
CFCL,8/28/2024,714.0,734.9,679.0,690.0,-1.44,92023.0,699.0,455.0
CFCL,8/29/2024,703.8,717.8,665.0,668.0,-3.19,78093.0,699.0,455.0
CFCL,9/1/2024,681.0,689.0,647.0,649.0,-2.84,72932.0,699.0,455.0
CFCL,9/2/2024,661.9,710.0,635.0,706.0,8.78,91013.0,699.0,455.0
CFCL,9/3/2024,720.1,733.0,687.0,700.5,-0.78,94825.0,699.0,455.0
CFCL,9/4/2024,700.1,706.9,655.0,655.0,-6.5,67234.0,699.0,455.0
CFCL,9/5/2024,660.0,661.9,633.3,650.0,-0.76,82736.0,699.0,455.0
CFCL,9/8/2024,650.0,666.9,629.0,632.0,-2.77,48048.0,699.0,455.0
CFCL,9/9/2024,625.0,637.5,609.1,613.0,-3.01,94289.0,699.0,455.0
CFCL,9/10/2024,625.0,635.1,610.0,618.0,0.82,58781.0,699.0,455.0
CFCL,9/11/2024,622.0,637.0,610.0,625.0,1.13,66148.0,699.0,455.0
CFCL,9/12/2024,632.0,650.0,625.0,644.0,3.04,53961.0,699.0,455.0
CFCL,9/15/2024,655.0,661.0,616.5,620.0,-3.73,73114.0,699.0,455.0
CFCL,9/16/2024,620.0,620.0,583.6,586.0,-5.48,70573.0,699.0,455.0
CFCL,9/18/2024,592.0,592.0,564.0,568.5,-2.99,53109.0,699.0,455.0
CFCL,9/22/2024,579.8,596.0,562.0,568.0,-0.09,29220.0,699.0,455.0
CFCL,9/23/2024,560.09,571.2,511.2,524.0,-7.75,61985.0,699.0,455.0
CFCL,9/24/2024,521.0,539.0,498.0,499.1,-4.75,75453.0,699.0,455.0
CFCL,9/25/2024,495.1,523.0,491.2,521.9,4.57,46802.0,699.0,455.0
CFCL,9/26/2024,521.9,530.0,506.2,506.2,-3.01,35627.0,699.0,455.0
CFCL,9/29/2024,496.1,524.0,496.1,503.0,-0.63,35680.0,699.0,455.0
CFCL,9/30/2024,510.0,530.0,510.0,527.0,4.77,39714.0,699.0,455.0
CFCL,10/1/2024,537.0,579.7,535.0,579.7,10.0,78356.0,699.0,455.0
CFCL,10/2/2024,579.7,612.0,579.7,593.0,2.29,91854.0,699.0,455.0
CFCL,10/6/2024,604.8,630.0,585.0,626.0,5.56,57446.0,699.0,455.0
CFCL,10/7/2024,635.0,647.0,608.0,617.9,-1.29,65715.0,699.0,455.0
CFCL,10/8/2024,630.2,630.2,590.0,609.0,-1.44,39564.0,699.0,455.0
CFCL,10/9/2024,601.1,615.0,596.9,613.0,0.66,28165.0,699.0,455.0
CFCL,10/15/2024,620.0,674.3,620.0,652.0,6.36,36118.0,699.0,455.0
CFCL,10/16/2024,664.9,669.0,640.0,645.0,-1.07,46121.0,699.0,455.0
CFCL,10/17/2024,656.0,656.0,635.0,640.0,-0.78,44519.0,699.0,455.0
CFCL,10/20/2024,627.2,644.0,614.7,618.0,-3.44,80069.0,699.0,455.0
CFCL,10/21/2024,618.0,620.0,595.9,598.1,-3.22,51889.0,699.0,455.0
CFCL,10/22/2024,595.0,621.9,595.0,619.9,3.64,47514.0,699.0,455.0
CFCL,10/23/2024,632.2,681.8,620.0,641.0,3.4,161181.0,699.0,455.0
CFCL,10/24/2024,653.8,681.0,648.0,650.0,1.4,128923.0,699.0,455.0
CFCL,10/27/2024,650.0,663.0,640.2,656.8,1.05,68932.0,699.0,455.0
CFCL,10/28/2024,667.5,699.0,666.3,692.0,5.36,120939.0,699.0,455.0
CFCL,10/29/2024,705.0,715.0,672.0,679.0,-1.88,138095.0,699.0,455.0
CFCL,10/30/2024,692.0,692.0,665.0,670.0,-1.33,68143.0,699.0,455.0
CFCL,11/5/2024,675.0,679.0,653.0,659.0,-1.64,43533.0,699.0,455.0
CFCL,11/6/2024,669.9,699.0,658.2,689.0,4.55,82271.0,699.0,455.0
CFCL,11/10/2024,680.0,710.0,680.0,697.0,1.16,97338.0,699.0,455.0
CFCL,11/11/2024,708.0,714.0,677.2,688.0,-1.29,110768.0,699.0,455.0
CFCL,11/12/2024,688.0,712.0,685.0,697.0,1.31,99960.0,699.0,455.0
CFCL,11/13/2024,705.0,729.0,705.0,723.0,3.73,145760.0,699.0,455.0
CFCL,11/14/2024,737.4,745.9,724.0,727.4,0.61,113931.0,699.0,455.0
CFCL,11/17/2024,729.0,739.0,702.0,711.0,-2.25,106180.0,699.0,455.0
CFCL,11/19/2024,710.0,719.0,687.1,690.0,-2.95,97438.0,699.0,455.0
CFCL,11/20/2024,690.9,703.8,679.0,690.0,0.0,65631.0,699.0,455.0
CFCL,11/21/2024,702.0,705.0,675.0,676.4,-1.97,79284.0,699.0,455.0
CFCL,11/24/2024,680.1,701.0,676.2,680.0,0.53,67477.0,699.0,455.0
CFCL,11/25/2024,689.0,703.8,685.0,690.0,1.47,59376.0,699.0,455.0
CFCL,11/26/2024,685.0,712.0,685.0,702.9,1.87,56792.0,699.0,455.0
CFCL,11/27/2024,706.1,721.0,701.7,707.0,0.58,68392.0,699.0,455.0
CFCL,11/28/2024,716.0,716.0,697.3,698.0,-1.27,78820.0,699.0,455.0
CFCL,12/1/2024,685.2,695.0,682.5,685.0,-1.86,51753.0,699.0,455.0
CFCL,12/2/2024,694.0,695.0,675.0,675.0,-1.46,73493.0,699.0,455.0
CFCL,12/3/2024,675.0,720.0,675.0,700.0,3.7,83214.0,699.0,455.0
CFCL,12/4/2024,700.0,720.0,685.0,690.0,-1.43,52903.0,699.0,455.0
CFCL,12/5/2024,703.8,703.8,665.0,669.0,-3.04,67078.0,699.0,455.0
CFCL,12/8/2024,666.0,670.0,640.0,645.0,-3.59,86326.0,699.0,455.0
CFCL,12/9/2024,650.0,660.0,640.0,647.0,0.31,36922.0,699.0,455.0
CFCL,12/10/2024,655.0,657.0,641.0,646.0,-0.15,19834.0,699.0,455.0
CFCL,12/11/2024,650.0,666.6,640.4,665.0,2.94,41783.0,699.0,455.0
CFCL,12/12/2024,665.0,675.0,640.0,641.0,-3.61,36441.0,699.0,455.0
CFCL,12/16/2024,630.0,635.0,612.6,612.6,-4.43,52319.0,699.0,455.0
CFCL,12/17/2024,613.8,627.1,605.0,618.0,0.88,23559.0,699.0,455.0
CFCL,12/18/2024,615.0,635.0,615.0,620.1,0.34,26342.0,699.0,455.0
CFCL,12/19/2024,626.0,632.4,600.0,606.0,-2.27,35339.0,699.0,455.0
CFCL,12/22/2024,606.0,612.0,594.5,596.0,-1.65,23489.0,699.0,455.0
CFCL,12/23/2024,605.0,613.0,596.0,613.0,2.85,22444.0,699.0,455.0
CFCL,12/24/2024,618.0,635.1,610.0,618.0,0.82,39480.0,699.0,455.0
CFCL,12/26/2024,606.2,621.0,600.8,605.0,-2.1,26927.0,699.0,455.0
CFCL,12/29/2024,595.0,604.0,580.0,582.0,-3.8,51877.0,699.0,455.0
CFCL,12/31/2024,575.0,575.0,524.3,540.0,-7.22,74057.0,699.0,455.0
CFCL,1/1/2025,550.0,572.2,540.0,568.0,5.19,36276.0,699.0,455.0
CFCL,1/2/2025,560.0,575.0,556.7,570.4,0.42,29839.0,699.0,455.0
CFCL,1/5/2025,571.0,584.8,570.9,580.0,1.68,38425.0,699.0,455.0
CFCL,1/6/2025,585.0,588.0,578.1,587.0,1.21,26988.0,699.0,455.0
CFCL,1/7/2025,590.0,609.8,580.3,602.0,2.56,28741.0,699.0,455.0
CFCL,1/8/2025,614.0,650.0,609.9,638.1,6.0,51871.0,699.0,455.0
CFCL,1/9/2025,636.0,666.9,626.0,630.0,-1.27,54079.0,699.0,455.0
CFCL,1/12/2025,642.6,642.6,601.1,606.0,-3.81,25771.0,699.0,455.0
CFCL,1/13/2025,607.0,615.0,590.0,595.0,-1.82,35065.0,699.0,455.0
CFCL,1/15/2025,585.0,609.0,580.0,589.0,-1.01,35090.0,699.0,455.0
CFCL,1/16/2025,587.0,591.6,551.1,558.0,-5.26,70483.0,699.0,455.0
CFCL,1/19/2025,558.0,580.0,545.0,568.1,1.81,35678.0,699.0,455.0
CFCL,1/20/2025,575.4,581.0,552.0,555.0,-2.31,34165.0,699.0,455.0
CFCL,1/21/2025,545.0,566.0,538.0,540.1,-2.68,48508.0,699.0,455.0
CFCL,1/22/2025,550.8,550.8,530.0,538.0,-0.39,39512.0,699.0,455.0
CFCL,1/23/2025,527.3,548.0,513.0,519.0,-3.53,60067.0,699.0,455.0
CFCL,1/26/2025,514.0,518.0,471.0,486.0,-6.36,108570.0,699.0,455.0
CFCL,1/27/2025,477.0,510.0,457.7,498.0,2.47,65930.0,699.0,455.0
CFCL,1/28/2025,507.9,514.0,490.0,510.0,2.41,40879.0,699.0,455.0
CFCL,2/2/2025,510.0,532.0,500.0,530.0,3.92,67454.0,699.0,455.0
CFCL,2/3/2025,530.0,545.7,524.0,530.0,0.0,40093.0,699.0,455.0
CFCL,2/4/2025,537.9,550.0,522.4,522.4,-1.43,50119.0,699.0,455.0
CFCL,2/5/2025,523.0,574.6,523.0,574.6,9.99,71629.0,699.0,455.0
CFCL,2/6/2025,586.0,632.0,586.0,612.0,6.51,207014.0,699.0,455.0
CFCL,2/9/2025,612.0,673.2,587.9,673.2,10.0,311157.0,699.0,455.0
CFCL,2/10/2025,686.6,701.0,650.0,655.1,-2.69,171357.0,699.0,455.0
CFCL,2/11/2025,668.0,681.0,660.0,664.8,1.48,86585.0,699.0,455.0
CFCL,2/12/2025,663.0,686.0,660.0,673.0,1.23,138939.0,699.0,455.0
CFCL,2/13/2025,686.0,699.9,643.0,656.0,-2.53,282233.0,699.0,455.0
CFCL,2/16/2025,645.0,672.7,635.0,657.0,0.15,155147.0,699.0,455.0
CFCL,2/17/2025,670.1,670.1,625.0,627.0,-4.57,141176.0,699.0,455.0
CFCL,2/18/2025,629.0,642.0,615.0,615.0,-1.91,92098.0,699.0,455.0
CFCL,2/20/2025,627.0,640.9,608.0,616.0,0.16,60135.0,699.0,455.0
CFCL,2/23/2025,603.7,646.6,593.0,633.0,2.76,140156.0,699.0,455.0
CFCL,2/24/2025,645.0,651.0,620.0,634.0,0.16,66136.0,699.0,455.0
CFCL,2/25/2025,646.6,668.0,640.0,654.0,3.15,178415.0,699.0,455.0
CFCL,2/27/2025,667.0,676.9,651.0,659.5,0.84,90871.0,699.0,455.0
CFCL,3/2/2025,672.0,672.0,656.1,663.1,0.55,92568.0,699.0,455.0
CFCL,3/3/2025,674.9,674.9,646.0,649.9,-1.99,74158.0,699.0,455.0
CFCL,3/4/2025,647.0,653.0,631.0,634.0,-2.45,45093.0,699.0,455.0
CFCL,3/5/2025,643.0,643.0,619.0,622.1,-1.88,51985.0,699.0,455.0
CFCL,3/6/2025,631.5,631.5,615.1,619.8,-0.37,30662.0,699.0,455.0
CFCL,3/9/2025,619.8,649.0,609.0,611.0,-1.42,37747.0,699.0,455.0
CFCL,3/10/2025,615.0,627.0,607.0,607.1,-0.64,27671.0,699.0,455.0
CFCL,3/11/2025,609.5,623.0,596.0,596.5,-1.75,37074.0,699.0,455.0
CFCL,3/12/2025,596.5,613.6,596.5,598.0,0.25,28008.0,699.0,455.0
CFCL,3/16/2025,609.9,609.9,568.4,570.0,-4.68,59232.0,699.0,455.0
CFCL,3/17/2025,558.6,592.2,558.6,578.0,1.4,24262.0,699.0,455.0
CFCL,3/18/2025,566.5,589.5,566.5,578.3,0.05,17788.0,699.0,455.0
CFCL,3/19/2025,567.0,582.8,554.0,554.0,-4.2,30328.0,699.0,455.0
CFCL,3/20/2025,543.0,563.0,543.0,552.88,-0.2,26010.0,699.0,455.0
CFCL,3/23/2025,550.0,557.0,535.0,535.78,-3.09,31721.0,699.0,455.0
CFCL,3/24/2025,526.0,573.1,526.0,560.66,4.64,34578.0,699.0,455.0
CFCL,3/25/2025,562.0,562.0,535.4,538.08,-4.03,26831.0,699.0,455.0
CFCL,3/26/2025,544.0,550.0,540.2,544.19,1.14,16663.0,699.0,455.0
CFCL,3/27/2025,541.0,559.5,541.0,552.11,1.46,20501.0,699.0,455.0
CFCL,3/30/2025,542.0,577.9,542.0,567.43,2.77,29739.0,699.0,455.0
CFCL,4/1/2025,567.4,590.0,551.0,557.82,-1.69,26465.0,699.0,455.0
CFCL,4/2/2025,563.0,613.6,554.0,613.6,10.0,112995.0,699.0,455.0
CFCL,4/3/2025,625.8,651.0,610.0,613.21,-0.06,105164.0,699.0,455.0
CFCL,4/7/2025,613.0,615.0,586.0,590.1,-3.77,54936.0,699.0,455.0
CFCL,4/8/2025,588.0,623.0,578.3,600.2,1.71,33922.0,699.0,455.0
CFCL,4/9/2025,612.0,624.0,598.0,600.51,0.05,18928.0,699.0,455.0
CFCL,4/10/2025,604.0,611.9,595.9,609.16,1.44,30144.0,699.0,455.0
CFCL,4/13/2025,621.3,621.3,600.1,606.88,-0.37,29484.0,699.0,455.0
CFCL,4/15/2025,619.0,623.0,595.0,610.31,0.57,74517.0,699.0,455.0
CFCL,4/16/2025,603.0,616.0,600.0,602.31,-1.31,26764.0,699.0,455.0
CFCL,4/17/2025,605.0,615.0,600.0,602.17,-0.02,62318.0,699.0,455.0
CFCL,4/20/2025,600.0,600.0,583.1,584.84,-2.88,50322.0,699.0,455.0
CFCL,4/21/2025,592.0,592.0,571.0,572.97,-2.03,36194.0,699.0,455.0
CFCL,4/22/2025,584.4,584.4,565.5,572.45,-0.09,17974.0,699.0,455.0
CFCL,4/23/2025,576.0,578.0,568.0,572.02,-0.08,15953.0,699.0,455.0
CFCL,4/24/2025,565.0,579.0,560.1,565.81,-1.09,28925.0,699.0,455.0
CFCL,4/27/2025,573.0,574.0,551.0,551.76,-2.48,29574.0,699.0,455.0
CFCL,4/28/2025,555.0,585.0,555.0,561.68,1.8,39043.0,699.0,455.0
CFCL,4/29/2025,550.5,584.1,550.5,556.75,-0.88,19819.0,699.0,455.0
CFCL,4/30/2025,550.0,560.7,546.1,550.46,-1.13,33961.0,699.0,455.0
CFCL,5/4/2025,558.0,561.0,540.0,540.24,-1.86,20353.0,699.0,455.0
CFCL,5/5/2025,534.0,562.0,529.5,542.64,0.44,49339.0,699.0,455.0
CFCL,5/6/2025,545.0,553.4,530.1,532.19,-1.93,23960.0,699.0,455.0
CFCL,5/7/2025,522.0,563.0,522.0,550.65,3.47,42506.0,699.0,455.0
CFCL,5/8/2025,556.0,579.3,548.8,563.18,2.28,40702.0,699.0,455.0
CFCL,5/11/2025,571.0,574.4,544.0,547.36,-2.81,16414.0,699.0,455.0
CFCL,5/13/2025,547.5,555.0,535.0,536.09,-2.06,28633.0,699.0,455.0
CFCL,5/14/2025,531.0,545.7,530.0,532.93,-0.59,30589.0,699.0,455.0
CFCL,5/15/2025,533.1,543.0,522.5,525.27,-1.44,22348.0,699.0,455.0
CFCL,5/18/2025,525.0,535.0,518.0,520.23,-0.96,21590.0,699.0,455.0
CFCL,5/19/2025,530.6,541.2,520.0,525.45,1.0,11480.0,699.0,455.0
CFCL,5/20/2025,520.0,540.0,520.0,538.78,2.54,23444.0,699.0,455.0
CFCL,5/21/2025,540.0,561.0,530.0,532.62,-1.14,21831.0,699.0,455.0
CFCL,5/22/2025,540.5,543.2,529.0,532.27,-0.07,19481.0,699.0,455.0
CFCL,5/25/2025,535.1,536.0,526.0,526.1,-1.16,8905.0,699.0,455.0
CFCL,5/26/2025,536.6,540.0,526.0,526.69,0.11,11418.0,699.0,455.0
CFCL,5/27/2025,525.0,530.0,520.0,523.06,-0.69,13693.0,699.0,455.0
CFCL,5/28/2025,530.0,530.0,520.0,524.48,0.27,6355.0,699.0,455.0
CFCL,6/2/2025,532.0,536.0,527.0,529.18,0.9,11446.0,699.0,455.0
CFCL,6/3/2025,535.0,535.0,521.0,521.95,-1.37,17385.0,699.0,455.0
CFCL,6/4/2025,520.0,528.0,514.1,514.93,-1.34,11105.0,699.0,455.0
CFCL,6/5/2025,515.9,524.9,509.0,510.03,-0.95,16758.0,699.0,455.0
CFCL,6/8/2025,520.2,520.2,500.0,501.61,-1.65,14476.0,699.0,455.0
CFCL,6/9/2025,510.0,511.0,501.1,508.92,1.46,11674.0,699.0,455.0
CFCL,6/10/2025,510.0,545.9,510.0,532.98,4.73,41597.0,699.0,455.0
CFCL,6/11/2025,539.0,543.6,514.5,529.21,-0.71,14517.0,699.0,455.0
CFCL,6/12/2025,531.9,538.0,520.0,531.62,0.46,29490.0,699.0,455.0
CFCL,6/15/2025,532.0,535.0,525.1,526.78,-0.91,17093.0,699.0,455.0
CFCL,6/16/2025,537.0,537.0,516.0,516.77,-1.9,14833.0,699.0,455.0
CFCL,6/17/2025,526.0,527.0,507.1,511.07,-1.1,13881.0,699.0,455.0
CFCL,6/18/2025,513.0,530.0,511.0,514.0,0.57,14433.0,699.0,455.0
CFCL,6/19/2025,514.0,524.0,510.0,511.15,-0.55,22516.0,699.0,455.0
CFCL,6/22/2025,514.0,514.0,508.0,508.07,-0.6,12651.0,699.0,455.0
CFCL,6/23/2025,515.6,516.0,506.1,507.63,-0.09,14801.0,699.0,455.0
CFCL,6/24/2025,514.0,517.0,500.0,502.47,-1.02,11872.0,699.0,455.0
CFCL,6/25/2025,502.47,509.0,502.1,504.85,0.47,6466.0,699.0,455.0
CFCL,6/26/2025,506.0,509.0,495.0,498.18,-1.32,19084.0,699.0,455.0
CFCL,6/29/2025,505.0,505.0,495.0,498.48,0.06,8270.0,699.0,455.0
CFCL,6/30/2025,505.0,506.0,495.0,495.49,-0.6,13762.0,699.0,455.0
CFCL,7/1/2025,500.0,501.0,493.1,496.38,0.18,14947.0,699.0,455.0
CFCL,7/2/2025,503.0,518.2,503.0,510.36,2.82,15602.0,699.0,455.0
CFCL,7/3/2025,520.0,538.0,511.0,534.51,4.73,39566.0,699.0,455.0
CFCL,7/6/2025,533.0,565.0,530.0,543.3,1.64,68697.0,699.0,455.0
CFCL,7/7/2025,544.0,545.0,518.1,519.22,-4.43,38004.0,699.0,455.0
CFCL,7/8/2025,515.1,547.9,515.1,534.45,2.93,33723.0,699.0,455.0
CFCL,7/9/2025,523.8,544.8,523.8,533.38,-0.2,9872.0,699.0,455.0
CFCL,7/10/2025,542.6,542.7,524.4,525.45,-1.49,16515.0,699.0,455.0
CFCL,7/13/2025,535.9,548.9,535.9,545.59,3.83,40046.0,699.0,455.0
CFCL,7/14/2025,546.0,565.0,536.0,545.36,-0.04,43246.0,699.0,455.0
CFCL,7/15/2025,555.0,562.9,541.0,547.74,0.44,31565.0,699.0,455.0
CFCL,7/16/2025,558.4,570.0,548.1,549.96,0.41,36563.0,699.0,455.0
CFCL,7/17/2025,545.0,570.9,545.0,563.74,2.51,49778.0,699.0,455.0
CFCL,7/20/2025,566.0,570.0,548.2,551.05,-2.25,42396.0,699.0,455.0
CFCL,7/21/2025,562.0,562.0,542.2,554.49,0.62,36931.0,699.0,455.0
CFCL,7/22/2025,557.0,565.0,550.1,562.24,1.4,48877.0,699.0,455.0
CFCL,7/23/2025,563.0,608.0,560.0,579.67,3.1,67588.0,699.0,455.0
CFCL,7/24/2025,589.9,589.9,570.0,571.63,-1.39,21472.0,699.0,455.0
CFCL,7/27/2025,579.9,579.9,549.0,562.18,-1.65,32534.0,699.0,455.0
CFCL,7/28/2025,564.0,582.4,546.0,575.04,2.29,39335.0,699.0,455.0
CFCL,7/29/2025,585.0,585.0,568.0,570.16,-0.85,21873.0,699.0,455.0
CFCL,7/30/2025,570.16,570.16,552.1,554.36,-2.77,21675.0,699.0,455.0
CFCL,7/31/2025,558.0,580.0,547.0,558.07,0.67,27979.0,699.0,455.0
CFCL,8/3/2025,550.3,570.0,540.1,542.54,-2.78,21006.0,699.0,455.0
CFCL,8/4/2025,553.0,553.0,532.0,539.52,-0.56,15093.0,699.0,455.0
CFCL,8/5/2025,535.7,544.9,530.0,532.48,-1.3,14921.0,699.0,455.0
CFCL,8/6/2025,530.0,539.0,529.1,530.0,-0.47,8664.0,699.0,455.0
CFCL,8/7/2025,527.0,537.0,527.0,531.56,0.29,16939.0,699.0,455.0
CFCL,8/11/2025,542.0,542.0,525.0,525.47,-1.15,12759.0,699.0,455.0
CFCL,8/12/2025,525.0,532.0,520.1,522.2,-0.62,8984.0,699.0,455.0
CFCL,8/13/2025,531.9,531.9,523.1,523.99,0.34,7389.0,699.0,455.0
CFCL,8/14/2025,517.0,527.0,517.0,518.59,-1.03,5518.0,699.0,455.0
CFCL,8/17/2025,525.0,525.0,515.0,515.9,-0.52,9265.0,699.0,455.0
CFCL,8/18/2025,515.0,520.0,515.0,516.5,0.12,8546.0,699.0,455.0
CFCL,8/19/2025,515.0,520.0,515.0,515.6,-0.17,8199.0,699.0,455.0
CFCL,8/20/2025,508.0,519.8,506.0,509.59,-1.17,8025.0,699.0,455.0
CFCL,8/21/2025,511.0,511.0,507.1,508.2,-0.27,12290.0,699.0,455.0
CFCL,8/24/2025,509.0,514.0,505.0,507.54,-0.13,12575.0,699.0,455.0
CFCL,8/25/2025,507.0,511.9,502.2,506.73,-0.16,10224.0,699.0,455.0
CFCL,8/26/2025,512.9,513.0,505.0,505.31,-0.28,3761.0,699.0,455.0
CFCL,8/27/2025,511.0,520.0,510.0,518.65,2.64,11570.0,699.0,455.0
CFCL,8/28/2025,518.0,519.0,505.0,506.82,-2.28,16623.0,699.0,455.0
CFCL,8/31/2025,502.1,503.0,499.1,501.14,-1.12,12584.0,699.0,455.0
CFCL,9/1/2025,501.0,508.0,500.0,502.32,0.24,7406.0,699.0,455.0
CFCL,9/2/2025,505.0,510.0,498.0,500.12,-0.44,10720.0,699.0,455.0
CFCL,9/3/2025,500.5,501.0,492.1,492.92,-1.44,9648.0,699.0,455.0
CFCL,9/4/2025,500.0,500.0,486.0,493.78,0.17,7872.0,699.0,455.0
CFCL,9/7/2025,488.2,497.0,487.0,489.88,-0.79,5728.0,699.0,455.0
CFCL,9/8/2025,496.9,496.9,483.0,483.35,-1.33,6797.0,699.0,455.0
CFCL,9/18/2025,474.0,474.0,467.0,467.0,-3.38,60.0,699.0,455.0
CFCL,9/21/2025,458.0,509.9,445.1,500.05,7.08,13294.0,699.0,455.0
CFCL,9/23/2025,507.0,515.0,502.1,507.0,1.39,9306.0,699.0,455.0
CFCL,9/24/2025,499.3,506.0,496.0,498.1,-1.76,6872.0,699.0,455.0
CFCL,9/25/2025,500.0,503.0,494.0,494.0,-0.82,5229.0,699.0,455.0
CFCL,9/28/2025,500.0,503.7,495.0,495.0,0.2,3959.0,699.0,455.0
CFCL,10/7/2025,491.1,495.0,480.0,490.0,-1.01,5348.0,699.0,455.0
CFCL,10/8/2025,482.0,484.5,470.0,479.0,-2.24,5205.0,699.0,455.0
CFCL,10/9/2025,488.5,526.9,482.0,483.0,0.84,8028.0,699.0,455.0
CFCL,10/12/2025,478.0,478.0,467.5,468.1,-3.08,9329.0,699.0,455.0
CFCL,10/13/2025,468.1,475.0,465.0,475.0,1.47,5934.0,699.0,455.0
CFCL,10/14/2025,470.0,474.0,466.0,472.0,-0.63,2605.0,699.0,455.0
CFCL,10/15/2025,472.0,481.7,463.1,472.0,0.0,7807.0,699.0,455.0
CFCL,10/16/2025,479.0,479.0,463.0,463.0,-1.91,6822.0,699.0,455.0
CFCL,10/19/2025,472.2,490.0,461.5,464.0,0.22,2631.0,699.0,455.0
CFCL,10/26/2025,455.1,463.8,455.0,463.8,-0.04,2364.0,699.0,455.0
CFCL,10/28/2025,455.0,482.3,455.0,482.0,3.92,8175.0,699.0,455.0
CFCL,10/29/2025,489.0,489.0,470.4,470.4,-2.41,4645.0,699.0,455.0
CFCL,10/30/2025,477.0,480.0,462.4,479.0,1.83,8466.0,699.0,455.0
CFCL,11/2/2025,485.9,502.8,484.0,502.8,4.97,18994.0,699.0,455.0
CFCL,11/3/2025,504.0,513.0,492.0,504.9,0.42,12041.0,699.0,455.0
CFCL,11/4/2025,504.0,509.9,485.0,489.5,-3.05,6742.0,699.0,455.0
CFCL,11/5/2025,497.0,510.0,479.0,510.0,4.19,27197.0,699.0,455.0
CFCL,11/6/2025,509.7,525.3,500.0,505.0,-0.98,41345.0,699.0,455.0
CFCL,11/9/2025,495.0,506.0,486.2,492.0,-2.57,17622.0,699.0,455.0
CFCL,11/10/2025,495.0,495.0,481.0,486.0,-1.22,10720.0,699.0,455.0
CFCL,11/11/2025,483.0,488.9,481.0,485.6,-0.08,7604.0,699.0,455.0
CFCL,11/12/2025,492.0,495.3,480.5,483.0,-0.54,6210.0,699.0,455.0
CFCL,11/13/2025,481.5,485.0,479.1,482.0,-0.21,9626.0,699.0,455.0
CFCL,11/16/2025,480.0,485.0,475.0,475.0,-1.45,9396.0,699.0,455.0
CFCL,11/17/2025,477.0,479.0,470.1,474.0,-0.21,6859.0,699.0,455.0
CFCL,11/18/2025,480.0,482.9,470.2,476.0,0.42,27572.0,699.0,455.0
CFCL,11/19/2025,480.0,480.0,471.1,476.5,0.11,3780.0,699.0,455.0
CFCL,11/20/2025,476.5,479.0,470.3,472.0,-0.94,4613.0,699.0,455.0
CFCL,11/23/2025,477.9,485.0,474.0,484.0,2.54,10067.0,699.0,455.0
CFCL,11/24/2025,489.9,489.9,481.1,485.1,0.23,13939.0,699.0,455.0
CFCL,11/25/2025,492.0,492.0,480.0,487.9,0.58,6881.0,699.0,455.0
CFCL,11/26/2025,480.5,486.9,478.7,482.3,-1.15,7075.0,699.0,455.0
CFCL,11/27/2025,478.0,485.0,477.5,484.9,0.54,5789.0,699.0,455.0
CFCL,11/30/2025,485.0,501.0,485.0,485.0,0.02,89040.0,699.0,455.0
CFCL,12/1/2025,485.1,497.0,485.0,494.9,2.04,18462.0,699.0,455.0
CFCL,12/2/2025,500.0,500.0,489.1,494.7,-0.04,9172.0,699.0,455.0
CFCL,12/3/2025,499.3,505.0,492.2,500.0,1.07,35578.0,699.0,455.0
CFCL,12/7/2025,501.0,509.0,490.0,496.0,-0.8,17400.0,699.0,455.0
CFCL,12/8/2025,492.0,492.1,482.0,482.2,-2.78,15684.0,699.0,455.0
CFCL,12/9/2025,482.0,488.0,480.1,483.0,0.17,6248.0,699.0,455.0
CFCL,12/10/2025,481.0,481.5,475.0,476.0,-1.45,19296.0,699.0,455.0
CFCL,12/11/2025,480.0,480.0,472.0,479.0,0.63,7085.0,699.0,455.0
CFCL,12/14/2025,472.1,476.0,467.0,474.0,-1.04,15653.0,699.0,455.0
CFCL,12/15/2025,468.1,473.8,466.0,469.0,-1.05,13290.0,699.0,455.0
CFCL,12/16/2025,467.1,480.0,467.1,469.0,0.0,11234.0,699.0,455.0
CFCL,12/17/2025,471.1,484.1,471.0,480.0,2.35,29443.0,699.0,455.0
CFCL,12/18/2025,480.0,483.5,472.2,475.5,-0.94,12128.0,699.0,455.0
CFCL,12/21/2025,466.1,476.0,466.1,470.0,-1.16,5214.0,699.0,455.0
CFCL,12/22/2025,460.6,473.4,460.6,469.0,-0.21,10056.0,699.0,455.0
CFCL,12/23/2025,465.0,473.9,460.5,470.0,0.21,7752.0,699.0,455.0
CFCL,12/24/2025,460.6,470.0,460.6,462.1,-1.68,11470.0,699.0,455.0
CFCL,12/28/2025,467.0,477.0,463.1,475.0,2.79,13482.0,699.0,455.0
CFCL,12/29/2025,480.0,488.0,475.0,477.0,0.42,23985.0,699.0,455.0
CFCL,12/31/2025,485.0,486.0,476.3,477.0,0.0,7518.0,699.0,455.0
CFCL,1/1/2026,484.0,484.0,470.0,470.0,-1.47,10110.0,699.0,455.0
CFCL,1/4/2026,466.0,475.0,465.2,471.3,0.28,3631.0,699.0,455.0
CFCL,1/5/2026,475.0,475.0,470.0,475.0,0.79,5931.0,699.0,455.0
CFCL,1/6/2026,477.0,489.5,475.0,486.8,2.48,27550.0,699.0,455.0
CFCL,1/7/2026,495.0,506.8,488.0,495.2,1.73,81059.0,699.0,455.0
CFCL,1/8/2026,495.0,502.6,490.0,501.8,1.33,26423.0,699.0,455.0
CFCL,1/12/2026,500.0,510.0,494.0,498.0,-0.76,24834.0,699.0,455.0
CFCL,1/13/2026,488.1,505.9,488.1,494.0,-0.8,12190.0,699.0,455.0
CFCL,1/14/2026,484.2,517.0,484.2,510.0,3.24,60792.0,699.0,455.0
CFCL,1/18/2026,520.2,556.0,519.0,555.3,8.88,122358.0,699.0,455.0
CFCL,1/20/2026,545.0,565.5,540.4,550.1,-0.94,110212.0,699.0,455.0
CFCL,1/21/2026,559.7,559.8,531.4,543.9,-1.13,54808.0,699.0,455.0
CFCL,1/22/2026,535.0,575.0,535.0,570.0,4.8,102757.0,699.0,455.0
CFCL,1/25/2026,572.0,583.0,567.0,577.9,1.39,108309.0,699.0,455.0
CFCL,1/26/2026,580.0,595.0,561.0,572.1,-1.0,132013.0,699.0,455.0
CFCL,1/27/2026,573.2,602.0,572.0,579.9,1.36,240939.0,699.0,455.0
CFCL,1/28/2026,580.0,596.5,570.0,592.0,2.09,96023.0,699.0,455.0
CFCL,1/29/2026,597.0,608.5,575.0,580.0,-2.03,94204.0,699.0,455.0
CFCL,2/1/2026,579.0,582.0,550.1,560.0,-3.45,73720.0,699.0,455.0
CFCL,2/2/2026,548.8,578.3,548.8,553.1,-1.23,38115.0,699.0,455.0
CFCL,2/3/2026,564.1,570.0,551.5,555.0,0.34,28552.0,699.0,455.0
CFCL,2/4/2026,563.0,574.0,550.3,560.0,0.9,22190.0,699.0,455.0
CFCL,2/5/2026,560.0,571.2,550.0,559.9,-0.02,42108.0,699.0,455.0
CFCL,2/8/2026,568.0,579.8,552.0,566.0,1.09,45616.0,699.0,455.0
CFCL,2/9/2026,555.1,560.0,541.1,543.0,-4.06,35002.0,699.0,455.0
CFCL,2/10/2026,535.0,549.0,532.3,534.9,-1.49,19957.0,699.0,455.0
CFCL,2/11/2026,543.0,545.0,525.4,527.9,-1.31,12933.0,699.0,455.0
CFCL,2/12/2026,518.0,559.0,518.0,525.0,-0.55,20838.0,699.0,455.0
CFCL,2/16/2026,524.0,555.0,524.0,554.0,5.52,82621.0,699.0,455.0
CFCL,2/17/2026,550.0,554.0,535.0,535.0,-3.43,23391.0,699.0,455.0
CFCL,2/22/2026,539.0,539.9,528.2,534.0,-0.19,21745.0,699.0,455.0
CFCL,2/23/2026,534.0,543.0,524.0,527.0,-1.31,15131.0,699.0,455.0
CFCL,2/24/2026,533.9,548.2,527.0,535.9,1.69,11679.0,699.0,455.0
CFCL,2/25/2026,539.8,541.7,518.0,523.0,-2.41,36130.0,699.0,455.0
CFCL,2/26/2026,520.9,527.0,520.0,522.3,-0.13,17005.0,699.0,455.0
CFCL,2/27/2026,520.9,527.0,520.0,522.3,0.0,17005.0,699.0,455.0
CFCL,2/28/2026,520.9,527.0,520.0,522.3,0.0,17005.0,699.0,455.0
CFCL,3/2/2026,520.0,540.0,510.0,537.0,2.81,28477.0,699.0,455.0
CFCL,3/3/2026,530.0,541.7,530.0,538.0,0.19,18628.0,699.0,455.0
CFCL,3/4/2026,530.0,541.7,530.0,538.0,0.0,18628.0,699.0,455.0
CFCL,3/5/2026,530.0,541.7,530.0,538.0,0.0,18628.0,699.0,455.0
CFCL,3/6/2026,530.0,541.7,530.0,538.0,0.0,18628.0,699.0,455.0
CFCL,3/7/2026,530.0,541.7,530.0,538.0,0.0,18628.0,699.0,455.0
CFCL,3/8/2026,530.0,541.7,530.0,538.0,0.0,18628.0,699.0,455.0
CFCL,3/9/2026,548.7,559.6,548.7,559.6,4.01,470.0,699.0,455.0
CFCL,3/10/2026,570.0,570.0,549.0,558.0,-0.29,51162.0,699.0,455.0
CFCL,3/11/2026,559.0,559.0,541.0,545.0,-2.33,26742.0,699.0,455.0
CFCL,3/12/2026,545.0,555.5,542.0,550.0,0.92,39882.0,699.0,455.0
CFCL,3/13/2026,545.0,555.5,542.0,550.0,0.0,39882.0,699.0,455.0
CFCL,3/14/2026,545.0,555.5,542.0,550.0,0.0,39882.0,699.0,455.0
CFCL,3/15/2026,550.0,557.9,546.1,557.8,1.42,44580.0,699.0,455.0
CFCL,3/16/2026,563.7,570.0,554.0,557.0,-0.14,49815.0,699.0,455.0
CFCL,3/17/2026,560.0,560.0,548.2,557.0,0.0,23673.0,699.0,455.0
CFCL,3/18/2026,560.0,560.0,548.2,557.0,0.0,23673.0,699.0,455.0
CFCL,3/19/2026,565.0,575.0,557.0,573.3,2.93,49887.0,699.0,455.0
CFCL,3/20/2026,565.0,575.0,557.0,573.3,0.0,49887.0,699.0,455.0
CFCL,3/21/2026,565.0,575.0,557.0,573.3,0.0,49887.0,699.0,455.0
CFCL,3/22/2026,573.0,584.0,570.0,573.0,-0.05,49092.0,699.0,455.0
CFCL,3/23/2026,584.0,584.0,565.0,572.0,-0.17,26137.0,699.0,455.0
CFCL,3/24/2026,580.0,580.0,568.1,577.0,0.87,35597.0,699.0,455.0
CFCL,3/25/2026,577.0,577.0,556.7,567.0,-1.73,22024.0,699.0,455.0
CFCL,3/26/2026,568.0,570.0,558.0,567.0,-0.18,17159.0,699.0,455.0
CFCL,3/29/2026,561.0,564.0,538.6,549.7,-2.01,47872.0,699.0,455.0
CFCL,3/30/2026,539.0,549.0,534.0,542.0,0.56,21520.0,699.0,455.0
CFCL,3/31/2026,551.8,551.8,529.0,541.9,-1.79,23807.0,699.0,455.0
CFCL,4/1/2026,535.0,540.0,522.0,529.8,-0.97,29560.0,699.0,455.0
CFCL,4/2/2026,520.0,534.0,502.0,517.0,-0.58,22301.0,699.0,455.0
CFCL,4/5/2026,507.0,522.9,486.0,488.9,-3.57,25383.0,699.0,455.0
CFCL,4/6/2026,488.0,522.0,480.0,518.0,6.15,34492.0,699.0,455.0
CFCL,4/7/2026,520.0,528.3,508.0,514.0,-1.15,7172.0,699.0,455.0
CFCL,4/8/2026,512.3,523.8,509.3,522.0,1.89,17409.0,699.0,455.0
CFCL,4/9/2026,519.2,538.0,519.0,537.0,3.43,20314.0,699.0,455.0
CFCL,4/10/2026,542.0,547.5,521.5,529.9,-2.23,11951.0,699.0,455.0
CFCL,4/13/2026,529.0,530.0,522.0,528.1,-0.17,8362.0,699.0,455.0
CFCL,4/15/2026,538.1,539.0,521.3,530.0,-1.51,11343.0,699.0,455.0
CFCL,4/16/2026,525.0,526.0,515.0,523.9,-0.21,7392.0,699.0,455.0
CFCL,4/17/2026,534.3,534.3,512.0,515.0,-3.61,8932.0,699.0,455.0
CFCL,4/20/2026,540.7,540.7,500.0,517.9,-4.22,9507.0,699.0,455.0
CFCL,4/21/2026,543.7,543.7,508.0,511.5,-5.92,4802.0,699.0,455.0
CFCL,4/22/2026,505.1,517.0,500.0,507.5,0.48,15789.0,699.0,455.0
CFCL,4/23/2026,514.0,514.0,495.0,509.0,-0.97,9818.0,699.0,455.0
CFCL,4/24/2026,534.4,534.4,490.0,505.0,-5.5,6030.0,699.0,455.0
CFCL,4/27/2026,505.0,510.0,503.0,505.9,0.18,3607.0,699.0,455.0
CFCL,4/28/2026,505.9,509.0,497.0,509.0,0.61,6971.0,699.0,455.0
CFCL,4/29/2026,509.0,505.0,492.0,496.9,-2.38,2620.0,699.0,455.0
CFCL,4/30/2026,491.0,496.0,482.1,493.0,0.41,8441.0,699.0,455.0
CFCL,5/4/2026,488.1,500.0,480.0,488.8,0.14,8847.0,699.0,455.0
CFCL,5/5/2026,488.8,499.0,488.8,495.7,1.41,4343.0,699.0,455.0
CFCL,5/6/2026,490.4,500.0,489.0,491.6,0.24,6483.0,699.0,455.0
CFCL,5/7/2026,493.0,493.0,486.0,487.0,-1.22,2534.0,699.0,455.0
CFCL,5/8/2026,491.0,501.0,491.0,499.0,1.63,7739.0,699.0,455.0
CFCL,5/11/2026,504.0,518.9,500.0,508.9,0.97,20305.0,699.0,455.0
CFCL,5/12/2026,534.3,534.3,492.0,502.9,-5.88,8664.0,699.0,455.0
CFCL,5/13/2026,491.0,500.3,490.0,498.0,1.43,7628.0,699.0,455.0
CFCL,5/14/2026,522.9,522.9,485.0,492.0,-5.91,11473.0,699.0,455.0
CFCL,5/15/2026,516.6,516.6,490.0,494.0,-4.37,4085.0,699.0,455.0
CFCL,5/18/2026,501.0,501.0,489.0,497.0,-0.8,3520.0,699.0,455.0
CFCL,5/19/2026,490.0,497.7,490.0,497.7,1.57,4720.0,699.0,455.0
CFCL,5/20/2026,522.5,522.5,488.0,501.9,-3.94,7420.0,699.0,455.0
CFCL,5/21/2026,526.9,526.9,496.0,499.8,-5.14,2938.0,699.0,455.0
CFCL,5/22/2026,490.0,505.0,490.0,503.0,2.65,4733.0,699.0,455.0
CFCL,5/25/2026,510.0,510.0,496.0,509.0,-0.2,5923.0,699.0,455.0
CFCL,5/26/2026,499.1,506.0,499.1,505.0,1.18,5191.0,699.0,455.0
CFCL,5/27/2026,512.0,512.0,498.2,504.9,-1.39,9756.0,699.0,455.0
CFCL,6/1/2026,513.0,536.0,499.0,534.0,4.09,48603.0,699.0,455.0
CFCL,6/2/2026,560.7,610.0,540.0,607.0,8.26,383099.0,699.0,455.0
CFCL,6/3/2026,620.0,620.0,585.0,585.9,-5.5,109945.0,699.0,455.0
CFCL,6/4/2026,557.0,615.1,557.0,613.9,10.22,305818.0,699.0,455.0
CFCL,6/5/2026,584.0,649.9,584.0,630.0,7.88,294495.0,699.0,455.0
CFCL,6/8/2026,598.5,656.0,598.5,645.0,7.77,318817.0,699.0,455.0
CFCL,6/9/2026,612.8,695.0,612.8,664.0,8.36,545952.0,699.0,455.0
CFCL,6/10/2026,630.8,676.0,630.8,656.0,3.99,179057.0,699.0,455.0
CFCL,6/11/2026,688.0,688.0,638.4,658.0,-4.36,265582.0,699.0,455.0
CFCL,6/12/2026,625.1,690.1,625.1,659.0,5.42,380639.0,699.0,455.0
CFCL,6/15/2026,689.0,689.0,616.0,620.0,-10.01,210126.0,699.0,455.0
CFCL,6/16/2026,589.0,638.0,589.0,611.0,3.74,141008.0,699.0,455.0
CFCL,6/17/2026,622.0,634.4,610.5,617.0,-0.8,270479.0,699.0,455.0
CFCL,6/18/2026,611.3,630.0,611.0,625.2,2.27,110155.0,699.0,455.0
CFCL,6/19/2026,594.0,639.7,594.0,629.9,6.04,128671.0,699.0,455.0
CFCL,6/22/2026,598.5,645.0,598.5,630.0,5.26,159138.0,699.0,455.0
CFCL,6/23/2026,599.0,647.7,599.0,623.0,4.01,73937.0,699.0,455.0
CFCL,6/24/2026,591.9,634.0,591.9,624.0,5.42,99615.0,699.0,455.0
CFCL,6/26/2026,593.6,643.0,593.6,619.5,4.36,62869.0,699.0,455.0
CFCL,6/29/2026,612.1,625.0,610.0,616.7,0.75,85647.0,699.0,455.0
CFCL,6/30/2026,607.5,618.5,590.0,592.0,-2.55,73934.0,699.0,455.0
CFCL,7/1/2026,592.0,609.9,592.0,609.9,3.02,67593.0,699.0,455.0
CFCL,7/2/2026,605.6,619.0,605.0,617.9,2.03,66859.0,699.0,455.0
CFCL,7/3/2026,615.0,633.0,612.8,620.0,0.81,143035.0,699.0,455.0
CFCL,7/6/2026,589.0,646.0,589.0,633.6,7.57,245145.0,699.0,455.0
CFCL,7/7/2026,602.0,641.0,602.0,628.0,4.32,96032.0,699.0,455.0
CFCL,7/8/2026,636.0,636.0,610.1,617.9,-2.85,68234.0,699.0,455.0
CFCL,7/9/2026,611.3,622.0,608.0,614.0,0.44,144859.0,699.0,455.0
CFCL,7/10/2026,622.5,622.5,605.0,610.0,-2.01,41982.0,699.0,455.0
CFCL,7/13/2026,607.0,615.0,590.0,600.1,-1.14,156070.0,699.0,455.0
CFCL,7/14/2026,610.0,610.0,590.0,604.5,-0.9,47824.0,699.0,455.0
CFCL,7/15/2026,634.7,634.7,592.0,609.9,-3.91,49009.0,699.0,455.0
CFCL,7/16/2026,604.0,616.0,604.0,608.9,0.81,36063.0,699.0,455.0
CFCL,7/17/2026,614.7,631.8,607.0,631.6,2.75,123942.0,699.0,455.0
CFCL,7/20/2026,601.0,640.8,601.0,636.0,5.82,69994.0,699.0,455.0
CFCL,7/21/2026,605.0,647.0,605.0,633.0,4.63,110669.0,699.0,455.0
CFCL,7/22/2026,602.0,650.8,602.0,641.3,6.53,113396.0,699.0,455.0
CFCL,7/23/2026,610.0,660.0,610.0,649.9,6.54,110432.0,699.0,455.0
CFCL,7/24/2026,627.0,667.0,627.0,657.2,4.82,182999.0,699.0,455.0
CFCL,7/27/2026,624.4,682.8,624.4,660.0,5.7,238752.0,699.0,455.0
CFCL,7/28/2026,627.0,699.0,627.0,654.2,4.34,413605.0,699.0,455.0
CFCL,7/29/2026,686.0,686.0,641.0,642.5,-6.34,258051.0,699.0,455.0
CFCL,7/30/2026,611.0,661.7,611.0,660.1,8.04,133292.0,699.0,455.0
CFCL,7/31/2026,627.1,675.0,627.1,662.0,5.57,223631.0,699.0,455.0
CFCL,8/3/2026,629.0,670.0,629.0,660.0,4.93,133958.0,699.0,455.0
CFCL,8/4/2026,650.0,680.2,650.0,676.0,4.0,222498.0,699.0,455.0
CFCL,8/5/2026,643.0,690.0,643.0,680.0,5.75,243275.0,699.0,455.0
CFCL,8/6/2026,646.0,690.0,646.0,675.0,4.49,182547.0,699.0,455.0
CFCL,8/7/2026,642.0,675.0,642.0,660.0,2.8,45130.0,699.0,455.0
CFCL,8/10/2026,639.0,664.0,639.0,656.5,2.74,79134.0,699.0,455.0
CFCL,8/11/2026,648.1,659.7,648.0,658.0,1.53,76435.0,699.0,455.0
CFCL,8/12/2026,625.1,697.0,625.1,650.0,3.98,343174.0,699.0,455.0
CFCL,8/13/2026,630.0,669.5,630.0,646.0,2.54,190495.0,699.0,455.0
CFCL,8/14/2026,615.0,681.0,615.0,639.0,3.9,169405.0,699.0,455.0
CFCL,8/17/2026,607.1,642.9,588.9,610.0,0.48,141158.0,699.0,455.0
CFCL,8/18/2026,610.0,618.0,589.0,595.0,-2.46,158580.0,699.0,455.0
CFCL,8/19/2026,587.0,608.9,586.2,600.0,2.21,40716.0,699.0,455.0
CFCL,8/20/2026,590.0,600.0,588.0,590.1,0.02,47494.0,699.0,455.0
CFCL,8/21/2026,593.2,603.9,593.2,599.0,0.98,48090.0,699.0,455.0
CFCL,8/24/2026,592.0,604.4,592.0,599.6,1.28,42409.0,699.0,455.0
CFCL,8/25/2026,580.0,604.0,580.0,582.2,0.38,41479.0,699.0,455.0
CFCL,8/26/2026,575.0,594.4,565.6,579.0,0.7,63426.0,699.0,455.0
CFCL,8/27/2026,570.0,589.0,562.1,585.7,2.75,32748.0,699.0,455.0
CFCL,8/31/2026,560.0,587.7,560.0,580.0,3.57,45402.0,699.0,455.0
CFCL,9/1/2026,567.0,584.9,567.0,582.0,2.65,34751.0,699.0,455.0
CFCL,9/2/2026,578.0,635.0,569.0,635.0,9.86,157841.0,699.0,455.0
CFCL,9/3/2026,603.3,603.3,580.0,598.4,-0.81,116315.0,699.0,455.0
CFCL,9/7/2026,569.0,599.0,569.0,595.0,4.57,92390.0,699.0,455.0
CFCL,9/9/2026,589.0,655.0,560.0,561.0,-4.75,291259.0,699.0,455.0
CFCL,9/10/2026,560.0,586.0,560.0,586.0,4.64,83530.0,699.0,455.0
CFCL,9/11/2026,586.0,589.0,565.0,584.7,-0.22,46950.0,699.0,455.0
CFCL,9/14/2026,591.0,591.0,562.2,573.9,-2.89,99986.0,699.0,455.0
CFCL,9/15/2026,602.0,602.0,563.0,573.0,-4.82,186977.0,699.0,455.0
CFCL,9/16/2026,545.0,570.0,545.0,565.9,3.83,49832.0,699.0,455.0
CFCL,9/17/2026,549.9,575.0,549.9,570.0,3.66,33413.0,699.0,455.0
CFCL,9/18/2026,587.0,587.0,555.0,580.0,-1.19,90109.0,699.0,455.0
CFCL,9/22/2026,565.0,578.9,561.0,578.2,2.34,100409.0,699.0,455.0
CFCL,9/23/2026,607.0,607.0,561.3,567.0,-6.59,27553.0,699.0,455.0
CFCL,9/24/2026,565.0,567.9,558.0,567.9,0.51,94930.0,699.0,455.0
CFCL,9/28/2026,563.1,573.8,560.3,561.0,-0.37,33406.0,699.0,455.0
CFCL,9/29/2026,580.0,580.0,552.0,0.0,-100.0,9455.0,699.0,455.0
CFCL,9/30/2026,561.0,581.9,552.0,572.0,1.96,70213.0,699.0,455.0
CFCL,10/1/2026,560.0,585.0,560.0,572.0,2.14,32053.0,699.0,455.0
CFCL,10/2/2026,583.0,583.0,556.0,570.0,-2.23,24304.0,699.0,455.0
CGH,2/7/2021,161.0,164.0,161.0,164.0,,30.0,983.0,748.0
CGH,2/8/2021,159.0,173.0,159.0,173.0,5.49,50.0,983.0,748.0
CGH,2/9/2021,168.0,176.0,168.0,176.0,1.73,30.0,983.0,748.0
CGH,2/10/2021,179.0,179.0,179.0,179.0,1.7,20.0,983.0,748.0
CGH,2/11/2021,182.0,188.0,182.0,188.0,5.03,30.0,983.0,748.0
CGH,2/14/2021,191.0,194.0,191.0,194.0,3.19,20.0,983.0,748.0
CGH,2/15/2021,197.0,200.0,197.0,200.0,3.09,20.0,983.0,748.0
CGH,2/16/2021,204.0,220.0,204.0,220.0,10.0,100.0,983.0,748.0
CGH,2/17/2021,217.0,225.0,217.0,225.0,2.27,65.0,983.0,748.0
CGH,2/18/2021,229.0,245.0,229.0,245.0,8.89,50.0,983.0,748.0
CGH,2/21/2021,249.0,269.0,249.0,269.0,9.8,120.0,983.0,748.0
CGH,2/22/2021,280.0,295.0,280.0,295.0,9.67,50.0,983.0,748.0
CGH,2/23/2021,300.0,312.0,300.0,312.0,5.76,50.0,983.0,748.0
CGH,2/24/2021,297.0,343.0,295.0,343.0,9.94,190.0,983.0,748.0
CGH,2/25/2021,337.0,377.0,337.0,377.0,9.91,185.0,983.0,748.0
CGH,2/28/2021,395.0,414.0,395.0,414.0,9.81,150.0,983.0,748.0
CGH,3/1/2021,422.0,455.0,422.0,455.0,9.9,161.0,983.0,748.0
CGH,3/2/2021,459.0,500.0,459.0,500.0,9.89,205.0,983.0,748.0
CGH,3/3/2021,525.0,550.0,525.0,550.0,10.0,531.0,983.0,748.0
CGH,3/4/2021,577.0,605.0,577.0,605.0,10.0,716.0,983.0,748.0
CGH,3/7/2021,635.0,665.0,635.0,665.0,9.92,910.0,983.0,748.0
CGH,3/9/2021,698.0,731.0,698.0,731.0,9.92,1629.0,983.0,748.0
CGH,3/10/2021,767.0,804.0,767.0,804.0,9.99,2130.0,983.0,748.0
CGH,3/14/2021,844.0,884.0,844.0,884.0,9.95,3840.0,983.0,748.0
CGH,3/15/2021,928.0,972.0,928.0,972.0,9.95,4377.0,983.0,748.0
CGH,3/16/2021,1020.0,1069.0,1020.0,1069.0,9.98,7206.0,983.0,748.0
CGH,3/17/2021,1122.0,1175.0,1122.0,1175.0,9.92,5090.0,983.0,748.0
CGH,3/18/2021,1233.0,1292.0,1233.0,1292.0,9.96,7276.0,983.0,748.0
CGH,3/21/2021,1356.0,1421.0,1356.0,1421.0,9.98,10784.0,983.0,748.0
CGH,3/22/2021,1492.0,1563.0,1492.0,1563.0,9.99,17549.0,983.0,748.0
CGH,3/23/2021,1641.0,1719.0,1641.0,1719.0,9.98,19797.0,983.0,748.0
CGH,3/24/2021,1804.0,1890.0,1804.0,1890.0,9.95,17362.0,983.0,748.0
CGH,3/25/2021,1984.0,2079.0,1984.0,2079.0,10.0,30820.0,983.0,748.0
CGH,3/29/2021,2182.0,2286.0,1872.0,1930.0,-7.17,183623.0,983.0,748.0
CGH,3/30/2021,1900.0,2079.0,1850.0,2050.0,6.22,84925.0,983.0,748.0
CGH,3/31/2021,2060.0,2170.0,2050.0,2120.0,3.41,31955.0,983.0,748.0
CGH,4/1/2021,2120.0,2120.0,2037.0,2050.0,-3.3,34884.0,983.0,748.0
CGH,4/4/2021,2100.0,2100.0,1980.0,2009.0,-2.0,45782.0,983.0,748.0
CGH,4/5/2021,2009.0,2185.0,1980.0,2131.0,6.07,72510.0,983.0,748.0
CGH,4/6/2021,2237.0,2344.0,2108.0,2344.0,10.0,56311.0,983.0,748.0
CGH,4/7/2021,2461.0,2578.0,2355.0,2578.0,9.98,58262.0,983.0,748.0
CGH,4/8/2021,2578.0,2800.0,2500.0,2625.0,1.82,84315.0,983.0,748.0
CGH,4/12/2021,2675.0,2675.0,2532.0,2552.0,-2.78,55263.0,983.0,748.0
CGH,4/13/2021,2550.0,2560.0,2485.0,2485.0,-2.63,43878.0,983.0,748.0
CGH,4/15/2021,2450.0,2550.0,2405.0,2490.0,0.2,33584.0,983.0,748.0
CGH,4/18/2021,2490.0,2520.0,2409.0,2409.0,-3.25,38573.0,983.0,748.0
CGH,4/19/2021,2300.0,2329.0,2169.0,2180.0,-9.51,98372.0,983.0,748.0
CGH,4/20/2021,2071.0,2240.0,2071.0,2197.0,0.78,34463.0,983.0,748.0
CGH,4/21/2021,2196.0,2280.0,2160.0,2185.0,-0.55,16027.0,983.0,748.0
CGH,4/22/2021,2200.0,2228.0,2122.0,2135.0,-2.29,17055.0,983.0,748.0
CGH,4/25/2021,2093.0,2093.0,1941.0,1955.0,-8.43,54284.0,983.0,748.0
CGH,4/26/2021,1936.0,2019.0,1890.0,1924.0,-1.59,32988.0,983.0,748.0
CGH,4/27/2021,1924.0,1969.0,1896.0,1950.0,1.35,16883.0,983.0,748.0
CGH,4/28/2021,1960.0,1990.0,1911.0,1927.0,-1.18,13540.0,983.0,748.0
CGH,4/29/2021,1927.0,1943.0,1894.0,1902.0,-1.3,19104.0,983.0,748.0
CGH,5/2/2021,1893.0,2066.0,1824.0,1986.0,4.42,48659.0,983.0,748.0
CGH,5/3/2021,1900.0,2050.0,1900.0,1969.0,-0.86,19189.0,983.0,748.0
CGH,5/4/2021,1950.0,2000.0,1920.0,1930.0,-1.98,17048.0,983.0,748.0
CGH,5/5/2021,1911.0,1949.0,1898.0,1898.0,-1.66,17812.0,983.0,748.0
CGH,5/6/2021,1804.0,1930.0,1804.0,1871.0,-1.42,17620.0,983.0,748.0
CGH,5/9/2021,1851.0,1869.0,1825.0,1830.0,-2.19,19029.0,983.0,748.0
CGH,5/10/2021,1803.0,1872.0,1800.0,1845.0,0.82,14311.0,983.0,748.0
CGH,5/11/2021,1856.0,1879.0,1832.0,1859.0,0.76,9113.0,983.0,748.0
CGH,5/12/2021,1859.0,1860.0,1840.0,1850.0,-0.48,6492.0,983.0,748.0
CGH,5/13/2021,1836.0,1850.0,1819.0,1820.0,-1.62,18252.0,983.0,748.0
CGH,5/16/2021,1820.0,1850.0,1801.0,1838.0,0.99,18197.0,983.0,748.0
CGH,5/17/2021,1838.0,1856.0,1820.0,1825.0,-0.71,7849.0,983.0,748.0
CGH,5/18/2021,1850.0,1949.0,1819.0,1885.0,3.29,21722.0,983.0,748.0
CGH,5/19/2021,1855.0,1900.0,1845.0,1848.0,-1.96,9015.0,983.0,748.0
CGH,5/20/2021,1830.0,1850.0,1814.0,1820.0,-1.52,14733.0,983.0,748.0
CGH,5/23/2021,1800.0,1848.0,1795.0,1845.0,1.37,16148.0,983.0,748.0
CGH,5/24/2021,1823.0,1850.0,1822.0,1831.0,-0.76,16326.0,983.0,748.0
CGH,5/25/2021,1835.0,1849.0,1812.0,1816.0,-0.82,11045.0,983.0,748.0
CGH,5/27/2021,1816.0,1819.0,1790.0,1795.0,-1.16,16765.0,983.0,748.0
CGH,5/30/2021,1815.0,1820.0,1765.0,1778.0,-0.95,24258.0,983.0,748.0
CGH,5/31/2021,1771.0,1800.0,1748.0,1749.0,-1.63,26427.0,983.0,748.0
CGH,6/1/2021,1740.0,1750.0,1700.0,1709.0,-2.29,21442.0,983.0,748.0
CGH,6/2/2021,1742.0,1847.0,1685.0,1771.0,3.63,22971.0,983.0,748.0
CGH,6/3/2021,1800.0,1907.0,1772.0,1855.0,4.74,41121.0,983.0,748.0
CGH,6/6/2021,1870.0,1935.0,1855.0,1858.0,0.16,36654.0,983.0,748.0
CGH,6/7/2021,1845.0,1858.0,1812.0,1822.0,-1.94,10395.0,983.0,748.0
CGH,6/8/2021,1801.0,1855.0,1800.0,1807.0,-0.82,17974.0,983.0,748.0
CGH,6/9/2021,1819.0,1820.0,1766.0,1780.0,-1.49,15950.0,983.0,748.0
CGH,6/10/2021,1780.0,1809.0,1751.0,1774.0,-0.34,7488.0,983.0,748.0
CGH,6/13/2021,1751.0,1795.0,1751.0,1766.0,-0.45,22848.0,983.0,748.0
CGH,6/14/2021,1830.0,1830.0,1730.0,1731.0,-1.98,15343.0,983.0,748.0
CGH,6/15/2021,1817.0,1817.0,1685.0,1722.0,-0.52,35695.0,983.0,748.0
CGH,6/16/2021,1700.0,1722.0,1682.0,1686.0,-2.09,15638.0,983.0,748.0
CGH,6/17/2021,1690.0,1690.0,1645.0,1652.0,-2.02,14691.0,983.0,748.0
CGH,6/20/2021,1652.0,1685.0,1595.0,1624.0,-1.69,19147.0,983.0,748.0
CGH,6/21/2021,1620.0,1620.0,1570.0,1571.0,-3.26,11763.0,983.0,748.0
CGH,6/22/2021,1575.0,1614.0,1550.0,1580.0,0.57,10673.0,983.0,748.0
CGH,6/23/2021,1580.0,1640.0,1550.0,1560.0,-1.27,7519.0,983.0,748.0
CGH,6/24/2021,1560.0,1620.0,1540.0,1580.0,1.28,12409.0,983.0,748.0
CGH,6/27/2021,1610.0,1611.0,1555.0,1564.0,-1.01,7877.0,983.0,748.0
CGH,6/28/2021,1595.0,1618.0,1550.0,1570.0,0.38,5488.0,983.0,748.0
CGH,6/29/2021,1580.0,1580.0,1538.0,1550.0,-1.27,8202.0,983.0,748.0
CGH,6/30/2021,1530.0,1560.0,1524.0,1535.0,-0.97,4645.0,983.0,748.0
CGH,7/1/2021,1537.0,1560.0,1530.0,1530.0,-0.33,4843.0,983.0,748.0
CGH,7/4/2021,1506.0,1615.0,1506.0,1562.0,2.09,13251.0,983.0,748.0
CGH,7/5/2021,1560.0,1580.0,1550.0,1556.0,-0.38,3386.0,983.0,748.0
CGH,7/6/2021,1535.0,1565.0,1525.0,1545.0,-0.71,3520.0,983.0,748.0
CGH,7/7/2021,1523.0,1540.0,1510.0,1514.0,-2.01,4731.0,983.0,748.0
CGH,7/8/2021,1505.0,1525.0,1500.0,1523.0,0.59,6822.0,983.0,748.0
CGH,7/11/2021,1523.0,1584.0,1513.0,1550.0,1.77,5495.0,983.0,748.0
CGH,7/12/2021,1550.0,1578.0,1511.0,1523.0,-1.74,4940.0,983.0,748.0
CGH,7/13/2021,1529.0,1545.0,1513.0,1517.0,-0.39,3717.0,983.0,748.0
CGH,7/14/2021,1518.0,1521.0,1503.0,1515.0,-0.13,3826.0,983.0,748.0
CGH,7/15/2021,1515.0,1545.0,1503.0,1505.0,-0.66,4436.0,983.0,748.0
CGH,7/18/2021,1505.0,1540.0,1501.0,1508.0,0.2,9299.0,983.0,748.0
CGH,7/19/2021,1510.0,1540.0,1510.0,1520.0,0.8,7145.0,983.0,748.0
CGH,7/20/2021,1550.0,1550.0,1505.0,1518.0,-0.13,4534.0,983.0,748.0
CGH,7/22/2021,1515.0,1525.0,1505.0,1509.0,-0.59,9057.0,983.0,748.0
CGH,7/25/2021,1509.0,1515.0,1482.0,1495.0,-0.93,15527.0,983.0,748.0
CGH,7/26/2021,1485.0,1500.0,1476.0,1495.0,0.0,15420.0,983.0,748.0
CGH,7/27/2021,1495.0,1514.0,1476.0,1489.0,-0.4,10824.0,983.0,748.0
CGH,7/28/2021,1482.5,1637.9,1480.0,1637.9,10.0,27136.0,983.0,748.0
CGH,7/29/2021,1670.0,1790.0,1670.0,1737.0,6.05,44873.0,983.0,748.0
CGH,8/1/2021,1740.5,1741.0,1655.0,1670.0,-3.86,16976.0,983.0,748.0
CGH,8/2/2021,1700.0,1700.0,1610.0,1610.0,-3.59,15079.0,983.0,748.0
CGH,8/3/2021,1642.0,1665.0,1611.0,1637.1,1.68,13206.0,983.0,748.0
CGH,8/4/2021,1625.0,1640.0,1600.0,1613.0,-1.47,9525.0,983.0,748.0
CGH,8/5/2021,1600.0,1633.0,1583.0,1599.0,-0.87,9190.0,983.0,748.0
CGH,8/8/2021,1595.0,1610.0,1565.0,1588.0,-0.69,8836.0,983.0,748.0
CGH,8/9/2021,1556.3,1569.0,1510.0,1543.0,-2.83,13676.0,983.0,748.0
CGH,8/10/2021,1543.0,1567.0,1523.0,1531.0,-0.78,10554.0,983.0,748.0
CGH,8/11/2021,1525.0,1559.0,1521.0,1540.0,0.59,5955.0,983.0,748.0
CGH,8/12/2021,1570.8,1570.8,1516.2,1530.0,-0.65,9525.0,983.0,748.0
CGH,8/15/2021,1515.0,1525.0,1490.0,1509.9,-1.31,10207.0,983.0,748.0
CGH,8/16/2021,1491.0,1515.0,1487.0,1495.0,-0.99,7003.0,983.0,748.0
CGH,8/17/2021,1495.0,1522.9,1481.0,1499.0,0.27,10011.0,983.0,748.0
CGH,8/18/2021,1486.0,1560.0,1475.1,1500.0,0.07,7367.0,983.0,748.0
CGH,8/19/2021,1500.0,1550.0,1500.0,1505.0,0.33,9505.0,983.0,748.0
CGH,8/24/2021,1505.0,1550.0,1477.0,1497.0,-0.53,8388.0,983.0,748.0
CGH,8/25/2021,1477.0,1507.0,1477.0,1480.0,-1.14,5790.0,983.0,748.0
CGH,8/26/2021,1500.0,1559.0,1475.0,1491.0,0.74,14160.0,983.0,748.0
CGH,8/29/2021,1520.0,1550.0,1490.0,1490.0,-0.07,16637.0,983.0,748.0
CGH,8/31/2021,1485.0,1530.0,1471.0,1479.0,-0.74,8297.0,983.0,748.0
CGH,9/1/2021,1475.0,1517.0,1466.0,1511.0,2.16,13649.0,983.0,748.0
CGH,9/2/2021,1511.0,1650.0,1505.0,1590.0,5.23,41511.0,983.0,748.0
CGH,9/5/2021,1620.0,1622.0,1491.0,1548.9,-2.58,22733.0,983.0,748.0
CGH,9/6/2021,1519.0,1654.0,1519.0,1600.0,3.3,20294.0,983.0,748.0
CGH,9/7/2021,1630.0,1630.0,1529.0,1549.0,-3.19,9158.0,983.0,748.0
CGH,9/8/2021,1526.5,1546.0,1518.0,1518.0,-2.0,5505.0,983.0,748.0
CGH,9/9/2021,1518.0,1530.0,1505.0,1520.0,0.13,5346.0,983.0,748.0
CGH,9/12/2021,1500.0,1602.0,1500.0,1575.0,3.62,26438.0,983.0,748.0
CGH,9/13/2021,1575.0,1606.0,1550.0,1561.9,-0.83,10468.0,983.0,748.0
CGH,9/14/2021,1565.0,1565.0,1525.0,1565.0,0.2,3536.0,983.0,748.0
CGH,9/15/2021,1534.0,1545.0,1500.0,1510.0,-3.51,7016.0,983.0,748.0
CGH,9/16/2021,1488.1,1500.0,1402.0,1411.0,-6.56,24442.0,983.0,748.0
CGH,9/20/2021,1412.0,1420.0,1355.0,1370.0,-2.91,8160.0,983.0,748.0
CGH,9/21/2021,1345.2,1410.0,1301.0,1389.0,1.39,5325.0,983.0,748.0
CGH,9/22/2021,1415.0,1434.0,1390.0,1427.0,2.74,8528.0,983.0,748.0
CGH,9/23/2021,1429.0,1429.0,1346.0,1379.0,-3.36,10948.0,983.0,748.0
CGH,9/26/2021,1379.0,1406.0,1340.0,1340.5,-2.79,5071.0,983.0,748.0
CGH,9/27/2021,1340.0,1367.0,1296.0,1296.0,-3.32,8723.0,983.0,748.0
CGH,9/28/2021,1290.0,1344.0,1278.1,1285.0,-0.85,3161.0,983.0,748.0
CGH,9/29/2021,1309.0,1330.0,1239.7,1295.0,0.78,8395.0,983.0,748.0
CGH,9/30/2021,1300.0,1319.0,1260.1,1287.0,-0.62,5892.0,983.0,748.0
CGH,10/3/2021,1287.0,1288.0,1251.0,1252.0,-2.72,5917.0,983.0,748.0
CGH,10/4/2021,1252.0,1277.0,1240.0,1267.0,1.2,3883.0,983.0,748.0
CGH,10/5/2021,1242.0,1300.0,1242.0,1270.0,0.24,3278.0,983.0,748.0
CGH,10/6/2021,1280.0,1305.0,1263.0,1295.0,1.97,3603.0,983.0,748.0
CGH,10/10/2021,1280.0,1299.0,1256.0,1256.0,-3.01,3419.0,983.0,748.0
CGH,10/11/2021,1281.0,1281.0,1250.0,1262.0,0.48,2555.0,983.0,748.0
CGH,10/17/2021,1253.0,1356.0,1252.1,1350.0,6.97,6098.0,983.0,748.0
CGH,10/18/2021,1330.0,1330.0,1300.0,1300.0,-3.7,3418.0,983.0,748.0
CGH,10/19/2021,1282.0,1288.0,1262.0,1266.0,-2.62,3691.0,983.0,748.0
CGH,10/20/2021,1291.0,1316.0,1266.0,1290.0,1.9,3710.0,983.0,748.0
CGH,10/21/2021,1275.0,1310.0,1270.0,1280.0,-0.78,2625.0,983.0,748.0
CGH,10/24/2021,1280.0,1294.0,1273.0,1281.0,0.08,2626.0,983.0,748.0
CGH,10/25/2021,1290.0,1320.0,1290.0,1320.0,3.04,3471.0,983.0,748.0
CGH,10/26/2021,1294.0,1452.0,1294.0,1452.0,10.0,16054.0,983.0,748.0
CGH,10/27/2021,1460.0,1530.0,1400.0,1481.0,2.0,15590.0,983.0,748.0
CGH,10/28/2021,1481.1,1489.2,1428.0,1460.0,-1.42,3937.0,983.0,748.0
CGH,10/31/2021,1489.2,1606.0,1473.0,1606.0,10.0,23293.0,983.0,748.0
CGH,11/1/2021,1638.0,1737.0,1600.0,1619.0,0.81,25870.0,983.0,748.0
CGH,11/2/2021,1590.0,1700.0,1586.0,1664.0,2.78,14960.0,983.0,748.0
CGH,11/3/2021,1690.0,1690.0,1625.0,1625.1,-2.34,9205.0,983.0,748.0
CGH,11/8/2021,1595.0,1643.0,1589.0,1592.1,-2.03,4895.0,983.0,748.0
CGH,11/9/2021,1571.1,1583.0,1530.8,1535.2,-3.57,9510.0,983.0,748.0
CGH,11/11/2021,1515.0,1537.0,1475.0,1488.0,-3.07,3533.0,983.0,748.0
CGH,11/14/2021,1488.0,1539.0,1461.0,1524.0,2.42,3572.0,983.0,748.0
CGH,11/15/2021,1550.0,1565.7,1523.0,1540.0,1.05,3998.0,983.0,748.0
CGH,11/16/2021,1541.1,1580.0,1521.0,1562.0,1.43,5395.0,983.0,748.0
CGH,11/17/2021,1562.0,1638.0,1550.0,1602.0,2.56,13446.0,983.0,748.0
CGH,11/18/2021,1570.0,1610.0,1555.0,1574.0,-1.75,4520.0,983.0,748.0
CGH,11/21/2021,1605.0,1605.4,1549.0,1549.0,-1.59,3824.0,983.0,748.0
CGH,11/22/2021,1547.0,1702.0,1533.0,1700.0,9.75,30319.0,983.0,748.0
CGH,11/23/2021,1734.0,1734.0,1642.0,1642.0,-3.41,14574.0,983.0,748.0
CGH,11/24/2021,1617.0,1674.0,1577.9,1630.0,-0.73,23706.0,983.0,748.0
CGH,11/25/2021,1600.0,1632.0,1468.1,1581.0,-3.01,58392.0,983.0,748.0
CGH,11/28/2021,1549.4,1549.4,1422.9,1500.0,-5.12,29561.0,983.0,748.0
CGH,11/29/2021,1475.0,1487.0,1390.0,1422.0,-5.2,20381.0,983.0,748.0
CGH,11/30/2021,1450.0,1450.0,1390.0,1425.0,0.21,7380.0,983.0,748.0
CGH,12/1/2021,1425.0,1449.0,1409.0,1415.0,-0.7,5449.0,983.0,748.0
CGH,12/2/2021,1443.0,1460.0,1390.1,1392.0,-1.63,10415.0,983.0,748.0
CGH,12/5/2021,1392.0,1419.0,1347.5,1360.0,-2.3,6038.0,983.0,748.0
CGH,12/6/2021,1340.0,1428.0,1315.0,1369.0,0.66,6967.0,983.0,748.0
CGH,12/7/2021,1396.3,1411.0,1325.0,1350.0,-1.39,4869.0,983.0,748.0
CGH,12/8/2021,1324.0,1371.0,1315.0,1320.3,-2.2,3657.0,983.0,748.0
CGH,12/9/2021,1310.0,1346.7,1306.3,1335.0,1.11,3504.0,983.0,748.0
CGH,12/12/2021,1336.0,1345.0,1286.0,1286.0,-3.67,5992.0,983.0,748.0
CGH,12/13/2021,1261.0,1300.0,1237.0,1275.0,-0.86,9120.0,983.0,748.0
CGH,12/14/2021,1300.0,1347.0,1299.0,1347.0,5.65,1635.0,983.0,748.0
CGH,12/15/2021,1373.0,1398.0,1302.0,1311.0,-2.67,8588.0,983.0,748.0
CGH,12/16/2021,1300.0,1320.0,1285.0,1291.0,-1.53,6306.0,983.0,748.0
CGH,12/20/2021,1270.0,1310.0,1254.0,1261.0,-2.32,8362.0,983.0,748.0
CGH,12/21/2021,1286.2,1304.9,1280.0,1290.0,2.3,2670.0,983.0,748.0
CGH,12/22/2021,1300.0,1362.4,1300.0,1350.1,4.66,7305.0,983.0,748.0
CGH,12/23/2021,1331.0,1412.0,1323.1,1356.0,0.44,8664.0,983.0,748.0
CGH,12/26/2021,1360.0,1410.0,1360.0,1395.0,2.88,6563.0,983.0,748.0
CGH,12/27/2021,1385.0,1426.9,1350.0,1360.0,-2.51,14656.0,983.0,748.0
CGH,12/28/2021,1370.0,1385.0,1341.0,1374.0,1.03,2790.0,983.0,748.0
CGH,12/29/2021,1400.0,1400.0,1366.0,1379.0,0.36,4751.0,983.0,748.0
CGH,1/2/2022,1405.0,1434.0,1385.0,1426.0,3.41,10189.0,983.0,748.0
CGH,1/3/2022,1450.0,1465.0,1425.0,1438.0,0.84,8772.0,983.0,748.0
CGH,1/4/2022,1438.0,1480.0,1421.0,1479.0,2.85,6324.0,983.0,748.0
CGH,1/5/2022,1480.0,1480.0,1435.0,1444.0,-2.37,7426.0,983.0,748.0
CGH,1/6/2022,1449.0,1565.0,1444.0,1515.0,4.92,15467.0,983.0,748.0
CGH,1/9/2022,1525.0,1555.0,1490.0,1505.0,-0.66,12557.0,983.0,748.0
CGH,1/10/2022,1492.0,1500.0,1459.0,1460.0,-2.99,14382.0,983.0,748.0
CGH,1/11/2022,1460.0,1489.2,1442.0,1456.0,-0.27,14774.0,983.0,748.0
CGH,1/12/2022,1456.0,1484.0,1440.0,1445.0,-0.76,9725.0,983.0,748.0
CGH,1/13/2022,1468.0,1468.0,1441.1,1464.0,1.31,6493.0,983.0,748.0
CGH,1/16/2022,1493.0,1515.0,1475.0,1500.0,2.46,17191.0,983.0,748.0
CGH,1/17/2022,1528.0,1528.0,1471.0,1505.0,0.33,7955.0,983.0,748.0
CGH,1/18/2022,1478.0,1562.0,1478.0,1487.0,-1.2,13654.0,983.0,748.0
CGH,1/19/2022,1516.0,1546.0,1470.0,1470.0,-1.14,5717.0,983.0,748.0
CGH,1/20/2022,1452.0,1489.0,1452.0,1480.2,0.69,2638.0,983.0,748.0
CGH,1/23/2022,1480.0,1505.0,1461.5,1461.5,-1.26,3724.0,983.0,748.0
CGH,1/24/2022,1460.0,1462.0,1390.0,1427.0,-2.36,9473.0,983.0,748.0
CGH,1/25/2022,1405.0,1455.0,1388.0,1388.0,-2.73,5299.0,983.0,748.0
CGH,1/26/2022,1381.0,1436.0,1372.1,1406.0,1.3,7994.0,983.0,748.0
CGH,1/27/2022,1420.0,1420.0,1390.0,1395.0,-0.78,3134.0,983.0,748.0
CGH,1/30/2022,1422.9,1465.2,1422.9,1460.0,4.66,6658.0,983.0,748.0
CGH,1/31/2022,1489.2,1489.2,1440.6,1459.0,-0.07,7189.0,983.0,748.0
CGH,2/1/2022,1432.2,1480.0,1432.2,1455.0,-0.27,5268.0,983.0,748.0
CGH,2/3/2022,1470.0,1470.0,1425.0,1426.0,-1.99,11539.0,983.0,748.0
CGH,2/6/2022,1405.0,1448.0,1405.0,1420.0,-0.42,4010.0,983.0,748.0
CGH,2/7/2022,1405.0,1446.0,1405.0,1419.0,-0.07,1802.0,983.0,748.0
CGH,2/8/2022,1447.3,1475.0,1417.1,1423.0,0.28,8008.0,983.0,748.0
CGH,2/9/2022,1420.0,1437.8,1410.1,1421.0,-0.14,2780.0,983.0,748.0
CGH,2/10/2022,1410.0,1439.9,1410.0,1425.0,0.28,2773.0,983.0,748.0
CGH,2/13/2022,1405.0,1405.0,1371.0,1375.2,-3.49,5066.0,983.0,748.0
CGH,2/14/2022,1375.2,1414.5,1361.0,1395.0,1.44,6186.0,983.0,748.0
CGH,2/15/2022,1420.0,1420.0,1380.0,1409.0,1.0,4020.0,983.0,748.0
CGH,2/16/2022,1400.0,1408.0,1375.1,1399.9,-0.65,3011.0,983.0,748.0
CGH,2/17/2022,1400.0,1400.0,1372.0,1386.4,-0.96,1805.0,983.0,748.0
CGH,2/20/2022,1386.4,1386.4,1350.0,1375.0,-0.82,2365.0,983.0,748.0
CGH,2/21/2022,1399.9,1399.9,1375.0,1383.0,0.58,3150.0,983.0,748.0
CGH,2/22/2022,1407.6,1410.0,1380.0,1392.0,0.65,2800.0,983.0,748.0
CGH,2/23/2022,1419.0,1419.0,1373.0,1373.0,-1.36,3261.0,983.0,748.0
CGH,2/24/2022,1356.0,1369.0,1348.0,1348.0,-1.82,3494.0,983.0,748.0
CGH,2/27/2022,1345.0,1370.0,1345.0,1354.0,0.45,1846.0,983.0,748.0
CGH,2/28/2022,1381.0,1381.0,1335.0,1335.0,-1.4,3521.0,983.0,748.0
CGH,3/2/2022,1311.0,1361.7,1311.0,1316.2,-1.41,3595.0,983.0,748.0
CGH,3/6/2022,1316.2,1349.0,1301.0,1325.0,0.67,2965.0,983.0,748.0
CGH,3/7/2022,1306.0,1360.0,1305.0,1336.1,0.84,3405.0,983.0,748.0
CGH,3/9/2022,1320.0,1336.0,1314.0,1336.0,-0.01,2604.0,983.0,748.0
CGH,3/10/2022,1315.0,1353.0,1312.0,1340.0,0.3,2900.0,983.0,748.0
CGH,3/13/2022,1366.0,1428.0,1340.0,1400.0,4.48,7099.0,983.0,748.0
CGH,3/14/2022,1400.0,1400.0,1376.0,1399.0,-0.07,620.0,983.0,748.0
CGH,3/15/2022,1426.0,1453.0,1375.0,1408.0,0.64,12753.0,983.0,748.0
CGH,3/16/2022,1415.0,1433.0,1387.1,1406.0,-0.14,6653.0,983.0,748.0
CGH,3/20/2022,1410.0,1410.0,1380.0,1390.0,-1.14,7301.0,983.0,748.0
CGH,3/21/2022,1369.0,1397.4,1369.0,1390.0,0.0,2620.0,983.0,748.0
CGH,3/22/2022,1390.0,1409.0,1380.0,1399.0,0.65,2164.0,983.0,748.0
CGH,3/23/2022,1375.0,1399.0,1375.0,1390.0,-0.64,1947.0,983.0,748.0
CGH,3/24/2022,1375.1,1397.9,1371.0,1380.0,-0.72,2364.0,983.0,748.0
CGH,3/27/2022,1395.0,1395.0,1345.0,1360.0,-1.45,4150.0,983.0,748.0
CGH,3/28/2022,1340.1,1366.0,1323.0,1340.0,-1.47,3681.0,983.0,748.0
CGH,3/29/2022,1339.0,1355.0,1313.0,1342.0,0.15,4994.0,983.0,748.0
CGH,3/30/2022,1331.0,1370.0,1323.0,1370.0,2.09,2661.0,983.0,748.0
CGH,3/31/2022,1360.0,1379.0,1325.0,1325.0,-3.28,3825.0,983.0,748.0
CGH,4/3/2022,1325.0,1325.0,1312.2,1320.0,-0.38,2015.0,983.0,748.0
CGH,4/4/2022,1320.0,1340.0,1310.0,1310.0,-0.76,3107.0,983.0,748.0
CGH,4/5/2022,1289.69,1315.0,1289.69,1306.0,-0.31,2999.0,983.0,748.0
CGH,4/6/2022,1290.0,1332.0,1290.0,1301.0,-0.38,5447.0,983.0,748.0
CGH,4/7/2022,1315.0,1355.0,1303.0,1330.0,2.23,8158.0,983.0,748.0
CGH,4/11/2022,1335.0,1383.7,1309.0,1309.0,-1.58,4955.0,983.0,748.0
CGH,4/12/2022,1288.1,1329.0,1288.1,1315.0,0.46,2036.0,983.0,748.0
CGH,4/13/2022,1315.0,1348.0,1301.5,1343.0,2.13,5323.0,983.0,748.0
CGH,4/17/2022,1321.0,1343.0,1308.0,1320.0,-1.71,2936.0,983.0,748.0
CGH,4/18/2022,1297.0,1309.0,1291.0,1294.1,-1.96,3495.0,983.0,748.0
CGH,4/19/2022,1280.0,1319.0,1280.0,1300.0,0.46,1049.0,983.0,748.0
CGH,4/20/2022,1285.0,1324.0,1266.2,1267.0,-2.54,3413.0,983.0,748.0
CGH,4/21/2022,1265.0,1300.0,1256.0,1296.0,2.29,2740.0,983.0,748.0
CGH,4/24/2022,1296.0,1325.0,1277.0,1320.0,1.85,2640.0,983.0,748.0
CGH,4/25/2022,1346.0,1346.0,1303.4,1325.0,0.38,4676.0,983.0,748.0
CGH,4/26/2022,1310.0,1337.0,1300.0,1330.0,0.38,3670.0,983.0,748.0
CGH,4/27/2022,1347.0,1347.0,1295.1,1340.0,0.75,4095.0,983.0,748.0
CGH,4/28/2022,1339.0,1339.8,1295.0,1338.9,-0.08,3318.0,983.0,748.0
CGH,5/2/2022,1315.0,1328.0,1278.0,1280.0,-4.4,4034.0,983.0,748.0
CGH,5/4/2022,1260.0,1280.0,1255.0,1269.0,-0.86,1346.0,983.0,748.0
CGH,5/5/2022,1250.0,1250.0,1202.0,1219.9,-3.87,6181.0,983.0,748.0
CGH,5/8/2022,1218.0,1256.0,1198.0,1256.0,2.96,2791.0,983.0,748.0
CGH,5/9/2022,1277.0,1277.0,1225.0,1225.0,-2.47,1550.0,983.0,748.0
CGH,5/10/2022,1220.0,1256.0,1216.0,1254.0,2.37,1869.0,983.0,748.0
CGH,5/11/2022,1254.0,1277.0,1240.0,1274.0,1.59,5142.0,983.0,748.0
CGH,5/12/2022,1299.0,1299.0,1241.0,1259.0,-1.18,2612.0,983.0,748.0
CGH,5/17/2022,1269.0,1269.0,1192.0,1211.0,-3.81,2711.0,983.0,748.0
CGH,5/18/2022,1200.0,1224.0,1193.0,1205.0,-0.5,1037.0,983.0,748.0
CGH,5/19/2022,1205.0,1226.0,1190.0,1209.0,0.33,2583.0,983.0,748.0
CGH,5/20/2022,1205.0,1220.0,1176.0,1199.0,-0.83,3795.0,983.0,748.0
CGH,5/23/2022,1200.0,1200.0,1146.0,1160.0,-3.25,3031.0,983.0,748.0
CGH,5/24/2022,1150.0,1194.0,1150.0,1164.0,0.34,1080.0,983.0,748.0
CGH,5/25/2022,1170.0,1185.0,1161.0,1165.0,0.09,1257.0,983.0,748.0
CGH,5/26/2022,1155.0,1178.0,1155.0,1162.0,-0.26,1279.0,983.0,748.0
CGH,5/27/2022,1183.5,1183.5,1147.0,1164.0,0.17,1485.0,983.0,748.0
CGH,5/30/2022,1164.0,1190.0,1140.0,1148.0,-1.37,3076.0,983.0,748.0
CGH,5/31/2022,1126.0,1148.0,1112.0,1125.0,-2.0,3167.0,983.0,748.0
CGH,6/1/2022,1147.0,1147.0,1100.0,1100.5,-2.18,2435.0,983.0,748.0
CGH,6/2/2022,1114.0,1132.0,1101.7,1101.8,0.12,1108.0,983.0,748.0
CGH,6/3/2022,1105.0,1127.0,1085.0,1095.0,-0.62,1995.0,983.0,748.0
CGH,6/6/2022,1110.0,1116.9,1074.0,1084.0,-1.0,2474.0,983.0,748.0
CGH,6/7/2022,1063.0,1071.0,1035.0,1036.0,-4.43,3752.0,983.0,748.0
CGH,6/8/2022,1056.0,1120.0,1030.1,1100.0,6.18,2636.0,983.0,748.0
CGH,6/9/2022,1099.9,1120.0,1061.0,1080.0,-1.82,2022.0,983.0,748.0
CGH,6/10/2022,1060.0,1070.0,1050.0,1050.0,-2.78,2310.0,983.0,748.0
CGH,6/13/2022,1050.0,1050.0,1014.4,1038.0,-1.14,3070.0,983.0,748.0
CGH,6/14/2022,1025.0,1040.0,1005.0,1009.0,-2.79,3085.0,983.0,748.0
CGH,6/15/2022,997.6,1017.0,997.6,1017.0,0.79,5559.0,983.0,748.0
CGH,6/16/2022,1015.0,1036.5,999.0,1005.0,-1.18,2298.0,983.0,748.0
CGH,6/17/2022,1000.1,1030.0,1000.1,1005.0,0.0,1627.0,983.0,748.0
CGH,6/19/2022,1002.0,1002.0,989.0,989.0,-1.59,3314.0,983.0,748.0
CGH,6/20/2022,985.0,985.0,951.0,952.0,-3.74,4037.0,983.0,748.0
CGH,6/21/2022,971.0,988.9,950.0,984.0,3.36,1947.0,983.0,748.0
CGH,6/22/2022,965.0,983.0,955.0,958.0,-2.64,1055.0,983.0,748.0
CGH,6/23/2022,940.0,950.0,921.0,924.0,-3.55,2210.0,983.0,748.0
CGH,6/24/2022,907.0,942.0,900.2,941.0,1.84,1358.0,983.0,748.0
CGH,6/26/2022,959.0,988.0,950.0,985.0,4.68,3282.0,983.0,748.0
CGH,6/27/2022,985.0,992.0,955.0,956.0,-2.94,2327.0,983.0,748.0
CGH,6/28/2022,945.0,959.0,932.0,955.0,-0.1,2819.0,983.0,748.0
CGH,6/29/2022,955.0,1005.0,937.0,995.0,4.19,1849.0,983.0,748.0
CGH,6/30/2022,1012.0,1075.0,992.0,1061.0,6.63,5903.0,983.0,748.0
CGH,7/1/2022,1040.0,1075.0,1010.0,1050.0,-1.04,1135.0,983.0,748.0
CGH,7/3/2022,1029.0,1132.0,1015.0,1132.0,7.81,4103.0,983.0,748.0
CGH,7/4/2022,1151.0,1187.0,1060.0,1095.0,-3.27,9954.0,983.0,748.0
CGH,7/5/2022,1075.0,1115.0,1039.8,1051.0,-4.02,5362.0,983.0,748.0
CGH,7/6/2022,1033.4,1120.0,1020.0,1078.0,2.57,2472.0,983.0,748.0
CGH,7/7/2022,1099.5,1099.5,1046.0,1058.0,-1.86,2074.0,983.0,748.0
CGH,7/8/2022,1036.9,1036.9,1014.0,1016.0,-3.97,2615.0,983.0,748.0
CGH,7/11/2022,995.7,995.7,950.0,950.0,-6.5,4568.0,983.0,748.0
CGH,7/12/2022,969.0,993.0,951.0,969.0,2.0,2905.0,983.0,748.0
CGH,7/13/2022,988.3,1049.0,970.2,1048.0,8.15,3066.0,983.0,748.0
CGH,7/14/2022,1062.0,1082.0,1029.0,1050.0,0.19,2220.0,983.0,748.0
CGH,7/15/2022,1029.0,1049.9,1020.0,1049.9,-0.01,1207.0,983.0,748.0
CGH,7/17/2022,1032.0,1059.9,1020.0,1022.0,-2.66,1240.0,983.0,748.0
CGH,7/18/2022,1040.0,1099.0,1025.0,1083.9,6.06,5940.0,983.0,748.0
CGH,7/19/2022,1105.0,1124.5,1085.0,1117.0,3.05,5491.0,983.0,748.0
CGH,7/20/2022,1130.0,1130.0,1075.0,1106.0,-0.98,2252.0,983.0,748.0
CGH,7/21/2022,1090.0,1116.0,1083.9,1095.0,-0.99,3486.0,983.0,748.0
CGH,7/22/2022,1075.0,1089.9,1065.0,1065.0,-2.74,1980.0,983.0,748.0
CGH,7/24/2022,1086.3,1114.0,1070.0,1114.0,4.6,2538.0,983.0,748.0
CGH,7/25/2022,1114.0,1145.0,1100.0,1144.0,2.69,8982.0,983.0,748.0
CGH,7/26/2022,1140.0,1145.0,1099.0,1105.0,-3.41,8354.0,983.0,748.0
CGH,7/27/2022,1106.0,1130.0,1091.0,1129.0,2.17,2472.0,983.0,748.0
CGH,7/28/2022,1148.6,1160.0,1121.2,1140.0,0.97,7467.0,983.0,748.0
CGH,7/29/2022,1120.0,1204.0,1105.0,1164.0,2.11,5433.0,983.0,748.0
CGH,7/31/2022,1160.0,1205.0,1160.0,1194.0,2.58,5180.0,983.0,748.0
CGH,8/1/2022,1170.3,1200.0,1161.0,1162.0,-2.68,6372.0,983.0,748.0
CGH,8/2/2022,1185.0,1188.0,1143.0,1165.0,0.26,2978.0,983.0,748.0
CGH,8/3/2022,1147.0,1176.0,1146.0,1147.0,-1.55,2607.0,983.0,748.0
CGH,8/4/2022,1146.0,1146.0,1104.5,1104.5,-3.71,3300.0,983.0,748.0
CGH,8/5/2022,1105.0,1110.0,1078.0,1086.0,-1.67,2396.0,983.0,748.0
CGH,8/7/2022,1107.7,1151.0,1107.7,1113.0,2.49,6761.0,983.0,748.0
CGH,8/8/2022,1100.0,1120.0,1100.0,1100.0,-1.17,3035.0,983.0,748.0
CGH,8/9/2022,1110.0,1110.0,1065.0,1066.0,-3.09,3444.0,983.0,748.0
CGH,8/10/2022,1052.0,1082.0,1052.0,1060.0,-0.56,2529.0,983.0,748.0
CGH,8/11/2022,1081.2,1081.2,1046.1,1046.1,-1.31,2100.0,983.0,748.0
CGH,8/14/2022,1033.0,1050.0,1033.0,1033.0,-1.25,1202.0,983.0,748.0
CGH,8/15/2022,1033.0,1073.0,1033.0,1066.0,3.19,1535.0,983.0,748.0
CGH,8/16/2022,1061.0,1087.0,1046.0,1061.9,-0.38,4179.0,983.0,748.0
CGH,8/17/2022,1043.0,1058.0,1043.0,1058.0,-0.37,1872.0,983.0,748.0
CGH,8/18/2022,1042.0,1075.0,1042.0,1065.0,0.66,1135.0,983.0,748.0
CGH,8/21/2022,1086.0,1086.0,1060.0,1070.0,0.47,3048.0,983.0,748.0
CGH,8/22/2022,1051.0,1065.0,1040.0,1060.0,-0.93,916.0,983.0,748.0
CGH,8/23/2022,1060.0,1070.0,1047.4,1048.1,-1.12,1660.0,983.0,748.0
CGH,8/24/2022,1069.0,1069.0,1051.1,1053.0,0.47,1518.0,983.0,748.0
CGH,8/25/2022,1050.0,1058.0,1038.0,1038.0,-1.42,2713.0,983.0,748.0
CGH,8/26/2022,1028.5,1045.0,1025.0,1042.0,0.39,3055.0,983.0,748.0
CGH,8/28/2022,1040.0,1044.0,1010.0,1011.0,-2.98,2301.0,983.0,748.0
CGH,8/29/2022,995.0,1024.0,995.0,1024.0,1.29,695.0,983.0,748.0
CGH,8/30/2022,1020.0,1025.0,1014.5,1015.0,-0.88,547.0,983.0,748.0
CGH,8/31/2022,1020.0,1020.0,996.0,1005.0,-0.99,1583.0,983.0,748.0
CGH,9/1/2022,1001.1,1019.9,995.0,1019.9,1.48,1208.0,983.0,748.0
CGH,9/2/2022,1035.0,1035.0,999.6,1005.0,-1.46,1243.0,983.0,748.0
CGH,9/4/2022,1015.0,1015.0,995.0,1007.0,0.2,1834.0,983.0,748.0
CGH,9/5/2022,997.0,1014.0,993.0,1005.0,-0.2,4136.0,983.0,748.0
CGH,9/6/2022,1001.0,1014.9,999.0,1014.9,0.99,3042.0,983.0,748.0
CGH,9/7/2022,1000.0,1008.9,994.0,1008.9,-0.59,1090.0,983.0,748.0
CGH,9/8/2022,989.0,1009.0,989.0,999.0,-0.98,1315.0,983.0,748.0
CGH,9/11/2022,990.0,1000.0,981.0,987.5,-1.15,922.0,983.0,748.0
CGH,9/12/2022,995.0,995.0,980.0,980.0,-0.76,720.0,983.0,748.0
CGH,9/13/2022,996.0,1005.0,982.2,984.1,0.42,1791.0,983.0,748.0
CGH,9/14/2022,984.0,1012.0,984.0,1012.0,2.84,900.0,983.0,748.0
CGH,9/15/2022,991.8,991.8,972.0,975.0,-3.66,1698.0,983.0,748.0
CGH,9/16/2022,955.5,989.0,955.5,980.0,0.51,984.0,983.0,748.0
CGH,9/18/2022,960.4,970.0,950.0,969.0,-1.12,1800.0,983.0,748.0
CGH,9/20/2022,950.1,957.0,940.0,957.0,-1.24,1270.0,983.0,748.0
CGH,9/21/2022,950.0,976.2,950.0,975.0,1.88,1040.0,983.0,748.0
CGH,9/22/2022,994.0,994.0,957.0,972.0,-0.31,633.0,983.0,748.0
CGH,9/25/2022,960.0,963.5,951.0,960.0,-1.23,442.0,983.0,748.0
CGH,9/27/2022,950.0,979.0,946.0,950.0,-1.04,4480.0,983.0,748.0
CGH,9/28/2022,951.0,969.0,951.0,960.0,1.05,828.0,983.0,748.0
CGH,9/29/2022,975.0,975.0,964.0,964.0,0.42,435.0,983.0,748.0
CGH,10/9/2022,983.0,983.0,965.1,982.0,1.87,612.0,983.0,748.0
CGH,10/10/2022,982.0,982.1,966.0,968.0,-1.43,975.0,983.0,748.0
CGH,10/11/2022,965.0,965.0,950.0,960.0,-0.83,3109.0,983.0,748.0
CGH,10/12/2022,946.0,975.0,946.0,975.0,1.56,418.0,983.0,748.0
CGH,10/13/2022,975.0,975.0,960.0,974.0,-0.1,500.0,983.0,748.0
CGH,10/16/2022,962.0,968.0,958.0,958.0,-1.64,830.0,983.0,748.0
CGH,10/17/2022,950.0,970.0,950.0,953.0,-0.52,1868.0,983.0,748.0
CGH,10/19/2022,945.0,963.0,945.0,955.0,0.21,855.0,983.0,748.0
CGH,10/20/2022,945.0,963.9,945.0,960.0,0.52,3430.0,983.0,748.0
CGH,10/23/2022,965.0,974.0,956.1,970.9,1.14,736.0,983.0,748.0
CGH,10/31/2022,952.0,989.0,952.0,975.0,0.42,589.0,983.0,748.0
CGH,11/1/2022,980.0,1013.8,966.0,1000.0,2.56,1441.0,983.0,748.0
CGH,11/2/2022,984.0,1011.8,984.0,1007.9,0.79,4503.0,983.0,748.0
CGH,11/3/2022,1013.0,1013.0,995.0,1003.0,-0.49,640.0,983.0,748.0
CGH,11/6/2022,1000.0,1050.6,992.1,1034.0,3.09,3599.0,983.0,748.0
CGH,11/7/2022,1043.0,1056.0,1021.0,1034.0,0.0,2624.0,983.0,748.0
CGH,11/8/2022,1040.0,1040.0,1000.1,1030.0,-0.39,1060.0,983.0,748.0
CGH,11/9/2022,1015.0,1040.0,996.0,1009.9,-1.95,926.0,983.0,748.0
CGH,11/10/2022,990.1,1015.0,990.0,990.2,-1.95,1611.0,983.0,748.0
CGH,11/13/2022,1010.0,1010.0,978.0,980.0,-1.03,3655.0,983.0,748.0
CGH,11/14/2022,999.0,999.0,981.0,990.0,1.02,1305.0,983.0,748.0
CGH,11/15/2022,985.0,999.0,980.3,996.0,0.61,901.0,983.0,748.0
CGH,11/16/2022,996.0,1012.0,996.0,1012.0,1.61,1308.0,983.0,748.0
CGH,11/17/2022,993.1,1030.0,993.1,1022.0,0.99,2152.0,983.0,748.0
CGH,11/22/2022,1006.0,1015.0,1002.0,1002.0,-1.96,1146.0,983.0,748.0
CGH,11/23/2022,1002.0,1007.0,995.0,1000.0,-0.2,1955.0,983.0,748.0
CGH,11/24/2022,1000.0,1018.9,996.1,1000.0,0.0,1333.0,983.0,748.0
CGH,11/27/2022,1000.0,1019.0,1000.0,1019.0,1.9,1540.0,983.0,748.0
CGH,11/28/2022,1030.0,1050.0,1000.0,1019.9,0.09,1746.0,983.0,748.0
CGH,11/29/2022,1015.5,1020.0,1005.0,1010.0,-0.97,1081.0,983.0,748.0
CGH,11/30/2022,1008.0,1008.0,990.0,1008.0,-0.2,3148.0,983.0,748.0
CGH,12/1/2022,990.0,1015.0,990.0,1002.0,-0.6,778.0,983.0,748.0
CGH,12/4/2022,1000.0,1018.0,998.1,1010.2,0.82,1390.0,983.0,748.0
CGH,12/5/2022,1005.0,1019.0,1000.0,1000.0,-1.01,2109.0,983.0,748.0
CGH,12/6/2022,1000.0,1010.0,995.0,1002.0,0.2,476.0,983.0,748.0
CGH,12/7/2022,995.0,1020.0,995.0,1005.0,0.3,2775.0,983.0,748.0
CGH,12/11/2022,991.0,1000.0,985.0,991.0,-1.39,1120.0,983.0,748.0
CGH,12/12/2022,1009.0,1010.0,987.0,1010.0,1.92,3546.0,983.0,748.0
CGH,12/13/2022,995.0,1010.0,995.0,1001.0,-0.89,1816.0,983.0,748.0
CGH,12/14/2022,995.0,1009.0,995.0,1005.0,0.4,1435.0,983.0,748.0
CGH,12/15/2022,987.0,1005.7,986.0,987.5,-1.74,2274.0,983.0,748.0
CGH,12/18/2022,1007.2,1007.2,981.2,984.2,-0.33,1420.0,983.0,748.0
CGH,12/19/2022,1000.0,1003.0,980.0,980.0,-0.43,1425.0,983.0,748.0
CGH,12/20/2022,998.0,998.7,979.0,998.0,1.84,1180.0,983.0,748.0
CGH,12/21/2022,998.0,999.0,985.0,999.0,0.1,248.0,983.0,748.0
CGH,12/22/2022,980.1,990.0,980.0,990.0,-0.9,999.0,983.0,748.0
CGH,12/26/2022,990.0,1020.0,990.0,1010.0,2.02,2072.0,983.0,748.0
CGH,12/27/2022,1028.0,1055.7,1017.0,1055.0,4.46,7532.0,983.0,748.0
CGH,12/28/2022,1034.0,1054.0,1017.0,1023.0,-3.03,1525.0,983.0,748.0
CGH,12/29/2022,1039.9,1049.0,1020.0,1048.0,2.44,5127.0,983.0,748.0
CGH,1/1/2023,1050.1,1100.0,1035.0,1079.0,2.96,9198.0,983.0,748.0
CGH,1/2/2023,1058.0,1160.0,1058.0,1150.0,6.58,7541.0,983.0,748.0
CGH,1/3/2023,1150.0,1190.0,1136.0,1178.0,2.43,4025.0,983.0,748.0
CGH,1/4/2023,1160.0,1203.6,1136.0,1179.0,0.08,11133.0,983.0,748.0
CGH,1/5/2023,1175.0,1296.9,1155.0,1296.9,10.0,20016.0,983.0,748.0
CGH,1/8/2023,1300.0,1424.0,1275.1,1405.7,8.39,19951.0,983.0,748.0
CGH,1/9/2023,1409.0,1438.0,1380.7,1390.0,-1.12,12924.0,983.0,748.0
CGH,1/10/2023,1390.0,1487.0,1350.0,1374.0,-1.15,18695.0,983.0,748.0
CGH,1/12/2023,1400.0,1428.0,1292.0,1304.0,-5.09,9066.0,983.0,748.0
CGH,1/17/2023,1330.0,1428.0,1278.0,1400.0,7.36,9160.0,983.0,748.0
CGH,1/18/2023,1380.2,1410.0,1360.5,1380.0,-1.43,5632.0,983.0,748.0
CGH,1/19/2023,1360.0,1379.0,1352.4,1373.0,-0.51,2017.0,983.0,748.0
CGH,1/23/2023,1350.0,1366.0,1310.0,1312.1,-4.44,8202.0,983.0,748.0
CGH,1/24/2023,1287.0,1365.0,1287.0,1295.0,-1.3,4979.0,983.0,748.0
CGH,1/25/2023,1300.0,1376.0,1300.0,1376.0,6.25,7797.0,983.0,748.0
CGH,1/26/2023,1379.0,1410.0,1349.0,1377.0,0.07,8555.0,983.0,748.0
CGH,1/29/2023,1351.0,1379.9,1324.0,1350.0,-1.96,6899.0,983.0,748.0
CGH,1/30/2023,1327.0,1344.0,1294.0,1300.0,-3.7,5234.0,983.0,748.0
CGH,1/31/2023,1301.0,1315.0,1288.7,1290.1,-0.76,2225.0,983.0,748.0
CGH,2/1/2023,1295.0,1320.0,1290.3,1309.0,1.47,2415.0,983.0,748.0
CGH,2/2/2023,1295.1,1346.4,1275.0,1305.0,-0.31,4939.0,983.0,748.0
CGH,2/5/2023,1319.0,1345.0,1290.1,1315.0,0.77,4795.0,983.0,748.0
CGH,2/6/2023,1320.0,1320.0,1290.1,1307.0,-0.61,2816.0,983.0,748.0
CGH,2/7/2023,1320.0,1369.0,1311.0,1364.8,4.42,6892.0,983.0,748.0
CGH,2/8/2023,1389.0,1389.0,1323.0,1338.0,-1.96,6104.0,983.0,748.0
CGH,2/9/2023,1364.7,1364.7,1320.0,1336.0,-0.15,2792.0,983.0,748.0
CGH,2/12/2023,1310.0,1320.0,1285.0,1295.0,-3.07,8189.0,983.0,748.0
CGH,2/14/2023,1300.0,1300.0,1253.0,1274.0,-1.62,5946.0,983.0,748.0
CGH,2/15/2023,1260.0,1294.9,1251.0,1255.0,-1.49,2639.0,983.0,748.0
CGH,2/16/2023,1245.0,1265.0,1225.0,1235.0,-1.59,3945.0,983.0,748.0
CGH,2/20/2023,1231.0,1255.0,1220.0,1220.0,-1.21,3610.0,983.0,748.0
CGH,2/22/2023,1206.0,1268.0,1206.0,1250.0,2.46,2295.0,983.0,748.0
CGH,2/23/2023,1225.0,1225.0,1190.0,1203.0,-3.76,4120.0,983.0,748.0
CGH,2/26/2023,1179.0,1228.9,1160.0,1228.9,2.15,3343.0,983.0,748.0
CGH,2/27/2023,1228.0,1240.0,1181.2,1202.0,-2.19,2825.0,983.0,748.0
CGH,2/28/2023,1202.0,1225.0,1190.0,1200.0,-0.17,2627.0,983.0,748.0
CGH,3/1/2023,1182.4,1200.0,1181.2,1187.0,-1.08,949.0,983.0,748.0
CGH,3/2/2023,1185.0,1187.0,1170.0,1185.0,-0.17,866.0,983.0,748.0
CGH,3/5/2023,1170.0,1170.0,1145.2,1148.0,-3.12,2150.0,983.0,748.0
CGH,3/7/2023,1150.0,1200.0,1150.0,1157.0,0.78,1261.0,983.0,748.0
CGH,3/9/2023,1160.0,1185.0,1155.1,1170.0,1.12,2094.0,983.0,748.0
CGH,3/12/2023,1152.0,1193.4,1149.0,1150.0,-1.71,1388.0,983.0,748.0
CGH,3/13/2023,1145.0,1162.0,1131.1,1135.0,-1.3,944.0,983.0,748.0
CGH,3/14/2023,1135.0,1170.0,1135.0,1140.0,0.44,1329.0,983.0,748.0
CGH,3/15/2023,1130.0,1145.0,1121.0,1144.0,0.35,3530.0,983.0,748.0
CGH,3/16/2023,1145.0,1160.0,1121.5,1129.0,-1.31,1985.0,983.0,748.0
CGH,3/19/2023,1120.0,1155.0,1120.0,1148.0,1.68,731.0,983.0,748.0
CGH,3/20/2023,1132.0,1185.0,1131.0,1180.0,2.79,1810.0,983.0,748.0
CGH,3/22/2023,1165.0,1185.0,1150.0,1150.0,-2.54,1510.0,983.0,748.0
CGH,3/23/2023,1136.0,1150.0,1130.0,1135.0,-1.3,2395.0,983.0,748.0
CGH,3/26/2023,1121.1,1140.0,1118.0,1137.0,0.18,2520.0,983.0,748.0
CGH,3/27/2023,1114.3,1133.0,1099.0,1133.0,-0.35,4381.0,983.0,748.0
CGH,3/28/2023,1152.0,1160.0,1130.0,1145.0,1.06,3292.0,983.0,748.0
CGH,3/29/2023,1126.0,1148.5,1126.0,1140.0,-0.44,1420.0,983.0,748.0
CGH,3/30/2023,1119.0,1141.0,1118.0,1140.0,0.0,1730.0,983.0,748.0
CGH,4/2/2023,1136.0,1146.0,1122.4,1123.0,-1.49,715.0,983.0,748.0
CGH,4/3/2023,1120.1,1136.9,1102.0,1115.0,-0.71,1906.0,983.0,748.0
CGH,4/4/2023,1101.1,1120.0,1100.0,1106.0,-0.81,893.0,983.0,748.0
CGH,4/5/2023,1106.0,1116.9,1101.0,1116.0,0.9,520.0,983.0,748.0
CGH,4/6/2023,1100.0,1126.0,1100.0,1104.4,-1.04,2040.0,983.0,748.0
CGH,4/9/2023,1100.0,1110.0,1088.0,1100.0,-0.4,2411.0,983.0,748.0
CGH,4/10/2023,1118.6,1122.0,1097.6,1118.0,1.64,1210.0,983.0,748.0
CGH,4/11/2023,1096.0,1131.0,1096.0,1131.0,1.16,1510.0,983.0,748.0
CGH,4/12/2023,1130.0,1175.0,1120.1,1175.0,3.89,4439.0,983.0,748.0
CGH,4/13/2023,1190.0,1190.0,1141.0,1151.1,-2.03,1840.0,983.0,748.0
CGH,4/16/2023,1173.0,1211.0,1146.0,1174.0,1.99,6276.0,983.0,748.0
CGH,4/17/2023,1177.7,1194.0,1160.0,1168.9,-0.43,2471.0,983.0,748.0
CGH,4/18/2023,1170.0,1170.0,1141.3,1141.3,-2.36,1445.0,983.0,748.0
CGH,4/19/2023,1146.1,1153.0,1130.0,1145.0,0.32,2688.0,983.0,748.0
CGH,4/20/2023,1130.0,1160.0,1130.0,1135.0,-0.87,2279.0,983.0,748.0
CGH,4/23/2023,1120.0,1135.0,1119.0,1129.0,-0.53,1335.0,983.0,748.0
CGH,4/24/2023,1118.0,1130.0,1112.1,1123.0,-0.53,1255.0,983.0,748.0
CGH,4/25/2023,1111.0,1127.0,1111.0,1120.0,-0.27,592.0,983.0,748.0
CGH,4/26/2023,1120.0,1136.9,1110.0,1110.0,-0.89,1873.0,983.0,748.0
CGH,4/27/2023,1110.1,1120.1,1102.1,1115.0,0.45,1771.0,983.0,748.0
CGH,4/30/2023,1101.1,1124.0,1078.0,1078.0,-3.32,5221.0,983.0,748.0
CGH,5/2/2023,1085.0,1095.0,1064.0,1080.1,0.19,1457.0,983.0,748.0
CGH,5/3/2023,1067.0,1080.0,1066.1,1078.0,-0.19,515.0,983.0,748.0
CGH,5/4/2023,1060.1,1099.5,1060.0,1093.0,1.39,1162.0,983.0,748.0
CGH,5/7/2023,1072.1,1075.0,1050.6,1064.0,-2.65,1210.0,983.0,748.0
CGH,5/8/2023,1042.8,1050.0,1023.5,1023.5,-3.81,1930.0,983.0,748.0
CGH,5/9/2023,1003.1,1060.0,1003.1,1037.0,1.32,1530.0,983.0,748.0
CGH,5/10/2023,1021.1,1035.0,1010.0,1010.0,-2.6,1110.0,983.0,748.0
CGH,5/11/2023,1010.0,1020.0,1000.0,1008.0,-0.2,900.0,983.0,748.0
CGH,5/14/2023,1025.0,1040.0,1013.0,1015.0,0.69,721.0,983.0,748.0
CGH,5/15/2023,1006.3,1025.0,1006.2,1015.0,0.0,834.0,983.0,748.0
CGH,5/16/2023,1003.0,1025.0,1003.0,1020.0,0.49,851.0,983.0,748.0
CGH,5/17/2023,1024.9,1034.0,1019.0,1020.0,0.0,590.0,983.0,748.0
CGH,5/18/2023,1040.0,1085.0,1037.0,1060.0,3.92,1449.0,983.0,748.0
CGH,5/21/2023,1079.9,1088.0,1040.0,1054.0,-0.57,3475.0,983.0,748.0
CGH,5/22/2023,1034.0,1100.0,1034.0,1075.0,1.99,2505.0,983.0,748.0
CGH,5/23/2023,1096.0,1148.0,1085.0,1130.0,5.12,6743.0,983.0,748.0
CGH,5/24/2023,1111.0,1190.0,1111.0,1178.0,4.25,5685.0,983.0,748.0
CGH,5/28/2023,1165.0,1189.3,1132.0,1136.0,-3.57,11597.0,983.0,748.0
CGH,5/30/2023,1114.0,1125.0,1090.0,1111.0,-2.2,7680.0,983.0,748.0
CGH,5/31/2023,1133.2,1133.2,1060.0,1090.0,-1.89,4553.0,983.0,748.0
CGH,6/1/2023,1104.0,1110.0,1062.1,1089.0,-0.09,2162.0,983.0,748.0
CGH,6/4/2023,1110.0,1146.0,1100.0,1125.1,3.31,2562.0,983.0,748.0
CGH,6/5/2023,1125.1,1152.0,1104.0,1106.1,-1.69,2416.0,983.0,748.0
CGH,6/6/2023,1087.0,1150.0,1087.0,1140.0,3.06,3313.0,983.0,748.0
CGH,6/7/2023,1135.0,1170.0,1135.0,1152.0,1.05,2939.0,983.0,748.0
CGH,6/8/2023,1129.0,1145.0,1125.1,1132.1,-1.73,2093.0,983.0,748.0
CGH,6/11/2023,1112.0,1155.0,1112.0,1142.0,0.87,4128.0,983.0,748.0
CGH,6/12/2023,1140.0,1256.0,1122.0,1256.0,9.98,14062.0,983.0,748.0
CGH,6/13/2023,1260.0,1326.0,1215.0,1270.0,1.11,15686.0,983.0,748.0
CGH,6/14/2023,1250.0,1298.0,1215.0,1258.0,-0.94,9680.0,983.0,748.0
CGH,6/15/2023,1258.0,1285.0,1212.0,1279.9,1.74,9691.0,983.0,748.0
CGH,6/18/2023,1300.0,1315.0,1270.0,1301.0,1.65,13620.0,983.0,748.0
CGH,6/19/2023,1282.0,1307.0,1265.0,1284.5,-1.27,5603.0,983.0,748.0
CGH,6/20/2023,1265.0,1305.0,1206.0,1225.0,-4.63,7983.0,983.0,748.0
CGH,6/21/2023,1216.0,1284.0,1212.0,1244.0,1.55,7035.0,983.0,748.0
CGH,6/22/2023,1223.1,1339.0,1223.0,1320.0,6.11,19284.0,983.0,748.0
CGH,6/25/2023,1320.1,1375.0,1316.0,1350.0,2.27,27667.0,983.0,748.0
CGH,6/26/2023,1350.0,1367.0,1306.0,1306.0,-3.26,10207.0,983.0,748.0
CGH,6/27/2023,1300.0,1355.0,1300.0,1320.0,1.07,25194.0,983.0,748.0
CGH,6/28/2023,1304.0,1315.0,1276.0,1277.0,-3.26,12431.0,983.0,748.0
CGH,7/2/2023,1277.0,1299.0,1249.0,1249.0,-2.19,7903.0,983.0,748.0
CGH,7/3/2023,1250.0,1295.0,1226.0,1295.0,3.68,7833.0,983.0,748.0
CGH,7/4/2023,1300.0,1311.0,1260.0,1297.0,0.15,6617.0,983.0,748.0
CGH,7/5/2023,1286.0,1287.0,1250.0,1280.0,-1.31,3152.0,983.0,748.0
CGH,7/6/2023,1289.0,1318.0,1240.0,1280.0,0.0,4470.0,983.0,748.0
CGH,7/9/2023,1280.0,1352.0,1260.0,1350.0,5.47,9457.0,983.0,748.0
CGH,7/10/2023,1350.0,1375.0,1301.0,1336.0,-1.04,6805.0,983.0,748.0
CGH,7/11/2023,1312.0,1325.0,1291.2,1292.0,-3.29,4234.0,983.0,748.0
CGH,7/12/2023,1310.0,1310.0,1284.2,1288.0,-0.31,1518.0,983.0,748.0
CGH,7/13/2023,1312.0,1313.0,1260.0,1290.0,0.16,2773.0,983.0,748.0
CGH,7/16/2023,1300.0,1300.0,1261.1,1280.0,-0.78,1445.0,983.0,748.0
CGH,7/17/2023,1256.0,1327.0,1254.4,1326.0,3.59,9009.0,983.0,748.0
CGH,7/18/2023,1331.9,1331.9,1300.0,1304.0,-1.66,2256.0,983.0,748.0
CGH,7/19/2023,1304.0,1328.0,1300.0,1301.0,-0.23,4635.0,983.0,748.0
CGH,7/20/2023,1327.0,1353.0,1283.2,1309.0,0.61,2627.0,983.0,748.0
CGH,7/23/2023,1335.0,1439.9,1335.0,1439.9,10.0,63782.0,983.0,748.0
CGH,7/24/2023,1468.0,1520.0,1388.0,1470.0,2.09,27357.0,983.0,748.0
CGH,7/25/2023,1499.0,1499.0,1410.0,1438.0,-2.18,14729.0,983.0,748.0
CGH,7/26/2023,1420.0,1439.0,1362.2,1405.0,-2.29,23992.0,983.0,748.0
CGH,7/27/2023,1419.0,1419.0,1350.0,1373.0,-2.28,7833.0,983.0,748.0
CGH,7/30/2023,1389.9,1389.9,1325.1,1327.0,-3.35,9712.0,983.0,748.0
CGH,7/31/2023,1320.0,1371.0,1320.0,1340.0,0.98,9054.0,983.0,748.0
CGH,8/1/2023,1340.0,1386.0,1325.2,1345.0,0.37,7522.0,983.0,748.0
CGH,8/2/2023,1328.0,1360.0,1323.0,1355.0,0.74,4697.0,983.0,748.0
CGH,8/3/2023,1355.0,1360.0,1312.0,1345.0,-0.74,9993.0,983.0,748.0
CGH,8/6/2023,1345.0,1355.0,1250.0,1275.0,-5.2,15082.0,983.0,748.0
CGH,8/7/2023,1298.0,1310.0,1273.0,1295.0,1.57,3283.0,983.0,748.0
CGH,8/8/2023,1285.0,1305.0,1237.9,1270.0,-1.93,6368.0,983.0,748.0
CGH,8/9/2023,1246.0,1315.0,1246.0,1315.0,3.54,5688.0,983.0,748.0
CGH,8/10/2023,1314.0,1340.0,1292.1,1295.1,-1.51,6531.0,983.0,748.0
CGH,8/13/2023,1290.0,1315.0,1281.0,1303.0,0.61,7740.0,983.0,748.0
CGH,8/14/2023,1303.0,1328.0,1290.0,1299.9,-0.24,3535.0,983.0,748.0
CGH,8/15/2023,1320.0,1351.0,1295.0,1302.1,0.17,9722.0,983.0,748.0
CGH,8/16/2023,1303.0,1322.3,1277.0,1307.0,0.38,9271.0,983.0,748.0
CGH,8/17/2023,1308.0,1319.3,1290.0,1310.0,0.23,2064.0,983.0,748.0
CGH,8/20/2023,1290.0,1319.0,1270.0,1280.0,-2.29,5824.0,983.0,748.0
CGH,8/21/2023,1264.0,1292.0,1264.0,1266.4,-1.06,1614.0,983.0,748.0
CGH,8/22/2023,1290.0,1290.0,1267.0,1285.0,1.47,4590.0,983.0,748.0
CGH,8/23/2023,1289.0,1299.0,1274.0,1295.0,0.78,4518.0,983.0,748.0
CGH,8/24/2023,1295.0,1300.0,1268.0,1268.0,-2.08,2667.0,983.0,748.0
CGH,8/27/2023,1255.0,1274.9,1252.0,1269.5,0.12,4739.0,983.0,748.0
CGH,8/28/2023,1246.0,1284.0,1246.0,1255.0,-1.14,1672.0,983.0,748.0
CGH,8/29/2023,1251.3,1265.0,1246.0,1254.0,-0.08,4196.0,983.0,748.0
CGH,8/30/2023,1255.0,1270.0,1241.0,1253.0,-0.08,4483.0,983.0,748.0
CGH,9/3/2023,1240.0,1241.0,1220.0,1235.0,-1.44,2369.0,983.0,748.0
CGH,9/4/2023,1259.0,1259.7,1220.6,1231.0,-0.32,7376.0,983.0,748.0
CGH,9/5/2023,1223.0,1224.0,1216.1,1224.0,-0.57,2606.0,983.0,748.0
CGH,9/7/2023,1205.0,1216.1,1200.0,1201.0,-1.88,4120.0,983.0,748.0
CGH,9/10/2023,1205.0,1225.0,1204.0,1224.9,1.99,1046.0,983.0,748.0
CGH,9/11/2023,1206.2,1275.0,1206.2,1275.0,4.09,2092.0,983.0,748.0
CGH,9/12/2023,1250.0,1251.0,1225.0,1240.0,-2.75,1812.0,983.0,748.0
CGH,9/13/2023,1216.5,1260.0,1216.5,1260.0,1.61,3658.0,983.0,748.0
CGH,9/17/2023,1250.0,1285.0,1221.0,1223.0,-2.94,2681.0,983.0,748.0
CGH,9/18/2023,1223.0,1237.0,1215.0,1218.0,-0.41,5767.0,983.0,748.0
CGH,9/19/2023,1242.0,1242.0,1215.3,1238.0,1.64,1339.0,983.0,748.0
CGH,9/21/2023,1260.0,1267.9,1238.0,1255.0,1.37,4642.0,983.0,748.0
CGH,9/24/2023,1250.0,1250.0,1225.0,1242.0,-1.04,2552.0,983.0,748.0
CGH,9/25/2023,1240.0,1248.0,1208.0,1220.0,-1.77,4520.0,983.0,748.0
CGH,9/26/2023,1244.4,1244.4,1201.0,1201.0,-1.56,7656.0,983.0,748.0
CGH,9/27/2023,1208.0,1217.0,1193.0,1202.0,0.08,3221.0,983.0,748.0
CGH,10/1/2023,1195.0,1200.0,1173.0,1198.0,-0.33,3796.0,983.0,748.0
CGH,10/2/2023,1187.0,1205.0,1170.0,1199.0,0.08,3749.0,983.0,748.0
CGH,10/3/2023,1190.0,1190.0,1165.7,1165.7,-2.78,1724.0,983.0,748.0
CGH,10/4/2023,1161.2,1180.0,1161.2,1175.0,0.8,1761.0,983.0,748.0
CGH,10/5/2023,1190.0,1190.0,1153.0,1155.0,-1.7,1679.0,983.0,748.0
CGH,10/8/2023,1162.0,1162.0,1110.0,1126.0,-2.51,5179.0,983.0,748.0
CGH,10/9/2023,1110.0,1120.0,1096.2,1096.2,-2.65,2260.0,983.0,748.0
CGH,10/10/2023,1090.0,1100.0,1071.0,1080.0,-1.48,2414.0,983.0,748.0
CGH,10/11/2023,1088.0,1097.5,1081.0,1090.0,0.93,1544.0,983.0,748.0
CGH,10/12/2023,1111.8,1111.8,1071.5,1071.5,-1.7,1965.0,983.0,748.0
CGH,10/16/2023,1056.1,1076.0,1040.0,1054.0,-1.63,1004.0,983.0,748.0
CGH,10/17/2023,1075.0,1075.0,1050.0,1066.0,1.14,1863.0,983.0,748.0
CGH,10/18/2023,1060.0,1100.0,1060.0,1090.0,2.25,765.0,983.0,748.0
CGH,10/19/2023,1070.0,1100.0,1068.2,1097.7,0.71,2440.0,983.0,748.0
CGH,10/29/2023,1076.0,1076.0,1040.0,1062.0,-3.25,1272.0,983.0,748.0
CGH,10/30/2023,1046.2,1070.0,1046.2,1059.0,-0.28,578.0,983.0,748.0
CGH,10/31/2023,1045.0,1056.0,1039.0,1056.0,-0.28,1501.0,983.0,748.0
CGH,11/1/2023,1041.2,1062.0,1041.2,1060.0,0.38,910.0,983.0,748.0
CGH,11/2/2023,1055.0,1124.0,1045.0,1124.0,6.04,1346.0,983.0,748.0
CGH,11/5/2023,1101.6,1101.6,1070.0,1084.4,-3.52,1383.0,983.0,748.0
CGH,11/6/2023,1085.0,1100.0,1080.0,1091.0,0.61,2039.0,983.0,748.0
CGH,11/7/2023,1100.0,1116.0,1088.0,1091.0,0.0,1385.0,983.0,748.0
CGH,11/8/2023,1091.0,1109.0,1087.0,1087.0,-0.37,696.0,983.0,748.0
CGH,11/9/2023,1077.0,1087.0,1077.0,1077.0,-0.92,651.0,983.0,748.0
CGH,11/20/2023,1098.0,1100.0,1060.5,1079.0,0.19,1937.0,983.0,748.0
CGH,11/21/2023,1075.0,1088.0,1051.0,1051.0,-2.59,907.0,983.0,748.0
CGH,11/22/2023,1040.0,1092.0,1040.0,1089.0,3.62,1357.0,983.0,748.0
CGH,11/23/2023,1080.0,1100.0,1080.0,1092.5,0.32,768.0,983.0,748.0
CGH,11/26/2023,1113.0,1119.0,1097.0,1113.0,1.88,2565.0,983.0,748.0
CGH,11/27/2023,1100.0,1120.0,1100.0,1105.0,-0.72,2113.0,983.0,748.0
CGH,11/28/2023,1126.0,1126.0,1086.1,1109.0,0.36,2525.0,983.0,748.0
CGH,11/29/2023,1130.0,1150.0,1110.0,1111.0,0.18,2904.0,983.0,748.0
CGH,11/30/2023,1100.0,1122.0,1078.0,1098.0,-1.17,1557.0,983.0,748.0
CGH,12/3/2023,1089.0,1089.0,1070.2,1070.2,-2.53,3426.0,983.0,748.0
CGH,12/4/2023,1067.0,1089.0,1054.4,1056.0,-1.33,2638.0,983.0,748.0
CGH,12/5/2023,1040.1,1074.0,1007.0,1007.0,-4.64,6797.0,983.0,748.0
CGH,12/6/2023,996.0,1017.0,987.3,1010.0,0.3,3750.0,983.0,748.0
CGH,12/7/2023,1010.0,1032.9,991.5,1013.1,0.31,4439.0,983.0,748.0
CGH,12/10/2023,1033.0,1114.0,1033.0,1114.0,9.96,870.0,983.0,748.0
CGH,12/11/2023,1136.2,1136.2,1070.0,1079.9,-3.06,11746.0,983.0,748.0
CGH,12/12/2023,1080.0,1096.0,1047.7,1075.0,-0.45,11237.0,983.0,748.0
CGH,12/13/2023,1060.2,1075.0,1045.0,1050.0,-2.33,11069.0,983.0,748.0
CGH,12/14/2023,1035.0,1069.9,1035.0,1050.3,0.03,5024.0,983.0,748.0
CGH,12/17/2023,1045.0,1065.0,1030.0,1040.0,-0.98,8840.0,983.0,748.0
CGH,12/18/2023,1048.1,1108.7,1048.1,1081.0,3.94,15022.0,983.0,748.0
CGH,12/19/2023,1102.0,1159.7,1081.1,1150.0,6.38,15144.0,983.0,748.0
CGH,12/20/2023,1127.0,1150.0,1099.9,1120.0,-2.61,11558.0,983.0,748.0
CGH,12/21/2023,1120.0,1135.0,1095.0,1096.0,-2.14,11364.0,983.0,748.0
CGH,12/24/2023,1085.9,1085.9,1001.0,1029.0,-6.11,22728.0,983.0,748.0
CGH,12/27/2023,1049.0,1059.0,968.0,980.0,-4.76,34740.0,983.0,748.0
CGH,12/28/2023,999.0,1000.0,970.6,980.1,0.01,15031.0,983.0,748.0
CGH,1/1/2024,980.0,984.9,954.0,957.0,-2.36,16228.0,983.0,748.0
CGH,1/2/2024,958.0,960.0,935.1,935.1,-2.29,12094.0,983.0,748.0
CGH,1/3/2024,950.2,962.0,940.0,962.0,2.88,8764.0,983.0,748.0
CGH,1/4/2024,981.0,1019.0,956.1,956.1,-0.61,9737.0,983.0,748.0
CGH,1/7/2024,956.0,962.0,927.0,940.0,-1.68,12604.0,983.0,748.0
CGH,1/8/2024,930.0,940.0,902.1,913.0,-2.87,17435.0,983.0,748.0
CGH,1/9/2024,901.0,950.0,901.0,943.0,3.29,14982.0,983.0,748.0
CGH,1/10/2024,950.0,960.0,915.1,924.0,-2.01,8737.0,983.0,748.0
CGH,1/11/2024,924.0,940.0,911.0,924.0,0.0,6061.0,983.0,748.0
CGH,1/14/2024,930.0,935.0,915.0,915.6,-0.91,9777.0,983.0,748.0
CGH,1/16/2024,920.0,925.0,910.5,918.0,0.26,18016.0,983.0,748.0
CGH,1/17/2024,935.0,935.0,915.1,918.0,0.0,17440.0,983.0,748.0
CGH,1/18/2024,910.0,925.0,905.0,920.0,0.22,9327.0,983.0,748.0
CGH,1/21/2024,920.0,920.0,901.6,905.0,-1.63,17105.0,983.0,748.0
CGH,1/22/2024,886.9,925.0,840.0,863.0,-4.64,30948.0,983.0,748.0
CGH,1/23/2024,845.8,949.3,796.2,949.3,10.0,53539.0,983.0,748.0
CGH,1/24/2024,968.2,1044.2,968.2,1044.2,10.0,58555.0,983.0,748.0
CGH,1/25/2024,1065.0,1145.0,1019.2,1045.0,0.08,47959.0,983.0,748.0
CGH,1/28/2024,1045.0,1045.0,941.0,942.0,-9.86,73501.0,983.0,748.0
CGH,1/29/2024,940.0,940.5,907.0,914.1,-2.96,42352.0,983.0,748.0
CGH,1/30/2024,914.1,1005.5,880.1,1005.5,10.0,137948.0,983.0,748.0
CGH,1/31/2024,1019.0,1035.0,960.0,960.0,-4.53,44614.0,983.0,748.0
CGH,2/1/2024,940.8,982.9,939.0,947.0,-1.35,34596.0,983.0,748.0
CGH,2/4/2024,950.0,950.0,915.0,939.0,-0.84,45115.0,983.0,748.0
CGH,2/5/2024,925.0,940.0,900.0,903.0,-3.83,65754.0,983.0,748.0
CGH,2/6/2024,905.0,925.0,905.0,906.0,0.33,27043.0,983.0,748.0
CGH,2/7/2024,903.0,946.9,903.0,926.0,2.21,51745.0,983.0,748.0
CGH,2/8/2024,908.0,929.9,908.0,920.0,-0.65,96206.0,983.0,748.0
CGH,2/11/2024,938.4,938.4,902.0,907.0,-1.41,33788.0,983.0,748.0
CGH,2/12/2024,918.0,919.8,899.0,909.0,0.22,49539.0,983.0,748.0
CGH,2/13/2024,927.1,927.1,880.1,883.0,-2.86,39818.0,983.0,748.0
CGH,2/14/2024,900.0,900.0,873.0,888.0,0.57,33500.0,983.0,748.0
CGH,2/15/2024,873.0,896.0,872.5,872.5,-1.75,14405.0,983.0,748.0
CGH,2/18/2024,882.0,889.0,852.6,860.0,-1.43,21481.0,983.0,748.0
CGH,2/20/2024,860.0,877.0,855.0,859.0,-0.12,6043.0,983.0,748.0
CGH,2/21/2024,855.0,870.0,835.0,847.0,-1.4,15511.0,983.0,748.0
CGH,2/22/2024,863.9,863.9,829.0,830.0,-2.01,14308.0,983.0,748.0
CGH,2/25/2024,846.6,846.6,815.0,819.0,-1.33,14307.0,983.0,748.0
CGH,2/26/2024,819.0,831.9,809.0,824.0,0.61,16957.0,983.0,748.0
CGH,2/27/2024,824.0,834.0,810.0,824.0,0.0,10999.0,983.0,748.0
CGH,2/28/2024,840.4,840.4,810.0,818.0,-0.73,16455.0,983.0,748.0
CGH,2/29/2024,834.2,834.2,798.7,805.0,-1.59,25487.0,983.0,748.0
CGH,3/3/2024,805.0,817.0,798.0,811.0,0.75,14452.0,983.0,748.0
CGH,3/4/2024,827.0,876.9,827.0,876.9,8.13,920.0,983.0,748.0
CGH,3/5/2024,877.0,880.0,823.2,827.0,-5.69,21372.0,983.0,748.0
CGH,3/6/2024,815.1,840.9,808.0,825.9,-0.13,16175.0,983.0,748.0
CGH,3/7/2024,842.4,842.4,810.0,818.0,-0.96,15450.0,983.0,748.0
CGH,3/10/2024,834.0,834.0,818.0,824.2,0.76,14453.0,983.0,748.0
CGH,3/12/2024,840.6,857.4,825.0,854.9,3.72,25533.0,983.0,748.0
CGH,3/13/2024,871.9,871.9,840.0,843.0,-1.39,20078.0,983.0,748.0
CGH,3/14/2024,859.8,859.8,830.0,830.0,-1.54,20354.0,983.0,748.0
CGH,3/17/2024,846.6,846.6,825.0,827.0,-0.36,10155.0,983.0,748.0
CGH,3/18/2024,843.5,843.5,820.2,832.0,0.6,11930.0,983.0,748.0
CGH,3/19/2024,848.6,848.6,830.0,830.0,-0.24,10694.0,983.0,748.0
CGH,3/20/2024,846.6,846.6,821.0,833.0,0.36,8661.0,983.0,748.0
CGH,3/21/2024,849.6,849.6,818.1,822.0,-1.32,10844.0,983.0,748.0
CGH,3/25/2024,830.0,830.0,815.0,817.5,-0.55,6786.0,983.0,748.0
CGH,3/26/2024,821.0,832.0,820.1,823.0,0.67,3916.0,983.0,748.0
CGH,3/27/2024,820.0,828.0,819.0,820.1,-0.35,7117.0,983.0,748.0
CGH,3/28/2024,825.0,827.0,814.1,818.2,-0.23,9133.0,983.0,748.0
CGH,3/31/2024,818.2,830.0,810.0,813.5,-0.57,8763.0,983.0,748.0
CGH,4/1/2024,807.0,820.0,806.5,810.0,-0.43,4776.0,983.0,748.0
CGH,4/2/2024,826.0,826.0,809.0,811.0,0.12,10724.0,983.0,748.0
CGH,4/3/2024,810.0,818.0,810.0,811.5,0.06,5670.0,983.0,748.0
CGH,4/4/2024,819.0,819.0,808.0,809.0,-0.31,6419.0,983.0,748.0
CGH,4/7/2024,804.0,821.0,804.0,820.0,1.36,8675.0,983.0,748.0
CGH,4/9/2024,820.0,835.0,815.0,820.0,0.0,8152.0,983.0,748.0
CGH,4/10/2024,820.0,820.0,808.0,808.0,-1.46,7276.0,983.0,748.0
CGH,4/14/2024,801.0,824.0,801.0,820.0,1.49,5037.0,983.0,748.0
CGH,4/15/2024,812.0,815.0,803.6,805.0,-1.83,10325.0,983.0,748.0
CGH,4/16/2024,805.0,805.0,797.0,798.0,-0.87,13797.0,983.0,748.0
CGH,4/18/2024,799.0,802.0,790.0,790.0,-1.0,9967.0,983.0,748.0
CGH,4/21/2024,793.5,795.0,773.0,781.0,-1.14,14255.0,983.0,748.0
CGH,4/22/2024,781.0,790.0,777.0,788.0,0.9,4728.0,983.0,748.0
CGH,4/24/2024,788.0,788.0,773.0,780.0,-1.02,5513.0,983.0,748.0
CGH,4/25/2024,773.0,780.0,772.5,773.6,-0.82,5429.0,983.0,748.0
CGH,4/28/2024,780.0,785.0,774.9,780.0,0.83,11054.0,983.0,748.0
CGH,4/29/2024,780.0,785.0,770.0,772.0,-1.03,7698.0,983.0,748.0
CGH,4/30/2024,772.0,792.0,769.0,784.9,1.67,8244.0,983.0,748.0
CGH,5/2/2024,800.5,800.5,780.0,780.1,-0.61,10086.0,983.0,748.0
CGH,5/5/2024,780.0,790.0,767.1,768.0,-1.55,8522.0,983.0,748.0
CGH,5/6/2024,780.0,780.0,760.0,762.0,-0.78,11468.0,983.0,748.0
CGH,5/7/2024,770.0,800.0,762.0,763.3,0.17,3146.0,983.0,748.0
CGH,5/8/2024,769.9,772.0,762.0,765.0,0.22,4189.0,983.0,748.0
CGH,5/9/2024,767.0,820.0,766.3,808.0,5.62,33000.0,983.0,748.0
CGH,5/12/2024,824.1,825.0,790.0,794.5,-1.67,9093.0,983.0,748.0
CGH,5/13/2024,809.0,809.0,780.0,785.0,-1.2,5038.0,983.0,748.0
CGH,5/14/2024,775.0,799.9,775.0,795.5,1.34,7574.0,983.0,748.0
CGH,5/15/2024,796.0,808.0,787.0,787.0,-1.07,10933.0,983.0,748.0
CGH,5/16/2024,795.0,795.0,785.0,790.0,0.38,6083.0,983.0,748.0
CGH,5/19/2024,790.0,815.0,788.0,796.0,0.76,8559.0,983.0,748.0
CGH,5/20/2024,811.0,811.0,794.0,800.0,0.5,15662.0,983.0,748.0
CGH,5/21/2024,795.1,810.0,791.1,802.0,0.25,13145.0,983.0,748.0
CGH,5/22/2024,803.0,860.0,803.0,850.0,5.99,43519.0,983.0,748.0
CGH,5/26/2024,850.0,889.0,846.0,877.0,3.18,50340.0,983.0,748.0
CGH,5/27/2024,894.5,901.0,867.1,880.0,0.34,43902.0,983.0,748.0
CGH,5/29/2024,897.6,925.0,890.0,890.0,1.14,46546.0,983.0,748.0
CGH,5/30/2024,890.0,891.0,855.0,863.5,-2.98,28987.0,983.0,748.0
CGH,6/2/2024,864.0,866.0,845.0,845.0,-2.14,27909.0,983.0,748.0
CGH,6/3/2024,860.0,877.0,842.1,851.0,0.71,17299.0,983.0,748.0
CGH,6/4/2024,855.0,865.0,855.0,856.8,0.68,12493.0,983.0,748.0
CGH,6/5/2024,869.0,869.1,850.0,857.0,0.02,14584.0,983.0,748.0
CGH,6/6/2024,865.0,873.9,857.1,860.0,0.35,17449.0,983.0,748.0
CGH,6/9/2024,861.0,901.9,861.0,885.0,2.91,40381.0,983.0,748.0
CGH,6/10/2024,900.0,902.7,875.0,875.0,-1.13,12676.0,983.0,748.0
CGH,6/11/2024,888.0,888.0,866.3,878.9,0.45,11624.0,983.0,748.0
CGH,6/12/2024,894.0,894.0,863.0,865.0,-1.58,16257.0,983.0,748.0
CGH,6/13/2024,870.0,880.0,854.0,854.0,-1.27,16154.0,983.0,748.0
CGH,6/16/2024,855.0,871.0,854.1,860.0,0.7,11359.0,983.0,748.0
CGH,6/18/2024,850.1,864.0,848.0,852.9,-0.83,9101.0,983.0,748.0
CGH,6/19/2024,853.0,861.0,852.0,859.8,0.81,9564.0,983.0,748.0
CGH,6/20/2024,875.0,875.0,850.1,850.1,-1.13,12675.0,983.0,748.0
CGH,6/23/2024,847.0,859.9,837.0,840.0,-1.19,10740.0,983.0,748.0
CGH,6/24/2024,838.0,854.9,838.0,840.0,0.0,7928.0,983.0,748.0
CGH,6/25/2024,845.0,860.0,841.0,851.1,1.32,8832.0,983.0,748.0
CGH,6/26/2024,859.9,860.5,840.1,845.0,-0.72,6505.0,983.0,748.0
CGH,6/27/2024,841.0,846.0,838.1,838.1,-0.82,6365.0,983.0,748.0
CGH,6/30/2024,833.0,844.8,833.0,833.1,-0.6,4468.0,983.0,748.0
CGH,7/1/2024,835.0,845.0,835.0,839.0,0.71,8159.0,983.0,748.0
CGH,7/2/2024,855.7,872.0,850.0,855.0,1.91,9642.0,983.0,748.0
CGH,7/3/2024,848.2,858.0,839.0,840.0,-1.75,7839.0,983.0,748.0
CGH,7/4/2024,856.0,863.3,840.1,857.5,2.08,14486.0,983.0,748.0
CGH,7/7/2024,852.0,907.0,852.0,883.0,2.97,28201.0,983.0,748.0
CGH,7/8/2024,899.0,899.0,865.7,866.6,-1.86,12068.0,983.0,748.0
CGH,7/9/2024,883.9,884.8,870.0,872.0,0.62,8951.0,983.0,748.0
CGH,7/10/2024,881.0,887.9,872.0,880.2,0.94,18462.0,983.0,748.0
CGH,7/11/2024,897.0,898.5,886.1,888.0,0.89,25300.0,983.0,748.0
CGH,7/14/2024,905.7,926.0,900.0,915.0,3.04,27573.0,983.0,748.0
CGH,7/15/2024,930.0,930.0,900.0,908.0,-0.77,18647.0,983.0,748.0
CGH,7/16/2024,907.1,965.0,907.1,960.0,5.73,52339.0,983.0,748.0
CGH,7/17/2024,960.0,1000.0,960.0,995.0,3.65,50674.0,983.0,748.0
CGH,7/18/2024,1000.0,1010.0,976.2,977.1,-1.8,36207.0,983.0,748.0
CGH,7/21/2024,985.0,1018.0,975.0,1008.0,3.16,50040.0,983.0,748.0
CGH,7/22/2024,1008.0,1018.0,988.0,1000.0,-0.79,38772.0,983.0,748.0
CGH,7/23/2024,1000.0,1090.0,992.1,1083.0,8.3,56176.0,983.0,748.0
CGH,7/24/2024,1100.0,1191.3,1100.0,1191.0,9.97,126011.0,983.0,748.0
CGH,7/25/2024,1214.8,1239.0,1166.3,1171.0,-1.68,45170.0,983.0,748.0
CGH,7/28/2024,1194.0,1218.0,1150.0,1175.0,0.34,42475.0,983.0,748.0
CGH,7/29/2024,1175.0,1220.7,1171.0,1186.0,0.94,62608.0,983.0,748.0
CGH,7/30/2024,1186.0,1268.0,1171.0,1244.0,4.89,73092.0,983.0,748.0
CGH,7/31/2024,1244.0,1360.0,1244.0,1299.8,4.49,46216.0,983.0,748.0
CGH,8/1/2024,1300.0,1315.0,1240.7,1245.0,-4.22,56577.0,983.0,748.0
CGH,8/5/2024,1269.0,1320.0,1225.0,1320.0,6.02,66926.0,983.0,748.0
CGH,8/6/2024,1320.0,1349.0,1211.0,1214.0,-8.03,58863.0,983.0,748.0
CGH,8/7/2024,1189.8,1275.0,1189.0,1273.9,4.93,36818.0,983.0,748.0
CGH,8/8/2024,1298.0,1299.3,1230.0,1250.0,-1.88,47978.0,983.0,748.0
CGH,8/11/2024,1275.0,1275.0,1234.0,1250.0,0.0,31898.0,983.0,748.0
CGH,8/12/2024,1258.0,1290.0,1239.0,1263.0,1.04,45812.0,983.0,748.0
CGH,8/13/2024,1263.0,1280.0,1235.1,1238.0,-1.98,48752.0,983.0,748.0
CGH,8/14/2024,1260.0,1260.0,1217.0,1239.0,0.08,33195.0,983.0,748.0
CGH,8/15/2024,1263.7,1325.0,1250.0,1263.0,1.94,208349.0,983.0,748.0
CGH,8/18/2024,1280.0,1280.0,1200.0,1205.0,-4.59,51558.0,983.0,748.0
CGH,8/21/2024,1205.0,1224.0,1174.0,1175.0,-2.49,43307.0,983.0,748.0
CGH,8/22/2024,1175.0,1186.0,1137.0,1147.0,-2.38,68936.0,983.0,748.0
CGH,8/25/2024,1150.0,1155.0,1082.9,1089.0,-5.06,60008.0,983.0,748.0
CGH,8/27/2024,1089.0,1132.0,1000.0,1039.9,-4.51,121225.0,983.0,748.0
CGH,8/28/2024,1040.0,1080.0,999.8,1025.0,-1.43,426711.0,983.0,748.0
CGH,8/29/2024,1042.0,1045.0,999.8,1000.0,-2.44,170563.0,983.0,748.0
CGH,9/1/2024,990.0,1015.0,985.0,988.0,-1.2,90330.0,983.0,748.0
CGH,9/2/2024,988.0,1019.0,983.0,1019.0,3.14,145649.0,983.0,748.0
CGH,9/3/2024,1030.0,1095.0,1000.0,1080.0,5.99,190231.0,983.0,748.0
CGH,9/4/2024,1090.0,1090.0,1023.0,1027.0,-4.91,68841.0,983.0,748.0
CGH,9/5/2024,1010.0,1025.0,995.5,1022.0,-0.49,68235.0,983.0,748.0
CGH,9/8/2024,1042.0,1042.0,1000.0,1002.0,-1.96,51286.0,983.0,748.0
CGH,9/9/2024,1002.0,1003.0,972.0,974.0,-2.79,76898.0,983.0,748.0
CGH,9/10/2024,993.0,999.0,967.0,971.9,-0.22,49878.0,983.0,748.0
CGH,9/11/2024,972.3,988.0,960.0,962.0,-1.02,32815.0,983.0,748.0
CGH,9/12/2024,980.0,994.0,955.0,989.3,2.84,48609.0,983.0,748.0
CGH,9/15/2024,1008.0,1009.0,962.4,964.0,-2.56,52465.0,983.0,748.0
CGH,9/16/2024,954.1,964.0,921.0,925.0,-4.05,53258.0,983.0,748.0
CGH,9/18/2024,942.0,942.0,910.0,918.0,-0.76,32257.0,983.0,748.0
CGH,9/22/2024,936.0,955.0,897.0,910.0,-0.87,43380.0,983.0,748.0
CGH,9/23/2024,925.0,925.0,882.0,883.0,-2.97,29019.0,983.0,748.0
CGH,9/24/2024,885.0,900.0,864.0,865.0,-2.04,28213.0,983.0,748.0
CGH,9/25/2024,859.0,900.0,850.1,899.0,3.93,29996.0,983.0,748.0
CGH,9/26/2024,909.0,909.0,869.7,876.0,-2.56,25736.0,983.0,748.0
CGH,9/29/2024,870.0,890.0,858.5,865.0,-1.26,24846.0,983.0,748.0
CGH,9/30/2024,880.0,900.0,871.0,900.0,4.05,18309.0,983.0,748.0
CGH,10/1/2024,918.0,949.0,905.0,933.0,3.67,80145.0,983.0,748.0
CGH,10/2/2024,940.0,957.0,890.0,905.0,-3.0,83595.0,983.0,748.0
CGH,10/6/2024,906.0,920.0,888.0,905.0,0.0,77506.0,983.0,748.0
CGH,10/7/2024,920.0,969.0,900.0,952.0,5.19,286213.0,983.0,748.0
CGH,10/8/2024,970.0,970.5,932.0,951.0,-0.11,45846.0,983.0,748.0
CGH,10/9/2024,963.0,963.0,935.5,944.0,-0.74,27706.0,983.0,748.0
CGH,10/15/2024,944.0,944.0,925.0,937.1,-0.73,44527.0,983.0,748.0
CGH,10/16/2024,955.8,955.8,937.0,948.0,1.16,59905.0,983.0,748.0
CGH,10/17/2024,966.9,966.9,937.0,939.9,-0.85,53658.0,983.0,748.0
CGH,10/20/2024,935.0,943.0,917.0,927.0,-1.37,64174.0,983.0,748.0
CGH,10/21/2024,916.3,927.0,895.0,910.0,-1.83,53511.0,983.0,748.0
CGH,10/22/2024,910.0,921.0,903.2,914.0,0.44,37095.0,983.0,748.0
CGH,10/23/2024,910.1,925.0,905.1,910.0,-0.44,31036.0,983.0,748.0
CGH,10/24/2024,910.0,916.0,902.0,903.6,-0.7,22386.0,983.0,748.0
CGH,10/27/2024,904.0,915.0,904.0,906.0,0.27,25675.0,983.0,748.0
CGH,10/28/2024,924.0,924.0,910.0,915.0,0.99,19287.0,983.0,748.0
CGH,10/29/2024,925.0,940.0,918.0,936.9,2.39,46844.0,983.0,748.0
CGH,10/30/2024,942.0,960.0,935.0,937.5,0.06,30925.0,983.0,748.0
CGH,11/5/2024,940.0,949.5,928.0,934.0,-0.37,21077.0,983.0,748.0
CGH,11/6/2024,925.0,933.0,923.3,925.0,-0.96,17242.0,983.0,748.0
CGH,11/10/2024,930.0,945.7,920.1,943.9,2.04,41176.0,983.0,748.0
CGH,11/11/2024,962.7,962.7,945.0,949.9,0.64,43281.0,983.0,748.0
CGH,11/12/2024,968.8,968.8,940.0,947.0,-0.31,33941.0,983.0,748.0
CGH,11/13/2024,946.0,964.0,945.0,951.0,0.42,38908.0,983.0,748.0
CGH,11/14/2024,962.0,998.5,958.0,980.0,3.05,73697.0,983.0,748.0
CGH,11/17/2024,999.6,1030.1,995.0,1011.0,3.16,135288.0,983.0,748.0
CGH,11/19/2024,1020.0,1039.0,972.0,979.0,-3.17,119975.0,983.0,748.0
CGH,11/20/2024,998.5,998.5,974.6,975.0,-0.41,59373.0,983.0,748.0
CGH,11/21/2024,989.0,989.0,941.0,945.0,-3.08,80450.0,983.0,748.0
CGH,11/24/2024,945.0,960.0,933.0,933.0,-1.27,31999.0,983.0,748.0
CGH,11/25/2024,940.0,959.0,930.0,946.3,1.43,33056.0,983.0,748.0
CGH,11/26/2024,927.4,962.0,927.4,955.0,0.92,38668.0,983.0,748.0
CGH,11/27/2024,956.0,980.0,952.5,977.0,2.3,57431.0,983.0,748.0
CGH,11/28/2024,977.0,977.8,956.5,967.0,-1.02,40831.0,983.0,748.0
CGH,12/1/2024,967.0,967.0,938.0,948.7,-1.89,27739.0,983.0,748.0
CGH,12/2/2024,929.8,1000.0,929.8,974.0,2.67,76378.0,983.0,748.0
CGH,12/3/2024,993.4,993.4,962.5,972.0,-0.21,29306.0,983.0,748.0
CGH,12/4/2024,960.0,979.0,953.0,953.0,-1.95,29329.0,983.0,748.0
CGH,12/5/2024,955.0,965.0,935.0,935.3,-1.86,36805.0,983.0,748.0
CGH,12/8/2024,937.2,950.0,921.0,935.0,-0.03,25162.0,983.0,748.0
CGH,12/9/2024,948.0,948.0,925.0,926.0,-0.96,14936.0,983.0,748.0
CGH,12/10/2024,927.0,942.4,918.0,922.0,-0.43,16448.0,983.0,748.0
CGH,12/11/2024,922.1,935.0,921.0,933.0,1.19,7753.0,983.0,748.0
CGH,12/12/2024,947.9,948.0,917.2,919.0,-1.5,23893.0,983.0,748.0
CGH,12/16/2024,920.0,924.0,910.0,912.0,-0.76,21295.0,983.0,748.0
CGH,12/17/2024,925.0,925.0,907.0,914.0,0.22,10635.0,983.0,748.0
CGH,12/18/2024,915.0,925.0,911.0,912.2,-0.2,9664.0,983.0,748.0
CGH,12/19/2024,912.3,930.0,905.1,905.1,-0.78,24632.0,983.0,748.0
CGH,12/22/2024,914.9,915.0,903.2,907.0,0.21,20392.0,983.0,748.0
CGH,12/23/2024,925.1,925.1,905.0,910.0,0.33,11288.0,983.0,748.0
CGH,12/24/2024,907.2,925.0,900.0,918.0,0.88,15444.0,983.0,748.0
CGH,12/26/2024,918.0,918.0,905.3,905.4,-1.37,17207.0,983.0,748.0
CGH,12/29/2024,906.0,913.5,900.0,900.0,-0.6,17732.0,983.0,748.0
CGH,12/31/2024,900.0,904.9,882.1,889.0,-1.22,19880.0,983.0,748.0
CGH,1/1/2025,885.0,895.0,882.0,884.0,-0.56,8315.0,983.0,748.0
CGH,1/2/2025,880.0,890.0,880.0,887.4,0.38,17446.0,983.0,748.0
CGH,1/5/2025,890.0,904.0,880.0,902.0,1.65,11438.0,983.0,748.0
CGH,1/6/2025,902.0,919.9,897.0,917.9,1.76,14747.0,983.0,748.0
CGH,1/7/2025,919.0,924.0,907.0,914.0,-0.42,11281.0,983.0,748.0
CGH,1/8/2025,910.1,912.5,906.0,907.0,-0.77,10005.0,983.0,748.0
CGH,1/9/2025,910.0,922.0,901.0,908.9,0.21,24281.0,983.0,748.0
CGH,1/12/2025,893.0,909.8,885.0,892.0,-1.86,19425.0,983.0,748.0
CGH,1/13/2025,892.0,899.0,876.6,883.0,-1.01,30472.0,983.0,748.0
CGH,1/15/2025,884.0,900.0,878.0,880.0,-0.34,13320.0,983.0,748.0
CGH,1/16/2025,882.0,890.0,870.0,877.0,-0.34,18731.0,983.0,748.0
CGH,1/19/2025,877.0,900.0,876.5,890.0,1.48,23070.0,983.0,748.0
CGH,1/20/2025,899.4,899.4,880.0,883.0,-0.79,20978.0,983.0,748.0
CGH,1/21/2025,881.0,895.0,876.2,887.0,0.45,12701.0,983.0,748.0
CGH,1/22/2025,904.7,920.0,887.0,906.0,2.14,37848.0,983.0,748.0
CGH,1/23/2025,924.1,924.1,890.0,899.9,-0.67,18932.0,983.0,748.0
CGH,1/26/2025,899.9,902.0,889.3,894.0,-0.66,21984.0,983.0,748.0
CGH,1/27/2025,910.0,910.0,892.0,893.9,-0.01,17117.0,983.0,748.0
CGH,1/28/2025,884.0,899.0,881.5,892.0,-0.21,31842.0,983.0,748.0
CGH,2/2/2025,899.0,915.0,893.2,913.0,2.35,39058.0,983.0,748.0
CGH,2/3/2025,910.1,922.0,905.1,918.0,0.55,36721.0,983.0,748.0
CGH,2/4/2025,936.3,936.3,895.1,897.0,-2.29,37507.0,983.0,748.0
CGH,2/5/2025,897.2,910.9,897.0,900.0,0.33,23622.0,983.0,748.0
CGH,2/6/2025,914.0,914.0,890.0,894.0,-0.67,26144.0,983.0,748.0
CGH,2/9/2025,908.0,908.0,889.8,892.0,-0.22,36431.0,983.0,748.0
CGH,2/10/2025,875.1,910.4,875.1,887.0,-0.56,23188.0,983.0,748.0
CGH,2/11/2025,869.3,920.0,869.3,885.0,-0.23,20643.0,983.0,748.0
CGH,2/12/2025,888.0,890.0,880.0,885.0,0.0,31963.0,983.0,748.0
CGH,2/13/2025,900.0,900.0,880.1,884.0,-0.11,21333.0,983.0,748.0
CGH,2/16/2025,883.0,892.0,883.0,888.0,0.45,17754.0,983.0,748.0
CGH,2/17/2025,890.0,904.5,885.0,894.0,0.68,35134.0,983.0,748.0
CGH,2/18/2025,894.0,901.0,885.0,885.0,-1.01,56068.0,983.0,748.0
CGH,2/20/2025,885.0,892.0,885.0,885.3,0.03,21315.0,983.0,748.0
CGH,2/23/2025,880.1,894.0,877.0,886.7,0.16,39276.0,983.0,748.0
CGH,2/24/2025,888.1,904.0,888.1,890.1,0.38,24754.0,983.0,748.0
CGH,2/25/2025,899.7,899.7,890.0,893.9,0.43,18708.0,983.0,748.0
CGH,2/27/2025,910.0,935.0,896.0,931.0,4.15,75535.0,983.0,748.0
CGH,3/2/2025,949.6,967.8,940.0,967.8,3.95,66953.0,983.0,748.0
CGH,3/3/2025,975.0,981.5,941.0,941.0,-2.77,49542.0,983.0,748.0
CGH,3/4/2025,955.0,955.0,921.0,924.0,-1.81,53291.0,983.0,748.0
CGH,3/5/2025,924.0,932.0,911.1,917.0,-0.76,37899.0,983.0,748.0
CGH,3/6/2025,935.3,935.3,910.0,915.0,-0.22,39755.0,983.0,748.0
CGH,3/9/2025,911.0,924.0,894.1,897.0,-1.97,41351.0,983.0,748.0
CGH,3/10/2025,900.0,910.0,890.1,898.0,0.11,24762.0,983.0,748.0
CGH,3/11/2025,889.0,903.0,885.0,885.0,-1.45,26776.0,983.0,748.0
CGH,3/12/2025,885.1,900.0,885.0,897.0,1.36,19047.0,983.0,748.0
CGH,3/16/2025,912.0,914.9,890.0,892.5,-0.5,19318.0,983.0,748.0
CGH,3/17/2025,899.0,900.0,887.0,888.4,-0.46,16286.0,983.0,748.0
CGH,3/18/2025,904.0,904.0,887.0,890.0,0.18,14530.0,983.0,748.0
CGH,3/19/2025,890.0,899.8,885.3,886.0,-0.45,16501.0,983.0,748.0
CGH,3/20/2025,880.5,895.0,880.5,886.71,0.08,16164.0,983.0,748.0
CGH,3/23/2025,882.1,887.0,870.0,871.3,-1.74,25260.0,983.0,748.0
CGH,3/24/2025,879.0,880.0,856.0,877.42,0.7,25794.0,983.0,748.0
CGH,3/25/2025,877.0,877.0,855.1,858.93,-2.11,18716.0,983.0,748.0
CGH,3/26/2025,857.1,869.6,855.0,864.24,0.62,16901.0,983.0,748.0
CGH,3/27/2025,874.0,874.0,860.0,867.47,0.37,28112.0,983.0,748.0
CGH,3/30/2025,868.0,885.0,860.1,879.92,1.44,28897.0,983.0,748.0
CGH,4/1/2025,879.0,880.0,860.0,861.96,-2.04,24998.0,983.0,748.0
CGH,4/2/2025,865.0,874.9,860.1,867.17,0.6,22780.0,983.0,748.0
CGH,4/3/2025,870.0,880.0,860.0,869.25,0.24,28718.0,983.0,748.0
CGH,4/7/2025,869.0,885.0,858.3,859.27,-1.15,28242.0,983.0,748.0
CGH,4/8/2025,855.3,868.5,850.0,856.61,-0.31,35339.0,983.0,748.0
CGH,4/9/2025,860.1,870.0,850.0,854.55,-0.24,16723.0,983.0,748.0
CGH,4/10/2025,856.0,864.9,850.0,852.2,-0.27,25325.0,983.0,748.0
CGH,4/13/2025,850.2,855.6,850.0,853.01,0.1,18258.0,983.0,748.0
CGH,4/15/2025,860.0,877.2,855.0,868.9,1.86,10356.0,983.0,748.0
CGH,4/16/2025,870.0,873.0,866.0,869.79,0.1,8504.0,983.0,748.0
CGH,4/17/2025,875.0,880.0,865.1,874.02,0.49,17961.0,983.0,748.0
CGH,4/20/2025,870.0,880.0,870.0,873.17,-0.1,15234.0,983.0,748.0
CGH,4/21/2025,870.0,877.9,870.0,872.62,-0.06,12815.0,983.0,748.0
CGH,4/22/2025,865.0,882.0,865.0,873.24,0.07,8965.0,983.0,748.0
CGH,4/23/2025,873.0,873.0,867.0,868.86,-0.5,6912.0,983.0,748.0
CGH,4/24/2025,867.0,872.0,861.5,862.33,-0.75,17484.0,983.0,748.0
CGH,4/27/2025,862.3,870.0,852.2,860.47,-0.22,11906.0,983.0,748.0
CGH,4/28/2025,856.1,865.0,856.1,858.41,-0.24,10490.0,983.0,748.0
CGH,4/29/2025,860.0,860.0,850.0,850.68,-0.9,9798.0,983.0,748.0
CGH,4/30/2025,845.0,854.0,844.0,845.19,-0.65,12399.0,983.0,748.0
CGH,5/4/2025,850.0,860.0,845.4,854.5,1.1,15455.0,983.0,748.0
CGH,5/5/2025,855.0,858.5,851.0,852.25,-0.26,11605.0,983.0,748.0
CGH,5/6/2025,842.1,851.0,842.1,846.96,-0.62,8734.0,983.0,748.0
CGH,5/7/2025,850.0,868.0,845.0,861.63,1.73,9248.0,983.0,748.0
CGH,5/8/2025,865.0,870.0,851.3,856.06,-0.65,15896.0,983.0,748.0
CGH,5/11/2025,861.2,892.3,857.1,889.52,3.91,56488.0,983.0,748.0
CGH,5/13/2025,892.0,893.0,860.5,862.16,-3.08,22587.0,983.0,748.0
CGH,5/14/2025,863.0,874.0,856.5,857.83,-0.5,6389.0,983.0,748.0
CGH,5/15/2025,858.0,874.0,850.0,862.54,0.55,18776.0,983.0,748.0
CGH,5/18/2025,865.3,893.0,865.3,877.26,1.71,146426.0,983.0,748.0
CGH,5/19/2025,892.0,920.0,880.0,896.28,2.17,266246.0,983.0,748.0
CGH,5/20/2025,914.2,919.8,891.8,918.48,2.48,260857.0,983.0,748.0
CGH,5/21/2025,936.8,955.0,898.0,900.13,-2.0,131695.0,983.0,748.0
CGH,5/22/2025,882.3,909.8,882.3,887.96,-1.35,26524.0,983.0,748.0
CGH,5/25/2025,890.1,890.1,876.0,876.75,-1.26,25447.0,983.0,748.0
CGH,5/26/2025,894.0,894.2,861.0,865.24,-1.31,26722.0,983.0,748.0
CGH,5/27/2025,866.0,870.0,860.0,861.97,-0.38,18546.0,983.0,748.0
CGH,5/28/2025,871.0,879.0,855.1,868.99,0.81,11821.0,983.0,748.0
CGH,6/2/2025,886.3,904.0,870.0,879.29,1.19,27971.0,983.0,748.0
CGH,6/3/2025,885.0,885.0,865.0,865.89,-1.52,16125.0,983.0,748.0
CGH,6/4/2025,879.5,879.5,860.0,865.58,-0.04,14182.0,983.0,748.0
CGH,6/5/2025,860.1,905.0,850.0,898.91,3.85,184782.0,983.0,748.0
CGH,6/8/2025,899.0,918.0,896.0,901.47,0.28,68736.0,983.0,748.0
CGH,6/9/2025,896.0,907.0,883.5,900.08,-0.15,120708.0,983.0,748.0
CGH,6/10/2025,910.0,912.0,890.0,890.1,-1.11,21694.0,983.0,748.0
CGH,6/11/2025,890.0,930.0,890.0,919.43,3.3,112564.0,983.0,748.0
CGH,6/12/2025,929.0,999.0,920.0,981.75,6.78,233162.0,983.0,748.0
CGH,6/15/2025,990.0,1029.1,962.3,1013.67,3.25,218249.0,983.0,748.0
CGH,6/16/2025,1013.0,1069.4,1007.5,1046.84,3.27,271593.0,983.0,748.0
CGH,6/17/2025,1050.0,1065.0,1015.5,1023.18,-2.26,133389.0,983.0,748.0
CGH,6/18/2025,1043.5,1043.5,976.1,996.84,-2.57,202952.0,983.0,748.0
CGH,6/19/2025,990.0,1029.1,981.0,995.2,-0.16,158963.0,983.0,748.0
CGH,6/22/2025,982.1,1000.0,945.1,952.32,-4.31,92647.0,983.0,748.0
CGH,6/23/2025,955.0,970.0,931.0,964.86,1.32,55920.0,983.0,748.0
CGH,6/24/2025,974.0,989.0,945.0,948.11,-1.74,48063.0,983.0,748.0
CGH,6/25/2025,955.0,1000.0,941.0,994.9,4.94,181945.0,983.0,748.0
CGH,6/26/2025,995.0,1000.0,961.0,966.0,-2.9,55944.0,983.0,748.0
CGH,6/29/2025,972.0,972.0,940.0,950.84,-1.57,141634.0,983.0,748.0
CGH,6/30/2025,968.9,979.9,950.0,953.13,0.24,73744.0,983.0,748.0
CGH,7/1/2025,972.1,972.1,950.0,952.2,-0.1,38944.0,983.0,748.0
CGH,7/2/2025,965.0,971.2,947.0,954.62,0.25,60583.0,983.0,748.0
CGH,7/3/2025,973.7,973.7,948.0,949.18,-0.57,56465.0,983.0,748.0
CGH,7/6/2025,968.1,968.1,938.9,940.76,-0.89,36006.0,983.0,748.0
CGH,7/7/2025,935.9,973.0,935.9,949.72,0.95,122356.0,983.0,748.0
CGH,7/8/2025,942.0,965.0,942.0,953.52,0.4,63711.0,983.0,748.0
CGH,7/9/2025,945.0,960.0,945.0,956.72,0.34,36088.0,983.0,748.0
CGH,7/10/2025,960.0,970.0,950.0,955.37,-0.14,51449.0,983.0,748.0
CGH,7/13/2025,974.4,990.0,950.4,952.07,-0.35,61886.0,983.0,748.0
CGH,7/14/2025,965.0,965.0,947.0,949.19,-0.3,31652.0,983.0,748.0
CGH,7/15/2025,946.0,970.0,946.0,960.45,1.19,41112.0,983.0,748.0
CGH,7/16/2025,969.0,970.0,951.0,956.02,-0.46,50778.0,983.0,748.0
CGH,7/17/2025,973.0,1009.0,965.0,995.64,4.14,85971.0,983.0,748.0
CGH,7/20/2025,1015.5,1038.0,990.0,1015.06,1.95,154667.0,983.0,748.0
CGH,7/21/2025,1014.9,1065.0,1001.1,1061.48,4.57,275925.0,983.0,748.0
CGH,7/22/2025,1080.0,1099.9,1073.0,1096.17,3.27,195971.0,983.0,748.0
CGH,7/23/2025,1118.0,1125.0,1065.0,1116.94,1.89,199361.0,983.0,748.0
CGH,7/24/2025,1120.0,1140.0,1100.0,1129.73,1.15,186929.0,983.0,748.0
CGH,7/27/2025,1129.0,1150.0,1065.0,1090.86,-3.44,225372.0,983.0,748.0
CGH,7/28/2025,1072.2,1115.0,1072.2,1100.84,0.91,183126.0,983.0,748.0
CGH,7/29/2025,1109.0,1120.2,1090.0,1097.19,-0.33,104397.0,983.0,748.0
CGH,7/30/2025,1109.0,1109.0,1060.6,1063.86,-3.04,133426.0,983.0,748.0
CGH,7/31/2025,1063.0,1080.0,1030.1,1039.2,-2.32,124905.0,983.0,748.0
CGH,8/3/2025,1038.0,1050.0,998.0,1000.08,-3.76,196799.0,983.0,748.0
CGH,8/4/2025,1000.2,1014.0,990.2,1002.82,0.27,121056.0,983.0,748.0
CGH,8/5/2025,1004.0,1028.1,991.0,998.24,-0.46,72548.0,983.0,748.0
CGH,8/6/2025,1000.0,1002.0,985.6,990.21,-0.8,34597.0,983.0,748.0
CGH,8/7/2025,997.5,1009.0,991.1,1003.49,1.34,39763.0,983.0,748.0
CGH,8/11/2025,1006.9,1011.0,974.2,985.27,-1.82,51755.0,983.0,748.0
CGH,8/12/2025,990.0,993.8,975.3,979.68,-0.57,30251.0,983.0,748.0
CGH,8/13/2025,971.0,999.0,971.0,979.39,-0.03,28248.0,983.0,748.0
CGH,8/14/2025,975.0,997.0,975.0,981.5,0.22,36260.0,983.0,748.0
CGH,8/17/2025,996.0,1035.0,982.0,991.58,1.03,29900.0,983.0,748.0
CGH,8/18/2025,985.1,1005.0,985.1,990.59,-0.1,32323.0,983.0,748.0
CGH,8/19/2025,991.0,999.0,977.1,981.44,-0.92,29524.0,983.0,748.0
CGH,8/20/2025,982.1,1063.0,982.1,1054.3,7.42,187779.0,983.0,748.0
CGH,8/21/2025,1065.0,1068.0,1041.0,1058.06,0.36,96275.0,983.0,748.0
CGH,8/24/2025,1058.5,1058.5,1021.0,1024.41,-3.18,94909.0,983.0,748.0
CGH,8/25/2025,1025.0,1055.0,1010.0,1040.04,1.53,124829.0,983.0,748.0
CGH,8/26/2025,1035.0,1044.0,1030.0,1038.15,-0.18,22195.0,983.0,748.0
CGH,8/27/2025,1058.9,1070.7,1038.0,1062.66,2.36,116127.0,983.0,748.0
CGH,8/28/2025,1055.0,1104.0,1042.4,1056.49,-0.58,178031.0,983.0,748.0
CGH,8/31/2025,1046.6,1055.5,1025.0,1027.38,-2.76,38015.0,983.0,748.0
CGH,9/1/2025,1042.0,1050.0,1021.5,1042.87,1.51,50624.0,983.0,748.0
CGH,9/2/2025,1060.0,1060.0,1022.0,1023.2,-1.89,29620.0,983.0,748.0
CGH,9/3/2025,1035.0,1035.0,1006.0,1011.28,-1.16,24679.0,983.0,748.0
CGH,9/4/2025,1003.0,1020.0,1002.5,1013.24,0.19,29890.0,983.0,748.0
CGH,9/7/2025,1012.0,1029.0,1000.0,1010.31,-0.29,22357.0,983.0,748.0
CGH,9/8/2025,1018.9,1018.9,982.0,986.47,-2.36,28180.0,983.0,748.0
CGH,9/18/2025,1005.0,1005.0,888.0,888.0,-9.98,2808.0,983.0,748.0
CGH,9/21/2025,870.3,940.0,803.0,892.08,0.46,123737.0,983.0,748.0
CGH,9/23/2025,898.1,934.0,885.0,933.0,4.59,51005.0,983.0,748.0
CGH,9/24/2025,933.0,945.0,915.6,933.9,0.1,27970.0,983.0,748.0
CGH,9/25/2025,920.0,934.9,905.0,934.9,0.11,29932.0,983.0,748.0
CGH,9/28/2025,917.1,929.0,900.1,901.0,-3.63,16549.0,983.0,748.0
CGH,10/7/2025,917.8,917.8,867.0,868.1,-3.65,36060.0,983.0,748.0
CGH,10/8/2025,885.0,899.0,850.0,860.0,-0.93,23921.0,983.0,748.0
CGH,10/9/2025,877.2,925.0,864.0,864.0,0.47,26288.0,983.0,748.0
CGH,10/12/2025,864.0,864.0,810.0,820.0,-5.09,44601.0,983.0,748.0
CGH,10/13/2025,810.0,854.0,803.0,854.0,4.15,27248.0,983.0,748.0
CGH,10/14/2025,856.8,857.0,830.0,838.0,-1.87,18907.0,983.0,748.0
CGH,10/15/2025,854.0,854.0,824.0,827.0,-1.31,13864.0,983.0,748.0
CGH,10/16/2025,827.0,830.0,805.0,823.8,-0.39,20696.0,983.0,748.0
CGH,10/19/2025,820.0,833.0,817.5,827.0,0.39,6013.0,983.0,748.0
CGH,10/26/2025,811.0,830.0,800.2,830.0,0.36,17093.0,983.0,748.0
CGH,10/28/2025,815.0,860.0,815.0,845.0,1.81,21556.0,983.0,748.0
CGH,10/29/2025,847.0,912.9,839.1,843.0,-0.24,14951.0,983.0,748.0
CGH,10/30/2025,840.0,921.0,831.1,868.0,2.97,29001.0,983.0,748.0
CGH,11/2/2025,860.0,910.0,852.0,910.0,4.84,189689.0,983.0,748.0
CGH,11/3/2025,892.0,913.0,891.8,910.0,0.0,49209.0,983.0,748.0
CGH,11/4/2025,891.8,983.0,891.8,924.9,1.64,169476.0,983.0,748.0
CGH,11/5/2025,926.0,926.0,892.0,900.2,-2.67,24362.0,983.0,748.0
CGH,11/6/2025,918.0,954.7,900.0,919.0,2.09,52667.0,983.0,748.0
CGH,11/9/2025,937.3,937.3,896.0,900.0,-2.07,35827.0,983.0,748.0
CGH,11/10/2025,905.0,910.0,887.0,890.0,-1.11,26236.0,983.0,748.0
CGH,11/11/2025,907.8,907.8,872.5,878.0,-1.35,18223.0,983.0,748.0
CGH,11/12/2025,874.0,887.9,823.0,860.0,-2.05,46302.0,983.0,748.0
CGH,11/13/2025,842.8,877.0,842.8,875.0,1.74,21701.0,983.0,748.0
CGH,11/16/2025,875.0,878.0,845.0,860.0,-1.71,19416.0,983.0,748.0
CGH,11/17/2025,858.0,867.0,851.0,857.1,-0.34,5843.0,983.0,748.0
CGH,11/18/2025,860.0,869.9,850.0,861.0,0.46,19039.0,983.0,748.0
CGH,11/19/2025,863.0,868.0,855.0,860.9,-0.01,19354.0,983.0,748.0
CGH,11/20/2025,861.0,862.0,848.0,854.0,-0.8,19828.0,983.0,748.0
CGH,11/23/2025,861.0,892.0,860.0,878.0,2.81,27836.0,983.0,748.0
CGH,11/24/2025,887.9,892.8,880.1,880.2,0.25,20797.0,983.0,748.0
CGH,11/25/2025,890.0,890.0,880.0,887.0,0.77,9377.0,983.0,748.0
CGH,11/26/2025,899.9,903.0,882.0,882.1,-0.55,27343.0,983.0,748.0
CGH,11/27/2025,880.1,898.8,875.4,882.1,0.0,26762.0,983.0,748.0
CGH,11/30/2025,882.5,891.0,870.0,872.0,-1.14,22713.0,983.0,748.0
CGH,12/1/2025,867.2,877.0,867.0,868.3,-0.42,17233.0,983.0,748.0
CGH,12/2/2025,866.0,897.0,866.0,879.8,1.32,8586.0,983.0,748.0
CGH,12/3/2025,885.0,894.0,878.0,890.0,1.16,32652.0,983.0,748.0
CGH,12/7/2025,907.8,907.8,879.3,881.2,-0.99,10493.0,983.0,748.0
CGH,12/8/2025,871.0,880.0,870.0,870.0,-1.27,12519.0,983.0,748.0
CGH,12/9/2025,879.0,887.4,864.0,885.0,1.72,11291.0,983.0,748.0
CGH,12/10/2025,889.5,893.0,879.0,888.9,0.44,21640.0,983.0,748.0
CGH,12/11/2025,882.0,900.0,880.0,882.5,-0.72,18368.0,983.0,748.0
CGH,12/14/2025,882.0,889.1,870.0,871.1,-1.29,18163.0,983.0,748.0
CGH,12/15/2025,870.0,875.0,865.1,867.0,-0.47,5524.0,983.0,748.0
CGH,12/16/2025,884.3,915.0,884.3,905.0,4.38,57201.0,983.0,748.0
CGH,12/17/2025,923.1,923.1,896.0,900.0,-0.55,18991.0,983.0,748.0
CGH,12/18/2025,918.0,918.0,890.2,894.0,-0.67,14561.0,983.0,748.0
CGH,12/21/2025,908.0,908.0,886.0,886.1,-0.88,11976.0,983.0,748.0
CGH,12/22/2025,887.0,890.0,880.0,882.2,-0.44,17055.0,983.0,748.0
CGH,12/23/2025,882.2,885.0,881.0,885.0,0.32,14445.0,983.0,748.0
CGH,12/24/2025,899.0,899.0,885.0,886.0,0.11,11897.0,983.0,748.0
CGH,12/28/2025,860.0,864.9,854.0,856.0,-3.39,15343.0,983.0,748.0
CGH,12/29/2025,860.0,870.0,855.0,855.0,-0.12,22684.0,983.0,748.0
CGH,12/31/2025,865.0,870.0,863.0,865.0,1.17,13678.0,983.0,748.0
CGH,1/1/2026,865.0,870.0,848.0,859.0,-0.69,11725.0,983.0,748.0
CGH,1/4/2026,869.0,869.0,852.1,855.0,-0.47,4212.0,983.0,748.0
CGH,1/5/2026,850.0,869.2,850.0,860.0,0.58,13193.0,983.0,748.0
CGH,1/6/2026,877.0,877.0,860.0,864.0,0.47,8774.0,983.0,748.0
CGH,1/7/2026,881.2,881.2,852.0,852.0,-1.39,14919.0,983.0,748.0
CGH,1/8/2026,856.0,859.7,850.5,852.0,0.0,7288.0,983.0,748.0
CGH,1/12/2026,869.0,869.0,850.3,850.3,-0.2,15632.0,983.0,748.0
CGH,1/13/2026,850.3,860.0,845.0,849.3,-0.12,22760.0,983.0,748.0
CGH,1/14/2026,849.0,855.0,847.0,851.0,0.2,17338.0,983.0,748.0
CGH,1/18/2026,851.1,870.0,850.5,870.0,2.23,50874.0,983.0,748.0
CGH,1/20/2026,887.4,895.0,872.0,881.0,1.26,25380.0,983.0,748.0
CGH,1/21/2026,890.0,894.0,871.0,878.9,-0.24,13880.0,983.0,748.0
CGH,1/22/2026,896.4,896.4,870.0,877.5,-0.16,24594.0,983.0,748.0
CGH,1/25/2026,880.0,915.0,880.0,909.5,3.65,47040.0,983.0,748.0
CGH,1/26/2026,920.0,920.0,891.1,897.9,-1.28,52333.0,983.0,748.0
CGH,1/27/2026,882.0,930.0,882.0,896.7,-0.13,121304.0,983.0,748.0
CGH,1/28/2026,900.0,901.0,882.0,896.0,-0.08,30292.0,983.0,748.0
CGH,1/29/2026,913.0,913.0,883.0,884.0,-1.34,32888.0,983.0,748.0
CGH,2/1/2026,870.0,882.0,862.0,866.0,-2.04,35443.0,983.0,748.0
CGH,2/2/2026,866.0,875.0,863.0,868.0,0.23,11373.0,983.0,748.0
CGH,2/3/2026,885.0,902.0,864.0,891.0,2.65,45386.0,983.0,748.0
CGH,2/4/2026,908.8,908.8,880.0,886.9,-0.46,27520.0,983.0,748.0
CGH,2/5/2026,885.0,895.0,870.0,875.0,-1.34,39666.0,983.0,748.0
CGH,2/8/2026,872.5,887.0,855.0,859.9,-1.73,133312.0,983.0,748.0
CGH,2/9/2026,860.0,868.0,843.0,848.0,-1.38,75363.0,983.0,748.0
CGH,2/10/2026,840.0,850.0,836.0,844.0,-0.47,34033.0,983.0,748.0
CGH,2/11/2026,848.0,858.9,835.0,838.0,-0.71,25745.0,983.0,748.0
CGH,2/12/2026,836.0,838.0,820.0,825.0,-1.55,92118.0,983.0,748.0
CGH,2/16/2026,830.0,850.0,830.0,835.0,1.21,28657.0,983.0,748.0
CGH,2/17/2026,849.0,849.0,813.4,821.1,-1.66,63227.0,983.0,748.0
CGH,2/22/2026,832.8,832.8,811.0,813.5,-0.93,15282.0,983.0,748.0
CGH,2/23/2026,827.5,827.5,810.0,815.0,0.18,18122.0,983.0,748.0
CGH,2/24/2026,815.0,824.0,804.0,810.6,-0.54,26700.0,983.0,748.0
CGH,2/25/2026,815.1,830.0,815.1,825.1,1.79,11690.0,983.0,748.0
CGH,2/26/2026,820.0,830.0,817.6,826.0,0.11,6387.0,983.0,748.0
CGH,2/27/2026,820.0,830.0,817.6,826.0,0.0,6387.0,983.0,748.0
CGH,2/28/2026,820.0,830.0,817.6,826.0,0.0,6387.0,983.0,748.0
CGH,3/2/2026,815.2,828.0,815.2,827.8,0.22,13329.0,983.0,748.0
CGH,3/3/2026,843.1,843.1,820.0,837.0,1.11,10599.0,983.0,748.0
CGH,3/4/2026,843.1,843.1,820.0,837.0,0.0,10599.0,983.0,748.0
CGH,3/5/2026,843.1,843.1,820.0,837.0,0.0,10599.0,983.0,748.0
CGH,3/6/2026,843.1,843.1,820.0,837.0,0.0,10599.0,983.0,748.0
CGH,3/7/2026,843.1,843.1,820.0,837.0,0.0,10599.0,983.0,748.0
CGH,3/8/2026,843.1,843.1,820.0,837.0,0.0,10599.0,983.0,748.0
CGH,3/9/2026,853.7,900.0,853.7,900.0,7.53,1763.0,983.0,748.0
CGH,3/10/2026,918.0,918.0,864.0,877.0,-2.56,86634.0,983.0,748.0
CGH,3/11/2026,877.0,887.0,867.0,867.1,-1.13,18412.0,983.0,748.0
CGH,3/12/2026,867.0,882.0,860.0,870.0,0.33,29015.0,983.0,748.0
CGH,3/13/2026,867.0,882.0,860.0,870.0,0.0,29015.0,983.0,748.0
CGH,3/14/2026,867.0,882.0,860.0,870.0,0.0,29015.0,983.0,748.0
CGH,3/15/2026,873.0,879.0,857.0,859.0,-1.26,39777.0,983.0,748.0
CGH,3/16/2026,859.0,860.0,850.0,853.9,-0.59,22110.0,983.0,748.0
CGH,3/17/2026,855.0,855.5,845.0,851.2,-0.32,16638.0,983.0,748.0
CGH,3/18/2026,855.0,855.5,845.0,851.2,0.0,16638.0,983.0,748.0
CGH,3/19/2026,852.1,875.0,851.3,858.5,0.86,57623.0,983.0,748.0
CGH,3/20/2026,852.1,875.0,851.3,858.5,0.0,57623.0,983.0,748.0
CGH,3/21/2026,852.1,875.0,851.3,858.5,0.0,57623.0,983.0,748.0
CGH,3/22/2026,862.2,901.0,862.2,901.0,4.95,60469.0,983.0,748.0
CGH,3/23/2026,899.0,903.0,884.0,888.0,-1.44,33863.0,983.0,748.0
CGH,3/24/2026,885.0,899.7,879.0,887.0,-0.11,37467.0,983.0,748.0
CGH,3/25/2026,895.0,895.0,875.1,875.1,-1.34,30007.0,983.0,748.0
CGH,3/26/2026,875.0,880.0,872.1,877.5,0.29,11651.0,983.0,748.0
CGH,3/29/2026,868.1,878.1,850.0,856.0,-1.39,30844.0,983.0,748.0
CGH,3/30/2026,856.0,861.0,841.0,841.1,-1.74,30563.0,983.0,748.0
CGH,3/31/2026,841.0,850.0,830.0,840.0,-0.12,32140.0,983.0,748.0
CGH,4/1/2026,840.0,856.0,816.1,820.1,-2.37,57180.0,983.0,748.0
CGH,4/2/2026,815.0,830.0,806.1,824.0,1.1,18111.0,983.0,748.0
CGH,4/5/2026,815.2,820.0,807.1,809.0,-0.76,44669.0,983.0,748.0
CGH,4/6/2026,800.0,832.0,798.0,828.9,3.61,37704.0,983.0,748.0
CGH,4/7/2026,828.9,837.0,816.0,826.0,-0.35,10585.0,983.0,748.0
CGH,4/8/2026,826.0,835.0,820.0,830.9,0.59,21399.0,983.0,748.0
CGH,4/9/2026,832.3,844.0,829.0,836.0,0.44,25320.0,983.0,748.0
CGH,4/10/2026,825.0,835.0,825.0,826.0,0.12,24587.0,983.0,748.0
CGH,4/13/2026,830.0,835.0,822.3,827.0,-0.36,10739.0,983.0,748.0
CGH,4/15/2026,820.0,840.8,820.0,836.0,1.95,18098.0,983.0,748.0
CGH,4/16/2026,830.0,835.0,822.0,825.0,-0.6,12236.0,983.0,748.0
CGH,4/17/2026,825.0,828.0,822.0,826.0,0.12,8190.0,983.0,748.0
CGH,4/20/2026,820.0,826.9,816.4,819.0,-0.12,8050.0,983.0,748.0
CGH,4/21/2026,810.0,825.0,810.0,820.0,1.23,12686.0,983.0,748.0
CGH,4/22/2026,815.0,824.0,814.0,820.0,0.61,14098.0,983.0,748.0
CGH,4/23/2026,820.0,825.0,815.0,816.0,-0.49,8285.0,983.0,748.0
CGH,4/24/2026,810.0,817.0,810.0,813.0,0.37,4303.0,983.0,748.0
CGH,4/27/2026,813.0,819.9,815.0,815.0,0.25,7135.0,983.0,748.0
CGH,4/28/2026,815.0,830.0,812.0,812.0,-0.37,9185.0,983.0,748.0
CGH,4/29/2026,812.0,815.0,805.0,809.0,-0.37,14155.0,983.0,748.0
CGH,4/30/2026,809.0,811.9,802.0,807.5,-0.19,6861.0,983.0,748.0
CGH,5/4/2026,802.1,817.0,802.1,805.1,0.37,11678.0,983.0,748.0
CGH,5/5/2026,802.5,809.0,800.1,803.0,0.06,9186.0,983.0,748.0
CGH,5/6/2026,801.2,814.0,801.2,802.0,0.1,6058.0,983.0,748.0
CGH,5/7/2026,802.3,810.0,800.0,803.4,0.14,4799.0,983.0,748.0
CGH,5/8/2026,801.0,808.0,801.0,803.0,0.25,14211.0,983.0,748.0
CGH,5/11/2026,805.0,820.0,805.0,813.2,1.02,10471.0,983.0,748.0
CGH,5/12/2026,815.0,815.1,803.0,804.0,-1.35,9910.0,983.0,748.0
CGH,5/13/2026,805.0,806.0,802.3,802.9,-0.26,7049.0,983.0,748.0
CGH,5/14/2026,802.9,804.0,796.1,799.2,-0.46,12093.0,983.0,748.0
CGH,5/15/2026,799.3,802.5,798.0,798.0,-0.16,12905.0,983.0,748.0
CGH,5/18/2026,799.0,807.0,796.3,799.0,0.0,5856.0,983.0,748.0
CGH,5/19/2026,799.0,803.0,797.0,797.4,-0.2,8310.0,983.0,748.0
CGH,5/20/2026,819.0,819.0,796.1,803.8,-1.86,10764.0,983.0,748.0
CGH,5/21/2026,796.0,808.0,796.0,803.8,0.98,9109.0,983.0,748.0
CGH,5/22/2026,814.7,814.7,792.3,803.8,-1.34,21812.0,983.0,748.0
CGH,5/25/2026,799.0,814.7,795.0,804.0,0.63,35737.0,983.0,748.0
CGH,5/26/2026,800.7,815.2,799.0,802.4,0.21,24069.0,983.0,748.0
CGH,5/27/2026,800.0,810.0,795.0,804.9,0.61,18478.0,983.0,748.0
CGH,6/1/2026,803.0,805.0,790.0,797.0,-0.75,22363.0,983.0,748.0
CGH,6/2/2026,793.3,803.2,789.0,799.4,0.77,24875.0,983.0,748.0
CGH,6/3/2026,790.3,801.0,790.3,797.0,0.85,13423.0,983.0,748.0
CGH,6/4/2026,800.9,807.0,790.0,791.1,-1.22,52985.0,983.0,748.0
CGH,6/5/2026,795.0,797.0,789.0,792.0,-0.38,14122.0,983.0,748.0
CGH,6/8/2026,803.0,803.0,787.0,790.0,-1.62,8391.0,983.0,748.0
CGH,6/9/2026,790.0,795.0,780.0,790.0,0.0,16666.0,983.0,748.0
CGH,6/10/2026,796.0,796.0,780.0,782.0,-1.76,48057.0,983.0,748.0
CGH,6/11/2026,780.0,794.0,780.0,785.0,0.64,9103.0,983.0,748.0
CGH,6/12/2026,780.0,798.9,780.0,787.2,0.92,49408.0,983.0,748.0
CGH,6/15/2026,748.0,800.0,748.0,783.1,4.69,7700.0,983.0,748.0
CGH,6/16/2026,783.1,790.0,779.5,783.5,0.05,4547.0,983.0,748.0
CGH,6/17/2026,781.0,790.0,780.0,780.5,-0.06,9882.0,983.0,748.0
CGH,6/18/2026,780.0,793.0,780.0,784.0,0.51,4916.0,983.0,748.0
CGH,6/19/2026,780.2,786.0,780.0,781.0,0.1,9319.0,983.0,748.0
CGH,6/22/2026,795.0,795.0,779.0,780.0,-1.89,12020.0,983.0,748.0
CGH,6/23/2026,780.0,782.0,770.2,770.2,-1.26,20085.0,983.0,748.0
CGH,6/24/2026,770.2,780.0,763.0,764.1,-0.79,22504.0,983.0,748.0
CGH,6/26/2026,770.0,770.0,764.0,764.0,-0.78,6617.0,983.0,748.0
CGH,6/29/2026,775.0,775.0,762.1,768.0,-0.9,21444.0,983.0,748.0
CGH,6/30/2026,765.0,770.0,761.0,764.0,-0.13,7118.0,983.0,748.0
CGH,7/1/2026,764.0,775.0,764.0,774.0,1.31,37166.0,983.0,748.0
CGH,7/2/2026,766.0,774.0,765.0,768.4,0.31,19565.0,983.0,748.0
CGH,7/3/2026,776.0,778.0,770.0,772.2,-0.49,7038.0,983.0,748.0
CGH,7/6/2026,774.9,774.9,760.1,772.0,-0.37,11818.0,983.0,748.0
CGH,7/7/2026,778.0,782.0,774.9,780.0,0.26,45335.0,983.0,748.0
CGH,7/8/2026,776.5,780.0,770.0,776.4,-0.01,3919.0,983.0,748.0
CGH,7/9/2026,766.0,775.0,766.0,775.0,1.17,3628.0,983.0,748.0
CGH,7/10/2026,775.0,781.0,775.0,775.0,0.0,113957.0,983.0,748.0
CGH,7/13/2026,778.0,778.0,760.0,760.0,-2.31,10461.0,983.0,748.0
CGH,7/14/2026,751.1,764.0,751.1,762.9,1.57,13989.0,983.0,748.0
CGH,7/15/2026,770.0,773.8,758.1,770.0,0.0,68796.0,983.0,748.0
CGH,7/16/2026,808.5,808.5,755.2,755.2,-6.59,6674.0,983.0,748.0
CGH,7/17/2026,765.0,784.9,764.0,773.0,1.05,7342.0,983.0,748.0
CGH,7/20/2026,772.0,794.0,772.0,785.0,1.68,11799.0,983.0,748.0
CGH,7/21/2026,786.0,793.0,783.0,783.2,-0.36,6576.0,983.0,748.0
CGH,7/22/2026,794.8,794.8,776.5,785.0,-1.23,6372.0,983.0,748.0
CGH,7/23/2026,785.0,792.0,773.0,792.0,0.89,19050.0,983.0,748.0
CGH,7/24/2026,793.0,793.0,785.0,787.0,-0.76,7873.0,983.0,748.0
CGH,7/27/2026,785.0,789.0,780.0,782.0,-0.38,63570.0,983.0,748.0
CGH,7/28/2026,782.0,790.0,776.5,788.6,0.84,19197.0,983.0,748.0
CGH,7/29/2026,789.0,797.0,787.0,790.0,0.13,12085.0,983.0,748.0
CGH,7/30/2026,790.0,790.0,785.0,786.0,-0.51,3690.0,983.0,748.0
CGH,7/31/2026,780.0,789.0,777.1,784.0,0.51,8571.0,983.0,748.0
CGH,8/3/2026,771.1,792.0,771.1,788.9,2.31,8121.0,983.0,748.0
CGH,8/4/2026,780.0,789.0,775.0,782.0,0.26,2937.0,983.0,748.0
CGH,8/5/2026,782.0,788.9,771.2,778.5,-0.45,5325.0,983.0,748.0
CGH,8/6/2026,790.0,790.0,778.3,778.3,-1.48,16702.0,983.0,748.0
CGH,8/7/2026,778.0,799.0,778.0,785.1,0.91,60218.0,983.0,748.0
CGH,8/10/2026,778.0,785.0,775.0,779.9,0.24,5420.0,983.0,748.0
CGH,8/11/2026,779.9,795.1,775.0,776.3,-0.46,3207.0,983.0,748.0
CGH,8/12/2026,775.0,780.0,773.4,778.0,0.39,6251.0,983.0,748.0
CGH,8/13/2026,790.9,790.9,776.0,784.7,-0.78,5159.0,983.0,748.0
CGH,8/14/2026,778.0,785.0,777.0,777.7,-0.04,7520.0,983.0,748.0
CGH,8/17/2026,777.7,786.0,777.7,779.1,0.18,3664.0,983.0,748.0
CGH,8/18/2026,775.0,779.0,771.0,773.0,-0.26,5743.0,983.0,748.0
CGH,8/19/2026,773.0,786.0,766.0,770.0,-0.39,6679.0,983.0,748.0
CGH,8/20/2026,769.0,775.0,767.0,771.0,0.26,4394.0,983.0,748.0
CGH,8/21/2026,771.5,781.0,771.5,772.3,0.1,16231.0,983.0,748.0
CGH,8/24/2026,771.0,780.0,769.1,775.0,0.52,12090.0,983.0,748.0
CGH,8/25/2026,770.0,779.0,770.0,775.0,0.65,100526.0,983.0,748.0
CGH,8/26/2026,770.0,773.0,765.0,770.0,0.0,14827.0,983.0,748.0
CGH,8/27/2026,761.0,782.0,754.0,770.0,1.18,6632.0,983.0,748.0
CGH,8/31/2026,761.0,770.0,761.0,763.1,0.28,5167.0,983.0,748.0
CGH,9/1/2026,760.0,771.9,760.0,771.9,1.57,7760.0,983.0,748.0
CGH,9/2/2026,771.0,771.0,760.0,768.0,-0.39,8912.0,983.0,748.0
CGH,9/3/2026,768.0,770.0,765.0,767.0,-0.13,7006.0,983.0,748.0
CGH,9/7/2026,767.0,772.0,765.0,769.3,0.3,7983.0,983.0,748.0
CGH,9/9/2026,768.0,778.0,768.0,770.0,0.26,9163.0,983.0,748.0
CGH,9/10/2026,770.0,770.0,761.3,762.4,-0.99,5023.0,983.0,748.0
CGH,9/11/2026,761.0,773.9,761.0,767.1,0.8,11374.0,983.0,748.0
CGH,9/14/2026,767.0,790.0,767.0,786.0,2.48,12361.0,983.0,748.0
CGH,9/15/2026,825.0,825.0,783.0,798.0,-3.27,25080.0,983.0,748.0
CGH,9/16/2026,800.0,806.9,788.0,791.0,-1.12,3793.0,983.0,748.0
CGH,9/17/2026,778.8,802.0,778.8,792.2,1.72,2371.0,983.0,748.0
CGH,9/18/2026,790.0,795.0,781.0,794.0,0.51,10976.0,983.0,748.0
CGH,9/22/2026,791.1,797.0,785.0,786.0,-0.64,5724.0,983.0,748.0
CGH,9/23/2026,776.0,797.9,776.0,782.9,0.89,3221.0,983.0,748.0
CGH,9/24/2026,799.8,799.8,772.1,773.0,-3.35,4555.0,983.0,748.0
CGH,9/28/2026,773.0,775.0,765.0,765.1,-1.02,6736.0,983.0,748.0
CGH,9/29/2026,761.1,770.0,761.0,0.0,-100.0,4132.0,983.0,748.0
CGH,9/30/2026,771.0,780.0,762.7,765.0,-0.78,2065.0,983.0,748.0
CGH,10/1/2026,762.2,769.0,760.0,760.0,-0.29,6085.0,983.0,748.0
CGH,10/2/2026,760.0,778.8,758.0,762.1,0.28,2822.0,983.0,748.0
CHCL,6/13/2006,800.0,281.0,276.0,281.0,,260950.0,525.0,336.8
CHCL,6/14/2006,281.0,336.0,295.0,336.0,19.57,99810.0,525.0,336.8
CHCL,6/15/2006,336.0,352.0,352.0,352.0,4.76,1540.0,525.0,336.8
CHCL,6/18/2006,352.0,369.0,369.0,369.0,4.83,300.0,525.0,336.8
CHCL,6/20/2006,369.0,387.0,387.0,387.0,4.88,3640.0,525.0,336.8
CHCL,6/21/2006,387.0,412.0,406.0,412.0,6.46,16180.0,525.0,336.8
CHCL,6/22/2006,412.0,414.0,413.0,414.0,0.49,11060.0,525.0,336.8
CHCL,6/25/2006,414.0,425.0,420.0,420.0,1.45,5450.0,525.0,336.8
CHCL,6/26/2006,420.0,406.0,405.0,406.0,-3.33,5200.0,525.0,336.8
CHCL,6/27/2006,406.0,386.0,380.0,381.0,-6.16,13280.0,525.0,336.8
CHCL,6/28/2006,381.0,375.0,362.0,362.0,-4.99,6360.0,525.0,336.8
CHCL,6/29/2006,362.0,368.0,360.0,368.0,1.66,2800.0,525.0,336.8
CHCL,7/2/2006,368.0,375.0,369.0,375.0,1.9,3400.0,525.0,336.8
CHCL,7/3/2006,375.0,377.0,377.0,377.0,0.53,450.0,525.0,336.8
CHCL,7/4/2006,377.0,397.0,383.0,391.0,3.71,9550.0,525.0,336.8
CHCL,7/5/2006,391.0,398.0,390.0,398.0,1.79,4660.0,525.0,336.8
CHCL,7/6/2006,398.0,396.0,394.0,396.0,-0.5,2580.0,525.0,336.8
CHCL,7/9/2006,396.0,400.0,396.0,400.0,1.01,755.0,525.0,336.8
CHCL,7/10/2006,400.0,401.0,397.0,401.0,0.25,3150.0,525.0,336.8
CHCL,7/12/2006,401.0,403.0,400.0,400.0,-0.25,1230.0,525.0,336.8
CHCL,7/13/2006,400.0,401.0,398.0,401.0,0.25,4620.0,525.0,336.8
CHCL,7/16/2006,401.0,400.0,400.0,400.0,-0.25,350.0,525.0,336.8
CHCL,7/17/2006,400.0,398.0,395.0,395.0,-1.25,2550.0,525.0,336.8
CHCL,7/18/2006,395.0,395.0,395.0,395.0,0.0,1870.0,525.0,336.8
CHCL,7/19/2006,395.0,395.0,390.0,390.0,-1.27,8850.0,525.0,336.8
CHCL,7/20/2006,390.0,390.0,390.0,390.0,0.0,5000.0,525.0,336.8
CHCL,7/24/2006,390.0,390.0,390.0,390.0,0.0,1970.0,525.0,336.8
CHCL,7/25/2006,390.0,390.0,383.0,383.0,-1.79,9550.0,525.0,336.8
CHCL,7/26/2006,383.0,375.0,375.0,375.0,-2.09,940.0,525.0,336.8
CHCL,7/27/2006,375.0,368.0,361.0,364.0,-2.93,11770.0,525.0,336.8
CHCL,7/30/2006,364.0,361.0,361.0,361.0,-0.82,14400.0,525.0,336.8
CHCL,7/31/2006,361.0,367.0,367.0,367.0,1.66,2400.0,525.0,336.8
CHCL,8/1/2006,367.0,371.0,370.0,371.0,1.09,11730.0,525.0,336.8
CHCL,8/2/2006,371.0,375.0,375.0,375.0,1.08,240.0,525.0,336.8
CHCL,8/3/2006,375.0,380.0,375.0,380.0,1.33,550.0,525.0,336.8
CHCL,8/6/2006,380.0,380.0,375.0,380.0,0.0,1670.0,525.0,336.8
CHCL,8/7/2006,380.0,401.0,390.0,400.0,5.26,540.0,525.0,336.8
CHCL,8/8/2006,400.0,402.0,400.0,400.0,0.0,7580.0,525.0,336.8
CHCL,8/14/2006,400.0,400.0,400.0,400.0,0.0,1050.0,525.0,336.8
CHCL,8/15/2006,400.0,391.0,390.0,391.0,-2.25,810.0,525.0,336.8
CHCL,8/17/2006,391.0,390.0,390.0,390.0,-0.26,1130.0,525.0,336.8
CHCL,8/20/2006,390.0,396.0,389.0,389.0,-0.26,4700.0,525.0,336.8
CHCL,8/21/2006,389.0,389.0,388.0,389.0,0.0,1150.0,525.0,336.8
CHCL,8/22/2006,389.0,385.0,385.0,385.0,-1.03,280.0,525.0,336.8
CHCL,8/24/2006,385.0,375.0,370.0,374.0,-2.86,590.0,525.0,336.8
CHCL,8/27/2006,374.0,374.0,368.0,368.0,-1.6,320.0,525.0,336.8
CHCL,8/28/2006,368.0,365.0,365.0,365.0,-0.82,4420.0,525.0,336.8
CHCL,8/29/2006,365.0,361.0,361.0,361.0,-1.1,530.0,525.0,336.8
CHCL,8/30/2006,361.0,365.0,365.0,365.0,1.11,2800.0,525.0,336.8
CHCL,9/3/2006,365.0,369.0,368.0,369.0,1.1,1730.0,525.0,336.8
CHCL,9/4/2006,369.0,369.0,369.0,369.0,0.0,5.0,525.0,336.8
CHCL,9/5/2006,369.0,371.0,370.0,371.0,0.54,1800.0,525.0,336.8
CHCL,9/7/2006,371.0,374.0,372.0,374.0,0.81,2560.0,525.0,336.8
CHCL,9/9/2006,374.0,1630.0,1600.0,1610.0,330.48,14650.0,525.0,336.8
CHCL,9/10/2006,1610.0,381.0,381.0,381.0,-76.34,1740.0,525.0,336.8
CHCL,9/11/2006,381.0,385.0,378.0,385.0,1.05,1790.0,525.0,336.8
CHCL,9/12/2006,385.0,396.0,395.0,396.0,2.86,2670.0,525.0,336.8
CHCL,9/13/2006,396.0,395.0,388.0,388.0,-2.02,230.0,525.0,336.8
CHCL,9/14/2006,388.0,380.0,380.0,380.0,-2.06,5840.0,525.0,336.8
CHCL,9/18/2006,616.0,390.0,390.0,390.0,2.63,2000.0,525.0,336.8
CHCL,9/20/2006,390.0,390.0,386.0,386.0,-1.03,530.0,525.0,336.8
CHCL,9/21/2006,386.0,380.0,377.0,380.0,-1.55,5070.0,525.0,336.8
CHCL,9/24/2006,380.0,375.0,370.0,375.0,-1.32,2090.0,525.0,336.8
CHCL,9/25/2006,375.0,380.0,370.0,380.0,1.33,2950.0,525.0,336.8
CHCL,9/26/2006,380.0,380.0,375.0,375.0,-1.32,5335.0,525.0,336.8
CHCL,9/28/2006,375.0,380.0,380.0,380.0,1.33,3600.0,525.0,336.8
CHCL,10/9/2006,380.0,390.0,390.0,390.0,2.63,300.0,525.0,336.8
CHCL,10/10/2006,390.0,402.0,390.0,402.0,3.08,6500.0,525.0,336.8
CHCL,10/11/2006,402.0,400.0,400.0,400.0,-0.5,1520.0,525.0,336.8
CHCL,10/12/2006,400.0,406.0,402.0,406.0,1.5,21690.0,525.0,336.8
CHCL,10/16/2006,406.0,418.0,410.0,411.0,1.23,7220.0,525.0,336.8
CHCL,10/17/2006,411.0,415.0,415.0,415.0,0.97,6950.0,525.0,336.8
CHCL,10/18/2006,415.0,415.0,415.0,415.0,0.0,2130.0,525.0,336.8
CHCL,10/19/2006,415.0,421.0,420.0,420.0,1.2,2400.0,525.0,336.8
CHCL,10/26/2006,420.0,421.0,420.0,421.0,0.24,1890.0,525.0,336.8
CHCL,10/29/2006,421.0,425.0,421.0,425.0,0.95,16010.0,525.0,336.8
CHCL,10/30/2006,425.0,430.0,425.0,430.0,1.18,7760.0,525.0,336.8
CHCL,10/31/2006,430.0,444.0,430.0,444.0,3.26,1070.0,525.0,336.8
CHCL,11/1/2006,444.0,466.0,450.0,466.0,4.95,7320.0,525.0,336.8
CHCL,11/2/2006,466.0,471.0,465.0,471.0,1.07,1100.0,525.0,336.8
CHCL,11/5/2006,471.0,476.0,465.0,476.0,1.06,1650.0,525.0,336.8
CHCL,11/6/2006,476.0,501.0,495.0,495.0,3.99,1500.0,525.0,336.8
CHCL,11/7/2006,495.0,515.0,500.0,515.0,4.04,3920.0,525.0,336.8
CHCL,11/8/2006,515.0,510.0,510.0,510.0,-0.97,250.0,525.0,336.8
CHCL,11/9/2006,510.0,525.0,510.0,525.0,2.94,11890.0,525.0,336.8
CHCL,11/12/2006,525.0,530.0,530.0,530.0,0.95,4560.0,525.0,336.8
CHCL,11/13/2006,530.0,560.0,556.0,560.0,5.66,3630.0,525.0,336.8
CHCL,11/15/2006,560.0,670.0,621.0,660.0,17.86,19210.0,525.0,336.8
CHCL,11/16/2006,660.0,660.0,650.0,650.0,-1.52,13640.0,525.0,336.8
CHCL,11/19/2006,650.0,650.0,635.0,635.0,-2.31,1110.0,525.0,336.8
CHCL,11/20/2006,635.0,630.0,620.0,620.0,-2.36,8610.0,525.0,336.8
CHCL,11/21/2006,620.0,602.0,584.0,602.0,-2.9,6820.0,525.0,336.8
CHCL,11/23/2006,602.0,610.0,590.0,610.0,1.33,6900.0,525.0,336.8
CHCL,11/26/2006,610.0,660.0,631.0,660.0,8.2,7160.0,525.0,336.8
CHCL,11/27/2006,660.0,670.0,660.0,670.0,1.52,5960.0,525.0,336.8
CHCL,11/28/2006,670.0,700.0,680.0,700.0,4.48,16810.0,525.0,336.8
CHCL,11/29/2006,700.0,735.0,700.0,735.0,5.0,27990.0,525.0,336.8
CHCL,11/30/2006,735.0,725.0,725.0,725.0,-1.36,5300.0,525.0,336.8
CHCL,12/3/2006,725.0,725.0,700.0,700.0,-3.45,9430.0,525.0,336.8
CHCL,12/4/2006,700.0,700.0,699.0,699.0,-0.14,5770.0,525.0,336.8
CHCL,12/5/2006,699.0,700.0,695.0,700.0,0.14,5200.0,525.0,336.8
CHCL,12/6/2006,700.0,700.0,695.0,700.0,0.0,7050.0,525.0,336.8
CHCL,12/7/2006,700.0,705.0,702.0,702.0,0.29,2090.0,525.0,336.8
CHCL,12/10/2006,702.0,725.0,700.0,725.0,3.28,5130.0,525.0,336.8
CHCL,12/11/2006,725.0,706.0,706.0,706.0,-2.62,530.0,525.0,336.8
CHCL,12/12/2006,706.0,770.0,741.0,755.0,6.94,12200.0,525.0,336.8
CHCL,12/13/2006,755.0,795.0,760.0,795.0,5.3,6620.0,525.0,336.8
CHCL,12/14/2006,795.0,820.0,785.0,820.0,3.14,7850.0,525.0,336.8
CHCL,12/17/2006,820.0,860.0,835.0,850.0,3.66,25050.0,525.0,336.8
CHCL,12/18/2006,850.0,859.0,844.0,844.0,-0.71,16000.0,525.0,336.8
CHCL,12/19/2006,844.0,850.0,830.0,830.0,-1.66,5650.0,525.0,336.8
CHCL,12/20/2006,830.0,840.0,810.0,815.0,-1.81,3710.0,525.0,336.8
CHCL,12/21/2006,815.0,830.0,815.0,825.0,1.23,9540.0,525.0,336.8
CHCL,12/24/2006,825.0,830.0,825.0,825.0,0.0,2610.0,525.0,336.8
CHCL,12/25/2006,825.0,825.0,820.0,820.0,-0.61,5105.0,525.0,336.8
CHCL,12/26/2006,820.0,820.0,815.0,815.0,-0.61,1420.0,525.0,336.8
CHCL,12/27/2006,815.0,810.0,800.0,800.0,-1.84,6330.0,525.0,336.8
CHCL,12/31/2006,800.0,790.0,790.0,790.0,-1.25,500.0,525.0,336.8
CHCL,1/1/2007,790.0,775.0,775.0,775.0,-1.9,2070.0,525.0,336.8
CHCL,1/2/2007,775.0,775.0,750.0,750.0,-3.23,7630.0,525.0,336.8
CHCL,1/3/2007,750.0,750.0,731.0,735.0,-2.0,12390.0,525.0,336.8
CHCL,1/4/2007,735.0,760.0,745.0,745.0,1.36,7440.0,525.0,336.8
CHCL,1/7/2007,745.0,790.0,780.0,790.0,6.04,300.0,525.0,336.8
CHCL,1/8/2007,790.0,820.0,800.0,817.0,3.42,8740.0,525.0,336.8
CHCL,1/9/2007,817.0,816.0,816.0,816.0,-0.12,6250.0,525.0,336.8
CHCL,1/10/2007,816.0,804.0,771.0,775.0,-5.02,2560.0,525.0,336.8
CHCL,1/17/2007,775.0,780.0,770.0,780.0,0.65,1610.0,525.0,336.8
CHCL,1/18/2007,780.0,800.0,790.0,790.0,1.28,2270.0,525.0,336.8
CHCL,1/21/2007,790.0,800.0,790.0,790.0,0.0,1350.0,525.0,336.8
CHCL,1/25/2007,790.0,790.0,788.0,788.0,-0.25,400.0,525.0,336.8
CHCL,1/28/2007,788.0,760.0,756.0,756.0,-4.06,4070.0,525.0,336.8
CHCL,1/29/2007,756.0,750.0,745.0,745.0,-1.46,2820.0,525.0,336.8
CHCL,1/31/2007,745.0,746.0,740.0,746.0,0.13,2910.0,525.0,336.8
CHCL,2/1/2007,746.0,751.0,751.0,751.0,0.67,400.0,525.0,336.8
CHCL,2/4/2007,751.0,780.0,755.0,780.0,3.86,3340.0,525.0,336.8
CHCL,2/5/2007,780.0,800.0,780.0,800.0,2.56,6010.0,525.0,336.8
CHCL,2/6/2007,800.0,800.0,790.0,790.0,-1.25,2610.0,525.0,336.8
CHCL,2/7/2007,790.0,800.0,790.0,798.0,1.01,4020.0,525.0,336.8
CHCL,2/8/2007,798.0,805.0,800.0,805.0,0.88,1680.0,525.0,336.8
CHCL,2/11/2007,805.0,805.0,805.0,805.0,0.0,5000.0,525.0,336.8
CHCL,2/12/2007,805.0,805.0,805.0,805.0,0.0,570.0,525.0,336.8
CHCL,2/13/2007,805.0,805.0,805.0,805.0,0.0,200.0,525.0,336.8
CHCL,2/14/2007,805.0,800.0,790.0,790.0,-1.86,1330.0,525.0,336.8
CHCL,2/15/2007,790.0,790.0,785.0,785.0,-0.63,1710.0,525.0,336.8
CHCL,2/18/2007,785.0,775.0,775.0,775.0,-1.27,6270.0,525.0,336.8
CHCL,2/20/2007,775.0,775.0,760.0,760.0,-1.94,150.0,525.0,336.8
CHCL,2/21/2007,760.0,755.0,750.0,750.0,-1.32,2890.0,525.0,336.8
CHCL,2/25/2007,750.0,755.0,750.0,755.0,0.67,690.0,525.0,336.8
CHCL,2/26/2007,755.0,755.0,747.0,750.0,-0.66,7770.0,525.0,336.8
CHCL,2/27/2007,750.0,750.0,740.0,745.0,-0.67,1920.0,525.0,336.8
CHCL,2/28/2007,745.0,745.0,745.0,745.0,0.0,1900.0,525.0,336.8
CHCL,3/4/2007,745.0,730.0,730.0,730.0,-2.01,100.0,525.0,336.8
CHCL,3/5/2007,730.0,730.0,720.0,720.0,-1.37,130.0,525.0,336.8
CHCL,3/6/2007,720.0,720.0,715.0,715.0,-0.69,4160.0,525.0,336.8
CHCL,3/7/2007,715.0,715.0,710.0,710.0,-0.7,2700.0,525.0,336.8
CHCL,3/8/2007,710.0,730.0,710.0,730.0,2.82,1690.0,525.0,336.8
CHCL,3/11/2007,730.0,750.0,750.0,750.0,2.74,670.0,525.0,336.8
CHCL,3/12/2007,750.0,760.0,750.0,760.0,1.33,370.0,525.0,336.8
CHCL,3/14/2007,760.0,760.0,750.0,760.0,0.0,3520.0,525.0,336.8
CHCL,3/15/2007,760.0,760.0,750.0,750.0,-1.32,5630.0,525.0,336.8
CHCL,3/21/2007,750.0,750.0,741.0,741.0,-1.2,610.0,525.0,336.8
CHCL,3/22/2007,741.0,730.0,730.0,730.0,-1.48,620.0,525.0,336.8
CHCL,3/25/2007,730.0,735.0,721.0,721.0,-1.23,420.0,525.0,336.8
CHCL,3/28/2007,721.0,720.0,710.0,710.0,-1.53,5590.0,525.0,336.8
CHCL,3/29/2007,710.0,710.0,700.0,700.0,-1.41,10350.0,525.0,336.8
CHCL,4/1/2007,700.0,740.0,735.0,740.0,5.71,2480.0,525.0,336.8
CHCL,4/2/2007,740.0,745.0,730.0,730.0,-1.35,5060.0,525.0,336.8
CHCL,4/3/2007,730.0,725.0,725.0,725.0,-0.68,4920.0,525.0,336.8
CHCL,4/5/2007,725.0,715.0,715.0,715.0,-1.38,410.0,525.0,336.8
CHCL,4/9/2007,715.0,710.0,705.0,710.0,-0.7,920.0,525.0,336.8
CHCL,4/10/2007,710.0,710.0,710.0,710.0,0.0,320.0,525.0,336.8
CHCL,4/11/2007,710.0,715.0,710.0,710.0,0.0,4280.0,525.0,336.8
CHCL,4/12/2007,710.0,725.0,725.0,725.0,2.11,230.0,525.0,336.8
CHCL,4/15/2007,725.0,730.0,715.0,730.0,0.69,750.0,525.0,336.8
CHCL,4/16/2007,730.0,725.0,725.0,725.0,-0.68,520.0,525.0,336.8
CHCL,4/17/2007,725.0,725.0,725.0,725.0,0.0,620.0,525.0,336.8
CHCL,4/18/2007,725.0,725.0,725.0,725.0,0.0,130.0,525.0,336.8
CHCL,4/19/2007,725.0,725.0,725.0,725.0,0.0,980.0,525.0,336.8
CHCL,4/22/2007,725.0,720.0,720.0,720.0,-0.69,1290.0,525.0,336.8
CHCL,4/23/2007,720.0,720.0,720.0,720.0,0.0,220.0,525.0,336.8
CHCL,4/25/2007,720.0,720.0,710.0,710.0,-1.39,1470.0,525.0,336.8
CHCL,4/26/2007,710.0,720.0,710.0,720.0,1.41,4570.0,525.0,336.8
CHCL,4/29/2007,720.0,735.0,732.0,735.0,2.08,5170.0,525.0,336.8
CHCL,4/30/2007,735.0,732.0,730.0,732.0,-0.41,260.0,525.0,336.8
CHCL,5/3/2007,732.0,735.0,735.0,735.0,0.41,5120.0,525.0,336.8
CHCL,5/6/2007,735.0,736.0,735.0,736.0,0.14,10930.0,525.0,336.8
CHCL,5/7/2007,736.0,741.0,740.0,741.0,0.68,5400.0,525.0,336.8
CHCL,5/8/2007,741.0,760.0,740.0,760.0,2.56,900.0,525.0,336.8
CHCL,5/9/2007,760.0,775.0,760.0,775.0,1.97,9570.0,525.0,336.8
CHCL,5/10/2007,775.0,790.0,780.0,785.0,1.29,7900.0,525.0,336.8
CHCL,5/13/2007,785.0,790.0,785.0,790.0,0.64,4400.0,525.0,336.8
CHCL,5/14/2007,790.0,790.0,785.0,790.0,0.0,2200.0,525.0,336.8
CHCL,5/15/2007,790.0,790.0,790.0,790.0,0.0,860.0,525.0,336.8
CHCL,5/17/2007,790.0,785.0,785.0,785.0,-0.63,100.0,525.0,336.8
CHCL,5/20/2007,785.0,780.0,775.0,775.0,-1.27,490.0,525.0,336.8
CHCL,5/21/2007,775.0,765.0,765.0,765.0,-1.29,1700.0,525.0,336.8
CHCL,5/22/2007,765.0,755.0,750.0,755.0,-1.31,1810.0,525.0,336.8
CHCL,5/23/2007,755.0,760.0,755.0,760.0,0.66,1200.0,525.0,336.8
CHCL,5/24/2007,760.0,775.0,760.0,775.0,1.97,5400.0,525.0,336.8
CHCL,5/29/2007,775.0,780.0,775.0,780.0,0.65,980.0,525.0,336.8
CHCL,5/30/2007,780.0,785.0,780.0,782.0,0.26,1420.0,525.0,336.8
CHCL,5/31/2007,782.0,800.0,785.0,790.0,1.02,3070.0,525.0,336.8
CHCL,6/3/2007,790.0,790.0,790.0,790.0,0.0,1110.0,525.0,336.8
CHCL,6/4/2007,790.0,803.0,790.0,800.0,1.27,2830.0,525.0,336.8
CHCL,6/5/2007,800.0,800.0,795.0,798.0,-0.25,2330.0,525.0,336.8
CHCL,6/6/2007,798.0,800.0,800.0,800.0,0.25,1150.0,525.0,336.8
CHCL,6/7/2007,800.0,795.0,795.0,795.0,-0.62,1930.0,525.0,336.8
CHCL,6/10/2007,795.0,810.0,810.0,810.0,1.89,8610.0,525.0,336.8
CHCL,6/11/2007,810.0,830.0,810.0,830.0,2.47,4340.0,525.0,336.8
CHCL,6/12/2007,830.0,830.0,830.0,830.0,0.0,810.0,525.0,336.8
CHCL,6/13/2007,830.0,860.0,840.0,860.0,3.61,4150.0,525.0,336.8
CHCL,6/14/2007,860.0,820.0,820.0,820.0,-4.65,530.0,525.0,336.8
CHCL,6/17/2007,820.0,810.0,810.0,810.0,-1.22,1150.0,525.0,336.8
CHCL,6/18/2007,810.0,835.0,820.0,835.0,3.09,2540.0,525.0,336.8
CHCL,6/19/2007,835.0,851.0,850.0,851.0,1.92,6460.0,525.0,336.8
CHCL,6/20/2007,851.0,875.0,851.0,875.0,2.82,2080.0,525.0,336.8
CHCL,6/21/2007,875.0,900.0,865.0,865.0,-1.14,5320.0,525.0,336.8
CHCL,6/24/2007,865.0,890.0,870.0,890.0,2.89,4480.0,525.0,336.8
CHCL,6/25/2007,890.0,890.0,890.0,890.0,0.0,100.0,525.0,336.8
CHCL,6/27/2007,890.0,890.0,885.0,885.0,-0.56,1680.0,525.0,336.8
CHCL,7/1/2007,885.0,900.0,870.0,870.0,-1.69,3540.0,525.0,336.8
CHCL,7/2/2007,870.0,865.0,865.0,865.0,-0.57,1580.0,525.0,336.8
CHCL,7/3/2007,865.0,870.0,865.0,870.0,0.58,610.0,525.0,336.8
CHCL,7/4/2007,870.0,900.0,875.0,900.0,3.45,16610.0,525.0,336.8
CHCL,7/5/2007,900.0,900.0,885.0,885.0,-1.67,1590.0,525.0,336.8
CHCL,7/9/2007,885.0,900.0,900.0,900.0,1.69,4620.0,525.0,336.8
CHCL,7/10/2007,900.0,915.0,910.0,915.0,1.67,8730.0,525.0,336.8
CHCL,7/11/2007,915.0,920.0,910.0,920.0,0.55,2730.0,525.0,336.8
CHCL,7/12/2007,920.0,915.0,910.0,915.0,-0.54,1840.0,525.0,336.8
CHCL,7/15/2007,915.0,940.0,915.0,940.0,2.73,10930.0,525.0,336.8
CHCL,7/16/2007,940.0,940.0,940.0,940.0,0.0,490.0,525.0,336.8
CHCL,7/17/2007,940.0,986.0,970.0,986.0,4.89,4620.0,525.0,336.8
CHCL,7/18/2007,986.0,1035.0,1035.0,1035.0,4.97,11080.0,525.0,336.8
CHCL,7/19/2007,1035.0,1035.0,1010.0,1010.0,-2.42,5890.0,525.0,336.8
CHCL,7/22/2007,1010.0,1021.0,1010.0,1020.0,0.99,6120.0,525.0,336.8
CHCL,7/23/2007,1020.0,1010.0,1010.0,1010.0,-0.98,2660.0,525.0,336.8
CHCL,7/24/2007,1010.0,1010.0,1010.0,1010.0,0.0,5800.0,525.0,336.8
CHCL,7/25/2007,1010.0,1010.0,1010.0,1010.0,0.0,4050.0,525.0,336.8
CHCL,7/26/2007,1010.0,890.0,885.0,885.0,-12.38,380.0,525.0,336.8
CHCL,7/29/2007,1010.0,1000.0,1000.0,1000.0,12.99,1260.0,525.0,336.8
CHCL,7/30/2007,1000.0,1010.0,1000.0,1000.0,0.0,5090.0,525.0,336.8
CHCL,7/31/2007,1000.0,990.0,990.0,990.0,-1.0,500.0,525.0,336.8
CHCL,8/1/2007,990.0,990.0,990.0,990.0,0.0,2380.0,525.0,336.8
CHCL,8/2/2007,990.0,1010.0,990.0,1010.0,2.02,2330.0,525.0,336.8
CHCL,8/5/2007,1010.0,1020.0,1010.0,1020.0,0.99,3950.0,525.0,336.8
CHCL,8/6/2007,1020.0,1040.0,1030.0,1035.0,1.47,9480.0,525.0,336.8
CHCL,8/7/2007,1035.0,1050.0,1050.0,1050.0,1.45,700.0,525.0,336.8
CHCL,8/8/2007,1050.0,1122.0,1055.0,1105.0,5.24,3440.0,525.0,336.8
CHCL,8/9/2007,1105.0,1180.0,1100.0,1180.0,6.79,6770.0,525.0,336.8
CHCL,8/13/2007,1180.0,1180.0,1170.0,1170.0,-0.85,12140.0,525.0,336.8
CHCL,8/14/2007,1170.0,1175.0,1170.0,1175.0,0.43,7500.0,525.0,336.8
CHCL,8/15/2007,1175.0,1178.0,1155.0,1166.0,-0.77,1620.0,525.0,336.8
CHCL,8/16/2007,1166.0,1169.0,1160.0,1169.0,0.26,3560.0,525.0,336.8
CHCL,8/19/2007,1169.0,1190.0,1160.0,1190.0,1.8,2460.0,525.0,336.8
CHCL,8/20/2007,1190.0,1200.0,1170.0,1200.0,0.84,3800.0,525.0,336.8
CHCL,8/21/2007,1200.0,1215.0,1195.0,1215.0,1.25,4310.0,525.0,336.8
CHCL,8/22/2007,1215.0,1220.0,1215.0,1220.0,0.41,5140.0,525.0,336.8
CHCL,8/23/2007,1220.0,1225.0,1220.0,1225.0,0.41,4850.0,525.0,336.8
CHCL,8/26/2007,1225.0,1240.0,1225.0,1240.0,1.22,2690.0,525.0,336.8
CHCL,8/27/2007,1240.0,1265.0,1240.0,1260.0,1.61,4440.0,525.0,336.8
CHCL,8/30/2007,1260.0,1295.0,1285.0,1295.0,2.78,760.0,525.0,336.8
CHCL,9/2/2007,1295.0,1352.0,1320.0,1352.0,4.4,1820.0,525.0,336.8
CHCL,9/3/2007,1352.0,1465.0,1352.0,1465.0,8.36,7090.0,525.0,336.8
CHCL,9/5/2007,1465.0,1610.0,1470.0,1600.0,9.22,7030.0,525.0,336.8
CHCL,9/6/2007,1600.0,1650.0,1600.0,1625.0,1.56,13050.0,525.0,336.8
CHCL,9/10/2007,1625.0,1610.0,1575.0,1601.0,-1.48,10500.0,525.0,336.8
CHCL,9/11/2007,1601.0,1575.0,1555.0,1560.0,-2.56,2300.0,525.0,336.8
CHCL,9/12/2007,1560.0,1550.0,1511.0,1511.0,-3.14,1350.0,525.0,336.8
CHCL,9/13/2007,1511.0,1500.0,1429.0,1450.0,-4.04,14600.0,525.0,336.8
CHCL,9/16/2007,1450.0,1500.0,1475.0,1500.0,3.45,3640.0,525.0,336.8
CHCL,9/17/2007,1500.0,1515.0,1480.0,1500.0,0.0,7560.0,525.0,336.8
CHCL,9/18/2007,1500.0,1485.0,1480.0,1480.0,-1.33,1250.0,525.0,336.8
CHCL,9/19/2007,1480.0,1460.0,1460.0,1460.0,-1.35,1050.0,525.0,336.8
CHCL,9/20/2007,1460.0,1540.0,1475.0,1540.0,5.48,12070.0,525.0,336.8
CHCL,9/23/2007,1540.0,1550.0,1520.0,1520.0,-1.3,470.0,525.0,336.8
CHCL,9/24/2007,1520.0,1515.0,1490.0,1490.0,-1.97,1040.0,525.0,336.8
CHCL,9/26/2007,1490.0,1500.0,1500.0,1500.0,0.67,1550.0,525.0,336.8
CHCL,9/27/2007,1500.0,1492.0,1490.0,1492.0,-0.53,910.0,525.0,336.8
CHCL,9/30/2007,1492.0,1498.0,1490.0,1495.0,0.2,1350.0,525.0,336.8
CHCL,10/1/2007,1495.0,1466.0,1450.0,1450.0,-3.01,2230.0,525.0,336.8
CHCL,10/2/2007,1450.0,1425.0,1425.0,1425.0,-1.72,3880.0,525.0,336.8
CHCL,10/3/2007,1425.0,1460.0,1400.0,1460.0,2.46,5150.0,525.0,336.8
CHCL,10/4/2007,1460.0,1465.0,1460.0,1465.0,0.34,600.0,525.0,336.8
CHCL,10/7/2007,1465.0,1465.0,1440.0,1465.0,0.0,4590.0,525.0,336.8
CHCL,10/8/2007,1465.0,1450.0,1425.0,1425.0,-2.73,1160.0,525.0,336.8
CHCL,10/9/2007,1425.0,1400.0,1399.0,1399.0,-1.82,700.0,525.0,336.8
CHCL,10/10/2007,1399.0,1380.0,1355.0,1355.0,-3.15,2990.0,525.0,336.8
CHCL,10/11/2007,1355.0,1400.0,1360.0,1400.0,3.32,1720.0,525.0,336.8
CHCL,10/14/2007,1400.0,1450.0,1428.0,1450.0,3.57,2000.0,525.0,336.8
CHCL,10/15/2007,1450.0,1440.0,1421.0,1440.0,-0.69,1400.0,525.0,336.8
CHCL,10/30/2007,1440.0,1415.0,1415.0,1415.0,-1.74,100.0,525.0,336.8
CHCL,10/31/2007,1415.0,1400.0,1375.0,1400.0,-1.06,1340.0,525.0,336.8
CHCL,11/1/2007,1400.0,1380.0,1380.0,1380.0,-1.43,500.0,525.0,336.8
CHCL,11/4/2007,1380.0,1380.0,1380.0,1380.0,0.0,450.0,525.0,336.8
CHCL,11/5/2007,1380.0,1380.0,1375.0,1375.0,-0.36,260.0,525.0,336.8
CHCL,11/6/2007,1375.0,1380.0,1380.0,1380.0,0.36,350.0,525.0,336.8
CHCL,11/7/2007,1380.0,1370.0,1369.0,1369.0,-0.8,480.0,525.0,336.8
CHCL,11/8/2007,1369.0,1365.0,1350.0,1350.0,-1.39,680.0,525.0,336.8
CHCL,11/12/2007,1350.0,1370.0,1370.0,1370.0,1.48,990.0,525.0,336.8
CHCL,11/13/2007,1370.0,1370.0,1355.0,1370.0,0.0,3730.0,525.0,336.8
CHCL,11/14/2007,1370.0,1350.0,1350.0,1350.0,-1.46,100.0,525.0,336.8
CHCL,11/15/2007,1350.0,1485.0,1377.0,1485.0,10.0,2430.0,525.0,336.8
CHCL,11/18/2007,1485.0,1633.0,1514.0,1633.0,9.97,6050.0,525.0,336.8
CHCL,11/19/2007,1633.0,1625.0,1593.0,1593.0,-2.45,500.0,525.0,336.8
CHCL,11/20/2007,1593.0,1625.0,1593.0,1593.0,0.0,500.0,525.0,336.8
CHCL,11/25/2007,1593.0,1600.0,1570.0,1570.0,-1.44,12090.0,525.0,336.8
CHCL,11/26/2007,1570.0,1560.0,1500.0,1500.0,-4.46,3470.0,525.0,336.8
CHCL,11/27/2007,1500.0,1510.0,1480.0,1480.0,-1.33,5030.0,525.0,336.8
CHCL,11/28/2007,1480.0,1500.0,1480.0,1500.0,1.35,1230.0,525.0,336.8
CHCL,11/29/2007,1500.0,1492.0,1480.0,1485.0,-1.0,2450.0,525.0,336.8
CHCL,12/1/2007,1485.0,1550.0,1485.0,1550.0,4.38,10680.0,525.0,336.8
CHCL,12/3/2007,1550.0,1667.0,1525.0,1602.0,3.35,17980.0,525.0,336.8
CHCL,12/4/2007,1602.0,1633.0,1600.0,1620.0,1.12,5170.0,525.0,336.8
CHCL,12/5/2007,1620.0,1620.0,1601.0,1620.0,0.0,2720.0,525.0,336.8
CHCL,12/6/2007,1620.0,1610.0,1595.0,1600.0,-1.23,4400.0,525.0,336.8
CHCL,12/9/2007,1600.0,1610.0,1590.0,1600.0,0.0,1490.0,525.0,336.8
CHCL,12/10/2007,1600.0,1632.0,1600.0,1620.0,1.25,5630.0,525.0,336.8
CHCL,12/11/2007,1620.0,1782.0,1620.0,1782.0,10.0,25130.0,525.0,336.8
CHCL,12/13/2007,1782.0,1960.0,1817.0,1960.0,9.99,8950.0,525.0,336.8
CHCL,12/16/2007,1960.0,2156.0,1999.0,2156.0,10.0,8280.0,525.0,336.8
CHCL,12/17/2007,2156.0,2242.0,2175.0,2175.0,0.88,6630.0,525.0,336.8
CHCL,12/18/2007,2175.0,2180.0,2090.0,2131.0,-2.02,2240.0,525.0,336.8
CHCL,12/19/2007,2131.0,2090.0,2090.0,2090.0,-1.92,200.0,525.0,336.8
CHCL,12/20/2007,2090.0,2049.0,1969.0,1969.0,-5.79,6480.0,525.0,336.8
CHCL,12/23/2007,1969.0,1930.0,1930.0,1930.0,-1.98,100.0,525.0,336.8
CHCL,12/24/2007,1930.0,1905.0,1870.0,1880.0,-2.59,1690.0,525.0,336.8
CHCL,12/27/2007,1880.0,1045.0,1030.0,1030.0,-45.21,1200.0,525.0,336.8
CHCL,1/13/2008,1800.0,1764.0,1764.0,1764.0,71.26,50.0,525.0,336.8
CHCL,1/16/2008,1764.0,1729.0,1729.0,1729.0,-1.98,100.0,525.0,336.8
CHCL,1/17/2008,1729.0,1645.0,1562.0,1562.0,-9.66,470.0,525.0,336.8
CHCL,1/20/2008,1562.0,1531.0,1441.0,1441.0,-7.75,1120.0,525.0,336.8
CHCL,1/21/2008,1336.0,1413.0,1345.0,1390.0,-3.54,1100.0,525.0,336.8
CHCL,1/23/2008,1390.0,1335.0,1300.0,1300.0,-6.47,2680.0,525.0,336.8
CHCL,1/24/2008,1300.0,1300.0,1290.0,1300.0,0.0,1310.0,525.0,336.8
CHCL,1/27/2008,1300.0,1295.0,1280.0,1280.0,-1.54,1760.0,525.0,336.8
CHCL,1/28/2008,1280.0,1275.0,1250.0,1250.0,-2.34,1980.0,525.0,336.8
CHCL,1/29/2008,1250.0,1249.0,1200.0,1224.0,-2.08,2350.0,525.0,336.8
CHCL,1/31/2008,1224.0,1224.0,1176.0,1176.0,-3.92,3400.0,525.0,336.8
CHCL,2/3/2008,1176.0,1153.0,1078.0,1078.0,-8.33,1750.0,525.0,336.8
CHCL,2/4/2008,1078.0,1057.0,1036.0,1036.0,-3.9,1780.0,525.0,336.8
CHCL,2/5/2008,1036.0,1076.0,1020.0,1076.0,3.86,3220.0,525.0,336.8
CHCL,2/10/2008,1076.0,1151.0,1129.0,1151.0,6.97,60.0,525.0,336.8
CHCL,2/11/2008,1151.0,1256.0,1208.0,1256.0,9.12,120.0,525.0,336.8
CHCL,2/12/2008,1256.0,1381.0,1318.0,1360.0,8.28,9480.0,525.0,336.8
CHCL,2/13/2008,1360.0,1371.0,1345.0,1345.0,-1.1,9450.0,525.0,336.8
CHCL,2/14/2008,1345.0,1365.0,1320.0,1335.0,-0.74,3950.0,525.0,336.8
CHCL,2/17/2008,1335.0,1350.0,1300.0,1300.0,-2.62,4850.0,525.0,336.8
CHCL,2/18/2008,1300.0,1300.0,1170.0,1170.0,-10.0,6790.0,525.0,336.8
CHCL,2/20/2008,1170.0,1287.0,1193.0,1200.0,2.56,3210.0,525.0,336.8
CHCL,2/21/2008,1200.0,1224.0,1224.0,1224.0,2.0,220.0,525.0,336.8
CHCL,2/24/2008,1224.0,1290.0,1205.0,1265.0,3.35,2030.0,525.0,336.8
CHCL,2/25/2008,1265.0,1290.0,1260.0,1270.0,0.4,5600.0,525.0,336.8
CHCL,2/26/2008,1270.0,1260.0,1242.0,1250.0,-1.57,2550.0,525.0,336.8
CHCL,2/28/2008,1270.0,1250.0,1225.0,1230.0,-1.6,2590.0,525.0,336.8
CHCL,3/2/2008,1230.0,1254.0,1254.0,1254.0,1.95,1000.0,525.0,336.8
CHCL,3/3/2008,1254.0,1320.0,1278.0,1290.0,2.87,8090.0,525.0,336.8
CHCL,3/4/2008,1290.0,1310.0,1210.0,1220.0,-5.43,3780.0,525.0,336.8
CHCL,3/5/2008,1220.0,1249.0,1220.0,1220.0,0.0,1500.0,525.0,336.8
CHCL,3/9/2008,1220.0,1226.0,1200.0,1200.0,-1.64,2000.0,525.0,336.8
CHCL,3/10/2008,1200.0,1200.0,1158.0,1158.0,-3.5,1050.0,525.0,336.8
CHCL,3/11/2008,1158.0,1160.0,1107.0,1111.0,-4.06,6550.0,525.0,336.8
CHCL,3/12/2008,1111.0,1133.0,1133.0,1133.0,1.98,300.0,525.0,336.8
CHCL,3/13/2008,1133.0,1185.0,1130.0,1185.0,4.59,1190.0,525.0,336.8
CHCL,3/16/2008,1185.0,1234.0,1208.0,1234.0,4.14,530.0,525.0,336.8
CHCL,3/17/2008,1234.0,1275.0,1240.0,1260.0,2.11,1360.0,525.0,336.8
CHCL,3/18/2008,1260.0,1250.0,1235.0,1235.0,-1.98,3120.0,525.0,336.8
CHCL,3/19/2008,1235.0,1240.0,1215.0,1217.0,-1.46,1220.0,525.0,336.8
CHCL,3/20/2008,1217.0,1215.0,1200.0,1200.0,-1.4,1280.0,525.0,336.8
CHCL,3/23/2008,1200.0,1200.0,1190.0,1200.0,0.0,1700.0,525.0,336.8
CHCL,3/24/2008,1200.0,1210.0,1190.0,1210.0,0.83,2000.0,525.0,336.8
CHCL,3/25/2008,1210.0,1205.0,1180.0,1200.0,-0.83,3750.0,525.0,336.8
CHCL,3/26/2008,1200.0,1224.0,1191.0,1224.0,2.0,2950.0,525.0,336.8
CHCL,3/27/2008,1224.0,1215.0,1179.0,1200.0,-1.96,2350.0,525.0,336.8
CHCL,3/30/2008,1200.0,1200.0,1185.0,1195.0,-0.42,1100.0,525.0,336.8
CHCL,3/31/2008,1195.0,1205.0,1200.0,1201.0,0.5,800.0,525.0,336.8
CHCL,4/1/2008,1201.0,1200.0,1200.0,1200.0,-0.08,860.0,525.0,336.8
CHCL,4/2/2008,1200.0,1220.0,1181.0,1205.0,0.42,3200.0,525.0,336.8
CHCL,4/3/2008,1205.0,1244.0,1220.0,1244.0,3.24,1000.0,525.0,336.8
CHCL,4/6/2008,1244.0,1315.0,1268.0,1295.0,4.1,4860.0,525.0,336.8
CHCL,4/15/2008,1295.0,1270.0,1270.0,1270.0,-1.93,400.0,525.0,336.8
CHCL,4/16/2008,1270.0,1245.0,1176.0,1227.0,-3.39,1460.0,525.0,336.8
CHCL,4/17/2008,1227.0,1252.0,1251.0,1252.0,2.04,700.0,525.0,336.8
CHCL,4/20/2008,1252.0,1275.0,1252.0,1270.0,1.44,1970.0,525.0,336.8
CHCL,4/21/2008,1270.0,1295.0,1250.0,1250.0,-1.57,1650.0,525.0,336.8
CHCL,4/22/2008,1250.0,1260.0,1235.0,1250.0,0.0,780.0,525.0,336.8
CHCL,4/24/2008,1250.0,1245.0,1225.0,1245.0,-0.4,730.0,525.0,336.8
CHCL,4/27/2008,1245.0,1270.0,1235.0,1269.0,1.93,2160.0,525.0,336.8
CHCL,4/28/2008,1269.0,1245.0,1235.0,1245.0,-1.89,3500.0,525.0,336.8
CHCL,4/30/2008,1245.0,1250.0,1240.0,1250.0,0.4,2230.0,525.0,336.8
CHCL,5/4/2008,1250.0,1275.0,1262.0,1270.0,1.6,2670.0,525.0,336.8
CHCL,5/5/2008,1270.0,1290.0,1265.0,1265.0,-0.39,3380.0,525.0,336.8
CHCL,5/6/2008,1265.0,1350.0,1290.0,1350.0,6.72,3000.0,525.0,336.8
CHCL,5/7/2008,1350.0,1403.0,1370.0,1380.0,2.22,5990.0,525.0,336.8
CHCL,5/8/2008,1380.0,1420.0,1353.0,1360.0,-1.45,5820.0,525.0,336.8
CHCL,5/11/2008,1360.0,1380.0,1341.0,1341.0,-1.4,1560.0,525.0,336.8
CHCL,5/12/2008,1341.0,1375.0,1360.0,1375.0,2.54,1760.0,525.0,336.8
CHCL,5/13/2008,1375.0,1400.0,1375.0,1400.0,1.82,1020.0,525.0,336.8
CHCL,5/14/2008,1400.0,1445.0,1410.0,1425.0,1.79,2480.0,525.0,336.8
CHCL,5/15/2008,1425.0,1430.0,1405.0,1405.0,-1.4,2010.0,525.0,336.8
CHCL,5/18/2008,1405.0,1395.0,1390.0,1395.0,-0.71,260.0,525.0,336.8
CHCL,5/21/2008,1395.0,1380.0,1370.0,1370.0,-1.79,900.0,525.0,336.8
CHCL,5/22/2008,1370.0,1402.0,1360.0,1402.0,2.34,1970.0,525.0,336.8
CHCL,5/25/2008,1402.0,1376.0,1374.0,1376.0,-1.85,1500.0,525.0,336.8
CHCL,5/26/2008,1376.0,1380.0,1375.0,1380.0,0.29,1280.0,525.0,336.8
CHCL,6/2/2008,1380.0,1415.0,1400.0,1405.0,1.81,5520.0,525.0,336.8
CHCL,6/4/2008,1405.0,1415.0,1410.0,1415.0,0.71,800.0,525.0,336.8
CHCL,6/5/2008,1415.0,1539.0,1440.0,1539.0,8.76,950.0,525.0,336.8
CHCL,6/8/2008,1539.0,1555.0,1550.0,1555.0,1.04,790.0,525.0,336.8
CHCL,6/9/2008,1555.0,1600.0,1560.0,1580.0,1.61,4880.0,525.0,336.8
CHCL,6/10/2008,1580.0,1570.0,1550.0,1550.0,-1.9,1080.0,525.0,336.8
CHCL,6/11/2008,1550.0,1560.0,1500.0,1510.0,-2.58,1410.0,525.0,336.8
CHCL,6/12/2008,1490.0,1535.0,1490.0,1535.0,1.66,2110.0,525.0,336.8
CHCL,6/16/2008,1535.0,1510.0,1505.0,1510.0,-1.63,1170.0,525.0,336.8
CHCL,6/17/2008,1510.0,1515.0,1501.0,1515.0,0.33,1980.0,525.0,336.8
CHCL,6/18/2008,1515.0,1511.0,1510.0,1510.0,-0.33,1120.0,525.0,336.8
CHCL,6/19/2008,1510.0,1505.0,1490.0,1500.0,-0.66,1350.0,525.0,336.8
CHCL,6/22/2008,1500.0,1470.0,1470.0,1470.0,-2.0,400.0,525.0,336.8
CHCL,6/23/2008,1470.0,1470.0,1470.0,1470.0,0.0,320.0,525.0,336.8
CHCL,6/24/2008,1470.0,1470.0,1470.0,1470.0,0.0,150.0,525.0,336.8
CHCL,6/25/2008,1470.0,1470.0,1470.0,1470.0,0.0,300.0,525.0,336.8
CHCL,6/26/2008,1470.0,1479.0,1470.0,1470.0,0.0,450.0,525.0,336.8
CHCL,6/29/2008,1470.0,1460.0,1441.0,1460.0,-0.68,830.0,525.0,336.8
CHCL,6/30/2008,1460.0,1445.0,1445.0,1445.0,-1.03,300.0,525.0,336.8
CHCL,7/1/2008,1445.0,1435.0,1435.0,1435.0,-0.69,150.0,525.0,336.8
CHCL,7/2/2008,1435.0,1420.0,1407.0,1407.0,-1.95,200.0,525.0,336.8
CHCL,7/3/2008,1407.0,1390.0,1340.0,1345.0,-4.41,1230.0,525.0,336.8
CHCL,7/6/2008,1345.0,1356.0,1310.0,1356.0,0.82,2220.0,525.0,336.8
CHCL,7/7/2008,1356.0,1377.0,1330.0,1377.0,1.55,1150.0,525.0,336.8
CHCL,7/8/2008,1377.0,1475.0,1404.0,1435.0,4.21,1580.0,525.0,336.8
CHCL,7/9/2008,1435.0,1463.0,1435.0,1450.0,1.05,750.0,525.0,336.8
CHCL,7/10/2008,1450.0,1470.0,1470.0,1470.0,1.38,300.0,525.0,336.8
CHCL,7/13/2008,1470.0,1475.0,1420.0,1420.0,-3.4,2220.0,525.0,336.8
CHCL,7/15/2008,1420.0,1562.0,1445.0,1562.0,10.0,7490.0,525.0,336.8
CHCL,7/16/2008,1562.0,1555.0,1550.0,1555.0,-0.45,530.0,525.0,336.8
CHCL,7/17/2008,1555.0,1570.0,1550.0,1550.0,-0.32,880.0,525.0,336.8
CHCL,7/20/2008,1550.0,1525.0,1500.0,1525.0,-1.61,3480.0,525.0,336.8
CHCL,7/21/2008,1525.0,1495.0,1465.0,1465.0,-3.93,4730.0,525.0,336.8
CHCL,7/22/2008,1465.0,1460.0,1420.0,1425.0,-2.73,4140.0,525.0,336.8
CHCL,7/23/2008,1425.0,1430.0,1405.0,1405.0,-1.4,1530.0,525.0,336.8
CHCL,7/27/2008,1405.0,1430.0,1421.0,1421.0,1.14,200.0,525.0,336.8
CHCL,7/28/2008,1421.0,1430.0,1425.0,1430.0,0.63,320.0,525.0,336.8
CHCL,7/29/2008,1430.0,1432.0,1432.0,1432.0,0.14,150.0,525.0,336.8
CHCL,7/31/2008,1432.0,1505.0,1420.0,1505.0,5.1,720.0,525.0,336.8
CHCL,8/3/2008,1505.0,1560.0,1535.0,1560.0,3.65,2120.0,525.0,336.8
CHCL,8/4/2008,1560.0,1670.0,1575.0,1670.0,7.05,1700.0,525.0,336.8
CHCL,8/5/2008,1670.0,1680.0,1680.0,1680.0,0.6,50.0,525.0,336.8
CHCL,8/7/2008,1680.0,1650.0,1640.0,1640.0,-2.38,1120.0,525.0,336.8
CHCL,8/10/2008,1640.0,1630.0,1630.0,1630.0,-0.61,390.0,525.0,336.8
CHCL,8/11/2008,1630.0,1600.0,1598.0,1598.0,-1.96,1100.0,525.0,336.8
CHCL,8/12/2008,1598.0,1625.0,1625.0,1625.0,1.69,50.0,525.0,336.8
CHCL,8/13/2008,1625.0,1594.0,1563.0,1594.0,-1.91,550.0,525.0,336.8
CHCL,8/18/2008,1594.0,1600.0,1570.0,1570.0,-1.51,330.0,525.0,336.8
CHCL,8/19/2008,1570.0,1569.0,1569.0,1569.0,-0.06,150.0,525.0,336.8
CHCL,8/25/2008,1569.0,1538.0,1525.0,1525.0,-2.8,90.0,525.0,336.8
CHCL,8/27/2008,1525.0,1500.0,1450.0,1450.0,-4.92,820.0,525.0,336.8
CHCL,8/28/2008,1450.0,1460.0,1455.0,1460.0,0.69,630.0,525.0,336.8
CHCL,8/31/2008,1460.0,1450.0,1431.0,1440.0,-1.37,3000.0,525.0,336.8
CHCL,9/2/2008,1440.0,1458.0,1430.0,1430.0,-0.69,1680.0,525.0,336.8
CHCL,9/3/2008,1430.0,1405.0,1365.0,1375.0,-3.85,4470.0,525.0,336.8
CHCL,9/4/2008,1375.0,1428.0,1350.0,1420.0,3.27,2030.0,525.0,336.8
CHCL,9/7/2008,1420.0,1430.0,1421.0,1430.0,0.7,450.0,525.0,336.8
CHCL,9/8/2008,1430.0,1450.0,1421.0,1421.0,-0.63,1230.0,525.0,336.8
CHCL,9/9/2008,1421.0,1435.0,1421.0,1421.0,0.0,950.0,525.0,336.8
CHCL,9/10/2008,1421.0,1426.0,1400.0,1405.0,-1.13,4100.0,525.0,336.8
CHCL,9/15/2008,1405.0,1420.0,1400.0,1411.0,0.43,860.0,525.0,336.8
CHCL,9/16/2008,1411.0,1410.0,1410.0,1410.0,-0.07,350.0,525.0,336.8
CHCL,9/17/2008,1410.0,1425.0,1400.0,1425.0,1.06,3240.0,525.0,336.8
CHCL,9/18/2008,1425.0,1450.0,1415.0,1450.0,1.75,920.0,525.0,336.8
CHCL,9/21/2008,1450.0,1430.0,1410.0,1410.0,-2.76,2000.0,525.0,336.8
CHCL,9/22/2008,1410.0,1435.0,1408.0,1435.0,1.77,2280.0,525.0,336.8
CHCL,9/23/2008,1435.0,1435.0,1405.0,1417.0,-1.25,3970.0,525.0,336.8
CHCL,9/24/2008,1417.0,1425.0,1420.0,1425.0,0.56,440.0,525.0,336.8
CHCL,9/25/2008,1425.0,1438.0,1410.0,1412.0,-0.91,1250.0,525.0,336.8
CHCL,9/28/2008,1412.0,1412.0,1410.0,1410.0,-0.14,1000.0,525.0,336.8
CHCL,9/29/2008,1410.0,1410.0,1410.0,1410.0,0.0,1000.0,525.0,336.8
CHCL,10/13/2008,1410.0,1415.0,1400.0,1401.0,-0.64,1340.0,525.0,336.8
CHCL,10/15/2008,1401.0,1410.0,1400.0,1400.0,-0.07,1210.0,525.0,336.8
CHCL,10/19/2008,1400.0,1400.0,1399.0,1399.0,-0.07,620.0,525.0,336.8
CHCL,10/20/2008,1399.0,1372.0,1345.0,1345.0,-3.86,500.0,525.0,336.8
CHCL,10/21/2008,1345.0,1360.0,1333.0,1340.0,-0.37,1510.0,525.0,336.8
CHCL,10/22/2008,1340.0,1340.0,1330.0,1330.0,-0.75,1000.0,525.0,336.8
CHCL,10/23/2008,1330.0,1310.0,1304.0,1310.0,-1.5,1100.0,525.0,336.8
CHCL,10/26/2008,1310.0,1310.0,1275.0,1280.0,-2.29,3330.0,525.0,336.8
CHCL,10/27/2008,1280.0,1290.0,1196.0,1201.0,-6.17,12650.0,525.0,336.8
CHCL,11/2/2008,1201.0,1235.0,1200.0,1235.0,2.83,6020.0,525.0,336.8
CHCL,11/5/2008,1235.0,1265.0,1235.0,1265.0,2.43,2130.0,525.0,336.8
CHCL,11/6/2008,1265.0,1290.0,1240.0,1240.0,-1.98,450.0,525.0,336.8
CHCL,11/9/2008,1240.0,1240.0,1240.0,1240.0,0.0,150.0,525.0,336.8
CHCL,11/10/2008,1240.0,1216.0,1170.0,1170.0,-5.65,300.0,525.0,336.8
CHCL,11/11/2008,1170.0,1229.0,1190.0,1200.0,2.56,4920.0,525.0,336.8
CHCL,11/12/2008,1200.0,1210.0,1199.0,1200.0,0.0,520.0,525.0,336.8
CHCL,11/17/2008,1200.0,1176.0,1153.0,1153.0,-3.92,750.0,525.0,336.8
CHCL,11/18/2008,1153.0,1140.0,1116.0,1116.0,-3.21,450.0,525.0,336.8
CHCL,11/19/2008,1116.0,1100.0,1050.0,1050.0,-5.91,2100.0,525.0,336.8
CHCL,11/20/2008,1050.0,1055.0,1005.0,1035.0,-1.43,3040.0,525.0,336.8
CHCL,11/23/2008,1035.0,1055.0,1034.0,1054.0,1.84,3180.0,525.0,336.8
CHCL,11/24/2008,1054.0,1056.0,1021.0,1025.0,-2.75,1400.0,525.0,336.8
CHCL,11/25/2008,1025.0,1006.0,1006.0,1006.0,-1.85,110.0,525.0,336.8
CHCL,11/26/2008,1006.0,1060.0,1025.0,1060.0,5.37,870.0,525.0,336.8
CHCL,11/27/2008,1060.0,1080.0,1039.0,1080.0,1.89,970.0,525.0,336.8
CHCL,11/30/2008,1080.0,1123.0,1080.0,1123.0,3.98,960.0,525.0,336.8
CHCL,12/1/2008,1123.0,1134.0,1080.0,1119.0,-0.36,2820.0,525.0,336.8
CHCL,12/2/2008,1119.0,1120.0,1120.0,1120.0,0.09,200.0,525.0,336.8
CHCL,12/3/2008,1120.0,1140.0,1120.0,1140.0,1.79,630.0,525.0,336.8
CHCL,12/8/2008,1140.0,1150.0,1140.0,1150.0,0.88,300.0,525.0,336.8
CHCL,12/10/2008,1150.0,1150.0,1130.0,1150.0,0.0,240.0,525.0,336.8
CHCL,12/11/2008,1150.0,1127.0,1127.0,1127.0,-2.0,790.0,525.0,336.8
CHCL,12/15/2008,1127.0,1105.0,1105.0,1105.0,-1.95,40.0,525.0,336.8
CHCL,12/16/2008,1105.0,1100.0,1100.0,1100.0,-0.45,350.0,525.0,336.8
CHCL,12/17/2008,1100.0,1100.0,1090.0,1100.0,0.0,1200.0,525.0,336.8
CHCL,12/18/2008,1100.0,1105.0,1100.0,1100.0,0.0,1830.0,525.0,336.8
CHCL,12/21/2008,1100.0,1105.0,1060.0,1080.0,-1.82,1210.0,525.0,336.8
CHCL,12/22/2008,1080.0,1060.0,1060.0,1060.0,-1.85,50.0,525.0,336.8
CHCL,12/24/2008,1060.0,1045.0,1026.0,1035.0,-2.36,1270.0,525.0,336.8
CHCL,12/28/2008,1035.0,1016.0,1000.0,1000.0,-3.38,700.0,525.0,336.8
CHCL,12/29/2008,1000.0,1000.0,1000.0,1000.0,0.0,1270.0,525.0,336.8
CHCL,12/31/2008,1000.0,1040.0,1020.0,1040.0,4.0,350.0,525.0,336.8
CHCL,1/1/2009,1040.0,1060.0,1060.0,1060.0,1.92,100.0,525.0,336.8
CHCL,1/5/2009,1060.0,1081.0,1039.0,1050.0,-0.94,1870.0,525.0,336.8
CHCL,1/6/2009,1050.0,1100.0,1070.0,1100.0,4.76,420.0,525.0,336.8
CHCL,1/8/2009,1100.0,1100.0,1100.0,1100.0,0.0,500.0,525.0,336.8
CHCL,1/11/2009,1100.0,1110.0,1100.0,1100.0,0.0,280.0,525.0,336.8
CHCL,1/12/2009,1100.0,1110.0,1100.0,1100.0,0.0,280.0,525.0,336.8
CHCL,1/18/2009,1100.0,1110.0,1100.0,1110.0,0.91,200.0,525.0,336.8
CHCL,1/21/2009,1110.0,1089.0,1089.0,1089.0,-1.89,200.0,525.0,336.8
CHCL,1/22/2009,1089.0,1068.0,1047.0,1047.0,-3.86,80.0,525.0,336.8
CHCL,1/23/2009,1047.0,1045.0,1005.0,1005.0,-4.01,880.0,525.0,336.8
CHCL,1/25/2009,1005.0,1030.0,1010.0,1010.0,0.5,750.0,525.0,336.8
CHCL,1/26/2009,1010.0,1040.0,1010.0,1040.0,2.97,2000.0,525.0,336.8
CHCL,1/28/2009,1040.0,1055.0,1040.0,1050.0,0.96,600.0,525.0,336.8
CHCL,2/1/2009,1050.0,1029.0,990.0,990.0,-5.71,3600.0,525.0,336.8
CHCL,2/2/2009,990.0,990.0,990.0,990.0,0.0,130.0,525.0,336.8
CHCL,2/3/2009,990.0,1000.0,995.0,995.0,0.51,800.0,525.0,336.8
CHCL,2/4/2009,995.0,1015.0,1005.0,1005.0,1.01,650.0,525.0,336.8
CHCL,2/5/2009,1005.0,1025.0,1020.0,1020.0,1.49,630.0,525.0,336.8
CHCL,2/8/2009,1020.0,1020.0,1020.0,1020.0,0.0,130.0,525.0,336.8
CHCL,2/9/2009,1020.0,1045.0,1040.0,1045.0,2.45,200.0,525.0,336.8
CHCL,2/10/2009,1045.0,1045.0,1040.0,1045.0,0.0,640.0,525.0,336.8
CHCL,2/11/2009,1045.0,1075.0,1055.0,1075.0,2.87,430.0,525.0,336.8
CHCL,2/12/2009,1075.0,1095.0,1095.0,1095.0,1.86,100.0,525.0,336.8
CHCL,2/15/2009,1095.0,1075.0,1050.0,1050.0,-4.11,1030.0,525.0,336.8
CHCL,2/16/2009,1050.0,1092.0,1071.0,1092.0,4.0,250.0,525.0,336.8
CHCL,2/17/2009,1092.0,1090.0,1070.0,1075.0,-1.56,1170.0,525.0,336.8
CHCL,2/19/2009,1075.0,1060.0,1050.0,1051.0,-2.23,1100.0,525.0,336.8
CHCL,2/22/2009,1051.0,1072.0,1072.0,1072.0,2.0,220.0,525.0,336.8
CHCL,2/24/2009,1072.0,1075.0,1060.0,1070.0,-0.19,800.0,525.0,336.8
CHCL,2/26/2009,1070.0,1050.0,1030.0,1045.0,-2.34,2040.0,525.0,336.8
CHCL,3/1/2009,1045.0,1045.0,1025.0,1025.0,-1.91,940.0,525.0,336.8
CHCL,3/3/2009,1025.0,1045.0,1045.0,1045.0,1.95,50.0,525.0,336.8
CHCL,3/4/2009,1045.0,1060.0,1040.0,1060.0,1.44,200.0,525.0,336.8
CHCL,3/5/2009,1060.0,1050.0,1040.0,1050.0,-0.94,350.0,525.0,336.8
CHCL,3/8/2009,1050.0,1056.0,1036.0,1056.0,0.57,350.0,525.0,336.8
CHCL,3/9/2009,1056.0,1060.0,1050.0,1056.0,0.0,700.0,525.0,336.8
CHCL,3/12/2009,1056.0,1050.0,1035.0,1050.0,-0.57,3200.0,525.0,336.8
CHCL,3/15/2009,1050.0,1100.0,1051.0,1100.0,4.76,1580.0,525.0,336.8
CHCL,3/16/2009,1100.0,1100.0,1090.0,1100.0,0.0,300.0,525.0,336.8
CHCL,3/17/2009,1100.0,1144.0,1100.0,1105.0,0.45,5900.0,525.0,336.8
CHCL,3/18/2009,1105.0,1110.0,1090.0,1110.0,0.45,1940.0,525.0,336.8
CHCL,3/19/2009,1110.0,1112.0,1070.0,1112.0,0.18,1690.0,525.0,336.8
CHCL,3/22/2009,1112.0,1134.0,1112.0,1112.0,0.0,630.0,525.0,336.8
CHCL,3/23/2009,1112.0,1135.0,1134.0,1135.0,2.07,250.0,525.0,336.8
CHCL,3/25/2009,1135.0,1115.0,1090.0,1090.0,-3.96,520.0,525.0,336.8
CHCL,3/29/2009,1090.0,1120.0,1080.0,1120.0,2.75,1650.0,525.0,336.8
CHCL,3/30/2009,1120.0,1115.0,1109.0,1115.0,-0.45,1350.0,525.0,336.8
CHCL,3/31/2009,1115.0,1130.0,1108.0,1108.0,-0.63,2400.0,525.0,336.8
CHCL,4/1/2009,1108.0,1144.0,1100.0,1144.0,3.25,4350.0,525.0,336.8
CHCL,4/2/2009,1144.0,1144.0,1118.0,1118.0,-2.27,1020.0,525.0,336.8
CHCL,4/5/2009,1118.0,1100.0,1100.0,1100.0,-1.61,250.0,525.0,336.8
CHCL,4/7/2009,1100.0,1105.0,1105.0,1105.0,0.45,200.0,525.0,336.8
CHCL,4/8/2009,1105.0,1100.0,1100.0,1100.0,-0.45,350.0,525.0,336.8
CHCL,4/12/2009,1100.0,1100.0,1080.0,1080.0,-1.82,730.0,525.0,336.8
CHCL,4/13/2009,1080.0,1080.0,1075.0,1080.0,0.0,2210.0,525.0,336.8
CHCL,4/16/2009,1080.0,1080.0,1080.0,1080.0,0.0,100.0,525.0,336.8
CHCL,4/19/2009,1080.0,1080.0,1080.0,1080.0,0.0,600.0,525.0,336.8
CHCL,4/20/2009,1080.0,1070.0,1070.0,1070.0,-0.93,170.0,525.0,336.8
CHCL,4/22/2009,1070.0,1070.0,1050.0,1070.0,0.0,250.0,525.0,336.8
CHCL,4/26/2009,1070.0,1080.0,1059.0,1060.0,-0.93,400.0,525.0,336.8
CHCL,4/27/2009,1060.0,1050.0,1030.0,1030.0,-2.83,1200.0,525.0,336.8
CHCL,4/28/2009,1030.0,1030.0,1030.0,1030.0,0.0,500.0,525.0,336.8
CHCL,4/29/2009,1030.0,1040.0,1030.0,1030.0,0.0,150.0,525.0,336.8
CHCL,4/30/2009,1030.0,1030.0,1030.0,1030.0,0.0,500.0,525.0,336.8
CHCL,5/4/2009,1030.0,1030.0,1030.0,1030.0,0.0,230.0,525.0,336.8
CHCL,5/5/2009,1030.0,1050.0,1050.0,1050.0,1.94,200.0,525.0,336.8
CHCL,5/6/2009,1050.0,1065.0,1050.0,1050.0,0.0,1850.0,525.0,336.8
CHCL,5/7/2009,1050.0,1070.0,1070.0,1070.0,1.9,100.0,525.0,336.8
CHCL,5/10/2009,1070.0,1089.0,1089.0,1089.0,1.78,50.0,525.0,336.8
CHCL,5/11/2009,1089.0,1100.0,1090.0,1100.0,1.01,250.0,525.0,336.8
CHCL,5/12/2009,1100.0,1122.0,1122.0,1122.0,2.0,600.0,525.0,336.8
CHCL,5/13/2009,1122.0,1120.0,1078.0,1120.0,-0.18,1900.0,525.0,336.8
CHCL,5/14/2009,1120.0,1100.0,1100.0,1100.0,-1.79,600.0,525.0,336.8
CHCL,5/17/2009,1100.0,1120.0,1081.0,1120.0,1.82,2750.0,525.0,336.8
CHCL,5/18/2009,1120.0,1125.0,1100.0,1125.0,0.45,1410.0,525.0,336.8
CHCL,5/19/2009,1125.0,1110.0,1070.0,1070.0,-4.89,410.0,525.0,336.8
CHCL,5/20/2009,1070.0,1072.0,1051.0,1072.0,0.19,1930.0,525.0,336.8
CHCL,5/21/2009,1072.0,1082.0,1051.0,1072.0,0.0,1620.0,525.0,336.8
CHCL,5/24/2009,1072.0,1093.0,1093.0,1093.0,1.96,200.0,525.0,336.8
CHCL,5/25/2009,1093.0,1122.0,1100.0,1122.0,2.65,500.0,525.0,336.8
CHCL,5/26/2009,1122.0,1188.0,1100.0,1180.0,5.17,4070.0,525.0,336.8
CHCL,5/27/2009,1180.0,1270.0,1202.0,1270.0,7.63,2040.0,525.0,336.8
CHCL,5/28/2009,1270.0,1290.0,1182.0,1182.0,-6.93,1610.0,525.0,336.8
CHCL,5/31/2009,1182.0,1190.0,1180.0,1180.0,-0.17,400.0,525.0,336.8
CHCL,6/1/2009,1180.0,1160.0,1160.0,1160.0,-1.69,170.0,525.0,336.8
CHCL,6/2/2009,1160.0,1203.0,1160.0,1170.0,0.86,2910.0,525.0,336.8
CHCL,6/3/2009,1170.0,1175.0,1150.0,1175.0,0.43,1700.0,525.0,336.8
CHCL,6/4/2009,1175.0,1180.0,1160.0,1160.0,-1.28,1700.0,525.0,336.8
CHCL,6/7/2009,1160.0,1175.0,1150.0,1175.0,1.29,1380.0,525.0,336.8
CHCL,6/8/2009,1175.0,1200.0,1170.0,1200.0,2.13,1470.0,525.0,336.8
CHCL,6/9/2009,1200.0,1295.0,1210.0,1295.0,7.92,1770.0,525.0,336.8
CHCL,6/10/2009,1295.0,1326.0,1225.0,1225.0,-5.41,4810.0,525.0,336.8
CHCL,6/12/2009,1225.0,1150.0,1150.0,1150.0,-6.12,200.0,525.0,336.8
CHCL,6/15/2009,1150.0,1205.0,1190.0,1190.0,3.48,1550.0,525.0,336.8
CHCL,6/16/2009,1190.0,1200.0,1200.0,1200.0,0.84,50.0,525.0,336.8
CHCL,6/17/2009,1200.0,1185.0,1162.0,1162.0,-3.17,1800.0,525.0,336.8
CHCL,6/18/2009,1162.0,1173.0,1140.0,1173.0,0.95,3000.0,525.0,336.8
CHCL,6/21/2009,1173.0,1150.0,1140.0,1140.0,-2.81,1590.0,525.0,336.8
CHCL,6/22/2009,1140.0,1152.0,1152.0,1152.0,1.05,100.0,525.0,336.8
CHCL,6/23/2009,1152.0,1175.0,1165.0,1165.0,1.13,200.0,525.0,336.8
CHCL,6/24/2009,1165.0,1150.0,1130.0,1130.0,-3.0,1150.0,525.0,336.8
CHCL,6/25/2009,1130.0,1130.0,1125.0,1130.0,0.0,1000.0,525.0,336.8
CHCL,6/28/2009,1130.0,1130.0,1130.0,1130.0,0.0,350.0,525.0,336.8
CHCL,6/29/2009,1130.0,1110.0,1090.0,1108.0,-1.95,1410.0,525.0,336.8
CHCL,6/30/2009,1108.0,1110.0,1090.0,1100.0,-0.72,930.0,525.0,336.8
CHCL,7/1/2009,1100.0,1095.0,1085.0,1095.0,-0.45,260.0,525.0,336.8
CHCL,7/2/2009,1095.0,1115.0,1115.0,1115.0,1.83,350.0,525.0,336.8
CHCL,7/5/2009,1115.0,1130.0,1115.0,1130.0,1.35,280.0,525.0,336.8
CHCL,7/6/2009,1130.0,1120.0,1100.0,1100.0,-2.65,1780.0,525.0,336.8
CHCL,7/7/2009,1100.0,1135.0,1120.0,1135.0,3.18,700.0,525.0,336.8
CHCL,7/8/2009,1135.0,1155.0,1130.0,1130.0,-0.44,3810.0,525.0,336.8
CHCL,7/9/2009,1130.0,1155.0,1130.0,1150.0,1.77,1310.0,525.0,336.8
CHCL,7/13/2009,1150.0,1173.0,1150.0,1155.0,0.43,650.0,525.0,336.8
CHCL,7/14/2009,1155.0,1224.0,1132.0,1224.0,5.97,650.0,525.0,336.8
CHCL,7/15/2009,1224.0,1322.0,1248.0,1296.0,5.88,1180.0,525.0,336.8
CHCL,7/16/2009,1296.0,1271.0,1250.0,1250.0,-3.55,180.0,525.0,336.8
CHCL,7/19/2009,1250.0,1230.0,1230.0,1230.0,-1.6,100.0,525.0,336.8
CHCL,7/21/2009,1230.0,1210.0,1170.0,1170.0,-4.88,1300.0,525.0,336.8
CHCL,7/23/2009,1170.0,1180.0,1160.0,1180.0,0.85,2190.0,525.0,336.8
CHCL,7/29/2009,1180.0,1200.0,1176.0,1176.0,-0.34,600.0,525.0,336.8
CHCL,7/30/2009,1176.0,1170.0,1170.0,1170.0,-0.51,100.0,525.0,336.8
CHCL,8/2/2009,1170.0,1150.0,1150.0,1150.0,-1.71,20.0,525.0,336.8
CHCL,8/3/2009,1150.0,1155.0,1150.0,1155.0,0.43,450.0,525.0,336.8
CHCL,8/4/2009,1155.0,1145.0,1135.0,1135.0,-1.73,1250.0,525.0,336.8
CHCL,8/9/2009,1135.0,1135.0,1135.0,1135.0,0.0,250.0,525.0,336.8
CHCL,8/10/2009,1100.0,1134.0,1125.0,1134.0,-0.09,200.0,525.0,336.8
CHCL,8/11/2009,1134.0,1125.0,1125.0,1125.0,-0.79,130.0,525.0,336.8
CHCL,8/12/2009,1125.0,1145.0,1125.0,1145.0,1.78,1870.0,525.0,336.8
CHCL,8/16/2009,1145.0,1167.0,1167.0,1167.0,1.92,800.0,525.0,336.8
CHCL,8/17/2009,1167.0,1180.0,1165.0,1180.0,1.11,450.0,525.0,336.8
CHCL,8/18/2009,1180.0,1170.0,1140.0,1140.0,-3.39,5230.0,525.0,336.8
CHCL,8/20/2009,1140.0,1162.0,1130.0,1130.0,-0.88,1720.0,525.0,336.8
CHCL,8/23/2009,1130.0,1140.0,1120.0,1126.0,-0.35,1620.0,525.0,336.8
CHCL,8/24/2009,1126.0,1125.0,1120.0,1125.0,-0.09,620.0,525.0,336.8
CHCL,8/25/2009,1125.0,1147.0,1125.0,1135.0,0.89,850.0,525.0,336.8
CHCL,8/26/2009,1135.0,1130.0,1113.0,1130.0,-0.44,2450.0,525.0,336.8
CHCL,8/27/2009,1130.0,1150.0,1130.0,1150.0,1.77,1700.0,525.0,336.8
CHCL,8/31/2009,1150.0,1127.0,1101.0,1101.0,-4.26,1460.0,525.0,336.8
CHCL,9/1/2009,1101.0,1115.0,1100.0,1115.0,1.27,350.0,525.0,336.8
CHCL,9/2/2009,1115.0,1130.0,1090.0,1105.0,-0.9,3330.0,525.0,336.8
CHCL,9/5/2009,1105.0,910.0,900.0,900.0,-18.55,1460.0,525.0,336.8
CHCL,9/6/2009,900.0,1111.0,1106.0,1106.0,22.89,320.0,525.0,336.8
CHCL,9/7/2009,908.0,1100.0,1100.0,1100.0,-0.54,610.0,525.0,336.8
CHCL,9/8/2009,1100.0,1100.0,1100.0,1100.0,0.0,610.0,525.0,336.8
CHCL,9/9/2009,1100.0,1081.0,1060.0,1060.0,-3.64,3480.0,525.0,336.8
CHCL,9/10/2009,1060.0,1081.0,1040.0,1040.0,-1.89,1710.0,525.0,336.8
CHCL,9/13/2009,1040.0,1060.0,1040.0,1060.0,1.92,410.0,525.0,336.8
CHCL,9/14/2009,1060.0,1101.0,1039.0,1101.0,3.87,1300.0,525.0,336.8
CHCL,9/15/2009,1101.0,1111.0,1105.0,1105.0,0.36,1460.0,525.0,336.8
CHCL,9/16/2009,1105.0,1085.0,1075.0,1075.0,-2.71,450.0,525.0,336.8
CHCL,9/17/2009,1075.0,1075.0,1075.0,1075.0,0.0,1050.0,525.0,336.8
CHCL,9/20/2009,1075.0,1075.0,1075.0,1075.0,0.0,200.0,525.0,336.8
CHCL,9/27/2009,1075.0,1200.0,1180.0,1180.0,9.77,650.0,525.0,336.8
CHCL,10/4/2009,1180.0,1055.0,1055.0,1055.0,-10.59,500.0,525.0,336.8
CHCL,10/5/2009,1055.0,1045.0,1045.0,1045.0,-0.95,30.0,525.0,336.8
CHCL,10/6/2009,1045.0,1025.0,1025.0,1025.0,-1.91,320.0,525.0,336.8
CHCL,10/7/2009,1025.0,1046.0,1035.0,1046.0,2.05,200.0,525.0,336.8
CHCL,10/8/2009,1046.0,1067.0,1047.0,1067.0,2.01,700.0,525.0,336.8
CHCL,10/12/2009,1067.0,1080.0,1080.0,1080.0,1.22,350.0,525.0,336.8
CHCL,10/13/2009,1080.0,1101.0,1080.0,1080.0,0.0,1120.0,525.0,336.8
CHCL,10/14/2009,1080.0,1040.0,1023.0,1023.0,-5.28,460.0,525.0,336.8
CHCL,10/22/2009,1023.0,1043.0,1023.0,1043.0,1.96,1200.0,525.0,336.8
CHCL,10/25/2009,1043.0,1080.0,1060.0,1079.0,3.45,1140.0,525.0,336.8
CHCL,10/26/2009,1079.0,1058.0,1050.0,1050.0,-2.69,1610.0,525.0,336.8
CHCL,10/27/2009,1050.0,1060.0,1060.0,1060.0,0.95,150.0,525.0,336.8
CHCL,10/28/2009,1060.0,1075.0,1060.0,1075.0,1.42,580.0,525.0,336.8
CHCL,10/29/2009,1075.0,1091.0,1070.0,1075.0,0.0,310.0,525.0,336.8
CHCL,11/2/2009,1075.0,1060.0,1011.0,1011.0,-5.95,1480.0,525.0,336.8
CHCL,11/3/2009,1011.0,1031.0,1031.0,1031.0,1.98,600.0,525.0,336.8
CHCL,11/4/2009,1031.0,1036.0,1030.0,1036.0,0.48,630.0,525.0,336.8
CHCL,11/5/2009,1036.0,1070.0,1050.0,1070.0,3.28,1150.0,525.0,336.8
CHCL,11/8/2009,1070.0,1091.0,1091.0,1091.0,1.96,100.0,525.0,336.8
CHCL,11/9/2009,1091.0,1085.0,1070.0,1070.0,-1.92,1150.0,525.0,336.8
CHCL,11/10/2009,1070.0,1075.0,1070.0,1070.0,0.0,250.0,525.0,336.8
CHCL,11/11/2009,1070.0,1049.0,1049.0,1049.0,-1.96,350.0,525.0,336.8
CHCL,11/12/2009,1049.0,1065.0,1065.0,1065.0,1.53,20.0,525.0,336.8
CHCL,11/19/2009,1065.0,1065.0,1050.0,1050.0,-1.41,780.0,525.0,336.8
CHCL,11/24/2009,1050.0,1025.0,1024.0,1025.0,-2.38,350.0,525.0,336.8
CHCL,11/26/2009,1025.0,1025.0,1025.0,1025.0,0.0,250.0,525.0,336.8
CHCL,12/1/2009,1025.0,1007.0,1005.0,1007.0,-1.76,420.0,525.0,336.8
CHCL,12/3/2009,1007.0,1000.0,980.0,980.0,-2.68,770.0,525.0,336.8
CHCL,12/6/2009,980.0,999.0,999.0,999.0,1.94,120.0,525.0,336.8
CHCL,12/9/2009,999.0,1030.0,1015.0,1030.0,3.1,1300.0,525.0,336.8
CHCL,12/10/2009,1030.0,1039.0,1030.0,1039.0,0.87,520.0,525.0,336.8
CHCL,12/13/2009,1039.0,1050.0,1025.0,1045.0,0.58,520.0,525.0,336.8
CHCL,12/14/2009,1045.0,1025.0,1025.0,1025.0,-1.91,200.0,525.0,336.8
CHCL,12/15/2009,1025.0,1030.0,1010.0,1010.0,-1.46,430.0,525.0,336.8
CHCL,12/16/2009,1010.0,1010.0,1010.0,1010.0,0.0,100.0,525.0,336.8
CHCL,12/17/2009,1010.0,1010.0,1000.0,1010.0,0.0,700.0,525.0,336.8
CHCL,12/20/2009,1010.0,1000.0,1000.0,1000.0,-0.99,350.0,525.0,336.8
CHCL,12/22/2009,1000.0,1010.0,990.0,990.0,-1.0,840.0,525.0,336.8
CHCL,12/23/2009,990.0,990.0,975.0,990.0,0.0,1250.0,525.0,336.8
CHCL,12/24/2009,990.0,1029.0,1005.0,1029.0,3.94,1180.0,525.0,336.8
CHCL,12/28/2009,1029.0,1040.0,1030.0,1040.0,1.07,630.0,525.0,336.8
CHCL,12/29/2009,1040.0,1050.0,1040.0,1050.0,0.96,570.0,525.0,336.8
CHCL,12/31/2009,1050.0,1060.0,1042.0,1050.0,0.0,490.0,525.0,336.8
CHCL,1/3/2010,1050.0,1040.0,1030.0,1030.0,-1.9,230.0,525.0,336.8
CHCL,1/5/2010,1030.0,1025.0,1025.0,1025.0,-0.49,900.0,525.0,336.8
CHCL,1/6/2010,1025.0,980.0,980.0,980.0,-4.39,300.0,525.0,336.8
CHCL,1/7/2010,980.0,980.0,980.0,980.0,0.0,220.0,525.0,336.8
CHCL,1/11/2010,980.0,980.0,980.0,980.0,0.0,130.0,525.0,336.8
CHCL,1/14/2010,980.0,970.0,970.0,970.0,-1.02,70.0,525.0,336.8
CHCL,1/19/2010,970.0,1030.0,989.0,1030.0,6.19,1360.0,525.0,336.8
CHCL,1/20/2010,1030.0,1021.0,1020.0,1020.0,-0.97,300.0,525.0,336.8
CHCL,1/21/2010,1020.0,1020.0,1020.0,1020.0,0.0,1130.0,525.0,336.8
CHCL,1/25/2010,1020.0,1014.0,1014.0,1014.0,-0.59,240.0,525.0,336.8
CHCL,1/26/2010,1014.0,1030.0,1014.0,1014.0,0.0,170.0,525.0,336.8
CHCL,1/27/2010,1014.0,1014.0,1001.0,1001.0,-1.28,1820.0,525.0,336.8
CHCL,1/28/2010,1001.0,1010.0,1000.0,1000.0,-0.1,1200.0,525.0,336.8
CHCL,1/31/2010,1000.0,990.0,990.0,990.0,-1.0,220.0,525.0,336.8
CHCL,2/3/2010,990.0,970.0,970.0,970.0,-2.02,3430.0,525.0,336.8
CHCL,2/4/2010,970.0,1009.0,989.0,1009.0,4.02,450.0,525.0,336.8
CHCL,2/7/2010,1009.0,1012.0,1010.0,1010.0,0.1,630.0,525.0,336.8
CHCL,2/8/2010,1010.0,1000.0,996.0,1000.0,-0.99,1820.0,525.0,336.8
CHCL,2/9/2010,1000.0,1000.0,982.0,985.0,-1.5,590.0,525.0,336.8
CHCL,2/10/2010,985.0,1030.0,990.0,1030.0,4.57,3240.0,525.0,336.8
CHCL,2/11/2010,1030.0,1030.0,990.0,1030.0,0.0,3240.0,525.0,336.8
CHCL,2/17/2010,1030.0,1010.0,1010.0,1010.0,-1.94,50.0,525.0,336.8
CHCL,3/1/2010,1010.0,1020.0,1000.0,1000.0,-0.99,500.0,525.0,336.8
CHCL,3/2/2010,1000.0,980.0,980.0,980.0,-2.0,100.0,525.0,336.8
CHCL,3/3/2010,980.0,965.0,965.0,965.0,-1.53,1050.0,525.0,336.8
CHCL,3/4/2010,965.0,965.0,965.0,965.0,0.0,250.0,525.0,336.8
CHCL,3/7/2010,965.0,975.0,967.0,975.0,1.04,850.0,525.0,336.8
CHCL,3/10/2010,975.0,1015.0,994.0,1015.0,4.1,2090.0,525.0,336.8
CHCL,3/11/2010,1015.0,1005.0,996.0,1000.0,-1.48,3900.0,525.0,336.8
CHCL,3/14/2010,1000.0,991.0,956.0,956.0,-4.4,2070.0,525.0,336.8
CHCL,3/16/2010,956.0,970.0,956.0,970.0,1.46,1200.0,525.0,336.8
CHCL,3/17/2010,970.0,1004.0,989.0,990.0,2.06,2630.0,525.0,336.8
CHCL,3/22/2010,990.0,975.0,950.0,950.0,-4.04,3000.0,525.0,336.8
CHCL,3/23/2010,950.0,955.0,931.0,931.0,-2.0,980.0,525.0,336.8
CHCL,3/25/2010,931.0,925.0,915.0,925.0,-0.64,2150.0,525.0,336.8
CHCL,3/28/2010,925.0,930.0,912.0,930.0,0.54,2050.0,525.0,336.8
CHCL,3/29/2010,930.0,912.0,912.0,912.0,-1.94,400.0,525.0,336.8
CHCL,3/30/2010,912.0,900.0,862.0,862.0,-5.48,800.0,525.0,336.8
CHCL,3/31/2010,862.0,886.0,860.0,886.0,2.78,1160.0,525.0,336.8
CHCL,4/1/2010,886.0,928.0,889.0,928.0,4.74,2760.0,525.0,336.8
CHCL,4/4/2010,928.0,950.0,923.0,923.0,-0.54,1550.0,525.0,336.8
CHCL,4/5/2010,923.0,915.0,907.0,907.0,-1.73,400.0,525.0,336.8
CHCL,4/6/2010,907.0,910.0,895.0,899.0,-0.88,5750.0,525.0,336.8
CHCL,4/7/2010,899.0,905.0,900.0,900.0,0.11,500.0,525.0,336.8
CHCL,4/8/2010,900.0,905.0,890.0,905.0,0.56,2980.0,525.0,336.8
CHCL,4/11/2010,905.0,892.0,885.0,892.0,-1.44,2730.0,525.0,336.8
CHCL,4/12/2010,892.0,900.0,890.0,900.0,0.9,1220.0,525.0,336.8
CHCL,4/13/2010,900.0,900.0,891.0,898.0,-0.22,1520.0,525.0,336.8
CHCL,4/15/2010,898.0,900.0,890.0,890.0,-0.89,1210.0,525.0,336.8
CHCL,4/18/2010,890.0,885.0,885.0,885.0,-0.56,300.0,525.0,336.8
CHCL,4/19/2010,885.0,888.0,873.0,873.0,-1.36,2460.0,525.0,336.8
CHCL,4/20/2010,873.0,870.0,860.0,860.0,-1.49,1420.0,525.0,336.8
CHCL,4/21/2010,860.0,843.0,815.0,819.0,-4.77,5700.0,525.0,336.8
CHCL,4/22/2010,819.0,845.0,820.0,845.0,3.17,1830.0,525.0,336.8
CHCL,4/25/2010,845.0,829.0,829.0,829.0,-1.89,200.0,525.0,336.8
CHCL,4/26/2010,829.0,829.0,813.0,829.0,0.0,750.0,525.0,336.8
CHCL,4/27/2010,829.0,820.0,820.0,820.0,-1.09,220.0,525.0,336.8
CHCL,4/28/2010,820.0,830.0,820.0,830.0,1.22,3280.0,525.0,336.8
CHCL,4/29/2010,830.0,873.0,840.0,873.0,5.18,1710.0,525.0,336.8
CHCL,5/9/2010,873.0,873.0,860.0,860.0,-1.49,300.0,525.0,336.8
CHCL,5/10/2010,860.0,860.0,860.0,860.0,0.0,100.0,525.0,336.8
CHCL,5/11/2010,860.0,860.0,860.0,860.0,0.0,400.0,525.0,336.8
CHCL,5/12/2010,860.0,910.0,877.0,900.0,4.65,970.0,525.0,336.8
CHCL,5/13/2010,900.0,954.0,901.0,901.0,0.11,690.0,525.0,336.8
CHCL,5/18/2010,901.0,886.0,886.0,886.0,-1.66,30.0,525.0,336.8
CHCL,5/19/2010,886.0,915.0,900.0,910.0,2.71,530.0,525.0,336.8
CHCL,5/20/2010,910.0,910.0,910.0,910.0,0.0,100.0,525.0,336.8
CHCL,5/23/2010,910.0,910.0,900.0,910.0,0.0,3700.0,525.0,336.8
CHCL,5/25/2010,910.0,970.0,928.0,970.0,6.59,1080.0,525.0,336.8
CHCL,5/26/2010,970.0,965.0,952.0,955.0,-1.55,300.0,525.0,336.8
CHCL,5/30/2010,955.0,1050.0,974.0,1050.0,9.95,900.0,525.0,336.8
CHCL,5/31/2010,1050.0,1071.0,1030.0,1050.0,0.0,1440.0,525.0,336.8
CHCL,6/1/2010,1050.0,1029.0,1029.0,1029.0,-2.0,100.0,525.0,336.8
CHCL,6/3/2010,1029.0,1009.0,965.0,965.0,-6.22,1420.0,525.0,336.8
CHCL,6/6/2010,965.0,984.0,984.0,984.0,1.97,40.0,525.0,336.8
CHCL,6/7/2010,984.0,998.0,980.0,998.0,1.42,400.0,525.0,336.8
CHCL,6/8/2010,998.0,995.0,980.0,980.0,-1.8,1270.0,525.0,336.8
CHCL,6/9/2010,980.0,980.0,980.0,980.0,0.0,400.0,525.0,336.8
CHCL,6/10/2010,980.0,980.0,962.0,980.0,0.0,1000.0,525.0,336.8
CHCL,6/13/2010,980.0,980.0,980.0,980.0,0.0,100.0,525.0,336.8
CHCL,6/14/2010,980.0,975.0,950.0,950.0,-3.06,920.0,525.0,336.8
CHCL,6/20/2010,950.0,969.0,950.0,969.0,2.0,270.0,525.0,336.8
CHCL,6/21/2010,969.0,950.0,940.0,950.0,-1.96,820.0,525.0,336.8
CHCL,6/22/2010,950.0,950.0,950.0,950.0,0.0,100.0,525.0,336.8
CHCL,6/23/2010,950.0,931.0,931.0,931.0,-2.0,500.0,525.0,336.8
CHCL,6/26/2010,931.0,920.0,920.0,920.0,-1.18,220.0,525.0,336.8
CHCL,6/29/2010,920.0,907.0,907.0,907.0,-1.41,500.0,525.0,336.8
CHCL,6/30/2010,907.0,911.0,911.0,911.0,0.44,230.0,525.0,336.8
CHCL,7/4/2010,911.0,920.0,920.0,920.0,0.99,100.0,525.0,336.8
CHCL,7/6/2010,920.0,920.0,920.0,920.0,0.0,340.0,525.0,336.8
CHCL,7/7/2010,920.0,925.0,911.0,925.0,0.54,3330.0,525.0,336.8
CHCL,7/8/2010,925.0,928.0,910.0,928.0,0.32,600.0,525.0,336.8
CHCL,7/11/2010,928.0,938.0,920.0,933.0,0.54,2580.0,525.0,336.8
CHCL,7/12/2010,933.0,915.0,910.0,910.0,-2.47,2050.0,525.0,336.8
CHCL,7/13/2010,910.0,983.0,928.0,983.0,8.02,300.0,525.0,336.8
CHCL,7/14/2010,983.0,1002.0,982.0,1001.0,1.83,200.0,525.0,336.8
CHCL,7/15/2010,1001.0,1101.0,1021.0,1101.0,9.99,3740.0,525.0,336.8
CHCL,7/22/2010,1101.0,1079.0,991.0,991.0,-9.99,190.0,525.0,336.8
CHCL,7/25/2010,991.0,991.0,953.0,953.0,-3.83,450.0,525.0,336.8
CHCL,7/26/2010,953.0,935.0,900.0,930.0,-2.41,2170.0,525.0,336.8
CHCL,7/27/2010,930.0,914.0,912.0,912.0,-1.94,470.0,525.0,336.8
CHCL,7/28/2010,912.0,930.0,902.0,930.0,1.97,1700.0,525.0,336.8
CHCL,9/7/2010,930.0,915.0,900.0,915.0,-1.61,1360.0,525.0,336.8
CHCL,9/9/2010,915.0,910.0,905.0,905.0,-1.09,350.0,525.0,336.8
CHCL,9/14/2010,905.0,920.0,919.0,920.0,1.66,310.0,525.0,336.8
CHCL,9/19/2010,920.0,920.0,920.0,920.0,0.0,200.0,525.0,336.8
CHCL,9/20/2010,920.0,920.0,920.0,920.0,0.0,100.0,525.0,336.8
CHCL,9/21/2010,920.0,920.0,920.0,920.0,0.0,100.0,525.0,336.8
CHCL,9/23/2010,920.0,915.0,910.0,911.0,-0.98,350.0,525.0,336.8
CHCL,9/26/2010,911.0,910.0,900.0,910.0,-0.11,860.0,525.0,336.8
CHCL,9/27/2010,910.0,916.0,915.0,916.0,0.66,300.0,525.0,336.8
CHCL,9/28/2010,916.0,918.0,915.0,915.0,-0.11,430.0,525.0,336.8
CHCL,9/29/2010,915.0,910.0,900.0,900.0,-1.64,3450.0,525.0,336.8
CHCL,9/30/2010,900.0,900.0,896.0,900.0,0.0,380.0,525.0,336.8
CHCL,10/4/2010,900.0,900.0,900.0,900.0,0.0,400.0,525.0,336.8
CHCL,10/5/2010,900.0,900.0,883.0,900.0,0.0,1090.0,525.0,336.8
CHCL,10/6/2010,900.0,915.0,900.0,900.0,0.0,500.0,525.0,336.8
CHCL,10/7/2010,900.0,914.0,900.0,914.0,1.56,300.0,525.0,336.8
CHCL,10/12/2010,914.0,920.0,920.0,920.0,0.66,120.0,525.0,336.8
CHCL,10/21/2010,920.0,940.0,938.0,940.0,2.17,1080.0,525.0,336.8
CHCL,10/24/2010,940.0,965.0,946.0,946.0,0.64,980.0,525.0,336.8
CHCL,10/25/2010,946.0,946.0,940.0,941.0,-0.53,1130.0,525.0,336.8
CHCL,10/26/2010,941.0,923.0,923.0,923.0,-1.91,1000.0,525.0,336.8
CHCL,10/27/2010,923.0,940.0,935.0,940.0,1.84,380.0,525.0,336.8
CHCL,10/28/2010,940.0,950.0,939.0,950.0,1.06,590.0,525.0,336.8
CHCL,10/31/2010,950.0,940.0,940.0,940.0,-1.05,440.0,525.0,336.8
CHCL,11/1/2010,940.0,940.0,940.0,940.0,0.0,100.0,525.0,336.8
CHCL,11/2/2010,940.0,950.0,945.0,950.0,1.06,510.0,525.0,336.8
CHCL,11/3/2010,950.0,950.0,917.0,950.0,0.0,5830.0,525.0,336.8
CHCL,11/4/2010,950.0,931.0,930.0,930.0,-2.11,430.0,525.0,336.8
CHCL,11/11/2010,930.0,949.0,941.0,949.0,2.04,820.0,525.0,336.8
CHCL,11/14/2010,949.0,964.0,955.0,955.0,0.63,400.0,525.0,336.8
CHCL,11/15/2010,955.0,956.0,950.0,956.0,0.1,1160.0,525.0,336.8
CHCL,11/16/2010,956.0,975.0,956.0,975.0,1.99,150.0,525.0,336.8
CHCL,11/18/2010,975.0,994.0,994.0,994.0,1.95,200.0,525.0,336.8
CHCL,11/21/2010,994.0,994.0,985.0,985.0,-0.91,370.0,525.0,336.8
CHCL,11/22/2010,985.0,980.0,961.0,961.0,-2.44,1090.0,525.0,336.8
CHCL,11/23/2010,961.0,965.0,965.0,965.0,0.42,50.0,525.0,336.8
CHCL,11/24/2010,965.0,985.0,965.0,970.0,0.52,490.0,525.0,336.8
CHCL,11/25/2010,970.0,975.0,964.0,975.0,0.52,580.0,525.0,336.8
CHCL,11/29/2010,975.0,966.0,956.0,966.0,-0.92,840.0,525.0,336.8
CHCL,11/30/2010,966.0,960.0,950.0,955.0,-1.14,650.0,525.0,336.8
CHCL,12/1/2010,955.0,951.0,945.0,951.0,-0.42,480.0,525.0,336.8
CHCL,12/2/2010,951.0,970.0,942.0,942.0,-0.95,1850.0,525.0,336.8
CHCL,12/6/2010,942.0,924.0,924.0,924.0,-1.91,130.0,525.0,336.8
CHCL,12/8/2010,924.0,942.0,924.0,940.0,1.73,900.0,525.0,336.8
CHCL,12/9/2010,940.0,925.0,925.0,925.0,-1.6,100.0,525.0,336.8
CHCL,12/12/2010,925.0,930.0,930.0,930.0,0.54,1400.0,525.0,336.8
CHCL,12/13/2010,930.0,930.0,930.0,930.0,0.0,100.0,525.0,336.8
CHCL,12/14/2010,930.0,936.0,934.0,936.0,0.65,600.0,525.0,336.8
CHCL,12/15/2010,936.0,940.0,938.0,940.0,0.43,200.0,525.0,336.8
CHCL,12/19/2010,940.0,937.0,937.0,937.0,-0.32,100.0,525.0,336.8
CHCL,12/20/2010,937.0,930.0,920.0,930.0,-0.75,2000.0,525.0,336.8
CHCL,12/22/2010,930.0,936.0,936.0,936.0,0.65,80.0,525.0,336.8
CHCL,12/26/2010,936.0,918.0,918.0,918.0,-1.92,3640.0,525.0,336.8
CHCL,12/28/2010,918.0,936.0,936.0,936.0,1.96,200.0,525.0,336.8
CHCL,12/29/2010,936.0,950.0,937.0,950.0,1.5,330.0,525.0,336.8
CHCL,1/2/2011,950.0,950.0,945.0,950.0,0.0,870.0,525.0,336.8
CHCL,1/3/2011,950.0,1022.0,1000.0,1001.0,5.37,8130.0,525.0,336.8
CHCL,1/4/2011,940.0,922.0,922.0,922.0,-7.89,530.0,525.0,336.8
CHCL,1/5/2011,922.0,955.0,940.0,955.0,3.58,240.0,525.0,336.8
CHCL,1/9/2011,955.0,951.0,950.0,950.0,-0.52,980.0,525.0,336.8
CHCL,1/10/2011,950.0,973.0,955.0,973.0,2.42,650.0,525.0,336.8
CHCL,1/11/2011,973.0,966.0,950.0,955.0,-1.85,2310.0,525.0,336.8
CHCL,1/12/2011,955.0,970.0,970.0,970.0,1.57,100.0,525.0,336.8
CHCL,1/13/2011,970.0,960.0,953.0,960.0,-1.03,650.0,525.0,336.8
CHCL,1/16/2011,960.0,976.0,961.0,976.0,1.67,1100.0,525.0,336.8
CHCL,1/17/2011,976.0,1005.0,976.0,1005.0,2.97,3840.0,525.0,336.8
CHCL,1/18/2011,1005.0,1000.0,1000.0,1000.0,-0.5,200.0,525.0,336.8
CHCL,1/19/2011,1000.0,995.0,985.0,995.0,-0.5,180.0,525.0,336.8
CHCL,1/20/2011,995.0,1005.0,1005.0,1005.0,1.01,80.0,525.0,336.8
CHCL,1/23/2011,1005.0,1012.0,990.0,1012.0,0.7,3130.0,525.0,336.8
CHCL,1/24/2011,1012.0,1030.0,1012.0,1030.0,1.78,1550.0,525.0,336.8
CHCL,1/31/2011,1030.0,1040.0,1040.0,1040.0,0.97,130.0,525.0,336.8
CHCL,2/1/2011,1040.0,1065.0,1044.0,1065.0,2.4,1390.0,525.0,336.8
CHCL,2/2/2011,1065.0,1084.0,1058.0,1058.0,-0.66,1680.0,525.0,336.8
CHCL,2/3/2011,1058.0,1075.0,1065.0,1072.0,1.32,300.0,525.0,336.8
CHCL,2/6/2011,1072.0,1085.0,1080.0,1085.0,1.21,670.0,525.0,336.8
CHCL,2/7/2011,1085.0,1064.0,1064.0,1064.0,-1.94,100.0,525.0,336.8
CHCL,2/9/2011,1064.0,1043.0,1043.0,1043.0,-1.97,220.0,525.0,336.8
CHCL,2/10/2011,1043.0,1025.0,1023.0,1023.0,-1.92,990.0,525.0,336.8
CHCL,2/13/2011,1023.0,1005.0,1003.0,1005.0,-1.76,300.0,525.0,336.8
CHCL,2/14/2011,1005.0,1000.0,993.0,995.0,-1.0,2080.0,525.0,336.8
CHCL,2/15/2011,995.0,1014.0,1012.0,1012.0,1.71,320.0,525.0,336.8
CHCL,2/16/2011,1012.0,1050.0,996.0,1050.0,3.75,1000.0,525.0,336.8
CHCL,2/17/2011,1050.0,1045.0,1030.0,1045.0,-0.48,1050.0,525.0,336.8
CHCL,2/20/2011,1045.0,1045.0,1030.0,1030.0,-1.44,420.0,525.0,336.8
CHCL,2/21/2011,1030.0,1035.0,1025.0,1030.0,0.0,1080.0,525.0,336.8
CHCL,2/22/2011,1030.0,1025.0,1021.0,1021.0,-0.87,1520.0,525.0,336.8
CHCL,2/23/2011,1021.0,1040.0,1023.0,1040.0,1.86,1230.0,525.0,336.8
CHCL,2/24/2011,1040.0,1050.0,1028.0,1028.0,-1.15,2810.0,525.0,336.8
CHCL,2/27/2011,1028.0,1035.0,1028.0,1028.0,0.0,2750.0,525.0,336.8
CHCL,2/28/2011,1028.0,1030.0,1005.0,1014.0,-1.36,3060.0,525.0,336.8
CHCL,3/7/2011,1014.0,1010.0,1010.0,1010.0,-0.39,10.0,525.0,336.8
CHCL,3/10/2011,1010.0,990.0,990.0,990.0,-1.98,10.0,525.0,336.8
CHCL,3/15/2011,990.0,971.0,900.0,900.0,-9.09,650.0,525.0,336.8
CHCL,3/16/2011,900.0,885.0,885.0,885.0,-1.67,180.0,525.0,336.8
CHCL,3/27/2011,885.0,902.0,902.0,902.0,1.92,50.0,525.0,336.8
CHCL,3/28/2011,902.0,948.0,920.0,930.0,3.1,2350.0,525.0,336.8
CHCL,3/29/2011,930.0,935.0,926.0,934.0,0.43,2170.0,525.0,336.8
CHCL,3/30/2011,934.0,934.0,930.0,934.0,0.0,1350.0,525.0,336.8
CHCL,3/31/2011,934.0,941.0,930.0,941.0,0.75,2150.0,525.0,336.8
CHCL,4/4/2011,941.0,940.0,930.0,940.0,-0.11,2000.0,525.0,336.8
CHCL,4/5/2011,940.0,941.0,931.0,941.0,0.11,370.0,525.0,336.8
CHCL,4/6/2011,941.0,943.0,940.0,940.0,-0.11,720.0,525.0,336.8
CHCL,4/7/2011,940.0,941.0,940.0,940.0,0.0,620.0,525.0,336.8
CHCL,4/10/2011,940.0,940.0,934.0,934.0,-0.64,950.0,525.0,336.8
CHCL,4/11/2011,934.0,935.0,934.0,934.0,0.0,1100.0,525.0,336.8
CHCL,4/13/2011,934.0,930.0,930.0,930.0,-0.43,420.0,525.0,336.8
CHCL,4/17/2011,930.0,927.0,920.0,927.0,-0.32,870.0,525.0,336.8
CHCL,4/18/2011,927.0,921.0,901.0,914.0,-1.4,2380.0,525.0,336.8
CHCL,4/19/2011,914.0,920.0,910.0,920.0,0.66,2450.0,525.0,336.8
CHCL,4/20/2011,920.0,928.0,920.0,920.0,0.0,650.0,525.0,336.8
CHCL,4/21/2011,920.0,920.0,910.0,920.0,0.0,1190.0,525.0,336.8
CHCL,4/27/2011,920.0,910.0,902.0,910.0,-1.09,930.0,525.0,336.8
CHCL,4/28/2011,910.0,904.0,896.0,899.0,-1.21,1580.0,525.0,336.8
CHCL,5/2/2011,899.0,902.0,885.0,900.0,0.11,950.0,525.0,336.8
CHCL,5/3/2011,900.0,900.0,900.0,900.0,0.0,680.0,525.0,336.8
CHCL,5/4/2011,900.0,905.0,898.0,898.0,-0.22,6100.0,525.0,336.8
CHCL,5/5/2011,898.0,898.0,898.0,898.0,0.0,450.0,525.0,336.8
CHCL,5/10/2011,898.0,900.0,875.0,891.0,-0.78,5970.0,525.0,336.8
CHCL,5/11/2011,891.0,900.0,900.0,900.0,1.01,700.0,525.0,336.8
CHCL,5/15/2011,900.0,900.0,900.0,900.0,0.0,50.0,525.0,336.8
CHCL,5/16/2011,900.0,900.0,900.0,900.0,0.0,470.0,525.0,336.8
CHCL,5/18/2011,900.0,900.0,884.0,900.0,0.0,2780.0,525.0,336.8
CHCL,5/19/2011,900.0,900.0,875.0,875.0,-2.78,2870.0,525.0,336.8
CHCL,5/22/2011,875.0,892.0,892.0,892.0,1.94,500.0,525.0,336.8
CHCL,5/24/2011,892.0,907.0,890.0,900.0,0.9,1550.0,525.0,336.8
CHCL,5/25/2011,900.0,900.0,900.0,900.0,0.0,300.0,525.0,336.8
CHCL,5/26/2011,900.0,894.0,882.0,890.0,-1.11,1440.0,525.0,336.8
CHCL,5/30/2011,890.0,890.0,876.0,888.0,-0.22,3170.0,525.0,336.8
CHCL,5/31/2011,888.0,880.0,840.0,850.0,-4.28,3280.0,525.0,336.8
CHCL,6/1/2011,850.0,854.0,836.0,850.0,0.0,1480.0,525.0,336.8
CHCL,6/2/2011,850.0,852.0,845.0,852.0,0.24,1120.0,525.0,336.8
CHCL,6/5/2011,852.0,850.0,840.0,845.0,-0.82,4370.0,525.0,336.8
CHCL,6/6/2011,845.0,845.0,838.0,841.0,-0.47,1480.0,525.0,336.8
CHCL,6/7/2011,841.0,831.0,815.0,815.0,-3.09,1300.0,525.0,336.8
CHCL,6/8/2011,815.0,815.0,800.0,805.0,-1.23,4150.0,525.0,336.8
CHCL,6/9/2011,805.0,795.0,775.0,775.0,-3.73,12220.0,525.0,336.8
CHCL,6/12/2011,775.0,760.0,745.0,745.0,-3.87,5600.0,525.0,336.8
CHCL,6/13/2011,745.0,745.0,706.0,707.0,-5.1,5460.0,525.0,336.8
CHCL,6/14/2011,707.0,710.0,690.0,690.0,-2.4,750.0,525.0,336.8
CHCL,6/15/2011,690.0,695.0,686.0,695.0,0.72,2700.0,525.0,336.8
CHCL,6/16/2011,695.0,705.0,690.0,705.0,1.44,1530.0,525.0,336.8
CHCL,6/19/2011,705.0,733.0,719.0,733.0,3.97,220.0,525.0,336.8
CHCL,6/20/2011,705.0,733.0,719.0,733.0,0.0,220.0,525.0,336.8
CHCL,6/21/2011,806.0,886.0,822.0,886.0,20.87,4080.0,525.0,336.8
CHCL,6/23/2011,886.0,956.0,903.0,955.0,7.79,2970.0,525.0,336.8
CHCL,6/26/2011,955.0,953.0,866.0,866.0,-9.32,2330.0,525.0,336.8
CHCL,6/27/2011,866.0,849.0,788.0,788.0,-9.01,1640.0,525.0,336.8
CHCL,6/29/2011,788.0,773.0,759.0,770.0,-2.28,310.0,525.0,336.8
CHCL,7/3/2011,770.0,756.0,756.0,756.0,-1.82,100.0,525.0,336.8
CHCL,7/4/2011,756.0,800.0,771.0,800.0,5.82,700.0,525.0,336.8
CHCL,7/5/2011,800.0,814.0,790.0,814.0,1.75,1460.0,525.0,336.8
CHCL,7/6/2011,814.0,845.0,830.0,845.0,3.81,120.0,525.0,336.8
CHCL,7/7/2011,845.0,839.0,829.0,839.0,-0.71,750.0,525.0,336.8
CHCL,7/10/2011,839.0,825.0,809.0,811.0,-3.34,1080.0,525.0,336.8
CHCL,7/11/2011,811.0,805.0,798.0,805.0,-0.74,1880.0,525.0,336.8
CHCL,7/12/2011,805.0,816.0,795.0,816.0,1.37,2280.0,525.0,336.8
CHCL,7/13/2011,816.0,844.0,828.0,835.0,2.33,1430.0,525.0,336.8
CHCL,7/14/2011,835.0,835.0,820.0,822.0,-1.56,900.0,525.0,336.8
CHCL,7/17/2011,822.0,857.0,825.0,857.0,4.26,720.0,525.0,336.8
CHCL,7/18/2011,857.0,908.0,874.0,908.0,5.95,440.0,525.0,336.8
CHCL,7/19/2011,908.0,908.0,908.0,908.0,0.0,100.0,525.0,336.8
CHCL,7/20/2011,908.0,890.0,863.0,863.0,-4.96,1370.0,525.0,336.8
CHCL,7/21/2011,863.0,846.0,815.0,825.0,-4.4,2710.0,525.0,336.8
CHCL,7/24/2011,825.0,809.0,765.0,805.0,-2.42,5900.0,525.0,336.8
CHCL,7/25/2011,805.0,789.0,775.0,775.0,-3.73,1040.0,525.0,336.8
CHCL,7/26/2011,775.0,790.0,790.0,790.0,1.94,330.0,525.0,336.8
CHCL,7/27/2011,790.0,805.0,790.0,790.0,0.0,2220.0,525.0,336.8
CHCL,7/28/2011,790.0,795.0,790.0,791.0,0.13,980.0,525.0,336.8
CHCL,7/31/2011,791.0,820.0,805.0,810.0,2.4,790.0,525.0,336.8
CHCL,8/1/2011,810.0,815.0,815.0,815.0,0.62,100.0,525.0,336.8
CHCL,8/2/2011,815.0,825.0,825.0,825.0,1.23,350.0,525.0,336.8
CHCL,8/3/2011,825.0,835.0,820.0,830.0,0.61,650.0,525.0,336.8
CHCL,8/4/2011,830.0,814.0,814.0,814.0,-1.93,230.0,525.0,336.8
CHCL,8/8/2011,814.0,815.0,815.0,815.0,0.12,500.0,525.0,336.8
CHCL,8/9/2011,815.0,800.0,800.0,800.0,-1.84,400.0,525.0,336.8
CHCL,8/10/2011,800.0,812.0,800.0,812.0,1.5,370.0,525.0,336.8
CHCL,8/11/2011,812.0,812.0,812.0,812.0,0.0,230.0,525.0,336.8
CHCL,8/16/2011,812.0,850.0,828.0,844.0,3.94,1070.0,525.0,336.8
CHCL,8/17/2011,844.0,840.0,840.0,840.0,-0.47,350.0,525.0,336.8
CHCL,8/18/2011,840.0,856.0,840.0,840.0,0.0,1360.0,525.0,336.8
CHCL,8/22/2011,840.0,856.0,839.0,839.0,-0.12,300.0,525.0,336.8
CHCL,8/23/2011,839.0,850.0,833.0,833.0,-0.72,750.0,525.0,336.8
CHCL,8/24/2011,833.0,818.0,818.0,818.0,-1.8,200.0,525.0,336.8
CHCL,8/25/2011,818.0,867.0,817.0,817.0,-0.12,780.0,525.0,336.8
CHCL,8/28/2011,817.0,833.0,833.0,833.0,1.96,180.0,525.0,336.8
CHCL,8/29/2011,833.0,817.0,817.0,817.0,-1.92,100.0,525.0,336.8
CHCL,8/30/2011,817.0,846.0,830.0,830.0,1.59,780.0,525.0,336.8
CHCL,9/4/2011,830.0,865.0,845.0,850.0,2.41,1190.0,525.0,336.8
CHCL,9/5/2011,850.0,845.0,840.0,840.0,-1.18,900.0,525.0,336.8
CHCL,9/6/2011,840.0,824.0,824.0,824.0,-1.9,300.0,525.0,336.8
CHCL,9/7/2011,824.0,840.0,830.0,830.0,0.73,740.0,525.0,336.8
CHCL,9/8/2011,830.0,841.0,825.0,835.0,0.6,550.0,525.0,336.8
CHCL,9/12/2011,835.0,828.0,820.0,828.0,-0.84,550.0,525.0,336.8
CHCL,9/13/2011,828.0,815.0,815.0,815.0,-1.57,300.0,525.0,336.8
CHCL,9/14/2011,815.0,800.0,784.0,785.0,-3.68,3330.0,525.0,336.8
CHCL,9/15/2011,785.0,805.0,780.0,780.0,-0.64,2670.0,525.0,336.8
CHCL,9/18/2011,780.0,777.0,760.0,775.0,-0.64,6700.0,525.0,336.8
CHCL,9/19/2011,775.0,781.0,760.0,760.0,-1.94,5480.0,525.0,336.8
CHCL,9/20/2011,760.0,770.0,770.0,770.0,1.32,500.0,525.0,336.8
CHCL,9/21/2011,770.0,780.0,780.0,780.0,1.3,800.0,525.0,336.8
CHCL,9/22/2011,780.0,785.0,770.0,770.0,-1.28,3030.0,525.0,336.8
CHCL,9/25/2011,770.0,785.0,775.0,785.0,1.95,1200.0,525.0,336.8
CHCL,9/26/2011,785.0,793.0,776.0,776.0,-1.15,1320.0,525.0,336.8
CHCL,9/27/2011,776.0,781.0,780.0,781.0,0.64,290.0,525.0,336.8
CHCL,9/29/2011,781.0,796.0,790.0,790.0,1.15,840.0,525.0,336.8
CHCL,10/2/2011,790.0,800.0,800.0,800.0,1.27,200.0,525.0,336.8
CHCL,10/9/2011,800.0,800.0,800.0,800.0,0.0,700.0,525.0,336.8
CHCL,10/10/2011,800.0,815.0,805.0,805.0,0.63,820.0,525.0,336.8
CHCL,10/12/2011,805.0,820.0,810.0,815.0,1.24,1030.0,525.0,336.8
CHCL,10/13/2011,815.0,820.0,816.0,820.0,0.61,410.0,525.0,336.8
CHCL,10/16/2011,820.0,850.0,820.0,850.0,3.66,1850.0,525.0,336.8
CHCL,10/17/2011,850.0,867.0,855.0,855.0,0.59,800.0,525.0,336.8
CHCL,10/18/2011,855.0,864.0,855.0,864.0,1.05,850.0,525.0,336.8
CHCL,10/19/2011,864.0,949.0,881.0,940.0,8.8,8170.0,525.0,336.8
CHCL,10/20/2011,940.0,965.0,864.0,865.0,-7.98,9070.0,525.0,336.8
CHCL,10/23/2011,865.0,900.0,880.0,885.0,2.31,3610.0,525.0,336.8
CHCL,10/24/2011,885.0,900.0,880.0,891.0,0.68,4970.0,525.0,336.8
CHCL,10/25/2011,891.0,896.0,880.0,885.0,-0.67,3320.0,525.0,336.8
CHCL,10/30/2011,885.0,902.0,885.0,885.0,0.0,4320.0,525.0,336.8
CHCL,10/31/2011,885.0,895.0,880.0,890.0,0.56,2960.0,525.0,336.8
CHCL,11/2/2011,890.0,907.0,907.0,907.0,1.91,50.0,525.0,336.8
CHCL,11/3/2011,907.0,945.0,891.0,905.0,-0.22,3530.0,525.0,336.8
CHCL,11/6/2011,905.0,912.0,895.0,907.0,0.22,1790.0,525.0,336.8
CHCL,11/8/2011,907.0,915.0,900.0,900.0,-0.77,3430.0,525.0,336.8
CHCL,11/10/2011,900.0,901.0,887.0,901.0,0.11,630.0,525.0,336.8
CHCL,11/13/2011,901.0,900.0,890.0,890.0,-1.22,1100.0,525.0,336.8
CHCL,11/14/2011,890.0,901.0,890.0,890.0,0.0,970.0,525.0,336.8
CHCL,11/15/2011,890.0,900.0,886.0,890.0,0.0,980.0,525.0,336.8
CHCL,11/16/2011,890.0,905.0,870.0,871.0,-2.13,800.0,525.0,336.8
CHCL,11/17/2011,871.0,883.0,864.0,865.0,-0.69,2680.0,525.0,336.8
CHCL,11/20/2011,865.0,870.0,857.0,865.0,0.0,2890.0,525.0,336.8
CHCL,11/21/2011,865.0,866.0,860.0,866.0,0.12,650.0,525.0,336.8
CHCL,11/22/2011,866.0,860.0,850.0,850.0,-1.85,1650.0,525.0,336.8
CHCL,11/23/2011,850.0,850.0,837.0,850.0,0.0,1980.0,525.0,336.8
CHCL,11/24/2011,850.0,840.0,833.0,833.0,-2.0,2020.0,525.0,336.8
CHCL,11/27/2011,833.0,840.0,800.0,800.0,-3.96,4440.0,525.0,336.8
CHCL,11/28/2011,800.0,785.0,740.0,782.0,-2.25,21660.0,525.0,336.8
CHCL,12/1/2011,775.0,790.0,772.0,787.0,0.64,15120.0,525.0,336.8
CHCL,12/4/2011,787.0,820.0,784.0,807.0,2.54,12640.0,525.0,336.8
CHCL,12/5/2011,807.0,817.0,800.0,815.0,0.99,15380.0,525.0,336.8
CHCL,12/6/2011,815.0,845.0,815.0,831.0,1.96,15510.0,525.0,336.8
CHCL,12/7/2011,831.0,844.0,823.0,830.0,-0.12,15400.0,525.0,336.8
CHCL,12/8/2011,830.0,828.0,813.0,819.0,-1.33,9840.0,525.0,336.8
CHCL,12/11/2011,819.0,820.0,809.0,810.0,-1.1,13930.0,525.0,336.8
CHCL,12/12/2011,810.0,810.0,790.0,797.0,-1.6,10670.0,525.0,336.8
CHCL,12/13/2011,797.0,798.0,786.0,787.0,-1.25,9280.0,525.0,336.8
CHCL,12/14/2011,787.0,810.0,783.0,810.0,2.92,12980.0,525.0,336.8
CHCL,12/15/2011,810.0,820.0,797.0,814.0,0.49,8030.0,525.0,336.8
CHCL,12/18/2011,814.0,815.0,800.0,814.0,0.0,16040.0,525.0,336.8
CHCL,12/19/2011,814.0,817.0,810.0,815.0,0.12,17870.0,525.0,336.8
CHCL,12/20/2011,815.0,834.0,815.0,827.0,1.47,16250.0,525.0,336.8
CHCL,12/21/2011,827.0,835.0,828.0,830.0,0.36,20490.0,525.0,336.8
CHCL,12/22/2011,830.0,829.0,818.0,825.0,-0.6,34460.0,525.0,336.8
CHCL,12/26/2011,825.0,840.0,808.0,830.0,0.61,48010.0,525.0,336.8
CHCL,12/28/2011,830.0,590.0,572.0,590.0,-28.92,890.0,525.0,336.8
CHCL,12/29/2011,590.0,601.0,590.0,601.0,1.86,450.0,525.0,336.8
CHCL,1/1/2012,601.0,630.0,597.0,602.0,0.17,2940.0,525.0,336.8
CHCL,1/2/2012,602.0,620.0,603.0,610.0,1.33,1110.0,525.0,336.8
CHCL,1/3/2012,610.0,620.0,595.0,614.0,0.66,4810.0,525.0,336.8
CHCL,1/4/2012,614.0,619.0,600.0,619.0,0.81,5290.0,525.0,336.8
CHCL,1/5/2012,619.0,614.0,604.0,613.0,-0.97,1180.0,525.0,336.8
CHCL,1/8/2012,613.0,611.0,605.0,609.0,-0.65,2090.0,525.0,336.8
CHCL,1/9/2012,609.0,610.0,605.0,608.0,-0.16,1320.0,525.0,336.8
CHCL,1/10/2012,613.0,615.0,609.0,610.0,0.33,1700.0,525.0,336.8
CHCL,1/11/2012,610.0,632.0,609.0,610.0,0.0,1950.0,525.0,336.8
CHCL,1/12/2012,610.0,613.0,598.0,609.0,-0.16,1930.0,525.0,336.8
CHCL,1/16/2012,609.0,612.0,597.0,609.0,0.0,2020.0,525.0,336.8
CHCL,1/17/2012,609.0,579.0,579.0,579.0,-4.93,80.0,525.0,336.8
CHCL,1/18/2012,579.0,615.0,590.0,610.0,5.35,2950.0,525.0,336.8
CHCL,1/19/2012,610.0,608.0,587.0,608.0,-0.33,1380.0,525.0,336.8
CHCL,1/22/2012,608.0,611.0,605.0,607.0,-0.16,2310.0,525.0,336.8
CHCL,1/23/2012,607.0,622.0,606.0,610.0,0.49,3430.0,525.0,336.8
CHCL,1/25/2012,610.0,612.0,600.0,612.0,0.33,150.0,525.0,336.8
CHCL,1/26/2012,612.0,615.0,610.0,612.0,0.0,2660.0,525.0,336.8
CHCL,1/29/2012,612.0,614.0,598.0,614.0,0.33,5440.0,525.0,336.8
CHCL,1/31/2012,614.0,612.0,605.0,612.0,-0.33,1280.0,525.0,336.8
CHCL,2/1/2012,612.0,610.0,607.0,609.0,-0.49,2860.0,525.0,336.8
CHCL,2/2/2012,609.0,612.0,606.0,606.0,-0.49,4880.0,525.0,336.8
CHCL,2/5/2012,606.0,610.0,608.0,610.0,0.66,2530.0,525.0,336.8
CHCL,2/6/2012,610.0,608.0,600.0,605.0,-0.82,1900.0,525.0,336.8
CHCL,2/7/2012,605.0,605.0,600.0,600.0,-0.83,3180.0,525.0,336.8
CHCL,2/8/2012,600.0,600.0,597.0,597.0,-0.5,1530.0,525.0,336.8
CHCL,2/9/2012,597.0,597.0,594.0,594.0,-0.5,2620.0,525.0,336.8
CHCL,2/12/2012,594.0,595.0,590.0,595.0,0.17,2210.0,525.0,336.8
CHCL,2/13/2012,595.0,595.0,591.0,591.0,-0.67,5040.0,525.0,336.8
CHCL,2/14/2012,591.0,594.0,589.0,589.0,-0.34,2410.0,525.0,336.8
CHCL,2/15/2012,589.0,592.0,589.0,590.0,0.17,1980.0,525.0,336.8
CHCL,2/16/2012,590.0,599.0,594.0,597.0,1.19,510.0,525.0,336.8
CHCL,2/21/2012,597.0,600.0,592.0,595.0,-0.34,500.0,525.0,336.8
CHCL,2/23/2012,595.0,599.0,592.0,593.0,-0.34,1460.0,525.0,336.8
CHCL,2/26/2012,593.0,594.0,590.0,590.0,-0.51,1700.0,525.0,336.8
CHCL,2/27/2012,590.0,591.0,590.0,590.0,0.0,1130.0,525.0,336.8
CHCL,2/28/2012,590.0,593.0,590.0,593.0,0.51,1900.0,525.0,336.8
CHCL,2/29/2012,593.0,598.0,595.0,596.0,0.51,1140.0,525.0,336.8
CHCL,3/1/2012,596.0,598.0,594.0,598.0,0.34,2720.0,525.0,336.8
CHCL,3/4/2012,598.0,602.0,594.0,599.0,0.17,3350.0,525.0,336.8
CHCL,3/5/2012,599.0,602.0,598.0,599.0,0.0,2390.0,525.0,336.8
CHCL,3/6/2012,599.0,600.0,597.0,599.0,0.0,2360.0,525.0,336.8
CHCL,3/11/2012,599.0,600.0,590.0,598.0,-0.17,6530.0,525.0,336.8
CHCL,3/12/2012,598.0,598.0,590.0,597.0,-0.17,9890.0,525.0,336.8
CHCL,3/13/2012,597.0,598.0,597.0,597.0,0.0,800.0,525.0,336.8
CHCL,3/14/2012,597.0,599.0,596.0,597.0,0.0,1890.0,525.0,336.8
CHCL,3/15/2012,597.0,598.0,595.0,595.0,-0.34,1240.0,525.0,336.8
CHCL,3/18/2012,595.0,597.0,594.0,597.0,0.34,2090.0,525.0,336.8
CHCL,3/19/2012,597.0,598.0,595.0,596.0,-0.17,2410.0,525.0,336.8
CHCL,3/20/2012,596.0,596.0,594.0,596.0,0.0,2260.0,525.0,336.8
CHCL,3/21/2012,596.0,600.0,594.0,596.0,0.0,1960.0,525.0,336.8
CHCL,3/25/2012,596.0,595.0,593.0,594.0,-0.34,1800.0,525.0,336.8
CHCL,3/26/2012,594.0,595.0,589.0,590.0,-0.67,2580.0,525.0,336.8
CHCL,3/27/2012,590.0,590.0,580.0,590.0,0.0,1100.0,525.0,336.8
CHCL,3/28/2012,590.0,599.0,585.0,587.0,-0.51,2390.0,525.0,336.8
CHCL,3/29/2012,587.0,589.0,587.0,587.0,0.0,2920.0,525.0,336.8
CHCL,4/1/2012,587.0,588.0,587.0,588.0,0.17,820.0,525.0,336.8
CHCL,4/2/2012,588.0,599.0,590.0,594.0,1.02,720.0,525.0,336.8
CHCL,4/3/2012,594.0,600.0,585.0,596.0,0.34,4140.0,525.0,336.8
CHCL,4/4/2012,596.0,598.0,594.0,595.0,-0.17,560.0,525.0,336.8
CHCL,4/5/2012,595.0,605.0,595.0,595.0,0.0,1460.0,525.0,336.8
CHCL,4/8/2012,595.0,600.0,594.0,596.0,0.17,1980.0,525.0,336.8
CHCL,4/9/2012,596.0,605.0,596.0,600.0,0.67,4360.0,525.0,336.8
CHCL,4/10/2012,600.0,608.0,592.0,606.0,1.0,630.0,525.0,336.8
CHCL,4/11/2012,606.0,636.0,608.0,610.0,0.66,5120.0,525.0,336.8
CHCL,4/12/2012,610.0,637.0,611.0,637.0,4.43,4100.0,525.0,336.8
CHCL,4/15/2012,637.0,688.0,649.0,687.0,7.85,3040.0,525.0,336.8
CHCL,4/16/2012,687.0,700.0,700.0,700.0,1.89,10.0,525.0,336.8
CHCL,4/17/2012,700.0,770.0,657.0,680.0,-2.86,10410.0,525.0,336.8
CHCL,4/18/2012,680.0,745.0,658.0,726.0,6.76,6290.0,525.0,336.8
CHCL,4/19/2012,726.0,749.0,720.0,735.0,1.24,4230.0,525.0,336.8
CHCL,4/22/2012,735.0,769.0,740.0,766.0,4.22,6270.0,525.0,336.8
CHCL,4/24/2012,766.0,827.0,781.0,827.0,7.96,590.0,525.0,336.8
CHCL,4/25/2012,827.0,909.0,843.0,909.0,9.92,1660.0,525.0,336.8
CHCL,4/26/2012,909.0,948.0,860.0,896.0,-1.43,16192.0,525.0,336.8
CHCL,4/29/2012,896.0,904.0,861.0,888.0,-0.89,11728.0,525.0,336.8
CHCL,4/30/2012,888.0,880.0,845.0,851.0,-4.17,5692.0,525.0,336.8
CHCL,5/2/2012,851.0,834.0,766.0,771.0,-9.4,4996.0,525.0,336.8
CHCL,5/3/2012,771.0,786.0,786.0,786.0,1.95,12.0,525.0,336.8
CHCL,5/7/2012,786.0,833.0,801.0,833.0,5.98,126.0,525.0,336.8
CHCL,5/8/2012,833.0,901.0,849.0,900.0,8.04,10080.0,525.0,336.8
CHCL,5/9/2012,900.0,900.0,856.0,874.0,-2.89,9050.0,525.0,336.8
CHCL,5/10/2012,874.0,867.0,827.0,857.0,-1.95,7862.0,525.0,336.8
CHCL,5/13/2012,857.0,848.0,799.0,812.0,-5.25,4768.0,525.0,336.8
CHCL,5/14/2012,812.0,796.0,761.0,766.0,-5.67,7552.0,525.0,336.8
CHCL,5/15/2012,766.0,842.0,781.0,842.0,9.92,4918.0,525.0,336.8
CHCL,5/16/2012,842.0,875.0,858.0,875.0,3.92,40.0,525.0,336.8
CHCL,5/17/2012,875.0,950.0,860.0,886.0,1.26,12500.0,525.0,336.8
CHCL,5/20/2012,886.0,881.0,840.0,870.0,-1.81,7492.0,525.0,336.8
CHCL,5/21/2012,870.0,890.0,839.0,885.0,1.72,6120.0,525.0,336.8
CHCL,5/22/2012,885.0,877.0,830.0,866.0,-2.15,7062.0,525.0,336.8
CHCL,5/23/2012,866.0,849.0,806.0,815.0,-5.89,5506.0,525.0,336.8
CHCL,5/24/2012,815.0,859.0,805.0,850.0,4.29,6274.0,525.0,336.8
CHCL,5/27/2012,850.0,888.0,860.0,881.0,3.65,9076.0,525.0,336.8
CHCL,5/29/2012,881.0,864.0,793.0,793.0,-9.99,260.0,525.0,336.8
CHCL,5/30/2012,793.0,778.0,714.0,714.0,-9.96,14732.0,525.0,336.8
CHCL,5/31/2012,714.0,760.0,674.0,740.0,3.64,9490.0,525.0,336.8
CHCL,6/3/2012,740.0,825.0,754.0,818.0,10.54,14662.0,525.0,336.8
CHCL,6/4/2012,818.0,825.0,765.0,793.0,-3.06,7772.0,525.0,336.8
CHCL,6/5/2012,793.0,790.0,760.0,777.0,-2.02,4222.0,525.0,336.8
CHCL,6/6/2012,777.0,777.0,761.0,770.0,-0.9,3270.0,525.0,336.8
CHCL,6/7/2012,770.0,791.0,761.0,780.0,1.3,4402.0,525.0,336.8
CHCL,6/10/2012,780.0,777.0,765.0,770.0,-1.28,4096.0,525.0,336.8
CHCL,6/11/2012,770.0,801.0,772.0,780.0,1.3,686.0,525.0,336.8
CHCL,6/12/2012,780.0,789.0,755.0,780.0,0.0,1580.0,525.0,336.8
CHCL,6/13/2012,780.0,795.0,770.0,779.0,-0.13,3332.0,525.0,336.8
CHCL,6/14/2012,779.0,779.0,765.0,779.0,0.0,2602.0,525.0,336.8
CHCL,6/17/2012,779.0,793.0,771.0,780.0,0.13,2292.0,525.0,336.8
CHCL,6/18/2012,780.0,794.0,770.0,789.0,1.15,2932.0,525.0,336.8
CHCL,6/19/2012,789.0,787.0,777.0,787.0,-0.25,3212.0,525.0,336.8
CHCL,6/20/2012,787.0,800.0,785.0,788.0,0.13,2554.0,525.0,336.8
CHCL,6/21/2012,788.0,810.0,775.0,810.0,2.79,4500.0,525.0,336.8
CHCL,6/25/2012,810.0,835.0,801.0,833.0,2.84,5504.0,525.0,336.8
CHCL,6/26/2012,833.0,831.0,808.0,831.0,-0.24,7064.0,525.0,336.8
CHCL,6/27/2012,831.0,845.0,815.0,840.0,1.08,6216.0,525.0,336.8
CHCL,6/28/2012,840.0,845.0,811.0,843.0,0.36,5440.0,525.0,336.8
CHCL,7/1/2012,843.0,842.0,825.0,832.0,-1.3,7440.0,525.0,336.8
CHCL,7/2/2012,832.0,850.0,821.0,840.0,0.96,3918.0,525.0,336.8
CHCL,7/3/2012,840.0,840.0,809.0,840.0,0.0,3798.0,525.0,336.8
CHCL,7/4/2012,840.0,852.0,833.0,846.0,0.71,5560.0,525.0,336.8
CHCL,7/5/2012,846.0,855.0,844.0,845.0,-0.12,12308.0,525.0,336.8
CHCL,7/8/2012,845.0,850.0,836.0,850.0,0.59,6982.0,525.0,336.8
CHCL,7/9/2012,850.0,868.0,847.0,862.0,1.41,18312.0,525.0,336.8
CHCL,7/10/2012,862.0,890.0,852.0,877.0,1.74,15294.0,525.0,336.8
CHCL,7/11/2012,877.0,886.0,876.0,885.0,0.91,6534.0,525.0,336.8
CHCL,7/12/2012,885.0,880.0,860.0,873.0,-1.36,16062.0,525.0,336.8
CHCL,7/15/2012,873.0,910.0,872.0,910.0,4.24,7380.0,525.0,336.8
CHCL,7/16/2012,910.0,894.0,845.0,881.0,-3.19,4481.0,525.0,336.8
CHCL,7/17/2012,881.0,883.0,864.0,882.0,0.11,8952.0,525.0,336.8
CHCL,7/18/2012,882.0,904.0,876.0,904.0,2.49,8086.0,525.0,336.8
CHCL,7/19/2012,904.0,930.0,882.0,916.0,1.33,11222.0,525.0,336.8
CHCL,7/22/2012,916.0,964.0,907.0,964.0,5.24,12652.0,525.0,336.8
CHCL,7/23/2012,964.0,997.0,952.0,982.0,1.87,10834.0,525.0,336.8
CHCL,7/24/2012,982.0,997.0,956.0,956.0,-2.65,13712.0,525.0,336.8
CHCL,7/25/2012,956.0,1000.0,975.0,986.0,3.14,13874.0,525.0,336.8
CHCL,7/26/2012,986.0,1002.0,960.0,1002.0,1.62,5808.0,525.0,336.8
CHCL,7/29/2012,1002.0,982.0,965.0,970.0,-3.19,9978.0,525.0,336.8
CHCL,7/30/2012,970.0,980.0,965.0,977.0,0.72,9630.0,525.0,336.8
CHCL,7/31/2012,977.0,984.0,960.0,980.0,0.31,5272.0,525.0,336.8
CHCL,8/1/2012,980.0,997.0,976.0,997.0,1.73,10496.0,525.0,336.8
CHCL,8/5/2012,997.0,1018.0,993.0,1015.0,1.81,14232.0,525.0,336.8
CHCL,8/6/2012,1015.0,1040.0,998.0,1040.0,2.46,15310.0,525.0,336.8
CHCL,8/7/2012,1040.0,1074.0,1040.0,1070.0,2.88,14072.0,525.0,336.8
CHCL,8/8/2012,1070.0,1095.0,1060.0,1095.0,2.34,24956.0,525.0,336.8
CHCL,8/12/2012,1095.0,1122.0,1071.0,1078.0,-1.55,17090.0,525.0,336.8
CHCL,8/13/2012,1078.0,1085.0,1040.0,1066.0,-1.11,8774.0,525.0,336.8
CHCL,8/14/2012,1066.0,1070.0,1040.0,1058.0,-0.75,6978.0,525.0,336.8
CHCL,8/15/2012,1058.0,1050.0,1030.0,1033.0,-2.36,17522.0,525.0,336.8
CHCL,8/16/2012,1033.0,1045.0,1000.0,1038.0,0.48,16196.0,525.0,336.8
CHCL,8/19/2012,1038.0,1045.0,1020.0,1039.0,0.1,5446.0,525.0,336.8
CHCL,8/21/2012,1039.0,1045.0,1027.0,1040.0,0.1,7802.0,525.0,336.8
CHCL,8/22/2012,1040.0,1050.0,1040.0,1045.0,0.48,4794.0,525.0,336.8
CHCL,8/23/2012,1045.0,1057.0,1036.0,1050.0,0.48,8822.0,525.0,336.8
CHCL,8/26/2012,1050.0,1060.0,1041.0,1049.0,-0.1,4822.0,525.0,336.8
CHCL,8/27/2012,1049.0,1058.0,1026.0,1057.0,0.76,10390.0,525.0,336.8
CHCL,8/28/2012,1057.0,1074.0,1060.0,1070.0,1.23,6108.0,525.0,336.8
CHCL,8/29/2012,1070.0,1076.0,1051.0,1072.0,0.19,5652.0,525.0,336.8
CHCL,8/30/2012,1072.0,1078.0,1069.0,1070.0,-0.19,5784.0,525.0,336.8
CHCL,9/2/2012,1070.0,1099.0,1075.0,1094.0,2.24,7944.0,525.0,336.8
CHCL,9/3/2012,1094.0,1100.0,1075.0,1097.0,0.27,7448.0,525.0,336.8
CHCL,9/4/2012,1097.0,1105.0,1083.0,1096.0,-0.09,15002.0,525.0,336.8
CHCL,9/5/2012,1096.0,1100.0,1087.0,1097.0,0.09,10702.0,525.0,336.8
CHCL,9/6/2012,1097.0,1100.0,1080.0,1099.0,0.18,9316.0,525.0,336.8
CHCL,9/9/2012,1099.0,1100.0,1086.0,1100.0,0.09,7580.0,525.0,336.8
CHCL,9/10/2012,1100.0,1103.0,1095.0,1098.0,-0.18,6932.0,525.0,336.8
CHCL,9/11/2012,1098.0,1099.0,1093.0,1095.0,-0.27,8912.0,525.0,336.8
CHCL,9/12/2012,1095.0,1098.0,1086.0,1097.0,0.18,5382.0,525.0,336.8
CHCL,9/13/2012,1097.0,1105.0,1095.0,1100.0,0.27,16632.0,525.0,336.8
CHCL,9/16/2012,1100.0,1130.0,1095.0,1128.0,2.55,13492.0,525.0,336.8
CHCL,9/17/2012,1128.0,1165.0,1116.0,1165.0,3.28,9210.0,525.0,336.8
CHCL,9/18/2012,1165.0,1213.0,1161.0,1185.0,1.72,19316.0,525.0,336.8
CHCL,9/19/2012,1185.0,1200.0,1100.0,1134.0,-4.3,17176.0,525.0,336.8
CHCL,9/20/2012,1134.0,1155.0,1100.0,1135.0,0.09,20656.0,525.0,336.8
CHCL,9/23/2012,1135.0,1160.0,1122.0,1132.0,-0.26,45792.0,525.0,336.8
CHCL,9/24/2012,1132.0,1167.0,1126.0,1145.0,1.15,30478.0,525.0,336.8
CHCL,9/25/2012,1145.0,932.0,872.0,888.0,-22.45,1412.0,525.0,336.8
CHCL,9/26/2012,888.0,895.0,855.0,878.0,-1.13,1798.0,525.0,336.8
CHCL,9/30/2012,870.0,880.0,857.0,871.0,-0.8,1388.0,525.0,336.8
CHCL,10/1/2012,871.0,881.0,864.0,872.0,0.11,3356.0,525.0,336.8
CHCL,10/2/2012,872.0,900.0,885.0,900.0,3.21,1482.0,525.0,336.8
CHCL,10/3/2012,900.0,926.0,896.0,926.0,2.89,2274.0,525.0,336.8
CHCL,10/4/2012,926.0,970.0,935.0,970.0,4.75,4452.0,525.0,336.8
CHCL,10/7/2012,970.0,1012.0,989.0,1005.0,3.61,8450.0,525.0,336.8
CHCL,10/8/2012,1005.0,1012.0,988.0,989.0,-1.59,4272.0,525.0,336.8
CHCL,10/9/2012,989.0,1000.0,965.0,968.0,-2.12,4530.0,525.0,336.8
CHCL,10/10/2012,968.0,965.0,952.0,962.0,-0.62,1044.0,525.0,336.8
CHCL,10/11/2012,962.0,958.0,950.0,953.0,-0.94,4344.0,525.0,336.8
CHCL,10/14/2012,953.0,965.0,951.0,951.0,-0.21,718.0,525.0,336.8
CHCL,10/15/2012,951.0,965.0,956.0,965.0,1.47,1894.0,525.0,336.8
CHCL,10/17/2012,965.0,990.0,970.0,975.0,1.04,558.0,525.0,336.8
CHCL,10/18/2012,975.0,990.0,975.0,990.0,1.54,754.0,525.0,336.8
CHCL,10/30/2012,990.0,1010.0,1000.0,1010.0,2.02,1644.0,525.0,336.8
CHCL,10/31/2012,1010.0,1050.0,1011.0,1033.0,2.28,3578.0,525.0,336.8
CHCL,11/1/2012,1033.0,1035.0,1015.0,1032.0,-0.1,3814.0,525.0,336.8
CHCL,11/4/2012,1032.0,1038.0,1020.0,1035.0,0.29,1720.0,525.0,336.8
CHCL,11/5/2012,1035.0,1078.0,1042.0,1078.0,4.15,2418.0,525.0,336.8
CHCL,11/6/2012,1078.0,1105.0,1080.0,1105.0,2.5,4552.0,525.0,336.8
CHCL,11/7/2012,1105.0,1124.0,1106.0,1124.0,1.72,4864.0,525.0,336.8
CHCL,11/8/2012,1124.0,1168.0,1114.0,1120.0,-0.36,5066.0,525.0,336.8
CHCL,11/11/2012,1120.0,1142.0,1098.0,1130.0,0.89,6130.0,525.0,336.8
CHCL,11/12/2012,1130.0,1140.0,1100.0,1140.0,0.88,5408.0,525.0,336.8
CHCL,11/18/2012,1140.0,1150.0,1116.0,1150.0,0.88,7350.0,525.0,336.8
CHCL,11/20/2012,1150.0,1193.0,1150.0,1172.0,1.91,9484.0,525.0,336.8
CHCL,11/21/2012,1172.0,1190.0,1135.0,1162.0,-0.85,9308.0,525.0,336.8
CHCL,11/22/2012,1162.0,1155.0,1110.0,1136.0,-2.24,4580.0,525.0,336.8
CHCL,11/25/2012,1136.0,1165.0,1131.0,1140.0,0.35,4928.0,525.0,336.8
CHCL,11/26/2012,1140.0,1140.0,1120.0,1129.0,-0.96,1856.0,525.0,336.8
CHCL,11/27/2012,1129.0,1134.0,1115.0,1132.0,0.27,3028.0,525.0,336.8
CHCL,11/28/2012,1132.0,1134.0,1120.0,1126.0,-0.53,5478.0,525.0,336.8
CHCL,11/29/2012,1126.0,1126.0,1110.0,1118.0,-0.71,806.0,525.0,336.8
CHCL,12/2/2012,1118.0,1118.0,1102.0,1118.0,0.0,2446.0,525.0,336.8
CHCL,12/3/2012,1118.0,1110.0,1095.0,1104.0,-1.25,5620.0,525.0,336.8
CHCL,12/4/2012,1104.0,1145.0,1124.0,1134.0,2.72,6578.0,525.0,336.8
CHCL,12/5/2012,1134.0,1170.0,1137.0,1150.0,1.41,7042.0,525.0,336.8
CHCL,12/6/2012,1150.0,1145.0,1125.0,1135.0,-1.3,6590.0,525.0,336.8
CHCL,12/9/2012,1135.0,1135.0,1100.0,1124.0,-0.97,4766.0,525.0,336.8
CHCL,12/10/2012,1124.0,1130.0,1103.0,1110.0,-1.25,5510.0,525.0,336.8
CHCL,12/11/2012,1110.0,1121.0,1100.0,1121.0,0.99,11292.0,525.0,336.8
CHCL,12/12/2012,1121.0,1143.0,1121.0,1130.0,0.8,2180.0,525.0,336.8
CHCL,12/13/2012,1130.0,1129.0,1110.0,1128.0,-0.18,4728.0,525.0,336.8
CHCL,12/16/2012,1128.0,1170.0,1130.0,1154.0,2.3,9116.0,525.0,336.8
CHCL,12/17/2012,1154.0,1188.0,1145.0,1175.0,1.82,15880.0,525.0,336.8
CHCL,12/18/2012,1175.0,1154.0,1125.0,1149.0,-2.21,5589.0,525.0,336.8
CHCL,12/19/2012,1149.0,1165.0,1136.0,1146.0,-0.26,7462.0,525.0,336.8
CHCL,12/20/2012,1146.0,1157.0,1125.0,1141.0,-0.44,7510.0,525.0,336.8
CHCL,12/23/2012,1141.0,1160.0,1135.0,1155.0,1.23,7129.0,525.0,336.8
CHCL,12/24/2012,1155.0,1162.0,1150.0,1159.0,0.35,4872.0,525.0,336.8
CHCL,12/26/2012,1159.0,1170.0,1159.0,1161.0,0.17,6692.0,525.0,336.8
CHCL,12/27/2012,1161.0,1166.0,1150.0,1165.0,0.34,7566.0,525.0,336.8
CHCL,12/31/2012,1165.0,1160.0,1135.0,1145.0,-1.72,5060.0,525.0,336.8
CHCL,1/1/2013,1145.0,1155.0,1141.0,1150.0,0.44,7990.0,525.0,336.8
CHCL,1/2/2013,1150.0,1163.0,1140.0,1150.0,0.0,4354.0,525.0,336.8
CHCL,1/3/2013,1150.0,1154.0,1140.0,1154.0,0.35,4944.0,525.0,336.8
CHCL,1/6/2013,1154.0,1152.0,1135.0,1135.0,-1.65,4630.0,525.0,336.8
CHCL,1/7/2013,1135.0,1150.0,1125.0,1139.0,0.35,4254.0,525.0,336.8
CHCL,1/8/2013,1139.0,1141.0,1138.0,1138.0,-0.09,496.0,525.0,336.8
CHCL,1/9/2013,1138.0,1139.0,1118.0,1129.0,-0.79,2234.0,525.0,336.8
CHCL,1/10/2013,1129.0,1140.0,1121.0,1140.0,0.97,4852.0,525.0,336.8
CHCL,1/13/2013,1140.0,1142.0,1120.0,1130.0,-0.88,2520.0,525.0,336.8
CHCL,1/15/2013,1130.0,1128.0,1116.0,1121.0,-0.8,4641.0,525.0,336.8
CHCL,1/16/2013,1121.0,1126.0,1115.0,1116.0,-0.45,4810.0,525.0,336.8
CHCL,1/17/2013,1116.0,1117.0,1102.0,1108.0,-0.72,5522.0,525.0,336.8
CHCL,1/20/2013,1108.0,1120.0,1060.0,1081.0,-2.44,4082.0,525.0,336.8
CHCL,1/21/2013,1081.0,1117.0,1090.0,1106.0,2.31,3948.0,525.0,336.8
CHCL,1/22/2013,1106.0,1118.0,1102.0,1112.0,0.54,2670.0,525.0,336.8
CHCL,1/23/2013,1112.0,1116.0,1095.0,1095.0,-1.53,1718.0,525.0,336.8
CHCL,1/24/2013,1095.0,1099.0,1080.0,1083.0,-1.1,4288.0,525.0,336.8
CHCL,1/27/2013,1083.0,1104.0,1079.0,1079.0,-0.37,7448.0,525.0,336.8
CHCL,1/28/2013,1079.0,1085.0,1071.0,1085.0,0.56,3546.0,525.0,336.8
CHCL,1/30/2013,1085.0,1089.0,1069.0,1074.0,-1.01,2878.0,525.0,336.8
CHCL,1/31/2013,1074.0,1077.0,1050.0,1065.0,-0.84,13248.0,525.0,336.8
CHCL,2/3/2013,1065.0,1098.0,1060.0,1085.0,1.88,2280.0,525.0,336.8
CHCL,2/4/2013,1085.0,1090.0,1084.0,1088.0,0.28,1548.0,525.0,336.8
CHCL,2/5/2013,1088.0,1095.0,1080.0,1088.0,0.0,1548.0,525.0,336.8
CHCL,2/6/2013,1088.0,1090.0,1064.0,1085.0,-0.28,9328.0,525.0,336.8
CHCL,2/7/2013,1085.0,1080.0,1060.0,1070.0,-1.38,3145.0,525.0,336.8
CHCL,2/10/2013,1070.0,1085.0,1065.0,1085.0,1.4,1537.0,525.0,336.8
CHCL,2/12/2013,1085.0,1139.0,1085.0,1134.0,4.52,10178.0,525.0,336.8
CHCL,2/13/2013,1134.0,1125.0,1100.0,1118.0,-1.41,9089.0,525.0,336.8
CHCL,2/14/2013,1118.0,1142.0,1122.0,1127.0,0.81,6265.0,525.0,336.8
CHCL,2/17/2013,1127.0,1215.0,1149.0,1215.0,7.81,15472.0,525.0,336.8
CHCL,2/19/2013,1215.0,1300.0,1174.0,1190.0,-2.06,19611.0,525.0,336.8
CHCL,2/20/2013,1190.0,1173.0,1126.0,1170.0,-1.68,7956.0,525.0,336.8
CHCL,2/21/2013,1170.0,1199.0,1129.0,1175.0,0.43,3672.0,525.0,336.8
CHCL,2/24/2013,1175.0,1175.0,1140.0,1151.0,-2.04,5328.0,525.0,336.8
CHCL,2/25/2013,1151.0,1197.0,1160.0,1175.0,2.09,7910.0,525.0,336.8
CHCL,2/26/2013,1175.0,1197.0,1152.0,1179.0,0.34,7135.0,525.0,336.8
CHCL,2/27/2013,1179.0,1179.0,1145.0,1162.0,-1.44,1654.0,525.0,336.8
CHCL,2/28/2013,1162.0,1183.0,1157.0,1183.0,1.81,3196.0,525.0,336.8
CHCL,3/3/2013,1183.0,1183.0,1160.0,1180.0,-0.25,3762.0,525.0,336.8
CHCL,3/4/2013,1180.0,1180.0,1166.0,1174.0,-0.51,3203.0,525.0,336.8
CHCL,3/5/2013,1174.0,1175.0,1163.0,1168.0,-0.51,4297.0,525.0,336.8
CHCL,3/6/2013,1168.0,1185.0,1158.0,1185.0,1.46,5813.0,525.0,336.8
CHCL,3/7/2013,1185.0,1176.0,1162.0,1174.0,-0.93,4759.0,525.0,336.8
CHCL,3/11/2013,1174.0,1180.0,1161.0,1165.0,-0.77,9702.0,525.0,336.8
CHCL,3/13/2013,1165.0,1190.0,1173.0,1180.0,1.29,6469.0,525.0,336.8
CHCL,3/14/2013,1180.0,1227.0,1175.0,1186.0,0.51,6625.0,525.0,336.8
CHCL,3/17/2013,1186.0,1186.0,1165.0,1170.0,-1.35,5366.0,525.0,336.8
CHCL,3/18/2013,1170.0,1171.0,1151.0,1171.0,0.09,6741.0,525.0,336.8
CHCL,3/19/2013,1171.0,1175.0,1160.0,1166.0,-0.43,8405.0,525.0,336.8
CHCL,3/20/2013,1166.0,1173.0,1155.0,1160.0,-0.51,4089.0,525.0,336.8
CHCL,3/21/2013,1160.0,1164.0,1150.0,1160.0,0.0,5424.0,525.0,336.8
CHCL,3/24/2013,1160.0,1150.0,1120.0,1140.0,-1.72,5729.0,525.0,336.8
CHCL,3/25/2013,1140.0,1156.0,1130.0,1150.0,0.88,2207.0,525.0,336.8
CHCL,3/27/2013,1150.0,1162.0,1132.0,1133.0,-1.48,1962.0,525.0,336.8
CHCL,3/28/2013,1133.0,1152.0,1111.0,1149.0,1.41,3979.0,525.0,336.8
CHCL,3/31/2013,1149.0,1140.0,1116.0,1122.0,-2.35,5397.0,525.0,336.8
CHCL,4/1/2013,1122.0,1131.0,1100.0,1131.0,0.8,4138.0,525.0,336.8
CHCL,4/2/2013,1131.0,1158.0,1131.0,1157.0,2.3,4698.0,525.0,336.8
CHCL,4/3/2013,1157.0,1162.0,1141.0,1158.0,0.09,5128.0,525.0,336.8
CHCL,4/4/2013,1158.0,1155.0,1130.0,1150.0,-0.69,4844.0,525.0,336.8
CHCL,4/7/2013,1150.0,1155.0,1120.0,1155.0,0.43,1680.0,525.0,336.8
CHCL,4/8/2013,1155.0,1155.0,1147.0,1150.0,-0.43,3199.0,525.0,336.8
CHCL,4/9/2013,1150.0,1156.0,1146.0,1153.0,0.26,2800.0,525.0,336.8
CHCL,4/11/2013,1153.0,1163.0,1146.0,1153.0,0.0,3828.0,525.0,336.8
CHCL,4/15/2013,1153.0,1164.0,1151.0,1159.0,0.52,2898.0,525.0,336.8
CHCL,4/16/2013,1159.0,1163.0,1150.0,1155.0,-0.35,1660.0,525.0,336.8
CHCL,4/17/2013,1155.0,1155.0,1147.0,1147.0,-0.69,1200.0,525.0,336.8
CHCL,4/18/2013,1147.0,1151.0,1145.0,1151.0,0.35,1879.0,525.0,336.8
CHCL,4/21/2013,1151.0,1140.0,1120.0,1127.0,-2.09,28063.0,525.0,336.8
CHCL,4/22/2013,1127.0,1129.0,1118.0,1128.0,0.09,8094.0,525.0,336.8
CHCL,4/23/2013,1128.0,1151.0,1130.0,1150.0,1.95,3174.0,525.0,336.8
CHCL,4/25/2013,1150.0,1151.0,1133.0,1138.0,-1.04,825.0,525.0,336.8
CHCL,4/28/2013,1138.0,1139.0,1130.0,1130.0,-0.7,2107.0,525.0,336.8
CHCL,4/29/2013,1130.0,1132.0,1124.0,1131.0,0.09,3259.0,525.0,336.8
CHCL,4/30/2013,1131.0,1135.0,1129.0,1134.0,0.27,4710.0,525.0,336.8
CHCL,5/2/2013,1134.0,1142.0,1110.0,1114.0,-1.76,5468.0,525.0,336.8
CHCL,5/5/2013,1114.0,1115.0,1105.0,1107.0,-0.63,2016.0,525.0,336.8
CHCL,5/6/2013,1107.0,1100.0,1061.0,1097.0,-0.9,2125.0,525.0,336.8
CHCL,5/7/2013,1097.0,1123.0,1080.0,1123.0,2.37,2233.0,525.0,336.8
CHCL,5/8/2013,1123.0,1120.0,1101.0,1101.0,-1.96,2832.0,525.0,336.8
CHCL,5/9/2013,1101.0,1118.0,1081.0,1107.0,0.54,8322.0,525.0,336.8
CHCL,5/12/2013,1107.0,1105.0,1095.0,1097.0,-0.9,2338.0,525.0,336.8
CHCL,5/13/2013,1097.0,1104.0,1090.0,1101.0,0.36,1566.0,525.0,336.8
CHCL,5/14/2013,1101.0,1115.0,1080.0,1115.0,1.27,5675.0,525.0,336.8
CHCL,5/15/2013,1115.0,1123.0,1111.0,1123.0,0.72,3114.0,525.0,336.8
CHCL,5/16/2013,1123.0,1140.0,1128.0,1131.0,0.71,983.0,525.0,336.8
CHCL,5/19/2013,1131.0,1144.0,1130.0,1137.0,0.53,3823.0,525.0,336.8
CHCL,5/20/2013,1137.0,1142.0,1133.0,1137.0,0.0,3711.0,525.0,336.8
CHCL,5/21/2013,1137.0,1138.0,1132.0,1137.0,0.0,2082.0,525.0,336.8
CHCL,5/22/2013,1137.0,1145.0,1136.0,1145.0,0.7,14625.0,525.0,336.8
CHCL,5/23/2013,1145.0,1150.0,1140.0,1144.0,-0.09,6164.0,525.0,336.8
CHCL,5/26/2013,1144.0,1151.0,1124.0,1149.0,0.44,6380.0,525.0,336.8
CHCL,5/27/2013,1149.0,1151.0,1131.0,1151.0,0.17,2653.0,525.0,336.8
CHCL,5/28/2013,1151.0,1161.0,1138.0,1151.0,0.0,5854.0,525.0,336.8
CHCL,5/30/2013,1151.0,1165.0,1135.0,1151.0,0.0,6943.0,525.0,336.8
CHCL,6/2/2013,1151.0,1153.0,1148.0,1150.0,-0.09,2657.0,525.0,336.8
CHCL,6/3/2013,1150.0,1153.0,1145.0,1147.0,-0.26,2653.0,525.0,336.8
CHCL,6/4/2013,1147.0,1150.0,1139.0,1149.0,0.17,876.0,525.0,336.8
CHCL,6/5/2013,1149.0,1150.0,1140.0,1146.0,-0.26,2929.0,525.0,336.8
CHCL,6/6/2013,1146.0,1147.0,1140.0,1145.0,-0.09,3147.0,525.0,336.8
CHCL,6/9/2013,1145.0,1145.0,1139.0,1144.0,-0.09,1403.0,525.0,336.8
CHCL,6/10/2013,1144.0,1160.0,1140.0,1145.0,0.09,1916.0,525.0,336.8
CHCL,6/11/2013,1145.0,1149.0,1140.0,1149.0,0.35,3223.0,525.0,336.8
CHCL,6/12/2013,1149.0,1149.0,1140.0,1147.0,-0.17,1729.0,525.0,336.8
CHCL,6/13/2013,1147.0,1143.0,1130.0,1137.0,-0.87,2361.0,525.0,336.8
CHCL,6/16/2013,1137.0,1150.0,1138.0,1139.0,0.18,835.0,525.0,336.8
CHCL,6/17/2013,1139.0,1151.0,1126.0,1135.0,-0.35,1895.0,525.0,336.8
CHCL,6/18/2013,1135.0,1133.0,1115.0,1130.0,-0.44,1170.0,525.0,336.8
CHCL,6/19/2013,1130.0,1139.0,1130.0,1139.0,0.8,2543.0,525.0,336.8
CHCL,6/20/2013,1139.0,1144.0,1126.0,1130.0,-0.79,9331.0,525.0,336.8
CHCL,6/23/2013,1130.0,1135.0,1110.0,1125.0,-0.44,4240.0,525.0,336.8
CHCL,6/24/2013,1125.0,1147.0,1125.0,1130.0,0.44,4591.0,525.0,336.8
CHCL,6/25/2013,1130.0,1140.0,1116.0,1135.0,0.44,14512.0,525.0,336.8
CHCL,6/26/2013,1135.0,1141.0,1130.0,1134.0,-0.09,9508.0,525.0,336.8
CHCL,6/27/2013,1134.0,1135.0,1121.0,1130.0,-0.35,5239.0,525.0,336.8
CHCL,6/30/2013,1130.0,1131.0,1123.0,1126.0,-0.35,4096.0,525.0,336.8
CHCL,7/1/2013,1126.0,1131.0,1118.0,1130.0,0.36,25500.0,525.0,336.8
CHCL,7/2/2013,1130.0,1132.0,1123.0,1128.0,-0.18,3687.0,525.0,336.8
CHCL,7/3/2013,1128.0,1135.0,1125.0,1135.0,0.62,3437.0,525.0,336.8
CHCL,7/4/2013,1135.0,1136.0,1125.0,1136.0,0.09,7218.0,525.0,336.8
CHCL,7/7/2013,1136.0,1136.0,1128.0,1129.0,-0.62,8117.0,525.0,336.8
CHCL,7/8/2013,1129.0,1139.0,1126.0,1128.0,-0.09,23111.0,525.0,336.8
CHCL,7/9/2013,1128.0,1155.0,1128.0,1139.0,0.98,13272.0,525.0,336.8
CHCL,7/10/2013,1139.0,1175.0,1146.0,1160.0,1.84,8730.0,525.0,336.8
CHCL,7/11/2013,1160.0,1170.0,1155.0,1161.0,0.09,3209.0,525.0,336.8
CHCL,7/14/2013,1161.0,1204.0,1179.0,1193.0,2.76,8774.0,525.0,336.8
CHCL,7/15/2013,1193.0,1200.0,1180.0,1191.0,-0.17,3209.0,525.0,336.8
CHCL,7/16/2013,1191.0,1195.0,1175.0,1190.0,-0.08,2216.0,525.0,336.8
CHCL,7/17/2013,1190.0,1224.0,1190.0,1220.0,2.52,4418.0,525.0,336.8
CHCL,7/18/2013,1220.0,1275.0,1227.0,1270.0,4.1,18040.0,525.0,336.8
CHCL,7/21/2013,1270.0,1346.0,1270.0,1325.0,4.33,17185.0,525.0,336.8
CHCL,7/22/2013,1325.0,1330.0,1235.0,1297.0,-2.11,4790.0,525.0,336.8
CHCL,7/23/2013,1297.0,1322.0,1299.0,1307.0,0.77,6093.0,525.0,336.8
CHCL,7/24/2013,1307.0,1316.0,1301.0,1310.0,0.23,9877.0,525.0,336.8
CHCL,7/25/2013,1310.0,1311.0,1298.0,1307.0,-0.23,6581.0,525.0,336.8
CHCL,7/28/2013,1307.0,1335.0,1307.0,1335.0,2.14,11147.0,525.0,336.8
CHCL,7/29/2013,1335.0,1377.0,1310.0,1375.0,3.0,8123.0,525.0,336.8
CHCL,7/30/2013,1375.0,1431.0,1375.0,1420.0,3.27,9370.0,525.0,336.8
CHCL,7/31/2013,1420.0,1455.0,1419.0,1423.0,0.21,13227.0,525.0,336.8
CHCL,8/1/2013,1423.0,1428.0,1396.0,1409.0,-0.98,15692.0,525.0,336.8
CHCL,8/4/2013,1409.0,1415.0,1401.0,1415.0,0.43,5947.0,525.0,336.8
CHCL,8/5/2013,1415.0,1410.0,1385.0,1385.0,-2.12,6825.0,525.0,336.8
CHCL,8/6/2013,1385.0,1407.0,1352.0,1405.0,1.44,7233.0,525.0,336.8
CHCL,8/7/2013,1405.0,1414.0,1392.0,1395.0,-0.71,5985.0,525.0,336.8
CHCL,8/8/2013,1395.0,1402.0,1390.0,1400.0,0.36,3503.0,525.0,336.8
CHCL,8/11/2013,1400.0,1398.0,1385.0,1398.0,-0.14,5190.0,525.0,336.8
CHCL,8/12/2013,1398.0,1404.0,1387.0,1394.0,-0.29,5936.0,525.0,336.8
CHCL,8/13/2013,1394.0,1400.0,1375.0,1399.0,0.36,4670.0,525.0,336.8
CHCL,8/14/2013,1399.0,1408.0,1395.0,1398.0,-0.07,6808.0,525.0,336.8
CHCL,8/15/2013,1398.0,1400.0,1386.0,1395.0,-0.21,7801.0,525.0,336.8
CHCL,8/18/2013,1395.0,1406.0,1396.0,1400.0,0.36,7054.0,525.0,336.8
CHCL,8/19/2013,1400.0,1409.0,1398.0,1408.0,0.57,8188.0,525.0,336.8
CHCL,8/20/2013,1408.0,1435.0,1415.0,1425.0,1.21,3218.0,525.0,336.8
CHCL,8/25/2013,1425.0,1425.0,1415.0,1421.0,-0.28,7800.0,525.0,336.8
CHCL,8/26/2013,1421.0,1441.0,1422.0,1441.0,1.41,8374.0,525.0,336.8
CHCL,8/27/2013,1441.0,1475.0,1440.0,1467.0,1.8,13960.0,525.0,336.8
CHCL,8/29/2013,1467.0,1575.0,1480.0,1554.0,5.93,25322.0,525.0,336.8
CHCL,9/1/2013,1554.0,1600.0,1549.0,1570.0,1.03,27314.0,525.0,336.8
CHCL,9/2/2013,1570.0,1583.0,1541.0,1541.0,-1.85,8132.0,525.0,336.8
CHCL,9/3/2013,1541.0,1550.0,1515.0,1524.0,-1.1,7146.0,525.0,336.8
CHCL,9/4/2013,1524.0,1524.0,1495.0,1509.0,-0.98,6016.0,525.0,336.8
CHCL,9/5/2013,1509.0,1512.0,1486.0,1512.0,0.2,7102.0,525.0,336.8
CHCL,9/8/2013,1512.0,1600.0,1521.0,1570.0,3.84,38505.0,525.0,336.8
CHCL,9/9/2013,1570.0,1600.0,1570.0,1586.0,1.02,19800.0,525.0,336.8
CHCL,9/10/2013,1586.0,1588.0,1550.0,1565.0,-1.32,26380.0,525.0,336.8
CHCL,9/11/2013,1565.0,1586.0,1561.0,1580.0,0.96,27055.0,525.0,336.8
CHCL,9/12/2013,1580.0,1628.0,1575.0,1595.0,0.95,51479.0,525.0,336.8
CHCL,9/16/2013,1227.0,1310.0,1217.0,1290.0,-19.12,5384.0,525.0,336.8
CHCL,9/17/2013,1290.0,1289.0,1235.0,1246.0,-3.41,3419.0,525.0,336.8
CHCL,9/19/2013,1246.0,1245.0,1210.0,1210.0,-2.89,2715.0,525.0,336.8
CHCL,9/22/2013,1210.0,1205.0,1175.0,1176.0,-2.81,9719.0,525.0,336.8
CHCL,9/23/2013,1176.0,1170.0,1154.0,1160.0,-1.36,4505.0,525.0,336.8
CHCL,9/24/2013,1160.0,1180.0,1154.0,1175.0,1.29,3971.0,525.0,336.8
CHCL,9/25/2013,1175.0,1218.0,1175.0,1218.0,3.66,2356.0,525.0,336.8
CHCL,9/26/2013,1218.0,1223.0,1200.0,1223.0,0.41,2917.0,525.0,336.8
CHCL,9/29/2013,1223.0,1230.0,1210.0,1221.0,-0.16,5688.0,525.0,336.8
CHCL,9/30/2013,1221.0,1231.0,1223.0,1228.0,0.57,3288.0,525.0,336.8
CHCL,10/1/2013,1228.0,1239.0,1225.0,1230.0,0.16,5489.0,525.0,336.8
CHCL,10/2/2013,1230.0,1233.0,1225.0,1231.0,0.08,4502.0,525.0,336.8
CHCL,10/3/2013,1231.0,1230.0,1225.0,1228.0,-0.24,6529.0,525.0,336.8
CHCL,10/6/2013,1228.0,1234.0,1205.0,1225.0,-0.24,2698.0,525.0,336.8
CHCL,10/7/2013,1225.0,1230.0,1224.0,1226.0,0.08,4212.0,525.0,336.8
CHCL,10/8/2013,1226.0,1235.0,1228.0,1235.0,0.73,3970.0,525.0,336.8
CHCL,10/9/2013,1235.0,1253.0,1240.0,1253.0,1.46,1846.0,525.0,336.8
CHCL,10/10/2013,1253.0,1260.0,1246.0,1250.0,-0.24,3933.0,525.0,336.8
CHCL,10/17/2013,1250.0,1270.0,1255.0,1260.0,0.8,3514.0,525.0,336.8
CHCL,10/20/2013,1260.0,1326.0,1240.0,1320.0,4.76,5580.0,525.0,336.8
CHCL,10/21/2013,1320.0,1371.0,1346.0,1358.0,2.88,7784.0,525.0,336.8
CHCL,10/22/2013,1358.0,1359.0,1339.0,1340.0,-1.33,4726.0,525.0,336.8
CHCL,10/23/2013,1340.0,1340.0,1325.0,1328.0,-0.9,2515.0,525.0,336.8
CHCL,10/24/2013,1328.0,1323.0,1310.0,1311.0,-1.28,4253.0,525.0,336.8
CHCL,10/27/2013,1311.0,1311.0,1274.0,1285.0,-1.98,6224.0,525.0,336.8
CHCL,10/28/2013,1285.0,1286.0,1274.0,1283.0,-0.16,4971.0,525.0,336.8
CHCL,10/29/2013,1283.0,1283.0,1270.0,1273.0,-0.78,3962.0,525.0,336.8
CHCL,10/30/2013,1273.0,1285.0,1270.0,1274.0,0.08,6686.0,525.0,336.8
CHCL,10/31/2013,1274.0,1280.0,1268.0,1270.0,-0.31,2920.0,525.0,336.8
CHCL,11/6/2013,1270.0,1288.0,1272.0,1272.0,0.16,1212.0,525.0,336.8
CHCL,11/7/2013,1272.0,1280.0,1272.0,1275.0,0.24,6500.0,525.0,336.8
CHCL,11/11/2013,1270.0,1290.0,1270.0,1290.0,1.18,8525.0,525.0,336.8
CHCL,11/12/2013,1290.0,1341.0,1310.0,1340.0,3.88,7491.0,525.0,336.8
CHCL,11/13/2013,1340.0,1345.0,1314.0,1325.0,-1.12,9800.0,525.0,336.8
CHCL,11/14/2013,1325.0,1326.0,1315.0,1320.0,-0.38,7961.0,525.0,336.8
CHCL,11/21/2013,1320.0,1399.0,1346.0,1399.0,5.98,34.0,525.0,336.8
CHCL,11/24/2013,1399.0,1538.0,1426.0,1510.0,7.93,11753.0,525.0,336.8
CHCL,11/25/2013,1510.0,1540.0,1460.0,1475.0,-2.32,8896.0,525.0,336.8
CHCL,11/26/2013,1475.0,1521.0,1475.0,1475.0,0.0,8955.0,525.0,336.8
CHCL,11/27/2013,1475.0,1490.0,1450.0,1475.0,0.0,2548.0,525.0,336.8
CHCL,11/28/2013,1475.0,1470.0,1450.0,1465.0,-0.68,6521.0,525.0,336.8
CHCL,12/1/2013,1465.0,1460.0,1440.0,1452.0,-0.89,12245.0,525.0,336.8
CHCL,12/2/2013,1452.0,1475.0,1450.0,1457.0,0.34,11694.0,525.0,336.8
CHCL,12/3/2013,1457.0,1480.0,1465.0,1480.0,1.58,14017.0,525.0,336.8
CHCL,12/4/2013,1480.0,1535.0,1461.0,1515.0,2.36,24430.0,525.0,336.8
CHCL,12/5/2013,1515.0,1610.0,1505.0,1507.0,-0.53,11681.0,525.0,336.8
CHCL,12/8/2013,1507.0,1541.0,1485.0,1505.0,-0.13,10320.0,525.0,336.8
CHCL,12/9/2013,1505.0,1520.0,1490.0,1500.0,-0.33,2843.0,525.0,336.8
CHCL,12/10/2013,1500.0,1500.0,1475.0,1487.0,-0.87,2460.0,525.0,336.8
CHCL,12/11/2013,1487.0,1515.0,1475.0,1475.0,-0.81,5936.0,525.0,336.8
CHCL,12/12/2013,1475.0,1502.0,1490.0,1500.0,1.69,3087.0,525.0,336.8
CHCL,12/15/2013,1500.0,1529.0,1490.0,1510.0,0.67,13063.0,525.0,336.8
CHCL,12/16/2013,1510.0,1591.0,1525.0,1579.0,4.57,2136.0,525.0,336.8
CHCL,12/18/2013,1579.0,1665.0,1570.0,1633.0,3.42,4793.0,525.0,336.8
CHCL,12/19/2013,1633.0,1645.0,1550.0,1630.0,-0.18,17518.0,525.0,336.8
CHCL,12/22/2013,1630.0,1630.0,1600.0,1600.0,-1.84,14488.0,525.0,336.8
CHCL,12/23/2013,1600.0,1600.0,1560.0,1580.0,-1.25,5526.0,525.0,336.8
CHCL,12/24/2013,1580.0,1611.0,1535.0,1583.0,0.19,8149.0,525.0,336.8
CHCL,12/26/2013,1583.0,1637.0,1590.0,1595.0,0.76,8969.0,525.0,336.8
CHCL,12/29/2013,1595.0,1600.0,1560.0,1586.0,-0.56,8642.0,525.0,336.8
CHCL,12/31/2013,1586.0,1590.0,1520.0,1534.0,-3.28,6341.0,525.0,336.8
CHCL,1/1/2014,1534.0,1515.0,1455.0,1469.0,-4.24,11201.0,525.0,336.8
CHCL,1/2/2014,1469.0,1505.0,1435.0,1489.0,1.36,13559.0,525.0,336.8
CHCL,1/5/2014,1489.0,1500.0,1465.0,1470.0,-1.28,13051.0,525.0,336.8
CHCL,1/6/2014,1470.0,1475.0,1456.0,1475.0,0.34,5202.0,525.0,336.8
CHCL,1/7/2014,1475.0,1481.0,1449.0,1481.0,0.41,4780.0,525.0,336.8
CHCL,1/8/2014,1481.0,1498.0,1475.0,1489.0,0.54,9242.0,525.0,336.8
CHCL,1/9/2014,1489.0,1497.0,1470.0,1487.0,-0.13,15786.0,525.0,336.8
CHCL,1/12/2014,1487.0,1516.0,1480.0,1506.0,1.28,8672.0,525.0,336.8
CHCL,1/13/2014,1506.0,1530.0,1500.0,1500.0,-0.4,12696.0,525.0,336.8
CHCL,1/14/2014,1500.0,1530.0,1500.0,1511.0,0.73,6395.0,525.0,336.8
CHCL,1/16/2014,1511.0,1550.0,1515.0,1535.0,1.59,9152.0,525.0,336.8
CHCL,1/19/2014,1535.0,1535.0,1507.0,1530.0,-0.33,8696.0,525.0,336.8
CHCL,1/20/2014,1530.0,1534.0,1510.0,1534.0,0.26,4935.0,525.0,336.8
CHCL,1/21/2014,1534.0,1520.0,1500.0,1501.0,-2.15,6582.0,525.0,336.8
CHCL,1/22/2014,1501.0,1511.0,1490.0,1500.0,-0.07,14000.0,525.0,336.8
CHCL,1/23/2014,1500.0,1502.0,1500.0,1501.0,0.07,5113.0,525.0,336.8
CHCL,1/26/2014,1501.0,1520.0,1500.0,1515.0,0.93,7787.0,525.0,336.8
CHCL,1/27/2014,1515.0,1524.0,1486.0,1510.0,-0.33,4637.0,525.0,336.8
CHCL,1/28/2014,1510.0,1530.0,1500.0,1530.0,1.32,8799.0,525.0,336.8
CHCL,1/29/2014,1530.0,1514.0,1491.0,1506.0,-1.57,9139.0,525.0,336.8
CHCL,2/2/2014,1506.0,1510.0,1499.0,1503.0,-0.2,5263.0,525.0,336.8
CHCL,2/3/2014,1503.0,1502.0,1486.0,1499.0,-0.27,6516.0,525.0,336.8
CHCL,2/4/2014,1499.0,1503.0,1480.0,1492.0,-0.47,6889.0,525.0,336.8
CHCL,2/6/2014,1495.0,1509.0,1500.0,1509.0,1.14,4660.0,525.0,336.8
CHCL,2/9/2014,1509.0,1508.0,1500.0,1505.0,-0.27,8417.0,525.0,336.8
CHCL,2/10/2014,1505.0,1616.0,1535.0,1560.0,3.65,13732.0,525.0,336.8
CHCL,2/11/2014,1560.0,1559.0,1521.0,1550.0,-0.64,8059.0,525.0,336.8
CHCL,2/12/2014,1550.0,1560.0,1535.0,1551.0,0.06,7657.0,525.0,336.8
CHCL,2/13/2014,1551.0,1574.0,1540.0,1560.0,0.58,9500.0,525.0,336.8
CHCL,2/16/2014,1560.0,1570.0,1535.0,1549.0,-0.71,6474.0,525.0,336.8
CHCL,2/17/2014,1549.0,1559.0,1525.0,1550.0,0.06,9975.0,525.0,336.8
CHCL,2/18/2014,1550.0,1560.0,1536.0,1559.0,0.58,11868.0,525.0,336.8
CHCL,2/20/2014,1559.0,1603.0,1530.0,1600.0,2.63,11275.0,525.0,336.8
CHCL,2/23/2014,1600.0,1713.0,1602.0,1700.0,6.25,26476.0,525.0,336.8
CHCL,2/24/2014,1700.0,1800.0,1711.0,1760.0,3.53,29225.0,525.0,336.8
CHCL,2/25/2014,1760.0,1785.0,1672.0,1760.0,0.0,23472.0,525.0,336.8
CHCL,2/26/2014,1760.0,1800.0,1735.0,1760.0,0.0,19764.0,525.0,336.8
CHCL,3/3/2014,1760.0,1760.0,1675.0,1675.0,-4.83,15363.0,525.0,336.8
CHCL,3/4/2014,1675.0,1693.0,1633.0,1693.0,1.07,13748.0,525.0,336.8
CHCL,3/5/2014,1693.0,1725.0,1680.0,1720.0,1.59,16767.0,525.0,336.8
CHCL,3/6/2014,1720.0,1723.0,1688.0,1699.0,-1.22,11001.0,525.0,336.8
CHCL,3/9/2014,1699.0,1695.0,1661.0,1680.0,-1.12,10352.0,525.0,336.8
CHCL,3/10/2014,1680.0,1690.0,1645.0,1680.0,0.0,20668.0,525.0,336.8
CHCL,3/11/2014,1680.0,1680.0,1640.0,1675.0,-0.3,9871.0,525.0,336.8
CHCL,3/12/2014,1675.0,1675.0,1642.0,1670.0,-0.3,8700.0,525.0,336.8
CHCL,3/13/2014,1670.0,1685.0,1650.0,1668.0,-0.12,9782.0,525.0,336.8
CHCL,3/17/2014,1668.0,1650.0,1620.0,1635.0,-1.98,10862.0,525.0,336.8
CHCL,3/18/2014,1635.0,1620.0,1600.0,1609.0,-1.59,14253.0,525.0,336.8
CHCL,3/19/2014,1609.0,1645.0,1600.0,1612.0,0.19,26440.0,525.0,336.8
CHCL,3/20/2014,1612.0,1690.0,1615.0,1670.0,3.6,10288.0,525.0,336.8
CHCL,3/23/2014,1670.0,1680.0,1630.0,1670.0,0.0,33041.0,525.0,336.8
CHCL,3/24/2014,1670.0,1700.0,1640.0,1698.0,1.68,9487.0,525.0,336.8
CHCL,3/25/2014,1698.0,1715.0,1680.0,1711.0,0.77,18022.0,525.0,336.8
CHCL,3/26/2014,1711.0,1730.0,1677.0,1730.0,1.11,20032.0,525.0,336.8
CHCL,3/27/2014,1730.0,1778.0,1700.0,1765.0,2.02,33137.0,525.0,336.8
CHCL,3/31/2014,1730.0,1825.0,1730.0,1800.0,1.98,37259.0,525.0,336.8
CHCL,4/1/2014,1800.0,1865.0,1800.0,1860.0,3.33,36649.0,525.0,336.8
CHCL,4/2/2014,1860.0,1906.0,1845.0,1900.0,2.15,48087.0,525.0,336.8
CHCL,4/3/2014,1900.0,1955.0,1875.0,1880.0,-1.05,39116.0,525.0,336.8
CHCL,4/6/2014,1880.0,1900.0,1840.0,1850.0,-1.6,16809.0,525.0,336.8
CHCL,4/7/2014,1850.0,1865.0,1801.0,1865.0,0.81,24569.0,525.0,336.8
CHCL,4/9/2014,1865.0,1900.0,1828.0,1890.0,1.34,12153.0,525.0,336.8
CHCL,4/10/2014,1890.0,1908.0,1891.0,1899.0,0.48,25822.0,525.0,336.8
CHCL,4/13/2014,1899.0,1940.0,1860.0,1930.0,1.63,17411.0,525.0,336.8
CHCL,4/15/2014,1930.0,1960.0,1910.0,1943.0,0.67,16059.0,525.0,336.8
CHCL,4/16/2014,1943.0,1954.0,1932.0,1940.0,-0.15,17166.0,525.0,336.8
CHCL,4/17/2014,1940.0,1940.0,1900.0,1934.0,-0.31,11871.0,525.0,336.8
CHCL,4/20/2014,1934.0,1950.0,1900.0,1915.0,-0.98,16372.0,525.0,336.8
CHCL,4/21/2014,1915.0,1906.0,1882.0,1889.0,-1.36,13653.0,525.0,336.8
CHCL,4/22/2014,1889.0,1899.0,1850.0,1895.0,0.32,15189.0,525.0,336.8
CHCL,4/23/2014,1895.0,1901.0,1885.0,1890.0,-0.26,11103.0,525.0,336.8
CHCL,4/27/2014,1890.0,1900.0,1877.0,1890.0,0.0,15943.0,525.0,336.8
CHCL,4/28/2014,1890.0,1900.0,1882.0,1885.0,-0.26,14963.0,525.0,336.8
CHCL,4/29/2014,1885.0,1890.0,1879.0,1888.0,0.16,9921.0,525.0,336.8
CHCL,4/30/2014,1888.0,1901.0,1870.0,1870.0,-0.95,9034.0,525.0,336.8
CHCL,5/4/2014,1870.0,1899.0,1860.0,1887.0,0.91,17225.0,525.0,336.8
CHCL,5/5/2014,1887.0,1902.0,1865.0,1890.0,0.16,18084.0,525.0,336.8
CHCL,5/6/2014,1890.0,1920.0,1890.0,1906.0,0.85,20240.0,525.0,336.8
CHCL,5/7/2014,1906.0,1920.0,1900.0,1912.0,0.31,23531.0,525.0,336.8
CHCL,5/8/2014,1912.0,1940.0,1875.0,1940.0,1.46,14890.0,525.0,336.8
CHCL,5/11/2014,1940.0,1930.0,1900.0,1911.0,-1.49,15774.0,525.0,336.8
CHCL,5/12/2014,1911.0,1917.0,1905.0,1910.0,-0.05,11081.0,525.0,336.8
CHCL,5/13/2014,1910.0,1924.0,1902.0,1913.0,0.16,13546.0,525.0,336.8
CHCL,5/15/2014,1913.0,1932.0,1915.0,1925.0,0.63,13330.0,525.0,336.8
CHCL,5/18/2014,1925.0,1954.0,1920.0,1945.0,1.04,34393.0,525.0,336.8
CHCL,5/19/2014,1945.0,1965.0,1936.0,1960.0,0.77,15397.0,525.0,336.8
CHCL,5/20/2014,1960.0,2000.0,1945.0,2000.0,2.04,15163.0,525.0,336.8
CHCL,5/21/2014,2000.0,2020.0,1985.0,2020.0,1.0,30883.0,525.0,336.8
CHCL,5/22/2014,2020.0,2101.0,1980.0,2098.0,3.86,32465.0,525.0,336.8
CHCL,5/25/2014,2098.0,2259.0,2100.0,2235.0,6.53,34142.0,525.0,336.8
CHCL,5/26/2014,2235.0,2215.0,2175.0,2185.0,-2.24,30386.0,525.0,336.8
CHCL,5/27/2014,2185.0,2205.0,2125.0,2205.0,0.92,22580.0,525.0,336.8
CHCL,5/28/2014,2205.0,2315.0,2185.0,2290.0,3.85,28691.0,525.0,336.8
CHCL,6/1/2014,2290.0,2440.0,2290.0,2399.0,4.76,35855.0,525.0,336.8
CHCL,6/2/2014,2399.0,2458.0,2390.0,2395.0,-0.17,30441.0,525.0,336.8
CHCL,6/3/2014,2395.0,2400.0,2306.0,2370.0,-1.04,26131.0,525.0,336.8
CHCL,6/4/2014,2370.0,2370.0,2330.0,2345.0,-1.05,13875.0,525.0,336.8
CHCL,6/5/2014,2345.0,2350.0,2285.0,2320.0,-1.07,15013.0,525.0,336.8
CHCL,6/8/2014,2320.0,2337.0,2290.0,2329.0,0.39,17972.0,525.0,336.8
CHCL,6/9/2014,2329.0,2351.0,2320.0,2343.0,0.6,14751.0,525.0,336.8
CHCL,6/10/2014,2343.0,2410.0,2335.0,2400.0,2.43,17387.0,525.0,336.8
CHCL,6/11/2014,2400.0,2430.0,2370.0,2370.0,-1.25,17338.0,525.0,336.8
CHCL,6/12/2014,2370.0,2405.0,2365.0,2380.0,0.42,9312.0,525.0,336.8
CHCL,6/15/2014,2380.0,2405.0,2375.0,2382.0,0.08,11027.0,525.0,336.8
CHCL,6/16/2014,2382.0,2400.0,2300.0,2377.0,-0.21,12910.0,525.0,336.8
CHCL,6/17/2014,2377.0,2400.0,2323.0,2375.0,-0.08,13538.0,525.0,336.8
CHCL,6/18/2014,2375.0,2395.0,2361.0,2375.0,0.0,16096.0,525.0,336.8
CHCL,6/19/2014,2375.0,2374.0,2350.0,2360.0,-0.63,10424.0,525.0,336.8
CHCL,6/23/2014,2360.0,2355.0,2300.0,2335.0,-1.06,9341.0,525.0,336.8
CHCL,6/24/2014,2335.0,2365.0,2338.0,2356.0,0.9,22329.0,525.0,336.8
CHCL,6/25/2014,2356.0,2388.0,2355.0,2380.0,1.02,16339.0,525.0,336.8
CHCL,6/26/2014,2380.0,2407.0,2368.0,2398.0,0.76,16829.0,525.0,336.8
CHCL,6/29/2014,2398.0,2458.0,2352.0,2450.0,2.17,23105.0,525.0,336.8
CHCL,6/30/2014,2450.0,2499.0,2437.0,2491.0,1.67,13698.0,525.0,336.8
CHCL,7/1/2014,2491.0,2569.0,2500.0,2560.0,2.77,31054.0,525.0,336.8
CHCL,7/2/2014,2560.0,2695.0,2560.0,2660.0,3.91,21985.0,525.0,336.8
CHCL,7/3/2014,2660.0,2705.0,2605.0,2642.0,-0.68,25767.0,525.0,336.8
CHCL,7/6/2014,2642.0,2660.0,2620.0,2640.0,-0.08,16560.0,525.0,336.8
CHCL,7/7/2014,2640.0,2690.0,2650.0,2661.0,0.8,12516.0,525.0,336.8
CHCL,7/8/2014,2661.0,2700.0,2665.0,2680.0,0.71,23598.0,525.0,336.8
CHCL,7/9/2014,2680.0,2681.0,2645.0,2670.0,-0.37,12595.0,525.0,336.8
CHCL,7/10/2014,2670.0,2671.0,2650.0,2655.0,-0.56,14997.0,525.0,336.8
CHCL,7/13/2014,2655.0,2725.0,2650.0,2680.0,0.94,16776.0,525.0,336.8
CHCL,7/14/2014,2680.0,2695.0,2640.0,2655.0,-0.93,23217.0,525.0,336.8
CHCL,7/15/2014,2655.0,2717.0,2620.0,2700.0,1.69,43854.0,525.0,336.8
CHCL,7/16/2014,2700.0,2760.0,2650.0,2736.0,1.33,17046.0,525.0,336.8
CHCL,7/17/2014,2736.0,2760.0,2700.0,2738.0,0.07,36051.0,525.0,336.8
CHCL,7/20/2014,2738.0,2758.0,2610.0,2742.0,0.15,31542.0,525.0,336.8
CHCL,7/21/2014,2742.0,2794.0,2720.0,2739.0,-0.11,10386.0,525.0,336.8
CHCL,7/22/2014,2739.0,2740.0,2700.0,2730.0,-0.33,14532.0,525.0,336.8
CHCL,7/23/2014,2730.0,2735.0,2691.0,2700.0,-1.1,14997.0,525.0,336.8
CHCL,7/24/2014,2700.0,2690.0,2635.0,2650.0,-1.85,24293.0,525.0,336.8
CHCL,7/27/2014,2650.0,2640.0,2560.0,2590.0,-2.26,20731.0,525.0,336.8
CHCL,7/28/2014,2590.0,2598.0,2555.0,2597.0,0.27,12034.0,525.0,336.8
CHCL,7/30/2014,2597.0,2630.0,2581.0,2617.0,0.77,18898.0,525.0,336.8
CHCL,7/31/2014,2617.0,2694.0,2617.0,2685.0,2.6,15395.0,525.0,336.8
CHCL,8/3/2014,2685.0,2699.0,2601.0,2635.0,-1.86,10276.0,525.0,336.8
CHCL,8/4/2014,2635.0,2635.0,2572.0,2603.0,-1.21,5823.0,525.0,336.8
CHCL,8/5/2014,2603.0,2626.0,2600.0,2615.0,0.46,12932.0,525.0,336.8
CHCL,8/6/2014,2615.0,2612.0,2580.0,2586.0,-1.11,13744.0,525.0,336.8
CHCL,8/7/2014,2586.0,2598.0,2545.0,2582.0,-0.15,15943.0,525.0,336.8
CHCL,8/12/2014,2582.0,2560.0,2510.0,2540.0,-1.63,12332.0,525.0,336.8
CHCL,8/13/2014,2540.0,2590.0,2488.0,2560.0,0.79,18722.0,525.0,336.8
CHCL,8/14/2014,2560.0,2549.0,2510.0,2530.0,-1.17,12542.0,525.0,336.8
CHCL,8/18/2014,2530.0,2510.0,2435.0,2445.0,-3.36,21741.0,525.0,336.8
CHCL,8/19/2014,2445.0,2493.0,2400.0,2454.0,0.37,19233.0,525.0,336.8
CHCL,8/20/2014,2454.0,2449.0,2343.0,2394.0,-2.44,23940.0,525.0,336.8
CHCL,8/21/2014,2394.0,2347.0,2155.0,2250.0,-6.02,60888.0,525.0,336.8
CHCL,8/24/2014,2250.0,2290.0,2200.0,2200.0,-2.22,21942.0,525.0,336.8
CHCL,8/25/2014,2200.0,2160.0,2010.0,2061.0,-6.32,39519.0,525.0,336.8
CHCL,8/26/2014,2061.0,2267.0,2052.0,2137.0,3.69,27592.0,525.0,336.8
CHCL,8/27/2014,2137.0,2350.0,2137.0,2349.0,9.92,30371.0,525.0,336.8
CHCL,8/28/2014,2349.0,2492.0,2340.0,2433.0,3.58,24506.0,525.0,336.8
CHCL,8/31/2014,2433.0,2448.0,2258.0,2319.0,-4.69,16368.0,525.0,336.8
CHCL,9/1/2014,2319.0,2305.0,2180.0,2305.0,-0.6,21413.0,525.0,336.8
CHCL,9/3/2014,2305.0,2306.0,2230.0,2254.0,-2.21,6513.0,525.0,336.8
CHCL,9/4/2014,2254.0,2245.0,2128.0,2230.0,-1.06,12656.0,525.0,336.8
CHCL,9/7/2014,2230.0,2240.0,2045.0,2071.0,-7.13,17860.0,525.0,336.8
CHCL,9/9/2014,2071.0,2274.0,2085.0,2274.0,9.8,25835.0,525.0,336.8
CHCL,9/10/2014,2274.0,2305.0,2130.0,2170.0,-4.57,14635.0,525.0,336.8
CHCL,9/11/2014,2170.0,2198.0,2070.0,2165.0,-0.23,12028.0,525.0,336.8
CHCL,9/14/2014,2165.0,2180.0,2075.0,2130.0,-1.62,20062.0,525.0,336.8
CHCL,9/15/2014,2130.0,2145.0,2100.0,2135.0,0.23,10618.0,525.0,336.8
CHCL,9/16/2014,2135.0,2135.0,2090.0,2095.0,-1.87,9547.0,525.0,336.8
CHCL,9/17/2014,2095.0,2109.0,2070.0,2080.0,-0.72,9187.0,525.0,336.8
CHCL,9/18/2014,2080.0,2080.0,2001.0,2054.0,-1.25,17957.0,525.0,336.8
CHCL,9/21/2014,2054.0,2049.0,1971.0,2000.0,-2.63,23464.0,525.0,336.8
CHCL,9/22/2014,2000.0,2143.0,1990.0,2143.0,7.15,49134.0,525.0,336.8
CHCL,9/23/2014,1786.0,1821.0,1720.0,1740.0,-18.81,4459.0,525.0,336.8
CHCL,9/24/2014,1740.0,1755.0,1740.0,1750.0,0.57,3639.0,525.0,336.8
CHCL,9/28/2014,1750.0,1814.0,1750.0,1814.0,3.66,2307.0,525.0,336.8
CHCL,9/29/2014,1814.0,1957.0,1775.0,1957.0,7.88,5196.0,525.0,336.8
CHCL,9/30/2014,1957.0,1930.0,1872.0,1890.0,-3.42,4908.0,525.0,336.8
CHCL,10/8/2014,1890.0,1860.0,1799.0,1799.0,-4.81,2278.0,525.0,336.8
CHCL,10/9/2014,1799.0,1865.0,1780.0,1830.0,1.72,2790.0,525.0,336.8
CHCL,10/12/2014,1830.0,1850.0,1782.0,1820.0,-0.55,8325.0,525.0,336.8
CHCL,10/13/2014,1820.0,1805.0,1766.0,1800.0,-1.1,1319.0,525.0,336.8
CHCL,10/14/2014,1800.0,1799.0,1765.0,1791.0,-0.5,2301.0,525.0,336.8
CHCL,10/15/2014,1791.0,1800.0,1776.0,1780.0,-0.61,2094.0,525.0,336.8
CHCL,10/16/2014,1780.0,1815.0,1785.0,1799.0,1.07,4600.0,525.0,336.8
CHCL,10/19/2014,1799.0,1822.0,1799.0,1815.0,0.89,5587.0,525.0,336.8
CHCL,10/20/2014,1815.0,1825.0,1800.0,1811.0,-0.22,2568.0,525.0,336.8
CHCL,10/21/2014,1811.0,1847.0,1785.0,1798.0,-0.72,6154.0,525.0,336.8
CHCL,10/22/2014,1798.0,1801.0,1775.0,1797.0,-0.06,2475.0,525.0,336.8
CHCL,10/26/2014,1797.0,1790.0,1785.0,1790.0,-0.39,696.0,525.0,336.8
CHCL,10/27/2014,1790.0,1800.0,1775.0,1780.0,-0.56,3552.0,525.0,336.8
CHCL,10/28/2014,1780.0,1789.0,1750.0,1753.0,-1.52,2826.0,525.0,336.8
CHCL,10/30/2014,1753.0,1754.0,1700.0,1700.0,-3.02,10432.0,525.0,336.8
CHCL,11/2/2014,1700.0,1699.0,1622.0,1650.0,-2.94,16641.0,525.0,336.8
CHCL,11/3/2014,1650.0,1683.0,1625.0,1638.0,-0.73,11686.0,525.0,336.8
CHCL,11/4/2014,1638.0,1625.0,1600.0,1620.0,-1.1,11943.0,525.0,336.8
CHCL,11/5/2014,1620.0,1645.0,1600.0,1645.0,1.54,7928.0,525.0,336.8
CHCL,11/6/2014,1645.0,1670.0,1621.0,1651.0,0.36,7747.0,525.0,336.8
CHCL,11/9/2014,1651.0,1651.0,1615.0,1625.0,-1.57,9213.0,525.0,336.8
CHCL,11/10/2014,1625.0,1624.0,1590.0,1599.0,-1.6,10518.0,525.0,336.8
CHCL,11/11/2014,1599.0,1615.0,1550.0,1600.0,0.06,13103.0,525.0,336.8
CHCL,11/12/2014,1600.0,1614.0,1571.0,1578.0,-1.38,7880.0,525.0,336.8
CHCL,11/13/2014,1578.0,1580.0,1550.0,1554.0,-1.52,10094.0,525.0,336.8
CHCL,11/16/2014,1554.0,1563.0,1540.0,1540.0,-0.9,6697.0,525.0,336.8
CHCL,11/17/2014,1540.0,1540.0,1475.0,1482.0,-3.77,15256.0,525.0,336.8
CHCL,11/18/2014,1482.0,1500.0,1390.0,1430.0,-3.51,19072.0,525.0,336.8
CHCL,11/19/2014,1430.0,1485.0,1432.0,1480.0,3.5,13333.0,525.0,336.8
CHCL,11/20/2014,1480.0,1535.0,1495.0,1515.0,2.36,16736.0,525.0,336.8
CHCL,11/23/2014,1515.0,1600.0,1510.0,1590.0,4.95,15235.0,525.0,336.8
CHCL,11/24/2014,1590.0,1587.0,1565.0,1570.0,-1.26,7812.0,525.0,336.8
CHCL,11/25/2014,1570.0,1560.0,1507.0,1550.0,-1.27,6216.0,525.0,336.8
CHCL,11/30/2014,1550.0,1551.0,1502.0,1524.0,-1.68,5799.0,525.0,336.8
CHCL,12/1/2014,1524.0,1541.0,1516.0,1525.0,0.07,5443.0,525.0,336.8
CHCL,12/2/2014,1525.0,1525.0,1501.0,1515.0,-0.66,6150.0,525.0,336.8
CHCL,12/3/2014,1515.0,1545.0,1520.0,1520.0,0.33,6184.0,525.0,336.8
CHCL,12/4/2014,1520.0,1551.0,1530.0,1531.0,0.72,6876.0,525.0,336.8
CHCL,12/7/2014,1531.0,1550.0,1520.0,1535.0,0.26,4277.0,525.0,336.8
CHCL,12/8/2014,1535.0,1548.0,1526.0,1535.0,0.0,3869.0,525.0,336.8
CHCL,12/9/2014,1535.0,1549.0,1526.0,1532.0,-0.2,6504.0,525.0,336.8
CHCL,12/10/2014,1532.0,1555.0,1532.0,1548.0,1.04,6166.0,525.0,336.8
CHCL,12/11/2014,1548.0,1600.0,1555.0,1590.0,2.71,8593.0,525.0,336.8
CHCL,12/14/2014,1590.0,1713.0,1621.0,1705.0,7.23,15541.0,525.0,336.8
CHCL,12/15/2014,1705.0,1770.0,1661.0,1730.0,1.47,12852.0,525.0,336.8
CHCL,12/16/2014,1730.0,1735.0,1681.0,1720.0,-0.58,12371.0,525.0,336.8
CHCL,12/17/2014,1720.0,1720.0,1670.0,1677.0,-2.5,6206.0,525.0,336.8
CHCL,12/18/2014,1677.0,1690.0,1662.0,1671.0,-0.36,3638.0,525.0,336.8
CHCL,12/21/2014,1671.0,1685.0,1635.0,1661.0,-0.6,7519.0,525.0,336.8
CHCL,12/22/2014,1661.0,1654.0,1640.0,1650.0,-0.66,1923.0,525.0,336.8
CHCL,12/23/2014,1650.0,1660.0,1610.0,1620.0,-1.82,7729.0,525.0,336.8
CHCL,12/24/2014,1620.0,1680.0,1625.0,1655.0,2.16,5609.0,525.0,336.8
CHCL,12/28/2014,1655.0,1695.0,1680.0,1690.0,2.11,9915.0,525.0,336.8
CHCL,12/29/2014,1690.0,1699.0,1657.0,1695.0,0.3,9577.0,525.0,336.8
CHCL,12/31/2014,1695.0,1700.0,1667.0,1670.0,-1.47,5078.0,525.0,336.8
CHCL,1/1/2015,1670.0,1686.0,1661.0,1672.0,0.12,2885.0,525.0,336.8
CHCL,1/4/2015,1672.0,1705.0,1651.0,1684.0,0.72,10141.0,525.0,336.8
CHCL,1/5/2015,1684.0,1725.0,1693.0,1701.0,1.01,5997.0,525.0,336.8
CHCL,1/6/2015,1701.0,1706.0,1691.0,1691.0,-0.59,4233.0,525.0,336.8
CHCL,1/7/2015,1691.0,1704.0,1686.0,1700.0,0.53,3194.0,525.0,336.8
CHCL,1/8/2015,1700.0,1732.0,1699.0,1710.0,0.59,6057.0,525.0,336.8
CHCL,1/11/2015,1710.0,1710.0,1690.0,1701.0,-0.53,5658.0,525.0,336.8
CHCL,1/12/2015,1701.0,1690.0,1675.0,1680.0,-1.23,6543.0,525.0,336.8
CHCL,1/13/2015,1680.0,1683.0,1670.0,1683.0,0.18,3764.0,525.0,336.8
CHCL,1/14/2015,1683.0,1700.0,1674.0,1676.0,-0.42,3228.0,525.0,336.8
CHCL,1/18/2015,1676.0,1700.0,1677.0,1680.0,0.24,4258.0,525.0,336.8
CHCL,1/19/2015,1680.0,1815.0,1713.0,1750.0,4.17,18358.0,525.0,336.8
CHCL,1/20/2015,1750.0,1742.0,1685.0,1711.0,-2.23,6557.0,525.0,336.8
CHCL,1/22/2015,1711.0,1701.0,1678.0,1696.0,-0.88,4675.0,525.0,336.8
CHCL,1/25/2015,1696.0,1708.0,1686.0,1694.0,-0.12,7508.0,525.0,336.8
CHCL,1/26/2015,1694.0,1725.0,1694.0,1697.0,0.18,5119.0,525.0,336.8
CHCL,1/27/2015,1697.0,1710.0,1690.0,1704.0,0.41,5164.0,525.0,336.8
CHCL,1/28/2015,1704.0,1725.0,1710.0,1725.0,1.23,3413.0,525.0,336.8
CHCL,1/29/2015,1725.0,1755.0,1725.0,1731.0,0.35,5420.0,525.0,336.8
CHCL,2/1/2015,1731.0,1730.0,1710.0,1718.0,-0.75,2689.0,525.0,336.8
CHCL,2/2/2015,1718.0,1752.0,1710.0,1715.0,-0.17,7165.0,525.0,336.8
CHCL,2/3/2015,1715.0,1715.0,1695.0,1701.0,-0.82,6849.0,525.0,336.8
CHCL,2/4/2015,1701.0,1705.0,1691.0,1699.0,-0.12,7354.0,525.0,336.8
CHCL,2/5/2015,1699.0,1705.0,1690.0,1694.0,-0.29,3995.0,525.0,336.8
CHCL,2/8/2015,1694.0,1727.0,1690.0,1691.0,-0.18,4903.0,525.0,336.8
CHCL,2/9/2015,1691.0,1697.0,1690.0,1695.0,0.24,4741.0,525.0,336.8
CHCL,2/10/2015,1695.0,1688.0,1669.0,1685.0,-0.59,3569.0,525.0,336.8
CHCL,2/11/2015,1685.0,1684.0,1665.0,1680.0,-0.3,3173.0,525.0,336.8
CHCL,2/12/2015,1680.0,1690.0,1673.0,1688.0,0.48,8866.0,525.0,336.8
CHCL,2/15/2015,1688.0,1700.0,1676.0,1683.0,-0.3,2163.0,525.0,336.8
CHCL,2/16/2015,1683.0,1678.0,1660.0,1660.0,-1.37,8220.0,525.0,336.8
CHCL,2/18/2015,1660.0,1650.0,1625.0,1635.0,-1.51,8435.0,525.0,336.8
CHCL,2/22/2015,1635.0,1622.0,1600.0,1601.0,-2.08,9384.0,525.0,336.8
CHCL,2/23/2015,1601.0,1625.0,1600.0,1610.0,0.56,4938.0,525.0,336.8
CHCL,2/24/2015,1610.0,1610.0,1598.0,1604.0,-0.37,6168.0,525.0,336.8
CHCL,2/25/2015,1604.0,1605.0,1591.0,1600.0,-0.25,7842.0,525.0,336.8
CHCL,2/26/2015,1600.0,1622.0,1595.0,1622.0,1.37,5670.0,525.0,336.8
CHCL,3/1/2015,1622.0,1612.0,1600.0,1600.0,-1.36,6081.0,525.0,336.8
CHCL,3/2/2015,1600.0,1642.0,1595.0,1625.0,1.56,2414.0,525.0,336.8
CHCL,3/3/2015,1625.0,1655.0,1610.0,1635.0,0.62,5973.0,525.0,336.8
CHCL,3/4/2015,1635.0,1638.0,1620.0,1636.0,0.06,5468.0,525.0,336.8
CHCL,3/9/2015,1636.0,1677.0,1636.0,1670.0,2.08,5187.0,525.0,336.8
CHCL,3/10/2015,1670.0,1670.0,1650.0,1650.0,-1.2,5643.0,525.0,336.8
CHCL,3/11/2015,1650.0,1665.0,1632.0,1645.0,-0.3,5980.0,525.0,336.8
CHCL,3/12/2015,1645.0,1641.0,1620.0,1621.0,-1.46,6413.0,525.0,336.8
CHCL,3/15/2015,1621.0,1621.0,1600.0,1610.0,-0.68,2971.0,525.0,336.8
CHCL,3/16/2015,1610.0,1607.0,1586.0,1600.0,-0.62,7768.0,525.0,336.8
CHCL,3/17/2015,1600.0,1610.0,1580.0,1604.0,0.25,5584.0,525.0,336.8
CHCL,3/18/2015,1604.0,1611.0,1590.0,1609.0,0.31,2837.0,525.0,336.8
CHCL,3/19/2015,1609.0,1630.0,1601.0,1630.0,1.31,4245.0,525.0,336.8
CHCL,3/22/2015,1630.0,1649.0,1600.0,1603.0,-1.66,6769.0,525.0,336.8
CHCL,3/23/2015,1603.0,1615.0,1590.0,1615.0,0.75,6849.0,525.0,336.8
CHCL,3/24/2015,1615.0,1601.0,1581.0,1590.0,-1.55,7694.0,525.0,336.8
CHCL,3/25/2015,1590.0,1595.0,1580.0,1594.0,0.25,2788.0,525.0,336.8
CHCL,3/26/2015,1594.0,1600.0,1580.0,1580.0,-0.88,5207.0,525.0,336.8
CHCL,3/29/2015,1580.0,1581.0,1569.0,1572.0,-0.51,3338.0,525.0,336.8
CHCL,3/30/2015,1572.0,1585.0,1566.0,1566.0,-0.38,2827.0,525.0,336.8
CHCL,3/31/2015,1566.0,1587.0,1550.0,1586.0,1.28,5649.0,525.0,336.8
CHCL,4/1/2015,1586.0,1586.0,1575.0,1582.0,-0.25,5434.0,525.0,336.8
CHCL,4/2/2015,1582.0,1576.0,1565.0,1571.0,-0.7,3669.0,525.0,336.8
CHCL,4/5/2015,1571.0,1574.0,1559.0,1574.0,0.19,7498.0,525.0,336.8
CHCL,4/6/2015,1574.0,1581.0,1546.0,1564.0,-0.64,10692.0,525.0,336.8
CHCL,4/7/2015,1564.0,1574.0,1558.0,1561.0,-0.19,2964.0,525.0,336.8
CHCL,4/8/2015,1561.0,1582.0,1560.0,1579.0,1.15,3947.0,525.0,336.8
CHCL,4/9/2015,1579.0,1601.0,1580.0,1598.0,1.2,6641.0,525.0,336.8
CHCL,4/12/2015,1598.0,1650.0,1600.0,1612.0,0.88,5586.0,525.0,336.8
CHCL,4/13/2015,1612.0,1680.0,1606.0,1617.0,0.31,5963.0,525.0,336.8
CHCL,4/15/2015,1617.0,1620.0,1592.0,1600.0,-1.05,3600.0,525.0,336.8
CHCL,4/16/2015,1600.0,1600.0,1566.0,1589.0,-0.69,3781.0,525.0,336.8
CHCL,4/19/2015,1589.0,1600.0,1583.0,1600.0,0.69,8188.0,525.0,336.8
CHCL,4/20/2015,1600.0,1605.0,1589.0,1605.0,0.31,5303.0,525.0,336.8
CHCL,4/21/2015,1605.0,1614.0,1605.0,1605.0,0.0,5048.0,525.0,336.8
CHCL,4/22/2015,1605.0,1611.0,1590.0,1604.0,-0.06,4079.0,525.0,336.8
CHCL,4/23/2015,1604.0,1610.0,1589.0,1593.0,-0.69,5154.0,525.0,336.8
CHCL,5/24/2015,1593.0,1562.0,1434.0,1434.0,-9.98,78.0,525.0,336.8
CHCL,5/25/2015,1434.0,1406.0,1291.0,1291.0,-9.97,687.0,525.0,336.8
CHCL,5/26/2015,1291.0,1349.0,1170.0,1244.0,-3.64,14190.0,525.0,336.8
CHCL,5/27/2015,1244.0,1270.0,1230.0,1240.0,-0.32,15629.0,525.0,336.8
CHCL,5/28/2015,1240.0,1277.0,1235.0,1270.0,2.42,15144.0,525.0,336.8
CHCL,5/31/2015,1270.0,1390.0,1282.0,1390.0,9.45,14083.0,525.0,336.8
CHCL,6/1/2015,1390.0,1485.0,1415.0,1470.0,5.76,19184.0,525.0,336.8
CHCL,6/2/2015,1470.0,1481.0,1450.0,1476.0,0.41,12889.0,525.0,336.8
CHCL,6/3/2015,1476.0,1556.0,1500.0,1540.0,4.34,10448.0,525.0,336.8
CHCL,6/4/2015,1540.0,1570.0,1519.0,1525.0,-0.97,8422.0,525.0,336.8
CHCL,6/7/2015,1525.0,1552.0,1526.0,1542.0,1.11,6559.0,525.0,336.8
CHCL,6/8/2015,1542.0,1575.0,1536.0,1568.0,1.69,14817.0,525.0,336.8
CHCL,6/9/2015,1568.0,1722.0,1599.0,1625.0,3.64,10364.0,525.0,336.8
CHCL,6/10/2015,1625.0,1629.0,1580.0,1580.0,-2.77,10793.0,525.0,336.8
CHCL,6/11/2015,1580.0,1598.0,1541.0,1560.0,-1.27,8408.0,525.0,336.8
CHCL,6/14/2015,1560.0,1536.0,1518.0,1525.0,-2.24,9087.0,525.0,336.8
CHCL,6/15/2015,1525.0,1548.0,1520.0,1540.0,0.98,4702.0,525.0,336.8
CHCL,6/16/2015,1540.0,1570.0,1530.0,1537.0,-0.19,3093.0,525.0,336.8
CHCL,6/17/2015,1537.0,1535.0,1520.0,1530.0,-0.46,2833.0,525.0,336.8
CHCL,6/18/2015,1530.0,1533.0,1521.0,1533.0,0.2,1706.0,525.0,336.8
CHCL,6/21/2015,1533.0,1525.0,1490.0,1498.0,-2.28,9155.0,525.0,336.8
CHCL,6/22/2015,1498.0,1509.0,1480.0,1500.0,0.13,8027.0,525.0,336.8
CHCL,6/23/2015,1500.0,1501.0,1490.0,1500.0,0.0,5533.0,525.0,336.8
CHCL,6/24/2015,1500.0,1508.0,1495.0,1500.0,0.0,5663.0,525.0,336.8
CHCL,6/25/2015,1500.0,1529.0,1505.0,1515.0,1.0,5599.0,525.0,336.8
CHCL,6/28/2015,1515.0,1530.0,1500.0,1523.0,0.53,23550.0,525.0,336.8
CHCL,6/29/2015,1523.0,1555.0,1530.0,1549.0,1.71,11855.0,525.0,336.8
CHCL,6/30/2015,1549.0,1566.0,1545.0,1550.0,0.06,5101.0,525.0,336.8
CHCL,7/1/2015,1550.0,1565.0,1546.0,1550.0,0.0,4359.0,525.0,336.8
CHCL,7/2/2015,1550.0,1554.0,1525.0,1525.0,-1.61,7448.0,525.0,336.8
CHCL,7/5/2015,1525.0,1537.0,1520.0,1533.0,0.52,3241.0,525.0,336.8
CHCL,7/6/2015,1533.0,1532.0,1520.0,1520.0,-0.85,7651.0,525.0,336.8
CHCL,7/7/2015,1520.0,1538.0,1519.0,1530.0,0.66,12648.0,525.0,336.8
CHCL,7/8/2015,1530.0,1557.0,1535.0,1540.0,0.65,4622.0,525.0,336.8
CHCL,7/9/2015,1540.0,1552.0,1539.0,1539.0,-0.06,4955.0,525.0,336.8
CHCL,7/12/2015,1539.0,1556.0,1540.0,1555.0,1.04,7716.0,525.0,336.8
CHCL,7/13/2015,1555.0,1555.0,1544.0,1549.0,-0.39,5902.0,525.0,336.8
CHCL,7/14/2015,1549.0,1599.0,1551.0,1574.0,1.61,5198.0,525.0,336.8
CHCL,7/15/2015,1574.0,1603.0,1578.0,1585.0,0.7,5359.0,525.0,336.8
CHCL,7/16/2015,1585.0,1683.0,1590.0,1683.0,6.18,6146.0,525.0,336.8
CHCL,7/22/2015,1683.0,1655.0,1610.0,1635.0,-2.85,6486.0,525.0,336.8
CHCL,7/23/2015,1635.0,1650.0,1628.0,1638.0,0.18,5826.0,525.0,336.8
CHCL,7/26/2015,1638.0,1729.0,1670.0,1700.0,3.79,1097.0,525.0,336.8
CHCL,7/27/2015,1700.0,1734.0,1600.0,1603.0,-5.71,5283.0,525.0,336.8
CHCL,7/28/2015,1603.0,1620.0,1570.0,1580.0,-1.43,10792.0,525.0,336.8
CHCL,7/29/2015,1580.0,1580.0,1564.0,1568.0,-0.76,6964.0,525.0,336.8
CHCL,7/30/2015,1568.0,1599.0,1540.0,1572.0,0.26,12761.0,525.0,336.8
CHCL,8/2/2015,1572.0,1565.0,1550.0,1554.0,-1.15,4888.0,525.0,336.8
CHCL,8/3/2015,1554.0,1570.0,1542.0,1570.0,1.03,10520.0,525.0,336.8
CHCL,8/4/2015,1570.0,1570.0,1550.0,1560.0,-0.64,6581.0,525.0,336.8
CHCL,8/5/2015,1560.0,1565.0,1550.0,1551.0,-0.58,5377.0,525.0,336.8
CHCL,8/6/2015,1551.0,1581.0,1550.0,1581.0,1.93,7715.0,525.0,336.8
CHCL,8/9/2015,1581.0,1612.0,1536.0,1555.0,-1.64,11716.0,525.0,336.8
CHCL,8/10/2015,1555.0,1586.0,1515.0,1526.0,-1.86,20089.0,525.0,336.8
CHCL,8/11/2015,1526.0,1530.0,1495.0,1502.0,-1.57,22143.0,525.0,336.8
CHCL,8/12/2015,1502.0,1520.0,1500.0,1510.0,0.53,17240.0,525.0,336.8
CHCL,8/13/2015,1510.0,1520.0,1500.0,1520.0,0.66,14629.0,525.0,336.8
CHCL,8/16/2015,1520.0,1519.0,1480.0,1495.0,-1.64,14744.0,525.0,336.8
CHCL,8/17/2015,1495.0,1555.0,1500.0,1513.0,1.2,16751.0,525.0,336.8
CHCL,8/18/2015,1513.0,1514.0,1485.0,1500.0,-0.86,22529.0,525.0,336.8
CHCL,8/19/2015,1500.0,1509.0,1492.0,1509.0,0.6,21026.0,525.0,336.8
CHCL,8/20/2015,1509.0,1515.0,1495.0,1495.0,-0.93,21635.0,525.0,336.8
CHCL,8/23/2015,1495.0,1505.0,1482.0,1495.0,0.0,15266.0,525.0,336.8
CHCL,8/24/2015,1495.0,1510.0,1486.0,1493.0,-0.13,19792.0,525.0,336.8
CHCL,8/25/2015,1493.0,1495.0,1475.0,1490.0,-0.2,9907.0,525.0,336.8
CHCL,8/26/2015,1490.0,1497.0,1483.0,1489.0,-0.07,9292.0,525.0,336.8
CHCL,8/27/2015,1489.0,1500.0,1485.0,1492.0,0.2,11486.0,525.0,336.8
CHCL,8/31/2015,1492.0,1495.0,1475.0,1480.0,-0.8,17950.0,525.0,336.8
CHCL,9/1/2015,1480.0,1495.0,1470.0,1479.0,-0.07,15240.0,525.0,336.8
CHCL,9/2/2015,1479.0,1475.0,1456.0,1460.0,-1.28,22485.0,525.0,336.8
CHCL,9/3/2015,1460.0,1465.0,1449.0,1455.0,-0.34,9773.0,525.0,336.8
CHCL,9/6/2015,1455.0,1455.0,1400.0,1421.0,-2.34,11638.0,525.0,336.8
CHCL,9/7/2015,1421.0,1432.0,1411.0,1420.0,-0.07,8389.0,525.0,336.8
CHCL,9/8/2015,1420.0,1429.0,1410.0,1422.0,0.14,16462.0,525.0,336.8
CHCL,9/9/2015,1422.0,1427.0,1415.0,1416.0,-0.42,10797.0,525.0,336.8
CHCL,9/10/2015,1416.0,1420.0,1405.0,1409.0,-0.49,12209.0,525.0,336.8
CHCL,9/13/2015,1409.0,1440.0,1405.0,1440.0,2.2,15715.0,525.0,336.8
CHCL,9/14/2015,1440.0,1494.0,1460.0,1480.0,2.78,9413.0,525.0,336.8
CHCL,9/15/2015,1480.0,1547.0,1480.0,1504.0,1.62,14655.0,525.0,336.8
CHCL,9/16/2015,1504.0,1525.0,1500.0,1500.0,-0.27,15336.0,525.0,336.8
CHCL,9/17/2015,1500.0,1530.0,1485.0,1485.0,-1.0,10423.0,525.0,336.8
CHCL,9/22/2015,1485.0,1460.0,1427.0,1432.0,-3.57,7460.0,525.0,336.8
CHCL,9/23/2015,1432.0,1465.0,1430.0,1462.0,2.09,6212.0,525.0,336.8
CHCL,9/24/2015,1462.0,1465.0,1431.0,1439.0,-1.57,8454.0,525.0,336.8
CHCL,9/28/2015,1439.0,1425.0,1400.0,1417.0,-1.53,6539.0,525.0,336.8
CHCL,9/29/2015,1417.0,1422.0,1412.0,1421.0,0.28,7109.0,525.0,336.8
CHCL,9/30/2015,1421.0,1430.0,1410.0,1430.0,0.63,4392.0,525.0,336.8
CHCL,10/1/2015,1430.0,1432.0,1420.0,1425.0,-0.35,3972.0,525.0,336.8
CHCL,10/4/2015,1425.0,1425.0,1411.0,1420.0,-0.35,6890.0,525.0,336.8
CHCL,10/5/2015,1420.0,1418.0,1402.0,1411.0,-0.63,4438.0,525.0,336.8
CHCL,10/6/2015,1411.0,1410.0,1400.0,1405.0,-0.43,4504.0,525.0,336.8
CHCL,10/7/2015,1405.0,1396.0,1385.0,1390.0,-1.07,6100.0,525.0,336.8
CHCL,10/8/2015,1390.0,1405.0,1370.0,1405.0,1.08,16924.0,525.0,336.8
CHCL,10/11/2015,1405.0,1389.0,1375.0,1384.0,-1.49,4734.0,525.0,336.8
CHCL,10/14/2015,1384.0,1386.0,1365.0,1386.0,0.14,1706.0,525.0,336.8
CHCL,10/15/2015,1386.0,1400.0,1372.0,1400.0,1.01,1097.0,525.0,336.8
CHCL,10/18/2015,1400.0,1395.0,1380.0,1390.0,-0.71,3259.0,525.0,336.8
CHCL,10/19/2015,1390.0,1395.0,1381.0,1390.0,0.0,8342.0,525.0,336.8
CHCL,10/25/2015,1390.0,1375.0,1375.0,1375.0,-1.08,594.0,525.0,336.8
CHCL,10/27/2015,1375.0,1360.0,1309.0,1315.0,-4.36,4523.0,525.0,336.8
CHCL,10/28/2015,1315.0,1320.0,1290.0,1308.0,-0.53,8715.0,525.0,336.8
CHCL,10/29/2015,1308.0,1345.0,1300.0,1345.0,2.83,3504.0,525.0,336.8
CHCL,11/1/2015,1345.0,1349.0,1317.0,1345.0,0.0,3954.0,525.0,336.8
CHCL,11/2/2015,1345.0,1400.0,1350.0,1361.0,1.19,3760.0,525.0,336.8
CHCL,11/3/2015,1361.0,1371.0,1350.0,1370.0,0.66,3807.0,525.0,336.8
CHCL,11/4/2015,1370.0,1394.0,1365.0,1393.0,1.68,3333.0,525.0,336.8
CHCL,11/5/2015,1393.0,1420.0,1390.0,1400.0,0.5,13636.0,525.0,336.8
CHCL,11/8/2015,1400.0,1410.0,1395.0,1410.0,0.71,9539.0,525.0,336.8
CHCL,11/9/2015,1410.0,1410.0,1400.0,1410.0,0.0,7141.0,525.0,336.8
CHCL,11/10/2015,1410.0,1428.0,1400.0,1410.0,0.0,3560.0,525.0,336.8
CHCL,11/15/2015,1410.0,1449.0,1385.0,1391.0,-1.35,3736.0,525.0,336.8
CHCL,11/16/2015,1391.0,1386.0,1372.0,1384.0,-0.5,2608.0,525.0,336.8
CHCL,11/18/2015,1384.0,1400.0,1370.0,1380.0,-0.29,3793.0,525.0,336.8
CHCL,11/19/2015,1380.0,1380.0,1345.0,1367.0,-0.94,3899.0,525.0,336.8
CHCL,11/22/2015,1367.0,1380.0,1342.0,1346.0,-1.54,4757.0,525.0,336.8
CHCL,11/23/2015,1346.0,1345.0,1300.0,1345.0,-0.07,4937.0,525.0,336.8
CHCL,11/24/2015,1345.0,1335.0,1325.0,1334.0,-0.82,2926.0,525.0,336.8
CHCL,11/25/2015,1334.0,1370.0,1331.0,1332.0,-0.15,11043.0,525.0,336.8
CHCL,11/26/2015,1332.0,1335.0,1298.0,1307.0,-1.88,11093.0,525.0,336.8
CHCL,11/29/2015,1307.0,1325.0,1280.0,1295.0,-0.92,9834.0,525.0,336.8
CHCL,11/30/2015,1295.0,1346.0,1295.0,1310.0,1.16,10459.0,525.0,336.8
CHCL,12/1/2015,1310.0,1333.0,1296.0,1330.0,1.53,6250.0,525.0,336.8
CHCL,12/2/2015,1330.0,1327.0,1315.0,1327.0,-0.23,5639.0,525.0,336.8
CHCL,12/3/2015,1327.0,1340.0,1310.0,1325.0,-0.15,6245.0,525.0,336.8
CHCL,12/6/2015,1325.0,1341.0,1323.0,1339.0,1.06,6435.0,525.0,336.8
CHCL,12/7/2015,1339.0,1359.0,1341.0,1349.0,0.75,12758.0,525.0,336.8
CHCL,12/8/2015,1349.0,1360.0,1343.0,1350.0,0.07,8368.0,525.0,336.8
CHCL,12/9/2015,1350.0,1375.0,1356.0,1369.0,1.41,9028.0,525.0,336.8
CHCL,12/10/2015,1369.0,1380.0,1357.0,1370.0,0.07,4823.0,525.0,336.8
CHCL,12/13/2015,1370.0,1379.0,1353.0,1360.0,-0.73,6608.0,525.0,336.8
CHCL,12/14/2015,1360.0,1365.0,1345.0,1350.0,-0.74,5770.0,525.0,336.8
CHCL,12/15/2015,1350.0,1350.0,1330.0,1338.0,-0.89,6640.0,525.0,336.8
CHCL,12/16/2015,1338.0,1349.0,1320.0,1349.0,0.82,10890.0,525.0,336.8
CHCL,12/17/2015,1349.0,1355.0,1325.0,1340.0,-0.67,32247.0,525.0,336.8
CHCL,12/20/2015,1165.0,1200.0,1170.0,1200.0,-10.45,277.0,525.0,336.8
CHCL,12/21/2015,1200.0,1205.0,1175.0,1175.0,-2.08,3103.0,525.0,336.8
CHCL,12/22/2015,1175.0,1179.0,1160.0,1168.0,-0.6,1467.0,525.0,336.8
CHCL,12/23/2015,1168.0,1180.0,1150.0,1180.0,1.03,1163.0,525.0,336.8
CHCL,12/24/2015,1180.0,1185.0,1169.0,1175.0,-0.42,3112.0,525.0,336.8
CHCL,12/27/2015,1175.0,1175.0,1165.0,1175.0,0.0,2954.0,525.0,336.8
CHCL,12/28/2015,1175.0,1175.0,1170.0,1175.0,0.0,1913.0,525.0,336.8
CHCL,12/29/2015,1175.0,1170.0,1160.0,1170.0,-0.43,1327.0,525.0,336.8
CHCL,12/31/2015,1170.0,1180.0,1170.0,1174.0,0.34,2594.0,525.0,336.8
CHCL,1/3/2016,1174.0,1175.0,1166.0,1166.0,-0.68,6394.0,525.0,336.8
CHCL,1/4/2016,1166.0,1175.0,1150.0,1150.0,-1.37,4385.0,525.0,336.8
CHCL,1/5/2016,1150.0,1160.0,1150.0,1160.0,0.87,5242.0,525.0,336.8
CHCL,1/6/2016,1160.0,1170.0,1151.0,1170.0,0.86,2925.0,525.0,336.8
CHCL,1/7/2016,1170.0,1210.0,1152.0,1198.0,2.39,5932.0,525.0,336.8
CHCL,1/10/2016,1198.0,1248.0,1201.0,1240.0,3.51,4527.0,525.0,336.8
CHCL,1/11/2016,1240.0,1286.0,1246.0,1250.0,0.81,5873.0,525.0,336.8
CHCL,1/12/2016,1250.0,1285.0,1241.0,1250.0,0.0,6777.0,525.0,336.8
CHCL,1/13/2016,1250.0,1375.0,1275.0,1375.0,10.0,3070.0,525.0,336.8
CHCL,1/14/2016,1375.0,1480.0,1360.0,1360.0,-1.09,2970.0,525.0,336.8
CHCL,1/17/2016,1360.0,1400.0,1340.0,1340.0,-1.47,3340.0,525.0,336.8
CHCL,1/18/2016,1340.0,1360.0,1335.0,1340.0,0.0,1717.0,525.0,336.8
CHCL,1/19/2016,1340.0,1366.0,1330.0,1340.0,0.0,984.0,525.0,336.8
CHCL,1/20/2016,1340.0,1337.0,1325.0,1327.0,-0.97,2271.0,525.0,336.8
CHCL,1/21/2016,1327.0,1350.0,1294.0,1294.0,-2.49,3304.0,525.0,336.8
CHCL,1/24/2016,1294.0,1300.0,1282.0,1285.0,-0.7,1696.0,525.0,336.8
CHCL,1/25/2016,1285.0,1295.0,1275.0,1275.0,-0.78,2150.0,525.0,336.8
CHCL,1/26/2016,1275.0,1300.0,1275.0,1275.0,0.0,951.0,525.0,336.8
CHCL,1/27/2016,1275.0,1292.0,1275.0,1275.0,0.0,919.0,525.0,336.8
CHCL,1/28/2016,1275.0,1284.0,1272.0,1284.0,0.71,1346.0,525.0,336.8
CHCL,1/31/2016,1284.0,1298.0,1280.0,1297.0,1.01,2684.0,525.0,336.8
CHCL,2/1/2016,1297.0,1291.0,1275.0,1281.0,-1.23,2687.0,525.0,336.8
CHCL,2/2/2016,1281.0,1295.0,1280.0,1285.0,0.31,1274.0,525.0,336.8
CHCL,2/3/2016,1285.0,1284.0,1260.0,1281.0,-0.31,7781.0,525.0,336.8
CHCL,2/4/2016,1281.0,1292.0,1281.0,1290.0,0.7,1164.0,525.0,336.8
CHCL,2/7/2016,1290.0,1341.0,1297.0,1316.0,2.02,9723.0,525.0,336.8
CHCL,2/8/2016,1316.0,1368.0,1325.0,1358.0,3.19,6467.0,525.0,336.8
CHCL,2/11/2016,1358.0,1424.0,1360.0,1407.0,3.61,12677.0,525.0,336.8
CHCL,2/14/2016,1407.0,1406.0,1375.0,1379.0,-1.99,8093.0,525.0,336.8
CHCL,2/15/2016,1379.0,1385.0,1360.0,1384.0,0.36,2057.0,525.0,336.8
CHCL,2/16/2016,1384.0,1380.0,1365.0,1365.0,-1.37,1647.0,525.0,336.8
CHCL,2/17/2016,1365.0,1370.0,1352.0,1370.0,0.37,10399.0,525.0,336.8
CHCL,2/18/2016,1370.0,1385.0,1360.0,1383.0,0.95,9468.0,525.0,336.8
CHCL,2/21/2016,1383.0,1425.0,1370.0,1380.0,-0.22,3985.0,525.0,336.8
CHCL,2/22/2016,1380.0,1396.0,1380.0,1385.0,0.36,7730.0,525.0,336.8
CHCL,2/23/2016,1385.0,1385.0,1368.0,1385.0,0.0,1212.0,525.0,336.8
CHCL,2/24/2016,1385.0,1384.0,1371.0,1371.0,-1.01,2349.0,525.0,336.8
CHCL,2/25/2016,1371.0,1371.0,1344.0,1370.0,-0.07,3577.0,525.0,336.8
CHCL,2/28/2016,1370.0,1375.0,1361.0,1363.0,-0.51,4144.0,525.0,336.8
CHCL,2/29/2016,1363.0,1360.0,1350.0,1360.0,-0.22,2955.0,525.0,336.8
CHCL,3/1/2016,1360.0,1355.0,1341.0,1350.0,-0.74,6760.0,525.0,336.8
CHCL,3/2/2016,1350.0,1375.0,1335.0,1336.0,-1.04,7193.0,525.0,336.8
CHCL,3/3/2016,1336.0,1340.0,1320.0,1332.0,-0.3,3343.0,525.0,336.8
CHCL,3/6/2016,1332.0,1339.0,1322.0,1323.0,-0.68,1469.0,525.0,336.8
CHCL,3/10/2016,1323.0,1360.0,1322.0,1322.0,-0.08,3051.0,525.0,336.8
CHCL,3/13/2016,1322.0,1325.0,1296.0,1313.0,-0.68,5617.0,525.0,336.8
CHCL,3/14/2016,1313.0,1330.0,1300.0,1320.0,0.53,7586.0,525.0,336.8
CHCL,3/15/2016,1320.0,1323.0,1300.0,1323.0,0.23,5799.0,525.0,336.8
CHCL,3/16/2016,1323.0,1325.0,1299.0,1320.0,-0.23,3347.0,525.0,336.8
CHCL,3/17/2016,1320.0,1319.0,1310.0,1315.0,-0.38,4623.0,525.0,336.8
CHCL,3/20/2016,1315.0,1366.0,1311.0,1350.0,2.66,15320.0,525.0,336.8
CHCL,3/21/2016,1350.0,1338.0,1320.0,1335.0,-1.11,6546.0,525.0,336.8
CHCL,3/23/2016,1335.0,1329.0,1315.0,1317.0,-1.35,6726.0,525.0,336.8
CHCL,3/24/2016,1317.0,1328.0,1311.0,1325.0,0.61,3383.0,525.0,336.8
CHCL,3/27/2016,1325.0,1340.0,1325.0,1340.0,1.13,12256.0,525.0,336.8
CHCL,3/28/2016,1340.0,1339.0,1304.0,1335.0,-0.37,19299.0,525.0,336.8
CHCL,3/29/2016,1335.0,1350.0,1315.0,1330.0,-0.37,17364.0,525.0,336.8
CHCL,3/30/2016,1330.0,1351.0,1325.0,1345.0,1.13,10208.0,525.0,336.8
CHCL,3/31/2016,1345.0,1364.0,1327.0,1349.0,0.3,13219.0,525.0,336.8
CHCL,4/3/2016,1349.0,1350.0,1335.0,1336.0,-0.96,4764.0,525.0,336.8
CHCL,4/4/2016,1336.0,1340.0,1320.0,1331.0,-0.37,7023.0,525.0,336.8
CHCL,4/5/2016,1331.0,1335.0,1325.0,1333.0,0.15,10942.0,525.0,336.8
CHCL,4/6/2016,1333.0,1333.0,1320.0,1322.0,-0.83,5438.0,525.0,336.8
CHCL,4/10/2016,1322.0,1332.0,1315.0,1318.0,-0.3,6736.0,525.0,336.8
CHCL,4/11/2016,1318.0,1330.0,1311.0,1315.0,-0.23,5353.0,525.0,336.8
CHCL,4/12/2016,1315.0,1320.0,1307.0,1316.0,0.08,7456.0,525.0,336.8
CHCL,4/14/2016,1316.0,1325.0,1311.0,1319.0,0.23,3113.0,525.0,336.8
CHCL,4/17/2016,1319.0,1330.0,1318.0,1318.0,-0.08,15559.0,525.0,336.8
CHCL,4/18/2016,1318.0,1340.0,1320.0,1335.0,1.29,5492.0,525.0,336.8
CHCL,4/19/2016,1335.0,1335.0,1321.0,1323.0,-0.9,8954.0,525.0,336.8
CHCL,4/20/2016,1323.0,1330.0,1315.0,1325.0,0.15,11231.0,525.0,336.8
CHCL,4/21/2016,1325.0,1325.0,1314.0,1320.0,-0.38,6431.0,525.0,336.8
CHCL,4/24/2016,1320.0,1325.0,1300.0,1322.0,0.15,27535.0,525.0,336.8
CHCL,4/25/2016,1322.0,1322.0,1311.0,1316.0,-0.45,10566.0,525.0,336.8
CHCL,4/26/2016,1316.0,1322.0,1311.0,1315.0,-0.08,8164.0,525.0,336.8
CHCL,4/27/2016,1315.0,1321.0,1310.0,1312.0,-0.23,5356.0,525.0,336.8
CHCL,4/28/2016,1312.0,1318.0,1310.0,1311.0,-0.08,4314.0,525.0,336.8
CHCL,5/2/2016,1311.0,1315.0,1302.0,1302.0,-0.69,11370.0,525.0,336.8
CHCL,5/3/2016,1302.0,1310.0,1295.0,1298.0,-0.31,14387.0,525.0,336.8
CHCL,5/4/2016,1298.0,1300.0,1292.0,1295.0,-0.23,9644.0,525.0,336.8
CHCL,5/5/2016,1295.0,1300.0,1281.0,1291.0,-0.31,6342.0,525.0,336.8
CHCL,5/8/2016,1291.0,1299.0,1281.0,1285.0,-0.46,4890.0,525.0,336.8
CHCL,5/9/2016,1285.0,1290.0,1279.0,1281.0,-0.31,11658.0,525.0,336.8
CHCL,5/10/2016,1281.0,1286.0,1280.0,1280.0,-0.08,5344.0,525.0,336.8
CHCL,5/11/2016,1280.0,1283.0,1261.0,1272.0,-0.62,5017.0,525.0,336.8
CHCL,5/12/2016,1272.0,1282.0,1265.0,1270.0,-0.16,10746.0,525.0,336.8
CHCL,5/15/2016,1270.0,1271.0,1260.0,1264.0,-0.47,16595.0,525.0,336.8
CHCL,5/16/2016,1264.0,1269.0,1257.0,1259.0,-0.4,4536.0,525.0,336.8
CHCL,5/17/2016,1259.0,1298.0,1260.0,1270.0,0.87,18874.0,525.0,336.8
CHCL,5/18/2016,1270.0,1294.0,1265.0,1275.0,0.39,14156.0,525.0,336.8
CHCL,5/19/2016,1275.0,1294.0,1280.0,1285.0,0.78,12986.0,525.0,336.8
CHCL,5/22/2016,1285.0,1303.0,1285.0,1289.0,0.31,9192.0,525.0,336.8
CHCL,5/23/2016,1289.0,1291.0,1285.0,1285.0,-0.31,20537.0,525.0,336.8
CHCL,5/24/2016,1285.0,1292.0,1280.0,1283.0,-0.16,10290.0,525.0,336.8
CHCL,5/25/2016,1283.0,1310.0,1282.0,1284.0,0.08,14530.0,525.0,336.8
CHCL,5/26/2016,1284.0,1301.0,1280.0,1300.0,1.25,14393.0,525.0,336.8
CHCL,5/29/2016,1300.0,1404.0,1324.0,1360.0,4.62,23985.0,525.0,336.8
CHCL,5/30/2016,1360.0,1410.0,1387.0,1395.0,2.57,48838.0,525.0,336.8
CHCL,5/31/2016,1395.0,1534.0,1400.0,1530.0,9.68,97255.0,525.0,336.8
CHCL,6/1/2016,1530.0,1600.0,1431.0,1471.0,-3.86,45817.0,525.0,336.8
CHCL,6/2/2016,1471.0,1453.0,1412.0,1419.0,-3.54,18850.0,525.0,336.8
CHCL,6/5/2016,1419.0,1420.0,1360.0,1370.0,-3.45,13542.0,525.0,336.8
CHCL,6/6/2016,1370.0,1419.0,1385.0,1400.0,2.19,13522.0,525.0,336.8
CHCL,6/7/2016,1400.0,1420.0,1400.0,1402.0,0.14,7497.0,525.0,336.8
CHCL,6/8/2016,1402.0,1405.0,1390.0,1400.0,-0.14,10193.0,525.0,336.8
CHCL,6/9/2016,1400.0,1405.0,1381.0,1394.0,-0.43,10848.0,525.0,336.8
CHCL,6/12/2016,1394.0,1385.0,1355.0,1379.0,-1.08,13432.0,525.0,336.8
CHCL,6/13/2016,1379.0,1400.0,1375.0,1384.0,0.36,6798.0,525.0,336.8
CHCL,6/14/2016,1384.0,1440.0,1385.0,1400.0,1.16,13551.0,525.0,336.8
CHCL,6/15/2016,1400.0,1420.0,1392.0,1392.0,-0.57,13377.0,525.0,336.8
CHCL,6/16/2016,1392.0,1404.0,1384.0,1395.0,0.22,14575.0,525.0,336.8
CHCL,6/19/2016,1395.0,1391.0,1368.0,1370.0,-1.79,16926.0,525.0,336.8
CHCL,6/20/2016,1370.0,1390.0,1365.0,1370.0,0.0,10664.0,525.0,336.8
CHCL,6/21/2016,1370.0,1390.0,1365.0,1370.0,0.0,10614.0,525.0,336.8
CHCL,6/22/2016,1370.0,1400.0,1385.0,1400.0,2.19,24505.0,525.0,336.8
CHCL,6/23/2016,1400.0,1450.0,1403.0,1415.0,1.07,25156.0,525.0,336.8
CHCL,6/26/2016,1415.0,1425.0,1400.0,1420.0,0.35,14717.0,525.0,336.8
CHCL,6/27/2016,1420.0,1440.0,1415.0,1439.0,1.34,8307.0,525.0,336.8
CHCL,6/28/2016,1439.0,1466.0,1421.0,1466.0,1.88,18336.0,525.0,336.8
CHCL,6/29/2016,1466.0,1480.0,1450.0,1474.0,0.55,13171.0,525.0,336.8
CHCL,6/30/2016,1474.0,1483.0,1450.0,1457.0,-1.15,12874.0,525.0,336.8
CHCL,7/3/2016,1457.0,1455.0,1425.0,1450.0,-0.48,18925.0,525.0,336.8
CHCL,7/4/2016,1450.0,1450.0,1432.0,1440.0,-0.69,12735.0,525.0,336.8
CHCL,7/5/2016,1440.0,1455.0,1425.0,1441.0,0.07,7051.0,525.0,336.8
CHCL,7/6/2016,1441.0,1442.0,1420.0,1435.0,-0.42,15686.0,525.0,336.8
CHCL,7/10/2016,1435.0,1435.0,1407.0,1428.0,-0.49,13140.0,525.0,336.8
CHCL,7/11/2016,1428.0,1425.0,1405.0,1406.0,-1.54,13098.0,525.0,336.8
CHCL,7/12/2016,1406.0,1420.0,1380.0,1395.0,-0.78,11200.0,525.0,336.8
CHCL,7/13/2016,1395.0,1420.0,1380.0,1397.0,0.14,14484.0,525.0,336.8
CHCL,7/14/2016,1397.0,1440.0,1390.0,1440.0,3.08,11973.0,525.0,336.8
CHCL,7/17/2016,1440.0,1439.0,1410.0,1420.0,-1.39,3562.0,525.0,336.8
CHCL,7/18/2016,1420.0,1440.0,1399.0,1410.0,-0.7,8608.0,525.0,336.8
CHCL,7/19/2016,1410.0,1410.0,1390.0,1408.0,-0.14,7528.0,525.0,336.8
CHCL,7/20/2016,1408.0,1407.0,1396.0,1399.0,-0.64,9133.0,525.0,336.8
CHCL,7/21/2016,1399.0,1400.0,1380.0,1394.0,-0.36,5974.0,525.0,336.8
CHCL,7/25/2016,1394.0,1399.0,1380.0,1388.0,-0.43,12816.0,525.0,336.8
CHCL,7/26/2016,1388.0,1399.0,1380.0,1390.0,0.14,15897.0,525.0,336.8
CHCL,7/27/2016,1390.0,1405.0,1390.0,1400.0,0.72,23604.0,525.0,336.8
CHCL,7/28/2016,1400.0,1400.0,1380.0,1394.0,-0.43,6657.0,525.0,336.8
CHCL,7/31/2016,1394.0,1401.0,1382.0,1389.0,-0.36,10000.0,525.0,336.8
CHCL,8/1/2016,1389.0,1386.0,1365.0,1375.0,-1.01,7615.0,525.0,336.8
CHCL,8/2/2016,1375.0,1380.0,1356.0,1370.0,-0.36,7978.0,525.0,336.8
CHCL,8/3/2016,1370.0,1380.0,1355.0,1367.0,-0.22,6283.0,525.0,336.8
CHCL,8/4/2016,1367.0,1360.0,1346.0,1350.0,-1.24,9382.0,525.0,336.8
CHCL,8/7/2016,1350.0,1385.0,1332.0,1333.0,-1.26,6949.0,525.0,336.8
CHCL,8/8/2016,1333.0,1315.0,1286.0,1286.0,-3.53,6257.0,525.0,336.8
CHCL,8/9/2016,1286.0,1363.0,1311.0,1363.0,5.99,170.0,525.0,336.8
CHCL,8/10/2016,1363.0,1363.0,1325.0,1330.0,-2.42,5908.0,525.0,336.8
CHCL,8/11/2016,1330.0,1340.0,1311.0,1325.0,-0.38,3058.0,525.0,336.8
CHCL,8/14/2016,1325.0,1340.0,1300.0,1305.0,-1.51,7570.0,525.0,336.8
CHCL,8/15/2016,1305.0,1300.0,1251.0,1290.0,-1.15,7776.0,525.0,336.8
CHCL,8/16/2016,1290.0,1326.0,1270.0,1300.0,0.78,8063.0,525.0,336.8
CHCL,8/17/2016,1300.0,1310.0,1282.0,1294.0,-0.46,7449.0,525.0,336.8
CHCL,8/21/2016,1294.0,1300.0,1280.0,1280.0,-1.08,5047.0,525.0,336.8
CHCL,8/22/2016,1280.0,1290.0,1240.0,1250.0,-2.34,6770.0,525.0,336.8
CHCL,8/23/2016,1250.0,1275.0,1242.0,1246.0,-0.32,6572.0,525.0,336.8
CHCL,8/24/2016,1246.0,1270.0,1240.0,1270.0,1.93,7442.0,525.0,336.8
CHCL,8/28/2016,1270.0,1270.0,1245.0,1258.0,-0.94,5282.0,525.0,336.8
CHCL,8/29/2016,1258.0,1260.0,1233.0,1239.0,-1.51,11341.0,525.0,336.8
CHCL,8/30/2016,1239.0,1331.0,1222.0,1320.0,6.54,71011.0,525.0,336.8
CHCL,8/31/2016,1320.0,1317.0,1275.0,1285.0,-2.65,9698.0,525.0,336.8
CHCL,9/1/2016,1285.0,1282.0,1255.0,1270.0,-1.17,4037.0,525.0,336.8
CHCL,9/3/2016,1270.0,1273.0,1255.0,1260.0,-0.79,9147.0,525.0,336.8
CHCL,9/4/2016,1270.0,1273.0,1255.0,1260.0,0.0,9147.0,525.0,336.8
CHCL,9/5/2016,1260.0,1275.0,1260.0,1265.0,0.4,6650.0,525.0,336.8
CHCL,9/6/2016,1265.0,1301.0,1262.0,1284.0,1.5,5232.0,525.0,336.8
CHCL,9/7/2016,1284.0,1300.0,1271.0,1271.0,-1.01,6388.0,525.0,336.8
CHCL,9/8/2016,1271.0,1360.0,1280.0,1328.0,4.48,34560.0,525.0,336.8
CHCL,9/11/2016,1328.0,1436.0,1350.0,1365.0,2.79,38150.0,525.0,336.8
CHCL,9/12/2016,1365.0,1375.0,1312.0,1328.0,-2.71,12258.0,525.0,336.8
CHCL,9/14/2016,1328.0,1330.0,1305.0,1320.0,-0.6,10744.0,525.0,336.8
CHCL,9/18/2016,1320.0,1375.0,1321.0,1321.0,0.08,18274.0,525.0,336.8
CHCL,9/20/2016,1321.0,1320.0,1277.0,1291.0,-2.27,7947.0,525.0,336.8
CHCL,9/21/2016,1291.0,1281.0,1250.0,1275.0,-1.24,11773.0,525.0,336.8
CHCL,9/22/2016,1275.0,1290.0,1251.0,1285.0,0.78,5403.0,525.0,336.8
CHCL,9/25/2016,1285.0,1285.0,1251.0,1257.0,-2.18,6551.0,525.0,336.8
CHCL,9/26/2016,1257.0,1275.0,1252.0,1260.0,0.24,4093.0,525.0,336.8
CHCL,9/27/2016,1260.0,1270.0,1257.0,1260.0,0.0,3900.0,525.0,336.8
CHCL,9/28/2016,1260.0,1265.0,1240.0,1260.0,0.0,13888.0,525.0,336.8
CHCL,9/29/2016,1260.0,1274.0,1252.0,1252.0,-0.63,10589.0,525.0,336.8
CHCL,10/2/2016,1252.0,1265.0,1250.0,1250.0,-0.16,7390.0,525.0,336.8
CHCL,10/3/2016,1250.0,1259.0,1246.0,1250.0,0.0,9567.0,525.0,336.8
CHCL,10/4/2016,1250.0,1262.0,1245.0,1251.0,0.08,10341.0,525.0,336.8
CHCL,10/5/2016,1251.0,1261.0,1235.0,1249.0,-0.16,13441.0,525.0,336.8
CHCL,10/6/2016,1249.0,1320.0,1250.0,1260.0,0.88,13557.0,525.0,336.8
CHCL,10/16/2016,1260.0,1280.0,1233.0,1250.0,-0.79,4690.0,525.0,336.8
CHCL,10/17/2016,1250.0,1261.0,1240.0,1261.0,0.88,3157.0,525.0,336.8
CHCL,10/18/2016,1261.0,1259.0,1245.0,1250.0,-0.87,3069.0,525.0,336.8
CHCL,10/19/2016,1250.0,1256.0,1245.0,1256.0,0.48,4542.0,525.0,336.8
CHCL,10/20/2016,1256.0,1255.0,1249.0,1254.0,-0.16,6590.0,525.0,336.8
CHCL,10/23/2016,1254.0,1270.0,1242.0,1244.0,-0.8,4402.0,525.0,336.8
CHCL,10/24/2016,1244.0,1248.0,1235.0,1240.0,-0.32,5956.0,525.0,336.8
CHCL,10/25/2016,1240.0,1242.0,1235.0,1240.0,0.0,3442.0,525.0,336.8
CHCL,10/26/2016,1240.0,1250.0,1225.0,1235.0,-0.4,4471.0,525.0,336.8
CHCL,10/27/2016,1235.0,1250.0,1230.0,1250.0,1.21,8215.0,525.0,336.8
CHCL,11/3/2016,1250.0,1252.0,1242.0,1242.0,-0.64,3473.0,525.0,336.8
CHCL,11/7/2016,1242.0,1250.0,1235.0,1235.0,-0.56,10235.0,525.0,336.8
CHCL,11/8/2016,1235.0,1245.0,1223.0,1223.0,-0.97,5750.0,525.0,336.8
CHCL,11/9/2016,1223.0,1235.0,1200.0,1210.0,-1.06,9159.0,525.0,336.8
CHCL,11/10/2016,1210.0,1255.0,1200.0,1213.0,0.25,6838.0,525.0,336.8
CHCL,11/13/2016,1213.0,1214.0,1189.0,1207.0,-0.49,8462.0,525.0,336.8
CHCL,11/14/2016,1207.0,1211.0,1198.0,1198.0,-0.75,7342.0,525.0,336.8
CHCL,11/15/2016,1198.0,1209.0,1182.0,1195.0,-0.25,8187.0,525.0,336.8
CHCL,11/16/2016,1195.0,1190.0,1165.0,1175.0,-1.67,10094.0,525.0,336.8
CHCL,11/17/2016,1175.0,1175.0,1136.0,1136.0,-3.32,10894.0,525.0,336.8
CHCL,11/20/2016,1136.0,1125.0,1075.0,1090.0,-4.05,8841.0,525.0,336.8
CHCL,11/21/2016,1090.0,1111.0,1070.0,1094.0,0.37,5262.0,525.0,336.8
CHCL,11/22/2016,1094.0,1110.0,1052.0,1081.0,-1.19,7247.0,525.0,336.8
CHCL,11/23/2016,1081.0,1085.0,1066.0,1070.0,-1.02,8833.0,525.0,336.8
CHCL,11/24/2016,1070.0,1081.0,1032.0,1065.0,-0.47,6437.0,525.0,336.8
CHCL,11/27/2016,1065.0,1055.0,990.0,1000.0,-6.1,19987.0,525.0,336.8
CHCL,11/28/2016,1000.0,1039.0,945.0,1029.0,2.9,13725.0,525.0,336.8
CHCL,11/29/2016,1029.0,1080.0,980.0,1080.0,4.96,8460.0,525.0,336.8
CHCL,11/30/2016,1080.0,1101.0,1065.0,1080.0,0.0,11229.0,525.0,336.8
CHCL,12/1/2016,1080.0,1122.0,1051.0,1062.0,-1.67,9635.0,525.0,336.8
CHCL,12/4/2016,1062.0,1055.0,1025.0,1025.0,-3.48,6879.0,525.0,336.8
CHCL,12/5/2016,1025.0,1043.0,1000.0,1000.0,-2.44,9238.0,525.0,336.8
CHCL,12/6/2016,1000.0,1020.0,990.0,1006.0,0.6,12334.0,525.0,336.8
CHCL,12/7/2016,1006.0,1040.0,1000.0,1040.0,3.38,10081.0,525.0,336.8
CHCL,12/8/2016,1040.0,1039.0,1014.0,1022.0,-1.73,4056.0,525.0,336.8
CHCL,12/11/2016,1022.0,1029.0,996.0,996.0,-2.54,9328.0,525.0,336.8
CHCL,12/12/2016,996.0,1009.0,980.0,1000.0,0.4,8582.0,525.0,336.8
CHCL,12/14/2016,1000.0,1000.0,970.0,992.0,-0.8,5257.0,525.0,336.8
CHCL,12/15/2016,992.0,990.0,960.0,980.0,-1.21,17273.0,525.0,336.8
CHCL,12/18/2016,980.0,975.0,958.0,961.0,-1.94,15932.0,525.0,336.8
CHCL,12/19/2016,961.0,975.0,955.0,958.0,-0.31,10490.0,525.0,336.8
CHCL,12/20/2016,958.0,945.0,917.0,929.0,-3.03,23131.0,525.0,336.8
CHCL,12/21/2016,929.0,929.0,905.0,920.0,-0.97,10975.0,525.0,336.8
CHCL,12/22/2016,920.0,920.0,900.0,900.0,-2.17,43186.0,525.0,336.8
CHCL,12/26/2016,818.0,810.0,781.0,790.0,-12.22,7683.0,525.0,336.8
CHCL,12/27/2016,790.0,790.0,760.0,778.0,-1.52,10419.0,525.0,336.8
CHCL,12/28/2016,778.0,800.0,771.0,799.0,2.7,9429.0,525.0,336.8
CHCL,12/29/2016,799.0,811.0,800.0,800.0,0.13,24203.0,525.0,336.8
CHCL,1/1/2017,800.0,824.0,808.0,815.0,1.88,12046.0,525.0,336.8
CHCL,1/2/2017,815.0,828.0,811.0,818.0,0.37,11263.0,525.0,336.8
CHCL,1/3/2017,818.0,820.0,810.0,810.0,-0.98,6109.0,525.0,336.8
CHCL,1/4/2017,810.0,810.0,795.0,805.0,-0.62,3779.0,525.0,336.8
CHCL,1/5/2017,805.0,811.0,800.0,807.0,0.25,6201.0,525.0,336.8
CHCL,1/8/2017,807.0,805.0,798.0,800.0,-0.87,5787.0,525.0,336.8
CHCL,1/9/2017,800.0,810.0,797.0,802.0,0.25,3187.0,525.0,336.8
CHCL,1/10/2017,802.0,825.0,802.0,820.0,2.24,1654.0,525.0,336.8
CHCL,1/11/2017,820.0,821.0,813.0,817.0,-0.37,2318.0,525.0,336.8
CHCL,1/12/2017,817.0,820.0,810.0,817.0,0.0,5112.0,525.0,336.8
CHCL,1/15/2017,817.0,812.0,807.0,807.0,-1.22,680.0,525.0,336.8
CHCL,1/16/2017,807.0,815.0,808.0,808.0,0.12,1775.0,525.0,336.8
CHCL,1/17/2017,808.0,815.0,801.0,809.0,0.12,3867.0,525.0,336.8
CHCL,1/18/2017,809.0,814.0,793.0,806.0,-0.37,2558.0,525.0,336.8
CHCL,1/19/2017,806.0,817.0,800.0,817.0,1.36,5854.0,525.0,336.8
CHCL,1/22/2017,817.0,820.0,805.0,808.0,-1.1,2233.0,525.0,336.8
CHCL,1/23/2017,808.0,820.0,806.0,806.0,-0.25,1208.0,525.0,336.8
CHCL,1/24/2017,806.0,810.0,794.0,794.0,-1.49,4553.0,525.0,336.8
CHCL,1/25/2017,794.0,791.0,765.0,772.0,-2.77,3943.0,525.0,336.8
CHCL,1/26/2017,772.0,780.0,758.0,770.0,-0.26,4229.0,525.0,336.8
CHCL,1/30/2017,770.0,781.0,746.0,746.0,-3.12,8571.0,525.0,336.8
CHCL,1/31/2017,746.0,759.0,744.0,752.0,0.8,5457.0,525.0,336.8
CHCL,2/1/2017,752.0,790.0,760.0,780.0,3.72,4272.0,525.0,336.8
CHCL,2/2/2017,780.0,786.0,755.0,770.0,-1.28,5371.0,525.0,336.8
CHCL,2/5/2017,770.0,772.0,754.0,768.0,-0.26,3355.0,525.0,336.8
CHCL,2/6/2017,768.0,770.0,757.0,761.0,-0.91,5096.0,525.0,336.8
CHCL,2/7/2017,761.0,761.0,738.0,752.0,-1.18,18763.0,525.0,336.8
CHCL,2/8/2017,752.0,755.0,741.0,750.0,-0.27,3564.0,525.0,336.8
CHCL,2/9/2017,750.0,753.0,742.0,746.0,-0.53,3664.0,525.0,336.8
CHCL,2/12/2017,746.0,760.0,710.0,710.0,-4.83,6059.0,525.0,336.8
CHCL,2/13/2017,710.0,727.0,665.0,727.0,2.39,17591.0,525.0,336.8
CHCL,2/14/2017,727.0,715.0,694.0,700.0,-3.71,15059.0,525.0,336.8
CHCL,2/15/2017,700.0,721.0,701.0,721.0,3.0,9467.0,525.0,336.8
CHCL,2/16/2017,721.0,735.0,711.0,725.0,0.55,10479.0,525.0,336.8
CHCL,2/19/2017,725.0,730.0,720.0,725.0,0.0,9475.0,525.0,336.8
CHCL,2/20/2017,725.0,748.0,720.0,730.0,0.69,15394.0,525.0,336.8
CHCL,2/21/2017,730.0,740.0,721.0,730.0,0.0,6961.0,525.0,336.8
CHCL,2/22/2017,730.0,742.0,720.0,728.0,-0.27,6105.0,525.0,336.8
CHCL,2/23/2017,728.0,740.0,717.0,728.0,0.0,2885.0,525.0,336.8
CHCL,2/26/2017,728.0,726.0,700.0,712.0,-2.2,11221.0,525.0,336.8
CHCL,2/28/2017,712.0,714.0,698.0,714.0,0.28,3227.0,525.0,336.8
CHCL,3/1/2017,714.0,724.0,715.0,718.0,0.56,1553.0,525.0,336.8
CHCL,3/2/2017,718.0,729.0,718.0,729.0,1.53,2241.0,525.0,336.8
CHCL,3/5/2017,729.0,743.0,729.0,739.0,1.37,6340.0,525.0,336.8
CHCL,3/6/2017,739.0,755.0,745.0,751.0,1.62,6639.0,525.0,336.8
CHCL,3/7/2017,751.0,740.0,725.0,734.0,-2.26,7849.0,525.0,336.8
CHCL,3/9/2017,734.0,740.0,730.0,733.0,-0.14,4564.0,525.0,336.8
CHCL,3/13/2017,733.0,745.0,729.0,729.0,-0.55,3666.0,525.0,336.8
CHCL,3/14/2017,729.0,739.0,725.0,732.0,0.41,4108.0,525.0,336.8
CHCL,3/15/2017,732.0,760.0,725.0,750.0,2.46,9041.0,525.0,336.8
CHCL,3/16/2017,750.0,760.0,748.0,748.0,-0.27,5422.0,525.0,336.8
CHCL,3/19/2017,748.0,790.0,753.0,789.0,5.48,6272.0,525.0,336.8
CHCL,3/20/2017,789.0,810.0,790.0,800.0,1.39,6779.0,525.0,336.8
CHCL,3/21/2017,800.0,805.0,765.0,800.0,0.0,12722.0,525.0,336.8
CHCL,3/22/2017,800.0,832.0,796.0,818.0,2.25,27981.0,525.0,336.8
CHCL,3/23/2017,818.0,836.0,805.0,828.0,1.22,10052.0,525.0,336.8
CHCL,3/26/2017,828.0,910.0,826.0,910.0,9.9,16026.0,525.0,336.8
CHCL,3/28/2017,910.0,980.0,928.0,955.0,4.95,12069.0,525.0,336.8
CHCL,3/29/2017,955.0,988.0,916.0,915.0,-4.19,21635.0,525.0,336.8
CHCL,3/30/2017,915.0,930.0,877.0,902.0,-1.42,9656.0,525.0,336.8
CHCL,4/2/2017,902.0,940.0,915.0,938.0,3.99,7234.0,525.0,336.8
CHCL,4/3/2017,938.0,1009.0,907.0,933.0,-0.53,12341.0,525.0,336.8
CHCL,4/4/2017,933.0,944.0,902.0,910.0,-2.47,4727.0,525.0,336.8
CHCL,4/6/2017,910.0,923.0,900.0,906.0,-0.44,11037.0,525.0,336.8
CHCL,4/9/2017,906.0,910.0,890.0,900.0,-0.66,6325.0,525.0,336.8
CHCL,4/10/2017,900.0,934.0,890.0,914.0,1.56,8583.0,525.0,336.8
CHCL,4/11/2017,914.0,928.0,905.0,914.0,0.0,6002.0,525.0,336.8
CHCL,4/12/2017,914.0,931.0,910.0,913.0,-0.11,11808.0,525.0,336.8
CHCL,4/13/2017,913.0,910.0,885.0,898.0,-1.64,5894.0,525.0,336.8
CHCL,4/16/2017,898.0,910.0,875.0,875.0,-2.56,7334.0,525.0,336.8
CHCL,4/18/2017,875.0,861.0,836.0,842.0,-3.77,10402.0,525.0,336.8
CHCL,4/19/2017,842.0,865.0,826.0,861.0,2.26,4296.0,525.0,336.8
CHCL,4/20/2017,861.0,869.0,852.0,863.0,0.23,5025.0,525.0,336.8
CHCL,4/23/2017,863.0,930.0,860.0,879.0,1.85,8966.0,525.0,336.8
CHCL,4/24/2017,879.0,880.0,858.0,870.0,-1.02,1777.0,525.0,336.8
CHCL,4/25/2017,870.0,870.0,850.0,856.0,-1.61,6067.0,525.0,336.8
CHCL,4/26/2017,856.0,865.0,841.0,858.0,0.23,7129.0,525.0,336.8
CHCL,4/27/2017,858.0,865.0,855.0,855.0,-0.35,5638.0,525.0,336.8
CHCL,4/30/2017,855.0,858.0,835.0,858.0,0.35,9279.0,525.0,336.8
CHCL,5/2/2017,858.0,860.0,846.0,857.0,-0.12,2708.0,525.0,336.8
CHCL,5/3/2017,857.0,860.0,840.0,848.0,-1.05,4891.0,525.0,336.8
CHCL,5/4/2017,848.0,855.0,840.0,845.0,-0.35,5108.0,525.0,336.8
CHCL,5/7/2017,845.0,850.0,831.0,831.0,-1.66,6717.0,525.0,336.8
CHCL,5/8/2017,831.0,845.0,821.0,840.0,1.08,2483.0,525.0,336.8
CHCL,5/9/2017,840.0,892.0,830.0,875.0,4.17,9106.0,525.0,336.8
CHCL,5/11/2017,875.0,905.0,873.0,896.0,2.4,19373.0,525.0,336.8
CHCL,5/15/2017,896.0,912.0,885.0,896.0,0.0,12837.0,525.0,336.8
CHCL,5/16/2017,896.0,896.0,863.0,885.0,-1.23,6011.0,525.0,336.8
CHCL,5/17/2017,885.0,885.0,865.0,865.0,-2.26,949.0,525.0,336.8
CHCL,5/18/2017,865.0,878.0,856.0,878.0,1.5,3449.0,525.0,336.8
CHCL,5/21/2017,878.0,874.0,855.0,870.0,-0.91,6643.0,525.0,336.8
CHCL,5/22/2017,870.0,870.0,852.0,856.0,-1.61,4471.0,525.0,336.8
CHCL,5/23/2017,856.0,871.0,860.0,861.0,0.58,3091.0,525.0,336.8
CHCL,5/24/2017,861.0,875.0,845.0,860.0,-0.12,4158.0,525.0,336.8
CHCL,5/28/2017,860.0,850.0,830.0,850.0,-1.16,9934.0,525.0,336.8
CHCL,5/30/2017,850.0,845.0,825.0,843.0,-0.82,13442.0,525.0,336.8
CHCL,5/31/2017,843.0,855.0,825.0,840.0,-0.36,5724.0,525.0,336.8
CHCL,6/1/2017,840.0,857.0,824.0,857.0,2.02,10505.0,525.0,336.8
CHCL,6/4/2017,857.0,851.0,835.0,835.0,-2.57,4819.0,525.0,336.8
CHCL,6/5/2017,835.0,855.0,835.0,840.0,0.6,3043.0,525.0,336.8
CHCL,6/6/2017,840.0,863.0,824.0,863.0,2.74,11949.0,525.0,336.8
CHCL,6/7/2017,863.0,872.0,856.0,856.0,-0.81,6550.0,525.0,336.8
CHCL,6/8/2017,856.0,855.0,841.0,853.0,-0.35,4450.0,525.0,336.8
CHCL,6/11/2017,853.0,842.0,821.0,830.0,-2.7,6168.0,525.0,336.8
CHCL,6/12/2017,830.0,833.0,821.0,825.0,-0.6,4484.0,525.0,336.8
CHCL,6/13/2017,825.0,840.0,823.0,840.0,1.82,3618.0,525.0,336.8
CHCL,6/14/2017,840.0,840.0,831.0,840.0,0.0,1123.0,525.0,336.8
CHCL,6/15/2017,840.0,850.0,832.0,835.0,-0.6,2441.0,525.0,336.8
CHCL,6/18/2017,835.0,835.0,826.0,832.0,-0.36,2359.0,525.0,336.8
CHCL,6/19/2017,832.0,827.0,820.0,823.0,-1.08,3248.0,525.0,336.8
CHCL,6/20/2017,823.0,825.0,806.0,819.0,-0.49,4048.0,525.0,336.8
CHCL,6/21/2017,819.0,816.0,805.0,815.0,-0.49,3279.0,525.0,336.8
CHCL,6/22/2017,815.0,829.0,815.0,829.0,1.72,1854.0,525.0,336.8
CHCL,6/25/2017,829.0,833.0,810.0,819.0,-1.21,5530.0,525.0,336.8
CHCL,6/27/2017,819.0,835.0,810.0,815.0,-0.49,2249.0,525.0,336.8
CHCL,6/28/2017,815.0,819.0,800.0,805.0,-1.23,7707.0,525.0,336.8
CHCL,7/2/2017,805.0,810.0,795.0,800.0,-0.62,3374.0,525.0,336.8
CHCL,7/3/2017,800.0,805.0,796.0,804.0,0.5,3244.0,525.0,336.8
CHCL,7/4/2017,804.0,804.0,796.0,799.0,-0.62,3289.0,525.0,336.8
CHCL,7/5/2017,799.0,810.0,792.0,810.0,1.38,2646.0,525.0,336.8
CHCL,7/6/2017,810.0,826.0,806.0,810.0,0.0,4280.0,525.0,336.8
CHCL,7/9/2017,810.0,815.0,795.0,800.0,-1.23,11360.0,525.0,336.8
CHCL,7/10/2017,800.0,805.0,785.0,792.0,-1.0,6601.0,525.0,336.8
CHCL,7/11/2017,792.0,807.0,777.0,797.0,0.63,2083.0,525.0,336.8
CHCL,7/12/2017,797.0,801.0,793.0,793.0,-0.5,15624.0,525.0,336.8
CHCL,7/13/2017,793.0,808.0,790.0,798.0,0.63,8375.0,525.0,336.8
CHCL,7/16/2017,798.0,802.0,795.0,795.0,-0.38,2469.0,525.0,336.8
CHCL,7/17/2017,795.0,800.0,786.0,793.0,-0.25,6034.0,525.0,336.8
CHCL,7/18/2017,793.0,824.0,791.0,824.0,3.91,11041.0,525.0,336.8
CHCL,7/19/2017,824.0,826.0,810.0,813.0,-1.33,4393.0,525.0,336.8
CHCL,7/20/2017,813.0,820.0,810.0,820.0,0.86,6610.0,525.0,336.8
CHCL,7/23/2017,820.0,821.0,810.0,821.0,0.12,5784.0,525.0,336.8
CHCL,7/24/2017,821.0,818.0,808.0,813.0,-0.97,6086.0,525.0,336.8
CHCL,7/25/2017,813.0,824.0,808.0,811.0,-0.25,7889.0,525.0,336.8
CHCL,7/26/2017,811.0,831.0,805.0,811.0,0.0,6815.0,525.0,336.8
CHCL,7/27/2017,811.0,821.0,797.0,800.0,-1.36,6720.0,525.0,336.8
CHCL,7/30/2017,800.0,804.0,796.0,800.0,0.0,3947.0,525.0,336.8
CHCL,7/31/2017,800.0,826.0,799.0,820.0,2.5,9056.0,525.0,336.8
CHCL,8/1/2017,820.0,815.0,810.0,811.0,-1.1,11748.0,525.0,336.8
CHCL,8/2/2017,811.0,827.0,810.0,811.0,0.0,3480.0,525.0,336.8
CHCL,8/3/2017,811.0,825.0,805.0,805.0,-0.74,12550.0,525.0,336.8
CHCL,8/6/2017,805.0,820.0,797.0,800.0,-0.62,9823.0,525.0,336.8
CHCL,8/7/2017,800.0,805.0,800.0,801.0,0.12,9166.0,525.0,336.8
CHCL,8/9/2017,801.0,810.0,797.0,797.0,-0.5,9656.0,525.0,336.8
CHCL,8/10/2017,797.0,800.0,796.0,800.0,0.38,9472.0,525.0,336.8
CHCL,8/13/2017,800.0,810.0,790.0,790.0,-1.25,6837.0,525.0,336.8
CHCL,8/15/2017,790.0,782.0,775.0,780.0,-1.27,4131.0,525.0,336.8
CHCL,8/16/2017,780.0,800.0,780.0,784.0,0.51,5837.0,525.0,336.8
CHCL,8/17/2017,784.0,795.0,775.0,785.0,0.13,8692.0,525.0,336.8
CHCL,8/20/2017,785.0,790.0,785.0,786.0,0.13,6586.0,525.0,336.8
CHCL,8/21/2017,786.0,790.0,780.0,786.0,0.0,4459.0,525.0,336.8
CHCL,8/22/2017,786.0,790.0,780.0,788.0,0.25,1831.0,525.0,336.8
CHCL,8/23/2017,788.0,788.0,781.0,781.0,-0.89,2525.0,525.0,336.8
CHCL,8/24/2017,781.0,796.0,781.0,783.0,0.26,4503.0,525.0,336.8
CHCL,8/27/2017,783.0,790.0,785.0,785.0,0.26,4039.0,525.0,336.8
CHCL,8/28/2017,785.0,785.0,776.0,785.0,0.0,3022.0,525.0,336.8
CHCL,8/30/2017,785.0,789.0,768.0,770.0,-1.91,5921.0,525.0,336.8
CHCL,8/31/2017,770.0,782.0,768.0,773.0,0.39,4956.0,525.0,336.8
CHCL,9/4/2017,773.0,798.0,762.0,766.0,-0.91,6857.0,525.0,336.8
CHCL,9/6/2017,766.0,780.0,762.0,770.0,0.52,6766.0,525.0,336.8
CHCL,9/7/2017,770.0,772.0,760.0,764.0,-0.78,4657.0,525.0,336.8
CHCL,9/10/2017,764.0,768.0,760.0,760.0,-0.52,5372.0,525.0,336.8
CHCL,9/11/2017,760.0,765.0,755.0,755.0,-0.66,4634.0,525.0,336.8
CHCL,9/12/2017,755.0,755.0,745.0,755.0,0.0,2758.0,525.0,336.8
CHCL,9/13/2017,755.0,770.0,740.0,770.0,1.99,4620.0,525.0,336.8
CHCL,9/14/2017,770.0,780.0,758.0,758.0,-1.56,2593.0,525.0,336.8
CHCL,9/17/2017,758.0,765.0,744.0,760.0,0.26,6799.0,525.0,336.8
CHCL,9/18/2017,760.0,784.0,756.0,780.0,2.63,6239.0,525.0,336.8
CHCL,9/20/2017,780.0,780.0,759.0,780.0,0.0,2888.0,525.0,336.8
CHCL,9/24/2017,780.0,783.0,770.0,780.0,0.0,5749.0,525.0,336.8
CHCL,9/25/2017,780.0,799.0,778.0,798.0,2.31,2422.0,525.0,336.8
CHCL,9/26/2017,798.0,805.0,790.0,800.0,0.25,6536.0,525.0,336.8
CHCL,10/3/2017,800.0,867.0,800.0,865.0,8.13,8734.0,525.0,336.8
CHCL,10/4/2017,865.0,899.0,831.0,833.0,-3.7,21104.0,525.0,336.8
CHCL,10/8/2017,833.0,840.0,804.0,825.0,-0.96,10718.0,525.0,336.8
CHCL,10/9/2017,825.0,830.0,804.0,811.0,-1.7,17823.0,525.0,336.8
CHCL,10/10/2017,811.0,830.0,800.0,820.0,1.11,11184.0,525.0,336.8
CHCL,10/11/2017,820.0,850.0,830.0,848.0,3.41,36901.0,525.0,336.8
CHCL,10/12/2017,848.0,866.0,835.0,838.0,-1.18,84808.0,525.0,336.8
CHCL,10/15/2017,838.0,851.0,829.0,842.0,0.48,10182.0,525.0,336.8
CHCL,10/16/2017,842.0,865.0,850.0,865.0,2.73,22782.0,525.0,336.8
CHCL,10/17/2017,865.0,890.0,853.0,885.0,2.31,30025.0,525.0,336.8
CHCL,10/18/2017,885.0,910.0,876.0,901.0,1.81,44422.0,525.0,336.8
CHCL,10/22/2017,901.0,928.0,902.0,906.0,0.55,53361.0,525.0,336.8
CHCL,10/23/2017,788.0,806.0,785.0,786.0,-13.25,7825.0,525.0,336.8
CHCL,10/24/2017,786.0,785.0,765.0,766.0,-2.54,4833.0,525.0,336.8
CHCL,10/25/2017,766.0,769.0,752.0,755.0,-1.44,5893.0,525.0,336.8
CHCL,10/29/2017,755.0,756.0,742.0,748.0,-0.93,16281.0,525.0,336.8
CHCL,10/30/2017,748.0,760.0,749.0,757.0,1.2,4175.0,525.0,336.8
CHCL,10/31/2017,757.0,765.0,757.0,760.0,0.4,10707.0,525.0,336.8
CHCL,11/1/2017,760.0,780.0,763.0,766.0,0.79,6022.0,525.0,336.8
CHCL,11/2/2017,766.0,775.0,760.0,775.0,1.17,8464.0,525.0,336.8
CHCL,11/5/2017,775.0,772.0,754.0,762.0,-1.68,14180.0,525.0,336.8
CHCL,11/6/2017,762.0,769.0,750.0,769.0,0.92,7701.0,525.0,336.8
CHCL,11/7/2017,769.0,780.0,765.0,773.0,0.52,8011.0,525.0,336.8
CHCL,11/8/2017,773.0,775.0,756.0,757.0,-2.07,15506.0,525.0,336.8
CHCL,11/9/2017,757.0,775.0,758.0,765.0,1.06,6570.0,525.0,336.8
CHCL,11/12/2017,765.0,799.0,775.0,790.0,3.27,13861.0,525.0,336.8
CHCL,11/13/2017,790.0,855.0,795.0,854.0,8.1,39163.0,525.0,336.8
CHCL,11/14/2017,854.0,899.0,858.0,885.0,3.63,68710.0,525.0,336.8
CHCL,11/15/2017,885.0,890.0,854.0,856.0,-3.28,45234.0,525.0,336.8
CHCL,11/16/2017,856.0,854.0,837.0,839.0,-1.99,22531.0,525.0,336.8
CHCL,11/19/2017,839.0,889.0,833.0,835.0,-0.48,9786.0,525.0,336.8
CHCL,11/20/2017,835.0,842.0,821.0,827.0,-0.96,8351.0,525.0,336.8
CHCL,11/21/2017,827.0,839.0,823.0,830.0,0.36,11240.0,525.0,336.8
CHCL,11/22/2017,830.0,853.0,830.0,851.0,2.53,10202.0,525.0,336.8
CHCL,11/23/2017,851.0,870.0,851.0,866.0,1.76,12262.0,525.0,336.8
CHCL,11/26/2017,866.0,918.0,855.0,918.0,6.0,46218.0,525.0,336.8
CHCL,11/27/2017,918.0,965.0,893.0,939.0,2.29,69469.0,525.0,336.8
CHCL,11/28/2017,939.0,964.0,926.0,960.0,2.24,44590.0,525.0,336.8
CHCL,11/29/2017,960.0,975.0,932.0,940.0,-2.08,62416.0,525.0,336.8
CHCL,11/30/2017,940.0,960.0,920.0,951.0,1.17,46434.0,525.0,336.8
CHCL,12/4/2017,951.0,960.0,944.0,948.0,-0.32,17790.0,525.0,336.8
CHCL,12/5/2017,948.0,938.0,932.0,935.0,-1.37,10071.0,525.0,336.8
CHCL,12/6/2017,935.0,969.0,945.0,950.0,1.6,13237.0,525.0,336.8
CHCL,12/10/2017,950.0,968.0,938.0,947.0,-0.32,26553.0,525.0,336.8
CHCL,12/11/2017,947.0,965.0,944.0,945.0,-0.21,17274.0,525.0,336.8
CHCL,12/12/2017,945.0,950.0,944.0,946.0,0.11,13681.0,525.0,336.8
CHCL,12/13/2017,946.0,969.0,932.0,954.0,0.85,14011.0,525.0,336.8
CHCL,12/14/2017,954.0,963.0,945.0,948.0,-0.63,9377.0,525.0,336.8
CHCL,12/17/2017,948.0,953.0,941.0,945.0,-0.32,13175.0,525.0,336.8
CHCL,12/18/2017,945.0,956.0,944.0,955.0,1.06,16493.0,525.0,336.8
CHCL,12/19/2017,955.0,959.0,943.0,959.0,0.42,9790.0,525.0,336.8
CHCL,12/20/2017,959.0,948.0,930.0,937.0,-2.29,14162.0,525.0,336.8
CHCL,12/21/2017,937.0,935.0,921.0,922.0,-1.6,10697.0,525.0,336.8
CHCL,12/24/2017,922.0,944.0,920.0,923.0,0.11,5535.0,525.0,336.8
CHCL,12/26/2017,923.0,911.0,900.0,901.0,-2.38,22480.0,525.0,336.8
CHCL,12/27/2017,901.0,919.0,889.0,893.0,-0.89,19599.0,525.0,336.8
CHCL,12/28/2017,893.0,905.0,877.0,887.0,-0.67,6444.0,525.0,336.8
CHCL,12/31/2017,887.0,885.0,860.0,885.0,-0.23,8701.0,525.0,336.8
CHCL,1/1/2018,885.0,915.0,878.0,915.0,3.39,17693.0,525.0,336.8
CHCL,1/2/2018,915.0,928.0,895.0,895.0,-2.19,5932.0,525.0,336.8
CHCL,1/3/2018,895.0,900.0,880.0,885.0,-1.12,4558.0,525.0,336.8
CHCL,1/4/2018,885.0,889.0,882.0,882.0,-0.34,4324.0,525.0,336.8
CHCL,1/7/2018,882.0,895.0,870.0,885.0,0.34,7112.0,525.0,336.8
CHCL,1/8/2018,885.0,897.0,885.0,894.0,1.02,6777.0,525.0,336.8
CHCL,1/9/2018,894.0,905.0,888.0,898.0,0.45,10397.0,525.0,336.8
CHCL,1/10/2018,898.0,903.0,884.0,892.0,-0.67,9988.0,525.0,336.8
CHCL,1/14/2018,892.0,954.0,880.0,954.0,6.95,12479.0,525.0,336.8
CHCL,1/16/2018,954.0,935.0,876.0,883.0,-7.44,6159.0,525.0,336.8
CHCL,1/17/2018,883.0,890.0,875.0,878.0,-0.57,5438.0,525.0,336.8
CHCL,1/21/2018,878.0,886.0,872.0,882.0,0.46,4410.0,525.0,336.8
CHCL,1/22/2018,882.0,899.0,883.0,897.0,1.7,3622.0,525.0,336.8
CHCL,1/23/2018,897.0,890.0,880.0,881.0,-1.78,4559.0,525.0,336.8
CHCL,1/24/2018,881.0,883.0,880.0,881.0,0.0,5504.0,525.0,336.8
CHCL,1/25/2018,881.0,887.0,881.0,887.0,0.68,3302.0,525.0,336.8
CHCL,1/28/2018,887.0,890.0,879.0,879.0,-0.9,4555.0,525.0,336.8
CHCL,1/29/2018,879.0,880.0,867.0,876.0,-0.34,3046.0,525.0,336.8
CHCL,1/31/2018,876.0,880.0,873.0,878.0,0.23,2571.0,525.0,336.8
CHCL,2/1/2018,878.0,890.0,870.0,875.0,-0.34,6821.0,525.0,336.8
CHCL,2/4/2018,875.0,881.0,875.0,878.0,0.34,4102.0,525.0,336.8
CHCL,2/5/2018,878.0,877.0,866.0,869.0,-1.03,4820.0,525.0,336.8
CHCL,2/6/2018,869.0,869.0,858.0,858.0,-1.27,5510.0,525.0,336.8
CHCL,2/7/2018,858.0,862.0,845.0,853.0,-0.58,6152.0,525.0,336.8
CHCL,2/8/2018,853.0,872.0,850.0,872.0,2.23,4113.0,525.0,336.8
CHCL,2/11/2018,872.0,866.0,850.0,850.0,-2.52,9958.0,525.0,336.8
CHCL,2/12/2018,850.0,855.0,850.0,851.0,0.12,3733.0,525.0,336.8
CHCL,2/14/2018,851.0,868.0,851.0,860.0,1.06,1570.0,525.0,336.8
CHCL,2/15/2018,860.0,891.0,861.0,891.0,3.6,5833.0,525.0,336.8
CHCL,2/18/2018,890.0,890.0,877.0,877.0,-1.57,5715.0,525.0,336.8
CHCL,2/20/2018,865.0,877.0,861.0,865.0,-1.37,1341.0,525.0,336.8
CHCL,2/21/2018,860.0,860.0,850.0,854.0,-1.27,1936.0,525.0,336.8
CHCL,2/22/2018,850.0,860.0,846.0,850.0,-0.47,8451.0,525.0,336.8
CHCL,2/25/2018,850.0,850.0,840.0,842.0,-0.94,6758.0,525.0,336.8
CHCL,2/26/2018,845.0,845.0,830.0,830.0,-1.43,7010.0,525.0,336.8
CHCL,2/27/2018,835.0,850.0,830.0,830.0,0.0,4084.0,525.0,336.8
CHCL,2/28/2018,845.0,835.0,823.0,825.0,-0.6,7979.0,525.0,336.8
CHCL,3/4/2018,811.0,811.0,785.0,792.0,-4.0,8077.0,525.0,336.8
CHCL,3/5/2018,792.0,807.0,771.0,773.0,-2.4,7455.0,525.0,336.8
CHCL,3/6/2018,773.0,805.0,766.0,790.0,2.2,6587.0,525.0,336.8
CHCL,3/7/2018,800.0,805.0,790.0,802.0,1.52,6195.0,525.0,336.8
CHCL,3/11/2018,788.0,798.0,765.0,766.0,-4.49,7351.0,525.0,336.8
CHCL,3/12/2018,760.0,765.0,746.0,759.0,-0.91,11023.0,525.0,336.8
CHCL,3/13/2018,759.0,760.0,746.0,760.0,0.13,5728.0,525.0,336.8
CHCL,3/14/2018,760.0,766.0,758.0,766.0,0.79,3345.0,525.0,336.8
CHCL,3/15/2018,760.0,779.0,760.0,775.0,1.17,2825.0,525.0,336.8
CHCL,3/18/2018,777.0,777.0,760.0,760.0,-1.94,4112.0,525.0,336.8
CHCL,3/19/2018,760.0,764.0,747.0,750.0,-1.32,8879.0,525.0,336.8
CHCL,3/20/2018,744.0,750.0,735.0,740.0,-1.33,4763.0,525.0,336.8
CHCL,3/21/2018,740.0,740.0,723.0,725.0,-2.03,6652.0,525.0,336.8
CHCL,3/22/2018,720.0,743.0,700.0,711.0,-1.93,17788.0,525.0,336.8
CHCL,3/26/2018,712.0,712.0,679.0,680.0,-4.36,13245.0,525.0,336.8
CHCL,3/27/2018,672.0,745.0,661.0,710.0,4.41,6066.0,525.0,336.8
CHCL,3/28/2018,710.0,721.0,692.0,700.0,-1.41,27220.0,525.0,336.8
CHCL,3/29/2018,714.0,718.0,700.0,717.0,2.43,11280.0,525.0,336.8
CHCL,4/1/2018,720.0,720.0,689.0,700.0,-2.37,12520.0,525.0,336.8
CHCL,4/2/2018,704.0,708.0,696.0,702.0,0.29,8890.0,525.0,336.8
CHCL,4/3/2018,700.0,710.0,696.0,708.0,0.85,7486.0,525.0,336.8
CHCL,4/4/2018,710.0,732.0,710.0,727.0,2.68,6147.0,525.0,336.8
CHCL,4/5/2018,740.0,748.0,725.0,747.0,2.75,10117.0,525.0,336.8
CHCL,4/8/2018,740.0,808.0,740.0,794.0,6.29,13684.0,525.0,336.8
CHCL,4/9/2018,809.0,809.0,779.0,789.0,-0.63,24064.0,525.0,336.8
CHCL,4/10/2018,774.0,790.0,757.0,760.0,-3.68,12480.0,525.0,336.8
CHCL,4/11/2018,760.0,770.0,752.0,769.0,1.18,4511.0,525.0,336.8
CHCL,4/12/2018,770.0,782.0,770.0,772.0,0.39,17199.0,525.0,336.8
CHCL,4/15/2018,770.0,770.0,746.0,762.0,-1.3,10876.0,525.0,336.8
CHCL,4/16/2018,756.0,780.0,756.0,761.0,-0.13,10684.0,525.0,336.8
CHCL,4/17/2018,766.0,800.0,766.0,787.0,3.42,9818.0,525.0,336.8
CHCL,4/18/2018,799.0,865.0,778.0,856.0,8.77,39260.0,525.0,336.8
CHCL,4/19/2018,850.0,880.0,842.0,865.0,1.05,49054.0,525.0,336.8
CHCL,4/22/2018,882.0,908.0,860.0,906.0,4.74,30381.0,525.0,336.8
CHCL,4/23/2018,910.0,910.0,860.0,877.0,-3.2,41975.0,525.0,336.8
CHCL,4/24/2018,870.0,880.0,859.0,872.0,-0.57,19937.0,525.0,336.8
CHCL,4/25/2018,870.0,870.0,853.0,858.0,-1.61,21733.0,525.0,336.8
CHCL,4/26/2018,875.0,875.0,829.0,830.0,-3.26,13870.0,525.0,336.8
CHCL,4/29/2018,820.0,846.0,816.0,828.0,-0.24,7595.0,525.0,336.8
CHCL,5/2/2018,828.0,844.0,815.0,840.0,1.45,5671.0,525.0,336.8
CHCL,5/3/2018,841.0,875.0,841.0,857.0,2.02,28081.0,525.0,336.8
CHCL,5/6/2018,874.0,874.0,840.0,852.0,-0.58,9425.0,525.0,336.8
CHCL,5/7/2018,852.0,852.0,841.0,844.0,-0.94,6952.0,525.0,336.8
CHCL,5/8/2018,855.0,860.0,840.0,854.0,1.18,6343.0,525.0,336.8
CHCL,5/9/2018,854.0,855.0,850.0,854.0,0.0,3326.0,525.0,336.8
CHCL,5/10/2018,840.0,847.0,837.0,840.0,-1.64,8641.0,525.0,336.8
CHCL,5/14/2018,830.0,838.0,828.0,834.0,-0.71,5580.0,525.0,336.8
CHCL,5/15/2018,830.0,832.0,820.0,825.0,-1.08,3709.0,525.0,336.8
CHCL,5/16/2018,814.0,840.0,814.0,838.0,1.58,5805.0,525.0,336.8
CHCL,5/17/2018,841.0,845.0,839.0,841.0,0.36,7015.0,525.0,336.8
CHCL,5/20/2018,845.0,864.0,836.0,848.0,0.83,7342.0,525.0,336.8
CHCL,5/21/2018,850.0,854.0,838.0,841.0,-0.83,5194.0,525.0,336.8
CHCL,5/22/2018,857.0,857.0,836.0,837.0,-0.48,8133.0,525.0,336.8
CHCL,5/23/2018,831.0,841.0,828.0,841.0,0.48,5372.0,525.0,336.8
CHCL,5/24/2018,836.0,842.0,836.0,836.0,-0.59,5603.0,525.0,336.8
CHCL,5/27/2018,823.0,828.0,820.0,820.0,-1.91,6464.0,525.0,336.8
CHCL,5/28/2018,820.0,851.0,815.0,841.0,2.56,10230.0,525.0,336.8
CHCL,5/29/2018,835.0,847.0,831.0,839.0,-0.24,7744.0,525.0,336.8
CHCL,5/30/2018,826.0,850.0,826.0,833.0,-0.72,9714.0,525.0,336.8
CHCL,5/31/2018,834.0,844.0,822.0,826.0,-0.84,3459.0,525.0,336.8
CHCL,6/3/2018,820.0,825.0,805.0,806.0,-2.42,8608.0,525.0,336.8
CHCL,6/4/2018,794.0,820.0,791.0,795.0,-1.36,10075.0,525.0,336.8
CHCL,6/6/2018,810.0,821.0,805.0,805.0,1.26,3433.0,525.0,336.8
CHCL,6/7/2018,805.0,805.0,784.0,784.0,-2.61,6415.0,525.0,336.8
CHCL,6/10/2018,771.0,779.0,763.0,767.0,-2.17,4536.0,525.0,336.8
CHCL,6/11/2018,765.0,797.0,760.0,773.0,0.78,6710.0,525.0,336.8
CHCL,6/12/2018,765.0,784.0,760.0,770.0,-0.39,2184.0,525.0,336.8
CHCL,6/13/2018,770.0,780.0,770.0,775.0,0.65,1365.0,525.0,336.8
CHCL,6/14/2018,780.0,794.0,762.0,775.0,0.0,5644.0,525.0,336.8
CHCL,6/17/2018,770.0,772.0,760.0,760.0,-1.94,2697.0,525.0,336.8
CHCL,6/18/2018,747.0,768.0,747.0,768.0,1.05,2481.0,525.0,336.8
CHCL,6/19/2018,758.0,770.0,758.0,770.0,0.26,7186.0,525.0,336.8
CHCL,6/20/2018,760.0,764.0,760.0,761.0,-1.17,3290.0,525.0,336.8
CHCL,6/21/2018,760.0,770.0,755.0,764.0,0.39,5621.0,525.0,336.8
CHCL,6/24/2018,765.0,770.0,760.0,760.0,-0.52,6121.0,525.0,336.8
CHCL,6/25/2018,755.0,756.0,746.0,750.0,-1.32,4903.0,525.0,336.8
CHCL,6/26/2018,750.0,755.0,745.0,750.0,0.0,3428.0,525.0,336.8
CHCL,6/27/2018,735.0,750.0,735.0,745.0,-0.67,2406.0,525.0,336.8
CHCL,6/28/2018,750.0,750.0,746.0,750.0,0.67,1436.0,525.0,336.8
CHCL,7/1/2018,751.0,751.0,733.0,745.0,-0.67,3045.0,525.0,336.8
CHCL,7/2/2018,746.0,748.0,735.0,735.0,-1.34,3170.0,525.0,336.8
CHCL,7/3/2018,734.0,734.0,727.0,727.0,-1.09,1025.0,525.0,336.8
CHCL,7/4/2018,727.0,745.0,724.0,740.0,1.79,4424.0,525.0,336.8
CHCL,7/5/2018,745.0,770.0,744.0,770.0,4.05,8565.0,525.0,336.8
CHCL,7/8/2018,775.0,775.0,756.0,760.0,-1.3,10746.0,525.0,336.8
CHCL,7/9/2018,745.0,755.0,738.0,750.0,-1.32,3762.0,525.0,336.8
CHCL,7/10/2018,750.0,750.0,743.0,748.0,-0.27,2205.0,525.0,336.8
CHCL,7/11/2018,762.0,762.0,752.0,752.0,0.53,4333.0,525.0,336.8
CHCL,7/12/2018,748.0,748.0,735.0,740.0,-1.6,4785.0,525.0,336.8
CHCL,7/15/2018,730.0,754.0,730.0,754.0,1.89,4153.0,525.0,336.8
CHCL,7/16/2018,744.0,790.0,738.0,790.0,4.77,13417.0,525.0,336.8
CHCL,7/17/2018,775.0,775.0,750.0,752.0,-4.81,2819.0,525.0,336.8
CHCL,7/18/2018,738.0,753.0,738.0,742.0,-1.33,1524.0,525.0,336.8
CHCL,7/19/2018,742.0,743.0,739.0,743.0,0.13,6197.0,525.0,336.8
CHCL,7/22/2018,736.0,740.0,733.0,738.0,-0.67,3027.0,525.0,336.8
CHCL,7/23/2018,731.0,750.0,731.0,750.0,1.63,3451.0,525.0,336.8
CHCL,7/24/2018,750.0,768.0,750.0,752.0,0.27,4583.0,525.0,336.8
CHCL,7/25/2018,750.0,759.0,745.0,759.0,0.93,5535.0,525.0,336.8
CHCL,7/26/2018,750.0,750.0,742.0,747.0,-1.58,3276.0,525.0,336.8
CHCL,7/29/2018,750.0,750.0,740.0,740.0,-0.94,2689.0,525.0,336.8
CHCL,7/30/2018,740.0,768.0,738.0,740.0,0.0,3942.0,525.0,336.8
CHCL,7/31/2018,740.0,744.0,740.0,743.0,0.41,2735.0,525.0,336.8
CHCL,8/1/2018,742.0,750.0,742.0,746.0,0.4,2576.0,525.0,336.8
CHCL,8/2/2018,750.0,752.0,743.0,743.0,-0.4,3020.0,525.0,336.8
CHCL,8/5/2018,740.0,743.0,733.0,742.0,-0.13,5260.0,525.0,336.8
CHCL,8/6/2018,742.0,742.0,739.0,740.0,-0.27,2336.0,525.0,336.8
CHCL,8/7/2018,730.0,740.0,730.0,740.0,0.0,798.0,525.0,336.8
CHCL,8/8/2018,749.0,749.0,738.0,745.0,0.68,2889.0,525.0,336.8
CHCL,8/9/2018,735.0,739.0,731.0,738.0,-0.94,4978.0,525.0,336.8
CHCL,8/12/2018,730.0,731.0,719.0,720.0,-2.44,6933.0,525.0,336.8
CHCL,8/13/2018,715.0,725.0,709.0,725.0,0.69,3961.0,525.0,336.8
CHCL,8/14/2018,717.0,728.0,716.0,728.0,0.41,2347.0,525.0,336.8
CHCL,8/15/2018,728.0,740.0,720.0,740.0,1.65,4065.0,525.0,336.8
CHCL,8/16/2018,750.0,750.0,728.0,731.0,-1.22,9035.0,525.0,336.8
CHCL,8/19/2018,719.0,733.0,719.0,728.0,-0.41,2773.0,525.0,336.8
CHCL,8/20/2018,727.0,727.0,710.0,713.0,-2.06,11450.0,525.0,336.8
CHCL,8/21/2018,715.0,717.0,708.0,715.0,0.28,7405.0,525.0,336.8
CHCL,8/22/2018,715.0,728.0,711.0,728.0,1.82,1491.0,525.0,336.8
CHCL,8/23/2018,715.0,720.0,711.0,715.0,-1.79,5021.0,525.0,336.8
CHCL,8/26/2018,710.0,715.0,708.0,713.0,-0.28,2520.0,525.0,336.8
CHCL,8/28/2018,707.0,716.0,707.0,714.0,0.14,2889.0,525.0,336.8
CHCL,8/29/2018,708.0,712.0,707.0,710.0,-0.56,8783.0,525.0,336.8
CHCL,8/30/2018,708.0,715.0,708.0,711.0,0.14,2448.0,525.0,336.8
CHCL,9/2/2018,711.0,720.0,711.0,713.0,0.28,2143.0,525.0,336.8
CHCL,9/3/2018,720.0,726.0,718.0,722.0,1.26,6276.0,525.0,336.8
CHCL,9/4/2018,723.0,724.0,718.0,719.0,-0.42,4551.0,525.0,336.8
CHCL,9/5/2018,720.0,740.0,720.0,739.0,2.78,11436.0,525.0,336.8
CHCL,9/6/2018,740.0,740.0,722.0,736.0,-0.41,4442.0,525.0,336.8
CHCL,9/9/2018,746.0,746.0,719.0,730.0,-0.82,4156.0,525.0,336.8
CHCL,9/10/2018,725.0,725.0,718.0,721.0,-1.23,3398.0,525.0,336.8
CHCL,9/11/2018,720.0,730.0,720.0,721.0,0.0,3379.0,525.0,336.8
CHCL,9/12/2018,720.0,724.0,720.0,722.0,0.14,3578.0,525.0,336.8
CHCL,9/13/2018,725.0,730.0,722.0,725.0,0.42,10232.0,525.0,336.8
CHCL,9/16/2018,725.0,727.0,715.0,723.0,-0.28,8871.0,525.0,336.8
CHCL,9/17/2018,725.0,725.0,714.0,722.0,-0.14,2868.0,525.0,336.8
CHCL,9/18/2018,720.0,735.0,717.0,734.0,1.66,12662.0,525.0,336.8
CHCL,9/20/2018,720.0,734.0,720.0,730.0,-0.54,10621.0,525.0,336.8
CHCL,9/23/2018,721.0,749.0,720.0,733.0,0.41,16540.0,525.0,336.8
CHCL,9/25/2018,730.0,742.0,727.0,740.0,0.95,13809.0,525.0,336.8
CHCL,9/26/2018,750.0,750.0,728.0,740.0,0.0,9694.0,525.0,336.8
CHCL,9/27/2018,726.0,733.0,726.0,727.0,-1.76,2095.0,525.0,336.8
CHCL,9/30/2018,720.0,734.0,716.0,730.0,0.41,7852.0,525.0,336.8
CHCL,10/1/2018,730.0,730.0,721.0,725.0,-0.68,3717.0,525.0,336.8
CHCL,10/2/2018,725.0,729.0,725.0,725.0,0.0,13001.0,525.0,336.8
CHCL,10/3/2018,714.0,725.0,714.0,719.0,-0.83,6634.0,525.0,336.8
CHCL,10/4/2018,714.0,723.0,714.0,720.0,0.14,9553.0,525.0,336.8
CHCL,10/7/2018,715.0,726.0,712.0,721.0,0.14,9884.0,525.0,336.8
CHCL,10/8/2018,715.0,723.0,715.0,723.0,0.28,4048.0,525.0,336.8
CHCL,10/9/2018,720.0,721.0,715.0,715.0,-1.11,24208.0,525.0,336.8
CHCL,10/10/2018,715.0,720.0,710.0,716.0,0.14,15286.0,525.0,336.8
CHCL,10/11/2018,720.0,723.0,717.0,723.0,0.98,8859.0,525.0,336.8
CHCL,10/14/2018,723.0,726.0,720.0,720.0,-0.41,7370.0,525.0,336.8
CHCL,10/15/2018,720.0,724.0,720.0,720.0,0.0,6569.0,525.0,336.8
CHCL,10/21/2018,720.0,720.0,710.0,715.0,-0.69,685.0,525.0,336.8
CHCL,10/22/2018,712.0,720.0,710.0,720.0,0.7,4008.0,525.0,336.8
CHCL,10/23/2018,715.0,720.0,715.0,719.0,-0.14,7432.0,525.0,336.8
CHCL,10/24/2018,714.0,727.0,714.0,727.0,1.11,4504.0,525.0,336.8
CHCL,10/25/2018,723.0,723.0,719.0,719.0,-1.1,7054.0,525.0,336.8
CHCL,10/28/2018,718.0,718.0,711.0,715.0,-0.56,7849.0,525.0,336.8
CHCL,10/29/2018,710.0,714.0,707.0,708.0,-0.98,4469.0,525.0,336.8
CHCL,10/30/2018,710.0,712.0,704.0,707.0,-0.14,3398.0,525.0,336.8
CHCL,10/31/2018,706.0,708.0,700.0,706.0,-0.14,5400.0,525.0,336.8
CHCL,11/1/2018,697.0,705.0,697.0,702.0,-0.57,3806.0,525.0,336.8
CHCL,11/4/2018,699.0,701.0,692.0,697.0,-0.71,1274.0,525.0,336.8
CHCL,11/5/2018,700.0,703.0,695.0,703.0,0.86,1478.0,525.0,336.8
CHCL,11/6/2018,703.0,708.0,697.0,700.0,-0.43,220.0,525.0,336.8
CHCL,11/11/2018,700.0,700.0,690.0,691.0,-1.29,1321.0,525.0,336.8
CHCL,11/12/2018,690.0,700.0,680.0,680.0,-1.59,3167.0,525.0,336.8
CHCL,11/13/2018,690.0,699.0,680.0,691.0,1.62,4371.0,525.0,336.8
CHCL,11/14/2018,700.0,700.0,688.0,688.0,-0.43,2693.0,525.0,336.8
CHCL,11/15/2018,690.0,700.0,682.0,683.0,-0.73,2073.0,525.0,336.8
CHCL,11/18/2018,685.0,688.0,676.0,677.0,-0.88,6165.0,525.0,336.8
CHCL,11/19/2018,673.0,677.0,662.0,663.0,-2.07,4618.0,525.0,336.8
CHCL,11/20/2018,675.0,675.0,663.0,665.0,0.3,4291.0,525.0,336.8
CHCL,11/21/2018,656.0,656.0,645.0,654.0,-1.65,7439.0,525.0,336.8
CHCL,11/22/2018,654.0,665.0,651.0,652.0,-0.31,2238.0,525.0,336.8
CHCL,11/25/2018,665.0,665.0,640.0,640.0,-1.84,3299.0,525.0,336.8
CHCL,11/26/2018,633.0,653.0,630.0,640.0,0.0,5038.0,525.0,336.8
CHCL,11/27/2018,640.0,645.0,640.0,642.0,0.31,5562.0,525.0,336.8
CHCL,11/28/2018,642.0,642.0,636.0,636.0,-0.93,2745.0,525.0,336.8
CHCL,11/29/2018,636.0,639.0,630.0,639.0,0.47,3169.0,525.0,336.8
CHCL,12/2/2018,628.0,628.0,619.0,621.0,-2.82,8225.0,525.0,336.8
CHCL,12/3/2018,621.0,629.0,620.0,622.0,0.16,13705.0,525.0,336.8
CHCL,12/4/2018,622.0,625.0,618.0,625.0,0.48,9402.0,525.0,336.8
CHCL,12/5/2018,618.0,620.0,612.0,613.0,-1.92,2295.0,525.0,336.8
CHCL,12/6/2018,601.0,602.0,590.0,600.0,-2.12,10563.0,525.0,336.8
CHCL,12/9/2018,600.0,610.0,596.0,610.0,1.67,12745.0,525.0,336.8
CHCL,12/10/2018,604.0,614.0,600.0,608.0,-0.33,8775.0,525.0,336.8
CHCL,12/11/2018,614.0,614.0,608.0,608.0,0.0,3389.0,525.0,336.8
CHCL,12/12/2018,620.0,652.0,620.0,649.0,6.74,17051.0,525.0,336.8
CHCL,12/13/2018,650.0,655.0,649.0,651.0,0.31,8373.0,525.0,336.8
CHCL,12/16/2018,664.0,665.0,657.0,659.0,1.23,6036.0,525.0,336.8
CHCL,12/17/2018,650.0,664.0,650.0,660.0,0.15,6831.0,525.0,336.8
CHCL,12/18/2018,655.0,662.0,654.0,659.0,-0.15,7178.0,525.0,336.8
CHCL,12/19/2018,657.0,660.0,651.0,654.0,-0.76,5906.0,525.0,336.8
CHCL,12/20/2018,665.0,665.0,659.0,663.0,1.38,6466.0,525.0,336.8
CHCL,12/23/2018,670.0,676.0,665.0,671.0,1.21,6000.0,525.0,336.8
CHCL,12/24/2018,683.0,684.0,667.0,673.0,0.3,4960.0,525.0,336.8
CHCL,12/25/2018,671.0,673.0,669.0,671.0,-0.3,4397.0,525.0,336.8
CHCL,12/26/2018,673.0,681.0,673.0,680.0,1.34,5359.0,525.0,336.8
CHCL,12/27/2018,693.0,704.0,675.0,680.0,0.0,10444.0,525.0,336.8
CHCL,12/30/2018,692.0,692.0,677.0,680.0,0.0,6113.0,525.0,336.8
CHCL,12/31/2018,680.0,686.0,673.0,685.0,0.74,6694.0,525.0,336.8
CHCL,1/1/2019,695.0,695.0,678.0,685.0,0.0,9459.0,525.0,336.8
CHCL,1/2/2019,690.0,694.0,675.0,676.0,-1.31,33406.0,525.0,336.8
CHCL,1/3/2019,555.0,559.0,541.0,555.0,-17.9,7208.0,525.0,336.8
CHCL,1/6/2019,552.0,556.0,545.0,545.0,-1.8,6554.0,525.0,336.8
CHCL,1/7/2019,546.0,550.0,541.0,550.0,0.92,3644.0,525.0,336.8
CHCL,1/8/2019,549.0,549.0,546.0,549.0,-0.18,6674.0,525.0,336.8
CHCL,1/9/2019,550.0,550.0,545.0,545.0,-0.73,4984.0,525.0,336.8
CHCL,1/10/2019,538.0,547.0,538.0,545.0,0.0,1691.0,525.0,336.8
CHCL,1/13/2019,545.0,546.0,540.0,540.0,-0.92,5280.0,525.0,336.8
CHCL,1/14/2019,543.0,550.0,542.0,544.0,0.74,3183.0,525.0,336.8
CHCL,1/15/2019,544.0,548.0,541.0,545.0,0.18,3616.0,525.0,336.8
CHCL,1/16/2019,543.0,543.0,538.0,541.0,-0.73,7373.0,525.0,336.8
CHCL,1/17/2019,536.0,541.0,536.0,540.0,-0.18,3441.0,525.0,336.8
CHCL,1/20/2019,535.0,540.0,535.0,535.0,-0.93,831.0,525.0,336.8
CHCL,1/21/2019,535.0,535.0,530.0,532.0,-0.56,3307.0,525.0,336.8
CHCL,1/22/2019,532.0,534.0,531.0,532.0,0.0,5357.0,525.0,336.8
CHCL,1/23/2019,532.0,537.0,532.0,537.0,0.94,4624.0,525.0,336.8
CHCL,1/24/2019,536.0,536.0,530.0,533.0,-0.74,3551.0,525.0,336.8
CHCL,1/27/2019,535.0,535.0,525.0,532.0,-0.19,3694.0,525.0,336.8
CHCL,1/28/2019,528.0,532.0,527.0,531.0,-0.19,1518.0,525.0,336.8
CHCL,1/29/2019,532.0,535.0,530.0,530.0,-0.19,5081.0,525.0,336.8
CHCL,1/30/2019,530.0,533.0,527.0,529.0,-0.19,2671.0,525.0,336.8
CHCL,1/31/2019,529.0,529.0,523.0,524.0,-0.95,6805.0,525.0,336.8
CHCL,2/3/2019,523.0,524.0,516.0,516.0,-1.53,7815.0,525.0,336.8
CHCL,2/4/2019,512.0,512.0,506.0,510.0,-1.16,4082.0,525.0,336.8
CHCL,2/5/2019,511.0,514.0,511.0,514.0,0.78,1501.0,525.0,336.8
CHCL,2/6/2019,515.0,515.0,510.0,511.0,-0.58,3457.0,525.0,336.8
CHCL,2/7/2019,520.0,520.0,510.0,515.0,0.78,1852.0,525.0,336.8
CHCL,2/10/2019,516.0,516.0,505.0,505.0,-1.94,2933.0,525.0,336.8
CHCL,2/11/2019,505.0,510.0,505.0,506.0,0.2,2842.0,525.0,336.8
CHCL,2/12/2019,503.0,510.0,502.0,510.0,0.79,6479.0,525.0,336.8
CHCL,2/13/2019,502.0,507.0,502.0,505.0,-0.98,6788.0,525.0,336.8
CHCL,2/14/2019,505.0,506.0,502.0,506.0,0.2,8611.0,525.0,336.8
CHCL,2/17/2019,501.0,506.0,500.0,505.0,-0.2,7273.0,525.0,336.8
CHCL,2/18/2019,504.0,505.0,501.0,505.0,0.0,6082.0,525.0,336.8
CHCL,2/19/2019,510.0,510.0,501.0,509.0,0.79,4138.0,525.0,336.8
CHCL,2/20/2019,505.0,508.0,501.0,506.0,-0.59,2324.0,525.0,336.8
CHCL,2/21/2019,500.0,506.0,500.0,505.0,-0.2,12601.0,525.0,336.8
CHCL,2/24/2019,510.0,510.0,500.0,501.0,-0.79,7542.0,525.0,336.8
CHCL,2/25/2019,500.0,503.0,500.0,502.0,0.2,6317.0,525.0,336.8
CHCL,2/26/2019,495.0,505.0,495.0,501.0,-0.2,8349.0,525.0,336.8
CHCL,2/27/2019,493.0,503.0,493.0,500.0,-0.2,3660.0,525.0,336.8
CHCL,3/3/2019,505.0,505.0,500.0,500.0,0.0,8476.0,525.0,336.8
CHCL,3/5/2019,500.0,505.0,500.0,501.0,0.2,7491.0,525.0,336.8
CHCL,3/6/2019,501.0,503.0,500.0,503.0,0.4,6326.0,525.0,336.8
CHCL,3/7/2019,503.0,508.0,503.0,507.0,0.8,2709.0,525.0,336.8
CHCL,3/10/2019,500.0,504.0,500.0,504.0,-0.59,1149.0,525.0,336.8
CHCL,3/11/2019,504.0,518.0,502.0,518.0,2.78,6258.0,525.0,336.8
CHCL,3/12/2019,516.0,529.0,515.0,526.0,1.54,5607.0,525.0,336.8
CHCL,3/13/2019,516.0,518.0,511.0,513.0,-2.47,5264.0,525.0,336.8
CHCL,3/14/2019,511.0,518.0,511.0,517.0,0.78,2089.0,525.0,336.8
CHCL,3/17/2019,518.0,518.0,512.0,515.0,-0.39,5489.0,525.0,336.8
CHCL,3/18/2019,517.0,517.0,508.0,508.0,-1.36,4595.0,525.0,336.8
CHCL,3/19/2019,505.0,507.0,504.0,505.0,-0.59,2379.0,525.0,336.8
CHCL,3/21/2019,504.0,507.0,502.0,503.0,-0.4,6634.0,525.0,336.8
CHCL,3/24/2019,504.0,510.0,500.0,510.0,1.39,12867.0,525.0,336.8
CHCL,3/25/2019,505.0,507.0,500.0,504.0,-1.18,2985.0,525.0,336.8
CHCL,3/26/2019,500.0,507.0,500.0,504.0,0.0,5642.0,525.0,336.8
CHCL,3/27/2019,504.0,507.0,502.0,504.0,0.0,3398.0,525.0,336.8
CHCL,3/28/2019,501.0,505.0,501.0,503.0,-0.2,6011.0,525.0,336.8
CHCL,3/31/2019,503.0,503.0,500.0,502.0,-0.2,3591.0,525.0,336.8
CHCL,4/1/2019,503.0,505.0,501.0,502.0,0.0,6935.0,525.0,336.8
CHCL,4/2/2019,504.0,510.0,504.0,504.0,0.4,7430.0,525.0,336.8
CHCL,4/3/2019,500.0,508.0,500.0,504.0,0.0,6704.0,525.0,336.8
CHCL,4/4/2019,506.0,506.0,502.0,502.0,-0.4,4064.0,525.0,336.8
CHCL,4/7/2019,503.0,505.0,502.0,502.0,0.0,3685.0,525.0,336.8
CHCL,4/8/2019,505.0,510.0,503.0,505.0,0.6,5096.0,525.0,336.8
CHCL,4/9/2019,505.0,510.0,505.0,505.0,0.0,8256.0,525.0,336.8
CHCL,4/10/2019,504.0,505.0,502.0,503.0,-0.4,4115.0,525.0,336.8
CHCL,4/11/2019,504.0,505.0,501.0,505.0,0.4,3298.0,525.0,336.8
CHCL,4/15/2019,501.0,505.0,500.0,505.0,0.0,2132.0,525.0,336.8
CHCL,4/16/2019,510.0,515.0,505.0,510.0,0.99,5727.0,525.0,336.8
CHCL,4/17/2019,509.0,518.0,506.0,506.0,-0.78,6341.0,525.0,336.8
CHCL,4/18/2019,510.0,510.0,504.0,507.0,0.2,6205.0,525.0,336.8
CHCL,4/21/2019,510.0,516.0,505.0,516.0,1.78,12482.0,525.0,336.8
CHCL,4/22/2019,515.0,535.0,515.0,518.0,0.39,11663.0,525.0,336.8
CHCL,4/23/2019,520.0,524.0,510.0,515.0,-0.58,5199.0,525.0,336.8
CHCL,4/24/2019,515.0,515.0,506.0,508.0,-1.36,5814.0,525.0,336.8
CHCL,4/25/2019,506.0,516.0,506.0,511.0,0.59,17447.0,525.0,336.8
CHCL,4/28/2019,511.0,561.0,511.0,549.0,7.44,24162.0,525.0,336.8
CHCL,4/29/2019,550.0,567.0,537.0,549.0,0.0,31392.0,525.0,336.8
CHCL,4/30/2019,546.0,578.0,546.0,573.0,4.37,39381.0,525.0,336.8
CHCL,5/2/2019,572.0,578.0,558.0,577.0,0.7,19105.0,525.0,336.8
CHCL,5/5/2019,566.0,566.0,529.0,533.0,-7.63,42141.0,525.0,336.8
CHCL,5/6/2019,530.0,543.0,528.0,536.0,0.56,13725.0,525.0,336.8
CHCL,5/7/2019,536.0,538.0,530.0,534.0,-0.37,12573.0,525.0,336.8
CHCL,5/8/2019,526.0,530.0,525.0,529.0,-0.94,5832.0,525.0,336.8
CHCL,5/9/2019,530.0,530.0,526.0,530.0,0.19,6304.0,525.0,336.8
CHCL,5/12/2019,521.0,529.0,521.0,525.0,-0.94,2941.0,525.0,336.8
CHCL,5/13/2019,528.0,545.0,527.0,537.0,2.29,9565.0,525.0,336.8
CHCL,5/14/2019,543.0,543.0,530.0,530.0,-1.3,5115.0,525.0,336.8
CHCL,5/15/2019,530.0,535.0,529.0,529.0,-0.19,9144.0,525.0,336.8
CHCL,5/16/2019,528.0,530.0,523.0,523.0,-1.13,6133.0,525.0,336.8
CHCL,5/19/2019,526.0,532.0,525.0,525.0,0.38,4995.0,525.0,336.8
CHCL,5/20/2019,525.0,530.0,523.0,525.0,0.0,5013.0,525.0,336.8
CHCL,5/21/2019,532.0,547.0,529.0,538.0,2.48,17886.0,525.0,336.8
CHCL,5/22/2019,534.0,564.0,534.0,554.0,2.97,30537.0,525.0,336.8
CHCL,5/23/2019,545.0,545.0,535.0,539.0,-2.71,10432.0,525.0,336.8
CHCL,5/26/2019,538.0,538.0,528.0,532.0,-1.3,6889.0,525.0,336.8
CHCL,5/27/2019,533.0,535.0,527.0,535.0,0.56,4720.0,525.0,336.8
CHCL,5/28/2019,528.0,540.0,528.0,530.0,-0.93,2525.0,525.0,336.8
CHCL,5/29/2019,530.0,535.0,530.0,531.0,0.19,4546.0,525.0,336.8
CHCL,5/30/2019,541.0,561.0,530.0,532.0,0.19,16125.0,525.0,336.8
CHCL,6/2/2019,532.0,534.0,522.0,523.0,-1.69,8210.0,525.0,336.8
CHCL,6/3/2019,533.0,533.0,521.0,522.0,-0.19,2201.0,525.0,336.8
CHCL,6/4/2019,522.0,535.0,521.0,521.0,-0.19,8595.0,525.0,336.8
CHCL,6/6/2019,522.0,526.0,521.0,522.0,0.19,2102.0,525.0,336.8
CHCL,6/10/2019,522.0,522.0,516.0,520.0,-0.38,7102.0,525.0,336.8
CHCL,6/11/2019,517.0,520.0,517.0,518.0,-0.38,6982.0,525.0,336.8
CHCL,6/12/2019,520.0,520.0,515.0,515.0,-0.58,4770.0,525.0,336.8
CHCL,6/13/2019,506.0,517.0,506.0,517.0,0.39,4000.0,525.0,336.8
CHCL,6/16/2019,517.0,518.0,512.0,513.0,-0.77,4081.0,525.0,336.8
CHCL,6/17/2019,518.0,518.0,510.0,511.0,-0.39,2947.0,525.0,336.8
CHCL,6/18/2019,536.0,536.0,515.0,515.0,0.78,1211.0,525.0,336.8
CHCL,6/19/2019,515.0,515.0,511.0,514.0,-0.19,2497.0,525.0,336.8
CHCL,6/20/2019,511.0,515.0,510.0,511.0,-0.58,4814.0,525.0,336.8
CHCL,6/23/2019,513.0,515.0,510.0,511.0,0.0,44658.0,525.0,336.8
CHCL,6/24/2019,517.0,518.0,513.0,514.0,0.59,50487.0,525.0,336.8
CHCL,6/25/2019,511.0,518.0,510.0,518.0,0.78,8769.0,525.0,336.8
CHCL,6/26/2019,515.0,515.0,511.0,512.0,-1.16,12987.0,525.0,336.8
CHCL,6/27/2019,512.0,513.0,507.0,508.0,-0.78,16409.0,525.0,336.8
CHCL,6/30/2019,508.0,510.0,504.0,504.0,-0.79,5181.0,525.0,336.8
CHCL,7/1/2019,505.0,509.0,500.0,503.0,-0.2,11124.0,525.0,336.8
CHCL,7/2/2019,505.0,509.0,501.0,507.0,0.8,7827.0,525.0,336.8
CHCL,7/3/2019,507.0,514.0,506.0,514.0,1.38,5688.0,525.0,336.8
CHCL,7/4/2019,514.0,515.0,509.0,511.0,-0.58,10767.0,525.0,336.8
CHCL,7/7/2019,511.0,512.0,509.0,510.0,-0.2,7194.0,525.0,336.8
CHCL,7/8/2019,514.0,515.0,511.0,514.0,0.78,3703.0,525.0,336.8
CHCL,7/9/2019,510.0,514.0,510.0,514.0,0.0,1489.0,525.0,336.8
CHCL,7/10/2019,513.0,515.0,509.0,509.0,-0.97,5717.0,525.0,336.8
CHCL,7/11/2019,509.0,516.0,509.0,516.0,1.38,7814.0,525.0,336.8
CHCL,7/14/2019,520.0,520.0,513.0,514.0,-0.39,24067.0,525.0,336.8
CHCL,7/15/2019,520.0,525.0,515.0,519.0,0.97,19019.0,525.0,336.8
CHCL,7/16/2019,544.0,544.0,516.0,521.0,0.39,7059.0,525.0,336.8
CHCL,7/17/2019,515.0,527.0,515.0,521.0,0.0,2900.0,525.0,336.8
CHCL,7/18/2019,520.0,522.0,517.0,517.0,-0.77,7562.0,525.0,336.8
CHCL,7/21/2019,517.0,518.0,512.0,518.0,0.19,4600.0,525.0,336.8
CHCL,7/22/2019,516.0,517.0,515.0,516.0,-0.39,5867.0,525.0,336.8
CHCL,7/23/2019,520.0,520.0,514.0,514.0,-0.39,8095.0,525.0,336.8
CHCL,7/24/2019,514.0,518.0,512.0,518.0,0.78,10696.0,525.0,336.8
CHCL,7/25/2019,510.0,515.0,510.0,511.0,-1.35,7730.0,525.0,336.8
CHCL,7/28/2019,511.0,514.0,510.0,512.0,0.2,10811.0,525.0,336.8
CHCL,7/29/2019,512.0,514.0,509.0,510.0,-0.39,8605.0,525.0,336.8
CHCL,7/30/2019,510.0,511.0,508.0,511.0,0.2,4803.0,525.0,336.8
CHCL,7/31/2019,512.0,512.0,507.0,510.0,-0.2,4090.0,525.0,336.8
CHCL,8/1/2019,510.0,514.0,507.0,514.0,0.78,2672.0,525.0,336.8
CHCL,8/4/2019,510.0,513.0,510.0,510.0,-0.78,4193.0,525.0,336.8
CHCL,8/5/2019,513.0,513.0,510.0,510.0,0.0,3301.0,525.0,336.8
CHCL,8/6/2019,510.0,510.0,507.0,509.0,-0.2,3580.0,525.0,336.8
CHCL,8/7/2019,501.0,509.0,501.0,508.0,-0.2,3212.0,525.0,336.8
CHCL,8/8/2019,500.0,500.0,486.0,490.0,-3.54,17066.0,525.0,336.8
CHCL,8/11/2019,494.0,494.0,481.0,482.0,-1.63,2953.0,525.0,336.8
CHCL,8/12/2019,477.0,486.0,477.0,480.0,-0.41,4543.0,525.0,336.8
CHCL,8/13/2019,480.0,489.0,480.0,482.0,0.42,4354.0,525.0,336.8
CHCL,8/14/2019,482.0,482.0,477.0,477.0,-1.04,3334.0,525.0,336.8
CHCL,8/15/2019,480.0,484.0,472.0,472.0,-1.05,2986.0,525.0,336.8
CHCL,8/18/2019,475.0,475.0,458.0,458.0,-2.97,5521.0,525.0,336.8
CHCL,8/19/2019,457.0,457.0,449.0,449.0,-1.97,11724.0,525.0,336.8
CHCL,8/20/2019,449.0,467.0,441.0,450.0,0.22,6743.0,525.0,336.8
CHCL,8/21/2019,458.0,458.0,446.0,450.0,0.0,5239.0,525.0,336.8
CHCL,8/22/2019,451.0,452.0,446.0,447.0,-0.67,6564.0,525.0,336.8
CHCL,8/25/2019,443.0,447.0,443.0,443.0,-0.89,7160.0,525.0,336.8
CHCL,8/26/2019,443.0,446.0,442.0,446.0,0.68,8163.0,525.0,336.8
CHCL,8/27/2019,450.0,450.0,446.0,446.0,0.0,2814.0,525.0,336.8
CHCL,8/28/2019,446.0,446.0,441.0,441.0,-1.12,5479.0,525.0,336.8
CHCL,8/29/2019,441.0,444.0,441.0,441.0,0.0,5555.0,525.0,336.8
CHCL,9/1/2019,437.0,440.0,434.0,436.0,-1.13,2444.0,525.0,336.8
CHCL,9/2/2019,429.0,432.0,428.0,430.0,-1.38,2435.0,525.0,336.8
CHCL,9/3/2019,430.0,442.0,430.0,442.0,2.79,7921.0,525.0,336.8
CHCL,9/4/2019,438.0,449.0,436.0,445.0,0.68,2592.0,525.0,336.8
CHCL,9/5/2019,450.0,450.0,445.0,446.0,0.22,4016.0,525.0,336.8
CHCL,9/8/2019,442.0,445.0,440.0,440.0,-1.35,5657.0,525.0,336.8
CHCL,9/9/2019,448.0,448.0,433.0,437.0,-0.68,4208.0,525.0,336.8
CHCL,9/10/2019,435.0,440.0,434.0,436.0,-0.23,2789.0,525.0,336.8
CHCL,9/11/2019,435.0,443.0,435.0,437.0,0.23,2192.0,525.0,336.8
CHCL,9/12/2019,442.0,442.0,437.0,438.0,0.23,3103.0,525.0,336.8
CHCL,9/15/2019,436.0,438.0,430.0,430.0,-1.83,6085.0,525.0,336.8
CHCL,9/16/2019,425.0,428.0,419.0,420.0,-2.33,5942.0,525.0,336.8
CHCL,9/17/2019,424.0,430.0,423.0,423.0,0.71,4217.0,525.0,336.8
CHCL,9/18/2019,431.0,439.0,429.0,431.0,1.89,5431.0,525.0,336.8
CHCL,9/19/2019,433.0,433.0,426.0,426.0,-1.16,1757.0,525.0,336.8
CHCL,9/22/2019,427.0,429.0,419.0,419.0,-1.64,3061.0,525.0,336.8
CHCL,9/23/2019,420.0,424.0,416.0,417.0,-0.48,5238.0,525.0,336.8
CHCL,9/24/2019,425.0,425.0,414.0,414.0,-0.72,997.0,525.0,336.8
CHCL,9/25/2019,412.0,415.0,412.0,413.0,-0.24,3788.0,525.0,336.8
CHCL,9/26/2019,414.0,415.0,411.0,411.0,-0.48,3536.0,525.0,336.8
CHCL,9/29/2019,410.0,415.0,410.0,412.0,0.24,6003.0,525.0,336.8
CHCL,9/30/2019,405.0,417.0,405.0,417.0,1.21,2394.0,525.0,336.8
CHCL,10/1/2019,424.0,432.0,420.0,421.0,0.96,2210.0,525.0,336.8
CHCL,10/2/2019,423.0,424.0,417.0,419.0,-0.48,3298.0,525.0,336.8
CHCL,10/3/2019,421.0,425.0,420.0,422.0,0.72,1670.0,525.0,336.8
CHCL,10/10/2019,417.0,430.0,417.0,425.0,0.71,1114.0,525.0,336.8
CHCL,10/14/2019,425.0,425.0,420.0,421.0,-0.94,923.0,525.0,336.8
CHCL,10/15/2019,415.0,428.0,415.0,419.0,-0.48,15243.0,525.0,336.8
CHCL,10/16/2019,419.0,420.0,419.0,419.0,0.0,3400.0,525.0,336.8
CHCL,10/17/2019,427.0,427.0,419.0,423.0,0.95,707.0,525.0,336.8
CHCL,10/21/2019,419.0,421.0,418.0,418.0,-1.18,2560.0,525.0,336.8
CHCL,10/22/2019,415.0,415.0,411.0,415.0,-0.72,2371.0,525.0,336.8
CHCL,10/23/2019,410.0,423.0,410.0,423.0,1.93,1698.0,525.0,336.8
CHCL,10/24/2019,419.0,420.0,417.0,417.0,-1.42,1991.0,525.0,336.8
CHCL,10/31/2019,416.0,422.0,416.0,422.0,1.2,3626.0,525.0,336.8
CHCL,11/3/2019,422.0,433.0,419.0,433.0,2.61,4754.0,525.0,336.8
CHCL,11/4/2019,435.0,465.0,433.0,460.0,6.24,26737.0,525.0,336.8
CHCL,11/5/2019,461.0,464.0,455.0,458.0,-0.43,15750.0,525.0,336.8
CHCL,11/6/2019,458.0,458.0,451.0,451.0,-1.53,8452.0,525.0,336.8
CHCL,11/7/2019,460.0,460.0,442.0,448.0,-0.67,8287.0,525.0,336.8
CHCL,11/10/2019,448.0,448.0,440.0,445.0,-0.67,15961.0,525.0,336.8
CHCL,11/11/2019,453.0,453.0,441.0,453.0,1.8,23584.0,525.0,336.8
CHCL,11/12/2019,460.0,462.0,450.0,451.0,-0.44,55110.0,525.0,336.8
CHCL,11/13/2019,369.0,373.0,361.0,373.0,-17.29,7846.0,525.0,336.8
CHCL,11/14/2019,370.0,372.0,370.0,372.0,-0.27,3929.0,525.0,336.8
CHCL,11/17/2019,366.0,367.0,353.0,355.0,-4.57,7012.0,525.0,336.8
CHCL,11/18/2019,355.0,355.0,350.0,351.0,-1.13,4015.0,525.0,336.8
CHCL,11/19/2019,353.0,355.0,348.0,355.0,1.14,4275.0,525.0,336.8
CHCL,11/20/2019,350.0,354.0,350.0,350.0,-1.41,10647.0,525.0,336.8
CHCL,11/21/2019,350.0,357.0,350.0,353.0,0.86,7165.0,525.0,336.8
CHCL,11/24/2019,350.0,350.0,344.0,350.0,-0.85,1083.0,525.0,336.8
CHCL,11/25/2019,349.0,355.0,349.0,352.0,0.57,2958.0,525.0,336.8
CHCL,11/26/2019,355.0,359.0,353.0,357.0,1.42,5931.0,525.0,336.8
CHCL,11/27/2019,356.0,357.0,351.0,357.0,0.0,9564.0,525.0,336.8
CHCL,11/28/2019,353.0,356.0,353.0,355.0,-0.56,3148.0,525.0,336.8
CHCL,12/1/2019,355.0,356.0,354.0,356.0,0.28,2653.0,525.0,336.8
CHCL,12/2/2019,356.0,357.0,355.0,355.0,-0.28,3459.0,525.0,336.8
CHCL,12/3/2019,355.0,358.0,354.0,357.0,0.56,2416.0,525.0,336.8
CHCL,12/4/2019,363.0,363.0,355.0,355.0,-0.56,3756.0,525.0,336.8
CHCL,12/5/2019,353.0,359.0,353.0,359.0,1.13,3475.0,525.0,336.8
CHCL,12/8/2019,355.0,359.0,354.0,354.0,-1.39,2460.0,525.0,336.8
CHCL,12/9/2019,354.0,374.0,354.0,360.0,1.69,6733.0,525.0,336.8
CHCL,12/10/2019,362.0,364.0,358.0,358.0,-0.56,3194.0,525.0,336.8
CHCL,12/11/2019,358.0,358.0,354.0,358.0,0.0,3757.0,525.0,336.8
CHCL,12/12/2019,355.0,385.0,355.0,363.0,1.4,8095.0,525.0,336.8
CHCL,12/15/2019,365.0,375.0,356.0,356.0,-1.93,5361.0,525.0,336.8
CHCL,12/16/2019,363.0,363.0,357.0,358.0,0.56,4638.0,525.0,336.8
CHCL,12/17/2019,364.0,364.0,357.0,360.0,0.56,1716.0,525.0,336.8
CHCL,12/18/2019,354.0,358.0,354.0,357.0,-0.83,3301.0,525.0,336.8
CHCL,12/19/2019,357.0,358.0,355.0,358.0,0.28,4671.0,525.0,336.8
CHCL,12/22/2019,356.0,363.0,356.0,360.0,0.56,4772.0,525.0,336.8
CHCL,12/23/2019,363.0,363.0,357.0,358.0,-0.56,7433.0,525.0,336.8
CHCL,12/24/2019,357.0,385.0,356.0,360.0,0.56,9139.0,525.0,336.8
CHCL,12/25/2019,365.0,365.0,357.0,359.0,-0.28,3646.0,525.0,336.8
CHCL,12/26/2019,361.0,362.0,359.0,361.0,0.56,7075.0,525.0,336.8
CHCL,12/29/2019,358.0,358.0,355.0,356.0,-1.39,3104.0,525.0,336.8
CHCL,12/30/2019,358.0,359.0,353.0,353.0,-0.84,4739.0,525.0,336.8
CHCL,12/31/2019,356.0,360.0,355.0,360.0,1.98,1917.0,525.0,336.8
CHCL,1/1/2020,359.0,360.0,356.0,357.0,-0.83,3691.0,525.0,336.8
CHCL,1/2/2020,362.0,362.0,358.0,359.0,0.56,4191.0,525.0,336.8
CHCL,1/5/2020,365.0,372.0,362.0,366.0,1.95,9565.0,525.0,336.8
CHCL,1/6/2020,373.0,373.0,361.0,364.0,-0.55,9991.0,525.0,336.8
CHCL,1/7/2020,360.0,380.0,360.0,371.0,1.92,15378.0,525.0,336.8
CHCL,1/8/2020,371.0,379.0,370.0,373.0,0.54,4940.0,525.0,336.8
CHCL,1/9/2020,380.0,380.0,368.0,372.0,-0.27,3624.0,525.0,336.8
CHCL,1/12/2020,379.0,395.0,378.0,392.0,5.38,16785.0,525.0,336.8
CHCL,1/13/2020,399.0,431.0,399.0,418.0,6.63,41254.0,525.0,336.8
CHCL,1/14/2020,418.0,433.0,410.0,425.0,1.67,12731.0,525.0,336.8
CHCL,1/15/2020,425.0,428.0,417.0,420.0,-1.18,8309.0,525.0,336.8
CHCL,1/16/2020,420.0,426.0,417.0,420.0,0.0,14876.0,525.0,336.8
CHCL,1/19/2020,425.0,462.0,425.0,450.0,7.14,27229.0,525.0,336.8
CHCL,1/20/2020,454.0,455.0,426.0,427.0,-5.11,20107.0,525.0,336.8
CHCL,1/21/2020,430.0,438.0,422.0,427.0,0.0,8535.0,525.0,336.8
CHCL,1/22/2020,427.0,435.0,422.0,429.0,0.47,5397.0,525.0,336.8
CHCL,1/23/2020,427.0,427.0,419.0,420.0,-2.1,9427.0,525.0,336.8
CHCL,1/26/2020,417.0,420.0,408.0,408.0,-2.86,9241.0,525.0,336.8
CHCL,1/27/2020,405.0,420.0,404.0,420.0,2.94,23707.0,525.0,336.8
CHCL,1/28/2020,427.0,428.0,415.0,420.0,0.0,5090.0,525.0,336.8
CHCL,1/29/2020,420.0,425.0,414.0,418.0,-0.48,4206.0,525.0,336.8
CHCL,1/30/2020,418.0,430.0,416.0,423.0,1.2,11713.0,525.0,336.8
CHCL,2/2/2020,423.0,435.0,423.0,424.0,0.24,11965.0,525.0,336.8
CHCL,2/3/2020,428.0,463.0,425.0,457.0,7.78,69102.0,525.0,336.8
CHCL,2/4/2020,464.0,465.0,441.0,441.0,-3.5,20052.0,525.0,336.8
CHCL,2/5/2020,442.0,447.0,435.0,440.0,-0.23,9496.0,525.0,336.8
CHCL,2/6/2020,442.0,442.0,435.0,437.0,-0.68,9033.0,525.0,336.8
CHCL,2/9/2020,432.0,434.0,427.0,429.0,-1.83,6057.0,525.0,336.8
CHCL,2/10/2020,432.0,435.0,416.0,421.0,-1.86,19875.0,525.0,336.8
CHCL,2/11/2020,429.0,429.0,423.0,424.0,0.71,8411.0,525.0,336.8
CHCL,2/12/2020,424.0,432.0,421.0,422.0,-0.47,8272.0,525.0,336.8
CHCL,2/13/2020,424.0,425.0,421.0,422.0,0.0,8683.0,525.0,336.8
CHCL,2/16/2020,425.0,425.0,417.0,422.0,0.0,9766.0,525.0,336.8
CHCL,2/17/2020,430.0,439.0,425.0,436.0,3.32,21474.0,525.0,336.8
CHCL,2/18/2020,436.0,441.0,422.0,424.0,-2.75,19955.0,525.0,336.8
CHCL,2/19/2020,420.0,440.0,420.0,428.0,0.94,11546.0,525.0,336.8
CHCL,2/20/2020,430.0,430.0,425.0,430.0,0.47,23287.0,525.0,336.8
CHCL,2/23/2020,433.0,473.0,433.0,453.0,5.35,58187.0,525.0,336.8
CHCL,2/24/2020,445.0,455.0,442.0,446.0,-1.55,50982.0,525.0,336.8
CHCL,2/25/2020,468.0,468.0,435.0,466.0,4.48,44931.0,525.0,336.8
CHCL,2/26/2020,470.0,483.0,461.0,472.0,1.29,42396.0,525.0,336.8
CHCL,2/27/2020,470.0,470.0,453.0,465.0,-1.48,42707.0,525.0,336.8
CHCL,3/1/2020,458.0,464.0,445.0,446.0,-4.09,53787.0,525.0,336.8
CHCL,3/2/2020,450.0,450.0,423.0,423.0,-5.16,21540.0,525.0,336.8
CHCL,3/3/2020,415.0,452.0,400.0,430.0,1.65,35703.0,525.0,336.8
CHCL,3/4/2020,430.0,430.0,410.0,420.0,-2.33,26271.0,525.0,336.8
CHCL,3/5/2020,412.0,423.0,397.0,409.0,-2.62,23092.0,525.0,336.8
CHCL,3/10/2020,401.0,401.0,379.0,389.0,-4.89,17452.0,525.0,336.8
CHCL,3/11/2020,396.0,418.0,391.0,417.0,7.2,21087.0,525.0,336.8
CHCL,3/12/2020,412.0,412.0,395.0,399.0,-4.32,17580.0,525.0,336.8
CHCL,3/15/2020,395.0,395.0,371.0,378.0,-5.26,34556.0,525.0,336.8
CHCL,3/16/2020,373.0,387.0,371.0,380.0,0.53,23556.0,525.0,336.8
CHCL,3/17/2020,375.0,381.0,373.0,375.0,-1.32,23915.0,525.0,336.8
CHCL,3/18/2020,368.0,377.0,368.0,374.0,-0.27,16739.0,525.0,336.8
CHCL,3/19/2020,367.0,379.0,361.0,377.0,0.8,19527.0,525.0,336.8
CHCL,3/22/2020,379.0,386.0,358.0,368.0,-2.39,2509.0,525.0,336.8
CHCL,5/12/2020,361.0,361.0,361.0,361.0,-1.9,50.0,525.0,336.8
CHCL,5/13/2020,358.0,358.0,351.0,351.0,-2.77,51.0,525.0,336.8
CHCL,6/29/2020,344.0,345.0,330.0,348.0,-0.85,6010.0,525.0,336.8
CHCL,6/30/2020,352.0,368.0,352.0,368.0,5.75,6525.0,525.0,336.8
CHCL,7/1/2020,375.0,382.0,370.0,373.0,1.36,3171.0,525.0,336.8
CHCL,7/2/2020,380.0,387.0,358.0,358.0,-4.02,5004.0,525.0,336.8
CHCL,7/5/2020,360.0,368.0,350.0,356.0,-0.56,6698.0,525.0,336.8
CHCL,7/6/2020,351.0,375.0,351.0,375.0,5.34,9230.0,525.0,336.8
CHCL,7/7/2020,375.0,389.0,372.0,379.0,1.07,16422.0,525.0,336.8
CHCL,7/8/2020,380.0,392.0,373.0,380.0,0.26,9304.0,525.0,336.8
CHCL,7/9/2020,387.0,401.0,380.0,392.0,3.16,6423.0,525.0,336.8
CHCL,7/12/2020,392.0,399.0,388.0,391.0,-0.26,6032.0,525.0,336.8
CHCL,7/13/2020,390.0,390.0,380.0,382.0,-2.3,6601.0,525.0,336.8
CHCL,7/14/2020,382.0,393.0,382.0,393.0,2.88,5449.0,525.0,336.8
CHCL,7/15/2020,393.0,399.0,390.0,398.0,1.27,10059.0,525.0,336.8
CHCL,7/16/2020,399.0,410.0,393.0,404.0,1.51,8694.0,525.0,336.8
CHCL,7/19/2020,412.0,436.0,412.0,436.0,7.92,146.0,525.0,336.8
CHCL,7/20/2020,457.0,475.0,407.0,416.0,-4.59,19025.0,525.0,336.8
CHCL,7/21/2020,410.0,418.0,402.0,408.0,-1.92,20332.0,525.0,336.8
CHCL,7/22/2020,410.0,414.0,400.0,400.0,-1.96,19904.0,525.0,336.8
CHCL,7/23/2020,395.0,407.0,392.0,404.0,1.0,5281.0,525.0,336.8
CHCL,7/26/2020,410.0,412.0,403.0,407.0,0.74,9735.0,525.0,336.8
CHCL,7/27/2020,405.0,410.0,403.0,408.0,0.25,13078.0,525.0,336.8
CHCL,7/28/2020,404.0,408.0,400.0,404.0,-0.98,6644.0,525.0,336.8
CHCL,7/29/2020,399.0,405.0,395.0,400.0,-0.99,11451.0,525.0,336.8
CHCL,7/30/2020,396.0,401.0,395.0,395.0,-1.25,11775.0,525.0,336.8
CHCL,8/2/2020,391.0,396.0,384.0,387.0,-2.03,21844.0,525.0,336.8
CHCL,8/3/2020,385.0,389.0,378.0,382.0,-1.29,21083.0,525.0,336.8
CHCL,8/5/2020,382.0,386.0,376.0,384.0,0.52,33476.0,525.0,336.8
CHCL,8/6/2020,382.0,387.0,380.0,385.0,0.26,7663.0,525.0,336.8
CHCL,8/9/2020,379.0,389.0,378.0,389.0,1.04,5027.0,525.0,336.8
CHCL,8/10/2020,390.0,414.0,386.0,409.0,5.14,12954.0,525.0,336.8
CHCL,8/11/2020,409.0,409.0,395.0,400.0,-2.2,13830.0,525.0,336.8
CHCL,8/12/2020,398.0,400.0,396.0,399.0,-0.25,6578.0,525.0,336.8
CHCL,8/13/2020,395.0,397.0,388.0,389.0,-2.51,11959.0,525.0,336.8
CHCL,8/16/2020,383.0,389.0,376.0,386.0,-0.77,16799.0,525.0,336.8
CHCL,8/17/2020,382.0,406.0,382.0,388.0,0.52,9907.0,525.0,336.8
CHCL,8/18/2020,386.0,395.0,385.0,390.0,0.52,5449.0,525.0,336.8
CHCL,8/19/2020,383.0,390.0,382.0,384.0,-1.54,15122.0,525.0,336.8
CHCL,8/20/2020,390.0,393.0,386.0,393.0,2.34,1820.0,525.0,336.8
CHCL,8/23/2020,400.0,400.0,387.0,391.0,-0.51,13940.0,525.0,336.8
CHCL,8/24/2020,398.0,398.0,390.0,395.0,1.02,20152.0,525.0,336.8
CHCL,8/25/2020,400.0,400.0,391.0,395.0,0.0,14424.0,525.0,336.8
CHCL,8/26/2020,395.0,405.0,392.0,400.0,1.27,19760.0,525.0,336.8
CHCL,8/27/2020,408.0,408.0,400.0,401.0,0.25,22496.0,525.0,336.8
CHCL,8/30/2020,396.0,403.0,395.0,403.0,0.5,7395.0,525.0,336.8
CHCL,8/31/2020,409.0,422.0,404.0,411.0,1.99,30288.0,525.0,336.8
CHCL,9/2/2020,431.0,452.0,417.0,452.0,9.98,95110.0,525.0,336.8
CHCL,9/3/2020,460.0,480.0,433.0,438.0,-3.1,64542.0,525.0,336.8
CHCL,9/6/2020,446.0,454.0,422.0,428.0,-2.28,41945.0,525.0,336.8
CHCL,9/7/2020,428.0,441.0,420.0,435.0,1.64,34169.0,525.0,336.8
CHCL,9/8/2020,440.0,472.0,433.0,465.0,6.9,180612.0,525.0,336.8
CHCL,9/9/2020,470.0,475.0,457.0,466.0,0.22,43820.0,525.0,336.8
CHCL,9/10/2020,465.0,474.0,458.0,466.0,0.0,36416.0,525.0,336.8
CHCL,9/13/2020,467.0,490.0,465.0,488.0,4.72,52367.0,525.0,336.8
CHCL,9/14/2020,491.0,495.0,473.0,481.0,-1.43,50899.0,525.0,336.8
CHCL,9/15/2020,480.0,485.0,476.0,479.0,-0.42,32873.0,525.0,336.8
CHCL,9/16/2020,470.0,496.0,470.0,491.0,2.51,55982.0,525.0,336.8
CHCL,9/17/2020,515.0,535.0,486.0,521.0,6.11,205277.0,525.0,336.8
CHCL,9/20/2020,531.0,534.0,501.0,518.0,-0.58,57368.0,525.0,336.8
CHCL,9/21/2020,511.0,519.0,503.0,515.0,-0.58,74701.0,525.0,336.8
CHCL,9/22/2020,508.0,518.0,497.0,502.0,-2.52,43594.0,525.0,336.8
CHCL,9/23/2020,512.0,512.0,489.0,510.0,1.59,46465.0,525.0,336.8
CHCL,9/24/2020,504.0,522.0,503.0,515.0,0.98,100040.0,525.0,336.8
CHCL,9/27/2020,515.0,528.0,510.0,510.0,-0.97,105312.0,525.0,336.8
CHCL,9/28/2020,511.0,523.0,506.0,517.0,1.37,73495.0,525.0,336.8
CHCL,9/29/2020,510.0,519.0,508.0,511.0,-1.16,25350.0,525.0,336.8
CHCL,9/30/2020,510.0,515.0,506.0,510.0,-0.2,23735.0,525.0,336.8
CHCL,10/1/2020,500.0,514.0,500.0,510.0,0.0,39032.0,525.0,336.8
CHCL,10/4/2020,514.0,514.0,501.0,508.0,-0.39,27092.0,525.0,336.8
CHCL,10/5/2020,510.0,518.0,500.0,510.0,0.39,47360.0,525.0,336.8
CHCL,10/6/2020,504.0,526.0,504.0,518.0,1.57,67888.0,525.0,336.8
CHCL,10/7/2020,526.0,533.0,520.0,523.0,0.97,118399.0,525.0,336.8
CHCL,10/8/2020,533.0,543.0,513.0,519.0,-0.76,38529.0,525.0,336.8
CHCL,10/11/2020,519.0,525.0,507.0,511.0,-1.54,32235.0,525.0,336.8
CHCL,10/12/2020,507.0,514.0,505.0,507.0,-0.78,24683.0,525.0,336.8
CHCL,10/13/2020,515.0,515.0,500.0,500.0,-1.38,16482.0,525.0,336.8
CHCL,10/14/2020,506.0,509.0,501.0,502.0,0.4,22776.0,525.0,336.8
CHCL,10/15/2020,512.0,519.0,500.0,501.0,-0.2,24866.0,525.0,336.8
CHCL,10/18/2020,496.0,509.0,496.0,509.0,1.6,21038.0,525.0,336.8
CHCL,10/19/2020,510.0,525.0,504.0,525.0,3.14,28529.0,525.0,336.8
CHCL,10/20/2020,527.0,532.0,518.0,524.0,-0.19,31617.0,525.0,336.8
CHCL,10/21/2020,520.0,524.0,517.0,520.0,-0.76,10351.0,525.0,336.8
CHCL,10/22/2020,546.0,546.0,515.0,519.0,-0.19,11575.0,525.0,336.8
CHCL,10/28/2020,520.0,521.0,509.0,519.0,0.0,41648.0,525.0,336.8
CHCL,10/29/2020,525.0,525.0,509.0,513.0,-1.16,25791.0,525.0,336.8
CHCL,11/1/2020,538.0,538.0,508.0,514.0,0.19,23675.0,525.0,336.8
CHCL,11/2/2020,519.0,522.0,510.0,513.0,-0.19,29884.0,525.0,336.8
CHCL,11/3/2020,517.0,518.0,511.0,514.0,0.19,7283.0,525.0,336.8
CHCL,11/4/2020,511.0,519.0,511.0,516.0,0.39,12398.0,525.0,336.8
CHCL,11/5/2020,515.0,516.0,510.0,514.0,-0.39,29933.0,525.0,336.8
CHCL,11/8/2020,510.0,519.0,510.0,517.0,0.58,58057.0,525.0,336.8
CHCL,11/9/2020,517.0,520.0,514.0,516.0,-0.19,49735.0,525.0,336.8
CHCL,11/10/2020,515.0,519.0,514.0,517.0,0.19,21314.0,525.0,336.8
CHCL,11/11/2020,515.0,524.0,515.0,519.0,0.39,37433.0,525.0,336.8
CHCL,11/12/2020,520.0,530.0,518.0,519.0,0.0,44849.0,525.0,336.8
CHCL,11/18/2020,515.0,519.0,515.0,517.0,-0.39,16681.0,525.0,336.8
CHCL,11/19/2020,516.0,525.0,516.0,525.0,1.55,40170.0,525.0,336.8
CHCL,11/22/2020,530.0,530.0,516.0,523.0,-0.38,41453.0,525.0,336.8
CHCL,11/23/2020,516.0,521.0,515.0,515.0,-1.53,32859.0,525.0,336.8
CHCL,11/24/2020,517.0,522.0,514.0,515.0,0.0,63692.0,525.0,336.8
CHCL,11/25/2020,520.0,555.0,517.0,536.0,4.08,130451.0,525.0,336.8
CHCL,11/26/2020,540.0,573.0,540.0,565.0,5.41,185054.0,525.0,336.8
CHCL,11/29/2020,565.0,601.0,565.0,601.0,6.37,194171.0,525.0,336.8
CHCL,11/30/2020,613.0,635.0,608.0,620.0,3.16,134768.0,525.0,336.8
CHCL,12/1/2020,632.0,640.0,606.0,609.0,-1.77,190152.0,525.0,336.8
CHCL,12/2/2020,621.0,669.0,610.0,669.0,9.85,260731.0,525.0,336.8
CHCL,12/3/2020,702.0,720.0,645.0,655.0,-2.09,155485.0,525.0,336.8
CHCL,12/6/2020,661.0,661.0,610.0,610.0,-6.87,83959.0,525.0,336.8
CHCL,12/7/2020,620.0,643.0,587.0,641.0,5.08,87073.0,525.0,336.8
CHCL,12/8/2020,673.0,673.0,629.0,650.0,1.4,228967.0,525.0,336.8
CHCL,12/9/2020,659.0,662.0,620.0,627.0,-3.54,110491.0,525.0,336.8
CHCL,12/10/2020,635.0,639.0,618.0,622.0,-0.8,169808.0,525.0,336.8
CHCL,12/13/2020,630.0,640.0,620.0,627.0,0.8,243368.0,525.0,336.8
CHCL,12/14/2020,598.0,598.0,555.0,558.0,-11.0,54691.0,525.0,336.8
CHCL,12/15/2020,559.0,560.0,540.0,541.0,-3.05,65191.0,525.0,336.8
CHCL,12/16/2020,535.0,539.0,525.0,525.0,-2.96,54345.0,525.0,336.8
CHCL,12/17/2020,535.0,545.0,525.0,528.0,0.57,50137.0,525.0,336.8
CHCL,12/20/2020,525.0,529.0,495.0,495.0,-6.25,68169.0,525.0,336.8
CHCL,12/21/2020,486.0,504.0,460.0,500.0,1.01,65308.0,525.0,336.8
CHCL,12/22/2020,510.0,525.0,499.0,517.0,3.4,34294.0,525.0,336.8
CHCL,12/23/2020,542.0,542.0,505.0,509.0,-1.55,28357.0,525.0,336.8
CHCL,12/24/2020,510.0,510.0,502.0,505.0,-0.79,20004.0,525.0,336.8
CHCL,12/27/2020,530.0,530.0,496.0,497.0,-1.58,25644.0,525.0,336.8
CHCL,12/28/2020,495.0,506.0,490.0,500.0,0.6,24036.0,525.0,336.8
CHCL,12/29/2020,500.0,502.0,491.0,495.0,-1.0,16742.0,525.0,336.8
CHCL,12/30/2020,491.0,495.0,486.0,492.0,-0.61,23310.0,525.0,336.8
CHCL,12/31/2020,497.0,510.0,495.0,498.0,1.22,60113.0,525.0,336.8
CHCL,1/3/2021,494.0,530.0,494.0,526.0,5.62,96591.0,525.0,336.8
CHCL,1/4/2021,530.0,545.0,520.0,535.0,1.71,106558.0,525.0,336.8
CHCL,1/5/2021,540.0,555.0,526.0,542.0,1.31,58066.0,525.0,336.8
CHCL,1/6/2021,569.0,569.0,530.0,535.0,-1.29,59430.0,525.0,336.8
CHCL,1/7/2021,535.0,570.0,530.0,560.0,4.67,456566.0,525.0,336.8
CHCL,1/10/2021,570.0,596.0,563.0,589.0,5.18,165988.0,525.0,336.8
CHCL,1/11/2021,595.0,605.0,590.0,592.0,0.51,115331.0,525.0,336.8
CHCL,1/12/2021,600.0,600.0,585.0,591.0,-0.17,60404.0,525.0,336.8
CHCL,1/13/2021,593.0,605.0,591.0,592.0,0.17,104274.0,525.0,336.8
CHCL,1/17/2021,597.0,597.0,583.0,589.0,-0.51,120910.0,525.0,336.8
CHCL,1/18/2021,588.0,590.0,580.0,581.0,-1.36,29496.0,525.0,336.8
CHCL,1/19/2021,584.0,585.0,570.0,573.0,-1.38,40451.0,525.0,336.8
CHCL,1/20/2021,565.0,604.0,565.0,588.0,2.62,52483.0,525.0,336.8
CHCL,1/21/2021,595.0,595.0,580.0,593.0,0.85,52994.0,525.0,336.8
CHCL,1/24/2021,600.0,613.0,592.0,592.0,-0.17,77520.0,525.0,336.8
CHCL,1/25/2021,592.0,599.0,586.0,593.0,0.17,55764.0,525.0,336.8
CHCL,1/26/2021,595.0,601.0,586.0,592.0,-0.17,72249.0,525.0,336.8
CHCL,1/27/2021,598.0,598.0,586.0,587.0,-0.84,32789.0,525.0,336.8
CHCL,1/28/2021,595.0,597.0,581.0,581.0,-1.02,35282.0,525.0,336.8
CHCL,1/31/2021,580.0,580.0,564.0,569.0,-2.07,55976.0,525.0,336.8
CHCL,2/1/2021,569.0,588.0,569.0,576.0,1.23,32434.0,525.0,336.8
CHCL,2/2/2021,586.0,587.0,573.0,580.0,0.69,59693.0,525.0,336.8
CHCL,2/3/2021,590.0,595.0,577.0,585.0,0.86,78292.0,525.0,336.8
CHCL,2/4/2021,584.0,595.0,584.0,590.0,0.85,43860.0,525.0,336.8
CHCL,2/7/2021,589.0,622.0,589.0,621.0,5.25,274193.0,525.0,336.8
CHCL,2/8/2021,632.0,642.0,613.0,620.0,-0.16,101386.0,525.0,336.8
CHCL,2/9/2021,625.0,625.0,601.0,608.0,-1.94,51318.0,525.0,336.8
CHCL,2/10/2021,599.0,600.0,588.0,592.0,-2.63,68890.0,525.0,336.8
CHCL,2/11/2021,590.0,597.0,582.0,582.0,-1.69,47910.0,525.0,336.8
CHCL,2/14/2021,585.0,585.0,576.0,576.0,-1.03,45736.0,525.0,336.8
CHCL,2/15/2021,587.0,604.0,577.0,599.0,3.99,52137.0,525.0,336.8
CHCL,2/16/2021,600.0,601.0,582.0,586.0,-2.17,38023.0,525.0,336.8
CHCL,2/17/2021,575.0,590.0,575.0,582.0,-0.68,31524.0,525.0,336.8
CHCL,2/18/2021,585.0,589.0,577.0,582.0,0.0,65262.0,525.0,336.8
CHCL,2/21/2021,582.0,592.0,577.0,586.0,0.69,62039.0,525.0,336.8
CHCL,2/22/2021,588.0,604.0,584.0,584.0,-0.34,87328.0,525.0,336.8
CHCL,2/23/2021,584.0,587.0,566.0,584.0,0.0,51255.0,525.0,336.8
CHCL,2/24/2021,590.0,598.0,575.0,579.0,-0.86,40132.0,525.0,336.8
CHCL,2/25/2021,571.0,582.0,569.0,573.0,-1.04,48054.0,525.0,336.8
CHCL,2/28/2021,575.0,575.0,557.0,558.0,-2.62,88154.0,525.0,336.8
CHCL,3/1/2021,558.0,569.0,549.0,560.0,0.36,46742.0,525.0,336.8
CHCL,3/2/2021,568.0,568.0,542.0,550.0,-1.79,39056.0,525.0,336.8
CHCL,3/3/2021,555.0,555.0,537.0,542.0,-1.45,33658.0,525.0,336.8
CHCL,3/4/2021,542.0,586.0,535.0,562.0,3.69,47701.0,525.0,336.8
CHCL,3/7/2021,554.0,572.0,551.0,559.0,-0.53,19987.0,525.0,336.8
CHCL,3/9/2021,555.0,563.0,550.0,555.0,-0.72,34344.0,525.0,336.8
CHCL,3/10/2021,550.0,559.0,550.0,552.0,-0.54,23648.0,525.0,336.8
CHCL,3/14/2021,550.0,555.0,545.0,547.0,-0.91,40660.0,525.0,336.8
CHCL,3/15/2021,541.0,544.0,537.0,539.0,-1.46,31884.0,525.0,336.8
CHCL,3/16/2021,539.0,547.0,534.0,537.0,-0.37,23389.0,525.0,336.8
CHCL,3/17/2021,532.0,545.0,532.0,543.0,1.12,16690.0,525.0,336.8
CHCL,3/18/2021,543.0,551.0,542.0,543.0,0.0,19627.0,525.0,336.8
CHCL,3/21/2021,550.0,550.0,536.0,541.0,-0.37,38736.0,525.0,336.8
CHCL,3/22/2021,551.0,592.0,540.0,569.0,5.18,66610.0,525.0,336.8
CHCL,3/23/2021,575.0,595.0,564.0,593.0,4.22,126091.0,525.0,336.8
CHCL,3/24/2021,600.0,600.0,584.0,587.0,-1.01,67343.0,525.0,336.8
CHCL,3/25/2021,616.0,616.0,570.0,570.0,-2.9,38455.0,525.0,336.8
CHCL,3/29/2021,578.0,578.0,565.0,570.0,0.0,21466.0,525.0,336.8
CHCL,3/30/2021,570.0,608.0,564.0,595.0,4.39,69872.0,525.0,336.8
CHCL,3/31/2021,624.0,624.0,580.0,589.0,-1.01,36363.0,525.0,336.8
CHCL,4/1/2021,618.0,618.0,585.0,590.0,0.17,76436.0,525.0,336.8
CHCL,4/4/2021,619.0,640.0,586.0,615.0,4.24,180499.0,525.0,336.8
CHCL,4/5/2021,615.0,626.0,610.0,620.0,0.81,131301.0,525.0,336.8
CHCL,4/6/2021,630.0,682.0,620.0,682.0,10.0,466588.0,525.0,336.8
CHCL,4/7/2021,700.0,710.0,676.0,681.0,-0.15,322277.0,525.0,336.8
CHCL,4/8/2021,700.0,700.0,664.0,670.0,-1.62,114625.0,525.0,336.8
CHCL,4/12/2021,672.0,672.0,646.0,649.0,-3.13,166421.0,525.0,336.8
CHCL,4/13/2021,661.0,674.0,644.0,655.0,0.92,87270.0,525.0,336.8
CHCL,4/15/2021,668.0,668.0,650.0,655.0,0.0,79400.0,525.0,336.8
CHCL,4/18/2021,650.0,653.0,644.0,644.0,-1.68,63124.0,525.0,336.8
CHCL,4/19/2021,642.0,653.0,635.0,644.0,0.0,71966.0,525.0,336.8
CHCL,4/20/2021,644.0,655.0,635.0,644.0,0.0,69941.0,525.0,336.8
CHCL,4/21/2021,638.0,650.0,635.0,638.0,-0.93,61182.0,525.0,336.8
CHCL,4/22/2021,635.0,642.0,634.0,642.0,0.63,42936.0,525.0,336.8
CHCL,4/25/2021,635.0,642.0,615.0,619.0,-3.58,86718.0,525.0,336.8
CHCL,4/26/2021,611.0,629.0,602.0,610.0,-1.45,79184.0,525.0,336.8
CHCL,4/27/2021,580.0,630.0,580.0,629.0,3.11,53487.0,525.0,336.8
CHCL,4/28/2021,635.0,635.0,613.0,621.0,-1.27,29188.0,525.0,336.8
CHCL,4/29/2021,652.0,652.0,616.0,631.0,1.61,62057.0,525.0,336.8
CHCL,5/2/2021,631.0,655.0,628.0,651.0,3.17,94371.0,525.0,336.8
CHCL,5/3/2021,683.0,683.0,638.0,639.0,-1.84,82837.0,525.0,336.8
CHCL,5/4/2021,640.0,647.0,637.0,642.0,0.47,65049.0,525.0,336.8
CHCL,5/5/2021,640.0,651.0,636.0,648.0,0.93,50042.0,525.0,336.8
CHCL,5/6/2021,650.0,658.0,632.0,636.0,-1.85,45712.0,525.0,336.8
CHCL,5/9/2021,632.0,642.0,630.0,631.0,-0.79,43412.0,525.0,336.8
CHCL,5/10/2021,640.0,640.0,628.0,634.0,0.48,26397.0,525.0,336.8
CHCL,5/11/2021,634.0,644.0,634.0,639.0,0.79,36880.0,525.0,336.8
CHCL,5/12/2021,635.0,641.0,632.0,636.0,-0.47,41168.0,525.0,336.8
CHCL,5/13/2021,638.0,650.0,638.0,640.0,0.63,54320.0,525.0,336.8
CHCL,5/16/2021,650.0,695.0,648.0,687.0,7.34,333179.0,525.0,336.8
CHCL,5/17/2021,695.0,699.0,684.0,687.0,0.0,156923.0,525.0,336.8
CHCL,5/18/2021,721.0,721.0,686.0,711.0,3.49,243310.0,525.0,336.8
CHCL,5/19/2021,720.0,720.0,686.0,700.0,-1.55,225586.0,525.0,336.8
CHCL,5/20/2021,700.0,700.0,680.0,684.0,-2.29,140428.0,525.0,336.8
CHCL,5/23/2021,675.0,699.0,668.0,690.0,0.88,165404.0,525.0,336.8
CHCL,5/24/2021,656.0,720.0,656.0,696.0,0.87,120297.0,525.0,336.8
CHCL,5/25/2021,664.0,717.0,664.0,705.0,1.29,195797.0,525.0,336.8
CHCL,5/27/2021,700.0,768.0,681.0,751.0,6.52,500899.0,525.0,336.8
CHCL,5/30/2021,778.0,781.0,734.0,745.0,-0.8,457903.0,525.0,336.8
CHCL,5/31/2021,782.0,782.0,712.0,715.0,-4.03,288333.0,525.0,336.8
CHCL,6/1/2021,712.0,721.0,696.0,707.0,-1.12,203686.0,525.0,336.8
CHCL,6/2/2021,707.0,729.0,699.0,725.0,2.55,214365.0,525.0,336.8
CHCL,6/3/2021,725.0,744.0,710.0,715.0,-1.38,158135.0,525.0,336.8
CHCL,6/6/2021,750.0,750.0,698.0,706.0,-1.26,141096.0,525.0,336.8
CHCL,6/7/2021,741.0,741.0,701.0,708.0,0.28,129893.0,525.0,336.8
CHCL,6/8/2021,743.0,743.0,706.0,713.0,0.71,142704.0,525.0,336.8
CHCL,6/9/2021,748.0,748.0,701.0,708.0,-0.7,132306.0,525.0,336.8
CHCL,6/10/2021,743.0,743.0,703.0,719.0,1.55,170845.0,525.0,336.8
CHCL,6/13/2021,720.0,759.0,720.0,752.0,4.59,314191.0,525.0,336.8
CHCL,6/14/2021,760.0,785.0,730.0,743.0,-1.2,228516.0,525.0,336.8
CHCL,6/15/2021,742.0,742.0,721.0,725.0,-2.42,132450.0,525.0,336.8
CHCL,6/16/2021,700.0,735.0,700.0,715.0,-1.38,209027.0,525.0,336.8
CHCL,6/17/2021,750.0,750.0,705.0,719.0,0.56,119166.0,525.0,336.8
CHCL,6/20/2021,715.0,719.0,695.0,695.0,-3.34,147208.0,525.0,336.8
CHCL,6/21/2021,705.0,708.0,670.0,674.0,-3.02,128247.0,525.0,336.8
CHCL,6/22/2021,687.0,700.0,665.0,691.0,2.52,84697.0,525.0,336.8
CHCL,6/23/2021,695.0,701.0,670.0,677.0,-2.03,82924.0,525.0,336.8
CHCL,6/24/2021,672.0,690.0,666.0,676.0,-0.15,67105.0,525.0,336.8
CHCL,6/27/2021,709.0,709.0,669.0,672.0,-0.59,63625.0,525.0,336.8
CHCL,6/28/2021,675.0,682.0,666.0,671.0,-0.15,94279.0,525.0,336.8
CHCL,6/29/2021,682.0,682.0,654.0,660.0,-1.64,104596.0,525.0,336.8
CHCL,6/30/2021,670.0,670.0,639.0,656.0,-0.61,78842.0,525.0,336.8
CHCL,7/1/2021,658.0,670.0,654.0,660.0,0.61,94543.0,525.0,336.8
CHCL,7/4/2021,665.0,665.0,654.0,656.0,-0.61,31398.0,525.0,336.8
CHCL,7/5/2021,688.0,688.0,650.0,653.0,-0.46,35928.0,525.0,336.8
CHCL,7/6/2021,655.0,656.0,645.0,648.0,-0.77,26525.0,525.0,336.8
CHCL,7/7/2021,650.0,653.0,647.0,648.0,0.0,27046.0,525.0,336.8
CHCL,7/8/2021,648.0,668.0,647.0,668.0,3.09,31215.0,525.0,336.8
CHCL,7/11/2021,668.0,681.0,664.0,670.0,0.3,60075.0,525.0,336.8
CHCL,7/12/2021,680.0,685.0,655.0,660.0,-1.49,57246.0,525.0,336.8
CHCL,7/13/2021,650.0,670.0,650.0,667.0,1.06,16193.0,525.0,336.8
CHCL,7/14/2021,665.0,680.0,660.0,680.0,1.95,32066.0,525.0,336.8
CHCL,7/15/2021,700.0,700.0,678.0,687.0,1.03,63413.0,525.0,336.8
CHCL,7/18/2021,698.0,701.0,685.0,694.0,1.02,106679.0,525.0,336.8
CHCL,7/19/2021,701.0,701.0,689.0,689.0,-0.72,42023.0,525.0,336.8
CHCL,7/20/2021,687.0,692.0,682.0,686.0,-0.44,27871.0,525.0,336.8
CHCL,7/22/2021,690.0,695.0,680.0,684.3,-0.25,58828.0,525.0,336.8
CHCL,7/25/2021,689.0,694.0,681.0,686.0,0.25,59959.0,525.0,336.8
CHCL,7/26/2021,691.0,720.0,687.0,712.0,3.79,128975.0,525.0,336.8
CHCL,7/27/2021,715.0,726.2,704.0,719.0,0.98,122919.0,525.0,336.8
CHCL,7/28/2021,733.3,733.3,702.0,707.0,-1.67,132654.0,525.0,336.8
CHCL,7/29/2021,707.0,707.0,691.0,693.9,-1.85,77767.0,525.0,336.8
CHCL,8/1/2021,696.0,705.0,691.0,696.0,0.3,48629.0,525.0,336.8
CHCL,8/2/2021,709.9,709.9,686.0,690.5,-0.79,64128.0,525.0,336.8
CHCL,8/3/2021,690.0,704.0,686.0,698.5,1.16,57545.0,525.0,336.8
CHCL,8/4/2021,712.4,740.0,712.4,732.8,4.91,314649.0,525.0,336.8
CHCL,8/5/2021,735.0,740.0,715.0,720.0,-1.75,117148.0,525.0,336.8
CHCL,8/8/2021,720.0,750.0,712.0,740.0,2.78,221616.0,525.0,336.8
CHCL,8/9/2021,740.0,741.0,715.0,732.0,-1.08,252704.0,525.0,336.8
CHCL,8/10/2021,740.0,740.0,710.0,715.0,-2.32,143459.0,525.0,336.8
CHCL,8/11/2021,729.0,758.0,723.0,745.0,4.2,193835.0,525.0,336.8
CHCL,8/12/2021,759.9,760.0,735.0,735.6,-1.26,195988.0,525.0,336.8
CHCL,8/15/2021,721.0,730.0,698.0,705.0,-4.16,195367.0,525.0,336.8
CHCL,8/16/2021,705.0,719.0,696.0,706.0,0.14,53666.0,525.0,336.8
CHCL,8/17/2021,709.1,719.0,700.0,705.3,-0.1,125166.0,525.0,336.8
CHCL,8/18/2021,710.0,731.0,707.0,708.0,0.38,148739.0,525.0,336.8
CHCL,8/19/2021,708.0,716.0,700.0,700.3,-1.09,87739.0,525.0,336.8
CHCL,8/24/2021,695.0,695.0,676.5,680.4,-2.84,111794.0,525.0,336.8
CHCL,8/25/2021,667.0,692.0,667.0,676.1,-0.63,82491.0,525.0,336.8
CHCL,8/26/2021,689.0,695.0,669.0,684.0,1.17,75100.0,525.0,336.8
CHCL,8/29/2021,684.0,696.0,667.1,672.0,-1.75,45112.0,525.0,336.8
CHCL,8/31/2021,685.4,685.4,650.0,655.0,-2.53,83851.0,525.0,336.8
CHCL,9/1/2021,668.0,668.0,648.0,650.0,-0.76,55683.0,525.0,336.8
CHCL,9/2/2021,650.0,655.0,625.0,626.0,-3.69,110824.0,525.0,336.8
CHCL,9/5/2021,615.0,624.0,591.0,600.0,-4.15,96927.0,525.0,336.8
CHCL,9/6/2021,600.0,645.0,597.0,640.0,6.67,86968.0,525.0,336.8
CHCL,9/7/2021,652.0,652.0,615.0,623.0,-2.66,93188.0,525.0,336.8
CHCL,9/8/2021,630.0,630.0,600.8,609.0,-2.25,46000.0,525.0,336.8
CHCL,9/9/2021,611.0,620.0,606.0,610.0,0.16,37572.0,525.0,336.8
CHCL,9/12/2021,622.0,646.6,613.0,636.0,4.26,67036.0,525.0,336.8
CHCL,9/13/2021,647.9,648.0,625.0,630.1,-0.93,57962.0,525.0,336.8
CHCL,9/14/2021,635.0,635.0,620.0,626.0,-0.65,21742.0,525.0,336.8
CHCL,9/15/2021,618.1,623.0,611.1,615.0,-1.76,25780.0,525.0,336.8
CHCL,9/16/2021,610.0,610.1,597.0,603.0,-1.95,70869.0,525.0,336.8
CHCL,9/20/2021,600.0,602.0,575.0,575.0,-4.64,69077.0,525.0,336.8
CHCL,9/21/2021,586.5,610.0,542.1,591.0,2.78,49291.0,525.0,336.8
CHCL,9/22/2021,591.0,614.0,591.0,603.0,2.03,33535.0,525.0,336.8
CHCL,9/23/2021,610.0,614.0,589.0,590.0,-2.16,43050.0,525.0,336.8
CHCL,9/26/2021,601.0,601.0,578.0,578.0,-2.03,28667.0,525.0,336.8
CHCL,9/27/2021,589.5,613.0,560.0,565.0,-2.25,36760.0,525.0,336.8
CHCL,9/28/2021,570.0,570.0,551.0,551.0,-2.48,42330.0,525.0,336.8
CHCL,9/29/2021,551.0,570.1,547.0,566.0,2.72,28548.0,525.0,336.8
CHCL,9/30/2021,577.3,577.3,554.0,558.0,-1.41,21864.0,525.0,336.8
CHCL,10/3/2021,549.0,564.0,544.0,545.0,-2.33,37388.0,525.0,336.8
CHCL,10/4/2021,545.0,554.0,535.0,540.2,-0.88,19831.0,525.0,336.8
CHCL,10/5/2021,548.0,549.0,538.1,547.0,1.26,28604.0,525.0,336.8
CHCL,10/6/2021,557.0,573.2,550.0,572.1,4.59,23452.0,525.0,336.8
CHCL,10/10/2021,582.0,629.0,570.0,604.0,5.58,57047.0,525.0,336.8
CHCL,10/11/2021,616.0,649.0,590.0,602.0,-0.33,41907.0,525.0,336.8
CHCL,10/17/2021,602.0,610.0,590.0,603.0,0.17,14255.0,525.0,336.8
CHCL,10/18/2021,591.0,604.0,585.0,596.0,-1.16,18290.0,525.0,336.8
CHCL,10/19/2021,587.0,587.0,552.0,552.0,-7.38,67622.0,525.0,336.8
CHCL,10/20/2021,563.0,575.0,563.0,570.0,3.26,25177.0,525.0,336.8
CHCL,10/21/2021,579.0,580.0,554.0,568.0,-0.35,15741.0,525.0,336.8
CHCL,10/24/2021,568.0,581.0,559.0,576.1,1.43,19108.0,525.0,336.8
CHCL,10/25/2021,587.6,600.0,577.0,595.0,3.28,23150.0,525.0,336.8
CHCL,10/26/2021,606.0,606.0,590.0,600.0,0.84,52823.0,525.0,336.8
CHCL,10/27/2021,610.0,610.0,592.0,598.0,-0.33,33260.0,525.0,336.8
CHCL,10/28/2021,609.9,609.9,588.0,596.0,-0.33,49141.0,525.0,336.8
CHCL,10/31/2021,600.0,617.0,595.0,614.0,3.02,84130.0,525.0,336.8
CHCL,11/1/2021,626.0,626.0,604.3,605.0,-1.47,44933.0,525.0,336.8
CHCL,11/2/2021,601.0,612.0,593.0,609.0,0.66,30386.0,525.0,336.8
CHCL,11/3/2021,609.1,622.0,607.0,620.0,1.81,66704.0,525.0,336.8
CHCL,11/8/2021,629.7,630.0,616.0,616.0,-0.65,34840.0,525.0,336.8
CHCL,11/9/2021,615.0,615.0,597.0,606.0,-1.62,51551.0,525.0,336.8
CHCL,11/11/2021,594.2,605.0,593.0,593.0,-2.15,38988.0,525.0,336.8
CHCL,11/14/2021,593.0,600.0,588.5,588.5,-0.76,27590.0,525.0,336.8
CHCL,11/15/2021,576.8,605.0,576.8,590.2,0.29,25389.0,525.0,336.8
CHCL,11/16/2021,587.0,618.0,585.0,614.0,4.03,36607.0,525.0,336.8
CHCL,11/17/2021,625.0,627.0,607.6,615.0,0.16,36144.0,525.0,336.8
CHCL,11/18/2021,604.0,612.0,592.0,596.0,-3.09,30507.0,525.0,336.8
CHCL,11/21/2021,600.0,607.0,592.0,593.0,-0.5,13536.0,525.0,336.8
CHCL,11/22/2021,598.0,600.0,591.2,592.0,-0.17,21224.0,525.0,336.8
CHCL,11/23/2021,585.0,595.0,581.0,582.2,-1.66,21023.0,525.0,336.8
CHCL,11/24/2021,582.0,588.7,575.0,580.1,-0.36,22113.0,525.0,336.8
CHCL,11/25/2021,590.0,600.0,580.0,583.0,0.5,20384.0,525.0,336.8
CHCL,11/28/2021,582.0,582.0,564.0,566.1,-2.9,32895.0,525.0,336.8
CHCL,11/29/2021,565.0,575.0,562.0,570.0,0.69,24233.0,525.0,336.8
CHCL,11/30/2021,572.0,575.0,562.3,570.0,0.0,21417.0,525.0,336.8
CHCL,12/1/2021,571.0,579.0,565.0,569.9,-0.02,19605.0,525.0,336.8
CHCL,12/2/2021,570.0,570.0,560.0,561.0,-1.56,22315.0,525.0,336.8
CHCL,12/5/2021,551.0,558.0,543.0,543.0,-3.21,23873.0,525.0,336.8
CHCL,12/6/2021,543.0,564.8,528.0,550.0,1.29,28795.0,525.0,336.8
CHCL,12/7/2021,555.0,561.0,540.0,540.0,-1.82,24301.0,525.0,336.8
CHCL,12/8/2021,536.0,540.0,524.0,524.0,-2.96,25893.0,525.0,336.8
CHCL,12/9/2021,516.0,535.0,515.0,526.0,0.38,17213.0,525.0,336.8
CHCL,12/12/2021,510.0,510.0,490.0,490.2,-6.81,69161.0,525.0,336.8
CHCL,12/13/2021,485.0,493.0,471.2,478.0,-2.49,46744.0,525.0,336.8
CHCL,12/14/2021,487.5,506.0,487.5,503.0,5.23,10347.0,525.0,336.8
CHCL,12/15/2021,513.0,530.0,490.0,500.0,-0.6,32588.0,525.0,336.8
CHCL,12/16/2021,510.0,510.0,488.0,488.1,-2.38,11612.0,525.0,336.8
CHCL,12/20/2021,495.0,495.0,478.7,482.0,-1.25,19893.0,525.0,336.8
CHCL,12/21/2021,490.0,499.8,481.8,490.1,1.68,26096.0,525.0,336.8
CHCL,12/22/2021,490.1,507.0,490.1,501.0,2.22,24073.0,525.0,336.8
CHCL,12/23/2021,501.0,509.1,498.0,505.0,0.8,24692.0,525.0,336.8
CHCL,12/26/2021,506.0,516.0,502.1,515.9,2.16,19048.0,525.0,336.8
CHCL,12/27/2021,518.0,518.0,502.1,503.0,-2.5,25259.0,525.0,336.8
CHCL,12/28/2021,500.0,502.0,496.1,500.0,-0.6,16851.0,525.0,336.8
CHCL,12/29/2021,509.0,510.0,498.0,502.9,0.58,44157.0,525.0,336.8
CHCL,1/2/2022,470.0,477.0,462.0,477.0,-5.15,20494.0,525.0,336.8
CHCL,1/3/2022,471.0,483.5,471.0,481.0,0.84,15874.0,525.0,336.8
CHCL,1/4/2022,475.1,518.0,465.5,505.0,4.99,38710.0,525.0,336.8
CHCL,1/5/2022,505.0,519.0,490.0,490.0,-2.97,40763.0,525.0,336.8
CHCL,1/6/2022,490.0,508.9,490.0,498.0,1.63,40138.0,525.0,336.8
CHCL,1/9/2022,507.9,517.0,499.0,512.0,2.81,58107.0,525.0,336.8
CHCL,1/10/2022,513.0,523.0,500.0,520.0,1.56,78189.0,525.0,336.8
CHCL,1/11/2022,520.5,545.0,520.0,536.1,3.1,70880.0,525.0,336.8
CHCL,1/12/2022,540.0,545.0,519.4,520.0,-3.0,56325.0,525.0,336.8
CHCL,1/13/2022,514.0,536.0,514.0,535.0,2.88,43627.0,525.0,336.8
CHCL,1/16/2022,540.0,560.0,540.0,554.0,3.55,72889.0,525.0,336.8
CHCL,1/17/2022,564.0,564.0,545.0,558.0,0.72,59871.0,525.0,336.8
CHCL,1/18/2022,566.9,566.9,541.0,545.0,-2.33,38436.0,525.0,336.8
CHCL,1/19/2022,555.9,555.9,533.0,536.0,-1.65,43481.0,525.0,336.8
CHCL,1/20/2022,536.0,547.0,527.0,542.0,1.12,33977.0,525.0,336.8
CHCL,1/23/2022,546.0,546.0,536.0,539.0,-0.55,25562.0,525.0,336.8
CHCL,1/24/2022,529.0,532.0,515.0,518.0,-3.9,54331.0,525.0,336.8
CHCL,1/25/2022,518.0,530.0,509.0,516.0,-0.39,31913.0,525.0,336.8
CHCL,1/26/2022,516.0,518.2,506.0,510.1,-1.14,22166.0,525.0,336.8
CHCL,1/27/2022,514.0,515.0,507.0,509.0,-0.22,24787.0,525.0,336.8
CHCL,1/30/2022,519.0,538.0,519.0,532.0,4.52,35432.0,525.0,336.8
CHCL,1/31/2022,540.0,540.0,519.0,520.0,-2.26,30420.0,525.0,336.8
CHCL,2/1/2022,515.0,537.5,512.0,534.0,2.69,43049.0,525.0,336.8
CHCL,2/3/2022,539.5,546.9,527.0,527.0,-1.31,37925.0,525.0,336.8
CHCL,2/6/2022,523.0,530.0,520.0,523.0,-0.76,14154.0,525.0,336.8
CHCL,2/7/2022,525.0,530.0,520.0,524.9,0.36,15774.0,525.0,336.8
CHCL,2/8/2022,535.3,554.0,520.0,520.0,-0.93,38073.0,525.0,336.8
CHCL,2/9/2022,520.0,524.0,511.0,518.0,-0.38,14494.0,525.0,336.8
CHCL,2/10/2022,520.0,520.1,513.1,515.0,-0.58,15201.0,525.0,336.8
CHCL,2/13/2022,509.6,510.0,499.0,500.0,-2.91,27270.0,525.0,336.8
CHCL,2/14/2022,490.1,519.9,490.1,499.5,-0.1,17726.0,525.0,336.8
CHCL,2/15/2022,502.0,509.0,498.0,508.0,1.7,24633.0,525.0,336.8
CHCL,2/16/2022,508.1,513.0,503.0,507.0,-0.2,16461.0,525.0,336.8
CHCL,2/17/2022,507.0,512.0,506.1,508.3,0.26,14120.0,525.0,336.8
CHCL,2/20/2022,498.5,509.0,489.0,499.9,-1.65,33658.0,525.0,336.8
CHCL,2/21/2022,509.0,520.0,500.0,515.0,3.02,22051.0,525.0,336.8
CHCL,2/22/2022,516.0,523.0,508.0,510.0,-0.97,31378.0,525.0,336.8
CHCL,2/23/2022,500.3,518.0,500.2,510.0,0.0,30070.0,525.0,336.8
CHCL,2/24/2022,505.0,509.0,495.0,498.0,-2.35,35946.0,525.0,336.8
CHCL,2/27/2022,490.0,518.0,490.0,509.9,2.39,36488.0,525.0,336.8
CHCL,2/28/2022,520.0,529.0,492.0,505.0,-0.96,50730.0,525.0,336.8
CHCL,3/2/2022,495.0,500.0,487.0,490.0,-2.97,23831.0,525.0,336.8
CHCL,3/6/2022,480.2,499.0,480.2,487.0,-0.61,15994.0,525.0,336.8
CHCL,3/7/2022,483.0,490.3,481.0,483.9,-0.64,13399.0,525.0,336.8
CHCL,3/9/2022,485.0,490.8,473.0,476.0,-1.63,28676.0,525.0,336.8
CHCL,3/10/2022,476.0,494.0,471.2,488.5,2.63,19319.0,525.0,336.8
CHCL,3/13/2022,498.2,502.0,490.0,497.8,1.9,29450.0,525.0,336.8
CHCL,3/14/2022,499.0,506.0,489.0,498.0,0.04,5263.0,525.0,336.8
CHCL,3/15/2022,495.0,500.0,490.0,490.2,-1.57,27517.0,525.0,336.8
CHCL,3/16/2022,498.9,498.9,485.1,489.9,-0.06,20459.0,525.0,336.8
CHCL,3/20/2022,489.9,495.0,488.2,492.0,0.43,10252.0,525.0,336.8
CHCL,3/21/2022,492.0,498.0,486.1,497.9,1.2,21754.0,525.0,336.8
CHCL,3/22/2022,500.0,503.9,496.0,498.8,0.18,22571.0,525.0,336.8
CHCL,3/23/2022,495.0,500.0,485.0,487.0,-2.37,25458.0,525.0,336.8
CHCL,3/24/2022,495.0,495.0,479.0,480.0,-1.44,35090.0,525.0,336.8
CHCL,3/27/2022,489.6,489.6,476.3,477.0,-0.62,27634.0,525.0,336.8
CHCL,3/28/2022,478.0,490.0,471.7,473.1,-0.82,33452.0,525.0,336.8
CHCL,3/29/2022,471.5,480.0,468.0,472.0,-0.23,38827.0,525.0,336.8
CHCL,3/30/2022,474.0,479.0,470.0,478.0,1.27,21823.0,525.0,336.8
CHCL,3/31/2022,487.5,487.5,471.1,471.9,-1.28,10560.0,525.0,336.8
CHCL,4/3/2022,472.0,480.0,466.0,470.0,-0.4,22634.0,525.0,336.8
CHCL,4/4/2022,470.0,475.0,465.0,470.0,0.0,22384.0,525.0,336.8
CHCL,4/5/2022,479.4,479.4,462.0,464.1,-1.26,27135.0,525.0,336.8
CHCL,4/6/2022,461.0,469.0,455.0,455.8,-1.79,27003.0,525.0,336.8
CHCL,4/7/2022,460.0,465.0,451.0,458.0,0.48,27480.0,525.0,336.8
CHCL,4/11/2022,458.0,476.4,450.0,453.0,-1.09,17673.0,525.0,336.8
CHCL,4/12/2022,454.0,454.0,444.0,447.0,-1.32,13902.0,525.0,336.8
CHCL,4/13/2022,445.0,452.0,445.0,450.0,0.67,15026.0,525.0,336.8
CHCL,4/17/2022,452.0,457.9,444.5,447.0,-0.67,13022.0,525.0,336.8
CHCL,4/18/2022,450.0,450.0,439.0,442.0,-1.12,9708.0,525.0,336.8
CHCL,4/19/2022,445.0,446.0,436.1,443.9,0.43,15509.0,525.0,336.8
CHCL,4/20/2022,437.1,450.0,433.0,438.0,-1.33,20155.0,525.0,336.8
CHCL,4/21/2022,446.7,446.7,432.0,437.1,-0.21,17216.0,525.0,336.8
CHCL,4/24/2022,440.0,460.0,436.1,460.0,5.24,20691.0,525.0,336.8
CHCL,4/25/2022,460.0,469.2,452.0,452.0,-1.74,15247.0,525.0,336.8
CHCL,4/26/2022,450.0,457.0,446.0,450.0,-0.44,17774.0,525.0,336.8
CHCL,4/27/2022,459.0,459.0,441.0,456.9,1.53,10413.0,525.0,336.8
CHCL,4/28/2022,460.0,460.0,445.0,448.0,-1.95,14188.0,525.0,336.8
CHCL,5/2/2022,448.0,448.0,439.3,441.0,-1.56,19313.0,525.0,336.8
CHCL,5/4/2022,440.0,442.0,434.0,434.6,-1.45,13656.0,525.0,336.8
CHCL,5/5/2022,431.2,440.0,430.0,432.0,-0.6,8272.0,525.0,336.8
CHCL,5/8/2022,440.6,440.6,426.5,431.0,-0.23,17487.0,525.0,336.8
CHCL,5/9/2022,435.0,447.0,431.0,431.0,0.0,18983.0,525.0,336.8
CHCL,5/10/2022,435.0,443.7,432.2,443.0,2.78,24327.0,525.0,336.8
CHCL,5/11/2022,450.0,458.0,441.6,455.0,2.71,20026.0,525.0,336.8
CHCL,5/12/2022,456.0,460.0,447.0,453.0,-0.44,24592.0,525.0,336.8
CHCL,5/17/2022,452.9,452.9,439.3,439.4,-3.0,16397.0,525.0,336.8
CHCL,5/18/2022,439.2,444.0,437.1,440.0,0.14,13115.0,525.0,336.8
CHCL,5/19/2022,440.0,444.5,435.0,439.9,-0.02,15865.0,525.0,336.8
CHCL,5/20/2022,435.3,441.8,435.3,441.0,0.25,7085.0,525.0,336.8
CHCL,5/23/2022,436.0,436.0,430.0,430.2,-2.45,14451.0,525.0,336.8
CHCL,5/24/2022,425.0,438.8,422.2,434.8,1.07,6783.0,525.0,336.8
CHCL,5/25/2022,443.4,445.4,435.0,437.5,0.62,9983.0,525.0,336.8
CHCL,5/26/2022,438.1,440.0,436.0,440.0,0.57,6623.0,525.0,336.8
CHCL,5/27/2022,447.0,447.0,435.1,438.0,-0.45,7353.0,525.0,336.8
CHCL,5/30/2022,438.0,438.0,426.0,428.0,-2.28,15543.0,525.0,336.8
CHCL,5/31/2022,425.0,425.0,415.0,424.0,-0.93,18337.0,525.0,336.8
CHCL,6/1/2022,420.0,432.0,412.0,426.0,0.47,15491.0,525.0,336.8
CHCL,6/2/2022,417.7,430.0,417.7,422.0,-0.94,6623.0,525.0,336.8
CHCL,6/3/2022,420.0,422.5,414.0,415.9,-1.45,14031.0,525.0,336.8
CHCL,6/6/2022,412.0,423.0,412.0,415.0,-0.22,13009.0,525.0,336.8
CHCL,6/7/2022,413.0,414.5,392.0,402.0,-3.13,37453.0,525.0,336.8
CHCL,6/8/2022,410.0,413.0,398.1,405.0,0.75,23153.0,525.0,336.8
CHCL,6/9/2022,400.0,411.5,398.0,402.0,-0.74,16755.0,525.0,336.8
CHCL,6/10/2022,395.3,405.0,394.0,399.9,-0.52,8960.0,525.0,336.8
CHCL,6/13/2022,395.1,399.0,395.1,396.0,-0.98,7280.0,525.0,336.8
CHCL,6/14/2022,400.0,400.0,386.0,387.0,-2.27,21090.0,525.0,336.8
CHCL,6/15/2022,394.0,394.0,377.0,379.0,-2.07,17572.0,525.0,336.8
CHCL,6/16/2022,373.2,384.0,372.0,380.0,0.26,12656.0,525.0,336.8
CHCL,6/17/2022,380.0,385.0,375.0,379.1,-0.24,3763.0,525.0,336.8
CHCL,6/19/2022,380.0,382.0,369.0,369.0,-2.66,28621.0,525.0,336.8
CHCL,6/20/2022,369.0,370.0,359.0,361.0,-2.17,24050.0,525.0,336.8
CHCL,6/21/2022,365.0,372.0,360.0,367.1,1.69,21032.0,525.0,336.8
CHCL,6/22/2022,369.0,369.0,360.0,365.0,-0.57,11488.0,525.0,336.8
CHCL,6/23/2022,364.0,366.6,353.0,359.0,-1.64,25968.0,525.0,336.8
CHCL,6/24/2022,355.0,362.0,347.9,360.0,0.28,28614.0,525.0,336.8
CHCL,6/26/2022,367.2,382.0,365.0,381.0,5.83,32130.0,525.0,336.8
CHCL,6/27/2022,385.0,393.0,372.4,379.0,-0.52,28746.0,525.0,336.8
CHCL,6/28/2022,379.1,387.0,375.0,384.0,1.32,31234.0,525.0,336.8
CHCL,6/29/2022,381.1,395.0,379.2,395.0,2.86,29289.0,525.0,336.8
CHCL,6/30/2022,402.0,416.6,397.0,415.0,5.06,40645.0,525.0,336.8
CHCL,7/1/2022,418.0,420.0,400.2,413.0,-0.48,9098.0,525.0,336.8
CHCL,7/3/2022,413.0,434.0,406.2,430.0,4.12,26466.0,525.0,336.8
CHCL,7/4/2022,435.0,438.2,415.6,418.9,-2.58,48885.0,525.0,336.8
CHCL,7/5/2022,411.0,418.8,402.2,406.9,-2.86,29168.0,525.0,336.8
CHCL,7/6/2022,410.0,418.2,397.0,415.0,1.99,29966.0,525.0,336.8
CHCL,7/7/2022,423.0,423.0,405.0,410.0,-1.2,18200.0,525.0,336.8
CHCL,7/8/2022,410.0,410.0,396.2,404.0,-1.46,14290.0,525.0,336.8
CHCL,7/11/2022,400.0,400.0,383.2,387.0,-4.21,22174.0,525.0,336.8
CHCL,7/12/2022,383.0,405.7,383.0,393.1,1.58,10654.0,525.0,336.8
CHCL,7/13/2022,399.0,409.5,395.0,406.0,3.28,19536.0,525.0,336.8
CHCL,7/14/2022,411.0,411.0,399.0,406.9,0.22,10610.0,525.0,336.8
CHCL,7/15/2022,400.0,410.0,400.0,408.0,0.27,6651.0,525.0,336.8
CHCL,7/17/2022,404.0,412.0,400.0,403.0,-1.23,8381.0,525.0,336.8
CHCL,7/18/2022,400.0,404.0,398.1,404.0,0.25,6154.0,525.0,336.8
CHCL,7/19/2022,400.1,410.0,400.1,401.1,-0.72,15021.0,525.0,336.8
CHCL,7/20/2022,407.0,408.0,399.9,405.0,0.97,11609.0,525.0,336.8
CHCL,7/21/2022,401.0,405.0,399.0,402.5,-0.62,6245.0,525.0,336.8
CHCL,7/22/2022,402.0,402.0,396.0,399.1,-0.84,12630.0,525.0,336.8
CHCL,7/24/2022,404.0,413.1,395.0,410.0,2.73,25760.0,525.0,336.8
CHCL,7/25/2022,406.0,418.0,405.1,413.9,0.95,18878.0,525.0,336.8
CHCL,7/26/2022,414.0,415.0,399.2,402.0,-2.88,20342.0,525.0,336.8
CHCL,7/27/2022,402.0,405.0,399.0,402.0,0.0,25388.0,525.0,336.8
CHCL,7/28/2022,410.0,418.2,404.0,410.0,1.99,34107.0,525.0,336.8
CHCL,7/29/2022,410.0,413.9,404.0,406.0,-0.98,13211.0,525.0,336.8
CHCL,7/31/2022,414.0,414.0,407.0,412.0,1.48,30514.0,525.0,336.8
CHCL,8/1/2022,419.9,438.0,414.0,424.9,3.13,71972.0,525.0,336.8
CHCL,8/2/2022,432.0,448.0,422.1,448.0,5.44,66500.0,525.0,336.8
CHCL,8/3/2022,456.0,456.0,439.0,444.0,-0.89,39004.0,525.0,336.8
CHCL,8/4/2022,444.0,448.0,430.0,430.1,-3.13,44245.0,525.0,336.8
CHCL,8/5/2022,435.0,435.0,418.0,426.0,-0.95,33524.0,525.0,336.8
CHCL,8/7/2022,434.0,435.5,421.4,428.0,0.47,19034.0,525.0,336.8
CHCL,8/8/2022,436.5,436.5,413.0,419.9,-1.89,19060.0,525.0,336.8
CHCL,8/9/2022,428.2,428.2,406.2,406.9,-3.1,25566.0,525.0,336.8
CHCL,8/10/2022,415.0,415.0,400.0,402.9,-0.98,15759.0,525.0,336.8
CHCL,8/11/2022,402.0,409.0,399.0,399.0,-0.97,11577.0,525.0,336.8
CHCL,8/14/2022,392.0,400.0,392.0,393.0,-1.5,10600.0,525.0,336.8
CHCL,8/15/2022,400.0,411.0,397.0,411.0,4.58,17888.0,525.0,336.8
CHCL,8/16/2022,415.9,416.0,393.0,396.2,-3.6,17142.0,525.0,336.8
CHCL,8/17/2022,397.1,411.9,397.1,400.0,0.96,14169.0,525.0,336.8
CHCL,8/18/2022,401.2,409.0,401.2,407.0,1.75,11725.0,525.0,336.8
CHCL,8/21/2022,413.0,415.0,404.0,404.0,-0.74,11712.0,525.0,336.8
CHCL,8/22/2022,405.0,409.8,398.2,404.0,0.0,6234.0,525.0,336.8
CHCL,8/23/2022,410.0,410.0,401.0,404.0,0.0,8414.0,525.0,336.8
CHCL,8/24/2022,407.0,408.0,403.7,403.7,-0.07,10822.0,525.0,336.8
CHCL,8/25/2022,411.0,411.0,396.0,397.0,-1.66,20402.0,525.0,336.8
CHCL,8/26/2022,401.0,401.0,393.0,396.0,-0.25,11577.0,525.0,336.8
CHCL,8/28/2022,399.0,399.0,385.0,385.0,-2.78,30877.0,525.0,336.8
CHCL,8/29/2022,392.7,395.0,384.0,385.1,0.03,14627.0,525.0,336.8
CHCL,8/30/2022,389.0,389.0,381.3,385.9,0.21,13900.0,525.0,336.8
CHCL,8/31/2022,393.0,393.0,382.0,383.0,-0.75,9223.0,525.0,336.8
CHCL,9/1/2022,390.0,390.0,377.4,382.0,-0.26,42280.0,525.0,336.8
CHCL,9/2/2022,389.0,416.0,385.0,392.0,2.62,8303.0,525.0,336.8
CHCL,9/4/2022,399.0,399.0,388.1,394.0,0.51,6961.0,525.0,336.8
CHCL,9/5/2022,394.0,401.0,388.1,390.0,-1.02,7950.0,525.0,336.8
CHCL,9/6/2022,384.0,397.0,383.1,385.0,-1.28,10235.0,525.0,336.8
CHCL,9/7/2022,385.0,392.6,382.0,385.0,0.0,9460.0,525.0,336.8
CHCL,9/8/2022,392.0,392.0,379.0,382.0,-0.78,11783.0,525.0,336.8
CHCL,9/11/2022,377.7,383.0,375.0,375.2,-1.78,11753.0,525.0,336.8
CHCL,9/12/2022,376.0,377.0,369.2,372.0,-0.85,10458.0,525.0,336.8
CHCL,9/13/2022,378.0,380.9,370.0,373.0,0.27,11776.0,525.0,336.8
CHCL,9/14/2022,373.0,383.0,373.0,380.2,1.93,15596.0,525.0,336.8
CHCL,9/15/2022,378.0,381.0,366.0,370.0,-2.68,16231.0,525.0,336.8
CHCL,9/16/2022,366.0,370.0,362.6,370.0,0.0,3944.0,525.0,336.8
CHCL,9/18/2022,365.0,372.9,364.0,364.0,-1.62,15370.0,525.0,336.8
CHCL,9/20/2022,360.0,364.0,352.2,354.1,-2.72,18008.0,525.0,336.8
CHCL,9/21/2022,354.0,360.0,354.0,355.3,0.34,5270.0,525.0,336.8
CHCL,9/22/2022,355.0,362.1,355.0,358.0,0.76,5635.0,525.0,336.8
CHCL,9/25/2022,354.0,359.0,353.0,357.0,-0.28,10857.0,525.0,336.8
CHCL,9/27/2022,364.1,364.1,355.0,361.9,1.37,6167.0,525.0,336.8
CHCL,9/28/2022,369.1,369.1,355.9,358.1,-1.05,11004.0,525.0,336.8
CHCL,9/29/2022,352.0,366.1,352.0,365.0,1.93,2899.0,525.0,336.8
CHCL,10/9/2022,365.0,372.3,357.7,371.0,1.64,2778.0,525.0,336.8
CHCL,10/10/2022,371.0,371.0,362.0,364.0,-1.89,8533.0,525.0,336.8
CHCL,10/11/2022,360.0,365.0,357.6,359.0,-1.37,8827.0,525.0,336.8
CHCL,10/12/2022,354.2,365.0,354.0,362.0,0.84,23542.0,525.0,336.8
CHCL,10/13/2022,362.0,370.0,362.0,370.0,2.21,9116.0,525.0,336.8
CHCL,10/16/2022,365.0,369.5,362.6,365.0,-1.35,8019.0,525.0,336.8
CHCL,10/17/2022,368.0,372.0,362.4,363.0,-0.55,7932.0,525.0,336.8
CHCL,10/19/2022,362.0,365.0,358.1,359.5,-0.96,4476.0,525.0,336.8
CHCL,10/20/2022,353.2,365.0,353.1,363.0,0.97,4378.0,525.0,336.8
CHCL,10/23/2022,370.0,370.0,364.0,367.0,1.1,2430.0,525.0,336.8
CHCL,10/31/2022,374.3,374.3,362.1,373.0,1.63,4839.0,525.0,336.8
CHCL,11/1/2022,377.0,385.0,370.0,384.5,3.08,8946.0,525.0,336.8
CHCL,11/2/2022,392.0,392.0,380.0,385.0,0.13,11689.0,525.0,336.8
CHCL,11/3/2022,377.5,384.0,377.5,378.0,-1.82,4777.0,525.0,336.8
CHCL,11/6/2022,385.1,387.6,373.5,387.5,2.51,13407.0,525.0,336.8
CHCL,11/7/2022,395.0,395.9,380.0,387.0,-0.13,16006.0,525.0,336.8
CHCL,11/8/2022,385.0,394.0,379.3,387.0,0.0,3105.0,525.0,336.8
CHCL,11/9/2022,394.0,396.0,377.0,377.0,-2.58,10876.0,525.0,336.8
CHCL,11/10/2022,377.0,384.4,367.5,368.0,-2.39,12801.0,525.0,336.8
CHCL,11/13/2022,361.3,375.0,361.3,365.0,-0.82,4665.0,525.0,336.8
CHCL,11/14/2022,372.3,373.0,365.0,368.2,0.88,7071.0,525.0,336.8
CHCL,11/15/2022,375.5,380.0,370.0,374.4,1.68,1883.0,525.0,336.8
CHCL,11/16/2022,378.0,378.0,374.0,374.0,-0.11,6736.0,525.0,336.8
CHCL,11/17/2022,381.4,389.0,377.3,384.0,2.67,7191.0,525.0,336.8
CHCL,11/22/2022,391.0,393.9,384.0,388.9,1.28,8990.0,525.0,336.8
CHCL,11/23/2022,396.0,396.0,381.4,382.0,-1.77,5386.0,525.0,336.8
CHCL,11/24/2022,379.0,385.0,376.0,381.0,-0.26,5862.0,525.0,336.8
CHCL,11/27/2022,387.0,390.0,373.4,390.0,2.36,16253.0,525.0,336.8
CHCL,11/28/2022,390.0,395.8,383.1,388.0,-0.51,7144.0,525.0,336.8
CHCL,11/29/2022,388.0,388.0,380.6,381.1,-1.78,5996.0,525.0,336.8
CHCL,11/30/2022,381.1,386.0,381.1,383.1,0.52,6641.0,525.0,336.8
CHCL,12/1/2022,389.0,390.1,382.3,390.0,1.8,12126.0,525.0,336.8
CHCL,12/4/2022,390.0,400.0,390.0,397.0,1.79,21239.0,525.0,336.8
CHCL,12/5/2022,395.0,395.0,386.7,391.0,-1.51,9863.0,525.0,336.8
CHCL,12/6/2022,391.0,391.0,383.4,387.0,-1.02,6364.0,525.0,336.8
CHCL,12/7/2022,390.0,399.0,380.1,381.0,-1.55,39436.0,525.0,336.8
CHCL,12/11/2022,383.0,388.6,380.0,382.0,0.26,27241.0,525.0,336.8
CHCL,12/12/2022,380.0,385.0,375.3,384.0,0.52,19118.0,525.0,336.8
CHCL,12/13/2022,390.0,390.0,380.1,385.0,0.26,7138.0,525.0,336.8
CHCL,12/14/2022,380.3,388.9,380.2,388.0,0.78,8865.0,525.0,336.8
CHCL,12/15/2022,382.0,393.0,382.0,390.0,0.52,31661.0,525.0,336.8
CHCL,12/18/2022,356.0,359.0,351.1,355.5,-8.85,13308.0,525.0,336.8
CHCL,12/19/2022,351.0,357.0,350.1,351.3,-1.18,10791.0,525.0,336.8
CHCL,12/20/2022,358.0,364.0,351.1,354.0,0.77,7740.0,525.0,336.8
CHCL,12/21/2022,354.0,354.9,352.3,352.3,-0.48,2013.0,525.0,336.8
CHCL,12/22/2022,353.1,354.9,351.1,352.0,-0.09,4888.0,525.0,336.8
CHCL,12/26/2022,359.0,366.1,353.0,366.1,4.01,14913.0,525.0,336.8
CHCL,12/27/2022,372.0,386.0,368.0,378.1,3.28,25384.0,525.0,336.8
CHCL,12/28/2022,385.6,385.6,374.0,378.2,0.03,15935.0,525.0,336.8
CHCL,12/29/2022,378.0,390.0,373.5,389.8,3.07,27905.0,525.0,336.8
CHCL,1/1/2023,386.0,407.7,386.0,392.1,0.59,34437.0,525.0,336.8
CHCL,1/2/2023,395.0,404.0,391.1,397.0,1.25,18212.0,525.0,336.8
CHCL,1/3/2023,397.0,403.0,386.0,395.0,-0.5,36604.0,525.0,336.8
CHCL,1/4/2023,395.0,416.0,392.0,414.1,4.84,79975.0,525.0,336.8
CHCL,1/5/2023,415.0,415.0,407.0,410.1,-0.97,22760.0,525.0,336.8
CHCL,1/8/2023,410.0,421.0,410.0,415.5,1.32,35485.0,525.0,336.8
CHCL,1/9/2023,418.0,425.0,409.8,420.2,1.13,38507.0,525.0,336.8
CHCL,1/10/2023,422.0,444.0,421.4,425.4,1.24,82952.0,525.0,336.8
CHCL,1/12/2023,420.0,436.9,412.0,415.0,-2.44,43543.0,525.0,336.8
CHCL,1/17/2023,418.0,434.8,410.0,425.0,2.41,31701.0,525.0,336.8
CHCL,1/18/2023,426.0,434.0,419.0,419.0,-1.41,25882.0,525.0,336.8
CHCL,1/19/2023,425.5,427.0,415.0,420.0,0.24,18480.0,525.0,336.8
CHCL,1/23/2023,424.9,425.0,416.2,418.0,-0.48,23388.0,525.0,336.8
CHCL,1/24/2023,416.0,426.3,411.1,422.9,1.17,27610.0,525.0,336.8
CHCL,1/25/2023,425.0,425.0,417.0,420.0,-0.69,28237.0,525.0,336.8
CHCL,1/26/2023,421.0,440.0,417.5,438.0,4.29,43160.0,525.0,336.8
CHCL,1/29/2023,438.0,467.0,427.0,460.0,5.02,99840.0,525.0,336.8
CHCL,1/30/2023,460.0,480.6,448.0,448.0,-2.61,133708.0,525.0,336.8
CHCL,1/31/2023,444.0,466.0,444.0,459.9,2.66,62401.0,525.0,336.8
CHCL,2/1/2023,465.0,465.0,454.4,465.0,1.11,33528.0,525.0,336.8
CHCL,2/2/2023,460.2,495.0,458.0,466.0,0.22,97262.0,525.0,336.8
CHCL,2/5/2023,470.0,489.0,464.0,485.0,4.08,105338.0,525.0,336.8
CHCL,2/6/2023,494.7,494.7,479.0,481.0,-0.82,72702.0,525.0,336.8
CHCL,2/7/2023,481.4,494.2,481.4,492.0,2.29,55497.0,525.0,336.8
CHCL,2/8/2023,498.0,501.0,486.0,487.0,-1.02,43788.0,525.0,336.8
CHCL,2/9/2023,490.0,495.0,485.0,490.0,0.62,32508.0,525.0,336.8
CHCL,2/12/2023,481.0,488.0,477.1,477.5,-2.55,35339.0,525.0,336.8
CHCL,2/14/2023,475.0,479.0,467.2,467.5,-2.09,27749.0,525.0,336.8
CHCL,2/15/2023,466.0,474.0,459.0,461.5,-1.28,29080.0,525.0,336.8
CHCL,2/16/2023,455.2,462.0,455.0,458.5,-0.65,18948.0,525.0,336.8
CHCL,2/20/2023,455.0,460.0,451.6,454.0,-0.98,23901.0,525.0,336.8
CHCL,2/22/2023,451.0,468.6,451.0,466.0,2.64,17201.0,525.0,336.8
CHCL,2/23/2023,461.0,464.9,457.1,460.3,-1.22,25771.0,525.0,336.8
CHCL,2/26/2023,455.0,460.0,446.0,459.0,-0.28,30673.0,525.0,336.8
CHCL,2/27/2023,460.0,469.2,452.0,465.9,1.5,49232.0,525.0,336.8
CHCL,2/28/2023,461.0,504.1,458.0,474.4,1.82,28356.0,525.0,336.8
CHCL,3/1/2023,472.1,487.0,472.0,475.3,0.19,37874.0,525.0,336.8
CHCL,3/2/2023,472.0,479.5,469.5,472.5,-0.59,30451.0,525.0,336.8
CHCL,3/5/2023,465.1,465.3,455.1,463.0,-2.01,47123.0,525.0,336.8
CHCL,3/7/2023,455.4,472.0,455.4,468.7,1.23,25903.0,525.0,336.8
CHCL,3/9/2023,477.7,485.0,470.0,484.0,3.26,46032.0,525.0,336.8
CHCL,3/12/2023,485.0,486.7,475.3,475.3,-1.8,31062.0,525.0,336.8
CHCL,3/13/2023,468.7,475.0,468.0,469.9,-1.14,17449.0,525.0,336.8
CHCL,3/14/2023,465.1,473.0,465.1,468.0,-0.4,12493.0,525.0,336.8
CHCL,3/15/2023,469.4,472.0,462.2,468.0,0.0,21201.0,525.0,336.8
CHCL,3/16/2023,465.0,471.0,462.0,469.9,0.41,17602.0,525.0,336.8
CHCL,3/19/2023,470.0,471.0,463.2,469.0,-0.19,21725.0,525.0,336.8
CHCL,3/20/2023,466.0,479.0,466.0,479.0,2.13,27743.0,525.0,336.8
CHCL,3/22/2023,479.0,485.0,475.0,479.1,0.02,30167.0,525.0,336.8
CHCL,3/23/2023,479.0,481.0,467.0,470.9,-1.71,37595.0,525.0,336.8
CHCL,3/26/2023,462.0,477.0,461.0,468.9,-0.42,48876.0,525.0,336.8
CHCL,3/27/2023,466.0,476.9,463.0,474.0,1.09,21870.0,525.0,336.8
CHCL,3/28/2023,475.0,483.0,469.0,477.4,0.72,32295.0,525.0,336.8
CHCL,3/29/2023,479.0,481.8,472.1,479.9,0.52,20928.0,525.0,336.8
CHCL,3/30/2023,484.5,484.5,479.0,480.0,0.02,22098.0,525.0,336.8
CHCL,4/2/2023,483.0,483.0,466.1,473.0,-1.46,22885.0,525.0,336.8
CHCL,4/3/2023,465.0,472.0,465.0,467.0,-1.27,9982.0,525.0,336.8
CHCL,4/4/2023,466.2,475.0,463.0,470.9,0.84,15753.0,525.0,336.8
CHCL,4/5/2023,470.0,474.9,467.1,472.0,0.23,15668.0,525.0,336.8
CHCL,4/6/2023,473.0,473.9,468.1,468.4,-0.76,10531.0,525.0,336.8
CHCL,4/9/2023,465.1,467.8,461.2,463.0,-1.15,19846.0,525.0,336.8
CHCL,4/10/2023,462.0,464.9,459.2,462.6,-0.09,33550.0,525.0,336.8
CHCL,4/11/2023,460.1,469.0,460.1,469.0,1.38,18514.0,525.0,336.8
CHCL,4/12/2023,469.0,490.0,462.1,490.0,4.48,44824.0,525.0,336.8
CHCL,4/13/2023,491.0,495.1,480.0,490.0,0.0,74304.0,525.0,336.8
CHCL,4/16/2023,485.0,494.0,481.7,488.0,-0.41,22297.0,525.0,336.8
CHCL,4/17/2023,490.0,493.0,480.0,481.7,-1.29,14769.0,525.0,336.8
CHCL,4/18/2023,474.1,484.6,474.1,481.0,-0.15,12955.0,525.0,336.8
CHCL,4/19/2023,482.0,489.8,480.7,484.0,0.62,17530.0,525.0,336.8
CHCL,4/20/2023,485.0,489.8,479.0,482.0,-0.41,18217.0,525.0,336.8
CHCL,4/23/2023,480.0,480.0,476.2,477.1,-1.02,11966.0,525.0,336.8
CHCL,4/24/2023,473.0,480.0,472.2,478.0,0.19,12801.0,525.0,336.8
CHCL,4/25/2023,472.1,479.9,472.1,479.0,0.21,9530.0,525.0,336.8
CHCL,4/26/2023,477.2,481.0,475.6,478.0,-0.21,12907.0,525.0,336.8
CHCL,4/27/2023,475.4,477.0,471.4,475.9,-0.44,14989.0,525.0,336.8
CHCL,4/30/2023,470.0,473.0,467.2,469.5,-1.34,9421.0,525.0,336.8
CHCL,5/2/2023,465.0,469.0,465.0,468.0,-0.32,13899.0,525.0,336.8
CHCL,5/3/2023,465.0,470.0,460.2,470.0,0.43,11516.0,525.0,336.8
CHCL,5/4/2023,470.0,471.0,458.1,469.0,-0.21,23898.0,525.0,336.8
CHCL,5/7/2023,460.1,466.0,460.0,464.0,-1.07,7879.0,525.0,336.8
CHCL,5/8/2023,465.0,466.6,459.0,461.0,-0.65,5671.0,525.0,336.8
CHCL,5/9/2023,468.9,468.9,457.0,464.0,0.65,14581.0,525.0,336.8
CHCL,5/10/2023,464.0,470.0,460.0,470.0,1.29,10300.0,525.0,336.8
CHCL,5/11/2023,466.0,472.0,465.0,472.0,0.43,8714.0,525.0,336.8
CHCL,5/14/2023,477.5,477.5,463.0,464.0,-1.69,8708.0,525.0,336.8
CHCL,5/15/2023,463.0,463.1,459.0,462.5,-0.32,10737.0,525.0,336.8
CHCL,5/16/2023,461.0,463.0,454.6,460.0,-0.54,13540.0,525.0,336.8
CHCL,5/17/2023,459.0,463.9,458.0,460.9,0.2,9956.0,525.0,336.8
CHCL,5/18/2023,470.1,470.1,462.0,468.9,1.74,13329.0,525.0,336.8
CHCL,5/21/2023,473.0,473.0,463.0,466.0,-0.62,22216.0,525.0,336.8
CHCL,5/22/2023,462.0,476.0,462.0,472.0,1.29,19491.0,525.0,336.8
CHCL,5/23/2023,472.0,481.0,470.0,480.0,1.69,24681.0,525.0,336.8
CHCL,5/24/2023,480.0,485.0,471.7,475.5,-0.94,32625.0,525.0,336.8
CHCL,5/28/2023,482.0,510.0,482.0,504.0,5.99,167293.0,525.0,336.8
CHCL,5/30/2023,507.0,512.0,494.0,511.0,1.39,139919.0,525.0,336.8
CHCL,5/31/2023,509.0,510.0,494.9,497.6,-2.62,73864.0,525.0,336.8
CHCL,6/1/2023,500.0,505.8,493.9,505.0,1.49,62693.0,525.0,336.8
CHCL,6/4/2023,507.0,536.3,507.0,536.0,6.14,124750.0,525.0,336.8
CHCL,6/5/2023,536.0,552.0,527.7,549.0,2.43,169377.0,525.0,336.8
CHCL,6/6/2023,555.0,558.0,540.0,556.0,1.28,109236.0,525.0,336.8
CHCL,6/7/2023,560.0,562.0,547.2,548.1,-1.42,95799.0,525.0,336.8
CHCL,6/8/2023,548.1,552.0,540.0,540.0,-1.48,71555.0,525.0,336.8
CHCL,6/11/2023,545.0,554.0,542.0,550.6,1.96,64056.0,525.0,336.8
CHCL,6/12/2023,555.0,560.0,546.0,547.0,-0.65,87676.0,525.0,336.8
CHCL,6/13/2023,550.0,569.0,543.2,565.0,3.29,110911.0,525.0,336.8
CHCL,6/14/2023,567.0,584.9,560.0,572.0,1.24,133016.0,525.0,336.8
CHCL,6/15/2023,562.1,573.0,560.0,563.1,-1.56,92537.0,525.0,336.8
CHCL,6/18/2023,570.0,591.0,564.0,588.0,4.42,109159.0,525.0,336.8
CHCL,6/19/2023,586.0,594.0,576.3,581.0,-1.19,62490.0,525.0,336.8
CHCL,6/20/2023,580.0,584.5,566.0,566.0,-2.58,74305.0,525.0,336.8
CHCL,6/21/2023,567.1,574.0,564.0,567.5,0.27,60110.0,525.0,336.8
CHCL,6/22/2023,566.0,570.9,556.2,565.0,-0.44,59663.0,525.0,336.8
CHCL,6/25/2023,563.1,575.4,560.0,571.5,1.15,70405.0,525.0,336.8
CHCL,6/26/2023,580.0,594.0,564.0,573.0,0.26,88445.0,525.0,336.8
CHCL,6/27/2023,574.0,580.0,562.0,574.1,0.19,63056.0,525.0,336.8
CHCL,6/28/2023,576.0,584.6,560.0,563.0,-1.93,61798.0,525.0,336.8
CHCL,7/2/2023,556.0,562.0,540.0,545.0,-3.2,74375.0,525.0,336.8
CHCL,7/3/2023,536.0,551.0,536.0,538.1,-1.27,49316.0,525.0,336.8
CHCL,7/4/2023,531.0,542.0,531.0,535.0,-0.58,30538.0,525.0,336.8
CHCL,7/5/2023,540.0,556.6,524.0,524.0,-2.06,51427.0,525.0,336.8
CHCL,7/6/2023,526.1,547.0,526.0,541.0,3.24,38970.0,525.0,336.8
CHCL,7/9/2023,548.9,553.0,542.5,546.0,0.92,25452.0,525.0,336.8
CHCL,7/10/2023,542.1,548.0,535.0,535.2,-1.98,38133.0,525.0,336.8
CHCL,7/11/2023,533.1,535.0,526.1,530.0,-0.97,35626.0,525.0,336.8
CHCL,7/12/2023,521.0,544.0,519.4,540.0,1.89,42745.0,525.0,336.8
CHCL,7/13/2023,549.0,552.0,536.0,538.0,-0.37,137437.0,525.0,336.8
CHCL,7/16/2023,548.0,548.0,528.1,536.7,-0.24,22932.0,525.0,336.8
CHCL,7/17/2023,538.0,546.0,530.1,543.0,1.17,19305.0,525.0,336.8
CHCL,7/18/2023,553.0,553.0,539.0,540.0,-0.55,29745.0,525.0,336.8
CHCL,7/19/2023,540.0,547.5,535.1,538.1,-0.35,19108.0,525.0,336.8
CHCL,7/20/2023,548.0,554.9,535.0,542.0,0.72,43407.0,525.0,336.8
CHCL,7/23/2023,552.8,563.0,536.0,555.0,2.4,43051.0,525.0,336.8
CHCL,7/24/2023,555.0,557.8,545.1,547.8,-1.3,38575.0,525.0,336.8
CHCL,7/25/2023,545.0,548.5,535.0,540.0,-1.42,40474.0,525.0,336.8
CHCL,7/26/2023,535.0,544.0,531.0,532.0,-1.48,28885.0,525.0,336.8
CHCL,7/27/2023,534.0,538.0,529.8,531.0,-0.19,38875.0,525.0,336.8
CHCL,7/30/2023,530.0,530.0,517.7,520.0,-2.07,43470.0,525.0,336.8
CHCL,7/31/2023,528.0,528.0,514.0,514.1,-1.13,34789.0,525.0,336.8
CHCL,8/1/2023,524.0,524.0,505.2,508.0,-1.19,34134.0,525.0,336.8
CHCL,8/2/2023,515.0,516.0,501.0,507.0,-0.2,27099.0,525.0,336.8
CHCL,8/3/2023,500.0,518.9,500.0,506.0,-0.2,28979.0,525.0,336.8
CHCL,8/6/2023,516.1,526.0,489.1,493.7,-2.43,59731.0,525.0,336.8
CHCL,8/7/2023,483.9,514.0,483.9,495.2,0.3,31260.0,525.0,336.8
CHCL,8/8/2023,490.0,498.0,488.1,488.2,-1.41,33028.0,525.0,336.8
CHCL,8/9/2023,496.1,525.4,485.0,510.0,4.47,32245.0,525.0,336.8
CHCL,8/10/2023,501.0,520.8,500.0,515.0,0.98,38480.0,525.0,336.8
CHCL,8/13/2023,515.0,523.8,510.0,523.0,1.55,65004.0,525.0,336.8
CHCL,8/14/2023,518.0,519.0,506.0,507.0,-3.06,39336.0,525.0,336.8
CHCL,8/15/2023,510.0,510.0,492.0,495.9,-2.19,31781.0,525.0,336.8
CHCL,8/16/2023,491.2,501.0,491.1,493.0,-0.58,24919.0,525.0,336.8
CHCL,8/17/2023,493.0,502.8,493.0,499.5,1.32,21422.0,525.0,336.8
CHCL,8/20/2023,500.0,500.0,486.0,487.8,-2.34,30310.0,525.0,336.8
CHCL,8/21/2023,485.0,488.1,479.2,479.2,-1.76,34715.0,525.0,336.8
CHCL,8/22/2023,480.0,487.4,477.1,486.0,1.42,22682.0,525.0,336.8
CHCL,8/23/2023,483.2,502.0,483.1,497.4,2.35,18183.0,525.0,336.8
CHCL,8/24/2023,504.0,504.0,491.1,492.0,-1.09,20947.0,525.0,336.8
CHCL,8/27/2023,491.0,491.0,480.2,481.0,-2.24,21779.0,525.0,336.8
CHCL,8/28/2023,481.0,485.0,480.0,481.4,0.08,15738.0,525.0,336.8
CHCL,8/29/2023,481.0,486.0,477.1,480.0,-0.29,11106.0,525.0,336.8
CHCL,8/30/2023,482.0,484.0,478.3,481.9,0.4,8689.0,525.0,336.8
CHCL,9/3/2023,476.1,482.9,473.3,474.0,-1.64,18174.0,525.0,336.8
CHCL,9/4/2023,471.0,487.0,470.0,479.0,1.05,15989.0,525.0,336.8
CHCL,9/5/2023,478.0,479.5,471.0,476.0,-0.63,7621.0,525.0,336.8
CHCL,9/7/2023,469.3,478.6,469.1,469.4,-1.39,29344.0,525.0,336.8
CHCL,9/10/2023,470.0,474.0,467.3,472.0,0.55,21714.0,525.0,336.8
CHCL,9/11/2023,475.0,489.9,472.0,483.0,2.33,109789.0,525.0,336.8
CHCL,9/12/2023,480.3,489.9,477.0,480.0,-0.62,16445.0,525.0,336.8
CHCL,9/13/2023,480.0,490.0,475.1,489.9,2.06,22541.0,525.0,336.8
CHCL,9/17/2023,483.1,493.0,476.2,480.1,-2.0,24819.0,525.0,336.8
CHCL,9/18/2023,485.0,485.0,475.0,480.0,-0.02,7749.0,525.0,336.8
CHCL,9/19/2023,486.0,486.9,477.0,485.5,1.15,8063.0,525.0,336.8
CHCL,9/21/2023,495.0,506.0,493.2,499.9,2.97,63366.0,525.0,336.8
CHCL,9/24/2023,509.8,509.8,490.4,495.0,-0.98,19230.0,525.0,336.8
CHCL,9/25/2023,499.0,499.0,487.1,492.0,-0.61,15301.0,525.0,336.8
CHCL,9/26/2023,495.0,507.0,495.0,507.0,3.05,23074.0,525.0,336.8
CHCL,9/27/2023,502.0,505.0,495.0,503.0,-0.79,23103.0,525.0,336.8
CHCL,10/1/2023,496.0,501.9,495.0,495.1,-1.57,26038.0,525.0,336.8
CHCL,10/2/2023,495.0,505.0,489.0,496.5,0.28,17971.0,525.0,336.8
CHCL,10/3/2023,496.6,498.9,488.0,490.0,-1.31,20875.0,525.0,336.8
CHCL,10/4/2023,493.0,495.0,482.5,487.0,-0.61,34402.0,525.0,336.8
CHCL,10/5/2023,489.0,490.8,481.0,487.9,0.18,12034.0,525.0,336.8
CHCL,10/8/2023,488.0,488.0,472.6,473.3,-2.99,26961.0,525.0,336.8
CHCL,10/9/2023,470.0,477.0,468.0,472.0,-0.27,11579.0,525.0,336.8
CHCL,10/10/2023,481.0,481.0,465.0,466.0,-1.27,12395.0,525.0,336.8
CHCL,10/11/2023,466.0,478.0,466.0,467.5,0.32,9071.0,525.0,336.8
CHCL,10/12/2023,467.0,475.8,462.5,468.0,0.11,22325.0,525.0,336.8
CHCL,10/16/2023,461.1,469.0,460.0,469.0,0.21,9668.0,525.0,336.8
CHCL,10/17/2023,475.0,475.0,465.0,472.0,0.64,5650.0,525.0,336.8
CHCL,10/18/2023,472.3,485.0,471.0,484.7,2.69,8814.0,525.0,336.8
CHCL,10/19/2023,476.0,488.9,476.0,481.0,-0.76,6690.0,525.0,336.8
CHCL,10/29/2023,481.0,481.0,471.0,472.0,-1.87,6037.0,525.0,336.8
CHCL,10/30/2023,462.8,472.0,462.8,468.0,-0.85,10362.0,525.0,336.8
CHCL,10/31/2023,461.0,476.0,458.9,469.0,0.21,5374.0,525.0,336.8
CHCL,11/1/2023,470.0,471.9,465.2,465.2,-0.81,8862.0,525.0,336.8
CHCL,11/2/2023,465.0,469.0,463.0,464.0,-0.26,6678.0,525.0,336.8
CHCL,11/5/2023,463.5,463.9,455.0,457.0,-1.51,11398.0,525.0,336.8
CHCL,11/6/2023,455.0,467.0,455.0,464.0,1.53,12958.0,525.0,336.8
CHCL,11/7/2023,464.0,470.0,461.2,465.0,0.22,11418.0,525.0,336.8
CHCL,11/8/2023,465.0,468.0,461.5,465.0,0.0,5402.0,525.0,336.8
CHCL,11/9/2023,460.5,469.0,460.3,466.0,0.22,11637.0,525.0,336.8
CHCL,11/20/2023,470.0,475.0,466.1,470.0,0.86,16499.0,525.0,336.8
CHCL,11/21/2023,479.4,479.4,462.1,469.8,-0.04,9891.0,525.0,336.8
CHCL,11/22/2023,462.0,473.0,461.1,470.2,0.09,9481.0,525.0,336.8
CHCL,11/23/2023,470.2,483.0,466.0,476.4,1.32,15112.0,525.0,336.8
CHCL,11/26/2023,485.0,490.0,479.0,489.9,2.83,17654.0,525.0,336.8
CHCL,11/27/2023,499.0,499.0,480.0,480.3,-1.96,10444.0,525.0,336.8
CHCL,11/28/2023,473.5,484.9,473.5,481.0,0.15,6772.0,525.0,336.8
CHCL,11/29/2023,488.0,488.0,475.9,476.5,-0.94,8678.0,525.0,336.8
CHCL,11/30/2023,467.0,482.0,467.0,478.1,0.34,6689.0,525.0,336.8
CHCL,12/3/2023,475.0,478.0,475.0,477.0,-0.23,11884.0,525.0,336.8
CHCL,12/4/2023,474.0,477.0,470.0,473.2,-0.8,13263.0,525.0,336.8
CHCL,12/5/2023,477.0,480.0,465.0,480.0,1.44,15972.0,525.0,336.8
CHCL,12/6/2023,480.0,489.6,471.0,472.3,-1.6,6098.0,525.0,336.8
CHCL,12/7/2023,472.3,482.0,467.0,479.0,1.42,30587.0,525.0,336.8
CHCL,12/10/2023,488.5,526.0,488.5,526.0,9.81,8159.0,525.0,336.8
CHCL,12/11/2023,536.0,536.0,505.1,515.0,-2.09,102458.0,525.0,336.8
CHCL,12/12/2023,516.0,540.0,516.0,536.0,4.08,125905.0,525.0,336.8
CHCL,12/13/2023,536.0,544.0,528.0,531.9,-0.76,54870.0,525.0,336.8
CHCL,12/14/2023,531.0,544.0,522.1,535.0,0.58,47404.0,525.0,336.8
CHCL,12/17/2023,524.3,566.0,524.3,562.3,5.1,97214.0,525.0,336.8
CHCL,12/18/2023,570.0,580.0,553.3,560.0,-0.41,138093.0,525.0,336.8
CHCL,12/19/2023,562.0,571.2,553.0,558.0,-0.36,86246.0,525.0,336.8
CHCL,12/20/2023,569.0,580.0,555.8,567.0,1.61,136576.0,525.0,336.8
CHCL,12/21/2023,568.0,577.0,562.0,571.8,0.85,199493.0,525.0,336.8
CHCL,12/24/2023,530.2,530.2,510.0,513.0,-10.28,57113.0,525.0,336.8
CHCL,12/27/2023,503.0,533.0,499.7,503.0,-1.95,56394.0,525.0,336.8
CHCL,12/28/2023,500.2,501.0,495.0,499.6,-0.68,46986.0,525.0,336.8
CHCL,1/1/2024,493.0,502.5,486.0,486.0,-2.72,57023.0,525.0,336.8
CHCL,1/2/2024,483.0,489.0,478.2,483.3,-0.56,34724.0,525.0,336.8
CHCL,1/3/2024,484.0,492.0,475.2,484.0,0.14,36358.0,525.0,336.8
CHCL,1/4/2024,493.0,508.0,487.0,499.0,3.1,67904.0,525.0,336.8
CHCL,1/7/2024,508.9,510.0,497.1,500.0,0.2,52463.0,525.0,336.8
CHCL,1/8/2024,505.0,506.2,496.1,502.0,0.4,53954.0,525.0,336.8
CHCL,1/9/2024,508.0,515.0,502.2,506.0,0.8,80798.0,525.0,336.8
CHCL,1/10/2024,496.1,516.0,496.1,504.0,-0.4,35552.0,525.0,336.8
CHCL,1/11/2024,494.0,505.5,494.0,499.0,-0.99,25301.0,525.0,336.8
CHCL,1/14/2024,508.9,520.0,501.0,519.0,4.01,57116.0,525.0,336.8
CHCL,1/16/2024,525.0,529.9,516.1,525.0,1.16,54668.0,525.0,336.8
CHCL,1/17/2024,526.1,529.9,509.9,513.8,-2.13,74796.0,525.0,336.8
CHCL,1/18/2024,510.0,516.0,503.7,508.5,-1.03,54657.0,525.0,336.8
CHCL,1/21/2024,508.0,517.0,503.9,512.0,0.69,70284.0,525.0,336.8
CHCL,1/22/2024,504.1,509.0,501.9,503.0,-1.76,24339.0,525.0,336.8
CHCL,1/23/2024,504.0,504.0,497.5,498.0,-0.99,31777.0,525.0,336.8
CHCL,1/24/2024,507.9,507.9,496.0,496.9,-0.22,19991.0,525.0,336.8
CHCL,1/25/2024,496.0,497.0,490.0,491.0,-1.19,47480.0,525.0,336.8
CHCL,1/28/2024,490.0,495.0,488.0,494.0,0.61,19305.0,525.0,336.8
CHCL,1/29/2024,495.0,500.0,490.0,493.9,-0.02,27902.0,525.0,336.8
CHCL,1/30/2024,500.1,501.8,492.0,498.0,0.83,26107.0,525.0,336.8
CHCL,1/31/2024,498.0,508.0,491.0,493.6,-0.88,24402.0,525.0,336.8
CHCL,2/1/2024,494.0,494.0,488.1,491.0,-0.53,15458.0,525.0,336.8
CHCL,2/4/2024,485.1,491.0,483.0,487.1,-0.79,19956.0,525.0,336.8
CHCL,2/5/2024,487.0,492.0,487.0,488.5,0.29,11434.0,525.0,336.8
CHCL,2/6/2024,497.0,497.0,488.0,490.0,0.31,10154.0,525.0,336.8
CHCL,2/7/2024,495.0,497.0,490.2,493.0,0.61,18461.0,525.0,336.8
CHCL,2/8/2024,488.0,495.9,488.0,494.0,0.2,11171.0,525.0,336.8
CHCL,2/11/2024,502.9,502.9,490.0,494.9,0.18,17192.0,525.0,336.8
CHCL,2/12/2024,494.0,495.0,489.8,494.5,-0.08,31662.0,525.0,336.8
CHCL,2/13/2024,494.0,494.0,484.0,487.9,-1.33,28554.0,525.0,336.8
CHCL,2/14/2024,481.0,492.6,480.0,485.5,-0.49,15012.0,525.0,336.8
CHCL,2/15/2024,480.7,490.0,480.0,480.8,-0.97,15815.0,525.0,336.8
CHCL,2/18/2024,477.0,480.0,474.0,474.0,-1.41,23673.0,525.0,336.8
CHCL,2/20/2024,468.0,476.0,467.8,471.0,-0.63,20281.0,525.0,336.8
CHCL,2/21/2024,474.0,475.0,466.4,469.0,-0.42,17569.0,525.0,336.8
CHCL,2/22/2024,468.0,472.0,466.0,470.0,0.21,31876.0,525.0,336.8
CHCL,2/25/2024,478.3,478.3,461.2,462.0,-1.7,38625.0,525.0,336.8
CHCL,2/26/2024,462.0,468.2,455.0,461.0,-0.22,16063.0,525.0,336.8
CHCL,2/27/2024,466.5,467.0,455.0,463.0,0.43,38654.0,525.0,336.8
CHCL,2/28/2024,464.0,469.9,460.0,462.0,-0.22,11853.0,525.0,336.8
CHCL,2/29/2024,460.0,463.0,455.0,458.0,-0.87,17115.0,525.0,336.8
CHCL,3/3/2024,454.5,460.0,452.1,455.6,-0.52,22676.0,525.0,336.8
CHCL,3/4/2024,464.7,491.6,464.7,491.6,7.9,419.0,525.0,336.8
CHCL,3/5/2024,485.0,490.0,462.1,465.0,-5.41,33109.0,525.0,336.8
CHCL,3/6/2024,464.0,476.0,458.0,469.0,0.86,46340.0,525.0,336.8
CHCL,3/7/2024,472.4,478.3,461.0,471.0,0.43,16560.0,525.0,336.8
CHCL,3/10/2024,472.0,482.0,472.0,475.0,0.85,22647.0,525.0,336.8
CHCL,3/12/2024,480.9,482.0,470.0,481.0,1.26,46130.0,525.0,336.8
CHCL,3/13/2024,477.1,486.5,473.0,475.0,-1.25,30843.0,525.0,336.8
CHCL,3/14/2024,471.0,479.4,469.0,475.0,0.0,17615.0,525.0,336.8
CHCL,3/17/2024,467.0,476.0,467.0,469.9,-1.07,19270.0,525.0,336.8
CHCL,3/18/2024,465.0,470.0,464.2,469.0,-0.19,18822.0,525.0,336.8
CHCL,3/19/2024,464.1,474.0,464.1,467.0,-0.43,14278.0,525.0,336.8
CHCL,3/20/2024,462.0,474.8,461.3,467.0,0.0,28661.0,525.0,336.8
CHCL,3/21/2024,472.0,472.0,462.0,466.0,-0.21,9087.0,525.0,336.8
CHCL,3/25/2024,467.0,468.0,457.0,460.2,-1.24,16306.0,525.0,336.8
CHCL,3/26/2024,458.0,464.0,458.0,460.0,-0.04,15071.0,525.0,336.8
CHCL,3/27/2024,460.0,462.0,458.0,458.6,-0.3,18235.0,525.0,336.8
CHCL,3/28/2024,457.3,463.0,456.5,462.0,0.74,24217.0,525.0,336.8
CHCL,3/31/2024,464.0,469.0,456.0,458.0,-0.87,33420.0,525.0,336.8
CHCL,4/1/2024,458.0,462.0,454.2,457.5,-0.11,29077.0,525.0,336.8
CHCL,4/2/2024,458.0,458.0,452.6,452.7,-1.05,26171.0,525.0,336.8
CHCL,4/3/2024,453.5,457.9,449.3,450.2,-0.55,28424.0,525.0,336.8
CHCL,4/4/2024,450.0,452.0,449.0,449.1,-0.24,23378.0,525.0,336.8
CHCL,4/7/2024,446.0,453.0,446.0,453.0,0.87,30103.0,525.0,336.8
CHCL,4/9/2024,461.9,461.9,450.0,456.0,0.66,32513.0,525.0,336.8
CHCL,4/10/2024,460.0,460.0,452.0,454.0,-0.44,15768.0,525.0,336.8
CHCL,4/14/2024,455.0,460.0,450.0,454.5,0.11,44702.0,525.0,336.8
CHCL,4/15/2024,460.0,460.0,446.8,450.3,-0.92,33599.0,525.0,336.8
CHCL,4/16/2024,446.0,450.3,442.0,442.0,-1.84,23780.0,525.0,336.8
CHCL,4/18/2024,438.2,449.9,438.2,445.0,0.68,14654.0,525.0,336.8
CHCL,4/21/2024,447.0,447.0,438.2,440.0,-1.12,23034.0,525.0,336.8
CHCL,4/22/2024,440.5,444.0,438.0,438.0,-0.45,24120.0,525.0,336.8
CHCL,4/24/2024,438.1,444.0,438.1,438.8,0.18,11955.0,525.0,336.8
CHCL,4/25/2024,439.1,443.9,430.0,440.0,0.27,47743.0,525.0,336.8
CHCL,4/28/2024,437.5,444.8,434.0,435.3,-1.07,57951.0,525.0,336.8
CHCL,4/29/2024,430.5,446.9,430.5,437.0,0.39,18859.0,525.0,336.8
CHCL,4/30/2024,444.9,445.5,437.0,442.0,1.14,14587.0,525.0,336.8
CHCL,5/2/2024,450.8,450.8,435.0,435.0,-1.58,25307.0,525.0,336.8
CHCL,5/5/2024,431.0,440.0,429.0,430.1,-1.13,32100.0,525.0,336.8
CHCL,5/6/2024,435.0,435.0,427.5,429.0,-0.26,22400.0,525.0,336.8
CHCL,5/7/2024,437.0,437.0,426.5,428.5,-0.12,6978.0,525.0,336.8
CHCL,5/8/2024,430.0,431.0,428.0,430.0,0.35,10297.0,525.0,336.8
CHCL,5/9/2024,438.0,447.0,430.0,435.0,1.16,22757.0,525.0,336.8
CHCL,5/12/2024,435.0,435.0,426.3,432.0,-0.69,14998.0,525.0,336.8
CHCL,5/13/2024,439.0,439.0,429.1,431.2,-0.19,27240.0,525.0,336.8
CHCL,5/14/2024,439.0,448.0,431.0,440.0,2.04,41028.0,525.0,336.8
CHCL,5/15/2024,441.0,446.0,434.3,434.3,-1.3,30430.0,525.0,336.8
CHCL,5/16/2024,442.9,442.9,434.1,437.0,0.62,9342.0,525.0,336.8
CHCL,5/19/2024,437.0,453.0,437.0,448.9,2.72,66751.0,525.0,336.8
CHCL,5/20/2024,450.0,456.0,447.8,448.1,-0.18,49360.0,525.0,336.8
CHCL,5/21/2024,457.0,457.0,449.0,451.0,0.65,31308.0,525.0,336.8
CHCL,5/22/2024,451.0,458.0,445.0,453.9,0.64,20627.0,525.0,336.8
CHCL,5/26/2024,450.1,458.0,448.0,449.0,-1.08,19335.0,525.0,336.8
CHCL,5/27/2024,450.0,455.0,449.1,453.0,0.89,24376.0,525.0,336.8
CHCL,5/29/2024,462.0,462.0,447.2,448.1,-1.08,26580.0,525.0,336.8
CHCL,5/30/2024,444.0,450.0,443.0,444.0,-0.91,23225.0,525.0,336.8
CHCL,6/2/2024,444.0,449.9,444.0,446.0,0.45,11980.0,525.0,336.8
CHCL,6/3/2024,453.9,453.9,443.2,444.0,-0.45,8271.0,525.0,336.8
CHCL,6/4/2024,442.0,444.0,437.2,437.2,-1.53,50349.0,525.0,336.8
CHCL,6/5/2024,440.0,440.0,429.9,434.0,-0.73,60548.0,525.0,336.8
CHCL,6/6/2024,434.0,439.0,432.0,432.5,-0.35,8881.0,525.0,336.8
CHCL,6/9/2024,441.1,441.1,432.6,434.9,0.55,17846.0,525.0,336.8
CHCL,6/10/2024,443.5,443.5,429.6,434.5,-0.09,41446.0,525.0,336.8
CHCL,6/11/2024,443.1,443.1,430.0,441.0,1.5,23520.0,525.0,336.8
CHCL,6/12/2024,441.0,445.7,438.0,440.0,-0.23,12853.0,525.0,336.8
CHCL,6/13/2024,446.0,446.0,434.2,441.0,0.23,32329.0,525.0,336.8
CHCL,6/16/2024,442.0,442.9,437.1,440.0,-0.23,32651.0,525.0,336.8
CHCL,6/18/2024,439.9,442.0,436.0,436.0,-0.91,34690.0,525.0,336.8
CHCL,6/19/2024,442.0,442.0,434.1,435.1,-0.21,13264.0,525.0,336.8
CHCL,6/20/2024,443.8,443.8,431.0,433.5,-0.37,9149.0,525.0,336.8
CHCL,6/23/2024,432.0,440.6,431.1,436.0,0.58,40911.0,525.0,336.8
CHCL,6/24/2024,437.0,439.9,432.1,435.0,-0.23,19900.0,525.0,336.8
CHCL,6/25/2024,430.1,441.5,430.1,441.0,1.38,30001.0,525.0,336.8
CHCL,6/26/2024,436.0,439.0,434.5,435.0,-1.36,16588.0,525.0,336.8
CHCL,6/27/2024,432.0,435.0,431.1,433.0,-0.46,12682.0,525.0,336.8
CHCL,6/30/2024,432.0,433.0,429.4,431.1,-0.44,25109.0,525.0,336.8
CHCL,7/1/2024,428.0,435.0,427.0,431.0,-0.02,16699.0,525.0,336.8
CHCL,7/2/2024,439.6,457.2,436.0,439.0,1.86,26519.0,525.0,336.8
CHCL,7/3/2024,433.0,439.0,433.0,437.9,-0.25,16704.0,525.0,336.8
CHCL,7/4/2024,435.0,442.8,435.0,440.0,0.48,18812.0,525.0,336.8
CHCL,7/7/2024,440.0,444.9,438.0,441.3,0.3,30476.0,525.0,336.8
CHCL,7/8/2024,445.0,446.0,438.0,438.0,-0.75,22735.0,525.0,336.8
CHCL,7/9/2024,438.1,443.0,436.3,442.0,0.91,26043.0,525.0,336.8
CHCL,7/10/2024,443.6,452.0,441.2,444.0,0.45,28000.0,525.0,336.8
CHCL,7/11/2024,450.0,450.0,442.0,444.0,0.0,33155.0,525.0,336.8
CHCL,7/14/2024,450.0,459.0,449.0,457.9,3.13,50873.0,525.0,336.8
CHCL,7/15/2024,460.0,465.0,455.1,465.0,1.55,65737.0,525.0,336.8
CHCL,7/16/2024,456.3,503.0,456.2,498.0,7.1,173642.0,525.0,336.8
CHCL,7/17/2024,500.0,535.0,500.0,535.0,7.43,305266.0,525.0,336.8
CHCL,7/18/2024,543.0,545.7,525.1,543.0,1.5,216296.0,525.0,336.8
CHCL,7/21/2024,543.0,555.0,527.4,544.0,0.18,251633.0,525.0,336.8
CHCL,7/22/2024,545.0,552.8,527.2,544.9,0.17,288414.0,525.0,336.8
CHCL,7/23/2024,551.2,561.0,535.0,556.0,2.04,287235.0,525.0,336.8
CHCL,7/24/2024,567.1,567.1,543.0,547.0,-1.62,228960.0,525.0,336.8
CHCL,7/25/2024,540.0,559.0,540.0,559.0,2.19,179481.0,525.0,336.8
CHCL,7/28/2024,570.0,580.0,546.2,580.0,3.76,294405.0,525.0,336.8
CHCL,7/29/2024,568.5,617.3,568.5,595.4,2.66,502486.0,525.0,336.8
CHCL,7/30/2024,600.0,624.0,592.1,624.0,4.8,458052.0,525.0,336.8
CHCL,7/31/2024,624.0,641.0,620.0,637.0,2.08,393176.0,525.0,336.8
CHCL,8/1/2024,638.0,645.6,623.1,625.0,-1.88,259707.0,525.0,336.8
CHCL,8/5/2024,625.0,642.0,618.7,627.0,0.32,338418.0,525.0,336.8
CHCL,8/6/2024,630.0,635.0,590.0,594.0,-5.26,347751.0,525.0,336.8
CHCL,8/7/2024,582.2,653.0,582.2,652.0,9.76,556516.0,525.0,336.8
CHCL,8/8/2024,665.0,697.0,660.0,673.0,3.22,441334.0,525.0,336.8
CHCL,8/11/2024,673.0,685.0,667.0,678.6,0.83,418051.0,525.0,336.8
CHCL,8/12/2024,678.6,690.0,668.4,677.0,-0.24,501315.0,525.0,336.8
CHCL,8/13/2024,685.0,686.0,660.1,662.0,-2.22,311116.0,525.0,336.8
CHCL,8/14/2024,663.3,687.0,654.1,673.0,1.66,216691.0,525.0,336.8
CHCL,8/15/2024,673.0,688.0,662.5,662.7,-1.53,260274.0,525.0,336.8
CHCL,8/18/2024,668.0,670.0,639.0,639.0,-3.58,226349.0,525.0,336.8
CHCL,8/21/2024,651.7,652.0,633.3,639.0,0.0,234385.0,525.0,336.8
CHCL,8/22/2024,643.9,646.5,633.1,635.1,-0.61,171438.0,525.0,336.8
CHCL,8/25/2024,647.0,647.0,615.2,620.9,-2.24,199604.0,525.0,336.8
CHCL,8/27/2024,621.0,621.0,593.0,600.0,-3.37,241831.0,525.0,336.8
CHCL,8/28/2024,602.2,620.0,585.0,588.1,-1.98,146018.0,525.0,336.8
CHCL,8/29/2024,598.9,598.9,572.0,578.0,-1.72,156721.0,525.0,336.8
CHCL,9/1/2024,567.0,589.5,567.0,572.0,-1.04,105872.0,525.0,336.8
CHCL,9/2/2024,561.0,599.0,561.0,597.0,4.37,169456.0,525.0,336.8
CHCL,9/3/2024,600.0,608.0,581.0,595.0,-0.34,92028.0,525.0,336.8
CHCL,9/4/2024,606.9,606.9,570.4,572.5,-3.78,222584.0,525.0,336.8
CHCL,9/5/2024,572.0,579.9,566.0,568.1,-0.77,79248.0,525.0,336.8
CHCL,9/8/2024,579.0,579.0,560.0,560.5,-1.34,60051.0,525.0,336.8
CHCL,9/9/2024,561.0,564.1,544.0,545.1,-2.75,78302.0,525.0,336.8
CHCL,9/10/2024,555.0,566.0,539.6,546.0,0.17,56725.0,525.0,336.8
CHCL,9/11/2024,545.1,562.0,545.0,552.3,1.15,52106.0,525.0,336.8
CHCL,9/12/2024,551.4,565.0,551.0,565.0,2.3,48654.0,525.0,336.8
CHCL,9/15/2024,565.0,576.0,548.0,554.0,-1.95,64919.0,525.0,336.8
CHCL,9/16/2024,549.0,554.0,540.0,540.0,-2.53,70829.0,525.0,336.8
CHCL,9/18/2024,536.0,547.0,533.1,539.1,-0.17,31194.0,525.0,336.8
CHCL,9/22/2024,539.0,561.0,539.0,552.8,2.54,54534.0,525.0,336.8
CHCL,9/23/2024,563.8,563.8,542.0,543.0,-1.77,55521.0,525.0,336.8
CHCL,9/24/2024,540.1,550.0,536.1,538.0,-0.92,61115.0,525.0,336.8
CHCL,9/25/2024,538.0,551.6,536.0,551.6,2.53,54261.0,525.0,336.8
CHCL,9/26/2024,553.0,559.0,544.0,544.0,-1.38,31843.0,525.0,336.8
CHCL,9/29/2024,540.0,545.1,534.6,544.0,0.0,37502.0,525.0,336.8
CHCL,9/30/2024,542.0,554.0,540.0,550.0,1.1,29320.0,525.0,336.8
CHCL,10/1/2024,551.0,575.0,550.1,574.0,4.36,92471.0,525.0,336.8
CHCL,10/2/2024,575.1,580.0,555.1,564.2,-1.71,36050.0,525.0,336.8
CHCL,10/6/2024,575.4,579.0,557.7,577.0,2.27,42421.0,525.0,336.8
CHCL,10/7/2024,578.0,601.8,578.0,583.7,1.16,85880.0,525.0,336.8
CHCL,10/8/2024,595.0,595.0,576.0,579.0,-0.81,132639.0,525.0,336.8
CHCL,10/9/2024,579.0,588.0,578.0,587.0,1.38,15559.0,525.0,336.8
CHCL,10/15/2024,590.0,590.0,584.0,584.0,-0.51,12312.0,525.0,336.8
CHCL,10/16/2024,595.6,599.0,585.3,598.7,2.52,156885.0,525.0,336.8
CHCL,10/17/2024,595.0,601.8,589.0,595.0,-0.62,53912.0,525.0,336.8
CHCL,10/20/2024,583.1,590.0,571.5,579.0,-2.69,45353.0,525.0,336.8
CHCL,10/21/2024,568.6,577.0,566.5,572.0,-1.21,45218.0,525.0,336.8
CHCL,10/22/2024,572.0,577.0,560.0,577.0,0.87,30932.0,525.0,336.8
CHCL,10/23/2024,570.0,582.4,563.5,568.9,-1.4,33394.0,525.0,336.8
CHCL,10/24/2024,563.0,572.0,561.1,563.0,-1.04,30731.0,525.0,336.8
CHCL,10/27/2024,560.3,570.0,560.2,563.3,0.05,14772.0,525.0,336.8
CHCL,10/28/2024,563.0,572.5,563.0,572.0,1.54,22543.0,525.0,336.8
CHCL,10/29/2024,578.9,585.0,572.2,583.0,1.92,52181.0,525.0,336.8
CHCL,10/30/2024,592.0,592.0,580.3,585.0,0.34,29479.0,525.0,336.8
CHCL,11/5/2024,592.0,602.0,588.1,591.7,1.15,89818.0,525.0,336.8
CHCL,11/6/2024,592.0,599.4,584.6,589.8,-0.32,37928.0,525.0,336.8
CHCL,11/10/2024,585.1,608.0,585.1,602.0,2.07,99027.0,525.0,336.8
CHCL,11/11/2024,610.0,610.0,597.0,600.0,-0.33,69721.0,525.0,336.8
CHCL,11/12/2024,605.0,605.0,592.2,592.2,-1.3,61989.0,525.0,336.8
CHCL,11/13/2024,604.0,604.0,585.0,585.0,-1.22,31884.0,525.0,336.8
CHCL,11/14/2024,596.7,596.7,581.2,593.0,1.37,57609.0,525.0,336.8
CHCL,11/17/2024,597.2,605.0,595.0,595.0,0.34,72076.0,525.0,336.8
CHCL,11/19/2024,595.0,597.0,578.0,580.0,-2.52,61712.0,525.0,336.8
CHCL,11/20/2024,576.0,585.5,574.3,580.0,0.0,25515.0,525.0,336.8
CHCL,11/21/2024,580.0,580.9,574.0,579.0,-0.17,37350.0,525.0,336.8
CHCL,11/24/2024,589.0,610.0,583.0,592.0,2.25,177740.0,525.0,336.8
CHCL,11/25/2024,598.9,598.9,585.0,592.0,0.0,55269.0,525.0,336.8
CHCL,11/26/2024,603.8,603.8,580.0,588.0,-0.68,54793.0,525.0,336.8
CHCL,11/27/2024,587.1,598.0,587.0,594.0,1.02,54881.0,525.0,336.8
CHCL,11/28/2024,600.0,600.0,586.5,592.9,-0.19,29979.0,525.0,336.8
CHCL,12/1/2024,583.0,589.7,576.0,580.5,-2.09,53163.0,525.0,336.8
CHCL,12/2/2024,580.1,588.1,579.0,582.5,0.34,43916.0,525.0,336.8
CHCL,12/3/2024,587.2,587.2,579.0,581.0,-0.26,34878.0,525.0,336.8
CHCL,12/4/2024,571.1,586.5,571.1,583.9,0.5,35473.0,525.0,336.8
CHCL,12/5/2024,578.0,582.0,572.0,572.6,-1.94,36194.0,525.0,336.8
CHCL,12/8/2024,572.0,576.3,561.4,565.2,-1.29,51782.0,525.0,336.8
CHCL,12/9/2024,560.0,573.0,560.0,565.0,-0.04,21212.0,525.0,336.8
CHCL,12/10/2024,556.0,570.0,556.0,560.5,-0.8,17151.0,525.0,336.8
CHCL,12/11/2024,561.2,574.4,561.2,570.0,1.69,29983.0,525.0,336.8
CHCL,12/12/2024,570.0,577.0,555.0,560.0,-1.75,40706.0,525.0,336.8
CHCL,12/16/2024,550.2,560.0,550.2,557.0,-0.54,32071.0,525.0,336.8
CHCL,12/17/2024,568.0,572.0,563.1,563.5,1.17,65659.0,525.0,336.8
CHCL,12/18/2024,569.0,569.0,563.1,566.0,0.44,27727.0,525.0,336.8
CHCL,12/19/2024,567.1,567.9,557.5,563.9,-0.37,36473.0,525.0,336.8
CHCL,12/22/2024,558.0,567.8,558.0,563.9,0.0,24520.0,525.0,336.8
CHCL,12/23/2024,563.1,568.0,560.0,564.0,0.02,22800.0,525.0,336.8
CHCL,12/24/2024,564.0,575.0,564.0,569.0,0.89,27483.0,525.0,336.8
CHCL,12/26/2024,557.7,580.0,557.7,570.0,0.18,33709.0,525.0,336.8
CHCL,12/29/2024,570.0,575.0,566.0,570.0,0.0,91066.0,525.0,336.8
CHCL,12/31/2024,517.0,520.0,498.0,504.8,-11.44,64875.0,525.0,336.8
CHCL,1/1/2025,500.0,508.9,500.0,508.5,0.73,18272.0,525.0,336.8
CHCL,1/2/2025,509.0,514.7,509.0,510.3,0.35,18067.0,525.0,336.8
CHCL,1/5/2025,519.8,519.8,502.7,509.0,-0.25,27092.0,525.0,336.8
CHCL,1/6/2025,501.0,515.3,501.0,515.3,1.24,37855.0,525.0,336.8
CHCL,1/7/2025,525.6,525.6,507.0,512.0,-0.64,29705.0,525.0,336.8
CHCL,1/8/2025,522.2,522.2,509.0,511.0,-0.2,22756.0,525.0,336.8
CHCL,1/9/2025,511.0,517.0,509.2,510.5,-0.1,119900.0,525.0,336.8
CHCL,1/12/2025,520.7,520.7,500.2,504.0,-1.27,17006.0,525.0,336.8
CHCL,1/13/2025,500.0,513.1,500.0,501.4,-0.52,124943.0,525.0,336.8
CHCL,1/15/2025,511.4,512.0,500.0,500.4,-0.2,14058.0,525.0,336.8
CHCL,1/16/2025,500.4,509.7,497.1,498.6,-0.36,17960.0,525.0,336.8
CHCL,1/19/2025,501.0,507.0,496.0,500.1,0.3,28946.0,525.0,336.8
CHCL,1/20/2025,509.9,509.9,499.0,501.0,0.18,60133.0,525.0,336.8
CHCL,1/21/2025,498.0,501.0,498.0,500.0,-0.2,31036.0,525.0,336.8
CHCL,1/22/2025,500.0,514.9,499.0,514.9,2.98,71874.0,525.0,336.8
CHCL,1/23/2025,520.0,520.0,505.1,519.0,0.8,38557.0,525.0,336.8
CHCL,1/26/2025,510.0,516.8,502.2,510.9,-1.56,19977.0,525.0,336.8
CHCL,1/27/2025,511.0,511.0,503.3,508.4,-0.49,26490.0,525.0,336.8
CHCL,1/28/2025,505.0,510.2,498.0,505.0,-0.67,58366.0,525.0,336.8
CHCL,2/2/2025,507.0,520.5,507.0,518.0,2.57,88364.0,525.0,336.8
CHCL,2/3/2025,511.0,541.6,511.0,526.5,1.64,160753.0,525.0,336.8
CHCL,2/4/2025,527.0,533.0,523.0,524.0,-0.47,78784.0,525.0,336.8
CHCL,2/5/2025,527.6,527.6,520.0,520.4,-0.69,59283.0,525.0,336.8
CHCL,2/6/2025,526.5,543.0,518.0,535.0,2.81,156443.0,525.0,336.8
CHCL,2/9/2025,535.1,536.0,523.0,524.1,-2.04,62587.0,525.0,336.8
CHCL,2/10/2025,531.0,531.0,517.5,524.9,0.15,48931.0,525.0,336.8
CHCL,2/11/2025,516.5,529.0,515.1,525.0,0.02,44446.0,525.0,336.8
CHCL,2/12/2025,515.6,531.9,515.6,529.0,0.76,59327.0,525.0,336.8
CHCL,2/13/2025,520.1,540.6,520.0,534.0,0.95,103270.0,525.0,336.8
CHCL,2/16/2025,528.3,534.0,527.0,533.0,-0.19,33847.0,525.0,336.8
CHCL,2/17/2025,535.0,535.0,525.0,526.0,-1.31,30226.0,525.0,336.8
CHCL,2/18/2025,530.2,530.2,520.0,522.0,-0.76,37625.0,525.0,336.8
CHCL,2/20/2025,520.1,524.0,511.6,518.0,-0.77,37492.0,525.0,336.8
CHCL,2/23/2025,516.0,520.0,508.0,516.9,-0.21,43214.0,525.0,336.8
CHCL,2/24/2025,513.1,525.3,511.0,524.0,1.37,51064.0,525.0,336.8
CHCL,2/25/2025,517.0,530.0,510.6,524.8,0.15,100372.0,525.0,336.8
CHCL,2/27/2025,528.4,540.0,515.0,540.0,2.9,73973.0,525.0,336.8
CHCL,3/2/2025,540.0,551.0,536.0,550.7,1.98,125379.0,525.0,336.8
CHCL,3/3/2025,556.2,558.3,537.0,539.0,-2.12,91865.0,525.0,336.8
CHCL,3/4/2025,540.0,541.0,530.0,533.0,-1.11,57440.0,525.0,336.8
CHCL,3/5/2025,533.0,533.0,521.0,522.8,-1.91,47580.0,525.0,336.8
CHCL,3/6/2025,525.5,529.7,518.0,529.6,1.3,43314.0,525.0,336.8
CHCL,3/9/2025,530.0,533.4,520.0,525.0,-0.87,68805.0,525.0,336.8
CHCL,3/10/2025,532.0,534.0,515.1,516.3,-1.66,23864.0,525.0,336.8
CHCL,3/11/2025,517.0,525.6,512.0,513.0,-0.64,43104.0,525.0,336.8
CHCL,3/12/2025,507.1,515.5,507.1,510.0,-0.58,29039.0,525.0,336.8
CHCL,3/16/2025,511.0,512.0,504.0,505.1,-0.96,29650.0,525.0,336.8
CHCL,3/17/2025,506.0,510.0,500.0,503.9,-0.24,25453.0,525.0,336.8
CHCL,3/18/2025,504.2,507.0,495.0,502.3,-0.32,53148.0,525.0,336.8
CHCL,3/19/2025,501.0,503.7,495.0,498.8,-0.7,28874.0,525.0,336.8
CHCL,3/20/2025,499.0,499.0,490.1,491.23,-1.52,31034.0,525.0,336.8
CHCL,3/23/2025,496.0,496.0,482.0,483.35,-1.6,43867.0,525.0,336.8
CHCL,3/24/2025,485.3,496.3,478.6,489.75,1.32,46495.0,525.0,336.8
CHCL,3/25/2025,485.0,485.0,476.0,476.91,-2.62,53572.0,525.0,336.8
CHCL,3/26/2025,482.0,483.0,476.5,478.53,0.34,33332.0,525.0,336.8
CHCL,3/27/2025,478.0,498.0,477.3,488.59,2.1,45311.0,525.0,336.8
CHCL,3/30/2025,485.0,498.3,480.0,490.31,0.35,68326.0,525.0,336.8
CHCL,4/1/2025,490.0,491.0,481.0,483.04,-1.48,39625.0,525.0,336.8
CHCL,4/2/2025,480.3,487.0,480.0,481.34,-0.35,31846.0,525.0,336.8
CHCL,4/3/2025,481.5,486.6,480.2,481.48,0.03,27770.0,525.0,336.8
CHCL,4/7/2025,481.0,483.0,476.9,477.23,-0.88,108920.0,525.0,336.8
CHCL,4/8/2025,478.0,478.1,472.5,473.33,-0.82,35484.0,525.0,336.8
CHCL,4/9/2025,482.0,482.0,473.0,475.25,0.41,44671.0,525.0,336.8
CHCL,4/10/2025,474.0,479.8,470.0,473.93,-0.28,50652.0,525.0,336.8
CHCL,4/13/2025,480.0,480.0,473.0,475.08,0.24,24766.0,525.0,336.8
CHCL,4/15/2025,475.0,487.7,471.0,484.11,1.9,42529.0,525.0,336.8
CHCL,4/16/2025,485.1,485.5,474.5,483.45,-0.14,72379.0,525.0,336.8
CHCL,4/17/2025,483.0,498.0,483.0,489.25,1.2,74572.0,525.0,336.8
CHCL,4/20/2025,488.0,512.0,487.0,495.02,1.18,127350.0,525.0,336.8
CHCL,4/21/2025,504.9,504.9,494.0,496.72,0.34,71234.0,525.0,336.8
CHCL,4/22/2025,499.8,499.8,486.1,487.77,-1.8,49812.0,525.0,336.8
CHCL,4/23/2025,486.0,492.0,474.1,475.11,-2.6,145368.0,525.0,336.8
CHCL,4/24/2025,476.0,480.0,469.7,477.07,0.41,54611.0,525.0,336.8
CHCL,4/27/2025,480.1,498.6,476.3,489.72,2.65,101346.0,525.0,336.8
CHCL,4/28/2025,491.0,497.0,481.0,482.39,-1.5,86774.0,525.0,336.8
CHCL,4/29/2025,472.8,497.0,472.8,478.52,-0.8,65150.0,525.0,336.8
CHCL,4/30/2025,485.0,494.0,480.3,486.06,1.58,73955.0,525.0,336.8
CHCL,5/4/2025,493.0,502.0,486.2,492.91,1.41,99801.0,525.0,336.8
CHCL,5/5/2025,500.0,500.0,485.0,486.7,-1.26,54997.0,525.0,336.8
CHCL,5/6/2025,494.0,500.0,487.9,493.61,1.42,78515.0,525.0,336.8
CHCL,5/7/2025,500.0,528.0,495.0,522.04,5.76,340772.0,525.0,336.8
CHCL,5/8/2025,519.0,522.9,508.0,514.79,-1.39,122810.0,525.0,336.8
CHCL,5/11/2025,515.0,520.0,497.9,498.37,-3.19,122186.0,525.0,336.8
CHCL,5/13/2025,489.0,505.0,489.0,490.31,-1.62,78239.0,525.0,336.8
CHCL,5/14/2025,490.0,495.5,480.6,482.02,-1.69,57583.0,525.0,336.8
CHCL,5/15/2025,473.0,488.0,473.0,482.65,0.13,51395.0,525.0,336.8
CHCL,5/18/2025,485.0,488.8,477.3,479.23,-0.71,50384.0,525.0,336.8
CHCL,5/19/2025,488.0,491.9,480.0,482.12,0.6,28533.0,525.0,336.8
CHCL,5/20/2025,489.0,496.0,480.0,494.81,2.63,44746.0,525.0,336.8
CHCL,5/21/2025,503.0,513.8,487.1,490.0,-0.97,90756.0,525.0,336.8
CHCL,5/22/2025,490.0,494.1,482.0,486.11,-0.79,29675.0,525.0,336.8
CHCL,5/25/2025,489.9,493.0,483.0,488.64,0.52,33539.0,525.0,336.8
CHCL,5/26/2025,498.4,500.0,486.1,487.26,-0.28,39153.0,525.0,336.8
CHCL,5/27/2025,489.9,492.9,485.0,487.12,-0.03,24937.0,525.0,336.8
CHCL,5/28/2025,483.0,505.0,483.0,495.14,1.65,68368.0,525.0,336.8
CHCL,6/2/2025,501.5,501.5,488.0,488.51,-1.34,43138.0,525.0,336.8
CHCL,6/3/2025,490.0,496.9,484.8,488.37,-0.03,57331.0,525.0,336.8
CHCL,6/4/2025,485.0,490.0,481.4,483.25,-1.05,38271.0,525.0,336.8
CHCL,6/5/2025,489.9,493.6,479.0,486.77,0.73,41081.0,525.0,336.8
CHCL,6/8/2025,496.5,529.9,487.0,525.75,8.01,506439.0,525.0,336.8
CHCL,6/9/2025,530.0,554.3,522.1,551.66,4.93,573296.0,525.0,336.8
CHCL,6/10/2025,562.0,570.0,550.1,555.85,0.76,494798.0,525.0,336.8
CHCL,6/11/2025,566.0,585.9,545.2,581.12,4.55,839501.0,525.0,336.8
CHCL,6/12/2025,582.0,589.0,564.2,567.37,-2.37,531596.0,525.0,336.8
CHCL,6/15/2025,578.0,584.9,568.0,581.76,2.54,726667.0,525.0,336.8
CHCL,6/16/2025,575.0,599.6,572.0,574.95,-1.17,714487.0,525.0,336.8
CHCL,6/17/2025,570.0,578.0,563.3,574.13,-0.14,344830.0,525.0,336.8
CHCL,6/18/2025,577.0,582.1,571.0,574.9,0.13,306230.0,525.0,336.8
CHCL,6/19/2025,563.6,585.0,560.0,564.36,-1.83,384294.0,525.0,336.8
CHCL,6/22/2025,570.0,570.0,539.1,540.99,-4.14,226790.0,525.0,336.8
CHCL,6/23/2025,541.0,547.9,532.0,542.91,0.35,144302.0,525.0,336.8
CHCL,6/24/2025,553.7,555.0,535.0,535.25,-1.41,197323.0,525.0,336.8
CHCL,6/25/2025,536.0,550.0,533.0,545.68,1.95,202235.0,525.0,336.8
CHCL,6/26/2025,547.0,558.9,541.0,541.78,-0.71,284064.0,525.0,336.8
CHCL,6/29/2025,545.0,551.0,538.5,546.67,0.9,185970.0,525.0,336.8
CHCL,6/30/2025,542.0,563.0,542.0,544.22,-0.45,167366.0,525.0,336.8
CHCL,7/1/2025,550.0,554.9,546.0,548.94,0.87,142578.0,525.0,336.8
CHCL,7/2/2025,559.9,559.9,543.1,543.91,-0.92,165118.0,525.0,336.8
CHCL,7/3/2025,554.7,554.7,536.0,536.72,-1.32,222807.0,525.0,336.8
CHCL,7/6/2025,538.1,542.0,532.0,534.56,-0.4,147550.0,525.0,336.8
CHCL,7/7/2025,535.0,535.0,527.1,528.08,-1.21,101078.0,525.0,336.8
CHCL,7/8/2025,538.6,538.6,515.2,528.37,0.05,120957.0,525.0,336.8
CHCL,7/9/2025,525.0,534.9,525.0,526.85,-0.29,72841.0,525.0,336.8
CHCL,7/10/2025,526.0,532.0,520.5,524.22,-0.5,113946.0,525.0,336.8
CHCL,7/13/2025,534.7,544.0,520.0,521.61,-0.5,113645.0,525.0,336.8
CHCL,7/14/2025,523.0,528.0,519.0,520.0,-0.31,98968.0,525.0,336.8
CHCL,7/15/2025,520.0,529.0,518.2,528.09,1.56,122790.0,525.0,336.8
CHCL,7/16/2025,530.0,540.0,529.0,533.45,1.01,196002.0,525.0,336.8
CHCL,7/17/2025,538.0,550.0,538.0,547.62,2.66,181607.0,525.0,336.8
CHCL,7/20/2025,553.8,557.9,543.2,544.03,-0.66,228991.0,525.0,336.8
CHCL,7/21/2025,544.0,550.0,540.0,546.26,0.41,113277.0,525.0,336.8
CHCL,7/22/2025,554.0,564.0,546.0,558.08,2.16,223193.0,525.0,336.8
CHCL,7/23/2025,560.0,565.0,549.0,554.3,-0.68,137844.0,525.0,336.8
CHCL,7/24/2025,560.0,584.0,555.0,572.71,3.32,335023.0,525.0,336.8
CHCL,7/27/2025,580.0,583.0,557.0,559.11,-2.37,260859.0,525.0,336.8
CHCL,7/28/2025,565.0,565.0,545.2,555.69,-0.61,141313.0,525.0,336.8
CHCL,7/29/2025,565.9,565.9,553.2,554.55,-0.21,135350.0,525.0,336.8
CHCL,7/30/2025,563.9,563.9,544.1,544.93,-1.73,124042.0,525.0,336.8
CHCL,7/31/2025,545.0,548.9,535.0,537.2,-1.42,121812.0,525.0,336.8
CHCL,8/3/2025,537.0,550.0,535.0,538.36,0.22,108426.0,525.0,336.8
CHCL,8/4/2025,540.0,548.3,533.0,539.83,0.27,120171.0,525.0,336.8
CHCL,8/5/2025,549.8,549.8,528.3,531.38,-1.57,75256.0,525.0,336.8
CHCL,8/6/2025,532.0,538.0,528.6,529.75,-0.31,80655.0,525.0,336.8
CHCL,8/7/2025,530.0,540.0,528.5,529.59,-0.03,64889.0,525.0,336.8
CHCL,8/11/2025,539.8,539.8,525.2,526.85,-0.52,49883.0,525.0,336.8
CHCL,8/12/2025,530.0,530.0,518.3,520.12,-1.28,81995.0,525.0,336.8
CHCL,8/13/2025,520.0,527.9,518.0,519.77,-0.07,62525.0,525.0,336.8
CHCL,8/14/2025,520.0,525.0,516.5,523.31,0.68,53005.0,525.0,336.8
CHCL,8/17/2025,524.1,529.0,515.1,515.83,-1.43,50050.0,525.0,336.8
CHCL,8/18/2025,516.0,524.0,516.0,517.23,0.27,30589.0,525.0,336.8
CHCL,8/19/2025,517.1,526.9,515.6,516.8,-0.08,45365.0,525.0,336.8
CHCL,8/20/2025,520.0,520.0,512.0,513.28,-0.68,28963.0,525.0,336.8
CHCL,8/21/2025,511.1,516.7,510.0,511.59,-0.33,42766.0,525.0,336.8
CHCL,8/24/2025,510.2,514.0,504.0,505.9,-1.11,48808.0,525.0,336.8
CHCL,8/25/2025,514.0,514.0,505.0,506.26,0.07,32131.0,525.0,336.8
CHCL,8/26/2025,506.8,511.0,506.0,508.27,0.4,12023.0,525.0,336.8
CHCL,8/27/2025,518.4,518.5,509.0,517.78,1.87,25894.0,525.0,336.8
CHCL,8/28/2025,519.0,525.0,509.9,510.16,-1.47,45569.0,525.0,336.8
CHCL,8/31/2025,510.0,516.9,504.0,506.07,-0.8,36802.0,525.0,336.8
CHCL,9/1/2025,516.1,516.1,500.0,508.22,0.42,40378.0,525.0,336.8
CHCL,9/2/2025,518.3,518.3,502.0,504.71,-0.69,29145.0,525.0,336.8
CHCL,9/3/2025,501.0,507.9,501.0,504.28,-0.09,33681.0,525.0,336.8
CHCL,9/4/2025,502.0,511.0,499.0,503.2,-0.21,49479.0,525.0,336.8
CHCL,9/7/2025,493.2,503.0,493.2,501.49,-0.34,35260.0,525.0,336.8
CHCL,9/8/2025,491.5,505.0,491.5,497.36,-0.82,27390.0,525.0,336.8
CHCL,9/18/2025,488.0,490.0,456.0,464.0,-6.71,10795.0,525.0,336.8
CHCL,9/21/2025,460.0,500.0,458.1,491.68,5.97,85259.0,525.0,336.8
CHCL,9/23/2025,500.0,504.0,490.0,502.2,2.14,41659.0,525.0,336.8
CHCL,9/24/2025,505.0,505.0,495.1,496.0,-1.23,18374.0,525.0,336.8
CHCL,9/25/2025,487.0,501.0,487.0,497.0,0.2,11872.0,525.0,336.8
CHCL,9/28/2025,500.0,505.0,496.0,503.0,1.21,18448.0,525.0,336.8
CHCL,10/7/2025,505.0,505.0,490.2,497.3,-1.13,22538.0,525.0,336.8
CHCL,10/8/2025,496.0,496.0,484.5,490.0,-1.47,51264.0,525.0,336.8
CHCL,10/9/2025,499.8,518.9,495.0,495.9,1.2,35740.0,525.0,336.8
CHCL,10/12/2025,498.0,498.0,478.0,482.0,-2.8,61281.0,525.0,336.8
CHCL,10/13/2025,491.0,491.0,480.0,486.0,0.83,22822.0,525.0,336.8
CHCL,10/14/2025,490.0,494.7,481.0,483.0,-0.62,22528.0,525.0,336.8
CHCL,10/15/2025,483.0,488.0,480.0,482.7,-0.06,24904.0,525.0,336.8
CHCL,10/16/2025,489.0,489.0,475.3,484.0,0.27,29239.0,525.0,336.8
CHCL,10/19/2025,478.0,483.0,478.0,481.0,-0.62,22812.0,525.0,336.8
CHCL,10/26/2025,475.5,482.0,471.6,480.1,-0.19,15304.0,525.0,336.8
CHCL,10/28/2025,480.0,495.0,475.6,490.0,2.06,29571.0,525.0,336.8
CHCL,10/29/2025,491.0,498.2,488.0,489.0,-0.2,25173.0,525.0,336.8
CHCL,10/30/2025,482.3,516.9,482.0,504.0,3.07,55378.0,525.0,336.8
CHCL,11/2/2025,514.0,514.0,500.0,503.0,-0.2,37649.0,525.0,336.8
CHCL,11/3/2025,500.0,509.0,495.0,496.0,-1.39,31400.0,525.0,336.8
CHCL,11/4/2025,498.0,500.0,490.1,494.9,-0.22,20821.0,525.0,336.8
CHCL,11/5/2025,486.1,495.0,485.4,490.0,-0.99,25860.0,525.0,336.8
CHCL,11/6/2025,487.1,495.0,485.0,490.0,0.0,25034.0,525.0,336.8
CHCL,11/9/2025,482.0,492.0,481.8,486.6,-0.69,16590.0,525.0,336.8
CHCL,11/10/2025,486.6,490.0,480.5,484.9,-0.35,32092.0,525.0,336.8
CHCL,11/11/2025,480.2,494.0,480.2,488.0,0.64,10301.0,525.0,336.8
CHCL,11/12/2025,488.0,497.7,480.2,490.0,0.41,15183.0,525.0,336.8
CHCL,11/13/2025,484.0,490.4,480.5,484.6,-1.1,41395.0,525.0,336.8
CHCL,11/16/2025,486.1,487.1,479.3,480.7,-0.8,56601.0,525.0,336.8
CHCL,11/17/2025,477.1,487.0,476.0,484.0,0.69,24186.0,525.0,336.8
CHCL,11/18/2025,477.0,488.8,477.0,482.5,-0.31,55715.0,525.0,336.8
CHCL,11/19/2025,485.0,485.0,480.0,482.8,0.06,28461.0,525.0,336.8
CHCL,11/20/2025,480.0,483.9,477.3,483.9,0.23,44048.0,525.0,336.8
CHCL,11/23/2025,481.1,491.9,481.0,490.7,1.41,33020.0,525.0,336.8
CHCL,11/24/2025,497.2,500.0,488.5,497.0,1.28,50059.0,525.0,336.8
CHCL,11/25/2025,496.2,509.0,496.0,501.1,0.82,74744.0,525.0,336.8
CHCL,11/26/2025,511.0,511.0,500.1,506.0,0.98,54116.0,525.0,336.8
CHCL,11/27/2025,510.0,514.0,499.1,505.5,-0.1,38981.0,525.0,336.8
CHCL,11/30/2025,506.0,510.0,495.0,496.0,-1.88,52529.0,525.0,336.8
CHCL,12/1/2025,505.9,505.9,494.2,495.9,-0.02,14967.0,525.0,336.8
CHCL,12/2/2025,501.0,503.0,493.0,495.1,-0.16,18527.0,525.0,336.8
CHCL,12/3/2025,500.0,500.0,490.0,490.0,-1.03,40363.0,525.0,336.8
CHCL,12/7/2025,494.9,495.1,488.1,490.0,0.0,34580.0,525.0,336.8
CHCL,12/8/2025,499.8,499.8,488.0,491.0,0.2,29097.0,525.0,336.8
CHCL,12/9/2025,492.0,495.0,489.5,495.0,0.81,25076.0,525.0,336.8
CHCL,12/10/2025,492.0,495.0,490.2,492.2,-0.57,20239.0,525.0,336.8
CHCL,12/11/2025,493.0,498.0,491.0,491.2,-0.2,17034.0,525.0,336.8
CHCL,12/14/2025,491.2,494.0,488.1,491.5,0.06,50370.0,525.0,336.8
CHCL,12/15/2025,489.0,493.0,488.2,490.0,-0.31,24996.0,525.0,336.8
CHCL,12/16/2025,493.0,495.0,490.0,495.0,1.02,13540.0,525.0,336.8
CHCL,12/17/2025,495.0,500.0,492.7,496.0,0.2,13510.0,525.0,336.8
CHCL,12/18/2025,496.0,499.0,490.5,491.5,-0.91,15634.0,525.0,336.8
CHCL,12/21/2025,490.0,492.0,488.6,490.9,-0.12,24182.0,525.0,336.8
CHCL,12/22/2025,495.0,495.0,488.5,491.0,0.02,22456.0,525.0,336.8
CHCL,12/23/2025,499.0,499.0,488.0,494.1,0.63,28421.0,525.0,336.8
CHCL,12/24/2025,494.5,503.0,494.0,498.0,0.79,66630.0,525.0,336.8
CHCL,12/28/2025,501.0,505.2,499.0,504.9,1.39,72382.0,525.0,336.8
CHCL,12/29/2025,506.0,507.7,499.0,501.5,-0.67,66397.0,525.0,336.8
CHCL,12/31/2025,505.0,510.0,502.2,506.9,1.08,134557.0,525.0,336.8
CHCL,1/1/2026,464.0,478.1,464.0,471.0,-7.08,40421.0,525.0,336.8
CHCL,1/4/2026,472.0,473.0,469.0,470.5,-0.11,69102.0,525.0,336.8
CHCL,1/5/2026,473.9,473.9,468.0,470.2,-0.06,23284.0,525.0,336.8
CHCL,1/6/2026,473.0,473.0,469.0,470.9,0.15,24897.0,525.0,336.8
CHCL,1/7/2026,473.0,473.0,470.0,471.0,0.02,27147.0,525.0,336.8
CHCL,1/8/2026,471.0,473.0,467.0,470.9,-0.02,51571.0,525.0,336.8
CHCL,1/12/2026,480.3,480.3,465.1,470.0,-0.19,41479.0,525.0,336.8
CHCL,1/13/2026,479.0,479.0,465.0,474.0,0.85,40095.0,525.0,336.8
CHCL,1/14/2026,479.0,479.0,470.0,470.0,-0.84,41135.0,525.0,336.8
CHCL,1/18/2026,470.0,474.9,470.0,473.0,0.64,28576.0,525.0,336.8
CHCL,1/20/2026,478.0,480.0,474.2,475.4,0.51,50804.0,525.0,336.8
CHCL,1/21/2026,484.9,484.9,473.0,476.8,0.29,37350.0,525.0,336.8
CHCL,1/22/2026,476.8,476.8,473.1,473.1,-0.78,28659.0,525.0,336.8
CHCL,1/25/2026,475.0,486.0,475.0,486.0,2.73,61423.0,525.0,336.8
CHCL,1/26/2026,486.0,490.0,480.0,483.9,-0.43,59858.0,525.0,336.8
CHCL,1/27/2026,480.0,487.0,470.0,470.4,-2.79,75032.0,525.0,336.8
CHCL,1/28/2026,479.0,479.0,470.0,474.5,0.87,55505.0,525.0,336.8
CHCL,1/29/2026,479.0,482.0,471.1,474.0,-0.11,58347.0,525.0,336.8
CHCL,2/1/2026,480.0,480.0,469.5,470.1,-0.82,42161.0,525.0,336.8
CHCL,2/2/2026,475.9,475.9,470.0,472.0,0.4,28526.0,525.0,336.8
CHCL,2/3/2026,474.0,474.9,468.1,469.0,-0.64,29136.0,525.0,336.8
CHCL,2/4/2026,460.0,475.0,460.0,467.0,-0.43,16641.0,525.0,336.8
CHCL,2/5/2026,466.1,474.0,466.1,470.0,0.64,23969.0,525.0,336.8
CHCL,2/8/2026,470.0,476.0,468.1,470.0,0.0,25141.0,525.0,336.8
CHCL,2/9/2026,472.0,474.8,466.0,468.0,-0.43,27960.0,525.0,336.8
CHCL,2/10/2026,465.5,471.0,464.0,468.7,0.15,36142.0,525.0,336.8
CHCL,2/11/2026,478.0,478.0,466.0,469.9,0.26,27179.0,525.0,336.8
CHCL,2/12/2026,474.0,480.0,468.2,477.0,1.51,62819.0,525.0,336.8
CHCL,2/16/2026,478.0,482.5,467.5,470.0,-1.47,37653.0,525.0,336.8
CHCL,2/17/2026,474.0,474.0,464.0,466.9,-0.66,41946.0,525.0,336.8
CHCL,2/22/2026,470.0,470.0,457.0,461.9,-1.07,43181.0,525.0,336.8
CHCL,2/23/2026,462.0,465.0,458.2,460.9,-0.22,20552.0,525.0,336.8
CHCL,2/24/2026,461.0,466.0,460.9,462.9,0.43,16692.0,525.0,336.8
CHCL,2/25/2026,460.0,470.0,456.1,466.0,0.67,21656.0,525.0,336.8
CHCL,2/26/2026,475.3,475.3,461.1,468.0,0.43,29534.0,525.0,336.8
CHCL,2/27/2026,475.3,475.3,461.1,468.0,0.0,29534.0,525.0,336.8
CHCL,2/28/2026,475.3,475.3,461.1,468.0,0.0,29534.0,525.0,336.8
CHCL,3/2/2026,468.0,475.0,463.0,469.0,0.21,42208.0,525.0,336.8
CHCL,3/3/2026,478.3,481.0,468.8,479.9,2.32,39111.0,525.0,336.8
CHCL,3/4/2026,478.3,481.0,468.8,479.9,0.0,39111.0,525.0,336.8
CHCL,3/5/2026,478.3,481.0,468.8,479.9,0.0,39111.0,525.0,336.8
CHCL,3/6/2026,478.3,481.0,468.8,479.9,0.0,39111.0,525.0,336.8
CHCL,3/7/2026,478.3,481.0,468.8,479.9,0.0,39111.0,525.0,336.8
CHCL,3/8/2026,478.3,481.0,468.8,479.9,0.0,39111.0,525.0,336.8
CHCL,3/9/2026,489.4,509.0,489.4,509.0,6.06,30.0,525.0,336.8
CHCL,3/10/2026,519.1,525.0,492.0,500.1,-1.75,154523.0,525.0,336.8
CHCL,3/11/2026,510.0,518.0,495.0,503.0,0.58,117369.0,525.0,336.8
CHCL,3/12/2026,503.0,510.0,500.0,510.0,1.39,68795.0,525.0,336.8
CHCL,3/13/2026,503.0,510.0,500.0,510.0,0.0,68795.0,525.0,336.8
CHCL,3/14/2026,503.0,510.0,500.0,510.0,0.0,68795.0,525.0,336.8
CHCL,3/15/2026,500.0,520.0,500.0,508.6,-0.27,41296.0,525.0,336.8
CHCL,3/16/2026,508.6,508.6,496.9,496.9,-2.3,72601.0,525.0,336.8
CHCL,3/17/2026,499.9,499.9,492.1,497.1,0.04,29246.0,525.0,336.8
CHCL,3/18/2026,499.9,499.9,492.1,497.1,0.0,29246.0,525.0,336.8
CHCL,3/19/2026,506.0,515.0,499.1,509.7,2.53,110706.0,525.0,336.8
CHCL,3/20/2026,506.0,515.0,499.1,509.7,0.0,110706.0,525.0,336.8
CHCL,3/21/2026,506.0,515.0,499.1,509.7,0.0,110706.0,525.0,336.8
CHCL,3/22/2026,517.0,517.0,507.3,508.0,-0.33,135827.0,525.0,336.8
CHCL,3/23/2026,500.0,515.0,500.0,510.5,0.49,120244.0,525.0,336.8
CHCL,3/24/2026,510.0,516.0,505.1,514.0,0.69,112908.0,525.0,336.8
CHCL,3/25/2026,514.0,515.0,506.1,511.9,-0.41,51533.0,525.0,336.8
CHCL,3/26/2026,510.0,510.7,504.1,510.5,0.1,56682.0,525.0,336.8
CHCL,3/29/2026,520.7,520.7,498.0,498.0,-4.36,128953.0,525.0,336.8
CHCL,3/30/2026,496.0,513.0,491.8,501.0,1.01,96376.0,525.0,336.8
CHCL,3/31/2026,491.1,507.8,491.1,507.4,3.32,55860.0,525.0,336.8
CHCL,4/1/2026,499.1,508.7,491.1,493.0,-1.22,52270.0,525.0,336.8
CHCL,4/2/2026,495.0,497.0,484.2,493.8,-0.24,54700.0,525.0,336.8
CHCL,4/5/2026,489.0,489.0,473.0,476.0,-2.66,57591.0,525.0,336.8
CHCL,4/6/2026,476.0,497.0,476.0,486.0,2.1,62785.0,525.0,336.8
CHCL,4/7/2026,495.5,499.6,483.0,485.9,-1.94,22499.0,525.0,336.8
CHCL,4/8/2026,488.5,494.5,479.0,490.0,0.31,40232.0,525.0,336.8
CHCL,4/9/2026,490.0,495.0,485.0,495.0,1.02,24915.0,525.0,336.8
CHCL,4/10/2026,498.0,503.0,485.0,493.0,-1.0,62674.0,525.0,336.8
CHCL,4/13/2026,502.8,502.8,490.3,495.4,-1.47,29632.0,525.0,336.8
CHCL,4/15/2026,495.1,500.2,492.0,497.0,0.38,36272.0,525.0,336.8
CHCL,4/16/2026,502.9,502.9,490.0,491.4,-2.29,27568.0,525.0,336.8
CHCL,4/17/2026,501.2,501.2,488.1,492.0,-1.84,21075.0,525.0,336.8
CHCL,4/20/2026,497.1,497.1,485.0,487.0,-2.03,18028.0,525.0,336.8
CHCL,4/21/2026,494.0,494.8,483.0,484.0,-2.02,14699.0,525.0,336.8
CHCL,4/22/2026,482.2,489.9,476.0,485.0,0.58,33048.0,525.0,336.8
CHCL,4/23/2026,483.0,486.0,482.0,482.1,-0.19,16085.0,525.0,336.8
CHCL,4/24/2026,486.9,486.9,475.0,479.0,-1.62,14082.0,525.0,336.8
CHCL,4/27/2026,479.0,483.0,476.1,480.0,0.21,33315.0,525.0,336.8
CHCL,4/28/2026,480.0,484.0,478.0,480.0,0.0,27724.0,525.0,336.8
CHCL,4/29/2026,480.0,483.0,475.0,479.1,-0.19,21272.0,525.0,336.8
CHCL,4/30/2026,477.0,484.9,473.0,478.5,0.31,38316.0,525.0,336.8
CHCL,5/4/2026,480.0,480.0,471.0,471.9,-1.69,21695.0,525.0,336.8
CHCL,5/5/2026,470.5,479.0,468.0,475.0,0.96,30814.0,525.0,336.8
CHCL,5/6/2026,467.0,475.0,467.0,474.0,1.5,54070.0,525.0,336.8
CHCL,5/7/2026,450.3,480.0,450.3,470.0,4.37,51185.0,525.0,336.8
CHCL,5/8/2026,478.0,478.0,469.0,474.0,-0.84,17142.0,525.0,336.8
CHCL,5/11/2026,479.9,480.0,475.0,479.1,-0.17,22294.0,525.0,336.8
CHCL,5/12/2026,482.0,488.0,470.0,476.2,-1.2,61028.0,525.0,336.8
CHCL,5/13/2026,473.0,479.5,472.5,476.0,0.63,16783.0,525.0,336.8
CHCL,5/14/2026,477.0,479.0,474.0,475.6,-0.29,12315.0,525.0,336.8
CHCL,5/15/2026,477.0,478.9,473.6,476.0,-0.21,7290.0,525.0,336.8
CHCL,5/18/2026,476.0,480.0,474.0,480.0,0.84,26220.0,525.0,336.8
CHCL,5/19/2026,480.0,481.5,477.0,477.1,-0.6,14730.0,525.0,336.8
CHCL,5/20/2026,479.9,481.0,476.5,480.0,0.02,21428.0,525.0,336.8
CHCL,5/21/2026,480.0,482.0,476.0,479.0,-0.21,15354.0,525.0,336.8
CHCL,5/22/2026,477.6,482.0,477.6,482.0,0.92,9620.0,525.0,336.8
CHCL,5/25/2026,482.5,490.0,482.5,489.0,1.35,73257.0,525.0,336.8
CHCL,5/26/2026,491.8,491.9,483.8,486.0,-1.18,39399.0,525.0,336.8
CHCL,5/27/2026,510.3,510.3,483.1,483.6,-5.23,61148.0,525.0,336.8
CHCL,6/1/2026,507.6,507.6,484.0,491.9,-3.09,68793.0,525.0,336.8
CHCL,6/2/2026,491.0,505.7,489.1,501.0,2.04,92972.0,525.0,336.8
CHCL,6/3/2026,505.0,505.0,497.7,499.0,-1.19,74150.0,525.0,336.8
CHCL,6/4/2026,492.5,501.9,492.5,500.0,1.52,30010.0,525.0,336.8
CHCL,6/5/2026,500.0,500.0,495.0,495.4,-0.92,33537.0,525.0,336.8
CHCL,6/8/2026,496.0,496.0,489.9,490.0,-1.21,25729.0,525.0,336.8
CHCL,6/9/2026,490.0,491.0,485.1,489.0,-0.2,15728.0,525.0,336.8
CHCL,6/10/2026,490.0,490.0,483.1,483.1,-1.41,22811.0,525.0,336.8
CHCL,6/11/2026,486.0,488.9,480.6,484.9,-0.23,10549.0,525.0,336.8
CHCL,6/12/2026,489.0,489.0,480.8,483.4,-1.15,13066.0,525.0,336.8
CHCL,6/15/2026,483.0,485.0,480.0,482.0,-0.21,34538.0,525.0,336.8
CHCL,6/16/2026,484.0,488.0,479.1,481.9,-0.43,12988.0,525.0,336.8
CHCL,6/17/2026,480.1,485.0,480.1,482.0,0.4,20472.0,525.0,336.8
CHCL,6/18/2026,482.0,486.9,480.5,484.0,0.41,28058.0,525.0,336.8
CHCL,6/19/2026,508.2,508.2,481.0,487.0,-4.17,26489.0,525.0,336.8
CHCL,6/22/2026,500.0,500.0,485.0,486.0,-2.8,13823.0,525.0,336.8
CHCL,6/23/2026,486.0,486.0,478.0,485.0,-0.21,26166.0,525.0,336.8
CHCL,6/24/2026,481.0,486.0,478.0,479.0,-0.42,20045.0,525.0,336.8
CHCL,6/26/2026,483.0,483.0,476.6,477.0,-1.24,12562.0,525.0,336.8
CHCL,6/29/2026,477.0,477.0,475.0,476.0,-0.21,30778.0,525.0,336.8
CHCL,6/30/2026,477.0,477.0,472.0,472.5,-0.94,11763.0,525.0,336.8
CHCL,7/1/2026,477.0,482.9,476.0,481.0,0.84,14543.0,525.0,336.8
CHCL,7/2/2026,481.0,481.9,474.0,480.0,-0.21,29848.0,525.0,336.8
CHCL,7/3/2026,480.0,483.9,478.0,482.0,0.42,8055.0,525.0,336.8
CHCL,7/6/2026,482.0,486.0,475.0,479.0,-0.62,7045.0,525.0,336.8
CHCL,7/7/2026,480.0,482.9,478.0,479.1,-0.19,11937.0,525.0,336.8
CHCL,7/8/2026,485.0,485.0,475.0,475.1,-2.04,19146.0,525.0,336.8
CHCL,7/9/2026,475.1,480.0,475.1,477.0,0.4,21633.0,525.0,336.8
CHCL,7/10/2026,477.0,480.0,475.1,478.0,0.21,37671.0,525.0,336.8
CHCL,7/13/2026,478.0,480.0,475.0,476.0,-0.42,12296.0,525.0,336.8
CHCL,7/14/2026,499.8,499.8,470.4,477.9,-4.38,8353.0,525.0,336.8
CHCL,7/15/2026,482.0,482.0,476.0,476.1,-1.22,20387.0,525.0,336.8
CHCL,7/16/2026,477.2,480.0,475.1,475.1,-0.44,14892.0,525.0,336.8
CHCL,7/17/2026,484.5,490.0,480.0,487.0,0.52,16591.0,525.0,336.8
CHCL,7/20/2026,491.0,500.0,480.0,496.0,1.02,80871.0,525.0,336.8
CHCL,7/21/2026,496.0,496.0,477.4,495.9,-0.02,70099.0,525.0,336.8
CHCL,7/22/2026,493.0,496.0,480.1,495.2,0.45,44279.0,525.0,336.8
CHCL,7/23/2026,485.1,495.0,485.1,494.0,1.83,31454.0,525.0,336.8
CHCL,7/24/2026,494.0,496.5,492.0,494.2,0.04,35710.0,525.0,336.8
CHCL,7/27/2026,495.0,499.5,494.0,496.9,0.38,56689.0,525.0,336.8
CHCL,7/28/2026,490.5,497.4,490.0,497.0,1.33,39946.0,525.0,336.8
CHCL,7/29/2026,496.1,497.2,492.0,494.0,-0.42,79038.0,525.0,336.8
CHCL,7/30/2026,494.0,495.9,490.0,495.0,0.2,63422.0,525.0,336.8
CHCL,7/31/2026,495.0,497.4,492.0,494.1,-0.18,20369.0,525.0,336.8
CHCL,8/3/2026,499.9,500.0,493.0,497.5,-0.48,57188.0,525.0,336.8
CHCL,8/4/2026,500.0,500.0,494.0,495.0,-1.0,37504.0,525.0,336.8
CHCL,8/5/2026,495.0,499.0,490.1,493.0,-0.4,11531.0,525.0,336.8
CHCL,8/6/2026,494.0,497.9,488.2,492.0,-0.4,9452.0,525.0,336.8
CHCL,8/7/2026,493.7,493.7,485.1,486.0,-1.56,6116.0,525.0,336.8
CHCL,8/10/2026,493.0,496.0,484.0,484.0,-1.83,9921.0,525.0,336.8
CHCL,8/11/2026,490.0,490.0,481.0,482.0,-1.63,20777.0,525.0,336.8
CHCL,8/12/2026,482.1,486.5,480.0,481.0,-0.23,9938.0,525.0,336.8
CHCL,8/13/2026,481.0,484.0,480.0,482.1,0.23,7613.0,525.0,336.8
CHCL,8/14/2026,481.0,486.0,474.0,478.9,-0.44,66504.0,525.0,336.8
CHCL,8/17/2026,489.9,489.9,477.0,480.0,-2.02,15729.0,525.0,336.8
CHCL,8/18/2026,485.0,486.0,477.0,480.0,-1.03,10977.0,525.0,336.8
CHCL,8/19/2026,480.0,480.0,475.0,479.0,-0.21,7975.0,525.0,336.8
CHCL,8/20/2026,480.0,483.8,476.0,483.8,0.79,30342.0,525.0,336.8
CHCL,8/21/2026,483.0,494.0,480.0,484.4,0.29,23326.0,525.0,336.8
CHCL,8/24/2026,490.0,496.2,478.0,478.0,-2.45,18735.0,525.0,336.8
CHCL,8/25/2026,489.0,489.0,475.0,475.1,-2.84,21111.0,525.0,336.8
CHCL,8/26/2026,455.0,475.0,410.0,427.0,-6.15,480553.0,525.0,336.8
CHCL,8/27/2026,405.7,409.0,378.3,405.0,-0.17,407762.0,525.0,336.8
CHCL,8/31/2026,395.0,395.0,360.0,362.5,-8.23,326757.0,525.0,336.8
CHCL,9/1/2026,350.0,385.0,350.0,372.0,6.29,199747.0,525.0,336.8
CHCL,9/2/2026,372.0,379.6,364.0,377.0,1.34,157769.0,525.0,336.8
CHCL,9/3/2026,377.0,380.0,368.0,370.2,-1.8,137474.0,525.0,336.8
CHCL,9/7/2026,368.5,373.5,365.0,369.2,0.19,100943.0,525.0,336.8
CHCL,9/9/2026,363.0,370.0,358.0,358.1,-1.35,63908.0,525.0,336.8
CHCL,9/10/2026,358.1,358.1,345.3,346.0,-3.38,99110.0,525.0,336.8
CHCL,9/11/2026,350.0,354.8,344.0,352.1,0.6,98317.0,525.0,336.8
CHCL,9/14/2026,352.1,362.0,348.2,358.7,1.87,41436.0,525.0,336.8
CHCL,9/15/2026,375.0,375.0,355.2,360.1,-3.97,95387.0,525.0,336.8
CHCL,9/16/2026,360.5,361.0,353.2,354.9,-1.55,70515.0,525.0,336.8
CHCL,9/17/2026,356.0,362.0,355.0,359.0,0.84,50423.0,525.0,336.8
CHCL,9/18/2026,360.0,369.7,354.0,369.7,2.69,119215.0,525.0,336.8
CHCL,9/22/2026,369.7,372.0,361.0,361.9,-2.11,73077.0,525.0,336.8
CHCL,9/23/2026,361.0,362.0,352.5,354.5,-1.8,68426.0,525.0,336.8
CHCL,9/24/2026,336.8,359.0,336.8,352.0,4.51,83523.0,525.0,336.8
CHCL,9/28/2026,352.0,360.0,345.3,353.3,0.37,73540.0,525.0,336.8
CHCL,9/29/2026,353.0,355.0,346.2,0.0,-100.0,23745.0,525.0,336.8
CHCL,9/30/2026,350.0,350.0,345.0,348.8,-0.34,65175.0,525.0,336.8
CHCL,10/1/2026,349.1,350.0,341.2,341.7,-2.12,61190.0,525.0,336.8
CHCL,10/2/2026,341.7,345.0,339.0,339.0,-0.79,53801.0,525.0,336.8
CHDC,7/5/2021,625.0,669.0,620.0,654.0,,51282.0,2717.0,1967.0
CHDC,7/6/2021,663.0,663.0,630.0,643.0,-1.68,26520.0,2717.0,1967.0
CHDC,7/7/2021,635.0,645.0,625.0,635.0,-1.24,21037.0,2717.0,1967.0
CHDC,7/8/2021,623.0,636.0,617.0,623.0,-1.89,18339.0,2717.0,1967.0
CHDC,7/11/2021,610.0,644.0,610.0,635.0,1.93,30632.0,2717.0,1967.0
CHDC,7/12/2021,635.0,645.0,616.0,620.0,-2.36,20503.0,2717.0,1967.0
CHDC,7/13/2021,613.0,620.0,608.0,610.0,-1.61,15988.0,2717.0,1967.0
CHDC,7/14/2021,610.0,628.0,604.0,620.0,1.64,10935.0,2717.0,1967.0
CHDC,7/15/2021,620.0,630.0,611.0,619.0,-0.16,12077.0,2717.0,1967.0
CHDC,7/18/2021,620.0,626.0,614.0,620.1,0.18,12597.0,2717.0,1967.0
CHDC,7/19/2021,625.0,644.0,620.0,642.0,3.53,28160.0,2717.0,1967.0
CHDC,7/20/2021,631.4,700.0,630.0,690.0,7.48,85932.0,2717.0,1967.0
CHDC,7/22/2021,700.0,759.0,690.0,759.0,10.0,105781.0,2717.0,1967.0
CHDC,7/25/2021,760.0,810.0,758.0,806.0,6.19,106809.0,2717.0,1967.0
CHDC,7/26/2021,822.1,840.0,777.0,836.0,3.72,87376.0,2717.0,1967.0
CHDC,7/27/2021,836.0,850.0,805.0,827.0,-1.08,54095.0,2717.0,1967.0
CHDC,7/28/2021,816.0,830.0,785.0,817.0,-1.21,48150.0,2717.0,1967.0
CHDC,7/29/2021,817.0,818.0,787.0,800.0,-2.08,51189.0,2717.0,1967.0
CHDC,8/1/2021,800.0,880.0,800.0,877.0,9.62,78768.0,2717.0,1967.0
CHDC,8/2/2021,890.0,894.5,844.0,845.0,-3.65,78313.0,2717.0,1967.0
CHDC,8/3/2021,845.0,912.8,835.0,912.8,8.02,65324.0,2717.0,1967.0
CHDC,8/4/2021,931.0,1000.0,913.0,975.0,6.81,91969.0,2717.0,1967.0
CHDC,8/5/2021,975.0,992.0,937.0,941.0,-3.49,59129.0,2717.0,1967.0
CHDC,8/8/2021,925.0,955.0,908.0,940.0,-0.11,58440.0,2717.0,1967.0
CHDC,8/9/2021,926.0,970.0,926.0,949.0,0.96,46679.0,2717.0,1967.0
CHDC,8/10/2021,949.0,970.0,930.1,935.0,-1.48,29357.0,2717.0,1967.0
CHDC,8/11/2021,940.0,1028.5,932.0,1009.0,7.91,67588.0,2717.0,1967.0
CHDC,8/12/2021,1010.0,1085.0,991.0,1050.0,4.06,62758.0,2717.0,1967.0
CHDC,8/15/2021,1050.0,1060.8,990.0,1030.0,-1.9,88109.0,2717.0,1967.0
CHDC,8/16/2021,1010.0,1049.0,990.0,1038.0,0.78,59174.0,2717.0,1967.0
CHDC,8/17/2021,1038.0,1141.8,1023.4,1141.8,10.0,70567.0,2717.0,1967.0
CHDC,8/18/2021,1164.6,1255.9,1164.6,1238.0,8.43,88969.0,2717.0,1967.0
CHDC,8/19/2021,1238.0,1326.0,1197.0,1324.0,6.95,104850.0,2717.0,1967.0
CHDC,8/24/2021,1320.0,1415.0,1301.0,1364.0,3.02,96331.0,2717.0,1967.0
CHDC,8/25/2021,1364.0,1364.0,1275.0,1350.0,-1.03,71923.0,2717.0,1967.0
CHDC,8/26/2021,1323.0,1404.0,1300.0,1330.0,-1.48,48706.0,2717.0,1967.0
CHDC,8/29/2021,1303.4,1330.0,1260.0,1260.0,-5.26,54903.0,2717.0,1967.0
CHDC,8/31/2021,1285.2,1285.2,1221.1,1224.0,-2.86,47528.0,2717.0,1967.0
CHDC,9/1/2021,1200.0,1247.0,1190.0,1206.0,-1.47,41831.0,2717.0,1967.0
CHDC,9/2/2021,1190.0,1210.0,1153.0,1180.0,-2.16,38383.0,2717.0,1967.0
CHDC,9/5/2021,1160.0,1160.0,1062.0,1062.0,-10.0,52972.0,2717.0,1967.0
CHDC,9/6/2021,1050.0,1168.2,1017.0,1160.0,9.23,50341.0,2717.0,1967.0
CHDC,9/7/2021,1182.0,1183.0,1088.8,1109.0,-4.4,75336.0,2717.0,1967.0
CHDC,9/8/2021,1087.0,1100.0,1070.1,1080.0,-2.61,10209.0,2717.0,1967.0
CHDC,9/9/2021,1089.9,1122.0,1060.0,1098.0,1.67,21737.0,2717.0,1967.0
CHDC,9/12/2021,1119.0,1155.0,1100.0,1139.0,3.73,43308.0,2717.0,1967.0
CHDC,9/13/2021,1139.0,1157.0,1109.5,1120.0,-1.67,36653.0,2717.0,1967.0
CHDC,9/14/2021,1108.6,1142.0,1107.0,1129.0,0.8,32044.0,2717.0,1967.0
CHDC,9/15/2021,1113.0,1119.0,1093.0,1100.0,-2.57,13973.0,2717.0,1967.0
CHDC,9/16/2021,1078.0,1100.0,1021.0,1035.0,-5.91,29509.0,2717.0,1967.0
CHDC,9/20/2021,1015.0,1018.0,931.5,960.0,-7.25,48667.0,2717.0,1967.0
CHDC,9/21/2021,940.8,980.0,905.2,950.0,-1.04,22974.0,2717.0,1967.0
CHDC,9/22/2021,967.5,1035.0,967.5,1024.0,7.79,19431.0,2717.0,1967.0
CHDC,9/23/2021,1044.0,1044.4,980.0,1015.0,-0.88,23233.0,2717.0,1967.0
CHDC,9/26/2021,994.7,1035.3,955.0,960.0,-5.42,15730.0,2717.0,1967.0
CHDC,9/27/2021,960.0,980.0,905.1,922.0,-3.96,18953.0,2717.0,1967.0
CHDC,9/28/2021,903.6,915.0,845.9,870.0,-5.64,28135.0,2717.0,1967.0
CHDC,9/29/2021,852.7,917.4,852.7,906.5,4.2,22115.0,2717.0,1967.0
CHDC,9/30/2021,920.0,920.0,862.4,864.1,-4.68,13440.0,2717.0,1967.0
CHDC,10/3/2021,869.0,869.0,785.0,829.0,-4.06,17166.0,2717.0,1967.0
CHDC,10/4/2021,812.5,828.0,775.0,800.0,-3.5,11095.0,2717.0,1967.0
CHDC,10/5/2021,784.0,830.0,784.0,830.0,3.75,12010.0,2717.0,1967.0
CHDC,10/6/2021,844.9,913.0,829.1,908.0,9.4,10083.0,2717.0,1967.0
CHDC,10/10/2021,926.1,926.1,860.0,860.0,-5.29,11906.0,2717.0,1967.0
CHDC,10/11/2021,860.0,877.2,825.2,831.0,-3.37,8577.0,2717.0,1967.0
CHDC,10/17/2021,823.0,847.5,800.3,820.0,-1.32,8851.0,2717.0,1967.0
CHDC,10/18/2021,804.0,804.0,759.1,779.0,-5.0,25182.0,2717.0,1967.0
CHDC,10/19/2021,763.5,763.5,708.0,735.9,-5.53,16941.0,2717.0,1967.0
CHDC,10/20/2021,750.6,809.4,741.5,809.4,9.99,84960.0,2717.0,1967.0
CHDC,10/21/2021,825.0,825.5,766.1,790.0,-2.4,10993.0,2717.0,1967.0
CHDC,10/24/2021,774.2,858.8,774.2,835.0,5.7,25013.0,2717.0,1967.0
CHDC,10/25/2021,850.0,882.0,840.0,881.9,5.62,43356.0,2717.0,1967.0
CHDC,10/26/2021,899.5,916.0,880.0,900.0,2.05,43299.0,2717.0,1967.0
CHDC,10/27/2021,900.0,920.0,869.2,910.0,1.11,34115.0,2717.0,1967.0
CHDC,10/28/2021,905.0,949.0,887.0,949.0,4.29,27491.0,2717.0,1967.0
CHDC,10/31/2021,930.1,979.0,920.0,974.0,2.63,20249.0,2717.0,1967.0
CHDC,11/1/2021,990.0,990.0,930.0,930.0,-4.52,32439.0,2717.0,1967.0
CHDC,11/2/2021,912.0,945.0,894.0,943.6,1.46,21303.0,2717.0,1967.0
CHDC,11/3/2021,962.0,975.0,935.0,942.0,-0.17,14059.0,2717.0,1967.0
CHDC,11/8/2021,935.0,960.0,925.0,935.0,-0.74,7419.0,2717.0,1967.0
CHDC,11/9/2021,937.0,937.0,863.1,875.4,-6.37,28640.0,2717.0,1967.0
CHDC,11/11/2021,857.9,889.0,843.0,850.0,-2.9,15791.0,2717.0,1967.0
CHDC,11/14/2021,845.0,868.0,819.0,850.0,0.0,18176.0,2717.0,1967.0
CHDC,11/15/2021,850.0,879.0,850.0,868.8,2.21,15253.0,2717.0,1967.0
CHDC,11/16/2021,886.1,907.0,869.0,907.0,4.4,20374.0,2717.0,1967.0
CHDC,11/17/2021,912.0,965.0,905.0,923.0,1.76,22227.0,2717.0,1967.0
CHDC,11/18/2021,905.1,926.0,892.0,906.0,-1.84,21455.0,2717.0,1967.0
CHDC,11/21/2021,898.0,910.0,888.1,900.0,-0.66,11221.0,2717.0,1967.0
CHDC,11/22/2021,886.0,918.0,886.0,903.1,0.34,15065.0,2717.0,1967.0
CHDC,11/23/2021,885.2,900.0,875.0,885.0,-2.0,17337.0,2717.0,1967.0
CHDC,11/24/2021,875.0,890.0,860.0,881.0,-0.45,9812.0,2717.0,1967.0
CHDC,11/25/2021,880.0,897.0,872.0,884.0,0.34,5221.0,2717.0,1967.0
CHDC,11/28/2021,866.4,875.0,837.0,849.0,-3.96,15499.0,2717.0,1967.0
CHDC,11/29/2021,833.4,856.0,833.1,844.0,-0.59,10753.0,2717.0,1967.0
CHDC,11/30/2021,845.0,845.5,822.0,840.0,-0.47,7415.0,2717.0,1967.0
CHDC,12/1/2021,835.0,850.0,833.1,845.0,0.6,9396.0,2717.0,1967.0
CHDC,12/2/2021,830.0,840.0,810.0,810.0,-4.14,8739.0,2717.0,1967.0
CHDC,12/5/2021,793.9,800.7,768.0,775.0,-4.32,13786.0,2717.0,1967.0
CHDC,12/6/2021,759.5,791.0,728.1,780.0,0.65,34305.0,2717.0,1967.0
CHDC,12/7/2021,775.0,805.0,755.6,759.0,-2.69,8393.0,2717.0,1967.0
CHDC,12/8/2021,745.1,759.0,728.0,736.0,-3.03,12682.0,2717.0,1967.0
CHDC,12/9/2021,736.0,744.0,713.1,728.0,-1.09,12346.0,2717.0,1967.0
CHDC,12/12/2021,726.1,726.1,685.0,686.0,-5.77,13190.0,2717.0,1967.0
CHDC,12/13/2021,686.0,686.0,645.0,657.0,-4.23,23675.0,2717.0,1967.0
CHDC,12/14/2021,670.0,722.0,668.0,722.0,9.89,9173.0,2717.0,1967.0
CHDC,12/15/2021,736.4,780.0,687.0,705.0,-2.35,16144.0,2717.0,1967.0
CHDC,12/16/2021,691.0,700.0,678.0,700.0,-0.71,15936.0,2717.0,1967.0
CHDC,12/20/2021,700.0,700.0,667.0,673.0,-3.86,9717.0,2717.0,1967.0
CHDC,12/21/2021,686.0,717.0,676.0,715.0,6.24,11766.0,2717.0,1967.0
CHDC,12/22/2021,727.0,771.1,718.0,762.0,6.57,28654.0,2717.0,1967.0
CHDC,12/23/2021,777.0,784.0,750.0,776.5,1.9,25353.0,2717.0,1967.0
CHDC,12/26/2021,780.0,818.0,770.0,815.0,4.96,24733.0,2717.0,1967.0
CHDC,12/27/2021,831.0,845.0,769.0,776.1,-4.77,24589.0,2717.0,1967.0
CHDC,12/28/2021,761.0,790.0,742.0,788.0,1.53,13658.0,2717.0,1967.0
CHDC,12/29/2021,772.4,809.0,764.0,802.0,1.78,6859.0,2717.0,1967.0
CHDC,1/2/2022,802.0,832.8,796.0,828.0,3.24,17980.0,2717.0,1967.0
CHDC,1/3/2022,844.5,850.0,826.0,849.0,2.54,26109.0,2717.0,1967.0
CHDC,1/4/2022,840.0,872.0,826.0,867.0,2.12,19380.0,2717.0,1967.0
CHDC,1/5/2022,850.0,880.0,835.0,847.0,-2.31,18875.0,2717.0,1967.0
CHDC,1/6/2022,850.0,861.9,839.0,850.0,0.35,29177.0,2717.0,1967.0
CHDC,1/9/2022,850.0,885.5,850.0,868.0,2.12,34160.0,2717.0,1967.0
CHDC,1/10/2022,882.0,885.0,853.0,861.0,-0.81,25815.0,2717.0,1967.0
CHDC,1/11/2022,845.0,910.0,845.0,892.0,3.6,38386.0,2717.0,1967.0
CHDC,1/12/2022,876.0,905.0,860.1,872.0,-2.24,26804.0,2717.0,1967.0
CHDC,1/13/2022,870.0,890.0,861.1,882.0,1.15,13996.0,2717.0,1967.0
CHDC,1/16/2022,895.0,918.0,891.0,899.9,2.03,60258.0,2717.0,1967.0
CHDC,1/17/2022,905.0,975.0,890.0,972.0,8.01,75519.0,2717.0,1967.0
CHDC,1/18/2022,988.0,990.0,943.0,975.0,0.31,32723.0,2717.0,1967.0
CHDC,1/19/2022,975.0,993.0,930.0,940.0,-3.59,31953.0,2717.0,1967.0
CHDC,1/20/2022,921.2,973.7,910.0,950.0,1.06,24889.0,2717.0,1967.0
CHDC,1/23/2022,950.0,966.0,918.1,930.0,-2.11,31204.0,2717.0,1967.0
CHDC,1/24/2022,912.0,920.0,880.0,891.0,-4.19,36645.0,2717.0,1967.0
CHDC,1/25/2022,875.0,907.0,875.0,885.0,-0.67,20439.0,2717.0,1967.0
CHDC,1/26/2022,876.0,935.0,875.0,929.0,4.97,47456.0,2717.0,1967.0
CHDC,1/27/2022,920.0,1017.0,920.0,1010.0,8.72,85266.0,2717.0,1967.0
CHDC,1/30/2022,1030.2,1049.0,998.0,1017.0,0.69,78472.0,2717.0,1967.0
CHDC,1/31/2022,996.7,1100.0,996.7,1090.0,7.18,87541.0,2717.0,1967.0
CHDC,2/1/2022,1090.0,1122.0,1065.0,1090.0,0.0,52992.0,2717.0,1967.0
CHDC,2/3/2022,1093.0,1130.0,1070.1,1122.0,2.94,66295.0,2717.0,1967.0
CHDC,2/6/2022,1100.0,1110.0,1071.1,1075.0,-4.19,34077.0,2717.0,1967.0
CHDC,2/7/2022,1075.0,1090.0,1053.0,1053.0,-2.05,40666.0,2717.0,1967.0
CHDC,2/8/2022,1074.0,1081.0,1029.0,1032.0,-1.99,33563.0,2717.0,1967.0
CHDC,2/9/2022,1052.6,1080.0,1033.0,1050.0,1.74,56606.0,2717.0,1967.0
CHDC,2/10/2022,1050.0,1064.0,1033.0,1040.0,-0.95,16578.0,2717.0,1967.0
CHDC,2/13/2022,1019.2,1019.2,962.1,969.0,-6.83,65395.0,2717.0,1967.0
CHDC,2/14/2022,968.0,986.0,966.0,986.0,1.75,10632.0,2717.0,1967.0
CHDC,2/15/2022,998.9,1016.0,961.4,1016.0,3.04,12759.0,2717.0,1967.0
CHDC,2/16/2022,1025.0,1025.0,975.1,975.1,-4.03,12408.0,2717.0,1967.0
CHDC,2/17/2022,975.0,1008.0,966.0,995.0,2.04,21456.0,2717.0,1967.0
CHDC,2/20/2022,995.0,995.0,956.0,967.0,-2.81,21235.0,2717.0,1967.0
CHDC,2/21/2022,967.1,1000.0,967.1,986.0,1.96,15750.0,2717.0,1967.0
CHDC,2/22/2022,1005.0,1005.0,975.1,980.0,-0.61,13441.0,2717.0,1967.0
CHDC,2/23/2022,985.0,1015.0,983.0,1005.0,2.55,33617.0,2717.0,1967.0
CHDC,2/24/2022,987.3,991.0,971.0,981.9,-2.3,13661.0,2717.0,1967.0
CHDC,2/27/2022,981.0,1020.0,966.7,1005.0,2.35,20120.0,2717.0,1967.0
CHDC,2/28/2022,1015.0,1024.0,961.1,968.9,-3.59,20060.0,2717.0,1967.0
CHDC,3/2/2022,949.6,964.0,905.0,923.0,-4.74,16019.0,2717.0,1967.0
CHDC,3/6/2022,925.0,960.0,892.0,900.0,-2.49,11128.0,2717.0,1967.0
CHDC,3/7/2022,900.0,920.0,873.5,873.5,-2.94,7248.0,2717.0,1967.0
CHDC,3/9/2022,880.0,896.0,853.0,854.0,-2.23,9139.0,2717.0,1967.0
CHDC,3/10/2022,850.0,906.5,849.0,898.0,5.15,15045.0,2717.0,1967.0
CHDC,3/13/2022,895.0,938.4,895.0,932.0,3.79,19730.0,2717.0,1967.0
CHDC,3/14/2022,932.0,946.0,901.6,930.0,-0.21,4602.0,2717.0,1967.0
CHDC,3/15/2022,930.0,938.0,904.0,914.9,-1.62,14882.0,2717.0,1967.0
CHDC,3/16/2022,902.0,920.0,890.0,900.0,-1.63,10981.0,2717.0,1967.0
CHDC,3/20/2022,900.0,910.0,886.0,889.0,-1.22,2995.0,2717.0,1967.0
CHDC,3/21/2022,889.0,913.0,881.1,900.0,1.24,14021.0,2717.0,1967.0
CHDC,3/22/2022,892.0,915.0,892.0,899.0,-0.11,6011.0,2717.0,1967.0
CHDC,3/23/2022,882.5,925.0,882.2,900.0,0.11,12189.0,2717.0,1967.0
CHDC,3/24/2022,886.0,905.0,875.0,875.0,-2.78,8135.0,2717.0,1967.0
CHDC,3/27/2022,865.0,892.0,854.0,854.0,-2.4,7543.0,2717.0,1967.0
CHDC,3/28/2022,850.1,870.0,833.0,838.0,-1.87,11019.0,2717.0,1967.0
CHDC,3/29/2022,838.0,853.0,815.1,825.0,-1.55,6648.0,2717.0,1967.0
CHDC,3/30/2022,815.0,855.0,815.0,849.0,2.91,8372.0,2717.0,1967.0
CHDC,3/31/2022,864.0,865.0,833.2,835.0,-1.65,7361.0,2717.0,1967.0
CHDC,4/3/2022,840.0,840.0,820.1,834.0,-0.12,2622.0,2717.0,1967.0
CHDC,4/4/2022,834.0,835.0,815.0,824.0,-1.2,6968.0,2717.0,1967.0
CHDC,4/5/2022,824.6,824.6,777.0,800.0,-2.91,12197.0,2717.0,1967.0
CHDC,4/6/2022,785.0,800.0,772.0,783.0,-2.12,5195.0,2717.0,1967.0
CHDC,4/7/2022,775.0,810.0,775.0,799.0,2.04,8530.0,2717.0,1967.0
CHDC,4/11/2022,814.9,815.0,772.0,772.0,-3.38,9195.0,2717.0,1967.0
CHDC,4/12/2022,772.0,772.0,745.2,758.0,-1.81,8740.0,2717.0,1967.0
CHDC,4/13/2022,759.0,774.0,742.9,772.0,1.85,15325.0,2717.0,1967.0
CHDC,4/17/2022,770.0,775.0,750.0,750.0,-2.85,4913.0,2717.0,1967.0
CHDC,4/18/2022,736.0,746.0,720.1,725.0,-3.33,7001.0,2717.0,1967.0
CHDC,4/19/2022,730.0,750.0,727.5,745.0,2.76,17967.0,2717.0,1967.0
CHDC,4/20/2022,730.1,755.0,710.1,729.0,-2.15,5669.0,2717.0,1967.0
CHDC,4/21/2022,720.0,745.0,708.7,741.0,1.65,6348.0,2717.0,1967.0
CHDC,4/24/2022,742.2,815.0,742.2,809.0,9.18,14371.0,2717.0,1967.0
CHDC,4/25/2022,815.0,815.0,770.0,786.0,-2.84,22537.0,2717.0,1967.0
CHDC,4/26/2022,786.0,815.0,771.0,784.0,-0.25,7671.0,2717.0,1967.0
CHDC,4/27/2022,771.0,800.0,761.1,800.0,2.04,6342.0,2717.0,1967.0
CHDC,4/28/2022,788.0,810.0,771.1,775.0,-3.12,12624.0,2717.0,1967.0
CHDC,5/2/2022,760.0,765.0,727.0,760.0,-1.94,9305.0,2717.0,1967.0
CHDC,5/4/2022,745.0,800.9,730.0,745.0,-1.97,7606.0,2717.0,1967.0
CHDC,5/5/2022,735.0,748.2,720.5,729.0,-2.15,3635.0,2717.0,1967.0
CHDC,5/8/2022,718.0,757.7,709.0,755.0,3.57,4479.0,2717.0,1967.0
CHDC,5/9/2022,768.0,768.0,738.0,745.0,-1.32,7934.0,2717.0,1967.0
CHDC,5/10/2022,754.0,784.0,745.0,775.0,4.03,5489.0,2717.0,1967.0
CHDC,5/11/2022,789.9,805.8,760.0,801.0,3.35,14126.0,2717.0,1967.0
CHDC,5/12/2022,801.0,815.0,775.0,777.0,-3.0,13666.0,2717.0,1967.0
CHDC,5/17/2022,776.0,790.0,745.2,754.0,-2.96,8464.0,2717.0,1967.0
CHDC,5/18/2022,741.0,767.0,726.0,765.0,1.46,6911.0,2717.0,1967.0
CHDC,5/19/2022,750.1,762.0,744.2,750.0,-1.96,5002.0,2717.0,1967.0
CHDC,5/20/2022,735.1,747.0,735.0,746.0,-0.53,3324.0,2717.0,1967.0
CHDC,5/23/2022,731.1,734.7,717.6,730.1,-2.13,3464.0,2717.0,1967.0
CHDC,5/24/2022,718.0,743.4,718.0,734.0,0.53,3460.0,2717.0,1967.0
CHDC,5/25/2022,748.0,755.0,735.0,736.0,0.27,3971.0,2717.0,1967.0
CHDC,5/26/2022,732.1,745.0,730.5,735.0,-0.14,3930.0,2717.0,1967.0
CHDC,5/27/2022,725.3,760.0,725.3,742.0,0.95,3277.0,2717.0,1967.0
CHDC,5/30/2022,728.0,729.1,714.0,716.0,-3.5,8738.0,2717.0,1967.0
CHDC,5/31/2022,702.0,724.0,690.0,715.0,-0.14,8061.0,2717.0,1967.0
CHDC,6/1/2022,710.0,730.0,710.0,730.0,2.1,5789.0,2717.0,1967.0
CHDC,6/2/2022,716.0,744.4,716.0,727.0,-0.41,2968.0,2717.0,1967.0
CHDC,6/3/2022,712.6,744.0,707.2,711.0,-2.2,5525.0,2717.0,1967.0
CHDC,6/6/2022,709.2,725.0,709.2,714.9,0.55,5609.0,2717.0,1967.0
CHDC,6/7/2022,710.0,720.0,700.0,710.0,-0.69,9733.0,2717.0,1967.0
CHDC,6/8/2022,700.3,748.0,700.3,721.0,1.55,9939.0,2717.0,1967.0
CHDC,6/9/2022,728.0,735.0,715.0,720.0,-0.14,3004.0,2717.0,1967.0
CHDC,6/10/2022,725.0,730.0,707.0,709.3,-1.49,2825.0,2717.0,1967.0
CHDC,6/13/2022,700.0,715.0,700.0,705.0,-0.61,3270.0,2717.0,1967.0
CHDC,6/14/2022,695.0,711.0,691.0,696.9,-1.15,8886.0,2717.0,1967.0
CHDC,6/15/2022,685.0,688.9,665.0,677.9,-2.73,12797.0,2717.0,1967.0
CHDC,6/16/2022,677.0,699.0,670.2,690.0,1.78,2625.0,2717.0,1967.0
CHDC,6/17/2022,703.8,703.8,677.2,700.0,1.45,1275.0,2717.0,1967.0
CHDC,6/19/2022,709.0,709.0,667.6,668.3,-4.53,4660.0,2717.0,1967.0
CHDC,6/20/2022,656.6,673.0,645.9,658.0,-1.54,8385.0,2717.0,1967.0
CHDC,6/21/2022,658.0,694.0,645.1,677.0,2.89,3928.0,2717.0,1967.0
CHDC,6/22/2022,663.5,671.0,657.0,671.0,-0.89,2073.0,2717.0,1967.0
CHDC,6/23/2022,658.0,660.0,644.0,651.0,-2.98,4852.0,2717.0,1967.0
CHDC,6/24/2022,640.3,669.0,630.0,669.0,2.76,2615.0,2717.0,1967.0
CHDC,6/26/2022,682.3,703.0,670.0,701.0,4.78,5741.0,2717.0,1967.0
CHDC,6/27/2022,714.9,714.9,680.0,694.7,-0.9,5905.0,2717.0,1967.0
CHDC,6/28/2022,698.0,699.0,667.0,685.5,-1.32,1620.0,2717.0,1967.0
CHDC,6/29/2022,685.5,700.0,676.3,689.0,0.51,2554.0,2717.0,1967.0
CHDC,6/30/2022,690.0,720.0,690.0,715.0,3.77,12404.0,2717.0,1967.0
CHDC,7/1/2022,728.9,739.0,711.1,717.0,0.28,5734.0,2717.0,1967.0
CHDC,7/3/2022,715.0,744.6,715.0,740.0,3.21,9404.0,2717.0,1967.0
CHDC,7/4/2022,727.0,782.0,727.0,759.9,2.69,20548.0,2717.0,1967.0
CHDC,7/5/2022,744.8,767.1,716.2,716.2,-5.75,13292.0,2717.0,1967.0
CHDC,7/6/2022,705.0,744.0,698.0,740.0,3.32,9015.0,2717.0,1967.0
CHDC,7/7/2022,745.0,764.0,715.0,725.0,-2.03,7729.0,2717.0,1967.0
CHDC,7/8/2022,725.0,732.9,700.0,710.0,-2.07,7780.0,2717.0,1967.0
CHDC,7/11/2022,700.0,700.0,672.7,687.0,-3.24,10919.0,2717.0,1967.0
CHDC,7/12/2022,673.3,714.0,659.9,687.9,0.13,3560.0,2717.0,1967.0
CHDC,7/13/2022,680.0,756.0,676.1,756.0,9.9,18583.0,2717.0,1967.0
CHDC,7/14/2022,741.0,771.1,730.1,731.0,-3.31,15962.0,2717.0,1967.0
CHDC,7/15/2022,721.1,758.0,718.0,730.0,-0.14,3725.0,2717.0,1967.0
CHDC,7/17/2022,719.0,734.0,719.0,727.9,-0.29,5523.0,2717.0,1967.0
CHDC,7/18/2022,715.0,752.0,710.4,744.0,2.21,11104.0,2717.0,1967.0
CHDC,7/19/2022,730.0,800.0,730.0,776.0,4.3,37791.0,2717.0,1967.0
CHDC,7/20/2022,775.0,800.0,765.3,795.0,2.45,23952.0,2717.0,1967.0
CHDC,7/21/2022,782.6,815.0,782.6,798.7,0.47,17297.0,2717.0,1967.0
CHDC,7/22/2022,804.0,804.0,768.0,776.0,-2.84,14571.0,2717.0,1967.0
CHDC,7/24/2022,780.1,797.9,765.0,794.8,2.42,11220.0,2717.0,1967.0
CHDC,7/25/2022,786.3,845.0,786.3,840.0,5.69,30484.0,2717.0,1967.0
CHDC,7/26/2022,855.0,855.0,798.0,810.0,-3.57,34504.0,2717.0,1967.0
CHDC,7/27/2022,795.0,839.4,794.0,839.4,3.63,24705.0,2717.0,1967.0
CHDC,7/28/2022,850.0,869.0,830.0,840.0,0.07,54136.0,2717.0,1967.0
CHDC,7/29/2022,831.1,856.0,826.3,839.0,-0.12,12821.0,2717.0,1967.0
CHDC,7/31/2022,826.3,854.9,826.3,844.0,0.6,35120.0,2717.0,1967.0
CHDC,8/1/2022,844.0,851.0,830.1,835.0,-1.07,24053.0,2717.0,1967.0
CHDC,8/2/2022,830.0,838.4,815.0,822.0,-1.56,10417.0,2717.0,1967.0
CHDC,8/3/2022,816.0,848.0,814.0,814.1,-0.96,14377.0,2717.0,1967.0
CHDC,8/4/2022,810.0,825.0,800.0,800.0,-1.73,19407.0,2717.0,1967.0
CHDC,8/5/2022,794.9,819.0,784.2,795.0,-0.62,12668.0,2717.0,1967.0
CHDC,8/7/2022,780.0,805.0,780.0,788.0,-0.88,8791.0,2717.0,1967.0
CHDC,8/8/2022,790.1,819.0,779.1,780.0,-1.02,13127.0,2717.0,1967.0
CHDC,8/9/2022,775.0,794.0,750.1,755.0,-3.21,14395.0,2717.0,1967.0
CHDC,8/10/2022,750.0,785.5,746.0,775.0,2.65,11953.0,2717.0,1967.0
CHDC,8/11/2022,769.9,784.0,758.0,774.9,-0.01,9996.0,2717.0,1967.0
CHDC,8/14/2022,760.0,774.0,750.0,756.0,-2.44,6840.0,2717.0,1967.0
CHDC,8/15/2022,746.0,780.0,744.0,778.6,2.99,9416.0,2717.0,1967.0
CHDC,8/16/2022,767.0,782.0,757.0,764.4,-1.82,16448.0,2717.0,1967.0
CHDC,8/17/2022,751.0,769.0,750.0,757.8,-0.86,7966.0,2717.0,1967.0
CHDC,8/18/2022,750.0,772.0,750.0,760.5,0.36,13195.0,2717.0,1967.0
CHDC,8/21/2022,746.0,774.0,746.0,751.1,-1.24,3700.0,2717.0,1967.0
CHDC,8/22/2022,740.1,765.0,740.1,750.2,-0.12,10779.0,2717.0,1967.0
CHDC,8/23/2022,750.0,760.0,745.1,751.0,0.11,2610.0,2717.0,1967.0
CHDC,8/24/2022,748.0,761.0,742.1,757.0,0.8,6050.0,2717.0,1967.0
CHDC,8/25/2022,741.9,765.0,737.0,738.1,-2.5,5934.0,2717.0,1967.0
CHDC,8/26/2022,738.1,740.0,725.4,727.5,-1.44,3736.0,2717.0,1967.0
CHDC,8/28/2022,713.0,725.0,701.0,703.0,-3.37,10114.0,2717.0,1967.0
CHDC,8/29/2022,691.1,708.9,690.0,702.9,-0.01,6270.0,2717.0,1967.0
CHDC,8/30/2022,702.0,715.6,689.1,695.0,-1.12,5900.0,2717.0,1967.0
CHDC,8/31/2022,681.1,710.0,680.0,681.0,-2.01,6887.0,2717.0,1967.0
CHDC,9/1/2022,680.0,690.0,670.0,689.0,1.17,10395.0,2717.0,1967.0
CHDC,9/2/2022,676.0,702.0,676.0,682.2,-0.99,436.0,2717.0,1967.0
CHDC,9/4/2022,695.0,700.0,682.0,685.2,0.44,2244.0,2717.0,1967.0
CHDC,9/5/2022,678.0,695.0,678.0,685.3,0.01,2109.0,2717.0,1967.0
CHDC,9/6/2022,680.0,694.4,677.1,682.0,-0.48,4740.0,2717.0,1967.0
CHDC,9/7/2022,669.0,689.0,669.0,678.0,-0.59,3112.0,2717.0,1967.0
CHDC,9/8/2022,670.5,690.0,670.5,679.1,0.16,2633.0,2717.0,1967.0
CHDC,9/11/2022,680.1,685.0,670.0,683.0,0.57,5682.0,2717.0,1967.0
CHDC,9/12/2022,684.0,695.0,670.0,673.0,-1.46,4520.0,2717.0,1967.0
CHDC,9/13/2022,670.0,699.0,662.0,681.0,1.19,5542.0,2717.0,1967.0
CHDC,9/14/2022,680.0,699.6,676.3,695.0,2.06,9049.0,2717.0,1967.0
CHDC,9/15/2022,690.1,697.0,656.0,659.6,-5.09,13750.0,2717.0,1967.0
CHDC,9/16/2022,650.0,657.8,634.0,655.2,-0.67,5776.0,2717.0,1967.0
CHDC,9/18/2022,644.0,656.0,632.0,632.0,-3.54,5736.0,2717.0,1967.0
CHDC,9/20/2022,624.0,627.0,610.0,619.9,-1.91,7485.0,2717.0,1967.0
CHDC,9/21/2022,619.0,646.0,608.2,618.5,-0.23,5466.0,2717.0,1967.0
CHDC,9/22/2022,611.3,643.4,611.3,631.0,2.02,9727.0,2717.0,1967.0
CHDC,9/25/2022,620.0,631.0,620.0,621.0,-1.58,2765.0,2717.0,1967.0
CHDC,9/27/2022,633.0,638.0,621.1,627.2,1.0,5177.0,2717.0,1967.0
CHDC,9/28/2022,628.0,630.0,614.9,623.5,-0.59,4151.0,2717.0,1967.0
CHDC,9/29/2022,612.2,629.0,612.0,629.0,0.88,2902.0,2717.0,1967.0
CHDC,10/9/2022,639.9,639.9,627.3,637.9,1.41,1185.0,2717.0,1967.0
CHDC,10/10/2022,637.0,637.0,621.3,621.3,-2.6,2565.0,2717.0,1967.0
CHDC,10/11/2022,611.2,620.0,611.2,618.0,-0.53,1470.0,2717.0,1967.0
CHDC,10/12/2022,610.2,625.0,610.2,616.0,-0.32,1445.0,2717.0,1967.0
CHDC,10/13/2022,605.0,623.0,605.0,620.0,0.65,3977.0,2717.0,1967.0
CHDC,10/16/2022,608.6,615.0,606.5,610.0,-1.61,1602.0,2717.0,1967.0
CHDC,10/17/2022,605.0,612.0,605.0,606.0,-0.66,1540.0,2717.0,1967.0
CHDC,10/19/2022,606.0,630.0,598.0,598.7,-1.2,1233.0,2717.0,1967.0
CHDC,10/20/2022,593.0,609.0,590.0,599.9,0.2,2217.0,2717.0,1967.0
CHDC,10/23/2022,600.0,611.7,595.0,595.0,-0.82,4145.0,2717.0,1967.0
CHDC,10/31/2022,595.0,606.0,593.6,601.0,1.01,1389.0,2717.0,1967.0
CHDC,11/1/2022,601.0,642.0,600.0,642.0,6.82,5672.0,2717.0,1967.0
CHDC,11/2/2022,632.0,647.7,622.0,630.0,-1.87,8168.0,2717.0,1967.0
CHDC,11/3/2022,617.5,633.0,615.5,616.0,-2.22,4542.0,2717.0,1967.0
CHDC,11/6/2022,605.0,639.9,605.0,630.0,2.27,4361.0,2717.0,1967.0
CHDC,11/7/2022,642.0,649.9,627.1,635.0,0.79,12983.0,2717.0,1967.0
CHDC,11/8/2022,630.0,642.0,630.0,640.0,0.79,5155.0,2717.0,1967.0
CHDC,11/9/2022,640.0,647.0,620.6,627.0,-2.03,11909.0,2717.0,1967.0
CHDC,11/10/2022,621.0,628.0,615.4,615.5,-1.83,5590.0,2717.0,1967.0
CHDC,11/13/2022,604.0,624.0,604.0,618.0,0.41,4027.0,2717.0,1967.0
CHDC,11/14/2022,610.0,629.9,610.0,627.9,1.6,3197.0,2717.0,1967.0
CHDC,11/15/2022,638.0,638.0,613.0,620.0,-1.26,2823.0,2717.0,1967.0
CHDC,11/16/2022,608.0,630.0,604.3,617.0,-0.48,6484.0,2717.0,1967.0
CHDC,11/17/2022,604.7,644.8,604.7,626.3,1.51,7871.0,2717.0,1967.0
CHDC,11/22/2022,638.8,644.8,629.1,638.0,1.87,17646.0,2717.0,1967.0
CHDC,11/23/2022,635.0,637.1,620.1,637.1,-0.14,1883.0,2717.0,1967.0
CHDC,11/24/2022,626.09,640.0,626.09,632.0,-0.8,1775.0,2717.0,1967.0
CHDC,11/27/2022,628.3,677.0,627.3,673.0,6.49,14319.0,2717.0,1967.0
CHDC,11/28/2022,679.0,679.0,650.0,655.0,-2.67,18257.0,2717.0,1967.0
CHDC,11/29/2022,667.0,667.0,647.0,664.8,1.5,3920.0,2717.0,1967.0
CHDC,11/30/2022,669.0,669.0,656.0,659.0,-0.87,3441.0,2717.0,1967.0
CHDC,12/1/2022,668.0,680.9,646.0,664.0,0.76,20825.0,2717.0,1967.0
CHDC,12/4/2022,657.3,690.0,657.3,681.9,2.7,19670.0,2717.0,1967.0
CHDC,12/5/2022,671.3,683.9,658.1,661.0,-3.06,13992.0,2717.0,1967.0
CHDC,12/6/2022,648.0,670.0,648.0,656.0,-0.76,3176.0,2717.0,1967.0
CHDC,12/7/2022,668.7,668.7,645.0,655.0,-0.15,9216.0,2717.0,1967.0
CHDC,12/11/2022,642.1,650.0,638.0,645.0,-1.53,4856.0,2717.0,1967.0
CHDC,12/12/2022,655.0,660.0,642.0,660.0,2.33,5825.0,2717.0,1967.0
CHDC,12/13/2022,647.0,661.0,647.0,660.0,0.0,2122.0,2717.0,1967.0
CHDC,12/14/2022,647.3,655.0,647.3,652.1,-1.2,2590.0,2717.0,1967.0
CHDC,12/15/2022,660.0,660.0,637.1,641.0,-1.7,2200.0,2717.0,1967.0
CHDC,12/18/2022,653.8,653.8,625.8,634.0,-1.09,2399.0,2717.0,1967.0
CHDC,12/19/2022,640.0,651.7,627.3,639.0,0.79,1700.0,2717.0,1967.0
CHDC,12/20/2022,626.4,640.0,626.4,633.2,-0.91,1633.0,2717.0,1967.0
CHDC,12/21/2022,641.0,641.0,630.0,630.0,-0.51,1677.0,2717.0,1967.0
CHDC,12/22/2022,640.0,640.0,625.0,630.0,0.0,7110.0,2717.0,1967.0
CHDC,12/26/2022,640.0,661.0,632.0,660.0,4.76,9692.0,2717.0,1967.0
CHDC,12/27/2022,672.0,683.0,661.0,674.0,2.12,19980.0,2717.0,1967.0
CHDC,12/28/2022,667.0,679.7,661.3,665.0,-1.34,8110.0,2717.0,1967.0
CHDC,12/29/2022,677.6,707.0,660.0,707.0,6.32,16618.0,2717.0,1967.0
CHDC,1/1/2023,693.0,715.0,684.1,690.0,-2.4,19065.0,2717.0,1967.0
CHDC,1/2/2023,690.0,711.9,683.3,710.0,2.9,9045.0,2717.0,1967.0
CHDC,1/3/2023,710.0,725.0,695.0,711.0,0.14,15898.0,2717.0,1967.0
CHDC,1/4/2023,703.0,750.0,703.0,750.0,5.49,13353.0,2717.0,1967.0
CHDC,1/5/2023,750.0,760.0,728.0,752.0,0.27,16200.0,2717.0,1967.0
CHDC,1/8/2023,738.1,789.0,728.0,754.9,0.39,20172.0,2717.0,1967.0
CHDC,1/9/2023,768.9,783.0,740.1,764.1,1.22,9240.0,2717.0,1967.0
CHDC,1/10/2023,775.0,791.0,735.2,747.0,-2.24,26157.0,2717.0,1967.0
CHDC,1/12/2023,761.0,761.9,716.4,720.0,-3.61,26662.0,2717.0,1967.0
CHDC,1/17/2023,730.0,753.0,710.0,747.0,3.75,16072.0,2717.0,1967.0
CHDC,1/18/2023,750.0,780.0,737.0,755.0,1.07,36212.0,2717.0,1967.0
CHDC,1/19/2023,740.0,770.1,740.0,750.5,-0.6,11254.0,2717.0,1967.0
CHDC,1/23/2023,750.5,787.0,743.0,770.0,2.6,38255.0,2717.0,1967.0
CHDC,1/24/2023,770.0,775.2,750.1,775.0,0.65,12778.0,2717.0,1967.0
CHDC,1/25/2023,762.0,833.3,762.0,814.0,5.03,44289.0,2717.0,1967.0
CHDC,1/26/2023,814.0,828.0,803.6,809.0,-0.61,15115.0,2717.0,1967.0
CHDC,1/29/2023,815.0,815.0,783.0,795.0,-1.73,21806.0,2717.0,1967.0
CHDC,1/30/2023,779.4,790.0,765.0,770.0,-3.14,17636.0,2717.0,1967.0
CHDC,1/31/2023,760.1,782.9,760.1,775.0,0.65,9018.0,2717.0,1967.0
CHDC,2/1/2023,760.3,777.0,760.3,765.0,-1.29,6780.0,2717.0,1967.0
CHDC,2/2/2023,765.0,774.0,756.0,756.3,-1.14,10123.0,2717.0,1967.0
CHDC,2/5/2023,742.5,778.0,742.5,772.0,2.08,9453.0,2717.0,1967.0
CHDC,2/6/2023,758.0,777.0,758.0,767.5,-0.58,11394.0,2717.0,1967.0
CHDC,2/7/2023,770.0,805.0,766.0,804.0,4.76,13368.0,2717.0,1967.0
CHDC,2/8/2023,804.0,819.7,787.1,805.0,0.12,34256.0,2717.0,1967.0
CHDC,2/9/2023,802.0,808.0,786.0,795.0,-1.24,13288.0,2717.0,1967.0
CHDC,2/12/2023,779.2,781.0,766.5,779.8,-1.91,11359.0,2717.0,1967.0
CHDC,2/14/2023,766.2,780.0,755.7,759.0,-2.67,16826.0,2717.0,1967.0
CHDC,2/15/2023,759.0,773.0,750.2,750.5,-1.12,4852.0,2717.0,1967.0
CHDC,2/16/2023,750.0,750.0,740.4,740.4,-1.35,6030.0,2717.0,1967.0
CHDC,2/20/2023,731.1,747.0,731.1,744.0,0.49,8448.0,2717.0,1967.0
CHDC,2/22/2023,731.0,786.9,731.0,769.0,3.36,10550.0,2717.0,1967.0
CHDC,2/23/2023,756.0,765.0,751.7,753.0,-2.08,6106.0,2717.0,1967.0
CHDC,2/26/2023,740.0,744.0,708.1,744.0,-1.2,21156.0,2717.0,1967.0
CHDC,2/27/2023,744.0,749.0,728.0,743.0,-0.13,4416.0,2717.0,1967.0
CHDC,2/28/2023,749.9,754.9,721.0,732.3,-1.44,5009.0,2717.0,1967.0
CHDC,3/1/2023,730.0,742.0,725.2,726.0,-0.86,5646.0,2717.0,1967.0
CHDC,3/2/2023,740.0,740.0,712.3,715.1,-1.5,2910.0,2717.0,1967.0
CHDC,3/5/2023,715.1,715.1,707.1,707.1,-1.12,4385.0,2717.0,1967.0
CHDC,3/7/2023,697.0,721.0,697.0,712.0,0.69,1240.0,2717.0,1967.0
CHDC,3/9/2023,720.0,744.0,715.0,744.0,4.49,3831.0,2717.0,1967.0
CHDC,3/12/2023,744.0,744.0,724.0,730.0,-1.88,4360.0,2717.0,1967.0
CHDC,3/13/2023,715.4,730.0,715.4,720.0,-1.37,1140.0,2717.0,1967.0
CHDC,3/14/2023,707.3,733.9,707.3,727.9,1.1,4110.0,2717.0,1967.0
CHDC,3/15/2023,730.0,730.0,716.7,725.0,-0.4,2935.0,2717.0,1967.0
CHDC,3/16/2023,710.6,730.0,710.6,721.3,-0.51,1566.0,2717.0,1967.0
CHDC,3/19/2023,715.0,726.0,710.1,720.0,-0.18,1820.0,2717.0,1967.0
CHDC,3/20/2023,707.2,735.0,707.2,730.3,1.43,2575.0,2717.0,1967.0
CHDC,3/22/2023,725.0,740.0,725.0,726.0,-0.59,4450.0,2717.0,1967.0
CHDC,3/23/2023,714.2,729.0,713.3,715.2,-1.49,5073.0,2717.0,1967.0
CHDC,3/26/2023,701.0,729.0,701.0,715.0,-0.03,4429.0,2717.0,1967.0
CHDC,3/27/2023,702.3,728.0,702.3,720.0,0.7,2125.0,2717.0,1967.0
CHDC,3/28/2023,722.0,736.4,717.1,725.0,0.69,3868.0,2717.0,1967.0
CHDC,3/29/2023,712.5,730.0,712.5,722.0,-0.41,940.0,2717.0,1967.0
CHDC,3/30/2023,720.0,734.4,720.0,723.1,0.15,3559.0,2717.0,1967.0
CHDC,4/2/2023,737.0,737.0,715.0,718.1,-0.69,5072.0,2717.0,1967.0
CHDC,4/3/2023,710.0,723.0,710.0,720.0,0.26,1538.0,2717.0,1967.0
CHDC,4/4/2023,720.0,734.0,711.0,716.0,-0.56,5115.0,2717.0,1967.0
CHDC,4/5/2023,710.0,724.0,705.3,719.5,0.49,2450.0,2717.0,1967.0
CHDC,4/6/2023,715.0,732.9,712.1,714.0,-0.76,2478.0,2717.0,1967.0
CHDC,4/9/2023,710.0,714.0,701.6,707.0,-0.98,1720.0,2717.0,1967.0
CHDC,4/10/2023,692.9,710.0,681.2,710.0,0.42,830.0,2717.0,1967.0
CHDC,4/11/2023,698.0,724.0,698.0,717.0,0.99,3870.0,2717.0,1967.0
CHDC,4/12/2023,715.0,746.0,715.0,746.0,4.04,9831.0,2717.0,1967.0
CHDC,4/13/2023,732.1,745.0,717.4,720.0,-3.49,6470.0,2717.0,1967.0
CHDC,4/16/2023,721.0,734.0,715.0,722.0,0.28,1205.0,2717.0,1967.0
CHDC,4/17/2023,722.0,725.0,714.0,716.0,-0.83,3280.0,2717.0,1967.0
CHDC,4/18/2023,702.0,721.0,688.0,720.0,0.56,3785.0,2717.0,1967.0
CHDC,4/19/2023,734.0,777.0,705.3,722.0,0.28,2220.0,2717.0,1967.0
CHDC,4/20/2023,722.0,735.0,713.1,718.0,-0.55,750.0,2717.0,1967.0
CHDC,4/23/2023,706.1,718.0,706.1,711.1,-0.96,1588.0,2717.0,1967.0
CHDC,4/24/2023,700.1,729.9,700.1,715.9,0.68,1216.0,2717.0,1967.0
CHDC,4/25/2023,729.0,730.0,715.1,720.0,0.57,5022.0,2717.0,1967.0
CHDC,4/26/2023,733.0,739.0,721.3,724.0,0.56,2410.0,2717.0,1967.0
CHDC,4/27/2023,725.0,733.0,716.1,719.2,-0.66,2003.0,2717.0,1967.0
CHDC,4/30/2023,732.0,736.0,708.3,726.8,1.06,5124.0,2717.0,1967.0
CHDC,5/2/2023,737.5,737.5,717.0,718.0,-1.21,3162.0,2717.0,1967.0
CHDC,5/3/2023,708.3,722.0,708.3,718.1,0.01,2273.0,2717.0,1967.0
CHDC,5/4/2023,709.0,728.0,709.0,724.0,0.82,1387.0,2717.0,1967.0
CHDC,5/7/2023,711.0,723.9,711.0,719.9,-0.57,1837.0,2717.0,1967.0
CHDC,5/8/2023,708.0,716.0,708.0,712.2,-1.07,4393.0,2717.0,1967.0
CHDC,5/9/2023,705.1,725.0,705.1,725.0,1.8,3065.0,2717.0,1967.0
CHDC,5/10/2023,720.0,731.3,715.0,726.0,0.14,2760.0,2717.0,1967.0
CHDC,5/11/2023,730.0,730.0,715.2,723.0,-0.41,3320.0,2717.0,1967.0
CHDC,5/14/2023,735.0,735.0,700.0,710.0,-1.8,6382.0,2717.0,1967.0
CHDC,5/15/2023,710.0,716.0,703.0,715.0,0.7,2283.0,2717.0,1967.0
CHDC,5/16/2023,715.0,725.0,709.1,715.0,0.0,3725.0,2717.0,1967.0
CHDC,5/17/2023,707.3,735.0,707.3,735.0,2.8,2360.0,2717.0,1967.0
CHDC,5/18/2023,722.1,756.0,722.0,753.0,2.45,5527.0,2717.0,1967.0
CHDC,5/21/2023,764.8,770.0,738.2,752.0,-0.13,11706.0,2717.0,1967.0
CHDC,5/22/2023,738.3,770.0,738.3,758.0,0.8,6234.0,2717.0,1967.0
CHDC,5/23/2023,751.1,779.9,751.1,774.0,2.11,11151.0,2717.0,1967.0
CHDC,5/24/2023,774.0,800.0,756.0,790.0,2.07,8442.0,2717.0,1967.0
CHDC,5/28/2023,774.2,800.0,751.0,767.6,-2.84,10350.0,2717.0,1967.0
CHDC,5/30/2023,767.0,767.0,750.0,756.4,-1.46,10923.0,2717.0,1967.0
CHDC,5/31/2023,746.0,766.0,735.0,740.0,-2.17,20373.0,2717.0,1967.0
CHDC,6/1/2023,740.0,765.0,735.0,755.0,2.03,6959.0,2717.0,1967.0
CHDC,6/4/2023,760.0,799.9,760.0,789.1,4.52,12871.0,2717.0,1967.0
CHDC,6/5/2023,780.0,805.8,780.0,784.1,-0.63,12084.0,2717.0,1967.0
CHDC,6/6/2023,770.4,805.8,770.4,803.9,2.53,13040.0,2717.0,1967.0
CHDC,6/7/2023,810.0,830.0,800.0,822.0,2.25,19454.0,2717.0,1967.0
CHDC,6/8/2023,807.0,850.0,807.0,837.0,1.82,16156.0,2717.0,1967.0
CHDC,6/11/2023,831.0,863.0,831.0,855.0,2.15,21352.0,2717.0,1967.0
CHDC,6/12/2023,841.0,872.0,841.0,870.0,1.75,28060.0,2717.0,1967.0
CHDC,6/13/2023,854.0,889.0,854.0,886.6,1.91,16213.0,2717.0,1967.0
CHDC,6/14/2023,904.0,904.0,860.0,870.0,-1.87,22990.0,2717.0,1967.0
CHDC,6/15/2023,855.1,872.1,854.1,869.0,-0.11,10385.0,2717.0,1967.0
CHDC,6/18/2023,853.2,895.0,853.2,884.0,1.73,30934.0,2717.0,1967.0
CHDC,6/19/2023,872.0,887.4,857.0,885.0,0.11,18101.0,2717.0,1967.0
CHDC,6/20/2023,873.0,886.0,852.5,858.0,-3.05,10241.0,2717.0,1967.0
CHDC,6/21/2023,852.0,873.0,850.0,865.0,0.82,13942.0,2717.0,1967.0
CHDC,6/22/2023,865.0,873.0,851.0,864.7,-0.03,15431.0,2717.0,1967.0
CHDC,6/25/2023,851.0,920.0,851.0,916.9,6.04,31341.0,2717.0,1967.0
CHDC,6/26/2023,905.0,929.0,905.0,919.9,0.33,17962.0,2717.0,1967.0
CHDC,6/27/2023,915.0,950.0,911.5,945.0,2.73,19484.0,2717.0,1967.0
CHDC,6/28/2023,945.0,954.0,905.0,907.0,-4.02,17447.0,2717.0,1967.0
CHDC,7/2/2023,891.0,938.4,891.0,900.1,-0.76,18483.0,2717.0,1967.0
CHDC,7/3/2023,882.1,912.0,865.0,874.0,-2.9,18156.0,2717.0,1967.0
CHDC,7/4/2023,890.0,897.0,860.0,897.0,2.63,13067.0,2717.0,1967.0
CHDC,7/5/2023,882.0,899.0,864.0,875.0,-2.45,12304.0,2717.0,1967.0
CHDC,7/6/2023,860.0,884.3,860.0,871.1,-0.45,12645.0,2717.0,1967.0
CHDC,7/9/2023,885.0,900.0,876.0,892.0,2.4,6715.0,2717.0,1967.0
CHDC,7/10/2023,876.7,905.0,876.7,896.9,0.55,10340.0,2717.0,1967.0
CHDC,7/11/2023,881.2,905.0,881.2,900.0,0.35,10135.0,2717.0,1967.0
CHDC,7/12/2023,918.0,918.0,882.0,913.0,1.44,11965.0,2717.0,1967.0
CHDC,7/13/2023,905.0,927.1,890.0,903.0,-1.1,20489.0,2717.0,1967.0
CHDC,7/16/2023,891.0,910.0,891.0,904.0,0.11,5245.0,2717.0,1967.0
CHDC,7/17/2023,904.0,928.0,894.1,928.0,2.65,8725.0,2717.0,1967.0
CHDC,7/18/2023,938.0,938.0,906.5,924.0,-0.43,15773.0,2717.0,1967.0
CHDC,7/19/2023,910.0,927.5,910.0,927.5,0.38,10450.0,2717.0,1967.0
CHDC,7/20/2023,940.0,975.0,910.0,965.0,4.04,35587.0,2717.0,1967.0
CHDC,7/23/2023,970.0,1055.0,966.0,1034.0,7.15,47868.0,2717.0,1967.0
CHDC,7/24/2023,1034.0,1049.0,990.0,1018.0,-1.55,23888.0,2717.0,1967.0
CHDC,7/25/2023,1010.0,1015.9,990.0,1000.0,-1.77,16889.0,2717.0,1967.0
CHDC,7/26/2023,986.0,1018.9,985.0,999.0,-0.1,11097.0,2717.0,1967.0
CHDC,7/27/2023,981.1,1023.0,971.3,988.0,-1.1,23216.0,2717.0,1967.0
CHDC,7/30/2023,972.1,1000.0,972.1,980.0,-0.81,16819.0,2717.0,1967.0
CHDC,7/31/2023,966.0,1015.0,966.0,995.0,1.53,18464.0,2717.0,1967.0
CHDC,8/1/2023,981.0,1005.0,981.0,988.0,-0.7,18746.0,2717.0,1967.0
CHDC,8/2/2023,971.2,1010.0,971.2,1010.0,2.23,12439.0,2717.0,1967.0
CHDC,8/3/2023,1005.0,1081.0,990.0,1075.0,6.44,52591.0,2717.0,1967.0
CHDC,8/6/2023,1075.0,1095.0,1043.1,1054.0,-1.95,27837.0,2717.0,1967.0
CHDC,8/7/2023,1036.0,1093.0,1036.0,1084.0,2.85,34013.0,2717.0,1967.0
CHDC,8/8/2023,1103.0,1103.0,1069.0,1080.0,-0.37,38318.0,2717.0,1967.0
CHDC,8/9/2023,1066.0,1096.0,1066.0,1077.6,-0.22,31484.0,2717.0,1967.0
CHDC,8/10/2023,1060.0,1085.0,1056.0,1067.0,-0.98,30290.0,2717.0,1967.0
CHDC,8/13/2023,1069.0,1070.0,1035.1,1039.0,-2.62,25663.0,2717.0,1967.0
CHDC,8/14/2023,1055.0,1065.0,1027.0,1049.7,1.03,14254.0,2717.0,1967.0
CHDC,8/15/2023,1032.0,1052.0,1027.0,1040.0,-0.92,14321.0,2717.0,1967.0
CHDC,8/16/2023,1030.0,1045.0,1019.0,1032.8,-0.69,19420.0,2717.0,1967.0
CHDC,8/17/2023,1016.0,1048.0,1015.0,1032.0,-0.08,9531.0,2717.0,1967.0
CHDC,8/20/2023,1022.0,1042.0,1015.4,1020.0,-1.16,25007.0,2717.0,1967.0
CHDC,8/21/2023,1009.0,1025.0,1009.0,1019.9,-0.01,12671.0,2717.0,1967.0
CHDC,8/22/2023,1010.0,1039.0,1003.4,1019.0,-0.09,4360.0,2717.0,1967.0
CHDC,8/23/2023,1034.9,1034.9,999.0,1032.0,1.28,8414.0,2717.0,1967.0
CHDC,8/24/2023,1020.0,1040.0,1013.0,1020.0,-1.16,8303.0,2717.0,1967.0
CHDC,8/27/2023,1005.0,1025.0,990.0,998.0,-2.16,8647.0,2717.0,1967.0
CHDC,8/28/2023,1000.0,1017.0,982.0,998.5,0.05,4956.0,2717.0,1967.0
CHDC,8/29/2023,1000.0,1015.0,993.1,1004.0,0.55,8374.0,2717.0,1967.0
CHDC,8/30/2023,1000.0,1020.0,996.0,1004.0,0.0,6886.0,2717.0,1967.0
CHDC,9/3/2023,987.0,1004.0,981.2,984.9,-1.9,5836.0,2717.0,1967.0
CHDC,9/4/2023,990.0,1004.0,965.7,980.0,-0.5,8073.0,2717.0,1967.0
CHDC,9/5/2023,963.3,1010.0,963.3,988.0,0.82,4150.0,2717.0,1967.0
CHDC,9/7/2023,980.0,980.0,969.0,974.9,-1.33,5141.0,2717.0,1967.0
CHDC,9/10/2023,994.0,994.0,962.0,973.1,-0.18,3091.0,2717.0,1967.0
CHDC,9/11/2023,965.0,998.9,965.0,996.0,2.35,5171.0,2717.0,1967.0
CHDC,9/12/2023,1015.0,1035.3,977.3,1004.0,0.8,17636.0,2717.0,1967.0
CHDC,9/13/2023,1002.0,1024.0,990.0,1024.0,1.99,7414.0,2717.0,1967.0
CHDC,9/17/2023,1004.0,1010.0,980.5,990.9,-3.23,11230.0,2717.0,1967.0
CHDC,9/18/2023,974.3,1008.0,974.0,990.0,-0.09,5780.0,2717.0,1967.0
CHDC,9/19/2023,985.0,1006.9,979.3,990.0,0.0,5582.0,2717.0,1967.0
CHDC,9/21/2023,1009.0,1060.0,996.4,1055.0,6.57,28248.0,2717.0,1967.0
CHDC,9/24/2023,1040.0,1070.0,1030.3,1034.9,-1.91,14230.0,2717.0,1967.0
CHDC,9/25/2023,1034.0,1050.0,1010.1,1017.0,-1.73,4613.0,2717.0,1967.0
CHDC,9/26/2023,1001.0,1040.4,1001.0,1040.0,2.26,7412.0,2717.0,1967.0
CHDC,9/27/2023,1052.0,1058.0,1010.0,1032.9,-0.68,7742.0,2717.0,1967.0
CHDC,10/1/2023,1012.3,1020.0,994.1,996.0,-3.57,6275.0,2717.0,1967.0
CHDC,10/2/2023,977.1,1034.0,977.1,1005.4,0.94,5625.0,2717.0,1967.0
CHDC,10/3/2023,987.0,1016.0,987.0,1000.0,-0.54,3385.0,2717.0,1967.0
CHDC,10/4/2023,1019.0,1030.0,985.0,1010.0,1.0,3811.0,2717.0,1967.0
CHDC,10/5/2023,991.0,1002.0,991.0,1002.0,-0.79,2190.0,2717.0,1967.0
CHDC,10/8/2023,987.0,1000.0,976.2,986.0,-1.6,8063.0,2717.0,1967.0
CHDC,10/9/2023,971.0,990.0,971.0,985.0,-0.1,5701.0,2717.0,1967.0
CHDC,10/10/2023,968.1,995.0,968.0,975.0,-1.02,6751.0,2717.0,1967.0
CHDC,10/11/2023,964.2,993.6,964.2,980.0,0.51,3080.0,2717.0,1967.0
CHDC,10/12/2023,971.0,989.0,955.2,960.0,-2.04,11326.0,2717.0,1967.0
CHDC,10/16/2023,955.2,956.0,935.0,940.0,-2.08,8206.0,2717.0,1967.0
CHDC,10/17/2023,933.1,967.0,930.0,950.0,1.06,3265.0,2717.0,1967.0
CHDC,10/18/2023,932.1,976.0,932.1,976.0,2.74,3565.0,2717.0,1967.0
CHDC,10/19/2023,961.0,962.8,946.1,961.5,-1.49,2981.0,2717.0,1967.0
CHDC,10/29/2023,945.0,945.1,867.0,911.0,-5.25,11440.0,2717.0,1967.0
CHDC,10/30/2023,929.0,949.0,860.0,916.6,0.61,4375.0,2717.0,1967.0
CHDC,10/31/2023,903.0,920.0,903.0,917.0,0.04,1502.0,2717.0,1967.0
CHDC,11/1/2023,902.0,920.0,901.0,912.1,-0.53,3222.0,2717.0,1967.0
CHDC,11/2/2023,905.1,912.0,901.6,911.5,-0.07,2505.0,2717.0,1967.0
CHDC,11/5/2023,894.0,900.0,870.0,895.8,-1.72,3054.0,2717.0,1967.0
CHDC,11/6/2023,880.1,907.0,880.1,899.0,0.36,1014.0,2717.0,1967.0
CHDC,11/7/2023,899.0,931.0,895.0,913.0,1.56,2140.0,2717.0,1967.0
CHDC,11/8/2023,896.0,912.2,896.0,909.9,-0.34,2500.0,2717.0,1967.0
CHDC,11/9/2023,895.0,900.0,888.0,900.0,-1.09,2920.0,2717.0,1967.0
CHDC,11/20/2023,910.0,916.0,883.5,898.9,-0.12,1505.0,2717.0,1967.0
CHDC,11/21/2023,885.9,890.9,873.2,890.9,-0.89,4707.0,2717.0,1967.0
CHDC,11/22/2023,877.0,898.0,876.0,893.0,0.24,3580.0,2717.0,1967.0
CHDC,11/23/2023,909.7,909.7,876.0,890.0,-0.34,5387.0,2717.0,1967.0
CHDC,11/26/2023,907.0,918.0,891.0,901.6,1.3,4935.0,2717.0,1967.0
CHDC,11/27/2023,890.0,938.0,890.0,936.0,3.82,7568.0,2717.0,1967.0
CHDC,11/28/2023,917.3,937.9,908.0,937.0,0.11,2559.0,2717.0,1967.0
CHDC,11/29/2023,919.4,939.5,918.9,934.8,-0.23,3346.0,2717.0,1967.0
CHDC,11/30/2023,934.0,934.0,902.0,915.0,-2.12,5052.0,2717.0,1967.0
CHDC,12/3/2023,899.0,919.9,887.0,915.0,0.0,4772.0,2717.0,1967.0
CHDC,12/4/2023,897.0,910.0,895.0,900.9,-1.54,3472.0,2717.0,1967.0
CHDC,12/5/2023,885.1,914.8,880.0,889.0,-1.32,4961.0,2717.0,1967.0
CHDC,12/6/2023,876.0,897.9,876.0,895.9,0.78,9297.0,2717.0,1967.0
CHDC,12/7/2023,912.9,912.9,878.1,900.0,0.46,1555.0,2717.0,1967.0
CHDC,12/10/2023,918.0,955.0,918.0,950.0,5.56,340.0,2717.0,1967.0
CHDC,12/11/2023,950.0,965.0,912.0,923.0,-2.84,14009.0,2717.0,1967.0
CHDC,12/12/2023,916.2,939.0,914.0,927.0,0.43,15171.0,2717.0,1967.0
CHDC,12/13/2023,939.0,939.0,910.1,924.0,-0.32,12295.0,2717.0,1967.0
CHDC,12/14/2023,910.1,938.4,903.6,937.9,1.5,14823.0,2717.0,1967.0
CHDC,12/17/2023,924.5,948.0,907.1,943.9,0.64,16448.0,2717.0,1967.0
CHDC,12/18/2023,943.9,995.0,943.9,975.0,3.29,28885.0,2717.0,1967.0
CHDC,12/19/2023,956.0,1009.0,956.0,991.0,1.64,9819.0,2717.0,1967.0
CHDC,12/20/2023,978.0,1005.0,965.0,998.0,0.71,23239.0,2717.0,1967.0
CHDC,12/21/2023,980.1,1010.0,951.1,970.0,-2.81,16851.0,2717.0,1967.0
CHDC,12/24/2023,951.0,995.0,937.0,978.0,0.82,20743.0,2717.0,1967.0
CHDC,12/27/2023,978.0,978.0,950.0,968.9,-0.93,11992.0,2717.0,1967.0
CHDC,12/28/2023,960.1,978.0,950.0,950.0,-1.95,19256.0,2717.0,1967.0
CHDC,1/1/2024,969.0,1045.0,956.5,1045.0,10.0,75525.0,2717.0,1967.0
CHDC,1/2/2024,1045.0,1105.0,1045.0,1053.0,0.77,49088.0,2717.0,1967.0
CHDC,1/3/2024,1033.1,1106.0,1033.1,1082.2,2.77,35239.0,2717.0,1967.0
CHDC,1/4/2024,1075.0,1139.0,1075.0,1130.0,4.42,57863.0,2717.0,1967.0
CHDC,1/7/2024,1151.0,1169.9,1098.2,1130.0,0.0,42439.0,2717.0,1967.0
CHDC,1/8/2024,1130.0,1171.0,1126.0,1169.0,3.45,42505.0,2717.0,1967.0
CHDC,1/9/2024,1151.0,1217.2,1080.0,1100.0,-5.9,69799.0,2717.0,1967.0
CHDC,1/10/2024,1122.0,1122.0,1070.0,1078.0,-2.0,24461.0,2717.0,1967.0
CHDC,1/11/2024,1099.5,1118.9,1041.0,1073.0,-0.46,20671.0,2717.0,1967.0
CHDC,1/14/2024,1094.0,1119.9,1062.2,1119.9,4.37,25560.0,2717.0,1967.0
CHDC,1/16/2024,1100.1,1139.0,1098.0,1109.0,-0.97,22090.0,2717.0,1967.0
CHDC,1/17/2024,1090.0,1100.0,1052.0,1052.0,-5.14,43602.0,2717.0,1967.0
CHDC,1/18/2024,1050.69,1155.6,1042.0,1155.6,9.85,32786.0,2717.0,1967.0
CHDC,1/21/2024,1132.5,1132.5,1060.0,1060.0,-8.27,33497.0,2717.0,1967.0
CHDC,1/22/2024,1047.0,1072.0,1018.0,1039.5,-1.93,19203.0,2717.0,1967.0
CHDC,1/23/2024,1021.5,1038.9,1003.1,1020.0,-1.88,15621.0,2717.0,1967.0
CHDC,1/24/2024,1008.0,1030.0,1000.0,1020.0,0.0,14575.0,2717.0,1967.0
CHDC,1/25/2024,1000.0,1021.0,985.0,1001.1,-1.85,10947.0,2717.0,1967.0
CHDC,1/28/2024,1002.0,1016.0,995.0,1015.0,1.39,5529.0,2717.0,1967.0
CHDC,1/29/2024,1000.0,1014.0,995.0,1000.0,-1.48,21981.0,2717.0,1967.0
CHDC,1/30/2024,982.5,1010.0,982.5,1000.0,0.0,13168.0,2717.0,1967.0
CHDC,1/31/2024,998.0,1000.0,970.0,988.0,-1.2,8916.0,2717.0,1967.0
CHDC,2/1/2024,985.0,985.0,950.0,955.0,-3.34,14390.0,2717.0,1967.0
CHDC,2/4/2024,940.0,982.2,940.0,970.0,1.57,7803.0,2717.0,1967.0
CHDC,2/5/2024,955.7,970.5,950.6,950.6,-2.0,4609.0,2717.0,1967.0
CHDC,2/6/2024,936.0,970.0,933.0,957.2,0.69,4953.0,2717.0,1967.0
CHDC,2/7/2024,976.0,985.0,961.0,979.0,2.28,6509.0,2717.0,1967.0
CHDC,2/8/2024,980.0,998.0,970.0,993.0,1.43,3387.0,2717.0,1967.0
CHDC,2/11/2024,1012.8,1012.8,970.0,976.9,-1.62,5813.0,2717.0,1967.0
CHDC,2/12/2024,959.0,988.9,959.0,988.9,1.23,3724.0,2717.0,1967.0
CHDC,2/13/2024,970.0,985.0,955.0,957.5,-3.18,10522.0,2717.0,1967.0
CHDC,2/14/2024,956.3,1033.0,956.0,976.1,1.94,9577.0,2717.0,1967.0
CHDC,2/15/2024,971.0,1015.0,971.0,985.8,0.99,7755.0,2717.0,1967.0
CHDC,2/18/2024,985.0,1017.9,975.1,996.0,1.03,15430.0,2717.0,1967.0
CHDC,2/20/2024,999.0,1034.9,999.0,1020.0,2.41,22599.0,2717.0,1967.0
CHDC,2/21/2024,1005.0,1045.0,1001.1,1008.0,-1.18,7947.0,2717.0,1967.0
CHDC,2/22/2024,988.0,1015.0,973.9,975.5,-3.22,7753.0,2717.0,1967.0
CHDC,2/25/2024,966.1,971.0,945.0,945.0,-3.13,9135.0,2717.0,1967.0
CHDC,2/26/2024,959.0,1029.0,940.1,969.9,2.63,5606.0,2717.0,1967.0
CHDC,2/27/2024,951.0,979.0,951.0,979.0,0.94,3404.0,2717.0,1967.0
CHDC,2/28/2024,961.0,985.0,961.0,974.9,-0.42,3534.0,2717.0,1967.0
CHDC,2/29/2024,990.0,990.0,936.0,958.0,-1.73,8446.0,2717.0,1967.0
CHDC,3/3/2024,943.0,962.0,939.0,942.2,-1.65,5035.0,2717.0,1967.0
CHDC,3/4/2024,961.0,990.0,961.0,990.0,5.07,1379.0,2717.0,1967.0
CHDC,3/5/2024,971.3,986.0,950.5,955.9,-3.44,8553.0,2717.0,1967.0
CHDC,3/6/2024,953.0,980.0,938.0,958.0,0.22,5848.0,2717.0,1967.0
CHDC,3/7/2024,954.0,977.9,950.2,950.2,-0.81,5739.0,2717.0,1967.0
CHDC,3/10/2024,955.0,973.0,955.0,961.5,1.19,4262.0,2717.0,1967.0
CHDC,3/12/2024,979.8,979.9,952.0,970.0,0.88,6363.0,2717.0,1967.0
CHDC,3/13/2024,972.0,978.7,962.0,974.0,0.41,3960.0,2717.0,1967.0
CHDC,3/14/2024,961.0,977.9,961.0,971.0,-0.31,4607.0,2717.0,1967.0
CHDC,3/17/2024,961.0,971.0,950.0,950.6,-2.1,6983.0,2717.0,1967.0
CHDC,3/18/2024,945.1,960.0,945.1,951.2,0.06,3200.0,2717.0,1967.0
CHDC,3/19/2024,945.1,960.0,941.1,942.0,-0.97,5392.0,2717.0,1967.0
CHDC,3/20/2024,942.0,963.9,936.2,954.9,1.37,4795.0,2717.0,1967.0
CHDC,3/21/2024,941.0,960.0,936.5,940.0,-1.56,8398.0,2717.0,1967.0
CHDC,3/25/2024,940.0,947.0,927.0,938.0,-0.21,2415.0,2717.0,1967.0
CHDC,3/26/2024,930.0,947.7,930.0,936.0,-0.21,7824.0,2717.0,1967.0
CHDC,3/27/2024,950.0,950.0,910.1,920.0,-1.71,7196.0,2717.0,1967.0
CHDC,3/28/2024,911.6,938.0,900.1,938.0,1.96,10713.0,2717.0,1967.0
CHDC,3/31/2024,948.0,948.0,907.0,907.0,-3.3,5211.0,2717.0,1967.0
CHDC,4/1/2024,894.0,919.0,894.0,912.0,0.55,5123.0,2717.0,1967.0
CHDC,4/2/2024,902.5,924.0,897.1,907.0,-0.55,4160.0,2717.0,1967.0
CHDC,4/3/2024,888.9,910.0,878.0,888.0,-2.09,9795.0,2717.0,1967.0
CHDC,4/4/2024,882.0,890.0,870.3,871.1,-1.9,7101.0,2717.0,1967.0
CHDC,4/7/2024,870.0,924.0,870.0,890.0,2.17,3984.0,2717.0,1967.0
CHDC,4/9/2024,880.0,909.9,880.0,889.0,-0.11,5109.0,2717.0,1967.0
CHDC,4/10/2024,872.0,890.0,872.0,873.0,-1.8,4198.0,2717.0,1967.0
CHDC,4/14/2024,873.0,873.0,837.6,843.0,-3.44,11451.0,2717.0,1967.0
CHDC,4/15/2024,828.0,850.0,810.1,812.0,-3.68,13363.0,2717.0,1967.0
CHDC,4/16/2024,826.5,826.5,796.4,804.9,-0.87,3522.0,2717.0,1967.0
CHDC,4/18/2024,790.0,800.0,790.0,796.0,-1.11,3925.0,2717.0,1967.0
CHDC,4/21/2024,783.0,798.6,765.1,798.0,0.25,11544.0,2717.0,1967.0
CHDC,4/22/2024,795.0,795.0,770.0,777.1,-2.62,5932.0,2717.0,1967.0
CHDC,4/24/2024,792.0,807.8,770.0,770.1,-0.9,16860.0,2717.0,1967.0
CHDC,4/25/2024,770.1,786.0,769.3,774.0,0.51,10298.0,2717.0,1967.0
CHDC,4/28/2024,770.0,795.0,770.0,789.0,1.94,5940.0,2717.0,1967.0
CHDC,4/29/2024,804.7,814.4,789.0,810.0,2.66,14981.0,2717.0,1967.0
CHDC,4/30/2024,820.0,820.0,805.2,810.0,0.0,17506.0,2717.0,1967.0
CHDC,5/2/2024,744.3,753.0,716.0,749.0,-7.53,6969.0,2717.0,1967.0
CHDC,5/5/2024,754.8,754.8,719.0,720.0,-3.87,8783.0,2717.0,1967.0
CHDC,5/6/2024,734.0,734.0,700.0,705.0,-2.08,5845.0,2717.0,1967.0
CHDC,5/7/2024,695.0,704.0,695.0,696.0,-1.28,4262.0,2717.0,1967.0
CHDC,5/8/2024,709.9,709.9,670.0,677.0,-2.73,8106.0,2717.0,1967.0
CHDC,5/9/2024,670.0,685.0,670.0,673.1,-0.58,10509.0,2717.0,1967.0
CHDC,5/12/2024,674.0,696.9,673.0,693.0,2.96,14727.0,2717.0,1967.0
CHDC,5/13/2024,680.0,756.8,627.0,746.0,7.65,424897.0,2717.0,1967.0
CHDC,5/14/2024,746.0,806.0,732.0,770.0,3.22,206064.0,2717.0,1967.0
CHDC,5/15/2024,780.0,780.0,735.0,739.0,-4.03,88108.0,2717.0,1967.0
CHDC,5/16/2024,739.0,811.0,716.1,810.0,9.61,568012.0,2717.0,1967.0
CHDC,5/19/2024,810.0,850.0,806.0,836.3,3.25,178284.0,2717.0,1967.0
CHDC,5/20/2024,849.0,849.0,812.6,827.0,-1.11,229490.0,2717.0,1967.0
CHDC,5/21/2024,842.0,875.0,816.5,869.0,5.08,153240.0,2717.0,1967.0
CHDC,5/22/2024,853.0,886.0,850.0,859.0,-1.15,201809.0,2717.0,1967.0
CHDC,5/26/2024,850.0,865.0,831.0,834.0,-2.91,181021.0,2717.0,1967.0
CHDC,5/27/2024,830.0,890.0,830.0,873.0,4.68,216105.0,2717.0,1967.0
CHDC,5/29/2024,890.0,920.0,873.0,910.0,4.24,214253.0,2717.0,1967.0
CHDC,5/30/2024,922.9,925.0,900.0,900.5,-1.04,132089.0,2717.0,1967.0
CHDC,6/2/2024,883.1,910.0,883.1,891.0,-1.05,119476.0,2717.0,1967.0
CHDC,6/3/2024,900.0,905.0,875.0,878.0,-1.46,107821.0,2717.0,1967.0
CHDC,6/4/2024,875.0,929.0,863.0,919.0,4.67,230300.0,2717.0,1967.0
CHDC,6/5/2024,900.7,983.0,900.7,958.0,4.24,193029.0,2717.0,1967.0
CHDC,6/6/2024,939.0,999.0,939.0,980.0,2.3,146929.0,2717.0,1967.0
CHDC,6/9/2024,980.0,1016.0,970.0,997.0,1.73,211729.0,2717.0,1967.0
CHDC,6/10/2024,1005.0,1016.0,977.3,995.0,-0.2,135849.0,2717.0,1967.0
CHDC,6/11/2024,1010.0,1010.0,986.7,990.0,-0.5,72296.0,2717.0,1967.0
CHDC,6/12/2024,999.0,1053.9,981.1,1048.0,5.86,240712.0,2717.0,1967.0
CHDC,6/13/2024,1055.0,1083.0,1047.0,1052.0,0.38,121505.0,2717.0,1967.0
CHDC,6/16/2024,1060.0,1061.8,1025.0,1038.0,-1.33,127119.0,2717.0,1967.0
CHDC,6/18/2024,1055.0,1055.0,1018.0,1030.0,-0.77,107571.0,2717.0,1967.0
CHDC,6/19/2024,1049.0,1071.0,1025.0,1026.0,-0.39,75116.0,2717.0,1967.0
CHDC,6/20/2024,1034.0,1035.0,1009.0,1022.0,-0.39,98380.0,2717.0,1967.0
CHDC,6/23/2024,1040.0,1042.0,1020.0,1026.0,0.39,42459.0,2717.0,1967.0
CHDC,6/24/2024,1008.1,1050.0,1008.1,1027.0,0.1,91543.0,2717.0,1967.0
CHDC,6/25/2024,1045.0,1045.0,1020.0,1024.0,-0.29,41176.0,2717.0,1967.0
CHDC,6/26/2024,1038.9,1038.9,1003.0,1012.0,-1.17,67472.0,2717.0,1967.0
CHDC,6/27/2024,1032.0,1032.0,987.9,1000.9,-1.1,70633.0,2717.0,1967.0
CHDC,6/30/2024,1000.0,1019.0,985.1,986.0,-1.49,51859.0,2717.0,1967.0
CHDC,7/1/2024,980.1,1000.0,976.1,998.0,1.22,54763.0,2717.0,1967.0
CHDC,7/2/2024,1017.9,1058.0,1000.0,1010.0,1.2,62103.0,2717.0,1967.0
CHDC,7/3/2024,1025.1,1025.1,993.0,1005.0,-0.5,36577.0,2717.0,1967.0
CHDC,7/4/2024,1020.0,1040.0,986.0,1025.0,1.99,94470.0,2717.0,1967.0
CHDC,7/7/2024,1016.0,1079.0,1016.0,1078.8,5.25,131227.0,2717.0,1967.0
CHDC,7/8/2024,1098.0,1098.0,1063.0,1075.0,-0.35,89836.0,2717.0,1967.0
CHDC,7/9/2024,1064.0,1108.9,1064.0,1100.0,2.33,87520.0,2717.0,1967.0
CHDC,7/10/2024,1091.0,1129.0,1091.0,1116.0,1.45,81619.0,2717.0,1967.0
CHDC,7/11/2024,1134.0,1159.0,1118.0,1142.0,2.33,134087.0,2717.0,1967.0
CHDC,7/14/2024,1164.8,1190.0,1145.0,1171.0,2.54,114036.0,2717.0,1967.0
CHDC,7/15/2024,1147.6,1195.0,1147.6,1159.0,-1.02,141889.0,2717.0,1967.0
CHDC,7/16/2024,1182.0,1205.0,1150.0,1196.0,3.19,114727.0,2717.0,1967.0
CHDC,7/17/2024,1214.8,1314.0,1213.0,1314.0,9.87,154830.0,2717.0,1967.0
CHDC,7/18/2024,1314.0,1394.9,1291.0,1331.0,1.29,160642.0,2717.0,1967.0
CHDC,7/21/2024,1355.0,1370.0,1334.0,1343.0,0.9,198639.0,2717.0,1967.0
CHDC,7/22/2024,1343.0,1423.0,1325.0,1391.0,3.57,186230.0,2717.0,1967.0
CHDC,7/23/2024,1410.0,1440.0,1387.0,1406.1,1.09,109258.0,2717.0,1967.0
CHDC,7/24/2024,1420.0,1420.0,1357.0,1372.0,-2.43,104414.0,2717.0,1967.0
CHDC,7/25/2024,1350.0,1379.0,1350.0,1358.0,-1.02,111577.0,2717.0,1967.0
CHDC,7/28/2024,1385.0,1452.4,1362.0,1438.0,5.89,183926.0,2717.0,1967.0
CHDC,7/29/2024,1466.7,1515.0,1422.0,1499.8,4.3,228981.0,2717.0,1967.0
CHDC,7/30/2024,1529.7,1649.7,1496.1,1649.7,9.99,172830.0,2717.0,1967.0
CHDC,7/31/2024,1682.6,1814.0,1682.6,1768.0,7.17,156771.0,2717.0,1967.0
CHDC,8/1/2024,1803.3,1803.3,1702.0,1771.0,0.17,240891.0,2717.0,1967.0
CHDC,8/5/2024,1806.0,1948.1,1806.0,1948.1,10.0,176877.0,2717.0,1967.0
CHDC,8/6/2024,1950.0,2050.0,1816.0,1820.0,-6.58,226646.0,2717.0,1967.0
CHDC,8/7/2024,1820.0,1920.0,1805.0,1895.0,4.12,185752.0,2717.0,1967.0
CHDC,8/8/2024,1914.1,1939.9,1825.1,1834.0,-3.22,121858.0,2717.0,1967.0
CHDC,8/11/2024,1858.0,1892.0,1825.0,1855.0,1.15,77166.0,2717.0,1967.0
CHDC,8/12/2024,1855.0,1885.1,1782.0,1799.0,-3.02,119152.0,2717.0,1967.0
CHDC,8/13/2024,1834.0,1906.0,1708.0,1814.0,0.83,138497.0,2717.0,1967.0
CHDC,8/14/2024,1808.0,1825.0,1760.0,1797.0,-0.94,76819.0,2717.0,1967.0
CHDC,8/15/2024,1815.0,1851.0,1758.1,1780.0,-0.95,79371.0,2717.0,1967.0
CHDC,8/18/2024,1777.0,1780.0,1701.0,1714.9,-3.66,94424.0,2717.0,1967.0
CHDC,8/21/2024,1714.0,1885.0,1690.0,1879.9,9.62,201018.0,2717.0,1967.0
CHDC,8/22/2024,1917.0,1973.0,1880.0,1897.0,0.91,132147.0,2717.0,1967.0
CHDC,8/25/2024,1934.9,1934.9,1805.0,1822.8,-3.91,99546.0,2717.0,1967.0
CHDC,8/27/2024,1859.2,1860.0,1790.0,1795.0,-1.53,74707.0,2717.0,1967.0
CHDC,8/28/2024,1830.0,1900.0,1770.0,1789.0,-0.33,55158.0,2717.0,1967.0
CHDC,8/29/2024,1824.7,1824.7,1755.0,1770.0,-1.06,106537.0,2717.0,1967.0
CHDC,9/1/2024,1805.4,1805.4,1750.0,1785.0,0.85,73600.0,2717.0,1967.0
CHDC,9/2/2024,1775.1,1890.0,1775.1,1890.0,5.88,124120.0,2717.0,1967.0
CHDC,9/3/2024,1895.0,1925.0,1865.0,1873.0,-0.9,96723.0,2717.0,1967.0
CHDC,9/4/2024,1875.0,1912.0,1825.0,1840.0,-1.76,107183.0,2717.0,1967.0
CHDC,9/5/2024,1870.0,1880.0,1826.0,1855.0,0.82,89526.0,2717.0,1967.0
CHDC,9/8/2024,1892.1,2014.0,1859.0,1963.0,5.82,216252.0,2717.0,1967.0
CHDC,9/9/2024,1963.0,2115.0,1963.0,2085.0,6.21,179524.0,2717.0,1967.0
CHDC,9/10/2024,2085.0,2172.0,2050.0,2130.0,2.16,95044.0,2717.0,1967.0
CHDC,9/11/2024,2130.0,2285.0,2100.0,2254.0,5.82,157228.0,2717.0,1967.0
CHDC,9/12/2024,2299.0,2370.0,2185.0,2240.0,-0.62,209909.0,2717.0,1967.0
CHDC,9/15/2024,2196.0,2196.0,2020.0,2035.0,-9.15,305243.0,2717.0,1967.0
CHDC,9/16/2024,2000.0,2120.0,1945.0,1951.0,-4.13,156483.0,2717.0,1967.0
CHDC,9/18/2024,1950.0,2006.9,1911.0,1999.0,2.46,104688.0,2717.0,1967.0
CHDC,9/22/2024,2000.0,2120.0,2000.0,2031.0,1.6,136660.0,2717.0,1967.0
CHDC,9/23/2024,1866.3,1879.0,1799.0,1808.0,-10.98,72891.0,2717.0,1967.0
CHDC,9/24/2024,1844.1,1844.1,1670.0,1684.0,-6.86,67029.0,2717.0,1967.0
CHDC,9/25/2024,1717.6,1717.6,1645.0,1659.0,-1.48,78110.0,2717.0,1967.0
CHDC,9/26/2024,1692.1,1692.1,1580.0,1580.0,-4.76,88014.0,2717.0,1967.0
CHDC,9/29/2024,1611.6,1611.6,1546.0,1570.0,-0.63,96129.0,2717.0,1967.0
CHDC,9/30/2024,1538.6,1727.0,1538.6,1727.0,10.0,106383.0,2717.0,1967.0
CHDC,10/1/2024,1761.5,1828.0,1761.0,1804.8,4.5,109230.0,2717.0,1967.0
CHDC,10/2/2024,1840.1,1840.1,1739.5,1758.9,-2.54,74936.0,2717.0,1967.0
CHDC,10/6/2024,1723.9,1791.0,1720.0,1784.0,1.43,60813.0,2717.0,1967.0
CHDC,10/7/2024,1804.0,1889.0,1785.0,1788.0,0.22,85716.0,2717.0,1967.0
CHDC,10/8/2024,1819.9,1819.9,1757.0,1757.0,-1.73,30658.0,2717.0,1967.0
CHDC,10/9/2024,1790.0,1790.0,1725.0,1745.0,-0.68,30911.0,2717.0,1967.0
CHDC,10/15/2024,1779.0,1805.0,1746.0,1799.9,3.15,56211.0,2717.0,1967.0
CHDC,10/16/2024,1835.0,1835.0,1775.1,1790.0,-0.55,46235.0,2717.0,1967.0
CHDC,10/17/2024,1820.0,1820.0,1770.0,1789.9,-0.01,43571.0,2717.0,1967.0
CHDC,10/20/2024,1790.0,1790.0,1735.0,1744.9,-2.51,45938.0,2717.0,1967.0
CHDC,10/21/2024,1779.0,1794.0,1697.0,1711.0,-1.94,40826.0,2717.0,1967.0
CHDC,10/22/2024,1720.0,1745.0,1693.0,1719.9,0.52,30854.0,2717.0,1967.0
CHDC,10/23/2024,1695.0,1754.2,1678.0,1684.0,-2.09,33533.0,2717.0,1967.0
CHDC,10/24/2024,1700.0,1700.0,1655.3,1673.0,-0.65,40294.0,2717.0,1967.0
CHDC,10/27/2024,1700.0,1762.0,1687.0,1734.9,3.7,109406.0,2717.0,1967.0
CHDC,10/28/2024,1740.0,1768.0,1701.4,1718.5,-0.95,35192.0,2717.0,1967.0
CHDC,10/29/2024,1752.8,1787.0,1720.0,1728.8,0.6,60934.0,2717.0,1967.0
CHDC,10/30/2024,1740.0,1740.0,1686.1,1692.0,-2.13,200781.0,2717.0,1967.0
CHDC,11/5/2024,1699.8,1723.9,1667.0,1670.0,-1.3,26575.0,2717.0,1967.0
CHDC,11/6/2024,1703.4,1703.4,1660.0,1669.0,-0.06,19128.0,2717.0,1967.0
CHDC,11/10/2024,1690.0,1700.0,1660.0,1673.1,0.25,44926.0,2717.0,1967.0
CHDC,11/11/2024,1705.0,1740.0,1687.0,1727.0,3.22,47626.0,2717.0,1967.0
CHDC,11/12/2024,1710.0,1753.3,1680.0,1694.0,-1.91,41679.0,2717.0,1967.0
CHDC,11/13/2024,1661.1,1694.3,1661.1,1672.2,-1.29,26329.0,2717.0,1967.0
CHDC,11/14/2024,1705.0,1705.0,1660.0,1665.0,-0.43,61100.0,2717.0,1967.0
CHDC,11/17/2024,1670.0,1690.0,1645.0,1647.1,-1.08,36712.0,2717.0,1967.0
CHDC,11/19/2024,1640.0,1659.0,1613.1,1618.0,-1.77,40889.0,2717.0,1967.0
CHDC,11/20/2024,1648.0,1648.0,1599.0,1623.9,0.36,18725.0,2717.0,1967.0
CHDC,11/21/2024,1605.0,1718.0,1605.0,1625.0,0.07,23926.0,2717.0,1967.0
CHDC,11/24/2024,1605.0,1677.0,1605.0,1620.0,-0.31,55316.0,2717.0,1967.0
CHDC,11/25/2024,1615.0,1685.0,1605.0,1647.0,1.67,31385.0,2717.0,1967.0
CHDC,11/26/2024,1679.0,1712.0,1654.0,1683.0,2.19,30302.0,2717.0,1967.0
CHDC,11/27/2024,1660.0,1745.0,1660.0,1716.0,1.96,59606.0,2717.0,1967.0
CHDC,11/28/2024,1686.0,1750.0,1686.0,1691.4,-1.43,46512.0,2717.0,1967.0
CHDC,12/1/2024,1685.0,1694.9,1657.6,1670.0,-1.27,46714.0,2717.0,1967.0
CHDC,12/2/2024,1670.1,1700.0,1661.0,1661.0,-0.54,27833.0,2717.0,1967.0
CHDC,12/3/2024,1650.0,1693.0,1635.1,1660.0,-0.06,22819.0,2717.0,1967.0
CHDC,12/4/2024,1680.0,1725.0,1650.0,1685.0,1.51,38680.0,2717.0,1967.0
CHDC,12/5/2024,1698.0,1727.0,1690.0,1710.0,1.48,71500.0,2717.0,1967.0
CHDC,12/8/2024,1710.0,1725.0,1669.0,1676.0,-1.99,37353.0,2717.0,1967.0
CHDC,12/9/2024,1709.0,1709.5,1661.0,1661.0,-0.89,31022.0,2717.0,1967.0
CHDC,12/10/2024,1650.0,1683.0,1650.0,1659.0,-0.12,12758.0,2717.0,1967.0
CHDC,12/11/2024,1689.9,1689.9,1635.0,1673.0,0.84,25337.0,2717.0,1967.0
CHDC,12/12/2024,1706.4,1706.4,1630.0,1644.0,-1.73,28083.0,2717.0,1967.0
CHDC,12/16/2024,1671.0,1709.0,1603.0,1621.9,-1.34,27711.0,2717.0,1967.0
CHDC,12/17/2024,1640.0,1640.0,1610.0,1627.5,0.35,9001.0,2717.0,1967.0
CHDC,12/18/2024,1601.0,1644.0,1601.0,1620.0,-0.46,22626.0,2717.0,1967.0
CHDC,12/19/2024,1604.0,1620.0,1581.7,1585.0,-2.16,34693.0,2717.0,1967.0
CHDC,12/22/2024,1570.0,1613.0,1560.0,1574.0,-0.69,22694.0,2717.0,1967.0
CHDC,12/23/2024,1599.0,1599.0,1545.3,1573.5,-0.03,13602.0,2717.0,1967.0
CHDC,12/24/2024,1579.0,1595.0,1566.0,1583.0,0.6,21680.0,2717.0,1967.0
CHDC,12/26/2024,1583.0,1583.0,1560.0,1564.9,-1.14,12743.0,2717.0,1967.0
CHDC,12/29/2024,1551.0,1640.0,1551.0,1570.1,0.33,40457.0,2717.0,1967.0
CHDC,12/31/2024,1600.0,1600.0,1550.0,1578.0,0.5,30822.0,2717.0,1967.0
CHDC,1/1/2025,1600.0,1600.0,1568.0,1580.0,0.13,35709.0,2717.0,1967.0
CHDC,1/2/2025,1550.2,1581.0,1550.2,1579.0,-0.06,21127.0,2717.0,1967.0
CHDC,1/5/2025,1607.0,1607.0,1560.0,1580.0,0.06,17297.0,2717.0,1967.0
CHDC,1/6/2025,1599.0,1643.0,1573.0,1639.0,3.73,38290.0,2717.0,1967.0
CHDC,1/7/2025,1671.7,1671.7,1620.0,1643.0,0.24,17593.0,2717.0,1967.0
CHDC,1/8/2025,1675.7,1675.7,1610.0,1619.0,-1.46,16734.0,2717.0,1967.0
CHDC,1/9/2025,1651.3,1651.3,1595.0,1600.0,-1.17,18286.0,2717.0,1967.0
CHDC,1/12/2025,1600.0,1609.0,1581.1,1594.0,-0.38,13590.0,2717.0,1967.0
CHDC,1/13/2025,1570.0,1678.0,1570.0,1629.0,2.2,57993.0,2717.0,1967.0
CHDC,1/15/2025,1655.0,1694.0,1645.0,1677.8,3.0,48163.0,2717.0,1967.0
CHDC,1/16/2025,1645.0,1719.9,1645.0,1650.0,-1.66,22170.0,2717.0,1967.0
CHDC,1/19/2025,1680.0,1713.0,1621.0,1630.0,-1.21,32787.0,2717.0,1967.0
CHDC,1/20/2025,1650.0,1669.2,1625.0,1660.0,1.84,33152.0,2717.0,1967.0
CHDC,1/21/2025,1679.8,1795.0,1648.0,1775.0,6.93,137085.0,2717.0,1967.0
CHDC,1/22/2025,1810.5,1864.0,1785.0,1851.0,4.28,159609.0,2717.0,1967.0
CHDC,1/23/2025,1851.0,1880.0,1813.0,1826.0,-1.35,81576.0,2717.0,1967.0
CHDC,1/26/2025,1830.0,1868.8,1806.1,1810.0,-0.88,139197.0,2717.0,1967.0
CHDC,1/27/2025,1840.0,1840.0,1761.0,1766.0,-2.43,99093.0,2717.0,1967.0
CHDC,1/28/2025,1799.0,1846.0,1765.0,1831.0,3.68,63985.0,2717.0,1967.0
CHDC,2/2/2025,1864.0,1980.0,1858.0,1974.0,7.81,132056.0,2717.0,1967.0
CHDC,2/3/2025,2000.0,2009.0,1938.0,1970.0,-0.2,89408.0,2717.0,1967.0
CHDC,2/4/2025,1980.0,1995.0,1930.0,1931.3,-1.96,58542.0,2717.0,1967.0
CHDC,2/5/2025,1947.9,1970.0,1922.0,1935.0,0.19,70660.0,2717.0,1967.0
CHDC,2/6/2025,1972.0,1972.0,1920.0,1940.0,0.26,42377.0,2717.0,1967.0
CHDC,2/9/2025,1943.0,2039.0,1921.0,2025.8,4.42,153093.0,2717.0,1967.0
CHDC,2/10/2025,2000.0,2074.0,2000.0,2040.0,0.7,75101.0,2717.0,1967.0
CHDC,2/11/2025,2080.0,2129.0,2040.1,2115.0,3.68,176704.0,2717.0,1967.0
CHDC,2/12/2025,2100.0,2239.9,2088.7,2238.0,5.82,173011.0,2717.0,1967.0
CHDC,2/13/2025,2282.7,2282.7,2175.0,2175.0,-2.82,122315.0,2717.0,1967.0
CHDC,2/16/2025,2132.0,2232.0,2132.0,2224.0,2.25,141919.0,2717.0,1967.0
CHDC,2/17/2025,2268.0,2268.0,2180.0,2194.0,-1.35,124134.0,2717.0,1967.0
CHDC,2/18/2025,2175.0,2274.9,2175.0,2249.9,2.55,90782.0,2717.0,1967.0
CHDC,2/20/2025,2206.0,2365.0,2206.0,2330.1,3.56,158645.0,2717.0,1967.0
CHDC,2/23/2025,2283.5,2390.0,2283.5,2385.0,2.36,154414.0,2717.0,1967.0
CHDC,2/24/2025,2338.0,2420.0,2310.0,2311.2,-3.09,133296.0,2717.0,1967.0
CHDC,2/25/2025,2340.0,2340.0,2250.1,2250.1,-2.64,107610.0,2717.0,1967.0
CHDC,2/27/2025,2250.0,2375.0,2250.0,2337.0,3.86,87071.0,2717.0,1967.0
CHDC,3/2/2025,2291.0,2451.0,2291.0,2428.9,3.93,100909.0,2717.0,1967.0
CHDC,3/3/2025,2428.9,2477.4,2390.0,2420.0,-0.37,80485.0,2717.0,1967.0
CHDC,3/4/2025,2381.0,2428.0,2365.0,2385.0,-1.45,87124.0,2717.0,1967.0
CHDC,3/5/2025,2358.0,2400.0,2342.1,2350.0,-1.47,67462.0,2717.0,1967.0
CHDC,3/6/2025,2350.0,2402.0,2329.0,2397.0,2.0,101145.0,2717.0,1967.0
CHDC,3/9/2025,2349.1,2400.0,2330.0,2344.0,-2.21,129511.0,2717.0,1967.0
CHDC,3/10/2025,2344.0,2389.0,2311.0,2330.0,-0.6,75612.0,2717.0,1967.0
CHDC,3/11/2025,2330.0,2349.0,2211.0,2224.0,-4.55,81978.0,2717.0,1967.0
CHDC,3/12/2025,2224.0,2307.0,2217.0,2290.0,2.97,79876.0,2717.0,1967.0
CHDC,3/16/2025,2252.0,2329.9,2209.0,2221.2,-3.0,47312.0,2717.0,1967.0
CHDC,3/17/2025,2182.2,2249.8,2182.2,2244.9,1.07,81419.0,2717.0,1967.0
CHDC,3/18/2025,2201.0,2280.0,2201.0,2269.9,1.11,58033.0,2717.0,1967.0
CHDC,3/19/2025,2289.8,2315.0,2265.0,2299.9,1.32,57148.0,2717.0,1967.0
CHDC,3/20/2025,2301.0,2301.0,2245.1,2253.79,-2.0,53901.0,2717.0,1967.0
CHDC,3/23/2025,2253.79,2253.79,2153.0,2175.07,-3.49,65221.0,2717.0,1967.0
CHDC,3/24/2025,2131.6,2225.0,2131.6,2199.43,1.12,69744.0,2717.0,1967.0
CHDC,3/25/2025,2195.0,2195.0,2118.0,2122.97,-3.48,64386.0,2717.0,1967.0
CHDC,3/26/2025,2110.0,2190.0,2110.0,2168.2,2.13,40565.0,2717.0,1967.0
CHDC,3/27/2025,2198.0,2289.0,2165.2,2274.18,4.89,91438.0,2717.0,1967.0
CHDC,3/30/2025,2300.0,2370.0,2265.0,2332.35,2.56,102921.0,2717.0,1967.0
CHDC,4/1/2025,2338.0,2390.0,2306.0,2380.06,2.05,117920.0,2717.0,1967.0
CHDC,4/2/2025,2396.0,2460.0,2350.1,2454.57,3.13,150412.0,2717.0,1967.0
CHDC,4/3/2025,2459.0,2500.0,2430.0,2443.22,-0.46,96528.0,2717.0,1967.0
CHDC,4/7/2025,2455.0,2455.0,2355.0,2356.75,-3.54,63127.0,2717.0,1967.0
CHDC,4/8/2025,2375.0,2380.0,2310.0,2371.83,0.64,65658.0,2717.0,1967.0
CHDC,4/9/2025,2324.4,2460.0,2324.4,2446.02,3.13,124200.0,2717.0,1967.0
CHDC,4/10/2025,2398.0,2493.0,2398.0,2461.05,0.61,118581.0,2717.0,1967.0
CHDC,4/13/2025,2460.0,2565.0,2450.0,2555.46,3.84,179831.0,2717.0,1967.0
CHDC,4/15/2025,2506.0,2681.0,2506.0,2647.55,3.6,123729.0,2717.0,1967.0
CHDC,4/16/2025,2690.0,2693.0,2587.0,2640.36,-0.27,109977.0,2717.0,1967.0
CHDC,4/17/2025,2603.4,2700.0,2603.4,2626.54,-0.52,116521.0,2717.0,1967.0
CHDC,4/20/2025,2574.1,2730.0,2574.1,2613.82,-0.48,69169.0,2717.0,1967.0
CHDC,4/21/2025,2575.0,2640.1,2575.0,2603.61,-0.39,59320.0,2717.0,1967.0
CHDC,4/22/2025,2625.0,2625.0,2545.0,2554.1,-1.9,60157.0,2717.0,1967.0
CHDC,4/23/2025,2554.1,2554.2,2490.4,2519.74,-1.35,78658.0,2717.0,1967.0
CHDC,4/24/2025,2539.0,2638.0,2491.0,2600.39,3.2,82183.0,2717.0,1967.0
CHDC,4/27/2025,2617.0,2673.0,2600.0,2632.0,1.22,90966.0,2717.0,1967.0
CHDC,4/28/2025,2650.0,2678.0,2568.0,2590.69,-1.57,59873.0,2717.0,1967.0
CHDC,4/29/2025,2580.0,2610.0,2540.0,2542.82,-1.85,48455.0,2717.0,1967.0
CHDC,4/30/2025,2540.0,2568.9,2510.0,2522.88,-0.78,65188.0,2717.0,1967.0
CHDC,5/4/2025,2565.0,2614.5,2520.5,2562.33,1.56,78482.0,2717.0,1967.0
CHDC,5/5/2025,2585.0,2585.0,2520.0,2524.62,-1.47,76674.0,2717.0,1967.0
CHDC,5/6/2025,2525.0,2544.0,2490.0,2500.63,-0.95,81516.0,2717.0,1967.0
CHDC,5/7/2025,2501.0,2590.0,2482.0,2581.4,3.23,57692.0,2717.0,1967.0
CHDC,5/8/2025,2600.0,2675.0,2536.0,2610.85,1.14,119248.0,2717.0,1967.0
CHDC,5/11/2025,2610.0,2673.4,2600.0,2604.19,-0.26,51290.0,2717.0,1967.0
CHDC,5/13/2025,2656.0,2696.0,2602.2,2608.32,0.16,63239.0,2717.0,1967.0
CHDC,5/14/2025,2640.0,2640.0,2534.0,2547.71,-2.32,51736.0,2717.0,1967.0
CHDC,5/15/2025,2547.7,2570.0,2518.1,2527.06,-0.81,30896.0,2717.0,1967.0
CHDC,5/18/2025,2507.0,2575.0,2507.0,2527.52,0.02,35704.0,2717.0,1967.0
CHDC,5/19/2025,2521.1,2598.0,2521.1,2560.22,1.29,30490.0,2717.0,1967.0
CHDC,5/20/2025,2599.9,2609.0,2525.2,2595.54,1.38,30806.0,2717.0,1967.0
CHDC,5/21/2025,2645.0,2697.0,2592.0,2620.99,0.98,35306.0,2717.0,1967.0
CHDC,5/22/2025,2625.0,2647.0,2595.0,2599.27,-0.83,46800.0,2717.0,1967.0
CHDC,5/25/2025,2560.0,2607.8,2549.0,2554.76,-1.71,26248.0,2717.0,1967.0
CHDC,5/26/2025,2605.8,2650.0,2525.0,2529.84,-0.98,36194.0,2717.0,1967.0
CHDC,5/27/2025,2520.0,2560.0,2505.0,2516.56,-0.52,57643.0,2717.0,1967.0
CHDC,5/28/2025,2511.0,2530.0,2496.0,2509.08,-0.3,42499.0,2717.0,1967.0
CHDC,6/2/2025,2559.0,2565.0,2511.0,2520.57,0.46,29280.0,2717.0,1967.0
CHDC,6/3/2025,2475.0,2547.0,2475.0,2503.39,-0.68,41844.0,2717.0,1967.0
CHDC,6/4/2025,2500.0,2606.0,2485.2,2525.8,0.9,42731.0,2717.0,1967.0
CHDC,6/5/2025,2555.1,2555.1,2488.0,2510.3,-0.61,80637.0,2717.0,1967.0
CHDC,6/8/2025,2510.0,2580.0,2505.0,2571.05,2.42,69324.0,2717.0,1967.0
CHDC,6/9/2025,2526.0,2745.0,2526.0,2735.51,6.4,141407.0,2717.0,1967.0
CHDC,6/10/2025,2780.0,2829.0,2710.0,2717.92,-0.64,94662.0,2717.0,1967.0
CHDC,6/11/2025,2730.0,2730.0,2645.0,2653.09,-2.39,87188.0,2717.0,1967.0
CHDC,6/12/2025,2640.0,2687.9,2616.6,2646.88,-0.23,74608.0,2717.0,1967.0
CHDC,6/15/2025,2679.0,2679.0,2585.0,2593.05,-2.03,61549.0,2717.0,1967.0
CHDC,6/16/2025,2575.1,2624.0,2575.0,2580.21,-0.5,44005.0,2717.0,1967.0
CHDC,6/17/2025,2590.0,2620.0,2555.0,2564.97,-0.59,24490.0,2717.0,1967.0
CHDC,6/18/2025,2598.8,2598.8,2538.1,2541.09,-0.93,39919.0,2717.0,1967.0
CHDC,6/19/2025,2550.0,2565.0,2520.0,2531.97,-0.36,35297.0,2717.0,1967.0
CHDC,6/22/2025,2525.0,2530.0,2485.0,2502.15,-1.18,36216.0,2717.0,1967.0
CHDC,6/23/2025,2549.0,2563.0,2490.0,2547.07,1.8,33764.0,2717.0,1967.0
CHDC,6/24/2025,2598.0,2627.0,2551.0,2607.69,2.38,48833.0,2717.0,1967.0
CHDC,6/25/2025,2600.0,2659.0,2566.0,2614.64,0.27,53087.0,2717.0,1967.0
CHDC,6/26/2025,2620.0,2648.5,2559.0,2572.29,-1.62,39107.0,2717.0,1967.0
CHDC,6/29/2025,2600.0,2620.0,2541.5,2550.24,-0.86,32959.0,2717.0,1967.0
CHDC,6/30/2025,2523.0,2620.0,2511.0,2564.86,0.57,27535.0,2717.0,1967.0
CHDC,7/1/2025,2570.0,2651.0,2565.0,2643.26,3.06,59096.0,2717.0,1967.0
CHDC,7/2/2025,2622.0,2710.0,2622.0,2675.65,1.23,73335.0,2717.0,1967.0
CHDC,7/3/2025,2729.1,2729.1,2600.1,2620.16,-2.07,47864.0,2717.0,1967.0
CHDC,7/6/2025,2620.0,2634.0,2595.0,2599.11,-0.8,27884.0,2717.0,1967.0
CHDC,7/7/2025,2651.0,2651.0,2579.1,2594.37,-0.18,45841.0,2717.0,1967.0
CHDC,7/8/2025,2624.0,2640.0,2590.39,2613.08,0.72,69661.0,2717.0,1967.0
CHDC,7/9/2025,2645.0,2730.0,2620.0,2714.37,3.88,99025.0,2717.0,1967.0
CHDC,7/10/2025,2700.0,2765.0,2680.0,2706.98,-0.27,72539.0,2717.0,1967.0
CHDC,7/13/2025,2761.1,2761.1,2655.0,2660.28,-1.73,92395.0,2717.0,1967.0
CHDC,7/14/2025,2698.0,2698.0,2630.0,2639.38,-0.79,53410.0,2717.0,1967.0
CHDC,7/15/2025,2650.0,2680.0,2631.3,2652.38,0.49,43949.0,2717.0,1967.0
CHDC,7/16/2025,2700.0,2700.0,2633.1,2641.99,-0.39,80083.0,2717.0,1967.0
CHDC,7/17/2025,2650.2,2774.0,2650.0,2749.86,4.08,104947.0,2717.0,1967.0
CHDC,7/20/2025,2760.0,2869.0,2741.0,2782.53,1.19,106726.0,2717.0,1967.0
CHDC,7/21/2025,2790.0,2865.0,2772.0,2823.66,1.48,36826.0,2717.0,1967.0
CHDC,7/22/2025,2801.0,2870.0,2801.0,2826.7,0.11,58350.0,2717.0,1967.0
CHDC,7/23/2025,2811.0,2880.0,2775.0,2853.14,0.94,46507.0,2717.0,1967.0
CHDC,7/24/2025,2870.0,2958.0,2856.0,2939.21,3.02,49303.0,2717.0,1967.0
CHDC,7/27/2025,2945.0,2997.9,2844.0,2879.8,-2.02,40668.0,2717.0,1967.0
CHDC,7/28/2025,2869.0,2894.0,2840.0,2864.44,-0.53,34123.0,2717.0,1967.0
CHDC,7/29/2025,2843.0,2900.0,2843.0,2866.4,0.07,54240.0,2717.0,1967.0
CHDC,7/30/2025,2913.0,2913.0,2820.0,2828.06,-1.34,30303.0,2717.0,1967.0
CHDC,7/31/2025,2875.0,2879.0,2805.0,2813.38,-0.52,27056.0,2717.0,1967.0
CHDC,8/3/2025,2791.0,2809.0,2745.0,2752.43,-2.17,27706.0,2717.0,1967.0
CHDC,8/4/2025,2800.0,2800.0,2710.0,2740.56,-0.43,32157.0,2717.0,1967.0
CHDC,8/5/2025,2795.0,2840.0,2686.0,2691.39,-1.79,31103.0,2717.0,1967.0
CHDC,8/6/2025,2724.1,2784.0,2680.0,2731.94,1.51,30068.0,2717.0,1967.0
CHDC,8/7/2025,2750.0,2773.0,2700.0,2722.41,-0.35,24984.0,2717.0,1967.0
CHDC,8/11/2025,2730.0,2745.0,2675.0,2682.05,-1.48,23279.0,2717.0,1967.0
CHDC,8/12/2025,2682.05,2698.0,2635.0,2663.15,-0.7,30434.0,2717.0,1967.0
CHDC,8/13/2025,2641.1,2704.0,2641.1,2657.79,-0.2,32655.0,2717.0,1967.0
CHDC,8/14/2025,2710.9,2710.9,2620.0,2626.25,-1.19,34622.0,2717.0,1967.0
CHDC,8/17/2025,2678.7,2678.7,2595.0,2599.02,-1.04,43786.0,2717.0,1967.0
CHDC,8/18/2025,2589.0,2620.0,2582.0,2599.11,0.0,22746.0,2717.0,1967.0
CHDC,8/19/2025,2599.11,2630.0,2581.0,2593.18,-0.23,31152.0,2717.0,1967.0
CHDC,8/20/2025,2580.0,2614.9,2575.2,2589.29,-0.15,25104.0,2717.0,1967.0
CHDC,8/21/2025,2566.0,2610.0,2566.0,2574.03,-0.59,11074.0,2717.0,1967.0
CHDC,8/24/2025,2574.0,2590.0,2500.0,2528.42,-1.77,33789.0,2717.0,1967.0
CHDC,8/25/2025,2520.0,2568.9,2505.0,2543.36,0.59,20099.0,2717.0,1967.0
CHDC,8/26/2025,2545.0,2574.0,2545.0,2559.6,0.64,9661.0,2717.0,1967.0
CHDC,8/27/2025,2600.0,2649.8,2555.0,2640.4,3.16,27551.0,2717.0,1967.0
CHDC,8/28/2025,2675.0,2675.0,2580.0,2584.49,-2.12,27548.0,2717.0,1967.0
CHDC,8/31/2025,2610.0,2610.0,2500.0,2522.61,-2.39,44540.0,2717.0,1967.0
CHDC,9/1/2025,2522.0,2560.0,2501.0,2542.82,0.8,20069.0,2717.0,1967.0
CHDC,9/2/2025,2542.8,2575.0,2517.1,2546.6,0.15,15354.0,2717.0,1967.0
CHDC,9/3/2025,2550.0,2552.0,2530.0,2532.41,-0.56,14402.0,2717.0,1967.0
CHDC,9/4/2025,2532.41,2539.0,2505.5,2527.9,-0.18,18260.0,2717.0,1967.0
CHDC,9/7/2025,2527.0,2540.0,2511.3,2516.63,-0.45,13160.0,2717.0,1967.0
CHDC,9/8/2025,2534.0,2534.0,2460.0,2480.79,-1.42,22969.0,2717.0,1967.0
CHDC,9/18/2025,2431.2,2431.2,2235.0,2245.0,-9.5,17867.0,2717.0,1967.0
CHDC,9/21/2025,2200.1,2434.0,2200.1,2396.83,6.76,100655.0,2717.0,1967.0
CHDC,9/23/2025,2348.9,2450.0,2348.9,2448.0,2.13,31425.0,2717.0,1967.0
CHDC,9/24/2025,2410.0,2449.0,2348.0,2373.0,-3.06,52845.0,2717.0,1967.0
CHDC,9/25/2025,2326.0,2370.0,2326.0,2342.0,-1.31,24412.0,2717.0,1967.0
CHDC,9/28/2025,2342.0,2370.0,2320.0,2356.0,0.6,11957.0,2717.0,1967.0
CHDC,10/7/2025,2360.0,2360.0,2260.0,2270.0,-3.65,31880.0,2717.0,1967.0
CHDC,10/8/2025,2236.0,2265.0,2156.0,2175.0,-4.19,54883.0,2717.0,1967.0
CHDC,10/9/2025,2218.5,2297.0,2175.1,2184.6,0.44,50723.0,2717.0,1967.0
CHDC,10/12/2025,2151.0,2191.9,1990.0,2000.0,-8.45,109749.0,2717.0,1967.0
CHDC,10/13/2025,2040.0,2179.8,2000.0,2169.0,8.45,100234.0,2717.0,1967.0
CHDC,10/14/2025,2175.0,2245.0,2133.0,2170.0,0.05,57892.0,2717.0,1967.0
CHDC,10/15/2025,2141.0,2220.0,2131.0,2175.0,0.23,39183.0,2717.0,1967.0
CHDC,10/16/2025,2156.0,2262.0,2121.7,2130.0,-2.07,41251.0,2717.0,1967.0
CHDC,10/19/2025,2091.0,2200.0,2091.0,2143.0,0.61,42899.0,2717.0,1967.0
CHDC,10/26/2025,2144.0,2148.9,2085.0,2147.8,0.22,27614.0,2717.0,1967.0
CHDC,10/28/2025,2150.0,2299.0,2111.0,2267.0,5.55,67943.0,2717.0,1967.0
CHDC,10/29/2025,2241.0,2395.0,2241.0,2291.0,1.06,78918.0,2717.0,1967.0
CHDC,10/30/2025,2271.0,2380.0,2267.0,2341.0,2.18,49374.0,2717.0,1967.0
CHDC,11/2/2025,2311.0,2404.0,2308.0,2338.0,-0.13,53428.0,2717.0,1967.0
CHDC,11/3/2025,2293.0,2380.0,2293.0,2364.0,1.11,51577.0,2717.0,1967.0
CHDC,11/4/2025,2335.0,2405.0,2335.0,2360.0,-0.17,34940.0,2717.0,1967.0
CHDC,11/5/2025,2407.0,2407.0,2350.0,2379.0,0.81,22627.0,2717.0,1967.0
CHDC,11/6/2025,2336.1,2450.0,2336.1,2350.1,-1.21,19687.0,2717.0,1967.0
CHDC,11/9/2025,2312.0,2389.9,2312.0,2335.0,-0.64,18069.0,2717.0,1967.0
CHDC,11/10/2025,2293.0,2370.9,2293.0,2332.0,-0.13,17990.0,2717.0,1967.0
CHDC,11/11/2025,2295.0,2380.0,2295.0,2297.0,-1.5,10765.0,2717.0,1967.0
CHDC,11/12/2025,2260.0,2397.0,2260.0,2262.0,-1.52,32493.0,2717.0,1967.0
CHDC,11/13/2025,2216.8,2304.0,2216.8,2247.0,-0.66,37153.0,2717.0,1967.0
CHDC,11/16/2025,2226.0,2270.5,2195.0,2229.7,-0.77,26822.0,2717.0,1967.0
CHDC,11/17/2025,2187.0,2289.0,2187.0,2289.0,2.66,44682.0,2717.0,1967.0
CHDC,11/18/2025,2265.0,2335.0,2265.0,2280.0,-0.39,25589.0,2717.0,1967.0
CHDC,11/19/2025,2252.0,2310.0,2246.1,2254.9,-1.1,20837.0,2717.0,1967.0
CHDC,11/20/2025,2242.0,2285.0,2241.0,2263.0,0.36,14162.0,2717.0,1967.0
CHDC,11/23/2025,2260.0,2320.0,2260.0,2296.9,1.5,36539.0,2717.0,1967.0
CHDC,11/24/2025,2296.9,2423.0,2296.9,2405.0,4.71,78345.0,2717.0,1967.0
CHDC,11/25/2025,2361.0,2445.0,2361.0,2399.0,-0.25,23945.0,2717.0,1967.0
CHDC,11/26/2025,2380.0,2440.0,2364.0,2380.0,-0.79,30121.0,2717.0,1967.0
CHDC,11/27/2025,2370.1,2459.0,2361.0,2430.0,2.1,65359.0,2717.0,1967.0
CHDC,11/30/2025,2390.4,2469.0,2370.0,2389.0,-1.69,24511.0,2717.0,1967.0
CHDC,12/1/2025,2351.0,2433.0,2342.0,2367.0,-0.92,13998.0,2717.0,1967.0
CHDC,12/2/2025,2350.1,2396.0,2342.0,2369.0,0.08,15947.0,2717.0,1967.0
CHDC,12/3/2025,2345.0,2374.0,2342.0,2355.0,-0.59,14284.0,2717.0,1967.0
CHDC,12/7/2025,2350.0,2390.0,2290.0,2299.0,-2.38,22537.0,2717.0,1967.0
CHDC,12/8/2025,2298.0,2300.0,2271.0,2280.0,-0.83,15949.0,2717.0,1967.0
CHDC,12/9/2025,2299.0,2299.0,2242.0,2279.0,-0.04,20844.0,2717.0,1967.0
CHDC,12/10/2025,2246.0,2300.0,2246.0,2262.9,-0.71,19780.0,2717.0,1967.0
CHDC,12/11/2025,2218.0,2307.0,2218.0,2256.9,-0.27,27500.0,2717.0,1967.0
CHDC,12/14/2025,2212.0,2278.6,2212.0,2240.0,-0.75,29667.0,2717.0,1967.0
CHDC,12/15/2025,2239.9,2270.0,2200.0,2215.0,-1.12,43354.0,2717.0,1967.0
CHDC,12/16/2025,2240.0,2258.9,2190.0,2230.0,0.68,41845.0,2717.0,1967.0
CHDC,12/17/2025,2201.0,2270.0,2201.0,2235.0,0.22,16674.0,2717.0,1967.0
CHDC,12/18/2025,2192.0,2366.0,2192.0,2229.0,-0.27,22472.0,2717.0,1967.0
CHDC,12/21/2025,2220.0,2250.0,2202.2,2235.0,0.27,23877.0,2717.0,1967.0
CHDC,12/22/2025,2191.0,2233.7,2191.0,2220.0,-0.67,11790.0,2717.0,1967.0
CHDC,12/23/2025,2233.0,2233.0,2175.0,2194.0,-1.17,33894.0,2717.0,1967.0
CHDC,12/24/2025,2201.0,2222.0,2196.0,2207.9,0.63,15468.0,2717.0,1967.0
CHDC,12/28/2025,2211.0,2260.0,2211.0,2253.0,2.04,18272.0,2717.0,1967.0
CHDC,12/29/2025,2255.0,2284.8,2242.0,2243.0,-0.44,21245.0,2717.0,1967.0
CHDC,12/31/2025,2207.7,2284.9,2207.7,2260.0,0.76,24051.0,2717.0,1967.0
CHDC,1/1/2026,2270.0,2279.0,2236.0,2243.0,-0.75,9113.0,2717.0,1967.0
CHDC,1/4/2026,2227.0,2246.9,2227.0,2230.0,-0.58,10378.0,2717.0,1967.0
CHDC,1/5/2026,2250.0,2265.0,2223.3,2246.5,0.74,21715.0,2717.0,1967.0
CHDC,1/6/2026,2265.0,2290.0,2240.1,2240.1,-0.28,19610.0,2717.0,1967.0
CHDC,1/7/2026,2233.0,2260.0,2233.0,2244.7,0.21,17168.0,2717.0,1967.0
CHDC,1/8/2026,2235.0,2249.9,2230.0,2244.0,-0.03,12804.0,2717.0,1967.0
CHDC,1/12/2026,2220.0,2280.0,2220.0,2259.0,0.67,26741.0,2717.0,1967.0
CHDC,1/13/2026,2265.1,2343.0,2265.1,2314.0,2.43,33890.0,2717.0,1967.0
CHDC,1/14/2026,2340.0,2354.0,2295.0,2305.0,-0.39,33211.0,2717.0,1967.0
CHDC,1/18/2026,2305.0,2370.0,2300.0,2336.2,1.35,32310.0,2717.0,1967.0
CHDC,1/20/2026,2382.0,2456.0,2352.1,2448.0,4.79,57562.0,2717.0,1967.0
CHDC,1/21/2026,2457.0,2551.7,2430.5,2440.0,-0.33,40813.0,2717.0,1967.0
CHDC,1/22/2026,2400.1,2450.0,2376.5,2435.0,-0.2,34003.0,2717.0,1967.0
CHDC,1/25/2026,2395.0,2475.0,2395.0,2453.0,0.74,36768.0,2717.0,1967.0
CHDC,1/26/2026,2470.0,2545.0,2466.1,2521.0,2.77,109837.0,2717.0,1967.0
CHDC,1/27/2026,2571.0,2571.0,2455.0,2456.0,-2.58,51262.0,2717.0,1967.0
CHDC,1/28/2026,2480.0,2499.0,2430.0,2466.0,0.41,31964.0,2717.0,1967.0
CHDC,1/29/2026,2425.1,2493.0,2425.1,2455.0,-0.45,37692.0,2717.0,1967.0
CHDC,2/1/2026,2450.0,2451.0,2405.0,2405.0,-2.04,24262.0,2717.0,1967.0
CHDC,2/2/2026,2410.0,2450.0,2382.0,2394.0,-0.46,17337.0,2717.0,1967.0
CHDC,2/3/2026,2400.0,2401.1,2331.0,2347.0,-1.96,22496.0,2717.0,1967.0
CHDC,2/4/2026,2350.0,2407.0,2333.4,2369.0,0.94,29169.0,2717.0,1967.0
CHDC,2/5/2026,2372.0,2440.0,2372.0,2425.0,2.36,24116.0,2717.0,1967.0
CHDC,2/8/2026,2400.1,2470.0,2395.0,2396.0,-1.2,34676.0,2717.0,1967.0
CHDC,2/9/2026,2385.1,2410.0,2350.0,2374.0,-0.92,28926.0,2717.0,1967.0
CHDC,2/10/2026,2399.9,2399.9,2322.0,2340.0,-1.43,30157.0,2717.0,1967.0
CHDC,2/11/2026,2379.3,2379.3,2292.0,2310.0,-1.28,22979.0,2717.0,1967.0
CHDC,2/12/2026,2310.0,2450.0,2310.0,2350.0,1.73,27477.0,2717.0,1967.0
CHDC,2/16/2026,2397.0,2454.5,2360.0,2430.0,3.4,60057.0,2717.0,1967.0
CHDC,2/17/2026,2430.0,2560.0,2430.0,2511.0,3.33,123830.0,2717.0,1967.0
CHDC,2/22/2026,2561.0,2561.0,2463.1,2495.0,-0.64,57486.0,2717.0,1967.0
CHDC,2/23/2026,2492.0,2560.0,2469.0,2535.0,1.6,75439.0,2717.0,1967.0
CHDC,2/24/2026,2560.0,2570.0,2528.0,2531.1,-0.15,26954.0,2717.0,1967.0
CHDC,2/25/2026,2531.1,2550.5,2490.0,2506.5,-0.97,25934.0,2717.0,1967.0
CHDC,2/26/2026,2530.0,2530.0,2486.7,2497.0,-0.38,23085.0,2717.0,1967.0
CHDC,2/27/2026,2530.0,2530.0,2486.7,2497.0,0.0,23085.0,2717.0,1967.0
CHDC,2/28/2026,2530.0,2530.0,2486.7,2497.0,0.0,23085.0,2717.0,1967.0
CHDC,3/2/2026,2462.3,2519.0,2461.3,2519.0,0.88,19880.0,2717.0,1967.0
CHDC,3/3/2026,2519.0,2545.0,2500.0,2534.9,0.63,14747.0,2717.0,1967.0
CHDC,3/4/2026,2519.0,2545.0,2500.0,2534.9,0.0,14747.0,2717.0,1967.0
CHDC,3/5/2026,2519.0,2545.0,2500.0,2534.9,0.0,14747.0,2717.0,1967.0
CHDC,3/6/2026,2519.0,2545.0,2500.0,2534.9,0.0,14747.0,2717.0,1967.0
CHDC,3/7/2026,2519.0,2545.0,2500.0,2534.9,0.0,14747.0,2717.0,1967.0
CHDC,3/8/2026,2519.0,2545.0,2500.0,2534.9,0.0,14747.0,2717.0,1967.0
CHDC,3/9/2026,2585.5,2708.0,2585.5,2708.0,6.83,1545.0,2717.0,1967.0
CHDC,3/10/2026,2717.0,2717.0,2585.0,2624.0,-3.1,54268.0,2717.0,1967.0
CHDC,3/11/2026,2615.0,2615.0,2508.8,2564.0,-2.29,52156.0,2717.0,1967.0
CHDC,3/12/2026,2542.0,2588.0,2542.0,2560.0,-0.16,40682.0,2717.0,1967.0
CHDC,3/13/2026,2542.0,2588.0,2542.0,2560.0,0.0,40682.0,2717.0,1967.0
CHDC,3/14/2026,2542.0,2588.0,2542.0,2560.0,0.0,40682.0,2717.0,1967.0
CHDC,3/15/2026,2550.0,2590.0,2541.0,2548.0,-0.47,21353.0,2717.0,1967.0
CHDC,3/16/2026,2539.9,2560.0,2512.0,2515.0,-1.3,36539.0,2717.0,1967.0
CHDC,3/17/2026,2565.0,2565.0,2500.0,2509.0,-0.24,24310.0,2717.0,1967.0
CHDC,3/18/2026,2565.0,2565.0,2500.0,2509.0,0.0,24310.0,2717.0,1967.0
CHDC,3/19/2026,2520.0,2538.0,2506.0,2530.0,0.84,46339.0,2717.0,1967.0
CHDC,3/20/2026,2520.0,2538.0,2506.0,2530.0,0.0,46339.0,2717.0,1967.0
CHDC,3/21/2026,2520.0,2538.0,2506.0,2530.0,0.0,46339.0,2717.0,1967.0
CHDC,3/22/2026,2580.0,2580.0,2515.0,2530.0,0.0,32428.0,2717.0,1967.0
CHDC,3/23/2026,2530.0,2606.0,2521.5,2603.0,2.89,42924.0,2717.0,1967.0
CHDC,3/24/2026,2613.9,2614.0,2580.0,2595.0,-0.31,29677.0,2717.0,1967.0
CHDC,3/25/2026,2566.0,2605.0,2566.0,2574.0,-0.81,35849.0,2717.0,1967.0
CHDC,3/26/2026,2570.0,2590.0,2540.0,2590.0,0.78,67386.0,2717.0,1967.0
CHDC,3/29/2026,2561.0,2575.0,2480.0,2490.0,-2.77,36782.0,2717.0,1967.0
CHDC,3/30/2026,2491.0,2500.0,2415.0,2415.0,-3.05,58040.0,2717.0,1967.0
CHDC,3/31/2026,2366.7,2495.9,2366.7,2484.0,4.96,30668.0,2717.0,1967.0
CHDC,4/1/2026,2500.0,2500.0,2394.0,2398.0,-4.08,35370.0,2717.0,1967.0
CHDC,4/2/2026,2388.0,2430.0,2325.3,2416.5,1.19,44013.0,2717.0,1967.0
CHDC,4/5/2026,2380.0,2380.0,2280.0,2285.0,-3.99,102194.0,2717.0,1967.0
CHDC,4/6/2026,2290.0,2395.0,2290.0,2378.0,3.84,41715.0,2717.0,1967.0
CHDC,4/7/2026,2378.0,2417.0,2332.0,2369.0,-0.38,15814.0,2717.0,1967.0
CHDC,4/8/2026,2350.0,2439.0,2350.0,2439.0,3.79,26193.0,2717.0,1967.0
CHDC,4/9/2026,2441.0,2487.0,2419.0,2469.0,1.15,42053.0,2717.0,1967.0
CHDC,4/10/2026,2518.0,2518.0,2423.0,2449.9,-2.7,34201.0,2717.0,1967.0
CHDC,4/13/2026,2449.9,2470.0,2405.1,2470.0,0.82,26743.0,2717.0,1967.0
CHDC,4/15/2026,2480.0,2480.0,2440.0,2440.0,-1.61,18645.0,2717.0,1967.0
CHDC,4/16/2026,2400.1,2440.0,2400.0,2403.0,0.12,11684.0,2717.0,1967.0
CHDC,4/17/2026,2403.0,2417.9,2365.0,2380.1,-0.95,22220.0,2717.0,1967.0
CHDC,4/20/2026,2370.0,2388.0,2350.0,2370.0,0.0,12308.0,2717.0,1967.0
CHDC,4/21/2026,2398.2,2398.9,2328.0,2344.0,-2.26,14892.0,2717.0,1967.0
CHDC,4/22/2026,2325.0,2350.0,2288.0,2350.0,1.08,34392.0,2717.0,1967.0
CHDC,4/23/2026,2350.0,2350.0,2298.0,2310.0,-1.7,10482.0,2717.0,1967.0
CHDC,4/24/2026,2300.0,2320.0,2281.0,2300.0,0.0,9674.0,2717.0,1967.0
CHDC,4/27/2026,2300.0,2329.1,2295.0,2314.5,0.63,11317.0,2717.0,1967.0
CHDC,4/28/2026,2314.5,2349.0,2291.0,2313.0,-0.06,17435.0,2717.0,1967.0
CHDC,4/29/2026,2313.0,2319.5,2251.0,2290.0,-0.99,9090.0,2717.0,1967.0
CHDC,4/30/2026,2236.1,2280.0,2222.0,2260.9,1.11,15008.0,2717.0,1967.0
CHDC,5/4/2026,2261.1,2262.0,2195.2,2197.4,-2.82,10682.0,2717.0,1967.0
CHDC,5/5/2026,2192.0,2271.0,2140.0,2198.0,0.27,20712.0,2717.0,1967.0
CHDC,5/6/2026,2210.0,2229.0,2156.1,2200.0,-0.45,7240.0,2717.0,1967.0
CHDC,5/7/2026,2177.0,2220.0,2177.0,2210.2,1.53,7554.0,2717.0,1967.0
CHDC,5/8/2026,2210.5,2311.0,2210.0,2299.0,4.0,18285.0,2717.0,1967.0
CHDC,5/11/2026,2302.0,2345.0,2302.0,2345.0,1.87,25820.0,2717.0,1967.0
CHDC,5/12/2026,2400.0,2400.0,2293.0,2297.0,-4.29,19951.0,2717.0,1967.0
CHDC,5/13/2026,2300.1,2300.1,2260.0,2282.0,-0.79,14022.0,2717.0,1967.0
CHDC,5/14/2026,2267.0,2280.0,2230.0,2269.0,0.09,25931.0,2717.0,1967.0
CHDC,5/15/2026,2240.0,2288.0,2240.0,2259.2,0.86,13481.0,2717.0,1967.0
CHDC,5/18/2026,2250.0,2269.0,2250.0,2252.1,0.09,6066.0,2717.0,1967.0
CHDC,5/19/2026,2256.0,2268.9,2242.5,2257.0,0.04,10681.0,2717.0,1967.0
CHDC,5/20/2026,2240.1,2291.0,2240.1,2285.9,2.04,20939.0,2717.0,1967.0
CHDC,5/21/2026,2299.9,2299.9,2260.0,2265.0,-1.52,7597.0,2717.0,1967.0
CHDC,5/22/2026,2152.0,2300.0,2152.0,2300.0,6.88,12202.0,2717.0,1967.0
CHDC,5/25/2026,2300.0,2328.0,2286.0,2324.0,1.04,11811.0,2717.0,1967.0
CHDC,5/26/2026,2360.2,2360.2,2281.0,2292.0,-2.89,13128.0,2717.0,1967.0
CHDC,5/27/2026,2290.0,2324.0,2285.0,2314.0,1.05,12374.0,2717.0,1967.0
CHDC,6/1/2026,2360.0,2360.0,2277.0,2285.0,-3.18,5932.0,2717.0,1967.0
CHDC,6/2/2026,2250.0,2296.0,2250.0,2288.0,1.69,3747.0,2717.0,1967.0
CHDC,6/3/2026,2287.0,2295.8,2268.3,2268.5,-0.81,8388.0,2717.0,1967.0
CHDC,6/4/2026,2268.0,2295.0,2266.2,2266.2,-0.08,4914.0,2717.0,1967.0
CHDC,6/5/2026,2262.0,2289.0,2262.0,2269.0,0.31,8660.0,2717.0,1967.0
CHDC,6/8/2026,2269.0,2269.0,2249.0,2262.7,-0.28,5057.0,2717.0,1967.0
CHDC,6/9/2026,2241.2,2274.0,2241.2,2260.0,0.84,8110.0,2717.0,1967.0
CHDC,6/10/2026,2260.0,2270.0,2241.1,2250.0,-0.44,7705.0,2717.0,1967.0
CHDC,6/11/2026,2240.0,2279.0,2211.0,2255.0,0.67,6005.0,2717.0,1967.0
CHDC,6/12/2026,2211.1,2274.7,2211.1,2255.0,1.99,3934.0,2717.0,1967.0
CHDC,6/15/2026,2250.0,2254.0,2210.0,2215.0,-1.56,13619.0,2717.0,1967.0
CHDC,6/16/2026,2221.0,2235.0,2212.0,2224.9,0.18,8159.0,2717.0,1967.0
CHDC,6/17/2026,2114.0,2299.0,2114.0,2280.0,7.85,12853.0,2717.0,1967.0
CHDC,6/18/2026,2221.0,2279.0,2160.0,2210.0,-0.5,63957.0,2717.0,1967.0
CHDC,6/19/2026,2259.9,2259.9,2210.0,2237.9,-0.97,1792.0,2717.0,1967.0
CHDC,6/22/2026,2237.9,2255.0,2225.2,2236.0,-0.08,7802.0,2717.0,1967.0
CHDC,6/23/2026,2220.0,2220.0,2186.5,2197.0,-1.04,21092.0,2717.0,1967.0
CHDC,6/24/2026,2219.1,2219.9,2140.0,2188.9,-1.36,19112.0,2717.0,1967.0
CHDC,6/26/2026,2209.0,2209.0,2140.1,2165.3,-1.98,9754.0,2717.0,1967.0
CHDC,6/29/2026,2145.0,2194.0,2126.2,2127.0,-0.84,22383.0,2717.0,1967.0
CHDC,6/30/2026,2164.9,2164.9,2100.1,2115.0,-2.3,22019.0,2717.0,1967.0
CHDC,7/1/2026,2125.0,2165.0,2116.0,2132.0,0.33,32955.0,2717.0,1967.0
CHDC,7/2/2026,2130.0,2150.0,2099.0,2124.0,-0.28,14787.0,2717.0,1967.0
CHDC,7/3/2026,2109.0,2139.0,2080.0,2110.0,0.05,33496.0,2717.0,1967.0
CHDC,7/6/2026,2080.1,2135.0,2080.1,2088.0,0.38,7881.0,2717.0,1967.0
CHDC,7/7/2026,2090.0,2120.0,2090.0,2098.1,0.39,8200.0,2717.0,1967.0
CHDC,7/8/2026,2120.9,2120.9,2086.1,2099.0,-1.03,8414.0,2717.0,1967.0
CHDC,7/9/2026,2112.0,2133.0,2090.0,2109.0,-0.14,10953.0,2717.0,1967.0
CHDC,7/10/2026,2110.0,2126.0,2100.0,2117.0,0.33,11804.0,2717.0,1967.0
CHDC,7/13/2026,2092.0,2120.0,2066.3,2070.0,-1.05,64512.0,2717.0,1967.0
CHDC,7/14/2026,1967.0,2145.0,1967.0,2070.0,5.24,10537.0,2717.0,1967.0
CHDC,7/15/2026,2118.0,2118.0,2055.0,2070.0,-2.27,22240.0,2717.0,1967.0
CHDC,7/16/2026,2173.5,2173.5,2052.0,2060.2,-5.21,18516.0,2717.0,1967.0
CHDC,7/17/2026,2160.0,2178.0,2072.1,2154.9,-0.24,19790.0,2717.0,1967.0
CHDC,7/20/2026,2179.0,2219.0,2151.1,2218.0,1.79,19524.0,2717.0,1967.0
CHDC,7/21/2026,2250.0,2260.0,2200.0,2209.0,-1.82,39734.0,2717.0,1967.0
CHDC,7/22/2026,2160.0,2224.7,2160.0,2219.0,2.73,10269.0,2717.0,1967.0
CHDC,7/23/2026,2200.5,2219.0,2187.1,2205.0,0.2,8086.0,2717.0,1967.0
CHDC,7/24/2026,2180.0,2265.0,2180.0,2254.0,3.39,34043.0,2717.0,1967.0
CHDC,7/27/2026,2267.0,2430.0,2231.2,2300.0,1.46,51266.0,2717.0,1967.0
CHDC,7/28/2026,2287.1,2329.0,2274.0,2280.0,-0.31,20017.0,2717.0,1967.0
CHDC,7/29/2026,2282.0,2339.0,2235.1,2243.0,-1.71,20446.0,2717.0,1967.0
CHDC,7/30/2026,2231.0,2255.0,2215.0,2229.9,-0.05,9047.0,2717.0,1967.0
CHDC,7/31/2026,2170.0,2243.0,2170.0,2221.9,2.39,25958.0,2717.0,1967.0
CHDC,8/3/2026,2248.0,2250.0,2220.0,2225.0,-1.02,11759.0,2717.0,1967.0
CHDC,8/4/2026,2220.0,2225.0,2205.2,2214.9,-0.23,6100.0,2717.0,1967.0
CHDC,8/5/2026,2104.2,2322.0,2104.2,2228.0,5.88,12535.0,2717.0,1967.0
CHDC,8/6/2026,2228.0,2238.0,2216.0,2218.0,-0.45,20810.0,2717.0,1967.0
CHDC,8/7/2026,2207.0,2215.0,2191.1,2200.0,-0.32,7774.0,2717.0,1967.0
CHDC,8/10/2026,2191.0,2200.0,2165.1,2165.5,-1.16,5977.0,2717.0,1967.0
CHDC,8/11/2026,2170.0,2184.7,2170.0,2176.0,0.28,4674.0,2717.0,1967.0
CHDC,8/12/2026,2180.0,2251.0,2175.0,2238.0,2.66,18189.0,2717.0,1967.0
CHDC,8/13/2026,2216.1,2249.0,2212.0,2225.0,0.4,8348.0,2717.0,1967.0
CHDC,8/14/2026,2249.8,2249.9,2210.0,2228.0,-0.97,7563.0,2717.0,1967.0
CHDC,8/17/2026,2240.1,2240.1,2200.0,2213.0,-1.21,5757.0,2717.0,1967.0
CHDC,8/18/2026,2192.0,2218.0,2191.2,2196.0,0.18,10840.0,2717.0,1967.0
CHDC,8/19/2026,2179.3,2200.0,2179.3,2182.0,0.12,9140.0,2717.0,1967.0
CHDC,8/20/2026,2199.0,2205.9,2170.0,2205.9,0.31,8465.0,2717.0,1967.0
CHDC,8/21/2026,2204.0,2242.0,2192.0,2240.0,1.63,10637.0,2717.0,1967.0
CHDC,8/24/2026,2205.0,2238.0,2200.0,2218.0,0.59,12370.0,2717.0,1967.0
CHDC,8/25/2026,2239.8,2239.8,2184.2,2196.9,-1.92,16323.0,2717.0,1967.0
CHDC,8/26/2026,2162.0,2192.9,2160.0,2184.0,1.02,13890.0,2717.0,1967.0
CHDC,8/27/2026,2161.0,2199.0,2141.2,2183.0,1.02,6452.0,2717.0,1967.0
CHDC,8/31/2026,2170.0,2176.9,2135.0,2144.9,-1.16,6712.0,2717.0,1967.0
CHDC,9/1/2026,2185.0,2185.0,2131.0,2150.0,-1.6,8731.0,2717.0,1967.0
CHDC,9/2/2026,2132.0,2167.9,2130.0,2167.0,1.64,4206.0,2717.0,1967.0
CHDC,9/3/2026,2170.0,2185.0,2160.0,2179.0,0.41,2892.0,2717.0,1967.0
CHDC,9/7/2026,2202.0,2225.0,2172.0,2215.0,0.59,10148.0,2717.0,1967.0
CHDC,9/9/2026,2215.0,2244.0,2202.0,2230.0,0.68,13702.0,2717.0,1967.0
CHDC,9/10/2026,2215.4,2230.0,2200.0,2205.0,-0.47,12607.0,2717.0,1967.0
CHDC,9/11/2026,2210.0,2235.0,2183.1,2234.0,1.09,11292.0,2717.0,1967.0
CHDC,9/14/2026,2232.0,2280.0,2227.0,2255.0,1.03,16204.0,2717.0,1967.0
CHDC,9/15/2026,2367.7,2367.7,2270.0,2318.0,-2.1,49810.0,2717.0,1967.0
CHDC,9/16/2026,2338.0,2369.0,2305.0,2368.0,1.28,49081.0,2717.0,1967.0
CHDC,9/17/2026,2365.0,2400.0,2331.0,2367.0,0.08,36529.0,2717.0,1967.0
CHDC,9/18/2026,2350.0,2420.0,2331.0,2387.0,1.57,32622.0,2717.0,1967.0
CHDC,9/22/2026,2387.1,2429.0,2385.0,2386.1,-0.04,23848.0,2717.0,1967.0
CHDC,9/23/2026,2363.0,2405.0,2363.0,2388.0,1.06,38874.0,2717.0,1967.0
CHDC,9/24/2026,2410.0,2410.0,2372.2,2402.0,-0.33,15727.0,2717.0,1967.0
CHDC,9/28/2026,2405.0,2450.0,2400.0,2420.0,0.62,33986.0,2717.0,1967.0
CHDC,9/29/2026,2407.0,2419.0,2372.1,0.0,-100.0,20874.0,2717.0,1967.0
CHDC,9/30/2026,2394.8,2395.0,2341.3,2378.0,-0.7,20321.0,2717.0,1967.0
CHDC,10/1/2026,2350.1,2389.9,2350.1,2362.2,0.51,20547.0,2717.0,1967.0
CHDC,10/2/2026,2352.0,2377.0,2336.0,2349.5,-0.11,15842.0,2717.0,1967.0
CHL,9/17/2017,163.0,165.0,158.0,159.0,,248.0,332.5,223.4
CHL,9/18/2017,159.0,165.0,157.0,163.0,2.52,603.0,332.5,223.4
CHL,9/20/2017,163.0,165.0,161.0,161.0,-1.23,131.0,332.5,223.4
CHL,9/24/2017,161.0,163.0,158.0,163.0,1.24,618.0,332.5,223.4
CHL,9/25/2017,163.0,169.0,166.0,169.0,3.68,80.0,332.5,223.4
CHL,9/26/2017,169.0,179.0,169.0,175.0,3.55,1151.0,332.5,223.4
CHL,10/3/2017,175.0,175.0,172.0,172.0,-1.71,150.0,332.5,223.4
CHL,10/4/2017,172.0,172.0,172.0,172.0,0.0,40.0,332.5,223.4
CHL,10/8/2017,172.0,173.0,166.0,173.0,0.58,94.0,332.5,223.4
CHL,10/9/2017,173.0,170.0,168.0,168.0,-2.89,172.0,332.5,223.4
CHL,10/10/2017,168.0,168.0,163.0,168.0,0.0,228.0,332.5,223.4
CHL,10/11/2017,168.0,168.0,165.0,168.0,0.0,76.0,332.5,223.4
CHL,10/12/2017,168.0,174.0,168.0,173.0,2.98,92.0,332.5,223.4
CHL,10/15/2017,173.0,176.0,171.0,176.0,1.73,352.0,332.5,223.4
CHL,10/16/2017,176.0,185.0,179.0,185.0,5.11,541.0,332.5,223.4
CHL,10/17/2017,185.0,196.0,183.0,196.0,5.95,1005.0,332.5,223.4
CHL,10/18/2017,196.0,196.0,195.0,196.0,0.0,30.0,332.5,223.4
CHL,10/22/2017,196.0,199.0,196.0,199.0,1.53,56.0,332.5,223.4
CHL,10/23/2017,199.0,198.0,192.0,195.0,-2.01,422.0,332.5,223.4
CHL,10/24/2017,195.0,205.0,195.0,205.0,5.13,888.0,332.5,223.4
CHL,10/25/2017,205.0,213.0,201.0,201.0,-1.95,1238.0,332.5,223.4
CHL,10/29/2017,201.0,199.0,197.0,199.0,-1.0,20.0,332.5,223.4
CHL,10/30/2017,199.0,197.0,196.0,196.0,-1.51,88.0,332.5,223.4
CHL,10/31/2017,196.0,195.0,190.0,195.0,-0.51,351.0,332.5,223.4
CHL,11/1/2017,195.0,194.0,192.0,194.0,-0.51,197.0,332.5,223.4
CHL,11/2/2017,194.0,194.0,190.0,190.0,-2.06,258.0,332.5,223.4
CHL,11/5/2017,190.0,196.0,187.0,196.0,3.16,199.0,332.5,223.4
CHL,11/6/2017,196.0,196.0,190.0,194.0,-1.02,114.0,332.5,223.4
CHL,11/7/2017,194.0,191.0,188.0,188.0,-3.09,20.0,332.5,223.4
CHL,11/8/2017,188.0,185.0,182.0,182.0,-3.19,162.0,332.5,223.4
CHL,11/9/2017,182.0,185.0,173.0,185.0,1.65,378.0,332.5,223.4
CHL,11/12/2017,185.0,182.0,178.0,181.0,-2.16,142.0,332.5,223.4
CHL,11/13/2017,181.0,180.0,179.0,180.0,-0.55,424.0,332.5,223.4
CHL,11/14/2017,180.0,180.0,175.0,180.0,0.0,871.0,332.5,223.4
CHL,11/15/2017,180.0,181.0,178.0,178.0,-1.11,225.0,332.5,223.4
CHL,11/16/2017,178.0,181.0,175.0,178.0,0.0,3014.0,332.5,223.4
CHL,11/19/2017,178.0,175.0,172.0,175.0,-1.69,1655.0,332.5,223.4
CHL,11/20/2017,175.0,178.0,176.0,176.0,0.57,60.0,332.5,223.4
CHL,11/21/2017,176.0,177.0,171.0,175.0,-0.57,514.0,332.5,223.4
CHL,11/22/2017,175.0,173.0,167.0,171.0,-2.29,387.0,332.5,223.4
CHL,11/23/2017,171.0,170.0,170.0,170.0,-0.58,168.0,332.5,223.4
CHL,11/26/2017,170.0,180.0,169.0,180.0,5.88,82.0,332.5,223.4
CHL,11/27/2017,180.0,183.0,179.0,183.0,1.67,433.0,332.5,223.4
CHL,11/28/2017,183.0,186.0,183.0,186.0,1.64,98.0,332.5,223.4
CHL,11/29/2017,186.0,188.0,183.0,183.0,-1.61,671.0,332.5,223.4
CHL,11/30/2017,183.0,188.0,180.0,188.0,2.73,333.0,332.5,223.4
CHL,12/4/2017,188.0,185.0,180.0,181.0,-3.72,386.0,332.5,223.4
CHL,12/5/2017,181.0,186.0,180.0,186.0,2.76,365.0,332.5,223.4
CHL,12/6/2017,186.0,204.0,186.0,200.0,7.53,1341.0,332.5,223.4
CHL,12/10/2017,200.0,199.0,193.0,199.0,-0.5,512.0,332.5,223.4
CHL,12/11/2017,199.0,196.0,191.0,191.0,-4.02,94.0,332.5,223.4
CHL,12/12/2017,191.0,192.0,188.0,189.0,-1.05,1884.0,332.5,223.4
CHL,12/13/2017,189.0,188.0,185.0,185.0,-2.12,64.0,332.5,223.4
CHL,12/14/2017,185.0,185.0,182.0,184.0,-0.54,130.0,332.5,223.4
CHL,12/17/2017,184.0,184.0,180.0,184.0,0.0,118.0,332.5,223.4
CHL,12/18/2017,184.0,184.0,183.0,183.0,-0.54,278.0,332.5,223.4
CHL,12/19/2017,183.0,184.0,181.0,183.0,0.0,70.0,332.5,223.4
CHL,12/20/2017,183.0,182.0,180.0,181.0,-1.09,122.0,332.5,223.4
CHL,12/21/2017,181.0,184.0,178.0,184.0,1.66,573.0,332.5,223.4
CHL,12/24/2017,184.0,181.0,172.0,172.0,-6.52,70.0,332.5,223.4
CHL,12/26/2017,172.0,175.0,171.0,174.0,1.16,201.0,332.5,223.4
CHL,12/27/2017,174.0,177.0,172.0,172.0,-1.15,272.0,332.5,223.4
CHL,12/28/2017,172.0,173.0,170.0,171.0,-0.58,172.0,332.5,223.4
CHL,12/31/2017,171.0,172.0,169.0,169.0,-1.17,648.0,332.5,223.4
CHL,1/1/2018,169.0,178.0,170.0,175.0,3.55,154.0,332.5,223.4
CHL,1/2/2018,175.0,183.0,172.0,180.0,2.86,1050.0,332.5,223.4
CHL,1/3/2018,180.0,178.0,177.0,178.0,-1.11,94.0,332.5,223.4
CHL,1/4/2018,178.0,181.0,175.0,181.0,1.69,299.0,332.5,223.4
CHL,1/7/2018,181.0,185.0,180.0,183.0,1.1,238.0,332.5,223.4
CHL,1/8/2018,183.0,184.0,183.0,183.0,0.0,560.0,332.5,223.4
CHL,1/9/2018,183.0,183.0,181.0,181.0,-1.09,141.0,332.5,223.4
CHL,1/10/2018,181.0,180.0,179.0,179.0,-1.1,190.0,332.5,223.4
CHL,1/14/2018,179.0,180.0,178.0,178.0,-0.56,45.0,332.5,223.4
CHL,1/16/2018,178.0,175.0,169.0,169.0,-5.06,74.0,332.5,223.4
CHL,1/17/2018,169.0,171.0,166.0,171.0,1.18,154.0,332.5,223.4
CHL,1/21/2018,171.0,176.0,171.0,173.0,1.17,271.0,332.5,223.4
CHL,1/22/2018,173.0,170.0,167.0,170.0,-1.73,40.0,332.5,223.4
CHL,1/23/2018,170.0,168.0,165.0,168.0,-1.18,90.0,332.5,223.4
CHL,1/24/2018,168.0,175.0,170.0,175.0,4.17,105.0,332.5,223.4
CHL,1/25/2018,175.0,174.0,172.0,172.0,-1.71,135.0,332.5,223.4
CHL,1/28/2018,172.0,173.0,170.0,173.0,0.58,179.0,332.5,223.4
CHL,1/29/2018,173.0,176.0,170.0,170.0,-1.73,192.0,332.5,223.4
CHL,1/31/2018,170.0,175.0,168.0,172.0,1.18,94.0,332.5,223.4
CHL,2/1/2018,172.0,174.0,171.0,172.0,0.0,72.0,332.5,223.4
CHL,2/4/2018,172.0,170.0,166.0,168.0,-2.33,105.0,332.5,223.4
CHL,2/6/2018,168.0,170.0,168.0,168.0,0.0,152.0,332.5,223.4
CHL,2/7/2018,168.0,171.0,168.0,171.0,1.79,563.0,332.5,223.4
CHL,2/8/2018,171.0,174.0,170.0,172.0,0.58,736.0,332.5,223.4
CHL,2/11/2018,172.0,172.0,169.0,169.0,-1.74,64.0,332.5,223.4
CHL,2/12/2018,169.0,169.0,166.0,166.0,-1.78,538.0,332.5,223.4
CHL,2/14/2018,166.0,168.0,168.0,168.0,1.2,88.0,332.5,223.4
CHL,2/15/2018,168.0,174.0,168.0,174.0,3.57,148.0,332.5,223.4
CHL,2/18/2018,177.0,180.0,177.0,180.0,3.45,40.0,332.5,223.4
CHL,2/20/2018,177.0,177.0,174.0,174.0,-3.33,54.0,332.5,223.4
CHL,2/21/2018,171.0,171.0,171.0,171.0,-1.72,20.0,332.5,223.4
CHL,2/22/2018,168.0,171.0,168.0,171.0,0.0,33.0,332.5,223.4
CHL,2/25/2018,168.0,170.0,168.0,170.0,-0.58,204.0,332.5,223.4
CHL,2/26/2018,170.0,173.0,170.0,171.0,0.59,435.0,332.5,223.4
CHL,2/27/2018,170.0,170.0,170.0,170.0,-0.58,69.0,332.5,223.4
CHL,2/28/2018,170.0,173.0,165.0,165.0,-2.94,813.0,332.5,223.4
CHL,3/5/2018,162.0,162.0,160.0,160.0,-3.03,42.0,332.5,223.4
CHL,3/6/2018,160.0,160.0,160.0,160.0,0.0,10.0,332.5,223.4
CHL,3/7/2018,159.0,163.0,159.0,160.0,0.0,191.0,332.5,223.4
CHL,3/11/2018,159.0,159.0,155.0,158.0,-1.25,243.0,332.5,223.4
CHL,3/12/2018,155.0,155.0,150.0,154.0,-2.53,360.0,332.5,223.4
CHL,3/13/2018,151.0,154.0,150.0,151.0,-1.95,220.0,332.5,223.4
CHL,3/14/2018,149.0,149.0,149.0,149.0,-1.32,68.0,332.5,223.4
CHL,3/15/2018,151.0,153.0,150.0,150.0,0.67,234.0,332.5,223.4
CHL,3/18/2018,151.0,156.0,150.0,156.0,4.0,248.0,332.5,223.4
CHL,3/19/2018,156.0,156.0,150.0,151.0,-3.21,211.0,332.5,223.4
CHL,3/20/2018,148.0,148.0,148.0,148.0,-1.99,13.0,332.5,223.4
CHL,3/21/2018,148.0,150.0,148.0,150.0,1.35,158.0,332.5,223.4
CHL,3/22/2018,153.0,153.0,150.0,150.0,0.0,120.0,332.5,223.4
CHL,3/26/2018,148.0,153.0,148.0,148.0,-1.33,1624.0,332.5,223.4
CHL,3/27/2018,147.0,147.0,145.0,145.0,-2.03,75.0,332.5,223.4
CHL,3/28/2018,145.0,147.0,145.0,147.0,1.38,20.0,332.5,223.4
CHL,3/29/2018,146.0,149.0,146.0,149.0,1.36,30.0,332.5,223.4
CHL,4/1/2018,148.0,149.0,148.0,148.0,-0.67,94.0,332.5,223.4
CHL,4/2/2018,149.0,149.0,148.0,148.0,0.0,34.0,332.5,223.4
CHL,4/4/2018,150.0,152.0,150.0,152.0,2.7,23.0,332.5,223.4
CHL,4/5/2018,153.0,160.0,153.0,160.0,5.26,275.0,332.5,223.4
CHL,4/8/2018,163.0,163.0,159.0,159.0,-0.62,100.0,332.5,223.4
CHL,4/9/2018,159.0,162.0,159.0,159.0,0.0,522.0,332.5,223.4
CHL,4/11/2018,156.0,156.0,156.0,156.0,-1.89,54.0,332.5,223.4
CHL,4/12/2018,153.0,159.0,143.0,154.0,-1.28,320.0,332.5,223.4
CHL,4/15/2018,157.0,160.0,157.0,157.0,1.95,87.0,332.5,223.4
CHL,4/16/2018,157.0,157.0,157.0,157.0,0.0,33.0,332.5,223.4
CHL,4/18/2018,160.0,160.0,160.0,160.0,1.91,10.0,332.5,223.4
CHL,4/19/2018,160.0,168.0,160.0,168.0,5.0,564.0,332.5,223.4
CHL,4/22/2018,171.0,171.0,165.0,165.0,-1.79,261.0,332.5,223.4
CHL,4/23/2018,168.0,168.0,165.0,165.0,0.0,198.0,332.5,223.4
CHL,4/24/2018,168.0,168.0,162.0,168.0,1.82,144.0,332.5,223.4
CHL,4/25/2018,171.0,171.0,168.0,168.0,0.0,240.0,332.5,223.4
CHL,4/26/2018,168.0,168.0,165.0,166.0,-1.19,902.0,332.5,223.4
CHL,4/29/2018,163.0,165.0,161.0,161.0,-3.01,140.0,332.5,223.4
CHL,5/2/2018,158.0,158.0,158.0,158.0,-1.86,284.0,332.5,223.4
CHL,5/3/2018,161.0,164.0,160.0,160.0,1.27,194.0,332.5,223.4
CHL,5/6/2018,157.0,157.0,154.0,156.0,-2.5,326.0,332.5,223.4
CHL,5/7/2018,153.0,153.0,152.0,153.0,-1.92,87.0,332.5,223.4
CHL,5/8/2018,150.0,154.0,150.0,153.0,0.0,643.0,332.5,223.4
CHL,5/9/2018,156.0,157.0,151.0,151.0,-1.31,118.0,332.5,223.4
CHL,5/10/2018,148.0,154.0,148.0,151.0,0.0,149.0,332.5,223.4
CHL,5/14/2018,148.0,151.0,146.0,148.0,-1.99,184.0,332.5,223.4
CHL,5/15/2018,146.0,146.0,146.0,146.0,-1.35,20.0,332.5,223.4
CHL,5/17/2018,148.0,150.0,148.0,150.0,2.74,35.0,332.5,223.4
CHL,5/20/2018,148.0,148.0,148.0,148.0,-1.33,64.0,332.5,223.4
CHL,5/21/2018,146.0,150.0,146.0,148.0,0.0,90.0,332.5,223.4
CHL,5/22/2018,148.0,150.0,147.0,147.0,-0.68,206.0,332.5,223.4
CHL,5/23/2018,147.0,147.0,146.0,146.0,-0.68,89.0,332.5,223.4
CHL,5/24/2018,147.0,149.0,145.0,147.0,0.68,540.0,332.5,223.4
CHL,5/27/2018,145.0,148.0,145.0,146.0,-0.68,141.0,332.5,223.4
CHL,5/28/2018,144.0,149.0,144.0,149.0,2.05,74.0,332.5,223.4
CHL,5/29/2018,147.0,149.0,147.0,149.0,0.0,88.0,332.5,223.4
CHL,5/30/2018,148.0,148.0,148.0,148.0,-0.67,10.0,332.5,223.4
CHL,5/31/2018,148.0,148.0,148.0,148.0,0.0,74.0,332.5,223.4
CHL,6/3/2018,148.0,149.0,148.0,148.0,0.0,104.0,332.5,223.4
CHL,6/4/2018,150.0,150.0,146.0,146.0,-1.35,50.0,332.5,223.4
CHL,6/6/2018,144.0,144.0,144.0,144.0,-1.37,50.0,332.5,223.4
CHL,6/7/2018,142.0,142.0,139.0,140.0,-2.78,712.0,332.5,223.4
CHL,6/10/2018,138.0,138.0,138.0,138.0,-1.43,20.0,332.5,223.4
CHL,6/11/2018,138.0,139.0,138.0,139.0,0.72,84.0,332.5,223.4
CHL,6/12/2018,137.0,140.0,136.0,140.0,0.72,458.0,332.5,223.4
CHL,6/13/2018,138.0,144.0,138.0,141.0,0.71,214.0,332.5,223.4
CHL,6/14/2018,142.0,147.0,140.0,147.0,4.26,812.0,332.5,223.4
CHL,6/17/2018,148.0,155.0,148.0,151.0,2.72,949.0,332.5,223.4
CHL,6/19/2018,148.0,148.0,146.0,147.0,-2.65,74.0,332.5,223.4
CHL,6/20/2018,147.0,147.0,147.0,147.0,0.0,34.0,332.5,223.4
CHL,6/21/2018,145.0,145.0,145.0,145.0,-1.36,20.0,332.5,223.4
CHL,6/25/2018,145.0,145.0,143.0,145.0,0.0,30.0,332.5,223.4
CHL,6/26/2018,145.0,146.0,143.0,143.0,-1.38,109.0,332.5,223.4
CHL,6/27/2018,141.0,143.0,141.0,141.0,-1.4,146.0,332.5,223.4
CHL,6/28/2018,140.0,140.0,140.0,140.0,-0.71,44.0,332.5,223.4
CHL,7/1/2018,140.0,140.0,136.0,136.0,-2.86,492.0,332.5,223.4
CHL,7/2/2018,137.0,139.0,137.0,139.0,2.21,70.0,332.5,223.4
CHL,7/3/2018,137.0,139.0,137.0,139.0,0.0,174.0,332.5,223.4
CHL,7/4/2018,137.0,137.0,136.0,137.0,-1.44,130.0,332.5,223.4
CHL,7/5/2018,137.0,137.0,137.0,137.0,0.0,77.0,332.5,223.4
CHL,7/8/2018,136.0,136.0,136.0,136.0,-0.73,100.0,332.5,223.4
CHL,7/9/2018,136.0,137.0,136.0,137.0,0.74,54.0,332.5,223.4
CHL,7/10/2018,135.0,137.0,135.0,135.0,-1.46,158.0,332.5,223.4
CHL,7/11/2018,135.0,139.0,134.0,139.0,2.96,156.0,332.5,223.4
CHL,7/12/2018,137.0,137.0,133.0,134.0,-3.6,53.0,332.5,223.4
CHL,7/15/2018,134.0,134.0,131.0,131.0,-2.24,202.0,332.5,223.4
CHL,7/17/2018,129.0,129.0,127.0,127.0,-3.05,40.0,332.5,223.4
CHL,7/18/2018,125.0,128.0,125.0,127.0,0.0,401.0,332.5,223.4
CHL,7/19/2018,125.0,129.0,125.0,128.0,0.79,50.0,332.5,223.4
CHL,7/22/2018,127.0,127.0,126.0,127.0,-0.78,392.0,332.5,223.4
CHL,7/23/2018,128.0,131.0,128.0,129.0,1.57,81.0,332.5,223.4
CHL,7/24/2018,129.0,133.0,129.0,133.0,3.1,160.0,332.5,223.4
CHL,7/25/2018,131.0,132.0,129.0,129.0,-3.01,324.0,332.5,223.4
CHL,7/26/2018,128.0,128.0,127.0,127.0,-1.55,30.0,332.5,223.4
CHL,7/29/2018,129.0,129.0,129.0,129.0,1.57,100.0,332.5,223.4
CHL,7/30/2018,127.0,130.0,127.0,128.0,-0.78,155.0,332.5,223.4
CHL,7/31/2018,129.0,129.0,127.0,127.0,-0.78,40.0,332.5,223.4
CHL,8/1/2018,129.0,129.0,127.0,127.0,0.0,30.0,332.5,223.4
CHL,8/5/2018,125.0,128.0,125.0,126.0,-0.79,209.0,332.5,223.4
CHL,8/6/2018,126.0,126.0,125.0,125.0,-0.79,118.0,332.5,223.4
CHL,8/7/2018,123.0,125.0,123.0,125.0,0.0,30.0,332.5,223.4
CHL,8/8/2018,123.0,126.0,123.0,126.0,0.8,94.0,332.5,223.4
CHL,8/9/2018,127.0,129.0,125.0,126.0,0.0,246.0,332.5,223.4
CHL,8/12/2018,124.0,126.0,122.0,126.0,0.0,192.0,332.5,223.4
CHL,8/13/2018,126.0,126.0,124.0,124.0,-1.59,70.0,332.5,223.4
CHL,8/14/2018,122.0,124.0,122.0,124.0,0.0,106.0,332.5,223.4
CHL,8/15/2018,126.0,126.0,126.0,126.0,1.61,12.0,332.5,223.4
CHL,8/16/2018,126.0,130.0,126.0,128.0,1.59,188.0,332.5,223.4
CHL,8/19/2018,126.0,128.0,126.0,126.0,-1.56,166.0,332.5,223.4
CHL,8/20/2018,125.0,125.0,119.0,119.0,-5.56,293.0,332.5,223.4
CHL,8/21/2018,118.0,120.0,118.0,119.0,0.0,220.0,332.5,223.4
CHL,8/22/2018,117.0,119.0,117.0,119.0,0.0,20.0,332.5,223.4
CHL,8/23/2018,117.0,117.0,117.0,117.0,-1.68,38.0,332.5,223.4
CHL,8/26/2018,115.0,121.0,115.0,121.0,3.42,163.0,332.5,223.4
CHL,8/28/2018,120.0,122.0,120.0,122.0,0.83,89.0,332.5,223.4
CHL,8/29/2018,124.0,125.0,122.0,123.0,0.82,121.0,332.5,223.4
CHL,8/30/2018,121.0,121.0,117.0,120.0,-2.44,148.0,332.5,223.4
CHL,9/2/2018,120.0,120.0,120.0,120.0,0.0,47.0,332.5,223.4
CHL,9/3/2018,121.0,121.0,121.0,121.0,0.83,44.0,332.5,223.4
CHL,9/4/2018,121.0,123.0,121.0,123.0,1.65,33.0,332.5,223.4
CHL,9/5/2018,122.0,126.0,122.0,126.0,2.44,47.0,332.5,223.4
CHL,9/6/2018,127.0,129.0,127.0,128.0,1.59,652.0,332.5,223.4
CHL,9/9/2018,126.0,126.0,126.0,126.0,-1.56,94.0,332.5,223.4
CHL,9/10/2018,124.0,124.0,121.0,121.0,-3.97,90.0,332.5,223.4
CHL,9/11/2018,123.0,123.0,123.0,123.0,1.65,30.0,332.5,223.4
CHL,9/12/2018,121.0,123.0,121.0,121.0,-1.63,77.0,332.5,223.4
CHL,9/13/2018,120.0,120.0,120.0,120.0,-0.83,68.0,332.5,223.4
CHL,9/16/2018,122.0,122.0,122.0,122.0,1.67,169.0,332.5,223.4
CHL,9/17/2018,120.0,121.0,120.0,121.0,-0.82,30.0,332.5,223.4
CHL,9/18/2018,119.0,120.0,119.0,120.0,-0.83,50.0,332.5,223.4
CHL,9/20/2018,121.0,124.0,120.0,124.0,3.33,403.0,332.5,223.4
CHL,9/23/2018,122.0,122.0,120.0,120.0,-3.23,30.0,332.5,223.4
CHL,9/25/2018,120.0,122.0,120.0,120.0,0.0,255.0,332.5,223.4
CHL,9/26/2018,120.0,120.0,120.0,120.0,0.0,62.0,332.5,223.4
CHL,9/27/2018,118.0,120.0,118.0,120.0,0.0,88.0,332.5,223.4
CHL,9/30/2018,118.0,120.0,118.0,120.0,0.0,309.0,332.5,223.4
CHL,10/1/2018,119.0,121.0,118.0,118.0,-1.67,222.0,332.5,223.4
CHL,10/2/2018,116.0,116.0,115.0,115.0,-2.54,63.0,332.5,223.4
CHL,10/3/2018,113.0,113.0,112.0,113.0,-1.74,164.0,332.5,223.4
CHL,10/4/2018,112.0,112.0,112.0,112.0,-0.88,20.0,332.5,223.4
CHL,10/7/2018,110.0,110.0,110.0,110.0,-1.79,84.0,332.5,223.4
CHL,10/8/2018,109.0,112.0,109.0,112.0,1.82,132.0,332.5,223.4
CHL,10/9/2018,110.0,115.0,109.0,114.0,1.79,81.0,332.5,223.4
CHL,10/10/2018,112.0,112.0,112.0,112.0,-1.75,10.0,332.5,223.4
CHL,10/11/2018,110.0,115.0,110.0,113.0,0.89,103.0,332.5,223.4
CHL,10/14/2018,112.0,113.0,112.0,113.0,0.0,140.0,332.5,223.4
CHL,10/15/2018,115.0,117.0,115.0,115.0,1.77,134.0,332.5,223.4
CHL,10/22/2018,116.0,116.0,112.0,112.0,-2.61,247.0,332.5,223.4
CHL,10/23/2018,110.0,114.0,110.0,114.0,1.79,656.0,332.5,223.4
CHL,10/24/2018,112.0,112.0,112.0,112.0,-1.75,133.0,332.5,223.4
CHL,10/25/2018,110.0,119.0,110.0,119.0,6.25,207.0,332.5,223.4
CHL,10/28/2018,117.0,117.0,113.0,115.0,-3.36,151.0,332.5,223.4
CHL,10/29/2018,117.0,119.0,115.0,115.0,0.0,358.0,332.5,223.4
CHL,10/30/2018,115.0,115.0,114.0,115.0,0.0,50.0,332.5,223.4
CHL,10/31/2018,113.0,113.0,109.0,110.0,-4.35,114.0,332.5,223.4
CHL,11/1/2018,112.0,112.0,112.0,112.0,1.82,10.0,332.5,223.4
CHL,11/5/2018,114.0,114.0,112.0,112.0,0.0,62.0,332.5,223.4
CHL,11/13/2018,110.0,112.0,110.0,110.0,-1.79,10.0,332.5,223.4
CHL,11/14/2018,108.0,110.0,108.0,108.0,-1.82,10.0,332.5,223.4
CHL,11/15/2018,106.0,109.0,106.0,109.0,0.93,53.0,332.5,223.4
CHL,11/18/2018,106.0,106.0,105.0,105.0,-3.67,54.0,332.5,223.4
CHL,11/19/2018,104.0,106.0,104.0,106.0,0.95,128.0,332.5,223.4
CHL,11/20/2018,104.0,106.0,104.0,106.0,0.0,236.0,332.5,223.4
CHL,11/21/2018,104.0,104.0,104.0,104.0,-1.89,13.0,332.5,223.4
CHL,11/22/2018,102.0,106.0,102.0,106.0,1.92,40.0,332.5,223.4
CHL,11/25/2018,104.0,106.0,100.0,100.0,-5.66,1463.0,332.5,223.4
CHL,11/26/2018,101.0,102.0,101.0,102.0,2.0,39.0,332.5,223.4
CHL,11/27/2018,100.0,100.0,100.0,100.0,-1.96,34.0,332.5,223.4
CHL,11/28/2018,100.0,104.0,100.0,103.0,3.0,50.0,332.5,223.4
CHL,11/29/2018,101.0,107.0,101.0,107.0,3.88,50.0,332.5,223.4
CHL,12/2/2018,107.0,109.0,106.0,109.0,1.87,312.0,332.5,223.4
CHL,12/3/2018,107.0,109.0,107.0,109.0,0.0,208.0,332.5,223.4
CHL,12/4/2018,107.0,110.0,107.0,109.0,0.0,284.0,332.5,223.4
CHL,12/11/2018,107.0,107.0,107.0,107.0,-1.83,10.0,332.5,223.4
CHL,12/13/2018,107.0,107.0,105.0,105.0,-1.87,44.0,332.5,223.4
CHL,12/17/2018,103.0,103.0,103.0,103.0,-1.9,10.0,332.5,223.4
CHL,12/18/2018,102.0,102.0,98.0,100.0,-2.91,305.0,332.5,223.4
CHL,12/19/2018,100.0,102.0,100.0,101.0,1.0,80.0,332.5,223.4
CHL,12/20/2018,99.0,102.0,99.0,100.0,-0.99,2105.0,332.5,223.4
CHL,12/23/2018,98.0,100.0,98.0,100.0,0.0,122.0,332.5,223.4
CHL,12/24/2018,100.0,102.0,100.0,102.0,2.0,98.0,332.5,223.4
CHL,12/25/2018,101.0,107.0,101.0,105.0,2.94,500.0,332.5,223.4
CHL,12/26/2018,105.0,105.0,101.0,103.0,-1.9,780.0,332.5,223.4
CHL,12/27/2018,104.0,107.0,104.0,107.0,3.88,362.0,332.5,223.4
CHL,12/30/2018,105.0,105.0,105.0,105.0,-1.87,10.0,332.5,223.4
CHL,12/31/2018,105.0,105.0,105.0,105.0,0.0,100.0,332.5,223.4
CHL,1/1/2019,103.0,104.0,103.0,104.0,-0.95,94.0,332.5,223.4
CHL,1/3/2019,102.0,103.0,102.0,103.0,-0.96,50.0,332.5,223.4
CHL,1/6/2019,101.0,101.0,101.0,101.0,-1.94,50.0,332.5,223.4
CHL,1/7/2019,102.0,102.0,100.0,102.0,0.99,134.0,332.5,223.4
CHL,1/8/2019,102.0,102.0,100.0,101.0,-0.98,60.0,332.5,223.4
CHL,1/9/2019,101.0,103.0,101.0,103.0,1.98,127.0,332.5,223.4
CHL,1/10/2019,101.0,101.0,101.0,101.0,-1.94,141.0,332.5,223.4
CHL,1/13/2019,100.0,103.0,100.0,101.0,0.0,114.0,332.5,223.4
CHL,1/14/2019,101.0,101.0,101.0,101.0,0.0,34.0,332.5,223.4
CHL,1/15/2019,100.0,104.0,100.0,104.0,2.97,45.0,332.5,223.4
CHL,1/16/2019,102.0,102.0,102.0,102.0,-1.92,98.0,332.5,223.4
CHL,1/17/2019,100.0,103.0,100.0,103.0,0.98,142.0,332.5,223.4
CHL,1/20/2019,105.0,107.0,105.0,107.0,3.88,53.0,332.5,223.4
CHL,1/21/2019,105.0,107.0,105.0,107.0,0.0,100.0,332.5,223.4
CHL,1/22/2019,107.0,107.0,107.0,107.0,0.0,10.0,332.5,223.4
CHL,1/27/2019,105.0,105.0,100.0,100.0,-6.54,40.0,332.5,223.4
CHL,1/28/2019,100.0,100.0,98.0,99.0,-1.0,150.0,332.5,223.4
CHL,1/29/2019,100.0,100.0,100.0,100.0,1.01,10.0,332.5,223.4
CHL,1/30/2019,100.0,102.0,100.0,100.0,0.0,387.0,332.5,223.4
CHL,1/31/2019,100.0,100.0,98.0,98.0,-2.0,814.0,332.5,223.4
CHL,2/3/2019,97.0,98.0,97.0,98.0,0.0,168.0,332.5,223.4
CHL,2/4/2019,99.0,99.0,98.0,99.0,1.02,190.0,332.5,223.4
CHL,2/5/2019,98.0,99.0,98.0,99.0,0.0,215.0,332.5,223.4
CHL,2/6/2019,100.0,100.0,100.0,100.0,1.01,285.0,332.5,223.4
CHL,2/7/2019,100.0,102.0,100.0,102.0,2.0,74.0,332.5,223.4
CHL,2/11/2019,100.0,100.0,100.0,100.0,-1.96,110.0,332.5,223.4
CHL,2/12/2019,100.0,102.0,99.0,102.0,2.0,653.0,332.5,223.4
CHL,2/13/2019,102.0,102.0,101.0,101.0,-0.98,570.0,332.5,223.4
CHL,2/14/2019,100.0,104.0,100.0,102.0,0.99,564.0,332.5,223.4
CHL,2/17/2019,102.0,102.0,100.0,101.0,-0.98,588.0,332.5,223.4
CHL,2/18/2019,101.0,103.0,101.0,102.0,0.99,980.0,332.5,223.4
CHL,2/19/2019,104.0,104.0,102.0,103.0,0.98,822.0,332.5,223.4
CHL,2/20/2019,102.0,103.0,102.0,103.0,0.0,157.0,332.5,223.4
CHL,2/21/2019,102.0,102.0,102.0,102.0,-0.97,133.0,332.5,223.4
CHL,2/24/2019,101.0,102.0,101.0,101.0,-0.98,134.0,332.5,223.4
CHL,2/25/2019,100.0,102.0,100.0,100.0,-0.99,122.0,332.5,223.4
CHL,2/26/2019,102.0,102.0,100.0,100.0,0.0,101.0,332.5,223.4
CHL,2/27/2019,101.0,102.0,101.0,102.0,2.0,54.0,332.5,223.4
CHL,3/3/2019,102.0,103.0,101.0,102.0,0.0,111.0,332.5,223.4
CHL,3/5/2019,101.0,103.0,100.0,101.0,-0.98,1152.0,332.5,223.4
CHL,3/6/2019,101.0,103.0,101.0,102.0,0.99,121.0,332.5,223.4
CHL,3/10/2019,102.0,102.0,102.0,102.0,0.0,67.0,332.5,223.4
CHL,3/11/2019,101.0,104.0,101.0,104.0,1.96,200.0,332.5,223.4
CHL,3/12/2019,106.0,108.0,106.0,108.0,3.85,187.0,332.5,223.4
CHL,3/13/2019,108.0,109.0,107.0,107.0,-0.93,225.0,332.5,223.4
CHL,3/14/2019,104.0,104.0,103.0,103.0,-3.74,77.0,332.5,223.4
CHL,3/17/2019,103.0,105.0,103.0,105.0,1.94,224.0,332.5,223.4
CHL,3/18/2019,105.0,105.0,104.0,104.0,-0.95,144.0,332.5,223.4
CHL,3/19/2019,103.0,103.0,103.0,103.0,-0.96,50.0,332.5,223.4
CHL,3/21/2019,101.0,101.0,101.0,101.0,-1.94,52.0,332.5,223.4
CHL,3/24/2019,101.0,104.0,101.0,104.0,2.97,142.0,332.5,223.4
CHL,3/25/2019,102.0,102.0,98.0,102.0,-1.92,146.0,332.5,223.4
CHL,3/26/2019,100.0,102.0,100.0,102.0,0.0,121.0,332.5,223.4
CHL,3/27/2019,100.0,102.0,100.0,101.0,-0.98,151.0,332.5,223.4
CHL,3/28/2019,101.0,101.0,101.0,101.0,0.0,20.0,332.5,223.4
CHL,3/31/2019,101.0,102.0,101.0,102.0,0.99,30.0,332.5,223.4
CHL,4/1/2019,102.0,102.0,101.0,101.0,-0.98,156.0,332.5,223.4
CHL,4/2/2019,101.0,103.0,101.0,101.0,0.0,206.0,332.5,223.4
CHL,4/3/2019,102.0,103.0,101.0,103.0,1.98,288.0,332.5,223.4
CHL,4/4/2019,103.0,103.0,101.0,101.0,-1.94,59.0,332.5,223.4
CHL,4/7/2019,101.0,102.0,101.0,102.0,0.99,111.0,332.5,223.4
CHL,4/8/2019,101.0,104.0,101.0,104.0,1.96,73.0,332.5,223.4
CHL,4/9/2019,102.0,103.0,102.0,102.0,-1.92,33.0,332.5,223.4
CHL,4/10/2019,102.0,102.0,101.0,101.0,-0.98,99.0,332.5,223.4
CHL,4/11/2019,101.0,101.0,101.0,101.0,0.0,158.0,332.5,223.4
CHL,4/15/2019,102.0,102.0,99.0,99.0,-1.98,72.0,332.5,223.4
CHL,4/16/2019,100.0,103.0,100.0,103.0,4.04,244.0,332.5,223.4
CHL,4/17/2019,102.0,103.0,102.0,102.0,-0.97,500.0,332.5,223.4
CHL,4/18/2019,100.0,100.0,100.0,100.0,-1.96,54.0,332.5,223.4
CHL,4/21/2019,98.0,99.0,98.0,99.0,-1.0,40.0,332.5,223.4
CHL,4/22/2019,100.0,100.0,100.0,100.0,1.01,310.0,332.5,223.4
CHL,4/23/2019,102.0,102.0,101.0,101.0,1.0,54.0,332.5,223.4
CHL,4/25/2019,99.0,99.0,99.0,99.0,-1.98,63.0,332.5,223.4
CHL,4/28/2019,100.0,100.0,98.0,100.0,1.01,60.0,332.5,223.4
CHL,4/29/2019,98.0,98.0,96.0,96.0,-4.0,150.0,332.5,223.4
CHL,4/30/2019,97.0,99.0,97.0,98.0,2.08,104.0,332.5,223.4
CHL,5/2/2019,97.0,101.0,97.0,100.0,2.04,360.0,332.5,223.4
CHL,5/5/2019,100.0,98.0,100.0,98.0,-2.0,302.0,332.5,223.4
CHL,5/6/2019,99.0,103.0,99.0,102.0,4.08,115.0,332.5,223.4
CHL,5/7/2019,101.0,101.0,101.0,101.0,-0.98,20.0,332.5,223.4
CHL,5/8/2019,100.0,100.0,100.0,100.0,-0.99,74.0,332.5,223.4
CHL,5/9/2019,100.0,101.0,100.0,100.0,0.0,178.0,332.5,223.4
CHL,5/12/2019,100.0,100.0,100.0,100.0,0.0,331.0,332.5,223.4
CHL,5/13/2019,101.0,101.0,100.0,100.0,0.0,64.0,332.5,223.4
CHL,5/14/2019,100.0,100.0,97.0,97.0,-3.0,510.0,332.5,223.4
CHL,5/15/2019,97.0,98.0,97.0,98.0,1.03,74.0,332.5,223.4
CHL,5/16/2019,99.0,102.0,99.0,99.0,1.02,967.0,332.5,223.4
CHL,5/19/2019,98.0,99.0,97.0,99.0,0.0,309.0,332.5,223.4
CHL,5/20/2019,98.0,100.0,98.0,100.0,1.01,133.0,332.5,223.4
CHL,5/21/2019,100.0,102.0,100.0,102.0,2.0,100.0,332.5,223.4
CHL,5/22/2019,100.0,109.0,98.0,109.0,6.86,441.0,332.5,223.4
CHL,5/27/2019,107.0,107.0,101.0,101.0,-7.34,393.0,332.5,223.4
CHL,5/28/2019,100.0,102.0,98.0,99.0,-1.98,316.0,332.5,223.4
CHL,5/29/2019,98.0,98.0,97.0,97.0,-2.02,20.0,332.5,223.4
CHL,5/30/2019,98.0,99.0,98.0,99.0,2.06,50.0,332.5,223.4
CHL,6/2/2019,99.0,100.0,98.0,98.0,-1.01,343.0,332.5,223.4
CHL,6/3/2019,98.0,98.0,98.0,98.0,0.0,10.0,332.5,223.4
CHL,6/4/2019,97.0,97.0,95.0,95.0,-3.06,104.0,332.5,223.4
CHL,6/6/2019,94.0,95.0,94.0,95.0,0.0,1214.0,332.5,223.4
CHL,6/10/2019,95.0,96.0,95.0,95.0,0.0,76.0,332.5,223.4
CHL,6/11/2019,94.0,95.0,94.0,94.0,-1.05,80.0,332.5,223.4
CHL,6/12/2019,93.0,94.0,93.0,94.0,0.0,510.0,332.5,223.4
CHL,6/13/2019,93.0,93.0,92.0,93.0,-1.06,109.0,332.5,223.4
CHL,6/16/2019,92.0,93.0,91.0,93.0,0.0,339.0,332.5,223.4
CHL,6/17/2019,92.0,92.0,91.0,92.0,-1.08,142.0,332.5,223.4
CHL,6/18/2019,93.0,94.0,93.0,93.0,1.09,40.0,332.5,223.4
CHL,6/19/2019,92.0,93.0,92.0,93.0,0.0,30.0,332.5,223.4
CHL,6/20/2019,92.0,93.0,92.0,93.0,0.0,33.0,332.5,223.4
CHL,6/23/2019,92.0,94.0,92.0,94.0,1.08,110.0,332.5,223.4
CHL,6/24/2019,93.0,95.0,93.0,95.0,1.06,135.0,332.5,223.4
CHL,6/25/2019,94.0,94.0,93.0,93.0,-2.11,94.0,332.5,223.4
CHL,6/26/2019,92.0,94.0,92.0,93.0,0.0,94.0,332.5,223.4
CHL,6/27/2019,93.0,93.0,92.0,92.0,-1.08,98.0,332.5,223.4
CHL,6/30/2019,91.0,91.0,91.0,91.0,-1.09,114.0,332.5,223.4
CHL,7/1/2019,91.0,92.0,90.0,90.0,-1.1,403.0,332.5,223.4
CHL,7/2/2019,90.0,90.0,90.0,90.0,0.0,78.0,332.5,223.4
CHL,7/3/2019,89.0,89.0,88.0,88.0,-2.22,850.0,332.5,223.4
CHL,7/4/2019,88.0,88.0,88.0,88.0,0.0,10.0,332.5,223.4
CHL,7/7/2019,88.0,88.0,87.0,87.0,-1.14,40.0,332.5,223.4
CHL,7/8/2019,88.0,89.0,88.0,89.0,2.3,132.0,332.5,223.4
CHL,7/9/2019,90.0,90.0,89.0,90.0,1.12,75.0,332.5,223.4
CHL,7/10/2019,89.0,90.0,88.0,90.0,0.0,310.0,332.5,223.4
CHL,7/11/2019,89.0,89.0,87.0,88.0,-2.22,290.0,332.5,223.4
CHL,7/14/2019,88.0,89.0,87.0,87.0,-1.14,213.0,332.5,223.4
CHL,7/15/2019,86.0,87.0,86.0,87.0,0.0,223.0,332.5,223.4
CHL,7/16/2019,87.0,88.0,86.0,87.0,0.0,182.0,332.5,223.4
CHL,7/17/2019,87.0,87.0,87.0,87.0,0.0,30.0,332.5,223.4
CHL,7/18/2019,88.0,89.0,88.0,89.0,2.3,31.0,332.5,223.4
CHL,7/21/2019,88.0,88.0,88.0,88.0,-1.12,20.0,332.5,223.4
CHL,7/22/2019,89.0,89.0,89.0,89.0,1.14,476.0,332.5,223.4
CHL,7/23/2019,89.0,91.0,89.0,91.0,2.25,348.0,332.5,223.4
CHL,7/25/2019,90.0,90.0,90.0,90.0,-1.1,10.0,332.5,223.4
CHL,7/29/2019,89.0,90.0,89.0,90.0,0.0,40.0,332.5,223.4
CHL,7/30/2019,89.0,89.0,89.0,89.0,-1.11,64.0,332.5,223.4
CHL,7/31/2019,88.0,90.0,88.0,90.0,1.12,182.0,332.5,223.4
CHL,8/1/2019,89.0,89.0,89.0,89.0,-1.11,13.0,332.5,223.4
CHL,8/4/2019,88.0,88.0,87.0,88.0,-1.12,432.0,332.5,223.4
CHL,8/5/2019,87.0,88.0,87.0,88.0,0.0,34.0,332.5,223.4
CHL,8/6/2019,87.0,87.0,84.0,85.0,-3.41,124.0,332.5,223.4
CHL,8/7/2019,85.0,85.0,84.0,84.0,-1.18,54.0,332.5,223.4
CHL,8/8/2019,84.0,85.0,84.0,85.0,1.19,163.0,332.5,223.4
CHL,8/11/2019,84.0,84.0,82.0,82.0,-3.53,133.0,332.5,223.4
CHL,8/12/2019,81.0,81.0,81.0,81.0,-1.22,90.0,332.5,223.4
CHL,8/13/2019,81.0,83.0,81.0,82.0,1.23,1675.0,332.5,223.4
CHL,8/14/2019,81.0,82.0,81.0,82.0,0.0,20.0,332.5,223.4
CHL,8/15/2019,82.0,83.0,82.0,82.0,0.0,47.0,332.5,223.4
CHL,8/19/2019,81.0,81.0,81.0,81.0,-1.22,30.0,332.5,223.4
CHL,8/20/2019,80.0,81.0,79.0,79.0,-2.47,45.0,332.5,223.4
CHL,8/21/2019,78.0,78.0,76.0,76.0,-3.8,256.0,332.5,223.4
CHL,8/22/2019,76.0,76.0,76.0,76.0,0.0,54.0,332.5,223.4
CHL,8/25/2019,76.0,76.0,75.0,75.0,-1.32,63.0,332.5,223.4
CHL,8/26/2019,75.0,76.0,75.0,76.0,1.33,91.0,332.5,223.4
CHL,8/27/2019,76.0,76.0,76.0,76.0,0.0,28.0,332.5,223.4
CHL,8/28/2019,76.0,77.0,75.0,75.0,-1.32,1060.0,332.5,223.4
CHL,8/29/2019,75.0,76.0,75.0,75.0,0.0,200.0,332.5,223.4
CHL,9/1/2019,75.0,75.0,75.0,75.0,0.0,20.0,332.5,223.4
CHL,9/2/2019,74.0,75.0,74.0,75.0,0.0,60.0,332.5,223.4
CHL,9/3/2019,75.0,76.0,75.0,76.0,1.33,20.0,332.5,223.4
CHL,9/4/2019,75.0,77.0,75.0,77.0,1.32,62.0,332.5,223.4
CHL,9/5/2019,78.0,80.0,78.0,80.0,3.9,54.0,332.5,223.4
CHL,9/8/2019,79.0,81.0,78.0,81.0,1.25,419.0,332.5,223.4
CHL,9/9/2019,80.0,81.0,80.0,81.0,0.0,33.0,332.5,223.4
CHL,9/10/2019,80.0,80.0,80.0,80.0,-1.23,74.0,332.5,223.4
CHL,9/11/2019,80.0,81.0,80.0,81.0,1.25,98.0,332.5,223.4
CHL,9/12/2019,80.0,80.0,80.0,80.0,-1.23,20.0,332.5,223.4
CHL,9/15/2019,80.0,80.0,79.0,79.0,-1.25,780.0,332.5,223.4
CHL,9/16/2019,79.0,81.0,79.0,81.0,2.53,210.0,332.5,223.4
CHL,9/17/2019,80.0,82.0,80.0,82.0,1.23,256.0,332.5,223.4
CHL,9/18/2019,82.0,82.0,81.0,82.0,0.0,68.0,332.5,223.4
CHL,9/19/2019,83.0,83.0,83.0,83.0,1.22,10.0,332.5,223.4
CHL,9/23/2019,82.0,82.0,82.0,82.0,-1.2,34.0,332.5,223.4
CHL,9/24/2019,81.0,81.0,81.0,81.0,-1.22,10.0,332.5,223.4
CHL,9/25/2019,80.0,80.0,80.0,80.0,-1.23,23.0,332.5,223.4
CHL,9/29/2019,80.0,80.0,80.0,80.0,0.0,50.0,332.5,223.4
CHL,9/30/2019,80.0,81.0,80.0,81.0,1.25,44.0,332.5,223.4
CHL,10/1/2019,80.0,81.0,80.0,81.0,0.0,23.0,332.5,223.4
CHL,10/3/2019,80.0,81.0,79.0,79.0,-2.47,810.0,332.5,223.4
CHL,10/10/2019,79.0,79.0,79.0,79.0,0.0,10.0,332.5,223.4
CHL,10/14/2019,79.0,79.0,79.0,79.0,0.0,32.0,332.5,223.4
CHL,10/15/2019,79.0,80.0,79.0,80.0,1.27,63.0,332.5,223.4
CHL,10/17/2019,80.0,80.0,80.0,80.0,0.0,10.0,332.5,223.4
CHL,10/21/2019,79.0,80.0,79.0,80.0,0.0,78.0,332.5,223.4
CHL,10/23/2019,79.0,79.0,79.0,79.0,-1.25,50.0,332.5,223.4
CHL,10/31/2019,79.0,79.0,79.0,79.0,0.0,74.0,332.5,223.4
CHL,11/3/2019,79.0,79.0,79.0,79.0,0.0,70.0,332.5,223.4
CHL,11/4/2019,79.0,79.0,79.0,79.0,0.0,74.0,332.5,223.4
CHL,11/7/2019,79.0,80.0,79.0,79.0,0.0,67.0,332.5,223.4
CHL,11/10/2019,79.0,79.0,79.0,79.0,0.0,10.0,332.5,223.4
CHL,11/11/2019,79.0,79.0,79.0,79.0,0.0,44.0,332.5,223.4
CHL,11/12/2019,79.0,80.0,79.0,79.0,0.0,574.0,332.5,223.4
CHL,11/14/2019,79.0,80.0,79.0,79.0,0.0,654.0,332.5,223.4
CHL,11/17/2019,79.0,80.0,79.0,79.0,0.0,135.0,332.5,223.4
CHL,11/19/2019,80.0,81.0,80.0,81.0,2.53,23.0,332.5,223.4
CHL,11/21/2019,80.0,81.0,80.0,81.0,0.0,20.0,332.5,223.4
CHL,11/24/2019,80.0,80.0,79.0,79.0,-2.47,48.0,332.5,223.4
CHL,11/25/2019,79.0,79.0,79.0,79.0,0.0,78.0,332.5,223.4
CHL,11/26/2019,80.0,81.0,80.0,80.0,1.27,481.0,332.5,223.4
CHL,11/27/2019,80.0,80.0,79.0,79.0,-1.25,476.0,332.5,223.4
CHL,12/1/2019,78.0,78.0,78.0,78.0,-1.27,10.0,332.5,223.4
CHL,12/2/2019,77.0,79.0,77.0,79.0,1.28,74.0,332.5,223.4
CHL,12/3/2019,78.0,78.0,78.0,78.0,-1.27,65.0,332.5,223.4
CHL,12/4/2019,78.0,79.0,77.0,79.0,1.28,336.0,332.5,223.4
CHL,12/8/2019,78.0,78.0,78.0,78.0,-1.27,34.0,332.5,223.4
CHL,12/9/2019,79.0,79.0,78.0,78.0,0.0,44.0,332.5,223.4
CHL,12/10/2019,78.0,79.0,78.0,79.0,1.28,150.0,332.5,223.4
CHL,12/11/2019,78.0,79.0,78.0,79.0,0.0,64.0,332.5,223.4
CHL,12/12/2019,78.0,78.0,77.0,78.0,-1.27,64.0,332.5,223.4
CHL,12/15/2019,79.0,81.0,79.0,81.0,3.85,99.0,332.5,223.4
CHL,12/16/2019,81.0,82.0,81.0,81.0,0.0,110.0,332.5,223.4
CHL,12/18/2019,80.0,80.0,80.0,80.0,-1.23,84.0,332.5,223.4
CHL,12/19/2019,79.0,79.0,79.0,79.0,-1.25,10.0,332.5,223.4
CHL,12/22/2019,80.0,80.0,80.0,80.0,1.27,20.0,332.5,223.4
CHL,12/23/2019,81.0,85.0,81.0,85.0,6.25,139.0,332.5,223.4
CHL,12/24/2019,86.0,93.0,86.0,93.0,9.41,632.0,332.5,223.4
CHL,12/25/2019,93.0,97.0,93.0,95.0,2.15,1098.0,332.5,223.4
CHL,12/26/2019,94.0,95.0,94.0,95.0,0.0,30.0,332.5,223.4
CHL,12/29/2019,94.0,94.0,94.0,94.0,-1.05,64.0,332.5,223.4
CHL,12/30/2019,93.0,95.0,93.0,94.0,0.0,681.0,332.5,223.4
CHL,1/1/2020,88.0,89.0,86.0,87.0,-7.45,780.0,332.5,223.4
CHL,1/2/2020,86.0,87.0,86.0,87.0,0.0,77.0,332.5,223.4
CHL,1/5/2020,86.0,86.0,86.0,86.0,-1.15,84.0,332.5,223.4
CHL,1/6/2020,85.0,87.0,85.0,87.0,1.16,60.0,332.5,223.4
CHL,1/7/2020,86.0,87.0,86.0,86.0,-1.15,78.0,332.5,223.4
CHL,1/8/2020,85.0,85.0,85.0,85.0,-1.16,268.0,332.5,223.4
CHL,1/9/2020,85.0,86.0,84.0,86.0,1.18,155.0,332.5,223.4
CHL,1/12/2020,85.0,88.0,85.0,88.0,2.33,191.0,332.5,223.4
CHL,1/13/2020,88.0,90.0,88.0,90.0,2.27,401.0,332.5,223.4
CHL,1/14/2020,89.0,91.0,89.0,90.0,0.0,384.0,332.5,223.4
CHL,1/15/2020,90.0,91.0,90.0,90.0,0.0,395.0,332.5,223.4
CHL,1/16/2020,89.0,91.0,89.0,89.0,-1.11,667.0,332.5,223.4
CHL,1/19/2020,88.0,90.0,88.0,90.0,1.12,91.0,332.5,223.4
CHL,1/20/2020,89.0,91.0,89.0,90.0,0.0,650.0,332.5,223.4
CHL,1/21/2020,89.0,93.0,89.0,93.0,3.33,568.0,332.5,223.4
CHL,1/22/2020,93.0,95.0,92.0,92.0,-1.08,664.0,332.5,223.4
CHL,1/23/2020,91.0,92.0,91.0,91.0,-1.09,124.0,332.5,223.4
CHL,1/26/2020,90.0,90.0,90.0,90.0,-1.1,34.0,332.5,223.4
CHL,1/27/2020,91.0,91.0,91.0,91.0,1.11,34.0,332.5,223.4
CHL,1/28/2020,92.0,92.0,89.0,89.0,-2.2,293.0,332.5,223.4
CHL,1/29/2020,88.0,88.0,88.0,88.0,-1.12,414.0,332.5,223.4
CHL,1/30/2020,88.0,89.0,88.0,88.0,0.0,122.0,332.5,223.4
CHL,2/2/2020,87.0,88.0,87.0,88.0,0.0,20.0,332.5,223.4
CHL,2/3/2020,88.0,96.0,88.0,96.0,9.09,678.0,332.5,223.4
CHL,2/4/2020,97.0,97.0,94.0,95.0,-1.04,1401.0,332.5,223.4
CHL,2/5/2020,95.0,96.0,95.0,95.0,0.0,572.0,332.5,223.4
CHL,2/6/2020,94.0,95.0,94.0,94.0,-1.05,144.0,332.5,223.4
CHL,2/9/2020,95.0,97.0,94.0,96.0,2.13,1257.0,332.5,223.4
CHL,2/10/2020,95.0,98.0,95.0,98.0,2.08,332.0,332.5,223.4
CHL,2/11/2020,99.0,99.0,98.0,98.0,0.0,521.0,332.5,223.4
CHL,2/12/2020,98.0,99.0,96.0,96.0,-2.04,295.0,332.5,223.4
CHL,2/13/2020,95.0,95.0,94.0,94.0,-2.08,128.0,332.5,223.4
CHL,2/16/2020,93.0,95.0,93.0,95.0,1.06,115.0,332.5,223.4
CHL,2/17/2020,94.0,98.0,94.0,98.0,3.16,593.0,332.5,223.4
CHL,2/18/2020,97.0,97.0,95.0,95.0,-3.06,744.0,332.5,223.4
CHL,2/19/2020,96.0,97.0,95.0,96.0,1.05,570.0,332.5,223.4
CHL,2/20/2020,95.0,96.0,94.0,95.0,-1.04,175.0,332.5,223.4
CHL,2/23/2020,95.0,97.0,95.0,97.0,2.11,679.0,332.5,223.4
CHL,2/24/2020,96.0,100.0,96.0,98.0,1.03,427.0,332.5,223.4
CHL,2/25/2020,97.0,100.0,96.0,100.0,2.04,546.0,332.5,223.4
CHL,2/26/2020,99.0,101.0,99.0,101.0,1.0,813.0,332.5,223.4
CHL,2/27/2020,101.0,101.0,99.0,99.0,-1.98,663.0,332.5,223.4
CHL,3/1/2020,100.0,103.0,100.0,103.0,4.04,644.0,332.5,223.4
CHL,3/2/2020,101.0,102.0,101.0,102.0,-0.97,100.0,332.5,223.4
CHL,3/3/2020,100.0,101.0,99.0,101.0,-0.98,113.0,332.5,223.4
CHL,3/4/2020,102.0,103.0,99.0,99.0,-1.98,611.0,332.5,223.4
CHL,3/5/2020,98.0,98.0,95.0,95.0,-4.04,104.0,332.5,223.4
CHL,3/10/2020,94.0,94.0,92.0,92.0,-3.16,55.0,332.5,223.4
CHL,3/11/2020,91.0,91.0,90.0,91.0,-1.09,138.0,332.5,223.4
CHL,3/12/2020,90.0,91.0,88.0,91.0,0.0,257.0,332.5,223.4
CHL,3/15/2020,90.0,90.0,89.0,89.0,-2.2,74.0,332.5,223.4
CHL,3/16/2020,88.0,88.0,88.0,88.0,-1.12,227.0,332.5,223.4
CHL,3/17/2020,87.0,87.0,83.0,84.0,-4.55,679.0,332.5,223.4
CHL,3/19/2020,83.0,83.0,83.0,83.0,-1.19,46.0,332.5,223.4
CHL,7/5/2020,83.0,83.0,80.0,81.0,-2.41,389.0,332.5,223.4
CHL,7/6/2020,80.0,82.0,80.0,80.0,-1.23,926.0,332.5,223.4
CHL,7/7/2020,80.0,81.0,80.0,81.0,1.25,2010.0,332.5,223.4
CHL,7/8/2020,80.0,80.0,79.0,79.0,-2.47,94.0,332.5,223.4
CHL,7/9/2020,78.0,78.0,77.0,78.0,-1.27,4207.0,332.5,223.4
CHL,7/12/2020,78.0,78.0,77.0,78.0,0.0,299.0,332.5,223.4
CHL,7/13/2020,77.0,79.0,77.0,79.0,1.28,138.0,332.5,223.4
CHL,7/14/2020,78.0,80.0,78.0,80.0,1.27,2144.0,332.5,223.4
CHL,7/15/2020,79.0,80.0,79.0,80.0,0.0,343.0,332.5,223.4
CHL,7/16/2020,81.0,84.0,81.0,82.0,2.5,1245.0,332.5,223.4
CHL,7/20/2020,83.0,85.0,82.0,84.0,2.44,929.0,332.5,223.4
CHL,7/21/2020,85.0,85.0,81.0,84.0,0.0,1398.0,332.5,223.4
CHL,7/22/2020,83.0,83.0,82.0,82.0,-2.38,179.0,332.5,223.4
CHL,7/23/2020,81.0,81.0,79.0,81.0,-1.22,286.0,332.5,223.4
CHL,7/26/2020,80.0,84.0,80.0,83.0,2.47,1420.0,332.5,223.4
CHL,7/27/2020,82.0,82.0,80.0,82.0,-1.2,2303.0,332.5,223.4
CHL,7/28/2020,82.0,83.0,82.0,83.0,1.22,2813.0,332.5,223.4
CHL,7/29/2020,82.0,85.0,82.0,85.0,2.41,6297.0,332.5,223.4
CHL,7/30/2020,84.0,87.0,84.0,85.0,0.0,5706.0,332.5,223.4
CHL,8/2/2020,84.0,93.0,84.0,93.0,9.41,1700.0,332.5,223.4
CHL,8/3/2020,93.0,93.0,87.0,88.0,-5.38,4695.0,332.5,223.4
CHL,8/5/2020,88.0,88.0,85.0,85.0,-3.41,306.0,332.5,223.4
CHL,8/6/2020,86.0,86.0,85.0,86.0,1.18,1536.0,332.5,223.4
CHL,8/9/2020,86.0,86.0,84.0,85.0,-1.16,913.0,332.5,223.4
CHL,8/10/2020,84.0,87.0,84.0,86.0,1.18,12310.0,332.5,223.4
CHL,8/11/2020,86.0,86.0,86.0,86.0,0.0,100.0,332.5,223.4
CHL,8/12/2020,85.0,85.0,83.0,83.0,-3.49,342.0,332.5,223.4
CHL,8/13/2020,82.0,84.0,82.0,83.0,0.0,208.0,332.5,223.4
CHL,8/16/2020,82.0,91.0,82.0,91.0,9.64,6756.0,332.5,223.4
CHL,8/17/2020,92.0,96.0,86.0,87.0,-4.4,16244.0,332.5,223.4
CHL,8/18/2020,87.0,88.0,87.0,87.0,0.0,756.0,332.5,223.4
CHL,8/19/2020,86.0,90.0,86.0,90.0,3.45,1610.0,332.5,223.4
CHL,8/20/2020,91.0,91.0,88.0,89.0,-1.11,1810.0,332.5,223.4
CHL,8/23/2020,90.0,90.0,88.0,89.0,0.0,1100.0,332.5,223.4
CHL,8/24/2020,88.0,88.0,87.0,87.0,-2.25,1473.0,332.5,223.4
CHL,8/25/2020,88.0,89.0,87.0,87.0,0.0,2600.0,332.5,223.4
CHL,8/26/2020,86.0,88.0,85.0,87.0,0.0,1307.0,332.5,223.4
CHL,8/27/2020,86.0,88.0,86.0,87.0,0.0,1008.0,332.5,223.4
CHL,8/30/2020,91.0,91.0,89.0,89.0,2.3,127.0,332.5,223.4
CHL,8/31/2020,88.0,95.0,88.0,95.0,6.74,6724.0,332.5,223.4
CHL,9/2/2020,96.0,104.0,96.0,104.0,9.47,7132.0,332.5,223.4
CHL,9/3/2020,106.0,111.0,101.0,105.0,0.96,12213.0,332.5,223.4
CHL,9/6/2020,103.0,113.0,99.0,101.0,-3.81,4344.0,332.5,223.4
CHL,9/7/2020,102.0,108.0,102.0,105.0,3.96,6087.0,332.5,223.4
CHL,9/8/2020,103.0,107.0,101.0,106.0,0.95,3383.0,332.5,223.4
CHL,9/9/2020,104.0,104.0,102.0,104.0,-1.89,789.0,332.5,223.4
CHL,9/10/2020,102.0,104.0,102.0,102.0,-1.92,3226.0,332.5,223.4
CHL,9/13/2020,102.0,107.0,100.0,105.0,2.94,5474.0,332.5,223.4
CHL,9/14/2020,107.0,115.0,104.0,115.0,9.52,38934.0,332.5,223.4
CHL,9/15/2020,116.0,126.0,112.0,112.0,-2.61,21635.0,332.5,223.4
CHL,9/16/2020,114.0,123.0,114.0,123.0,9.82,22213.0,332.5,223.4
CHL,9/17/2020,125.0,135.0,125.0,135.0,9.76,26758.0,332.5,223.4
CHL,9/20/2020,141.0,145.0,122.0,125.0,-7.41,15227.0,332.5,223.4
CHL,9/21/2020,123.0,135.0,117.0,125.0,0.0,11241.0,332.5,223.4
CHL,9/22/2020,127.0,127.0,117.0,119.0,-4.8,10105.0,332.5,223.4
CHL,9/23/2020,118.0,129.0,116.0,128.0,7.56,12855.0,332.5,223.4
CHL,9/24/2020,128.0,140.0,128.0,140.0,9.38,35090.0,332.5,223.4
CHL,9/27/2020,138.0,153.0,134.0,136.0,-2.86,59898.0,332.5,223.4
CHL,9/28/2020,135.0,140.0,129.0,139.0,2.21,43758.0,332.5,223.4
CHL,9/29/2020,137.0,152.0,134.0,152.0,9.35,24477.0,332.5,223.4
CHL,9/30/2020,152.0,158.0,147.0,149.0,-1.97,33750.0,332.5,223.4
CHL,10/1/2020,151.0,155.0,142.0,145.0,-2.68,19971.0,332.5,223.4
CHL,10/4/2020,145.0,159.0,139.0,156.0,7.59,28638.0,332.5,223.4
CHL,10/5/2020,158.0,158.0,146.0,150.0,-3.85,22535.0,332.5,223.4
CHL,10/6/2020,150.0,165.0,150.0,164.0,9.33,60743.0,332.5,223.4
CHL,10/7/2020,167.0,180.0,167.0,180.0,9.76,34354.0,332.5,223.4
CHL,10/8/2020,180.0,188.0,170.0,176.0,-2.22,22086.0,332.5,223.4
CHL,10/11/2020,173.0,173.0,159.0,169.0,-3.98,40707.0,332.5,223.4
CHL,10/12/2020,166.0,168.0,157.0,168.0,-0.59,7349.0,332.5,223.4
CHL,10/13/2020,165.0,166.0,155.0,158.0,-5.95,19504.0,332.5,223.4
CHL,10/14/2020,155.0,155.0,146.0,149.0,-5.7,15994.0,332.5,223.4
CHL,10/15/2020,151.0,154.0,148.0,148.0,-0.67,4645.0,332.5,223.4
CHL,10/18/2020,150.0,155.0,147.0,151.0,2.03,8902.0,332.5,223.4
CHL,10/19/2020,154.0,161.0,151.0,160.0,5.96,3927.0,332.5,223.4
CHL,10/20/2020,160.0,172.0,160.0,170.0,6.25,12099.0,332.5,223.4
CHL,10/21/2020,170.0,176.0,163.0,163.0,-4.12,9635.0,332.5,223.4
CHL,10/22/2020,161.0,166.0,156.0,163.0,0.0,16942.0,332.5,223.4
CHL,10/28/2020,160.0,164.0,157.0,164.0,0.61,2591.0,332.5,223.4
CHL,10/29/2020,161.0,161.0,160.0,161.0,-1.83,1808.0,332.5,223.4
CHL,11/1/2020,160.0,171.0,158.0,164.0,1.86,6703.0,332.5,223.4
CHL,11/2/2020,164.0,166.0,163.0,163.0,-0.61,7583.0,332.5,223.4
CHL,11/3/2020,163.0,166.0,161.0,161.0,-1.23,5758.0,332.5,223.4
CHL,11/4/2020,160.0,166.0,160.0,161.0,0.0,6876.0,332.5,223.4
CHL,11/5/2020,160.0,170.0,160.0,165.0,2.48,25531.0,332.5,223.4
CHL,11/8/2020,168.0,175.0,168.0,173.0,4.85,46169.0,332.5,223.4
CHL,11/9/2020,176.0,182.0,168.0,168.0,-2.89,7661.0,332.5,223.4
CHL,11/10/2020,170.0,171.0,166.0,169.0,0.6,5226.0,332.5,223.4
CHL,11/11/2020,169.0,176.0,168.0,171.0,1.18,2750.0,332.5,223.4
CHL,11/12/2020,170.0,171.0,165.0,168.0,-1.75,12586.0,332.5,223.4
CHL,11/18/2020,165.0,165.0,156.0,160.0,-4.76,21662.0,332.5,223.4
CHL,11/19/2020,158.0,164.0,158.0,162.0,1.25,14233.0,332.5,223.4
CHL,11/22/2020,162.0,165.0,159.0,160.0,-1.23,5587.0,332.5,223.4
CHL,11/23/2020,159.0,162.0,156.0,160.0,0.0,6765.0,332.5,223.4
CHL,11/24/2020,160.0,167.0,160.0,166.0,3.75,12351.0,332.5,223.4
CHL,11/25/2020,163.0,169.0,163.0,168.0,1.2,8822.0,332.5,223.4
CHL,11/26/2020,165.0,168.0,159.0,162.0,-3.57,15210.0,332.5,223.4
CHL,11/29/2020,154.0,161.0,154.0,159.0,-1.85,12948.0,332.5,223.4
CHL,11/30/2020,156.0,174.0,156.0,167.0,5.03,14614.0,332.5,223.4
CHL,12/1/2020,170.0,176.0,162.0,163.0,-2.4,7823.0,332.5,223.4
CHL,12/2/2020,163.0,164.0,161.0,162.0,-0.61,9502.0,332.5,223.4
CHL,12/3/2020,162.0,163.0,159.0,159.0,-1.85,5973.0,332.5,223.4
CHL,12/6/2020,156.0,163.0,153.0,153.0,-3.77,4797.0,332.5,223.4
CHL,12/7/2020,156.0,159.0,151.0,157.0,2.61,4227.0,332.5,223.4
CHL,12/8/2020,155.0,158.0,154.0,155.0,-1.27,14827.0,332.5,223.4
CHL,12/9/2020,152.0,159.0,152.0,155.0,0.0,8875.0,332.5,223.4
CHL,12/10/2020,154.0,154.0,151.0,153.0,-1.29,5070.0,332.5,223.4
CHL,12/13/2020,150.0,156.0,150.0,152.0,-0.65,4033.0,332.5,223.4
CHL,12/14/2020,152.0,157.0,152.0,157.0,3.29,6311.0,332.5,223.4
CHL,12/15/2020,160.0,163.0,151.0,160.0,1.91,5285.0,332.5,223.4
CHL,12/16/2020,163.0,176.0,163.0,176.0,10.0,72871.0,332.5,223.4
CHL,12/17/2020,184.0,193.0,184.0,193.0,9.66,143827.0,332.5,223.4
CHL,12/20/2020,202.0,204.0,174.0,174.0,-9.84,30649.0,332.5,223.4
CHL,12/21/2020,171.0,183.0,162.0,178.0,2.3,17487.0,332.5,223.4
CHL,12/22/2020,178.0,184.0,172.0,175.0,-1.69,20858.0,332.5,223.4
CHL,12/23/2020,183.0,183.0,172.0,174.0,-0.57,7653.0,332.5,223.4
CHL,12/24/2020,175.0,175.0,164.0,165.0,-5.17,26413.0,332.5,223.4
CHL,12/27/2020,168.0,176.0,164.0,164.0,-0.61,9622.0,332.5,223.4
CHL,12/28/2020,162.0,175.0,162.0,167.0,1.83,8201.0,332.5,223.4
CHL,12/29/2020,167.0,173.0,160.0,164.0,-1.8,20302.0,332.5,223.4
CHL,12/30/2020,161.0,164.0,159.0,162.0,-1.22,4096.0,332.5,223.4
CHL,12/31/2020,164.0,167.0,160.0,163.0,0.62,13033.0,332.5,223.4
CHL,1/3/2021,158.0,158.0,151.0,152.0,-6.75,5181.0,332.5,223.4
CHL,1/4/2021,152.0,154.0,150.0,153.0,0.66,4173.0,332.5,223.4
CHL,1/5/2021,155.0,168.0,152.0,160.0,4.58,7447.0,332.5,223.4
CHL,1/6/2021,161.0,164.0,157.0,159.0,-0.62,6487.0,332.5,223.4
CHL,1/7/2021,157.0,159.0,155.0,158.0,-0.63,6548.0,332.5,223.4
CHL,1/10/2021,164.0,164.0,153.0,158.0,0.0,7948.0,332.5,223.4
CHL,1/11/2021,156.0,160.0,155.0,158.0,0.0,7079.0,332.5,223.4
CHL,1/12/2021,165.0,168.0,159.0,163.0,3.16,7353.0,332.5,223.4
CHL,1/13/2021,166.0,168.0,163.0,164.0,0.61,13303.0,332.5,223.4
CHL,1/17/2021,163.0,172.0,161.0,165.0,0.61,9705.0,332.5,223.4
CHL,1/18/2021,164.0,181.0,163.0,180.0,9.09,17076.0,332.5,223.4
CHL,1/19/2021,180.0,183.0,170.0,171.0,-5.0,18396.0,332.5,223.4
CHL,1/20/2021,168.0,173.0,168.0,171.0,0.0,8026.0,332.5,223.4
CHL,1/21/2021,171.0,179.0,170.0,179.0,4.68,11258.0,332.5,223.4
CHL,1/24/2021,187.0,187.0,176.0,179.0,0.0,17069.0,332.5,223.4
CHL,1/25/2021,178.0,179.0,173.0,175.0,-2.23,14922.0,332.5,223.4
CHL,1/26/2021,172.0,176.0,169.0,170.0,-2.86,5227.0,332.5,223.4
CHL,1/27/2021,168.0,179.0,168.0,172.0,1.18,15274.0,332.5,223.4
CHL,1/28/2021,173.0,175.0,170.0,173.0,0.58,11092.0,332.5,223.4
CHL,1/31/2021,173.0,173.0,167.0,169.0,-2.31,8212.0,332.5,223.4
CHL,2/1/2021,171.0,180.0,167.0,172.0,1.78,7617.0,332.5,223.4
CHL,2/2/2021,164.0,179.0,164.0,174.0,1.16,12546.0,332.5,223.4
CHL,2/3/2021,174.0,174.0,170.0,173.0,-0.57,6096.0,332.5,223.4
CHL,2/4/2021,181.0,181.0,168.0,177.0,2.31,20276.0,332.5,223.4
CHL,2/7/2021,185.0,194.0,185.0,194.0,9.6,103365.0,332.5,223.4
CHL,2/8/2021,203.0,213.0,200.0,209.0,7.73,89883.0,332.5,223.4
CHL,2/9/2021,215.0,217.0,199.0,201.0,-3.83,23969.0,332.5,223.4
CHL,2/10/2021,211.0,215.0,200.0,203.0,1.0,39546.0,332.5,223.4
CHL,2/11/2021,213.0,213.0,193.0,195.0,-3.94,18700.0,332.5,223.4
CHL,2/14/2021,200.0,200.0,183.0,193.0,-1.03,71509.0,332.5,223.4
CHL,2/15/2021,202.0,210.0,198.0,203.0,5.18,35975.0,332.5,223.4
CHL,2/16/2021,210.0,210.0,198.0,200.0,-1.48,19942.0,332.5,223.4
CHL,2/17/2021,210.0,210.0,198.0,199.0,-0.5,16728.0,332.5,223.4
CHL,2/18/2021,202.0,205.0,193.0,194.0,-2.51,13923.0,332.5,223.4
CHL,2/21/2021,194.0,200.0,190.0,199.0,2.58,21555.0,332.5,223.4
CHL,2/22/2021,208.0,208.0,195.0,195.0,-2.01,21873.0,332.5,223.4
CHL,2/23/2021,204.0,204.0,188.0,196.0,0.51,19526.0,332.5,223.4
CHL,2/24/2021,205.0,205.0,193.0,193.0,-1.53,21358.0,332.5,223.4
CHL,2/25/2021,202.0,202.0,192.0,194.0,0.52,4543.0,332.5,223.4
CHL,2/28/2021,203.0,203.0,189.0,192.0,-1.03,11297.0,332.5,223.4
CHL,3/1/2021,192.0,194.0,189.0,193.0,0.52,5723.0,332.5,223.4
CHL,3/2/2021,193.0,195.0,185.0,185.0,-4.15,4477.0,332.5,223.4
CHL,3/3/2021,182.0,189.0,180.0,184.0,-0.54,5413.0,332.5,223.4
CHL,3/4/2021,187.0,190.0,186.0,189.0,2.72,7984.0,332.5,223.4
CHL,3/7/2021,186.0,193.0,183.0,190.0,0.53,4628.0,332.5,223.4
CHL,3/9/2021,187.0,197.0,184.0,191.0,0.53,11850.0,332.5,223.4
CHL,3/10/2021,192.0,200.0,191.0,199.0,4.19,25434.0,332.5,223.4
CHL,3/14/2021,208.0,208.0,196.0,197.0,-1.01,19012.0,332.5,223.4
CHL,3/15/2021,197.0,203.0,196.0,202.0,2.54,22465.0,332.5,223.4
CHL,3/16/2021,203.0,205.0,197.0,199.0,-1.49,24450.0,332.5,223.4
CHL,3/17/2021,200.0,204.0,199.0,202.0,1.51,20459.0,332.5,223.4
CHL,3/18/2021,202.0,204.0,199.0,202.0,0.0,13771.0,332.5,223.4
CHL,3/21/2021,198.0,214.0,195.0,207.0,2.48,44757.0,332.5,223.4
CHL,3/22/2021,217.0,217.0,204.0,204.0,-1.45,13461.0,332.5,223.4
CHL,3/23/2021,207.0,210.0,201.0,210.0,2.94,18898.0,332.5,223.4
CHL,3/24/2021,207.0,217.0,206.0,213.0,1.43,35077.0,332.5,223.4
CHL,3/25/2021,213.0,217.0,203.0,209.0,-1.88,20368.0,332.5,223.4
CHL,3/29/2021,206.0,206.0,199.0,201.0,-3.83,13395.0,332.5,223.4
CHL,3/30/2021,199.0,206.0,199.0,206.0,2.49,13496.0,332.5,223.4
CHL,3/31/2021,202.0,211.0,202.0,206.0,0.0,17745.0,332.5,223.4
CHL,4/1/2021,206.0,210.0,203.0,208.0,0.97,12891.0,332.5,223.4
CHL,4/4/2021,212.0,215.0,207.0,211.0,1.44,26052.0,332.5,223.4
CHL,4/5/2021,211.0,211.0,207.0,209.0,-0.95,10565.0,332.5,223.4
CHL,4/6/2021,213.0,229.0,209.0,229.0,9.57,61789.0,332.5,223.4
CHL,4/7/2021,240.0,245.0,226.0,228.0,-0.44,58990.0,332.5,223.4
CHL,4/8/2021,230.0,236.0,220.0,223.0,-2.19,16608.0,332.5,223.4
CHL,4/12/2021,220.0,245.0,220.0,245.0,9.87,73558.0,332.5,223.4
CHL,4/13/2021,257.0,269.0,237.0,269.0,9.8,75031.0,332.5,223.4
CHL,4/15/2021,282.0,295.0,277.0,295.0,9.67,87787.0,332.5,223.4
CHL,4/18/2021,300.0,306.0,276.0,302.0,2.37,74737.0,332.5,223.4
CHL,4/19/2021,317.0,317.0,279.0,295.0,-2.32,56729.0,332.5,223.4
CHL,4/20/2021,295.0,295.0,278.0,289.0,-2.03,14818.0,332.5,223.4
CHL,4/21/2021,303.0,303.0,275.0,298.0,3.11,53437.0,332.5,223.4
CHL,4/22/2021,292.0,320.0,289.0,299.0,0.34,48691.0,332.5,223.4
CHL,4/25/2021,294.0,294.0,280.0,291.0,-2.68,61694.0,332.5,223.4
CHL,4/26/2021,305.0,305.0,268.0,269.0,-7.56,69153.0,332.5,223.4
CHL,4/27/2021,270.0,295.0,270.0,294.0,9.29,24753.0,332.5,223.4
CHL,4/28/2021,294.0,295.0,282.0,290.0,-1.36,12707.0,332.5,223.4
CHL,4/29/2021,304.0,304.0,283.0,292.0,0.69,64273.0,332.5,223.4
CHL,5/2/2021,292.0,312.0,287.0,308.0,5.48,48108.0,332.5,223.4
CHL,5/3/2021,323.0,335.0,314.0,326.0,5.84,221847.0,332.5,223.4
CHL,5/4/2021,342.0,342.0,318.0,341.0,4.6,51113.0,332.5,223.4
CHL,5/5/2021,357.0,375.0,333.0,375.0,9.97,75513.0,332.5,223.4
CHL,5/6/2021,390.0,390.0,345.0,368.0,-1.87,64272.0,332.5,223.4
CHL,5/9/2021,368.0,375.0,340.0,350.0,-4.89,68463.0,332.5,223.4
CHL,5/10/2021,367.0,367.0,336.0,339.0,-3.14,34508.0,332.5,223.4
CHL,5/11/2021,333.0,358.0,333.0,347.0,2.36,24774.0,332.5,223.4
CHL,5/12/2021,362.0,362.0,344.0,353.0,1.73,35430.0,332.5,223.4
CHL,5/13/2021,353.0,356.0,343.0,346.0,-1.98,35616.0,332.5,223.4
CHL,5/16/2021,346.0,361.0,341.0,354.0,2.31,30707.0,332.5,223.4
CHL,5/17/2021,371.0,371.0,349.0,362.0,2.26,41461.0,332.5,223.4
CHL,5/18/2021,362.0,388.0,362.0,383.0,5.8,59054.0,332.5,223.4
CHL,5/19/2021,398.0,398.0,357.0,365.0,-4.7,33630.0,332.5,223.4
CHL,5/20/2021,358.0,372.0,351.0,361.0,-1.1,31273.0,332.5,223.4
CHL,5/23/2021,360.0,375.0,351.0,372.0,3.05,30659.0,332.5,223.4
CHL,5/24/2021,378.0,397.0,377.0,389.0,4.57,65826.0,332.5,223.4
CHL,5/25/2021,396.0,414.0,385.0,408.0,4.88,107615.0,332.5,223.4
CHL,5/27/2021,428.0,448.0,396.0,433.0,6.13,81486.0,332.5,223.4
CHL,5/30/2021,433.0,448.0,412.0,438.0,1.15,102824.0,332.5,223.4
CHL,5/31/2021,438.0,444.0,395.0,400.0,-8.68,100757.0,332.5,223.4
CHL,6/1/2021,397.0,405.0,380.0,390.0,-2.5,67819.0,332.5,223.4
CHL,6/2/2021,380.0,409.0,373.0,408.0,4.62,39301.0,332.5,223.4
CHL,6/3/2021,416.0,419.0,387.0,394.0,-3.43,37906.0,332.5,223.4
CHL,6/6/2021,413.0,413.0,371.0,378.0,-4.06,47998.0,332.5,223.4
CHL,6/7/2021,371.0,415.0,371.0,399.0,5.56,64440.0,332.5,223.4
CHL,6/8/2021,406.0,438.0,394.0,437.0,9.52,137391.0,332.5,223.4
CHL,6/9/2021,458.0,458.0,420.0,434.0,-0.69,95258.0,332.5,223.4
CHL,6/10/2021,415.0,477.0,415.0,477.0,9.91,169745.0,332.5,223.4
CHL,6/13/2021,500.0,524.0,482.0,524.0,9.85,160720.0,332.5,223.4
CHL,6/14/2021,525.0,576.0,508.0,548.0,4.58,124830.0,332.5,223.4
CHL,6/15/2021,550.0,550.0,496.0,506.0,-7.66,50635.0,332.5,223.4
CHL,6/16/2021,496.0,520.0,456.0,456.0,-9.88,94745.0,332.5,223.4
CHL,6/17/2021,456.0,473.0,411.0,440.0,-3.51,88503.0,332.5,223.4
CHL,6/20/2021,440.0,455.0,399.0,421.0,-4.32,53420.0,332.5,223.4
CHL,6/21/2021,423.0,423.0,387.0,389.0,-7.6,54952.0,332.5,223.4
CHL,6/22/2021,396.0,427.0,392.0,427.0,9.77,58106.0,332.5,223.4
CHL,6/23/2021,431.0,468.0,428.0,455.0,6.56,144121.0,332.5,223.4
CHL,6/24/2021,460.0,464.0,439.0,447.0,-1.76,39476.0,332.5,223.4
CHL,6/27/2021,449.0,455.0,439.0,442.0,-1.12,32288.0,332.5,223.4
CHL,6/28/2021,439.0,444.0,423.0,429.0,-2.94,25268.0,332.5,223.4
CHL,6/29/2021,450.0,450.0,407.0,412.0,-3.96,20998.0,332.5,223.4
CHL,6/30/2021,404.0,424.0,390.0,416.0,0.97,35271.0,332.5,223.4
CHL,7/1/2021,409.0,438.0,409.0,420.0,0.96,22811.0,332.5,223.4
CHL,7/4/2021,412.0,428.0,410.0,424.0,0.95,23423.0,332.5,223.4
CHL,7/5/2021,432.0,466.0,430.0,457.0,7.78,137312.0,332.5,223.4
CHL,7/6/2021,458.0,466.0,441.0,448.0,-1.97,17141.0,332.5,223.4
CHL,7/7/2021,426.0,459.0,426.0,441.0,-1.56,26130.0,332.5,223.4
CHL,7/8/2021,419.0,449.0,419.0,444.0,0.68,11553.0,332.5,223.4
CHL,7/11/2021,422.0,458.0,422.0,456.0,2.7,35706.0,332.5,223.4
CHL,7/12/2021,465.0,465.0,441.0,453.0,-0.66,57337.0,332.5,223.4
CHL,7/13/2021,459.0,484.0,453.0,478.0,5.52,66006.0,332.5,223.4
CHL,7/14/2021,455.0,492.0,455.0,486.0,1.67,63780.0,332.5,223.4
CHL,7/15/2021,486.0,505.0,478.0,485.0,-0.21,51763.0,332.5,223.4
CHL,7/18/2021,485.0,517.0,485.0,517.0,6.6,120199.0,332.5,223.4
CHL,7/19/2021,525.0,529.9,504.0,505.0,-2.32,64231.0,332.5,223.4
CHL,7/20/2021,515.0,530.4,507.7,529.0,4.75,100107.0,332.5,223.4
CHL,7/22/2021,529.0,533.0,518.5,525.0,-0.76,80335.0,332.5,223.4
CHL,7/25/2021,533.0,561.0,520.0,540.0,2.86,86562.0,332.5,223.4
CHL,7/26/2021,550.8,565.0,541.0,547.0,1.3,78657.0,332.5,223.4
CHL,7/27/2021,547.0,589.8,547.0,569.0,4.02,74174.0,332.5,223.4
CHL,7/28/2021,580.3,600.0,543.0,550.0,-3.34,76100.0,332.5,223.4
CHL,7/29/2021,561.0,570.0,535.0,570.0,3.64,61744.0,332.5,223.4
CHL,8/1/2021,571.0,579.0,557.0,570.0,0.0,80707.0,332.5,223.4
CHL,8/2/2021,572.0,578.0,556.0,556.1,-2.44,51703.0,332.5,223.4
CHL,8/3/2021,557.0,575.0,557.0,575.0,3.4,62516.0,332.5,223.4
CHL,8/4/2021,581.0,598.0,575.0,586.0,1.91,107113.0,332.5,223.4
CHL,8/5/2021,592.0,613.0,575.0,600.0,2.39,144235.0,332.5,223.4
CHL,8/8/2021,610.0,659.0,586.0,655.0,9.17,115541.0,332.5,223.4
CHL,8/9/2021,668.1,695.0,655.0,670.0,2.29,116524.0,332.5,223.4
CHL,8/10/2021,680.0,689.0,639.2,645.0,-3.73,106811.0,332.5,223.4
CHL,8/11/2021,657.9,670.1,643.0,644.0,-0.16,75577.0,332.5,223.4
CHL,8/12/2021,642.6,668.0,642.6,654.0,1.55,94294.0,332.5,223.4
CHL,8/15/2021,641.0,655.0,588.6,634.0,-3.06,76580.0,332.5,223.4
CHL,8/16/2021,646.6,658.0,622.0,645.0,1.74,51913.0,332.5,223.4
CHL,8/17/2021,657.9,697.9,650.0,679.0,5.27,111239.0,332.5,223.4
CHL,8/18/2021,685.0,715.0,650.0,668.0,-1.62,108897.0,332.5,223.4
CHL,8/19/2021,668.0,668.0,635.0,640.0,-4.19,42457.0,332.5,223.4
CHL,8/24/2021,627.2,627.2,584.0,585.0,-8.59,55836.0,332.5,223.4
CHL,8/25/2021,574.0,606.9,555.0,571.0,-2.39,41568.0,332.5,223.4
CHL,8/26/2021,582.4,619.0,572.0,610.0,6.83,30702.0,332.5,223.4
CHL,8/29/2021,622.2,649.0,605.1,612.0,0.33,50026.0,332.5,223.4
CHL,8/31/2021,612.0,614.0,587.1,591.0,-3.43,22052.0,332.5,223.4
CHL,9/1/2021,600.0,624.1,577.0,590.0,-0.17,34383.0,332.5,223.4
CHL,9/2/2021,588.0,601.0,557.0,573.0,-2.88,30092.0,332.5,223.4
CHL,9/5/2021,568.0,568.0,515.7,525.0,-8.38,67877.0,332.5,223.4
CHL,9/6/2021,515.0,577.5,515.0,577.5,10.0,31171.0,332.5,223.4
CHL,9/7/2021,580.0,592.0,558.0,570.0,-1.3,28877.0,332.5,223.4
CHL,9/8/2021,570.0,570.0,540.0,545.0,-4.39,29835.0,332.5,223.4
CHL,9/9/2021,555.0,584.0,546.0,569.0,4.4,42634.0,332.5,223.4
CHL,9/12/2021,580.3,625.9,580.3,625.9,10.0,116141.0,332.5,223.4
CHL,9/13/2021,638.4,650.0,590.0,606.9,-3.04,45793.0,332.5,223.4
CHL,9/14/2021,606.0,627.2,601.0,610.1,0.53,44547.0,332.5,223.4
CHL,9/15/2021,622.0,663.0,608.0,635.0,4.08,183014.0,332.5,223.4
CHL,9/16/2021,625.0,625.0,593.0,602.0,-5.2,58456.0,332.5,223.4
CHL,9/20/2021,612.0,612.0,545.0,549.0,-8.8,51869.0,332.5,223.4
CHL,9/21/2021,545.0,577.0,515.0,557.0,1.46,35728.0,332.5,223.4
CHL,9/22/2021,568.1,600.0,568.1,588.0,5.57,25218.0,332.5,223.4
CHL,9/23/2021,599.7,599.7,568.2,574.9,-2.23,30100.0,332.5,223.4
CHL,9/26/2021,563.6,569.5,538.1,540.1,-6.05,39229.0,332.5,223.4
CHL,9/27/2021,550.9,570.0,499.5,516.0,-4.46,30022.0,332.5,223.4
CHL,9/28/2021,511.0,525.0,475.0,480.0,-6.98,25368.0,332.5,223.4
CHL,9/29/2021,488.0,524.2,464.0,524.2,9.21,21545.0,332.5,223.4
CHL,9/30/2021,524.2,545.2,503.6,513.0,-2.14,18875.0,332.5,223.4
CHL,10/3/2021,505.0,506.0,470.4,472.0,-7.99,12250.0,332.5,223.4
CHL,10/4/2021,475.0,495.0,451.0,455.0,-3.6,16653.0,332.5,223.4
CHL,10/5/2021,464.1,500.5,464.1,500.0,9.89,52151.0,332.5,223.4
CHL,10/6/2021,509.9,518.0,490.0,501.1,0.22,18424.0,332.5,223.4
CHL,10/10/2021,509.8,509.8,475.0,496.9,-0.84,14385.0,332.5,223.4
CHL,10/11/2021,491.0,491.0,447.3,460.0,-7.43,44378.0,332.5,223.4
CHL,10/17/2021,469.2,477.0,460.0,465.0,1.09,2580.0,332.5,223.4
CHL,10/18/2021,456.0,464.0,431.0,433.1,-6.86,18156.0,332.5,223.4
CHL,10/19/2021,425.0,441.0,389.9,407.0,-6.03,38489.0,332.5,223.4
CHL,10/20/2021,415.0,439.6,412.0,433.0,6.39,25801.0,332.5,223.4
CHL,10/21/2021,439.0,450.4,417.0,428.0,-1.15,8598.0,332.5,223.4
CHL,10/24/2021,436.5,444.2,421.0,437.1,2.13,22807.0,332.5,223.4
CHL,10/25/2021,428.5,474.3,428.5,471.0,7.76,23500.0,332.5,223.4
CHL,10/26/2021,480.0,502.0,473.0,489.0,3.82,51769.0,332.5,223.4
CHL,10/27/2021,498.6,508.0,477.0,485.0,-0.82,49793.0,332.5,223.4
CHL,10/28/2021,475.3,503.0,475.3,498.0,2.68,37673.0,332.5,223.4
CHL,10/31/2021,507.0,534.0,497.0,528.0,6.02,57289.0,332.5,223.4
CHL,11/1/2021,538.0,538.5,510.0,514.0,-2.65,38119.0,332.5,223.4
CHL,11/2/2021,515.0,524.0,500.0,519.0,0.97,20043.0,332.5,223.4
CHL,11/3/2021,529.0,530.0,490.0,490.0,-5.59,49982.0,332.5,223.4
CHL,11/8/2021,480.2,519.1,480.2,501.9,2.43,28083.0,332.5,223.4
CHL,11/9/2021,492.0,511.9,467.0,475.0,-5.36,28966.0,332.5,223.4
CHL,11/11/2021,467.0,478.0,454.0,457.0,-3.79,23541.0,332.5,223.4
CHL,11/14/2021,450.0,489.0,447.9,466.0,1.97,16330.0,332.5,223.4
CHL,11/15/2021,475.0,501.0,475.0,501.0,7.51,24296.0,332.5,223.4
CHL,11/16/2021,500.0,530.0,499.0,524.9,4.77,28456.0,332.5,223.4
CHL,11/17/2021,535.0,545.0,515.5,515.5,-1.79,33939.0,332.5,223.4
CHL,11/18/2021,506.1,522.1,500.5,504.0,-2.23,20279.0,332.5,223.4
CHL,11/21/2021,514.0,524.0,503.3,514.0,1.98,17856.0,332.5,223.4
CHL,11/22/2021,524.0,530.0,517.0,520.0,1.17,20816.0,332.5,223.4
CHL,11/23/2021,529.0,529.0,500.0,509.0,-2.12,32152.0,332.5,223.4
CHL,11/24/2021,509.0,517.0,491.0,512.0,0.59,20065.0,332.5,223.4
CHL,11/25/2021,522.2,528.0,507.0,519.0,1.37,15927.0,332.5,223.4
CHL,11/28/2021,509.0,511.0,494.0,494.3,-4.76,23001.0,332.5,223.4
CHL,11/29/2021,485.0,508.9,484.5,497.0,0.55,14923.0,332.5,223.4
CHL,11/30/2021,494.0,506.0,490.0,500.0,0.6,16556.0,332.5,223.4
CHL,12/1/2021,508.9,532.0,508.9,526.2,5.24,66117.0,332.5,223.4
CHL,12/2/2021,535.0,535.0,500.0,516.0,-1.94,30242.0,332.5,223.4
CHL,12/5/2021,505.7,515.0,496.0,507.0,-1.74,32122.0,332.5,223.4
CHL,12/6/2021,507.0,527.0,500.0,527.0,3.94,29025.0,332.5,223.4
CHL,12/7/2021,527.1,540.6,508.0,509.0,-3.42,39680.0,332.5,223.4
CHL,12/8/2021,501.0,510.0,485.0,490.0,-3.73,17608.0,332.5,223.4
CHL,12/9/2021,490.0,509.7,481.0,495.8,1.18,15379.0,332.5,223.4
CHL,12/12/2021,486.1,502.0,468.6,469.0,-5.41,29501.0,332.5,223.4
CHL,12/13/2021,460.0,461.0,425.1,435.0,-7.25,27631.0,332.5,223.4
CHL,12/14/2021,443.0,478.5,443.0,478.5,10.0,12669.0,332.5,223.4
CHL,12/15/2021,488.0,497.7,467.0,479.0,0.1,33228.0,332.5,223.4
CHL,12/16/2021,488.5,488.5,458.0,468.9,-2.11,15360.0,332.5,223.4
CHL,12/20/2021,478.2,487.7,445.0,445.0,-5.1,20075.0,332.5,223.4
CHL,12/21/2021,453.9,470.0,444.0,460.0,3.37,14316.0,332.5,223.4
CHL,12/22/2021,469.2,482.8,463.0,482.7,4.93,26092.0,332.5,223.4
CHL,12/23/2021,490.0,490.0,466.0,474.9,-1.62,17120.0,332.5,223.4
CHL,12/26/2021,484.3,500.0,480.0,490.0,3.18,40288.0,332.5,223.4
CHL,12/27/2021,490.0,494.0,466.0,466.0,-4.9,20208.0,332.5,223.4
CHL,12/28/2021,466.0,475.3,457.0,475.0,1.93,12980.0,332.5,223.4
CHL,12/29/2021,466.1,480.0,466.1,470.0,-1.05,10370.0,332.5,223.4
CHL,1/2/2022,475.0,478.0,461.0,474.0,0.85,17920.0,332.5,223.4
CHL,1/3/2022,480.0,480.0,463.1,474.8,0.17,10012.0,332.5,223.4
CHL,1/4/2022,484.0,490.0,474.6,485.0,2.15,81879.0,332.5,223.4
CHL,1/5/2022,396.0,434.0,396.0,417.9,-13.84,34255.0,332.5,223.4
CHL,1/6/2022,426.0,426.0,411.0,417.8,-0.02,10540.0,332.5,223.4
CHL,1/9/2022,419.0,451.0,418.0,424.0,1.48,28336.0,332.5,223.4
CHL,1/10/2022,432.4,441.0,424.0,438.0,3.3,29149.0,332.5,223.4
CHL,1/11/2022,446.0,473.3,425.0,462.0,5.48,40528.0,332.5,223.4
CHL,1/12/2022,465.0,471.7,440.0,440.0,-4.76,37229.0,332.5,223.4
CHL,1/13/2022,447.9,465.0,439.3,460.1,4.57,26779.0,332.5,223.4
CHL,1/16/2022,469.3,481.0,459.0,461.0,0.2,39635.0,332.5,223.4
CHL,1/17/2022,461.0,470.2,449.9,455.0,-1.3,22812.0,332.5,223.4
CHL,1/18/2022,463.0,464.0,441.0,445.0,-2.2,25582.0,332.5,223.4
CHL,1/19/2022,437.0,466.0,437.0,456.0,2.47,28821.0,332.5,223.4
CHL,1/20/2022,464.0,472.0,458.0,468.0,2.63,38415.0,332.5,223.4
CHL,1/23/2022,458.7,485.0,458.7,470.0,0.43,31240.0,332.5,223.4
CHL,1/24/2022,475.0,475.0,439.1,443.0,-5.74,51283.0,332.5,223.4
CHL,1/25/2022,435.0,453.0,434.2,443.0,0.0,22744.0,332.5,223.4
CHL,1/26/2022,440.0,451.8,425.0,437.0,-1.35,31584.0,332.5,223.4
CHL,1/27/2022,445.0,462.0,428.4,439.9,0.66,8146.0,332.5,223.4
CHL,1/30/2022,448.6,470.0,448.6,468.0,6.39,50346.0,332.5,223.4
CHL,1/31/2022,458.7,514.8,455.0,510.0,8.97,75670.0,332.5,223.4
CHL,2/1/2022,515.0,537.0,498.0,520.0,1.96,140331.0,332.5,223.4
CHL,2/3/2022,509.6,542.2,509.6,513.0,-1.35,67245.0,332.5,223.4
CHL,2/6/2022,513.0,513.0,489.0,490.5,-4.39,55646.0,332.5,223.4
CHL,2/7/2022,490.0,535.0,485.1,524.0,6.83,50006.0,332.5,223.4
CHL,2/8/2022,534.4,550.8,507.0,509.0,-2.86,28121.0,332.5,223.4
CHL,2/9/2022,507.0,512.0,495.1,496.0,-2.55,18554.0,332.5,223.4
CHL,2/10/2022,496.0,498.0,487.0,493.0,-0.6,16379.0,332.5,223.4
CHL,2/13/2022,483.2,484.0,466.0,469.0,-4.87,30360.0,332.5,223.4
CHL,2/14/2022,478.0,480.0,453.0,460.0,-1.92,27709.0,332.5,223.4
CHL,2/15/2022,460.0,497.0,456.0,495.0,7.61,23110.0,332.5,223.4
CHL,2/16/2022,504.0,510.0,475.0,480.0,-3.03,21614.0,332.5,223.4
CHL,2/17/2022,488.9,488.9,475.0,479.7,-0.06,11294.0,332.5,223.4
CHL,2/20/2022,470.2,505.0,452.1,480.0,0.06,26551.0,332.5,223.4
CHL,2/21/2022,489.0,501.0,471.0,490.0,2.08,27320.0,332.5,223.4
CHL,2/22/2022,499.8,508.0,491.0,496.0,1.22,28452.0,332.5,223.4
CHL,2/23/2022,505.9,505.9,489.0,489.0,-1.41,13238.0,332.5,223.4
CHL,2/24/2022,489.0,493.0,470.4,472.0,-3.48,20675.0,332.5,223.4
CHL,2/27/2022,472.0,494.0,472.0,486.0,2.97,23333.0,332.5,223.4
CHL,2/28/2022,495.7,506.0,460.0,473.0,-2.67,17333.0,332.5,223.4
CHL,3/2/2022,463.8,475.0,454.0,456.0,-3.59,12320.0,332.5,223.4
CHL,3/6/2022,457.0,466.0,450.0,455.0,-0.22,9584.0,332.5,223.4
CHL,3/7/2022,464.1,473.0,441.0,448.0,-1.54,8522.0,332.5,223.4
CHL,3/9/2022,455.0,455.0,433.0,435.0,-2.9,9908.0,332.5,223.4
CHL,3/10/2022,430.0,470.0,430.0,459.0,5.52,17647.0,332.5,223.4
CHL,3/13/2022,458.0,486.0,458.0,486.0,5.88,25478.0,332.5,223.4
CHL,3/14/2022,495.0,495.0,467.5,476.0,-2.06,5054.0,332.5,223.4
CHL,3/15/2022,484.5,484.5,461.0,466.0,-2.1,10319.0,332.5,223.4
CHL,3/16/2022,468.0,469.0,457.0,464.0,-0.43,6799.0,332.5,223.4
CHL,3/20/2022,465.0,474.0,447.9,459.0,-1.08,11119.0,332.5,223.4
CHL,3/21/2022,460.0,472.5,456.0,466.0,1.53,5506.0,332.5,223.4
CHL,3/22/2022,475.0,475.0,458.0,458.0,-1.72,10216.0,332.5,223.4
CHL,3/23/2022,460.0,466.0,450.4,451.2,-1.48,4030.0,332.5,223.4
CHL,3/24/2022,455.0,455.0,438.0,439.0,-2.7,6765.0,332.5,223.4
CHL,3/27/2022,440.0,445.0,427.0,427.0,-2.73,14022.0,332.5,223.4
CHL,3/28/2022,429.0,434.9,408.0,416.0,-2.58,15795.0,332.5,223.4
CHL,3/29/2022,408.0,424.0,401.8,414.9,-0.26,8106.0,332.5,223.4
CHL,3/30/2022,415.9,423.0,414.0,418.0,0.75,11320.0,332.5,223.4
CHL,3/31/2022,425.0,425.0,405.5,406.0,-2.87,7544.0,332.5,223.4
CHL,4/3/2022,406.0,439.0,402.0,402.5,-0.86,25412.0,332.5,223.4
CHL,4/4/2022,399.1,406.0,395.0,400.0,-0.62,8987.0,332.5,223.4
CHL,4/5/2022,402.0,404.0,387.2,395.0,-1.25,9831.0,332.5,223.4
CHL,4/6/2022,392.0,400.0,385.2,388.0,-1.77,5860.0,332.5,223.4
CHL,4/7/2022,382.1,410.0,382.1,392.0,1.03,11840.0,332.5,223.4
CHL,4/11/2022,399.8,410.0,384.0,385.0,-1.79,13003.0,332.5,223.4
CHL,4/12/2022,378.1,384.0,363.0,370.0,-3.9,11470.0,332.5,223.4
CHL,4/13/2022,375.0,380.0,365.0,374.0,1.08,9143.0,332.5,223.4
CHL,4/17/2022,372.2,380.0,363.0,364.0,-2.67,5115.0,332.5,223.4
CHL,4/18/2022,357.1,378.0,356.8,359.0,-1.37,5203.0,332.5,223.4
CHL,4/19/2022,366.0,373.2,346.0,363.8,1.34,4380.0,332.5,223.4
CHL,4/20/2022,363.0,365.0,342.0,353.0,-2.97,7102.0,332.5,223.4
CHL,4/21/2022,351.0,351.0,333.0,343.0,-2.83,9222.0,332.5,223.4
CHL,4/24/2022,338.0,377.0,336.2,370.0,7.87,22841.0,332.5,223.4
CHL,4/25/2022,377.0,384.5,358.0,361.2,-2.38,14457.0,332.5,223.4
CHL,4/26/2022,355.0,366.0,344.5,357.5,-1.02,19533.0,332.5,223.4
CHL,4/27/2022,363.9,363.9,346.0,359.0,0.42,11600.0,332.5,223.4
CHL,4/28/2022,365.0,365.0,346.0,352.0,-1.95,14636.0,332.5,223.4
CHL,5/2/2022,350.0,350.0,328.3,337.0,-4.26,11130.0,332.5,223.4
CHL,5/4/2022,330.4,342.0,319.0,319.0,-5.34,11393.0,332.5,223.4
CHL,5/5/2022,318.0,318.0,298.0,302.0,-5.33,16854.0,332.5,223.4
CHL,5/8/2022,296.0,308.0,284.3,308.0,1.99,20141.0,332.5,223.4
CHL,5/9/2022,308.0,318.2,302.0,307.0,-0.32,7120.0,332.5,223.4
CHL,5/10/2022,300.9,323.9,300.9,323.9,5.5,15300.0,332.5,223.4
CHL,5/11/2022,320.0,355.0,320.0,350.0,8.06,28951.0,332.5,223.4
CHL,5/12/2022,354.0,360.0,329.0,338.0,-3.43,22912.0,332.5,223.4
CHL,5/17/2022,331.3,331.3,318.0,320.0,-5.33,12723.0,332.5,223.4
CHL,5/18/2022,314.0,331.0,304.0,325.0,1.56,14620.0,332.5,223.4
CHL,5/19/2022,325.0,326.0,312.0,320.0,-1.54,10630.0,332.5,223.4
CHL,5/20/2022,315.0,324.0,312.0,324.0,1.25,5556.0,332.5,223.4
CHL,5/23/2022,317.6,323.3,300.1,323.3,-0.22,11422.0,332.5,223.4
CHL,5/24/2022,316.9,328.0,311.0,322.3,-0.31,8540.0,332.5,223.4
CHL,5/25/2022,322.3,327.0,320.0,321.0,-0.4,9014.0,332.5,223.4
CHL,5/26/2022,317.0,321.0,315.0,320.9,-0.03,3974.0,332.5,223.4
CHL,5/27/2022,320.0,320.0,307.0,313.0,-2.46,13489.0,332.5,223.4
CHL,5/30/2022,307.0,310.2,302.4,308.0,-1.6,7439.0,332.5,223.4
CHL,5/31/2022,301.9,307.0,296.0,296.0,-3.9,11330.0,332.5,223.4
CHL,6/1/2022,291.0,307.0,291.0,294.0,-0.68,7478.0,332.5,223.4
CHL,6/2/2022,299.0,299.0,290.0,297.0,1.02,5605.0,332.5,223.4
CHL,6/3/2022,294.1,296.0,288.5,291.0,-2.02,3757.0,332.5,223.4
CHL,6/6/2022,295.0,298.0,288.5,290.0,-0.34,5043.0,332.5,223.4
CHL,6/7/2022,285.1,290.0,275.0,280.0,-3.45,10322.0,332.5,223.4
CHL,6/8/2022,277.0,300.0,277.0,297.0,6.07,9412.0,332.5,223.4
CHL,6/9/2022,300.0,314.0,287.0,297.0,0.0,16863.0,332.5,223.4
CHL,6/10/2022,292.0,295.5,285.7,287.1,-3.33,4813.0,332.5,223.4
CHL,6/13/2022,285.1,304.0,281.3,284.9,-0.77,4317.0,332.5,223.4
CHL,6/14/2022,280.2,284.0,275.0,277.0,-2.77,4581.0,332.5,223.4
CHL,6/15/2022,271.7,277.0,266.3,269.0,-2.89,8371.0,332.5,223.4
CHL,6/16/2022,270.0,277.4,269.0,273.0,1.49,5111.0,332.5,223.4
CHL,6/17/2022,267.9,278.0,267.2,268.0,-1.83,5579.0,332.5,223.4
CHL,6/19/2022,262.9,267.9,251.9,252.0,-5.97,8507.0,332.5,223.4
CHL,6/20/2022,250.0,250.0,235.0,237.7,-5.67,18087.0,332.5,223.4
CHL,6/21/2022,233.0,257.9,233.0,248.0,4.33,14302.0,332.5,223.4
CHL,6/22/2022,243.1,243.9,235.1,240.0,-3.23,8115.0,332.5,223.4
CHL,6/23/2022,238.0,238.0,216.0,221.0,-7.92,15989.0,332.5,223.4
CHL,6/24/2022,216.6,233.0,207.0,219.3,-0.77,10063.0,332.5,223.4
CHL,6/26/2022,222.0,241.2,221.0,241.2,9.99,28543.0,332.5,223.4
CHL,6/27/2022,244.0,254.6,225.0,233.9,-3.03,24924.0,332.5,223.4
CHL,6/28/2022,230.0,238.0,225.4,230.9,-1.28,3620.0,332.5,223.4
CHL,6/29/2022,227.0,241.7,227.0,237.4,2.82,15201.0,332.5,223.4
CHL,6/30/2022,242.1,258.7,237.3,258.0,8.68,19668.0,332.5,223.4
CHL,7/1/2022,260.0,274.9,245.0,258.9,0.35,26825.0,332.5,223.4
CHL,7/3/2022,255.0,282.9,246.0,275.0,6.22,31642.0,332.5,223.4
CHL,7/4/2022,269.5,290.0,261.3,267.5,-2.73,33466.0,332.5,223.4
CHL,7/5/2022,263.0,281.0,254.0,254.0,-5.05,22715.0,332.5,223.4
CHL,7/6/2022,254.0,265.0,249.0,265.0,4.33,24951.0,332.5,223.4
CHL,7/7/2022,265.0,274.9,261.0,263.9,-0.42,14721.0,332.5,223.4
CHL,7/8/2022,265.0,265.0,253.6,255.1,-3.33,8470.0,332.5,223.4
CHL,7/11/2022,250.0,250.0,237.2,237.2,-7.02,17468.0,332.5,223.4
CHL,7/12/2022,241.9,246.5,235.7,241.0,1.6,11322.0,332.5,223.4
CHL,7/13/2022,245.0,256.0,239.1,256.0,6.22,9530.0,332.5,223.4
CHL,7/14/2022,261.0,261.1,250.0,256.2,0.08,8977.0,332.5,223.4
CHL,7/15/2022,260.0,260.0,247.0,250.0,-2.42,6830.0,332.5,223.4
CHL,7/17/2022,251.0,260.0,246.3,255.0,2.0,6256.0,332.5,223.4
CHL,7/18/2022,250.2,269.9,250.2,261.0,2.35,11360.0,332.5,223.4
CHL,7/19/2022,266.2,272.0,260.9,267.0,2.3,9589.0,332.5,223.4
CHL,7/20/2022,262.0,272.0,261.0,267.9,0.34,8494.0,332.5,223.4
CHL,7/21/2022,267.0,270.0,258.0,265.0,-1.08,9327.0,332.5,223.4
CHL,7/22/2022,260.0,265.0,250.0,256.0,-3.4,11452.0,332.5,223.4
CHL,7/24/2022,261.1,267.2,251.1,267.2,4.37,16164.0,332.5,223.4
CHL,7/25/2022,272.5,281.9,267.5,280.0,4.79,35649.0,332.5,223.4
CHL,7/26/2022,285.6,288.9,269.1,279.0,-0.36,46259.0,332.5,223.4
CHL,7/27/2022,273.5,295.0,268.8,294.0,5.38,38620.0,332.5,223.4
CHL,7/28/2022,299.0,305.0,281.9,293.2,-0.27,42910.0,332.5,223.4
CHL,7/29/2022,291.0,299.0,285.2,288.0,-1.77,18669.0,332.5,223.4
CHL,7/31/2022,293.0,303.0,292.1,299.0,3.82,33106.0,332.5,223.4
CHL,8/1/2022,302.0,310.0,293.1,300.0,0.33,47812.0,332.5,223.4
CHL,8/2/2022,306.0,306.0,295.5,303.0,1.0,22568.0,332.5,223.4
CHL,8/3/2022,304.0,318.9,302.0,314.0,3.63,59851.0,332.5,223.4
CHL,8/4/2022,309.0,315.0,301.0,301.0,-4.14,34170.0,332.5,223.4
CHL,8/5/2022,295.0,307.8,291.0,292.6,-2.79,25101.0,332.5,223.4
CHL,8/7/2022,298.0,309.9,293.1,298.0,1.85,25147.0,332.5,223.4
CHL,8/8/2022,300.0,306.0,292.0,293.3,-1.58,19004.0,332.5,223.4
CHL,8/9/2022,287.5,294.0,275.0,289.0,-1.47,18137.0,332.5,223.4
CHL,8/10/2022,294.7,294.7,277.4,284.0,-1.73,18693.0,332.5,223.4
CHL,8/11/2022,289.6,295.0,270.0,271.0,-4.58,15257.0,332.5,223.4
CHL,8/14/2022,265.6,270.0,259.0,263.0,-2.95,16222.0,332.5,223.4
CHL,8/15/2022,260.0,280.0,260.0,280.0,6.46,13759.0,332.5,223.4
CHL,8/16/2022,280.0,284.1,265.0,270.0,-3.57,20219.0,332.5,223.4
CHL,8/17/2022,275.0,275.0,265.0,265.0,-1.85,5287.0,332.5,223.4
CHL,8/18/2022,270.0,275.0,267.0,273.0,3.02,11538.0,332.5,223.4
CHL,8/21/2022,270.0,277.0,261.0,267.0,-2.2,21564.0,332.5,223.4
CHL,8/22/2022,261.7,269.4,261.7,264.0,-1.12,5879.0,332.5,223.4
CHL,8/23/2022,262.0,265.0,261.1,263.9,-0.04,3761.0,332.5,223.4
CHL,8/24/2022,260.0,268.0,260.0,266.0,0.8,15205.0,332.5,223.4
CHL,8/25/2022,269.0,269.0,256.0,256.0,-3.76,4852.0,332.5,223.4
CHL,8/26/2022,255.0,255.0,246.0,251.0,-1.95,7047.0,332.5,223.4
CHL,8/28/2022,247.0,255.0,237.0,237.0,-5.58,24457.0,332.5,223.4
CHL,8/29/2022,239.0,244.8,235.0,243.0,2.53,10327.0,332.5,223.4
CHL,8/30/2022,243.0,245.9,240.2,243.0,0.0,2340.0,332.5,223.4
CHL,8/31/2022,245.0,245.0,236.0,236.1,-2.84,3037.0,332.5,223.4
CHL,9/1/2022,233.0,240.8,229.0,238.0,0.8,8253.0,332.5,223.4
CHL,9/2/2022,239.2,241.0,236.0,236.0,-0.84,2076.0,332.5,223.4
CHL,9/4/2022,238.0,243.0,236.0,240.5,1.91,3579.0,332.5,223.4
CHL,9/5/2022,243.0,243.0,237.2,240.0,-0.21,3092.0,332.5,223.4
CHL,9/6/2022,235.3,239.0,235.0,235.0,-2.08,2050.0,332.5,223.4
CHL,9/7/2022,234.0,235.0,230.7,231.0,-1.7,3075.0,332.5,223.4
CHL,9/8/2022,230.0,240.0,227.0,240.0,3.9,5698.0,332.5,223.4
CHL,9/11/2022,236.0,238.0,226.0,227.2,-5.33,7393.0,332.5,223.4
CHL,9/12/2022,230.0,231.0,227.0,229.0,0.79,1472.0,332.5,223.4
CHL,9/13/2022,232.0,236.0,232.0,234.5,2.4,2645.0,332.5,223.4
CHL,9/14/2022,237.9,243.5,235.0,243.5,3.84,8659.0,332.5,223.4
CHL,9/15/2022,239.0,243.0,223.5,227.0,-6.78,8694.0,332.5,223.4
CHL,9/16/2022,223.0,225.0,219.0,220.0,-3.08,9237.0,332.5,223.4
CHL,9/18/2022,216.2,220.0,213.0,215.0,-2.27,6765.0,332.5,223.4
CHL,9/20/2022,213.0,213.0,197.2,204.0,-5.12,6730.0,332.5,223.4
CHL,9/21/2022,208.0,215.5,204.0,208.3,2.11,8512.0,332.5,223.4
CHL,9/22/2022,208.0,208.9,201.1,208.9,0.29,4704.0,332.5,223.4
CHL,9/25/2022,206.0,209.0,202.9,204.0,-2.35,2373.0,332.5,223.4
CHL,9/27/2022,205.0,212.1,200.0,205.5,0.74,5754.0,332.5,223.4
CHL,9/28/2022,205.0,209.1,203.9,206.5,0.49,3165.0,332.5,223.4
CHL,9/29/2022,206.0,209.0,203.5,204.0,-1.21,2295.0,332.5,223.4
CHL,10/9/2022,206.0,213.9,203.2,211.0,3.43,2932.0,332.5,223.4
CHL,10/10/2022,215.2,215.2,207.0,209.9,-0.52,4148.0,332.5,223.4
CHL,10/11/2022,206.1,207.0,205.0,205.9,-1.91,2788.0,332.5,223.4
CHL,10/12/2022,207.0,211.6,203.8,203.8,-1.02,6813.0,332.5,223.4
CHL,10/13/2022,207.8,210.0,201.0,207.0,1.57,3361.0,332.5,223.4
CHL,10/16/2022,204.0,206.0,203.0,206.0,-0.48,2703.0,332.5,223.4
CHL,10/17/2022,204.0,206.0,202.5,203.0,-1.46,2459.0,332.5,223.4
CHL,10/19/2022,200.0,204.0,196.0,201.1,-0.94,9492.0,332.5,223.4
CHL,10/20/2022,201.0,202.9,193.1,193.1,-3.98,893.0,332.5,223.4
CHL,10/23/2022,196.0,196.9,194.2,194.2,0.57,1910.0,332.5,223.4
CHL,10/31/2022,194.0,196.0,194.0,195.1,0.46,2132.0,332.5,223.4
CHL,11/1/2022,195.0,214.6,195.0,210.0,7.64,5434.0,332.5,223.4
CHL,11/2/2022,213.0,218.0,210.0,216.5,3.1,9304.0,332.5,223.4
CHL,11/3/2022,212.2,214.0,210.0,211.0,-2.54,2740.0,332.5,223.4
CHL,11/6/2022,213.9,219.3,211.0,219.0,3.79,4229.0,332.5,223.4
CHL,11/7/2022,221.0,230.8,215.1,215.1,-1.78,13781.0,332.5,223.4
CHL,11/8/2022,211.0,219.4,211.0,218.0,1.35,2546.0,332.5,223.4
CHL,11/9/2022,213.7,213.7,205.0,207.0,-5.05,4272.0,332.5,223.4
CHL,11/10/2022,205.0,208.0,199.0,201.0,-2.9,4084.0,332.5,223.4
CHL,11/13/2022,201.0,207.0,199.1,200.0,-0.5,4449.0,332.5,223.4
CHL,11/14/2022,200.0,214.0,197.1,212.9,6.45,10255.0,332.5,223.4
CHL,11/15/2022,217.0,217.0,207.0,213.0,0.05,7764.0,332.5,223.4
CHL,11/16/2022,210.0,218.0,206.0,218.0,2.35,5070.0,332.5,223.4
CHL,11/17/2022,222.3,224.0,213.6,224.0,2.75,7621.0,332.5,223.4
CHL,11/22/2022,223.0,226.0,213.7,217.0,-3.12,11517.0,332.5,223.4
CHL,11/23/2022,212.7,215.0,212.7,214.0,-1.38,4873.0,332.5,223.4
CHL,11/24/2022,209.9,222.0,209.1,221.7,3.6,5967.0,332.5,223.4
CHL,11/27/2022,226.1,226.1,216.0,224.4,1.22,4317.0,332.5,223.4
CHL,11/28/2022,226.0,226.0,217.6,220.0,-1.96,4007.0,332.5,223.4
CHL,11/29/2022,216.0,219.0,215.6,217.1,-1.32,2634.0,332.5,223.4
CHL,11/30/2022,212.9,218.8,212.9,217.5,0.18,2118.0,332.5,223.4
CHL,12/1/2022,215.0,225.0,213.2,219.8,1.06,5335.0,332.5,223.4
CHL,12/4/2022,224.0,224.0,213.7,217.0,-1.27,3652.0,332.5,223.4
CHL,12/5/2022,212.7,219.9,209.9,209.9,-3.27,7368.0,332.5,223.4
CHL,12/6/2022,209.9,213.5,209.3,211.8,0.91,1263.0,332.5,223.4
CHL,12/7/2022,211.0,213.0,207.0,210.5,-0.61,3553.0,332.5,223.4
CHL,12/11/2022,207.0,214.0,203.0,207.0,-1.66,5621.0,332.5,223.4
CHL,12/12/2022,204.0,209.1,202.9,205.1,-0.92,3940.0,332.5,223.4
CHL,12/13/2022,204.9,208.9,204.9,207.9,1.37,396.0,332.5,223.4
CHL,12/14/2022,205.0,208.2,201.0,205.0,-1.39,1833.0,332.5,223.4
CHL,12/15/2022,203.1,208.0,203.0,203.0,-0.98,3599.0,332.5,223.4
CHL,12/18/2022,203.0,203.0,200.0,201.0,-0.99,8429.0,332.5,223.4
CHL,12/19/2022,200.0,204.0,198.0,202.1,0.55,1360.0,332.5,223.4
CHL,12/20/2022,199.4,203.8,199.4,203.0,0.45,6212.0,332.5,223.4
CHL,12/21/2022,203.0,203.0,200.0,202.5,-0.25,2514.0,332.5,223.4
CHL,12/22/2022,199.0,200.0,199.0,200.0,-1.23,4596.0,332.5,223.4
CHL,12/26/2022,204.0,216.0,203.5,216.0,8.0,11605.0,332.5,223.4
CHL,12/27/2022,220.3,227.4,218.0,221.0,2.31,19847.0,332.5,223.4
CHL,12/28/2022,220.0,228.0,217.0,217.5,-1.58,19869.0,332.5,223.4
CHL,12/29/2022,220.0,239.2,220.0,238.0,9.43,34799.0,332.5,223.4
CHL,1/1/2023,238.0,260.0,238.0,247.5,3.99,30723.0,332.5,223.4
CHL,1/2/2023,243.0,260.1,240.0,260.0,5.05,30548.0,332.5,223.4
CHL,1/3/2023,263.0,267.0,253.0,254.0,-2.31,18165.0,332.5,223.4
CHL,1/4/2023,250.0,272.0,250.0,268.0,5.51,19898.0,332.5,223.4
CHL,1/5/2023,273.3,281.0,263.0,274.9,2.57,15850.0,332.5,223.4
CHL,1/8/2023,269.5,290.0,269.5,282.0,2.58,42042.0,332.5,223.4
CHL,1/9/2023,285.1,310.2,285.0,310.2,10.0,46460.0,332.5,223.4
CHL,1/10/2023,313.0,339.0,300.9,309.0,-0.39,59716.0,332.5,223.4
CHL,1/12/2023,312.0,315.1,279.0,293.0,-5.18,64989.0,332.5,223.4
CHL,1/17/2023,290.0,309.0,281.5,307.0,4.78,28177.0,332.5,223.4
CHL,1/18/2023,312.0,323.0,302.0,302.0,-1.63,29102.0,332.5,223.4
CHL,1/19/2023,297.1,320.0,291.2,313.0,3.64,34701.0,332.5,223.4
CHL,1/23/2023,319.0,319.0,298.0,301.0,-3.83,14125.0,332.5,223.4
CHL,1/24/2023,299.0,319.0,291.1,303.0,0.66,12753.0,332.5,223.4
CHL,1/25/2023,300.0,327.4,300.0,317.0,4.62,69365.0,332.5,223.4
CHL,1/26/2023,323.0,337.9,323.0,330.0,4.1,48772.0,332.5,223.4
CHL,1/29/2023,328.0,331.0,322.0,323.0,-2.12,25825.0,332.5,223.4
CHL,1/30/2023,317.0,328.0,305.8,310.0,-4.02,46706.0,332.5,223.4
CHL,1/31/2023,306.0,323.0,295.0,312.0,0.65,58192.0,332.5,223.4
CHL,2/1/2023,318.0,324.0,315.7,319.9,2.53,31353.0,332.5,223.4
CHL,2/2/2023,320.0,324.0,311.0,317.0,-0.91,14817.0,332.5,223.4
CHL,2/5/2023,316.0,320.0,311.1,318.0,0.32,17256.0,332.5,223.4
CHL,2/6/2023,315.3,320.0,314.4,320.0,0.63,32791.0,332.5,223.4
CHL,2/7/2023,320.0,335.0,320.0,335.0,4.69,60736.0,332.5,223.4
CHL,2/8/2023,341.0,341.0,323.4,329.0,-1.79,66046.0,332.5,223.4
CHL,2/9/2023,330.0,336.0,326.0,336.0,2.13,44382.0,332.5,223.4
CHL,2/12/2023,329.3,335.0,320.0,327.0,-2.68,46781.0,332.5,223.4
CHL,2/14/2023,325.0,345.0,325.0,336.0,2.75,44826.0,332.5,223.4
CHL,2/15/2023,339.0,345.0,328.0,333.5,-0.74,40557.0,332.5,223.4
CHL,2/16/2023,332.0,341.7,332.0,336.0,0.75,47466.0,332.5,223.4
CHL,2/20/2023,330.1,336.0,330.0,335.9,-0.03,21460.0,332.5,223.4
CHL,2/22/2023,336.0,369.4,336.0,368.0,9.56,60535.0,332.5,223.4
CHL,2/23/2023,368.0,370.0,349.7,354.9,-3.56,61612.0,332.5,223.4
CHL,2/26/2023,354.0,369.9,337.3,369.0,3.97,76669.0,332.5,223.4
CHL,2/27/2023,370.0,370.0,340.1,352.0,-4.61,69897.0,332.5,223.4
CHL,2/28/2023,350.1,355.9,346.2,346.2,-1.65,19126.0,332.5,223.4
CHL,3/1/2023,348.0,348.0,336.0,337.0,-2.66,21277.0,332.5,223.4
CHL,3/2/2023,331.2,338.0,328.5,328.5,-2.52,17364.0,332.5,223.4
CHL,3/5/2023,328.0,328.0,315.0,315.0,-4.11,16815.0,332.5,223.4
CHL,3/7/2023,321.0,328.0,317.6,321.0,1.9,8390.0,332.5,223.4
CHL,3/9/2023,322.0,339.6,322.0,338.0,5.3,20376.0,332.5,223.4
CHL,3/12/2023,340.0,343.0,330.3,330.3,-2.28,26502.0,332.5,223.4
CHL,3/13/2023,336.9,336.9,325.0,325.0,-1.6,10297.0,332.5,223.4
CHL,3/14/2023,323.2,333.0,319.0,324.5,-0.15,11997.0,332.5,223.4
CHL,3/15/2023,330.9,330.9,320.2,322.0,-0.77,5902.0,332.5,223.4
CHL,3/16/2023,328.0,328.4,320.5,320.7,-0.4,9411.0,332.5,223.4
CHL,3/19/2023,321.0,330.0,315.1,319.1,-0.5,23210.0,332.5,223.4
CHL,3/20/2023,320.0,333.0,320.0,333.0,4.36,22914.0,332.5,223.4
CHL,3/22/2023,334.5,337.0,327.0,327.0,-1.8,9193.0,332.5,223.4
CHL,3/23/2023,332.0,332.0,321.5,324.9,-0.64,9267.0,332.5,223.4
CHL,3/26/2023,330.0,330.0,317.6,317.6,-2.25,14372.0,332.5,223.4
CHL,3/27/2023,313.2,325.0,312.4,325.0,2.33,8731.0,332.5,223.4
CHL,3/28/2023,331.5,337.0,321.8,322.6,-0.74,8076.0,332.5,223.4
CHL,3/29/2023,322.0,324.0,318.0,320.8,-0.56,7141.0,332.5,223.4
CHL,3/30/2023,323.0,323.0,318.0,318.0,-0.87,8018.0,332.5,223.4
CHL,4/2/2023,323.0,323.0,304.0,304.0,-4.4,11278.0,332.5,223.4
CHL,4/3/2023,302.6,310.0,301.5,302.4,-0.53,9009.0,332.5,223.4
CHL,4/4/2023,302.0,308.0,301.0,304.0,0.53,7428.0,332.5,223.4
CHL,4/5/2023,306.0,308.0,300.0,305.0,0.33,7281.0,332.5,223.4
CHL,4/6/2023,305.0,307.0,302.0,302.2,-0.92,7152.0,332.5,223.4
CHL,4/9/2023,302.0,302.0,290.1,290.1,-4.0,10717.0,332.5,223.4
CHL,4/10/2023,294.0,298.0,292.0,296.0,2.03,4090.0,332.5,223.4
CHL,4/11/2023,295.0,318.0,295.0,318.0,7.43,9143.0,332.5,223.4
CHL,4/12/2023,315.0,328.0,315.0,326.5,2.67,16805.0,332.5,223.4
CHL,4/13/2023,327.0,332.0,314.6,315.0,-3.52,16090.0,332.5,223.4
CHL,4/16/2023,313.0,315.0,309.0,314.0,-0.32,9466.0,332.5,223.4
CHL,4/17/2023,308.2,314.0,302.0,309.0,-1.59,13678.0,332.5,223.4
CHL,4/18/2023,307.0,309.0,303.0,304.0,-1.62,4310.0,332.5,223.4
CHL,4/19/2023,310.0,314.0,307.2,311.5,2.47,11676.0,332.5,223.4
CHL,4/20/2023,308.0,312.9,307.0,307.0,-1.44,5107.0,332.5,223.4
CHL,4/23/2023,307.0,307.0,301.1,303.0,-1.3,5710.0,332.5,223.4
CHL,4/24/2023,301.1,308.8,301.0,304.0,0.33,7254.0,332.5,223.4
CHL,4/25/2023,301.1,311.0,301.1,310.0,1.97,5147.0,332.5,223.4
CHL,4/26/2023,315.9,315.9,302.3,305.0,-1.61,7752.0,332.5,223.4
CHL,4/27/2023,305.0,310.0,298.9,302.0,-0.98,11734.0,332.5,223.4
CHL,4/30/2023,302.0,303.0,290.0,294.0,-2.65,9631.0,332.5,223.4
CHL,5/2/2023,290.0,298.0,288.0,291.0,-1.02,3253.0,332.5,223.4
CHL,5/3/2023,296.0,296.0,282.3,283.0,-2.75,1288.0,332.5,223.4
CHL,5/4/2023,283.0,285.0,276.5,282.9,-0.04,4606.0,332.5,223.4
CHL,5/7/2023,280.0,280.0,276.0,277.0,-2.09,3367.0,332.5,223.4
CHL,5/8/2023,280.0,282.5,262.0,266.0,-3.97,3868.0,332.5,223.4
CHL,5/9/2023,271.0,287.5,265.0,275.0,3.38,8215.0,332.5,223.4
CHL,5/10/2023,270.0,274.5,268.6,274.0,-0.36,1330.0,332.5,223.4
CHL,5/11/2023,274.0,278.9,270.0,275.0,0.36,1575.0,332.5,223.4
CHL,5/14/2023,275.0,278.0,260.0,264.7,-3.75,14238.0,332.5,223.4
CHL,5/15/2023,260.1,266.9,260.0,264.9,0.08,2619.0,332.5,223.4
CHL,5/16/2023,261.0,269.4,261.0,266.8,0.72,2735.0,332.5,223.4
CHL,5/17/2023,263.0,275.0,263.0,275.0,3.07,7811.0,332.5,223.4
CHL,5/18/2023,272.0,285.2,272.0,284.5,3.45,6349.0,332.5,223.4
CHL,5/21/2023,289.0,290.0,277.3,281.0,-1.23,7548.0,332.5,223.4
CHL,5/22/2023,275.5,283.5,274.1,280.0,-0.36,10965.0,332.5,223.4
CHL,5/23/2023,285.0,294.7,284.0,293.0,4.64,10205.0,332.5,223.4
CHL,5/24/2023,298.0,298.0,286.5,291.0,-0.68,3529.0,332.5,223.4
CHL,5/28/2023,296.8,303.7,289.1,289.5,-0.52,15382.0,332.5,223.4
CHL,5/30/2023,284.0,289.0,274.4,280.0,-3.28,11732.0,332.5,223.4
CHL,5/31/2023,274.4,279.7,266.2,268.5,-4.11,11317.0,332.5,223.4
CHL,6/1/2023,263.6,275.3,254.0,274.5,2.23,22523.0,332.5,223.4
CHL,6/4/2023,279.9,294.8,278.0,289.0,5.28,11493.0,332.5,223.4
CHL,6/5/2023,284.0,289.0,275.1,280.0,-3.11,5404.0,332.5,223.4
CHL,6/6/2023,276.1,284.0,276.0,283.7,1.32,8705.0,332.5,223.4
CHL,6/7/2023,288.0,295.0,280.0,285.0,0.46,7694.0,332.5,223.4
CHL,6/8/2023,290.0,292.0,282.3,282.3,-0.95,9853.0,332.5,223.4
CHL,6/11/2023,287.5,304.0,286.2,292.1,3.47,12011.0,332.5,223.4
CHL,6/12/2023,294.9,298.0,290.0,294.0,0.65,14508.0,332.5,223.4
CHL,6/13/2023,289.0,314.1,289.0,307.0,4.42,17847.0,332.5,223.4
CHL,6/14/2023,308.0,317.2,302.0,307.0,0.0,28768.0,332.5,223.4
CHL,6/15/2023,302.0,312.0,296.0,307.0,0.0,10416.0,332.5,223.4
CHL,6/18/2023,311.0,313.0,302.0,307.0,0.0,6621.0,332.5,223.4
CHL,6/19/2023,306.0,320.0,306.0,317.0,3.26,27091.0,332.5,223.4
CHL,6/20/2023,322.0,322.0,303.8,306.0,-3.47,21011.0,332.5,223.4
CHL,6/21/2023,301.0,311.0,297.0,297.0,-2.94,7359.0,332.5,223.4
CHL,6/22/2023,302.2,306.0,280.8,290.0,-2.36,17887.0,332.5,223.4
CHL,6/25/2023,286.0,300.0,275.0,300.0,3.45,16691.0,332.5,223.4
CHL,6/26/2023,306.0,311.0,291.3,291.3,-2.9,6912.0,332.5,223.4
CHL,6/27/2023,297.0,298.8,290.0,293.3,0.69,13479.0,332.5,223.4
CHL,6/28/2023,299.0,299.0,285.0,285.0,-2.83,10368.0,332.5,223.4
CHL,7/2/2023,290.0,290.0,277.4,277.4,-2.67,10185.0,332.5,223.4
CHL,7/3/2023,280.0,292.0,270.0,270.0,-2.67,9098.0,332.5,223.4
CHL,7/4/2023,275.0,280.5,262.0,273.5,1.3,10756.0,332.5,223.4
CHL,7/5/2023,271.0,280.9,266.5,266.5,-2.56,4469.0,332.5,223.4
CHL,7/6/2023,269.9,269.9,261.2,262.1,-1.65,3224.0,332.5,223.4
CHL,7/9/2023,266.0,270.9,262.2,263.0,0.34,4985.0,332.5,223.4
CHL,7/10/2023,267.0,267.0,257.0,262.0,-0.38,17595.0,332.5,223.4
CHL,7/11/2023,267.0,267.0,257.2,262.0,0.0,4000.0,332.5,223.4
CHL,7/12/2023,258.0,276.5,258.0,276.5,5.53,10467.0,332.5,223.4
CHL,7/13/2023,280.0,282.0,265.0,269.0,-2.71,6644.0,332.5,223.4
CHL,7/16/2023,270.0,270.0,260.0,264.0,-1.86,1498.0,332.5,223.4
CHL,7/17/2023,260.0,271.0,260.0,271.0,2.65,3996.0,332.5,223.4
CHL,7/18/2023,266.1,272.1,265.0,269.9,-0.41,10859.0,332.5,223.4
CHL,7/19/2023,267.1,271.0,261.1,271.0,0.41,3123.0,332.5,223.4
CHL,7/20/2023,273.0,273.0,265.6,266.0,-1.85,4283.0,332.5,223.4
CHL,7/23/2023,265.1,272.9,264.8,272.9,2.59,5790.0,332.5,223.4
CHL,7/24/2023,275.8,275.8,266.0,266.5,-2.35,10708.0,332.5,223.4
CHL,7/25/2023,266.7,275.0,266.2,270.0,1.31,4737.0,332.5,223.4
CHL,7/26/2023,273.8,273.8,265.3,265.3,-1.74,1800.0,332.5,223.4
CHL,7/27/2023,261.0,265.0,260.0,260.0,-2.0,4403.0,332.5,223.4
CHL,7/30/2023,260.0,264.0,256.0,260.0,0.0,3861.0,332.5,223.4
CHL,7/31/2023,255.0,265.0,255.0,263.0,1.15,6121.0,332.5,223.4
CHL,8/1/2023,265.0,267.0,254.0,255.0,-3.04,5452.0,332.5,223.4
CHL,8/2/2023,252.0,256.0,248.0,250.0,-1.96,3175.0,332.5,223.4
CHL,8/3/2023,255.0,255.0,249.9,250.1,0.04,2804.0,332.5,223.4
CHL,8/6/2023,248.0,251.0,245.0,248.0,-0.84,2962.0,332.5,223.4
CHL,8/7/2023,252.0,252.0,232.0,232.0,-6.45,7678.0,332.5,223.4
CHL,8/8/2023,236.6,240.9,231.0,231.0,-0.43,4380.0,332.5,223.4
CHL,8/9/2023,230.0,235.6,227.0,235.6,1.99,3891.0,332.5,223.4
CHL,8/10/2023,235.1,238.0,231.0,236.0,0.17,3224.0,332.5,223.4
CHL,8/13/2023,232.0,235.0,230.0,235.0,-0.42,2632.0,332.5,223.4
CHL,8/14/2023,231.0,234.5,228.2,228.2,-2.89,2919.0,332.5,223.4
CHL,8/15/2023,225.0,226.0,220.0,223.0,-2.28,5452.0,332.5,223.4
CHL,8/16/2023,220.0,220.0,213.0,215.0,-3.59,4331.0,332.5,223.4
CHL,8/17/2023,217.0,232.5,216.0,218.0,1.4,3478.0,332.5,223.4
CHL,8/20/2023,215.0,215.0,203.5,207.0,-5.05,3561.0,332.5,223.4
CHL,8/21/2023,210.0,210.0,204.1,209.7,1.3,1669.0,332.5,223.4
CHL,8/22/2023,209.7,227.0,206.0,227.0,8.25,5562.0,332.5,223.4
CHL,8/23/2023,224.0,227.8,216.1,227.7,0.31,6412.0,332.5,223.4
CHL,8/24/2023,227.7,227.7,217.1,217.1,-4.66,7235.0,332.5,223.4
CHL,8/27/2023,215.1,220.0,214.0,214.0,-1.43,2461.0,332.5,223.4
CHL,8/28/2023,216.0,218.2,211.7,218.2,1.96,453.0,332.5,223.4
CHL,8/29/2023,215.1,222.5,214.0,220.0,0.82,2124.0,332.5,223.4
CHL,8/30/2023,217.0,222.6,212.8,216.9,-1.41,2234.0,332.5,223.4
CHL,9/3/2023,213.1,216.0,202.0,216.0,-0.41,13546.0,332.5,223.4
CHL,9/4/2023,216.0,219.0,210.0,213.0,-1.39,2057.0,332.5,223.4
CHL,9/5/2023,216.0,216.0,209.0,213.0,0.0,1470.0,332.5,223.4
CHL,9/7/2023,208.8,212.9,194.1,212.1,-0.42,11916.0,332.5,223.4
CHL,9/10/2023,208.0,213.0,203.9,212.9,0.38,2990.0,332.5,223.4
CHL,9/11/2023,216.0,216.6,210.0,214.0,0.52,2671.0,332.5,223.4
CHL,9/12/2023,213.0,215.0,207.3,213.6,-0.19,2470.0,332.5,223.4
CHL,9/13/2023,216.0,219.5,211.0,219.5,2.76,2816.0,332.5,223.4
CHL,9/17/2023,219.0,220.0,210.8,215.0,-2.05,5273.0,332.5,223.4
CHL,9/18/2023,211.0,215.0,211.0,214.0,-0.47,495.0,332.5,223.4
CHL,9/19/2023,210.0,222.5,210.0,222.5,3.97,6003.0,332.5,223.4
CHL,9/21/2023,226.9,240.0,226.6,236.0,6.07,12112.0,332.5,223.4
CHL,9/24/2023,233.0,240.0,224.0,228.0,-3.39,6079.0,332.5,223.4
CHL,9/25/2023,224.1,240.0,224.1,236.4,3.68,10194.0,332.5,223.4
CHL,9/26/2023,234.9,250.0,234.9,249.0,5.33,9357.0,332.5,223.4
CHL,9/27/2023,245.0,245.0,236.0,239.0,-4.02,5657.0,332.5,223.4
CHL,10/1/2023,234.3,246.5,225.2,234.5,-1.88,9687.0,332.5,223.4
CHL,10/2/2023,230.1,238.5,225.5,230.5,-1.71,5142.0,332.5,223.4
CHL,10/3/2023,226.3,230.7,226.2,227.1,-1.48,1772.0,332.5,223.4
CHL,10/4/2023,231.0,236.2,230.0,231.0,1.72,2147.0,332.5,223.4
CHL,10/5/2023,231.0,232.1,226.6,230.0,-0.43,6026.0,332.5,223.4
CHL,10/8/2023,226.0,232.0,221.0,221.0,-3.91,9597.0,332.5,223.4
CHL,10/9/2023,217.0,227.0,217.0,222.0,0.45,6657.0,332.5,223.4
CHL,10/10/2023,222.0,224.5,203.7,214.2,-3.51,14586.0,332.5,223.4
CHL,10/11/2023,215.9,217.9,205.8,217.7,1.63,14477.0,332.5,223.4
CHL,10/12/2023,215.0,215.0,198.6,213.8,-1.79,12763.0,332.5,223.4
CHL,10/16/2023,214.0,214.0,202.0,203.0,-5.05,7863.0,332.5,223.4
CHL,10/17/2023,207.0,215.0,203.2,206.0,1.48,2536.0,332.5,223.4
CHL,10/18/2023,209.0,213.0,206.5,209.0,1.46,1472.0,332.5,223.4
CHL,10/19/2023,211.0,211.0,207.0,210.0,0.48,1270.0,332.5,223.4
CHL,10/29/2023,206.0,206.1,201.0,201.0,-4.29,8318.0,332.5,223.4
CHL,10/30/2023,205.0,212.0,205.0,210.0,4.48,975.0,332.5,223.4
CHL,10/31/2023,207.0,208.0,205.0,205.1,-2.33,1680.0,332.5,223.4
CHL,11/1/2023,207.0,207.0,207.0,207.0,0.93,10.0,332.5,223.4
CHL,11/2/2023,204.0,205.0,202.0,202.1,-2.37,3341.0,332.5,223.4
CHL,11/5/2023,203.0,204.0,200.0,202.0,-0.05,1317.0,332.5,223.4
CHL,11/6/2023,204.0,208.5,204.0,205.0,1.49,2815.0,332.5,223.4
CHL,11/7/2023,208.0,209.1,200.9,202.2,-1.37,3346.0,332.5,223.4
CHL,11/8/2023,200.0,206.0,200.0,206.0,1.88,420.0,332.5,223.4
CHL,11/9/2023,202.5,208.0,199.0,207.7,0.83,1779.0,332.5,223.4
CHL,11/20/2023,209.0,209.0,202.0,204.0,-1.78,1475.0,332.5,223.4
CHL,11/21/2023,200.1,201.0,197.0,197.0,-3.43,1267.0,332.5,223.4
CHL,11/22/2023,198.1,208.0,198.0,206.7,4.92,1516.0,332.5,223.4
CHL,11/23/2023,203.0,207.0,199.8,200.0,-3.24,4302.0,332.5,223.4
CHL,11/26/2023,204.0,220.0,204.0,220.0,10.0,17806.0,332.5,223.4
CHL,11/27/2023,221.0,228.8,215.6,221.3,0.59,14022.0,332.5,223.4
CHL,11/28/2023,222.0,223.0,213.7,219.0,-1.04,3680.0,332.5,223.4
CHL,11/29/2023,219.0,220.0,207.3,211.0,-3.65,1859.0,332.5,223.4
CHL,11/30/2023,214.0,214.0,207.5,209.0,-0.95,3810.0,332.5,223.4
CHL,12/3/2023,207.0,211.0,207.0,210.0,0.48,3483.0,332.5,223.4
CHL,12/4/2023,210.0,218.0,206.0,209.1,-0.43,5328.0,332.5,223.4
CHL,12/5/2023,213.2,213.2,206.1,211.0,0.91,1080.0,332.5,223.4
CHL,12/6/2023,207.0,208.0,206.0,207.9,-1.47,1729.0,332.5,223.4
CHL,12/7/2023,207.0,214.0,207.0,211.0,1.49,7955.0,332.5,223.4
CHL,12/10/2023,215.2,223.8,215.2,223.8,6.07,30.0,332.5,223.4
CHL,12/11/2023,228.2,233.0,220.0,221.9,-0.85,20185.0,332.5,223.4
CHL,12/12/2023,222.0,232.0,222.0,231.9,4.51,25024.0,332.5,223.4
CHL,12/13/2023,236.0,249.8,233.1,242.0,4.36,26455.0,332.5,223.4
CHL,12/14/2023,238.1,245.0,238.0,245.0,1.24,11384.0,332.5,223.4
CHL,12/17/2023,240.1,267.2,240.0,267.0,8.98,33229.0,332.5,223.4
CHL,12/18/2023,267.0,272.3,255.1,264.0,-1.12,26406.0,332.5,223.4
CHL,12/19/2023,269.0,269.0,250.0,262.0,-0.76,20108.0,332.5,223.4
CHL,12/20/2023,257.1,265.0,255.0,262.0,0.0,30871.0,332.5,223.4
CHL,12/21/2023,260.0,265.0,252.0,252.0,-3.82,26424.0,332.5,223.4
CHL,12/24/2023,257.0,270.2,250.0,256.0,1.59,28216.0,332.5,223.4
CHL,12/27/2023,261.0,265.0,245.0,256.0,0.0,16160.0,332.5,223.4
CHL,12/28/2023,256.0,260.0,241.1,253.0,-1.17,15621.0,332.5,223.4
CHL,1/1/2024,249.0,253.0,244.4,251.9,-0.43,11156.0,332.5,223.4
CHL,1/2/2024,256.1,256.1,239.0,240.9,-4.37,6975.0,332.5,223.4
CHL,1/3/2024,245.0,246.0,238.0,245.0,1.7,8258.0,332.5,223.4
CHL,1/4/2024,249.9,261.0,245.0,253.0,3.27,19771.0,332.5,223.4
CHL,1/7/2024,258.0,260.8,248.0,249.0,-1.58,25447.0,332.5,223.4
CHL,1/8/2024,253.9,266.9,252.0,266.0,6.83,34757.0,332.5,223.4
CHL,1/9/2024,269.9,290.0,267.0,271.5,2.07,49488.0,332.5,223.4
CHL,1/10/2024,276.9,282.4,264.0,270.0,-0.55,34256.0,332.5,223.4
CHL,1/11/2024,266.6,290.1,266.6,283.1,4.85,35658.0,332.5,223.4
CHL,1/14/2024,288.7,307.0,285.0,297.0,4.91,82970.0,332.5,223.4
CHL,1/16/2024,302.9,313.0,296.4,302.3,1.78,62392.0,332.5,223.4
CHL,1/17/2024,300.1,300.1,281.0,286.0,-5.39,36532.0,332.5,223.4
CHL,1/18/2024,280.3,297.7,280.3,291.0,1.75,19967.0,332.5,223.4
CHL,1/21/2024,290.1,308.7,290.1,299.0,2.75,46919.0,332.5,223.4
CHL,1/22/2024,301.0,301.9,282.0,293.0,-2.01,29543.0,332.5,223.4
CHL,1/23/2024,298.0,300.0,276.4,284.0,-3.07,21757.0,332.5,223.4
CHL,1/24/2024,289.0,294.0,276.3,277.0,-2.46,10942.0,332.5,223.4
CHL,1/25/2024,280.0,285.0,270.0,278.0,0.36,21359.0,332.5,223.4
CHL,1/28/2024,283.5,300.0,278.0,290.9,4.64,21393.0,332.5,223.4
CHL,1/29/2024,296.0,296.0,285.2,290.0,-0.31,15076.0,332.5,223.4
CHL,1/30/2024,295.0,298.7,288.0,298.0,2.76,17920.0,332.5,223.4
CHL,1/31/2024,302.0,302.0,280.0,290.0,-2.68,19969.0,332.5,223.4
CHL,2/1/2024,294.9,294.9,280.2,281.0,-3.1,9326.0,332.5,223.4
CHL,2/4/2024,283.0,287.0,275.6,281.0,0.0,10014.0,332.5,223.4
CHL,2/5/2024,281.0,296.8,277.2,294.9,4.95,50164.0,332.5,223.4
CHL,2/6/2024,294.2,296.8,293.0,294.0,-0.31,9273.0,332.5,223.4
CHL,2/7/2024,299.0,303.0,295.0,303.0,3.06,38351.0,332.5,223.4
CHL,2/8/2024,307.0,325.6,300.0,304.0,0.33,43685.0,332.5,223.4
CHL,2/11/2024,306.0,306.0,297.0,303.0,-0.33,23857.0,332.5,223.4
CHL,2/12/2024,302.9,308.0,298.6,308.0,1.65,16678.0,332.5,223.4
CHL,2/13/2024,301.9,310.0,295.0,299.0,-2.92,31604.0,332.5,223.4
CHL,2/14/2024,299.0,303.0,297.2,297.2,-0.6,7850.0,332.5,223.4
CHL,2/15/2024,296.0,323.0,296.0,321.0,8.01,102121.0,332.5,223.4
CHL,2/18/2024,314.6,330.8,314.6,324.0,0.93,63134.0,332.5,223.4
CHL,2/20/2024,324.0,326.0,313.1,318.0,-1.85,21145.0,332.5,223.4
CHL,2/21/2024,324.0,324.3,309.1,315.0,-0.94,27361.0,332.5,223.4
CHL,2/22/2024,313.0,318.0,303.8,303.8,-3.56,11050.0,332.5,223.4
CHL,2/25/2024,309.8,309.8,288.0,288.0,-5.2,18474.0,332.5,223.4
CHL,2/26/2024,293.0,303.0,288.0,295.0,2.43,8699.0,332.5,223.4
CHL,2/27/2024,300.0,303.0,295.0,303.0,2.71,12354.0,332.5,223.4
CHL,2/28/2024,309.0,309.0,292.0,302.9,-0.03,7539.0,332.5,223.4
CHL,2/29/2024,298.0,298.0,285.0,290.0,-4.26,24796.0,332.5,223.4
CHL,3/3/2024,292.0,292.0,281.3,282.0,-2.76,5222.0,332.5,223.4
CHL,3/4/2024,287.6,309.0,287.6,309.0,9.57,380.0,332.5,223.4
CHL,3/5/2024,315.1,315.1,291.2,291.2,-5.76,34969.0,332.5,223.4
CHL,3/6/2024,296.6,299.8,288.4,299.8,2.95,12493.0,332.5,223.4
CHL,3/7/2024,295.1,304.9,295.1,300.0,0.07,10238.0,332.5,223.4
CHL,3/10/2024,306.0,320.0,302.1,306.9,2.3,14788.0,332.5,223.4
CHL,3/12/2024,312.9,312.9,301.0,308.0,0.36,7838.0,332.5,223.4
CHL,3/13/2024,304.0,308.6,302.3,302.3,-1.85,15695.0,332.5,223.4
CHL,3/14/2024,302.0,307.9,298.0,298.0,-1.42,5444.0,332.5,223.4
CHL,3/17/2024,300.0,303.0,292.0,292.0,-2.01,8801.0,332.5,223.4
CHL,3/18/2024,292.0,298.0,290.0,294.2,0.75,9759.0,332.5,223.4
CHL,3/19/2024,298.0,300.0,292.5,292.5,-0.58,21499.0,332.5,223.4
CHL,3/20/2024,293.1,298.8,287.3,292.8,0.1,7273.0,332.5,223.4
CHL,3/21/2024,295.0,295.0,287.0,288.1,-1.61,6539.0,332.5,223.4
CHL,3/25/2024,283.2,291.0,283.2,285.5,-0.9,5218.0,332.5,223.4
CHL,3/26/2024,285.0,306.0,285.0,295.0,3.33,13467.0,332.5,223.4
CHL,3/27/2024,292.3,294.0,289.1,293.0,-0.68,3416.0,332.5,223.4
CHL,3/28/2024,296.8,296.8,288.1,290.0,-1.02,4501.0,332.5,223.4
CHL,3/31/2024,290.0,302.9,290.0,297.6,2.62,33918.0,332.5,223.4
CHL,4/1/2024,291.8,303.5,291.8,299.0,0.47,19323.0,332.5,223.4
CHL,4/2/2024,302.9,302.9,296.0,299.5,0.17,9943.0,332.5,223.4
CHL,4/3/2024,303.0,303.0,297.0,300.0,0.17,23920.0,332.5,223.4
CHL,4/4/2024,295.1,302.6,295.1,301.0,0.33,9656.0,332.5,223.4
CHL,4/7/2024,301.0,301.0,296.3,300.0,-0.33,7512.0,332.5,223.4
CHL,4/9/2024,297.2,304.5,297.2,303.8,1.27,12838.0,332.5,223.4
CHL,4/10/2024,309.0,309.0,299.1,303.8,0.0,16954.0,332.5,223.4
CHL,4/14/2024,303.8,316.0,300.0,312.9,3.0,50250.0,332.5,223.4
CHL,4/15/2024,315.0,323.0,314.1,318.0,1.63,61756.0,332.5,223.4
CHL,4/16/2024,318.0,318.0,308.0,313.0,-1.57,11538.0,332.5,223.4
CHL,4/18/2024,308.5,312.0,305.0,312.0,-0.32,7998.0,332.5,223.4
CHL,4/21/2024,306.1,317.0,304.5,316.0,1.28,14754.0,332.5,223.4
CHL,4/22/2024,310.0,321.0,309.0,320.0,1.27,83767.0,332.5,223.4
CHL,4/24/2024,326.0,327.0,320.0,326.1,1.91,78606.0,332.5,223.4
CHL,4/25/2024,332.6,333.9,321.0,332.0,1.81,44063.0,332.5,223.4
CHL,4/28/2024,335.0,335.0,320.0,320.0,-3.61,36039.0,332.5,223.4
CHL,4/29/2024,325.0,325.0,311.1,316.0,-1.25,14320.0,332.5,223.4
CHL,4/30/2024,313.0,339.0,312.2,321.0,1.58,49322.0,332.5,223.4
CHL,5/2/2024,327.4,338.0,321.1,325.0,1.25,54116.0,332.5,223.4
CHL,5/5/2024,327.0,327.0,311.0,318.0,-2.15,21343.0,332.5,223.4
CHL,5/6/2024,317.8,317.9,307.8,313.1,-1.54,9507.0,332.5,223.4
CHL,5/7/2024,313.0,319.0,310.0,314.0,0.29,10852.0,332.5,223.4
CHL,5/8/2024,307.8,345.4,307.8,317.9,1.24,19686.0,332.5,223.4
CHL,5/9/2024,311.6,317.8,309.0,315.0,-0.91,12737.0,332.5,223.4
CHL,5/12/2024,314.0,326.0,308.7,312.0,-0.95,7319.0,332.5,223.4
CHL,5/13/2024,308.5,315.0,307.0,310.9,-0.35,7307.0,332.5,223.4
CHL,5/14/2024,311.0,322.0,311.0,322.0,3.57,21102.0,332.5,223.4
CHL,5/15/2024,323.0,327.7,308.8,314.9,-2.2,18223.0,332.5,223.4
CHL,5/16/2024,316.2,320.9,309.0,313.7,-0.38,11760.0,332.5,223.4
CHL,5/19/2024,319.9,319.9,308.2,313.0,-0.22,13284.0,332.5,223.4
CHL,5/20/2024,317.9,344.3,314.0,336.0,7.35,119761.0,332.5,223.4
CHL,5/21/2024,336.0,349.5,326.5,340.1,1.22,49081.0,332.5,223.4
CHL,5/22/2024,334.0,344.0,327.4,344.0,1.15,29753.0,332.5,223.4
CHL,5/26/2024,342.8,342.8,325.0,330.0,-4.07,10371.0,332.5,223.4
CHL,5/27/2024,323.6,334.0,317.2,327.0,-0.91,20987.0,332.5,223.4
CHL,5/29/2024,333.5,346.0,319.2,321.0,-1.83,23381.0,332.5,223.4
CHL,5/30/2024,322.9,332.0,322.9,329.7,2.71,31571.0,332.5,223.4
CHL,6/2/2024,331.9,336.0,323.0,332.8,0.94,37621.0,332.5,223.4
CHL,6/3/2024,332.0,332.0,319.0,324.9,-2.37,12645.0,332.5,223.4
CHL,6/4/2024,318.5,331.3,312.2,320.0,-1.51,17117.0,332.5,223.4
CHL,6/5/2024,325.0,325.0,310.0,313.4,-2.06,18867.0,332.5,223.4
CHL,6/6/2024,314.0,318.5,310.4,315.0,0.51,18118.0,332.5,223.4
CHL,6/9/2024,311.0,321.0,311.0,319.0,1.27,9910.0,332.5,223.4
CHL,6/10/2024,324.0,325.0,319.0,320.4,0.44,24027.0,332.5,223.4
CHL,6/11/2024,326.8,334.0,326.0,333.0,3.93,38421.0,332.5,223.4
CHL,6/12/2024,339.5,339.5,320.7,320.7,-3.69,16090.0,332.5,223.4
CHL,6/13/2024,325.0,333.5,320.0,323.0,0.72,43957.0,332.5,223.4
CHL,6/16/2024,321.0,333.0,321.0,325.0,0.62,32496.0,332.5,223.4
CHL,6/18/2024,319.0,338.0,319.0,327.9,0.89,20818.0,332.5,223.4
CHL,6/19/2024,325.0,326.0,319.6,321.0,-2.1,23873.0,332.5,223.4
CHL,6/20/2024,321.0,321.0,312.0,318.9,-0.65,14422.0,332.5,223.4
CHL,6/23/2024,320.1,320.1,312.0,316.0,-0.91,15068.0,332.5,223.4
CHL,6/24/2024,317.0,337.3,314.1,324.9,2.82,31793.0,332.5,223.4
CHL,6/25/2024,331.3,331.3,318.6,318.9,-1.85,23027.0,332.5,223.4
CHL,6/26/2024,318.0,321.9,313.0,316.7,-0.69,11710.0,332.5,223.4
CHL,6/27/2024,311.0,318.0,308.2,310.0,-2.12,26659.0,332.5,223.4
CHL,6/30/2024,303.8,314.1,302.0,307.0,-0.97,18672.0,332.5,223.4
CHL,7/1/2024,300.9,311.0,300.9,306.1,-0.29,6811.0,332.5,223.4
CHL,7/2/2024,312.2,331.0,308.0,310.0,1.27,25171.0,332.5,223.4
CHL,7/3/2024,307.0,313.1,306.1,308.8,-0.39,18422.0,332.5,223.4
CHL,7/4/2024,313.0,313.0,307.0,307.0,-0.58,28503.0,332.5,223.4
CHL,7/7/2024,307.5,315.9,307.1,312.1,1.66,49375.0,332.5,223.4
CHL,7/8/2024,305.9,318.0,305.9,311.0,-0.35,12595.0,332.5,223.4
CHL,7/9/2024,304.8,314.9,304.8,314.9,1.25,9981.0,332.5,223.4
CHL,7/10/2024,319.0,319.0,312.7,317.0,0.67,10050.0,332.5,223.4
CHL,7/11/2024,316.1,319.8,310.7,310.7,-1.99,20474.0,332.5,223.4
CHL,7/14/2024,316.9,328.0,310.7,316.5,1.87,14530.0,332.5,223.4
CHL,7/15/2024,322.8,322.8,313.0,314.0,-0.79,19115.0,332.5,223.4
CHL,7/16/2024,307.8,344.7,307.8,337.5,7.48,131569.0,332.5,223.4
CHL,7/17/2024,339.0,359.0,333.6,344.0,1.93,64247.0,332.5,223.4
CHL,7/18/2024,350.0,350.0,335.1,340.0,-1.16,68285.0,332.5,223.4
CHL,7/21/2024,333.2,350.0,333.2,342.9,0.85,67888.0,332.5,223.4
CHL,7/22/2024,349.0,375.0,338.0,370.0,7.9,138454.0,332.5,223.4
CHL,7/23/2024,377.4,396.0,377.4,394.0,6.49,130108.0,332.5,223.4
CHL,7/24/2024,400.0,400.0,375.0,378.9,-3.83,114357.0,332.5,223.4
CHL,7/25/2024,378.9,382.0,368.0,378.0,-0.24,76715.0,332.5,223.4
CHL,7/28/2024,385.0,385.5,365.0,374.0,-1.06,65191.0,332.5,223.4
CHL,7/29/2024,381.4,388.6,365.0,379.0,1.34,71080.0,332.5,223.4
CHL,7/30/2024,379.0,395.0,370.7,394.0,3.96,65244.0,332.5,223.4
CHL,7/31/2024,398.0,407.0,394.0,400.0,1.52,94918.0,332.5,223.4
CHL,8/1/2024,394.1,403.0,380.0,388.0,-3.0,39021.0,332.5,223.4
CHL,8/5/2024,380.3,395.0,380.3,389.0,0.26,61629.0,332.5,223.4
CHL,8/6/2024,382.0,395.7,364.0,366.1,-5.89,64885.0,332.5,223.4
CHL,8/7/2024,367.5,384.0,361.0,383.0,4.62,37633.0,332.5,223.4
CHL,8/8/2024,389.0,395.0,376.0,380.0,-0.78,49436.0,332.5,223.4
CHL,8/11/2024,380.0,400.0,380.0,399.0,5.0,73970.0,332.5,223.4
CHL,8/12/2024,392.0,438.0,392.0,411.0,3.01,82390.0,332.5,223.4
CHL,8/13/2024,407.0,420.0,402.9,407.0,-0.97,46836.0,332.5,223.4
CHL,8/14/2024,399.0,409.9,396.9,409.8,0.69,48446.0,332.5,223.4
CHL,8/15/2024,401.7,440.0,401.7,421.4,2.83,141149.0,332.5,223.4
CHL,8/18/2024,429.8,447.0,415.0,420.0,-0.33,134461.0,332.5,223.4
CHL,8/21/2024,428.4,434.9,420.0,422.5,0.6,46577.0,332.5,223.4
CHL,8/22/2024,428.0,428.0,418.0,419.0,-0.83,38482.0,332.5,223.4
CHL,8/25/2024,419.0,419.0,396.0,397.0,-5.25,59760.0,332.5,223.4
CHL,8/27/2024,389.1,398.0,368.0,369.0,-7.05,60807.0,332.5,223.4
CHL,8/28/2024,376.3,389.9,368.0,372.0,0.81,31345.0,332.5,223.4
CHL,8/29/2024,379.4,385.0,360.0,360.0,-3.23,29061.0,332.5,223.4
CHL,9/1/2024,355.0,384.9,355.0,374.0,3.89,37795.0,332.5,223.4
CHL,9/2/2024,374.5,403.8,371.0,393.0,5.08,35923.0,332.5,223.4
CHL,9/3/2024,400.8,408.0,385.0,390.0,-0.76,53266.0,332.5,223.4
CHL,9/4/2024,390.0,390.0,365.0,367.0,-5.9,33952.0,332.5,223.4
CHL,9/5/2024,362.1,374.0,358.7,368.8,0.49,19206.0,332.5,223.4
CHL,9/8/2024,362.1,382.0,362.0,368.0,-0.22,17324.0,332.5,223.4
CHL,9/9/2024,374.0,374.0,357.1,361.0,-1.9,12380.0,332.5,223.4
CHL,9/10/2024,368.0,380.0,355.0,356.0,-1.39,7354.0,332.5,223.4
CHL,9/11/2024,356.1,363.0,348.0,352.9,-0.87,9161.0,332.5,223.4
CHL,9/12/2024,353.0,371.1,347.9,369.0,4.56,22557.0,332.5,223.4
CHL,9/15/2024,375.9,376.0,355.0,359.9,-2.47,16120.0,332.5,223.4
CHL,9/16/2024,359.9,359.9,338.6,340.0,-5.53,22360.0,332.5,223.4
CHL,9/18/2024,346.8,347.0,338.1,338.5,-0.44,15075.0,332.5,223.4
CHL,9/22/2024,340.1,346.9,340.1,342.0,1.03,14133.0,332.5,223.4
CHL,9/23/2024,347.0,347.0,333.0,335.0,-2.05,9663.0,332.5,223.4
CHL,9/24/2024,341.7,348.0,318.5,323.0,-3.58,15005.0,332.5,223.4
CHL,9/25/2024,323.1,343.0,313.3,330.0,2.17,7630.0,332.5,223.4
CHL,9/26/2024,331.0,335.0,323.4,323.5,-1.97,8799.0,332.5,223.4
CHL,9/29/2024,317.1,325.3,317.1,325.0,0.46,12035.0,332.5,223.4
CHL,9/30/2024,324.9,330.0,320.0,322.0,-0.92,5074.0,332.5,223.4
CHL,10/1/2024,325.0,346.2,325.0,341.0,5.9,18603.0,332.5,223.4
CHL,10/2/2024,345.0,347.2,335.0,338.9,-0.62,10853.0,332.5,223.4
CHL,10/6/2024,343.5,350.0,338.0,344.5,1.65,8977.0,332.5,223.4
CHL,10/7/2024,351.3,357.8,345.7,348.1,1.04,7622.0,332.5,223.4
CHL,10/8/2024,347.0,347.0,340.0,345.0,-0.89,5124.0,332.5,223.4
CHL,10/9/2024,341.0,350.0,338.1,345.0,0.0,3486.0,332.5,223.4
CHL,10/15/2024,340.0,366.0,340.0,352.9,2.29,4261.0,332.5,223.4
CHL,10/16/2024,359.0,365.0,350.1,365.0,3.43,9576.0,332.5,223.4
CHL,10/17/2024,371.0,371.9,360.1,367.0,0.55,17337.0,332.5,223.4
CHL,10/20/2024,360.0,364.9,344.2,355.0,-3.27,13385.0,332.5,223.4
CHL,10/21/2024,362.1,362.1,338.0,338.0,-4.79,15427.0,332.5,223.4
CHL,10/22/2024,340.0,352.6,339.0,352.6,4.32,5818.0,332.5,223.4
CHL,10/23/2024,352.0,353.1,346.0,353.0,0.11,8617.0,332.5,223.4
CHL,10/24/2024,348.0,348.0,340.0,343.0,-2.83,12983.0,332.5,223.4
CHL,10/27/2024,338.5,344.7,337.3,338.0,-1.46,10297.0,332.5,223.4
CHL,10/28/2024,344.6,353.9,335.0,350.0,3.55,7552.0,332.5,223.4
CHL,10/29/2024,352.0,359.0,350.0,357.0,2.0,9766.0,332.5,223.4
CHL,10/30/2024,352.0,357.0,350.0,352.0,-1.4,8357.0,332.5,223.4
CHL,11/5/2024,350.0,357.0,349.0,352.0,0.0,6482.0,332.5,223.4
CHL,11/6/2024,351.0,358.9,350.0,357.4,1.53,6996.0,332.5,223.4
CHL,11/10/2024,355.0,385.4,355.0,380.0,6.32,28636.0,332.5,223.4
CHL,11/11/2024,380.0,393.7,365.2,380.0,0.0,26385.0,332.5,223.4
CHL,11/12/2024,381.0,384.0,370.1,374.0,-1.58,13719.0,332.5,223.4
CHL,11/13/2024,369.7,381.0,369.7,379.9,1.58,20865.0,332.5,223.4
CHL,11/14/2024,375.1,410.0,375.0,395.0,3.97,62247.0,332.5,223.4
CHL,11/17/2024,402.8,417.0,399.1,401.1,1.54,30146.0,332.5,223.4
CHL,11/19/2024,396.0,400.0,379.0,389.0,-3.02,25996.0,332.5,223.4
CHL,11/20/2024,394.9,394.9,382.6,387.0,-0.51,17273.0,332.5,223.4
CHL,11/21/2024,390.0,390.0,373.5,373.5,-3.49,19692.0,332.5,223.4
CHL,11/24/2024,379.0,379.0,369.0,369.2,-1.15,17777.0,332.5,223.4
CHL,11/25/2024,376.5,384.0,375.1,379.0,2.65,17645.0,332.5,223.4
CHL,11/26/2024,386.5,393.0,380.2,391.0,3.17,31268.0,332.5,223.4
CHL,11/27/2024,398.0,404.0,393.0,399.7,2.23,28714.0,332.5,223.4
CHL,11/28/2024,400.0,401.0,391.0,391.0,-2.18,22406.0,332.5,223.4
CHL,12/1/2024,385.0,391.0,381.0,387.0,-1.02,19930.0,332.5,223.4
CHL,12/2/2024,393.5,409.0,388.0,397.0,2.58,49586.0,332.5,223.4
CHL,12/3/2024,404.9,431.9,404.9,426.0,7.3,142840.0,332.5,223.4
CHL,12/4/2024,434.5,439.0,420.0,422.0,-0.94,68039.0,332.5,223.4
CHL,12/5/2024,414.0,426.0,411.0,411.0,-2.61,49810.0,332.5,223.4
CHL,12/8/2024,404.0,425.0,404.0,411.0,0.0,54035.0,332.5,223.4
CHL,12/9/2024,408.0,424.0,407.0,413.6,0.63,39854.0,332.5,223.4
CHL,12/10/2024,420.0,427.7,410.0,413.0,-0.15,31381.0,332.5,223.4
CHL,12/11/2024,413.5,420.9,411.2,419.0,1.45,28812.0,332.5,223.4
CHL,12/12/2024,422.1,435.0,422.1,427.0,1.91,82473.0,332.5,223.4
CHL,12/16/2024,430.0,438.8,425.1,433.0,1.41,96641.0,332.5,223.4
CHL,12/17/2024,440.0,440.0,425.0,425.1,-1.82,28456.0,332.5,223.4
CHL,12/18/2024,425.0,429.0,406.1,408.1,-4.0,33373.0,332.5,223.4
CHL,12/19/2024,416.0,416.0,398.2,398.5,-2.35,29605.0,332.5,223.4
CHL,12/22/2024,399.0,400.0,388.0,393.8,-1.18,36055.0,332.5,223.4
CHL,12/23/2024,401.6,424.0,394.6,420.0,6.65,35627.0,332.5,223.4
CHL,12/24/2024,422.0,425.7,407.7,411.0,-2.14,28185.0,332.5,223.4
CHL,12/26/2024,411.0,415.0,400.0,400.0,-2.68,28610.0,332.5,223.4
CHL,12/29/2024,400.0,404.0,390.0,390.5,-2.38,16210.0,332.5,223.4
CHL,12/31/2024,391.9,393.0,379.1,382.0,-2.18,22104.0,332.5,223.4
CHL,1/1/2025,389.0,402.0,376.0,399.0,4.45,12259.0,332.5,223.4
CHL,1/2/2025,395.0,400.0,390.0,395.0,-1.0,13168.0,332.5,223.4
CHL,1/5/2025,402.8,404.9,395.0,404.0,2.28,14677.0,332.5,223.4
CHL,1/6/2025,410.9,416.6,403.2,415.0,2.72,33356.0,332.5,223.4
CHL,1/7/2025,416.0,431.0,415.0,420.0,1.2,53165.0,332.5,223.4
CHL,1/8/2025,421.0,428.0,413.3,423.8,0.9,32778.0,332.5,223.4
CHL,1/9/2025,423.0,431.7,421.2,421.7,-0.5,34694.0,332.5,223.4
CHL,1/12/2025,415.1,430.0,415.1,420.0,-0.4,21011.0,332.5,223.4
CHL,1/13/2025,420.0,428.0,407.7,415.9,-0.98,36898.0,332.5,223.4
CHL,1/15/2025,415.0,424.1,414.3,416.9,0.24,27449.0,332.5,223.4
CHL,1/16/2025,411.0,430.0,411.0,428.9,2.88,65054.0,332.5,223.4
CHL,1/19/2025,435.1,470.0,434.2,459.0,7.02,203555.0,332.5,223.4
CHL,1/20/2025,458.0,475.0,453.0,455.0,-0.87,98820.0,332.5,223.4
CHL,1/21/2025,464.1,464.1,441.1,450.0,-1.1,88773.0,332.5,223.4
CHL,1/22/2025,450.0,460.0,446.1,458.0,1.78,63619.0,332.5,223.4
CHL,1/23/2025,448.9,466.0,448.9,459.0,0.22,56938.0,332.5,223.4
CHL,1/26/2025,468.0,477.0,455.0,464.0,1.09,84596.0,332.5,223.4
CHL,1/27/2025,469.0,478.0,457.0,457.0,-1.51,83590.0,332.5,223.4
CHL,1/28/2025,447.9,469.0,447.9,464.0,1.53,60904.0,332.5,223.4
CHL,2/2/2025,465.0,473.0,461.6,463.8,-0.04,89946.0,332.5,223.4
CHL,2/3/2025,465.0,485.0,460.0,471.0,1.55,94163.0,332.5,223.4
CHL,2/4/2025,475.0,493.9,471.0,481.0,2.12,106775.0,332.5,223.4
CHL,2/5/2025,488.0,529.1,480.3,529.1,10.0,279011.0,332.5,223.4
CHL,2/6/2025,539.6,566.0,539.0,539.6,1.98,200287.0,332.5,223.4
CHL,2/9/2025,545.0,545.0,511.0,515.0,-4.56,190154.0,332.5,223.4
CHL,2/10/2025,511.1,534.0,507.0,516.9,0.37,108701.0,332.5,223.4
CHL,2/11/2025,515.0,530.0,515.0,520.0,0.6,64723.0,332.5,223.4
CHL,2/12/2025,529.0,529.0,516.0,518.7,-0.25,73622.0,332.5,223.4
CHL,2/13/2025,520.0,552.9,512.0,540.0,4.11,137295.0,332.5,223.4
CHL,2/16/2025,547.9,547.9,529.2,539.0,-0.19,187206.0,332.5,223.4
CHL,2/17/2025,549.7,549.7,517.1,528.8,-1.89,71067.0,332.5,223.4
CHL,2/18/2025,529.0,530.0,510.0,523.0,-1.1,77545.0,332.5,223.4
CHL,2/20/2025,517.0,529.0,510.0,524.0,0.19,96230.0,332.5,223.4
CHL,2/23/2025,513.7,576.4,506.0,566.0,8.02,240956.0,332.5,223.4
CHL,2/24/2025,577.3,599.7,575.0,575.0,1.59,274368.0,332.5,223.4
CHL,2/25/2025,585.0,585.0,550.1,551.0,-4.17,96163.0,332.5,223.4
CHL,2/27/2025,540.0,556.0,532.0,532.0,-3.45,94736.0,332.5,223.4
CHL,3/2/2025,527.0,571.0,527.0,556.2,4.55,162785.0,332.5,223.4
CHL,3/3/2025,545.1,576.0,535.0,536.0,-3.63,89418.0,332.5,223.4
CHL,3/4/2025,537.0,545.0,526.0,526.0,-1.87,59198.0,332.5,223.4
CHL,3/5/2025,516.0,546.0,516.0,533.9,1.5,82506.0,332.5,223.4
CHL,3/6/2025,544.5,544.5,526.0,531.0,-0.54,36258.0,332.5,223.4
CHL,3/9/2025,520.4,540.0,520.4,531.0,0.0,35953.0,332.5,223.4
CHL,3/10/2025,540.0,540.0,513.1,520.5,-1.98,25317.0,332.5,223.4
CHL,3/11/2025,530.9,530.9,500.2,504.0,-3.17,33395.0,332.5,223.4
CHL,3/12/2025,514.0,530.0,498.0,519.5,3.08,43131.0,332.5,223.4
CHL,3/16/2025,510.1,520.3,505.0,520.0,0.1,26239.0,332.5,223.4
CHL,3/17/2025,519.9,529.0,512.0,524.0,0.77,55562.0,332.5,223.4
CHL,3/18/2025,521.0,527.5,506.0,523.9,-0.02,22613.0,332.5,223.4
CHL,3/19/2025,515.0,524.9,510.0,522.0,-0.36,53350.0,332.5,223.4
CHL,3/20/2025,522.0,539.9,515.4,523.12,0.21,52101.0,332.5,223.4
CHL,3/23/2025,512.7,530.0,500.0,502.95,-3.86,70238.0,332.5,223.4
CHL,3/24/2025,508.0,549.0,500.0,523.08,4.0,104548.0,332.5,223.4
CHL,3/25/2025,517.0,529.5,505.0,510.74,-2.36,42144.0,332.5,223.4
CHL,3/26/2025,520.0,520.0,505.0,515.28,0.89,22192.0,332.5,223.4
CHL,3/27/2025,510.9,524.0,510.9,517.55,0.44,31518.0,332.5,223.4
CHL,3/30/2025,525.6,551.0,503.9,511.88,-1.1,263357.0,332.5,223.4
CHL,4/1/2025,505.3,514.9,486.0,489.58,-4.36,172525.0,332.5,223.4
CHL,4/2/2025,496.9,496.9,484.0,485.0,-0.94,60671.0,332.5,223.4
CHL,4/3/2025,484.0,485.0,460.6,479.81,-1.07,167045.0,332.5,223.4
CHL,4/7/2025,475.0,479.0,463.0,463.72,-3.35,49915.0,332.5,223.4
CHL,4/8/2025,456.0,467.4,449.0,457.16,-1.41,63348.0,332.5,223.4
CHL,4/9/2025,464.7,464.8,452.0,453.67,-0.76,30152.0,332.5,223.4
CHL,4/10/2025,462.5,465.0,454.0,456.71,0.67,50581.0,332.5,223.4
CHL,4/13/2025,456.0,460.0,445.7,447.25,-2.07,24470.0,332.5,223.4
CHL,4/15/2025,456.0,467.0,448.5,461.47,3.18,47154.0,332.5,223.4
CHL,4/16/2025,459.0,473.9,455.2,470.73,2.01,43563.0,332.5,223.4
CHL,4/17/2025,477.0,483.9,466.0,467.94,-0.59,66708.0,332.5,223.4
CHL,4/20/2025,474.8,483.0,466.6,473.15,1.11,60109.0,332.5,223.4
CHL,4/21/2025,471.0,492.9,471.0,490.16,3.6,64013.0,332.5,223.4
CHL,4/22/2025,494.0,497.5,476.3,479.33,-2.21,59636.0,332.5,223.4
CHL,4/23/2025,477.0,488.0,475.1,476.24,-0.64,68727.0,332.5,223.4
CHL,4/24/2025,483.0,484.0,465.2,473.55,-0.56,29607.0,332.5,223.4
CHL,4/27/2025,483.0,501.0,477.3,478.78,1.1,167120.0,332.5,223.4
CHL,4/28/2025,485.0,485.0,455.7,458.93,-4.15,87567.0,332.5,223.4
CHL,4/29/2025,468.0,468.0,442.0,445.54,-2.92,53049.0,332.5,223.4
CHL,4/30/2025,445.0,462.0,444.1,451.17,1.26,40470.0,332.5,223.4
CHL,5/4/2025,460.0,471.0,451.0,457.54,1.41,62928.0,332.5,223.4
CHL,5/5/2025,460.0,464.0,451.0,457.08,-0.1,43907.0,332.5,223.4
CHL,5/6/2025,460.0,460.0,449.1,450.37,-1.47,35440.0,332.5,223.4
CHL,5/7/2025,450.0,479.0,448.4,459.03,1.92,79522.0,332.5,223.4
CHL,5/8/2025,467.0,504.9,467.0,504.9,9.99,208916.0,332.5,223.4
CHL,5/11/2025,514.9,524.0,507.5,509.74,0.96,151822.0,332.5,223.4
CHL,5/13/2025,514.0,524.2,490.0,493.76,-3.13,127218.0,332.5,223.4
CHL,5/14/2025,493.76,502.0,474.0,475.96,-3.6,70358.0,332.5,223.4
CHL,5/15/2025,480.0,484.9,475.0,478.22,0.47,171412.0,332.5,223.4
CHL,5/18/2025,294.8,318.0,294.8,318.0,-33.5,41275.0,332.5,223.4
CHL,5/19/2025,324.3,349.0,301.9,304.01,-4.4,185334.0,332.5,223.4
CHL,5/20/2025,310.0,317.2,295.1,312.88,2.92,107708.0,332.5,223.4
CHL,5/21/2025,319.0,336.0,306.1,308.67,-1.35,53049.0,332.5,223.4
CHL,5/22/2025,310.0,316.0,303.0,304.09,-1.48,35391.0,332.5,223.4
CHL,5/25/2025,307.7,307.7,294.0,297.29,-2.24,57557.0,332.5,223.4
CHL,5/26/2025,302.0,309.0,288.0,288.64,-2.91,81670.0,332.5,223.4
CHL,5/27/2025,289.0,293.9,283.0,285.02,-1.25,32596.0,332.5,223.4
CHL,5/28/2025,290.7,291.0,280.5,286.75,0.61,40373.0,332.5,223.4
CHL,6/2/2025,288.5,296.0,283.0,283.67,-1.07,33415.0,332.5,223.4
CHL,6/3/2025,280.6,290.0,280.6,283.31,-0.13,24292.0,332.5,223.4
CHL,6/4/2025,288.0,288.0,278.0,278.34,-1.75,21229.0,332.5,223.4
CHL,6/5/2025,283.0,283.5,276.0,278.17,-0.06,21154.0,332.5,223.4
CHL,6/8/2025,283.5,305.9,280.0,300.44,8.01,80554.0,332.5,223.4
CHL,6/9/2025,300.0,308.0,295.0,296.65,-1.26,37267.0,332.5,223.4
CHL,6/10/2025,301.9,302.0,295.0,298.3,0.56,22574.0,332.5,223.4
CHL,6/11/2025,299.0,310.0,292.0,301.64,1.12,43543.0,332.5,223.4
CHL,6/12/2025,302.0,308.0,293.0,295.3,-2.1,60241.0,332.5,223.4
CHL,6/15/2025,301.0,324.8,301.0,324.8,9.99,195875.0,332.5,223.4
CHL,6/16/2025,331.2,331.5,313.6,315.53,-2.85,100839.0,332.5,223.4
CHL,6/17/2025,319.8,319.8,303.8,309.14,-2.03,21541.0,332.5,223.4
CHL,6/18/2025,314.7,315.0,303.0,307.38,-0.57,40814.0,332.5,223.4
CHL,6/19/2025,312.5,320.0,304.0,306.86,-0.17,58518.0,332.5,223.4
CHL,6/22/2025,306.0,309.8,296.0,298.16,-2.84,55035.0,332.5,223.4
CHL,6/23/2025,293.0,303.9,293.0,302.82,1.56,20993.0,332.5,223.4
CHL,6/24/2025,308.0,314.0,305.0,307.14,1.43,45654.0,332.5,223.4
CHL,6/25/2025,313.0,333.0,307.1,326.49,6.3,178130.0,332.5,223.4
CHL,6/26/2025,330.0,346.4,329.0,337.99,3.52,168178.0,332.5,223.4
CHL,6/29/2025,337.0,346.0,333.0,343.9,1.75,122306.0,332.5,223.4
CHL,6/30/2025,341.0,351.7,341.0,347.79,1.13,113922.0,332.5,223.4
CHL,7/1/2025,351.0,359.5,344.4,355.38,2.18,121597.0,332.5,223.4
CHL,7/2/2025,355.1,358.0,340.0,347.26,-2.28,92226.0,332.5,223.4
CHL,7/3/2025,352.0,352.0,340.0,342.54,-1.36,100435.0,332.5,223.4
CHL,7/6/2025,338.0,341.0,327.4,329.41,-3.83,46966.0,332.5,223.4
CHL,7/7/2025,335.8,337.4,321.0,323.5,-1.79,60063.0,332.5,223.4
CHL,7/8/2025,320.0,332.5,320.0,328.76,1.63,28492.0,332.5,223.4
CHL,7/9/2025,335.3,339.0,329.0,330.15,0.42,43968.0,332.5,223.4
CHL,7/10/2025,336.7,336.7,326.0,326.92,-0.98,26687.0,332.5,223.4
CHL,7/13/2025,333.3,339.0,316.2,317.46,-2.89,44779.0,332.5,223.4
CHL,7/14/2025,323.0,327.0,314.4,318.89,0.45,38171.0,332.5,223.4
CHL,7/15/2025,325.0,329.0,318.0,322.56,1.15,32812.0,332.5,223.4
CHL,7/16/2025,328.0,329.0,318.2,319.14,-1.06,56828.0,332.5,223.4
CHL,7/17/2025,320.0,348.8,319.5,334.4,4.78,56836.0,332.5,223.4
CHL,7/20/2025,327.8,347.9,327.8,331.66,-0.82,105643.0,332.5,223.4
CHL,7/21/2025,332.0,340.0,326.0,334.08,0.73,33066.0,332.5,223.4
CHL,7/22/2025,340.0,340.0,330.0,330.83,-0.97,51559.0,332.5,223.4
CHL,7/23/2025,337.4,337.4,325.1,329.69,-0.34,66064.0,332.5,223.4
CHL,7/24/2025,335.8,340.4,327.0,335.44,1.74,108339.0,332.5,223.4
CHL,7/27/2025,335.0,342.0,329.1,330.14,-1.58,81238.0,332.5,223.4
CHL,7/28/2025,333.0,333.0,324.0,328.82,-0.4,51536.0,332.5,223.4
CHL,7/29/2025,335.0,335.3,326.6,327.47,-0.41,39004.0,332.5,223.4
CHL,7/30/2025,333.8,333.9,316.0,319.11,-2.55,48443.0,332.5,223.4
CHL,7/31/2025,324.8,324.8,313.0,316.16,-0.92,42102.0,332.5,223.4
CHL,8/3/2025,320.0,322.3,311.0,311.8,-1.38,25484.0,332.5,223.4
CHL,8/4/2025,317.0,317.0,308.0,311.29,-0.16,17077.0,332.5,223.4
CHL,8/5/2025,310.0,314.9,305.0,305.29,-1.93,18223.0,332.5,223.4
CHL,8/6/2025,301.0,308.8,301.0,302.9,-0.78,13002.0,332.5,223.4
CHL,8/7/2025,302.0,319.0,302.0,315.28,4.09,22627.0,332.5,223.4
CHL,8/11/2025,320.0,320.0,309.0,310.06,-1.66,11137.0,332.5,223.4
CHL,8/12/2025,312.0,312.0,301.0,302.37,-2.48,19983.0,332.5,223.4
CHL,8/13/2025,308.0,308.0,300.0,300.99,-0.46,15550.0,332.5,223.4
CHL,8/14/2025,295.0,305.0,295.0,302.65,0.55,12227.0,332.5,223.4
CHL,8/17/2025,303.1,305.0,296.0,298.31,-1.43,14242.0,332.5,223.4
CHL,8/18/2025,303.9,307.0,298.0,305.54,2.42,21959.0,332.5,223.4
CHL,8/19/2025,303.0,310.0,302.0,305.04,-0.16,9400.0,332.5,223.4
CHL,8/20/2025,300.0,310.5,299.6,301.58,-1.13,19889.0,332.5,223.4
CHL,8/21/2025,303.0,304.0,297.0,297.2,-1.45,11309.0,332.5,223.4
CHL,8/24/2025,295.0,300.9,292.0,294.12,-1.04,11608.0,332.5,223.4
CHL,8/25/2025,294.0,296.0,290.0,295.13,0.34,8372.0,332.5,223.4
CHL,8/26/2025,289.3,295.0,289.3,290.32,-1.63,11452.0,332.5,223.4
CHL,8/27/2025,290.0,295.9,289.0,294.15,1.32,19433.0,332.5,223.4
CHL,8/28/2025,288.3,291.0,285.0,285.36,-2.99,41002.0,332.5,223.4
CHL,8/31/2025,279.7,280.0,264.0,265.18,-7.07,180266.0,332.5,223.4
CHL,9/1/2025,265.0,270.3,259.0,261.15,-1.52,42340.0,332.5,223.4
CHL,9/2/2025,266.3,269.8,259.8,260.27,-0.34,25428.0,332.5,223.4
CHL,9/3/2025,260.0,260.1,242.0,243.49,-6.45,130407.0,332.5,223.4
CHL,9/4/2025,243.0,250.6,241.4,246.26,1.14,50491.0,332.5,223.4
CHL,9/7/2025,243.0,249.9,243.0,244.69,-0.64,45246.0,332.5,223.4
CHL,9/8/2025,244.7,246.8,242.2,242.94,-0.72,27063.0,332.5,223.4
CHL,9/18/2025,242.0,242.0,229.0,229.0,-5.74,1169.0,332.5,223.4
CHL,9/21/2025,227.0,243.7,226.0,241.01,5.24,64414.0,332.5,223.4
CHL,9/23/2025,245.6,265.0,237.1,263.9,9.5,71519.0,332.5,223.4
CHL,9/24/2025,264.1,267.8,256.1,258.7,-1.97,38620.0,332.5,223.4
CHL,9/25/2025,255.0,267.2,254.7,267.2,3.29,41999.0,332.5,223.4
CHL,9/28/2025,267.1,273.0,264.5,273.0,2.17,55459.0,332.5,223.4
CHL,10/7/2025,267.6,272.8,252.1,255.0,-6.59,60653.0,332.5,223.4
CHL,10/8/2025,260.0,264.9,242.5,249.9,-2.0,53399.0,332.5,223.4
CHL,10/9/2025,254.8,264.0,247.6,250.0,0.04,54195.0,332.5,223.4
CHL,10/12/2025,250.0,250.0,237.1,240.9,-3.64,43488.0,332.5,223.4
CHL,10/13/2025,243.0,245.0,236.0,241.9,0.42,48263.0,332.5,223.4
CHL,10/14/2025,246.4,246.4,233.4,237.0,-2.03,18672.0,332.5,223.4
CHL,10/15/2025,237.0,239.0,230.2,232.0,-2.11,18612.0,332.5,223.4
CHL,10/16/2025,236.3,236.5,225.0,227.9,-1.77,26363.0,332.5,223.4
CHL,10/19/2025,230.1,232.0,227.9,230.0,0.92,14651.0,332.5,223.4
CHL,10/26/2025,231.5,231.5,223.4,231.4,0.61,22596.0,332.5,223.4
CHL,10/28/2025,232.0,244.6,230.0,244.5,5.66,45972.0,332.5,223.4
CHL,10/29/2025,249.3,252.0,240.7,241.0,-1.43,40295.0,332.5,223.4
CHL,10/30/2025,245.8,252.8,239.5,251.9,4.52,48602.0,332.5,223.4
CHL,11/2/2025,256.9,265.4,250.0,258.2,2.5,68113.0,332.5,223.4
CHL,11/3/2025,253.1,267.2,253.1,258.9,0.27,64554.0,332.5,223.4
CHL,11/4/2025,258.9,260.0,248.2,250.0,-3.44,34321.0,332.5,223.4
CHL,11/5/2025,245.0,254.0,243.0,249.4,-0.24,35724.0,332.5,223.4
CHL,11/6/2025,250.0,255.3,246.2,247.9,-0.6,31236.0,332.5,223.4
CHL,11/9/2025,252.8,252.8,244.3,246.0,-0.77,23841.0,332.5,223.4
CHL,11/10/2025,241.2,249.0,240.0,243.0,-1.22,43597.0,332.5,223.4
CHL,11/11/2025,247.4,249.9,242.2,248.0,2.06,13097.0,332.5,223.4
CHL,11/12/2025,251.4,251.4,243.7,245.0,-1.21,15060.0,332.5,223.4
CHL,11/13/2025,240.1,247.4,240.1,244.0,-0.41,14090.0,332.5,223.4
CHL,11/16/2025,248.8,249.0,240.2,246.7,1.11,25787.0,332.5,223.4
CHL,11/17/2025,246.1,256.9,246.1,256.0,3.77,44633.0,332.5,223.4
CHL,11/18/2025,250.9,261.9,250.9,259.0,1.17,49633.0,332.5,223.4
CHL,11/19/2025,254.2,262.5,252.6,254.0,-1.93,37722.0,332.5,223.4
CHL,11/20/2025,250.0,263.8,250.0,260.6,2.6,76715.0,332.5,223.4
CHL,11/23/2025,255.4,279.0,255.4,277.0,6.29,185273.0,332.5,223.4
CHL,11/24/2025,282.5,282.5,270.5,273.7,-1.19,94305.0,332.5,223.4
CHL,11/25/2025,271.5,282.9,270.1,282.9,3.36,132344.0,332.5,223.4
CHL,11/26/2025,283.0,283.9,276.4,281.8,-0.39,91975.0,332.5,223.4
CHL,11/27/2025,285.0,285.0,274.7,274.7,-2.52,69892.0,332.5,223.4
CHL,11/30/2025,279.0,279.0,265.0,265.1,-3.49,82375.0,332.5,223.4
CHL,12/1/2025,268.1,273.9,263.3,266.0,0.34,45439.0,332.5,223.4
CHL,12/2/2025,271.3,274.0,268.1,272.0,2.26,49683.0,332.5,223.4
CHL,12/3/2025,277.4,277.4,265.6,266.9,-1.88,49110.0,332.5,223.4
CHL,12/7/2025,265.7,268.0,263.0,263.4,-1.31,34816.0,332.5,223.4
CHL,12/8/2025,268.6,268.6,261.1,261.8,-0.61,24412.0,332.5,223.4
CHL,12/9/2025,266.0,266.0,260.1,260.1,-0.65,32766.0,332.5,223.4
CHL,12/10/2025,260.1,265.0,258.2,258.2,-0.73,26902.0,332.5,223.4
CHL,12/11/2025,258.2,265.0,256.1,263.8,2.17,38863.0,332.5,223.4
CHL,12/14/2025,265.5,266.0,256.4,256.5,-2.77,31045.0,332.5,223.4
CHL,12/15/2025,256.0,263.8,256.0,261.6,1.99,38554.0,332.5,223.4
CHL,12/16/2025,263.0,266.0,258.0,261.1,-0.19,23744.0,332.5,223.4
CHL,12/17/2025,260.1,264.8,258.0,260.0,-0.42,38450.0,332.5,223.4
CHL,12/18/2025,259.1,260.9,253.0,253.0,-2.69,44850.0,332.5,223.4
CHL,12/21/2025,254.0,256.7,249.5,253.9,0.36,31969.0,332.5,223.4
CHL,12/22/2025,250.0,254.0,249.0,250.0,-1.54,31283.0,332.5,223.4
CHL,12/23/2025,253.8,253.8,245.0,248.0,-0.8,30957.0,332.5,223.4
CHL,12/24/2025,250.0,257.9,249.1,254.0,2.42,21130.0,332.5,223.4
CHL,12/28/2025,258.0,261.0,253.6,260.1,2.4,46653.0,332.5,223.4
CHL,12/29/2025,260.0,263.0,254.3,254.3,-2.23,25215.0,332.5,223.4
CHL,12/31/2025,250.4,264.0,250.4,261.0,2.63,55493.0,332.5,223.4
CHL,1/1/2026,264.0,264.0,254.8,256.7,-1.65,37493.0,332.5,223.4
CHL,1/4/2026,253.0,260.0,252.9,254.2,-0.97,10625.0,332.5,223.4
CHL,1/5/2026,253.0,259.2,252.2,257.0,1.1,27681.0,332.5,223.4
CHL,1/6/2026,262.1,263.0,253.0,253.0,-1.56,45721.0,332.5,223.4
CHL,1/7/2026,256.0,260.9,252.0,254.8,0.71,21628.0,332.5,223.4
CHL,1/8/2026,250.0,262.4,250.0,259.0,1.65,60322.0,332.5,223.4
CHL,1/12/2026,257.0,267.3,256.2,256.8,-0.85,19695.0,332.5,223.4
CHL,1/13/2026,258.0,265.0,257.0,264.9,3.15,82602.0,332.5,223.4
CHL,1/14/2026,270.0,277.0,264.6,269.2,1.62,128761.0,332.5,223.4
CHL,1/18/2026,270.0,275.9,267.7,268.0,-0.45,60456.0,332.5,223.4
CHL,1/20/2026,273.0,277.0,270.5,273.9,2.2,84550.0,332.5,223.4
CHL,1/21/2026,279.0,282.5,274.5,277.0,1.13,128073.0,332.5,223.4
CHL,1/22/2026,279.9,283.4,275.1,279.5,0.9,60951.0,332.5,223.4
CHL,1/25/2026,284.8,294.0,280.0,288.9,3.36,96741.0,332.5,223.4
CHL,1/26/2026,285.0,294.6,282.1,286.0,-1.0,119421.0,332.5,223.4
CHL,1/27/2026,291.6,295.0,277.1,279.0,-2.45,153123.0,332.5,223.4
CHL,1/28/2026,278.0,286.9,275.4,282.9,1.4,84154.0,332.5,223.4
CHL,1/29/2026,288.0,297.8,285.1,287.0,1.45,195608.0,332.5,223.4
CHL,2/1/2026,285.0,292.7,282.0,283.0,-1.39,60974.0,332.5,223.4
CHL,2/2/2026,287.0,287.0,278.0,279.0,-1.41,66913.0,332.5,223.4
CHL,2/3/2026,280.0,284.0,276.0,277.0,-0.72,62358.0,332.5,223.4
CHL,2/4/2026,282.0,282.0,275.0,280.0,1.08,51384.0,332.5,223.4
CHL,2/5/2026,285.0,308.0,280.1,298.0,6.43,354438.0,332.5,223.4
CHL,2/8/2026,297.9,309.0,292.4,295.0,-1.01,137920.0,332.5,223.4
CHL,2/9/2026,297.8,297.8,285.0,287.9,-2.41,147558.0,332.5,223.4
CHL,2/10/2026,292.9,308.0,287.1,292.9,1.74,169091.0,332.5,223.4
CHL,2/11/2026,298.6,302.5,292.8,295.0,0.72,83679.0,332.5,223.4
CHL,2/12/2026,300.0,306.0,295.1,297.0,0.68,170303.0,332.5,223.4
CHL,2/16/2026,298.0,308.0,291.0,291.0,-2.02,82442.0,332.5,223.4
CHL,2/17/2026,291.0,293.9,280.2,280.5,-3.61,89403.0,332.5,223.4
CHL,2/22/2026,276.0,280.9,271.5,271.5,-3.21,65294.0,332.5,223.4
CHL,2/23/2026,272.0,276.6,268.0,269.0,-0.92,36299.0,332.5,223.4
CHL,2/24/2026,274.0,276.4,270.0,275.0,2.23,33131.0,332.5,223.4
CHL,2/25/2026,275.0,281.8,275.0,280.0,1.82,28569.0,332.5,223.4
CHL,2/26/2026,280.0,283.0,278.0,282.7,0.96,32485.0,332.5,223.4
CHL,2/27/2026,280.0,283.0,278.0,282.7,0.0,32485.0,332.5,223.4
CHL,2/28/2026,280.0,283.0,278.0,282.7,0.0,32485.0,332.5,223.4
CHL,3/2/2026,278.0,286.0,277.1,284.1,0.5,37223.0,332.5,223.4
CHL,3/3/2026,283.0,292.0,283.0,289.9,2.04,44798.0,332.5,223.4
CHL,3/4/2026,283.0,292.0,283.0,289.9,0.0,44798.0,332.5,223.4
CHL,3/5/2026,283.0,292.0,283.0,289.9,0.0,44798.0,332.5,223.4
CHL,3/6/2026,283.0,292.0,283.0,289.9,0.0,44798.0,332.5,223.4
CHL,3/7/2026,283.0,292.0,283.0,289.9,0.0,44798.0,332.5,223.4
CHL,3/8/2026,283.0,292.0,283.0,289.9,0.0,44798.0,332.5,223.4
CHL,3/9/2026,295.6,307.5,295.6,307.5,6.07,30.0,332.5,223.4
CHL,3/10/2026,313.6,324.3,301.0,313.1,1.82,322318.0,332.5,223.4
CHL,3/11/2026,316.0,318.0,310.0,310.5,-0.83,110091.0,332.5,223.4
CHL,3/12/2026,308.3,322.0,308.3,318.0,2.42,98840.0,332.5,223.4
CHL,3/13/2026,308.3,322.0,308.3,318.0,0.0,98840.0,332.5,223.4
CHL,3/14/2026,308.3,322.0,308.3,318.0,0.0,98840.0,332.5,223.4
CHL,3/15/2026,320.0,329.8,312.0,318.8,0.25,106185.0,332.5,223.4
CHL,3/16/2026,315.0,317.0,309.1,311.0,-2.45,81352.0,332.5,223.4
CHL,3/17/2026,309.0,317.9,305.3,317.0,1.93,70603.0,332.5,223.4
CHL,3/18/2026,309.0,317.9,305.3,317.0,0.0,70603.0,332.5,223.4
CHL,3/19/2026,323.3,330.0,318.0,326.0,2.84,256804.0,332.5,223.4
CHL,3/20/2026,323.3,330.0,318.0,326.0,0.0,256804.0,332.5,223.4
CHL,3/21/2026,323.3,330.0,318.0,326.0,0.0,256804.0,332.5,223.4
CHL,3/22/2026,332.5,332.5,317.0,320.0,-1.84,197362.0,332.5,223.4
CHL,3/23/2026,322.0,325.0,314.0,316.1,-1.22,69650.0,332.5,223.4
CHL,3/24/2026,320.0,326.9,318.0,324.0,2.5,104349.0,332.5,223.4
CHL,3/25/2026,322.0,328.0,317.5,320.0,-1.23,92283.0,332.5,223.4
CHL,3/26/2026,326.0,326.0,316.1,319.8,-1.9,97462.0,332.5,223.4
CHL,3/29/2026,325.0,325.0,307.0,307.0,-5.54,109953.0,332.5,223.4
CHL,3/30/2026,312.0,312.0,299.0,300.0,-3.85,89977.0,332.5,223.4
CHL,3/31/2026,300.0,305.0,295.0,303.0,1.0,61754.0,332.5,223.4
CHL,4/1/2026,300.2,302.0,287.0,290.0,-3.4,96989.0,332.5,223.4
CHL,4/2/2026,285.1,294.0,282.0,285.7,0.21,57241.0,332.5,223.4
CHL,4/5/2026,284.0,284.0,265.0,270.0,-4.93,73771.0,332.5,223.4
CHL,4/6/2026,274.8,293.7,270.0,288.0,4.8,87431.0,332.5,223.4
CHL,4/7/2026,293.0,293.6,282.0,286.8,-2.12,36118.0,332.5,223.4
CHL,4/8/2026,292.5,292.5,285.3,290.0,-0.85,30684.0,332.5,223.4
CHL,4/9/2026,294.0,305.0,290.9,304.8,3.67,73573.0,332.5,223.4
CHL,4/10/2026,305.0,305.0,295.2,300.9,-1.34,65944.0,332.5,223.4
CHL,4/13/2026,299.9,303.0,298.5,299.0,-0.3,44381.0,332.5,223.4
CHL,4/15/2026,300.1,315.0,300.1,306.5,2.13,105983.0,332.5,223.4
CHL,4/16/2026,302.0,315.0,302.0,311.0,2.98,145276.0,332.5,223.4
CHL,4/17/2026,317.0,317.0,310.1,316.0,-0.32,121691.0,332.5,223.4
CHL,4/20/2026,316.0,316.0,307.0,308.5,-2.37,39549.0,332.5,223.4
CHL,4/21/2026,301.0,304.9,296.0,298.0,-1.0,31151.0,332.5,223.4
CHL,4/22/2026,294.0,306.0,290.0,302.0,2.72,67286.0,332.5,223.4
CHL,4/23/2026,302.0,302.0,292.0,292.1,-3.28,24203.0,332.5,223.4
CHL,4/24/2026,285.6,294.0,285.6,292.0,2.24,22335.0,332.5,223.4
CHL,4/27/2026,277.4,299.7,277.4,293.1,5.66,28570.0,332.5,223.4
CHL,4/28/2026,293.1,300.0,290.0,290.5,-0.89,22507.0,332.5,223.4
CHL,4/29/2026,290.5,293.0,285.0,286.0,-1.55,18846.0,332.5,223.4
CHL,4/30/2026,285.0,288.0,281.0,283.0,-0.7,28397.0,332.5,223.4
CHL,5/4/2026,283.0,285.0,275.0,278.0,-1.77,38742.0,332.5,223.4
CHL,5/5/2026,272.6,286.0,272.3,283.0,3.82,18752.0,332.5,223.4
CHL,5/6/2026,289.9,289.9,280.4,284.0,-2.04,13889.0,332.5,223.4
CHL,5/7/2026,281.5,288.9,281.5,284.0,0.89,8936.0,332.5,223.4
CHL,5/8/2026,290.0,290.0,285.0,290.0,0.0,18597.0,332.5,223.4
CHL,5/11/2026,298.7,299.0,291.0,299.0,0.1,22258.0,332.5,223.4
CHL,5/12/2026,305.0,305.0,290.1,293.0,-3.93,32154.0,332.5,223.4
CHL,5/13/2026,285.0,293.0,285.0,290.0,1.75,12528.0,332.5,223.4
CHL,5/14/2026,286.0,291.6,285.0,291.5,1.92,8871.0,332.5,223.4
CHL,5/15/2026,292.0,292.0,285.0,290.0,-0.68,8709.0,332.5,223.4
CHL,5/18/2026,289.0,292.0,284.1,290.8,0.62,5599.0,332.5,223.4
CHL,5/19/2026,297.9,297.9,284.3,285.1,-4.3,8753.0,332.5,223.4
CHL,5/20/2026,289.0,292.9,284.2,292.9,1.35,9881.0,332.5,223.4
CHL,5/21/2026,292.0,295.0,288.2,288.2,-1.3,20581.0,332.5,223.4
CHL,5/22/2026,284.5,298.6,283.0,297.0,4.39,19829.0,332.5,223.4
CHL,5/25/2026,288.1,302.0,288.1,296.0,2.74,49410.0,332.5,223.4
CHL,5/26/2026,296.0,297.0,289.5,296.8,0.27,12688.0,332.5,223.4
CHL,5/27/2026,298.0,304.8,291.4,298.0,0.0,37409.0,332.5,223.4
CHL,6/1/2026,290.1,301.0,290.0,292.0,0.65,15736.0,332.5,223.4
CHL,6/2/2026,295.0,297.0,290.2,296.0,0.34,16067.0,332.5,223.4
CHL,6/3/2026,296.0,298.5,292.5,293.9,-0.71,23979.0,332.5,223.4
CHL,6/4/2026,291.0,295.0,291.0,294.0,1.03,14513.0,332.5,223.4
CHL,6/5/2026,288.0,292.0,288.0,291.0,1.04,10312.0,332.5,223.4
CHL,6/8/2026,287.2,291.0,285.2,285.2,-0.7,9879.0,332.5,223.4
CHL,6/9/2026,290.0,290.0,276.7,284.9,-1.76,29306.0,332.5,223.4
CHL,6/10/2026,280.0,294.4,280.0,286.9,2.46,8824.0,332.5,223.4
CHL,6/11/2026,294.0,294.0,281.1,284.0,-3.4,14647.0,332.5,223.4
CHL,6/12/2026,279.6,287.0,279.6,282.5,1.04,11612.0,332.5,223.4
CHL,6/15/2026,282.5,285.0,280.4,280.7,-0.64,14230.0,332.5,223.4
CHL,6/16/2026,281.0,285.0,281.0,283.9,1.03,7703.0,332.5,223.4
CHL,6/17/2026,285.1,287.0,280.0,282.7,-0.84,10577.0,332.5,223.4
CHL,6/18/2026,285.0,285.0,274.0,280.0,-1.75,46976.0,332.5,223.4
CHL,6/19/2026,279.0,280.0,272.0,278.0,-0.36,7347.0,332.5,223.4
CHL,6/22/2026,291.8,291.8,274.0,278.0,-4.73,17990.0,332.5,223.4
CHL,6/23/2026,278.0,279.0,267.0,273.0,-1.8,32206.0,332.5,223.4
CHL,6/24/2026,270.1,273.0,265.0,266.0,-1.52,13333.0,332.5,223.4
CHL,6/26/2026,275.0,275.0,263.2,265.0,-3.64,7045.0,332.5,223.4
CHL,6/29/2026,261.5,268.0,260.0,260.9,-0.23,8654.0,332.5,223.4
CHL,6/30/2026,260.9,263.5,258.0,261.9,0.38,10171.0,332.5,223.4
CHL,7/1/2026,261.9,272.1,260.0,268.0,2.33,12315.0,332.5,223.4
CHL,7/2/2026,270.0,270.5,264.2,267.1,-1.07,6764.0,332.5,223.4
CHL,7/3/2026,268.0,273.8,265.0,267.0,-0.37,5273.0,332.5,223.4
CHL,7/6/2026,270.0,270.0,261.0,261.0,-3.33,5118.0,332.5,223.4
CHL,7/7/2026,261.0,266.8,260.0,261.0,0.0,7942.0,332.5,223.4
CHL,7/8/2026,261.0,261.0,255.0,258.0,-1.15,13321.0,332.5,223.4
CHL,7/9/2026,255.1,256.0,253.0,256.0,0.35,4946.0,332.5,223.4
CHL,7/10/2026,254.0,260.1,254.0,255.1,0.43,8310.0,332.5,223.4
CHL,7/13/2026,252.0,257.0,251.0,253.0,0.4,14166.0,332.5,223.4
CHL,7/14/2026,253.0,255.0,250.1,254.7,0.67,20813.0,332.5,223.4
CHL,7/15/2026,256.0,260.0,255.0,257.0,0.39,9126.0,332.5,223.4
CHL,7/16/2026,259.0,260.0,250.0,256.0,-1.16,14841.0,332.5,223.4
CHL,7/17/2026,259.0,270.0,257.9,265.2,2.39,21363.0,332.5,223.4
CHL,7/20/2026,269.0,277.0,265.0,274.0,1.86,30428.0,332.5,223.4
CHL,7/21/2026,277.0,280.0,270.1,273.5,-1.26,23160.0,332.5,223.4
CHL,7/22/2026,273.0,274.0,268.0,268.0,-1.83,12159.0,332.5,223.4
CHL,7/23/2026,268.1,272.5,265.1,266.1,-0.75,14726.0,332.5,223.4
CHL,7/24/2026,266.2,274.0,266.2,270.0,1.43,10651.0,332.5,223.4
CHL,7/27/2026,283.0,283.0,264.3,267.0,-5.65,11615.0,332.5,223.4
CHL,7/28/2026,267.0,269.0,260.1,262.0,-1.87,11341.0,332.5,223.4
CHL,7/29/2026,262.0,265.0,260.0,263.7,0.65,7782.0,332.5,223.4
CHL,7/30/2026,267.0,267.0,256.5,264.0,-1.12,24389.0,332.5,223.4
CHL,7/31/2026,262.6,268.0,260.0,268.0,2.06,15438.0,332.5,223.4
CHL,8/3/2026,268.0,272.0,264.0,266.0,-0.75,13213.0,332.5,223.4
CHL,8/4/2026,260.2,281.0,260.2,277.8,6.76,72886.0,332.5,223.4
CHL,8/5/2026,280.0,280.7,273.5,274.5,-1.96,29174.0,332.5,223.4
CHL,8/6/2026,266.0,279.0,266.0,270.0,1.5,26406.0,332.5,223.4
CHL,8/7/2026,265.0,269.8,258.0,268.0,1.13,23013.0,332.5,223.4
CHL,8/10/2026,260.0,270.0,260.0,267.9,3.04,13425.0,332.5,223.4
CHL,8/11/2026,260.0,270.0,260.0,267.3,2.81,16580.0,332.5,223.4
CHL,8/12/2026,260.0,267.8,260.0,264.0,1.54,9457.0,332.5,223.4
CHL,8/13/2026,260.0,274.9,260.0,272.0,4.62,26533.0,332.5,223.4
CHL,8/14/2026,279.0,279.0,267.0,269.0,-3.58,11467.0,332.5,223.4
CHL,8/17/2026,274.0,274.0,261.0,266.5,-2.74,12326.0,332.5,223.4
CHL,8/18/2026,279.8,279.8,261.0,262.9,-6.04,13073.0,332.5,223.4
CHL,8/19/2026,260.1,264.0,260.0,262.5,0.92,7682.0,332.5,223.4
CHL,8/20/2026,267.0,269.0,262.6,268.0,0.37,15090.0,332.5,223.4
CHL,8/21/2026,272.0,272.0,265.0,266.0,-2.21,16060.0,332.5,223.4
CHL,8/24/2026,266.0,266.0,263.0,266.0,0.0,16692.0,332.5,223.4
CHL,8/25/2026,262.0,265.4,262.0,265.0,1.15,8828.0,332.5,223.4
CHL,8/26/2026,262.0,263.9,255.0,259.0,-1.15,22799.0,332.5,223.4
CHL,8/27/2026,255.0,259.0,252.0,258.4,1.33,13267.0,332.5,223.4
CHL,8/31/2026,258.4,258.4,235.9,244.0,-5.57,47208.0,332.5,223.4
CHL,9/1/2026,244.0,255.0,239.0,245.8,0.74,9276.0,332.5,223.4
CHL,9/2/2026,240.0,249.9,240.0,249.8,4.08,17866.0,332.5,223.4
CHL,9/3/2026,262.2,262.2,248.1,250.0,-4.65,14915.0,332.5,223.4
CHL,9/7/2026,250.0,254.9,250.0,250.5,0.2,12826.0,332.5,223.4
CHL,9/9/2026,254.6,254.6,245.0,246.0,-3.38,9455.0,332.5,223.4
CHL,9/10/2026,244.0,249.6,242.0,248.0,1.64,11594.0,332.5,223.4
CHL,9/11/2026,251.0,257.0,251.0,257.0,2.39,17046.0,332.5,223.4
CHL,9/14/2026,261.9,262.0,258.2,260.5,-0.53,11033.0,332.5,223.4
CHL,9/15/2026,273.0,277.0,262.4,266.0,-2.56,19276.0,332.5,223.4
CHL,9/16/2026,265.0,272.0,264.1,267.4,0.91,21345.0,332.5,223.4
CHL,9/17/2026,270.0,270.0,266.0,269.7,-0.11,15764.0,332.5,223.4
CHL,9/18/2026,269.0,269.8,265.0,268.0,-0.37,13114.0,332.5,223.4
CHL,9/22/2026,268.0,271.0,264.2,269.0,0.37,23640.0,332.5,223.4
CHL,9/23/2026,269.0,270.0,264.2,265.0,-1.49,20432.0,332.5,223.4
CHL,9/24/2026,262.9,267.0,260.0,267.0,1.56,7740.0,332.5,223.4
CHL,9/28/2026,260.0,266.0,259.0,260.0,0.0,9118.0,332.5,223.4
CHL,9/29/2026,255.3,257.1,255.2,0.0,-100.0,5437.0,332.5,223.4
CHL,9/30/2026,263.0,265.7,256.0,262.0,-0.38,19104.0,332.5,223.4
CHL,10/1/2026,261.1,265.0,258.1,260.9,-0.08,6183.0,332.5,223.4
CHL,10/2/2026,260.0,260.0,255.3,258.0,-0.77,15363.0,332.5,223.4
CIT,1/26/2026,1800.0,1818.1,1780.0,1789.0,,16632.0,1973.0,1621.1
CIT,1/27/2026,1790.0,1798.0,1775.0,1782.0,-0.39,13637.0,1973.0,1621.1
CIT,1/28/2026,1797.9,1797.9,1770.0,1783.0,0.06,10328.0,1973.0,1621.1
CIT,1/29/2026,1783.0,1783.0,1771.0,1773.0,-0.56,8369.0,1973.0,1621.1
CIT,2/1/2026,1773.0,1780.0,1752.0,1764.1,-0.5,5944.0,1973.0,1621.1
CIT,2/2/2026,1759.0,1780.0,1759.0,1765.0,0.05,5866.0,1973.0,1621.1
CIT,2/3/2026,1775.0,1785.0,1756.0,1758.0,-0.4,5468.0,1973.0,1621.1
CIT,2/4/2026,1740.0,1768.0,1740.0,1759.0,0.06,8537.0,1973.0,1621.1
CIT,2/5/2026,1760.0,1762.0,1750.0,1758.0,-0.06,6960.0,1973.0,1621.1
CIT,2/8/2026,1783.0,1783.0,1755.0,1760.0,0.11,10344.0,1973.0,1621.1
CIT,2/9/2026,1757.0,1760.0,1745.1,1745.1,-0.85,7907.0,1973.0,1621.1
CIT,2/10/2026,1746.0,1750.0,1739.0,1739.7,-0.31,9987.0,1973.0,1621.1
CIT,2/11/2026,1750.0,1755.0,1745.0,1752.0,0.71,13510.0,1973.0,1621.1
CIT,2/12/2026,1755.0,1760.0,1755.0,1756.0,0.23,11388.0,1973.0,1621.1
CIT,2/16/2026,1760.0,1760.0,1740.0,1741.0,-0.85,6167.0,1973.0,1621.1
CIT,2/17/2026,1750.0,1750.0,1735.1,1735.5,-0.32,14124.0,1973.0,1621.1
CIT,2/22/2026,1740.0,1755.0,1735.1,1741.0,0.32,13081.0,1973.0,1621.1
CIT,2/23/2026,1747.9,1750.0,1740.0,1741.5,0.03,4859.0,1973.0,1621.1
CIT,2/24/2026,1742.0,1755.0,1737.0,1750.1,0.49,8589.0,1973.0,1621.1
CIT,2/25/2026,1750.0,1755.0,1748.0,1755.0,0.28,5638.0,1973.0,1621.1
CIT,2/26/2026,1765.0,1771.5,1758.0,1769.0,0.8,6296.0,1973.0,1621.1
CIT,2/27/2026,1765.0,1771.5,1758.0,1769.0,0.0,6296.0,1973.0,1621.1
CIT,2/28/2026,1765.0,1771.5,1758.0,1769.0,0.0,6296.0,1973.0,1621.1
CIT,3/2/2026,1760.0,1798.0,1745.0,1789.5,1.16,10523.0,1973.0,1621.1
CIT,3/3/2026,1789.6,1805.0,1778.0,1803.0,0.75,8293.0,1973.0,1621.1
CIT,3/4/2026,1789.6,1805.0,1778.0,1803.0,0.0,8293.0,1973.0,1621.1
CIT,3/5/2026,1789.6,1805.0,1778.0,1803.0,0.0,8293.0,1973.0,1621.1
CIT,3/6/2026,1789.6,1805.0,1778.0,1803.0,0.0,8293.0,1973.0,1621.1
CIT,3/7/2026,1789.6,1805.0,1778.0,1803.0,0.0,8293.0,1973.0,1621.1
CIT,3/8/2026,1789.6,1805.0,1778.0,1803.0,0.0,8293.0,1973.0,1621.1
CIT,3/9/2026,1839.0,1875.7,1839.0,1875.7,4.03,50.0,1973.0,1621.1
CIT,3/10/2026,1913.0,1913.0,1800.0,1868.0,-0.41,31528.0,1973.0,1621.1
CIT,3/11/2026,1869.0,1888.0,1817.0,1833.0,-1.87,12067.0,1973.0,1621.1
CIT,3/12/2026,1816.0,1860.0,1801.0,1844.0,0.6,6032.0,1973.0,1621.1
CIT,3/13/2026,1816.0,1860.0,1801.0,1844.0,0.0,6032.0,1973.0,1621.1
CIT,3/14/2026,1816.0,1860.0,1801.0,1844.0,0.0,6032.0,1973.0,1621.1
CIT,3/15/2026,1850.0,1855.0,1840.0,1843.9,-0.01,5249.0,1973.0,1621.1
CIT,3/16/2026,1858.0,1858.0,1820.0,1821.0,-1.24,8471.0,1973.0,1621.1
CIT,3/17/2026,1830.0,1830.0,1815.0,1825.0,0.22,5260.0,1973.0,1621.1
CIT,3/18/2026,1830.0,1830.0,1815.0,1825.0,0.0,5260.0,1973.0,1621.1
CIT,3/19/2026,1850.0,1850.0,1822.0,1840.0,0.82,15716.0,1973.0,1621.1
CIT,3/20/2026,1850.0,1850.0,1822.0,1840.0,0.0,15716.0,1973.0,1621.1
CIT,3/21/2026,1850.0,1850.0,1822.0,1840.0,0.0,15716.0,1973.0,1621.1
CIT,3/22/2026,1826.0,1864.0,1826.0,1856.1,0.88,22089.0,1973.0,1621.1
CIT,3/23/2026,1860.0,1873.0,1846.0,1873.0,0.91,16261.0,1973.0,1621.1
CIT,3/24/2026,1875.1,1900.0,1860.0,1888.0,0.8,21020.0,1973.0,1621.1
CIT,3/25/2026,1895.0,1900.0,1862.0,1870.0,-0.95,11117.0,1973.0,1621.1
CIT,3/26/2026,1850.0,1880.0,1850.0,1880.0,1.62,10619.0,1973.0,1621.1
CIT,3/29/2026,1880.0,1880.0,1847.5,1847.5,-1.73,13265.0,1973.0,1621.1
CIT,3/30/2026,1847.0,1848.0,1827.0,1829.0,-0.97,12689.0,1973.0,1621.1
CIT,3/31/2026,1820.0,1826.0,1800.0,1824.0,0.22,11446.0,1973.0,1621.1
CIT,4/1/2026,1824.0,1824.0,1780.0,1800.0,-1.32,17849.0,1973.0,1621.1
CIT,4/2/2026,1780.0,1807.0,1750.0,1796.0,0.9,12383.0,1973.0,1621.1
CIT,4/5/2026,1790.0,1790.0,1746.0,1758.0,-1.79,19941.0,1973.0,1621.1
CIT,4/6/2026,1758.0,1794.0,1758.0,1789.8,1.81,9604.0,1973.0,1621.1
CIT,4/7/2026,1795.0,1812.0,1773.0,1779.9,-0.84,5407.0,1973.0,1621.1
CIT,4/8/2026,1815.4,1815.4,1780.2,1795.0,-1.12,6869.0,1973.0,1621.1
CIT,4/9/2026,1791.0,1800.0,1775.0,1800.0,0.5,12048.0,1973.0,1621.1
CIT,4/10/2026,1790.0,1803.9,1783.0,1793.0,0.17,5200.0,1973.0,1621.1
CIT,4/13/2026,1785.0,1802.0,1785.0,1796.0,0.62,7086.0,1973.0,1621.1
CIT,4/15/2026,1796.0,1809.0,1791.0,1799.0,0.17,7193.0,1973.0,1621.1
CIT,4/16/2026,1805.0,1819.9,1786.5,1788.1,-0.94,4564.0,1973.0,1621.1
CIT,4/17/2026,1790.0,1791.0,1781.1,1787.0,-0.17,3036.0,1973.0,1621.1
CIT,4/20/2026,1800.0,1800.0,1775.0,1785.0,-0.83,4814.0,1973.0,1621.1
CIT,4/21/2026,1799.0,1799.0,1782.0,1785.1,-0.77,4642.0,1973.0,1621.1
CIT,4/22/2026,1785.0,1793.0,1767.1,1790.0,0.28,4962.0,1973.0,1621.1
CIT,4/23/2026,1770.0,1788.0,1770.0,1780.0,0.56,2402.0,1973.0,1621.1
CIT,4/24/2026,1780.0,1785.0,1765.1,1772.4,-0.43,7476.0,1973.0,1621.1
CIT,4/27/2026,1772.4,1780.0,1765.0,1770.0,-0.14,6121.0,1973.0,1621.1
CIT,4/28/2026,1770.0,1774.0,1760.0,1767.1,-0.16,4559.0,1973.0,1621.1
CIT,4/29/2026,1767.1,1769.9,1763.0,1768.0,0.05,6037.0,1973.0,1621.1
CIT,4/30/2026,1780.0,1780.0,1746.0,1766.0,-0.79,5856.0,1973.0,1621.1
CIT,5/4/2026,1774.0,1774.0,1746.0,1751.0,-1.3,4117.0,1973.0,1621.1
CIT,5/5/2026,1750.0,1770.0,1745.0,1752.4,0.14,3122.0,1973.0,1621.1
CIT,5/6/2026,1699.9,1770.0,1699.9,1765.0,3.83,2299.0,1973.0,1621.1
CIT,5/7/2026,1770.0,1770.0,1750.0,1760.0,-0.56,3489.0,1973.0,1621.1
CIT,5/8/2026,1761.0,1775.0,1750.0,1770.0,0.51,3920.0,1973.0,1621.1
CIT,5/11/2026,1780.0,1780.0,1770.0,1774.2,-0.33,5895.0,1973.0,1621.1
CIT,5/12/2026,1785.0,1785.0,1770.0,1770.2,-0.83,5185.0,1973.0,1621.1
CIT,5/13/2026,1765.0,1775.0,1760.0,1766.0,0.06,4188.0,1973.0,1621.1
CIT,5/14/2026,1800.0,1800.0,1760.0,1767.0,-1.83,2555.0,1973.0,1621.1
CIT,5/15/2026,1790.0,1790.0,1760.0,1763.0,-1.51,2746.0,1973.0,1621.1
CIT,5/18/2026,1763.0,1768.5,1755.0,1768.5,0.31,6027.0,1973.0,1621.1
CIT,5/19/2026,1769.0,1778.0,1756.0,1762.0,-0.4,4632.0,1973.0,1621.1
CIT,5/20/2026,1769.0,1774.0,1760.5,1770.0,0.06,6522.0,1973.0,1621.1
CIT,5/21/2026,1770.0,1774.0,1755.0,1766.5,-0.2,2105.0,1973.0,1621.1
CIT,5/22/2026,1760.0,1774.9,1760.0,1767.0,0.4,3571.0,1973.0,1621.1
CIT,5/25/2026,1767.0,1789.9,1765.0,1772.0,0.28,4996.0,1973.0,1621.1
CIT,5/26/2026,1772.0,1776.0,1760.2,1765.1,-0.39,10803.0,1973.0,1621.1
CIT,5/27/2026,1777.0,1779.5,1765.0,1779.0,0.11,6163.0,1973.0,1621.1
CIT,6/1/2026,1860.0,1860.0,1772.0,1778.7,-4.37,4718.0,1973.0,1621.1
CIT,6/2/2026,1760.0,1784.0,1760.0,1770.0,0.57,5463.0,1973.0,1621.1
CIT,6/3/2026,1785.0,1785.0,1765.0,1769.0,-0.9,4610.0,1973.0,1621.1
CIT,6/4/2026,1761.0,1770.0,1761.0,1763.9,0.16,2708.0,1973.0,1621.1
CIT,6/5/2026,1770.0,1770.0,1746.0,1755.0,-0.85,11075.0,1973.0,1621.1
CIT,6/8/2026,1750.0,1764.0,1742.2,1750.0,0.0,7762.0,1973.0,1621.1
CIT,6/9/2026,1748.0,1750.0,1738.0,1747.0,-0.06,10830.0,1973.0,1621.1
CIT,6/10/2026,1747.0,1758.9,1743.0,1744.9,-0.12,3565.0,1973.0,1621.1
CIT,6/11/2026,1744.9,1749.0,1730.2,1741.0,-0.22,6155.0,1973.0,1621.1
CIT,6/12/2026,1741.0,1750.0,1738.0,1741.0,0.0,5783.0,1973.0,1621.1
CIT,6/15/2026,1745.0,1745.0,1730.0,1736.9,-0.46,10630.0,1973.0,1621.1
CIT,6/16/2026,1749.0,1749.0,1734.7,1734.7,-0.82,4992.0,1973.0,1621.1
CIT,6/17/2026,1700.0,1739.5,1700.0,1732.0,1.88,4128.0,1973.0,1621.1
CIT,6/18/2026,1733.0,1737.9,1730.1,1730.1,-0.17,4742.0,1973.0,1621.1
CIT,6/19/2026,1730.1,1735.0,1728.1,1729.0,-0.06,4848.0,1973.0,1621.1
CIT,6/22/2026,1730.0,1730.0,1721.1,1722.0,-0.46,5813.0,1973.0,1621.1
CIT,6/23/2026,1723.0,1723.0,1714.0,1716.0,-0.41,5038.0,1973.0,1621.1
CIT,6/24/2026,1630.3,1717.0,1630.3,1712.1,5.02,7008.0,1973.0,1621.1
CIT,6/26/2026,1729.0,1729.0,1699.0,1702.0,-1.56,8228.0,1973.0,1621.1
CIT,6/29/2026,1690.0,1719.9,1687.0,1690.5,0.03,9804.0,1973.0,1621.1
CIT,6/30/2026,1700.0,1791.0,1680.0,1685.9,-0.83,9520.0,1973.0,1621.1
CIT,7/1/2026,1685.0,1720.0,1683.0,1705.0,1.19,3895.0,1973.0,1621.1
CIT,7/2/2026,1700.1,1704.0,1685.1,1704.0,0.23,4129.0,1973.0,1621.1
CIT,7/3/2026,1700.0,1709.0,1700.0,1700.0,0.0,3365.0,1973.0,1621.1
CIT,7/6/2026,1692.0,1699.9,1690.0,1693.0,0.06,3211.0,1973.0,1621.1
CIT,7/7/2026,1695.0,1699.0,1690.0,1695.0,0.0,4851.0,1973.0,1621.1
CIT,7/8/2026,1700.0,1700.0,1688.2,1688.2,-0.69,3454.0,1973.0,1621.1
CIT,7/9/2026,1685.1,1690.0,1683.0,1683.0,-0.12,3820.0,1973.0,1621.1
CIT,7/10/2026,1700.0,1700.0,1680.0,1684.0,-0.94,5398.0,1973.0,1621.1
CIT,7/13/2026,1680.1,1686.0,1650.1,1675.0,-0.3,4296.0,1973.0,1621.1
CIT,7/14/2026,1680.0,1682.9,1665.0,1681.9,0.11,4503.0,1973.0,1621.1
CIT,7/15/2026,1680.0,1695.0,1670.1,1670.1,-0.59,5708.0,1973.0,1621.1
CIT,7/16/2026,1689.0,1689.0,1666.0,1670.0,-1.12,3427.0,1973.0,1621.1
CIT,7/17/2026,1679.0,1698.0,1675.0,1697.0,1.07,4443.0,1973.0,1621.1
CIT,7/20/2026,1698.0,1712.7,1672.0,1710.0,0.71,4561.0,1973.0,1621.1
CIT,7/21/2026,1715.0,1751.0,1713.0,1730.1,0.88,5887.0,1973.0,1621.1
CIT,7/22/2026,1730.5,1732.0,1710.0,1724.0,-0.38,4080.0,1973.0,1621.1
CIT,7/23/2026,1739.9,1739.9,1706.0,1724.8,-0.87,2666.0,1973.0,1621.1
CIT,7/24/2026,1724.0,1745.0,1724.0,1734.0,0.58,4293.0,1973.0,1621.1
CIT,7/27/2026,1734.0,1747.0,1720.0,1721.0,-0.75,4295.0,1973.0,1621.1
CIT,7/28/2026,1720.0,1721.0,1717.0,1717.0,-0.17,2704.0,1973.0,1621.1
CIT,7/29/2026,1717.0,1724.0,1710.0,1720.0,0.17,2184.0,1973.0,1621.1
CIT,7/30/2026,1710.0,1724.9,1710.0,1716.0,0.35,1962.0,1973.0,1621.1
CIT,7/31/2026,1726.0,1726.0,1701.0,1715.0,-0.64,4400.0,1973.0,1621.1
CIT,8/3/2026,1700.0,1739.9,1700.0,1720.0,1.18,1698.0,1973.0,1621.1
CIT,8/4/2026,1710.0,1720.0,1710.0,1714.9,0.29,2138.0,1973.0,1621.1
CIT,8/5/2026,1720.0,1720.0,1698.0,1710.1,-0.58,2849.0,1973.0,1621.1
CIT,8/6/2026,1711.0,1722.0,1700.0,1710.0,-0.06,1738.0,1973.0,1621.1
CIT,8/7/2026,1719.0,1719.0,1706.0,1709.9,-0.53,5291.0,1973.0,1621.1
CIT,8/10/2026,1710.1,1718.0,1695.0,1700.0,-0.59,3577.0,1973.0,1621.1
CIT,8/11/2026,1700.0,1710.0,1700.0,1703.0,0.18,4433.0,1973.0,1621.1
CIT,8/12/2026,1709.9,1709.9,1700.0,1704.7,-0.3,3114.0,1973.0,1621.1
CIT,8/13/2026,1707.0,1714.9,1704.0,1713.6,0.39,4278.0,1973.0,1621.1
CIT,8/14/2026,1710.0,1719.5,1700.0,1700.0,-0.58,3997.0,1973.0,1621.1
CIT,8/17/2026,1734.0,1734.0,1700.0,1701.0,-1.9,3222.0,1973.0,1621.1
CIT,8/18/2026,1700.0,1713.0,1699.0,1703.0,0.18,4049.0,1973.0,1621.1
CIT,8/19/2026,1705.0,1705.0,1695.0,1700.0,-0.29,4292.0,1973.0,1621.1
CIT,8/20/2026,1692.1,1696.0,1690.0,1695.0,0.17,2720.0,1973.0,1621.1
CIT,8/21/2026,1691.0,1700.0,1690.0,1695.0,0.24,4864.0,1973.0,1621.1
CIT,8/24/2026,1694.0,1694.0,1680.0,1681.0,-0.77,8070.0,1973.0,1621.1
CIT,8/25/2026,1681.0,1689.0,1673.0,1680.0,-0.06,4874.0,1973.0,1621.1
CIT,8/26/2026,1682.0,1682.0,1658.0,1660.0,-1.31,7117.0,1973.0,1621.1
CIT,8/27/2026,1660.0,1674.0,1650.0,1670.0,0.6,5804.0,1973.0,1621.1
CIT,8/31/2026,1670.1,1670.1,1652.2,1652.2,-1.07,5288.0,1973.0,1621.1
CIT,9/1/2026,1652.2,1670.0,1621.1,1663.0,0.65,7064.0,1973.0,1621.1
CIT,9/2/2026,1666.0,1667.0,1652.0,1656.7,-0.56,3766.0,1973.0,1621.1
CIT,9/3/2026,1658.0,1722.0,1653.0,1719.9,3.73,11654.0,1973.0,1621.1
CIT,9/7/2026,1720.0,1720.0,1700.0,1713.9,-0.35,4898.0,1973.0,1621.1
CIT,9/9/2026,1714.0,1714.0,1700.0,1700.0,-0.82,5936.0,1973.0,1621.1
CIT,9/10/2026,1700.0,1706.0,1677.0,1685.0,-0.88,3832.0,1973.0,1621.1
CIT,9/11/2026,1685.0,1705.0,1670.0,1700.4,0.91,3127.0,1973.0,1621.1
CIT,9/14/2026,1700.0,1730.0,1700.0,1717.1,1.01,4847.0,1973.0,1621.1
CIT,9/15/2026,1750.0,1800.0,1726.0,1740.0,-0.57,7997.0,1973.0,1621.1
CIT,9/16/2026,1740.0,1750.0,1711.7,1730.0,-0.57,3013.0,1973.0,1621.1
CIT,9/17/2026,1744.9,1745.0,1732.0,1735.0,-0.57,4589.0,1973.0,1621.1
CIT,9/18/2026,1735.0,1744.0,1700.1,1739.0,0.23,4402.0,1973.0,1621.1
CIT,9/22/2026,1740.0,1749.0,1701.1,1749.0,0.52,9623.0,1973.0,1621.1
CIT,9/23/2026,1836.0,1836.0,1730.1,1736.0,-5.45,5207.0,1973.0,1621.1
CIT,9/24/2026,1740.0,1747.9,1730.5,1747.0,0.4,3269.0,1973.0,1621.1
CIT,9/28/2026,1750.0,1760.0,1735.0,1740.0,-0.57,8365.0,1973.0,1621.1
CIT,9/29/2026,1735.0,1750.0,1735.0,0.0,-100.0,2247.0,1973.0,1621.1
CIT,9/30/2026,1791.0,1791.0,1738.1,1739.9,-2.85,3538.0,1973.0,1621.1
CIT,10/1/2026,1740.0,1752.0,1720.0,1738.0,-0.11,10379.0,1973.0,1621.1
CIT,10/2/2026,1752.0,1752.0,1731.0,1735.0,-0.97,2742.0,1973.0,1621.1
CITY,12/21/2025,485.0,485.0,471.4,473.3,,21280.0,590.7,327.2
CITY,12/22/2025,467.0,479.4,464.0,470.0,-0.7,6808.0,590.7,327.2
CITY,12/23/2025,468.0,470.0,464.0,464.0,-1.28,6914.0,590.7,327.2
CITY,12/24/2025,464.9,478.7,464.9,476.0,2.59,11467.0,590.7,327.2
CITY,12/28/2025,480.0,490.0,474.0,488.0,2.52,11235.0,590.7,327.2
CITY,12/29/2025,485.0,491.0,480.0,480.0,-1.64,7210.0,590.7,327.2
CITY,12/31/2025,475.0,484.0,475.0,480.4,0.08,8012.0,590.7,327.2
CITY,1/1/2026,474.0,483.4,474.0,475.1,-1.1,12239.0,590.7,327.2
CITY,1/4/2026,470.1,479.0,468.8,468.8,-1.33,10743.0,590.7,327.2
CITY,1/5/2026,468.0,475.8,465.5,472.3,0.75,13451.0,590.7,327.2
CITY,1/6/2026,473.1,485.0,473.0,477.0,1.0,16965.0,590.7,327.2
CITY,1/7/2026,477.0,484.9,472.4,474.0,-0.63,11609.0,590.7,327.2
CITY,1/8/2026,470.0,480.0,470.0,472.0,-0.42,8899.0,590.7,327.2
CITY,1/12/2026,473.0,475.0,467.0,470.0,-0.42,4605.0,590.7,327.2
CITY,1/13/2026,470.0,475.0,468.0,470.0,0.0,4838.0,590.7,327.2
CITY,1/14/2026,461.0,474.8,461.0,470.0,0.0,5366.0,590.7,327.2
CITY,1/18/2026,470.0,479.4,470.0,478.9,1.89,15158.0,590.7,327.2
CITY,1/20/2026,484.0,491.8,481.0,486.0,1.48,23961.0,590.7,327.2
CITY,1/21/2026,491.0,492.0,482.0,485.0,-0.21,9188.0,590.7,327.2
CITY,1/22/2026,492.0,492.0,477.1,481.0,-0.82,11589.0,590.7,327.2
CITY,1/25/2026,489.0,502.0,480.2,498.3,3.6,25449.0,590.7,327.2
CITY,1/26/2026,498.5,500.0,487.0,493.3,-1.0,17860.0,590.7,327.2
CITY,1/27/2026,494.0,503.3,485.0,488.0,-1.07,28583.0,590.7,327.2
CITY,1/28/2026,481.4,493.6,481.4,486.0,-0.41,10748.0,590.7,327.2
CITY,1/29/2026,487.0,495.5,484.1,485.0,-0.21,13170.0,590.7,327.2
CITY,2/1/2026,490.0,495.0,480.0,482.0,-0.62,15976.0,590.7,327.2
CITY,2/2/2026,480.5,485.0,480.0,480.0,-0.41,7215.0,590.7,327.2
CITY,2/3/2026,480.0,519.0,479.0,500.0,4.17,46879.0,590.7,327.2
CITY,2/4/2026,505.0,510.0,495.2,499.6,-0.08,28694.0,590.7,327.2
CITY,2/5/2026,501.3,505.4,497.0,497.0,-0.52,12835.0,590.7,327.2
CITY,2/8/2026,500.0,506.6,485.2,492.9,-0.82,16730.0,590.7,327.2
CITY,2/9/2026,492.9,492.9,479.0,484.9,-1.62,16864.0,590.7,327.2
CITY,2/10/2026,485.0,487.4,478.0,480.5,-0.91,5880.0,590.7,327.2
CITY,2/11/2026,490.1,490.1,477.0,479.9,-0.12,8256.0,590.7,327.2
CITY,2/12/2026,481.0,485.0,472.0,472.0,-1.65,13326.0,590.7,327.2
CITY,2/16/2026,472.0,483.0,469.0,472.0,0.0,8476.0,590.7,327.2
CITY,2/17/2026,472.0,477.5,472.0,472.3,0.06,11577.0,590.7,327.2
CITY,2/22/2026,470.0,475.6,466.0,468.0,-0.91,8883.0,590.7,327.2
CITY,2/23/2026,473.0,473.0,466.0,468.0,0.0,6953.0,590.7,327.2
CITY,2/24/2026,466.0,473.0,466.0,472.0,0.85,3892.0,590.7,327.2
CITY,2/25/2026,472.0,478.0,468.0,471.0,-0.21,4673.0,590.7,327.2
CITY,2/26/2026,476.0,476.0,468.2,472.8,0.38,6191.0,590.7,327.2
CITY,2/27/2026,476.0,476.0,468.2,472.8,0.0,6191.0,590.7,327.2
CITY,2/28/2026,476.0,476.0,468.2,472.8,0.0,6191.0,590.7,327.2
CITY,3/2/2026,468.0,474.9,467.0,472.0,-0.17,12423.0,590.7,327.2
CITY,3/3/2026,465.0,488.5,465.0,487.9,3.37,9217.0,590.7,327.2
CITY,3/4/2026,465.0,488.5,465.0,487.9,0.0,9217.0,590.7,327.2
CITY,3/5/2026,465.0,488.5,465.0,487.9,0.0,9217.0,590.7,327.2
CITY,3/6/2026,465.0,488.5,465.0,487.9,0.0,9217.0,590.7,327.2
CITY,3/7/2026,465.0,488.5,465.0,487.9,0.0,9217.0,590.7,327.2
CITY,3/8/2026,465.0,488.5,465.0,487.9,0.0,9217.0,590.7,327.2
CITY,3/9/2026,497.6,536.6,497.6,536.6,9.98,990.0,590.7,327.2
CITY,3/10/2026,540.0,540.0,500.0,512.0,-4.58,43948.0,590.7,327.2
CITY,3/11/2026,511.0,517.0,499.0,500.5,-2.25,23422.0,590.7,327.2
CITY,3/12/2026,500.0,504.0,500.0,504.0,0.7,18741.0,590.7,327.2
CITY,3/13/2026,500.0,504.0,500.0,504.0,0.0,18741.0,590.7,327.2
CITY,3/14/2026,500.0,504.0,500.0,504.0,0.0,18741.0,590.7,327.2
CITY,3/15/2026,504.0,512.0,495.0,495.0,-1.79,10775.0,590.7,327.2
CITY,3/16/2026,490.0,499.2,488.8,488.8,-1.25,9783.0,590.7,327.2
CITY,3/17/2026,488.8,498.0,484.0,491.0,0.45,13607.0,590.7,327.2
CITY,3/18/2026,488.8,498.0,484.0,491.0,0.0,13607.0,590.7,327.2
CITY,3/19/2026,492.0,515.0,490.0,514.0,4.68,51472.0,590.7,327.2
CITY,3/20/2026,492.0,515.0,490.0,514.0,0.0,51472.0,590.7,327.2
CITY,3/21/2026,492.0,515.0,490.0,514.0,0.0,51472.0,590.7,327.2
CITY,3/22/2026,514.0,524.2,505.0,519.0,0.97,33732.0,590.7,327.2
CITY,3/23/2026,515.0,515.0,500.0,511.1,-1.52,18426.0,590.7,327.2
CITY,3/24/2026,507.0,514.0,506.5,509.0,-0.41,14787.0,590.7,327.2
CITY,3/25/2026,509.0,510.5,499.0,500.1,-1.75,20229.0,590.7,327.2
CITY,3/26/2026,500.2,512.0,496.0,510.0,1.96,18872.0,590.7,327.2
CITY,3/29/2026,512.0,512.0,491.1,493.0,-3.71,14304.0,590.7,327.2
CITY,3/30/2026,486.1,495.0,485.1,485.2,-0.19,11024.0,590.7,327.2
CITY,3/31/2026,483.1,492.7,480.0,491.0,1.64,17568.0,590.7,327.2
CITY,4/1/2026,499.0,499.0,473.0,477.0,-4.41,35261.0,590.7,327.2
CITY,4/2/2026,477.7,480.0,470.0,474.0,-0.77,9194.0,590.7,327.2
CITY,4/5/2026,472.0,472.0,452.0,452.0,-4.24,18365.0,590.7,327.2
CITY,4/6/2026,461.0,470.0,452.1,470.0,1.95,9147.0,590.7,327.2
CITY,4/7/2026,473.2,477.0,468.0,472.0,-0.25,5660.0,590.7,327.2
CITY,4/8/2026,466.5,478.0,466.5,477.9,2.44,9217.0,590.7,327.2
CITY,4/9/2026,477.9,482.0,471.5,481.0,0.65,9855.0,590.7,327.2
CITY,4/10/2026,482.9,482.9,472.0,474.0,-1.84,9914.0,590.7,327.2
CITY,4/13/2026,474.0,479.0,468.1,473.4,-0.13,4563.0,590.7,327.2
CITY,4/15/2026,473.0,498.0,471.1,492.3,4.08,24197.0,590.7,327.2
CITY,4/16/2026,485.0,490.0,475.0,476.0,-1.86,9342.0,590.7,327.2
CITY,4/17/2026,474.6,480.0,471.3,477.7,0.65,10699.0,590.7,327.2
CITY,4/20/2026,477.7,477.7,460.0,466.3,-2.39,11487.0,590.7,327.2
CITY,4/21/2026,465.0,465.0,453.3,455.5,-2.04,13322.0,590.7,327.2
CITY,4/22/2026,478.2,478.2,440.3,455.6,-4.73,11842.0,590.7,327.2
CITY,4/23/2026,455.0,455.7,450.0,454.9,-0.02,8957.0,590.7,327.2
CITY,4/24/2026,442.0,455.0,442.0,455.0,2.94,6964.0,590.7,327.2
CITY,4/27/2026,455.0,523.2,428.3,523.2,14.99,17542.0,590.7,327.2
CITY,4/28/2026,497.1,497.1,456.0,474.8,-4.49,47552.0,590.7,327.2
CITY,4/29/2026,474.8,470.0,455.0,462.0,-2.7,7169.0,590.7,327.2
CITY,4/30/2026,450.2,460.0,447.1,448.0,-0.49,13892.0,590.7,327.2
CITY,5/4/2026,450.0,450.0,434.0,434.0,-3.56,21261.0,590.7,327.2
CITY,5/5/2026,430.1,442.4,423.1,436.0,1.37,8238.0,590.7,327.2
CITY,5/6/2026,434.0,447.0,424.0,424.0,-2.3,9849.0,590.7,327.2
CITY,5/7/2026,427.0,436.0,420.1,420.1,-1.62,9785.0,590.7,327.2
CITY,5/8/2026,399.1,428.0,399.1,424.0,6.24,10538.0,590.7,327.2
CITY,5/11/2026,424.0,435.9,420.0,425.0,0.24,28977.0,590.7,327.2
CITY,5/12/2026,430.0,430.0,404.7,415.0,-3.49,30003.0,590.7,327.2
CITY,5/13/2026,422.9,422.9,404.0,407.0,-3.76,13841.0,590.7,327.2
CITY,5/14/2026,415.0,415.0,396.0,403.0,-2.89,11442.0,590.7,327.2
CITY,5/15/2026,382.9,415.0,382.9,397.0,3.68,17614.0,590.7,327.2
CITY,5/18/2026,377.2,404.0,377.2,395.0,4.72,12766.0,590.7,327.2
CITY,5/19/2026,375.3,375.3,349.2,368.0,-1.95,652647.0,590.7,327.2
CITY,5/20/2026,370.0,389.8,363.2,389.7,5.32,101807.0,590.7,327.2
CITY,5/21/2026,409.1,409.1,366.0,374.9,-8.36,157877.0,590.7,327.2
CITY,5/22/2026,370.9,375.8,368.0,371.0,0.03,93344.0,590.7,327.2
CITY,5/25/2026,374.0,383.9,373.0,379.0,1.34,127419.0,590.7,327.2
CITY,5/26/2026,382.0,390.0,377.1,389.0,1.83,120258.0,590.7,327.2
CITY,5/27/2026,390.0,397.9,384.0,384.9,-1.31,161793.0,590.7,327.2
CITY,6/1/2026,390.0,390.0,365.0,371.0,-4.87,165567.0,590.7,327.2
CITY,6/2/2026,375.0,380.0,369.0,374.4,-0.16,112955.0,590.7,327.2
CITY,6/3/2026,393.1,393.1,375.0,379.5,-3.46,93512.0,590.7,327.2
CITY,6/4/2026,375.2,384.0,372.9,375.5,0.08,196377.0,590.7,327.2
CITY,6/5/2026,376.1,407.0,374.4,402.0,6.89,502123.0,590.7,327.2
CITY,6/8/2026,382.3,422.0,382.3,403.9,5.65,288442.0,590.7,327.2
CITY,6/9/2026,409.0,409.0,385.0,399.0,-2.44,228348.0,590.7,327.2
CITY,6/10/2026,403.0,417.9,392.0,417.0,3.47,406705.0,590.7,327.2
CITY,6/11/2026,417.0,441.0,417.0,439.0,5.28,556409.0,590.7,327.2
CITY,6/12/2026,438.0,459.0,430.1,430.1,-1.8,559005.0,590.7,327.2
CITY,6/15/2026,423.0,445.9,423.0,434.3,2.67,312259.0,590.7,327.2
CITY,6/16/2026,412.6,441.8,412.6,431.8,4.65,181170.0,590.7,327.2
CITY,6/17/2026,435.0,438.9,420.1,423.1,-2.74,229225.0,590.7,327.2
CITY,6/18/2026,402.3,462.0,402.3,413.0,2.66,181547.0,590.7,327.2
CITY,6/19/2026,433.6,433.6,404.5,413.5,-4.64,201704.0,590.7,327.2
CITY,6/22/2026,413.5,424.0,402.0,403.9,-2.32,128241.0,590.7,327.2
CITY,6/23/2026,410.0,410.0,396.5,399.0,-2.68,142681.0,590.7,327.2
CITY,6/24/2026,379.1,406.0,379.1,395.0,4.19,75525.0,590.7,327.2
CITY,6/26/2026,391.0,413.8,387.0,407.9,4.32,287346.0,590.7,327.2
CITY,6/29/2026,399.6,420.0,399.6,408.0,2.1,176446.0,590.7,327.2
CITY,6/30/2026,420.0,420.0,398.0,404.0,-3.81,87210.0,590.7,327.2
CITY,7/1/2026,420.0,420.0,398.0,403.0,-4.05,159716.0,590.7,327.2
CITY,7/2/2026,403.0,406.0,390.0,401.8,-0.3,173365.0,590.7,327.2
CITY,7/3/2026,404.9,404.9,390.0,392.5,-3.06,137190.0,590.7,327.2
CITY,7/6/2026,397.9,397.9,379.4,383.0,-3.74,182994.0,590.7,327.2
CITY,7/7/2026,363.9,391.8,363.9,378.8,4.09,241373.0,590.7,327.2
CITY,7/8/2026,359.9,380.0,359.9,370.0,2.81,180593.0,590.7,327.2
CITY,7/9/2026,371.3,374.9,358.9,363.9,-1.99,169114.0,590.7,327.2
CITY,7/10/2026,345.8,369.6,345.8,356.8,3.18,192387.0,590.7,327.2
CITY,7/13/2026,353.1,361.6,345.0,345.0,-2.29,160589.0,590.7,327.2
CITY,7/14/2026,327.8,351.0,327.8,343.0,4.64,190162.0,590.7,327.2
CITY,7/15/2026,349.8,354.0,342.0,346.0,-1.09,90311.0,590.7,327.2
CITY,7/16/2026,352.0,352.0,341.0,341.1,-3.1,96039.0,590.7,327.2
CITY,7/17/2026,346.0,384.7,344.3,382.0,10.4,216050.0,590.7,327.2
CITY,7/20/2026,390.0,391.3,372.0,386.0,-1.03,207043.0,590.7,327.2
CITY,7/21/2026,389.0,389.8,375.4,377.0,-3.08,207128.0,590.7,327.2
CITY,7/22/2026,375.6,400.0,375.0,390.0,3.83,399404.0,590.7,327.2
CITY,7/23/2026,390.0,393.8,382.1,389.0,-0.26,98452.0,590.7,327.2
CITY,7/24/2026,389.0,394.0,386.0,387.0,-0.51,117929.0,590.7,327.2
CITY,7/27/2026,380.0,387.0,370.1,372.7,-1.92,144143.0,590.7,327.2
CITY,7/28/2026,372.0,377.0,365.1,369.0,-0.81,103345.0,590.7,327.2
CITY,7/29/2026,357.4,378.0,357.4,370.0,3.53,69481.0,590.7,327.2
CITY,7/30/2026,374.0,374.0,362.1,366.8,-1.93,84701.0,590.7,327.2
CITY,7/31/2026,348.5,372.0,348.5,368.2,5.65,72331.0,590.7,327.2
CITY,8/3/2026,371.0,374.0,367.0,369.0,-0.54,52443.0,590.7,327.2
CITY,8/4/2026,366.0,370.0,364.4,367.1,0.3,124938.0,590.7,327.2
CITY,8/5/2026,348.8,379.0,348.8,378.9,8.63,121792.0,590.7,327.2
CITY,8/6/2026,390.0,390.0,371.3,374.0,-4.1,82999.0,590.7,327.2
CITY,8/7/2026,356.0,375.9,356.0,371.0,4.21,100371.0,590.7,327.2
CITY,8/10/2026,370.0,380.0,365.4,367.0,-0.81,60858.0,590.7,327.2
CITY,8/11/2026,365.0,400.0,365.0,370.5,1.51,67765.0,590.7,327.2
CITY,8/12/2026,366.1,374.9,366.0,372.0,1.61,89313.0,590.7,327.2
CITY,8/13/2026,372.0,376.5,368.9,370.3,-0.46,39521.0,590.7,327.2
CITY,8/14/2026,370.0,372.8,360.0,365.0,-1.35,150226.0,590.7,327.2
CITY,8/17/2026,362.0,369.0,360.1,363.0,0.28,36591.0,590.7,327.2
CITY,8/18/2026,365.0,365.0,358.1,358.2,-1.86,70642.0,590.7,327.2
CITY,8/19/2026,361.0,363.0,357.2,359.9,-0.3,50429.0,590.7,327.2
CITY,8/20/2026,377.8,377.8,355.0,357.0,-5.51,61854.0,590.7,327.2
CITY,8/21/2026,357.0,360.0,354.1,359.0,0.56,62667.0,590.7,327.2
CITY,8/24/2026,359.8,360.0,350.0,354.0,-1.61,78994.0,590.7,327.2
CITY,8/25/2026,354.0,358.0,345.1,349.9,-1.16,76545.0,590.7,327.2
CITY,8/26/2026,346.0,353.9,340.1,343.9,-0.61,67057.0,590.7,327.2
CITY,8/27/2026,344.0,351.0,341.5,347.0,0.87,44664.0,590.7,327.2
CITY,8/31/2026,329.7,355.0,329.7,339.0,2.82,59505.0,590.7,327.2
CITY,9/1/2026,339.0,349.5,338.2,340.0,0.29,77720.0,590.7,327.2
CITY,9/2/2026,340.4,345.0,340.0,344.7,1.26,32621.0,590.7,327.2
CITY,9/3/2026,345.0,347.7,339.0,340.0,-1.45,56349.0,590.7,327.2
CITY,9/7/2026,340.0,348.9,340.0,342.0,0.59,48423.0,590.7,327.2
CITY,9/9/2026,342.0,345.0,336.0,337.0,-1.46,57074.0,590.7,327.2
CITY,9/10/2026,337.0,340.0,330.1,333.0,-1.19,53886.0,590.7,327.2
CITY,9/11/2026,333.0,342.0,327.2,342.0,2.7,87015.0,590.7,327.2
CITY,9/14/2026,347.4,347.4,341.5,344.9,-0.72,70040.0,590.7,327.2
CITY,9/15/2026,362.0,362.0,346.0,352.0,-2.76,116091.0,590.7,327.2
CITY,9/16/2026,355.0,356.0,345.1,345.4,-2.7,74901.0,590.7,327.2
CITY,9/17/2026,350.0,352.0,345.0,348.0,-0.57,42120.0,590.7,327.2
CITY,9/18/2026,332.0,357.0,332.0,355.1,6.96,78425.0,590.7,327.2
CITY,9/22/2026,352.1,364.0,350.0,361.0,2.53,76652.0,590.7,327.2
CITY,9/23/2026,360.0,360.0,350.0,351.1,-2.47,73489.0,590.7,327.2
CITY,9/24/2026,349.0,355.0,346.0,353.5,1.29,67195.0,590.7,327.2
CITY,9/28/2026,353.5,357.1,339.6,343.0,-2.97,74526.0,590.7,327.2
CITY,9/29/2026,344.1,345.0,338.0,0.0,-100.0,38855.0,590.7,327.2
CITY,9/30/2026,343.9,345.0,340.0,343.0,-0.26,42038.0,590.7,327.2
CITY,10/1/2026,344.0,345.0,341.1,342.9,-0.32,21674.0,590.7,327.2
CITY,10/2/2026,340.5,348.0,340.5,343.7,0.94,32317.0,590.7,327.2
CIZBD86,12/21/2025,1157.1,1246.0,1157.1,1246.0,,409.0,1320.9,1112.3
CIZBD86,12/22/2025,1247.9,1247.9,1247.9,1320.9,6.01,54.0,1320.9,1112.3
CIZBD86,12/31/2025,1320.9,1320.9,1194.0,1194.0,-9.61,286.0,1320.9,1112.3
CIZBD86,1/4/2026,1215.0,1215.0,1215.0,1215.0,1.76,20.0,1320.9,1112.3
CIZBD86,1/8/2026,1202.0,1202.0,1202.0,1202.0,-1.07,15.0,1320.9,1112.3
CIZBD86,1/20/2026,1178.0,1178.0,1178.0,1178.0,-2.0,25.0,1320.9,1112.3
CIZBD86,1/21/2026,1178.0,1178.0,1178.0,1160.0,-1.53,5.0,1320.9,1112.3
CIZBD86,2/8/2026,1160.1,1160.1,1160.1,1160.1,0.01,15.0,1320.9,1112.3
CIZBD86,2/12/2026,1161.0,1161.0,1161.0,1161.0,0.08,25.0,1320.9,1112.3
CIZBD86,3/15/2026,1161.0,1161.0,1161.0,1161.0,0.0,100.0,1320.9,1112.3
CIZBD86,3/22/2026,1139.5,1160.0,1139.5,1160.0,-0.09,69.0,1320.9,1112.3
CIZBD86,4/5/2026,1175.0,1175.0,1175.0,1175.0,0.0,25.0,1320.9,1112.3
CIZBD86,4/6/2026,1198.5,1198.5,1198.5,1198.5,0.0,25.0,1320.9,1112.3
CIZBD86,4/13/2026,1222.0,1222.0,1222.0,1222.0,0.0,25.0,1320.9,1112.3
CIZBD86,4/17/2026,1197.7,1198.0,1197.7,1198.0,0.03,20.0,1320.9,1112.3
CIZBD86,5/20/2026,1198.0,1198.0,1198.0,1222.0,2.0,6.0,1320.9,1112.3
CIZBD86,6/4/2026,1202.5,1202.5,1202.5,1202.5,0.0,33.0,1320.9,1112.3
CIZBD86,6/5/2026,1180.0,1180.0,1180.0,1180.0,0.0,25.0,1320.9,1112.3
CIZBD86,6/15/2026,1145.0,1145.0,1145.0,1145.0,0.0,25.0,1320.9,1112.3
CIZBD86,6/16/2026,1145.0,1145.0,1145.0,1145.0,0.0,15.0,1320.9,1112.3
CIZBD86,6/19/2026,1145.0,1145.0,1145.0,1145.0,0.0,1.0,1320.9,1112.3
CIZBD86,6/30/2026,1214.6,1251.0,1180.0,1180.0,-2.85,110.0,1320.9,1112.3
CIZBD86,7/6/2026,1215.0,1215.0,1215.0,1215.0,0.0,25.0,1320.9,1112.3
CIZBD86,7/10/2026,1178.6,1178.6,1130.0,1130.0,-4.12,38024.0,1320.9,1112.3
CIZBD86,7/13/2026,1130.0,1190.0,1130.0,1190.0,5.31,28563.0,1320.9,1112.3
CIZBD86,7/14/2026,1172.0,1172.0,1172.0,1210.0,3.24,37174.0,1320.9,1112.3
CIZBD86,7/15/2026,1173.7,1177.0,1173.7,1177.0,0.28,48064.0,1320.9,1112.3
CIZBD86,7/16/2026,1177.0,1177.0,1177.0,1177.0,0.0,1.0,1320.9,1112.3
CIZBD86,7/20/2026,1177.0,1185.0,1177.0,1185.0,0.68,20.0,1320.9,1112.3
CIZBD86,8/18/2026,1214.9,1214.9,1214.9,1214.9,0.0,10.0,1320.9,1112.3
CIZBD86,8/31/2026,1214.0,1214.0,1177.6,1177.6,-3.0,100.0,1320.9,1112.3
CIZBD86,9/14/2026,1210.0,1210.0,1210.0,1210.0,0.0,91.0,1320.9,1112.3
CIZBD86,9/16/2026,1210.0,1210.0,1210.0,1210.0,0.0,22.0,1320.9,1112.3
CIZBD86,10/2/2026,1210.0,1210.0,1210.0,1210.0,0.0,1.0,1320.9,1112.3
CIZBD90,12/21/2025,1233.0,1233.0,1233.0,1233.0,,40.0,1315.0,1010.0
CIZBD90,12/22/2025,1257.6,1257.6,1257.6,1257.6,2.0,25.0,1315.0,1010.0
CIZBD90,12/24/2025,1250.0,1250.0,1250.0,1250.0,-0.6,25.0,1315.0,1010.0
CIZBD90,12/29/2025,1236.0,1303.0,1236.0,1303.0,4.24,251.0,1315.0,1010.0
CIZBD90,1/1/2026,1277.0,1277.0,1277.0,1277.0,-2.0,30.0,1315.0,1010.0
CIZBD90,1/6/2026,1252.0,1252.0,1252.0,1252.0,-1.96,25.0,1315.0,1010.0
CIZBD90,1/8/2026,1242.0,1242.0,1242.0,1242.0,-0.8,55.0,1315.0,1010.0
CIZBD90,1/13/2026,1240.0,1240.0,1240.0,1240.0,-0.16,25.0,1315.0,1010.0
CIZBD90,2/5/2026,1216.0,1216.0,1216.0,1216.0,-1.94,25.0,1315.0,1010.0
CIZBD90,2/12/2026,1216.0,1239.8,1216.0,1264.0,3.95,54.0,1315.0,1010.0
CIZBD90,2/16/2026,1239.0,1239.0,1239.0,1239.0,-1.98,100.0,1315.0,1010.0
CIZBD90,2/17/2026,1214.5,1214.5,1187.0,1187.0,-4.2,136.0,1315.0,1010.0
CIZBD90,2/26/2026,1191.0,1210.0,1191.0,1210.0,1.94,50.0,1315.0,1010.0
CIZBD90,2/27/2026,1191.0,1210.0,1191.0,1210.0,0.0,50.0,1315.0,1010.0
CIZBD90,2/28/2026,1191.0,1210.0,1191.0,1210.0,0.0,50.0,1315.0,1010.0
CIZBD90,3/1/2026,1191.0,1210.0,1191.0,1210.0,0.0,50.0,1315.0,1010.0
CIZBD90,3/3/2026,1212.0,1212.0,1212.0,1212.0,0.17,25.0,1315.0,1010.0
CIZBD90,3/4/2026,1212.0,1212.0,1212.0,1212.0,0.0,25.0,1315.0,1010.0
CIZBD90,3/5/2026,1212.0,1212.0,1212.0,1212.0,0.0,25.0,1315.0,1010.0
CIZBD90,3/6/2026,1212.0,1212.0,1212.0,1212.0,0.0,25.0,1315.0,1010.0
CIZBD90,3/7/2026,1212.0,1212.0,1212.0,1212.0,0.0,25.0,1315.0,1010.0
CIZBD90,3/8/2026,1212.0,1212.0,1212.0,1212.0,0.0,25.0,1315.0,1010.0
CIZBD90,3/10/2026,1197.0,1198.0,1197.0,1198.0,-1.16,50.0,1315.0,1010.0
CIZBD90,3/22/2026,1198.0,1270.0,1198.0,1270.0,6.01,361.0,1315.0,1010.0
CIZBD90,3/30/2026,1250.0,1250.0,1250.0,1250.0,0.0,25.0,1315.0,1010.0
CIZBD90,4/1/2026,1250.0,1250.0,1250.0,1250.0,0.0,75.0,1315.0,1010.0
CIZBD90,4/6/2026,1274.0,1275.0,1240.0,1240.0,-2.67,155.0,1315.0,1010.0
CIZBD90,4/10/2026,1216.0,1216.0,1216.0,1216.0,0.0,25.0,1315.0,1010.0
CIZBD90,4/13/2026,1216.0,1240.3,1216.0,1240.3,2.0,35.0,1315.0,1010.0
CIZBD90,4/15/2026,1265.0,1265.0,1265.0,1265.0,0.0,15.0,1315.0,1010.0
CIZBD90,4/17/2026,1242.0,1242.0,1242.0,1242.0,0.0,25.0,1315.0,1010.0
CIZBD90,4/22/2026,1279.0,1279.0,1279.0,1279.0,0.0,25.0,1315.0,1010.0
CIZBD90,4/30/2026,1240.7,1240.7,1240.7,1277.9,3.0,30.0,1315.0,1010.0
CIZBD90,5/8/2026,1277.9,1277.9,1265.0,1265.0,-1.01,97.0,1315.0,1010.0
CIZBD90,5/12/2026,1227.7,1227.7,1227.7,1227.7,0.0,25.0,1315.0,1010.0
CIZBD90,5/13/2026,1197.0,1197.0,1157.0,1157.0,-3.34,50.0,1315.0,1010.0
CIZBD90,5/27/2026,1191.7,1195.0,1191.7,1195.0,0.28,1444.0,1315.0,1010.0
CIZBD90,6/1/2026,1210.0,1266.9,1210.0,1266.9,4.7,110.0,1315.0,1010.0
CIZBD90,6/2/2026,1230.0,1230.0,1230.0,1230.0,0.0,25.0,1315.0,1010.0
CIZBD90,6/3/2026,1266.9,1266.9,1266.9,1266.9,0.0,25.0,1315.0,1010.0
CIZBD90,6/10/2026,1300.0,1300.0,1300.0,1300.0,0.0,10.0,1315.0,1010.0
CIZBD90,6/12/2026,1261.0,1261.0,1188.0,1315.0,4.28,100933.0,1315.0,1010.0
CIZBD90,6/19/2026,1258.0,1258.0,1203.0,1203.0,-4.37,10355.0,1315.0,1010.0
CIZBD90,6/22/2026,1205.0,1205.0,1205.0,1205.0,0.0,25.0,1315.0,1010.0
CIZBD90,6/23/2026,1241.0,1241.0,1241.0,1241.0,0.0,15.0,1315.0,1010.0
CIZBD90,6/26/2026,1223.0,1223.0,1223.0,1223.0,0.0,2647.0,1315.0,1010.0
CIZBD90,6/29/2026,1200.0,1210.0,1200.0,1210.0,0.83,35.0,1315.0,1010.0
CIZBD90,6/30/2026,1240.0,1246.3,1202.8,1202.8,-3.0,150.0,1315.0,1010.0
CIZBD90,7/2/2026,1202.0,1202.0,1202.0,1202.0,0.0,25.0,1315.0,1010.0
CIZBD90,7/6/2026,1202.0,1202.0,1202.0,1202.0,0.0,50.0,1315.0,1010.0
CIZBD90,7/7/2026,1215.0,1215.0,1106.0,1106.0,-8.97,12270.0,1315.0,1010.0
CIZBD90,7/8/2026,1139.1,1150.0,1010.0,1204.1,5.71,93146.0,1315.0,1010.0
CIZBD90,7/10/2026,1210.0,1225.0,1195.0,1225.0,1.24,4705.0,1315.0,1010.0
CIZBD90,7/13/2026,1188.3,1189.6,1155.0,1175.0,-1.12,1295.0,1315.0,1010.0
CIZBD90,7/14/2026,1175.0,1210.0,1173.7,1210.0,2.98,3920.0,1315.0,1010.0
CIZBD90,7/15/2026,1224.0,1230.0,1224.0,1230.0,0.49,215.0,1315.0,1010.0
CIZBD90,7/16/2026,1225.0,1245.0,1210.0,1210.0,-1.22,101780.0,1315.0,1010.0
CIZBD90,7/17/2026,1175.0,1175.0,1175.0,1175.0,0.0,1900.0,1315.0,1010.0
CIZBD90,7/21/2026,1177.0,1215.0,1177.0,1215.0,3.23,75.0,1315.0,1010.0
CIZBD90,7/23/2026,1215.0,1240.0,1215.0,1240.0,2.06,450.0,1315.0,1010.0
CIZBD90,7/28/2026,1211.0,1220.0,1211.0,1211.0,0.0,145.0,1315.0,1010.0
CIZBD90,8/5/2026,1190.0,1190.0,1190.0,1190.0,0.0,25.0,1315.0,1010.0
CIZBD90,8/10/2026,1225.0,1225.7,1225.0,1225.7,0.06,125.0,1315.0,1010.0
CIZBD90,8/11/2026,1220.0,1220.0,1220.0,1220.0,0.0,25.0,1315.0,1010.0
CIZBD90,8/13/2026,1220.0,1220.0,1220.0,1220.0,0.0,50.0,1315.0,1010.0
CIZBD90,8/17/2026,1244.0,1253.0,1244.0,1253.0,0.72,125.0,1315.0,1010.0
CIZBD90,8/20/2026,1230.0,1230.0,1225.0,1225.0,-0.41,50.0,1315.0,1010.0
CIZBD90,8/25/2026,1250.0,1261.0,1250.0,1261.0,0.88,175.0,1315.0,1010.0
CIZBD90,8/26/2026,1250.0,1250.0,1250.0,1250.0,0.0,300.0,1315.0,1010.0
CIZBD90,8/27/2026,1225.0,1225.0,1225.0,1225.0,0.0,30.0,1315.0,1010.0
CIZBD90,9/3/2026,1259.0,1261.7,1259.0,1261.7,0.21,150.0,1315.0,1010.0
CIZBD90,9/7/2026,1225.0,1225.0,1225.0,1225.0,0.0,25.0,1315.0,1010.0
CIZBD90,9/9/2026,1225.0,1225.0,1225.0,1225.0,0.0,25.0,1315.0,1010.0
CIZBD90,10/1/2026,1215.5,1215.5,1215.5,1215.5,0.0,25.0,1315.0,1010.0
CKHL,12/21/2025,665.4,673.0,643.1,650.0,,17393.0,804.0,505.0
CKHL,12/22/2025,650.0,651.0,623.4,640.0,-1.54,9536.0,804.0,505.0
CKHL,12/23/2025,628.0,649.0,628.0,649.0,1.41,5334.0,804.0,505.0
CKHL,12/24/2025,637.0,651.0,628.0,639.0,-1.54,9557.0,804.0,505.0
CKHL,12/28/2025,627.0,652.8,625.0,650.0,1.72,9382.0,804.0,505.0
CKHL,12/29/2025,638.0,661.0,637.0,650.0,0.0,4261.0,804.0,505.0
CKHL,12/31/2025,637.0,668.0,637.0,665.0,2.31,10551.0,804.0,505.0
CKHL,1/1/2026,665.0,673.0,650.0,665.0,0.0,3966.0,804.0,505.0
CKHL,1/4/2026,660.0,660.0,647.0,659.0,-0.9,7903.0,804.0,505.0
CKHL,1/5/2026,645.9,671.0,645.9,663.9,0.74,4900.0,804.0,505.0
CKHL,1/6/2026,651.0,674.0,651.0,662.3,-0.24,10877.0,804.0,505.0
CKHL,1/7/2026,649.5,669.3,649.5,651.1,-1.69,6307.0,804.0,505.0
CKHL,1/8/2026,644.1,677.0,644.1,666.0,2.29,7920.0,804.0,505.0
CKHL,1/12/2026,652.7,671.1,652.7,652.7,-2.0,3051.0,804.0,505.0
CKHL,1/13/2026,645.0,665.0,645.0,660.0,1.12,5678.0,804.0,505.0
CKHL,1/14/2026,647.3,660.0,647.3,654.0,-0.91,6673.0,804.0,505.0
CKHL,1/18/2026,641.5,681.0,641.5,670.0,2.45,19413.0,804.0,505.0
CKHL,1/20/2026,680.0,682.9,667.0,677.0,1.04,14559.0,804.0,505.0
CKHL,1/21/2026,663.9,681.0,661.0,673.0,-0.59,6449.0,804.0,505.0
CKHL,1/22/2026,660.4,677.0,660.4,677.0,0.59,5672.0,804.0,505.0
CKHL,1/25/2026,664.6,719.0,664.6,716.4,5.82,35790.0,804.0,505.0
CKHL,1/26/2026,702.8,734.8,695.1,732.5,2.25,20151.0,804.0,505.0
CKHL,1/27/2026,718.3,735.0,704.0,726.5,-0.82,33607.0,804.0,505.0
CKHL,1/28/2026,712.7,748.0,706.0,730.0,0.48,17057.0,804.0,505.0
CKHL,1/29/2026,730.0,792.0,716.0,749.7,2.7,26116.0,804.0,505.0
CKHL,2/1/2026,735.2,749.8,714.0,724.8,-3.32,8909.0,804.0,505.0
CKHL,2/2/2026,711.6,797.0,698.0,744.0,2.65,13747.0,804.0,505.0
CKHL,2/3/2026,729.9,757.0,702.1,725.5,-2.49,14490.0,804.0,505.0
CKHL,2/4/2026,712.0,785.0,702.0,723.0,-0.34,11856.0,804.0,505.0
CKHL,2/5/2026,709.3,774.0,709.3,774.0,7.05,28300.0,804.0,505.0
CKHL,2/8/2026,759.3,804.0,751.0,751.0,-2.97,30521.0,804.0,505.0
CKHL,2/9/2026,736.9,795.0,735.0,738.0,-1.73,11613.0,804.0,505.0
CKHL,2/10/2026,723.9,782.0,720.0,720.0,-2.44,13202.0,804.0,505.0
CKHL,2/11/2026,706.3,736.4,695.0,700.0,-2.78,21519.0,804.0,505.0
CKHL,2/12/2026,688.0,733.0,686.0,699.0,-0.14,42672.0,804.0,505.0
CKHL,2/16/2026,686.0,740.0,686.0,699.0,0.0,5715.0,804.0,505.0
CKHL,2/17/2026,686.0,727.0,682.2,699.7,0.1,7425.0,804.0,505.0
CKHL,2/22/2026,686.0,699.7,680.2,680.2,-2.79,7992.0,804.0,505.0
CKHL,2/23/2026,667.3,717.0,661.3,674.2,-0.88,23501.0,804.0,505.0
CKHL,2/24/2026,687.6,715.0,662.0,675.0,0.12,8957.0,804.0,505.0
CKHL,2/25/2026,662.3,683.0,662.3,683.0,1.19,6559.0,804.0,505.0
CKHL,2/26/2026,669.9,685.0,669.9,685.0,0.29,6016.0,804.0,505.0
CKHL,2/27/2026,669.9,685.0,669.9,685.0,0.0,6016.0,804.0,505.0
CKHL,2/28/2026,669.9,685.0,669.9,685.0,0.0,6016.0,804.0,505.0
CKHL,3/2/2026,672.0,699.9,663.0,683.0,-0.29,3742.0,804.0,505.0
CKHL,3/3/2026,670.1,723.0,668.2,723.0,5.86,6212.0,804.0,505.0
CKHL,3/4/2026,670.1,723.0,668.2,723.0,0.0,6212.0,804.0,505.0
CKHL,3/5/2026,670.1,723.0,668.2,723.0,0.0,6212.0,804.0,505.0
CKHL,3/6/2026,670.1,723.0,668.2,723.0,0.0,6212.0,804.0,505.0
CKHL,3/7/2026,670.1,723.0,668.2,723.0,0.0,6212.0,804.0,505.0
CKHL,3/8/2026,670.1,723.0,668.2,723.0,0.0,6212.0,804.0,505.0
CKHL,3/9/2026,737.0,766.0,737.0,766.0,5.95,680.0,804.0,505.0
CKHL,3/10/2026,780.0,780.0,711.1,728.0,-4.96,21611.0,804.0,505.0
CKHL,3/11/2026,714.5,734.4,705.0,718.0,-1.37,10889.0,804.0,505.0
CKHL,3/12/2026,704.8,750.0,700.0,722.0,0.56,4576.0,804.0,505.0
CKHL,3/13/2026,704.8,750.0,700.0,722.0,0.0,4576.0,804.0,505.0
CKHL,3/14/2026,704.8,750.0,700.0,722.0,0.0,4576.0,804.0,505.0
CKHL,3/15/2026,708.4,749.0,700.0,708.5,-1.87,12257.0,804.0,505.0
CKHL,3/16/2026,695.2,745.0,695.2,738.0,4.16,8724.0,804.0,505.0
CKHL,3/17/2026,724.8,752.0,700.0,723.8,-1.92,7904.0,804.0,505.0
CKHL,3/18/2026,724.8,752.0,700.0,723.8,0.0,7904.0,804.0,505.0
CKHL,3/19/2026,710.0,783.0,700.0,744.0,2.79,15714.0,804.0,505.0
CKHL,3/20/2026,710.0,783.0,700.0,744.0,0.0,15714.0,804.0,505.0
CKHL,3/21/2026,710.0,783.0,700.0,744.0,0.0,15714.0,804.0,505.0
CKHL,3/22/2026,730.5,744.0,701.8,730.0,-1.88,11665.0,804.0,505.0
CKHL,3/23/2026,715.9,730.0,701.7,715.0,-2.05,6670.0,804.0,505.0
CKHL,3/24/2026,702.0,722.2,700.0,706.0,-1.26,11010.0,804.0,505.0
CKHL,3/25/2026,695.1,735.0,694.1,702.4,-0.51,5967.0,804.0,505.0
CKHL,3/26/2026,689.5,721.0,689.5,718.0,4.13,6657.0,804.0,505.0
CKHL,3/29/2026,704.5,717.5,694.0,694.0,-1.49,13130.0,804.0,505.0
CKHL,3/30/2026,680.9,705.9,680.9,705.9,3.67,6256.0,804.0,505.0
CKHL,3/31/2026,692.6,732.0,692.0,698.0,0.78,3580.0,804.0,505.0
CKHL,4/1/2026,685.0,698.5,660.9,697.0,1.75,6180.0,804.0,505.0
CKHL,4/2/2026,683.9,693.5,664.0,690.0,0.89,5915.0,804.0,505.0
CKHL,4/5/2026,686.0,686.0,637.0,637.0,-7.14,5945.0,804.0,505.0
CKHL,4/6/2026,625.3,700.7,625.3,694.6,11.08,45662.0,804.0,505.0
CKHL,4/7/2026,681.0,699.5,668.0,668.0,-1.91,5634.0,804.0,505.0
CKHL,4/8/2026,655.2,698.0,655.2,682.0,4.09,9439.0,804.0,505.0
CKHL,4/9/2026,669.0,725.0,669.0,699.0,4.48,7359.0,804.0,505.0
CKHL,4/10/2026,686.0,727.0,683.0,700.0,2.04,1421.0,804.0,505.0
CKHL,4/13/2026,687.1,730.0,674.0,714.0,3.92,6803.0,804.0,505.0
CKHL,4/15/2026,701.0,743.0,690.0,707.0,0.86,6713.0,804.0,505.0
CKHL,4/16/2026,693.0,714.0,680.0,700.0,1.01,3415.0,804.0,505.0
CKHL,4/17/2026,686.5,710.0,686.5,695.1,1.25,1628.0,804.0,505.0
CKHL,4/20/2026,680.0,700.0,665.0,689.1,1.34,1320.0,804.0,505.0
CKHL,4/21/2026,660.3,691.0,660.3,678.0,2.68,4948.0,804.0,505.0
CKHL,4/22/2026,650.2,699.0,650.2,683.5,5.12,17136.0,804.0,505.0
CKHL,4/23/2026,663.0,690.1,663.0,675.1,1.83,1970.0,804.0,505.0
CKHL,4/24/2026,642.0,708.0,642.0,688.0,7.17,3413.0,804.0,505.0
CKHL,4/27/2026,660.2,723.0,660.2,702.2,6.36,14898.0,804.0,505.0
CKHL,4/28/2026,682.3,714.7,682.3,697.0,2.15,2076.0,804.0,505.0
CKHL,4/29/2026,663.2,703.4,663.2,697.9,5.23,1220.0,804.0,505.0
CKHL,4/30/2026,680.2,699.0,680.2,699.0,2.76,1620.0,804.0,505.0
CKHL,5/4/2026,681.0,695.0,681.0,695.0,2.06,336.0,804.0,505.0
CKHL,5/5/2026,675.1,694.0,675.1,694.0,2.8,260.0,804.0,505.0
CKHL,5/6/2026,683.1,689.0,673.5,689.0,0.86,7137.0,804.0,505.0
CKHL,5/7/2026,672.0,690.0,672.0,683.0,1.64,520.0,804.0,505.0
CKHL,5/8/2026,672.1,685.0,670.1,675.0,0.43,1165.0,804.0,505.0
CKHL,5/11/2026,665.0,680.0,665.0,678.0,1.95,935.0,804.0,505.0
CKHL,5/12/2026,670.0,670.0,660.0,660.0,-1.49,1239.0,804.0,505.0
CKHL,5/13/2026,651.0,660.0,645.1,647.0,-0.61,881.0,804.0,505.0
CKHL,5/14/2026,641.1,655.0,630.1,643.5,0.37,2543.0,804.0,505.0
CKHL,5/15/2026,660.0,660.0,641.0,646.0,-2.12,1692.0,804.0,505.0
CKHL,5/18/2026,640.1,665.0,640.1,664.0,3.73,1540.0,804.0,505.0
CKHL,5/19/2026,646.0,665.0,646.0,665.0,2.94,140.0,804.0,505.0
CKHL,5/20/2026,650.1,670.0,650.1,670.0,3.06,210.0,804.0,505.0
CKHL,5/21/2026,655.0,669.5,655.0,669.5,2.21,2125.0,804.0,505.0
CKHL,5/22/2026,651.0,673.9,651.0,673.9,3.52,933.0,804.0,505.0
CKHL,5/25/2026,658.0,725.0,658.0,695.4,5.68,8006.0,804.0,505.0
CKHL,5/26/2026,675.0,716.0,675.0,694.0,2.81,1585.0,804.0,505.0
CKHL,5/27/2026,674.0,700.0,674.0,695.0,3.12,1620.0,804.0,505.0
CKHL,6/1/2026,729.7,729.7,675.0,675.0,-7.5,1706.0,804.0,505.0
CKHL,6/2/2026,656.0,680.0,656.0,675.0,2.9,710.0,804.0,505.0
CKHL,6/3/2026,695.2,695.2,674.4,675.0,-2.91,230.0,804.0,505.0
CKHL,6/4/2026,660.0,675.0,660.0,665.5,0.83,301.0,804.0,505.0
CKHL,6/5/2026,665.5,665.5,650.0,665.0,-0.08,2230.0,804.0,505.0
CKHL,6/8/2026,652.0,660.0,652.0,655.0,0.46,290.0,804.0,505.0
CKHL,6/9/2026,637.0,656.1,637.0,647.5,1.65,1295.0,804.0,505.0
CKHL,6/10/2026,638.0,652.9,638.0,651.0,2.04,1405.0,804.0,505.0
CKHL,6/11/2026,655.0,655.0,640.0,649.0,-0.92,552.0,804.0,505.0
CKHL,6/12/2026,639.0,647.0,619.0,647.0,1.25,835.0,804.0,505.0
CKHL,6/15/2026,630.0,646.0,630.0,646.0,2.54,710.0,804.0,505.0
CKHL,6/16/2026,640.0,640.0,630.1,640.0,0.0,663.0,804.0,505.0
CKHL,6/17/2026,621.0,647.5,621.0,647.5,4.27,382.0,804.0,505.0
CKHL,6/18/2026,629.3,652.0,629.2,642.0,2.02,740.0,804.0,505.0
CKHL,6/19/2026,630.0,642.0,625.0,642.0,1.9,729.0,804.0,505.0
CKHL,6/22/2026,622.8,645.0,622.0,645.0,3.56,215.0,804.0,505.0
CKHL,6/23/2026,626.0,639.9,622.0,639.9,2.22,2601.0,804.0,505.0
CKHL,6/24/2026,621.0,630.0,621.0,630.0,1.45,252.0,804.0,505.0
CKHL,6/26/2026,627.0,627.0,609.0,620.0,-1.12,597.0,804.0,505.0
CKHL,6/29/2026,610.0,610.0,586.0,600.0,-1.64,1724.0,804.0,505.0
CKHL,6/30/2026,586.1,599.0,586.0,599.0,2.2,291.0,804.0,505.0
CKHL,7/1/2026,615.0,633.0,585.1,610.0,-0.81,3079.0,804.0,505.0
CKHL,7/2/2026,601.0,609.0,592.0,609.0,1.33,375.0,804.0,505.0
CKHL,7/3/2026,622.0,622.0,590.0,600.0,-3.54,336.0,804.0,505.0
CKHL,7/6/2026,600.0,600.0,582.1,582.5,-2.92,893.0,804.0,505.0
CKHL,7/7/2026,570.0,593.0,570.0,593.0,4.04,1000.0,804.0,505.0
CKHL,7/8/2026,576.0,590.0,560.0,590.0,2.43,1190.0,804.0,505.0
CKHL,7/9/2026,572.4,587.0,561.1,582.4,1.75,1060.0,804.0,505.0
CKHL,7/10/2026,570.0,570.0,560.0,562.0,-1.4,310.0,804.0,505.0
CKHL,7/13/2026,577.0,577.0,530.0,539.0,-6.59,18075.0,804.0,505.0
CKHL,7/14/2026,525.0,542.5,525.0,542.5,3.33,915.0,804.0,505.0
CKHL,7/15/2026,542.5,558.0,532.0,558.0,2.86,904.0,804.0,505.0
CKHL,7/16/2026,531.0,638.0,531.0,638.0,20.15,32751.0,804.0,505.0
CKHL,7/17/2026,618.9,676.0,582.4,614.0,-0.79,5357.0,804.0,505.0
CKHL,7/20/2026,630.0,648.9,612.1,648.9,3.0,2519.0,804.0,505.0
CKHL,7/21/2026,635.0,649.9,615.0,620.1,-2.35,3014.0,804.0,505.0
CKHL,7/22/2026,607.1,629.2,593.7,604.9,-0.36,15236.0,804.0,505.0
CKHL,7/23/2026,622.9,623.0,589.0,622.0,-0.14,318.0,804.0,505.0
CKHL,7/24/2026,603.4,620.0,603.4,618.0,2.42,3274.0,804.0,505.0
CKHL,7/27/2026,588.0,621.0,588.0,614.7,4.54,2395.0,804.0,505.0
CKHL,7/28/2026,602.0,607.7,580.0,607.7,0.95,3742.0,804.0,505.0
CKHL,7/29/2026,589.5,624.0,572.0,585.0,-0.76,1497.0,804.0,505.0
CKHL,7/30/2026,585.0,601.5,571.0,588.0,0.51,273.0,804.0,505.0
CKHL,7/31/2026,570.4,605.6,570.4,605.6,6.17,943.0,804.0,505.0
CKHL,8/3/2026,604.0,606.9,586.9,597.0,-1.16,12069.0,804.0,505.0
CKHL,8/4/2026,579.1,593.3,575.1,593.3,2.45,715.0,804.0,505.0
CKHL,8/5/2026,575.8,593.0,575.8,592.9,2.97,1290.0,804.0,505.0
CKHL,8/6/2026,575.2,581.9,575.2,578.2,0.52,633.0,804.0,505.0
CKHL,8/7/2026,561.5,585.0,561.5,584.0,4.01,672.0,804.0,505.0
CKHL,8/10/2026,593.9,600.0,568.5,581.0,-2.17,16440.0,804.0,505.0
CKHL,8/11/2026,565.0,621.6,565.0,599.0,6.02,21398.0,804.0,505.0
CKHL,8/12/2026,582.0,609.0,571.0,609.0,4.64,1641.0,804.0,505.0
CKHL,8/13/2026,595.0,612.0,581.0,610.0,2.52,3805.0,804.0,505.0
CKHL,8/14/2026,581.0,603.0,581.0,600.6,3.37,2230.0,804.0,505.0
CKHL,8/17/2026,583.0,612.0,583.0,596.6,2.33,970.0,804.0,505.0
CKHL,8/18/2026,595.0,599.0,580.0,599.0,0.67,1547.0,804.0,505.0
CKHL,8/19/2026,582.0,595.0,582.0,595.0,2.23,130.0,804.0,505.0
CKHL,8/20/2026,580.0,590.0,577.0,588.0,1.38,120.0,804.0,505.0
CKHL,8/21/2026,576.0,595.3,576.0,595.3,3.35,1815.0,804.0,505.0
CKHL,8/24/2026,578.0,590.5,578.0,590.5,2.16,618.0,804.0,505.0
CKHL,8/25/2026,580.0,594.5,580.0,594.5,2.5,608.0,804.0,505.0
CKHL,8/26/2026,580.0,593.5,577.0,577.5,-0.43,540.0,804.0,505.0
CKHL,8/27/2026,561.0,575.0,560.5,575.0,2.5,210.0,804.0,505.0
CKHL,8/31/2026,558.0,558.1,552.1,553.1,-0.88,200.0,804.0,505.0
CKHL,9/1/2026,545.0,560.0,545.0,551.0,1.1,891.0,804.0,505.0
CKHL,9/2/2026,551.0,567.0,544.3,566.5,2.81,570.0,804.0,505.0
CKHL,9/3/2026,577.0,615.0,549.6,615.0,6.59,646.0,804.0,505.0
CKHL,9/7/2026,585.0,636.0,585.0,591.0,1.03,1942.0,804.0,505.0
CKHL,9/9/2026,575.0,593.0,573.3,593.0,3.13,808.0,804.0,505.0
CKHL,9/10/2026,575.4,588.0,575.3,588.0,2.19,80.0,804.0,505.0
CKHL,9/11/2026,574.0,588.0,573.0,588.0,2.44,989.0,804.0,505.0
CKHL,9/14/2026,590.0,599.7,571.2,590.0,0.0,440.0,804.0,505.0
CKHL,9/15/2026,619.0,619.0,590.0,605.0,-2.26,1305.0,804.0,505.0
CKHL,9/16/2026,575.0,608.0,575.0,599.3,4.23,1045.0,804.0,505.0
CKHL,9/17/2026,599.3,635.0,581.4,597.0,-0.38,3682.0,804.0,505.0
CKHL,9/18/2026,580.0,612.8,580.0,596.0,2.76,1830.0,804.0,505.0
CKHL,9/22/2026,579.0,613.0,555.1,588.0,1.55,2379.0,804.0,505.0
CKHL,9/23/2026,570.4,589.0,553.4,587.0,2.91,2869.0,804.0,505.0
CKHL,9/24/2026,600.9,600.9,568.1,582.4,-3.08,1420.0,804.0,505.0
CKHL,9/28/2026,573.0,574.8,558.1,570.0,-0.52,5495.0,804.0,505.0
CKHL,9/29/2026,542.0,574.0,525.8,0.0,-100.0,7638.0,804.0,505.0
CKHL,9/30/2026,539.0,554.6,522.9,535.0,-0.74,1557.0,804.0,505.0
CKHL,10/1/2026,520.0,535.0,505.0,533.0,2.5,5307.0,804.0,505.0
CKHL,10/2/2026,527.0,527.0,515.0,524.9,-0.4,971.0,804.0,505.0
CLI,12/21/2025,519.9,523.0,513.5,516.0,,123345.0,526.0,410.0
CLI,12/22/2025,513.5,522.0,512.2,519.0,0.58,137877.0,526.0,410.0
CLI,12/23/2025,508.7,508.7,483.0,488.0,-5.97,103198.0,526.0,410.0
CLI,12/24/2025,497.7,497.7,470.0,471.5,-3.38,67041.0,526.0,410.0
CLI,12/28/2025,471.0,480.0,465.2,473.1,0.34,69482.0,526.0,410.0
CLI,12/29/2025,482.5,482.5,466.0,467.9,-1.1,36302.0,526.0,410.0
CLI,12/31/2025,477.2,477.5,468.2,470.0,0.45,38232.0,526.0,410.0
CLI,1/1/2026,473.0,473.0,464.2,467.0,-0.64,38469.0,526.0,410.0
CLI,1/4/2026,470.0,470.0,461.0,464.8,-0.47,23596.0,526.0,410.0
CLI,1/5/2026,464.8,468.0,461.4,467.0,0.47,32647.0,526.0,410.0
CLI,1/6/2026,467.0,476.0,464.0,473.9,1.48,42620.0,526.0,410.0
CLI,1/7/2026,470.1,480.0,468.3,479.9,1.27,40390.0,526.0,410.0
CLI,1/8/2026,472.5,483.0,472.4,479.0,-0.19,33195.0,526.0,410.0
CLI,1/12/2026,471.2,480.0,471.1,475.5,-0.73,47799.0,526.0,410.0
CLI,1/13/2026,471.0,475.0,471.0,475.0,-0.11,30707.0,526.0,410.0
CLI,1/14/2026,475.0,480.0,471.5,474.0,-0.21,25644.0,526.0,410.0
CLI,1/18/2026,472.1,480.0,471.5,476.9,0.61,29464.0,526.0,410.0
CLI,1/20/2026,485.0,486.4,478.0,480.5,0.75,59499.0,526.0,410.0
CLI,1/21/2026,483.0,490.0,474.0,474.6,-1.23,32863.0,526.0,410.0
CLI,1/22/2026,474.0,477.0,470.0,476.0,0.29,19471.0,526.0,410.0
CLI,1/25/2026,476.0,484.0,473.2,482.0,1.26,57147.0,526.0,410.0
CLI,1/26/2026,482.0,493.0,480.2,486.0,0.83,62452.0,526.0,410.0
CLI,1/27/2026,481.0,490.0,477.0,479.8,-1.28,44867.0,526.0,410.0
CLI,1/28/2026,475.0,482.0,475.0,477.3,-0.52,29616.0,526.0,410.0
CLI,1/29/2026,475.0,483.0,472.8,474.1,-0.67,31671.0,526.0,410.0
CLI,2/1/2026,471.6,475.0,468.0,472.0,-0.44,28836.0,526.0,410.0
CLI,2/2/2026,472.0,475.0,465.3,468.5,-0.74,15315.0,526.0,410.0
CLI,2/3/2026,469.2,473.0,465.0,465.2,-0.7,27227.0,526.0,410.0
CLI,2/4/2026,462.0,470.0,462.0,470.0,1.03,19319.0,526.0,410.0
CLI,2/5/2026,468.0,474.0,466.2,473.0,0.64,20837.0,526.0,410.0
CLI,2/8/2026,473.0,478.0,466.2,471.8,-0.25,21293.0,526.0,410.0
CLI,2/9/2026,471.8,471.8,465.0,465.1,-1.42,31226.0,526.0,410.0
CLI,2/10/2026,463.3,466.0,462.2,462.5,-0.56,15691.0,526.0,410.0
CLI,2/11/2026,462.5,469.9,461.9,462.1,-0.09,12674.0,526.0,410.0
CLI,2/12/2026,462.6,467.0,459.2,464.0,0.41,27426.0,526.0,410.0
CLI,2/16/2026,459.2,466.0,459.0,460.0,-0.86,17216.0,526.0,410.0
CLI,2/17/2026,460.0,463.7,456.3,456.9,-0.67,18647.0,526.0,410.0
CLI,2/22/2026,454.0,457.0,450.1,452.0,-1.07,19375.0,526.0,410.0
CLI,2/23/2026,447.0,457.0,447.0,455.0,0.66,12983.0,526.0,410.0
CLI,2/24/2026,455.0,462.0,450.0,462.0,1.54,18695.0,526.0,410.0
CLI,2/25/2026,456.1,472.2,456.1,471.0,1.95,19924.0,526.0,410.0
CLI,2/26/2026,462.1,474.3,462.1,474.0,0.64,13648.0,526.0,410.0
CLI,2/27/2026,462.1,474.3,462.1,474.0,0.0,13648.0,526.0,410.0
CLI,2/28/2026,462.1,474.3,462.1,474.0,0.0,13648.0,526.0,410.0
CLI,3/2/2026,470.0,474.5,453.0,469.0,-1.05,20615.0,526.0,410.0
CLI,3/3/2026,470.0,474.9,462.1,473.8,1.02,15877.0,526.0,410.0
CLI,3/4/2026,470.0,474.9,462.1,473.8,0.0,15877.0,526.0,410.0
CLI,3/5/2026,470.0,474.9,462.1,473.8,0.0,15877.0,526.0,410.0
CLI,3/6/2026,470.0,474.9,462.1,473.8,0.0,15877.0,526.0,410.0
CLI,3/7/2026,470.0,474.9,462.1,473.8,0.0,15877.0,526.0,410.0
CLI,3/8/2026,470.0,474.9,462.1,473.8,0.0,15877.0,526.0,410.0
CLI,3/9/2026,483.2,492.8,483.2,492.8,4.01,1010.0,526.0,410.0
CLI,3/10/2026,502.0,502.0,483.0,495.0,0.45,86553.0,526.0,410.0
CLI,3/11/2026,495.0,497.3,484.0,486.0,-1.82,25020.0,526.0,410.0
CLI,3/12/2026,480.0,492.0,480.0,485.1,-0.19,19593.0,526.0,410.0
CLI,3/13/2026,480.0,492.0,480.0,485.1,0.0,19593.0,526.0,410.0
CLI,3/14/2026,480.0,492.0,480.0,485.1,0.0,19593.0,526.0,410.0
CLI,3/15/2026,481.0,490.0,481.0,484.2,-0.19,20602.0,526.0,410.0
CLI,3/16/2026,481.0,484.9,473.5,480.0,-0.87,32513.0,526.0,410.0
CLI,3/17/2026,475.0,479.9,475.0,478.7,-0.27,12040.0,526.0,410.0
CLI,3/18/2026,475.0,479.9,475.0,478.7,0.0,12040.0,526.0,410.0
CLI,3/19/2026,475.0,491.9,475.0,490.0,2.36,55838.0,526.0,410.0
CLI,3/20/2026,475.0,491.9,475.0,490.0,0.0,55838.0,526.0,410.0
CLI,3/21/2026,475.0,491.9,475.0,490.0,0.0,55838.0,526.0,410.0
CLI,3/22/2026,495.0,502.4,488.0,502.0,2.45,73644.0,526.0,410.0
CLI,3/23/2026,503.0,511.0,496.1,500.0,-0.4,43211.0,526.0,410.0
CLI,3/24/2026,496.0,500.0,491.0,498.0,-0.4,39060.0,526.0,410.0
CLI,3/25/2026,490.0,499.0,490.0,490.3,-1.55,41452.0,526.0,410.0
CLI,3/26/2026,486.0,494.8,486.0,491.0,1.03,19843.0,526.0,410.0
CLI,3/29/2026,492.0,492.0,480.5,481.0,-2.24,39927.0,526.0,410.0
CLI,3/30/2026,490.0,490.0,472.1,474.8,-3.1,24301.0,526.0,410.0
CLI,3/31/2026,472.0,480.0,467.2,479.9,1.67,21955.0,526.0,410.0
CLI,4/1/2026,475.0,480.0,466.0,470.5,-0.95,33633.0,526.0,410.0
CLI,4/2/2026,466.0,470.0,460.0,467.1,0.24,19783.0,526.0,410.0
CLI,4/5/2026,461.1,463.9,453.0,454.0,-1.54,48556.0,526.0,410.0
CLI,4/6/2026,450.0,468.9,450.0,468.0,4.0,19674.0,526.0,410.0
CLI,4/7/2026,467.0,475.5,465.5,466.0,-0.21,12120.0,526.0,410.0
CLI,4/8/2026,465.0,469.0,457.1,467.0,0.43,9911.0,526.0,410.0
CLI,4/9/2026,467.0,473.0,467.0,472.0,1.07,14718.0,526.0,410.0
CLI,4/10/2026,472.0,475.0,465.0,468.5,-0.74,9688.0,526.0,410.0
CLI,4/13/2026,468.5,468.5,461.1,466.0,-0.53,11890.0,526.0,410.0
CLI,4/15/2026,466.0,470.0,461.2,467.0,0.21,14824.0,526.0,410.0
CLI,4/16/2026,467.0,470.0,463.0,464.0,-0.64,13096.0,526.0,410.0
CLI,4/17/2026,460.0,466.5,460.0,465.0,1.09,15161.0,526.0,410.0
CLI,4/20/2026,465.0,465.0,460.2,463.8,-0.26,9333.0,526.0,410.0
CLI,4/21/2026,461.0,465.0,460.0,463.0,0.43,10134.0,526.0,410.0
CLI,4/22/2026,460.1,463.0,455.0,458.2,-0.41,19796.0,526.0,410.0
CLI,4/23/2026,455.0,457.8,452.0,456.3,0.29,9923.0,526.0,410.0
CLI,4/24/2026,450.1,460.0,450.1,459.0,1.98,10823.0,526.0,410.0
CLI,4/27/2026,459.0,465.0,455.0,457.0,-0.44,16827.0,526.0,410.0
CLI,4/28/2026,457.0,461.0,455.0,456.1,-0.2,10338.0,526.0,410.0
CLI,4/29/2026,456.1,456.5,453.0,454.0,-0.46,8046.0,526.0,410.0
CLI,4/30/2026,449.0,455.0,448.2,452.6,0.8,13491.0,526.0,410.0
CLI,5/4/2026,445.1,453.0,445.1,450.0,1.1,14901.0,526.0,410.0
CLI,5/5/2026,448.3,453.0,448.2,453.0,1.05,6340.0,526.0,410.0
CLI,5/6/2026,449.2,451.0,449.2,450.9,0.38,5213.0,526.0,410.0
CLI,5/7/2026,450.9,459.0,447.1,452.0,0.24,5216.0,526.0,410.0
CLI,5/8/2026,452.0,458.0,452.0,456.0,0.88,6678.0,526.0,410.0
CLI,5/11/2026,456.0,459.9,454.0,459.5,0.77,9558.0,526.0,410.0
CLI,5/12/2026,466.0,466.0,455.7,456.0,-2.15,9348.0,526.0,410.0
CLI,5/13/2026,455.0,456.0,450.3,455.0,0.0,8957.0,526.0,410.0
CLI,5/14/2026,451.7,455.0,451.7,452.8,0.24,4247.0,526.0,410.0
CLI,5/15/2026,451.8,459.5,451.8,455.0,0.71,17123.0,526.0,410.0
CLI,5/18/2026,453.0,455.9,451.1,451.6,-0.31,16397.0,526.0,410.0
CLI,5/19/2026,450.0,453.0,450.0,451.6,0.36,10197.0,526.0,410.0
CLI,5/20/2026,450.0,456.0,450.0,454.5,1.0,7673.0,526.0,410.0
CLI,5/21/2026,452.2,456.0,452.2,454.0,0.4,3535.0,526.0,410.0
CLI,5/22/2026,452.0,455.0,451.2,452.0,0.0,9306.0,526.0,410.0
CLI,5/25/2026,452.0,459.8,452.0,456.2,0.93,20675.0,526.0,410.0
CLI,5/26/2026,455.0,460.0,454.0,457.0,0.44,20764.0,526.0,410.0
CLI,5/27/2026,456.8,459.0,454.5,458.0,0.26,10262.0,526.0,410.0
CLI,6/1/2026,450.0,460.0,450.0,455.0,1.11,16729.0,526.0,410.0
CLI,6/2/2026,452.4,459.0,452.3,454.3,0.42,18928.0,526.0,410.0
CLI,6/3/2026,455.0,470.0,453.3,466.9,2.62,36787.0,526.0,410.0
CLI,6/4/2026,470.0,470.9,463.7,466.0,-0.85,23485.0,526.0,410.0
CLI,6/5/2026,464.7,465.5,457.1,465.5,0.17,14320.0,526.0,410.0
CLI,6/8/2026,460.0,465.1,457.3,457.3,-0.59,13332.0,526.0,410.0
CLI,6/9/2026,457.1,458.0,454.1,455.5,-0.35,13863.0,526.0,410.0
CLI,6/10/2026,454.3,457.8,454.0,455.0,0.15,16135.0,526.0,410.0
CLI,6/11/2026,455.0,456.9,454.1,454.2,-0.18,14763.0,526.0,410.0
CLI,6/12/2026,452.0,456.0,452.0,455.0,0.66,13285.0,526.0,410.0
CLI,6/15/2026,455.0,455.0,451.0,451.0,-0.88,16823.0,526.0,410.0
CLI,6/16/2026,450.2,455.0,450.2,452.0,0.4,9140.0,526.0,410.0
CLI,6/17/2026,450.0,455.0,450.0,452.5,0.56,7237.0,526.0,410.0
CLI,6/18/2026,451.2,453.0,451.2,453.0,0.4,2482.0,526.0,410.0
CLI,6/19/2026,450.2,455.0,450.2,452.0,0.4,13767.0,526.0,410.0
CLI,6/22/2026,450.0,453.5,450.0,450.2,0.04,13646.0,526.0,410.0
CLI,6/23/2026,445.0,452.0,445.0,450.9,1.33,8913.0,526.0,410.0
CLI,6/24/2026,450.1,453.0,446.0,447.7,-0.53,18636.0,526.0,410.0
CLI,6/26/2026,448.2,450.0,447.0,447.5,-0.16,7226.0,526.0,410.0
CLI,6/29/2026,447.5,450.0,440.7,445.0,-0.56,6274.0,526.0,410.0
CLI,6/30/2026,442.0,449.0,441.1,443.0,0.23,11086.0,526.0,410.0
CLI,7/1/2026,440.0,451.9,440.0,448.0,1.82,8478.0,526.0,410.0
CLI,7/2/2026,448.0,453.0,446.2,451.0,0.67,7338.0,526.0,410.0
CLI,7/3/2026,445.3,452.0,445.3,448.9,0.81,6174.0,526.0,410.0
CLI,7/6/2026,444.0,452.0,444.0,451.9,1.78,5660.0,526.0,410.0
CLI,7/7/2026,445.0,458.0,445.0,458.0,2.92,7869.0,526.0,410.0
CLI,7/8/2026,458.0,458.0,444.0,449.0,-1.97,9139.0,526.0,410.0
CLI,7/9/2026,444.0,449.0,441.5,444.0,0.0,8752.0,526.0,410.0
CLI,7/10/2026,441.0,445.0,441.0,444.9,0.88,3912.0,526.0,410.0
CLI,7/13/2026,444.0,450.0,435.1,436.0,-1.8,17029.0,526.0,410.0
CLI,7/14/2026,436.0,442.0,429.3,436.0,0.0,10212.0,526.0,410.0
CLI,7/15/2026,434.1,442.0,434.1,438.9,1.11,11976.0,526.0,410.0
CLI,7/16/2026,435.0,443.0,435.0,435.1,0.02,4932.0,526.0,410.0
CLI,7/17/2026,435.1,457.0,433.0,451.0,3.65,4003.0,526.0,410.0
CLI,7/20/2026,450.0,457.9,441.0,457.5,1.67,10614.0,526.0,410.0
CLI,7/21/2026,464.6,464.6,450.3,451.5,-2.82,13496.0,526.0,410.0
CLI,7/22/2026,429.0,453.0,429.0,450.0,4.9,5568.0,526.0,410.0
CLI,7/23/2026,442.2,455.0,442.0,455.0,2.89,10896.0,526.0,410.0
CLI,7/24/2026,443.3,460.2,443.3,454.0,2.41,11247.0,526.0,410.0
CLI,7/27/2026,450.3,459.9,450.3,453.0,0.6,29516.0,526.0,410.0
CLI,7/28/2026,445.5,454.0,445.5,450.0,1.01,4683.0,526.0,410.0
CLI,7/29/2026,441.0,455.0,441.0,447.0,1.36,14371.0,526.0,410.0
CLI,7/30/2026,425.0,446.1,425.0,444.3,4.54,6750.0,526.0,410.0
CLI,7/31/2026,441.0,448.0,441.0,448.0,1.59,9671.0,526.0,410.0
CLI,8/3/2026,442.0,450.0,442.0,448.5,1.47,6668.0,526.0,410.0
CLI,8/4/2026,444.0,445.2,443.0,443.0,-0.23,4862.0,526.0,410.0
CLI,8/5/2026,443.0,448.0,441.6,445.8,0.63,6235.0,526.0,410.0
CLI,8/6/2026,442.0,445.0,440.0,440.1,-0.43,6652.0,526.0,410.0
CLI,8/7/2026,440.0,446.0,435.1,443.9,0.89,18558.0,526.0,410.0
CLI,8/10/2026,442.0,442.0,436.3,440.0,-0.45,4963.0,526.0,410.0
CLI,8/11/2026,435.2,439.9,435.0,437.2,0.46,6889.0,526.0,410.0
CLI,8/12/2026,437.2,437.2,430.0,432.0,-1.19,21143.0,526.0,410.0
CLI,8/13/2026,430.0,433.0,428.0,432.0,0.47,9320.0,526.0,410.0
CLI,8/14/2026,433.0,442.0,432.1,440.0,1.62,14215.0,526.0,410.0
CLI,8/17/2026,440.0,443.9,434.5,439.4,-0.14,6976.0,526.0,410.0
CLI,8/18/2026,435.0,439.0,435.0,438.8,0.87,6645.0,526.0,410.0
CLI,8/19/2026,438.0,438.0,433.0,435.0,-0.68,11805.0,526.0,410.0
CLI,8/20/2026,435.0,442.0,429.1,440.0,1.15,15739.0,526.0,410.0
CLI,8/21/2026,462.0,462.0,429.4,430.0,-6.93,16441.0,526.0,410.0
CLI,8/24/2026,430.0,432.0,426.0,426.5,-0.81,5124.0,526.0,410.0
CLI,8/25/2026,425.0,439.0,424.0,426.0,0.24,8403.0,526.0,410.0
CLI,8/26/2026,425.0,425.0,416.1,419.0,-1.41,10136.0,526.0,410.0
CLI,8/27/2026,412.5,420.0,412.5,417.1,1.12,4575.0,526.0,410.0
CLI,8/31/2026,415.0,417.0,412.3,412.3,-0.65,6700.0,526.0,410.0
CLI,9/1/2026,412.0,419.9,410.2,419.0,1.7,7586.0,526.0,410.0
CLI,9/2/2026,415.0,419.9,411.1,412.2,-0.67,8136.0,526.0,410.0
CLI,9/3/2026,412.1,416.0,411.3,415.0,0.7,5103.0,526.0,410.0
CLI,9/7/2026,412.0,417.9,412.0,413.1,0.27,11366.0,526.0,410.0
CLI,9/9/2026,414.0,419.0,413.0,413.0,-0.24,12524.0,526.0,410.0
CLI,9/10/2026,413.5,413.5,410.1,411.0,-0.6,15595.0,526.0,410.0
CLI,9/11/2026,412.0,419.9,410.0,415.0,0.73,15310.0,526.0,410.0
CLI,9/14/2026,412.0,425.0,412.0,425.0,3.16,23906.0,526.0,410.0
CLI,9/15/2026,446.0,446.0,431.0,436.5,-2.13,16589.0,526.0,410.0
CLI,9/16/2026,440.0,440.5,426.0,428.0,-2.73,13628.0,526.0,410.0
CLI,9/17/2026,428.0,435.4,428.0,433.0,1.17,12932.0,526.0,410.0
CLI,9/18/2026,427.0,443.0,427.0,439.9,3.02,22667.0,526.0,410.0
CLI,9/22/2026,439.0,444.2,435.0,440.2,0.27,25764.0,526.0,410.0
CLI,9/23/2026,438.0,440.0,435.0,436.0,-0.46,9186.0,526.0,410.0
CLI,9/24/2026,435.0,440.0,432.4,440.0,1.15,6166.0,526.0,410.0
CLI,9/28/2026,434.0,450.0,434.0,438.6,1.06,21048.0,526.0,410.0
CLI,9/29/2026,460.5,460.5,431.0,0.0,-100.0,12089.0,526.0,410.0
CLI,9/30/2026,435.9,437.5,433.0,437.0,0.25,8021.0,526.0,410.0
CLI,10/1/2026,437.0,438.0,432.1,436.0,-0.23,6274.0,526.0,410.0
CLI,10/2/2026,432.5,435.0,430.1,433.0,0.12,8728.0,526.0,410.0
CMF2,1/26/2026,9.72,9.9,9.72,9.9,,1100.0,10.86,8.64
CMF2,1/27/2026,9.72,9.72,9.72,9.72,-1.82,500.0,10.86,8.64
CMF2,1/28/2026,9.71,9.71,9.71,9.71,-0.1,100.0,10.86,8.64
CMF2,1/29/2026,9.9,10.0,9.8,10.0,2.99,5000.0,10.86,8.64
CMF2,2/1/2026,9.81,9.83,9.81,9.83,-1.7,400.0,10.86,8.64
CMF2,2/2/2026,9.87,10.08,9.87,9.97,1.42,7341.0,10.86,8.64
CMF2,2/3/2026,9.79,10.16,9.79,10.16,1.91,7036.0,10.86,8.64
CMF2,2/4/2026,10.16,10.16,10.16,10.16,0.0,2500.0,10.86,8.64
CMF2,2/5/2026,10.15,10.16,10.15,10.16,0.0,22264.0,10.86,8.64
CMF2,2/8/2026,10.0,10.2,10.0,10.05,-1.08,11370.0,10.86,8.64
CMF2,2/9/2026,10.25,10.25,10.1,10.1,0.5,2290.0,10.86,8.64
CMF2,2/10/2026,9.92,10.11,9.92,10.01,-0.89,8295.0,10.86,8.64
CMF2,2/11/2026,9.83,9.83,9.83,9.83,-1.8,100.0,10.86,8.64
CMF2,2/12/2026,9.83,9.83,9.83,9.83,0.0,2500.0,10.86,8.64
CMF2,2/16/2026,9.86,9.9,9.86,9.86,0.31,1300.0,10.86,8.64
CMF2,2/17/2026,10.05,10.2,10.0,10.2,3.45,2810.0,10.86,8.64
CMF2,2/22/2026,10.2,10.2,10.2,10.2,0.0,169.0,10.86,8.64
CMF2,2/23/2026,10.0,10.0,9.86,9.87,-3.24,30325.0,10.86,8.64
CMF2,2/24/2026,9.86,9.86,9.86,9.86,-0.1,200.0,10.86,8.64
CMF2,2/25/2026,9.85,10.18,9.85,10.18,3.25,4369.0,10.86,8.64
CMF2,2/26/2026,10.23,10.24,10.23,10.24,0.59,279.0,10.86,8.64
CMF2,2/27/2026,10.23,10.24,10.23,10.24,0.0,279.0,10.86,8.64
CMF2,2/28/2026,10.23,10.24,10.23,10.24,0.0,279.0,10.86,8.64
CMF2,3/2/2026,10.04,10.23,10.04,10.23,-0.1,400.0,10.86,8.64
CMF2,3/3/2026,10.05,10.1,10.05,10.1,-1.27,35325.0,10.86,8.64
CMF2,3/4/2026,10.05,10.1,10.05,10.1,0.0,35325.0,10.86,8.64
CMF2,3/5/2026,10.05,10.1,10.05,10.1,0.0,35325.0,10.86,8.64
CMF2,3/6/2026,10.05,10.1,10.05,10.1,0.0,35325.0,10.86,8.64
CMF2,3/7/2026,10.05,10.1,10.05,10.1,0.0,35325.0,10.86,8.64
CMF2,3/8/2026,10.05,10.1,10.05,10.1,0.0,35325.0,10.86,8.64
CMF2,3/10/2026,10.1,10.58,10.03,10.32,2.18,27538.0,10.86,8.64
CMF2,3/11/2026,10.3,10.45,10.2,10.45,1.26,14800.0,10.86,8.64
CMF2,3/12/2026,10.4,10.4,10.2,10.25,-1.91,10591.0,10.86,8.64
CMF2,3/13/2026,10.4,10.4,10.2,10.25,0.0,10591.0,10.86,8.64
CMF2,3/14/2026,10.4,10.4,10.2,10.25,0.0,10591.0,10.86,8.64
CMF2,3/15/2026,10.25,10.4,10.2,10.4,1.46,15547.0,10.86,8.64
CMF2,3/16/2026,10.2,10.2,10.01,10.02,-3.65,10200.0,10.86,8.64
CMF2,3/17/2026,10.07,10.22,10.07,10.22,2.0,35225.0,10.86,8.64
CMF2,3/18/2026,10.07,10.22,10.07,10.22,0.0,35225.0,10.86,8.64
CMF2,3/19/2026,10.03,10.22,10.03,10.22,0.0,7150.0,10.86,8.64
CMF2,3/20/2026,10.03,10.22,10.03,10.22,0.0,7150.0,10.86,8.64
CMF2,3/21/2026,10.03,10.22,10.03,10.22,0.0,7150.0,10.86,8.64
CMF2,3/22/2026,10.1,10.42,10.1,10.31,0.88,12414.0,10.86,8.64
CMF2,3/23/2026,10.18,10.46,10.18,10.46,1.45,2598.0,10.86,8.64
CMF2,3/24/2026,10.3,10.5,10.3,10.31,-1.43,11436.0,10.86,8.64
CMF2,3/25/2026,10.31,10.4,10.31,10.35,0.39,22213.0,10.86,8.64
CMF2,3/26/2026,10.3,10.36,10.3,10.36,0.58,37280.0,10.86,8.64
CMF2,3/29/2026,10.38,10.38,10.37,10.37,-0.1,66000.0,10.86,8.64
CMF2,3/30/2026,10.49,10.49,10.26,10.3,-1.81,28140.0,10.86,8.64
CMF2,3/31/2026,10.21,10.47,10.21,10.47,2.55,10909.0,10.86,8.64
CMF2,4/1/2026,10.27,10.27,10.13,10.13,-1.36,14350.0,10.86,8.64
CMF2,4/2/2026,10.15,10.15,10.12,10.13,-0.2,2410.0,10.86,8.64
CMF2,4/5/2026,10.32,10.32,9.93,9.94,-3.68,31550.0,10.86,8.64
CMF2,4/6/2026,10.05,10.05,9.92,9.92,-1.29,6110.0,10.86,8.64
CMF2,4/7/2026,9.92,10.11,9.92,10.11,1.92,1100.0,10.86,8.64
CMF2,4/8/2026,10.11,10.3,10.11,10.11,0.0,505.0,10.86,8.64
CMF2,4/9/2026,10.0,10.19,10.0,10.19,1.9,300.0,10.86,8.64
CMF2,4/10/2026,10.39,10.39,10.03,10.21,-1.73,3600.0,10.86,8.64
CMF2,4/13/2026,10.3,10.42,10.23,10.42,1.17,26360.0,10.86,8.64
CMF2,4/15/2026,10.26,10.26,10.26,10.26,0.0,100.0,10.86,8.64
CMF2,4/16/2026,10.26,10.26,10.26,10.26,0.0,100.0,10.86,8.64
CMF2,4/17/2026,10.2,10.2,10.2,10.2,0.0,7469.0,10.86,8.64
CMF2,4/21/2026,10.03,10.5,10.03,10.07,0.4,21600.0,10.86,8.64
CMF2,4/22/2026,9.81,10.0,9.81,10.0,1.94,985.0,10.86,8.64
CMF2,4/24/2026,10.0,9.9,9.9,9.9,-1.0,100.0,10.86,8.64
CMF2,4/27/2026,9.9,9.91,9.63,9.86,-0.4,1525.0,10.86,8.64
CMF2,4/28/2026,9.86,10.1,10.1,10.1,2.43,100.0,10.86,8.64
CMF2,4/29/2026,10.1,9.99,9.83,9.85,-2.48,12644.0,10.86,8.64
CMF2,5/4/2026,9.8,9.8,9.8,9.8,0.0,1000.0,10.86,8.64
CMF2,5/6/2026,9.8,9.8,9.8,9.8,0.0,4825.0,10.86,8.64
CMF2,5/8/2026,10.0,10.0,10.0,10.0,0.0,300.0,10.86,8.64
CMF2,5/11/2026,9.72,10.01,9.72,10.0,2.88,3835.0,10.86,8.64
CMF2,5/12/2026,10.3,10.3,10.01,10.01,-2.82,7640.0,10.86,8.64
CMF2,5/13/2026,10.01,10.1,9.91,10.1,0.9,9660.0,10.86,8.64
CMF2,5/14/2026,10.27,10.27,10.09,10.1,-1.66,12100.0,10.86,8.64
CMF2,5/15/2026,9.8,9.85,9.8,9.85,0.51,200.0,10.86,8.64
CMF2,5/18/2026,9.72,10.0,9.72,9.96,2.47,2600.0,10.86,8.64
CMF2,5/21/2026,9.72,9.89,9.72,9.89,1.75,2050.0,10.86,8.64
CMF2,5/22/2026,10.17,10.17,10.14,10.14,-0.29,600.0,10.86,8.64
CMF2,5/25/2026,10.0,10.25,10.0,10.01,0.1,2620.0,10.86,8.64
CMF2,5/26/2026,10.0,10.28,10.0,10.24,2.4,15578.0,10.86,8.64
CMF2,5/27/2026,10.24,10.24,10.0,10.2,-0.39,5009.0,10.86,8.64
CMF2,6/1/2026,9.91,9.91,9.91,9.91,0.0,300.0,10.86,8.64
CMF2,6/2/2026,10.1,10.2,9.9,9.9,-1.98,5428.0,10.86,8.64
CMF2,6/3/2026,9.94,9.94,9.94,9.94,0.0,450.0,10.86,8.64
CMF2,6/4/2026,9.87,10.0,9.87,10.0,1.32,3875.0,10.86,8.64
CMF2,6/5/2026,10.0,10.0,10.0,10.0,0.0,100.0,10.86,8.64
CMF2,6/8/2026,10.01,10.01,10.0,10.01,0.0,2025.0,10.86,8.64
CMF2,6/10/2026,9.88,9.9,9.88,9.9,0.2,700.0,10.86,8.64
CMF2,6/11/2026,9.9,9.9,9.9,9.9,0.0,100.0,10.86,8.64
CMF2,6/15/2026,9.9,9.9,9.68,9.9,0.0,8600.0,10.86,8.64
CMF2,6/17/2026,9.9,10.19,9.9,10.0,1.01,980.0,10.86,8.64
CMF2,6/18/2026,10.2,10.2,9.9,10.09,-1.08,1910.0,10.86,8.64
CMF2,6/22/2026,9.88,10.39,9.85,9.85,-0.3,8088.0,10.86,8.64
CMF2,6/24/2026,9.62,9.89,9.61,9.89,2.81,22000.0,10.86,8.64
CMF2,6/26/2026,9.66,9.94,9.66,9.86,2.07,1700.0,10.86,8.64
CMF2,6/29/2026,9.84,10.1,9.84,10.1,2.64,5100.0,10.86,8.64
CMF2,6/30/2026,9.87,9.88,9.87,9.87,0.0,5100.0,10.86,8.64
CMF2,7/1/2026,10.15,10.16,9.61,9.69,-4.53,5951.0,10.86,8.64
CMF2,7/2/2026,9.44,9.9,9.44,9.9,4.87,3000.0,10.86,8.64
CORBL,3/11/2012,116.0,115.0,114.0,114.0,,1410.0,3183.0,725.0
CORBL,3/12/2012,114.0,112.0,109.0,109.0,-4.39,2160.0,3183.0,725.0
CORBL,3/13/2012,109.0,110.0,108.0,110.0,0.92,1530.0,3183.0,725.0
CORBL,3/14/2012,110.0,110.0,108.0,110.0,0.0,2220.0,3183.0,725.0
CORBL,3/15/2012,110.0,115.0,112.0,115.0,4.55,1040.0,3183.0,725.0
CORBL,3/19/2012,115.0,115.0,115.0,115.0,0.0,220.0,3183.0,725.0
CORBL,3/21/2012,115.0,114.0,113.0,114.0,-0.87,520.0,3183.0,725.0
CORBL,3/25/2012,114.0,114.0,114.0,114.0,0.0,510.0,3183.0,725.0
CORBL,3/26/2012,114.0,114.0,113.0,114.0,0.0,1380.0,3183.0,725.0
CORBL,3/27/2012,114.0,114.0,113.0,113.0,-0.88,270.0,3183.0,725.0
CORBL,3/29/2012,113.0,114.0,113.0,114.0,0.88,90.0,3183.0,725.0
CORBL,4/1/2012,114.0,114.0,112.0,113.0,-0.88,320.0,3183.0,725.0
CORBL,4/2/2012,113.0,113.0,112.0,112.0,-0.88,920.0,3183.0,725.0
CORBL,4/3/2012,112.0,114.0,114.0,114.0,1.79,80.0,3183.0,725.0
CORBL,4/5/2012,114.0,118.0,116.0,118.0,3.51,170.0,3183.0,725.0
CORBL,4/10/2012,118.0,116.0,115.0,115.0,-2.54,110.0,3183.0,725.0
CORBL,4/11/2012,115.0,113.0,113.0,113.0,-1.74,80.0,3183.0,725.0
CORBL,4/12/2012,113.0,115.0,115.0,115.0,1.77,160.0,3183.0,725.0
CORBL,4/15/2012,115.0,119.0,117.0,119.0,3.48,70.0,3183.0,725.0
CORBL,4/17/2012,119.0,121.0,120.0,120.0,0.84,260.0,3183.0,725.0
CORBL,4/18/2012,120.0,122.0,122.0,122.0,1.67,80.0,3183.0,725.0
CORBL,4/19/2012,122.0,125.0,124.0,125.0,2.46,300.0,3183.0,725.0
CORBL,4/26/2012,125.0,127.0,127.0,127.0,1.6,90.0,3183.0,725.0
CORBL,4/30/2012,127.0,135.0,129.0,135.0,6.3,100.0,3183.0,725.0
CORBL,5/10/2012,135.0,135.0,131.0,131.0,-2.96,990.0,3183.0,725.0
CORBL,5/17/2012,131.0,129.0,129.0,129.0,-1.53,40.0,3183.0,725.0
CORBL,5/21/2012,129.0,132.0,131.0,132.0,2.33,220.0,3183.0,725.0
CORBL,5/22/2012,132.0,130.0,130.0,130.0,-1.52,100.0,3183.0,725.0
CORBL,5/24/2012,130.0,128.0,126.0,126.0,-3.08,16120.0,3183.0,725.0
CORBL,5/29/2012,126.0,124.0,114.0,114.0,-9.52,8150.0,3183.0,725.0
CORBL,5/30/2012,114.0,112.0,103.0,103.0,-9.65,12020.0,3183.0,725.0
CORBL,5/31/2012,103.0,109.0,99.0,109.0,5.83,5520.0,3183.0,725.0
CORBL,6/3/2012,109.0,111.0,104.0,106.0,-2.75,9230.0,3183.0,725.0
CORBL,6/4/2012,106.0,107.0,104.0,107.0,0.94,400.0,3183.0,725.0
CORBL,6/5/2012,107.0,105.0,102.0,102.0,-4.67,3590.0,3183.0,725.0
CORBL,6/6/2012,102.0,105.0,101.0,101.0,-0.98,9280.0,3183.0,725.0
CORBL,6/10/2012,101.0,105.0,103.0,104.0,2.97,2980.0,3183.0,725.0
CORBL,6/11/2012,104.0,104.0,102.0,102.0,-1.92,240.0,3183.0,725.0
CORBL,6/12/2012,102.0,106.0,103.0,104.0,1.96,2840.0,3183.0,725.0
CORBL,6/13/2012,104.0,105.0,103.0,105.0,0.96,1650.0,3183.0,725.0
CORBL,6/14/2012,105.0,107.0,105.0,105.0,0.0,2580.0,3183.0,725.0
CORBL,6/17/2012,105.0,109.0,107.0,109.0,3.81,2940.0,3183.0,725.0
CORBL,6/18/2012,109.0,113.0,111.0,111.0,1.83,2070.0,3183.0,725.0
CORBL,6/19/2012,111.0,115.0,113.0,115.0,3.6,630.0,3183.0,725.0
CORBL,6/20/2012,115.0,115.0,105.0,105.0,-8.7,2030.0,3183.0,725.0
CORBL,6/21/2012,105.0,106.0,105.0,106.0,0.95,380.0,3183.0,725.0
CORBL,6/25/2012,106.0,109.0,105.0,109.0,2.83,2850.0,3183.0,725.0
CORBL,6/26/2012,109.0,111.0,111.0,111.0,1.83,60.0,3183.0,725.0
CORBL,6/27/2012,111.0,109.0,109.0,109.0,-1.8,40.0,3183.0,725.0
CORBL,6/28/2012,109.0,107.0,105.0,106.0,-2.75,420.0,3183.0,725.0
CORBL,11/27/2013,106.0,104.0,104.0,104.0,-1.89,930.0,3183.0,725.0
CORBL,11/28/2013,104.0,105.0,103.0,103.0,-0.96,750.0,3183.0,725.0
CORBL,12/5/2013,103.0,103.0,103.0,103.0,0.0,150.0,3183.0,725.0
CORBL,12/8/2013,103.0,101.0,101.0,101.0,-1.94,800.0,3183.0,725.0
CORBL,12/22/2013,101.0,103.0,101.0,101.0,0.0,950.0,3183.0,725.0
CORBL,12/29/2013,101.0,99.0,99.0,99.0,-1.98,280.0,3183.0,725.0
CORBL,1/8/2014,99.0,98.0,97.0,97.0,-2.02,1550.0,3183.0,725.0
CORBL,1/9/2014,97.0,97.0,95.0,97.0,0.0,4370.0,3183.0,725.0
CORBL,1/12/2014,97.0,99.0,98.0,98.0,1.03,440.0,3183.0,725.0
CORBL,1/13/2014,98.0,101.0,98.0,98.0,0.0,2290.0,3183.0,725.0
CORBL,1/14/2014,98.0,100.0,97.0,98.0,0.0,1730.0,3183.0,725.0
CORBL,1/16/2014,98.0,97.0,97.0,97.0,-1.02,60.0,3183.0,725.0
CORBL,1/19/2014,97.0,102.0,98.0,100.0,3.09,920.0,3183.0,725.0
CORBL,1/20/2014,100.0,103.0,102.0,103.0,3.0,100.0,3183.0,725.0
CORBL,1/21/2014,103.0,106.0,105.0,106.0,2.91,540.0,3183.0,725.0
CORBL,1/22/2014,106.0,116.0,108.0,116.0,9.43,750.0,3183.0,725.0
CORBL,1/23/2014,116.0,126.0,114.0,126.0,8.62,2250.0,3183.0,725.0
CORBL,1/26/2014,126.0,138.0,128.0,138.0,9.52,2480.0,3183.0,725.0
CORBL,1/27/2014,138.0,151.0,136.0,148.0,7.25,5060.0,3183.0,725.0
CORBL,1/28/2014,148.0,156.0,148.0,153.0,3.38,4930.0,3183.0,725.0
CORBL,1/29/2014,153.0,150.0,143.0,143.0,-6.54,1370.0,3183.0,725.0
CORBL,2/3/2014,143.0,141.0,141.0,141.0,-1.4,60.0,3183.0,725.0
CORBL,2/6/2014,141.0,141.0,139.0,141.0,0.0,650.0,3183.0,725.0
CORBL,2/9/2014,141.0,139.0,137.0,137.0,-2.84,990.0,3183.0,725.0
CORBL,2/10/2014,137.0,135.0,133.0,133.0,-2.92,750.0,3183.0,725.0
CORBL,2/11/2014,133.0,135.0,133.0,133.0,0.0,1330.0,3183.0,725.0
CORBL,2/12/2014,133.0,131.0,129.0,129.0,-3.01,1200.0,3183.0,725.0
CORBL,2/13/2014,129.0,131.0,128.0,130.0,0.78,2730.0,3183.0,725.0
CORBL,2/16/2014,130.0,132.0,128.0,130.0,0.0,2690.0,3183.0,725.0
CORBL,2/17/2014,130.0,128.0,128.0,128.0,-1.54,280.0,3183.0,725.0
CORBL,2/18/2014,128.0,130.0,126.0,130.0,1.56,440.0,3183.0,725.0
CORBL,2/20/2014,130.0,132.0,128.0,132.0,1.54,740.0,3183.0,725.0
CORBL,2/23/2014,132.0,132.0,132.0,132.0,0.0,30.0,3183.0,725.0
CORBL,2/24/2014,132.0,130.0,128.0,130.0,-1.52,1950.0,3183.0,725.0
CORBL,3/12/2014,130.0,128.0,128.0,128.0,-1.54,890.0,3183.0,725.0
CORBL,3/13/2014,128.0,128.0,128.0,128.0,0.0,250.0,3183.0,725.0
CORBL,3/17/2014,128.0,126.0,118.0,118.0,-7.81,240.0,3183.0,725.0
CORBL,3/20/2014,118.0,116.0,107.0,107.0,-9.32,600.0,3183.0,725.0
CORBL,3/23/2014,107.0,105.0,100.0,100.0,-6.54,3820.0,3183.0,725.0
CORBL,3/24/2014,100.0,106.0,102.0,106.0,6.0,3620.0,3183.0,725.0
CORBL,3/25/2014,106.0,108.0,108.0,108.0,1.89,3200.0,3183.0,725.0
CORBL,3/27/2014,108.0,106.0,106.0,106.0,-1.85,5330.0,3183.0,725.0
CORBL,3/31/2014,106.0,106.0,106.0,106.0,0.0,310.0,3183.0,725.0
CORBL,4/2/2014,106.0,108.0,102.0,106.0,0.0,1300.0,3183.0,725.0
CORBL,4/3/2014,106.0,104.0,102.0,102.0,-3.77,210.0,3183.0,725.0
CORBL,4/6/2014,102.0,106.0,104.0,106.0,3.92,550.0,3183.0,725.0
CORBL,4/9/2014,106.0,105.0,102.0,105.0,-0.94,580.0,3183.0,725.0
CORBL,4/10/2014,105.0,105.0,105.0,105.0,0.0,120.0,3183.0,725.0
CORBL,4/13/2014,105.0,103.0,103.0,103.0,-1.9,240.0,3183.0,725.0
CORBL,4/15/2014,103.0,105.0,105.0,105.0,1.94,60.0,3183.0,725.0
CORBL,4/20/2014,105.0,105.0,103.0,103.0,-1.9,2020.0,3183.0,725.0
CORBL,4/21/2014,103.0,105.0,105.0,105.0,1.94,30.0,3183.0,725.0
CORBL,4/22/2014,105.0,106.0,106.0,106.0,0.95,110.0,3183.0,725.0
CORBL,4/23/2014,106.0,108.0,105.0,108.0,1.89,450.0,3183.0,725.0
CORBL,4/27/2014,108.0,110.0,106.0,106.0,-1.85,700.0,3183.0,725.0
CORBL,4/28/2014,106.0,107.0,105.0,105.0,-0.94,380.0,3183.0,725.0
CORBL,4/29/2014,105.0,108.0,105.0,106.0,0.95,260.0,3183.0,725.0
CORBL,4/30/2014,106.0,106.0,106.0,106.0,0.0,40.0,3183.0,725.0
CORBL,5/5/2014,106.0,106.0,105.0,106.0,0.0,180.0,3183.0,725.0
CORBL,5/6/2014,106.0,108.0,106.0,108.0,1.89,1600.0,3183.0,725.0
CORBL,5/7/2014,108.0,109.0,107.0,109.0,0.93,750.0,3183.0,725.0
CORBL,5/11/2014,109.0,107.0,107.0,107.0,-1.83,390.0,3183.0,725.0
CORBL,5/13/2014,107.0,105.0,101.0,105.0,-1.87,840.0,3183.0,725.0
CORBL,5/18/2014,105.0,103.0,100.0,100.0,-4.76,1100.0,3183.0,725.0
CORBL,5/20/2014,100.0,100.0,99.0,100.0,0.0,850.0,3183.0,725.0
CORBL,5/21/2014,100.0,102.0,102.0,102.0,2.0,40.0,3183.0,725.0
CORBL,5/22/2014,102.0,112.0,104.0,112.0,9.8,1250.0,3183.0,725.0
CORBL,5/25/2014,112.0,118.0,112.0,112.0,0.0,7870.0,3183.0,725.0
CORBL,5/26/2014,112.0,113.0,107.0,107.0,-4.46,2320.0,3183.0,725.0
CORBL,5/27/2014,107.0,106.0,101.0,105.0,-1.87,3890.0,3183.0,725.0
CORBL,5/28/2014,105.0,107.0,103.0,104.0,-0.95,2640.0,3183.0,725.0
CORBL,6/1/2014,104.0,114.0,106.0,114.0,9.62,2790.0,3183.0,725.0
CORBL,6/2/2014,114.0,119.0,116.0,119.0,4.39,1370.0,3183.0,725.0
CORBL,6/3/2014,119.0,123.0,121.0,122.0,2.52,970.0,3183.0,725.0
CORBL,6/4/2014,122.0,124.0,120.0,122.0,0.0,1450.0,3183.0,725.0
CORBL,6/5/2014,122.0,120.0,120.0,120.0,-1.64,120.0,3183.0,725.0
CORBL,6/8/2014,120.0,124.0,120.0,124.0,3.33,370.0,3183.0,725.0
CORBL,6/9/2014,124.0,122.0,122.0,122.0,-1.61,770.0,3183.0,725.0
CORBL,6/10/2014,122.0,120.0,120.0,120.0,-1.64,1540.0,3183.0,725.0
CORBL,6/11/2014,120.0,120.0,116.0,120.0,0.0,1210.0,3183.0,725.0
CORBL,6/15/2014,120.0,118.0,114.0,114.0,-5.0,260.0,3183.0,725.0
CORBL,6/16/2014,114.0,112.0,108.0,110.0,-3.51,1800.0,3183.0,725.0
CORBL,6/17/2014,110.0,113.0,106.0,113.0,2.73,4260.0,3183.0,725.0
CORBL,6/18/2014,113.0,124.0,115.0,124.0,9.73,5180.0,3183.0,725.0
CORBL,6/19/2014,124.0,124.0,119.0,122.0,-1.61,6000.0,3183.0,725.0
CORBL,6/23/2014,122.0,129.0,124.0,129.0,5.74,2630.0,3183.0,725.0
CORBL,6/24/2014,129.0,141.0,130.0,141.0,9.3,4470.0,3183.0,725.0
CORBL,6/25/2014,141.0,143.0,141.0,141.0,0.0,1810.0,3183.0,725.0
CORBL,6/26/2014,141.0,139.0,137.0,137.0,-2.84,60.0,3183.0,725.0
CORBL,6/29/2014,137.0,135.0,131.0,131.0,-4.38,640.0,3183.0,725.0
CORBL,6/30/2014,131.0,130.0,127.0,127.0,-3.05,490.0,3183.0,725.0
CORBL,7/1/2014,127.0,139.0,125.0,137.0,7.87,4740.0,3183.0,725.0
CORBL,7/2/2014,137.0,139.0,139.0,139.0,1.46,170.0,3183.0,725.0
CORBL,7/3/2014,139.0,141.0,141.0,141.0,1.44,200.0,3183.0,725.0
CORBL,7/7/2014,141.0,143.0,143.0,143.0,1.42,130.0,3183.0,725.0
CORBL,7/8/2014,143.0,142.0,141.0,142.0,-0.7,1090.0,3183.0,725.0
CORBL,7/9/2014,142.0,141.0,140.0,140.0,-1.41,590.0,3183.0,725.0
CORBL,7/10/2014,140.0,142.0,138.0,138.0,-1.43,960.0,3183.0,725.0
CORBL,7/13/2014,138.0,150.0,140.0,148.0,7.25,3190.0,3183.0,725.0
CORBL,7/14/2014,148.0,159.0,150.0,159.0,7.43,2320.0,3183.0,725.0
CORBL,7/15/2014,159.0,159.0,156.0,156.0,-1.89,750.0,3183.0,725.0
CORBL,7/16/2014,156.0,157.0,157.0,157.0,0.64,180.0,3183.0,725.0
CORBL,7/17/2014,157.0,160.0,160.0,160.0,1.91,120.0,3183.0,725.0
CORBL,7/21/2014,160.0,157.0,157.0,157.0,-1.88,380.0,3183.0,725.0
CORBL,7/22/2014,157.0,154.0,151.0,151.0,-3.82,290.0,3183.0,725.0
CORBL,7/23/2014,151.0,166.0,151.0,166.0,9.93,6060.0,3183.0,725.0
CORBL,7/24/2014,166.0,173.0,163.0,173.0,4.22,2390.0,3183.0,725.0
CORBL,7/27/2014,173.0,170.0,170.0,170.0,-1.73,1580.0,3183.0,725.0
CORBL,7/28/2014,170.0,170.0,165.0,170.0,0.0,440.0,3183.0,725.0
CORBL,7/30/2014,170.0,187.0,166.0,187.0,10.0,4570.0,3183.0,725.0
CORBL,7/31/2014,187.0,193.0,184.0,184.0,-1.6,3520.0,3183.0,725.0
CORBL,8/3/2014,184.0,182.0,177.0,177.0,-3.8,360.0,3183.0,725.0
CORBL,8/4/2014,177.0,174.0,168.0,168.0,-5.08,330.0,3183.0,725.0
CORBL,8/5/2014,168.0,166.0,152.0,152.0,-9.52,840.0,3183.0,725.0
CORBL,8/6/2014,152.0,150.0,143.0,143.0,-5.92,1500.0,3183.0,725.0
CORBL,8/13/2014,143.0,143.0,139.0,139.0,-2.8,460.0,3183.0,725.0
CORBL,9/17/2014,139.0,141.0,141.0,141.0,1.44,730.0,3183.0,725.0
CORBL,9/21/2014,141.0,143.0,143.0,143.0,1.42,400.0,3183.0,725.0
CORBL,10/12/2014,143.0,141.0,139.0,139.0,-2.8,180.0,3183.0,725.0
CORBL,10/14/2014,139.0,137.0,137.0,137.0,-1.44,30.0,3183.0,725.0
CORBL,11/12/2014,137.0,135.0,129.0,129.0,-5.84,120.0,3183.0,725.0
CORBL,12/17/2014,129.0,127.0,125.0,125.0,-3.1,320.0,3183.0,725.0
CORBL,3/29/2018,139.0,150.0,139.0,147.0,17.6,8620.0,3183.0,725.0
CORBL,4/1/2018,145.0,145.0,141.0,141.0,-4.08,480.0,3183.0,725.0
CORBL,4/2/2018,139.0,139.0,139.0,139.0,-1.42,40.0,3183.0,725.0
CORBL,4/3/2018,139.0,139.0,137.0,137.0,-1.44,120.0,3183.0,725.0
CORBL,4/4/2018,137.0,137.0,137.0,137.0,0.0,100.0,3183.0,725.0
CORBL,4/5/2018,135.0,135.0,133.0,133.0,-2.92,200.0,3183.0,725.0
CORBL,4/9/2018,131.0,131.0,120.0,120.0,-9.77,13520.0,3183.0,725.0
CORBL,4/10/2018,118.0,119.0,116.0,117.0,-2.5,1940.0,3183.0,725.0
CORBL,4/11/2018,117.0,119.0,116.0,119.0,1.71,580.0,3183.0,725.0
CORBL,4/12/2018,121.0,121.0,118.0,118.0,-0.84,320.0,3183.0,725.0
CORBL,4/15/2018,117.0,126.0,116.0,126.0,6.78,990.0,3183.0,725.0
CORBL,4/16/2018,125.0,125.0,125.0,125.0,-0.79,90.0,3183.0,725.0
CORBL,4/17/2018,127.0,127.0,124.0,126.0,0.8,1095.0,3183.0,725.0
CORBL,4/18/2018,128.0,130.0,125.0,130.0,3.17,1230.0,3183.0,725.0
CORBL,4/22/2018,128.0,130.0,128.0,128.0,-1.54,340.0,3183.0,725.0
CORBL,4/23/2018,130.0,130.0,124.0,128.0,0.0,5142.0,3183.0,725.0
CORBL,4/24/2018,130.0,130.0,128.0,129.0,0.78,740.0,3183.0,725.0
CORBL,4/25/2018,127.0,127.0,127.0,127.0,-1.55,200.0,3183.0,725.0
CORBL,4/26/2018,125.0,127.0,121.0,123.0,-3.15,1090.0,3183.0,725.0
CORBL,4/29/2018,123.0,123.0,118.0,119.0,-3.25,740.0,3183.0,725.0
CORBL,5/2/2018,117.0,119.0,115.0,119.0,0.0,370.0,3183.0,725.0
CORBL,5/3/2018,121.0,123.0,115.0,115.0,-3.36,3995.0,3183.0,725.0
CORBL,5/6/2018,114.0,119.0,113.0,119.0,3.48,1690.0,3183.0,725.0
CORBL,5/9/2018,120.0,120.0,117.0,117.0,-1.68,70.0,3183.0,725.0
CORBL,5/10/2018,116.0,118.0,116.0,118.0,0.85,600.0,3183.0,725.0
CORBL,5/15/2018,116.0,116.0,116.0,116.0,-1.69,260.0,3183.0,725.0
CORBL,5/20/2018,116.0,116.0,114.0,114.0,-1.72,340.0,3183.0,725.0
CORBL,5/21/2018,112.0,112.0,112.0,112.0,-1.75,40.0,3183.0,725.0
CORBL,5/23/2018,114.0,114.0,114.0,114.0,1.79,40.0,3183.0,725.0
CORBL,5/24/2018,114.0,122.0,114.0,118.0,3.51,330.0,3183.0,725.0
CORBL,5/28/2018,120.0,120.0,116.0,116.0,-1.69,1590.0,3183.0,725.0
CORBL,5/29/2018,114.0,114.0,114.0,114.0,-1.72,60.0,3183.0,725.0
CORBL,5/30/2018,113.0,115.0,113.0,115.0,0.88,150.0,3183.0,725.0
CORBL,5/31/2018,117.0,117.0,117.0,117.0,1.74,20.0,3183.0,725.0
CORBL,6/4/2018,116.0,116.0,116.0,116.0,-0.85,30.0,3183.0,725.0
CORBL,6/7/2018,116.0,116.0,114.0,114.0,-1.72,190.0,3183.0,725.0
CORBL,6/11/2018,112.0,112.0,112.0,112.0,-1.75,30.0,3183.0,725.0
CORBL,6/12/2018,114.0,114.0,114.0,114.0,1.79,240.0,3183.0,725.0
CORBL,6/14/2018,114.0,114.0,112.0,112.0,-1.75,320.0,3183.0,725.0
CORBL,6/17/2018,114.0,114.0,114.0,114.0,1.79,100.0,3183.0,725.0
CORBL,6/19/2018,112.0,112.0,110.0,110.0,-3.51,100.0,3183.0,725.0
CORBL,6/20/2018,108.0,110.0,108.0,110.0,0.0,220.0,3183.0,725.0
CORBL,6/21/2018,108.0,108.0,108.0,108.0,-1.82,140.0,3183.0,725.0
CORBL,6/24/2018,108.0,108.0,108.0,108.0,0.0,210.0,3183.0,725.0
CORBL,6/25/2018,106.0,106.0,104.0,104.0,-3.7,100.0,3183.0,725.0
CORBL,6/26/2018,102.0,102.0,102.0,102.0,-1.92,300.0,3183.0,725.0
CORBL,6/28/2018,100.0,100.0,100.0,100.0,-1.96,240.0,3183.0,725.0
CORBL,7/1/2018,102.0,102.0,102.0,102.0,2.0,270.0,3183.0,725.0
CORBL,7/2/2018,103.0,103.0,100.0,100.0,-1.96,760.0,3183.0,725.0
CORBL,7/3/2018,102.0,102.0,100.0,102.0,2.0,365.0,3183.0,725.0
CORBL,7/4/2018,100.0,100.0,100.0,100.0,-1.96,40.0,3183.0,725.0
CORBL,7/5/2018,100.0,102.0,100.0,102.0,2.0,1740.0,3183.0,725.0
CORBL,7/8/2018,102.0,106.0,102.0,106.0,3.92,200.0,3183.0,725.0
CORBL,7/9/2018,108.0,108.0,108.0,108.0,1.89,60.0,3183.0,725.0
CORBL,7/11/2018,106.0,107.0,106.0,107.0,-0.93,380.0,3183.0,725.0
CORBL,7/15/2018,105.0,105.0,105.0,105.0,-1.87,50.0,3183.0,725.0
CORBL,7/19/2018,103.0,103.0,103.0,103.0,-1.9,200.0,3183.0,725.0
CORBL,7/22/2018,101.0,101.0,101.0,101.0,-1.94,120.0,3183.0,725.0
CORBL,7/23/2018,103.0,103.0,103.0,103.0,1.98,110.0,3183.0,725.0
CORBL,7/24/2018,102.0,102.0,102.0,102.0,-0.97,90.0,3183.0,725.0
CORBL,7/25/2018,102.0,102.0,100.0,100.0,-1.96,500.0,3183.0,725.0
CORBL,7/29/2018,100.0,100.0,100.0,100.0,0.0,850.0,3183.0,725.0
CORBL,8/1/2018,102.0,102.0,102.0,102.0,2.0,100.0,3183.0,725.0
CORBL,8/2/2018,100.0,100.0,100.0,100.0,-1.96,1000.0,3183.0,725.0
CORBL,8/15/2018,100.0,100.0,100.0,100.0,0.0,1000.0,3183.0,725.0
CORBL,8/16/2018,102.0,107.0,102.0,106.0,6.0,3145.0,3183.0,725.0
CORBL,8/19/2018,108.0,112.0,108.0,108.0,1.89,700.0,3183.0,725.0
CORBL,8/20/2018,106.0,106.0,104.0,104.0,-3.7,80.0,3183.0,725.0
CORBL,8/21/2018,102.0,102.0,102.0,102.0,-1.92,120.0,3183.0,725.0
CORBL,8/28/2018,100.0,100.0,100.0,100.0,-1.96,120.0,3183.0,725.0
CORBL,8/29/2018,100.0,100.0,100.0,100.0,0.0,60.0,3183.0,725.0
CORBL,9/2/2018,100.0,100.0,100.0,100.0,0.0,50.0,3183.0,725.0
CORBL,9/4/2018,101.0,104.0,100.0,100.0,0.0,1730.0,3183.0,725.0
CORBL,9/5/2018,101.0,105.0,101.0,105.0,5.0,330.0,3183.0,725.0
CORBL,9/6/2018,104.0,104.0,102.0,102.0,-2.86,160.0,3183.0,725.0
CORBL,9/9/2018,101.0,102.0,101.0,101.0,-0.98,8730.0,3183.0,725.0
CORBL,9/10/2018,101.0,101.0,100.0,100.0,-0.99,330.0,3183.0,725.0
CORBL,9/18/2018,100.0,103.0,100.0,103.0,3.0,1885.0,3183.0,725.0
CORBL,9/20/2018,102.0,102.0,100.0,100.0,-2.91,150.0,3183.0,725.0
CORBL,9/25/2018,100.0,100.0,98.0,97.0,-3.0,1100.0,3183.0,725.0
CORBL,9/26/2018,99.0,100.0,99.0,99.0,2.06,680.0,3183.0,725.0
CORBL,9/27/2018,100.0,102.0,100.0,101.0,2.02,2070.0,3183.0,725.0
CORBL,9/30/2018,101.0,101.0,101.0,101.0,0.0,70.0,3183.0,725.0
CORBL,10/1/2018,99.0,100.0,99.0,100.0,-0.99,1080.0,3183.0,725.0
CORBL,10/2/2018,100.0,103.0,100.0,103.0,3.0,970.0,3183.0,725.0
CORBL,10/3/2018,103.0,103.0,101.0,102.0,-0.97,7020.0,3183.0,725.0
CORBL,10/4/2018,103.0,104.0,103.0,103.0,0.98,240.0,3183.0,725.0
CORBL,10/7/2018,101.0,101.0,101.0,101.0,-1.94,140.0,3183.0,725.0
CORBL,10/9/2018,101.0,101.0,101.0,101.0,0.0,90.0,3183.0,725.0
CORBL,10/10/2018,99.0,100.0,99.0,100.0,-0.99,370.0,3183.0,725.0
CORBL,10/11/2018,100.0,100.0,100.0,100.0,0.0,130.0,3183.0,725.0
CORBL,10/14/2018,101.0,101.0,99.0,100.0,0.0,620.0,3183.0,725.0
CORBL,10/15/2018,102.0,102.0,98.0,98.0,-2.0,410.0,3183.0,725.0
CORBL,12/18/2018,97.0,98.0,97.0,98.0,0.0,120.0,3183.0,725.0
CORBL,12/19/2018,98.0,98.0,98.0,98.0,0.0,40.0,3183.0,725.0
CORBL,12/20/2018,99.0,99.0,99.0,99.0,1.02,90.0,3183.0,725.0
CORBL,12/24/2018,98.0,98.0,98.0,98.0,-1.01,40.0,3183.0,725.0
CORBL,12/25/2018,98.0,98.0,98.0,98.0,0.0,218.0,3183.0,725.0
CORBL,12/26/2018,99.0,99.0,99.0,99.0,1.02,990.0,3183.0,725.0
CORBL,12/31/2018,100.0,100.0,100.0,100.0,1.01,18.0,3183.0,725.0
CORBL,1/3/2019,100.0,100.0,100.0,100.0,0.0,50.0,3183.0,725.0
CORBL,1/7/2019,98.0,98.0,98.0,98.0,-2.0,530.0,3183.0,725.0
CORBL,1/9/2019,97.0,98.0,97.0,98.0,0.0,160.0,3183.0,725.0
CORBL,1/24/2019,98.0,98.0,98.0,98.0,0.0,100.0,3183.0,725.0
CORBL,1/29/2019,97.0,97.0,96.0,96.0,-2.04,110.0,3183.0,725.0
CORBL,2/3/2019,95.0,95.0,95.0,95.0,-1.04,30.0,3183.0,725.0
CORBL,2/5/2019,94.0,94.0,94.0,94.0,-1.05,200.0,3183.0,725.0
CORBL,2/6/2019,94.0,96.0,94.0,95.0,1.06,1410.0,3183.0,725.0
CORBL,2/7/2019,96.0,96.0,96.0,96.0,1.05,10.0,3183.0,725.0
CORBL,2/11/2019,95.0,95.0,94.0,94.0,-2.08,230.0,3183.0,725.0
CORBL,2/12/2019,93.0,94.0,93.0,94.0,0.0,670.0,3183.0,725.0
CORBL,2/13/2019,95.0,97.0,95.0,97.0,3.19,30.0,3183.0,725.0
CORBL,2/17/2019,97.0,97.0,95.0,95.0,-2.06,330.0,3183.0,725.0
CORBL,2/19/2019,94.0,94.0,94.0,94.0,-1.05,60.0,3183.0,725.0
CORBL,2/20/2019,93.0,93.0,90.0,90.0,-4.26,830.0,3183.0,725.0
CORBL,2/21/2019,90.0,90.0,89.0,89.0,-1.11,210.0,3183.0,725.0
CORBL,2/25/2019,89.0,90.0,89.0,90.0,1.12,1080.0,3183.0,725.0
CORBL,2/26/2019,91.0,91.0,90.0,90.0,0.0,180.0,3183.0,725.0
CORBL,2/27/2019,91.0,91.0,90.0,90.0,0.0,210.0,3183.0,725.0
CORBL,3/3/2019,90.0,90.0,90.0,90.0,0.0,130.0,3183.0,725.0
CORBL,3/5/2019,91.0,91.0,91.0,91.0,1.11,100.0,3183.0,725.0
CORBL,3/6/2019,92.0,92.0,91.0,91.0,0.0,120.0,3183.0,725.0
CORBL,3/7/2019,92.0,92.0,91.0,92.0,1.1,1210.0,3183.0,725.0
CORBL,3/11/2019,93.0,93.0,93.0,93.0,1.09,10.0,3183.0,725.0
CORBL,3/12/2019,94.0,99.0,94.0,99.0,6.45,1830.0,3183.0,725.0
CORBL,3/13/2019,99.0,100.0,98.0,98.0,-1.01,1230.0,3183.0,725.0
CORBL,3/14/2019,97.0,97.0,96.0,97.0,-1.02,270.0,3183.0,725.0
CORBL,3/17/2019,98.0,98.0,98.0,98.0,1.03,60.0,3183.0,725.0
CORBL,3/18/2019,99.0,99.0,99.0,99.0,1.02,10.0,3183.0,725.0
CORBL,3/26/2019,98.0,98.0,98.0,98.0,-1.01,200.0,3183.0,725.0
CORBL,3/31/2019,99.0,99.0,97.0,98.0,0.0,1030.0,3183.0,725.0
CORBL,4/7/2019,99.0,99.0,99.0,99.0,1.02,30.0,3183.0,725.0
CORBL,4/8/2019,99.0,99.0,98.0,98.0,-1.01,130.0,3183.0,725.0
CORBL,4/17/2019,97.0,97.0,94.0,94.0,-4.08,450.0,3183.0,725.0
CORBL,4/22/2019,93.0,93.0,93.0,93.0,-1.06,370.0,3183.0,725.0
CORBL,4/23/2019,92.0,92.0,92.0,92.0,-1.08,40.0,3183.0,725.0
CORBL,4/24/2019,91.0,93.0,91.0,93.0,1.09,540.0,3183.0,725.0
CORBL,4/25/2019,94.0,94.0,94.0,94.0,1.08,130.0,3183.0,725.0
CORBL,4/28/2019,95.0,95.0,93.0,93.0,-1.06,1100.0,3183.0,725.0
CORBL,5/5/2019,92.0,92.0,91.0,91.0,-2.15,1200.0,3183.0,725.0
CORBL,5/6/2019,90.0,91.0,90.0,91.0,0.0,120.0,3183.0,725.0
CORBL,5/8/2019,91.0,91.0,91.0,91.0,0.0,60.0,3183.0,725.0
CORBL,5/9/2019,91.0,91.0,90.0,90.0,-1.1,2040.0,3183.0,725.0
CORBL,5/12/2019,91.0,91.0,91.0,91.0,1.11,60.0,3183.0,725.0
CORBL,5/13/2019,95.0,98.0,95.0,98.0,7.69,250.0,3183.0,725.0
CORBL,5/14/2019,102.0,107.0,102.0,105.0,7.14,2390.0,3183.0,725.0
CORBL,5/15/2019,105.0,106.0,103.0,105.0,0.0,4765.0,3183.0,725.0
CORBL,5/16/2019,106.0,106.0,101.0,101.0,-3.81,550.0,3183.0,725.0
CORBL,5/19/2019,103.0,111.0,99.0,111.0,9.9,4900.0,3183.0,725.0
CORBL,5/20/2019,116.0,122.0,116.0,122.0,9.91,4810.0,3183.0,725.0
CORBL,5/21/2019,124.0,134.0,124.0,134.0,9.84,11550.0,3183.0,725.0
CORBL,5/22/2019,140.0,147.0,130.0,136.0,1.49,24615.0,3183.0,725.0
CORBL,5/23/2019,137.0,137.0,125.0,127.0,-6.62,3120.0,3183.0,725.0
CORBL,5/26/2019,125.0,125.0,121.0,121.0,-4.72,4390.0,3183.0,725.0
CORBL,5/27/2019,119.0,120.0,116.0,118.0,-2.48,5210.0,3183.0,725.0
CORBL,5/28/2019,120.0,120.0,117.0,119.0,0.85,1040.0,3183.0,725.0
CORBL,5/29/2019,121.0,126.0,121.0,126.0,5.88,690.0,3183.0,725.0
CORBL,5/30/2019,128.0,130.0,128.0,128.0,1.59,3215.0,3183.0,725.0
CORBL,6/2/2019,128.0,128.0,126.0,126.0,-1.56,1420.0,3183.0,725.0
CORBL,6/3/2019,127.0,127.0,119.0,119.0,-5.56,1620.0,3183.0,725.0
CORBL,6/4/2019,117.0,117.0,114.0,114.0,-4.2,2110.0,3183.0,725.0
CORBL,6/6/2019,116.0,125.0,116.0,125.0,9.65,1890.0,3183.0,725.0
CORBL,6/10/2019,127.0,131.0,126.0,126.0,0.8,1210.0,3183.0,725.0
CORBL,6/11/2019,128.0,128.0,126.0,126.0,0.0,500.0,3183.0,725.0
CORBL,6/12/2019,124.0,124.0,118.0,118.0,-6.35,2020.0,3183.0,725.0
CORBL,6/13/2019,119.0,124.0,119.0,124.0,5.08,580.0,3183.0,725.0
CORBL,6/16/2019,122.0,122.0,122.0,122.0,-1.61,10.0,3183.0,725.0
CORBL,6/17/2019,120.0,124.0,118.0,124.0,1.64,2070.0,3183.0,725.0
CORBL,6/18/2019,130.0,130.0,124.0,124.0,0.0,1310.0,3183.0,725.0
CORBL,6/20/2019,124.0,124.0,120.0,120.0,-3.23,1720.0,3183.0,725.0
CORBL,6/23/2019,122.0,122.0,120.0,122.0,1.67,2410.0,3183.0,725.0
CORBL,6/24/2019,124.0,124.0,120.0,120.0,-1.64,420.0,3183.0,725.0
CORBL,6/26/2019,120.0,120.0,120.0,120.0,0.0,90.0,3183.0,725.0
CORBL,6/30/2019,120.0,120.0,117.0,117.0,-2.5,600.0,3183.0,725.0
CORBL,7/1/2019,115.0,119.0,115.0,119.0,1.71,600.0,3183.0,725.0
CORBL,7/2/2019,117.0,119.0,117.0,117.0,-1.68,1560.0,3183.0,725.0
CORBL,7/4/2019,122.0,122.0,120.0,120.0,2.56,2630.0,3183.0,725.0
CORBL,7/7/2019,120.0,123.0,120.0,123.0,2.5,930.0,3183.0,725.0
CORBL,7/8/2019,127.0,127.0,127.0,127.0,3.25,10.0,3183.0,725.0
CORBL,7/9/2019,125.0,125.0,125.0,125.0,-1.57,190.0,3183.0,725.0
CORBL,7/10/2019,123.0,123.0,119.0,119.0,-4.8,820.0,3183.0,725.0
CORBL,7/11/2019,117.0,121.0,117.0,121.0,1.68,290.0,3183.0,725.0
CORBL,7/16/2019,119.0,119.0,119.0,119.0,-1.65,25.0,3183.0,725.0
CORBL,7/17/2019,119.0,121.0,119.0,121.0,1.68,190.0,3183.0,725.0
CORBL,7/21/2019,119.0,119.0,117.0,119.0,-1.65,1150.0,3183.0,725.0
CORBL,7/22/2019,119.0,119.0,119.0,119.0,0.0,120.0,3183.0,725.0
CORBL,7/23/2019,121.0,123.0,121.0,123.0,3.36,390.0,3183.0,725.0
CORBL,7/24/2019,122.0,124.0,122.0,124.0,0.81,300.0,3183.0,725.0
CORBL,7/25/2019,122.0,122.0,122.0,122.0,-1.61,2000.0,3183.0,725.0
CORBL,7/28/2019,124.0,124.0,123.0,124.0,1.64,710.0,3183.0,725.0
CORBL,7/29/2019,124.0,124.0,122.0,122.0,-1.61,2360.0,3183.0,725.0
CORBL,7/30/2019,123.0,124.0,121.0,124.0,1.64,270.0,3183.0,725.0
CORBL,7/31/2019,122.0,124.0,122.0,123.0,-0.81,830.0,3183.0,725.0
CORBL,8/1/2019,121.0,127.0,121.0,127.0,3.25,2690.0,3183.0,725.0
CORBL,8/4/2019,129.0,129.0,121.0,121.0,-4.72,1010.0,3183.0,725.0
CORBL,8/5/2019,122.0,123.0,122.0,123.0,1.65,160.0,3183.0,725.0
CORBL,8/6/2019,121.0,121.0,121.0,121.0,-1.63,200.0,3183.0,725.0
CORBL,8/7/2019,121.0,121.0,121.0,121.0,0.0,200.0,3183.0,725.0
CORBL,8/8/2019,119.0,119.0,119.0,119.0,-1.65,90.0,3183.0,725.0
CORBL,8/11/2019,117.0,117.0,117.0,117.0,-1.68,40.0,3183.0,725.0
CORBL,8/12/2019,118.0,118.0,118.0,118.0,0.85,50.0,3183.0,725.0
CORBL,8/13/2019,119.0,120.0,119.0,120.0,1.69,150.0,3183.0,725.0
CORBL,8/14/2019,122.0,122.0,120.0,120.0,0.0,50.0,3183.0,725.0
CORBL,8/19/2019,118.0,118.0,118.0,118.0,-1.67,40.0,3183.0,725.0
CORBL,8/21/2019,118.0,118.0,118.0,118.0,0.0,60.0,3183.0,725.0
CORBL,8/25/2019,116.0,116.0,116.0,116.0,-1.69,300.0,3183.0,725.0
CORBL,8/27/2019,115.0,115.0,115.0,115.0,-0.86,100.0,3183.0,725.0
CORBL,8/28/2019,117.0,117.0,117.0,117.0,1.74,100.0,3183.0,725.0
CORBL,8/29/2019,118.0,119.0,118.0,119.0,1.71,685.0,3183.0,725.0
CORBL,9/1/2019,117.0,117.0,117.0,117.0,-1.68,230.0,3183.0,725.0
CORBL,9/2/2019,116.0,116.0,116.0,116.0,-0.85,140.0,3183.0,725.0
CORBL,9/3/2019,116.0,116.0,116.0,116.0,0.0,400.0,3183.0,725.0
CORBL,9/8/2019,117.0,117.0,117.0,117.0,0.86,46.0,3183.0,725.0
CORBL,9/9/2019,118.0,118.0,118.0,118.0,0.85,164.0,3183.0,725.0
CORBL,9/10/2019,117.0,117.0,115.0,115.0,-2.54,130.0,3183.0,725.0
CORBL,9/12/2019,115.0,115.0,113.0,113.0,-1.74,1930.0,3183.0,725.0
CORBL,9/18/2019,111.0,111.0,109.0,109.0,-3.54,450.0,3183.0,725.0
CORBL,9/22/2019,111.0,111.0,111.0,111.0,1.83,760.0,3183.0,725.0
CORBL,9/23/2019,109.0,109.0,109.0,109.0,-1.8,90.0,3183.0,725.0
CORBL,9/24/2019,107.0,109.0,107.0,109.0,0.0,410.0,3183.0,725.0
CORBL,9/26/2019,107.0,107.0,103.0,105.0,-3.67,790.0,3183.0,725.0
CORBL,9/29/2019,106.0,106.0,106.0,106.0,0.95,220.0,3183.0,725.0
CORBL,10/16/2019,105.0,105.0,105.0,105.0,-0.94,25.0,3183.0,725.0
CORBL,10/17/2019,104.0,104.0,104.0,104.0,-0.95,1120.0,3183.0,725.0
CORBL,12/23/2019,102.0,104.0,102.0,104.0,0.0,510.0,3183.0,725.0
CORBL,12/24/2019,104.0,104.0,104.0,104.0,0.0,50.0,3183.0,725.0
CORBL,12/25/2019,104.0,104.0,104.0,104.0,0.0,100.0,3183.0,725.0
CORBL,12/26/2019,106.0,108.0,106.0,107.0,2.88,625.0,3183.0,725.0
CORBL,12/29/2019,109.0,109.0,109.0,109.0,1.87,600.0,3183.0,725.0
CORBL,12/30/2019,111.0,111.0,111.0,111.0,1.83,10.0,3183.0,725.0
CORBL,12/31/2019,113.0,121.0,113.0,118.0,6.31,430.0,3183.0,725.0
CORBL,1/1/2020,120.0,120.0,120.0,120.0,1.69,10.0,3183.0,725.0
CORBL,1/2/2020,122.0,122.0,117.0,117.0,-2.5,1310.0,3183.0,725.0
CORBL,1/5/2020,115.0,115.0,111.0,111.0,-5.13,570.0,3183.0,725.0
CORBL,1/6/2020,113.0,117.0,113.0,117.0,5.41,310.0,3183.0,725.0
CORBL,1/7/2020,118.0,123.0,118.0,123.0,5.13,7350.0,3183.0,725.0
CORBL,1/9/2020,123.0,126.0,120.0,122.0,-0.81,7498.0,3183.0,725.0
CORBL,1/12/2020,123.0,127.0,121.0,122.0,0.0,6900.0,3183.0,725.0
CORBL,1/13/2020,122.0,128.0,122.0,126.0,3.28,6800.0,3183.0,725.0
CORBL,1/14/2020,124.0,124.0,122.0,124.0,-1.59,670.0,3183.0,725.0
CORBL,1/15/2020,126.0,126.0,123.0,126.0,1.61,2410.0,3183.0,725.0
CORBL,1/16/2020,128.0,136.0,128.0,134.0,6.35,4810.0,3183.0,725.0
CORBL,1/19/2020,136.0,144.0,136.0,144.0,7.46,15740.0,3183.0,725.0
CORBL,1/20/2020,145.0,145.0,135.0,136.0,-5.56,8830.0,3183.0,725.0
CORBL,1/21/2020,135.0,137.0,135.0,136.0,0.0,1910.0,3183.0,725.0
CORBL,1/22/2020,135.0,135.0,131.0,131.0,-3.68,3840.0,3183.0,725.0
CORBL,1/23/2020,131.0,131.0,128.0,130.0,-0.76,4020.0,3183.0,725.0
CORBL,1/26/2020,128.0,128.0,126.0,126.0,-3.08,1160.0,3183.0,725.0
CORBL,1/27/2020,124.0,128.0,124.0,128.0,1.59,260.0,3183.0,725.0
CORBL,1/28/2020,128.0,128.0,127.0,127.0,-0.78,563.0,3183.0,725.0
CORBL,1/29/2020,125.0,127.0,125.0,127.0,0.0,90.0,3183.0,725.0
CORBL,2/2/2020,127.0,136.0,126.0,136.0,7.09,660.0,3183.0,725.0
CORBL,2/3/2020,138.0,138.0,134.0,134.0,-1.47,1539.0,3183.0,725.0
CORBL,2/4/2020,135.0,138.0,130.0,130.0,-2.99,1391.0,3183.0,725.0
CORBL,2/5/2020,128.0,130.0,128.0,130.0,0.0,750.0,3183.0,725.0
CORBL,2/6/2020,132.0,132.0,127.0,127.0,-2.31,800.0,3183.0,725.0
CORBL,2/9/2020,129.0,132.0,128.0,128.0,0.79,4269.0,3183.0,725.0
CORBL,2/10/2020,128.0,128.0,128.0,128.0,0.0,10.0,3183.0,725.0
CORBL,2/11/2020,130.0,132.0,130.0,130.0,1.56,2671.0,3183.0,725.0
CORBL,2/12/2020,130.0,138.0,130.0,138.0,6.15,1530.0,3183.0,725.0
CORBL,2/13/2020,136.0,136.0,132.0,133.0,-3.62,2610.0,3183.0,725.0
CORBL,2/16/2020,131.0,131.0,131.0,131.0,-1.5,270.0,3183.0,725.0
CORBL,2/17/2020,133.0,136.0,132.0,132.0,0.76,3050.0,3183.0,725.0
CORBL,2/18/2020,130.0,131.0,130.0,130.0,-1.52,2000.0,3183.0,725.0
CORBL,2/19/2020,130.0,130.0,129.0,129.0,-0.77,220.0,3183.0,725.0
CORBL,2/20/2020,131.0,133.0,131.0,131.0,1.55,2040.0,3183.0,725.0
CORBL,2/23/2020,132.0,134.0,132.0,134.0,2.29,3441.0,3183.0,725.0
CORBL,2/24/2020,135.0,137.0,133.0,137.0,2.24,1926.0,3183.0,725.0
CORBL,2/25/2020,135.0,137.0,135.0,137.0,0.0,1316.0,3183.0,725.0
CORBL,2/26/2020,139.0,141.0,137.0,139.0,1.46,1400.0,3183.0,725.0
CORBL,2/27/2020,141.0,141.0,137.0,137.0,-1.44,806.0,3183.0,725.0
CORBL,3/1/2020,139.0,139.0,137.0,137.0,0.0,385.0,3183.0,725.0
CORBL,3/2/2020,135.0,135.0,134.0,134.0,-2.19,777.0,3183.0,725.0
CORBL,3/3/2020,136.0,136.0,132.0,133.0,-0.75,2375.0,3183.0,725.0
CORBL,3/4/2020,131.0,132.0,126.0,126.0,-5.26,4001.0,3183.0,725.0
CORBL,3/5/2020,128.0,131.0,128.0,129.0,2.38,5210.0,3183.0,725.0
CORBL,3/10/2020,127.0,127.0,127.0,127.0,-1.55,100.0,3183.0,725.0
CORBL,3/11/2020,125.0,129.0,125.0,129.0,1.57,800.0,3183.0,725.0
CORBL,3/12/2020,131.0,131.0,128.0,128.0,-0.78,410.0,3183.0,725.0
CORBL,3/15/2020,127.0,127.0,120.0,120.0,-6.25,5246.0,3183.0,725.0
CORBL,3/16/2020,119.0,120.0,119.0,120.0,0.0,119.0,3183.0,725.0
CORBL,3/17/2020,118.0,120.0,118.0,119.0,-0.83,240.0,3183.0,725.0
CORBL,3/18/2020,117.0,117.0,116.0,116.0,-2.52,880.0,3183.0,725.0
CORBL,5/12/2020,114.0,114.0,114.0,114.0,-1.72,270.0,3183.0,725.0
CORBL,7/2/2020,116.0,116.0,116.0,116.0,1.75,10.0,3183.0,725.0
CORBL,7/5/2020,118.0,118.0,116.0,116.0,0.0,210.0,3183.0,725.0
CORBL,7/7/2020,118.0,118.0,118.0,118.0,1.72,495.0,3183.0,725.0
CORBL,7/8/2020,120.0,124.0,120.0,124.0,5.08,180.0,3183.0,725.0
CORBL,7/9/2020,122.0,128.0,122.0,128.0,3.23,600.0,3183.0,725.0
CORBL,7/12/2020,126.0,126.0,126.0,126.0,-1.56,10.0,3183.0,725.0
CORBL,7/13/2020,124.0,124.0,124.0,124.0,-1.59,200.0,3183.0,725.0
CORBL,7/16/2020,122.0,124.0,122.0,124.0,0.0,160.0,3183.0,725.0
CORBL,7/20/2020,130.0,132.0,130.0,130.0,4.84,310.0,3183.0,725.0
CORBL,7/21/2020,130.0,130.0,130.0,130.0,0.0,100.0,3183.0,725.0
CORBL,7/22/2020,128.0,128.0,128.0,128.0,-1.54,110.0,3183.0,725.0
CORBL,7/26/2020,126.0,126.0,126.0,126.0,-1.56,60.0,3183.0,725.0
CORBL,7/27/2020,124.0,124.0,114.0,116.0,-7.94,12632.0,3183.0,725.0
CORBL,7/28/2020,114.0,116.0,110.0,116.0,0.0,3588.0,3183.0,725.0
CORBL,7/29/2020,114.0,114.0,114.0,114.0,-1.72,13.0,3183.0,725.0
CORBL,7/30/2020,114.0,117.0,114.0,117.0,2.63,105.0,3183.0,725.0
CORBL,8/2/2020,117.0,119.0,113.0,113.0,-3.42,1137.0,3183.0,725.0
CORBL,8/3/2020,111.0,113.0,111.0,113.0,0.0,50.0,3183.0,725.0
CORBL,8/5/2020,111.0,115.0,111.0,113.0,0.0,489.0,3183.0,725.0
CORBL,8/6/2020,115.0,117.0,115.0,117.0,3.54,107.0,3183.0,725.0
CORBL,8/9/2020,119.0,119.0,115.0,115.0,-1.71,170.0,3183.0,725.0
CORBL,8/10/2020,114.0,117.0,114.0,115.0,0.0,989.0,3183.0,725.0
CORBL,8/11/2020,114.0,118.0,114.0,115.0,0.0,1350.0,3183.0,725.0
CORBL,8/12/2020,115.0,115.0,114.0,114.0,-0.87,220.0,3183.0,725.0
CORBL,8/13/2020,115.0,117.0,114.0,114.0,0.0,1076.0,3183.0,725.0
CORBL,8/16/2020,115.0,115.0,112.0,114.0,0.0,2110.0,3183.0,725.0
CORBL,8/17/2020,115.0,116.0,114.0,114.0,0.0,1422.0,3183.0,725.0
CORBL,8/18/2020,114.0,115.0,114.0,115.0,0.88,159.0,3183.0,725.0
CORBL,8/19/2020,116.0,116.0,114.0,114.0,-0.87,490.0,3183.0,725.0
CORBL,8/20/2020,114.0,116.0,114.0,116.0,1.75,2210.0,3183.0,725.0
CORBL,8/23/2020,117.0,120.0,115.0,116.0,0.0,2767.0,3183.0,725.0
CORBL,8/24/2020,118.0,126.0,118.0,124.0,6.9,5659.0,3183.0,725.0
CORBL,8/25/2020,126.0,126.0,122.0,123.0,-0.81,2047.0,3183.0,725.0
CORBL,8/26/2020,125.0,125.0,121.0,121.0,-1.63,1125.0,3183.0,725.0
CORBL,8/27/2020,122.0,123.0,121.0,122.0,0.83,699.0,3183.0,725.0
CORBL,8/30/2020,124.0,125.0,123.0,123.0,0.82,530.0,3183.0,725.0
CORBL,8/31/2020,122.0,122.0,121.0,121.0,-1.63,1060.0,3183.0,725.0
CORBL,9/2/2020,122.0,123.0,121.0,122.0,0.83,2130.0,3183.0,725.0
CORBL,9/3/2020,124.0,124.0,122.0,122.0,0.0,1047.0,3183.0,725.0
CORBL,9/6/2020,120.0,126.0,120.0,123.0,0.82,788.0,3183.0,725.0
CORBL,9/7/2020,123.0,123.0,122.0,122.0,-0.81,100.0,3183.0,725.0
CORBL,9/8/2020,122.0,125.0,121.0,125.0,2.46,1350.0,3183.0,725.0
CORBL,9/9/2020,123.0,133.0,123.0,132.0,5.6,1590.0,3183.0,725.0
CORBL,9/10/2020,132.0,132.0,129.0,129.0,-2.27,1090.0,3183.0,725.0
CORBL,9/13/2020,127.0,134.0,126.0,128.0,-0.78,2745.0,3183.0,725.0
CORBL,9/14/2020,126.0,132.0,126.0,132.0,3.12,5834.0,3183.0,725.0
CORBL,9/15/2020,132.0,132.0,130.0,130.0,-1.52,310.0,3183.0,725.0
CORBL,9/16/2020,131.0,133.0,129.0,131.0,0.77,3202.0,3183.0,725.0
CORBL,9/17/2020,133.0,144.0,133.0,143.0,9.16,4385.0,3183.0,725.0
CORBL,9/20/2020,145.0,157.0,145.0,145.0,1.4,12675.0,3183.0,725.0
CORBL,9/21/2020,143.0,145.0,141.0,141.0,-2.76,3700.0,3183.0,725.0
CORBL,9/22/2020,143.0,143.0,139.0,140.0,-0.71,14267.0,3183.0,725.0
CORBL,9/23/2020,140.0,144.0,139.0,143.0,2.14,2777.0,3183.0,725.0
CORBL,9/24/2020,145.0,152.0,141.0,152.0,6.29,5615.0,3183.0,725.0
CORBL,9/27/2020,150.0,160.0,150.0,158.0,3.95,13305.0,3183.0,725.0
CORBL,9/28/2020,161.0,166.0,161.0,162.0,2.53,13922.0,3183.0,725.0
CORBL,9/29/2020,163.0,166.0,161.0,162.0,0.0,12837.0,3183.0,725.0
CORBL,9/30/2020,165.0,168.0,165.0,167.0,3.09,12600.0,3183.0,725.0
CORBL,10/1/2020,167.0,183.0,167.0,183.0,9.58,6510.0,3183.0,725.0
CORBL,10/4/2020,186.0,201.0,186.0,201.0,9.84,8760.0,3183.0,725.0
CORBL,10/5/2020,205.0,221.0,196.0,198.0,-1.49,22141.0,3183.0,725.0
CORBL,10/6/2020,197.0,205.0,190.0,203.0,2.53,6472.0,3183.0,725.0
CORBL,10/7/2020,200.0,219.0,197.0,213.0,4.93,11471.0,3183.0,725.0
CORBL,10/8/2020,213.0,216.0,208.0,208.0,-2.35,6074.0,3183.0,725.0
CORBL,10/11/2020,204.0,204.0,195.0,200.0,-3.85,6285.0,3183.0,725.0
CORBL,10/12/2020,196.0,218.0,190.0,210.0,5.0,7838.0,3183.0,725.0
CORBL,10/13/2020,211.0,217.0,202.0,202.0,-3.81,9038.0,3183.0,725.0
CORBL,10/14/2020,206.0,206.0,200.0,202.0,0.0,2651.0,3183.0,725.0
CORBL,10/15/2020,206.0,206.0,198.0,198.0,-1.98,570.0,3183.0,725.0
CORBL,10/18/2020,195.0,197.0,189.0,197.0,-0.51,1670.0,3183.0,725.0
CORBL,10/19/2020,197.0,200.0,194.0,198.0,0.51,3214.0,3183.0,725.0
CORBL,10/20/2020,198.0,209.0,195.0,203.0,2.53,2950.0,3183.0,725.0
CORBL,10/21/2020,201.0,201.0,199.0,199.0,-1.97,2520.0,3183.0,725.0
CORBL,10/22/2020,198.0,198.0,195.0,195.0,-2.01,1200.0,3183.0,725.0
CORBL,10/28/2020,195.0,202.0,195.0,198.0,1.54,1640.0,3183.0,725.0
CORBL,10/29/2020,198.0,200.0,197.0,200.0,1.01,80.0,3183.0,725.0
CORBL,11/1/2020,200.0,200.0,197.0,200.0,0.0,290.0,3183.0,725.0
CORBL,11/2/2020,200.0,200.0,196.0,198.0,-1.0,4600.0,3183.0,725.0
CORBL,11/3/2020,195.0,197.0,195.0,197.0,-0.51,465.0,3183.0,725.0
CORBL,11/4/2020,195.0,197.0,194.0,197.0,0.0,40.0,3183.0,725.0
CORBL,11/5/2020,200.0,200.0,200.0,200.0,1.52,10.0,3183.0,725.0
CORBL,11/8/2020,196.0,200.0,193.0,200.0,0.0,770.0,3183.0,725.0
CORBL,11/9/2020,210.0,220.0,206.0,220.0,10.0,9725.0,3183.0,725.0
CORBL,11/10/2020,220.0,242.0,220.0,242.0,10.0,2115.0,3183.0,725.0
CORBL,11/11/2020,252.0,266.0,227.0,238.0,-1.65,40898.0,3183.0,725.0
CORBL,11/12/2020,249.0,249.0,226.0,235.0,-1.26,11342.0,3183.0,725.0
CORBL,11/18/2020,235.0,235.0,223.0,225.0,-4.26,2592.0,3183.0,725.0
CORBL,11/19/2020,222.0,228.0,218.0,227.0,0.89,4595.0,3183.0,725.0
CORBL,11/22/2020,224.0,226.0,215.0,222.0,-2.2,5950.0,3183.0,725.0
CORBL,11/23/2020,224.0,228.0,220.0,228.0,2.7,4482.0,3183.0,725.0
CORBL,11/24/2020,225.0,225.0,218.0,225.0,-1.32,5615.0,3183.0,725.0
CORBL,11/25/2020,221.0,223.0,221.0,221.0,-1.78,1550.0,3183.0,725.0
CORBL,11/26/2020,232.0,232.0,219.0,219.0,-0.9,2894.0,3183.0,725.0
CORBL,11/29/2020,216.0,222.0,215.0,219.0,0.0,3540.0,3183.0,725.0
CORBL,11/30/2020,220.0,231.0,220.0,220.0,0.46,2095.0,3183.0,725.0
CORBL,12/1/2020,219.0,219.0,215.0,217.0,-1.36,4670.0,3183.0,725.0
CORBL,12/2/2020,214.0,214.0,210.0,214.0,-1.38,5310.0,3183.0,725.0
CORBL,12/3/2020,218.0,218.0,209.0,213.0,-0.47,960.0,3183.0,725.0
CORBL,12/6/2020,209.0,217.0,205.0,217.0,1.88,2705.0,3183.0,725.0
CORBL,12/7/2020,220.0,221.0,208.0,217.0,0.0,3889.0,3183.0,725.0
CORBL,12/8/2020,220.0,220.0,209.0,210.0,-3.23,495.0,3183.0,725.0
CORBL,12/9/2020,208.0,218.0,206.0,207.0,-1.43,1090.0,3183.0,725.0
CORBL,12/10/2020,203.0,213.0,203.0,211.0,1.93,1583.0,3183.0,725.0
CORBL,12/13/2020,215.0,219.0,207.0,215.0,1.9,4840.0,3183.0,725.0
CORBL,12/14/2020,212.0,219.0,211.0,218.0,1.4,1907.0,3183.0,725.0
CORBL,12/15/2020,222.0,222.0,214.0,214.0,-1.83,649.0,3183.0,725.0
CORBL,12/16/2020,210.0,217.0,208.0,214.0,0.0,2670.0,3183.0,725.0
CORBL,12/17/2020,214.0,214.0,210.0,213.0,-0.47,675.0,3183.0,725.0
CORBL,12/20/2020,213.0,213.0,205.0,210.0,-1.41,1360.0,3183.0,725.0
CORBL,12/21/2020,206.0,210.0,200.0,207.0,-1.43,5110.0,3183.0,725.0
CORBL,12/22/2020,210.0,213.0,204.0,213.0,2.9,1502.0,3183.0,725.0
CORBL,12/23/2020,217.0,217.0,211.0,213.0,0.0,830.0,3183.0,725.0
CORBL,12/24/2020,209.0,213.0,205.0,205.0,-3.76,1105.0,3183.0,725.0
CORBL,12/27/2020,202.0,206.0,202.0,205.0,0.0,778.0,3183.0,725.0
CORBL,12/28/2020,206.0,215.0,206.0,211.0,2.93,1330.0,3183.0,725.0
CORBL,12/29/2020,211.0,213.0,211.0,211.0,0.0,780.0,3183.0,725.0
CORBL,12/30/2020,207.0,207.0,207.0,207.0,-1.9,50.0,3183.0,725.0
CORBL,12/31/2020,204.0,216.0,204.0,211.0,1.93,766.0,3183.0,725.0
CORBL,1/3/2021,210.0,215.0,207.0,213.0,0.95,2690.0,3183.0,725.0
CORBL,1/4/2021,210.0,214.0,210.0,211.0,-0.94,2140.0,3183.0,725.0
CORBL,1/5/2021,211.0,211.0,208.0,210.0,-0.47,2855.0,3183.0,725.0
CORBL,1/6/2021,213.0,225.0,210.0,222.0,5.71,10820.0,3183.0,725.0
CORBL,1/7/2021,226.0,234.0,222.0,234.0,5.41,11208.0,3183.0,725.0
CORBL,1/10/2021,237.0,257.0,237.0,257.0,9.83,14379.0,3183.0,725.0
CORBL,1/11/2021,262.0,282.0,262.0,282.0,9.73,2613.0,3183.0,725.0
CORBL,1/12/2021,287.0,310.0,287.0,310.0,9.93,4271.0,3183.0,725.0
CORBL,1/13/2021,325.0,341.0,325.0,341.0,10.0,7738.0,3183.0,725.0
CORBL,1/17/2021,358.0,375.0,358.0,375.0,9.97,2110.0,3183.0,725.0
CORBL,1/18/2021,393.0,412.0,393.0,412.0,9.87,3080.0,3183.0,725.0
CORBL,1/19/2021,432.0,453.0,400.0,453.0,9.95,67157.0,3183.0,725.0
CORBL,1/20/2021,467.0,498.0,467.0,498.0,9.93,5170.0,3183.0,725.0
CORBL,1/21/2021,522.0,547.0,522.0,547.0,9.84,15525.0,3183.0,725.0
CORBL,1/24/2021,574.0,601.0,520.0,572.0,4.57,47284.0,3183.0,725.0
CORBL,1/25/2021,590.0,590.0,515.0,550.0,-3.85,26058.0,3183.0,725.0
CORBL,1/26/2021,550.0,579.0,550.0,570.0,3.64,27794.0,3183.0,725.0
CORBL,1/27/2021,575.0,575.0,539.0,550.0,-3.51,8874.0,3183.0,725.0
CORBL,1/28/2021,523.0,570.0,523.0,540.0,-1.82,9363.0,3183.0,725.0
CORBL,1/31/2021,536.0,545.0,525.0,530.0,-1.85,8564.0,3183.0,725.0
CORBL,2/1/2021,540.0,553.0,528.0,553.0,4.34,13019.0,3183.0,725.0
CORBL,2/2/2021,564.0,575.0,560.0,566.0,2.35,5834.0,3183.0,725.0
CORBL,2/3/2021,594.0,594.0,551.0,562.0,-0.71,4559.0,3183.0,725.0
CORBL,2/4/2021,551.0,562.0,545.0,545.0,-3.02,17657.0,3183.0,725.0
CORBL,2/7/2021,555.0,555.0,525.0,539.0,-1.1,4268.0,3183.0,725.0
CORBL,2/8/2021,540.0,550.0,500.0,548.0,1.67,7508.0,3183.0,725.0
CORBL,2/9/2021,548.0,558.0,520.0,551.0,0.55,17476.0,3183.0,725.0
CORBL,2/10/2021,550.0,560.0,540.0,555.0,0.73,5987.0,3183.0,725.0
CORBL,2/11/2021,544.0,550.0,540.0,548.0,-1.26,2536.0,3183.0,725.0
CORBL,2/14/2021,555.0,602.0,551.0,591.0,7.85,20920.0,3183.0,725.0
CORBL,2/15/2021,583.0,602.0,583.0,598.0,1.18,10661.0,3183.0,725.0
CORBL,2/16/2021,609.0,657.0,609.0,657.0,9.87,10270.0,3183.0,725.0
CORBL,2/17/2021,689.0,722.0,689.0,722.0,9.89,4200.0,3183.0,725.0
CORBL,2/18/2021,758.0,794.0,687.0,764.0,5.82,40904.0,3183.0,725.0
CORBL,2/21/2021,800.0,800.0,712.0,760.0,-0.52,13697.0,3183.0,725.0
CORBL,2/22/2021,774.0,774.0,710.0,729.0,-4.08,15234.0,3183.0,725.0
CORBL,2/23/2021,730.0,730.0,673.0,700.0,-3.98,12156.0,3183.0,725.0
CORBL,2/24/2021,700.0,714.0,688.0,708.0,1.14,5825.0,3183.0,725.0
CORBL,2/25/2021,705.0,705.0,680.0,686.0,-3.11,6151.0,3183.0,725.0
CORBL,2/28/2021,673.0,673.0,637.0,665.0,-3.06,5893.0,3183.0,725.0
CORBL,3/1/2021,652.0,723.0,641.0,719.0,8.12,7273.0,3183.0,725.0
CORBL,3/2/2021,720.0,720.0,660.0,670.0,-6.82,8720.0,3183.0,725.0
CORBL,3/3/2021,670.0,680.0,650.0,670.0,0.0,7425.0,3183.0,725.0
CORBL,3/4/2021,675.0,701.0,675.0,677.0,1.04,2917.0,3183.0,725.0
CORBL,3/7/2021,690.0,690.0,666.0,669.0,-1.18,1765.0,3183.0,725.0
CORBL,3/9/2021,675.0,700.0,663.0,670.0,0.15,3758.0,3183.0,725.0
CORBL,3/10/2021,670.0,696.0,670.0,672.0,0.3,3522.0,3183.0,725.0
CORBL,3/14/2021,680.0,680.0,653.0,665.0,-1.04,3530.0,3183.0,725.0
CORBL,3/15/2021,668.0,670.0,645.0,645.0,-3.01,5325.0,3183.0,725.0
CORBL,3/16/2021,656.0,656.0,640.0,641.0,-0.62,4653.0,3183.0,725.0
CORBL,3/17/2021,653.0,666.0,640.0,654.0,2.03,1255.0,3183.0,725.0
CORBL,3/18/2021,667.0,675.0,657.0,670.0,2.45,3520.0,3183.0,725.0
CORBL,3/21/2021,682.0,683.0,651.0,677.0,1.04,9008.0,3183.0,725.0
CORBL,3/22/2021,666.0,666.0,647.0,650.0,-3.99,6316.0,3183.0,725.0
CORBL,3/23/2021,663.0,663.0,640.0,645.0,-0.77,3468.0,3183.0,725.0
CORBL,3/24/2021,655.0,667.0,644.0,645.0,0.0,4035.0,3183.0,725.0
CORBL,3/25/2021,657.0,657.0,640.0,640.0,-0.78,8974.0,3183.0,725.0
CORBL,3/29/2021,632.0,677.0,632.0,650.0,1.56,2694.0,3183.0,725.0
CORBL,3/30/2021,663.0,670.0,645.0,650.0,0.0,2160.0,3183.0,725.0
CORBL,3/31/2021,650.0,663.0,645.0,650.0,0.0,3913.0,3183.0,725.0
CORBL,4/1/2021,663.0,665.0,648.0,654.0,0.62,6850.0,3183.0,725.0
CORBL,4/4/2021,667.0,667.0,647.0,650.0,-0.61,3615.0,3183.0,725.0
CORBL,4/5/2021,650.0,650.0,642.0,650.0,0.0,3892.0,3183.0,725.0
CORBL,4/6/2021,646.0,656.0,643.0,651.0,0.15,4477.0,3183.0,725.0
CORBL,4/7/2021,655.0,655.0,643.0,645.0,-0.92,2446.0,3183.0,725.0
CORBL,4/8/2021,650.0,655.0,643.0,648.0,0.47,2080.0,3183.0,725.0
CORBL,4/12/2021,660.0,660.0,647.0,648.0,0.0,3210.0,3183.0,725.0
CORBL,4/13/2021,642.0,660.0,642.0,654.0,0.93,5497.0,3183.0,725.0
CORBL,4/15/2021,686.0,686.0,652.0,674.0,3.06,11125.0,3183.0,725.0
CORBL,4/18/2021,687.0,698.0,675.0,681.0,1.04,12616.0,3183.0,725.0
CORBL,4/19/2021,681.0,681.0,668.0,670.0,-1.62,5962.0,3183.0,725.0
CORBL,4/20/2021,660.0,695.0,660.0,670.0,0.0,4394.0,3183.0,725.0
CORBL,4/21/2021,670.0,683.0,665.0,666.0,-0.6,2789.0,3183.0,725.0
CORBL,4/22/2021,653.0,675.0,653.0,669.0,0.45,1265.0,3183.0,725.0
CORBL,4/25/2021,668.0,682.0,656.0,658.0,-1.64,9075.0,3183.0,725.0
CORBL,4/26/2021,646.0,661.0,637.0,639.0,-2.89,8239.0,3183.0,725.0
CORBL,4/27/2021,627.0,680.0,627.0,659.0,3.13,3440.0,3183.0,725.0
CORBL,4/28/2021,660.0,669.0,650.0,650.0,-1.37,1290.0,3183.0,725.0
CORBL,4/29/2021,655.0,665.0,655.0,660.0,1.54,1473.0,3183.0,725.0
CORBL,5/2/2021,673.0,675.0,648.0,665.0,0.76,3561.0,3183.0,725.0
CORBL,5/3/2021,665.0,674.0,652.0,655.0,-1.5,5896.0,3183.0,725.0
CORBL,5/4/2021,668.0,668.0,650.0,658.0,0.46,2850.0,3183.0,725.0
CORBL,5/5/2021,659.0,659.0,650.0,651.0,-1.06,2875.0,3183.0,725.0
CORBL,5/6/2021,650.0,650.0,643.0,646.0,-0.77,2578.0,3183.0,725.0
CORBL,5/9/2021,650.0,695.0,650.0,676.0,4.64,18750.0,3183.0,725.0
CORBL,5/10/2021,689.0,689.0,665.0,674.0,-0.3,5936.0,3183.0,725.0
CORBL,5/11/2021,680.0,680.0,665.0,670.0,-0.59,1177.0,3183.0,725.0
CORBL,5/12/2021,670.0,675.0,668.0,671.0,0.15,4451.0,3183.0,725.0
CORBL,5/13/2021,672.0,680.0,666.0,667.0,-0.6,5044.0,3183.0,725.0
CORBL,5/16/2021,680.0,680.0,670.0,675.0,1.2,6728.0,3183.0,725.0
CORBL,5/17/2021,685.0,742.0,675.0,742.0,9.93,24958.0,3183.0,725.0
CORBL,5/18/2021,779.0,786.0,743.0,753.0,1.48,15005.0,3183.0,725.0
CORBL,5/19/2021,750.0,750.0,716.0,722.0,-4.12,8847.0,3183.0,725.0
CORBL,5/20/2021,722.0,772.0,715.0,724.0,0.28,9317.0,3183.0,725.0
CORBL,5/23/2021,720.0,752.0,700.0,742.0,2.49,10710.0,3183.0,725.0
CORBL,5/24/2021,750.0,763.0,740.0,750.0,1.08,11170.0,3183.0,725.0
CORBL,5/25/2021,760.0,760.0,740.0,750.0,0.0,7760.0,3183.0,725.0
CORBL,5/27/2021,740.0,764.0,730.0,742.0,-1.07,7454.0,3183.0,725.0
CORBL,5/30/2021,742.0,770.0,725.0,739.0,-0.4,7205.0,3183.0,725.0
CORBL,5/31/2021,753.0,753.0,727.0,733.0,-0.81,6769.0,3183.0,725.0
CORBL,6/1/2021,733.0,745.0,730.0,730.0,-0.41,3388.0,3183.0,725.0
CORBL,6/2/2021,717.0,735.0,717.0,722.0,-1.1,4246.0,3183.0,725.0
CORBL,6/3/2021,736.0,745.0,710.0,715.0,-0.97,9451.0,3183.0,725.0
CORBL,6/6/2021,715.0,731.0,705.0,705.0,-1.4,4362.0,3183.0,725.0
CORBL,6/7/2021,710.0,719.0,692.0,701.0,-0.57,5125.0,3183.0,725.0
CORBL,6/8/2021,714.0,715.0,696.0,698.0,-0.43,7503.0,3183.0,725.0
CORBL,6/9/2021,690.0,707.0,685.0,707.0,1.29,6971.0,3183.0,725.0
CORBL,6/10/2021,720.0,721.0,693.0,693.0,-1.98,8580.0,3183.0,725.0
CORBL,6/13/2021,695.0,750.0,695.0,743.0,7.22,13591.0,3183.0,725.0
CORBL,6/14/2021,780.0,780.0,725.0,732.0,-1.48,8257.0,3183.0,725.0
CORBL,6/15/2021,721.0,731.0,707.0,709.0,-3.14,3498.0,3183.0,725.0
CORBL,6/16/2021,709.0,710.0,651.0,680.0,-4.09,9691.0,3183.0,725.0
CORBL,6/17/2021,670.0,695.0,658.0,683.0,0.44,4951.0,3183.0,725.0
CORBL,6/20/2021,685.0,699.0,657.0,667.0,-2.34,5948.0,3183.0,725.0
CORBL,6/21/2021,657.0,680.0,652.0,655.0,-1.8,10013.0,3183.0,725.0
CORBL,6/22/2021,668.0,700.0,668.0,700.0,6.87,5608.0,3183.0,725.0
CORBL,6/23/2021,735.0,735.0,686.0,686.0,-2.0,6502.0,3183.0,725.0
CORBL,6/24/2021,699.0,726.0,665.0,685.0,-0.15,4308.0,3183.0,725.0
CORBL,6/27/2021,675.0,693.0,669.0,670.0,-2.19,5595.0,3183.0,725.0
CORBL,6/28/2021,670.0,722.0,670.0,684.0,2.09,8671.0,3183.0,725.0
CORBL,6/29/2021,697.0,724.0,680.0,688.0,0.58,5085.0,3183.0,725.0
CORBL,6/30/2021,722.0,722.0,681.0,688.0,0.0,6755.0,3183.0,725.0
CORBL,7/1/2021,700.0,752.0,700.0,731.0,6.25,27315.0,3183.0,725.0
CORBL,7/4/2021,745.0,780.0,745.0,776.0,6.16,36528.0,3183.0,725.0
CORBL,7/5/2021,738.0,805.0,738.0,790.0,1.8,17960.0,3183.0,725.0
CORBL,7/6/2021,751.0,820.0,751.0,818.0,3.54,24481.0,3183.0,725.0
CORBL,7/7/2021,818.0,840.0,808.0,830.0,1.47,13186.0,3183.0,725.0
CORBL,7/8/2021,789.0,855.0,789.0,800.0,-3.61,12878.0,3183.0,725.0
CORBL,7/11/2021,800.0,809.0,742.0,770.0,-3.75,41335.0,3183.0,725.0
CORBL,7/12/2021,770.0,785.0,745.0,754.0,-2.08,12847.0,3183.0,725.0
CORBL,7/13/2021,769.0,769.0,745.0,759.0,0.66,8069.0,3183.0,725.0
CORBL,7/14/2021,754.0,755.0,745.0,753.0,-0.79,4713.0,3183.0,725.0
CORBL,7/15/2021,750.0,758.0,738.0,751.0,-0.27,4864.0,3183.0,725.0
CORBL,7/18/2021,760.0,775.0,750.0,761.0,1.33,7610.0,3183.0,725.0
CORBL,7/19/2021,776.2,776.2,750.0,760.0,-0.13,4966.0,3183.0,725.0
CORBL,7/20/2021,766.0,766.0,751.0,755.0,-0.66,5435.0,3183.0,725.0
CORBL,7/22/2021,755.0,766.0,750.0,755.0,0.0,6837.0,3183.0,725.0
CORBL,7/25/2021,755.0,756.0,746.0,755.0,0.0,8507.0,3183.0,725.0
CORBL,7/26/2021,755.0,760.0,745.0,753.0,-0.26,5049.0,3183.0,725.0
CORBL,7/27/2021,745.0,750.0,740.1,745.0,-1.06,10596.0,3183.0,725.0
CORBL,7/28/2021,759.0,819.5,750.0,805.0,8.05,19012.0,3183.0,725.0
CORBL,7/29/2021,805.0,821.0,775.0,793.0,-1.49,11384.0,3183.0,725.0
CORBL,8/1/2021,794.0,817.0,785.0,788.0,-0.63,7847.0,3183.0,725.0
CORBL,8/2/2021,803.0,803.0,770.0,775.0,-1.65,6310.0,3183.0,725.0
CORBL,8/3/2021,775.0,788.0,770.0,774.0,-0.13,6253.0,3183.0,725.0
CORBL,8/4/2021,771.0,780.0,770.0,779.0,0.65,8483.0,3183.0,725.0
CORBL,8/5/2021,785.0,815.0,785.0,800.0,2.7,25933.0,3183.0,725.0
CORBL,8/8/2021,816.0,880.0,810.0,880.0,10.0,41276.0,3183.0,725.0
CORBL,8/9/2021,897.6,968.0,895.0,968.0,10.0,41472.0,3183.0,725.0
CORBL,8/10/2021,987.3,1039.0,970.0,985.0,1.76,19031.0,3183.0,725.0
CORBL,8/11/2021,986.0,1070.0,928.0,995.0,1.02,33762.0,3183.0,725.0
CORBL,8/12/2021,1003.0,1050.0,975.1,1020.0,2.51,48114.0,3183.0,725.0
CORBL,8/15/2021,1010.0,1015.0,959.0,976.0,-4.31,23063.0,3183.0,725.0
CORBL,8/16/2021,980.0,1073.6,972.0,1073.6,10.0,51014.0,3183.0,725.0
CORBL,8/17/2021,1095.0,1096.5,1033.0,1052.0,-2.01,13135.0,3183.0,725.0
CORBL,8/18/2021,1051.0,1073.0,1020.0,1030.0,-2.09,8670.0,3183.0,725.0
CORBL,8/19/2021,1010.0,1050.0,980.0,1000.0,-2.91,7676.0,3183.0,725.0
CORBL,8/24/2021,990.0,999.0,955.0,965.0,-3.5,5154.0,3183.0,725.0
CORBL,8/25/2021,950.0,984.0,933.0,984.0,1.97,10305.0,3183.0,725.0
CORBL,8/26/2021,1003.6,1082.4,984.0,1082.4,10.0,14989.0,3183.0,725.0
CORBL,8/29/2021,1096.0,1155.0,1026.0,1080.0,-0.22,17993.0,3183.0,725.0
CORBL,8/31/2021,1100.0,1130.0,1001.0,1130.0,4.63,14609.0,3183.0,725.0
CORBL,9/1/2021,1107.4,1151.0,1021.0,1065.0,-5.75,34791.0,3183.0,725.0
CORBL,9/2/2021,1065.0,1065.0,996.0,996.0,-6.48,4255.0,3183.0,725.0
CORBL,9/5/2021,977.0,980.0,901.0,920.0,-7.63,12094.0,3183.0,725.0
CORBL,9/6/2021,902.0,1010.0,891.0,1008.0,9.57,7570.0,3183.0,725.0
CORBL,9/7/2021,988.0,1046.5,978.0,1012.0,0.4,1828.0,3183.0,725.0
CORBL,9/8/2021,1000.0,1000.0,980.0,980.0,-3.16,2953.0,3183.0,725.0
CORBL,9/9/2021,999.0,999.0,975.0,989.9,1.01,3360.0,3183.0,725.0
CORBL,9/12/2021,1005.0,1005.0,979.1,981.0,-0.9,7703.0,3183.0,725.0
CORBL,9/13/2021,999.9,1020.6,980.0,981.0,0.0,1688.0,3183.0,725.0
CORBL,9/14/2021,999.9,1000.0,963.0,975.0,-0.61,1999.0,3183.0,725.0
CORBL,9/15/2021,975.0,1045.1,968.0,1040.0,6.67,8188.0,3183.0,725.0
CORBL,9/16/2021,1019.2,1019.2,936.0,955.0,-8.17,6387.0,3183.0,725.0
CORBL,9/20/2021,940.0,958.8,859.5,872.0,-8.69,6542.0,3183.0,725.0
CORBL,9/21/2021,855.0,906.7,790.0,875.0,0.34,4982.0,3183.0,725.0
CORBL,9/22/2021,892.0,962.5,892.0,962.5,10.0,4280.0,3183.0,725.0
CORBL,9/23/2021,981.7,981.7,910.0,925.0,-3.9,6772.0,3183.0,725.0
CORBL,9/26/2021,907.0,930.0,873.5,889.0,-3.89,3905.0,3183.0,725.0
CORBL,9/27/2021,873.0,890.0,826.0,837.0,-5.85,1630.0,3183.0,725.0
CORBL,9/28/2021,822.0,835.0,775.0,820.0,-2.03,11780.0,3183.0,725.0
CORBL,9/29/2021,820.0,864.9,803.6,853.0,4.02,3332.0,3183.0,725.0
CORBL,9/30/2021,870.0,870.0,790.0,805.0,-5.63,3168.0,3183.0,725.0
CORBL,10/3/2021,790.1,807.0,776.0,777.0,-3.48,4342.0,3183.0,725.0
CORBL,10/4/2021,770.0,789.0,732.2,760.0,-2.19,3148.0,3183.0,725.0
CORBL,10/5/2021,775.0,816.0,775.0,795.0,4.61,1496.0,3183.0,725.0
CORBL,10/6/2021,810.0,874.5,805.0,835.0,5.03,3071.0,3183.0,725.0
CORBL,10/10/2021,840.0,860.0,798.0,825.0,-1.2,2216.0,3183.0,725.0
CORBL,10/11/2021,808.5,824.6,777.0,810.0,-1.82,2454.0,3183.0,725.0
CORBL,10/17/2021,825.0,826.0,780.0,790.0,-2.47,1430.0,3183.0,725.0
CORBL,10/18/2021,800.0,800.0,750.0,761.0,-3.67,3790.0,3183.0,725.0
CORBL,10/19/2021,750.0,780.0,706.0,749.2,-1.55,3347.0,3183.0,725.0
CORBL,10/20/2021,764.0,779.0,748.8,779.0,3.98,1640.0,3183.0,725.0
CORBL,10/21/2021,790.0,790.0,752.0,760.0,-2.44,309.0,3183.0,725.0
CORBL,10/24/2021,765.0,785.4,748.0,762.0,0.26,1009.0,3183.0,725.0
CORBL,10/25/2021,777.0,814.0,750.0,808.0,6.04,3369.0,3183.0,725.0
CORBL,10/26/2021,824.0,861.0,807.7,845.0,4.58,2961.0,3183.0,725.0
CORBL,10/27/2021,830.0,877.2,830.0,849.0,0.47,5521.0,3183.0,725.0
CORBL,10/28/2021,835.0,850.0,817.0,842.1,-0.81,1726.0,3183.0,725.0
CORBL,10/31/2021,827.0,889.0,827.0,872.0,3.55,4619.0,3183.0,725.0
CORBL,11/1/2021,872.0,875.0,849.0,850.0,-2.52,4152.0,3183.0,725.0
CORBL,11/2/2021,833.0,865.0,833.0,850.0,0.0,680.0,3183.0,725.0
CORBL,11/3/2021,865.0,867.0,835.0,846.8,-0.38,2133.0,3183.0,725.0
CORBL,11/8/2021,832.0,880.9,832.0,840.0,-0.8,680.0,3183.0,725.0
CORBL,11/9/2021,831.0,835.0,782.0,787.0,-6.31,5960.0,3183.0,725.0
CORBL,11/11/2021,772.0,802.0,772.0,800.0,1.65,2242.0,3183.0,725.0
CORBL,11/14/2021,816.0,816.0,800.0,803.7,0.46,724.0,3183.0,725.0
CORBL,11/15/2021,818.9,835.0,815.0,820.0,2.03,1404.0,3183.0,725.0
CORBL,11/16/2021,836.0,855.0,836.0,845.0,3.05,2259.0,3183.0,725.0
CORBL,11/17/2021,832.0,859.9,831.0,859.9,1.76,5227.0,3183.0,725.0
CORBL,11/18/2021,842.8,888.0,829.0,850.0,-1.15,6279.0,3183.0,725.0
CORBL,11/21/2021,867.0,934.0,867.0,918.0,8.0,9826.0,3183.0,725.0
CORBL,11/22/2021,936.3,936.3,877.1,884.0,-3.7,7509.0,3183.0,725.0
CORBL,11/23/2021,899.9,912.0,866.5,885.0,0.11,5235.0,3183.0,725.0
CORBL,11/24/2021,885.0,902.0,868.0,896.0,1.24,5126.0,3183.0,725.0
CORBL,11/25/2021,878.2,928.3,878.2,928.3,3.6,6799.0,3183.0,725.0
CORBL,11/28/2021,909.8,909.8,870.0,870.0,-6.28,4338.0,3183.0,725.0
CORBL,11/29/2021,853.0,934.0,853.0,862.0,-0.92,1522.0,3183.0,725.0
CORBL,11/30/2021,879.0,905.0,879.0,895.9,3.93,7203.0,3183.0,725.0
CORBL,12/1/2021,912.0,985.4,896.0,980.0,9.39,14924.0,3183.0,725.0
CORBL,12/2/2021,999.0,999.0,913.4,913.4,-6.8,7014.0,3183.0,725.0
CORBL,12/5/2021,931.6,969.0,905.0,920.0,0.72,5941.0,3183.0,725.0
CORBL,12/6/2021,938.4,945.1,875.0,927.0,0.76,4192.0,3183.0,725.0
CORBL,12/7/2021,945.0,963.0,890.0,904.0,-2.48,3109.0,3183.0,725.0
CORBL,12/8/2021,922.0,922.0,880.0,885.0,-2.1,2047.0,3183.0,725.0
CORBL,12/9/2021,867.3,893.0,860.0,893.0,0.9,3623.0,3183.0,725.0
CORBL,12/12/2021,880.0,881.0,835.0,844.0,-5.49,1809.0,3183.0,725.0
CORBL,12/13/2021,827.3,850.0,783.0,787.0,-6.75,5610.0,3183.0,725.0
CORBL,12/14/2021,801.0,849.0,801.0,848.0,7.75,1133.0,3183.0,725.0
CORBL,12/15/2021,864.9,899.6,834.1,857.0,1.06,5263.0,3183.0,725.0
CORBL,12/16/2021,841.1,909.0,826.0,891.4,4.01,4700.0,3183.0,725.0
CORBL,12/20/2021,909.2,930.0,850.0,850.0,-4.64,4924.0,3183.0,725.0
CORBL,12/21/2021,866.0,883.0,833.0,855.0,0.59,2422.0,3183.0,725.0
CORBL,12/22/2021,860.0,873.1,845.0,872.9,2.09,7276.0,3183.0,725.0
CORBL,12/23/2021,890.3,890.3,849.7,851.0,-2.51,9501.0,3183.0,725.0
CORBL,12/26/2021,868.0,875.0,842.8,860.0,1.06,3820.0,3183.0,725.0
CORBL,12/27/2021,877.0,877.0,825.0,856.0,-0.47,8257.0,3183.0,725.0
CORBL,12/28/2021,856.0,856.0,821.3,849.9,-0.71,2596.0,3183.0,725.0
CORBL,12/29/2021,833.0,851.4,815.0,851.4,0.18,4798.0,3183.0,725.0
CORBL,1/2/2022,868.0,921.0,868.0,917.0,7.7,26733.0,3183.0,725.0
CORBL,1/3/2022,925.0,949.9,922.0,928.0,1.2,18289.0,3183.0,725.0
CORBL,1/4/2022,939.0,946.0,920.0,935.0,0.75,11234.0,3183.0,725.0
CORBL,1/5/2022,953.0,965.0,912.0,920.0,-1.6,16981.0,3183.0,725.0
CORBL,1/6/2022,921.0,925.0,902.0,904.0,-1.74,18234.0,3183.0,725.0
CORBL,1/9/2022,904.0,994.0,904.0,987.0,9.18,45738.0,3183.0,725.0
CORBL,1/10/2022,460.0,500.2,460.0,500.2,-49.32,3615.0,3183.0,725.0
CORBL,1/11/2022,510.2,550.2,510.2,550.2,10.0,690.0,3183.0,725.0
CORBL,1/12/2022,561.0,605.2,561.0,605.2,10.0,4123.0,3183.0,725.0
CORBL,1/13/2022,617.3,665.7,576.3,634.0,4.76,44822.0,3183.0,725.0
CORBL,1/16/2022,646.6,663.0,624.0,660.0,4.1,10874.0,3183.0,725.0
CORBL,1/17/2022,673.0,673.0,637.0,650.0,-1.52,15381.0,3183.0,725.0
CORBL,1/18/2022,651.0,659.9,618.0,620.0,-4.62,11434.0,3183.0,725.0
CORBL,1/19/2022,620.0,628.0,607.0,608.0,-1.94,6824.0,3183.0,725.0
CORBL,1/20/2022,600.0,659.8,585.0,650.0,6.91,7471.0,3183.0,725.0
CORBL,1/23/2022,650.0,655.0,620.0,630.0,-3.08,6806.0,3183.0,725.0
CORBL,1/24/2022,617.5,620.0,605.0,608.0,-3.49,5990.0,3183.0,725.0
CORBL,1/25/2022,605.0,620.0,596.0,608.0,0.0,4246.0,3183.0,725.0
CORBL,1/26/2022,601.0,612.0,595.0,605.0,-0.49,4677.0,3183.0,725.0
CORBL,1/27/2022,595.0,631.0,595.0,602.0,-0.5,2217.0,3183.0,725.0
CORBL,1/30/2022,614.0,638.0,614.0,625.5,3.9,7030.0,3183.0,725.0
CORBL,1/31/2022,626.0,626.0,605.0,610.0,-2.48,7571.0,3183.0,725.0
CORBL,2/1/2022,611.5,622.0,606.5,610.0,0.0,4727.0,3183.0,725.0
CORBL,2/3/2022,610.1,620.0,601.2,601.2,-1.44,6433.0,3183.0,725.0
CORBL,2/6/2022,601.0,606.0,590.0,590.0,-1.86,4341.0,3183.0,725.0
CORBL,2/7/2022,585.0,599.7,580.0,593.0,0.51,5070.0,3183.0,725.0
CORBL,2/8/2022,604.0,604.8,588.0,599.0,1.01,3320.0,3183.0,725.0
CORBL,2/9/2022,594.0,594.0,587.2,590.0,-1.5,974.0,3183.0,725.0
CORBL,2/10/2022,582.0,585.0,572.0,573.0,-2.88,1646.0,3183.0,725.0
CORBL,2/13/2022,562.0,562.0,531.2,531.2,-7.29,5865.0,3183.0,725.0
CORBL,2/14/2022,540.0,550.0,535.0,539.2,1.51,2745.0,3183.0,725.0
CORBL,2/15/2022,540.0,549.5,540.0,545.0,1.08,2180.0,3183.0,725.0
CORBL,2/16/2022,545.0,550.0,535.0,538.0,-1.28,1117.0,3183.0,725.0
CORBL,2/17/2022,545.0,545.0,534.2,538.0,0.0,1060.0,3183.0,725.0
CORBL,2/20/2022,548.7,548.7,520.0,538.0,0.0,3603.0,3183.0,725.0
CORBL,2/21/2022,545.0,546.0,530.0,530.0,-1.49,970.0,3183.0,725.0
CORBL,2/22/2022,530.0,571.0,520.0,562.0,6.04,5758.0,3183.0,725.0
CORBL,2/23/2022,562.0,618.0,560.0,581.0,3.38,6918.0,3183.0,725.0
CORBL,2/24/2022,581.0,581.0,538.0,560.0,-3.61,2455.0,3183.0,725.0
CORBL,2/27/2022,565.0,565.0,545.0,546.0,-2.5,1263.0,3183.0,725.0
CORBL,2/28/2022,555.0,556.9,531.3,535.0,-2.01,2483.0,3183.0,725.0
CORBL,3/2/2022,525.0,530.0,512.0,512.0,-4.3,1727.0,3183.0,725.0
CORBL,3/6/2022,522.0,522.0,500.0,505.9,-1.19,2724.0,3183.0,725.0
CORBL,3/7/2022,506.0,512.0,480.2,485.0,-4.13,3877.0,3183.0,725.0
CORBL,3/9/2022,490.0,495.0,478.0,478.0,-1.44,1974.0,3183.0,725.0
CORBL,3/10/2022,470.0,500.0,470.0,499.5,4.5,1381.0,3183.0,725.0
CORBL,3/13/2022,501.0,549.4,500.0,549.4,9.99,6214.0,3183.0,725.0
CORBL,3/14/2022,560.3,581.4,560.3,570.0,3.75,3889.0,3183.0,725.0
CORBL,3/15/2022,581.4,600.2,565.0,570.0,0.0,7084.0,3183.0,725.0
CORBL,3/16/2022,558.6,569.0,549.0,565.0,-0.88,1726.0,3183.0,725.0
CORBL,3/20/2022,555.0,568.0,543.9,555.0,-1.77,1382.0,3183.0,725.0
CORBL,3/21/2022,566.0,575.0,552.3,552.3,-0.49,1630.0,3183.0,725.0
CORBL,3/22/2022,554.0,574.0,551.9,551.9,-0.07,2677.0,3183.0,725.0
CORBL,3/23/2022,542.1,563.0,542.1,545.0,-1.25,3257.0,3183.0,725.0
CORBL,3/24/2022,541.1,550.0,538.0,538.0,-1.28,1449.0,3183.0,725.0
CORBL,3/27/2022,528.1,548.0,510.0,514.0,-4.46,2388.0,3183.0,725.0
CORBL,3/28/2022,524.0,529.9,510.0,514.0,0.0,1976.0,3183.0,725.0
CORBL,3/29/2022,524.2,524.2,510.0,520.0,1.17,285.0,3183.0,725.0
CORBL,3/30/2022,525.0,525.0,510.0,520.0,0.0,3642.0,3183.0,725.0
CORBL,3/31/2022,530.0,530.0,511.0,511.0,-1.73,763.0,3183.0,725.0
CORBL,4/3/2022,511.0,511.0,500.0,500.0,-2.15,1508.0,3183.0,725.0
CORBL,4/4/2022,500.0,505.0,482.0,483.0,-3.4,2585.0,3183.0,725.0
CORBL,4/5/2022,480.0,485.0,472.0,472.0,-2.28,3630.0,3183.0,725.0
CORBL,4/6/2022,481.0,481.0,470.0,470.0,-0.42,752.0,3183.0,725.0
CORBL,4/7/2022,470.0,481.9,465.0,475.0,1.06,3757.0,3183.0,725.0
CORBL,4/11/2022,482.0,510.0,465.0,465.0,-2.11,1392.0,3183.0,725.0
CORBL,4/12/2022,456.1,456.1,440.2,441.3,-5.1,1360.0,3183.0,725.0
CORBL,4/13/2022,441.0,461.0,441.0,460.0,4.24,1762.0,3183.0,725.0
CORBL,4/17/2022,460.0,484.0,452.0,452.0,-1.74,1533.0,3183.0,725.0
CORBL,4/18/2022,461.0,470.2,445.0,449.0,-0.66,1848.0,3183.0,725.0
CORBL,4/19/2022,441.0,478.2,441.0,455.0,1.34,2183.0,3183.0,725.0
CORBL,4/20/2022,446.1,452.1,442.0,445.0,-2.2,490.0,3183.0,725.0
CORBL,4/21/2022,436.2,462.0,429.0,446.0,0.22,1898.0,3183.0,725.0
CORBL,4/24/2022,454.0,490.6,446.1,489.9,9.84,2569.0,3183.0,725.0
CORBL,4/25/2022,498.0,518.0,490.0,495.0,1.04,864.0,3183.0,725.0
CORBL,4/26/2022,504.9,524.0,472.3,481.7,-2.69,3753.0,3183.0,725.0
CORBL,4/27/2022,480.0,493.6,476.0,480.0,-0.35,507.0,3183.0,725.0
CORBL,4/28/2022,489.6,496.9,475.0,476.0,-0.83,1820.0,3183.0,725.0
CORBL,5/2/2022,470.0,470.0,450.0,458.0,-3.78,760.0,3183.0,725.0
CORBL,5/4/2022,450.0,459.0,442.0,444.0,-3.06,1192.0,3183.0,725.0
CORBL,5/5/2022,444.0,468.0,433.0,433.0,-2.48,1195.0,3183.0,725.0
CORBL,5/8/2022,433.0,444.9,423.4,438.0,1.15,1015.0,3183.0,725.0
CORBL,5/9/2022,445.0,450.0,440.0,440.0,0.46,421.0,3183.0,725.0
CORBL,5/10/2022,434.0,454.9,433.0,452.0,2.73,1103.0,3183.0,725.0
CORBL,5/11/2022,461.0,479.0,445.1,479.0,5.97,3154.0,3183.0,725.0
CORBL,5/12/2022,488.0,497.7,460.6,475.0,-0.84,1293.0,3183.0,725.0
CORBL,5/17/2022,465.5,465.5,456.0,465.0,-2.11,255.0,3183.0,725.0
CORBL,5/18/2022,463.0,471.2,437.0,461.0,-0.86,2108.0,3183.0,725.0
CORBL,5/19/2022,468.0,468.0,441.0,466.5,1.19,1001.0,3183.0,725.0
CORBL,5/20/2022,475.0,475.0,457.0,465.0,-0.32,690.0,3183.0,725.0
CORBL,5/23/2022,455.7,469.0,435.0,469.0,0.86,843.0,3183.0,725.0
CORBL,5/24/2022,459.7,459.7,422.1,422.1,-10.0,10594.0,3183.0,725.0
CORBL,5/25/2022,413.7,413.7,379.9,392.0,-7.13,65233.0,3183.0,725.0
CORBL,5/26/2022,387.0,398.9,383.2,387.0,-1.28,15847.0,3183.0,725.0
CORBL,5/27/2022,394.7,394.7,377.0,385.0,-0.52,6930.0,3183.0,725.0
CORBL,5/30/2022,382.0,383.9,357.0,365.0,-5.19,18757.0,3183.0,725.0
CORBL,5/31/2022,358.0,358.0,340.0,344.0,-5.75,23177.0,3183.0,725.0
CORBL,6/1/2022,350.8,355.0,332.0,355.0,3.2,14572.0,3183.0,725.0
CORBL,6/2/2022,348.0,351.0,339.0,340.0,-4.23,12528.0,3183.0,725.0
CORBL,6/3/2022,345.0,349.0,328.0,336.0,-1.18,14367.0,3183.0,725.0
CORBL,6/6/2022,341.0,341.0,325.2,330.0,-1.79,12006.0,3183.0,725.0
CORBL,6/7/2022,325.0,340.0,318.5,324.4,-1.7,19070.0,3183.0,725.0
CORBL,6/8/2022,320.0,340.0,315.0,333.0,2.65,12520.0,3183.0,725.0
CORBL,6/9/2022,330.0,344.8,320.5,327.9,-1.53,6308.0,3183.0,725.0
CORBL,6/10/2022,321.4,325.0,309.0,317.0,-3.32,13929.0,3183.0,725.0
CORBL,6/13/2022,317.0,321.0,305.0,308.0,-2.84,4071.0,3183.0,725.0
CORBL,6/14/2022,303.0,304.0,295.9,295.9,-3.93,7872.0,3183.0,725.0
CORBL,6/15/2022,292.1,292.1,280.1,285.0,-3.68,11339.0,3183.0,725.0
CORBL,6/16/2022,279.3,293.0,275.0,287.0,0.7,6250.0,3183.0,725.0
CORBL,6/17/2022,287.0,287.0,280.0,280.0,-2.44,2428.0,3183.0,725.0
CORBL,6/19/2022,280.0,280.0,260.0,260.1,-7.11,16929.0,3183.0,725.0
CORBL,6/20/2022,255.0,269.0,239.0,239.0,-8.11,15930.0,3183.0,725.0
CORBL,6/21/2022,241.0,252.7,238.0,252.0,5.44,8398.0,3183.0,725.0
CORBL,6/22/2022,257.0,261.0,239.3,240.0,-4.76,5127.0,3183.0,725.0
CORBL,6/23/2022,235.2,235.2,222.0,226.0,-5.83,7418.0,3183.0,725.0
CORBL,6/24/2022,230.5,230.5,211.3,227.0,0.44,8716.0,3183.0,725.0
CORBL,6/26/2022,231.5,249.7,225.0,249.7,10.0,13397.0,3183.0,725.0
CORBL,6/27/2022,254.6,271.0,247.5,250.0,0.12,19467.0,3183.0,725.0
CORBL,6/28/2022,254.0,258.9,240.0,241.2,-3.52,8560.0,3183.0,725.0
CORBL,6/29/2022,246.0,259.0,236.4,250.3,3.77,5908.0,3183.0,725.0
CORBL,6/30/2022,255.3,275.3,250.5,275.0,9.87,26181.0,3183.0,725.0
CORBL,7/1/2022,275.0,295.0,275.0,288.0,4.73,12862.0,3183.0,725.0
CORBL,7/3/2022,288.0,314.0,285.0,314.0,9.03,19508.0,3183.0,725.0
CORBL,7/4/2022,320.0,345.4,308.0,320.0,1.91,27905.0,3183.0,725.0
CORBL,7/5/2022,315.0,335.0,303.0,319.9,-0.03,19417.0,3183.0,725.0
CORBL,7/6/2022,324.7,327.0,306.0,316.0,-1.22,12675.0,3183.0,725.0
CORBL,7/7/2022,322.0,328.4,313.0,313.1,-0.92,7575.0,3183.0,725.0
CORBL,7/8/2022,313.0,313.0,296.1,300.0,-4.18,10981.0,3183.0,725.0
CORBL,7/11/2022,296.0,296.0,276.0,276.0,-8.0,12041.0,3183.0,725.0
CORBL,7/12/2022,281.5,287.1,270.1,275.0,-0.36,5912.0,3183.0,725.0
CORBL,7/13/2022,280.5,302.5,280.0,302.0,9.82,10162.0,3183.0,725.0
CORBL,7/14/2022,308.0,320.3,307.0,313.0,3.64,11163.0,3183.0,725.0
CORBL,7/15/2022,313.0,314.0,305.0,312.0,-0.32,1786.0,3183.0,725.0
CORBL,7/17/2022,312.0,316.0,305.0,306.0,-1.92,3068.0,3183.0,725.0
CORBL,7/18/2022,307.0,316.2,307.0,312.0,1.96,3526.0,3183.0,725.0
CORBL,7/19/2022,317.8,323.2,313.0,315.0,0.96,13860.0,3183.0,725.0
CORBL,7/20/2022,321.3,333.0,313.5,314.0,-0.32,4694.0,3183.0,725.0
CORBL,7/21/2022,314.0,317.0,308.0,313.0,-0.32,4206.0,3183.0,725.0
CORBL,7/22/2022,307.0,310.0,304.0,307.0,-1.92,7741.0,3183.0,725.0
CORBL,7/24/2022,311.0,337.0,309.0,329.0,7.17,15481.0,3183.0,725.0
CORBL,7/25/2022,335.0,350.0,335.0,349.0,6.08,18682.0,3183.0,725.0
CORBL,7/26/2022,342.5,353.9,336.0,336.1,-3.7,13914.0,3183.0,725.0
CORBL,7/27/2022,330.0,345.0,322.0,342.9,2.02,16398.0,3183.0,725.0
CORBL,7/28/2022,349.7,355.0,334.7,340.0,-0.85,24110.0,3183.0,725.0
CORBL,7/29/2022,340.0,364.0,340.0,352.0,3.53,8448.0,3183.0,725.0
CORBL,7/31/2022,359.0,367.2,358.0,360.0,2.27,14620.0,3183.0,725.0
CORBL,8/1/2022,355.0,361.0,347.1,352.0,-2.22,14339.0,3183.0,725.0
CORBL,8/2/2022,350.0,363.1,347.0,352.5,0.14,8786.0,3183.0,725.0
CORBL,8/3/2022,355.0,362.1,339.1,353.0,0.14,12169.0,3183.0,725.0
CORBL,8/4/2022,346.0,358.0,346.0,347.0,-1.7,14421.0,3183.0,725.0
CORBL,8/5/2022,340.1,344.9,329.3,329.5,-5.04,5967.0,3183.0,725.0
CORBL,8/7/2022,331.0,342.0,326.0,330.0,0.15,9033.0,3183.0,725.0
CORBL,8/8/2022,336.6,344.0,326.0,327.0,-0.91,13652.0,3183.0,725.0
CORBL,8/9/2022,322.0,326.0,315.0,316.0,-3.36,14727.0,3183.0,725.0
CORBL,8/10/2022,309.7,327.9,303.6,313.0,-0.95,9401.0,3183.0,725.0
CORBL,8/11/2022,313.0,319.2,307.0,310.0,-0.96,5587.0,3183.0,725.0
CORBL,8/14/2022,310.0,313.0,303.0,310.0,0.0,4109.0,3183.0,725.0
CORBL,8/15/2022,304.0,330.0,304.0,327.0,5.48,10881.0,3183.0,725.0
CORBL,8/16/2022,327.0,339.0,315.0,319.0,-2.45,8576.0,3183.0,725.0
CORBL,8/17/2022,320.0,321.0,314.0,319.5,0.16,1976.0,3183.0,725.0
CORBL,8/18/2022,325.0,331.0,315.0,331.0,3.6,4873.0,3183.0,725.0
CORBL,8/21/2022,337.0,337.6,316.0,316.0,-4.53,7949.0,3183.0,725.0
CORBL,8/22/2022,316.0,322.0,315.0,318.0,0.63,6630.0,3183.0,725.0
CORBL,8/23/2022,319.0,320.0,313.0,314.0,-1.26,2884.0,3183.0,725.0
CORBL,8/24/2022,320.0,320.0,310.0,315.0,0.32,4070.0,3183.0,725.0
CORBL,8/25/2022,321.0,326.9,309.0,316.0,0.32,2692.0,3183.0,725.0
CORBL,8/26/2022,310.0,310.0,303.8,306.0,-3.16,2490.0,3183.0,725.0
CORBL,8/28/2022,305.0,308.0,295.0,296.0,-3.27,8929.0,3183.0,725.0
CORBL,8/29/2022,292.1,300.0,292.0,298.0,0.68,5363.0,3183.0,725.0
CORBL,8/30/2022,303.9,305.0,294.0,295.0,-1.01,3840.0,3183.0,725.0
CORBL,8/31/2022,300.7,300.9,290.0,292.5,-0.85,2111.0,3183.0,725.0
CORBL,9/1/2022,295.0,305.0,286.7,293.0,0.17,4742.0,3183.0,725.0
CORBL,9/2/2022,293.0,310.0,293.0,298.0,1.71,3397.0,3183.0,725.0
CORBL,9/4/2022,303.0,308.0,301.0,303.0,1.68,3788.0,3183.0,725.0
CORBL,9/5/2022,305.0,305.0,298.0,300.0,-0.99,3371.0,3183.0,725.0
CORBL,9/6/2022,295.0,297.0,292.0,292.0,-2.67,2560.0,3183.0,725.0
CORBL,9/7/2022,291.0,295.9,288.0,288.0,-1.37,2393.0,3183.0,725.0
CORBL,9/8/2022,283.0,298.0,283.0,294.6,2.29,1333.0,3183.0,725.0
CORBL,9/11/2022,289.0,295.0,288.0,293.0,-0.54,2698.0,3183.0,725.0
CORBL,9/12/2022,298.8,298.8,284.0,285.0,-2.73,2784.0,3183.0,725.0
CORBL,9/13/2022,285.0,295.0,285.0,289.0,1.4,3305.0,3183.0,725.0
CORBL,9/14/2022,294.7,307.9,290.0,305.0,5.54,6101.0,3183.0,725.0
CORBL,9/15/2022,304.9,306.0,287.0,288.0,-5.57,4426.0,3183.0,725.0
CORBL,9/16/2022,282.3,282.3,273.5,277.0,-3.82,6945.0,3183.0,725.0
CORBL,9/18/2022,272.0,275.0,266.6,266.6,-3.75,3235.0,3183.0,725.0
CORBL,9/20/2022,265.0,265.0,256.1,261.0,-2.1,2329.0,3183.0,725.0
CORBL,9/21/2022,261.0,275.0,261.0,267.0,2.3,1496.0,3183.0,725.0
CORBL,9/22/2022,272.3,272.3,262.2,262.2,-1.8,1811.0,3183.0,725.0
CORBL,9/25/2022,260.0,260.0,243.2,253.0,-3.51,3835.0,3183.0,725.0
CORBL,9/27/2022,258.0,265.1,255.8,260.0,2.77,1517.0,3183.0,725.0
CORBL,9/28/2022,260.1,263.6,255.3,260.0,0.0,2185.0,3183.0,725.0
CORBL,9/29/2022,259.0,260.1,254.8,256.2,-1.46,3669.0,3183.0,725.0
CORBL,10/9/2022,260.9,271.0,260.9,269.0,5.0,704.0,3183.0,725.0
CORBL,10/10/2022,270.0,275.0,264.0,265.0,-1.49,1805.0,3183.0,725.0
CORBL,10/11/2022,260.0,260.0,255.0,260.0,-1.89,822.0,3183.0,725.0
CORBL,10/12/2022,255.0,275.8,255.0,269.0,3.46,1810.0,3183.0,725.0
CORBL,10/13/2022,274.3,275.0,266.0,271.0,0.74,1556.0,3183.0,725.0
CORBL,10/16/2022,271.0,271.0,260.3,264.0,-2.58,1861.0,3183.0,725.0
CORBL,10/17/2022,260.0,264.9,256.5,259.0,-1.89,708.0,3183.0,725.0
CORBL,10/19/2022,260.0,262.0,254.0,255.0,-1.54,880.0,3183.0,725.0
CORBL,10/20/2022,256.0,261.0,250.0,257.0,0.78,1315.0,3183.0,725.0
CORBL,10/23/2022,258.0,262.0,253.1,254.1,-1.13,945.0,3183.0,725.0
CORBL,10/31/2022,259.1,259.1,253.0,258.0,1.53,539.0,3183.0,725.0
CORBL,11/1/2022,261.9,274.5,261.0,265.3,2.83,10265.0,3183.0,725.0
CORBL,11/2/2022,270.6,290.0,270.6,288.5,8.74,19650.0,3183.0,725.0
CORBL,11/3/2022,287.0,300.0,285.3,289.5,0.35,3239.0,3183.0,725.0
CORBL,11/6/2022,292.0,301.7,279.6,301.7,4.21,6732.0,3183.0,725.0
CORBL,11/7/2022,296.0,303.0,290.0,293.0,-2.88,7975.0,3183.0,725.0
CORBL,11/8/2022,298.0,298.0,285.0,289.0,-1.37,2935.0,3183.0,725.0
CORBL,11/9/2022,294.0,297.0,271.0,275.0,-4.84,5466.0,3183.0,725.0
CORBL,11/10/2022,280.5,280.5,265.0,265.0,-3.64,3620.0,3183.0,725.0
CORBL,11/13/2022,270.3,275.0,266.0,266.0,0.38,2490.0,3183.0,725.0
CORBL,11/14/2022,271.3,282.1,271.3,282.1,6.05,1528.0,3183.0,725.0
CORBL,11/15/2022,282.0,287.2,275.0,282.5,0.14,1900.0,3183.0,725.0
CORBL,11/16/2022,287.7,287.7,280.0,285.0,0.88,233.0,3183.0,725.0
CORBL,11/17/2022,289.0,291.0,286.0,290.0,1.75,5543.0,3183.0,725.0
CORBL,11/22/2022,294.5,300.0,286.0,286.0,-1.38,7461.0,3183.0,725.0
CORBL,11/23/2022,286.0,289.0,280.6,282.0,-1.4,1725.0,3183.0,725.0
CORBL,11/24/2022,287.0,289.9,283.0,285.0,1.06,1698.0,3183.0,725.0
CORBL,11/27/2022,282.0,297.0,280.0,296.8,4.14,4455.0,3183.0,725.0
CORBL,11/28/2022,292.0,302.7,290.0,290.0,-2.29,7367.0,3183.0,725.0
CORBL,11/29/2022,290.0,295.0,286.0,290.0,0.0,1691.0,3183.0,725.0
CORBL,11/30/2022,285.5,293.7,285.5,290.0,0.0,310.0,3183.0,725.0
CORBL,12/1/2022,295.0,295.0,289.1,291.0,0.34,1623.0,3183.0,725.0
CORBL,12/4/2022,293.0,294.0,285.5,285.5,-1.89,1775.0,3183.0,725.0
CORBL,12/5/2022,289.0,289.0,276.5,280.0,-1.93,4773.0,3183.0,725.0
CORBL,12/6/2022,275.0,280.0,273.5,275.0,-1.79,3700.0,3183.0,725.0
CORBL,12/7/2022,275.0,275.0,270.0,274.0,-0.36,863.0,3183.0,725.0
CORBL,12/11/2022,274.0,274.0,265.0,270.0,-1.46,1956.0,3183.0,725.0
CORBL,12/12/2022,269.0,276.0,266.0,271.1,0.41,1503.0,3183.0,725.0
CORBL,12/13/2022,272.0,275.4,267.1,270.0,-0.41,582.0,3183.0,725.0
CORBL,12/14/2022,270.0,277.0,270.0,277.0,2.59,837.0,3183.0,725.0
CORBL,12/15/2022,278.0,278.0,273.0,276.0,-0.36,1555.0,3183.0,725.0
CORBL,12/18/2022,270.7,276.1,265.3,265.3,-3.88,1177.0,3183.0,725.0
CORBL,12/19/2022,266.0,270.2,262.5,270.2,1.85,4125.0,3183.0,725.0
CORBL,12/20/2022,274.8,274.8,265.0,265.0,-1.92,1550.0,3183.0,725.0
CORBL,12/21/2022,265.0,268.0,259.7,262.0,-1.13,3621.0,3183.0,725.0
CORBL,12/22/2022,263.0,263.0,258.0,258.0,-1.53,1963.0,3183.0,725.0
CORBL,12/26/2022,263.0,275.0,263.0,274.0,6.2,4080.0,3183.0,725.0
CORBL,12/27/2022,279.3,297.0,279.3,293.0,6.93,11381.0,3183.0,725.0
CORBL,12/28/2022,295.0,297.0,283.0,293.0,0.0,4359.0,3183.0,725.0
CORBL,12/29/2022,291.0,305.0,290.0,304.0,3.75,5914.0,3183.0,725.0
CORBL,1/1/2023,310.0,317.0,300.0,307.0,0.99,10315.0,3183.0,725.0
CORBL,1/2/2023,307.2,310.0,296.0,306.0,-0.33,5332.0,3183.0,725.0
CORBL,1/3/2023,304.0,307.0,297.3,297.3,-2.84,7755.0,3183.0,725.0
CORBL,1/4/2023,297.0,316.0,297.0,316.0,6.29,15418.0,3183.0,725.0
CORBL,1/5/2023,322.0,331.0,317.0,322.0,1.9,17779.0,3183.0,725.0
CORBL,1/8/2023,328.0,339.6,327.0,329.3,2.27,20244.0,3183.0,725.0
CORBL,1/9/2023,334.9,344.9,330.0,344.9,4.74,11658.0,3183.0,725.0
CORBL,1/10/2023,351.7,360.0,324.0,330.0,-4.32,19442.0,3183.0,725.0
CORBL,1/12/2023,336.6,343.0,315.0,317.0,-3.94,15160.0,3183.0,725.0
CORBL,1/17/2023,320.0,342.5,316.0,339.0,6.94,12935.0,3183.0,725.0
CORBL,1/18/2023,339.0,358.0,332.0,338.0,-0.29,12464.0,3183.0,725.0
CORBL,1/19/2023,340.0,347.0,335.0,344.7,1.98,13343.0,3183.0,725.0
CORBL,1/23/2023,345.5,345.5,331.8,331.9,-3.71,7552.0,3183.0,725.0
CORBL,1/24/2023,330.0,334.5,310.0,319.0,-3.89,12300.0,3183.0,725.0
CORBL,1/25/2023,325.3,339.0,322.0,328.2,2.88,5260.0,3183.0,725.0
CORBL,1/26/2023,334.6,340.0,323.0,331.0,0.85,4089.0,3183.0,725.0
CORBL,1/29/2023,326.0,333.3,320.0,323.0,-2.42,5052.0,3183.0,725.0
CORBL,1/30/2023,318.1,325.0,311.0,311.0,-3.72,5758.0,3183.0,725.0
CORBL,1/31/2023,305.0,319.2,301.0,315.0,1.29,8439.0,3183.0,725.0
CORBL,2/1/2023,320.0,320.0,309.2,317.5,0.79,4159.0,3183.0,725.0
CORBL,2/2/2023,323.0,323.5,307.0,308.0,-2.99,7157.0,3183.0,725.0
CORBL,2/5/2023,303.4,319.0,303.4,314.0,1.95,2906.0,3183.0,725.0
CORBL,2/6/2023,307.9,313.5,306.0,311.0,-0.96,5107.0,3183.0,725.0
CORBL,2/7/2023,317.2,330.0,315.6,328.0,5.47,7794.0,3183.0,725.0
CORBL,2/8/2023,334.5,341.0,330.0,332.0,1.22,28451.0,3183.0,725.0
CORBL,2/9/2023,337.0,341.0,330.3,340.0,2.41,13571.0,3183.0,725.0
CORBL,2/12/2023,333.2,338.0,323.4,330.0,-2.94,18142.0,3183.0,725.0
CORBL,2/14/2023,335.0,341.0,329.1,331.2,0.36,11552.0,3183.0,725.0
CORBL,2/15/2023,337.0,346.0,335.0,345.0,4.17,18543.0,3183.0,725.0
CORBL,2/16/2023,340.0,342.1,330.0,332.0,-3.77,5655.0,3183.0,725.0
CORBL,2/20/2023,338.0,338.0,326.0,326.0,-1.81,6805.0,3183.0,725.0
CORBL,2/22/2023,316.6,326.0,316.5,326.0,0.0,1917.0,3183.0,725.0
CORBL,2/23/2023,319.5,324.0,310.0,320.5,-1.69,5483.0,3183.0,725.0
CORBL,2/26/2023,318.0,319.0,300.0,319.0,-0.47,10241.0,3183.0,725.0
CORBL,2/27/2023,315.0,325.0,309.0,316.5,-0.78,2317.0,3183.0,725.0
CORBL,2/28/2023,310.3,320.0,310.2,314.0,-0.79,4821.0,3183.0,725.0
CORBL,3/1/2023,312.0,312.0,301.8,309.0,-1.59,6145.0,3183.0,725.0
CORBL,3/2/2023,305.1,309.0,300.0,307.0,-0.65,5400.0,3183.0,725.0
CORBL,3/5/2023,302.0,302.0,294.9,297.0,-3.26,4447.0,3183.0,725.0
CORBL,3/7/2023,302.0,308.0,300.0,303.9,2.32,4517.0,3183.0,725.0
CORBL,3/9/2023,309.9,315.9,303.0,314.0,3.32,2564.0,3183.0,725.0
CORBL,3/12/2023,315.0,315.0,305.0,309.5,-1.43,1631.0,3183.0,725.0
CORBL,3/13/2023,315.0,315.0,297.0,304.0,-1.78,1705.0,3183.0,725.0
CORBL,3/14/2023,304.0,315.0,298.1,311.1,2.34,2722.0,3183.0,725.0
CORBL,3/15/2023,307.0,311.0,305.0,311.0,-0.03,1735.0,3183.0,725.0
CORBL,3/16/2023,306.0,310.8,300.0,306.0,-1.61,3013.0,3183.0,725.0
CORBL,3/19/2023,312.0,312.0,302.0,302.0,-1.31,1996.0,3183.0,725.0
CORBL,3/20/2023,308.0,314.0,305.0,308.8,2.25,495.0,3183.0,725.0
CORBL,3/22/2023,310.0,310.0,300.0,303.0,-1.88,2814.0,3183.0,725.0
CORBL,3/23/2023,297.1,302.0,297.1,300.0,-0.99,2391.0,3183.0,725.0
CORBL,3/26/2023,295.0,295.8,287.0,293.0,-2.33,17631.0,3183.0,725.0
CORBL,3/27/2023,290.0,300.0,290.0,296.0,1.02,3536.0,3183.0,725.0
CORBL,3/28/2023,296.0,307.0,296.0,305.0,3.04,4331.0,3183.0,725.0
CORBL,3/29/2023,301.0,305.0,295.0,305.0,0.0,3342.0,3183.0,725.0
CORBL,3/30/2023,298.9,304.8,298.6,304.8,-0.07,561.0,3183.0,725.0
CORBL,4/2/2023,301.0,301.0,290.1,292.1,-4.17,6538.0,3183.0,725.0
CORBL,4/3/2023,290.0,292.0,288.0,292.0,-0.03,1728.0,3183.0,725.0
CORBL,4/4/2023,290.0,300.0,286.2,300.0,2.74,10394.0,3183.0,725.0
CORBL,4/5/2023,300.0,302.0,290.3,302.0,0.67,3772.0,3183.0,725.0
CORBL,4/6/2023,308.0,308.0,289.0,301.9,-0.03,1972.0,3183.0,725.0
CORBL,4/9/2023,307.8,307.8,286.2,290.0,-3.94,738.0,3183.0,725.0
CORBL,4/10/2023,295.8,300.0,278.7,292.0,0.69,895.0,3183.0,725.0
CORBL,4/11/2023,297.0,302.0,286.5,300.0,2.74,2759.0,3183.0,725.0
CORBL,4/12/2023,306.0,326.0,304.0,322.8,7.6,4812.0,3183.0,725.0
CORBL,4/13/2023,327.9,327.9,303.2,309.0,-4.28,6190.0,3183.0,725.0
CORBL,4/16/2023,315.1,319.0,300.0,301.0,-2.59,5541.0,3183.0,725.0
CORBL,4/17/2023,306.0,306.0,290.5,291.0,-3.32,2644.0,3183.0,725.0
CORBL,4/18/2023,291.0,315.0,287.0,290.1,-0.31,4026.0,3183.0,725.0
CORBL,4/19/2023,295.9,319.0,285.2,299.1,3.1,4942.0,3183.0,725.0
CORBL,4/20/2023,305.0,323.0,295.1,295.1,-1.34,2296.0,3183.0,725.0
CORBL,4/23/2023,301.0,312.9,295.5,295.5,0.14,4000.0,3183.0,725.0
CORBL,4/24/2023,301.4,307.0,294.0,294.1,-0.47,975.0,3183.0,725.0
CORBL,4/25/2023,299.9,305.0,295.0,295.0,0.31,1095.0,3183.0,725.0
CORBL,4/26/2023,300.0,309.0,290.0,290.0,-1.69,1525.0,3183.0,725.0
CORBL,4/27/2023,295.8,301.0,291.1,292.0,0.69,1589.0,3183.0,725.0
CORBL,4/30/2023,297.8,303.0,287.0,287.0,-1.71,2399.0,3183.0,725.0
CORBL,5/2/2023,288.0,294.0,287.5,288.5,0.52,3918.0,3183.0,725.0
CORBL,5/3/2023,294.2,305.0,281.0,289.9,0.49,2857.0,3183.0,725.0
CORBL,5/4/2023,295.6,301.0,289.0,296.8,2.38,835.0,3183.0,725.0
CORBL,5/7/2023,301.5,301.5,279.5,287.0,-3.3,1425.0,3183.0,725.0
CORBL,5/8/2023,292.7,298.5,278.1,280.1,-2.4,3125.0,3183.0,725.0
CORBL,5/9/2023,285.7,297.2,285.7,286.0,2.11,1471.0,3183.0,725.0
CORBL,5/10/2023,291.7,309.4,282.0,283.0,-1.05,2098.0,3183.0,725.0
CORBL,5/11/2023,288.6,292.9,283.3,283.3,0.11,289.0,3183.0,725.0
CORBL,5/14/2023,283.4,288.7,278.4,280.9,-0.85,1909.0,3183.0,725.0
CORBL,5/15/2023,286.5,291.4,283.0,285.0,1.46,2312.0,3183.0,725.0
CORBL,5/16/2023,290.0,290.0,283.3,283.3,-0.6,2060.0,3183.0,725.0
CORBL,5/17/2023,288.9,292.0,285.2,285.5,0.78,3019.0,3183.0,725.0
CORBL,5/18/2023,291.2,300.9,291.0,295.0,3.33,10181.0,3183.0,725.0
CORBL,5/21/2023,296.0,305.0,285.0,294.9,-0.03,2513.0,3183.0,725.0
CORBL,5/22/2023,300.0,306.0,277.8,297.0,0.71,2524.0,3183.0,725.0
CORBL,5/23/2023,302.9,304.0,296.9,302.0,1.68,2169.0,3183.0,725.0
CORBL,5/24/2023,303.0,303.0,291.0,293.0,-2.98,3762.0,3183.0,725.0
CORBL,5/28/2023,289.0,306.5,289.0,291.2,-0.61,2681.0,3183.0,725.0
CORBL,5/30/2023,290.0,301.7,285.2,297.5,2.16,7135.0,3183.0,725.0
CORBL,5/31/2023,291.6,298.0,286.7,287.0,-3.53,1728.0,3183.0,725.0
CORBL,6/1/2023,292.7,297.0,286.2,287.0,0.0,1782.0,3183.0,725.0
CORBL,6/4/2023,292.7,304.4,292.7,301.0,4.88,672.0,3183.0,725.0
CORBL,6/5/2023,304.0,304.0,288.1,292.1,-2.96,3079.0,3183.0,725.0
CORBL,6/6/2023,297.3,300.0,291.2,291.2,-0.31,463.0,3183.0,725.0
CORBL,6/7/2023,297.0,306.0,290.3,300.5,3.19,10386.0,3183.0,725.0
CORBL,6/8/2023,306.1,306.1,294.0,300.0,-0.17,1441.0,3183.0,725.0
CORBL,6/11/2023,305.9,314.5,302.9,311.2,3.73,15244.0,3183.0,725.0
CORBL,6/12/2023,311.2,327.0,311.2,317.1,1.9,11005.0,3183.0,725.0
CORBL,6/13/2023,314.0,325.0,314.0,318.5,0.44,4261.0,3183.0,725.0
CORBL,6/14/2023,324.0,335.0,311.7,318.0,-0.16,5506.0,3183.0,725.0
CORBL,6/15/2023,324.3,325.8,307.0,314.0,-1.26,3061.0,3183.0,725.0
CORBL,6/18/2023,314.9,325.0,310.0,317.7,1.18,3827.0,3183.0,725.0
CORBL,6/19/2023,324.0,335.0,319.0,324.0,1.98,12694.0,3183.0,725.0
CORBL,6/20/2023,330.0,346.9,325.0,326.5,0.77,26248.0,3183.0,725.0
CORBL,6/21/2023,330.0,331.0,309.8,309.8,-5.11,4825.0,3183.0,725.0
CORBL,6/22/2023,315.0,328.5,312.5,318.0,2.65,3734.0,3183.0,725.0
CORBL,6/25/2023,324.0,331.0,319.0,329.9,3.74,8664.0,3183.0,725.0
CORBL,6/26/2023,329.9,339.0,328.0,329.0,-0.27,9102.0,3183.0,725.0
CORBL,6/27/2023,323.0,336.0,321.2,330.0,0.3,12419.0,3183.0,725.0
CORBL,6/28/2023,336.0,336.0,315.0,315.7,-4.33,11973.0,3183.0,725.0
CORBL,7/2/2023,322.0,322.0,310.7,311.0,-1.49,6724.0,3183.0,725.0
CORBL,7/3/2023,305.1,328.7,305.1,314.0,0.96,23476.0,3183.0,725.0
CORBL,7/4/2023,320.2,325.0,314.0,323.0,2.87,11664.0,3183.0,725.0
CORBL,7/5/2023,328.0,328.0,315.1,315.1,-2.45,12800.0,3183.0,725.0
CORBL,7/6/2023,321.4,327.8,315.0,319.6,1.43,11016.0,3183.0,725.0
CORBL,7/9/2023,325.9,332.0,319.0,324.9,1.66,3029.0,3183.0,725.0
CORBL,7/10/2023,331.3,332.0,318.5,329.0,1.26,5379.0,3183.0,725.0
CORBL,7/11/2023,335.5,360.0,331.0,359.4,9.24,35942.0,3183.0,725.0
CORBL,7/12/2023,361.0,381.4,361.0,377.0,4.9,22444.0,3183.0,725.0
CORBL,7/13/2023,384.5,392.1,358.0,363.5,-3.58,12114.0,3183.0,725.0
CORBL,7/16/2023,370.7,377.0,345.0,350.0,-3.71,12436.0,3183.0,725.0
CORBL,7/17/2023,357.0,371.0,343.0,369.0,5.43,24147.0,3183.0,725.0
CORBL,7/18/2023,376.3,376.3,361.0,361.0,-2.17,8491.0,3183.0,725.0
CORBL,7/19/2023,367.0,367.0,360.0,367.0,1.66,9775.0,3183.0,725.0
CORBL,7/20/2023,374.2,400.0,362.4,386.5,5.31,35716.0,3183.0,725.0
CORBL,7/23/2023,390.0,397.0,375.4,389.9,0.88,17207.0,3183.0,725.0
CORBL,7/24/2023,397.6,397.6,367.5,370.0,-5.1,27925.0,3183.0,725.0
CORBL,7/25/2023,370.0,377.0,357.9,358.0,-3.24,17732.0,3183.0,725.0
CORBL,7/26/2023,365.0,365.5,357.5,361.0,0.84,4300.0,3183.0,725.0
CORBL,7/27/2023,368.0,368.0,355.5,355.6,-1.5,8495.0,3183.0,725.0
CORBL,7/30/2023,360.8,363.0,347.9,359.0,0.96,8589.0,3183.0,725.0
CORBL,7/31/2023,366.1,380.0,351.0,351.5,-2.09,6188.0,3183.0,725.0
CORBL,8/1/2023,358.5,369.9,344.0,344.0,-2.13,1985.0,3183.0,725.0
CORBL,8/2/2023,350.8,354.0,341.2,347.1,0.9,2928.0,3183.0,725.0
CORBL,8/3/2023,341.0,363.0,341.0,345.3,-0.52,4269.0,3183.0,725.0
CORBL,8/6/2023,352.2,358.4,333.2,349.7,1.27,6094.0,3183.0,725.0
CORBL,8/7/2023,356.6,356.6,335.0,350.0,0.09,3165.0,3183.0,725.0
CORBL,8/8/2023,353.0,353.0,323.0,348.0,-0.57,10553.0,3183.0,725.0
CORBL,8/9/2023,354.9,354.9,330.0,349.0,0.29,7649.0,3183.0,725.0
CORBL,8/10/2023,355.9,363.0,338.0,338.0,-3.15,2363.0,3183.0,725.0
CORBL,8/13/2023,344.7,346.8,333.3,337.0,-0.3,2041.0,3183.0,725.0
CORBL,8/14/2023,343.0,343.0,330.3,336.0,-0.3,4740.0,3183.0,725.0
CORBL,8/15/2023,342.7,348.0,316.0,327.0,-2.68,3022.0,3183.0,725.0
CORBL,8/16/2023,333.5,340.1,313.0,323.0,-1.22,8323.0,3183.0,725.0
CORBL,8/17/2023,329.0,335.0,317.0,317.0,-1.86,2742.0,3183.0,725.0
CORBL,8/20/2023,323.3,341.0,310.9,318.5,0.47,2932.0,3183.0,725.0
CORBL,8/21/2023,324.8,331.2,315.0,316.6,-0.6,2380.0,3183.0,725.0
CORBL,8/22/2023,322.9,332.0,317.6,317.6,0.32,2746.0,3183.0,725.0
CORBL,8/23/2023,323.9,330.0,315.0,322.0,1.39,3057.0,3183.0,725.0
CORBL,8/24/2023,328.4,330.0,317.0,319.0,-0.93,4991.0,3183.0,725.0
CORBL,8/27/2023,325.3,325.3,318.1,318.1,-0.28,1842.0,3183.0,725.0
CORBL,8/28/2023,322.9,324.0,316.0,317.5,-0.19,1528.0,3183.0,725.0
CORBL,8/29/2023,323.8,336.0,311.3,316.2,-0.41,1454.0,3183.0,725.0
CORBL,8/30/2023,322.5,322.5,315.6,316.8,0.19,3378.0,3183.0,725.0
CORBL,9/3/2023,322.9,322.9,312.1,314.0,-0.88,4004.0,3183.0,725.0
CORBL,9/4/2023,320.0,322.0,310.0,322.0,2.55,4005.0,3183.0,725.0
CORBL,9/5/2023,328.0,328.0,309.0,319.0,-0.93,466.0,3183.0,725.0
CORBL,9/7/2023,317.1,317.1,312.9,316.0,-0.94,3253.0,3183.0,725.0
CORBL,9/10/2023,319.9,319.9,313.0,318.0,0.63,340.0,3183.0,725.0
CORBL,9/11/2023,324.0,325.0,318.0,320.0,0.63,3321.0,3183.0,725.0
CORBL,9/12/2023,324.9,326.4,317.0,317.1,-0.91,2520.0,3183.0,725.0
CORBL,9/13/2023,322.8,330.0,320.0,327.0,3.12,3339.0,3183.0,725.0
CORBL,9/17/2023,333.0,333.0,311.5,314.1,-3.94,2448.0,3183.0,725.0
CORBL,9/18/2023,320.3,324.0,311.1,317.1,0.96,2636.0,3183.0,725.0
CORBL,9/19/2023,323.4,343.0,311.0,325.4,2.62,4827.0,3183.0,725.0
CORBL,9/21/2023,331.9,339.9,330.0,336.0,3.26,4605.0,3183.0,725.0
CORBL,9/24/2023,342.7,342.7,328.6,328.6,-2.2,5248.0,3183.0,725.0
CORBL,9/25/2023,328.0,339.0,328.0,329.0,0.12,2434.0,3183.0,725.0
CORBL,9/26/2023,326.2,341.0,326.2,338.0,2.74,4650.0,3183.0,725.0
CORBL,9/27/2023,332.0,337.5,320.0,332.3,-1.69,5188.0,3183.0,725.0
CORBL,10/1/2023,334.9,334.9,325.1,325.1,-2.17,6276.0,3183.0,725.0
CORBL,10/2/2023,331.0,338.0,319.0,329.3,1.29,2349.0,3183.0,725.0
CORBL,10/3/2023,323.0,338.0,323.0,324.1,-1.58,2573.0,3183.0,725.0
CORBL,10/4/2023,330.0,336.0,326.0,326.0,0.59,3032.0,3183.0,725.0
CORBL,10/5/2023,330.0,332.0,324.0,330.4,1.35,1931.0,3183.0,725.0
CORBL,10/8/2023,326.0,326.0,321.0,321.6,-2.66,1205.0,3183.0,725.0
CORBL,10/9/2023,320.0,332.0,320.0,327.5,1.83,3728.0,3183.0,725.0
CORBL,10/10/2023,324.9,325.0,320.0,321.0,-1.98,470.0,3183.0,725.0
CORBL,10/11/2023,317.1,328.4,317.1,325.0,1.25,595.0,3183.0,725.0
CORBL,10/12/2023,320.0,344.8,315.2,315.2,-3.02,3133.0,3183.0,725.0
CORBL,10/16/2023,311.0,317.0,310.3,315.0,-0.06,3902.0,3183.0,725.0
CORBL,10/17/2023,316.0,333.9,312.5,316.0,0.32,770.0,3183.0,725.0
CORBL,10/18/2023,322.3,328.7,322.0,322.0,1.9,803.0,3183.0,725.0
CORBL,10/19/2023,328.4,341.0,322.0,330.0,2.48,1535.0,3183.0,725.0
CORBL,10/29/2023,324.0,335.0,317.6,319.3,-3.24,575.0,3183.0,725.0
CORBL,10/30/2023,325.6,329.3,320.0,320.2,0.28,1061.0,3183.0,725.0
CORBL,10/31/2023,326.6,339.6,313.9,319.5,-0.22,922.0,3183.0,725.0
CORBL,11/1/2023,325.8,332.3,317.1,317.1,-0.75,810.0,3183.0,725.0
CORBL,11/2/2023,323.4,323.4,313.1,315.0,-0.66,1198.0,3183.0,725.0
CORBL,11/5/2023,309.4,320.0,309.0,309.0,-1.9,1570.0,3183.0,725.0
CORBL,11/6/2023,315.1,321.4,309.0,313.5,1.46,3046.0,3183.0,725.0
CORBL,11/7/2023,319.0,324.7,313.1,324.7,3.57,1862.0,3183.0,725.0
CORBL,11/8/2023,331.1,337.0,304.0,304.0,-6.38,231.0,3183.0,725.0
CORBL,11/9/2023,310.0,322.5,310.0,311.6,2.5,1368.0,3183.0,725.0
CORBL,11/20/2023,317.8,330.0,303.0,303.0,-2.76,1158.0,3183.0,725.0
CORBL,11/21/2023,309.0,325.0,304.0,304.0,0.33,6302.0,3183.0,725.0
CORBL,11/22/2023,310.0,334.4,307.0,310.0,1.97,3905.0,3183.0,725.0
CORBL,11/23/2023,316.2,330.0,311.1,311.1,0.35,5831.0,3183.0,725.0
CORBL,11/26/2023,317.0,337.0,317.0,337.0,8.33,13252.0,3183.0,725.0
CORBL,11/27/2023,343.7,350.0,322.0,332.0,-1.48,4687.0,3183.0,725.0
CORBL,11/28/2023,338.6,345.3,327.0,328.0,-1.2,2070.0,3183.0,725.0
CORBL,11/29/2023,334.5,347.9,322.0,322.0,-1.83,2923.0,3183.0,725.0
CORBL,11/30/2023,328.4,334.9,317.5,320.0,-0.62,3812.0,3183.0,725.0
CORBL,12/3/2023,326.4,332.9,318.5,327.0,2.19,6000.0,3183.0,725.0
CORBL,12/4/2023,333.5,333.5,320.2,320.2,-2.08,2249.0,3183.0,725.0
CORBL,12/5/2023,326.6,335.0,325.0,325.6,1.69,5868.0,3183.0,725.0
CORBL,12/6/2023,332.0,336.5,325.5,327.0,0.43,6528.0,3183.0,725.0
CORBL,12/7/2023,333.5,340.0,327.0,340.0,3.98,4595.0,3183.0,725.0
CORBL,12/10/2023,346.0,352.9,346.0,352.9,3.79,1603.0,3183.0,725.0
CORBL,12/11/2023,359.0,366.1,332.0,335.0,-5.07,4078.0,3183.0,725.0
CORBL,12/12/2023,341.7,355.0,336.0,343.0,2.39,8491.0,3183.0,725.0
CORBL,12/13/2023,349.8,363.5,342.5,342.6,-0.12,16064.0,3183.0,725.0
CORBL,12/14/2023,349.4,362.0,349.4,355.7,3.82,15590.0,3183.0,725.0
CORBL,12/17/2023,355.0,365.0,350.0,364.0,2.33,7965.0,3183.0,725.0
CORBL,12/18/2023,371.0,371.9,361.0,363.0,-0.27,7796.0,3183.0,725.0
CORBL,12/19/2023,370.2,385.1,355.8,365.0,0.55,4546.0,3183.0,725.0
CORBL,12/20/2023,360.1,372.3,354.0,363.0,-0.55,6520.0,3183.0,725.0
CORBL,12/21/2023,355.8,369.0,351.0,355.0,-2.2,5834.0,3183.0,725.0
CORBL,12/24/2023,348.0,360.0,347.9,353.0,-0.56,7852.0,3183.0,725.0
CORBL,12/27/2023,360.0,367.0,346.4,350.5,-0.71,11150.0,3183.0,725.0
CORBL,12/28/2023,357.5,364.0,355.0,361.0,3.0,3875.0,3183.0,725.0
CORBL,1/1/2024,355.0,368.2,353.9,361.1,0.03,8563.0,3183.0,725.0
CORBL,1/2/2024,364.9,364.9,351.0,357.0,-1.14,3375.0,3183.0,725.0
CORBL,1/3/2024,364.1,364.1,344.2,360.0,0.84,8843.0,3183.0,725.0
CORBL,1/4/2024,360.0,365.0,332.2,363.0,0.83,5088.0,3183.0,725.0
CORBL,1/7/2024,370.2,370.2,355.0,355.0,-2.2,3476.0,3183.0,725.0
CORBL,1/8/2024,362.1,376.6,348.0,359.8,1.35,4463.0,3183.0,725.0
CORBL,1/9/2024,366.9,395.7,359.5,384.3,6.81,21122.0,3183.0,725.0
CORBL,1/10/2024,391.9,400.0,380.3,380.3,-1.04,12351.0,3183.0,725.0
CORBL,1/11/2024,385.0,385.0,370.2,377.6,-0.71,4205.0,3183.0,725.0
CORBL,1/14/2024,384.9,385.0,376.5,383.9,1.67,10035.0,3183.0,725.0
CORBL,1/16/2024,391.0,409.0,391.0,401.0,4.45,24527.0,3183.0,725.0
CORBL,1/17/2024,409.0,427.9,407.0,409.0,2.0,36412.0,3183.0,725.0
CORBL,1/18/2024,411.0,411.0,397.0,401.0,-1.96,10007.0,3183.0,725.0
CORBL,1/21/2024,409.0,409.0,385.0,390.0,-2.74,13035.0,3183.0,725.0
CORBL,1/22/2024,396.0,396.0,369.0,379.0,-2.82,9952.0,3183.0,725.0
CORBL,1/23/2024,386.5,393.0,379.0,381.0,0.53,3434.0,3183.0,725.0
CORBL,1/24/2024,387.0,394.7,376.0,376.0,-1.31,2888.0,3183.0,725.0
CORBL,1/25/2024,374.0,375.0,365.1,370.0,-1.6,5467.0,3183.0,725.0
CORBL,1/28/2024,377.0,377.0,362.6,374.5,1.22,4470.0,3183.0,725.0
CORBL,1/29/2024,372.0,387.5,370.0,384.0,2.54,6231.0,3183.0,725.0
CORBL,1/30/2024,377.1,391.4,377.1,390.0,1.56,2344.0,3183.0,725.0
CORBL,1/31/2024,397.0,397.0,378.0,379.0,-2.82,3435.0,3183.0,725.0
CORBL,2/1/2024,379.0,379.0,363.0,363.0,-4.22,5888.0,3183.0,725.0
CORBL,2/4/2024,370.0,385.0,370.0,371.0,2.2,11015.0,3183.0,725.0
CORBL,2/5/2024,378.4,390.0,378.4,386.0,4.04,8605.0,3183.0,725.0
CORBL,2/6/2024,386.0,415.0,379.1,403.2,4.46,26586.0,3183.0,725.0
CORBL,2/7/2024,411.0,415.5,406.2,410.0,1.69,19908.0,3183.0,725.0
CORBL,2/8/2024,415.0,447.2,410.1,440.0,7.32,55528.0,3183.0,725.0
CORBL,2/11/2024,445.0,475.0,432.3,444.0,0.91,21359.0,3183.0,725.0
CORBL,2/12/2024,436.0,450.0,429.0,450.0,1.35,16426.0,3183.0,725.0
CORBL,2/13/2024,441.0,457.9,422.4,430.0,-4.44,30087.0,3183.0,725.0
CORBL,2/14/2024,426.0,460.0,426.0,433.0,0.7,12640.0,3183.0,725.0
CORBL,2/15/2024,435.0,441.7,422.0,423.0,-2.31,9537.0,3183.0,725.0
CORBL,2/18/2024,422.5,428.0,415.2,420.5,-0.59,8635.0,3183.0,725.0
CORBL,2/20/2024,428.8,430.0,420.0,420.0,-0.12,4660.0,3183.0,725.0
CORBL,2/21/2024,428.4,428.4,415.0,416.1,-0.93,5031.0,3183.0,725.0
CORBL,2/22/2024,408.0,448.8,408.0,420.0,0.94,22503.0,3183.0,725.0
CORBL,2/25/2024,425.0,430.1,418.0,426.0,1.43,13011.0,3183.0,725.0
CORBL,2/26/2024,418.3,443.1,418.3,428.5,0.59,4252.0,3183.0,725.0
CORBL,2/27/2024,437.0,437.0,425.0,427.0,-0.35,2500.0,3183.0,725.0
CORBL,2/28/2024,435.5,435.5,420.5,422.1,-1.15,3906.0,3183.0,725.0
CORBL,2/29/2024,430.5,430.5,405.5,410.0,-2.87,5048.0,3183.0,725.0
CORBL,3/3/2024,418.2,426.5,393.9,408.0,-0.49,18232.0,3183.0,725.0
CORBL,3/4/2024,416.1,432.5,416.1,432.5,6.0,50.0,3183.0,725.0
CORBL,3/5/2024,433.0,439.7,405.1,407.0,-5.9,14736.0,3183.0,725.0
CORBL,3/6/2024,415.0,426.0,406.7,413.1,1.5,19877.0,3183.0,725.0
CORBL,3/7/2024,421.3,444.9,421.3,427.1,3.39,4620.0,3183.0,725.0
CORBL,3/10/2024,428.0,446.9,428.0,432.0,1.15,7674.0,3183.0,725.0
CORBL,3/12/2024,437.0,458.3,426.0,435.1,0.72,8478.0,3183.0,725.0
CORBL,3/13/2024,443.8,443.8,430.3,434.9,-0.05,3306.0,3183.0,725.0
CORBL,3/14/2024,427.0,445.0,427.0,439.0,0.94,12749.0,3183.0,725.0
CORBL,3/17/2024,445.8,463.9,437.0,451.0,2.73,25144.0,3183.0,725.0
CORBL,3/18/2024,451.0,460.0,443.0,452.0,0.22,20300.0,3183.0,725.0
CORBL,3/19/2024,444.1,459.9,444.0,444.0,-1.77,11869.0,3183.0,725.0
CORBL,3/20/2024,452.0,452.0,430.0,437.0,-1.58,2204.0,3183.0,725.0
CORBL,3/21/2024,434.0,445.7,427.0,427.0,-2.29,8865.0,3183.0,725.0
CORBL,3/25/2024,418.5,469.7,418.5,431.2,0.98,6686.0,3183.0,725.0
CORBL,3/26/2024,422.6,460.0,422.6,435.0,0.88,9313.0,3183.0,725.0
CORBL,3/27/2024,443.7,450.0,435.9,443.0,1.84,5675.0,3183.0,725.0
CORBL,3/28/2024,435.0,448.4,435.0,435.1,-1.78,5025.0,3183.0,725.0
CORBL,3/31/2024,426.4,442.0,426.4,435.2,0.02,2038.0,3183.0,725.0
CORBL,4/1/2024,426.5,444.0,426.5,444.0,2.02,8248.0,3183.0,725.0
CORBL,4/2/2024,449.0,449.0,430.0,443.0,-0.23,2935.0,3183.0,725.0
CORBL,4/3/2024,434.2,438.0,418.2,427.1,-3.59,2840.0,3183.0,725.0
CORBL,4/4/2024,435.0,435.0,423.0,424.0,-0.73,4518.0,3183.0,725.0
CORBL,4/7/2024,432.4,441.0,423.1,438.9,3.51,11236.0,3183.0,725.0
CORBL,4/9/2024,447.6,450.1,426.5,445.0,1.39,4158.0,3183.0,725.0
CORBL,4/10/2024,436.2,445.9,431.0,431.7,-2.99,4691.0,3183.0,725.0
CORBL,4/14/2024,439.0,439.0,432.0,435.9,0.97,2396.0,3183.0,725.0
CORBL,4/15/2024,444.6,450.0,435.3,442.0,1.4,8173.0,3183.0,725.0
CORBL,4/16/2024,442.0,457.0,435.0,441.0,-0.23,11120.0,3183.0,725.0
CORBL,4/18/2024,439.0,439.0,426.5,427.0,-3.17,1838.0,3183.0,725.0
CORBL,4/21/2024,435.5,444.0,422.0,430.0,0.7,4250.0,3183.0,725.0
CORBL,4/22/2024,438.6,438.6,405.0,425.9,-0.95,8508.0,3183.0,725.0
CORBL,4/24/2024,434.4,439.9,425.3,425.3,-0.14,1155.0,3183.0,725.0
CORBL,4/25/2024,433.8,433.8,416.2,424.5,-0.19,4699.0,3183.0,725.0
CORBL,4/28/2024,422.0,437.0,417.3,430.0,1.3,7545.0,3183.0,725.0
CORBL,4/29/2024,438.0,445.1,431.0,442.0,2.79,14926.0,3183.0,725.0
CORBL,4/30/2024,450.8,486.2,445.6,486.2,10.0,31569.0,3183.0,725.0
CORBL,5/2/2024,495.9,496.0,468.0,468.0,-3.74,23205.0,3183.0,725.0
CORBL,5/5/2024,477.0,477.0,442.0,444.2,-5.09,14185.0,3183.0,725.0
CORBL,5/6/2024,452.9,475.0,428.1,450.0,1.31,16411.0,3183.0,725.0
CORBL,5/7/2024,455.0,460.0,446.5,458.9,1.98,8221.0,3183.0,725.0
CORBL,5/8/2024,464.0,464.0,450.0,457.0,-0.41,4184.0,3183.0,725.0
CORBL,5/9/2024,460.0,471.9,460.0,467.5,2.3,7135.0,3183.0,725.0
CORBL,5/12/2024,476.8,486.0,460.0,479.0,2.46,19840.0,3183.0,725.0
CORBL,5/13/2024,488.0,489.6,470.0,473.9,-1.06,7667.0,3183.0,725.0
CORBL,5/14/2024,471.0,480.0,468.6,475.0,0.23,7255.0,3183.0,725.0
CORBL,5/15/2024,483.0,489.0,460.8,466.1,-1.87,6818.0,3183.0,725.0
CORBL,5/16/2024,460.1,488.0,460.1,469.0,0.62,7503.0,3183.0,725.0
CORBL,5/19/2024,478.3,489.0,469.0,474.9,1.26,9654.0,3183.0,725.0
CORBL,5/20/2024,484.3,493.9,475.0,475.0,0.02,4940.0,3183.0,725.0
CORBL,5/21/2024,480.0,485.0,473.0,479.5,0.95,8234.0,3183.0,725.0
CORBL,5/22/2024,489.0,489.0,470.5,477.0,-0.52,5160.0,3183.0,725.0
CORBL,5/26/2024,476.0,483.0,465.0,467.0,-2.1,4133.0,3183.0,725.0
CORBL,5/27/2024,476.3,489.9,465.0,484.9,3.83,9323.0,3183.0,725.0
CORBL,5/29/2024,480.0,488.0,470.0,477.5,-1.53,4949.0,3183.0,725.0
CORBL,5/30/2024,471.0,479.8,462.1,465.0,-2.62,4892.0,3183.0,725.0
CORBL,6/2/2024,474.0,479.4,466.0,475.3,2.22,2757.0,3183.0,725.0
CORBL,6/3/2024,482.0,482.9,466.2,470.0,-1.12,5835.0,3183.0,725.0
CORBL,6/4/2024,479.4,483.0,466.0,480.0,2.13,11081.0,3183.0,725.0
CORBL,6/5/2024,485.0,487.6,468.4,475.9,-0.85,1440.0,3183.0,725.0
CORBL,6/6/2024,483.8,484.0,468.2,470.0,-1.24,1840.0,3183.0,725.0
CORBL,6/9/2024,479.0,479.0,463.0,469.0,-0.21,6357.0,3183.0,725.0
CORBL,6/10/2024,478.3,478.3,468.9,477.0,1.71,3652.0,3183.0,725.0
CORBL,6/11/2024,485.0,497.0,476.0,493.0,3.35,13454.0,3183.0,725.0
CORBL,6/12/2024,493.1,512.0,493.1,510.0,3.45,16963.0,3183.0,725.0
CORBL,6/13/2024,510.0,561.0,497.1,530.0,3.92,19113.0,3183.0,725.0
CORBL,6/16/2024,520.0,538.0,507.0,515.0,-2.83,15882.0,3183.0,725.0
CORBL,6/18/2024,520.0,525.0,501.0,510.0,-0.97,6364.0,3183.0,725.0
CORBL,6/19/2024,520.0,530.0,502.3,513.0,0.59,10933.0,3183.0,725.0
CORBL,6/20/2024,523.0,523.0,503.0,507.5,-1.07,6417.0,3183.0,725.0
CORBL,6/23/2024,510.0,515.0,498.2,505.0,-0.49,5746.0,3183.0,725.0
CORBL,6/24/2024,511.0,530.0,507.0,530.0,4.95,12098.0,3183.0,725.0
CORBL,6/25/2024,539.5,550.0,533.0,535.0,0.94,11576.0,3183.0,725.0
CORBL,6/26/2024,545.5,545.5,522.0,526.9,-1.51,2080.0,3183.0,725.0
CORBL,6/27/2024,536.9,536.9,516.6,524.0,-0.55,6148.0,3183.0,725.0
CORBL,6/30/2024,533.9,533.9,516.2,516.2,-1.49,5655.0,3183.0,725.0
CORBL,7/1/2024,525.0,555.0,520.0,555.0,7.52,13248.0,3183.0,725.0
CORBL,7/2/2024,566.1,598.0,546.0,570.0,2.7,19939.0,3183.0,725.0
CORBL,7/3/2024,574.0,621.1,562.6,588.0,3.16,19196.0,3183.0,725.0
CORBL,7/4/2024,599.3,617.0,580.3,605.0,2.89,32241.0,3183.0,725.0
CORBL,7/7/2024,593.0,617.0,582.0,588.0,-2.81,19158.0,3183.0,725.0
CORBL,7/8/2024,599.7,599.7,580.0,582.0,-1.02,8965.0,3183.0,725.0
CORBL,7/9/2024,590.0,600.0,579.2,594.5,2.15,14285.0,3183.0,725.0
CORBL,7/10/2024,603.0,603.0,583.0,585.0,-1.6,5050.0,3183.0,725.0
CORBL,7/11/2024,596.7,596.7,576.2,582.9,-0.36,6922.0,3183.0,725.0
CORBL,7/14/2024,592.0,594.0,581.0,586.0,0.53,6662.0,3183.0,725.0
CORBL,7/15/2024,574.3,596.7,574.3,586.9,0.15,5953.0,3183.0,725.0
CORBL,7/16/2024,598.6,645.5,582.0,633.0,7.85,15975.0,3183.0,725.0
CORBL,7/17/2024,633.0,637.5,614.0,632.0,-0.16,16385.0,3183.0,725.0
CORBL,7/18/2024,632.0,657.0,615.0,625.0,-1.11,17105.0,3183.0,725.0
CORBL,7/21/2024,635.0,635.0,606.0,609.0,-2.56,10158.0,3183.0,725.0
CORBL,7/22/2024,621.1,621.1,600.0,608.0,-0.16,16441.0,3183.0,725.0
CORBL,7/23/2024,620.0,628.0,596.0,627.5,3.21,11689.0,3183.0,725.0
CORBL,7/24/2024,639.8,639.8,608.3,613.0,-2.31,9624.0,3183.0,725.0
CORBL,7/25/2024,613.0,647.0,602.0,621.0,1.31,11549.0,3183.0,725.0
CORBL,7/28/2024,633.4,658.0,597.0,628.5,1.21,9937.0,3183.0,725.0
CORBL,7/29/2024,620.0,641.0,617.3,641.0,1.99,25490.0,3183.0,725.0
CORBL,7/30/2024,632.0,657.9,623.0,646.0,0.78,18830.0,3183.0,725.0
CORBL,7/31/2024,658.0,708.9,640.0,685.0,6.04,26498.0,3183.0,725.0
CORBL,8/1/2024,676.0,744.0,676.0,692.3,1.07,21251.0,3183.0,725.0
CORBL,8/5/2024,706.0,718.0,680.0,690.0,-0.33,8675.0,3183.0,725.0
CORBL,8/6/2024,677.4,700.0,635.0,639.0,-7.39,17104.0,3183.0,725.0
CORBL,8/7/2024,640.0,702.9,638.0,680.0,6.42,11904.0,3183.0,725.0
CORBL,8/8/2024,693.0,693.0,640.0,664.0,-2.35,7704.0,3183.0,725.0
CORBL,8/11/2024,677.1,727.8,660.1,676.0,1.81,11662.0,3183.0,725.0
CORBL,8/12/2024,689.0,702.0,673.0,685.0,1.33,20736.0,3183.0,725.0
CORBL,8/13/2024,677.0,731.3,673.0,682.0,-0.44,9850.0,3183.0,725.0
CORBL,8/14/2024,689.0,689.0,662.0,685.0,0.44,17219.0,3183.0,725.0
CORBL,8/15/2024,698.0,708.0,672.0,675.0,-1.46,15580.0,3183.0,725.0
CORBL,8/18/2024,688.0,696.0,661.5,683.0,1.19,22420.0,3183.0,725.0
CORBL,8/21/2024,675.3,751.3,675.2,751.3,10.0,49866.0,3183.0,725.0
CORBL,8/22/2024,766.3,826.4,766.3,826.4,10.0,44408.0,3183.0,725.0
CORBL,8/25/2024,842.9,909.0,842.9,884.0,6.97,53327.0,3183.0,725.0
CORBL,8/27/2024,890.0,890.0,816.0,832.0,-5.88,23664.0,3183.0,725.0
CORBL,8/28/2024,845.0,915.0,832.0,859.0,3.25,14528.0,3183.0,725.0
CORBL,8/29/2024,842.0,855.0,826.0,850.0,-1.05,9139.0,3183.0,725.0
CORBL,9/1/2024,835.0,861.9,823.0,829.9,-2.36,9929.0,3183.0,725.0
CORBL,9/2/2024,846.4,911.8,834.0,877.6,5.75,14739.0,3183.0,725.0
CORBL,9/3/2024,893.0,965.3,856.6,965.3,9.99,50238.0,3183.0,725.0
CORBL,9/4/2024,984.6,1055.0,973.0,1000.0,3.59,24757.0,3183.0,725.0
CORBL,9/5/2024,990.0,1040.4,950.8,991.0,-0.9,14024.0,3183.0,725.0
CORBL,9/8/2024,980.0,1030.2,980.0,986.0,-0.5,21799.0,3183.0,725.0
CORBL,9/9/2024,970.1,985.9,929.1,952.0,-3.45,11536.0,3183.0,725.0
CORBL,9/10/2024,940.0,979.0,900.0,950.0,-0.21,12161.0,3183.0,725.0
CORBL,9/11/2024,969.0,988.3,875.0,900.0,-5.26,9483.0,3183.0,725.0
CORBL,9/12/2024,890.0,990.0,890.0,930.0,3.33,19646.0,3183.0,725.0
CORBL,9/15/2024,932.0,942.0,878.2,912.0,-1.94,15534.0,3183.0,725.0
CORBL,9/16/2024,914.0,968.0,871.0,884.9,-2.97,12647.0,3183.0,725.0
CORBL,9/18/2024,868.0,920.0,826.0,920.0,3.97,14943.0,3183.0,725.0
CORBL,9/22/2024,920.0,930.0,860.2,899.0,-2.28,12600.0,3183.0,725.0
CORBL,9/23/2024,890.0,890.0,809.1,888.0,-1.22,4748.0,3183.0,725.0
CORBL,9/24/2024,870.3,870.3,799.2,869.0,-2.14,12294.0,3183.0,725.0
CORBL,9/25/2024,851.7,886.0,818.1,886.0,1.96,4850.0,3183.0,725.0
CORBL,9/26/2024,868.3,900.0,817.6,882.0,-0.45,2845.0,3183.0,725.0
CORBL,9/29/2024,864.4,864.4,798.0,840.0,-4.76,4819.0,3183.0,725.0
CORBL,9/30/2024,839.9,839.9,808.1,835.0,-0.6,974.0,3183.0,725.0
CORBL,10/1/2024,840.0,866.0,834.0,861.0,3.11,9873.0,3183.0,725.0
CORBL,10/2/2024,876.0,911.0,833.0,840.0,-2.44,4290.0,3183.0,725.0
CORBL,10/6/2024,823.3,882.0,823.2,882.0,5.0,6796.0,3183.0,725.0
CORBL,10/7/2024,894.7,894.8,830.8,865.0,-1.93,7930.0,3183.0,725.0
CORBL,10/8/2024,853.0,870.0,831.0,855.0,-1.16,3755.0,3183.0,725.0
CORBL,10/9/2024,866.7,866.8,830.2,855.0,0.0,4796.0,3183.0,725.0
CORBL,10/15/2024,869.0,869.0,851.0,869.0,1.64,1978.0,3183.0,725.0
CORBL,10/16/2024,885.0,885.0,860.0,860.0,-1.04,2510.0,3183.0,725.0
CORBL,10/17/2024,860.0,869.0,845.3,855.0,-0.58,2958.0,3183.0,725.0
CORBL,10/20/2024,840.2,860.0,823.4,833.0,-2.57,6784.0,3183.0,725.0
CORBL,10/21/2024,849.6,916.3,838.9,914.8,9.82,36377.0,3183.0,725.0
CORBL,10/22/2024,900.0,985.0,900.0,969.0,5.92,14258.0,3183.0,725.0
CORBL,10/23/2024,988.0,988.0,931.0,960.0,-0.93,3887.0,3183.0,725.0
CORBL,10/24/2024,979.0,979.0,906.1,913.0,-4.9,2828.0,3183.0,725.0
CORBL,10/27/2024,913.0,1004.0,888.0,888.0,-2.74,12042.0,3183.0,725.0
CORBL,10/28/2024,905.0,938.0,888.0,908.8,2.34,5733.0,3183.0,725.0
CORBL,10/29/2024,926.9,999.6,895.0,999.5,9.98,21260.0,3183.0,725.0
CORBL,10/30/2024,1010.0,1030.0,957.1,985.0,-1.45,6609.0,3183.0,725.0
CORBL,11/5/2024,1004.0,1004.0,964.0,970.0,-1.52,4365.0,3183.0,725.0
CORBL,11/6/2024,950.6,1009.0,950.6,967.0,-0.31,3143.0,3183.0,725.0
CORBL,11/10/2024,986.3,1030.0,979.0,998.5,3.26,9912.0,3183.0,725.0
CORBL,11/11/2024,1018.0,1033.0,990.0,1006.3,0.78,7623.0,3183.0,725.0
CORBL,11/12/2024,986.2,1020.0,986.2,1005.0,-0.13,8798.0,3183.0,725.0
CORBL,11/13/2024,985.0,1105.5,985.0,1081.0,7.56,21809.0,3183.0,725.0
CORBL,11/14/2024,1099.0,1189.1,1099.0,1158.0,7.12,12701.0,3183.0,725.0
CORBL,11/17/2024,1180.0,1200.0,1118.0,1160.0,0.17,12343.0,3183.0,725.0
CORBL,11/19/2024,1138.0,1155.0,1055.0,1110.0,-4.31,11834.0,3183.0,725.0
CORBL,11/20/2024,1090.0,1221.0,1071.0,1221.0,10.0,30732.0,3183.0,725.0
CORBL,11/21/2024,1220.0,1289.0,1197.0,1255.1,2.79,20790.0,3183.0,725.0
CORBL,11/24/2024,1240.1,1264.8,1207.1,1239.0,-1.28,13265.0,3183.0,725.0
CORBL,11/25/2024,1263.7,1362.9,1190.2,1361.0,9.85,21297.0,3183.0,725.0
CORBL,11/26/2024,1387.0,1450.0,1365.0,1450.0,6.54,10887.0,3183.0,725.0
CORBL,11/27/2024,1439.5,1595.0,1430.0,1595.0,10.0,23450.0,3183.0,725.0
CORBL,11/28/2024,1595.0,1725.0,1567.5,1665.0,4.39,17647.0,3183.0,725.0
CORBL,12/1/2024,1639.0,1831.5,1606.3,1831.5,10.0,50124.0,3183.0,725.0
CORBL,12/2/2024,1865.0,1920.0,1764.0,1764.0,-3.69,34838.0,3183.0,725.0
CORBL,12/3/2024,1799.0,1799.0,1669.0,1779.0,0.85,17738.0,3183.0,725.0
CORBL,12/4/2024,1743.5,1780.0,1656.2,1700.0,-4.44,8912.0,3183.0,725.0
CORBL,12/5/2024,1670.0,1720.0,1637.0,1699.3,-0.04,8137.0,3183.0,725.0
CORBL,12/8/2024,1689.0,1824.9,1650.0,1725.0,1.51,12824.0,3183.0,725.0
CORBL,12/9/2024,1734.0,1789.0,1640.1,1693.0,-1.86,9412.0,3183.0,725.0
CORBL,12/10/2024,1702.0,1719.9,1599.0,1647.0,-2.72,8262.0,3183.0,725.0
CORBL,12/11/2024,1675.0,1700.0,1586.9,1637.1,-0.6,9375.0,3183.0,725.0
CORBL,12/12/2024,1604.4,1702.3,1572.4,1685.0,2.93,8135.0,3183.0,725.0
CORBL,12/16/2024,1690.0,1717.1,1590.0,1627.0,-3.44,8773.0,3183.0,725.0
CORBL,12/17/2024,1657.0,1657.0,1498.0,1624.0,-0.18,9911.0,3183.0,725.0
CORBL,12/18/2024,1600.0,1620.0,1560.0,1610.0,-0.86,8375.0,3183.0,725.0
CORBL,12/19/2024,1639.0,1639.0,1525.2,1565.0,-2.8,11825.0,3183.0,725.0
CORBL,12/22/2024,1570.0,1596.0,1430.1,1518.0,-3.0,16216.0,3183.0,725.0
CORBL,12/23/2024,1487.7,1495.0,1405.0,1470.0,-3.16,7746.0,3183.0,725.0
CORBL,12/24/2024,1440.7,1570.0,1415.0,1555.0,5.78,15324.0,3183.0,725.0
CORBL,12/26/2024,1523.9,1523.9,1399.5,1399.5,-10.0,19280.0,3183.0,725.0
CORBL,12/29/2024,1371.6,1433.1,1305.0,1312.0,-6.25,16818.0,3183.0,725.0
CORBL,12/31/2024,1338.0,1364.0,1240.0,1325.0,0.99,8215.0,3183.0,725.0
CORBL,1/1/2025,1351.0,1449.0,1298.0,1449.0,9.36,11347.0,3183.0,725.0
CORBL,1/2/2025,1420.1,1593.9,1420.0,1580.0,9.04,72539.0,3183.0,725.0
CORBL,1/5/2025,1611.6,1723.8,1611.6,1669.0,5.63,31528.0,3183.0,725.0
CORBL,1/6/2025,1702.0,1770.0,1700.2,1735.0,3.95,9626.0,3183.0,725.0
CORBL,1/7/2025,1749.0,1770.0,1702.0,1739.0,0.23,6313.0,3183.0,725.0
CORBL,1/8/2025,1773.7,1815.0,1755.0,1789.0,2.88,9615.0,3183.0,725.0
CORBL,1/9/2025,1753.3,1824.0,1611.0,1699.0,-5.03,76242.0,3183.0,725.0
CORBL,1/12/2025,1725.0,1725.0,1546.0,1600.0,-5.83,8440.0,3183.0,725.0
CORBL,1/13/2025,1600.0,1697.8,1571.0,1668.0,4.25,12905.0,3183.0,725.0
CORBL,1/15/2025,1699.0,1760.0,1692.0,1720.0,3.12,10824.0,3183.0,725.0
CORBL,1/16/2025,1700.0,1750.0,1632.7,1654.0,-3.84,8339.0,3183.0,725.0
CORBL,1/19/2025,1686.0,1699.0,1587.0,1617.0,-2.24,6898.0,3183.0,725.0
CORBL,1/20/2025,1610.0,1670.0,1551.0,1619.0,0.12,12090.0,3183.0,725.0
CORBL,1/21/2025,1618.0,1679.0,1554.3,1598.0,-1.3,3814.0,3183.0,725.0
CORBL,1/22/2025,1629.0,1757.8,1566.2,1757.8,10.0,42128.0,3183.0,725.0
CORBL,1/23/2025,1792.9,1933.5,1775.0,1933.5,10.0,62638.0,3183.0,725.0
CORBL,1/26/2025,1933.5,2126.8,1933.5,2124.5,9.88,36186.0,3183.0,725.0
CORBL,1/27/2025,2124.0,2289.9,2080.6,2260.0,6.38,29614.0,3183.0,725.0
CORBL,1/28/2025,2215.0,2480.0,2167.8,2480.0,9.73,50857.0,3183.0,725.0
CORBL,2/2/2025,2430.4,2627.0,2232.0,2627.0,5.93,45947.0,3183.0,725.0
CORBL,2/3/2025,2576.0,2842.3,2364.3,2749.0,4.64,81217.0,3183.0,725.0
CORBL,2/4/2025,2694.1,2694.1,2474.1,2474.1,-10.0,2652.0,3183.0,725.0
CORBL,2/5/2025,2424.7,2424.7,2226.7,2226.7,-10.0,1950.0,3183.0,725.0
CORBL,2/6/2025,2182.2,2212.7,2004.1,2004.1,-10.0,52675.0,3183.0,725.0
CORBL,2/9/2025,1964.1,2170.0,1924.9,2038.0,1.69,49968.0,3183.0,725.0
CORBL,2/10/2025,2000.0,2105.0,1965.2,2000.0,-1.86,24190.0,3183.0,725.0
CORBL,2/11/2025,2001.0,2087.9,2000.0,2086.0,4.3,30296.0,3183.0,725.0
CORBL,2/12/2025,2086.0,2200.0,2058.0,2179.0,4.46,26704.0,3183.0,725.0
CORBL,2/13/2025,2179.0,2250.0,2140.0,2156.0,-1.06,14305.0,3183.0,725.0
CORBL,2/16/2025,2112.9,2112.9,2030.0,2031.0,-5.8,20933.0,3183.0,725.0
CORBL,2/17/2025,1990.4,2080.0,1990.4,2079.0,2.36,15738.0,3183.0,725.0
CORBL,2/18/2025,2120.0,2120.0,1953.0,1987.0,-4.43,15972.0,3183.0,725.0
CORBL,2/20/2025,1951.0,2026.7,1876.0,2026.7,2.0,18182.0,3183.0,725.0
CORBL,2/23/2025,1986.2,2034.0,1909.0,2019.0,-0.38,7430.0,3183.0,725.0
CORBL,2/24/2025,2000.0,2090.0,1956.1,1995.0,-1.19,40955.0,3183.0,725.0
CORBL,2/25/2025,1960.1,2115.0,1872.8,1978.8,-0.81,14566.0,3183.0,725.0
CORBL,2/27/2025,2018.3,2055.0,1863.0,1949.0,-1.51,15854.0,3183.0,725.0
CORBL,3/2/2025,1910.1,2096.0,1872.0,2020.0,3.64,23751.0,3183.0,725.0
CORBL,3/3/2025,1981.4,2059.0,1981.0,2020.0,0.0,9064.0,3183.0,725.0
CORBL,3/4/2025,1985.0,2060.0,1962.0,1980.0,-1.98,7639.0,3183.0,725.0
CORBL,3/5/2025,1979.0,2004.0,1902.0,1926.9,-2.68,6673.0,3183.0,725.0
CORBL,3/6/2025,1890.0,1967.0,1890.0,1960.0,1.72,5171.0,3183.0,725.0
CORBL,3/9/2025,1960.1,1998.9,1910.0,1976.0,0.82,7101.0,3183.0,725.0
CORBL,3/10/2025,1936.5,2009.0,1913.5,1953.9,-1.12,6542.0,3183.0,725.0
CORBL,3/11/2025,1989.0,2055.0,1914.9,1995.0,2.1,21676.0,3183.0,725.0
CORBL,3/12/2025,2034.0,2034.8,1891.4,1909.0,-4.31,13118.0,3183.0,725.0
CORBL,3/16/2025,1877.0,1915.0,1813.0,1906.0,-0.16,7982.0,3183.0,725.0
CORBL,3/17/2025,1867.9,1891.9,1845.0,1880.0,-1.36,4117.0,3183.0,725.0
CORBL,3/18/2025,1846.0,1917.5,1846.0,1869.9,-0.54,8429.0,3183.0,725.0
CORBL,3/19/2025,1833.2,1899.0,1833.2,1874.7,0.26,4106.0,3183.0,725.0
CORBL,3/20/2025,1837.3,1909.0,1802.0,1888.35,0.73,5183.0,3183.0,725.0
CORBL,3/23/2025,1863.0,1899.9,1840.0,1851.83,-1.93,37422.0,3183.0,725.0
CORBL,3/24/2025,1820.0,1899.9,1820.0,1845.21,-0.36,10326.0,3183.0,725.0
CORBL,3/25/2025,1826.0,1827.2,1746.0,1801.58,-2.36,23211.0,3183.0,725.0
CORBL,3/26/2025,1765.6,1820.0,1731.1,1772.47,-1.62,3985.0,3183.0,725.0
CORBL,3/27/2025,1740.3,1807.9,1740.3,1765.63,-0.39,3312.0,3183.0,725.0
CORBL,3/30/2025,1740.0,1820.0,1740.0,1786.41,1.18,9340.0,3183.0,725.0
CORBL,4/1/2025,1822.0,1858.4,1750.0,1801.1,0.82,12132.0,3183.0,725.0
CORBL,4/2/2025,1800.0,1954.1,1770.0,1841.91,2.27,13396.0,3183.0,725.0
CORBL,4/3/2025,1875.0,1875.0,1780.0,1787.96,-2.93,6345.0,3183.0,725.0
CORBL,4/7/2025,1823.6,1823.6,1753.0,1768.33,-1.1,11068.0,3183.0,725.0
CORBL,4/8/2025,1803.0,1803.0,1741.0,1773.75,0.31,13590.0,3183.0,725.0
CORBL,4/9/2025,1752.0,1845.0,1752.0,1782.12,0.47,8053.0,3183.0,725.0
CORBL,4/10/2025,1767.0,1805.0,1767.0,1780.17,-0.11,5768.0,3183.0,725.0
CORBL,4/13/2025,1745.0,1910.0,1744.6,1815.84,2.0,21301.0,3183.0,725.0
CORBL,4/15/2025,1849.0,1997.4,1840.0,1997.4,10.0,23465.0,3183.0,725.0
CORBL,4/16/2025,1957.5,2197.1,1957.5,2197.1,10.0,20889.0,3183.0,725.0
CORBL,4/17/2025,2241.0,2416.8,2198.0,2325.38,5.84,29720.0,3183.0,725.0
CORBL,4/20/2025,2310.0,2557.9,2254.0,2499.45,7.49,47376.0,3183.0,725.0
CORBL,4/21/2025,2449.5,2749.3,2303.0,2746.5,9.88,67669.0,3183.0,725.0
CORBL,4/22/2025,2800.0,2800.0,2471.9,2471.9,-10.0,14919.0,3183.0,725.0
CORBL,4/23/2025,2422.5,2422.5,2224.8,2247.83,-9.06,56785.0,3183.0,725.0
CORBL,4/24/2025,2203.1,2288.0,2116.1,2153.37,-4.2,10028.0,3183.0,725.0
CORBL,4/27/2025,2153.0,2238.9,2112.5,2192.78,1.83,10703.0,3183.0,725.0
CORBL,4/28/2025,2236.0,2372.8,2149.0,2228.87,1.65,9902.0,3183.0,725.0
CORBL,4/29/2025,2228.0,2451.7,2107.0,2376.63,6.63,35271.0,3183.0,725.0
CORBL,4/30/2025,2329.1,2375.6,2194.0,2239.77,-5.76,4873.0,3183.0,725.0
CORBL,5/4/2025,2196.1,2376.1,2110.0,2312.61,3.25,10981.0,3183.0,725.0
CORBL,5/5/2025,2266.4,2266.4,2085.0,2206.0,-4.61,8113.0,3183.0,725.0
CORBL,5/6/2025,2206.0,2316.4,2035.5,2222.87,0.76,18115.0,3183.0,725.0
CORBL,5/7/2025,2178.5,2244.0,2051.0,2181.37,-1.87,8300.0,3183.0,725.0
CORBL,5/8/2025,2224.9,2269.0,2093.1,2170.13,-0.52,13780.0,3183.0,725.0
CORBL,5/11/2025,2130.0,2285.0,2091.0,2228.42,2.69,18760.0,3183.0,725.0
CORBL,5/13/2025,2215.1,2355.0,2215.1,2279.42,2.29,11431.0,3183.0,725.0
CORBL,5/14/2025,2233.9,2465.0,2150.0,2299.31,0.87,12448.0,3183.0,725.0
CORBL,5/15/2025,2345.2,2345.2,2079.0,2100.46,-8.65,8572.0,3183.0,725.0
CORBL,5/18/2025,2080.0,2095.0,1890.5,1917.6,-8.71,6974.0,3183.0,725.0
CORBL,5/19/2025,1900.0,2109.0,1900.0,2105.27,9.79,4625.0,3183.0,725.0
CORBL,5/20/2025,2100.0,2283.0,2058.0,2206.81,4.82,9927.0,3183.0,725.0
CORBL,5/21/2025,2250.9,2427.4,2125.1,2222.16,0.7,3875.0,3183.0,725.0
CORBL,5/22/2025,2177.8,2300.0,2111.0,2176.4,-2.06,5183.0,3183.0,725.0
CORBL,5/25/2025,2132.9,2190.0,2008.0,2120.37,-2.57,4142.0,3183.0,725.0
CORBL,5/26/2025,2162.7,2295.0,2123.0,2185.36,3.07,13678.0,3183.0,725.0
CORBL,5/27/2025,2141.7,2403.8,2141.7,2403.8,10.0,29463.0,3183.0,725.0
CORBL,5/28/2025,2451.8,2549.9,2443.0,2528.25,5.18,11712.0,3183.0,725.0
CORBL,6/2/2025,2528.25,2728.5,2480.1,2688.88,6.35,21473.0,3183.0,725.0
CORBL,6/3/2025,2635.2,2681.0,2421.0,2649.81,-1.45,11887.0,3183.0,725.0
CORBL,6/4/2025,2596.9,2596.9,2457.0,2495.98,-5.81,11012.0,3183.0,725.0
CORBL,6/5/2025,2446.1,2544.9,2409.1,2443.72,-2.09,4802.0,3183.0,725.0
CORBL,6/8/2025,2408.5,2542.3,2330.0,2358.0,-3.51,6362.0,3183.0,725.0
CORBL,6/9/2025,2315.5,2475.0,2315.5,2387.95,1.27,5220.0,3183.0,725.0
CORBL,6/10/2025,2363.0,2479.0,2363.0,2399.45,0.48,1934.0,3183.0,725.0
CORBL,6/11/2025,2353.0,2540.0,2350.0,2448.93,2.06,4143.0,3183.0,725.0
CORBL,6/12/2025,2400.0,2490.0,2315.0,2326.24,-5.01,6252.0,3183.0,725.0
CORBL,6/15/2025,2364.0,2399.9,2330.0,2379.7,2.3,2852.0,3183.0,725.0
CORBL,6/16/2025,2332.2,2617.6,2243.6,2578.86,8.37,11725.0,3183.0,725.0
CORBL,6/17/2025,2527.3,2680.5,2336.0,2677.62,3.83,14228.0,3183.0,725.0
CORBL,6/18/2025,2624.1,2624.1,2409.9,2409.9,-10.0,8586.0,3183.0,725.0
CORBL,6/19/2025,2399.9,2399.9,2200.0,2254.62,-6.44,10380.0,3183.0,725.0
CORBL,6/22/2025,2209.6,2338.7,2082.0,2140.67,-5.05,10547.0,3183.0,725.0
CORBL,6/23/2025,2183.0,2262.0,2049.6,2185.73,2.1,6006.0,3183.0,725.0
CORBL,6/24/2025,2226.0,2227.0,2143.0,2149.14,-1.67,1812.0,3183.0,725.0
CORBL,6/25/2025,2106.2,2192.1,2096.2,2132.55,-0.77,1771.0,3183.0,725.0
CORBL,6/26/2025,2175.0,2300.0,2131.5,2264.77,6.2,6286.0,3183.0,725.0
CORBL,6/29/2025,2310.0,2375.0,2277.8,2366.39,4.49,8331.0,3183.0,725.0
CORBL,6/30/2025,2321.0,2391.0,2281.0,2311.07,-2.34,5420.0,3183.0,725.0
CORBL,7/1/2025,2355.0,2355.0,2269.0,2282.45,-1.24,2832.0,3183.0,725.0
CORBL,7/2/2025,2328.0,2500.0,2293.0,2471.66,8.29,17515.0,3183.0,725.0
CORBL,7/3/2025,2470.0,2520.0,2380.0,2420.86,-2.06,7713.0,3183.0,725.0
CORBL,7/6/2025,2374.0,2475.0,2338.3,2378.19,-1.76,3813.0,3183.0,725.0
CORBL,7/7/2025,2340.0,2616.0,2303.2,2527.55,6.28,9439.0,3183.0,725.0
CORBL,7/8/2025,2477.0,2734.6,2334.1,2599.67,2.85,21173.0,3183.0,725.0
CORBL,7/9/2025,2547.7,2640.0,2401.0,2598.09,-0.06,22075.0,3183.0,725.0
CORBL,7/10/2025,2546.2,2546.2,2338.3,2340.4,-9.92,28506.0,3183.0,725.0
CORBL,7/13/2025,2387.0,2434.0,2276.0,2288.47,-2.22,5321.0,3183.0,725.0
CORBL,7/14/2025,2334.2,2380.0,2251.0,2262.99,-1.11,8514.0,3183.0,725.0
CORBL,7/15/2025,2290.0,2345.0,2282.5,2292.67,1.31,2802.0,3183.0,725.0
CORBL,7/16/2025,2270.0,2505.0,2251.0,2476.78,8.03,24463.0,3183.0,725.0
CORBL,7/17/2025,2427.3,2480.0,2307.0,2437.96,-1.57,14863.0,3183.0,725.0
CORBL,7/20/2025,2389.3,2400.0,2294.8,2350.61,-3.58,6818.0,3183.0,725.0
CORBL,7/21/2025,2305.0,2361.3,2115.6,2116.55,-9.96,31344.0,3183.0,725.0
CORBL,7/22/2025,2074.3,2210.0,1920.0,2122.69,0.29,12220.0,3183.0,725.0
CORBL,7/23/2025,2110.0,2152.0,2035.0,2090.4,-1.52,8880.0,3183.0,725.0
CORBL,7/24/2025,2095.0,2095.0,2009.0,2064.82,-1.22,10200.0,3183.0,725.0
CORBL,7/27/2025,2069.0,2069.0,1992.0,2007.81,-2.76,9701.0,3183.0,725.0
CORBL,7/28/2025,2030.0,2121.6,1997.0,2105.24,4.85,6710.0,3183.0,725.0
CORBL,7/29/2025,2105.0,2147.0,2028.6,2071.97,-1.58,9216.0,3183.0,725.0
CORBL,7/30/2025,2050.0,2088.0,2010.0,2028.61,-2.09,6761.0,3183.0,725.0
CORBL,7/31/2025,2069.1,2231.4,2069.1,2230.94,9.97,13951.0,3183.0,725.0
CORBL,8/3/2025,2275.5,2275.5,2160.0,2175.21,-2.5,8019.0,3183.0,725.0
CORBL,8/4/2025,2175.0,2218.0,2121.7,2127.69,-2.18,5904.0,3183.0,725.0
CORBL,8/5/2025,2127.0,2127.0,2073.0,2091.23,-1.71,5135.0,3183.0,725.0
CORBL,8/6/2025,2055.0,2159.9,2049.5,2081.76,-0.45,4631.0,3183.0,725.0
CORBL,8/7/2025,2050.0,2133.8,2009.0,2040.81,-1.97,15493.0,3183.0,725.0
CORBL,8/11/2025,2081.6,2085.0,2009.0,2018.63,-1.09,4850.0,3183.0,725.0
CORBL,8/12/2025,2001.0,2030.0,1981.0,1984.46,-1.69,3638.0,3183.0,725.0
CORBL,8/13/2025,2019.5,2070.0,1956.0,1991.08,0.33,4908.0,3183.0,725.0
CORBL,8/14/2025,1965.1,2059.9,1965.1,1989.95,-0.06,7011.0,3183.0,725.0
CORBL,8/17/2025,1951.1,2000.0,1930.6,1943.08,-2.36,4208.0,3183.0,725.0
CORBL,8/18/2025,1974.0,1974.0,1904.6,1922.54,-1.06,4747.0,3183.0,725.0
CORBL,8/19/2025,1896.0,2073.0,1896.0,1962.08,2.06,4780.0,3183.0,725.0
CORBL,8/20/2025,2000.0,2010.0,1937.0,1967.87,0.3,8176.0,3183.0,725.0
CORBL,8/21/2025,1967.87,2000.0,1932.1,1976.99,0.46,2990.0,3183.0,725.0
CORBL,8/24/2025,1940.0,2015.0,1901.2,1929.33,-2.41,1923.0,3183.0,725.0
CORBL,8/25/2025,1940.0,1975.0,1895.1,1903.43,-1.34,2961.0,3183.0,725.0
CORBL,8/26/2025,1903.43,1935.0,1903.0,1915.87,0.65,4739.0,3183.0,725.0
CORBL,8/27/2025,1935.0,1977.9,1885.0,1951.57,1.86,5946.0,3183.0,725.0
CORBL,8/28/2025,1951.57,1999.0,1930.5,1954.43,0.15,3180.0,3183.0,725.0
CORBL,8/31/2025,1927.0,1973.0,1920.0,1925.69,-1.47,1798.0,3183.0,725.0
CORBL,9/1/2025,1925.69,1935.0,1910.0,1927.21,0.08,1722.0,3183.0,725.0
CORBL,9/2/2025,1900.0,1976.0,1900.0,1919.7,-0.39,1887.0,3183.0,725.0
CORBL,9/3/2025,1895.0,1929.0,1862.1,1865.72,-2.81,2189.0,3183.0,725.0
CORBL,9/4/2025,1837.3,1874.0,1778.0,1838.99,-1.43,3868.0,3183.0,725.0
CORBL,9/7/2025,1802.3,1829.9,1800.0,1807.42,-1.72,1309.0,3183.0,725.0
CORBL,9/8/2025,1791.0,1859.0,1740.1,1799.84,-0.42,2988.0,3183.0,725.0
CORBL,9/18/2025,1763.9,1763.9,1763.9,1763.9,-2.0,100.0,3183.0,725.0
CORBL,9/21/2025,1799.1,1940.2,1728.0,1940.02,9.98,8859.0,3183.0,725.0
CORBL,9/23/2025,1941.0,2130.0,1941.0,2114.0,8.97,13120.0,3183.0,725.0
CORBL,9/24/2025,2155.0,2155.0,1902.6,2030.0,-3.97,7771.0,3183.0,725.0
CORBL,9/25/2025,1989.4,2040.0,1911.0,1963.0,-3.3,2567.0,3183.0,725.0
CORBL,9/28/2025,1923.8,1994.9,1915.0,1973.0,0.51,3775.0,3183.0,725.0
CORBL,10/7/2025,1933.6,1933.6,1830.0,1885.0,-4.46,2472.0,3183.0,725.0
CORBL,10/8/2025,1850.0,1879.0,1786.0,1800.0,-4.51,6048.0,3183.0,725.0
CORBL,10/9/2025,1836.0,1980.0,1836.0,1874.7,4.15,6949.0,3183.0,725.0
CORBL,10/12/2025,1837.3,1949.0,1780.0,1900.0,1.35,5030.0,3183.0,725.0
CORBL,10/13/2025,1862.0,1862.0,1789.0,1800.0,-5.26,14333.0,3183.0,725.0
CORBL,10/14/2025,1765.0,1835.0,1765.0,1794.0,-0.33,3777.0,3183.0,725.0
CORBL,10/15/2025,1762.0,1810.0,1740.0,1768.0,-1.45,2664.0,3183.0,725.0
CORBL,10/16/2025,1741.0,1746.0,1696.0,1730.0,-2.15,4676.0,3183.0,725.0
CORBL,10/19/2025,1703.0,1750.0,1696.0,1704.0,-1.5,2280.0,3183.0,725.0
CORBL,10/26/2025,1690.0,1730.0,1657.0,1696.0,-0.47,3429.0,3183.0,725.0
CORBL,10/28/2025,1664.1,1832.0,1664.1,1781.0,5.01,2983.0,3183.0,725.0
CORBL,10/29/2025,1750.0,1855.0,1651.3,1757.0,-1.35,9210.0,3183.0,725.0
CORBL,10/30/2025,1730.0,1775.0,1711.0,1749.0,-0.46,2101.0,3183.0,725.0
CORBL,11/2/2025,1715.0,1785.0,1715.0,1750.0,0.06,4248.0,3183.0,725.0
CORBL,11/3/2025,1750.0,1784.0,1715.0,1770.0,1.14,1938.0,3183.0,725.0
CORBL,11/4/2025,1741.0,1769.9,1737.5,1750.0,-1.13,1423.0,3183.0,725.0
CORBL,11/5/2025,1730.0,1764.0,1730.0,1732.0,-1.03,1914.0,3183.0,725.0
CORBL,11/6/2025,1720.0,1779.9,1720.0,1771.0,2.25,3174.0,3183.0,725.0
CORBL,11/9/2025,1740.0,1750.0,1686.6,1723.0,-2.71,2689.0,3183.0,725.0
CORBL,11/10/2025,1688.6,1720.0,1688.6,1715.0,-0.46,2874.0,3183.0,725.0
CORBL,11/11/2025,1684.0,1707.0,1684.0,1707.0,-0.47,1070.0,3183.0,725.0
CORBL,11/12/2025,1673.2,1739.0,1673.2,1700.0,-0.41,2434.0,3183.0,725.0
CORBL,11/13/2025,1669.1,1729.0,1669.1,1719.7,1.16,742.0,3183.0,725.0
CORBL,11/16/2025,1687.0,1719.0,1686.3,1700.0,-1.15,294.0,3183.0,725.0
CORBL,11/17/2025,1679.0,1845.0,1669.0,1823.0,7.24,15081.0,3183.0,725.0
CORBL,11/18/2025,1787.0,1875.0,1780.0,1857.0,1.87,9787.0,3183.0,725.0
CORBL,11/19/2025,1819.9,1873.0,1687.0,1745.0,-6.03,16171.0,3183.0,725.0
CORBL,11/20/2025,1778.0,1778.0,1570.5,1680.0,-3.72,34013.0,3183.0,725.0
CORBL,11/23/2025,1701.0,1729.0,1650.0,1690.0,0.6,8251.0,3183.0,725.0
CORBL,11/24/2025,1680.0,1716.0,1657.0,1693.0,0.18,6289.0,3183.0,725.0
CORBL,11/25/2025,1663.0,1713.8,1663.0,1690.0,-0.18,6031.0,3183.0,725.0
CORBL,11/26/2025,1671.1,1704.5,1671.1,1690.0,0.0,2518.0,3183.0,725.0
CORBL,11/27/2025,1714.0,1715.0,1664.1,1675.0,-0.89,4215.0,3183.0,725.0
CORBL,11/30/2025,1669.1,1697.0,1665.0,1665.0,-0.6,6105.0,3183.0,725.0
CORBL,12/1/2025,1698.1,1698.3,1650.0,1695.0,1.8,5557.0,3183.0,725.0
CORBL,12/2/2025,1700.0,1728.6,1676.0,1714.0,1.12,13151.0,3183.0,725.0
CORBL,12/3/2025,1685.0,1715.0,1680.0,1700.0,-0.82,2001.0,3183.0,725.0
CORBL,12/7/2025,1680.0,1696.0,1647.0,1675.0,-1.47,3706.0,3183.0,725.0
CORBL,12/8/2025,1650.0,1683.0,1620.0,1655.0,-1.19,4229.0,3183.0,725.0
CORBL,12/9/2025,1645.0,1780.0,1623.0,1732.9,4.71,22509.0,3183.0,725.0
CORBL,12/10/2025,1698.3,1730.0,1667.0,1697.8,-2.03,3458.0,3183.0,725.0
CORBL,12/11/2025,1663.9,1680.0,1650.1,1673.0,-1.46,1545.0,3183.0,725.0
CORBL,12/14/2025,1641.1,1676.0,1630.0,1663.9,-0.54,3050.0,3183.0,725.0
CORBL,12/15/2025,1635.1,1666.8,1635.1,1659.0,-0.29,940.0,3183.0,725.0
CORBL,12/16/2025,1641.2,1651.0,1625.0,1651.0,-0.48,5911.0,3183.0,725.0
CORBL,12/17/2025,1631.1,1693.2,1631.1,1671.8,1.26,2094.0,3183.0,725.0
CORBL,12/18/2025,1638.4,1705.0,1638.4,1660.3,-0.69,10898.0,3183.0,725.0
CORBL,12/21/2025,1650.0,1650.0,1494.3,1550.0,-6.64,19241.0,3183.0,725.0
CORBL,12/22/2025,1526.5,1550.0,1497.0,1510.0,-2.58,4806.0,3183.0,725.0
CORBL,12/23/2025,1520.0,1520.0,1500.0,1511.0,0.07,3399.0,3183.0,725.0
CORBL,12/24/2025,1500.0,1509.9,1439.0,1450.0,-4.04,10914.0,3183.0,725.0
CORBL,12/28/2025,1467.0,1480.0,1431.0,1480.0,2.07,3267.0,3183.0,725.0
CORBL,12/29/2025,1509.0,1599.0,1509.0,1580.0,6.76,8679.0,3183.0,725.0
CORBL,12/31/2025,1600.0,1647.9,1600.0,1619.0,2.47,10502.0,3183.0,725.0
CORBL,1/1/2026,1587.0,1620.0,1575.7,1580.0,-2.41,5594.0,3183.0,725.0
CORBL,1/4/2026,1560.0,1600.0,1560.0,1587.0,0.44,1996.0,3183.0,725.0
CORBL,1/5/2026,1565.1,1599.9,1565.1,1590.0,0.19,3421.0,3183.0,725.0
CORBL,1/6/2026,1558.2,1685.0,1558.2,1600.0,0.63,4017.0,3183.0,725.0
CORBL,1/7/2026,1632.0,1632.0,1568.0,1570.0,-1.88,1564.0,3183.0,725.0
CORBL,1/8/2026,1570.0,1575.0,1547.1,1574.0,0.25,4798.0,3183.0,725.0
CORBL,1/12/2026,1545.0,1605.0,1531.0,1563.0,-0.7,4026.0,3183.0,725.0
CORBL,1/13/2026,1564.2,1595.4,1540.3,1550.0,-0.83,3930.0,3183.0,725.0
CORBL,1/14/2026,1550.0,1571.0,1535.0,1571.0,1.35,6311.0,3183.0,725.0
CORBL,1/18/2026,1541.1,1599.9,1541.1,1599.8,1.83,3590.0,3183.0,725.0
CORBL,1/20/2026,1567.9,1659.9,1567.9,1623.0,1.45,10407.0,3183.0,725.0
CORBL,1/21/2026,1593.0,1622.0,1570.0,1614.0,-0.55,3335.0,3183.0,725.0
CORBL,1/22/2026,1582.1,1775.4,1582.1,1775.3,9.99,13355.0,3183.0,725.0
CORBL,1/25/2026,1793.8,1793.8,1601.0,1705.0,-3.96,8837.0,3183.0,725.0
CORBL,1/26/2026,1680.1,1874.0,1675.0,1873.9,9.91,42687.0,3183.0,725.0
CORBL,1/27/2026,1911.3,2048.0,1836.5,1997.0,6.57,27962.0,3183.0,725.0
CORBL,1/28/2026,1957.1,2196.7,1881.6,2196.7,10.0,21524.0,3183.0,725.0
CORBL,1/29/2026,2152.8,2152.8,1977.1,1977.1,-10.0,18704.0,3183.0,725.0
CORBL,2/1/2026,1937.6,1937.6,1779.4,1779.4,-10.0,21174.0,3183.0,725.0
CORBL,2/2/2026,1744.0,1844.0,1709.2,1836.0,3.18,11132.0,3183.0,725.0
CORBL,2/3/2026,1800.1,1860.0,1765.0,1799.0,-2.02,5624.0,3183.0,725.0
CORBL,2/4/2026,1774.0,1926.0,1752.0,1925.0,7.0,21489.0,3183.0,725.0
CORBL,2/5/2026,1886.5,1997.5,1741.5,1929.0,0.21,49281.0,3183.0,725.0
CORBL,2/8/2026,1890.5,1890.5,1736.1,1769.0,-8.29,12585.0,3183.0,725.0
CORBL,2/9/2026,1735.1,1740.0,1676.0,1699.0,-3.96,11364.0,3183.0,725.0
CORBL,2/10/2026,1699.0,1709.0,1604.4,1610.0,-5.24,20253.0,3183.0,725.0
CORBL,2/11/2026,1610.0,1654.4,1610.0,1643.0,2.05,4943.0,3183.0,725.0
CORBL,2/12/2026,1643.0,1675.8,1612.0,1660.0,1.03,5627.0,3183.0,725.0
CORBL,2/16/2026,1630.1,1666.0,1605.0,1630.0,-1.81,4166.0,3183.0,725.0
CORBL,2/17/2026,1610.0,1654.5,1601.3,1610.0,-1.23,4665.0,3183.0,725.0
CORBL,2/22/2026,1580.0,1647.0,1580.0,1612.0,0.12,5739.0,3183.0,725.0
CORBL,2/23/2026,1579.8,1669.9,1562.0,1636.4,1.51,5109.0,3183.0,725.0
CORBL,2/24/2026,1603.7,1643.0,1603.7,1630.0,-0.39,3112.0,3183.0,725.0
CORBL,2/25/2026,1606.1,1649.0,1606.1,1620.2,-0.6,2649.0,3183.0,725.0
CORBL,2/26/2026,1605.1,1637.2,1601.0,1615.0,-0.32,5110.0,3183.0,725.0
CORBL,2/27/2026,1605.1,1637.2,1601.0,1615.0,0.0,5110.0,3183.0,725.0
CORBL,2/28/2026,1605.1,1637.2,1601.0,1615.0,0.0,5110.0,3183.0,725.0
CORBL,3/2/2026,1589.0,1641.0,1526.2,1556.7,-3.61,8549.0,3183.0,725.0
CORBL,3/3/2026,1550.7,1605.0,1550.7,1592.0,2.27,7702.0,3183.0,725.0
CORBL,3/4/2026,1550.7,1605.0,1550.7,1592.0,0.0,7702.0,3183.0,725.0
CORBL,3/5/2026,1550.7,1605.0,1550.7,1592.0,0.0,7702.0,3183.0,725.0
CORBL,3/6/2026,1550.7,1605.0,1550.7,1592.0,0.0,7702.0,3183.0,725.0
CORBL,3/7/2026,1550.7,1605.0,1550.7,1592.0,0.0,7702.0,3183.0,725.0
CORBL,3/8/2026,1550.7,1605.0,1550.7,1592.0,0.0,7702.0,3183.0,725.0
CORBL,3/9/2026,1623.8,1751.2,1623.8,1751.2,10.0,75.0,3183.0,725.0
CORBL,3/10/2026,1786.2,1786.2,1640.0,1667.0,-4.81,20140.0,3183.0,725.0
CORBL,3/11/2026,1650.0,1684.0,1642.3,1648.2,-1.13,8389.0,3183.0,725.0
CORBL,3/12/2026,1641.0,1660.0,1631.3,1647.0,-0.07,5461.0,3183.0,725.0
CORBL,3/13/2026,1641.0,1660.0,1631.3,1647.0,0.0,5461.0,3183.0,725.0
CORBL,3/14/2026,1641.0,1660.0,1631.3,1647.0,0.0,5461.0,3183.0,725.0
CORBL,3/15/2026,1650.0,1689.0,1625.0,1689.0,2.55,8065.0,3183.0,725.0
CORBL,3/16/2026,1688.0,1722.7,1668.1,1716.9,1.65,12744.0,3183.0,725.0
CORBL,3/17/2026,1733.8,1782.7,1691.1,1782.7,3.83,17049.0,3183.0,725.0
CORBL,3/18/2026,1733.8,1782.7,1691.1,1782.7,0.0,17049.0,3183.0,725.0
CORBL,3/19/2026,1818.3,1960.9,1679.0,1960.9,10.0,59999.0,3183.0,725.0
CORBL,3/20/2026,1818.3,1960.9,1679.0,1960.9,0.0,59999.0,3183.0,725.0
CORBL,3/21/2026,1818.3,1960.9,1679.0,1960.9,0.0,59999.0,3183.0,725.0
CORBL,3/22/2026,2000.1,2156.9,1930.7,2156.9,10.0,44644.0,3183.0,725.0
CORBL,3/23/2026,2120.0,2120.0,1941.3,2113.8,-2.0,37712.0,3183.0,725.0
CORBL,3/24/2026,2071.6,2263.3,1913.1,2219.0,4.98,47528.0,3183.0,725.0
CORBL,3/25/2026,2174.7,2174.7,2070.0,2070.1,-6.71,12538.0,3183.0,725.0
CORBL,3/26/2026,2028.7,2060.0,1988.2,2003.0,-1.27,12862.0,3183.0,725.0
CORBL,3/29/2026,1965.0,2004.5,1920.0,1949.0,-0.81,8065.0,3183.0,725.0
CORBL,3/30/2026,1915.0,1973.9,1871.8,1871.8,-2.26,7482.0,3183.0,725.0
CORBL,3/31/2026,1851.1,1914.0,1830.4,1900.0,2.64,8508.0,3183.0,725.0
CORBL,4/1/2026,1938.0,1938.0,1794.0,1830.7,-5.54,5662.0,3183.0,725.0
CORBL,4/2/2026,1795.3,1840.0,1724.8,1805.0,0.54,7693.0,3183.0,725.0
CORBL,4/5/2026,1768.9,1785.0,1648.4,1649.0,-6.78,11002.0,3183.0,725.0
CORBL,4/6/2026,1617.1,1813.9,1616.1,1812.0,12.05,11030.0,3183.0,725.0
CORBL,4/7/2026,1812.0,1836.0,1764.0,1805.4,-0.36,3553.0,3183.0,725.0
CORBL,4/8/2026,1769.4,1984.4,1769.4,1840.0,3.99,7009.0,3183.0,725.0
CORBL,4/9/2026,1805.0,1864.9,1750.0,1808.1,0.17,8266.0,3183.0,725.0
CORBL,4/10/2026,1773.0,1890.0,1772.0,1869.0,5.41,11053.0,3183.0,725.0
CORBL,4/13/2026,1831.7,1897.0,1795.0,1823.0,-0.47,2100.0,3183.0,725.0
CORBL,4/15/2026,1800.0,1968.4,1800.0,1849.0,2.72,6202.0,3183.0,725.0
CORBL,4/16/2026,1815.0,1885.0,1786.3,1800.0,-0.83,2799.0,3183.0,725.0
CORBL,4/17/2026,1785.0,1825.7,1745.0,1790.0,0.28,8141.0,3183.0,725.0
CORBL,4/20/2026,1841.9,1955.6,1746.0,1849.0,0.39,5441.0,3183.0,725.0
CORBL,4/21/2026,1850.0,2123.0,1793.6,2123.0,14.76,54300.0,3183.0,725.0
CORBL,4/22/2026,2050.0,2340.0,1956.5,1956.5,-4.56,54068.0,3183.0,725.0
CORBL,4/23/2026,2015.1,2160.0,1960.0,2137.2,6.06,21099.0,3183.0,725.0
CORBL,4/24/2026,2100.0,2457.7,1985.0,2407.0,14.62,60220.0,3183.0,725.0
CORBL,4/27/2026,2286.7,2768.0,2107.8,2768.0,21.05,56156.0,3183.0,725.0
CORBL,4/28/2026,2629.6,3183.0,2352.8,2353.0,-10.52,118337.0,3183.0,725.0
CORBL,4/29/2026,2470.6,2678.0,2117.6,2678.0,8.39,78592.0,3183.0,725.0
CORBL,4/30/2026,2544.1,2544.1,2276.3,2400.0,-5.66,47404.0,3183.0,725.0
CORBL,5/4/2026,2300.0,2300.0,2040.0,2098.0,-8.78,41148.0,3183.0,725.0
CORBL,5/5/2026,2200.0,2200.0,1934.0,1986.0,-9.73,10856.0,3183.0,725.0
CORBL,5/6/2026,2024.0,2050.0,1950.0,1977.0,-2.32,19360.0,3183.0,725.0
CORBL,5/7/2026,1944.2,2000.0,1944.1,2000.0,2.87,4456.0,3183.0,725.0
CORBL,5/8/2026,2000.0,2042.9,2000.0,2035.9,1.8,2724.0,3183.0,725.0
CORBL,5/11/2026,1934.2,2100.0,1934.2,2086.0,7.85,4304.0,3183.0,725.0
CORBL,5/12/2026,2086.0,2086.0,2000.2,2002.1,-4.02,9949.0,3183.0,725.0
CORBL,5/13/2026,1970.0,2049.0,1970.0,2033.0,3.2,9835.0,3183.0,725.0
CORBL,5/14/2026,2050.0,2050.0,1991.0,2032.0,-0.88,9431.0,3183.0,725.0
CORBL,5/15/2026,2020.0,2045.0,1995.2,2011.0,-0.45,3465.0,3183.0,725.0
CORBL,5/18/2026,2065.8,2065.8,2000.0,2013.0,-2.56,3896.0,3183.0,725.0
CORBL,5/19/2026,2070.0,2300.0,1955.0,2300.0,11.11,40216.0,3183.0,725.0
CORBL,5/20/2026,2185.0,2497.0,1994.4,1995.0,-8.7,86464.0,3183.0,725.0
CORBL,5/21/2026,1897.0,2091.9,1897.0,2049.9,8.06,19991.0,3183.0,725.0
CORBL,5/22/2026,2001.0,2066.0,2000.0,2066.0,3.25,24768.0,3183.0,725.0
CORBL,5/25/2026,2050.0,2079.0,2000.0,2049.9,-0.0,16617.0,3183.0,725.0
CORBL,5/26/2026,2000.0,2280.0,1999.3,2082.0,4.1,33497.0,3183.0,725.0
CORBL,5/27/2026,2000.0,2037.7,1977.9,1991.0,-0.45,17133.0,3183.0,725.0
CORBL,6/1/2026,1991.0,2200.0,1970.5,2037.0,2.31,10784.0,3183.0,725.0
CORBL,6/2/2026,1977.1,2040.0,1977.1,2000.1,1.16,3345.0,3183.0,725.0
CORBL,6/3/2026,2000.0,2034.9,1983.1,2034.5,1.73,7476.0,3183.0,725.0
CORBL,6/4/2026,1933.6,2047.0,1933.6,1999.0,3.38,8636.0,3183.0,725.0
CORBL,6/5/2026,2026.0,2026.0,1930.0,1966.1,-2.96,8899.0,3183.0,725.0
CORBL,6/8/2026,1950.0,1975.0,1920.0,1935.0,-0.77,5788.0,3183.0,725.0
CORBL,6/9/2026,1900.1,1929.8,1738.9,1850.0,-2.64,23254.0,3183.0,725.0
CORBL,6/10/2026,1850.0,1900.0,1740.7,1809.0,-2.22,31866.0,3183.0,725.0
CORBL,6/11/2026,1760.0,1854.0,1760.0,1825.0,3.69,5996.0,3183.0,725.0
CORBL,6/12/2026,1788.1,1840.0,1780.0,1800.0,0.67,19669.0,3183.0,725.0
CORBL,6/15/2026,1840.0,1840.0,1750.1,1795.2,-2.43,4893.0,3183.0,725.0
CORBL,6/16/2026,1820.0,1820.0,1700.2,1785.9,-1.87,16529.0,3183.0,725.0
CORBL,6/17/2026,1740.0,1789.8,1740.0,1750.0,0.57,4481.0,3183.0,725.0
CORBL,6/18/2026,1750.0,1750.0,1710.2,1735.0,-0.86,6019.0,3183.0,725.0
CORBL,6/19/2026,1711.2,1745.8,1695.0,1715.0,0.22,7302.0,3183.0,725.0
CORBL,6/22/2026,1679.0,1750.0,1679.0,1717.0,2.26,2909.0,3183.0,725.0
CORBL,6/23/2026,1710.0,1743.9,1710.0,1734.8,1.45,3944.0,3183.0,725.0
CORBL,6/24/2026,1766.0,1766.0,1702.1,1712.2,-3.05,2603.0,3183.0,725.0
CORBL,6/26/2026,1700.0,1729.9,1680.1,1714.0,0.82,2695.0,3183.0,725.0
CORBL,6/29/2026,1714.0,1745.0,1650.1,1680.0,-1.98,3472.0,3183.0,725.0
CORBL,6/30/2026,1660.0,1900.0,1630.2,1899.0,14.4,7961.0,3183.0,725.0
CORBL,7/1/2026,1804.1,2150.0,1693.1,1800.0,-0.23,36575.0,3183.0,725.0
CORBL,7/2/2026,1833.0,2050.0,1690.0,1700.0,-7.26,27014.0,3183.0,725.0
CORBL,7/3/2026,1775.0,1800.0,1705.0,1775.0,0.0,2314.0,3183.0,725.0
CORBL,7/6/2026,1750.0,2041.0,1664.6,1980.0,13.14,31645.0,3183.0,725.0
CORBL,7/7/2026,1881.0,2150.0,1683.0,2050.0,8.98,88493.0,3183.0,725.0
CORBL,7/8/2026,1947.5,1947.5,1742.5,1775.0,-8.86,24658.0,3183.0,725.0
CORBL,7/9/2026,1700.0,1710.0,1655.0,1710.0,0.59,24208.0,3183.0,725.0
CORBL,7/10/2026,1690.0,1880.0,1595.0,1647.0,-2.54,73552.0,3183.0,725.0
CORBL,7/13/2026,1600.0,1800.0,1560.0,1600.0,0.0,23018.0,3183.0,725.0
CORBL,7/14/2026,1550.0,1799.0,1550.0,1550.0,0.0,37992.0,3183.0,725.0
CORBL,7/15/2026,1627.5,1750.0,1502.6,1750.0,7.53,60676.0,3183.0,725.0
CORBL,7/16/2026,1662.5,1662.5,1487.5,1596.5,-3.97,89801.0,3183.0,725.0
CORBL,7/17/2026,1516.7,1543.0,1437.6,1530.0,0.88,119131.0,3183.0,725.0
CORBL,7/20/2026,1490.0,1640.0,1416.2,1498.0,0.54,129543.0,3183.0,725.0
CORBL,7/21/2026,1450.0,1450.0,1393.3,1400.0,-3.45,110145.0,3183.0,725.0
CORBL,7/22/2026,1390.0,1555.0,1282.0,1439.0,3.53,80525.0,3183.0,725.0
CORBL,7/23/2026,1400.0,1610.0,1348.3,1440.0,2.86,99429.0,3183.0,725.0
CORBL,7/24/2026,1380.0,1590.0,1333.8,1549.0,12.25,124853.0,3183.0,725.0
CORBL,7/27/2026,1471.6,1471.6,1330.0,1399.9,-4.87,69345.0,3183.0,725.0
CORBL,7/28/2026,1380.0,1386.8,1315.4,1377.9,-0.15,65277.0,3183.0,725.0
CORBL,7/29/2026,1350.0,1350.0,1200.0,1317.0,-2.44,137425.0,3183.0,725.0
CORBL,7/30/2026,1382.8,1382.8,1147.0,1155.0,-16.47,126446.0,3183.0,725.0
CORBL,7/31/2026,1150.0,1189.0,1050.0,1120.0,-2.61,98227.0,3183.0,725.0
CORBL,8/3/2026,1100.0,1135.0,1090.0,1115.0,1.36,33883.0,3183.0,725.0
CORBL,8/4/2026,1115.0,1115.0,1068.1,1070.5,-3.99,41705.0,3183.0,725.0
CORBL,8/5/2026,1070.0,1088.0,1020.0,1035.0,-3.27,48129.0,3183.0,725.0
CORBL,8/6/2026,990.0,1049.0,965.0,1025.0,3.54,88936.0,3183.0,725.0
CORBL,8/7/2026,1035.0,1068.0,1004.0,1065.0,2.9,28501.0,3183.0,725.0
CORBL,8/10/2026,1065.1,1163.9,1051.0,1155.2,8.46,67629.0,3183.0,725.0
CORBL,8/11/2026,1150.0,1190.0,1120.0,1140.0,-0.87,36057.0,3183.0,725.0
CORBL,8/12/2026,1174.0,1174.0,1070.0,1086.0,-7.5,38077.0,3183.0,725.0
CORBL,8/13/2026,1071.0,1098.0,1050.0,1055.1,-1.48,24249.0,3183.0,725.0
CORBL,8/14/2026,1055.5,1088.0,1050.0,1058.0,0.24,24515.0,3183.0,725.0
CORBL,8/17/2026,1070.0,1070.0,1039.0,1040.0,-2.8,17872.0,3183.0,725.0
CORBL,8/18/2026,1030.0,1045.0,1014.0,1019.6,-1.01,16496.0,3183.0,725.0
CORBL,8/19/2026,1027.0,1029.5,1010.0,1028.0,0.1,15214.0,3183.0,725.0
CORBL,8/20/2026,1028.0,1028.0,985.0,994.0,-3.31,31498.0,3183.0,725.0
CORBL,8/21/2026,995.0,1009.0,971.2,972.0,-2.31,20893.0,3183.0,725.0
CORBL,8/24/2026,970.0,985.0,941.0,942.0,-2.89,28323.0,3183.0,725.0
CORBL,8/25/2026,942.0,952.0,898.4,907.9,-3.62,43576.0,3183.0,725.0
CORBL,8/26/2026,953.2,953.2,882.1,884.0,-7.26,28484.0,3183.0,725.0
CORBL,8/27/2026,864.5,916.0,850.0,902.2,4.36,20583.0,3183.0,725.0
CORBL,8/31/2026,900.0,903.0,880.0,880.5,-2.17,12108.0,3183.0,725.0
CORBL,9/1/2026,836.5,911.0,836.5,883.0,5.56,15206.0,3183.0,725.0
CORBL,9/2/2026,877.0,900.0,860.1,885.0,0.91,6634.0,3183.0,725.0
CORBL,9/3/2026,900.0,905.0,885.0,896.0,-0.44,11070.0,3183.0,725.0
CORBL,9/7/2026,896.0,907.0,885.0,892.9,-0.35,14518.0,3183.0,725.0
CORBL,9/9/2026,893.0,893.1,856.0,859.0,-3.81,15157.0,3183.0,725.0
CORBL,9/10/2026,850.0,850.0,806.0,814.0,-4.24,30795.0,3183.0,725.0
CORBL,9/11/2026,814.0,834.0,805.0,817.0,0.37,16851.0,3183.0,725.0
CORBL,9/14/2026,817.0,825.1,800.1,817.9,0.11,10517.0,3183.0,725.0
CORBL,9/15/2026,858.0,858.0,825.1,838.9,-2.23,17443.0,3183.0,725.0
CORBL,9/16/2026,850.0,850.0,825.0,831.4,-2.19,8909.0,3183.0,725.0
CORBL,9/17/2026,831.5,850.0,821.0,833.9,0.29,7578.0,3183.0,725.0
CORBL,9/18/2026,830.0,836.0,820.0,824.0,-0.72,10289.0,3183.0,725.0
CORBL,9/22/2026,800.0,829.7,800.0,816.0,2.0,12374.0,3183.0,725.0
CORBL,9/23/2026,819.9,819.9,802.0,802.0,-2.18,10093.0,3183.0,725.0
CORBL,9/24/2026,803.0,810.0,792.2,795.1,-0.98,22329.0,3183.0,725.0
CORBL,9/28/2026,792.4,799.0,776.0,780.0,-1.56,12293.0,3183.0,725.0
CORBL,9/29/2026,819.0,819.0,750.1,0.0,-100.0,15061.0,3183.0,725.0
CORBL,9/30/2026,760.0,766.0,737.0,737.9,-2.91,17966.0,3183.0,725.0
CORBL,10/1/2026,738.0,813.0,725.0,806.9,9.34,44458.0,3183.0,725.0
CORBL,10/2/2026,811.0,854.0,810.0,810.0,-0.12,31963.0,3183.0,725.0
CORBLP,6/24/2026,100.0,100.0,100.0,100.0,0.0,10000.0,100.0,100.0
CORBLP,8/12/2026,100.0,100.0,100.0,100.0,0.0,56175.0,100.0,100.0
CREST,12/21/2025,1220.0,1230.0,1195.0,1214.0,,11718.0,1588.0,1000.0
CREST,12/22/2025,1201.0,1214.9,1191.4,1198.0,-1.32,8009.0,1588.0,1000.0
CREST,12/23/2025,1215.0,1246.0,1181.0,1219.0,1.75,6983.0,1588.0,1000.0
CREST,12/24/2025,1211.0,1218.0,1196.6,1218.0,-0.08,4903.0,1588.0,1000.0
CREST,12/28/2025,1212.0,1229.0,1200.0,1229.0,0.9,5210.0,1588.0,1000.0
CREST,12/29/2025,1229.0,1229.0,1205.0,1205.0,-1.95,6814.0,1588.0,1000.0
CREST,12/31/2025,1205.0,1220.0,1200.5,1219.5,1.2,6880.0,1588.0,1000.0
CREST,1/1/2026,1202.1,1222.0,1196.0,1197.0,-1.85,7083.0,1588.0,1000.0
CREST,1/4/2026,1197.0,1228.0,1181.1,1225.0,2.34,15078.0,1588.0,1000.0
CREST,1/5/2026,1220.0,1275.0,1215.0,1274.0,4.0,36693.0,1588.0,1000.0
CREST,1/6/2026,1275.1,1297.0,1252.0,1252.0,-1.73,21383.0,1588.0,1000.0
CREST,1/7/2026,1251.0,1270.0,1230.0,1247.7,-0.34,19756.0,1588.0,1000.0
CREST,1/8/2026,1230.0,1240.0,1221.1,1226.0,-1.74,9157.0,1588.0,1000.0
CREST,1/12/2026,1218.0,1252.9,1216.0,1240.0,1.14,20400.0,1588.0,1000.0
CREST,1/13/2026,1250.0,1257.9,1227.0,1235.0,-0.4,13639.0,1588.0,1000.0
CREST,1/14/2026,1228.0,1284.8,1222.0,1230.9,-0.33,10168.0,1588.0,1000.0
CREST,1/18/2026,1225.0,1259.9,1223.3,1250.0,1.55,15011.0,1588.0,1000.0
CREST,1/20/2026,1250.0,1295.0,1250.0,1290.0,3.2,27780.0,1588.0,1000.0
CREST,1/21/2026,1264.2,1341.3,1264.2,1305.0,1.16,35025.0,1588.0,1000.0
CREST,1/22/2026,1309.0,1362.0,1307.0,1360.0,4.21,50958.0,1588.0,1000.0
CREST,1/25/2026,1333.0,1496.0,1333.0,1495.0,9.93,81679.0,1588.0,1000.0
CREST,1/26/2026,1495.0,1520.0,1440.0,1490.0,-0.33,81257.0,1588.0,1000.0
CREST,1/27/2026,1465.0,1566.0,1382.0,1490.0,0.0,72463.0,1588.0,1000.0
CREST,1/28/2026,1519.8,1519.8,1426.0,1485.0,-0.34,65991.0,1588.0,1000.0
CREST,1/29/2026,1499.0,1515.0,1422.0,1450.0,-2.36,66852.0,1588.0,1000.0
CREST,2/1/2026,1450.0,1568.7,1384.8,1568.7,8.19,43300.0,1588.0,1000.0
CREST,2/2/2026,1537.4,1537.4,1441.0,1482.0,-5.53,52269.0,1588.0,1000.0
CREST,2/3/2026,1475.0,1499.0,1427.0,1474.0,-0.54,34876.0,1588.0,1000.0
CREST,2/4/2026,1474.0,1484.0,1435.0,1468.0,-0.41,20099.0,1588.0,1000.0
CREST,2/5/2026,1470.0,1588.0,1441.0,1499.8,2.17,69339.0,1588.0,1000.0
CREST,2/8/2026,1490.0,1530.0,1461.0,1489.0,-0.72,53035.0,1588.0,1000.0
CREST,2/9/2026,1480.0,1495.0,1440.0,1474.0,-1.01,34722.0,1588.0,1000.0
CREST,2/10/2026,1475.0,1475.0,1430.0,1448.0,-1.76,20451.0,1588.0,1000.0
CREST,2/11/2026,1450.0,1489.0,1361.3,1364.0,-5.8,73009.0,1588.0,1000.0
CREST,2/12/2026,1391.0,1447.0,1316.0,1447.0,6.09,29377.0,1588.0,1000.0
CREST,2/16/2026,1418.1,1418.1,1365.0,1385.0,-4.28,13957.0,1588.0,1000.0
CREST,2/17/2026,1361.0,1385.0,1326.0,1328.0,-4.12,15654.0,1588.0,1000.0
CREST,2/22/2026,1330.0,1339.0,1310.0,1330.0,0.15,8922.0,1588.0,1000.0
CREST,2/23/2026,1305.0,1348.0,1300.0,1320.0,-0.75,14383.0,1588.0,1000.0
CREST,2/24/2026,1346.0,1400.0,1295.0,1400.0,6.06,29444.0,1588.0,1000.0
CREST,2/25/2026,1372.0,1374.0,1323.0,1370.0,-2.14,16676.0,1588.0,1000.0
CREST,2/26/2026,1380.0,1380.0,1335.0,1349.0,-1.53,3857.0,1588.0,1000.0
CREST,2/27/2026,1380.0,1380.0,1335.0,1349.0,0.0,3857.0,1588.0,1000.0
CREST,2/28/2026,1380.0,1380.0,1335.0,1349.0,0.0,3857.0,1588.0,1000.0
CREST,3/2/2026,1322.1,1402.8,1322.1,1337.2,-0.87,24741.0,1588.0,1000.0
CREST,3/3/2026,1355.0,1418.0,1311.1,1418.0,6.04,25803.0,1588.0,1000.0
CREST,3/4/2026,1355.0,1418.0,1311.1,1418.0,0.0,25803.0,1588.0,1000.0
CREST,3/5/2026,1355.0,1418.0,1311.1,1418.0,0.0,25803.0,1588.0,1000.0
CREST,3/6/2026,1355.0,1418.0,1311.1,1418.0,0.0,25803.0,1588.0,1000.0
CREST,3/7/2026,1355.0,1418.0,1311.1,1418.0,0.0,25803.0,1588.0,1000.0
CREST,3/8/2026,1355.0,1418.0,1311.1,1418.0,0.0,25803.0,1588.0,1000.0
CREST,3/9/2026,1417.9,1533.0,1417.9,1532.9,8.1,5839.0,1588.0,1000.0
CREST,3/10/2026,1532.9,1532.9,1445.0,1489.0,-2.86,58270.0,1588.0,1000.0
CREST,3/11/2026,1500.0,1500.0,1435.0,1438.0,-3.43,14910.0,1588.0,1000.0
CREST,3/12/2026,1430.0,1459.0,1419.0,1425.9,-0.84,25219.0,1588.0,1000.0
CREST,3/13/2026,1430.0,1459.0,1419.0,1425.9,0.0,25219.0,1588.0,1000.0
CREST,3/14/2026,1430.0,1459.0,1419.0,1425.9,0.0,25219.0,1588.0,1000.0
CREST,3/15/2026,1444.0,1450.0,1400.0,1425.0,-0.06,24015.0,1588.0,1000.0
CREST,3/16/2026,1423.5,1479.0,1368.1,1404.0,-1.47,28592.0,1588.0,1000.0
CREST,3/17/2026,1432.0,1432.0,1380.1,1385.0,-1.35,6756.0,1588.0,1000.0
CREST,3/18/2026,1432.0,1432.0,1380.1,1385.0,0.0,6756.0,1588.0,1000.0
CREST,3/19/2026,1385.0,1432.0,1385.0,1429.5,3.21,25911.0,1588.0,1000.0
CREST,3/20/2026,1385.0,1432.0,1385.0,1429.5,0.0,25911.0,1588.0,1000.0
CREST,3/21/2026,1385.0,1432.0,1385.0,1429.5,0.0,25911.0,1588.0,1000.0
CREST,3/22/2026,1425.0,1440.0,1416.0,1418.5,-0.77,25999.0,1588.0,1000.0
CREST,3/23/2026,1403.0,1430.0,1401.2,1403.3,-1.07,18592.0,1588.0,1000.0
CREST,3/24/2026,1420.0,1420.0,1395.0,1410.0,0.48,7382.0,1588.0,1000.0
CREST,3/25/2026,1400.0,1410.0,1390.0,1410.0,0.0,23179.0,1588.0,1000.0
CREST,3/26/2026,1391.0,1420.0,1390.0,1395.2,0.3,28715.0,1588.0,1000.0
CREST,3/29/2026,1390.1,1390.1,1355.0,1368.0,-1.59,14590.0,1588.0,1000.0
CREST,3/30/2026,1385.0,1385.0,1330.0,1347.0,-2.74,9679.0,1588.0,1000.0
CREST,3/31/2026,1347.0,1360.0,1330.0,1352.0,0.37,11785.0,1588.0,1000.0
CREST,4/1/2026,1369.0,1369.0,1291.0,1351.0,-1.31,23261.0,1588.0,1000.0
CREST,4/2/2026,1324.0,1350.0,1311.0,1315.2,-0.66,9505.0,1588.0,1000.0
CREST,4/5/2026,1341.5,1341.5,1196.0,1196.0,-10.85,25520.0,1588.0,1000.0
CREST,4/6/2026,1172.1,1250.0,1172.1,1242.0,5.96,19064.0,1588.0,1000.0
CREST,4/7/2026,1260.0,1284.0,1221.0,1245.0,-1.19,9664.0,1588.0,1000.0
CREST,4/8/2026,1250.0,1293.9,1241.0,1293.9,3.51,9987.0,1588.0,1000.0
CREST,4/9/2026,1299.0,1325.0,1280.1,1323.0,1.85,13120.0,1588.0,1000.0
CREST,4/10/2026,1339.0,1339.0,1277.0,1312.8,-1.96,8282.0,1588.0,1000.0
CREST,4/13/2026,1338.9,1365.5,1275.0,1289.0,-3.73,10445.0,1588.0,1000.0
CREST,4/15/2026,1281.0,1305.0,1281.0,1290.0,0.7,7383.0,1588.0,1000.0
CREST,4/16/2026,1270.0,1280.0,1227.0,1230.0,-3.15,30070.0,1588.0,1000.0
CREST,4/17/2026,1254.6,1279.0,1210.0,1234.9,-1.57,7466.0,1588.0,1000.0
CREST,4/20/2026,1270.0,1309.0,1210.3,1226.0,-3.46,2973.0,1588.0,1000.0
CREST,4/21/2026,1221.0,1230.0,1218.0,1225.0,0.33,5034.0,1588.0,1000.0
CREST,4/22/2026,1200.0,1229.9,1190.0,1228.7,2.39,9463.0,1588.0,1000.0
CREST,4/23/2026,1240.0,1240.0,1188.0,1199.0,-3.31,21482.0,1588.0,1000.0
CREST,4/24/2026,1230.0,1271.0,1166.3,1192.0,-3.09,6263.0,1588.0,1000.0
CREST,4/27/2026,1192.0,1224.0,1176.8,1190.0,-0.17,6997.0,1588.0,1000.0
CREST,4/28/2026,1147.0,1242.3,1147.0,1194.7,4.16,8399.0,1588.0,1000.0
CREST,4/29/2026,1194.7,1254.4,1140.0,1140.0,-4.58,16915.0,1588.0,1000.0
CREST,4/30/2026,1130.0,1160.0,1112.0,1112.1,-1.58,7509.0,1588.0,1000.0
CREST,5/4/2026,1080.0,1122.0,1055.1,1064.0,-1.48,7276.0,1588.0,1000.0
CREST,5/5/2026,1020.0,1078.0,1017.0,1072.9,5.19,6302.0,1588.0,1000.0
CREST,5/6/2026,1126.5,1126.5,1050.8,1073.9,-4.67,4814.0,1588.0,1000.0
CREST,5/7/2026,1127.5,1127.5,1055.0,1073.8,-4.76,4614.0,1588.0,1000.0
CREST,5/8/2026,1120.0,1120.0,1054.0,1081.5,-3.44,5674.0,1588.0,1000.0
CREST,5/11/2026,1080.0,1178.0,1076.0,1139.6,5.52,8143.0,1588.0,1000.0
CREST,5/12/2026,1179.0,1179.0,1120.5,1137.0,-3.56,9026.0,1588.0,1000.0
CREST,5/13/2026,1193.8,1193.8,1106.0,1106.0,-7.35,9291.0,1588.0,1000.0
CREST,5/14/2026,1139.1,1208.0,1080.0,1208.0,6.05,9625.0,1588.0,1000.0
CREST,5/15/2026,1268.4,1268.4,1060.0,1137.8,-10.3,8824.0,1588.0,1000.0
CREST,5/18/2026,1130.0,1171.0,1110.1,1129.9,-0.01,4243.0,1588.0,1000.0
CREST,5/19/2026,1149.8,1194.8,1100.0,1130.0,-1.72,5396.0,1588.0,1000.0
CREST,5/20/2026,1142.0,1149.9,1111.1,1149.9,0.69,7566.0,1588.0,1000.0
CREST,5/21/2026,1150.0,1179.0,1140.0,1148.0,-0.17,5660.0,1588.0,1000.0
CREST,5/22/2026,1140.0,1318.0,1120.0,1318.0,15.61,10839.0,1588.0,1000.0
CREST,5/25/2026,1252.1,1260.0,1143.0,1244.9,-0.58,22878.0,1588.0,1000.0
CREST,5/26/2026,1238.0,1275.0,1215.0,1244.0,0.48,5460.0,1588.0,1000.0
CREST,5/27/2026,1234.0,1357.0,1190.0,1350.0,9.4,26431.0,1588.0,1000.0
CREST,6/1/2026,1400.0,1400.0,1229.0,1256.2,-10.27,11858.0,1588.0,1000.0
CREST,6/2/2026,1247.0,1401.0,1190.0,1226.2,-1.67,19323.0,1588.0,1000.0
CREST,6/3/2026,1262.0,1300.0,1205.0,1280.0,1.43,25910.0,1588.0,1000.0
CREST,6/4/2026,1344.0,1344.0,1250.0,1268.0,-5.65,9029.0,1588.0,1000.0
CREST,6/5/2026,1260.0,1333.0,1240.0,1254.5,-0.44,7665.0,1588.0,1000.0
CREST,6/8/2026,1230.0,1419.0,1221.0,1419.0,15.37,18086.0,1588.0,1000.0
CREST,6/9/2026,1419.0,1419.0,1241.0,1289.0,-9.16,15289.0,1588.0,1000.0
CREST,6/10/2026,1289.0,1310.0,1269.9,1279.9,-0.71,10090.0,1588.0,1000.0
CREST,6/11/2026,1260.0,1377.0,1250.5,1285.0,1.98,9746.0,1588.0,1000.0
CREST,6/12/2026,1260.0,1280.0,1250.0,1278.0,1.43,10233.0,1588.0,1000.0
CREST,6/15/2026,1341.0,1341.0,1250.4,1259.8,-6.06,2895.0,1588.0,1000.0
CREST,6/16/2026,1250.0,1270.0,1245.0,1250.5,0.04,6425.0,1588.0,1000.0
CREST,6/17/2026,1240.0,1390.0,1230.0,1264.9,2.01,13159.0,1588.0,1000.0
CREST,6/18/2026,1328.1,1328.1,1238.2,1259.9,-5.14,4356.0,1588.0,1000.0
CREST,6/19/2026,1279.0,1297.0,1240.0,1258.0,-1.64,6659.0,1588.0,1000.0
CREST,6/22/2026,1274.0,1288.0,1229.0,1248.0,-2.04,8369.0,1588.0,1000.0
CREST,6/23/2026,1240.0,1241.3,1210.0,1229.9,-0.81,5002.0,1588.0,1000.0
CREST,6/24/2026,1225.0,1249.9,1185.0,1208.0,-1.39,8168.0,1588.0,1000.0
CREST,6/26/2026,1198.8,1271.0,1135.0,1198.9,0.01,12425.0,1588.0,1000.0
CREST,6/29/2026,1185.0,1256.0,1137.1,1196.9,1.0,5673.0,1588.0,1000.0
CREST,6/30/2026,1256.7,1256.7,1171.2,1192.0,-5.15,6097.0,1588.0,1000.0
CREST,7/1/2026,1158.0,1227.5,1158.0,1196.0,3.28,8432.0,1588.0,1000.0
CREST,7/2/2026,1161.0,1344.0,1161.0,1310.0,12.83,18471.0,1588.0,1000.0
CREST,7/3/2026,1244.5,1345.0,1137.0,1244.9,0.03,14906.0,1588.0,1000.0
CREST,7/6/2026,1306.7,1306.7,1195.0,1214.9,-7.03,5233.0,1588.0,1000.0
CREST,7/7/2026,1199.0,1349.0,1170.0,1216.0,1.42,19652.0,1588.0,1000.0
CREST,7/8/2026,1276.8,1276.8,1189.2,1208.5,-5.35,7080.0,1588.0,1000.0
CREST,7/9/2026,1189.0,1239.0,1170.0,1196.1,0.6,7972.0,1588.0,1000.0
CREST,7/10/2026,1180.0,1215.0,1170.0,1189.8,0.83,6962.0,1588.0,1000.0
CREST,7/13/2026,1175.0,1199.9,1165.0,1175.0,0.0,7105.0,1588.0,1000.0
CREST,7/14/2026,1200.0,1200.0,1150.1,1174.9,-2.09,10925.0,1588.0,1000.0
CREST,7/15/2026,1150.0,1205.0,1140.0,1186.9,3.21,6693.0,1588.0,1000.0
CREST,7/16/2026,1186.9,1186.9,1150.0,1174.7,-1.03,6005.0,1588.0,1000.0
CREST,7/17/2026,1150.0,1214.7,1150.0,1214.7,5.63,11484.0,1588.0,1000.0
CREST,7/20/2026,1198.0,1338.0,1143.8,1219.8,1.82,25368.0,1588.0,1000.0
CREST,7/21/2026,1205.0,1244.8,1173.0,1239.7,2.88,13937.0,1588.0,1000.0
CREST,7/22/2026,1220.0,1266.0,1160.0,1222.0,0.16,10216.0,1588.0,1000.0
CREST,7/23/2026,1205.0,1273.0,1173.0,1201.0,-0.33,14145.0,1588.0,1000.0
CREST,7/24/2026,1195.0,1300.0,1179.0,1228.9,2.84,13501.0,1588.0,1000.0
CREST,7/27/2026,1290.3,1290.3,1200.2,1200.3,-6.98,8738.0,1588.0,1000.0
CREST,7/28/2026,1195.0,1230.0,1165.0,1197.9,0.24,3362.0,1588.0,1000.0
CREST,7/29/2026,1190.0,1256.0,1160.0,1199.7,0.82,9303.0,1588.0,1000.0
CREST,7/30/2026,1190.0,1224.9,1160.0,1193.0,0.25,3224.0,1588.0,1000.0
CREST,7/31/2026,1252.6,1252.6,1174.1,1190.0,-5.0,9053.0,1588.0,1000.0
CREST,8/3/2026,1184.0,1215.0,1150.1,1195.0,0.93,12935.0,1588.0,1000.0
CREST,8/4/2026,1184.0,1298.8,1161.0,1199.7,1.33,15749.0,1588.0,1000.0
CREST,8/5/2026,1199.0,1213.0,1178.1,1194.9,-0.34,2332.0,1588.0,1000.0
CREST,8/6/2026,1254.6,1254.6,1175.0,1194.0,-4.83,3873.0,1588.0,1000.0
CREST,8/7/2026,1253.7,1253.7,1160.0,1189.0,-5.16,6706.0,1588.0,1000.0
CREST,8/10/2026,1174.0,1244.0,1140.0,1179.7,0.49,4497.0,1588.0,1000.0
CREST,8/11/2026,1172.0,1230.0,1160.0,1188.0,1.37,15159.0,1588.0,1000.0
CREST,8/12/2026,1247.4,1247.4,1170.0,1185.0,-5.0,4136.0,1588.0,1000.0
CREST,8/13/2026,1244.2,1244.2,1170.0,1179.9,-5.17,2583.0,1588.0,1000.0
CREST,8/14/2026,1238.8,1238.8,1166.0,1179.0,-4.83,3882.0,1588.0,1000.0
CREST,8/17/2026,1166.0,1170.0,1146.5,1169.7,0.32,6463.0,1588.0,1000.0
CREST,8/18/2026,1160.0,1160.0,1150.0,1159.9,-0.01,4619.0,1588.0,1000.0
CREST,8/19/2026,1155.0,1160.0,1139.9,1152.9,-0.18,7972.0,1588.0,1000.0
CREST,8/20/2026,1145.0,1180.0,1120.0,1144.0,-0.09,6890.0,1588.0,1000.0
CREST,8/21/2026,1120.0,1177.0,1115.0,1140.0,1.79,4635.0,1588.0,1000.0
CREST,8/24/2026,1148.0,1148.0,1090.0,1090.0,-5.05,5646.0,1588.0,1000.0
CREST,8/25/2026,1050.0,1253.0,1028.2,1253.0,19.33,17603.0,1588.0,1000.0
CREST,8/26/2026,1215.5,1215.5,1065.1,1117.0,-8.1,4429.0,1588.0,1000.0
CREST,8/27/2026,1083.5,1106.9,1060.0,1074.1,-0.87,5051.0,1588.0,1000.0
CREST,8/31/2026,1100.0,1100.0,1020.0,1044.0,-5.09,6811.0,1588.0,1000.0
CREST,9/1/2026,1040.0,1040.0,1020.2,1038.0,-0.19,5610.0,1588.0,1000.0
CREST,9/2/2026,1038.0,1065.0,1020.0,1050.0,1.16,2865.0,1588.0,1000.0
CREST,9/3/2026,1059.0,1059.0,1035.0,1049.0,-0.94,1811.0,1588.0,1000.0
CREST,9/7/2026,1049.0,1075.9,1031.3,1074.0,2.38,4210.0,1588.0,1000.0
CREST,9/9/2026,1050.0,1108.0,1050.0,1050.0,0.0,7119.0,1588.0,1000.0
CREST,9/10/2026,1050.0,1079.0,1040.1,1070.0,1.9,2379.0,1588.0,1000.0
CREST,9/11/2026,1050.0,1075.0,1045.0,1075.0,2.38,1607.0,1588.0,1000.0
CREST,9/14/2026,1055.0,1100.0,1050.0,1060.2,0.49,4094.0,1588.0,1000.0
CREST,9/15/2026,1112.0,1112.0,1060.0,1099.9,-1.09,7767.0,1588.0,1000.0
CREST,9/16/2026,1120.0,1120.0,1070.0,1094.8,-2.25,1750.0,1588.0,1000.0
CREST,9/17/2026,1149.5,1149.5,1081.6,1100.0,-4.31,5091.0,1588.0,1000.0
CREST,9/18/2026,1155.0,1155.0,1085.0,1105.0,-4.33,6020.0,1588.0,1000.0
CREST,9/22/2026,1105.0,1115.0,1071.9,1099.0,-0.54,12631.0,1588.0,1000.0
CREST,9/23/2026,1087.0,1114.9,1075.0,1094.9,0.73,2761.0,1588.0,1000.0
CREST,9/24/2026,1085.0,1099.0,1070.0,1099.0,1.29,3672.0,1588.0,1000.0
CREST,9/28/2026,1067.0,1135.0,1050.0,1094.9,2.61,3878.0,1588.0,1000.0
CREST,9/29/2026,1094.9,1094.9,1065.0,0.0,-100.0,1355.0,1588.0,1000.0
CREST,9/30/2026,1144.5,1144.5,1060.0,1089.0,-4.85,3677.0,1588.0,1000.0
CREST,10/1/2026,1060.0,1082.5,1040.0,1080.0,1.89,8909.0,1588.0,1000.0
CREST,10/2/2026,1134.0,1134.0,1056.1,1077.0,-5.03,3005.0,1588.0,1000.0
CSY,2/17/2026,10.0,10.0,9.03,9.17,,33920.0,10.0,8.01
CSY,2/22/2026,9.01,9.22,9.0,9.15,-0.22,20020.0,10.0,8.01
CSY,2/23/2026,8.99,9.23,8.99,9.05,-1.09,21880.0,10.0,8.01
CSY,2/24/2026,8.87,9.36,8.87,9.06,0.11,15980.0,10.0,8.01
CSY,2/25/2026,9.0,9.91,9.0,9.32,2.87,212030.0,10.0,8.01
CSY,2/26/2026,9.4,9.5,9.1,9.28,-0.43,7600.0,10.0,8.01
CSY,2/27/2026,9.4,9.5,9.1,9.28,0.0,7600.0,10.0,8.01
CSY,2/28/2026,9.4,9.5,9.1,9.28,0.0,7600.0,10.0,8.01
CSY,3/2/2026,9.25,9.46,9.11,9.3,0.22,4790.0,10.0,8.01
CSY,3/3/2026,9.12,9.41,8.99,9.24,-0.65,4281.0,10.0,8.01
CSY,3/4/2026,9.12,9.41,8.99,9.24,0.0,4281.0,10.0,8.01
CSY,3/5/2026,9.12,9.41,8.99,9.24,0.0,4281.0,10.0,8.01
CSY,3/6/2026,9.12,9.41,8.99,9.24,0.0,4281.0,10.0,8.01
CSY,3/7/2026,9.12,9.41,8.99,9.24,0.0,4281.0,10.0,8.01
CSY,3/8/2026,9.12,9.41,8.99,9.24,0.0,4281.0,10.0,8.01
CSY,3/10/2026,9.06,9.56,9.02,9.56,3.46,14200.0,10.0,8.01
CSY,3/11/2026,9.75,9.75,9.27,9.69,1.36,9411.0,10.0,8.01
CSY,3/12/2026,9.5,9.88,9.21,9.7,0.1,16430.0,10.0,8.01
CSY,3/13/2026,9.5,9.88,9.21,9.7,0.0,16430.0,10.0,8.01
CSY,3/14/2026,9.5,9.88,9.21,9.7,0.0,16430.0,10.0,8.01
CSY,3/15/2026,9.69,9.88,9.31,9.6,-1.03,17343.0,10.0,8.01
CSY,3/16/2026,9.44,9.78,9.26,9.78,1.88,17193.0,10.0,8.01
CSY,3/17/2026,9.59,9.63,9.31,9.63,-1.53,212210.0,10.0,8.01
CSY,3/18/2026,9.59,9.63,9.31,9.63,0.0,212210.0,10.0,8.01
CSY,3/19/2026,9.5,9.79,9.33,9.47,-1.66,8950.0,10.0,8.01
CSY,3/20/2026,9.5,9.79,9.33,9.47,0.0,8950.0,10.0,8.01
CSY,3/21/2026,9.5,9.79,9.33,9.47,0.0,8950.0,10.0,8.01
CSY,3/22/2026,9.29,9.79,9.17,9.79,3.38,210730.0,10.0,8.01
CSY,3/23/2026,9.6,9.72,9.25,9.51,-2.86,14762.0,10.0,8.01
CSY,3/24/2026,9.34,9.6,9.34,9.6,0.95,8650.0,10.0,8.01
CSY,3/25/2026,9.46,9.8,9.42,9.8,2.08,17685.0,10.0,8.01
CSY,3/26/2026,9.61,9.74,9.38,9.57,-0.42,32100.0,10.0,8.01
CSY,3/29/2026,9.45,9.68,9.45,9.6,1.59,23870.0,10.0,8.01
CSY,3/30/2026,9.42,9.7,9.42,9.53,1.17,8220.0,10.0,8.01
CSY,3/31/2026,9.34,9.53,9.34,9.45,1.18,11000.0,10.0,8.01
CSY,4/1/2026,9.45,9.5,9.27,9.42,-0.32,9651.0,10.0,8.01
CSY,4/2/2026,9.4,9.58,9.24,9.5,1.06,8350.0,10.0,8.01
CSY,4/5/2026,9.33,9.4,9.33,9.37,0.43,6200.0,10.0,8.01
CSY,4/6/2026,9.2,9.46,9.14,9.46,2.83,8950.0,10.0,8.01
CSY,4/7/2026,9.3,9.5,9.21,9.42,1.29,7490.0,10.0,8.01
CSY,4/8/2026,9.4,9.51,9.4,9.51,1.17,5710.0,10.0,8.01
CSY,4/9/2026,9.32,9.68,9.32,9.68,3.86,6191.0,10.0,8.01
CSY,4/10/2026,9.68,9.68,9.49,9.54,-1.45,10442.0,10.0,8.01
CSY,4/13/2026,9.35,9.53,9.35,9.4,0.53,14960.0,10.0,8.01
CSY,4/15/2026,9.22,9.65,9.22,9.65,4.66,19310.0,10.0,8.01
CSY,4/16/2026,9.46,9.64,9.46,9.55,0.95,6760.0,10.0,8.01
CSY,4/17/2026,9.36,9.6,9.3,9.6,2.56,7780.0,10.0,8.01
CSY,4/20/2026,9.32,9.6,9.32,9.5,1.93,10860.0,10.0,8.01
CSY,4/21/2026,9.4,9.45,9.36,9.42,0.21,12900.0,10.0,8.01
CSY,4/22/2026,9.32,9.5,9.32,9.5,1.93,4650.0,10.0,8.01
CSY,4/23/2026,9.4,9.7,9.22,9.41,0.11,9900.0,10.0,8.01
CSY,4/24/2026,9.3,9.5,9.3,9.41,1.18,6750.0,10.0,8.01
CSY,4/27/2026,9.41,9.42,9.16,9.41,0.0,5680.0,10.0,8.01
CSY,4/28/2026,9.41,9.45,9.13,9.37,-0.43,18530.0,10.0,8.01
CSY,4/29/2026,9.37,9.4,9.1,9.4,0.32,6022.0,10.0,8.01
CSY,4/30/2026,9.4,9.4,9.2,9.32,-0.85,22800.0,10.0,8.01
CSY,5/4/2026,9.2,9.35,9.1,9.21,0.11,4703.0,10.0,8.01
CSY,5/5/2026,8.95,9.32,8.95,9.32,4.13,8477.0,10.0,8.01
CSY,5/6/2026,9.05,9.59,8.87,9.22,1.88,7590.0,10.0,8.01
CSY,5/7/2026,9.25,9.55,9.25,9.41,1.73,24700.0,10.0,8.01
CSY,5/8/2026,9.41,9.41,9.34,9.35,-0.64,5750.0,10.0,8.01
CSY,5/11/2026,9.07,9.81,9.07,9.3,2.54,4750.0,10.0,8.01
CSY,5/12/2026,9.3,9.5,8.9,9.2,-1.08,11540.0,10.0,8.01
CSY,5/13/2026,9.2,9.48,9.2,9.25,0.54,3900.0,10.0,8.01
CSY,5/14/2026,9.25,9.3,9.01,9.2,-0.54,14000.0,10.0,8.01
CSY,5/15/2026,9.15,9.4,9.15,9.3,1.64,7278.0,10.0,8.01
CSY,5/18/2026,9.15,9.44,9.15,9.34,2.08,2930.0,10.0,8.01
CSY,5/19/2026,9.06,9.3,9.06,9.2,1.55,5650.0,10.0,8.01
CSY,5/20/2026,9.15,9.34,9.15,9.3,1.64,4550.0,10.0,8.01
CSY,5/21/2026,9.06,9.4,9.06,9.28,2.43,14200.0,10.0,8.01
CSY,5/22/2026,9.25,9.45,9.25,9.45,2.16,8422.0,10.0,8.01
CSY,5/25/2026,9.17,9.47,9.17,9.4,2.51,6100.0,10.0,8.01
CSY,5/26/2026,9.39,9.39,9.27,9.31,-0.85,3500.0,10.0,8.01
CSY,5/27/2026,9.31,9.5,9.31,9.35,0.43,1710.0,10.0,8.01
CSY,6/1/2026,9.14,9.5,9.14,9.4,2.84,6930.0,10.0,8.01
CSY,6/2/2026,9.2,9.6,9.2,9.4,2.17,7680.0,10.0,8.01
CSY,6/3/2026,9.2,9.54,9.2,9.3,1.09,6400.0,10.0,8.01
CSY,6/4/2026,9.12,9.39,9.12,9.39,2.96,4400.0,10.0,8.01
CSY,6/5/2026,9.21,9.7,9.21,9.7,5.32,6200.0,10.0,8.01
CSY,6/8/2026,9.41,9.47,9.21,9.47,0.64,20197.0,10.0,8.01
CSY,6/9/2026,9.19,9.4,9.19,9.4,2.29,3000.0,10.0,8.01
CSY,6/10/2026,9.2,9.3,9.2,9.3,1.09,4140.0,10.0,8.01
CSY,6/11/2026,9.25,9.5,9.25,9.26,0.11,2220.0,10.0,8.01
CSY,6/12/2026,9.26,9.3,9.22,9.22,-0.43,7050.0,10.0,8.01
CSY,6/15/2026,9.22,9.4,8.95,9.4,1.95,7400.0,10.0,8.01
CSY,6/16/2026,9.12,9.3,9.12,9.16,0.44,16250.0,10.0,8.01
CSY,6/17/2026,9.16,9.25,9.16,9.19,0.33,13200.0,10.0,8.01
CSY,6/18/2026,9.0,9.4,9.0,9.25,2.78,3150.0,10.0,8.01
CSY,6/19/2026,9.1,9.37,8.91,9.3,2.2,41400.0,10.0,8.01
CSY,6/22/2026,9.2,9.3,8.99,9.29,0.98,24340.0,10.0,8.01
CSY,6/23/2026,9.03,9.39,9.03,9.12,1.0,7500.0,10.0,8.01
CSY,6/24/2026,9.02,9.2,9.02,9.15,1.44,8450.0,10.0,8.01
CSY,6/26/2026,9.0,9.3,9.0,9.2,2.22,6100.0,10.0,8.01
CSY,6/29/2026,9.0,9.3,9.0,9.12,1.33,6700.0,10.0,8.01
CSY,6/30/2026,9.12,9.35,9.02,9.35,2.52,5153.0,10.0,8.01
CSY,7/1/2026,9.07,9.38,9.07,9.25,1.98,8245.0,10.0,8.01
CSY,7/2/2026,9.12,9.3,9.11,9.3,1.97,2700.0,10.0,8.01
CSY,7/3/2026,9.03,9.2,9.03,9.2,1.88,1950.0,10.0,8.01
CSY,7/6/2026,9.2,9.3,9.05,9.19,-0.11,13983.0,10.0,8.01
CSY,7/7/2026,9.2,9.21,8.95,9.01,-2.07,11132.0,10.0,8.01
CSY,7/8/2026,9.01,9.35,8.98,9.05,0.44,7000.0,10.0,8.01
CSY,7/9/2026,9.01,9.35,9.0,9.02,0.11,3600.0,10.0,8.01
CSY,7/10/2026,9.02,9.27,9.0,9.05,0.33,3500.0,10.0,8.01
CSY,7/13/2026,9.01,9.2,9.01,9.01,0.0,1700.0,10.0,8.01
CSY,7/14/2026,9.0,9.12,8.9,9.12,1.33,3900.0,10.0,8.01
CSY,7/15/2026,9.0,9.27,9.0,9.06,0.67,7300.0,10.0,8.01
CSY,7/16/2026,9.06,9.06,9.01,9.02,-0.44,8920.0,10.0,8.01
CSY,7/17/2026,9.0,9.27,9.0,9.03,0.33,2300.0,10.0,8.01
CSY,7/20/2026,8.78,9.31,8.78,9.3,5.92,4900.0,10.0,8.01
CSY,7/21/2026,9.03,9.2,9.03,9.1,0.78,9948.0,10.0,8.01
CSY,7/22/2026,9.1,9.32,9.0,9.32,2.42,12484.0,10.0,8.01
CSY,7/23/2026,9.05,9.38,9.05,9.12,0.77,3950.0,10.0,8.01
CSY,7/24/2026,8.93,9.34,8.93,9.06,1.46,17602.0,10.0,8.01
CSY,7/27/2026,9.06,9.35,9.0,9.05,-0.11,18899.0,10.0,8.01
CSY,7/28/2026,9.05,9.3,9.02,9.25,2.21,2350.0,10.0,8.01
CSY,7/29/2026,9.01,9.3,9.01,9.01,0.0,5480.0,10.0,8.01
CSY,7/30/2026,9.0,9.28,9.0,9.02,0.22,3750.0,10.0,8.01
CSY,7/31/2026,9.1,9.34,9.03,9.34,2.64,24577.0,10.0,8.01
CSY,8/3/2026,9.06,9.3,9.06,9.3,2.65,920.0,10.0,8.01
CSY,8/4/2026,9.03,9.3,9.03,9.05,0.22,5700.0,10.0,8.01
CSY,8/5/2026,9.05,9.15,9.0,9.06,0.11,5030.0,10.0,8.01
CSY,8/6/2026,9.0,9.33,9.0,9.02,0.22,5464.0,10.0,8.01
CSY,8/7/2026,9.0,9.2,8.82,8.85,-1.67,29643.0,10.0,8.01
CSY,8/10/2026,8.6,9.0,8.6,8.88,3.26,12599.0,10.0,8.01
CSY,8/11/2026,8.9,9.35,8.87,8.87,-0.34,4600.0,10.0,8.01
CSY,8/12/2026,8.87,9.35,8.85,9.07,2.25,4000.0,10.0,8.01
CSY,8/13/2026,8.81,9.11,8.81,9.0,2.16,3429.0,10.0,8.01
CSY,8/14/2026,9.0,9.52,8.22,8.25,-8.33,78343.0,10.0,8.01
CSY,8/17/2026,8.2,8.95,8.2,8.89,8.41,6000.0,10.0,8.01
CSY,8/18/2026,8.85,9.2,8.71,8.75,-1.13,2080.0,10.0,8.01
CSY,8/19/2026,8.51,8.8,8.51,8.65,1.65,4150.0,10.0,8.01
CSY,8/20/2026,8.65,8.7,8.51,8.7,0.58,800.0,10.0,8.01
CSY,8/21/2026,8.7,8.76,8.5,8.76,0.69,1121.0,10.0,8.01
CSY,8/24/2026,8.55,9.01,8.55,9.01,5.38,3700.0,10.0,8.01
CSY,8/25/2026,8.91,8.91,8.42,8.57,-3.82,9390.0,10.0,8.01
CSY,8/26/2026,8.36,8.5,8.36,8.5,1.67,1000.0,10.0,8.01
CSY,8/27/2026,8.37,8.5,8.37,8.5,1.55,5493.0,10.0,8.01
CSY,8/31/2026,8.3,8.49,8.2,8.21,-1.08,58830.0,10.0,8.01
CSY,9/1/2026,8.01,8.5,8.01,8.4,4.87,82200.0,10.0,8.01
CSY,9/2/2026,8.15,8.65,8.15,8.64,6.01,3300.0,10.0,8.01
CSY,9/3/2026,8.64,9.13,8.17,8.63,-0.12,74651.0,10.0,8.01
CSY,9/7/2026,8.38,8.87,8.15,8.3,-0.95,36825.0,10.0,8.01
CSY,9/9/2026,8.3,8.44,8.2,8.3,0.0,15571.0,10.0,8.01
CSY,9/10/2026,8.1,8.3,8.1,8.21,1.36,3850.0,10.0,8.01
CSY,9/11/2026,8.22,8.43,8.21,8.43,2.55,13400.0,10.0,8.01
CSY,9/14/2026,8.18,8.5,8.18,8.45,3.3,4300.0,10.0,8.01
CSY,9/15/2026,8.2,8.7,8.2,8.35,1.83,13400.0,10.0,8.01
CSY,9/16/2026,8.32,8.59,8.32,8.35,0.36,6190.0,10.0,8.01
CSY,9/17/2026,8.35,8.6,8.35,8.51,1.92,14680.0,10.0,8.01
CSY,9/18/2026,8.27,8.55,8.26,8.55,3.39,21750.0,10.0,8.01
CSY,9/22/2026,8.55,8.77,8.5,8.54,-0.12,19510.0,10.0,8.01
CSY,9/23/2026,8.3,8.56,8.3,8.56,3.13,1100.0,10.0,8.01
CSY,9/24/2026,8.5,8.6,8.5,8.6,1.18,3300.0,10.0,8.01
CSY,9/28/2026,8.4,8.68,8.4,8.68,3.33,19300.0,10.0,8.01
CSY,9/29/2026,8.5,8.68,8.5,0.0,-100.0,7885.0,10.0,8.01
CSY,9/30/2026,8.35,8.75,8.35,8.75,4.79,10585.0,10.0,8.01
CSY,10/1/2026,8.75,8.76,8.5,8.5,-2.86,12330.0,10.0,8.01
CSY,10/2/2026,8.26,8.71,8.26,8.52,3.15,11518.0,10.0,8.01
CYCL,12/21/2025,1540.6,1598.0,1509.2,1570.0,,6728.0,1768.4,1216.0
CYCL,12/22/2025,1570.0,1662.6,1510.5,1662.6,5.9,5704.0,1768.4,1216.0
CYCL,12/23/2025,1629.4,1629.4,1506.0,1565.0,-5.87,4867.0,1768.4,1216.0
CYCL,12/24/2025,1553.7,1580.0,1527.0,1528.5,-2.33,1819.0,1768.4,1216.0
CYCL,12/28/2025,1555.0,1566.0,1510.1,1566.0,2.45,1430.0,1768.4,1216.0
CYCL,12/29/2025,1534.7,1660.0,1520.3,1620.0,3.45,5155.0,1768.4,1216.0
CYCL,12/31/2025,1587.6,1587.6,1528.0,1580.0,-2.47,2795.0,1768.4,1216.0
CYCL,1/1/2026,1548.4,1640.0,1527.0,1639.0,3.73,4101.0,1768.4,1216.0
CYCL,1/4/2026,1606.3,1606.3,1547.0,1570.0,-4.21,3981.0,1768.4,1216.0
CYCL,1/5/2026,1550.0,1569.0,1519.0,1540.0,-1.91,6210.0,1768.4,1216.0
CYCL,1/6/2026,1526.0,1549.9,1520.0,1522.0,-1.17,1860.0,1768.4,1216.0
CYCL,1/7/2026,1530.0,1530.3,1515.0,1515.0,-0.46,2242.0,1768.4,1216.0
CYCL,1/8/2026,1510.5,1530.0,1510.5,1527.9,0.85,1089.0,1768.4,1216.0
CYCL,1/12/2026,1513.1,1545.0,1513.0,1545.0,1.12,2032.0,1768.4,1216.0
CYCL,1/13/2026,1515.0,1535.0,1505.2,1510.3,-2.25,930.0,1768.4,1216.0
CYCL,1/14/2026,1511.0,1528.0,1505.0,1527.0,1.11,1351.0,1768.4,1216.0
CYCL,1/18/2026,1506.0,1615.0,1506.0,1564.9,2.48,3718.0,1768.4,1216.0
CYCL,1/20/2026,1536.2,1584.0,1536.2,1580.0,0.96,2361.0,1768.4,1216.0
CYCL,1/21/2026,1582.0,1582.0,1535.0,1541.0,-2.47,3083.0,1768.4,1216.0
CYCL,1/22/2026,1530.0,1575.0,1530.0,1573.9,2.13,7271.0,1768.4,1216.0
CYCL,1/25/2026,1573.9,1611.0,1567.0,1600.0,1.66,9507.0,1768.4,1216.0
CYCL,1/26/2026,1599.0,1599.0,1577.1,1580.0,-1.25,3152.0,1768.4,1216.0
CYCL,1/27/2026,1570.0,1590.0,1565.0,1565.0,-0.95,2998.0,1768.4,1216.0
CYCL,1/28/2026,1549.0,1606.0,1549.0,1606.0,2.62,4563.0,1768.4,1216.0
CYCL,1/29/2026,1573.9,1647.0,1561.0,1580.0,-1.62,19937.0,1768.4,1216.0
CYCL,2/1/2026,1549.0,1608.0,1549.0,1578.0,-0.13,1645.0,1768.4,1216.0
CYCL,2/2/2026,1560.0,1599.0,1560.0,1562.0,-1.01,16002.0,1768.4,1216.0
CYCL,2/3/2026,1530.8,1624.0,1530.8,1580.0,1.15,6654.0,1768.4,1216.0
CYCL,2/4/2026,1548.4,1605.0,1518.0,1585.0,0.32,6265.0,1768.4,1216.0
CYCL,2/5/2026,1554.0,1597.0,1530.0,1586.0,0.06,8529.0,1768.4,1216.0
CYCL,2/8/2026,1555.1,1600.0,1540.0,1584.0,-0.13,5648.0,1768.4,1216.0
CYCL,2/9/2026,1553.1,1584.0,1522.0,1560.0,-1.52,3750.0,1768.4,1216.0
CYCL,2/10/2026,1535.0,1573.0,1528.8,1528.8,-2.0,3596.0,1768.4,1216.0
CYCL,2/11/2026,1525.0,1570.8,1499.4,1545.0,1.06,2968.0,1768.4,1216.0
CYCL,2/12/2026,1530.0,1560.0,1516.1,1538.0,-0.45,2093.0,1768.4,1216.0
CYCL,2/16/2026,1520.0,1540.0,1507.6,1520.0,-1.17,2834.0,1768.4,1216.0
CYCL,2/17/2026,1501.0,1616.5,1501.0,1542.0,1.45,18915.0,1768.4,1216.0
CYCL,2/22/2026,1572.0,1599.5,1540.0,1564.0,1.43,2827.0,1768.4,1216.0
CYCL,2/23/2026,1532.8,1589.0,1532.8,1564.0,0.0,1723.0,1768.4,1216.0
CYCL,2/24/2026,1550.0,1581.0,1540.0,1551.1,-0.82,1587.0,1768.4,1216.0
CYCL,2/25/2026,1528.0,1588.9,1528.0,1580.0,1.86,6059.0,1768.4,1216.0
CYCL,2/26/2026,1555.0,1589.0,1549.0,1550.0,-1.9,2565.0,1768.4,1216.0
CYCL,2/27/2026,1555.0,1589.0,1549.0,1550.0,0.0,2565.0,1768.4,1216.0
CYCL,2/28/2026,1555.0,1589.0,1549.0,1550.0,0.0,2565.0,1768.4,1216.0
CYCL,3/2/2026,1543.1,1577.8,1543.1,1573.0,1.48,4365.0,1768.4,1216.0
CYCL,3/3/2026,1573.0,1599.0,1560.0,1597.0,1.53,638.0,1768.4,1216.0
CYCL,3/4/2026,1573.0,1599.0,1560.0,1597.0,0.0,638.0,1768.4,1216.0
CYCL,3/5/2026,1573.0,1599.0,1560.0,1597.0,0.0,638.0,1768.4,1216.0
CYCL,3/6/2026,1573.0,1599.0,1560.0,1597.0,0.0,638.0,1768.4,1216.0
CYCL,3/7/2026,1573.0,1599.0,1560.0,1597.0,0.0,638.0,1768.4,1216.0
CYCL,3/8/2026,1573.0,1599.0,1560.0,1597.0,0.0,638.0,1768.4,1216.0
CYCL,3/9/2026,1628.9,1661.0,1628.9,1661.0,4.01,40.0,1768.4,1216.0
CYCL,3/10/2026,1661.0,1665.0,1580.0,1609.9,-3.08,5686.0,1768.4,1216.0
CYCL,3/11/2026,1590.0,1615.0,1586.0,1600.0,-0.61,3136.0,1768.4,1216.0
CYCL,3/12/2026,1632.0,1632.0,1580.4,1608.0,0.5,19632.0,1768.4,1216.0
CYCL,3/13/2026,1632.0,1632.0,1580.4,1608.0,0.0,19632.0,1768.4,1216.0
CYCL,3/14/2026,1632.0,1632.0,1580.4,1608.0,0.0,19632.0,1768.4,1216.0
CYCL,3/15/2026,1640.0,1640.0,1591.1,1610.0,0.12,1910.0,1768.4,1216.0
CYCL,3/16/2026,1600.0,1620.0,1580.0,1604.0,-0.37,6977.0,1768.4,1216.0
CYCL,3/17/2026,1604.0,1607.5,1580.0,1600.0,-0.25,1244.0,1768.4,1216.0
CYCL,3/18/2026,1604.0,1607.5,1580.0,1600.0,0.0,1244.0,1768.4,1216.0
CYCL,3/19/2026,1581.0,1606.0,1581.0,1605.0,0.31,2186.0,1768.4,1216.0
CYCL,3/20/2026,1581.0,1606.0,1581.0,1605.0,0.0,2186.0,1768.4,1216.0
CYCL,3/21/2026,1581.0,1606.0,1581.0,1605.0,0.0,2186.0,1768.4,1216.0
CYCL,3/22/2026,1637.0,1650.0,1606.5,1649.0,2.74,7476.0,1768.4,1216.0
CYCL,3/23/2026,1681.0,1681.0,1613.0,1645.0,-0.24,3389.0,1768.4,1216.0
CYCL,3/24/2026,1612.1,1650.0,1612.1,1648.0,0.18,687.0,1768.4,1216.0
CYCL,3/25/2026,1615.1,1650.0,1615.1,1644.9,-0.19,2662.0,1768.4,1216.0
CYCL,3/26/2026,1612.1,1634.0,1612.1,1634.0,1.36,1512.0,1768.4,1216.0
CYCL,3/29/2026,1609.1,1768.4,1607.1,1750.0,8.76,5491.0,1768.4,1216.0
CYCL,3/30/2026,1715.0,1715.0,1620.2,1630.0,-4.96,3331.0,1768.4,1216.0
CYCL,3/31/2026,1600.0,1690.0,1598.0,1620.0,1.25,5571.0,1768.4,1216.0
CYCL,4/1/2026,1595.2,1649.0,1568.9,1590.0,-0.33,6102.0,1768.4,1216.0
CYCL,4/2/2026,1558.3,1600.0,1558.3,1590.0,2.03,3144.0,1768.4,1216.0
CYCL,4/5/2026,1560.0,1598.0,1530.0,1530.1,-1.92,6571.0,1768.4,1216.0
CYCL,4/6/2026,1540.0,1574.9,1540.0,1568.0,1.82,1357.0,1768.4,1216.0
CYCL,4/7/2026,1552.0,1574.8,1540.0,1540.0,-0.77,2511.0,1768.4,1216.0
CYCL,4/8/2026,1551.0,1565.0,1536.1,1558.0,0.45,1723.0,1768.4,1216.0
CYCL,4/9/2026,1585.0,1585.0,1534.1,1569.0,-1.01,1134.0,1768.4,1216.0
CYCL,4/10/2026,1600.0,1600.0,1538.0,1570.0,-1.88,1149.0,1768.4,1216.0
CYCL,4/13/2026,1552.0,1565.0,1551.0,1563.0,0.71,178.0,1768.4,1216.0
CYCL,4/15/2026,1531.8,1574.0,1531.8,1570.0,2.49,511.0,1768.4,1216.0
CYCL,4/16/2026,1574.0,1600.0,1530.0,1558.0,-1.02,3176.0,1768.4,1216.0
CYCL,4/17/2026,1526.9,1632.0,1526.9,1550.0,1.51,1530.0,1768.4,1216.0
CYCL,4/20/2026,1627.5,1627.5,1531.4,1556.8,-4.34,979.0,1768.4,1216.0
CYCL,4/21/2026,1634.0,1634.0,1500.1,1545.0,-5.45,4088.0,1768.4,1216.0
CYCL,4/22/2026,1545.0,1545.0,1508.0,1540.0,-0.32,2805.0,1768.4,1216.0
CYCL,4/23/2026,1540.0,1540.0,1518.0,1518.0,-1.43,545.0,1768.4,1216.0
CYCL,4/24/2026,1518.0,1525.0,1455.0,1492.0,-1.71,6797.0,1768.4,1216.0
CYCL,4/27/2026,1492.0,1536.0,1495.0,1497.0,0.34,1102.0,1768.4,1216.0
CYCL,4/28/2026,1497.0,1523.9,1460.0,1495.0,-0.13,3194.0,1768.4,1216.0
CYCL,4/29/2026,1495.0,1519.8,1467.3,1480.0,-1.0,994.0,1768.4,1216.0
CYCL,4/30/2026,1480.0,1497.0,1455.3,1490.0,0.68,643.0,1768.4,1216.0
CYCL,5/4/2026,1515.0,1515.0,1455.0,1460.0,-3.63,1148.0,1768.4,1216.0
CYCL,5/5/2026,1431.1,1503.0,1431.1,1492.0,4.26,572.0,1768.4,1216.0
CYCL,5/6/2026,1462.0,1463.0,1453.3,1453.3,-0.6,580.0,1768.4,1216.0
CYCL,5/7/2026,1453.3,1484.8,1453.1,1457.0,0.25,495.0,1768.4,1216.0
CYCL,5/8/2026,1457.0,1487.9,1457.0,1470.0,0.89,1694.0,1768.4,1216.0
CYCL,5/11/2026,1470.0,1506.9,1470.0,1500.0,2.04,454.0,1768.4,1216.0
CYCL,5/12/2026,1491.0,1525.9,1460.1,1464.1,-1.8,963.0,1768.4,1216.0
CYCL,5/13/2026,1443.2,1552.2,1443.2,1472.0,2.0,521.0,1768.4,1216.0
CYCL,5/14/2026,1470.0,1488.0,1470.0,1472.0,0.14,176.0,1768.4,1216.0
CYCL,5/15/2026,1450.0,1490.0,1450.0,1466.1,1.11,231.0,1768.4,1216.0
CYCL,5/18/2026,1457.0,1498.0,1457.0,1474.9,1.23,437.0,1768.4,1216.0
CYCL,5/19/2026,1443.0,1490.0,1443.0,1488.0,3.12,480.0,1768.4,1216.0
CYCL,5/20/2026,1488.0,1492.0,1469.0,1491.9,0.26,262.0,1768.4,1216.0
CYCL,5/21/2026,1491.0,1514.9,1451.0,1487.0,-0.27,482.0,1768.4,1216.0
CYCL,5/22/2026,1487.0,1492.0,1465.0,1470.1,-1.14,367.0,1768.4,1216.0
CYCL,5/25/2026,1482.0,1485.0,1463.0,1470.0,-0.81,843.0,1768.4,1216.0
CYCL,5/26/2026,1450.1,1480.0,1439.0,1470.0,1.37,518.0,1768.4,1216.0
CYCL,5/27/2026,1480.0,1480.0,1452.0,1470.0,-0.68,714.0,1768.4,1216.0
CYCL,6/1/2026,1495.0,1495.0,1455.1,1478.0,-1.14,165.0,1768.4,1216.0
CYCL,6/2/2026,1478.0,1478.0,1453.0,1465.0,-0.88,489.0,1768.4,1216.0
CYCL,6/3/2026,1455.0,1480.0,1455.0,1463.0,0.55,641.0,1768.4,1216.0
CYCL,6/4/2026,1466.0,1480.0,1466.0,1469.9,0.27,256.0,1768.4,1216.0
CYCL,6/5/2026,1455.0,1466.0,1455.0,1455.0,0.0,933.0,1768.4,1216.0
CYCL,6/8/2026,1450.0,1465.0,1450.0,1450.1,0.01,511.0,1768.4,1216.0
CYCL,6/9/2026,1450.1,1450.1,1435.0,1441.3,-0.61,837.0,1768.4,1216.0
CYCL,6/10/2026,1441.1,1459.0,1441.1,1443.0,0.13,768.0,1768.4,1216.0
CYCL,6/11/2026,1435.0,1443.0,1416.0,1418.0,-1.18,1617.0,1768.4,1216.0
CYCL,6/12/2026,1418.0,1430.0,1417.0,1418.2,0.01,873.0,1768.4,1216.0
CYCL,6/15/2026,1400.0,1414.9,1385.0,1392.0,-0.57,2972.0,1768.4,1216.0
CYCL,6/16/2026,1395.0,1415.0,1380.0,1413.0,1.29,755.0,1768.4,1216.0
CYCL,6/17/2026,1375.0,1425.0,1375.0,1425.0,3.64,545.0,1768.4,1216.0
CYCL,6/18/2026,1425.0,1444.9,1425.0,1425.0,0.0,1588.0,1768.4,1216.0
CYCL,6/19/2026,1390.2,1435.0,1390.2,1429.6,2.83,813.0,1768.4,1216.0
CYCL,6/22/2026,1400.0,1484.9,1400.0,1484.9,6.06,3473.0,1768.4,1216.0
CYCL,6/23/2026,1425.0,1474.0,1420.0,1462.0,2.6,3798.0,1768.4,1216.0
CYCL,6/24/2026,1400.0,1606.8,1400.0,1606.8,14.77,3422.0,1768.4,1216.0
CYCL,6/26/2026,1420.0,1444.0,1396.2,1432.9,0.91,2241.0,1768.4,1216.0
CYCL,6/29/2026,1395.2,1410.0,1385.0,1385.0,-0.73,1355.0,1768.4,1216.0
CYCL,6/30/2026,1385.0,1390.0,1350.0,1357.0,-2.02,862.0,1768.4,1216.0
CYCL,7/1/2026,1289.2,1552.7,1289.2,1550.0,20.23,3450.0,1768.4,1216.0
CYCL,7/2/2026,1503.5,1503.5,1390.1,1437.9,-4.36,1969.0,1768.4,1216.0
CYCL,7/3/2026,1400.1,1430.0,1400.0,1430.0,2.14,1236.0,1768.4,1216.0
CYCL,7/6/2026,1400.0,1424.9,1348.4,1348.4,-3.69,2525.0,1768.4,1216.0
CYCL,7/7/2026,1300.0,1420.0,1300.0,1400.0,7.69,1064.0,1768.4,1216.0
CYCL,7/8/2026,1400.0,1411.9,1358.0,1380.0,-1.43,896.0,1768.4,1216.0
CYCL,7/9/2026,1351.1,1390.0,1309.5,1379.9,2.13,1969.0,1768.4,1216.0
CYCL,7/10/2026,1348.8,1380.0,1311.0,1320.0,-2.14,1615.0,1768.4,1216.0
CYCL,7/13/2026,1301.1,1335.0,1280.0,1330.0,2.22,1819.0,1768.4,1216.0
CYCL,7/14/2026,1300.1,1344.0,1300.0,1344.0,3.38,1319.0,1768.4,1216.0
CYCL,7/15/2026,1335.0,1340.0,1310.5,1310.5,-1.84,674.0,1768.4,1216.0
CYCL,7/16/2026,1320.0,1330.0,1300.3,1328.0,0.61,384.0,1768.4,1216.0
CYCL,7/17/2026,1328.0,1390.0,1328.0,1360.0,2.41,1228.0,1768.4,1216.0
CYCL,7/20/2026,1378.9,1380.0,1346.5,1360.0,-1.37,956.0,1768.4,1216.0
CYCL,7/21/2026,1337.0,1399.9,1337.0,1385.0,3.59,1045.0,1768.4,1216.0
CYCL,7/22/2026,1356.0,1375.0,1350.0,1375.0,1.4,400.0,1768.4,1216.0
CYCL,7/23/2026,1397.9,1397.9,1345.0,1370.0,-2.0,704.0,1768.4,1216.0
CYCL,7/24/2026,1370.0,1394.0,1355.0,1376.0,0.44,1100.0,1768.4,1216.0
CYCL,7/27/2026,1345.0,1368.9,1345.0,1355.0,0.74,629.0,1768.4,1216.0
CYCL,7/28/2026,1391.0,1393.0,1340.0,1360.0,-2.23,582.0,1768.4,1216.0
CYCL,7/29/2026,1360.0,1360.0,1327.0,1327.0,-2.43,664.0,1768.4,1216.0
CYCL,7/30/2026,1340.0,1340.0,1300.0,1300.0,-2.99,1056.0,1768.4,1216.0
CYCL,7/31/2026,1300.1,1315.0,1300.0,1310.0,0.76,857.0,1768.4,1216.0
CYCL,8/3/2026,1301.0,1330.0,1300.0,1300.0,-0.08,1959.0,1768.4,1216.0
CYCL,8/4/2026,1295.0,1321.9,1281.0,1300.0,0.39,1353.0,1768.4,1216.0
CYCL,8/5/2026,1282.2,1310.0,1280.1,1308.0,2.01,1215.0,1768.4,1216.0
CYCL,8/6/2026,1299.0,1309.0,1281.0,1290.0,-0.69,389.0,1768.4,1216.0
CYCL,8/7/2026,1282.0,1308.0,1280.0,1280.0,-0.16,1208.0,1768.4,1216.0
CYCL,8/10/2026,1216.0,1297.8,1216.0,1278.0,5.1,1298.0,1768.4,1216.0
CYCL,8/11/2026,1271.0,1295.0,1265.0,1265.0,-0.47,334.0,1768.4,1216.0
CYCL,8/12/2026,1265.1,1266.0,1221.1,1237.0,-2.22,2655.0,1768.4,1216.0
CYCL,8/13/2026,1298.8,1320.0,1250.0,1300.0,0.09,5611.0,1768.4,1216.0
CYCL,8/14/2026,1235.0,1387.0,1235.0,1355.0,9.72,8893.0,1768.4,1216.0
CYCL,8/17/2026,1300.0,1520.0,1300.0,1460.0,12.31,17996.0,1768.4,1216.0
CYCL,8/18/2026,1387.0,1529.0,1387.0,1490.0,7.43,11092.0,1768.4,1216.0
CYCL,8/19/2026,1415.5,1551.1,1415.5,1500.0,5.97,11379.0,1768.4,1216.0
CYCL,8/20/2026,1425.0,1549.9,1425.0,1455.0,2.11,7870.0,1768.4,1216.0
CYCL,8/21/2026,1382.3,1544.9,1382.3,1466.0,6.06,17878.0,1768.4,1216.0
CYCL,8/24/2026,1392.7,1600.0,1392.7,1600.0,14.88,28021.0,1768.4,1216.0
CYCL,8/25/2026,1520.0,1633.0,1520.0,1596.0,5.0,30200.0,1768.4,1216.0
CYCL,8/26/2026,1516.2,1650.0,1500.0,1609.0,6.12,20879.0,1768.4,1216.0
CYCL,8/27/2026,1528.6,1650.0,1528.6,1612.0,5.46,14132.0,1768.4,1216.0
CYCL,8/31/2026,1620.0,1630.0,1512.0,1615.0,-0.31,10510.0,1768.4,1216.0
CYCL,9/1/2026,1534.3,1697.0,1521.0,1528.0,-0.41,5065.0,1768.4,1216.0
CYCL,9/2/2026,1500.0,1642.0,1500.0,1574.9,4.99,8606.0,1768.4,1216.0
CYCL,9/3/2026,1559.3,1638.0,1515.1,1599.9,2.6,12853.0,1768.4,1216.0
CYCL,9/7/2026,1569.3,1647.0,1510.1,1584.0,0.94,13229.0,1768.4,1216.0
CYCL,9/9/2026,1504.8,1619.0,1504.8,1550.0,3.0,3748.0,1768.4,1216.0
CYCL,9/10/2026,1520.0,1595.0,1462.0,1520.0,0.0,17391.0,1768.4,1216.0
CYCL,9/11/2026,1450.0,1554.0,1450.0,1513.0,4.34,4576.0,1768.4,1216.0
CYCL,9/14/2026,1450.0,1559.0,1380.0,1500.0,3.45,10053.0,1768.4,1216.0
CYCL,9/15/2026,1574.0,1574.0,1450.0,1490.0,-5.34,6753.0,1768.4,1216.0
CYCL,9/16/2026,1465.0,1500.0,1407.6,1500.0,2.39,11242.0,1768.4,1216.0
CYCL,9/17/2026,1496.9,1544.0,1420.0,1458.0,-2.6,5738.0,1768.4,1216.0
CYCL,9/18/2026,1450.0,1530.0,1421.1,1490.0,2.76,12171.0,1768.4,1216.0
CYCL,9/22/2026,1482.0,1675.0,1406.0,1452.0,-2.02,25904.0,1768.4,1216.0
CYCL,9/23/2026,1441.0,1585.0,1431.0,1531.0,6.25,11277.0,1768.4,1216.0
CYCL,9/24/2026,1494.6,1630.0,1470.0,1630.0,9.06,27028.0,1768.4,1216.0
CYCL,9/28/2026,1548.5,1596.0,1510.0,1570.0,1.39,12033.0,1768.4,1216.0
CYCL,9/29/2026,1491.5,1617.2,1491.5,0.0,-100.0,5114.0,1768.4,1216.0
CYCL,9/30/2026,1501.0,1590.0,1470.0,1516.9,1.06,7829.0,1768.4,1216.0
CYCL,10/1/2026,1501.0,1549.0,1462.0,1524.9,1.59,5801.0,1768.4,1216.0
CYCL,10/2/2026,1509.0,1575.0,1450.0,1544.0,2.32,27220.0,1768.4,1216.0
CYCLP,12/24/2025,864.0,864.0,864.0,864.0,,5400.0,864.0,831.0
CYCLP,1/1/2026,864.0,864.0,864.0,864.0,0.0,5300.0,864.0,831.0
CYCLP,2/24/2026,864.0,864.0,864.0,864.0,0.0,4331.0,864.0,831.0
CYCLP,3/16/2026,864.0,864.0,864.0,864.0,0.0,1083.0,864.0,831.0
CYCLP,4/6/2026,847.0,847.0,847.0,847.0,0.0,6994.0,864.0,831.0
CYCLP,4/7/2026,831.0,831.0,831.0,831.0,0.0,8944.0,864.0,831.0
CYCLP,4/9/2026,831.0,831.0,831.0,831.0,0.0,5000.0,864.0,831.0
CZBIL,6/25/2009,530.0,530.0,520.0,520.0,,3760.0,238.6,183.0
CZBIL,6/28/2009,520.0,521.0,515.0,520.0,0.0,2470.0,238.6,183.0
CZBIL,6/29/2009,520.0,525.0,516.0,520.0,0.0,1750.0,238.6,183.0
CZBIL,6/30/2009,520.0,526.0,517.0,519.0,-0.19,3060.0,238.6,183.0
CZBIL,7/1/2009,519.0,520.0,516.0,517.0,-0.39,2800.0,238.6,183.0
CZBIL,7/2/2009,517.0,536.0,515.0,536.0,3.68,2730.0,238.6,183.0
CZBIL,7/5/2009,536.0,566.0,538.0,549.0,2.43,3510.0,238.6,183.0
CZBIL,7/6/2009,549.0,559.0,545.0,559.0,1.82,5880.0,238.6,183.0
CZBIL,7/7/2009,559.0,571.0,555.0,571.0,2.15,3010.0,238.6,183.0
CZBIL,7/8/2009,571.0,601.0,569.0,595.0,4.2,2795.0,238.6,183.0
CZBIL,7/9/2009,595.0,626.0,600.0,615.0,3.36,2590.0,238.6,183.0
CZBIL,7/13/2009,615.0,637.0,608.0,626.0,1.79,1520.0,238.6,183.0
CZBIL,7/14/2009,626.0,688.0,630.0,680.0,8.63,1990.0,238.6,183.0
CZBIL,7/15/2009,680.0,698.0,660.0,660.0,-2.94,3610.0,238.6,183.0
CZBIL,7/16/2009,660.0,647.0,600.0,628.0,-4.85,6210.0,238.6,183.0
CZBIL,7/19/2009,628.0,653.0,631.0,645.0,2.71,8230.0,238.6,183.0
CZBIL,7/20/2009,645.0,660.0,645.0,651.0,0.93,7950.0,238.6,183.0
CZBIL,7/21/2009,651.0,660.0,645.0,654.0,0.46,9390.0,238.6,183.0
CZBIL,7/23/2009,654.0,666.0,622.0,661.0,1.07,8690.0,238.6,183.0
CZBIL,7/26/2009,661.0,660.0,617.0,632.0,-4.39,9780.0,238.6,183.0
CZBIL,7/29/2009,632.0,680.0,665.0,670.0,6.01,20540.0,238.6,183.0
CZBIL,7/30/2009,670.0,672.0,656.0,670.0,0.0,6500.0,238.6,183.0
CZBIL,8/2/2009,670.0,668.0,640.0,660.0,-1.49,8690.0,238.6,183.0
CZBIL,8/3/2009,660.0,660.0,650.0,659.0,-0.15,19390.0,238.6,183.0
CZBIL,8/4/2009,659.0,663.0,627.0,660.0,0.15,4550.0,238.6,183.0
CZBIL,8/9/2009,660.0,675.0,656.0,662.0,0.3,6310.0,238.6,183.0
CZBIL,8/10/2009,662.0,665.0,648.0,660.0,-0.3,5220.0,238.6,183.0
CZBIL,8/11/2009,660.0,680.0,660.0,672.0,1.82,3190.0,238.6,183.0
CZBIL,8/12/2009,672.0,680.0,665.0,680.0,1.19,23650.0,238.6,183.0
CZBIL,8/16/2009,680.0,710.0,675.0,710.0,4.41,7420.0,238.6,183.0
CZBIL,8/17/2009,710.0,696.0,680.0,680.0,-4.23,5180.0,238.6,183.0
CZBIL,8/18/2009,680.0,703.0,680.0,695.0,2.21,13820.0,238.6,183.0
CZBIL,8/19/2009,695.0,764.0,708.0,740.0,6.47,15520.0,238.6,183.0
CZBIL,8/20/2009,740.0,750.0,726.0,740.0,0.0,20075.0,238.6,183.0
CZBIL,8/23/2009,740.0,740.0,714.0,720.0,-2.7,28760.0,238.6,183.0
CZBIL,8/24/2009,720.0,710.0,683.0,701.0,-2.64,13160.0,238.6,183.0
CZBIL,8/25/2009,701.0,706.0,680.0,695.0,-0.86,13120.0,238.6,183.0
CZBIL,8/26/2009,695.0,700.0,682.0,700.0,0.72,1740.0,238.6,183.0
CZBIL,8/27/2009,700.0,705.0,695.0,700.0,0.0,2300.0,238.6,183.0
CZBIL,8/30/2009,700.0,700.0,680.0,685.0,-2.14,2430.0,238.6,183.0
CZBIL,8/31/2009,685.0,700.0,672.0,694.0,1.31,3450.0,238.6,183.0
CZBIL,9/1/2009,694.0,694.0,660.0,678.0,-2.31,2740.0,238.6,183.0
CZBIL,9/2/2009,678.0,676.0,664.0,670.0,-1.18,4630.0,238.6,183.0
CZBIL,9/5/2009,670.0,290.0,283.0,283.0,-57.76,990.0,238.6,183.0
CZBIL,9/6/2009,283.0,290.0,288.0,290.0,2.47,370.0,238.6,183.0
CZBIL,9/7/2009,668.0,669.0,649.0,662.0,128.28,6840.0,238.6,183.0
CZBIL,9/8/2009,662.0,669.0,649.0,662.0,0.0,6840.0,238.6,183.0
CZBIL,9/9/2009,662.0,665.0,630.0,649.0,-1.96,4025.0,238.6,183.0
CZBIL,9/10/2009,649.0,646.0,628.0,628.0,-3.24,6030.0,238.6,183.0
CZBIL,9/13/2009,628.0,654.0,624.0,642.0,2.23,4285.0,238.6,183.0
CZBIL,9/14/2009,642.0,670.0,635.0,670.0,4.36,2730.0,238.6,183.0
CZBIL,9/15/2009,670.0,671.0,665.0,671.0,0.15,2330.0,238.6,183.0
CZBIL,9/16/2009,671.0,695.0,670.0,688.0,2.53,1990.0,238.6,183.0
CZBIL,9/17/2009,688.0,688.0,675.0,681.0,-1.02,4030.0,238.6,183.0
CZBIL,9/20/2009,681.0,685.0,672.0,675.0,-0.88,1540.0,238.6,183.0
CZBIL,9/22/2009,675.0,700.0,670.0,700.0,3.7,1370.0,238.6,183.0
CZBIL,9/23/2009,700.0,705.0,697.0,700.0,0.0,1240.0,238.6,183.0
CZBIL,9/24/2009,700.0,700.0,695.0,700.0,0.0,970.0,238.6,183.0
CZBIL,9/27/2009,700.0,671.0,632.0,666.0,-4.86,13650.0,238.6,183.0
CZBIL,9/28/2009,666.0,675.0,633.0,675.0,1.35,8090.0,238.6,183.0
CZBIL,10/4/2009,675.0,703.0,690.0,701.0,3.85,1040.0,238.6,183.0
CZBIL,10/5/2009,701.0,706.0,700.0,705.0,0.57,1480.0,238.6,183.0
CZBIL,10/6/2009,705.0,701.0,686.0,700.0,-0.71,590.0,238.6,183.0
CZBIL,10/7/2009,700.0,705.0,659.0,690.0,-1.43,8880.0,238.6,183.0
CZBIL,10/8/2009,690.0,694.0,676.0,680.0,-1.45,3560.0,238.6,183.0
CZBIL,10/11/2009,680.0,684.0,638.0,638.0,-6.18,3640.0,238.6,183.0
CZBIL,10/12/2009,638.0,671.0,610.0,670.0,5.02,14060.0,238.6,183.0
CZBIL,10/13/2009,670.0,676.0,660.0,676.0,0.9,2090.0,238.6,183.0
CZBIL,10/14/2009,676.0,681.0,668.0,680.0,0.59,2760.0,238.6,183.0
CZBIL,10/15/2009,680.0,690.0,680.0,681.0,0.15,900.0,238.6,183.0
CZBIL,10/21/2009,681.0,689.0,680.0,685.0,0.59,1580.0,238.6,183.0
CZBIL,10/22/2009,685.0,680.0,650.0,680.0,-0.73,1210.0,238.6,183.0
CZBIL,10/25/2009,680.0,682.0,668.0,670.0,-1.47,2750.0,238.6,183.0
CZBIL,10/26/2009,670.0,667.0,656.0,660.0,-1.49,1270.0,238.6,183.0
CZBIL,10/27/2009,660.0,683.0,656.0,683.0,3.48,1270.0,238.6,183.0
CZBIL,10/28/2009,683.0,670.0,635.0,635.0,-7.03,510.0,238.6,183.0
CZBIL,10/29/2009,635.0,630.0,616.0,622.0,-2.05,1260.0,238.6,183.0
CZBIL,11/1/2009,622.0,620.0,600.0,608.0,-2.25,1960.0,238.6,183.0
CZBIL,11/2/2009,608.0,612.0,597.0,612.0,0.66,740.0,238.6,183.0
CZBIL,11/3/2009,612.0,620.0,615.0,615.0,0.49,550.0,238.6,183.0
CZBIL,11/4/2009,615.0,640.0,620.0,636.0,3.41,1340.0,238.6,183.0
CZBIL,11/5/2009,636.0,655.0,630.0,647.0,1.73,1430.0,238.6,183.0
CZBIL,11/8/2009,647.0,650.0,640.0,640.0,-1.08,910.0,238.6,183.0
CZBIL,11/9/2009,640.0,654.0,645.0,648.0,1.25,1690.0,238.6,183.0
CZBIL,11/10/2009,648.0,657.0,641.0,650.0,0.31,1530.0,238.6,183.0
CZBIL,11/11/2009,650.0,700.0,642.0,650.0,0.0,1020.0,238.6,183.0
CZBIL,11/12/2009,650.0,640.0,625.0,625.0,-3.85,510.0,238.6,183.0
CZBIL,11/15/2009,625.0,630.0,623.0,625.0,0.0,920.0,238.6,183.0
CZBIL,11/16/2009,625.0,625.0,615.0,620.0,-0.8,490.0,238.6,183.0
CZBIL,11/17/2009,620.0,630.0,611.0,615.0,-0.81,1290.0,238.6,183.0
CZBIL,11/18/2009,615.0,619.0,612.0,612.0,-0.49,1000.0,238.6,183.0
CZBIL,11/19/2009,612.0,620.0,600.0,609.0,-0.49,1060.0,238.6,183.0
CZBIL,11/22/2009,609.0,610.0,600.0,610.0,0.16,990.0,238.6,183.0
CZBIL,11/24/2009,610.0,600.0,580.0,580.0,-4.92,3220.0,238.6,183.0
CZBIL,11/25/2009,580.0,580.0,565.0,565.0,-2.59,1020.0,238.6,183.0
CZBIL,11/26/2009,565.0,565.0,550.0,556.0,-1.59,740.0,238.6,183.0
CZBIL,11/30/2009,556.0,552.0,539.0,540.0,-2.88,1100.0,238.6,183.0
CZBIL,12/1/2009,540.0,535.0,505.0,506.0,-6.3,770.0,238.6,183.0
CZBIL,12/3/2009,506.0,510.0,500.0,500.0,-1.19,2530.0,238.6,183.0
CZBIL,12/6/2009,500.0,520.0,495.0,520.0,4.0,2240.0,238.6,183.0
CZBIL,12/7/2009,520.0,530.0,521.0,530.0,1.92,440.0,238.6,183.0
CZBIL,12/8/2009,530.0,563.0,540.0,560.0,5.66,760.0,238.6,183.0
CZBIL,12/9/2009,560.0,580.0,570.0,580.0,3.57,630.0,238.6,183.0
CZBIL,12/10/2009,580.0,620.0,591.0,620.0,6.9,1140.0,238.6,183.0
CZBIL,12/13/2009,620.0,630.0,620.0,630.0,1.61,460.0,238.6,183.0
CZBIL,12/14/2009,630.0,635.0,625.0,630.0,0.0,2210.0,238.6,183.0
CZBIL,12/15/2009,630.0,630.0,606.0,608.0,-3.49,1300.0,238.6,183.0
CZBIL,12/16/2009,608.0,615.0,585.0,600.0,-1.32,2170.0,238.6,183.0
CZBIL,12/17/2009,600.0,595.0,570.0,579.0,-3.5,1440.0,238.6,183.0
CZBIL,12/20/2009,579.0,579.0,568.0,578.0,-0.17,480.0,238.6,183.0
CZBIL,12/21/2009,578.0,578.0,569.0,578.0,0.0,500.0,238.6,183.0
CZBIL,12/22/2009,578.0,600.0,581.0,600.0,3.81,1060.0,238.6,183.0
CZBIL,12/23/2009,600.0,610.0,598.0,610.0,1.67,320.0,238.6,183.0
CZBIL,12/24/2009,610.0,621.0,580.0,590.0,-3.28,1270.0,238.6,183.0
CZBIL,12/28/2009,590.0,595.0,585.0,593.0,0.51,2770.0,238.6,183.0
CZBIL,12/29/2009,593.0,594.0,582.0,590.0,-0.51,1780.0,238.6,183.0
CZBIL,12/31/2009,590.0,600.0,588.0,600.0,1.69,1720.0,238.6,183.0
CZBIL,1/3/2010,600.0,595.0,585.0,590.0,-1.67,2390.0,238.6,183.0
CZBIL,1/4/2010,590.0,591.0,585.0,590.0,0.0,1490.0,238.6,183.0
CZBIL,1/5/2010,590.0,590.0,579.0,580.0,-1.69,1280.0,238.6,183.0
CZBIL,1/6/2010,580.0,580.0,565.0,566.0,-2.41,820.0,238.6,183.0
CZBIL,1/7/2010,566.0,572.0,540.0,571.0,0.88,2080.0,238.6,183.0
CZBIL,1/10/2010,571.0,579.0,576.0,577.0,1.05,310.0,238.6,183.0
CZBIL,1/11/2010,577.0,582.0,569.0,569.0,-1.39,1320.0,238.6,183.0
CZBIL,1/12/2010,569.0,566.0,560.0,566.0,-0.53,1140.0,238.6,183.0
CZBIL,1/13/2010,566.0,573.0,564.0,570.0,0.71,400.0,238.6,183.0
CZBIL,1/14/2010,570.0,575.0,560.0,570.0,0.0,1040.0,238.6,183.0
CZBIL,1/17/2010,570.0,565.0,544.0,550.0,-3.51,1540.0,238.6,183.0
CZBIL,1/18/2010,550.0,556.0,540.0,540.0,-1.82,3200.0,238.6,183.0
CZBIL,1/19/2010,540.0,549.0,530.0,535.0,-0.93,1310.0,238.6,183.0
CZBIL,1/20/2010,535.0,545.0,530.0,531.0,-0.75,3730.0,238.6,183.0
CZBIL,1/21/2010,531.0,545.0,520.0,520.0,-2.07,860.0,238.6,183.0
CZBIL,1/25/2010,520.0,525.0,501.0,515.0,-0.96,3630.0,238.6,183.0
CZBIL,1/26/2010,515.0,515.0,508.0,510.0,-0.97,1170.0,238.6,183.0
CZBIL,1/27/2010,510.0,529.0,517.0,525.0,2.94,2030.0,238.6,183.0
CZBIL,1/28/2010,525.0,535.0,516.0,517.0,-1.52,1820.0,238.6,183.0
CZBIL,1/31/2010,517.0,520.0,518.0,518.0,0.19,870.0,238.6,183.0
CZBIL,2/1/2010,518.0,535.0,521.0,530.0,2.32,590.0,238.6,183.0
CZBIL,2/2/2010,530.0,540.0,515.0,525.0,-0.94,720.0,238.6,183.0
CZBIL,2/3/2010,525.0,521.0,515.0,520.0,-0.95,1640.0,238.6,183.0
CZBIL,2/4/2010,520.0,520.0,515.0,520.0,0.0,890.0,238.6,183.0
CZBIL,2/7/2010,520.0,520.0,500.0,500.0,-3.85,910.0,238.6,183.0
CZBIL,2/8/2010,500.0,500.0,484.0,490.0,-2.0,590.0,238.6,183.0
CZBIL,2/9/2010,490.0,501.0,490.0,495.0,1.02,1190.0,238.6,183.0
CZBIL,2/10/2010,495.0,510.0,510.0,510.0,3.03,310.0,238.6,183.0
CZBIL,2/11/2010,510.0,510.0,510.0,510.0,0.0,310.0,238.6,183.0
CZBIL,2/15/2010,510.0,517.0,510.0,517.0,1.37,1240.0,238.6,183.0
CZBIL,2/16/2010,517.0,515.0,505.0,510.0,-1.35,1370.0,238.6,183.0
CZBIL,2/17/2010,510.0,515.0,495.0,495.0,-2.94,910.0,238.6,183.0
CZBIL,2/18/2010,495.0,510.0,504.0,510.0,3.03,180.0,238.6,183.0
CZBIL,3/1/2010,510.0,516.0,505.0,516.0,1.18,440.0,238.6,183.0
CZBIL,3/2/2010,516.0,521.0,515.0,515.0,-0.19,620.0,238.6,183.0
CZBIL,3/3/2010,515.0,541.0,524.0,532.0,3.3,660.0,238.6,183.0
CZBIL,3/4/2010,532.0,540.0,523.0,535.0,0.56,1070.0,238.6,183.0
CZBIL,3/7/2010,535.0,525.0,513.0,513.0,-4.11,940.0,238.6,183.0
CZBIL,3/9/2010,513.0,512.0,505.0,512.0,-0.19,680.0,238.6,183.0
CZBIL,3/10/2010,512.0,506.0,499.0,499.0,-2.54,340.0,238.6,183.0
CZBIL,3/11/2010,499.0,500.0,481.0,486.0,-2.61,1890.0,238.6,183.0
CZBIL,3/14/2010,486.0,492.0,476.0,485.0,-0.21,790.0,238.6,183.0
CZBIL,3/16/2010,485.0,486.0,476.0,482.0,-0.62,420.0,238.6,183.0
CZBIL,3/17/2010,482.0,487.0,477.0,485.0,0.62,520.0,238.6,183.0
CZBIL,3/18/2010,485.0,484.0,475.0,475.0,-2.06,400.0,238.6,183.0
CZBIL,3/22/2010,475.0,475.0,440.0,442.0,-6.95,620.0,238.6,183.0
CZBIL,3/23/2010,442.0,440.0,435.0,440.0,-0.45,500.0,238.6,183.0
CZBIL,3/25/2010,440.0,450.0,440.0,445.0,1.14,420.0,238.6,183.0
CZBIL,3/28/2010,445.0,445.0,435.0,435.0,-2.25,1450.0,238.6,183.0
CZBIL,3/29/2010,435.0,435.0,430.0,432.0,-0.69,250.0,238.6,183.0
CZBIL,3/30/2010,432.0,430.0,393.0,393.0,-9.03,1250.0,238.6,183.0
CZBIL,3/31/2010,393.0,401.0,386.0,401.0,2.04,690.0,238.6,183.0
CZBIL,4/1/2010,401.0,423.0,395.0,423.0,5.49,260.0,238.6,183.0
CZBIL,4/4/2010,423.0,430.0,417.0,430.0,1.65,610.0,238.6,183.0
CZBIL,4/5/2010,430.0,448.0,424.0,444.0,3.26,1150.0,238.6,183.0
CZBIL,4/6/2010,444.0,445.0,430.0,430.0,-3.15,1560.0,238.6,183.0
CZBIL,4/7/2010,430.0,443.0,430.0,440.0,2.33,1020.0,238.6,183.0
CZBIL,4/8/2010,440.0,456.0,444.0,444.0,0.91,560.0,238.6,183.0
CZBIL,4/11/2010,444.0,442.0,434.0,434.0,-2.25,200.0,238.6,183.0
CZBIL,4/12/2010,434.0,435.0,427.0,430.0,-0.92,880.0,238.6,183.0
CZBIL,4/13/2010,430.0,431.0,409.0,409.0,-4.88,260.0,238.6,183.0
CZBIL,4/15/2010,409.0,415.0,406.0,406.0,-0.73,180.0,238.6,183.0
CZBIL,4/18/2010,406.0,415.0,399.0,405.0,-0.25,1800.0,238.6,183.0
CZBIL,4/19/2010,405.0,413.0,405.0,408.0,0.74,1840.0,238.6,183.0
CZBIL,4/20/2010,408.0,409.0,405.0,405.0,-0.74,550.0,238.6,183.0
CZBIL,4/21/2010,405.0,405.0,383.0,384.0,-5.19,880.0,238.6,183.0
CZBIL,4/22/2010,384.0,397.0,380.0,397.0,3.39,770.0,238.6,183.0
CZBIL,4/25/2010,397.0,397.0,390.0,395.0,-0.5,240.0,238.6,183.0
CZBIL,4/26/2010,395.0,388.0,380.0,380.0,-3.8,890.0,238.6,183.0
CZBIL,4/27/2010,380.0,384.0,355.0,355.0,-6.58,1630.0,238.6,183.0
CZBIL,4/28/2010,355.0,358.0,330.0,358.0,0.85,1390.0,238.6,183.0
CZBIL,4/29/2010,358.0,361.0,351.0,361.0,0.84,280.0,238.6,183.0
CZBIL,5/9/2010,361.0,361.0,357.0,360.0,-0.28,1570.0,238.6,183.0
CZBIL,5/10/2010,360.0,370.0,351.0,370.0,2.78,770.0,238.6,183.0
CZBIL,5/11/2010,370.0,364.0,364.0,364.0,-1.62,20.0,238.6,183.0
CZBIL,5/12/2010,364.0,400.0,371.0,400.0,9.89,240.0,238.6,183.0
CZBIL,5/13/2010,400.0,440.0,408.0,439.0,9.75,1700.0,238.6,183.0
CZBIL,5/16/2010,439.0,441.0,409.0,418.0,-4.78,1880.0,238.6,183.0
CZBIL,5/17/2010,418.0,415.0,402.0,415.0,-0.72,550.0,238.6,183.0
CZBIL,5/18/2010,415.0,453.0,412.0,453.0,9.16,850.0,238.6,183.0
CZBIL,5/19/2010,453.0,457.0,444.0,450.0,-0.66,890.0,238.6,183.0
CZBIL,5/20/2010,450.0,459.0,450.0,455.0,1.11,690.0,238.6,183.0
CZBIL,5/23/2010,455.0,461.0,449.0,450.0,-1.1,2620.0,238.6,183.0
CZBIL,5/24/2010,450.0,468.0,450.0,467.0,3.78,740.0,238.6,183.0
CZBIL,5/25/2010,467.0,504.0,467.0,504.0,7.92,3930.0,238.6,183.0
CZBIL,5/26/2010,504.0,554.0,510.0,525.0,4.17,1030.0,238.6,183.0
CZBIL,5/30/2010,525.0,559.0,535.0,559.0,6.48,420.0,238.6,183.0
CZBIL,5/31/2010,559.0,592.0,517.0,527.0,-5.72,2680.0,238.6,183.0
CZBIL,6/1/2010,527.0,517.0,495.0,508.0,-3.61,2010.0,238.6,183.0
CZBIL,6/2/2010,508.0,504.0,498.0,502.0,-1.18,1190.0,238.6,183.0
CZBIL,6/3/2010,502.0,517.0,509.0,513.0,2.19,1380.0,238.6,183.0
CZBIL,6/6/2010,513.0,515.0,501.0,505.0,-1.56,910.0,238.6,183.0
CZBIL,6/7/2010,505.0,510.0,500.0,510.0,0.99,1230.0,238.6,183.0
CZBIL,6/8/2010,510.0,520.0,510.0,515.0,0.98,730.0,238.6,183.0
CZBIL,6/9/2010,515.0,526.0,516.0,522.0,1.36,710.0,238.6,183.0
CZBIL,6/10/2010,522.0,521.0,514.0,518.0,-0.77,1470.0,238.6,183.0
CZBIL,6/13/2010,518.0,518.0,510.0,511.0,-1.35,2230.0,238.6,183.0
CZBIL,6/14/2010,511.0,515.0,496.0,500.0,-2.15,1290.0,238.6,183.0
CZBIL,6/15/2010,500.0,500.0,490.0,495.0,-1.0,830.0,238.6,183.0
CZBIL,6/17/2010,495.0,495.0,490.0,495.0,0.0,310.0,238.6,183.0
CZBIL,6/20/2010,495.0,500.0,490.0,490.0,-1.01,760.0,238.6,183.0
CZBIL,6/21/2010,490.0,497.0,494.0,495.0,1.02,395.0,238.6,183.0
CZBIL,6/22/2010,495.0,496.0,490.0,495.0,0.0,620.0,238.6,183.0
CZBIL,6/23/2010,495.0,505.0,490.0,500.0,1.01,1320.0,238.6,183.0
CZBIL,6/26/2010,500.0,516.0,505.0,507.0,1.4,2190.0,238.6,183.0
CZBIL,6/29/2010,507.0,546.0,520.0,530.0,4.54,2230.0,238.6,183.0
CZBIL,6/30/2010,530.0,534.0,524.0,530.0,0.0,1930.0,238.6,183.0
CZBIL,7/1/2010,530.0,540.0,525.0,532.0,0.38,2000.0,238.6,183.0
CZBIL,7/4/2010,532.0,529.0,519.0,529.0,-0.56,1730.0,238.6,183.0
CZBIL,7/5/2010,529.0,538.0,507.0,509.0,-3.78,1450.0,238.6,183.0
CZBIL,7/6/2010,509.0,510.0,501.0,506.0,-0.59,1030.0,238.6,183.0
CZBIL,7/7/2010,506.0,511.0,506.0,510.0,0.79,1530.0,238.6,183.0
CZBIL,7/8/2010,510.0,523.0,505.0,512.0,0.39,1620.0,238.6,183.0
CZBIL,7/11/2010,512.0,515.0,505.0,509.0,-0.59,1290.0,238.6,183.0
CZBIL,7/12/2010,509.0,505.0,490.0,501.0,-1.57,1620.0,238.6,183.0
CZBIL,7/13/2010,501.0,501.0,490.0,500.0,-0.2,1940.0,238.6,183.0
CZBIL,7/14/2010,500.0,503.0,489.0,491.0,-1.8,2430.0,238.6,183.0
CZBIL,7/16/2010,491.0,495.0,490.0,490.0,-0.2,370.0,238.6,183.0
CZBIL,7/22/2010,490.0,300.0,289.0,300.0,-38.78,900.0,238.6,183.0
CZBIL,7/25/2010,300.0,294.0,289.0,292.0,-2.67,500.0,238.6,183.0
CZBIL,7/26/2010,292.0,292.0,290.0,292.0,0.0,600.0,238.6,183.0
CZBIL,7/27/2010,292.0,301.0,297.0,300.0,2.74,530.0,238.6,183.0
CZBIL,7/28/2010,300.0,306.0,300.0,300.0,0.0,260.0,238.6,183.0
CZBIL,7/29/2010,300.0,305.0,300.0,300.0,0.0,1370.0,238.6,183.0
CZBIL,9/2/2010,300.0,288.0,285.0,288.0,-4.0,870.0,238.6,183.0
CZBIL,9/7/2010,288.0,293.0,280.0,293.0,1.74,730.0,238.6,183.0
CZBIL,9/8/2010,293.0,300.0,294.0,295.0,0.68,1920.0,238.6,183.0
CZBIL,9/9/2010,295.0,295.0,290.0,290.0,-1.69,800.0,238.6,183.0
CZBIL,9/12/2010,290.0,295.0,290.0,290.0,0.0,460.0,238.6,183.0
CZBIL,9/13/2010,290.0,294.0,285.0,285.0,-1.72,1310.0,238.6,183.0
CZBIL,9/14/2010,285.0,287.0,280.0,287.0,0.7,790.0,238.6,183.0
CZBIL,9/15/2010,287.0,290.0,285.0,290.0,1.05,700.0,238.6,183.0
CZBIL,9/16/2010,290.0,290.0,285.0,290.0,0.0,300.0,238.6,183.0
CZBIL,9/19/2010,290.0,297.0,290.0,292.0,0.69,510.0,238.6,183.0
CZBIL,9/20/2010,292.0,291.0,290.0,291.0,-0.34,340.0,238.6,183.0
CZBIL,9/21/2010,291.0,286.0,283.0,283.0,-2.75,180.0,238.6,183.0
CZBIL,9/23/2010,283.0,288.0,281.0,288.0,1.77,270.0,238.6,183.0
CZBIL,9/26/2010,288.0,285.0,280.0,284.0,-1.39,320.0,238.6,183.0
CZBIL,9/27/2010,284.0,290.0,284.0,290.0,2.11,650.0,238.6,183.0
CZBIL,9/28/2010,290.0,290.0,285.0,290.0,0.0,400.0,238.6,183.0
CZBIL,9/29/2010,290.0,291.0,290.0,290.0,0.0,530.0,238.6,183.0
CZBIL,9/30/2010,290.0,295.0,290.0,290.0,0.0,510.0,238.6,183.0
CZBIL,10/3/2010,290.0,291.0,288.0,290.0,0.0,920.0,238.6,183.0
CZBIL,10/4/2010,290.0,294.0,290.0,291.0,0.34,470.0,238.6,183.0
CZBIL,10/5/2010,291.0,295.0,290.0,295.0,1.37,710.0,238.6,183.0
CZBIL,10/6/2010,295.0,305.0,295.0,305.0,3.39,1250.0,238.6,183.0
CZBIL,10/7/2010,305.0,308.0,303.0,304.0,-0.33,680.0,238.6,183.0
CZBIL,10/10/2010,304.0,300.0,298.0,300.0,-1.32,470.0,238.6,183.0
CZBIL,10/11/2010,300.0,306.0,302.0,302.0,0.67,110.0,238.6,183.0
CZBIL,10/12/2010,302.0,305.0,299.0,299.0,-0.99,410.0,238.6,183.0
CZBIL,10/13/2010,299.0,297.0,292.0,292.0,-2.34,280.0,238.6,183.0
CZBIL,10/20/2010,292.0,295.0,290.0,290.0,-0.68,230.0,238.6,183.0
CZBIL,10/21/2010,290.0,290.0,290.0,290.0,0.0,200.0,238.6,183.0
CZBIL,10/24/2010,290.0,295.0,295.0,295.0,1.72,350.0,238.6,183.0
CZBIL,10/25/2010,295.0,302.0,300.0,302.0,2.37,230.0,238.6,183.0
CZBIL,10/26/2010,302.0,303.0,295.0,295.0,-2.32,430.0,238.6,183.0
CZBIL,10/27/2010,295.0,303.0,300.0,300.0,1.69,2720.0,238.6,183.0
CZBIL,10/28/2010,300.0,300.0,297.0,297.0,-1.0,650.0,238.6,183.0
CZBIL,10/31/2010,297.0,300.0,289.0,293.0,-1.35,330.0,238.6,183.0
CZBIL,11/1/2010,293.0,299.0,290.0,292.0,-0.34,1230.0,238.6,183.0
CZBIL,11/2/2010,292.0,296.0,292.0,296.0,1.37,220.0,238.6,183.0
CZBIL,11/3/2010,296.0,299.0,295.0,295.0,-0.34,190.0,238.6,183.0
CZBIL,11/4/2010,295.0,294.0,290.0,294.0,-0.34,310.0,238.6,183.0
CZBIL,11/9/2010,294.0,300.0,299.0,300.0,2.04,110.0,238.6,183.0
CZBIL,11/10/2010,300.0,302.0,300.0,300.0,0.0,1020.0,238.6,183.0
CZBIL,11/11/2010,300.0,305.0,300.0,300.0,0.0,400.0,238.6,183.0
CZBIL,11/14/2010,300.0,305.0,300.0,305.0,1.67,800.0,238.6,183.0
CZBIL,11/15/2010,305.0,310.0,300.0,300.0,-1.64,200.0,238.6,183.0
CZBIL,11/16/2010,300.0,301.0,299.0,300.0,0.0,620.0,238.6,183.0
CZBIL,11/18/2010,300.0,302.0,295.0,295.0,-1.67,590.0,238.6,183.0
CZBIL,11/21/2010,295.0,301.0,295.0,300.0,1.69,1060.0,238.6,183.0
CZBIL,11/22/2010,300.0,299.0,295.0,295.0,-1.67,660.0,238.6,183.0
CZBIL,11/23/2010,295.0,295.0,280.0,281.0,-4.75,2980.0,238.6,183.0
CZBIL,11/24/2010,281.0,285.0,280.0,285.0,1.42,1290.0,238.6,183.0
CZBIL,11/25/2010,285.0,290.0,285.0,286.0,0.35,560.0,238.6,183.0
CZBIL,11/28/2010,286.0,292.0,285.0,287.0,0.35,700.0,238.6,183.0
CZBIL,11/29/2010,287.0,287.0,280.0,285.0,-0.7,660.0,238.6,183.0
CZBIL,11/30/2010,285.0,292.0,285.0,287.0,0.7,660.0,238.6,183.0
CZBIL,12/1/2010,287.0,291.0,285.0,285.0,-0.7,450.0,238.6,183.0
CZBIL,12/2/2010,285.0,285.0,275.0,276.0,-3.16,680.0,238.6,183.0
CZBIL,12/5/2010,276.0,274.0,270.0,270.0,-2.17,360.0,238.6,183.0
CZBIL,12/6/2010,270.0,270.0,270.0,270.0,0.0,450.0,238.6,183.0
CZBIL,12/7/2010,270.0,272.0,266.0,270.0,0.0,1960.0,238.6,183.0
CZBIL,12/8/2010,270.0,270.0,270.0,270.0,0.0,30.0,238.6,183.0
CZBIL,12/9/2010,270.0,272.0,270.0,270.0,0.0,710.0,238.6,183.0
CZBIL,12/12/2010,270.0,272.0,270.0,270.0,0.0,730.0,238.6,183.0
CZBIL,12/13/2010,270.0,271.0,265.0,270.0,0.0,800.0,238.6,183.0
CZBIL,12/14/2010,270.0,265.0,256.0,256.0,-5.19,970.0,238.6,183.0
CZBIL,12/15/2010,256.0,260.0,253.0,253.0,-1.17,790.0,238.6,183.0
CZBIL,12/16/2010,253.0,250.0,241.0,241.0,-4.74,2270.0,238.6,183.0
CZBIL,12/19/2010,241.0,249.0,242.0,242.0,0.41,1410.0,238.6,183.0
CZBIL,12/20/2010,242.0,242.0,238.0,242.0,0.0,2550.0,238.6,183.0
CZBIL,12/22/2010,242.0,249.0,241.0,249.0,2.89,1480.0,238.6,183.0
CZBIL,12/23/2010,249.0,251.0,247.0,251.0,0.8,250.0,238.6,183.0
CZBIL,12/26/2010,251.0,275.0,255.0,260.0,3.59,2620.0,238.6,183.0
CZBIL,12/27/2010,260.0,262.0,253.0,258.0,-0.77,1190.0,238.6,183.0
CZBIL,12/28/2010,258.0,255.0,253.0,255.0,-1.16,600.0,238.6,183.0
CZBIL,12/29/2010,255.0,260.0,255.0,260.0,1.96,1250.0,238.6,183.0
CZBIL,1/2/2011,260.0,261.0,250.0,250.0,-3.85,680.0,238.6,183.0
CZBIL,1/3/2011,250.0,222.0,220.0,222.0,-11.2,810.0,238.6,183.0
CZBIL,1/4/2011,241.0,245.0,239.0,245.0,10.36,1970.0,238.6,183.0
CZBIL,1/5/2011,245.0,248.0,245.0,248.0,1.22,300.0,238.6,183.0
CZBIL,1/6/2011,248.0,255.0,247.0,253.0,2.02,940.0,238.6,183.0
CZBIL,1/9/2011,253.0,255.0,245.0,245.0,-3.16,2530.0,238.6,183.0
CZBIL,1/10/2011,245.0,252.0,245.0,245.0,0.0,1220.0,238.6,183.0
CZBIL,1/11/2011,245.0,249.0,244.0,249.0,1.63,890.0,238.6,183.0
CZBIL,1/12/2011,249.0,252.0,247.0,248.0,-0.4,790.0,238.6,183.0
CZBIL,1/13/2011,248.0,253.0,250.0,250.0,0.81,790.0,238.6,183.0
CZBIL,1/16/2011,250.0,257.0,250.0,250.0,0.0,820.0,238.6,183.0
CZBIL,1/17/2011,250.0,254.0,250.0,251.0,0.4,2790.0,238.6,183.0
CZBIL,1/18/2011,251.0,252.0,250.0,252.0,0.4,1880.0,238.6,183.0
CZBIL,1/19/2011,252.0,252.0,249.0,252.0,0.0,990.0,238.6,183.0
CZBIL,1/20/2011,252.0,252.0,250.0,251.0,-0.4,1650.0,238.6,183.0
CZBIL,1/23/2011,251.0,251.0,245.0,247.0,-1.59,2580.0,238.6,183.0
CZBIL,1/24/2011,247.0,255.0,247.0,255.0,3.24,1220.0,238.6,183.0
CZBIL,1/31/2011,255.0,255.0,252.0,255.0,0.0,130.0,238.6,183.0
CZBIL,2/1/2011,255.0,255.0,245.0,246.0,-3.53,1840.0,238.6,183.0
CZBIL,2/2/2011,246.0,252.0,247.0,248.0,0.81,1790.0,238.6,183.0
CZBIL,2/3/2011,248.0,248.0,244.0,248.0,0.0,1440.0,238.6,183.0
CZBIL,2/6/2011,248.0,265.0,247.0,247.0,-0.4,3800.0,238.6,183.0
CZBIL,2/7/2011,247.0,251.0,247.0,251.0,1.62,580.0,238.6,183.0
CZBIL,2/8/2011,251.0,254.0,251.0,252.0,0.4,950.0,238.6,183.0
CZBIL,2/9/2011,252.0,252.0,248.0,248.0,-1.59,570.0,238.6,183.0
CZBIL,2/10/2011,248.0,249.0,240.0,242.0,-2.42,1920.0,238.6,183.0
CZBIL,2/13/2011,242.0,245.0,238.0,243.0,0.41,1340.0,238.6,183.0
CZBIL,2/14/2011,243.0,247.0,240.0,240.0,-1.23,3290.0,238.6,183.0
CZBIL,2/15/2011,240.0,240.0,234.0,238.0,-0.83,2460.0,238.6,183.0
CZBIL,2/16/2011,238.0,242.0,236.0,242.0,1.68,590.0,238.6,183.0
CZBIL,2/17/2011,242.0,242.0,239.0,239.0,-1.24,690.0,238.6,183.0
CZBIL,2/20/2011,239.0,240.0,240.0,240.0,0.42,280.0,238.6,183.0
CZBIL,2/21/2011,240.0,243.0,236.0,237.0,-1.25,610.0,238.6,183.0
CZBIL,2/22/2011,237.0,238.0,235.0,235.0,-0.84,1040.0,238.6,183.0
CZBIL,2/23/2011,235.0,235.0,231.0,234.0,-0.43,580.0,238.6,183.0
CZBIL,2/24/2011,234.0,233.0,218.0,230.0,-1.71,2080.0,238.6,183.0
CZBIL,2/27/2011,230.0,233.0,223.0,223.0,-3.04,580.0,238.6,183.0
CZBIL,2/28/2011,223.0,223.0,219.0,223.0,0.0,1170.0,238.6,183.0
CZBIL,3/3/2011,223.0,234.0,226.0,226.0,1.35,1000.0,238.6,183.0
CZBIL,3/7/2011,226.0,232.0,226.0,230.0,1.77,2600.0,238.6,183.0
CZBIL,3/9/2011,230.0,230.0,228.0,228.0,-0.87,2090.0,238.6,183.0
CZBIL,3/10/2011,228.0,225.0,218.0,218.0,-4.39,770.0,238.6,183.0
CZBIL,3/13/2011,218.0,218.0,208.0,213.0,-2.29,1410.0,238.6,183.0
CZBIL,3/14/2011,213.0,217.0,212.0,217.0,1.88,870.0,238.6,183.0
CZBIL,3/15/2011,217.0,220.0,205.0,205.0,-5.53,1660.0,238.6,183.0
CZBIL,3/16/2011,205.0,212.0,209.0,210.0,2.44,770.0,238.6,183.0
CZBIL,3/17/2011,210.0,207.0,203.0,207.0,-1.43,1010.0,238.6,183.0
CZBIL,3/20/2011,207.0,217.0,211.0,217.0,4.83,1650.0,238.6,183.0
CZBIL,3/24/2011,216.0,220.0,209.0,218.0,0.46,3350.0,238.6,183.0
CZBIL,3/25/2011,218.0,216.0,212.0,215.0,-1.38,2710.0,238.6,183.0
CZBIL,3/27/2011,215.0,211.0,205.0,208.0,-3.26,1538.0,238.6,183.0
CZBIL,3/28/2011,208.0,206.0,196.0,200.0,-3.85,1520.0,238.6,183.0
CZBIL,3/29/2011,200.0,202.0,193.0,200.0,0.0,2900.0,238.6,183.0
CZBIL,3/30/2011,200.0,204.0,194.0,200.0,0.0,3060.0,238.6,183.0
CZBIL,3/31/2011,200.0,210.0,193.0,206.0,3.0,4080.0,238.6,183.0
CZBIL,4/4/2011,206.0,210.0,204.0,208.0,0.97,2930.0,238.6,183.0
CZBIL,4/5/2011,208.0,212.0,208.0,209.0,0.48,1910.0,238.6,183.0
CZBIL,4/6/2011,209.0,211.0,206.0,208.0,-0.48,1160.0,238.6,183.0
CZBIL,4/7/2011,208.0,208.0,207.0,208.0,0.0,230.0,238.6,183.0
CZBIL,4/10/2011,208.0,206.0,201.0,206.0,-0.96,1830.0,238.6,183.0
CZBIL,4/11/2011,206.0,210.0,200.0,201.0,-2.43,2940.0,238.6,183.0
CZBIL,4/13/2011,201.0,200.0,196.0,196.0,-2.49,520.0,238.6,183.0
CZBIL,4/17/2011,196.0,199.0,193.0,193.0,-1.53,270.0,238.6,183.0
CZBIL,4/18/2011,193.0,196.0,188.0,190.0,-1.55,1130.0,238.6,183.0
CZBIL,4/19/2011,190.0,197.0,190.0,197.0,3.68,770.0,238.6,183.0
CZBIL,4/20/2011,197.0,200.0,192.0,192.0,-2.54,830.0,238.6,183.0
CZBIL,4/21/2011,192.0,193.0,185.0,186.0,-3.12,2300.0,238.6,183.0
CZBIL,4/25/2011,186.0,184.0,181.0,181.0,-2.69,210.0,238.6,183.0
CZBIL,4/27/2011,181.0,186.0,180.0,184.0,1.66,880.0,238.6,183.0
CZBIL,4/28/2011,184.0,181.0,175.0,175.0,-4.89,700.0,238.6,183.0
CZBIL,5/2/2011,175.0,176.0,174.0,176.0,0.57,680.0,238.6,183.0
CZBIL,5/3/2011,176.0,174.0,167.0,167.0,-5.11,550.0,238.6,183.0
CZBIL,5/4/2011,167.0,170.0,168.0,170.0,1.8,300.0,238.6,183.0
CZBIL,5/5/2011,170.0,181.0,171.0,181.0,6.47,570.0,238.6,183.0
CZBIL,5/8/2011,181.0,188.0,181.0,188.0,3.87,890.0,238.6,183.0
CZBIL,5/9/2011,188.0,185.0,181.0,185.0,-1.6,850.0,238.6,183.0
CZBIL,5/10/2011,185.0,201.0,188.0,201.0,8.65,510.0,238.6,183.0
CZBIL,5/11/2011,201.0,200.0,191.0,200.0,-0.5,2620.0,238.6,183.0
CZBIL,5/12/2011,200.0,208.0,197.0,208.0,4.0,2460.0,238.6,183.0
CZBIL,5/15/2011,208.0,206.0,201.0,205.0,-1.44,1700.0,238.6,183.0
CZBIL,5/16/2011,205.0,206.0,202.0,204.0,-0.49,1820.0,238.6,183.0
CZBIL,5/18/2011,204.0,205.0,204.0,204.0,0.0,790.0,238.6,183.0
CZBIL,5/19/2011,204.0,207.0,202.0,204.0,0.0,2920.0,238.6,183.0
CZBIL,5/22/2011,204.0,200.0,196.0,199.0,-2.45,770.0,238.6,183.0
CZBIL,5/23/2011,199.0,200.0,193.0,193.0,-3.02,1000.0,238.6,183.0
CZBIL,5/24/2011,193.0,199.0,196.0,197.0,2.07,400.0,238.6,183.0
CZBIL,5/25/2011,197.0,199.0,194.0,198.0,0.51,660.0,238.6,183.0
CZBIL,5/26/2011,198.0,199.0,193.0,193.0,-2.53,660.0,238.6,183.0
CZBIL,5/30/2011,193.0,196.0,196.0,196.0,1.55,250.0,238.6,183.0
CZBIL,5/31/2011,196.0,194.0,190.0,193.0,-1.53,420.0,238.6,183.0
CZBIL,6/1/2011,193.0,195.0,193.0,194.0,0.52,80.0,238.6,183.0
CZBIL,6/2/2011,194.0,191.0,186.0,189.0,-2.58,560.0,238.6,183.0
CZBIL,6/5/2011,189.0,188.0,175.0,175.0,-7.41,1820.0,238.6,183.0
CZBIL,6/6/2011,175.0,174.0,167.0,173.0,-1.14,1960.0,238.6,183.0
CZBIL,6/7/2011,173.0,173.0,167.0,167.0,-3.47,270.0,238.6,183.0
CZBIL,6/8/2011,167.0,165.0,160.0,165.0,-1.2,3680.0,238.6,183.0
CZBIL,6/9/2011,165.0,167.0,153.0,159.0,-3.64,1630.0,238.6,183.0
CZBIL,6/12/2011,159.0,157.0,150.0,150.0,-5.66,2330.0,238.6,183.0
CZBIL,6/13/2011,150.0,159.0,148.0,159.0,6.0,810.0,238.6,183.0
CZBIL,6/14/2011,159.0,162.0,157.0,158.0,-0.63,160.0,238.6,183.0
CZBIL,6/15/2011,158.0,155.0,152.0,153.0,-3.16,590.0,238.6,183.0
CZBIL,6/16/2011,153.0,151.0,149.0,151.0,-1.31,3170.0,238.6,183.0
CZBIL,6/19/2011,151.0,154.0,154.0,154.0,1.99,120.0,238.6,183.0
CZBIL,6/20/2011,151.0,154.0,154.0,154.0,0.0,120.0,238.6,183.0
CZBIL,6/21/2011,154.0,169.0,157.0,169.0,9.74,160.0,238.6,183.0
CZBIL,6/23/2011,169.0,184.0,172.0,184.0,8.88,50.0,238.6,183.0
CZBIL,6/26/2011,184.0,202.0,187.0,198.0,7.61,7640.0,238.6,183.0
CZBIL,6/27/2011,198.0,195.0,179.0,179.0,-9.6,2950.0,238.6,183.0
CZBIL,6/29/2011,179.0,181.0,164.0,181.0,1.12,7100.0,238.6,183.0
CZBIL,6/30/2011,181.0,190.0,181.0,186.0,2.76,4036.0,238.6,183.0
CZBIL,7/3/2011,186.0,198.0,185.0,192.0,3.23,2480.0,238.6,183.0
CZBIL,7/4/2011,192.0,197.0,183.0,197.0,2.6,2160.0,238.6,183.0
CZBIL,7/5/2011,197.0,204.0,197.0,203.0,3.05,1410.0,238.6,183.0
CZBIL,7/6/2011,203.0,215.0,199.0,212.0,4.43,8290.0,238.6,183.0
CZBIL,7/7/2011,212.0,213.0,204.0,204.0,-3.77,2860.0,238.6,183.0
CZBIL,7/10/2011,204.0,216.0,204.0,216.0,5.88,2680.0,238.6,183.0
CZBIL,7/11/2011,216.0,216.0,212.0,212.0,-1.85,1340.0,238.6,183.0
CZBIL,7/12/2011,212.0,218.0,210.0,213.0,0.47,2390.0,238.6,183.0
CZBIL,7/13/2011,213.0,223.0,210.0,218.0,2.35,2800.0,238.6,183.0
CZBIL,7/14/2011,218.0,227.0,219.0,222.0,1.83,3420.0,238.6,183.0
CZBIL,7/17/2011,222.0,226.0,226.0,226.0,1.8,90.0,238.6,183.0
CZBIL,7/18/2011,226.0,240.0,230.0,233.0,3.1,4910.0,238.6,183.0
CZBIL,7/19/2011,233.0,239.0,226.0,230.0,-1.29,5640.0,238.6,183.0
CZBIL,7/20/2011,230.0,237.0,229.0,234.0,1.74,2890.0,238.6,183.0
CZBIL,7/21/2011,234.0,240.0,234.0,236.0,0.85,2140.0,238.6,183.0
CZBIL,7/24/2011,236.0,234.0,226.0,226.0,-4.24,1300.0,238.6,183.0
CZBIL,7/25/2011,226.0,222.0,214.0,218.0,-3.54,1310.0,238.6,183.0
CZBIL,7/26/2011,218.0,219.0,215.0,215.0,-1.38,1000.0,238.6,183.0
CZBIL,7/27/2011,215.0,221.0,211.0,221.0,2.79,1520.0,238.6,183.0
CZBIL,7/28/2011,221.0,228.0,224.0,225.0,1.81,700.0,238.6,183.0
CZBIL,7/31/2011,225.0,225.0,213.0,214.0,-4.89,2370.0,238.6,183.0
CZBIL,8/1/2011,214.0,219.0,214.0,219.0,2.34,870.0,238.6,183.0
CZBIL,8/2/2011,219.0,222.0,211.0,217.0,-0.91,1840.0,238.6,183.0
CZBIL,8/3/2011,217.0,217.0,211.0,211.0,-2.76,2730.0,238.6,183.0
CZBIL,8/4/2011,211.0,218.0,211.0,213.0,0.95,1480.0,238.6,183.0
CZBIL,8/7/2011,213.0,210.0,206.0,207.0,-2.82,1780.0,238.6,183.0
CZBIL,8/8/2011,207.0,203.0,200.0,200.0,-3.38,2300.0,238.6,183.0
CZBIL,8/9/2011,200.0,206.0,200.0,203.0,1.5,1490.0,238.6,183.0
CZBIL,8/10/2011,203.0,208.0,204.0,208.0,2.46,420.0,238.6,183.0
CZBIL,8/11/2011,208.0,210.0,205.0,210.0,0.96,1650.0,238.6,183.0
CZBIL,8/15/2011,210.0,213.0,210.0,211.0,0.48,1110.0,238.6,183.0
CZBIL,8/16/2011,211.0,210.0,207.0,208.0,-1.42,410.0,238.6,183.0
CZBIL,8/17/2011,208.0,204.0,199.0,199.0,-4.33,2940.0,238.6,183.0
CZBIL,8/18/2011,199.0,202.0,195.0,199.0,0.0,1920.0,238.6,183.0
CZBIL,8/22/2011,199.0,199.0,190.0,190.0,-4.52,1630.0,238.6,183.0
CZBIL,8/23/2011,190.0,192.0,190.0,190.0,0.0,800.0,238.6,183.0
CZBIL,8/24/2011,190.0,194.0,189.0,189.0,-0.53,760.0,238.6,183.0
CZBIL,8/25/2011,189.0,190.0,187.0,190.0,0.53,320.0,238.6,183.0
CZBIL,8/28/2011,190.0,188.0,184.0,188.0,-1.05,1280.0,238.6,183.0
CZBIL,8/29/2011,188.0,193.0,185.0,193.0,2.66,1340.0,238.6,183.0
CZBIL,8/30/2011,193.0,197.0,193.0,194.0,0.52,1280.0,238.6,183.0
CZBIL,9/1/2011,194.0,195.0,192.0,195.0,0.52,2060.0,238.6,183.0
CZBIL,9/4/2011,195.0,195.0,192.0,194.0,-0.51,1740.0,238.6,183.0
CZBIL,9/5/2011,194.0,194.0,186.0,186.0,-4.12,1800.0,238.6,183.0
CZBIL,9/6/2011,186.0,184.0,177.0,180.0,-3.23,1060.0,238.6,183.0
CZBIL,9/7/2011,180.0,184.0,182.0,184.0,2.22,250.0,238.6,183.0
CZBIL,9/8/2011,184.0,181.0,175.0,175.0,-4.89,1530.0,238.6,183.0
CZBIL,9/12/2011,175.0,175.0,161.0,173.0,-1.14,2910.0,238.6,183.0
CZBIL,9/13/2011,173.0,175.0,171.0,173.0,0.0,580.0,238.6,183.0
CZBIL,9/14/2011,173.0,173.0,170.0,173.0,0.0,1110.0,238.6,183.0
CZBIL,9/15/2011,173.0,176.0,176.0,176.0,1.73,40.0,238.6,183.0
CZBIL,9/18/2011,176.0,179.0,173.0,176.0,0.0,1620.0,238.6,183.0
CZBIL,9/19/2011,176.0,176.0,173.0,176.0,0.0,640.0,238.6,183.0
CZBIL,9/20/2011,176.0,179.0,178.0,178.0,1.14,230.0,238.6,183.0
CZBIL,9/21/2011,178.0,190.0,179.0,190.0,6.74,410.0,238.6,183.0
CZBIL,9/22/2011,190.0,198.0,191.0,197.0,3.68,1450.0,238.6,183.0
CZBIL,9/25/2011,197.0,198.0,189.0,189.0,-4.06,2210.0,238.6,183.0
CZBIL,9/26/2011,189.0,191.0,180.0,182.0,-3.7,1820.0,238.6,183.0
CZBIL,9/27/2011,182.0,186.0,180.0,185.0,1.65,2070.0,238.6,183.0
CZBIL,10/2/2011,185.0,179.0,176.0,176.0,-4.86,420.0,238.6,183.0
CZBIL,10/12/2011,176.0,173.0,170.0,170.0,-3.41,1530.0,238.6,183.0
CZBIL,10/13/2011,170.0,170.0,169.0,170.0,0.0,80.0,238.6,183.0
CZBIL,10/16/2011,170.0,170.0,169.0,169.0,-0.59,240.0,238.6,183.0
CZBIL,10/17/2011,169.0,168.0,164.0,164.0,-2.96,640.0,238.6,183.0
CZBIL,10/18/2011,164.0,167.0,164.0,164.0,0.0,120.0,238.6,183.0
CZBIL,10/19/2011,164.0,168.0,163.0,168.0,2.44,1670.0,238.6,183.0
CZBIL,10/20/2011,168.0,169.0,166.0,169.0,0.6,630.0,238.6,183.0
CZBIL,10/23/2011,169.0,169.0,167.0,168.0,-0.59,460.0,238.6,183.0
CZBIL,10/25/2011,168.0,168.0,168.0,168.0,0.0,100.0,238.6,183.0
CZBIL,10/30/2011,168.0,171.0,171.0,171.0,1.79,40.0,238.6,183.0
CZBIL,10/31/2011,171.0,177.0,170.0,177.0,3.51,540.0,238.6,183.0
CZBIL,11/2/2011,177.0,189.0,180.0,189.0,6.78,1070.0,238.6,183.0
CZBIL,11/3/2011,189.0,194.0,186.0,190.0,0.53,3090.0,238.6,183.0
CZBIL,11/6/2011,190.0,188.0,184.0,185.0,-2.63,880.0,238.6,183.0
CZBIL,11/8/2011,185.0,186.0,184.0,184.0,-0.54,420.0,238.6,183.0
CZBIL,11/9/2011,184.0,181.0,181.0,181.0,-1.63,1600.0,238.6,183.0
CZBIL,11/10/2011,181.0,178.0,175.0,178.0,-1.66,1140.0,238.6,183.0
CZBIL,11/13/2011,178.0,175.0,172.0,175.0,-1.69,340.0,238.6,183.0
CZBIL,11/14/2011,175.0,176.0,175.0,176.0,0.57,170.0,238.6,183.0
CZBIL,11/15/2011,176.0,176.0,168.0,174.0,-1.14,2170.0,238.6,183.0
CZBIL,11/16/2011,174.0,174.0,168.0,168.0,-3.45,560.0,238.6,183.0
CZBIL,11/17/2011,168.0,173.0,165.0,173.0,2.98,850.0,238.6,183.0
CZBIL,11/20/2011,173.0,171.0,168.0,171.0,-1.16,520.0,238.6,183.0
CZBIL,11/21/2011,171.0,173.0,168.0,173.0,1.17,220.0,238.6,183.0
CZBIL,11/22/2011,173.0,171.0,170.0,170.0,-1.73,860.0,238.6,183.0
CZBIL,11/23/2011,170.0,171.0,168.0,169.0,-0.59,1440.0,238.6,183.0
CZBIL,11/24/2011,169.0,170.0,168.0,169.0,0.0,1860.0,238.6,183.0
CZBIL,11/27/2011,169.0,170.0,167.0,168.0,-0.59,1330.0,238.6,183.0
CZBIL,11/28/2011,168.0,168.0,168.0,168.0,0.0,40.0,238.6,183.0
CZBIL,12/1/2011,171.0,170.0,165.0,167.0,-0.6,1510.0,238.6,183.0
CZBIL,12/4/2011,167.0,170.0,164.0,170.0,1.8,690.0,238.6,183.0
CZBIL,12/5/2011,170.0,168.0,167.0,167.0,-1.76,340.0,238.6,183.0
CZBIL,12/6/2011,167.0,168.0,165.0,166.0,-0.6,810.0,238.6,183.0
CZBIL,12/7/2011,166.0,167.0,164.0,166.0,0.0,900.0,238.6,183.0
CZBIL,12/8/2011,166.0,167.0,164.0,166.0,0.0,660.0,238.6,183.0
CZBIL,12/11/2011,166.0,165.0,162.0,164.0,-1.2,970.0,238.6,183.0
CZBIL,12/12/2011,164.0,163.0,161.0,163.0,-0.61,270.0,238.6,183.0
CZBIL,12/13/2011,163.0,160.0,160.0,160.0,-1.84,100.0,238.6,183.0
CZBIL,12/14/2011,160.0,165.0,162.0,165.0,3.12,480.0,238.6,183.0
CZBIL,12/15/2011,165.0,170.0,166.0,166.0,0.61,380.0,238.6,183.0
CZBIL,12/18/2011,166.0,165.0,164.0,165.0,-0.6,80.0,238.6,183.0
CZBIL,12/19/2011,165.0,168.0,163.0,163.0,-1.21,1380.0,238.6,183.0
CZBIL,12/20/2011,163.0,162.0,162.0,162.0,-0.61,480.0,238.6,183.0
CZBIL,12/21/2011,162.0,169.0,165.0,165.0,1.85,1540.0,238.6,183.0
CZBIL,12/22/2011,165.0,162.0,162.0,162.0,-1.82,200.0,238.6,183.0
CZBIL,12/26/2011,162.0,165.0,160.0,165.0,1.85,990.0,238.6,183.0
CZBIL,12/27/2011,165.0,168.0,164.0,164.0,-0.61,1060.0,238.6,183.0
CZBIL,12/28/2011,164.0,164.0,162.0,164.0,0.0,900.0,238.6,183.0
CZBIL,12/29/2011,164.0,170.0,165.0,170.0,3.66,1160.0,238.6,183.0
CZBIL,1/1/2012,170.0,173.0,167.0,173.0,1.76,1340.0,238.6,183.0
CZBIL,1/2/2012,173.0,181.0,169.0,181.0,4.62,1498.0,238.6,183.0
CZBIL,1/3/2012,181.0,185.0,178.0,178.0,-1.66,730.0,238.6,183.0
CZBIL,1/4/2012,178.0,176.0,170.0,170.0,-4.49,780.0,238.6,183.0
CZBIL,1/5/2012,170.0,167.0,164.0,164.0,-3.53,360.0,238.6,183.0
CZBIL,1/8/2012,164.0,167.0,167.0,167.0,1.83,200.0,238.6,183.0
CZBIL,1/9/2012,167.0,170.0,165.0,168.0,0.6,780.0,238.6,183.0
CZBIL,1/10/2012,164.0,175.0,171.0,175.0,4.17,370.0,238.6,183.0
CZBIL,1/11/2012,175.0,179.0,175.0,176.0,0.57,1290.0,238.6,183.0
CZBIL,1/12/2012,176.0,177.0,175.0,177.0,0.57,1080.0,238.6,183.0
CZBIL,1/16/2012,177.0,177.0,174.0,174.0,-1.69,280.0,238.6,183.0
CZBIL,1/17/2012,174.0,174.0,169.0,174.0,0.0,3130.0,238.6,183.0
CZBIL,1/18/2012,174.0,175.0,174.0,174.0,0.0,313.0,238.6,183.0
CZBIL,1/19/2012,174.0,175.0,173.0,175.0,0.57,150.0,238.6,183.0
CZBIL,1/22/2012,175.0,178.0,169.0,169.0,-3.43,246.0,238.6,183.0
CZBIL,1/23/2012,169.0,172.0,170.0,171.0,1.18,698.0,238.6,183.0
CZBIL,1/25/2012,171.0,177.0,171.0,171.0,0.0,776.0,238.6,183.0
CZBIL,1/26/2012,171.0,174.0,171.0,173.0,1.17,326.0,238.6,183.0
CZBIL,1/29/2012,173.0,176.0,176.0,176.0,1.73,378.0,238.6,183.0
CZBIL,1/31/2012,176.0,173.0,165.0,169.0,-3.98,1221.0,238.6,183.0
CZBIL,2/1/2012,169.0,173.0,169.0,170.0,0.59,1085.0,238.6,183.0
CZBIL,2/2/2012,170.0,173.0,170.0,170.0,0.0,328.0,238.6,183.0
CZBIL,2/5/2012,170.0,168.0,165.0,167.0,-1.76,320.0,238.6,183.0
CZBIL,2/6/2012,167.0,173.0,167.0,167.0,0.0,1380.0,238.6,183.0
CZBIL,2/7/2012,167.0,174.0,167.0,170.0,1.8,5356.0,238.6,183.0
CZBIL,2/8/2012,170.0,171.0,167.0,169.0,-0.59,1143.0,238.6,183.0
CZBIL,2/9/2012,169.0,170.0,166.0,166.0,-1.78,812.0,238.6,183.0
CZBIL,2/12/2012,166.0,169.0,164.0,165.0,-0.6,505.0,238.6,183.0
CZBIL,2/13/2012,165.0,167.0,162.0,166.0,0.61,1581.0,238.6,183.0
CZBIL,2/14/2012,166.0,168.0,164.0,164.0,-1.2,670.0,238.6,183.0
CZBIL,2/15/2012,164.0,164.0,162.0,164.0,0.0,326.0,238.6,183.0
CZBIL,2/16/2012,164.0,163.0,160.0,162.0,-1.22,1872.0,238.6,183.0
CZBIL,2/21/2012,162.0,165.0,161.0,165.0,1.85,190.0,238.6,183.0
CZBIL,2/23/2012,165.0,165.0,164.0,164.0,-0.61,198.0,238.6,183.0
CZBIL,2/26/2012,164.0,166.0,161.0,165.0,0.61,2096.0,238.6,183.0
CZBIL,2/27/2012,165.0,170.0,168.0,170.0,3.03,42.0,238.6,183.0
CZBIL,2/28/2012,170.0,171.0,169.0,170.0,0.0,434.0,238.6,183.0
CZBIL,2/29/2012,170.0,171.0,167.0,169.0,-0.59,1576.0,238.6,183.0
CZBIL,3/1/2012,169.0,175.0,165.0,167.0,-1.18,863.0,238.6,183.0
CZBIL,3/4/2012,167.0,173.0,169.0,173.0,3.59,1960.0,238.6,183.0
CZBIL,3/5/2012,173.0,173.0,169.0,169.0,-2.31,1603.0,238.6,183.0
CZBIL,3/6/2012,169.0,172.0,168.0,170.0,0.59,1353.0,238.6,183.0
CZBIL,3/11/2012,170.0,171.0,168.0,169.0,-0.59,733.0,238.6,183.0
CZBIL,3/12/2012,169.0,168.0,165.0,165.0,-2.37,1654.0,238.6,183.0
CZBIL,3/13/2012,165.0,166.0,162.0,164.0,-0.61,735.0,238.6,183.0
CZBIL,3/14/2012,164.0,166.0,164.0,166.0,1.22,752.0,238.6,183.0
CZBIL,3/15/2012,166.0,165.0,160.0,163.0,-1.81,1055.0,238.6,183.0
CZBIL,3/18/2012,163.0,165.0,161.0,165.0,1.23,2265.0,238.6,183.0
CZBIL,3/19/2012,165.0,169.0,166.0,166.0,0.61,695.0,238.6,183.0
CZBIL,3/20/2012,166.0,167.0,163.0,165.0,-0.6,842.0,238.6,183.0
CZBIL,3/21/2012,165.0,165.0,160.0,160.0,-3.03,1401.0,238.6,183.0
CZBIL,3/25/2012,160.0,163.0,160.0,161.0,0.63,1110.0,238.6,183.0
CZBIL,3/26/2012,161.0,159.0,156.0,159.0,-1.24,536.0,238.6,183.0
CZBIL,3/27/2012,159.0,162.0,159.0,162.0,1.89,864.0,238.6,183.0
CZBIL,3/28/2012,162.0,163.0,158.0,163.0,0.62,790.0,238.6,183.0
CZBIL,3/29/2012,163.0,163.0,162.0,163.0,0.0,515.0,238.6,183.0
CZBIL,4/1/2012,163.0,164.0,162.0,163.0,0.0,512.0,238.6,183.0
CZBIL,4/2/2012,163.0,166.0,161.0,165.0,1.23,1216.0,238.6,183.0
CZBIL,4/3/2012,165.0,171.0,161.0,169.0,2.42,1599.0,238.6,183.0
CZBIL,4/4/2012,169.0,168.0,165.0,165.0,-2.37,1025.0,238.6,183.0
CZBIL,4/5/2012,165.0,169.0,165.0,169.0,2.42,663.0,238.6,183.0
CZBIL,4/8/2012,169.0,171.0,164.0,170.0,0.59,1927.0,238.6,183.0
CZBIL,4/9/2012,170.0,168.0,165.0,168.0,-1.18,864.0,238.6,183.0
CZBIL,4/10/2012,168.0,172.0,170.0,172.0,2.38,984.0,238.6,183.0
CZBIL,4/11/2012,172.0,181.0,175.0,175.0,1.74,2429.0,238.6,183.0
CZBIL,4/12/2012,175.0,191.0,176.0,191.0,9.14,4779.0,238.6,183.0
CZBIL,4/15/2012,191.0,210.0,194.0,210.0,9.95,1682.0,238.6,183.0
CZBIL,4/16/2012,210.0,214.0,214.0,214.0,1.9,20.0,238.6,183.0
CZBIL,4/17/2012,214.0,230.0,202.0,202.0,-5.61,2610.0,238.6,183.0
CZBIL,4/18/2012,202.0,219.0,195.0,211.0,4.46,7397.0,238.6,183.0
CZBIL,4/19/2012,211.0,224.0,207.0,217.0,2.84,9957.0,238.6,183.0
CZBIL,4/22/2012,217.0,238.0,220.0,238.0,9.68,9024.0,238.6,183.0
CZBIL,4/24/2012,238.0,261.0,242.0,261.0,9.66,1096.0,238.6,183.0
CZBIL,4/25/2012,261.0,287.0,266.0,287.0,9.96,13760.0,238.6,183.0
CZBIL,4/26/2012,287.0,302.0,262.0,295.0,2.79,30539.0,238.6,183.0
CZBIL,4/29/2012,295.0,298.0,283.0,286.0,-3.05,9658.0,238.6,183.0
CZBIL,4/30/2012,286.0,281.0,260.0,263.0,-8.04,5579.0,238.6,183.0
CZBIL,5/2/2012,263.0,258.0,258.0,258.0,-1.9,100.0,238.6,183.0
CZBIL,5/3/2012,258.0,283.0,263.0,283.0,9.69,1567.0,238.6,183.0
CZBIL,5/7/2012,283.0,308.0,288.0,308.0,8.83,5243.0,238.6,183.0
CZBIL,5/8/2012,308.0,314.0,286.0,286.0,-7.14,12311.0,238.6,183.0
CZBIL,5/9/2012,286.0,290.0,265.0,279.0,-2.45,12822.0,238.6,183.0
CZBIL,5/10/2012,279.0,277.0,266.0,268.0,-3.94,8530.0,238.6,183.0
CZBIL,5/13/2012,268.0,266.0,237.0,237.0,-11.57,4182.0,238.6,183.0
CZBIL,5/14/2012,237.0,233.0,214.0,224.0,-5.49,4613.0,238.6,183.0
CZBIL,5/15/2012,224.0,246.0,228.0,246.0,9.82,1144.0,238.6,183.0
CZBIL,5/16/2012,246.0,250.0,250.0,250.0,1.63,40.0,238.6,183.0
CZBIL,5/17/2012,250.0,275.0,262.0,270.0,8.0,26430.0,238.6,183.0
CZBIL,5/20/2012,270.0,275.0,250.0,266.0,-1.48,9000.0,238.6,183.0
CZBIL,5/21/2012,266.0,273.0,252.0,270.0,1.5,4485.0,238.6,183.0
CZBIL,5/22/2012,270.0,266.0,257.0,260.0,-3.7,4774.0,238.6,183.0
CZBIL,5/24/2012,260.0,262.0,243.0,259.0,-0.38,6802.0,238.6,183.0
CZBIL,5/27/2012,259.0,278.0,254.0,271.0,4.63,6454.0,238.6,183.0
CZBIL,6/3/2012,271.0,266.0,250.0,255.0,-5.9,2373.0,238.6,183.0
CZBIL,6/4/2012,255.0,254.0,232.0,242.0,-5.1,8623.0,238.6,183.0
CZBIL,6/5/2012,242.0,240.0,224.0,229.0,-5.37,5472.0,238.6,183.0
CZBIL,6/6/2012,229.0,225.0,215.0,218.0,-4.8,5246.0,238.6,183.0
CZBIL,6/7/2012,218.0,234.0,210.0,223.0,2.29,3226.0,238.6,183.0
CZBIL,6/10/2012,223.0,222.0,214.0,218.0,-2.24,2009.0,238.6,183.0
CZBIL,6/11/2012,218.0,226.0,215.0,216.0,-0.92,2735.0,238.6,183.0
CZBIL,6/12/2012,216.0,227.0,217.0,220.0,1.85,3000.0,238.6,183.0
CZBIL,6/13/2012,220.0,220.0,214.0,219.0,-0.45,4431.0,238.6,183.0
CZBIL,6/14/2012,219.0,220.0,212.0,215.0,-1.83,2306.0,238.6,183.0
CZBIL,6/17/2012,215.0,217.0,210.0,217.0,0.93,1984.0,238.6,183.0
CZBIL,6/18/2012,217.0,220.0,219.0,219.0,0.92,595.0,238.6,183.0
CZBIL,6/19/2012,219.0,217.0,210.0,211.0,-3.65,5537.0,238.6,183.0
CZBIL,6/20/2012,211.0,224.0,211.0,214.0,1.42,3151.0,238.6,183.0
CZBIL,6/21/2012,214.0,224.0,218.0,224.0,4.67,2844.0,238.6,183.0
CZBIL,6/25/2012,224.0,232.0,223.0,232.0,3.57,1862.0,238.6,183.0
CZBIL,6/26/2012,232.0,228.0,219.0,227.0,-2.16,3369.0,238.6,183.0
CZBIL,6/27/2012,227.0,230.0,221.0,230.0,1.32,2515.0,238.6,183.0
CZBIL,6/28/2012,230.0,238.0,228.0,229.0,-0.43,1645.0,238.6,183.0
CZBIL,7/1/2012,229.0,227.0,221.0,224.0,-2.18,2114.0,238.6,183.0
CZBIL,7/2/2012,224.0,226.0,220.0,223.0,-0.45,1435.0,238.6,183.0
CZBIL,7/3/2012,223.0,228.0,219.0,228.0,2.24,1287.0,238.6,183.0
CZBIL,7/4/2012,228.0,230.0,223.0,225.0,-1.32,2843.0,238.6,183.0
CZBIL,7/5/2012,225.0,229.0,227.0,228.0,1.33,862.0,238.6,183.0
CZBIL,7/8/2012,228.0,228.0,222.0,226.0,-0.88,1910.0,238.6,183.0
CZBIL,7/9/2012,226.0,226.0,223.0,225.0,-0.44,704.0,238.6,183.0
CZBIL,7/10/2012,225.0,234.0,228.0,228.0,1.33,1361.0,238.6,183.0
CZBIL,7/11/2012,228.0,234.0,224.0,229.0,0.44,1824.0,238.6,183.0
CZBIL,7/12/2012,229.0,230.0,224.0,230.0,0.44,1686.0,238.6,183.0
CZBIL,7/16/2012,230.0,227.0,224.0,225.0,-2.17,1133.0,238.6,183.0
CZBIL,7/17/2012,225.0,224.0,222.0,222.0,-1.33,551.0,238.6,183.0
CZBIL,7/18/2012,222.0,227.0,214.0,225.0,1.35,4058.0,238.6,183.0
CZBIL,7/19/2012,225.0,235.0,226.0,235.0,4.44,3244.0,238.6,183.0
CZBIL,7/22/2012,235.0,239.0,231.0,231.0,-1.7,4795.0,238.6,183.0
CZBIL,7/23/2012,231.0,244.0,227.0,240.0,3.9,3820.0,238.6,183.0
CZBIL,7/24/2012,240.0,236.0,227.0,231.0,-3.75,2096.0,238.6,183.0
CZBIL,7/25/2012,231.0,233.0,228.0,229.0,-0.87,2265.0,238.6,183.0
CZBIL,7/26/2012,229.0,230.0,223.0,229.0,0.0,3740.0,238.6,183.0
CZBIL,7/29/2012,229.0,227.0,220.0,223.0,-2.62,1213.0,238.6,183.0
CZBIL,7/30/2012,223.0,227.0,221.0,223.0,0.0,728.0,238.6,183.0
CZBIL,7/31/2012,223.0,226.0,223.0,225.0,0.9,1780.0,238.6,183.0
CZBIL,8/1/2012,225.0,227.0,223.0,225.0,0.0,4167.0,238.6,183.0
CZBIL,8/5/2012,225.0,225.0,221.0,225.0,0.0,683.0,238.6,183.0
CZBIL,8/6/2012,225.0,225.0,221.0,221.0,-1.78,2349.0,238.6,183.0
CZBIL,8/7/2012,221.0,225.0,218.0,220.0,-0.45,1656.0,238.6,183.0
CZBIL,8/8/2012,220.0,220.0,212.0,216.0,-1.82,5646.0,238.6,183.0
CZBIL,8/12/2012,216.0,212.0,208.0,212.0,-1.85,3353.0,238.6,183.0
CZBIL,8/13/2012,212.0,211.0,201.0,210.0,-0.94,3119.0,238.6,183.0
CZBIL,8/14/2012,210.0,211.0,198.0,201.0,-4.29,3828.0,238.6,183.0
CZBIL,8/15/2012,201.0,198.0,193.0,197.0,-1.99,1483.0,238.6,183.0
CZBIL,8/16/2012,197.0,210.0,191.0,210.0,6.6,3898.0,238.6,183.0
CZBIL,8/19/2012,210.0,214.0,209.0,209.0,-0.48,814.0,238.6,183.0
CZBIL,8/21/2012,209.0,206.0,203.0,203.0,-2.87,2054.0,238.6,183.0
CZBIL,8/22/2012,203.0,207.0,202.0,202.0,-0.49,1727.0,238.6,183.0
CZBIL,8/23/2012,202.0,205.0,200.0,202.0,0.0,2751.0,238.6,183.0
CZBIL,8/26/2012,202.0,205.0,185.0,194.0,-3.96,2885.0,238.6,183.0
CZBIL,8/27/2012,194.0,200.0,194.0,194.0,0.0,2875.0,238.6,183.0
CZBIL,8/28/2012,194.0,201.0,197.0,200.0,3.09,684.0,238.6,183.0
CZBIL,8/29/2012,200.0,206.0,202.0,203.0,1.5,905.0,238.6,183.0
CZBIL,8/30/2012,203.0,205.0,200.0,201.0,-0.99,2015.0,238.6,183.0
CZBIL,9/2/2012,201.0,212.0,201.0,210.0,4.48,2399.0,238.6,183.0
CZBIL,9/3/2012,210.0,210.0,205.0,210.0,0.0,837.0,238.6,183.0
CZBIL,9/4/2012,210.0,211.0,205.0,209.0,-0.48,611.0,238.6,183.0
CZBIL,9/5/2012,209.0,206.0,204.0,204.0,-2.39,1352.0,238.6,183.0
CZBIL,9/6/2012,204.0,206.0,203.0,206.0,0.98,284.0,238.6,183.0
CZBIL,9/9/2012,206.0,207.0,204.0,205.0,-0.49,1673.0,238.6,183.0
CZBIL,9/10/2012,205.0,207.0,205.0,205.0,0.0,1296.0,238.6,183.0
CZBIL,9/11/2012,205.0,209.0,202.0,209.0,1.95,1825.0,238.6,183.0
CZBIL,9/12/2012,209.0,212.0,204.0,204.0,-2.39,1653.0,238.6,183.0
CZBIL,9/13/2012,204.0,208.0,204.0,208.0,1.96,2960.0,238.6,183.0
CZBIL,9/16/2012,208.0,212.0,204.0,210.0,0.96,7256.0,238.6,183.0
CZBIL,9/17/2012,210.0,212.0,210.0,212.0,0.95,3980.0,238.6,183.0
CZBIL,9/18/2012,212.0,218.0,212.0,212.0,0.0,1868.0,238.6,183.0
CZBIL,9/19/2012,212.0,212.0,205.0,208.0,-1.89,3398.0,238.6,183.0
CZBIL,9/20/2012,208.0,206.0,198.0,202.0,-2.88,223.0,238.6,183.0
CZBIL,9/23/2012,202.0,198.0,194.0,196.0,-2.97,491.0,238.6,183.0
CZBIL,9/24/2012,196.0,193.0,190.0,191.0,-2.55,1164.0,238.6,183.0
CZBIL,9/25/2012,191.0,192.0,190.0,190.0,-0.52,53.0,238.6,183.0
CZBIL,9/26/2012,190.0,193.0,189.0,191.0,0.53,1166.0,238.6,183.0
CZBIL,9/30/2012,193.0,192.0,187.0,192.0,0.52,3280.0,238.6,183.0
CZBIL,10/1/2012,192.0,192.0,186.0,186.0,-3.12,2645.0,238.6,183.0
CZBIL,10/2/2012,186.0,189.0,184.0,188.0,1.08,3604.0,238.6,183.0
CZBIL,10/3/2012,188.0,189.0,187.0,188.0,0.0,847.0,238.6,183.0
CZBIL,10/4/2012,188.0,192.0,189.0,192.0,2.13,353.0,238.6,183.0
CZBIL,10/7/2012,192.0,197.0,190.0,197.0,2.6,3898.0,238.6,183.0
CZBIL,10/8/2012,197.0,200.0,197.0,197.0,0.0,2166.0,238.6,183.0
CZBIL,10/9/2012,197.0,197.0,195.0,195.0,-1.02,790.0,238.6,183.0
CZBIL,10/10/2012,195.0,195.0,193.0,195.0,0.0,1640.0,238.6,183.0
CZBIL,10/11/2012,195.0,195.0,193.0,195.0,0.0,606.0,238.6,183.0
CZBIL,10/14/2012,195.0,200.0,198.0,200.0,2.56,1554.0,238.6,183.0
CZBIL,10/15/2012,200.0,199.0,195.0,199.0,-0.5,348.0,238.6,183.0
CZBIL,10/17/2012,199.0,209.0,199.0,209.0,5.03,6351.0,238.6,183.0
CZBIL,10/18/2012,209.0,209.0,201.0,209.0,0.0,970.0,238.6,183.0
CZBIL,10/30/2012,209.0,218.0,207.0,218.0,4.31,1651.0,238.6,183.0
CZBIL,10/31/2012,218.0,233.0,218.0,225.0,3.21,6226.0,238.6,183.0
CZBIL,11/1/2012,225.0,228.0,222.0,227.0,0.89,5030.0,238.6,183.0
CZBIL,11/4/2012,227.0,232.0,221.0,228.0,0.44,3718.0,238.6,183.0
CZBIL,11/5/2012,228.0,241.0,230.0,238.0,4.39,8471.0,238.6,183.0
CZBIL,11/6/2012,238.0,239.0,235.0,237.0,-0.42,6664.0,238.6,183.0
CZBIL,11/7/2012,237.0,243.0,235.0,238.0,0.42,9897.0,238.6,183.0
CZBIL,11/8/2012,238.0,250.0,238.0,239.0,0.42,8222.0,238.6,183.0
CZBIL,11/11/2012,239.0,243.0,227.0,233.0,-2.51,6526.0,238.6,183.0
CZBIL,11/12/2012,233.0,235.0,224.0,234.0,0.43,2303.0,238.6,183.0
CZBIL,11/18/2012,234.0,247.0,231.0,242.0,3.42,3370.0,238.6,183.0
CZBIL,11/20/2012,242.0,262.0,246.0,252.0,4.13,6750.0,238.6,183.0
CZBIL,11/21/2012,252.0,254.0,237.0,252.0,0.0,7652.0,238.6,183.0
CZBIL,11/22/2012,252.0,250.0,240.0,243.0,-3.57,3652.0,238.6,183.0
CZBIL,11/25/2012,243.0,256.0,242.0,242.0,-0.41,8904.0,238.6,183.0
CZBIL,11/26/2012,242.0,249.0,238.0,249.0,2.89,2872.0,238.6,183.0
CZBIL,11/27/2012,249.0,246.0,241.0,243.0,-2.41,3448.0,238.6,183.0
CZBIL,11/28/2012,243.0,248.0,239.0,244.0,0.41,8368.0,238.6,183.0
CZBIL,11/29/2012,244.0,245.0,236.0,241.0,-1.23,3777.0,238.6,183.0
CZBIL,12/2/2012,241.0,245.0,237.0,241.0,0.0,6458.0,238.6,183.0
CZBIL,12/3/2012,241.0,241.0,233.0,235.0,-2.49,2220.0,238.6,183.0
CZBIL,12/4/2012,235.0,250.0,235.0,242.0,2.98,4183.0,238.6,183.0
CZBIL,12/5/2012,242.0,260.0,246.0,256.0,5.79,17651.0,238.6,183.0
CZBIL,12/6/2012,256.0,256.0,245.0,256.0,0.0,10399.0,238.6,183.0
CZBIL,12/9/2012,256.0,255.0,244.0,245.0,-4.3,4016.0,238.6,183.0
CZBIL,12/10/2012,245.0,257.0,243.0,251.0,2.45,2687.0,238.6,183.0
CZBIL,12/11/2012,251.0,256.0,245.0,251.0,0.0,5443.0,238.6,183.0
CZBIL,12/12/2012,251.0,260.0,252.0,256.0,1.99,4722.0,238.6,183.0
CZBIL,12/13/2012,256.0,258.0,246.0,256.0,0.0,5213.0,238.6,183.0
CZBIL,12/16/2012,256.0,271.0,259.0,270.0,5.47,11623.0,238.6,183.0
CZBIL,12/17/2012,270.0,286.0,267.0,277.0,2.59,18613.0,238.6,183.0
CZBIL,12/18/2012,277.0,275.0,263.0,266.0,-3.97,12131.0,238.6,183.0
CZBIL,12/19/2012,266.0,281.0,271.0,275.0,3.38,13118.0,238.6,183.0
CZBIL,12/20/2012,275.0,284.0,272.0,283.0,2.91,12906.0,238.6,183.0
CZBIL,12/23/2012,283.0,287.0,270.0,287.0,1.41,9562.0,238.6,183.0
CZBIL,12/24/2012,287.0,298.0,285.0,290.0,1.05,7443.0,238.6,183.0
CZBIL,12/26/2012,290.0,309.0,293.0,302.0,4.14,8472.0,238.6,183.0
CZBIL,12/27/2012,302.0,310.0,295.0,295.0,-2.32,18641.0,238.6,183.0
CZBIL,12/31/2012,295.0,298.0,286.0,292.0,-1.02,8093.0,238.6,183.0
CZBIL,1/1/2013,292.0,290.0,285.0,285.0,-2.4,7051.0,238.6,183.0
CZBIL,1/2/2013,285.0,292.0,280.0,292.0,2.46,5491.0,238.6,183.0
CZBIL,1/3/2013,292.0,293.0,285.0,289.0,-1.03,15006.0,238.6,183.0
CZBIL,1/6/2013,289.0,287.0,283.0,285.0,-1.38,5585.0,238.6,183.0
CZBIL,1/7/2013,285.0,283.0,272.0,278.0,-2.46,13247.0,238.6,183.0
CZBIL,1/8/2013,278.0,279.0,273.0,276.0,-0.72,1102.0,238.6,183.0
CZBIL,1/9/2013,276.0,277.0,273.0,277.0,0.36,3343.0,238.6,183.0
CZBIL,1/10/2013,277.0,285.0,271.0,285.0,2.89,13171.0,238.6,183.0
CZBIL,1/13/2013,285.0,282.0,274.0,276.0,-3.16,4145.0,238.6,183.0
CZBIL,1/15/2013,276.0,280.0,275.0,279.0,1.09,7778.0,238.6,183.0
CZBIL,1/16/2013,279.0,276.0,270.0,273.0,-2.15,9354.0,238.6,183.0
CZBIL,1/17/2013,273.0,270.0,262.0,266.0,-2.56,4634.0,238.6,183.0
CZBIL,1/20/2013,266.0,265.0,250.0,250.0,-6.02,6127.0,238.6,183.0
CZBIL,1/21/2013,250.0,268.0,255.0,265.0,6.0,8932.0,238.6,183.0
CZBIL,1/22/2013,265.0,281.0,260.0,272.0,2.64,3420.0,238.6,183.0
CZBIL,1/23/2013,272.0,276.0,250.0,268.0,-1.47,18291.0,238.6,183.0
CZBIL,1/24/2013,268.0,270.0,262.0,268.0,0.0,3762.0,238.6,183.0
CZBIL,1/27/2013,268.0,271.0,261.0,261.0,-2.61,5171.0,238.6,183.0
CZBIL,1/28/2013,261.0,263.0,256.0,261.0,0.0,6033.0,238.6,183.0
CZBIL,1/30/2013,261.0,261.0,251.0,259.0,-0.77,3149.0,238.6,183.0
CZBIL,1/31/2013,259.0,258.0,255.0,256.0,-1.16,1768.0,238.6,183.0
CZBIL,2/3/2013,256.0,270.0,258.0,264.0,3.12,4042.0,238.6,183.0
CZBIL,2/4/2013,264.0,267.0,260.0,267.0,1.14,1598.0,238.6,183.0
CZBIL,2/5/2013,267.0,268.0,260.0,260.0,-2.62,1274.0,238.6,183.0
CZBIL,2/6/2013,260.0,264.0,261.0,264.0,1.54,2601.0,238.6,183.0
CZBIL,2/7/2013,264.0,264.0,259.0,261.0,-1.14,3968.0,238.6,183.0
CZBIL,2/10/2013,261.0,269.0,263.0,265.0,1.53,2115.0,238.6,183.0
CZBIL,2/12/2013,265.0,284.0,270.0,284.0,7.17,11499.0,238.6,183.0
CZBIL,2/13/2013,284.0,279.0,274.0,275.0,-3.17,4326.0,238.6,183.0
CZBIL,2/14/2013,275.0,284.0,280.0,282.0,2.55,8724.0,238.6,183.0
CZBIL,2/17/2013,282.0,310.0,287.0,309.0,9.57,2517.0,238.6,183.0
CZBIL,2/19/2013,309.0,321.0,295.0,300.0,-2.91,23396.0,238.6,183.0
CZBIL,2/20/2013,300.0,294.0,286.0,287.0,-4.33,4801.0,238.6,183.0
CZBIL,2/21/2013,287.0,300.0,280.0,291.0,1.39,8492.0,238.6,183.0
CZBIL,2/24/2013,291.0,290.0,280.0,286.0,-1.72,2191.0,238.6,183.0
CZBIL,2/25/2013,286.0,301.0,286.0,288.0,0.7,6010.0,238.6,183.0
CZBIL,2/26/2013,288.0,294.0,287.0,289.0,0.35,6761.0,238.6,183.0
CZBIL,2/27/2013,289.0,290.0,281.0,285.0,-1.38,3113.0,238.6,183.0
CZBIL,2/28/2013,285.0,291.0,283.0,290.0,1.75,3081.0,238.6,183.0
CZBIL,3/3/2013,290.0,289.0,281.0,287.0,-1.03,3883.0,238.6,183.0
CZBIL,3/4/2013,287.0,292.0,285.0,286.0,-0.35,4700.0,238.6,183.0
CZBIL,3/5/2013,286.0,286.0,280.0,285.0,-0.35,3845.0,238.6,183.0
CZBIL,3/6/2013,285.0,287.0,280.0,285.0,0.0,3913.0,238.6,183.0
CZBIL,3/7/2013,285.0,284.0,280.0,281.0,-1.4,1836.0,238.6,183.0
CZBIL,3/11/2013,281.0,286.0,281.0,282.0,0.36,1926.0,238.6,183.0
CZBIL,3/13/2013,282.0,291.0,285.0,291.0,3.19,3119.0,238.6,183.0
CZBIL,3/14/2013,291.0,307.0,288.0,290.0,-0.34,10711.0,238.6,183.0
CZBIL,3/17/2013,290.0,290.0,277.0,282.0,-2.76,4322.0,238.6,183.0
CZBIL,3/18/2013,282.0,283.0,276.0,277.0,-1.77,5480.0,238.6,183.0
CZBIL,3/19/2013,277.0,284.0,275.0,279.0,0.72,6544.0,238.6,183.0
CZBIL,3/20/2013,279.0,280.0,274.0,274.0,-1.79,6419.0,238.6,183.0
CZBIL,3/21/2013,274.0,278.0,271.0,274.0,0.0,3890.0,238.6,183.0
CZBIL,3/24/2013,274.0,272.0,264.0,268.0,-2.19,3242.0,238.6,183.0
CZBIL,3/25/2013,268.0,277.0,267.0,275.0,2.61,8779.0,238.6,183.0
CZBIL,3/27/2013,275.0,274.0,266.0,274.0,-0.36,1038.0,238.6,183.0
CZBIL,3/28/2013,274.0,274.0,268.0,272.0,-0.73,3522.0,238.6,183.0
CZBIL,3/31/2013,272.0,269.0,261.0,264.0,-2.94,7492.0,238.6,183.0
CZBIL,4/1/2013,264.0,269.0,256.0,266.0,0.76,6902.0,238.6,183.0
CZBIL,4/2/2013,266.0,275.0,261.0,272.0,2.26,3988.0,238.6,183.0
CZBIL,4/3/2013,272.0,274.0,264.0,271.0,-0.37,1767.0,238.6,183.0
CZBIL,4/4/2013,271.0,271.0,266.0,271.0,0.0,1420.0,238.6,183.0
CZBIL,4/7/2013,271.0,273.0,268.0,270.0,-0.37,2884.0,238.6,183.0
CZBIL,4/8/2013,270.0,275.0,268.0,272.0,0.74,1774.0,238.6,183.0
CZBIL,4/9/2013,272.0,276.0,263.0,276.0,1.47,3432.0,238.6,183.0
CZBIL,4/11/2013,276.0,281.0,272.0,274.0,-0.72,4193.0,238.6,183.0
CZBIL,4/15/2013,274.0,278.0,272.0,272.0,-0.73,8009.0,238.6,183.0
CZBIL,4/16/2013,272.0,273.0,263.0,272.0,0.0,4394.0,238.6,183.0
CZBIL,4/17/2013,272.0,271.0,267.0,270.0,-0.74,2890.0,238.6,183.0
CZBIL,4/18/2013,270.0,270.0,266.0,268.0,-0.74,2792.0,238.6,183.0
CZBIL,4/21/2013,268.0,280.0,260.0,263.0,-1.87,6087.0,238.6,183.0
CZBIL,4/22/2013,263.0,269.0,255.0,266.0,1.14,7205.0,238.6,183.0
CZBIL,4/23/2013,266.0,272.0,268.0,268.0,0.75,1773.0,238.6,183.0
CZBIL,4/25/2013,268.0,270.0,263.0,265.0,-1.12,5663.0,238.6,183.0
CZBIL,4/28/2013,265.0,265.0,260.0,265.0,0.0,7507.0,238.6,183.0
CZBIL,4/29/2013,265.0,265.0,252.0,259.0,-2.26,5030.0,238.6,183.0
CZBIL,4/30/2013,259.0,263.0,259.0,260.0,0.39,1666.0,238.6,183.0
CZBIL,5/2/2013,260.0,258.0,250.0,255.0,-1.92,2354.0,238.6,183.0
CZBIL,5/5/2013,255.0,257.0,242.0,246.0,-3.53,1649.0,238.6,183.0
CZBIL,5/6/2013,246.0,248.0,240.0,247.0,0.41,2697.0,238.6,183.0
CZBIL,5/7/2013,247.0,265.0,249.0,259.0,4.86,4110.0,238.6,183.0
CZBIL,5/8/2013,259.0,255.0,255.0,255.0,-1.54,105.0,238.6,183.0
CZBIL,5/9/2013,255.0,254.0,245.0,249.0,-2.35,4486.0,238.6,183.0
CZBIL,5/12/2013,249.0,253.0,245.0,247.0,-0.8,2938.0,238.6,183.0
CZBIL,5/13/2013,247.0,259.0,248.0,259.0,4.86,480.0,238.6,183.0
CZBIL,5/14/2013,259.0,261.0,254.0,258.0,-0.39,2423.0,238.6,183.0
CZBIL,5/15/2013,258.0,268.0,260.0,260.0,0.78,1200.0,238.6,183.0
CZBIL,5/16/2013,260.0,261.0,256.0,261.0,0.38,1932.0,238.6,183.0
CZBIL,5/19/2013,261.0,264.0,252.0,257.0,-1.53,3890.0,238.6,183.0
CZBIL,5/20/2013,257.0,262.0,254.0,255.0,-0.78,1493.0,238.6,183.0
CZBIL,5/21/2013,255.0,254.0,250.0,253.0,-0.78,1895.0,238.6,183.0
CZBIL,5/22/2013,253.0,257.0,245.0,257.0,1.58,6993.0,238.6,183.0
CZBIL,5/23/2013,257.0,260.0,252.0,253.0,-1.56,3381.0,238.6,183.0
CZBIL,5/26/2013,253.0,262.0,252.0,252.0,-0.4,6968.0,238.6,183.0
CZBIL,5/27/2013,252.0,256.0,251.0,255.0,1.19,1926.0,238.6,183.0
CZBIL,5/28/2013,255.0,259.0,254.0,256.0,0.39,2506.0,238.6,183.0
CZBIL,5/30/2013,256.0,256.0,253.0,253.0,-1.17,1298.0,238.6,183.0
CZBIL,6/2/2013,253.0,252.0,247.0,252.0,-0.4,560.0,238.6,183.0
CZBIL,6/3/2013,252.0,252.0,250.0,251.0,-0.4,1530.0,238.6,183.0
CZBIL,6/4/2013,251.0,252.0,250.0,252.0,0.4,2336.0,238.6,183.0
CZBIL,6/5/2013,252.0,255.0,251.0,254.0,0.79,804.0,238.6,183.0
CZBIL,6/6/2013,254.0,255.0,251.0,255.0,0.39,736.0,238.6,183.0
CZBIL,6/9/2013,255.0,258.0,253.0,255.0,0.0,580.0,238.6,183.0
CZBIL,6/10/2013,255.0,253.0,250.0,252.0,-1.18,1698.0,238.6,183.0
CZBIL,6/11/2013,252.0,255.0,251.0,254.0,0.79,2585.0,238.6,183.0
CZBIL,6/12/2013,254.0,255.0,251.0,252.0,-0.79,2741.0,238.6,183.0
CZBIL,6/13/2013,252.0,254.0,248.0,254.0,0.79,2040.0,238.6,183.0
CZBIL,6/16/2013,254.0,255.0,250.0,252.0,-0.79,2879.0,238.6,183.0
CZBIL,6/17/2013,252.0,250.0,248.0,250.0,-0.79,2263.0,238.6,183.0
CZBIL,6/18/2013,250.0,255.0,245.0,246.0,-1.6,2986.0,238.6,183.0
CZBIL,6/19/2013,246.0,246.0,243.0,244.0,-0.81,1646.0,238.6,183.0
CZBIL,6/20/2013,244.0,254.0,245.0,246.0,0.82,3576.0,238.6,183.0
CZBIL,6/23/2013,246.0,245.0,243.0,245.0,-0.41,4038.0,238.6,183.0
CZBIL,6/24/2013,245.0,251.0,244.0,251.0,2.45,2066.0,238.6,183.0
CZBIL,6/25/2013,251.0,256.0,255.0,255.0,1.59,2227.0,238.6,183.0
CZBIL,6/26/2013,255.0,260.0,254.0,255.0,0.0,1999.0,238.6,183.0
CZBIL,6/27/2013,255.0,256.0,253.0,254.0,-0.39,1594.0,238.6,183.0
CZBIL,6/30/2013,254.0,256.0,247.0,249.0,-1.97,2133.0,238.6,183.0
CZBIL,7/1/2013,249.0,250.0,246.0,248.0,-0.4,762.0,238.6,183.0
CZBIL,7/2/2013,248.0,249.0,246.0,249.0,0.4,1839.0,238.6,183.0
CZBIL,7/3/2013,249.0,255.0,245.0,255.0,2.41,3849.0,238.6,183.0
CZBIL,7/4/2013,255.0,262.0,248.0,262.0,2.75,3171.0,238.6,183.0
CZBIL,7/7/2013,262.0,257.0,250.0,257.0,-1.91,2402.0,238.6,183.0
CZBIL,7/8/2013,257.0,260.0,253.0,260.0,1.17,2532.0,238.6,183.0
CZBIL,7/9/2013,260.0,264.0,259.0,260.0,0.0,3576.0,238.6,183.0
CZBIL,7/10/2013,260.0,268.0,258.0,268.0,3.08,2245.0,238.6,183.0
CZBIL,7/11/2013,268.0,268.0,260.0,260.0,-2.99,2936.0,238.6,183.0
CZBIL,7/14/2013,260.0,265.0,259.0,263.0,1.15,4632.0,238.6,183.0
CZBIL,7/15/2013,263.0,267.0,260.0,267.0,1.52,938.0,238.6,183.0
CZBIL,7/16/2013,267.0,262.0,259.0,260.0,-2.62,1081.0,238.6,183.0
CZBIL,7/17/2013,260.0,264.0,259.0,264.0,1.54,1038.0,238.6,183.0
CZBIL,7/18/2013,264.0,270.0,267.0,270.0,2.27,4560.0,238.6,183.0
CZBIL,7/21/2013,270.0,286.0,270.0,281.0,4.07,13317.0,238.6,183.0
CZBIL,7/22/2013,281.0,285.0,272.0,280.0,-0.36,8632.0,238.6,183.0
CZBIL,7/23/2013,280.0,280.0,275.0,280.0,0.0,7588.0,238.6,183.0
CZBIL,7/24/2013,280.0,280.0,271.0,273.0,-2.5,4346.0,238.6,183.0
CZBIL,7/25/2013,273.0,278.0,272.0,272.0,-0.37,4689.0,238.6,183.0
CZBIL,7/28/2013,272.0,277.0,268.0,276.0,1.47,3566.0,238.6,183.0
CZBIL,7/29/2013,276.0,275.0,273.0,273.0,-1.09,4396.0,238.6,183.0
CZBIL,7/30/2013,273.0,278.0,269.0,278.0,1.83,3807.0,238.6,183.0
CZBIL,7/31/2013,278.0,278.0,271.0,272.0,-2.16,8901.0,238.6,183.0
CZBIL,8/1/2013,272.0,274.0,268.0,270.0,-0.74,2086.0,238.6,183.0
CZBIL,8/4/2013,270.0,271.0,266.0,269.0,-0.37,3738.0,238.6,183.0
CZBIL,8/5/2013,269.0,268.0,261.0,264.0,-1.86,3455.0,238.6,183.0
CZBIL,8/6/2013,264.0,269.0,249.0,267.0,1.14,5568.0,238.6,183.0
CZBIL,8/7/2013,267.0,265.0,260.0,265.0,-0.75,2538.0,238.6,183.0
CZBIL,8/8/2013,265.0,265.0,258.0,261.0,-1.51,3524.0,238.6,183.0
CZBIL,8/11/2013,261.0,261.0,260.0,261.0,0.0,1061.0,238.6,183.0
CZBIL,8/12/2013,261.0,265.0,259.0,259.0,-0.77,6685.0,238.6,183.0
CZBIL,8/13/2013,259.0,263.0,260.0,260.0,0.39,703.0,238.6,183.0
CZBIL,8/14/2013,260.0,262.0,260.0,260.0,0.0,4134.0,238.6,183.0
CZBIL,8/15/2013,260.0,263.0,259.0,259.0,-0.38,2959.0,238.6,183.0
CZBIL,8/18/2013,259.0,264.0,259.0,264.0,1.93,4985.0,238.6,183.0
CZBIL,8/19/2013,264.0,274.0,265.0,272.0,3.03,2134.0,238.6,183.0
CZBIL,8/20/2013,272.0,277.0,270.0,273.0,0.37,1637.0,238.6,183.0
CZBIL,8/25/2013,273.0,280.0,266.0,268.0,-1.83,1526.0,238.6,183.0
CZBIL,8/26/2013,268.0,270.0,264.0,270.0,0.75,2089.0,238.6,183.0
CZBIL,8/27/2013,270.0,274.0,266.0,274.0,1.48,3492.0,238.6,183.0
CZBIL,8/29/2013,274.0,272.0,259.0,269.0,-1.82,2129.0,238.6,183.0
CZBIL,9/1/2013,269.0,274.0,265.0,272.0,1.12,4874.0,238.6,183.0
CZBIL,9/2/2013,272.0,272.0,267.0,272.0,0.0,3372.0,238.6,183.0
CZBIL,9/3/2013,272.0,268.0,261.0,264.0,-2.94,13540.0,238.6,183.0
CZBIL,9/4/2013,264.0,262.0,255.0,258.0,-2.27,4222.0,238.6,183.0
CZBIL,9/5/2013,258.0,266.0,256.0,262.0,1.55,4162.0,238.6,183.0
CZBIL,9/8/2013,260.0,261.0,260.0,260.0,-0.76,84.0,238.6,183.0
CZBIL,9/9/2013,260.0,264.0,255.0,260.0,0.0,6197.0,238.6,183.0
CZBIL,9/10/2013,260.0,260.0,258.0,258.0,-0.77,2218.0,238.6,183.0
CZBIL,9/11/2013,258.0,260.0,256.0,260.0,0.78,1384.0,238.6,183.0
CZBIL,9/12/2013,260.0,260.0,256.0,256.0,-1.54,646.0,238.6,183.0
CZBIL,9/15/2013,256.0,260.0,255.0,259.0,1.17,3361.0,238.6,183.0
CZBIL,9/16/2013,259.0,260.0,255.0,257.0,-0.77,5166.0,238.6,183.0
CZBIL,9/17/2013,257.0,262.0,255.0,258.0,0.39,7065.0,238.6,183.0
CZBIL,9/19/2013,258.0,260.0,252.0,256.0,-0.78,12040.0,238.6,183.0
CZBIL,9/22/2013,251.0,251.0,242.0,242.0,-5.47,636.0,238.6,183.0
CZBIL,9/23/2013,242.0,238.0,227.0,235.0,-2.89,903.0,238.6,183.0
CZBIL,9/24/2013,235.0,236.0,234.0,235.0,0.0,1307.0,238.6,183.0
CZBIL,9/25/2013,235.0,237.0,233.0,235.0,0.0,1421.0,238.6,183.0
CZBIL,9/26/2013,235.0,238.0,235.0,235.0,0.0,1718.0,238.6,183.0
CZBIL,9/29/2013,235.0,235.0,232.0,235.0,0.0,720.0,238.6,183.0
CZBIL,9/30/2013,235.0,234.0,232.0,232.0,-1.28,3664.0,238.6,183.0
CZBIL,10/1/2013,232.0,235.0,231.0,234.0,0.86,1482.0,238.6,183.0
CZBIL,10/2/2013,234.0,242.0,230.0,242.0,3.42,419.0,238.6,183.0
CZBIL,10/3/2013,242.0,240.0,236.0,240.0,-0.83,303.0,238.6,183.0
CZBIL,10/6/2013,240.0,244.0,239.0,240.0,0.0,865.0,238.6,183.0
CZBIL,10/7/2013,240.0,250.0,242.0,250.0,4.17,432.0,238.6,183.0
CZBIL,10/8/2013,250.0,246.0,246.0,246.0,-1.6,22.0,238.6,183.0
CZBIL,10/9/2013,246.0,248.0,247.0,247.0,0.41,231.0,238.6,183.0
CZBIL,10/10/2013,247.0,252.0,250.0,251.0,1.62,1543.0,238.6,183.0
CZBIL,10/17/2013,251.0,250.0,250.0,250.0,-0.4,42.0,238.6,183.0
CZBIL,10/20/2013,250.0,273.0,254.0,268.0,7.2,4265.0,238.6,183.0
CZBIL,10/21/2013,268.0,273.0,260.0,264.0,-1.49,3949.0,238.6,183.0
CZBIL,10/22/2013,264.0,262.0,259.0,260.0,-1.52,1283.0,238.6,183.0
CZBIL,10/23/2013,260.0,258.0,253.0,258.0,-0.77,679.0,238.6,183.0
CZBIL,10/24/2013,258.0,263.0,251.0,263.0,1.94,2963.0,238.6,183.0
CZBIL,10/27/2013,263.0,260.0,254.0,260.0,-1.14,1380.0,238.6,183.0
CZBIL,10/28/2013,260.0,257.0,255.0,257.0,-1.15,876.0,238.6,183.0
CZBIL,10/29/2013,257.0,262.0,250.0,250.0,-2.72,2426.0,238.6,183.0
CZBIL,10/30/2013,250.0,255.0,251.0,255.0,2.0,2725.0,238.6,183.0
CZBIL,10/31/2013,255.0,254.0,253.0,253.0,-0.78,1025.0,238.6,183.0
CZBIL,11/6/2013,253.0,258.0,253.0,258.0,1.98,1610.0,238.6,183.0
CZBIL,11/7/2013,258.0,255.0,250.0,254.0,-1.55,2842.0,238.6,183.0
CZBIL,11/11/2013,258.0,272.0,259.0,270.0,6.3,7037.0,238.6,183.0
CZBIL,11/12/2013,270.0,291.0,272.0,291.0,7.78,36250.0,238.6,183.0
CZBIL,11/13/2013,291.0,294.0,281.0,293.0,0.69,32577.0,238.6,183.0
CZBIL,11/14/2013,293.0,292.0,283.0,286.0,-2.39,14354.0,238.6,183.0
CZBIL,11/21/2013,286.0,301.0,291.0,301.0,5.24,60.0,238.6,183.0
CZBIL,11/24/2013,301.0,331.0,307.0,331.0,9.97,30239.0,238.6,183.0
CZBIL,11/25/2013,331.0,343.0,310.0,326.0,-1.51,24693.0,238.6,183.0
CZBIL,11/26/2013,326.0,338.0,325.0,330.0,1.23,18483.0,238.6,183.0
CZBIL,11/27/2013,330.0,334.0,320.0,322.0,-2.42,9566.0,238.6,183.0
CZBIL,11/28/2013,322.0,327.0,320.0,322.0,0.0,18788.0,238.6,183.0
CZBIL,12/1/2013,322.0,329.0,322.0,328.0,1.86,6081.0,238.6,183.0
CZBIL,12/2/2013,328.0,349.0,334.0,343.0,4.57,9036.0,238.6,183.0
CZBIL,12/3/2013,343.0,364.0,348.0,362.0,5.54,11258.0,238.6,183.0
CZBIL,12/4/2013,362.0,398.0,368.0,389.0,7.46,11397.0,238.6,183.0
CZBIL,12/5/2013,389.0,404.0,368.0,375.0,-3.6,10740.0,238.6,183.0
CZBIL,12/8/2013,375.0,387.0,370.0,381.0,1.6,16872.0,238.6,183.0
CZBIL,12/9/2013,381.0,393.0,381.0,385.0,1.05,10912.0,238.6,183.0
CZBIL,12/10/2013,385.0,380.0,370.0,372.0,-3.38,11762.0,238.6,183.0
CZBIL,12/11/2013,372.0,400.0,375.0,391.0,5.11,17063.0,238.6,183.0
CZBIL,12/12/2013,391.0,405.0,392.0,400.0,2.3,9413.0,238.6,183.0
CZBIL,12/15/2013,400.0,438.0,392.0,433.0,8.25,18943.0,238.6,183.0
CZBIL,12/16/2013,433.0,476.0,440.0,476.0,9.93,6728.0,238.6,183.0
CZBIL,12/18/2013,476.0,502.0,484.0,490.0,2.94,12994.0,238.6,183.0
CZBIL,12/19/2013,490.0,499.0,462.0,481.0,-1.84,22498.0,238.6,183.0
CZBIL,12/22/2013,481.0,479.0,456.0,468.0,-2.7,23084.0,238.6,183.0
CZBIL,12/23/2013,468.0,459.0,422.0,436.0,-6.84,19569.0,238.6,183.0
CZBIL,12/24/2013,436.0,453.0,400.0,442.0,1.38,28299.0,238.6,183.0
CZBIL,12/26/2013,442.0,477.0,450.0,450.0,1.81,17556.0,238.6,183.0
CZBIL,12/29/2013,450.0,450.0,430.0,445.0,-1.11,14936.0,238.6,183.0
CZBIL,12/31/2013,445.0,445.0,434.0,437.0,-1.8,11519.0,238.6,183.0
CZBIL,1/1/2014,437.0,435.0,412.0,419.0,-4.12,9947.0,238.6,183.0
CZBIL,1/2/2014,419.0,446.0,411.0,435.0,3.82,13226.0,238.6,183.0
CZBIL,1/5/2014,435.0,442.0,435.0,435.0,0.0,10166.0,238.6,183.0
CZBIL,1/6/2014,435.0,444.0,434.0,437.0,0.46,9364.0,238.6,183.0
CZBIL,1/7/2014,437.0,459.0,436.0,447.0,2.29,8531.0,238.6,183.0
CZBIL,1/8/2014,447.0,460.0,443.0,454.0,1.57,9119.0,238.6,183.0
CZBIL,1/9/2014,454.0,451.0,444.0,448.0,-1.32,3804.0,238.6,183.0
CZBIL,1/12/2014,448.0,464.0,450.0,450.0,0.45,19378.0,238.6,183.0
CZBIL,1/13/2014,450.0,465.0,450.0,456.0,1.33,5159.0,238.6,183.0
CZBIL,1/14/2014,456.0,460.0,447.0,453.0,-0.66,9244.0,238.6,183.0
CZBIL,1/16/2014,453.0,471.0,453.0,456.0,0.66,8136.0,238.6,183.0
CZBIL,1/19/2014,456.0,480.0,455.0,480.0,5.26,15944.0,238.6,183.0
CZBIL,1/20/2014,480.0,489.0,468.0,489.0,1.88,14200.0,238.6,183.0
CZBIL,1/21/2014,489.0,507.0,482.0,483.0,-1.23,26031.0,238.6,183.0
CZBIL,1/22/2014,483.0,492.0,466.0,480.0,-0.62,16410.0,238.6,183.0
CZBIL,1/23/2014,480.0,480.0,470.0,476.0,-0.83,19093.0,238.6,183.0
CZBIL,1/26/2014,476.0,488.0,468.0,475.0,-0.21,14366.0,238.6,183.0
CZBIL,1/27/2014,475.0,480.0,470.0,479.0,0.84,9518.0,238.6,183.0
CZBIL,1/28/2014,479.0,478.0,470.0,473.0,-1.25,3808.0,238.6,183.0
CZBIL,1/29/2014,473.0,475.0,462.0,475.0,0.42,11389.0,238.6,183.0
CZBIL,2/2/2014,475.0,466.0,458.0,466.0,-1.89,4306.0,238.6,183.0
CZBIL,2/3/2014,466.0,459.0,448.0,459.0,-1.5,6220.0,238.6,183.0
CZBIL,2/4/2014,459.0,470.0,448.0,460.0,0.22,6491.0,238.6,183.0
CZBIL,2/6/2014,467.0,475.0,460.0,468.0,1.74,10217.0,238.6,183.0
CZBIL,2/9/2014,468.0,476.0,460.0,462.0,-1.28,8909.0,238.6,183.0
CZBIL,2/10/2014,462.0,506.0,471.0,484.0,4.76,23971.0,238.6,183.0
CZBIL,2/11/2014,484.0,483.0,468.0,477.0,-1.45,10736.0,238.6,183.0
CZBIL,2/12/2014,477.0,478.0,467.0,469.0,-1.68,6984.0,238.6,183.0
CZBIL,2/13/2014,469.0,485.0,470.0,480.0,2.35,5376.0,238.6,183.0
CZBIL,2/16/2014,480.0,479.0,465.0,470.0,-2.08,6600.0,238.6,183.0
CZBIL,2/17/2014,470.0,485.0,461.0,469.0,-0.21,5008.0,238.6,183.0
CZBIL,2/18/2014,469.0,476.0,465.0,476.0,1.49,11403.0,238.6,183.0
CZBIL,2/20/2014,476.0,490.0,468.0,476.0,0.0,15897.0,238.6,183.0
CZBIL,2/23/2014,476.0,493.0,481.0,481.0,1.05,12575.0,238.6,183.0
CZBIL,2/24/2014,481.0,495.0,476.0,481.0,0.0,11803.0,238.6,183.0
CZBIL,2/25/2014,481.0,485.0,469.0,481.0,0.0,11406.0,238.6,183.0
CZBIL,2/26/2014,481.0,491.0,470.0,473.0,-1.66,4460.0,238.6,183.0
CZBIL,3/3/2014,473.0,470.0,457.0,460.0,-2.75,4351.0,238.6,183.0
CZBIL,3/4/2014,460.0,463.0,445.0,463.0,0.65,8481.0,238.6,183.0
CZBIL,3/5/2014,463.0,468.0,456.0,462.0,-0.22,11083.0,238.6,183.0
CZBIL,3/6/2014,462.0,462.0,453.0,457.0,-1.08,11248.0,238.6,183.0
CZBIL,3/9/2014,457.0,452.0,444.0,447.0,-2.19,5996.0,238.6,183.0
CZBIL,3/10/2014,447.0,450.0,442.0,445.0,-0.45,5396.0,238.6,183.0
CZBIL,3/11/2014,445.0,446.0,433.0,440.0,-1.12,5247.0,238.6,183.0
CZBIL,3/12/2014,440.0,439.0,430.0,437.0,-0.68,8885.0,238.6,183.0
CZBIL,3/13/2014,437.0,450.0,427.0,438.0,0.23,4943.0,238.6,183.0
CZBIL,3/17/2014,438.0,439.0,413.0,413.0,-5.71,15296.0,238.6,183.0
CZBIL,3/18/2014,413.0,422.0,408.0,422.0,2.18,6186.0,238.6,183.0
CZBIL,3/19/2014,422.0,445.0,420.0,423.0,0.24,7794.0,238.6,183.0
CZBIL,3/20/2014,423.0,443.0,415.0,443.0,4.73,7168.0,238.6,183.0
CZBIL,3/23/2014,443.0,435.0,421.0,430.0,-2.93,7513.0,238.6,183.0
CZBIL,3/24/2014,430.0,437.0,414.0,434.0,0.93,6607.0,238.6,183.0
CZBIL,3/25/2014,434.0,438.0,426.0,430.0,-0.92,4861.0,238.6,183.0
CZBIL,3/26/2014,430.0,438.0,430.0,436.0,1.4,5180.0,238.6,183.0
CZBIL,3/27/2014,436.0,440.0,423.0,428.0,-1.83,6875.0,238.6,183.0
CZBIL,3/31/2014,428.0,440.0,426.0,434.0,1.4,9489.0,238.6,183.0
CZBIL,4/1/2014,434.0,448.0,428.0,445.0,2.53,7263.0,238.6,183.0
CZBIL,4/2/2014,445.0,449.0,435.0,449.0,0.9,8439.0,238.6,183.0
CZBIL,4/3/2014,449.0,450.0,431.0,431.0,-4.01,8764.0,238.6,183.0
CZBIL,4/6/2014,431.0,425.0,410.0,417.0,-3.25,11026.0,238.6,183.0
CZBIL,4/7/2014,417.0,435.0,414.0,425.0,1.92,7320.0,238.6,183.0
CZBIL,4/9/2014,425.0,430.0,414.0,430.0,1.18,11264.0,238.6,183.0
CZBIL,4/10/2014,430.0,441.0,424.0,429.0,-0.23,15063.0,238.6,183.0
CZBIL,4/13/2014,429.0,438.0,405.0,434.0,1.17,324872.0,238.6,183.0
CZBIL,4/15/2014,434.0,435.0,420.0,425.0,-2.07,35586.0,238.6,183.0
CZBIL,4/16/2014,425.0,428.0,410.0,410.0,-3.53,82609.0,238.6,183.0
CZBIL,4/17/2014,410.0,435.0,411.0,427.0,4.15,30818.0,238.6,183.0
CZBIL,4/20/2014,427.0,429.0,411.0,418.0,-2.11,51333.0,238.6,183.0
CZBIL,4/21/2014,418.0,425.0,414.0,420.0,0.48,18349.0,238.6,183.0
CZBIL,4/22/2014,420.0,424.0,412.0,420.0,0.0,11905.0,238.6,183.0
CZBIL,4/23/2014,420.0,427.0,418.0,418.0,-0.48,15400.0,238.6,183.0
CZBIL,4/27/2014,418.0,426.0,415.0,417.0,-0.24,18229.0,238.6,183.0
CZBIL,4/28/2014,417.0,425.0,414.0,416.0,-0.24,15188.0,238.6,183.0
CZBIL,4/29/2014,416.0,424.0,407.0,407.0,-2.16,11534.0,238.6,183.0
CZBIL,4/30/2014,407.0,420.0,402.0,420.0,3.19,19906.0,238.6,183.0
CZBIL,5/4/2014,420.0,424.0,417.0,419.0,-0.24,6760.0,238.6,183.0
CZBIL,5/5/2014,419.0,451.0,418.0,451.0,7.64,21263.0,238.6,183.0
CZBIL,5/6/2014,451.0,470.0,445.0,455.0,0.89,47417.0,238.6,183.0
CZBIL,5/7/2014,455.0,465.0,449.0,450.0,-1.1,20032.0,238.6,183.0
CZBIL,5/8/2014,450.0,451.0,436.0,445.0,-1.11,8536.0,238.6,183.0
CZBIL,5/11/2014,445.0,449.0,435.0,435.0,-2.25,5574.0,238.6,183.0
CZBIL,5/12/2014,435.0,443.0,431.0,438.0,0.69,11747.0,238.6,183.0
CZBIL,5/13/2014,438.0,445.0,433.0,437.0,-0.23,11247.0,238.6,183.0
CZBIL,5/15/2014,437.0,440.0,431.0,434.0,-0.69,9658.0,238.6,183.0
CZBIL,5/18/2014,434.0,441.0,429.0,430.0,-0.92,11311.0,238.6,183.0
CZBIL,5/19/2014,430.0,435.0,425.0,434.0,0.93,7954.0,238.6,183.0
CZBIL,5/20/2014,434.0,435.0,421.0,430.0,-0.92,8389.0,238.6,183.0
CZBIL,5/21/2014,430.0,434.0,425.0,428.0,-0.47,11591.0,238.6,183.0
CZBIL,5/22/2014,428.0,429.0,420.0,429.0,0.23,12197.0,238.6,183.0
CZBIL,5/25/2014,429.0,435.0,430.0,435.0,1.4,16029.0,238.6,183.0
CZBIL,5/26/2014,435.0,433.0,428.0,430.0,-1.15,9605.0,238.6,183.0
CZBIL,5/27/2014,430.0,431.0,426.0,429.0,-0.23,6559.0,238.6,183.0
CZBIL,5/28/2014,429.0,434.0,421.0,427.0,-0.47,13769.0,238.6,183.0
CZBIL,6/1/2014,427.0,435.0,425.0,431.0,0.94,14644.0,238.6,183.0
CZBIL,6/2/2014,431.0,440.0,425.0,432.0,0.23,34802.0,238.6,183.0
CZBIL,6/3/2014,432.0,454.0,411.0,440.0,1.85,81861.0,238.6,183.0
CZBIL,6/4/2014,440.0,445.0,438.0,443.0,0.68,19346.0,238.6,183.0
CZBIL,6/5/2014,443.0,446.0,428.0,443.0,0.0,21884.0,238.6,183.0
CZBIL,6/8/2014,443.0,450.0,420.0,450.0,1.58,16508.0,238.6,183.0
CZBIL,6/9/2014,450.0,451.0,435.0,446.0,-0.89,20362.0,238.6,183.0
CZBIL,6/10/2014,446.0,459.0,442.0,459.0,2.91,25056.0,238.6,183.0
CZBIL,6/11/2014,459.0,466.0,447.0,452.0,-1.53,21470.0,238.6,183.0
CZBIL,6/12/2014,452.0,460.0,451.0,453.0,0.22,11106.0,238.6,183.0
CZBIL,6/15/2014,453.0,480.0,451.0,470.0,3.75,14997.0,238.6,183.0
CZBIL,6/16/2014,470.0,485.0,463.0,470.0,0.0,34351.0,238.6,183.0
CZBIL,6/17/2014,470.0,485.0,460.0,480.0,2.13,26651.0,238.6,183.0
CZBIL,6/18/2014,480.0,481.0,470.0,470.0,-2.08,19435.0,238.6,183.0
CZBIL,6/19/2014,470.0,470.0,460.0,463.0,-1.49,5605.0,238.6,183.0
CZBIL,6/23/2014,463.0,458.0,443.0,458.0,-1.08,5766.0,238.6,183.0
CZBIL,6/24/2014,458.0,474.0,452.0,465.0,1.53,11300.0,238.6,183.0
CZBIL,6/25/2014,465.0,480.0,463.0,476.0,2.37,19288.0,238.6,183.0
CZBIL,6/26/2014,476.0,482.0,475.0,482.0,1.26,11459.0,238.6,183.0
CZBIL,6/29/2014,482.0,499.0,478.0,481.0,-0.21,18422.0,238.6,183.0
CZBIL,6/30/2014,481.0,485.0,476.0,485.0,0.83,11451.0,238.6,183.0
CZBIL,7/1/2014,485.0,490.0,476.0,480.0,-1.03,14234.0,238.6,183.0
CZBIL,7/2/2014,480.0,490.0,477.0,485.0,1.04,20602.0,238.6,183.0
CZBIL,7/3/2014,485.0,488.0,480.0,484.0,-0.21,17490.0,238.6,183.0
CZBIL,7/6/2014,484.0,494.0,482.0,485.0,0.21,23015.0,238.6,183.0
CZBIL,7/7/2014,485.0,523.0,485.0,515.0,6.19,49593.0,238.6,183.0
CZBIL,7/8/2014,515.0,531.0,517.0,527.0,2.33,27076.0,238.6,183.0
CZBIL,7/9/2014,527.0,530.0,520.0,530.0,0.57,16055.0,238.6,183.0
CZBIL,7/10/2014,530.0,540.0,510.0,540.0,1.89,27403.0,238.6,183.0
CZBIL,7/13/2014,540.0,577.0,540.0,552.0,2.22,43181.0,238.6,183.0
CZBIL,7/14/2014,552.0,561.0,535.0,540.0,-2.17,19235.0,238.6,183.0
CZBIL,7/15/2014,540.0,545.0,520.0,530.0,-1.85,32415.0,238.6,183.0
CZBIL,7/16/2014,530.0,550.0,523.0,539.0,1.7,40718.0,238.6,183.0
CZBIL,7/17/2014,539.0,556.0,523.0,555.0,2.97,31068.0,238.6,183.0
CZBIL,7/20/2014,555.0,610.0,550.0,600.0,8.11,47528.0,238.6,183.0
CZBIL,7/21/2014,600.0,630.0,585.0,600.0,0.0,27210.0,238.6,183.0
CZBIL,7/22/2014,600.0,605.0,573.0,590.0,-1.67,19892.0,238.6,183.0
CZBIL,7/23/2014,590.0,626.0,595.0,604.0,2.37,60057.0,238.6,183.0
CZBIL,7/24/2014,604.0,615.0,599.0,615.0,1.82,73493.0,238.6,183.0
CZBIL,7/27/2014,615.0,618.0,603.0,608.0,-1.14,24276.0,238.6,183.0
CZBIL,7/28/2014,608.0,609.0,590.0,607.0,-0.16,30818.0,238.6,183.0
CZBIL,7/30/2014,607.0,615.0,593.0,596.0,-1.81,23822.0,238.6,183.0
CZBIL,7/31/2014,596.0,605.0,585.0,605.0,1.51,23854.0,238.6,183.0
CZBIL,8/3/2014,605.0,603.0,590.0,591.0,-2.31,17058.0,238.6,183.0
CZBIL,8/4/2014,591.0,597.0,584.0,585.0,-1.02,23104.0,238.6,183.0
CZBIL,8/5/2014,585.0,610.0,576.0,592.0,1.2,53181.0,238.6,183.0
CZBIL,8/6/2014,592.0,600.0,581.0,585.0,-1.18,20259.0,238.6,183.0
CZBIL,8/7/2014,585.0,590.0,570.0,590.0,0.85,22345.0,238.6,183.0
CZBIL,8/12/2014,590.0,590.0,569.0,570.0,-3.39,9194.0,238.6,183.0
CZBIL,8/13/2014,570.0,590.0,559.0,575.0,0.88,20014.0,238.6,183.0
CZBIL,8/14/2014,575.0,589.0,565.0,576.0,0.17,19830.0,238.6,183.0
CZBIL,8/18/2014,576.0,577.0,560.0,570.0,-1.04,18546.0,238.6,183.0
CZBIL,8/19/2014,570.0,579.0,565.0,575.0,0.88,15435.0,238.6,183.0
CZBIL,8/20/2014,575.0,575.0,561.0,568.0,-1.22,46108.0,238.6,183.0
CZBIL,8/21/2014,568.0,573.0,538.0,569.0,0.18,16683.0,238.6,183.0
CZBIL,8/24/2014,569.0,576.0,555.0,560.0,-1.58,11571.0,238.6,183.0
CZBIL,8/25/2014,560.0,552.0,530.0,543.0,-3.04,20875.0,238.6,183.0
CZBIL,8/26/2014,543.0,572.0,513.0,527.0,-2.95,20830.0,238.6,183.0
CZBIL,8/27/2014,527.0,564.0,537.0,555.0,5.31,12307.0,238.6,183.0
CZBIL,8/28/2014,555.0,570.0,546.0,551.0,-0.72,32368.0,238.6,183.0
CZBIL,8/31/2014,551.0,555.0,525.0,530.0,-3.81,7586.0,238.6,183.0
CZBIL,9/1/2014,530.0,531.0,500.0,530.0,0.0,7842.0,238.6,183.0
CZBIL,9/3/2014,530.0,530.0,515.0,521.0,-1.7,10268.0,238.6,183.0
CZBIL,9/4/2014,521.0,520.0,498.0,513.0,-1.54,17809.0,238.6,183.0
CZBIL,9/7/2014,513.0,533.0,474.0,474.0,-7.6,18758.0,238.6,183.0
CZBIL,9/9/2014,474.0,521.0,483.0,521.0,9.92,34343.0,238.6,183.0
CZBIL,9/10/2014,521.0,534.0,496.0,500.0,-4.03,23171.0,238.6,183.0
CZBIL,9/11/2014,500.0,514.0,494.0,506.0,1.2,70575.0,238.6,183.0
CZBIL,9/14/2014,448.0,455.0,446.0,452.0,-10.67,1507.0,238.6,183.0
CZBIL,9/15/2014,452.0,451.0,443.0,445.0,-1.55,585.0,238.6,183.0
CZBIL,9/16/2014,445.0,455.0,440.0,454.0,2.02,3943.0,238.6,183.0
CZBIL,9/17/2014,454.0,463.0,448.0,450.0,-0.88,17271.0,238.6,183.0
CZBIL,9/18/2014,450.0,447.0,419.0,447.0,-0.67,3236.0,238.6,183.0
CZBIL,9/21/2014,447.0,439.0,430.0,433.0,-3.13,1111.0,238.6,183.0
CZBIL,9/22/2014,433.0,435.0,420.0,426.0,-1.62,2315.0,238.6,183.0
CZBIL,9/23/2014,426.0,450.0,434.0,446.0,4.69,2637.0,238.6,183.0
CZBIL,9/24/2014,446.0,444.0,436.0,440.0,-1.35,1926.0,238.6,183.0
CZBIL,9/28/2014,440.0,461.0,445.0,450.0,2.27,851.0,238.6,183.0
CZBIL,9/29/2014,450.0,462.0,441.0,462.0,2.67,46239.0,238.6,183.0
CZBIL,9/30/2014,462.0,470.0,454.0,455.0,-1.52,4181.0,238.6,183.0
CZBIL,10/8/2014,455.0,450.0,446.0,450.0,-1.1,2581.0,238.6,183.0
CZBIL,10/9/2014,450.0,450.0,450.0,450.0,0.0,3344.0,238.6,183.0
CZBIL,10/12/2014,450.0,457.0,447.0,450.0,0.0,4241.0,238.6,183.0
CZBIL,10/13/2014,450.0,448.0,437.0,447.0,-0.67,1501.0,238.6,183.0
CZBIL,10/14/2014,447.0,452.0,440.0,448.0,0.22,1424.0,238.6,183.0
CZBIL,10/15/2014,448.0,456.0,446.0,454.0,1.34,7342.0,238.6,183.0
CZBIL,10/16/2014,454.0,455.0,448.0,453.0,-0.22,2988.0,238.6,183.0
CZBIL,10/19/2014,453.0,460.0,451.0,455.0,0.44,6387.0,238.6,183.0
CZBIL,10/20/2014,455.0,459.0,450.0,451.0,-0.88,1126.0,238.6,183.0
CZBIL,10/21/2014,451.0,454.0,445.0,453.0,0.44,2080.0,238.6,183.0
CZBIL,10/22/2014,453.0,452.0,440.0,452.0,-0.22,831.0,238.6,183.0
CZBIL,10/26/2014,452.0,461.0,452.0,452.0,0.0,117.0,238.6,183.0
CZBIL,10/27/2014,452.0,443.0,436.0,440.0,-2.65,3646.0,238.6,183.0
CZBIL,10/28/2014,440.0,449.0,435.0,440.0,0.0,1855.0,238.6,183.0
CZBIL,10/30/2014,440.0,433.0,432.0,432.0,-1.82,730.0,238.6,183.0
CZBIL,11/2/2014,432.0,434.0,426.0,430.0,-0.46,3240.0,238.6,183.0
CZBIL,11/3/2014,430.0,430.0,424.0,426.0,-0.93,2286.0,238.6,183.0
CZBIL,11/4/2014,426.0,427.0,418.0,427.0,0.23,7120.0,238.6,183.0
CZBIL,11/5/2014,427.0,440.0,425.0,432.0,1.17,2237.0,238.6,183.0
CZBIL,11/6/2014,432.0,435.0,428.0,434.0,0.46,2273.0,238.6,183.0
CZBIL,11/9/2014,434.0,433.0,418.0,420.0,-3.23,3139.0,238.6,183.0
CZBIL,11/10/2014,420.0,420.0,406.0,411.0,-2.14,5318.0,238.6,183.0
CZBIL,11/11/2014,411.0,427.0,399.0,427.0,3.89,4949.0,238.6,183.0
CZBIL,11/12/2014,427.0,429.0,415.0,415.0,-2.81,2806.0,238.6,183.0
CZBIL,11/13/2014,415.0,423.0,407.0,414.0,-0.24,2194.0,238.6,183.0
CZBIL,11/16/2014,414.0,406.0,400.0,400.0,-3.38,1532.0,238.6,183.0
CZBIL,11/17/2014,400.0,405.0,390.0,390.0,-2.5,7263.0,238.6,183.0
CZBIL,11/18/2014,390.0,400.0,376.0,394.0,1.03,8592.0,238.6,183.0
CZBIL,11/19/2014,394.0,400.0,395.0,396.0,0.51,2887.0,238.6,183.0
CZBIL,11/20/2014,396.0,415.0,396.0,415.0,4.8,4281.0,238.6,183.0
CZBIL,11/23/2014,415.0,420.0,400.0,406.0,-2.17,4471.0,238.6,183.0
CZBIL,11/24/2014,406.0,405.0,398.0,405.0,-0.25,2403.0,238.6,183.0
CZBIL,11/25/2014,405.0,401.0,395.0,401.0,-0.99,2551.0,238.6,183.0
CZBIL,11/30/2014,401.0,393.0,390.0,390.0,-2.74,2993.0,238.6,183.0
CZBIL,12/1/2014,390.0,391.0,389.0,389.0,-0.26,3352.0,238.6,183.0
CZBIL,12/2/2014,389.0,385.0,376.0,382.0,-1.8,1814.0,238.6,183.0
CZBIL,12/3/2014,382.0,410.0,388.0,395.0,3.4,2190.0,238.6,183.0
CZBIL,12/4/2014,395.0,400.0,390.0,396.0,0.25,1822.0,238.6,183.0
CZBIL,12/7/2014,396.0,400.0,389.0,389.0,-1.77,3665.0,238.6,183.0
CZBIL,12/8/2014,389.0,390.0,382.0,390.0,0.26,2943.0,238.6,183.0
CZBIL,12/9/2014,390.0,401.0,390.0,391.0,0.26,1281.0,238.6,183.0
CZBIL,12/10/2014,391.0,403.0,390.0,395.0,1.02,2197.0,238.6,183.0
CZBIL,12/11/2014,395.0,408.0,395.0,402.0,1.77,1289.0,238.6,183.0
CZBIL,12/14/2014,402.0,430.0,408.0,430.0,6.97,4461.0,238.6,183.0
CZBIL,12/15/2014,430.0,446.0,410.0,428.0,-0.47,5996.0,238.6,183.0
CZBIL,12/16/2014,428.0,425.0,412.0,421.0,-1.64,575.0,238.6,183.0
CZBIL,12/17/2014,421.0,419.0,415.0,419.0,-0.48,652.0,238.6,183.0
CZBIL,12/18/2014,419.0,418.0,403.0,418.0,-0.24,1637.0,238.6,183.0
CZBIL,12/21/2014,418.0,420.0,410.0,410.0,-1.91,2387.0,238.6,183.0
CZBIL,12/22/2014,410.0,413.0,402.0,409.0,-0.24,5599.0,238.6,183.0
CZBIL,12/23/2014,409.0,408.0,393.0,408.0,-0.24,2073.0,238.6,183.0
CZBIL,12/24/2014,408.0,410.0,400.0,410.0,0.49,5081.0,238.6,183.0
CZBIL,12/28/2014,410.0,430.0,410.0,420.0,2.44,4560.0,238.6,183.0
CZBIL,12/29/2014,420.0,426.0,410.0,420.0,0.0,8557.0,238.6,183.0
CZBIL,12/31/2014,420.0,423.0,412.0,419.0,-0.24,7740.0,238.6,183.0
CZBIL,1/1/2015,419.0,426.0,412.0,426.0,1.67,10256.0,238.6,183.0
CZBIL,1/4/2015,426.0,436.0,430.0,433.0,1.64,13129.0,238.6,183.0
CZBIL,1/5/2015,433.0,440.0,425.0,428.0,-1.15,4085.0,238.6,183.0
CZBIL,1/6/2015,428.0,431.0,412.0,430.0,0.47,2634.0,238.6,183.0
CZBIL,1/7/2015,430.0,439.0,422.0,430.0,0.0,3714.0,238.6,183.0
CZBIL,1/8/2015,430.0,441.0,425.0,434.0,0.93,7729.0,238.6,183.0
CZBIL,1/11/2015,434.0,436.0,427.0,433.0,-0.23,4889.0,238.6,183.0
CZBIL,1/12/2015,433.0,432.0,417.0,427.0,-1.39,3331.0,238.6,183.0
CZBIL,1/13/2015,427.0,434.0,420.0,429.0,0.47,1758.0,238.6,183.0
CZBIL,1/14/2015,429.0,435.0,426.0,431.0,0.47,3289.0,238.6,183.0
CZBIL,1/18/2015,431.0,460.0,435.0,455.0,5.57,26562.0,238.6,183.0
CZBIL,1/19/2015,455.0,500.0,462.0,470.0,3.3,23500.0,238.6,183.0
CZBIL,1/20/2015,470.0,479.0,445.0,461.0,-1.91,12461.0,238.6,183.0
CZBIL,1/22/2015,461.0,466.0,446.0,456.0,-1.08,7709.0,238.6,183.0
CZBIL,1/25/2015,456.0,475.0,456.0,470.0,3.07,12541.0,238.6,183.0
CZBIL,1/26/2015,470.0,474.0,460.0,461.0,-1.91,8267.0,238.6,183.0
CZBIL,1/27/2015,461.0,467.0,458.0,466.0,1.08,2943.0,238.6,183.0
CZBIL,1/28/2015,466.0,485.0,470.0,484.0,3.86,6825.0,238.6,183.0
CZBIL,1/29/2015,484.0,484.0,472.0,478.0,-1.24,11724.0,238.6,183.0
CZBIL,2/1/2015,478.0,487.0,470.0,487.0,1.88,15644.0,238.6,183.0
CZBIL,2/2/2015,487.0,493.0,481.0,490.0,0.62,16417.0,238.6,183.0
CZBIL,2/3/2015,490.0,484.0,478.0,480.0,-2.04,11376.0,238.6,183.0
CZBIL,2/4/2015,480.0,482.0,470.0,482.0,0.42,7484.0,238.6,183.0
CZBIL,2/5/2015,482.0,473.0,455.0,465.0,-3.53,7284.0,238.6,183.0
CZBIL,2/8/2015,465.0,477.0,471.0,475.0,2.15,7581.0,238.6,183.0
CZBIL,2/9/2015,475.0,473.0,460.0,469.0,-1.26,3546.0,238.6,183.0
CZBIL,2/10/2015,469.0,465.0,460.0,463.0,-1.28,5228.0,238.6,183.0
CZBIL,2/11/2015,463.0,466.0,460.0,466.0,0.65,3329.0,238.6,183.0
CZBIL,2/12/2015,466.0,470.0,461.0,468.0,0.43,2586.0,238.6,183.0
CZBIL,2/15/2015,468.0,470.0,462.0,469.0,0.21,6219.0,238.6,183.0
CZBIL,2/16/2015,469.0,470.0,462.0,462.0,-1.49,12457.0,238.6,183.0
CZBIL,2/18/2015,462.0,465.0,461.0,464.0,0.43,3481.0,238.6,183.0
CZBIL,2/22/2015,464.0,460.0,450.0,453.0,-2.37,10290.0,238.6,183.0
CZBIL,2/23/2015,453.0,462.0,445.0,457.0,0.88,5715.0,238.6,183.0
CZBIL,2/24/2015,457.0,460.0,451.0,458.0,0.22,4706.0,238.6,183.0
CZBIL,2/25/2015,458.0,461.0,451.0,461.0,0.66,1253.0,238.6,183.0
CZBIL,2/26/2015,461.0,468.0,459.0,460.0,-0.22,8701.0,238.6,183.0
CZBIL,3/1/2015,460.0,462.0,451.0,458.0,-0.43,4085.0,238.6,183.0
CZBIL,3/2/2015,458.0,473.0,460.0,470.0,2.62,11945.0,238.6,183.0
CZBIL,3/3/2015,470.0,469.0,462.0,462.0,-1.7,3082.0,238.6,183.0
CZBIL,3/4/2015,462.0,482.0,462.0,477.0,3.25,5160.0,238.6,183.0
CZBIL,3/9/2015,477.0,490.0,460.0,475.0,-0.42,16342.0,238.6,183.0
CZBIL,3/10/2015,475.0,475.0,473.0,474.0,-0.21,2380.0,238.6,183.0
CZBIL,3/11/2015,474.0,479.0,466.0,469.0,-1.05,2754.0,238.6,183.0
CZBIL,3/12/2015,469.0,472.0,468.0,468.0,-0.21,1902.0,238.6,183.0
CZBIL,3/15/2015,468.0,464.0,453.0,462.0,-1.28,1670.0,238.6,183.0
CZBIL,3/16/2015,462.0,460.0,450.0,450.0,-2.6,6796.0,238.6,183.0
CZBIL,3/17/2015,450.0,462.0,444.0,462.0,2.67,5732.0,238.6,183.0
CZBIL,3/18/2015,462.0,459.0,455.0,456.0,-1.3,2038.0,238.6,183.0
CZBIL,3/19/2015,456.0,461.0,452.0,457.0,0.22,6203.0,238.6,183.0
CZBIL,3/22/2015,457.0,459.0,450.0,459.0,0.44,8588.0,238.6,183.0
CZBIL,3/23/2015,459.0,459.0,450.0,452.0,-1.53,4481.0,238.6,183.0
CZBIL,3/24/2015,452.0,451.0,446.0,447.0,-1.11,2401.0,238.6,183.0
CZBIL,3/25/2015,447.0,451.0,445.0,446.0,-0.22,6345.0,238.6,183.0
CZBIL,3/26/2015,446.0,450.0,441.0,446.0,0.0,3624.0,238.6,183.0
CZBIL,3/29/2015,446.0,447.0,439.0,446.0,0.0,2492.0,238.6,183.0
CZBIL,3/30/2015,446.0,446.0,437.0,440.0,-1.35,3570.0,238.6,183.0
CZBIL,3/31/2015,440.0,451.0,426.0,451.0,2.5,2461.0,238.6,183.0
CZBIL,4/1/2015,451.0,454.0,438.0,438.0,-2.88,2176.0,238.6,183.0
CZBIL,4/2/2015,438.0,450.0,440.0,449.0,2.51,2717.0,238.6,183.0
CZBIL,4/5/2015,449.0,451.0,441.0,444.0,-1.11,2182.0,238.6,183.0
CZBIL,4/6/2015,444.0,444.0,436.0,439.0,-1.13,3100.0,238.6,183.0
CZBIL,4/7/2015,439.0,439.0,402.0,438.0,-0.23,714.0,238.6,183.0
CZBIL,4/8/2015,438.0,447.0,440.0,446.0,1.83,4300.0,238.6,183.0
CZBIL,4/9/2015,446.0,450.0,438.0,446.0,0.0,5040.0,238.6,183.0
CZBIL,4/12/2015,446.0,454.0,447.0,450.0,0.9,5291.0,238.6,183.0
CZBIL,4/13/2015,450.0,459.0,444.0,448.0,-0.44,2811.0,238.6,183.0
CZBIL,4/15/2015,448.0,453.0,440.0,452.0,0.89,3118.0,238.6,183.0
CZBIL,4/16/2015,452.0,455.0,445.0,452.0,0.0,5034.0,238.6,183.0
CZBIL,4/19/2015,452.0,450.0,440.0,440.0,-2.65,12657.0,238.6,183.0
CZBIL,4/20/2015,440.0,461.0,446.0,452.0,2.73,16033.0,238.6,183.0
CZBIL,4/21/2015,452.0,479.0,456.0,459.0,1.55,7331.0,238.6,183.0
CZBIL,4/22/2015,459.0,464.0,446.0,460.0,0.22,9721.0,238.6,183.0
CZBIL,4/23/2015,460.0,461.0,454.0,456.0,-0.87,4267.0,238.6,183.0
CZBIL,5/24/2015,456.0,447.0,447.0,447.0,-1.97,10.0,238.6,183.0
CZBIL,5/26/2015,447.0,439.0,403.0,403.0,-9.84,782.0,238.6,183.0
CZBIL,5/27/2015,403.0,395.0,365.0,365.0,-9.43,17012.0,238.6,183.0
CZBIL,5/28/2015,365.0,385.0,358.0,380.0,4.11,10642.0,238.6,183.0
CZBIL,5/31/2015,380.0,409.0,387.0,405.0,6.58,14663.0,238.6,183.0
CZBIL,6/1/2015,405.0,431.0,413.0,427.0,5.43,20037.0,238.6,183.0
CZBIL,6/2/2015,427.0,430.0,413.0,430.0,0.7,11269.0,238.6,183.0
CZBIL,6/3/2015,430.0,466.0,433.0,449.0,4.42,12682.0,238.6,183.0
CZBIL,6/4/2015,449.0,452.0,441.0,449.0,0.0,13053.0,238.6,183.0
CZBIL,6/7/2015,449.0,455.0,446.0,455.0,1.34,6356.0,238.6,183.0
CZBIL,6/8/2015,455.0,474.0,455.0,468.0,2.86,9824.0,238.6,183.0
CZBIL,6/9/2015,468.0,486.0,463.0,480.0,2.56,27122.0,238.6,183.0
CZBIL,6/10/2015,480.0,473.0,464.0,466.0,-2.92,9675.0,238.6,183.0
CZBIL,6/11/2015,466.0,466.0,450.0,453.0,-2.79,5364.0,238.6,183.0
CZBIL,6/14/2015,453.0,454.0,445.0,453.0,0.0,4762.0,238.6,183.0
CZBIL,6/15/2015,453.0,462.0,444.0,458.0,1.1,2850.0,238.6,183.0
CZBIL,6/16/2015,458.0,453.0,437.0,450.0,-1.75,11204.0,238.6,183.0
CZBIL,6/17/2015,450.0,455.0,446.0,450.0,0.0,7407.0,238.6,183.0
CZBIL,6/18/2015,450.0,451.0,444.0,444.0,-1.33,3984.0,238.6,183.0
CZBIL,6/21/2015,444.0,448.0,436.0,440.0,-0.9,16112.0,238.6,183.0
CZBIL,6/22/2015,440.0,451.0,433.0,451.0,2.5,2573.0,238.6,183.0
CZBIL,6/23/2015,451.0,452.0,444.0,450.0,-0.22,9740.0,238.6,183.0
CZBIL,6/24/2015,450.0,458.0,447.0,450.0,0.0,3194.0,238.6,183.0
CZBIL,6/25/2015,450.0,455.0,450.0,450.0,0.0,10217.0,238.6,183.0
CZBIL,6/28/2015,450.0,454.0,446.0,451.0,0.22,6210.0,238.6,183.0
CZBIL,6/29/2015,451.0,460.0,447.0,453.0,0.44,4245.0,238.6,183.0
CZBIL,6/30/2015,453.0,455.0,449.0,455.0,0.44,4164.0,238.6,183.0
CZBIL,7/1/2015,455.0,464.0,451.0,455.0,0.0,6478.0,238.6,183.0
CZBIL,7/2/2015,455.0,451.0,445.0,445.0,-2.2,2773.0,238.6,183.0
CZBIL,7/5/2015,445.0,447.0,444.0,446.0,0.22,6190.0,238.6,183.0
CZBIL,7/6/2015,446.0,449.0,441.0,449.0,0.67,3784.0,238.6,183.0
CZBIL,7/7/2015,449.0,455.0,441.0,448.0,-0.22,4828.0,238.6,183.0
CZBIL,7/8/2015,448.0,454.0,448.0,454.0,1.34,5049.0,238.6,183.0
CZBIL,7/9/2015,454.0,458.0,452.0,458.0,0.88,2371.0,238.6,183.0
CZBIL,7/12/2015,458.0,455.0,449.0,455.0,-0.66,5022.0,238.6,183.0
CZBIL,7/13/2015,455.0,464.0,458.0,460.0,1.1,8506.0,238.6,183.0
CZBIL,7/14/2015,460.0,465.0,458.0,463.0,0.65,5137.0,238.6,183.0
CZBIL,7/15/2015,463.0,465.0,460.0,465.0,0.43,2400.0,238.6,183.0
CZBIL,7/16/2015,465.0,489.0,461.0,489.0,5.16,14831.0,238.6,183.0
CZBIL,7/22/2015,489.0,510.0,490.0,497.0,1.64,42300.0,238.6,183.0
CZBIL,7/23/2015,497.0,530.0,498.0,530.0,6.64,40563.0,238.6,183.0
CZBIL,7/26/2015,530.0,583.0,540.0,583.0,10.0,8229.0,238.6,183.0
CZBIL,7/27/2015,583.0,616.0,532.0,541.0,-7.2,69263.0,238.6,183.0
CZBIL,7/28/2015,541.0,549.0,515.0,535.0,-1.11,40058.0,238.6,183.0
CZBIL,7/29/2015,535.0,540.0,526.0,535.0,0.0,21519.0,238.6,183.0
CZBIL,7/30/2015,535.0,546.0,530.0,540.0,0.93,26862.0,238.6,183.0
CZBIL,8/2/2015,540.0,566.0,545.0,564.0,4.44,38591.0,238.6,183.0
CZBIL,8/3/2015,564.0,560.0,548.0,559.0,-0.89,35048.0,238.6,183.0
CZBIL,8/4/2015,559.0,557.0,545.0,556.0,-0.54,28734.0,238.6,183.0
CZBIL,8/5/2015,556.0,560.0,550.0,557.0,0.18,23002.0,238.6,183.0
CZBIL,8/6/2015,557.0,568.0,550.0,560.0,0.54,18546.0,238.6,183.0
CZBIL,8/9/2015,560.0,593.0,560.0,572.0,2.14,21153.0,238.6,183.0
CZBIL,8/10/2015,572.0,575.0,560.0,570.0,-0.35,31413.0,238.6,183.0
CZBIL,8/11/2015,570.0,573.0,550.0,553.0,-2.98,15774.0,238.6,183.0
CZBIL,8/12/2015,553.0,558.0,545.0,551.0,-0.36,13539.0,238.6,183.0
CZBIL,8/13/2015,551.0,560.0,540.0,552.0,0.18,48597.0,238.6,183.0
CZBIL,8/16/2015,552.0,565.0,529.0,565.0,2.36,47457.0,238.6,183.0
CZBIL,8/17/2015,565.0,621.0,575.0,621.0,9.91,94171.0,238.6,183.0
CZBIL,8/18/2015,621.0,675.0,610.0,665.0,7.09,49409.0,238.6,183.0
CZBIL,8/19/2015,665.0,731.0,678.0,731.0,9.92,47352.0,238.6,183.0
CZBIL,8/20/2015,731.0,799.0,726.0,726.0,-0.68,47959.0,238.6,183.0
CZBIL,8/23/2015,726.0,740.0,677.0,714.0,-1.65,29454.0,238.6,183.0
CZBIL,8/24/2015,714.0,716.0,692.0,697.0,-2.38,25365.0,238.6,183.0
CZBIL,8/25/2015,697.0,713.0,671.0,710.0,1.87,20153.0,238.6,183.0
CZBIL,8/26/2015,710.0,710.0,690.0,696.0,-1.97,18866.0,238.6,183.0
CZBIL,8/27/2015,696.0,720.0,695.0,699.0,0.43,26432.0,238.6,183.0
CZBIL,8/31/2015,699.0,705.0,691.0,695.0,-0.57,21491.0,238.6,183.0
CZBIL,9/1/2015,695.0,704.0,691.0,695.0,0.0,13462.0,238.6,183.0
CZBIL,9/2/2015,695.0,705.0,681.0,703.0,1.15,35178.0,238.6,183.0
CZBIL,9/3/2015,703.0,717.0,687.0,692.0,-1.56,36413.0,238.6,183.0
CZBIL,9/6/2015,692.0,697.0,666.0,688.0,-0.58,22054.0,238.6,183.0
CZBIL,9/7/2015,688.0,700.0,685.0,686.0,-0.29,2526.0,238.6,183.0
CZBIL,9/8/2015,686.0,698.0,685.0,686.0,0.0,12628.0,238.6,183.0
CZBIL,9/9/2015,686.0,694.0,678.0,680.0,-0.87,19969.0,238.6,183.0
CZBIL,9/10/2015,680.0,689.0,668.0,669.0,-1.62,13500.0,238.6,183.0
CZBIL,9/13/2015,669.0,685.0,672.0,685.0,2.39,18234.0,238.6,183.0
CZBIL,9/14/2015,685.0,694.0,685.0,690.0,0.73,17495.0,238.6,183.0
CZBIL,9/15/2015,690.0,703.0,684.0,694.0,0.58,14659.0,238.6,183.0
CZBIL,9/16/2015,694.0,700.0,680.0,690.0,-0.58,10107.0,238.6,183.0
CZBIL,9/17/2015,690.0,700.0,670.0,673.0,-2.46,21330.0,238.6,183.0
CZBIL,9/22/2015,673.0,686.0,650.0,650.0,-3.42,23557.0,238.6,183.0
CZBIL,9/23/2015,650.0,711.0,663.0,710.0,9.23,104737.0,238.6,183.0
CZBIL,9/24/2015,710.0,724.0,690.0,701.0,-1.27,141288.0,238.6,183.0
CZBIL,9/28/2015,584.0,574.0,551.0,569.0,-18.83,8235.0,238.6,183.0
CZBIL,9/29/2015,569.0,575.0,560.0,563.0,-1.05,2838.0,238.6,183.0
CZBIL,9/30/2015,563.0,573.0,550.0,554.0,-1.6,5842.0,238.6,183.0
CZBIL,10/1/2015,554.0,563.0,555.0,560.0,1.08,5762.0,238.6,183.0
CZBIL,10/4/2015,560.0,564.0,554.0,558.0,-0.36,16399.0,238.6,183.0
CZBIL,10/5/2015,558.0,560.0,556.0,556.0,-0.36,5452.0,238.6,183.0
CZBIL,10/6/2015,556.0,550.0,540.0,550.0,-1.08,4965.0,238.6,183.0
CZBIL,10/7/2015,550.0,550.0,537.0,545.0,-0.91,8602.0,238.6,183.0
CZBIL,10/8/2015,545.0,550.0,539.0,542.0,-0.55,7713.0,238.6,183.0
CZBIL,10/11/2015,542.0,538.0,522.0,530.0,-2.21,9272.0,238.6,183.0
CZBIL,10/14/2015,530.0,572.0,540.0,544.0,2.64,57698.0,238.6,183.0
CZBIL,10/15/2015,544.0,555.0,540.0,547.0,0.55,19512.0,238.6,183.0
CZBIL,10/18/2015,547.0,558.0,550.0,550.0,0.55,26078.0,238.6,183.0
CZBIL,10/19/2015,550.0,555.0,549.0,553.0,0.55,36831.0,238.6,183.0
CZBIL,10/25/2015,553.0,550.0,546.0,550.0,-0.54,780.0,238.6,183.0
CZBIL,10/27/2015,550.0,545.0,523.0,525.0,-4.55,7754.0,238.6,183.0
CZBIL,10/28/2015,525.0,528.0,500.0,518.0,-1.33,10009.0,238.6,183.0
CZBIL,10/29/2015,518.0,535.0,519.0,525.0,1.35,17028.0,238.6,183.0
CZBIL,11/1/2015,525.0,525.0,515.0,521.0,-0.76,7581.0,238.6,183.0
CZBIL,11/2/2015,521.0,525.0,515.0,523.0,0.38,11028.0,238.6,183.0
CZBIL,11/3/2015,523.0,521.0,513.0,515.0,-1.53,12070.0,238.6,183.0
CZBIL,11/4/2015,515.0,520.0,515.0,518.0,0.58,10457.0,238.6,183.0
CZBIL,11/5/2015,518.0,530.0,515.0,520.0,0.39,7390.0,238.6,183.0
CZBIL,11/8/2015,520.0,530.0,520.0,530.0,1.92,6958.0,238.6,183.0
CZBIL,11/9/2015,530.0,550.0,520.0,541.0,2.08,42618.0,238.6,183.0
CZBIL,11/10/2015,541.0,544.0,531.0,541.0,0.0,14316.0,238.6,183.0
CZBIL,11/15/2015,541.0,541.0,535.0,539.0,-0.37,6289.0,238.6,183.0
CZBIL,11/16/2015,539.0,538.0,531.0,536.0,-0.56,3654.0,238.6,183.0
CZBIL,11/18/2015,536.0,551.0,539.0,549.0,2.43,40862.0,238.6,183.0
CZBIL,11/19/2015,549.0,548.0,536.0,548.0,-0.18,11012.0,238.6,183.0
CZBIL,11/22/2015,548.0,545.0,531.0,534.0,-2.55,15266.0,238.6,183.0
CZBIL,11/23/2015,534.0,544.0,520.0,540.0,1.12,9076.0,238.6,183.0
CZBIL,11/24/2015,540.0,550.0,535.0,540.0,0.0,15817.0,238.6,183.0
CZBIL,11/25/2015,540.0,540.0,521.0,535.0,-0.93,9282.0,238.6,183.0
CZBIL,11/26/2015,535.0,535.0,520.0,525.0,-1.87,13772.0,238.6,183.0
CZBIL,11/29/2015,525.0,518.0,510.0,513.0,-2.29,18286.0,238.6,183.0
CZBIL,11/30/2015,513.0,535.0,513.0,524.0,2.14,12945.0,238.6,183.0
CZBIL,12/1/2015,524.0,542.0,534.0,542.0,3.44,8954.0,238.6,183.0
CZBIL,12/2/2015,542.0,545.0,523.0,533.0,-1.66,10209.0,238.6,183.0
CZBIL,12/3/2015,533.0,560.0,535.0,540.0,1.31,9986.0,238.6,183.0
CZBIL,12/6/2015,540.0,570.0,550.0,567.0,5.0,29359.0,238.6,183.0
CZBIL,12/7/2015,567.0,586.0,569.0,576.0,1.59,26508.0,238.6,183.0
CZBIL,12/8/2015,576.0,579.0,573.0,579.0,0.52,13001.0,238.6,183.0
CZBIL,12/9/2015,579.0,593.0,580.0,588.0,1.55,16609.0,238.6,183.0
CZBIL,12/10/2015,588.0,590.0,577.0,585.0,-0.51,8913.0,238.6,183.0
CZBIL,12/13/2015,585.0,591.0,576.0,580.0,-0.85,13476.0,238.6,183.0
CZBIL,12/14/2015,580.0,582.0,571.0,580.0,0.0,8989.0,238.6,183.0
CZBIL,12/15/2015,580.0,580.0,575.0,577.0,-0.52,5580.0,238.6,183.0
CZBIL,12/16/2015,577.0,570.0,560.0,560.0,-2.95,5717.0,238.6,183.0
CZBIL,12/17/2015,560.0,561.0,550.0,560.0,0.0,5175.0,238.6,183.0
CZBIL,12/20/2015,560.0,570.0,565.0,568.0,1.43,2424.0,238.6,183.0
CZBIL,12/21/2015,568.0,584.0,570.0,575.0,1.23,4526.0,238.6,183.0
CZBIL,12/22/2015,575.0,588.0,575.0,580.0,0.87,12603.0,238.6,183.0
CZBIL,12/23/2015,580.0,579.0,573.0,577.0,-0.52,6448.0,238.6,183.0
CZBIL,12/24/2015,577.0,575.0,568.0,570.0,-1.21,3382.0,238.6,183.0
CZBIL,12/27/2015,570.0,575.0,569.0,570.0,0.0,4772.0,238.6,183.0
CZBIL,12/28/2015,570.0,571.0,563.0,563.0,-1.23,3946.0,238.6,183.0
CZBIL,12/29/2015,563.0,570.0,562.0,570.0,1.24,4837.0,238.6,183.0
CZBIL,12/31/2015,570.0,576.0,562.0,568.0,-0.35,15326.0,238.6,183.0
CZBIL,1/3/2016,568.0,572.0,563.0,568.0,0.0,8166.0,238.6,183.0
CZBIL,1/4/2016,568.0,567.0,553.0,563.0,-0.88,5521.0,238.6,183.0
CZBIL,1/5/2016,563.0,586.0,574.0,577.0,2.49,20148.0,238.6,183.0
CZBIL,1/6/2016,577.0,599.0,580.0,586.0,1.56,35033.0,238.6,183.0
CZBIL,1/7/2016,586.0,601.0,594.0,595.0,1.54,27081.0,238.6,183.0
CZBIL,1/10/2016,595.0,600.0,590.0,593.0,-0.34,15540.0,238.6,183.0
CZBIL,1/11/2016,593.0,597.0,590.0,591.0,-0.34,9996.0,238.6,183.0
CZBIL,1/12/2016,591.0,594.0,586.0,590.0,-0.17,10216.0,238.6,183.0
CZBIL,1/13/2016,590.0,595.0,587.0,588.0,-0.34,4624.0,238.6,183.0
CZBIL,1/14/2016,588.0,598.0,591.0,597.0,1.53,16131.0,238.6,183.0
CZBIL,1/17/2016,597.0,620.0,597.0,605.0,1.34,36080.0,238.6,183.0
CZBIL,1/18/2016,605.0,616.0,605.0,613.0,1.32,43293.0,238.6,183.0
CZBIL,1/19/2016,613.0,606.0,598.0,605.0,-1.31,7788.0,238.6,183.0
CZBIL,1/20/2016,605.0,615.0,608.0,614.0,1.49,18605.0,238.6,183.0
CZBIL,1/21/2016,614.0,617.0,611.0,611.0,-0.49,26946.0,238.6,183.0
CZBIL,1/24/2016,611.0,615.0,611.0,612.0,0.16,16034.0,238.6,183.0
CZBIL,1/25/2016,612.0,630.0,617.0,620.0,1.31,18186.0,238.6,183.0
CZBIL,1/26/2016,620.0,625.0,616.0,617.0,-0.48,13417.0,238.6,183.0
CZBIL,1/27/2016,617.0,626.0,615.0,620.0,0.49,9601.0,238.6,183.0
CZBIL,1/28/2016,620.0,625.0,615.0,615.0,-0.81,10131.0,238.6,183.0
CZBIL,1/31/2016,615.0,624.0,615.0,624.0,1.46,12505.0,238.6,183.0
CZBIL,2/1/2016,624.0,635.0,625.0,635.0,1.76,11953.0,238.6,183.0
CZBIL,2/2/2016,635.0,647.0,636.0,638.0,0.47,15288.0,238.6,183.0
CZBIL,2/3/2016,638.0,640.0,626.0,634.0,-0.63,9270.0,238.6,183.0
CZBIL,2/4/2016,634.0,639.0,634.0,635.0,0.16,18771.0,238.6,183.0
CZBIL,2/7/2016,635.0,647.0,630.0,633.0,-0.31,11972.0,238.6,183.0
CZBIL,2/8/2016,633.0,639.0,632.0,634.0,0.16,10988.0,238.6,183.0
CZBIL,2/11/2016,634.0,638.0,626.0,631.0,-0.47,7289.0,238.6,183.0
CZBIL,2/14/2016,631.0,630.0,611.0,620.0,-1.74,14201.0,238.6,183.0
CZBIL,2/15/2016,620.0,620.0,611.0,619.0,-0.16,11106.0,238.6,183.0
CZBIL,2/16/2016,619.0,625.0,617.0,620.0,0.16,16892.0,238.6,183.0
CZBIL,2/17/2016,620.0,627.0,615.0,623.0,0.48,13742.0,238.6,183.0
CZBIL,2/18/2016,623.0,633.0,623.0,628.0,0.8,20221.0,238.6,183.0
CZBIL,2/21/2016,628.0,645.0,630.0,631.0,0.48,26296.0,238.6,183.0
CZBIL,2/22/2016,631.0,640.0,635.0,636.0,0.79,19646.0,238.6,183.0
CZBIL,2/23/2016,636.0,645.0,628.0,628.0,-1.26,18094.0,238.6,183.0
CZBIL,2/24/2016,628.0,640.0,627.0,630.0,0.32,8918.0,238.6,183.0
CZBIL,2/25/2016,630.0,635.0,620.0,631.0,0.16,11918.0,238.6,183.0
CZBIL,2/28/2016,631.0,639.0,630.0,638.0,1.11,24920.0,238.6,183.0
CZBIL,2/29/2016,638.0,637.0,628.0,632.0,-0.94,23691.0,238.6,183.0
CZBIL,3/1/2016,632.0,645.0,632.0,642.0,1.58,27281.0,238.6,183.0
CZBIL,3/2/2016,642.0,652.0,644.0,648.0,0.93,26073.0,238.6,183.0
CZBIL,3/3/2016,648.0,670.0,645.0,668.0,3.09,26414.0,238.6,183.0
CZBIL,3/6/2016,668.0,698.0,665.0,685.0,2.54,26128.0,238.6,183.0
CZBIL,3/10/2016,685.0,699.0,676.0,684.0,-0.15,12167.0,238.6,183.0
CZBIL,3/13/2016,684.0,693.0,674.0,683.0,-0.15,15264.0,238.6,183.0
CZBIL,3/14/2016,683.0,689.0,675.0,678.0,-0.73,14802.0,238.6,183.0
CZBIL,3/15/2016,678.0,675.0,665.0,675.0,-0.44,4817.0,238.6,183.0
CZBIL,3/16/2016,675.0,676.0,667.0,676.0,0.15,15469.0,238.6,183.0
CZBIL,3/17/2016,676.0,685.0,676.0,685.0,1.33,21843.0,238.6,183.0
CZBIL,3/20/2016,685.0,704.0,681.0,700.0,2.19,42476.0,238.6,183.0
CZBIL,3/21/2016,700.0,702.0,693.0,701.0,0.14,59483.0,238.6,183.0
CZBIL,3/23/2016,701.0,717.0,697.0,717.0,2.28,72796.0,238.6,183.0
CZBIL,3/24/2016,717.0,730.0,712.0,725.0,1.12,42399.0,238.6,183.0
CZBIL,3/27/2016,725.0,760.0,727.0,740.0,2.07,96909.0,238.6,183.0
CZBIL,3/28/2016,740.0,740.0,718.0,731.0,-1.22,61701.0,238.6,183.0
CZBIL,3/29/2016,731.0,736.0,718.0,725.0,-0.82,36082.0,238.6,183.0
CZBIL,3/30/2016,725.0,733.0,723.0,725.0,0.0,28979.0,238.6,183.0
CZBIL,3/31/2016,725.0,729.0,716.0,716.0,-1.24,33174.0,238.6,183.0
CZBIL,4/3/2016,716.0,715.0,703.0,711.0,-0.7,33191.0,238.6,183.0
CZBIL,4/4/2016,711.0,725.0,714.0,722.0,1.55,87704.0,238.6,183.0
CZBIL,4/5/2016,722.0,735.0,724.0,731.0,1.25,37344.0,238.6,183.0
CZBIL,4/6/2016,731.0,735.0,723.0,730.0,-0.14,23865.0,238.6,183.0
CZBIL,4/10/2016,730.0,731.0,723.0,725.0,-0.68,16583.0,238.6,183.0
CZBIL,4/11/2016,725.0,727.0,720.0,720.0,-0.69,41683.0,238.6,183.0
CZBIL,4/12/2016,720.0,730.0,720.0,725.0,0.69,23272.0,238.6,183.0
CZBIL,4/14/2016,725.0,730.0,723.0,729.0,0.55,41452.0,238.6,183.0
CZBIL,4/17/2016,729.0,743.0,730.0,738.0,1.23,38355.0,238.6,183.0
CZBIL,4/18/2016,738.0,746.0,739.0,744.0,0.81,43903.0,238.6,183.0
CZBIL,4/19/2016,744.0,780.0,751.0,775.0,4.17,106725.0,238.6,183.0
CZBIL,4/20/2016,775.0,804.0,777.0,798.0,2.97,95303.0,238.6,183.0
CZBIL,4/21/2016,798.0,801.0,785.0,790.0,-1.0,50787.0,238.6,183.0
CZBIL,4/24/2016,790.0,800.0,789.0,790.0,0.0,36606.0,238.6,183.0
CZBIL,4/25/2016,790.0,800.0,785.0,790.0,0.0,35497.0,238.6,183.0
CZBIL,4/26/2016,790.0,798.0,786.0,787.0,-0.38,36348.0,238.6,183.0
CZBIL,4/27/2016,787.0,790.0,773.0,790.0,0.38,15009.0,238.6,183.0
CZBIL,4/28/2016,790.0,795.0,783.0,793.0,0.38,32638.0,238.6,183.0
CZBIL,5/2/2016,793.0,794.0,786.0,789.0,-0.5,24976.0,238.6,183.0
CZBIL,5/3/2016,789.0,794.0,770.0,785.0,-0.51,34975.0,238.6,183.0
CZBIL,5/4/2016,785.0,793.0,781.0,792.0,0.89,41586.0,238.6,183.0
CZBIL,5/5/2016,792.0,790.0,778.0,785.0,-0.88,22579.0,238.6,183.0
CZBIL,5/8/2016,785.0,800.0,791.0,799.0,1.78,62744.0,238.6,183.0
CZBIL,5/9/2016,799.0,810.0,801.0,808.0,1.13,46061.0,238.6,183.0
CZBIL,5/10/2016,808.0,828.0,808.0,823.0,1.86,39604.0,238.6,183.0
CZBIL,5/11/2016,823.0,823.0,790.0,796.0,-3.28,66690.0,238.6,183.0
CZBIL,5/12/2016,796.0,810.0,792.0,801.0,0.63,36280.0,238.6,183.0
CZBIL,5/15/2016,801.0,798.0,793.0,795.0,-0.75,28049.0,238.6,183.0
CZBIL,5/16/2016,795.0,800.0,794.0,800.0,0.63,26928.0,238.6,183.0
CZBIL,5/17/2016,800.0,808.0,800.0,807.0,0.88,23274.0,238.6,183.0
CZBIL,5/18/2016,807.0,820.0,808.0,813.0,0.74,28761.0,238.6,183.0
CZBIL,5/19/2016,813.0,824.0,805.0,805.0,-0.98,31893.0,238.6,183.0
CZBIL,5/22/2016,805.0,810.0,804.0,806.0,0.12,25724.0,238.6,183.0
CZBIL,5/23/2016,806.0,819.0,804.0,819.0,1.61,34313.0,238.6,183.0
CZBIL,5/24/2016,819.0,835.0,813.0,830.0,1.34,46361.0,238.6,183.0
CZBIL,5/25/2016,830.0,835.0,801.0,812.0,-2.17,36702.0,238.6,183.0
CZBIL,5/26/2016,812.0,840.0,795.0,820.0,0.99,54472.0,238.6,183.0
CZBIL,5/29/2016,820.0,836.0,808.0,825.0,0.61,34318.0,238.6,183.0
CZBIL,5/30/2016,825.0,870.0,830.0,838.0,1.58,117380.0,238.6,183.0
CZBIL,5/31/2016,838.0,846.0,832.0,833.0,-0.6,104588.0,238.6,183.0
CZBIL,6/1/2016,833.0,835.0,818.0,819.0,-1.68,90305.0,238.6,183.0
CZBIL,6/2/2016,819.0,828.0,811.0,820.0,0.12,134230.0,238.6,183.0
CZBIL,6/5/2016,820.0,830.0,810.0,814.0,-0.73,256572.0,238.6,183.0
CZBIL,6/6/2016,561.0,595.0,572.0,590.0,-27.52,63778.0,238.6,183.0
CZBIL,6/7/2016,590.0,604.0,590.0,590.0,0.0,63364.0,238.6,183.0
CZBIL,6/8/2016,590.0,593.0,571.0,571.0,-3.22,32340.0,238.6,183.0
CZBIL,6/9/2016,571.0,578.0,563.0,569.0,-0.35,34152.0,238.6,183.0
CZBIL,6/12/2016,569.0,575.0,561.0,565.0,-0.7,33161.0,238.6,183.0
CZBIL,6/13/2016,565.0,587.0,566.0,582.0,3.01,26014.0,238.6,183.0
CZBIL,6/14/2016,582.0,590.0,575.0,576.0,-1.03,57713.0,238.6,183.0
CZBIL,6/15/2016,576.0,582.0,575.0,575.0,-0.17,21508.0,238.6,183.0
CZBIL,6/16/2016,575.0,587.0,560.0,570.0,-0.87,20291.0,238.6,183.0
CZBIL,6/19/2016,570.0,578.0,560.0,574.0,0.7,31372.0,238.6,183.0
CZBIL,6/20/2016,574.0,580.0,570.0,577.0,0.52,22228.0,238.6,183.0
CZBIL,6/21/2016,577.0,585.0,578.0,585.0,1.39,16259.0,238.6,183.0
CZBIL,6/22/2016,585.0,610.0,585.0,590.0,0.85,26079.0,238.6,183.0
CZBIL,6/23/2016,590.0,598.0,585.0,586.0,-0.68,22795.0,238.6,183.0
CZBIL,6/26/2016,586.0,600.0,588.0,600.0,2.39,28810.0,238.6,183.0
CZBIL,6/27/2016,600.0,650.0,605.0,647.0,7.83,47405.0,238.6,183.0
CZBIL,6/28/2016,647.0,686.0,652.0,672.0,3.86,60359.0,238.6,183.0
CZBIL,6/29/2016,672.0,685.0,671.0,672.0,0.0,39389.0,238.6,183.0
CZBIL,6/30/2016,672.0,675.0,652.0,669.0,-0.45,39799.0,238.6,183.0
CZBIL,7/3/2016,669.0,669.0,649.0,657.0,-1.79,16673.0,238.6,183.0
CZBIL,7/4/2016,657.0,657.0,640.0,645.0,-1.83,29344.0,238.6,183.0
CZBIL,7/5/2016,645.0,660.0,636.0,654.0,1.4,22718.0,238.6,183.0
CZBIL,7/6/2016,654.0,663.0,654.0,660.0,0.92,15886.0,238.6,183.0
CZBIL,7/10/2016,660.0,680.0,668.0,676.0,2.42,20794.0,238.6,183.0
CZBIL,7/11/2016,676.0,679.0,664.0,671.0,-0.74,17532.0,238.6,183.0
CZBIL,7/12/2016,671.0,676.0,618.0,666.0,-0.75,25344.0,238.6,183.0
CZBIL,7/13/2016,666.0,667.0,651.0,664.0,-0.3,23267.0,238.6,183.0
CZBIL,7/14/2016,664.0,685.0,664.0,680.0,2.41,36136.0,238.6,183.0
CZBIL,7/17/2016,680.0,708.0,690.0,708.0,4.12,56592.0,238.6,183.0
CZBIL,7/18/2016,708.0,758.0,720.0,745.0,5.23,39551.0,238.6,183.0
CZBIL,7/19/2016,745.0,761.0,743.0,749.0,0.54,43370.0,238.6,183.0
CZBIL,7/20/2016,749.0,770.0,727.0,731.0,-2.4,44779.0,238.6,183.0
CZBIL,7/21/2016,731.0,742.0,715.0,736.0,0.68,26741.0,238.6,183.0
CZBIL,7/25/2016,736.0,780.0,740.0,755.0,2.58,58643.0,238.6,183.0
CZBIL,7/26/2016,755.0,772.0,750.0,770.0,1.99,50559.0,238.6,183.0
CZBIL,7/27/2016,770.0,790.0,760.0,771.0,0.13,40799.0,238.6,183.0
CZBIL,7/28/2016,771.0,775.0,752.0,760.0,-1.43,41941.0,238.6,183.0
CZBIL,7/31/2016,760.0,763.0,747.0,755.0,-0.66,28513.0,238.6,183.0
CZBIL,8/1/2016,755.0,753.0,740.0,743.0,-1.59,28959.0,238.6,183.0
CZBIL,8/2/2016,743.0,740.0,721.0,733.0,-1.35,19076.0,238.6,183.0
CZBIL,8/3/2016,733.0,741.0,710.0,728.0,-0.68,31185.0,238.6,183.0
CZBIL,8/4/2016,728.0,728.0,690.0,713.0,-2.06,33607.0,238.6,183.0
CZBIL,8/7/2016,713.0,741.0,715.0,720.0,0.98,28173.0,238.6,183.0
CZBIL,8/8/2016,720.0,715.0,680.0,680.0,-5.56,23537.0,238.6,183.0
CZBIL,8/9/2016,680.0,721.0,693.0,721.0,6.03,858.0,238.6,183.0
CZBIL,8/10/2016,721.0,750.0,706.0,730.0,1.25,48512.0,238.6,183.0
CZBIL,8/11/2016,730.0,733.0,716.0,720.0,-1.37,21506.0,238.6,183.0
CZBIL,8/14/2016,720.0,722.0,700.0,708.0,-1.67,16863.0,238.6,183.0
CZBIL,8/15/2016,708.0,700.0,672.0,691.0,-2.4,35728.0,238.6,183.0
CZBIL,8/16/2016,691.0,725.0,682.0,705.0,2.03,25373.0,238.6,183.0
CZBIL,8/17/2016,705.0,717.0,707.0,714.0,1.28,18607.0,238.6,183.0
CZBIL,8/21/2016,714.0,720.0,700.0,703.0,-1.54,10283.0,238.6,183.0
CZBIL,8/22/2016,703.0,701.0,689.0,693.0,-1.42,11891.0,238.6,183.0
CZBIL,8/23/2016,693.0,715.0,683.0,685.0,-1.15,23218.0,238.6,183.0
CZBIL,8/24/2016,685.0,711.0,686.0,696.0,1.61,11542.0,238.6,183.0
CZBIL,8/28/2016,696.0,728.0,695.0,709.0,1.87,23030.0,238.6,183.0
CZBIL,8/29/2016,709.0,753.0,716.0,745.0,5.08,36147.0,238.6,183.0
CZBIL,8/30/2016,745.0,780.0,752.0,769.0,3.22,105594.0,238.6,183.0
CZBIL,8/31/2016,769.0,775.0,760.0,766.0,-0.39,34664.0,238.6,183.0
CZBIL,9/1/2016,766.0,773.0,760.0,763.0,-0.39,38591.0,238.6,183.0
CZBIL,9/3/2016,763.0,770.0,736.0,754.0,-1.18,50861.0,238.6,183.0
CZBIL,9/4/2016,763.0,770.0,736.0,754.0,0.0,50861.0,238.6,183.0
CZBIL,9/5/2016,754.0,750.0,735.0,737.0,-2.25,43596.0,238.6,183.0
CZBIL,9/6/2016,737.0,750.0,735.0,740.0,0.41,49975.0,238.6,183.0
CZBIL,9/7/2016,740.0,740.0,728.0,730.0,-1.35,23702.0,238.6,183.0
CZBIL,9/8/2016,730.0,735.0,713.0,725.0,-0.68,19551.0,238.6,183.0
CZBIL,9/11/2016,725.0,724.0,707.0,718.0,-0.97,18242.0,238.6,183.0
CZBIL,9/12/2016,718.0,748.0,725.0,748.0,4.18,63107.0,238.6,183.0
CZBIL,9/14/2016,748.0,760.0,750.0,754.0,0.8,44993.0,238.6,183.0
CZBIL,9/18/2016,754.0,751.0,728.0,729.0,-3.32,24892.0,238.6,183.0
CZBIL,9/20/2016,729.0,744.0,715.0,718.0,-1.51,22507.0,238.6,183.0
CZBIL,9/21/2016,718.0,732.0,704.0,711.0,-0.97,60254.0,238.6,183.0
CZBIL,9/22/2016,614.0,610.0,593.0,595.0,-16.32,20343.0,238.6,183.0
CZBIL,9/25/2016,595.0,595.0,566.0,575.0,-3.36,13267.0,238.6,183.0
CZBIL,9/26/2016,575.0,610.0,577.0,592.0,2.96,10975.0,238.6,183.0
CZBIL,9/27/2016,592.0,600.0,586.0,590.0,-0.34,8720.0,238.6,183.0
CZBIL,9/28/2016,590.0,600.0,580.0,585.0,-0.85,8034.0,238.6,183.0
CZBIL,9/29/2016,585.0,590.0,577.0,590.0,0.85,10241.0,238.6,183.0
CZBIL,10/2/2016,590.0,600.0,580.0,581.0,-1.53,11687.0,238.6,183.0
CZBIL,10/3/2016,581.0,600.0,589.0,598.0,2.93,13983.0,238.6,183.0
CZBIL,10/4/2016,598.0,599.0,574.0,594.0,-0.67,19325.0,238.6,183.0
CZBIL,10/5/2016,594.0,599.0,590.0,595.0,0.17,19128.0,238.6,183.0
CZBIL,10/6/2016,595.0,600.0,591.0,599.0,0.67,28469.0,238.6,183.0
CZBIL,10/16/2016,599.0,600.0,580.0,580.0,-3.17,10905.0,238.6,183.0
CZBIL,10/17/2016,580.0,586.0,577.0,581.0,0.17,17240.0,238.6,183.0
CZBIL,10/18/2016,581.0,581.0,566.0,568.0,-2.24,25055.0,238.6,183.0
CZBIL,10/19/2016,568.0,575.0,565.0,575.0,1.23,15916.0,238.6,183.0
CZBIL,10/20/2016,575.0,580.0,565.0,567.0,-1.39,18527.0,238.6,183.0
CZBIL,10/23/2016,567.0,584.0,561.0,563.0,-0.71,41810.0,238.6,183.0
CZBIL,10/24/2016,563.0,574.0,552.0,560.0,-0.53,21609.0,238.6,183.0
CZBIL,10/25/2016,560.0,571.0,550.0,557.0,-0.54,27003.0,238.6,183.0
CZBIL,10/26/2016,557.0,570.0,550.0,556.0,-0.18,22026.0,238.6,183.0
CZBIL,10/27/2016,556.0,568.0,550.0,559.0,0.54,11565.0,238.6,183.0
CZBIL,11/3/2016,559.0,560.0,540.0,554.0,-0.89,8516.0,238.6,183.0
CZBIL,11/7/2016,554.0,557.0,540.0,544.0,-1.81,15802.0,238.6,183.0
CZBIL,11/8/2016,544.0,541.0,525.0,530.0,-2.57,21537.0,238.6,183.0
CZBIL,11/9/2016,530.0,530.0,505.0,521.0,-1.7,31675.0,238.6,183.0
CZBIL,11/10/2016,521.0,532.0,516.0,525.0,0.77,21923.0,238.6,183.0
CZBIL,11/13/2016,525.0,530.0,512.0,524.0,-0.19,18745.0,238.6,183.0
CZBIL,11/14/2016,524.0,528.0,516.0,528.0,0.76,14312.0,238.6,183.0
CZBIL,11/15/2016,528.0,535.0,525.0,525.0,-0.57,18050.0,238.6,183.0
CZBIL,11/16/2016,525.0,525.0,517.0,520.0,-0.95,9483.0,238.6,183.0
CZBIL,11/17/2016,520.0,520.0,500.0,507.0,-2.5,28316.0,238.6,183.0
CZBIL,11/20/2016,507.0,512.0,480.0,495.0,-2.37,35078.0,238.6,183.0
CZBIL,11/21/2016,495.0,509.0,477.0,497.0,0.4,38236.0,238.6,183.0
CZBIL,11/22/2016,497.0,504.0,480.0,491.0,-1.21,24280.0,238.6,183.0
CZBIL,11/23/2016,491.0,492.0,480.0,490.0,-0.2,33218.0,238.6,183.0
CZBIL,11/24/2016,490.0,507.0,482.0,490.0,0.0,29091.0,238.6,183.0
CZBIL,11/27/2016,490.0,490.0,462.0,469.0,-4.29,36440.0,238.6,183.0
CZBIL,11/28/2016,469.0,500.0,445.0,487.0,3.84,34599.0,238.6,183.0
CZBIL,11/29/2016,487.0,500.0,470.0,500.0,2.67,38597.0,238.6,183.0
CZBIL,11/30/2016,500.0,515.0,492.0,510.0,2.0,47765.0,238.6,183.0
CZBIL,12/1/2016,510.0,520.0,500.0,507.0,-0.59,35575.0,238.6,183.0
CZBIL,12/4/2016,507.0,507.0,490.0,498.0,-1.78,23609.0,238.6,183.0
CZBIL,12/5/2016,498.0,497.0,489.0,490.0,-1.61,9613.0,238.6,183.0
CZBIL,12/6/2016,490.0,504.0,490.0,500.0,2.04,27663.0,238.6,183.0
CZBIL,12/7/2016,500.0,506.0,497.0,502.0,0.4,30890.0,238.6,183.0
CZBIL,12/8/2016,502.0,500.0,497.0,498.0,-0.8,12028.0,238.6,183.0
CZBIL,12/11/2016,498.0,500.0,492.0,492.0,-1.2,12855.0,238.6,183.0
CZBIL,12/12/2016,492.0,495.0,480.0,491.0,-0.2,9247.0,238.6,183.0
CZBIL,12/14/2016,491.0,498.0,490.0,496.0,1.02,9177.0,238.6,183.0
CZBIL,12/15/2016,496.0,500.0,492.0,497.0,0.2,13220.0,238.6,183.0
CZBIL,12/18/2016,497.0,500.0,492.0,498.0,0.2,8863.0,238.6,183.0
CZBIL,12/19/2016,498.0,497.0,489.0,492.0,-1.2,10860.0,238.6,183.0
CZBIL,12/20/2016,492.0,494.0,479.0,489.0,-0.61,14125.0,238.6,183.0
CZBIL,12/21/2016,489.0,489.0,482.0,483.0,-1.23,7057.0,238.6,183.0
CZBIL,12/22/2016,483.0,490.0,478.0,481.0,-0.41,6117.0,238.6,183.0
CZBIL,12/26/2016,481.0,482.0,465.0,467.0,-2.91,12487.0,238.6,183.0
CZBIL,12/27/2016,467.0,472.0,451.0,455.0,-2.57,18635.0,238.6,183.0
CZBIL,12/28/2016,455.0,464.0,450.0,454.0,-0.22,20821.0,238.6,183.0
CZBIL,12/29/2016,454.0,473.0,460.0,463.0,1.98,16442.0,238.6,183.0
CZBIL,1/1/2017,463.0,482.0,469.0,470.0,1.51,23819.0,238.6,183.0
CZBIL,1/2/2017,470.0,497.0,473.0,495.0,5.32,57360.0,238.6,183.0
CZBIL,1/3/2017,495.0,504.0,480.0,490.0,-1.01,38706.0,238.6,183.0
CZBIL,1/4/2017,490.0,495.0,483.0,487.0,-0.61,10617.0,238.6,183.0
CZBIL,1/5/2017,487.0,496.0,485.0,487.0,0.0,23422.0,238.6,183.0
CZBIL,1/8/2017,487.0,489.0,470.0,478.0,-1.85,64037.0,238.6,183.0
CZBIL,1/9/2017,478.0,487.0,472.0,481.0,0.63,27127.0,238.6,183.0
CZBIL,1/10/2017,481.0,490.0,481.0,489.0,1.66,9787.0,238.6,183.0
CZBIL,1/11/2017,489.0,505.0,475.0,485.0,-0.82,16930.0,238.6,183.0
CZBIL,1/12/2017,485.0,490.0,483.0,490.0,1.03,13927.0,238.6,183.0
CZBIL,1/15/2017,490.0,488.0,478.0,480.0,-2.04,24037.0,238.6,183.0
CZBIL,1/16/2017,480.0,482.0,478.0,478.0,-0.42,15176.0,238.6,183.0
CZBIL,1/17/2017,478.0,488.0,475.0,488.0,2.09,8380.0,238.6,183.0
CZBIL,1/18/2017,488.0,490.0,478.0,480.0,-1.64,11593.0,238.6,183.0
CZBIL,1/19/2017,480.0,482.0,475.0,477.0,-0.62,14819.0,238.6,183.0
CZBIL,1/22/2017,477.0,480.0,474.0,475.0,-0.42,9577.0,238.6,183.0
CZBIL,1/23/2017,475.0,475.0,466.0,467.0,-1.68,24004.0,238.6,183.0
CZBIL,1/24/2017,467.0,476.0,456.0,456.0,-2.36,14259.0,238.6,183.0
CZBIL,1/25/2017,456.0,459.0,439.0,444.0,-2.63,18426.0,238.6,183.0
CZBIL,1/26/2017,444.0,455.0,428.0,436.0,-1.8,27168.0,238.6,183.0
CZBIL,1/30/2017,436.0,432.0,415.0,416.0,-4.59,29106.0,238.6,183.0
CZBIL,1/31/2017,416.0,434.0,405.0,420.0,0.96,22900.0,238.6,183.0
CZBIL,2/1/2017,420.0,459.0,426.0,459.0,9.29,24159.0,238.6,183.0
CZBIL,2/2/2017,459.0,485.0,441.0,446.0,-2.83,29170.0,238.6,183.0
CZBIL,2/5/2017,446.0,446.0,430.0,440.0,-1.35,4464.0,238.6,183.0
CZBIL,2/6/2017,440.0,443.0,425.0,440.0,0.0,13798.0,238.6,183.0
CZBIL,2/7/2017,440.0,448.0,432.0,440.0,0.0,16074.0,238.6,183.0
CZBIL,2/8/2017,440.0,440.0,427.0,430.0,-2.27,11339.0,238.6,183.0
CZBIL,2/9/2017,430.0,435.0,420.0,422.0,-1.86,28714.0,238.6,183.0
CZBIL,2/12/2017,422.0,422.0,406.0,409.0,-3.08,23643.0,238.6,183.0
CZBIL,2/13/2017,409.0,432.0,393.0,425.0,3.91,32261.0,238.6,183.0
CZBIL,2/14/2017,425.0,430.0,404.0,423.0,-0.47,23162.0,238.6,183.0
CZBIL,2/15/2017,423.0,435.0,423.0,434.0,2.6,19976.0,238.6,183.0
CZBIL,2/16/2017,434.0,447.0,430.0,437.0,0.69,27387.0,238.6,183.0
CZBIL,2/19/2017,437.0,445.0,429.0,443.0,1.37,33227.0,238.6,183.0
CZBIL,2/20/2017,443.0,462.0,437.0,439.0,-0.9,22175.0,238.6,183.0
CZBIL,2/21/2017,439.0,450.0,433.0,439.0,0.0,24523.0,238.6,183.0
CZBIL,2/22/2017,439.0,437.0,428.0,434.0,-1.14,10960.0,238.6,183.0
CZBIL,2/23/2017,434.0,434.0,425.0,425.0,-2.07,11572.0,238.6,183.0
CZBIL,2/26/2017,425.0,431.0,420.0,423.0,-0.47,10685.0,238.6,183.0
CZBIL,2/28/2017,423.0,424.0,415.0,422.0,-0.24,16896.0,238.6,183.0
CZBIL,3/1/2017,422.0,432.0,422.0,430.0,1.9,11877.0,238.6,183.0
CZBIL,3/2/2017,430.0,439.0,430.0,438.0,1.86,21289.0,238.6,183.0
CZBIL,3/5/2017,438.0,448.0,440.0,444.0,1.37,43559.0,238.6,183.0
CZBIL,3/6/2017,444.0,452.0,442.0,444.0,0.0,36020.0,238.6,183.0
CZBIL,3/7/2017,444.0,444.0,433.0,435.0,-2.03,83581.0,238.6,183.0
CZBIL,3/9/2017,368.0,371.0,354.0,371.0,-14.71,24470.0,238.6,183.0
CZBIL,3/13/2017,371.0,380.0,365.0,377.0,1.62,11320.0,238.6,183.0
CZBIL,3/14/2017,377.0,380.0,372.0,372.0,-1.33,10219.0,238.6,183.0
CZBIL,3/15/2017,372.0,378.0,365.0,371.0,-0.27,6903.0,238.6,183.0
CZBIL,3/16/2017,371.0,379.0,370.0,374.0,0.81,11493.0,238.6,183.0
CZBIL,3/19/2017,374.0,380.0,371.0,378.0,1.07,12167.0,238.6,183.0
CZBIL,3/20/2017,378.0,391.0,380.0,385.0,1.85,19180.0,238.6,183.0
CZBIL,3/21/2017,385.0,405.0,374.0,405.0,5.19,76368.0,238.6,183.0
CZBIL,3/22/2017,405.0,426.0,408.0,413.0,1.98,34804.0,238.6,183.0
CZBIL,3/23/2017,413.0,420.0,405.0,410.0,-0.73,20629.0,238.6,183.0
CZBIL,3/26/2017,410.0,429.0,400.0,420.0,2.44,37702.0,238.6,183.0
CZBIL,3/28/2017,420.0,444.0,420.0,431.0,2.62,23529.0,238.6,183.0
CZBIL,3/29/2017,431.0,465.0,424.0,429.0,-0.46,59715.0,238.6,183.0
CZBIL,3/30/2017,429.0,435.0,412.0,427.0,-0.47,32565.0,238.6,183.0
CZBIL,4/2/2017,427.0,450.0,430.0,450.0,5.39,25513.0,238.6,183.0
CZBIL,4/3/2017,450.0,469.0,434.0,435.0,-3.33,54700.0,238.6,183.0
CZBIL,4/4/2017,435.0,460.0,424.0,437.0,0.46,24315.0,238.6,183.0
CZBIL,4/6/2017,437.0,448.0,427.0,431.0,-1.37,31692.0,238.6,183.0
CZBIL,4/9/2017,431.0,443.0,425.0,427.0,-0.93,34452.0,238.6,183.0
CZBIL,4/10/2017,427.0,430.0,422.0,427.0,0.0,24873.0,238.6,183.0
CZBIL,4/11/2017,427.0,450.0,427.0,438.0,2.58,28019.0,238.6,183.0
CZBIL,4/12/2017,438.0,448.0,436.0,440.0,0.46,28426.0,238.6,183.0
CZBIL,4/13/2017,440.0,443.0,430.0,440.0,0.0,29088.0,238.6,183.0
CZBIL,4/16/2017,440.0,445.0,426.0,426.0,-3.18,35653.0,238.6,183.0
CZBIL,4/18/2017,426.0,425.0,410.0,413.0,-3.05,26884.0,238.6,183.0
CZBIL,4/19/2017,413.0,435.0,412.0,433.0,4.84,21687.0,238.6,183.0
CZBIL,4/20/2017,433.0,440.0,424.0,427.0,-1.39,22229.0,238.6,183.0
CZBIL,4/23/2017,427.0,451.0,426.0,435.0,1.87,27028.0,238.6,183.0
CZBIL,4/24/2017,435.0,438.0,423.0,424.0,-2.53,16675.0,238.6,183.0
CZBIL,4/25/2017,424.0,427.0,417.0,420.0,-0.94,23374.0,238.6,183.0
CZBIL,4/26/2017,420.0,421.0,415.0,415.0,-1.19,10145.0,238.6,183.0
CZBIL,4/27/2017,415.0,419.0,410.0,412.0,-0.72,14566.0,238.6,183.0
CZBIL,4/30/2017,412.0,418.0,404.0,405.0,-1.7,33365.0,238.6,183.0
CZBIL,5/2/2017,405.0,416.0,400.0,405.0,0.0,28119.0,238.6,183.0
CZBIL,5/3/2017,405.0,421.0,400.0,408.0,0.74,38983.0,238.6,183.0
CZBIL,5/4/2017,408.0,414.0,402.0,402.0,-1.47,18020.0,238.6,183.0
CZBIL,5/7/2017,402.0,410.0,398.0,400.0,-0.5,12469.0,238.6,183.0
CZBIL,5/8/2017,400.0,407.0,400.0,402.0,0.5,8339.0,238.6,183.0
CZBIL,5/9/2017,402.0,405.0,397.0,402.0,0.0,17825.0,238.6,183.0
CZBIL,5/11/2017,402.0,405.0,400.0,403.0,0.25,18308.0,238.6,183.0
CZBIL,5/15/2017,403.0,406.0,402.0,403.0,0.0,10373.0,238.6,183.0
CZBIL,5/16/2017,403.0,404.0,400.0,402.0,-0.25,5893.0,238.6,183.0
CZBIL,5/17/2017,402.0,405.0,398.0,400.0,-0.5,8418.0,238.6,183.0
CZBIL,5/18/2017,400.0,401.0,396.0,400.0,0.0,29557.0,238.6,183.0
CZBIL,5/21/2017,400.0,408.0,390.0,397.0,-0.75,11705.0,238.6,183.0
CZBIL,5/22/2017,397.0,404.0,385.0,390.0,-1.76,13622.0,238.6,183.0
CZBIL,5/23/2017,390.0,400.0,394.0,399.0,2.31,10617.0,238.6,183.0
CZBIL,5/24/2017,399.0,400.0,393.0,396.0,-0.75,11460.0,238.6,183.0
CZBIL,5/28/2017,396.0,400.0,389.0,390.0,-1.52,24899.0,238.6,183.0
CZBIL,5/30/2017,390.0,399.0,380.0,386.0,-1.03,11517.0,238.6,183.0
CZBIL,5/31/2017,386.0,395.0,385.0,392.0,1.55,10160.0,238.6,183.0
CZBIL,6/1/2017,392.0,399.0,391.0,392.0,0.0,14561.0,238.6,183.0
CZBIL,6/4/2017,392.0,395.0,387.0,390.0,-0.51,8662.0,238.6,183.0
CZBIL,6/5/2017,390.0,400.0,390.0,395.0,1.28,13826.0,238.6,183.0
CZBIL,6/6/2017,395.0,405.0,396.0,400.0,1.27,22855.0,238.6,183.0
CZBIL,6/7/2017,400.0,408.0,398.0,398.0,-0.5,11914.0,238.6,183.0
CZBIL,6/8/2017,398.0,400.0,390.0,398.0,0.0,12734.0,238.6,183.0
CZBIL,6/11/2017,398.0,399.0,385.0,388.0,-2.51,10166.0,238.6,183.0
CZBIL,6/12/2017,388.0,395.0,386.0,387.0,-0.26,6642.0,238.6,183.0
CZBIL,6/13/2017,387.0,390.0,378.0,388.0,0.26,9112.0,238.6,183.0
CZBIL,6/14/2017,388.0,390.0,381.0,383.0,-1.29,7711.0,238.6,183.0
CZBIL,6/15/2017,383.0,390.0,377.0,390.0,1.83,12663.0,238.6,183.0
CZBIL,6/18/2017,390.0,392.0,378.0,380.0,-2.56,12869.0,238.6,183.0
CZBIL,6/19/2017,380.0,380.0,371.0,373.0,-1.84,14471.0,238.6,183.0
CZBIL,6/20/2017,373.0,380.0,365.0,375.0,0.54,13366.0,238.6,183.0
CZBIL,6/21/2017,375.0,380.0,370.0,375.0,0.0,8347.0,238.6,183.0
CZBIL,6/22/2017,375.0,381.0,375.0,380.0,1.33,13326.0,238.6,183.0
CZBIL,6/25/2017,380.0,385.0,381.0,381.0,0.26,13814.0,238.6,183.0
CZBIL,6/27/2017,381.0,385.0,380.0,382.0,0.26,10485.0,238.6,183.0
CZBIL,6/28/2017,382.0,380.0,377.0,380.0,-0.52,12619.0,238.6,183.0
CZBIL,7/2/2017,380.0,380.0,370.0,373.0,-1.84,11406.0,238.6,183.0
CZBIL,7/3/2017,373.0,379.0,370.0,372.0,-0.27,10551.0,238.6,183.0
CZBIL,7/4/2017,372.0,374.0,370.0,374.0,0.54,9968.0,238.6,183.0
CZBIL,7/5/2017,374.0,383.0,375.0,383.0,2.41,8382.0,238.6,183.0
CZBIL,7/6/2017,383.0,391.0,380.0,390.0,1.83,27926.0,238.6,183.0
CZBIL,7/9/2017,390.0,408.0,393.0,400.0,2.56,33780.0,238.6,183.0
CZBIL,7/10/2017,400.0,401.0,392.0,398.0,-0.5,19465.0,238.6,183.0
CZBIL,7/11/2017,398.0,400.0,390.0,400.0,0.5,14369.0,238.6,183.0
CZBIL,7/12/2017,400.0,404.0,392.0,404.0,1.0,10786.0,238.6,183.0
CZBIL,7/13/2017,404.0,407.0,400.0,403.0,-0.25,21615.0,238.6,183.0
CZBIL,7/16/2017,403.0,406.0,400.0,402.0,-0.25,8893.0,238.6,183.0
CZBIL,7/17/2017,402.0,406.0,394.0,406.0,1.0,8903.0,238.6,183.0
CZBIL,7/18/2017,406.0,411.0,405.0,409.0,0.74,9418.0,238.6,183.0
CZBIL,7/19/2017,409.0,412.0,403.0,412.0,0.73,24167.0,238.6,183.0
CZBIL,7/20/2017,412.0,410.0,406.0,408.0,-0.97,17016.0,238.6,183.0
CZBIL,7/23/2017,408.0,400.0,389.0,393.0,-3.68,43921.0,238.6,183.0
CZBIL,7/24/2017,393.0,390.0,385.0,388.0,-1.27,19018.0,238.6,183.0
CZBIL,7/25/2017,388.0,393.0,381.0,384.0,-1.03,12759.0,238.6,183.0
CZBIL,7/26/2017,384.0,385.0,379.0,384.0,0.0,27472.0,238.6,183.0
CZBIL,7/27/2017,384.0,386.0,379.0,380.0,-1.04,22159.0,238.6,183.0
CZBIL,7/30/2017,380.0,383.0,375.0,378.0,-0.53,23049.0,238.6,183.0
CZBIL,7/31/2017,378.0,390.0,380.0,382.0,1.06,19291.0,238.6,183.0
CZBIL,8/1/2017,382.0,383.0,379.0,379.0,-0.79,12108.0,238.6,183.0
CZBIL,8/2/2017,379.0,388.0,380.0,383.0,1.06,26552.0,238.6,183.0
CZBIL,8/3/2017,383.0,395.0,382.0,386.0,0.78,51220.0,238.6,183.0
CZBIL,8/6/2017,386.0,392.0,385.0,391.0,1.3,30233.0,238.6,183.0
CZBIL,8/7/2017,391.0,393.0,390.0,392.0,0.26,26173.0,238.6,183.0
CZBIL,8/9/2017,392.0,393.0,387.0,387.0,-1.28,16965.0,238.6,183.0
CZBIL,8/10/2017,387.0,388.0,380.0,381.0,-1.55,23758.0,238.6,183.0
CZBIL,8/13/2017,381.0,388.0,375.0,377.0,-1.05,16613.0,238.6,183.0
CZBIL,8/15/2017,377.0,380.0,370.0,375.0,-0.53,23542.0,238.6,183.0
CZBIL,8/16/2017,375.0,380.0,370.0,380.0,1.33,19404.0,238.6,183.0
CZBIL,8/17/2017,380.0,380.0,372.0,380.0,0.0,17650.0,238.6,183.0
CZBIL,8/20/2017,380.0,382.0,371.0,375.0,-1.32,20236.0,238.6,183.0
CZBIL,8/21/2017,375.0,378.0,372.0,375.0,0.0,26015.0,238.6,183.0
CZBIL,8/22/2017,375.0,380.0,372.0,380.0,1.33,40684.0,238.6,183.0
CZBIL,8/23/2017,380.0,383.0,375.0,378.0,-0.53,51989.0,238.6,183.0
CZBIL,8/24/2017,378.0,380.0,372.0,377.0,-0.26,140495.0,238.6,183.0
CZBIL,8/27/2017,377.0,382.0,375.0,375.0,-0.53,113354.0,238.6,183.0
CZBIL,8/28/2017,323.0,324.0,310.0,314.0,-16.27,25080.0,238.6,183.0
CZBIL,8/30/2017,314.0,316.0,301.0,302.0,-3.82,21421.0,238.6,183.0
CZBIL,8/31/2017,302.0,306.0,300.0,300.0,-0.66,22580.0,238.6,183.0
CZBIL,9/4/2017,300.0,303.0,294.0,294.0,-2.0,27409.0,238.6,183.0
CZBIL,9/6/2017,294.0,305.0,290.0,295.0,0.34,15945.0,238.6,183.0
CZBIL,9/7/2017,295.0,298.0,292.0,297.0,0.68,15285.0,238.6,183.0
CZBIL,9/10/2017,297.0,302.0,290.0,293.0,-1.35,21759.0,238.6,183.0
CZBIL,9/11/2017,293.0,295.0,290.0,295.0,0.68,17166.0,238.6,183.0
CZBIL,9/12/2017,295.0,295.0,290.0,292.0,-1.02,16205.0,238.6,183.0
CZBIL,9/13/2017,292.0,293.0,290.0,291.0,-0.34,9829.0,238.6,183.0
CZBIL,9/14/2017,291.0,305.0,291.0,299.0,2.75,19913.0,238.6,183.0
CZBIL,9/17/2017,299.0,311.0,298.0,302.0,1.0,13144.0,238.6,183.0
CZBIL,9/18/2017,302.0,305.0,299.0,301.0,-0.33,8233.0,238.6,183.0
CZBIL,9/20/2017,301.0,302.0,294.0,294.0,-2.33,12147.0,238.6,183.0
CZBIL,9/24/2017,294.0,302.0,295.0,300.0,2.04,8596.0,238.6,183.0
CZBIL,9/25/2017,300.0,306.0,300.0,302.0,0.67,6454.0,238.6,183.0
CZBIL,9/26/2017,302.0,309.0,304.0,306.0,1.32,9836.0,238.6,183.0
CZBIL,10/3/2017,306.0,308.0,300.0,305.0,-0.33,5140.0,238.6,183.0
CZBIL,10/4/2017,305.0,305.0,299.0,303.0,-0.66,12838.0,238.6,183.0
CZBIL,10/8/2017,303.0,303.0,290.0,300.0,-0.99,10084.0,238.6,183.0
CZBIL,10/9/2017,300.0,300.0,293.0,296.0,-1.33,6975.0,238.6,183.0
CZBIL,10/10/2017,296.0,300.0,292.0,295.0,-0.34,5999.0,238.6,183.0
CZBIL,10/11/2017,295.0,298.0,290.0,293.0,-0.68,13126.0,238.6,183.0
CZBIL,10/12/2017,293.0,296.0,292.0,293.0,0.0,10153.0,238.6,183.0
CZBIL,10/15/2017,293.0,297.0,289.0,289.0,-1.37,12491.0,238.6,183.0
CZBIL,10/16/2017,289.0,303.0,292.0,303.0,4.84,31751.0,238.6,183.0
CZBIL,10/17/2017,303.0,313.0,303.0,307.0,1.32,23980.0,238.6,183.0
CZBIL,10/18/2017,307.0,313.0,304.0,308.0,0.33,12958.0,238.6,183.0
CZBIL,10/22/2017,308.0,322.0,308.0,315.0,2.27,12918.0,238.6,183.0
CZBIL,10/23/2017,315.0,316.0,305.0,311.0,-1.27,15602.0,238.6,183.0
CZBIL,10/24/2017,311.0,312.0,306.0,310.0,-0.32,8957.0,238.6,183.0
CZBIL,10/25/2017,310.0,308.0,303.0,305.0,-1.61,11816.0,238.6,183.0
CZBIL,10/29/2017,305.0,303.0,299.0,300.0,-1.64,12661.0,238.6,183.0
CZBIL,10/30/2017,300.0,304.0,298.0,300.0,0.0,17176.0,238.6,183.0
CZBIL,10/31/2017,300.0,300.0,297.0,298.0,-0.67,8941.0,238.6,183.0
CZBIL,11/1/2017,298.0,298.0,294.0,296.0,-0.67,13660.0,238.6,183.0
CZBIL,11/2/2017,296.0,298.0,294.0,295.0,-0.34,18567.0,238.6,183.0
CZBIL,11/5/2017,295.0,295.0,290.0,295.0,0.0,18873.0,238.6,183.0
CZBIL,11/6/2017,295.0,296.0,290.0,295.0,0.0,16097.0,238.6,183.0
CZBIL,11/7/2017,295.0,298.0,290.0,293.0,-0.68,8135.0,238.6,183.0
CZBIL,11/8/2017,293.0,290.0,285.0,290.0,-1.02,14387.0,238.6,183.0
CZBIL,11/9/2017,290.0,294.0,280.0,290.0,0.0,7666.0,238.6,183.0
CZBIL,11/12/2017,290.0,294.0,287.0,294.0,1.38,8471.0,238.6,183.0
CZBIL,11/13/2017,294.0,298.0,292.0,297.0,1.02,12087.0,238.6,183.0
CZBIL,11/14/2017,297.0,301.0,295.0,299.0,0.67,17702.0,238.6,183.0
CZBIL,11/15/2017,299.0,300.0,290.0,290.0,-3.01,27462.0,238.6,183.0
CZBIL,11/16/2017,290.0,296.0,292.0,293.0,1.03,4085.0,238.6,183.0
CZBIL,11/19/2017,293.0,293.0,290.0,291.0,-0.68,9326.0,238.6,183.0
CZBIL,11/20/2017,291.0,293.0,288.0,292.0,0.34,7327.0,238.6,183.0
CZBIL,11/21/2017,292.0,294.0,292.0,292.0,0.0,4032.0,238.6,183.0
CZBIL,11/22/2017,292.0,295.0,290.0,293.0,0.34,8329.0,238.6,183.0
CZBIL,11/23/2017,293.0,297.0,285.0,295.0,0.68,75891.0,238.6,183.0
CZBIL,11/26/2017,295.0,303.0,293.0,302.0,2.37,17869.0,238.6,183.0
CZBIL,11/27/2017,302.0,304.0,297.0,304.0,0.66,47844.0,238.6,183.0
CZBIL,11/28/2017,304.0,309.0,299.0,304.0,0.0,19262.0,238.6,183.0
CZBIL,11/29/2017,304.0,307.0,302.0,304.0,0.0,22878.0,238.6,183.0
CZBIL,11/30/2017,304.0,305.0,299.0,302.0,-0.66,20013.0,238.6,183.0
CZBIL,12/4/2017,302.0,308.0,297.0,299.0,-0.99,11266.0,238.6,183.0
CZBIL,12/5/2017,299.0,301.0,297.0,298.0,-0.33,45698.0,238.6,183.0
CZBIL,12/6/2017,298.0,305.0,297.0,305.0,2.35,14839.0,238.6,183.0
CZBIL,12/10/2017,305.0,307.0,298.0,298.0,-2.3,9716.0,238.6,183.0
CZBIL,12/11/2017,298.0,303.0,296.0,300.0,0.67,11629.0,238.6,183.0
CZBIL,12/12/2017,300.0,304.0,294.0,294.0,-2.0,8347.0,238.6,183.0
CZBIL,12/13/2017,294.0,299.0,290.0,298.0,1.36,28977.0,238.6,183.0
CZBIL,12/14/2017,298.0,302.0,295.0,298.0,0.0,14128.0,238.6,183.0
CZBIL,12/17/2017,298.0,300.0,292.0,295.0,-1.01,18164.0,238.6,183.0
CZBIL,12/18/2017,295.0,297.0,292.0,294.0,-0.34,19708.0,238.6,183.0
CZBIL,12/19/2017,294.0,295.0,292.0,293.0,-0.34,5252.0,238.6,183.0
CZBIL,12/20/2017,293.0,293.0,290.0,291.0,-0.68,16735.0,238.6,183.0
CZBIL,12/21/2017,291.0,293.0,290.0,291.0,0.0,5051.0,238.6,183.0
CZBIL,12/24/2017,291.0,294.0,290.0,291.0,0.0,9598.0,238.6,183.0
CZBIL,12/26/2017,291.0,293.0,287.0,288.0,-1.03,13631.0,238.6,183.0
CZBIL,12/27/2017,288.0,289.0,283.0,286.0,-0.69,11637.0,238.6,183.0
CZBIL,12/28/2017,286.0,285.0,279.0,282.0,-1.4,24513.0,238.6,183.0
CZBIL,12/31/2017,282.0,282.0,278.0,280.0,-0.71,14598.0,238.6,183.0
CZBIL,1/1/2018,280.0,290.0,280.0,287.0,2.5,24608.0,238.6,183.0
CZBIL,1/2/2018,287.0,291.0,285.0,290.0,1.05,20398.0,238.6,183.0
CZBIL,1/3/2018,290.0,292.0,285.0,286.0,-1.38,7468.0,238.6,183.0
CZBIL,1/4/2018,286.0,288.0,282.0,285.0,-0.35,10628.0,238.6,183.0
CZBIL,1/7/2018,285.0,290.0,285.0,288.0,1.05,5433.0,238.6,183.0
CZBIL,1/8/2018,288.0,290.0,287.0,290.0,0.69,8771.0,238.6,183.0
CZBIL,1/9/2018,290.0,291.0,280.0,290.0,0.0,40858.0,238.6,183.0
CZBIL,1/10/2018,290.0,290.0,287.0,290.0,0.0,11259.0,238.6,183.0
CZBIL,1/14/2018,290.0,294.0,282.0,285.0,-1.72,17788.0,238.6,183.0
CZBIL,1/16/2018,285.0,288.0,280.0,283.0,-0.7,7728.0,238.6,183.0
CZBIL,1/17/2018,283.0,283.0,280.0,280.0,-1.06,36278.0,238.6,183.0
CZBIL,1/21/2018,280.0,281.0,278.0,280.0,0.0,17488.0,238.6,183.0
CZBIL,1/22/2018,280.0,280.0,277.0,279.0,-0.36,11532.0,238.6,183.0
CZBIL,1/23/2018,279.0,279.0,272.0,272.0,-2.51,14487.0,238.6,183.0
CZBIL,1/24/2018,272.0,273.0,267.0,270.0,-0.74,18068.0,238.6,183.0
CZBIL,1/25/2018,270.0,275.0,263.0,275.0,1.85,24111.0,238.6,183.0
CZBIL,1/28/2018,275.0,280.0,272.0,280.0,1.82,28460.0,238.6,183.0
CZBIL,1/29/2018,280.0,280.0,274.0,274.0,-2.14,10648.0,238.6,183.0
CZBIL,1/31/2018,274.0,275.0,273.0,275.0,0.36,8368.0,238.6,183.0
CZBIL,2/1/2018,275.0,276.0,273.0,273.0,-0.73,14026.0,238.6,183.0
CZBIL,2/4/2018,273.0,277.0,268.0,273.0,0.0,12072.0,238.6,183.0
CZBIL,2/5/2018,273.0,275.0,270.0,272.0,-0.37,4921.0,238.6,183.0
CZBIL,2/6/2018,272.0,274.0,270.0,273.0,0.37,4480.0,238.6,183.0
CZBIL,2/7/2018,273.0,275.0,268.0,270.0,-1.1,14894.0,238.6,183.0
CZBIL,2/8/2018,270.0,275.0,270.0,275.0,1.85,5479.0,238.6,183.0
CZBIL,2/11/2018,275.0,275.0,270.0,273.0,-0.73,5691.0,238.6,183.0
CZBIL,2/12/2018,273.0,273.0,271.0,273.0,0.0,9630.0,238.6,183.0
CZBIL,2/14/2018,273.0,276.0,273.0,275.0,0.73,7188.0,238.6,183.0
CZBIL,2/15/2018,275.0,290.0,271.0,288.0,4.73,41583.0,238.6,183.0
CZBIL,2/18/2018,291.0,292.0,283.0,285.0,-1.04,22504.0,238.6,183.0
CZBIL,2/20/2018,288.0,288.0,276.0,283.0,-0.7,7718.0,238.6,183.0
CZBIL,2/21/2018,280.0,280.0,277.0,277.0,-2.12,5432.0,238.6,183.0
CZBIL,2/22/2018,275.0,282.0,274.0,277.0,0.0,6751.0,238.6,183.0
CZBIL,2/25/2018,278.0,280.0,275.0,275.0,-0.72,7324.0,238.6,183.0
CZBIL,2/26/2018,280.0,280.0,271.0,271.0,-1.45,9801.0,238.6,183.0
CZBIL,2/27/2018,271.0,274.0,270.0,270.0,-0.37,11834.0,238.6,183.0
CZBIL,2/28/2018,269.0,271.0,269.0,270.0,0.0,10705.0,238.6,183.0
CZBIL,3/4/2018,267.0,267.0,256.0,264.0,-2.22,10325.0,238.6,183.0
CZBIL,3/5/2018,264.0,268.0,256.0,263.0,-0.38,24189.0,238.6,183.0
CZBIL,3/6/2018,263.0,268.0,258.0,266.0,1.14,17112.0,238.6,183.0
CZBIL,3/7/2018,266.0,270.0,264.0,268.0,0.75,7864.0,238.6,183.0
CZBIL,3/11/2018,268.0,268.0,259.0,263.0,-1.87,7783.0,238.6,183.0
CZBIL,3/12/2018,263.0,266.0,255.0,265.0,0.76,7388.0,238.6,183.0
CZBIL,3/13/2018,270.0,270.0,262.0,265.0,0.0,5895.0,238.6,183.0
CZBIL,3/14/2018,265.0,270.0,261.0,270.0,1.89,5682.0,238.6,183.0
CZBIL,3/15/2018,267.0,272.0,267.0,268.0,-0.74,7238.0,238.6,183.0
CZBIL,3/18/2018,272.0,272.0,263.0,263.0,-1.87,6343.0,238.6,183.0
CZBIL,3/19/2018,263.0,264.0,259.0,260.0,-1.14,12414.0,238.6,183.0
CZBIL,3/20/2018,264.0,264.0,257.0,260.0,0.0,6138.0,238.6,183.0
CZBIL,3/21/2018,256.0,259.0,250.0,255.0,-1.92,15633.0,238.6,183.0
CZBIL,3/22/2018,254.0,259.0,251.0,257.0,0.78,18472.0,238.6,183.0
CZBIL,3/26/2018,252.0,252.0,245.0,248.0,-3.5,15172.0,238.6,183.0
CZBIL,3/27/2018,245.0,267.0,236.0,250.0,0.81,22842.0,238.6,183.0
CZBIL,3/28/2018,246.0,259.0,243.0,251.0,0.4,37083.0,238.6,183.0
CZBIL,3/29/2018,256.0,261.0,251.0,256.0,1.99,9475.0,238.6,183.0
CZBIL,4/1/2018,251.0,253.0,246.0,250.0,-2.34,9484.0,238.6,183.0
CZBIL,4/2/2018,255.0,255.0,250.0,255.0,2.0,3351.0,238.6,183.0
CZBIL,4/3/2018,252.0,255.0,250.0,253.0,-0.78,12578.0,238.6,183.0
CZBIL,4/4/2018,253.0,258.0,252.0,255.0,0.79,14092.0,238.6,183.0
CZBIL,4/5/2018,255.0,262.0,255.0,258.0,1.18,38753.0,238.6,183.0
CZBIL,4/8/2018,259.0,272.0,255.0,268.0,3.88,43827.0,238.6,183.0
CZBIL,4/9/2018,270.0,272.0,263.0,264.0,-1.49,31607.0,238.6,183.0
CZBIL,4/10/2018,260.0,266.0,257.0,259.0,-1.89,13495.0,238.6,183.0
CZBIL,4/11/2018,258.0,263.0,256.0,260.0,0.39,8482.0,238.6,183.0
CZBIL,4/12/2018,265.0,265.0,257.0,260.0,0.0,22750.0,238.6,183.0
CZBIL,4/15/2018,256.0,262.0,253.0,262.0,0.77,9909.0,238.6,183.0
CZBIL,4/16/2018,263.0,265.0,256.0,262.0,0.0,12543.0,238.6,183.0
CZBIL,4/17/2018,262.0,266.0,257.0,261.0,-0.38,24787.0,238.6,183.0
CZBIL,4/18/2018,266.0,275.0,263.0,265.0,1.53,46522.0,238.6,183.0
CZBIL,4/19/2018,270.0,277.0,261.0,275.0,3.77,42163.0,238.6,183.0
CZBIL,4/22/2018,280.0,297.0,280.0,294.0,6.91,71090.0,238.6,183.0
CZBIL,4/23/2018,294.0,300.0,280.0,285.0,-3.06,77847.0,238.6,183.0
CZBIL,4/24/2018,282.0,287.0,277.0,281.0,-1.4,24475.0,238.6,183.0
CZBIL,4/25/2018,280.0,285.0,277.0,282.0,0.36,16805.0,238.6,183.0
CZBIL,4/26/2018,277.0,279.0,270.0,270.0,-4.26,24733.0,238.6,183.0
CZBIL,4/29/2018,266.0,273.0,263.0,269.0,-0.37,16652.0,238.6,183.0
CZBIL,5/2/2018,273.0,273.0,267.0,270.0,0.37,8738.0,238.6,183.0
CZBIL,5/3/2018,275.0,278.0,266.0,273.0,1.11,13952.0,238.6,183.0
CZBIL,5/6/2018,270.0,272.0,268.0,268.0,-1.83,8378.0,238.6,183.0
CZBIL,5/7/2018,266.0,268.0,265.0,265.0,-1.12,14737.0,238.6,183.0
CZBIL,5/8/2018,266.0,274.0,264.0,274.0,3.4,7984.0,238.6,183.0
CZBIL,5/9/2018,269.0,275.0,267.0,269.0,-1.82,4798.0,238.6,183.0
CZBIL,5/10/2018,270.0,270.0,266.0,267.0,-0.74,5325.0,238.6,183.0
CZBIL,5/14/2018,267.0,267.0,263.0,263.0,-1.5,9105.0,238.6,183.0
CZBIL,5/15/2018,267.0,267.0,261.0,262.0,-0.38,6778.0,238.6,183.0
CZBIL,5/16/2018,264.0,266.0,263.0,266.0,1.53,5640.0,238.6,183.0
CZBIL,5/17/2018,266.0,268.0,265.0,268.0,0.75,12060.0,238.6,183.0
CZBIL,5/20/2018,268.0,270.0,265.0,266.0,-0.75,5008.0,238.6,183.0
CZBIL,5/21/2018,266.0,266.0,263.0,264.0,-0.75,5355.0,238.6,183.0
CZBIL,5/22/2018,262.0,269.0,262.0,263.0,-0.38,4736.0,238.6,183.0
CZBIL,5/23/2018,262.0,264.0,262.0,263.0,0.0,57737.0,238.6,183.0
CZBIL,5/24/2018,262.0,264.0,260.0,260.0,-1.14,14498.0,238.6,183.0
CZBIL,5/27/2018,260.0,261.0,256.0,258.0,-0.77,10865.0,238.6,183.0
CZBIL,5/28/2018,263.0,268.0,254.0,265.0,2.71,13843.0,238.6,183.0
CZBIL,5/29/2018,266.0,266.0,260.0,264.0,-0.38,6081.0,238.6,183.0
CZBIL,5/30/2018,260.0,267.0,260.0,262.0,-0.76,5911.0,238.6,183.0
CZBIL,5/31/2018,260.0,262.0,260.0,261.0,-0.38,3853.0,238.6,183.0
CZBIL,6/3/2018,260.0,265.0,255.0,256.0,-1.92,20151.0,238.6,183.0
CZBIL,6/4/2018,255.0,261.0,248.0,250.0,-2.34,17927.0,238.6,183.0
CZBIL,6/6/2018,251.0,260.0,251.0,256.0,2.4,5368.0,238.6,183.0
CZBIL,6/7/2018,255.0,255.0,245.0,250.0,-2.34,24624.0,238.6,183.0
CZBIL,6/10/2018,250.0,250.0,245.0,250.0,0.0,17411.0,238.6,183.0
CZBIL,6/11/2018,245.0,255.0,243.0,250.0,0.0,10728.0,238.6,183.0
CZBIL,6/12/2018,247.0,248.0,241.0,245.0,-2.0,37041.0,238.6,183.0
CZBIL,6/13/2018,242.0,246.0,242.0,244.0,-0.41,6257.0,238.6,183.0
CZBIL,6/14/2018,245.0,248.0,243.0,243.0,-0.41,12618.0,238.6,183.0
CZBIL,6/17/2018,241.0,247.0,240.0,242.0,-0.41,3003.0,238.6,183.0
CZBIL,6/18/2018,240.0,245.0,239.0,245.0,1.24,6526.0,238.6,183.0
CZBIL,6/19/2018,245.0,245.0,240.0,240.0,-2.04,1957.0,238.6,183.0
CZBIL,6/20/2018,240.0,242.0,239.0,240.0,0.0,4734.0,238.6,183.0
CZBIL,6/21/2018,236.0,241.0,236.0,240.0,0.0,14103.0,238.6,183.0
CZBIL,6/24/2018,240.0,244.0,238.0,244.0,1.67,8670.0,238.6,183.0
CZBIL,6/25/2018,248.0,248.0,233.0,242.0,-0.82,21705.0,238.6,183.0
CZBIL,6/26/2018,238.0,240.0,233.0,233.0,-3.72,10190.0,238.6,183.0
CZBIL,6/27/2018,233.0,237.0,233.0,235.0,0.86,7445.0,238.6,183.0
CZBIL,6/28/2018,235.0,239.0,234.0,237.0,0.85,8575.0,238.6,183.0
CZBIL,7/1/2018,235.0,235.0,230.0,231.0,-2.53,9071.0,238.6,183.0
CZBIL,7/2/2018,230.0,234.0,228.0,234.0,1.3,9254.0,238.6,183.0
CZBIL,7/3/2018,231.0,234.0,228.0,232.0,-0.85,7259.0,238.6,183.0
CZBIL,7/4/2018,231.0,236.0,230.0,235.0,1.29,6538.0,238.6,183.0
CZBIL,7/5/2018,231.0,243.0,231.0,243.0,3.4,21014.0,238.6,183.0
CZBIL,7/8/2018,243.0,245.0,239.0,242.0,-0.41,10951.0,238.6,183.0
CZBIL,7/9/2018,238.0,242.0,238.0,241.0,-0.41,8416.0,238.6,183.0
CZBIL,7/10/2018,239.0,243.0,239.0,241.0,0.0,8555.0,238.6,183.0
CZBIL,7/11/2018,240.0,242.0,237.0,238.0,-1.24,7121.0,238.6,183.0
CZBIL,7/12/2018,238.0,238.0,231.0,232.0,-2.52,22424.0,238.6,183.0
CZBIL,7/15/2018,232.0,235.0,229.0,231.0,-0.43,11054.0,238.6,183.0
CZBIL,7/16/2018,230.0,237.0,230.0,236.0,2.16,8126.0,238.6,183.0
CZBIL,7/17/2018,233.0,236.0,232.0,233.0,-1.27,9778.0,238.6,183.0
CZBIL,7/18/2018,234.0,234.0,226.0,227.0,-2.58,36279.0,238.6,183.0
CZBIL,7/19/2018,227.0,227.0,224.0,224.0,-1.32,22451.0,238.6,183.0
CZBIL,7/22/2018,226.0,228.0,224.0,224.0,0.0,32160.0,238.6,183.0
CZBIL,7/23/2018,224.0,228.0,224.0,228.0,1.79,10918.0,238.6,183.0
CZBIL,7/24/2018,227.0,232.0,225.0,228.0,0.0,21769.0,238.6,183.0
CZBIL,7/25/2018,227.0,228.0,225.0,226.0,-0.88,16980.0,238.6,183.0
CZBIL,7/26/2018,225.0,226.0,223.0,226.0,0.0,9719.0,238.6,183.0
CZBIL,7/29/2018,225.0,227.0,225.0,227.0,0.44,9917.0,238.6,183.0
CZBIL,7/30/2018,228.0,231.0,227.0,229.0,0.88,12286.0,238.6,183.0
CZBIL,7/31/2018,228.0,230.0,227.0,228.0,-0.44,11065.0,238.6,183.0
CZBIL,8/1/2018,228.0,232.0,228.0,230.0,0.88,10379.0,238.6,183.0
CZBIL,8/2/2018,231.0,233.0,230.0,233.0,1.3,10187.0,238.6,183.0
CZBIL,8/5/2018,232.0,233.0,229.0,231.0,-0.86,13890.0,238.6,183.0
CZBIL,8/6/2018,231.0,233.0,231.0,232.0,0.43,9905.0,238.6,183.0
CZBIL,8/7/2018,230.0,234.0,230.0,232.0,0.0,8644.0,238.6,183.0
CZBIL,8/8/2018,230.0,233.0,230.0,233.0,0.43,11582.0,238.6,183.0
CZBIL,8/9/2018,234.0,234.0,231.0,231.0,-0.86,3614.0,238.6,183.0
CZBIL,8/12/2018,230.0,232.0,229.0,229.0,-0.87,8108.0,238.6,183.0
CZBIL,8/13/2018,229.0,233.0,228.0,232.0,1.31,5544.0,238.6,183.0
CZBIL,8/14/2018,232.0,233.0,229.0,233.0,0.43,8700.0,238.6,183.0
CZBIL,8/15/2018,233.0,240.0,233.0,240.0,3.0,10805.0,238.6,183.0
CZBIL,8/16/2018,240.0,244.0,235.0,239.0,-0.42,13065.0,238.6,183.0
CZBIL,8/19/2018,236.0,239.0,235.0,236.0,-1.26,5994.0,238.6,183.0
CZBIL,8/20/2018,233.0,235.0,232.0,232.0,-1.69,12030.0,238.6,183.0
CZBIL,8/21/2018,229.0,235.0,229.0,233.0,0.43,19137.0,238.6,183.0
CZBIL,8/22/2018,233.0,234.0,231.0,233.0,0.0,6916.0,238.6,183.0
CZBIL,8/23/2018,236.0,236.0,231.0,235.0,0.86,8874.0,238.6,183.0
CZBIL,8/26/2018,231.0,235.0,231.0,232.0,-1.28,3448.0,238.6,183.0
CZBIL,8/28/2018,230.0,232.0,228.0,230.0,-0.86,13610.0,238.6,183.0
CZBIL,8/29/2018,231.0,233.0,231.0,233.0,1.3,4519.0,238.6,183.0
CZBIL,8/30/2018,234.0,235.0,231.0,235.0,0.86,7581.0,238.6,183.0
CZBIL,9/2/2018,234.0,240.0,232.0,236.0,0.43,11779.0,238.6,183.0
CZBIL,9/3/2018,236.0,243.0,234.0,239.0,1.27,19747.0,238.6,183.0
CZBIL,9/4/2018,239.0,242.0,236.0,242.0,1.26,22026.0,238.6,183.0
CZBIL,9/5/2018,241.0,260.0,241.0,245.0,1.24,32291.0,238.6,183.0
CZBIL,9/6/2018,244.0,257.0,244.0,250.0,2.04,35545.0,238.6,183.0
CZBIL,9/9/2018,248.0,249.0,245.0,245.0,-2.0,16831.0,238.6,183.0
CZBIL,9/10/2018,244.0,244.0,239.0,241.0,-1.63,8632.0,238.6,183.0
CZBIL,9/11/2018,240.0,246.0,238.0,245.0,1.66,9218.0,238.6,183.0
CZBIL,9/12/2018,246.0,249.0,244.0,249.0,1.63,10462.0,238.6,183.0
CZBIL,9/13/2018,249.0,253.0,249.0,251.0,0.8,30416.0,238.6,183.0
CZBIL,9/16/2018,251.0,264.0,251.0,256.0,1.99,58127.0,238.6,183.0
CZBIL,9/17/2018,260.0,260.0,252.0,257.0,0.39,16546.0,238.6,183.0
CZBIL,9/18/2018,257.0,257.0,252.0,256.0,-0.39,13346.0,238.6,183.0
CZBIL,9/20/2018,252.0,257.0,250.0,252.0,-1.56,9618.0,238.6,183.0
CZBIL,9/23/2018,248.0,260.0,248.0,256.0,1.59,17121.0,238.6,183.0
CZBIL,9/25/2018,256.0,265.0,255.0,266.0,3.91,53420.0,238.6,183.0
CZBIL,9/26/2018,260.0,273.0,260.0,268.0,0.75,54511.0,238.6,183.0
CZBIL,9/27/2018,269.0,270.0,261.0,262.0,-2.24,14845.0,238.6,183.0
CZBIL,9/30/2018,258.0,260.0,253.0,256.0,-2.29,23605.0,238.6,183.0
CZBIL,10/1/2018,260.0,260.0,249.0,249.0,-2.73,37082.0,238.6,183.0
CZBIL,10/2/2018,246.0,255.0,246.0,251.0,0.8,16875.0,238.6,183.0
CZBIL,10/3/2018,250.0,251.0,247.0,249.0,-0.8,10418.0,238.6,183.0
CZBIL,10/4/2018,248.0,249.0,242.0,242.0,-2.81,24441.0,238.6,183.0
CZBIL,10/7/2018,242.0,244.0,237.0,239.0,-1.24,18674.0,238.6,183.0
CZBIL,10/8/2018,238.0,244.0,238.0,242.0,1.26,7495.0,238.6,183.0
CZBIL,10/9/2018,240.0,245.0,240.0,241.0,-0.41,9038.0,238.6,183.0
CZBIL,10/10/2018,240.0,243.0,239.0,241.0,0.0,4595.0,238.6,183.0
CZBIL,10/11/2018,241.0,248.0,241.0,248.0,2.9,2971.0,238.6,183.0
CZBIL,10/14/2018,245.0,253.0,245.0,253.0,2.02,4648.0,238.6,183.0
CZBIL,10/15/2018,255.0,257.0,248.0,248.0,-1.98,23238.0,238.6,183.0
CZBIL,10/21/2018,250.0,251.0,245.0,249.0,0.4,3416.0,238.6,183.0
CZBIL,10/22/2018,252.0,252.0,247.0,248.0,-0.4,7240.0,238.6,183.0
CZBIL,10/23/2018,251.0,251.0,246.0,247.0,-0.4,7189.0,238.6,183.0
CZBIL,10/24/2018,247.0,250.0,247.0,247.0,0.0,7770.0,238.6,183.0
CZBIL,10/25/2018,249.0,249.0,245.0,245.0,-0.81,12752.0,238.6,183.0
CZBIL,10/28/2018,244.0,244.0,241.0,241.0,-1.63,15855.0,238.6,183.0
CZBIL,10/29/2018,238.0,242.0,238.0,240.0,-0.41,8986.0,238.6,183.0
CZBIL,10/30/2018,240.0,245.0,240.0,245.0,2.08,6380.0,238.6,183.0
CZBIL,10/31/2018,242.0,244.0,241.0,243.0,-0.82,4536.0,238.6,183.0
CZBIL,11/1/2018,241.0,243.0,240.0,241.0,-0.82,10053.0,238.6,183.0
CZBIL,11/4/2018,241.0,241.0,235.0,235.0,-2.49,12366.0,238.6,183.0
CZBIL,11/5/2018,234.0,241.0,234.0,240.0,2.13,7917.0,238.6,183.0
CZBIL,11/6/2018,240.0,243.0,235.0,244.0,1.67,1496.0,238.6,183.0
CZBIL,11/11/2018,244.0,244.0,236.0,239.0,-2.05,3940.0,238.6,183.0
CZBIL,11/12/2018,235.0,239.0,235.0,236.0,-1.26,5104.0,238.6,183.0
CZBIL,11/13/2018,235.0,243.0,235.0,241.0,2.12,6153.0,238.6,183.0
CZBIL,11/14/2018,239.0,242.0,239.0,240.0,-0.41,6049.0,238.6,183.0
CZBIL,11/15/2018,240.0,241.0,239.0,239.0,-0.42,17803.0,238.6,183.0
CZBIL,11/18/2018,236.0,240.0,236.0,237.0,-0.84,15536.0,238.6,183.0
CZBIL,11/19/2018,236.0,238.0,234.0,238.0,0.42,12894.0,238.6,183.0
CZBIL,11/20/2018,235.0,238.0,235.0,235.0,-1.26,8917.0,238.6,183.0
CZBIL,11/21/2018,233.0,239.0,231.0,239.0,1.7,15428.0,238.6,183.0
CZBIL,11/22/2018,243.0,243.0,233.0,234.0,-2.09,8796.0,238.6,183.0
CZBIL,11/25/2018,232.0,234.0,230.0,231.0,-1.28,10919.0,238.6,183.0
CZBIL,11/26/2018,230.0,232.0,229.0,230.0,-0.43,18939.0,238.6,183.0
CZBIL,11/27/2018,231.0,233.0,231.0,231.0,0.43,9205.0,238.6,183.0
CZBIL,11/28/2018,230.0,232.0,229.0,230.0,-0.43,7673.0,238.6,183.0
CZBIL,11/29/2018,226.0,229.0,226.0,228.0,-0.87,8678.0,238.6,183.0
CZBIL,12/2/2018,230.0,230.0,225.0,228.0,0.0,16050.0,238.6,183.0
CZBIL,12/3/2018,228.0,232.0,227.0,229.0,0.44,10414.0,238.6,183.0
CZBIL,12/4/2018,229.0,229.0,227.0,228.0,-0.44,9922.0,238.6,183.0
CZBIL,12/5/2018,225.0,227.0,223.0,223.0,-2.19,14319.0,238.6,183.0
CZBIL,12/6/2018,221.0,227.0,219.0,222.0,-0.45,14962.0,238.6,183.0
CZBIL,12/9/2018,220.0,226.0,220.0,226.0,1.8,14564.0,238.6,183.0
CZBIL,12/10/2018,230.0,231.0,226.0,226.0,0.0,8555.0,238.6,183.0
CZBIL,12/11/2018,225.0,228.0,223.0,224.0,-0.88,23685.0,238.6,183.0
CZBIL,12/12/2018,220.0,220.0,210.0,215.0,-4.02,64093.0,238.6,183.0
CZBIL,12/13/2018,212.0,218.0,212.0,217.0,0.93,21327.0,238.6,183.0
CZBIL,12/16/2018,221.0,224.0,217.0,218.0,0.46,17803.0,238.6,183.0
CZBIL,12/17/2018,219.0,219.0,215.0,219.0,0.46,23573.0,238.6,183.0
CZBIL,12/18/2018,220.0,220.0,214.0,215.0,-1.83,27355.0,238.6,183.0
CZBIL,12/19/2018,214.0,216.0,213.0,214.0,-0.47,14861.0,238.6,183.0
CZBIL,12/20/2018,216.0,217.0,214.0,214.0,0.0,13624.0,238.6,183.0
CZBIL,12/23/2018,218.0,222.0,216.0,220.0,2.8,33217.0,238.6,183.0
CZBIL,12/24/2018,223.0,223.0,217.0,218.0,-0.91,23672.0,238.6,183.0
CZBIL,12/25/2018,216.0,220.0,215.0,220.0,0.92,29765.0,238.6,183.0
CZBIL,12/26/2018,220.0,228.0,217.0,225.0,2.27,27298.0,238.6,183.0
CZBIL,12/27/2018,227.0,229.0,221.0,221.0,-1.78,54059.0,238.6,183.0
CZBIL,12/30/2018,221.0,225.0,221.0,221.0,0.0,12126.0,238.6,183.0
CZBIL,12/31/2018,223.0,223.0,218.0,219.0,-0.9,22054.0,238.6,183.0
CZBIL,1/1/2019,207.0,215.0,207.0,212.0,-3.2,9030.0,238.6,183.0
CZBIL,1/2/2019,210.0,214.0,208.0,213.0,0.47,6528.0,238.6,183.0
CZBIL,1/3/2019,211.0,214.0,211.0,212.0,-0.47,8172.0,238.6,183.0
CZBIL,1/6/2019,212.0,212.0,210.0,210.0,-0.94,9439.0,238.6,183.0
CZBIL,1/7/2019,212.0,212.0,210.0,212.0,0.95,9537.0,238.6,183.0
CZBIL,1/8/2019,212.0,214.0,211.0,213.0,0.47,13172.0,238.6,183.0
CZBIL,1/9/2019,213.0,216.0,213.0,214.0,0.47,14658.0,238.6,183.0
CZBIL,1/10/2019,215.0,215.0,213.0,214.0,0.0,9341.0,238.6,183.0
CZBIL,1/13/2019,214.0,220.0,214.0,219.0,2.34,29154.0,238.6,183.0
CZBIL,1/14/2019,220.0,220.0,215.0,218.0,-0.46,5593.0,238.6,183.0
CZBIL,1/15/2019,216.0,219.0,215.0,218.0,0.0,11271.0,238.6,183.0
CZBIL,1/16/2019,218.0,219.0,216.0,219.0,0.46,8134.0,238.6,183.0
CZBIL,1/17/2019,217.0,218.0,215.0,218.0,-0.46,16613.0,238.6,183.0
CZBIL,1/20/2019,215.0,216.0,214.0,216.0,-0.92,6066.0,238.6,183.0
CZBIL,1/21/2019,214.0,216.0,213.0,213.0,-1.39,11076.0,238.6,183.0
CZBIL,1/22/2019,212.0,216.0,211.0,211.0,-0.94,22390.0,238.6,183.0
CZBIL,1/23/2019,215.0,215.0,212.0,213.0,0.95,21302.0,238.6,183.0
CZBIL,1/24/2019,212.0,214.0,212.0,212.0,-0.47,11672.0,238.6,183.0
CZBIL,1/27/2019,210.0,213.0,210.0,212.0,0.0,10566.0,238.6,183.0
CZBIL,1/28/2019,211.0,212.0,209.0,210.0,-0.94,12621.0,238.6,183.0
CZBIL,1/29/2019,210.0,212.0,210.0,210.0,0.0,9163.0,238.6,183.0
CZBIL,1/30/2019,214.0,214.0,209.0,210.0,0.0,5697.0,238.6,183.0
CZBIL,1/31/2019,211.0,212.0,205.0,209.0,-0.48,83921.0,238.6,183.0
CZBIL,2/3/2019,213.0,213.0,206.0,208.0,-0.48,17836.0,238.6,183.0
CZBIL,2/4/2019,207.0,208.0,205.0,207.0,-0.48,23500.0,238.6,183.0
CZBIL,2/5/2019,204.0,208.0,204.0,206.0,-0.48,5547.0,238.6,183.0
CZBIL,2/6/2019,206.0,207.0,205.0,205.0,-0.49,13690.0,238.6,183.0
CZBIL,2/7/2019,204.0,207.0,204.0,207.0,0.98,14436.0,238.6,183.0
CZBIL,2/10/2019,206.0,206.0,204.0,204.0,-1.45,9693.0,238.6,183.0
CZBIL,2/11/2019,204.0,208.0,203.0,204.0,0.0,10291.0,238.6,183.0
CZBIL,2/12/2019,204.0,205.0,203.0,205.0,0.49,4984.0,238.6,183.0
CZBIL,2/13/2019,205.0,206.0,200.0,203.0,-0.98,16306.0,238.6,183.0
CZBIL,2/14/2019,200.0,203.0,200.0,203.0,0.0,7305.0,238.6,183.0
CZBIL,2/17/2019,203.0,206.0,201.0,201.0,-0.99,15671.0,238.6,183.0
CZBIL,2/18/2019,200.0,203.0,200.0,202.0,0.5,8743.0,238.6,183.0
CZBIL,2/19/2019,200.0,203.0,200.0,203.0,0.5,17940.0,238.6,183.0
CZBIL,2/20/2019,205.0,205.0,201.0,201.0,-0.99,3895.0,238.6,183.0
CZBIL,2/21/2019,201.0,204.0,201.0,203.0,1.0,6729.0,238.6,183.0
CZBIL,2/24/2019,207.0,207.0,200.0,200.0,-1.48,9899.0,238.6,183.0
CZBIL,2/25/2019,199.0,202.0,199.0,202.0,1.0,4518.0,238.6,183.0
CZBIL,2/26/2019,201.0,202.0,201.0,201.0,-0.5,5373.0,238.6,183.0
CZBIL,2/27/2019,205.0,205.0,201.0,202.0,0.5,5641.0,238.6,183.0
CZBIL,3/3/2019,201.0,204.0,200.0,201.0,-0.5,10958.0,238.6,183.0
CZBIL,3/5/2019,201.0,202.0,200.0,201.0,0.0,9226.0,238.6,183.0
CZBIL,3/6/2019,200.0,204.0,200.0,204.0,1.49,6156.0,238.6,183.0
CZBIL,3/7/2019,203.0,208.0,202.0,208.0,1.96,18990.0,238.6,183.0
CZBIL,3/10/2019,208.0,208.0,204.0,206.0,-0.96,3673.0,238.6,183.0
CZBIL,3/11/2019,206.0,214.0,206.0,214.0,3.88,20883.0,238.6,183.0
CZBIL,3/12/2019,214.0,216.0,211.0,215.0,0.47,20549.0,238.6,183.0
CZBIL,3/13/2019,214.0,216.0,210.0,211.0,-1.86,29691.0,238.6,183.0
CZBIL,3/14/2019,205.0,211.0,205.0,210.0,-0.47,12417.0,238.6,183.0
CZBIL,3/17/2019,209.0,213.0,209.0,210.0,0.0,9374.0,238.6,183.0
CZBIL,3/18/2019,209.0,212.0,208.0,209.0,-0.48,12192.0,238.6,183.0
CZBIL,3/19/2019,209.0,209.0,207.0,208.0,-0.48,8689.0,238.6,183.0
CZBIL,3/21/2019,207.0,208.0,203.0,208.0,0.0,47537.0,238.6,183.0
CZBIL,3/24/2019,205.0,208.0,204.0,205.0,-1.44,10893.0,238.6,183.0
CZBIL,3/25/2019,204.0,208.0,204.0,206.0,0.49,13518.0,238.6,183.0
CZBIL,3/26/2019,205.0,209.0,205.0,209.0,1.46,6928.0,238.6,183.0
CZBIL,3/27/2019,209.0,209.0,206.0,208.0,-0.48,25554.0,238.6,183.0
CZBIL,3/28/2019,206.0,209.0,206.0,209.0,0.48,12193.0,238.6,183.0
CZBIL,3/31/2019,209.0,211.0,208.0,209.0,0.0,27052.0,238.6,183.0
CZBIL,4/1/2019,208.0,213.0,208.0,212.0,1.44,22963.0,238.6,183.0
CZBIL,4/2/2019,212.0,219.0,212.0,219.0,3.3,71664.0,238.6,183.0
CZBIL,4/3/2019,221.0,221.0,215.0,218.0,-0.46,42896.0,238.6,183.0
CZBIL,4/4/2019,215.0,219.0,215.0,216.0,-0.92,19707.0,238.6,183.0
CZBIL,4/7/2019,216.0,224.0,214.0,220.0,1.85,43037.0,238.6,183.0
CZBIL,4/8/2019,224.0,227.0,220.0,224.0,1.82,72055.0,238.6,183.0
CZBIL,4/9/2019,222.0,225.0,220.0,220.0,-1.79,14789.0,238.6,183.0
CZBIL,4/10/2019,217.0,225.0,217.0,222.0,0.91,13866.0,238.6,183.0
CZBIL,4/11/2019,223.0,223.0,221.0,223.0,0.45,13346.0,238.6,183.0
CZBIL,4/15/2019,221.0,224.0,220.0,223.0,0.0,14098.0,238.6,183.0
CZBIL,4/16/2019,224.0,229.0,223.0,227.0,1.79,21814.0,238.6,183.0
CZBIL,4/17/2019,230.0,235.0,226.0,234.0,3.08,54745.0,238.6,183.0
CZBIL,4/18/2019,234.0,238.0,233.0,237.0,1.28,47149.0,238.6,183.0
CZBIL,4/21/2019,237.0,237.0,229.0,233.0,-1.69,48389.0,238.6,183.0
CZBIL,4/22/2019,235.0,237.0,225.0,227.0,-2.58,47953.0,238.6,183.0
CZBIL,4/23/2019,225.0,230.0,225.0,230.0,1.32,42713.0,238.6,183.0
CZBIL,4/24/2019,226.0,236.0,226.0,235.0,2.17,50706.0,238.6,183.0
CZBIL,4/25/2019,238.0,242.0,233.0,235.0,0.0,51520.0,238.6,183.0
CZBIL,4/28/2019,239.0,243.0,228.0,230.0,-2.13,65587.0,238.6,183.0
CZBIL,4/29/2019,228.0,231.0,225.0,229.0,-0.43,23776.0,238.6,183.0
CZBIL,4/30/2019,226.0,231.0,225.0,228.0,-0.44,23438.0,238.6,183.0
CZBIL,5/2/2019,227.0,228.0,224.0,225.0,-1.32,23973.0,238.6,183.0
CZBIL,5/5/2019,223.0,225.0,221.0,221.0,-1.78,18303.0,238.6,183.0
CZBIL,5/6/2019,224.0,232.0,221.0,229.0,3.62,19184.0,238.6,183.0
CZBIL,5/7/2019,230.0,233.0,226.0,226.0,-1.31,28891.0,238.6,183.0
CZBIL,5/8/2019,229.0,229.0,225.0,225.0,-0.44,5207.0,238.6,183.0
CZBIL,5/9/2019,225.0,227.0,224.0,224.0,-0.44,15486.0,238.6,183.0
CZBIL,5/12/2019,220.0,225.0,220.0,225.0,0.45,13958.0,238.6,183.0
CZBIL,5/13/2019,226.0,226.0,222.0,224.0,-0.44,15186.0,238.6,183.0
CZBIL,5/14/2019,224.0,234.0,222.0,226.0,0.89,19358.0,238.6,183.0
CZBIL,5/15/2019,226.0,238.0,226.0,234.0,3.54,114893.0,238.6,183.0
CZBIL,5/16/2019,240.0,240.0,230.0,235.0,0.43,46218.0,238.6,183.0
CZBIL,5/19/2019,233.0,234.0,228.0,233.0,-0.85,22036.0,238.6,183.0
CZBIL,5/20/2019,230.0,235.0,229.0,229.0,-1.72,22558.0,238.6,183.0
CZBIL,5/21/2019,229.0,232.0,229.0,230.0,0.44,21743.0,238.6,183.0
CZBIL,5/22/2019,232.0,234.0,230.0,232.0,0.87,30698.0,238.6,183.0
CZBIL,5/23/2019,232.0,232.0,227.0,230.0,-0.86,20495.0,238.6,183.0
CZBIL,5/26/2019,232.0,232.0,226.0,228.0,-0.87,18909.0,238.6,183.0
CZBIL,5/27/2019,225.0,228.0,225.0,225.0,-1.32,22869.0,238.6,183.0
CZBIL,5/28/2019,225.0,229.0,224.0,225.0,0.0,17524.0,238.6,183.0
CZBIL,5/29/2019,225.0,230.0,225.0,228.0,1.33,10014.0,238.6,183.0
CZBIL,5/30/2019,239.0,240.0,227.0,227.0,-0.44,69473.0,238.6,183.0
CZBIL,6/2/2019,227.0,230.0,225.0,229.0,0.88,15169.0,238.6,183.0
CZBIL,6/3/2019,234.0,234.0,224.0,224.0,-2.18,26445.0,238.6,183.0
CZBIL,6/4/2019,225.0,226.0,223.0,223.0,-0.45,21630.0,238.6,183.0
CZBIL,6/6/2019,223.0,225.0,222.0,222.0,-0.45,12346.0,238.6,183.0
CZBIL,6/10/2019,221.0,224.0,221.0,221.0,-0.45,34448.0,238.6,183.0
CZBIL,6/11/2019,221.0,225.0,221.0,222.0,0.45,11614.0,238.6,183.0
CZBIL,6/12/2019,223.0,223.0,221.0,223.0,0.45,15898.0,238.6,183.0
CZBIL,6/13/2019,223.0,223.0,220.0,222.0,-0.45,21862.0,238.6,183.0
CZBIL,6/16/2019,220.0,222.0,218.0,220.0,-0.9,35029.0,238.6,183.0
CZBIL,6/17/2019,220.0,223.0,218.0,221.0,0.45,18206.0,238.6,183.0
CZBIL,6/18/2019,219.0,224.0,219.0,224.0,1.36,10367.0,238.6,183.0
CZBIL,6/19/2019,224.0,224.0,221.0,222.0,-0.89,10414.0,238.6,183.0
CZBIL,6/20/2019,222.0,224.0,220.0,222.0,0.0,23809.0,238.6,183.0
CZBIL,6/23/2019,221.0,222.0,219.0,221.0,-0.45,17230.0,238.6,183.0
CZBIL,6/24/2019,220.0,221.0,219.0,220.0,-0.45,16377.0,238.6,183.0
CZBIL,6/25/2019,218.0,223.0,217.0,220.0,0.0,38333.0,238.6,183.0
CZBIL,6/26/2019,220.0,223.0,218.0,218.0,-0.91,41255.0,238.6,183.0
CZBIL,6/27/2019,220.0,223.0,220.0,221.0,1.38,11776.0,238.6,183.0
CZBIL,6/30/2019,221.0,229.0,220.0,220.0,-0.45,22615.0,238.6,183.0
CZBIL,7/1/2019,220.0,223.0,218.0,220.0,0.0,12273.0,238.6,183.0
CZBIL,7/2/2019,221.0,224.0,220.0,224.0,1.82,20121.0,238.6,183.0
CZBIL,7/3/2019,226.0,228.0,222.0,226.0,0.89,23227.0,238.6,183.0
CZBIL,7/4/2019,226.0,227.0,224.0,224.0,-0.88,31885.0,238.6,183.0
CZBIL,7/7/2019,223.0,226.0,221.0,223.0,-0.45,18417.0,238.6,183.0
CZBIL,7/8/2019,223.0,223.0,220.0,220.0,-1.35,33842.0,238.6,183.0
CZBIL,7/9/2019,220.0,222.0,219.0,220.0,0.0,8706.0,238.6,183.0
CZBIL,7/10/2019,224.0,224.0,221.0,222.0,0.91,10551.0,238.6,183.0
CZBIL,7/11/2019,223.0,225.0,222.0,222.0,0.0,31664.0,238.6,183.0
CZBIL,7/14/2019,223.0,226.0,221.0,222.0,0.0,14215.0,238.6,183.0
CZBIL,7/15/2019,220.0,225.0,220.0,225.0,1.35,10727.0,238.6,183.0
CZBIL,7/16/2019,222.0,225.0,222.0,224.0,-0.44,10287.0,238.6,183.0
CZBIL,7/17/2019,224.0,229.0,222.0,229.0,2.23,16707.0,238.6,183.0
CZBIL,7/18/2019,230.0,231.0,227.0,227.0,-0.87,12662.0,238.6,183.0
CZBIL,7/21/2019,228.0,228.0,225.0,227.0,0.0,9513.0,238.6,183.0
CZBIL,7/22/2019,225.0,231.0,225.0,228.0,0.44,13540.0,238.6,183.0
CZBIL,7/23/2019,228.0,232.0,228.0,231.0,1.32,37268.0,238.6,183.0
CZBIL,7/24/2019,231.0,233.0,230.0,232.0,0.43,21060.0,238.6,183.0
CZBIL,7/25/2019,230.0,232.0,227.0,228.0,-1.72,33283.0,238.6,183.0
CZBIL,7/28/2019,227.0,227.0,221.0,226.0,-0.88,28081.0,238.6,183.0
CZBIL,7/29/2019,225.0,226.0,223.0,224.0,-0.88,15965.0,238.6,183.0
CZBIL,7/30/2019,224.0,227.0,224.0,227.0,1.34,12165.0,238.6,183.0
CZBIL,7/31/2019,225.0,226.0,223.0,226.0,-0.44,11169.0,238.6,183.0
CZBIL,8/1/2019,225.0,226.0,223.0,224.0,-0.88,9700.0,238.6,183.0
CZBIL,8/4/2019,226.0,226.0,222.0,223.0,-0.45,9751.0,238.6,183.0
CZBIL,8/5/2019,221.0,225.0,221.0,223.0,0.0,47553.0,238.6,183.0
CZBIL,8/6/2019,223.0,223.0,220.0,221.0,-0.9,18574.0,238.6,183.0
CZBIL,8/7/2019,219.0,223.0,219.0,221.0,0.0,13160.0,238.6,183.0
CZBIL,8/8/2019,221.0,221.0,220.0,221.0,0.0,9053.0,238.6,183.0
CZBIL,8/11/2019,221.0,221.0,219.0,219.0,-0.9,11066.0,238.6,183.0
CZBIL,8/12/2019,219.0,222.0,219.0,220.0,0.46,8456.0,238.6,183.0
CZBIL,8/13/2019,220.0,221.0,218.0,220.0,0.0,15697.0,238.6,183.0
CZBIL,8/14/2019,219.0,220.0,217.0,217.0,-1.36,13725.0,238.6,183.0
CZBIL,8/15/2019,218.0,219.0,216.0,219.0,0.92,5797.0,238.6,183.0
CZBIL,8/18/2019,220.0,220.0,216.0,217.0,-0.91,10765.0,238.6,183.0
CZBIL,8/19/2019,217.0,222.0,216.0,218.0,0.46,20165.0,238.6,183.0
CZBIL,8/20/2019,218.0,219.0,215.0,216.0,-0.92,11654.0,238.6,183.0
CZBIL,8/21/2019,217.0,217.0,214.0,215.0,-0.46,16029.0,238.6,183.0
CZBIL,8/22/2019,216.0,218.0,214.0,214.0,-0.47,20099.0,238.6,183.0
CZBIL,8/25/2019,213.0,216.0,212.0,214.0,0.0,11279.0,238.6,183.0
CZBIL,8/26/2019,213.0,216.0,213.0,215.0,0.47,17199.0,238.6,183.0
CZBIL,8/27/2019,219.0,220.0,216.0,218.0,1.4,30562.0,238.6,183.0
CZBIL,8/28/2019,222.0,222.0,217.0,218.0,0.0,17868.0,238.6,183.0
CZBIL,8/29/2019,219.0,220.0,217.0,217.0,-0.46,15166.0,238.6,183.0
CZBIL,9/1/2019,218.0,218.0,216.0,216.0,-0.46,36822.0,238.6,183.0
CZBIL,9/2/2019,216.0,216.0,215.0,215.0,-0.46,20342.0,238.6,183.0
CZBIL,9/3/2019,214.0,220.0,214.0,220.0,2.33,18411.0,238.6,183.0
CZBIL,9/4/2019,217.0,221.0,216.0,219.0,-0.45,25364.0,238.6,183.0
CZBIL,9/5/2019,218.0,223.0,218.0,219.0,0.0,66045.0,238.6,183.0
CZBIL,9/8/2019,219.0,223.0,219.0,220.0,0.46,34359.0,238.6,183.0
CZBIL,9/9/2019,222.0,222.0,219.0,222.0,0.91,18743.0,238.6,183.0
CZBIL,9/10/2019,222.0,224.0,221.0,222.0,0.0,20601.0,238.6,183.0
CZBIL,9/11/2019,221.0,223.0,220.0,222.0,0.0,10203.0,238.6,183.0
CZBIL,9/12/2019,220.0,223.0,220.0,222.0,0.0,19670.0,238.6,183.0
CZBIL,9/15/2019,222.0,222.0,218.0,218.0,-1.8,26677.0,238.6,183.0
CZBIL,9/16/2019,219.0,219.0,216.0,217.0,-0.46,68915.0,238.6,183.0
CZBIL,9/17/2019,207.0,207.0,193.0,200.0,-7.83,38517.0,238.6,183.0
CZBIL,9/18/2019,201.0,202.0,199.0,202.0,1.0,18139.0,238.6,183.0
CZBIL,9/19/2019,199.0,204.0,198.0,201.0,-0.5,11288.0,238.6,183.0
CZBIL,9/22/2019,196.0,196.0,194.0,194.0,-3.48,12771.0,238.6,183.0
CZBIL,9/23/2019,194.0,196.0,193.0,196.0,1.03,8949.0,238.6,183.0
CZBIL,9/24/2019,194.0,196.0,191.0,193.0,-1.53,10812.0,238.6,183.0
CZBIL,9/25/2019,193.0,193.0,192.0,192.0,-0.52,4644.0,238.6,183.0
CZBIL,9/26/2019,192.0,194.0,192.0,193.0,0.52,6553.0,238.6,183.0
CZBIL,9/29/2019,191.0,193.0,191.0,193.0,0.0,5492.0,238.6,183.0
CZBIL,9/30/2019,192.0,195.0,190.0,193.0,0.0,1218.0,238.6,183.0
CZBIL,10/1/2019,192.0,197.0,192.0,194.0,0.52,4667.0,238.6,183.0
CZBIL,10/2/2019,195.0,196.0,194.0,196.0,1.03,3679.0,238.6,183.0
CZBIL,10/3/2019,197.0,199.0,196.0,198.0,1.02,4578.0,238.6,183.0
CZBIL,10/10/2019,197.0,197.0,196.0,197.0,-0.51,1894.0,238.6,183.0
CZBIL,10/14/2019,196.0,197.0,194.0,194.0,-1.52,7886.0,238.6,183.0
CZBIL,10/15/2019,194.0,196.0,192.0,193.0,-0.52,10595.0,238.6,183.0
CZBIL,10/16/2019,192.0,195.0,192.0,194.0,0.52,6424.0,238.6,183.0
CZBIL,10/17/2019,194.0,195.0,192.0,194.0,0.0,3695.0,238.6,183.0
CZBIL,10/20/2019,197.0,200.0,192.0,193.0,-0.52,3664.0,238.6,183.0
CZBIL,10/21/2019,192.0,193.0,191.0,192.0,-0.52,4744.0,238.6,183.0
CZBIL,10/22/2019,190.0,196.0,190.0,196.0,2.08,5188.0,238.6,183.0
CZBIL,10/23/2019,197.0,197.0,195.0,196.0,0.0,8363.0,238.6,183.0
CZBIL,10/24/2019,197.0,198.0,195.0,197.0,0.51,17098.0,238.6,183.0
CZBIL,10/31/2019,195.0,195.0,191.0,192.0,-2.54,27122.0,238.6,183.0
CZBIL,11/3/2019,192.0,192.0,191.0,192.0,0.0,4051.0,238.6,183.0
CZBIL,11/4/2019,191.0,192.0,190.0,191.0,-0.52,7564.0,238.6,183.0
CZBIL,11/5/2019,192.0,194.0,190.0,192.0,0.52,9041.0,238.6,183.0
CZBIL,11/6/2019,190.0,192.0,190.0,191.0,-0.52,7745.0,238.6,183.0
CZBIL,11/7/2019,190.0,191.0,188.0,190.0,-0.52,13838.0,238.6,183.0
CZBIL,11/10/2019,190.0,191.0,189.0,190.0,0.0,18782.0,238.6,183.0
CZBIL,11/11/2019,189.0,192.0,188.0,191.0,0.53,9920.0,238.6,183.0
CZBIL,11/12/2019,189.0,190.0,188.0,189.0,-1.05,10778.0,238.6,183.0
CZBIL,11/13/2019,190.0,190.0,188.0,188.0,-0.53,5122.0,238.6,183.0
CZBIL,11/14/2019,188.0,190.0,187.0,187.0,-0.53,11948.0,238.6,183.0
CZBIL,11/17/2019,186.0,187.0,185.0,186.0,-0.53,11381.0,238.6,183.0
CZBIL,11/18/2019,187.0,187.0,185.0,185.0,-0.54,5086.0,238.6,183.0
CZBIL,11/19/2019,185.0,186.0,184.0,186.0,0.54,1971.0,238.6,183.0
CZBIL,11/20/2019,186.0,187.0,184.0,184.0,-1.08,8031.0,238.6,183.0
CZBIL,11/21/2019,185.0,186.0,182.0,183.0,-0.54,9698.0,238.6,183.0
CZBIL,11/24/2019,182.0,182.0,180.0,182.0,-0.55,12841.0,238.6,183.0
CZBIL,11/25/2019,181.0,184.0,180.0,182.0,0.0,34136.0,238.6,183.0
CZBIL,11/26/2019,182.0,183.0,180.0,180.0,-1.1,13398.0,238.6,183.0
CZBIL,11/27/2019,180.0,182.0,179.0,180.0,0.0,5675.0,238.6,183.0
CZBIL,11/28/2019,180.0,181.0,179.0,180.0,0.0,13164.0,238.6,183.0
CZBIL,12/1/2019,180.0,181.0,178.0,180.0,0.0,6267.0,238.6,183.0
CZBIL,12/2/2019,179.0,183.0,179.0,181.0,0.56,2372.0,238.6,183.0
CZBIL,12/3/2019,181.0,184.0,180.0,183.0,1.1,7072.0,238.6,183.0
CZBIL,12/4/2019,182.0,184.0,181.0,182.0,-0.55,3403.0,238.6,183.0
CZBIL,12/5/2019,184.0,186.0,183.0,183.0,0.55,5007.0,238.6,183.0
CZBIL,12/8/2019,183.0,183.0,181.0,182.0,-0.55,3405.0,238.6,183.0
CZBIL,12/9/2019,183.0,187.0,182.0,187.0,2.75,8672.0,238.6,183.0
CZBIL,12/10/2019,187.0,188.0,184.0,184.0,-1.6,15232.0,238.6,183.0
CZBIL,12/11/2019,185.0,190.0,184.0,189.0,2.72,7202.0,238.6,183.0
CZBIL,12/12/2019,189.0,189.0,185.0,189.0,0.0,6690.0,238.6,183.0
CZBIL,12/15/2019,190.0,193.0,187.0,188.0,-0.53,24380.0,238.6,183.0
CZBIL,12/16/2019,190.0,190.0,186.0,186.0,-1.06,6202.0,238.6,183.0
CZBIL,12/17/2019,185.0,187.0,185.0,185.0,-0.54,7561.0,238.6,183.0
CZBIL,12/18/2019,187.0,187.0,186.0,186.0,0.54,3913.0,238.6,183.0
CZBIL,12/19/2019,184.0,186.0,184.0,184.0,-1.08,7853.0,238.6,183.0
CZBIL,12/22/2019,183.0,184.0,182.0,183.0,-0.54,7386.0,238.6,183.0
CZBIL,12/23/2019,182.0,185.0,182.0,183.0,0.0,8221.0,238.6,183.0
CZBIL,12/24/2019,182.0,185.0,182.0,182.0,-0.55,9076.0,238.6,183.0
CZBIL,12/25/2019,182.0,183.0,180.0,183.0,0.55,17496.0,238.6,183.0
CZBIL,12/26/2019,182.0,183.0,181.0,182.0,-0.55,5034.0,238.6,183.0
CZBIL,12/29/2019,182.0,182.0,180.0,182.0,0.0,7622.0,238.6,183.0
CZBIL,12/30/2019,182.0,182.0,180.0,182.0,0.0,7439.0,238.6,183.0
CZBIL,12/31/2019,181.0,183.0,180.0,181.0,-0.55,13368.0,238.6,183.0
CZBIL,1/1/2020,181.0,183.0,181.0,183.0,1.1,3921.0,238.6,183.0
CZBIL,1/2/2020,182.0,183.0,181.0,181.0,-1.09,5731.0,238.6,183.0
CZBIL,1/5/2020,183.0,189.0,181.0,186.0,2.76,14943.0,238.6,183.0
CZBIL,1/6/2020,189.0,198.0,188.0,195.0,4.84,46510.0,238.6,183.0
CZBIL,1/7/2020,196.0,200.0,193.0,198.0,1.54,36650.0,238.6,183.0
CZBIL,1/8/2020,200.0,200.0,193.0,193.0,-2.53,27516.0,238.6,183.0
CZBIL,1/9/2020,193.0,196.0,192.0,194.0,0.52,8453.0,238.6,183.0
CZBIL,1/12/2020,193.0,199.0,193.0,199.0,2.58,28231.0,238.6,183.0
CZBIL,1/13/2020,202.0,205.0,199.0,203.0,2.01,83368.0,238.6,183.0
CZBIL,1/14/2020,204.0,204.0,198.0,198.0,-2.46,23479.0,238.6,183.0
CZBIL,1/15/2020,201.0,206.0,198.0,203.0,2.53,41925.0,238.6,183.0
CZBIL,1/16/2020,207.0,214.0,204.0,209.0,2.96,64105.0,238.6,183.0
CZBIL,1/19/2020,213.0,213.0,209.0,213.0,1.91,48217.0,238.6,183.0
CZBIL,1/20/2020,209.0,210.0,201.0,203.0,-4.69,83732.0,238.6,183.0
CZBIL,1/21/2020,201.0,207.0,200.0,201.0,-0.99,36742.0,238.6,183.0
CZBIL,1/22/2020,205.0,205.0,197.0,197.0,-1.99,15152.0,238.6,183.0
CZBIL,1/23/2020,195.0,201.0,194.0,195.0,-1.02,36287.0,238.6,183.0
CZBIL,1/26/2020,193.0,194.0,190.0,190.0,-2.56,41253.0,238.6,183.0
CZBIL,1/27/2020,189.0,197.0,189.0,192.0,1.05,18704.0,238.6,183.0
CZBIL,1/28/2020,194.0,195.0,190.0,190.0,-1.04,29650.0,238.6,183.0
CZBIL,1/29/2020,191.0,194.0,190.0,192.0,1.05,25062.0,238.6,183.0
CZBIL,1/30/2020,192.0,198.0,191.0,195.0,1.56,29778.0,238.6,183.0
CZBIL,2/2/2020,197.0,204.0,195.0,200.0,2.56,59216.0,238.6,183.0
CZBIL,2/3/2020,203.0,205.0,200.0,203.0,1.5,33047.0,238.6,183.0
CZBIL,2/4/2020,203.0,203.0,199.0,199.0,-1.97,20044.0,238.6,183.0
CZBIL,2/5/2020,199.0,200.0,197.0,198.0,-0.5,17835.0,238.6,183.0
CZBIL,2/6/2020,198.0,199.0,197.0,198.0,0.0,14612.0,238.6,183.0
CZBIL,2/9/2020,197.0,198.0,195.0,195.0,-1.52,11077.0,238.6,183.0
CZBIL,2/10/2020,194.0,196.0,193.0,194.0,-0.51,16190.0,238.6,183.0
CZBIL,2/11/2020,196.0,199.0,194.0,198.0,2.06,21786.0,238.6,183.0
CZBIL,2/12/2020,200.0,200.0,195.0,195.0,-1.52,25704.0,238.6,183.0
CZBIL,2/13/2020,195.0,198.0,193.0,194.0,-0.51,17925.0,238.6,183.0
CZBIL,2/16/2020,196.0,196.0,191.0,194.0,0.0,26503.0,238.6,183.0
CZBIL,2/17/2020,197.0,200.0,196.0,198.0,2.06,46332.0,238.6,183.0
CZBIL,2/18/2020,200.0,205.0,195.0,198.0,0.0,58010.0,238.6,183.0
CZBIL,2/19/2020,197.0,200.0,197.0,199.0,0.51,23910.0,238.6,183.0
CZBIL,2/20/2020,200.0,200.0,196.0,199.0,0.0,28890.0,238.6,183.0
CZBIL,2/23/2020,201.0,218.0,199.0,211.0,6.03,132558.0,238.6,183.0
CZBIL,2/24/2020,215.0,220.0,209.0,211.0,0.0,122290.0,238.6,183.0
CZBIL,2/25/2020,210.0,213.0,207.0,213.0,0.95,53606.0,238.6,183.0
CZBIL,2/26/2020,216.0,219.0,213.0,219.0,2.82,108347.0,238.6,183.0
CZBIL,2/27/2020,215.0,230.0,209.0,230.0,5.02,196970.0,238.6,183.0
CZBIL,3/1/2020,234.0,240.0,224.0,224.0,-2.61,185284.0,238.6,183.0
CZBIL,3/2/2020,221.0,224.0,213.0,213.0,-4.91,81135.0,238.6,183.0
CZBIL,3/3/2020,209.0,223.0,205.0,212.0,-0.47,105104.0,238.6,183.0
CZBIL,3/4/2020,212.0,215.0,204.0,208.0,-1.89,109394.0,238.6,183.0
CZBIL,3/5/2020,205.0,208.0,202.0,204.0,-1.92,62896.0,238.6,183.0
CZBIL,3/10/2020,200.0,200.0,192.0,192.0,-5.88,51278.0,238.6,183.0
CZBIL,3/11/2020,195.0,202.0,190.0,202.0,5.21,51654.0,238.6,183.0
CZBIL,3/12/2020,202.0,203.0,193.0,195.0,-3.47,51492.0,238.6,183.0
CZBIL,3/15/2020,192.0,192.0,185.0,190.0,-2.56,65859.0,238.6,183.0
CZBIL,3/16/2020,187.0,193.0,184.0,191.0,0.53,44594.0,238.6,183.0
CZBIL,3/17/2020,190.0,190.0,184.0,186.0,-2.62,38982.0,238.6,183.0
CZBIL,3/18/2020,184.0,185.0,180.0,185.0,-0.54,50199.0,238.6,183.0
CZBIL,3/19/2020,182.0,188.0,177.0,185.0,0.0,55519.0,238.6,183.0
CZBIL,3/22/2020,183.0,184.0,180.0,180.0,-2.7,3796.0,238.6,183.0
CZBIL,5/13/2020,177.0,177.0,175.0,175.0,-2.78,23.0,238.6,183.0
CZBIL,6/29/2020,172.0,172.0,164.0,173.0,-1.14,12624.0,238.6,183.0
CZBIL,6/30/2020,171.0,180.0,170.0,180.0,4.05,2569.0,238.6,183.0
CZBIL,7/1/2020,182.0,198.0,182.0,198.0,10.0,4143.0,238.6,183.0
CZBIL,7/2/2020,201.0,201.0,183.0,185.0,-6.57,7729.0,238.6,183.0
CZBIL,7/5/2020,182.0,186.0,176.0,184.0,-0.54,21920.0,238.6,183.0
CZBIL,7/6/2020,184.0,192.0,183.0,187.0,1.63,24947.0,238.6,183.0
CZBIL,7/7/2020,184.0,194.0,184.0,191.0,2.14,22034.0,238.6,183.0
CZBIL,7/8/2020,191.0,192.0,185.0,186.0,-2.62,25367.0,238.6,183.0
CZBIL,7/9/2020,185.0,188.0,183.0,185.0,-0.54,31474.0,238.6,183.0
CZBIL,7/12/2020,185.0,191.0,183.0,186.0,0.54,18591.0,238.6,183.0
CZBIL,7/13/2020,189.0,189.0,183.0,185.0,-0.54,18021.0,238.6,183.0
CZBIL,7/14/2020,184.0,186.0,183.0,186.0,0.54,21912.0,238.6,183.0
CZBIL,7/15/2020,186.0,188.0,185.0,188.0,1.08,28221.0,238.6,183.0
CZBIL,7/16/2020,190.0,196.0,190.0,194.0,3.19,27595.0,238.6,183.0
CZBIL,7/19/2020,197.0,204.0,197.0,204.0,5.15,30.0,238.6,183.0
CZBIL,7/20/2020,214.0,224.0,202.0,208.0,1.96,142944.0,238.6,183.0
CZBIL,7/21/2020,207.0,209.0,203.0,205.0,-1.44,70175.0,238.6,183.0
CZBIL,7/22/2020,207.0,210.0,199.0,202.0,-1.46,31673.0,238.6,183.0
CZBIL,7/23/2020,212.0,212.0,197.0,201.0,-0.5,22688.0,238.6,183.0
CZBIL,7/26/2020,202.0,204.0,199.0,203.0,1.0,48485.0,238.6,183.0
CZBIL,7/27/2020,200.0,204.0,200.0,200.0,-1.48,34011.0,238.6,183.0
CZBIL,7/28/2020,199.0,201.0,199.0,200.0,0.0,41744.0,238.6,183.0
CZBIL,7/29/2020,198.0,200.0,196.0,196.0,-2.0,39571.0,238.6,183.0
CZBIL,7/30/2020,196.0,198.0,194.0,196.0,0.0,17313.0,238.6,183.0
CZBIL,8/2/2020,197.0,199.0,194.0,195.0,-0.51,62141.0,238.6,183.0
CZBIL,8/3/2020,195.0,197.0,191.0,197.0,1.03,40578.0,238.6,183.0
CZBIL,8/5/2020,197.0,200.0,194.0,194.0,-1.52,42112.0,238.6,183.0
CZBIL,8/6/2020,194.0,198.0,191.83,196.0,1.03,45975.0,238.6,183.0
CZBIL,8/9/2020,199.0,199.0,193.0,197.0,0.51,35451.0,238.6,183.0
CZBIL,8/10/2020,197.0,201.0,196.0,201.0,2.03,54068.0,238.6,183.0
CZBIL,8/11/2020,210.0,210.0,198.0,201.0,0.0,35252.0,238.6,183.0
CZBIL,8/12/2020,199.0,202.0,198.0,201.0,0.0,30709.0,238.6,183.0
CZBIL,8/13/2020,197.0,200.0,195.0,198.0,-1.49,42795.0,238.6,183.0
CZBIL,8/16/2020,195.0,196.0,193.0,194.0,-2.02,29924.0,238.6,183.0
CZBIL,8/17/2020,192.0,195.0,191.0,195.0,0.52,19727.0,238.6,183.0
CZBIL,8/18/2020,195.0,196.0,193.0,193.0,-1.03,21697.0,238.6,183.0
CZBIL,8/19/2020,190.0,193.0,190.0,191.0,-1.04,37133.0,238.6,183.0
CZBIL,8/20/2020,190.0,193.0,190.0,193.0,1.05,12716.0,238.6,183.0
CZBIL,8/23/2020,195.0,196.0,190.0,193.0,0.0,14989.0,238.6,183.0
CZBIL,8/24/2020,191.0,197.0,191.0,194.0,0.52,19219.0,238.6,183.0
CZBIL,8/25/2020,194.0,195.0,192.0,193.0,-0.52,16641.0,238.6,183.0
CZBIL,8/26/2020,193.0,198.0,192.0,197.0,2.07,37107.0,238.6,183.0
CZBIL,8/27/2020,200.0,204.0,194.0,194.0,-1.52,45878.0,238.6,183.0
CZBIL,8/30/2020,194.0,194.0,191.0,194.0,0.0,20730.0,238.6,183.0
CZBIL,8/31/2020,193.0,196.0,192.0,193.0,-0.52,62981.0,238.6,183.0
CZBIL,9/2/2020,196.0,198.0,194.0,197.0,2.07,62447.0,238.6,183.0
CZBIL,9/3/2020,198.0,199.0,194.0,194.0,-1.52,35840.0,238.6,183.0
CZBIL,9/6/2020,202.0,203.0,194.0,195.0,0.52,56911.0,238.6,183.0
CZBIL,9/7/2020,195.0,195.0,192.0,194.0,-0.51,41749.0,238.6,183.0
CZBIL,9/8/2020,192.0,195.0,192.0,194.0,0.0,33357.0,238.6,183.0
CZBIL,9/9/2020,192.0,194.0,192.0,194.0,0.0,29906.0,238.6,183.0
CZBIL,9/10/2020,194.0,197.0,192.0,194.0,0.0,41875.0,238.6,183.0
CZBIL,9/13/2020,203.0,203.0,191.0,196.0,1.03,46331.0,238.6,183.0
CZBIL,9/14/2020,196.0,199.0,195.0,196.0,0.0,62473.0,238.6,183.0
CZBIL,9/15/2020,198.0,200.0,194.0,195.0,-0.51,51999.0,238.6,183.0
CZBIL,9/16/2020,194.0,196.0,193.0,196.0,0.51,43447.0,238.6,183.0
CZBIL,9/17/2020,205.0,205.0,194.0,203.0,3.57,112827.0,238.6,183.0
CZBIL,9/20/2020,213.0,213.0,205.0,208.0,2.46,114980.0,238.6,183.0
CZBIL,9/21/2020,210.0,212.0,205.0,209.0,0.48,122040.0,238.6,183.0
CZBIL,9/22/2020,207.0,209.0,201.0,204.0,-2.39,90800.0,238.6,183.0
CZBIL,9/23/2020,205.0,205.0,201.0,204.0,0.0,38028.0,238.6,183.0
CZBIL,9/24/2020,202.0,209.0,202.0,207.0,1.47,66787.0,238.6,183.0
CZBIL,9/27/2020,208.0,216.0,207.0,212.0,2.42,152800.0,238.6,183.0
CZBIL,9/28/2020,215.0,217.0,210.0,213.0,0.47,68104.0,238.6,183.0
CZBIL,9/29/2020,210.0,211.0,208.0,208.0,-2.35,33830.0,238.6,183.0
CZBIL,9/30/2020,204.0,210.0,204.0,209.0,0.48,50056.0,238.6,183.0
CZBIL,10/1/2020,211.0,215.0,210.0,214.0,2.39,110411.0,238.6,183.0
CZBIL,10/4/2020,217.0,218.0,213.0,217.0,1.4,122041.0,238.6,183.0
CZBIL,10/5/2020,216.0,231.0,216.0,222.0,2.3,199758.0,238.6,183.0
CZBIL,10/6/2020,224.0,224.0,218.0,220.0,-0.9,68799.0,238.6,183.0
CZBIL,10/7/2020,221.0,225.0,218.0,222.0,0.91,83043.0,238.6,183.0
CZBIL,10/8/2020,221.0,226.0,220.0,221.0,-0.45,78663.0,238.6,183.0
CZBIL,10/11/2020,220.0,222.0,216.0,217.0,-1.81,73674.0,238.6,183.0
CZBIL,10/12/2020,217.0,219.0,213.0,219.0,0.92,38207.0,238.6,183.0
CZBIL,10/13/2020,210.0,220.0,210.0,216.0,-1.37,54842.0,238.6,183.0
CZBIL,10/14/2020,214.0,217.0,213.0,215.0,-0.46,33569.0,238.6,183.0
CZBIL,10/15/2020,218.0,219.0,213.0,215.0,0.0,35095.0,238.6,183.0
CZBIL,10/18/2020,220.0,220.0,212.0,213.0,-0.93,30984.0,238.6,183.0
CZBIL,10/19/2020,214.0,224.0,213.0,220.0,3.29,125528.0,238.6,183.0
CZBIL,10/20/2020,225.0,225.0,219.0,220.0,0.0,72684.0,238.6,183.0
CZBIL,10/21/2020,223.0,224.0,218.0,221.0,0.45,56875.0,238.6,183.0
CZBIL,10/22/2020,222.0,222.0,219.0,220.0,-0.45,93641.0,238.6,183.0
CZBIL,10/28/2020,225.0,242.0,225.0,241.0,9.55,456474.0,238.6,183.0
CZBIL,10/29/2020,253.0,253.0,238.0,239.0,-0.83,295967.0,238.6,183.0
CZBIL,11/1/2020,242.0,242.0,235.0,237.0,-0.84,135786.0,238.6,183.0
CZBIL,11/2/2020,237.0,238.0,232.0,232.0,-2.11,111441.0,238.6,183.0
CZBIL,11/3/2020,232.0,237.0,232.0,234.0,0.86,75511.0,238.6,183.0
CZBIL,11/4/2020,233.0,235.0,232.0,233.0,-0.43,62713.0,238.6,183.0
CZBIL,11/5/2020,236.0,236.0,232.0,232.0,-0.43,88066.0,238.6,183.0
CZBIL,11/8/2020,234.0,236.0,232.0,233.0,0.43,89526.0,238.6,183.0
CZBIL,11/9/2020,224.0,235.0,224.0,231.0,-0.86,104025.0,238.6,183.0
CZBIL,11/10/2020,231.0,234.0,230.0,231.0,0.0,111310.0,238.6,183.0
CZBIL,11/11/2020,232.0,235.0,231.0,234.0,1.3,52445.0,238.6,183.0
CZBIL,11/12/2020,234.0,240.0,234.0,238.0,1.71,89079.0,238.6,183.0
CZBIL,11/18/2020,240.0,242.0,236.0,240.0,0.84,105328.0,238.6,183.0
CZBIL,11/19/2020,243.0,244.0,237.0,238.0,-0.83,106527.0,238.6,183.0
CZBIL,11/22/2020,242.0,249.0,240.0,247.0,3.78,274698.0,238.6,183.0
CZBIL,11/23/2020,247.0,251.0,243.0,246.0,-0.4,174376.0,238.6,183.0
CZBIL,11/24/2020,258.0,258.0,243.0,246.0,0.0,98778.0,238.6,183.0
CZBIL,11/25/2020,250.0,256.0,246.0,251.0,2.03,560185.0,238.6,183.0
CZBIL,11/26/2020,235.0,246.0,235.0,238.0,-5.18,222820.0,238.6,183.0
CZBIL,11/29/2020,241.0,261.0,241.0,261.0,9.66,417143.0,238.6,183.0
CZBIL,11/30/2020,274.0,278.0,253.0,257.0,-1.53,366008.0,238.6,183.0
CZBIL,12/1/2020,257.0,260.0,244.0,249.0,-3.11,229726.0,238.6,183.0
CZBIL,12/2/2020,250.0,250.0,244.0,249.0,0.0,216771.0,238.6,183.0
CZBIL,12/3/2020,254.0,254.0,243.0,244.0,-2.01,106052.0,238.6,183.0
CZBIL,12/6/2020,244.0,244.0,230.0,231.0,-5.33,172682.0,238.6,183.0
CZBIL,12/7/2020,242.0,242.0,230.0,236.0,2.16,99683.0,238.6,183.0
CZBIL,12/8/2020,247.0,247.0,234.0,234.0,-0.85,110680.0,238.6,183.0
CZBIL,12/9/2020,230.0,235.0,230.0,231.0,-1.28,98750.0,238.6,183.0
CZBIL,12/10/2020,230.0,233.0,228.0,231.0,0.0,65952.0,238.6,183.0
CZBIL,12/13/2020,242.0,242.0,231.0,239.0,3.46,113267.0,238.6,183.0
CZBIL,12/14/2020,250.0,250.0,238.0,242.0,1.26,143577.0,238.6,183.0
CZBIL,12/15/2020,240.0,244.0,238.0,239.0,-1.24,77897.0,238.6,183.0
CZBIL,12/16/2020,250.0,250.0,236.0,237.0,-0.84,49123.0,238.6,183.0
CZBIL,12/17/2020,238.0,242.0,235.0,238.0,0.42,142385.0,238.6,183.0
CZBIL,12/20/2020,240.0,240.0,228.0,230.0,-3.36,127235.0,238.6,183.0
CZBIL,12/21/2020,226.0,238.0,222.0,232.0,0.87,140047.0,238.6,183.0
CZBIL,12/22/2020,236.0,246.0,233.0,243.0,4.74,179196.0,238.6,183.0
CZBIL,12/23/2020,246.0,253.0,240.0,241.0,-0.82,180520.0,238.6,183.0
CZBIL,12/24/2020,240.0,244.0,239.0,241.0,0.0,84007.0,238.6,183.0
CZBIL,12/27/2020,245.0,249.0,237.0,240.0,-0.41,95229.0,238.6,183.0
CZBIL,12/28/2020,238.0,243.0,238.0,241.0,0.42,145259.0,238.6,183.0
CZBIL,12/29/2020,239.0,249.0,239.0,245.0,1.66,160376.0,238.6,183.0
CZBIL,12/30/2020,244.0,248.0,244.0,247.0,0.82,113122.0,238.6,183.0
CZBIL,12/31/2020,250.0,258.0,247.0,254.0,2.83,279572.0,238.6,183.0
CZBIL,1/3/2021,253.0,273.0,253.0,272.0,7.09,337138.0,238.6,183.0
CZBIL,1/4/2021,272.0,287.0,267.0,270.0,-0.74,479816.0,238.6,183.0
CZBIL,1/5/2021,270.0,288.0,265.0,281.0,4.07,261794.0,238.6,183.0
CZBIL,1/6/2021,282.0,290.0,280.0,287.0,2.14,235280.0,238.6,183.0
CZBIL,1/7/2021,288.0,294.0,283.0,292.0,1.74,358693.0,238.6,183.0
CZBIL,1/10/2021,306.0,307.0,293.0,307.0,5.14,386128.0,238.6,183.0
CZBIL,1/11/2021,312.0,312.0,293.0,296.0,-3.58,251101.0,238.6,183.0
CZBIL,1/12/2021,296.0,300.0,288.0,299.0,1.01,203343.0,238.6,183.0
CZBIL,1/13/2021,305.0,305.0,293.0,295.0,-1.34,159760.0,238.6,183.0
CZBIL,1/17/2021,296.0,298.0,291.0,296.0,0.34,152985.0,238.6,183.0
CZBIL,1/18/2021,300.0,300.0,295.0,298.0,0.68,190433.0,238.6,183.0
CZBIL,1/19/2021,300.0,300.0,289.0,290.0,-2.68,229137.0,238.6,183.0
CZBIL,1/20/2021,292.0,297.0,290.0,293.0,1.03,168765.0,238.6,183.0
CZBIL,1/21/2021,300.0,303.0,293.0,295.0,0.68,234859.0,238.6,183.0
CZBIL,1/24/2021,300.0,305.0,291.0,296.0,0.34,147747.0,238.6,183.0
CZBIL,1/25/2021,300.0,300.0,292.0,297.0,0.34,137988.0,238.6,183.0
CZBIL,1/26/2021,300.0,300.0,292.0,295.0,-0.67,156193.0,238.6,183.0
CZBIL,1/27/2021,295.0,297.0,292.0,293.0,-0.68,89889.0,238.6,183.0
CZBIL,1/28/2021,292.0,293.0,283.0,284.0,-3.07,179078.0,238.6,183.0
CZBIL,1/31/2021,280.0,282.0,272.0,275.0,-3.17,205361.0,238.6,183.0
CZBIL,2/1/2021,275.0,287.0,275.0,279.0,1.45,97860.0,238.6,183.0
CZBIL,2/2/2021,290.0,290.0,279.0,283.0,1.43,166482.0,238.6,183.0
CZBIL,2/3/2021,288.0,311.0,288.0,291.0,2.83,341994.0,238.6,183.0
CZBIL,2/4/2021,291.0,296.0,290.0,292.0,0.34,161961.0,238.6,183.0
CZBIL,2/7/2021,280.0,299.0,280.0,290.0,-0.68,157792.0,238.6,183.0
CZBIL,2/8/2021,294.0,302.0,291.0,302.0,4.14,372258.0,238.6,183.0
CZBIL,2/9/2021,305.0,308.0,300.0,301.0,-0.33,274419.0,238.6,183.0
CZBIL,2/10/2021,316.0,316.0,295.0,308.0,2.33,205028.0,238.6,183.0
CZBIL,2/11/2021,308.0,316.0,308.0,312.0,1.3,310032.0,238.6,183.0
CZBIL,2/14/2021,310.0,312.0,301.0,303.0,-2.88,220258.0,238.6,183.0
CZBIL,2/15/2021,309.0,314.0,306.0,313.0,3.3,197185.0,238.6,183.0
CZBIL,2/16/2021,315.0,329.0,309.0,322.0,2.88,261925.0,238.6,183.0
CZBIL,2/17/2021,322.0,324.0,317.0,322.0,0.0,166826.0,238.6,183.0
CZBIL,2/18/2021,315.0,330.0,315.0,329.0,2.17,232299.0,238.6,183.0
CZBIL,2/21/2021,333.0,333.0,322.0,327.0,-0.61,233035.0,238.6,183.0
CZBIL,2/22/2021,327.0,327.0,314.0,316.0,-3.36,176273.0,238.6,183.0
CZBIL,2/23/2021,315.0,315.0,303.0,313.0,-0.95,165395.0,238.6,183.0
CZBIL,2/24/2021,310.0,322.0,307.0,312.0,-0.32,143562.0,238.6,183.0
CZBIL,2/25/2021,314.0,314.0,305.0,307.0,-1.6,173192.0,238.6,183.0
CZBIL,2/28/2021,304.0,305.0,297.0,298.0,-2.93,179297.0,238.6,183.0
CZBIL,3/1/2021,284.0,308.0,284.0,306.0,2.68,195425.0,238.6,183.0
CZBIL,3/2/2021,307.0,307.0,295.0,300.0,-1.96,174396.0,238.6,183.0
CZBIL,3/3/2021,300.0,300.0,290.0,296.0,-1.33,127323.0,238.6,183.0
CZBIL,3/4/2021,300.0,304.0,299.0,304.0,2.7,115818.0,238.6,183.0
CZBIL,3/7/2021,304.0,311.0,300.0,307.0,0.99,205559.0,238.6,183.0
CZBIL,3/9/2021,301.0,305.0,300.0,301.0,-1.95,108232.0,238.6,183.0
CZBIL,3/10/2021,300.0,305.0,300.0,300.0,-0.33,87499.0,238.6,183.0
CZBIL,3/14/2021,296.0,298.0,292.0,293.0,-2.33,83747.0,238.6,183.0
CZBIL,3/15/2021,290.0,300.0,288.0,291.0,-0.68,87434.0,238.6,183.0
CZBIL,3/16/2021,291.0,294.0,288.0,293.0,0.69,84099.0,238.6,183.0
CZBIL,3/17/2021,289.0,300.0,289.0,298.0,1.71,41488.0,238.6,183.0
CZBIL,3/18/2021,312.0,312.0,297.0,301.0,1.01,79571.0,238.6,183.0
CZBIL,3/21/2021,316.0,316.0,301.0,305.0,1.33,98660.0,238.6,183.0
CZBIL,3/22/2021,307.0,308.0,299.0,300.0,-1.64,70102.0,238.6,183.0
CZBIL,3/23/2021,299.0,301.0,297.0,298.0,-0.67,70391.0,238.6,183.0
CZBIL,3/24/2021,300.0,310.0,298.0,307.0,3.02,124622.0,238.6,183.0
CZBIL,3/25/2021,308.0,310.0,300.0,303.0,-1.3,74376.0,238.6,183.0
CZBIL,3/29/2021,303.0,307.0,302.0,305.0,0.66,75906.0,238.6,183.0
CZBIL,3/30/2021,320.0,320.0,301.0,304.0,-0.33,86172.0,238.6,183.0
CZBIL,3/31/2021,304.0,309.0,304.0,308.0,1.32,88243.0,238.6,183.0
CZBIL,4/1/2021,310.0,315.0,307.0,310.0,0.65,160064.0,238.6,183.0
CZBIL,4/4/2021,311.0,318.0,311.0,316.0,1.94,185437.0,238.6,183.0
CZBIL,4/5/2021,318.0,321.0,310.0,311.0,-1.58,107979.0,238.6,183.0
CZBIL,4/6/2021,310.0,315.0,306.0,312.0,0.32,118446.0,238.6,183.0
CZBIL,4/7/2021,310.0,316.0,307.0,310.0,-0.64,133101.0,238.6,183.0
CZBIL,4/8/2021,315.0,315.0,310.0,311.0,0.32,75915.0,238.6,183.0
CZBIL,4/12/2021,312.0,319.0,312.0,319.0,2.57,145359.0,238.6,183.0
CZBIL,4/13/2021,319.0,328.0,319.0,326.0,2.19,231878.0,238.6,183.0
CZBIL,4/15/2021,335.0,340.0,328.0,333.0,2.15,352743.0,238.6,183.0
CZBIL,4/18/2021,317.0,340.0,317.0,324.0,-2.7,256605.0,238.6,183.0
CZBIL,4/19/2021,320.0,328.0,316.0,317.0,-2.16,313952.0,238.6,183.0
CZBIL,4/20/2021,325.0,325.0,316.0,320.0,0.95,436304.0,238.6,183.0
CZBIL,4/21/2021,325.0,329.0,313.0,316.0,-1.25,211775.0,238.6,183.0
CZBIL,4/22/2021,331.0,331.0,310.0,317.0,0.32,106569.0,238.6,183.0
CZBIL,4/25/2021,315.0,315.0,304.0,309.0,-2.52,157125.0,238.6,183.0
CZBIL,4/26/2021,308.0,311.0,302.0,302.0,-2.27,111891.0,238.6,183.0
CZBIL,4/27/2021,302.0,311.0,300.0,309.0,2.32,92328.0,238.6,183.0
CZBIL,4/28/2021,309.0,311.0,303.0,306.0,-0.97,70856.0,238.6,183.0
CZBIL,4/29/2021,306.0,310.0,305.0,309.0,0.98,46051.0,238.6,183.0
CZBIL,5/2/2021,305.0,314.0,304.0,313.0,1.29,125022.0,238.6,183.0
CZBIL,5/3/2021,315.0,316.0,308.0,308.0,-1.6,86085.0,238.6,183.0
CZBIL,5/4/2021,307.0,311.0,306.0,308.0,0.0,60231.0,238.6,183.0
CZBIL,5/5/2021,308.0,310.0,307.0,309.0,0.32,40681.0,238.6,183.0
CZBIL,5/6/2021,294.0,313.0,294.0,311.0,0.65,94579.0,238.6,183.0
CZBIL,5/9/2021,315.0,318.0,306.0,312.0,0.32,148286.0,238.6,183.0
CZBIL,5/10/2021,312.0,313.0,309.0,312.0,0.0,24399.0,238.6,183.0
CZBIL,5/11/2021,297.0,316.0,297.0,313.0,0.32,60738.0,238.6,183.0
CZBIL,5/12/2021,312.0,314.0,310.0,312.0,-0.32,47960.0,238.6,183.0
CZBIL,5/13/2021,313.0,313.0,310.0,312.0,0.0,65574.0,238.6,183.0
CZBIL,5/16/2021,315.0,320.0,314.0,319.0,2.24,96853.0,238.6,183.0
CZBIL,5/17/2021,320.0,323.0,316.0,319.0,0.0,131073.0,238.6,183.0
CZBIL,5/18/2021,321.0,322.0,317.0,321.0,0.63,118792.0,238.6,183.0
CZBIL,5/19/2021,324.0,328.0,321.0,322.0,0.31,179071.0,238.6,183.0
CZBIL,5/20/2021,325.0,331.0,322.0,328.0,1.86,191786.0,238.6,183.0
CZBIL,5/23/2021,328.0,341.0,319.0,340.0,3.66,291651.0,238.6,183.0
CZBIL,5/24/2021,345.0,350.0,335.0,337.0,-0.88,307661.0,238.6,183.0
CZBIL,5/25/2021,340.0,342.0,331.0,333.0,-1.19,179616.0,238.6,183.0
CZBIL,5/27/2021,330.0,338.0,325.0,333.0,0.0,198039.0,238.6,183.0
CZBIL,5/30/2021,340.0,350.0,334.0,346.0,3.9,382736.0,238.6,183.0
CZBIL,5/31/2021,350.0,355.0,341.0,342.0,-1.16,335168.0,238.6,183.0
CZBIL,6/1/2021,350.0,350.0,337.0,340.0,-0.58,184840.0,238.6,183.0
CZBIL,6/2/2021,342.0,346.0,336.0,345.0,1.47,199892.0,238.6,183.0
CZBIL,6/3/2021,350.0,379.0,348.0,372.0,7.83,623647.0,238.6,183.0
CZBIL,6/6/2021,380.0,400.0,380.0,394.0,5.91,741066.0,238.6,183.0
CZBIL,6/7/2021,400.0,400.0,381.0,384.0,-2.54,448769.0,238.6,183.0
CZBIL,6/8/2021,384.0,400.0,380.0,393.0,2.34,433277.0,238.6,183.0
CZBIL,6/9/2021,396.0,400.0,387.0,388.0,-1.27,205706.0,238.6,183.0
CZBIL,6/10/2021,390.0,393.0,381.0,386.0,-0.52,213236.0,238.6,183.0
CZBIL,6/13/2021,386.0,392.0,383.0,392.0,1.55,248175.0,238.6,183.0
CZBIL,6/14/2021,399.0,417.0,393.0,405.0,3.32,409054.0,238.6,183.0
CZBIL,6/15/2021,410.0,414.0,399.0,399.0,-1.48,359953.0,238.6,183.0
CZBIL,6/16/2021,405.0,410.0,393.0,400.0,0.25,219079.0,238.6,183.0
CZBIL,6/17/2021,400.0,400.0,392.0,395.0,-1.25,187322.0,238.6,183.0
CZBIL,6/20/2021,395.0,398.0,377.0,383.0,-3.04,355191.0,238.6,183.0
CZBIL,6/21/2021,402.0,402.0,372.0,373.0,-2.61,253927.0,238.6,183.0
CZBIL,6/22/2021,360.0,384.0,360.0,383.0,2.68,229883.0,238.6,183.0
CZBIL,6/23/2021,390.0,390.0,368.0,372.0,-2.87,204253.0,238.6,183.0
CZBIL,6/24/2021,370.0,378.0,365.0,370.0,-0.54,162716.0,238.6,183.0
CZBIL,6/27/2021,374.0,392.0,363.0,383.0,3.51,247017.0,238.6,183.0
CZBIL,6/28/2021,390.0,392.0,381.0,383.0,0.0,173361.0,238.6,183.0
CZBIL,6/29/2021,382.0,385.0,373.0,375.0,-2.09,94313.0,238.6,183.0
CZBIL,6/30/2021,393.0,393.0,366.0,375.0,0.0,112099.0,238.6,183.0
CZBIL,7/1/2021,381.0,381.0,373.0,375.0,0.0,70222.0,238.6,183.0
CZBIL,7/4/2021,382.0,382.0,371.0,373.0,-0.53,88948.0,238.6,183.0
CZBIL,7/5/2021,375.0,375.0,371.0,372.0,-0.27,91999.0,238.6,183.0
CZBIL,7/6/2021,372.0,373.0,368.0,371.0,-0.27,50909.0,238.6,183.0
CZBIL,7/7/2021,373.0,374.0,369.0,370.0,-0.27,70635.0,238.6,183.0
CZBIL,7/8/2021,370.0,381.0,370.0,380.0,2.7,268355.0,238.6,183.0
CZBIL,7/11/2021,381.0,394.0,381.0,393.0,3.42,231301.0,238.6,183.0
CZBIL,7/12/2021,397.0,397.0,380.0,384.0,-2.29,345617.0,238.6,183.0
CZBIL,7/13/2021,400.0,400.0,380.0,390.0,1.56,99223.0,238.6,183.0
CZBIL,7/14/2021,390.0,390.0,384.0,388.0,-0.51,95063.0,238.6,183.0
CZBIL,7/15/2021,393.0,393.0,386.0,386.0,-0.52,134590.0,238.6,183.0
CZBIL,7/18/2021,391.0,411.0,391.0,409.0,5.96,396445.0,238.6,183.0
CZBIL,7/19/2021,409.0,418.0,406.2,408.0,-0.24,377425.0,238.6,183.0
CZBIL,7/20/2021,416.0,416.0,405.0,409.5,0.37,175285.0,238.6,183.0
CZBIL,7/22/2021,410.0,424.9,410.0,421.1,2.83,359456.0,238.6,183.0
CZBIL,7/25/2021,428.0,444.0,425.0,442.0,4.96,386623.0,238.6,183.0
CZBIL,7/26/2021,443.0,443.0,425.0,427.1,-3.37,443437.0,238.6,183.0
CZBIL,7/27/2021,420.0,429.8,410.0,426.0,-0.26,300118.0,238.6,183.0
CZBIL,7/28/2021,427.0,432.0,417.5,419.0,-1.64,210129.0,238.6,183.0
CZBIL,7/29/2021,420.0,421.0,415.0,420.0,0.24,130681.0,238.6,183.0
CZBIL,8/1/2021,428.0,428.0,412.5,415.0,-1.19,315540.0,238.6,183.0
CZBIL,8/2/2021,415.0,417.0,410.0,414.8,-0.05,191478.0,238.6,183.0
CZBIL,8/3/2021,420.0,420.0,412.2,413.2,-0.39,78711.0,238.6,183.0
CZBIL,8/4/2021,415.0,417.0,412.0,415.0,0.44,160549.0,238.6,183.0
CZBIL,8/5/2021,415.0,418.0,412.0,413.0,-0.48,137215.0,238.6,183.0
CZBIL,8/8/2021,420.0,420.0,409.0,410.0,-0.73,155499.0,238.6,183.0
CZBIL,8/9/2021,410.0,411.0,405.2,406.5,-0.85,141113.0,238.6,183.0
CZBIL,8/10/2021,406.5,428.0,405.0,422.0,3.81,304420.0,238.6,183.0
CZBIL,8/11/2021,422.0,426.0,413.6,417.1,-1.16,127367.0,238.6,183.0
CZBIL,8/12/2021,418.0,421.0,413.0,416.0,-0.26,134961.0,238.6,183.0
CZBIL,8/15/2021,416.0,423.0,408.0,410.0,-1.44,211278.0,238.6,183.0
CZBIL,8/16/2021,413.0,413.0,406.0,408.0,-0.49,197134.0,238.6,183.0
CZBIL,8/17/2021,408.0,412.0,405.0,405.5,-0.61,255692.0,238.6,183.0
CZBIL,8/18/2021,405.5,419.0,402.0,415.0,2.34,264985.0,238.6,183.0
CZBIL,8/19/2021,416.0,425.3,413.0,419.0,0.96,380886.0,238.6,183.0
CZBIL,8/24/2021,427.3,427.3,418.0,418.2,-0.19,274705.0,238.6,183.0
CZBIL,8/25/2021,411.0,416.0,408.6,409.0,-2.2,201222.0,238.6,183.0
CZBIL,8/26/2021,410.0,415.0,406.2,409.0,0.0,203462.0,238.6,183.0
CZBIL,8/29/2021,406.2,411.0,400.0,401.0,-1.96,235824.0,238.6,183.0
CZBIL,8/31/2021,401.0,403.0,389.2,392.0,-2.24,227667.0,238.6,183.0
CZBIL,9/1/2021,393.0,407.0,392.0,402.0,2.55,260289.0,238.6,183.0
CZBIL,9/2/2021,405.3,410.0,401.0,403.1,0.27,383535.0,238.6,183.0
CZBIL,9/5/2021,395.1,405.9,389.0,394.0,-2.26,344974.0,238.6,183.0
CZBIL,9/6/2021,390.1,407.5,386.2,407.5,3.43,225226.0,238.6,183.0
CZBIL,9/7/2021,406.0,406.0,394.6,398.0,-2.33,157169.0,238.6,183.0
CZBIL,9/8/2021,399.5,399.5,387.1,390.1,-1.98,148906.0,238.6,183.0
CZBIL,9/9/2021,390.0,397.0,387.1,389.3,-0.21,117952.0,238.6,183.0
CZBIL,9/12/2021,397.0,400.0,389.1,399.0,2.49,131251.0,238.6,183.0
CZBIL,9/13/2021,401.0,409.9,399.0,409.0,2.51,250406.0,238.6,183.0
CZBIL,9/14/2021,410.0,416.0,403.0,410.0,0.24,260962.0,238.6,183.0
CZBIL,9/15/2021,415.0,415.0,404.0,410.0,0.0,257029.0,238.6,183.0
CZBIL,9/16/2021,410.0,410.0,395.0,397.0,-3.17,227891.0,238.6,183.0
CZBIL,9/20/2021,400.0,401.0,381.0,382.3,-3.7,237831.0,238.6,183.0
CZBIL,9/21/2021,375.0,392.0,370.0,379.0,-0.86,220489.0,238.6,183.0
CZBIL,9/22/2021,386.0,395.0,383.0,395.0,4.22,322422.0,238.6,183.0
CZBIL,9/23/2021,402.9,420.0,402.9,408.5,3.42,353656.0,238.6,183.0
CZBIL,9/26/2021,416.0,416.6,397.0,400.0,-2.08,426933.0,238.6,183.0
CZBIL,9/27/2021,398.9,399.0,386.0,390.0,-2.5,179215.0,238.6,183.0
CZBIL,9/28/2021,390.0,395.0,380.0,384.0,-1.54,146962.0,238.6,183.0
CZBIL,9/29/2021,391.6,399.4,379.0,396.9,3.36,231042.0,238.6,183.0
CZBIL,9/30/2021,404.8,404.8,393.0,396.0,-0.23,218640.0,238.6,183.0
CZBIL,10/3/2021,401.0,403.0,390.0,390.5,-1.39,119466.0,238.6,183.0
CZBIL,10/4/2021,391.0,394.9,383.0,387.1,-0.87,130142.0,238.6,183.0
CZBIL,10/5/2021,385.0,399.0,385.0,395.0,2.04,170416.0,238.6,183.0
CZBIL,10/6/2021,402.0,403.0,395.0,398.0,0.76,576421.0,238.6,183.0
CZBIL,10/10/2021,352.48,352.48,333.0,333.5,-16.21,155014.0,238.6,183.0
CZBIL,10/11/2021,338.1,338.1,315.0,322.0,-3.45,158663.0,238.6,183.0
CZBIL,10/17/2021,322.0,322.0,312.0,318.0,-1.24,62211.0,238.6,183.0
CZBIL,10/18/2021,320.0,321.0,307.0,308.0,-3.14,100504.0,238.6,183.0
CZBIL,10/19/2021,305.0,305.0,294.0,295.0,-4.22,107813.0,238.6,183.0
CZBIL,10/20/2021,296.0,310.0,294.0,299.0,1.36,91193.0,238.6,183.0
CZBIL,10/21/2021,300.0,300.0,288.3,290.0,-3.01,76382.0,238.6,183.0
CZBIL,10/24/2021,294.0,294.0,285.0,288.0,-0.69,67927.0,238.6,183.0
CZBIL,10/25/2021,289.0,304.0,288.0,301.9,4.83,71311.0,238.6,183.0
CZBIL,10/26/2021,305.0,314.0,304.0,307.5,1.85,72306.0,238.6,183.0
CZBIL,10/27/2021,307.9,310.0,295.0,301.1,-2.08,69422.0,238.6,183.0
CZBIL,10/28/2021,301.0,302.0,297.0,300.0,-0.37,73426.0,238.6,183.0
CZBIL,10/31/2021,304.0,304.0,298.0,299.1,-0.3,68081.0,238.6,183.0
CZBIL,11/1/2021,305.0,306.0,298.1,299.1,0.0,99298.0,238.6,183.0
CZBIL,11/2/2021,300.0,305.7,298.0,305.7,2.21,82575.0,238.6,183.0
CZBIL,11/3/2021,311.8,311.8,300.0,301.0,-1.54,84965.0,238.6,183.0
CZBIL,11/8/2021,305.0,306.0,300.0,304.5,1.16,70098.0,238.6,183.0
CZBIL,11/9/2021,306.0,306.0,295.0,297.0,-2.46,64444.0,238.6,183.0
CZBIL,11/11/2021,296.0,296.0,290.0,291.0,-2.02,65927.0,238.6,183.0
CZBIL,11/14/2021,291.0,293.0,288.0,290.5,-0.17,67234.0,238.6,183.0
CZBIL,11/15/2021,290.9,296.0,290.0,292.0,0.52,45621.0,238.6,183.0
CZBIL,11/16/2021,293.0,299.0,291.0,299.0,2.4,55536.0,238.6,183.0
CZBIL,11/17/2021,299.5,301.0,296.1,298.0,-0.33,45290.0,238.6,183.0
CZBIL,11/18/2021,298.0,299.0,294.5,295.0,-1.01,66139.0,238.6,183.0
CZBIL,11/21/2021,295.0,297.0,292.0,292.0,-1.02,46614.0,238.6,183.0
CZBIL,11/22/2021,292.0,294.0,290.0,290.1,-0.65,39057.0,238.6,183.0
CZBIL,11/23/2021,294.0,294.0,287.0,288.2,-0.65,48777.0,238.6,183.0
CZBIL,11/24/2021,288.2,289.0,282.0,285.5,-0.94,32371.0,238.6,183.0
CZBIL,11/25/2021,287.0,295.9,282.2,288.5,1.05,80074.0,238.6,183.0
CZBIL,11/28/2021,285.0,289.0,279.0,279.0,-3.29,83213.0,238.6,183.0
CZBIL,11/29/2021,275.0,287.0,274.0,277.0,-0.72,39598.0,238.6,183.0
CZBIL,11/30/2021,275.0,280.0,272.3,276.9,-0.04,100867.0,238.6,183.0
CZBIL,12/1/2021,273.0,279.0,273.0,276.0,-0.33,78618.0,238.6,183.0
CZBIL,12/2/2021,274.0,280.0,272.0,272.5,-1.27,35259.0,238.6,183.0
CZBIL,12/5/2021,270.5,273.0,267.0,267.8,-1.72,44317.0,238.6,183.0
CZBIL,12/6/2021,266.79,275.4,262.0,275.0,2.69,61945.0,238.6,183.0
CZBIL,12/7/2021,278.0,281.0,271.0,271.1,-1.42,38307.0,238.6,183.0
CZBIL,12/8/2021,276.5,276.5,266.1,267.5,-1.33,62677.0,238.6,183.0
CZBIL,12/9/2021,265.0,272.0,217.31,269.0,0.56,47539.0,238.6,183.0
CZBIL,12/12/2021,268.5,270.0,260.0,260.5,-3.16,64740.0,238.6,183.0
CZBIL,12/13/2021,260.0,260.0,252.9,255.0,-2.11,61621.0,238.6,183.0
CZBIL,12/14/2021,260.0,266.2,258.0,265.2,4.0,27582.0,238.6,183.0
CZBIL,12/15/2021,270.0,275.0,263.9,266.0,0.3,56025.0,238.6,183.0
CZBIL,12/16/2021,261.0,268.0,260.0,266.0,0.0,23603.0,238.6,183.0
CZBIL,12/20/2021,271.3,271.3,256.0,263.0,-1.13,38255.0,238.6,183.0
CZBIL,12/21/2021,260.0,268.8,260.0,267.5,1.71,44841.0,238.6,183.0
CZBIL,12/22/2021,272.8,278.9,270.0,275.2,2.88,74702.0,238.6,183.0
CZBIL,12/23/2021,280.7,280.7,271.0,277.5,0.84,62037.0,238.6,183.0
CZBIL,12/26/2021,283.0,283.0,275.0,279.9,0.86,104929.0,238.6,183.0
CZBIL,12/27/2021,279.0,282.0,272.0,273.0,-2.47,139381.0,238.6,183.0
CZBIL,12/28/2021,270.0,274.0,266.0,272.0,-0.37,76636.0,238.6,183.0
CZBIL,12/29/2021,274.5,277.0,270.3,271.1,-0.33,35926.0,238.6,183.0
CZBIL,1/2/2022,276.5,276.5,266.8,273.5,0.89,66900.0,238.6,183.0
CZBIL,1/3/2022,278.9,281.9,270.4,279.0,2.01,78601.0,238.6,183.0
CZBIL,1/4/2022,280.0,303.9,276.2,302.0,8.24,177847.0,238.6,183.0
CZBIL,1/5/2022,301.9,305.0,293.0,293.1,-2.95,115846.0,238.6,183.0
CZBIL,1/6/2022,290.0,302.0,289.0,302.0,3.04,83901.0,238.6,183.0
CZBIL,1/9/2022,308.0,315.0,302.2,310.0,2.65,145308.0,238.6,183.0
CZBIL,1/10/2022,316.2,316.2,304.8,305.5,-1.45,122812.0,238.6,183.0
CZBIL,1/11/2022,300.0,310.9,300.0,305.0,-0.16,72783.0,238.6,183.0
CZBIL,1/12/2022,311.1,311.1,299.9,300.2,-1.57,89506.0,238.6,183.0
CZBIL,1/13/2022,302.0,305.0,299.1,302.5,0.77,83258.0,238.6,183.0
CZBIL,1/16/2022,305.0,313.0,305.0,308.0,1.82,136545.0,238.6,183.0
CZBIL,1/17/2022,313.0,317.0,308.0,310.0,0.65,96469.0,238.6,183.0
CZBIL,1/18/2022,315.0,322.4,308.1,317.0,2.26,160750.0,238.6,183.0
CZBIL,1/19/2022,323.3,323.3,310.0,311.0,-1.89,84891.0,238.6,183.0
CZBIL,1/20/2022,306.0,313.8,306.0,311.0,0.0,62177.0,238.6,183.0
CZBIL,1/23/2022,317.2,317.2,306.2,308.0,-0.96,69624.0,238.6,183.0
CZBIL,1/24/2022,314.1,314.1,295.0,297.0,-3.57,167990.0,238.6,183.0
CZBIL,1/25/2022,302.9,302.9,286.0,294.2,-0.94,60973.0,238.6,183.0
CZBIL,1/26/2022,290.0,294.0,288.0,290.0,-1.43,53807.0,238.6,183.0
CZBIL,1/27/2022,290.8,292.0,288.0,288.0,-0.69,51813.0,238.6,183.0
CZBIL,1/30/2022,293.0,305.0,292.0,297.4,3.26,47952.0,238.6,183.0
CZBIL,1/31/2022,300.0,300.0,292.2,295.0,-0.81,51049.0,238.6,183.0
CZBIL,2/1/2022,294.7,300.0,291.5,299.0,1.36,65227.0,238.6,183.0
CZBIL,2/3/2022,298.0,305.0,298.0,299.0,0.0,83422.0,238.6,183.0
CZBIL,2/6/2022,299.0,299.0,291.6,293.0,-2.01,52818.0,238.6,183.0
CZBIL,2/7/2022,292.0,294.0,290.0,293.0,0.0,56532.0,238.6,183.0
CZBIL,2/8/2022,298.8,300.0,290.0,292.0,-0.34,67467.0,238.6,183.0
CZBIL,2/9/2022,290.5,293.0,288.0,288.0,-1.37,52541.0,238.6,183.0
CZBIL,2/10/2022,285.0,291.0,285.0,285.4,-0.9,34925.0,238.6,183.0
CZBIL,2/13/2022,280.0,285.3,277.0,277.2,-2.87,102103.0,238.6,183.0
CZBIL,2/14/2022,275.0,283.0,274.1,276.0,-0.43,52721.0,238.6,183.0
CZBIL,2/15/2022,276.4,287.8,275.0,287.0,3.99,60010.0,238.6,183.0
CZBIL,2/16/2022,290.0,290.0,282.0,284.0,-1.05,34924.0,238.6,183.0
CZBIL,2/17/2022,288.0,288.0,280.0,283.9,-0.04,28581.0,238.6,183.0
CZBIL,2/20/2022,278.3,278.9,270.0,276.0,-2.78,48330.0,238.6,183.0
CZBIL,2/21/2022,277.0,281.0,274.0,279.0,1.09,45058.0,238.6,183.0
CZBIL,2/22/2022,284.0,284.4,279.0,281.0,0.72,26651.0,238.6,183.0
CZBIL,2/23/2022,286.0,286.5,277.0,279.0,-0.71,19117.0,238.6,183.0
CZBIL,2/24/2022,275.0,278.0,271.0,272.1,-2.47,51622.0,238.6,183.0
CZBIL,2/27/2022,270.2,275.0,270.0,271.0,-0.4,49476.0,238.6,183.0
CZBIL,2/28/2022,274.0,276.0,265.0,267.0,-1.48,52955.0,238.6,183.0
CZBIL,3/2/2022,269.0,269.0,263.1,264.5,-0.94,51986.0,238.6,183.0
CZBIL,3/6/2022,259.3,266.9,259.3,264.0,-0.19,40619.0,238.6,183.0
CZBIL,3/7/2022,258.8,270.0,258.8,264.0,0.0,43843.0,238.6,183.0
CZBIL,3/9/2022,264.0,265.0,259.1,262.0,-0.76,52715.0,238.6,183.0
CZBIL,3/10/2022,260.0,267.0,257.0,267.0,1.91,38364.0,238.6,183.0
CZBIL,3/13/2022,267.0,278.0,267.0,278.0,4.12,53275.0,238.6,183.0
CZBIL,3/14/2022,274.0,278.6,273.1,277.0,-0.36,7990.0,238.6,183.0
CZBIL,3/15/2022,272.2,277.0,271.0,277.0,0.0,49252.0,238.6,183.0
CZBIL,3/16/2022,275.0,276.9,271.6,273.0,-1.44,28297.0,238.6,183.0
CZBIL,3/20/2022,274.0,275.8,273.0,273.1,0.04,39300.0,238.6,183.0
CZBIL,3/21/2022,271.0,274.0,271.0,273.9,0.29,27354.0,238.6,183.0
CZBIL,3/22/2022,274.0,278.0,274.0,274.6,0.26,20686.0,238.6,183.0
CZBIL,3/23/2022,271.0,276.0,271.0,272.6,-0.73,12929.0,238.6,183.0
CZBIL,3/24/2022,270.0,273.0,269.0,269.0,-1.32,28722.0,238.6,183.0
CZBIL,3/27/2022,270.0,270.1,264.0,269.0,0.0,50005.0,238.6,183.0
CZBIL,3/28/2022,265.1,269.0,265.1,269.0,0.0,36866.0,238.6,183.0
CZBIL,3/29/2022,269.0,269.8,265.1,268.9,-0.04,27506.0,238.6,183.0
CZBIL,3/30/2022,265.5,269.7,264.0,264.1,-1.79,31295.0,238.6,183.0
CZBIL,3/31/2022,265.0,269.0,264.1,264.1,0.0,31949.0,238.6,183.0
CZBIL,4/3/2022,262.0,264.0,260.1,262.8,-0.49,12671.0,238.6,183.0
CZBIL,4/4/2022,257.6,264.9,257.6,264.5,0.65,39208.0,238.6,183.0
CZBIL,4/5/2022,269.7,269.7,257.2,258.5,-2.27,30700.0,238.6,183.0
CZBIL,4/6/2022,257.0,260.0,255.0,259.0,0.19,24893.0,238.6,183.0
CZBIL,4/7/2022,263.0,263.0,256.1,262.5,1.35,41647.0,238.6,183.0
CZBIL,4/11/2022,265.0,267.7,257.1,258.0,-1.71,17472.0,238.6,183.0
CZBIL,4/12/2022,263.0,263.0,255.0,255.8,-0.85,20362.0,238.6,183.0
CZBIL,4/13/2022,260.0,260.0,253.0,258.2,0.94,20038.0,238.6,183.0
CZBIL,4/17/2022,263.3,263.3,257.0,257.3,-0.35,19884.0,238.6,183.0
CZBIL,4/18/2022,257.4,257.4,252.0,254.0,-1.28,27210.0,238.6,183.0
CZBIL,4/19/2022,259.0,259.0,250.0,253.0,-0.39,21524.0,238.6,183.0
CZBIL,4/20/2022,258.0,258.0,251.2,252.1,-0.36,15678.0,238.6,183.0
CZBIL,4/21/2022,257.1,257.1,247.0,251.0,-0.44,27257.0,238.6,183.0
CZBIL,4/24/2022,256.0,262.0,250.9,260.0,3.59,35274.0,238.6,183.0
CZBIL,4/25/2022,260.0,262.2,251.0,259.0,-0.38,10559.0,238.6,183.0
CZBIL,4/26/2022,253.9,258.0,251.0,254.0,-1.93,11949.0,238.6,183.0
CZBIL,4/27/2022,252.0,259.0,250.0,254.0,0.0,11974.0,238.6,183.0
CZBIL,4/28/2022,259.0,259.0,251.1,252.2,-0.71,12082.0,238.6,183.0
CZBIL,5/2/2022,248.0,253.9,248.0,248.5,-1.47,19742.0,238.6,183.0
CZBIL,5/4/2022,253.4,253.4,242.0,242.0,-2.62,24961.0,238.6,183.0
CZBIL,5/5/2022,240.0,244.7,237.0,239.9,-0.87,23752.0,238.6,183.0
CZBIL,5/8/2022,239.9,241.9,236.0,240.0,0.04,13050.0,238.6,183.0
CZBIL,5/9/2022,244.8,244.8,240.0,243.0,1.25,13934.0,238.6,183.0
CZBIL,5/10/2022,241.0,245.6,241.0,245.5,1.03,24043.0,238.6,183.0
CZBIL,5/11/2022,245.5,249.0,243.9,248.9,1.38,16101.0,238.6,183.0
CZBIL,5/12/2022,250.4,251.9,248.9,250.0,0.44,26823.0,238.6,183.0
CZBIL,5/17/2022,250.0,250.0,242.0,243.0,-2.8,11151.0,238.6,183.0
CZBIL,5/18/2022,241.0,244.0,239.0,243.0,0.0,24854.0,238.6,183.0
CZBIL,5/19/2022,240.3,245.0,240.2,242.0,-0.41,6764.0,238.6,183.0
CZBIL,5/20/2022,240.0,242.0,238.0,242.0,0.0,14046.0,238.6,183.0
CZBIL,5/23/2022,246.8,246.8,233.0,238.0,-1.65,34502.0,238.6,183.0
CZBIL,5/24/2022,242.7,242.7,237.0,238.9,0.38,16993.0,238.6,183.0
CZBIL,5/25/2022,239.0,239.9,237.0,239.9,0.42,16145.0,238.6,183.0
CZBIL,5/26/2022,244.6,244.6,238.0,243.9,1.67,18058.0,238.6,183.0
CZBIL,5/27/2022,245.8,246.5,239.0,240.0,-1.6,12251.0,238.6,183.0
CZBIL,5/30/2022,244.8,244.8,230.0,234.0,-2.5,46876.0,238.6,183.0
CZBIL,5/31/2022,230.0,235.5,228.0,231.2,-1.2,18638.0,238.6,183.0
CZBIL,6/1/2022,230.1,234.0,228.0,231.0,-0.09,9470.0,238.6,183.0
CZBIL,6/2/2022,231.1,231.1,228.0,228.0,-1.3,15294.0,238.6,183.0
CZBIL,6/3/2022,232.5,232.5,223.2,225.0,-1.32,22738.0,238.6,183.0
CZBIL,6/6/2022,224.0,226.8,220.0,221.0,-1.78,25049.0,238.6,183.0
CZBIL,6/7/2022,217.0,220.0,217.0,217.0,-1.81,36354.0,238.6,183.0
CZBIL,6/8/2022,219.0,229.0,218.0,226.0,4.15,26120.0,238.6,183.0
CZBIL,6/9/2022,230.5,230.5,222.8,223.0,-1.33,16505.0,238.6,183.0
CZBIL,6/10/2022,227.4,227.4,219.0,223.1,0.04,14903.0,238.6,183.0
CZBIL,6/13/2022,222.0,224.0,219.0,222.0,-0.49,73734.0,238.6,183.0
CZBIL,6/14/2022,220.0,220.0,217.0,218.0,-1.8,12249.0,238.6,183.0
CZBIL,6/15/2022,222.3,222.3,215.0,216.8,-0.55,21534.0,238.6,183.0
CZBIL,6/16/2022,218.0,220.0,213.7,217.7,0.42,17539.0,238.6,183.0
CZBIL,6/17/2022,219.0,220.0,213.7,214.5,-1.47,79643.0,238.6,183.0
CZBIL,6/19/2022,216.0,216.0,211.0,211.0,-1.63,28025.0,238.6,183.0
CZBIL,6/20/2022,211.0,211.0,207.0,208.8,-1.04,31666.0,238.6,183.0
CZBIL,6/21/2022,205.0,213.9,205.0,213.5,2.25,23644.0,238.6,183.0
CZBIL,6/22/2022,213.0,213.0,210.0,211.0,-1.17,12381.0,238.6,183.0
CZBIL,6/23/2022,207.5,209.0,205.0,205.5,-2.61,23458.0,238.6,183.0
CZBIL,6/24/2022,206.0,211.1,202.2,208.0,1.22,16014.0,238.6,183.0
CZBIL,6/26/2022,210.0,216.5,208.0,216.5,4.09,34944.0,238.6,183.0
CZBIL,6/27/2022,220.8,220.8,208.1,208.1,-3.88,30383.0,238.6,183.0
CZBIL,6/28/2022,208.0,213.0,208.0,209.0,0.43,9288.0,238.6,183.0
CZBIL,6/29/2022,209.0,210.0,206.2,209.0,0.0,16768.0,238.6,183.0
CZBIL,6/30/2022,211.0,216.7,209.0,212.0,1.44,49590.0,238.6,183.0
CZBIL,7/1/2022,214.0,214.8,204.0,208.0,-1.89,85633.0,238.6,183.0
CZBIL,7/3/2022,205.0,212.0,204.1,209.0,0.48,37667.0,238.6,183.0
CZBIL,7/4/2022,210.5,213.8,206.0,206.1,-1.39,67348.0,238.6,183.0
CZBIL,7/5/2022,205.1,209.0,204.3,206.0,-0.05,38261.0,238.6,183.0
CZBIL,7/6/2022,208.0,208.0,203.5,205.9,-0.05,48895.0,238.6,183.0
CZBIL,7/7/2022,208.0,208.0,203.8,204.5,-0.68,34952.0,238.6,183.0
CZBIL,7/8/2022,205.0,205.0,200.5,202.0,-1.22,40923.0,238.6,183.0
CZBIL,7/11/2022,202.0,202.0,196.5,198.0,-1.98,78240.0,238.6,183.0
CZBIL,7/12/2022,199.9,201.9,194.0,200.0,1.01,80121.0,238.6,183.0
CZBIL,7/13/2022,196.2,202.0,195.0,202.0,1.0,85765.0,238.6,183.0
CZBIL,7/14/2022,201.0,203.0,199.6,199.9,-1.04,38117.0,238.6,183.0
CZBIL,7/15/2022,200.0,202.5,198.0,202.5,1.3,31021.0,238.6,183.0
CZBIL,7/17/2022,203.8,205.9,202.1,205.0,1.23,19661.0,238.6,183.0
CZBIL,7/18/2022,204.9,208.0,202.0,206.0,0.49,23912.0,238.6,183.0
CZBIL,7/19/2022,206.0,208.8,205.0,207.0,0.49,30922.0,238.6,183.0
CZBIL,7/20/2022,209.0,209.0,204.0,205.0,-0.97,21981.0,238.6,183.0
CZBIL,7/21/2022,204.1,213.0,204.1,205.3,0.15,38693.0,238.6,183.0
CZBIL,7/22/2022,205.3,205.9,200.0,202.0,-1.61,38166.0,238.6,183.0
CZBIL,7/24/2022,205.0,214.0,205.0,207.0,2.48,48513.0,238.6,183.0
CZBIL,7/25/2022,207.1,210.8,204.0,210.4,1.64,139787.0,238.6,183.0
CZBIL,7/26/2022,208.0,209.1,202.9,206.0,-2.09,63938.0,238.6,183.0
CZBIL,7/27/2022,204.0,206.0,202.0,204.2,-0.87,35374.0,238.6,183.0
CZBIL,7/28/2022,204.2,206.5,203.5,204.0,-0.1,53253.0,238.6,183.0
CZBIL,7/29/2022,205.0,205.5,201.0,203.0,-0.49,38929.0,238.6,183.0
CZBIL,7/31/2022,203.0,213.1,202.0,212.1,4.48,102088.0,238.6,183.0
CZBIL,8/1/2022,213.0,217.8,210.0,214.8,1.27,88889.0,238.6,183.0
CZBIL,8/2/2022,216.9,216.9,211.5,212.9,-0.88,38687.0,238.6,183.0
CZBIL,8/3/2022,212.9,215.0,210.5,211.8,-0.52,42484.0,238.6,183.0
CZBIL,8/4/2022,214.0,214.0,207.3,207.5,-2.03,57404.0,238.6,183.0
CZBIL,8/5/2022,204.2,207.0,203.5,204.0,-1.69,34768.0,238.6,183.0
CZBIL,8/7/2022,200.0,209.0,200.0,202.7,-0.64,31014.0,238.6,183.0
CZBIL,8/8/2022,205.0,206.0,202.6,203.1,0.2,49080.0,238.6,183.0
CZBIL,8/9/2022,203.5,204.0,200.5,200.5,-1.28,38609.0,238.6,183.0
CZBIL,8/10/2022,204.5,204.5,199.0,200.1,-0.2,42974.0,238.6,183.0
CZBIL,8/11/2022,204.1,204.1,199.9,201.0,0.45,36396.0,238.6,183.0
CZBIL,8/14/2022,203.0,203.0,199.6,199.7,-0.65,44581.0,238.6,183.0
CZBIL,8/15/2022,203.6,203.6,199.8,203.0,1.65,41953.0,238.6,183.0
CZBIL,8/16/2022,200.1,204.7,200.1,200.7,-1.13,47996.0,238.6,183.0
CZBIL,8/17/2022,202.0,202.0,200.0,201.5,0.4,23912.0,238.6,183.0
CZBIL,8/18/2022,202.9,202.9,200.1,202.5,0.5,19008.0,238.6,183.0
CZBIL,8/21/2022,204.0,204.0,201.1,201.2,-0.64,22968.0,238.6,183.0
CZBIL,8/22/2022,201.2,203.0,200.0,201.9,0.35,19446.0,238.6,183.0
CZBIL,8/23/2022,201.0,203.4,201.0,202.5,0.3,30334.0,238.6,183.0
CZBIL,8/24/2022,204.0,205.2,202.0,202.0,-0.25,16458.0,238.6,183.0
CZBIL,8/25/2022,203.9,204.0,200.0,201.0,-0.5,26542.0,238.6,183.0
CZBIL,8/26/2022,202.0,202.0,199.0,199.8,-0.6,20675.0,238.6,183.0
CZBIL,8/28/2022,200.0,200.0,197.6,198.0,-0.9,26871.0,238.6,183.0
CZBIL,8/29/2022,199.9,199.9,197.0,198.0,0.0,29409.0,238.6,183.0
CZBIL,8/30/2022,201.4,202.0,197.6,198.1,0.05,19300.0,238.6,183.0
CZBIL,8/31/2022,199.0,199.8,196.1,196.4,-0.86,25607.0,238.6,183.0
CZBIL,9/1/2022,196.0,198.0,194.2,196.0,-0.2,27151.0,238.6,183.0
CZBIL,9/2/2022,197.8,197.9,195.0,195.0,-0.51,32212.0,238.6,183.0
CZBIL,9/4/2022,194.2,198.8,194.2,197.0,1.03,18626.0,238.6,183.0
CZBIL,9/5/2022,196.0,198.0,196.0,196.6,-0.2,10680.0,238.6,183.0
CZBIL,9/6/2022,197.0,197.0,195.0,195.1,-0.76,30319.0,238.6,183.0
CZBIL,9/7/2022,196.0,196.0,194.0,194.9,-0.1,25476.0,238.6,183.0
CZBIL,9/8/2022,194.9,196.0,193.0,194.0,-0.46,21602.0,238.6,183.0
CZBIL,9/11/2022,196.0,196.0,193.4,193.4,-0.31,11299.0,238.6,183.0
CZBIL,9/12/2022,192.0,194.8,191.0,193.0,-0.21,19242.0,238.6,183.0
CZBIL,9/13/2022,194.9,196.0,193.0,194.5,0.78,13739.0,238.6,183.0
CZBIL,9/14/2022,194.5,198.5,194.5,198.5,2.06,24364.0,238.6,183.0
CZBIL,9/15/2022,198.0,198.0,193.0,193.8,-2.37,31701.0,238.6,183.0
CZBIL,9/16/2022,191.0,194.0,188.8,192.3,-0.77,21984.0,238.6,183.0
CZBIL,9/18/2022,190.0,193.0,189.0,191.0,-0.68,23706.0,238.6,183.0
CZBIL,9/20/2022,188.5,190.0,186.3,188.6,-1.26,30901.0,238.6,183.0
CZBIL,9/21/2022,190.0,190.0,186.0,188.1,-0.27,17182.0,238.6,183.0
CZBIL,9/22/2022,188.0,190.1,186.5,188.1,0.0,26651.0,238.6,183.0
CZBIL,9/25/2022,187.0,187.0,181.4,182.0,-3.24,86595.0,238.6,183.0
CZBIL,9/27/2022,180.0,188.0,180.0,185.0,1.65,31869.0,238.6,183.0
CZBIL,9/28/2022,187.0,187.9,183.6,186.5,0.81,21898.0,238.6,183.0
CZBIL,9/29/2022,187.7,195.4,186.5,195.4,4.77,30469.0,238.6,183.0
CZBIL,10/9/2022,199.0,201.0,195.0,199.0,1.84,42410.0,238.6,183.0
CZBIL,10/10/2022,199.1,200.0,194.1,195.2,-1.91,32696.0,238.6,183.0
CZBIL,10/11/2022,195.2,198.9,195.2,197.2,1.02,22333.0,238.6,183.0
CZBIL,10/12/2022,197.0,201.1,195.7,201.1,1.98,30677.0,238.6,183.0
CZBIL,10/13/2022,202.7,206.0,201.4,204.9,1.89,125954.0,238.6,183.0
CZBIL,10/16/2022,200.9,200.9,190.0,190.5,-7.03,31686.0,238.6,183.0
CZBIL,10/17/2022,190.0,192.0,186.8,187.5,-1.57,31568.0,238.6,183.0
CZBIL,10/19/2022,187.5,187.5,183.0,184.0,-1.87,24590.0,238.6,183.0
CZBIL,10/20/2022,184.0,187.0,181.0,184.1,0.05,14443.0,238.6,183.0
CZBIL,10/23/2022,187.7,188.0,184.0,184.9,0.43,20378.0,238.6,183.0
CZBIL,10/31/2022,188.5,195.8,184.8,190.0,2.76,40901.0,238.6,183.0
CZBIL,11/1/2022,193.8,193.8,190.0,191.0,0.53,62301.0,238.6,183.0
CZBIL,11/2/2022,194.0,194.0,187.2,191.0,0.0,54942.0,238.6,183.0
CZBIL,11/3/2022,190.0,192.0,185.0,189.0,-1.05,34464.0,238.6,183.0
CZBIL,11/6/2022,190.0,190.0,185.0,188.0,-0.53,39125.0,238.6,183.0
CZBIL,11/7/2022,188.0,190.2,187.1,188.0,0.0,34139.0,238.6,183.0
CZBIL,11/8/2022,190.0,190.0,186.0,188.0,0.0,373395.0,238.6,183.0
CZBIL,11/9/2022,190.0,190.0,186.2,186.2,-0.96,67215.0,238.6,183.0
CZBIL,11/10/2022,189.8,189.8,183.0,184.6,-0.86,40508.0,238.6,183.0
CZBIL,11/13/2022,185.0,185.9,183.0,183.5,-0.6,18425.0,238.6,183.0
CZBIL,11/14/2022,182.1,185.0,182.1,183.0,-0.27,23040.0,238.6,183.0
CZBIL,11/15/2022,183.0,184.0,182.3,183.0,0.0,20368.0,238.6,183.0
CZBIL,11/16/2022,181.0,184.4,181.0,184.0,0.55,42295.0,238.6,183.0
CZBIL,11/17/2022,184.1,188.5,183.7,186.8,1.52,44241.0,238.6,183.0
CZBIL,11/22/2022,186.8,188.9,186.0,187.0,0.11,13462.0,238.6,183.0
CZBIL,11/23/2022,185.0,187.0,184.0,184.2,-1.5,14958.0,238.6,183.0
CZBIL,11/24/2022,184.0,187.0,184.0,186.7,1.36,11093.0,238.6,183.0
CZBIL,11/27/2022,188.0,190.0,185.0,186.2,-0.27,25997.0,238.6,183.0
CZBIL,11/28/2022,188.0,189.9,184.0,185.0,-0.64,28475.0,238.6,183.0
CZBIL,11/29/2022,186.9,186.9,183.4,184.9,-0.05,26592.0,238.6,183.0
CZBIL,11/30/2022,186.0,186.0,183.0,184.0,-0.49,14340.0,238.6,183.0
CZBIL,12/1/2022,187.0,187.0,183.0,184.4,0.22,16339.0,238.6,183.0
CZBIL,12/4/2022,183.0,184.9,182.5,183.2,-0.65,68156.0,238.6,183.0
CZBIL,12/5/2022,185.0,185.0,182.1,182.2,-0.55,29551.0,238.6,183.0
CZBIL,12/6/2022,183.0,183.9,181.2,181.5,-0.38,14558.0,238.6,183.0
CZBIL,12/7/2022,184.0,184.0,180.6,180.7,-0.44,19377.0,238.6,183.0
CZBIL,12/11/2022,180.5,182.0,179.7,181.0,0.17,18089.0,238.6,183.0
CZBIL,12/12/2022,183.0,184.6,179.0,181.0,0.0,18001.0,238.6,183.0
CZBIL,12/13/2022,180.1,181.0,178.4,180.8,-0.11,21918.0,238.6,183.0
CZBIL,12/14/2022,180.8,181.5,177.2,180.0,-0.44,31822.0,238.6,183.0
CZBIL,12/15/2022,178.0,180.4,178.0,180.0,0.0,21500.0,238.6,183.0
CZBIL,12/18/2022,178.0,180.0,176.5,178.5,-0.83,26901.0,238.6,183.0
CZBIL,12/19/2022,178.5,180.0,176.3,178.0,-0.28,21583.0,238.6,183.0
CZBIL,12/20/2022,180.5,180.5,177.0,179.9,1.07,31584.0,238.6,183.0
CZBIL,12/21/2022,177.0,180.0,176.5,178.0,-1.06,66136.0,238.6,183.0
CZBIL,12/22/2022,180.0,180.0,175.0,176.0,-1.12,35292.0,238.6,183.0
CZBIL,12/26/2022,178.5,182.0,178.5,181.0,2.84,40917.0,238.6,183.0
CZBIL,12/27/2022,183.0,190.0,183.0,187.0,3.31,69135.0,238.6,183.0
CZBIL,12/28/2022,187.1,188.5,185.0,186.0,-0.53,42044.0,238.6,183.0
CZBIL,12/29/2022,186.0,191.3,185.0,191.0,2.69,44676.0,238.6,183.0
CZBIL,1/1/2023,193.8,195.0,188.0,192.0,0.52,70226.0,238.6,183.0
CZBIL,1/2/2023,192.0,198.9,192.0,194.2,1.15,79667.0,238.6,183.0
CZBIL,1/3/2023,196.0,197.0,192.0,193.0,-0.62,51132.0,238.6,183.0
CZBIL,1/4/2023,195.8,197.0,192.1,196.9,2.02,47054.0,238.6,183.0
CZBIL,1/5/2023,199.0,201.0,195.2,197.5,0.3,85486.0,238.6,183.0
CZBIL,1/8/2023,200.0,200.0,196.5,198.0,0.25,66868.0,238.6,183.0
CZBIL,1/9/2023,199.9,208.0,196.0,204.5,3.28,84790.0,238.6,183.0
CZBIL,1/10/2023,206.0,224.0,206.0,211.0,3.18,174920.0,238.6,183.0
CZBIL,1/12/2023,215.0,219.5,205.1,206.0,-2.37,104354.0,238.6,183.0
CZBIL,1/17/2023,208.0,208.9,202.0,206.0,0.0,71903.0,238.6,183.0
CZBIL,1/18/2023,206.0,209.0,202.5,204.0,-0.97,63465.0,238.6,183.0
CZBIL,1/19/2023,200.3,207.0,200.3,205.4,0.69,43986.0,238.6,183.0
CZBIL,1/23/2023,205.0,205.0,200.1,201.0,-2.14,56437.0,238.6,183.0
CZBIL,1/24/2023,199.1,202.4,199.0,201.2,0.1,31987.0,238.6,183.0
CZBIL,1/25/2023,199.8,201.0,198.4,199.0,-1.09,57993.0,238.6,183.0
CZBIL,1/26/2023,200.0,201.0,196.1,197.0,-1.01,48834.0,238.6,183.0
CZBIL,1/29/2023,196.0,198.0,194.3,194.4,-1.32,40999.0,238.6,183.0
CZBIL,1/30/2023,193.4,194.8,191.6,193.0,-0.72,45137.0,238.6,183.0
CZBIL,1/31/2023,191.0,193.0,190.0,191.0,-1.04,32376.0,238.6,183.0
CZBIL,2/1/2023,190.0,191.0,189.1,190.5,-0.26,23972.0,238.6,183.0
CZBIL,2/2/2023,190.0,191.0,188.0,188.8,-0.89,30338.0,238.6,183.0
CZBIL,2/5/2023,190.9,192.0,188.3,191.7,1.54,53777.0,238.6,183.0
CZBIL,2/6/2023,193.8,193.8,190.0,190.0,-0.89,20880.0,238.6,183.0
CZBIL,2/7/2023,190.0,196.0,188.2,195.1,2.68,57561.0,238.6,183.0
CZBIL,2/8/2023,197.9,201.6,195.4,196.0,0.46,53591.0,238.6,183.0
CZBIL,2/9/2023,195.0,198.8,194.3,195.3,-0.36,32409.0,238.6,183.0
CZBIL,2/12/2023,193.0,193.0,186.2,190.7,-2.36,53958.0,238.6,183.0
CZBIL,2/14/2023,187.2,191.7,187.2,188.9,-0.94,16310.0,238.6,183.0
CZBIL,2/15/2023,190.0,190.0,187.0,187.1,-0.95,18832.0,238.6,183.0
CZBIL,2/16/2023,186.0,189.7,185.0,186.0,-0.59,40614.0,238.6,183.0
CZBIL,2/20/2023,188.7,188.7,184.0,186.0,0.0,30035.0,238.6,183.0
CZBIL,2/22/2023,186.5,189.0,186.5,187.1,0.59,20470.0,238.6,183.0
CZBIL,2/23/2023,186.0,189.5,185.1,188.0,0.48,29005.0,238.6,183.0
CZBIL,2/26/2023,184.9,186.0,182.1,186.0,-1.06,19434.0,238.6,183.0
CZBIL,2/27/2023,188.0,188.0,183.5,187.0,0.54,19292.0,238.6,183.0
CZBIL,2/28/2023,189.6,189.6,184.4,187.0,0.0,9800.0,238.6,183.0
CZBIL,3/1/2023,189.7,189.7,183.0,184.1,-1.55,14515.0,238.6,183.0
CZBIL,3/2/2023,185.0,187.6,182.7,182.7,-0.76,15120.0,238.6,183.0
CZBIL,3/5/2023,182.0,184.0,181.0,182.5,-0.11,9640.0,238.6,183.0
CZBIL,3/7/2023,183.0,183.8,179.4,182.0,-0.27,10503.0,238.6,183.0
CZBIL,3/9/2023,183.6,189.0,182.1,189.0,3.85,31175.0,238.6,183.0
CZBIL,3/12/2023,189.0,190.0,184.0,184.0,-2.65,15390.0,238.6,183.0
CZBIL,3/13/2023,184.0,184.0,178.0,178.0,-3.26,60396.0,238.6,183.0
CZBIL,3/14/2023,180.5,182.0,178.0,182.0,2.25,12516.0,238.6,183.0
CZBIL,3/15/2023,184.0,184.4,178.0,179.5,-1.37,22921.0,238.6,183.0
CZBIL,3/16/2023,179.0,181.0,178.0,180.0,0.28,25393.0,238.6,183.0
CZBIL,3/19/2023,180.0,182.0,179.0,179.0,-0.56,15499.0,238.6,183.0
CZBIL,3/20/2023,179.0,181.0,179.0,180.0,0.56,31291.0,238.6,183.0
CZBIL,3/22/2023,180.2,181.4,179.3,180.0,0.0,26482.0,238.6,183.0
CZBIL,3/23/2023,178.0,182.0,177.2,180.0,0.0,34455.0,238.6,183.0
CZBIL,3/26/2023,179.0,181.9,176.4,178.0,-1.11,32590.0,238.6,183.0
CZBIL,3/27/2023,175.0,179.5,175.0,177.0,-0.56,29191.0,238.6,183.0
CZBIL,3/28/2023,179.5,182.0,176.4,180.0,1.69,36245.0,238.6,183.0
CZBIL,3/29/2023,182.6,182.6,177.6,179.0,-0.56,10298.0,238.6,183.0
CZBIL,3/30/2023,181.4,181.5,178.0,178.9,-0.06,9924.0,238.6,183.0
CZBIL,4/2/2023,178.9,186.0,173.6,174.5,-2.46,37800.0,238.6,183.0
CZBIL,4/3/2023,173.0,174.8,171.0,173.0,-0.86,44415.0,238.6,183.0
CZBIL,4/4/2023,172.0,173.9,172.0,172.8,-0.12,33035.0,238.6,183.0
CZBIL,4/5/2023,174.0,174.0,170.6,172.9,0.06,20023.0,238.6,183.0
CZBIL,4/6/2023,176.0,176.3,172.0,173.0,0.06,19601.0,238.6,183.0
CZBIL,4/9/2023,172.0,173.5,170.1,170.4,-1.5,30458.0,238.6,183.0
CZBIL,4/10/2023,170.0,171.9,169.0,170.8,0.23,18249.0,238.6,183.0
CZBIL,4/11/2023,171.9,174.2,170.0,174.0,1.87,23860.0,238.6,183.0
CZBIL,4/12/2023,175.0,184.0,175.0,184.0,5.75,39492.0,238.6,183.0
CZBIL,4/13/2023,185.7,188.0,180.4,182.0,-1.09,43201.0,238.6,183.0
CZBIL,4/16/2023,184.0,184.0,180.0,180.8,-0.66,13340.0,238.6,183.0
CZBIL,4/17/2023,180.0,182.0,177.1,177.1,-2.05,15955.0,238.6,183.0
CZBIL,4/18/2023,175.0,178.7,175.0,177.1,0.0,14491.0,238.6,183.0
CZBIL,4/19/2023,175.1,182.0,175.0,181.0,2.2,31788.0,238.6,183.0
CZBIL,4/20/2023,180.1,180.1,177.0,179.0,-1.1,21022.0,238.6,183.0
CZBIL,4/23/2023,177.0,179.0,173.0,174.3,-2.63,26440.0,238.6,183.0
CZBIL,4/24/2023,173.0,174.0,171.1,174.0,-0.17,11909.0,238.6,183.0
CZBIL,4/25/2023,174.0,176.0,172.6,175.0,0.57,17785.0,238.6,183.0
CZBIL,4/26/2023,173.0,177.0,173.0,173.9,-0.63,6452.0,238.6,183.0
CZBIL,4/27/2023,172.0,175.0,170.6,174.0,0.06,9712.0,238.6,183.0
CZBIL,4/30/2023,174.0,174.0,171.6,171.6,-1.38,17848.0,238.6,183.0
CZBIL,5/2/2023,171.6,173.0,170.7,171.0,-0.35,17427.0,238.6,183.0
CZBIL,5/3/2023,173.3,173.3,170.1,171.4,0.23,8156.0,238.6,183.0
CZBIL,5/4/2023,172.0,172.9,170.3,172.5,0.64,16855.0,238.6,183.0
CZBIL,5/7/2023,174.0,174.0,170.2,171.0,-0.87,14402.0,238.6,183.0
CZBIL,5/8/2023,170.2,171.6,168.0,170.0,-0.58,43099.0,238.6,183.0
CZBIL,5/9/2023,171.9,171.9,169.0,169.6,-0.24,11798.0,238.6,183.0
CZBIL,5/10/2023,170.0,171.0,168.2,170.0,0.24,16000.0,238.6,183.0
CZBIL,5/11/2023,168.0,171.1,168.0,171.0,0.59,11915.0,238.6,183.0
CZBIL,5/14/2023,172.0,172.0,169.0,170.8,-0.12,9777.0,238.6,183.0
CZBIL,5/15/2023,170.0,170.8,169.0,170.6,-0.12,9905.0,238.6,183.0
CZBIL,5/16/2023,169.0,170.0,168.2,169.9,-0.41,7913.0,238.6,183.0
CZBIL,5/17/2023,170.0,171.5,168.1,171.5,0.94,23913.0,238.6,183.0
CZBIL,5/18/2023,168.6,174.9,168.6,174.5,1.75,18208.0,238.6,183.0
CZBIL,5/21/2023,176.0,176.0,173.1,175.0,0.29,16063.0,238.6,183.0
CZBIL,5/22/2023,173.0,175.0,172.1,173.2,-1.03,7537.0,238.6,183.0
CZBIL,5/23/2023,172.1,178.4,172.1,177.0,2.19,26041.0,238.6,183.0
CZBIL,5/24/2023,176.0,178.9,175.0,178.9,1.07,18647.0,238.6,183.0
CZBIL,5/28/2023,181.0,181.0,176.0,177.0,-1.06,45132.0,238.6,183.0
CZBIL,5/30/2023,175.0,175.9,172.5,174.7,-1.3,13159.0,238.6,183.0
CZBIL,5/31/2023,172.0,172.0,170.0,171.9,-1.6,23506.0,238.6,183.0
CZBIL,6/1/2023,170.0,171.9,169.0,170.9,-0.58,31688.0,238.6,183.0
CZBIL,6/4/2023,170.1,174.0,170.0,172.5,0.94,16927.0,238.6,183.0
CZBIL,6/5/2023,175.9,175.9,170.0,171.0,-0.87,22945.0,238.6,183.0
CZBIL,6/6/2023,170.0,172.0,168.0,170.0,-0.58,29190.0,238.6,183.0
CZBIL,6/7/2023,170.0,171.9,169.0,169.0,-0.59,23686.0,238.6,183.0
CZBIL,6/8/2023,171.0,171.0,168.4,169.0,0.0,36548.0,238.6,183.0
CZBIL,6/11/2023,169.0,172.3,169.0,170.5,0.89,42716.0,238.6,183.0
CZBIL,6/12/2023,167.3,176.9,167.3,171.8,0.76,23547.0,238.6,183.0
CZBIL,6/13/2023,170.3,174.0,170.2,173.0,0.7,55381.0,238.6,183.0
CZBIL,6/14/2023,171.0,178.0,170.1,176.0,1.73,68437.0,238.6,183.0
CZBIL,6/15/2023,177.5,179.0,173.1,175.5,-0.28,30073.0,238.6,183.0
CZBIL,6/18/2023,177.0,177.0,173.3,174.1,-0.8,38326.0,238.6,183.0
CZBIL,6/19/2023,176.0,176.0,173.0,174.0,-0.06,32389.0,238.6,183.0
CZBIL,6/20/2023,177.4,177.4,171.7,172.0,-1.15,19128.0,238.6,183.0
CZBIL,6/21/2023,172.0,173.0,170.2,171.9,-0.06,43951.0,238.6,183.0
CZBIL,6/22/2023,171.9,172.0,169.1,169.2,-1.57,29113.0,238.6,183.0
CZBIL,6/25/2023,166.0,173.1,165.9,171.0,1.06,102089.0,238.6,183.0
CZBIL,6/26/2023,173.0,174.4,169.0,172.9,1.11,46861.0,238.6,183.0
CZBIL,6/27/2023,172.0,178.9,172.0,178.9,3.47,66226.0,238.6,183.0
CZBIL,6/28/2023,180.0,181.8,174.0,175.4,-1.96,60547.0,238.6,183.0
CZBIL,7/2/2023,177.0,177.0,170.0,170.1,-3.02,28128.0,238.6,183.0
CZBIL,7/3/2023,172.0,173.0,168.3,169.0,-0.65,41381.0,238.6,183.0
CZBIL,7/4/2023,171.0,171.0,166.3,168.0,-0.59,62783.0,238.6,183.0
CZBIL,7/5/2023,168.0,170.0,165.2,166.0,-1.19,29904.0,238.6,183.0
CZBIL,7/6/2023,167.9,168.0,165.0,165.9,-0.06,79497.0,238.6,183.0
CZBIL,7/9/2023,165.0,169.9,165.0,168.0,1.27,30576.0,238.6,183.0
CZBIL,7/10/2023,168.0,170.0,167.1,167.1,-0.54,32842.0,238.6,183.0
CZBIL,7/11/2023,165.1,170.0,165.1,169.0,1.14,41297.0,238.6,183.0
CZBIL,7/12/2023,168.0,171.0,167.1,170.9,1.12,30224.0,238.6,183.0
CZBIL,7/13/2023,173.0,173.0,169.0,169.0,-1.11,32498.0,238.6,183.0
CZBIL,7/16/2023,169.0,173.1,168.6,173.1,2.43,24950.0,238.6,183.0
CZBIL,7/17/2023,176.0,178.2,172.5,178.2,2.95,97645.0,238.6,183.0
CZBIL,7/18/2023,180.0,184.9,179.1,183.0,2.69,97214.0,238.6,183.0
CZBIL,7/19/2023,186.6,195.7,180.0,193.2,5.57,173044.0,238.6,183.0
CZBIL,7/20/2023,194.0,196.9,187.5,189.0,-2.17,115934.0,238.6,183.0
CZBIL,7/23/2023,192.7,207.8,188.9,201.0,6.35,136256.0,238.6,183.0
CZBIL,7/24/2023,201.0,203.0,194.2,196.0,-2.49,233515.0,238.6,183.0
CZBIL,7/25/2023,199.8,199.8,186.3,186.4,-4.9,101426.0,238.6,183.0
CZBIL,7/26/2023,186.0,193.5,185.3,185.6,-0.43,92386.0,238.6,183.0
CZBIL,7/27/2023,189.0,189.0,184.1,185.0,-0.32,46296.0,238.6,183.0
CZBIL,7/30/2023,188.7,192.4,186.0,188.0,1.62,134181.0,238.6,183.0
CZBIL,7/31/2023,190.0,194.8,188.0,192.0,2.13,91996.0,238.6,183.0
CZBIL,8/1/2023,195.0,195.8,189.5,190.0,-1.04,53139.0,238.6,183.0
CZBIL,8/2/2023,193.8,193.8,187.6,190.0,0.0,22444.0,238.6,183.0
CZBIL,8/3/2023,193.0,193.7,188.0,190.9,0.47,40420.0,238.6,183.0
CZBIL,8/6/2023,194.0,194.0,187.0,187.1,-1.99,50223.0,238.6,183.0
CZBIL,8/7/2023,190.1,190.5,185.0,188.0,0.48,75582.0,238.6,183.0
CZBIL,8/8/2023,190.0,190.0,181.3,182.9,-2.71,63609.0,238.6,183.0
CZBIL,8/9/2023,182.6,185.0,178.3,183.0,0.05,24626.0,238.6,183.0
CZBIL,8/10/2023,186.5,187.0,181.1,186.0,1.64,24037.0,238.6,183.0
CZBIL,8/13/2023,185.0,191.9,185.0,190.0,2.15,58357.0,238.6,183.0
CZBIL,8/14/2023,193.0,194.0,191.0,192.4,1.26,66895.0,238.6,183.0
CZBIL,8/15/2023,193.0,193.0,189.0,189.0,-1.77,36306.0,238.6,183.0
CZBIL,8/16/2023,192.0,192.0,185.0,186.7,-1.22,34387.0,238.6,183.0
CZBIL,8/17/2023,186.7,190.0,183.0,188.1,0.75,30631.0,238.6,183.0
CZBIL,8/20/2023,185.0,188.6,185.0,186.4,-0.9,25296.0,238.6,183.0
CZBIL,8/21/2023,189.0,189.0,185.0,187.0,0.32,35244.0,238.6,183.0
CZBIL,8/22/2023,187.0,188.9,185.5,188.3,0.7,23219.0,238.6,183.0
CZBIL,8/23/2023,189.7,192.0,187.3,189.9,0.85,27209.0,238.6,183.0
CZBIL,8/24/2023,187.0,193.0,187.0,188.0,-1.0,25049.0,238.6,183.0
CZBIL,8/27/2023,185.0,188.0,184.4,185.4,-1.38,16904.0,238.6,183.0
CZBIL,8/28/2023,183.0,187.6,182.5,185.0,-0.22,20853.0,238.6,183.0
CZBIL,8/29/2023,182.5,185.0,182.0,183.0,-1.08,13291.0,238.6,183.0
CZBIL,8/30/2023,186.6,186.6,182.6,184.1,0.6,20233.0,238.6,183.0
CZBIL,9/3/2023,182.6,184.0,182.0,182.0,-1.14,28240.0,238.6,183.0
CZBIL,9/4/2023,180.0,185.1,180.0,184.0,1.1,19081.0,238.6,183.0
CZBIL,9/5/2023,185.9,185.9,181.5,183.5,-0.27,23001.0,238.6,183.0
CZBIL,9/7/2023,185.0,185.0,180.5,182.0,-0.82,15934.0,238.6,183.0
CZBIL,9/10/2023,181.0,185.0,179.0,184.0,1.1,25700.0,238.6,183.0
CZBIL,9/11/2023,182.0,190.3,172.0,188.0,2.17,29359.0,238.6,183.0
CZBIL,9/12/2023,190.0,190.7,185.6,187.5,-0.27,17612.0,238.6,183.0
CZBIL,9/13/2023,190.7,191.4,185.0,191.4,2.08,28478.0,238.6,183.0
CZBIL,9/17/2023,188.0,188.0,180.5,180.9,-5.49,76383.0,238.6,183.0
CZBIL,9/18/2023,180.1,183.0,179.0,182.0,0.61,28390.0,238.6,183.0
CZBIL,9/19/2023,183.0,186.0,180.0,185.0,1.65,37375.0,238.6,183.0
CZBIL,9/21/2023,188.7,188.7,180.0,185.0,0.0,106516.0,238.6,183.0
CZBIL,9/24/2023,185.0,188.8,183.0,187.0,1.08,48541.0,238.6,183.0
CZBIL,9/25/2023,185.0,189.5,183.6,185.0,-1.07,47387.0,238.6,183.0
CZBIL,9/26/2023,188.5,190.0,183.2,187.9,1.57,39790.0,238.6,183.0
CZBIL,9/27/2023,190.9,190.9,185.0,187.0,-0.48,30458.0,238.6,183.0
CZBIL,10/1/2023,187.0,187.0,183.0,185.9,-0.59,75030.0,238.6,183.0
CZBIL,10/2/2023,182.2,182.2,177.1,180.1,-3.12,36898.0,238.6,183.0
CZBIL,10/3/2023,180.0,180.0,176.0,178.4,-0.94,16109.0,238.6,183.0
CZBIL,10/4/2023,175.0,180.0,174.7,175.0,-1.91,21397.0,238.6,183.0
CZBIL,10/5/2023,175.0,175.0,172.2,175.0,0.0,13817.0,238.6,183.0
CZBIL,10/8/2023,178.5,178.5,171.5,172.9,-1.2,25091.0,238.6,183.0
CZBIL,10/9/2023,172.0,175.0,168.6,170.0,-1.68,37988.0,238.6,183.0
CZBIL,10/10/2023,172.0,172.0,167.7,168.4,-0.94,20379.0,238.6,183.0
CZBIL,10/11/2023,170.0,171.3,168.0,169.5,0.65,12057.0,238.6,183.0
CZBIL,10/12/2023,171.0,172.8,168.1,169.5,0.0,36764.0,238.6,183.0
CZBIL,10/16/2023,172.8,172.8,167.0,172.0,1.47,19602.0,238.6,183.0
CZBIL,10/17/2023,174.0,177.0,170.6,177.0,2.91,34012.0,238.6,183.0
CZBIL,10/18/2023,179.0,179.6,172.6,178.4,0.79,29453.0,238.6,183.0
CZBIL,10/19/2023,181.0,181.0,175.0,175.0,-1.91,7596.0,238.6,183.0
CZBIL,10/29/2023,172.0,175.0,170.0,172.9,-1.2,10613.0,238.6,183.0
CZBIL,10/30/2023,172.0,172.0,168.7,171.5,-0.81,9435.0,238.6,183.0
CZBIL,10/31/2023,170.1,171.0,169.6,170.0,-0.87,12822.0,238.6,183.0
CZBIL,11/1/2023,169.1,170.0,167.9,168.8,-0.71,25711.0,238.6,183.0
CZBIL,11/2/2023,168.0,168.9,166.6,167.8,-0.59,37237.0,238.6,183.0
CZBIL,11/5/2023,165.7,167.5,163.8,164.7,-1.85,23468.0,238.6,183.0
CZBIL,11/6/2023,166.0,166.0,163.2,163.2,-0.91,22140.0,238.6,183.0
CZBIL,11/7/2023,163.5,165.0,163.0,163.0,-0.12,15533.0,238.6,183.0
CZBIL,11/8/2023,162.2,163.9,160.8,162.6,-0.25,22450.0,238.6,183.0
CZBIL,11/9/2023,161.0,163.7,161.0,163.3,0.43,9131.0,238.6,183.0
CZBIL,11/20/2023,165.0,166.0,161.8,161.8,-0.92,13507.0,238.6,183.0
CZBIL,11/21/2023,160.0,162.0,158.9,160.3,-0.93,9889.0,238.6,183.0
CZBIL,11/22/2023,160.0,163.0,159.0,163.0,1.68,15127.0,238.6,183.0
CZBIL,11/23/2023,160.0,166.2,159.9,166.0,1.84,13620.0,238.6,183.0
CZBIL,11/26/2023,165.0,169.0,165.0,168.5,1.51,18108.0,238.6,183.0
CZBIL,11/27/2023,166.0,169.0,164.0,165.3,-1.9,25115.0,238.6,183.0
CZBIL,11/28/2023,162.1,165.0,162.1,163.0,-1.39,19685.0,238.6,183.0
CZBIL,11/29/2023,161.0,166.0,161.0,165.0,1.23,13975.0,238.6,183.0
CZBIL,11/30/2023,165.0,165.5,162.3,164.0,-0.61,11913.0,238.6,183.0
CZBIL,12/3/2023,162.0,163.8,161.0,162.0,-1.22,22075.0,238.6,183.0
CZBIL,12/4/2023,161.0,164.5,160.1,161.0,-0.62,25071.0,238.6,183.0
CZBIL,12/5/2023,164.2,164.2,160.4,160.9,-0.06,14697.0,238.6,183.0
CZBIL,12/6/2023,160.0,163.0,159.8,160.8,-0.06,10679.0,238.6,183.0
CZBIL,12/7/2023,162.0,162.9,160.0,162.5,1.06,13744.0,238.6,183.0
CZBIL,12/10/2023,164.0,173.4,164.0,170.0,4.62,10931.0,238.6,183.0
CZBIL,12/11/2023,173.0,175.0,166.6,170.1,0.06,55479.0,238.6,183.0
CZBIL,12/12/2023,171.0,174.0,167.7,173.9,2.23,44222.0,238.6,183.0
CZBIL,12/13/2023,177.0,180.0,168.0,175.4,0.86,61773.0,238.6,183.0
CZBIL,12/14/2023,177.8,178.0,171.9,174.0,-0.8,19323.0,238.6,183.0
CZBIL,12/17/2023,171.0,178.1,169.0,178.1,2.36,38363.0,238.6,183.0
CZBIL,12/18/2023,179.0,188.0,176.1,183.0,2.75,77106.0,238.6,183.0
CZBIL,12/19/2023,186.5,189.9,181.0,188.9,3.22,124833.0,238.6,183.0
CZBIL,12/20/2023,190.0,193.8,187.0,188.0,-0.48,57740.0,238.6,183.0
CZBIL,12/21/2023,187.0,190.0,183.0,184.0,-2.13,57341.0,238.6,183.0
CZBIL,12/24/2023,182.0,185.0,180.0,180.0,-2.17,43773.0,238.6,183.0
CZBIL,12/27/2023,183.5,183.5,178.0,179.7,-0.17,34913.0,238.6,183.0
CZBIL,12/28/2023,177.0,180.4,176.1,179.0,-0.39,27299.0,238.6,183.0
CZBIL,1/1/2024,180.0,180.0,176.1,178.9,-0.06,33113.0,238.6,183.0
CZBIL,1/2/2024,176.1,179.0,174.0,174.0,-2.74,32128.0,238.6,183.0
CZBIL,1/3/2024,171.5,175.6,171.2,175.6,0.92,35917.0,238.6,183.0
CZBIL,1/4/2024,173.0,176.0,172.1,173.0,-1.48,31415.0,238.6,183.0
CZBIL,1/7/2024,175.0,175.0,168.6,168.6,-2.54,63539.0,238.6,183.0
CZBIL,1/8/2024,171.0,171.0,168.0,169.5,0.53,27578.0,238.6,183.0
CZBIL,1/9/2024,170.0,171.8,168.0,169.7,0.12,57823.0,238.6,183.0
CZBIL,1/10/2024,172.0,177.4,171.0,174.0,2.53,51454.0,238.6,183.0
CZBIL,1/11/2024,174.0,174.9,171.9,172.9,-0.63,11917.0,238.6,183.0
CZBIL,1/14/2024,173.0,176.3,172.1,172.1,-0.46,28580.0,238.6,183.0
CZBIL,1/16/2024,172.2,184.9,172.2,182.0,5.75,91321.0,238.6,183.0
CZBIL,1/17/2024,182.0,190.0,181.0,182.0,0.0,94183.0,238.6,183.0
CZBIL,1/18/2024,180.0,183.2,178.1,181.9,-0.05,43654.0,238.6,183.0
CZBIL,1/21/2024,178.4,181.0,173.1,178.0,-2.14,78905.0,238.6,183.0
CZBIL,1/22/2024,174.5,178.0,172.0,174.0,-2.25,65206.0,238.6,183.0
CZBIL,1/23/2024,177.4,177.4,171.0,173.9,-0.06,18197.0,238.6,183.0
CZBIL,1/24/2024,173.9,177.0,170.1,172.9,-0.58,25510.0,238.6,183.0
CZBIL,1/25/2024,175.0,175.0,168.9,170.0,-1.68,47418.0,238.6,183.0
CZBIL,1/28/2024,170.0,170.5,168.7,170.0,0.0,22281.0,238.6,183.0
CZBIL,1/29/2024,170.0,172.0,168.2,170.0,0.0,26724.0,238.6,183.0
CZBIL,1/30/2024,168.5,171.0,168.0,170.0,0.0,23535.0,238.6,183.0
CZBIL,1/31/2024,168.6,171.0,168.6,169.0,-0.59,38397.0,238.6,183.0
CZBIL,2/1/2024,168.1,169.0,165.0,167.0,-1.18,41598.0,238.6,183.0
CZBIL,2/4/2024,168.0,168.0,166.0,166.5,-0.3,27512.0,238.6,183.0
CZBIL,2/5/2024,166.0,167.0,165.0,165.9,-0.36,33269.0,238.6,183.0
CZBIL,2/6/2024,168.0,168.2,166.0,167.5,0.96,15395.0,238.6,183.0
CZBIL,2/7/2024,167.2,168.4,166.5,168.4,0.54,23291.0,238.6,183.0
CZBIL,2/8/2024,169.4,169.4,167.0,169.0,0.36,21369.0,238.6,183.0
CZBIL,2/11/2024,169.0,170.0,167.0,168.0,-0.59,21357.0,238.6,183.0
CZBIL,2/12/2024,168.6,169.9,166.3,167.3,-0.42,22671.0,238.6,183.0
CZBIL,2/13/2024,167.0,167.0,165.7,167.0,-0.18,24154.0,238.6,183.0
CZBIL,2/14/2024,165.5,167.0,165.0,166.0,-0.6,15570.0,238.6,183.0
CZBIL,2/15/2024,166.0,168.9,165.1,165.2,-0.48,20998.0,238.6,183.0
CZBIL,2/18/2024,165.0,168.0,164.0,165.0,-0.12,35463.0,238.6,183.0
CZBIL,2/20/2024,166.0,166.0,164.5,164.5,-0.3,25649.0,238.6,183.0
CZBIL,2/21/2024,166.8,170.0,164.5,165.0,0.3,23727.0,238.6,183.0
CZBIL,2/22/2024,164.0,165.0,162.5,163.3,-1.03,30325.0,238.6,183.0
CZBIL,2/25/2024,163.3,165.0,162.2,162.4,-0.55,35856.0,238.6,183.0
CZBIL,2/26/2024,164.0,164.0,161.3,163.8,0.86,23340.0,238.6,183.0
CZBIL,2/27/2024,162.0,164.0,162.0,163.9,0.06,7576.0,238.6,183.0
CZBIL,2/28/2024,163.0,164.9,163.0,164.0,0.06,10568.0,238.6,183.0
CZBIL,2/29/2024,161.0,164.0,160.3,161.0,-1.83,52860.0,238.6,183.0
CZBIL,3/3/2024,160.0,161.2,156.8,161.0,0.0,24100.0,238.6,183.0
CZBIL,3/4/2024,163.0,169.9,163.0,169.9,5.53,6900.0,238.6,183.0
CZBIL,3/5/2024,173.2,173.2,163.8,166.0,-2.3,22234.0,238.6,183.0
CZBIL,3/6/2024,162.7,166.9,159.7,164.0,-1.2,38364.0,238.6,183.0
CZBIL,3/7/2024,165.0,168.2,163.0,164.0,0.0,13372.0,238.6,183.0
CZBIL,3/10/2024,165.5,165.5,163.7,164.2,0.12,15397.0,238.6,183.0
CZBIL,3/12/2024,167.4,170.0,164.7,169.2,3.05,35471.0,238.6,183.0
CZBIL,3/13/2024,170.0,170.0,166.7,167.1,-1.24,22660.0,238.6,183.0
CZBIL,3/14/2024,167.0,168.3,165.0,165.4,-1.02,17970.0,238.6,183.0
CZBIL,3/17/2024,165.5,168.0,164.5,165.0,-0.24,28156.0,238.6,183.0
CZBIL,3/18/2024,168.3,168.3,165.0,165.9,0.55,20148.0,238.6,183.0
CZBIL,3/19/2024,165.9,168.0,162.0,163.0,-1.75,27323.0,238.6,183.0
CZBIL,3/20/2024,166.2,166.2,160.3,164.7,1.04,27103.0,238.6,183.0
CZBIL,3/21/2024,164.7,164.7,161.5,163.8,-0.55,29612.0,238.6,183.0
CZBIL,3/25/2024,162.0,163.2,161.0,162.0,-1.1,14428.0,238.6,183.0
CZBIL,3/26/2024,161.0,162.9,159.3,161.5,-0.31,26273.0,238.6,183.0
CZBIL,3/27/2024,162.0,162.0,159.0,159.5,-1.24,32371.0,238.6,183.0
CZBIL,3/28/2024,159.5,161.0,159.0,160.5,0.63,24043.0,238.6,183.0
CZBIL,3/31/2024,160.0,162.9,158.4,160.0,-0.31,20245.0,238.6,183.0
CZBIL,4/1/2024,161.8,161.8,158.6,160.0,0.0,17691.0,238.6,183.0
CZBIL,4/2/2024,158.0,160.0,157.7,159.5,-0.31,21550.0,238.6,183.0
CZBIL,4/3/2024,158.0,161.1,158.0,158.0,-0.94,20083.0,238.6,183.0
CZBIL,4/4/2024,156.5,158.5,156.5,158.0,0.0,19623.0,238.6,183.0
CZBIL,4/7/2024,155.5,158.8,155.3,158.4,0.25,57773.0,238.6,183.0
CZBIL,4/9/2024,157.0,159.9,157.0,158.6,0.13,30242.0,238.6,183.0
CZBIL,4/10/2024,160.9,160.9,159.0,159.0,0.25,20584.0,238.6,183.0
CZBIL,4/14/2024,159.0,160.9,157.0,159.0,0.0,23495.0,238.6,183.0
CZBIL,4/15/2024,156.1,159.2,156.1,156.8,-1.38,18651.0,238.6,183.0
CZBIL,4/16/2024,156.1,157.0,154.0,157.0,0.13,39765.0,238.6,183.0
CZBIL,4/18/2024,157.0,160.0,154.0,158.0,0.64,17057.0,238.6,183.0
CZBIL,4/21/2024,158.0,160.9,153.2,156.8,-0.76,10721.0,238.6,183.0
CZBIL,4/22/2024,158.8,158.8,154.2,155.9,-0.57,11252.0,238.6,183.0
CZBIL,4/24/2024,155.0,157.9,153.0,154.6,-0.83,24936.0,238.6,183.0
CZBIL,4/25/2024,154.0,156.0,153.1,155.9,0.84,25156.0,238.6,183.0
CZBIL,4/28/2024,155.8,155.8,153.0,154.9,-0.64,13163.0,238.6,183.0
CZBIL,4/29/2024,157.9,157.9,153.2,154.0,-0.58,43305.0,238.6,183.0
CZBIL,4/30/2024,157.0,159.0,154.0,157.0,1.95,41072.0,238.6,183.0
CZBIL,5/2/2024,160.1,160.1,154.0,155.5,-0.96,18455.0,238.6,183.0
CZBIL,5/5/2024,154.1,156.9,154.1,155.9,0.26,10250.0,238.6,183.0
CZBIL,5/6/2024,159.0,159.0,153.2,154.7,-0.77,17389.0,238.6,183.0
CZBIL,5/7/2024,156.5,156.5,153.8,154.1,-0.39,10687.0,238.6,183.0
CZBIL,5/8/2024,153.1,156.1,152.5,154.8,0.45,26871.0,238.6,183.0
CZBIL,5/9/2024,156.8,156.8,153.0,155.0,0.13,17067.0,238.6,183.0
CZBIL,5/12/2024,158.1,158.1,153.0,156.0,0.65,10444.0,238.6,183.0
CZBIL,5/13/2024,153.3,163.9,152.9,161.5,3.53,233850.0,238.6,183.0
CZBIL,5/14/2024,164.7,166.0,160.0,162.0,0.31,23049.0,238.6,183.0
CZBIL,5/15/2024,165.0,165.0,160.6,161.9,-0.06,13653.0,238.6,183.0
CZBIL,5/16/2024,165.1,165.1,158.0,158.0,-2.41,58847.0,238.6,183.0
CZBIL,5/19/2024,161.1,169.0,159.0,164.0,3.8,78344.0,238.6,183.0
CZBIL,5/20/2024,167.2,175.9,165.0,172.0,4.88,114601.0,238.6,183.0
CZBIL,5/21/2024,175.4,175.4,168.1,174.8,1.63,46406.0,238.6,183.0
CZBIL,5/22/2024,172.0,183.0,172.0,179.0,2.4,135262.0,238.6,183.0
CZBIL,5/26/2024,181.0,182.5,175.0,176.9,-1.17,88756.0,238.6,183.0
CZBIL,5/27/2024,173.8,182.0,173.8,179.0,1.19,83463.0,238.6,183.0
CZBIL,5/29/2024,182.5,185.0,174.0,175.0,-2.23,87229.0,238.6,183.0
CZBIL,5/30/2024,176.0,176.0,170.2,170.2,-2.74,58003.0,238.6,183.0
CZBIL,6/2/2024,167.0,173.4,167.0,172.0,1.06,48239.0,238.6,183.0
CZBIL,6/3/2024,175.4,175.4,167.6,167.6,-2.56,21442.0,238.6,183.0
CZBIL,6/4/2024,170.9,172.0,167.1,170.0,1.43,18033.0,238.6,183.0
CZBIL,6/5/2024,173.4,173.4,166.6,168.0,-1.18,18217.0,238.6,183.0
CZBIL,6/6/2024,167.1,168.0,165.2,167.0,-0.6,29887.0,238.6,183.0
CZBIL,6/9/2024,170.3,170.3,165.2,166.0,-0.6,31297.0,238.6,183.0
CZBIL,6/10/2024,168.0,168.0,165.1,166.0,0.0,15052.0,238.6,183.0
CZBIL,6/11/2024,169.3,180.0,163.2,171.0,3.01,21764.0,238.6,183.0
CZBIL,6/12/2024,172.0,174.4,170.1,170.2,-0.47,26007.0,238.6,183.0
CZBIL,6/13/2024,173.0,173.0,169.1,170.0,-0.12,26268.0,238.6,183.0
CZBIL,6/16/2024,170.0,170.0,167.5,168.0,-1.18,13061.0,238.6,183.0
CZBIL,6/18/2024,168.0,169.0,164.5,164.5,-2.08,30182.0,238.6,183.0
CZBIL,6/19/2024,167.7,167.7,163.0,167.0,1.52,20484.0,238.6,183.0
CZBIL,6/20/2024,170.3,170.3,164.1,164.3,-1.62,14035.0,238.6,183.0
CZBIL,6/23/2024,163.0,174.2,162.3,164.0,-0.18,19283.0,238.6,183.0
CZBIL,6/24/2024,166.0,167.2,164.0,165.0,0.61,11401.0,238.6,183.0
CZBIL,6/25/2024,164.9,165.1,163.8,165.0,0.0,20176.0,238.6,183.0
CZBIL,6/26/2024,162.6,165.0,162.0,163.0,-1.21,14860.0,238.6,183.0
CZBIL,6/27/2024,161.0,164.0,160.5,163.7,0.43,22265.0,238.6,183.0
CZBIL,6/30/2024,162.0,163.0,161.0,161.9,-1.1,12224.0,238.6,183.0
CZBIL,7/1/2024,160.1,166.1,160.1,166.1,2.59,46504.0,238.6,183.0
CZBIL,7/2/2024,169.4,175.9,166.6,169.4,1.99,98869.0,238.6,183.0
CZBIL,7/3/2024,169.4,176.2,167.0,176.0,3.9,47964.0,238.6,183.0
CZBIL,7/4/2024,179.5,180.0,173.8,176.0,0.0,61875.0,238.6,183.0
CZBIL,7/7/2024,179.0,179.9,175.1,178.5,1.42,84618.0,238.6,183.0
CZBIL,7/8/2024,180.4,181.0,176.0,176.5,-1.12,51190.0,238.6,183.0
CZBIL,7/9/2024,180.0,180.0,174.0,179.0,1.42,32935.0,238.6,183.0
CZBIL,7/10/2024,182.5,182.5,178.5,182.4,1.9,86190.0,238.6,183.0
CZBIL,7/11/2024,186.0,189.0,182.4,189.0,3.62,121582.0,238.6,183.0
CZBIL,7/14/2024,192.7,196.5,187.0,192.0,1.59,134302.0,238.6,183.0
CZBIL,7/15/2024,195.0,199.4,192.0,193.5,0.78,160402.0,238.6,183.0
CZBIL,7/16/2024,197.0,203.0,190.2,202.9,4.86,131514.0,238.6,183.0
CZBIL,7/17/2024,206.9,207.8,201.0,205.1,1.08,154028.0,238.6,183.0
CZBIL,7/18/2024,209.2,225.6,203.9,221.0,7.75,329458.0,238.6,183.0
CZBIL,7/21/2024,221.0,238.9,213.2,226.0,2.26,386658.0,238.6,183.0
CZBIL,7/22/2024,229.0,229.0,216.6,220.0,-2.65,327052.0,238.6,183.0
CZBIL,7/23/2024,217.0,229.5,217.0,229.5,4.32,282980.0,238.6,183.0
CZBIL,7/24/2024,231.0,233.5,225.0,225.1,-1.92,248975.0,238.6,183.0
CZBIL,7/25/2024,225.0,230.0,223.0,230.0,2.18,244402.0,238.6,183.0
CZBIL,7/28/2024,234.6,253.0,234.6,253.0,10.0,416739.0,238.6,183.0
CZBIL,7/29/2024,258.0,278.3,255.0,261.1,3.2,650276.0,238.6,183.0
CZBIL,7/30/2024,266.3,266.3,246.0,261.0,-0.04,466263.0,238.6,183.0
CZBIL,7/31/2024,261.0,274.5,258.0,261.0,0.0,406856.0,238.6,183.0
CZBIL,8/1/2024,265.0,275.0,260.0,265.9,1.88,499587.0,238.6,183.0
CZBIL,8/5/2024,265.9,275.4,254.0,255.4,-3.95,418260.0,238.6,183.0
CZBIL,8/6/2024,258.3,258.3,231.0,231.0,-9.55,324070.0,238.6,183.0
CZBIL,8/7/2024,235.6,249.6,225.0,239.5,3.68,191655.0,238.6,183.0
CZBIL,8/8/2024,241.0,244.0,232.0,233.0,-2.71,112719.0,238.6,183.0
CZBIL,8/11/2024,237.0,244.0,232.5,243.0,4.29,205390.0,238.6,183.0
CZBIL,8/12/2024,247.8,258.0,247.8,254.0,4.53,222500.0,238.6,183.0
CZBIL,8/13/2024,259.0,259.0,250.0,254.0,0.0,190334.0,238.6,183.0
CZBIL,8/14/2024,254.0,260.0,247.0,260.0,2.36,229739.0,238.6,183.0
CZBIL,8/15/2024,265.2,285.0,260.0,277.5,6.73,593976.0,238.6,183.0
CZBIL,8/18/2024,282.0,296.0,270.9,277.0,-0.18,621936.0,238.6,183.0
CZBIL,8/21/2024,272.0,279.0,271.0,273.6,-1.23,259925.0,238.6,183.0
CZBIL,8/22/2024,274.0,279.5,270.5,275.0,0.51,211193.0,238.6,183.0
CZBIL,8/25/2024,280.5,280.5,263.0,264.9,-3.67,245086.0,238.6,183.0
CZBIL,8/27/2024,260.0,262.0,248.2,250.0,-5.62,271894.0,238.6,183.0
CZBIL,8/28/2024,252.0,260.0,245.0,249.0,-0.4,173783.0,238.6,183.0
CZBIL,8/29/2024,253.9,253.9,238.3,244.0,-2.01,205160.0,238.6,183.0
CZBIL,9/1/2024,241.0,248.0,236.7,236.7,-2.99,115864.0,238.6,183.0
CZBIL,9/2/2024,241.4,250.0,236.0,248.0,4.77,171822.0,238.6,183.0
CZBIL,9/3/2024,252.9,254.8,245.0,247.0,-0.4,168645.0,238.6,183.0
CZBIL,9/4/2024,250.0,250.0,236.0,240.0,-2.83,115823.0,238.6,183.0
CZBIL,9/5/2024,240.0,240.0,233.0,237.0,-1.25,110599.0,238.6,183.0
CZBIL,9/8/2024,241.7,241.7,231.7,232.0,-2.11,66941.0,238.6,183.0
CZBIL,9/9/2024,232.0,232.9,227.0,228.0,-1.72,83267.0,238.6,183.0
CZBIL,9/10/2024,232.0,234.0,226.0,229.0,0.44,88784.0,238.6,183.0
CZBIL,9/11/2024,233.5,233.5,226.0,226.7,-1.0,81599.0,238.6,183.0
CZBIL,9/12/2024,231.2,240.0,228.0,240.0,5.87,103188.0,238.6,183.0
CZBIL,9/15/2024,240.0,246.0,235.0,237.0,-1.25,167317.0,238.6,183.0
CZBIL,9/16/2024,237.0,237.0,227.9,230.0,-2.95,92210.0,238.6,183.0
CZBIL,9/18/2024,225.4,238.6,225.4,235.0,2.17,105221.0,238.6,183.0
CZBIL,9/22/2024,239.7,244.4,230.3,233.0,-0.85,71565.0,238.6,183.0
CZBIL,9/23/2024,237.6,237.6,230.0,230.1,-1.24,66508.0,238.6,183.0
CZBIL,9/24/2024,226.0,233.0,226.0,229.0,-0.48,71637.0,238.6,183.0
CZBIL,9/25/2024,228.0,233.5,223.5,233.0,1.75,73791.0,238.6,183.0
CZBIL,9/26/2024,228.4,237.0,227.1,227.1,-2.53,67511.0,238.6,183.0
CZBIL,9/29/2024,228.0,228.0,224.0,225.0,-0.92,35373.0,238.6,183.0
CZBIL,9/30/2024,224.9,230.6,224.0,230.6,2.49,59901.0,238.6,183.0
CZBIL,10/1/2024,227.4,240.0,227.4,240.0,4.08,109888.0,238.6,183.0
CZBIL,10/2/2024,244.8,244.8,235.2,239.0,-0.42,87781.0,238.6,183.0
CZBIL,10/6/2024,239.0,245.0,237.1,244.6,2.34,75930.0,238.6,183.0
CZBIL,10/7/2024,246.0,255.0,246.0,251.0,2.62,197448.0,238.6,183.0
CZBIL,10/8/2024,256.0,259.0,247.6,250.9,-0.04,150079.0,238.6,183.0
CZBIL,10/9/2024,248.4,254.0,248.3,253.0,0.84,181786.0,238.6,183.0
CZBIL,10/15/2024,247.0,252.5,240.0,250.0,-1.19,102352.0,238.6,183.0
CZBIL,10/16/2024,255.0,258.0,249.0,258.0,3.2,114316.0,238.6,183.0
CZBIL,10/17/2024,258.0,265.0,252.0,260.0,0.78,257050.0,238.6,183.0
CZBIL,10/20/2024,260.0,265.3,246.1,259.0,-0.38,187574.0,238.6,183.0
CZBIL,10/21/2024,264.1,264.1,251.0,252.0,-2.7,61560.0,238.6,183.0
CZBIL,10/22/2024,250.0,255.0,245.0,252.0,0.0,181956.0,238.6,183.0
CZBIL,10/23/2024,257.0,257.0,240.1,242.0,-3.97,213877.0,238.6,183.0
CZBIL,10/24/2024,246.8,246.8,230.0,234.6,-3.06,186463.0,238.6,183.0
CZBIL,10/27/2024,230.3,235.0,228.6,229.9,-2.0,59266.0,238.6,183.0
CZBIL,10/28/2024,232.0,234.4,230.0,234.4,1.96,54313.0,238.6,183.0
CZBIL,10/29/2024,238.0,242.0,235.0,242.0,3.24,108903.0,238.6,183.0
CZBIL,10/30/2024,241.0,245.0,236.1,236.5,-2.27,42459.0,238.6,183.0
CZBIL,11/5/2024,236.5,240.0,232.0,232.0,-1.9,47954.0,238.6,183.0
CZBIL,11/6/2024,232.0,235.6,230.1,232.0,0.0,21411.0,238.6,183.0
CZBIL,11/10/2024,230.0,239.0,230.0,238.0,2.59,81659.0,238.6,183.0
CZBIL,11/11/2024,241.0,244.0,238.1,242.0,1.68,147272.0,238.6,183.0
CZBIL,11/12/2024,244.9,247.5,240.3,241.1,-0.37,84517.0,238.6,183.0
CZBIL,11/13/2024,244.0,244.0,234.0,236.0,-2.12,39001.0,238.6,183.0
CZBIL,11/14/2024,235.0,240.0,232.0,236.0,0.0,118157.0,238.6,183.0
CZBIL,11/17/2024,239.0,240.6,234.0,235.0,-0.42,50377.0,238.6,183.0
CZBIL,11/19/2024,233.0,236.0,231.1,232.0,-1.28,48879.0,238.6,183.0
CZBIL,11/20/2024,231.1,236.6,230.1,232.0,0.0,43686.0,238.6,183.0
CZBIL,11/21/2024,235.0,236.6,229.0,230.0,-0.86,77466.0,238.6,183.0
CZBIL,11/24/2024,234.6,234.6,225.5,225.5,-1.96,39832.0,238.6,183.0
CZBIL,11/25/2024,230.0,230.0,224.0,227.0,0.67,57241.0,238.6,183.0
CZBIL,11/26/2024,231.5,235.0,224.5,233.7,2.95,53496.0,238.6,183.0
CZBIL,11/27/2024,233.7,237.0,230.5,237.0,1.41,125609.0,238.6,183.0
CZBIL,11/28/2024,237.0,237.0,230.0,232.0,-2.11,58571.0,238.6,183.0
CZBIL,12/1/2024,236.3,236.3,225.0,227.0,-2.16,80817.0,238.6,183.0
CZBIL,12/2/2024,231.5,231.5,222.2,223.7,-1.45,88736.0,238.6,183.0
CZBIL,12/3/2024,221.0,227.5,221.0,226.0,1.03,80923.0,238.6,183.0
CZBIL,12/4/2024,230.5,230.5,222.2,224.0,-0.88,53528.0,238.6,183.0
CZBIL,12/5/2024,226.0,226.0,222.2,223.7,-0.13,32968.0,238.6,183.0
CZBIL,12/8/2024,221.0,225.0,217.0,221.0,-1.21,121332.0,238.6,183.0
CZBIL,12/9/2024,223.8,224.0,215.0,216.0,-2.26,72509.0,238.6,183.0
CZBIL,12/10/2024,218.0,218.0,215.0,217.7,0.79,38918.0,238.6,183.0
CZBIL,12/11/2024,214.0,226.9,214.0,226.9,4.23,82719.0,238.6,183.0
CZBIL,12/12/2024,231.4,231.4,220.0,220.0,-3.04,89740.0,238.6,183.0
CZBIL,12/16/2024,218.0,220.0,215.7,217.6,-1.09,78992.0,238.6,183.0
CZBIL,12/17/2024,217.0,219.7,216.0,217.5,-0.05,46502.0,238.6,183.0
CZBIL,12/18/2024,219.9,220.4,217.0,217.0,-0.23,40085.0,238.6,183.0
CZBIL,12/19/2024,215.2,219.0,214.0,214.0,-1.38,45081.0,238.6,183.0
CZBIL,12/22/2024,209.8,222.0,209.8,213.7,-0.14,39326.0,238.6,183.0
CZBIL,12/23/2024,215.0,217.9,213.0,217.9,1.97,59326.0,238.6,183.0
CZBIL,12/24/2024,213.8,222.0,213.8,219.5,0.73,55258.0,238.6,183.0
CZBIL,12/26/2024,221.5,228.0,214.3,223.9,2.0,119205.0,238.6,183.0
CZBIL,12/29/2024,228.0,228.2,220.5,221.9,-0.89,36183.0,238.6,183.0
CZBIL,12/31/2024,226.3,226.3,216.1,219.1,-1.26,59349.0,238.6,183.0
CZBIL,1/1/2025,220.0,222.0,218.2,220.0,0.41,23283.0,238.6,183.0
CZBIL,1/2/2025,224.4,224.4,215.6,220.0,0.0,72493.0,238.6,183.0
CZBIL,1/5/2025,216.0,220.0,214.3,216.0,-1.82,34921.0,238.6,183.0
CZBIL,1/6/2025,215.0,219.3,214.0,218.0,0.93,46428.0,238.6,183.0
CZBIL,1/7/2025,222.3,222.3,213.7,215.1,-1.33,51666.0,238.6,183.0
CZBIL,1/8/2025,219.4,219.4,214.6,215.9,0.37,40933.0,238.6,183.0
CZBIL,1/9/2025,220.2,220.2,214.7,215.5,-0.19,46564.0,238.6,183.0
CZBIL,1/12/2025,214.0,215.0,211.7,214.0,-0.7,35766.0,238.6,183.0
CZBIL,1/13/2025,212.0,216.0,210.0,210.9,-1.45,60531.0,238.6,183.0
CZBIL,1/15/2025,211.0,211.0,208.2,210.0,-0.43,86472.0,238.6,183.0
CZBIL,1/16/2025,210.0,211.8,206.0,207.5,-1.19,51699.0,238.6,183.0
CZBIL,1/19/2025,205.5,209.0,204.0,206.4,-0.53,37433.0,238.6,183.0
CZBIL,1/20/2025,206.2,209.5,204.1,206.0,-0.19,42126.0,238.6,183.0
CZBIL,1/21/2025,204.0,206.0,202.1,203.5,-1.21,42342.0,238.6,183.0
CZBIL,1/22/2025,205.0,208.6,203.1,207.4,1.92,106280.0,238.6,183.0
CZBIL,1/23/2025,209.0,211.0,206.1,207.0,-0.19,54440.0,238.6,183.0
CZBIL,1/26/2025,203.2,209.0,203.1,206.0,-0.48,24768.0,238.6,183.0
CZBIL,1/27/2025,203.2,207.0,203.2,204.5,-0.73,16243.0,238.6,183.0
CZBIL,1/28/2025,204.0,207.0,203.0,205.0,0.24,56340.0,238.6,183.0
CZBIL,2/2/2025,207.0,212.0,207.0,210.1,2.49,72270.0,238.6,183.0
CZBIL,2/3/2025,208.2,214.5,208.2,213.0,1.38,81900.0,238.6,183.0
CZBIL,2/4/2025,214.0,216.9,210.0,211.0,-0.94,70627.0,238.6,183.0
CZBIL,2/5/2025,211.0,213.0,210.2,210.4,-0.28,36402.0,238.6,183.0
CZBIL,2/6/2025,211.0,211.2,208.0,208.1,-1.09,67511.0,238.6,183.0
CZBIL,2/9/2025,211.2,214.0,207.9,208.5,0.19,58670.0,238.6,183.0
CZBIL,2/10/2025,208.0,212.1,206.8,208.2,-0.14,43613.0,238.6,183.0
CZBIL,2/11/2025,212.0,212.0,208.1,209.5,0.62,18427.0,238.6,183.0
CZBIL,2/12/2025,212.0,212.0,208.0,209.5,0.0,42880.0,238.6,183.0
CZBIL,2/13/2025,210.0,210.9,206.7,207.0,-1.19,31659.0,238.6,183.0
CZBIL,2/16/2025,210.0,213.0,206.1,209.5,1.21,65441.0,238.6,183.0
CZBIL,2/17/2025,210.5,216.8,210.0,215.5,2.86,78977.0,238.6,183.0
CZBIL,2/18/2025,219.8,219.8,214.1,214.8,-0.32,83544.0,238.6,183.0
CZBIL,2/20/2025,215.0,216.0,212.2,214.4,-0.19,45678.0,238.6,183.0
CZBIL,2/23/2025,210.2,217.6,209.0,213.1,-0.61,108017.0,238.6,183.0
CZBIL,2/24/2025,209.0,220.9,209.0,214.4,0.61,51310.0,238.6,183.0
CZBIL,2/25/2025,210.2,217.0,210.2,213.0,-0.65,75696.0,238.6,183.0
CZBIL,2/27/2025,217.0,231.0,217.0,219.7,3.15,173732.0,238.6,183.0
CZBIL,3/2/2025,224.0,229.8,221.0,229.8,4.6,205915.0,238.6,183.0
CZBIL,3/3/2025,230.0,233.0,224.0,226.0,-1.65,155235.0,238.6,183.0
CZBIL,3/4/2025,224.0,228.0,222.0,223.8,-0.97,133812.0,238.6,183.0
CZBIL,3/5/2025,220.0,223.0,219.4,219.4,-1.97,89599.0,238.6,183.0
CZBIL,3/6/2025,219.6,227.0,218.0,220.0,0.27,68257.0,238.6,183.0
CZBIL,3/9/2025,220.0,220.0,216.0,216.1,-1.77,58917.0,238.6,183.0
CZBIL,3/10/2025,217.0,218.4,213.6,214.3,-0.83,45612.0,238.6,183.0
CZBIL,3/11/2025,212.3,217.0,212.3,213.0,-0.61,57433.0,238.6,183.0
CZBIL,3/12/2025,212.0,216.1,212.0,212.3,-0.33,38803.0,238.6,183.0
CZBIL,3/16/2025,212.5,214.5,210.7,211.0,-0.61,45356.0,238.6,183.0
CZBIL,3/17/2025,210.3,215.2,210.2,212.0,0.47,37372.0,238.6,183.0
CZBIL,3/18/2025,216.2,216.2,209.6,211.0,-0.47,48853.0,238.6,183.0
CZBIL,3/19/2025,209.0,213.0,209.0,209.2,-0.85,38940.0,238.6,183.0
CZBIL,3/20/2025,211.3,211.3,208.0,208.39,-0.39,72895.0,238.6,183.0
CZBIL,3/23/2025,209.0,210.0,205.7,206.18,-1.06,63001.0,238.6,183.0
CZBIL,3/24/2025,205.0,210.3,204.3,209.12,1.43,55223.0,238.6,183.0
CZBIL,3/25/2025,209.1,209.1,205.1,207.15,-0.94,46475.0,238.6,183.0
CZBIL,3/26/2025,208.9,209.0,205.2,208.33,0.57,36434.0,238.6,183.0
CZBIL,3/27/2025,212.4,212.4,205.2,209.11,0.37,28380.0,238.6,183.0
CZBIL,3/30/2025,210.0,214.9,206.1,211.94,1.35,56444.0,238.6,183.0
CZBIL,4/1/2025,211.1,214.0,210.3,210.54,-0.66,36647.0,238.6,183.0
CZBIL,4/2/2025,214.7,214.7,209.6,212.0,0.69,49543.0,238.6,183.0
CZBIL,4/3/2025,209.1,221.5,209.1,215.72,1.75,105438.0,238.6,183.0
CZBIL,4/7/2025,218.0,218.0,212.5,213.17,-1.18,25417.0,238.6,183.0
CZBIL,4/8/2025,213.0,213.0,210.3,211.88,-0.61,25344.0,238.6,183.0
CZBIL,4/9/2025,216.0,216.0,210.2,211.24,-0.3,24581.0,238.6,183.0
CZBIL,4/10/2025,210.0,213.5,207.5,210.26,-0.46,122344.0,238.6,183.0
CZBIL,4/13/2025,213.0,213.0,208.7,210.0,-0.12,104780.0,238.6,183.0
CZBIL,4/15/2025,214.0,214.9,211.0,213.68,1.75,38094.0,238.6,183.0
CZBIL,4/16/2025,217.9,217.9,209.1,209.73,-1.85,55760.0,238.6,183.0
CZBIL,4/17/2025,211.9,214.0,211.0,212.68,1.41,49347.0,238.6,183.0
CZBIL,4/20/2025,213.0,215.9,209.1,209.51,-1.49,45422.0,238.6,183.0
CZBIL,4/21/2025,208.2,211.7,207.6,208.56,-0.45,69076.0,238.6,183.0
CZBIL,4/22/2025,208.0,209.0,204.4,204.94,-1.74,62070.0,238.6,183.0
CZBIL,4/23/2025,205.0,206.9,200.0,201.75,-1.56,120865.0,238.6,183.0
CZBIL,4/24/2025,200.0,203.0,200.0,202.34,0.29,52729.0,238.6,183.0
CZBIL,4/27/2025,206.0,206.0,202.0,202.86,0.26,42212.0,238.6,183.0
CZBIL,4/28/2025,200.2,204.0,200.2,201.39,-0.72,26664.0,238.6,183.0
CZBIL,4/29/2025,203.4,203.4,200.0,201.39,0.0,39013.0,238.6,183.0
CZBIL,4/30/2025,201.39,203.0,196.7,201.07,-0.16,88988.0,238.6,183.0
CZBIL,5/4/2025,202.0,203.0,198.5,199.0,-1.03,70254.0,238.6,183.0
CZBIL,5/5/2025,201.0,201.0,196.0,199.26,0.13,24086.0,238.6,183.0
CZBIL,5/6/2025,197.0,200.0,196.3,199.1,-0.08,29832.0,238.6,183.0
CZBIL,5/7/2025,199.9,207.8,196.2,207.05,3.99,67502.0,238.6,183.0
CZBIL,5/8/2025,209.0,209.0,201.1,203.37,-1.78,106474.0,238.6,183.0
CZBIL,5/11/2025,203.0,205.0,199.4,202.02,-0.66,67818.0,238.6,183.0
CZBIL,5/13/2025,202.0,202.5,199.0,199.47,-1.26,53398.0,238.6,183.0
CZBIL,5/14/2025,200.0,201.0,197.0,197.81,-0.83,37049.0,238.6,183.0
CZBIL,5/15/2025,200.0,200.0,197.0,197.86,0.03,27432.0,238.6,183.0
CZBIL,5/18/2025,198.0,200.0,197.5,198.11,0.13,33878.0,238.6,183.0
CZBIL,5/19/2025,201.0,201.3,198.6,201.08,1.5,38811.0,238.6,183.0
CZBIL,5/20/2025,200.0,207.5,198.0,206.07,2.48,61067.0,238.6,183.0
CZBIL,5/21/2025,210.0,216.0,205.0,205.11,-0.47,90155.0,238.6,183.0
CZBIL,5/22/2025,207.0,217.0,203.1,216.18,5.4,280569.0,238.6,183.0
CZBIL,5/25/2025,217.0,219.0,210.1,215.15,-0.48,199041.0,238.6,183.0
CZBIL,5/26/2025,219.0,227.0,212.0,213.94,-0.56,155639.0,238.6,183.0
CZBIL,5/27/2025,212.1,217.0,210.3,216.09,1.0,96882.0,238.6,183.0
CZBIL,5/28/2025,217.0,225.0,214.4,222.55,2.99,223482.0,238.6,183.0
CZBIL,6/2/2025,226.0,226.9,219.1,220.21,-1.05,177315.0,238.6,183.0
CZBIL,6/3/2025,224.6,224.6,214.0,214.07,-2.79,94770.0,238.6,183.0
CZBIL,6/4/2025,215.0,216.9,209.2,210.8,-1.53,57465.0,238.6,183.0
CZBIL,6/5/2025,210.0,213.0,209.1,209.78,-0.48,70653.0,238.6,183.0
CZBIL,6/8/2025,208.7,210.9,206.0,207.6,-1.04,58500.0,238.6,183.0
CZBIL,6/9/2025,206.0,210.7,206.0,209.31,0.82,57035.0,238.6,183.0
CZBIL,6/10/2025,209.5,211.0,207.4,210.31,0.48,51482.0,238.6,183.0
CZBIL,6/11/2025,208.7,211.5,206.5,207.32,-1.42,72766.0,238.6,183.0
CZBIL,6/12/2025,206.0,208.9,205.1,206.91,-0.2,43992.0,238.6,183.0
CZBIL,6/15/2025,207.0,209.0,205.2,205.39,-0.73,38688.0,238.6,183.0
CZBIL,6/16/2025,205.5,211.0,204.2,208.28,1.41,38151.0,238.6,183.0
CZBIL,6/17/2025,206.0,210.1,205.5,205.75,-1.21,41905.0,238.6,183.0
CZBIL,6/18/2025,206.0,209.5,203.0,203.14,-1.27,158226.0,238.6,183.0
CZBIL,6/19/2025,206.0,206.0,201.4,202.24,-0.44,152571.0,238.6,183.0
CZBIL,6/22/2025,202.0,204.0,200.0,200.35,-0.93,74762.0,238.6,183.0
CZBIL,6/23/2025,202.0,203.8,201.0,201.6,0.62,26050.0,238.6,183.0
CZBIL,6/24/2025,202.1,206.9,202.0,203.59,0.99,73958.0,238.6,183.0
CZBIL,6/25/2025,205.4,205.5,201.5,203.55,-0.02,25872.0,238.6,183.0
CZBIL,6/26/2025,203.1,204.0,201.9,201.99,-0.77,23650.0,238.6,183.0
CZBIL,6/29/2025,202.0,208.9,200.1,207.98,2.97,58635.0,238.6,183.0
CZBIL,6/30/2025,212.1,212.1,206.0,207.33,-0.31,75030.0,238.6,183.0
CZBIL,7/1/2025,209.0,209.7,205.7,208.6,0.61,45238.0,238.6,183.0
CZBIL,7/2/2025,208.6,212.0,207.0,211.38,1.33,75338.0,238.6,183.0
CZBIL,7/3/2025,215.6,215.6,208.9,212.36,0.46,74509.0,238.6,183.0
CZBIL,7/6/2025,209.1,215.5,209.1,213.16,0.38,81753.0,238.6,183.0
CZBIL,7/7/2025,217.4,217.4,211.0,211.66,-0.7,110009.0,238.6,183.0
CZBIL,7/8/2025,212.0,212.0,208.4,210.44,-0.58,46665.0,238.6,183.0
CZBIL,7/9/2025,206.3,218.3,206.3,215.37,2.34,84753.0,238.6,183.0
CZBIL,7/10/2025,216.0,224.9,214.6,220.98,2.6,280238.0,238.6,183.0
CZBIL,7/13/2025,225.3,234.0,225.3,228.09,3.22,259040.0,238.6,183.0
CZBIL,7/14/2025,229.0,229.0,218.2,219.55,-3.74,199307.0,238.6,183.0
CZBIL,7/15/2025,222.0,226.9,216.0,223.98,2.02,150677.0,238.6,183.0
CZBIL,7/16/2025,227.8,232.0,226.0,228.28,1.92,210447.0,238.6,183.0
CZBIL,7/17/2025,230.9,234.0,227.0,230.69,1.06,219237.0,238.6,183.0
CZBIL,7/20/2025,228.2,235.1,227.0,227.85,-1.23,289841.0,238.6,183.0
CZBIL,7/21/2025,227.0,232.5,225.5,229.89,0.9,357351.0,238.6,183.0
CZBIL,7/22/2025,232.0,237.8,232.0,236.3,2.79,233864.0,238.6,183.0
CZBIL,7/23/2025,237.0,238.8,232.5,234.95,-0.57,101518.0,238.6,183.0
CZBIL,7/24/2025,239.6,239.6,230.5,232.07,-1.23,207622.0,238.6,183.0
CZBIL,7/27/2025,233.5,234.9,229.0,230.68,-0.6,224525.0,238.6,183.0
CZBIL,7/28/2025,231.0,234.9,226.0,231.96,0.55,214508.0,238.6,183.0
CZBIL,7/29/2025,235.0,239.0,232.0,235.44,1.5,271421.0,238.6,183.0
CZBIL,7/30/2025,240.1,240.1,231.0,232.31,-1.33,178390.0,238.6,183.0
CZBIL,7/31/2025,230.0,232.0,227.0,228.0,-1.86,100942.0,238.6,183.0
CZBIL,8/3/2025,228.0,228.0,221.3,222.09,-2.59,129394.0,238.6,183.0
CZBIL,8/4/2025,217.7,226.0,217.7,225.14,1.37,140034.0,238.6,183.0
CZBIL,8/5/2025,227.0,227.0,222.0,222.43,-1.2,77798.0,238.6,183.0
CZBIL,8/6/2025,226.8,226.8,220.0,220.66,-0.8,67819.0,238.6,183.0
CZBIL,8/7/2025,225.0,226.9,220.0,224.8,1.88,93128.0,238.6,183.0
CZBIL,8/11/2025,228.0,228.0,217.6,218.53,-2.79,100856.0,238.6,183.0
CZBIL,8/12/2025,214.2,222.0,214.2,215.33,-1.46,64587.0,238.6,183.0
CZBIL,8/13/2025,215.2,216.0,212.4,212.95,-1.11,47911.0,238.6,183.0
CZBIL,8/14/2025,212.7,214.3,211.1,211.37,-0.74,53482.0,238.6,183.0
CZBIL,8/17/2025,214.0,214.0,208.1,209.91,-0.69,59848.0,238.6,183.0
CZBIL,8/18/2025,209.0,211.0,208.2,210.36,0.21,27058.0,238.6,183.0
CZBIL,8/19/2025,211.0,213.8,208.9,210.43,0.03,49607.0,238.6,183.0
CZBIL,8/20/2025,208.5,212.0,208.4,208.69,-0.83,41326.0,238.6,183.0
CZBIL,8/21/2025,210.0,211.6,207.1,208.23,-0.22,91865.0,238.6,183.0
CZBIL,8/24/2025,207.1,210.0,206.3,207.11,-0.54,36167.0,238.6,183.0
CZBIL,8/25/2025,206.7,209.9,205.5,209.55,1.18,31247.0,238.6,183.0
CZBIL,8/26/2025,208.4,210.0,206.6,207.14,-1.15,30372.0,238.6,183.0
CZBIL,8/27/2025,206.4,212.0,206.4,211.08,1.9,47700.0,238.6,183.0
CZBIL,8/28/2025,210.0,211.0,207.4,209.24,-0.87,53507.0,238.6,183.0
CZBIL,8/31/2025,206.2,210.3,205.1,206.15,-1.48,70488.0,238.6,183.0
CZBIL,9/1/2025,210.2,210.2,204.5,208.78,1.28,66482.0,238.6,183.0
CZBIL,9/2/2025,212.9,212.9,206.5,207.14,-0.79,20699.0,238.6,183.0
CZBIL,9/3/2025,205.0,208.9,205.0,206.36,-0.38,27528.0,238.6,183.0
CZBIL,9/4/2025,207.0,207.9,205.5,206.53,0.08,34937.0,238.6,183.0
CZBIL,9/7/2025,206.53,207.9,205.8,205.98,-0.27,24335.0,238.6,183.0
CZBIL,9/8/2025,205.2,207.0,204.1,204.53,-0.7,50300.0,238.6,183.0
CZBIL,9/18/2025,200.5,200.5,196.0,197.0,-3.68,3576.0,238.6,183.0
CZBIL,9/21/2025,197.0,205.9,197.0,204.38,3.75,130062.0,238.6,183.0
CZBIL,9/23/2025,206.9,206.9,200.3,206.0,0.79,49608.0,238.6,183.0
CZBIL,9/24/2025,203.1,204.8,202.0,202.8,-1.55,31793.0,238.6,183.0
CZBIL,9/25/2025,202.0,204.0,202.0,204.0,0.59,42794.0,238.6,183.0
CZBIL,9/28/2025,208.0,211.0,208.0,210.0,2.94,53482.0,238.6,183.0
CZBIL,10/7/2025,210.0,210.7,206.3,207.0,-1.43,65982.0,238.6,183.0
CZBIL,10/8/2025,209.0,209.0,204.9,205.5,-0.72,71981.0,238.6,183.0
CZBIL,10/9/2025,209.6,213.7,206.0,207.8,1.12,53891.0,238.6,183.0
CZBIL,10/12/2025,207.8,207.8,202.0,203.7,-1.97,121914.0,238.6,183.0
CZBIL,10/13/2025,207.7,207.7,201.0,204.0,0.15,37819.0,238.6,183.0
CZBIL,10/14/2025,204.0,204.0,201.1,203.0,-0.49,49541.0,238.6,183.0
CZBIL,10/15/2025,201.1,203.7,200.0,200.1,-1.43,42452.0,238.6,183.0
CZBIL,10/16/2025,200.2,202.1,200.1,202.0,0.95,28700.0,238.6,183.0
CZBIL,10/19/2025,203.0,207.5,201.1,206.5,2.23,142518.0,238.6,183.0
CZBIL,10/26/2025,206.5,206.5,202.3,206.2,-0.15,40852.0,238.6,183.0
CZBIL,10/28/2025,206.9,208.9,205.1,207.3,0.53,47287.0,238.6,183.0
CZBIL,10/29/2025,206.5,209.9,206.3,209.7,1.16,97689.0,238.6,183.0
CZBIL,10/30/2025,207.8,210.3,207.8,209.5,-0.1,40383.0,238.6,183.0
CZBIL,11/2/2025,210.0,212.8,209.3,212.1,1.24,134705.0,238.6,183.0
CZBIL,11/3/2025,202.0,203.9,200.4,202.0,-4.76,50517.0,238.6,183.0
CZBIL,11/4/2025,201.0,202.3,199.0,202.2,0.1,46494.0,238.6,183.0
CZBIL,11/5/2025,203.9,203.9,199.0,200.0,-1.09,15890.0,238.6,183.0
CZBIL,11/6/2025,200.5,202.5,200.0,200.0,0.0,22521.0,238.6,183.0
CZBIL,11/9/2025,197.0,197.0,194.0,194.2,-2.9,54757.0,238.6,183.0
CZBIL,11/10/2025,192.0,194.9,190.7,192.0,-1.13,37700.0,238.6,183.0
CZBIL,11/11/2025,190.3,193.0,189.1,189.5,-1.3,30528.0,238.6,183.0
CZBIL,11/12/2025,193.2,193.2,187.8,188.5,-0.53,22238.0,238.6,183.0
CZBIL,11/13/2025,187.0,195.0,186.3,192.0,1.86,62716.0,238.6,183.0
CZBIL,11/16/2025,189.1,192.5,188.5,189.0,-1.56,43799.0,238.6,183.0
CZBIL,11/17/2025,186.4,190.5,185.0,187.1,-1.01,45428.0,238.6,183.0
CZBIL,11/18/2025,188.2,190.0,186.5,190.0,1.55,39601.0,238.6,183.0
CZBIL,11/19/2025,188.0,189.0,186.3,189.0,-0.53,16324.0,238.6,183.0
CZBIL,11/20/2025,186.1,187.0,183.0,186.0,-1.59,58849.0,238.6,183.0
CZBIL,11/23/2025,185.0,189.0,184.6,186.8,0.43,99232.0,238.6,183.0
CZBIL,11/24/2025,183.1,192.3,183.1,191.5,2.52,43742.0,238.6,183.0
CZBIL,11/25/2025,193.0,194.9,188.2,194.9,1.78,35242.0,238.6,183.0
CZBIL,11/26/2025,195.0,196.9,193.1,196.0,0.56,94842.0,238.6,183.0
CZBIL,11/27/2025,194.0,200.1,194.0,200.0,2.04,79270.0,238.6,183.0
CZBIL,11/30/2025,200.0,202.0,198.1,199.6,-0.2,107194.0,238.6,183.0
CZBIL,12/1/2025,195.8,198.9,193.1,196.0,-1.8,61257.0,238.6,183.0
CZBIL,12/2/2025,193.1,195.0,193.1,193.1,-1.48,34331.0,238.6,183.0
CZBIL,12/3/2025,193.1,200.0,190.1,196.0,1.5,53400.0,238.6,183.0
CZBIL,12/7/2025,193.0,195.0,192.2,194.9,-0.56,20974.0,238.6,183.0
CZBIL,12/8/2025,192.0,193.9,192.0,192.9,-1.03,44029.0,238.6,183.0
CZBIL,12/9/2025,189.5,193.0,189.5,191.9,-0.52,25138.0,238.6,183.0
CZBIL,12/10/2025,188.1,194.2,188.1,191.4,-0.26,12454.0,238.6,183.0
CZBIL,12/11/2025,188.0,191.6,188.0,191.6,0.1,20610.0,238.6,183.0
CZBIL,12/14/2025,188.0,194.9,187.1,190.0,-0.84,50358.0,238.6,183.0
CZBIL,12/15/2025,188.0,192.0,187.1,192.0,1.05,20149.0,238.6,183.0
CZBIL,12/16/2025,188.2,192.0,188.2,189.8,-1.15,15274.0,238.6,183.0
CZBIL,12/17/2025,188.0,191.5,188.0,189.6,-0.11,16766.0,238.6,183.0
CZBIL,12/18/2025,187.9,190.0,187.2,190.0,0.21,29171.0,238.6,183.0
CZBIL,12/21/2025,188.0,190.0,187.2,190.0,0.0,26374.0,238.6,183.0
CZBIL,12/22/2025,188.0,190.5,187.4,190.5,0.26,15876.0,238.6,183.0
CZBIL,12/23/2025,188.0,191.7,188.0,191.6,0.58,41106.0,238.6,183.0
CZBIL,12/24/2025,188.0,192.7,188.0,191.5,-0.05,33922.0,238.6,183.0
CZBIL,12/28/2025,188.0,197.1,188.0,195.1,1.88,62608.0,238.6,183.0
CZBIL,12/29/2025,191.2,197.3,191.2,195.8,0.36,32473.0,238.6,183.0
CZBIL,12/31/2025,191.9,197.2,191.9,197.0,0.61,36910.0,238.6,183.0
CZBIL,1/1/2026,193.1,198.8,193.1,198.8,0.91,29036.0,238.6,183.0
CZBIL,1/4/2026,195.0,198.0,195.0,196.5,-1.16,30307.0,238.6,183.0
CZBIL,1/5/2026,192.6,200.0,192.6,200.0,1.78,68934.0,238.6,183.0
CZBIL,1/6/2026,198.0,201.0,198.0,200.8,0.4,61630.0,238.6,183.0
CZBIL,1/7/2026,196.8,202.0,196.8,198.9,-0.95,44995.0,238.6,183.0
CZBIL,1/8/2026,196.2,200.0,196.2,197.4,-0.75,12427.0,238.6,183.0
CZBIL,1/12/2026,196.2,199.0,194.1,196.6,-0.41,53277.0,238.6,183.0
CZBIL,1/13/2026,193.3,197.5,191.5,196.0,-0.31,37144.0,238.6,183.0
CZBIL,1/14/2026,192.3,195.0,192.3,193.0,-1.53,19709.0,238.6,183.0
CZBIL,1/18/2026,192.0,196.8,192.0,196.8,1.97,28565.0,238.6,183.0
CZBIL,1/20/2026,195.0,200.0,195.0,197.7,0.46,40692.0,238.6,183.0
CZBIL,1/21/2026,199.0,200.0,196.0,198.0,0.15,42383.0,238.6,183.0
CZBIL,1/22/2026,198.0,198.5,194.3,198.0,0.0,16514.0,238.6,183.0
CZBIL,1/25/2026,199.9,203.0,196.0,203.0,2.53,106781.0,238.6,183.0
CZBIL,1/26/2026,200.0,205.0,200.0,200.0,-1.48,48878.0,238.6,183.0
CZBIL,1/27/2026,198.1,200.0,197.1,197.1,-1.45,43882.0,238.6,183.0
CZBIL,1/28/2026,201.0,201.0,192.0,198.0,0.46,86255.0,238.6,183.0
CZBIL,1/29/2026,200.0,200.0,193.4,198.9,0.45,76507.0,238.6,183.0
CZBIL,2/1/2026,196.0,199.1,193.0,199.1,0.1,71436.0,238.6,183.0
CZBIL,2/2/2026,203.0,203.0,194.7,199.5,0.2,60420.0,238.6,183.0
CZBIL,2/3/2026,199.0,203.4,195.0,195.2,-2.16,87511.0,238.6,183.0
CZBIL,2/4/2026,191.3,199.0,191.3,194.6,-0.31,20614.0,238.6,183.0
CZBIL,2/5/2026,193.2,196.5,193.0,193.8,-0.41,18735.0,238.6,183.0
CZBIL,2/8/2026,193.2,194.5,192.0,192.9,-0.46,67463.0,238.6,183.0
CZBIL,2/9/2026,195.0,195.0,189.5,190.0,-1.5,47780.0,238.6,183.0
CZBIL,2/10/2026,188.2,192.0,188.1,191.8,0.95,52298.0,238.6,183.0
CZBIL,2/11/2026,195.6,195.6,190.0,191.0,-0.42,56844.0,238.6,183.0
CZBIL,2/12/2026,193.0,193.0,189.0,191.0,0.0,28582.0,238.6,183.0
CZBIL,2/16/2026,190.0,191.0,188.6,188.6,-1.26,31457.0,238.6,183.0
CZBIL,2/17/2026,185.0,192.0,185.0,188.1,-0.27,36738.0,238.6,183.0
CZBIL,2/22/2026,187.3,189.0,186.0,187.1,-0.53,44768.0,238.6,183.0
CZBIL,2/23/2026,187.0,188.7,186.0,188.7,0.86,34823.0,238.6,183.0
CZBIL,2/24/2026,188.0,188.9,187.0,188.0,-0.37,11318.0,238.6,183.0
CZBIL,2/25/2026,189.0,189.9,188.3,189.6,0.85,20314.0,238.6,183.0
CZBIL,2/26/2026,193.3,193.3,187.0,192.8,1.69,46147.0,238.6,183.0
CZBIL,2/27/2026,193.3,193.3,187.0,192.8,0.0,46147.0,238.6,183.0
CZBIL,2/28/2026,193.3,193.3,187.0,192.8,0.0,46147.0,238.6,183.0
CZBIL,3/2/2026,189.0,193.5,187.2,193.3,0.26,34012.0,238.6,183.0
CZBIL,3/3/2026,189.5,200.0,189.5,199.0,2.95,122507.0,238.6,183.0
CZBIL,3/4/2026,189.5,200.0,189.5,199.0,0.0,122507.0,238.6,183.0
CZBIL,3/5/2026,189.5,200.0,189.5,199.0,0.0,122507.0,238.6,183.0
CZBIL,3/6/2026,189.5,200.0,189.5,199.0,0.0,122507.0,238.6,183.0
CZBIL,3/7/2026,189.5,200.0,189.5,199.0,0.0,122507.0,238.6,183.0
CZBIL,3/8/2026,189.5,200.0,189.5,199.0,0.0,122507.0,238.6,183.0
CZBIL,3/9/2026,202.9,215.3,202.9,215.3,8.19,6371.0,238.6,183.0
CZBIL,3/10/2026,219.0,219.0,200.0,212.0,-1.53,214007.0,238.6,183.0
CZBIL,3/11/2026,212.0,214.8,206.1,211.1,-0.42,117836.0,238.6,183.0
CZBIL,3/12/2026,207.0,220.3,205.0,216.7,2.65,293827.0,238.6,183.0
CZBIL,3/13/2026,207.0,220.3,205.0,216.7,0.0,293827.0,238.6,183.0
CZBIL,3/14/2026,207.0,220.3,205.0,216.7,0.0,293827.0,238.6,183.0
CZBIL,3/15/2026,219.0,221.9,214.5,215.5,-0.55,211717.0,238.6,183.0
CZBIL,3/16/2026,219.8,219.8,208.5,210.0,-2.55,177258.0,238.6,183.0
CZBIL,3/17/2026,205.8,214.5,205.8,214.5,2.14,121742.0,238.6,183.0
CZBIL,3/18/2026,205.8,214.5,205.8,214.5,0.0,121742.0,238.6,183.0
CZBIL,3/19/2026,210.3,231.0,210.3,227.0,5.83,622383.0,238.6,183.0
CZBIL,3/20/2026,210.3,231.0,210.3,227.0,0.0,622383.0,238.6,183.0
CZBIL,3/21/2026,210.3,231.0,210.3,227.0,0.0,622383.0,238.6,183.0
CZBIL,3/22/2026,230.0,238.6,228.0,235.0,3.52,399699.0,238.6,183.0
CZBIL,3/23/2026,230.3,238.0,227.0,232.0,-1.28,451007.0,238.6,183.0
CZBIL,3/24/2026,227.4,236.5,227.0,232.5,0.22,320130.0,238.6,183.0
CZBIL,3/25/2026,235.0,235.0,225.4,226.7,-2.49,184044.0,238.6,183.0
CZBIL,3/26/2026,227.0,229.8,222.5,229.0,0.88,165271.0,238.6,183.0
CZBIL,3/29/2026,233.5,233.5,218.8,221.0,-5.35,184043.0,238.6,183.0
CZBIL,3/30/2026,218.0,221.8,212.0,221.0,1.38,164835.0,238.6,183.0
CZBIL,3/31/2026,216.6,226.4,212.3,215.1,-0.69,151899.0,238.6,183.0
CZBIL,4/1/2026,210.8,219.0,208.0,212.0,0.57,92903.0,238.6,183.0
CZBIL,4/2/2026,208.1,212.8,204.4,208.0,-0.05,116287.0,238.6,183.0
CZBIL,4/5/2026,207.0,208.0,198.0,200.0,-3.38,177037.0,238.6,183.0
CZBIL,4/6/2026,197.2,209.9,197.2,206.0,4.46,113461.0,238.6,183.0
CZBIL,4/7/2026,209.5,210.0,205.4,208.0,-0.72,173134.0,238.6,183.0
CZBIL,4/8/2026,210.0,211.9,206.2,210.9,0.43,49628.0,238.6,183.0
CZBIL,4/9/2026,208.0,215.0,207.6,214.4,3.08,75128.0,238.6,183.0
CZBIL,4/10/2026,211.0,214.9,210.0,211.0,0.0,89925.0,238.6,183.0
CZBIL,4/13/2026,211.0,212.0,209.0,210.2,-0.38,55757.0,238.6,183.0
CZBIL,4/15/2026,210.0,217.5,210.0,215.0,2.38,108348.0,238.6,183.0
CZBIL,4/16/2026,219.3,219.3,211.0,211.0,-3.78,168081.0,238.6,183.0
CZBIL,4/17/2026,211.0,211.0,207.6,210.7,-0.14,53243.0,238.6,183.0
CZBIL,4/20/2026,201.0,212.1,201.0,207.7,3.33,32853.0,238.6,183.0
CZBIL,4/21/2026,207.7,209.9,205.0,209.8,1.01,66975.0,238.6,183.0
CZBIL,4/22/2026,210.0,211.9,200.0,211.9,0.9,61566.0,238.6,183.0
CZBIL,4/23/2026,207.2,209.0,205.0,207.0,-0.1,50740.0,238.6,183.0
CZBIL,4/24/2026,217.0,217.0,203.5,208.0,-4.15,79575.0,238.6,183.0
CZBIL,4/27/2026,208.0,214.6,205.0,208.9,0.43,50472.0,238.6,183.0
CZBIL,4/28/2026,208.9,211.0,205.1,206.9,-0.96,34486.0,238.6,183.0
CZBIL,4/29/2026,206.9,206.0,202.0,204.0,-1.4,82139.0,238.6,183.0
CZBIL,4/30/2026,204.0,205.0,200.0,204.5,0.25,66969.0,238.6,183.0
CZBIL,5/4/2026,204.5,206.9,200.1,202.0,-1.22,49497.0,238.6,183.0
CZBIL,5/5/2026,202.0,203.2,200.0,202.0,0.0,28050.0,238.6,183.0
CZBIL,5/6/2026,200.1,204.9,199.5,202.0,0.95,32176.0,238.6,183.0
CZBIL,5/7/2026,204.9,204.9,200.8,202.1,-1.37,24706.0,238.6,183.0
CZBIL,5/8/2026,205.0,210.0,202.0,207.5,1.22,69121.0,238.6,183.0
CZBIL,5/11/2026,210.0,210.0,206.1,207.5,-1.19,26829.0,238.6,183.0
CZBIL,5/12/2026,210.0,210.0,204.0,205.8,-2.0,41913.0,238.6,183.0
CZBIL,5/13/2026,201.7,206.0,201.7,203.0,0.64,39026.0,238.6,183.0
CZBIL,5/14/2026,206.0,206.0,200.9,203.9,-1.02,15777.0,238.6,183.0
CZBIL,5/15/2026,201.4,205.8,201.3,204.1,1.34,19633.0,238.6,183.0
CZBIL,5/18/2026,206.0,206.6,203.1,204.5,-0.73,21744.0,238.6,183.0
CZBIL,5/19/2026,194.3,206.0,194.3,204.7,5.35,25908.0,238.6,183.0
CZBIL,5/20/2026,194.5,206.0,194.5,205.4,5.6,34175.0,238.6,183.0
CZBIL,5/21/2026,195.2,211.9,195.2,204.0,4.51,15250.0,238.6,183.0
CZBIL,5/22/2026,195.2,207.5,195.2,207.5,6.3,27734.0,238.6,183.0
CZBIL,5/25/2026,197.2,210.4,197.2,208.4,5.68,50741.0,238.6,183.0
CZBIL,5/26/2026,208.0,209.0,203.0,204.0,-1.92,155590.0,238.6,183.0
CZBIL,5/27/2026,194.0,207.9,194.0,206.0,6.19,131100.0,238.6,183.0
CZBIL,6/1/2026,206.0,207.0,202.0,202.4,-1.75,62548.0,238.6,183.0
CZBIL,6/2/2026,203.0,205.0,202.1,204.9,0.94,29660.0,238.6,183.0
CZBIL,6/3/2026,207.0,207.0,203.0,203.6,-1.64,22917.0,238.6,183.0
CZBIL,6/4/2026,213.0,213.0,203.0,203.4,-4.51,60548.0,238.6,183.0
CZBIL,6/5/2026,205.0,205.0,201.2,202.5,-1.22,44123.0,238.6,183.0
CZBIL,6/8/2026,202.0,204.0,201.1,203.0,0.5,68799.0,238.6,183.0
CZBIL,6/9/2026,200.1,204.0,200.1,202.0,0.95,62748.0,238.6,183.0
CZBIL,6/10/2026,204.7,204.7,200.0,201.5,-1.56,29054.0,238.6,183.0
CZBIL,6/11/2026,200.0,202.0,199.7,201.0,0.5,32138.0,238.6,183.0
CZBIL,6/12/2026,199.2,202.8,199.2,200.0,0.4,32483.0,238.6,183.0
CZBIL,6/15/2026,202.0,202.0,199.5,200.0,-0.99,21011.0,238.6,183.0
CZBIL,6/16/2026,200.0,202.0,195.0,197.0,-1.5,82925.0,238.6,183.0
CZBIL,6/17/2026,197.0,200.0,197.0,198.1,0.56,12269.0,238.6,183.0
CZBIL,6/18/2026,198.1,200.9,197.0,198.0,-0.05,14433.0,238.6,183.0
CZBIL,6/19/2026,200.0,200.0,196.7,198.0,-1.0,22883.0,238.6,183.0
CZBIL,6/22/2026,197.0,200.9,197.0,199.0,1.02,21511.0,238.6,183.0
CZBIL,6/23/2026,199.5,199.5,195.0,198.9,-0.3,45064.0,238.6,183.0
CZBIL,6/24/2026,197.0,199.0,193.4,196.3,-0.36,43194.0,238.6,183.0
CZBIL,6/26/2026,197.7,198.7,194.5,198.0,0.15,29095.0,238.6,183.0
CZBIL,6/29/2026,198.0,198.6,194.2,196.0,-1.01,23539.0,238.6,183.0
CZBIL,6/30/2026,194.0,197.9,190.2,194.0,0.0,30137.0,238.6,183.0
CZBIL,7/1/2026,199.0,199.0,194.2,196.1,-1.46,32911.0,238.6,183.0
CZBIL,7/2/2026,197.9,204.0,193.0,201.1,1.62,55214.0,238.6,183.0
CZBIL,7/3/2026,210.0,210.0,197.0,199.0,-5.24,21922.0,238.6,183.0
CZBIL,7/6/2026,199.0,199.0,195.0,197.0,-1.01,28624.0,238.6,183.0
CZBIL,7/7/2026,187.2,199.5,187.2,199.5,6.57,66542.0,238.6,183.0
CZBIL,7/8/2026,190.0,198.0,190.0,195.7,3.0,28568.0,238.6,183.0
CZBIL,7/9/2026,192.1,197.0,192.1,195.5,1.77,42909.0,238.6,183.0
CZBIL,7/10/2026,186.0,197.9,186.0,196.2,5.48,18811.0,238.6,183.0
CZBIL,7/13/2026,195.0,195.5,192.1,193.5,-0.77,39954.0,238.6,183.0
CZBIL,7/14/2026,195.8,195.8,192.0,195.0,-0.41,25872.0,238.6,183.0
CZBIL,7/15/2026,199.0,199.0,195.0,196.8,-1.11,21740.0,238.6,183.0
CZBIL,7/16/2026,197.9,198.0,194.0,196.9,-0.51,30884.0,238.6,183.0
CZBIL,7/17/2026,200.0,203.5,197.3,203.0,1.5,66602.0,238.6,183.0
CZBIL,7/20/2026,193.0,205.5,193.0,204.9,6.17,41197.0,238.6,183.0
CZBIL,7/21/2026,195.0,206.7,195.0,203.5,4.36,52657.0,238.6,183.0
CZBIL,7/22/2026,200.5,203.7,200.0,203.0,1.25,29829.0,238.6,183.0
CZBIL,7/23/2026,193.0,209.0,193.0,204.5,5.96,17761.0,238.6,183.0
CZBIL,7/24/2026,206.0,209.7,204.0,209.4,1.65,135021.0,238.6,183.0
CZBIL,7/27/2026,199.0,215.0,199.0,208.0,4.52,164940.0,238.6,183.0
CZBIL,7/28/2026,207.0,209.0,205.1,208.0,0.48,50968.0,238.6,183.0
CZBIL,7/29/2026,218.4,218.4,205.0,206.9,-5.27,82254.0,238.6,183.0
CZBIL,7/30/2026,196.6,208.9,196.6,205.9,4.73,74445.0,238.6,183.0
CZBIL,7/31/2026,203.1,208.6,203.1,207.9,2.36,36995.0,238.6,183.0
CZBIL,8/3/2026,210.0,211.4,206.0,208.9,-0.52,114286.0,238.6,183.0
CZBIL,8/4/2026,211.0,211.0,205.1,206.5,-2.13,35974.0,238.6,183.0
CZBIL,8/5/2026,206.0,208.0,203.3,204.9,-0.53,50097.0,238.6,183.0
CZBIL,8/6/2026,205.0,205.0,201.0,202.0,-1.46,42559.0,238.6,183.0
CZBIL,8/7/2026,203.0,204.0,201.0,202.0,-0.49,26917.0,238.6,183.0
CZBIL,8/10/2026,202.0,203.9,200.0,200.2,-0.89,39327.0,238.6,183.0
CZBIL,8/11/2026,200.0,203.0,200.0,202.8,1.4,62919.0,238.6,183.0
CZBIL,8/12/2026,203.0,205.9,201.3,203.9,0.44,32544.0,238.6,183.0
CZBIL,8/13/2026,205.1,205.1,200.1,204.9,-0.1,32743.0,238.6,183.0
CZBIL,8/14/2026,205.0,205.0,200.0,202.7,-1.12,37173.0,238.6,183.0
CZBIL,8/17/2026,202.7,203.9,200.0,201.6,-0.54,58967.0,238.6,183.0
CZBIL,8/18/2026,201.6,201.6,198.1,199.6,-0.99,18849.0,238.6,183.0
CZBIL,8/19/2026,198.1,203.0,198.1,199.0,0.45,47556.0,238.6,183.0
CZBIL,8/20/2026,198.2,201.7,195.3,201.7,1.77,25254.0,238.6,183.0
CZBIL,8/21/2026,201.5,203.0,198.0,201.6,0.05,40338.0,238.6,183.0
CZBIL,8/24/2026,200.0,200.0,196.3,197.0,-1.5,48924.0,238.6,183.0
CZBIL,8/25/2026,198.1,198.1,195.1,196.9,-0.61,38774.0,238.6,183.0
CZBIL,8/26/2026,197.9,197.9,193.1,194.9,-1.52,40896.0,238.6,183.0
CZBIL,8/27/2026,192.2,196.0,190.3,194.8,1.35,40593.0,238.6,183.0
CZBIL,8/31/2026,192.2,194.7,192.0,192.0,-0.1,16973.0,238.6,183.0
CZBIL,9/1/2026,201.6,201.6,190.7,194.2,-3.67,23265.0,238.6,183.0
CZBIL,9/2/2026,195.0,198.8,194.0,197.2,1.13,18119.0,238.6,183.0
CZBIL,9/3/2026,207.0,207.0,195.0,198.8,-3.96,23707.0,238.6,183.0
CZBIL,9/7/2026,198.8,201.0,197.0,199.5,0.35,44539.0,238.6,183.0
CZBIL,9/9/2026,209.4,209.4,195.4,199.8,-4.58,19083.0,238.6,183.0
CZBIL,9/10/2026,190.3,199.9,190.3,197.0,3.52,25004.0,238.6,183.0
CZBIL,9/11/2026,195.1,200.0,195.1,200.0,2.51,33713.0,238.6,183.0
CZBIL,9/14/2026,200.0,202.0,197.2,202.0,1.0,32466.0,238.6,183.0
CZBIL,9/15/2026,212.1,222.0,203.0,208.9,-1.51,155343.0,238.6,183.0
CZBIL,9/16/2026,210.0,210.0,203.0,206.0,-1.9,64343.0,238.6,183.0
CZBIL,9/17/2026,195.7,211.0,195.7,207.8,6.18,139787.0,238.6,183.0
CZBIL,9/18/2026,218.1,218.1,205.0,212.9,-2.38,197396.0,238.6,183.0
CZBIL,9/22/2026,202.3,218.0,202.3,214.3,5.93,175463.0,238.6,183.0
CZBIL,9/23/2026,215.9,215.9,210.2,212.0,-1.81,111232.0,238.6,183.0
CZBIL,9/24/2026,212.0,215.0,207.1,213.4,0.66,185660.0,238.6,183.0
CZBIL,9/28/2026,207.1,215.0,207.1,215.0,3.81,122637.0,238.6,183.0
CZBIL,9/29/2026,215.0,215.0,212.0,0.0,-100.0,41710.0,238.6,183.0
CZBIL,9/30/2026,212.0,214.8,212.0,212.8,0.38,66284.0,238.6,183.0
CZBIL,10/1/2026,210.1,213.0,206.5,212.5,1.14,52268.0,238.6,183.0
CZBIL,10/2/2026,212.5,212.6,211.0,211.0,-0.71,131073.0,238.6,183.0
CZBILP,1/22/2026,109.0,109.0,109.0,109.0,,1444.0,111.0,100.0
CZBILP,2/9/2026,106.9,106.9,106.9,106.9,-1.93,30000.0,111.0,100.0
CZBILP,5/7/2026,109.0,109.0,109.0,109.0,0.0,19786.0,111.0,100.0
CZBILP,6/26/2026,105.8,105.8,105.8,105.8,0.0,14825.0,111.0,100.0
CZBILP,7/9/2026,105.8,105.8,105.8,105.8,0.0,75000.0,111.0,100.0
CZBILP,7/31/2026,100.6,100.6,100.0,100.0,-0.6,150000.0,111.0,100.0
CZBILP,8/4/2026,100.0,100.0,100.0,100.0,0.0,722042.0,111.0,100.0
CZBILP,8/7/2026,100.0,100.0,100.0,100.0,0.0,722042.0,111.0,100.0
CZBILP,8/25/2026,103.0,103.0,103.0,103.0,0.0,10000.0,111.0,100.0
CZBILP,8/26/2026,100.0,100.0,100.0,109.0,9.0,58616.0,111.0,100.0
DDBL,12/21/2025,862.4,873.0,855.6,872.0,,9241.0,927.0,793.0
DDBL,12/22/2025,867.1,875.0,859.0,870.0,-0.23,7284.0,927.0,793.0
DDBL,12/23/2025,861.0,875.0,856.1,871.0,0.11,8350.0,927.0,793.0
DDBL,12/24/2025,865.0,881.0,865.0,870.0,-0.11,5464.0,927.0,793.0
DDBL,12/28/2025,878.0,882.0,875.0,878.5,0.98,13108.0,927.0,793.0
DDBL,12/29/2025,885.0,889.9,879.9,880.0,0.17,27576.0,927.0,793.0
DDBL,12/31/2025,800.0,806.7,800.0,803.9,-8.65,6718.0,927.0,793.0
DDBL,1/1/2026,801.0,804.5,799.0,800.0,-0.49,6182.0,927.0,793.0
DDBL,1/4/2026,804.0,804.0,794.5,797.4,-0.32,4120.0,927.0,793.0
DDBL,1/5/2026,797.4,802.9,797.2,802.9,0.69,6216.0,927.0,793.0
DDBL,1/6/2026,802.9,810.0,800.0,804.5,0.2,8959.0,927.0,793.0
DDBL,1/7/2026,820.0,820.0,805.0,815.0,1.31,11876.0,927.0,793.0
DDBL,1/8/2026,807.0,819.0,806.1,818.8,0.47,9117.0,927.0,793.0
DDBL,1/12/2026,806.2,826.0,806.0,822.1,0.4,9766.0,927.0,793.0
DDBL,1/13/2026,832.0,832.0,818.2,820.0,-0.26,3440.0,927.0,793.0
DDBL,1/14/2026,819.1,829.5,819.1,826.0,0.73,3227.0,927.0,793.0
DDBL,1/18/2026,826.0,835.0,826.0,828.1,0.25,6311.0,927.0,793.0
DDBL,1/20/2026,840.0,844.0,830.0,839.5,1.38,13200.0,927.0,793.0
DDBL,1/21/2026,839.0,856.0,838.9,841.3,0.21,14197.0,927.0,793.0
DDBL,1/22/2026,841.4,850.0,841.3,850.0,1.03,4282.0,927.0,793.0
DDBL,1/25/2026,850.0,860.0,841.0,848.3,-0.2,9836.0,927.0,793.0
DDBL,1/26/2026,848.3,865.0,841.2,845.0,-0.39,9989.0,927.0,793.0
DDBL,1/27/2026,850.0,851.0,830.2,830.2,-1.75,14837.0,927.0,793.0
DDBL,1/28/2026,846.7,849.9,832.1,835.1,0.59,7518.0,927.0,793.0
DDBL,1/29/2026,846.0,850.0,831.0,840.0,0.59,14190.0,927.0,793.0
DDBL,2/1/2026,856.2,856.2,830.5,840.0,0.0,7128.0,927.0,793.0
DDBL,2/2/2026,832.0,844.0,832.0,843.0,0.36,9142.0,927.0,793.0
DDBL,2/3/2026,840.0,841.5,826.2,826.2,-1.99,13010.0,927.0,793.0
DDBL,2/4/2026,828.8,828.8,811.1,811.1,-1.83,7183.0,927.0,793.0
DDBL,2/5/2026,827.3,854.0,827.3,836.8,3.17,28704.0,927.0,793.0
DDBL,2/8/2026,834.0,850.0,833.2,846.0,1.1,13731.0,927.0,793.0
DDBL,2/9/2026,836.0,846.0,832.0,839.9,-0.72,14355.0,927.0,793.0
DDBL,2/10/2026,844.9,845.0,830.0,832.0,-0.94,9867.0,927.0,793.0
DDBL,2/11/2026,839.5,841.0,831.2,833.0,0.12,7110.0,927.0,793.0
DDBL,2/12/2026,825.2,845.0,825.0,836.9,0.47,14302.0,927.0,793.0
DDBL,2/16/2026,850.0,850.0,836.0,836.0,-0.11,8528.0,927.0,793.0
DDBL,2/17/2026,842.9,842.9,830.0,830.0,-0.72,11535.0,927.0,793.0
DDBL,2/22/2026,826.5,834.0,822.1,830.0,0.0,16479.0,927.0,793.0
DDBL,2/23/2026,830.0,835.0,830.0,831.9,0.23,4831.0,927.0,793.0
DDBL,2/24/2026,830.0,840.0,829.0,830.0,-0.23,5269.0,927.0,793.0
DDBL,2/25/2026,830.0,836.5,830.0,835.0,0.6,1776.0,927.0,793.0
DDBL,2/26/2026,844.4,844.4,833.0,834.0,-0.12,7843.0,927.0,793.0
DDBL,2/27/2026,844.4,844.4,833.0,834.0,0.0,7843.0,927.0,793.0
DDBL,2/28/2026,844.4,844.4,833.0,834.0,0.0,7843.0,927.0,793.0
DDBL,3/2/2026,834.0,860.0,823.1,843.0,1.08,12919.0,927.0,793.0
DDBL,3/3/2026,845.0,860.0,845.0,859.0,1.9,20521.0,927.0,793.0
DDBL,3/4/2026,845.0,860.0,845.0,859.0,0.0,20521.0,927.0,793.0
DDBL,3/5/2026,845.0,860.0,845.0,859.0,0.0,20521.0,927.0,793.0
DDBL,3/6/2026,845.0,860.0,845.0,859.0,0.0,20521.0,927.0,793.0
DDBL,3/7/2026,845.0,860.0,845.0,859.0,0.0,20521.0,927.0,793.0
DDBL,3/8/2026,845.0,860.0,845.0,859.0,0.0,20521.0,927.0,793.0
DDBL,3/9/2026,876.1,910.0,876.1,910.0,5.94,54.0,927.0,793.0
DDBL,3/10/2026,918.0,918.0,882.0,894.0,-1.76,46619.0,927.0,793.0
DDBL,3/11/2026,880.1,894.0,870.1,870.1,-2.67,17495.0,927.0,793.0
DDBL,3/12/2026,880.0,885.0,863.0,874.0,0.45,8570.0,927.0,793.0
DDBL,3/13/2026,880.0,885.0,863.0,874.0,0.0,8570.0,927.0,793.0
DDBL,3/14/2026,880.0,885.0,863.0,874.0,0.0,8570.0,927.0,793.0
DDBL,3/15/2026,877.0,889.9,877.0,886.0,1.37,14242.0,927.0,793.0
DDBL,3/16/2026,880.0,888.0,877.1,880.0,-0.68,6372.0,927.0,793.0
DDBL,3/17/2026,886.9,886.9,870.1,870.1,-1.12,15015.0,927.0,793.0
DDBL,3/18/2026,886.9,886.9,870.1,870.1,0.0,15015.0,927.0,793.0
DDBL,3/19/2026,870.2,887.0,870.2,885.0,1.71,15824.0,927.0,793.0
DDBL,3/20/2026,870.2,887.0,870.2,885.0,0.0,15824.0,927.0,793.0
DDBL,3/21/2026,870.2,887.0,870.2,885.0,0.0,15824.0,927.0,793.0
DDBL,3/22/2026,885.0,915.0,885.0,914.9,3.38,70242.0,927.0,793.0
DDBL,3/23/2026,926.5,927.0,895.0,902.9,-1.31,49607.0,927.0,793.0
DDBL,3/24/2026,891.0,905.0,890.2,900.0,-0.32,31542.0,927.0,793.0
DDBL,3/25/2026,904.0,904.0,885.2,886.0,-1.56,17128.0,927.0,793.0
DDBL,3/26/2026,880.0,888.0,870.1,887.9,0.9,20201.0,927.0,793.0
DDBL,3/29/2026,885.0,892.0,870.0,872.0,-1.47,27381.0,927.0,793.0
DDBL,3/30/2026,870.0,885.0,863.0,864.9,-0.59,21577.0,927.0,793.0
DDBL,3/31/2026,852.0,878.0,852.0,873.0,2.46,19995.0,927.0,793.0
DDBL,4/1/2026,885.0,885.0,853.0,853.1,-3.6,20944.0,927.0,793.0
DDBL,4/2/2026,840.0,860.0,839.4,849.0,1.07,11476.0,927.0,793.0
DDBL,4/5/2026,840.1,848.9,821.0,821.0,-2.27,29829.0,927.0,793.0
DDBL,4/6/2026,835.0,847.8,823.0,839.0,0.48,9721.0,927.0,793.0
DDBL,4/7/2026,849.8,850.0,833.0,839.2,-1.25,8425.0,927.0,793.0
DDBL,4/8/2026,854.9,855.0,842.0,850.0,-0.57,10499.0,927.0,793.0
DDBL,4/9/2026,850.0,859.0,846.1,852.0,0.24,8478.0,927.0,793.0
DDBL,4/10/2026,850.0,859.0,843.0,846.1,-0.46,7022.0,927.0,793.0
DDBL,4/13/2026,850.0,850.0,840.0,841.1,-1.05,7899.0,927.0,793.0
DDBL,4/15/2026,841.2,885.0,840.1,851.0,1.17,15984.0,927.0,793.0
DDBL,4/16/2026,847.0,853.0,842.1,849.9,0.34,10307.0,927.0,793.0
DDBL,4/17/2026,837.1,849.9,836.0,841.0,0.47,5903.0,927.0,793.0
DDBL,4/20/2026,834.0,850.0,831.0,835.0,0.12,3254.0,927.0,793.0
DDBL,4/21/2026,835.1,843.0,823.5,835.3,0.02,3990.0,927.0,793.0
DDBL,4/22/2026,827.0,840.0,822.2,835.0,0.97,6233.0,927.0,793.0
DDBL,4/23/2026,820.1,840.0,820.1,834.0,1.69,875.0,927.0,793.0
DDBL,4/24/2026,834.0,834.0,816.2,826.3,-0.92,3592.0,927.0,793.0
DDBL,4/27/2026,826.3,840.0,824.0,830.0,0.45,6232.0,927.0,793.0
DDBL,4/28/2026,830.0,834.9,828.1,830.0,0.0,4139.0,927.0,793.0
DDBL,4/29/2026,830.0,829.0,822.0,826.4,-0.43,5001.0,927.0,793.0
DDBL,4/30/2026,821.0,830.0,820.0,829.0,0.97,6014.0,927.0,793.0
DDBL,5/4/2026,829.0,832.0,822.0,826.0,-0.36,1973.0,927.0,793.0
DDBL,5/5/2026,821.0,830.0,820.0,826.0,0.61,5012.0,927.0,793.0
DDBL,5/6/2026,827.0,850.0,827.0,841.0,1.69,10579.0,927.0,793.0
DDBL,5/7/2026,841.1,853.0,841.1,847.9,0.81,6877.0,927.0,793.0
DDBL,5/8/2026,859.8,859.8,845.1,848.0,-1.37,2959.0,927.0,793.0
DDBL,5/11/2026,857.0,868.9,855.3,863.0,0.7,10925.0,927.0,793.0
DDBL,5/12/2026,862.0,862.0,845.6,846.9,-1.75,6957.0,927.0,793.0
DDBL,5/13/2026,841.0,855.0,835.1,846.2,0.62,2945.0,927.0,793.0
DDBL,5/14/2026,854.5,854.5,844.3,847.0,-0.88,2626.0,927.0,793.0
DDBL,5/15/2026,855.0,855.0,840.2,844.5,-1.23,7177.0,927.0,793.0
DDBL,5/18/2026,840.0,857.0,840.0,846.0,0.71,7412.0,927.0,793.0
DDBL,5/19/2026,850.0,875.5,830.1,851.0,0.12,8741.0,927.0,793.0
DDBL,5/20/2026,855.0,860.0,846.0,860.0,0.58,4944.0,927.0,793.0
DDBL,5/21/2026,860.0,860.0,846.0,858.0,-0.23,3103.0,927.0,793.0
DDBL,5/22/2026,900.0,900.0,850.0,853.0,-5.22,6459.0,927.0,793.0
DDBL,5/25/2026,859.0,870.0,853.0,855.0,-0.47,7795.0,927.0,793.0
DDBL,5/26/2026,877.9,877.9,852.0,853.0,-2.84,5810.0,927.0,793.0
DDBL,5/27/2026,845.0,863.0,845.0,852.0,0.83,7913.0,927.0,793.0
DDBL,6/1/2026,847.0,865.0,821.6,850.0,0.35,4954.0,927.0,793.0
DDBL,6/2/2026,840.0,858.0,840.0,847.1,0.85,6714.0,927.0,793.0
DDBL,6/3/2026,840.2,860.0,840.2,850.3,1.2,2447.0,927.0,793.0
DDBL,6/4/2026,840.0,862.9,840.0,847.8,0.93,4993.0,927.0,793.0
DDBL,6/5/2026,845.0,850.0,841.3,850.0,0.59,7093.0,927.0,793.0
DDBL,6/8/2026,845.1,850.0,845.1,846.2,0.13,10604.0,927.0,793.0
DDBL,6/9/2026,842.0,847.5,838.0,841.6,-0.05,5263.0,927.0,793.0
DDBL,6/10/2026,842.1,850.0,836.2,836.2,-0.7,5752.0,927.0,793.0
DDBL,6/11/2026,840.0,848.0,836.0,837.0,-0.36,6176.0,927.0,793.0
DDBL,6/12/2026,835.0,840.0,835.0,835.0,0.0,3333.0,927.0,793.0
DDBL,6/15/2026,865.0,865.0,830.1,832.1,-3.8,5219.0,927.0,793.0
DDBL,6/16/2026,833.0,837.0,833.0,836.0,0.36,3367.0,927.0,793.0
DDBL,6/17/2026,842.0,845.0,835.0,835.0,-0.83,5861.0,927.0,793.0
DDBL,6/18/2026,845.0,845.0,835.0,835.0,-1.18,4222.0,927.0,793.0
DDBL,6/19/2026,835.0,840.0,835.0,836.0,0.12,6612.0,927.0,793.0
DDBL,6/22/2026,836.0,842.0,835.0,842.0,0.72,6869.0,927.0,793.0
DDBL,6/23/2026,842.0,849.0,838.2,839.2,-0.33,9455.0,927.0,793.0
DDBL,6/24/2026,841.5,841.5,836.0,836.1,-0.64,9898.0,927.0,793.0
DDBL,6/26/2026,840.0,840.0,827.5,830.0,-1.19,6800.0,927.0,793.0
DDBL,6/29/2026,833.0,835.0,820.0,820.0,-1.56,6313.0,927.0,793.0
DDBL,6/30/2026,821.0,827.0,816.2,817.0,-0.49,9727.0,927.0,793.0
DDBL,7/1/2026,820.0,840.0,820.0,830.0,1.22,41539.0,927.0,793.0
DDBL,7/2/2026,839.9,839.9,820.5,822.2,-2.11,5344.0,927.0,793.0
DDBL,7/3/2026,834.0,834.0,826.0,830.0,-0.48,4198.0,927.0,793.0
DDBL,7/6/2026,831.0,834.0,825.0,825.1,-0.71,4611.0,927.0,793.0
DDBL,7/7/2026,826.2,832.5,825.0,825.0,-0.15,6858.0,927.0,793.0
DDBL,7/8/2026,825.0,827.0,817.1,821.1,-0.47,2707.0,927.0,793.0
DDBL,7/9/2026,815.2,824.9,815.0,819.1,0.48,6318.0,927.0,793.0
DDBL,7/10/2026,829.0,829.0,813.1,820.0,-1.09,6310.0,927.0,793.0
DDBL,7/13/2026,813.0,821.0,813.0,816.0,0.37,2518.0,927.0,793.0
DDBL,7/14/2026,820.0,823.0,815.0,818.6,-0.17,8333.0,927.0,793.0
DDBL,7/15/2026,825.0,838.0,819.2,825.0,0.0,5868.0,927.0,793.0
DDBL,7/16/2026,839.9,850.0,822.0,850.0,1.2,10041.0,927.0,793.0
DDBL,7/17/2026,840.0,860.0,840.0,852.0,1.43,5052.0,927.0,793.0
DDBL,7/20/2026,861.0,861.0,845.0,854.5,-0.75,8964.0,927.0,793.0
DDBL,7/21/2026,811.8,872.0,811.8,850.0,4.71,5247.0,927.0,793.0
DDBL,7/22/2026,850.0,851.9,841.0,842.1,-0.93,4449.0,927.0,793.0
DDBL,7/23/2026,841.0,854.0,838.4,849.9,1.06,2827.0,927.0,793.0
DDBL,7/24/2026,840.0,864.8,840.0,854.0,1.67,4706.0,927.0,793.0
DDBL,7/27/2026,853.0,854.0,841.2,844.0,-1.06,3955.0,927.0,793.0
DDBL,7/28/2026,835.5,843.8,835.5,842.0,0.78,2087.0,927.0,793.0
DDBL,7/29/2026,842.0,847.0,836.7,836.7,-0.63,4927.0,927.0,793.0
DDBL,7/30/2026,850.0,850.0,830.3,835.0,-1.76,3545.0,927.0,793.0
DDBL,7/31/2026,835.0,836.5,830.0,836.5,0.18,3939.0,927.0,793.0
DDBL,8/3/2026,830.0,840.0,830.0,835.0,0.6,7033.0,927.0,793.0
DDBL,8/4/2026,832.7,834.0,828.0,833.0,0.04,8928.0,927.0,793.0
DDBL,8/5/2026,837.9,837.9,825.0,831.0,-0.82,11008.0,927.0,793.0
DDBL,8/6/2026,830.0,835.0,826.2,835.0,0.6,5724.0,927.0,793.0
DDBL,8/7/2026,825.0,839.0,825.0,829.0,0.48,3294.0,927.0,793.0
DDBL,8/10/2026,827.1,840.0,825.2,840.0,1.56,10615.0,927.0,793.0
DDBL,8/11/2026,840.0,845.0,833.0,840.0,0.0,6728.0,927.0,793.0
DDBL,8/12/2026,850.0,852.0,840.0,850.0,0.0,15008.0,927.0,793.0
DDBL,8/13/2026,848.0,855.0,848.0,855.0,0.83,7676.0,927.0,793.0
DDBL,8/14/2026,855.0,855.0,850.0,853.0,-0.23,6500.0,927.0,793.0
DDBL,8/17/2026,855.0,855.0,841.2,848.0,-0.82,9050.0,927.0,793.0
DDBL,8/18/2026,848.0,849.0,840.0,841.0,-0.83,14141.0,927.0,793.0
DDBL,8/19/2026,840.0,846.0,840.0,842.9,0.35,8026.0,927.0,793.0
DDBL,8/20/2026,832.1,849.9,831.4,849.9,2.14,8432.0,927.0,793.0
DDBL,8/21/2026,845.0,847.0,836.0,839.5,-0.65,8277.0,927.0,793.0
DDBL,8/24/2026,841.0,843.0,832.0,832.0,-1.07,1465.0,927.0,793.0
DDBL,8/25/2026,833.0,838.0,826.0,838.0,0.6,10640.0,927.0,793.0
DDBL,8/26/2026,835.0,835.0,827.3,829.2,-0.69,4532.0,927.0,793.0
DDBL,8/27/2026,819.0,835.0,805.0,835.0,1.95,3078.0,927.0,793.0
DDBL,8/31/2026,830.0,835.0,822.0,822.1,-0.95,3443.0,927.0,793.0
DDBL,9/1/2026,822.0,830.0,822.0,824.7,0.33,2668.0,927.0,793.0
DDBL,9/2/2026,830.0,834.0,825.5,834.0,0.48,2073.0,927.0,793.0
DDBL,9/3/2026,839.0,839.0,827.0,831.0,-0.95,1725.0,927.0,793.0
DDBL,9/7/2026,833.0,849.0,833.0,841.1,0.97,3163.0,927.0,793.0
DDBL,9/9/2026,840.0,847.0,835.0,846.9,0.82,4082.0,927.0,793.0
DDBL,9/10/2026,847.0,847.0,838.0,839.0,-0.94,1688.0,927.0,793.0
DDBL,9/11/2026,832.1,845.0,832.1,837.6,0.66,8528.0,927.0,793.0
DDBL,9/14/2026,845.0,853.0,838.2,844.1,-0.11,4803.0,927.0,793.0
DDBL,9/15/2026,885.0,885.0,852.0,861.0,-2.71,14222.0,927.0,793.0
DDBL,9/16/2026,860.0,862.0,847.0,849.9,-1.17,12133.0,927.0,793.0
DDBL,9/17/2026,853.0,868.5,852.2,853.0,0.0,12313.0,927.0,793.0
DDBL,9/18/2026,856.9,867.0,856.0,864.0,0.83,11379.0,927.0,793.0
DDBL,9/22/2026,864.0,870.0,864.0,865.5,0.17,9883.0,927.0,793.0
DDBL,9/23/2026,865.0,865.5,852.0,856.0,-1.04,6310.0,927.0,793.0
DDBL,9/24/2026,813.2,864.9,813.2,861.0,5.88,4190.0,927.0,793.0
DDBL,9/28/2026,861.0,867.0,849.1,852.0,-1.05,10339.0,927.0,793.0
DDBL,9/29/2026,846.1,850.0,846.1,0.0,-100.0,1608.0,927.0,793.0
DDBL,9/30/2026,848.0,850.0,843.0,846.9,-0.13,6710.0,927.0,793.0
DDBL,10/1/2026,842.0,851.0,841.0,848.0,0.71,6608.0,927.0,793.0
DDBL,10/2/2026,850.0,852.5,844.1,849.0,-0.12,2342.0,927.0,793.0
DHEL,12/21/2025,572.0,573.9,556.0,559.2,,34872.0,918.9,402.2
DHEL,12/22/2025,559.0,567.9,547.0,554.9,-0.77,37623.0,918.9,402.2
DHEL,12/23/2025,555.0,565.0,546.2,555.0,0.02,27206.0,918.9,402.2
DHEL,12/24/2025,555.0,577.0,550.0,554.0,-0.18,20131.0,918.9,402.2
DHEL,12/28/2025,547.0,570.0,547.0,567.6,2.45,42156.0,918.9,402.2
DHEL,12/29/2025,567.6,576.0,555.0,562.0,-0.99,38260.0,918.9,402.2
DHEL,12/31/2025,570.0,576.0,556.0,571.0,1.6,56574.0,918.9,402.2
DHEL,1/1/2026,568.0,589.9,560.0,584.9,2.43,73078.0,918.9,402.2
DHEL,1/4/2026,584.0,608.0,575.1,608.0,3.95,108114.0,918.9,402.2
DHEL,1/5/2026,620.0,666.0,605.0,666.0,9.54,194735.0,918.9,402.2
DHEL,1/6/2026,675.0,708.0,642.1,654.0,-1.8,133901.0,918.9,402.2
DHEL,1/7/2026,642.0,664.0,620.0,627.0,-4.13,98577.0,918.9,402.2
DHEL,1/8/2026,615.0,650.0,611.1,649.8,3.64,85496.0,918.9,402.2
DHEL,1/12/2026,662.0,673.2,639.1,663.0,2.03,135533.0,918.9,402.2
DHEL,1/13/2026,650.0,679.8,650.0,656.0,-1.06,106947.0,918.9,402.2
DHEL,1/14/2026,650.0,679.0,642.0,648.0,-1.22,45157.0,918.9,402.2
DHEL,1/18/2026,645.0,670.1,641.0,669.0,3.24,110938.0,918.9,402.2
DHEL,1/20/2026,670.0,680.3,662.0,665.0,-0.6,81375.0,918.9,402.2
DHEL,1/21/2026,652.0,678.0,652.0,659.0,-0.9,58017.0,918.9,402.2
DHEL,1/22/2026,652.0,700.0,652.0,689.9,4.69,118951.0,918.9,402.2
DHEL,1/25/2026,689.0,753.0,689.0,739.9,7.25,130833.0,918.9,402.2
DHEL,1/26/2026,739.0,813.8,717.0,785.0,6.1,169437.0,918.9,402.2
DHEL,1/27/2026,790.0,860.0,775.0,851.0,8.41,141936.0,918.9,402.2
DHEL,1/28/2026,834.0,918.9,794.0,842.0,-1.06,144499.0,918.9,402.2
DHEL,1/29/2026,825.2,840.0,760.0,763.0,-9.38,128908.0,918.9,402.2
DHEL,2/1/2026,747.8,777.0,721.0,760.9,-0.28,74101.0,918.9,402.2
DHEL,2/2/2026,761.0,820.0,761.0,816.0,7.24,104728.0,918.9,402.2
DHEL,2/3/2026,820.0,877.0,784.0,789.0,-3.31,210982.0,918.9,402.2
DHEL,2/4/2026,789.1,790.0,755.1,760.0,-3.68,65853.0,918.9,402.2
DHEL,2/5/2026,744.8,774.7,744.8,758.0,-0.26,49424.0,918.9,402.2
DHEL,2/8/2026,745.0,770.0,740.8,750.0,-1.06,56122.0,918.9,402.2
DHEL,2/9/2026,735.0,753.0,715.0,730.0,-2.67,43473.0,918.9,402.2
DHEL,2/10/2026,716.0,755.0,716.0,742.0,1.64,35517.0,918.9,402.2
DHEL,2/11/2026,756.8,770.0,722.0,742.0,0.0,21483.0,918.9,402.2
DHEL,2/12/2026,727.3,739.5,720.0,721.0,-2.83,47798.0,918.9,402.2
DHEL,2/16/2026,721.0,740.0,712.0,729.0,1.11,29374.0,918.9,402.2
DHEL,2/17/2026,743.5,743.5,698.0,720.0,-1.23,34915.0,918.9,402.2
DHEL,2/22/2026,720.0,729.0,680.0,683.0,-5.14,30816.0,918.9,402.2
DHEL,2/23/2026,680.0,693.0,665.0,680.0,-0.44,36742.0,918.9,402.2
DHEL,2/24/2026,690.0,719.0,673.1,719.0,5.74,34247.0,918.9,402.2
DHEL,2/25/2026,719.0,730.0,696.0,730.0,1.53,35376.0,918.9,402.2
DHEL,2/26/2026,744.6,744.6,710.0,729.0,-0.14,30786.0,918.9,402.2
DHEL,2/27/2026,744.6,744.6,710.0,729.0,0.0,30786.0,918.9,402.2
DHEL,2/28/2026,744.6,744.6,710.0,729.0,0.0,30786.0,918.9,402.2
DHEL,3/2/2026,714.5,730.0,687.0,725.0,-0.55,29714.0,918.9,402.2
DHEL,3/3/2026,724.0,740.0,717.1,735.9,1.5,50814.0,918.9,402.2
DHEL,3/4/2026,724.0,740.0,717.1,735.9,0.0,50814.0,918.9,402.2
DHEL,3/5/2026,724.0,740.0,717.1,735.9,0.0,50814.0,918.9,402.2
DHEL,3/6/2026,724.0,740.0,717.1,735.9,0.0,50814.0,918.9,402.2
DHEL,3/7/2026,724.0,740.0,717.1,735.9,0.0,50814.0,918.9,402.2
DHEL,3/8/2026,724.0,740.0,717.1,735.9,0.0,50814.0,918.9,402.2
DHEL,3/9/2026,750.6,795.9,750.6,795.9,8.15,1360.0,918.9,402.2
DHEL,3/10/2026,800.0,810.0,750.0,768.0,-3.51,94315.0,918.9,402.2
DHEL,3/11/2026,768.0,788.0,735.3,740.0,-3.65,70389.0,918.9,402.2
DHEL,3/12/2026,745.0,813.0,718.1,810.0,9.46,136276.0,918.9,402.2
DHEL,3/13/2026,745.0,813.0,718.1,810.0,0.0,136276.0,918.9,402.2
DHEL,3/14/2026,745.0,813.0,718.1,810.0,0.0,136276.0,918.9,402.2
DHEL,3/15/2026,810.0,810.0,729.0,729.0,-10.0,144193.0,918.9,402.2
DHEL,3/16/2026,723.0,725.0,704.1,710.0,-2.61,64393.0,918.9,402.2
DHEL,3/17/2026,711.0,711.0,695.0,704.0,-0.85,52110.0,918.9,402.2
DHEL,3/18/2026,711.0,711.0,695.0,704.0,0.0,52110.0,918.9,402.2
DHEL,3/19/2026,705.0,717.2,698.1,705.1,0.16,57051.0,918.9,402.2
DHEL,3/20/2026,705.0,717.2,698.1,705.1,0.0,57051.0,918.9,402.2
DHEL,3/21/2026,705.0,717.2,698.1,705.1,0.0,57051.0,918.9,402.2
DHEL,3/22/2026,705.1,716.0,701.0,707.0,0.27,41639.0,918.9,402.2
DHEL,3/23/2026,705.0,719.0,693.0,702.0,-0.71,40522.0,918.9,402.2
DHEL,3/24/2026,703.0,707.7,698.0,705.0,0.43,28442.0,918.9,402.2
DHEL,3/25/2026,705.0,727.0,698.0,715.0,1.42,46970.0,918.9,402.2
DHEL,3/26/2026,715.0,734.0,715.0,732.9,2.5,63123.0,918.9,402.2
DHEL,3/29/2026,747.4,747.4,703.0,708.0,-5.27,36728.0,918.9,402.2
DHEL,3/30/2026,705.0,711.0,689.0,694.0,-1.56,44493.0,918.9,402.2
DHEL,3/31/2026,690.0,703.8,671.3,695.0,0.72,29377.0,918.9,402.2
DHEL,4/1/2026,695.0,695.0,653.1,661.0,-4.89,22369.0,918.9,402.2
DHEL,4/2/2026,647.8,675.0,647.8,659.9,1.87,29697.0,918.9,402.2
DHEL,4/5/2026,659.9,660.0,594.0,598.0,-9.38,40562.0,918.9,402.2
DHEL,4/6/2026,592.0,634.0,588.0,620.0,4.73,34959.0,918.9,402.2
DHEL,4/7/2026,625.0,642.0,611.4,614.0,-1.76,16836.0,918.9,402.2
DHEL,4/8/2026,626.0,657.9,615.0,655.0,4.63,52691.0,918.9,402.2
DHEL,4/9/2026,665.0,678.3,655.0,669.0,0.6,45194.0,918.9,402.2
DHEL,4/10/2026,680.0,680.0,646.0,656.0,-3.53,32500.0,918.9,402.2
DHEL,4/13/2026,650.0,659.9,640.0,647.0,-0.46,28521.0,918.9,402.2
DHEL,4/15/2026,655.8,658.0,640.0,654.0,-0.27,29123.0,918.9,402.2
DHEL,4/16/2026,645.0,653.0,633.2,635.0,-1.55,24253.0,918.9,402.2
DHEL,4/17/2026,622.3,647.0,622.3,635.0,2.04,14201.0,918.9,402.2
DHEL,4/20/2026,654.0,654.0,620.0,648.9,-0.78,26725.0,918.9,402.2
DHEL,4/21/2026,681.3,681.3,635.0,640.0,-6.06,15599.0,918.9,402.2
DHEL,4/22/2026,625.1,643.7,615.0,631.0,0.94,26039.0,918.9,402.2
DHEL,4/23/2026,631.0,639.9,618.0,619.5,-1.82,17531.0,918.9,402.2
DHEL,4/24/2026,618.0,620.0,601.2,620.0,0.32,20088.0,918.9,402.2
DHEL,4/27/2026,638.6,638.6,615.0,618.5,-3.15,12859.0,918.9,402.2
DHEL,4/28/2026,618.5,622.0,605.0,610.0,-1.37,18721.0,918.9,402.2
DHEL,4/29/2026,610.0,618.0,595.0,604.0,-0.98,17665.0,918.9,402.2
DHEL,4/30/2026,634.2,634.2,594.0,599.3,-5.5,20350.0,918.9,402.2
DHEL,5/4/2026,598.7,602.5,586.0,586.0,-2.12,12005.0,918.9,402.2
DHEL,5/5/2026,586.0,595.0,576.0,588.0,0.34,15537.0,918.9,402.2
DHEL,5/6/2026,585.0,600.0,580.0,585.0,0.0,9997.0,918.9,402.2
DHEL,5/7/2026,579.5,587.0,576.0,581.2,0.29,6882.0,918.9,402.2
DHEL,5/8/2026,584.0,600.0,579.0,599.0,2.57,15050.0,918.9,402.2
DHEL,5/11/2026,602.0,618.0,602.0,617.9,2.64,15812.0,918.9,402.2
DHEL,5/12/2026,617.0,617.0,592.0,597.0,-3.24,12710.0,918.9,402.2
DHEL,5/13/2026,587.0,597.0,587.0,595.0,1.36,6354.0,918.9,402.2
DHEL,5/14/2026,600.0,609.0,582.0,588.0,-2.0,17891.0,918.9,402.2
DHEL,5/15/2026,585.0,596.9,585.0,588.0,0.51,9090.0,918.9,402.2
DHEL,5/18/2026,572.0,607.5,572.0,603.2,5.45,23069.0,918.9,402.2
DHEL,5/19/2026,603.0,629.9,600.0,625.0,3.65,40114.0,918.9,402.2
DHEL,5/20/2026,656.2,656.2,620.0,642.9,-2.03,47897.0,918.9,402.2
DHEL,5/21/2026,641.0,648.9,623.0,630.0,-1.72,23497.0,918.9,402.2
DHEL,5/22/2026,625.0,670.0,624.3,668.1,6.9,110947.0,918.9,402.2
DHEL,5/25/2026,650.0,684.9,650.0,670.0,3.08,52384.0,918.9,402.2
DHEL,5/26/2026,670.0,675.0,655.0,660.0,-1.49,26478.0,918.9,402.2
DHEL,5/27/2026,693.0,693.0,639.0,640.0,-7.65,39042.0,918.9,402.2
DHEL,6/1/2026,630.0,654.0,618.5,623.0,-1.11,36183.0,918.9,402.2
DHEL,6/2/2026,623.0,632.0,617.1,629.9,1.11,21582.0,918.9,402.2
DHEL,6/3/2026,640.0,652.8,625.0,644.0,0.62,24039.0,918.9,402.2
DHEL,6/4/2026,644.0,652.0,620.0,630.0,-2.17,17005.0,918.9,402.2
DHEL,6/5/2026,620.0,626.5,618.0,621.0,0.16,18100.0,918.9,402.2
DHEL,6/8/2026,621.5,630.0,606.0,615.0,-1.05,23642.0,918.9,402.2
DHEL,6/9/2026,625.0,625.0,606.7,619.0,-0.96,15537.0,918.9,402.2
DHEL,6/10/2026,619.0,646.8,618.0,632.9,2.25,26798.0,918.9,402.2
DHEL,6/11/2026,632.9,650.0,631.1,635.9,0.47,27967.0,918.9,402.2
DHEL,6/12/2026,667.6,667.6,625.0,629.0,-5.78,14215.0,918.9,402.2
DHEL,6/15/2026,629.0,635.0,615.2,619.0,-1.59,9796.0,918.9,402.2
DHEL,6/16/2026,607.0,632.2,607.0,622.0,2.47,10095.0,918.9,402.2
DHEL,6/17/2026,622.0,630.0,620.0,620.0,-0.32,7689.0,918.9,402.2
DHEL,6/18/2026,613.1,623.0,613.1,622.0,1.45,7590.0,918.9,402.2
DHEL,6/19/2026,624.0,638.0,609.0,612.0,-1.92,10475.0,918.9,402.2
DHEL,6/22/2026,605.0,628.5,605.0,615.0,1.65,6364.0,918.9,402.2
DHEL,6/23/2026,608.0,610.0,600.0,607.2,-0.13,17083.0,918.9,402.2
DHEL,6/24/2026,595.1,612.9,584.1,598.9,0.64,19213.0,918.9,402.2
DHEL,6/26/2026,586.1,604.0,586.1,595.0,1.52,9290.0,918.9,402.2
DHEL,6/29/2026,624.0,624.0,575.0,582.0,-6.73,10477.0,918.9,402.2
DHEL,6/30/2026,610.0,610.0,567.0,567.0,-7.05,11477.0,918.9,402.2
DHEL,7/1/2026,565.0,592.5,555.0,585.0,3.54,9790.0,918.9,402.2
DHEL,7/2/2026,585.0,587.4,569.9,577.7,-1.25,10885.0,918.9,402.2
DHEL,7/3/2026,571.0,607.0,570.1,594.0,4.03,17508.0,918.9,402.2
DHEL,7/6/2026,594.0,597.4,575.0,589.0,-0.84,10719.0,918.9,402.2
DHEL,7/7/2026,573.0,598.0,573.0,592.0,3.32,19267.0,918.9,402.2
DHEL,7/8/2026,575.0,588.0,571.1,585.0,1.74,7177.0,918.9,402.2
DHEL,7/9/2026,568.0,585.0,565.0,573.9,1.04,10667.0,918.9,402.2
DHEL,7/10/2026,557.0,584.0,557.0,575.0,3.23,12300.0,918.9,402.2
DHEL,7/13/2026,560.1,575.0,560.0,570.0,1.77,6557.0,918.9,402.2
DHEL,7/14/2026,560.0,572.0,548.0,560.0,0.0,13237.0,918.9,402.2
DHEL,7/15/2026,569.9,569.9,555.6,560.0,-1.74,8650.0,918.9,402.2
DHEL,7/16/2026,550.0,569.1,540.1,540.1,-1.8,20078.0,918.9,402.2
DHEL,7/17/2026,542.0,572.0,540.2,572.0,5.54,26156.0,918.9,402.2
DHEL,7/20/2026,572.0,599.0,563.0,599.0,4.72,16294.0,918.9,402.2
DHEL,7/21/2026,580.0,605.9,580.0,600.0,3.45,29310.0,918.9,402.2
DHEL,7/22/2026,590.0,600.0,585.0,595.0,0.85,18488.0,918.9,402.2
DHEL,7/23/2026,581.0,601.0,581.0,598.0,2.93,15918.0,918.9,402.2
DHEL,7/24/2026,600.0,629.8,600.0,626.0,4.33,74284.0,918.9,402.2
DHEL,7/27/2026,626.0,630.0,590.0,605.0,-3.35,32479.0,918.9,402.2
DHEL,7/28/2026,605.0,605.0,590.0,597.1,-1.31,19944.0,918.9,402.2
DHEL,7/29/2026,590.2,609.0,586.2,597.0,1.15,18392.0,918.9,402.2
DHEL,7/30/2026,597.0,597.0,577.2,580.0,-2.85,27695.0,918.9,402.2
DHEL,7/31/2026,552.5,590.0,552.5,587.9,6.41,11475.0,918.9,402.2
DHEL,8/3/2026,588.0,600.0,582.0,582.0,-1.02,36329.0,918.9,402.2
DHEL,8/4/2026,575.0,587.0,557.8,568.2,-1.18,29341.0,918.9,402.2
DHEL,8/5/2026,569.0,581.0,562.0,581.0,2.11,17800.0,918.9,402.2
DHEL,8/6/2026,580.0,585.9,575.0,576.0,-0.69,14035.0,918.9,402.2
DHEL,8/7/2026,575.0,584.9,566.0,584.9,1.72,19481.0,918.9,402.2
DHEL,8/10/2026,561.0,620.0,561.0,620.0,10.52,73627.0,918.9,402.2
DHEL,8/11/2026,608.2,626.0,605.1,615.0,1.12,29725.0,918.9,402.2
DHEL,8/12/2026,610.0,615.0,599.9,602.0,-1.31,18205.0,918.9,402.2
DHEL,8/13/2026,598.0,609.5,590.0,600.0,0.33,17918.0,918.9,402.2
DHEL,8/14/2026,600.0,602.0,591.0,594.0,-1.0,11873.0,918.9,402.2
DHEL,8/17/2026,604.5,614.0,591.1,604.0,-0.08,36822.0,918.9,402.2
DHEL,8/18/2026,620.3,620.3,590.0,595.0,-4.08,11711.0,918.9,402.2
DHEL,8/19/2026,592.0,592.0,580.0,584.0,-1.35,11574.0,918.9,402.2
DHEL,8/20/2026,580.0,595.0,575.3,585.0,0.86,14910.0,918.9,402.2
DHEL,8/21/2026,585.0,595.0,575.0,579.0,-1.03,15456.0,918.9,402.2
DHEL,8/24/2026,570.1,578.0,565.0,570.0,-0.02,13411.0,918.9,402.2
DHEL,8/25/2026,570.0,580.0,567.0,574.0,0.7,6094.0,918.9,402.2
DHEL,8/26/2026,565.1,565.2,550.1,555.0,-1.79,15773.0,918.9,402.2
DHEL,8/27/2026,550.0,565.0,530.0,564.0,2.55,15783.0,918.9,402.2
DHEL,8/31/2026,547.1,554.0,542.0,543.0,-0.75,8446.0,918.9,402.2
DHEL,9/1/2026,530.0,560.0,530.0,554.9,4.7,7770.0,918.9,402.2
DHEL,9/2/2026,540.2,566.8,540.1,566.8,4.92,13134.0,918.9,402.2
DHEL,9/3/2026,550.2,573.0,550.2,571.0,3.78,9552.0,918.9,402.2
DHEL,9/7/2026,556.0,587.0,556.0,577.0,3.78,15211.0,918.9,402.2
DHEL,9/9/2026,559.7,576.8,551.0,559.0,-0.13,13699.0,918.9,402.2
DHEL,9/10/2026,551.0,555.0,543.3,543.3,-1.4,9563.0,918.9,402.2
DHEL,9/11/2026,543.2,559.6,538.0,556.0,2.36,6994.0,918.9,402.2
DHEL,9/14/2026,550.2,574.0,550.2,570.0,3.6,20892.0,918.9,402.2
DHEL,9/15/2026,598.0,598.5,562.0,575.0,-3.85,17708.0,918.9,402.2
DHEL,9/16/2026,580.0,580.0,551.3,564.0,-2.76,10670.0,918.9,402.2
DHEL,9/17/2026,561.8,576.0,558.0,565.0,0.57,9863.0,918.9,402.2
DHEL,9/18/2026,569.9,572.0,556.2,571.0,0.19,28849.0,918.9,402.2
DHEL,9/22/2026,571.0,575.0,559.0,564.0,-1.23,20693.0,918.9,402.2
DHEL,9/23/2026,564.0,565.0,552.0,555.0,-1.6,7243.0,918.9,402.2
DHEL,9/24/2026,570.0,570.0,551.0,554.0,-2.81,4773.0,918.9,402.2
DHEL,9/28/2026,526.3,554.0,526.3,535.0,1.65,25397.0,918.9,402.2
DHEL,9/29/2026,535.0,535.0,520.0,0.0,-100.0,16745.0,918.9,402.2
DHEL,9/30/2026,537.0,537.0,522.0,528.0,-1.68,8834.0,918.9,402.2
DHEL,10/1/2026,524.0,530.0,517.4,525.0,0.19,9508.0,918.9,402.2
DHEL,10/2/2026,521.0,529.9,516.2,517.0,-0.77,9243.0,918.9,402.2
DHPL,4/20/2017,244.0,240.0,240.0,240.0,,86.0,345.0,254.0
DHPL,4/24/2017,240.0,239.0,223.0,223.0,-7.08,107.0,345.0,254.0
DHPL,4/25/2017,223.0,230.0,223.0,230.0,3.14,569.0,345.0,254.0
DHPL,4/26/2017,230.0,234.0,228.0,234.0,1.74,266.0,345.0,254.0
DHPL,4/27/2017,234.0,234.0,227.0,230.0,-1.71,103.0,345.0,254.0
DHPL,4/30/2017,230.0,235.0,230.0,231.0,0.43,270.0,345.0,254.0
DHPL,5/2/2017,231.0,229.0,220.0,224.0,-3.03,495.0,345.0,254.0
DHPL,5/3/2017,224.0,227.0,221.0,227.0,1.34,116.0,345.0,254.0
DHPL,5/4/2017,227.0,225.0,217.0,221.0,-2.64,218.0,345.0,254.0
DHPL,5/7/2017,221.0,220.0,216.0,216.0,-2.26,183.0,345.0,254.0
DHPL,5/8/2017,216.0,220.0,214.0,220.0,1.85,1160.0,345.0,254.0
DHPL,5/9/2017,220.0,233.0,224.0,226.0,2.73,1493.0,345.0,254.0
DHPL,5/11/2017,226.0,248.0,227.0,248.0,9.73,1479.0,345.0,254.0
DHPL,5/15/2017,248.0,270.0,247.0,268.0,8.06,2306.0,345.0,254.0
DHPL,5/16/2017,268.0,271.0,250.0,250.0,-6.72,746.0,345.0,254.0
DHPL,5/17/2017,250.0,252.0,250.0,250.0,0.0,343.0,345.0,254.0
DHPL,5/18/2017,250.0,245.0,233.0,233.0,-6.8,548.0,345.0,254.0
DHPL,5/21/2017,233.0,237.0,231.0,232.0,-0.43,210.0,345.0,254.0
DHPL,5/22/2017,232.0,232.0,220.0,225.0,-3.02,178.0,345.0,254.0
DHPL,5/23/2017,225.0,229.0,224.0,229.0,1.78,136.0,345.0,254.0
DHPL,5/24/2017,229.0,229.0,225.0,225.0,-1.75,105.0,345.0,254.0
DHPL,5/28/2017,225.0,229.0,221.0,229.0,1.78,791.0,345.0,254.0
DHPL,5/30/2017,229.0,225.0,218.0,222.0,-3.06,185.0,345.0,254.0
DHPL,5/31/2017,222.0,224.0,220.0,224.0,0.9,115.0,345.0,254.0
DHPL,6/1/2017,224.0,224.0,221.0,222.0,-0.89,161.0,345.0,254.0
DHPL,6/4/2017,222.0,224.0,220.0,222.0,0.0,136.0,345.0,254.0
DHPL,6/5/2017,222.0,227.0,219.0,225.0,1.35,563.0,345.0,254.0
DHPL,6/6/2017,225.0,225.0,222.0,225.0,0.0,53.0,345.0,254.0
DHPL,6/7/2017,225.0,231.0,224.0,225.0,0.0,949.0,345.0,254.0
DHPL,6/8/2017,225.0,225.0,223.0,223.0,-0.89,272.0,345.0,254.0
DHPL,6/11/2017,223.0,223.0,220.0,222.0,-0.45,350.0,345.0,254.0
DHPL,6/12/2017,222.0,221.0,213.0,218.0,-1.8,210.0,345.0,254.0
DHPL,6/13/2017,218.0,226.0,218.0,221.0,1.38,708.0,345.0,254.0
DHPL,6/14/2017,221.0,232.0,216.0,220.0,-0.45,203.0,345.0,254.0
DHPL,6/15/2017,220.0,222.0,216.0,222.0,0.91,501.0,345.0,254.0
DHPL,6/18/2017,222.0,219.0,217.0,217.0,-2.25,184.0,345.0,254.0
DHPL,6/19/2017,217.0,224.0,215.0,218.0,0.46,422.0,345.0,254.0
DHPL,6/20/2017,218.0,220.0,215.0,220.0,0.92,107.0,345.0,254.0
DHPL,6/21/2017,220.0,226.0,220.0,220.0,0.0,250.0,345.0,254.0
DHPL,6/22/2017,220.0,224.0,216.0,224.0,1.82,105.0,345.0,254.0
DHPL,6/25/2017,224.0,220.0,216.0,220.0,-1.79,50.0,345.0,254.0
DHPL,6/27/2017,220.0,223.0,215.0,215.0,-2.27,141.0,345.0,254.0
DHPL,6/28/2017,215.0,215.0,211.0,214.0,-0.47,85.0,345.0,254.0
DHPL,7/2/2017,214.0,215.0,214.0,215.0,0.47,106.0,345.0,254.0
DHPL,7/3/2017,215.0,214.0,210.0,210.0,-2.33,93.0,345.0,254.0
DHPL,7/4/2017,210.0,215.0,211.0,215.0,2.38,184.0,345.0,254.0
DHPL,7/5/2017,215.0,219.0,211.0,211.0,-1.86,52.0,345.0,254.0
DHPL,7/6/2017,211.0,210.0,206.0,206.0,-2.37,300.0,345.0,254.0
DHPL,7/9/2017,206.0,210.0,204.0,204.0,-0.97,121.0,345.0,254.0
DHPL,7/10/2017,204.0,207.0,200.0,207.0,1.47,31.0,345.0,254.0
DHPL,7/11/2017,207.0,210.0,206.0,208.0,0.48,141.0,345.0,254.0
DHPL,7/12/2017,208.0,210.0,204.0,207.0,-0.48,235.0,345.0,254.0
DHPL,7/13/2017,207.0,226.0,202.0,226.0,9.18,475.0,345.0,254.0
DHPL,7/16/2017,226.0,224.0,210.0,210.0,-7.08,280.0,345.0,254.0
DHPL,7/17/2017,210.0,210.0,202.0,205.0,-2.38,229.0,345.0,254.0
DHPL,7/18/2017,205.0,208.0,204.0,205.0,0.0,136.0,345.0,254.0
DHPL,7/19/2017,205.0,210.0,206.0,210.0,2.44,183.0,345.0,254.0
DHPL,7/20/2017,210.0,214.0,202.0,207.0,-1.43,359.0,345.0,254.0
DHPL,7/23/2017,207.0,207.0,200.0,207.0,0.0,168.0,345.0,254.0
DHPL,7/24/2017,207.0,204.0,203.0,204.0,-1.45,283.0,345.0,254.0
DHPL,7/25/2017,204.0,205.0,202.0,204.0,0.0,131.0,345.0,254.0
DHPL,7/26/2017,204.0,205.0,201.0,201.0,-1.47,172.0,345.0,254.0
DHPL,7/27/2017,201.0,200.0,200.0,200.0,-0.5,72.0,345.0,254.0
DHPL,7/30/2017,200.0,208.0,200.0,204.0,2.0,168.0,345.0,254.0
DHPL,7/31/2017,204.0,205.0,196.0,200.0,-1.96,268.0,345.0,254.0
DHPL,8/1/2017,200.0,204.0,200.0,202.0,1.0,266.0,345.0,254.0
DHPL,8/2/2017,202.0,204.0,199.0,201.0,-0.5,362.0,345.0,254.0
DHPL,8/3/2017,201.0,200.0,197.0,200.0,-0.5,229.0,345.0,254.0
DHPL,8/6/2017,200.0,199.0,195.0,196.0,-2.0,266.0,345.0,254.0
DHPL,8/7/2017,196.0,201.0,195.0,195.0,-0.51,684.0,345.0,254.0
DHPL,8/9/2017,195.0,198.0,194.0,194.0,-0.51,309.0,345.0,254.0
DHPL,8/10/2017,194.0,194.0,191.0,194.0,0.0,365.0,345.0,254.0
DHPL,8/13/2017,194.0,197.0,191.0,191.0,-1.55,125.0,345.0,254.0
DHPL,8/15/2017,191.0,188.0,183.0,183.0,-4.19,162.0,345.0,254.0
DHPL,8/16/2017,183.0,189.0,184.0,189.0,3.28,309.0,345.0,254.0
DHPL,8/17/2017,189.0,186.0,182.0,182.0,-3.7,415.0,345.0,254.0
DHPL,8/20/2017,182.0,179.0,171.0,175.0,-3.85,205.0,345.0,254.0
DHPL,8/21/2017,175.0,175.0,172.0,172.0,-1.71,620.0,345.0,254.0
DHPL,8/22/2017,172.0,175.0,169.0,175.0,1.74,227.0,345.0,254.0
DHPL,8/23/2017,175.0,172.0,166.0,171.0,-2.29,1057.0,345.0,254.0
DHPL,8/24/2017,171.0,174.0,170.0,172.0,0.58,280.0,345.0,254.0
DHPL,8/27/2017,172.0,173.0,167.0,173.0,0.58,525.0,345.0,254.0
DHPL,8/28/2017,173.0,172.0,167.0,169.0,-2.31,181.0,345.0,254.0
DHPL,8/30/2017,169.0,171.0,165.0,171.0,1.18,354.0,345.0,254.0
DHPL,8/31/2017,171.0,170.0,164.0,164.0,-4.09,1125.0,345.0,254.0
DHPL,9/4/2017,164.0,161.0,158.0,161.0,-1.83,92.0,345.0,254.0
DHPL,9/6/2017,161.0,163.0,160.0,160.0,-0.62,280.0,345.0,254.0
DHPL,9/7/2017,160.0,162.0,158.0,160.0,0.0,791.0,345.0,254.0
DHPL,9/10/2017,160.0,163.0,160.0,160.0,0.0,20.0,345.0,254.0
DHPL,9/11/2017,160.0,159.0,159.0,159.0,-0.62,20.0,345.0,254.0
DHPL,9/12/2017,159.0,156.0,154.0,154.0,-3.14,40.0,345.0,254.0
DHPL,9/13/2017,154.0,155.0,155.0,155.0,0.65,73.0,345.0,254.0
DHPL,9/14/2017,155.0,156.0,153.0,155.0,0.0,76.0,345.0,254.0
DHPL,9/17/2017,155.0,155.0,155.0,155.0,0.0,220.0,345.0,254.0
DHPL,9/18/2017,155.0,154.0,148.0,149.0,-3.87,517.0,345.0,254.0
DHPL,9/20/2017,149.0,150.0,147.0,149.0,0.0,63.0,345.0,254.0
DHPL,9/24/2017,149.0,152.0,148.0,148.0,-0.67,812.0,345.0,254.0
DHPL,9/25/2017,148.0,147.0,147.0,147.0,-0.68,11.0,345.0,254.0
DHPL,9/26/2017,147.0,150.0,145.0,147.0,0.0,1409.0,345.0,254.0
DHPL,10/3/2017,147.0,149.0,145.0,149.0,1.36,73.0,345.0,254.0
DHPL,10/4/2017,149.0,158.0,151.0,158.0,6.04,110.0,345.0,254.0
DHPL,10/8/2017,158.0,158.0,155.0,158.0,0.0,121.0,345.0,254.0
DHPL,10/9/2017,158.0,158.0,155.0,156.0,-1.27,560.0,345.0,254.0
DHPL,10/10/2017,156.0,159.0,154.0,159.0,1.92,807.0,345.0,254.0
DHPL,10/11/2017,159.0,156.0,155.0,155.0,-2.52,20.0,345.0,254.0
DHPL,10/12/2017,155.0,155.0,155.0,155.0,0.0,11.0,345.0,254.0
DHPL,10/15/2017,155.0,158.0,155.0,155.0,0.0,22.0,345.0,254.0
DHPL,10/16/2017,155.0,158.0,155.0,158.0,1.94,44.0,345.0,254.0
DHPL,10/17/2017,158.0,158.0,155.0,155.0,-1.9,85.0,345.0,254.0
DHPL,10/22/2017,155.0,158.0,152.0,158.0,1.94,95.0,345.0,254.0
DHPL,10/23/2017,158.0,156.0,153.0,156.0,-1.27,128.0,345.0,254.0
DHPL,10/24/2017,156.0,158.0,155.0,158.0,1.28,122.0,345.0,254.0
DHPL,10/25/2017,158.0,158.0,156.0,158.0,0.0,32.0,345.0,254.0
DHPL,10/30/2017,158.0,159.0,158.0,159.0,0.63,185.0,345.0,254.0
DHPL,10/31/2017,159.0,156.0,156.0,156.0,-1.89,11.0,345.0,254.0
DHPL,11/1/2017,156.0,159.0,154.0,159.0,1.92,158.0,345.0,254.0
DHPL,11/2/2017,159.0,156.0,153.0,156.0,-1.89,95.0,345.0,254.0
DHPL,11/5/2017,156.0,153.0,153.0,153.0,-1.92,53.0,345.0,254.0
DHPL,11/6/2017,153.0,153.0,150.0,153.0,0.0,87.0,345.0,254.0
DHPL,11/7/2017,153.0,150.0,148.0,150.0,-1.96,297.0,345.0,254.0
DHPL,11/8/2017,150.0,148.0,147.0,148.0,-1.33,22.0,345.0,254.0
DHPL,11/9/2017,148.0,148.0,144.0,144.0,-2.7,85.0,345.0,254.0
DHPL,11/12/2017,144.0,145.0,142.0,145.0,0.69,43.0,345.0,254.0
DHPL,11/13/2017,145.0,149.0,147.0,149.0,2.76,33.0,345.0,254.0
DHPL,11/14/2017,149.0,153.0,151.0,152.0,2.01,593.0,345.0,254.0
DHPL,11/15/2017,152.0,153.0,149.0,153.0,0.66,65.0,345.0,254.0
DHPL,11/16/2017,153.0,154.0,150.0,150.0,-1.96,411.0,345.0,254.0
DHPL,11/19/2017,150.0,149.0,145.0,145.0,-3.33,250.0,345.0,254.0
DHPL,11/20/2017,145.0,144.0,141.0,144.0,-0.69,199.0,345.0,254.0
DHPL,11/21/2017,144.0,145.0,140.0,145.0,0.69,168.0,345.0,254.0
DHPL,11/22/2017,145.0,151.0,143.0,151.0,4.14,230.0,345.0,254.0
DHPL,11/23/2017,151.0,151.0,148.0,148.0,-1.99,51.0,345.0,254.0
DHPL,11/26/2017,148.0,150.0,146.0,150.0,1.35,99.0,345.0,254.0
DHPL,11/27/2017,150.0,151.0,148.0,151.0,0.67,1444.0,345.0,254.0
DHPL,11/28/2017,151.0,151.0,148.0,151.0,0.0,175.0,345.0,254.0
DHPL,11/29/2017,151.0,151.0,148.0,151.0,0.0,86.0,345.0,254.0
DHPL,11/30/2017,151.0,150.0,150.0,150.0,-0.66,10.0,345.0,254.0
DHPL,12/4/2017,150.0,149.0,147.0,149.0,-0.67,137.0,345.0,254.0
DHPL,12/5/2017,149.0,154.0,151.0,152.0,2.01,117.0,345.0,254.0
DHPL,12/6/2017,152.0,160.0,148.0,160.0,5.26,210.0,345.0,254.0
DHPL,12/10/2017,160.0,166.0,155.0,155.0,-3.12,868.0,345.0,254.0
DHPL,12/11/2017,155.0,155.0,149.0,155.0,0.0,191.0,345.0,254.0
DHPL,12/12/2017,155.0,155.0,152.0,153.0,-1.29,61.0,345.0,254.0
DHPL,12/13/2017,153.0,153.0,149.0,153.0,0.0,86.0,345.0,254.0
DHPL,12/14/2017,153.0,158.0,154.0,155.0,1.31,152.0,345.0,254.0
DHPL,12/17/2017,155.0,155.0,153.0,155.0,0.0,21.0,345.0,254.0
DHPL,12/18/2017,155.0,155.0,152.0,153.0,-1.29,102.0,345.0,254.0
DHPL,12/19/2017,153.0,153.0,151.0,151.0,-1.31,118.0,345.0,254.0
DHPL,12/20/2017,151.0,150.0,150.0,150.0,-0.66,10.0,345.0,254.0
DHPL,12/24/2017,150.0,152.0,150.0,152.0,1.33,30.0,345.0,254.0
DHPL,12/26/2017,152.0,149.0,147.0,149.0,-1.97,137.0,345.0,254.0
DHPL,12/27/2017,149.0,147.0,147.0,147.0,-1.34,234.0,345.0,254.0
DHPL,12/28/2017,147.0,146.0,143.0,146.0,-0.68,71.0,345.0,254.0
DHPL,12/31/2017,146.0,148.0,144.0,146.0,0.0,64.0,345.0,254.0
DHPL,1/1/2018,146.0,148.0,146.0,148.0,1.37,20.0,345.0,254.0
DHPL,1/2/2018,148.0,155.0,147.0,152.0,2.7,214.0,345.0,254.0
DHPL,1/3/2018,152.0,155.0,152.0,152.0,0.0,61.0,345.0,254.0
DHPL,1/4/2018,152.0,153.0,145.0,153.0,0.66,137.0,345.0,254.0
DHPL,1/8/2018,153.0,153.0,150.0,151.0,-1.31,75.0,345.0,254.0
DHPL,1/9/2018,151.0,160.0,154.0,160.0,5.96,191.0,345.0,254.0
DHPL,1/10/2018,160.0,157.0,151.0,152.0,-5.0,62.0,345.0,254.0
DHPL,1/14/2018,152.0,153.0,150.0,151.0,-0.66,91.0,345.0,254.0
DHPL,1/16/2018,151.0,150.0,148.0,149.0,-1.32,50.0,345.0,254.0
DHPL,1/17/2018,149.0,150.0,147.0,149.0,0.0,40.0,345.0,254.0
DHPL,1/21/2018,149.0,147.0,144.0,144.0,-3.36,102.0,345.0,254.0
DHPL,1/22/2018,144.0,146.0,146.0,146.0,1.39,10.0,345.0,254.0
DHPL,1/23/2018,146.0,148.0,146.0,148.0,1.37,160.0,345.0,254.0
DHPL,1/24/2018,148.0,150.0,148.0,150.0,1.35,51.0,345.0,254.0
DHPL,1/25/2018,150.0,147.0,147.0,147.0,-2.0,32.0,345.0,254.0
DHPL,1/28/2018,147.0,150.0,147.0,147.0,0.0,161.0,345.0,254.0
DHPL,1/29/2018,147.0,146.0,144.0,146.0,-0.68,150.0,345.0,254.0
DHPL,1/31/2018,146.0,146.0,145.0,146.0,0.0,61.0,345.0,254.0
DHPL,2/1/2018,146.0,149.0,145.0,147.0,0.68,274.0,345.0,254.0
DHPL,2/4/2018,147.0,149.0,145.0,145.0,-1.36,144.0,345.0,254.0
DHPL,2/5/2018,145.0,145.0,145.0,145.0,0.0,10.0,345.0,254.0
DHPL,2/7/2018,145.0,144.0,142.0,143.0,-1.38,123.0,345.0,254.0
DHPL,2/8/2018,143.0,142.0,140.0,142.0,-0.7,227.0,345.0,254.0
DHPL,2/11/2018,142.0,146.0,142.0,146.0,2.82,155.0,345.0,254.0
DHPL,2/12/2018,146.0,144.0,138.0,138.0,-5.48,85.0,345.0,254.0
DHPL,2/14/2018,138.0,138.0,136.0,138.0,0.0,54.0,345.0,254.0
DHPL,2/15/2018,138.0,142.0,136.0,140.0,1.45,123.0,345.0,254.0
DHPL,2/18/2018,140.0,140.0,138.0,138.0,-1.43,166.0,345.0,254.0
DHPL,2/20/2018,140.0,140.0,140.0,140.0,1.45,43.0,345.0,254.0
DHPL,2/21/2018,142.0,142.0,140.0,140.0,0.0,54.0,345.0,254.0
DHPL,2/22/2018,138.0,140.0,136.0,136.0,-2.86,633.0,345.0,254.0
DHPL,2/25/2018,136.0,136.0,134.0,136.0,0.0,230.0,345.0,254.0
DHPL,2/26/2018,134.0,134.0,132.0,132.0,-2.94,31.0,345.0,254.0
DHPL,2/27/2018,132.0,132.0,132.0,132.0,0.0,10.0,345.0,254.0
DHPL,2/28/2018,134.0,135.0,134.0,134.0,1.52,60.0,345.0,254.0
DHPL,3/4/2018,132.0,132.0,132.0,132.0,-1.49,22.0,345.0,254.0
DHPL,3/5/2018,130.0,130.0,130.0,130.0,-1.52,11.0,345.0,254.0
DHPL,3/6/2018,128.0,128.0,128.0,128.0,-1.54,20.0,345.0,254.0
DHPL,3/7/2018,127.0,127.0,127.0,127.0,-0.78,53.0,345.0,254.0
DHPL,3/11/2018,125.0,125.0,121.0,121.0,-4.72,54.0,345.0,254.0
DHPL,3/12/2018,121.0,121.0,121.0,121.0,0.0,207.0,345.0,254.0
DHPL,3/13/2018,121.0,121.0,121.0,121.0,0.0,11.0,345.0,254.0
DHPL,3/14/2018,120.0,120.0,120.0,120.0,-0.83,11.0,345.0,254.0
DHPL,3/15/2018,121.0,121.0,121.0,121.0,0.83,33.0,345.0,254.0
DHPL,3/18/2018,120.0,122.0,120.0,122.0,0.83,72.0,345.0,254.0
DHPL,3/19/2018,122.0,125.0,122.0,122.0,0.0,80.0,345.0,254.0
DHPL,3/20/2018,120.0,120.0,120.0,120.0,-1.64,71.0,345.0,254.0
DHPL,3/21/2018,120.0,122.0,120.0,122.0,1.67,40.0,345.0,254.0
DHPL,3/26/2018,122.0,122.0,120.0,120.0,-1.64,710.0,345.0,254.0
DHPL,3/27/2018,120.0,120.0,120.0,120.0,0.0,31.0,345.0,254.0
DHPL,3/29/2018,121.0,121.0,120.0,121.0,0.83,421.0,345.0,254.0
DHPL,4/1/2018,121.0,124.0,121.0,124.0,2.48,83.0,345.0,254.0
DHPL,4/2/2018,126.0,128.0,126.0,128.0,3.23,54.0,345.0,254.0
DHPL,4/3/2018,128.0,130.0,126.0,130.0,1.56,101.0,345.0,254.0
DHPL,4/4/2018,129.0,129.0,129.0,129.0,-0.77,10.0,345.0,254.0
DHPL,4/5/2018,131.0,131.0,131.0,131.0,1.55,10.0,345.0,254.0
DHPL,4/8/2018,133.0,133.0,131.0,131.0,0.0,62.0,345.0,254.0
DHPL,4/10/2018,129.0,129.0,129.0,129.0,-1.53,11.0,345.0,254.0
DHPL,4/11/2018,131.0,130.0,130.0,130.0,0.78,11.0,345.0,254.0
DHPL,4/15/2018,128.0,129.0,128.0,129.0,-0.77,31.0,345.0,254.0
DHPL,4/16/2018,129.0,129.0,128.0,129.0,0.0,51.0,345.0,254.0
DHPL,4/18/2018,129.0,133.0,129.0,133.0,3.1,80.0,345.0,254.0
DHPL,4/19/2018,131.0,133.0,131.0,131.0,-1.5,155.0,345.0,254.0
DHPL,4/22/2018,133.0,138.0,133.0,138.0,5.34,788.0,345.0,254.0
DHPL,4/23/2018,137.0,137.0,135.0,135.0,-2.17,220.0,345.0,254.0
DHPL,4/24/2018,135.0,137.0,135.0,137.0,1.48,120.0,345.0,254.0
DHPL,4/25/2018,135.0,135.0,133.0,133.0,-2.92,21.0,345.0,254.0
DHPL,4/29/2018,131.0,131.0,129.0,131.0,-1.5,121.0,345.0,254.0
DHPL,5/2/2018,129.0,129.0,129.0,129.0,-1.53,154.0,345.0,254.0
DHPL,5/3/2018,127.0,127.0,125.0,125.0,-3.1,562.0,345.0,254.0
DHPL,5/6/2018,123.0,123.0,120.0,120.0,-4.0,447.0,345.0,254.0
DHPL,5/7/2018,118.0,122.0,118.0,122.0,1.67,294.0,345.0,254.0
DHPL,5/8/2018,124.0,124.0,120.0,122.0,0.0,104.0,345.0,254.0
DHPL,5/9/2018,120.0,121.0,120.0,121.0,-0.82,31.0,345.0,254.0
DHPL,5/10/2018,119.0,120.0,119.0,120.0,-0.83,111.0,345.0,254.0
DHPL,5/14/2018,118.0,120.0,117.0,118.0,-1.67,229.0,345.0,254.0
DHPL,5/15/2018,116.0,116.0,114.0,116.0,-1.69,31.0,345.0,254.0
DHPL,5/17/2018,114.0,114.0,114.0,114.0,-1.72,11.0,345.0,254.0
DHPL,5/20/2018,115.0,119.0,115.0,117.0,2.63,42.0,345.0,254.0
DHPL,5/21/2018,115.0,116.0,115.0,116.0,-0.85,82.0,345.0,254.0
DHPL,5/22/2018,118.0,118.0,114.0,116.0,0.0,74.0,345.0,254.0
DHPL,5/23/2018,115.0,115.0,115.0,115.0,-0.86,11.0,345.0,254.0
DHPL,5/24/2018,115.0,115.0,114.0,114.0,-0.87,91.0,345.0,254.0
DHPL,5/27/2018,112.0,114.0,112.0,114.0,0.0,101.0,345.0,254.0
DHPL,5/28/2018,112.0,112.0,112.0,112.0,-1.75,10.0,345.0,254.0
DHPL,5/29/2018,113.0,115.0,113.0,115.0,2.68,21.0,345.0,254.0
DHPL,5/30/2018,115.0,118.0,115.0,117.0,1.74,103.0,345.0,254.0
DHPL,5/31/2018,117.0,117.0,115.0,115.0,-1.71,33.0,345.0,254.0
DHPL,6/3/2018,113.0,113.0,112.0,112.0,-2.61,120.0,345.0,254.0
DHPL,6/4/2018,113.0,113.0,111.0,113.0,0.89,43.0,345.0,254.0
DHPL,6/7/2018,113.0,115.0,113.0,115.0,1.77,108.0,345.0,254.0
DHPL,6/11/2018,113.0,113.0,113.0,113.0,-1.74,51.0,345.0,254.0
DHPL,6/12/2018,111.0,111.0,111.0,111.0,-1.77,44.0,345.0,254.0
DHPL,6/13/2018,109.0,109.0,108.0,109.0,-1.8,65.0,345.0,254.0
DHPL,6/14/2018,110.0,119.0,108.0,117.0,7.34,1691.0,345.0,254.0
DHPL,6/17/2018,119.0,119.0,113.0,113.0,-3.42,433.0,345.0,254.0
DHPL,6/18/2018,111.0,113.0,111.0,113.0,0.0,320.0,345.0,254.0
DHPL,6/19/2018,111.0,111.0,109.0,110.0,-2.65,275.0,345.0,254.0
DHPL,6/20/2018,112.0,112.0,112.0,112.0,1.82,200.0,345.0,254.0
DHPL,6/21/2018,110.0,112.0,110.0,110.0,-1.79,172.0,345.0,254.0
DHPL,6/24/2018,108.0,110.0,108.0,110.0,0.0,131.0,345.0,254.0
DHPL,6/25/2018,108.0,112.0,108.0,110.0,0.0,90.0,345.0,254.0
DHPL,6/26/2018,108.0,110.0,108.0,108.0,-1.82,540.0,345.0,254.0
DHPL,6/27/2018,110.0,112.0,110.0,112.0,3.7,75.0,345.0,254.0
DHPL,6/28/2018,111.0,112.0,109.0,112.0,0.0,636.0,345.0,254.0
DHPL,7/1/2018,110.0,110.0,110.0,110.0,-1.79,33.0,345.0,254.0
DHPL,7/2/2018,110.0,111.0,108.0,111.0,0.91,439.0,345.0,254.0
DHPL,7/3/2018,110.0,112.0,108.0,108.0,-2.7,51.0,345.0,254.0
DHPL,7/4/2018,108.0,111.0,108.0,111.0,2.78,74.0,345.0,254.0
DHPL,7/5/2018,110.0,113.0,110.0,113.0,1.8,63.0,345.0,254.0
DHPL,7/8/2018,113.0,113.0,111.0,112.0,-0.88,53.0,345.0,254.0
DHPL,7/9/2018,113.0,113.0,109.0,110.0,-1.79,63.0,345.0,254.0
DHPL,7/10/2018,110.0,112.0,108.0,110.0,0.0,92.0,345.0,254.0
DHPL,7/11/2018,110.0,113.0,110.0,113.0,2.73,43.0,345.0,254.0
DHPL,7/12/2018,111.0,111.0,110.0,110.0,-2.65,600.0,345.0,254.0
DHPL,7/15/2018,108.0,108.0,108.0,108.0,-1.82,11.0,345.0,254.0
DHPL,7/17/2018,107.0,107.0,107.0,107.0,-0.93,21.0,345.0,254.0
DHPL,7/18/2018,106.0,108.0,106.0,108.0,0.93,31.0,345.0,254.0
DHPL,7/19/2018,107.0,107.0,107.0,107.0,-0.93,41.0,345.0,254.0
DHPL,7/22/2018,105.0,105.0,105.0,105.0,-1.87,46.0,345.0,254.0
DHPL,7/23/2018,104.0,104.0,103.0,103.0,-1.9,752.0,345.0,254.0
DHPL,7/24/2018,103.0,105.0,103.0,103.0,0.0,218.0,345.0,254.0
DHPL,7/25/2018,103.0,104.0,103.0,104.0,0.97,20.0,345.0,254.0
DHPL,7/26/2018,104.0,104.0,104.0,104.0,0.0,30.0,345.0,254.0
DHPL,7/31/2018,103.0,106.0,103.0,106.0,1.92,148.0,345.0,254.0
DHPL,8/1/2018,108.0,108.0,106.0,106.0,0.0,111.0,345.0,254.0
DHPL,8/2/2018,105.0,105.0,105.0,105.0,-0.94,30.0,345.0,254.0
DHPL,8/5/2018,103.0,107.0,103.0,107.0,1.9,172.0,345.0,254.0
DHPL,8/6/2018,106.0,106.0,106.0,106.0,-0.93,20.0,345.0,254.0
DHPL,8/7/2018,106.0,106.0,106.0,106.0,0.0,100.0,345.0,254.0
DHPL,8/8/2018,104.0,104.0,102.0,104.0,-1.89,136.0,345.0,254.0
DHPL,8/9/2018,105.0,105.0,103.0,103.0,-0.96,21.0,345.0,254.0
DHPL,8/12/2018,104.0,104.0,103.0,103.0,0.0,40.0,345.0,254.0
DHPL,8/13/2018,105.0,105.0,105.0,105.0,1.94,10.0,345.0,254.0
DHPL,8/14/2018,107.0,107.0,105.0,105.0,0.0,30.0,345.0,254.0
DHPL,8/15/2018,105.0,105.0,105.0,105.0,0.0,21.0,345.0,254.0
DHPL,8/16/2018,105.0,105.0,104.0,105.0,0.0,73.0,345.0,254.0
DHPL,8/20/2018,105.0,106.0,103.0,104.0,-0.95,115.0,345.0,254.0
DHPL,8/21/2018,102.0,106.0,102.0,104.0,0.0,151.0,345.0,254.0
DHPL,8/29/2018,102.0,102.0,102.0,102.0,-1.92,40.0,345.0,254.0
DHPL,8/30/2018,102.0,102.0,102.0,102.0,0.0,30.0,345.0,254.0
DHPL,9/2/2018,101.0,106.0,101.0,106.0,3.92,142.0,345.0,254.0
DHPL,9/3/2018,107.0,107.0,105.0,105.0,-0.94,159.0,345.0,254.0
DHPL,9/4/2018,105.0,105.0,103.0,103.0,-1.9,31.0,345.0,254.0
DHPL,9/5/2018,102.0,102.0,102.0,102.0,-0.97,20.0,345.0,254.0
DHPL,9/6/2018,104.0,104.0,103.0,103.0,0.98,60.0,345.0,254.0
DHPL,9/9/2018,102.0,102.0,102.0,102.0,-0.97,92.0,345.0,254.0
DHPL,9/10/2018,103.0,103.0,101.0,101.0,-0.98,22.0,345.0,254.0
DHPL,9/11/2018,103.0,103.0,103.0,103.0,1.98,100.0,345.0,254.0
DHPL,9/12/2018,105.0,105.0,103.0,105.0,1.94,62.0,345.0,254.0
DHPL,9/13/2018,107.0,107.0,105.0,107.0,1.9,596.0,345.0,254.0
DHPL,9/16/2018,105.0,105.0,105.0,105.0,-1.87,43.0,345.0,254.0
DHPL,9/23/2018,105.0,107.0,103.0,107.0,1.9,442.0,345.0,254.0
DHPL,9/25/2018,105.0,105.0,103.0,104.0,-2.8,53.0,345.0,254.0
DHPL,9/26/2018,102.0,104.0,102.0,104.0,0.0,86.0,345.0,254.0
DHPL,9/27/2018,102.0,105.0,102.0,103.0,-0.96,115.0,345.0,254.0
DHPL,9/30/2018,101.0,103.0,101.0,103.0,0.0,92.0,345.0,254.0
DHPL,10/1/2018,101.0,102.0,101.0,102.0,-0.97,165.0,345.0,254.0
DHPL,10/2/2018,100.0,100.0,100.0,100.0,-1.96,30.0,345.0,254.0
DHPL,10/3/2018,100.0,100.0,100.0,100.0,0.0,20.0,345.0,254.0
DHPL,10/4/2018,100.0,100.0,99.0,100.0,0.0,52.0,345.0,254.0
DHPL,10/7/2018,100.0,101.0,100.0,101.0,1.0,93.0,345.0,254.0
DHPL,10/9/2018,99.0,100.0,99.0,100.0,-0.99,63.0,345.0,254.0
DHPL,10/10/2018,100.0,102.0,100.0,102.0,2.0,20.0,345.0,254.0
DHPL,10/11/2018,100.0,100.0,100.0,100.0,-1.96,20.0,345.0,254.0
DHPL,10/14/2018,98.0,98.0,98.0,98.0,-2.0,100.0,345.0,254.0
DHPL,10/21/2018,98.0,100.0,98.0,99.0,1.02,65.0,345.0,254.0
DHPL,10/22/2018,100.0,100.0,100.0,100.0,1.01,10.0,345.0,254.0
DHPL,10/23/2018,100.0,101.0,100.0,101.0,1.0,42.0,345.0,254.0
DHPL,10/24/2018,100.0,100.0,100.0,100.0,-0.99,21.0,345.0,254.0
DHPL,10/25/2018,102.0,102.0,100.0,100.0,0.0,113.0,345.0,254.0
DHPL,10/28/2018,98.0,98.0,97.0,97.0,-3.0,700.0,345.0,254.0
DHPL,10/29/2018,97.0,97.0,96.0,97.0,0.0,151.0,345.0,254.0
DHPL,10/30/2018,96.0,98.0,96.0,98.0,1.03,61.0,345.0,254.0
DHPL,10/31/2018,97.0,97.0,95.0,95.0,-3.06,220.0,345.0,254.0
DHPL,11/1/2018,94.0,96.0,94.0,96.0,1.05,30.0,345.0,254.0
DHPL,11/4/2018,97.0,97.0,96.0,96.0,0.0,62.0,345.0,254.0
DHPL,11/5/2018,95.0,95.0,95.0,95.0,-1.04,10.0,345.0,254.0
DHPL,11/12/2018,95.0,96.0,95.0,96.0,1.05,20.0,345.0,254.0
DHPL,11/13/2018,97.0,97.0,96.0,97.0,1.04,72.0,345.0,254.0
DHPL,11/15/2018,96.0,97.0,96.0,97.0,0.0,22.0,345.0,254.0
DHPL,11/19/2018,97.0,97.0,97.0,97.0,0.0,66.0,345.0,254.0
DHPL,11/21/2018,96.0,96.0,96.0,96.0,-1.03,21.0,345.0,254.0
DHPL,11/25/2018,96.0,96.0,96.0,96.0,0.0,22.0,345.0,254.0
DHPL,11/28/2018,95.0,95.0,95.0,95.0,-1.04,32.0,345.0,254.0
DHPL,12/3/2018,95.0,96.0,94.0,94.0,-1.05,745.0,345.0,254.0
DHPL,12/4/2018,93.0,95.0,93.0,93.0,-1.06,284.0,345.0,254.0
DHPL,12/5/2018,93.0,96.0,93.0,96.0,3.23,365.0,345.0,254.0
DHPL,12/6/2018,95.0,97.0,95.0,97.0,1.04,42.0,345.0,254.0
DHPL,12/10/2018,97.0,97.0,97.0,97.0,0.0,42.0,345.0,254.0
DHPL,12/11/2018,98.0,98.0,98.0,98.0,1.03,50.0,345.0,254.0
DHPL,12/19/2018,99.0,99.0,99.0,99.0,1.02,30.0,345.0,254.0
DHPL,12/25/2018,99.0,100.0,98.0,100.0,1.01,203.0,345.0,254.0
DHPL,12/26/2018,98.0,102.0,98.0,102.0,2.0,98.0,345.0,254.0
DHPL,12/27/2018,100.0,100.0,99.0,99.0,-2.94,1150.0,345.0,254.0
DHPL,12/30/2018,98.0,99.0,98.0,99.0,0.0,371.0,345.0,254.0
DHPL,12/31/2018,98.0,98.0,98.0,98.0,-1.01,280.0,345.0,254.0
DHPL,1/1/2019,98.0,98.0,98.0,98.0,0.0,11.0,345.0,254.0
DHPL,1/2/2019,99.0,99.0,99.0,99.0,1.02,11.0,345.0,254.0
DHPL,1/3/2019,100.0,100.0,100.0,100.0,1.01,149.0,345.0,254.0
DHPL,1/9/2019,102.0,102.0,102.0,102.0,2.0,51.0,345.0,254.0
DHPL,1/14/2019,101.0,101.0,101.0,101.0,-0.98,211.0,345.0,254.0
DHPL,1/17/2019,99.0,99.0,99.0,99.0,-1.98,10.0,345.0,254.0
DHPL,1/23/2019,99.0,100.0,98.0,100.0,1.01,80.0,345.0,254.0
DHPL,1/24/2019,100.0,100.0,100.0,100.0,0.0,10.0,345.0,254.0
DHPL,1/28/2019,100.0,100.0,99.0,99.0,-1.0,32.0,345.0,254.0
DHPL,1/30/2019,98.0,98.0,98.0,98.0,-1.01,32.0,345.0,254.0
DHPL,2/7/2019,97.0,97.0,97.0,97.0,-1.02,20.0,345.0,254.0
DHPL,2/11/2019,96.0,96.0,96.0,96.0,-1.03,100.0,345.0,254.0
DHPL,2/12/2019,96.0,96.0,96.0,96.0,0.0,20.0,345.0,254.0
DHPL,2/13/2019,96.0,96.0,96.0,96.0,0.0,10.0,345.0,254.0
DHPL,2/14/2019,95.0,95.0,94.0,94.0,-2.08,44.0,345.0,254.0
DHPL,2/17/2019,93.0,93.0,92.0,92.0,-2.13,176.0,345.0,254.0
DHPL,2/19/2019,91.0,91.0,91.0,91.0,-1.09,20.0,345.0,254.0
DHPL,2/24/2019,90.0,90.0,89.0,89.0,-2.2,52.0,345.0,254.0
DHPL,2/26/2019,88.0,88.0,88.0,88.0,-1.12,30.0,345.0,254.0
DHPL,2/27/2019,88.0,88.0,88.0,88.0,0.0,62.0,345.0,254.0
DHPL,3/3/2019,88.0,88.0,87.0,87.0,-1.14,30.0,345.0,254.0
DHPL,3/5/2019,88.0,88.0,88.0,88.0,1.15,11.0,345.0,254.0
DHPL,3/6/2019,87.0,87.0,87.0,87.0,-1.14,10.0,345.0,254.0
DHPL,3/11/2019,86.0,86.0,85.0,85.0,-2.3,73.0,345.0,254.0
DHPL,3/12/2019,85.0,87.0,85.0,87.0,2.35,83.0,345.0,254.0
DHPL,3/13/2019,87.0,88.0,87.0,88.0,1.15,51.0,345.0,254.0
DHPL,3/14/2019,89.0,92.0,89.0,90.0,2.27,163.0,345.0,254.0
DHPL,3/21/2019,90.0,92.0,90.0,92.0,2.22,147.0,345.0,254.0
DHPL,3/24/2019,92.0,94.0,92.0,94.0,2.17,194.0,345.0,254.0
DHPL,3/25/2019,93.0,95.0,93.0,95.0,1.06,84.0,345.0,254.0
DHPL,3/27/2019,93.0,93.0,92.0,92.0,-3.16,21.0,345.0,254.0
DHPL,3/28/2019,92.0,93.0,92.0,93.0,1.09,91.0,345.0,254.0
DHPL,4/1/2019,91.0,91.0,90.0,90.0,-3.23,55.0,345.0,254.0
DHPL,4/2/2019,89.0,90.0,88.0,88.0,-2.22,150.0,345.0,254.0
DHPL,4/3/2019,87.0,88.0,87.0,88.0,0.0,31.0,345.0,254.0
DHPL,4/4/2019,87.0,87.0,86.0,86.0,-2.27,43.0,345.0,254.0
DHPL,4/7/2019,85.0,85.0,85.0,85.0,-1.16,10.0,345.0,254.0
DHPL,4/8/2019,85.0,85.0,84.0,84.0,-1.18,31.0,345.0,254.0
DHPL,4/9/2019,84.0,84.0,84.0,84.0,0.0,11.0,345.0,254.0
DHPL,4/10/2019,83.0,83.0,83.0,83.0,-1.19,20.0,345.0,254.0
DHPL,4/11/2019,82.0,83.0,81.0,83.0,0.0,243.0,345.0,254.0
DHPL,4/15/2019,83.0,83.0,83.0,83.0,0.0,10.0,345.0,254.0
DHPL,4/17/2019,82.0,82.0,82.0,82.0,-1.2,31.0,345.0,254.0
DHPL,4/21/2019,82.0,82.0,82.0,82.0,0.0,44.0,345.0,254.0
DHPL,4/23/2019,82.0,82.0,82.0,82.0,0.0,54.0,345.0,254.0
DHPL,4/24/2019,81.0,82.0,81.0,82.0,0.0,136.0,345.0,254.0
DHPL,4/30/2019,81.0,81.0,80.0,80.0,-2.44,106.0,345.0,254.0
DHPL,5/2/2019,80.0,80.0,80.0,80.0,0.0,92.0,345.0,254.0
DHPL,5/5/2019,79.0,81.0,79.0,80.0,0.0,70.0,345.0,254.0
DHPL,5/6/2019,80.0,81.0,80.0,80.0,0.0,72.0,345.0,254.0
DHPL,5/7/2019,81.0,81.0,80.0,80.0,0.0,51.0,345.0,254.0
DHPL,5/8/2019,79.0,79.0,79.0,79.0,-1.25,21.0,345.0,254.0
DHPL,5/9/2019,78.0,79.0,77.0,77.0,-2.53,243.0,345.0,254.0
DHPL,5/13/2019,76.0,76.0,76.0,76.0,-1.3,11.0,345.0,254.0
DHPL,5/14/2019,76.0,76.0,76.0,76.0,0.0,44.0,345.0,254.0
DHPL,5/15/2019,76.0,76.0,74.0,74.0,-2.63,221.0,345.0,254.0
DHPL,5/16/2019,73.0,73.0,73.0,73.0,-1.35,65.0,345.0,254.0
DHPL,5/19/2019,72.0,72.0,71.0,72.0,-1.37,1214.0,345.0,254.0
DHPL,5/20/2019,71.0,73.0,70.0,71.0,-1.39,214.0,345.0,254.0
DHPL,5/21/2019,71.0,71.0,70.0,70.0,-1.41,354.0,345.0,254.0
DHPL,5/22/2019,71.0,74.0,69.0,74.0,5.71,3826.0,345.0,254.0
DHPL,5/23/2019,75.0,75.0,72.0,72.0,-2.7,235.0,345.0,254.0
DHPL,5/26/2019,71.0,72.0,71.0,71.0,-1.39,441.0,345.0,254.0
DHPL,5/27/2019,70.0,70.0,69.0,69.0,-2.82,653.0,345.0,254.0
DHPL,5/28/2019,70.0,70.0,65.0,66.0,-4.35,2748.0,345.0,254.0
DHPL,5/29/2019,67.0,69.0,66.0,68.0,3.03,1512.0,345.0,254.0
DHPL,5/30/2019,69.0,72.0,68.0,68.0,0.0,4458.0,345.0,254.0
DHPL,6/2/2019,68.0,69.0,68.0,68.0,0.0,131.0,345.0,254.0
DHPL,6/3/2019,69.0,70.0,69.0,69.0,1.47,2784.0,345.0,254.0
DHPL,6/4/2019,68.0,68.0,68.0,68.0,-1.45,10.0,345.0,254.0
DHPL,6/6/2019,67.0,70.0,67.0,70.0,2.94,51.0,345.0,254.0
DHPL,6/10/2019,71.0,71.0,69.0,69.0,-1.43,230.0,345.0,254.0
DHPL,6/11/2019,70.0,73.0,70.0,73.0,5.8,1680.0,345.0,254.0
DHPL,6/12/2019,74.0,75.0,74.0,75.0,2.74,170.0,345.0,254.0
DHPL,6/13/2019,76.0,77.0,76.0,77.0,2.67,21.0,345.0,254.0
DHPL,6/16/2019,76.0,76.0,75.0,75.0,-2.6,210.0,345.0,254.0
DHPL,6/17/2019,75.0,75.0,74.0,74.0,-1.33,240.0,345.0,254.0
DHPL,6/18/2019,73.0,74.0,73.0,73.0,-1.35,610.0,345.0,254.0
DHPL,6/19/2019,72.0,72.0,71.0,71.0,-2.74,1701.0,345.0,254.0
DHPL,6/20/2019,71.0,71.0,71.0,71.0,0.0,10.0,345.0,254.0
DHPL,6/23/2019,70.0,70.0,69.0,69.0,-2.82,83.0,345.0,254.0
DHPL,6/24/2019,68.0,68.0,68.0,68.0,-1.45,43.0,345.0,254.0
DHPL,6/25/2019,68.0,69.0,68.0,68.0,0.0,40.0,345.0,254.0
DHPL,6/26/2019,68.0,68.0,67.0,68.0,0.0,91.0,345.0,254.0
DHPL,6/27/2019,67.0,67.0,67.0,67.0,-1.47,30.0,345.0,254.0
DHPL,6/30/2019,68.0,68.0,68.0,68.0,1.49,907.0,345.0,254.0
DHPL,7/1/2019,67.0,68.0,67.0,67.0,-1.47,130.0,345.0,254.0
DHPL,7/2/2019,66.0,66.0,66.0,66.0,-1.49,22.0,345.0,254.0
DHPL,7/3/2019,66.0,67.0,65.0,66.0,0.0,2829.0,345.0,254.0
DHPL,7/4/2019,65.0,66.0,65.0,65.0,-1.52,3033.0,345.0,254.0
DHPL,7/7/2019,66.0,71.0,65.0,71.0,9.23,1162.0,345.0,254.0
DHPL,7/8/2019,72.0,75.0,72.0,73.0,2.82,186.0,345.0,254.0
DHPL,7/9/2019,72.0,76.0,70.0,74.0,1.37,1631.0,345.0,254.0
DHPL,7/10/2019,75.0,76.0,73.0,73.0,-1.35,242.0,345.0,254.0
DHPL,7/11/2019,72.0,73.0,70.0,72.0,-1.37,507.0,345.0,254.0
DHPL,7/14/2019,72.0,74.0,72.0,74.0,2.78,253.0,345.0,254.0
DHPL,7/15/2019,75.0,75.0,75.0,75.0,1.35,11.0,345.0,254.0
DHPL,7/16/2019,78.0,78.0,78.0,78.0,4.0,20.0,345.0,254.0
DHPL,7/17/2019,81.0,81.0,71.0,71.0,-8.97,840.0,345.0,254.0
DHPL,7/18/2019,74.0,74.0,74.0,74.0,4.23,20.0,345.0,254.0
DHPL,7/21/2019,73.0,73.0,69.0,69.0,-6.76,186.0,345.0,254.0
DHPL,7/22/2019,69.0,70.0,68.0,69.0,0.0,610.0,345.0,254.0
DHPL,7/23/2019,72.0,72.0,64.0,64.0,-7.25,5848.0,345.0,254.0
DHPL,7/24/2019,65.0,69.0,65.0,69.0,7.81,854.0,345.0,254.0
DHPL,7/25/2019,69.0,69.0,67.0,68.0,-1.45,331.0,345.0,254.0
DHPL,7/28/2019,67.0,67.0,66.0,66.0,-2.94,60.0,345.0,254.0
DHPL,7/29/2019,65.0,65.0,65.0,65.0,-1.52,390.0,345.0,254.0
DHPL,7/30/2019,64.0,67.0,63.0,64.0,-1.54,501.0,345.0,254.0
DHPL,7/31/2019,63.0,64.0,63.0,64.0,0.0,5620.0,345.0,254.0
DHPL,8/1/2019,65.0,70.0,65.0,69.0,7.81,1251.0,345.0,254.0
DHPL,8/4/2019,70.0,70.0,65.0,69.0,0.0,1075.0,345.0,254.0
DHPL,8/5/2019,68.0,68.0,64.0,66.0,-4.35,5335.0,345.0,254.0
DHPL,8/6/2019,65.0,66.0,65.0,66.0,0.0,86.0,345.0,254.0
DHPL,8/7/2019,66.0,66.0,66.0,66.0,0.0,10.0,345.0,254.0
DHPL,8/8/2019,65.0,65.0,65.0,65.0,-1.52,31.0,345.0,254.0
DHPL,8/11/2019,64.0,64.0,63.0,63.0,-3.08,132.0,345.0,254.0
DHPL,8/12/2019,62.0,63.0,62.0,63.0,0.0,88.0,345.0,254.0
DHPL,8/13/2019,62.0,62.0,62.0,62.0,-1.59,130.0,345.0,254.0
DHPL,8/14/2019,62.0,63.0,62.0,62.0,0.0,460.0,345.0,254.0
DHPL,8/15/2019,61.0,61.0,61.0,61.0,-1.61,11.0,345.0,254.0
DHPL,8/18/2019,60.0,60.0,60.0,60.0,-1.64,21.0,345.0,254.0
DHPL,8/19/2019,61.0,61.0,59.0,60.0,0.0,1981.0,345.0,254.0
DHPL,8/20/2019,60.0,60.0,57.0,57.0,-5.0,193.0,345.0,254.0
DHPL,8/21/2019,56.0,57.0,55.0,57.0,0.0,5958.0,345.0,254.0
DHPL,8/22/2019,56.0,60.0,55.0,60.0,5.26,690.0,345.0,254.0
DHPL,8/25/2019,60.0,60.0,56.0,58.0,-3.33,521.0,345.0,254.0
DHPL,8/26/2019,59.0,59.0,58.0,58.0,0.0,2240.0,345.0,254.0
DHPL,8/27/2019,58.0,63.0,58.0,61.0,5.17,610.0,345.0,254.0
DHPL,8/28/2019,60.0,60.0,58.0,58.0,-4.92,320.0,345.0,254.0
DHPL,8/29/2019,57.0,57.0,55.0,57.0,-1.72,2573.0,345.0,254.0
DHPL,9/1/2019,56.0,56.0,55.0,55.0,-3.51,300.0,345.0,254.0
DHPL,9/2/2019,54.0,58.0,53.0,58.0,5.45,281.0,345.0,254.0
DHPL,9/3/2019,58.0,58.0,57.0,58.0,0.0,510.0,345.0,254.0
DHPL,9/4/2019,59.0,60.0,59.0,59.0,1.72,70.0,345.0,254.0
DHPL,9/5/2019,60.0,61.0,58.0,61.0,3.39,1095.0,345.0,254.0
DHPL,9/8/2019,60.0,61.0,60.0,61.0,0.0,81.0,345.0,254.0
DHPL,9/9/2019,60.0,61.0,60.0,60.0,-1.64,110.0,345.0,254.0
DHPL,9/10/2019,60.0,60.0,58.0,58.0,-3.33,55.0,345.0,254.0
DHPL,9/11/2019,59.0,59.0,53.0,55.0,-5.17,1564.0,345.0,254.0
DHPL,9/12/2019,56.0,56.0,55.0,55.0,0.0,70.0,345.0,254.0
DHPL,9/15/2019,54.0,54.0,51.0,52.0,-5.45,790.0,345.0,254.0
DHPL,9/16/2019,51.0,51.0,50.0,51.0,-1.92,170.0,345.0,254.0
DHPL,9/17/2019,50.0,53.0,50.0,53.0,3.92,2733.0,345.0,254.0
DHPL,9/18/2019,54.0,57.0,54.0,57.0,7.55,1301.0,345.0,254.0
DHPL,9/19/2019,56.0,58.0,56.0,58.0,1.75,79.0,345.0,254.0
DHPL,9/22/2019,57.0,57.0,57.0,57.0,-1.72,20.0,345.0,254.0
DHPL,9/23/2019,56.0,56.0,56.0,56.0,-1.75,10.0,345.0,254.0
DHPL,9/25/2019,55.0,56.0,55.0,56.0,0.0,21.0,345.0,254.0
DHPL,9/26/2019,55.0,55.0,55.0,55.0,-1.79,300.0,345.0,254.0
DHPL,9/30/2019,56.0,56.0,55.0,55.0,0.0,80.0,345.0,254.0
DHPL,10/14/2019,54.0,54.0,54.0,54.0,-1.82,10.0,345.0,254.0
DHPL,10/16/2019,54.0,56.0,54.0,56.0,3.7,31.0,345.0,254.0
DHPL,10/17/2019,57.0,58.0,57.0,58.0,3.57,60.0,345.0,254.0
DHPL,10/20/2019,57.0,57.0,56.0,57.0,-1.72,330.0,345.0,254.0
DHPL,10/21/2019,56.0,56.0,56.0,56.0,-1.75,560.0,345.0,254.0
DHPL,10/22/2019,55.0,56.0,55.0,56.0,0.0,164.0,345.0,254.0
DHPL,10/23/2019,55.0,55.0,53.0,53.0,-5.36,32.0,345.0,254.0
DHPL,10/24/2019,53.0,54.0,52.0,54.0,1.89,1242.0,345.0,254.0
DHPL,11/3/2019,53.0,53.0,53.0,53.0,-1.85,10.0,345.0,254.0
DHPL,11/4/2019,52.0,52.0,52.0,52.0,-1.89,10.0,345.0,254.0
DHPL,11/5/2019,51.0,51.0,49.0,49.0,-5.77,41.0,345.0,254.0
DHPL,11/6/2019,49.0,49.0,49.0,49.0,0.0,10.0,345.0,254.0
DHPL,11/10/2019,49.0,49.0,49.0,49.0,0.0,10.0,345.0,254.0
DHPL,11/11/2019,49.0,49.0,49.0,49.0,0.0,10.0,345.0,254.0
DHPL,11/12/2019,49.0,49.0,49.0,49.0,0.0,264.0,345.0,254.0
DHPL,11/14/2019,50.0,53.0,50.0,52.0,6.12,481.0,345.0,254.0
DHPL,11/17/2019,51.0,51.0,50.0,50.0,-3.85,64.0,345.0,254.0
DHPL,11/18/2019,50.0,51.0,50.0,50.0,0.0,40.0,345.0,254.0
DHPL,11/19/2019,50.0,50.0,49.0,49.0,-2.0,206.0,345.0,254.0
DHPL,11/20/2019,49.0,49.0,49.0,49.0,0.0,21.0,345.0,254.0
DHPL,11/21/2019,49.0,49.0,49.0,49.0,0.0,316.0,345.0,254.0
DHPL,11/24/2019,49.0,49.0,49.0,49.0,0.0,43.0,345.0,254.0
DHPL,11/25/2019,49.0,49.0,49.0,49.0,0.0,1491.0,345.0,254.0
DHPL,11/26/2019,49.0,49.0,49.0,49.0,0.0,11.0,345.0,254.0
DHPL,11/27/2019,49.0,49.0,49.0,49.0,0.0,31.0,345.0,254.0
DHPL,11/28/2019,49.0,49.0,49.0,49.0,0.0,22.0,345.0,254.0
DHPL,12/1/2019,49.98,50.0,49.0,49.0,0.0,103.0,345.0,254.0
DHPL,12/2/2019,49.0,49.01,49.0,49.01,0.02,20.0,345.0,254.0
DHPL,12/3/2019,49.99,53.0,49.99,53.0,8.14,150.0,345.0,254.0
DHPL,12/4/2019,54.0,58.0,53.0,57.0,7.55,397.0,345.0,254.0
DHPL,12/5/2019,56.0,56.0,53.0,53.0,-7.02,2330.0,345.0,254.0
DHPL,12/8/2019,53.0,53.0,52.0,52.0,-1.89,849.0,345.0,254.0
DHPL,12/9/2019,53.0,54.0,53.0,54.0,3.85,595.0,345.0,254.0
DHPL,12/10/2019,55.0,56.0,55.0,56.0,3.7,21.0,345.0,254.0
DHPL,12/11/2019,57.0,58.0,57.0,58.0,3.57,20.0,345.0,254.0
DHPL,12/12/2019,59.0,59.0,56.0,56.0,-3.45,1114.0,345.0,254.0
DHPL,12/15/2019,55.0,55.0,55.0,55.0,-1.79,11.0,345.0,254.0
DHPL,12/16/2019,55.0,58.0,54.0,58.0,5.45,651.0,345.0,254.0
DHPL,12/17/2019,57.0,57.0,54.0,54.0,-6.9,2792.0,345.0,254.0
DHPL,12/18/2019,55.0,59.0,55.0,59.0,9.26,50.0,345.0,254.0
DHPL,12/19/2019,58.0,58.0,55.0,55.0,-6.78,1136.0,345.0,254.0
DHPL,12/22/2019,54.0,54.0,54.0,54.0,-1.82,10.0,345.0,254.0
DHPL,12/23/2019,53.0,54.0,52.0,52.0,-3.7,1949.0,345.0,254.0
DHPL,12/24/2019,51.0,51.0,51.0,51.0,-1.92,21.0,345.0,254.0
DHPL,12/25/2019,52.0,52.0,51.0,51.0,0.0,53.0,345.0,254.0
DHPL,12/26/2019,50.0,51.0,50.0,51.0,0.0,65.0,345.0,254.0
DHPL,12/29/2019,52.0,52.0,52.0,52.0,1.96,42.0,345.0,254.0
DHPL,12/30/2019,52.0,52.0,51.0,51.0,-1.92,1144.0,345.0,254.0
DHPL,12/31/2019,51.0,51.0,50.0,50.0,-1.96,2071.0,345.0,254.0
DHPL,1/1/2020,50.0,50.0,50.0,50.0,0.0,137.0,345.0,254.0
DHPL,1/2/2020,51.0,52.0,50.0,51.0,2.0,4823.0,345.0,254.0
DHPL,1/5/2020,51.0,51.0,49.0,49.98,-2.0,11600.0,345.0,254.0
DHPL,1/6/2020,49.01,51.0,49.01,51.0,2.04,123.0,345.0,254.0
DHPL,1/7/2020,50.0,55.0,50.0,55.0,7.84,827.0,345.0,254.0
DHPL,1/8/2020,54.0,55.0,54.0,55.0,0.0,101.0,345.0,254.0
DHPL,1/9/2020,56.0,58.0,56.0,58.0,5.45,211.0,345.0,254.0
DHPL,1/12/2020,59.0,59.0,58.0,58.0,0.0,31.0,345.0,254.0
DHPL,1/13/2020,59.0,59.0,54.0,58.0,0.0,1100.0,345.0,254.0
DHPL,1/14/2020,57.0,59.0,53.0,53.0,-8.62,9742.0,345.0,254.0
DHPL,1/15/2020,53.0,54.0,52.0,52.0,-1.89,4462.0,345.0,254.0
DHPL,1/16/2020,52.0,57.0,52.0,57.0,9.62,4759.0,345.0,254.0
DHPL,1/19/2020,58.0,62.0,58.0,62.0,8.77,3099.0,345.0,254.0
DHPL,1/20/2020,63.0,63.0,59.0,59.0,-4.84,7642.0,345.0,254.0
DHPL,1/21/2020,58.0,58.0,56.0,56.0,-5.08,141.0,345.0,254.0
DHPL,1/22/2020,56.0,56.0,53.0,54.0,-3.57,230.0,345.0,254.0
DHPL,1/23/2020,54.0,54.0,52.0,53.0,-1.85,145.0,345.0,254.0
DHPL,1/26/2020,53.0,53.0,49.0,51.0,-3.77,5271.0,345.0,254.0
DHPL,1/27/2020,51.0,51.0,50.0,50.0,-1.96,8750.0,345.0,254.0
DHPL,1/28/2020,50.0,51.0,50.0,51.0,2.0,201.0,345.0,254.0
DHPL,1/29/2020,52.0,52.0,51.0,51.0,0.0,208.0,345.0,254.0
DHPL,1/30/2020,51.0,51.0,50.0,51.0,0.0,650.0,345.0,254.0
DHPL,2/2/2020,50.0,53.0,50.0,53.0,3.92,71.0,345.0,254.0
DHPL,2/3/2020,52.0,55.0,51.0,52.0,-1.89,13892.0,345.0,254.0
DHPL,2/4/2020,52.0,57.0,52.0,57.0,9.62,8363.0,345.0,254.0
DHPL,2/5/2020,58.0,58.0,53.0,54.0,-5.26,5603.0,345.0,254.0
DHPL,2/6/2020,53.0,54.0,52.0,53.0,-1.85,11040.0,345.0,254.0
DHPL,2/9/2020,54.0,55.0,50.0,51.0,-3.77,11997.0,345.0,254.0
DHPL,2/10/2020,51.0,53.0,50.0,51.0,0.0,1543.0,345.0,254.0
DHPL,2/11/2020,52.0,55.0,52.0,54.0,5.88,2291.0,345.0,254.0
DHPL,2/12/2020,55.0,55.0,53.0,54.0,0.0,1070.0,345.0,254.0
DHPL,2/13/2020,54.0,54.0,53.0,53.0,-1.85,3222.0,345.0,254.0
DHPL,2/16/2020,52.0,53.0,52.0,52.0,-1.89,2184.0,345.0,254.0
DHPL,2/17/2020,52.0,55.0,52.0,55.0,5.77,4949.0,345.0,254.0
DHPL,2/18/2020,56.0,56.0,53.0,54.0,-1.82,7356.0,345.0,254.0
DHPL,2/19/2020,54.0,55.0,54.0,54.0,0.0,1222.0,345.0,254.0
DHPL,2/20/2020,55.0,56.0,54.0,56.0,3.7,1105.0,345.0,254.0
DHPL,2/23/2020,55.0,57.0,55.0,57.0,1.79,2933.0,345.0,254.0
DHPL,2/24/2020,56.0,59.0,55.0,55.0,-3.51,7523.0,345.0,254.0
DHPL,2/25/2020,54.0,54.0,51.0,53.0,-3.64,3296.0,345.0,254.0
DHPL,2/26/2020,54.0,58.0,54.0,57.0,7.55,8944.0,345.0,254.0
DHPL,2/27/2020,58.0,58.0,54.0,55.0,-3.51,1685.0,345.0,254.0
DHPL,3/1/2020,55.0,55.0,53.0,53.0,-3.64,6164.0,345.0,254.0
DHPL,3/2/2020,52.0,52.0,52.0,52.0,-1.89,533.0,345.0,254.0
DHPL,3/3/2020,53.0,55.0,53.0,53.0,1.92,3510.0,345.0,254.0
DHPL,3/4/2020,52.0,53.0,51.0,51.0,-3.77,5145.0,345.0,254.0
DHPL,3/5/2020,50.0,52.0,50.0,51.0,0.0,677.0,345.0,254.0
DHPL,3/10/2020,50.0,50.0,50.0,50.0,-1.96,33.0,345.0,254.0
DHPL,3/11/2020,50.0,51.0,50.0,51.0,2.0,1129.0,345.0,254.0
DHPL,3/12/2020,51.0,52.0,51.0,52.0,1.96,1192.0,345.0,254.0
DHPL,3/15/2020,51.0,53.0,50.0,50.0,-3.85,532.0,345.0,254.0
DHPL,3/16/2020,50.0,51.0,50.0,51.0,2.0,2236.0,345.0,254.0
DHPL,3/17/2020,51.0,52.0,48.02,49.0,-3.92,6174.0,345.0,254.0
DHPL,3/18/2020,49.0,51.0,49.0,51.0,4.08,4130.0,345.0,254.0
DHPL,3/19/2020,50.0,51.0,50.0,51.0,0.0,2410.0,345.0,254.0
DHPL,7/5/2020,50.0,50.0,49.0,49.0,-3.92,196.0,345.0,254.0
DHPL,7/6/2020,48.02,48.2,48.02,48.02,-2.0,541.0,345.0,254.0
DHPL,7/7/2020,47.06,48.0,47.06,48.0,-0.04,2958.0,345.0,254.0
DHPL,7/8/2020,47.5,49.0,47.5,49.0,2.08,163.0,345.0,254.0
DHPL,7/9/2020,49.98,50.0,49.0,50.0,2.04,1644.0,345.0,254.0
DHPL,7/12/2020,49.0,49.0,49.0,49.0,-2.0,74.0,345.0,254.0
DHPL,7/13/2020,48.5,49.0,48.0,48.0,-2.04,1262.0,345.0,254.0
DHPL,7/14/2020,48.0,48.0,47.05,47.99,-0.02,1031.0,345.0,254.0
DHPL,7/15/2020,48.0,48.5,48.0,48.5,1.06,94.0,345.0,254.0
DHPL,7/16/2020,48.0,48.0,48.0,48.0,-1.03,31.0,345.0,254.0
DHPL,7/20/2020,48.96,50.0,48.96,49.0,2.08,1952.0,345.0,254.0
DHPL,7/21/2020,48.02,48.2,48.0,48.2,-1.63,184.0,345.0,254.0
DHPL,7/22/2020,48.0,48.0,47.5,47.5,-1.45,105.0,345.0,254.0
DHPL,7/23/2020,48.0,48.0,47.05,47.05,-0.95,677.0,345.0,254.0
DHPL,7/26/2020,46.12,47.85,45.5,47.85,1.7,1380.0,345.0,254.0
DHPL,7/27/2020,46.9,49.93,45.97,48.98,2.36,1345.0,345.0,254.0
DHPL,7/28/2020,48.5,49.98,48.1,49.9,1.88,241.0,345.0,254.0
DHPL,7/29/2020,49.0,54.0,49.0,54.0,8.22,3667.0,345.0,254.0
DHPL,7/30/2020,55.0,59.0,55.0,57.0,5.56,6708.0,345.0,254.0
DHPL,8/2/2020,58.0,60.0,57.0,58.0,1.75,1151.0,345.0,254.0
DHPL,8/3/2020,60.0,60.0,54.0,54.0,-6.9,1646.0,345.0,254.0
DHPL,8/5/2020,53.0,53.0,49.0,50.0,-7.41,1292.0,345.0,254.0
DHPL,8/6/2020,50.0,53.0,50.0,53.0,6.0,403.0,345.0,254.0
DHPL,8/9/2020,54.0,55.0,52.0,53.0,0.0,596.0,345.0,254.0
DHPL,8/10/2020,55.0,55.0,49.0,49.98,-5.7,1223.0,345.0,254.0
DHPL,8/11/2020,49.0,51.0,49.0,49.12,-1.72,292.0,345.0,254.0
DHPL,8/12/2020,49.0,50.0,48.02,50.0,1.79,1205.0,345.0,254.0
DHPL,8/13/2020,49.0,55.0,49.0,55.0,10.0,1059.0,345.0,254.0
DHPL,8/16/2020,57.0,58.0,55.0,55.0,0.0,320.0,345.0,254.0
DHPL,8/17/2020,54.0,54.0,52.0,53.0,-3.64,542.0,345.0,254.0
DHPL,8/18/2020,54.0,54.0,48.02,51.0,-3.77,3689.0,345.0,254.0
DHPL,8/19/2020,50.0,50.0,50.0,50.0,-1.96,41.0,345.0,254.0
DHPL,8/20/2020,50.0,51.0,50.0,51.0,2.0,360.0,345.0,254.0
DHPL,8/23/2020,51.0,51.0,49.0,49.98,-2.0,2952.0,345.0,254.0
DHPL,8/24/2020,49.0,50.0,49.0,50.0,0.04,2579.0,345.0,254.0
DHPL,8/25/2020,49.0,50.0,49.0,50.0,0.0,1040.0,345.0,254.0
DHPL,8/26/2020,49.0,49.13,49.0,49.13,-1.74,83.0,345.0,254.0
DHPL,8/27/2020,49.0,52.0,49.0,52.0,5.84,5256.0,345.0,254.0
DHPL,8/30/2020,51.0,51.0,51.0,51.0,-1.92,210.0,345.0,254.0
DHPL,8/31/2020,50.0,52.0,50.0,51.0,0.0,3255.0,345.0,254.0
DHPL,9/2/2020,50.0,56.0,50.0,56.0,9.8,18317.0,345.0,254.0
DHPL,9/3/2020,57.0,60.0,55.0,56.0,0.0,18493.0,345.0,254.0
DHPL,9/6/2020,56.0,61.0,54.0,57.0,1.79,11687.0,345.0,254.0
DHPL,9/7/2020,58.0,60.0,55.0,57.0,0.0,6486.0,345.0,254.0
DHPL,9/8/2020,57.0,57.0,55.0,55.0,-3.51,2104.0,345.0,254.0
DHPL,9/9/2020,54.0,58.0,54.0,57.0,3.64,3261.0,345.0,254.0
DHPL,9/10/2020,57.0,58.0,57.0,58.0,1.75,1922.0,345.0,254.0
DHPL,9/13/2020,57.0,59.0,55.0,55.0,-5.17,1805.0,345.0,254.0
DHPL,9/14/2020,56.0,60.0,55.0,60.0,9.09,21493.0,345.0,254.0
DHPL,9/15/2020,63.0,66.0,63.0,66.0,10.0,19026.0,345.0,254.0
DHPL,9/16/2020,69.0,72.0,69.0,72.0,9.09,9087.0,345.0,254.0
DHPL,9/17/2020,73.0,79.0,73.0,79.0,9.72,6735.0,345.0,254.0
DHPL,9/20/2020,82.95,86.0,82.95,86.0,8.86,40469.0,345.0,254.0
DHPL,9/21/2020,85.0,85.0,78.0,82.0,-4.65,22471.0,345.0,254.0
DHPL,9/22/2020,81.0,81.0,75.0,76.0,-7.32,10055.0,345.0,254.0
DHPL,9/23/2020,75.0,83.0,71.0,83.0,9.21,9815.0,345.0,254.0
DHPL,9/24/2020,82.0,91.0,81.0,91.0,9.64,23587.0,345.0,254.0
DHPL,9/27/2020,94.5,96.0,87.0,92.0,1.1,39061.0,345.0,254.0
DHPL,9/28/2020,96.0,96.0,85.0,88.0,-4.35,12206.0,345.0,254.0
DHPL,9/29/2020,87.0,96.0,85.0,96.0,9.09,20820.0,345.0,254.0
DHPL,9/30/2020,100.0,105.0,100.0,105.0,9.38,27675.0,345.0,254.0
DHPL,10/1/2020,110.0,115.0,110.0,115.0,9.52,20122.0,345.0,254.0
DHPL,10/4/2020,113.0,113.0,104.0,104.0,-9.57,39064.0,345.0,254.0
DHPL,10/5/2020,102.0,114.0,99.0,110.0,5.77,31854.0,345.0,254.0
DHPL,10/6/2020,111.0,121.0,104.0,121.0,10.0,48990.0,345.0,254.0
DHPL,10/7/2020,123.0,133.0,121.0,133.0,9.92,45012.0,345.0,254.0
DHPL,10/8/2020,133.0,146.0,127.0,131.0,-1.5,42684.0,345.0,254.0
DHPL,10/11/2020,131.0,133.0,123.0,123.0,-6.11,47907.0,345.0,254.0
DHPL,10/12/2020,124.0,124.0,119.0,120.0,-2.44,24562.0,345.0,254.0
DHPL,10/13/2020,118.0,120.0,111.0,111.0,-7.5,33394.0,345.0,254.0
DHPL,10/14/2020,110.0,117.0,106.0,110.0,-0.9,13817.0,345.0,254.0
DHPL,10/15/2020,112.0,116.0,109.0,109.0,-0.91,10322.0,345.0,254.0
DHPL,10/18/2020,111.0,114.0,105.0,111.0,1.83,11936.0,345.0,254.0
DHPL,10/19/2020,111.0,121.0,111.0,121.0,9.01,16445.0,345.0,254.0
DHPL,10/20/2020,123.0,123.0,117.0,121.0,0.0,17874.0,345.0,254.0
DHPL,10/21/2020,123.0,125.0,114.0,117.0,-3.31,10180.0,345.0,254.0
DHPL,10/22/2020,119.0,121.0,116.0,118.0,0.85,5952.0,345.0,254.0
DHPL,10/28/2020,116.0,116.0,112.0,115.0,-2.54,10435.0,345.0,254.0
DHPL,10/29/2020,113.0,122.0,111.0,121.0,5.22,41652.0,345.0,254.0
DHPL,11/1/2020,121.0,123.0,114.0,119.0,-1.65,12333.0,345.0,254.0
DHPL,11/2/2020,117.0,119.0,115.0,119.0,0.0,8636.0,345.0,254.0
DHPL,11/3/2020,118.0,119.0,115.0,116.0,-2.52,7760.0,345.0,254.0
DHPL,11/4/2020,114.0,118.0,114.0,117.0,0.86,33868.0,345.0,254.0
DHPL,11/5/2020,119.0,122.0,117.0,121.0,3.42,38175.0,345.0,254.0
DHPL,11/8/2020,125.0,133.0,124.0,133.0,9.92,89870.0,345.0,254.0
DHPL,11/9/2020,139.0,139.0,126.0,129.0,-3.01,36694.0,345.0,254.0
DHPL,11/10/2020,131.0,131.0,126.0,127.0,-1.55,17956.0,345.0,254.0
DHPL,11/11/2020,129.0,129.0,123.0,127.0,0.0,8866.0,345.0,254.0
DHPL,11/12/2020,129.0,129.0,121.0,124.0,-2.36,16723.0,345.0,254.0
DHPL,11/18/2020,123.0,123.0,116.0,117.0,-5.65,16544.0,345.0,254.0
DHPL,11/19/2020,116.0,125.0,115.0,124.0,5.98,27943.0,345.0,254.0
DHPL,11/22/2020,124.0,125.0,120.0,122.0,-1.61,14189.0,345.0,254.0
DHPL,11/23/2020,122.0,122.0,118.0,118.0,-3.28,27215.0,345.0,254.0
DHPL,11/24/2020,118.0,126.0,118.0,123.0,4.24,15996.0,345.0,254.0
DHPL,11/25/2020,125.0,130.0,122.0,124.0,0.81,29833.0,345.0,254.0
DHPL,11/26/2020,124.0,125.0,122.0,124.0,0.0,19132.0,345.0,254.0
DHPL,11/29/2020,122.0,124.0,118.0,123.0,-0.81,25075.0,345.0,254.0
DHPL,11/30/2020,121.0,129.0,118.0,125.0,1.63,28937.0,345.0,254.0
DHPL,12/1/2020,131.0,131.0,121.0,122.0,-2.4,15531.0,345.0,254.0
DHPL,12/2/2020,120.0,124.0,120.0,121.0,-0.82,9850.0,345.0,254.0
DHPL,12/3/2020,120.0,121.0,118.0,118.0,-2.48,15659.0,345.0,254.0
DHPL,12/6/2020,116.0,119.0,115.0,115.0,-2.54,13061.0,345.0,254.0
DHPL,12/7/2020,115.0,118.0,114.0,117.0,1.74,11307.0,345.0,254.0
DHPL,12/8/2020,116.0,117.0,112.0,115.0,-1.71,20079.0,345.0,254.0
DHPL,12/9/2020,117.0,121.0,113.0,114.0,-0.87,6783.0,345.0,254.0
DHPL,12/10/2020,113.0,115.0,108.0,113.0,-0.88,20925.0,345.0,254.0
DHPL,12/13/2020,112.0,113.0,110.0,110.0,-2.65,10954.0,345.0,254.0
DHPL,12/14/2020,110.0,116.0,109.0,115.0,4.55,14380.0,345.0,254.0
DHPL,12/15/2020,113.0,115.0,110.0,111.0,-3.48,13846.0,345.0,254.0
DHPL,12/16/2020,113.0,115.0,110.0,110.0,-0.9,15651.0,345.0,254.0
DHPL,12/17/2020,109.0,113.0,109.0,109.0,-0.91,4528.0,345.0,254.0
DHPL,12/20/2020,107.0,109.0,102.0,102.0,-6.42,21110.0,345.0,254.0
DHPL,12/21/2020,100.0,107.0,97.0,105.0,2.94,30671.0,345.0,254.0
DHPL,12/22/2020,103.0,111.0,103.0,110.0,4.76,7884.0,345.0,254.0
DHPL,12/23/2020,110.0,110.0,105.0,108.0,-1.82,3571.0,345.0,254.0
DHPL,12/24/2020,106.0,108.0,102.0,105.0,-2.78,6568.0,345.0,254.0
DHPL,12/27/2020,104.0,107.0,103.0,104.0,-0.95,6443.0,345.0,254.0
DHPL,12/28/2020,102.0,106.0,102.0,104.0,0.0,2492.0,345.0,254.0
DHPL,12/29/2020,102.0,105.0,102.0,103.0,-0.96,11055.0,345.0,254.0
DHPL,12/30/2020,104.0,104.0,101.0,102.0,-0.97,10777.0,345.0,254.0
DHPL,12/31/2020,102.0,103.0,100.0,101.0,-0.98,11900.0,345.0,254.0
DHPL,1/3/2021,101.0,104.0,100.0,102.0,0.99,14803.0,345.0,254.0
DHPL,1/4/2021,100.0,106.0,100.0,102.0,0.0,4403.0,345.0,254.0
DHPL,1/5/2021,103.0,112.0,102.0,109.0,6.86,31808.0,345.0,254.0
DHPL,1/6/2021,111.0,116.0,110.0,110.0,0.92,24949.0,345.0,254.0
DHPL,1/7/2021,111.0,115.0,108.0,111.0,0.91,3898.0,345.0,254.0
DHPL,1/10/2021,111.0,112.0,108.0,108.0,-2.7,10464.0,345.0,254.0
DHPL,1/11/2021,106.0,114.0,106.0,109.0,0.93,3375.0,345.0,254.0
DHPL,1/12/2021,109.0,113.0,107.0,110.0,0.92,9837.0,345.0,254.0
DHPL,1/13/2021,108.0,110.0,108.0,109.0,-0.91,11737.0,345.0,254.0
DHPL,1/17/2021,111.0,111.0,106.0,110.0,0.92,10034.0,345.0,254.0
DHPL,1/18/2021,110.0,112.0,107.0,111.0,0.91,12793.0,345.0,254.0
DHPL,1/19/2021,111.0,111.0,108.0,108.0,-2.7,2362.0,345.0,254.0
DHPL,1/20/2021,108.0,114.0,106.0,109.0,0.93,9648.0,345.0,254.0
DHPL,1/21/2021,111.0,116.0,109.0,113.0,3.67,28366.0,345.0,254.0
DHPL,1/24/2021,113.0,115.0,111.0,111.0,-1.77,13634.0,345.0,254.0
DHPL,1/25/2021,113.0,116.0,110.0,114.0,2.7,42392.0,345.0,254.0
DHPL,1/26/2021,115.0,117.0,113.0,117.0,2.63,31071.0,345.0,254.0
DHPL,1/27/2021,118.0,119.0,115.0,117.0,0.0,18539.0,345.0,254.0
DHPL,1/28/2021,117.0,120.0,114.0,115.0,-1.71,30289.0,345.0,254.0
DHPL,1/31/2021,120.0,120.0,109.0,113.0,-1.74,11222.0,345.0,254.0
DHPL,2/1/2021,113.0,116.0,111.0,115.0,1.77,22482.0,345.0,254.0
DHPL,2/2/2021,113.0,115.0,113.0,114.0,-0.87,8568.0,345.0,254.0
DHPL,2/3/2021,116.0,116.0,113.0,116.0,1.75,23569.0,345.0,254.0
DHPL,2/4/2021,116.0,119.0,112.0,119.0,2.59,34580.0,345.0,254.0
DHPL,2/7/2021,121.0,121.0,113.0,116.0,-2.52,48765.0,345.0,254.0
DHPL,2/8/2021,118.0,118.0,114.0,115.0,-0.86,11276.0,345.0,254.0
DHPL,2/9/2021,120.0,120.0,114.0,114.0,-0.87,7602.0,345.0,254.0
DHPL,2/10/2021,112.0,117.0,112.0,114.0,0.0,17868.0,345.0,254.0
DHPL,2/11/2021,112.0,116.0,112.0,115.0,0.88,12614.0,345.0,254.0
DHPL,2/14/2021,113.0,115.0,112.0,114.0,-0.87,9009.0,345.0,254.0
DHPL,2/15/2021,116.0,116.0,112.0,115.0,0.88,14764.0,345.0,254.0
DHPL,2/16/2021,117.0,117.0,112.0,114.0,-0.87,4697.0,345.0,254.0
DHPL,2/17/2021,112.0,114.0,112.0,114.0,0.0,6738.0,345.0,254.0
DHPL,2/18/2021,112.0,114.0,112.0,113.0,-0.88,10097.0,345.0,254.0
DHPL,2/21/2021,111.0,117.0,110.0,116.0,2.65,36347.0,345.0,254.0
DHPL,2/22/2021,118.0,126.0,117.0,121.0,4.31,120983.0,345.0,254.0
DHPL,2/23/2021,125.0,125.0,115.0,119.0,-1.65,9493.0,345.0,254.0
DHPL,2/24/2021,121.0,123.0,115.0,118.0,-0.84,20082.0,345.0,254.0
DHPL,2/25/2021,116.0,121.0,113.0,116.0,-1.69,29188.0,345.0,254.0
DHPL,2/28/2021,111.0,119.0,111.0,113.0,-2.59,21882.0,345.0,254.0
DHPL,3/1/2021,113.0,118.0,113.0,116.0,2.65,12961.0,345.0,254.0
DHPL,3/2/2021,114.0,117.0,112.0,113.0,-2.59,4195.0,345.0,254.0
DHPL,3/3/2021,112.0,113.0,111.0,112.0,-0.88,7901.0,345.0,254.0
DHPL,3/4/2021,112.0,116.0,112.0,115.0,2.68,11519.0,345.0,254.0
DHPL,3/7/2021,113.0,115.0,111.0,115.0,0.0,10892.0,345.0,254.0
DHPL,3/9/2021,120.0,120.0,111.0,113.0,-1.74,29766.0,345.0,254.0
DHPL,3/10/2021,113.0,114.0,112.0,112.0,-0.88,2929.0,345.0,254.0
DHPL,3/14/2021,111.0,114.0,111.0,114.0,1.79,17254.0,345.0,254.0
DHPL,3/15/2021,113.0,119.0,110.0,117.0,2.63,49477.0,345.0,254.0
DHPL,3/16/2021,119.0,125.0,118.0,124.0,5.98,109498.0,345.0,254.0
DHPL,3/17/2021,126.0,131.0,121.0,131.0,5.65,102314.0,345.0,254.0
DHPL,3/18/2021,137.0,137.0,121.0,124.0,-5.34,39304.0,345.0,254.0
DHPL,3/21/2021,123.0,123.0,117.0,119.0,-4.03,34807.0,345.0,254.0
DHPL,3/22/2021,121.0,123.0,115.0,116.0,-2.52,24010.0,345.0,254.0
DHPL,3/23/2021,121.0,122.0,115.0,119.0,2.59,37559.0,345.0,254.0
DHPL,3/24/2021,119.0,126.0,118.0,120.0,0.84,22453.0,345.0,254.0
DHPL,3/25/2021,116.0,125.0,116.0,121.0,0.83,15929.0,345.0,254.0
DHPL,3/29/2021,123.0,123.0,115.0,119.0,-1.65,13149.0,345.0,254.0
DHPL,3/30/2021,119.0,120.0,117.0,118.0,-0.84,19258.0,345.0,254.0
DHPL,3/31/2021,116.0,120.0,116.0,118.0,0.0,18668.0,345.0,254.0
DHPL,4/1/2021,113.0,123.0,113.0,118.0,0.0,24024.0,345.0,254.0
DHPL,4/4/2021,120.0,121.0,116.0,119.0,0.85,21393.0,345.0,254.0
DHPL,4/5/2021,118.0,119.0,116.0,119.0,0.0,21686.0,345.0,254.0
DHPL,4/6/2021,118.0,130.0,118.0,129.0,8.4,113307.0,345.0,254.0
DHPL,4/7/2021,129.0,132.0,125.0,127.0,-1.55,76193.0,345.0,254.0
DHPL,4/8/2021,130.0,130.0,123.0,126.0,-0.79,41278.0,345.0,254.0
DHPL,4/12/2021,120.0,126.0,119.0,123.0,-2.38,64775.0,345.0,254.0
DHPL,4/13/2021,122.0,125.0,120.0,122.0,-0.81,42654.0,345.0,254.0
DHPL,4/15/2021,116.0,129.0,116.0,127.0,4.1,73972.0,345.0,254.0
DHPL,4/18/2021,131.0,139.0,125.0,139.0,9.45,194739.0,345.0,254.0
DHPL,4/19/2021,145.0,148.0,131.0,135.0,-2.88,73899.0,345.0,254.0
DHPL,4/20/2021,137.0,138.0,133.0,135.0,0.0,38337.0,345.0,254.0
DHPL,4/21/2021,137.0,139.0,132.0,133.0,-1.48,39913.0,345.0,254.0
DHPL,4/22/2021,135.0,138.0,131.0,136.0,2.26,36126.0,345.0,254.0
DHPL,4/25/2021,134.0,134.0,127.0,130.0,-4.41,53625.0,345.0,254.0
DHPL,4/26/2021,129.0,132.0,124.0,125.0,-3.85,23555.0,345.0,254.0
DHPL,4/27/2021,127.0,132.0,127.0,130.0,4.0,20360.0,345.0,254.0
DHPL,4/28/2021,132.0,132.0,126.0,129.0,-0.77,11729.0,345.0,254.0
DHPL,4/29/2021,130.0,137.0,129.0,136.0,5.43,36701.0,345.0,254.0
DHPL,5/2/2021,138.0,138.0,132.0,135.0,-0.74,27769.0,345.0,254.0
DHPL,5/3/2021,129.0,139.0,129.0,133.0,-1.48,25962.0,345.0,254.0
DHPL,5/4/2021,133.0,142.0,130.0,141.0,6.02,94276.0,345.0,254.0
DHPL,5/5/2021,134.0,153.0,134.0,153.0,8.51,215157.0,345.0,254.0
DHPL,5/6/2021,160.0,167.0,148.0,166.0,8.5,138563.0,345.0,254.0
DHPL,5/9/2021,174.0,174.0,150.0,155.0,-6.63,132502.0,345.0,254.0
DHPL,5/10/2021,155.0,155.0,147.0,152.0,-1.94,60763.0,345.0,254.0
DHPL,5/11/2021,152.0,155.0,150.0,155.0,1.97,37782.0,345.0,254.0
DHPL,5/12/2021,155.0,170.0,155.0,170.0,9.68,211510.0,345.0,254.0
DHPL,5/13/2021,178.0,187.0,174.0,187.0,10.0,130829.0,345.0,254.0
DHPL,5/16/2021,196.0,199.0,174.0,182.0,-2.67,206085.0,345.0,254.0
DHPL,5/17/2021,183.0,197.0,181.0,195.0,7.14,121358.0,345.0,254.0
DHPL,5/18/2021,204.0,214.0,196.0,214.0,9.74,55450.0,345.0,254.0
DHPL,5/19/2021,224.0,235.0,208.0,220.0,2.8,182759.0,345.0,254.0
DHPL,5/20/2021,220.0,220.0,208.0,214.0,-2.73,93065.0,345.0,254.0
DHPL,5/23/2021,213.0,221.0,203.0,219.0,2.34,82259.0,345.0,254.0
DHPL,5/24/2021,216.0,219.0,208.0,213.0,-2.74,66251.0,345.0,254.0
DHPL,5/25/2021,213.0,232.0,209.0,232.0,8.92,112824.0,345.0,254.0
DHPL,5/27/2021,232.0,255.0,224.0,255.0,9.91,156889.0,345.0,254.0
DHPL,5/30/2021,265.0,280.0,260.0,280.0,9.8,206781.0,345.0,254.0
DHPL,5/31/2021,294.0,294.0,258.0,259.0,-7.5,119058.0,345.0,254.0
DHPL,6/1/2021,247.0,261.0,244.0,246.0,-5.02,70813.0,345.0,254.0
DHPL,6/2/2021,240.0,260.0,225.0,253.0,2.85,94597.0,345.0,254.0
DHPL,6/3/2021,253.0,263.0,235.0,246.0,-2.77,69170.0,345.0,254.0
DHPL,6/6/2021,244.0,244.0,226.0,229.0,-6.91,88807.0,345.0,254.0
DHPL,6/7/2021,229.0,251.0,221.0,251.0,9.61,82632.0,345.0,254.0
DHPL,6/8/2021,263.0,270.0,258.0,264.0,5.18,105438.0,345.0,254.0
DHPL,6/9/2021,269.0,271.0,249.0,256.0,-3.03,55393.0,345.0,254.0
DHPL,6/10/2021,256.0,275.0,251.0,275.0,7.42,154661.0,345.0,254.0
DHPL,6/13/2021,288.0,302.0,265.0,302.0,9.82,215758.0,345.0,254.0
DHPL,6/14/2021,317.0,332.0,295.0,327.0,8.28,178033.0,345.0,254.0
DHPL,6/15/2021,330.0,346.0,310.0,319.0,-2.45,86617.0,345.0,254.0
DHPL,6/16/2021,304.0,304.0,288.0,288.0,-9.72,114670.0,345.0,254.0
DHPL,6/17/2021,288.0,306.0,262.0,289.0,0.35,75110.0,345.0,254.0
DHPL,6/20/2021,289.0,295.0,261.0,273.0,-5.54,46621.0,345.0,254.0
DHPL,6/21/2021,273.0,278.0,251.0,263.0,-3.66,42243.0,345.0,254.0
DHPL,6/22/2021,263.0,289.0,255.0,289.0,9.89,59290.0,345.0,254.0
DHPL,6/23/2021,294.0,306.0,279.0,282.0,-2.42,41149.0,345.0,254.0
DHPL,6/24/2021,278.0,295.0,272.0,279.0,-1.06,33282.0,345.0,254.0
DHPL,6/27/2021,284.0,294.0,277.0,277.0,-0.72,27984.0,345.0,254.0
DHPL,6/28/2021,282.0,282.0,271.0,274.0,-1.08,27005.0,345.0,254.0
DHPL,6/29/2021,274.0,275.0,260.0,262.0,-4.38,22196.0,345.0,254.0
DHPL,6/30/2021,257.0,262.0,236.0,258.0,-1.53,32451.0,345.0,254.0
DHPL,7/1/2021,263.0,272.0,262.0,267.0,3.49,18855.0,345.0,254.0
DHPL,7/4/2021,262.0,273.0,260.0,265.0,-0.75,16327.0,345.0,254.0
DHPL,7/5/2021,265.0,270.0,256.0,258.0,-2.64,9611.0,345.0,254.0
DHPL,7/6/2021,254.0,256.0,251.0,252.0,-2.33,8330.0,345.0,254.0
DHPL,7/7/2021,250.0,250.0,245.0,246.0,-2.38,13875.0,345.0,254.0
DHPL,7/8/2021,242.0,261.0,239.0,253.0,2.85,18209.0,345.0,254.0
DHPL,7/11/2021,253.0,272.0,253.0,272.0,7.51,24304.0,345.0,254.0
DHPL,7/12/2021,277.0,282.0,255.0,265.0,-2.57,38506.0,345.0,254.0
DHPL,7/13/2021,260.0,270.0,260.0,268.0,1.13,8750.0,345.0,254.0
DHPL,7/14/2021,270.0,270.0,264.0,270.0,0.75,12222.0,345.0,254.0
DHPL,7/15/2021,272.0,292.0,270.0,279.0,3.33,48081.0,345.0,254.0
DHPL,7/18/2021,284.5,289.0,280.0,280.0,0.36,36101.0,345.0,254.0
DHPL,7/19/2021,285.6,285.6,275.7,283.0,1.07,32062.0,345.0,254.0
DHPL,7/20/2021,286.0,288.0,278.1,284.0,0.35,31470.0,345.0,254.0
DHPL,7/22/2021,285.0,289.0,279.0,287.0,1.06,48818.0,345.0,254.0
DHPL,7/25/2021,292.0,311.0,290.0,311.0,8.36,140156.0,345.0,254.0
DHPL,7/26/2021,315.0,330.0,310.0,315.0,1.29,79866.0,345.0,254.0
DHPL,7/27/2021,315.0,345.0,315.0,338.0,7.3,117421.0,345.0,254.0
DHPL,7/28/2021,344.0,356.9,324.0,327.0,-3.25,111678.0,345.0,254.0
DHPL,7/29/2021,325.0,325.0,312.0,318.0,-2.75,65289.0,345.0,254.0
DHPL,8/1/2021,324.0,337.0,311.7,332.0,4.4,93220.0,345.0,254.0
DHPL,8/2/2021,338.0,345.0,334.0,335.0,0.9,108381.0,345.0,254.0
DHPL,8/3/2021,341.0,345.0,327.1,339.0,1.19,69146.0,345.0,254.0
DHPL,8/4/2021,345.0,372.9,333.0,372.9,10.0,187646.0,345.0,254.0
DHPL,8/5/2021,380.3,402.0,380.3,383.0,2.71,225514.0,345.0,254.0
DHPL,8/8/2021,390.0,410.0,359.0,390.0,1.83,108844.0,345.0,254.0
DHPL,8/9/2021,396.0,401.8,388.1,401.0,2.82,99610.0,345.0,254.0
DHPL,8/10/2021,393.0,408.0,380.0,400.0,-0.25,164689.0,345.0,254.0
DHPL,8/11/2021,400.0,400.0,390.0,392.1,-1.97,78767.0,345.0,254.0
DHPL,8/12/2021,390.0,392.9,382.2,383.0,-2.32,77158.0,345.0,254.0
DHPL,8/15/2021,385.0,385.0,350.0,371.0,-3.13,100801.0,345.0,254.0
DHPL,8/16/2021,372.0,405.0,356.8,401.0,8.09,134387.0,345.0,254.0
DHPL,8/17/2021,409.0,441.1,407.0,441.1,10.0,158276.0,345.0,254.0
DHPL,8/18/2021,449.9,485.2,435.0,437.0,-0.93,127991.0,345.0,254.0
DHPL,8/19/2021,437.0,437.0,408.0,409.0,-6.41,81664.0,345.0,254.0
DHPL,8/24/2021,400.9,400.9,368.1,368.1,-10.0,92426.0,345.0,254.0
DHPL,8/25/2021,361.0,397.0,331.3,380.1,3.26,71949.0,345.0,254.0
DHPL,8/26/2021,385.0,418.0,385.0,417.0,9.71,54398.0,345.0,254.0
DHPL,8/29/2021,417.0,423.3,392.0,403.0,-3.36,77926.0,345.0,254.0
DHPL,8/31/2021,395.0,402.9,383.1,387.0,-3.97,34329.0,345.0,254.0
DHPL,9/1/2021,387.0,413.0,378.3,392.0,1.29,26943.0,345.0,254.0
DHPL,9/2/2021,392.0,399.0,379.0,382.0,-2.55,18193.0,345.0,254.0
DHPL,9/5/2021,374.4,380.0,343.8,344.0,-9.95,49372.0,345.0,254.0
DHPL,9/6/2021,338.0,378.4,330.0,378.4,10.0,37531.0,345.0,254.0
DHPL,9/7/2021,385.9,396.0,368.0,373.0,-1.43,28006.0,345.0,254.0
DHPL,9/8/2021,373.0,385.0,362.6,370.1,-0.78,17225.0,345.0,254.0
DHPL,9/9/2021,377.1,380.0,369.0,377.9,2.11,23801.0,345.0,254.0
DHPL,9/12/2021,384.1,405.0,381.0,399.5,5.72,46955.0,345.0,254.0
DHPL,9/13/2021,407.0,415.0,387.5,390.0,-2.38,34867.0,345.0,254.0
DHPL,9/14/2021,397.8,402.0,380.0,388.0,-0.51,26286.0,345.0,254.0
DHPL,9/15/2021,395.0,395.0,379.0,381.0,-1.8,18463.0,345.0,254.0
DHPL,9/16/2021,375.0,382.1,353.0,364.0,-4.46,32659.0,345.0,254.0
DHPL,9/20/2021,364.0,364.0,330.0,330.0,-9.34,38870.0,345.0,254.0
DHPL,9/21/2021,336.6,350.0,299.0,340.0,3.03,30275.0,345.0,254.0
DHPL,9/22/2021,346.8,374.0,346.8,374.0,10.0,22662.0,345.0,254.0
DHPL,9/23/2021,381.4,395.9,359.0,367.0,-1.87,23549.0,345.0,254.0
DHPL,9/26/2021,360.0,360.0,338.2,347.0,-5.45,17611.0,345.0,254.0
DHPL,9/27/2021,353.9,355.0,324.0,324.0,-6.63,16297.0,345.0,254.0
DHPL,9/28/2021,325.0,342.0,293.8,300.0,-7.41,22240.0,345.0,254.0
DHPL,9/29/2021,306.0,324.0,271.4,315.0,5.0,30492.0,345.0,254.0
DHPL,9/30/2021,321.0,327.0,304.1,309.0,-1.9,15059.0,345.0,254.0
DHPL,10/3/2021,303.0,309.0,289.2,292.0,-5.5,15347.0,345.0,254.0
DHPL,10/4/2021,290.0,295.0,268.8,271.0,-7.19,22550.0,345.0,254.0
DHPL,10/5/2021,274.0,285.0,274.0,282.0,4.06,14583.0,345.0,254.0
DHPL,10/6/2021,287.6,308.0,287.6,300.0,6.38,18024.0,345.0,254.0
DHPL,10/10/2021,306.0,323.9,289.5,290.0,-3.33,15185.0,345.0,254.0
DHPL,10/11/2021,295.8,301.0,284.2,290.1,0.03,10668.0,345.0,254.0
DHPL,10/17/2021,285.0,301.7,285.0,294.0,1.34,2318.0,345.0,254.0
DHPL,10/18/2021,288.2,293.7,282.0,287.0,-2.38,8852.0,345.0,254.0
DHPL,10/19/2021,290.0,291.9,270.0,275.0,-4.18,12710.0,345.0,254.0
DHPL,10/20/2021,280.5,291.8,278.0,291.0,5.82,9915.0,345.0,254.0
DHPL,10/21/2021,296.8,297.0,276.7,284.0,-2.41,9867.0,345.0,254.0
DHPL,10/24/2021,288.9,292.0,281.0,290.0,2.11,9118.0,345.0,254.0
DHPL,10/25/2021,295.8,319.0,290.5,319.0,10.0,27659.0,345.0,254.0
DHPL,10/26/2021,325.3,350.0,325.3,341.0,6.9,24512.0,345.0,254.0
DHPL,10/27/2021,341.1,351.0,330.0,334.0,-2.05,25083.0,345.0,254.0
DHPL,10/28/2021,327.4,343.0,320.9,340.0,1.8,21511.0,345.0,254.0
DHPL,10/31/2021,341.0,369.2,333.2,363.0,6.76,31387.0,345.0,254.0
DHPL,11/1/2021,369.9,376.0,344.0,353.0,-2.75,22778.0,345.0,254.0
DHPL,11/2/2021,346.0,366.0,346.0,350.0,-0.85,13930.0,345.0,254.0
DHPL,11/3/2021,357.0,357.0,343.0,343.2,-1.94,10997.0,345.0,254.0
DHPL,11/8/2021,350.0,355.0,338.1,340.1,-0.9,9368.0,345.0,254.0
DHPL,11/9/2021,333.3,344.0,321.5,332.0,-2.38,13533.0,345.0,254.0
DHPL,11/11/2021,325.4,340.0,313.0,316.8,-4.58,17455.0,345.0,254.0
DHPL,11/14/2021,316.0,328.0,316.0,322.0,1.64,11936.0,345.0,254.0
DHPL,11/15/2021,328.4,335.0,323.5,327.0,1.55,13957.0,345.0,254.0
DHPL,11/16/2021,333.5,345.7,328.0,345.0,5.5,23886.0,345.0,254.0
DHPL,11/17/2021,345.0,363.0,345.0,355.0,2.9,24997.0,345.0,254.0
DHPL,11/18/2021,362.1,362.1,340.2,341.0,-3.94,16170.0,345.0,254.0
DHPL,11/21/2021,341.0,360.0,334.0,344.0,0.88,15070.0,345.0,254.0
DHPL,11/22/2021,345.0,357.0,343.0,346.0,0.58,13779.0,345.0,254.0
DHPL,11/23/2021,346.0,347.0,331.0,339.0,-2.02,12123.0,345.0,254.0
DHPL,11/24/2021,335.0,355.0,320.1,352.0,3.83,183238.0,345.0,254.0
DHPL,11/25/2021,350.0,364.0,343.0,345.0,-1.99,12219.0,345.0,254.0
DHPL,11/28/2021,340.0,340.0,323.0,323.0,-6.38,17213.0,345.0,254.0
DHPL,11/29/2021,323.0,338.0,322.0,325.0,0.62,15273.0,345.0,254.0
DHPL,11/30/2021,331.5,343.0,318.5,328.0,0.92,13857.0,345.0,254.0
DHPL,12/1/2021,331.5,334.9,327.0,330.0,0.61,10952.0,345.0,254.0
DHPL,12/2/2021,336.6,336.6,315.0,315.0,-4.55,11825.0,345.0,254.0
DHPL,12/5/2021,314.0,315.0,298.0,303.0,-3.81,27674.0,345.0,254.0
DHPL,12/6/2021,303.0,321.1,285.0,310.0,2.31,30373.0,345.0,254.0
DHPL,12/7/2021,316.0,321.3,300.0,300.0,-3.23,10950.0,345.0,254.0
DHPL,12/8/2021,303.0,303.0,285.0,285.0,-5.0,18434.0,345.0,254.0
DHPL,12/9/2021,286.0,290.7,274.0,285.0,0.0,18850.0,345.0,254.0
DHPL,12/12/2021,280.2,283.0,264.2,268.9,-5.65,13894.0,345.0,254.0
DHPL,12/13/2021,263.6,268.8,242.1,243.0,-9.63,24710.0,345.0,254.0
DHPL,12/14/2021,247.8,267.3,247.8,267.3,10.0,22036.0,345.0,254.0
DHPL,12/15/2021,272.6,294.0,267.3,288.1,7.78,46964.0,345.0,254.0
DHPL,12/16/2021,282.4,290.0,270.5,270.5,-6.11,15361.0,345.0,254.0
DHPL,12/20/2021,267.0,270.1,254.8,257.0,-4.99,16862.0,345.0,254.0
DHPL,12/21/2021,262.1,272.4,260.0,272.0,5.84,14096.0,345.0,254.0
DHPL,12/22/2021,277.4,293.6,277.4,291.0,6.99,23844.0,345.0,254.0
DHPL,12/23/2021,296.8,301.2,280.0,290.1,-0.31,21885.0,345.0,254.0
DHPL,12/26/2021,290.0,295.9,285.0,287.0,-1.07,16097.0,345.0,254.0
DHPL,12/27/2021,287.0,293.7,272.5,277.0,-3.48,14567.0,345.0,254.0
DHPL,12/28/2021,274.0,288.0,269.0,277.0,0.0,16697.0,345.0,254.0
DHPL,12/29/2021,282.5,282.9,267.4,278.0,0.36,8121.0,345.0,254.0
DHPL,1/2/2022,283.0,283.0,272.1,272.1,-2.12,9573.0,345.0,254.0
DHPL,1/3/2022,277.0,282.0,268.0,270.0,-0.77,16966.0,345.0,254.0
DHPL,1/4/2022,274.0,277.0,269.0,277.0,2.59,20565.0,345.0,254.0
DHPL,1/5/2022,280.0,295.8,279.0,280.1,1.12,28061.0,345.0,254.0
DHPL,1/6/2022,285.7,291.4,280.3,283.0,1.04,31453.0,345.0,254.0
DHPL,1/9/2022,288.6,308.0,288.6,306.0,8.13,47314.0,345.0,254.0
DHPL,1/10/2022,312.1,326.0,306.0,315.2,3.01,60398.0,345.0,254.0
DHPL,1/11/2022,321.0,325.0,314.0,321.0,1.84,44450.0,345.0,254.0
DHPL,1/12/2022,324.0,330.0,311.3,314.0,-2.18,40238.0,345.0,254.0
DHPL,1/13/2022,320.0,331.0,309.7,330.0,5.1,46937.0,345.0,254.0
DHPL,1/16/2022,336.6,349.8,334.0,337.0,2.12,43278.0,345.0,254.0
DHPL,1/17/2022,340.0,342.0,331.1,334.0,-0.89,28870.0,345.0,254.0
DHPL,1/18/2022,334.0,336.0,316.6,325.0,-2.69,31813.0,345.0,254.0
DHPL,1/19/2022,325.0,331.5,314.0,317.0,-2.46,36331.0,345.0,254.0
DHPL,1/20/2022,323.0,329.4,315.0,329.4,3.91,36370.0,345.0,254.0
DHPL,1/23/2022,335.9,340.0,325.0,325.0,-1.34,28270.0,345.0,254.0
DHPL,1/24/2022,325.0,325.0,306.0,308.0,-5.23,43573.0,345.0,254.0
DHPL,1/25/2022,305.0,320.3,303.0,310.0,0.65,19696.0,345.0,254.0
DHPL,1/26/2022,311.0,311.0,300.6,303.2,-2.19,14585.0,345.0,254.0
DHPL,1/27/2022,309.0,309.0,303.0,303.0,-0.07,11666.0,345.0,254.0
DHPL,1/30/2022,309.0,325.0,309.0,325.0,7.26,27641.0,345.0,254.0
DHPL,1/31/2022,331.5,335.0,317.0,318.0,-2.15,18367.0,345.0,254.0
DHPL,2/1/2022,313.1,329.9,313.0,325.0,2.2,31994.0,345.0,254.0
DHPL,2/3/2022,331.5,338.1,323.0,323.0,-0.62,58306.0,345.0,254.0
DHPL,2/6/2022,317.0,320.0,314.0,316.0,-2.17,20669.0,345.0,254.0
DHPL,2/7/2022,312.1,327.6,312.0,318.0,0.63,16693.0,345.0,254.0
DHPL,2/8/2022,324.3,338.0,318.0,321.9,1.23,26575.0,345.0,254.0
DHPL,2/9/2022,321.9,323.0,315.0,320.0,-0.59,18117.0,345.0,254.0
DHPL,2/10/2022,321.0,321.3,312.0,315.1,-1.53,15625.0,345.0,254.0
DHPL,2/13/2022,308.8,308.8,297.5,300.0,-4.79,40919.0,345.0,254.0
DHPL,2/14/2022,300.0,306.0,294.0,302.0,0.67,17787.0,345.0,254.0
DHPL,2/15/2022,308.0,314.0,300.0,312.0,3.31,9907.0,345.0,254.0
DHPL,2/16/2022,314.0,316.0,304.0,307.0,-1.6,11670.0,345.0,254.0
DHPL,2/17/2022,306.5,311.0,301.0,305.0,-0.65,10561.0,345.0,254.0
DHPL,2/20/2022,299.0,312.0,296.0,306.0,0.33,17300.0,345.0,254.0
DHPL,2/21/2022,312.0,325.0,301.0,316.5,3.43,42073.0,345.0,254.0
DHPL,2/22/2022,322.0,331.5,318.0,327.0,3.32,64878.0,345.0,254.0
DHPL,2/23/2022,330.0,359.7,330.0,359.7,10.0,185852.0,345.0,254.0
DHPL,2/24/2022,366.8,381.4,344.0,354.0,-1.58,156177.0,345.0,254.0
DHPL,2/27/2022,354.0,360.0,336.0,351.0,-0.85,65473.0,345.0,254.0
DHPL,2/28/2022,358.0,361.0,320.0,321.0,-8.55,47262.0,345.0,254.0
DHPL,3/2/2022,321.0,327.0,305.0,310.0,-3.43,37290.0,345.0,254.0
DHPL,3/6/2022,304.1,321.0,304.0,307.0,-0.97,24076.0,345.0,254.0
DHPL,3/7/2022,313.0,317.0,303.1,303.1,-1.27,22619.0,345.0,254.0
DHPL,3/9/2022,309.0,309.0,295.0,295.0,-2.67,18412.0,345.0,254.0
DHPL,3/10/2022,295.0,321.0,295.0,314.0,6.44,23624.0,345.0,254.0
DHPL,3/13/2022,320.0,326.0,315.0,321.0,2.23,19172.0,345.0,254.0
DHPL,3/14/2022,321.0,324.0,312.0,316.0,-1.56,3710.0,345.0,254.0
DHPL,3/15/2022,319.9,319.9,310.0,310.0,-1.9,20247.0,345.0,254.0
DHPL,3/16/2022,310.0,313.0,306.0,309.0,-0.32,8766.0,345.0,254.0
DHPL,3/20/2022,315.0,319.0,307.1,308.0,-0.32,16705.0,345.0,254.0
DHPL,3/21/2022,310.0,327.0,307.0,315.0,2.27,17671.0,345.0,254.0
DHPL,3/22/2022,315.0,321.0,308.7,314.0,-0.32,8388.0,345.0,254.0
DHPL,3/23/2022,314.0,314.0,305.0,308.1,-1.88,8200.0,345.0,254.0
DHPL,3/24/2022,303.1,314.0,300.0,300.0,-2.63,23491.0,345.0,254.0
DHPL,3/27/2022,300.0,310.0,294.0,294.0,-2.0,15684.0,345.0,254.0
DHPL,3/28/2022,291.1,306.0,290.0,293.3,-0.24,9511.0,345.0,254.0
DHPL,3/29/2022,299.1,299.1,287.0,290.0,-1.13,9253.0,345.0,254.0
DHPL,3/30/2022,295.8,300.9,286.1,300.0,3.45,9399.0,345.0,254.0
DHPL,3/31/2022,305.0,305.0,288.0,289.0,-3.67,16231.0,345.0,254.0
DHPL,4/3/2022,294.0,294.0,285.0,285.1,-1.35,6799.0,345.0,254.0
DHPL,4/4/2022,285.0,300.0,280.0,282.0,-1.09,6877.0,345.0,254.0
DHPL,4/5/2022,286.9,292.0,275.0,280.0,-0.71,8818.0,345.0,254.0
DHPL,4/6/2022,275.1,282.0,274.9,275.5,-1.61,7039.0,345.0,254.0
DHPL,4/7/2022,277.0,283.0,270.0,277.0,0.54,11850.0,345.0,254.0
DHPL,4/11/2022,282.5,286.0,265.0,269.0,-2.89,14718.0,345.0,254.0
DHPL,4/12/2022,266.0,270.0,260.0,260.0,-3.35,5275.0,345.0,254.0
DHPL,4/13/2022,260.0,265.2,249.9,261.0,0.38,9308.0,345.0,254.0
DHPL,4/17/2022,262.0,266.0,251.9,251.9,-3.49,5313.0,345.0,254.0
DHPL,4/18/2022,250.1,276.0,226.8,272.0,7.98,39036.0,345.0,254.0
DHPL,4/19/2022,266.6,273.0,248.0,248.0,-8.82,15570.0,345.0,254.0
DHPL,4/20/2022,252.9,272.8,241.0,242.0,-2.42,11537.0,345.0,254.0
DHPL,4/21/2022,240.1,254.0,230.6,244.1,0.87,6642.0,345.0,254.0
DHPL,4/24/2022,248.9,268.5,241.0,268.0,9.79,16552.0,345.0,254.0
DHPL,4/25/2022,272.0,279.0,259.1,265.0,-1.12,14118.0,345.0,254.0
DHPL,4/26/2022,264.0,267.0,260.0,262.5,-0.94,3140.0,345.0,254.0
DHPL,4/27/2022,260.0,263.0,248.0,259.0,-1.33,9335.0,345.0,254.0
DHPL,4/28/2022,264.0,265.0,255.0,256.0,-1.16,9172.0,345.0,254.0
DHPL,5/2/2022,250.9,250.9,235.0,235.0,-8.2,10138.0,345.0,254.0
DHPL,5/4/2022,231.0,244.0,230.0,230.0,-2.13,3573.0,345.0,254.0
DHPL,5/5/2022,226.0,233.0,220.0,220.0,-4.35,13013.0,345.0,254.0
DHPL,5/8/2022,224.0,231.5,211.7,231.5,5.23,7250.0,345.0,254.0
DHPL,5/9/2022,235.0,243.0,229.0,229.0,-1.08,7773.0,345.0,254.0
DHPL,5/10/2022,229.0,250.0,229.0,250.0,9.17,8341.0,345.0,254.0
DHPL,5/11/2022,250.0,275.0,245.0,271.0,8.4,27545.0,345.0,254.0
DHPL,5/12/2022,275.3,276.3,258.8,262.0,-3.32,12775.0,345.0,254.0
DHPL,5/17/2022,256.8,257.0,237.0,237.0,-9.54,12737.0,345.0,254.0
DHPL,5/18/2022,234.0,246.0,225.1,245.0,3.38,13725.0,345.0,254.0
DHPL,5/19/2022,242.1,254.8,240.0,240.0,-2.04,3818.0,345.0,254.0
DHPL,5/20/2022,244.8,249.0,238.0,239.0,-0.42,2816.0,345.0,254.0
DHPL,5/23/2022,236.0,243.7,231.0,243.7,1.97,9133.0,345.0,254.0
DHPL,5/24/2022,238.9,249.9,238.9,239.0,-1.93,12188.0,345.0,254.0
DHPL,5/25/2022,241.0,245.8,236.0,241.0,0.84,4908.0,345.0,254.0
DHPL,5/26/2022,241.2,241.5,236.0,240.0,-0.41,2415.0,345.0,254.0
DHPL,5/27/2022,240.0,240.0,231.0,231.0,-3.75,7298.0,345.0,254.0
DHPL,5/30/2022,235.6,235.6,223.5,228.0,-1.3,9869.0,345.0,254.0
DHPL,5/31/2022,223.5,235.0,220.0,221.2,-2.98,8329.0,345.0,254.0
DHPL,6/1/2022,225.6,230.1,224.0,225.0,1.72,1732.0,345.0,254.0
DHPL,6/2/2022,222.0,230.0,222.0,225.0,0.0,1940.0,345.0,254.0
DHPL,6/3/2022,225.0,226.0,217.1,222.9,-0.93,5245.0,345.0,254.0
DHPL,6/6/2022,226.9,228.0,218.5,220.0,-1.3,7447.0,345.0,254.0
DHPL,6/7/2022,221.0,221.0,210.0,213.0,-3.18,7575.0,345.0,254.0
DHPL,6/8/2022,215.0,233.0,214.0,230.0,7.98,10142.0,345.0,254.0
DHPL,6/9/2022,230.0,236.5,218.0,220.5,-4.13,12039.0,345.0,254.0
DHPL,6/10/2022,217.0,222.0,216.1,222.0,0.68,3795.0,345.0,254.0
DHPL,6/13/2022,225.0,228.9,214.0,228.9,3.11,10197.0,345.0,254.0
DHPL,6/14/2022,224.4,226.4,215.6,217.0,-5.2,8649.0,345.0,254.0
DHPL,6/15/2022,213.0,218.3,209.8,212.0,-2.3,10176.0,345.0,254.0
DHPL,6/16/2022,209.0,220.0,208.0,215.0,1.42,8486.0,345.0,254.0
DHPL,6/17/2022,219.2,219.2,210.0,214.0,-0.47,2277.0,345.0,254.0
DHPL,6/19/2022,214.0,214.0,197.0,201.4,-5.89,8205.0,345.0,254.0
DHPL,6/20/2022,201.0,201.0,185.0,185.0,-8.14,12147.0,345.0,254.0
DHPL,6/21/2022,185.0,196.0,185.0,193.8,4.76,7942.0,345.0,254.0
DHPL,6/22/2022,197.6,197.6,184.7,188.0,-2.99,3850.0,345.0,254.0
DHPL,6/23/2022,186.0,186.0,169.7,176.9,-5.9,14887.0,345.0,254.0
DHPL,6/24/2022,175.0,186.0,168.0,183.0,3.45,7849.0,345.0,254.0
DHPL,6/26/2022,186.6,198.3,186.6,198.3,8.36,19218.0,345.0,254.0
DHPL,6/27/2022,202.0,209.0,192.0,195.0,-1.66,18762.0,345.0,254.0
DHPL,6/28/2022,195.0,198.0,186.3,191.0,-2.05,3495.0,345.0,254.0
DHPL,6/29/2022,187.3,203.8,187.3,202.8,6.18,10663.0,345.0,254.0
DHPL,6/30/2022,205.0,219.0,200.0,211.0,4.04,23575.0,345.0,254.0
DHPL,7/1/2022,215.2,218.0,206.8,210.0,-0.47,6594.0,345.0,254.0
DHPL,7/3/2022,212.0,220.0,203.9,218.8,4.19,13144.0,345.0,254.0
DHPL,7/4/2022,222.0,230.3,213.7,217.9,-0.41,25927.0,345.0,254.0
DHPL,7/5/2022,215.0,222.0,205.0,205.0,-5.92,10313.0,345.0,254.0
DHPL,7/6/2022,206.0,213.2,201.0,212.0,3.41,8646.0,345.0,254.0
DHPL,7/7/2022,216.2,224.9,206.6,212.0,0.0,7967.0,345.0,254.0
DHPL,7/8/2022,208.0,212.1,202.0,207.2,-2.26,5504.0,345.0,254.0
DHPL,7/11/2022,204.0,204.0,189.3,192.5,-7.09,12661.0,345.0,254.0
DHPL,7/12/2022,193.1,199.1,188.0,192.0,-0.26,6462.0,345.0,254.0
DHPL,7/13/2022,195.8,205.0,195.8,203.0,5.73,8184.0,345.0,254.0
DHPL,7/14/2022,207.0,210.0,196.0,204.0,0.49,8519.0,345.0,254.0
DHPL,7/15/2022,200.2,205.8,200.0,205.0,0.49,4832.0,345.0,254.0
DHPL,7/17/2022,209.0,209.0,200.0,204.9,-0.05,4446.0,345.0,254.0
DHPL,7/18/2022,201.0,207.0,200.9,203.0,-0.93,4433.0,345.0,254.0
DHPL,7/19/2022,201.0,214.0,201.0,205.0,0.99,8687.0,345.0,254.0
DHPL,7/20/2022,202.0,208.0,202.0,207.0,0.98,8983.0,345.0,254.0
DHPL,7/21/2022,205.0,209.0,202.1,204.9,-1.01,5728.0,345.0,254.0
DHPL,7/22/2022,200.9,203.7,200.6,202.5,-1.17,8514.0,345.0,254.0
DHPL,7/24/2022,206.5,219.3,201.0,218.0,7.65,17865.0,345.0,254.0
DHPL,7/25/2022,222.0,227.4,216.0,227.4,4.31,31448.0,345.0,254.0
DHPL,7/26/2022,231.0,231.9,219.0,221.0,-2.81,19279.0,345.0,254.0
DHPL,7/27/2022,223.0,233.0,213.0,228.0,3.17,14933.0,345.0,254.0
DHPL,7/28/2022,232.5,237.9,224.0,233.0,2.19,31695.0,345.0,254.0
DHPL,7/29/2022,233.0,234.0,226.0,232.4,-0.26,7146.0,345.0,254.0
DHPL,7/31/2022,236.9,246.5,236.0,239.0,2.84,30009.0,345.0,254.0
DHPL,8/1/2022,239.0,244.0,230.5,236.0,-1.26,24373.0,345.0,254.0
DHPL,8/2/2022,231.3,244.5,231.0,234.0,-0.85,10389.0,345.0,254.0
DHPL,8/3/2022,238.3,244.0,236.0,240.0,2.56,25354.0,345.0,254.0
DHPL,8/4/2022,235.2,240.0,233.0,236.0,-1.67,18794.0,345.0,254.0
DHPL,8/5/2022,235.0,237.0,225.6,225.6,-4.41,11455.0,345.0,254.0
DHPL,8/7/2022,224.0,232.9,224.0,231.5,2.62,12836.0,345.0,254.0
DHPL,8/8/2022,229.0,234.6,225.0,229.0,-1.08,14101.0,345.0,254.0
DHPL,8/9/2022,229.0,229.0,221.5,221.5,-3.28,11927.0,345.0,254.0
DHPL,8/10/2022,222.0,222.1,218.0,222.0,0.23,11005.0,345.0,254.0
DHPL,8/11/2022,222.0,225.0,213.3,214.0,-3.6,5340.0,345.0,254.0
DHPL,8/14/2022,216.0,216.0,202.9,203.2,-5.05,17675.0,345.0,254.0
DHPL,8/15/2022,205.0,220.0,205.0,220.0,8.27,18868.0,345.0,254.0
DHPL,8/16/2022,224.0,228.0,213.1,214.0,-2.73,18459.0,345.0,254.0
DHPL,8/17/2022,218.0,221.0,210.3,214.0,0.0,6722.0,345.0,254.0
DHPL,8/18/2022,214.0,225.0,212.0,219.9,2.76,12932.0,345.0,254.0
DHPL,8/21/2022,220.0,228.0,216.0,216.0,-1.77,10600.0,345.0,254.0
DHPL,8/22/2022,215.0,219.0,212.3,216.0,0.0,10333.0,345.0,254.0
DHPL,8/23/2022,218.0,219.9,213.8,218.0,0.93,3945.0,345.0,254.0
DHPL,8/24/2022,222.0,223.0,217.0,217.1,-0.41,4257.0,345.0,254.0
DHPL,8/25/2022,219.0,220.9,208.3,210.0,-3.27,9150.0,345.0,254.0
DHPL,8/26/2022,214.2,214.2,207.8,207.8,-1.05,6219.0,345.0,254.0
DHPL,8/28/2022,206.1,209.0,200.0,203.5,-2.07,16806.0,345.0,254.0
DHPL,8/29/2022,205.5,205.9,200.0,204.0,0.25,12708.0,345.0,254.0
DHPL,8/30/2022,207.0,207.0,203.0,206.0,0.98,3151.0,345.0,254.0
DHPL,8/31/2022,209.8,209.8,199.2,200.0,-2.91,4935.0,345.0,254.0
DHPL,9/1/2022,196.0,206.9,195.5,203.0,1.5,8862.0,345.0,254.0
DHPL,9/2/2022,207.0,207.0,200.1,203.0,0.0,2325.0,345.0,254.0
DHPL,9/4/2022,206.9,207.0,199.0,201.0,-0.99,7615.0,345.0,254.0
DHPL,9/5/2022,205.0,205.0,201.0,201.0,0.0,4104.0,345.0,254.0
DHPL,9/6/2022,205.0,205.0,197.5,200.0,-0.5,5445.0,345.0,254.0
DHPL,9/7/2022,196.0,198.8,196.0,198.0,-1.0,1447.0,345.0,254.0
DHPL,9/8/2022,201.0,201.0,192.0,198.0,0.0,6828.0,345.0,254.0
DHPL,9/11/2022,195.0,201.9,193.0,195.0,-1.52,4903.0,345.0,254.0
DHPL,9/12/2022,197.0,197.0,188.2,189.7,-2.72,8362.0,345.0,254.0
DHPL,9/13/2022,191.1,199.0,191.1,194.0,2.27,3958.0,345.0,254.0
DHPL,9/14/2022,197.8,207.1,195.0,207.1,6.75,16017.0,345.0,254.0
DHPL,9/15/2022,203.0,204.8,194.0,194.0,-6.33,9743.0,345.0,254.0
DHPL,9/16/2022,194.0,196.0,190.0,195.0,0.52,2888.0,345.0,254.0
DHPL,9/18/2022,192.0,192.0,183.0,183.0,-6.15,7472.0,345.0,254.0
DHPL,9/20/2022,180.0,180.0,176.0,177.0,-3.28,6854.0,345.0,254.0
DHPL,9/21/2022,180.5,184.1,176.0,179.9,1.64,4795.0,345.0,254.0
DHPL,9/22/2022,176.5,178.0,176.0,176.0,-2.17,3305.0,345.0,254.0
DHPL,9/25/2022,173.0,173.0,166.6,170.0,-3.41,6748.0,345.0,254.0
DHPL,9/27/2022,170.0,179.9,170.0,173.0,1.76,1329.0,345.0,254.0
DHPL,9/28/2022,175.0,178.5,171.5,172.0,-0.58,4424.0,345.0,254.0
DHPL,9/29/2022,175.4,177.9,171.9,175.0,1.74,3242.0,345.0,254.0
DHPL,10/9/2022,178.5,181.0,176.1,179.0,2.29,3640.0,345.0,254.0
DHPL,10/10/2022,176.0,182.0,169.0,175.7,-1.84,1998.0,345.0,254.0
DHPL,10/11/2022,173.0,173.0,171.0,171.1,-2.62,645.0,345.0,254.0
DHPL,10/12/2022,174.5,180.5,174.0,179.0,4.62,2346.0,345.0,254.0
DHPL,10/13/2022,176.0,179.0,173.0,173.7,-2.96,4575.0,345.0,254.0
DHPL,10/16/2022,177.1,177.1,168.3,169.0,-2.71,2000.0,345.0,254.0
DHPL,10/17/2022,165.7,172.3,165.7,168.1,-0.53,5056.0,345.0,254.0
DHPL,10/19/2022,171.1,171.1,163.0,165.0,-1.84,3450.0,345.0,254.0
DHPL,10/20/2022,165.0,170.0,162.0,168.0,1.82,2455.0,345.0,254.0
DHPL,10/23/2022,168.0,168.0,165.0,166.0,-1.19,1229.0,345.0,254.0
DHPL,10/31/2022,166.0,168.9,160.1,160.1,-3.55,3554.0,345.0,254.0
DHPL,11/1/2022,161.1,176.1,161.1,174.0,8.68,10771.0,345.0,254.0
DHPL,11/2/2022,174.0,188.7,172.0,183.1,5.23,15220.0,345.0,254.0
DHPL,11/3/2022,180.0,183.7,175.5,180.0,-1.69,2164.0,345.0,254.0
DHPL,11/6/2022,183.6,187.0,180.1,186.1,3.39,7929.0,345.0,254.0
DHPL,11/7/2022,185.0,194.0,181.3,181.6,-2.42,9711.0,345.0,254.0
DHPL,11/8/2022,182.0,185.0,177.1,180.0,-0.88,8025.0,345.0,254.0
DHPL,11/9/2022,180.0,183.0,173.5,174.0,-3.33,6523.0,345.0,254.0
DHPL,11/10/2022,177.3,177.3,171.0,172.5,-0.86,2664.0,345.0,254.0
DHPL,11/13/2022,169.5,175.0,167.2,169.0,-2.03,5021.0,345.0,254.0
DHPL,11/14/2022,166.6,172.5,166.5,172.0,1.78,3600.0,345.0,254.0
DHPL,11/15/2022,175.4,180.0,169.1,169.1,-1.69,5004.0,345.0,254.0
DHPL,11/16/2022,172.4,175.8,172.0,172.0,1.71,1907.0,345.0,254.0
DHPL,11/17/2022,175.0,183.0,175.0,178.3,3.66,5736.0,345.0,254.0
DHPL,11/22/2022,176.0,182.5,176.0,176.1,-1.23,4934.0,345.0,254.0
DHPL,11/23/2022,176.5,178.0,174.0,177.9,1.02,2397.0,345.0,254.0
DHPL,11/24/2022,177.0,182.0,177.0,181.0,1.74,8551.0,345.0,254.0
DHPL,11/27/2022,177.4,186.0,177.4,185.0,2.21,9429.0,345.0,254.0
DHPL,11/28/2022,188.7,192.0,183.0,183.0,-1.08,5408.0,345.0,254.0
DHPL,11/29/2022,183.0,186.0,181.0,183.1,0.05,4973.0,345.0,254.0
DHPL,11/30/2022,180.1,183.0,180.0,180.5,-1.42,2603.0,345.0,254.0
DHPL,12/1/2022,180.0,186.0,178.0,184.8,2.38,7615.0,345.0,254.0
DHPL,12/4/2022,181.2,187.0,180.0,183.0,-0.97,1504.0,345.0,254.0
DHPL,12/5/2022,183.0,183.0,178.8,178.9,-2.24,6516.0,345.0,254.0
DHPL,12/6/2022,178.0,180.9,173.0,179.0,0.06,3577.0,345.0,254.0
DHPL,12/7/2022,178.0,178.0,172.1,175.0,-2.23,4473.0,345.0,254.0
DHPL,12/11/2022,172.0,177.0,170.0,173.0,-1.14,5878.0,345.0,254.0
DHPL,12/12/2022,173.0,177.0,170.0,173.5,0.29,5370.0,345.0,254.0
DHPL,12/13/2022,176.9,180.0,171.5,171.5,-1.15,1318.0,345.0,254.0
DHPL,12/14/2022,173.0,175.0,173.0,175.0,2.04,2560.0,345.0,254.0
DHPL,12/15/2022,171.6,173.0,170.0,171.0,-2.29,2255.0,345.0,254.0
DHPL,12/18/2022,168.0,170.0,165.0,170.0,-0.58,5239.0,345.0,254.0
DHPL,12/19/2022,167.0,173.4,167.0,169.6,-0.24,611.0,345.0,254.0
DHPL,12/20/2022,169.0,173.5,169.0,172.0,1.42,1597.0,345.0,254.0
DHPL,12/21/2022,172.0,172.0,169.0,171.8,-0.12,2264.0,345.0,254.0
DHPL,12/22/2022,169.0,170.0,166.1,169.0,-1.63,2185.0,345.0,254.0
DHPL,12/26/2022,172.3,182.0,172.3,182.0,7.69,10871.0,345.0,254.0
DHPL,12/27/2022,185.6,198.0,181.0,195.0,7.14,28364.0,345.0,254.0
DHPL,12/28/2022,197.0,202.8,187.2,194.0,-0.51,5562.0,345.0,254.0
DHPL,12/29/2022,197.0,209.9,188.0,209.0,7.73,17981.0,345.0,254.0
DHPL,1/1/2023,209.0,215.0,201.8,202.3,-3.21,27493.0,345.0,254.0
DHPL,1/2/2023,202.0,206.1,200.0,205.0,1.33,11413.0,345.0,254.0
DHPL,1/3/2023,209.0,209.0,200.0,204.9,-0.05,7587.0,345.0,254.0
DHPL,1/4/2023,200.9,219.3,200.9,217.0,5.91,13829.0,345.0,254.0
DHPL,1/5/2023,217.0,223.0,213.0,220.0,1.38,15934.0,345.0,254.0
DHPL,1/8/2023,219.0,227.0,215.2,219.0,-0.45,32339.0,345.0,254.0
DHPL,1/9/2023,216.0,240.9,216.0,238.1,8.72,43779.0,345.0,254.0
DHPL,1/10/2023,242.0,258.0,239.0,247.0,3.74,50500.0,345.0,254.0
DHPL,1/12/2023,251.9,255.0,229.3,232.0,-6.07,34921.0,345.0,254.0
DHPL,1/17/2023,235.6,247.7,226.0,244.9,5.56,38476.0,345.0,254.0
DHPL,1/18/2023,249.7,262.0,245.0,250.0,2.08,32383.0,345.0,254.0
DHPL,1/19/2023,250.0,257.0,245.0,245.0,-2.0,16993.0,345.0,254.0
DHPL,1/23/2023,249.9,249.9,237.0,237.2,-3.18,12072.0,345.0,254.0
DHPL,1/24/2023,241.9,245.0,228.1,238.0,0.34,16110.0,345.0,254.0
DHPL,1/25/2023,242.7,253.0,242.0,249.9,5.0,44930.0,345.0,254.0
DHPL,1/26/2023,245.0,259.8,245.0,250.0,0.04,20134.0,345.0,254.0
DHPL,1/29/2023,245.0,253.0,240.1,248.0,-0.8,26852.0,345.0,254.0
DHPL,1/30/2023,247.0,250.0,240.0,240.0,-3.23,22647.0,345.0,254.0
DHPL,1/31/2023,235.2,244.8,233.0,235.6,-1.83,20007.0,345.0,254.0
DHPL,2/1/2023,236.0,245.0,235.0,238.8,1.36,9035.0,345.0,254.0
DHPL,2/2/2023,243.0,243.0,229.9,232.9,-2.47,14191.0,345.0,254.0
DHPL,2/5/2023,230.5,237.5,230.0,233.0,0.04,7719.0,345.0,254.0
DHPL,2/6/2023,234.0,237.0,230.0,234.0,0.43,7485.0,345.0,254.0
DHPL,2/7/2023,235.0,250.0,234.0,250.0,6.84,28013.0,345.0,254.0
DHPL,2/8/2023,252.0,258.9,244.0,248.0,-0.8,26489.0,345.0,254.0
DHPL,2/9/2023,248.0,257.0,244.0,249.0,0.4,14582.0,345.0,254.0
DHPL,2/12/2023,250.0,250.0,237.0,237.0,-4.82,16297.0,345.0,254.0
DHPL,2/14/2023,232.3,239.9,232.3,236.0,-0.42,6428.0,345.0,254.0
DHPL,2/15/2023,239.5,240.7,233.9,233.9,-0.89,8251.0,345.0,254.0
DHPL,2/16/2023,230.3,235.0,227.0,228.0,-2.52,13610.0,345.0,254.0
DHPL,2/20/2023,224.0,232.0,222.0,225.0,-1.32,8701.0,345.0,254.0
DHPL,2/22/2023,229.5,243.3,227.0,241.0,7.11,22457.0,345.0,254.0
DHPL,2/23/2023,242.5,242.5,228.7,229.1,-4.94,14309.0,345.0,254.0
DHPL,2/26/2023,224.6,240.0,214.5,234.8,2.49,20700.0,345.0,254.0
DHPL,2/27/2023,234.0,238.0,224.0,232.0,-1.19,7277.0,345.0,254.0
DHPL,2/28/2023,228.0,238.0,228.0,230.3,-0.73,13521.0,345.0,254.0
DHPL,3/1/2023,234.9,239.0,226.4,232.0,0.74,10545.0,345.0,254.0
DHPL,3/2/2023,235.0,235.0,223.0,227.0,-2.16,7318.0,345.0,254.0
DHPL,3/5/2023,231.5,240.7,219.0,223.0,-1.76,7294.0,345.0,254.0
DHPL,3/7/2023,218.6,229.0,218.6,226.0,1.35,6382.0,345.0,254.0
DHPL,3/9/2023,230.0,234.0,227.0,230.1,1.81,16121.0,345.0,254.0
DHPL,3/12/2023,234.7,239.2,227.5,229.9,-0.09,15686.0,345.0,254.0
DHPL,3/13/2023,234.0,234.0,223.5,227.9,-0.87,2583.0,345.0,254.0
DHPL,3/14/2023,232.4,232.4,221.5,230.0,0.92,7525.0,345.0,254.0
DHPL,3/15/2023,234.6,234.6,226.0,230.0,0.0,15498.0,345.0,254.0
DHPL,3/16/2023,225.5,233.0,225.5,229.9,-0.04,3033.0,345.0,254.0
DHPL,3/19/2023,226.0,232.0,226.0,229.9,0.0,4265.0,345.0,254.0
DHPL,3/20/2023,234.4,234.4,227.5,230.0,0.04,4580.0,345.0,254.0
DHPL,3/22/2023,234.6,235.0,226.0,230.9,0.39,6517.0,345.0,254.0
DHPL,3/23/2023,226.3,228.9,225.0,228.3,-1.13,3444.0,345.0,254.0
DHPL,3/26/2023,224.2,227.0,216.7,221.0,-3.2,7663.0,345.0,254.0
DHPL,3/27/2023,217.1,226.4,217.1,225.9,2.22,6464.0,345.0,254.0
DHPL,3/28/2023,230.4,230.5,223.1,228.9,1.33,2334.0,345.0,254.0
DHPL,3/29/2023,224.4,227.0,220.1,226.5,-1.05,1014.0,345.0,254.0
DHPL,3/30/2023,222.2,225.9,222.2,225.9,-0.26,1275.0,345.0,254.0
DHPL,4/2/2023,230.1,232.8,215.0,215.0,-4.83,5688.0,345.0,254.0
DHPL,4/3/2023,212.1,217.0,212.1,213.2,-0.84,5058.0,345.0,254.0
DHPL,4/4/2023,215.0,215.0,209.0,213.5,0.14,8663.0,345.0,254.0
DHPL,4/5/2023,213.0,217.0,210.0,215.9,1.12,3071.0,345.0,254.0
DHPL,4/6/2023,215.0,215.0,210.7,213.0,-1.34,5897.0,345.0,254.0
DHPL,4/9/2023,210.0,212.0,206.4,212.0,-0.47,4045.0,345.0,254.0
DHPL,4/10/2023,212.0,212.0,205.0,209.0,-1.42,5712.0,345.0,254.0
DHPL,4/11/2023,207.0,214.0,206.9,213.0,1.91,2942.0,345.0,254.0
DHPL,4/12/2023,217.0,227.0,215.0,227.0,6.57,14525.0,345.0,254.0
DHPL,4/13/2023,228.0,229.0,218.0,218.0,-3.96,9308.0,345.0,254.0
DHPL,4/16/2023,222.2,222.2,216.2,216.5,-0.69,5607.0,345.0,254.0
DHPL,4/17/2023,216.0,218.0,209.0,212.0,-2.08,5810.0,345.0,254.0
DHPL,4/18/2023,214.8,214.8,208.1,212.9,0.42,3245.0,345.0,254.0
DHPL,4/19/2023,215.0,217.0,210.0,216.0,1.46,4445.0,345.0,254.0
DHPL,4/20/2023,217.0,218.9,213.0,213.0,-1.39,6398.0,345.0,254.0
DHPL,4/23/2023,209.0,213.1,209.0,212.4,-0.28,1362.0,345.0,254.0
DHPL,4/24/2023,208.3,215.0,208.3,212.0,-0.19,4598.0,345.0,254.0
DHPL,4/25/2023,210.0,217.9,210.0,217.9,2.78,2792.0,345.0,254.0
DHPL,4/26/2023,219.8,219.8,211.2,216.0,-0.87,265.0,345.0,254.0
DHPL,4/27/2023,215.0,215.0,211.0,212.8,-1.48,3678.0,345.0,254.0
DHPL,4/30/2023,216.0,216.0,208.0,211.0,-0.85,5275.0,345.0,254.0
DHPL,5/2/2023,210.0,211.0,207.0,209.9,-0.52,3203.0,345.0,254.0
DHPL,5/3/2023,206.2,209.0,205.1,209.0,-0.43,3220.0,345.0,254.0
DHPL,5/4/2023,206.0,213.0,205.0,212.0,1.44,1969.0,345.0,254.0
DHPL,5/7/2023,207.8,209.0,205.1,209.0,-1.42,3371.0,345.0,254.0
DHPL,5/8/2023,205.0,205.0,199.0,200.0,-4.31,4077.0,345.0,254.0
DHPL,5/9/2023,196.1,212.0,196.0,201.1,0.55,727.0,345.0,254.0
DHPL,5/10/2023,202.0,208.0,200.0,203.9,1.39,696.0,345.0,254.0
DHPL,5/11/2023,199.9,204.4,196.5,203.0,-0.44,3464.0,345.0,254.0
DHPL,5/14/2023,199.0,199.0,191.4,198.9,-2.02,2088.0,345.0,254.0
DHPL,5/15/2023,195.2,202.7,191.2,200.0,0.55,3999.0,345.0,254.0
DHPL,5/16/2023,196.0,202.9,192.1,202.9,1.45,2514.0,345.0,254.0
DHPL,5/17/2023,206.0,206.0,202.0,204.9,0.99,1371.0,345.0,254.0
DHPL,5/18/2023,200.9,208.9,200.9,205.0,0.05,23614.0,345.0,254.0
DHPL,5/21/2023,203.0,213.0,203.0,209.0,1.95,10331.0,345.0,254.0
DHPL,5/22/2023,211.0,211.0,204.0,205.7,-1.58,3107.0,345.0,254.0
DHPL,5/23/2023,202.5,213.0,202.5,211.0,2.58,19372.0,345.0,254.0
DHPL,5/24/2023,215.2,218.0,202.9,211.9,0.43,8144.0,345.0,254.0
DHPL,5/28/2023,213.9,214.0,208.0,209.0,-1.37,16888.0,345.0,254.0
DHPL,5/30/2023,210.0,212.5,199.0,199.0,-4.78,9114.0,345.0,254.0
DHPL,5/31/2023,199.0,203.0,195.1,196.0,-1.51,6198.0,345.0,254.0
DHPL,6/1/2023,199.9,200.0,196.0,197.0,0.51,4877.0,345.0,254.0
DHPL,6/4/2023,200.0,205.2,200.0,205.0,4.06,5826.0,345.0,254.0
DHPL,6/5/2023,209.1,209.9,202.0,203.0,-0.98,1415.0,345.0,254.0
DHPL,6/6/2023,199.3,204.0,199.3,203.0,0.0,4675.0,345.0,254.0
DHPL,6/7/2023,206.5,207.0,200.9,201.0,-0.99,15696.0,345.0,254.0
DHPL,6/8/2023,197.0,202.0,197.0,200.0,-0.5,8059.0,345.0,254.0
DHPL,6/11/2023,196.0,205.0,196.0,204.0,2.0,21266.0,345.0,254.0
DHPL,6/12/2023,206.0,207.0,200.0,204.0,0.0,17661.0,345.0,254.0
DHPL,6/13/2023,200.0,208.0,200.0,205.7,0.83,32597.0,345.0,254.0
DHPL,6/14/2023,208.9,210.0,200.3,207.0,0.63,39051.0,345.0,254.0
DHPL,6/15/2023,205.0,206.8,198.1,203.7,-1.59,23915.0,345.0,254.0
DHPL,6/18/2023,200.0,204.0,200.0,203.0,-0.34,23802.0,345.0,254.0
DHPL,6/19/2023,200.0,204.0,195.6,199.5,-1.72,21161.0,345.0,254.0
DHPL,6/20/2023,196.0,205.0,194.8,195.0,-2.26,17648.0,345.0,254.0
DHPL,6/21/2023,192.0,200.0,192.0,194.8,-0.1,12887.0,345.0,254.0
DHPL,6/22/2023,192.0,195.9,188.6,193.0,-0.92,13358.0,345.0,254.0
DHPL,6/25/2023,195.0,198.5,191.0,195.0,1.04,19582.0,345.0,254.0
DHPL,6/26/2023,198.9,214.5,198.9,204.0,4.62,62252.0,345.0,254.0
DHPL,6/27/2023,208.0,208.0,203.0,204.9,0.44,19282.0,345.0,254.0
DHPL,6/28/2023,208.0,208.0,198.5,198.5,-3.12,16240.0,345.0,254.0
DHPL,7/2/2023,199.0,199.0,188.0,194.4,-2.07,14282.0,345.0,254.0
DHPL,7/3/2023,197.8,197.8,189.1,189.5,-2.52,12295.0,345.0,254.0
DHPL,7/4/2023,192.0,192.0,184.3,185.1,-2.32,9705.0,345.0,254.0
DHPL,7/5/2023,187.0,187.0,171.0,184.4,-0.38,11464.0,345.0,254.0
DHPL,7/6/2023,180.8,187.0,176.8,180.0,-2.39,8936.0,345.0,254.0
DHPL,7/9/2023,177.0,180.4,174.0,178.5,-0.83,7412.0,345.0,254.0
DHPL,7/10/2023,177.0,185.0,175.0,178.0,-0.28,7930.0,345.0,254.0
DHPL,7/11/2023,178.0,180.0,175.6,177.0,-0.56,5848.0,345.0,254.0
DHPL,7/12/2023,173.5,194.0,173.5,194.0,9.6,16150.0,345.0,254.0
DHPL,7/13/2023,197.8,201.7,190.2,190.2,-1.96,9841.0,345.0,254.0
DHPL,7/16/2023,187.0,188.5,184.0,185.0,-2.73,5740.0,345.0,254.0
DHPL,7/17/2023,182.0,190.0,181.5,190.0,2.7,4297.0,345.0,254.0
DHPL,7/18/2023,190.0,191.0,186.2,188.0,-1.05,7569.0,345.0,254.0
DHPL,7/19/2023,184.4,187.0,183.0,183.0,-2.66,5832.0,345.0,254.0
DHPL,7/20/2023,181.0,188.0,181.0,184.1,0.6,5358.0,345.0,254.0
DHPL,7/23/2023,187.7,188.8,184.0,188.0,2.12,10266.0,345.0,254.0
DHPL,7/24/2023,191.7,191.7,184.0,185.0,-1.6,9238.0,345.0,254.0
DHPL,7/25/2023,185.0,187.0,183.0,185.0,0.0,9040.0,345.0,254.0
DHPL,7/26/2023,187.0,187.0,180.0,183.0,-1.08,10420.0,345.0,254.0
DHPL,7/27/2023,183.0,183.0,178.0,178.4,-2.51,10074.0,345.0,254.0
DHPL,7/30/2023,177.0,182.5,174.0,175.0,-1.91,7582.0,345.0,254.0
DHPL,7/31/2023,178.5,182.0,178.0,178.0,1.71,1988.0,345.0,254.0
DHPL,8/1/2023,175.0,185.0,175.0,175.0,-1.69,2687.0,345.0,254.0
DHPL,8/2/2023,178.0,178.0,163.0,175.0,0.0,8768.0,345.0,254.0
DHPL,8/3/2023,178.5,178.5,171.5,172.0,-1.71,6239.0,345.0,254.0
DHPL,8/6/2023,169.0,172.0,162.0,168.9,-1.8,6208.0,345.0,254.0
DHPL,8/7/2023,168.1,169.0,164.8,164.8,-2.43,3519.0,345.0,254.0
DHPL,8/8/2023,165.0,168.0,162.0,163.9,-0.55,6144.0,345.0,254.0
DHPL,8/9/2023,161.0,163.0,157.5,161.0,-1.77,18978.0,345.0,254.0
DHPL,8/10/2023,164.2,164.2,158.3,158.3,-1.68,13301.0,345.0,254.0
DHPL,8/13/2023,158.3,163.0,156.0,161.0,1.71,4799.0,345.0,254.0
DHPL,8/14/2023,161.0,163.0,158.0,158.0,-1.86,4905.0,345.0,254.0
DHPL,8/15/2023,159.0,160.0,155.5,157.5,-0.32,12918.0,345.0,254.0
DHPL,8/16/2023,160.6,163.8,155.0,157.0,-0.32,3176.0,345.0,254.0
DHPL,8/17/2023,159.9,163.0,157.0,157.0,0.0,6468.0,345.0,254.0
DHPL,8/20/2023,155.0,157.9,146.2,150.2,-4.33,4602.0,345.0,254.0
DHPL,8/21/2023,147.2,152.0,144.3,149.0,-0.8,8070.0,345.0,254.0
DHPL,8/22/2023,149.5,153.0,148.0,150.0,0.67,2715.0,345.0,254.0
DHPL,8/23/2023,148.0,160.8,145.1,159.0,6.0,4711.0,345.0,254.0
DHPL,8/24/2023,159.0,162.0,156.8,157.0,-1.26,4744.0,345.0,254.0
DHPL,8/27/2023,155.1,155.1,146.2,150.0,-4.46,4980.0,345.0,254.0
DHPL,8/28/2023,150.1,151.0,148.1,150.0,0.0,3885.0,345.0,254.0
DHPL,8/29/2023,147.0,152.0,147.0,148.6,-0.93,1790.0,345.0,254.0
DHPL,8/30/2023,146.1,151.9,146.1,148.2,-0.27,1212.0,345.0,254.0
DHPL,9/3/2023,145.5,145.9,142.7,145.0,-2.16,5434.0,345.0,254.0
DHPL,9/4/2023,142.1,147.7,142.1,147.6,1.79,2970.0,345.0,254.0
DHPL,9/5/2023,146.0,148.7,143.0,143.0,-3.12,2726.0,345.0,254.0
DHPL,9/7/2023,143.0,143.0,139.9,139.9,-2.17,6572.0,345.0,254.0
DHPL,9/10/2023,142.0,144.8,137.2,138.0,-1.36,3703.0,345.0,254.0
DHPL,9/11/2023,140.6,143.5,135.4,141.0,2.17,9677.0,345.0,254.0
DHPL,9/12/2023,140.0,142.8,138.0,140.0,-0.71,4201.0,345.0,254.0
DHPL,9/13/2023,142.6,151.0,142.1,145.9,4.21,2357.0,345.0,254.0
DHPL,9/17/2023,148.0,148.0,140.7,143.0,-1.99,7605.0,345.0,254.0
DHPL,9/18/2023,145.8,146.0,143.0,144.0,0.7,1026.0,345.0,254.0
DHPL,9/19/2023,142.0,145.8,140.0,145.0,0.69,3971.0,345.0,254.0
DHPL,9/21/2023,147.9,159.5,147.9,159.5,10.0,38444.0,345.0,254.0
DHPL,9/24/2023,162.1,175.4,151.0,156.0,-2.19,81027.0,345.0,254.0
DHPL,9/25/2023,159.1,159.1,152.0,155.0,-0.64,14960.0,345.0,254.0
DHPL,9/26/2023,158.0,167.5,158.0,160.0,3.23,42235.0,345.0,254.0
DHPL,9/27/2023,160.0,160.0,156.0,159.0,-0.62,7828.0,345.0,254.0
DHPL,10/1/2023,156.0,156.0,150.0,150.0,-5.66,23665.0,345.0,254.0
DHPL,10/2/2023,147.1,155.0,145.3,151.0,0.67,25765.0,345.0,254.0
DHPL,10/3/2023,148.4,151.9,145.0,145.1,-3.91,21942.0,345.0,254.0
DHPL,10/4/2023,147.0,159.6,145.0,156.1,7.58,45288.0,345.0,254.0
DHPL,10/5/2023,153.0,155.0,149.9,149.9,-3.97,9095.0,345.0,254.0
DHPL,10/8/2023,151.0,154.0,144.0,147.5,-1.6,17863.0,345.0,254.0
DHPL,10/9/2023,147.5,159.1,144.0,148.5,0.68,9101.0,345.0,254.0
DHPL,10/10/2023,151.4,154.0,146.0,146.0,-1.68,8503.0,345.0,254.0
DHPL,10/11/2023,148.9,151.1,146.0,148.9,1.99,7428.0,345.0,254.0
DHPL,10/12/2023,146.0,147.9,142.6,144.0,-3.29,13769.0,345.0,254.0
DHPL,10/16/2023,146.8,149.7,141.3,142.0,-1.39,7068.0,345.0,254.0
DHPL,10/17/2023,144.5,148.5,142.2,144.0,1.41,10339.0,345.0,254.0
DHPL,10/18/2023,146.8,151.9,146.5,147.0,2.08,7726.0,345.0,254.0
DHPL,10/19/2023,149.9,149.9,144.0,144.2,-1.9,5495.0,345.0,254.0
DHPL,10/29/2023,147.0,147.0,141.7,142.5,-1.18,3639.0,345.0,254.0
DHPL,10/30/2023,142.0,146.4,142.0,145.7,2.25,7996.0,345.0,254.0
DHPL,10/31/2023,146.0,151.0,144.1,144.1,-1.1,6507.0,345.0,254.0
DHPL,11/1/2023,146.8,149.7,142.9,143.5,-0.42,3936.0,345.0,254.0
DHPL,11/2/2023,144.0,144.0,139.5,139.5,-2.79,5282.0,345.0,254.0
DHPL,11/5/2023,137.1,139.8,135.0,136.0,-2.51,3643.0,345.0,254.0
DHPL,11/6/2023,137.0,146.5,137.0,144.0,5.88,6776.0,345.0,254.0
DHPL,11/7/2023,146.8,146.8,141.2,142.0,-1.39,4411.0,345.0,254.0
DHPL,11/8/2023,144.8,148.0,140.7,143.5,1.06,870.0,345.0,254.0
DHPL,11/9/2023,146.3,152.0,139.9,139.9,-2.51,4531.0,345.0,254.0
DHPL,11/20/2023,142.0,147.5,138.0,138.0,-1.36,3346.0,345.0,254.0
DHPL,11/21/2023,136.0,142.0,136.0,136.6,-1.01,5698.0,345.0,254.0
DHPL,11/22/2023,135.0,140.0,134.0,138.0,1.02,5492.0,345.0,254.0
DHPL,11/23/2023,140.7,143.2,137.0,143.0,3.62,7435.0,345.0,254.0
DHPL,11/26/2023,144.7,153.0,142.1,148.0,3.5,10587.0,345.0,254.0
DHPL,11/27/2023,150.0,153.0,144.0,149.3,0.88,17233.0,345.0,254.0
DHPL,11/28/2023,151.5,152.2,144.1,145.2,-2.75,4983.0,345.0,254.0
DHPL,11/29/2023,148.1,148.5,143.7,146.0,0.55,2333.0,345.0,254.0
DHPL,11/30/2023,148.9,151.7,141.1,142.0,-2.74,8576.0,345.0,254.0
DHPL,12/3/2023,140.0,142.7,139.5,142.7,0.49,2811.0,345.0,254.0
DHPL,12/4/2023,145.4,145.4,140.6,140.6,-1.47,3971.0,345.0,254.0
DHPL,12/5/2023,143.4,145.5,139.3,139.5,-0.78,10067.0,345.0,254.0
DHPL,12/6/2023,139.9,145.3,138.0,138.0,-1.08,6854.0,345.0,254.0
DHPL,12/7/2023,140.0,143.0,138.0,140.0,1.45,8286.0,345.0,254.0
DHPL,12/10/2023,142.8,148.5,142.8,148.5,6.07,1050.0,345.0,254.0
DHPL,12/11/2023,151.0,163.0,148.1,150.0,1.01,29783.0,345.0,254.0
DHPL,12/12/2023,152.0,156.0,150.1,153.1,2.07,10519.0,345.0,254.0
DHPL,12/13/2023,155.0,158.1,152.4,157.8,3.07,25777.0,345.0,254.0
DHPL,12/14/2023,160.0,168.1,155.1,167.2,5.96,53985.0,345.0,254.0
DHPL,12/17/2023,163.9,182.5,161.1,182.0,8.85,42244.0,345.0,254.0
DHPL,12/18/2023,185.6,200.0,171.5,184.0,1.1,81620.0,345.0,254.0
DHPL,12/19/2023,187.0,190.7,179.0,186.0,1.09,24749.0,345.0,254.0
DHPL,12/20/2023,183.3,195.0,182.3,188.0,1.08,40642.0,345.0,254.0
DHPL,12/21/2023,191.6,193.0,181.1,181.3,-3.56,32991.0,345.0,254.0
DHPL,12/24/2023,182.0,185.1,176.5,176.5,-2.65,33830.0,345.0,254.0
DHPL,12/27/2023,180.0,182.0,162.2,168.0,-4.82,26030.0,345.0,254.0
DHPL,12/28/2023,171.3,181.6,164.0,170.0,1.19,23720.0,345.0,254.0
DHPL,1/1/2024,173.4,176.0,170.0,170.0,0.0,18185.0,345.0,254.0
DHPL,1/2/2024,170.9,171.0,165.0,165.0,-2.94,11597.0,345.0,254.0
DHPL,1/3/2024,165.0,181.5,165.0,181.5,10.0,30269.0,345.0,254.0
DHPL,1/4/2024,185.1,194.0,185.1,186.0,2.48,70764.0,345.0,254.0
DHPL,1/7/2024,189.7,194.0,178.0,188.0,1.08,28636.0,345.0,254.0
DHPL,1/8/2024,188.0,190.0,183.0,188.8,0.43,26351.0,345.0,254.0
DHPL,1/9/2024,189.0,191.0,183.4,186.0,-1.48,29626.0,345.0,254.0
DHPL,1/10/2024,186.0,201.1,183.0,186.0,0.0,19856.0,345.0,254.0
DHPL,1/11/2024,186.0,193.8,182.3,189.4,1.83,36283.0,345.0,254.0
DHPL,1/14/2024,193.0,208.3,193.0,208.3,9.98,109049.0,345.0,254.0
DHPL,1/16/2024,212.4,229.1,212.4,229.1,9.99,59744.0,345.0,254.0
DHPL,1/17/2024,233.6,242.0,212.0,215.0,-6.15,111765.0,345.0,254.0
DHPL,1/18/2024,210.7,229.0,203.0,223.0,3.72,83934.0,345.0,254.0
DHPL,1/21/2024,223.0,229.0,215.6,221.0,-0.9,66270.0,345.0,254.0
DHPL,1/22/2024,216.8,228.0,213.5,215.0,-2.71,44329.0,345.0,254.0
DHPL,1/23/2024,211.0,227.0,211.0,216.0,0.47,25806.0,345.0,254.0
DHPL,1/24/2024,220.3,224.7,212.7,212.8,-1.48,24031.0,345.0,254.0
DHPL,1/25/2024,211.0,220.0,209.0,218.5,2.68,57793.0,345.0,254.0
DHPL,1/28/2024,220.0,222.8,215.0,219.9,0.64,17948.0,345.0,254.0
DHPL,1/29/2024,215.6,223.5,215.6,220.0,0.05,30137.0,345.0,254.0
DHPL,1/30/2024,224.3,227.9,215.6,225.8,2.64,58223.0,345.0,254.0
DHPL,1/31/2024,230.3,230.3,215.6,216.1,-4.3,35122.0,345.0,254.0
DHPL,2/1/2024,212.0,215.0,204.9,214.7,-0.65,42101.0,345.0,254.0
DHPL,2/4/2024,214.7,214.7,208.0,209.0,-2.65,25085.0,345.0,254.0
DHPL,2/5/2024,213.0,217.0,208.6,210.0,0.48,12060.0,345.0,254.0
DHPL,2/6/2024,207.0,213.1,207.0,211.0,0.48,11549.0,345.0,254.0
DHPL,2/7/2024,215.2,215.2,209.5,210.0,-0.47,20347.0,345.0,254.0
DHPL,2/8/2024,213.5,213.5,209.5,212.7,1.29,17244.0,345.0,254.0
DHPL,2/11/2024,216.9,216.9,210.0,211.2,-0.71,13245.0,345.0,254.0
DHPL,2/12/2024,215.0,218.0,209.2,215.2,1.89,22207.0,345.0,254.0
DHPL,2/13/2024,211.0,219.0,209.2,211.0,-1.95,20554.0,345.0,254.0
DHPL,2/14/2024,210.0,217.0,209.0,209.5,-0.71,19248.0,345.0,254.0
DHPL,2/15/2024,208.0,216.0,208.0,211.0,0.72,32372.0,345.0,254.0
DHPL,2/18/2024,213.5,223.0,212.5,217.0,2.84,70676.0,345.0,254.0
DHPL,2/20/2024,215.0,219.0,212.2,214.9,-0.97,7773.0,345.0,254.0
DHPL,2/21/2024,214.0,218.0,209.2,209.9,-2.33,8586.0,345.0,254.0
DHPL,2/22/2024,214.0,214.0,190.3,201.0,-4.24,29771.0,345.0,254.0
DHPL,2/25/2024,200.0,204.0,190.0,192.4,-4.28,21931.0,345.0,254.0
DHPL,2/26/2024,189.0,210.9,189.0,199.0,3.43,14998.0,345.0,254.0
DHPL,2/27/2024,202.9,206.0,196.0,198.9,-0.05,9114.0,345.0,254.0
DHPL,2/28/2024,195.1,202.8,192.0,193.0,-2.97,14032.0,345.0,254.0
DHPL,2/29/2024,196.8,200.6,188.0,189.0,-2.07,24382.0,345.0,254.0
DHPL,3/3/2024,187.3,193.0,185.3,190.0,0.53,5895.0,345.0,254.0
DHPL,3/4/2024,193.8,197.6,193.8,197.6,4.0,30.0,345.0,254.0
DHPL,3/5/2024,201.5,210.1,199.0,199.1,0.76,33924.0,345.0,254.0
DHPL,3/6/2024,202.0,205.0,195.2,201.9,1.41,11250.0,345.0,254.0
DHPL,3/7/2024,204.0,205.0,200.1,202.4,0.25,10654.0,345.0,254.0
DHPL,3/10/2024,205.8,206.2,202.0,204.8,1.19,13711.0,345.0,254.0
DHPL,3/12/2024,208.8,210.7,203.0,204.0,-0.39,16267.0,345.0,254.0
DHPL,3/13/2024,208.0,208.0,203.0,206.0,0.98,12590.0,345.0,254.0
DHPL,3/14/2024,204.0,209.0,202.0,202.0,-1.94,19899.0,345.0,254.0
DHPL,3/17/2024,206.0,206.0,197.5,199.0,-1.49,14443.0,345.0,254.0
DHPL,3/18/2024,202.9,203.0,195.5,202.0,1.51,13111.0,345.0,254.0
DHPL,3/19/2024,202.0,205.5,198.0,202.5,0.25,19224.0,345.0,254.0
DHPL,3/20/2024,204.5,205.0,198.5,201.0,-0.74,7385.0,345.0,254.0
DHPL,3/21/2024,204.0,204.0,197.0,198.0,-1.49,5175.0,345.0,254.0
DHPL,3/25/2024,196.0,199.0,194.0,194.0,-2.02,4722.0,345.0,254.0
DHPL,3/26/2024,195.0,199.0,194.7,198.0,2.06,6378.0,345.0,254.0
DHPL,3/27/2024,201.0,202.0,194.4,195.6,-1.21,9511.0,345.0,254.0
DHPL,3/28/2024,193.0,203.8,193.0,194.0,-0.82,8118.0,345.0,254.0
DHPL,3/31/2024,197.8,201.7,194.0,195.0,0.52,6396.0,345.0,254.0
DHPL,4/1/2024,194.1,197.0,192.0,192.0,-1.54,6587.0,345.0,254.0
DHPL,4/2/2024,195.7,199.0,192.0,196.0,2.08,5806.0,345.0,254.0
DHPL,4/3/2024,199.8,199.8,192.1,194.0,-1.02,7899.0,345.0,254.0
DHPL,4/4/2024,194.0,194.6,191.0,193.0,-0.52,10046.0,345.0,254.0
DHPL,4/7/2024,190.0,200.7,190.0,195.0,1.04,10115.0,345.0,254.0
DHPL,4/9/2024,195.0,198.0,192.6,194.0,-0.51,18381.0,345.0,254.0
DHPL,4/10/2024,192.5,197.8,190.2,194.0,0.0,11505.0,345.0,254.0
DHPL,4/14/2024,194.0,194.0,192.5,193.0,-0.52,2922.0,345.0,254.0
DHPL,4/15/2024,195.0,208.0,195.0,198.0,2.59,45459.0,345.0,254.0
DHPL,4/16/2024,200.1,214.2,197.1,206.0,4.04,39125.0,345.0,254.0
DHPL,4/18/2024,208.0,210.1,200.0,205.0,-0.49,11135.0,345.0,254.0
DHPL,4/21/2024,201.6,205.0,197.6,202.0,-1.46,16718.0,345.0,254.0
DHPL,4/22/2024,202.0,205.0,198.5,199.0,-1.49,13039.0,345.0,254.0
DHPL,4/24/2024,202.9,205.0,195.1,198.9,-0.05,20407.0,345.0,254.0
DHPL,4/25/2024,196.0,199.0,195.0,196.0,-1.46,7642.0,345.0,254.0
DHPL,4/28/2024,198.9,198.9,193.5,196.8,0.41,6720.0,345.0,254.0
DHPL,4/29/2024,198.0,200.7,194.0,200.5,1.88,19305.0,345.0,254.0
DHPL,4/30/2024,204.4,212.0,199.0,209.6,4.54,39978.0,345.0,254.0
DHPL,5/2/2024,210.0,210.0,204.4,208.3,-0.62,20153.0,345.0,254.0
DHPL,5/5/2024,208.3,208.3,199.0,199.3,-4.32,14340.0,345.0,254.0
DHPL,5/6/2024,197.5,209.1,197.0,209.1,4.92,11159.0,345.0,254.0
DHPL,5/7/2024,213.2,213.2,197.1,204.0,-2.44,27296.0,345.0,254.0
DHPL,5/8/2024,203.0,204.0,200.0,202.0,-0.98,4406.0,345.0,254.0
DHPL,5/9/2024,202.0,202.0,198.0,198.0,-1.98,11029.0,345.0,254.0
DHPL,5/12/2024,198.0,205.9,194.4,198.0,0.0,12467.0,345.0,254.0
DHPL,5/13/2024,195.3,199.0,194.1,195.0,-1.52,12833.0,345.0,254.0
DHPL,5/14/2024,195.0,206.6,193.7,202.5,3.85,14355.0,345.0,254.0
DHPL,5/15/2024,200.0,203.9,197.0,198.9,-1.78,6846.0,345.0,254.0
DHPL,5/16/2024,202.8,202.8,193.0,196.8,-1.06,12864.0,345.0,254.0
DHPL,5/19/2024,200.7,203.0,195.0,198.0,0.61,31007.0,345.0,254.0
DHPL,5/20/2024,197.0,201.5,196.0,198.2,0.1,15706.0,345.0,254.0
DHPL,5/21/2024,202.1,203.0,197.3,202.0,1.92,19853.0,345.0,254.0
DHPL,5/22/2024,202.0,202.7,196.0,198.0,-1.98,19872.0,345.0,254.0
DHPL,5/26/2024,199.0,201.9,194.5,194.5,-1.77,9932.0,345.0,254.0
DHPL,5/27/2024,194.0,199.9,193.1,195.0,0.26,12811.0,345.0,254.0
DHPL,5/29/2024,198.9,202.8,190.0,191.0,-2.05,14270.0,345.0,254.0
DHPL,5/30/2024,192.0,198.0,190.0,190.0,-0.52,12284.0,345.0,254.0
DHPL,6/2/2024,193.8,194.0,185.3,190.0,0.0,30660.0,345.0,254.0
DHPL,6/3/2024,193.7,195.3,189.0,189.1,-0.47,13568.0,345.0,254.0
DHPL,6/4/2024,190.1,192.8,189.0,190.0,0.48,12337.0,345.0,254.0
DHPL,6/5/2024,190.1,193.7,188.7,188.7,-0.68,8311.0,345.0,254.0
DHPL,6/6/2024,189.0,191.0,187.2,189.4,0.37,10507.0,345.0,254.0
DHPL,6/9/2024,187.0,190.0,186.3,187.2,-1.16,8497.0,345.0,254.0
DHPL,6/10/2024,190.9,194.8,190.0,193.2,3.21,27961.0,345.0,254.0
DHPL,6/11/2024,195.0,203.6,194.0,201.6,4.35,35133.0,345.0,254.0
DHPL,6/12/2024,205.0,205.0,197.0,199.0,-1.29,22934.0,345.0,254.0
DHPL,6/13/2024,200.0,201.0,195.0,196.8,-1.11,17861.0,345.0,254.0
DHPL,6/16/2024,198.3,213.0,197.1,210.0,6.71,123018.0,345.0,254.0
DHPL,6/18/2024,212.0,225.0,205.8,220.2,4.86,130458.0,345.0,254.0
DHPL,6/19/2024,224.0,228.0,213.0,215.1,-2.32,29462.0,345.0,254.0
DHPL,6/20/2024,218.0,218.9,204.0,209.0,-2.84,50514.0,345.0,254.0
DHPL,6/23/2024,209.0,209.0,201.0,203.8,-2.49,26561.0,345.0,254.0
DHPL,6/24/2024,203.0,207.0,198.0,200.0,-1.86,34630.0,345.0,254.0
DHPL,6/25/2024,204.0,209.9,202.2,209.9,4.95,28451.0,345.0,254.0
DHPL,6/26/2024,214.0,214.0,200.9,205.7,-2.0,23854.0,345.0,254.0
DHPL,6/27/2024,205.1,205.1,197.1,201.5,-2.04,23565.0,345.0,254.0
DHPL,6/30/2024,200.0,208.7,199.0,202.8,0.65,15292.0,345.0,254.0
DHPL,7/1/2024,199.0,205.0,199.0,204.0,0.59,10108.0,345.0,254.0
DHPL,7/2/2024,208.0,218.0,204.0,209.0,2.45,21962.0,345.0,254.0
DHPL,7/3/2024,213.1,213.1,201.2,205.0,-1.91,18140.0,345.0,254.0
DHPL,7/4/2024,205.0,212.0,205.0,205.0,0.0,16221.0,345.0,254.0
DHPL,7/7/2024,205.0,209.0,204.3,205.0,0.0,30477.0,345.0,254.0
DHPL,7/8/2024,205.6,209.0,205.0,207.0,0.98,13742.0,345.0,254.0
DHPL,7/9/2024,211.0,211.0,200.9,205.0,-0.97,18407.0,345.0,254.0
DHPL,7/10/2024,209.1,213.0,204.2,205.0,0.0,16307.0,345.0,254.0
DHPL,7/11/2024,209.0,213.0,205.4,211.0,2.93,29743.0,345.0,254.0
DHPL,7/14/2024,215.2,221.0,212.5,215.9,2.32,30620.0,345.0,254.0
DHPL,7/15/2024,220.2,228.0,212.7,213.0,-1.34,35242.0,345.0,254.0
DHPL,7/16/2024,217.2,225.0,215.0,223.5,4.93,81862.0,345.0,254.0
DHPL,7/17/2024,227.9,239.7,227.9,238.6,6.76,111239.0,345.0,254.0
DHPL,7/18/2024,241.9,245.0,231.3,236.5,-0.88,52959.0,345.0,254.0
DHPL,7/21/2024,233.9,237.0,227.0,232.8,-1.56,50249.0,345.0,254.0
DHPL,7/22/2024,237.0,237.0,220.0,230.0,-1.2,45249.0,345.0,254.0
DHPL,7/23/2024,230.0,239.3,227.6,238.4,3.65,74892.0,345.0,254.0
DHPL,7/24/2024,243.0,247.8,233.3,235.0,-1.43,63136.0,345.0,254.0
DHPL,7/25/2024,235.0,239.0,231.0,237.0,0.85,43342.0,345.0,254.0
DHPL,7/28/2024,241.7,246.5,226.0,234.8,-0.93,49276.0,345.0,254.0
DHPL,7/29/2024,239.4,241.0,230.0,234.0,-0.34,56333.0,345.0,254.0
DHPL,7/30/2024,237.0,242.7,229.4,235.0,0.43,39265.0,345.0,254.0
DHPL,7/31/2024,239.7,258.5,235.3,258.5,10.0,121741.0,345.0,254.0
DHPL,8/1/2024,260.0,273.0,254.8,259.5,0.39,90373.0,345.0,254.0
DHPL,8/5/2024,259.9,264.2,245.0,253.0,-2.5,61700.0,345.0,254.0
DHPL,8/6/2024,253.0,257.0,233.5,237.9,-5.97,62984.0,345.0,254.0
DHPL,8/7/2024,238.0,248.0,233.0,247.0,3.83,61452.0,345.0,254.0
DHPL,8/8/2024,251.9,262.0,238.0,240.0,-2.83,58021.0,345.0,254.0
DHPL,8/11/2024,242.0,261.0,242.0,261.0,8.75,102514.0,345.0,254.0
DHPL,8/12/2024,266.0,286.5,266.0,285.0,9.2,147183.0,345.0,254.0
DHPL,8/13/2024,290.7,290.7,275.1,281.9,-1.09,70353.0,345.0,254.0
DHPL,8/14/2024,285.0,300.9,267.0,295.0,4.65,81682.0,345.0,254.0
DHPL,8/15/2024,300.0,312.0,290.0,293.0,-0.68,84270.0,345.0,254.0
DHPL,8/18/2024,293.0,298.0,284.0,294.0,0.34,112342.0,345.0,254.0
DHPL,8/21/2024,299.8,300.0,284.4,286.9,-2.41,46174.0,345.0,254.0
DHPL,8/22/2024,286.9,295.0,281.3,283.0,-1.36,37826.0,345.0,254.0
DHPL,8/25/2024,286.0,294.3,267.0,267.0,-5.65,41171.0,345.0,254.0
DHPL,8/27/2024,272.3,277.0,247.2,255.0,-4.49,50219.0,345.0,254.0
DHPL,8/28/2024,260.0,276.4,245.0,248.5,-2.55,26482.0,345.0,254.0
DHPL,8/29/2024,245.2,260.1,241.0,249.0,0.2,30731.0,345.0,254.0
DHPL,9/1/2024,253.0,259.0,244.6,246.0,-1.2,37809.0,345.0,254.0
DHPL,9/2/2024,246.0,270.0,246.0,258.9,5.24,55222.0,345.0,254.0
DHPL,9/3/2024,264.0,274.3,248.8,265.0,2.36,91348.0,345.0,254.0
DHPL,9/4/2024,268.0,273.3,248.1,256.0,-3.4,31645.0,345.0,254.0
DHPL,9/5/2024,251.0,259.8,247.0,249.2,-2.66,21712.0,345.0,254.0
DHPL,9/8/2024,254.1,264.0,245.0,245.0,-1.69,28518.0,345.0,254.0
DHPL,9/9/2024,249.9,251.9,243.0,243.0,-0.82,17336.0,345.0,254.0
DHPL,9/10/2024,245.0,251.1,242.6,244.2,0.49,17148.0,345.0,254.0
DHPL,9/11/2024,244.0,249.0,241.0,242.4,-0.74,13773.0,345.0,254.0
DHPL,9/12/2024,242.5,263.0,242.5,254.9,5.16,21452.0,345.0,254.0
DHPL,9/15/2024,259.9,267.0,245.4,253.0,-0.75,25623.0,345.0,254.0
DHPL,9/16/2024,248.0,252.0,242.0,242.0,-4.35,23881.0,345.0,254.0
DHPL,9/18/2024,243.0,245.0,240.0,241.0,-0.41,18794.0,345.0,254.0
DHPL,9/22/2024,245.8,252.0,245.0,245.0,1.66,17719.0,345.0,254.0
DHPL,9/23/2024,245.0,245.0,239.0,239.0,-2.45,14451.0,345.0,254.0
DHPL,9/24/2024,243.7,243.7,226.0,229.0,-4.18,16622.0,345.0,254.0
DHPL,9/25/2024,233.0,233.0,221.0,228.0,-0.44,16281.0,345.0,254.0
DHPL,9/26/2024,232.5,237.1,220.0,220.0,-3.51,11731.0,345.0,254.0
DHPL,9/29/2024,220.0,222.0,215.0,216.6,-1.55,7398.0,345.0,254.0
DHPL,9/30/2024,216.6,220.9,213.1,218.5,0.88,7088.0,345.0,254.0
DHPL,10/1/2024,222.8,238.6,222.0,238.0,8.92,21231.0,345.0,254.0
DHPL,10/2/2024,242.7,246.9,228.0,229.0,-3.78,8962.0,345.0,254.0
DHPL,10/6/2024,228.0,240.0,226.1,239.4,4.54,6439.0,345.0,254.0
DHPL,10/7/2024,244.1,250.0,240.0,246.0,2.76,25373.0,345.0,254.0
DHPL,10/8/2024,250.0,254.6,241.6,250.0,1.63,8660.0,345.0,254.0
DHPL,10/9/2024,255.0,255.0,246.7,252.0,0.8,7587.0,345.0,254.0
DHPL,10/15/2024,257.0,272.0,247.0,254.5,0.99,10582.0,345.0,254.0
DHPL,10/16/2024,259.5,275.1,254.5,263.0,3.34,23261.0,345.0,254.0
DHPL,10/17/2024,268.0,268.0,255.0,258.0,-1.9,11258.0,345.0,254.0
DHPL,10/20/2024,258.0,258.0,245.0,247.0,-4.26,13922.0,345.0,254.0
DHPL,10/21/2024,247.0,247.0,237.0,237.6,-3.81,10255.0,345.0,254.0
DHPL,10/22/2024,242.0,245.0,239.1,241.0,1.43,4696.0,345.0,254.0
DHPL,10/23/2024,245.8,250.6,242.0,242.0,0.41,4498.0,345.0,254.0
DHPL,10/24/2024,246.8,246.8,239.0,242.0,0.0,5334.0,345.0,254.0
DHPL,10/27/2024,241.9,244.0,235.0,242.0,0.0,7289.0,345.0,254.0
DHPL,10/28/2024,237.6,247.8,237.6,247.0,2.07,6841.0,345.0,254.0
DHPL,10/29/2024,251.0,252.0,248.0,252.0,2.02,15415.0,345.0,254.0
DHPL,10/30/2024,253.0,253.0,248.0,248.0,-1.59,6593.0,345.0,254.0
DHPL,11/5/2024,252.5,257.2,249.0,251.0,1.21,3656.0,345.0,254.0
DHPL,11/6/2024,256.0,265.0,255.0,261.0,3.98,50765.0,345.0,254.0
DHPL,11/10/2024,266.2,274.9,266.2,273.0,4.6,64422.0,345.0,254.0
DHPL,11/11/2024,277.8,281.0,262.0,262.1,-3.99,54075.0,345.0,254.0
DHPL,11/12/2024,267.3,278.0,260.2,263.0,0.34,49644.0,345.0,254.0
DHPL,11/13/2024,268.0,273.0,260.0,263.0,0.0,20064.0,345.0,254.0
DHPL,11/14/2024,268.2,268.2,259.7,266.8,1.44,34658.0,345.0,254.0
DHPL,11/17/2024,272.1,283.0,270.0,276.0,3.45,72929.0,345.0,254.0
DHPL,11/19/2024,280.0,280.0,265.3,266.0,-3.62,37402.0,345.0,254.0
DHPL,11/20/2024,270.0,270.0,263.1,265.0,-0.38,15822.0,345.0,254.0
DHPL,11/21/2024,270.0,285.0,261.0,263.0,-0.75,31818.0,345.0,254.0
DHPL,11/24/2024,267.0,267.8,258.7,258.7,-1.63,24605.0,345.0,254.0
DHPL,11/25/2024,263.8,269.0,259.0,260.0,0.5,8184.0,345.0,254.0
DHPL,11/26/2024,265.2,286.0,261.0,269.0,3.46,15884.0,345.0,254.0
DHPL,11/27/2024,271.0,273.9,267.3,272.0,1.12,37917.0,345.0,254.0
DHPL,11/28/2024,277.0,277.0,266.9,267.0,-1.84,18106.0,345.0,254.0
DHPL,12/1/2024,270.0,270.0,262.0,266.0,-0.37,28660.0,345.0,254.0
DHPL,12/2/2024,270.0,291.7,265.0,284.0,6.77,142168.0,345.0,254.0
DHPL,12/3/2024,284.0,312.4,284.0,312.4,10.0,153117.0,345.0,254.0
DHPL,12/4/2024,318.6,343.6,318.6,330.0,5.63,194144.0,345.0,254.0
DHPL,12/5/2024,324.0,350.0,311.3,337.0,2.12,151343.0,345.0,254.0
DHPL,12/8/2024,336.0,337.0,308.0,313.1,-7.09,107241.0,345.0,254.0
DHPL,12/9/2024,319.3,325.0,310.0,319.4,2.01,84328.0,345.0,254.0
DHPL,12/10/2024,320.0,325.0,307.0,312.0,-2.32,38670.0,345.0,254.0
DHPL,12/11/2024,318.0,323.7,313.1,323.0,3.53,89766.0,345.0,254.0
DHPL,12/12/2024,323.0,326.0,307.0,312.0,-3.41,49698.0,345.0,254.0
DHPL,12/16/2024,312.0,315.0,298.5,299.0,-4.17,48948.0,345.0,254.0
DHPL,12/17/2024,304.0,307.0,299.0,300.0,0.33,32498.0,345.0,254.0
DHPL,12/18/2024,306.0,320.0,300.1,307.0,2.33,51387.0,345.0,254.0
DHPL,12/19/2024,313.0,313.0,300.0,301.0,-1.95,30193.0,345.0,254.0
DHPL,12/22/2024,307.0,310.9,300.0,308.0,2.33,45695.0,345.0,254.0
DHPL,12/23/2024,310.1,321.0,308.0,319.4,3.7,42140.0,345.0,254.0
DHPL,12/24/2024,325.0,327.0,308.9,313.0,-2.0,75062.0,345.0,254.0
DHPL,12/26/2024,311.0,315.0,301.9,309.0,-1.28,46972.0,345.0,254.0
DHPL,12/29/2024,303.0,310.0,300.0,300.3,-2.82,26916.0,345.0,254.0
DHPL,12/31/2024,305.0,305.0,280.0,288.0,-4.1,52517.0,345.0,254.0
DHPL,1/1/2025,292.9,292.9,285.0,292.4,1.53,15997.0,345.0,254.0
DHPL,1/2/2025,287.0,297.0,287.0,290.0,-0.82,12828.0,345.0,254.0
DHPL,1/5/2025,295.5,295.5,284.0,294.0,1.38,24805.0,345.0,254.0
DHPL,1/6/2025,295.0,311.0,295.0,306.0,4.08,55292.0,345.0,254.0
DHPL,1/7/2025,312.0,312.0,301.0,305.7,-0.1,28676.0,345.0,254.0
DHPL,1/8/2025,304.0,308.0,298.0,306.0,0.1,24372.0,345.0,254.0
DHPL,1/9/2025,308.0,313.0,305.0,308.0,0.65,58478.0,345.0,254.0
DHPL,1/12/2025,308.1,317.9,308.1,312.9,1.59,31609.0,345.0,254.0
DHPL,1/13/2025,306.7,317.0,306.7,309.0,-1.25,48855.0,345.0,254.0
DHPL,1/15/2025,302.9,320.0,302.9,318.5,3.07,68553.0,345.0,254.0
DHPL,1/16/2025,324.8,341.0,323.4,326.0,2.35,133015.0,345.0,254.0
DHPL,1/19/2025,332.5,332.5,313.1,315.4,-3.25,51030.0,345.0,254.0
DHPL,1/20/2025,321.7,325.0,314.0,316.0,0.19,47064.0,345.0,254.0
DHPL,1/21/2025,322.3,322.3,310.0,312.0,-1.27,46996.0,345.0,254.0
DHPL,1/22/2025,318.2,318.8,309.2,316.8,1.54,46637.0,345.0,254.0
DHPL,1/23/2025,316.0,319.9,307.8,310.0,-2.15,49788.0,345.0,254.0
DHPL,1/26/2025,316.2,316.2,307.0,308.0,-0.65,35374.0,345.0,254.0
DHPL,1/27/2025,310.0,313.0,306.0,308.0,0.0,34082.0,345.0,254.0
DHPL,1/28/2025,305.0,320.0,305.0,310.0,0.65,33050.0,345.0,254.0
DHPL,2/2/2025,316.2,324.0,316.0,319.0,2.9,46297.0,345.0,254.0
DHPL,2/3/2025,324.9,324.9,313.0,313.0,-1.88,28388.0,345.0,254.0
DHPL,2/4/2025,310.0,320.0,310.0,318.8,1.85,23967.0,345.0,254.0
DHPL,2/5/2025,318.0,324.9,318.0,322.8,1.25,58386.0,345.0,254.0
DHPL,2/6/2025,324.2,327.0,320.5,323.6,0.25,63565.0,345.0,254.0
DHPL,2/9/2025,330.0,330.0,318.1,319.5,-1.27,34864.0,345.0,254.0
DHPL,2/10/2025,324.0,325.0,310.0,314.4,-1.6,30826.0,345.0,254.0
DHPL,2/11/2025,310.1,317.0,310.0,317.0,0.83,26918.0,345.0,254.0
DHPL,2/12/2025,320.0,321.4,312.1,317.0,0.0,28878.0,345.0,254.0
DHPL,2/13/2025,317.0,320.8,314.1,317.8,0.25,37157.0,345.0,254.0
DHPL,2/16/2025,316.2,325.9,316.2,325.0,2.27,87348.0,345.0,254.0
DHPL,2/17/2025,330.0,357.5,326.2,357.5,10.0,201713.0,345.0,254.0
DHPL,2/18/2025,364.6,393.2,348.3,366.1,2.41,208262.0,345.0,254.0
DHPL,2/20/2025,358.8,369.0,345.1,351.0,-4.12,76424.0,345.0,254.0
DHPL,2/23/2025,344.0,347.0,335.0,343.0,-2.28,91388.0,345.0,254.0
DHPL,2/24/2025,345.0,366.0,345.0,365.0,6.41,126984.0,345.0,254.0
DHPL,2/25/2025,372.3,372.3,365.0,367.0,0.55,73103.0,345.0,254.0
DHPL,2/27/2025,374.3,378.3,366.0,376.9,2.7,85260.0,345.0,254.0
DHPL,3/2/2025,380.0,390.9,375.1,381.0,1.09,121466.0,345.0,254.0
DHPL,3/3/2025,388.0,418.2,385.0,417.0,9.45,209106.0,345.0,254.0
DHPL,3/4/2025,424.0,427.0,402.0,407.0,-2.4,111813.0,345.0,254.0
DHPL,3/5/2025,413.9,416.2,400.2,410.5,0.86,83340.0,345.0,254.0
DHPL,3/6/2025,402.3,418.0,402.3,409.4,-0.27,69406.0,345.0,254.0
DHPL,3/9/2025,402.0,417.5,398.6,398.6,-2.64,63494.0,345.0,254.0
DHPL,3/10/2025,392.1,408.0,392.0,398.0,-0.15,47350.0,345.0,254.0
DHPL,3/11/2025,391.3,405.6,388.1,390.0,-2.01,58127.0,345.0,254.0
DHPL,3/12/2025,396.4,420.0,390.1,419.9,7.67,196184.0,345.0,254.0
DHPL,3/16/2025,419.9,427.2,405.2,411.0,-2.12,131741.0,345.0,254.0
DHPL,3/17/2025,402.8,415.0,402.8,408.0,-0.73,58643.0,345.0,254.0
DHPL,3/18/2025,399.9,412.8,399.9,408.0,0.0,43668.0,345.0,254.0
DHPL,3/19/2025,400.0,420.0,400.0,416.9,2.18,137515.0,345.0,254.0
DHPL,3/20/2025,417.0,423.0,410.0,417.37,0.11,107044.0,345.0,254.0
DHPL,3/23/2025,423.0,423.0,404.0,410.76,-1.58,73394.0,345.0,254.0
DHPL,3/24/2025,404.0,412.0,404.0,407.41,-0.82,65542.0,345.0,254.0
DHPL,3/25/2025,403.0,408.0,380.0,382.75,-6.05,107532.0,345.0,254.0
DHPL,3/26/2025,375.2,395.0,375.0,388.9,1.61,70897.0,345.0,254.0
DHPL,3/27/2025,383.0,395.7,382.1,392.36,0.89,55290.0,345.0,254.0
DHPL,3/30/2025,385.0,406.0,385.0,401.04,2.21,114990.0,345.0,254.0
DHPL,4/1/2025,394.0,408.0,392.1,403.08,0.51,106336.0,345.0,254.0
DHPL,4/2/2025,397.0,408.0,396.0,398.88,-1.04,58083.0,345.0,254.0
DHPL,4/3/2025,392.1,403.0,390.1,394.65,-1.06,60953.0,345.0,254.0
DHPL,4/7/2025,387.0,398.0,385.1,386.17,-2.15,20214.0,345.0,254.0
DHPL,4/8/2025,379.0,386.5,377.1,382.07,-1.06,29864.0,345.0,254.0
DHPL,4/9/2025,374.5,392.0,374.5,385.1,0.79,14076.0,345.0,254.0
DHPL,4/10/2025,378.0,415.0,378.0,407.83,5.9,90974.0,345.0,254.0
DHPL,4/13/2025,407.0,407.0,389.1,394.16,-3.35,47081.0,345.0,254.0
DHPL,4/15/2025,387.0,399.9,387.0,393.52,-0.16,53391.0,345.0,254.0
DHPL,4/16/2025,387.0,398.0,387.0,393.88,0.09,65209.0,345.0,254.0
DHPL,4/17/2025,387.1,409.8,382.2,385.08,-2.23,97313.0,345.0,254.0
DHPL,4/20/2025,379.0,396.0,374.9,379.15,-1.54,93967.0,345.0,254.0
DHPL,4/21/2025,373.0,388.0,363.0,366.8,-3.26,89280.0,345.0,254.0
DHPL,4/22/2025,362.0,381.8,358.0,372.79,1.63,72621.0,345.0,254.0
DHPL,4/23/2025,378.9,378.9,361.2,364.18,-2.31,26771.0,345.0,254.0
DHPL,4/24/2025,357.0,369.9,353.0,357.63,-1.8,37234.0,345.0,254.0
DHPL,4/27/2025,364.6,368.0,350.0,359.13,0.42,102191.0,345.0,254.0
DHPL,4/28/2025,353.0,365.0,349.5,350.61,-2.37,41008.0,345.0,254.0
DHPL,4/29/2025,350.0,357.0,346.0,346.62,-1.14,40527.0,345.0,254.0
DHPL,4/30/2025,340.3,353.4,338.1,340.6,-1.74,32376.0,345.0,254.0
DHPL,5/4/2025,336.2,347.8,336.2,337.7,-0.85,19104.0,345.0,254.0
DHPL,5/5/2025,335.0,341.0,326.9,327.91,-2.9,29242.0,345.0,254.0
DHPL,5/6/2025,334.4,334.4,322.0,331.01,0.95,15835.0,345.0,254.0
DHPL,5/7/2025,327.7,356.0,327.7,354.63,7.14,65652.0,345.0,254.0
DHPL,5/8/2025,350.0,369.3,348.0,364.73,2.85,102085.0,345.0,254.0
DHPL,5/11/2025,358.0,370.0,358.0,364.93,0.05,70610.0,345.0,254.0
DHPL,5/13/2025,359.0,375.0,359.0,369.67,1.3,91374.0,345.0,254.0
DHPL,5/14/2025,367.0,383.0,360.1,362.7,-1.89,51466.0,345.0,254.0
DHPL,5/15/2025,357.0,392.0,353.6,355.05,-2.11,95463.0,345.0,254.0
DHPL,5/18/2025,362.0,367.0,337.0,339.08,-4.5,75279.0,345.0,254.0
DHPL,5/19/2025,345.0,358.0,335.0,344.41,1.57,42520.0,345.0,254.0
DHPL,5/20/2025,337.6,374.0,337.6,359.36,4.34,66730.0,345.0,254.0
DHPL,5/21/2025,366.5,379.0,355.1,358.63,-0.2,60571.0,345.0,254.0
DHPL,5/22/2025,352.0,362.9,345.0,347.39,-3.13,36167.0,345.0,254.0
DHPL,5/25/2025,341.0,351.9,333.6,336.23,-3.21,45595.0,345.0,254.0
DHPL,5/26/2025,342.9,353.0,334.0,339.78,1.06,31532.0,345.0,254.0
DHPL,5/27/2025,334.2,369.2,333.1,354.04,4.2,55812.0,345.0,254.0
DHPL,5/28/2025,347.0,370.0,335.1,340.18,-3.91,71198.0,345.0,254.0
DHPL,6/2/2025,344.0,346.7,332.0,336.07,-1.21,48287.0,345.0,254.0
DHPL,6/3/2025,342.7,342.7,324.0,325.55,-3.13,37964.0,345.0,254.0
DHPL,6/4/2025,325.0,332.0,320.0,321.73,-1.17,28180.0,345.0,254.0
DHPL,6/5/2025,322.0,328.0,317.0,317.67,-1.26,26199.0,345.0,254.0
DHPL,6/8/2025,316.1,323.0,312.0,318.63,0.3,27130.0,345.0,254.0
DHPL,6/9/2025,321.5,327.9,316.0,326.19,2.37,22950.0,345.0,254.0
DHPL,6/10/2025,330.0,332.0,325.0,325.54,-0.2,25699.0,345.0,254.0
DHPL,6/11/2025,328.0,331.0,318.5,320.1,-1.67,29157.0,345.0,254.0
DHPL,6/12/2025,322.0,327.4,319.0,324.62,1.41,29659.0,345.0,254.0
DHPL,6/15/2025,329.9,329.9,318.2,322.67,-0.6,17293.0,345.0,254.0
DHPL,6/16/2025,329.0,329.0,321.1,322.48,-0.06,20693.0,345.0,254.0
DHPL,6/17/2025,328.9,328.9,319.0,320.99,-0.46,13382.0,345.0,254.0
DHPL,6/18/2025,327.0,332.0,321.0,328.82,2.44,22819.0,345.0,254.0
DHPL,6/19/2025,332.9,345.0,329.0,337.17,2.54,68570.0,345.0,254.0
DHPL,6/22/2025,342.8,342.8,322.2,324.39,-3.79,19884.0,345.0,254.0
DHPL,6/23/2025,330.0,331.0,323.9,325.67,0.39,9468.0,345.0,254.0
DHPL,6/24/2025,330.0,350.0,330.0,330.38,1.45,26551.0,345.0,254.0
DHPL,6/25/2025,336.9,340.5,333.3,338.43,2.44,25071.0,345.0,254.0
DHPL,6/26/2025,344.9,344.9,332.0,333.01,-1.6,13144.0,345.0,254.0
DHPL,6/29/2025,333.0,336.0,327.9,330.38,-0.79,13984.0,345.0,254.0
DHPL,6/30/2025,336.9,336.9,323.5,324.83,-1.68,20084.0,345.0,254.0
DHPL,7/1/2025,331.0,337.4,323.1,325.29,0.14,21736.0,345.0,254.0
DHPL,7/2/2025,329.0,335.0,322.6,330.37,1.56,20139.0,345.0,254.0
DHPL,7/3/2025,334.8,341.0,325.2,330.57,0.06,27091.0,345.0,254.0
DHPL,7/6/2025,329.0,334.4,324.0,324.34,-1.88,24088.0,345.0,254.0
DHPL,7/7/2025,323.5,327.3,321.0,321.44,-0.89,17473.0,345.0,254.0
DHPL,7/8/2025,321.0,325.0,320.0,323.97,0.79,20979.0,345.0,254.0
DHPL,7/9/2025,326.0,330.0,321.5,322.4,-0.48,18550.0,345.0,254.0
DHPL,7/10/2025,324.2,330.0,322.5,323.65,0.39,18193.0,345.0,254.0
DHPL,7/13/2025,330.1,334.0,323.1,323.91,0.08,19220.0,345.0,254.0
DHPL,7/14/2025,321.0,325.0,320.5,321.8,-0.65,6751.0,345.0,254.0
DHPL,7/15/2025,322.1,325.9,321.1,322.61,0.25,23841.0,345.0,254.0
DHPL,7/16/2025,328.0,328.1,323.1,323.83,0.38,15925.0,345.0,254.0
DHPL,7/17/2025,325.0,339.0,324.0,337.66,4.27,44058.0,345.0,254.0
DHPL,7/20/2025,342.7,348.0,333.0,336.69,-0.29,56687.0,345.0,254.0
DHPL,7/21/2025,333.0,341.6,327.4,332.48,-1.25,55012.0,345.0,254.0
DHPL,7/22/2025,326.0,342.0,326.0,340.65,2.46,47545.0,345.0,254.0
DHPL,7/23/2025,343.0,362.9,338.0,351.26,3.11,70185.0,345.0,254.0
DHPL,7/24/2025,358.0,358.2,345.0,348.66,-0.74,43421.0,345.0,254.0
DHPL,7/27/2025,354.0,354.0,340.1,341.37,-2.09,36837.0,345.0,254.0
DHPL,7/28/2025,348.1,348.1,331.3,337.87,-1.03,41672.0,345.0,254.0
DHPL,7/29/2025,344.6,350.0,339.1,341.42,1.05,28591.0,345.0,254.0
DHPL,7/30/2025,338.0,343.0,331.5,332.58,-2.59,26398.0,345.0,254.0
DHPL,7/31/2025,326.5,339.2,326.0,327.76,-1.45,18947.0,345.0,254.0
DHPL,8/3/2025,325.5,329.9,322.0,322.64,-1.56,17025.0,345.0,254.0
DHPL,8/4/2025,328.9,335.0,317.0,324.08,0.45,17744.0,345.0,254.0
DHPL,8/5/2025,330.0,330.0,318.2,319.79,-1.32,8311.0,345.0,254.0
DHPL,8/6/2025,320.1,325.0,320.0,321.17,0.43,10278.0,345.0,254.0
DHPL,8/7/2025,326.0,326.0,317.2,320.52,-0.2,20304.0,345.0,254.0
DHPL,8/11/2025,324.0,324.0,310.0,311.77,-2.73,25828.0,345.0,254.0
DHPL,8/12/2025,307.1,313.9,307.1,308.27,-1.12,11446.0,345.0,254.0
DHPL,8/13/2025,308.0,312.0,303.3,305.4,-0.93,16222.0,345.0,254.0
DHPL,8/14/2025,305.1,309.0,303.0,304.9,-0.16,13530.0,345.0,254.0
DHPL,8/17/2025,308.0,317.1,305.2,306.34,0.47,11123.0,345.0,254.0
DHPL,8/18/2025,306.1,324.0,306.1,316.1,3.19,20777.0,345.0,254.0
DHPL,8/19/2025,317.0,322.0,314.0,319.85,1.19,16583.0,345.0,254.0
DHPL,8/20/2025,315.0,332.0,315.0,325.41,1.74,36697.0,345.0,254.0
DHPL,8/21/2025,326.0,337.6,320.0,322.22,-0.98,30222.0,345.0,254.0
DHPL,8/24/2025,322.0,328.0,310.0,311.74,-3.25,26109.0,345.0,254.0
DHPL,8/25/2025,309.0,317.9,306.0,311.2,-0.17,13240.0,345.0,254.0
DHPL,8/26/2025,310.0,313.0,308.0,311.71,0.16,5902.0,345.0,254.0
DHPL,8/27/2025,311.0,322.9,310.0,318.84,2.29,13236.0,345.0,254.0
DHPL,8/28/2025,314.0,320.0,314.0,314.18,-1.46,10752.0,345.0,254.0
DHPL,8/31/2025,318.0,318.0,308.0,312.74,-0.46,18585.0,345.0,254.0
DHPL,9/1/2025,310.0,314.0,308.0,309.68,-0.98,8965.0,345.0,254.0
DHPL,9/2/2025,303.5,315.0,303.5,305.66,-1.3,10463.0,345.0,254.0
DHPL,9/3/2025,310.0,310.0,303.3,303.96,-0.56,6316.0,345.0,254.0
DHPL,9/4/2025,305.0,305.9,291.3,293.48,-3.45,21735.0,345.0,254.0
DHPL,9/7/2025,298.9,299.5,288.1,290.04,-1.17,10265.0,345.0,254.0
DHPL,9/8/2025,285.4,295.0,283.0,283.62,-2.21,8045.0,345.0,254.0
DHPL,9/18/2025,278.0,278.0,272.5,272.5,-3.92,70.0,345.0,254.0
DHPL,9/21/2025,272.5,299.7,265.0,298.99,9.72,30233.0,345.0,254.0
DHPL,9/23/2025,300.0,303.0,297.0,302.6,1.21,16749.0,345.0,254.0
DHPL,9/24/2025,297.2,302.0,295.0,300.0,-0.86,5399.0,345.0,254.0
DHPL,9/25/2025,294.0,304.0,293.1,296.0,-1.33,8063.0,345.0,254.0
DHPL,9/28/2025,301.9,307.0,296.0,300.0,1.35,2756.0,345.0,254.0
DHPL,10/7/2025,294.0,298.2,288.7,291.0,-3.0,4213.0,345.0,254.0
DHPL,10/8/2025,286.3,292.0,286.3,288.0,-1.03,6685.0,345.0,254.0
DHPL,10/9/2025,293.7,310.0,288.0,289.0,0.35,9676.0,345.0,254.0
DHPL,10/12/2025,289.0,289.0,278.1,282.0,-2.42,6386.0,345.0,254.0
DHPL,10/13/2025,280.0,309.0,278.4,300.9,6.7,9364.0,345.0,254.0
DHPL,10/14/2025,305.5,305.9,274.8,294.8,-2.03,15721.0,345.0,254.0
DHPL,10/15/2025,290.0,299.5,279.1,287.0,-2.65,5269.0,345.0,254.0
DHPL,10/16/2025,282.0,297.8,276.0,285.0,-0.7,7509.0,345.0,254.0
DHPL,10/19/2025,290.0,290.0,280.0,283.0,-0.7,2741.0,345.0,254.0
DHPL,10/26/2025,278.0,286.0,273.0,286.0,1.06,2862.0,345.0,254.0
DHPL,10/28/2025,280.4,296.9,278.0,291.5,1.92,7602.0,345.0,254.0
DHPL,10/29/2025,288.0,296.9,284.0,291.4,-0.03,12620.0,345.0,254.0
DHPL,10/30/2025,291.2,300.0,286.2,297.0,1.92,12178.0,345.0,254.0
DHPL,11/2/2025,292.0,304.0,291.1,301.4,1.48,18150.0,345.0,254.0
DHPL,11/3/2025,307.0,307.0,292.0,297.8,-1.19,7973.0,345.0,254.0
DHPL,11/4/2025,293.7,293.7,285.0,292.0,-1.95,5128.0,345.0,254.0
DHPL,11/5/2025,295.9,296.0,286.5,291.0,-0.34,3721.0,345.0,254.0
DHPL,11/6/2025,285.2,301.0,280.0,293.5,0.86,13240.0,345.0,254.0
DHPL,11/9/2025,287.7,300.0,283.2,287.0,-2.21,4864.0,345.0,254.0
DHPL,11/10/2025,292.7,292.7,284.0,288.0,0.35,4702.0,345.0,254.0
DHPL,11/11/2025,283.0,295.8,283.0,292.0,1.39,16760.0,345.0,254.0
DHPL,11/12/2025,286.2,291.9,286.2,288.0,-1.37,6564.0,345.0,254.0
DHPL,11/13/2025,283.2,300.9,283.2,291.0,1.04,12264.0,345.0,254.0
DHPL,11/16/2025,285.2,296.79,281.0,290.7,-0.1,4445.0,345.0,254.0
DHPL,11/17/2025,286.2,295.0,286.2,291.0,0.1,13243.0,345.0,254.0
DHPL,11/18/2025,288.1,306.0,288.1,299.0,2.75,30484.0,345.0,254.0
DHPL,11/19/2025,304.9,309.4,296.0,299.9,0.3,10800.0,345.0,254.0
DHPL,11/20/2025,294.1,301.8,288.0,299.9,0.0,13631.0,345.0,254.0
DHPL,11/23/2025,305.8,305.8,294.0,303.6,1.23,15067.0,345.0,254.0
DHPL,11/24/2025,309.6,315.0,299.0,302.0,-0.53,13814.0,345.0,254.0
DHPL,11/25/2025,308.0,308.0,295.0,298.9,-1.03,6121.0,345.0,254.0
DHPL,11/26/2025,304.8,304.8,293.0,298.8,-0.03,15319.0,345.0,254.0
DHPL,11/27/2025,293.0,304.0,293.0,298.7,-0.03,19996.0,345.0,254.0
DHPL,11/30/2025,304.5,318.0,300.0,307.0,2.78,50237.0,345.0,254.0
DHPL,12/1/2025,305.5,313.0,300.0,307.0,0.0,13416.0,345.0,254.0
DHPL,12/2/2025,305.0,313.0,301.1,305.1,-0.62,16035.0,345.0,254.0
DHPL,12/3/2025,299.0,310.9,299.0,300.0,-1.67,17431.0,345.0,254.0
DHPL,12/7/2025,300.0,300.0,294.0,297.0,-1.0,12317.0,345.0,254.0
DHPL,12/8/2025,294.0,300.0,294.0,297.0,0.0,6237.0,345.0,254.0
DHPL,12/9/2025,302.9,302.9,296.9,298.1,0.37,7586.0,345.0,254.0
DHPL,12/10/2025,298.0,298.0,294.9,295.0,-1.04,7866.0,345.0,254.0
DHPL,12/11/2025,297.0,298.9,293.1,294.7,-0.1,5631.0,345.0,254.0
DHPL,12/14/2025,294.2,299.9,292.0,295.0,0.1,8458.0,345.0,254.0
DHPL,12/15/2025,294.0,296.0,291.0,295.9,0.31,6650.0,345.0,254.0
DHPL,12/16/2025,295.0,297.9,292.0,295.0,-0.3,5030.0,345.0,254.0
DHPL,12/17/2025,300.0,300.0,294.0,297.0,0.68,6041.0,345.0,254.0
DHPL,12/18/2025,302.8,302.8,292.0,294.9,-0.71,6796.0,345.0,254.0
DHPL,12/21/2025,291.1,294.0,289.0,289.0,-2.0,14930.0,345.0,254.0
DHPL,12/22/2025,285.2,291.0,285.2,288.0,-0.35,2245.0,345.0,254.0
DHPL,12/23/2025,293.0,293.6,285.0,287.0,-0.35,3706.0,345.0,254.0
DHPL,12/24/2025,287.0,288.0,285.0,288.0,0.35,3724.0,345.0,254.0
DHPL,12/28/2025,288.0,298.0,288.0,294.0,2.08,6217.0,345.0,254.0
DHPL,12/29/2025,292.2,295.9,292.2,295.9,0.65,4581.0,345.0,254.0
DHPL,12/31/2025,294.0,297.0,294.0,295.9,0.0,5866.0,345.0,254.0
DHPL,1/1/2026,292.0,296.0,290.0,291.6,-1.45,6370.0,345.0,254.0
DHPL,1/4/2026,291.0,292.9,287.4,289.0,-0.89,9127.0,345.0,254.0
DHPL,1/5/2026,283.7,299.5,283.7,290.1,0.38,11788.0,345.0,254.0
DHPL,1/6/2026,295.9,295.9,290.5,292.2,0.72,8710.0,345.0,254.0
DHPL,1/7/2026,291.0,292.0,288.0,291.0,-0.41,6479.0,345.0,254.0
DHPL,1/8/2026,285.2,296.7,285.2,294.0,1.03,11235.0,345.0,254.0
DHPL,1/12/2026,290.1,297.9,285.0,285.0,-3.06,9864.0,345.0,254.0
DHPL,1/13/2026,290.7,291.0,285.0,285.0,0.0,9057.0,345.0,254.0
DHPL,1/14/2026,290.0,295.9,289.0,289.5,1.58,13022.0,345.0,254.0
DHPL,1/18/2026,295.0,295.0,290.1,295.0,1.9,8020.0,345.0,254.0
DHPL,1/20/2026,293.1,308.0,293.0,302.0,2.37,26705.0,345.0,254.0
DHPL,1/21/2026,302.5,305.0,298.0,301.0,-0.33,15662.0,345.0,254.0
DHPL,1/22/2026,300.0,306.0,300.0,305.5,1.5,21697.0,345.0,254.0
DHPL,1/25/2026,306.1,316.0,306.1,314.9,3.08,35811.0,345.0,254.0
DHPL,1/26/2026,309.1,321.0,308.7,313.4,-0.48,20867.0,345.0,254.0
DHPL,1/27/2026,310.0,318.0,299.0,304.0,-3.0,27233.0,345.0,254.0
DHPL,1/28/2026,303.0,308.0,298.1,302.0,-0.66,11644.0,345.0,254.0
DHPL,1/29/2026,302.0,317.9,302.0,305.3,1.09,41455.0,345.0,254.0
DHPL,2/1/2026,305.3,309.8,303.5,307.5,0.72,13932.0,345.0,254.0
DHPL,2/2/2026,311.0,311.0,302.7,303.0,-1.46,7903.0,345.0,254.0
DHPL,2/3/2026,305.0,308.9,300.5,301.0,-0.66,9018.0,345.0,254.0
DHPL,2/4/2026,303.0,306.7,298.0,301.0,0.0,7410.0,345.0,254.0
DHPL,2/5/2026,305.0,320.0,296.5,314.1,4.35,38483.0,345.0,254.0
DHPL,2/8/2026,320.0,328.0,316.2,318.9,1.53,43005.0,345.0,254.0
DHPL,2/9/2026,314.0,318.5,307.0,311.0,-2.48,8969.0,345.0,254.0
DHPL,2/10/2026,313.0,314.0,304.0,306.9,-1.32,18239.0,345.0,254.0
DHPL,2/11/2026,312.0,319.2,303.0,306.0,-0.29,13404.0,345.0,254.0
DHPL,2/12/2026,301.5,318.8,300.6,312.0,1.96,24933.0,345.0,254.0
DHPL,2/16/2026,318.0,320.2,305.9,305.9,-1.96,12560.0,345.0,254.0
DHPL,2/17/2026,308.0,308.0,302.0,303.9,-0.65,13310.0,345.0,254.0
DHPL,2/22/2026,298.2,304.0,295.1,297.0,-2.27,10573.0,345.0,254.0
DHPL,2/23/2026,300.0,300.0,293.0,294.0,-1.01,9291.0,345.0,254.0
DHPL,2/24/2026,294.0,298.0,290.2,297.8,1.29,5741.0,345.0,254.0
DHPL,2/25/2026,303.5,303.5,295.0,296.0,-0.6,2455.0,345.0,254.0
DHPL,2/26/2026,291.0,305.0,291.0,299.5,1.18,5982.0,345.0,254.0
DHPL,2/27/2026,291.0,305.0,291.0,299.5,0.0,5982.0,345.0,254.0
DHPL,2/28/2026,291.0,305.0,291.0,299.5,0.0,5982.0,345.0,254.0
DHPL,3/2/2026,293.7,302.0,293.1,302.0,0.83,9240.0,345.0,254.0
DHPL,3/3/2026,300.0,307.0,300.0,306.0,1.32,8650.0,345.0,254.0
DHPL,3/4/2026,300.0,307.0,300.0,306.0,0.0,8650.0,345.0,254.0
DHPL,3/5/2026,300.0,307.0,300.0,306.0,0.0,8650.0,345.0,254.0
DHPL,3/6/2026,300.0,307.0,300.0,306.0,0.0,8650.0,345.0,254.0
DHPL,3/7/2026,300.0,307.0,300.0,306.0,0.0,8650.0,345.0,254.0
DHPL,3/8/2026,300.0,307.0,300.0,306.0,0.0,8650.0,345.0,254.0
DHPL,3/9/2026,312.1,324.0,312.1,324.0,5.88,80.0,345.0,254.0
DHPL,3/10/2026,330.0,330.4,311.3,322.8,-0.37,55455.0,345.0,254.0
DHPL,3/11/2026,325.0,325.9,313.0,319.0,-1.18,20771.0,345.0,254.0
DHPL,3/12/2026,319.0,325.5,315.0,323.0,1.25,16427.0,345.0,254.0
DHPL,3/13/2026,319.0,325.5,315.0,323.0,0.0,16427.0,345.0,254.0
DHPL,3/14/2026,319.0,325.5,315.0,323.0,0.0,16427.0,345.0,254.0
DHPL,3/15/2026,325.0,327.0,320.0,324.5,0.46,21732.0,345.0,254.0
DHPL,3/16/2026,321.3,322.0,315.0,316.0,-2.62,19734.0,345.0,254.0
DHPL,3/17/2026,314.0,332.0,314.0,332.0,5.06,43176.0,345.0,254.0
DHPL,3/18/2026,314.0,332.0,314.0,332.0,0.0,43176.0,345.0,254.0
DHPL,3/19/2026,335.0,340.0,328.5,339.0,2.11,37562.0,345.0,254.0
DHPL,3/20/2026,335.0,340.0,328.5,339.0,0.0,37562.0,345.0,254.0
DHPL,3/21/2026,335.0,340.0,328.5,339.0,0.0,37562.0,345.0,254.0
DHPL,3/22/2026,344.0,345.0,323.0,332.0,-2.06,35600.0,345.0,254.0
DHPL,3/23/2026,333.0,333.6,323.6,326.0,-1.81,28116.0,345.0,254.0
DHPL,3/24/2026,332.3,340.0,327.0,340.0,4.29,57702.0,345.0,254.0
DHPL,3/25/2026,340.0,340.9,335.0,336.2,-1.12,24078.0,345.0,254.0
DHPL,3/26/2026,342.0,342.0,332.0,340.0,-0.58,13062.0,345.0,254.0
DHPL,3/29/2026,342.0,344.0,321.1,326.5,-4.53,29197.0,345.0,254.0
DHPL,3/30/2026,325.0,331.0,313.1,317.0,-2.46,19105.0,345.0,254.0
DHPL,3/31/2026,316.0,328.0,310.7,320.3,1.36,16322.0,345.0,254.0
DHPL,4/1/2026,325.9,325.9,308.0,310.0,-4.88,18173.0,345.0,254.0
DHPL,4/2/2026,305.0,312.1,300.2,307.0,0.66,16428.0,345.0,254.0
DHPL,4/5/2026,304.29,306.0,288.0,289.0,-5.02,17225.0,345.0,254.0
DHPL,4/6/2026,289.0,312.9,289.0,310.0,7.27,16564.0,345.0,254.0
DHPL,4/7/2026,316.0,316.0,304.1,307.0,-2.85,8999.0,345.0,254.0
DHPL,4/8/2026,313.0,313.0,302.0,312.5,-0.16,16672.0,345.0,254.0
DHPL,4/9/2026,307.3,317.9,307.3,317.0,3.16,6703.0,345.0,254.0
DHPL,4/10/2026,312.0,323.0,306.0,314.0,0.64,9455.0,345.0,254.0
DHPL,4/13/2026,308.0,314.0,308.0,313.9,1.92,7867.0,345.0,254.0
DHPL,4/15/2026,319.0,321.0,307.7,319.5,0.16,11717.0,345.0,254.0
DHPL,4/16/2026,313.2,318.0,307.0,308.0,-1.66,12130.0,345.0,254.0
DHPL,4/17/2026,305.0,313.0,303.5,313.0,2.62,5154.0,345.0,254.0
DHPL,4/20/2026,317.0,317.0,305.4,305.4,-3.66,8593.0,345.0,254.0
DHPL,4/21/2026,320.0,320.0,292.0,309.0,-3.44,13728.0,345.0,254.0
DHPL,4/22/2026,300.3,314.9,299.9,305.0,1.57,15241.0,345.0,254.0
DHPL,4/23/2026,305.0,312.9,301.6,307.0,0.66,3460.0,345.0,254.0
DHPL,4/24/2026,307.0,305.5,298.0,300.1,-2.25,5726.0,345.0,254.0
DHPL,4/27/2026,300.1,309.0,300.0,304.0,1.3,4346.0,345.0,254.0
DHPL,4/28/2026,304.0,306.0,300.0,301.0,-0.99,8736.0,345.0,254.0
DHPL,4/29/2026,301.0,301.0,296.3,299.0,-0.66,4401.0,345.0,254.0
DHPL,4/30/2026,298.0,300.0,293.0,300.0,0.67,3969.0,345.0,254.0
DHPL,5/4/2026,304.0,304.0,291.0,295.0,-2.96,3913.0,345.0,254.0
DHPL,5/5/2026,299.0,299.2,292.2,292.3,-2.24,3292.0,345.0,254.0
DHPL,5/6/2026,306.9,306.9,291.5,293.0,-4.53,3455.0,345.0,254.0
DHPL,5/7/2026,293.0,295.0,290.0,293.0,0.0,4296.0,345.0,254.0
DHPL,5/8/2026,307.6,307.6,292.0,297.0,-3.45,4291.0,345.0,254.0
DHPL,5/11/2026,305.0,305.0,297.1,303.9,-0.36,2879.0,345.0,254.0
DHPL,5/12/2026,319.0,319.0,295.0,298.9,-6.3,5170.0,345.0,254.0
DHPL,5/13/2026,292.6,297.0,292.6,293.6,0.34,4025.0,345.0,254.0
DHPL,5/14/2026,301.0,301.0,295.5,297.8,-1.06,6523.0,345.0,254.0
DHPL,5/15/2026,305.9,305.9,297.0,297.0,-2.91,1160.0,345.0,254.0
DHPL,5/18/2026,292.1,299.9,292.1,298.0,2.02,685.0,345.0,254.0
DHPL,5/19/2026,295.1,298.0,295.1,297.3,0.75,1545.0,345.0,254.0
DHPL,5/20/2026,298.0,303.8,292.1,303.8,1.95,6537.0,345.0,254.0
DHPL,5/21/2026,303.5,303.5,295.0,300.0,-1.15,5027.0,345.0,254.0
DHPL,5/22/2026,303.0,303.0,296.1,302.0,-0.33,3223.0,345.0,254.0
DHPL,5/25/2026,303.0,311.0,302.5,302.5,-0.17,13951.0,345.0,254.0
DHPL,5/26/2026,309.0,309.0,298.0,306.0,-0.97,5291.0,345.0,254.0
DHPL,5/27/2026,309.0,315.0,303.0,306.0,-0.97,2313.0,345.0,254.0
DHPL,6/1/2026,312.0,312.0,298.0,308.0,-1.28,11323.0,345.0,254.0
DHPL,6/2/2026,303.0,305.0,299.0,305.0,0.66,3911.0,345.0,254.0
DHPL,6/3/2026,303.0,306.4,300.0,306.0,0.99,5237.0,345.0,254.0
DHPL,6/4/2026,302.0,304.9,300.1,302.2,0.07,980.0,345.0,254.0
DHPL,6/5/2026,300.0,308.9,300.0,302.0,0.67,8941.0,345.0,254.0
DHPL,6/8/2026,310.0,310.0,299.3,299.3,-3.45,2239.0,345.0,254.0
DHPL,6/9/2026,305.0,305.0,297.0,302.0,-0.98,5457.0,345.0,254.0
DHPL,6/10/2026,300.0,302.0,293.0,300.0,0.0,3455.0,345.0,254.0
DHPL,6/11/2026,300.0,300.1,295.3,295.3,-1.57,619.0,345.0,254.0
DHPL,6/12/2026,310.0,310.0,294.0,299.8,-3.29,5473.0,345.0,254.0
DHPL,6/15/2026,295.0,299.0,295.0,297.0,0.68,4577.0,345.0,254.0
DHPL,6/16/2026,311.0,311.0,294.0,300.0,-3.54,1872.0,345.0,254.0
DHPL,6/17/2026,315.0,315.0,293.6,300.0,-4.76,2840.0,345.0,254.0
DHPL,6/18/2026,315.0,315.0,294.1,299.9,-4.79,1496.0,345.0,254.0
DHPL,6/19/2026,307.0,307.0,292.3,299.0,-2.61,2177.0,345.0,254.0
DHPL,6/22/2026,295.0,299.9,292.0,294.0,-0.34,3750.0,345.0,254.0
DHPL,6/23/2026,297.7,297.7,290.0,290.0,-2.59,5823.0,345.0,254.0
DHPL,6/24/2026,304.0,304.0,281.3,289.0,-4.93,5226.0,345.0,254.0
DHPL,6/26/2026,280.3,290.0,280.3,285.0,1.68,1797.0,345.0,254.0
DHPL,6/29/2026,285.0,288.5,281.1,281.5,-1.23,2435.0,345.0,254.0
DHPL,6/30/2026,277.3,279.9,273.1,279.0,0.61,2677.0,345.0,254.0
DHPL,7/1/2026,287.2,295.0,280.0,286.0,-0.42,2955.0,345.0,254.0
DHPL,7/2/2026,300.3,300.3,283.5,287.6,-4.23,1208.0,345.0,254.0
DHPL,7/3/2026,300.0,300.0,282.0,286.0,-4.67,2875.0,345.0,254.0
DHPL,7/6/2026,282.1,287.5,281.0,282.0,-0.04,1260.0,345.0,254.0
DHPL,7/7/2026,290.4,299.0,279.0,292.0,0.55,3589.0,345.0,254.0
DHPL,7/8/2026,284.0,292.0,281.3,281.3,-0.95,2184.0,345.0,254.0
DHPL,7/9/2026,285.0,285.0,272.0,275.9,-3.19,3308.0,345.0,254.0
DHPL,7/10/2026,281.0,284.1,275.0,275.0,-2.14,945.0,345.0,254.0
DHPL,7/13/2026,275.0,275.0,254.0,257.1,-6.51,11997.0,345.0,254.0
DHPL,7/14/2026,257.0,281.0,255.0,264.0,2.72,7478.0,345.0,254.0
DHPL,7/15/2026,271.9,278.0,265.0,275.9,1.47,2733.0,345.0,254.0
DHPL,7/16/2026,270.0,275.0,269.0,275.0,1.85,1171.0,345.0,254.0
DHPL,7/17/2026,283.0,290.0,274.8,290.0,2.47,6368.0,345.0,254.0
DHPL,7/20/2026,294.9,315.0,286.2,315.0,6.82,9646.0,345.0,254.0
DHPL,7/21/2026,330.0,330.0,300.0,307.8,-6.73,19679.0,345.0,254.0
DHPL,7/22/2026,299.0,307.9,295.0,296.5,-0.84,8229.0,345.0,254.0
DHPL,7/23/2026,303.79,303.79,295.0,298.0,-1.91,2245.0,345.0,254.0
DHPL,7/24/2026,290.0,300.0,290.0,300.0,3.45,5641.0,345.0,254.0
DHPL,7/27/2026,300.0,300.0,290.0,296.9,-1.03,5135.0,345.0,254.0
DHPL,7/28/2026,294.0,294.0,289.1,290.0,-1.36,712.0,345.0,254.0
DHPL,7/29/2026,295.0,297.0,287.5,292.0,-1.02,3008.0,345.0,254.0
DHPL,7/30/2026,299.0,299.0,283.0,295.3,-1.24,4398.0,345.0,254.0
DHPL,7/31/2026,286.5,294.0,283.1,294.0,2.62,749.0,345.0,254.0
DHPL,8/3/2026,290.1,295.0,285.0,289.0,-0.38,10771.0,345.0,254.0
DHPL,8/4/2026,281.2,295.0,280.8,295.0,4.91,7067.0,345.0,254.0
DHPL,8/5/2026,286.2,295.0,286.2,293.0,2.38,2593.0,345.0,254.0
DHPL,8/6/2026,307.6,307.6,288.0,293.0,-4.75,6643.0,345.0,254.0
DHPL,8/7/2026,307.0,307.0,288.0,290.0,-5.54,1477.0,345.0,254.0
DHPL,8/10/2026,294.0,294.0,282.0,288.0,-2.04,4003.0,345.0,254.0
DHPL,8/11/2026,288.0,290.0,282.0,290.0,0.69,2686.0,345.0,254.0
DHPL,8/12/2026,282.1,284.0,282.0,283.0,0.32,3173.0,345.0,254.0
DHPL,8/13/2026,280.0,289.9,280.0,289.9,3.54,2039.0,345.0,254.0
DHPL,8/14/2026,289.9,291.0,286.0,286.0,-1.35,3493.0,345.0,254.0
DHPL,8/17/2026,287.1,290.5,279.2,290.5,1.18,12398.0,345.0,254.0
DHPL,8/18/2026,305.0,305.0,280.0,283.0,-7.21,10778.0,345.0,254.0
DHPL,8/19/2026,285.0,285.0,278.5,281.0,-1.4,2441.0,345.0,254.0
DHPL,8/20/2026,284.0,284.0,276.1,283.0,-0.35,624.0,345.0,254.0
DHPL,8/21/2026,281.2,281.2,271.3,280.0,-0.43,7883.0,345.0,254.0
DHPL,8/24/2026,275.0,281.0,272.0,272.0,-1.09,3346.0,345.0,254.0
DHPL,8/25/2026,258.4,284.0,258.4,275.0,6.42,5744.0,345.0,254.0
DHPL,8/26/2026,283.2,283.2,268.0,270.0,-4.66,7792.0,345.0,254.0
DHPL,8/27/2026,265.1,280.0,265.1,274.5,3.55,4139.0,345.0,254.0
DHPL,8/31/2026,272.0,274.0,264.1,269.8,-0.81,4193.0,345.0,254.0
DHPL,9/1/2026,266.9,273.5,262.3,273.5,2.47,7333.0,345.0,254.0
DHPL,9/2/2026,275.0,275.0,267.0,270.0,-1.82,862.0,345.0,254.0
DHPL,9/3/2026,276.4,276.4,262.2,264.0,-4.49,3793.0,345.0,254.0
DHPL,9/7/2026,263.0,273.5,263.0,272.0,3.42,3839.0,345.0,254.0
DHPL,9/9/2026,273.0,273.0,265.0,268.0,-1.83,3519.0,345.0,254.0
DHPL,9/10/2026,265.0,269.0,260.1,269.0,1.51,2893.0,345.0,254.0
DHPL,9/11/2026,261.3,274.0,261.3,274.0,4.86,1807.0,345.0,254.0
DHPL,9/14/2026,274.9,282.0,274.0,275.0,0.04,4650.0,345.0,254.0
DHPL,9/15/2026,288.0,288.0,278.0,278.1,-3.44,8880.0,345.0,254.0
DHPL,9/16/2026,278.0,278.0,273.0,274.0,-1.44,2712.0,345.0,254.0
DHPL,9/17/2026,276.0,282.0,276.0,278.9,1.05,1842.0,345.0,254.0
DHPL,9/18/2026,278.0,279.5,273.5,279.5,0.54,3260.0,345.0,254.0
DHPL,9/22/2026,280.0,281.0,275.5,279.0,-0.36,2315.0,345.0,254.0
DHPL,9/23/2026,277.0,277.0,267.0,273.0,-1.44,5407.0,345.0,254.0
DHPL,9/24/2026,270.0,287.0,267.0,275.0,1.85,7191.0,345.0,254.0
DHPL,9/28/2026,275.0,275.0,269.1,272.9,-0.76,2566.0,345.0,254.0
DHPL,9/29/2026,266.1,270.0,266.1,0.0,-100.0,1123.0,345.0,254.0
DHPL,9/30/2026,275.0,279.1,263.2,266.4,-3.13,1143.0,345.0,254.0
DHPL,10/1/2026,266.4,280.1,266.4,273.0,2.48,3760.0,345.0,254.0
DHPL,10/2/2026,273.0,273.0,266.5,267.6,-1.98,6628.0,345.0,254.0
DLBS,12/21/2025,1327.0,1345.0,1296.0,1340.0,,418.0,1495.0,927.0
DLBS,12/22/2025,1316.0,1320.0,1300.0,1320.0,-1.49,987.0,1495.0,927.0
DLBS,12/23/2025,1300.1,1329.9,1294.0,1329.9,0.75,663.0,1495.0,927.0
DLBS,12/24/2025,1310.0,1315.0,1305.0,1313.0,-1.27,185.0,1495.0,927.0
DLBS,12/28/2025,1338.0,1339.2,1303.0,1325.0,0.91,1884.0,1495.0,927.0
DLBS,12/29/2025,1351.0,1351.5,1304.3,1340.0,1.13,952.0,1495.0,927.0
DLBS,12/31/2025,1349.0,1349.0,1310.1,1339.0,-0.07,672.0,1495.0,927.0
DLBS,1/1/2026,1339.0,1339.0,1314.2,1314.2,-1.85,974.0,1495.0,927.0
DLBS,1/4/2026,1320.0,1320.0,1300.0,1315.0,0.06,1201.0,1495.0,927.0
DLBS,1/5/2026,1290.0,1339.8,1290.0,1339.8,1.89,487.0,1495.0,927.0
DLBS,1/6/2026,1314.0,1347.0,1314.0,1327.0,-0.96,341.0,1495.0,927.0
DLBS,1/7/2026,1322.2,1337.0,1305.2,1337.0,0.75,572.0,1495.0,927.0
DLBS,1/8/2026,1335.0,1335.0,1315.1,1321.0,-1.2,267.0,1495.0,927.0
DLBS,1/12/2026,1300.0,1326.0,1300.0,1313.0,-0.61,328.0,1495.0,927.0
DLBS,1/13/2026,1292.1,1310.0,1292.0,1300.1,-0.98,584.0,1495.0,927.0
DLBS,1/14/2026,1300.1,1308.9,1296.0,1308.9,0.68,477.0,1495.0,927.0
DLBS,1/18/2026,1335.0,1386.0,1309.0,1347.0,2.91,1204.0,1495.0,927.0
DLBS,1/20/2026,1355.0,1400.0,1350.0,1378.0,2.3,1009.0,1495.0,927.0
DLBS,1/21/2026,1350.5,1400.0,1327.0,1359.9,-1.31,856.0,1495.0,927.0
DLBS,1/22/2026,1333.0,1356.6,1330.0,1356.6,-0.24,1115.0,1495.0,927.0
DLBS,1/25/2026,1332.0,1383.5,1332.0,1383.5,1.98,2478.0,1495.0,927.0
DLBS,1/26/2026,1390.0,1409.0,1371.3,1395.0,0.83,1244.0,1495.0,927.0
DLBS,1/27/2026,1420.0,1420.0,1350.0,1393.8,-0.09,1684.0,1495.0,927.0
DLBS,1/28/2026,1371.3,1398.6,1345.0,1389.9,-0.28,584.0,1495.0,927.0
DLBS,1/29/2026,1365.0,1375.0,1337.7,1375.0,-1.07,665.0,1495.0,927.0
DLBS,2/1/2026,1347.5,1374.0,1320.6,1369.9,-0.37,1064.0,1495.0,927.0
DLBS,2/2/2026,1380.0,1380.0,1345.0,1368.0,-0.14,534.0,1495.0,927.0
DLBS,2/3/2026,1342.0,1364.9,1330.0,1364.9,-0.23,554.0,1495.0,927.0
DLBS,2/4/2026,1339.0,1340.0,1322.0,1322.4,-3.11,863.0,1495.0,927.0
DLBS,2/5/2026,1348.0,1360.0,1311.1,1339.9,1.32,1267.0,1495.0,927.0
DLBS,2/8/2026,1313.5,1360.0,1313.0,1330.0,-0.74,763.0,1495.0,927.0
DLBS,2/9/2026,1356.6,1356.6,1318.1,1318.1,-0.89,1086.0,1495.0,927.0
DLBS,2/10/2026,1300.0,1344.4,1300.0,1334.0,1.21,458.0,1495.0,927.0
DLBS,2/11/2026,1359.9,1359.9,1315.0,1325.0,-0.67,248.0,1495.0,927.0
DLBS,2/12/2026,1310.0,1325.0,1310.0,1315.0,-0.75,565.0,1495.0,927.0
DLBS,2/16/2026,1310.0,1340.0,1300.1,1340.0,1.9,288.0,1495.0,927.0
DLBS,2/17/2026,1330.0,1335.0,1310.0,1310.0,-2.24,2032.0,1495.0,927.0
DLBS,2/22/2026,1300.0,1300.0,1285.4,1286.0,-1.83,1130.0,1495.0,927.0
DLBS,2/23/2026,1265.0,1300.0,1265.0,1300.0,1.09,482.0,1495.0,927.0
DLBS,2/24/2026,1300.0,1305.0,1295.0,1300.0,0.0,797.0,1495.0,927.0
DLBS,2/25/2026,1280.1,1320.0,1280.1,1300.0,0.0,490.0,1495.0,927.0
DLBS,2/26/2026,1300.0,1319.0,1300.0,1310.1,0.78,408.0,1495.0,927.0
DLBS,2/27/2026,1300.0,1319.0,1300.0,1310.1,0.0,408.0,1495.0,927.0
DLBS,2/28/2026,1300.0,1319.0,1300.0,1310.1,0.0,408.0,1495.0,927.0
DLBS,3/2/2026,1285.0,1334.0,1284.0,1334.0,1.82,638.0,1495.0,927.0
DLBS,3/3/2026,1334.0,1355.0,1334.0,1350.0,1.2,159.0,1495.0,927.0
DLBS,3/4/2026,1334.0,1355.0,1334.0,1350.0,0.0,159.0,1495.0,927.0
DLBS,3/5/2026,1334.0,1355.0,1334.0,1350.0,0.0,159.0,1495.0,927.0
DLBS,3/6/2026,1334.0,1355.0,1334.0,1350.0,0.0,159.0,1495.0,927.0
DLBS,3/7/2026,1334.0,1355.0,1334.0,1350.0,0.0,159.0,1495.0,927.0
DLBS,3/8/2026,1334.0,1355.0,1334.0,1350.0,0.0,159.0,1495.0,927.0
DLBS,3/9/2026,1377.0,1377.0,1377.0,1377.0,2.0,10.0,1495.0,927.0
DLBS,3/10/2026,1400.0,1400.0,1351.0,1389.9,0.94,2909.0,1495.0,927.0
DLBS,3/11/2026,1415.0,1415.0,1359.0,1366.0,-1.72,353.0,1495.0,927.0
DLBS,3/12/2026,1342.0,1362.6,1342.0,1362.6,-0.25,1139.0,1495.0,927.0
DLBS,3/13/2026,1342.0,1362.6,1342.0,1362.6,0.0,1139.0,1495.0,927.0
DLBS,3/14/2026,1342.0,1362.6,1342.0,1362.6,0.0,1139.0,1495.0,927.0
DLBS,3/15/2026,1345.0,1360.0,1345.0,1350.0,-0.92,765.0,1495.0,927.0
DLBS,3/16/2026,1342.0,1350.0,1335.0,1349.0,-0.07,1530.0,1495.0,927.0
DLBS,3/17/2026,1341.1,1350.0,1330.0,1349.0,0.0,1037.0,1495.0,927.0
DLBS,3/18/2026,1341.1,1350.0,1330.0,1349.0,0.0,1037.0,1495.0,927.0
DLBS,3/19/2026,1349.0,1368.9,1349.0,1352.1,0.23,897.0,1495.0,927.0
DLBS,3/20/2026,1349.0,1368.9,1349.0,1352.1,0.0,897.0,1495.0,927.0
DLBS,3/21/2026,1349.0,1368.9,1349.0,1352.1,0.0,897.0,1495.0,927.0
DLBS,3/22/2026,1379.0,1417.8,1357.0,1405.0,3.91,2845.0,1495.0,927.0
DLBS,3/23/2026,1405.0,1444.0,1405.0,1441.0,2.56,1921.0,1495.0,927.0
DLBS,3/24/2026,1420.0,1444.3,1416.0,1420.0,-1.46,2386.0,1495.0,927.0
DLBS,3/25/2026,1405.0,1443.8,1372.0,1420.0,0.0,2735.0,1495.0,927.0
DLBS,3/26/2026,1391.6,1417.0,1370.0,1413.0,1.54,1566.0,1495.0,927.0
DLBS,3/29/2026,1385.0,1385.0,1365.0,1385.0,0.0,1157.0,1495.0,927.0
DLBS,3/30/2026,1385.0,1410.0,1340.0,1378.9,-0.44,670.0,1495.0,927.0
DLBS,3/31/2026,1375.0,1375.0,1326.1,1340.3,-2.52,1121.0,1495.0,927.0
DLBS,4/1/2026,1337.0,1338.0,1295.0,1319.0,-1.35,2104.0,1495.0,927.0
DLBS,4/2/2026,1319.0,1330.0,1298.1,1300.0,-1.44,1274.0,1495.0,927.0
DLBS,4/5/2026,1300.0,1300.0,1275.0,1275.1,-1.92,2146.0,1495.0,927.0
DLBS,4/6/2026,1300.5,1352.0,1276.1,1317.0,1.27,868.0,1495.0,927.0
DLBS,4/7/2026,1291.0,1325.0,1289.0,1295.0,0.31,764.0,1495.0,927.0
DLBS,4/8/2026,1320.0,1326.0,1300.0,1300.1,-1.51,920.0,1495.0,927.0
DLBS,4/9/2026,1325.0,1349.0,1300.3,1337.0,0.91,457.0,1495.0,927.0
DLBS,4/10/2026,1337.0,1355.0,1292.0,1310.1,-2.01,1089.0,1495.0,927.0
DLBS,4/13/2026,1301.0,1305.0,1283.9,1290.1,-0.84,533.0,1495.0,927.0
DLBS,4/15/2026,1265.0,1320.0,1265.0,1319.8,4.33,352.0,1495.0,927.0
DLBS,4/16/2026,1320.0,1320.0,1275.0,1300.0,-1.52,512.0,1495.0,927.0
DLBS,4/17/2026,1300.0,1333.1,1285.0,1301.0,0.08,458.0,1495.0,927.0
DLBS,4/20/2026,1263.2,1325.0,1263.2,1292.0,2.28,109.0,1495.0,927.0
DLBS,4/21/2026,1255.0,1310.2,1255.0,1301.0,3.67,554.0,1495.0,927.0
DLBS,4/22/2026,1301.0,1318.4,1271.1,1311.0,0.77,2359.0,1495.0,927.0
DLBS,4/23/2026,1305.0,1311.0,1285.1,1309.0,0.31,431.0,1495.0,927.0
DLBS,4/24/2026,1309.0,1300.0,1288.0,1300.0,-0.69,340.0,1495.0,927.0
DLBS,4/27/2026,1300.0,1300.0,1265.0,1290.0,-0.77,208.0,1495.0,927.0
DLBS,4/28/2026,1290.0,1291.0,1265.2,1290.0,0.0,337.0,1495.0,927.0
DLBS,4/29/2026,1290.0,1364.7,1260.0,1320.0,2.33,1292.0,1495.0,927.0
DLBS,4/30/2026,1333.0,1333.0,1255.0,1290.0,-3.23,310.0,1495.0,927.0
DLBS,5/4/2026,1270.5,1300.0,1265.0,1265.0,-0.43,1119.0,1495.0,927.0
DLBS,5/5/2026,1255.0,1409.0,1255.0,1354.0,7.89,1346.0,1495.0,927.0
DLBS,5/6/2026,1421.7,1421.7,1260.0,1308.0,-8.0,3225.0,1495.0,927.0
DLBS,5/7/2026,1271.0,1309.1,1271.0,1278.2,0.57,891.0,1495.0,927.0
DLBS,5/8/2026,1214.3,1447.0,1214.3,1319.0,8.62,2503.0,1495.0,927.0
DLBS,5/11/2026,1350.0,1350.0,1280.4,1300.0,-3.7,249.0,1495.0,927.0
DLBS,5/12/2026,1235.0,1495.0,1235.0,1495.0,21.05,2236.0,1495.0,927.0
DLBS,5/13/2026,1420.3,1420.3,1300.0,1328.0,-6.5,3640.0,1495.0,927.0
DLBS,5/14/2026,1290.0,1323.0,1288.0,1323.0,2.56,483.0,1495.0,927.0
DLBS,5/15/2026,1323.0,1325.0,1288.1,1315.0,-0.6,894.0,1495.0,927.0
DLBS,5/18/2026,1315.0,1320.0,1280.0,1280.0,-2.66,475.0,1495.0,927.0
DLBS,5/19/2026,1246.0,1318.0,1245.0,1265.5,1.57,1995.0,1495.0,927.0
DLBS,5/20/2026,1328.7,1328.7,1253.0,1270.1,-4.41,294.0,1495.0,927.0
DLBS,5/21/2026,1270.1,1280.0,1265.5,1280.0,0.78,254.0,1495.0,927.0
DLBS,5/22/2026,1310.0,1310.0,1257.0,1275.0,-2.67,201.0,1495.0,927.0
DLBS,5/25/2026,1275.0,1315.0,1271.0,1314.0,3.06,526.0,1495.0,927.0
DLBS,5/26/2026,1314.0,1314.0,1275.0,1313.0,-0.08,670.0,1495.0,927.0
DLBS,5/27/2026,1313.0,1317.0,1280.1,1315.0,0.15,1900.0,1495.0,927.0
DLBS,6/1/2026,1276.0,1276.0,1270.0,1275.5,-0.04,113.0,1495.0,927.0
DLBS,6/2/2026,1250.1,1275.4,1250.1,1275.0,1.99,545.0,1495.0,927.0
DLBS,6/3/2026,1305.0,1462.0,1252.1,1299.2,-0.44,640.0,1495.0,927.0
DLBS,6/4/2026,1299.2,1299.2,1267.0,1269.0,-2.32,996.0,1495.0,927.0
DLBS,6/5/2026,1269.0,1295.0,1266.0,1266.0,-0.24,403.0,1495.0,927.0
DLBS,6/8/2026,1263.0,1266.0,1260.6,1262.0,-0.08,185.0,1495.0,927.0
DLBS,6/9/2026,1252.0,1279.0,1250.1,1270.1,1.45,519.0,1495.0,927.0
DLBS,6/10/2026,1250.1,1294.0,1232.1,1290.0,3.19,218.0,1495.0,927.0
DLBS,6/11/2026,1263.0,1263.5,1263.0,1263.5,0.04,95.0,1495.0,927.0
DLBS,6/12/2026,1263.5,1263.5,1250.0,1250.5,-1.03,56.0,1495.0,927.0
DLBS,6/15/2026,1288.0,1288.0,1250.0,1252.0,-2.8,121.0,1495.0,927.0
DLBS,6/16/2026,1253.0,1368.0,1245.1,1245.1,-0.63,742.0,1495.0,927.0
DLBS,6/17/2026,1250.0,1293.0,1250.0,1272.0,1.76,313.0,1495.0,927.0
DLBS,6/18/2026,1230.0,1420.0,1230.0,1256.1,2.12,485.0,1495.0,927.0
DLBS,6/19/2026,1240.0,1288.0,1240.0,1255.6,1.26,130.0,1495.0,927.0
DLBS,6/22/2026,1260.0,1260.0,1255.0,1260.0,0.0,179.0,1495.0,927.0
DLBS,6/23/2026,1260.0,1260.0,1222.3,1237.0,-1.83,104.0,1495.0,927.0
DLBS,6/24/2026,1237.0,1275.0,1201.3,1275.0,3.07,2295.0,1495.0,927.0
DLBS,6/26/2026,1238.9,1298.9,1211.1,1235.0,-0.31,740.0,1495.0,927.0
DLBS,6/29/2026,1225.0,1420.0,1190.0,1420.0,15.92,1472.0,1495.0,927.0
DLBS,6/30/2026,1349.0,1349.0,1207.0,1349.0,0.0,3324.0,1495.0,927.0
DLBS,7/1/2026,1349.5,1349.5,1235.1,1295.0,-4.04,1371.0,1495.0,927.0
DLBS,7/2/2026,1235.0,1472.0,1235.0,1472.0,19.19,5030.0,1495.0,927.0
DLBS,7/3/2026,1398.4,1398.4,1251.6,1307.0,-6.54,2110.0,1495.0,927.0
DLBS,7/6/2026,1299.0,1299.0,1237.1,1240.0,-4.54,400.0,1495.0,927.0
DLBS,7/7/2026,1237.0,1265.0,1207.0,1216.1,-1.69,923.0,1495.0,927.0
DLBS,7/8/2026,1186.1,1215.0,1186.1,1201.0,1.26,1638.0,1495.0,927.0
DLBS,7/9/2026,1220.0,1222.0,1200.0,1200.0,-1.64,245.0,1495.0,927.0
DLBS,7/10/2026,1169.0,1235.9,1169.0,1200.0,2.65,279.0,1495.0,927.0
DLBS,7/13/2026,1200.0,1202.5,1165.0,1199.9,-0.01,751.0,1495.0,927.0
DLBS,7/14/2026,1167.0,1200.0,1135.0,1200.0,2.83,755.0,1495.0,927.0
DLBS,7/15/2026,1200.0,1210.0,1164.0,1165.0,-2.92,476.0,1495.0,927.0
DLBS,7/16/2026,1133.0,1209.0,1133.0,1209.0,6.71,495.0,1495.0,927.0
DLBS,7/17/2026,1215.0,1235.0,1185.0,1235.0,1.65,139.0,1495.0,927.0
DLBS,7/20/2026,1240.0,1249.0,1200.0,1219.0,-1.69,216.0,1495.0,927.0
DLBS,7/21/2026,1200.0,1233.9,1200.0,1216.0,1.33,219.0,1495.0,927.0
DLBS,7/22/2026,1200.0,1287.5,1200.0,1249.0,4.08,5635.0,1495.0,927.0
DLBS,7/23/2026,1264.0,1264.0,1211.0,1214.0,-3.96,311.0,1495.0,927.0
DLBS,7/24/2026,1248.8,1248.8,1220.0,1220.1,-2.3,150.0,1495.0,927.0
DLBS,7/27/2026,1210.0,1285.0,1190.2,1258.0,3.97,4370.0,1495.0,927.0
DLBS,7/28/2026,1220.3,1240.0,1200.1,1215.0,-0.43,146.0,1495.0,927.0
DLBS,7/29/2026,1248.6,1248.6,1184.0,1201.0,-3.81,241.0,1495.0,927.0
DLBS,7/30/2026,1193.2,1224.0,1171.2,1190.0,-0.27,1295.0,1495.0,927.0
DLBS,7/31/2026,1165.0,1215.0,1165.0,1214.0,4.21,233.0,1495.0,927.0
DLBS,8/3/2026,1190.0,1195.0,1190.0,1190.0,0.0,164.0,1495.0,927.0
DLBS,8/4/2026,1160.0,1298.0,1160.0,1209.0,4.22,772.0,1495.0,927.0
DLBS,8/5/2026,1248.6,1248.6,1175.0,1208.0,-3.25,237.0,1495.0,927.0
DLBS,8/6/2026,1215.0,1244.2,1160.1,1182.1,-2.71,1233.0,1495.0,927.0
DLBS,8/7/2026,1182.1,1200.0,1165.0,1165.0,-1.45,223.0,1495.0,927.0
DLBS,8/10/2026,1165.0,1225.5,1165.0,1180.0,1.29,328.0,1495.0,927.0
DLBS,8/11/2026,1160.0,1189.0,1160.0,1160.0,0.0,475.0,1495.0,927.0
DLBS,8/12/2026,1145.1,1214.0,1145.1,1147.0,0.17,408.0,1495.0,927.0
DLBS,8/13/2026,1150.0,1219.0,1145.0,1163.2,1.15,257.0,1495.0,927.0
DLBS,8/17/2026,1180.0,1180.0,1130.0,1150.0,-2.54,319.0,1495.0,927.0
DLBS,8/18/2026,1127.0,1135.0,1125.0,1125.0,-0.18,621.0,1495.0,927.0
DLBS,8/19/2026,1154.0,1154.0,1095.0,1098.5,-4.81,624.0,1495.0,927.0
DLBS,8/20/2026,1125.0,1131.0,1081.0,1084.0,-3.64,531.0,1495.0,927.0
DLBS,8/21/2026,1081.0,1088.0,1023.6,1027.0,-5.0,2990.0,1495.0,927.0
DLBS,8/24/2026,1000.1,1180.0,996.2,1150.0,14.99,3008.0,1495.0,927.0
DLBS,8/25/2026,1115.5,1115.5,1034.2,1034.2,-7.29,163.0,1495.0,927.0
DLBS,8/26/2026,1022.0,1034.0,997.0,1034.0,1.17,333.0,1495.0,927.0
DLBS,8/27/2026,1003.0,1037.0,1003.0,1007.1,0.41,513.0,1495.0,927.0
DLBS,8/31/2026,985.0,999.8,985.0,990.0,0.51,168.0,1495.0,927.0
DLBS,9/1/2026,990.0,1018.0,990.0,990.1,0.01,265.0,1495.0,927.0
DLBS,9/2/2026,990.0,1018.0,985.1,985.1,-0.49,584.0,1495.0,927.0
DLBS,9/3/2026,981.2,1010.0,981.2,993.0,1.2,302.0,1495.0,927.0
DLBS,9/7/2026,993.0,1000.0,993.0,1000.0,0.7,137.0,1495.0,927.0
DLBS,9/9/2026,990.0,1005.0,990.0,1000.0,1.01,250.0,1495.0,927.0
DLBS,9/10/2026,985.0,995.0,955.0,955.0,-3.05,1020.0,1495.0,927.0
DLBS,9/11/2026,955.0,983.0,927.0,983.0,2.93,447.0,1495.0,927.0
DLBS,9/14/2026,970.0,1003.5,966.1,973.4,0.35,217.0,1495.0,927.0
DLBS,9/15/2026,1001.0,1119.0,1001.0,1119.0,11.79,2315.0,1495.0,927.0
DLBS,9/16/2026,1063.1,1111.0,1032.0,1110.0,4.41,3293.0,1495.0,927.0
DLBS,9/17/2026,1055.0,1248.0,1031.1,1248.0,18.29,4652.0,1495.0,927.0
DLBS,9/18/2026,1310.0,1310.0,1077.0,1184.0,-9.62,2079.0,1495.0,927.0
DLBS,9/22/2026,1148.5,1166.9,1083.2,1166.9,1.6,1423.0,1495.0,927.0
DLBS,9/23/2026,1109.0,1341.9,1075.8,1341.9,21.0,3513.0,1495.0,927.0
DLBS,9/24/2026,1408.0,1408.0,1140.7,1205.1,-14.41,2694.0,1495.0,927.0
DLBS,9/28/2026,1169.0,1273.0,1120.0,1149.0,-1.71,1641.0,1495.0,927.0
DLBS,9/29/2026,1120.0,1147.0,1100.0,0.0,-100.0,600.0,1495.0,927.0
DLBS,9/30/2026,1080.2,1200.0,1080.2,1140.0,5.54,1508.0,1495.0,927.0
DLBS,10/1/2026,1180.0,1190.0,1110.0,1146.9,-2.81,384.0,1495.0,927.0
DLBS,10/2/2026,1204.0,1204.0,1090.1,1090.1,-9.46,1053.0,1495.0,927.0
DOLTI,12/21/2025,520.0,520.0,512.0,515.0,,4335.0,596.0,275.0
DOLTI,12/22/2025,508.0,518.1,508.0,510.5,-0.87,1602.0,596.0,275.0
DOLTI,12/23/2025,507.0,547.0,505.0,517.0,1.27,2666.0,596.0,275.0
DOLTI,12/24/2025,527.3,527.3,510.3,512.5,-0.87,1402.0,596.0,275.0
DOLTI,12/28/2025,522.7,523.0,512.3,518.2,1.11,2214.0,596.0,275.0
DOLTI,12/29/2025,518.2,521.7,515.0,518.5,0.06,3426.0,596.0,275.0
DOLTI,12/31/2025,515.0,528.8,510.0,514.7,-0.73,11231.0,596.0,275.0
DOLTI,1/1/2026,510.0,517.8,508.0,508.0,-1.3,8219.0,596.0,275.0
DOLTI,1/4/2026,500.0,517.9,500.0,508.0,0.0,6924.0,596.0,275.0
DOLTI,1/5/2026,500.0,517.8,500.0,513.3,1.04,7932.0,596.0,275.0
DOLTI,1/6/2026,519.8,519.8,510.0,513.0,-0.06,5668.0,596.0,275.0
DOLTI,1/7/2026,512.0,512.9,507.0,511.9,-0.21,2520.0,596.0,275.0
DOLTI,1/8/2026,507.0,510.0,503.0,509.9,-0.39,4901.0,596.0,275.0
DOLTI,1/12/2026,503.2,515.9,503.2,507.7,-0.43,3830.0,596.0,275.0
DOLTI,1/13/2026,500.0,510.0,500.0,508.0,0.06,4546.0,596.0,275.0
DOLTI,1/14/2026,510.0,512.0,500.6,511.8,0.75,3853.0,596.0,275.0
DOLTI,1/18/2026,502.1,514.0,502.1,509.0,-0.55,5081.0,596.0,275.0
DOLTI,1/20/2026,514.0,519.0,511.5,518.0,1.77,16076.0,596.0,275.0
DOLTI,1/21/2026,518.0,520.0,512.0,514.0,-0.77,4969.0,596.0,275.0
DOLTI,1/22/2026,509.0,518.7,509.0,514.0,0.0,4551.0,596.0,275.0
DOLTI,1/25/2026,510.0,535.9,510.0,525.0,2.14,16830.0,596.0,275.0
DOLTI,1/26/2026,530.0,565.0,525.0,555.0,5.71,51077.0,596.0,275.0
DOLTI,1/27/2026,543.9,560.0,542.1,543.0,-2.16,21130.0,596.0,275.0
DOLTI,1/28/2026,536.0,546.0,536.0,544.0,0.18,6624.0,596.0,275.0
DOLTI,1/29/2026,550.0,550.0,536.5,544.9,0.17,18024.0,596.0,275.0
DOLTI,2/1/2026,536.5,536.5,525.8,530.0,-2.73,9533.0,596.0,275.0
DOLTI,2/2/2026,520.1,540.0,520.0,527.0,-0.57,3106.0,596.0,275.0
DOLTI,2/3/2026,519.0,529.3,519.0,519.5,-1.42,7646.0,596.0,275.0
DOLTI,2/4/2026,520.0,540.5,519.0,523.0,0.67,4905.0,596.0,275.0
DOLTI,2/5/2026,520.0,530.4,520.0,527.9,0.94,4210.0,596.0,275.0
DOLTI,2/8/2026,531.0,537.0,521.0,526.0,-0.36,6696.0,596.0,275.0
DOLTI,2/9/2026,519.0,525.0,516.0,516.1,-1.88,5224.0,596.0,275.0
DOLTI,2/10/2026,520.0,536.0,517.1,519.8,0.72,4376.0,596.0,275.0
DOLTI,2/11/2026,521.0,524.0,516.0,521.8,0.38,5690.0,596.0,275.0
DOLTI,2/12/2026,521.8,525.0,520.0,520.0,-0.34,7237.0,596.0,275.0
DOLTI,2/16/2026,520.0,520.0,513.0,515.1,-0.94,3906.0,596.0,275.0
DOLTI,2/17/2026,509.0,525.0,506.0,508.0,-1.38,8488.0,596.0,275.0
DOLTI,2/22/2026,497.9,507.8,497.9,498.0,-1.97,4693.0,596.0,275.0
DOLTI,2/23/2026,498.0,528.0,493.0,507.0,1.81,4209.0,596.0,275.0
DOLTI,2/24/2026,517.0,517.1,503.1,505.1,-0.37,1390.0,596.0,275.0
DOLTI,2/25/2026,495.0,513.9,495.0,509.0,0.77,2328.0,596.0,275.0
DOLTI,2/26/2026,510.0,519.0,508.0,508.0,-0.2,1779.0,596.0,275.0
DOLTI,2/27/2026,510.0,519.0,508.0,508.0,0.0,1779.0,596.0,275.0
DOLTI,2/28/2026,510.0,519.0,508.0,508.0,0.0,1779.0,596.0,275.0
DOLTI,3/2/2026,502.0,508.5,500.0,508.0,0.0,2779.0,596.0,275.0
DOLTI,3/3/2026,502.0,510.0,500.0,510.0,0.39,3317.0,596.0,275.0
DOLTI,3/4/2026,502.0,510.0,500.0,510.0,0.0,3317.0,596.0,275.0
DOLTI,3/5/2026,502.0,510.0,500.0,510.0,0.0,3317.0,596.0,275.0
DOLTI,3/6/2026,502.0,510.0,500.0,510.0,0.0,3317.0,596.0,275.0
DOLTI,3/7/2026,502.0,510.0,500.0,510.0,0.0,3317.0,596.0,275.0
DOLTI,3/8/2026,502.0,510.0,500.0,510.0,0.0,3317.0,596.0,275.0
DOLTI,3/9/2026,520.2,530.6,520.2,530.0,3.92,204.0,596.0,275.0
DOLTI,3/10/2026,540.6,552.0,519.4,530.0,0.0,17911.0,596.0,275.0
DOLTI,3/11/2026,531.4,539.9,520.0,525.0,-0.94,5558.0,596.0,275.0
DOLTI,3/12/2026,515.0,535.0,515.0,528.0,0.57,13397.0,596.0,275.0
DOLTI,3/13/2026,515.0,535.0,515.0,528.0,0.0,13397.0,596.0,275.0
DOLTI,3/14/2026,515.0,535.0,515.0,528.0,0.0,13397.0,596.0,275.0
DOLTI,3/15/2026,521.0,525.0,513.0,525.0,-0.57,5516.0,596.0,275.0
DOLTI,3/16/2026,521.0,531.0,521.0,528.9,0.74,7149.0,596.0,275.0
DOLTI,3/17/2026,521.0,525.0,508.7,519.9,-1.7,8231.0,596.0,275.0
DOLTI,3/18/2026,521.0,525.0,508.7,519.9,0.0,8231.0,596.0,275.0
DOLTI,3/19/2026,524.8,524.8,515.0,520.0,0.02,20589.0,596.0,275.0
DOLTI,3/20/2026,524.8,524.8,515.0,520.0,0.0,20589.0,596.0,275.0
DOLTI,3/21/2026,524.8,524.8,515.0,520.0,0.0,20589.0,596.0,275.0
DOLTI,3/22/2026,529.0,529.0,514.1,519.0,-0.19,12608.0,596.0,275.0
DOLTI,3/23/2026,520.0,520.0,506.1,513.0,-1.16,13031.0,596.0,275.0
DOLTI,3/24/2026,523.2,523.2,511.0,515.0,0.39,4546.0,596.0,275.0
DOLTI,3/25/2026,524.0,524.0,510.0,517.9,0.56,10277.0,596.0,275.0
DOLTI,3/26/2026,512.1,519.0,512.1,517.0,0.96,5107.0,596.0,275.0
DOLTI,3/29/2026,515.0,517.0,500.0,511.9,-0.6,6966.0,596.0,275.0
DOLTI,3/30/2026,503.0,511.0,497.5,500.0,-0.6,6525.0,596.0,275.0
DOLTI,3/31/2026,495.0,504.9,490.0,498.5,0.71,9969.0,596.0,275.0
DOLTI,4/1/2026,490.0,497.9,478.1,485.0,-1.02,8236.0,596.0,275.0
DOLTI,4/2/2026,480.0,487.0,477.0,479.0,-0.21,7300.0,596.0,275.0
DOLTI,4/5/2026,479.0,479.0,445.0,457.0,-4.59,13353.0,596.0,275.0
DOLTI,4/6/2026,456.9,467.9,449.0,465.0,1.77,7699.0,596.0,275.0
DOLTI,4/7/2026,469.9,469.9,459.0,459.0,-2.32,4554.0,596.0,275.0
DOLTI,4/8/2026,451.8,488.9,451.8,473.9,4.89,7466.0,596.0,275.0
DOLTI,4/9/2026,474.0,478.5,465.0,472.0,-0.42,6363.0,596.0,275.0
DOLTI,4/10/2026,463.0,475.0,460.2,470.0,1.51,5841.0,596.0,275.0
DOLTI,4/13/2026,464.0,479.0,464.0,479.0,3.23,7660.0,596.0,275.0
DOLTI,4/15/2026,479.0,488.0,470.0,480.0,0.21,9280.0,596.0,275.0
DOLTI,4/16/2026,488.9,488.9,463.0,463.0,-5.3,6853.0,596.0,275.0
DOLTI,4/17/2026,463.0,465.0,441.0,449.0,-3.02,12910.0,596.0,275.0
DOLTI,4/20/2026,445.0,447.1,422.5,425.0,-4.49,23393.0,596.0,275.0
DOLTI,4/21/2026,403.8,412.0,384.4,388.0,-3.91,286319.0,596.0,275.0
DOLTI,4/22/2026,390.0,399.0,384.2,396.0,1.54,168932.0,596.0,275.0
DOLTI,4/23/2026,415.8,415.8,387.0,388.9,-6.47,71477.0,596.0,275.0
DOLTI,4/24/2026,390.0,395.0,378.7,382.0,-2.05,87118.0,596.0,275.0
DOLTI,4/27/2026,364.0,389.4,364.0,376.0,3.3,78929.0,596.0,275.0
DOLTI,4/28/2026,375.0,385.4,375.0,379.7,1.25,16646.0,596.0,275.0
DOLTI,4/29/2026,361.0,379.9,361.0,373.0,3.32,77655.0,596.0,275.0
DOLTI,4/30/2026,364.0,368.0,360.0,364.0,0.0,47272.0,596.0,275.0
DOLTI,5/4/2026,360.0,367.0,356.1,360.0,0.0,20062.0,596.0,275.0
DOLTI,5/5/2026,360.0,364.0,351.0,356.5,-0.97,47307.0,596.0,275.0
DOLTI,5/6/2026,374.0,374.0,344.0,345.6,-7.59,41033.0,596.0,275.0
DOLTI,5/7/2026,355.0,355.0,330.1,336.9,-5.1,51485.0,596.0,275.0
DOLTI,5/8/2026,353.0,353.0,329.0,332.0,-5.95,56440.0,596.0,275.0
DOLTI,5/11/2026,332.0,364.0,332.0,360.0,8.43,141174.0,596.0,275.0
DOLTI,5/12/2026,366.0,366.0,352.0,352.0,-3.83,53564.0,596.0,275.0
DOLTI,5/13/2026,355.0,355.0,345.1,350.5,-1.27,31910.0,596.0,275.0
DOLTI,5/14/2026,350.0,354.0,346.1,347.5,-0.71,19228.0,596.0,275.0
DOLTI,5/15/2026,364.8,364.8,342.0,346.0,-5.15,18576.0,596.0,275.0
DOLTI,5/18/2026,345.0,354.0,343.4,347.0,0.58,33401.0,596.0,275.0
DOLTI,5/19/2026,347.0,351.6,346.0,348.9,0.55,16260.0,596.0,275.0
DOLTI,5/20/2026,350.0,350.0,346.0,348.0,-0.57,69308.0,596.0,275.0
DOLTI,5/21/2026,331.0,361.0,331.0,349.0,5.44,37679.0,596.0,275.0
DOLTI,5/22/2026,348.5,359.0,347.0,358.9,2.98,44955.0,596.0,275.0
DOLTI,5/25/2026,341.0,364.9,341.0,362.0,6.16,59866.0,596.0,275.0
DOLTI,5/26/2026,343.9,370.0,343.9,358.0,4.1,26644.0,596.0,275.0
DOLTI,5/27/2026,357.5,365.0,355.0,362.0,1.26,87464.0,596.0,275.0
DOLTI,6/1/2026,362.0,362.0,347.3,349.9,-3.34,40257.0,596.0,275.0
DOLTI,6/2/2026,333.0,355.0,333.0,353.0,6.01,29162.0,596.0,275.0
DOLTI,6/3/2026,336.0,359.9,336.0,356.9,6.22,55063.0,596.0,275.0
DOLTI,6/4/2026,349.0,358.0,348.1,354.0,1.43,26189.0,596.0,275.0
DOLTI,6/5/2026,345.5,355.0,345.5,350.0,1.3,27819.0,596.0,275.0
DOLTI,6/8/2026,333.0,359.0,333.0,351.5,5.56,24415.0,596.0,275.0
DOLTI,6/9/2026,348.0,353.4,340.0,352.0,1.15,44246.0,596.0,275.0
DOLTI,6/10/2026,335.0,354.0,335.0,349.0,4.18,25897.0,596.0,275.0
DOLTI,6/11/2026,353.0,353.0,344.5,348.0,-1.42,25760.0,596.0,275.0
DOLTI,6/12/2026,345.2,349.9,345.0,349.9,1.36,12697.0,596.0,275.0
DOLTI,6/15/2026,354.0,370.0,352.0,363.0,2.54,183189.0,596.0,275.0
DOLTI,6/16/2026,363.0,389.0,360.0,388.0,6.89,271512.0,596.0,275.0
DOLTI,6/17/2026,388.9,388.9,372.0,375.0,-3.57,100538.0,596.0,275.0
DOLTI,6/18/2026,372.0,375.0,362.0,363.0,-2.42,79660.0,596.0,275.0
DOLTI,6/19/2026,364.0,365.9,355.3,364.9,0.25,53718.0,596.0,275.0
DOLTI,6/22/2026,346.7,374.5,346.7,365.0,5.28,41167.0,596.0,275.0
DOLTI,6/23/2026,383.2,383.2,348.0,353.0,-7.88,47127.0,596.0,275.0
DOLTI,6/24/2026,351.0,355.0,341.1,349.0,-0.57,34591.0,596.0,275.0
DOLTI,6/26/2026,351.0,352.0,345.1,346.0,-1.42,24507.0,596.0,275.0
DOLTI,6/29/2026,346.0,346.0,335.2,336.0,-2.89,35735.0,596.0,275.0
DOLTI,6/30/2026,344.0,344.0,330.0,330.5,-3.92,24835.0,596.0,275.0
DOLTI,7/1/2026,335.0,345.9,330.0,345.9,3.25,69764.0,596.0,275.0
DOLTI,7/2/2026,353.0,353.0,339.5,345.0,-2.27,22168.0,596.0,275.0
DOLTI,7/3/2026,341.0,347.8,336.2,339.9,-0.32,15371.0,596.0,275.0
DOLTI,7/6/2026,339.9,347.5,333.0,335.0,-1.44,21405.0,596.0,275.0
DOLTI,7/7/2026,330.0,345.0,330.0,336.0,1.82,15917.0,596.0,275.0
DOLTI,7/8/2026,336.0,339.0,328.9,330.0,-1.79,33112.0,596.0,275.0
DOLTI,7/9/2026,337.9,337.9,321.0,321.0,-5.0,22656.0,596.0,275.0
DOLTI,7/10/2026,320.5,328.0,316.1,323.0,0.78,17925.0,596.0,275.0
DOLTI,7/13/2026,323.0,325.0,307.0,309.0,-4.33,37230.0,596.0,275.0
DOLTI,7/14/2026,310.8,318.9,300.1,315.1,1.38,29017.0,596.0,275.0
DOLTI,7/15/2026,320.0,327.0,315.0,317.9,-0.66,17213.0,596.0,275.0
DOLTI,7/16/2026,318.1,323.0,315.5,317.9,-0.06,23852.0,596.0,275.0
DOLTI,7/17/2026,315.0,335.0,315.0,332.2,5.46,30006.0,596.0,275.0
DOLTI,7/20/2026,348.8,348.8,325.1,333.1,-4.5,32042.0,596.0,275.0
DOLTI,7/21/2026,334.0,340.9,330.0,339.0,1.5,44808.0,596.0,275.0
DOLTI,7/22/2026,338.9,339.0,329.0,334.9,-1.18,26029.0,596.0,275.0
DOLTI,7/23/2026,328.1,333.3,328.0,329.1,0.3,28008.0,596.0,275.0
DOLTI,7/24/2026,312.7,337.0,312.7,331.9,6.14,18589.0,596.0,275.0
DOLTI,7/27/2026,335.0,335.0,325.0,325.0,-2.99,24263.0,596.0,275.0
DOLTI,7/28/2026,325.0,329.0,320.0,323.0,-0.62,22565.0,596.0,275.0
DOLTI,7/29/2026,320.0,326.0,320.0,323.6,1.13,11484.0,596.0,275.0
DOLTI,7/30/2026,323.6,325.0,319.0,320.0,-1.11,8810.0,596.0,275.0
DOLTI,7/31/2026,320.0,325.0,315.0,325.0,1.56,19315.0,596.0,275.0
DOLTI,8/3/2026,325.0,328.9,317.0,324.9,-0.03,23185.0,596.0,275.0
DOLTI,8/4/2026,341.0,341.0,316.0,320.1,-6.13,30386.0,596.0,275.0
DOLTI,8/5/2026,324.8,324.8,318.1,322.0,-0.86,16541.0,596.0,275.0
DOLTI,8/6/2026,322.0,325.0,317.3,320.0,-0.62,19633.0,596.0,275.0
DOLTI,8/7/2026,316.0,321.9,316.0,320.0,1.27,6821.0,596.0,275.0
DOLTI,8/10/2026,322.0,322.0,316.1,320.0,-0.62,14161.0,596.0,275.0
DOLTI,8/11/2026,320.0,320.9,317.0,319.0,-0.31,11936.0,596.0,275.0
DOLTI,8/12/2026,321.0,321.0,316.0,318.0,-0.93,7455.0,596.0,275.0
DOLTI,8/13/2026,318.0,325.0,315.0,318.7,0.22,22049.0,596.0,275.0
DOLTI,8/14/2026,328.0,328.0,316.5,319.9,-2.47,13200.0,596.0,275.0
DOLTI,8/17/2026,316.0,319.9,316.0,318.4,0.76,7533.0,596.0,275.0
DOLTI,8/18/2026,315.9,318.0,310.1,313.0,-0.92,15229.0,596.0,275.0
DOLTI,8/19/2026,314.0,314.0,308.0,310.0,-1.27,18323.0,596.0,275.0
DOLTI,8/20/2026,311.0,311.0,305.0,308.9,-0.68,20935.0,596.0,275.0
DOLTI,8/21/2026,311.9,311.9,306.1,306.1,-1.86,19104.0,596.0,275.0
DOLTI,8/24/2026,306.1,310.0,300.5,304.9,-0.39,18552.0,596.0,275.0
DOLTI,8/25/2026,304.9,305.9,298.1,299.0,-1.94,33481.0,596.0,275.0
DOLTI,8/26/2026,299.0,299.0,286.6,288.0,-3.68,23988.0,596.0,275.0
DOLTI,8/27/2026,288.0,298.9,278.0,291.6,1.25,33990.0,596.0,275.0
DOLTI,8/31/2026,285.0,290.0,280.0,282.0,-1.05,21538.0,596.0,275.0
DOLTI,9/1/2026,282.0,287.0,277.1,280.0,-0.71,13933.0,596.0,275.0
DOLTI,9/2/2026,276.0,284.2,276.0,284.0,2.9,9859.0,596.0,275.0
DOLTI,9/3/2026,286.4,286.4,275.0,282.0,-1.54,25887.0,596.0,275.0
DOLTI,9/7/2026,283.0,285.8,278.2,280.0,-1.06,14523.0,596.0,275.0
DOLTI,9/9/2026,282.9,282.9,276.0,276.3,-2.33,12639.0,596.0,275.0
DOLTI,9/10/2026,276.0,299.0,275.2,299.0,8.33,59470.0,596.0,275.0
DOLTI,9/11/2026,300.0,306.0,293.0,306.0,2.0,52969.0,596.0,275.0
DOLTI,9/14/2026,307.0,312.2,302.0,307.0,0.0,36023.0,596.0,275.0
DOLTI,9/15/2026,322.0,328.0,306.0,311.9,-3.14,37993.0,596.0,275.0
DOLTI,9/16/2026,311.0,314.0,302.0,306.0,-1.61,18467.0,596.0,275.0
DOLTI,9/17/2026,301.0,311.8,301.0,306.0,1.66,22341.0,596.0,275.0
DOLTI,9/18/2026,307.0,311.0,304.0,309.0,0.65,17350.0,596.0,275.0
DOLTI,9/22/2026,293.6,314.5,293.6,307.0,4.56,32815.0,596.0,275.0
DOLTI,9/23/2026,312.0,312.0,300.0,304.0,-2.56,30328.0,596.0,275.0
DOLTI,9/24/2026,301.1,309.0,297.2,299.0,-0.7,13161.0,596.0,275.0
DOLTI,9/28/2026,300.1,303.0,297.2,300.8,0.23,24711.0,596.0,275.0
DOLTI,9/29/2026,300.8,300.8,292.7,0.0,-100.0,16030.0,596.0,275.0
DOLTI,9/30/2026,300.0,300.0,290.0,295.0,-1.67,18662.0,596.0,275.0
DOLTI,10/1/2026,295.0,309.0,292.5,308.0,4.41,34958.0,596.0,275.0
DOLTI,10/2/2026,303.0,312.0,300.0,305.1,0.69,39016.0,596.0,275.0
DORDI,12/21/2025,250.2,256.1,250.0,250.0,,81751.0,327.4,213.1
DORDI,12/22/2025,248.1,252.0,248.1,249.2,-0.32,45071.0,327.4,213.1
DORDI,12/23/2025,246.0,252.0,246.0,248.0,-0.48,32423.0,327.4,213.1
DORDI,12/24/2025,248.0,250.4,247.0,248.1,0.04,25540.0,327.4,213.1
DORDI,12/28/2025,250.0,254.5,248.3,252.2,1.65,85068.0,327.4,213.1
DORDI,12/29/2025,251.0,256.0,250.1,251.1,-0.44,59036.0,327.4,213.1
DORDI,12/31/2025,254.9,262.0,250.7,260.0,3.54,120832.0,327.4,213.1
DORDI,1/1/2026,264.0,264.9,254.0,254.5,-2.12,61452.0,327.4,213.1
DORDI,1/4/2026,251.1,257.0,251.0,251.5,-1.18,37782.0,327.4,213.1
DORDI,1/5/2026,253.8,255.3,250.0,255.0,1.39,49131.0,327.4,213.1
DORDI,1/6/2026,255.0,258.0,252.0,254.2,-0.31,71900.0,327.4,213.1
DORDI,1/7/2026,252.0,255.9,250.0,253.0,-0.47,77718.0,327.4,213.1
DORDI,1/8/2026,251.0,255.0,251.0,254.3,0.51,43541.0,327.4,213.1
DORDI,1/12/2026,256.0,258.0,253.3,256.0,0.67,90257.0,327.4,213.1
DORDI,1/13/2026,260.0,281.6,251.7,280.0,9.38,940424.0,327.4,213.1
DORDI,1/14/2026,285.6,296.9,280.0,284.9,1.75,671118.0,327.4,213.1
DORDI,1/18/2026,286.0,293.0,283.0,288.7,1.33,468780.0,327.4,213.1
DORDI,1/20/2026,292.0,304.0,289.1,295.0,2.18,611613.0,327.4,213.1
DORDI,1/21/2026,297.0,301.0,283.3,285.4,-3.25,397873.0,327.4,213.1
DORDI,1/22/2026,286.0,293.7,285.3,289.1,1.3,247766.0,327.4,213.1
DORDI,1/25/2026,290.0,301.0,290.0,294.0,1.69,400516.0,327.4,213.1
DORDI,1/26/2026,295.0,298.0,289.2,292.6,-0.48,302877.0,327.4,213.1
DORDI,1/27/2026,290.0,294.7,280.0,283.9,-2.97,282244.0,327.4,213.1
DORDI,1/28/2026,283.9,286.5,279.2,282.0,-0.67,293769.0,327.4,213.1
DORDI,1/29/2026,287.0,297.0,281.0,284.0,0.71,369230.0,327.4,213.1
DORDI,2/1/2026,289.0,290.0,279.0,280.0,-1.41,169135.0,327.4,213.1
DORDI,2/2/2026,281.2,285.5,278.5,281.9,0.68,123872.0,327.4,213.1
DORDI,2/3/2026,285.0,287.3,275.1,280.0,-0.67,145007.0,327.4,213.1
DORDI,2/4/2026,280.0,284.3,275.0,276.0,-1.43,105542.0,327.4,213.1
DORDI,2/5/2026,270.5,292.5,270.5,287.0,3.99,268989.0,327.4,213.1
DORDI,2/8/2026,290.0,305.8,287.0,296.0,3.14,589154.0,327.4,213.1
DORDI,2/9/2026,300.0,300.0,287.1,287.1,-3.01,230209.0,327.4,213.1
DORDI,2/10/2026,281.4,294.4,281.4,285.0,-0.73,118490.0,327.4,213.1
DORDI,2/11/2026,290.0,292.0,283.0,284.0,-0.35,124173.0,327.4,213.1
DORDI,2/12/2026,289.0,300.0,285.0,289.5,1.94,445371.0,327.4,213.1
DORDI,2/16/2026,290.0,293.9,283.0,285.5,-1.38,117669.0,327.4,213.1
DORDI,2/17/2026,287.9,287.9,274.0,274.0,-4.03,159329.0,327.4,213.1
DORDI,2/22/2026,272.0,277.8,267.0,267.1,-2.52,137234.0,327.4,213.1
DORDI,2/23/2026,272.0,273.0,265.2,267.0,-0.04,78307.0,327.4,213.1
DORDI,2/24/2026,265.7,275.7,265.6,275.5,3.18,59064.0,327.4,213.1
DORDI,2/25/2026,275.5,279.1,272.0,274.0,-0.54,45870.0,327.4,213.1
DORDI,2/26/2026,279.4,279.4,273.9,275.0,0.36,48140.0,327.4,213.1
DORDI,2/27/2026,279.4,279.4,273.9,275.0,0.0,48140.0,327.4,213.1
DORDI,2/28/2026,279.4,279.4,273.9,275.0,0.0,48140.0,327.4,213.1
DORDI,3/2/2026,271.0,275.4,270.1,273.6,-0.51,35779.0,327.4,213.1
DORDI,3/3/2026,273.6,284.5,273.0,283.0,3.44,68350.0,327.4,213.1
DORDI,3/4/2026,273.6,284.5,273.0,283.0,0.0,68350.0,327.4,213.1
DORDI,3/5/2026,273.6,284.5,273.0,283.0,0.0,68350.0,327.4,213.1
DORDI,3/6/2026,273.6,284.5,273.0,283.0,0.0,68350.0,327.4,213.1
DORDI,3/7/2026,273.6,284.5,273.0,283.0,0.0,68350.0,327.4,213.1
DORDI,3/8/2026,273.6,284.5,273.0,283.0,0.0,68350.0,327.4,213.1
DORDI,3/9/2026,288.6,306.1,288.6,305.0,7.77,2680.0,327.4,213.1
DORDI,3/10/2026,310.0,310.0,291.1,295.0,-3.28,278636.0,327.4,213.1
DORDI,3/11/2026,295.0,300.9,293.0,293.0,-0.68,301515.0,327.4,213.1
DORDI,3/12/2026,297.0,317.2,293.0,311.0,6.14,714960.0,327.4,213.1
DORDI,3/13/2026,297.0,317.2,293.0,311.0,0.0,714960.0,327.4,213.1
DORDI,3/14/2026,297.0,317.2,293.0,311.0,0.0,714960.0,327.4,213.1
DORDI,3/15/2026,317.2,322.0,307.6,311.1,0.03,399511.0,327.4,213.1
DORDI,3/16/2026,312.0,312.0,301.1,302.5,-2.76,281516.0,327.4,213.1
DORDI,3/17/2026,308.5,316.9,296.5,314.9,4.1,558493.0,327.4,213.1
DORDI,3/18/2026,308.5,316.9,296.5,314.9,0.0,558493.0,327.4,213.1
DORDI,3/19/2026,321.1,327.4,318.3,319.5,1.46,520092.0,327.4,213.1
DORDI,3/20/2026,321.1,327.4,318.3,319.5,0.0,520092.0,327.4,213.1
DORDI,3/21/2026,321.1,327.4,318.3,319.5,0.0,520092.0,327.4,213.1
DORDI,3/22/2026,319.5,320.0,310.0,314.0,-1.72,384596.0,327.4,213.1
DORDI,3/23/2026,314.0,315.0,306.9,313.0,-0.32,252160.0,327.4,213.1
DORDI,3/24/2026,316.0,320.0,311.1,315.7,0.86,199543.0,327.4,213.1
DORDI,3/25/2026,315.7,318.0,307.8,311.0,-1.49,170951.0,327.4,213.1
DORDI,3/26/2026,308.0,311.8,302.2,310.9,0.94,256448.0,327.4,213.1
DORDI,3/29/2026,315.0,315.0,296.0,297.0,-5.71,242535.0,327.4,213.1
DORDI,3/30/2026,302.9,302.9,290.1,290.3,-4.16,205145.0,327.4,213.1
DORDI,3/31/2026,291.0,297.6,285.0,294.0,1.03,174611.0,327.4,213.1
DORDI,4/1/2026,295.0,295.0,279.3,282.0,-4.41,160022.0,327.4,213.1
DORDI,4/2/2026,280.0,294.0,278.0,285.3,1.89,288178.0,327.4,213.1
DORDI,4/5/2026,285.3,285.3,272.5,277.0,-2.91,177843.0,327.4,213.1
DORDI,4/6/2026,282.0,289.5,273.7,287.0,1.77,150685.0,327.4,213.1
DORDI,4/7/2026,290.0,295.7,285.0,286.0,-1.38,119562.0,327.4,213.1
DORDI,4/8/2026,286.0,294.9,286.0,291.5,1.92,109503.0,327.4,213.1
DORDI,4/9/2026,291.5,298.0,290.0,296.1,1.58,130296.0,327.4,213.1
DORDI,4/10/2026,294.0,297.0,291.2,292.1,-0.65,112098.0,327.4,213.1
DORDI,4/13/2026,292.0,297.0,292.0,294.0,0.68,76845.0,327.4,213.1
DORDI,4/15/2026,297.0,302.0,292.0,299.0,0.67,188380.0,327.4,213.1
DORDI,4/16/2026,300.0,300.0,290.3,291.0,-3.0,115989.0,327.4,213.1
DORDI,4/17/2026,296.0,296.0,285.0,292.0,-1.35,70059.0,327.4,213.1
DORDI,4/20/2026,306.0,306.0,288.0,288.0,-5.88,39789.0,327.4,213.1
DORDI,4/21/2026,288.0,293.0,280.0,280.1,-2.74,63805.0,327.4,213.1
DORDI,4/22/2026,280.0,285.0,272.3,277.0,-1.07,178111.0,327.4,213.1
DORDI,4/23/2026,277.0,283.9,274.9,279.0,0.72,49895.0,327.4,213.1
DORDI,4/24/2026,283.0,283.0,272.0,279.0,-1.41,38379.0,327.4,213.1
DORDI,4/27/2026,279.0,283.0,278.1,279.0,0.0,38884.0,327.4,213.1
DORDI,4/28/2026,279.0,286.5,276.0,277.5,-0.54,36700.0,327.4,213.1
DORDI,4/29/2026,277.5,278.5,273.2,274.0,-1.26,45265.0,327.4,213.1
DORDI,4/30/2026,280.0,280.0,272.0,277.0,-1.07,74510.0,327.4,213.1
DORDI,5/4/2026,276.0,281.0,273.0,273.1,-1.05,38548.0,327.4,213.1
DORDI,5/5/2026,273.0,275.0,270.0,272.0,-0.37,32970.0,327.4,213.1
DORDI,5/6/2026,270.1,277.0,270.0,271.0,0.33,35364.0,327.4,213.1
DORDI,5/7/2026,270.0,274.0,265.0,266.5,-1.3,48367.0,327.4,213.1
DORDI,5/8/2026,268.0,271.0,268.0,269.2,0.45,39130.0,327.4,213.1
DORDI,5/11/2026,272.0,280.0,272.0,280.0,2.94,42938.0,327.4,213.1
DORDI,5/12/2026,282.0,284.0,272.0,272.6,-3.33,35802.0,327.4,213.1
DORDI,5/13/2026,271.4,275.8,271.0,272.0,0.22,16683.0,327.4,213.1
DORDI,5/14/2026,270.1,273.4,268.0,271.0,0.33,18125.0,327.4,213.1
DORDI,5/15/2026,268.1,275.0,268.1,271.5,1.27,13434.0,327.4,213.1
DORDI,5/18/2026,272.0,273.0,270.1,271.5,-0.18,9308.0,327.4,213.1
DORDI,5/19/2026,269.2,277.0,269.2,271.0,0.67,18606.0,327.4,213.1
DORDI,5/20/2026,270.0,279.0,270.0,278.0,2.96,17465.0,327.4,213.1
DORDI,5/21/2026,278.0,278.0,274.2,275.0,-1.08,21640.0,327.4,213.1
DORDI,5/22/2026,275.0,277.6,272.1,277.5,0.91,22104.0,327.4,213.1
DORDI,5/25/2026,277.1,287.9,277.1,283.1,2.17,60697.0,327.4,213.1
DORDI,5/26/2026,283.3,285.0,280.0,283.0,-0.11,27315.0,327.4,213.1
DORDI,5/27/2026,285.0,286.8,281.8,284.0,-0.35,35516.0,327.4,213.1
DORDI,6/1/2026,284.0,284.9,276.0,276.0,-2.82,38922.0,327.4,213.1
DORDI,6/2/2026,276.0,281.0,274.0,276.9,0.33,22964.0,327.4,213.1
DORDI,6/3/2026,280.0,280.0,275.0,276.0,-1.43,48359.0,327.4,213.1
DORDI,6/4/2026,276.0,279.0,274.2,278.0,0.72,29154.0,327.4,213.1
DORDI,6/5/2026,278.0,278.9,271.2,273.8,-1.51,28296.0,327.4,213.1
DORDI,6/8/2026,273.0,277.0,266.0,270.0,-1.1,26563.0,327.4,213.1
DORDI,6/9/2026,267.0,272.0,267.0,271.0,1.5,27055.0,327.4,213.1
DORDI,6/10/2026,271.0,275.0,265.1,273.0,0.74,14387.0,327.4,213.1
DORDI,6/11/2026,270.0,271.0,269.0,270.0,0.0,12766.0,327.4,213.1
DORDI,6/12/2026,274.0,274.0,267.1,270.0,-1.46,19150.0,327.4,213.1
DORDI,6/15/2026,269.9,271.0,267.1,268.0,-0.7,12959.0,327.4,213.1
DORDI,6/16/2026,268.0,270.0,267.0,267.5,-0.19,11707.0,327.4,213.1
DORDI,6/17/2026,270.0,271.9,266.5,268.5,-0.56,17550.0,327.4,213.1
DORDI,6/18/2026,266.0,271.0,266.0,266.5,0.19,5981.0,327.4,213.1
DORDI,6/19/2026,266.0,271.0,266.0,267.0,0.38,7442.0,327.4,213.1
DORDI,6/22/2026,268.0,269.0,264.0,264.5,-1.31,22832.0,327.4,213.1
DORDI,6/23/2026,263.0,265.0,258.1,258.2,-1.83,24909.0,327.4,213.1
DORDI,6/24/2026,258.0,258.0,250.0,254.9,-1.2,24443.0,327.4,213.1
DORDI,6/26/2026,252.0,253.0,248.0,248.0,-1.59,30374.0,327.4,213.1
DORDI,6/29/2026,255.0,255.0,245.0,246.0,-3.53,16160.0,327.4,213.1
DORDI,6/30/2026,248.0,248.0,240.0,242.0,-2.42,27955.0,327.4,213.1
DORDI,7/1/2026,245.0,255.0,244.1,254.8,4.0,27435.0,327.4,213.1
DORDI,7/2/2026,257.0,257.0,250.1,252.5,-1.75,7997.0,327.4,213.1
DORDI,7/3/2026,254.0,257.0,252.0,252.0,-0.79,15560.0,327.4,213.1
DORDI,7/6/2026,250.0,254.0,246.0,248.0,-0.8,21033.0,327.4,213.1
DORDI,7/7/2026,248.0,252.0,244.1,252.0,1.61,16049.0,327.4,213.1
DORDI,7/8/2026,250.0,253.0,246.1,247.0,-1.2,20342.0,327.4,213.1
DORDI,7/9/2026,246.1,250.0,246.0,246.5,0.16,16707.0,327.4,213.1
DORDI,7/10/2026,246.0,252.0,246.0,250.0,1.63,20947.0,327.4,213.1
DORDI,7/13/2026,248.0,250.0,243.6,245.7,-0.93,24377.0,327.4,213.1
DORDI,7/14/2026,245.0,249.0,240.0,245.5,0.2,11909.0,327.4,213.1
DORDI,7/15/2026,245.0,252.0,245.0,246.0,0.41,10773.0,327.4,213.1
DORDI,7/16/2026,252.0,252.0,246.0,247.0,-1.98,6530.0,327.4,213.1
DORDI,7/17/2026,253.0,261.9,253.0,261.9,3.52,39350.0,327.4,213.1
DORDI,7/20/2026,261.0,269.1,261.0,266.6,2.15,31821.0,327.4,213.1
DORDI,7/21/2026,270.0,270.0,262.0,266.7,-1.22,32342.0,327.4,213.1
DORDI,7/22/2026,260.3,265.9,260.3,262.0,0.65,14235.0,327.4,213.1
DORDI,7/23/2026,259.0,265.0,258.5,263.0,1.54,21010.0,327.4,213.1
DORDI,7/24/2026,264.1,267.0,262.0,263.1,-0.38,14614.0,327.4,213.1
DORDI,7/27/2026,260.1,266.5,257.0,257.0,-1.19,16665.0,327.4,213.1
DORDI,7/28/2026,255.0,263.0,254.2,259.0,1.57,25989.0,327.4,213.1
DORDI,7/29/2026,256.0,262.0,256.0,259.0,1.17,6738.0,327.4,213.1
DORDI,7/30/2026,264.9,264.9,251.2,252.7,-4.61,44798.0,327.4,213.1
DORDI,7/31/2026,253.0,257.4,250.1,253.5,0.2,26615.0,327.4,213.1
DORDI,8/3/2026,253.0,258.2,253.0,254.9,0.75,26385.0,327.4,213.1
DORDI,8/4/2026,252.5,257.0,252.5,254.0,0.59,22255.0,327.4,213.1
DORDI,8/5/2026,254.0,258.0,253.2,254.0,0.0,17615.0,327.4,213.1
DORDI,8/6/2026,253.2,257.0,251.9,254.0,0.32,22370.0,327.4,213.1
DORDI,8/7/2026,251.0,254.0,247.0,247.0,-1.59,28902.0,327.4,213.1
DORDI,8/10/2026,250.0,252.0,247.3,249.9,-0.04,19961.0,327.4,213.1
DORDI,8/11/2026,250.0,253.9,248.0,251.0,0.4,12695.0,327.4,213.1
DORDI,8/12/2026,247.0,253.7,247.0,250.0,1.21,9600.0,327.4,213.1
DORDI,8/13/2026,248.5,258.0,248.0,254.0,2.21,25790.0,327.4,213.1
DORDI,8/14/2026,254.0,258.8,252.0,254.0,0.0,23277.0,327.4,213.1
DORDI,8/17/2026,251.0,254.9,250.0,251.0,0.0,25445.0,327.4,213.1
DORDI,8/18/2026,251.1,255.0,247.0,247.1,-1.59,35653.0,327.4,213.1
DORDI,8/19/2026,245.6,250.0,245.5,248.0,0.98,16593.0,327.4,213.1
DORDI,8/20/2026,248.0,249.2,246.0,249.0,0.4,10476.0,327.4,213.1
DORDI,8/21/2026,255.0,255.0,246.7,246.7,-3.25,20788.0,327.4,213.1
DORDI,8/24/2026,246.0,247.5,244.8,247.2,0.49,11437.0,327.4,213.1
DORDI,8/25/2026,249.9,250.0,245.2,245.6,-1.72,13702.0,327.4,213.1
DORDI,8/26/2026,247.0,247.0,235.0,239.0,-3.24,50432.0,327.4,213.1
DORDI,8/27/2026,235.0,242.5,232.1,242.0,2.98,55038.0,327.4,213.1
DORDI,8/31/2026,242.0,242.0,235.0,236.1,-2.44,21125.0,327.4,213.1
DORDI,9/1/2026,233.1,241.5,233.1,236.5,1.46,21839.0,327.4,213.1
DORDI,9/2/2026,233.6,240.0,233.6,239.0,2.31,8694.0,327.4,213.1
DORDI,9/3/2026,244.0,244.0,235.7,236.7,-2.99,9039.0,327.4,213.1
DORDI,9/7/2026,237.0,241.0,237.0,240.0,1.27,7723.0,327.4,213.1
DORDI,9/9/2026,240.0,245.0,235.1,240.0,0.0,17869.0,327.4,213.1
DORDI,9/10/2026,236.5,239.0,236.2,238.0,0.63,13736.0,327.4,213.1
DORDI,9/11/2026,235.4,250.0,235.4,249.0,5.78,48461.0,327.4,213.1
DORDI,9/14/2026,248.0,255.0,245.0,251.0,1.21,38218.0,327.4,213.1
DORDI,9/15/2026,263.0,270.0,256.0,257.0,-2.28,78741.0,327.4,213.1
DORDI,9/16/2026,259.8,260.4,252.5,255.6,-1.62,37921.0,327.4,213.1
DORDI,9/17/2026,262.5,263.2,256.0,261.8,-0.27,56982.0,327.4,213.1
DORDI,9/18/2026,260.0,264.9,260.0,262.9,1.12,35942.0,327.4,213.1
DORDI,9/22/2026,263.0,271.0,261.1,270.0,2.66,111209.0,327.4,213.1
DORDI,9/23/2026,270.0,270.0,261.0,262.0,-2.96,72690.0,327.4,213.1
DORDI,9/24/2026,248.9,269.0,248.9,263.0,5.66,29395.0,327.4,213.1
DORDI,9/28/2026,258.0,270.8,256.1,262.0,1.55,42716.0,327.4,213.1
DORDI,9/29/2026,260.0,263.8,256.1,0.0,-100.0,23289.0,327.4,213.1
DORDI,9/30/2026,256.1,265.0,256.1,261.0,1.91,16220.0,327.4,213.1
DORDI,10/1/2026,258.2,264.0,258.2,260.4,0.85,54282.0,327.4,213.1
DORDI,10/2/2026,259.0,264.0,255.0,256.0,-1.16,29347.0,327.4,213.1
EBL,5/26/2011,992.0,973.0,973.0,973.0,,91.0,760.2,619.0
EBL,5/30/2011,973.0,990.0,950.0,990.0,1.75,138.0,760.2,619.0
EBL,5/31/2011,990.0,1000.0,971.0,1000.0,1.01,32.0,760.2,619.0
EBL,6/1/2011,1000.0,999.0,980.0,980.0,-2.0,166.0,760.2,619.0
EBL,6/2/2011,980.0,1075.0,1009.0,1075.0,9.69,103.0,760.2,619.0
EBL,6/5/2011,1075.0,1054.0,973.0,973.0,-9.49,592.0,760.2,619.0
EBL,6/6/2011,973.0,954.0,876.0,895.0,-8.02,2984.0,760.2,619.0
EBL,6/7/2011,895.0,899.0,856.0,899.0,0.45,1046.0,760.2,619.0
EBL,6/8/2011,899.0,901.0,855.0,901.0,0.22,1194.0,760.2,619.0
EBL,6/9/2011,901.0,905.0,851.0,905.0,0.44,940.0,760.2,619.0
EBL,6/12/2011,905.0,920.0,910.0,920.0,1.66,20.0,760.2,619.0
EBL,6/14/2011,920.0,938.0,902.0,920.0,0.0,220.0,760.2,619.0
EBL,6/15/2011,920.0,902.0,828.0,828.0,-10.0,402.0,760.2,619.0
EBL,6/16/2011,828.0,876.0,781.0,876.0,5.8,887.0,760.2,619.0
EBL,6/19/2011,876.0,946.0,893.0,925.0,5.59,941.0,760.2,619.0
EBL,6/20/2011,876.0,946.0,893.0,925.0,0.0,941.0,760.2,619.0
EBL,6/21/2011,1017.0,1072.0,975.0,1072.0,15.89,2336.0,760.2,619.0
EBL,6/23/2011,1072.0,1166.0,1070.0,1166.0,8.77,2004.0,760.2,619.0
EBL,6/26/2011,1166.0,1188.0,1078.0,1078.0,-7.55,570.0,760.2,619.0
EBL,6/27/2011,1078.0,1057.0,977.0,977.0,-9.37,222.0,760.2,619.0
EBL,6/29/2011,977.0,1074.0,927.0,1053.0,7.78,1286.0,760.2,619.0
EBL,6/30/2011,1053.0,1058.0,948.0,1057.0,0.38,1395.0,760.2,619.0
EBL,7/3/2011,1057.0,1074.0,1074.0,1074.0,1.61,12.0,760.2,619.0
EBL,7/4/2011,1074.0,1053.0,967.0,967.0,-9.96,1136.0,760.2,619.0
EBL,7/5/2011,967.0,986.0,930.0,980.0,1.34,5548.0,760.2,619.0
EBL,7/6/2011,980.0,1009.0,950.0,988.0,0.82,2431.0,760.2,619.0
EBL,7/7/2011,988.0,1005.0,970.0,970.0,-1.82,119.0,760.2,619.0
EBL,7/10/2011,970.0,1007.0,969.0,1006.0,3.71,534.0,760.2,619.0
EBL,7/11/2011,1006.0,1026.0,980.0,980.0,-2.58,342.0,760.2,619.0
EBL,7/12/2011,980.0,1004.0,977.0,1004.0,2.45,1061.0,760.2,619.0
EBL,7/13/2011,1004.0,1080.0,1000.0,1080.0,7.57,447.0,760.2,619.0
EBL,7/14/2011,1080.0,1095.0,995.0,1094.0,1.3,688.0,760.2,619.0
EBL,7/17/2011,1094.0,1195.0,1110.0,1195.0,9.23,505.0,760.2,619.0
EBL,7/18/2011,1195.0,1218.0,1076.0,1076.0,-9.96,290.0,760.2,619.0
EBL,7/19/2011,1076.0,1060.0,1042.0,1055.0,-1.95,1097.0,760.2,619.0
EBL,7/20/2011,1055.0,1076.0,1047.0,1055.0,0.0,2734.0,760.2,619.0
EBL,7/21/2011,1055.0,1081.0,1051.0,1055.0,0.0,1522.0,760.2,619.0
EBL,7/24/2011,1055.0,1076.0,1005.0,1022.0,-3.13,903.0,760.2,619.0
EBL,7/25/2011,1022.0,1002.0,1000.0,1000.0,-2.15,40.0,760.2,619.0
EBL,7/26/2011,1000.0,1000.0,1000.0,1000.0,0.0,252.0,760.2,619.0
EBL,7/27/2011,1000.0,1054.0,980.0,1054.0,5.4,2318.0,760.2,619.0
EBL,7/28/2011,1054.0,1040.0,1006.0,1040.0,-1.33,490.0,760.2,619.0
EBL,7/31/2011,1040.0,1032.0,1012.0,1012.0,-2.69,347.0,760.2,619.0
EBL,8/1/2011,1012.0,1012.0,1010.0,1012.0,0.0,116.0,760.2,619.0
EBL,8/2/2011,1012.0,1011.0,981.0,1011.0,-0.1,1032.0,760.2,619.0
EBL,8/3/2011,1011.0,1020.0,980.0,1010.0,-0.1,453.0,760.2,619.0
EBL,8/4/2011,1010.0,1025.0,990.0,1025.0,1.49,297.0,760.2,619.0
EBL,8/7/2011,1025.0,1005.0,985.0,1004.0,-2.05,218.0,760.2,619.0
EBL,8/8/2011,1004.0,1024.0,962.0,970.0,-3.39,1463.0,760.2,619.0
EBL,8/9/2011,970.0,972.0,951.0,972.0,0.21,1025.0,760.2,619.0
EBL,8/10/2011,972.0,1013.0,950.0,998.0,2.67,559.0,760.2,619.0
EBL,8/11/2011,998.0,1020.0,983.0,995.0,-0.3,221.0,760.2,619.0
EBL,8/15/2011,995.0,1018.0,965.0,991.0,-0.4,1352.0,760.2,619.0
EBL,8/16/2011,991.0,995.0,975.0,994.0,0.3,1000.0,760.2,619.0
EBL,8/17/2011,994.0,1000.0,960.0,975.0,-1.91,5607.0,760.2,619.0
EBL,8/18/2011,975.0,1011.0,980.0,1011.0,3.69,638.0,760.2,619.0
EBL,8/22/2011,1011.0,991.0,965.0,972.0,-3.86,730.0,760.2,619.0
EBL,8/23/2011,972.0,975.0,970.0,970.0,-0.21,310.0,760.2,619.0
EBL,8/24/2011,970.0,971.0,943.0,963.0,-0.72,1217.0,760.2,619.0
EBL,8/25/2011,963.0,982.0,944.0,950.0,-1.35,740.0,760.2,619.0
EBL,8/28/2011,950.0,950.0,931.0,931.0,-2.0,485.0,760.2,619.0
EBL,8/29/2011,931.0,949.0,933.0,946.0,1.61,497.0,760.2,619.0
EBL,8/30/2011,946.0,983.0,931.0,983.0,3.91,534.0,760.2,619.0
EBL,9/1/2011,983.0,983.0,948.0,948.0,-3.56,1177.0,760.2,619.0
EBL,9/4/2011,948.0,965.0,940.0,964.0,1.69,1168.0,760.2,619.0
EBL,9/5/2011,964.0,975.0,940.0,940.0,-2.49,803.0,760.2,619.0
EBL,9/6/2011,940.0,960.0,921.0,922.0,-1.91,995.0,760.2,619.0
EBL,9/7/2011,922.0,940.0,922.0,939.0,1.84,806.0,760.2,619.0
EBL,9/8/2011,939.0,935.0,920.0,920.0,-2.02,518.0,760.2,619.0
EBL,9/12/2011,920.0,960.0,910.0,960.0,4.35,874.0,760.2,619.0
EBL,9/13/2011,960.0,941.0,892.0,940.0,-2.08,1650.0,760.2,619.0
EBL,9/14/2011,940.0,938.0,908.0,915.0,-2.66,1689.0,760.2,619.0
EBL,9/15/2011,915.0,980.0,900.0,980.0,7.1,3778.0,760.2,619.0
EBL,9/20/2011,980.0,888.0,874.0,888.0,-9.39,59.0,760.2,619.0
EBL,9/21/2011,888.0,900.0,849.0,865.0,-2.59,68.0,760.2,619.0
EBL,9/22/2011,865.0,865.0,840.0,865.0,0.0,799.0,760.2,619.0
EBL,9/25/2011,865.0,879.0,879.0,879.0,1.62,10.0,760.2,619.0
EBL,9/26/2011,879.0,894.0,860.0,894.0,1.71,192.0,760.2,619.0
EBL,9/27/2011,894.0,900.0,855.0,897.0,0.34,1161.0,760.2,619.0
EBL,9/29/2011,897.0,895.0,865.0,878.0,-2.12,146.0,760.2,619.0
EBL,10/2/2011,878.0,870.0,861.0,870.0,-0.91,100.0,760.2,619.0
EBL,10/9/2011,870.0,884.0,867.0,867.0,-0.34,92.0,760.2,619.0
EBL,10/10/2011,867.0,900.0,870.0,882.0,1.73,75.0,760.2,619.0
EBL,10/12/2011,882.0,915.0,898.0,915.0,3.74,20.0,760.2,619.0
EBL,10/13/2011,915.0,930.0,930.0,930.0,1.64,10.0,760.2,619.0
EBL,10/16/2011,930.0,945.0,945.0,945.0,1.61,33.0,760.2,619.0
EBL,10/18/2011,945.0,927.0,909.0,909.0,-3.81,30.0,760.2,619.0
EBL,10/19/2011,909.0,891.0,840.0,867.0,-4.62,611.0,760.2,619.0
EBL,10/20/2011,867.0,859.0,803.0,811.0,-6.46,404.0,760.2,619.0
EBL,10/23/2011,811.0,810.0,797.0,800.0,-1.36,442.0,760.2,619.0
EBL,10/24/2011,800.0,854.0,816.0,836.0,4.5,115.0,760.2,619.0
EBL,10/25/2011,836.0,820.0,820.0,820.0,-1.91,18.0,760.2,619.0
EBL,10/30/2011,820.0,810.0,800.0,800.0,-2.44,61.0,760.2,619.0
EBL,10/31/2011,800.0,848.0,816.0,848.0,6.0,30.0,760.2,619.0
EBL,11/2/2011,848.0,932.0,864.0,932.0,9.91,253.0,760.2,619.0
EBL,11/3/2011,932.0,925.0,839.0,900.0,-3.43,271.0,760.2,619.0
EBL,11/6/2011,900.0,882.0,810.0,847.0,-5.89,2635.0,760.2,619.0
EBL,11/8/2011,847.0,831.0,794.0,831.0,-1.89,883.0,760.2,619.0
EBL,11/9/2011,831.0,840.0,815.0,840.0,1.08,183.0,760.2,619.0
EBL,11/10/2011,840.0,840.0,815.0,840.0,0.0,115.0,760.2,619.0
EBL,11/13/2011,840.0,824.0,794.0,824.0,-1.9,310.0,760.2,619.0
EBL,11/14/2011,824.0,824.0,808.0,824.0,0.0,88.0,760.2,619.0
EBL,11/15/2011,824.0,840.0,796.0,800.0,-2.91,556.0,760.2,619.0
EBL,11/16/2011,800.0,816.0,780.0,780.0,-2.5,2053.0,760.2,619.0
EBL,11/17/2011,780.0,799.0,793.0,799.0,2.44,220.0,760.2,619.0
EBL,11/20/2011,799.0,810.0,779.0,790.0,-1.13,1442.0,760.2,619.0
EBL,11/21/2011,790.0,795.0,778.0,795.0,0.63,262.0,760.2,619.0
EBL,11/22/2011,795.0,780.0,772.0,780.0,-1.89,246.0,760.2,619.0
EBL,11/23/2011,780.0,809.0,765.0,809.0,3.72,397.0,760.2,619.0
EBL,11/24/2011,809.0,824.0,824.0,824.0,1.85,10.0,760.2,619.0
EBL,11/27/2011,824.0,808.0,808.0,808.0,-1.94,10.0,760.2,619.0
EBL,11/28/2011,808.0,792.0,750.0,770.0,-4.7,2606.0,760.2,619.0
EBL,12/1/2011,775.0,789.0,740.0,750.0,-2.6,6000.0,760.2,619.0
EBL,12/4/2011,750.0,765.0,745.0,757.0,0.93,865.0,760.2,619.0
EBL,12/5/2011,757.0,760.0,750.0,755.0,-0.26,709.0,760.2,619.0
EBL,12/6/2011,755.0,750.0,740.0,740.0,-1.99,448.0,760.2,619.0
EBL,12/7/2011,740.0,754.0,738.0,740.0,0.0,1336.0,760.2,619.0
EBL,12/8/2011,740.0,750.0,731.0,750.0,1.35,1593.0,760.2,619.0
EBL,12/11/2011,750.0,750.0,718.0,750.0,0.0,234.0,760.2,619.0
EBL,12/12/2011,750.0,735.0,701.0,706.0,-5.87,1687.0,760.2,619.0
EBL,12/13/2011,706.0,765.0,700.0,765.0,8.36,1505.0,760.2,619.0
EBL,12/18/2011,765.0,750.0,721.0,721.0,-5.75,97.0,760.2,619.0
EBL,12/19/2011,721.0,714.0,696.0,714.0,-0.97,1627.0,760.2,619.0
EBL,12/20/2011,714.0,710.0,700.0,700.0,-1.96,929.0,760.2,619.0
EBL,12/21/2011,700.0,713.0,700.0,701.0,0.14,1564.0,760.2,619.0
EBL,12/22/2011,701.0,709.0,697.0,709.0,1.14,467.0,760.2,619.0
EBL,12/26/2011,709.0,712.0,697.0,699.0,-1.41,407.0,760.2,619.0
EBL,12/27/2011,699.0,712.0,700.0,709.0,1.43,344.0,760.2,619.0
EBL,12/28/2011,709.0,703.0,690.0,703.0,-0.85,4771.0,760.2,619.0
EBL,12/29/2011,703.0,700.0,680.0,696.0,-1.0,6854.0,760.2,619.0
EBL,1/1/2012,696.0,695.0,681.0,685.0,-1.58,6914.0,760.2,619.0
EBL,1/2/2012,685.0,714.0,680.0,714.0,4.23,9126.0,760.2,619.0
EBL,1/3/2012,714.0,714.0,700.0,700.0,-1.96,4018.0,760.2,619.0
EBL,1/4/2012,700.0,700.0,680.0,681.0,-2.71,18324.0,760.2,619.0
EBL,1/5/2012,681.0,702.0,680.0,702.0,3.08,5733.0,760.2,619.0
EBL,1/8/2012,702.0,700.0,675.0,700.0,-0.28,9151.0,760.2,619.0
EBL,1/9/2012,700.0,686.0,670.0,670.0,-4.29,12252.0,760.2,619.0
EBL,1/10/2012,702.0,709.0,661.0,690.0,2.99,389.0,760.2,619.0
EBL,1/11/2012,690.0,740.0,670.0,714.0,3.48,1369.0,760.2,619.0
EBL,1/12/2012,714.0,728.0,711.0,728.0,1.96,110.0,760.2,619.0
EBL,1/16/2012,728.0,714.0,686.0,693.0,-4.81,429.0,760.2,619.0
EBL,1/17/2012,693.0,711.0,685.0,697.0,0.58,283.0,760.2,619.0
EBL,1/18/2012,697.0,703.0,690.0,693.0,-0.57,821.0,760.2,619.0
EBL,1/19/2012,693.0,700.0,687.0,687.0,-0.87,780.0,760.2,619.0
EBL,1/22/2012,687.0,692.0,685.0,685.0,-0.29,183.0,760.2,619.0
EBL,1/23/2012,685.0,685.0,670.0,670.0,-2.19,3838.0,760.2,619.0
EBL,1/25/2012,670.0,683.0,670.0,682.0,1.79,1151.0,760.2,619.0
EBL,1/26/2012,682.0,691.0,670.0,690.0,1.17,330.0,760.2,619.0
EBL,1/29/2012,690.0,680.0,670.0,680.0,-1.45,3345.0,760.2,619.0
EBL,1/31/2012,680.0,680.0,670.0,675.0,-0.74,453.0,760.2,619.0
EBL,2/1/2012,675.0,687.0,670.0,687.0,1.78,1427.0,760.2,619.0
EBL,2/2/2012,687.0,682.0,670.0,680.0,-1.02,2007.0,760.2,619.0
EBL,2/5/2012,680.0,684.0,671.0,672.0,-1.18,67.0,760.2,619.0
EBL,2/6/2012,672.0,673.0,670.0,672.0,0.0,1677.0,760.2,619.0
EBL,2/7/2012,672.0,683.0,665.0,683.0,1.64,1337.0,760.2,619.0
EBL,2/8/2012,683.0,696.0,696.0,696.0,1.9,210.0,760.2,619.0
EBL,2/9/2012,696.0,709.0,665.0,696.0,0.0,1552.0,760.2,619.0
EBL,2/12/2012,696.0,683.0,670.0,683.0,-1.87,968.0,760.2,619.0
EBL,2/13/2012,683.0,684.0,670.0,671.0,-1.76,800.0,760.2,619.0
EBL,2/14/2012,671.0,672.0,667.0,667.0,-0.6,6670.0,760.2,619.0
EBL,2/15/2012,667.0,679.0,668.0,679.0,1.8,1229.0,760.2,619.0
EBL,2/16/2012,679.0,688.0,665.0,670.0,-1.33,2457.0,760.2,619.0
EBL,2/21/2012,670.0,680.0,665.0,680.0,1.49,1290.0,760.2,619.0
EBL,2/23/2012,680.0,694.0,665.0,694.0,2.06,3286.0,760.2,619.0
EBL,2/26/2012,694.0,681.0,665.0,680.0,-2.02,4064.0,760.2,619.0
EBL,2/27/2012,680.0,688.0,671.0,688.0,1.18,573.0,760.2,619.0
EBL,2/28/2012,688.0,698.0,670.0,698.0,1.45,3642.0,760.2,619.0
EBL,2/29/2012,698.0,685.0,670.0,676.0,-3.15,2794.0,760.2,619.0
EBL,3/1/2012,676.0,690.0,655.0,690.0,2.07,33581.0,760.2,619.0
EBL,3/4/2012,690.0,683.0,668.0,683.0,-1.01,1949.0,760.2,619.0
EBL,3/5/2012,683.0,686.0,665.0,686.0,0.44,6761.0,760.2,619.0
EBL,3/6/2012,686.0,690.0,665.0,690.0,0.58,3519.0,760.2,619.0
EBL,3/11/2012,690.0,683.0,670.0,683.0,-1.01,770.0,760.2,619.0
EBL,3/12/2012,683.0,683.0,665.0,683.0,0.0,1930.0,760.2,619.0
EBL,3/13/2012,683.0,670.0,650.0,670.0,-1.9,152797.0,760.2,619.0
EBL,3/14/2012,670.0,692.0,669.0,692.0,3.28,828.0,760.2,619.0
EBL,3/15/2012,692.0,683.0,670.0,683.0,-1.3,564.0,760.2,619.0
EBL,3/18/2012,683.0,684.0,665.0,678.0,-0.73,4530.0,760.2,619.0
EBL,3/19/2012,678.0,678.0,665.0,665.0,-1.92,4922.0,760.2,619.0
EBL,3/20/2012,665.0,695.0,667.0,695.0,4.51,416.0,760.2,619.0
EBL,3/21/2012,695.0,700.0,671.0,700.0,0.72,582.0,760.2,619.0
EBL,3/25/2012,700.0,686.0,670.0,683.0,-2.43,880.0,760.2,619.0
EBL,3/26/2012,683.0,678.0,665.0,678.0,-0.73,8350.0,760.2,619.0
EBL,3/27/2012,678.0,678.0,662.0,678.0,0.0,5611.0,760.2,619.0
EBL,3/28/2012,678.0,678.0,665.0,678.0,0.0,4252.0,760.2,619.0
EBL,3/29/2012,678.0,670.0,665.0,670.0,-1.18,4310.0,760.2,619.0
EBL,4/1/2012,670.0,705.0,666.0,705.0,5.22,328.0,760.2,619.0
EBL,4/2/2012,705.0,691.0,673.0,680.0,-3.55,289.0,760.2,619.0
EBL,4/3/2012,680.0,688.0,666.0,688.0,1.18,3949.0,760.2,619.0
EBL,4/4/2012,688.0,689.0,675.0,689.0,0.15,2384.0,760.2,619.0
EBL,4/5/2012,689.0,680.0,675.0,678.0,-1.6,10316.0,760.2,619.0
EBL,4/8/2012,678.0,690.0,680.0,685.0,1.03,529.0,760.2,619.0
EBL,4/9/2012,685.0,694.0,690.0,694.0,1.31,3029.0,760.2,619.0
EBL,4/10/2012,694.0,702.0,691.0,700.0,0.86,3405.0,760.2,619.0
EBL,4/11/2012,700.0,725.0,705.0,715.0,2.14,3502.0,760.2,619.0
EBL,4/12/2012,715.0,751.0,718.0,751.0,5.03,4129.0,760.2,619.0
EBL,4/15/2012,751.0,804.0,751.0,804.0,7.06,6854.0,760.2,619.0
EBL,4/16/2012,804.0,883.0,820.0,883.0,9.83,415.0,760.2,619.0
EBL,4/17/2012,883.0,971.0,795.0,796.0,-9.85,15765.0,760.2,619.0
EBL,4/18/2012,796.0,873.0,760.0,830.0,4.27,11617.0,760.2,619.0
EBL,4/19/2012,830.0,881.0,830.0,881.0,6.14,3226.0,760.2,619.0
EBL,4/22/2012,881.0,915.0,875.0,899.0,2.04,10422.0,760.2,619.0
EBL,4/24/2012,899.0,988.0,911.0,988.0,9.9,1848.0,760.2,619.0
EBL,4/25/2012,988.0,1086.0,1007.0,1086.0,9.92,1310.0,760.2,619.0
EBL,4/26/2012,1086.0,1151.0,978.0,1110.0,2.21,15702.0,760.2,619.0
EBL,4/29/2012,1110.0,1125.0,1051.0,1078.0,-2.88,9521.0,760.2,619.0
EBL,4/30/2012,1078.0,1099.0,1000.0,1003.0,-6.96,14923.0,760.2,619.0
EBL,5/2/2012,1003.0,983.0,904.0,909.0,-9.37,2436.0,760.2,619.0
EBL,5/3/2012,909.0,999.0,927.0,999.0,9.9,11750.0,760.2,619.0
EBL,5/7/2012,999.0,1058.0,1018.0,1058.0,5.91,3386.0,760.2,619.0
EBL,5/8/2012,1058.0,1122.0,1066.0,1118.0,5.67,13100.0,760.2,619.0
EBL,5/9/2012,1118.0,1110.0,1016.0,1060.0,-5.19,8023.0,760.2,619.0
EBL,5/10/2012,1060.0,1069.0,1010.0,1033.0,-2.55,7737.0,760.2,619.0
EBL,5/13/2012,1033.0,1020.0,965.0,980.0,-5.13,3325.0,760.2,619.0
EBL,5/14/2012,980.0,961.0,890.0,905.0,-7.65,9168.0,760.2,619.0
EBL,5/15/2012,905.0,995.0,923.0,995.0,9.94,860.0,760.2,619.0
EBL,5/17/2012,995.0,1094.0,1014.0,1070.0,7.54,15047.0,760.2,619.0
EBL,5/20/2012,1070.0,1074.0,1010.0,1060.0,-0.93,4824.0,760.2,619.0
EBL,5/21/2012,1060.0,1085.0,1035.0,1084.0,2.26,7022.0,760.2,619.0
EBL,5/22/2012,1084.0,1063.0,1002.0,1035.0,-4.52,6705.0,760.2,619.0
EBL,5/23/2012,1035.0,1015.0,935.0,960.0,-7.25,6502.0,760.2,619.0
EBL,5/24/2012,960.0,1015.0,941.0,1015.0,5.73,6091.0,760.2,619.0
EBL,5/27/2012,1015.0,1080.0,1025.0,1069.0,5.32,8697.0,760.2,619.0
EBL,5/29/2012,1069.0,1048.0,1048.0,1048.0,-1.96,20.0,760.2,619.0
EBL,5/30/2012,1048.0,1028.0,944.0,944.0,-9.92,91.0,760.2,619.0
EBL,5/31/2012,944.0,934.0,850.0,917.0,-2.86,6011.0,760.2,619.0
EBL,6/3/2012,917.0,1008.0,917.0,1000.0,9.05,3440.0,760.2,619.0
EBL,6/4/2012,1000.0,1020.0,971.0,991.0,-0.9,5836.0,760.2,619.0
EBL,6/5/2012,991.0,972.0,938.0,958.0,-3.33,5137.0,760.2,619.0
EBL,6/6/2012,958.0,953.0,911.0,953.0,-0.52,1197.0,760.2,619.0
EBL,6/7/2012,953.0,974.0,935.0,957.0,0.42,4577.0,760.2,619.0
EBL,6/10/2012,957.0,938.0,900.0,908.0,-5.12,5342.0,760.2,619.0
EBL,6/11/2012,908.0,955.0,922.0,929.0,2.31,1468.0,760.2,619.0
EBL,6/12/2012,929.0,955.0,912.0,955.0,2.8,267.0,760.2,619.0
EBL,6/13/2012,955.0,952.0,930.0,948.0,-0.73,410.0,760.2,619.0
EBL,6/14/2012,948.0,948.0,930.0,947.0,-0.11,257.0,760.2,619.0
EBL,6/17/2012,947.0,929.0,910.0,927.0,-2.11,3064.0,760.2,619.0
EBL,6/18/2012,927.0,927.0,910.0,922.0,-0.54,1954.0,760.2,619.0
EBL,6/19/2012,922.0,915.0,900.0,905.0,-1.84,9924.0,760.2,619.0
EBL,6/20/2012,905.0,923.0,900.0,916.0,1.22,18507.0,760.2,619.0
EBL,6/21/2012,916.0,918.0,900.0,918.0,0.22,96949.0,760.2,619.0
EBL,6/25/2012,918.0,941.0,911.0,939.0,2.29,1492.0,760.2,619.0
EBL,6/26/2012,939.0,935.0,900.0,926.0,-1.38,4204.0,760.2,619.0
EBL,6/27/2012,926.0,949.0,915.0,940.0,1.51,3790.0,760.2,619.0
EBL,6/28/2012,940.0,955.0,936.0,946.0,0.64,3200.0,760.2,619.0
EBL,7/1/2012,946.0,950.0,930.0,938.0,-0.85,16001.0,760.2,619.0
EBL,7/2/2012,938.0,949.0,930.0,944.0,0.64,15297.0,760.2,619.0
EBL,7/3/2012,944.0,944.0,939.0,940.0,-0.42,4512.0,760.2,619.0
EBL,7/4/2012,940.0,963.0,933.0,954.0,1.49,10200.0,760.2,619.0
EBL,7/5/2012,954.0,953.0,940.0,952.0,-0.21,6107.0,760.2,619.0
EBL,7/8/2012,952.0,952.0,941.0,950.0,-0.21,2373.0,760.2,619.0
EBL,7/9/2012,950.0,965.0,950.0,965.0,1.58,2901.0,760.2,619.0
EBL,7/10/2012,965.0,985.0,965.0,985.0,2.07,7467.0,760.2,619.0
EBL,7/11/2012,985.0,990.0,974.0,980.0,-0.51,5222.0,760.2,619.0
EBL,7/12/2012,980.0,994.0,975.0,981.0,0.1,59280.0,760.2,619.0
EBL,7/15/2012,981.0,1039.0,980.0,1033.0,5.3,18211.0,760.2,619.0
EBL,7/16/2012,1033.0,1013.0,970.0,995.0,-3.68,24941.0,760.2,619.0
EBL,7/17/2012,995.0,997.0,978.0,990.0,-0.5,2281.0,760.2,619.0
EBL,7/18/2012,990.0,1038.0,995.0,1038.0,4.85,4388.0,760.2,619.0
EBL,7/19/2012,1038.0,1060.0,1030.0,1055.0,1.64,7695.0,760.2,619.0
EBL,7/22/2012,1055.0,1080.0,1050.0,1064.0,0.85,9924.0,760.2,619.0
EBL,7/23/2012,1064.0,1091.0,1051.0,1080.0,1.5,5864.0,760.2,619.0
EBL,7/24/2012,1080.0,1082.0,1041.0,1069.0,-1.02,5993.0,760.2,619.0
EBL,7/25/2012,1069.0,1081.0,1061.0,1072.0,0.28,59028.0,760.2,619.0
EBL,7/26/2012,1072.0,1072.0,1042.0,1065.0,-0.65,5046.0,760.2,619.0
EBL,7/29/2012,1065.0,1058.0,1032.0,1051.0,-1.31,7154.0,760.2,619.0
EBL,7/30/2012,1051.0,1076.0,1042.0,1059.0,0.76,3066.0,760.2,619.0
EBL,7/31/2012,1059.0,1084.0,1040.0,1060.0,0.09,7345.0,760.2,619.0
EBL,8/1/2012,1060.0,1065.0,1050.0,1062.0,0.19,14489.0,760.2,619.0
EBL,8/5/2012,1062.0,1084.0,1065.0,1084.0,2.07,6095.0,760.2,619.0
EBL,8/6/2012,1084.0,1095.0,1045.0,1077.0,-0.65,6039.0,760.2,619.0
EBL,8/7/2012,1077.0,1098.0,1077.0,1081.0,0.37,7376.0,760.2,619.0
EBL,8/8/2012,1081.0,1081.0,1075.0,1080.0,-0.09,1472.0,760.2,619.0
EBL,8/12/2012,1080.0,1090.0,1071.0,1079.0,-0.09,9649.0,760.2,619.0
EBL,8/13/2012,1079.0,1085.0,1045.0,1070.0,-0.83,6998.0,760.2,619.0
EBL,8/14/2012,1070.0,1070.0,1052.0,1057.0,-1.21,14932.0,760.2,619.0
EBL,8/15/2012,1057.0,1080.0,1050.0,1053.0,-0.38,11458.0,760.2,619.0
EBL,8/16/2012,1053.0,1065.0,1035.0,1062.0,0.85,6326.0,760.2,619.0
EBL,8/19/2012,1062.0,1073.0,1050.0,1065.0,0.28,3473.0,760.2,619.0
EBL,8/21/2012,1065.0,1074.0,1060.0,1064.0,-0.09,7444.0,760.2,619.0
EBL,8/22/2012,1064.0,1064.0,1055.0,1060.0,-0.38,4555.0,760.2,619.0
EBL,8/23/2012,1060.0,1063.0,1050.0,1050.0,-0.94,3679.0,760.2,619.0
EBL,8/26/2012,1050.0,1065.0,1050.0,1055.0,0.48,2846.0,760.2,619.0
EBL,8/27/2012,1055.0,1065.0,1050.0,1061.0,0.57,3887.0,760.2,619.0
EBL,8/28/2012,1061.0,1069.0,1057.0,1063.0,0.19,3340.0,760.2,619.0
EBL,8/29/2012,1063.0,1098.0,1065.0,1097.0,3.2,8128.0,760.2,619.0
EBL,8/30/2012,1097.0,1110.0,1080.0,1087.0,-0.91,9198.0,760.2,619.0
EBL,9/2/2012,1087.0,1108.0,1090.0,1105.0,1.66,10791.0,760.2,619.0
EBL,9/3/2012,1105.0,1119.0,1108.0,1110.0,0.45,8841.0,760.2,619.0
EBL,9/4/2012,1110.0,1120.0,1090.0,1096.0,-1.26,8673.0,760.2,619.0
EBL,9/5/2012,1096.0,1098.0,1080.0,1095.0,-0.09,3536.0,760.2,619.0
EBL,9/6/2012,1095.0,1096.0,1090.0,1091.0,-0.37,3448.0,760.2,619.0
EBL,9/9/2012,1091.0,1094.0,1080.0,1094.0,0.27,3063.0,760.2,619.0
EBL,9/10/2012,1094.0,1090.0,1082.0,1085.0,-0.82,2158.0,760.2,619.0
EBL,9/11/2012,1085.0,1098.0,1082.0,1091.0,0.55,4400.0,760.2,619.0
EBL,9/12/2012,1091.0,1101.0,1095.0,1097.0,0.55,9867.0,760.2,619.0
EBL,9/13/2012,1097.0,1119.0,1100.0,1110.0,1.19,7798.0,760.2,619.0
EBL,9/16/2012,1110.0,1162.0,1115.0,1153.0,3.87,8048.0,760.2,619.0
EBL,9/17/2012,1153.0,1165.0,1150.0,1155.0,0.17,5436.0,760.2,619.0
EBL,9/18/2012,1155.0,1166.0,1150.0,1155.0,0.0,3503.0,760.2,619.0
EBL,9/19/2012,1155.0,1150.0,1111.0,1133.0,-1.9,7809.0,760.2,619.0
EBL,9/20/2012,1133.0,1139.0,1120.0,1135.0,0.18,4356.0,760.2,619.0
EBL,9/23/2012,1135.0,1140.0,1100.0,1108.0,-2.38,14010.0,760.2,619.0
EBL,9/24/2012,1108.0,1111.0,1101.0,1111.0,0.27,4269.0,760.2,619.0
EBL,9/25/2012,1111.0,1112.0,1104.0,1110.0,-0.09,5222.0,760.2,619.0
EBL,9/26/2012,1110.0,1119.0,1090.0,1100.0,-0.9,6526.0,760.2,619.0
EBL,9/30/2012,1100.0,1105.0,1100.0,1104.0,0.36,2475.0,760.2,619.0
EBL,10/1/2012,1104.0,1110.0,1100.0,1105.0,0.09,1968.0,760.2,619.0
EBL,10/2/2012,1105.0,1112.0,1105.0,1111.0,0.54,1556.0,760.2,619.0
EBL,10/3/2012,1111.0,1115.0,1102.0,1112.0,0.09,3537.0,760.2,619.0
EBL,10/4/2012,1112.0,1116.0,1108.0,1116.0,0.36,3288.0,760.2,619.0
EBL,10/7/2012,1116.0,1130.0,1101.0,1130.0,1.25,5722.0,760.2,619.0
EBL,10/8/2012,1130.0,1141.0,1126.0,1132.0,0.18,4169.0,760.2,619.0
EBL,10/9/2012,1132.0,1131.0,1122.0,1130.0,-0.18,6909.0,760.2,619.0
EBL,10/10/2012,1130.0,1140.0,1124.0,1125.0,-0.44,9516.0,760.2,619.0
EBL,10/11/2012,1125.0,1134.0,1106.0,1129.0,0.36,3706.0,760.2,619.0
EBL,10/14/2012,1129.0,1142.0,1111.0,1134.0,0.44,7164.0,760.2,619.0
EBL,10/15/2012,1134.0,1147.0,1126.0,1144.0,0.88,7876.0,760.2,619.0
EBL,10/17/2012,1144.0,1166.0,1126.0,1160.0,1.4,6699.0,760.2,619.0
EBL,10/18/2012,1160.0,1179.0,1160.0,1171.0,0.95,11153.0,760.2,619.0
EBL,10/30/2012,1171.0,985.0,910.0,983.0,-16.05,2400.0,760.2,619.0
EBL,10/31/2012,983.0,1020.0,995.0,1020.0,3.76,4204.0,760.2,619.0
EBL,11/1/2012,1020.0,1040.0,1010.0,1014.0,-0.59,1546.0,760.2,619.0
EBL,11/4/2012,1014.0,1035.0,1012.0,1012.0,-0.2,1752.0,760.2,619.0
EBL,11/5/2012,1012.0,1039.0,1015.0,1015.0,0.3,3601.0,760.2,619.0
EBL,11/6/2012,1015.0,1071.0,1030.0,1050.0,3.45,1901.0,760.2,619.0
EBL,11/7/2012,1050.0,1122.0,1071.0,1122.0,6.86,2338.0,760.2,619.0
EBL,11/8/2012,1122.0,1213.0,1144.0,1205.0,7.4,6088.0,760.2,619.0
EBL,11/11/2012,1205.0,1228.0,1116.0,1121.0,-6.97,4239.0,760.2,619.0
EBL,11/12/2012,1121.0,1160.0,1111.0,1159.0,3.39,2862.0,760.2,619.0
EBL,11/18/2012,1159.0,1205.0,1150.0,1200.0,3.54,3635.0,760.2,619.0
EBL,11/20/2012,1200.0,1260.0,1180.0,1252.0,4.33,3478.0,760.2,619.0
EBL,11/21/2012,1252.0,1256.0,1203.0,1245.0,-0.56,4575.0,760.2,619.0
EBL,11/22/2012,1245.0,1235.0,1200.0,1235.0,-0.8,3674.0,760.2,619.0
EBL,11/25/2012,1235.0,1244.0,1211.0,1223.0,-0.97,4981.0,760.2,619.0
EBL,11/26/2012,1223.0,1225.0,1190.0,1225.0,0.16,3653.0,760.2,619.0
EBL,11/27/2012,1225.0,1230.0,1210.0,1211.0,-1.14,2035.0,760.2,619.0
EBL,11/28/2012,1211.0,1220.0,1200.0,1219.0,0.66,2723.0,760.2,619.0
EBL,11/29/2012,1219.0,1215.0,1190.0,1206.0,-1.07,5155.0,760.2,619.0
EBL,12/2/2012,1206.0,1195.0,1160.0,1183.0,-1.91,3634.0,760.2,619.0
EBL,12/3/2012,1183.0,1185.0,1165.0,1169.0,-1.18,2400.0,760.2,619.0
EBL,12/4/2012,1169.0,1213.0,1181.0,1199.0,2.57,4003.0,760.2,619.0
EBL,12/5/2012,1199.0,1260.0,1222.0,1245.0,3.84,6400.0,760.2,619.0
EBL,12/6/2012,1245.0,1240.0,1220.0,1231.0,-1.12,2785.0,760.2,619.0
EBL,12/9/2012,1231.0,1234.0,1201.0,1201.0,-2.44,2886.0,760.2,619.0
EBL,12/10/2012,1201.0,1205.0,1140.0,1197.0,-0.33,3889.0,760.2,619.0
EBL,12/11/2012,1197.0,1199.0,1152.0,1199.0,0.17,2463.0,760.2,619.0
EBL,12/12/2012,1199.0,1209.0,1176.0,1205.0,0.5,2189.0,760.2,619.0
EBL,12/13/2012,1205.0,1222.0,1190.0,1220.0,1.24,2939.0,760.2,619.0
EBL,12/16/2012,1220.0,1269.0,1218.0,1255.0,2.87,15378.0,760.2,619.0
EBL,12/17/2012,1255.0,1320.0,1280.0,1290.0,2.79,13805.0,760.2,619.0
EBL,12/18/2012,1290.0,1290.0,1260.0,1290.0,0.0,4300.0,760.2,619.0
EBL,12/19/2012,1290.0,1304.0,1290.0,1302.0,0.93,7954.0,760.2,619.0
EBL,12/20/2012,1302.0,1320.0,1281.0,1310.0,0.61,9128.0,760.2,619.0
EBL,12/23/2012,1310.0,1322.0,1300.0,1316.0,0.46,5578.0,760.2,619.0
EBL,12/24/2012,1316.0,1340.0,1300.0,1336.0,1.52,4096.0,760.2,619.0
EBL,12/26/2012,1336.0,1390.0,1312.0,1360.0,1.8,6009.0,760.2,619.0
EBL,12/27/2012,1360.0,1399.0,1333.0,1395.0,2.57,6982.0,760.2,619.0
EBL,12/31/2012,1395.0,1398.0,1365.0,1380.0,-1.08,4964.0,760.2,619.0
EBL,1/1/2013,1380.0,1379.0,1356.0,1359.0,-1.52,5369.0,760.2,619.0
EBL,1/2/2013,1359.0,1365.0,1348.0,1365.0,0.44,6181.0,760.2,619.0
EBL,1/3/2013,1365.0,1379.0,1352.0,1375.0,0.73,4971.0,760.2,619.0
EBL,1/6/2013,1375.0,1392.0,1370.0,1375.0,0.0,19711.0,760.2,619.0
EBL,1/7/2013,1375.0,1380.0,1363.0,1370.0,-0.36,12992.0,760.2,619.0
EBL,1/8/2013,1370.0,1369.0,1363.0,1366.0,-0.29,1306.0,760.2,619.0
EBL,1/9/2013,1366.0,1370.0,1360.0,1361.0,-0.37,2910.0,760.2,619.0
EBL,1/10/2013,1361.0,1375.0,1360.0,1375.0,1.03,4705.0,760.2,619.0
EBL,1/13/2013,1375.0,1382.0,1370.0,1380.0,0.36,9114.0,760.2,619.0
EBL,1/15/2013,1380.0,1412.0,1380.0,1400.0,1.45,5580.0,760.2,619.0
EBL,1/16/2013,1400.0,1422.0,1386.0,1390.0,-0.71,4790.0,760.2,619.0
EBL,1/17/2013,1390.0,1398.0,1365.0,1370.0,-1.44,3520.0,760.2,619.0
EBL,1/20/2013,1370.0,1368.0,1310.0,1330.0,-2.92,6191.0,760.2,619.0
EBL,1/21/2013,1330.0,1370.0,1330.0,1358.0,2.11,3243.0,760.2,619.0
EBL,1/22/2013,1358.0,1395.0,1358.0,1388.0,2.21,2553.0,760.2,619.0
EBL,1/23/2013,1388.0,1412.0,1371.0,1373.0,-1.08,2950.0,760.2,619.0
EBL,1/24/2013,1373.0,1378.0,1366.0,1374.0,0.07,3751.0,760.2,619.0
EBL,1/27/2013,1374.0,1398.0,1365.0,1380.0,0.44,3612.0,760.2,619.0
EBL,1/28/2013,1380.0,1389.0,1365.0,1365.0,-1.09,3166.0,760.2,619.0
EBL,1/30/2013,1365.0,1367.0,1350.0,1362.0,-0.22,10804.0,760.2,619.0
EBL,1/31/2013,1362.0,1366.0,1354.0,1355.0,-0.51,2679.0,760.2,619.0
EBL,2/3/2013,1355.0,1394.0,1355.0,1375.0,1.48,3916.0,760.2,619.0
EBL,2/4/2013,1375.0,1385.0,1370.0,1370.0,-0.36,2782.0,760.2,619.0
EBL,2/5/2013,1370.0,1380.0,1370.0,1377.0,0.51,3752.0,760.2,619.0
EBL,2/6/2013,1377.0,1372.0,1367.0,1372.0,-0.36,2461.0,760.2,619.0
EBL,2/7/2013,1372.0,1379.0,1370.0,1379.0,0.51,1580.0,760.2,619.0
EBL,2/10/2013,1379.0,1385.0,1374.0,1381.0,0.15,5040.0,760.2,619.0
EBL,2/12/2013,1381.0,1435.0,1400.0,1435.0,3.91,7433.0,760.2,619.0
EBL,2/13/2013,1435.0,1424.0,1390.0,1421.0,-0.98,4644.0,760.2,619.0
EBL,2/14/2013,1421.0,1463.0,1430.0,1451.0,2.11,8931.0,760.2,619.0
EBL,2/17/2013,1451.0,1569.0,1480.0,1569.0,8.13,647.0,760.2,619.0
EBL,2/19/2013,1569.0,1713.0,1550.0,1550.0,-1.21,13828.0,760.2,619.0
EBL,2/20/2013,1550.0,1560.0,1485.0,1548.0,-0.13,7152.0,760.2,619.0
EBL,2/21/2013,1548.0,1590.0,1530.0,1569.0,1.36,5779.0,760.2,619.0
EBL,2/24/2013,1569.0,1561.0,1550.0,1555.0,-0.89,3053.0,760.2,619.0
EBL,2/25/2013,1555.0,1655.0,1570.0,1591.0,2.32,9845.0,760.2,619.0
EBL,2/26/2013,1591.0,1654.0,1590.0,1605.0,0.88,10309.0,760.2,619.0
EBL,2/27/2013,1605.0,1591.0,1565.0,1591.0,-0.87,3750.0,760.2,619.0
EBL,2/28/2013,1591.0,1599.0,1580.0,1599.0,0.5,2037.0,760.2,619.0
EBL,3/3/2013,1599.0,1600.0,1580.0,1590.0,-0.56,6263.0,760.2,619.0
EBL,3/4/2013,1590.0,1605.0,1590.0,1591.0,0.06,7242.0,760.2,619.0
EBL,3/5/2013,1591.0,1601.0,1560.0,1590.0,-0.06,2952.0,760.2,619.0
EBL,3/6/2013,1590.0,1609.0,1571.0,1600.0,0.63,4885.0,760.2,619.0
EBL,3/7/2013,1600.0,1595.0,1568.0,1589.0,-0.69,4394.0,760.2,619.0
EBL,3/11/2013,1589.0,1618.0,1588.0,1598.0,0.57,4034.0,760.2,619.0
EBL,3/13/2013,1598.0,1662.0,1610.0,1662.0,4.01,4679.0,760.2,619.0
EBL,3/14/2013,1662.0,1729.0,1640.0,1660.0,-0.12,6609.0,760.2,619.0
EBL,3/17/2013,1660.0,1650.0,1610.0,1623.0,-2.23,7080.0,760.2,619.0
EBL,3/18/2013,1623.0,1615.0,1600.0,1603.0,-1.23,4041.0,760.2,619.0
EBL,3/19/2013,1603.0,1640.0,1585.0,1610.0,0.44,6732.0,760.2,619.0
EBL,3/20/2013,1610.0,1624.0,1600.0,1600.0,-0.62,3106.0,760.2,619.0
EBL,3/21/2013,1600.0,1600.0,1582.0,1592.0,-0.5,3253.0,760.2,619.0
EBL,3/24/2013,1592.0,1582.0,1550.0,1560.0,-2.01,4682.0,760.2,619.0
EBL,3/25/2013,1560.0,1575.0,1540.0,1574.0,0.9,5823.0,760.2,619.0
EBL,3/27/2013,1574.0,1575.0,1550.0,1574.0,0.0,1647.0,760.2,619.0
EBL,3/28/2013,1574.0,1584.0,1553.0,1575.0,0.06,2902.0,760.2,619.0
EBL,3/31/2013,1575.0,1574.0,1525.0,1544.0,-1.97,6568.0,760.2,619.0
EBL,4/1/2013,1544.0,1560.0,1514.0,1545.0,0.06,7186.0,760.2,619.0
EBL,4/2/2013,1545.0,1579.0,1546.0,1575.0,1.94,2653.0,760.2,619.0
EBL,4/3/2013,1575.0,1594.0,1570.0,1572.0,-0.19,4273.0,760.2,619.0
EBL,4/4/2013,1572.0,1563.0,1554.0,1554.0,-1.15,3778.0,760.2,619.0
EBL,4/7/2013,1554.0,1567.0,1540.0,1563.0,0.58,1576.0,760.2,619.0
EBL,4/8/2013,1563.0,1580.0,1552.0,1555.0,-0.51,3147.0,760.2,619.0
EBL,4/9/2013,1555.0,1585.0,1555.0,1580.0,1.61,3367.0,760.2,619.0
EBL,4/11/2013,1580.0,1603.0,1586.0,1593.0,0.82,3221.0,760.2,619.0
EBL,4/15/2013,1593.0,1606.0,1590.0,1596.0,0.19,6352.0,760.2,619.0
EBL,4/16/2013,1596.0,1595.0,1580.0,1588.0,-0.5,2833.0,760.2,619.0
EBL,4/17/2013,1588.0,1589.0,1555.0,1576.0,-0.76,3703.0,760.2,619.0
EBL,4/18/2013,1576.0,1580.0,1555.0,1567.0,-0.57,3721.0,760.2,619.0
EBL,4/21/2013,1567.0,1568.0,1540.0,1540.0,-1.72,10680.0,760.2,619.0
EBL,4/22/2013,1540.0,1543.0,1500.0,1537.0,-0.19,11762.0,760.2,619.0
EBL,4/23/2013,1537.0,1590.0,1542.0,1571.0,2.21,5506.0,760.2,619.0
EBL,4/25/2013,1571.0,1584.0,1555.0,1560.0,-0.7,1427.0,760.2,619.0
EBL,4/28/2013,1560.0,1560.0,1530.0,1560.0,0.0,4716.0,760.2,619.0
EBL,4/29/2013,1560.0,1561.0,1547.0,1550.0,-0.64,2458.0,760.2,619.0
EBL,4/30/2013,1550.0,1555.0,1535.0,1544.0,-0.39,12260.0,760.2,619.0
EBL,5/2/2013,1544.0,1540.0,1510.0,1526.0,-1.17,3186.0,760.2,619.0
EBL,5/5/2013,1526.0,1526.0,1500.0,1504.0,-1.44,4133.0,760.2,619.0
EBL,5/6/2013,1504.0,1500.0,1466.0,1494.0,-0.66,3756.0,760.2,619.0
EBL,5/7/2013,1494.0,1545.0,1505.0,1522.0,1.87,1455.0,760.2,619.0
EBL,5/8/2013,1522.0,1516.0,1503.0,1515.0,-0.46,2379.0,760.2,619.0
EBL,5/9/2013,1515.0,1524.0,1505.0,1519.0,0.26,1848.0,760.2,619.0
EBL,5/12/2013,1519.0,1535.0,1510.0,1510.0,-0.59,3022.0,760.2,619.0
EBL,5/13/2013,1510.0,1525.0,1510.0,1524.0,0.93,3539.0,760.2,619.0
EBL,5/14/2013,1524.0,1540.0,1512.0,1533.0,0.59,1407.0,760.2,619.0
EBL,5/15/2013,1533.0,1565.0,1530.0,1541.0,0.52,4043.0,760.2,619.0
EBL,5/16/2013,1541.0,1556.0,1520.0,1556.0,0.97,3576.0,760.2,619.0
EBL,5/19/2013,1556.0,1558.0,1540.0,1545.0,-0.71,2912.0,760.2,619.0
EBL,5/20/2013,1545.0,1560.0,1530.0,1551.0,0.39,1638.0,760.2,619.0
EBL,5/21/2013,1551.0,1559.0,1542.0,1551.0,0.0,2425.0,760.2,619.0
EBL,5/22/2013,1551.0,1556.0,1548.0,1549.0,-0.13,4355.0,760.2,619.0
EBL,5/23/2013,1549.0,1550.0,1525.0,1546.0,-0.19,1393.0,760.2,619.0
EBL,5/26/2013,1546.0,1555.0,1535.0,1550.0,0.26,9185.0,760.2,619.0
EBL,5/27/2013,1550.0,1561.0,1547.0,1557.0,0.45,3996.0,760.2,619.0
EBL,5/28/2013,1557.0,1560.0,1550.0,1550.0,-0.45,1669.0,760.2,619.0
EBL,5/30/2013,1550.0,1559.0,1550.0,1555.0,0.32,2297.0,760.2,619.0
EBL,6/2/2013,1555.0,1560.0,1540.0,1545.0,-0.64,4471.0,760.2,619.0
EBL,6/3/2013,1545.0,1560.0,1540.0,1550.0,0.32,2820.0,760.2,619.0
EBL,6/4/2013,1550.0,1550.0,1540.0,1546.0,-0.26,2539.0,760.2,619.0
EBL,6/5/2013,1546.0,1550.0,1538.0,1538.0,-0.52,4005.0,760.2,619.0
EBL,6/6/2013,1538.0,1547.0,1535.0,1540.0,0.13,1756.0,760.2,619.0
EBL,6/9/2013,1540.0,1550.0,1539.0,1546.0,0.39,963.0,760.2,619.0
EBL,6/10/2013,1546.0,1545.0,1540.0,1540.0,-0.39,3268.0,760.2,619.0
EBL,6/11/2013,1540.0,1560.0,1525.0,1540.0,0.0,8920.0,760.2,619.0
EBL,6/12/2013,1540.0,1540.0,1535.0,1540.0,0.0,865.0,760.2,619.0
EBL,6/13/2013,1540.0,1543.0,1520.0,1531.0,-0.58,1802.0,760.2,619.0
EBL,6/16/2013,1531.0,1555.0,1515.0,1525.0,-0.39,33560.0,760.2,619.0
EBL,6/17/2013,1525.0,1539.0,1525.0,1539.0,0.92,5843.0,760.2,619.0
EBL,6/18/2013,1539.0,1544.0,1523.0,1524.0,-0.97,8514.0,760.2,619.0
EBL,6/19/2013,1524.0,1526.0,1522.0,1525.0,0.07,2522.0,760.2,619.0
EBL,6/20/2013,1525.0,1530.0,1515.0,1515.0,-0.66,17264.0,760.2,619.0
EBL,6/23/2013,1515.0,1529.0,1510.0,1529.0,0.92,1001.0,760.2,619.0
EBL,6/24/2013,1529.0,1529.0,1520.0,1524.0,-0.33,805.0,760.2,619.0
EBL,6/25/2013,1524.0,1532.0,1515.0,1530.0,0.39,16658.0,760.2,619.0
EBL,6/26/2013,1530.0,1559.0,1530.0,1550.0,1.31,4643.0,760.2,619.0
EBL,6/27/2013,1550.0,1545.0,1530.0,1530.0,-1.29,7915.0,760.2,619.0
EBL,6/30/2013,1530.0,1540.0,1530.0,1530.0,0.0,3168.0,760.2,619.0
EBL,7/1/2013,1530.0,1540.0,1532.0,1535.0,0.33,1134.0,760.2,619.0
EBL,7/2/2013,1535.0,1540.0,1515.0,1537.0,0.13,16316.0,760.2,619.0
EBL,7/3/2013,1537.0,1542.0,1531.0,1540.0,0.2,3542.0,760.2,619.0
EBL,7/4/2013,1540.0,1546.0,1533.0,1539.0,-0.06,5626.0,760.2,619.0
EBL,7/7/2013,1539.0,1549.0,1539.0,1544.0,0.32,4118.0,760.2,619.0
EBL,7/8/2013,1544.0,1550.0,1535.0,1550.0,0.39,10212.0,760.2,619.0
EBL,7/9/2013,1550.0,1575.0,1560.0,1570.0,1.29,3924.0,760.2,619.0
EBL,7/10/2013,1570.0,1616.0,1575.0,1596.0,1.66,4739.0,760.2,619.0
EBL,7/11/2013,1596.0,1590.0,1575.0,1575.0,-1.32,3581.0,760.2,619.0
EBL,7/14/2013,1575.0,1618.0,1575.0,1575.0,0.0,5717.0,760.2,619.0
EBL,7/15/2013,1575.0,1603.0,1576.0,1591.0,1.02,5281.0,760.2,619.0
EBL,7/16/2013,1591.0,1609.0,1589.0,1599.0,0.5,1728.0,760.2,619.0
EBL,7/17/2013,1599.0,1610.0,1575.0,1609.0,0.63,2876.0,760.2,619.0
EBL,7/18/2013,1609.0,1669.0,1585.0,1668.0,3.67,8023.0,760.2,619.0
EBL,7/21/2013,1668.0,1759.0,1700.0,1739.0,4.26,10674.0,760.2,619.0
EBL,7/22/2013,1739.0,1775.0,1708.0,1725.0,-0.81,16392.0,760.2,619.0
EBL,7/23/2013,1725.0,1744.0,1727.0,1731.0,0.35,7761.0,760.2,619.0
EBL,7/24/2013,1731.0,1738.0,1726.0,1737.0,0.35,6039.0,760.2,619.0
EBL,7/25/2013,1737.0,1750.0,1725.0,1730.0,-0.4,12648.0,760.2,619.0
EBL,7/28/2013,1730.0,1750.0,1730.0,1739.0,0.52,10025.0,760.2,619.0
EBL,7/29/2013,1739.0,1773.0,1736.0,1750.0,0.63,8279.0,760.2,619.0
EBL,7/30/2013,1750.0,1815.0,1740.0,1800.0,2.86,6331.0,760.2,619.0
EBL,7/31/2013,1800.0,1836.0,1799.0,1810.0,0.56,10007.0,760.2,619.0
EBL,8/1/2013,1810.0,1897.0,1824.0,1836.0,1.44,14164.0,760.2,619.0
EBL,8/4/2013,1836.0,1860.0,1830.0,1845.0,0.49,7197.0,760.2,619.0
EBL,8/5/2013,1845.0,1845.0,1800.0,1806.0,-2.11,3940.0,760.2,619.0
EBL,8/6/2013,1806.0,1841.0,1765.0,1820.0,0.78,5789.0,760.2,619.0
EBL,8/7/2013,1820.0,1824.0,1810.0,1810.0,-0.55,4151.0,760.2,619.0
EBL,8/8/2013,1810.0,1820.0,1800.0,1814.0,0.22,2741.0,760.2,619.0
EBL,8/11/2013,1814.0,1795.0,1760.0,1782.0,-1.76,10990.0,760.2,619.0
EBL,8/12/2013,1782.0,1790.0,1770.0,1770.0,-0.67,3627.0,760.2,619.0
EBL,8/13/2013,1770.0,1777.0,1764.0,1770.0,0.0,5096.0,760.2,619.0
EBL,8/14/2013,1770.0,1782.0,1770.0,1778.0,0.45,2227.0,760.2,619.0
EBL,8/15/2013,1778.0,1790.0,1771.0,1780.0,0.11,4236.0,760.2,619.0
EBL,8/18/2013,1780.0,1800.0,1785.0,1793.0,0.73,2567.0,760.2,619.0
EBL,8/19/2013,1793.0,1810.0,1795.0,1806.0,0.73,4333.0,760.2,619.0
EBL,8/20/2013,1806.0,1821.0,1807.0,1810.0,0.22,4226.0,760.2,619.0
EBL,8/25/2013,1810.0,1824.0,1805.0,1814.0,0.22,12922.0,760.2,619.0
EBL,8/26/2013,1814.0,1830.0,1810.0,1818.0,0.22,5708.0,760.2,619.0
EBL,8/27/2013,1818.0,1875.0,1810.0,1841.0,1.27,6064.0,760.2,619.0
EBL,8/29/2013,1841.0,1846.0,1834.0,1840.0,-0.05,13762.0,760.2,619.0
EBL,9/1/2013,1840.0,1843.0,1810.0,1830.0,-0.54,9150.0,760.2,619.0
EBL,9/2/2013,1830.0,1841.0,1834.0,1835.0,0.27,4868.0,760.2,619.0
EBL,9/3/2013,1835.0,1836.0,1810.0,1825.0,-0.54,5906.0,760.2,619.0
EBL,9/4/2013,1825.0,1830.0,1790.0,1800.0,-1.37,12561.0,760.2,619.0
EBL,9/5/2013,1800.0,1820.0,1800.0,1820.0,1.11,6472.0,760.2,619.0
EBL,9/8/2013,1820.0,1784.0,1638.0,1692.0,-7.03,27879.0,760.2,619.0
EBL,9/9/2013,1692.0,1692.0,1665.0,1679.0,-0.77,3965.0,760.2,619.0
EBL,9/10/2013,1679.0,1675.0,1601.0,1610.0,-4.11,10975.0,760.2,619.0
EBL,9/11/2013,1610.0,1659.0,1611.0,1630.0,1.24,7754.0,760.2,619.0
EBL,9/12/2013,1630.0,1633.0,1610.0,1633.0,0.18,6244.0,760.2,619.0
EBL,9/15/2013,1633.0,1675.0,1621.0,1670.0,2.27,9683.0,760.2,619.0
EBL,9/16/2013,1670.0,1700.0,1681.0,1700.0,1.8,14995.0,760.2,619.0
EBL,9/17/2013,1700.0,1715.0,1692.0,1700.0,0.0,18247.0,760.2,619.0
EBL,9/19/2013,1545.0,1560.0,1535.0,1538.0,-9.53,1200.0,760.2,619.0
EBL,9/22/2013,1538.0,1530.0,1490.0,1491.0,-3.06,1843.0,760.2,619.0
EBL,9/23/2013,1491.0,1501.0,1471.0,1501.0,0.67,1112.0,760.2,619.0
EBL,9/24/2013,1501.0,1505.0,1490.0,1490.0,-0.73,874.0,760.2,619.0
EBL,9/25/2013,1491.0,1490.0,1480.0,1485.0,-0.34,2541.0,760.2,619.0
EBL,9/26/2013,1485.0,1480.0,1465.0,1472.0,-0.88,2758.0,760.2,619.0
EBL,9/29/2013,1472.0,1478.0,1469.0,1469.0,-0.2,1867.0,760.2,619.0
EBL,9/30/2013,1469.0,1470.0,1460.0,1465.0,-0.27,2236.0,760.2,619.0
EBL,10/1/2013,1465.0,1466.0,1450.0,1450.0,-1.02,3367.0,760.2,619.0
EBL,10/2/2013,1450.0,1450.0,1439.0,1439.0,-0.76,6282.0,760.2,619.0
EBL,10/3/2013,1439.0,1460.0,1440.0,1460.0,1.46,717.0,760.2,619.0
EBL,10/6/2013,1460.0,1470.0,1450.0,1470.0,0.68,3225.0,760.2,619.0
EBL,10/7/2013,1470.0,1499.0,1481.0,1499.0,1.97,197.0,760.2,619.0
EBL,10/8/2013,1499.0,1535.0,1520.0,1535.0,2.4,864.0,760.2,619.0
EBL,10/9/2013,1535.0,1555.0,1538.0,1555.0,1.3,1353.0,760.2,619.0
EBL,10/10/2013,1555.0,1566.0,1560.0,1560.0,0.32,1017.0,760.2,619.0
EBL,10/17/2013,1560.0,1590.0,1590.0,1590.0,1.92,27.0,760.2,619.0
EBL,10/20/2013,1590.0,1680.0,1575.0,1680.0,5.66,5329.0,760.2,619.0
EBL,10/21/2013,1680.0,1695.0,1670.0,1670.0,-0.6,3212.0,760.2,619.0
EBL,10/22/2013,1670.0,1640.0,1625.0,1630.0,-2.4,917.0,760.2,619.0
EBL,10/23/2013,1630.0,1640.0,1606.0,1630.0,0.0,2049.0,760.2,619.0
EBL,10/24/2013,1630.0,1633.0,1610.0,1610.0,-1.23,2403.0,760.2,619.0
EBL,10/27/2013,1610.0,1610.0,1595.0,1600.0,-0.62,1805.0,760.2,619.0
EBL,10/28/2013,1600.0,1595.0,1589.0,1593.0,-0.44,1545.0,760.2,619.0
EBL,10/29/2013,1593.0,1600.0,1575.0,1600.0,0.44,1214.0,760.2,619.0
EBL,10/30/2013,1600.0,1625.0,1600.0,1600.0,0.0,3613.0,760.2,619.0
EBL,10/31/2013,1600.0,1632.0,1610.0,1610.0,0.63,371.0,760.2,619.0
EBL,11/6/2013,1610.0,1615.0,1595.0,1600.0,-0.62,1700.0,760.2,619.0
EBL,11/7/2013,1600.0,1615.0,1590.0,1595.0,-0.31,3245.0,760.2,619.0
EBL,11/11/2013,1585.0,1610.0,1555.0,1610.0,0.94,3134.0,760.2,619.0
EBL,11/12/2013,1610.0,1650.0,1625.0,1635.0,1.55,5129.0,760.2,619.0
EBL,11/13/2013,1635.0,1700.0,1645.0,1664.0,1.77,2530.0,760.2,619.0
EBL,11/14/2013,1664.0,1683.0,1632.0,1683.0,1.14,9254.0,760.2,619.0
EBL,11/21/2013,1683.0,1716.0,1716.0,1716.0,1.96,10.0,760.2,619.0
EBL,11/24/2013,1716.0,1887.0,1750.0,1850.0,7.81,7064.0,760.2,619.0
EBL,11/25/2013,1850.0,1850.0,1800.0,1806.0,-2.38,8881.0,760.2,619.0
EBL,11/26/2013,1806.0,1855.0,1805.0,1810.0,0.22,5399.0,760.2,619.0
EBL,11/27/2013,1810.0,1811.0,1799.0,1805.0,-0.28,4408.0,760.2,619.0
EBL,11/28/2013,1805.0,1804.0,1786.0,1790.0,-0.83,2707.0,760.2,619.0
EBL,12/1/2013,1790.0,1820.0,1805.0,1805.0,0.84,4298.0,760.2,619.0
EBL,12/2/2013,1805.0,1826.0,1810.0,1814.0,0.5,4184.0,760.2,619.0
EBL,12/3/2013,1814.0,1820.0,1805.0,1810.0,-0.22,4415.0,760.2,619.0
EBL,12/4/2013,1810.0,1910.0,1840.0,1875.0,3.59,6037.0,760.2,619.0
EBL,12/5/2013,1875.0,1978.0,1890.0,1925.0,2.67,4501.0,760.2,619.0
EBL,12/8/2013,1925.0,1915.0,1880.0,1895.0,-1.56,6777.0,760.2,619.0
EBL,12/9/2013,1895.0,1950.0,1900.0,1932.0,1.95,5541.0,760.2,619.0
EBL,12/10/2013,1932.0,1930.0,1900.0,1900.0,-1.66,2598.0,760.2,619.0
EBL,12/11/2013,1900.0,1980.0,1935.0,1950.0,2.63,5113.0,760.2,619.0
EBL,12/12/2013,1950.0,1960.0,1916.0,1960.0,0.51,7341.0,760.2,619.0
EBL,12/15/2013,1960.0,2020.0,1950.0,2015.0,2.81,6790.0,760.2,619.0
EBL,12/16/2013,2015.0,2170.0,2055.0,2100.0,4.22,3650.0,760.2,619.0
EBL,12/18/2013,2100.0,2281.0,2142.0,2240.0,6.67,3166.0,760.2,619.0
EBL,12/19/2013,2240.0,2330.0,2090.0,2330.0,4.02,14538.0,760.2,619.0
EBL,12/22/2013,2330.0,2360.0,2260.0,2314.0,-0.69,12535.0,760.2,619.0
EBL,12/23/2013,2300.0,2280.0,2230.0,2243.0,-3.07,8184.0,760.2,619.0
EBL,12/24/2013,2243.0,2305.0,2190.0,2250.0,0.31,8792.0,760.2,619.0
EBL,12/26/2013,2250.0,2360.0,2251.0,2275.0,1.11,7054.0,760.2,619.0
EBL,12/29/2013,2275.0,2300.0,2275.0,2285.0,0.44,4793.0,760.2,619.0
EBL,12/31/2013,2285.0,2290.0,2153.0,2255.0,-1.31,5212.0,760.2,619.0
EBL,1/1/2014,2255.0,2270.0,2176.0,2202.0,-2.35,6621.0,760.2,619.0
EBL,1/2/2014,2202.0,2244.0,2140.0,2230.0,1.27,4082.0,760.2,619.0
EBL,1/5/2014,2230.0,2225.0,2150.0,2185.0,-2.02,3755.0,760.2,619.0
EBL,1/6/2014,2185.0,2225.0,2190.0,2205.0,0.92,2375.0,760.2,619.0
EBL,1/7/2014,2205.0,2201.0,2170.0,2192.0,-0.59,4439.0,760.2,619.0
EBL,1/8/2014,2192.0,2234.0,2166.0,2215.0,1.05,5450.0,760.2,619.0
EBL,1/9/2014,2215.0,2255.0,2215.0,2222.0,0.32,4172.0,760.2,619.0
EBL,1/12/2014,2222.0,2269.0,2225.0,2255.0,1.49,4040.0,760.2,619.0
EBL,1/13/2014,2255.0,2294.0,2240.0,2240.0,-0.67,1628.0,760.2,619.0
EBL,1/14/2014,2240.0,2270.0,2210.0,2210.0,-1.34,1881.0,760.2,619.0
EBL,1/16/2014,2210.0,2295.0,2222.0,2235.0,1.13,5042.0,760.2,619.0
EBL,1/19/2014,2235.0,2250.0,2218.0,2225.0,-0.45,2532.0,760.2,619.0
EBL,1/20/2014,2225.0,2235.0,2180.0,2200.0,-1.12,4921.0,760.2,619.0
EBL,1/21/2014,2200.0,2205.0,2185.0,2195.0,-0.23,3022.0,760.2,619.0
EBL,1/22/2014,2195.0,2200.0,2177.0,2177.0,-0.82,3792.0,760.2,619.0
EBL,1/23/2014,2177.0,2220.0,2176.0,2177.0,0.0,2638.0,760.2,619.0
EBL,1/26/2014,2177.0,2200.0,2152.0,2179.0,0.09,4237.0,760.2,619.0
EBL,1/27/2014,2179.0,2189.0,2146.0,2165.0,-0.64,1374.0,760.2,619.0
EBL,1/28/2014,2165.0,2170.0,2150.0,2150.0,-0.69,3578.0,760.2,619.0
EBL,1/29/2014,2150.0,2175.0,2150.0,2170.0,0.93,2442.0,760.2,619.0
EBL,2/2/2014,2170.0,2170.0,2125.0,2127.0,-1.98,2429.0,760.2,619.0
EBL,2/3/2014,2127.0,2127.0,2075.0,2075.0,-2.44,2752.0,760.2,619.0
EBL,2/4/2014,2075.0,2100.0,2060.0,2080.0,0.24,3485.0,760.2,619.0
EBL,2/6/2014,2090.0,2130.0,2086.0,2105.0,1.2,3109.0,760.2,619.0
EBL,2/9/2014,2105.0,2101.0,2055.0,2090.0,-0.71,2963.0,760.2,619.0
EBL,2/10/2014,2090.0,2288.0,2131.0,2150.0,2.87,4923.0,760.2,619.0
EBL,2/11/2014,2150.0,2150.0,2092.0,2129.0,-0.98,7047.0,760.2,619.0
EBL,2/12/2014,2129.0,2125.0,2090.0,2090.0,-1.83,3861.0,760.2,619.0
EBL,2/13/2014,2090.0,2125.0,2085.0,2120.0,1.44,3227.0,760.2,619.0
EBL,2/16/2014,2120.0,2162.0,2085.0,2090.0,-1.42,2340.0,760.2,619.0
EBL,2/17/2014,2090.0,2120.0,2100.0,2100.0,0.48,1767.0,760.2,619.0
EBL,2/18/2014,2100.0,2137.0,2095.0,2106.0,0.29,4242.0,760.2,619.0
EBL,2/20/2014,2106.0,2180.0,2100.0,2130.0,1.14,2619.0,760.2,619.0
EBL,2/23/2014,2130.0,2240.0,2130.0,2225.0,4.46,6646.0,760.2,619.0
EBL,2/24/2014,2225.0,2310.0,2200.0,2229.0,0.18,4785.0,760.2,619.0
EBL,2/25/2014,2229.0,2275.0,2190.0,2275.0,2.06,2094.0,760.2,619.0
EBL,2/26/2014,2275.0,2300.0,2182.0,2200.0,-3.3,2756.0,760.2,619.0
EBL,3/3/2014,2200.0,2174.0,2124.0,2150.0,-2.27,3690.0,760.2,619.0
EBL,3/4/2014,2150.0,2135.0,2080.0,2135.0,-0.7,5671.0,760.2,619.0
EBL,3/5/2014,2135.0,2175.0,2102.0,2145.0,0.47,2177.0,760.2,619.0
EBL,3/6/2014,2145.0,2183.0,2090.0,2120.0,-1.17,4347.0,760.2,619.0
EBL,3/9/2014,2120.0,2100.0,2071.0,2095.0,-1.18,3132.0,760.2,619.0
EBL,3/10/2014,2095.0,2082.0,2045.0,2080.0,-0.72,3111.0,760.2,619.0
EBL,3/11/2014,2080.0,2082.0,2056.0,2070.0,-0.48,6802.0,760.2,619.0
EBL,3/12/2014,2070.0,2055.0,2040.0,2041.0,-1.4,5982.0,760.2,619.0
EBL,3/13/2014,2041.0,2065.0,2031.0,2031.0,-0.49,2363.0,760.2,619.0
EBL,3/17/2014,2031.0,2050.0,2000.0,2030.0,-0.05,9223.0,760.2,619.0
EBL,3/18/2014,2030.0,2030.0,1990.0,1990.0,-1.97,10471.0,760.2,619.0
EBL,3/19/2014,1990.0,2055.0,1965.0,2011.0,1.06,14949.0,760.2,619.0
EBL,3/20/2014,2011.0,2049.0,2000.0,2039.0,1.39,4853.0,760.2,619.0
EBL,3/23/2014,2039.0,2046.0,2020.0,2031.0,-0.39,4197.0,760.2,619.0
EBL,3/24/2014,2031.0,2100.0,2030.0,2095.0,3.15,4092.0,760.2,619.0
EBL,3/25/2014,2095.0,2100.0,2066.0,2095.0,0.0,3569.0,760.2,619.0
EBL,3/26/2014,2095.0,2102.0,2085.0,2097.0,0.1,2551.0,760.2,619.0
EBL,3/27/2014,2097.0,2110.0,2080.0,2100.0,0.14,5997.0,760.2,619.0
EBL,3/31/2014,2058.0,2120.0,2070.0,2090.0,-0.48,10058.0,760.2,619.0
EBL,4/1/2014,2090.0,2142.0,2100.0,2119.0,1.39,5183.0,760.2,619.0
EBL,4/2/2014,2119.0,2180.0,2100.0,2151.0,1.51,5540.0,760.2,619.0
EBL,4/3/2014,2151.0,2201.0,2151.0,2167.0,0.74,4635.0,760.2,619.0
EBL,4/6/2014,2167.0,2181.0,2159.0,2160.0,-0.32,3936.0,760.2,619.0
EBL,4/7/2014,2160.0,2165.0,2130.0,2158.0,-0.09,3613.0,760.2,619.0
EBL,4/9/2014,2158.0,2180.0,2130.0,2180.0,1.02,2927.0,760.2,619.0
EBL,4/10/2014,2180.0,2214.0,2175.0,2190.0,0.46,7615.0,760.2,619.0
EBL,4/13/2014,2190.0,2231.0,2190.0,2205.0,0.68,8948.0,760.2,619.0
EBL,4/15/2014,2205.0,2262.0,2205.0,2245.0,1.81,5236.0,760.2,619.0
EBL,4/16/2014,2245.0,2245.0,2225.0,2225.0,-0.89,6337.0,760.2,619.0
EBL,4/17/2014,2225.0,2250.0,2195.0,2220.0,-0.22,4664.0,760.2,619.0
EBL,4/20/2014,2220.0,2235.0,2195.0,2200.0,-0.9,5480.0,760.2,619.0
EBL,4/21/2014,2200.0,2210.0,2177.0,2190.0,-0.45,4350.0,760.2,619.0
EBL,4/22/2014,2190.0,2200.0,2185.0,2187.0,-0.14,3575.0,760.2,619.0
EBL,4/23/2014,2187.0,2215.0,2190.0,2205.0,0.82,3134.0,760.2,619.0
EBL,4/27/2014,2205.0,2225.0,2195.0,2195.0,-0.45,1683.0,760.2,619.0
EBL,4/28/2014,2195.0,2202.0,2190.0,2195.0,0.0,2295.0,760.2,619.0
EBL,4/29/2014,2195.0,2195.0,2185.0,2187.0,-0.36,1865.0,760.2,619.0
EBL,4/30/2014,2187.0,2206.0,2195.0,2200.0,0.59,4020.0,760.2,619.0
EBL,5/4/2014,2200.0,2220.0,2192.0,2214.0,0.64,4744.0,760.2,619.0
EBL,5/5/2014,2214.0,2280.0,2190.0,2275.0,2.76,2614.0,760.2,619.0
EBL,5/6/2014,2275.0,2321.0,2280.0,2300.0,1.1,4509.0,760.2,619.0
EBL,5/7/2014,2300.0,2340.0,2282.0,2282.0,-0.78,4192.0,760.2,619.0
EBL,5/8/2014,2282.0,2280.0,2250.0,2272.0,-0.44,3089.0,760.2,619.0
EBL,5/11/2014,2272.0,2285.0,2251.0,2260.0,-0.53,4450.0,760.2,619.0
EBL,5/12/2014,2260.0,2270.0,2245.0,2245.0,-0.66,1349.0,760.2,619.0
EBL,5/13/2014,2245.0,2250.0,2210.0,2215.0,-1.34,2722.0,760.2,619.0
EBL,5/15/2014,2215.0,2220.0,2200.0,2215.0,0.0,2870.0,760.2,619.0
EBL,5/18/2014,2215.0,2235.0,2210.0,2216.0,0.05,2286.0,760.2,619.0
EBL,5/19/2014,2216.0,2239.0,2216.0,2232.0,0.72,2105.0,760.2,619.0
EBL,5/20/2014,2232.0,2235.0,2190.0,2225.0,-0.31,1574.0,760.2,619.0
EBL,5/21/2014,2225.0,2229.0,2151.0,2229.0,0.18,4361.0,760.2,619.0
EBL,5/22/2014,2229.0,2260.0,2210.0,2250.0,0.94,2780.0,760.2,619.0
EBL,5/25/2014,2250.0,2320.0,2250.0,2320.0,3.11,3276.0,760.2,619.0
EBL,5/26/2014,2320.0,2296.0,2250.0,2288.0,-1.38,7037.0,760.2,619.0
EBL,5/27/2014,2288.0,2286.0,2245.0,2262.0,-1.14,1428.0,760.2,619.0
EBL,5/28/2014,2262.0,2300.0,2263.0,2300.0,1.68,5145.0,760.2,619.0
EBL,6/1/2014,2300.0,2350.0,2300.0,2340.0,1.74,10958.0,760.2,619.0
EBL,6/2/2014,2340.0,2400.0,2350.0,2371.0,1.32,6795.0,760.2,619.0
EBL,6/3/2014,2371.0,2402.0,2351.0,2397.0,1.1,5709.0,760.2,619.0
EBL,6/4/2014,2397.0,2410.0,2385.0,2410.0,0.54,5330.0,760.2,619.0
EBL,6/5/2014,2410.0,2415.0,2290.0,2375.0,-1.45,5267.0,760.2,619.0
EBL,6/8/2014,2375.0,2415.0,2375.0,2402.0,1.14,4209.0,760.2,619.0
EBL,6/9/2014,2402.0,2410.0,2390.0,2395.0,-0.29,10756.0,760.2,619.0
EBL,6/10/2014,2395.0,2424.0,2371.0,2418.0,0.96,8366.0,760.2,619.0
EBL,6/11/2014,2418.0,2476.0,2430.0,2445.0,1.12,5720.0,760.2,619.0
EBL,6/12/2014,2445.0,2472.0,2408.0,2460.0,0.61,7252.0,760.2,619.0
EBL,6/15/2014,2460.0,2590.0,2460.0,2501.0,1.67,8810.0,760.2,619.0
EBL,6/16/2014,2501.0,2620.0,2550.0,2580.0,3.16,5551.0,760.2,619.0
EBL,6/17/2014,2580.0,2605.0,2485.0,2580.0,0.0,9873.0,760.2,619.0
EBL,6/18/2014,2580.0,2620.0,2441.0,2546.0,-1.32,7970.0,760.2,619.0
EBL,6/19/2014,2546.0,2551.0,2500.0,2548.0,0.08,6465.0,760.2,619.0
EBL,6/23/2014,2548.0,2515.0,2451.0,2458.0,-3.53,1319.0,760.2,619.0
EBL,6/24/2014,2458.0,2499.0,2450.0,2490.0,1.3,1969.0,760.2,619.0
EBL,6/25/2014,2490.0,2570.0,2489.0,2550.0,2.41,5233.0,760.2,619.0
EBL,6/26/2014,2550.0,2570.0,2550.0,2560.0,0.39,2209.0,760.2,619.0
EBL,6/29/2014,2560.0,2601.0,2545.0,2570.0,0.39,4778.0,760.2,619.0
EBL,6/30/2014,2570.0,2570.0,2536.0,2570.0,0.0,2256.0,760.2,619.0
EBL,7/1/2014,2570.0,2605.0,2580.0,2598.0,1.09,4302.0,760.2,619.0
EBL,7/2/2014,2598.0,2660.0,2600.0,2622.0,0.92,3819.0,760.2,619.0
EBL,7/3/2014,2622.0,2628.0,2600.0,2600.0,-0.84,2825.0,760.2,619.0
EBL,7/6/2014,2600.0,2620.0,2600.0,2600.0,0.0,4615.0,760.2,619.0
EBL,7/7/2014,2600.0,2630.0,2600.0,2608.0,0.31,5268.0,760.2,619.0
EBL,7/8/2014,2608.0,2738.0,2620.0,2675.0,2.57,7912.0,760.2,619.0
EBL,7/9/2014,2675.0,2730.0,2690.0,2730.0,2.06,3416.0,760.2,619.0
EBL,7/10/2014,2730.0,2721.0,2681.0,2702.0,-1.03,4740.0,760.2,619.0
EBL,7/13/2014,2702.0,2756.0,2665.0,2733.0,1.15,9942.0,760.2,619.0
EBL,7/14/2014,2733.0,2702.0,2660.0,2680.0,-1.94,1964.0,760.2,619.0
EBL,7/15/2014,2680.0,2700.0,2650.0,2675.0,-0.19,623.0,760.2,619.0
EBL,7/16/2014,2675.0,2740.0,2600.0,2631.0,-1.64,6693.0,760.2,619.0
EBL,7/17/2014,2631.0,2718.0,2660.0,2686.0,2.09,4553.0,760.2,619.0
EBL,7/20/2014,2686.0,2850.0,2690.0,2835.0,5.55,8099.0,760.2,619.0
EBL,7/21/2014,2835.0,2885.0,2820.0,2875.0,1.41,8917.0,760.2,619.0
EBL,7/22/2014,2875.0,2850.0,2775.0,2840.0,-1.22,4532.0,760.2,619.0
EBL,7/23/2014,2840.0,2853.0,2810.0,2815.0,-0.88,3408.0,760.2,619.0
EBL,7/24/2014,2815.0,2860.0,2790.0,2830.0,0.53,4885.0,760.2,619.0
EBL,7/27/2014,2830.0,2860.0,2810.0,2825.0,-0.18,2504.0,760.2,619.0
EBL,7/28/2014,2825.0,2850.0,2800.0,2815.0,-0.35,2306.0,760.2,619.0
EBL,7/30/2014,2815.0,2840.0,2792.0,2795.0,-0.71,2461.0,760.2,619.0
EBL,7/31/2014,2795.0,2840.0,2780.0,2824.0,1.04,4873.0,760.2,619.0
EBL,8/3/2014,2824.0,2810.0,2799.0,2801.0,-0.81,2332.0,760.2,619.0
EBL,8/4/2014,2801.0,2800.0,2750.0,2760.0,-1.46,4732.0,760.2,619.0
EBL,8/5/2014,2760.0,2800.0,2740.0,2775.0,0.54,3533.0,760.2,619.0
EBL,8/6/2014,2775.0,2780.0,2705.0,2780.0,0.18,5586.0,760.2,619.0
EBL,8/7/2014,2780.0,2740.0,2675.0,2709.0,-2.55,7973.0,760.2,619.0
EBL,8/12/2014,2709.0,2700.0,2596.0,2640.0,-2.55,4861.0,760.2,619.0
EBL,8/13/2014,2640.0,2692.0,2548.0,2630.0,-0.38,6902.0,760.2,619.0
EBL,8/14/2014,2630.0,2735.0,2600.0,2730.0,3.8,5671.0,760.2,619.0
EBL,8/18/2014,2730.0,2775.0,2660.0,2700.0,-1.1,5826.0,760.2,619.0
EBL,8/19/2014,2700.0,2740.0,2671.0,2720.0,0.74,7076.0,760.2,619.0
EBL,8/20/2014,2720.0,2700.0,2639.0,2650.0,-2.57,6880.0,760.2,619.0
EBL,8/21/2014,2650.0,2700.0,2510.0,2640.0,-0.38,6805.0,760.2,619.0
EBL,8/24/2014,2640.0,2699.0,2649.0,2655.0,0.57,5042.0,760.2,619.0
EBL,8/25/2014,2655.0,2620.0,2475.0,2500.0,-5.84,14604.0,760.2,619.0
EBL,8/26/2014,2500.0,2450.0,2250.0,2250.0,-10.0,26548.0,760.2,619.0
EBL,8/27/2014,2250.0,2291.0,2219.0,2270.0,0.89,24617.0,760.2,619.0
EBL,8/28/2014,2270.0,2340.0,2240.0,2260.0,-0.44,10760.0,760.2,619.0
EBL,8/31/2014,2260.0,2260.0,2190.0,2190.0,-3.1,18306.0,760.2,619.0
EBL,9/1/2014,2190.0,2257.0,2127.0,2257.0,3.06,35196.0,760.2,619.0
EBL,9/3/2014,2015.0,2055.0,1942.0,1942.0,-13.96,800.0,760.2,619.0
EBL,9/4/2014,1942.0,1980.0,1870.0,1908.0,-1.75,4213.0,760.2,619.0
EBL,9/7/2014,1908.0,1875.0,1783.0,1783.0,-6.55,4778.0,760.2,619.0
EBL,9/9/2014,1783.0,1880.0,1775.0,1878.0,5.33,3512.0,760.2,619.0
EBL,9/10/2014,1878.0,1953.0,1851.0,1870.0,-0.43,4092.0,760.2,619.0
EBL,9/11/2014,1870.0,1870.0,1780.0,1850.0,-1.07,1131.0,760.2,619.0
EBL,9/14/2014,1850.0,1830.0,1813.0,1820.0,-1.62,2416.0,760.2,619.0
EBL,9/15/2014,1820.0,1838.0,1800.0,1830.0,0.55,959.0,760.2,619.0
EBL,9/16/2014,1830.0,1850.0,1825.0,1845.0,0.82,1034.0,760.2,619.0
EBL,9/17/2014,1845.0,1860.0,1845.0,1850.0,0.27,785.0,760.2,619.0
EBL,9/18/2014,1850.0,1830.0,1779.0,1800.0,-2.7,3089.0,760.2,619.0
EBL,9/21/2014,1800.0,1805.0,1785.0,1795.0,-0.28,867.0,760.2,619.0
EBL,9/22/2014,1795.0,1800.0,1790.0,1800.0,0.28,2236.0,760.2,619.0
EBL,9/23/2014,1800.0,1850.0,1810.0,1820.0,1.11,1976.0,760.2,619.0
EBL,9/24/2014,1820.0,1850.0,1839.0,1840.0,1.1,830.0,760.2,619.0
EBL,9/28/2014,1840.0,1890.0,1841.0,1890.0,2.72,1010.0,760.2,619.0
EBL,9/29/2014,1890.0,1948.0,1890.0,1948.0,3.07,1390.0,760.2,619.0
EBL,9/30/2014,1948.0,1999.0,1980.0,1985.0,1.9,1378.0,760.2,619.0
EBL,10/8/2014,1985.0,1960.0,1960.0,1960.0,-1.26,214.0,760.2,619.0
EBL,10/9/2014,1960.0,1931.0,1930.0,1930.0,-1.53,71.0,760.2,619.0
EBL,10/12/2014,1930.0,1893.0,1865.0,1866.0,-3.32,995.0,760.2,619.0
EBL,10/13/2014,1866.0,1890.0,1861.0,1890.0,1.29,587.0,760.2,619.0
EBL,10/14/2014,1890.0,1930.0,1890.0,1890.0,0.0,634.0,760.2,619.0
EBL,10/15/2014,1890.0,1914.0,1900.0,1908.0,0.95,798.0,760.2,619.0
EBL,10/16/2014,1908.0,1925.0,1901.0,1911.0,0.16,654.0,760.2,619.0
EBL,10/19/2014,1911.0,1910.0,1901.0,1910.0,-0.05,451.0,760.2,619.0
EBL,10/20/2014,1910.0,1930.0,1914.0,1920.0,0.52,384.0,760.2,619.0
EBL,10/21/2014,1920.0,1925.0,1902.0,1920.0,0.0,2013.0,760.2,619.0
EBL,10/22/2014,1920.0,1925.0,1920.0,1925.0,0.26,897.0,760.2,619.0
EBL,10/26/2014,1925.0,1931.0,1869.0,1915.0,-0.52,2236.0,760.2,619.0
EBL,10/27/2014,1915.0,1925.0,1896.0,1910.0,-0.26,1772.0,760.2,619.0
EBL,10/28/2014,1910.0,1930.0,1910.0,1916.0,0.31,981.0,760.2,619.0
EBL,10/30/2014,1916.0,1920.0,1900.0,1910.0,-0.31,3797.0,760.2,619.0
EBL,11/2/2014,1910.0,1910.0,1880.0,1890.0,-1.05,4492.0,760.2,619.0
EBL,11/3/2014,1890.0,1889.0,1845.0,1860.0,-1.59,3102.0,760.2,619.0
EBL,11/4/2014,1860.0,1831.0,1800.0,1815.0,-2.42,841.0,760.2,619.0
EBL,11/5/2014,1815.0,1853.0,1815.0,1853.0,2.09,1346.0,760.2,619.0
EBL,11/6/2014,1853.0,1850.0,1800.0,1820.0,-1.78,5133.0,760.2,619.0
EBL,11/9/2014,1820.0,1835.0,1799.0,1800.0,-1.1,1346.0,760.2,619.0
EBL,11/10/2014,1800.0,1780.0,1750.0,1750.0,-2.78,6474.0,760.2,619.0
EBL,11/11/2014,1750.0,1800.0,1749.0,1760.0,0.57,3067.0,760.2,619.0
EBL,11/12/2014,1760.0,1770.0,1727.0,1770.0,0.57,1084.0,760.2,619.0
EBL,11/13/2014,1770.0,1800.0,1751.0,1752.0,-1.02,3454.0,760.2,619.0
EBL,11/16/2014,1752.0,1760.0,1726.0,1760.0,0.46,766.0,760.2,619.0
EBL,11/17/2014,1760.0,1740.0,1655.0,1688.0,-4.09,1787.0,760.2,619.0
EBL,11/18/2014,1688.0,1705.0,1655.0,1670.0,-1.07,4276.0,760.2,619.0
EBL,11/19/2014,1670.0,1710.0,1645.0,1700.0,1.8,6923.0,760.2,619.0
EBL,11/20/2014,1700.0,1760.0,1694.0,1694.0,-0.35,8957.0,760.2,619.0
EBL,11/23/2014,1694.0,1777.0,1695.0,1700.0,0.35,14849.0,760.2,619.0
EBL,11/24/2014,1700.0,1712.0,1690.0,1690.0,-0.59,4759.0,760.2,619.0
EBL,11/25/2014,1690.0,1710.0,1676.0,1709.0,1.12,2536.0,760.2,619.0
EBL,11/30/2014,1709.0,1725.0,1701.0,1725.0,0.94,1148.0,760.2,619.0
EBL,12/1/2014,1725.0,1730.0,1700.0,1709.0,-0.93,8647.0,760.2,619.0
EBL,12/2/2014,1709.0,1710.0,1699.0,1709.0,0.0,3822.0,760.2,619.0
EBL,12/3/2014,1709.0,1734.0,1709.0,1724.0,0.88,3168.0,760.2,619.0
EBL,12/4/2014,1724.0,1761.0,1710.0,1739.0,0.87,2944.0,760.2,619.0
EBL,12/7/2014,1739.0,1741.0,1700.0,1716.0,-1.32,6700.0,760.2,619.0
EBL,12/8/2014,1716.0,1731.0,1700.0,1731.0,0.87,2050.0,760.2,619.0
EBL,12/9/2014,1731.0,1740.0,1722.0,1740.0,0.52,1159.0,760.2,619.0
EBL,12/10/2014,1740.0,1768.0,1700.0,1745.0,0.29,2518.0,760.2,619.0
EBL,12/11/2014,1745.0,1810.0,1747.0,1801.0,3.21,1881.0,760.2,619.0
EBL,12/14/2014,1801.0,1936.0,1837.0,1936.0,7.5,7282.0,760.2,619.0
EBL,12/15/2014,1936.0,2000.0,1855.0,1970.0,1.76,12962.0,760.2,619.0
EBL,12/16/2014,1970.0,1970.0,1925.0,1949.0,-1.07,8144.0,760.2,619.0
EBL,12/17/2014,1949.0,1935.0,1900.0,1911.0,-1.95,8676.0,760.2,619.0
EBL,12/18/2014,1911.0,1943.0,1881.0,1900.0,-0.58,2400.0,760.2,619.0
EBL,12/21/2014,1900.0,1900.0,1856.0,1870.0,-1.58,4417.0,760.2,619.0
EBL,12/22/2014,1870.0,1870.0,1846.0,1850.0,-1.07,4793.0,760.2,619.0
EBL,12/23/2014,1850.0,1840.0,1820.0,1825.0,-1.35,3258.0,760.2,619.0
EBL,12/24/2014,1825.0,1902.0,1790.0,1887.0,3.4,1731.0,760.2,619.0
EBL,12/28/2014,1887.0,1998.0,1924.0,1945.0,3.07,4597.0,760.2,619.0
EBL,12/29/2014,1945.0,1960.0,1900.0,1940.0,-0.26,11310.0,760.2,619.0
EBL,12/31/2014,1940.0,1935.0,1910.0,1915.0,-1.29,7492.0,760.2,619.0
EBL,1/1/2015,1915.0,1950.0,1900.0,1908.0,-0.37,7377.0,760.2,619.0
EBL,1/4/2015,1908.0,1950.0,1935.0,1950.0,2.2,12527.0,760.2,619.0
EBL,1/5/2015,1950.0,1985.0,1930.0,1960.0,0.51,4362.0,760.2,619.0
EBL,1/6/2015,1960.0,1963.0,1949.0,1950.0,-0.51,4781.0,760.2,619.0
EBL,1/7/2015,1950.0,1989.0,1945.0,1973.0,1.18,6564.0,760.2,619.0
EBL,1/8/2015,1973.0,2000.0,1900.0,1981.0,0.41,5464.0,760.2,619.0
EBL,1/11/2015,1981.0,1990.0,1975.0,1981.0,0.0,3992.0,760.2,619.0
EBL,1/12/2015,1981.0,1987.0,1940.0,1960.0,-1.06,4852.0,760.2,619.0
EBL,1/13/2015,1960.0,1970.0,1945.0,1961.0,0.05,1823.0,760.2,619.0
EBL,1/14/2015,1961.0,2000.0,1924.0,1982.0,1.07,5091.0,760.2,619.0
EBL,1/18/2015,1982.0,2000.0,1982.0,1985.0,0.15,4572.0,760.2,619.0
EBL,1/19/2015,1985.0,2172.0,1970.0,2090.0,5.29,18529.0,760.2,619.0
EBL,1/20/2015,2090.0,2090.0,1970.0,2035.0,-2.63,6487.0,760.2,619.0
EBL,1/22/2015,2035.0,2040.0,1972.0,2022.0,-0.64,6422.0,760.2,619.0
EBL,1/25/2015,2022.0,2085.0,2035.0,2085.0,3.12,2567.0,760.2,619.0
EBL,1/26/2015,2085.0,2114.0,2071.0,2088.0,0.14,6083.0,760.2,619.0
EBL,1/27/2015,2088.0,2099.0,2070.0,2083.0,-0.24,5887.0,760.2,619.0
EBL,1/28/2015,2083.0,2144.0,2060.0,2130.0,2.26,6869.0,760.2,619.0
EBL,1/29/2015,2130.0,2200.0,2110.0,2140.0,0.47,6175.0,760.2,619.0
EBL,2/1/2015,2140.0,2149.0,2105.0,2145.0,0.23,10309.0,760.2,619.0
EBL,2/2/2015,2145.0,2165.0,2146.0,2153.0,0.37,8378.0,760.2,619.0
EBL,2/3/2015,2153.0,2155.0,2141.0,2150.0,-0.14,6252.0,760.2,619.0
EBL,2/4/2015,2150.0,2180.0,2140.0,2145.0,-0.23,5108.0,760.2,619.0
EBL,2/5/2015,2145.0,2150.0,2120.0,2131.0,-0.65,3541.0,760.2,619.0
EBL,2/8/2015,2131.0,2146.0,2125.0,2139.0,0.38,6343.0,760.2,619.0
EBL,2/9/2015,2139.0,2139.0,2125.0,2130.0,-0.42,2801.0,760.2,619.0
EBL,2/10/2015,2130.0,2120.0,2088.0,2120.0,-0.47,4145.0,760.2,619.0
EBL,2/11/2015,2120.0,2169.0,2120.0,2145.0,1.18,1758.0,760.2,619.0
EBL,2/12/2015,2145.0,2166.0,2125.0,2151.0,0.28,1020.0,760.2,619.0
EBL,2/15/2015,2151.0,2160.0,2135.0,2150.0,-0.05,2590.0,760.2,619.0
EBL,2/16/2015,2150.0,2154.0,2146.0,2149.0,-0.05,3816.0,760.2,619.0
EBL,2/18/2015,2149.0,2140.0,2125.0,2140.0,-0.42,1568.0,760.2,619.0
EBL,2/22/2015,2140.0,2139.0,2109.0,2125.0,-0.7,4653.0,760.2,619.0
EBL,2/23/2015,2125.0,2110.0,2085.0,2105.0,-0.94,6051.0,760.2,619.0
EBL,2/24/2015,2105.0,2110.0,2080.0,2100.0,-0.24,5517.0,760.2,619.0
EBL,2/25/2015,2100.0,2122.0,2100.0,2111.0,0.52,2461.0,760.2,619.0
EBL,2/26/2015,2111.0,2130.0,2105.0,2130.0,0.9,2477.0,760.2,619.0
EBL,3/1/2015,2130.0,2140.0,2110.0,2124.0,-0.28,1226.0,760.2,619.0
EBL,3/2/2015,2124.0,2145.0,2130.0,2130.0,0.28,4053.0,760.2,619.0
EBL,3/3/2015,2130.0,2130.0,2120.0,2122.0,-0.38,1183.0,760.2,619.0
EBL,3/4/2015,2122.0,2155.0,2110.0,2131.0,0.42,3482.0,760.2,619.0
EBL,3/9/2015,2131.0,2171.0,2145.0,2146.0,0.7,3668.0,760.2,619.0
EBL,3/10/2015,2146.0,2153.0,2145.0,2150.0,0.19,2142.0,760.2,619.0
EBL,3/11/2015,2150.0,2156.0,2140.0,2152.0,0.09,1471.0,760.2,619.0
EBL,3/12/2015,2152.0,2150.0,2135.0,2140.0,-0.56,3064.0,760.2,619.0
EBL,3/15/2015,2140.0,2115.0,2095.0,2102.0,-1.78,4487.0,760.2,619.0
EBL,3/16/2015,2102.0,2100.0,2060.0,2075.0,-1.28,2589.0,760.2,619.0
EBL,3/17/2015,2075.0,2100.0,2065.0,2100.0,1.2,2181.0,760.2,619.0
EBL,3/18/2015,2100.0,2110.0,2078.0,2100.0,0.0,3120.0,760.2,619.0
EBL,3/19/2015,2100.0,2140.0,2095.0,2110.0,0.48,1838.0,760.2,619.0
EBL,3/22/2015,2110.0,2152.0,2121.0,2130.0,0.95,2143.0,760.2,619.0
EBL,3/23/2015,2130.0,2130.0,2090.0,2101.0,-1.36,3825.0,760.2,619.0
EBL,3/24/2015,2101.0,2100.0,2080.0,2093.0,-0.38,3194.0,760.2,619.0
EBL,3/25/2015,2093.0,2085.0,2070.0,2083.0,-0.48,2108.0,760.2,619.0
EBL,3/26/2015,2083.0,2088.0,2067.0,2070.0,-0.62,1928.0,760.2,619.0
EBL,3/29/2015,2070.0,2075.0,2060.0,2070.0,0.0,2350.0,760.2,619.0
EBL,3/30/2015,2070.0,2074.0,2050.0,2055.0,-0.72,2024.0,760.2,619.0
EBL,3/31/2015,2055.0,2085.0,2060.0,2085.0,1.46,416.0,760.2,619.0
EBL,4/1/2015,2085.0,2080.0,2068.0,2068.0,-0.82,500.0,760.2,619.0
EBL,4/2/2015,2068.0,2067.0,2060.0,2060.0,-0.39,1551.0,760.2,619.0
EBL,4/5/2015,2060.0,2065.0,2045.0,2065.0,0.24,1010.0,760.2,619.0
EBL,4/6/2015,2065.0,2072.0,2055.0,2072.0,0.34,849.0,760.2,619.0
EBL,4/7/2015,2072.0,2080.0,2070.0,2070.0,-0.1,1770.0,760.2,619.0
EBL,4/8/2015,2070.0,2086.0,2060.0,2086.0,0.77,2916.0,760.2,619.0
EBL,4/9/2015,2086.0,2145.0,2071.0,2145.0,2.83,848.0,760.2,619.0
EBL,4/12/2015,2145.0,2185.0,2125.0,2125.0,-0.93,2118.0,760.2,619.0
EBL,4/13/2015,2125.0,2135.0,2115.0,2133.0,0.38,1938.0,760.2,619.0
EBL,4/15/2015,2133.0,2140.0,2125.0,2134.0,0.05,1110.0,760.2,619.0
EBL,4/16/2015,2134.0,2141.0,2132.0,2132.0,-0.09,1681.0,760.2,619.0
EBL,4/19/2015,2132.0,2141.0,2130.0,2140.0,0.38,684.0,760.2,619.0
EBL,4/20/2015,2140.0,2150.0,2106.0,2137.0,-0.14,1255.0,760.2,619.0
EBL,4/21/2015,2137.0,2150.0,2121.0,2121.0,-0.75,2603.0,760.2,619.0
EBL,4/22/2015,2121.0,2140.0,2130.0,2131.0,0.47,3388.0,760.2,619.0
EBL,4/23/2015,2131.0,2140.0,2120.0,2133.0,0.09,4219.0,760.2,619.0
EBL,5/24/2015,2133.0,2091.0,1920.0,1920.0,-9.99,110.0,760.2,619.0
EBL,5/25/2015,1920.0,1882.0,1728.0,1728.0,-10.0,1013.0,760.2,619.0
EBL,5/26/2015,1728.0,1793.0,1600.0,1735.0,0.41,9394.0,760.2,619.0
EBL,5/27/2015,1735.0,1756.0,1715.0,1736.0,0.06,5069.0,760.2,619.0
EBL,5/28/2015,1736.0,1814.0,1731.0,1770.0,1.96,4585.0,760.2,619.0
EBL,5/31/2015,1770.0,1919.0,1737.0,1900.0,7.34,5936.0,760.2,619.0
EBL,6/1/2015,1900.0,1990.0,1911.0,1950.0,2.63,9303.0,760.2,619.0
EBL,6/2/2015,1950.0,1960.0,1921.0,1950.0,0.0,9741.0,760.2,619.0
EBL,6/3/2015,1950.0,2050.0,1967.0,2030.0,4.1,5659.0,760.2,619.0
EBL,6/4/2015,2030.0,2050.0,1991.0,2015.0,-0.74,4601.0,760.2,619.0
EBL,6/7/2015,2015.0,2045.0,2004.0,2029.0,0.69,7715.0,760.2,619.0
EBL,6/8/2015,2029.0,2090.0,2015.0,2070.0,2.02,10615.0,760.2,619.0
EBL,6/9/2015,2070.0,2210.0,2095.0,2115.0,2.17,16787.0,760.2,619.0
EBL,6/10/2015,2115.0,2125.0,2083.0,2100.0,-0.71,10851.0,760.2,619.0
EBL,6/11/2015,2100.0,2075.0,2017.0,2035.0,-3.1,4577.0,760.2,619.0
EBL,6/14/2015,2035.0,2075.0,2028.0,2039.0,0.2,3182.0,760.2,619.0
EBL,6/15/2015,2039.0,2069.0,2021.0,2050.0,0.54,2581.0,760.2,619.0
EBL,6/16/2015,2050.0,2045.0,2030.0,2042.0,-0.39,3738.0,760.2,619.0
EBL,6/17/2015,2042.0,2045.0,2025.0,2025.0,-0.83,4329.0,760.2,619.0
EBL,6/18/2015,2025.0,2030.0,2005.0,2030.0,0.25,10686.0,760.2,619.0
EBL,6/21/2015,2030.0,2040.0,2000.0,2020.0,-0.49,4874.0,760.2,619.0
EBL,6/22/2015,2020.0,2035.0,2000.0,2030.0,0.5,2355.0,760.2,619.0
EBL,6/23/2015,2030.0,2025.0,2011.0,2020.0,-0.49,1454.0,760.2,619.0
EBL,6/24/2015,2020.0,2065.0,2000.0,2065.0,2.23,2844.0,760.2,619.0
EBL,6/25/2015,2065.0,2065.0,2046.0,2065.0,0.0,2589.0,760.2,619.0
EBL,6/28/2015,2065.0,2088.0,2070.0,2080.0,0.73,5725.0,760.2,619.0
EBL,6/29/2015,2080.0,2121.0,2084.0,2100.0,0.96,5042.0,760.2,619.0
EBL,6/30/2015,2100.0,2125.0,2090.0,2125.0,1.19,4585.0,760.2,619.0
EBL,7/1/2015,2125.0,2135.0,2090.0,2099.0,-1.22,7689.0,760.2,619.0
EBL,7/2/2015,2099.0,2100.0,2060.0,2085.0,-0.67,5553.0,760.2,619.0
EBL,7/5/2015,2085.0,2095.0,2076.0,2084.0,-0.05,2702.0,760.2,619.0
EBL,7/6/2015,2084.0,2084.0,2072.0,2080.0,-0.19,6325.0,760.2,619.0
EBL,7/7/2015,2080.0,2094.0,2040.0,2094.0,0.67,8713.0,760.2,619.0
EBL,7/8/2015,2094.0,2101.0,2086.0,2091.0,-0.14,4540.0,760.2,619.0
EBL,7/9/2015,2091.0,2100.0,2089.0,2091.0,0.0,4237.0,760.2,619.0
EBL,7/12/2015,2091.0,2101.0,2096.0,2097.0,0.29,7637.0,760.2,619.0
EBL,7/13/2015,2097.0,2101.0,2080.0,2101.0,0.19,1979.0,760.2,619.0
EBL,7/14/2015,2101.0,2100.0,2091.0,2100.0,-0.05,1689.0,760.2,619.0
EBL,7/15/2015,2100.0,2109.0,2097.0,2103.0,0.14,4036.0,760.2,619.0
EBL,7/16/2015,2103.0,2120.0,2100.0,2120.0,0.81,4625.0,760.2,619.0
EBL,7/22/2015,2120.0,2150.0,2121.0,2135.0,0.71,2947.0,760.2,619.0
EBL,7/23/2015,2135.0,2348.0,2150.0,2328.0,9.04,18553.0,760.2,619.0
EBL,7/26/2015,2328.0,2560.0,2374.0,2560.0,9.97,3128.0,760.2,619.0
EBL,7/27/2015,2560.0,2816.0,2560.0,2605.0,1.76,46461.0,760.2,619.0
EBL,7/28/2015,2605.0,2605.0,2466.0,2553.0,-2.0,16053.0,760.2,619.0
EBL,7/29/2015,2553.0,2540.0,2500.0,2520.0,-1.29,12392.0,760.2,619.0
EBL,7/30/2015,2520.0,2613.0,2520.0,2560.0,1.59,8606.0,760.2,619.0
EBL,8/2/2015,2560.0,2650.0,2560.0,2650.0,3.52,9246.0,760.2,619.0
EBL,8/3/2015,2650.0,2644.0,2583.0,2594.0,-2.11,8874.0,760.2,619.0
EBL,8/4/2015,2594.0,2608.0,2586.0,2592.0,-0.08,12474.0,760.2,619.0
EBL,8/5/2015,2592.0,2599.0,2578.0,2595.0,0.12,7238.0,760.2,619.0
EBL,8/6/2015,2595.0,2630.0,2581.0,2600.0,0.19,8756.0,760.2,619.0
EBL,8/9/2015,2600.0,2720.0,2640.0,2715.0,4.42,22672.0,760.2,619.0
EBL,8/10/2015,2715.0,2800.0,2715.0,2770.0,2.03,15767.0,760.2,619.0
EBL,8/11/2015,2770.0,2775.0,2730.0,2745.0,-0.9,12177.0,760.2,619.0
EBL,8/12/2015,2745.0,2750.0,2655.0,2730.0,-0.55,9755.0,760.2,619.0
EBL,8/13/2015,2730.0,2820.0,2700.0,2820.0,3.3,15195.0,760.2,619.0
EBL,8/16/2015,2820.0,2901.0,2800.0,2880.0,2.13,32246.0,760.2,619.0
EBL,8/17/2015,2880.0,3168.0,2937.0,3168.0,10.0,12751.0,760.2,619.0
EBL,8/18/2015,3168.0,3264.0,3127.0,3202.0,1.07,12797.0,760.2,619.0
EBL,8/19/2015,3202.0,3330.0,3202.0,3310.0,3.37,6179.0,760.2,619.0
EBL,8/20/2015,3310.0,3449.0,3350.0,3350.0,1.21,7371.0,760.2,619.0
EBL,8/23/2015,3350.0,3360.0,3280.0,3300.0,-1.49,5885.0,760.2,619.0
EBL,8/24/2015,3300.0,3330.0,3286.0,3290.0,-0.3,4786.0,760.2,619.0
EBL,8/25/2015,3290.0,3286.0,3200.0,3280.0,-0.3,3741.0,760.2,619.0
EBL,8/26/2015,3280.0,3310.0,3250.0,3252.0,-0.85,4973.0,760.2,619.0
EBL,8/27/2015,3252.0,3354.0,3100.0,3349.0,2.98,118323.0,760.2,619.0
EBL,8/31/2015,3349.0,3450.0,3300.0,3360.0,0.33,16005.0,760.2,619.0
EBL,9/1/2015,3360.0,3355.0,3299.0,3299.0,-1.82,19026.0,760.2,619.0
EBL,9/2/2015,3299.0,3300.0,3175.0,3228.0,-2.15,48857.0,760.2,619.0
EBL,9/3/2015,3228.0,3292.0,3183.0,3185.0,-1.33,44483.0,760.2,619.0
EBL,9/6/2015,3185.0,3210.0,3100.0,3142.0,-1.35,16630.0,760.2,619.0
EBL,9/7/2015,3142.0,3200.0,3160.0,3184.0,1.34,4140.0,760.2,619.0
EBL,9/8/2015,3184.0,3209.0,3185.0,3191.0,0.22,3142.0,760.2,619.0
EBL,9/9/2015,3191.0,3225.0,3200.0,3204.0,0.41,7309.0,760.2,619.0
EBL,9/10/2015,3204.0,3200.0,3180.0,3185.0,-0.59,2146.0,760.2,619.0
EBL,9/13/2015,3185.0,3210.0,3195.0,3205.0,0.63,2639.0,760.2,619.0
EBL,9/14/2015,3205.0,3300.0,3250.0,3265.0,1.87,5347.0,760.2,619.0
EBL,9/15/2015,3265.0,3305.0,3265.0,3290.0,0.77,6186.0,760.2,619.0
EBL,9/16/2015,3290.0,3335.0,3270.0,3280.0,-0.3,4901.0,760.2,619.0
EBL,9/17/2015,3280.0,3300.0,3201.0,3230.0,-1.52,3175.0,760.2,619.0
EBL,9/22/2015,3230.0,3178.0,3080.0,3080.0,-4.64,7256.0,760.2,619.0
EBL,9/23/2015,3080.0,3230.0,3141.0,3160.0,2.6,7823.0,760.2,619.0
EBL,9/24/2015,3160.0,3205.0,3135.0,3163.0,0.09,7788.0,760.2,619.0
EBL,9/28/2015,3163.0,3100.0,2921.0,3055.0,-3.41,23475.0,760.2,619.0
EBL,9/29/2015,3055.0,3090.0,3015.0,3080.0,0.82,10585.0,760.2,619.0
EBL,9/30/2015,3080.0,3343.0,3141.0,3290.0,6.82,25069.0,760.2,619.0
EBL,10/1/2015,3290.0,3300.0,3264.0,3300.0,0.3,27402.0,760.2,619.0
EBL,10/4/2015,3300.0,3570.0,3366.0,3430.0,3.94,32290.0,760.2,619.0
EBL,10/5/2015,3430.0,3401.0,3325.0,3345.0,-2.48,14916.0,760.2,619.0
EBL,10/6/2015,3345.0,3345.0,3200.0,3236.0,-3.26,14510.0,760.2,619.0
EBL,10/7/2015,3236.0,3250.0,3150.0,3220.0,-0.49,10111.0,760.2,619.0
EBL,10/8/2015,3220.0,3275.0,3160.0,3230.0,0.31,11440.0,760.2,619.0
EBL,10/11/2015,3230.0,3220.0,3160.0,3192.0,-1.18,5965.0,760.2,619.0
EBL,10/14/2015,3192.0,3214.0,3101.0,3140.0,-1.63,14155.0,760.2,619.0
EBL,10/15/2015,3140.0,3080.0,2950.0,3079.0,-1.94,23840.0,760.2,619.0
EBL,10/18/2015,3079.0,3018.0,2772.0,2772.0,-9.97,24148.0,760.2,619.0
EBL,10/19/2015,2772.0,2819.0,2772.0,2819.0,1.7,11279.0,760.2,619.0
EBL,10/25/2015,2819.0,2801.0,2761.0,2801.0,-0.64,2245.0,760.2,619.0
EBL,10/27/2015,2801.0,2789.0,2700.0,2702.0,-3.53,7667.0,760.2,619.0
EBL,10/28/2015,2702.0,2705.0,2592.0,2652.0,-1.85,5654.0,760.2,619.0
EBL,10/29/2015,2652.0,2730.0,2680.0,2695.0,1.62,7063.0,760.2,619.0
EBL,11/1/2015,2695.0,2730.0,2695.0,2722.0,1.0,4607.0,760.2,619.0
EBL,11/2/2015,2722.0,2760.0,2722.0,2730.0,0.29,5838.0,760.2,619.0
EBL,11/3/2015,2730.0,2718.0,2685.0,2715.0,-0.55,7363.0,760.2,619.0
EBL,11/4/2015,2715.0,2720.0,2690.0,2715.0,0.0,3550.0,760.2,619.0
EBL,11/5/2015,2715.0,2720.0,2700.0,2701.0,-0.52,4429.0,760.2,619.0
EBL,11/8/2015,2701.0,2700.0,2675.0,2675.0,-0.96,5109.0,760.2,619.0
EBL,11/9/2015,2675.0,2782.0,2728.0,2750.0,2.8,4368.0,760.2,619.0
EBL,11/10/2015,2750.0,2775.0,2750.0,2770.0,0.73,2072.0,760.2,619.0
EBL,11/15/2015,2770.0,2770.0,2700.0,2705.0,-2.35,6692.0,760.2,619.0
EBL,11/16/2015,2705.0,2715.0,2672.0,2700.0,-0.18,1987.0,760.2,619.0
EBL,11/18/2015,2700.0,2717.0,2650.0,2713.0,0.48,3767.0,760.2,619.0
EBL,11/19/2015,2713.0,2720.0,2681.0,2681.0,-1.18,5391.0,760.2,619.0
EBL,11/22/2015,2681.0,2695.0,2602.0,2620.0,-2.28,8504.0,760.2,619.0
EBL,11/23/2015,2620.0,2600.0,2510.0,2584.0,-1.37,6843.0,760.2,619.0
EBL,11/24/2015,2584.0,2650.0,2533.0,2572.0,-0.46,5097.0,760.2,619.0
EBL,11/25/2015,2572.0,2599.0,2536.0,2536.0,-1.4,5438.0,760.2,619.0
EBL,11/26/2015,2536.0,2535.0,2465.0,2500.0,-1.42,7772.0,760.2,619.0
EBL,11/29/2015,2500.0,2510.0,2436.0,2437.0,-2.52,17775.0,760.2,619.0
EBL,11/30/2015,2437.0,2534.0,2455.0,2501.0,2.63,25127.0,760.2,619.0
EBL,12/1/2015,1924.0,2014.0,1900.0,1990.0,-20.43,3297.0,760.2,619.0
EBL,12/2/2015,1990.0,1990.0,1945.0,1945.0,-2.26,2634.0,760.2,619.0
EBL,12/3/2015,1945.0,1995.0,1925.0,1960.0,0.77,2604.0,760.2,619.0
EBL,12/6/2015,1960.0,2089.0,1999.0,2074.0,5.82,7213.0,760.2,619.0
EBL,12/7/2015,2074.0,2190.0,2100.0,2130.0,2.7,7518.0,760.2,619.0
EBL,12/8/2015,2130.0,2121.0,2096.0,2115.0,-0.7,2796.0,760.2,619.0
EBL,12/9/2015,2115.0,2150.0,2120.0,2130.0,0.71,4018.0,760.2,619.0
EBL,12/10/2015,2130.0,2130.0,2096.0,2110.0,-0.94,2901.0,760.2,619.0
EBL,12/13/2015,2110.0,2100.0,2065.0,2075.0,-1.66,2461.0,760.2,619.0
EBL,12/14/2015,2075.0,2070.0,2042.0,2058.0,-0.82,2515.0,760.2,619.0
EBL,12/15/2015,2058.0,2055.0,2037.0,2049.0,-0.44,4057.0,760.2,619.0
EBL,12/16/2015,2049.0,2050.0,2010.0,2033.0,-0.78,3482.0,760.2,619.0
EBL,12/17/2015,2033.0,2020.0,1990.0,2000.0,-1.62,2657.0,760.2,619.0
EBL,12/20/2015,2000.0,2030.0,2000.0,2020.0,1.0,2481.0,760.2,619.0
EBL,12/21/2015,2020.0,2035.0,2000.0,2035.0,0.74,1872.0,760.2,619.0
EBL,12/22/2015,2035.0,2080.0,2045.0,2070.0,1.72,3160.0,760.2,619.0
EBL,12/23/2015,2070.0,2085.0,2050.0,2060.0,-0.48,4630.0,760.2,619.0
EBL,12/24/2015,2060.0,2065.0,2050.0,2060.0,0.0,2683.0,760.2,619.0
EBL,12/27/2015,2060.0,2060.0,2041.0,2055.0,-0.24,4875.0,760.2,619.0
EBL,12/28/2015,2055.0,2050.0,2036.0,2036.0,-0.92,3026.0,760.2,619.0
EBL,12/29/2015,2036.0,2067.0,2046.0,2055.0,0.93,4082.0,760.2,619.0
EBL,12/31/2015,2055.0,2090.0,2050.0,2051.0,-0.19,3447.0,760.2,619.0
EBL,1/3/2016,2051.0,2060.0,2040.0,2041.0,-0.49,3435.0,760.2,619.0
EBL,1/4/2016,2041.0,2055.0,2036.0,2050.0,0.44,4501.0,760.2,619.0
EBL,1/5/2016,2050.0,2048.0,2030.0,2035.0,-0.73,3039.0,760.2,619.0
EBL,1/6/2016,2035.0,2050.0,2035.0,2035.0,0.0,3804.0,760.2,619.0
EBL,1/7/2016,2035.0,2075.0,2040.0,2055.0,0.98,2482.0,760.2,619.0
EBL,1/10/2016,2055.0,2070.0,2055.0,2061.0,0.29,5051.0,760.2,619.0
EBL,1/11/2016,2061.0,2130.0,2065.0,2129.0,3.3,2303.0,760.2,619.0
EBL,1/12/2016,2129.0,2175.0,2140.0,2162.0,1.55,5642.0,760.2,619.0
EBL,1/13/2016,2162.0,2199.0,2167.0,2199.0,1.71,8529.0,760.2,619.0
EBL,1/14/2016,2199.0,2300.0,2200.0,2291.0,4.18,10242.0,760.2,619.0
EBL,1/17/2016,2291.0,2400.0,2336.0,2390.0,4.32,10569.0,760.2,619.0
EBL,1/18/2016,2390.0,2460.0,2362.0,2403.0,0.54,14800.0,760.2,619.0
EBL,1/19/2016,2403.0,2375.0,2325.0,2354.0,-2.04,10408.0,760.2,619.0
EBL,1/20/2016,2354.0,2368.0,2330.0,2340.0,-0.59,6593.0,760.2,619.0
EBL,1/21/2016,2340.0,2340.0,2310.0,2313.0,-1.15,5973.0,760.2,619.0
EBL,1/24/2016,2313.0,2359.0,2326.0,2350.0,1.6,12279.0,760.2,619.0
EBL,1/25/2016,2350.0,2397.0,2350.0,2355.0,0.21,3878.0,760.2,619.0
EBL,1/26/2016,2355.0,2355.0,2334.0,2334.0,-0.89,2642.0,760.2,619.0
EBL,1/27/2016,2334.0,2335.0,2315.0,2327.0,-0.3,2998.0,760.2,619.0
EBL,1/28/2016,2327.0,2315.0,2297.0,2315.0,-0.52,4470.0,760.2,619.0
EBL,1/31/2016,2315.0,2330.0,2300.0,2325.0,0.43,2796.0,760.2,619.0
EBL,2/1/2016,2325.0,2398.0,2340.0,2382.0,2.45,5816.0,760.2,619.0
EBL,2/2/2016,2382.0,2382.0,2340.0,2357.0,-1.05,4254.0,760.2,619.0
EBL,2/3/2016,2357.0,2356.0,2341.0,2344.0,-0.55,1429.0,760.2,619.0
EBL,2/4/2016,2344.0,2345.0,2325.0,2340.0,-0.17,2836.0,760.2,619.0
EBL,2/7/2016,2340.0,2395.0,2356.0,2380.0,1.71,11910.0,760.2,619.0
EBL,2/8/2016,2380.0,2400.0,2380.0,2390.0,0.42,3882.0,760.2,619.0
EBL,2/11/2016,2390.0,2404.0,2390.0,2400.0,0.42,6156.0,760.2,619.0
EBL,2/14/2016,2400.0,2380.0,2352.0,2375.0,-1.04,5710.0,760.2,619.0
EBL,2/15/2016,2375.0,2370.0,2343.0,2370.0,-0.21,4241.0,760.2,619.0
EBL,2/16/2016,2370.0,2382.0,2324.0,2365.0,-0.21,4986.0,760.2,619.0
EBL,2/17/2016,2365.0,2380.0,2330.0,2372.0,0.3,1816.0,760.2,619.0
EBL,2/18/2016,2372.0,2400.0,2375.0,2375.0,0.13,3467.0,760.2,619.0
EBL,2/21/2016,2375.0,2420.0,2380.0,2380.0,0.21,4496.0,760.2,619.0
EBL,2/22/2016,2380.0,2510.0,2379.0,2500.0,5.04,11004.0,760.2,619.0
EBL,2/23/2016,2500.0,2531.0,2425.0,2450.0,-2.0,9422.0,760.2,619.0
EBL,2/24/2016,2450.0,2420.0,2400.0,2415.0,-1.43,2729.0,760.2,619.0
EBL,2/25/2016,2415.0,2460.0,2400.0,2450.0,1.45,5411.0,760.2,619.0
EBL,2/28/2016,2450.0,2450.0,2425.0,2425.0,-1.02,4637.0,760.2,619.0
EBL,2/29/2016,2425.0,2423.0,2411.0,2423.0,-0.08,2033.0,760.2,619.0
EBL,3/1/2016,2423.0,2451.0,2405.0,2451.0,1.16,4335.0,760.2,619.0
EBL,3/2/2016,2451.0,2490.0,2450.0,2450.0,-0.04,6119.0,760.2,619.0
EBL,3/3/2016,2450.0,2460.0,2435.0,2441.0,-0.37,2327.0,760.2,619.0
EBL,3/6/2016,2441.0,2455.0,2420.0,2440.0,-0.04,2597.0,760.2,619.0
EBL,3/10/2016,2440.0,2460.0,2434.0,2460.0,0.82,5039.0,760.2,619.0
EBL,3/13/2016,2460.0,2475.0,2420.0,2435.0,-1.02,4642.0,760.2,619.0
EBL,3/14/2016,2435.0,2431.0,2420.0,2425.0,-0.41,3560.0,760.2,619.0
EBL,3/15/2016,2425.0,2424.0,2402.0,2420.0,-0.21,5840.0,760.2,619.0
EBL,3/16/2016,2420.0,2440.0,2415.0,2440.0,0.83,2678.0,760.2,619.0
EBL,3/17/2016,2440.0,2475.0,2430.0,2475.0,1.43,4899.0,760.2,619.0
EBL,3/20/2016,2475.0,2500.0,2480.0,2495.0,0.81,4602.0,760.2,619.0
EBL,3/21/2016,2495.0,2515.0,2485.0,2485.0,-0.4,10409.0,760.2,619.0
EBL,3/23/2016,2485.0,2580.0,2499.0,2575.0,3.62,12535.0,760.2,619.0
EBL,3/24/2016,2575.0,2670.0,2600.0,2670.0,3.69,21833.0,760.2,619.0
EBL,3/27/2016,2670.0,2850.0,2700.0,2800.0,4.87,21907.0,760.2,619.0
EBL,3/28/2016,2800.0,2850.0,2742.0,2785.0,-0.54,12534.0,760.2,619.0
EBL,3/29/2016,2785.0,2799.0,2740.0,2770.0,-0.54,11147.0,760.2,619.0
EBL,3/30/2016,2770.0,2770.0,2706.0,2706.0,-2.31,11844.0,760.2,619.0
EBL,3/31/2016,2706.0,2710.0,2690.0,2705.0,-0.04,9578.0,760.2,619.0
EBL,4/3/2016,2705.0,2720.0,2660.0,2690.0,-0.55,8328.0,760.2,619.0
EBL,4/4/2016,2690.0,2740.0,2690.0,2738.0,1.78,2409.0,760.2,619.0
EBL,4/5/2016,2738.0,2800.0,2720.0,2795.0,2.08,3422.0,760.2,619.0
EBL,4/6/2016,2795.0,2810.0,2761.0,2785.0,-0.36,3663.0,760.2,619.0
EBL,4/10/2016,2785.0,2795.0,2769.0,2786.0,0.04,7995.0,760.2,619.0
EBL,4/11/2016,2786.0,2800.0,2740.0,2799.0,0.47,3671.0,760.2,619.0
EBL,4/12/2016,2799.0,2808.0,2790.0,2802.0,0.11,3744.0,760.2,619.0
EBL,4/14/2016,2802.0,2825.0,2790.0,2815.0,0.46,2980.0,760.2,619.0
EBL,4/17/2016,2815.0,2890.0,2820.0,2851.0,1.28,7837.0,760.2,619.0
EBL,4/18/2016,2851.0,2909.0,2830.0,2885.0,1.19,9754.0,760.2,619.0
EBL,4/19/2016,2885.0,2970.0,2890.0,2905.0,0.69,10722.0,760.2,619.0
EBL,4/20/2016,2905.0,3000.0,2900.0,2920.0,0.52,70164.0,760.2,619.0
EBL,4/21/2016,2920.0,2940.0,2880.0,2925.0,0.17,17245.0,760.2,619.0
EBL,4/24/2016,2925.0,2929.0,2900.0,2925.0,0.0,10330.0,760.2,619.0
EBL,4/25/2016,2925.0,2915.0,2901.0,2915.0,-0.34,9331.0,760.2,619.0
EBL,4/26/2016,2915.0,2906.0,2891.0,2891.0,-0.82,11870.0,760.2,619.0
EBL,4/27/2016,2891.0,2907.0,2875.0,2900.0,0.31,11118.0,760.2,619.0
EBL,4/28/2016,2900.0,2950.0,2900.0,2900.0,0.0,12647.0,760.2,619.0
EBL,5/2/2016,2900.0,2988.0,2900.0,2975.0,2.59,20203.0,760.2,619.0
EBL,5/3/2016,2975.0,2999.0,2916.0,2991.0,0.54,26582.0,760.2,619.0
EBL,5/4/2016,2991.0,2997.0,2933.0,2979.0,-0.4,12182.0,760.2,619.0
EBL,5/5/2016,2979.0,2945.0,2880.0,2915.0,-2.15,24611.0,760.2,619.0
EBL,5/8/2016,2915.0,2935.0,2858.0,2918.0,0.1,11315.0,760.2,619.0
EBL,5/9/2016,2918.0,2930.0,2900.0,2928.0,0.34,12442.0,760.2,619.0
EBL,5/10/2016,2928.0,2939.0,2919.0,2925.0,-0.1,7239.0,760.2,619.0
EBL,5/11/2016,2925.0,2930.0,2901.0,2925.0,0.0,7659.0,760.2,619.0
EBL,5/12/2016,2925.0,2915.0,2900.0,2901.0,-0.82,6680.0,760.2,619.0
EBL,5/15/2016,2901.0,2890.0,2875.0,2885.0,-0.55,5017.0,760.2,619.0
EBL,5/16/2016,2885.0,2880.0,2850.0,2860.0,-0.87,5063.0,760.2,619.0
EBL,5/17/2016,2860.0,2875.0,2852.0,2870.0,0.35,9606.0,760.2,619.0
EBL,5/18/2016,2870.0,2920.0,2875.0,2910.0,1.39,5967.0,760.2,619.0
EBL,5/19/2016,2910.0,2915.0,2892.0,2892.0,-0.62,14385.0,760.2,619.0
EBL,5/22/2016,2892.0,2915.0,2900.0,2906.0,0.48,13066.0,760.2,619.0
EBL,5/23/2016,2906.0,2911.0,2890.0,2911.0,0.17,12055.0,760.2,619.0
EBL,5/24/2016,2911.0,3010.0,2910.0,2995.0,2.89,12202.0,760.2,619.0
EBL,5/25/2016,2995.0,3005.0,2900.0,2930.0,-2.17,16766.0,760.2,619.0
EBL,5/26/2016,2930.0,2950.0,2875.0,2940.0,0.34,16157.0,760.2,619.0
EBL,5/29/2016,2940.0,2940.0,2883.0,2891.0,-1.67,7467.0,760.2,619.0
EBL,5/30/2016,2891.0,2900.0,2852.0,2885.0,-0.21,5254.0,760.2,619.0
EBL,5/31/2016,2885.0,2890.0,2865.0,2878.0,-0.24,6330.0,760.2,619.0
EBL,6/1/2016,2878.0,2902.0,2850.0,2885.0,0.24,13908.0,760.2,619.0
EBL,6/2/2016,2885.0,2900.0,2860.0,2879.0,-0.21,4827.0,760.2,619.0
EBL,6/5/2016,2879.0,2845.0,2765.0,2784.0,-3.3,18225.0,760.2,619.0
EBL,6/6/2016,2784.0,2860.0,2790.0,2805.0,0.75,11744.0,760.2,619.0
EBL,6/7/2016,2805.0,2876.0,2800.0,2845.0,1.43,5674.0,760.2,619.0
EBL,6/8/2016,2845.0,2900.0,2790.0,2860.0,0.53,7116.0,760.2,619.0
EBL,6/9/2016,2860.0,2895.0,2830.0,2895.0,1.22,6427.0,760.2,619.0
EBL,6/12/2016,2895.0,3180.0,2897.0,3060.0,5.7,36394.0,760.2,619.0
EBL,6/13/2016,3060.0,3300.0,3090.0,3157.0,3.17,48112.0,760.2,619.0
EBL,6/14/2016,3157.0,3190.0,3115.0,3120.0,-1.17,18210.0,760.2,619.0
EBL,6/15/2016,3120.0,3160.0,3082.0,3090.0,-0.96,10545.0,760.2,619.0
EBL,6/16/2016,3090.0,3125.0,3060.0,3125.0,1.13,10769.0,760.2,619.0
EBL,6/19/2016,3125.0,3130.0,3085.0,3100.0,-0.8,9731.0,760.2,619.0
EBL,6/20/2016,3100.0,3100.0,3075.0,3075.0,-0.81,9532.0,760.2,619.0
EBL,6/21/2016,3075.0,3100.0,3070.0,3100.0,0.81,8824.0,760.2,619.0
EBL,6/22/2016,3100.0,3183.0,3060.0,3144.0,1.42,26271.0,760.2,619.0
EBL,6/23/2016,3144.0,3350.0,3140.0,3260.0,3.69,20966.0,760.2,619.0
EBL,6/26/2016,3260.0,3470.0,3250.0,3410.0,4.6,29998.0,760.2,619.0
EBL,6/27/2016,3410.0,3547.0,3410.0,3497.0,2.55,28593.0,760.2,619.0
EBL,6/28/2016,3497.0,3500.0,3400.0,3432.0,-1.86,18345.0,760.2,619.0
EBL,6/29/2016,3432.0,3440.0,3390.0,3410.0,-0.64,16150.0,760.2,619.0
EBL,6/30/2016,3410.0,3404.0,3300.0,3300.0,-3.23,16300.0,760.2,619.0
EBL,7/3/2016,3300.0,3350.0,3300.0,3320.0,0.61,18147.0,760.2,619.0
EBL,7/4/2016,3320.0,3400.0,3300.0,3379.0,1.78,20483.0,760.2,619.0
EBL,7/5/2016,3379.0,3383.0,3346.0,3355.0,-0.71,14713.0,760.2,619.0
EBL,7/6/2016,3355.0,3468.0,3300.0,3400.0,1.34,21614.0,760.2,619.0
EBL,7/10/2016,3400.0,3550.0,3410.0,3480.0,2.35,32118.0,760.2,619.0
EBL,7/11/2016,3480.0,3490.0,3380.0,3410.0,-2.01,6485.0,760.2,619.0
EBL,7/12/2016,3410.0,3440.0,3301.0,3395.0,-0.44,20913.0,760.2,619.0
EBL,7/13/2016,3395.0,3408.0,3283.0,3349.0,-1.35,10468.0,760.2,619.0
EBL,7/14/2016,3349.0,3430.0,3370.0,3385.0,1.07,10674.0,760.2,619.0
EBL,7/17/2016,3385.0,3450.0,3375.0,3400.0,0.44,10378.0,760.2,619.0
EBL,7/18/2016,3400.0,3450.0,3400.0,3406.0,0.18,13749.0,760.2,619.0
EBL,7/19/2016,3406.0,3468.0,3435.0,3465.0,1.73,9713.0,760.2,619.0
EBL,7/20/2016,3465.0,3480.0,3400.0,3405.0,-1.73,6757.0,760.2,619.0
EBL,7/21/2016,3405.0,3440.0,3400.0,3410.0,0.15,6976.0,760.2,619.0
EBL,7/25/2016,3410.0,3460.0,3401.0,3450.0,1.17,15487.0,760.2,619.0
EBL,7/26/2016,3450.0,3585.0,3430.0,3450.0,0.0,15435.0,760.2,619.0
EBL,7/27/2016,3450.0,3510.0,3471.0,3490.0,1.16,17732.0,760.2,619.0
EBL,7/28/2016,3490.0,3510.0,3450.0,3482.0,-0.23,14915.0,760.2,619.0
EBL,7/31/2016,3482.0,3483.0,3445.0,3450.0,-0.92,10784.0,760.2,619.0
EBL,8/1/2016,3450.0,3434.0,3390.0,3410.0,-1.16,8326.0,760.2,619.0
EBL,8/2/2016,3410.0,3409.0,3382.0,3383.0,-0.79,9838.0,760.2,619.0
EBL,8/3/2016,3383.0,3383.0,3310.0,3370.0,-0.38,4866.0,760.2,619.0
EBL,8/4/2016,3370.0,3366.0,3280.0,3300.0,-2.08,16399.0,760.2,619.0
EBL,8/7/2016,3300.0,3345.0,3251.0,3251.0,-1.48,26557.0,760.2,619.0
EBL,8/8/2016,3251.0,3339.0,3125.0,3125.0,-3.88,9279.0,760.2,619.0
EBL,8/9/2016,3125.0,3350.0,3187.0,3250.0,4.0,12894.0,760.2,619.0
EBL,8/10/2016,3250.0,3315.0,3176.0,3225.0,-0.77,14898.0,760.2,619.0
EBL,8/11/2016,3225.0,3250.0,3206.0,3248.0,0.71,7389.0,760.2,619.0
EBL,8/14/2016,3248.0,3238.0,3126.0,3190.0,-1.79,13860.0,760.2,619.0
EBL,8/15/2016,3190.0,3180.0,3050.0,3098.0,-2.88,18180.0,760.2,619.0
EBL,8/16/2016,3098.0,3159.0,3052.0,3115.0,0.55,13220.0,760.2,619.0
EBL,8/17/2016,3115.0,3243.0,3177.0,3215.0,3.21,4167.0,760.2,619.0
EBL,8/21/2016,3215.0,3250.0,3195.0,3200.0,-0.47,9996.0,760.2,619.0
EBL,8/22/2016,3200.0,3175.0,3117.0,3135.0,-2.03,6953.0,760.2,619.0
EBL,8/23/2016,3135.0,3150.0,3081.0,3110.0,-0.8,12313.0,760.2,619.0
EBL,8/24/2016,3110.0,3300.0,3150.0,3240.0,4.18,9665.0,760.2,619.0
EBL,8/28/2016,3240.0,3380.0,3236.0,3298.0,1.79,14333.0,760.2,619.0
EBL,8/29/2016,3298.0,3325.0,3270.0,3290.0,-0.24,9159.0,760.2,619.0
EBL,8/30/2016,3290.0,3333.0,3300.0,3319.0,0.88,9259.0,760.2,619.0
EBL,8/31/2016,3319.0,3395.0,3319.0,3380.0,1.84,6118.0,760.2,619.0
EBL,9/1/2016,3380.0,3414.0,3375.0,3406.0,0.77,12798.0,760.2,619.0
EBL,9/3/2016,3406.0,3510.0,3430.0,3500.0,2.76,23527.0,760.2,619.0
EBL,9/4/2016,3406.0,3510.0,3430.0,3500.0,0.0,23527.0,760.2,619.0
EBL,9/5/2016,3500.0,3639.0,3500.0,3587.0,2.49,24630.0,760.2,619.0
EBL,9/6/2016,3587.0,3655.0,3500.0,3562.0,-0.7,29535.0,760.2,619.0
EBL,9/7/2016,3562.0,3540.0,3480.0,3500.0,-1.74,20993.0,760.2,619.0
EBL,9/8/2016,3500.0,3535.0,3480.0,3529.0,0.83,23972.0,760.2,619.0
EBL,9/11/2016,3529.0,3599.0,3500.0,3542.0,0.37,12588.0,760.2,619.0
EBL,9/12/2016,3542.0,3542.0,3500.0,3531.0,-0.31,11721.0,760.2,619.0
EBL,9/14/2016,3531.0,3540.0,3515.0,3516.0,-0.42,10423.0,760.2,619.0
EBL,9/18/2016,3516.0,3502.0,3462.0,3480.0,-1.02,6427.0,760.2,619.0
EBL,9/20/2016,3480.0,3510.0,3395.0,3400.0,-2.3,8919.0,760.2,619.0
EBL,9/21/2016,3400.0,3405.0,3348.0,3380.0,-0.59,8355.0,760.2,619.0
EBL,9/22/2016,3380.0,3400.0,3350.0,3360.0,-0.59,10922.0,760.2,619.0
EBL,9/25/2016,3360.0,3490.0,3350.0,3450.0,2.68,34094.0,760.2,619.0
EBL,9/26/2016,3450.0,3599.0,3460.0,3599.0,4.32,63817.0,760.2,619.0
EBL,9/27/2016,3599.0,3700.0,3542.0,3595.0,-0.11,32067.0,760.2,619.0
EBL,9/28/2016,3595.0,3601.0,3536.0,3551.0,-1.22,8891.0,760.2,619.0
EBL,9/29/2016,3551.0,3574.0,3505.0,3540.0,-0.31,10709.0,760.2,619.0
EBL,10/2/2016,3540.0,3600.0,3530.0,3535.0,-0.14,11942.0,760.2,619.0
EBL,10/3/2016,3535.0,3610.0,3552.0,3585.0,1.41,18674.0,760.2,619.0
EBL,10/4/2016,3585.0,3640.0,3540.0,3640.0,1.53,26741.0,760.2,619.0
EBL,10/5/2016,3640.0,3750.0,3642.0,3750.0,3.02,28172.0,760.2,619.0
EBL,10/6/2016,3750.0,3824.0,3700.0,3721.0,-0.77,17078.0,760.2,619.0
EBL,10/16/2016,3721.0,3750.0,3650.0,3666.0,-1.48,6479.0,760.2,619.0
EBL,10/17/2016,3666.0,3700.0,3621.0,3649.0,-0.46,6978.0,760.2,619.0
EBL,10/18/2016,3649.0,3660.0,3600.0,3640.0,-0.25,6897.0,760.2,619.0
EBL,10/19/2016,3640.0,3650.0,3611.0,3629.0,-0.3,4630.0,760.2,619.0
EBL,10/20/2016,3629.0,3718.0,3630.0,3689.0,1.65,17133.0,760.2,619.0
EBL,10/23/2016,3689.0,3718.0,3666.0,3679.0,-0.27,14551.0,760.2,619.0
EBL,10/24/2016,3679.0,3680.0,3596.0,3601.0,-2.12,21299.0,760.2,619.0
EBL,10/25/2016,3601.0,3648.0,3546.0,3550.0,-1.42,14256.0,760.2,619.0
EBL,10/26/2016,3550.0,3600.0,3505.0,3556.0,0.17,10118.0,760.2,619.0
EBL,10/27/2016,3556.0,3600.0,3550.0,3573.0,0.48,5858.0,760.2,619.0
EBL,11/3/2016,3573.0,3665.0,3530.0,3665.0,2.57,9483.0,760.2,619.0
EBL,11/7/2016,3665.0,3698.0,3626.0,3650.0,-0.41,12995.0,760.2,619.0
EBL,11/8/2016,3650.0,3650.0,3562.0,3565.0,-2.33,5245.0,760.2,619.0
EBL,11/9/2016,3565.0,3595.0,3456.0,3550.0,-0.42,10521.0,760.2,619.0
EBL,11/10/2016,3550.0,3650.0,3500.0,3544.0,-0.17,10249.0,760.2,619.0
EBL,11/13/2016,3544.0,3665.0,3522.0,3650.0,2.99,56342.0,760.2,619.0
EBL,11/14/2016,3650.0,3797.0,3674.0,3690.0,1.1,33381.0,760.2,619.0
EBL,11/15/2016,3690.0,3725.0,3695.0,3706.0,0.43,46810.0,760.2,619.0
EBL,11/16/2016,3706.0,3900.0,3706.0,3795.0,2.4,102479.0,760.2,619.0
EBL,11/17/2016,3795.0,3920.0,3622.0,3629.0,-4.37,139771.0,760.2,619.0
EBL,11/20/2016,3629.0,3630.0,3381.0,3510.0,-3.28,53221.0,760.2,619.0
EBL,11/21/2016,3510.0,3570.0,3470.0,3523.0,0.37,36457.0,760.2,619.0
EBL,11/22/2016,3523.0,3515.0,3400.0,3460.0,-1.79,26354.0,760.2,619.0
EBL,11/23/2016,3460.0,3470.0,3340.0,3340.0,-3.47,52025.0,760.2,619.0
EBL,11/24/2016,3340.0,3450.0,3230.0,3285.0,-1.65,39182.0,760.2,619.0
EBL,11/27/2016,3285.0,3350.0,3090.0,3155.0,-3.96,35330.0,760.2,619.0
EBL,11/28/2016,3155.0,3249.0,2985.0,3215.0,1.9,52678.0,760.2,619.0
EBL,11/29/2016,3215.0,3275.0,3050.0,3230.0,0.47,47939.0,760.2,619.0
EBL,11/30/2016,3230.0,3320.0,3215.0,3299.0,2.14,61472.0,760.2,619.0
EBL,12/1/2016,3299.0,3364.0,3270.0,3270.0,-0.88,28521.0,760.2,619.0
EBL,12/4/2016,3270.0,3335.0,3240.0,3275.0,0.15,17354.0,760.2,619.0
EBL,12/5/2016,3275.0,3300.0,3235.0,3235.0,-1.22,13458.0,760.2,619.0
EBL,12/6/2016,3235.0,3265.0,3220.0,3249.0,0.43,14036.0,760.2,619.0
EBL,12/7/2016,3249.0,3260.0,3238.0,3248.0,-0.03,11330.0,760.2,619.0
EBL,12/8/2016,3248.0,3260.0,3230.0,3249.0,0.03,11310.0,760.2,619.0
EBL,12/11/2016,3249.0,3260.0,3210.0,3212.0,-1.14,9818.0,760.2,619.0
EBL,12/12/2016,3212.0,3220.0,3148.0,3160.0,-1.62,31127.0,760.2,619.0
EBL,12/14/2016,3160.0,3250.0,3161.0,3230.0,2.22,30050.0,760.2,619.0
EBL,12/15/2016,3230.0,3299.0,3220.0,3283.0,1.64,25459.0,760.2,619.0
EBL,12/18/2016,3283.0,3299.0,3280.0,3299.0,0.49,46640.0,760.2,619.0
EBL,12/19/2016,3299.0,3310.0,3266.0,3271.0,-0.85,50053.0,760.2,619.0
EBL,12/20/2016,3271.0,3268.0,3182.0,3190.0,-2.48,90630.0,760.2,619.0
EBL,12/21/2016,1876.0,1840.0,1770.0,1800.0,-43.57,21562.0,760.2,619.0
EBL,12/22/2016,1800.0,1810.0,1780.0,1810.0,0.56,10387.0,760.2,619.0
EBL,12/26/2016,1810.0,1806.0,1692.0,1700.0,-6.08,20191.0,760.2,619.0
EBL,12/27/2016,1700.0,1699.0,1640.0,1655.0,-2.65,14804.0,760.2,619.0
EBL,12/28/2016,1655.0,1690.0,1645.0,1672.0,1.03,13808.0,760.2,619.0
EBL,12/29/2016,1672.0,1750.0,1685.0,1710.0,2.27,14961.0,760.2,619.0
EBL,1/1/2017,1710.0,1820.0,1740.0,1805.0,5.56,15605.0,760.2,619.0
EBL,1/2/2017,1805.0,1849.0,1807.0,1849.0,2.44,16816.0,760.2,619.0
EBL,1/3/2017,1849.0,1850.0,1800.0,1825.0,-1.3,15101.0,760.2,619.0
EBL,1/4/2017,1825.0,1820.0,1800.0,1800.0,-1.37,10676.0,760.2,619.0
EBL,1/5/2017,1800.0,1840.0,1810.0,1825.0,1.39,8780.0,760.2,619.0
EBL,1/8/2017,1825.0,1835.0,1820.0,1835.0,0.55,8118.0,760.2,619.0
EBL,1/9/2017,1835.0,1860.0,1830.0,1850.0,0.82,4900.0,760.2,619.0
EBL,1/10/2017,1850.0,1937.0,1852.0,1919.0,3.73,5559.0,760.2,619.0
EBL,1/11/2017,1919.0,1957.0,1925.0,1925.0,0.31,12013.0,760.2,619.0
EBL,1/12/2017,1925.0,1950.0,1925.0,1925.0,0.0,5513.0,760.2,619.0
EBL,1/15/2017,1925.0,1939.0,1920.0,1939.0,0.73,3244.0,760.2,619.0
EBL,1/16/2017,1939.0,1944.0,1915.0,1915.0,-1.24,3338.0,760.2,619.0
EBL,1/17/2017,1915.0,1905.0,1887.0,1900.0,-0.78,3601.0,760.2,619.0
EBL,1/18/2017,1900.0,1900.0,1880.0,1896.0,-0.21,1478.0,760.2,619.0
EBL,1/19/2017,1896.0,1910.0,1891.0,1894.0,-0.11,4481.0,760.2,619.0
EBL,1/22/2017,1894.0,1900.0,1880.0,1900.0,0.32,2075.0,760.2,619.0
EBL,1/23/2017,1900.0,1900.0,1870.0,1885.0,-0.79,4996.0,760.2,619.0
EBL,1/24/2017,1885.0,1870.0,1840.0,1840.0,-2.39,3692.0,760.2,619.0
EBL,1/25/2017,1840.0,1820.0,1720.0,1780.0,-3.26,5827.0,760.2,619.0
EBL,1/26/2017,1780.0,1780.0,1695.0,1740.0,-2.25,9888.0,760.2,619.0
EBL,1/30/2017,1740.0,1730.0,1651.0,1685.0,-3.16,9403.0,760.2,619.0
EBL,1/31/2017,1685.0,1780.0,1661.0,1715.0,1.78,6676.0,760.2,619.0
EBL,2/1/2017,1715.0,1800.0,1749.0,1770.0,3.21,7105.0,760.2,619.0
EBL,2/2/2017,1770.0,1820.0,1760.0,1763.0,-0.4,7053.0,760.2,619.0
EBL,2/5/2017,1763.0,1763.0,1700.0,1750.0,-0.74,1854.0,760.2,619.0
EBL,2/6/2017,1750.0,1765.0,1745.0,1745.0,-0.29,3036.0,760.2,619.0
EBL,2/7/2017,1745.0,1750.0,1725.0,1725.0,-1.15,7305.0,760.2,619.0
EBL,2/8/2017,1725.0,1730.0,1686.0,1698.0,-1.57,11861.0,760.2,619.0
EBL,2/9/2017,1698.0,1699.0,1665.0,1665.0,-1.94,9545.0,760.2,619.0
EBL,2/12/2017,1665.0,1660.0,1600.0,1615.0,-3.0,8855.0,760.2,619.0
EBL,2/13/2017,1615.0,1650.0,1566.0,1641.0,1.61,8331.0,760.2,619.0
EBL,2/14/2017,1641.0,1670.0,1610.0,1655.0,0.85,6617.0,760.2,619.0
EBL,2/15/2017,1655.0,1709.0,1650.0,1707.0,3.14,7379.0,760.2,619.0
EBL,2/16/2017,1707.0,1760.0,1700.0,1726.0,1.11,9877.0,760.2,619.0
EBL,2/19/2017,1726.0,1750.0,1706.0,1745.0,1.1,6419.0,760.2,619.0
EBL,2/20/2017,1745.0,1805.0,1740.0,1763.0,1.03,8380.0,760.2,619.0
EBL,2/21/2017,1763.0,1820.0,1735.0,1740.0,-1.3,5584.0,760.2,619.0
EBL,2/22/2017,1740.0,1765.0,1706.0,1719.0,-1.21,2555.0,760.2,619.0
EBL,2/23/2017,1719.0,1730.0,1685.0,1710.0,-0.52,6856.0,760.2,619.0
EBL,2/26/2017,1710.0,1730.0,1696.0,1710.0,0.0,6117.0,760.2,619.0
EBL,2/28/2017,1710.0,1700.0,1680.0,1681.0,-1.7,6173.0,760.2,619.0
EBL,3/1/2017,1681.0,1746.0,1700.0,1700.0,1.13,3305.0,760.2,619.0
EBL,3/2/2017,1700.0,1720.0,1700.0,1714.0,0.82,3316.0,760.2,619.0
EBL,3/5/2017,1714.0,1751.0,1725.0,1740.0,1.52,3347.0,760.2,619.0
EBL,3/6/2017,1740.0,1758.0,1739.0,1742.0,0.11,3999.0,760.2,619.0
EBL,3/7/2017,1742.0,1730.0,1709.0,1727.0,-0.86,2926.0,760.2,619.0
EBL,3/9/2017,1727.0,1735.0,1730.0,1730.0,0.17,2681.0,760.2,619.0
EBL,3/13/2017,1730.0,1740.0,1730.0,1740.0,0.58,2385.0,760.2,619.0
EBL,3/14/2017,1740.0,1740.0,1715.0,1716.0,-1.38,3337.0,760.2,619.0
EBL,3/15/2017,1716.0,1730.0,1700.0,1723.0,0.41,3733.0,760.2,619.0
EBL,3/16/2017,1723.0,1735.0,1715.0,1715.0,-0.46,2636.0,760.2,619.0
EBL,3/19/2017,1715.0,1730.0,1710.0,1723.0,0.47,5127.0,760.2,619.0
EBL,3/20/2017,1723.0,1760.0,1745.0,1758.0,2.03,5197.0,760.2,619.0
EBL,3/21/2017,1758.0,1809.0,1750.0,1800.0,2.39,7666.0,760.2,619.0
EBL,3/22/2017,1800.0,1890.0,1815.0,1835.0,1.94,12493.0,760.2,619.0
EBL,3/23/2017,1835.0,1850.0,1810.0,1850.0,0.82,8004.0,760.2,619.0
EBL,3/26/2017,1850.0,1892.0,1835.0,1876.0,1.41,17283.0,760.2,619.0
EBL,3/28/2017,1876.0,1989.0,1900.0,1989.0,6.02,9601.0,760.2,619.0
EBL,3/29/2017,1989.0,2030.0,1950.0,1960.0,-1.46,22767.0,760.2,619.0
EBL,3/30/2017,1960.0,1999.0,1900.0,1945.0,-0.77,9238.0,760.2,619.0
EBL,4/2/2017,1945.0,2014.0,1950.0,2014.0,3.55,9308.0,760.2,619.0
EBL,4/3/2017,2014.0,2140.0,1990.0,2000.0,-0.7,15591.0,760.2,619.0
EBL,4/4/2017,2000.0,2010.0,1940.0,1994.0,-0.3,13813.0,760.2,619.0
EBL,4/6/2017,1994.0,2010.0,1975.0,2000.0,0.3,18388.0,760.2,619.0
EBL,4/9/2017,2000.0,2060.0,1990.0,2045.0,2.25,20148.0,760.2,619.0
EBL,4/10/2017,2045.0,2100.0,2030.0,2075.0,1.47,16618.0,760.2,619.0
EBL,4/11/2017,2075.0,2142.0,2085.0,2100.0,1.2,17207.0,760.2,619.0
EBL,4/12/2017,2100.0,2140.0,2080.0,2082.0,-0.86,19474.0,760.2,619.0
EBL,4/13/2017,2082.0,2100.0,2000.0,2080.0,-0.1,7507.0,760.2,619.0
EBL,4/16/2017,2080.0,2100.0,2030.0,2049.0,-1.49,6466.0,760.2,619.0
EBL,4/18/2017,2049.0,2009.0,1845.0,1845.0,-9.96,38872.0,760.2,619.0
EBL,4/19/2017,1845.0,1950.0,1781.0,1925.0,4.34,15738.0,760.2,619.0
EBL,4/20/2017,1925.0,1960.0,1853.0,1871.0,-2.81,15995.0,760.2,619.0
EBL,4/23/2017,1871.0,1950.0,1892.0,1910.0,2.08,13822.0,760.2,619.0
EBL,4/24/2017,1910.0,1948.0,1881.0,1890.0,-1.05,5702.0,760.2,619.0
EBL,4/25/2017,1890.0,1900.0,1843.0,1880.0,-0.53,3552.0,760.2,619.0
EBL,4/26/2017,1880.0,1880.0,1869.0,1869.0,-0.59,3451.0,760.2,619.0
EBL,4/27/2017,1869.0,1885.0,1851.0,1885.0,0.86,8111.0,760.2,619.0
EBL,4/30/2017,1885.0,1899.0,1848.0,1851.0,-1.8,2862.0,760.2,619.0
EBL,5/2/2017,1851.0,1865.0,1819.0,1860.0,0.49,5178.0,760.2,619.0
EBL,5/3/2017,1860.0,1886.0,1790.0,1801.0,-3.17,16393.0,760.2,619.0
EBL,5/4/2017,1801.0,1890.0,1820.0,1843.0,2.33,11922.0,760.2,619.0
EBL,5/7/2017,1843.0,1841.0,1811.0,1820.0,-1.25,7045.0,760.2,619.0
EBL,5/8/2017,1820.0,1826.0,1806.0,1812.0,-0.44,4127.0,760.2,619.0
EBL,5/9/2017,1812.0,1829.0,1810.0,1820.0,0.44,2569.0,760.2,619.0
EBL,5/11/2017,1820.0,1823.0,1797.0,1803.0,-0.93,8093.0,760.2,619.0
EBL,5/15/2017,1803.0,1810.0,1786.0,1790.0,-0.72,10873.0,760.2,619.0
EBL,5/16/2017,1790.0,1800.0,1766.0,1770.0,-1.12,7073.0,760.2,619.0
EBL,5/17/2017,1770.0,1800.0,1758.0,1760.0,-0.56,6310.0,760.2,619.0
EBL,5/18/2017,1760.0,1765.0,1746.0,1750.0,-0.57,8446.0,760.2,619.0
EBL,5/21/2017,1750.0,1775.0,1710.0,1715.0,-2.0,7858.0,760.2,619.0
EBL,5/22/2017,1715.0,1700.0,1666.0,1677.0,-2.22,7425.0,760.2,619.0
EBL,5/23/2017,1677.0,1700.0,1675.0,1690.0,0.78,13086.0,760.2,619.0
EBL,5/24/2017,1690.0,1700.0,1665.0,1698.0,0.47,7987.0,760.2,619.0
EBL,5/28/2017,1698.0,1700.0,1670.0,1679.0,-1.12,8035.0,760.2,619.0
EBL,5/30/2017,1679.0,1680.0,1651.0,1665.0,-0.83,9628.0,760.2,619.0
EBL,5/31/2017,1665.0,1700.0,1650.0,1690.0,1.5,8459.0,760.2,619.0
EBL,6/1/2017,1690.0,1710.0,1678.0,1681.0,-0.53,7565.0,760.2,619.0
EBL,6/4/2017,1681.0,1682.0,1675.0,1682.0,0.06,4930.0,760.2,619.0
EBL,6/5/2017,1682.0,1696.0,1685.0,1689.0,0.42,5874.0,760.2,619.0
EBL,6/6/2017,1689.0,1760.0,1693.0,1760.0,4.2,8619.0,760.2,619.0
EBL,6/7/2017,1760.0,1800.0,1740.0,1740.0,-1.14,10385.0,760.2,619.0
EBL,6/8/2017,1740.0,1748.0,1700.0,1739.0,-0.06,9122.0,760.2,619.0
EBL,6/11/2017,1739.0,1712.0,1680.0,1690.0,-2.82,11907.0,760.2,619.0
EBL,6/12/2017,1690.0,1689.0,1660.0,1684.0,-0.36,9164.0,760.2,619.0
EBL,6/13/2017,1684.0,1747.0,1680.0,1720.0,2.14,27508.0,760.2,619.0
EBL,6/14/2017,1720.0,1755.0,1735.0,1740.0,1.16,30055.0,760.2,619.0
EBL,6/15/2017,1740.0,1750.0,1720.0,1724.0,-0.92,35929.0,760.2,619.0
EBL,6/18/2017,1724.0,1726.0,1690.0,1695.0,-1.68,40182.0,760.2,619.0
EBL,6/19/2017,1695.0,1710.0,1660.0,1665.0,-1.77,35462.0,760.2,619.0
EBL,6/20/2017,1665.0,1697.0,1632.0,1665.0,0.0,54285.0,760.2,619.0
EBL,6/21/2017,1274.0,1330.0,1270.0,1318.0,-20.84,31422.0,760.2,619.0
EBL,6/22/2017,1318.0,1390.0,1330.0,1380.0,4.7,30402.0,760.2,619.0
EBL,6/25/2017,1380.0,1426.0,1391.0,1415.0,2.54,34408.0,760.2,619.0
EBL,6/27/2017,1415.0,1426.0,1400.0,1400.0,-1.06,17064.0,760.2,619.0
EBL,6/28/2017,1400.0,1392.0,1365.0,1365.0,-2.5,7852.0,760.2,619.0
EBL,7/2/2017,1365.0,1370.0,1322.0,1323.0,-3.08,12601.0,760.2,619.0
EBL,7/3/2017,1323.0,1355.0,1330.0,1348.0,1.89,6786.0,760.2,619.0
EBL,7/4/2017,1348.0,1365.0,1350.0,1355.0,0.52,6812.0,760.2,619.0
EBL,7/5/2017,1355.0,1361.0,1335.0,1350.0,-0.37,7801.0,760.2,619.0
EBL,7/6/2017,1350.0,1366.0,1350.0,1355.0,0.37,8990.0,760.2,619.0
EBL,7/9/2017,1355.0,1400.0,1356.0,1362.0,0.52,10674.0,760.2,619.0
EBL,7/10/2017,1362.0,1369.0,1350.0,1355.0,-0.51,6277.0,760.2,619.0
EBL,7/11/2017,1355.0,1365.0,1356.0,1356.0,0.07,8918.0,760.2,619.0
EBL,7/12/2017,1356.0,1360.0,1350.0,1358.0,0.15,5915.0,760.2,619.0
EBL,7/13/2017,1358.0,1358.0,1350.0,1353.0,-0.37,8748.0,760.2,619.0
EBL,7/16/2017,1353.0,1375.0,1356.0,1368.0,1.11,4432.0,760.2,619.0
EBL,7/17/2017,1368.0,1367.0,1360.0,1363.0,-0.37,6497.0,760.2,619.0
EBL,7/18/2017,1363.0,1385.0,1367.0,1375.0,0.88,8420.0,760.2,619.0
EBL,7/19/2017,1375.0,1400.0,1377.0,1393.0,1.31,15048.0,760.2,619.0
EBL,7/20/2017,1393.0,1404.0,1393.0,1395.0,0.14,8936.0,760.2,619.0
EBL,7/23/2017,1395.0,1400.0,1383.0,1386.0,-0.65,7292.0,760.2,619.0
EBL,7/24/2017,1386.0,1396.0,1359.0,1380.0,-0.43,6786.0,760.2,619.0
EBL,7/25/2017,1380.0,1395.0,1355.0,1377.0,-0.22,5433.0,760.2,619.0
EBL,7/26/2017,1377.0,1376.0,1360.0,1365.0,-0.87,5914.0,760.2,619.0
EBL,7/27/2017,1365.0,1376.0,1361.0,1371.0,0.44,5911.0,760.2,619.0
EBL,7/30/2017,1371.0,1380.0,1360.0,1375.0,0.29,5863.0,760.2,619.0
EBL,7/31/2017,1375.0,1400.0,1375.0,1385.0,0.73,8396.0,760.2,619.0
EBL,8/1/2017,1385.0,1398.0,1392.0,1396.0,0.79,10213.0,760.2,619.0
EBL,8/2/2017,1396.0,1408.0,1396.0,1401.0,0.36,17364.0,760.2,619.0
EBL,8/3/2017,1401.0,1411.0,1402.0,1405.0,0.29,9458.0,760.2,619.0
EBL,8/6/2017,1405.0,1429.0,1405.0,1420.0,1.07,14094.0,760.2,619.0
EBL,8/7/2017,1420.0,1430.0,1408.0,1415.0,-0.35,13195.0,760.2,619.0
EBL,8/9/2017,1415.0,1417.0,1403.0,1405.0,-0.71,11217.0,760.2,619.0
EBL,8/10/2017,1405.0,1415.0,1390.0,1401.0,-0.28,16438.0,760.2,619.0
EBL,8/13/2017,1401.0,1410.0,1398.0,1398.0,-0.21,9548.0,760.2,619.0
EBL,8/15/2017,1398.0,1395.0,1375.0,1376.0,-1.57,5099.0,760.2,619.0
EBL,8/16/2017,1376.0,1400.0,1365.0,1367.0,-0.65,4881.0,760.2,619.0
EBL,8/17/2017,1367.0,1375.0,1367.0,1374.0,0.51,3024.0,760.2,619.0
EBL,8/20/2017,1374.0,1370.0,1334.0,1340.0,-2.47,9838.0,760.2,619.0
EBL,8/21/2017,1340.0,1340.0,1321.0,1339.0,-0.07,4343.0,760.2,619.0
EBL,8/22/2017,1339.0,1339.0,1300.0,1315.0,-1.79,12027.0,760.2,619.0
EBL,8/23/2017,1315.0,1350.0,1315.0,1315.0,0.0,5849.0,760.2,619.0
EBL,8/24/2017,1315.0,1325.0,1311.0,1325.0,0.76,3861.0,760.2,619.0
EBL,8/27/2017,1325.0,1325.0,1315.0,1318.0,-0.53,10484.0,760.2,619.0
EBL,8/28/2017,1318.0,1322.0,1301.0,1307.0,-0.83,9266.0,760.2,619.0
EBL,8/30/2017,1307.0,1320.0,1295.0,1304.0,-0.23,11313.0,760.2,619.0
EBL,8/31/2017,1304.0,1301.0,1288.0,1299.0,-0.38,7943.0,760.2,619.0
EBL,9/4/2017,1299.0,1300.0,1260.0,1266.0,-2.54,10524.0,760.2,619.0
EBL,9/6/2017,1266.0,1298.0,1260.0,1270.0,0.32,6634.0,760.2,619.0
EBL,9/7/2017,1270.0,1280.0,1265.0,1272.0,0.16,5509.0,760.2,619.0
EBL,9/10/2017,1272.0,1260.0,1225.0,1225.0,-3.69,7963.0,760.2,619.0
EBL,9/11/2017,1225.0,1240.0,1219.0,1225.0,0.0,4931.0,760.2,619.0
EBL,9/12/2017,1225.0,1227.0,1205.0,1210.0,-1.22,5711.0,760.2,619.0
EBL,9/13/2017,1210.0,1210.0,1170.0,1190.0,-1.65,10841.0,760.2,619.0
EBL,9/14/2017,1190.0,1241.0,1190.0,1240.0,4.2,7278.0,760.2,619.0
EBL,9/17/2017,1240.0,1299.0,1260.0,1272.0,2.58,11685.0,760.2,619.0
EBL,9/18/2017,1272.0,1291.0,1228.0,1232.0,-3.14,22228.0,760.2,619.0
EBL,9/20/2017,1232.0,1220.0,1191.0,1207.0,-2.03,22886.0,760.2,619.0
EBL,9/24/2017,1207.0,1219.0,1200.0,1205.0,-0.17,7959.0,760.2,619.0
EBL,9/25/2017,1205.0,1220.0,1207.0,1220.0,1.24,6754.0,760.2,619.0
EBL,9/26/2017,1220.0,1235.0,1220.0,1225.0,0.41,5330.0,760.2,619.0
EBL,10/3/2017,1225.0,1240.0,1225.0,1240.0,1.22,185.0,760.2,619.0
EBL,10/4/2017,1240.0,1260.0,1215.0,1228.0,-0.97,4780.0,760.2,619.0
EBL,10/8/2017,1228.0,1220.0,1180.0,1204.0,-1.95,5691.0,760.2,619.0
EBL,10/9/2017,1204.0,1206.0,1180.0,1196.0,-0.66,7219.0,760.2,619.0
EBL,10/10/2017,1196.0,1205.0,1190.0,1199.0,0.25,10473.0,760.2,619.0
EBL,10/11/2017,1199.0,1216.0,1198.0,1198.0,-0.08,7058.0,760.2,619.0
EBL,10/12/2017,1198.0,1215.0,1200.0,1210.0,1.0,4484.0,760.2,619.0
EBL,10/15/2017,1210.0,1210.0,1195.0,1210.0,0.0,2976.0,760.2,619.0
EBL,10/16/2017,1210.0,1245.0,1215.0,1240.0,2.48,4227.0,760.2,619.0
EBL,10/17/2017,1240.0,1247.0,1231.0,1243.0,0.24,6138.0,760.2,619.0
EBL,10/18/2017,1243.0,1245.0,1238.0,1241.0,-0.16,5251.0,760.2,619.0
EBL,10/22/2017,1241.0,1265.0,1245.0,1245.0,0.32,2343.0,760.2,619.0
EBL,10/23/2017,1245.0,1248.0,1240.0,1241.0,-0.32,4095.0,760.2,619.0
EBL,10/24/2017,1241.0,1246.0,1226.0,1238.0,-0.24,3647.0,760.2,619.0
EBL,10/25/2017,1238.0,1235.0,1215.0,1221.0,-1.37,6244.0,760.2,619.0
EBL,10/29/2017,1221.0,1245.0,1190.0,1206.0,-1.23,5153.0,760.2,619.0
EBL,10/30/2017,1206.0,1212.0,1195.0,1208.0,0.17,6961.0,760.2,619.0
EBL,10/31/2017,1208.0,1231.0,1191.0,1200.0,-0.66,6353.0,760.2,619.0
EBL,11/1/2017,1200.0,1200.0,1177.0,1195.0,-0.42,5515.0,760.2,619.0
EBL,11/2/2017,1195.0,1200.0,1185.0,1190.0,-0.42,5787.0,760.2,619.0
EBL,11/5/2017,1190.0,1185.0,1150.0,1157.0,-2.77,13157.0,760.2,619.0
EBL,11/6/2017,1157.0,1180.0,1135.0,1165.0,0.69,9961.0,760.2,619.0
EBL,11/7/2017,1165.0,1175.0,1150.0,1151.0,-1.2,9667.0,760.2,619.0
EBL,11/8/2017,1151.0,1148.0,1130.0,1135.0,-1.39,7943.0,760.2,619.0
EBL,11/9/2017,1135.0,1120.0,1105.0,1105.0,-2.64,28790.0,760.2,619.0
EBL,11/12/2017,1105.0,1120.0,1097.0,1118.0,1.18,7883.0,760.2,619.0
EBL,11/13/2017,1118.0,1140.0,1105.0,1123.0,0.45,17504.0,760.2,619.0
EBL,11/14/2017,1123.0,1150.0,1122.0,1140.0,1.51,16191.0,760.2,619.0
EBL,11/15/2017,1140.0,1145.0,1125.0,1128.0,-1.05,11738.0,760.2,619.0
EBL,11/16/2017,1128.0,1128.0,1105.0,1116.0,-1.06,20024.0,760.2,619.0
EBL,11/19/2017,1116.0,1180.0,1138.0,1148.0,2.87,66387.0,760.2,619.0
EBL,11/20/2017,1148.0,1155.0,1143.0,1145.0,-0.26,23361.0,760.2,619.0
EBL,11/21/2017,1145.0,1160.0,1146.0,1155.0,0.87,22380.0,760.2,619.0
EBL,11/22/2017,1155.0,1170.0,1155.0,1165.0,0.87,17057.0,760.2,619.0
EBL,11/23/2017,1165.0,1179.0,1168.0,1179.0,1.2,16501.0,760.2,619.0
EBL,11/26/2017,1179.0,1200.0,1177.0,1195.0,1.36,20075.0,760.2,619.0
EBL,11/27/2017,1195.0,1200.0,1190.0,1195.0,0.0,17294.0,760.2,619.0
EBL,11/28/2017,1195.0,1200.0,1193.0,1200.0,0.42,7806.0,760.2,619.0
EBL,11/29/2017,1200.0,1211.0,1200.0,1210.0,0.83,13793.0,760.2,619.0
EBL,11/30/2017,1210.0,1234.0,1200.0,1207.0,-0.25,11548.0,760.2,619.0
EBL,12/4/2017,1207.0,1209.0,1195.0,1200.0,-0.58,13307.0,760.2,619.0
EBL,12/5/2017,1200.0,1198.0,1190.0,1190.0,-0.83,10825.0,760.2,619.0
EBL,12/6/2017,1190.0,1207.0,1194.0,1195.0,0.42,15965.0,760.2,619.0
EBL,12/10/2017,1195.0,1218.0,1187.0,1187.0,-0.67,10272.0,760.2,619.0
EBL,12/11/2017,1187.0,1200.0,1179.0,1186.0,-0.08,14166.0,760.2,619.0
EBL,12/12/2017,1186.0,1194.0,1170.0,1175.0,-0.93,13706.0,760.2,619.0
EBL,12/13/2017,1175.0,1190.0,1169.0,1188.0,1.11,10982.0,760.2,619.0
EBL,12/14/2017,1188.0,1194.0,1184.0,1184.0,-0.34,6563.0,760.2,619.0
EBL,12/17/2017,1184.0,1188.0,1165.0,1166.0,-1.52,13697.0,760.2,619.0
EBL,12/18/2017,1166.0,1170.0,1153.0,1155.0,-0.94,18216.0,760.2,619.0
EBL,12/19/2017,1155.0,1159.0,1136.0,1140.0,-1.3,17497.0,760.2,619.0
EBL,12/20/2017,1140.0,1150.0,1121.0,1135.0,-0.44,17818.0,760.2,619.0
EBL,12/21/2017,1135.0,1135.0,1119.0,1128.0,-0.62,16966.0,760.2,619.0
EBL,12/24/2017,1128.0,1140.0,1128.0,1129.0,0.09,18077.0,760.2,619.0
EBL,12/26/2017,1129.0,1130.0,1105.0,1107.0,-1.95,18844.0,760.2,619.0
EBL,12/27/2017,1107.0,1116.0,1079.0,1085.0,-1.99,66472.0,760.2,619.0
EBL,12/28/2017,816.0,810.0,788.0,798.0,-26.45,30229.0,760.2,619.0
EBL,12/31/2017,798.0,799.0,790.0,798.0,0.0,11109.0,760.2,619.0
EBL,1/1/2018,798.0,835.0,800.0,835.0,4.64,17773.0,760.2,619.0
EBL,1/2/2018,835.0,895.0,845.0,861.0,3.11,31454.0,760.2,619.0
EBL,1/3/2018,861.0,878.0,852.0,856.0,-0.58,19211.0,760.2,619.0
EBL,1/4/2018,856.0,872.0,851.0,872.0,1.87,10995.0,760.2,619.0
EBL,1/7/2018,872.0,883.0,870.0,875.0,0.34,22352.0,760.2,619.0
EBL,1/8/2018,875.0,895.0,885.0,892.0,1.94,19212.0,760.2,619.0
EBL,1/9/2018,892.0,934.0,899.0,934.0,4.71,24260.0,760.2,619.0
EBL,1/10/2018,934.0,950.0,917.0,922.0,-1.28,23008.0,760.2,619.0
EBL,1/14/2018,922.0,920.0,906.0,907.0,-1.63,10305.0,760.2,619.0
EBL,1/16/2018,907.0,907.0,885.0,893.0,-1.54,10127.0,760.2,619.0
EBL,1/17/2018,893.0,890.0,872.0,883.0,-1.12,7133.0,760.2,619.0
EBL,1/21/2018,883.0,894.0,880.0,883.0,0.0,10307.0,760.2,619.0
EBL,1/22/2018,883.0,890.0,876.0,876.0,-0.79,7441.0,760.2,619.0
EBL,1/23/2018,876.0,880.0,871.0,872.0,-0.46,5043.0,760.2,619.0
EBL,1/24/2018,872.0,872.0,865.0,867.0,-0.57,3635.0,760.2,619.0
EBL,1/25/2018,867.0,872.0,862.0,867.0,0.0,8352.0,760.2,619.0
EBL,1/28/2018,867.0,879.0,866.0,873.0,0.69,7520.0,760.2,619.0
EBL,1/29/2018,873.0,878.0,860.0,865.0,-0.92,9402.0,760.2,619.0
EBL,1/31/2018,865.0,868.0,860.0,862.0,-0.35,7448.0,760.2,619.0
EBL,2/1/2018,862.0,865.0,855.0,863.0,0.12,13391.0,760.2,619.0
EBL,2/4/2018,863.0,875.0,857.0,861.0,-0.23,11593.0,760.2,619.0
EBL,2/5/2018,861.0,865.0,854.0,854.0,-0.81,6823.0,760.2,619.0
EBL,2/6/2018,854.0,853.0,844.0,845.0,-1.05,10160.0,760.2,619.0
EBL,2/7/2018,845.0,854.0,840.0,840.0,-0.59,7983.0,760.2,619.0
EBL,2/8/2018,840.0,845.0,838.0,840.0,0.0,9080.0,760.2,619.0
EBL,2/11/2018,840.0,845.0,840.0,842.0,0.24,7963.0,760.2,619.0
EBL,2/12/2018,842.0,844.0,837.0,840.0,-0.24,10560.0,760.2,619.0
EBL,2/14/2018,840.0,844.0,837.0,841.0,0.12,6540.0,760.2,619.0
EBL,2/15/2018,841.0,865.0,840.0,860.0,2.26,19376.0,760.2,619.0
EBL,2/18/2018,877.0,894.0,858.0,860.0,0.0,23017.0,760.2,619.0
EBL,2/20/2018,861.0,861.0,845.0,851.0,-1.05,6336.0,760.2,619.0
EBL,2/21/2018,851.0,851.0,837.0,841.0,-1.18,6835.0,760.2,619.0
EBL,2/22/2018,849.0,849.0,833.0,835.0,-0.71,15944.0,760.2,619.0
EBL,2/25/2018,835.0,835.0,825.0,825.0,-1.2,6688.0,760.2,619.0
EBL,2/26/2018,835.0,835.0,811.0,817.0,-0.97,10719.0,760.2,619.0
EBL,2/27/2018,817.0,825.0,813.0,820.0,0.37,9851.0,760.2,619.0
EBL,2/28/2018,820.0,820.0,800.0,803.0,-2.07,15549.0,760.2,619.0
EBL,3/4/2018,789.0,790.0,760.0,770.0,-4.11,21092.0,760.2,619.0
EBL,3/5/2018,773.0,785.0,762.0,770.0,0.0,13393.0,760.2,619.0
EBL,3/6/2018,771.0,790.0,750.0,765.0,-0.65,16541.0,760.2,619.0
EBL,3/7/2018,773.0,785.0,773.0,780.0,1.96,11376.0,760.2,619.0
EBL,3/11/2018,780.0,780.0,759.0,760.0,-2.56,15425.0,760.2,619.0
EBL,3/12/2018,770.0,770.0,741.0,741.0,-2.5,20267.0,760.2,619.0
EBL,3/13/2018,745.0,753.0,735.0,735.0,-0.81,15304.0,760.2,619.0
EBL,3/14/2018,745.0,755.0,735.0,745.0,1.36,11898.0,760.2,619.0
EBL,3/15/2018,746.0,754.0,731.0,731.0,-1.88,11145.0,760.2,619.0
EBL,3/18/2018,735.0,748.0,719.0,737.0,0.82,12631.0,760.2,619.0
EBL,3/19/2018,743.0,743.0,722.0,726.0,-1.49,8964.0,760.2,619.0
EBL,3/20/2018,726.0,726.0,710.0,710.0,-2.2,13049.0,760.2,619.0
EBL,3/21/2018,710.0,714.0,690.0,693.0,-2.39,20878.0,760.2,619.0
EBL,3/22/2018,690.0,705.0,675.0,685.0,-1.15,17464.0,760.2,619.0
EBL,3/26/2018,673.0,685.0,650.0,665.0,-2.92,18295.0,760.2,619.0
EBL,3/27/2018,660.0,728.0,652.0,715.0,7.52,16465.0,760.2,619.0
EBL,3/28/2018,716.0,743.0,701.0,727.0,1.68,28643.0,760.2,619.0
EBL,3/29/2018,730.0,744.0,730.0,740.0,1.79,17611.0,760.2,619.0
EBL,4/1/2018,742.0,742.0,710.0,727.0,-1.76,10320.0,760.2,619.0
EBL,4/2/2018,730.0,730.0,721.0,725.0,-0.28,8258.0,760.2,619.0
EBL,4/3/2018,720.0,727.0,720.0,725.0,0.0,10006.0,760.2,619.0
EBL,4/4/2018,728.0,745.0,727.0,740.0,2.07,9887.0,760.2,619.0
EBL,4/5/2018,745.0,763.0,745.0,763.0,3.11,17683.0,760.2,619.0
EBL,4/8/2018,778.0,808.0,772.0,807.0,5.77,30563.0,760.2,619.0
EBL,4/9/2018,820.0,838.0,810.0,814.0,0.87,23809.0,760.2,619.0
EBL,4/10/2018,805.0,820.0,790.0,800.0,-1.72,9072.0,760.2,619.0
EBL,4/11/2018,804.0,804.0,786.0,800.0,0.0,6119.0,760.2,619.0
EBL,4/12/2018,816.0,816.0,795.0,797.0,-0.38,13365.0,760.2,619.0
EBL,4/15/2018,805.0,805.0,785.0,798.0,0.13,5928.0,760.2,619.0
EBL,4/16/2018,783.0,809.0,783.0,800.0,0.25,5610.0,760.2,619.0
EBL,4/17/2018,805.0,809.0,796.0,804.0,0.5,11512.0,760.2,619.0
EBL,4/18/2018,805.0,870.0,800.0,819.0,1.87,13786.0,760.2,619.0
EBL,4/19/2018,835.0,838.0,820.0,832.0,1.59,20366.0,760.2,619.0
EBL,4/22/2018,848.0,865.0,840.0,857.0,3.0,26389.0,760.2,619.0
EBL,4/23/2018,874.0,900.0,845.0,860.0,0.35,21755.0,760.2,619.0
EBL,4/24/2018,860.0,860.0,840.0,840.0,-2.33,8635.0,760.2,619.0
EBL,4/25/2018,835.0,835.0,815.0,825.0,-1.79,12187.0,760.2,619.0
EBL,4/26/2018,815.0,830.0,798.0,798.0,-3.27,17296.0,760.2,619.0
EBL,4/29/2018,795.0,805.0,783.0,795.0,-0.38,8912.0,760.2,619.0
EBL,5/2/2018,785.0,796.0,775.0,789.0,-0.75,15908.0,760.2,619.0
EBL,5/3/2018,795.0,809.0,790.0,794.0,0.63,10890.0,760.2,619.0
EBL,5/6/2018,795.0,795.0,785.0,785.0,-1.13,7682.0,760.2,619.0
EBL,5/7/2018,781.0,781.0,770.0,776.0,-1.15,10821.0,760.2,619.0
EBL,5/8/2018,775.0,790.0,770.0,789.0,1.68,7674.0,760.2,619.0
EBL,5/9/2018,789.0,789.0,766.0,782.0,-0.89,7611.0,760.2,619.0
EBL,5/10/2018,778.0,782.0,772.0,773.0,-1.15,7205.0,760.2,619.0
EBL,5/14/2018,775.0,775.0,764.0,764.0,-1.16,9480.0,760.2,619.0
EBL,5/15/2018,760.0,760.0,752.0,756.0,-1.05,5082.0,760.2,619.0
EBL,5/16/2018,753.0,755.0,748.0,750.0,-0.79,9741.0,760.2,619.0
EBL,5/17/2018,751.0,753.0,745.0,746.0,-0.53,8868.0,760.2,619.0
EBL,5/20/2018,755.0,755.0,740.0,742.0,-0.54,9903.0,760.2,619.0
EBL,5/21/2018,746.0,750.0,729.0,733.0,-1.21,10451.0,760.2,619.0
EBL,5/22/2018,740.0,740.0,728.0,728.0,-0.68,9683.0,760.2,619.0
EBL,5/23/2018,730.0,735.0,720.0,728.0,0.0,7550.0,760.2,619.0
EBL,5/24/2018,730.0,734.0,722.0,725.0,-0.41,10633.0,760.2,619.0
EBL,5/27/2018,725.0,725.0,700.0,708.0,-2.34,19118.0,760.2,619.0
EBL,5/28/2018,705.0,735.0,702.0,731.0,3.25,8205.0,760.2,619.0
EBL,5/29/2018,736.0,741.0,723.0,736.0,0.68,20797.0,760.2,619.0
EBL,5/30/2018,730.0,750.0,729.0,732.0,-0.54,6601.0,760.2,619.0
EBL,5/31/2018,730.0,735.0,720.0,726.0,-0.82,8567.0,760.2,619.0
EBL,6/3/2018,726.0,726.0,707.0,708.0,-2.48,7789.0,760.2,619.0
EBL,6/4/2018,715.0,715.0,700.0,701.0,-0.99,14232.0,760.2,619.0
EBL,6/6/2018,711.0,727.0,707.0,710.0,1.28,4996.0,760.2,619.0
EBL,6/7/2018,710.0,711.0,696.0,697.0,-1.83,10833.0,760.2,619.0
EBL,6/10/2018,691.0,700.0,680.0,685.0,-1.72,26750.0,760.2,619.0
EBL,6/11/2018,685.0,700.0,671.0,686.0,0.15,16457.0,760.2,619.0
EBL,6/12/2018,680.0,689.0,680.0,682.0,-0.58,8557.0,760.2,619.0
EBL,6/13/2018,682.0,687.0,681.0,687.0,0.73,7507.0,760.2,619.0
EBL,6/14/2018,699.0,700.0,685.0,686.0,-0.15,3794.0,760.2,619.0
EBL,6/17/2018,681.0,689.0,676.0,679.0,-1.02,9962.0,760.2,619.0
EBL,6/18/2018,679.0,680.0,667.0,676.0,-0.44,5245.0,760.2,619.0
EBL,6/19/2018,687.0,687.0,670.0,672.0,-0.59,8253.0,760.2,619.0
EBL,6/20/2018,675.0,675.0,665.0,670.0,-0.3,6266.0,760.2,619.0
EBL,6/21/2018,670.0,679.0,660.0,675.0,0.75,7087.0,760.2,619.0
EBL,6/24/2018,685.0,685.0,670.0,675.0,0.0,9584.0,760.2,619.0
EBL,6/25/2018,675.0,675.0,666.0,670.0,-0.74,4035.0,760.2,619.0
EBL,6/26/2018,666.0,671.0,660.0,660.0,-1.49,6194.0,760.2,619.0
EBL,6/27/2018,660.0,670.0,655.0,669.0,1.36,9631.0,760.2,619.0
EBL,6/28/2018,670.0,673.0,660.0,665.0,-0.6,9563.0,760.2,619.0
EBL,7/1/2018,665.0,665.0,653.0,656.0,-1.35,5046.0,760.2,619.0
EBL,7/2/2018,650.0,670.0,640.0,655.0,-0.15,12793.0,760.2,619.0
EBL,7/3/2018,647.0,650.0,640.0,650.0,-0.76,12155.0,760.2,619.0
EBL,7/4/2018,642.0,652.0,638.0,649.0,-0.15,7194.0,760.2,619.0
EBL,7/5/2018,649.0,672.0,649.0,672.0,3.54,8945.0,760.2,619.0
EBL,7/8/2018,684.0,697.0,678.0,678.0,0.89,9306.0,760.2,619.0
EBL,7/9/2018,677.0,684.0,664.0,668.0,-1.47,5857.0,760.2,619.0
EBL,7/10/2018,668.0,680.0,663.0,665.0,-0.45,7931.0,760.2,619.0
EBL,7/11/2018,666.0,678.0,666.0,667.0,0.3,7899.0,760.2,619.0
EBL,7/12/2018,668.0,670.0,657.0,660.0,-1.05,6363.0,760.2,619.0
EBL,7/15/2018,660.0,661.0,652.0,661.0,0.15,8158.0,760.2,619.0
EBL,7/16/2018,660.0,670.0,660.0,663.0,0.3,4933.0,760.2,619.0
EBL,7/17/2018,660.0,673.0,660.0,667.0,0.6,4614.0,760.2,619.0
EBL,7/18/2018,670.0,670.0,662.0,665.0,-0.3,4975.0,760.2,619.0
EBL,7/19/2018,667.0,672.0,664.0,672.0,1.05,3040.0,760.2,619.0
EBL,7/22/2018,670.0,671.0,662.0,667.0,-0.74,4077.0,760.2,619.0
EBL,7/23/2018,670.0,671.0,662.0,666.0,-0.15,4310.0,760.2,619.0
EBL,7/24/2018,666.0,678.0,666.0,670.0,0.6,8708.0,760.2,619.0
EBL,7/25/2018,670.0,671.0,666.0,670.0,0.0,5317.0,760.2,619.0
EBL,7/26/2018,668.0,675.0,661.0,662.0,-1.19,3959.0,760.2,619.0
EBL,7/29/2018,665.0,672.0,665.0,672.0,1.51,7319.0,760.2,619.0
EBL,7/30/2018,675.0,675.0,664.0,665.0,-1.04,9157.0,760.2,619.0
EBL,7/31/2018,666.0,668.0,661.0,667.0,0.3,3081.0,760.2,619.0
EBL,8/1/2018,665.0,669.0,665.0,669.0,0.3,5745.0,760.2,619.0
EBL,8/2/2018,667.0,670.0,665.0,665.0,-0.6,5867.0,760.2,619.0
EBL,8/5/2018,670.0,670.0,663.0,663.0,-0.3,11273.0,760.2,619.0
EBL,8/6/2018,664.0,668.0,664.0,665.0,0.3,6285.0,760.2,619.0
EBL,8/7/2018,666.0,667.0,665.0,666.0,0.15,6420.0,760.2,619.0
EBL,8/8/2018,665.0,668.0,664.0,664.0,-0.3,8962.0,760.2,619.0
EBL,8/9/2018,665.0,665.0,661.0,662.0,-0.3,2933.0,760.2,619.0
EBL,8/12/2018,655.0,658.0,648.0,650.0,-1.81,7270.0,760.2,619.0
EBL,8/13/2018,650.0,651.0,641.0,650.0,0.0,10140.0,760.2,619.0
EBL,8/14/2018,655.0,655.0,646.0,650.0,0.0,7244.0,760.2,619.0
EBL,8/15/2018,655.0,663.0,649.0,662.0,1.85,10742.0,760.2,619.0
EBL,8/16/2018,665.0,666.0,659.0,663.0,0.15,14501.0,760.2,619.0
EBL,8/19/2018,675.0,675.0,665.0,667.0,0.6,14480.0,760.2,619.0
EBL,8/20/2018,667.0,667.0,660.0,665.0,-0.3,4619.0,760.2,619.0
EBL,8/21/2018,662.0,662.0,650.0,654.0,-1.65,6286.0,760.2,619.0
EBL,8/22/2018,654.0,665.0,654.0,658.0,0.61,2365.0,760.2,619.0
EBL,8/23/2018,664.0,664.0,652.0,658.0,0.0,5927.0,760.2,619.0
EBL,8/26/2018,653.0,660.0,653.0,655.0,-0.46,5199.0,760.2,619.0
EBL,8/28/2018,660.0,665.0,655.0,660.0,0.76,6193.0,760.2,619.0
EBL,8/29/2018,658.0,658.0,648.0,654.0,-0.91,6519.0,760.2,619.0
EBL,8/30/2018,655.0,661.0,642.0,658.0,0.61,4376.0,760.2,619.0
EBL,9/2/2018,658.0,662.0,654.0,658.0,0.0,8901.0,760.2,619.0
EBL,9/3/2018,658.0,664.0,648.0,663.0,0.76,11270.0,760.2,619.0
EBL,9/4/2018,662.0,663.0,652.0,657.0,-0.9,7982.0,760.2,619.0
EBL,9/5/2018,660.0,673.0,656.0,665.0,1.22,12375.0,760.2,619.0
EBL,9/6/2018,676.0,676.0,657.0,660.0,-0.75,12757.0,760.2,619.0
EBL,9/9/2018,660.0,673.0,652.0,673.0,1.97,6597.0,760.2,619.0
EBL,9/10/2018,673.0,673.0,657.0,660.0,-1.93,7365.0,760.2,619.0
EBL,9/11/2018,661.0,663.0,660.0,662.0,0.3,4300.0,760.2,619.0
EBL,9/12/2018,661.0,663.0,658.0,660.0,-0.3,3616.0,760.2,619.0
EBL,9/13/2018,659.0,662.0,652.0,653.0,-1.06,15051.0,760.2,619.0
EBL,9/16/2018,660.0,668.0,655.0,660.0,1.07,10262.0,760.2,619.0
EBL,9/17/2018,660.0,665.0,658.0,660.0,0.0,8921.0,760.2,619.0
EBL,9/18/2018,660.0,665.0,659.0,660.0,0.0,4712.0,760.2,619.0
EBL,9/20/2018,660.0,660.0,651.0,651.0,-1.36,9109.0,760.2,619.0
EBL,9/23/2018,654.0,658.0,642.0,651.0,0.0,20910.0,760.2,619.0
EBL,9/25/2018,663.0,670.0,652.0,654.0,0.46,29564.0,760.2,619.0
EBL,9/26/2018,657.0,657.0,643.0,650.0,-0.61,21532.0,760.2,619.0
EBL,9/27/2018,650.0,655.0,644.0,644.0,-0.92,23668.0,760.2,619.0
EBL,9/30/2018,643.0,655.0,640.0,640.0,-0.62,9309.0,760.2,619.0
EBL,10/1/2018,645.0,648.0,630.0,635.0,-0.78,13571.0,760.2,619.0
EBL,10/2/2018,635.0,644.0,630.0,638.0,0.47,11862.0,760.2,619.0
EBL,10/3/2018,633.0,640.0,630.0,635.0,-0.47,10980.0,760.2,619.0
EBL,10/4/2018,635.0,641.0,630.0,631.0,-0.63,12866.0,760.2,619.0
EBL,10/7/2018,630.0,632.0,623.0,623.0,-1.27,9788.0,760.2,619.0
EBL,10/8/2018,624.0,628.0,620.0,625.0,0.32,11391.0,760.2,619.0
EBL,10/9/2018,627.0,627.0,621.0,621.0,-0.64,10421.0,760.2,619.0
EBL,10/10/2018,632.0,632.0,619.0,624.0,0.48,8167.0,760.2,619.0
EBL,10/11/2018,624.0,634.0,624.0,631.0,1.12,1648.0,760.2,619.0
EBL,10/14/2018,642.0,642.0,630.0,634.0,0.48,2889.0,760.2,619.0
EBL,10/15/2018,635.0,645.0,635.0,639.0,0.79,6481.0,760.2,619.0
EBL,10/21/2018,640.0,644.0,640.0,641.0,0.31,918.0,760.2,619.0
EBL,10/22/2018,650.0,650.0,637.0,637.0,-0.62,4236.0,760.2,619.0
EBL,10/23/2018,644.0,644.0,635.0,636.0,-0.16,1639.0,760.2,619.0
EBL,10/24/2018,635.0,637.0,630.0,637.0,0.16,4501.0,760.2,619.0
EBL,10/25/2018,638.0,640.0,637.0,637.0,0.0,4091.0,760.2,619.0
EBL,10/28/2018,630.0,640.0,627.0,633.0,-0.63,4138.0,760.2,619.0
EBL,10/29/2018,627.0,635.0,624.0,625.0,-1.26,5101.0,760.2,619.0
EBL,10/30/2018,627.0,628.0,623.0,627.0,0.32,7954.0,760.2,619.0
EBL,10/31/2018,635.0,635.0,620.0,620.0,-1.12,6885.0,760.2,619.0
EBL,11/1/2018,617.0,625.0,617.0,625.0,0.81,7275.0,760.2,619.0
EBL,11/4/2018,613.0,613.0,587.0,591.0,-5.44,42925.0,760.2,619.0
EBL,11/5/2018,591.0,596.0,590.0,595.0,0.68,9948.0,760.2,619.0
EBL,11/6/2018,595.0,602.0,591.0,597.0,0.34,1045.0,760.2,619.0
EBL,11/11/2018,597.0,599.0,580.0,585.0,-2.01,7069.0,760.2,619.0
EBL,11/12/2018,584.0,590.0,581.0,585.0,0.0,6510.0,760.2,619.0
EBL,11/13/2018,594.0,595.0,585.0,593.0,1.37,6226.0,760.2,619.0
EBL,11/14/2018,588.0,595.0,588.0,593.0,0.0,7189.0,760.2,619.0
EBL,11/15/2018,596.0,596.0,580.0,580.0,-2.19,9417.0,760.2,619.0
EBL,11/18/2018,581.0,581.0,573.0,575.0,-0.86,5274.0,760.2,619.0
EBL,11/19/2018,564.0,575.0,564.0,571.0,-0.7,6522.0,760.2,619.0
EBL,11/20/2018,570.0,571.0,555.0,556.0,-2.63,8242.0,760.2,619.0
EBL,11/21/2018,556.0,556.0,549.0,551.0,-0.9,15079.0,760.2,619.0
EBL,11/22/2018,554.0,554.0,545.0,545.0,-1.09,5879.0,760.2,619.0
EBL,11/25/2018,544.0,544.0,531.0,535.0,-1.83,14020.0,760.2,619.0
EBL,11/26/2018,531.0,538.0,531.0,538.0,0.56,19514.0,760.2,619.0
EBL,11/27/2018,540.0,541.0,537.0,539.0,0.19,4234.0,760.2,619.0
EBL,11/28/2018,532.0,542.0,532.0,534.0,-0.93,8425.0,760.2,619.0
EBL,11/29/2018,535.0,536.0,528.0,530.0,-0.75,9598.0,760.2,619.0
EBL,12/2/2018,527.0,527.0,520.0,526.0,-0.75,10495.0,760.2,619.0
EBL,12/3/2018,524.0,530.0,520.0,520.0,-1.14,9469.0,760.2,619.0
EBL,12/4/2018,520.0,530.0,520.0,530.0,1.92,6316.0,760.2,619.0
EBL,12/5/2018,530.0,530.0,520.0,523.0,-1.32,6903.0,760.2,619.0
EBL,12/6/2018,523.0,525.0,515.0,524.0,0.19,8027.0,760.2,619.0
EBL,12/9/2018,530.0,536.0,525.0,534.0,1.91,6918.0,760.2,619.0
EBL,12/10/2018,537.0,545.0,533.0,533.0,-0.19,10155.0,760.2,619.0
EBL,12/11/2018,535.0,543.0,535.0,541.0,1.5,17169.0,760.2,619.0
EBL,12/12/2018,531.0,532.0,517.0,528.0,-2.4,6139.0,760.2,619.0
EBL,12/13/2018,530.0,532.0,518.0,526.0,-0.38,7471.0,760.2,619.0
EBL,12/16/2018,535.0,544.0,535.0,536.0,1.9,7748.0,760.2,619.0
EBL,12/17/2018,545.0,553.0,539.0,540.0,0.75,6440.0,760.2,619.0
EBL,12/18/2018,544.0,544.0,530.0,536.0,-0.74,5752.0,760.2,619.0
EBL,12/19/2018,531.0,539.0,528.0,536.0,0.0,5701.0,760.2,619.0
EBL,12/20/2018,546.0,546.0,531.0,531.0,-0.93,5302.0,760.2,619.0
EBL,12/23/2018,541.0,551.0,535.0,544.0,2.45,13958.0,760.2,619.0
EBL,12/24/2018,544.0,545.0,536.0,540.0,-0.74,8169.0,760.2,619.0
EBL,12/25/2018,549.0,549.0,535.0,540.0,0.0,3165.0,760.2,619.0
EBL,12/26/2018,540.0,549.0,540.0,548.0,1.48,20668.0,760.2,619.0
EBL,12/27/2018,550.0,562.0,549.0,550.0,0.36,24019.0,760.2,619.0
EBL,12/30/2018,550.0,559.0,546.0,548.0,-0.36,7456.0,760.2,619.0
EBL,12/31/2018,550.0,552.0,538.0,540.0,-1.46,4479.0,760.2,619.0
EBL,1/1/2019,545.0,548.0,536.0,538.0,-0.37,5264.0,760.2,619.0
EBL,1/2/2019,548.0,548.0,538.0,540.0,0.37,4507.0,760.2,619.0
EBL,1/3/2019,545.0,545.0,535.0,535.0,-0.93,2919.0,760.2,619.0
EBL,1/6/2019,540.0,540.0,530.0,532.0,-0.56,6675.0,760.2,619.0
EBL,1/7/2019,535.0,540.0,528.0,532.0,0.0,9134.0,760.2,619.0
EBL,1/8/2019,533.0,534.0,530.0,531.0,-0.19,11066.0,760.2,619.0
EBL,1/9/2019,535.0,535.0,531.0,532.0,0.19,8224.0,760.2,619.0
EBL,1/10/2019,535.0,537.0,532.0,536.0,0.75,5665.0,760.2,619.0
EBL,1/13/2019,532.0,535.0,531.0,531.0,-0.93,6412.0,760.2,619.0
EBL,1/14/2019,535.0,535.0,532.0,534.0,0.56,5086.0,760.2,619.0
EBL,1/15/2019,541.0,541.0,533.0,534.0,0.0,7057.0,760.2,619.0
EBL,1/16/2019,536.0,538.0,532.0,533.0,-0.19,6112.0,760.2,619.0
EBL,1/17/2019,535.0,535.0,528.0,530.0,-0.56,7974.0,760.2,619.0
EBL,1/20/2019,535.0,535.0,527.0,530.0,0.0,4082.0,760.2,619.0
EBL,1/21/2019,530.0,530.0,520.0,530.0,0.0,7886.0,760.2,619.0
EBL,1/22/2019,535.0,535.0,529.0,530.0,0.0,2888.0,760.2,619.0
EBL,1/23/2019,523.0,532.0,522.0,528.0,-0.38,13607.0,760.2,619.0
EBL,1/24/2019,535.0,535.0,525.0,527.0,-0.19,8744.0,760.2,619.0
EBL,1/27/2019,523.0,526.0,522.0,522.0,-0.95,8632.0,760.2,619.0
EBL,1/28/2019,525.0,534.0,523.0,527.0,0.96,1234.0,760.2,619.0
EBL,1/29/2019,528.0,530.0,521.0,522.0,-0.95,3928.0,760.2,619.0
EBL,1/30/2019,528.0,528.0,523.0,525.0,0.57,3558.0,760.2,619.0
EBL,1/31/2019,525.0,528.0,524.0,524.0,-0.19,4278.0,760.2,619.0
EBL,2/3/2019,524.0,524.0,520.0,523.0,-0.19,16686.0,760.2,619.0
EBL,2/4/2019,526.0,526.0,517.0,517.0,-1.15,10619.0,760.2,619.0
EBL,2/5/2019,520.0,520.0,516.0,518.0,0.19,4625.0,760.2,619.0
EBL,2/6/2019,520.0,520.0,517.0,517.0,-0.19,5273.0,760.2,619.0
EBL,2/7/2019,516.0,520.0,512.0,518.0,0.19,2279.0,760.2,619.0
EBL,2/10/2019,515.0,520.0,512.0,516.0,-0.39,2695.0,760.2,619.0
EBL,2/11/2019,509.0,517.0,509.0,516.0,0.0,4275.0,760.2,619.0
EBL,2/12/2019,512.0,517.0,508.0,513.0,-0.58,4310.0,760.2,619.0
EBL,2/13/2019,515.0,515.0,508.0,510.0,-0.58,9605.0,760.2,619.0
EBL,2/14/2019,513.0,513.0,504.0,505.0,-0.98,7955.0,760.2,619.0
EBL,2/17/2019,501.0,512.0,501.0,504.0,-0.2,8295.0,760.2,619.0
EBL,2/18/2019,508.0,508.0,503.0,504.0,0.0,6013.0,760.2,619.0
EBL,2/19/2019,503.0,515.0,503.0,515.0,2.18,8474.0,760.2,619.0
EBL,2/20/2019,525.0,525.0,505.0,508.0,-1.36,3493.0,760.2,619.0
EBL,2/21/2019,507.0,511.0,503.0,508.0,0.0,3521.0,760.2,619.0
EBL,2/24/2019,510.0,511.0,505.0,506.0,-0.39,3721.0,760.2,619.0
EBL,2/25/2019,505.0,510.0,505.0,510.0,0.79,3948.0,760.2,619.0
EBL,2/26/2019,510.0,510.0,505.0,507.0,-0.59,3546.0,760.2,619.0
EBL,2/27/2019,510.0,512.0,507.0,507.0,0.0,3756.0,760.2,619.0
EBL,3/3/2019,510.0,513.0,506.0,510.0,0.59,8267.0,760.2,619.0
EBL,3/5/2019,510.0,510.0,506.0,509.0,-0.2,4488.0,760.2,619.0
EBL,3/6/2019,509.0,514.0,509.0,514.0,0.98,8453.0,760.2,619.0
EBL,3/7/2019,512.0,520.0,512.0,518.0,0.78,6312.0,760.2,619.0
EBL,3/10/2019,520.0,523.0,516.0,520.0,0.39,12636.0,760.2,619.0
EBL,3/11/2019,528.0,530.0,518.0,525.0,0.96,15129.0,760.2,619.0
EBL,3/12/2019,527.0,546.0,527.0,542.0,3.24,16348.0,760.2,619.0
EBL,3/13/2019,550.0,550.0,537.0,540.0,-0.37,14562.0,760.2,619.0
EBL,3/14/2019,530.0,545.0,527.0,540.0,0.0,8693.0,760.2,619.0
EBL,3/17/2019,542.0,554.0,542.0,554.0,2.59,16079.0,760.2,619.0
EBL,3/18/2019,559.0,565.0,550.0,556.0,0.36,22238.0,760.2,619.0
EBL,3/19/2019,556.0,557.0,547.0,548.0,-1.44,5077.0,760.2,619.0
EBL,3/21/2019,551.0,555.0,546.0,552.0,0.73,13678.0,760.2,619.0
EBL,3/24/2019,551.0,557.0,546.0,555.0,0.54,10437.0,760.2,619.0
EBL,3/25/2019,555.0,558.0,548.0,553.0,-0.36,10124.0,760.2,619.0
EBL,3/26/2019,548.0,555.0,548.0,555.0,0.36,8320.0,760.2,619.0
EBL,3/27/2019,558.0,558.0,553.0,556.0,0.18,4604.0,760.2,619.0
EBL,3/28/2019,563.0,563.0,555.0,558.0,0.36,9837.0,760.2,619.0
EBL,3/31/2019,560.0,565.0,558.0,561.0,0.54,10611.0,760.2,619.0
EBL,4/1/2019,560.0,580.0,556.0,573.0,2.14,19974.0,760.2,619.0
EBL,4/2/2019,579.0,599.0,579.0,592.0,3.32,27532.0,760.2,619.0
EBL,4/3/2019,595.0,600.0,585.0,592.0,0.0,20165.0,760.2,619.0
EBL,4/4/2019,591.0,602.0,591.0,596.0,0.68,19345.0,760.2,619.0
EBL,4/7/2019,600.0,615.0,595.0,614.0,3.02,26188.0,760.2,619.0
EBL,4/8/2019,618.0,622.0,602.0,608.0,-0.98,27111.0,760.2,619.0
EBL,4/9/2019,620.0,620.0,601.0,607.0,-0.16,15777.0,760.2,619.0
EBL,4/10/2019,610.0,610.0,599.0,603.0,-0.66,6200.0,760.2,619.0
EBL,4/11/2019,603.0,606.0,599.0,600.0,-0.5,12840.0,760.2,619.0
EBL,4/15/2019,609.0,611.0,600.0,603.0,0.5,3588.0,760.2,619.0
EBL,4/16/2019,603.0,614.0,601.0,614.0,1.82,10002.0,760.2,619.0
EBL,4/17/2019,625.0,625.0,609.0,620.0,0.98,15966.0,760.2,619.0
EBL,4/18/2019,616.0,634.0,612.0,631.0,1.77,25005.0,760.2,619.0
EBL,4/21/2019,635.0,680.0,631.0,680.0,7.77,26774.0,760.2,619.0
EBL,4/22/2019,680.0,692.0,651.0,670.0,-1.47,46587.0,760.2,619.0
EBL,4/23/2019,670.0,681.0,660.0,671.0,0.15,25785.0,760.2,619.0
EBL,4/24/2019,704.0,704.0,670.0,679.0,1.19,13729.0,760.2,619.0
EBL,4/25/2019,684.0,685.0,668.0,671.0,-1.18,27955.0,760.2,619.0
EBL,4/28/2019,676.0,683.0,670.0,670.0,-0.15,21499.0,760.2,619.0
EBL,4/29/2019,670.0,673.0,650.0,666.0,-0.6,12513.0,760.2,619.0
EBL,4/30/2019,666.0,666.0,656.0,665.0,-0.15,12311.0,760.2,619.0
EBL,5/2/2019,657.0,664.0,656.0,656.0,-1.35,10824.0,760.2,619.0
EBL,5/5/2019,651.0,659.0,646.0,647.0,-1.37,16125.0,760.2,619.0
EBL,5/6/2019,650.0,675.0,645.0,675.0,4.33,24621.0,760.2,619.0
EBL,5/7/2019,671.0,688.0,666.0,675.0,0.0,25417.0,760.2,619.0
EBL,5/8/2019,675.0,675.0,664.0,666.0,-1.33,8697.0,760.2,619.0
EBL,5/9/2019,670.0,670.0,655.0,665.0,-0.15,6560.0,760.2,619.0
EBL,5/12/2019,665.0,670.0,655.0,667.0,0.3,10480.0,760.2,619.0
EBL,5/13/2019,675.0,675.0,667.0,668.0,0.15,8500.0,760.2,619.0
EBL,5/14/2019,670.0,680.0,669.0,674.0,0.9,11593.0,760.2,619.0
EBL,5/15/2019,672.0,690.0,670.0,680.0,0.89,17835.0,760.2,619.0
EBL,5/16/2019,685.0,686.0,673.0,677.0,-0.44,9971.0,760.2,619.0
EBL,5/19/2019,685.0,685.0,672.0,673.0,-0.59,5550.0,760.2,619.0
EBL,5/20/2019,674.0,675.0,662.0,662.0,-1.63,8935.0,760.2,619.0
EBL,5/21/2019,658.0,675.0,658.0,671.0,1.36,8562.0,760.2,619.0
EBL,5/22/2019,672.0,675.0,669.0,671.0,0.0,9708.0,760.2,619.0
EBL,5/23/2019,679.0,679.0,659.0,665.0,-0.89,13375.0,760.2,619.0
EBL,5/26/2019,661.0,666.0,657.0,659.0,-0.9,13481.0,760.2,619.0
EBL,5/27/2019,654.0,666.0,654.0,659.0,0.0,5876.0,760.2,619.0
EBL,5/28/2019,660.0,681.0,657.0,666.0,1.06,8888.0,760.2,619.0
EBL,5/29/2019,679.0,681.0,667.0,674.0,1.2,15565.0,760.2,619.0
EBL,5/30/2019,700.0,707.0,677.0,677.0,0.45,41142.0,760.2,619.0
EBL,6/2/2019,676.0,688.0,671.0,671.0,-0.89,10476.0,760.2,619.0
EBL,6/3/2019,675.0,675.0,666.0,671.0,0.0,17048.0,760.2,619.0
EBL,6/4/2019,665.0,673.0,665.0,666.0,-0.75,15798.0,760.2,619.0
EBL,6/6/2019,670.0,670.0,664.0,667.0,0.15,13692.0,760.2,619.0
EBL,6/10/2019,662.0,666.0,660.0,661.0,-0.9,11649.0,760.2,619.0
EBL,6/11/2019,660.0,669.0,660.0,665.0,0.61,8072.0,760.2,619.0
EBL,6/12/2019,663.0,664.0,658.0,664.0,-0.15,5592.0,760.2,619.0
EBL,6/13/2019,665.0,666.0,656.0,663.0,-0.15,10377.0,760.2,619.0
EBL,6/16/2019,658.0,665.0,658.0,660.0,-0.45,9672.0,760.2,619.0
EBL,6/17/2019,660.0,665.0,655.0,657.0,-0.45,10285.0,760.2,619.0
EBL,6/18/2019,657.0,663.0,657.0,660.0,0.46,7881.0,760.2,619.0
EBL,6/19/2019,650.0,662.0,650.0,661.0,0.15,5172.0,760.2,619.0
EBL,6/20/2019,661.0,666.0,660.0,666.0,0.76,5374.0,760.2,619.0
EBL,6/23/2019,662.0,665.0,659.0,662.0,-0.6,7224.0,760.2,619.0
EBL,6/24/2019,662.0,667.0,660.0,665.0,0.45,6968.0,760.2,619.0
EBL,6/25/2019,664.0,667.0,663.0,665.0,0.0,6655.0,760.2,619.0
EBL,6/26/2019,666.0,667.0,660.0,667.0,0.3,9076.0,760.2,619.0
EBL,6/27/2019,667.0,669.0,663.0,663.0,-0.6,14844.0,760.2,619.0
EBL,6/30/2019,665.0,665.0,653.0,653.0,-1.51,11001.0,760.2,619.0
EBL,7/1/2019,646.0,658.0,645.0,655.0,0.31,7997.0,760.2,619.0
EBL,7/2/2019,653.0,656.0,649.0,656.0,0.15,7934.0,760.2,619.0
EBL,7/3/2019,658.0,666.0,654.0,665.0,1.37,7506.0,760.2,619.0
EBL,7/4/2019,660.0,666.0,658.0,660.0,-0.75,5746.0,760.2,619.0
EBL,7/7/2019,654.0,655.0,648.0,650.0,-1.52,8377.0,760.2,619.0
EBL,7/8/2019,647.0,650.0,643.0,645.0,-0.77,5075.0,760.2,619.0
EBL,7/9/2019,650.0,654.0,647.0,654.0,1.4,7805.0,760.2,619.0
EBL,7/10/2019,648.0,664.0,648.0,659.0,0.76,6522.0,760.2,619.0
EBL,7/11/2019,660.0,666.0,655.0,666.0,1.06,9384.0,760.2,619.0
EBL,7/14/2019,661.0,666.0,660.0,662.0,-0.6,5653.0,760.2,619.0
EBL,7/15/2019,662.0,670.0,660.0,663.0,0.15,10458.0,760.2,619.0
EBL,7/16/2019,696.0,696.0,664.0,666.0,0.45,7165.0,760.2,619.0
EBL,7/17/2019,668.0,680.0,668.0,677.0,1.65,17868.0,760.2,619.0
EBL,7/18/2019,675.0,683.0,674.0,675.0,-0.3,8558.0,760.2,619.0
EBL,7/21/2019,688.0,688.0,666.0,666.0,-1.33,5850.0,760.2,619.0
EBL,7/22/2019,670.0,672.0,666.0,669.0,0.45,12403.0,760.2,619.0
EBL,7/23/2019,672.0,680.0,672.0,678.0,1.35,8396.0,760.2,619.0
EBL,7/24/2019,677.0,689.0,677.0,681.0,0.44,10312.0,760.2,619.0
EBL,7/25/2019,679.0,680.0,672.0,673.0,-1.17,7252.0,760.2,619.0
EBL,7/28/2019,661.0,667.0,660.0,660.0,-1.93,15409.0,760.2,619.0
EBL,7/29/2019,665.0,666.0,658.0,661.0,0.15,5747.0,760.2,619.0
EBL,7/30/2019,661.0,666.0,661.0,662.0,0.15,3676.0,760.2,619.0
EBL,7/31/2019,662.0,669.0,662.0,666.0,0.6,2056.0,760.2,619.0
EBL,8/1/2019,668.0,670.0,660.0,664.0,-0.3,10154.0,760.2,619.0
EBL,8/4/2019,666.0,669.0,656.0,660.0,-0.6,16372.0,760.2,619.0
EBL,8/5/2019,660.0,663.0,657.0,658.0,-0.3,5004.0,760.2,619.0
EBL,8/6/2019,655.0,656.0,650.0,652.0,-0.91,12988.0,760.2,619.0
EBL,8/7/2019,650.0,656.0,648.0,652.0,0.0,9628.0,760.2,619.0
EBL,8/8/2019,664.0,664.0,651.0,653.0,0.15,4380.0,760.2,619.0
EBL,8/11/2019,650.0,667.0,650.0,667.0,2.14,9429.0,760.2,619.0
EBL,8/12/2019,665.0,665.0,654.0,657.0,-1.5,5983.0,760.2,619.0
EBL,8/13/2019,657.0,657.0,653.0,655.0,-0.3,8123.0,760.2,619.0
EBL,8/14/2019,650.0,655.0,647.0,647.0,-1.22,3884.0,760.2,619.0
EBL,8/15/2019,648.0,648.0,641.0,641.0,-0.93,2293.0,760.2,619.0
EBL,8/18/2019,645.0,661.0,641.0,642.0,0.16,8553.0,760.2,619.0
EBL,8/19/2019,642.0,658.0,642.0,651.0,1.4,7588.0,760.2,619.0
EBL,8/20/2019,651.0,653.0,647.0,650.0,-0.15,3043.0,760.2,619.0
EBL,8/21/2019,650.0,655.0,646.0,651.0,0.15,2284.0,760.2,619.0
EBL,8/22/2019,660.0,660.0,648.0,649.0,-0.31,6797.0,760.2,619.0
EBL,8/25/2019,649.0,655.0,645.0,655.0,0.92,6018.0,760.2,619.0
EBL,8/26/2019,645.0,650.0,645.0,648.0,-1.07,10637.0,760.2,619.0
EBL,8/27/2019,655.0,660.0,648.0,650.0,0.31,7271.0,760.2,619.0
EBL,8/28/2019,660.0,660.0,644.0,644.0,-0.92,2847.0,760.2,619.0
EBL,8/29/2019,645.0,647.0,641.0,644.0,0.0,7637.0,760.2,619.0
EBL,9/1/2019,645.0,645.0,630.0,630.0,-2.17,9999.0,760.2,619.0
EBL,9/2/2019,630.0,630.0,608.0,613.0,-2.7,8783.0,760.2,619.0
EBL,9/3/2019,611.0,626.0,601.0,626.0,2.12,10507.0,760.2,619.0
EBL,9/4/2019,638.0,638.0,624.0,626.0,0.0,12249.0,760.2,619.0
EBL,9/5/2019,623.0,626.0,622.0,622.0,-0.64,6963.0,760.2,619.0
EBL,9/8/2019,620.0,620.0,608.0,610.0,-1.93,5239.0,760.2,619.0
EBL,9/9/2019,610.0,610.0,590.0,602.0,-1.31,19909.0,760.2,619.0
EBL,9/10/2019,601.0,610.0,594.0,598.0,-0.66,5414.0,760.2,619.0
EBL,9/11/2019,593.0,600.0,588.0,590.0,-1.34,8523.0,760.2,619.0
EBL,9/12/2019,601.0,601.0,580.0,580.0,-1.69,10357.0,760.2,619.0
EBL,9/15/2019,580.0,585.0,560.0,560.0,-3.45,11531.0,760.2,619.0
EBL,9/16/2019,555.0,558.0,546.0,550.0,-1.79,13354.0,760.2,619.0
EBL,9/17/2019,550.0,575.0,550.0,570.0,3.64,10125.0,760.2,619.0
EBL,9/18/2019,581.0,590.0,570.0,587.0,2.98,14171.0,760.2,619.0
EBL,9/19/2019,587.0,588.0,577.0,580.0,-1.19,8210.0,760.2,619.0
EBL,9/22/2019,573.0,574.0,564.0,568.0,-2.07,6599.0,760.2,619.0
EBL,9/23/2019,567.0,571.0,565.0,569.0,0.18,2297.0,760.2,619.0
EBL,9/24/2019,560.0,567.0,560.0,565.0,-0.7,4415.0,760.2,619.0
EBL,9/25/2019,564.0,564.0,553.0,558.0,-1.24,5587.0,760.2,619.0
EBL,9/26/2019,562.0,562.0,555.0,557.0,-0.18,4972.0,760.2,619.0
EBL,9/29/2019,561.0,561.0,551.0,554.0,-0.54,5665.0,760.2,619.0
EBL,9/30/2019,552.0,567.0,550.0,565.0,1.99,6264.0,760.2,619.0
EBL,10/1/2019,572.0,579.0,566.0,577.0,2.12,6075.0,760.2,619.0
EBL,10/2/2019,576.0,576.0,570.0,572.0,-0.87,6655.0,760.2,619.0
EBL,10/3/2019,570.0,575.0,570.0,575.0,0.52,8050.0,760.2,619.0
EBL,10/10/2019,579.0,584.0,574.0,574.0,-0.17,1735.0,760.2,619.0
EBL,10/14/2019,580.0,580.0,550.0,560.0,-2.44,8061.0,760.2,619.0
EBL,10/15/2019,558.0,559.0,550.0,554.0,-1.07,7903.0,760.2,619.0
EBL,10/16/2019,553.0,553.0,545.0,546.0,-1.44,13000.0,760.2,619.0
EBL,10/17/2019,550.0,553.0,546.0,547.0,0.18,5884.0,760.2,619.0
EBL,10/20/2019,542.0,550.0,539.0,549.0,0.37,13579.0,760.2,619.0
EBL,10/21/2019,555.0,555.0,545.0,545.0,-0.73,7786.0,760.2,619.0
EBL,10/22/2019,540.0,547.0,540.0,546.0,0.18,15964.0,760.2,619.0
EBL,10/23/2019,546.0,550.0,545.0,550.0,0.73,3421.0,760.2,619.0
EBL,10/24/2019,560.0,560.0,550.0,557.0,1.27,13345.0,760.2,619.0
EBL,10/31/2019,557.0,560.0,553.0,558.0,0.18,6763.0,760.2,619.0
EBL,11/3/2019,558.0,559.0,553.0,559.0,0.18,5728.0,760.2,619.0
EBL,11/4/2019,551.0,560.0,550.0,557.0,-0.36,4864.0,760.2,619.0
EBL,11/5/2019,557.0,560.0,535.0,557.0,0.0,26636.0,760.2,619.0
EBL,11/6/2019,567.0,567.0,556.0,561.0,0.72,7710.0,760.2,619.0
EBL,11/7/2019,567.0,567.0,557.0,557.0,-0.71,5269.0,760.2,619.0
EBL,11/10/2019,567.0,567.0,552.0,557.0,0.0,5407.0,760.2,619.0
EBL,11/11/2019,556.0,565.0,550.0,555.0,-0.36,9574.0,760.2,619.0
EBL,11/12/2019,555.0,556.0,550.0,552.0,-0.54,3189.0,760.2,619.0
EBL,11/13/2019,555.0,555.0,550.0,551.0,-0.18,3198.0,760.2,619.0
EBL,11/14/2019,555.0,560.0,551.0,555.0,0.73,2473.0,760.2,619.0
EBL,11/17/2019,555.0,555.0,551.0,555.0,0.0,5668.0,760.2,619.0
EBL,11/18/2019,551.0,554.0,551.0,553.0,-0.36,7385.0,760.2,619.0
EBL,11/19/2019,563.0,563.0,551.0,551.0,-0.36,2490.0,760.2,619.0
EBL,11/20/2019,555.0,562.0,551.0,555.0,0.73,9828.0,760.2,619.0
EBL,11/21/2019,551.0,551.0,548.0,548.0,-1.26,4642.0,760.2,619.0
EBL,11/24/2019,545.0,545.0,537.0,539.0,-1.64,9573.0,760.2,619.0
EBL,11/25/2019,529.0,539.0,529.0,538.0,-0.19,9179.0,760.2,619.0
EBL,11/26/2019,540.0,541.0,535.0,540.0,0.37,6640.0,760.2,619.0
EBL,11/27/2019,539.0,549.0,538.0,545.0,0.93,4137.0,760.2,619.0
EBL,11/28/2019,545.0,553.0,543.0,545.0,0.0,7980.0,760.2,619.0
EBL,12/1/2019,544.0,547.0,537.0,537.0,-1.47,6835.0,760.2,619.0
EBL,12/2/2019,537.0,541.0,537.0,539.0,0.37,4883.0,760.2,619.0
EBL,12/3/2019,540.0,543.0,537.0,541.0,0.37,5510.0,760.2,619.0
EBL,12/4/2019,550.0,551.0,542.0,546.0,0.92,3713.0,760.2,619.0
EBL,12/5/2019,544.0,552.0,543.0,546.0,0.0,4586.0,760.2,619.0
EBL,12/8/2019,546.0,550.0,543.0,546.0,0.0,7268.0,760.2,619.0
EBL,12/9/2019,541.0,556.0,541.0,551.0,0.92,6160.0,760.2,619.0
EBL,12/10/2019,560.0,569.0,550.0,556.0,0.91,5522.0,760.2,619.0
EBL,12/11/2019,563.0,564.0,560.0,563.0,1.26,4648.0,760.2,619.0
EBL,12/12/2019,572.0,572.0,560.0,563.0,0.0,11230.0,760.2,619.0
EBL,12/15/2019,563.0,583.0,563.0,576.0,2.31,13964.0,760.2,619.0
EBL,12/16/2019,579.0,579.0,568.0,575.0,-0.17,15557.0,760.2,619.0
EBL,12/17/2019,567.0,576.0,567.0,573.0,-0.35,7248.0,760.2,619.0
EBL,12/18/2019,570.0,575.0,570.0,570.0,-0.52,6042.0,760.2,619.0
EBL,12/19/2019,575.0,581.0,567.0,569.0,-0.18,15255.0,760.2,619.0
EBL,12/22/2019,532.0,532.0,525.0,526.0,-7.56,5771.0,760.2,619.0
EBL,12/23/2019,536.0,536.0,526.0,529.0,0.57,6140.0,760.2,619.0
EBL,12/24/2019,529.0,533.0,526.0,526.0,-0.57,7312.0,760.2,619.0
EBL,12/25/2019,528.0,528.0,525.0,526.0,0.0,3940.0,760.2,619.0
EBL,12/26/2019,525.0,527.0,525.0,527.0,0.19,3503.0,760.2,619.0
EBL,12/29/2019,526.0,528.0,525.0,525.0,-0.38,4555.0,760.2,619.0
EBL,12/30/2019,522.0,522.0,517.0,522.0,-0.57,7122.0,760.2,619.0
EBL,12/31/2019,522.0,530.0,520.0,525.0,0.57,5124.0,760.2,619.0
EBL,1/1/2020,525.0,525.0,523.0,525.0,0.0,3613.0,760.2,619.0
EBL,1/2/2020,528.0,530.0,524.0,527.0,0.38,6472.0,760.2,619.0
EBL,1/5/2020,527.0,546.0,527.0,542.0,2.85,12317.0,760.2,619.0
EBL,1/6/2020,550.0,563.0,550.0,558.0,2.95,25500.0,760.2,619.0
EBL,1/7/2020,563.0,588.0,563.0,585.0,4.84,25260.0,760.2,619.0
EBL,1/8/2020,595.0,603.0,577.0,585.0,0.0,21330.0,760.2,619.0
EBL,1/9/2020,584.0,591.0,580.0,586.0,0.17,10461.0,760.2,619.0
EBL,1/12/2020,595.0,599.0,589.0,596.0,1.71,11654.0,760.2,619.0
EBL,1/13/2020,603.0,619.0,603.0,604.0,1.34,17247.0,760.2,619.0
EBL,1/14/2020,604.0,605.0,585.0,596.0,-1.32,14918.0,760.2,619.0
EBL,1/15/2020,605.0,617.0,595.0,614.0,3.02,36287.0,760.2,619.0
EBL,1/16/2020,615.0,637.0,615.0,629.0,2.44,27215.0,760.2,619.0
EBL,1/19/2020,635.0,645.0,633.0,642.0,2.07,25366.0,760.2,619.0
EBL,1/20/2020,654.0,654.0,620.0,633.0,-1.4,20518.0,760.2,619.0
EBL,1/21/2020,632.0,634.0,622.0,628.0,-0.79,16221.0,760.2,619.0
EBL,1/22/2020,630.0,633.0,617.0,617.0,-1.75,16588.0,760.2,619.0
EBL,1/23/2020,616.0,622.0,610.0,612.0,-0.81,9960.0,760.2,619.0
EBL,1/26/2020,610.0,610.0,597.0,598.0,-2.29,20795.0,760.2,619.0
EBL,1/27/2020,598.0,610.0,598.0,610.0,2.01,14545.0,760.2,619.0
EBL,1/28/2020,613.0,627.0,613.0,616.0,0.98,10643.0,760.2,619.0
EBL,1/29/2020,615.0,617.0,612.0,616.0,0.0,11351.0,760.2,619.0
EBL,1/30/2020,625.0,633.0,617.0,630.0,2.27,20431.0,760.2,619.0
EBL,2/2/2020,640.0,657.0,640.0,657.0,4.29,48254.0,760.2,619.0
EBL,2/3/2020,675.0,675.0,651.0,654.0,-0.46,17963.0,760.2,619.0
EBL,2/4/2020,654.0,657.0,641.0,641.0,-1.99,16025.0,760.2,619.0
EBL,2/5/2020,650.0,650.0,643.0,646.0,0.78,6916.0,760.2,619.0
EBL,2/6/2020,645.0,646.0,638.0,641.0,-0.77,10379.0,760.2,619.0
EBL,2/9/2020,630.0,638.0,629.0,630.0,-1.72,5808.0,760.2,619.0
EBL,2/10/2020,637.0,637.0,626.0,627.0,-0.48,8871.0,760.2,619.0
EBL,2/11/2020,639.0,647.0,628.0,643.0,2.55,12689.0,760.2,619.0
EBL,2/12/2020,648.0,648.0,640.0,641.0,-0.31,14522.0,760.2,619.0
EBL,2/13/2020,645.0,645.0,638.0,639.0,-0.31,13289.0,760.2,619.0
EBL,2/16/2020,637.0,638.0,630.0,637.0,-0.31,13546.0,760.2,619.0
EBL,2/17/2020,649.0,675.0,649.0,670.0,5.18,51892.0,760.2,619.0
EBL,2/18/2020,674.0,683.0,665.0,670.0,0.0,48150.0,760.2,619.0
EBL,2/19/2020,670.0,672.0,659.0,665.0,-0.75,12346.0,760.2,619.0
EBL,2/20/2020,675.0,680.0,660.0,680.0,2.26,24088.0,760.2,619.0
EBL,2/23/2020,693.0,730.0,691.0,730.0,7.35,48160.0,760.2,619.0
EBL,2/24/2020,744.0,763.0,715.0,724.0,-0.82,67174.0,760.2,619.0
EBL,2/25/2020,738.0,740.0,700.0,740.0,2.21,29348.0,760.2,619.0
EBL,2/26/2020,750.0,800.0,745.0,800.0,8.11,48869.0,760.2,619.0
EBL,2/27/2020,800.0,880.0,775.0,880.0,10.0,127927.0,760.2,619.0
EBL,3/1/2020,897.0,932.0,848.0,864.0,-1.82,121923.0,760.2,619.0
EBL,3/2/2020,850.0,862.0,786.0,786.0,-9.03,57994.0,760.2,619.0
EBL,3/3/2020,775.0,837.0,736.0,813.0,3.44,130142.0,760.2,619.0
EBL,3/4/2020,814.0,819.0,762.0,764.0,-6.03,71316.0,760.2,619.0
EBL,3/5/2020,750.0,777.0,707.0,751.0,-1.7,48163.0,760.2,619.0
EBL,3/10/2020,736.0,751.0,695.0,695.0,-7.46,32287.0,760.2,619.0
EBL,3/11/2020,700.0,738.0,686.0,738.0,6.19,65770.0,760.2,619.0
EBL,3/12/2020,724.0,738.0,702.0,706.0,-4.34,51067.0,760.2,619.0
EBL,3/15/2020,712.0,712.0,650.0,652.0,-7.65,65534.0,760.2,619.0
EBL,3/16/2020,650.0,678.0,641.0,656.0,0.61,45835.0,760.2,619.0
EBL,3/17/2020,665.0,670.0,632.0,640.0,-2.44,50623.0,760.2,619.0
EBL,3/18/2020,633.0,648.0,594.0,620.0,-3.12,37433.0,760.2,619.0
EBL,3/19/2020,608.0,645.0,590.0,630.0,1.61,43107.0,760.2,619.0
EBL,3/22/2020,618.0,620.0,606.0,612.0,-2.86,5866.0,760.2,619.0
EBL,5/12/2020,600.0,600.0,594.0,594.0,-2.94,320.0,760.2,619.0
EBL,5/13/2020,583.0,583.0,577.0,577.0,-2.86,100.0,760.2,619.0
EBL,6/29/2020,566.0,566.0,520.0,561.0,-2.77,16005.0,760.2,619.0
EBL,6/30/2020,560.0,609.0,560.0,609.0,8.56,2524.0,760.2,619.0
EBL,7/1/2020,621.0,669.0,621.0,668.0,9.69,11225.0,760.2,619.0
EBL,7/2/2020,680.0,680.0,623.0,623.0,-6.74,17469.0,760.2,619.0
EBL,7/5/2020,623.0,635.0,601.0,630.0,1.12,19370.0,760.2,619.0
EBL,7/6/2020,630.0,640.0,620.0,640.0,1.59,12727.0,760.2,619.0
EBL,7/7/2020,652.0,672.0,644.0,661.0,3.28,25857.0,760.2,619.0
EBL,7/8/2020,665.0,670.0,650.0,660.0,-0.15,17497.0,760.2,619.0
EBL,7/9/2020,647.0,660.0,647.0,654.0,-0.91,18410.0,760.2,619.0
EBL,7/12/2020,667.0,667.0,654.0,654.0,0.0,14973.0,760.2,619.0
EBL,7/13/2020,686.0,686.0,658.0,663.0,1.38,11375.0,760.2,619.0
EBL,7/14/2020,652.0,669.0,652.0,663.0,0.0,14617.0,760.2,619.0
EBL,7/15/2020,668.0,693.0,660.0,675.0,1.81,43128.0,760.2,619.0
EBL,7/16/2020,682.0,697.0,681.0,693.0,2.67,30949.0,760.2,619.0
EBL,7/19/2020,725.0,762.0,725.0,762.0,9.96,674.0,760.2,619.0
EBL,7/20/2020,800.0,835.0,764.0,771.0,1.18,87498.0,760.2,619.0
EBL,7/21/2020,771.0,780.0,750.0,767.0,-0.52,46784.0,760.2,619.0
EBL,7/22/2020,775.0,775.0,750.0,755.0,-1.56,37256.0,760.2,619.0
EBL,7/23/2020,746.0,762.0,740.0,759.0,0.53,36388.0,760.2,619.0
EBL,7/26/2020,774.0,774.0,757.0,769.0,1.32,26268.0,760.2,619.0
EBL,7/27/2020,771.0,782.0,769.0,770.0,0.13,33183.0,760.2,619.0
EBL,7/28/2020,765.0,770.0,757.0,765.0,-0.65,23246.0,760.2,619.0
EBL,7/29/2020,727.0,757.0,727.0,748.0,-2.22,43196.0,760.2,619.0
EBL,7/30/2020,750.0,756.0,739.0,754.0,0.8,23942.0,760.2,619.0
EBL,8/2/2020,740.0,745.0,725.0,730.0,-3.18,38890.0,760.2,619.0
EBL,8/3/2020,719.0,734.0,706.0,734.0,0.55,32457.0,760.2,619.0
EBL,8/5/2020,730.0,745.0,710.0,721.0,-1.77,26135.0,760.2,619.0
EBL,8/6/2020,729.0,729.0,708.0,717.0,-0.55,15448.0,760.2,619.0
EBL,8/9/2020,706.0,718.0,700.0,718.0,0.14,14862.0,760.2,619.0
EBL,8/10/2020,718.0,741.0,717.0,735.0,2.37,25556.0,760.2,619.0
EBL,8/11/2020,740.0,745.0,725.0,725.0,-1.36,23489.0,760.2,619.0
EBL,8/12/2020,725.0,734.0,718.0,730.0,0.69,15587.0,760.2,619.0
EBL,8/13/2020,730.0,730.0,718.0,725.0,-0.68,21518.0,760.2,619.0
EBL,8/16/2020,713.0,719.0,707.0,712.0,-1.79,26192.0,760.2,619.0
EBL,8/17/2020,720.0,720.0,707.0,713.0,0.14,10939.0,760.2,619.0
EBL,8/18/2020,714.0,719.0,713.0,717.0,0.56,24756.0,760.2,619.0
EBL,8/19/2020,705.0,714.0,705.0,709.0,-1.12,11798.0,760.2,619.0
EBL,8/20/2020,709.0,717.0,703.0,710.0,0.14,6260.0,760.2,619.0
EBL,8/23/2020,723.0,723.0,708.0,713.0,0.42,10729.0,760.2,619.0
EBL,8/24/2020,719.0,726.0,716.0,720.0,0.98,14184.0,760.2,619.0
EBL,8/25/2020,729.0,729.0,718.0,720.0,0.0,11127.0,760.2,619.0
EBL,8/26/2020,729.0,743.0,719.0,731.0,1.53,30013.0,760.2,619.0
EBL,8/27/2020,732.0,741.0,730.0,730.0,-0.14,12725.0,760.2,619.0
EBL,8/30/2020,728.0,728.0,716.0,726.0,-0.55,4510.0,760.2,619.0
EBL,8/31/2020,737.0,737.0,725.0,729.0,0.41,31676.0,760.2,619.0
EBL,9/2/2020,735.0,752.0,730.0,744.0,2.06,65830.0,760.2,619.0
EBL,9/3/2020,744.0,753.0,735.0,748.0,0.54,25366.0,760.2,619.0
EBL,9/6/2020,757.0,765.0,735.0,736.0,-1.6,30374.0,760.2,619.0
EBL,9/7/2020,726.0,735.0,721.0,724.0,-1.63,22672.0,760.2,619.0
EBL,9/8/2020,734.0,735.0,716.0,725.0,0.14,12123.0,760.2,619.0
EBL,9/9/2020,720.0,727.0,711.0,723.0,-0.28,19782.0,760.2,619.0
EBL,9/10/2020,725.0,735.0,720.0,722.0,-0.14,17505.0,760.2,619.0
EBL,9/13/2020,721.0,736.0,711.0,735.0,1.8,100536.0,760.2,619.0
EBL,9/14/2020,740.0,746.0,736.0,736.0,0.14,28557.0,760.2,619.0
EBL,9/15/2020,739.0,742.0,725.0,731.0,-0.68,23366.0,760.2,619.0
EBL,9/16/2020,728.0,733.0,722.0,732.0,0.14,19331.0,760.2,619.0
EBL,9/17/2020,732.0,745.0,727.0,741.0,1.23,40742.0,760.2,619.0
EBL,9/20/2020,755.0,760.0,744.0,750.0,1.21,43675.0,760.2,619.0
EBL,9/21/2020,755.0,755.0,741.0,741.0,-1.2,23841.0,760.2,619.0
EBL,9/22/2020,745.0,745.0,731.0,733.0,-1.08,22895.0,760.2,619.0
EBL,9/23/2020,733.0,736.0,725.0,730.0,-0.41,18384.0,760.2,619.0
EBL,9/24/2020,730.0,733.0,724.0,729.0,-0.14,15955.0,760.2,619.0
EBL,9/27/2020,739.0,739.0,726.0,732.0,0.41,19903.0,760.2,619.0
EBL,9/28/2020,726.0,735.0,726.0,732.0,0.0,12493.0,760.2,619.0
EBL,9/29/2020,729.0,730.0,722.0,724.0,-1.09,15563.0,760.2,619.0
EBL,9/30/2020,730.0,730.0,719.0,720.0,-0.55,10455.0,760.2,619.0
EBL,10/1/2020,734.0,734.0,720.0,728.0,1.11,8997.0,760.2,619.0
EBL,10/4/2020,735.0,735.0,728.0,728.0,0.0,19676.0,760.2,619.0
EBL,10/5/2020,739.0,739.0,726.0,728.0,0.0,20608.0,760.2,619.0
EBL,10/6/2020,721.0,732.0,721.0,728.0,0.0,15501.0,760.2,619.0
EBL,10/7/2020,725.0,728.0,720.0,722.0,-0.82,28314.0,760.2,619.0
EBL,10/8/2020,730.0,730.0,720.0,721.0,-0.14,27508.0,760.2,619.0
EBL,10/11/2020,721.0,724.0,715.0,715.0,-0.83,23452.0,760.2,619.0
EBL,10/12/2020,725.0,725.0,709.0,720.0,0.7,25652.0,760.2,619.0
EBL,10/13/2020,719.0,720.0,715.0,717.0,-0.42,13813.0,760.2,619.0
EBL,10/14/2020,715.0,717.0,709.0,713.0,-0.56,23973.0,760.2,619.0
EBL,10/15/2020,715.0,720.0,710.0,711.0,-0.28,12510.0,760.2,619.0
EBL,10/18/2020,720.0,721.0,702.0,704.0,-0.98,19357.0,760.2,619.0
EBL,10/19/2020,704.0,709.0,704.0,705.0,0.14,21896.0,760.2,619.0
EBL,10/20/2020,710.0,714.0,704.0,705.0,0.0,33234.0,760.2,619.0
EBL,10/21/2020,718.0,719.0,707.0,712.0,0.99,52538.0,760.2,619.0
EBL,10/22/2020,719.0,720.0,709.0,718.0,0.84,67195.0,760.2,619.0
EBL,10/28/2020,725.0,739.0,725.0,739.0,2.92,62214.0,760.2,619.0
EBL,10/29/2020,748.0,754.0,738.0,740.0,0.14,43927.0,760.2,619.0
EBL,11/1/2020,748.0,748.0,720.0,722.0,-2.43,43319.0,760.2,619.0
EBL,11/2/2020,719.0,726.0,714.0,718.0,-0.55,36948.0,760.2,619.0
EBL,11/3/2020,717.0,720.0,712.0,718.0,0.0,23898.0,760.2,619.0
EBL,11/4/2020,722.0,730.0,716.0,717.0,-0.14,16992.0,760.2,619.0
EBL,11/5/2020,700.0,700.0,674.0,675.0,-5.86,240946.0,760.2,619.0
EBL,11/8/2020,670.0,682.0,669.0,671.0,-0.59,60053.0,760.2,619.0
EBL,11/9/2020,638.0,659.0,638.0,647.0,-3.58,149413.0,760.2,619.0
EBL,11/10/2020,645.0,663.0,640.0,652.0,0.77,76332.0,760.2,619.0
EBL,11/11/2020,655.0,659.0,651.0,653.0,0.15,82988.0,760.2,619.0
EBL,11/12/2020,660.0,666.0,653.0,661.0,1.23,70926.0,760.2,619.0
EBL,11/18/2020,661.0,661.0,654.0,658.0,-0.45,43537.0,760.2,619.0
EBL,11/19/2020,658.0,659.0,650.0,652.0,-0.91,84246.0,760.2,619.0
EBL,11/22/2020,654.0,670.0,654.0,665.0,1.99,116451.0,760.2,619.0
EBL,11/23/2020,675.0,677.0,660.0,662.0,-0.45,46703.0,760.2,619.0
EBL,11/24/2020,662.0,670.0,660.0,666.0,0.6,48049.0,760.2,619.0
EBL,11/25/2020,670.0,682.0,662.0,681.0,2.25,64816.0,760.2,619.0
EBL,11/26/2020,690.0,715.0,686.0,699.0,2.64,121320.0,760.2,619.0
EBL,11/29/2020,712.0,760.0,706.0,744.0,6.44,200518.0,760.2,619.0
EBL,11/30/2020,757.0,758.0,722.0,726.0,-2.42,134895.0,760.2,619.0
EBL,12/1/2020,712.0,724.0,703.0,705.0,-2.89,71533.0,760.2,619.0
EBL,12/2/2020,710.0,712.0,699.0,706.0,0.14,77551.0,760.2,619.0
EBL,12/3/2020,710.0,724.0,701.0,702.0,-0.57,92338.0,760.2,619.0
EBL,12/6/2020,700.0,702.0,684.0,684.0,-2.56,62570.0,760.2,619.0
EBL,12/7/2020,680.0,705.0,677.0,702.0,2.63,58068.0,760.2,619.0
EBL,12/8/2020,710.0,710.0,686.0,691.0,-1.57,37715.0,760.2,619.0
EBL,12/9/2020,678.0,690.0,675.0,677.0,-2.03,51416.0,760.2,619.0
EBL,12/10/2020,669.0,686.0,665.0,686.0,1.33,28701.0,760.2,619.0
EBL,12/13/2020,694.0,710.0,688.0,709.0,3.35,67817.0,760.2,619.0
EBL,12/14/2020,714.0,720.0,700.0,714.0,0.71,71100.0,760.2,619.0
EBL,12/15/2020,745.0,745.0,703.0,708.0,-0.84,46551.0,760.2,619.0
EBL,12/16/2020,740.0,740.0,700.0,704.0,-0.56,41759.0,760.2,619.0
EBL,12/17/2020,700.0,710.0,698.0,706.0,0.28,66712.0,760.2,619.0
EBL,12/20/2020,706.0,706.0,683.0,686.0,-2.83,94760.0,760.2,619.0
EBL,12/21/2020,679.0,700.0,666.0,687.0,0.15,70394.0,760.2,619.0
EBL,12/22/2020,700.0,715.0,697.0,714.0,3.93,111357.0,760.2,619.0
EBL,12/23/2020,719.0,740.0,697.0,714.0,0.0,107334.0,760.2,619.0
EBL,12/24/2020,745.0,745.0,708.0,715.0,0.14,74155.0,760.2,619.0
EBL,12/27/2020,690.0,694.0,680.0,681.0,-4.76,63772.0,760.2,619.0
EBL,12/28/2020,681.0,685.0,670.0,680.0,-0.15,34621.0,760.2,619.0
EBL,12/29/2020,690.0,690.0,671.0,672.0,-1.18,21751.0,760.2,619.0
EBL,12/30/2020,672.0,720.0,672.0,720.0,7.14,121502.0,760.2,619.0
EBL,12/31/2020,725.0,792.0,725.0,768.0,6.67,311306.0,760.2,619.0
EBL,1/3/2021,790.0,825.0,783.0,822.0,7.03,238060.0,760.2,619.0
EBL,1/4/2021,835.0,835.0,777.0,794.0,-3.41,173915.0,760.2,619.0
EBL,1/5/2021,793.0,793.0,770.0,780.0,-1.76,71975.0,760.2,619.0
EBL,1/6/2021,775.0,790.0,769.0,773.0,-0.9,64056.0,760.2,619.0
EBL,1/7/2021,785.0,790.0,773.0,783.0,1.29,75375.0,760.2,619.0
EBL,1/10/2021,744.0,799.0,744.0,782.0,-0.13,60149.0,760.2,619.0
EBL,1/11/2021,779.0,809.0,773.0,794.0,1.53,129139.0,760.2,619.0
EBL,1/12/2021,795.0,809.0,790.0,806.0,1.51,85527.0,760.2,619.0
EBL,1/13/2021,814.0,816.0,803.0,803.0,-0.37,78532.0,760.2,619.0
EBL,1/17/2021,815.0,849.0,810.0,836.0,4.11,148906.0,760.2,619.0
EBL,1/18/2021,848.0,852.0,833.0,835.0,-0.12,129661.0,760.2,619.0
EBL,1/19/2021,836.0,842.0,813.0,821.0,-1.68,91813.0,760.2,619.0
EBL,1/20/2021,815.0,819.0,807.0,809.0,-1.46,62063.0,760.2,619.0
EBL,1/21/2021,810.0,815.0,802.0,805.0,-0.49,72165.0,760.2,619.0
EBL,1/24/2021,810.0,825.0,804.0,823.0,2.24,94462.0,760.2,619.0
EBL,1/25/2021,822.0,839.0,811.0,833.0,1.22,108014.0,760.2,619.0
EBL,1/26/2021,835.0,835.0,815.0,816.0,-2.04,56652.0,760.2,619.0
EBL,1/27/2021,818.0,830.0,810.0,820.0,0.49,77835.0,760.2,619.0
EBL,1/28/2021,804.0,811.0,790.0,790.0,-3.66,144917.0,760.2,619.0
EBL,1/31/2021,785.0,785.0,765.0,770.0,-2.53,114235.0,760.2,619.0
EBL,2/1/2021,770.0,784.0,766.0,772.0,0.26,109978.0,760.2,619.0
EBL,2/2/2021,780.0,800.0,770.0,800.0,3.63,81112.0,760.2,619.0
EBL,2/3/2021,814.0,816.0,780.0,782.0,-2.25,51488.0,760.2,619.0
EBL,2/4/2021,790.0,790.0,768.0,774.0,-1.02,51579.0,760.2,619.0
EBL,2/7/2021,779.0,779.0,766.0,776.0,0.26,64203.0,760.2,619.0
EBL,2/8/2021,779.0,803.0,774.0,792.0,2.06,71627.0,760.2,619.0
EBL,2/9/2021,807.0,820.0,775.0,782.0,-1.26,44848.0,760.2,619.0
EBL,2/10/2021,790.0,797.0,770.0,779.0,-0.38,37489.0,760.2,619.0
EBL,2/11/2021,780.0,798.0,778.0,785.0,0.77,72238.0,760.2,619.0
EBL,2/14/2021,789.0,790.0,775.0,775.0,-1.27,51502.0,760.2,619.0
EBL,2/15/2021,790.0,800.0,779.0,797.0,2.84,93653.0,760.2,619.0
EBL,2/16/2021,805.0,808.0,781.0,791.0,-0.75,104697.0,760.2,619.0
EBL,2/17/2021,830.0,830.0,789.0,814.0,2.91,185645.0,760.2,619.0
EBL,2/18/2021,854.0,854.0,810.0,838.0,2.95,267682.0,760.2,619.0
EBL,2/21/2021,850.0,850.0,827.0,834.0,-0.48,119367.0,760.2,619.0
EBL,2/22/2021,838.0,838.0,808.0,813.0,-2.52,140427.0,760.2,619.0
EBL,2/23/2021,805.0,821.0,791.0,816.0,0.37,68861.0,760.2,619.0
EBL,2/24/2021,809.0,864.0,804.0,832.0,1.96,205223.0,760.2,619.0
EBL,2/25/2021,832.0,832.0,801.0,805.0,-3.25,105579.0,760.2,619.0
EBL,2/28/2021,805.0,805.0,776.0,781.0,-2.98,96593.0,760.2,619.0
EBL,3/1/2021,781.0,799.0,768.0,789.0,1.02,71567.0,760.2,619.0
EBL,3/2/2021,800.0,804.0,760.0,765.0,-3.04,64371.0,760.2,619.0
EBL,3/3/2021,770.0,770.0,740.0,753.0,-1.57,67281.0,760.2,619.0
EBL,3/4/2021,780.0,781.0,755.0,777.0,3.19,51827.0,760.2,619.0
EBL,3/7/2021,772.0,783.0,755.0,767.0,-1.29,46468.0,760.2,619.0
EBL,3/9/2021,770.0,770.0,753.0,756.0,-1.43,36921.0,760.2,619.0
EBL,3/10/2021,760.0,778.0,751.0,752.0,-0.53,32179.0,760.2,619.0
EBL,3/14/2021,763.0,763.0,735.0,740.0,-1.6,56246.0,760.2,619.0
EBL,3/15/2021,733.0,748.0,723.0,723.0,-2.3,81855.0,760.2,619.0
EBL,3/16/2021,723.0,744.0,721.0,725.0,0.28,31280.0,760.2,619.0
EBL,3/17/2021,735.0,738.0,723.0,735.0,1.38,15356.0,760.2,619.0
EBL,3/18/2021,736.0,747.0,733.0,734.0,-0.14,69097.0,760.2,619.0
EBL,3/21/2021,748.0,750.0,736.0,745.0,1.5,21883.0,760.2,619.0
EBL,3/22/2021,752.0,753.0,735.0,736.0,-1.21,34545.0,760.2,619.0
EBL,3/23/2021,730.0,740.0,730.0,733.0,-0.41,26414.0,760.2,619.0
EBL,3/24/2021,732.0,744.0,725.0,743.0,1.36,29102.0,760.2,619.0
EBL,3/25/2021,750.0,750.0,735.0,735.0,-1.08,22482.0,760.2,619.0
EBL,3/29/2021,736.0,739.0,727.0,737.0,0.27,25119.0,760.2,619.0
EBL,3/30/2021,732.0,739.0,731.0,736.0,-0.14,21094.0,760.2,619.0
EBL,3/31/2021,736.0,765.0,735.0,755.0,2.58,42469.0,760.2,619.0
EBL,4/1/2021,760.0,769.0,752.0,752.0,-0.4,29185.0,760.2,619.0
EBL,4/4/2021,752.0,755.0,741.0,748.0,-0.53,31251.0,760.2,619.0
EBL,4/5/2021,760.0,765.0,746.0,747.0,-0.13,41431.0,760.2,619.0
EBL,4/6/2021,751.0,751.0,740.0,744.0,-0.4,30265.0,760.2,619.0
EBL,4/7/2021,750.0,758.0,741.0,750.0,0.81,39841.0,760.2,619.0
EBL,4/8/2021,740.0,760.0,740.0,747.0,-0.4,25140.0,760.2,619.0
EBL,4/12/2021,740.0,780.0,740.0,768.0,2.81,69123.0,760.2,619.0
EBL,4/13/2021,806.0,806.0,770.0,801.0,4.3,119986.0,760.2,619.0
EBL,4/15/2021,841.0,841.0,802.0,814.0,1.62,143622.0,760.2,619.0
EBL,4/18/2021,815.0,834.0,800.0,811.0,-0.37,1086498.0,760.2,619.0
EBL,4/19/2021,811.0,814.0,788.0,789.0,-2.71,97109.0,760.2,619.0
EBL,4/20/2021,789.0,799.0,778.0,785.0,-0.51,52731.0,760.2,619.0
EBL,4/21/2021,784.0,784.0,767.0,770.0,-1.91,50076.0,760.2,619.0
EBL,4/22/2021,770.0,785.0,755.0,774.0,0.52,34174.0,760.2,619.0
EBL,4/25/2021,770.0,770.0,739.0,749.0,-3.23,77434.0,760.2,619.0
EBL,4/26/2021,750.0,750.0,720.0,725.0,-3.2,73419.0,760.2,619.0
EBL,4/27/2021,712.0,742.0,710.0,742.0,2.34,78321.0,760.2,619.0
EBL,4/28/2021,740.0,740.0,720.0,732.0,-1.35,27044.0,760.2,619.0
EBL,4/29/2021,727.0,733.0,719.0,729.0,-0.41,53554.0,760.2,619.0
EBL,5/2/2021,725.0,743.0,720.0,743.0,1.92,48838.0,760.2,619.0
EBL,5/3/2021,743.0,745.0,729.0,733.0,-1.35,63606.0,760.2,619.0
EBL,5/4/2021,722.0,742.0,722.0,730.0,-0.41,28630.0,760.2,619.0
EBL,5/5/2021,766.0,766.0,725.0,729.0,-0.14,20355.0,760.2,619.0
EBL,5/6/2021,765.0,765.0,724.0,725.0,-0.55,43839.0,760.2,619.0
EBL,5/9/2021,761.0,761.0,720.0,725.0,0.0,33218.0,760.2,619.0
EBL,5/10/2021,730.0,730.0,720.0,726.0,0.14,19470.0,760.2,619.0
EBL,5/11/2021,691.0,736.0,691.0,726.0,0.0,50086.0,760.2,619.0
EBL,5/12/2021,726.0,730.0,721.0,726.0,0.0,19404.0,760.2,619.0
EBL,5/13/2021,727.0,729.0,721.0,722.0,-0.55,28012.0,760.2,619.0
EBL,5/16/2021,735.0,737.0,723.0,737.0,2.08,119258.0,760.2,619.0
EBL,5/17/2021,740.0,749.0,734.0,737.0,0.0,46533.0,760.2,619.0
EBL,5/18/2021,755.0,755.0,733.0,737.0,0.0,42382.0,760.2,619.0
EBL,5/19/2021,741.0,749.0,735.0,738.0,0.14,99076.0,760.2,619.0
EBL,5/20/2021,745.0,745.0,735.0,740.0,0.27,42582.0,760.2,619.0
EBL,5/23/2021,740.0,765.0,728.0,758.0,2.43,99053.0,760.2,619.0
EBL,5/24/2021,759.0,770.0,748.0,754.0,-0.53,81516.0,760.2,619.0
EBL,5/25/2021,754.0,754.0,740.0,743.0,-1.46,45636.0,760.2,619.0
EBL,5/27/2021,740.0,745.0,733.0,739.0,-0.54,46010.0,760.2,619.0
EBL,5/30/2021,749.0,750.0,736.0,737.0,-0.27,76624.0,760.2,619.0
EBL,5/31/2021,737.0,744.0,730.0,730.0,-0.95,59791.0,760.2,619.0
EBL,6/1/2021,730.0,736.0,725.0,728.0,-0.27,39947.0,760.2,619.0
EBL,6/2/2021,728.0,732.0,723.0,729.0,0.14,24800.0,760.2,619.0
EBL,6/3/2021,730.0,746.0,730.0,733.0,0.55,75821.0,760.2,619.0
EBL,6/6/2021,739.0,763.0,739.0,750.0,2.32,131631.0,760.2,619.0
EBL,6/7/2021,765.0,779.0,735.0,739.0,-1.47,88626.0,760.2,619.0
EBL,6/8/2021,735.0,748.0,733.0,740.0,0.14,69274.0,760.2,619.0
EBL,6/9/2021,741.0,745.0,736.0,736.0,-0.54,72340.0,760.2,619.0
EBL,6/10/2021,736.0,739.0,728.0,730.0,-0.82,74893.0,760.2,619.0
EBL,6/13/2021,732.0,760.0,722.0,740.0,1.37,169191.0,760.2,619.0
EBL,6/14/2021,740.0,775.0,740.0,768.0,3.78,330226.0,760.2,619.0
EBL,6/15/2021,775.0,811.0,766.0,768.0,0.0,170572.0,760.2,619.0
EBL,6/16/2021,774.0,784.0,753.0,761.0,-0.91,108958.0,760.2,619.0
EBL,6/17/2021,770.0,771.0,750.0,755.0,-0.79,79509.0,760.2,619.0
EBL,6/20/2021,750.0,754.0,736.0,740.0,-1.99,107650.0,760.2,619.0
EBL,6/21/2021,731.0,748.0,726.0,730.0,-1.35,48350.0,760.2,619.0
EBL,6/22/2021,735.0,746.0,726.0,736.0,0.82,42220.0,760.2,619.0
EBL,6/23/2021,700.0,750.0,700.0,730.0,-0.82,51024.0,760.2,619.0
EBL,6/24/2021,730.0,740.0,723.0,727.0,-0.41,51112.0,760.2,619.0
EBL,6/27/2021,730.0,744.0,722.0,741.0,1.93,51589.0,760.2,619.0
EBL,6/28/2021,743.0,754.0,736.0,740.0,-0.13,33456.0,760.2,619.0
EBL,6/29/2021,736.0,740.0,727.0,731.0,-1.22,38681.0,760.2,619.0
EBL,6/30/2021,725.0,730.0,720.0,727.0,-0.55,42693.0,760.2,619.0
EBL,7/1/2021,727.0,735.0,726.0,730.0,0.41,19289.0,760.2,619.0
EBL,7/4/2021,730.0,737.0,718.0,729.0,-0.14,29971.0,760.2,619.0
EBL,7/5/2021,730.0,730.0,722.0,723.0,-0.82,17403.0,760.2,619.0
EBL,7/6/2021,720.0,737.0,720.0,726.0,0.41,23217.0,760.2,619.0
EBL,7/7/2021,726.0,730.0,722.0,723.0,-0.41,17861.0,760.2,619.0
EBL,7/8/2021,723.0,740.0,723.0,735.0,1.66,53510.0,760.2,619.0
EBL,7/11/2021,744.0,750.0,735.0,749.0,1.9,83490.0,760.2,619.0
EBL,7/12/2021,745.0,757.0,735.0,736.0,-1.74,81348.0,760.2,619.0
EBL,7/13/2021,738.0,745.0,735.0,737.0,0.14,28314.0,760.2,619.0
EBL,7/14/2021,737.0,745.0,733.0,735.0,-0.27,21826.0,760.2,619.0
EBL,7/15/2021,771.0,771.0,733.0,738.0,0.41,23296.0,760.2,619.0
EBL,7/18/2021,744.0,777.0,744.0,770.0,4.34,147887.0,760.2,619.0
EBL,7/19/2021,785.4,795.0,768.0,768.0,-0.26,121606.0,760.2,619.0
EBL,7/20/2021,779.0,779.0,759.0,761.0,-0.91,51553.0,760.2,619.0
EBL,7/22/2021,768.0,789.0,761.0,770.0,1.18,84973.0,760.2,619.0
EBL,7/25/2021,785.0,793.5,771.0,790.0,2.6,151904.0,760.2,619.0
EBL,7/26/2021,798.5,805.0,766.0,774.0,-2.03,123873.0,760.2,619.0
EBL,7/27/2021,770.0,779.0,750.0,774.0,0.0,71870.0,760.2,619.0
EBL,7/28/2021,785.0,785.0,764.1,767.0,-0.9,74738.0,760.2,619.0
EBL,7/29/2021,767.0,773.0,762.3,765.8,-0.16,72819.0,760.2,619.0
EBL,8/1/2021,762.0,780.0,759.3,763.0,-0.37,94661.0,760.2,619.0
EBL,8/2/2021,765.0,770.0,755.0,762.0,-0.13,66852.0,760.2,619.0
EBL,8/3/2021,775.0,775.0,760.0,767.0,0.66,62224.0,760.2,619.0
EBL,8/4/2021,782.3,782.3,761.0,762.0,-0.65,58502.0,760.2,619.0
EBL,8/5/2021,764.0,771.0,760.0,760.0,-0.26,74147.0,760.2,619.0
EBL,8/8/2021,764.0,772.0,755.0,761.0,0.13,59802.0,760.2,619.0
EBL,8/9/2021,756.7,765.0,755.0,760.0,-0.13,59570.0,760.2,619.0
EBL,8/10/2021,775.0,780.0,755.0,772.0,1.58,78917.0,760.2,619.0
EBL,8/11/2021,773.0,780.0,762.0,766.0,-0.78,75303.0,760.2,619.0
EBL,8/12/2021,766.0,772.0,761.0,768.0,0.26,72199.0,760.2,619.0
EBL,8/15/2021,752.7,775.0,750.0,761.1,-0.9,109954.0,760.2,619.0
EBL,8/16/2021,770.0,770.0,755.0,758.8,-0.3,93243.0,760.2,619.0
EBL,8/17/2021,758.0,765.0,752.6,754.0,-0.63,78942.0,760.2,619.0
EBL,8/18/2021,754.0,766.8,745.1,759.0,0.66,86901.0,760.2,619.0
EBL,8/19/2021,759.0,768.0,755.0,759.0,0.0,62270.0,760.2,619.0
EBL,8/24/2021,760.0,774.0,755.0,762.0,0.4,128350.0,760.2,619.0
EBL,8/25/2021,762.0,762.0,748.0,748.0,-1.84,57858.0,760.2,619.0
EBL,8/26/2021,748.0,758.9,740.0,746.0,-0.27,60566.0,760.2,619.0
EBL,8/29/2021,748.0,748.0,735.0,739.0,-0.94,145520.0,760.2,619.0
EBL,8/31/2021,734.0,740.0,729.0,729.5,-1.29,85469.0,760.2,619.0
EBL,9/1/2021,740.0,742.0,730.0,735.0,0.75,48073.0,760.2,619.0
EBL,9/2/2021,736.0,740.0,719.0,727.0,-1.09,55505.0,760.2,619.0
EBL,9/5/2021,720.1,730.0,700.0,700.0,-3.71,94032.0,760.2,619.0
EBL,9/6/2021,701.0,753.9,701.0,753.9,7.7,64590.0,760.2,619.0
EBL,9/7/2021,750.0,750.0,726.0,728.0,-3.44,58356.0,760.2,619.0
EBL,9/8/2021,728.0,730.0,714.0,720.0,-1.1,30938.0,760.2,619.0
EBL,9/9/2021,716.0,743.0,716.0,724.0,0.56,34966.0,760.2,619.0
EBL,9/12/2021,724.0,735.0,720.0,732.0,1.1,48111.0,760.2,619.0
EBL,9/13/2021,722.0,741.0,722.0,737.5,0.75,57122.0,760.2,619.0
EBL,9/14/2021,728.0,745.0,728.0,740.0,0.34,32417.0,760.2,619.0
EBL,9/15/2021,740.0,740.0,726.0,726.0,-1.89,28330.0,760.2,619.0
EBL,9/16/2021,720.0,720.0,708.2,713.0,-1.79,42233.0,760.2,619.0
EBL,9/20/2021,712.0,715.0,696.0,699.0,-1.96,65052.0,760.2,619.0
EBL,9/21/2021,710.0,717.0,677.1,699.0,0.0,61810.0,760.2,619.0
EBL,9/22/2021,712.0,716.0,706.0,714.0,2.15,29860.0,760.2,619.0
EBL,9/23/2021,728.2,748.0,722.0,729.0,2.1,103748.0,760.2,619.0
EBL,9/26/2021,743.5,750.0,731.0,735.0,0.82,80164.0,760.2,619.0
EBL,9/27/2021,735.0,735.0,710.3,721.0,-1.9,59923.0,760.2,619.0
EBL,9/28/2021,708.0,722.0,703.1,708.0,-1.8,37926.0,760.2,619.0
EBL,9/29/2021,708.0,722.0,705.1,721.0,1.84,40253.0,760.2,619.0
EBL,9/30/2021,711.0,721.0,707.0,713.8,-1.0,32163.0,760.2,619.0
EBL,10/3/2021,715.0,715.0,695.0,697.5,-2.28,45595.0,760.2,619.0
EBL,10/4/2021,697.0,709.0,692.1,696.0,-0.22,24531.0,760.2,619.0
EBL,10/5/2021,705.0,709.0,701.0,707.0,1.58,11658.0,760.2,619.0
EBL,10/6/2021,710.0,721.0,707.0,711.9,0.69,33549.0,760.2,619.0
EBL,10/10/2021,726.0,726.0,700.0,700.0,-1.67,70850.0,760.2,619.0
EBL,10/11/2021,704.0,707.0,695.0,699.6,-0.06,44763.0,760.2,619.0
EBL,10/17/2021,712.9,733.0,700.0,714.0,2.06,28229.0,760.2,619.0
EBL,10/18/2021,710.0,710.0,699.8,700.1,-1.95,29060.0,760.2,619.0
EBL,10/19/2021,697.0,699.0,687.3,697.0,-0.44,43410.0,760.2,619.0
EBL,10/20/2021,710.9,723.5,698.0,707.0,1.43,74349.0,760.2,619.0
EBL,10/21/2021,717.9,718.2,696.0,705.2,-0.25,28462.0,760.2,619.0
EBL,10/24/2021,697.0,714.0,697.0,713.0,1.11,14376.0,760.2,619.0
EBL,10/25/2021,711.0,720.0,709.3,720.0,0.98,31214.0,760.2,619.0
EBL,10/26/2021,725.0,740.0,720.0,738.0,2.5,58529.0,760.2,619.0
EBL,10/27/2021,744.9,744.9,723.4,732.0,-0.81,39962.0,760.2,619.0
EBL,10/28/2021,738.0,745.0,730.1,739.0,0.96,46074.0,760.2,619.0
EBL,10/31/2021,724.3,724.3,668.3,691.0,-6.5,403999.0,760.2,619.0
EBL,11/1/2021,700.0,700.0,674.4,674.4,-2.4,131222.0,760.2,619.0
EBL,11/2/2021,670.0,679.0,666.0,670.0,-0.65,76516.0,760.2,619.0
EBL,11/3/2021,678.9,678.9,660.0,661.0,-1.34,96595.0,760.2,619.0
EBL,11/8/2021,658.0,665.0,655.1,657.0,-0.61,47213.0,760.2,619.0
EBL,11/9/2021,652.9,659.9,645.1,645.2,-1.8,54808.0,760.2,619.0
EBL,11/11/2021,645.0,645.1,633.0,633.0,-1.89,60006.0,760.2,619.0
EBL,11/14/2021,630.0,630.0,621.0,623.0,-1.58,44165.0,760.2,619.0
EBL,11/15/2021,630.0,630.0,620.0,620.5,-0.4,30352.0,760.2,619.0
EBL,11/16/2021,625.0,640.3,618.0,636.0,2.5,53001.0,760.2,619.0
EBL,11/17/2021,639.9,639.9,624.0,625.0,-1.73,33519.0,760.2,619.0
EBL,11/18/2021,637.0,637.5,618.3,620.0,-0.8,33125.0,760.2,619.0
EBL,11/21/2021,625.0,625.0,616.0,619.0,-0.16,30660.0,760.2,619.0
EBL,11/22/2021,619.0,622.9,614.1,615.3,-0.6,28278.0,760.2,619.0
EBL,11/23/2021,613.5,618.0,600.0,607.0,-1.35,62740.0,760.2,619.0
EBL,11/24/2021,608.0,609.0,596.0,600.0,-1.15,64982.0,760.2,619.0
EBL,11/25/2021,601.0,609.0,600.0,603.0,0.5,35866.0,760.2,619.0
EBL,11/28/2021,595.0,598.9,586.1,590.0,-2.16,33437.0,760.2,619.0
EBL,11/29/2021,590.0,591.0,582.0,585.0,-0.85,23439.0,760.2,619.0
EBL,11/30/2021,580.0,595.0,580.0,588.0,0.51,17277.0,760.2,619.0
EBL,12/1/2021,590.0,594.0,582.0,588.0,0.0,16890.0,760.2,619.0
EBL,12/2/2021,585.0,587.9,580.0,583.0,-0.85,35693.0,760.2,619.0
EBL,12/5/2021,550.0,550.0,536.0,538.0,-7.72,26581.0,760.2,619.0
EBL,12/6/2021,534.0,548.7,530.0,539.0,0.19,26969.0,760.2,619.0
EBL,12/7/2021,539.0,549.6,535.1,535.1,-0.72,17246.0,760.2,619.0
EBL,12/8/2021,537.0,537.0,526.0,529.0,-1.14,36254.0,760.2,619.0
EBL,12/9/2021,532.0,535.0,527.0,534.0,0.95,19000.0,760.2,619.0
EBL,12/12/2021,527.5,535.0,524.0,525.5,-1.59,32883.0,760.2,619.0
EBL,12/13/2021,520.1,535.0,515.0,521.1,-0.84,32370.0,760.2,619.0
EBL,12/14/2021,531.0,541.0,521.0,541.0,3.82,12697.0,760.2,619.0
EBL,12/15/2021,550.0,550.0,525.1,527.4,-2.51,23875.0,760.2,619.0
EBL,12/16/2021,528.0,530.0,522.0,523.0,-0.83,15383.0,760.2,619.0
EBL,12/20/2021,523.0,526.0,520.0,522.0,-0.19,13810.0,760.2,619.0
EBL,12/21/2021,526.0,535.0,521.0,535.0,2.49,16745.0,760.2,619.0
EBL,12/22/2021,540.0,543.0,535.0,538.3,0.62,21159.0,760.2,619.0
EBL,12/23/2021,548.0,548.0,535.0,540.0,0.32,18732.0,760.2,619.0
EBL,12/26/2021,540.0,549.9,535.0,543.0,0.56,35252.0,760.2,619.0
EBL,12/27/2021,543.0,545.0,533.0,533.1,-1.82,24159.0,760.2,619.0
EBL,12/28/2021,525.6,536.0,525.6,536.0,0.54,13145.0,760.2,619.0
EBL,12/29/2021,536.0,540.0,526.2,535.3,-0.13,14984.0,760.2,619.0
EBL,1/2/2022,536.0,551.8,532.0,548.0,2.37,40142.0,760.2,619.0
EBL,1/3/2022,552.0,576.0,551.1,573.9,4.73,65836.0,760.2,619.0
EBL,1/4/2022,571.0,625.0,560.1,615.0,7.16,77227.0,760.2,619.0
EBL,1/5/2022,615.0,618.9,591.0,597.0,-2.93,70010.0,760.2,619.0
EBL,1/6/2022,598.0,618.0,588.4,614.0,2.85,40796.0,760.2,619.0
EBL,1/9/2022,624.0,630.0,612.5,619.0,0.81,61734.0,760.2,619.0
EBL,1/10/2022,629.0,629.0,605.0,610.0,-1.45,32762.0,760.2,619.0
EBL,1/11/2022,610.0,620.0,605.0,613.0,0.49,26056.0,760.2,619.0
EBL,1/12/2022,611.0,616.0,599.1,600.0,-2.12,42536.0,760.2,619.0
EBL,1/13/2022,600.0,604.0,595.7,604.0,0.67,31878.0,760.2,619.0
EBL,1/16/2022,606.0,621.0,602.3,610.0,0.99,67142.0,760.2,619.0
EBL,1/17/2022,621.0,635.0,615.0,626.0,2.62,59378.0,760.2,619.0
EBL,1/18/2022,630.0,640.0,623.0,630.0,0.64,75571.0,760.2,619.0
EBL,1/19/2022,630.0,632.0,614.0,615.0,-2.38,26605.0,760.2,619.0
EBL,1/20/2022,615.0,615.0,605.0,615.0,0.0,45429.0,760.2,619.0
EBL,1/23/2022,610.0,612.0,597.0,601.0,-2.28,48168.0,760.2,619.0
EBL,1/24/2022,596.0,597.0,579.0,582.0,-3.16,46044.0,760.2,619.0
EBL,1/25/2022,582.0,593.6,578.2,583.0,0.17,18845.0,760.2,619.0
EBL,1/26/2022,585.0,588.0,576.0,578.0,-0.86,13258.0,760.2,619.0
EBL,1/27/2022,578.0,588.0,576.0,576.0,-0.35,12623.0,760.2,619.0
EBL,1/30/2022,587.0,604.0,581.3,594.9,3.28,19498.0,760.2,619.0
EBL,1/31/2022,595.0,595.0,580.0,583.0,-2.0,23495.0,760.2,619.0
EBL,2/1/2022,576.0,585.0,576.0,585.0,0.34,28069.0,760.2,619.0
EBL,2/3/2022,590.0,595.0,585.0,585.0,0.0,29116.0,760.2,619.0
EBL,2/6/2022,583.0,585.0,578.0,580.0,-0.85,9840.0,760.2,619.0
EBL,2/7/2022,578.0,585.0,576.1,577.5,-0.43,8586.0,760.2,619.0
EBL,2/8/2022,589.0,600.7,571.3,579.8,0.4,20323.0,760.2,619.0
EBL,2/9/2022,573.0,578.0,571.0,572.0,-1.35,11995.0,760.2,619.0
EBL,2/10/2022,572.0,572.0,565.0,568.0,-0.7,17118.0,760.2,619.0
EBL,2/13/2022,561.0,561.0,550.0,557.0,-1.94,24188.0,760.2,619.0
EBL,2/14/2022,557.0,568.1,550.0,550.5,-1.17,26716.0,760.2,619.0
EBL,2/15/2022,550.1,556.0,547.0,552.0,0.27,20932.0,760.2,619.0
EBL,2/16/2022,552.1,573.0,550.0,554.0,0.36,12086.0,760.2,619.0
EBL,2/17/2022,552.2,564.5,550.0,555.9,0.34,13723.0,760.2,619.0
EBL,2/20/2022,544.8,562.0,540.0,562.0,1.1,14121.0,760.2,619.0
EBL,2/21/2022,567.0,578.0,551.5,578.0,2.85,23725.0,760.2,619.0
EBL,2/22/2022,578.0,601.0,565.0,601.0,3.98,22719.0,760.2,619.0
EBL,2/23/2022,589.0,594.9,576.3,582.0,-3.16,30550.0,760.2,619.0
EBL,2/24/2022,577.0,577.0,562.0,565.0,-2.92,14046.0,760.2,619.0
EBL,2/27/2022,560.0,568.0,555.0,559.0,-1.06,20000.0,760.2,619.0
EBL,2/28/2022,559.0,570.0,553.0,553.0,-1.07,11179.0,760.2,619.0
EBL,3/2/2022,548.0,549.0,536.0,539.0,-2.53,34679.0,760.2,619.0
EBL,3/6/2022,540.0,549.0,536.2,537.0,-0.37,10190.0,760.2,619.0
EBL,3/7/2022,547.0,547.0,537.0,540.0,0.56,19027.0,760.2,619.0
EBL,3/9/2022,537.0,540.0,531.0,536.0,-0.74,11289.0,760.2,619.0
EBL,3/10/2022,540.0,540.0,529.0,540.0,0.75,30144.0,760.2,619.0
EBL,3/13/2022,550.0,558.9,539.0,555.0,2.78,14235.0,760.2,619.0
EBL,3/14/2022,555.0,561.0,550.1,555.0,0.0,2387.0,760.2,619.0
EBL,3/15/2022,557.0,557.0,540.2,547.0,-1.44,19461.0,760.2,619.0
EBL,3/16/2022,540.1,556.0,540.1,544.0,-0.55,11603.0,760.2,619.0
EBL,3/20/2022,546.0,546.0,537.0,538.0,-1.1,11584.0,760.2,619.0
EBL,3/21/2022,540.0,544.9,533.1,544.0,1.12,15163.0,760.2,619.0
EBL,3/22/2022,549.9,553.0,543.0,546.0,0.37,11326.0,760.2,619.0
EBL,3/23/2022,545.5,553.0,536.0,539.0,-1.28,13480.0,760.2,619.0
EBL,3/24/2022,537.9,540.0,530.0,535.1,-0.72,15910.0,760.2,619.0
EBL,3/27/2022,531.1,539.0,528.6,530.0,-0.95,23543.0,760.2,619.0
EBL,3/28/2022,527.0,534.9,526.0,528.0,-0.38,9346.0,760.2,619.0
EBL,3/29/2022,530.0,530.0,524.1,525.0,-0.57,12564.0,760.2,619.0
EBL,3/30/2022,522.0,529.0,522.0,526.0,0.19,17772.0,760.2,619.0
EBL,3/31/2022,533.0,540.0,522.0,522.0,-0.76,20708.0,760.2,619.0
EBL,4/3/2022,523.0,525.0,520.3,521.0,-0.19,10005.0,760.2,619.0
EBL,4/4/2022,521.0,527.0,520.0,520.4,-0.12,10708.0,760.2,619.0
EBL,4/5/2022,518.0,519.0,512.0,515.5,-0.94,24410.0,760.2,619.0
EBL,4/6/2022,512.0,523.0,512.0,518.0,0.48,11576.0,760.2,619.0
EBL,4/7/2022,520.0,523.9,513.0,519.0,0.19,16193.0,760.2,619.0
EBL,4/11/2022,529.0,529.0,512.1,512.1,-1.33,19620.0,760.2,619.0
EBL,4/12/2022,520.0,520.0,508.0,514.0,0.37,15153.0,760.2,619.0
EBL,4/13/2022,515.0,519.0,507.0,519.0,0.97,25490.0,760.2,619.0
EBL,4/17/2022,512.0,520.0,511.0,512.0,-1.35,9172.0,760.2,619.0
EBL,4/18/2022,515.0,518.9,505.0,506.0,-1.17,12323.0,760.2,619.0
EBL,4/19/2022,505.0,513.8,501.0,508.0,0.4,10055.0,760.2,619.0
EBL,4/20/2022,502.1,512.0,502.0,503.0,-0.98,7915.0,760.2,619.0
EBL,4/21/2022,505.0,509.0,498.0,500.0,-0.6,25076.0,760.2,619.0
EBL,4/24/2022,509.0,519.9,504.0,510.0,2.0,13619.0,760.2,619.0
EBL,4/25/2022,510.0,520.0,508.0,513.0,0.59,8347.0,760.2,619.0
EBL,4/26/2022,512.0,512.0,503.3,506.0,-1.36,10245.0,760.2,619.0
EBL,4/27/2022,501.3,509.0,501.2,507.8,0.36,5553.0,760.2,619.0
EBL,4/28/2022,517.4,517.9,505.0,507.0,-0.16,5724.0,760.2,619.0
EBL,5/2/2022,501.2,506.0,500.0,501.9,-1.01,16604.0,760.2,619.0
EBL,5/4/2022,500.0,501.0,495.0,495.0,-1.37,11207.0,760.2,619.0
EBL,5/5/2022,500.0,500.0,490.0,495.0,0.0,12818.0,760.2,619.0
EBL,5/8/2022,496.0,496.0,486.0,495.0,0.0,15979.0,760.2,619.0
EBL,5/9/2022,490.0,503.8,490.0,499.0,0.81,21132.0,760.2,619.0
EBL,5/10/2022,508.0,508.0,495.0,500.1,0.22,9494.0,760.2,619.0
EBL,5/11/2022,503.0,512.0,501.0,510.0,1.98,6630.0,760.2,619.0
EBL,5/12/2022,502.2,512.0,502.2,504.0,-1.18,6458.0,760.2,619.0
EBL,5/17/2022,495.0,499.0,493.0,494.5,-1.88,7528.0,760.2,619.0
EBL,5/18/2022,490.0,496.0,490.0,495.0,0.1,4292.0,760.2,619.0
EBL,5/19/2022,504.9,509.0,494.0,494.0,-0.2,4908.0,760.2,619.0
EBL,5/20/2022,496.1,499.0,491.2,491.3,-0.55,4040.0,760.2,619.0
EBL,5/23/2022,495.0,495.0,486.0,486.0,-1.08,8843.0,760.2,619.0
EBL,5/24/2022,487.0,494.7,485.0,494.4,1.73,8840.0,760.2,619.0
EBL,5/25/2022,500.0,500.0,490.0,495.0,0.12,4972.0,760.2,619.0
EBL,5/26/2022,499.9,499.9,490.0,494.0,-0.2,8044.0,760.2,619.0
EBL,5/27/2022,493.0,496.0,486.1,488.0,-1.21,11789.0,760.2,619.0
EBL,5/30/2022,497.0,497.0,480.0,484.0,-0.82,11897.0,760.2,619.0
EBL,5/31/2022,475.2,484.5,475.0,480.0,-0.83,10917.0,760.2,619.0
EBL,6/1/2022,484.0,486.0,479.0,481.0,0.21,8708.0,760.2,619.0
EBL,6/2/2022,476.0,480.0,473.1,473.5,-1.56,8342.0,760.2,619.0
EBL,6/3/2022,482.9,482.9,460.0,462.6,-2.3,24101.0,760.2,619.0
EBL,6/6/2022,471.8,484.0,455.3,464.0,0.3,12312.0,760.2,619.0
EBL,6/7/2022,464.0,468.0,451.0,451.0,-2.8,14040.0,760.2,619.0
EBL,6/8/2022,460.0,468.7,450.0,468.7,3.92,9914.0,760.2,619.0
EBL,6/9/2022,478.0,478.0,460.1,463.0,-1.22,8716.0,760.2,619.0
EBL,6/10/2022,472.2,472.2,451.0,458.0,-1.08,10641.0,760.2,619.0
EBL,6/13/2022,467.1,467.1,451.0,456.9,-0.24,4841.0,760.2,619.0
EBL,6/14/2022,466.0,466.0,442.0,453.0,-0.85,18610.0,760.2,619.0
EBL,6/15/2022,462.0,462.0,440.0,447.0,-1.32,11180.0,760.2,619.0
EBL,6/16/2022,438.2,452.0,438.2,445.0,-0.45,8950.0,760.2,619.0
EBL,6/17/2022,453.0,460.0,443.0,445.0,0.0,3827.0,760.2,619.0
EBL,6/19/2022,453.9,453.9,438.1,439.0,-1.35,10887.0,760.2,619.0
EBL,6/20/2022,431.5,439.0,425.1,427.5,-2.62,25764.0,760.2,619.0
EBL,6/21/2022,428.0,460.0,426.8,450.8,5.45,12488.0,760.2,619.0
EBL,6/22/2022,459.8,459.8,438.1,445.0,-1.29,9723.0,760.2,619.0
EBL,6/23/2022,436.1,449.8,427.0,437.0,-1.8,12782.0,760.2,619.0
EBL,6/24/2022,445.0,445.0,428.3,434.0,-0.69,6860.0,760.2,619.0
EBL,6/26/2022,440.0,448.8,434.2,445.0,2.53,23201.0,760.2,619.0
EBL,6/27/2022,453.0,453.9,436.1,438.0,-1.57,10429.0,760.2,619.0
EBL,6/28/2022,431.1,439.0,425.0,439.0,0.23,6168.0,760.2,619.0
EBL,6/29/2022,447.0,447.0,436.1,442.5,0.8,5381.0,760.2,619.0
EBL,6/30/2022,449.9,458.0,436.3,456.9,3.25,25538.0,760.2,619.0
EBL,7/1/2022,460.0,463.0,440.0,450.0,-1.51,14686.0,760.2,619.0
EBL,7/3/2022,445.0,457.0,440.1,450.0,0.0,25264.0,760.2,619.0
EBL,7/4/2022,458.9,460.0,446.0,453.0,0.67,28728.0,760.2,619.0
EBL,7/5/2022,452.9,458.0,441.1,445.0,-1.77,15694.0,760.2,619.0
EBL,7/6/2022,438.5,452.0,436.1,444.5,-0.11,21473.0,760.2,619.0
EBL,7/7/2022,453.3,458.0,435.0,440.0,-1.01,26058.0,760.2,619.0
EBL,7/8/2022,440.0,440.0,431.5,434.0,-1.36,19636.0,760.2,619.0
EBL,7/11/2022,430.0,433.0,415.0,415.0,-4.38,49290.0,760.2,619.0
EBL,7/12/2022,422.9,423.0,411.0,413.0,-0.48,31522.0,760.2,619.0
EBL,7/13/2022,420.0,428.0,416.0,427.9,3.61,19351.0,760.2,619.0
EBL,7/14/2022,427.8,434.1,427.8,427.9,0.0,58706.0,760.2,619.0
EBL,7/15/2022,429.0,439.0,429.0,439.0,2.59,160802.0,760.2,619.0
EBL,7/17/2022,432.0,447.0,432.0,446.9,1.8,18180.0,760.2,619.0
EBL,7/18/2022,446.9,451.0,440.0,445.0,-0.43,17517.0,760.2,619.0
EBL,7/19/2022,440.0,458.7,436.2,457.9,2.9,226720.0,760.2,619.0
EBL,7/20/2022,457.0,462.0,453.0,459.4,0.33,36982.0,760.2,619.0
EBL,7/21/2022,460.0,469.2,456.1,459.1,-0.07,27282.0,760.2,619.0
EBL,7/22/2022,455.0,458.9,450.0,454.0,-1.11,20262.0,760.2,619.0
EBL,7/24/2022,454.1,469.0,452.6,469.0,3.3,33753.0,760.2,619.0
EBL,7/25/2022,473.0,488.0,468.2,488.0,4.05,49425.0,760.2,619.0
EBL,7/26/2022,482.0,482.0,470.0,472.0,-3.28,52514.0,760.2,619.0
EBL,7/27/2022,472.0,487.5,462.2,480.0,1.69,27302.0,760.2,619.0
EBL,7/28/2022,489.6,508.0,489.6,491.0,2.29,106912.0,760.2,619.0
EBL,7/29/2022,495.0,506.5,489.0,503.0,2.44,42128.0,760.2,619.0
EBL,7/31/2022,509.0,524.9,505.0,523.3,4.04,61945.0,760.2,619.0
EBL,8/1/2022,520.0,535.0,514.0,524.0,0.13,83411.0,760.2,619.0
EBL,8/2/2022,520.0,525.0,515.0,521.0,-0.57,41098.0,760.2,619.0
EBL,8/3/2022,520.0,528.0,506.2,510.0,-2.11,42544.0,760.2,619.0
EBL,8/4/2022,500.1,506.0,493.0,499.0,-2.16,69134.0,760.2,619.0
EBL,8/5/2022,491.1,500.0,489.5,495.0,-0.8,19105.0,760.2,619.0
EBL,8/7/2022,499.5,514.0,495.0,501.0,1.21,40536.0,760.2,619.0
EBL,8/8/2022,511.0,514.0,505.1,509.0,1.6,53748.0,760.2,619.0
EBL,8/9/2022,505.0,509.9,500.0,502.0,-1.38,35501.0,760.2,619.0
EBL,8/10/2022,502.0,504.9,495.0,501.2,-0.16,31386.0,760.2,619.0
EBL,8/11/2022,505.9,505.9,497.0,499.9,-0.26,24378.0,760.2,619.0
EBL,8/14/2022,500.0,503.9,496.0,496.2,-0.74,26181.0,760.2,619.0
EBL,8/15/2022,496.2,505.0,496.2,505.0,1.77,21492.0,760.2,619.0
EBL,8/16/2022,508.0,510.1,501.0,503.0,-0.4,17452.0,760.2,619.0
EBL,8/17/2022,501.0,508.0,501.0,506.0,0.6,18929.0,760.2,619.0
EBL,8/18/2022,515.0,515.0,505.0,510.5,0.89,19835.0,760.2,619.0
EBL,8/21/2022,515.0,519.0,512.6,515.5,0.98,28413.0,760.2,619.0
EBL,8/22/2022,513.0,515.0,510.0,511.3,-0.81,8567.0,760.2,619.0
EBL,8/23/2022,514.0,514.0,505.0,509.0,-0.45,14669.0,760.2,619.0
EBL,8/24/2022,513.0,515.0,508.0,510.0,0.2,48788.0,760.2,619.0
EBL,8/25/2022,515.0,515.0,505.0,508.9,-0.22,23470.0,760.2,619.0
EBL,8/26/2022,511.0,511.0,500.0,507.0,-0.37,26088.0,760.2,619.0
EBL,8/28/2022,507.0,507.0,491.0,496.0,-2.17,24947.0,760.2,619.0
EBL,8/29/2022,493.0,499.0,489.0,498.0,0.4,19092.0,760.2,619.0
EBL,8/30/2022,504.9,504.9,497.0,499.0,0.2,16801.0,760.2,619.0
EBL,8/31/2022,499.1,504.9,491.0,492.0,-1.4,16133.0,760.2,619.0
EBL,9/1/2022,497.0,497.0,485.1,490.0,-0.41,15782.0,760.2,619.0
EBL,9/2/2022,490.0,499.8,485.0,485.0,-1.02,10325.0,760.2,619.0
EBL,9/4/2022,494.7,494.7,482.0,488.9,0.8,18187.0,760.2,619.0
EBL,9/5/2022,495.0,495.0,485.2,487.0,-0.39,21382.0,760.2,619.0
EBL,9/6/2022,487.0,489.0,484.0,487.0,0.0,10871.0,760.2,619.0
EBL,9/7/2022,487.5,489.0,482.2,487.0,0.0,6937.0,760.2,619.0
EBL,9/8/2022,478.2,490.0,478.2,487.2,0.04,7789.0,760.2,619.0
EBL,9/11/2022,488.0,492.7,485.0,485.9,-0.27,8333.0,760.2,619.0
EBL,9/12/2022,488.0,488.0,480.4,480.5,-1.11,10503.0,760.2,619.0
EBL,9/13/2022,490.1,490.1,481.0,485.0,0.94,6033.0,760.2,619.0
EBL,9/14/2022,493.5,499.8,490.2,499.8,3.05,13678.0,760.2,619.0
EBL,9/15/2022,496.0,504.8,483.0,485.0,-2.96,17355.0,760.2,619.0
EBL,9/16/2022,475.3,489.3,475.3,488.6,0.74,9129.0,760.2,619.0
EBL,9/18/2022,485.1,485.1,481.0,482.0,-1.35,6771.0,760.2,619.0
EBL,9/20/2022,481.0,482.0,470.1,471.6,-2.16,16279.0,760.2,619.0
EBL,9/21/2022,481.0,483.9,471.0,479.4,1.65,8194.0,760.2,619.0
EBL,9/22/2022,487.0,487.0,472.0,476.2,-0.67,6208.0,760.2,619.0
EBL,9/25/2022,480.0,482.0,474.0,478.9,0.57,8383.0,760.2,619.0
EBL,9/27/2022,479.0,487.0,475.0,481.0,0.44,7060.0,760.2,619.0
EBL,9/28/2022,479.0,486.5,475.7,476.0,-1.04,11381.0,760.2,619.0
EBL,9/29/2022,480.0,484.0,475.0,479.9,0.82,12727.0,760.2,619.0
EBL,10/9/2022,485.0,499.1,485.0,495.8,3.31,6123.0,760.2,619.0
EBL,10/10/2022,497.0,497.0,480.2,490.0,-1.17,13453.0,760.2,619.0
EBL,10/11/2022,490.1,490.1,480.0,483.0,-1.43,15663.0,760.2,619.0
EBL,10/12/2022,483.0,488.9,475.2,484.0,0.21,12887.0,760.2,619.0
EBL,10/13/2022,490.0,490.0,481.7,485.0,0.21,17855.0,760.2,619.0
EBL,10/16/2022,485.0,510.0,478.0,510.0,5.15,176659.0,760.2,619.0
EBL,10/17/2022,515.0,515.0,499.0,504.0,-1.18,25454.0,760.2,619.0
EBL,10/19/2022,505.0,505.0,495.5,495.5,-1.69,10291.0,760.2,619.0
EBL,10/20/2022,495.0,501.0,492.0,493.0,-0.5,50236.0,760.2,619.0
EBL,10/23/2022,493.0,505.0,493.0,504.9,2.41,104319.0,760.2,619.0
EBL,10/31/2022,514.0,540.0,508.7,533.0,5.57,84072.0,760.2,619.0
EBL,11/1/2022,535.0,550.0,531.1,545.2,2.29,86135.0,760.2,619.0
EBL,11/2/2022,545.0,552.0,538.0,545.0,-0.04,62705.0,760.2,619.0
EBL,11/3/2022,545.0,545.0,528.1,532.0,-2.39,75436.0,760.2,619.0
EBL,11/6/2022,542.5,550.0,532.2,540.0,1.5,132005.0,760.2,619.0
EBL,11/7/2022,540.0,541.5,528.0,531.0,-1.67,62810.0,760.2,619.0
EBL,11/8/2022,531.0,534.4,530.0,530.2,-0.15,19249.0,760.2,619.0
EBL,11/9/2022,530.0,535.0,524.0,525.0,-0.98,45490.0,760.2,619.0
EBL,11/10/2022,535.0,535.0,520.0,522.9,-0.4,21021.0,760.2,619.0
EBL,11/13/2022,523.0,523.5,514.0,514.0,-1.7,15813.0,760.2,619.0
EBL,11/14/2022,512.0,518.0,512.0,516.0,0.39,14666.0,760.2,619.0
EBL,11/15/2022,517.0,525.0,516.0,518.0,0.39,42828.0,760.2,619.0
EBL,11/16/2022,520.0,530.2,518.1,527.0,1.74,30966.0,760.2,619.0
EBL,11/17/2022,530.0,535.8,525.1,534.0,1.33,40224.0,760.2,619.0
EBL,11/22/2022,539.0,554.9,534.5,544.0,1.87,69909.0,760.2,619.0
EBL,11/23/2022,554.0,554.0,537.1,538.9,-0.94,37068.0,760.2,619.0
EBL,11/24/2022,544.0,544.0,536.7,540.0,0.2,47380.0,760.2,619.0
EBL,11/27/2022,540.0,545.0,533.0,544.0,0.74,49984.0,760.2,619.0
EBL,11/28/2022,550.0,550.0,538.1,539.9,-0.75,110573.0,760.2,619.0
EBL,11/29/2022,478.0,478.0,465.5,471.0,-12.76,21127.0,760.2,619.0
EBL,11/30/2022,476.0,476.0,466.6,467.0,-0.85,10102.0,760.2,619.0
EBL,12/1/2022,463.0,471.0,463.0,470.8,0.81,28265.0,760.2,619.0
EBL,12/4/2022,470.1,474.0,467.0,467.9,-0.62,17172.0,760.2,619.0
EBL,12/5/2022,467.0,468.9,460.0,461.0,-1.47,10556.0,760.2,619.0
EBL,12/6/2022,455.0,460.0,452.0,453.2,-1.69,11869.0,760.2,619.0
EBL,12/7/2022,446.0,453.0,446.0,450.0,-0.71,11718.0,760.2,619.0
EBL,12/11/2022,450.0,450.0,441.0,443.0,-1.56,20126.0,760.2,619.0
EBL,12/12/2022,442.0,446.4,434.2,440.0,-0.68,21106.0,760.2,619.0
EBL,12/13/2022,448.7,457.7,438.0,445.0,1.14,27069.0,760.2,619.0
EBL,12/14/2022,445.0,445.0,438.0,441.0,-0.9,7192.0,760.2,619.0
EBL,12/15/2022,438.0,438.0,423.0,430.0,-2.49,33792.0,760.2,619.0
EBL,12/18/2022,421.5,432.0,421.5,430.0,0.0,8622.0,760.2,619.0
EBL,12/19/2022,431.0,437.8,425.1,430.0,0.0,59490.0,760.2,619.0
EBL,12/20/2022,430.0,436.0,430.0,432.0,0.47,15066.0,760.2,619.0
EBL,12/21/2022,435.0,443.7,432.0,435.0,0.69,11352.0,760.2,619.0
EBL,12/22/2022,435.0,437.0,427.2,435.9,0.21,59696.0,760.2,619.0
EBL,12/26/2022,444.6,452.0,436.0,449.0,3.01,21372.0,760.2,619.0
EBL,12/27/2022,457.9,478.3,457.7,476.9,6.21,89272.0,760.2,619.0
EBL,12/28/2022,486.4,486.4,466.6,471.0,-1.24,8889.0,760.2,619.0
EBL,12/29/2022,465.0,481.8,460.0,480.0,1.91,38611.0,760.2,619.0
EBL,1/1/2023,485.0,500.0,472.9,477.0,-0.62,75713.0,760.2,619.0
EBL,1/2/2023,470.0,492.5,468.0,490.0,2.73,38769.0,760.2,619.0
EBL,1/3/2023,487.0,503.0,487.0,502.0,2.45,65666.0,760.2,619.0
EBL,1/4/2023,509.9,520.0,501.0,520.0,3.59,82922.0,760.2,619.0
EBL,1/5/2023,521.0,529.0,511.0,520.0,0.0,58167.0,760.2,619.0
EBL,1/8/2023,515.0,531.0,514.9,522.5,0.48,88355.0,760.2,619.0
EBL,1/9/2023,522.0,532.9,516.0,528.0,1.05,79213.0,760.2,619.0
EBL,1/10/2023,535.0,558.9,515.0,519.0,-1.7,64340.0,760.2,619.0
EBL,1/12/2023,529.0,535.0,502.0,507.0,-2.31,72380.0,760.2,619.0
EBL,1/17/2023,507.0,515.0,501.0,512.1,1.01,21923.0,760.2,619.0
EBL,1/18/2023,519.0,520.0,507.0,510.0,-0.41,15164.0,760.2,619.0
EBL,1/19/2023,510.0,536.0,507.1,518.0,1.57,33985.0,760.2,619.0
EBL,1/23/2023,528.3,547.9,528.3,538.0,3.86,185572.0,760.2,619.0
EBL,1/24/2023,540.0,548.7,528.5,533.0,-0.93,44859.0,760.2,619.0
EBL,1/25/2023,535.0,536.0,527.0,530.0,-0.56,25755.0,760.2,619.0
EBL,1/26/2023,528.0,530.0,518.7,518.7,-2.13,31997.0,760.2,619.0
EBL,1/29/2023,519.0,525.0,512.2,518.0,-0.13,25712.0,760.2,619.0
EBL,1/30/2023,516.0,516.0,505.1,505.1,-2.49,29694.0,760.2,619.0
EBL,1/31/2023,500.1,509.9,500.1,504.0,-0.22,20379.0,760.2,619.0
EBL,2/1/2023,501.0,513.0,501.0,504.0,0.0,13192.0,760.2,619.0
EBL,2/2/2023,508.0,520.0,506.5,507.0,0.6,46722.0,760.2,619.0
EBL,2/5/2023,510.0,519.0,510.0,514.4,1.46,33740.0,760.2,619.0
EBL,2/6/2023,515.0,521.0,510.0,521.0,1.28,36777.0,760.2,619.0
EBL,2/7/2023,520.0,545.0,516.0,539.9,3.63,68851.0,760.2,619.0
EBL,2/8/2023,540.0,548.0,536.1,546.0,1.13,136423.0,760.2,619.0
EBL,2/9/2023,546.0,552.0,539.0,550.0,0.73,61945.0,760.2,619.0
EBL,2/12/2023,548.0,548.0,530.0,532.0,-3.27,72854.0,760.2,619.0
EBL,2/14/2023,524.0,532.0,524.0,526.9,-0.96,29599.0,760.2,619.0
EBL,2/15/2023,524.0,530.0,520.0,524.0,-0.55,31592.0,760.2,619.0
EBL,2/16/2023,517.1,522.0,516.2,517.0,-1.34,26769.0,760.2,619.0
EBL,2/20/2023,520.0,520.0,508.2,513.0,-0.77,15510.0,760.2,619.0
EBL,2/22/2023,514.0,522.0,513.0,520.0,1.36,16273.0,760.2,619.0
EBL,2/23/2023,511.6,514.5,508.0,511.0,-1.73,34849.0,760.2,619.0
EBL,2/26/2023,502.0,514.4,502.0,512.0,0.2,41280.0,760.2,619.0
EBL,2/27/2023,520.0,530.0,505.0,512.0,0.0,25874.0,760.2,619.0
EBL,2/28/2023,519.9,519.9,508.0,516.0,0.78,19371.0,760.2,619.0
EBL,3/1/2023,506.3,515.0,506.3,509.0,-1.36,15985.0,760.2,619.0
EBL,3/2/2023,505.0,510.0,500.0,503.0,-1.18,26744.0,760.2,619.0
EBL,3/5/2023,505.0,505.1,495.1,500.0,-0.6,23016.0,760.2,619.0
EBL,3/7/2023,500.0,509.0,499.0,505.5,1.1,25805.0,760.2,619.0
EBL,3/9/2023,513.0,520.0,508.0,520.0,2.87,34599.0,760.2,619.0
EBL,3/12/2023,520.0,520.0,505.0,509.9,-1.94,16549.0,760.2,619.0
EBL,3/13/2023,505.0,508.0,499.3,503.0,-1.35,26608.0,760.2,619.0
EBL,3/14/2023,502.0,511.9,497.1,511.9,1.77,37524.0,760.2,619.0
EBL,3/15/2023,510.0,511.0,492.0,504.9,-1.37,18853.0,760.2,619.0
EBL,3/16/2023,500.0,506.0,498.1,501.1,-0.75,14420.0,760.2,619.0
EBL,3/19/2023,505.0,506.0,500.0,505.0,0.78,19303.0,760.2,619.0
EBL,3/20/2023,505.0,510.0,505.0,506.0,0.2,20767.0,760.2,619.0
EBL,3/22/2023,505.0,507.0,502.0,506.0,0.0,14478.0,760.2,619.0
EBL,3/23/2023,502.1,504.0,496.1,497.1,-1.76,23861.0,760.2,619.0
EBL,3/26/2023,495.1,500.0,492.0,493.0,-0.82,13829.0,760.2,619.0
EBL,3/27/2023,500.0,500.0,483.0,494.8,0.37,19994.0,760.2,619.0
EBL,3/28/2023,494.0,504.5,490.0,490.0,-0.97,18734.0,760.2,619.0
EBL,3/29/2023,499.6,499.6,490.0,491.0,0.2,15110.0,760.2,619.0
EBL,3/30/2023,499.0,499.0,489.6,495.0,0.81,20918.0,760.2,619.0
EBL,4/2/2023,502.0,502.0,490.0,491.9,-0.63,20715.0,760.2,619.0
EBL,4/3/2023,492.0,492.0,487.0,489.0,-0.59,12749.0,760.2,619.0
EBL,4/4/2023,486.0,490.0,481.0,485.0,-0.82,13664.0,760.2,619.0
EBL,4/5/2023,490.0,490.0,482.0,487.0,0.41,8657.0,760.2,619.0
EBL,4/6/2023,494.0,494.0,485.0,487.9,0.18,14284.0,760.2,619.0
EBL,4/9/2023,488.0,488.0,479.0,481.8,-1.25,23690.0,760.2,619.0
EBL,4/10/2023,490.0,490.0,480.6,481.0,-0.17,18201.0,760.2,619.0
EBL,4/11/2023,490.0,490.0,481.0,483.0,0.42,11619.0,760.2,619.0
EBL,4/12/2023,492.0,509.0,492.0,507.2,5.01,20280.0,760.2,619.0
EBL,4/13/2023,516.0,517.0,500.1,508.0,0.16,21341.0,760.2,619.0
EBL,4/16/2023,512.0,514.0,501.0,514.0,1.18,21569.0,760.2,619.0
EBL,4/17/2023,514.0,514.0,507.0,513.9,-0.02,17094.0,760.2,619.0
EBL,4/18/2023,513.0,520.0,498.0,510.0,-0.76,21198.0,760.2,619.0
EBL,4/19/2023,520.0,520.0,507.0,511.5,0.29,6125.0,760.2,619.0
EBL,4/20/2023,521.0,530.0,515.0,529.9,3.6,55941.0,760.2,619.0
EBL,4/23/2023,530.0,534.0,518.0,520.0,-1.87,30821.0,760.2,619.0
EBL,4/24/2023,517.2,524.0,515.0,522.0,0.38,25431.0,760.2,619.0
EBL,4/25/2023,511.6,530.0,511.6,528.0,1.15,30919.0,760.2,619.0
EBL,4/26/2023,538.5,538.5,524.5,529.9,0.36,60401.0,760.2,619.0
EBL,4/27/2023,540.4,561.0,522.3,539.0,1.72,69760.0,760.2,619.0
EBL,4/30/2023,540.0,549.0,531.4,533.0,-1.11,44857.0,760.2,619.0
EBL,5/2/2023,535.0,540.0,530.1,538.0,0.94,33372.0,760.2,619.0
EBL,5/3/2023,547.1,547.1,530.0,533.9,-0.76,11611.0,760.2,619.0
EBL,5/4/2023,539.0,539.0,528.0,535.8,0.36,31121.0,760.2,619.0
EBL,5/7/2023,545.0,545.0,523.5,537.0,0.22,25354.0,760.2,619.0
EBL,5/8/2023,537.0,537.0,526.0,535.0,-0.37,22829.0,760.2,619.0
EBL,5/9/2023,541.9,541.9,528.0,529.0,-1.12,16818.0,760.2,619.0
EBL,5/10/2023,535.0,535.0,524.3,530.0,0.19,25507.0,760.2,619.0
EBL,5/11/2023,522.1,529.9,522.1,527.9,-0.4,12900.0,760.2,619.0
EBL,5/14/2023,537.0,537.0,518.0,523.0,-0.93,19787.0,760.2,619.0
EBL,5/15/2023,521.0,527.0,516.0,526.6,0.69,17787.0,760.2,619.0
EBL,5/16/2023,522.0,527.0,522.0,525.0,-0.3,12365.0,760.2,619.0
EBL,5/17/2023,525.0,528.0,522.1,528.0,0.57,21327.0,760.2,619.0
EBL,5/18/2023,532.9,546.7,525.0,546.7,3.54,66714.0,760.2,619.0
EBL,5/21/2023,547.0,549.0,536.1,540.0,-1.23,34019.0,760.2,619.0
EBL,5/22/2023,536.0,543.5,531.0,534.0,-1.11,40158.0,760.2,619.0
EBL,5/23/2023,544.0,555.0,539.0,552.0,3.37,81022.0,760.2,619.0
EBL,5/24/2023,555.0,555.0,547.0,550.9,-0.2,70489.0,760.2,619.0
EBL,5/28/2023,555.0,555.0,540.0,542.0,-1.62,54930.0,760.2,619.0
EBL,5/30/2023,535.0,547.0,530.0,534.0,-1.48,93471.0,760.2,619.0
EBL,5/31/2023,534.0,534.0,518.0,525.8,-1.54,66071.0,760.2,619.0
EBL,6/1/2023,520.0,532.9,520.0,528.0,0.42,35905.0,760.2,619.0
EBL,6/4/2023,538.5,559.9,533.0,540.0,2.27,46144.0,760.2,619.0
EBL,6/5/2023,540.0,545.0,529.0,532.0,-1.48,29343.0,760.2,619.0
EBL,6/6/2023,532.0,539.5,531.3,536.0,0.75,20589.0,760.2,619.0
EBL,6/7/2023,530.0,540.0,530.0,533.9,-0.39,24048.0,760.2,619.0
EBL,6/8/2023,535.0,537.0,530.0,534.0,0.02,16480.0,760.2,619.0
EBL,6/11/2023,544.0,544.0,533.5,534.0,0.0,30414.0,760.2,619.0
EBL,6/12/2023,534.1,542.0,534.0,536.0,0.37,44162.0,760.2,619.0
EBL,6/13/2023,535.0,544.0,535.0,541.0,0.93,40536.0,760.2,619.0
EBL,6/14/2023,549.0,555.5,542.0,546.0,0.92,104638.0,760.2,619.0
EBL,6/15/2023,550.0,554.9,543.0,545.4,-0.11,63569.0,760.2,619.0
EBL,6/18/2023,547.0,554.9,540.0,546.9,0.28,70011.0,760.2,619.0
EBL,6/19/2023,548.0,557.0,538.0,546.0,-0.16,24650.0,760.2,619.0
EBL,6/20/2023,545.1,552.0,543.0,543.0,-0.55,21027.0,760.2,619.0
EBL,6/21/2023,539.1,544.9,539.1,544.9,0.35,107381.0,760.2,619.0
EBL,6/22/2023,544.9,545.0,539.0,542.0,-0.53,40453.0,760.2,619.0
EBL,6/25/2023,544.0,580.0,538.5,563.0,3.87,108674.0,760.2,619.0
EBL,6/26/2023,563.0,596.7,563.0,581.9,3.36,162224.0,760.2,619.0
EBL,6/27/2023,593.5,593.5,580.0,584.0,0.36,88115.0,760.2,619.0
EBL,6/28/2023,580.1,583.9,568.5,569.9,-2.41,58332.0,760.2,619.0
EBL,7/2/2023,570.0,575.0,552.0,554.5,-2.7,45079.0,760.2,619.0
EBL,7/3/2023,562.0,564.0,548.0,549.1,-0.97,23979.0,760.2,619.0
EBL,7/4/2023,546.0,560.0,546.0,551.5,0.44,41612.0,760.2,619.0
EBL,7/5/2023,562.5,572.0,548.0,549.9,-0.29,47740.0,760.2,619.0
EBL,7/6/2023,550.0,550.0,545.0,547.0,-0.53,39447.0,760.2,619.0
EBL,7/9/2023,557.0,560.0,547.4,560.0,2.38,30337.0,760.2,619.0
EBL,7/10/2023,564.0,569.0,555.0,559.0,-0.18,24259.0,760.2,619.0
EBL,7/11/2023,560.0,563.0,551.1,551.1,-1.41,18458.0,760.2,619.0
EBL,7/12/2023,551.0,560.0,550.0,559.9,1.6,30139.0,760.2,619.0
EBL,7/13/2023,565.0,568.0,560.0,562.0,0.38,50396.0,760.2,619.0
EBL,7/16/2023,570.0,581.0,558.0,563.0,0.18,21678.0,760.2,619.0
EBL,7/17/2023,563.0,581.5,560.0,581.5,3.29,61987.0,760.2,619.0
EBL,7/18/2023,584.0,605.0,580.0,592.0,1.81,102513.0,760.2,619.0
EBL,7/19/2023,592.1,594.5,587.0,590.0,-0.34,93945.0,760.2,619.0
EBL,7/20/2023,590.0,596.0,586.0,589.0,-0.17,63738.0,760.2,619.0
EBL,7/23/2023,590.0,619.0,588.0,617.0,4.75,160818.0,760.2,619.0
EBL,7/24/2023,613.0,617.0,600.0,614.9,-0.34,134534.0,760.2,619.0
EBL,7/25/2023,619.0,619.0,595.0,596.0,-3.07,126711.0,760.2,619.0
EBL,7/26/2023,596.0,604.9,591.0,595.9,-0.02,115321.0,760.2,619.0
EBL,7/27/2023,588.1,605.0,588.1,595.0,-0.15,101187.0,760.2,619.0
EBL,7/30/2023,600.0,623.0,597.0,602.0,1.18,168940.0,760.2,619.0
EBL,7/31/2023,609.0,609.0,595.0,603.0,0.17,65100.0,760.2,619.0
EBL,8/1/2023,605.0,606.0,593.0,597.9,-0.85,60963.0,760.2,619.0
EBL,8/2/2023,592.0,605.0,592.0,599.0,0.18,59747.0,760.2,619.0
EBL,8/3/2023,603.9,604.0,598.1,599.0,0.0,47830.0,760.2,619.0
EBL,8/6/2023,610.9,623.0,599.0,604.0,0.83,201116.0,760.2,619.0
EBL,8/7/2023,609.9,610.0,600.0,604.9,0.15,111109.0,760.2,619.0
EBL,8/8/2023,616.9,616.9,600.3,607.7,0.46,73286.0,760.2,619.0
EBL,8/9/2023,607.0,612.9,603.0,608.1,0.07,72822.0,760.2,619.0
EBL,8/10/2023,619.0,619.0,607.0,608.0,-0.02,66031.0,760.2,619.0
EBL,8/13/2023,611.0,620.0,607.2,620.0,1.97,80282.0,760.2,619.0
EBL,8/14/2023,623.0,632.0,620.0,628.0,1.29,87666.0,760.2,619.0
EBL,8/15/2023,633.0,633.0,616.0,620.0,-1.27,82978.0,760.2,619.0
EBL,8/16/2023,620.0,620.0,607.8,612.8,-1.16,52437.0,760.2,619.0
EBL,8/17/2023,610.0,619.5,610.0,614.0,0.2,39111.0,760.2,619.0
EBL,8/20/2023,620.0,621.0,615.0,617.0,0.49,33136.0,760.2,619.0
EBL,8/21/2023,611.0,619.0,610.1,612.0,-0.81,35625.0,760.2,619.0
EBL,8/22/2023,621.7,621.7,610.4,616.0,0.65,28236.0,760.2,619.0
EBL,8/23/2023,616.0,621.9,615.0,616.1,0.02,33312.0,760.2,619.0
EBL,8/24/2023,623.9,624.0,610.5,612.3,-0.62,39295.0,760.2,619.0
EBL,8/27/2023,610.1,613.9,607.4,608.0,-0.7,34903.0,760.2,619.0
EBL,8/28/2023,618.0,618.0,606.0,608.0,0.0,22545.0,760.2,619.0
EBL,8/29/2023,608.0,613.9,606.0,606.4,-0.26,24425.0,760.2,619.0
EBL,8/30/2023,608.0,613.9,602.3,604.0,-0.4,39659.0,760.2,619.0
EBL,9/3/2023,608.0,608.0,595.9,596.0,-1.32,54008.0,760.2,619.0
EBL,9/4/2023,600.0,603.0,594.0,597.3,0.22,39224.0,760.2,619.0
EBL,9/5/2023,599.9,604.0,598.1,599.0,0.28,39347.0,760.2,619.0
EBL,9/7/2023,600.0,600.0,590.0,590.0,-1.5,51200.0,760.2,619.0
EBL,9/10/2023,594.0,605.0,594.0,603.0,2.2,52133.0,760.2,619.0
EBL,9/11/2023,610.0,626.0,605.0,620.3,2.87,92085.0,760.2,619.0
EBL,9/12/2023,626.9,629.0,616.0,617.8,-0.4,73335.0,760.2,619.0
EBL,9/13/2023,620.0,627.0,618.6,626.7,1.44,102504.0,760.2,619.0
EBL,9/17/2023,614.2,614.2,585.5,586.1,-6.48,211763.0,760.2,619.0
EBL,9/18/2023,581.0,586.0,578.0,583.0,-0.53,62121.0,760.2,619.0
EBL,9/19/2023,585.0,600.0,581.0,594.0,1.89,34573.0,760.2,619.0
EBL,9/21/2023,602.0,603.8,585.0,589.0,-0.84,83801.0,760.2,619.0
EBL,9/24/2023,592.0,592.0,582.0,584.0,-0.85,46852.0,760.2,619.0
EBL,9/25/2023,588.0,588.0,578.1,580.0,-0.68,28395.0,760.2,619.0
EBL,9/26/2023,590.0,590.0,578.0,579.7,-0.05,19577.0,760.2,619.0
EBL,9/27/2023,589.0,589.0,568.0,571.0,-1.5,65895.0,760.2,619.0
EBL,10/1/2023,575.0,575.0,560.0,561.8,-1.61,57462.0,760.2,619.0
EBL,10/2/2023,562.0,569.0,558.5,566.0,0.75,94297.0,760.2,619.0
EBL,10/3/2023,514.5,520.0,500.0,503.0,-11.13,44579.0,760.2,619.0
EBL,10/4/2023,500.1,507.9,495.0,496.0,-1.39,24393.0,760.2,619.0
EBL,10/5/2023,499.9,499.9,488.2,492.9,-0.63,27263.0,760.2,619.0
EBL,10/8/2023,495.0,495.0,482.0,482.1,-2.19,32361.0,760.2,619.0
EBL,10/9/2023,480.0,484.0,475.1,476.0,-1.27,19740.0,760.2,619.0
EBL,10/10/2023,479.9,480.0,466.0,468.0,-1.68,21938.0,760.2,619.0
EBL,10/11/2023,468.0,472.0,461.0,462.0,-1.28,30223.0,760.2,619.0
EBL,10/12/2023,462.0,462.0,452.8,454.0,-1.73,26989.0,760.2,619.0
EBL,10/16/2023,454.0,458.0,448.0,453.0,-0.22,18964.0,760.2,619.0
EBL,10/17/2023,450.0,459.5,450.0,459.0,1.32,23533.0,760.2,619.0
EBL,10/18/2023,460.0,482.0,459.0,479.0,4.36,32405.0,760.2,619.0
EBL,10/19/2023,479.0,490.0,471.0,483.9,1.02,26388.0,760.2,619.0
EBL,10/29/2023,492.9,492.9,468.0,471.0,-2.67,6894.0,760.2,619.0
EBL,10/30/2023,469.0,471.0,465.1,469.7,-0.28,10700.0,760.2,619.0
EBL,10/31/2023,466.1,470.0,466.0,469.0,-0.15,7682.0,760.2,619.0
EBL,11/1/2023,470.0,470.0,465.0,468.0,-0.21,10788.0,760.2,619.0
EBL,11/2/2023,468.0,468.0,460.0,462.0,-1.28,9244.0,760.2,619.0
EBL,11/5/2023,460.0,462.0,452.0,455.0,-1.52,15335.0,760.2,619.0
EBL,11/6/2023,463.0,467.0,453.0,455.0,0.0,15961.0,760.2,619.0
EBL,11/7/2023,463.0,467.0,455.0,457.0,0.44,15143.0,760.2,619.0
EBL,11/8/2023,456.0,460.0,454.5,457.0,0.0,13856.0,760.2,619.0
EBL,11/9/2023,464.0,466.0,458.0,461.9,1.07,11683.0,760.2,619.0
EBL,11/20/2023,465.0,470.0,465.0,467.9,1.3,10897.0,760.2,619.0
EBL,11/21/2023,476.5,476.5,462.1,467.0,-0.19,10693.0,760.2,619.0
EBL,11/22/2023,461.0,467.0,458.2,466.2,-0.17,10489.0,760.2,619.0
EBL,11/23/2023,464.0,469.0,462.2,468.0,0.39,14263.0,760.2,619.0
EBL,11/26/2023,470.0,480.4,466.2,480.0,2.56,16004.0,760.2,619.0
EBL,11/27/2023,475.5,482.5,475.5,476.0,-0.83,9327.0,760.2,619.0
EBL,11/28/2023,480.0,481.0,477.0,481.0,1.05,8487.0,760.2,619.0
EBL,11/29/2023,490.0,490.0,472.0,472.0,-1.87,6581.0,760.2,619.0
EBL,11/30/2023,472.0,479.8,465.0,473.0,0.21,11470.0,760.2,619.0
EBL,12/3/2023,475.0,475.0,464.0,471.9,-0.23,9189.0,760.2,619.0
EBL,12/4/2023,470.0,470.0,462.5,468.3,-0.76,9791.0,760.2,619.0
EBL,12/5/2023,465.2,470.0,465.1,470.0,0.36,6166.0,760.2,619.0
EBL,12/6/2023,477.0,479.0,464.0,470.0,0.0,11956.0,760.2,619.0
EBL,12/7/2023,469.0,476.0,469.0,475.0,1.06,11647.0,760.2,619.0
EBL,12/10/2023,484.5,520.0,484.5,520.0,9.47,2993.0,760.2,619.0
EBL,12/11/2023,528.0,530.0,502.0,503.8,-3.12,62454.0,760.2,619.0
EBL,12/12/2023,513.8,513.8,504.0,511.5,1.53,60472.0,760.2,619.0
EBL,12/13/2023,512.0,520.0,511.5,518.0,1.27,30557.0,760.2,619.0
EBL,12/14/2023,519.0,530.0,518.0,523.0,0.97,42665.0,760.2,619.0
EBL,12/17/2023,517.0,523.9,513.1,522.3,-0.13,39094.0,760.2,619.0
EBL,12/18/2023,529.0,539.0,523.0,538.0,3.01,62981.0,760.2,619.0
EBL,12/19/2023,538.0,548.0,535.0,546.0,1.49,49869.0,760.2,619.0
EBL,12/20/2023,554.0,560.0,543.9,545.0,-0.18,43879.0,760.2,619.0
EBL,12/21/2023,545.0,550.0,525.3,530.1,-2.73,50049.0,760.2,619.0
EBL,12/24/2023,530.1,530.1,518.2,521.0,-1.72,28896.0,760.2,619.0
EBL,12/27/2023,531.0,531.0,507.0,509.0,-2.3,31287.0,760.2,619.0
EBL,12/28/2023,505.1,515.0,505.1,510.0,0.2,16733.0,760.2,619.0
EBL,1/1/2024,509.0,518.0,509.0,512.0,0.39,21421.0,760.2,619.0
EBL,1/2/2024,509.0,509.0,502.0,505.0,-1.37,36344.0,760.2,619.0
EBL,1/3/2024,505.0,509.0,500.1,506.1,0.22,21410.0,760.2,619.0
EBL,1/4/2024,508.1,512.0,507.3,507.3,0.24,24409.0,760.2,619.0
EBL,1/7/2024,500.0,508.0,500.0,503.0,-0.85,38894.0,760.2,619.0
EBL,1/8/2024,505.0,509.9,502.1,506.0,0.6,39068.0,760.2,619.0
EBL,1/9/2024,506.0,515.0,506.0,512.0,1.19,38285.0,760.2,619.0
EBL,1/10/2024,514.0,527.0,514.0,519.9,1.54,51897.0,760.2,619.0
EBL,1/11/2024,530.0,530.0,516.2,519.0,-0.17,22910.0,760.2,619.0
EBL,1/14/2024,525.0,525.7,516.0,524.0,0.96,40718.0,760.2,619.0
EBL,1/16/2024,524.0,530.5,480.0,530.0,1.15,33330.0,760.2,619.0
EBL,1/17/2024,520.3,551.8,520.3,531.0,0.19,80086.0,760.2,619.0
EBL,1/18/2024,526.0,554.0,519.4,554.0,4.33,64489.0,760.2,619.0
EBL,1/21/2024,555.0,555.0,526.0,526.0,-5.05,96364.0,760.2,619.0
EBL,1/22/2024,534.0,534.0,522.3,523.0,-0.57,70924.0,760.2,619.0
EBL,1/23/2024,521.0,529.0,520.0,523.0,0.0,41319.0,760.2,619.0
EBL,1/24/2024,525.0,529.0,524.0,526.0,0.57,44433.0,760.2,619.0
EBL,1/25/2024,526.0,535.0,523.3,530.1,0.78,49908.0,760.2,619.0
EBL,1/28/2024,532.0,538.1,532.0,537.8,1.45,55869.0,760.2,619.0
EBL,1/29/2024,537.1,544.0,532.0,542.8,0.93,60388.0,760.2,619.0
EBL,1/30/2024,549.5,549.5,537.0,540.0,-0.52,39286.0,760.2,619.0
EBL,1/31/2024,540.0,540.0,530.0,534.0,-1.11,47569.0,760.2,619.0
EBL,2/1/2024,530.0,539.0,526.0,527.0,-1.31,39795.0,760.2,619.0
EBL,2/4/2024,527.0,531.8,522.2,528.1,0.21,25855.0,760.2,619.0
EBL,2/5/2024,535.0,535.0,525.0,528.0,-0.02,24905.0,760.2,619.0
EBL,2/6/2024,536.5,536.5,527.0,529.0,0.19,24504.0,760.2,619.0
EBL,2/7/2024,539.5,539.5,530.0,533.9,0.93,22970.0,760.2,619.0
EBL,2/8/2024,529.0,534.0,525.0,527.5,-1.2,20479.0,760.2,619.0
EBL,2/11/2024,530.0,532.0,521.4,521.4,-1.16,21792.0,760.2,619.0
EBL,2/12/2024,522.0,525.0,521.6,525.0,0.69,27227.0,760.2,619.0
EBL,2/13/2024,522.2,523.9,515.0,521.0,-0.76,35056.0,760.2,619.0
EBL,2/14/2024,525.0,528.0,521.0,527.0,1.15,34100.0,760.2,619.0
EBL,2/15/2024,522.1,528.0,519.1,522.0,-0.95,11587.0,760.2,619.0
EBL,2/18/2024,522.0,522.0,517.0,519.0,-0.57,22430.0,760.2,619.0
EBL,2/20/2024,519.0,524.7,511.0,518.0,-0.19,13578.0,760.2,619.0
EBL,2/21/2024,520.0,524.0,515.2,516.0,-0.39,13463.0,760.2,619.0
EBL,2/22/2024,515.0,519.3,511.2,512.3,-0.72,14574.0,760.2,619.0
EBL,2/25/2024,512.0,512.0,498.5,499.0,-2.6,49205.0,760.2,619.0
EBL,2/26/2024,499.0,508.0,499.0,502.0,0.6,19334.0,760.2,619.0
EBL,2/27/2024,498.0,512.0,498.0,510.0,1.59,17908.0,760.2,619.0
EBL,2/28/2024,510.0,510.0,500.0,502.4,-1.49,18434.0,760.2,619.0
EBL,2/29/2024,495.0,509.9,495.0,499.1,-0.66,18995.0,760.2,619.0
EBL,3/3/2024,500.0,504.9,490.0,494.0,-1.02,31759.0,760.2,619.0
EBL,3/4/2024,503.8,524.0,503.8,524.0,6.07,30.0,760.2,619.0
EBL,3/5/2024,530.0,530.0,498.0,507.8,-3.09,24249.0,760.2,619.0
EBL,3/6/2024,517.0,517.0,502.2,509.0,0.24,23145.0,760.2,619.0
EBL,3/7/2024,519.1,520.0,507.3,508.0,-0.2,14957.0,760.2,619.0
EBL,3/10/2024,515.0,515.0,510.0,513.9,1.16,11123.0,760.2,619.0
EBL,3/12/2024,524.1,528.0,515.0,526.0,2.35,27965.0,760.2,619.0
EBL,3/13/2024,536.5,536.5,516.0,522.0,-0.76,15620.0,760.2,619.0
EBL,3/14/2024,515.0,520.0,514.1,517.0,-0.96,13637.0,760.2,619.0
EBL,3/17/2024,510.0,521.0,510.0,516.0,-0.19,20016.0,760.2,619.0
EBL,3/18/2024,516.5,520.0,515.9,517.0,0.19,24541.0,760.2,619.0
EBL,3/19/2024,515.0,518.0,512.6,512.8,-0.81,19048.0,760.2,619.0
EBL,3/20/2024,522.0,522.0,512.2,514.1,0.25,13640.0,760.2,619.0
EBL,3/21/2024,512.0,518.0,511.2,513.1,-0.19,15525.0,760.2,619.0
EBL,3/25/2024,510.0,511.0,502.3,503.0,-1.97,29900.0,760.2,619.0
EBL,3/26/2024,505.0,509.0,503.4,506.3,0.66,16132.0,760.2,619.0
EBL,3/27/2024,507.9,508.0,502.5,505.0,-0.26,23873.0,760.2,619.0
EBL,3/28/2024,504.5,508.8,503.0,503.7,-0.26,23558.0,760.2,619.0
EBL,3/31/2024,510.0,510.0,498.0,500.0,-0.73,29864.0,760.2,619.0
EBL,4/1/2024,498.0,503.0,494.0,496.0,-0.8,28099.0,760.2,619.0
EBL,4/2/2024,498.1,500.0,492.0,497.0,0.2,33711.0,760.2,619.0
EBL,4/3/2024,497.0,506.0,490.5,494.0,-0.6,39455.0,760.2,619.0
EBL,4/4/2024,493.0,496.0,490.6,493.0,-0.2,35709.0,760.2,619.0
EBL,4/7/2024,493.0,500.0,487.3,500.0,1.42,17202.0,760.2,619.0
EBL,4/9/2024,510.0,510.0,500.0,503.9,0.78,12671.0,760.2,619.0
EBL,4/10/2024,502.0,505.0,500.2,505.0,0.22,20985.0,760.2,619.0
EBL,4/14/2024,509.0,509.0,498.0,503.8,-0.24,25363.0,760.2,619.0
EBL,4/15/2024,504.7,504.7,498.2,500.0,-0.75,16601.0,760.2,619.0
EBL,4/16/2024,495.3,500.0,495.3,497.0,-0.6,10227.0,760.2,619.0
EBL,4/18/2024,505.0,505.0,494.0,497.0,0.0,7434.0,760.2,619.0
EBL,4/21/2024,505.0,508.0,499.5,506.0,1.81,18528.0,760.2,619.0
EBL,4/22/2024,504.1,509.8,503.0,504.9,-0.22,16174.0,760.2,619.0
EBL,4/24/2024,501.1,506.0,501.1,505.9,0.2,13536.0,760.2,619.0
EBL,4/25/2024,505.9,505.9,500.0,505.0,-0.18,10713.0,760.2,619.0
EBL,4/28/2024,505.0,506.0,498.2,505.0,0.0,30043.0,760.2,619.0
EBL,4/29/2024,505.0,506.0,502.2,505.0,0.0,14002.0,760.2,619.0
EBL,4/30/2024,515.1,515.1,505.0,509.0,0.79,15772.0,760.2,619.0
EBL,5/2/2024,519.1,519.1,504.1,505.4,-0.71,19183.0,760.2,619.0
EBL,5/5/2024,505.0,508.0,500.0,500.0,-1.07,22588.0,760.2,619.0
EBL,5/6/2024,503.0,503.0,492.1,497.9,-0.42,28543.0,760.2,619.0
EBL,5/7/2024,500.0,500.0,496.0,499.6,0.34,20651.0,760.2,619.0
EBL,5/8/2024,498.0,505.0,496.0,502.0,0.48,9557.0,760.2,619.0
EBL,5/9/2024,495.1,499.5,495.1,499.0,-0.6,13206.0,760.2,619.0
EBL,5/12/2024,501.0,503.0,494.0,500.0,0.2,33282.0,760.2,619.0
EBL,5/13/2024,502.0,512.0,500.0,509.9,1.98,29128.0,760.2,619.0
EBL,5/14/2024,519.8,519.8,508.0,511.0,0.22,23270.0,760.2,619.0
EBL,5/15/2024,521.0,521.0,507.0,510.0,-0.2,17063.0,760.2,619.0
EBL,5/16/2024,505.0,512.0,502.5,512.0,0.39,21450.0,760.2,619.0
EBL,5/19/2024,522.2,523.0,509.0,517.0,0.98,52012.0,760.2,619.0
EBL,5/20/2024,527.0,544.0,522.0,532.0,2.9,103898.0,760.2,619.0
EBL,5/21/2024,542.0,542.0,532.0,541.9,1.86,63560.0,760.2,619.0
EBL,5/22/2024,542.0,559.0,537.3,550.9,1.66,131084.0,760.2,619.0
EBL,5/26/2024,555.0,556.0,541.2,546.9,-0.73,70491.0,760.2,619.0
EBL,5/27/2024,550.0,550.0,538.5,540.0,-1.26,53168.0,760.2,619.0
EBL,5/29/2024,549.9,549.9,528.3,529.0,-2.04,37485.0,760.2,619.0
EBL,5/30/2024,530.0,530.0,522.0,523.0,-1.13,30166.0,760.2,619.0
EBL,6/2/2024,523.0,528.0,520.0,526.7,0.71,16905.0,760.2,619.0
EBL,6/3/2024,526.7,528.0,522.2,527.8,0.21,12259.0,760.2,619.0
EBL,6/4/2024,524.3,530.5,524.3,530.5,0.51,31818.0,760.2,619.0
EBL,6/5/2024,520.0,531.0,520.0,528.9,-0.3,17664.0,760.2,619.0
EBL,6/6/2024,528.1,528.1,521.2,528.0,-0.17,27100.0,760.2,619.0
EBL,6/9/2024,538.5,538.5,525.0,527.0,-0.19,25534.0,760.2,619.0
EBL,6/10/2024,537.5,537.5,520.0,529.3,0.44,30420.0,760.2,619.0
EBL,6/11/2024,539.8,539.8,525.1,531.0,0.32,25098.0,760.2,619.0
EBL,6/12/2024,535.0,540.0,532.0,534.9,0.73,21639.0,760.2,619.0
EBL,6/13/2024,534.0,534.0,530.6,533.0,-0.36,16504.0,760.2,619.0
EBL,6/16/2024,532.9,532.9,526.1,530.0,-0.56,18004.0,760.2,619.0
EBL,6/18/2024,527.0,532.0,525.0,531.7,0.32,11520.0,760.2,619.0
EBL,6/19/2024,530.0,530.0,525.0,528.9,-0.53,21637.0,760.2,619.0
EBL,6/20/2024,539.4,539.4,526.0,528.0,-0.17,15835.0,760.2,619.0
EBL,6/23/2024,529.0,529.0,521.2,521.9,-1.16,28362.0,760.2,619.0
EBL,6/24/2024,528.0,528.0,520.1,522.9,0.19,22845.0,760.2,619.0
EBL,6/25/2024,520.6,528.5,520.6,526.0,0.59,9844.0,760.2,619.0
EBL,6/26/2024,526.0,529.0,520.0,524.0,-0.38,25334.0,760.2,619.0
EBL,6/27/2024,523.0,523.0,518.1,520.9,-0.59,11467.0,760.2,619.0
EBL,6/30/2024,519.0,519.0,517.1,518.0,-0.56,15540.0,760.2,619.0
EBL,7/1/2024,518.0,519.0,511.0,519.0,0.19,15298.0,760.2,619.0
EBL,7/2/2024,529.0,570.0,529.0,537.0,3.47,34288.0,760.2,619.0
EBL,7/3/2024,530.0,538.0,526.4,538.0,0.19,23887.0,760.2,619.0
EBL,7/4/2024,540.0,544.2,536.0,542.0,0.74,44284.0,760.2,619.0
EBL,7/7/2024,542.0,545.0,538.2,541.0,-0.18,33158.0,760.2,619.0
EBL,7/8/2024,542.0,542.0,535.5,537.8,-0.59,23102.0,760.2,619.0
EBL,7/9/2024,535.1,540.0,534.2,540.0,0.41,16393.0,760.2,619.0
EBL,7/10/2024,540.1,548.7,540.0,548.0,1.48,40800.0,760.2,619.0
EBL,7/11/2024,550.0,556.0,547.7,553.0,0.91,83055.0,760.2,619.0
EBL,7/14/2024,564.0,575.0,558.2,568.0,2.71,59158.0,760.2,619.0
EBL,7/15/2024,569.0,575.0,552.0,560.0,-1.41,96569.0,760.2,619.0
EBL,7/16/2024,556.0,573.0,556.0,572.9,2.3,44666.0,760.2,619.0
EBL,7/17/2024,575.0,590.0,571.0,587.2,2.5,102276.0,760.2,619.0
EBL,7/18/2024,592.0,618.0,587.3,610.0,3.88,162266.0,760.2,619.0
EBL,7/21/2024,610.0,621.0,598.0,614.8,0.79,131301.0,760.2,619.0
EBL,7/22/2024,615.4,617.0,600.0,607.5,-1.19,102363.0,760.2,619.0
EBL,7/23/2024,615.0,615.0,603.0,615.0,1.23,133980.0,760.2,619.0
EBL,7/24/2024,616.0,620.0,600.0,610.0,-0.81,216469.0,760.2,619.0
EBL,7/25/2024,619.0,619.0,600.1,616.9,1.13,159802.0,760.2,619.0
EBL,7/28/2024,629.2,678.5,629.2,678.5,9.99,368776.0,760.2,619.0
EBL,7/29/2024,692.0,700.0,660.0,664.0,-2.14,332829.0,760.2,619.0
EBL,7/30/2024,668.0,670.0,650.0,665.0,0.15,182913.0,760.2,619.0
EBL,7/31/2024,668.9,681.8,665.0,677.0,1.8,228076.0,760.2,619.0
EBL,8/1/2024,688.0,688.0,670.0,670.1,-1.02,278830.0,760.2,619.0
EBL,8/5/2024,683.5,707.0,683.0,687.9,2.66,285021.0,760.2,619.0
EBL,8/6/2024,690.0,700.5,670.0,673.0,-2.17,401087.0,760.2,619.0
EBL,8/7/2024,673.0,686.0,660.0,682.8,1.46,268169.0,760.2,619.0
EBL,8/8/2024,690.0,695.0,675.0,682.0,-0.12,125871.0,760.2,619.0
EBL,8/11/2024,690.0,695.0,679.0,692.5,1.54,243151.0,760.2,619.0
EBL,8/12/2024,693.0,705.5,690.3,703.0,1.52,232675.0,760.2,619.0
EBL,8/13/2024,705.0,714.9,698.0,703.0,0.0,162399.0,760.2,619.0
EBL,8/14/2024,717.0,717.0,700.0,703.0,0.0,152919.0,760.2,619.0
EBL,8/15/2024,717.0,720.0,700.0,713.6,1.51,239159.0,760.2,619.0
EBL,8/18/2024,720.0,740.0,716.1,727.0,1.88,399125.0,760.2,619.0
EBL,8/21/2024,725.0,778.5,725.0,770.0,5.91,603337.0,760.2,619.0
EBL,8/22/2024,778.0,790.0,762.2,766.0,-0.52,180780.0,760.2,619.0
EBL,8/25/2024,766.0,767.0,737.0,747.0,-2.48,267998.0,760.2,619.0
EBL,8/27/2024,761.9,761.9,725.0,726.5,-2.74,268339.0,760.2,619.0
EBL,8/28/2024,741.0,761.0,727.2,745.0,2.55,292685.0,760.2,619.0
EBL,8/29/2024,757.5,757.5,726.0,740.0,-0.67,135538.0,760.2,619.0
EBL,9/1/2024,744.0,744.0,722.0,727.0,-1.76,148373.0,760.2,619.0
EBL,9/2/2024,712.5,745.0,712.5,744.6,2.42,127354.0,760.2,619.0
EBL,9/3/2024,749.0,755.0,732.0,733.1,-1.54,78177.0,760.2,619.0
EBL,9/4/2024,747.7,747.7,719.4,723.9,-1.25,78623.0,760.2,619.0
EBL,9/5/2024,724.0,728.0,712.0,720.0,-0.54,77907.0,760.2,619.0
EBL,9/8/2024,720.0,720.0,690.1,691.9,-3.9,202281.0,760.2,619.0
EBL,9/9/2024,691.9,692.0,675.0,692.0,0.01,117152.0,760.2,619.0
EBL,9/10/2024,705.8,705.8,684.0,684.5,-1.08,78940.0,760.2,619.0
EBL,9/11/2024,685.0,697.0,680.0,681.0,-0.51,51121.0,760.2,619.0
EBL,9/12/2024,678.0,709.0,678.0,705.0,3.52,145952.0,760.2,619.0
EBL,9/15/2024,719.1,720.0,697.1,699.0,-0.85,127628.0,760.2,619.0
EBL,9/16/2024,686.0,711.0,686.0,709.0,1.43,158207.0,760.2,619.0
EBL,9/18/2024,709.0,709.0,694.0,703.0,-0.85,83610.0,760.2,619.0
EBL,9/22/2024,717.0,717.0,700.0,705.0,0.28,82020.0,760.2,619.0
EBL,9/23/2024,719.0,719.0,694.5,695.0,-1.42,132220.0,760.2,619.0
EBL,9/24/2024,631.0,640.0,608.0,609.9,-12.24,76756.0,760.2,619.0
EBL,9/25/2024,609.0,610.0,580.8,600.0,-1.62,55644.0,760.2,619.0
EBL,9/26/2024,600.0,608.0,590.1,598.0,-0.33,37015.0,760.2,619.0
EBL,9/29/2024,598.0,598.9,567.0,594.0,-0.67,56411.0,760.2,619.0
EBL,9/30/2024,592.9,593.0,585.0,585.0,-1.52,26247.0,760.2,619.0
EBL,10/1/2024,586.1,615.0,586.0,615.0,5.13,64523.0,760.2,619.0
EBL,10/2/2024,615.0,619.9,597.0,603.0,-1.95,48804.0,760.2,619.0
EBL,10/6/2024,603.0,606.0,595.0,603.0,0.0,52529.0,760.2,619.0
EBL,10/7/2024,614.9,620.0,605.0,612.7,1.61,56336.0,760.2,619.0
EBL,10/8/2024,610.0,614.8,607.0,613.5,0.13,18457.0,760.2,619.0
EBL,10/9/2024,611.0,618.0,611.0,613.1,-0.07,26956.0,760.2,619.0
EBL,10/15/2024,624.9,624.9,613.2,615.0,0.31,13521.0,760.2,619.0
EBL,10/16/2024,620.1,621.0,617.0,619.9,0.8,25136.0,760.2,619.0
EBL,10/17/2024,621.0,625.0,615.0,615.0,-0.79,28695.0,760.2,619.0
EBL,10/20/2024,615.0,620.1,604.0,614.4,-0.1,32048.0,760.2,619.0
EBL,10/21/2024,614.0,615.0,602.2,606.1,-1.35,32950.0,760.2,619.0
EBL,10/22/2024,605.0,615.0,595.0,600.0,-1.01,28351.0,760.2,619.0
EBL,10/23/2024,612.0,630.0,604.0,605.0,0.83,36074.0,760.2,619.0
EBL,10/24/2024,600.0,605.0,598.1,601.5,-0.58,18233.0,760.2,619.0
EBL,10/27/2024,613.5,613.5,594.0,598.0,-0.58,20191.0,760.2,619.0
EBL,10/28/2024,596.0,601.9,594.0,599.0,0.17,17693.0,760.2,619.0
EBL,10/29/2024,599.0,606.0,595.0,599.9,0.15,25344.0,760.2,619.0
EBL,10/30/2024,600.0,608.9,596.1,603.9,0.67,28118.0,760.2,619.0
EBL,11/5/2024,603.9,606.0,600.0,602.0,-0.31,19454.0,760.2,619.0
EBL,11/6/2024,602.0,604.0,599.0,600.0,-0.33,19443.0,760.2,619.0
EBL,11/10/2024,608.0,608.0,599.0,607.9,1.32,29331.0,760.2,619.0
EBL,11/11/2024,618.0,620.0,602.0,619.0,1.83,54227.0,760.2,619.0
EBL,11/12/2024,620.0,628.0,616.0,619.4,0.06,67171.0,760.2,619.0
EBL,11/13/2024,610.1,624.2,607.3,610.0,-1.52,29750.0,760.2,619.0
EBL,11/14/2024,622.2,622.2,607.5,614.0,0.66,32660.0,760.2,619.0
EBL,11/17/2024,623.0,623.0,607.1,608.0,-0.98,21975.0,760.2,619.0
EBL,11/19/2024,605.0,619.0,600.3,605.0,-0.49,29344.0,760.2,619.0
EBL,11/20/2024,615.0,615.0,599.9,609.9,0.81,49133.0,760.2,619.0
EBL,11/21/2024,620.0,620.0,605.1,607.0,-0.48,38133.0,760.2,619.0
EBL,11/24/2024,607.0,610.0,605.0,605.0,-0.33,42888.0,760.2,619.0
EBL,11/25/2024,605.0,609.0,598.0,609.0,0.66,23699.0,760.2,619.0
EBL,11/26/2024,621.1,621.1,599.0,611.9,0.48,32033.0,760.2,619.0
EBL,11/27/2024,618.0,618.0,604.0,615.0,0.51,35525.0,760.2,619.0
EBL,11/28/2024,615.0,615.0,606.5,610.0,-0.81,28630.0,760.2,619.0
EBL,12/1/2024,622.2,622.2,600.0,605.6,-0.72,70606.0,760.2,619.0
EBL,12/2/2024,610.0,610.0,600.0,603.5,-0.35,42293.0,760.2,619.0
EBL,12/3/2024,608.0,608.5,598.0,605.9,0.4,38721.0,760.2,619.0
EBL,12/4/2024,618.0,618.0,599.0,607.0,0.18,46471.0,760.2,619.0
EBL,12/5/2024,601.0,601.0,591.0,594.0,-2.14,42910.0,760.2,619.0
EBL,12/8/2024,588.0,593.0,583.0,589.0,-0.84,46027.0,760.2,619.0
EBL,12/9/2024,585.0,590.0,580.2,590.0,0.17,15252.0,760.2,619.0
EBL,12/10/2024,592.9,592.9,580.1,583.0,-1.19,26101.0,760.2,619.0
EBL,12/11/2024,582.1,599.9,581.0,599.9,2.9,18246.0,760.2,619.0
EBL,12/12/2024,610.0,610.0,591.0,596.0,-0.65,15579.0,760.2,619.0
EBL,12/16/2024,596.0,600.0,585.3,591.0,-0.84,17474.0,760.2,619.0
EBL,12/17/2024,586.0,589.0,585.1,588.5,-0.42,14339.0,760.2,619.0
EBL,12/18/2024,590.0,598.9,588.0,588.0,-0.08,25395.0,760.2,619.0
EBL,12/19/2024,586.0,596.8,585.0,590.0,0.34,29508.0,760.2,619.0
EBL,12/22/2024,578.2,594.0,578.2,585.0,-0.85,18426.0,760.2,619.0
EBL,12/23/2024,582.0,585.0,580.5,583.0,-0.34,18544.0,760.2,619.0
EBL,12/24/2024,583.0,589.9,578.0,580.0,-0.51,34253.0,760.2,619.0
EBL,12/26/2024,580.0,589.0,576.1,584.9,0.84,49421.0,760.2,619.0
EBL,12/29/2024,585.0,589.9,580.0,583.0,-0.32,16501.0,760.2,619.0
EBL,12/31/2024,583.0,584.0,575.0,581.0,-0.34,20593.0,760.2,619.0
EBL,1/1/2025,580.0,585.0,576.1,580.0,-0.17,25089.0,760.2,619.0
EBL,1/2/2025,584.9,584.9,578.0,578.0,-0.34,24063.0,760.2,619.0
EBL,1/5/2025,570.0,581.4,570.0,580.0,0.35,14606.0,760.2,619.0
EBL,1/6/2025,577.0,585.9,577.0,582.4,0.41,25081.0,760.2,619.0
EBL,1/7/2025,581.0,587.1,581.0,586.9,0.77,10458.0,760.2,619.0
EBL,1/8/2025,590.0,590.8,585.0,590.8,0.66,44501.0,760.2,619.0
EBL,1/9/2025,585.0,593.0,585.0,593.0,0.37,37569.0,760.2,619.0
EBL,1/12/2025,593.0,595.0,580.0,585.0,-1.35,40709.0,760.2,619.0
EBL,1/13/2025,581.0,585.0,577.0,581.0,-0.68,80641.0,760.2,619.0
EBL,1/15/2025,580.0,584.9,573.0,579.8,-0.21,20262.0,760.2,619.0
EBL,1/16/2025,580.0,580.0,573.0,575.0,-0.83,24867.0,760.2,619.0
EBL,1/19/2025,575.0,585.0,575.0,585.0,1.74,24033.0,760.2,619.0
EBL,1/20/2025,596.0,602.0,589.9,595.0,1.71,69678.0,760.2,619.0
EBL,1/21/2025,600.0,600.0,595.0,599.9,0.82,26141.0,760.2,619.0
EBL,1/22/2025,600.0,601.9,595.0,598.0,-0.32,71138.0,760.2,619.0
EBL,1/23/2025,602.0,605.0,597.0,598.5,0.08,24168.0,760.2,619.0
EBL,1/26/2025,610.0,610.0,595.0,597.9,-0.1,30725.0,760.2,619.0
EBL,1/27/2025,593.0,600.0,591.0,595.0,-0.49,29637.0,760.2,619.0
EBL,1/28/2025,600.0,603.0,588.0,600.0,0.84,37856.0,760.2,619.0
EBL,2/2/2025,610.0,610.0,597.0,606.9,1.15,78560.0,760.2,619.0
EBL,2/3/2025,607.0,617.0,605.0,607.7,0.13,80963.0,760.2,619.0
EBL,2/4/2025,604.0,610.0,604.0,607.0,-0.12,73140.0,760.2,619.0
EBL,2/5/2025,609.0,610.0,605.5,607.0,0.0,23873.0,760.2,619.0
EBL,2/6/2025,610.0,617.0,602.0,610.0,0.49,32409.0,760.2,619.0
EBL,2/9/2025,597.8,617.0,597.8,609.6,-0.07,30934.0,760.2,619.0
EBL,2/10/2025,614.0,614.0,605.0,607.0,-0.43,24854.0,760.2,619.0
EBL,2/11/2025,601.0,607.0,601.0,606.9,-0.02,24574.0,760.2,619.0
EBL,2/12/2025,614.8,614.8,602.6,608.0,0.18,56933.0,760.2,619.0
EBL,2/13/2025,600.0,614.0,600.0,605.8,-0.36,30351.0,760.2,619.0
EBL,2/16/2025,600.0,613.0,600.0,610.0,0.69,55609.0,760.2,619.0
EBL,2/17/2025,622.2,622.2,612.0,615.2,0.85,49733.0,760.2,619.0
EBL,2/18/2025,627.5,627.5,612.1,614.9,-0.05,54109.0,760.2,619.0
EBL,2/20/2025,603.1,615.0,603.1,612.0,-0.47,32772.0,760.2,619.0
EBL,2/23/2025,608.0,614.5,600.0,613.0,0.16,40047.0,760.2,619.0
EBL,2/24/2025,600.8,617.7,600.8,613.5,0.08,41361.0,760.2,619.0
EBL,2/25/2025,614.2,622.9,614.2,620.5,1.14,41994.0,760.2,619.0
EBL,2/27/2025,632.9,650.0,626.6,632.5,1.93,109188.0,760.2,619.0
EBL,3/2/2025,620.0,645.1,620.0,642.3,1.55,45742.0,760.2,619.0
EBL,3/3/2025,650.0,650.0,633.5,638.0,-0.67,106700.0,760.2,619.0
EBL,3/4/2025,638.0,645.0,629.2,632.0,-0.94,69964.0,760.2,619.0
EBL,3/5/2025,630.1,630.1,621.5,628.0,-0.63,36721.0,760.2,619.0
EBL,3/6/2025,620.2,629.8,620.2,628.0,0.0,17938.0,760.2,619.0
EBL,3/9/2025,640.5,640.5,614.1,618.0,-1.59,38930.0,760.2,619.0
EBL,3/10/2025,629.9,630.0,615.3,621.8,0.61,28345.0,760.2,619.0
EBL,3/11/2025,613.0,623.0,613.0,616.5,-0.85,30722.0,760.2,619.0
EBL,3/12/2025,611.0,620.0,611.0,619.0,0.41,23025.0,760.2,619.0
EBL,3/16/2025,615.0,617.8,611.0,616.0,-0.48,24283.0,760.2,619.0
EBL,3/17/2025,613.0,615.0,605.2,614.2,-0.29,52962.0,760.2,619.0
EBL,3/18/2025,612.0,614.8,611.1,613.0,-0.2,17747.0,760.2,619.0
EBL,3/19/2025,614.0,614.5,608.0,608.0,-0.82,29380.0,760.2,619.0
EBL,3/20/2025,607.0,611.0,605.2,609.36,0.22,33163.0,760.2,619.0
EBL,3/23/2025,616.0,616.0,600.0,600.37,-1.48,31931.0,760.2,619.0
EBL,3/24/2025,600.0,605.0,594.5,603.09,0.45,29752.0,760.2,619.0
EBL,3/25/2025,615.1,615.1,594.0,600.38,-0.45,40323.0,760.2,619.0
EBL,3/26/2025,602.0,605.0,600.0,603.17,0.46,24908.0,760.2,619.0
EBL,3/27/2025,615.2,615.2,600.0,606.65,0.58,24595.0,760.2,619.0
EBL,3/30/2025,600.0,612.0,600.0,606.96,0.05,23081.0,760.2,619.0
EBL,4/1/2025,609.8,609.8,600.0,600.63,-1.04,25463.0,760.2,619.0
EBL,4/2/2025,612.6,612.6,600.0,603.49,0.48,21179.0,760.2,619.0
EBL,4/3/2025,612.0,612.0,603.1,605.34,0.31,30596.0,760.2,619.0
EBL,4/7/2025,600.0,607.0,600.0,605.24,-0.02,15546.0,760.2,619.0
EBL,4/8/2025,603.0,608.0,600.1,606.1,0.14,29286.0,760.2,619.0
EBL,4/9/2025,618.0,618.0,605.0,606.58,0.08,19337.0,760.2,619.0
EBL,4/10/2025,615.0,615.0,606.0,607.73,0.19,27045.0,760.2,619.0
EBL,4/13/2025,608.0,612.1,605.2,606.1,-0.27,17905.0,760.2,619.0
EBL,4/15/2025,618.0,618.0,608.0,609.08,0.49,22581.0,760.2,619.0
EBL,4/16/2025,620.0,620.0,608.2,613.88,0.79,27536.0,760.2,619.0
EBL,4/17/2025,617.8,622.0,612.1,619.09,0.85,42936.0,760.2,619.0
EBL,4/20/2025,631.0,631.0,620.0,625.05,0.96,63635.0,760.2,619.0
EBL,4/21/2025,629.5,635.0,622.1,631.11,0.97,74610.0,760.2,619.0
EBL,4/22/2025,632.1,635.0,628.0,631.09,-0.0,40770.0,760.2,619.0
EBL,4/23/2025,627.0,635.0,622.0,622.59,-1.35,84744.0,760.2,619.0
EBL,4/24/2025,617.5,624.0,613.0,620.63,-0.31,46983.0,760.2,619.0
EBL,4/27/2025,618.1,633.0,617.0,620.26,-0.06,56202.0,760.2,619.0
EBL,4/28/2025,617.1,623.8,617.0,618.16,-0.34,19785.0,760.2,619.0
EBL,4/29/2025,621.0,621.0,614.0,615.95,-0.36,31861.0,760.2,619.0
EBL,4/30/2025,616.0,620.0,610.0,612.63,-0.54,20918.0,760.2,619.0
EBL,5/4/2025,612.0,620.0,610.0,615.22,0.42,50212.0,760.2,619.0
EBL,5/5/2025,620.0,620.0,612.1,614.65,-0.09,12087.0,760.2,619.0
EBL,5/6/2025,614.0,617.0,612.0,614.4,-0.04,22290.0,760.2,619.0
EBL,5/7/2025,611.0,622.8,611.0,622.28,1.28,29172.0,760.2,619.0
EBL,5/8/2025,616.0,627.8,616.0,618.51,-0.61,22411.0,760.2,619.0
EBL,5/11/2025,620.0,625.0,615.1,618.83,0.05,23793.0,760.2,619.0
EBL,5/13/2025,621.0,629.0,614.5,615.86,-0.48,35938.0,760.2,619.0
EBL,5/14/2025,626.9,626.9,612.0,613.82,-0.33,21135.0,760.2,619.0
EBL,5/15/2025,614.1,616.0,610.1,612.4,-0.23,27168.0,760.2,619.0
EBL,5/18/2025,614.0,624.0,610.0,615.4,0.49,24672.0,760.2,619.0
EBL,5/19/2025,623.6,625.0,618.0,623.15,1.26,35072.0,760.2,619.0
EBL,5/20/2025,620.0,630.0,616.5,629.31,0.99,45118.0,760.2,619.0
EBL,5/21/2025,635.0,654.6,634.0,635.51,0.99,111269.0,760.2,619.0
EBL,5/22/2025,640.0,651.8,636.0,642.19,1.05,96434.0,760.2,619.0
EBL,5/25/2025,645.0,655.0,638.0,643.02,0.13,116943.0,760.2,619.0
EBL,5/26/2025,655.8,660.0,647.0,650.47,1.16,220971.0,760.2,619.0
EBL,5/27/2025,650.0,658.0,645.0,654.3,0.59,98118.0,760.2,619.0
EBL,5/28/2025,654.0,665.0,643.0,663.48,1.4,157427.0,760.2,619.0
EBL,6/2/2025,676.0,676.0,666.0,668.89,0.82,214147.0,760.2,619.0
EBL,6/3/2025,666.0,668.9,655.1,655.3,-2.03,163337.0,760.2,619.0
EBL,6/4/2025,642.2,663.0,642.2,646.68,-1.32,46542.0,760.2,619.0
EBL,6/5/2025,654.0,654.0,645.0,653.07,0.99,75653.0,760.2,619.0
EBL,6/8/2025,658.0,658.0,640.0,643.3,-1.5,72849.0,760.2,619.0
EBL,6/9/2025,654.0,654.0,636.7,645.89,0.4,53276.0,760.2,619.0
EBL,6/10/2025,655.0,655.0,640.3,650.66,0.74,97899.0,760.2,619.0
EBL,6/11/2025,650.0,659.1,640.5,645.42,-0.81,44857.0,760.2,619.0
EBL,6/12/2025,656.0,656.0,638.0,638.86,-1.02,44323.0,760.2,619.0
EBL,6/15/2025,627.0,647.0,627.0,635.54,-0.52,72617.0,760.2,619.0
EBL,6/16/2025,632.1,640.5,632.1,636.26,0.11,63380.0,760.2,619.0
EBL,6/17/2025,643.5,645.0,638.0,639.58,0.52,87898.0,760.2,619.0
EBL,6/18/2025,640.0,641.0,635.4,637.73,-0.29,35645.0,760.2,619.0
EBL,6/19/2025,635.0,640.0,634.0,636.45,-0.2,30898.0,760.2,619.0
EBL,6/22/2025,635.0,638.0,627.3,627.82,-1.36,55635.0,760.2,619.0
EBL,6/23/2025,625.0,636.0,625.0,634.42,1.05,22703.0,760.2,619.0
EBL,6/24/2025,642.0,642.0,632.1,635.34,0.15,28965.0,760.2,619.0
EBL,6/25/2025,636.0,638.0,631.0,635.28,-0.01,38444.0,760.2,619.0
EBL,6/26/2025,635.0,637.0,634.0,635.17,-0.02,28083.0,760.2,619.0
EBL,6/29/2025,640.0,645.0,636.1,643.87,1.37,22263.0,760.2,619.0
EBL,6/30/2025,650.0,650.0,635.0,642.5,-0.21,22403.0,760.2,619.0
EBL,7/1/2025,642.5,647.9,640.1,643.42,0.14,29297.0,760.2,619.0
EBL,7/2/2025,645.1,651.0,644.1,649.79,0.99,43324.0,760.2,619.0
EBL,7/3/2025,645.1,662.9,640.3,656.82,1.08,100633.0,760.2,619.0
EBL,7/6/2025,655.0,662.8,648.0,659.61,0.42,73221.0,760.2,619.0
EBL,7/7/2025,664.8,666.0,653.0,655.14,-0.68,118386.0,760.2,619.0
EBL,7/8/2025,667.9,667.9,652.0,657.54,0.37,78838.0,760.2,619.0
EBL,7/9/2025,665.0,665.0,656.0,660.66,0.47,64837.0,760.2,619.0
EBL,7/10/2025,666.0,678.0,660.8,670.29,1.46,108835.0,760.2,619.0
EBL,7/13/2025,683.6,704.0,680.0,700.22,4.47,358057.0,760.2,619.0
EBL,7/14/2025,700.0,700.0,682.0,689.66,-1.51,116806.0,760.2,619.0
EBL,7/15/2025,688.0,696.0,683.0,694.53,0.71,80041.0,760.2,619.0
EBL,7/16/2025,705.0,707.9,692.1,701.56,1.01,380520.0,760.2,619.0
EBL,7/17/2025,702.0,735.0,695.0,730.96,4.19,231952.0,760.2,619.0
EBL,7/20/2025,735.0,747.0,725.1,735.33,0.6,283091.0,760.2,619.0
EBL,7/21/2025,722.0,750.0,722.0,745.19,1.34,283558.0,760.2,619.0
EBL,7/22/2025,745.0,775.0,745.0,763.92,2.51,283754.0,760.2,619.0
EBL,7/23/2025,770.0,770.0,750.0,764.84,0.12,292455.0,760.2,619.0
EBL,7/24/2025,766.0,766.0,745.1,756.72,-1.06,264650.0,760.2,619.0
EBL,7/27/2025,756.0,760.0,742.0,744.89,-1.56,366891.0,760.2,619.0
EBL,7/28/2025,750.0,750.0,728.0,736.35,-1.15,205878.0,760.2,619.0
EBL,7/29/2025,740.0,750.0,734.0,736.48,0.02,173450.0,760.2,619.0
EBL,7/30/2025,749.9,749.9,719.0,722.16,-1.94,125621.0,760.2,619.0
EBL,7/31/2025,715.0,729.3,713.0,717.09,-0.7,156655.0,760.2,619.0
EBL,8/3/2025,731.4,731.4,710.1,711.01,-0.85,98110.0,760.2,619.0
EBL,8/4/2025,715.0,719.9,700.0,716.91,0.83,109388.0,760.2,619.0
EBL,8/5/2025,725.0,725.0,705.0,710.14,-0.94,81510.0,760.2,619.0
EBL,8/6/2025,703.8,713.9,703.8,705.66,-0.63,46603.0,760.2,619.0
EBL,8/7/2025,701.0,717.0,701.0,707.57,0.27,71174.0,760.2,619.0
EBL,8/11/2025,721.0,735.5,708.0,709.53,0.28,196948.0,760.2,619.0
EBL,8/12/2025,715.0,718.0,701.1,709.49,-0.01,143996.0,760.2,619.0
EBL,8/13/2025,714.0,719.0,712.0,715.14,0.8,79983.0,760.2,619.0
EBL,8/14/2025,722.0,722.0,714.0,715.69,0.08,84348.0,760.2,619.0
EBL,8/17/2025,722.0,725.0,710.4,719.87,0.58,108739.0,760.2,619.0
EBL,8/18/2025,724.9,730.0,718.3,725.71,0.81,83163.0,760.2,619.0
EBL,8/19/2025,730.0,736.0,721.0,734.54,1.22,77985.0,760.2,619.0
EBL,8/20/2025,739.5,741.0,728.0,739.14,0.63,130752.0,760.2,619.0
EBL,8/21/2025,740.0,750.0,735.9,747.77,1.17,170311.0,760.2,619.0
EBL,8/24/2025,748.0,754.0,729.0,732.96,-1.98,104700.0,760.2,619.0
EBL,8/25/2025,738.9,753.0,722.0,742.98,1.37,108125.0,760.2,619.0
EBL,8/26/2025,754.0,754.0,734.0,748.45,0.74,110366.0,760.2,619.0
EBL,8/27/2025,749.0,753.0,746.2,751.56,0.42,95651.0,760.2,619.0
EBL,8/28/2025,745.0,755.0,745.0,747.67,-0.52,80293.0,760.2,619.0
EBL,8/31/2025,746.1,754.0,740.1,751.71,0.54,169668.0,760.2,619.0
EBL,9/1/2025,766.7,777.0,747.1,765.33,1.81,319582.0,760.2,619.0
EBL,9/2/2025,780.6,780.6,760.0,761.41,-0.51,79636.0,760.2,619.0
EBL,9/3/2025,760.0,762.0,748.2,750.39,-1.45,74732.0,760.2,619.0
EBL,9/4/2025,744.0,753.9,737.0,741.06,-1.24,125233.0,760.2,619.0
EBL,9/7/2025,742.0,742.0,715.0,723.88,-2.32,307228.0,760.2,619.0
EBL,9/8/2025,724.0,724.0,703.9,711.56,-1.7,90889.0,760.2,619.0
EBL,9/18/2025,698.0,698.0,656.6,671.1,-5.69,17943.0,760.2,619.0
EBL,9/21/2025,672.0,717.0,671.0,704.96,5.05,200039.0,760.2,619.0
EBL,9/23/2025,705.0,719.0,701.1,712.0,1.0,48632.0,760.2,619.0
EBL,9/24/2025,712.0,720.0,708.3,710.0,-0.28,55779.0,760.2,619.0
EBL,9/25/2025,705.0,716.0,702.0,714.8,0.68,21113.0,760.2,619.0
EBL,9/28/2025,715.0,722.0,713.0,720.0,0.73,27218.0,760.2,619.0
EBL,10/7/2025,724.0,724.0,710.0,720.0,0.0,89590.0,760.2,619.0
EBL,10/8/2025,720.0,720.0,710.6,710.6,-1.31,79337.0,760.2,619.0
EBL,10/9/2025,724.8,738.0,716.0,717.0,0.9,195074.0,760.2,619.0
EBL,10/12/2025,670.0,672.0,650.0,652.0,-9.07,149895.0,760.2,619.0
EBL,10/13/2025,665.0,665.0,632.0,642.0,-1.53,58961.0,760.2,619.0
EBL,10/14/2025,643.0,649.9,636.0,639.0,-0.47,30565.0,760.2,619.0
EBL,10/15/2025,643.9,643.9,634.0,637.0,-0.31,32284.0,760.2,619.0
EBL,10/16/2025,636.0,642.0,630.0,640.1,0.49,49689.0,760.2,619.0
EBL,10/19/2025,628.0,639.0,628.0,631.0,-1.42,27253.0,760.2,619.0
EBL,10/26/2025,620.0,632.0,620.0,624.9,-0.97,26398.0,760.2,619.0
EBL,10/28/2025,627.0,632.3,620.0,630.0,0.82,20842.0,760.2,619.0
EBL,10/29/2025,633.0,633.0,625.0,625.0,-0.79,12086.0,760.2,619.0
EBL,10/30/2025,620.5,629.8,619.0,625.0,0.0,28412.0,760.2,619.0
EBL,11/2/2025,637.5,637.5,623.0,630.1,0.82,26776.0,760.2,619.0
EBL,11/3/2025,636.0,639.0,624.0,633.0,0.46,23526.0,760.2,619.0
EBL,11/4/2025,635.0,635.0,629.5,631.0,-0.32,18856.0,760.2,619.0
EBL,11/5/2025,628.0,634.5,628.0,628.2,-0.44,24430.0,760.2,619.0
EBL,11/6/2025,625.0,636.0,623.0,623.0,-0.83,31406.0,760.2,619.0
EBL,11/9/2025,630.0,632.0,625.1,628.5,0.88,22341.0,760.2,619.0
EBL,11/10/2025,631.1,641.0,631.0,633.0,0.72,23731.0,760.2,619.0
EBL,11/11/2025,638.0,639.0,631.0,633.3,0.05,20058.0,760.2,619.0
EBL,11/12/2025,635.0,639.0,630.1,634.0,0.11,38337.0,760.2,619.0
EBL,11/13/2025,638.0,638.0,630.0,631.0,-0.47,23821.0,760.2,619.0
EBL,11/16/2025,631.0,636.0,630.0,632.0,0.16,17606.0,760.2,619.0
EBL,11/17/2025,633.0,636.0,633.0,635.0,0.47,15079.0,760.2,619.0
EBL,11/18/2025,636.1,646.0,636.0,640.0,0.79,25395.0,760.2,619.0
EBL,11/19/2025,647.0,647.0,637.7,638.0,-0.31,11554.0,760.2,619.0
EBL,11/20/2025,639.0,647.0,635.0,640.0,0.31,17958.0,760.2,619.0
EBL,11/23/2025,644.0,652.0,639.0,651.9,1.86,29228.0,760.2,619.0
EBL,11/24/2025,656.0,656.0,649.3,651.2,-0.11,18874.0,760.2,619.0
EBL,11/25/2025,651.2,659.7,646.0,657.0,0.89,21721.0,760.2,619.0
EBL,11/26/2025,662.0,662.8,649.0,660.0,0.46,26943.0,760.2,619.0
EBL,11/27/2025,653.0,665.0,653.0,661.0,0.15,30238.0,760.2,619.0
EBL,11/30/2025,664.5,666.0,654.0,654.0,-1.06,36295.0,760.2,619.0
EBL,12/1/2025,654.0,655.0,641.0,650.0,-0.61,12453.0,760.2,619.0
EBL,12/2/2025,650.1,655.0,643.0,643.0,-1.08,28724.0,760.2,619.0
EBL,12/3/2025,655.7,655.7,641.0,644.0,0.16,19833.0,760.2,619.0
EBL,12/7/2025,652.1,652.1,639.0,641.0,-0.47,31463.0,760.2,619.0
EBL,12/8/2025,641.0,648.0,637.9,638.0,-0.47,21169.0,760.2,619.0
EBL,12/9/2025,640.0,645.0,640.0,640.0,0.31,7879.0,760.2,619.0
EBL,12/10/2025,641.0,642.0,639.5,641.0,0.16,21558.0,760.2,619.0
EBL,12/11/2025,637.0,646.0,637.0,646.0,0.78,12652.0,760.2,619.0
EBL,12/14/2025,654.3,654.3,644.1,645.1,-0.14,43589.0,760.2,619.0
EBL,12/15/2025,645.1,648.0,643.3,646.2,0.17,20581.0,760.2,619.0
EBL,12/16/2025,649.0,652.9,645.1,650.6,0.68,16393.0,760.2,619.0
EBL,12/17/2025,663.0,663.0,651.0,653.1,0.38,18564.0,760.2,619.0
EBL,12/18/2025,657.6,657.6,651.3,655.0,0.29,9793.0,760.2,619.0
EBL,12/21/2025,653.0,660.0,647.1,652.0,-0.46,20227.0,760.2,619.0
EBL,12/22/2025,647.0,652.0,645.0,646.5,-0.84,19469.0,760.2,619.0
EBL,12/23/2025,646.5,651.0,643.5,650.0,0.54,13059.0,760.2,619.0
EBL,12/24/2025,650.0,650.0,641.1,647.3,-0.42,20691.0,760.2,619.0
EBL,12/28/2025,650.0,655.0,648.2,654.0,1.04,32533.0,760.2,619.0
EBL,12/29/2025,660.0,663.9,655.3,657.5,0.54,23830.0,760.2,619.0
EBL,12/31/2025,657.2,664.0,657.1,663.0,0.84,24223.0,760.2,619.0
EBL,1/1/2026,660.1,661.5,652.0,652.0,-1.66,15716.0,760.2,619.0
EBL,1/4/2026,652.0,653.0,645.0,650.0,-0.31,17855.0,760.2,619.0
EBL,1/5/2026,649.0,660.0,645.0,654.0,0.62,28075.0,760.2,619.0
EBL,1/6/2026,663.0,663.0,654.0,656.0,0.31,19136.0,760.2,619.0
EBL,1/7/2026,654.1,662.0,652.0,658.0,0.3,32918.0,760.2,619.0
EBL,1/8/2026,653.0,664.0,653.0,661.0,0.46,24336.0,760.2,619.0
EBL,1/12/2026,660.0,664.8,658.0,660.4,-0.09,24488.0,760.2,619.0
EBL,1/13/2026,665.0,665.0,660.0,661.0,0.09,9271.0,760.2,619.0
EBL,1/14/2026,661.0,665.0,658.0,660.0,-0.15,26659.0,760.2,619.0
EBL,1/18/2026,660.5,667.0,660.0,665.2,0.79,27585.0,760.2,619.0
EBL,1/20/2026,665.0,682.0,665.0,677.0,1.77,35963.0,760.2,619.0
EBL,1/21/2026,678.1,680.0,671.0,673.0,-0.59,13721.0,760.2,619.0
EBL,1/22/2026,668.0,675.0,668.0,671.0,-0.3,19126.0,760.2,619.0
EBL,1/25/2026,671.0,683.5,670.1,674.0,0.45,42047.0,760.2,619.0
EBL,1/26/2026,674.0,677.6,671.2,677.3,0.49,44613.0,760.2,619.0
EBL,1/27/2026,672.0,676.9,670.3,670.3,-1.03,38432.0,760.2,619.0
EBL,1/28/2026,683.0,683.0,670.0,674.0,0.55,49392.0,760.2,619.0
EBL,1/29/2026,675.0,679.0,673.0,673.3,-0.1,34896.0,760.2,619.0
EBL,2/1/2026,675.0,675.0,668.0,668.5,-0.71,19118.0,760.2,619.0
EBL,2/2/2026,655.2,670.0,655.2,668.2,-0.04,24631.0,760.2,619.0
EBL,2/3/2026,666.0,670.0,665.0,665.2,-0.45,52815.0,760.2,619.0
EBL,2/4/2026,652.0,675.0,652.0,670.0,0.72,46049.0,760.2,619.0
EBL,2/5/2026,664.0,671.0,664.0,669.0,-0.15,35537.0,760.2,619.0
EBL,2/8/2026,666.0,680.0,665.0,670.0,0.15,55470.0,760.2,619.0
EBL,2/9/2026,670.0,672.0,665.1,670.0,0.0,57712.0,760.2,619.0
EBL,2/10/2026,670.0,670.0,664.6,664.6,-0.81,26651.0,760.2,619.0
EBL,2/11/2026,665.0,674.0,665.0,666.1,0.23,29808.0,760.2,619.0
EBL,2/12/2026,670.0,670.0,664.0,666.4,0.05,24688.0,760.2,619.0
EBL,2/16/2026,675.0,677.9,665.1,668.5,0.32,50722.0,760.2,619.0
EBL,2/17/2026,668.0,672.0,665.4,665.5,-0.45,14184.0,760.2,619.0
EBL,2/22/2026,668.0,668.0,663.2,664.4,-0.17,30370.0,760.2,619.0
EBL,2/23/2026,664.0,668.0,664.0,664.5,0.02,18319.0,760.2,619.0
EBL,2/24/2026,672.0,672.0,664.4,667.9,0.51,16952.0,760.2,619.0
EBL,2/25/2026,671.0,672.0,665.0,670.0,0.31,35579.0,760.2,619.0
EBL,2/26/2026,680.0,683.0,668.0,672.5,0.37,28856.0,760.2,619.0
EBL,2/27/2026,680.0,683.0,668.0,672.5,0.0,28856.0,760.2,619.0
EBL,2/28/2026,680.0,683.0,668.0,672.5,0.0,28856.0,760.2,619.0
EBL,3/2/2026,673.0,675.0,668.0,673.9,0.21,39292.0,760.2,619.0
EBL,3/3/2026,680.0,680.0,671.0,679.0,0.76,28577.0,760.2,619.0
EBL,3/4/2026,680.0,680.0,671.0,679.0,0.0,28577.0,760.2,619.0
EBL,3/5/2026,680.0,680.0,671.0,679.0,0.0,28577.0,760.2,619.0
EBL,3/6/2026,680.0,680.0,671.0,679.0,0.0,28577.0,760.2,619.0
EBL,3/7/2026,680.0,680.0,671.0,679.0,0.0,28577.0,760.2,619.0
EBL,3/8/2026,680.0,680.0,671.0,679.0,0.0,28577.0,760.2,619.0
EBL,3/9/2026,692.0,705.8,692.0,705.8,3.95,110.0,760.2,619.0
EBL,3/10/2026,719.9,734.0,705.9,711.0,0.74,94294.0,760.2,619.0
EBL,3/11/2026,711.0,716.0,700.0,700.0,-1.55,79166.0,760.2,619.0
EBL,3/12/2026,700.0,710.0,699.0,706.0,0.86,36695.0,760.2,619.0
EBL,3/13/2026,700.0,710.0,699.0,706.0,0.0,36695.0,760.2,619.0
EBL,3/14/2026,700.0,710.0,699.0,706.0,0.0,36695.0,760.2,619.0
EBL,3/15/2026,719.0,719.0,707.0,709.0,0.42,30323.0,760.2,619.0
EBL,3/16/2026,695.0,708.0,695.0,707.8,-0.17,29192.0,760.2,619.0
EBL,3/17/2026,706.0,709.9,702.0,706.0,-0.25,25254.0,760.2,619.0
EBL,3/18/2026,706.0,709.9,702.0,706.0,0.0,25254.0,760.2,619.0
EBL,3/19/2026,706.0,716.5,704.0,714.0,1.13,51308.0,760.2,619.0
EBL,3/20/2026,706.0,716.5,704.0,714.0,0.0,51308.0,760.2,619.0
EBL,3/21/2026,706.0,716.5,704.0,714.0,0.0,51308.0,760.2,619.0
EBL,3/22/2026,718.0,719.9,714.0,717.8,0.53,84538.0,760.2,619.0
EBL,3/23/2026,718.0,718.0,708.0,712.0,-0.81,75760.0,760.2,619.0
EBL,3/24/2026,712.2,716.9,705.3,715.9,0.55,53258.0,760.2,619.0
EBL,3/25/2026,730.2,730.2,713.0,714.0,-0.27,34018.0,760.2,619.0
EBL,3/26/2026,714.0,714.0,706.0,712.0,-0.28,47685.0,760.2,619.0
EBL,3/29/2026,726.2,726.2,705.1,706.1,-2.77,50416.0,760.2,619.0
EBL,3/30/2026,701.2,714.9,700.0,705.0,0.54,50802.0,760.2,619.0
EBL,3/31/2026,710.0,710.0,691.2,702.0,-1.13,49835.0,760.2,619.0
EBL,4/1/2026,700.0,706.0,692.1,697.0,-0.43,50636.0,760.2,619.0
EBL,4/2/2026,691.0,700.0,685.6,692.5,0.22,37489.0,760.2,619.0
EBL,4/5/2026,690.0,692.0,680.0,681.0,-1.3,80444.0,760.2,619.0
EBL,4/6/2026,681.0,698.2,675.0,693.9,1.89,30269.0,760.2,619.0
EBL,4/7/2026,706.0,706.0,692.0,695.0,-1.56,28459.0,760.2,619.0
EBL,4/8/2026,708.9,708.9,689.0,699.9,-1.27,51964.0,760.2,619.0
EBL,4/9/2026,700.0,701.9,694.0,700.0,0.0,41712.0,760.2,619.0
EBL,4/10/2026,707.8,707.9,697.1,699.0,-1.24,25439.0,760.2,619.0
EBL,4/13/2026,711.0,711.0,688.1,698.0,-1.83,42065.0,760.2,619.0
EBL,4/15/2026,705.0,705.0,693.1,700.0,-0.71,30581.0,760.2,619.0
EBL,4/16/2026,695.0,701.6,695.0,699.0,0.58,41898.0,760.2,619.0
EBL,4/17/2026,701.0,703.8,697.0,701.0,0.0,35324.0,760.2,619.0
EBL,4/20/2026,703.0,703.9,695.0,700.0,-0.43,17988.0,760.2,619.0
EBL,4/21/2026,696.0,704.0,690.2,699.0,0.43,24389.0,760.2,619.0
EBL,4/22/2026,695.0,703.0,694.0,697.5,0.36,43628.0,760.2,619.0
EBL,4/23/2026,697.0,703.0,690.0,692.0,-0.72,31308.0,760.2,619.0
EBL,4/24/2026,687.0,695.0,682.0,693.6,0.96,26222.0,760.2,619.0
EBL,4/27/2026,693.6,700.0,694.0,698.0,0.63,21090.0,760.2,619.0
EBL,4/28/2026,698.0,702.0,697.0,698.1,0.01,14240.0,760.2,619.0
EBL,4/29/2026,698.1,700.0,696.0,697.6,-0.07,18065.0,760.2,619.0
EBL,4/30/2026,698.0,698.8,691.5,697.0,-0.14,20626.0,760.2,619.0
EBL,5/4/2026,700.0,701.0,686.0,695.0,-0.71,21835.0,760.2,619.0
EBL,5/5/2026,695.0,699.0,685.3,695.0,0.0,15589.0,760.2,619.0
EBL,5/6/2026,694.5,701.0,694.5,699.0,0.65,18466.0,760.2,619.0
EBL,5/7/2026,710.0,720.0,699.0,701.0,-1.27,21603.0,760.2,619.0
EBL,5/8/2026,700.0,705.8,699.0,702.1,0.3,20871.0,760.2,619.0
EBL,5/11/2026,718.0,718.0,702.0,706.0,-1.67,27421.0,760.2,619.0
EBL,5/12/2026,720.0,720.0,705.1,706.0,-1.94,23334.0,760.2,619.0
EBL,5/13/2026,708.0,708.0,699.0,704.2,-0.54,25413.0,760.2,619.0
EBL,5/14/2026,705.0,705.0,700.0,703.0,-0.28,16988.0,760.2,619.0
EBL,5/15/2026,703.0,708.0,700.0,703.9,0.13,25550.0,760.2,619.0
EBL,5/18/2026,711.5,711.5,702.5,705.5,-0.84,15615.0,760.2,619.0
EBL,5/19/2026,715.0,715.9,701.5,705.0,-1.4,25302.0,760.2,619.0
EBL,5/20/2026,701.6,708.5,701.6,707.1,0.78,20775.0,760.2,619.0
EBL,5/21/2026,708.0,713.0,706.0,709.8,0.25,22369.0,760.2,619.0
EBL,5/22/2026,705.0,712.0,705.0,710.0,0.71,13673.0,760.2,619.0
EBL,5/25/2026,719.9,719.9,710.0,711.0,-1.24,34410.0,760.2,619.0
EBL,5/26/2026,719.0,719.0,710.0,712.6,-0.89,21211.0,760.2,619.0
EBL,5/27/2026,714.0,714.8,710.0,712.0,-0.28,23103.0,760.2,619.0
EBL,6/1/2026,715.0,715.0,707.5,709.5,-0.77,15926.0,760.2,619.0
EBL,6/2/2026,709.0,713.0,707.0,708.0,-0.14,16729.0,760.2,619.0
EBL,6/3/2026,709.0,710.0,703.0,709.5,0.07,33402.0,760.2,619.0
EBL,6/4/2026,714.9,714.9,706.0,709.0,-0.83,17746.0,760.2,619.0
EBL,6/5/2026,709.0,711.0,706.0,709.4,0.06,23119.0,760.2,619.0
EBL,6/8/2026,710.0,710.0,705.0,705.0,-0.7,31398.0,760.2,619.0
EBL,6/9/2026,706.0,709.4,703.1,704.5,-0.21,34807.0,760.2,619.0
EBL,6/10/2026,705.0,712.0,704.0,705.0,0.0,11211.0,760.2,619.0
EBL,6/11/2026,705.5,706.0,698.0,702.0,-0.5,34885.0,760.2,619.0
EBL,6/12/2026,704.0,704.0,696.0,699.9,-0.58,22381.0,760.2,619.0
EBL,6/15/2026,709.0,709.0,697.0,698.0,-1.55,26134.0,760.2,619.0
EBL,6/16/2026,699.8,717.0,696.0,696.1,-0.53,35104.0,760.2,619.0
EBL,6/17/2026,698.0,699.9,695.0,697.0,-0.14,23597.0,760.2,619.0
EBL,6/18/2026,695.0,701.0,695.0,695.6,0.09,37630.0,760.2,619.0
EBL,6/19/2026,670.0,699.5,670.0,695.0,3.73,51877.0,760.2,619.0
EBL,6/22/2026,729.7,729.7,694.0,697.0,-4.48,48925.0,760.2,619.0
EBL,6/23/2026,700.0,735.0,695.0,699.9,-0.01,92815.0,760.2,619.0
EBL,6/24/2026,699.0,699.0,695.0,699.0,0.0,33095.0,760.2,619.0
EBL,6/26/2026,701.5,701.5,696.3,700.0,-0.21,20087.0,760.2,619.0
EBL,6/29/2026,700.0,700.0,695.0,698.0,-0.29,22267.0,760.2,619.0
EBL,6/30/2026,700.0,700.0,692.0,694.0,-0.86,28812.0,760.2,619.0
EBL,7/1/2026,699.9,700.0,690.0,694.0,-0.84,25799.0,760.2,619.0
EBL,7/2/2026,695.6,710.0,690.1,704.0,1.21,96493.0,760.2,619.0
EBL,7/3/2026,704.0,709.0,700.0,700.0,-0.57,14095.0,760.2,619.0
EBL,7/6/2026,702.0,703.0,695.0,696.0,-0.85,34303.0,760.2,619.0
EBL,7/7/2026,700.0,719.0,696.0,707.0,1.0,117031.0,760.2,619.0
EBL,7/8/2026,707.0,707.0,695.0,698.1,-1.26,19412.0,760.2,619.0
EBL,7/9/2026,700.0,701.0,697.0,697.0,-0.43,12059.0,760.2,619.0
EBL,7/10/2026,705.0,705.0,695.0,695.0,-1.42,34233.0,760.2,619.0
EBL,7/13/2026,695.1,702.0,693.3,694.0,-0.16,49185.0,760.2,619.0
EBL,7/14/2026,695.0,697.0,690.3,692.6,-0.35,44101.0,760.2,619.0
EBL,7/15/2026,700.0,700.0,692.0,693.1,-0.99,58660.0,760.2,619.0
EBL,7/16/2026,697.0,700.0,694.0,695.0,-0.29,33249.0,760.2,619.0
EBL,7/17/2026,703.5,719.0,703.0,718.0,2.06,25601.0,760.2,619.0
EBL,7/20/2026,720.0,727.0,711.1,717.5,-0.35,39264.0,760.2,619.0
EBL,7/21/2026,718.1,735.0,718.1,720.5,0.33,34312.0,760.2,619.0
EBL,7/22/2026,720.0,725.0,717.0,718.0,-0.28,12550.0,760.2,619.0
EBL,7/23/2026,753.0,753.0,712.1,719.0,-4.52,21235.0,760.2,619.0
EBL,7/24/2026,725.0,725.5,720.0,724.0,-0.14,84744.0,760.2,619.0
EBL,7/27/2026,732.9,732.9,720.0,726.0,-0.94,58133.0,760.2,619.0
EBL,7/28/2026,726.0,728.0,717.5,725.0,-0.14,23527.0,760.2,619.0
EBL,7/29/2026,725.0,730.0,720.0,727.0,0.28,27058.0,760.2,619.0
EBL,7/30/2026,727.0,727.0,721.0,724.0,-0.41,10486.0,760.2,619.0
EBL,7/31/2026,725.0,730.4,720.0,728.6,0.5,29334.0,760.2,619.0
EBL,8/3/2026,728.6,735.0,728.1,730.0,0.19,29414.0,760.2,619.0
EBL,8/4/2026,730.0,732.9,726.0,729.0,-0.14,14377.0,760.2,619.0
EBL,8/5/2026,729.0,734.0,727.2,730.0,0.14,34151.0,760.2,619.0
EBL,8/6/2026,730.0,733.0,725.0,725.0,-0.68,27393.0,760.2,619.0
EBL,8/7/2026,734.0,734.0,720.0,723.0,-1.5,23131.0,760.2,619.0
EBL,8/10/2026,730.0,730.0,714.0,715.0,-2.05,34924.0,760.2,619.0
EBL,8/11/2026,715.0,724.9,714.0,715.0,0.0,33873.0,760.2,619.0
EBL,8/12/2026,715.0,729.9,715.0,716.6,0.22,16152.0,760.2,619.0
EBL,8/13/2026,724.0,725.0,718.5,722.0,-0.28,12437.0,760.2,619.0
EBL,8/14/2026,729.6,730.0,720.0,728.0,-0.22,46601.0,760.2,619.0
EBL,8/17/2026,734.0,734.0,723.0,728.0,-0.82,37932.0,760.2,619.0
EBL,8/18/2026,729.2,731.0,726.5,729.0,-0.03,30911.0,760.2,619.0
EBL,8/19/2026,730.0,733.0,727.0,730.0,0.0,23601.0,760.2,619.0
EBL,8/20/2026,731.0,735.4,727.0,734.9,0.53,47132.0,760.2,619.0
EBL,8/21/2026,736.5,737.8,734.8,737.0,0.07,22824.0,760.2,619.0
EBL,8/24/2026,737.0,738.0,726.0,726.1,-1.48,42165.0,760.2,619.0
EBL,8/25/2026,726.1,731.9,726.1,731.9,0.8,15310.0,760.2,619.0
EBL,8/26/2026,734.0,734.0,722.1,730.0,-0.54,30910.0,760.2,619.0
EBL,8/27/2026,734.0,734.0,723.2,729.5,-0.61,16639.0,760.2,619.0
EBL,8/31/2026,726.0,726.0,691.5,711.9,-1.94,47912.0,760.2,619.0
EBL,9/1/2026,712.0,715.0,707.0,710.3,-0.24,18597.0,760.2,619.0
EBL,9/2/2026,710.3,715.0,709.0,715.0,0.66,21847.0,760.2,619.0
EBL,9/3/2026,713.0,717.0,713.0,716.1,0.43,17284.0,760.2,619.0
EBL,9/7/2026,717.5,717.5,710.0,716.0,-0.21,32619.0,760.2,619.0
EBL,9/9/2026,714.0,720.0,714.0,718.0,0.56,32334.0,760.2,619.0
EBL,9/10/2026,718.0,720.0,715.2,718.0,0.0,50488.0,760.2,619.0
EBL,9/11/2026,718.0,720.0,715.0,719.9,0.26,36839.0,760.2,619.0
EBL,9/14/2026,719.0,724.0,719.0,724.0,0.7,25682.0,760.2,619.0
EBL,9/15/2026,760.2,760.2,728.5,732.0,-3.71,71236.0,760.2,619.0
EBL,9/16/2026,732.5,734.9,725.0,727.5,-0.68,84991.0,760.2,619.0
EBL,9/17/2026,700.0,700.0,685.9,691.0,-1.29,81983.0,760.2,619.0
EBL,9/18/2026,691.0,701.0,687.1,701.0,1.45,55918.0,760.2,619.0
EBL,9/22/2026,701.0,708.0,695.0,698.1,-0.41,48022.0,760.2,619.0
EBL,9/23/2026,733.0,733.0,690.0,696.8,-4.94,22396.0,760.2,619.0
EBL,9/24/2026,699.0,699.8,695.0,697.4,-0.23,31186.0,760.2,619.0
EBL,9/28/2026,700.0,700.0,694.0,697.0,-0.43,33975.0,760.2,619.0
EBL,9/29/2026,697.0,698.0,695.1,0.0,-100.0,20565.0,760.2,619.0
EBL,9/30/2026,696.1,698.9,695.1,696.0,-0.01,26448.0,760.2,619.0
EBL,10/1/2026,698.0,700.8,695.2,696.2,-0.26,53726.0,760.2,619.0
EBL,10/2/2026,700.0,716.0,697.0,700.0,0.0,62018.0,760.2,619.0
EBLD85,12/21/2025,1219.0,1244.0,1219.0,1244.0,,750.0,1250.0,1060.0
EBLD85,12/22/2025,1244.0,1244.0,1244.0,1244.0,0.0,77.0,1250.0,1060.0
EBLD85,12/23/2025,1220.0,1250.0,1220.0,1250.0,0.48,110.0,1250.0,1060.0
EBLD85,12/28/2025,1225.0,1245.0,1225.0,1245.0,-0.4,50.0,1250.0,1060.0
EBLD85,1/6/2026,1221.0,1221.0,1221.0,1221.0,-1.93,25.0,1250.0,1060.0
EBLD85,1/8/2026,1221.0,1221.0,1221.0,1221.0,0.0,175.0,1250.0,1060.0
EBLD85,1/12/2026,1221.0,1221.0,1221.0,1221.0,0.0,100.0,1250.0,1060.0
EBLD85,1/13/2026,1240.0,1240.0,1240.0,1240.0,1.56,25.0,1250.0,1060.0
EBLD85,1/14/2026,1225.0,1225.0,1225.0,1225.0,-1.21,50.0,1250.0,1060.0
EBLD85,1/25/2026,1225.0,1225.0,1154.0,1154.0,-5.8,1088.0,1250.0,1060.0
EBLD85,1/28/2026,1141.0,1141.0,1140.0,1140.0,-1.21,225.0,1250.0,1060.0
EBLD85,2/1/2026,1140.0,1150.0,1140.0,1173.0,2.89,182.0,1250.0,1060.0
EBLD85,2/2/2026,1185.0,1200.0,1185.0,1200.0,2.3,250.0,1250.0,1060.0
EBLD85,2/5/2026,1180.0,1180.0,1180.0,1180.0,-1.67,75.0,1250.0,1060.0
EBLD85,2/8/2026,1195.0,1198.0,1195.0,1198.0,1.53,40.0,1250.0,1060.0
EBLD85,2/9/2026,1180.0,1180.0,1180.0,1180.0,-1.5,25.0,1250.0,1060.0
EBLD85,2/11/2026,1175.0,1175.0,1170.0,1170.0,-0.85,425.0,1250.0,1060.0
EBLD85,2/16/2026,1150.0,1150.0,1150.0,1147.0,-1.97,56.0,1250.0,1060.0
EBLD85,2/22/2026,1166.0,1166.0,1165.0,1165.0,1.57,75.0,1250.0,1060.0
EBLD85,2/24/2026,1155.0,1155.0,1155.0,1155.0,-0.86,25.0,1250.0,1060.0
EBLD85,2/25/2026,1151.0,1151.0,1151.0,1151.0,-0.35,25.0,1250.0,1060.0
EBLD85,3/3/2026,1174.0,1174.0,1174.0,1174.0,2.0,25.0,1250.0,1060.0
EBLD85,3/4/2026,1174.0,1174.0,1174.0,1174.0,0.0,25.0,1250.0,1060.0
EBLD85,3/5/2026,1174.0,1174.0,1174.0,1174.0,0.0,25.0,1250.0,1060.0
EBLD85,3/6/2026,1174.0,1174.0,1174.0,1174.0,0.0,25.0,1250.0,1060.0
EBLD85,3/7/2026,1174.0,1174.0,1174.0,1174.0,0.0,25.0,1250.0,1060.0
EBLD85,3/8/2026,1174.0,1174.0,1174.0,1174.0,0.0,25.0,1250.0,1060.0
EBLD85,3/11/2026,1165.0,1165.0,1165.0,1165.0,-0.77,25.0,1250.0,1060.0
EBLD85,3/12/2026,1145.0,1145.0,1135.0,1141.0,-2.06,70.0,1250.0,1060.0
EBLD85,3/13/2026,1145.0,1145.0,1135.0,1141.0,0.0,70.0,1250.0,1060.0
EBLD85,3/14/2026,1145.0,1145.0,1135.0,1141.0,0.0,70.0,1250.0,1060.0
EBLD85,3/15/2026,1136.0,1136.0,1136.0,1135.0,-0.53,25.0,1250.0,1060.0
EBLD85,3/16/2026,1130.1,1170.0,1130.1,1170.0,3.08,60.0,1250.0,1060.0
EBLD85,3/17/2026,1170.0,1193.0,1170.0,1193.0,1.97,106.0,1250.0,1060.0
EBLD85,3/18/2026,1170.0,1193.0,1170.0,1193.0,0.0,106.0,1250.0,1060.0
EBLD85,3/19/2026,1170.1,1190.0,1170.1,1190.0,-0.25,85.0,1250.0,1060.0
EBLD85,3/20/2026,1170.1,1190.0,1170.1,1190.0,0.0,85.0,1250.0,1060.0
EBLD85,3/21/2026,1170.1,1190.0,1170.1,1190.0,0.0,85.0,1250.0,1060.0
EBLD85,3/22/2026,1170.0,1170.0,1170.0,1170.0,-1.68,50.0,1250.0,1060.0
EBLD85,3/23/2026,1193.0,1193.0,1190.0,1190.0,1.71,41.0,1250.0,1060.0
EBLD85,3/25/2026,1170.7,1170.7,1170.7,1170.7,-1.62,25.0,1250.0,1060.0
EBLD85,3/26/2026,1194.0,1225.0,1147.7,1173.0,-1.76,453.0,1250.0,1060.0
EBLD85,3/30/2026,1150.0,1170.0,1150.0,1170.0,1.74,50.0,1250.0,1060.0
EBLD85,3/31/2026,1170.0,1170.0,1170.0,1156.0,-1.2,25.0,1250.0,1060.0
EBLD85,4/1/2026,1145.0,1145.0,1145.0,1145.0,0.0,25.0,1250.0,1060.0
EBLD85,4/5/2026,1148.0,1148.0,1148.0,1148.0,0.0,25.0,1250.0,1060.0
EBLD85,4/7/2026,1170.9,1170.9,1170.9,1170.9,0.0,25.0,1250.0,1060.0
EBLD85,4/8/2026,1192.0,1194.0,1190.0,1194.0,0.17,110.0,1250.0,1060.0
EBLD85,4/9/2026,1200.0,1200.0,1200.0,1200.0,0.0,150.0,1250.0,1060.0
EBLD85,4/13/2026,1200.0,1200.0,1200.0,1200.0,0.0,175.0,1250.0,1060.0
EBLD85,4/15/2026,1195.0,1200.0,1177.0,1177.0,-1.51,176.0,1250.0,1060.0
EBLD85,4/16/2026,1177.0,1177.0,1160.0,1160.0,-1.44,34.0,1250.0,1060.0
EBLD85,4/20/2026,1135.0,1135.0,1135.0,1135.0,0.0,25.0,1250.0,1060.0
EBLD85,4/21/2026,1125.0,1135.0,1125.0,1135.0,0.89,105.0,1250.0,1060.0
EBLD85,4/22/2026,1140.0,1140.0,1140.0,1140.0,0.0,50.0,1250.0,1060.0
EBLD85,4/23/2026,1133.0,1150.0,1133.0,1150.0,1.5,95.0,1250.0,1060.0
EBLD85,4/24/2026,1150.0,1169.0,1140.0,1140.0,-0.87,125.0,1250.0,1060.0
EBLD85,4/27/2026,1140.0,1143.0,1143.0,1143.0,0.26,25.0,1250.0,1060.0
EBLD85,4/28/2026,1143.0,1170.0,1136.0,1136.0,-0.61,100.0,1250.0,1060.0
EBLD85,4/29/2026,1136.0,1141.0,1130.0,1140.0,0.35,85.0,1250.0,1060.0
EBLD85,4/30/2026,1130.0,1162.0,1130.0,1162.0,2.83,125.0,1250.0,1060.0
EBLD85,5/12/2026,1150.0,1150.0,1150.0,1150.0,0.0,25.0,1250.0,1060.0
EBLD85,5/13/2026,1136.0,1136.0,1136.0,1136.0,0.0,25.0,1250.0,1060.0
EBLD85,5/20/2026,1170.0,1170.0,1155.0,1155.0,-1.28,265.0,1250.0,1060.0
EBLD85,5/21/2026,1170.0,1205.0,1170.0,1200.0,2.56,554.0,1250.0,1060.0
EBLD85,5/22/2026,1198.0,1198.0,1198.0,1198.0,0.0,40.0,1250.0,1060.0
EBLD85,5/25/2026,1197.0,1197.0,1170.0,1170.0,-2.26,40.0,1250.0,1060.0
EBLD85,5/27/2026,1160.0,1160.0,1160.0,1160.0,0.0,50.0,1250.0,1060.0
EBLD85,6/1/2026,1140.1,1153.1,1140.1,1153.1,1.14,50.0,1250.0,1060.0
EBLD85,6/2/2026,1140.0,1140.0,1140.0,1140.0,0.0,25.0,1250.0,1060.0
EBLD85,6/5/2026,1160.1,1160.1,1160.0,1160.0,-0.01,30.0,1250.0,1060.0
EBLD85,6/9/2026,1165.0,1165.0,1165.0,1165.0,0.0,70.0,1250.0,1060.0
EBLD85,6/10/2026,1160.0,1160.0,1160.0,1160.0,0.0,40.0,1250.0,1060.0
EBLD85,6/11/2026,1150.0,1151.1,1150.0,1151.0,0.09,125.0,1250.0,1060.0
EBLD85,6/12/2026,1150.0,1150.0,1150.0,1150.0,0.0,10.0,1250.0,1060.0
EBLD85,6/16/2026,1151.1,1151.1,1151.1,1151.1,0.0,100.0,1250.0,1060.0
EBLD85,6/17/2026,1151.0,1180.0,1151.0,1180.0,2.52,150.0,1250.0,1060.0
EBLD85,6/22/2026,1200.0,1200.0,1170.0,1170.0,-2.5,75.0,1250.0,1060.0
EBLD85,6/23/2026,1135.0,1150.0,1135.0,1150.0,1.32,75.0,1250.0,1060.0
EBLD85,6/29/2026,1155.0,1160.0,1155.0,1160.0,0.43,100.0,1250.0,1060.0
EBLD85,6/30/2026,1194.0,1194.0,1160.0,1160.0,-2.85,190.0,1250.0,1060.0
EBLD85,7/2/2026,1135.0,1140.0,1120.0,1120.0,-1.32,151305.0,1250.0,1060.0
EBLD85,7/6/2026,1150.0,1150.1,1150.0,1150.1,0.01,100.0,1250.0,1060.0
EBLD85,7/7/2026,1132.0,1159.0,1097.0,1097.0,-3.09,129936.0,1250.0,1060.0
EBLD85,7/8/2026,1115.0,1115.0,1102.0,1107.1,-0.71,32615.0,1250.0,1060.0
EBLD85,7/9/2026,1116.0,1116.0,1107.1,1107.1,-0.8,30491.0,1250.0,1060.0
EBLD85,7/10/2026,1104.0,1147.0,1103.3,1147.0,3.89,331.0,1250.0,1060.0
EBLD85,7/13/2026,1140.0,1140.0,1120.0,1120.0,-1.75,29325.0,1250.0,1060.0
EBLD85,7/14/2026,1150.0,1155.0,1149.0,1150.0,0.0,411.0,1250.0,1060.0
EBLD85,7/15/2026,1169.0,1169.0,1151.0,1151.0,-1.54,131.0,1250.0,1060.0
EBLD85,7/16/2026,1160.0,1160.0,1160.0,1160.0,0.0,25.0,1250.0,1060.0
EBLD85,7/17/2026,1155.0,1155.0,1153.0,1153.0,-0.17,90.0,1250.0,1060.0
EBLD85,7/20/2026,1160.0,1160.4,1160.0,1160.4,0.03,120.0,1250.0,1060.0
EBLD85,7/21/2026,1131.0,1131.0,1131.0,1131.0,0.0,25.0,1250.0,1060.0
EBLD85,7/22/2026,1150.0,1150.0,1150.0,1150.0,0.0,25.0,1250.0,1060.0
EBLD85,7/24/2026,1130.0,1130.0,1130.0,1130.0,0.0,15.0,1250.0,1060.0
EBLD85,7/27/2026,1121.9,1148.0,1121.9,1148.0,2.33,2525.0,1250.0,1060.0
EBLD85,7/28/2026,1148.0,1148.0,1123.7,1123.7,-2.12,15.0,1250.0,1060.0
EBLD85,7/29/2026,1123.7,1150.0,1102.1,1130.0,0.56,180.0,1250.0,1060.0
EBLD85,7/30/2026,1135.0,1135.0,1135.0,1135.0,0.0,10.0,1250.0,1060.0
EBLD85,7/31/2026,1135.0,1135.0,1112.4,1130.0,-0.44,123.0,1250.0,1060.0
EBLD85,8/3/2026,1130.0,1154.5,1107.2,1132.1,0.19,417.0,1250.0,1060.0
EBLD85,8/4/2026,1125.0,1125.0,1121.1,1121.1,-0.35,50.0,1250.0,1060.0
EBLD85,8/5/2026,1154.7,1154.7,1149.0,1127.0,-2.4,81.0,1250.0,1060.0
EBLD85,8/6/2026,1127.0,1127.0,1100.0,1113.4,-1.21,77.0,1250.0,1060.0
EBLD85,8/7/2026,1113.4,1113.4,1113.4,1060.0,-4.8,2.0,1250.0,1060.0
EBLD85,8/17/2026,1091.8,1091.8,1091.8,1091.8,0.0,25.0,1250.0,1060.0
EBLD85,8/18/2026,1095.2,1128.0,1095.2,1100.1,0.45,62.0,1250.0,1060.0
EBLD85,8/19/2026,1100.1,1100.1,1100.1,1108.0,0.72,7.0,1250.0,1060.0
EBLD85,8/20/2026,1141.0,1141.0,1141.0,1141.0,0.0,10.0,1250.0,1060.0
EBLD85,8/21/2026,1141.0,1141.0,1116.5,1116.5,-2.15,27.0,1250.0,1060.0
EBLD85,8/24/2026,1116.5,1116.5,1116.5,1065.0,-4.61,2.0,1250.0,1060.0
EBLD85,8/26/2026,1096.9,1129.8,1096.9,1129.8,3.0,45.0,1250.0,1060.0
EBLD85,8/27/2026,1110.0,1110.0,1110.0,1110.0,0.0,25.0,1250.0,1060.0
EBLD85,8/31/2026,1140.0,1140.9,1140.0,1140.9,0.08,50.0,1250.0,1060.0
EBLD85,9/1/2026,1146.9,1149.0,1146.9,1147.0,0.01,129.0,1250.0,1060.0
EBLD85,9/2/2026,1147.0,1147.0,1147.0,1090.0,-4.97,2.0,1250.0,1060.0
EBLD85,9/3/2026,1122.7,1122.7,1122.7,1122.7,0.0,50.0,1250.0,1060.0
EBLD85,9/7/2026,1151.4,1151.4,1151.4,1151.4,0.0,14.0,1250.0,1060.0
EBLD85,9/9/2026,1151.4,1151.4,1120.0,1120.0,-2.73,42.0,1250.0,1060.0
EBLD85,9/10/2026,1120.0,1120.0,1096.9,1096.9,-2.06,27.0,1250.0,1060.0
EBLD85,9/11/2026,1100.2,1100.2,1100.2,1100.2,0.0,25.0,1250.0,1060.0
EBLD85,9/15/2026,1105.1,1105.1,1105.1,1105.1,0.0,25.0,1250.0,1060.0
EBLD85,9/22/2026,1105.1,1160.0,1105.1,1160.0,4.97,165.0,1250.0,1060.0
EBLD85,9/23/2026,1160.0,1160.0,1160.0,1103.0,-4.91,3.0,1250.0,1060.0
EBLD85,9/24/2026,1103.0,1103.0,1103.0,1136.0,2.99,3.0,1250.0,1060.0
EBLD85,9/28/2026,1150.0,1150.0,1150.0,1150.0,0.0,50.0,1250.0,1060.0
EBLD85,9/30/2026,1120.0,1120.0,1120.0,1120.0,0.0,25.0,1250.0,1060.0
EBLD85,10/2/2026,1120.0,1130.0,1120.0,1130.0,0.89,50.0,1250.0,1060.0
EBLD86,12/21/2025,1103.1,1103.1,1103.1,1104.0,,27.0,1154.0,1050.0
EBLD86,12/22/2025,1111.0,1111.0,1111.0,1111.0,0.63,75.0,1154.0,1050.0
EBLD86,12/23/2025,1121.0,1121.0,1121.0,1121.0,0.9,25.0,1154.0,1050.0
EBLD86,12/24/2025,1111.0,1125.0,1111.0,1125.0,0.36,100.0,1154.0,1050.0
EBLD86,12/28/2025,1108.0,1108.0,1108.0,1108.0,-1.51,25.0,1154.0,1050.0
EBLD86,12/29/2025,1120.0,1125.0,1120.0,1125.0,1.53,77.0,1154.0,1050.0
EBLD86,12/31/2025,1147.5,1150.0,1147.5,1150.0,2.22,430.0,1154.0,1050.0
EBLD86,1/1/2026,1150.0,1150.0,1150.0,1150.0,0.0,25.0,1154.0,1050.0
EBLD86,3/19/2026,1127.0,1127.0,1092.0,1100.0,-4.35,125.0,1154.0,1050.0
EBLD86,3/20/2026,1127.0,1127.0,1092.0,1100.0,0.0,125.0,1154.0,1050.0
EBLD86,3/21/2026,1127.0,1127.0,1092.0,1100.0,0.0,125.0,1154.0,1050.0
EBLD86,3/22/2026,1100.0,1100.0,1100.0,1100.0,0.0,55.0,1154.0,1050.0
EBLD86,3/23/2026,1080.0,1080.0,1080.0,1079.0,-1.91,30.0,1154.0,1050.0
EBLD86,3/24/2026,1090.0,1110.0,1090.0,1110.0,2.87,550.0,1154.0,1050.0
EBLD86,3/25/2026,1088.7,1088.7,1088.7,1088.7,-1.92,25.0,1154.0,1050.0
EBLD86,3/26/2026,1110.0,1110.0,1088.0,1088.0,-1.98,50.0,1154.0,1050.0
EBLD86,3/30/2026,1072.0,1072.0,1069.1,1069.1,-0.27,75.0,1154.0,1050.0
EBLD86,3/31/2026,1077.0,1077.0,1077.0,1077.0,0.0,25.0,1154.0,1050.0
EBLD86,4/2/2026,1071.4,1071.4,1071.4,1071.4,0.0,25.0,1154.0,1050.0
EBLD86,4/5/2026,1086.0,1087.0,1086.0,1087.0,0.09,150.0,1154.0,1050.0
EBLD86,4/6/2026,1072.0,1072.0,1072.0,1072.0,0.0,25.0,1154.0,1050.0
EBLD86,4/8/2026,1075.1,1092.9,1075.1,1078.0,0.27,150.0,1154.0,1050.0
EBLD86,4/9/2026,1075.0,1099.0,1075.0,1099.0,2.23,75.0,1154.0,1050.0
EBLD86,4/13/2026,1077.1,1077.1,1077.1,1077.1,0.0,25.0,1154.0,1050.0
EBLD86,4/15/2026,1073.0,1088.0,1073.0,1088.0,1.4,55.0,1154.0,1050.0
EBLD86,4/20/2026,1080.0,1080.0,1080.0,1072.1,-0.73,102.0,1154.0,1050.0
EBLD86,4/21/2026,1080.0,1080.0,1080.0,1080.0,0.0,25.0,1154.0,1050.0
EBLD86,4/22/2026,1081.0,1082.0,1081.0,1082.0,0.09,100.0,1154.0,1050.0
EBLD86,4/23/2026,1083.0,1083.0,1083.0,1083.0,0.0,25.0,1154.0,1050.0
EBLD86,4/24/2026,1083.0,1077.5,1076.6,1077.5,-0.51,75.0,1154.0,1050.0
EBLD86,4/28/2026,1077.5,1077.5,1077.5,1076.0,-0.14,6.0,1154.0,1050.0
EBLD86,4/29/2026,1076.0,1070.0,1070.0,1070.0,-0.56,25.0,1154.0,1050.0
EBLD86,4/30/2026,1072.1,1072.1,1072.1,1072.1,0.0,25.0,1154.0,1050.0
EBLD86,5/4/2026,1075.0,1075.0,1073.1,1073.1,-0.18,101.0,1154.0,1050.0
EBLD86,5/6/2026,1075.0,1075.0,1073.1,1073.1,-0.18,50.0,1154.0,1050.0
EBLD86,5/11/2026,1072.1,1072.1,1072.0,1072.0,-0.01,50.0,1154.0,1050.0
EBLD86,5/12/2026,1072.1,1098.0,1072.1,1098.0,2.42,232.0,1154.0,1050.0
EBLD86,5/13/2026,1076.0,1076.0,1076.0,1075.0,-0.09,25.0,1154.0,1050.0
EBLD86,5/14/2026,1095.0,1100.0,1080.0,1080.0,-1.37,180.0,1154.0,1050.0
EBLD86,5/18/2026,1072.1,1072.1,1072.1,1072.1,0.0,25.0,1154.0,1050.0
EBLD86,5/19/2026,1080.0,1080.0,1080.0,1080.0,0.0,25.0,1154.0,1050.0
EBLD86,5/21/2026,1080.0,1082.0,1080.0,1081.1,0.1,55.0,1154.0,1050.0
EBLD86,5/22/2026,1078.3,1078.3,1078.3,1078.3,0.0,25.0,1154.0,1050.0
EBLD86,5/26/2026,1077.3,1105.0,1077.3,1105.0,2.57,75.0,1154.0,1050.0
EBLD86,5/27/2026,1090.0,1090.0,1060.0,1060.0,-2.75,3162.0,1154.0,1050.0
EBLD86,6/1/2026,1091.8,1091.8,1091.8,1091.8,0.0,25.0,1154.0,1050.0
EBLD86,6/3/2026,1086.1,1086.1,1086.1,1086.1,0.0,30.0,1154.0,1050.0
EBLD86,6/4/2026,1100.0,1150.0,1100.0,1145.0,4.09,302314.0,1154.0,1050.0
EBLD86,6/5/2026,1142.0,1145.0,1130.0,1145.0,0.26,110185.0,1154.0,1050.0
EBLD86,6/8/2026,1137.0,1137.0,1105.0,1105.0,-2.81,221.0,1154.0,1050.0
EBLD86,6/9/2026,1100.0,1100.0,1100.0,1100.0,0.0,25.0,1154.0,1050.0
EBLD86,6/10/2026,1050.0,1085.0,1050.0,1085.0,3.33,85.0,1154.0,1050.0
EBLD86,6/11/2026,1050.0,1080.0,1050.0,1080.0,2.86,40.0,1154.0,1050.0
EBLD86,6/12/2026,1112.4,1112.4,1112.4,1112.4,0.0,55.0,1154.0,1050.0
EBLD86,6/15/2026,1091.0,1091.0,1091.0,1091.0,0.0,50.0,1154.0,1050.0
EBLD86,6/16/2026,1123.0,1123.7,1123.0,1123.7,0.06,275.0,1154.0,1050.0
EBLD86,6/17/2026,1125.0,1125.0,1125.0,1125.0,0.0,90000.0,1154.0,1050.0
EBLD86,6/19/2026,1100.0,1100.0,1100.0,1100.0,0.0,105.0,1154.0,1050.0
EBLD86,6/22/2026,1078.0,1078.0,1073.0,1068.2,-0.91,200.0,1154.0,1050.0
EBLD86,6/23/2026,1090.0,1090.1,1082.1,1082.1,-0.72,65.0,1154.0,1050.0
EBLD86,6/24/2026,1081.1,1082.0,1081.1,1082.0,0.08,50.0,1154.0,1050.0
EBLD86,6/26/2026,1100.0,1100.0,1100.0,1100.0,0.0,300.0,1154.0,1050.0
EBLD86,6/30/2026,1101.0,1101.0,1101.0,1101.0,0.0,25.0,1154.0,1050.0
EBLD86,7/1/2026,1090.0,1090.0,1090.0,1090.0,0.0,25.0,1154.0,1050.0
EBLD86,7/2/2026,1086.0,1086.0,1086.0,1086.0,0.0,25.0,1154.0,1050.0
EBLD86,7/3/2026,1081.0,1085.0,1081.0,1085.0,0.37,55.0,1154.0,1050.0
EBLD86,7/7/2026,1089.9,1089.9,1081.1,1082.0,-0.72,70.0,1154.0,1050.0
EBLD86,7/8/2026,1080.3,1080.3,1080.3,1080.3,0.0,25.0,1154.0,1050.0
EBLD86,7/10/2026,1095.0,1100.0,1095.0,1100.0,0.46,45.0,1154.0,1050.0
EBLD86,7/15/2026,1095.0,1100.0,1095.0,1100.0,0.46,5025.0,1154.0,1050.0
EBLD86,7/16/2026,1125.0,1125.0,1125.0,1125.0,0.0,10.0,1154.0,1050.0
EBLD86,7/17/2026,1091.3,1091.3,1091.3,1091.3,0.0,25.0,1154.0,1050.0
EBLD86,7/20/2026,1099.0,1100.0,1099.0,1100.0,0.09,575.0,1154.0,1050.0
EBLD86,7/21/2026,1085.0,1100.0,1085.0,1100.0,1.38,105.0,1154.0,1050.0
EBLD86,7/22/2026,1095.0,1095.0,1095.0,1095.0,0.0,25.0,1154.0,1050.0
EBLD86,7/24/2026,1105.0,1105.0,1105.0,1105.0,0.0,57.0,1154.0,1050.0
EBLD86,7/27/2026,1100.4,1100.4,1100.4,1100.4,0.0,300.0,1154.0,1050.0
EBLD86,7/28/2026,1100.4,1100.4,1100.0,1100.0,-0.04,75.0,1154.0,1050.0
EBLD86,7/29/2026,1120.0,1130.0,1100.1,1100.1,-1.78,5135.0,1154.0,1050.0
EBLD86,8/3/2026,1081.0,1081.0,1081.0,1081.0,0.0,25.0,1154.0,1050.0
EBLD86,8/11/2026,1050.8,1050.8,1050.8,1050.8,0.0,25.0,1154.0,1050.0
EBLD86,8/12/2026,1070.0,1070.0,1070.0,1070.0,0.0,25.0,1154.0,1050.0
EBLD86,8/20/2026,1070.0,1070.0,1070.0,1070.0,0.0,25.0,1154.0,1050.0
EBLD86,8/26/2026,1055.2,1055.2,1055.1,1055.1,-0.01,25.0,1154.0,1050.0
EBLD86,9/1/2026,1060.0,1060.0,1060.0,1070.0,0.94,30.0,1154.0,1050.0
EBLD86,9/2/2026,1050.6,1050.6,1050.6,1050.6,0.0,25.0,1154.0,1050.0
EBLD86,9/7/2026,1082.1,1082.1,1081.0,1081.0,-0.1,50.0,1154.0,1050.0
EBLD86,9/9/2026,1113.0,1113.4,1113.0,1082.1,-2.78,357.0,1154.0,1050.0
EBLD86,9/11/2026,1082.1,1154.0,1082.1,1154.0,6.64,355.0,1154.0,1050.0
EBLD86,9/15/2026,1120.0,1120.0,1090.0,1090.0,-2.68,50.0,1154.0,1050.0
EBLD86,9/17/2026,1059.6,1059.6,1059.6,1059.6,0.0,25.0,1154.0,1050.0
EBLD86,9/18/2026,1091.0,1091.0,1091.0,1091.0,0.0,25.0,1154.0,1050.0
EBLD86,9/22/2026,1058.6,1090.0,1058.6,1090.0,2.97,55.0,1154.0,1050.0
EBLD86,9/23/2026,1059.0,1059.0,1059.0,1059.0,0.0,25.0,1154.0,1050.0
EBLD86,9/28/2026,1090.7,1090.7,1075.5,1075.5,-1.39,50.0,1154.0,1050.0
EBLD86,9/29/2026,1070.0,1070.0,1070.0,0.0,-100.0,25.0,1154.0,1050.0
EBLD86,10/2/2026,1102.0,1102.0,1102.0,1102.0,0.0,25.0,1154.0,1050.0
EBLD91,12/21/2025,1100.0,1142.0,1100.0,1120.0,,1441.0,1142.4,1020.1
EBLD91,12/22/2025,1098.0,1142.4,1080.0,1086.0,-3.04,151.0,1142.4,1020.1
EBLD91,12/23/2025,1096.1,1118.0,1096.1,1118.0,2.95,75.0,1142.4,1020.1
EBLD91,12/24/2025,1128.1,1130.0,1128.1,1130.0,1.07,1260.0,1142.4,1020.1
EBLD91,12/28/2025,1112.0,1112.0,1112.0,1112.0,-1.59,75.0,1142.4,1020.1
EBLD91,12/29/2025,1112.0,1121.0,1112.0,1121.0,0.81,110.0,1142.4,1020.1
EBLD91,12/31/2025,1130.0,1138.0,1110.0,1120.0,-0.09,1826.0,1142.4,1020.1
EBLD91,1/1/2026,1106.0,1106.0,1106.0,1106.0,-1.25,18.0,1142.4,1020.1
EBLD91,1/4/2026,1105.0,1105.0,1104.0,1104.0,-0.18,75.0,1142.4,1020.1
EBLD91,1/5/2026,1110.0,1120.0,1110.0,1111.0,0.63,75.0,1142.4,1020.1
EBLD91,1/6/2026,1100.0,1100.0,1100.0,1100.0,-0.99,70.0,1142.4,1020.1
EBLD91,1/8/2026,1100.0,1122.0,1100.0,1115.0,1.36,83.0,1142.4,1020.1
EBLD91,1/12/2026,1105.0,1105.0,1105.0,1105.0,-0.9,25.0,1142.4,1020.1
EBLD91,1/13/2026,1100.0,1141.0,1100.0,1141.0,3.26,566.0,1142.4,1020.1
EBLD91,1/14/2026,1119.0,1119.0,1110.0,1110.0,-2.72,200.0,1142.4,1020.1
EBLD91,1/18/2026,1088.0,1088.0,1058.0,1066.0,-3.96,180.0,1142.4,1020.1
EBLD91,1/20/2026,1069.3,1069.3,1069.2,1069.2,0.3,155.0,1142.4,1020.1
EBLD91,1/21/2026,1090.5,1090.5,1090.5,1090.5,1.99,55.0,1142.4,1020.1
EBLD91,1/25/2026,1076.0,1080.0,1070.0,1070.0,-1.88,125.0,1142.4,1020.1
EBLD91,1/26/2026,1070.0,1070.0,1048.6,1048.6,-2.0,30.0,1142.4,1020.1
EBLD91,1/27/2026,1060.0,1081.0,1051.0,1056.2,0.72,341.0,1142.4,1020.1
EBLD91,1/28/2026,1062.0,1084.2,1061.0,1069.0,1.21,150.0,1142.4,1020.1
EBLD91,1/29/2026,1056.3,1090.0,1054.0,1090.0,1.96,288.0,1142.4,1020.1
EBLD91,2/1/2026,1069.0,1098.0,1069.0,1098.0,0.73,490.0,1142.4,1020.1
EBLD91,2/2/2026,1099.0,1107.0,1081.0,1081.0,-1.55,1823.0,1142.4,1020.1
EBLD91,2/3/2026,1081.0,1085.0,1075.0,1075.0,-0.56,190.0,1142.4,1020.1
EBLD91,2/4/2026,1085.0,1096.0,1085.0,1096.0,1.95,85.0,1142.4,1020.1
EBLD91,2/5/2026,1075.0,1098.5,1075.0,1098.5,0.23,205.0,1142.4,1020.1
EBLD91,2/8/2026,1108.0,1108.0,1091.0,1091.0,-0.68,748.0,1142.4,1020.1
EBLD91,2/9/2026,1091.0,1091.0,1065.3,1086.6,-0.4,100.0,1142.4,1020.1
EBLD91,2/10/2026,1070.0,1100.0,1070.0,1100.0,1.23,150.0,1142.4,1020.1
EBLD91,2/11/2026,1084.3,1084.8,1084.3,1084.8,-1.38,75.0,1142.4,1020.1
EBLD91,2/12/2026,1090.1,1105.0,1090.1,1105.0,1.86,138.0,1142.4,1020.1
EBLD91,2/16/2026,1096.1,1096.1,1096.1,1096.1,-0.81,25.0,1142.4,1020.1
EBLD91,2/17/2026,1110.0,1110.0,1100.0,1100.0,0.36,1763.0,1142.4,1020.1
EBLD91,2/22/2026,1100.0,1100.0,1095.1,1100.0,0.0,75.0,1142.4,1020.1
EBLD91,2/23/2026,1095.0,1095.0,1082.0,1082.0,-1.64,165.0,1142.4,1020.1
EBLD91,2/24/2026,1086.0,1086.0,1086.0,1086.0,0.37,25.0,1142.4,1020.1
EBLD91,2/25/2026,1091.1,1091.1,1091.0,1091.0,0.46,125.0,1142.4,1020.1
EBLD91,2/26/2026,1100.0,1100.0,1100.0,1100.0,0.82,80.0,1142.4,1020.1
EBLD91,2/27/2026,1100.0,1100.0,1100.0,1100.0,0.0,80.0,1142.4,1020.1
EBLD91,2/28/2026,1100.0,1100.0,1100.0,1100.0,0.0,80.0,1142.4,1020.1
EBLD91,3/2/2026,1082.1,1082.1,1082.0,1082.0,-1.64,50.0,1142.4,1020.1
EBLD91,3/3/2026,1098.1,1098.1,1098.1,1098.1,1.49,25.0,1142.4,1020.1
EBLD91,3/4/2026,1098.1,1098.1,1098.1,1098.1,0.0,25.0,1142.4,1020.1
EBLD91,3/5/2026,1098.1,1098.1,1098.1,1098.1,0.0,25.0,1142.4,1020.1
EBLD91,3/6/2026,1098.1,1098.1,1098.1,1098.1,0.0,25.0,1142.4,1020.1
EBLD91,3/7/2026,1098.1,1098.1,1098.1,1098.1,0.0,25.0,1142.4,1020.1
EBLD91,3/8/2026,1098.1,1098.1,1098.1,1098.1,0.0,25.0,1142.4,1020.1
EBLD91,3/10/2026,1111.0,1111.0,1098.4,1098.4,0.03,75.0,1142.4,1020.1
EBLD91,3/11/2026,1099.0,1100.0,1085.0,1099.0,0.05,300.0,1142.4,1020.1
EBLD91,3/12/2026,1096.0,1105.0,1096.0,1105.0,0.55,150.0,1142.4,1020.1
EBLD91,3/13/2026,1096.0,1105.0,1096.0,1105.0,0.0,150.0,1142.4,1020.1
EBLD91,3/14/2026,1096.0,1105.0,1096.0,1105.0,0.0,150.0,1142.4,1020.1
EBLD91,3/15/2026,1105.0,1105.0,1087.0,1102.7,-0.21,160.0,1142.4,1020.1
EBLD91,3/16/2026,1115.0,1115.0,1097.1,1097.1,-0.51,720.0,1142.4,1020.1
EBLD91,3/17/2026,1101.0,1119.0,1098.0,1098.0,0.08,605.0,1142.4,1020.1
EBLD91,3/18/2026,1101.0,1119.0,1098.0,1098.0,0.0,605.0,1142.4,1020.1
EBLD91,3/19/2026,1115.0,1130.0,1115.0,1125.0,2.46,280.0,1142.4,1020.1
EBLD91,3/20/2026,1115.0,1130.0,1115.0,1125.0,0.0,280.0,1142.4,1020.1
EBLD91,3/21/2026,1115.0,1130.0,1115.0,1125.0,0.0,280.0,1142.4,1020.1
EBLD91,3/22/2026,1116.0,1116.0,1116.0,1116.0,-0.8,200.0,1142.4,1020.1
EBLD91,3/24/2026,1095.0,1116.0,1095.0,1116.0,0.0,95.0,1142.4,1020.1
EBLD91,3/25/2026,1094.0,1105.0,1094.0,1105.0,-0.99,75.0,1142.4,1020.1
EBLD91,3/26/2026,1094.0,1105.0,1090.7,1105.0,1.01,81.0,1142.4,1020.1
EBLD91,3/29/2026,1105.0,1105.0,1105.0,1105.0,0.0,25.0,1142.4,1020.1
EBLD91,3/30/2026,1082.9,1126.0,1082.9,1126.0,3.98,580.0,1142.4,1020.1
EBLD91,3/31/2026,1103.5,1103.5,1081.0,1102.0,-0.14,150.0,1142.4,1020.1
EBLD91,4/1/2026,1110.0,1110.0,1110.0,1110.0,0.0,26.0,1142.4,1020.1
EBLD91,4/2/2026,1089.0,1089.0,1089.0,1089.0,0.0,25.0,1142.4,1020.1
EBLD91,4/5/2026,1085.0,1090.0,1080.0,1085.0,0.0,224.0,1142.4,1020.1
EBLD91,4/6/2026,1085.0,1085.0,1085.0,1085.0,0.0,25.0,1142.4,1020.1
EBLD91,4/7/2026,1077.0,1080.0,1077.0,1080.0,0.28,75.0,1142.4,1020.1
EBLD91,4/8/2026,1076.0,1076.0,1076.0,1076.0,0.0,50.0,1142.4,1020.1
EBLD91,4/9/2026,1081.0,1097.5,1078.0,1097.5,1.53,430.0,1142.4,1020.1
EBLD91,4/10/2026,1100.0,1100.0,1100.0,1100.0,0.0,25.0,1142.4,1020.1
EBLD91,4/13/2026,1078.1,1078.1,1078.1,1078.1,0.0,25.0,1142.4,1020.1
EBLD91,4/15/2026,1060.7,1070.0,1060.7,1070.0,0.88,60.0,1142.4,1020.1
EBLD91,4/16/2026,1070.1,1080.0,1070.1,1080.0,0.93,50.0,1142.4,1020.1
EBLD91,4/17/2026,1075.0,1075.0,1075.0,1075.0,0.0,25.0,1142.4,1020.1
EBLD91,4/20/2026,1062.1,1075.0,1062.1,1075.0,1.21,50.0,1142.4,1020.1
EBLD91,4/21/2026,1085.0,1085.0,1085.0,1085.0,0.0,25.0,1142.4,1020.1
EBLD91,4/22/2026,1080.0,1080.0,1080.0,1080.0,0.0,25.0,1142.4,1020.1
EBLD91,4/23/2026,1065.0,1073.0,1065.0,1072.1,0.67,236.0,1142.4,1020.1
EBLD91,4/24/2026,1060.6,1067.0,1060.6,1067.0,0.6,50.0,1142.4,1020.1
EBLD91,4/27/2026,1067.0,1077.0,1066.0,1075.0,0.75,165.0,1142.4,1020.1
EBLD91,4/28/2026,1075.0,1070.0,1069.0,1070.0,-0.47,265.0,1142.4,1020.1
EBLD91,4/29/2026,1070.0,1070.0,1060.1,1070.0,0.0,75.0,1142.4,1020.1
EBLD91,4/30/2026,1064.0,1066.1,1056.1,1056.1,-0.74,425.0,1142.4,1020.1
EBLD91,5/4/2026,1058.1,1080.0,1058.1,1080.0,2.07,125.0,1142.4,1020.1
EBLD91,5/5/2026,1063.0,1063.0,1063.0,1063.0,0.0,25.0,1142.4,1020.1
EBLD91,5/6/2026,1065.0,1087.8,1065.0,1081.0,1.5,350.0,1142.4,1020.1
EBLD91,5/7/2026,1075.0,1081.0,1075.0,1081.0,0.56,125.0,1142.4,1020.1
EBLD91,5/8/2026,1078.0,1078.0,1062.0,1062.0,-1.48,75.0,1142.4,1020.1
EBLD91,5/12/2026,1065.0,1066.3,1065.0,1066.3,0.12,75.0,1142.4,1020.1
EBLD91,5/13/2026,1080.0,1080.0,1080.0,1080.0,0.0,35.0,1142.4,1020.1
EBLD91,5/14/2026,1065.1,1080.0,1065.1,1080.0,1.4,90.0,1142.4,1020.1
EBLD91,5/15/2026,1092.0,1094.0,1092.0,1094.0,0.18,185.0,1142.4,1020.1
EBLD91,5/18/2026,1066.2,1095.0,1066.2,1095.0,2.7,117.0,1142.4,1020.1
EBLD91,5/19/2026,1093.0,1093.0,1093.0,1093.0,0.0,28.0,1142.4,1020.1
EBLD91,5/20/2026,1075.0,1075.0,1075.0,1075.0,0.0,130.0,1142.4,1020.1
EBLD91,5/21/2026,1085.1,1089.9,1075.0,1089.9,0.44,100.0,1142.4,1020.1
EBLD91,5/22/2026,1085.0,1095.0,1085.0,1085.0,0.0,100.0,1142.4,1020.1
EBLD91,5/25/2026,1081.1,1082.1,1081.0,1082.1,0.09,125.0,1142.4,1020.1
EBLD91,5/26/2026,1100.0,1100.0,1090.2,1098.0,-0.18,105.0,1142.4,1020.1
EBLD91,5/27/2026,1100.0,1102.0,1088.1,1090.0,-0.91,165.0,1142.4,1020.1
EBLD91,6/1/2026,1065.1,1070.1,1065.1,1070.1,0.47,50.0,1142.4,1020.1
EBLD91,6/2/2026,1082.2,1085.0,1075.0,1075.0,-0.67,125.0,1142.4,1020.1
EBLD91,6/3/2026,1070.0,1076.2,1070.0,1076.2,0.58,55.0,1142.4,1020.1
EBLD91,6/4/2026,1080.0,1100.0,1080.0,1100.0,1.85,275.0,1142.4,1020.1
EBLD91,6/5/2026,1100.0,1100.0,1099.0,1099.0,-0.09,170.0,1142.4,1020.1
EBLD91,6/8/2026,1072.1,1098.0,1072.1,1098.0,2.42,36.0,1142.4,1020.1
EBLD91,6/9/2026,1065.1,1085.1,1065.1,1085.1,1.88,75.0,1142.4,1020.1
EBLD91,6/10/2026,1080.1,1081.4,1062.0,1062.0,-1.68,80025.0,1142.4,1020.1
EBLD91,6/11/2026,1062.0,1090.0,1062.0,1090.0,2.64,127625.0,1142.4,1020.1
EBLD91,6/12/2026,1090.0,1090.0,1090.0,1090.0,0.0,64.0,1142.4,1020.1
EBLD91,6/15/2026,1090.0,1090.0,1090.0,1090.0,0.0,350.0,1142.4,1020.1
EBLD91,6/16/2026,1090.0,1090.0,1090.0,1090.0,0.0,160.0,1142.4,1020.1
EBLD91,6/17/2026,1090.0,1090.0,1090.0,1090.0,0.0,100.0,1142.4,1020.1
EBLD91,6/18/2026,1090.0,1090.0,1090.0,1090.0,0.0,25.0,1142.4,1020.1
EBLD91,6/19/2026,1137.8,1137.8,1090.0,1090.0,-4.2,50075.0,1142.4,1020.1
EBLD91,6/22/2026,1090.0,1099.9,1090.0,1099.9,0.91,501.0,1142.4,1020.1
EBLD91,6/23/2026,1090.1,1090.1,1090.0,1090.0,-0.01,630.0,1142.4,1020.1
EBLD91,6/24/2026,1090.0,1090.0,1080.0,1090.0,0.0,675.0,1142.4,1020.1
EBLD91,6/29/2026,1090.0,1090.0,1090.0,1090.0,0.0,375.0,1142.4,1020.1
EBLD91,6/30/2026,1090.0,1090.0,1090.0,1090.0,0.0,50.0,1142.4,1020.1
EBLD91,7/1/2026,1090.0,1090.0,1090.0,1090.0,0.0,225.0,1142.4,1020.1
EBLD91,7/2/2026,1090.0,1090.0,1090.0,1090.0,0.0,25.0,1142.4,1020.1
EBLD91,7/6/2026,1100.0,1100.0,1100.0,1100.0,0.0,110.0,1142.4,1020.1
EBLD91,7/7/2026,1100.0,1100.0,1100.0,1100.0,0.0,18420.0,1142.4,1020.1
EBLD91,7/9/2026,1090.0,1090.0,1090.0,1090.0,0.0,40.0,1142.4,1020.1
EBLD91,7/10/2026,1090.0,1090.0,1090.0,1110.0,1.83,26.0,1142.4,1020.1
EBLD91,7/13/2026,1119.0,1119.0,1119.0,1119.0,0.0,331559.0,1142.4,1020.1
EBLD91,7/14/2026,1119.0,1120.0,1082.0,1082.0,-3.31,331624.0,1142.4,1020.1
EBLD91,7/15/2026,1083.0,1123.0,1083.0,1100.0,1.57,4260.0,1142.4,1020.1
EBLD91,7/16/2026,1100.0,1120.0,1100.0,1120.0,1.82,14520.0,1142.4,1020.1
EBLD91,7/22/2026,1090.0,1090.0,1090.0,1090.0,0.0,125.0,1142.4,1020.1
EBLD91,7/27/2026,1058.0,1062.1,1058.0,1062.1,0.39,100.0,1142.4,1020.1
EBLD91,7/28/2026,1070.0,1070.0,1070.0,1070.0,0.0,100.0,1142.4,1020.1
EBLD91,7/29/2026,1080.0,1080.0,1080.0,1080.0,0.0,25.0,1142.4,1020.1
EBLD91,7/31/2026,1063.1,1064.0,1063.1,1064.0,0.08,75.0,1142.4,1020.1
EBLD91,8/3/2026,1050.0,1060.0,1050.0,1060.0,0.95,125.0,1142.4,1020.1
EBLD91,8/4/2026,1060.0,1060.0,1060.0,1060.0,0.0,25.0,1142.4,1020.1
EBLD91,8/5/2026,1060.0,1060.0,1055.0,1058.0,-0.19,100.0,1142.4,1020.1
EBLD91,8/10/2026,1058.0,1088.9,1058.0,1088.0,2.84,175.0,1142.4,1020.1
EBLD91,8/11/2026,1060.0,1088.0,1060.0,1088.0,2.64,126.0,1142.4,1020.1
EBLD91,8/12/2026,1061.0,1061.0,1061.0,1061.0,0.0,25.0,1142.4,1020.1
EBLD91,8/13/2026,1040.4,1051.1,1040.4,1051.1,1.03,75.0,1142.4,1020.1
EBLD91,8/14/2026,1065.0,1065.0,1062.0,1062.0,-0.28,50.0,1142.4,1020.1
EBLD91,8/17/2026,1066.0,1087.8,1066.0,1070.0,0.38,279.0,1142.4,1020.1
EBLD91,8/18/2026,1060.0,1102.0,1060.0,1100.0,3.77,218.0,1142.4,1020.1
EBLD91,8/19/2026,1133.0,1133.0,1100.0,1100.0,-2.91,123.0,1142.4,1020.1
EBLD91,8/20/2026,1080.0,1100.0,1080.0,1100.0,1.85,175.0,1142.4,1020.1
EBLD91,8/21/2026,1067.0,1067.0,1067.0,1067.0,0.0,25.0,1142.4,1020.1
EBLD91,8/24/2026,1044.0,1100.0,1044.0,1102.0,5.56,67.0,1142.4,1020.1
EBLD91,8/25/2026,1069.0,1069.0,1069.0,1069.0,0.0,25.0,1142.4,1020.1
EBLD91,8/27/2026,1061.0,1061.0,1061.0,1061.0,0.0,100.0,1142.4,1020.1
EBLD91,8/31/2026,1058.0,1066.0,1058.0,1066.0,0.76,75.0,1142.4,1020.1
EBLD91,9/1/2026,1056.1,1087.0,1056.1,1087.0,2.93,125.0,1142.4,1020.1
EBLD91,9/2/2026,1099.0,1100.0,1099.0,1100.0,0.09,150.0,1142.4,1020.1
EBLD91,9/3/2026,1125.0,1133.0,1125.0,1133.0,0.71,35.0,1142.4,1020.1
EBLD91,9/7/2026,1099.1,1099.1,1099.1,1099.1,0.0,25.0,1142.4,1020.1
EBLD91,9/9/2026,1066.2,1098.0,1066.2,1098.0,2.98,81.0,1142.4,1020.1
EBLD91,9/10/2026,1071.5,1071.5,1071.3,1071.3,-0.02,100.0,1142.4,1020.1
EBLD91,9/11/2026,1103.0,1110.0,1103.0,1110.0,0.63,188.0,1142.4,1020.1
EBLD91,9/15/2026,1090.0,1090.0,1090.0,1090.0,0.0,35.0,1142.4,1020.1
EBLD91,9/16/2026,1085.0,1110.0,1085.0,1110.0,2.3,150.0,1142.4,1020.1
EBLD91,9/22/2026,1077.0,1080.0,1077.0,1080.0,0.28,50.0,1142.4,1020.1
EBLD91,9/23/2026,1080.0,1112.0,1080.0,1112.0,2.96,126.0,1142.4,1020.1
EBLD91,9/28/2026,1088.0,1088.0,1088.0,1100.0,1.1,26.0,1142.4,1020.1
EBLD91,9/29/2026,1100.0,1100.0,1100.0,1100.0,0.0,25.0,1142.4,1020.1
EBLD91,10/1/2026,1100.0,1120.0,1085.1,1120.0,1.82,170.0,1142.4,1020.1
EBLD91,10/2/2026,1095.2,1128.0,1095.2,1120.0,2.26,262.0,1142.4,1020.1
EBLEB89,12/21/2025,1084.0,1117.0,1084.0,1117.0,,164.0,1133.0,1037.8
EBLEB89,12/22/2025,1095.0,1095.0,1076.0,1076.0,-3.67,75.0,1133.0,1037.8
EBLEB89,12/23/2025,1087.0,1087.0,1087.0,1097.5,2.0,39.0,1133.0,1037.8
EBLEB89,12/24/2025,1085.0,1085.0,1085.0,1085.0,-1.14,25.0,1133.0,1037.8
EBLEB89,12/29/2025,1095.0,1096.0,1095.0,1096.0,1.01,75.0,1133.0,1037.8
EBLEB89,12/31/2025,1117.9,1117.9,1117.9,1117.9,2.0,123.0,1133.0,1037.8
EBLEB89,1/1/2026,1097.1,1097.1,1097.1,1097.1,-1.86,100.0,1133.0,1037.8
EBLEB89,1/5/2026,1083.0,1083.0,1083.0,1083.0,-1.29,25.0,1133.0,1037.8
EBLEB89,1/8/2026,1084.0,1084.0,1084.0,1084.0,0.09,25.0,1133.0,1037.8
EBLEB89,1/13/2026,1063.3,1063.3,1063.3,1063.3,-1.91,25.0,1133.0,1037.8
EBLEB89,1/22/2026,1059.1,1059.1,1059.0,1059.0,-0.4,100.0,1133.0,1037.8
EBLEB89,1/27/2026,1059.2,1059.2,1059.2,1059.2,0.02,25.0,1133.0,1037.8
EBLEB89,1/28/2026,1059.2,1059.2,1059.2,1059.2,0.0,10.0,1133.0,1037.8
EBLEB89,2/1/2026,1080.3,1080.3,1080.3,1080.3,1.99,60.0,1133.0,1037.8
EBLEB89,2/9/2026,1070.0,1070.0,1070.0,1070.0,-0.95,25.0,1133.0,1037.8
EBLEB89,2/10/2026,1072.0,1072.0,1069.0,1069.0,-0.09,30.0,1133.0,1037.8
EBLEB89,2/16/2026,1054.1,1054.1,1054.1,1054.1,-1.39,25.0,1133.0,1037.8
EBLEB89,2/17/2026,1054.1,1090.0,1054.1,1090.0,3.41,575.0,1133.0,1037.8
EBLEB89,2/24/2026,1075.0,1075.0,1075.0,1075.0,-1.38,87.0,1133.0,1037.8
EBLEB89,2/25/2026,1072.0,1079.0,1072.0,1079.0,0.37,50.0,1133.0,1037.8
EBLEB89,3/2/2026,1060.1,1060.1,1060.1,1060.1,-1.75,25.0,1133.0,1037.8
EBLEB89,3/3/2026,1055.1,1055.1,1055.1,1055.1,-0.47,25.0,1133.0,1037.8
EBLEB89,3/4/2026,1055.1,1055.1,1055.1,1055.1,0.0,25.0,1133.0,1037.8
EBLEB89,3/5/2026,1055.1,1055.1,1055.1,1055.1,0.0,25.0,1133.0,1037.8
EBLEB89,3/6/2026,1055.1,1055.1,1055.1,1055.1,0.0,25.0,1133.0,1037.8
EBLEB89,3/7/2026,1055.1,1055.1,1055.1,1055.1,0.0,25.0,1133.0,1037.8
EBLEB89,3/8/2026,1055.1,1055.1,1055.1,1055.1,0.0,25.0,1133.0,1037.8
EBLEB89,3/10/2026,1066.0,1075.7,1066.0,1075.7,1.95,55.0,1133.0,1037.8
EBLEB89,3/11/2026,1075.0,1075.0,1075.0,1075.0,-0.07,25.0,1133.0,1037.8
EBLEB89,3/15/2026,1077.7,1077.7,1077.7,1077.7,0.25,25.0,1133.0,1037.8
EBLEB89,3/16/2026,1082.0,1103.6,1082.0,1103.6,2.4,217.0,1133.0,1037.8
EBLEB89,3/19/2026,1102.0,1102.0,1102.0,1102.0,-0.14,50.0,1133.0,1037.8
EBLEB89,3/20/2026,1102.0,1102.0,1102.0,1102.0,0.0,50.0,1133.0,1037.8
EBLEB89,3/21/2026,1102.0,1102.0,1102.0,1102.0,0.0,50.0,1133.0,1037.8
EBLEB89,3/22/2026,1080.0,1080.0,1080.0,1080.0,-2.0,25.0,1133.0,1037.8
EBLEB89,3/25/2026,1079.0,1079.0,1079.0,1079.0,-0.09,10.0,1133.0,1037.8
EBLEB89,3/29/2026,1057.9,1057.9,1057.9,1057.9,0.0,25.0,1133.0,1037.8
EBLEB89,3/30/2026,1050.0,1050.0,1045.2,1045.2,-0.46,50.0,1133.0,1037.8
EBLEB89,4/1/2026,1066.0,1087.3,1066.0,1087.3,2.0,75.0,1133.0,1037.8
EBLEB89,4/22/2026,1057.0,1057.0,1057.0,1057.0,0.0,25.0,1133.0,1037.8
EBLEB89,5/5/2026,1053.1,1053.1,1053.1,1053.1,0.0,25.0,1133.0,1037.8
EBLEB89,5/18/2026,1055.3,1055.3,1055.2,1055.2,-0.01,100.0,1133.0,1037.8
EBLEB89,5/19/2026,1083.7,1085.0,1083.7,1085.0,0.12,40.0,1133.0,1037.8
EBLEB89,5/21/2026,1080.0,1080.0,1080.0,1080.0,0.0,35.0,1133.0,1037.8
EBLEB89,6/1/2026,1082.0,1082.0,1080.0,1080.0,-0.18,55.0,1133.0,1037.8
EBLEB89,6/5/2026,1080.0,1080.0,1080.0,1080.0,0.0,25.0,1133.0,1037.8
EBLEB89,6/8/2026,1080.0,1080.0,1080.0,1080.0,0.0,50.0,1133.0,1037.8
EBLEB89,6/10/2026,1060.1,1068.9,1037.8,1068.9,0.83,1042.0,1133.0,1037.8
EBLEB89,6/15/2026,1059.4,1059.4,1059.4,1059.4,0.0,50.0,1133.0,1037.8
EBLEB89,6/17/2026,1060.1,1060.1,1060.1,1060.1,0.0,50.0,1133.0,1037.8
EBLEB89,6/18/2026,1065.0,1065.0,1065.0,1065.0,0.0,25.0,1133.0,1037.8
EBLEB89,6/23/2026,1060.1,1065.0,1060.1,1065.0,0.46,50.0,1133.0,1037.8
EBLEB89,6/26/2026,1079.9,1080.0,1079.9,1080.0,0.01,60.0,1133.0,1037.8
EBLEB89,7/14/2026,1100.0,1133.0,1100.0,1133.0,3.0,445.0,1133.0,1037.8
EBLEB89,7/20/2026,1100.0,1100.0,1100.0,1100.0,0.0,50.0,1133.0,1037.8
EBLEB89,9/2/2026,1067.0,1067.0,1067.0,1067.0,0.0,30.0,1133.0,1037.8
EBLEB89,9/3/2026,1040.1,1067.0,1040.1,1067.0,2.59,51.0,1133.0,1037.8
EBLEB89,9/7/2026,1070.0,1070.0,1070.0,1070.0,0.0,23.0,1133.0,1037.8
EBLEB89,9/10/2026,1070.0,1070.0,1070.0,1070.0,0.0,25.0,1133.0,1037.8
EBLEB89,9/11/2026,1102.0,1102.0,1102.0,1102.0,0.0,55.0,1133.0,1037.8
EBLEB89,9/29/2026,1070.1,1070.1,1070.1,0.0,-100.0,25.0,1133.0,1037.8
ECL,7/17/2026,296.6,323.9,296.6,323.9,9.2,50.0,1980.0,296.6
ECL,7/20/2026,333.6,372.4,333.6,372.4,11.63,80.0,1980.0,296.6
ECL,7/21/2026,376.1,428.2,376.1,428.2,13.85,160.0,1980.0,296.6
ECL,7/22/2026,441.0,492.4,441.0,492.4,11.66,100.0,1980.0,296.6
ECL,7/23/2026,507.1,566.2,507.1,566.2,11.65,120.0,1980.0,296.6
ECL,7/24/2026,571.8,651.1,571.8,651.1,13.87,250.0,1980.0,296.6
ECL,7/27/2026,670.6,748.7,670.6,748.7,11.65,530.0,1980.0,296.6
ECL,7/28/2026,771.1,861.0,771.1,861.0,11.66,700.0,1980.0,296.6
ECL,7/29/2026,886.8,990.1,886.8,990.1,11.65,760.0,1980.0,296.6
ECL,7/30/2026,990.0,1138.6,990.0,1138.6,15.01,2640.0,1980.0,296.6
ECL,7/31/2026,1195.0,1309.3,1195.0,1309.3,9.56,13500.0,1980.0,296.6
ECL,8/3/2026,1374.7,1505.6,1374.7,1505.6,9.52,73580.0,1980.0,296.6
ECL,8/4/2026,1580.8,1731.4,1580.8,1731.4,9.53,16900.0,1980.0,296.6
ECL,8/5/2026,1817.9,1980.0,1575.0,1575.0,-13.36,106014.0,1980.0,296.6
ECL,8/6/2026,1500.0,1685.0,1500.0,1612.0,7.47,74398.0,1980.0,296.6
ECL,8/7/2026,1532.0,1711.0,1532.0,1665.0,8.68,31215.0,1980.0,296.6
ECL,8/10/2026,1650.0,1660.0,1565.0,1584.0,-4.0,37178.0,1980.0,296.6
ECL,8/11/2026,1577.0,1600.4,1525.0,1529.9,-2.99,33957.0,1980.0,296.6
ECL,8/12/2026,1530.0,1600.0,1485.3,1575.0,2.94,29731.0,1980.0,296.6
ECL,8/13/2026,1530.0,1575.0,1523.1,1559.9,1.95,14370.0,1980.0,296.6
ECL,8/14/2026,1520.0,1570.0,1520.0,1534.1,0.93,11310.0,1980.0,296.6
ECL,8/17/2026,1510.0,1555.0,1490.0,1510.0,0.0,25444.0,1980.0,296.6
ECL,8/18/2026,1510.0,1515.0,1465.0,1470.0,-2.65,18483.0,1980.0,296.6
ECL,8/19/2026,1397.0,1470.0,1397.0,1436.0,2.79,11764.0,1980.0,296.6
ECL,8/20/2026,1400.0,1490.0,1400.0,1452.0,3.71,12723.0,1980.0,296.6
ECL,8/21/2026,1430.0,1455.0,1400.1,1400.1,-2.09,12129.0,1980.0,296.6
ECL,8/24/2026,1400.1,1410.0,1330.0,1330.0,-5.01,23235.0,1980.0,296.6
ECL,8/25/2026,1330.0,1426.4,1313.0,1406.0,5.71,16866.0,1980.0,296.6
ECL,8/26/2026,1406.0,1488.0,1385.0,1465.0,4.2,23427.0,1980.0,296.6
ECL,8/27/2026,1443.1,1464.0,1400.0,1400.0,-2.99,13789.0,1980.0,296.6
ECL,8/31/2026,1400.0,1400.0,1320.0,1320.0,-5.71,19251.0,1980.0,296.6
ECL,9/1/2026,1320.0,1362.0,1305.1,1317.6,-0.18,15255.0,1980.0,296.6
ECL,9/2/2026,1318.0,1340.0,1269.4,1294.0,-1.82,17687.0,1980.0,296.6
ECL,9/3/2026,1275.0,1300.0,1261.0,1282.0,0.55,10889.0,1980.0,296.6
ECL,9/7/2026,1218.0,1323.1,1218.0,1297.0,6.49,10282.0,1980.0,296.6
ECL,9/9/2026,1300.0,1313.0,1276.1,1285.0,-1.15,9869.0,1980.0,296.6
ECL,9/10/2026,1275.0,1299.9,1275.0,1278.0,0.24,10009.0,1980.0,296.6
ECL,9/11/2026,1275.0,1360.0,1275.0,1342.9,5.33,21809.0,1980.0,296.6
ECL,9/14/2026,1300.0,1399.9,1300.0,1373.0,5.62,18439.0,1980.0,296.6
ECL,9/15/2026,1400.0,1450.0,1351.0,1384.0,-1.14,25029.0,1980.0,296.6
ECL,9/16/2026,1375.0,1384.0,1320.0,1343.0,-2.33,14415.0,1980.0,296.6
ECL,9/17/2026,1300.0,1370.0,1300.0,1355.0,4.23,9778.0,1980.0,296.6
ECL,9/18/2026,1340.0,1360.0,1330.1,1353.0,0.97,5678.0,1980.0,296.6
ECL,9/22/2026,1360.0,1360.0,1311.0,1330.0,-2.21,10843.0,1980.0,296.6
ECL,9/23/2026,1329.0,1330.0,1290.0,1298.8,-2.27,11449.0,1980.0,296.6
ECL,9/24/2026,1298.8,1313.9,1280.1,1296.1,-0.21,9833.0,1980.0,296.6
ECL,9/28/2026,1288.0,1312.0,1261.0,1261.0,-2.1,6328.0,1980.0,296.6
ECL,9/29/2026,1260.0,1298.0,1260.0,0.0,-100.0,6351.0,1980.0,296.6
ECL,9/30/2026,1270.0,1292.9,1260.1,1275.0,0.39,14322.0,1980.0,296.6
ECL,10/1/2026,1274.0,1290.0,1260.0,1266.0,-0.63,8462.0,1980.0,296.6
ECL,10/2/2026,1262.0,1274.0,1251.2,1255.0,-0.55,6543.0,1980.0,296.6
EDBL,3/26/2008,630.0,630.0,630.0,630.0,,20.0,683.4,535.9
EDBL,3/30/2008,630.0,630.0,630.0,630.0,0.0,20.0,683.4,535.9
EDBL,3/31/2008,630.0,630.0,630.0,630.0,0.0,500.0,683.4,535.9
EDBL,4/1/2008,630.0,618.0,580.0,580.0,-7.94,700.0,683.4,535.9
EDBL,4/27/2008,580.0,580.0,580.0,580.0,0.0,160.0,683.4,535.9
EDBL,4/29/2008,580.0,569.0,558.0,558.0,-3.79,40.0,683.4,535.9
EDBL,4/30/2008,558.0,569.0,569.0,569.0,1.97,20.0,683.4,535.9
EDBL,5/6/2008,569.0,558.0,558.0,558.0,-1.93,120.0,683.4,535.9
EDBL,5/8/2008,558.0,591.0,569.0,591.0,5.91,60.0,683.4,535.9
EDBL,5/11/2008,591.0,639.0,602.0,639.0,8.12,120.0,683.4,535.9
EDBL,5/12/2008,639.0,627.0,603.0,615.0,-3.76,130.0,683.4,535.9
EDBL,5/15/2008,615.0,651.0,627.0,651.0,5.85,70.0,683.4,535.9
EDBL,5/18/2008,651.0,664.0,664.0,664.0,2.0,650.0,683.4,535.9
EDBL,5/21/2008,664.0,651.0,651.0,651.0,-1.96,30.0,683.4,535.9
EDBL,5/22/2008,651.0,664.0,664.0,664.0,2.0,10.0,683.4,535.9
EDBL,5/25/2008,664.0,680.0,677.0,680.0,2.41,50.0,683.4,535.9
EDBL,6/4/2008,680.0,693.0,693.0,693.0,1.91,10.0,683.4,535.9
EDBL,6/5/2008,693.0,693.0,693.0,693.0,0.0,20.0,683.4,535.9
EDBL,6/11/2008,693.0,680.0,680.0,680.0,-1.88,200.0,683.4,535.9
EDBL,6/17/2008,680.0,693.0,693.0,693.0,1.91,20.0,683.4,535.9
EDBL,6/18/2008,693.0,725.0,706.0,725.0,4.62,190.0,683.4,535.9
EDBL,6/30/2008,725.0,797.0,739.0,797.0,9.93,200.0,683.4,535.9
EDBL,7/2/2008,797.0,828.0,812.0,828.0,3.89,20.0,683.4,535.9
EDBL,7/3/2008,828.0,844.0,844.0,844.0,1.93,10.0,683.4,535.9
EDBL,7/6/2008,844.0,840.0,840.0,840.0,-0.47,1270.0,683.4,535.9
EDBL,7/7/2008,840.0,856.0,856.0,856.0,1.9,20.0,683.4,535.9
EDBL,7/10/2008,856.0,839.0,823.0,823.0,-3.86,120.0,683.4,535.9
EDBL,7/17/2008,823.0,850.0,839.0,850.0,3.28,140.0,683.4,535.9
EDBL,7/22/2008,850.0,833.0,817.0,817.0,-3.88,130.0,683.4,535.9
EDBL,7/23/2008,817.0,812.0,806.0,812.0,-0.61,140.0,683.4,535.9
EDBL,7/27/2008,812.0,816.0,800.0,816.0,0.49,240.0,683.4,535.9
EDBL,7/30/2008,816.0,821.0,821.0,821.0,0.61,10.0,683.4,535.9
EDBL,7/31/2008,821.0,840.0,830.0,840.0,2.31,50.0,683.4,535.9
EDBL,8/5/2008,840.0,856.0,856.0,856.0,1.9,30.0,683.4,535.9
EDBL,8/10/2008,856.0,856.0,856.0,856.0,0.0,100.0,683.4,535.9
EDBL,8/11/2008,856.0,873.0,873.0,873.0,1.99,150.0,683.4,535.9
EDBL,8/12/2008,873.0,874.0,874.0,874.0,0.11,330.0,683.4,535.9
EDBL,8/13/2008,874.0,908.0,891.0,908.0,3.89,40.0,683.4,535.9
EDBL,8/19/2008,908.0,926.0,926.0,926.0,1.98,380.0,683.4,535.9
EDBL,8/25/2008,926.0,920.0,910.0,918.0,-0.86,440.0,683.4,535.9
EDBL,8/31/2008,918.0,938.0,920.0,938.0,2.18,240.0,683.4,535.9
EDBL,9/3/2008,938.0,956.0,956.0,956.0,1.92,210.0,683.4,535.9
EDBL,9/8/2008,956.0,977.0,975.0,977.0,2.2,120.0,683.4,535.9
EDBL,9/9/2008,977.0,980.0,980.0,980.0,0.31,50.0,683.4,535.9
EDBL,9/10/2008,980.0,984.0,965.0,984.0,0.41,170.0,683.4,535.9
EDBL,9/11/2008,984.0,1023.0,1003.0,1023.0,3.96,120.0,683.4,535.9
EDBL,9/15/2008,1023.0,1043.0,1043.0,1043.0,1.96,40.0,683.4,535.9
EDBL,9/16/2008,1043.0,1064.0,1063.0,1064.0,2.01,20.0,683.4,535.9
EDBL,9/18/2008,1064.0,1100.0,1085.0,1100.0,3.38,170.0,683.4,535.9
EDBL,9/23/2008,1100.0,1122.0,1100.0,1110.0,0.91,180.0,683.4,535.9
EDBL,9/24/2008,1110.0,1154.0,1110.0,1154.0,3.96,30.0,683.4,535.9
EDBL,10/1/2008,1154.0,1177.0,1177.0,1177.0,1.99,260.0,683.4,535.9
EDBL,10/27/2008,1177.0,1160.0,1160.0,1160.0,-1.44,220.0,683.4,535.9
EDBL,11/3/2008,1160.0,1160.0,1145.0,1145.0,-1.29,190.0,683.4,535.9
EDBL,11/6/2008,1145.0,1145.0,1123.0,1130.0,-1.31,190.0,683.4,535.9
EDBL,11/9/2008,1130.0,1130.0,1130.0,1130.0,0.0,130.0,683.4,535.9
EDBL,11/11/2008,1130.0,1130.0,1130.0,1130.0,0.0,100.0,683.4,535.9
EDBL,11/16/2008,1130.0,1186.0,1186.0,1186.0,4.96,210.0,683.4,535.9
EDBL,11/17/2008,1186.0,1165.0,1165.0,1165.0,-1.77,20.0,683.4,535.9
EDBL,11/19/2008,1165.0,1142.0,1140.0,1140.0,-2.15,130.0,683.4,535.9
EDBL,11/20/2008,1140.0,1120.0,1120.0,1120.0,-1.75,30.0,683.4,535.9
EDBL,12/3/2008,1120.0,1115.0,1093.0,1093.0,-2.41,100.0,683.4,535.9
EDBL,12/4/2008,1093.0,1196.0,1114.0,1177.0,7.69,760.0,683.4,535.9
EDBL,12/7/2008,1177.0,1225.0,1200.0,1225.0,4.08,90.0,683.4,535.9
EDBL,12/8/2008,1225.0,1347.0,1249.0,1347.0,9.96,970.0,683.4,535.9
EDBL,12/10/2008,1347.0,1380.0,1350.0,1380.0,2.45,350.0,683.4,535.9
EDBL,12/11/2008,1380.0,1380.0,1375.0,1380.0,0.0,30.0,683.4,535.9
EDBL,12/16/2008,1380.0,1353.0,1300.0,1305.0,-5.43,390.0,683.4,535.9
EDBL,12/17/2008,1305.0,1300.0,1205.0,1215.0,-6.9,350.0,683.4,535.9
EDBL,12/18/2008,1215.0,1200.0,1200.0,1200.0,-1.23,60.0,683.4,535.9
EDBL,12/21/2008,1200.0,1180.0,1180.0,1180.0,-1.67,150.0,683.4,535.9
EDBL,12/22/2008,1180.0,1210.0,1180.0,1190.0,0.85,640.0,683.4,535.9
EDBL,12/23/2008,1190.0,1210.0,1210.0,1210.0,1.68,120.0,683.4,535.9
EDBL,12/24/2008,1210.0,1200.0,1200.0,1200.0,-0.83,110.0,683.4,535.9
EDBL,12/28/2008,1200.0,1226.0,1220.0,1226.0,2.17,270.0,683.4,535.9
EDBL,1/5/2009,1226.0,1250.0,1230.0,1250.0,1.96,40.0,683.4,535.9
EDBL,1/18/2009,1250.0,1274.0,1274.0,1274.0,1.92,260.0,683.4,535.9
EDBL,1/20/2009,1274.0,1249.0,1249.0,1249.0,-1.96,10.0,683.4,535.9
EDBL,1/25/2009,1249.0,1225.0,1154.0,1154.0,-7.61,40.0,683.4,535.9
EDBL,1/26/2009,1154.0,1131.0,1039.0,1060.0,-8.15,230.0,683.4,535.9
EDBL,1/28/2009,1060.0,1060.0,1040.0,1060.0,0.0,1130.0,683.4,535.9
EDBL,2/1/2009,1060.0,1081.0,956.0,960.0,-9.43,560.0,683.4,535.9
EDBL,2/2/2009,960.0,979.0,979.0,979.0,1.98,490.0,683.4,535.9
EDBL,2/3/2009,979.0,960.0,882.0,882.0,-9.91,110.0,683.4,535.9
EDBL,2/4/2009,882.0,866.0,866.0,866.0,-1.81,10.0,683.4,535.9
EDBL,2/5/2009,866.0,849.0,786.0,786.0,-9.24,120.0,683.4,535.9
EDBL,2/16/2009,786.0,825.0,825.0,825.0,4.96,10.0,683.4,535.9
EDBL,2/22/2009,825.0,799.0,784.0,799.0,-3.15,270.0,683.4,535.9
EDBL,3/1/2009,799.0,878.0,814.0,878.0,9.89,890.0,683.4,535.9
EDBL,3/2/2009,878.0,912.0,895.0,912.0,3.87,20.0,683.4,535.9
EDBL,3/3/2009,912.0,1003.0,930.0,1003.0,9.98,1130.0,683.4,535.9
EDBL,3/4/2009,1003.0,1103.0,1040.0,1103.0,9.97,630.0,683.4,535.9
EDBL,3/5/2009,1103.0,1169.0,1081.0,1110.0,0.63,600.0,683.4,535.9
EDBL,3/8/2009,1110.0,1100.0,1099.0,1099.0,-0.99,180.0,683.4,535.9
EDBL,3/9/2009,1099.0,1090.0,1069.0,1069.0,-2.73,320.0,683.4,535.9
EDBL,3/12/2009,1069.0,1090.0,1085.0,1090.0,1.96,130.0,683.4,535.9
EDBL,3/15/2009,1090.0,1100.0,1100.0,1100.0,0.92,100.0,683.4,535.9
EDBL,3/16/2009,1100.0,1078.0,1057.0,1057.0,-3.91,140.0,683.4,535.9
EDBL,3/17/2009,1057.0,1036.0,980.0,980.0,-7.28,550.0,683.4,535.9
EDBL,3/18/2009,980.0,999.0,980.0,981.0,0.1,270.0,683.4,535.9
EDBL,3/19/2009,981.0,962.0,940.0,940.0,-4.18,370.0,683.4,535.9
EDBL,3/24/2009,940.0,950.0,931.0,950.0,1.06,190.0,683.4,535.9
EDBL,3/25/2009,950.0,931.0,931.0,931.0,-2.0,340.0,683.4,535.9
EDBL,3/30/2009,931.0,995.0,949.0,995.0,6.87,440.0,683.4,535.9
EDBL,4/1/2009,995.0,1050.0,990.0,1050.0,5.53,950.0,683.4,535.9
EDBL,4/2/2009,1050.0,1029.0,1010.0,1012.0,-3.62,520.0,683.4,535.9
EDBL,4/5/2009,1012.0,1032.0,1010.0,1010.0,-0.2,1150.0,683.4,535.9
EDBL,4/7/2009,1010.0,1000.0,1000.0,1000.0,-0.99,210.0,683.4,535.9
EDBL,4/12/2009,1000.0,1020.0,1000.0,1000.0,0.0,260.0,683.4,535.9
EDBL,4/13/2009,1000.0,1045.0,1020.0,1045.0,4.5,160.0,683.4,535.9
EDBL,4/16/2009,1045.0,1060.0,1060.0,1060.0,1.44,80.0,683.4,535.9
EDBL,4/21/2009,1060.0,1080.0,1060.0,1060.0,0.0,420.0,683.4,535.9
EDBL,4/22/2009,1060.0,1055.0,1055.0,1055.0,-0.47,100.0,683.4,535.9
EDBL,4/23/2009,1055.0,1054.0,1052.0,1054.0,-0.09,380.0,683.4,535.9
EDBL,4/29/2009,1054.0,1035.0,1035.0,1035.0,-1.8,40.0,683.4,535.9
EDBL,5/13/2009,1035.0,1015.0,1015.0,1015.0,-1.93,440.0,683.4,535.9
EDBL,5/14/2009,1015.0,1035.0,1020.0,1035.0,1.97,530.0,683.4,535.9
EDBL,5/17/2009,1035.0,1050.0,1050.0,1050.0,1.45,70.0,683.4,535.9
EDBL,5/18/2009,1050.0,1091.0,1060.0,1091.0,3.9,230.0,683.4,535.9
EDBL,5/19/2009,1091.0,1115.0,1111.0,1115.0,2.2,490.0,683.4,535.9
EDBL,5/20/2009,1115.0,1145.0,1115.0,1145.0,2.69,300.0,683.4,535.9
EDBL,5/21/2009,1145.0,1160.0,1130.0,1140.0,-0.44,210.0,683.4,535.9
EDBL,5/24/2009,1140.0,1195.0,1140.0,1181.0,3.6,1140.0,683.4,535.9
EDBL,5/25/2009,1181.0,1256.0,1180.0,1256.0,6.35,190.0,683.4,535.9
EDBL,6/7/2009,1256.0,300.0,300.0,300.0,-76.11,10.0,683.4,535.9
EDBL,6/8/2009,300.0,300.0,300.0,300.0,0.0,20.0,683.4,535.9
EDBL,7/29/2009,300.0,306.0,306.0,306.0,2.0,10.0,683.4,535.9
EDBL,8/9/2009,306.0,306.0,306.0,306.0,0.0,450.0,683.4,535.9
EDBL,9/2/2009,1000.0,312.0,312.0,312.0,1.96,10.0,683.4,535.9
EDBL,9/5/2009,312.0,316.0,310.0,310.0,-0.64,896.0,683.4,535.9
EDBL,9/6/2009,310.0,318.0,310.0,318.0,2.58,817.0,683.4,535.9
EDBL,9/13/2009,318.0,318.0,318.0,318.0,0.0,20.0,683.4,535.9
EDBL,10/7/2009,318.0,318.0,318.0,318.0,0.0,20.0,683.4,535.9
EDBL,10/8/2009,318.0,324.0,324.0,324.0,1.89,10.0,683.4,535.9
EDBL,11/2/2009,324.0,330.0,324.0,330.0,1.85,40.0,683.4,535.9
EDBL,11/19/2009,330.0,342.0,336.0,342.0,3.64,40.0,683.4,535.9
EDBL,11/24/2009,342.0,361.0,348.0,361.0,5.56,540.0,683.4,535.9
EDBL,11/25/2009,361.0,356.0,348.0,348.0,-3.6,720.0,683.4,535.9
EDBL,11/26/2009,348.0,357.0,350.0,350.0,0.57,650.0,683.4,535.9
EDBL,11/30/2009,350.0,350.0,350.0,350.0,0.0,1391.0,683.4,535.9
EDBL,12/1/2009,350.0,345.0,334.0,335.0,-4.29,3177.0,683.4,535.9
EDBL,12/3/2009,335.0,330.0,325.0,325.0,-2.99,262.0,683.4,535.9
EDBL,12/7/2009,325.0,349.0,331.0,349.0,7.38,380.0,683.4,535.9
EDBL,12/8/2009,349.0,362.0,355.0,362.0,3.72,81.0,683.4,535.9
EDBL,12/9/2009,362.0,366.0,365.0,365.0,0.83,213.0,683.4,535.9
EDBL,12/10/2009,365.0,372.0,372.0,372.0,1.92,20.0,683.4,535.9
EDBL,12/13/2009,372.0,377.0,370.0,375.0,0.81,332.0,683.4,535.9
EDBL,12/15/2009,375.0,382.0,382.0,382.0,1.87,200.0,683.4,535.9
EDBL,12/16/2009,382.0,392.0,384.0,392.0,2.62,610.0,683.4,535.9
EDBL,12/17/2009,392.0,392.0,385.0,392.0,0.0,1033.0,683.4,535.9
EDBL,12/20/2009,392.0,385.0,385.0,385.0,-1.79,100.0,683.4,535.9
EDBL,12/21/2009,385.0,380.0,380.0,380.0,-1.3,41.0,683.4,535.9
EDBL,12/31/2009,380.0,378.0,378.0,378.0,-0.53,162.0,683.4,535.9
EDBL,1/25/2010,378.0,371.0,371.0,371.0,-1.85,243.0,683.4,535.9
EDBL,1/27/2010,371.0,371.0,362.0,362.0,-2.43,1208.0,683.4,535.9
EDBL,2/3/2010,362.0,362.0,360.0,360.0,-0.55,984.0,683.4,535.9
EDBL,2/15/2010,360.0,355.0,355.0,355.0,-1.39,240.0,683.4,535.9
EDBL,3/1/2010,355.0,362.0,362.0,362.0,1.97,1400.0,683.4,535.9
EDBL,3/2/2010,362.0,360.0,360.0,360.0,-0.55,40.0,683.4,535.9
EDBL,3/3/2010,360.0,360.0,340.0,340.0,-5.56,2325.0,683.4,535.9
EDBL,3/4/2010,340.0,340.0,329.0,329.0,-3.24,1119.0,683.4,535.9
EDBL,3/9/2010,329.0,325.0,325.0,325.0,-1.22,404.0,683.4,535.9
EDBL,3/10/2010,325.0,325.0,325.0,325.0,0.0,2080.0,683.4,535.9
EDBL,3/11/2010,325.0,331.0,331.0,331.0,1.85,7046.0,683.4,535.9
EDBL,3/28/2010,331.0,325.0,325.0,325.0,-1.81,41.0,683.4,535.9
EDBL,4/4/2010,325.0,319.0,310.0,310.0,-4.62,1060.0,683.4,535.9
EDBL,4/6/2010,310.0,310.0,310.0,310.0,0.0,41.0,683.4,535.9
EDBL,4/15/2010,310.0,304.0,283.0,285.0,-8.06,470.0,683.4,535.9
EDBL,4/20/2010,285.0,285.0,285.0,285.0,0.0,1353.0,683.4,535.9
EDBL,4/25/2010,285.0,280.0,280.0,280.0,-1.75,574.0,683.4,535.9
EDBL,4/26/2010,280.0,275.0,275.0,275.0,-1.79,2623.0,683.4,535.9
EDBL,4/29/2010,275.0,274.0,274.0,274.0,-0.36,485.0,683.4,535.9
EDBL,5/11/2010,274.0,279.0,279.0,279.0,1.82,1476.0,683.4,535.9
EDBL,5/19/2010,279.0,274.0,264.0,264.0,-5.38,484.0,683.4,535.9
EDBL,5/23/2010,264.0,265.0,265.0,265.0,0.38,62.0,683.4,535.9
EDBL,5/24/2010,265.0,280.0,270.0,280.0,5.66,143.0,683.4,535.9
EDBL,5/31/2010,280.0,285.0,285.0,285.0,1.79,164.0,683.4,535.9
EDBL,6/6/2010,285.0,295.0,285.0,295.0,3.51,779.0,683.4,535.9
EDBL,6/10/2010,295.0,306.0,300.0,306.0,3.73,282.0,683.4,535.9
EDBL,6/21/2010,306.0,312.0,312.0,312.0,1.96,50.0,683.4,535.9
EDBL,6/30/2010,312.0,310.0,310.0,310.0,-0.64,174.0,683.4,535.9
EDBL,7/4/2010,310.0,310.0,310.0,310.0,0.0,2797.0,683.4,535.9
EDBL,7/5/2010,310.0,310.0,310.0,310.0,0.0,2050.0,683.4,535.9
EDBL,7/7/2010,310.0,310.0,310.0,310.0,0.0,2059.0,683.4,535.9
EDBL,7/16/2010,310.0,306.0,306.0,306.0,-1.29,564.0,683.4,535.9
EDBL,7/22/2010,306.0,310.0,310.0,310.0,1.31,758.0,683.4,535.9
EDBL,7/25/2010,310.0,310.0,310.0,310.0,0.0,1148.0,683.4,535.9
EDBL,9/2/2010,310.0,316.0,310.0,316.0,1.94,579.0,683.4,535.9
EDBL,9/8/2010,316.0,312.0,310.0,310.0,-1.9,561.0,683.4,535.9
EDBL,9/9/2010,310.0,310.0,310.0,310.0,0.0,41.0,683.4,535.9
EDBL,9/12/2010,310.0,311.0,304.0,311.0,0.32,313.0,683.4,535.9
EDBL,9/13/2010,311.0,310.0,310.0,310.0,-0.32,1167.0,683.4,535.9
EDBL,9/15/2010,310.0,304.0,300.0,300.0,-3.23,1170.0,683.4,535.9
EDBL,9/19/2010,300.0,300.0,300.0,300.0,0.0,861.0,683.4,535.9
EDBL,9/20/2010,300.0,300.0,300.0,300.0,0.0,15.0,683.4,535.9
EDBL,9/26/2010,300.0,300.0,300.0,300.0,0.0,62.0,683.4,535.9
EDBL,9/29/2010,300.0,300.0,300.0,300.0,0.0,31.0,683.4,535.9
EDBL,10/3/2010,300.0,298.0,298.0,298.0,-0.67,124.0,683.4,535.9
EDBL,10/4/2010,298.0,293.0,293.0,293.0,-1.68,152.0,683.4,535.9
EDBL,11/9/2010,293.0,290.0,290.0,290.0,-1.02,82.0,683.4,535.9
EDBL,11/10/2010,290.0,290.0,285.0,290.0,0.0,244.0,683.4,535.9
EDBL,11/11/2010,290.0,286.0,286.0,286.0,-1.38,41.0,683.4,535.9
EDBL,11/22/2010,286.0,314.0,291.0,314.0,9.79,1900.0,683.4,535.9
EDBL,11/23/2010,314.0,310.0,310.0,310.0,-1.27,2210.0,683.4,535.9
EDBL,11/24/2010,310.0,304.0,298.0,298.0,-3.87,82.0,683.4,535.9
EDBL,11/28/2010,298.0,298.0,293.0,298.0,0.0,113.0,683.4,535.9
EDBL,12/5/2010,298.0,295.0,295.0,295.0,-1.01,41.0,683.4,535.9
EDBL,12/7/2010,295.0,290.0,290.0,290.0,-1.69,287.0,683.4,535.9
EDBL,12/9/2010,290.0,285.0,282.0,282.0,-2.76,287.0,683.4,535.9
EDBL,12/12/2010,282.0,277.0,277.0,277.0,-1.77,303.0,683.4,535.9
EDBL,12/13/2010,277.0,272.0,272.0,272.0,-1.81,70.0,683.4,535.9
EDBL,12/14/2010,272.0,272.0,272.0,272.0,0.0,120.0,683.4,535.9
EDBL,12/15/2010,272.0,277.0,277.0,277.0,1.84,41.0,683.4,535.9
EDBL,12/19/2010,277.0,275.0,275.0,275.0,-0.72,574.0,683.4,535.9
EDBL,1/4/2011,275.0,275.0,275.0,275.0,0.0,160.0,683.4,535.9
EDBL,1/16/2011,275.0,270.0,270.0,270.0,-1.82,243.0,683.4,535.9
EDBL,1/17/2011,270.0,275.0,275.0,275.0,1.85,80.0,683.4,535.9
EDBL,1/18/2011,275.0,280.0,280.0,280.0,1.82,70.0,683.4,535.9
EDBL,2/2/2011,280.0,285.0,285.0,285.0,1.79,62.0,683.4,535.9
EDBL,2/3/2011,285.0,290.0,290.0,290.0,1.75,203.0,683.4,535.9
EDBL,2/9/2011,290.0,310.0,295.0,310.0,6.9,160.0,683.4,535.9
EDBL,2/13/2011,310.0,304.0,304.0,304.0,-1.94,100.0,683.4,535.9
EDBL,2/14/2011,304.0,300.0,300.0,300.0,-1.32,41.0,683.4,535.9
EDBL,2/15/2011,300.0,313.0,301.0,313.0,4.33,864.0,683.4,535.9
EDBL,2/17/2011,313.0,331.0,319.0,331.0,5.75,40.0,683.4,535.9
EDBL,2/20/2011,331.0,337.0,337.0,337.0,1.81,20.0,683.4,535.9
EDBL,2/21/2011,337.0,335.0,325.0,325.0,-3.56,60.0,683.4,535.9
EDBL,2/22/2011,325.0,332.0,320.0,332.0,2.15,646.0,683.4,535.9
EDBL,2/23/2011,332.0,340.0,338.0,338.0,1.81,4874.0,683.4,535.9
EDBL,2/27/2011,338.0,332.0,332.0,332.0,-1.78,40.0,683.4,535.9
EDBL,3/7/2011,332.0,326.0,326.0,326.0,-1.81,20.0,683.4,535.9
EDBL,3/10/2011,326.0,332.0,326.0,326.0,0.0,1744.0,683.4,535.9
EDBL,3/14/2011,326.0,320.0,304.0,304.0,-6.75,387.0,683.4,535.9
EDBL,3/15/2011,304.0,304.0,299.0,304.0,0.0,502.0,683.4,535.9
EDBL,3/16/2011,304.0,298.0,298.0,298.0,-1.97,31.0,683.4,535.9
EDBL,3/24/2011,297.0,297.0,297.0,297.0,-0.34,246.0,683.4,535.9
EDBL,3/29/2011,297.0,293.0,293.0,293.0,-1.35,82.0,683.4,535.9
EDBL,4/4/2011,293.0,288.0,288.0,288.0,-1.71,62.0,683.4,535.9
EDBL,4/13/2011,288.0,283.0,283.0,283.0,-1.74,41.0,683.4,535.9
EDBL,4/17/2011,283.0,278.0,278.0,278.0,-1.77,452.0,683.4,535.9
EDBL,4/18/2011,278.0,278.0,263.0,263.0,-5.4,837.0,683.4,535.9
EDBL,4/19/2011,263.0,270.0,268.0,270.0,2.66,2493.0,683.4,535.9
EDBL,4/25/2011,270.0,265.0,265.0,265.0,-1.85,10.0,683.4,535.9
EDBL,5/2/2011,265.0,265.0,265.0,265.0,0.0,1025.0,683.4,535.9
EDBL,5/4/2011,265.0,275.0,270.0,275.0,3.77,20.0,683.4,535.9
EDBL,5/5/2011,275.0,280.0,280.0,280.0,1.82,41.0,683.4,535.9
EDBL,5/8/2011,280.0,290.0,285.0,285.0,1.79,427.0,683.4,535.9
EDBL,5/10/2011,285.0,290.0,290.0,290.0,1.75,41.0,683.4,535.9
EDBL,5/11/2011,290.0,295.0,295.0,295.0,1.72,82.0,683.4,535.9
EDBL,5/18/2011,295.0,300.0,300.0,300.0,1.69,100.0,683.4,535.9
EDBL,5/19/2011,300.0,306.0,300.0,300.0,0.0,61.0,683.4,535.9
EDBL,5/23/2011,300.0,306.0,306.0,306.0,2.0,10.0,683.4,535.9
EDBL,6/2/2011,306.0,317.0,312.0,317.0,3.59,543.0,683.4,535.9
EDBL,6/6/2011,317.0,312.0,312.0,312.0,-1.58,410.0,683.4,535.9
EDBL,6/19/2011,312.0,318.0,318.0,318.0,1.92,10.0,683.4,535.9
EDBL,6/20/2011,312.0,318.0,318.0,318.0,0.0,10.0,683.4,535.9
EDBL,6/23/2011,323.0,329.0,329.0,329.0,3.46,92.0,683.4,535.9
EDBL,7/10/2011,329.0,323.0,297.0,297.0,-9.73,409.0,683.4,535.9
EDBL,7/11/2011,297.0,292.0,280.0,285.0,-4.04,1575.0,683.4,535.9
EDBL,7/13/2011,285.0,280.0,280.0,280.0,-1.75,400.0,683.4,535.9
EDBL,7/19/2011,280.0,275.0,275.0,275.0,-1.79,200.0,683.4,535.9
EDBL,8/3/2011,275.0,295.0,280.0,295.0,7.27,50.0,683.4,535.9
EDBL,8/4/2011,295.0,300.0,300.0,300.0,1.69,10.0,683.4,535.9
EDBL,8/8/2011,300.0,305.0,305.0,305.0,1.67,998.0,683.4,535.9
EDBL,8/9/2011,305.0,304.0,300.0,304.0,-0.33,82.0,683.4,535.9
EDBL,8/10/2011,304.0,300.0,298.0,300.0,-1.32,83.0,683.4,535.9
EDBL,8/11/2011,300.0,300.0,300.0,300.0,0.0,41.0,683.4,535.9
EDBL,8/16/2011,300.0,305.0,300.0,300.0,0.0,134.0,683.4,535.9
EDBL,8/22/2011,300.0,294.0,294.0,294.0,-2.0,164.0,683.4,535.9
EDBL,8/23/2011,294.0,290.0,290.0,290.0,-1.36,334.0,683.4,535.9
EDBL,9/6/2011,290.0,295.0,295.0,295.0,1.72,80.0,683.4,535.9
EDBL,9/7/2011,295.0,300.0,300.0,300.0,1.69,10.0,683.4,535.9
EDBL,9/8/2011,300.0,306.0,306.0,306.0,2.0,10.0,683.4,535.9
EDBL,10/2/2011,306.0,300.0,294.0,294.0,-3.92,650.0,683.4,535.9
EDBL,10/12/2011,294.0,294.0,294.0,294.0,0.0,10.0,683.4,535.9
EDBL,11/9/2011,294.0,291.0,291.0,291.0,-1.02,40.0,683.4,535.9
EDBL,12/15/2011,286.0,286.0,286.0,286.0,-1.72,124.0,683.4,535.9
EDBL,12/26/2011,286.0,285.0,285.0,285.0,-0.35,200.0,683.4,535.9
EDBL,1/1/2012,285.0,266.0,266.0,266.0,-6.67,2640.0,683.4,535.9
EDBL,1/12/2012,266.0,285.0,285.0,285.0,7.14,82.0,683.4,535.9
EDBL,1/22/2012,285.0,280.0,270.0,270.0,-5.26,92.0,683.4,535.9
EDBL,2/5/2012,270.0,295.0,265.0,295.0,9.26,428.0,683.4,535.9
EDBL,2/6/2012,295.0,306.0,300.0,306.0,3.73,21.0,683.4,535.9
EDBL,2/7/2012,306.0,312.0,312.0,312.0,1.96,10.0,683.4,535.9
EDBL,2/27/2012,312.0,306.0,281.0,281.0,-9.94,300.0,683.4,535.9
EDBL,2/28/2012,281.0,286.0,276.0,286.0,1.78,51.0,683.4,535.9
EDBL,3/20/2012,286.0,291.0,291.0,291.0,1.75,418.0,683.4,535.9
EDBL,3/21/2012,291.0,286.0,271.0,271.0,-6.87,80.0,683.4,535.9
EDBL,4/5/2012,271.0,266.0,245.0,245.0,-9.59,502.0,683.4,535.9
EDBL,4/8/2012,245.0,241.0,237.0,237.0,-3.27,60.0,683.4,535.9
EDBL,4/10/2012,237.0,241.0,241.0,241.0,1.69,50.0,683.4,535.9
EDBL,4/11/2012,241.0,241.0,241.0,241.0,0.0,50.0,683.4,535.9
EDBL,4/12/2012,241.0,245.0,233.0,245.0,1.66,573.0,683.4,535.9
EDBL,4/15/2012,245.0,249.0,249.0,249.0,1.63,200.0,683.4,535.9
EDBL,4/16/2012,249.0,253.0,253.0,253.0,1.61,500.0,683.4,535.9
EDBL,4/17/2012,253.0,258.0,258.0,258.0,1.98,10.0,683.4,535.9
EDBL,4/18/2012,258.0,255.0,250.0,250.0,-3.1,200.0,683.4,535.9
EDBL,4/19/2012,250.0,245.0,245.0,245.0,-2.0,203.0,683.4,535.9
EDBL,4/22/2012,245.0,253.0,248.0,253.0,3.27,2271.0,683.4,535.9
EDBL,4/24/2012,253.0,258.0,258.0,258.0,1.98,82.0,683.4,535.9
EDBL,4/25/2012,258.0,278.0,263.0,278.0,7.75,120.0,683.4,535.9
EDBL,4/26/2012,278.0,303.0,283.0,303.0,8.99,200.0,683.4,535.9
EDBL,4/29/2012,303.0,321.0,309.0,321.0,5.94,40.0,683.4,535.9
EDBL,4/30/2012,321.0,339.0,315.0,339.0,5.61,81.0,683.4,535.9
EDBL,5/3/2012,339.0,345.0,345.0,345.0,1.77,50.0,683.4,535.9
EDBL,5/17/2012,345.0,339.0,339.0,339.0,-1.74,194.0,683.4,535.9
EDBL,6/28/2012,339.0,333.0,333.0,333.0,-1.77,153.0,683.4,535.9
EDBL,7/8/2012,333.0,327.0,309.0,309.0,-7.21,41.0,683.4,535.9
EDBL,7/18/2012,309.0,303.0,303.0,303.0,-1.94,100.0,683.4,535.9
EDBL,7/25/2012,303.0,303.0,282.0,303.0,0.0,7903.0,683.4,535.9
EDBL,7/26/2012,303.0,297.0,297.0,297.0,-1.98,40.0,683.4,535.9
EDBL,8/6/2012,297.0,292.0,277.0,277.0,-6.73,307.0,683.4,535.9
EDBL,8/7/2012,277.0,272.0,271.0,271.0,-2.17,230.0,683.4,535.9
EDBL,8/8/2012,271.0,274.0,250.0,266.0,-1.85,3630.0,683.4,535.9
EDBL,8/12/2012,266.0,262.0,262.0,262.0,-1.5,41.0,683.4,535.9
EDBL,8/13/2012,262.0,262.0,255.0,255.0,-2.67,2268.0,683.4,535.9
EDBL,8/14/2012,255.0,264.0,259.0,259.0,1.57,4038.0,683.4,535.9
EDBL,8/15/2012,259.0,267.0,262.0,267.0,3.09,1110.0,683.4,535.9
EDBL,8/21/2012,267.0,272.0,272.0,272.0,1.87,31.0,683.4,535.9
EDBL,8/22/2012,272.0,280.0,275.0,275.0,1.1,494.0,683.4,535.9
EDBL,8/23/2012,275.0,275.0,270.0,275.0,0.0,110.0,683.4,535.9
EDBL,8/26/2012,275.0,280.0,280.0,280.0,1.82,20.0,683.4,535.9
EDBL,8/27/2012,280.0,275.0,275.0,275.0,-1.79,10.0,683.4,535.9
EDBL,8/28/2012,275.0,270.0,270.0,270.0,-1.82,300.0,683.4,535.9
EDBL,8/29/2012,270.0,270.0,270.0,270.0,0.0,82.0,683.4,535.9
EDBL,8/30/2012,270.0,270.0,270.0,270.0,0.0,50.0,683.4,535.9
EDBL,9/2/2012,270.0,280.0,271.0,280.0,3.7,662.0,683.4,535.9
EDBL,9/3/2012,280.0,277.0,276.0,277.0,-1.07,123.0,683.4,535.9
EDBL,9/4/2012,277.0,277.0,277.0,277.0,0.0,349.0,683.4,535.9
EDBL,9/5/2012,277.0,280.0,275.0,280.0,1.08,550.0,683.4,535.9
EDBL,9/6/2012,280.0,282.0,280.0,282.0,0.71,562.0,683.4,535.9
EDBL,9/9/2012,282.0,285.0,285.0,285.0,1.06,113.0,683.4,535.9
EDBL,9/12/2012,285.0,285.0,285.0,285.0,0.0,160.0,683.4,535.9
EDBL,9/13/2012,285.0,291.0,286.0,291.0,2.11,714.0,683.4,535.9
EDBL,9/25/2012,291.0,320.0,296.0,320.0,9.97,60.0,683.4,535.9
EDBL,9/26/2012,320.0,338.0,314.0,316.0,-1.25,1119.0,683.4,535.9
EDBL,10/4/2012,311.0,305.0,300.0,300.0,-5.06,778.0,683.4,535.9
EDBL,10/7/2012,300.0,300.0,289.0,290.0,-3.33,3148.0,683.4,535.9
EDBL,10/8/2012,290.0,294.0,285.0,290.0,0.0,3485.0,683.4,535.9
EDBL,10/9/2012,290.0,302.0,292.0,302.0,4.14,1141.0,683.4,535.9
EDBL,10/10/2012,302.0,308.0,296.0,296.0,-1.99,93.0,683.4,535.9
EDBL,10/11/2012,296.0,301.0,301.0,301.0,1.69,10.0,683.4,535.9
EDBL,10/30/2012,301.0,295.0,295.0,295.0,-1.99,500.0,683.4,535.9
EDBL,11/1/2012,295.0,300.0,295.0,298.0,1.02,1194.0,683.4,535.9
EDBL,11/4/2012,298.0,302.0,302.0,302.0,1.34,141.0,683.4,535.9
EDBL,11/5/2012,302.0,312.0,307.0,312.0,3.31,702.0,683.4,535.9
EDBL,11/6/2012,312.0,320.0,317.0,317.0,1.6,1102.0,683.4,535.9
EDBL,11/7/2012,317.0,320.0,320.0,320.0,0.95,403.0,683.4,535.9
EDBL,11/8/2012,320.0,314.0,314.0,314.0,-1.88,605.0,683.4,535.9
EDBL,11/11/2012,314.0,315.0,314.0,314.0,0.0,182.0,683.4,535.9
EDBL,11/12/2012,314.0,320.0,314.0,314.0,0.0,300.0,683.4,535.9
EDBL,11/18/2012,314.0,326.0,308.0,326.0,3.82,1233.0,683.4,535.9
EDBL,11/20/2012,326.0,331.0,319.0,319.0,-2.15,254.0,683.4,535.9
EDBL,11/21/2012,319.0,318.0,314.0,314.0,-1.57,464.0,683.4,535.9
EDBL,11/22/2012,314.0,314.0,313.0,314.0,0.0,92.0,683.4,535.9
EDBL,11/26/2012,314.0,314.0,314.0,314.0,0.0,41.0,683.4,535.9
EDBL,11/27/2012,314.0,320.0,315.0,315.0,0.32,557.0,683.4,535.9
EDBL,11/28/2012,315.0,346.0,317.0,340.0,7.94,5426.0,683.4,535.9
EDBL,11/29/2012,340.0,350.0,340.0,340.0,0.0,2530.0,683.4,535.9
EDBL,12/2/2012,340.0,336.0,334.0,334.0,-1.76,260.0,683.4,535.9
EDBL,12/4/2012,334.0,328.0,328.0,328.0,-1.8,600.0,683.4,535.9
EDBL,12/5/2012,328.0,340.0,334.0,335.0,2.13,600.0,683.4,535.9
EDBL,12/6/2012,335.0,341.0,335.0,335.0,0.0,142.0,683.4,535.9
EDBL,12/9/2012,335.0,335.0,330.0,330.0,-1.49,1000.0,683.4,535.9
EDBL,12/10/2012,330.0,324.0,321.0,321.0,-2.73,462.0,683.4,535.9
EDBL,12/11/2012,321.0,335.0,327.0,335.0,4.36,523.0,683.4,535.9
EDBL,12/12/2012,335.0,340.0,335.0,340.0,1.49,718.0,683.4,535.9
EDBL,12/13/2012,340.0,342.0,336.0,342.0,0.59,133.0,683.4,535.9
EDBL,12/16/2012,342.0,348.0,348.0,348.0,1.75,80.0,683.4,535.9
EDBL,12/17/2012,348.0,350.0,342.0,342.0,-1.72,765.0,683.4,535.9
EDBL,12/18/2012,342.0,337.0,337.0,337.0,-1.46,500.0,683.4,535.9
EDBL,12/19/2012,337.0,343.0,337.0,343.0,1.78,211.0,683.4,535.9
EDBL,12/23/2012,343.0,337.0,330.0,335.0,-2.33,2575.0,683.4,535.9
EDBL,12/24/2012,335.0,353.0,341.0,350.0,4.48,1386.0,683.4,535.9
EDBL,12/26/2012,350.0,362.0,354.0,354.0,1.14,1167.0,683.4,535.9
EDBL,12/27/2012,354.0,367.0,350.0,355.0,0.28,1679.0,683.4,535.9
EDBL,1/30/2013,355.0,273.0,273.0,273.0,-23.1,185.0,683.4,535.9
EDBL,2/5/2013,273.0,269.0,175.0,269.0,-1.47,60.0,683.4,535.9
EDBL,2/7/2013,269.0,264.0,264.0,264.0,-1.86,10.0,683.4,535.9
EDBL,2/10/2013,264.0,260.0,255.0,255.0,-3.41,67.0,683.4,535.9
EDBL,2/13/2013,255.0,250.0,250.0,250.0,-1.96,262.0,683.4,535.9
EDBL,2/27/2013,250.0,245.0,245.0,245.0,-2.0,41.0,683.4,535.9
EDBL,3/5/2013,245.0,241.0,241.0,241.0,-1.63,31.0,683.4,535.9
EDBL,3/25/2013,241.0,240.0,240.0,240.0,-0.41,153.0,683.4,535.9
EDBL,4/11/2013,240.0,244.0,244.0,244.0,1.67,50.0,683.4,535.9
EDBL,4/21/2013,244.0,240.0,240.0,240.0,-1.64,82.0,683.4,535.9
EDBL,4/25/2013,240.0,236.0,236.0,236.0,-1.67,155.0,683.4,535.9
EDBL,4/28/2013,236.0,240.0,240.0,240.0,1.69,124.0,683.4,535.9
EDBL,4/29/2013,240.0,236.0,232.0,232.0,-3.33,223.0,683.4,535.9
EDBL,7/14/2013,232.0,228.0,224.0,226.0,-2.59,625.0,683.4,535.9
EDBL,7/16/2013,226.0,228.0,225.0,228.0,0.88,144.0,683.4,535.9
EDBL,7/22/2013,228.0,232.0,232.0,232.0,1.75,80.0,683.4,535.9
EDBL,7/23/2013,232.0,236.0,232.0,236.0,1.72,205.0,683.4,535.9
EDBL,7/24/2013,236.0,232.0,232.0,232.0,-1.69,46.0,683.4,535.9
EDBL,7/25/2013,232.0,230.0,230.0,230.0,-0.86,361.0,683.4,535.9
EDBL,7/29/2013,230.0,238.0,234.0,238.0,3.48,605.0,683.4,535.9
EDBL,7/30/2013,238.0,246.0,234.0,246.0,3.36,538.0,683.4,535.9
EDBL,7/31/2013,246.0,250.0,250.0,250.0,1.63,112.0,683.4,535.9
EDBL,8/1/2013,250.0,250.0,249.0,250.0,0.0,552.0,683.4,535.9
EDBL,8/4/2013,250.0,260.0,255.0,260.0,4.0,467.0,683.4,535.9
EDBL,8/5/2013,260.0,256.0,250.0,250.0,-3.85,450.0,683.4,535.9
EDBL,8/6/2013,250.0,255.0,255.0,255.0,2.0,753.0,683.4,535.9
EDBL,8/7/2013,255.0,260.0,260.0,260.0,1.96,1830.0,683.4,535.9
EDBL,8/8/2013,260.0,265.0,265.0,265.0,1.92,1000.0,683.4,535.9
EDBL,8/11/2013,265.0,270.0,270.0,270.0,1.89,92.0,683.4,535.9
EDBL,8/12/2013,270.0,275.0,275.0,275.0,1.85,103.0,683.4,535.9
EDBL,8/13/2013,275.0,295.0,280.0,295.0,7.27,523.0,683.4,535.9
EDBL,8/14/2013,295.0,312.0,299.0,312.0,5.76,750.0,683.4,535.9
EDBL,8/15/2013,312.0,306.0,300.0,300.0,-3.85,112.0,683.4,535.9
EDBL,8/18/2013,300.0,294.0,285.0,285.0,-5.0,1053.0,683.4,535.9
EDBL,8/19/2013,285.0,281.0,276.0,281.0,-1.4,286.0,683.4,535.9
EDBL,8/20/2013,281.0,291.0,278.0,291.0,3.56,519.0,683.4,535.9
EDBL,8/25/2013,291.0,291.0,286.0,286.0,-1.72,484.0,683.4,535.9
EDBL,8/26/2013,286.0,281.0,281.0,281.0,-1.75,91.0,683.4,535.9
EDBL,8/27/2013,281.0,284.0,284.0,284.0,1.07,102.0,683.4,535.9
EDBL,8/29/2013,284.0,281.0,281.0,281.0,-1.06,70.0,683.4,535.9
EDBL,9/1/2013,281.0,291.0,286.0,291.0,3.56,358.0,683.4,535.9
EDBL,9/2/2013,291.0,296.0,296.0,296.0,1.72,292.0,683.4,535.9
EDBL,9/3/2013,296.0,312.0,300.0,312.0,5.41,287.0,683.4,535.9
EDBL,9/4/2013,312.0,318.0,300.0,300.0,-3.85,894.0,683.4,535.9
EDBL,9/5/2013,300.0,311.0,305.0,309.0,3.0,956.0,683.4,535.9
EDBL,9/8/2013,309.0,310.0,310.0,310.0,0.32,200.0,683.4,535.9
EDBL,9/9/2013,310.0,316.0,316.0,316.0,1.94,303.0,683.4,535.9
EDBL,9/10/2013,316.0,325.0,322.0,325.0,2.85,142.0,683.4,535.9
EDBL,9/11/2013,325.0,357.0,331.0,337.0,3.69,3270.0,683.4,535.9
EDBL,9/12/2013,337.0,360.0,343.0,360.0,6.82,4119.0,683.4,535.9
EDBL,9/15/2013,360.0,367.0,360.0,361.0,0.28,654.0,683.4,535.9
EDBL,9/16/2013,361.0,375.0,368.0,375.0,3.88,50.0,683.4,535.9
EDBL,9/17/2013,375.0,370.0,370.0,370.0,-1.33,100.0,683.4,535.9
EDBL,9/19/2013,370.0,375.0,365.0,365.0,-1.35,356.0,683.4,535.9
EDBL,9/22/2013,365.0,368.0,359.0,360.0,-1.37,1292.0,683.4,535.9
EDBL,9/23/2013,360.0,367.0,360.0,367.0,1.94,206.0,683.4,535.9
EDBL,9/24/2013,367.0,374.0,374.0,374.0,1.91,30.0,683.4,535.9
EDBL,9/25/2013,374.0,410.0,367.0,375.0,0.27,5712.0,683.4,535.9
EDBL,9/26/2013,375.0,375.0,368.0,368.0,-1.87,133.0,683.4,535.9
EDBL,9/29/2013,368.0,375.0,375.0,375.0,1.9,25.0,683.4,535.9
EDBL,10/1/2013,375.0,375.0,370.0,375.0,0.0,176.0,683.4,535.9
EDBL,10/2/2013,375.0,375.0,368.0,368.0,-1.87,406.0,683.4,535.9
EDBL,10/3/2013,368.0,368.0,365.0,365.0,-0.82,287.0,683.4,535.9
EDBL,10/6/2013,365.0,372.0,372.0,372.0,1.92,10.0,683.4,535.9
EDBL,10/7/2013,372.0,365.0,365.0,365.0,-1.88,100.0,683.4,535.9
EDBL,10/8/2013,365.0,370.0,370.0,370.0,1.37,726.0,683.4,535.9
EDBL,10/9/2013,370.0,363.0,349.0,349.0,-5.68,1692.0,683.4,535.9
EDBL,10/10/2013,349.0,343.0,343.0,343.0,-1.72,20.0,683.4,535.9
EDBL,10/21/2013,343.0,349.0,349.0,349.0,1.75,62.0,683.4,535.9
EDBL,10/24/2013,349.0,383.0,355.0,383.0,9.74,121.0,683.4,535.9
EDBL,10/27/2013,383.0,421.0,390.0,399.0,4.18,1811.0,683.4,535.9
EDBL,10/28/2013,399.0,406.0,400.0,406.0,1.75,751.0,683.4,535.9
EDBL,10/29/2013,406.0,400.0,398.0,399.0,-1.72,649.0,683.4,535.9
EDBL,10/30/2013,399.0,413.0,405.0,410.0,2.76,684.0,683.4,535.9
EDBL,11/7/2013,410.0,410.0,410.0,410.0,0.0,75.0,683.4,535.9
EDBL,11/11/2013,418.0,426.0,426.0,426.0,3.9,10.0,683.4,535.9
EDBL,11/12/2013,426.0,418.0,402.0,402.0,-5.63,2876.0,683.4,535.9
EDBL,11/13/2013,402.0,420.0,410.0,410.0,1.99,771.0,683.4,535.9
EDBL,11/14/2013,410.0,415.0,402.0,415.0,1.22,2453.0,683.4,535.9
EDBL,11/24/2013,415.0,431.0,423.0,431.0,3.86,1526.0,683.4,535.9
EDBL,11/25/2013,431.0,455.0,430.0,455.0,5.57,1410.0,683.4,535.9
EDBL,11/26/2013,455.0,452.0,442.0,446.0,-1.98,1404.0,683.4,535.9
EDBL,11/27/2013,446.0,450.0,444.0,444.0,-0.45,1259.0,683.4,535.9
EDBL,11/28/2013,444.0,477.0,452.0,477.0,7.43,4803.0,683.4,535.9
EDBL,12/1/2013,477.0,490.0,480.0,482.0,1.05,1896.0,683.4,535.9
EDBL,12/2/2013,482.0,520.0,490.0,520.0,7.88,2514.0,683.4,535.9
EDBL,12/3/2013,520.0,555.0,520.0,555.0,6.73,5290.0,683.4,535.9
EDBL,12/4/2013,555.0,601.0,566.0,601.0,8.29,3700.0,683.4,535.9
EDBL,12/5/2013,601.0,620.0,608.0,608.0,1.16,871.0,683.4,535.9
EDBL,12/8/2013,608.0,596.0,596.0,596.0,-1.97,41.0,683.4,535.9
EDBL,12/9/2013,596.0,600.0,590.0,590.0,-1.01,700.0,683.4,535.9
EDBL,12/10/2013,590.0,579.0,568.0,575.0,-2.54,361.0,683.4,535.9
EDBL,12/11/2013,575.0,575.0,555.0,555.0,-3.48,551.0,683.4,535.9
EDBL,12/12/2013,555.0,567.0,545.0,567.0,2.16,2229.0,683.4,535.9
EDBL,12/19/2013,567.0,578.0,578.0,578.0,1.94,480.0,683.4,535.9
EDBL,12/22/2013,578.0,635.0,589.0,630.0,9.0,3613.0,683.4,535.9
EDBL,12/23/2013,630.0,667.0,642.0,667.0,5.87,3000.0,683.4,535.9
EDBL,12/24/2013,667.0,660.0,645.0,660.0,-1.05,1003.0,683.4,535.9
EDBL,12/26/2013,660.0,685.0,672.0,673.0,1.97,1452.0,683.4,535.9
EDBL,12/29/2013,673.0,703.0,673.0,680.0,1.04,14665.0,683.4,535.9
EDBL,1/21/2014,453.0,444.0,436.0,436.0,-35.88,112.0,683.4,535.9
EDBL,1/22/2014,436.0,452.0,444.0,452.0,3.67,717.0,683.4,535.9
EDBL,1/27/2014,452.0,461.0,461.0,461.0,1.99,70.0,683.4,535.9
EDBL,1/29/2014,461.0,470.0,470.0,470.0,1.95,1503.0,683.4,535.9
EDBL,2/2/2014,470.0,479.0,479.0,479.0,1.91,102.0,683.4,535.9
EDBL,2/9/2014,479.0,488.0,488.0,488.0,1.88,92.0,683.4,535.9
EDBL,2/11/2014,488.0,536.0,497.0,536.0,9.84,1743.0,683.4,535.9
EDBL,2/12/2014,536.0,589.0,546.0,589.0,9.89,2202.0,683.4,535.9
EDBL,2/13/2014,589.0,627.0,600.0,615.0,4.41,2834.0,683.4,535.9
EDBL,2/16/2014,615.0,605.0,595.0,595.0,-3.25,754.0,683.4,535.9
EDBL,2/23/2014,595.0,612.0,600.0,600.0,0.84,912.0,683.4,535.9
EDBL,2/24/2014,600.0,600.0,600.0,600.0,0.0,775.0,683.4,535.9
EDBL,2/25/2014,600.0,609.0,600.0,609.0,1.5,572.0,683.4,535.9
EDBL,2/26/2014,609.0,615.0,558.0,580.0,-4.76,2250.0,683.4,535.9
EDBL,3/5/2014,580.0,590.0,590.0,590.0,1.72,917.0,683.4,535.9
EDBL,3/6/2014,590.0,589.0,561.0,561.0,-4.92,1033.0,683.4,535.9
EDBL,3/9/2014,561.0,550.0,539.0,549.0,-2.14,1400.0,683.4,535.9
EDBL,3/10/2014,549.0,539.0,539.0,539.0,-1.82,180.0,683.4,535.9
EDBL,3/12/2014,539.0,539.0,539.0,539.0,0.0,164.0,683.4,535.9
EDBL,3/13/2014,539.0,545.0,545.0,545.0,1.11,93.0,683.4,535.9
EDBL,3/17/2014,545.0,550.0,535.0,535.0,-1.83,273.0,683.4,535.9
EDBL,3/24/2014,535.0,540.0,540.0,540.0,0.93,110.0,683.4,535.9
EDBL,3/25/2014,540.0,538.0,538.0,538.0,-0.37,153.0,683.4,535.9
EDBL,3/27/2014,538.0,538.0,529.0,529.0,-1.67,372.0,683.4,535.9
EDBL,3/31/2014,529.0,529.0,520.0,520.0,-1.7,494.0,683.4,535.9
EDBL,4/1/2014,520.0,520.0,510.0,520.0,0.0,56.0,683.4,535.9
EDBL,4/3/2014,520.0,520.0,520.0,520.0,0.0,20.0,683.4,535.9
EDBL,4/10/2014,520.0,540.0,520.0,540.0,3.85,256.0,683.4,535.9
EDBL,4/13/2014,540.0,560.0,540.0,560.0,3.7,614.0,683.4,535.9
EDBL,4/17/2014,560.0,550.0,531.0,540.0,-3.57,1200.0,683.4,535.9
EDBL,4/20/2014,540.0,541.0,540.0,541.0,0.19,122.0,683.4,535.9
EDBL,4/21/2014,541.0,562.0,551.0,562.0,3.88,20.0,683.4,535.9
EDBL,4/22/2014,562.0,562.0,562.0,562.0,0.0,100.0,683.4,535.9
EDBL,4/23/2014,562.0,562.0,551.0,551.0,-1.96,684.0,683.4,535.9
EDBL,4/27/2014,551.0,562.0,562.0,562.0,2.0,821.0,683.4,535.9
EDBL,4/29/2014,562.0,555.0,555.0,555.0,-1.25,545.0,683.4,535.9
EDBL,4/30/2014,555.0,565.0,565.0,565.0,1.8,162.0,683.4,535.9
EDBL,5/5/2014,565.0,576.0,576.0,576.0,1.95,51.0,683.4,535.9
EDBL,5/6/2014,576.0,566.0,566.0,566.0,-1.74,152.0,683.4,535.9
EDBL,5/7/2014,566.0,577.0,566.0,572.0,1.06,2252.0,683.4,535.9
EDBL,5/8/2014,572.0,580.0,565.0,565.0,-1.22,174.0,683.4,535.9
EDBL,5/11/2014,565.0,565.0,565.0,565.0,0.0,186.0,683.4,535.9
EDBL,5/12/2014,565.0,576.0,570.0,576.0,1.95,802.0,683.4,535.9
EDBL,5/13/2014,576.0,565.0,565.0,565.0,-1.91,550.0,683.4,535.9
EDBL,5/15/2014,565.0,570.0,570.0,570.0,0.88,100.0,683.4,535.9
EDBL,5/18/2014,570.0,592.0,565.0,592.0,3.86,1907.0,683.4,535.9
EDBL,5/19/2014,592.0,610.0,600.0,610.0,3.04,494.0,683.4,535.9
EDBL,5/20/2014,610.0,600.0,600.0,600.0,-1.64,188.0,683.4,535.9
EDBL,5/21/2014,600.0,617.0,605.0,617.0,2.83,362.0,683.4,535.9
EDBL,5/22/2014,617.0,617.0,610.0,610.0,-1.13,313.0,683.4,535.9
EDBL,5/25/2014,610.0,610.0,610.0,610.0,0.0,337.0,683.4,535.9
EDBL,5/26/2014,610.0,610.0,606.0,606.0,-0.66,263.0,683.4,535.9
EDBL,5/27/2014,606.0,622.0,615.0,622.0,2.64,411.0,683.4,535.9
EDBL,5/28/2014,622.0,610.0,610.0,610.0,-1.93,102.0,683.4,535.9
EDBL,6/1/2014,610.0,610.0,598.0,610.0,0.0,819.0,683.4,535.9
EDBL,6/2/2014,610.0,600.0,600.0,600.0,-1.64,153.0,683.4,535.9
EDBL,6/5/2014,600.0,589.0,580.0,585.0,-2.5,643.0,683.4,535.9
EDBL,6/8/2014,585.0,596.0,592.0,596.0,1.88,1949.0,683.4,535.9
EDBL,6/9/2014,596.0,607.0,607.0,607.0,1.85,10.0,683.4,535.9
EDBL,6/10/2014,607.0,610.0,600.0,610.0,0.49,1897.0,683.4,535.9
EDBL,6/11/2014,610.0,615.0,615.0,615.0,0.82,175.0,683.4,535.9
EDBL,6/12/2014,615.0,603.0,603.0,603.0,-1.95,268.0,683.4,535.9
EDBL,6/17/2014,603.0,595.0,590.0,590.0,-2.16,255.0,683.4,535.9
EDBL,6/18/2014,590.0,601.0,600.0,600.0,1.69,160.0,683.4,535.9
EDBL,6/19/2014,600.0,591.0,589.0,589.0,-1.83,423.0,683.4,535.9
EDBL,6/23/2014,589.0,601.0,590.0,601.0,2.04,582.0,683.4,535.9
EDBL,6/24/2014,601.0,600.0,595.0,600.0,-0.17,683.0,683.4,535.9
EDBL,6/25/2014,600.0,605.0,595.0,605.0,0.83,838.0,683.4,535.9
EDBL,6/26/2014,605.0,610.0,595.0,610.0,0.83,1986.0,683.4,535.9
EDBL,6/29/2014,610.0,612.0,610.0,612.0,0.33,80.0,683.4,535.9
EDBL,7/2/2014,612.0,615.0,615.0,615.0,0.49,205.0,683.4,535.9
EDBL,7/3/2014,615.0,640.0,627.0,628.0,2.11,1609.0,683.4,535.9
EDBL,7/6/2014,628.0,620.0,620.0,620.0,-1.27,100.0,683.4,535.9
EDBL,7/7/2014,620.0,635.0,629.0,635.0,2.42,225.0,683.4,535.9
EDBL,7/8/2014,635.0,659.0,635.0,659.0,3.78,550.0,683.4,535.9
EDBL,7/9/2014,659.0,675.0,637.0,640.0,-2.88,3053.0,683.4,535.9
EDBL,7/10/2014,640.0,640.0,640.0,640.0,0.0,150.0,683.4,535.9
EDBL,7/13/2014,640.0,650.0,630.0,650.0,1.56,1463.0,683.4,535.9
EDBL,7/14/2014,650.0,650.0,620.0,620.0,-4.62,2163.0,683.4,535.9
EDBL,7/15/2014,620.0,649.0,605.0,649.0,4.68,852.0,683.4,535.9
EDBL,7/16/2014,649.0,665.0,661.0,665.0,2.47,296.0,683.4,535.9
EDBL,7/17/2014,665.0,678.0,678.0,678.0,1.95,40.0,683.4,535.9
EDBL,7/20/2014,678.0,691.0,691.0,691.0,1.92,22.0,683.4,535.9
EDBL,7/21/2014,691.0,760.0,704.0,745.0,7.81,1269.0,683.4,535.9
EDBL,7/22/2014,745.0,790.0,759.0,789.0,5.91,415.0,683.4,535.9
EDBL,7/23/2014,789.0,805.0,788.0,800.0,1.39,2636.0,683.4,535.9
EDBL,7/24/2014,800.0,816.0,800.0,805.0,0.63,660.0,683.4,535.9
EDBL,7/27/2014,805.0,800.0,800.0,800.0,-0.62,190.0,683.4,535.9
EDBL,7/28/2014,800.0,832.0,816.0,832.0,4.0,20.0,683.4,535.9
EDBL,7/30/2014,832.0,845.0,829.0,829.0,-0.36,477.0,683.4,535.9
EDBL,7/31/2014,829.0,820.0,800.0,800.0,-3.5,926.0,683.4,535.9
EDBL,8/3/2014,800.0,800.0,799.0,799.0,-0.12,300.0,683.4,535.9
EDBL,8/5/2014,799.0,790.0,775.0,780.0,-2.38,1005.0,683.4,535.9
EDBL,8/7/2014,780.0,765.0,765.0,765.0,-1.92,336.0,683.4,535.9
EDBL,8/12/2014,765.0,765.0,745.0,760.0,-0.65,1770.0,683.4,535.9
EDBL,8/13/2014,760.0,770.0,760.0,770.0,1.32,488.0,683.4,535.9
EDBL,8/14/2014,770.0,760.0,760.0,760.0,-1.3,263.0,683.4,535.9
EDBL,8/18/2014,760.0,750.0,736.0,745.0,-1.97,320.0,683.4,535.9
EDBL,8/19/2014,745.0,760.0,745.0,750.0,0.67,1033.0,683.4,535.9
EDBL,8/20/2014,750.0,740.0,730.0,735.0,-2.0,1310.0,683.4,535.9
EDBL,8/21/2014,735.0,721.0,707.0,707.0,-3.81,390.0,683.4,535.9
EDBL,8/24/2014,707.0,695.0,693.0,695.0,-1.7,60.0,683.4,535.9
EDBL,8/26/2014,695.0,702.0,682.0,682.0,-1.87,558.0,683.4,535.9
EDBL,8/27/2014,682.0,708.0,695.0,695.0,1.91,369.0,683.4,535.9
EDBL,8/28/2014,695.0,708.0,708.0,708.0,1.87,20.0,683.4,535.9
EDBL,8/31/2014,708.0,700.0,694.0,700.0,-1.13,401.0,683.4,535.9
EDBL,9/1/2014,700.0,687.0,630.0,642.0,-8.29,1073.0,683.4,535.9
EDBL,9/3/2014,642.0,652.0,640.0,652.0,1.56,635.0,683.4,535.9
EDBL,9/4/2014,652.0,650.0,635.0,650.0,-0.31,1162.0,683.4,535.9
EDBL,9/7/2014,650.0,676.0,660.0,670.0,3.08,4568.0,683.4,535.9
EDBL,9/9/2014,670.0,737.0,670.0,732.0,9.25,1278.0,683.4,535.9
EDBL,9/10/2014,732.0,730.0,710.0,710.0,-3.01,3322.0,683.4,535.9
EDBL,9/11/2014,710.0,711.0,682.0,690.0,-2.82,1297.0,683.4,535.9
EDBL,9/15/2014,690.0,700.0,700.0,700.0,1.45,42.0,683.4,535.9
EDBL,9/16/2014,700.0,728.0,714.0,728.0,4.0,1215.0,683.4,535.9
EDBL,9/17/2014,728.0,732.0,730.0,732.0,0.55,366.0,683.4,535.9
EDBL,9/18/2014,732.0,730.0,720.0,729.0,-0.41,765.0,683.4,535.9
EDBL,9/22/2014,729.0,729.0,701.0,701.0,-3.84,1170.0,683.4,535.9
EDBL,9/23/2014,701.0,710.0,701.0,701.0,0.0,276.0,683.4,535.9
EDBL,9/24/2014,701.0,700.0,695.0,700.0,-0.14,636.0,683.4,535.9
EDBL,9/28/2014,700.0,720.0,714.0,720.0,2.86,412.0,683.4,535.9
EDBL,10/12/2014,720.0,720.0,720.0,720.0,0.0,50.0,683.4,535.9
EDBL,10/13/2014,720.0,720.0,720.0,720.0,0.0,20.0,683.4,535.9
EDBL,10/14/2014,720.0,706.0,706.0,706.0,-1.94,50.0,683.4,535.9
EDBL,10/15/2014,706.0,710.0,700.0,710.0,0.57,524.0,683.4,535.9
EDBL,10/16/2014,710.0,709.0,708.0,709.0,-0.14,200.0,683.4,535.9
EDBL,10/19/2014,709.0,710.0,701.0,710.0,0.14,300.0,683.4,535.9
EDBL,10/20/2014,710.0,696.0,670.0,670.0,-5.63,76.0,683.4,535.9
EDBL,10/22/2014,670.0,690.0,680.0,690.0,2.99,772.0,683.4,535.9
EDBL,10/26/2014,690.0,677.0,677.0,677.0,-1.88,500.0,683.4,535.9
EDBL,10/28/2014,677.0,675.0,670.0,674.0,-0.44,1884.0,683.4,535.9
EDBL,10/30/2014,674.0,674.0,660.0,672.0,-0.3,3166.0,683.4,535.9
EDBL,11/2/2014,672.0,690.0,680.0,690.0,2.68,1332.0,683.4,535.9
EDBL,11/3/2014,690.0,680.0,680.0,680.0,-1.45,942.0,683.4,535.9
EDBL,11/4/2014,680.0,676.0,675.0,675.0,-0.74,535.0,683.4,535.9
EDBL,11/9/2014,675.0,675.0,675.0,675.0,0.0,751.0,683.4,535.9
EDBL,11/13/2014,675.0,662.0,649.0,649.0,-3.85,551.0,683.4,535.9
EDBL,11/16/2014,649.0,650.0,635.0,635.0,-2.16,1660.0,683.4,535.9
EDBL,11/17/2014,635.0,623.0,599.0,600.0,-5.51,124.0,683.4,535.9
EDBL,11/18/2014,600.0,595.0,589.0,595.0,-0.83,825.0,683.4,535.9
EDBL,11/19/2014,595.0,601.0,590.0,601.0,1.01,769.0,683.4,535.9
EDBL,11/20/2014,601.0,659.0,613.0,655.0,8.99,743.0,683.4,535.9
EDBL,11/23/2014,655.0,685.0,660.0,685.0,4.58,1915.0,683.4,535.9
EDBL,11/24/2014,685.0,698.0,680.0,680.0,-0.73,1045.0,683.4,535.9
EDBL,11/25/2014,680.0,668.0,665.0,665.0,-2.21,900.0,683.4,535.9
EDBL,11/30/2014,665.0,675.0,669.0,675.0,1.5,698.0,683.4,535.9
EDBL,12/1/2014,675.0,662.0,650.0,650.0,-3.7,575.0,683.4,535.9
EDBL,12/2/2014,650.0,653.0,628.0,628.0,-3.38,4459.0,683.4,535.9
EDBL,12/3/2014,628.0,628.0,620.0,620.0,-1.27,3602.0,683.4,535.9
EDBL,12/7/2014,620.0,652.0,628.0,652.0,5.16,324.0,683.4,535.9
EDBL,12/8/2014,652.0,641.0,639.0,639.0,-1.99,442.0,683.4,535.9
EDBL,12/9/2014,639.0,640.0,640.0,640.0,0.16,50.0,683.4,535.9
EDBL,12/11/2014,640.0,629.0,620.0,629.0,-1.72,1053.0,683.4,535.9
EDBL,12/14/2014,629.0,655.0,629.0,654.0,3.97,1053.0,683.4,535.9
EDBL,12/16/2014,654.0,678.0,660.0,662.0,1.22,1020.0,683.4,535.9
EDBL,12/17/2014,662.0,671.0,670.0,671.0,1.36,277.0,683.4,535.9
EDBL,12/18/2014,671.0,677.0,660.0,669.0,-0.3,3523.0,683.4,535.9
EDBL,12/21/2014,669.0,682.0,682.0,682.0,1.94,100.0,683.4,535.9
EDBL,12/22/2014,682.0,695.0,670.0,695.0,1.91,1401.0,683.4,535.9
EDBL,12/23/2014,695.0,689.0,670.0,682.0,-1.87,2293.0,683.4,535.9
EDBL,12/24/2014,682.0,685.0,670.0,680.0,-0.29,6290.0,683.4,535.9
EDBL,1/1/2015,504.0,510.0,510.0,510.0,-25.0,500.0,683.4,535.9
EDBL,1/5/2015,510.0,520.0,520.0,520.0,1.96,31.0,683.4,535.9
EDBL,1/7/2015,520.0,525.0,525.0,525.0,0.96,289.0,683.4,535.9
EDBL,1/11/2015,525.0,535.0,535.0,535.0,1.9,76.0,683.4,535.9
EDBL,1/13/2015,535.0,545.0,530.0,545.0,1.87,1040.0,683.4,535.9
EDBL,1/19/2015,545.0,555.0,555.0,555.0,1.83,31.0,683.4,535.9
EDBL,1/25/2015,555.0,566.0,555.0,565.0,1.8,733.0,683.4,535.9
EDBL,1/26/2015,565.0,565.0,565.0,565.0,0.0,2476.0,683.4,535.9
EDBL,1/27/2015,565.0,600.0,575.0,600.0,6.19,3844.0,683.4,535.9
EDBL,1/29/2015,600.0,612.0,612.0,612.0,2.0,96.0,683.4,535.9
EDBL,2/1/2015,612.0,630.0,624.0,630.0,2.94,1380.0,683.4,535.9
EDBL,2/2/2015,630.0,622.0,622.0,622.0,-1.27,1000.0,683.4,535.9
EDBL,2/4/2015,622.0,630.0,630.0,630.0,1.29,232.0,683.4,535.9
EDBL,2/5/2015,630.0,654.0,630.0,654.0,3.81,453.0,683.4,535.9
EDBL,2/8/2015,654.0,659.0,650.0,650.0,-0.61,2132.0,683.4,535.9
EDBL,2/9/2015,650.0,650.0,650.0,650.0,0.0,1100.0,683.4,535.9
EDBL,2/10/2015,650.0,663.0,663.0,663.0,2.0,400.0,683.4,535.9
EDBL,2/12/2015,663.0,670.0,665.0,669.0,0.9,351.0,683.4,535.9
EDBL,2/16/2015,669.0,685.0,660.0,660.0,-1.35,423.0,683.4,535.9
EDBL,2/22/2015,660.0,648.0,640.0,640.0,-3.03,551.0,683.4,535.9
EDBL,2/25/2015,640.0,640.0,640.0,640.0,0.0,153.0,683.4,535.9
EDBL,2/26/2015,640.0,648.0,640.0,648.0,1.25,162.0,683.4,535.9
EDBL,3/1/2015,648.0,660.0,660.0,660.0,1.85,20.0,683.4,535.9
EDBL,3/3/2015,660.0,647.0,635.0,635.0,-3.79,754.0,683.4,535.9
EDBL,3/9/2015,635.0,623.0,623.0,623.0,-1.89,82.0,683.4,535.9
EDBL,3/10/2015,623.0,615.0,615.0,615.0,-1.28,53.0,683.4,535.9
EDBL,3/11/2015,615.0,627.0,615.0,625.0,1.63,512.0,683.4,535.9
EDBL,3/15/2015,625.0,615.0,615.0,615.0,-1.6,138.0,683.4,535.9
EDBL,3/17/2015,615.0,603.0,603.0,603.0,-1.95,743.0,683.4,535.9
EDBL,3/18/2015,603.0,600.0,600.0,600.0,-0.5,50.0,683.4,535.9
EDBL,3/24/2015,600.0,590.0,590.0,590.0,-1.67,122.0,683.4,535.9
EDBL,3/25/2015,590.0,601.0,600.0,600.0,1.69,306.0,683.4,535.9
EDBL,3/30/2015,600.0,588.0,588.0,588.0,-2.0,400.0,683.4,535.9
EDBL,3/31/2015,588.0,577.0,577.0,577.0,-1.87,283.0,683.4,535.9
EDBL,4/2/2015,577.0,588.0,588.0,588.0,1.91,20.0,683.4,535.9
EDBL,6/2/2015,588.0,577.0,534.0,535.0,-9.01,807.0,683.4,535.9
EDBL,6/3/2015,535.0,550.0,536.0,550.0,2.8,2114.0,683.4,535.9
EDBL,6/7/2015,550.0,561.0,561.0,561.0,2.0,616.0,683.4,535.9
EDBL,6/8/2015,561.0,561.0,560.0,561.0,0.0,154.0,683.4,535.9
EDBL,6/9/2015,561.0,572.0,572.0,572.0,1.96,87.0,683.4,535.9
EDBL,6/11/2015,572.0,591.0,575.0,575.0,0.52,1634.0,683.4,535.9
EDBL,6/14/2015,575.0,566.0,564.0,565.0,-1.74,429.0,683.4,535.9
EDBL,6/15/2015,565.0,557.0,557.0,557.0,-1.42,35.0,683.4,535.9
EDBL,6/16/2015,557.0,568.0,550.0,568.0,1.97,1008.0,683.4,535.9
EDBL,6/18/2015,568.0,570.0,570.0,570.0,0.35,93.0,683.4,535.9
EDBL,6/21/2015,570.0,570.0,560.0,560.0,-1.75,3283.0,683.4,535.9
EDBL,6/22/2015,560.0,562.0,555.0,555.0,-0.89,190.0,683.4,535.9
EDBL,6/23/2015,555.0,557.0,547.0,557.0,0.36,436.0,683.4,535.9
EDBL,6/24/2015,557.0,560.0,550.0,560.0,0.54,571.0,683.4,535.9
EDBL,6/25/2015,560.0,560.0,560.0,560.0,0.0,502.0,683.4,535.9
EDBL,6/28/2015,560.0,571.0,555.0,555.0,-0.89,779.0,683.4,535.9
EDBL,6/29/2015,555.0,576.0,555.0,576.0,3.78,913.0,683.4,535.9
EDBL,6/30/2015,576.0,580.0,565.0,580.0,0.69,469.0,683.4,535.9
EDBL,7/1/2015,580.0,585.0,585.0,585.0,0.86,102.0,683.4,535.9
EDBL,7/6/2015,585.0,584.0,576.0,584.0,-0.17,974.0,683.4,535.9
EDBL,7/7/2015,584.0,585.0,582.0,585.0,0.17,721.0,683.4,535.9
EDBL,7/8/2015,585.0,605.0,585.0,605.0,3.42,721.0,683.4,535.9
EDBL,7/13/2015,605.0,617.0,617.0,617.0,1.98,126.0,683.4,535.9
EDBL,7/14/2015,617.0,610.0,604.0,605.0,-1.94,477.0,683.4,535.9
EDBL,7/16/2015,605.0,610.0,600.0,610.0,0.83,262.0,683.4,535.9
EDBL,7/23/2015,610.0,625.0,601.0,625.0,2.46,219.0,683.4,535.9
EDBL,7/27/2015,625.0,649.0,637.0,649.0,3.84,150.0,683.4,535.9
EDBL,7/28/2015,649.0,645.0,640.0,645.0,-0.62,225.0,683.4,535.9
EDBL,8/3/2015,645.0,645.0,613.0,625.0,-3.1,874.0,683.4,535.9
EDBL,8/4/2015,625.0,620.0,620.0,620.0,-0.8,76.0,683.4,535.9
EDBL,8/5/2015,620.0,620.0,612.0,612.0,-1.29,404.0,683.4,535.9
EDBL,8/6/2015,612.0,624.0,610.0,624.0,1.96,1919.0,683.4,535.9
EDBL,8/9/2015,624.0,615.0,610.0,610.0,-2.24,335.0,683.4,535.9
EDBL,8/10/2015,610.0,620.0,610.0,614.0,0.66,1249.0,683.4,535.9
EDBL,8/11/2015,614.0,615.0,603.0,603.0,-1.79,1228.0,683.4,535.9
EDBL,8/12/2015,603.0,628.0,605.0,628.0,4.15,1418.0,683.4,535.9
EDBL,8/13/2015,628.0,640.0,625.0,635.0,1.11,2537.0,683.4,535.9
EDBL,8/16/2015,635.0,625.0,620.0,625.0,-1.57,551.0,683.4,535.9
EDBL,8/19/2015,625.0,637.0,637.0,637.0,1.92,100.0,683.4,535.9
EDBL,8/24/2015,637.0,661.0,649.0,661.0,3.77,20.0,683.4,535.9
EDBL,8/25/2015,661.0,674.0,674.0,674.0,1.97,100.0,683.4,535.9
EDBL,8/27/2015,674.0,728.0,687.0,728.0,8.01,269.0,683.4,535.9
EDBL,9/1/2015,728.0,755.0,742.0,755.0,3.71,100.0,683.4,535.9
EDBL,9/14/2015,755.0,740.0,699.0,726.0,-3.84,1600.0,683.4,535.9
EDBL,9/15/2015,726.0,725.0,720.0,725.0,-0.14,1100.0,683.4,535.9
EDBL,9/16/2015,725.0,711.0,711.0,711.0,-1.93,228.0,683.4,535.9
EDBL,9/17/2015,711.0,705.0,700.0,700.0,-1.55,450.0,683.4,535.9
EDBL,10/14/2015,700.0,714.0,700.0,700.0,0.0,160.0,683.4,535.9
EDBL,10/19/2015,700.0,686.0,660.0,660.0,-5.71,346.0,683.4,535.9
EDBL,10/29/2015,660.0,647.0,647.0,647.0,-1.97,35.0,683.4,535.9
EDBL,11/5/2015,647.0,640.0,640.0,640.0,-1.08,135.0,683.4,535.9
EDBL,11/8/2015,640.0,652.0,645.0,645.0,0.78,500.0,683.4,535.9
EDBL,11/10/2015,645.0,635.0,626.0,626.0,-2.95,1058.0,683.4,535.9
EDBL,11/29/2015,626.0,614.0,614.0,614.0,-1.92,202.0,683.4,535.9
EDBL,12/1/2015,614.0,602.0,590.0,590.0,-3.91,1250.0,683.4,535.9
EDBL,12/2/2015,590.0,583.0,583.0,583.0,-1.19,3454.0,683.4,535.9
EDBL,12/3/2015,583.0,590.0,580.0,580.0,-0.51,300.0,683.4,535.9
EDBL,12/6/2015,580.0,591.0,583.0,590.0,1.72,161.0,683.4,535.9
EDBL,12/7/2015,590.0,598.0,587.0,598.0,1.36,2600.0,683.4,535.9
EDBL,12/8/2015,598.0,615.0,592.0,615.0,2.84,1220.0,683.4,535.9
EDBL,12/9/2015,615.0,639.0,615.0,639.0,3.9,560.0,683.4,535.9
EDBL,12/13/2015,639.0,627.0,603.0,603.0,-5.63,2538.0,683.4,535.9
EDBL,12/14/2015,603.0,612.0,590.0,612.0,1.49,2903.0,683.4,535.9
EDBL,12/15/2015,612.0,610.0,610.0,610.0,-0.33,100.0,683.4,535.9
EDBL,12/16/2015,610.0,600.0,588.0,590.0,-3.28,3464.0,683.4,535.9
EDBL,12/20/2015,590.0,628.0,601.0,628.0,6.44,1596.0,683.4,535.9
EDBL,12/21/2015,628.0,668.0,635.0,668.0,6.37,2836.0,683.4,535.9
EDBL,12/22/2015,668.0,681.0,650.0,650.0,-2.69,903.0,683.4,535.9
EDBL,12/23/2015,650.0,650.0,650.0,650.0,0.0,500.0,683.4,535.9
EDBL,12/27/2015,650.0,649.0,649.0,649.0,-0.15,506.0,683.4,535.9
EDBL,12/29/2015,649.0,661.0,650.0,661.0,1.85,1400.0,683.4,535.9
EDBL,12/31/2015,661.0,690.0,674.0,690.0,4.39,920.0,683.4,535.9
EDBL,1/3/2016,690.0,734.0,702.0,734.0,6.38,2660.0,683.4,535.9
EDBL,1/4/2016,734.0,754.0,731.0,741.0,0.95,2834.0,683.4,535.9
EDBL,1/5/2016,741.0,740.0,727.0,734.0,-0.94,3329.0,683.4,535.9
EDBL,1/6/2016,734.0,731.0,725.0,725.0,-1.23,395.0,683.4,535.9
EDBL,1/7/2016,725.0,724.0,710.0,724.0,-0.14,2033.0,683.4,535.9
EDBL,1/10/2016,724.0,715.0,710.0,714.0,-1.38,1021.0,683.4,535.9
EDBL,1/11/2016,714.0,715.0,701.0,702.0,-1.68,1800.0,683.4,535.9
EDBL,1/12/2016,578.0,600.0,589.0,590.0,-15.95,244.0,683.4,535.9
EDBL,1/13/2016,590.0,603.0,592.0,603.0,2.2,1211.0,683.4,535.9
EDBL,1/17/2016,603.0,615.0,615.0,615.0,1.99,10.0,683.4,535.9
EDBL,1/18/2016,615.0,650.0,625.0,650.0,5.69,1476.0,683.4,535.9
EDBL,1/19/2016,650.0,662.0,641.0,650.0,0.0,937.0,683.4,535.9
EDBL,1/24/2016,650.0,645.0,645.0,645.0,-0.77,100.0,683.4,535.9
EDBL,1/25/2016,645.0,641.0,635.0,635.0,-1.55,1100.0,683.4,535.9
EDBL,1/26/2016,635.0,635.0,635.0,635.0,0.0,100.0,683.4,535.9
EDBL,2/2/2016,635.0,635.0,611.0,623.0,-1.89,3450.0,683.4,535.9
EDBL,2/3/2016,623.0,630.0,620.0,620.0,-0.48,943.0,683.4,535.9
EDBL,2/4/2016,620.0,666.0,608.0,666.0,7.42,2626.0,683.4,535.9
EDBL,2/7/2016,666.0,691.0,678.0,691.0,3.75,1516.0,683.4,535.9
EDBL,2/8/2016,691.0,700.0,665.0,670.0,-3.04,2560.0,683.4,535.9
EDBL,2/11/2016,670.0,657.0,657.0,657.0,-1.94,450.0,683.4,535.9
EDBL,2/14/2016,657.0,660.0,650.0,650.0,-1.07,576.0,683.4,535.9
EDBL,2/15/2016,650.0,637.0,637.0,637.0,-2.0,100.0,683.4,535.9
EDBL,2/16/2016,637.0,645.0,637.0,645.0,1.26,795.0,683.4,535.9
EDBL,2/17/2016,645.0,667.0,648.0,667.0,3.41,2159.0,683.4,535.9
EDBL,2/18/2016,667.0,670.0,669.0,670.0,0.45,1489.0,683.4,535.9
EDBL,2/21/2016,670.0,670.0,670.0,670.0,0.0,600.0,683.4,535.9
EDBL,2/22/2016,670.0,680.0,670.0,680.0,1.49,276.0,683.4,535.9
EDBL,2/23/2016,680.0,693.0,680.0,680.0,0.0,100.0,683.4,535.9
EDBL,2/24/2016,680.0,693.0,693.0,693.0,1.91,50.0,683.4,535.9
EDBL,2/25/2016,693.0,680.0,680.0,680.0,-1.88,153.0,683.4,535.9
EDBL,2/29/2016,680.0,667.0,667.0,667.0,-1.91,100.0,683.4,535.9
EDBL,3/1/2016,667.0,664.0,654.0,664.0,-0.45,1125.0,683.4,535.9
EDBL,3/3/2016,664.0,675.0,665.0,675.0,1.66,542.0,683.4,535.9
EDBL,3/6/2016,675.0,679.0,670.0,670.0,-0.74,301.0,683.4,535.9
EDBL,3/10/2016,670.0,680.0,680.0,680.0,1.49,700.0,683.4,535.9
EDBL,3/13/2016,680.0,730.0,690.0,700.0,2.94,3757.0,683.4,535.9
EDBL,3/14/2016,700.0,718.0,700.0,700.0,0.0,1817.0,683.4,535.9
EDBL,3/15/2016,700.0,692.0,689.0,692.0,-1.14,400.0,683.4,535.9
EDBL,3/16/2016,692.0,687.0,685.0,687.0,-0.72,970.0,683.4,535.9
EDBL,3/17/2016,687.0,693.0,680.0,693.0,0.87,1618.0,683.4,535.9
EDBL,3/20/2016,693.0,690.0,690.0,690.0,-0.43,250.0,683.4,535.9
EDBL,3/21/2016,690.0,698.0,685.0,698.0,1.16,271.0,683.4,535.9
EDBL,3/23/2016,698.0,710.0,695.0,695.0,-0.43,450.0,683.4,535.9
EDBL,3/24/2016,695.0,685.0,682.0,685.0,-1.44,783.0,683.4,535.9
EDBL,3/27/2016,685.0,690.0,672.0,690.0,0.73,733.0,683.4,535.9
EDBL,3/28/2016,690.0,704.0,681.0,704.0,2.03,9746.0,683.4,535.9
EDBL,3/29/2016,559.0,718.0,570.0,570.0,-19.03,110.0,683.4,535.9
EDBL,3/30/2016,570.0,570.0,550.0,550.0,-3.51,767.0,683.4,535.9
EDBL,3/31/2016,550.0,539.0,529.0,532.0,-3.27,753.0,683.4,535.9
EDBL,4/3/2016,532.0,530.0,520.0,520.0,-2.26,1578.0,683.4,535.9
EDBL,4/4/2016,520.0,555.0,528.0,555.0,6.73,2805.0,683.4,535.9
EDBL,4/5/2016,555.0,574.0,565.0,570.0,2.7,790.0,683.4,535.9
EDBL,4/6/2016,570.0,560.0,560.0,560.0,-1.75,120.0,683.4,535.9
EDBL,4/10/2016,560.0,560.0,560.0,560.0,0.0,153.0,683.4,535.9
EDBL,4/11/2016,560.0,560.0,560.0,560.0,0.0,1303.0,683.4,535.9
EDBL,4/12/2016,560.0,565.0,558.0,560.0,0.0,2780.0,683.4,535.9
EDBL,4/14/2016,560.0,585.0,570.0,585.0,4.46,1285.0,683.4,535.9
EDBL,4/18/2016,585.0,596.0,585.0,590.0,0.85,1791.0,683.4,535.9
EDBL,4/19/2016,590.0,586.0,586.0,586.0,-0.68,308.0,683.4,535.9
EDBL,4/20/2016,586.0,594.0,590.0,594.0,1.37,2044.0,683.4,535.9
EDBL,4/21/2016,594.0,600.0,575.0,580.0,-2.36,2150.0,683.4,535.9
EDBL,4/24/2016,580.0,596.0,585.0,596.0,2.76,457.0,683.4,535.9
EDBL,4/25/2016,596.0,610.0,600.0,600.0,0.67,7096.0,683.4,535.9
EDBL,4/26/2016,600.0,605.0,596.0,597.0,-0.5,2288.0,683.4,535.9
EDBL,4/27/2016,597.0,605.0,595.0,595.0,-0.34,2295.0,683.4,535.9
EDBL,4/28/2016,595.0,607.0,600.0,604.0,1.51,2651.0,683.4,535.9
EDBL,5/2/2016,604.0,612.0,600.0,612.0,1.32,3364.0,683.4,535.9
EDBL,5/3/2016,612.0,612.0,608.0,612.0,0.0,440.0,683.4,535.9
EDBL,5/4/2016,612.0,612.0,600.0,605.0,-1.14,650.0,683.4,535.9
EDBL,5/5/2016,605.0,595.0,595.0,595.0,-1.65,200.0,683.4,535.9
EDBL,5/8/2016,595.0,612.0,600.0,612.0,2.86,40.0,683.4,535.9
EDBL,5/9/2016,612.0,602.0,595.0,600.0,-1.96,2145.0,683.4,535.9
EDBL,5/10/2016,600.0,602.0,600.0,600.0,0.0,230.0,683.4,535.9
EDBL,5/11/2016,600.0,600.0,600.0,600.0,0.0,400.0,683.4,535.9
EDBL,5/12/2016,600.0,601.0,588.0,589.0,-1.83,2400.0,683.4,535.9
EDBL,5/15/2016,589.0,585.0,581.0,585.0,-0.68,1270.0,683.4,535.9
EDBL,5/16/2016,585.0,600.0,590.0,598.0,2.22,1732.0,683.4,535.9
EDBL,5/17/2016,598.0,600.0,595.0,600.0,0.33,1184.0,683.4,535.9
EDBL,5/18/2016,600.0,608.0,601.0,602.0,0.33,1327.0,683.4,535.9
EDBL,5/19/2016,602.0,605.0,590.0,605.0,0.5,651.0,683.4,535.9
EDBL,5/22/2016,605.0,605.0,595.0,605.0,0.0,1666.0,683.4,535.9
EDBL,5/23/2016,605.0,605.0,593.0,604.0,-0.17,1526.0,683.4,535.9
EDBL,5/24/2016,604.0,640.0,601.0,640.0,5.96,4127.0,683.4,535.9
EDBL,5/25/2016,640.0,678.0,636.0,650.0,1.56,4544.0,683.4,535.9
EDBL,5/26/2016,650.0,660.0,635.0,660.0,1.54,1498.0,683.4,535.9
EDBL,5/29/2016,660.0,660.0,647.0,647.0,-1.97,1290.0,683.4,535.9
EDBL,5/30/2016,647.0,657.0,632.0,632.0,-2.32,1796.0,683.4,535.9
EDBL,6/1/2016,632.0,659.0,635.0,640.0,1.27,1220.0,683.4,535.9
EDBL,6/2/2016,640.0,635.0,630.0,630.0,-1.56,355.0,683.4,535.9
EDBL,6/5/2016,630.0,618.0,606.0,606.0,-3.81,200.0,683.4,535.9
EDBL,6/6/2016,606.0,640.0,618.0,632.0,4.29,935.0,683.4,535.9
EDBL,6/7/2016,632.0,640.0,632.0,632.0,0.0,1860.0,683.4,535.9
EDBL,6/8/2016,632.0,647.0,627.0,636.0,0.63,445.0,683.4,535.9
EDBL,6/9/2016,636.0,640.0,640.0,640.0,0.63,500.0,683.4,535.9
EDBL,6/12/2016,640.0,640.0,630.0,640.0,0.0,380.0,683.4,535.9
EDBL,6/13/2016,640.0,650.0,637.0,638.0,-0.31,1687.0,683.4,535.9
EDBL,6/14/2016,638.0,642.0,632.0,632.0,-0.94,1201.0,683.4,535.9
EDBL,6/15/2016,632.0,635.0,632.0,632.0,0.0,2932.0,683.4,535.9
EDBL,6/16/2016,632.0,636.0,625.0,636.0,0.63,803.0,683.4,535.9
EDBL,6/19/2016,636.0,636.0,624.0,630.0,-0.94,759.0,683.4,535.9
EDBL,6/21/2016,630.0,625.0,620.0,620.0,-1.59,1347.0,683.4,535.9
EDBL,6/22/2016,620.0,632.0,620.0,620.0,0.0,657.0,683.4,535.9
EDBL,6/23/2016,620.0,642.0,630.0,642.0,3.55,1212.0,683.4,535.9
EDBL,6/26/2016,642.0,680.0,649.0,680.0,5.92,4209.0,683.4,535.9
EDBL,6/27/2016,680.0,734.0,667.0,734.0,7.94,9110.0,683.4,535.9
EDBL,6/28/2016,734.0,765.0,721.0,721.0,-1.77,4055.0,683.4,535.9
EDBL,6/29/2016,721.0,720.0,688.0,688.0,-4.58,1050.0,683.4,535.9
EDBL,6/30/2016,688.0,700.0,680.0,700.0,1.74,550.0,683.4,535.9
EDBL,7/3/2016,700.0,714.0,690.0,690.0,-1.43,3800.0,683.4,535.9
EDBL,7/4/2016,690.0,703.0,689.0,699.0,1.3,4711.0,683.4,535.9
EDBL,7/5/2016,699.0,700.0,690.0,700.0,0.14,532.0,683.4,535.9
EDBL,7/6/2016,700.0,705.0,699.0,704.0,0.57,3608.0,683.4,535.9
EDBL,7/10/2016,704.0,705.0,700.0,702.0,-0.28,3129.0,683.4,535.9
EDBL,7/11/2016,702.0,702.0,692.0,699.0,-0.43,819.0,683.4,535.9
EDBL,7/12/2016,699.0,700.0,686.0,690.0,-1.29,1669.0,683.4,535.9
EDBL,7/13/2016,690.0,703.0,677.0,703.0,1.88,1591.0,683.4,535.9
EDBL,7/14/2016,703.0,710.0,696.0,696.0,-1.0,204.0,683.4,535.9
EDBL,7/17/2016,696.0,712.0,696.0,712.0,2.3,3292.0,683.4,535.9
EDBL,7/18/2016,712.0,720.0,712.0,712.0,0.0,1158.0,683.4,535.9
EDBL,7/19/2016,712.0,754.0,720.0,739.0,3.79,2235.0,683.4,535.9
EDBL,7/20/2016,739.0,753.0,725.0,753.0,1.89,1319.0,683.4,535.9
EDBL,7/21/2016,753.0,750.0,736.0,741.0,-1.59,399.0,683.4,535.9
EDBL,7/25/2016,741.0,810.0,750.0,805.0,8.64,4553.0,683.4,535.9
EDBL,7/26/2016,805.0,820.0,786.0,820.0,1.86,4094.0,683.4,535.9
EDBL,7/27/2016,820.0,895.0,825.0,878.0,7.07,4766.0,683.4,535.9
EDBL,7/28/2016,878.0,875.0,814.0,830.0,-5.47,3158.0,683.4,535.9
EDBL,7/31/2016,830.0,840.0,814.0,824.0,-0.72,4609.0,683.4,535.9
EDBL,8/1/2016,824.0,810.0,796.0,800.0,-2.91,1923.0,683.4,535.9
EDBL,8/2/2016,800.0,805.0,775.0,800.0,0.0,1350.0,683.4,535.9
EDBL,8/3/2016,800.0,800.0,800.0,800.0,0.0,100.0,683.4,535.9
EDBL,8/4/2016,800.0,800.0,765.0,765.0,-4.37,1033.0,683.4,535.9
EDBL,8/7/2016,765.0,790.0,764.0,764.0,-0.13,3106.0,683.4,535.9
EDBL,8/8/2016,764.0,749.0,749.0,749.0,-1.96,50.0,683.4,535.9
EDBL,8/10/2016,749.0,793.0,763.0,770.0,2.8,1574.0,683.4,535.9
EDBL,8/11/2016,770.0,784.0,775.0,784.0,1.82,194.0,683.4,535.9
EDBL,8/15/2016,784.0,778.0,754.0,754.0,-3.83,285.0,683.4,535.9
EDBL,8/16/2016,754.0,754.0,745.0,754.0,0.0,1077.0,683.4,535.9
EDBL,8/17/2016,754.0,780.0,769.0,780.0,3.45,294.0,683.4,535.9
EDBL,8/21/2016,780.0,780.0,780.0,780.0,0.0,50.0,683.4,535.9
EDBL,8/22/2016,780.0,772.0,760.0,760.0,-2.56,130.0,683.4,535.9
EDBL,8/23/2016,760.0,790.0,760.0,790.0,3.95,47.0,683.4,535.9
EDBL,8/24/2016,790.0,795.0,790.0,790.0,0.0,20.0,683.4,535.9
EDBL,8/28/2016,790.0,775.0,762.0,762.0,-3.54,2441.0,683.4,535.9
EDBL,8/29/2016,762.0,765.0,750.0,765.0,0.39,2328.0,683.4,535.9
EDBL,8/30/2016,765.0,770.0,761.0,765.0,0.0,3106.0,683.4,535.9
EDBL,8/31/2016,765.0,764.0,760.0,760.0,-0.65,1200.0,683.4,535.9
EDBL,9/1/2016,760.0,770.0,745.0,770.0,1.32,1494.0,683.4,535.9
EDBL,9/5/2016,770.0,770.0,760.0,768.0,-0.26,1666.0,683.4,535.9
EDBL,9/6/2016,768.0,755.0,755.0,755.0,-1.69,100.0,683.4,535.9
EDBL,9/7/2016,755.0,770.0,755.0,755.0,0.0,1000.0,683.4,535.9
EDBL,9/8/2016,755.0,750.0,750.0,750.0,-0.66,105.0,683.4,535.9
EDBL,9/11/2016,750.0,755.0,735.0,735.0,-2.0,2474.0,683.4,535.9
EDBL,9/12/2016,735.0,741.0,737.0,737.0,0.27,2034.0,683.4,535.9
EDBL,9/14/2016,737.0,740.0,735.0,736.0,-0.14,2362.0,683.4,535.9
EDBL,9/18/2016,736.0,750.0,750.0,750.0,1.9,1000.0,683.4,535.9
EDBL,9/20/2016,750.0,735.0,721.0,721.0,-3.87,810.0,683.4,535.9
EDBL,9/21/2016,721.0,745.0,725.0,730.0,1.25,1051.0,683.4,535.9
EDBL,9/22/2016,730.0,733.0,733.0,733.0,0.41,1000.0,683.4,535.9
EDBL,9/26/2016,733.0,735.0,720.0,735.0,0.27,2196.0,683.4,535.9
EDBL,9/27/2016,735.0,721.0,720.0,720.0,-2.04,1500.0,683.4,535.9
EDBL,9/28/2016,720.0,734.0,720.0,720.0,0.0,619.0,683.4,535.9
EDBL,9/29/2016,720.0,720.0,700.0,700.0,-2.78,692.0,683.4,535.9
EDBL,10/2/2016,700.0,710.0,706.0,710.0,1.43,249.0,683.4,535.9
EDBL,10/4/2016,710.0,726.0,710.0,726.0,2.25,485.0,683.4,535.9
EDBL,10/5/2016,726.0,721.0,719.0,720.0,-0.83,2249.0,683.4,535.9
EDBL,10/6/2016,720.0,720.0,720.0,720.0,0.0,723.0,683.4,535.9
EDBL,10/17/2016,720.0,710.0,710.0,710.0,-1.39,526.0,683.4,535.9
EDBL,10/20/2016,710.0,705.0,691.0,700.0,-1.41,1426.0,683.4,535.9
EDBL,10/23/2016,700.0,700.0,677.0,700.0,0.0,1257.0,683.4,535.9
EDBL,10/24/2016,700.0,695.0,693.0,695.0,-0.71,518.0,683.4,535.9
EDBL,10/25/2016,695.0,695.0,685.0,690.0,-0.72,2754.0,683.4,535.9
EDBL,10/26/2016,690.0,685.0,680.0,680.0,-1.45,3636.0,683.4,535.9
EDBL,10/27/2016,680.0,685.0,680.0,685.0,0.74,5300.0,683.4,535.9
EDBL,11/3/2016,685.0,685.0,685.0,685.0,0.0,238.0,683.4,535.9
EDBL,11/7/2016,685.0,686.0,685.0,686.0,0.15,340.0,683.4,535.9
EDBL,11/8/2016,686.0,680.0,680.0,680.0,-0.87,61.0,683.4,535.9
EDBL,11/9/2016,680.0,667.0,667.0,667.0,-1.91,694.0,683.4,535.9
EDBL,11/10/2016,667.0,680.0,665.0,665.0,-0.3,339.0,683.4,535.9
EDBL,11/13/2016,665.0,675.0,665.0,667.0,0.3,2298.0,683.4,535.9
EDBL,11/14/2016,667.0,665.0,665.0,665.0,-0.3,82.0,683.4,535.9
EDBL,11/15/2016,665.0,675.0,668.0,675.0,1.5,1971.0,683.4,535.9
EDBL,11/16/2016,675.0,671.0,662.0,671.0,-0.59,120.0,683.4,535.9
EDBL,11/17/2016,671.0,661.0,660.0,660.0,-1.64,269.0,683.4,535.9
EDBL,11/20/2016,660.0,647.0,611.0,612.0,-7.27,3205.0,683.4,535.9
EDBL,11/21/2016,612.0,613.0,599.0,613.0,0.16,713.0,683.4,535.9
EDBL,11/22/2016,613.0,605.0,584.0,584.0,-4.73,1787.0,683.4,535.9
EDBL,11/24/2016,584.0,575.0,571.0,571.0,-2.23,909.0,683.4,535.9
EDBL,11/27/2016,571.0,569.0,528.0,528.0,-7.53,3733.0,683.4,535.9
EDBL,11/28/2016,528.0,518.0,498.0,518.0,-1.89,2108.0,683.4,535.9
EDBL,11/29/2016,518.0,528.0,528.0,528.0,1.93,10.0,683.4,535.9
EDBL,11/30/2016,528.0,579.0,538.0,579.0,9.66,2522.0,683.4,535.9
EDBL,12/1/2016,579.0,636.0,590.0,613.0,5.87,1324.0,683.4,535.9
EDBL,12/4/2016,613.0,620.0,602.0,602.0,-1.79,1500.0,683.4,535.9
EDBL,12/5/2016,602.0,605.0,582.0,582.0,-3.32,1988.0,683.4,535.9
EDBL,12/6/2016,582.0,582.0,560.0,582.0,0.0,976.0,683.4,535.9
EDBL,12/8/2016,582.0,593.0,571.0,593.0,1.89,628.0,683.4,535.9
EDBL,12/11/2016,593.0,582.0,575.0,575.0,-3.04,760.0,683.4,535.9
EDBL,12/12/2016,575.0,576.0,561.0,576.0,0.17,350.0,683.4,535.9
EDBL,12/14/2016,576.0,580.0,580.0,580.0,0.69,50.0,683.4,535.9
EDBL,12/15/2016,580.0,591.0,579.0,591.0,1.9,172.0,683.4,535.9
EDBL,12/18/2016,591.0,580.0,580.0,580.0,-1.86,500.0,683.4,535.9
EDBL,12/19/2016,580.0,589.0,578.0,585.0,0.86,700.0,683.4,535.9
EDBL,12/20/2016,585.0,576.0,574.0,576.0,-1.54,280.0,683.4,535.9
EDBL,12/21/2016,576.0,570.0,570.0,570.0,-1.04,60.0,683.4,535.9
EDBL,12/22/2016,570.0,594.0,565.0,594.0,4.21,2171.0,683.4,535.9
EDBL,12/26/2016,594.0,595.0,572.0,572.0,-3.7,2710.0,683.4,535.9
EDBL,12/27/2016,572.0,561.0,561.0,561.0,-1.92,200.0,683.4,535.9
EDBL,12/28/2016,561.0,570.0,570.0,570.0,1.6,20.0,683.4,535.9
EDBL,12/29/2016,570.0,581.0,573.0,581.0,1.93,403.0,683.4,535.9
EDBL,1/1/2017,581.0,592.0,582.0,585.0,0.69,1350.0,683.4,535.9
EDBL,1/2/2017,585.0,595.0,581.0,591.0,1.03,1292.0,683.4,535.9
EDBL,1/3/2017,591.0,606.0,587.0,592.0,0.17,2167.0,683.4,535.9
EDBL,1/4/2017,592.0,602.0,590.0,602.0,1.69,1813.0,683.4,535.9
EDBL,1/5/2017,602.0,591.0,590.0,590.0,-1.99,251.0,683.4,535.9
EDBL,1/8/2017,590.0,585.0,575.0,575.0,-2.54,260.0,683.4,535.9
EDBL,1/9/2017,575.0,575.0,570.0,571.0,-0.7,720.0,683.4,535.9
EDBL,1/10/2017,571.0,577.0,565.0,571.0,0.0,4794.0,683.4,535.9
EDBL,1/15/2017,571.0,560.0,555.0,555.0,-2.8,223.0,683.4,535.9
EDBL,1/16/2017,555.0,566.0,565.0,565.0,1.8,475.0,683.4,535.9
EDBL,1/18/2017,565.0,576.0,575.0,576.0,1.95,249.0,683.4,535.9
EDBL,1/19/2017,576.0,595.0,584.0,584.0,1.39,1982.0,683.4,535.9
EDBL,1/22/2017,584.0,599.0,588.0,599.0,2.57,822.0,683.4,535.9
EDBL,1/23/2017,599.0,588.0,577.0,580.0,-3.17,381.0,683.4,535.9
EDBL,1/24/2017,580.0,591.0,570.0,570.0,-1.72,363.0,683.4,535.9
EDBL,1/25/2017,570.0,560.0,550.0,556.0,-2.46,482.0,683.4,535.9
EDBL,1/26/2017,556.0,550.0,528.0,541.0,-2.7,1247.0,683.4,535.9
EDBL,1/30/2017,541.0,542.0,542.0,542.0,0.18,19.0,683.4,535.9
EDBL,1/31/2017,542.0,532.0,530.0,530.0,-2.21,379.0,683.4,535.9
EDBL,2/1/2017,530.0,550.0,535.0,550.0,3.77,420.0,683.4,535.9
EDBL,2/2/2017,550.0,539.0,539.0,539.0,-2.0,88.0,683.4,535.9
EDBL,2/6/2017,539.0,540.0,540.0,540.0,0.19,152.0,683.4,535.9
EDBL,2/8/2017,540.0,540.0,525.0,525.0,-2.78,1635.0,683.4,535.9
EDBL,2/9/2017,525.0,521.0,515.0,517.0,-1.52,1015.0,683.4,535.9
EDBL,2/12/2017,517.0,530.0,511.0,511.0,-1.16,2276.0,683.4,535.9
EDBL,2/13/2017,511.0,501.0,485.0,488.0,-4.5,2482.0,683.4,535.9
EDBL,2/14/2017,488.0,499.0,490.0,499.0,2.25,300.0,683.4,535.9
EDBL,2/15/2017,499.0,520.0,495.0,520.0,4.21,1952.0,683.4,535.9
EDBL,2/16/2017,520.0,550.0,530.0,550.0,5.77,414.0,683.4,535.9
EDBL,2/19/2017,550.0,572.0,550.0,572.0,4.0,903.0,683.4,535.9
EDBL,2/20/2017,572.0,572.0,572.0,572.0,0.0,100.0,683.4,535.9
EDBL,2/21/2017,572.0,606.0,580.0,606.0,5.94,4500.0,683.4,535.9
EDBL,2/22/2017,606.0,615.0,591.0,600.0,-0.99,6576.0,683.4,535.9
EDBL,2/23/2017,600.0,603.0,597.0,597.0,-0.5,1052.0,683.4,535.9
EDBL,2/26/2017,597.0,615.0,597.0,615.0,3.02,849.0,683.4,535.9
EDBL,2/28/2017,615.0,615.0,605.0,606.0,-1.46,2200.0,683.4,535.9
EDBL,3/1/2017,606.0,620.0,618.0,620.0,2.31,236.0,683.4,535.9
EDBL,3/2/2017,620.0,635.0,620.0,635.0,2.42,1452.0,683.4,535.9
EDBL,3/5/2017,635.0,647.0,635.0,645.0,1.57,1466.0,683.4,535.9
EDBL,3/6/2017,645.0,661.0,650.0,652.0,1.09,2347.0,683.4,535.9
EDBL,3/7/2017,652.0,641.0,639.0,640.0,-1.84,250.0,683.4,535.9
EDBL,3/9/2017,640.0,645.0,630.0,635.0,-0.78,262.0,683.4,535.9
EDBL,3/13/2017,635.0,642.0,637.0,639.0,0.63,665.0,683.4,535.9
EDBL,3/14/2017,639.0,664.0,639.0,639.0,0.0,1466.0,683.4,535.9
EDBL,3/15/2017,639.0,639.0,625.0,639.0,0.0,416.0,683.4,535.9
EDBL,3/16/2017,639.0,651.0,627.0,640.0,0.16,3499.0,683.4,535.9
EDBL,3/19/2017,640.0,652.0,630.0,650.0,1.56,5484.0,683.4,535.9
EDBL,3/20/2017,520.0,522.0,515.0,515.0,-20.77,1800.0,683.4,535.9
EDBL,3/21/2017,515.0,545.0,506.0,545.0,5.83,1602.0,683.4,535.9
EDBL,3/22/2017,545.0,576.0,545.0,576.0,5.69,1082.0,683.4,535.9
EDBL,3/23/2017,576.0,587.0,565.0,575.0,-0.17,618.0,683.4,535.9
EDBL,3/26/2017,575.0,600.0,581.0,600.0,4.35,2714.0,683.4,535.9
EDBL,3/28/2017,600.0,625.0,610.0,625.0,4.17,1151.0,683.4,535.9
EDBL,3/29/2017,625.0,636.0,625.0,636.0,1.76,450.0,683.4,535.9
EDBL,3/30/2017,636.0,633.0,613.0,613.0,-3.62,850.0,683.4,535.9
EDBL,4/2/2017,613.0,644.0,600.0,644.0,5.06,3723.0,683.4,535.9
EDBL,4/3/2017,644.0,669.0,643.0,643.0,-0.16,2320.0,683.4,535.9
EDBL,4/4/2017,643.0,643.0,619.0,643.0,0.0,2620.0,683.4,535.9
EDBL,4/6/2017,643.0,635.0,619.0,619.0,-3.73,1186.0,683.4,535.9
EDBL,4/9/2017,619.0,622.0,600.0,615.0,-0.65,2507.0,683.4,535.9
EDBL,4/10/2017,615.0,615.0,610.0,610.0,-0.81,190.0,683.4,535.9
EDBL,4/11/2017,610.0,623.0,610.0,623.0,2.13,654.0,683.4,535.9
EDBL,4/12/2017,623.0,635.0,611.0,623.0,0.0,2000.0,683.4,535.9
EDBL,4/13/2017,623.0,635.0,620.0,620.0,-0.48,2212.0,683.4,535.9
EDBL,4/16/2017,620.0,620.0,610.0,610.0,-1.61,1763.0,683.4,535.9
EDBL,4/18/2017,610.0,612.0,600.0,600.0,-1.64,2101.0,683.4,535.9
EDBL,4/19/2017,600.0,612.0,602.0,610.0,1.67,2176.0,683.4,535.9
EDBL,4/20/2017,610.0,615.0,611.0,615.0,0.82,310.0,683.4,535.9
EDBL,4/23/2017,615.0,627.0,627.0,627.0,1.95,100.0,683.4,535.9
EDBL,4/24/2017,627.0,644.0,616.0,640.0,2.07,474.0,683.4,535.9
EDBL,4/25/2017,640.0,640.0,640.0,640.0,0.0,903.0,683.4,535.9
EDBL,4/26/2017,640.0,650.0,640.0,640.0,0.0,500.0,683.4,535.9
EDBL,4/27/2017,640.0,655.0,640.0,646.0,0.94,1002.0,683.4,535.9
EDBL,4/30/2017,646.0,646.0,646.0,646.0,0.0,153.0,683.4,535.9
EDBL,5/2/2017,646.0,640.0,640.0,640.0,-0.93,1000.0,683.4,535.9
EDBL,5/3/2017,640.0,640.0,628.0,628.0,-1.88,179.0,683.4,535.9
EDBL,5/4/2017,628.0,630.0,616.0,616.0,-1.91,550.0,683.4,535.9
EDBL,5/7/2017,616.0,620.0,620.0,620.0,0.65,700.0,683.4,535.9
EDBL,5/8/2017,620.0,630.0,620.0,620.0,0.0,580.0,683.4,535.9
EDBL,5/9/2017,620.0,650.0,632.0,649.0,4.68,930.0,683.4,535.9
EDBL,5/11/2017,649.0,655.0,641.0,641.0,-1.23,2250.0,683.4,535.9
EDBL,5/15/2017,641.0,653.0,640.0,640.0,-0.16,310.0,683.4,535.9
EDBL,5/16/2017,640.0,628.0,628.0,628.0,-1.88,97.0,683.4,535.9
EDBL,5/17/2017,628.0,640.0,628.0,628.0,0.0,214.0,683.4,535.9
EDBL,5/18/2017,628.0,642.0,630.0,642.0,2.23,320.0,683.4,535.9
EDBL,5/21/2017,642.0,630.0,617.0,617.0,-3.89,417.0,683.4,535.9
EDBL,5/22/2017,617.0,620.0,612.0,612.0,-0.81,1232.0,683.4,535.9
EDBL,5/23/2017,612.0,624.0,615.0,624.0,1.96,178.0,683.4,535.9
EDBL,5/24/2017,624.0,620.0,610.0,620.0,-0.64,1291.0,683.4,535.9
EDBL,5/28/2017,620.0,627.0,625.0,627.0,1.13,161.0,683.4,535.9
EDBL,5/30/2017,627.0,630.0,625.0,625.0,-0.32,542.0,683.4,535.9
EDBL,5/31/2017,625.0,625.0,620.0,620.0,-0.8,300.0,683.4,535.9
EDBL,6/4/2017,620.0,624.0,615.0,624.0,0.65,201.0,683.4,535.9
EDBL,6/5/2017,624.0,624.0,624.0,624.0,0.0,84.0,683.4,535.9
EDBL,6/6/2017,624.0,625.0,625.0,625.0,0.16,200.0,683.4,535.9
EDBL,6/7/2017,625.0,625.0,625.0,625.0,0.0,400.0,683.4,535.9
EDBL,6/8/2017,625.0,625.0,625.0,625.0,0.0,400.0,683.4,535.9
EDBL,6/12/2017,625.0,613.0,610.0,610.0,-2.4,271.0,683.4,535.9
EDBL,6/13/2017,610.0,615.0,615.0,615.0,0.82,152.0,683.4,535.9
EDBL,6/15/2017,615.0,627.0,627.0,627.0,1.95,200.0,683.4,535.9
EDBL,6/18/2017,627.0,630.0,627.0,627.0,0.0,505.0,683.4,535.9
EDBL,6/20/2017,627.0,620.0,605.0,610.0,-2.71,1720.0,683.4,535.9
EDBL,6/21/2017,610.0,610.0,600.0,610.0,0.0,250.0,683.4,535.9
EDBL,6/22/2017,610.0,620.0,620.0,620.0,1.64,10.0,683.4,535.9
EDBL,6/25/2017,620.0,631.0,611.0,611.0,-1.45,780.0,683.4,535.9
EDBL,6/27/2017,611.0,630.0,620.0,630.0,3.11,1112.0,683.4,535.9
EDBL,6/28/2017,630.0,640.0,640.0,640.0,1.59,103.0,683.4,535.9
EDBL,7/2/2017,640.0,640.0,616.0,616.0,-3.75,650.0,683.4,535.9
EDBL,7/3/2017,616.0,628.0,620.0,621.0,0.81,1474.0,683.4,535.9
EDBL,7/4/2017,621.0,625.0,607.0,607.0,-2.25,1370.0,683.4,535.9
EDBL,7/6/2017,607.0,631.0,618.0,631.0,3.95,424.0,683.4,535.9
EDBL,7/9/2017,631.0,635.0,607.0,625.0,-0.95,2118.0,683.4,535.9
EDBL,7/10/2017,625.0,617.0,605.0,610.0,-2.4,968.0,683.4,535.9
EDBL,7/11/2017,610.0,622.0,622.0,622.0,1.97,20.0,683.4,535.9
EDBL,7/12/2017,622.0,630.0,617.0,620.0,-0.32,1869.0,683.4,535.9
EDBL,7/13/2017,620.0,624.0,615.0,624.0,0.65,1229.0,683.4,535.9
EDBL,7/16/2017,624.0,616.0,615.0,615.0,-1.44,324.0,683.4,535.9
EDBL,7/17/2017,615.0,618.0,610.0,614.0,-0.16,2528.0,683.4,535.9
EDBL,7/18/2017,614.0,625.0,611.0,611.0,-0.49,1114.0,683.4,535.9
EDBL,7/19/2017,611.0,635.0,620.0,623.0,1.96,1350.0,683.4,535.9
EDBL,7/20/2017,623.0,627.0,615.0,625.0,0.32,1915.0,683.4,535.9
EDBL,7/23/2017,625.0,630.0,620.0,630.0,0.8,1268.0,683.4,535.9
EDBL,7/24/2017,630.0,632.0,629.0,630.0,0.0,2193.0,683.4,535.9
EDBL,7/25/2017,630.0,640.0,629.0,630.0,0.0,2328.0,683.4,535.9
EDBL,7/26/2017,630.0,640.0,618.0,637.0,1.11,8796.0,683.4,535.9
EDBL,7/27/2017,637.0,640.0,630.0,630.0,-1.1,2400.0,683.4,535.9
EDBL,7/30/2017,630.0,630.0,620.0,630.0,0.0,744.0,683.4,535.9
EDBL,7/31/2017,630.0,623.0,620.0,622.0,-1.27,1163.0,683.4,535.9
EDBL,8/1/2017,622.0,658.0,625.0,658.0,5.79,4989.0,683.4,535.9
EDBL,8/2/2017,658.0,675.0,650.0,667.0,1.37,24126.0,683.4,535.9
EDBL,8/3/2017,667.0,689.0,674.0,676.0,1.35,5701.0,683.4,535.9
EDBL,8/6/2017,676.0,721.0,674.0,704.0,4.14,12619.0,683.4,535.9
EDBL,8/7/2017,704.0,750.0,707.0,742.0,5.4,24014.0,683.4,535.9
EDBL,8/9/2017,742.0,745.0,716.0,720.0,-2.96,4980.0,683.4,535.9
EDBL,8/10/2017,720.0,718.0,705.0,705.0,-2.08,4253.0,683.4,535.9
EDBL,8/13/2017,705.0,719.0,710.0,714.0,1.28,980.0,683.4,535.9
EDBL,8/15/2017,714.0,710.0,691.0,705.0,-1.26,2986.0,683.4,535.9
EDBL,8/16/2017,705.0,719.0,701.0,701.0,-0.57,2180.0,683.4,535.9
EDBL,8/17/2017,701.0,710.0,692.0,706.0,0.71,1431.0,683.4,535.9
EDBL,8/20/2017,706.0,710.0,701.0,701.0,-0.71,7132.0,683.4,535.9
EDBL,8/21/2017,701.0,709.0,700.0,701.0,0.0,8580.0,683.4,535.9
EDBL,8/22/2017,701.0,710.0,698.0,698.0,-0.43,1548.0,683.4,535.9
EDBL,8/23/2017,698.0,701.0,696.0,700.0,0.29,851.0,683.4,535.9
EDBL,8/27/2017,700.0,710.0,704.0,710.0,1.43,3186.0,683.4,535.9
EDBL,8/28/2017,710.0,724.0,699.0,699.0,-1.55,1785.0,683.4,535.9
EDBL,8/30/2017,699.0,710.0,693.0,708.0,1.29,4006.0,683.4,535.9
EDBL,8/31/2017,708.0,708.0,690.0,690.0,-2.54,4707.0,683.4,535.9
EDBL,9/4/2017,690.0,701.0,656.0,656.0,-4.93,20385.0,683.4,535.9
EDBL,9/6/2017,471.0,475.0,455.0,455.0,-30.64,5742.0,683.4,535.9
EDBL,9/7/2017,455.0,446.0,422.0,430.0,-5.49,1080.0,683.4,535.9
EDBL,9/10/2017,430.0,430.0,423.0,429.0,-0.23,1110.0,683.4,535.9
EDBL,9/11/2017,429.0,471.0,422.0,471.0,9.79,1833.0,683.4,535.9
EDBL,9/12/2017,471.0,513.0,469.0,469.0,-0.42,8091.0,683.4,535.9
EDBL,9/13/2017,469.0,471.0,455.0,471.0,0.43,1811.0,683.4,535.9
EDBL,9/14/2017,471.0,480.0,471.0,477.0,1.27,1667.0,683.4,535.9
EDBL,9/17/2017,477.0,489.0,478.0,481.0,0.84,2823.0,683.4,535.9
EDBL,9/18/2017,481.0,490.0,480.0,481.0,0.0,2140.0,683.4,535.9
EDBL,9/20/2017,481.0,480.0,475.0,475.0,-1.25,1615.0,683.4,535.9
EDBL,9/24/2017,475.0,475.0,449.0,449.0,-5.47,2400.0,683.4,535.9
EDBL,9/25/2017,449.0,441.0,441.0,441.0,-1.78,3150.0,683.4,535.9
EDBL,9/26/2017,441.0,460.0,443.0,460.0,4.31,5230.0,683.4,535.9
EDBL,10/4/2017,460.0,455.0,446.0,446.0,-3.04,1500.0,683.4,535.9
EDBL,10/8/2017,446.0,445.0,430.0,440.0,-1.35,2834.0,683.4,535.9
EDBL,10/9/2017,440.0,444.0,434.0,439.0,-0.23,3455.0,683.4,535.9
EDBL,10/10/2017,439.0,441.0,440.0,441.0,0.46,1300.0,683.4,535.9
EDBL,10/11/2017,441.0,454.0,449.0,452.0,2.49,3410.0,683.4,535.9
EDBL,10/12/2017,452.0,459.0,441.0,452.0,0.0,3510.0,683.4,535.9
EDBL,10/15/2017,452.0,468.0,455.0,465.0,2.88,2140.0,683.4,535.9
EDBL,10/16/2017,465.0,490.0,470.0,490.0,5.38,7575.0,683.4,535.9
EDBL,10/17/2017,490.0,492.0,481.0,490.0,0.0,2279.0,683.4,535.9
EDBL,10/18/2017,490.0,489.0,484.0,487.0,-0.61,2610.0,683.4,535.9
EDBL,10/22/2017,487.0,496.0,489.0,490.0,0.62,3195.0,683.4,535.9
EDBL,10/23/2017,490.0,485.0,480.0,483.0,-1.43,2280.0,683.4,535.9
EDBL,10/24/2017,483.0,485.0,484.0,484.0,0.21,790.0,683.4,535.9
EDBL,10/25/2017,484.0,490.0,487.0,489.0,1.03,2743.0,683.4,535.9
EDBL,10/29/2017,489.0,492.0,487.0,492.0,0.61,2317.0,683.4,535.9
EDBL,10/30/2017,492.0,493.0,490.0,490.0,-0.41,1047.0,683.4,535.9
EDBL,10/31/2017,490.0,489.0,485.0,489.0,-0.2,770.0,683.4,535.9
EDBL,11/1/2017,489.0,484.0,477.0,484.0,-1.02,921.0,683.4,535.9
EDBL,11/2/2017,484.0,481.0,477.0,480.0,-0.83,465.0,683.4,535.9
EDBL,11/5/2017,480.0,489.0,467.0,470.0,-2.08,2415.0,683.4,535.9
EDBL,11/6/2017,470.0,484.0,470.0,484.0,2.98,1491.0,683.4,535.9
EDBL,11/7/2017,484.0,483.0,480.0,481.0,-0.62,1380.0,683.4,535.9
EDBL,11/8/2017,481.0,480.0,468.0,478.0,-0.62,3270.0,683.4,535.9
EDBL,11/9/2017,478.0,479.0,469.0,477.0,-0.21,1328.0,683.4,535.9
EDBL,11/12/2017,477.0,492.0,477.0,492.0,3.14,4764.0,683.4,535.9
EDBL,11/13/2017,492.0,509.0,493.0,500.0,1.63,4920.0,683.4,535.9
EDBL,11/14/2017,500.0,509.0,500.0,503.0,0.6,4402.0,683.4,535.9
EDBL,11/15/2017,503.0,512.0,499.0,499.0,-0.8,5432.0,683.4,535.9
EDBL,11/16/2017,499.0,499.0,490.0,495.0,-0.8,2155.0,683.4,535.9
EDBL,11/19/2017,495.0,498.0,490.0,490.0,-1.01,4035.0,683.4,535.9
EDBL,11/20/2017,490.0,504.0,493.0,495.0,1.02,13276.0,683.4,535.9
EDBL,11/21/2017,412.0,404.0,391.0,391.0,-21.01,335.0,683.4,535.9
EDBL,11/22/2017,391.0,390.0,380.0,383.0,-2.05,2101.0,683.4,535.9
EDBL,11/23/2017,383.0,394.0,387.0,390.0,1.83,1817.0,683.4,535.9
EDBL,11/26/2017,390.0,399.0,385.0,399.0,2.31,1446.0,683.4,535.9
EDBL,11/27/2017,399.0,401.0,400.0,400.0,0.25,200.0,683.4,535.9
EDBL,11/28/2017,400.0,405.0,400.0,405.0,1.25,760.0,683.4,535.9
EDBL,11/29/2017,405.0,409.0,400.0,400.0,-1.23,2107.0,683.4,535.9
EDBL,11/30/2017,400.0,400.0,400.0,400.0,0.0,200.0,683.4,535.9
EDBL,12/4/2017,400.0,405.0,395.0,405.0,1.25,1750.0,683.4,535.9
EDBL,12/5/2017,405.0,400.0,397.0,397.0,-1.98,200.0,683.4,535.9
EDBL,12/6/2017,397.0,404.0,400.0,404.0,1.76,2140.0,683.4,535.9
EDBL,12/10/2017,404.0,418.0,400.0,400.0,-0.99,1620.0,683.4,535.9
EDBL,12/11/2017,400.0,400.0,394.0,395.0,-1.25,573.0,683.4,535.9
EDBL,12/12/2017,395.0,402.0,392.0,392.0,-0.76,538.0,683.4,535.9
EDBL,12/17/2017,392.0,390.0,390.0,390.0,-0.51,80.0,683.4,535.9
EDBL,12/18/2017,390.0,390.0,385.0,388.0,-0.51,1252.0,683.4,535.9
EDBL,12/19/2017,388.0,393.0,393.0,393.0,1.29,380.0,683.4,535.9
EDBL,12/21/2017,393.0,390.0,386.0,386.0,-1.78,145.0,683.4,535.9
EDBL,12/26/2017,386.0,380.0,375.0,375.0,-2.85,992.0,683.4,535.9
EDBL,12/27/2017,375.0,375.0,370.0,370.0,-1.33,427.0,683.4,535.9
EDBL,12/28/2017,370.0,370.0,360.0,360.0,-2.7,1105.0,683.4,535.9
EDBL,12/31/2017,360.0,365.0,360.0,365.0,1.39,318.0,683.4,535.9
EDBL,1/1/2018,365.0,377.0,370.0,377.0,3.29,710.0,683.4,535.9
EDBL,1/2/2018,377.0,389.0,384.0,389.0,3.18,738.0,683.4,535.9
EDBL,1/3/2018,389.0,390.0,383.0,383.0,-1.54,500.0,683.4,535.9
EDBL,1/4/2018,383.0,389.0,380.0,380.0,-0.78,220.0,683.4,535.9
EDBL,1/7/2018,380.0,385.0,379.0,385.0,1.32,727.0,683.4,535.9
EDBL,1/8/2018,385.0,385.0,378.0,378.0,-1.82,248.0,683.4,535.9
EDBL,1/9/2018,378.0,385.0,385.0,385.0,1.85,50.0,683.4,535.9
EDBL,1/14/2018,385.0,385.0,373.0,373.0,-3.12,995.0,683.4,535.9
EDBL,1/16/2018,373.0,370.0,360.0,360.0,-3.49,3106.0,683.4,535.9
EDBL,1/17/2018,360.0,359.0,356.0,356.0,-1.11,1466.0,683.4,535.9
EDBL,1/21/2018,356.0,358.0,351.0,352.0,-1.12,5785.0,683.4,535.9
EDBL,1/22/2018,352.0,360.0,351.0,360.0,2.27,878.0,683.4,535.9
EDBL,1/23/2018,360.0,363.0,355.0,363.0,0.83,923.0,683.4,535.9
EDBL,1/24/2018,363.0,366.0,363.0,366.0,0.83,724.0,683.4,535.9
EDBL,1/25/2018,366.0,362.0,361.0,361.0,-1.37,325.0,683.4,535.9
EDBL,1/28/2018,361.0,363.0,361.0,361.0,0.0,280.0,683.4,535.9
EDBL,1/29/2018,361.0,361.0,355.0,360.0,-0.28,2012.0,683.4,535.9
EDBL,1/31/2018,360.0,356.0,355.0,355.0,-1.39,281.0,683.4,535.9
EDBL,2/1/2018,355.0,379.0,350.0,365.0,2.82,1737.0,683.4,535.9
EDBL,2/4/2018,365.0,362.0,356.0,358.0,-1.92,4350.0,683.4,535.9
EDBL,2/7/2018,358.0,355.0,350.0,350.0,-2.23,480.0,683.4,535.9
EDBL,2/8/2018,350.0,357.0,350.0,357.0,2.0,127.0,683.4,535.9
EDBL,2/11/2018,357.0,356.0,353.0,353.0,-1.12,600.0,683.4,535.9
EDBL,2/12/2018,353.0,355.0,353.0,353.0,0.0,2050.0,683.4,535.9
EDBL,2/14/2018,353.0,359.0,351.0,359.0,1.7,1219.0,683.4,535.9
EDBL,2/15/2018,359.0,377.0,359.0,377.0,5.01,3529.0,683.4,535.9
EDBL,2/18/2018,380.0,381.0,370.0,370.0,-1.86,3280.0,683.4,535.9
EDBL,2/20/2018,363.0,364.0,363.0,363.0,-1.89,700.0,683.4,535.9
EDBL,2/21/2018,362.0,362.0,360.0,362.0,-0.28,690.0,683.4,535.9
EDBL,2/22/2018,362.0,368.0,361.0,361.0,-0.28,134.0,683.4,535.9
EDBL,2/26/2018,354.0,364.0,351.0,364.0,0.83,1089.0,683.4,535.9
EDBL,2/27/2018,357.0,357.0,353.0,353.0,-3.02,500.0,683.4,535.9
EDBL,2/28/2018,355.0,360.0,352.0,353.0,0.0,1585.0,683.4,535.9
EDBL,3/4/2018,350.0,350.0,342.0,342.0,-3.12,660.0,683.4,535.9
EDBL,3/5/2018,348.0,353.0,340.0,352.0,2.92,2729.0,683.4,535.9
EDBL,3/6/2018,348.0,353.0,341.0,343.0,-2.56,4790.0,683.4,535.9
EDBL,3/7/2018,343.0,346.0,343.0,345.0,0.58,2998.0,683.4,535.9
EDBL,3/11/2018,351.0,352.0,345.0,345.0,0.0,4130.0,683.4,535.9
EDBL,3/12/2018,345.0,345.0,345.0,345.0,0.0,63.0,683.4,535.9
EDBL,3/13/2018,345.0,345.0,345.0,345.0,0.0,12.0,683.4,535.9
EDBL,3/14/2018,351.0,351.0,350.0,350.0,1.45,700.0,683.4,535.9
EDBL,3/15/2018,352.0,360.0,352.0,354.0,1.14,1203.0,683.4,535.9
EDBL,3/18/2018,354.0,358.0,354.0,358.0,1.13,145.0,683.4,535.9
EDBL,3/19/2018,360.0,360.0,356.0,356.0,-0.56,250.0,683.4,535.9
EDBL,3/20/2018,352.0,352.0,344.0,350.0,-1.69,1281.0,683.4,535.9
EDBL,3/21/2018,350.0,350.0,335.0,335.0,-4.29,3930.0,683.4,535.9
EDBL,3/22/2018,329.0,341.0,323.0,336.0,0.3,2664.0,683.4,535.9
EDBL,3/26/2018,330.0,330.0,326.0,326.0,-2.98,513.0,683.4,535.9
EDBL,3/27/2018,321.0,337.0,320.0,335.0,2.76,902.0,683.4,535.9
EDBL,3/28/2018,329.0,340.0,329.0,341.0,1.79,2208.0,683.4,535.9
EDBL,3/29/2018,342.0,342.0,340.0,340.0,-0.29,742.0,683.4,535.9
EDBL,4/1/2018,336.0,340.0,329.0,329.0,-3.24,3494.0,683.4,535.9
EDBL,4/2/2018,325.0,330.0,325.0,330.0,0.3,311.0,683.4,535.9
EDBL,4/3/2018,334.0,334.0,327.0,327.0,-0.91,2760.0,683.4,535.9
EDBL,4/4/2018,332.0,335.0,332.0,335.0,2.45,1211.0,683.4,535.9
EDBL,4/5/2018,330.0,337.0,330.0,335.0,0.0,4817.0,683.4,535.9
EDBL,4/8/2018,341.0,353.0,341.0,341.0,1.79,3324.0,683.4,535.9
EDBL,4/9/2018,342.0,351.0,342.0,343.0,0.59,1416.0,683.4,535.9
EDBL,4/10/2018,347.0,347.0,346.0,347.0,1.17,777.0,683.4,535.9
EDBL,4/11/2018,353.0,360.0,335.0,347.0,0.0,1249.0,683.4,535.9
EDBL,4/12/2018,341.0,346.0,341.0,342.0,-1.44,1802.0,683.4,535.9
EDBL,4/15/2018,340.0,340.0,339.0,339.0,-0.88,287.0,683.4,535.9
EDBL,4/16/2018,345.0,351.0,340.0,340.0,0.29,1441.0,683.4,535.9
EDBL,4/17/2018,346.0,350.0,340.0,343.0,0.88,1765.0,683.4,535.9
EDBL,4/18/2018,349.0,356.0,345.0,356.0,3.79,2701.0,683.4,535.9
EDBL,4/19/2018,360.0,363.0,359.0,363.0,1.97,1240.0,683.4,535.9
EDBL,4/22/2018,363.0,384.0,363.0,379.0,4.41,3280.0,683.4,535.9
EDBL,4/23/2018,381.0,404.0,373.0,380.0,0.26,9011.0,683.4,535.9
EDBL,4/24/2018,380.0,380.0,366.0,371.0,-2.37,2171.0,683.4,535.9
EDBL,4/25/2018,366.0,374.0,365.0,374.0,0.81,1340.0,683.4,535.9
EDBL,4/26/2018,370.0,370.0,361.0,361.0,-3.48,1900.0,683.4,535.9
EDBL,4/29/2018,361.0,361.0,360.0,361.0,0.0,280.0,683.4,535.9
EDBL,5/2/2018,355.0,360.0,354.0,360.0,-0.28,680.0,683.4,535.9
EDBL,5/3/2018,355.0,365.0,355.0,364.0,1.11,750.0,683.4,535.9
EDBL,5/6/2018,358.0,360.0,351.0,351.0,-3.57,1000.0,683.4,535.9
EDBL,5/7/2018,352.0,355.0,345.0,345.0,-1.71,2304.0,683.4,535.9
EDBL,5/8/2018,351.0,357.0,346.0,357.0,3.48,1329.0,683.4,535.9
EDBL,5/10/2018,355.0,355.0,350.0,350.0,-1.96,180.0,683.4,535.9
EDBL,5/14/2018,345.0,350.0,344.0,345.0,-1.43,6061.0,683.4,535.9
EDBL,5/16/2018,351.0,351.0,344.0,344.0,-0.29,280.0,683.4,535.9
EDBL,5/17/2018,350.0,362.0,344.0,344.0,0.0,145.0,683.4,535.9
EDBL,5/20/2018,350.0,350.0,349.0,350.0,1.74,400.0,683.4,535.9
EDBL,5/21/2018,345.0,345.0,345.0,345.0,-1.43,100.0,683.4,535.9
EDBL,5/22/2018,345.0,345.0,345.0,345.0,0.0,152.0,683.4,535.9
EDBL,5/23/2018,350.0,351.0,348.0,351.0,1.74,887.0,683.4,535.9
EDBL,5/24/2018,355.0,355.0,348.0,348.0,-0.85,155.0,683.4,535.9
EDBL,5/27/2018,348.0,348.0,335.0,343.0,-1.44,3785.0,683.4,535.9
EDBL,5/28/2018,338.0,350.0,337.0,343.0,0.0,3027.0,683.4,535.9
EDBL,5/29/2018,349.0,355.0,349.0,349.0,1.75,310.0,683.4,535.9
EDBL,5/30/2018,345.0,351.0,339.0,339.0,-2.87,515.0,683.4,535.9
EDBL,5/31/2018,340.0,340.0,336.0,336.0,-0.88,584.0,683.4,535.9
EDBL,6/3/2018,331.0,342.0,330.0,331.0,-1.49,2665.0,683.4,535.9
EDBL,6/4/2018,327.0,327.0,327.0,327.0,-1.21,100.0,683.4,535.9
EDBL,6/6/2018,333.0,339.0,333.0,339.0,3.67,20.0,683.4,535.9
EDBL,6/7/2018,340.0,340.0,327.0,327.0,-3.54,3897.0,683.4,535.9
EDBL,6/10/2018,321.0,321.0,315.0,321.0,-1.83,13630.0,683.4,535.9
EDBL,6/11/2018,327.0,327.0,325.0,327.0,1.87,239.0,683.4,535.9
EDBL,6/12/2018,325.0,331.0,323.0,327.0,0.0,3316.0,683.4,535.9
EDBL,6/13/2018,331.0,333.0,323.0,333.0,1.83,1388.0,683.4,535.9
EDBL,6/14/2018,330.0,331.0,330.0,331.0,-0.6,61.0,683.4,535.9
EDBL,6/17/2018,325.0,325.0,319.0,319.0,-3.63,500.0,683.4,535.9
EDBL,6/18/2018,323.0,323.0,323.0,323.0,1.25,50.0,683.4,535.9
EDBL,6/19/2018,317.0,317.0,317.0,317.0,-1.86,114.0,683.4,535.9
EDBL,6/20/2018,323.0,331.0,323.0,327.0,3.15,6090.0,683.4,535.9
EDBL,6/21/2018,333.0,333.0,333.0,333.0,1.83,50.0,683.4,535.9
EDBL,6/24/2018,335.0,336.0,330.0,330.0,-0.9,910.0,683.4,535.9
EDBL,6/26/2018,330.0,333.0,326.0,326.0,-1.21,670.0,683.4,535.9
EDBL,6/27/2018,332.0,335.0,332.0,335.0,2.76,291.0,683.4,535.9
EDBL,6/28/2018,330.0,333.0,327.0,327.0,-2.39,1625.0,683.4,535.9
EDBL,7/1/2018,330.0,330.0,325.0,325.0,-0.61,2150.0,683.4,535.9
EDBL,7/2/2018,330.0,330.0,330.0,330.0,1.54,61.0,683.4,535.9
EDBL,7/3/2018,332.0,332.0,322.0,322.0,-2.42,465.0,683.4,535.9
EDBL,7/4/2018,328.0,328.0,323.0,325.0,0.93,1294.0,683.4,535.9
EDBL,7/5/2018,326.0,337.0,326.0,335.0,3.08,1420.0,683.4,535.9
EDBL,7/8/2018,341.0,341.0,334.0,336.0,0.3,662.0,683.4,535.9
EDBL,7/9/2018,336.0,340.0,331.0,331.0,-1.49,760.0,683.4,535.9
EDBL,7/10/2018,334.0,335.0,334.0,335.0,1.21,650.0,683.4,535.9
EDBL,7/11/2018,341.0,344.0,338.0,338.0,0.9,519.0,683.4,535.9
EDBL,7/12/2018,332.0,332.0,332.0,332.0,-1.78,1000.0,683.4,535.9
EDBL,7/15/2018,332.0,332.0,326.0,326.0,-1.81,1232.0,683.4,535.9
EDBL,7/17/2018,326.0,326.0,326.0,326.0,0.0,1101.0,683.4,535.9
EDBL,7/18/2018,330.0,330.0,324.0,326.0,0.0,560.0,683.4,535.9
EDBL,7/22/2018,326.0,326.0,320.0,320.0,-1.84,963.0,683.4,535.9
EDBL,7/23/2018,320.0,323.0,317.0,323.0,0.94,1100.0,683.4,535.9
EDBL,7/24/2018,325.0,328.0,322.0,328.0,1.55,1371.0,683.4,535.9
EDBL,7/26/2018,322.0,322.0,322.0,322.0,-1.83,3000.0,683.4,535.9
EDBL,7/30/2018,328.0,328.0,328.0,328.0,1.86,1000.0,683.4,535.9
EDBL,7/31/2018,325.0,325.0,325.0,325.0,-0.91,306.0,683.4,535.9
EDBL,8/1/2018,320.0,324.0,318.0,319.0,-1.85,442.0,683.4,535.9
EDBL,8/2/2018,317.0,323.0,317.0,323.0,1.25,643.0,683.4,535.9
EDBL,8/5/2018,324.0,325.0,323.0,325.0,0.62,6002.0,683.4,535.9
EDBL,8/6/2018,325.0,325.0,324.0,324.0,-0.31,320.0,683.4,535.9
EDBL,8/8/2018,324.0,324.0,324.0,324.0,0.0,100.0,683.4,535.9
EDBL,8/9/2018,325.0,325.0,319.0,319.0,-1.54,1480.0,683.4,535.9
EDBL,8/12/2018,319.0,319.0,313.0,315.0,-1.25,810.0,683.4,535.9
EDBL,8/14/2018,318.0,320.0,318.0,320.0,1.59,600.0,683.4,535.9
EDBL,8/15/2018,326.0,330.0,326.0,330.0,3.12,1672.0,683.4,535.9
EDBL,8/16/2018,330.0,333.0,330.0,330.0,0.0,500.0,683.4,535.9
EDBL,8/19/2018,324.0,325.0,318.0,320.0,-3.03,2180.0,683.4,535.9
EDBL,8/20/2018,315.0,315.0,314.0,314.0,-1.88,1500.0,683.4,535.9
EDBL,8/21/2018,314.0,316.0,311.0,312.0,-0.64,4535.0,683.4,535.9
EDBL,8/22/2018,312.0,312.0,312.0,312.0,0.0,100.0,683.4,535.9
EDBL,8/23/2018,318.0,318.0,312.0,312.0,0.0,502.0,683.4,535.9
EDBL,8/26/2018,306.0,312.0,306.0,312.0,0.0,1212.0,683.4,535.9
EDBL,8/28/2018,312.0,312.0,309.0,312.0,0.0,2060.0,683.4,535.9
EDBL,8/29/2018,310.0,312.0,304.0,304.0,-2.56,646.0,683.4,535.9
EDBL,8/30/2018,305.0,311.0,305.0,307.0,0.99,2120.0,683.4,535.9
EDBL,9/2/2018,310.0,313.0,307.0,307.0,0.0,1752.0,683.4,535.9
EDBL,9/3/2018,313.0,318.0,308.0,311.0,1.3,6101.0,683.4,535.9
EDBL,9/4/2018,314.0,318.0,307.0,308.0,-0.96,3805.0,683.4,535.9
EDBL,9/5/2018,310.0,320.0,310.0,311.0,0.97,6776.0,683.4,535.9
EDBL,9/6/2018,317.0,320.0,312.0,312.0,0.32,2460.0,683.4,535.9
EDBL,9/9/2018,318.0,325.0,313.0,313.0,0.32,5157.0,683.4,535.9
EDBL,9/10/2018,313.0,314.0,311.0,311.0,-0.64,4858.0,683.4,535.9
EDBL,9/11/2018,317.0,324.0,317.0,319.0,2.57,740.0,683.4,535.9
EDBL,9/12/2018,319.0,319.0,315.0,319.0,0.0,2010.0,683.4,535.9
EDBL,9/13/2018,323.0,323.0,315.0,315.0,-1.25,5010.0,683.4,535.9
EDBL,9/16/2018,320.0,320.0,302.0,303.0,-3.81,10885.0,683.4,535.9
EDBL,9/17/2018,300.0,300.0,289.0,290.0,-4.29,9324.0,683.4,535.9
EDBL,9/18/2018,286.0,291.0,283.0,289.0,-0.34,5276.0,683.4,535.9
EDBL,9/20/2018,294.0,294.0,287.0,289.0,0.0,2670.0,683.4,535.9
EDBL,9/23/2018,290.0,290.0,286.0,290.0,0.35,3606.0,683.4,535.9
EDBL,9/25/2018,288.0,297.0,288.0,296.0,2.07,7928.0,683.4,535.9
EDBL,9/26/2018,293.0,299.0,293.0,299.0,1.01,2742.0,683.4,535.9
EDBL,9/27/2018,295.0,295.0,294.0,295.0,-1.34,890.0,683.4,535.9
EDBL,9/30/2018,291.0,295.0,291.0,291.0,-1.36,406.0,683.4,535.9
EDBL,10/1/2018,292.0,294.0,292.0,292.0,0.34,921.0,683.4,535.9
EDBL,10/2/2018,295.0,295.0,290.0,292.0,0.0,1879.0,683.4,535.9
EDBL,10/4/2018,290.0,290.0,285.0,288.0,-1.37,1626.0,683.4,535.9
EDBL,10/7/2018,283.0,283.0,282.0,283.0,-1.74,266.0,683.4,535.9
EDBL,10/8/2018,280.0,283.0,280.0,282.0,-0.35,2902.0,683.4,535.9
EDBL,10/9/2018,285.0,287.0,284.0,287.0,1.77,897.0,683.4,535.9
EDBL,10/11/2018,292.0,291.0,291.0,291.0,1.39,100.0,683.4,535.9
EDBL,10/22/2018,296.0,295.0,295.0,295.0,1.37,50.0,683.4,535.9
EDBL,10/23/2018,292.0,292.0,291.0,291.0,-1.36,470.0,683.4,535.9
EDBL,10/24/2018,292.0,292.0,292.0,292.0,0.34,50.0,683.4,535.9
EDBL,10/25/2018,296.0,296.0,291.0,291.0,-0.34,693.0,683.4,535.9
EDBL,10/28/2018,290.0,295.0,290.0,295.0,1.37,125.0,683.4,535.9
EDBL,10/29/2018,295.0,295.0,285.0,285.0,-3.39,1550.0,683.4,535.9
EDBL,10/30/2018,290.0,290.0,290.0,290.0,1.75,804.0,683.4,535.9
EDBL,10/31/2018,290.0,294.0,289.0,289.0,-0.34,969.0,683.4,535.9
EDBL,11/4/2018,290.0,290.0,290.0,290.0,0.35,412.0,683.4,535.9
EDBL,11/5/2018,285.0,285.0,285.0,285.0,-1.72,100.0,683.4,535.9
EDBL,11/11/2018,285.0,285.0,280.0,280.0,-1.75,100.0,683.4,535.9
EDBL,11/12/2018,280.0,280.0,279.0,280.0,0.0,336.0,683.4,535.9
EDBL,11/13/2018,285.0,285.0,280.0,285.0,1.79,2720.0,683.4,535.9
EDBL,11/15/2018,285.0,285.0,282.0,285.0,0.0,724.0,683.4,535.9
EDBL,11/18/2018,285.0,285.0,284.0,285.0,0.0,1749.0,683.4,535.9
EDBL,11/19/2018,281.0,285.0,281.0,283.0,-0.7,350.0,683.4,535.9
EDBL,11/20/2018,285.0,283.0,281.0,281.0,-0.71,101.0,683.4,535.9
EDBL,11/21/2018,277.0,277.0,277.0,277.0,-1.42,100.0,683.4,535.9
EDBL,11/22/2018,280.0,280.0,278.0,279.0,0.72,440.0,683.4,535.9
EDBL,11/27/2018,274.0,274.0,270.0,270.0,-3.23,250.0,683.4,535.9
EDBL,11/28/2018,270.0,270.0,270.0,270.0,0.0,87.0,683.4,535.9
EDBL,12/2/2018,272.0,272.0,272.0,272.0,0.74,1294.0,683.4,535.9
EDBL,12/3/2018,272.0,272.0,268.0,268.0,-1.47,936.0,683.4,535.9
EDBL,12/4/2018,266.0,266.0,266.0,266.0,-0.75,50.0,683.4,535.9
EDBL,12/5/2018,262.0,262.0,260.0,260.0,-2.26,770.0,683.4,535.9
EDBL,12/6/2018,258.0,260.0,258.0,260.0,0.0,1750.0,683.4,535.9
EDBL,12/10/2018,261.0,261.0,256.0,256.0,-1.54,606.0,683.4,535.9
EDBL,12/11/2018,256.0,256.0,256.0,256.0,0.0,251.0,683.4,535.9
EDBL,12/12/2018,260.0,261.0,260.0,261.0,1.95,66.0,683.4,535.9
EDBL,12/13/2018,266.0,266.0,266.0,266.0,1.92,100.0,683.4,535.9
EDBL,12/16/2018,270.0,272.0,267.0,272.0,2.26,474.0,683.4,535.9
EDBL,12/17/2018,277.0,277.0,277.0,277.0,1.84,150.0,683.4,535.9
EDBL,12/18/2018,273.0,276.0,273.0,275.0,-0.72,420.0,683.4,535.9
EDBL,12/19/2018,275.0,275.0,275.0,275.0,0.0,100.0,683.4,535.9
EDBL,12/23/2018,280.0,280.0,275.0,277.0,0.73,615.0,683.4,535.9
EDBL,12/24/2018,277.0,280.0,277.0,280.0,1.08,230.0,683.4,535.9
EDBL,12/26/2018,280.0,290.0,280.0,290.0,3.57,1193.0,683.4,535.9
EDBL,12/27/2018,295.0,295.0,290.0,290.0,0.0,1050.0,683.4,535.9
EDBL,12/30/2018,294.0,294.0,285.0,290.0,0.0,1949.0,683.4,535.9
EDBL,12/31/2018,285.0,285.0,285.0,285.0,-1.72,110.0,683.4,535.9
EDBL,1/2/2019,290.0,294.0,290.0,294.0,3.16,120.0,683.4,535.9
EDBL,1/3/2019,290.0,290.0,290.0,290.0,-1.36,100.0,683.4,535.9
EDBL,1/6/2019,285.0,285.0,285.0,285.0,-1.72,52.0,683.4,535.9
EDBL,1/7/2019,285.0,285.0,285.0,285.0,0.0,50.0,683.4,535.9
EDBL,1/8/2019,280.0,280.0,280.0,280.0,-1.75,421.0,683.4,535.9
EDBL,1/9/2019,280.0,280.0,280.0,280.0,0.0,235.0,683.4,535.9
EDBL,1/13/2019,282.0,282.0,282.0,282.0,0.71,30.0,683.4,535.9
EDBL,1/14/2019,277.0,277.0,273.0,273.0,-3.19,817.0,683.4,535.9
EDBL,1/15/2019,270.0,270.0,270.0,270.0,-1.1,261.0,683.4,535.9
EDBL,1/16/2019,269.0,270.0,269.0,270.0,0.0,1075.0,683.4,535.9
EDBL,1/17/2019,273.0,280.0,273.0,280.0,3.7,643.0,683.4,535.9
EDBL,1/20/2019,279.0,279.0,278.0,278.0,-0.71,796.0,683.4,535.9
EDBL,1/21/2019,275.0,281.0,275.0,276.0,-0.72,1571.0,683.4,535.9
EDBL,1/23/2019,281.0,281.0,281.0,281.0,1.81,400.0,683.4,535.9
EDBL,1/24/2019,284.0,284.0,284.0,284.0,1.07,30.0,683.4,535.9
EDBL,1/27/2019,279.0,284.0,279.0,280.0,-1.41,700.0,683.4,535.9
EDBL,1/28/2019,280.0,280.0,280.0,280.0,0.0,30.0,683.4,535.9
EDBL,1/29/2019,281.0,282.0,281.0,282.0,0.71,770.0,683.4,535.9
EDBL,1/30/2019,287.0,287.0,287.0,287.0,1.77,161.0,683.4,535.9
EDBL,1/31/2019,290.0,290.0,283.0,283.0,-1.39,700.0,683.4,535.9
EDBL,2/3/2019,280.0,280.0,280.0,280.0,-1.06,510.0,683.4,535.9
EDBL,2/4/2019,283.0,284.0,280.0,281.0,0.36,2578.0,683.4,535.9
EDBL,2/5/2019,280.0,283.0,280.0,283.0,0.71,10910.0,683.4,535.9
EDBL,2/7/2019,280.0,280.0,280.0,280.0,-1.06,1250.0,683.4,535.9
EDBL,2/10/2019,280.0,280.0,275.0,275.0,-1.79,6807.0,683.4,535.9
EDBL,2/11/2019,274.0,277.0,274.0,277.0,0.73,480.0,683.4,535.9
EDBL,2/12/2019,279.0,280.0,279.0,280.0,1.08,756.0,683.4,535.9
EDBL,2/13/2019,280.0,280.0,280.0,280.0,0.0,755.0,683.4,535.9
EDBL,2/17/2019,285.0,295.0,285.0,295.0,5.36,2274.0,683.4,535.9
EDBL,2/18/2019,300.0,300.0,286.0,289.0,-2.03,1700.0,683.4,535.9
EDBL,2/19/2019,290.0,290.0,285.0,286.0,-1.04,551.0,683.4,535.9
EDBL,2/20/2019,287.0,287.0,286.0,286.0,0.0,900.0,683.4,535.9
EDBL,2/21/2019,281.0,281.0,276.0,276.0,-3.5,410.0,683.4,535.9
EDBL,2/24/2019,272.0,287.0,272.0,287.0,3.99,1111.0,683.4,535.9
EDBL,2/25/2019,282.0,283.0,280.0,280.0,-2.44,439.0,683.4,535.9
EDBL,2/26/2019,284.0,285.0,284.0,285.0,1.79,134.0,683.4,535.9
EDBL,3/3/2019,285.0,285.0,275.0,275.0,-3.51,570.0,683.4,535.9
EDBL,3/5/2019,280.0,280.0,276.0,280.0,1.82,646.0,683.4,535.9
EDBL,3/6/2019,285.0,285.0,280.0,285.0,1.79,278.0,683.4,535.9
EDBL,3/7/2019,290.0,290.0,275.0,290.0,1.75,2407.0,683.4,535.9
EDBL,3/10/2019,295.0,295.0,285.0,291.0,0.34,1683.0,683.4,535.9
EDBL,3/11/2019,286.0,286.0,280.0,286.0,-1.72,1607.0,683.4,535.9
EDBL,3/12/2019,283.0,288.0,283.0,288.0,0.7,2896.0,683.4,535.9
EDBL,3/13/2019,287.0,290.0,287.0,290.0,0.69,30.0,683.4,535.9
EDBL,3/14/2019,292.0,292.0,285.0,290.0,0.0,1104.0,683.4,535.9
EDBL,3/17/2019,291.0,294.0,288.0,294.0,1.38,933.0,683.4,535.9
EDBL,3/18/2019,290.0,290.0,290.0,290.0,-1.36,300.0,683.4,535.9
EDBL,3/21/2019,286.0,290.0,285.0,285.0,-1.72,91.0,683.4,535.9
EDBL,3/24/2019,281.0,290.0,280.0,290.0,1.75,1010.0,683.4,535.9
EDBL,3/25/2019,286.0,288.0,285.0,285.0,-1.72,910.0,683.4,535.9
EDBL,3/26/2019,290.0,295.0,290.0,290.0,1.75,1340.0,683.4,535.9
EDBL,3/27/2019,287.0,295.0,287.0,295.0,1.72,186.0,683.4,535.9
EDBL,3/28/2019,290.0,292.0,290.0,292.0,-1.02,60.0,683.4,535.9
EDBL,3/31/2019,290.0,291.0,290.0,290.0,-0.68,1213.0,683.4,535.9
EDBL,4/1/2019,293.0,294.0,293.0,294.0,1.38,20934.0,683.4,535.9
EDBL,4/2/2019,299.0,299.0,290.0,294.0,0.0,892.0,683.4,535.9
EDBL,4/3/2019,299.0,299.0,299.0,299.0,1.7,30.0,683.4,535.9
EDBL,4/4/2019,294.0,294.0,294.0,294.0,-1.67,10.0,683.4,535.9
EDBL,4/7/2019,289.0,289.0,284.0,289.0,-1.7,1114.0,683.4,535.9
EDBL,4/8/2019,285.0,285.0,284.0,284.0,-1.73,3200.0,683.4,535.9
EDBL,4/9/2019,282.0,287.0,282.0,287.0,1.06,12550.0,683.4,535.9
EDBL,4/10/2019,284.0,284.0,284.0,284.0,-1.05,82.0,683.4,535.9
EDBL,4/11/2019,287.0,287.0,287.0,287.0,1.06,250.0,683.4,535.9
EDBL,4/15/2019,290.0,291.0,290.0,290.0,1.05,420.0,683.4,535.9
EDBL,4/16/2019,290.0,295.0,285.0,295.0,1.72,2870.0,683.4,535.9
EDBL,4/17/2019,290.0,290.0,290.0,290.0,-1.69,200.0,683.4,535.9
EDBL,4/18/2019,290.0,290.0,285.0,285.0,-1.72,2814.0,683.4,535.9
EDBL,4/21/2019,285.0,290.0,285.0,290.0,1.75,593.0,683.4,535.9
EDBL,4/22/2019,291.0,294.0,290.0,293.0,1.03,622.0,683.4,535.9
EDBL,4/23/2019,291.0,294.0,289.0,294.0,0.34,1219.0,683.4,535.9
EDBL,4/24/2019,292.0,295.0,290.0,295.0,0.34,1150.0,683.4,535.9
EDBL,4/25/2019,300.0,310.0,299.0,299.0,1.36,4869.0,683.4,535.9
EDBL,4/28/2019,304.0,316.0,304.0,316.0,5.69,920.0,683.4,535.9
EDBL,4/29/2019,320.0,322.0,317.0,317.0,0.32,2971.0,683.4,535.9
EDBL,4/30/2019,313.0,315.0,312.0,315.0,-0.63,3093.0,683.4,535.9
EDBL,5/2/2019,309.0,309.0,300.0,300.0,-4.76,5066.0,683.4,535.9
EDBL,5/5/2019,295.0,295.0,295.0,295.0,-1.67,150.0,683.4,535.9
EDBL,5/7/2019,300.0,305.0,300.0,305.0,3.39,210.0,683.4,535.9
EDBL,5/8/2019,300.0,300.0,300.0,300.0,-1.64,854.0,683.4,535.9
EDBL,5/9/2019,303.0,303.0,295.0,295.0,-1.67,807.0,683.4,535.9
EDBL,5/13/2019,295.0,295.0,295.0,295.0,0.0,1646.0,683.4,535.9
EDBL,5/14/2019,295.0,300.0,290.0,300.0,1.69,955.0,683.4,535.9
EDBL,5/15/2019,295.0,295.0,295.0,295.0,-1.67,150.0,683.4,535.9
EDBL,5/16/2019,294.0,294.0,290.0,292.0,-1.02,1550.0,683.4,535.9
EDBL,5/19/2019,297.0,306.0,293.0,306.0,4.79,1075.0,683.4,535.9
EDBL,5/20/2019,312.0,312.0,306.0,308.0,0.65,804.0,683.4,535.9
EDBL,5/21/2019,314.0,319.0,314.0,319.0,3.57,146.0,683.4,535.9
EDBL,5/23/2019,313.0,313.0,313.0,313.0,-1.88,10.0,683.4,535.9
EDBL,5/26/2019,309.0,310.0,309.0,310.0,-0.96,495.0,683.4,535.9
EDBL,5/27/2019,304.0,304.0,300.0,300.0,-3.23,955.0,683.4,535.9
EDBL,5/29/2019,304.0,306.0,304.0,306.0,2.0,89.0,683.4,535.9
EDBL,5/30/2019,306.0,306.0,300.0,300.0,-1.96,510.0,683.4,535.9
EDBL,6/2/2019,300.0,300.0,300.0,300.0,0.0,105.0,683.4,535.9
EDBL,6/3/2019,300.0,303.0,294.0,294.0,-2.0,565.0,683.4,535.9
EDBL,6/4/2019,290.0,290.0,289.0,289.0,-1.7,520.0,683.4,535.9
EDBL,6/6/2019,288.0,288.0,283.0,287.0,-0.69,2263.0,683.4,535.9
EDBL,6/10/2019,292.0,292.0,292.0,292.0,1.74,40.0,683.4,535.9
EDBL,6/11/2019,295.0,302.0,295.0,296.0,1.37,7535.0,683.4,535.9
EDBL,6/13/2019,291.0,291.0,291.0,291.0,-1.69,244.0,683.4,535.9
EDBL,6/16/2019,290.0,296.0,290.0,296.0,1.72,200.0,683.4,535.9
EDBL,6/17/2019,300.0,300.0,294.0,294.0,-0.68,440.0,683.4,535.9
EDBL,6/18/2019,299.0,299.0,299.0,299.0,1.7,40.0,683.4,535.9
EDBL,6/19/2019,295.0,295.0,295.0,295.0,-1.34,20.0,683.4,535.9
EDBL,6/20/2019,292.0,295.0,290.0,295.0,0.0,1222.0,683.4,535.9
EDBL,6/23/2019,294.0,294.0,294.0,294.0,-0.34,200.0,683.4,535.9
EDBL,6/24/2019,295.0,299.0,294.0,294.0,0.0,270.0,683.4,535.9
EDBL,6/26/2019,294.0,294.0,294.0,294.0,0.0,8170.0,683.4,535.9
EDBL,6/27/2019,290.0,290.0,285.0,285.0,-3.06,500.0,683.4,535.9
EDBL,7/1/2019,285.0,285.0,285.0,285.0,0.0,125.0,683.4,535.9
EDBL,7/2/2019,290.0,290.0,290.0,290.0,1.75,50.0,683.4,535.9
EDBL,7/3/2019,285.0,285.0,281.0,285.0,-1.72,1565.0,683.4,535.9
EDBL,7/7/2019,286.0,286.0,281.0,281.0,-1.4,90.0,683.4,535.9
EDBL,7/8/2019,281.0,285.0,281.0,285.0,1.42,4735.0,683.4,535.9
EDBL,7/9/2019,285.0,285.0,285.0,285.0,0.0,360.0,683.4,535.9
EDBL,7/10/2019,281.0,283.0,281.0,283.0,-0.7,84.0,683.4,535.9
EDBL,7/17/2019,286.0,286.0,286.0,286.0,1.06,732.0,683.4,535.9
EDBL,7/18/2019,283.0,283.0,283.0,283.0,-1.05,250.0,683.4,535.9
EDBL,7/21/2019,279.0,279.0,278.0,278.0,-1.77,30.0,683.4,535.9
EDBL,7/22/2019,283.0,283.0,283.0,283.0,1.8,350.0,683.4,535.9
EDBL,7/23/2019,285.0,290.0,285.0,286.0,1.06,321.0,683.4,535.9
EDBL,7/24/2019,286.0,291.0,286.0,290.0,1.4,523.0,683.4,535.9
EDBL,7/25/2019,285.0,285.0,281.0,281.0,-3.1,520.0,683.4,535.9
EDBL,7/28/2019,286.0,291.0,286.0,287.0,2.14,570.0,683.4,535.9
EDBL,7/30/2019,287.0,292.0,287.0,292.0,1.74,1727.0,683.4,535.9
EDBL,7/31/2019,290.0,290.0,290.0,290.0,-0.68,1000.0,683.4,535.9
EDBL,8/1/2019,294.0,295.0,292.0,292.0,0.69,448.0,683.4,535.9
EDBL,8/4/2019,290.0,290.0,285.0,285.0,-2.4,916.0,683.4,535.9
EDBL,8/5/2019,285.0,285.0,285.0,285.0,0.0,200.0,683.4,535.9
EDBL,8/6/2019,290.0,290.0,290.0,290.0,1.75,65.0,683.4,535.9
EDBL,8/7/2019,285.0,285.0,285.0,285.0,-1.72,1600.0,683.4,535.9
EDBL,8/8/2019,285.0,290.0,285.0,290.0,1.75,220.0,683.4,535.9
EDBL,8/12/2019,286.0,286.0,286.0,286.0,-1.38,174.0,683.4,535.9
EDBL,8/13/2019,281.0,281.0,281.0,281.0,-1.75,50.0,683.4,535.9
EDBL,8/14/2019,281.0,281.0,280.0,280.0,-0.36,300.0,683.4,535.9
EDBL,8/18/2019,277.0,277.0,275.0,275.0,-1.79,520.0,683.4,535.9
EDBL,8/19/2019,271.0,289.0,270.0,289.0,5.09,1951.0,683.4,535.9
EDBL,8/20/2019,284.0,284.0,284.0,284.0,-1.73,97.0,683.4,535.9
EDBL,8/21/2019,281.0,281.0,279.0,279.0,-1.76,614.0,683.4,535.9
EDBL,8/22/2019,275.0,275.0,274.0,274.0,-1.79,159.0,683.4,535.9
EDBL,8/25/2019,272.0,279.0,272.0,279.0,1.82,582.0,683.4,535.9
EDBL,8/27/2019,274.0,274.0,269.0,269.0,-3.58,630.0,683.4,535.9
EDBL,8/28/2019,269.0,270.0,268.0,269.0,0.0,7968.0,683.4,535.9
EDBL,8/29/2019,274.0,278.0,274.0,278.0,3.35,988.0,683.4,535.9
EDBL,9/1/2019,273.0,273.0,273.0,273.0,-1.8,15.0,683.4,535.9
EDBL,9/2/2019,269.0,272.0,269.0,269.0,-1.47,805.0,683.4,535.9
EDBL,9/3/2019,272.0,274.0,272.0,274.0,1.86,700.0,683.4,535.9
EDBL,9/4/2019,275.0,275.0,275.0,275.0,0.36,20.0,683.4,535.9
EDBL,9/5/2019,273.0,273.0,273.0,273.0,-0.73,45.0,683.4,535.9
EDBL,9/8/2019,275.0,275.0,270.0,270.0,-1.1,69.0,683.4,535.9
EDBL,9/10/2019,265.0,265.0,264.0,264.0,-2.22,165.0,683.4,535.9
EDBL,9/11/2019,269.0,269.0,262.0,262.0,-0.76,600.0,683.4,535.9
EDBL,9/12/2019,262.0,267.0,262.0,267.0,1.91,390.0,683.4,535.9
EDBL,9/16/2019,263.0,265.0,263.0,263.0,-1.5,796.0,683.4,535.9
EDBL,9/17/2019,267.0,272.0,267.0,272.0,3.42,200.0,683.4,535.9
EDBL,9/18/2019,272.0,272.0,257.0,263.0,-3.31,1370.0,683.4,535.9
EDBL,9/19/2019,263.0,273.0,263.0,273.0,3.8,490.0,683.4,535.9
EDBL,9/22/2019,277.0,277.0,267.0,267.0,-2.2,498.0,683.4,535.9
EDBL,9/23/2019,265.0,269.0,265.0,269.0,0.75,1480.0,683.4,535.9
EDBL,9/24/2019,269.0,269.0,269.0,269.0,0.0,901.0,683.4,535.9
EDBL,9/25/2019,268.0,274.0,268.0,274.0,1.86,426.0,683.4,535.9
EDBL,9/26/2019,271.0,272.0,270.0,272.0,-0.73,3300.0,683.4,535.9
EDBL,10/1/2019,275.0,275.0,275.0,275.0,1.1,181.0,683.4,535.9
EDBL,10/3/2019,272.0,272.0,272.0,272.0,-1.09,8000.0,683.4,535.9
EDBL,10/14/2019,270.0,270.0,270.0,270.0,-0.74,570.0,683.4,535.9
EDBL,10/17/2019,270.0,270.0,270.0,270.0,0.0,50.0,683.4,535.9
EDBL,10/22/2019,266.0,266.0,261.0,261.0,-3.33,410.0,683.4,535.9
EDBL,10/23/2019,261.0,261.0,261.0,261.0,0.0,880.0,683.4,535.9
EDBL,10/24/2019,261.0,270.0,261.0,270.0,3.45,600.0,683.4,535.9
EDBL,11/3/2019,271.0,271.0,265.0,265.0,-1.85,603.0,683.4,535.9
EDBL,11/5/2019,262.0,264.0,262.0,262.0,-1.13,1905.0,683.4,535.9
EDBL,11/6/2019,262.0,262.0,258.0,260.0,-0.76,8360.0,683.4,535.9
EDBL,11/7/2019,260.0,260.0,260.0,260.0,0.0,635.0,683.4,535.9
EDBL,11/10/2019,258.0,260.0,257.0,260.0,0.0,885.0,683.4,535.9
EDBL,11/11/2019,257.0,269.0,257.0,269.0,3.46,804.0,683.4,535.9
EDBL,11/12/2019,264.0,264.0,264.0,264.0,-1.86,10.0,683.4,535.9
EDBL,11/13/2019,260.0,260.0,259.0,259.0,-1.89,430.0,683.4,535.9
EDBL,11/14/2019,264.0,264.0,264.0,264.0,1.93,17.0,683.4,535.9
EDBL,11/17/2019,269.0,274.0,269.0,274.0,3.79,353.0,683.4,535.9
EDBL,11/18/2019,275.0,275.0,274.0,274.0,0.0,1030.0,683.4,535.9
EDBL,11/19/2019,275.0,275.0,269.0,269.0,-1.82,140.0,683.4,535.9
EDBL,11/20/2019,274.0,277.0,274.0,277.0,2.97,252.0,683.4,535.9
EDBL,11/21/2019,273.0,273.0,273.0,273.0,-1.44,1966.0,683.4,535.9
EDBL,11/24/2019,271.0,272.0,271.0,271.0,-0.73,1205.0,683.4,535.9
EDBL,11/25/2019,275.0,275.0,271.0,273.0,0.74,3740.0,683.4,535.9
EDBL,11/26/2019,272.0,279.0,272.0,279.0,2.2,4853.0,683.4,535.9
EDBL,11/27/2019,279.0,282.0,279.0,280.0,0.36,7601.0,683.4,535.9
EDBL,11/28/2019,280.0,291.0,275.0,291.0,3.93,3280.0,683.4,535.9
EDBL,12/1/2019,291.0,291.0,281.0,283.0,-2.75,780.0,683.4,535.9
EDBL,12/2/2019,280.0,284.0,279.0,280.0,-1.06,1452.0,683.4,535.9
EDBL,12/3/2019,278.0,279.0,276.0,279.0,-0.36,843.0,683.4,535.9
EDBL,12/4/2019,280.0,282.0,279.0,279.0,0.0,535.0,683.4,535.9
EDBL,12/5/2019,279.0,287.0,279.0,287.0,2.87,1366.0,683.4,535.9
EDBL,12/8/2019,285.0,288.0,285.0,286.0,-0.35,3340.0,683.4,535.9
EDBL,12/9/2019,289.0,292.0,287.0,292.0,2.1,298.0,683.4,535.9
EDBL,12/10/2019,292.0,292.0,288.0,290.0,-0.68,2990.0,683.4,535.9
EDBL,12/11/2019,292.0,294.0,290.0,290.0,0.0,1170.0,683.4,535.9
EDBL,12/12/2019,288.0,290.0,287.0,288.0,-0.69,431.0,683.4,535.9
EDBL,12/16/2019,288.0,291.0,288.0,288.0,0.0,1033.0,683.4,535.9
EDBL,12/17/2019,293.0,293.0,290.0,290.0,0.69,660.0,683.4,535.9
EDBL,12/18/2019,294.0,294.0,291.0,291.0,0.34,100.0,683.4,535.9
EDBL,12/19/2019,291.0,291.0,290.0,290.0,-0.34,4050.0,683.4,535.9
EDBL,12/23/2019,289.0,291.0,289.0,291.0,0.34,600.0,683.4,535.9
EDBL,12/24/2019,289.0,289.0,289.0,289.0,-0.69,250.0,683.4,535.9
EDBL,12/25/2019,287.0,287.0,284.0,284.0,-1.73,896.0,683.4,535.9
EDBL,12/26/2019,279.0,285.0,279.0,284.0,0.0,1845.0,683.4,535.9
EDBL,12/29/2019,289.0,289.0,289.0,289.0,1.76,10.0,683.4,535.9
EDBL,12/30/2019,289.0,293.0,289.0,293.0,1.38,91.0,683.4,535.9
EDBL,12/31/2019,289.0,290.0,289.0,289.0,-1.37,850.0,683.4,535.9
EDBL,1/1/2020,290.0,290.0,290.0,290.0,0.35,88.0,683.4,535.9
EDBL,1/2/2020,288.0,290.0,287.0,287.0,-1.03,410.0,683.4,535.9
EDBL,1/6/2020,292.0,296.0,292.0,292.0,1.74,850.0,683.4,535.9
EDBL,1/7/2020,296.0,307.0,296.0,303.0,3.77,12150.0,683.4,535.9
EDBL,1/8/2020,309.0,309.0,301.0,304.0,0.33,6707.0,683.4,535.9
EDBL,1/9/2020,300.0,302.0,300.0,301.0,-0.99,255.0,683.4,535.9
EDBL,1/12/2020,299.0,315.0,299.0,315.0,4.65,2489.0,683.4,535.9
EDBL,1/13/2020,316.0,334.0,316.0,330.0,4.76,1546.0,683.4,535.9
EDBL,1/14/2020,330.0,330.0,322.0,324.0,-1.82,2822.0,683.4,535.9
EDBL,1/15/2020,324.0,325.0,322.0,325.0,0.31,7573.0,683.4,535.9
EDBL,1/16/2020,326.0,345.0,324.0,339.0,4.31,9755.0,683.4,535.9
EDBL,1/19/2020,345.0,345.0,339.0,340.0,0.29,2392.0,683.4,535.9
EDBL,1/20/2020,335.0,341.0,335.0,336.0,-1.18,8428.0,683.4,535.9
EDBL,1/21/2020,335.0,337.0,330.0,335.0,-0.3,4741.0,683.4,535.9
EDBL,1/22/2020,334.0,334.0,326.0,326.0,-2.69,3719.0,683.4,535.9
EDBL,1/23/2020,326.0,332.0,321.0,330.0,1.23,3010.0,683.4,535.9
EDBL,1/26/2020,324.0,330.0,324.0,330.0,0.0,764.0,683.4,535.9
EDBL,1/27/2020,336.0,338.0,336.0,338.0,2.42,100.0,683.4,535.9
EDBL,1/28/2020,338.0,340.0,333.0,333.0,-1.48,2120.0,683.4,535.9
EDBL,1/29/2020,333.0,340.0,328.0,340.0,2.1,9175.0,683.4,535.9
EDBL,1/30/2020,341.0,354.0,335.0,350.0,2.94,9838.0,683.4,535.9
EDBL,2/2/2020,356.0,365.0,356.0,365.0,4.29,9366.0,683.4,535.9
EDBL,2/3/2020,365.0,369.0,365.0,368.0,0.82,9572.0,683.4,535.9
EDBL,2/4/2020,364.0,375.0,363.0,366.0,-0.54,6050.0,683.4,535.9
EDBL,2/5/2020,365.0,365.0,361.0,365.0,-0.27,3705.0,683.4,535.9
EDBL,2/6/2020,371.0,371.0,360.0,367.0,0.55,5780.0,683.4,535.9
EDBL,2/9/2020,365.0,366.0,356.0,357.0,-2.72,5130.0,683.4,535.9
EDBL,2/10/2020,357.0,357.0,351.0,355.0,-0.56,6186.0,683.4,535.9
EDBL,2/11/2020,357.0,359.0,356.0,359.0,1.13,892.0,683.4,535.9
EDBL,2/12/2020,360.0,360.0,356.0,356.0,-0.84,6620.0,683.4,535.9
EDBL,2/13/2020,356.0,358.0,356.0,358.0,0.56,3570.0,683.4,535.9
EDBL,2/16/2020,357.0,357.0,356.0,356.0,-0.56,3221.0,683.4,535.9
EDBL,2/17/2020,358.0,368.0,356.0,368.0,3.37,8014.0,683.4,535.9
EDBL,2/18/2020,368.0,370.0,365.0,365.0,-0.82,1010.0,683.4,535.9
EDBL,2/19/2020,365.0,368.0,362.0,362.0,-0.82,3098.0,683.4,535.9
EDBL,2/20/2020,362.0,375.0,362.0,375.0,3.59,6376.0,683.4,535.9
EDBL,2/23/2020,370.0,403.0,368.0,403.0,7.47,12000.0,683.4,535.9
EDBL,2/24/2020,410.0,418.0,393.0,393.0,-2.48,8160.0,683.4,535.9
EDBL,2/25/2020,392.0,420.0,392.0,406.0,3.31,5470.0,683.4,535.9
EDBL,2/26/2020,414.0,414.0,393.0,400.0,-1.48,8871.0,683.4,535.9
EDBL,2/27/2020,400.0,408.0,395.0,408.0,2.0,16743.0,683.4,535.9
EDBL,3/1/2020,408.0,442.0,408.0,435.0,6.62,29585.0,683.4,535.9
EDBL,3/2/2020,427.0,433.0,409.0,409.0,-5.98,3195.0,683.4,535.9
EDBL,3/3/2020,405.0,415.0,385.0,405.0,-0.98,11847.0,683.4,535.9
EDBL,3/4/2020,407.0,407.0,385.0,390.0,-3.7,12357.0,683.4,535.9
EDBL,3/5/2020,385.0,400.0,384.0,396.0,1.54,7497.0,683.4,535.9
EDBL,3/10/2020,403.0,415.0,392.0,396.0,0.0,10956.0,683.4,535.9
EDBL,3/11/2020,400.0,410.0,390.0,410.0,3.54,22130.0,683.4,535.9
EDBL,3/12/2020,403.0,413.0,392.0,394.0,-3.9,27678.0,683.4,535.9
EDBL,3/15/2020,394.0,394.0,383.0,384.0,-2.54,7736.0,683.4,535.9
EDBL,3/16/2020,378.0,392.0,378.0,387.0,0.78,3401.0,683.4,535.9
EDBL,3/17/2020,387.0,387.0,364.0,369.0,-4.65,5994.0,683.4,535.9
EDBL,3/18/2020,362.0,376.0,355.0,367.0,-0.54,10018.0,683.4,535.9
EDBL,3/19/2020,360.0,387.0,354.0,375.0,2.18,12590.0,683.4,535.9
EDBL,5/12/2020,314.0,314.0,314.0,314.0,-16.27,10.0,683.4,535.9
EDBL,6/30/2020,308.0,308.0,308.0,308.0,-1.91,20.0,683.4,535.9
EDBL,7/1/2020,314.0,314.0,314.0,314.0,1.95,100.0,683.4,535.9
EDBL,7/2/2020,315.0,315.0,310.0,310.0,-1.27,1020.0,683.4,535.9
EDBL,7/5/2020,316.0,316.0,302.0,302.0,-2.58,603.0,683.4,535.9
EDBL,7/6/2020,303.0,303.0,293.0,293.0,-2.98,988.0,683.4,535.9
EDBL,7/7/2020,295.0,299.0,290.0,290.0,-1.02,4343.0,683.4,535.9
EDBL,7/8/2020,295.0,295.0,285.0,285.0,-1.72,2402.0,683.4,535.9
EDBL,7/9/2020,290.0,300.0,290.0,293.0,2.81,736.0,683.4,535.9
EDBL,7/12/2020,298.0,298.0,298.0,298.0,1.71,67.0,683.4,535.9
EDBL,7/13/2020,298.0,298.0,295.0,295.0,-1.01,1578.0,683.4,535.9
EDBL,7/14/2020,300.0,300.0,300.0,300.0,1.69,550.0,683.4,535.9
EDBL,7/15/2020,305.0,305.0,298.0,298.0,-0.67,3319.0,683.4,535.9
EDBL,7/16/2020,298.0,314.0,296.0,314.0,5.37,4342.0,683.4,535.9
EDBL,7/20/2020,321.0,343.0,321.0,325.0,3.5,5390.0,683.4,535.9
EDBL,7/21/2020,319.0,321.0,309.0,315.0,-3.08,1722.0,683.4,535.9
EDBL,7/22/2020,316.0,332.0,316.0,330.0,4.76,7988.0,683.4,535.9
EDBL,7/23/2020,324.0,324.0,318.0,324.0,-1.82,756.0,683.4,535.9
EDBL,7/26/2020,330.0,340.0,330.0,330.0,1.85,4259.0,683.4,535.9
EDBL,7/27/2020,336.0,346.0,335.0,335.0,1.52,3261.0,683.4,535.9
EDBL,7/28/2020,341.0,341.0,336.0,337.0,0.6,1856.0,683.4,535.9
EDBL,7/29/2020,331.0,337.0,325.0,333.0,-1.19,1899.0,683.4,535.9
EDBL,7/30/2020,327.0,339.0,327.0,331.0,-0.6,4280.0,683.4,535.9
EDBL,8/2/2020,329.0,329.0,314.0,316.0,-4.53,3748.0,683.4,535.9
EDBL,8/3/2020,322.0,322.0,315.0,318.0,0.63,3017.0,683.4,535.9
EDBL,8/5/2020,313.0,318.0,312.0,315.0,-0.94,4501.0,683.4,535.9
EDBL,8/6/2020,309.0,315.0,309.0,314.0,-0.32,1250.0,683.4,535.9
EDBL,8/9/2020,308.0,312.0,303.0,312.0,-0.64,1348.0,683.4,535.9
EDBL,8/10/2020,307.0,315.0,301.0,312.0,0.0,5466.0,683.4,535.9
EDBL,8/11/2020,318.0,323.0,314.0,314.0,0.64,980.0,683.4,535.9
EDBL,8/12/2020,314.0,315.0,312.0,315.0,0.32,1731.0,683.4,535.9
EDBL,8/13/2020,311.0,317.0,310.0,315.0,0.0,1695.0,683.4,535.9
EDBL,8/16/2020,314.0,314.0,308.0,308.0,-2.22,4572.0,683.4,535.9
EDBL,8/17/2020,310.0,316.0,310.0,310.0,0.65,555.0,683.4,535.9
EDBL,8/18/2020,310.0,314.0,310.0,314.0,1.29,3079.0,683.4,535.9
EDBL,8/19/2020,310.0,310.0,301.0,306.0,-2.55,7018.0,683.4,535.9
EDBL,8/20/2020,305.0,308.0,304.0,304.0,-0.65,1721.0,683.4,535.9
EDBL,8/23/2020,304.0,305.0,300.0,305.0,0.33,6421.0,683.4,535.9
EDBL,8/24/2020,301.0,306.0,301.0,306.0,0.33,4282.0,683.4,535.9
EDBL,8/25/2020,302.0,307.0,302.0,302.0,-1.31,4762.0,683.4,535.9
EDBL,8/26/2020,300.0,302.0,299.0,300.0,-0.66,11039.0,683.4,535.9
EDBL,8/27/2020,300.0,300.0,296.0,299.0,-0.33,3560.0,683.4,535.9
EDBL,8/30/2020,300.0,311.0,298.0,302.0,1.0,4960.0,683.4,535.9
EDBL,8/31/2020,300.0,313.0,300.0,303.0,0.33,7390.0,683.4,535.9
EDBL,9/2/2020,305.0,308.0,301.0,308.0,1.65,4637.0,683.4,535.9
EDBL,9/3/2020,308.0,308.0,303.0,306.0,-0.65,1992.0,683.4,535.9
EDBL,9/6/2020,306.0,306.0,298.0,299.0,-2.29,6173.0,683.4,535.9
EDBL,9/7/2020,296.0,299.0,296.0,296.0,-1.0,2609.0,683.4,535.9
EDBL,9/8/2020,300.0,313.0,300.0,311.0,5.07,1780.0,683.4,535.9
EDBL,9/9/2020,306.0,306.0,300.0,306.0,-1.61,1429.0,683.4,535.9
EDBL,9/10/2020,301.0,306.0,298.0,300.0,-1.96,5363.0,683.4,535.9
EDBL,9/13/2020,295.0,299.0,295.0,296.0,-1.33,9414.0,683.4,535.9
EDBL,9/14/2020,301.0,307.0,299.0,301.0,1.69,10953.0,683.4,535.9
EDBL,9/15/2020,300.0,301.0,297.0,297.0,-1.33,5510.0,683.4,535.9
EDBL,9/16/2020,295.0,302.0,293.0,298.0,0.34,6508.0,683.4,535.9
EDBL,9/17/2020,302.0,310.0,297.0,303.0,1.68,12699.0,683.4,535.9
EDBL,9/20/2020,307.0,310.0,303.0,308.0,1.65,11102.0,683.4,535.9
EDBL,9/21/2020,305.0,314.0,303.0,310.0,0.65,12452.0,683.4,535.9
EDBL,9/22/2020,313.0,313.0,304.0,305.0,-1.61,8857.0,683.4,535.9
EDBL,9/23/2020,300.0,310.0,300.0,310.0,1.64,9258.0,683.4,535.9
EDBL,9/24/2020,305.0,310.0,305.0,309.0,-0.32,3979.0,683.4,535.9
EDBL,9/27/2020,308.0,309.0,305.0,309.0,0.0,4467.0,683.4,535.9
EDBL,9/28/2020,308.0,311.0,304.0,309.0,0.0,7077.0,683.4,535.9
EDBL,9/29/2020,308.0,310.0,308.0,309.0,0.0,6583.0,683.4,535.9
EDBL,9/30/2020,305.0,310.0,305.0,308.0,-0.32,5327.0,683.4,535.9
EDBL,10/1/2020,309.0,314.0,307.0,310.0,0.65,9460.0,683.4,535.9
EDBL,10/4/2020,316.0,318.0,312.0,317.0,2.26,10332.0,683.4,535.9
EDBL,10/5/2020,317.0,318.0,309.0,309.0,-2.52,19003.0,683.4,535.9
EDBL,10/6/2020,311.0,314.0,310.0,314.0,1.62,2153.0,683.4,535.9
EDBL,10/7/2020,312.0,321.0,311.0,320.0,1.91,11823.0,683.4,535.9
EDBL,10/8/2020,325.0,327.0,322.0,327.0,2.19,12751.0,683.4,535.9
EDBL,10/11/2020,328.0,330.0,320.0,330.0,0.92,7185.0,683.4,535.9
EDBL,10/12/2020,328.0,332.0,319.0,330.0,0.0,11327.0,683.4,535.9
EDBL,10/13/2020,333.0,333.0,321.0,330.0,0.0,8174.0,683.4,535.9
EDBL,10/14/2020,326.0,326.0,319.0,319.0,-3.33,700.0,683.4,535.9
EDBL,10/15/2020,323.0,323.0,307.0,308.0,-3.45,9894.0,683.4,535.9
EDBL,10/18/2020,314.0,320.0,310.0,315.0,2.27,4378.0,683.4,535.9
EDBL,10/19/2020,320.0,320.0,315.0,318.0,0.95,344.0,683.4,535.9
EDBL,10/20/2020,324.0,324.0,307.0,320.0,0.63,2180.0,683.4,535.9
EDBL,10/21/2020,318.0,318.0,314.0,317.0,-0.94,2750.0,683.4,535.9
EDBL,10/22/2020,321.0,321.0,314.0,314.0,-0.95,2810.0,683.4,535.9
EDBL,10/28/2020,315.0,326.0,315.0,323.0,2.87,3708.0,683.4,535.9
EDBL,10/29/2020,329.0,330.0,317.0,323.0,0.0,6889.0,683.4,535.9
EDBL,11/1/2020,320.0,322.0,319.0,321.0,-0.62,10164.0,683.4,535.9
EDBL,11/2/2020,322.0,322.0,318.0,320.0,-0.31,2207.0,683.4,535.9
EDBL,11/3/2020,318.0,319.0,315.0,319.0,-0.31,3617.0,683.4,535.9
EDBL,11/4/2020,319.0,320.0,315.0,315.0,-1.25,2256.0,683.4,535.9
EDBL,11/5/2020,315.0,319.0,315.0,319.0,1.27,803.0,683.4,535.9
EDBL,11/8/2020,325.0,325.0,319.0,321.0,0.63,4775.0,683.4,535.9
EDBL,11/9/2020,320.0,324.0,318.0,320.0,-0.31,7650.0,683.4,535.9
EDBL,11/10/2020,320.0,326.0,319.0,326.0,1.88,6664.0,683.4,535.9
EDBL,11/11/2020,324.0,329.0,320.0,326.0,0.0,10879.0,683.4,535.9
EDBL,11/12/2020,326.0,330.0,323.0,328.0,0.61,10055.0,683.4,535.9
EDBL,11/18/2020,333.0,334.0,322.0,328.0,0.0,2240.0,683.4,535.9
EDBL,11/19/2020,332.0,335.0,322.0,331.0,0.91,9258.0,683.4,535.9
EDBL,11/22/2020,336.0,340.0,333.0,340.0,2.72,13612.0,683.4,535.9
EDBL,11/23/2020,341.0,342.0,338.0,342.0,0.59,7657.0,683.4,535.9
EDBL,11/24/2020,341.0,342.0,338.0,339.0,-0.88,16493.0,683.4,535.9
EDBL,11/25/2020,340.0,345.0,337.0,345.0,1.77,12962.0,683.4,535.9
EDBL,11/26/2020,356.0,362.0,343.0,358.0,3.77,25509.0,683.4,535.9
EDBL,11/29/2020,359.0,386.0,359.0,376.0,5.03,27593.0,683.4,535.9
EDBL,11/30/2020,383.0,397.0,372.0,375.0,-0.27,27168.0,683.4,535.9
EDBL,12/1/2020,368.0,370.0,361.0,367.0,-2.13,9406.0,683.4,535.9
EDBL,12/2/2020,361.0,393.0,356.0,370.0,0.82,11307.0,683.4,535.9
EDBL,12/3/2020,363.0,367.0,353.0,357.0,-3.51,9919.0,683.4,535.9
EDBL,12/6/2020,355.0,355.0,347.0,354.0,-0.84,4263.0,683.4,535.9
EDBL,12/7/2020,348.0,351.0,342.0,349.0,-1.41,4337.0,683.4,535.9
EDBL,12/8/2020,350.0,353.0,348.0,348.0,-0.29,3010.0,683.4,535.9
EDBL,12/9/2020,346.0,350.0,340.0,350.0,0.57,4841.0,683.4,535.9
EDBL,12/10/2020,348.0,354.0,342.0,352.0,0.57,3840.0,683.4,535.9
EDBL,12/13/2020,369.0,376.0,352.0,358.0,1.7,8333.0,683.4,535.9
EDBL,12/14/2020,358.0,359.0,352.0,359.0,0.28,2436.0,683.4,535.9
EDBL,12/15/2020,359.0,359.0,355.0,356.0,-0.84,716.0,683.4,535.9
EDBL,12/16/2020,360.0,360.0,350.0,351.0,-1.4,3233.0,683.4,535.9
EDBL,12/17/2020,358.0,358.0,345.0,350.0,-0.28,3622.0,683.4,535.9
EDBL,12/20/2020,347.0,348.0,339.0,339.0,-3.14,15297.0,683.4,535.9
EDBL,12/21/2020,335.0,341.0,326.0,341.0,0.59,5136.0,683.4,535.9
EDBL,12/22/2020,346.0,355.0,346.0,353.0,3.52,2353.0,683.4,535.9
EDBL,12/23/2020,359.0,364.0,344.0,350.0,-0.85,4052.0,683.4,535.9
EDBL,12/24/2020,343.0,349.0,343.0,349.0,-0.29,1143.0,683.4,535.9
EDBL,12/27/2020,343.0,355.0,339.0,355.0,1.72,1741.0,683.4,535.9
EDBL,12/28/2020,350.0,351.0,345.0,351.0,-1.13,1949.0,683.4,535.9
EDBL,12/29/2020,350.0,350.0,345.0,350.0,-0.28,2372.0,683.4,535.9
EDBL,12/30/2020,344.0,349.0,343.0,349.0,-0.29,2293.0,683.4,535.9
EDBL,12/31/2020,344.0,345.0,338.0,345.0,-1.15,4000.0,683.4,535.9
EDBL,1/3/2021,350.0,350.0,339.0,350.0,1.45,20293.0,683.4,535.9
EDBL,1/4/2021,350.0,353.0,347.0,347.0,-0.86,9869.0,683.4,535.9
EDBL,1/5/2021,342.0,353.0,342.0,352.0,1.44,5591.0,683.4,535.9
EDBL,1/6/2021,355.0,358.0,348.0,349.0,-0.85,4586.0,683.4,535.9
EDBL,1/7/2021,350.0,356.0,349.0,352.0,0.86,12208.0,683.4,535.9
EDBL,1/10/2021,358.0,366.0,356.0,360.0,2.27,7824.0,683.4,535.9
EDBL,1/11/2021,367.0,370.0,362.0,363.0,0.83,11770.0,683.4,535.9
EDBL,1/12/2021,367.0,369.0,359.0,369.0,1.65,9984.0,683.4,535.9
EDBL,1/13/2021,375.0,378.0,372.0,372.0,0.81,10870.0,683.4,535.9
EDBL,1/17/2021,379.0,382.0,375.0,382.0,2.69,9715.0,683.4,535.9
EDBL,1/18/2021,401.0,403.0,390.0,397.0,3.93,34979.0,683.4,535.9
EDBL,1/19/2021,400.0,401.0,390.0,397.0,0.0,19549.0,683.4,535.9
EDBL,1/20/2021,398.0,400.0,396.0,399.0,0.5,10727.0,683.4,535.9
EDBL,1/21/2021,382.0,409.0,382.0,405.0,1.5,17110.0,683.4,535.9
EDBL,1/24/2021,413.0,421.0,407.0,410.0,1.23,11848.0,683.4,535.9
EDBL,1/25/2021,418.0,418.0,400.0,406.0,-0.98,12623.0,683.4,535.9
EDBL,1/26/2021,409.0,409.0,398.0,402.0,-0.99,9619.0,683.4,535.9
EDBL,1/27/2021,398.0,403.0,397.0,397.0,-1.24,5996.0,683.4,535.9
EDBL,1/28/2021,400.0,402.0,396.0,396.0,-0.25,27115.0,683.4,535.9
EDBL,1/31/2021,389.0,392.0,384.0,388.0,-2.02,13238.0,683.4,535.9
EDBL,2/1/2021,386.0,395.0,386.0,392.0,1.03,5462.0,683.4,535.9
EDBL,2/2/2021,395.0,400.0,388.0,399.0,1.79,7414.0,683.4,535.9
EDBL,2/3/2021,400.0,400.0,394.0,394.0,-1.25,10129.0,683.4,535.9
EDBL,2/4/2021,389.0,400.0,386.0,390.0,-1.02,7400.0,683.4,535.9
EDBL,2/7/2021,392.0,399.0,383.0,392.0,0.51,12131.0,683.4,535.9
EDBL,2/8/2021,385.0,414.0,385.0,403.0,2.81,14031.0,683.4,535.9
EDBL,2/9/2021,405.0,405.0,398.0,405.0,0.5,6716.0,683.4,535.9
EDBL,2/10/2021,400.0,405.0,400.0,401.0,-0.99,9635.0,683.4,535.9
EDBL,2/11/2021,408.0,409.0,400.0,400.0,-0.25,12026.0,683.4,535.9
EDBL,2/14/2021,402.0,405.0,398.0,402.0,0.5,9600.0,683.4,535.9
EDBL,2/15/2021,410.0,415.0,406.0,411.0,2.24,20464.0,683.4,535.9
EDBL,2/16/2021,410.0,425.0,408.0,422.0,2.68,28335.0,683.4,535.9
EDBL,2/17/2021,424.0,430.0,422.0,424.0,0.47,14840.0,683.4,535.9
EDBL,2/18/2021,430.0,431.0,424.0,425.0,0.24,10625.0,683.4,535.9
EDBL,2/21/2021,410.0,467.0,410.0,454.0,6.82,45166.0,683.4,535.9
EDBL,2/22/2021,455.0,468.0,440.0,450.0,-0.88,49541.0,683.4,535.9
EDBL,2/23/2021,441.0,459.0,425.0,454.0,0.89,12640.0,683.4,535.9
EDBL,2/24/2021,454.0,455.0,441.0,445.0,-1.98,15299.0,683.4,535.9
EDBL,2/25/2021,445.0,450.0,430.0,438.0,-1.57,5378.0,683.4,535.9
EDBL,2/28/2021,440.0,440.0,416.0,418.0,-4.57,4808.0,683.4,535.9
EDBL,3/1/2021,410.0,429.0,396.0,427.0,2.15,13518.0,683.4,535.9
EDBL,3/2/2021,430.0,430.0,407.0,409.0,-4.22,7872.0,683.4,535.9
EDBL,3/3/2021,409.0,409.0,399.0,406.0,-0.73,7071.0,683.4,535.9
EDBL,3/4/2021,405.0,423.0,404.0,420.0,3.45,19634.0,683.4,535.9
EDBL,3/7/2021,424.0,450.0,419.0,450.0,7.14,41351.0,683.4,535.9
EDBL,3/9/2021,460.0,468.0,443.0,450.0,0.0,45653.0,683.4,535.9
EDBL,3/10/2021,452.0,455.0,440.0,443.0,-1.56,12771.0,683.4,535.9
EDBL,3/14/2021,440.0,440.0,419.0,423.0,-4.51,3204.0,683.4,535.9
EDBL,3/15/2021,416.0,431.0,416.0,420.0,-0.71,4628.0,683.4,535.9
EDBL,3/16/2021,425.0,428.0,410.0,418.0,-0.48,15691.0,683.4,535.9
EDBL,3/17/2021,410.0,423.0,410.0,420.0,0.48,3496.0,683.4,535.9
EDBL,3/18/2021,425.0,436.0,418.0,436.0,3.81,10693.0,683.4,535.9
EDBL,3/21/2021,440.0,440.0,430.0,435.0,-0.23,6554.0,683.4,535.9
EDBL,3/22/2021,434.0,434.0,421.0,425.0,-2.3,4302.0,683.4,535.9
EDBL,3/23/2021,433.0,454.0,424.0,447.0,5.18,39601.0,683.4,535.9
EDBL,3/24/2021,455.0,464.0,440.0,454.0,1.57,20337.0,683.4,535.9
EDBL,3/25/2021,463.0,470.0,446.0,454.0,0.0,33576.0,683.4,535.9
EDBL,3/29/2021,460.0,460.0,441.0,446.0,-1.76,18739.0,683.4,535.9
EDBL,3/30/2021,453.0,458.0,447.0,451.0,1.12,15253.0,683.4,535.9
EDBL,3/31/2021,451.0,456.0,448.0,449.0,-0.44,12331.0,683.4,535.9
EDBL,4/1/2021,450.0,464.0,449.0,464.0,3.34,45678.0,683.4,535.9
EDBL,4/4/2021,472.0,494.0,470.0,490.0,5.6,48633.0,683.4,535.9
EDBL,4/5/2021,514.0,514.0,477.0,490.0,0.0,22712.0,683.4,535.9
EDBL,4/6/2021,500.0,500.0,486.0,492.0,0.41,26439.0,683.4,535.9
EDBL,4/7/2021,498.0,498.0,488.0,490.0,-0.41,34771.0,683.4,535.9
EDBL,4/8/2021,495.0,513.0,492.0,512.0,4.49,40114.0,683.4,535.9
EDBL,4/12/2021,537.0,563.0,535.0,555.0,8.4,159627.0,683.4,535.9
EDBL,4/13/2021,582.0,582.0,560.0,563.0,1.44,76824.0,683.4,535.9
EDBL,4/15/2021,591.0,591.0,558.0,569.0,1.07,33665.0,683.4,535.9
EDBL,4/18/2021,580.0,580.0,544.0,553.0,-2.81,26964.0,683.4,535.9
EDBL,4/19/2021,550.0,557.0,534.0,539.0,-2.53,32376.0,683.4,535.9
EDBL,4/20/2021,532.0,559.0,530.0,550.0,2.04,24237.0,683.4,535.9
EDBL,4/21/2021,550.0,550.0,535.0,546.0,-0.73,13996.0,683.4,535.9
EDBL,4/22/2021,552.0,552.0,532.0,539.0,-1.28,10719.0,683.4,535.9
EDBL,4/25/2021,535.0,535.0,525.0,527.0,-2.23,10542.0,683.4,535.9
EDBL,4/26/2021,536.0,536.0,495.0,507.0,-3.8,27126.0,683.4,535.9
EDBL,4/27/2021,505.0,525.0,505.0,525.0,3.55,10469.0,683.4,535.9
EDBL,4/28/2021,534.0,534.0,510.0,520.0,-0.95,5702.0,683.4,535.9
EDBL,4/29/2021,515.0,522.0,515.0,518.0,-0.38,5557.0,683.4,535.9
EDBL,5/2/2021,524.0,531.0,524.0,531.0,2.51,10980.0,683.4,535.9
EDBL,5/3/2021,537.0,540.0,529.0,529.0,-0.38,8185.0,683.4,535.9
EDBL,5/4/2021,530.0,531.0,526.0,530.0,0.19,4625.0,683.4,535.9
EDBL,5/5/2021,537.0,539.0,529.0,539.0,1.7,8441.0,683.4,535.9
EDBL,5/6/2021,545.0,545.0,527.0,532.0,-1.3,8786.0,683.4,535.9
EDBL,5/9/2021,530.0,534.0,523.0,527.0,-0.94,5286.0,683.4,535.9
EDBL,5/10/2021,527.0,535.0,525.0,534.0,1.33,2636.0,683.4,535.9
EDBL,5/11/2021,539.0,542.0,530.0,534.0,0.0,2587.0,683.4,535.9
EDBL,5/12/2021,542.0,544.0,530.0,537.0,0.56,9473.0,683.4,535.9
EDBL,5/13/2021,545.0,550.0,537.0,542.0,0.93,14098.0,683.4,535.9
EDBL,5/16/2021,552.0,563.0,545.0,551.0,1.66,14032.0,683.4,535.9
EDBL,5/17/2021,559.0,560.0,548.0,550.0,-0.18,16805.0,683.4,535.9
EDBL,5/18/2021,560.0,565.0,552.0,559.0,1.64,22650.0,683.4,535.9
EDBL,5/19/2021,565.0,599.0,562.0,581.0,3.94,55007.0,683.4,535.9
EDBL,5/20/2021,590.0,632.0,580.0,632.0,8.78,158509.0,683.4,535.9
EDBL,5/23/2021,632.0,671.0,608.0,671.0,6.17,93028.0,683.4,535.9
EDBL,5/24/2021,704.0,704.0,629.0,641.0,-4.47,67201.0,683.4,535.9
EDBL,5/25/2021,673.0,673.0,624.0,627.0,-2.18,27108.0,683.4,535.9
EDBL,5/27/2021,620.0,654.0,610.0,637.0,1.59,37834.0,683.4,535.9
EDBL,5/30/2021,639.0,667.0,635.0,640.0,0.47,56089.0,683.4,535.9
EDBL,5/31/2021,672.0,672.0,624.0,627.0,-2.03,29185.0,683.4,535.9
EDBL,6/1/2021,630.0,638.0,613.0,629.0,0.32,20114.0,683.4,535.9
EDBL,6/2/2021,639.0,654.0,621.0,649.0,3.18,44790.0,683.4,535.9
EDBL,6/3/2021,660.0,702.0,656.0,680.0,4.78,155269.0,683.4,535.9
EDBL,6/6/2021,700.0,700.0,670.0,690.0,1.47,89223.0,683.4,535.9
EDBL,6/7/2021,690.0,704.0,683.0,699.0,1.3,135656.0,683.4,535.9
EDBL,6/8/2021,710.0,768.0,705.0,767.0,9.73,148078.0,683.4,535.9
EDBL,6/9/2021,800.0,836.0,751.0,760.0,-0.91,79489.0,683.4,535.9
EDBL,6/10/2021,765.0,816.0,732.0,805.0,5.92,122566.0,683.4,535.9
EDBL,6/13/2021,815.0,885.0,810.0,885.0,9.94,116778.0,683.4,535.9
EDBL,6/14/2021,929.0,964.0,869.0,875.0,-1.13,81756.0,683.4,535.9
EDBL,6/15/2021,850.0,900.0,833.0,836.0,-4.46,71065.0,683.4,535.9
EDBL,6/16/2021,832.0,835.0,757.0,791.0,-5.38,71231.0,683.4,535.9
EDBL,6/17/2021,805.0,826.0,770.0,820.0,3.67,38704.0,683.4,535.9
EDBL,6/20/2021,815.0,820.0,775.0,790.0,-3.66,41639.0,683.4,535.9
EDBL,6/21/2021,800.0,808.0,765.0,767.0,-2.91,44954.0,683.4,535.9
EDBL,6/22/2021,782.0,810.0,768.0,810.0,5.61,27450.0,683.4,535.9
EDBL,6/23/2021,815.0,820.0,780.0,787.0,-2.84,27740.0,683.4,535.9
EDBL,6/24/2021,787.0,793.0,773.0,787.0,0.0,13303.0,683.4,535.9
EDBL,6/27/2021,785.0,787.0,772.0,780.0,-0.89,11662.0,683.4,535.9
EDBL,6/28/2021,790.0,790.0,771.0,771.0,-1.15,12679.0,683.4,535.9
EDBL,6/29/2021,771.0,779.0,744.0,753.0,-2.33,22697.0,683.4,535.9
EDBL,6/30/2021,768.0,768.0,737.0,764.0,1.46,18924.0,683.4,535.9
EDBL,7/1/2021,779.0,799.0,770.0,781.0,2.23,21295.0,683.4,535.9
EDBL,7/4/2021,790.0,790.0,770.0,771.0,-1.28,9967.0,683.4,535.9
EDBL,7/5/2021,767.0,770.0,762.0,769.0,-0.26,6049.0,683.4,535.9
EDBL,7/6/2021,778.0,778.0,761.0,769.0,0.0,7320.0,683.4,535.9
EDBL,7/7/2021,775.0,780.0,770.0,773.0,0.52,17929.0,683.4,535.9
EDBL,7/8/2021,770.0,784.0,770.0,779.0,0.78,8310.0,683.4,535.9
EDBL,7/11/2021,781.0,840.0,779.0,840.0,7.83,50895.0,683.4,535.9
EDBL,7/12/2021,846.0,850.0,800.0,813.0,-3.21,35142.0,683.4,535.9
EDBL,7/13/2021,800.0,830.0,800.0,817.0,0.49,9678.0,683.4,535.9
EDBL,7/14/2021,820.0,830.0,814.0,827.0,1.22,12458.0,683.4,535.9
EDBL,7/15/2021,828.0,870.0,816.0,855.0,3.39,54801.0,683.4,535.9
EDBL,7/18/2021,872.0,925.0,872.0,921.0,7.72,139287.0,683.4,535.9
EDBL,7/19/2021,930.0,948.6,902.0,918.0,-0.33,75446.0,683.4,535.9
EDBL,7/20/2021,902.0,925.0,901.0,924.0,0.65,40785.0,683.4,535.9
EDBL,7/22/2021,920.0,940.0,914.0,935.0,1.19,63756.0,683.4,535.9
EDBL,7/25/2021,953.7,1013.0,935.0,1001.0,7.06,124408.0,683.4,535.9
EDBL,7/26/2021,1010.0,1020.0,966.0,995.0,-0.6,35917.0,683.4,535.9
EDBL,7/27/2021,990.0,1005.0,972.0,1003.0,0.8,55673.0,683.4,535.9
EDBL,7/28/2021,1015.0,1055.0,998.0,1051.0,4.79,71096.0,683.4,535.9
EDBL,7/29/2021,1070.0,1070.0,1030.0,1042.5,-0.81,32078.0,683.4,535.9
EDBL,8/1/2021,1043.0,1055.0,1020.0,1041.0,-0.14,31443.0,683.4,535.9
EDBL,8/2/2021,1035.0,1045.0,1020.0,1036.0,-0.48,20866.0,683.4,535.9
EDBL,8/3/2021,1036.0,1045.0,1022.0,1022.0,-1.35,40589.0,683.4,535.9
EDBL,8/4/2021,1041.0,1066.0,1023.3,1060.0,3.72,77771.0,683.4,535.9
EDBL,8/5/2021,1045.0,1060.8,1040.0,1055.0,-0.47,43828.0,683.4,535.9
EDBL,8/8/2021,1050.0,1070.0,1050.0,1070.0,1.42,31261.0,683.4,535.9
EDBL,8/9/2021,1071.0,1072.0,1051.8,1051.8,-1.7,22999.0,683.4,535.9
EDBL,8/10/2021,1051.0,1155.0,1051.0,1150.0,9.34,72103.0,683.4,535.9
EDBL,8/11/2021,1150.0,1165.0,1108.0,1114.0,-3.13,42143.0,683.4,535.9
EDBL,8/12/2021,1106.0,1137.0,1105.0,1118.1,0.37,32071.0,683.4,535.9
EDBL,8/15/2021,1100.0,1183.2,1058.4,1170.0,4.64,154769.0,683.4,535.9
EDBL,8/16/2021,1193.0,1195.0,1105.0,1140.0,-2.56,55084.0,683.4,535.9
EDBL,8/17/2021,1140.0,1140.0,1096.7,1119.0,-1.84,21041.0,683.4,535.9
EDBL,8/18/2021,1101.0,1184.0,1080.0,1108.0,-0.98,57940.0,683.4,535.9
EDBL,8/19/2021,1115.0,1128.0,1093.2,1099.9,-0.73,17698.0,683.4,535.9
EDBL,8/24/2021,1075.0,1137.0,1051.1,1090.1,-0.89,17089.0,683.4,535.9
EDBL,8/25/2021,1110.0,1111.9,1061.6,1080.0,-0.93,28429.0,683.4,535.9
EDBL,8/26/2021,1075.0,1123.0,1062.0,1113.0,3.06,26647.0,683.4,535.9
EDBL,8/29/2021,1120.0,1120.0,1072.3,1073.6,-3.54,24189.0,683.4,535.9
EDBL,8/31/2021,1093.0,1093.0,1030.0,1036.0,-3.5,36009.0,683.4,535.9
EDBL,9/1/2021,1045.2,1056.7,1009.0,1009.0,-2.61,12393.0,683.4,535.9
EDBL,9/2/2021,1010.0,1030.0,1004.0,1005.1,-0.39,42054.0,683.4,535.9
EDBL,9/5/2021,1005.1,1005.1,916.3,935.0,-6.97,50210.0,683.4,535.9
EDBL,9/6/2021,935.0,1028.5,903.1,1028.5,10.0,41867.0,683.4,535.9
EDBL,9/7/2021,1026.0,1026.0,958.0,1000.0,-2.77,36726.0,683.4,535.9
EDBL,9/8/2021,1020.0,1100.0,1020.0,1086.0,8.6,91533.0,683.4,535.9
EDBL,9/9/2021,1107.7,1149.0,1095.0,1103.0,1.57,47767.0,683.4,535.9
EDBL,9/12/2021,1125.0,1125.0,1083.0,1093.0,-0.91,53841.0,683.4,535.9
EDBL,9/13/2021,1114.0,1114.0,1085.0,1095.0,0.18,39330.0,683.4,535.9
EDBL,9/14/2021,1095.0,1098.0,1085.0,1090.0,-0.46,16132.0,683.4,535.9
EDBL,9/15/2021,1094.9,1094.9,1070.0,1077.0,-1.19,19536.0,683.4,535.9
EDBL,9/16/2021,1077.0,1097.0,1045.1,1053.0,-2.23,88402.0,683.4,535.9
EDBL,9/20/2021,763.0,763.0,686.5,686.5,-34.81,58408.0,683.4,535.9
EDBL,9/21/2021,686.5,686.5,617.9,663.0,-3.42,81327.0,683.4,535.9
EDBL,9/22/2021,676.2,698.0,663.0,674.5,1.73,44299.0,683.4,535.9
EDBL,9/23/2021,687.9,714.0,660.0,691.0,2.45,20616.0,683.4,535.9
EDBL,9/26/2021,700.0,705.0,656.0,656.0,-5.07,11375.0,683.4,535.9
EDBL,9/27/2021,645.1,645.1,623.0,623.0,-5.03,7271.0,683.4,535.9
EDBL,9/28/2021,613.0,623.0,600.1,600.1,-3.68,17185.0,683.4,535.9
EDBL,9/29/2021,600.0,612.0,566.0,594.0,-1.02,14679.0,683.4,535.9
EDBL,9/30/2021,605.0,610.0,578.2,593.0,-0.17,5811.0,683.4,535.9
EDBL,10/3/2021,593.0,602.0,558.0,558.0,-5.9,4854.0,683.4,535.9
EDBL,10/4/2021,560.0,560.0,525.2,532.0,-4.66,6212.0,683.4,535.9
EDBL,10/5/2021,535.0,549.9,515.1,545.3,2.5,9889.0,683.4,535.9
EDBL,10/6/2021,550.0,599.8,545.0,579.5,6.27,12532.0,683.4,535.9
EDBL,10/10/2021,590.0,590.0,560.0,565.5,-2.42,7014.0,683.4,535.9
EDBL,10/11/2021,567.0,570.0,550.0,566.0,0.09,3045.0,683.4,535.9
EDBL,10/17/2021,567.0,578.2,551.0,554.1,-2.1,4125.0,683.4,535.9
EDBL,10/18/2021,555.0,564.0,540.0,545.0,-1.64,3699.0,683.4,535.9
EDBL,10/19/2021,545.0,549.9,527.1,530.0,-2.75,2009.0,683.4,535.9
EDBL,10/20/2021,535.0,544.9,530.0,534.7,0.89,5274.0,683.4,535.9
EDBL,10/21/2021,545.3,545.7,528.1,536.0,0.24,2398.0,683.4,535.9
EDBL,10/24/2021,537.0,564.0,536.0,555.0,3.54,10696.0,683.4,535.9
EDBL,10/25/2021,566.0,590.0,564.0,580.0,4.5,21573.0,683.4,535.9
EDBL,10/26/2021,591.0,602.0,580.0,587.9,1.36,10343.0,683.4,535.9
EDBL,10/27/2021,582.0,590.0,570.0,580.0,-1.34,18564.0,683.4,535.9
EDBL,10/28/2021,580.0,615.0,571.1,615.0,6.03,27057.0,683.4,535.9
EDBL,10/31/2021,615.0,650.0,615.0,650.0,5.69,35830.0,683.4,535.9
EDBL,11/1/2021,653.0,664.0,635.0,638.0,-1.85,17537.0,683.4,535.9
EDBL,11/2/2021,648.0,669.0,629.9,661.0,3.61,19385.0,683.4,535.9
EDBL,11/3/2021,650.0,674.9,650.0,663.0,0.3,15022.0,683.4,535.9
EDBL,11/8/2021,664.0,677.1,655.0,672.0,1.36,12281.0,683.4,535.9
EDBL,11/9/2021,665.0,668.0,641.0,643.5,-4.24,27483.0,683.4,535.9
EDBL,11/11/2021,635.0,655.0,623.0,630.0,-2.1,17520.0,683.4,535.9
EDBL,11/14/2021,620.1,639.9,610.0,625.0,-0.79,6768.0,683.4,535.9
EDBL,11/15/2021,637.5,640.0,632.0,636.0,1.76,6458.0,683.4,535.9
EDBL,11/16/2021,636.0,641.9,625.0,635.9,-0.02,5184.0,683.4,535.9
EDBL,11/17/2021,648.0,660.0,645.0,657.0,3.32,22299.0,683.4,535.9
EDBL,11/18/2021,670.1,670.1,628.0,635.0,-3.35,7416.0,683.4,535.9
EDBL,11/21/2021,647.7,647.7,620.1,632.0,-0.47,7623.0,683.4,535.9
EDBL,11/22/2021,619.4,637.5,619.4,635.0,0.47,2834.0,683.4,535.9
EDBL,11/23/2021,633.0,633.0,610.0,623.0,-1.89,3008.0,683.4,535.9
EDBL,11/24/2021,635.4,635.4,608.0,620.0,-0.48,3131.0,683.4,535.9
EDBL,11/25/2021,610.2,629.9,607.8,629.9,1.6,3916.0,683.4,535.9
EDBL,11/28/2021,617.4,617.4,583.0,585.0,-7.13,11705.0,683.4,535.9
EDBL,11/29/2021,595.0,630.0,574.0,590.0,0.85,7637.0,683.4,535.9
EDBL,11/30/2021,601.0,601.0,565.5,580.0,-1.69,2809.0,683.4,535.9
EDBL,12/1/2021,591.6,591.6,575.0,589.0,1.55,2415.0,683.4,535.9
EDBL,12/2/2021,599.0,599.0,555.0,580.0,-1.53,6423.0,683.4,535.9
EDBL,12/5/2021,591.6,591.6,530.1,555.0,-4.31,9661.0,683.4,535.9
EDBL,12/6/2021,566.1,610.5,530.0,608.0,9.55,11750.0,683.4,535.9
EDBL,12/7/2021,620.1,620.1,556.8,600.0,-1.32,15019.0,683.4,535.9
EDBL,12/8/2021,588.0,588.0,550.1,550.2,-8.3,7697.0,683.4,535.9
EDBL,12/9/2021,561.2,561.2,535.0,545.0,-0.95,8291.0,683.4,535.9
EDBL,12/12/2021,535.0,535.0,504.0,510.0,-6.42,8804.0,683.4,535.9
EDBL,12/13/2021,499.8,503.0,471.0,471.1,-7.63,5957.0,683.4,535.9
EDBL,12/14/2021,480.5,500.0,480.0,499.0,5.92,4625.0,683.4,535.9
EDBL,12/15/2021,508.9,519.0,449.1,496.7,-0.46,30721.0,683.4,535.9
EDBL,12/16/2021,486.8,490.0,468.0,468.0,-5.78,4040.0,683.4,535.9
EDBL,12/20/2021,476.0,476.0,449.0,449.0,-4.06,10645.0,683.4,535.9
EDBL,12/21/2021,454.0,493.9,450.0,480.0,6.9,10171.0,683.4,535.9
EDBL,12/22/2021,482.0,499.8,475.0,499.8,4.13,19533.0,683.4,535.9
EDBL,12/23/2021,509.7,509.7,482.0,504.0,0.84,10605.0,683.4,535.9
EDBL,12/26/2021,510.0,524.0,504.0,524.0,3.97,19154.0,683.4,535.9
EDBL,12/27/2021,521.0,528.0,501.2,510.0,-2.67,20759.0,683.4,535.9
EDBL,12/28/2021,500.0,516.5,490.0,506.2,-0.75,10415.0,683.4,535.9
EDBL,12/29/2021,507.0,514.9,500.0,513.8,1.5,4130.0,683.4,535.9
EDBL,1/2/2022,519.9,519.9,501.0,513.0,-0.16,6732.0,683.4,535.9
EDBL,1/3/2022,522.8,533.6,521.0,529.5,3.22,15766.0,683.4,535.9
EDBL,1/4/2022,540.0,548.0,521.0,540.0,1.98,4946.0,683.4,535.9
EDBL,1/5/2022,545.0,548.0,509.7,534.9,-0.94,16215.0,683.4,535.9
EDBL,1/6/2022,545.5,545.5,524.0,533.0,-0.36,6313.0,683.4,535.9
EDBL,1/9/2022,543.0,550.0,538.0,538.0,0.94,9659.0,683.4,535.9
EDBL,1/10/2022,548.0,559.9,540.0,555.0,3.16,28005.0,683.4,535.9
EDBL,1/11/2022,566.0,600.0,554.0,590.0,6.31,36141.0,683.4,535.9
EDBL,1/12/2022,599.0,601.9,569.0,569.0,-3.56,30238.0,683.4,535.9
EDBL,1/13/2022,580.3,586.0,565.0,580.0,1.93,12335.0,683.4,535.9
EDBL,1/16/2022,591.0,615.0,590.0,603.0,3.97,41164.0,683.4,535.9
EDBL,1/17/2022,613.0,613.0,591.3,605.0,0.33,14041.0,683.4,535.9
EDBL,1/18/2022,601.0,615.0,585.2,599.5,-0.91,30042.0,683.4,535.9
EDBL,1/19/2022,599.0,599.0,565.2,581.0,-3.09,12319.0,683.4,535.9
EDBL,1/20/2022,592.6,592.6,576.0,589.0,1.38,9054.0,683.4,535.9
EDBL,1/23/2022,590.0,600.0,570.0,579.0,-1.7,7793.0,683.4,535.9
EDBL,1/24/2022,568.0,579.0,549.0,554.0,-4.32,12854.0,683.4,535.9
EDBL,1/25/2022,543.0,565.0,533.1,556.0,0.36,23670.0,683.4,535.9
EDBL,1/26/2022,547.0,550.0,540.0,543.0,-2.34,11366.0,683.4,535.9
EDBL,1/27/2022,545.1,552.5,539.0,540.0,-0.55,5583.0,683.4,535.9
EDBL,1/30/2022,550.8,571.0,545.0,571.0,5.74,53248.0,683.4,535.9
EDBL,1/31/2022,573.0,574.0,553.7,560.0,-1.93,17846.0,683.4,535.9
EDBL,2/1/2022,561.0,582.0,555.0,579.0,3.39,25476.0,683.4,535.9
EDBL,2/3/2022,584.0,590.5,562.7,563.6,-2.66,17597.0,683.4,535.9
EDBL,2/6/2022,564.0,565.0,545.0,548.9,-2.61,11925.0,683.4,535.9
EDBL,2/7/2022,540.09,554.0,540.09,548.0,-0.16,9232.0,683.4,535.9
EDBL,2/8/2022,557.0,568.0,540.0,543.0,-0.91,14686.0,683.4,535.9
EDBL,2/9/2022,533.0,554.0,533.0,536.0,-1.29,5707.0,683.4,535.9
EDBL,2/10/2022,546.0,546.0,533.3,543.0,1.31,8382.0,683.4,535.9
EDBL,2/13/2022,553.8,553.8,515.2,521.0,-4.05,12224.0,683.4,535.9
EDBL,2/14/2022,530.0,530.0,516.1,524.4,0.65,10379.0,683.4,535.9
EDBL,2/15/2022,534.8,534.8,523.0,525.0,0.11,19539.0,683.4,535.9
EDBL,2/16/2022,535.5,535.5,518.0,521.0,-0.76,8674.0,683.4,535.9
EDBL,2/17/2022,531.4,531.4,515.0,517.0,-0.77,14552.0,683.4,535.9
EDBL,2/20/2022,506.7,515.0,502.0,505.0,-2.32,12912.0,683.4,535.9
EDBL,2/21/2022,515.1,524.0,500.0,505.0,0.0,19233.0,683.4,535.9
EDBL,2/22/2022,515.1,515.1,505.0,515.1,2.0,13312.0,683.4,535.9
EDBL,2/23/2022,525.4,525.4,505.0,510.0,-0.99,6288.0,683.4,535.9
EDBL,2/24/2022,520.2,520.2,485.0,489.0,-4.12,13501.0,683.4,535.9
EDBL,2/27/2022,498.7,498.7,475.0,495.0,1.23,17942.0,683.4,535.9
EDBL,2/28/2022,504.9,504.9,470.0,473.0,-4.44,20709.0,683.4,535.9
EDBL,3/2/2022,482.4,482.4,454.0,454.0,-4.02,12021.0,683.4,535.9
EDBL,3/6/2022,463.0,464.0,443.0,464.0,2.2,19104.0,683.4,535.9
EDBL,3/7/2022,465.0,465.0,449.6,455.9,-1.75,25591.0,683.4,535.9
EDBL,3/9/2022,450.0,455.0,435.1,441.0,-3.27,12740.0,683.4,535.9
EDBL,3/10/2022,435.0,451.0,434.0,449.0,1.81,27945.0,683.4,535.9
EDBL,3/13/2022,457.0,469.0,455.0,465.0,3.56,42306.0,683.4,535.9
EDBL,3/14/2022,470.0,470.0,459.0,465.0,0.0,11862.0,683.4,535.9
EDBL,3/15/2022,474.3,478.0,457.0,472.0,1.51,17037.0,683.4,535.9
EDBL,3/16/2022,479.8,481.0,460.1,462.0,-2.12,10698.0,683.4,535.9
EDBL,3/20/2022,471.2,471.2,457.0,465.0,0.65,14115.0,683.4,535.9
EDBL,3/21/2022,474.3,479.0,464.0,479.0,3.01,17201.0,683.4,535.9
EDBL,3/22/2022,488.5,490.0,470.9,482.0,0.63,17568.0,683.4,535.9
EDBL,3/23/2022,482.0,489.0,475.0,486.0,0.83,9106.0,683.4,535.9
EDBL,3/24/2022,495.0,495.0,470.0,472.0,-2.88,12823.0,683.4,535.9
EDBL,3/27/2022,470.0,470.0,447.0,450.0,-4.66,20707.0,683.4,535.9
EDBL,3/28/2022,441.1,455.0,440.0,442.1,-1.76,19607.0,683.4,535.9
EDBL,3/29/2022,440.1,450.8,440.1,441.1,-0.23,4325.0,683.4,535.9
EDBL,3/30/2022,433.0,457.0,433.0,453.0,2.7,14231.0,683.4,535.9
EDBL,3/31/2022,447.1,457.0,438.3,445.0,-1.77,14153.0,683.4,535.9
EDBL,4/3/2022,437.0,444.0,437.0,444.0,-0.22,5624.0,683.4,535.9
EDBL,4/4/2022,450.0,450.0,433.2,434.0,-2.25,6877.0,683.4,535.9
EDBL,4/5/2022,428.0,430.0,421.1,424.0,-2.3,13377.0,683.4,535.9
EDBL,4/6/2022,420.0,428.0,412.0,416.0,-1.89,5445.0,683.4,535.9
EDBL,4/7/2022,416.0,437.0,416.0,437.0,5.05,15651.0,683.4,535.9
EDBL,4/11/2022,445.0,449.0,427.0,427.0,-2.29,5809.0,683.4,535.9
EDBL,4/12/2022,435.5,435.5,418.1,418.1,-2.08,5814.0,683.4,535.9
EDBL,4/13/2022,418.0,431.0,413.0,428.8,2.56,3442.0,683.4,535.9
EDBL,4/17/2022,437.3,437.3,418.0,427.9,-0.21,3660.0,683.4,535.9
EDBL,4/18/2022,434.9,434.9,408.1,410.0,-4.18,12666.0,683.4,535.9
EDBL,4/19/2022,417.9,417.9,394.0,412.0,0.49,9972.0,683.4,535.9
EDBL,4/20/2022,420.2,420.2,401.8,402.0,-2.43,2045.0,683.4,535.9
EDBL,4/21/2022,402.0,405.0,385.0,405.0,0.75,14768.0,683.4,535.9
EDBL,4/24/2022,413.0,444.7,396.9,430.0,6.17,12176.0,683.4,535.9
EDBL,4/25/2022,438.0,438.0,416.5,418.0,-2.79,20817.0,683.4,535.9
EDBL,4/26/2022,426.3,426.3,405.0,415.0,-0.72,6126.0,683.4,535.9
EDBL,4/27/2022,415.0,420.0,410.0,418.0,0.72,9585.0,683.4,535.9
EDBL,4/28/2022,417.0,424.9,410.0,412.0,-1.44,5364.0,683.4,535.9
EDBL,5/2/2022,412.0,412.0,393.2,394.0,-4.37,6810.0,683.4,535.9
EDBL,5/4/2022,391.0,401.8,386.3,388.0,-1.52,5142.0,683.4,535.9
EDBL,5/5/2022,382.0,395.7,380.0,382.0,-1.55,4551.0,683.4,535.9
EDBL,5/8/2022,375.0,395.0,374.0,390.0,2.09,4353.0,683.4,535.9
EDBL,5/9/2022,395.0,400.0,385.0,400.0,2.56,6906.0,683.4,535.9
EDBL,5/10/2022,403.0,408.0,399.0,408.0,2.0,2462.0,683.4,535.9
EDBL,5/11/2022,416.0,421.0,402.0,418.0,2.45,11256.0,683.4,535.9
EDBL,5/12/2022,426.3,426.3,400.0,403.0,-3.59,12639.0,683.4,535.9
EDBL,5/17/2022,403.0,403.0,385.0,386.0,-4.22,4235.0,683.4,535.9
EDBL,5/18/2022,386.0,403.2,374.0,400.0,3.63,8959.0,683.4,535.9
EDBL,5/19/2022,408.0,408.0,390.0,394.0,-1.5,5978.0,683.4,535.9
EDBL,5/20/2022,401.8,401.8,379.3,385.0,-2.28,6282.0,683.4,535.9
EDBL,5/23/2022,378.1,380.0,373.0,373.0,-3.12,4024.0,683.4,535.9
EDBL,5/24/2022,373.0,388.0,370.0,380.0,1.88,4765.0,683.4,535.9
EDBL,5/25/2022,383.5,386.0,375.0,379.0,-0.26,1565.0,683.4,535.9
EDBL,5/26/2022,386.5,387.0,373.1,380.2,0.32,1318.0,683.4,535.9
EDBL,5/27/2022,387.8,387.8,375.0,381.8,0.42,2002.0,683.4,535.9
EDBL,5/30/2022,382.0,382.0,367.0,372.0,-2.57,5655.0,683.4,535.9
EDBL,5/31/2022,367.0,379.0,360.0,367.0,-1.34,5264.0,683.4,535.9
EDBL,6/1/2022,367.0,374.0,367.0,372.0,1.36,2431.0,683.4,535.9
EDBL,6/2/2022,375.0,375.0,368.0,373.0,0.27,1628.0,683.4,535.9
EDBL,6/3/2022,366.0,366.0,363.0,366.0,-1.88,4050.0,683.4,535.9
EDBL,6/6/2022,368.0,373.0,365.0,370.0,1.09,5434.0,683.4,535.9
EDBL,6/7/2022,365.0,366.0,363.0,363.0,-1.89,2903.0,683.4,535.9
EDBL,6/8/2022,366.9,379.0,364.0,372.0,2.48,4896.0,683.4,535.9
EDBL,6/9/2022,378.8,380.0,358.0,368.0,-1.08,5134.0,683.4,535.9
EDBL,6/10/2022,368.0,368.0,360.7,367.0,-0.27,863.0,683.4,535.9
EDBL,6/13/2022,361.0,365.0,360.0,360.0,-1.91,2009.0,683.4,535.9
EDBL,6/14/2022,365.0,374.0,348.7,355.0,-1.39,13210.0,683.4,535.9
EDBL,6/15/2022,350.0,354.0,341.0,347.0,-2.25,7739.0,683.4,535.9
EDBL,6/16/2022,347.0,353.9,347.0,353.0,1.73,1774.0,683.4,535.9
EDBL,6/17/2022,359.9,360.0,349.0,354.0,0.28,480.0,683.4,535.9
EDBL,6/19/2022,347.2,355.0,340.0,349.8,-1.19,3373.0,683.4,535.9
EDBL,6/20/2022,345.0,345.0,328.0,330.0,-5.66,8463.0,683.4,535.9
EDBL,6/21/2022,333.0,344.0,330.0,344.0,4.24,8113.0,683.4,535.9
EDBL,6/22/2022,338.0,339.0,331.3,334.0,-2.91,3392.0,683.4,535.9
EDBL,6/23/2022,327.4,333.0,317.5,326.0,-2.4,3592.0,683.4,535.9
EDBL,6/24/2022,319.5,335.0,308.0,329.9,1.2,4190.0,683.4,535.9
EDBL,6/26/2022,336.4,357.8,332.0,357.8,8.46,8732.0,683.4,535.9
EDBL,6/27/2022,364.0,364.9,333.0,339.5,-5.11,26811.0,683.4,535.9
EDBL,6/28/2022,345.9,345.9,327.5,330.0,-2.8,3222.0,683.4,535.9
EDBL,6/29/2022,325.0,347.6,325.0,343.0,3.94,3489.0,683.4,535.9
EDBL,6/30/2022,340.0,377.3,340.0,369.5,7.73,31055.0,683.4,535.9
EDBL,7/1/2022,362.3,374.0,355.0,362.0,-2.03,8189.0,683.4,535.9
EDBL,7/3/2022,369.2,377.0,366.9,377.0,4.14,21538.0,683.4,535.9
EDBL,7/4/2022,383.0,413.9,370.0,371.0,-1.59,39368.0,683.4,535.9
EDBL,7/5/2022,363.7,384.0,350.0,353.0,-4.85,25697.0,683.4,535.9
EDBL,7/6/2022,360.0,369.2,346.0,367.0,3.97,17636.0,683.4,535.9
EDBL,7/7/2022,370.0,380.0,357.0,368.0,0.27,14052.0,683.4,535.9
EDBL,7/8/2022,362.0,362.0,353.8,357.0,-2.99,13329.0,683.4,535.9
EDBL,7/11/2022,357.0,357.9,346.0,348.0,-2.52,35671.0,683.4,535.9
EDBL,7/12/2022,320.9,337.5,320.9,324.0,-6.9,9618.0,683.4,535.9
EDBL,7/13/2022,320.0,342.0,320.0,338.4,4.44,25012.0,683.4,535.9
EDBL,7/14/2022,344.8,345.0,328.3,333.0,-1.6,10872.0,683.4,535.9
EDBL,7/15/2022,330.0,334.0,323.5,327.0,-1.8,6775.0,683.4,535.9
EDBL,7/17/2022,332.0,332.9,325.0,327.0,0.0,6035.0,683.4,535.9
EDBL,7/18/2022,323.0,343.0,322.0,340.5,4.13,7497.0,683.4,535.9
EDBL,7/19/2022,342.0,354.0,342.0,347.5,2.06,19966.0,683.4,535.9
EDBL,7/20/2022,350.0,350.0,340.0,345.8,-0.49,11936.0,683.4,535.9
EDBL,7/21/2022,339.0,348.5,336.1,342.0,-1.1,5267.0,683.4,535.9
EDBL,7/22/2022,336.2,337.0,328.0,335.0,-2.05,6949.0,683.4,535.9
EDBL,7/24/2022,341.0,350.0,333.0,350.0,4.48,17040.0,683.4,535.9
EDBL,7/25/2022,357.0,377.0,345.0,376.0,7.43,33542.0,683.4,535.9
EDBL,7/26/2022,370.0,376.0,358.8,362.9,-3.48,19509.0,683.4,535.9
EDBL,7/27/2022,362.9,367.0,349.0,363.0,0.03,13704.0,683.4,535.9
EDBL,7/28/2022,369.0,399.3,367.0,398.9,9.89,156201.0,683.4,535.9
EDBL,7/29/2022,400.0,426.0,392.0,426.0,6.79,47964.0,683.4,535.9
EDBL,7/31/2022,433.0,442.8,419.1,422.0,-0.94,55989.0,683.4,535.9
EDBL,8/1/2022,414.0,423.2,394.0,407.0,-3.55,53594.0,683.4,535.9
EDBL,8/2/2022,415.0,415.0,395.0,400.0,-1.72,24734.0,683.4,535.9
EDBL,8/3/2022,400.0,415.0,399.0,399.0,-0.25,89651.0,683.4,535.9
EDBL,8/4/2022,392.5,400.0,385.0,389.0,-2.51,31384.0,683.4,535.9
EDBL,8/5/2022,381.3,385.0,375.0,379.0,-2.57,26510.0,683.4,535.9
EDBL,8/7/2022,382.0,389.6,371.5,377.0,-0.53,26283.0,683.4,535.9
EDBL,8/8/2022,384.0,384.0,371.0,371.0,-1.59,20807.0,683.4,535.9
EDBL,8/9/2022,370.0,371.0,352.8,353.3,-4.77,34822.0,683.4,535.9
EDBL,8/10/2022,355.0,360.0,345.3,359.0,1.61,19448.0,683.4,535.9
EDBL,8/11/2022,366.0,366.0,345.0,349.9,-2.53,10493.0,683.4,535.9
EDBL,8/14/2022,344.0,356.0,332.3,332.3,-5.03,22713.0,683.4,535.9
EDBL,8/15/2022,328.0,360.0,328.0,350.0,5.33,16088.0,683.4,535.9
EDBL,8/16/2022,355.9,361.0,337.0,337.0,-3.71,31181.0,683.4,535.9
EDBL,8/17/2022,333.0,352.0,333.0,351.0,4.15,35009.0,683.4,535.9
EDBL,8/18/2022,346.0,368.0,346.0,363.4,3.53,41804.0,683.4,535.9
EDBL,8/21/2022,361.0,371.0,345.0,362.0,-0.39,40081.0,683.4,535.9
EDBL,8/22/2022,354.8,361.8,353.0,354.9,-1.96,17015.0,683.4,535.9
EDBL,8/23/2022,360.0,360.0,350.0,350.0,-1.38,8280.0,683.4,535.9
EDBL,8/24/2022,357.0,361.0,350.0,354.0,1.14,8851.0,683.4,535.9
EDBL,8/25/2022,354.0,356.0,346.0,346.0,-2.26,20180.0,683.4,535.9
EDBL,8/26/2022,340.0,345.9,339.2,340.0,-1.73,7190.0,683.4,535.9
EDBL,8/28/2022,339.7,342.0,326.0,328.0,-3.53,18633.0,683.4,535.9
EDBL,8/29/2022,330.0,334.0,323.0,333.0,1.52,19969.0,683.4,535.9
EDBL,8/30/2022,339.0,345.4,326.9,328.0,-1.5,17564.0,683.4,535.9
EDBL,8/31/2022,322.0,332.0,322.0,323.1,-1.49,11559.0,683.4,535.9
EDBL,9/1/2022,318.1,330.0,318.0,327.0,1.21,12498.0,683.4,535.9
EDBL,9/2/2022,332.0,334.0,327.0,330.0,0.92,8371.0,683.4,535.9
EDBL,9/4/2022,336.0,336.0,325.2,325.2,-1.45,8110.0,683.4,535.9
EDBL,9/5/2022,331.0,336.0,325.0,327.5,0.71,8951.0,683.4,535.9
EDBL,9/6/2022,324.0,329.0,320.1,324.0,-1.07,10158.0,683.4,535.9
EDBL,9/7/2022,320.0,324.0,316.0,320.0,-1.23,4517.0,683.4,535.9
EDBL,9/8/2022,318.0,326.0,317.1,321.0,0.31,3422.0,683.4,535.9
EDBL,9/11/2022,326.4,326.4,315.0,320.0,-0.31,8783.0,683.4,535.9
EDBL,9/12/2022,317.0,323.7,314.0,323.7,1.16,9348.0,683.4,535.9
EDBL,9/13/2022,317.3,328.4,317.3,324.0,0.09,7902.0,683.4,535.9
EDBL,9/14/2022,328.5,340.9,324.3,340.8,5.19,21469.0,683.4,535.9
EDBL,9/15/2022,340.0,340.0,322.0,323.0,-5.22,22979.0,683.4,535.9
EDBL,9/16/2022,317.0,324.0,312.0,318.0,-1.55,8074.0,683.4,535.9
EDBL,9/18/2022,315.0,318.0,312.0,314.0,-1.26,12520.0,683.4,535.9
EDBL,9/20/2022,310.0,312.0,297.1,297.3,-5.32,28630.0,683.4,535.9
EDBL,9/21/2022,299.0,310.0,299.0,305.0,2.59,6850.0,683.4,535.9
EDBL,9/22/2022,305.0,309.0,299.6,299.6,-1.77,3407.0,683.4,535.9
EDBL,9/25/2022,295.0,299.9,291.2,291.2,-2.8,4735.0,683.4,535.9
EDBL,9/27/2022,297.0,302.5,297.0,300.0,3.02,6491.0,683.4,535.9
EDBL,9/28/2022,302.5,302.5,296.5,297.0,-1.0,1894.0,683.4,535.9
EDBL,9/29/2022,302.0,302.0,296.0,301.0,1.35,5850.0,683.4,535.9
EDBL,10/9/2022,305.0,331.1,300.0,325.0,7.97,10613.0,683.4,535.9
EDBL,10/10/2022,321.5,327.0,308.7,312.0,-4.0,6897.0,683.4,535.9
EDBL,10/11/2022,317.0,317.0,306.0,315.0,0.96,2697.0,683.4,535.9
EDBL,10/12/2022,319.0,322.0,310.2,319.9,1.56,8397.0,683.4,535.9
EDBL,10/13/2022,325.0,325.0,314.1,314.1,-1.81,5197.0,683.4,535.9
EDBL,10/16/2022,320.0,320.0,308.1,309.9,-1.34,4770.0,683.4,535.9
EDBL,10/17/2022,314.0,314.0,308.5,310.0,0.03,2263.0,683.4,535.9
EDBL,10/19/2022,310.0,313.0,300.0,304.0,-1.94,7418.0,683.4,535.9
EDBL,10/20/2022,300.2,310.0,300.2,305.0,0.33,1142.0,683.4,535.9
EDBL,10/23/2022,308.0,308.0,303.0,307.0,0.66,3305.0,683.4,535.9
EDBL,10/31/2022,307.0,310.0,301.0,304.0,-0.98,3304.0,683.4,535.9
EDBL,11/1/2022,308.0,320.0,308.0,320.0,5.26,9743.0,683.4,535.9
EDBL,11/2/2022,324.0,329.0,312.0,320.0,0.0,9969.0,683.4,535.9
EDBL,11/3/2022,320.0,324.0,316.0,320.0,0.0,2834.0,683.4,535.9
EDBL,11/6/2022,320.0,329.9,320.0,325.5,1.72,5905.0,683.4,535.9
EDBL,11/7/2022,331.9,336.3,324.0,329.0,1.08,34108.0,683.4,535.9
EDBL,11/8/2022,331.0,331.0,325.0,327.0,-0.61,4622.0,683.4,535.9
EDBL,11/9/2022,325.9,325.9,300.4,301.0,-7.95,54549.0,683.4,535.9
EDBL,11/10/2022,307.0,318.0,301.0,301.1,0.03,13980.0,683.4,535.9
EDBL,11/13/2022,307.0,307.0,299.0,299.9,-0.4,13832.0,683.4,535.9
EDBL,11/14/2022,305.0,311.1,300.1,309.0,3.03,7021.0,683.4,535.9
EDBL,11/15/2022,308.0,313.0,299.0,308.0,-0.32,7042.0,683.4,535.9
EDBL,11/16/2022,303.0,314.0,300.0,307.0,-0.32,26613.0,683.4,535.9
EDBL,11/17/2022,310.0,314.0,307.8,307.8,0.26,20548.0,683.4,535.9
EDBL,11/22/2022,310.0,314.0,305.1,307.0,-0.26,8100.0,683.4,535.9
EDBL,11/23/2022,304.1,307.8,301.2,303.4,-1.17,3648.0,683.4,535.9
EDBL,11/24/2022,307.0,309.0,302.8,308.9,1.81,8329.0,683.4,535.9
EDBL,11/27/2022,312.0,315.0,309.1,309.8,0.29,16728.0,683.4,535.9
EDBL,11/28/2022,315.9,315.9,304.0,309.0,-0.26,33696.0,683.4,535.9
EDBL,11/29/2022,310.0,310.0,305.2,308.5,-0.16,9539.0,683.4,535.9
EDBL,11/30/2022,304.1,313.0,304.0,308.0,-0.16,4151.0,683.4,535.9
EDBL,12/1/2022,308.0,315.0,308.0,308.4,0.13,16559.0,683.4,535.9
EDBL,12/4/2022,314.2,314.2,307.0,309.0,0.19,20520.0,683.4,535.9
EDBL,12/5/2022,314.2,314.2,306.2,308.9,-0.03,6980.0,683.4,535.9
EDBL,12/6/2022,306.0,309.9,304.0,309.3,0.13,4944.0,683.4,535.9
EDBL,12/7/2022,304.0,309.0,304.0,306.0,-1.07,13664.0,683.4,535.9
EDBL,12/11/2022,307.0,307.0,297.0,300.0,-1.96,6182.0,683.4,535.9
EDBL,12/12/2022,305.0,306.0,300.2,304.0,1.33,5710.0,683.4,535.9
EDBL,12/13/2022,299.1,309.5,299.1,303.0,-0.33,2361.0,683.4,535.9
EDBL,12/14/2022,309.0,309.0,298.0,306.0,0.99,8315.0,683.4,535.9
EDBL,12/15/2022,300.0,303.0,299.9,302.5,-1.14,7160.0,683.4,535.9
EDBL,12/18/2022,297.0,302.0,296.0,298.5,-1.32,10928.0,683.4,535.9
EDBL,12/19/2022,298.0,300.0,294.0,300.0,0.5,4132.0,683.4,535.9
EDBL,12/20/2022,300.0,306.0,299.9,304.8,1.6,5602.0,683.4,535.9
EDBL,12/21/2022,310.8,310.8,298.8,300.0,-1.57,16634.0,683.4,535.9
EDBL,12/22/2022,294.0,302.0,294.0,297.5,-0.83,15227.0,683.4,535.9
EDBL,12/26/2022,303.4,315.0,303.4,310.3,4.3,13800.0,683.4,535.9
EDBL,12/27/2022,312.0,326.8,312.0,322.0,3.77,61197.0,683.4,535.9
EDBL,12/28/2022,316.0,327.7,310.0,324.7,0.84,28724.0,683.4,535.9
EDBL,12/29/2022,324.7,336.4,323.0,335.0,3.17,21815.0,683.4,535.9
EDBL,1/1/2023,341.0,341.7,329.0,336.0,0.3,69824.0,683.4,535.9
EDBL,1/2/2023,329.3,340.0,323.0,339.0,0.89,15708.0,683.4,535.9
EDBL,1/3/2023,334.0,342.0,334.0,336.0,-0.88,14862.0,683.4,535.9
EDBL,1/4/2023,340.0,346.0,337.1,344.0,2.38,25680.0,683.4,535.9
EDBL,1/5/2023,349.0,360.0,344.0,360.0,4.65,83252.0,683.4,535.9
EDBL,1/8/2023,361.0,371.2,352.9,360.0,0.0,49079.0,683.4,535.9
EDBL,1/9/2023,364.9,377.0,364.0,370.0,2.78,89948.0,683.4,535.9
EDBL,1/10/2023,377.4,396.0,368.6,370.0,0.0,80783.0,683.4,535.9
EDBL,1/12/2023,375.0,392.0,364.0,366.0,-1.08,69258.0,683.4,535.9
EDBL,1/17/2023,366.0,379.0,360.0,375.0,2.46,37240.0,683.4,535.9
EDBL,1/18/2023,381.0,385.0,366.3,367.0,-2.13,37439.0,683.4,535.9
EDBL,1/19/2023,360.0,375.1,360.0,368.9,0.52,19809.0,683.4,535.9
EDBL,1/23/2023,365.0,366.0,357.7,357.9,-2.98,25051.0,683.4,535.9
EDBL,1/24/2023,350.9,362.0,350.0,362.0,1.15,44431.0,683.4,535.9
EDBL,1/25/2023,364.9,369.0,355.4,361.0,-0.28,16288.0,683.4,535.9
EDBL,1/26/2023,363.0,366.0,350.1,354.0,-1.94,19771.0,683.4,535.9
EDBL,1/29/2023,350.0,359.9,342.5,345.0,-2.54,18104.0,683.4,535.9
EDBL,1/30/2023,340.2,349.0,337.2,339.0,-1.74,39482.0,683.4,535.9
EDBL,1/31/2023,335.0,346.8,331.0,341.0,0.59,56815.0,683.4,535.9
EDBL,2/1/2023,341.0,350.7,338.0,348.0,2.05,31316.0,683.4,535.9
EDBL,2/2/2023,341.1,354.0,339.0,345.0,-0.86,18450.0,683.4,535.9
EDBL,2/5/2023,351.8,351.8,338.1,348.0,0.87,13620.0,683.4,535.9
EDBL,2/6/2023,354.8,354.8,338.0,344.8,-0.92,5697.0,683.4,535.9
EDBL,2/7/2023,338.3,360.8,338.3,360.0,4.41,53459.0,683.4,535.9
EDBL,2/8/2023,367.0,370.0,355.0,361.8,0.5,24719.0,683.4,535.9
EDBL,2/9/2023,362.9,369.0,355.0,369.0,1.99,26657.0,683.4,535.9
EDBL,2/12/2023,361.7,361.7,348.0,349.0,-5.42,28811.0,683.4,535.9
EDBL,2/14/2023,342.2,353.0,342.2,343.3,-1.63,6746.0,683.4,535.9
EDBL,2/15/2023,350.1,354.0,338.1,345.0,0.5,19314.0,683.4,535.9
EDBL,2/16/2023,338.2,345.0,338.1,343.0,-0.58,10478.0,683.4,535.9
EDBL,2/20/2023,338.9,343.9,336.3,342.0,-0.29,7063.0,683.4,535.9
EDBL,2/22/2023,336.0,352.0,336.0,349.8,2.28,9793.0,683.4,535.9
EDBL,2/23/2023,343.0,346.4,333.1,337.0,-3.66,8993.0,683.4,535.9
EDBL,2/26/2023,330.3,341.0,317.3,341.0,1.19,6478.0,683.4,535.9
EDBL,2/27/2023,342.0,342.0,331.4,337.9,-0.91,12100.0,683.4,535.9
EDBL,2/28/2023,332.0,343.9,332.0,338.0,0.03,4262.0,683.4,535.9
EDBL,3/1/2023,337.0,341.0,330.3,330.3,-2.28,3227.0,683.4,535.9
EDBL,3/2/2023,325.0,331.0,322.4,325.0,-1.6,4054.0,683.4,535.9
EDBL,3/5/2023,325.0,325.0,318.6,322.9,-0.65,7308.0,683.4,535.9
EDBL,3/7/2023,324.8,332.9,320.0,324.7,0.56,5330.0,683.4,535.9
EDBL,3/9/2023,330.0,336.6,327.1,335.0,3.17,4831.0,683.4,535.9
EDBL,3/12/2023,335.0,340.8,325.0,329.0,-1.79,3850.0,683.4,535.9
EDBL,3/13/2023,324.0,328.0,320.0,324.0,-1.52,1792.0,683.4,535.9
EDBL,3/14/2023,324.0,329.0,319.2,324.0,0.0,7792.0,683.4,535.9
EDBL,3/15/2023,317.6,329.8,312.0,322.0,-0.62,17245.0,683.4,535.9
EDBL,3/16/2023,323.8,323.8,315.0,319.0,-0.93,3708.0,683.4,535.9
EDBL,3/19/2023,321.0,321.3,314.1,315.9,-0.97,4273.0,683.4,535.9
EDBL,3/20/2023,317.5,322.0,314.1,322.0,1.93,4032.0,683.4,535.9
EDBL,3/22/2023,326.7,326.7,311.0,319.7,-0.71,6581.0,683.4,535.9
EDBL,3/23/2023,324.9,324.9,308.0,309.0,-3.35,13635.0,683.4,535.9
EDBL,3/26/2023,311.9,314.0,300.0,302.9,-1.97,28610.0,683.4,535.9
EDBL,3/27/2023,306.0,313.0,302.0,311.0,2.67,5482.0,683.4,535.9
EDBL,3/28/2023,313.0,316.6,305.3,313.0,0.64,17637.0,683.4,535.9
EDBL,3/29/2023,307.0,312.6,307.0,311.0,-0.64,2453.0,683.4,535.9
EDBL,3/30/2023,305.1,317.0,299.0,310.0,-0.32,37896.0,683.4,535.9
EDBL,4/2/2023,310.0,315.1,299.5,304.0,-1.94,19745.0,683.4,535.9
EDBL,4/3/2023,308.6,308.6,298.0,300.0,-1.32,22142.0,683.4,535.9
EDBL,4/4/2023,296.0,304.8,294.5,300.0,0.0,16594.0,683.4,535.9
EDBL,4/5/2023,303.9,303.9,294.0,299.8,-0.07,29770.0,683.4,535.9
EDBL,4/6/2023,302.0,302.1,287.8,293.0,-2.27,68757.0,683.4,535.9
EDBL,4/9/2023,293.0,293.0,279.5,283.0,-3.41,29016.0,683.4,535.9
EDBL,4/10/2023,287.6,288.4,273.4,281.0,-0.71,22929.0,683.4,535.9
EDBL,4/11/2023,281.0,286.6,275.0,285.9,1.74,11928.0,683.4,535.9
EDBL,4/12/2023,289.9,308.0,286.0,307.0,7.38,28544.0,683.4,535.9
EDBL,4/13/2023,307.0,308.0,292.0,293.2,-4.5,22792.0,683.4,535.9
EDBL,4/16/2023,297.0,299.0,291.5,293.0,-0.07,4327.0,683.4,535.9
EDBL,4/17/2023,293.0,295.8,288.1,288.2,-1.64,7048.0,683.4,535.9
EDBL,4/18/2023,285.0,292.0,284.0,292.0,1.32,9304.0,683.4,535.9
EDBL,4/19/2023,293.9,297.8,283.0,295.0,1.03,10210.0,683.4,535.9
EDBL,4/20/2023,290.0,292.7,287.0,289.9,-1.73,5897.0,683.4,535.9
EDBL,4/23/2023,287.0,289.0,279.3,282.1,-2.69,4594.0,683.4,535.9
EDBL,4/24/2023,285.0,285.0,274.4,281.7,-0.14,11144.0,683.4,535.9
EDBL,4/25/2023,281.7,286.7,277.4,286.7,1.77,10998.0,683.4,535.9
EDBL,4/26/2023,289.5,289.5,284.0,285.0,-0.59,5308.0,683.4,535.9
EDBL,4/27/2023,290.7,290.7,275.0,287.8,0.98,6554.0,683.4,535.9
EDBL,4/30/2023,283.1,283.1,278.2,281.0,-2.36,6754.0,683.4,535.9
EDBL,5/2/2023,285.0,285.0,276.0,279.1,-0.68,4057.0,683.4,535.9
EDBL,5/3/2023,279.0,280.0,276.9,280.0,0.32,6538.0,683.4,535.9
EDBL,5/4/2023,284.0,284.0,278.4,281.0,0.36,4288.0,683.4,535.9
EDBL,5/7/2023,277.5,280.0,276.9,279.7,-0.46,4677.0,683.4,535.9
EDBL,5/8/2023,277.5,284.0,274.8,278.4,-0.46,5745.0,683.4,535.9
EDBL,5/9/2023,280.0,285.0,278.0,280.1,0.61,7190.0,683.4,535.9
EDBL,5/10/2023,281.0,281.0,275.6,278.1,-0.71,2996.0,683.4,535.9
EDBL,5/11/2023,278.1,279.0,275.7,277.0,-0.4,2724.0,683.4,535.9
EDBL,5/14/2023,274.6,279.4,270.0,277.5,0.18,49125.0,683.4,535.9
EDBL,5/15/2023,277.0,283.0,276.0,277.5,0.0,5062.0,683.4,535.9
EDBL,5/16/2023,277.0,281.9,272.0,277.0,-0.18,6053.0,683.4,535.9
EDBL,5/17/2023,277.1,287.0,277.0,280.0,1.08,10267.0,683.4,535.9
EDBL,5/18/2023,285.6,291.0,285.0,288.5,3.04,10707.0,683.4,535.9
EDBL,5/21/2023,290.0,295.8,282.0,289.0,0.17,10489.0,683.4,535.9
EDBL,5/22/2023,289.0,291.0,277.0,287.2,-0.62,9985.0,683.4,535.9
EDBL,5/23/2023,290.0,296.9,290.0,295.0,2.72,23061.0,683.4,535.9
EDBL,5/24/2023,291.2,298.0,285.0,292.0,-1.02,28899.0,683.4,535.9
EDBL,5/28/2023,286.4,297.1,286.4,289.9,-0.72,16149.0,683.4,535.9
EDBL,5/30/2023,287.0,287.0,278.0,282.0,-2.73,12398.0,683.4,535.9
EDBL,5/31/2023,277.0,282.4,270.6,271.0,-3.9,24398.0,683.4,535.9
EDBL,6/1/2023,276.0,279.0,266.4,274.0,1.11,12701.0,683.4,535.9
EDBL,6/4/2023,279.0,290.0,279.0,284.0,3.65,8252.0,683.4,535.9
EDBL,6/5/2023,286.9,289.0,277.0,277.0,-2.46,13922.0,683.4,535.9
EDBL,6/6/2023,274.1,285.0,274.1,282.8,2.09,5473.0,683.4,535.9
EDBL,6/7/2023,288.0,288.0,282.0,283.1,0.11,11807.0,683.4,535.9
EDBL,6/8/2023,278.2,291.0,278.0,286.0,1.02,34621.0,683.4,535.9
EDBL,6/11/2023,286.0,311.0,286.0,306.0,6.99,75553.0,683.4,535.9
EDBL,6/12/2023,312.1,314.9,304.1,311.0,1.63,45728.0,683.4,535.9
EDBL,6/13/2023,311.0,322.2,306.2,319.0,2.57,29834.0,683.4,535.9
EDBL,6/14/2023,320.0,325.0,311.0,316.0,-0.94,41146.0,683.4,535.9
EDBL,6/15/2023,313.0,316.0,310.0,312.8,-1.01,19905.0,683.4,535.9
EDBL,6/18/2023,319.0,323.0,307.2,320.0,2.3,17891.0,683.4,535.9
EDBL,6/19/2023,314.0,339.1,314.0,330.0,3.12,38400.0,683.4,535.9
EDBL,6/20/2023,335.9,341.0,323.5,325.0,-1.52,46287.0,683.4,535.9
EDBL,6/21/2023,321.1,326.5,318.0,318.0,-2.15,20095.0,683.4,535.9
EDBL,6/22/2023,311.7,324.0,311.7,317.0,-0.31,16254.0,683.4,535.9
EDBL,6/25/2023,311.2,333.8,311.2,327.0,3.15,39117.0,683.4,535.9
EDBL,6/26/2023,333.0,338.9,327.0,334.8,2.39,43538.0,683.4,535.9
EDBL,6/27/2023,330.0,342.0,330.0,339.9,1.52,34250.0,683.4,535.9
EDBL,6/28/2023,340.0,340.0,318.0,333.9,-1.77,23532.0,683.4,535.9
EDBL,7/2/2023,327.3,330.0,318.0,318.1,-4.73,26680.0,683.4,535.9
EDBL,7/3/2023,312.0,324.4,312.0,316.0,-0.66,15692.0,683.4,535.9
EDBL,7/4/2023,322.0,322.0,313.0,317.0,0.32,7621.0,683.4,535.9
EDBL,7/5/2023,312.0,317.0,309.5,314.0,-0.95,14009.0,683.4,535.9
EDBL,7/6/2023,310.0,315.0,307.0,312.5,-0.48,7590.0,683.4,535.9
EDBL,7/9/2023,312.0,319.8,310.5,316.9,1.41,18232.0,683.4,535.9
EDBL,7/10/2023,323.0,323.0,314.2,315.0,-0.6,9933.0,683.4,535.9
EDBL,7/11/2023,317.0,329.3,315.4,328.0,4.13,31849.0,683.4,535.9
EDBL,7/12/2023,334.5,337.9,325.7,329.0,0.3,26939.0,683.4,535.9
EDBL,7/13/2023,335.0,339.0,322.5,326.0,-0.91,18636.0,683.4,535.9
EDBL,7/16/2023,321.1,326.5,321.0,325.4,-0.18,15410.0,683.4,535.9
EDBL,7/17/2023,331.9,336.6,324.0,336.0,3.26,22015.0,683.4,535.9
EDBL,7/18/2023,336.6,342.5,332.3,333.0,-0.89,30555.0,683.4,535.9
EDBL,7/19/2023,330.0,337.5,326.5,336.4,1.02,15585.0,683.4,535.9
EDBL,7/20/2023,340.0,340.0,331.3,338.6,0.65,25782.0,683.4,535.9
EDBL,7/23/2023,340.1,359.0,336.0,352.0,3.96,80716.0,683.4,535.9
EDBL,7/24/2023,345.1,350.0,338.0,338.0,-3.98,34096.0,683.4,535.9
EDBL,7/25/2023,344.6,344.6,326.5,338.0,0.0,32217.0,683.4,535.9
EDBL,7/26/2023,342.0,342.0,328.5,333.0,-1.48,26051.0,683.4,535.9
EDBL,7/27/2023,338.0,338.0,325.0,326.0,-2.1,13538.0,683.4,535.9
EDBL,7/30/2023,332.0,332.0,318.0,323.0,-0.92,19436.0,683.4,535.9
EDBL,7/31/2023,328.0,328.0,317.0,322.8,-0.06,19504.0,683.4,535.9
EDBL,8/1/2023,329.2,342.4,310.9,314.0,-2.73,33812.0,683.4,535.9
EDBL,8/2/2023,314.0,324.3,310.5,324.3,3.28,14771.0,683.4,535.9
EDBL,8/3/2023,329.9,329.9,315.9,317.0,-2.25,17366.0,683.4,535.9
EDBL,8/6/2023,315.0,316.7,306.3,309.0,-2.52,9242.0,683.4,535.9
EDBL,8/7/2023,304.5,314.0,304.5,312.9,1.26,10208.0,683.4,535.9
EDBL,8/8/2023,319.1,319.1,305.0,308.7,-1.34,9962.0,683.4,535.9
EDBL,8/9/2023,313.0,313.0,304.0,309.0,0.1,20921.0,683.4,535.9
EDBL,8/10/2023,315.0,318.0,309.0,316.0,2.27,21192.0,683.4,535.9
EDBL,8/13/2023,313.0,317.9,313.0,317.9,0.6,7155.0,683.4,535.9
EDBL,8/14/2023,312.2,321.2,312.2,317.0,-0.28,13725.0,683.4,535.9
EDBL,8/15/2023,316.0,322.0,312.4,315.0,-0.63,17367.0,683.4,535.9
EDBL,8/16/2023,312.0,315.0,308.9,313.9,-0.35,19286.0,683.4,535.9
EDBL,8/17/2023,308.5,319.7,308.5,313.0,-0.29,9260.0,683.4,535.9
EDBL,8/20/2023,318.9,318.9,307.0,313.0,0.0,9960.0,683.4,535.9
EDBL,8/21/2023,319.0,319.0,306.5,313.5,0.16,9423.0,683.4,535.9
EDBL,8/22/2023,308.5,315.9,308.5,315.2,0.54,18719.0,683.4,535.9
EDBL,8/23/2023,310.4,322.0,310.4,320.0,1.52,15587.0,683.4,535.9
EDBL,8/24/2023,315.5,323.0,312.5,312.5,-2.34,3773.0,683.4,535.9
EDBL,8/27/2023,307.2,316.9,307.2,312.0,-0.16,35745.0,683.4,535.9
EDBL,8/28/2023,308.1,314.0,308.1,310.0,-0.64,8386.0,683.4,535.9
EDBL,8/29/2023,314.0,314.0,308.0,310.0,0.0,3336.0,683.4,535.9
EDBL,8/30/2023,307.0,313.0,307.0,313.0,0.97,21716.0,683.4,535.9
EDBL,9/3/2023,310.0,310.0,305.0,308.9,-1.31,11323.0,683.4,535.9
EDBL,9/4/2023,306.1,309.0,303.0,306.9,-0.65,23035.0,683.4,535.9
EDBL,9/5/2023,303.2,309.0,303.2,305.5,-0.46,6269.0,683.4,535.9
EDBL,9/7/2023,311.6,317.0,302.0,304.0,-0.49,11859.0,683.4,535.9
EDBL,9/10/2023,301.2,308.0,301.0,307.4,1.12,10087.0,683.4,535.9
EDBL,9/11/2023,312.0,312.9,307.0,312.0,1.5,1400.0,683.4,535.9
EDBL,9/12/2023,308.0,313.9,307.7,307.8,-1.35,8046.0,683.4,535.9
EDBL,9/13/2023,309.9,317.0,307.1,317.0,2.99,4819.0,683.4,535.9
EDBL,9/17/2023,312.0,312.3,306.2,311.9,-1.61,6870.0,683.4,535.9
EDBL,9/18/2023,305.7,311.9,305.0,306.4,-1.76,5664.0,683.4,535.9
EDBL,9/19/2023,312.5,317.0,305.1,316.0,3.13,7688.0,683.4,535.9
EDBL,9/21/2023,317.0,333.0,315.5,327.2,3.54,55211.0,683.4,535.9
EDBL,9/24/2023,326.0,330.0,314.0,321.8,-1.65,16445.0,683.4,535.9
EDBL,9/25/2023,315.5,326.0,315.5,322.0,0.06,14030.0,683.4,535.9
EDBL,9/26/2023,324.0,348.0,324.0,336.0,4.35,44482.0,683.4,535.9
EDBL,9/27/2023,339.0,339.0,325.0,328.0,-2.38,10790.0,683.4,535.9
EDBL,10/1/2023,322.7,325.4,321.7,322.0,-1.83,14804.0,683.4,535.9
EDBL,10/2/2023,316.0,328.0,316.0,327.0,1.55,6361.0,683.4,535.9
EDBL,10/3/2023,321.1,333.4,317.1,317.1,-3.03,8687.0,683.4,535.9
EDBL,10/4/2023,323.4,328.0,320.2,325.2,2.55,10720.0,683.4,535.9
EDBL,10/5/2023,329.8,329.8,321.1,322.0,-0.98,10110.0,683.4,535.9
EDBL,10/8/2023,319.3,323.0,317.0,317.6,-1.37,37270.0,683.4,535.9
EDBL,10/9/2023,314.0,322.0,314.0,319.1,0.47,15052.0,683.4,535.9
EDBL,10/10/2023,320.0,320.0,314.2,317.1,-0.63,11323.0,683.4,535.9
EDBL,10/11/2023,315.0,322.0,315.0,321.1,1.26,5750.0,683.4,535.9
EDBL,10/12/2023,315.2,318.6,315.2,317.1,-1.25,16234.0,683.4,535.9
EDBL,10/16/2023,312.0,315.9,312.0,313.2,-1.23,7399.0,683.4,535.9
EDBL,10/17/2023,318.0,318.0,310.0,310.0,-1.02,6542.0,683.4,535.9
EDBL,10/18/2023,307.3,318.0,307.3,314.1,1.32,1051.0,683.4,535.9
EDBL,10/19/2023,310.2,326.0,310.2,318.8,1.5,1300.0,683.4,535.9
EDBL,10/29/2023,313.0,317.0,307.1,317.0,-0.56,3005.0,683.4,535.9
EDBL,10/30/2023,314.0,316.0,311.0,316.0,-0.32,990.0,683.4,535.9
EDBL,10/31/2023,309.79,312.6,305.0,311.0,-1.58,2631.0,683.4,535.9
EDBL,11/1/2023,305.0,310.1,305.0,310.1,-0.29,370.0,683.4,535.9
EDBL,11/2/2023,304.1,311.1,304.1,309.4,-0.23,5131.0,683.4,535.9
EDBL,11/5/2023,304.0,304.2,299.0,299.3,-3.26,2965.0,683.4,535.9
EDBL,11/6/2023,298.0,304.0,296.0,304.0,1.57,4180.0,683.4,535.9
EDBL,11/7/2023,310.0,316.0,304.1,304.3,0.1,3195.0,683.4,535.9
EDBL,11/8/2023,310.0,313.9,300.2,300.2,-1.35,4613.0,683.4,535.9
EDBL,11/9/2023,306.2,306.2,295.0,295.0,-1.73,5673.0,683.4,535.9
EDBL,11/20/2023,300.0,305.0,297.0,303.0,2.71,2882.0,683.4,535.9
EDBL,11/21/2023,299.0,299.0,290.2,292.1,-3.6,5110.0,683.4,535.9
EDBL,11/22/2023,292.0,304.0,292.0,304.0,4.07,3696.0,683.4,535.9
EDBL,11/23/2023,300.0,316.0,298.0,309.9,1.94,8147.0,683.4,535.9
EDBL,11/26/2023,303.8,316.0,303.8,316.0,1.97,6033.0,683.4,535.9
EDBL,11/27/2023,320.9,320.9,305.1,305.1,-3.45,6239.0,683.4,535.9
EDBL,11/28/2023,309.0,309.9,301.4,301.4,-1.21,5227.0,683.4,535.9
EDBL,11/29/2023,307.4,307.4,301.6,303.0,0.53,2173.0,683.4,535.9
EDBL,11/30/2023,300.0,305.0,299.0,299.0,-1.32,8617.0,683.4,535.9
EDBL,12/3/2023,304.5,304.5,296.0,297.1,-0.64,1517.0,683.4,535.9
EDBL,12/4/2023,303.0,303.0,296.2,296.2,-0.3,1323.0,683.4,535.9
EDBL,12/5/2023,294.0,299.8,294.0,298.7,0.84,985.0,683.4,535.9
EDBL,12/6/2023,304.6,306.0,300.0,300.0,0.44,3092.0,683.4,535.9
EDBL,12/7/2023,300.0,306.0,296.1,302.0,0.67,8087.0,683.4,535.9
EDBL,12/10/2023,308.0,320.2,308.0,320.2,6.03,40.0,683.4,535.9
EDBL,12/11/2023,326.0,326.0,304.0,311.8,-2.62,12976.0,683.4,535.9
EDBL,12/12/2023,307.0,320.0,307.0,317.4,1.8,10575.0,683.4,535.9
EDBL,12/13/2023,318.0,342.0,318.0,342.0,7.75,77869.0,683.4,535.9
EDBL,12/14/2023,338.0,362.0,335.2,355.1,3.83,80883.0,683.4,535.9
EDBL,12/17/2023,351.0,372.0,350.0,365.1,2.82,31554.0,683.4,535.9
EDBL,12/18/2023,372.0,378.8,353.6,353.6,-3.15,63397.0,683.4,535.9
EDBL,12/19/2023,346.6,360.0,334.0,356.9,0.93,54628.0,683.4,535.9
EDBL,12/20/2023,351.0,363.0,345.2,350.0,-1.93,62148.0,683.4,535.9
EDBL,12/21/2023,350.0,354.0,336.0,339.0,-3.14,39920.0,683.4,535.9
EDBL,12/24/2023,335.0,344.0,328.0,330.0,-2.65,63927.0,683.4,535.9
EDBL,12/27/2023,324.2,335.0,324.2,333.0,0.91,56375.0,683.4,535.9
EDBL,12/28/2023,326.4,339.0,326.4,337.0,1.2,10070.0,683.4,535.9
EDBL,1/1/2024,339.0,342.0,334.1,337.9,0.27,33902.0,683.4,535.9
EDBL,1/2/2024,338.0,338.5,326.4,326.5,-3.37,19765.0,683.4,535.9
EDBL,1/3/2024,333.0,351.0,326.2,333.8,2.24,12208.0,683.4,535.9
EDBL,1/4/2024,328.0,337.0,328.0,331.3,-0.75,14382.0,683.4,535.9
EDBL,1/7/2024,325.0,337.0,325.0,325.0,-1.9,13038.0,683.4,535.9
EDBL,1/8/2024,331.5,338.1,325.1,331.0,1.85,15917.0,683.4,535.9
EDBL,1/9/2024,331.0,361.0,331.0,353.9,6.92,61910.0,683.4,535.9
EDBL,1/10/2024,355.0,363.0,352.1,352.1,-0.51,90217.0,683.4,535.9
EDBL,1/11/2024,359.0,360.0,347.1,360.0,2.24,27914.0,683.4,535.9
EDBL,1/14/2024,365.0,372.0,360.0,370.9,3.03,44261.0,683.4,535.9
EDBL,1/16/2024,377.0,384.4,371.0,377.0,1.64,68932.0,683.4,535.9
EDBL,1/17/2024,384.5,399.7,379.3,390.0,3.45,141311.0,683.4,535.9
EDBL,1/18/2024,388.0,388.1,367.5,385.0,-1.28,62161.0,683.4,535.9
EDBL,1/21/2024,377.4,377.4,367.0,370.0,-3.9,36274.0,683.4,535.9
EDBL,1/22/2024,365.1,368.0,357.7,358.0,-3.24,30929.0,683.4,535.9
EDBL,1/23/2024,360.0,365.1,355.3,360.0,0.56,9224.0,683.4,535.9
EDBL,1/24/2024,367.0,367.0,355.0,359.0,-0.28,10459.0,683.4,535.9
EDBL,1/25/2024,355.1,358.4,351.0,358.0,-0.28,14747.0,683.4,535.9
EDBL,1/28/2024,352.1,361.0,352.1,359.0,0.28,4348.0,683.4,535.9
EDBL,1/29/2024,359.0,365.0,354.0,361.0,0.56,10483.0,683.4,535.9
EDBL,1/30/2024,361.0,363.9,357.0,358.0,-0.83,7142.0,683.4,535.9
EDBL,1/31/2024,355.1,357.9,350.0,350.0,-2.23,10088.0,683.4,535.9
EDBL,2/1/2024,349.0,349.0,342.2,347.0,-0.86,17179.0,683.4,535.9
EDBL,2/4/2024,353.9,360.0,345.1,350.0,0.86,5675.0,683.4,535.9
EDBL,2/5/2024,357.0,357.0,346.0,348.0,-0.57,2796.0,683.4,535.9
EDBL,2/6/2024,354.7,359.1,350.3,358.9,3.13,12165.0,683.4,535.9
EDBL,2/7/2024,353.1,360.0,353.1,360.0,0.31,7426.0,683.4,535.9
EDBL,2/8/2024,353.3,374.1,353.3,367.0,1.94,25464.0,683.4,535.9
EDBL,2/11/2024,373.0,378.0,361.0,362.0,-1.36,10223.0,683.4,535.9
EDBL,2/12/2024,369.0,369.0,352.1,362.0,0.0,6230.0,683.4,535.9
EDBL,2/13/2024,354.8,366.0,348.0,352.0,-2.76,25028.0,683.4,535.9
EDBL,2/14/2024,357.9,374.0,356.3,365.0,3.69,30442.0,683.4,535.9
EDBL,2/15/2024,370.0,370.0,358.0,363.0,-0.55,5541.0,683.4,535.9
EDBL,2/18/2024,360.0,360.0,348.1,358.0,-1.38,11659.0,683.4,535.9
EDBL,2/20/2024,355.0,360.0,350.0,354.8,-0.89,22769.0,683.4,535.9
EDBL,2/21/2024,359.4,359.4,346.0,346.0,-2.48,7555.0,683.4,535.9
EDBL,2/22/2024,340.0,357.7,340.0,345.0,-0.29,3375.0,683.4,535.9
EDBL,2/25/2024,345.0,354.7,340.1,345.0,0.0,14526.0,683.4,535.9
EDBL,2/26/2024,345.0,351.0,345.0,348.1,0.9,7778.0,683.4,535.9
EDBL,2/27/2024,343.0,367.9,343.0,349.9,0.52,3813.0,683.4,535.9
EDBL,2/28/2024,356.0,360.0,345.0,348.0,-0.54,7925.0,683.4,535.9
EDBL,2/29/2024,354.9,354.9,337.0,339.0,-2.59,11486.0,683.4,535.9
EDBL,3/3/2024,336.0,343.0,334.5,335.1,-1.15,8193.0,683.4,535.9
EDBL,3/4/2024,341.8,348.0,341.8,348.0,3.85,20.0,683.4,535.9
EDBL,3/5/2024,354.9,354.9,341.1,342.2,-1.67,11723.0,683.4,535.9
EDBL,3/6/2024,349.0,352.0,335.4,348.0,1.69,20851.0,683.4,535.9
EDBL,3/7/2024,354.9,358.0,348.0,356.5,2.44,9371.0,683.4,535.9
EDBL,3/10/2024,363.0,363.6,350.0,358.5,0.56,6952.0,683.4,535.9
EDBL,3/12/2024,353.0,374.5,353.0,365.0,1.81,5588.0,683.4,535.9
EDBL,3/13/2024,359.0,380.0,359.0,363.0,-0.55,10674.0,683.4,535.9
EDBL,3/14/2024,360.0,388.0,355.7,358.8,-1.16,7134.0,683.4,535.9
EDBL,3/17/2024,365.0,378.9,358.6,369.6,3.01,35905.0,683.4,535.9
EDBL,3/18/2024,364.0,376.9,364.0,374.0,1.19,23212.0,683.4,535.9
EDBL,3/19/2024,376.0,381.4,371.0,373.0,-0.27,27474.0,683.4,535.9
EDBL,3/20/2024,377.0,377.0,365.0,370.0,-0.8,17602.0,683.4,535.9
EDBL,3/21/2024,363.2,367.0,358.1,361.0,-2.43,26021.0,683.4,535.9
EDBL,3/25/2024,353.8,360.6,350.0,358.5,-0.69,5138.0,683.4,535.9
EDBL,3/26/2024,352.0,380.0,352.0,358.0,-0.14,5405.0,683.4,535.9
EDBL,3/27/2024,354.3,360.0,352.9,357.0,-0.28,9008.0,683.4,535.9
EDBL,3/28/2024,350.5,360.9,350.5,357.0,0.0,4994.0,683.4,535.9
EDBL,3/31/2024,360.0,361.0,351.0,351.2,-1.62,12836.0,683.4,535.9
EDBL,4/1/2024,350.0,357.0,349.2,357.0,1.65,3402.0,683.4,535.9
EDBL,4/2/2024,351.2,354.8,351.1,354.8,-0.62,5147.0,683.4,535.9
EDBL,4/3/2024,354.8,354.8,344.0,353.0,-0.51,16736.0,683.4,535.9
EDBL,4/4/2024,351.2,355.0,350.0,350.0,-0.85,15938.0,683.4,535.9
EDBL,4/7/2024,354.0,356.0,347.0,356.0,1.71,9555.0,683.4,535.9
EDBL,4/9/2024,356.1,367.6,352.0,363.4,2.08,30310.0,683.4,535.9
EDBL,4/10/2024,366.0,368.9,358.0,364.9,0.41,24632.0,683.4,535.9
EDBL,4/14/2024,358.0,365.9,358.0,365.8,0.25,9309.0,683.4,535.9
EDBL,4/15/2024,360.0,369.2,353.0,365.0,-0.22,12868.0,683.4,535.9
EDBL,4/16/2024,361.0,371.0,356.7,362.5,-0.68,7607.0,683.4,535.9
EDBL,4/18/2024,356.0,358.9,355.0,358.9,-0.99,1697.0,683.4,535.9
EDBL,4/21/2024,359.0,359.0,343.5,353.0,-1.64,14277.0,683.4,535.9
EDBL,4/22/2024,351.0,358.8,347.1,358.8,1.64,9519.0,683.4,535.9
EDBL,4/24/2024,351.7,358.0,351.7,353.9,-1.37,4721.0,683.4,535.9
EDBL,4/25/2024,358.9,358.9,349.0,349.0,-1.38,5649.0,683.4,535.9
EDBL,4/28/2024,346.0,363.0,346.0,362.7,3.93,28338.0,683.4,535.9
EDBL,4/29/2024,368.0,377.0,360.7,374.9,3.36,39159.0,683.4,535.9
EDBL,4/30/2024,379.8,400.0,379.0,385.0,2.69,114331.0,683.4,535.9
EDBL,5/2/2024,383.1,395.0,378.0,381.0,-1.04,30266.0,683.4,535.9
EDBL,5/5/2024,374.1,380.0,367.0,368.0,-3.41,42206.0,683.4,535.9
EDBL,5/6/2024,361.1,375.0,361.0,366.0,-0.54,68638.0,683.4,535.9
EDBL,5/7/2024,362.0,376.5,362.0,367.0,0.27,12789.0,683.4,535.9
EDBL,5/8/2024,374.0,374.1,365.1,370.0,0.82,14549.0,683.4,535.9
EDBL,5/9/2024,377.0,386.0,373.0,384.8,4.0,38615.0,683.4,535.9
EDBL,5/12/2024,390.0,396.0,375.0,387.4,0.68,63085.0,683.4,535.9
EDBL,5/13/2024,382.0,393.0,382.0,387.5,0.03,22074.0,683.4,535.9
EDBL,5/14/2024,393.0,395.1,386.0,394.9,1.91,34267.0,683.4,535.9
EDBL,5/15/2024,390.0,403.9,389.3,394.7,-0.05,71326.0,683.4,535.9
EDBL,5/16/2024,387.0,395.0,385.0,391.4,-0.84,145227.0,683.4,535.9
EDBL,5/19/2024,399.2,399.2,390.0,395.0,0.92,39075.0,683.4,535.9
EDBL,5/20/2024,396.5,400.0,388.0,391.0,-1.01,38543.0,683.4,535.9
EDBL,5/21/2024,387.0,393.3,380.0,392.0,0.26,27574.0,683.4,535.9
EDBL,5/22/2024,399.8,399.8,387.1,392.0,0.0,34400.0,683.4,535.9
EDBL,5/26/2024,388.0,394.8,384.2,389.1,-0.74,23965.0,683.4,535.9
EDBL,5/27/2024,383.0,401.6,383.0,391.0,0.49,18584.0,683.4,535.9
EDBL,5/29/2024,398.8,398.8,378.5,385.0,-1.53,21178.0,683.4,535.9
EDBL,5/30/2024,378.0,388.9,375.0,380.0,-1.3,13620.0,683.4,535.9
EDBL,6/2/2024,380.0,387.0,373.0,380.0,0.0,18793.0,683.4,535.9
EDBL,6/3/2024,373.0,395.7,373.0,380.0,0.0,12738.0,683.4,535.9
EDBL,6/4/2024,387.6,387.6,375.2,380.0,0.0,12466.0,683.4,535.9
EDBL,6/5/2024,387.0,387.0,374.2,380.5,0.13,8150.0,683.4,535.9
EDBL,6/6/2024,382.3,384.5,370.0,379.4,-0.29,4327.0,683.4,535.9
EDBL,6/9/2024,372.0,378.5,370.0,375.0,-1.16,16701.0,683.4,535.9
EDBL,6/10/2024,382.0,382.0,367.7,375.9,0.24,15549.0,683.4,535.9
EDBL,6/11/2024,382.0,386.0,371.0,382.0,1.62,30585.0,683.4,535.9
EDBL,6/12/2024,376.0,386.5,376.0,378.9,-0.81,19207.0,683.4,535.9
EDBL,6/13/2024,384.6,412.0,378.2,391.0,3.19,43196.0,683.4,535.9
EDBL,6/16/2024,398.0,398.8,384.0,384.0,-1.79,30156.0,683.4,535.9
EDBL,6/18/2024,377.7,386.9,377.7,384.0,0.0,8631.0,683.4,535.9
EDBL,6/19/2024,376.9,383.0,376.1,379.0,-1.3,9624.0,683.4,535.9
EDBL,6/20/2024,371.5,386.4,371.5,375.9,-0.82,11727.0,683.4,535.9
EDBL,6/23/2024,375.5,379.0,371.0,378.9,0.8,26391.0,683.4,535.9
EDBL,6/24/2024,384.5,391.0,377.0,380.0,0.29,36010.0,683.4,535.9
EDBL,6/25/2024,387.6,395.0,383.0,386.9,1.82,37248.0,683.4,535.9
EDBL,6/26/2024,383.0,390.4,380.0,381.0,-1.52,15264.0,683.4,535.9
EDBL,6/27/2024,373.4,383.0,373.4,382.0,0.26,34213.0,683.4,535.9
EDBL,6/30/2024,374.4,383.0,374.4,378.8,-0.84,18044.0,683.4,535.9
EDBL,7/1/2024,371.3,388.0,371.3,384.8,1.58,13493.0,683.4,535.9
EDBL,7/2/2024,392.4,400.0,384.0,391.1,1.64,37029.0,683.4,535.9
EDBL,7/3/2024,385.0,415.9,383.4,414.1,5.88,120570.0,683.4,535.9
EDBL,7/4/2024,420.0,448.0,420.0,439.0,6.01,145984.0,683.4,535.9
EDBL,7/7/2024,447.7,454.0,438.8,450.0,2.51,59282.0,683.4,535.9
EDBL,7/8/2024,445.0,477.0,435.0,465.0,3.33,140421.0,683.4,535.9
EDBL,7/9/2024,460.1,479.4,460.1,462.0,-0.65,163386.0,683.4,535.9
EDBL,7/10/2024,452.8,475.0,452.8,460.0,-0.43,55448.0,683.4,535.9
EDBL,7/11/2024,460.0,467.9,451.0,462.9,0.63,67629.0,683.4,535.9
EDBL,7/14/2024,472.1,500.0,455.0,465.0,0.45,58409.0,683.4,535.9
EDBL,7/15/2024,474.3,474.3,449.0,453.0,-2.58,38686.0,683.4,535.9
EDBL,7/16/2024,462.0,480.0,451.0,478.8,5.7,69885.0,683.4,535.9
EDBL,7/17/2024,488.3,502.0,468.1,500.0,4.43,167397.0,683.4,535.9
EDBL,7/18/2024,500.0,529.9,500.0,512.0,2.4,116257.0,683.4,535.9
EDBL,7/21/2024,502.1,529.6,495.0,520.0,1.56,126947.0,683.4,535.9
EDBL,7/22/2024,522.0,530.0,510.0,525.0,0.96,160215.0,683.4,535.9
EDBL,7/23/2024,517.0,549.6,517.0,534.0,1.71,85933.0,683.4,535.9
EDBL,7/24/2024,530.0,560.0,510.5,513.0,-3.93,108503.0,683.4,535.9
EDBL,7/25/2024,513.0,535.0,513.0,518.5,1.07,83107.0,683.4,535.9
EDBL,7/28/2024,528.5,549.0,510.0,540.0,4.15,65534.0,683.4,535.9
EDBL,7/29/2024,531.0,540.0,519.4,524.8,-2.81,116794.0,683.4,535.9
EDBL,7/30/2024,520.0,540.6,512.3,534.7,1.89,92931.0,683.4,535.9
EDBL,7/31/2024,535.0,562.0,535.0,543.0,1.55,105873.0,683.4,535.9
EDBL,8/1/2024,543.0,545.0,520.0,524.0,-3.5,102587.0,683.4,535.9
EDBL,8/5/2024,525.0,534.0,512.0,527.0,0.57,58277.0,683.4,535.9
EDBL,8/6/2024,525.0,525.0,490.0,490.1,-7.0,72219.0,683.4,535.9
EDBL,8/7/2024,490.1,519.1,481.0,516.8,5.45,69535.0,683.4,535.9
EDBL,8/8/2024,524.0,534.0,511.0,520.4,0.7,101489.0,683.4,535.9
EDBL,8/11/2024,530.0,550.0,526.0,539.9,3.75,55233.0,683.4,535.9
EDBL,8/12/2024,540.0,553.2,530.0,539.0,-0.17,71568.0,683.4,535.9
EDBL,8/13/2024,537.0,544.5,525.0,525.5,-2.5,62235.0,683.4,535.9
EDBL,8/14/2024,528.0,556.0,517.5,549.0,4.47,118705.0,683.4,535.9
EDBL,8/15/2024,549.0,575.0,549.0,561.0,2.19,143874.0,683.4,535.9
EDBL,8/18/2024,563.0,570.0,541.6,549.0,-2.14,109981.0,683.4,535.9
EDBL,8/21/2024,545.0,557.0,532.5,545.0,-0.73,68705.0,683.4,535.9
EDBL,8/22/2024,555.0,589.9,554.0,580.0,6.42,160003.0,683.4,535.9
EDBL,8/25/2024,591.6,626.0,561.1,584.3,0.74,330262.0,683.4,535.9
EDBL,8/27/2024,588.0,603.0,577.1,580.4,-0.67,213506.0,683.4,535.9
EDBL,8/28/2024,585.0,610.0,585.0,588.0,1.31,151910.0,683.4,535.9
EDBL,8/29/2024,599.0,599.0,575.2,581.5,-1.11,80002.0,683.4,535.9
EDBL,9/1/2024,589.0,592.0,561.1,565.0,-2.84,59247.0,683.4,535.9
EDBL,9/2/2024,575.0,589.5,565.5,582.5,3.1,43730.0,683.4,535.9
EDBL,9/3/2024,585.0,617.0,571.0,604.0,3.69,235077.0,683.4,535.9
EDBL,9/4/2024,616.0,664.4,616.0,664.4,10.0,460309.0,683.4,535.9
EDBL,9/5/2024,665.0,718.0,660.0,690.0,3.85,151704.0,683.4,535.9
EDBL,9/8/2024,676.2,679.5,665.5,670.0,-2.9,338438.0,683.4,535.9
EDBL,9/9/2024,670.0,724.0,668.0,687.0,2.54,196656.0,683.4,535.9
EDBL,9/10/2024,700.0,742.0,682.0,694.9,1.15,222566.0,683.4,535.9
EDBL,9/11/2024,695.0,722.0,672.0,679.9,-2.16,85890.0,683.4,535.9
EDBL,9/12/2024,688.8,714.0,667.7,676.0,-0.57,55299.0,683.4,535.9
EDBL,9/15/2024,675.9,683.0,657.0,669.0,-1.04,117394.0,683.4,535.9
EDBL,9/16/2024,664.0,665.0,638.0,641.8,-4.07,77837.0,683.4,535.9
EDBL,9/18/2024,629.1,640.0,617.4,630.0,-1.84,55613.0,683.4,535.9
EDBL,9/22/2024,642.6,648.9,623.5,628.0,-0.32,15414.0,683.4,535.9
EDBL,9/23/2024,640.0,679.0,615.1,679.0,8.12,66281.0,683.4,535.9
EDBL,9/24/2024,665.5,665.5,618.1,629.8,-7.25,56641.0,683.4,535.9
EDBL,9/25/2024,640.0,665.0,618.0,638.0,1.3,27088.0,683.4,535.9
EDBL,9/26/2024,649.0,670.0,621.2,622.4,-2.45,21869.0,683.4,535.9
EDBL,9/29/2024,611.0,627.0,611.0,616.0,-1.03,32069.0,683.4,535.9
EDBL,9/30/2024,616.0,622.0,610.0,617.0,0.16,20178.0,683.4,535.9
EDBL,10/1/2024,625.0,678.6,617.1,678.6,9.98,161787.0,683.4,535.9
EDBL,10/2/2024,666.0,666.0,645.0,662.0,-2.45,54097.0,683.4,535.9
EDBL,10/6/2024,661.8,674.0,644.0,665.0,0.45,28716.0,683.4,535.9
EDBL,10/7/2024,674.0,704.7,651.7,680.0,2.26,99303.0,683.4,535.9
EDBL,10/8/2024,667.1,675.0,655.0,671.0,-1.32,22349.0,683.4,535.9
EDBL,10/9/2024,661.0,662.0,648.0,648.0,-3.43,19082.0,683.4,535.9
EDBL,10/15/2024,660.0,660.0,648.3,656.0,1.23,10561.0,683.4,535.9
EDBL,10/16/2024,669.0,674.0,653.0,656.0,0.0,29972.0,683.4,535.9
EDBL,10/17/2024,668.9,680.0,650.0,650.0,-0.91,30195.0,683.4,535.9
EDBL,10/20/2024,656.0,662.9,643.0,643.1,-1.06,32227.0,683.4,535.9
EDBL,10/21/2024,643.0,652.7,632.1,647.0,0.61,30037.0,683.4,535.9
EDBL,10/22/2024,640.2,658.0,640.0,646.9,-0.02,15375.0,683.4,535.9
EDBL,10/23/2024,655.0,685.0,640.0,645.0,-0.29,9932.0,683.4,535.9
EDBL,10/24/2024,654.9,654.9,630.0,631.0,-2.17,20920.0,683.4,535.9
EDBL,10/27/2024,643.0,643.0,620.4,621.0,-1.58,9523.0,683.4,535.9
EDBL,10/28/2024,633.4,646.0,631.0,637.0,2.58,14064.0,683.4,535.9
EDBL,10/29/2024,648.0,656.0,630.1,655.0,2.83,24339.0,683.4,535.9
EDBL,10/30/2024,667.0,720.0,654.0,720.0,9.92,132821.0,683.4,535.9
EDBL,11/5/2024,705.6,705.6,665.0,677.0,-5.97,40782.0,683.4,535.9
EDBL,11/6/2024,688.0,720.0,661.0,679.0,0.3,92158.0,683.4,535.9
EDBL,11/10/2024,690.0,690.0,670.0,682.7,0.54,52534.0,683.4,535.9
EDBL,11/11/2024,695.0,738.0,677.0,684.8,0.31,85975.0,683.4,535.9
EDBL,11/12/2024,695.0,726.0,672.0,681.0,-0.55,116383.0,683.4,535.9
EDBL,11/13/2024,685.0,695.6,668.0,681.0,0.0,104414.0,683.4,535.9
EDBL,11/14/2024,694.0,694.0,665.0,666.0,-2.2,92987.0,683.4,535.9
EDBL,11/17/2024,678.0,679.0,658.0,660.0,-0.9,55303.0,683.4,535.9
EDBL,11/19/2024,673.0,673.0,643.0,644.3,-2.38,44677.0,683.4,535.9
EDBL,11/20/2024,657.0,676.0,640.0,669.0,3.83,80689.0,683.4,535.9
EDBL,11/21/2024,670.0,679.9,651.2,655.0,-2.09,86104.0,683.4,535.9
EDBL,11/24/2024,641.9,663.0,627.2,636.0,-2.9,39093.0,683.4,535.9
EDBL,11/25/2024,648.0,651.7,636.0,645.0,1.42,34098.0,683.4,535.9
EDBL,11/26/2024,657.7,657.9,632.1,639.0,-0.93,34417.0,683.4,535.9
EDBL,11/27/2024,645.0,679.8,638.5,669.9,4.84,109383.0,683.4,535.9
EDBL,11/28/2024,660.0,713.9,660.0,682.9,1.94,447757.0,683.4,535.9
EDBL,12/1/2024,669.3,750.0,669.3,749.0,9.68,483990.0,683.4,535.9
EDBL,12/2/2024,750.0,774.0,715.0,716.0,-4.41,290439.0,683.4,535.9
EDBL,12/3/2024,724.0,734.0,711.0,714.0,-0.28,199435.0,683.4,535.9
EDBL,12/4/2024,700.0,719.0,694.0,694.5,-2.73,136562.0,683.4,535.9
EDBL,12/5/2024,694.7,716.0,693.0,699.0,0.65,124995.0,683.4,535.9
EDBL,12/8/2024,687.0,717.7,670.0,680.0,-2.72,180222.0,683.4,535.9
EDBL,12/9/2024,676.0,696.0,672.0,678.0,-0.29,61897.0,683.4,535.9
EDBL,12/10/2024,691.0,691.0,661.0,667.1,-1.61,43567.0,683.4,535.9
EDBL,12/11/2024,655.0,680.0,655.0,677.5,1.56,39120.0,683.4,535.9
EDBL,12/12/2024,680.0,680.0,656.6,659.0,-2.73,47398.0,683.4,535.9
EDBL,12/16/2024,667.0,667.0,635.1,636.0,-3.49,83773.0,683.4,535.9
EDBL,12/17/2024,627.0,644.0,625.0,634.0,-0.31,47546.0,683.4,535.9
EDBL,12/18/2024,627.0,647.0,627.0,634.0,0.0,32899.0,683.4,535.9
EDBL,12/19/2024,640.0,640.0,616.0,621.7,-1.94,54744.0,683.4,535.9
EDBL,12/22/2024,630.0,630.0,596.9,603.4,-2.94,38914.0,683.4,535.9
EDBL,12/23/2024,605.0,617.0,595.1,615.0,1.92,30195.0,683.4,535.9
EDBL,12/24/2024,615.0,647.7,612.0,633.0,2.93,73525.0,683.4,535.9
EDBL,12/26/2024,620.4,620.4,600.0,605.0,-4.42,59080.0,683.4,535.9
EDBL,12/29/2024,617.1,617.1,561.0,563.0,-6.94,73876.0,683.4,535.9
EDBL,12/31/2024,552.0,553.0,530.7,546.0,-3.02,63731.0,683.4,535.9
EDBL,1/1/2025,554.9,566.1,545.1,550.3,0.79,31391.0,683.4,535.9
EDBL,1/2/2025,550.0,590.9,545.0,580.1,5.42,38489.0,683.4,535.9
EDBL,1/5/2025,580.0,584.0,569.0,571.0,-1.57,21074.0,683.4,535.9
EDBL,1/6/2025,560.0,595.0,559.0,595.0,4.2,44354.0,683.4,535.9
EDBL,1/7/2025,605.0,614.8,584.0,603.0,1.34,44619.0,683.4,535.9
EDBL,1/8/2025,603.0,632.0,603.0,627.0,3.98,59577.0,683.4,535.9
EDBL,1/9/2025,620.0,627.9,595.0,608.0,-3.03,140200.0,683.4,535.9
EDBL,1/12/2025,608.0,608.0,590.0,590.2,-2.93,66578.0,683.4,535.9
EDBL,1/13/2025,590.2,600.0,585.0,585.0,-0.88,43169.0,683.4,535.9
EDBL,1/15/2025,584.0,604.9,584.0,599.7,2.51,69867.0,683.4,535.9
EDBL,1/16/2025,611.6,617.0,587.1,587.1,-2.1,47445.0,683.4,535.9
EDBL,1/19/2025,579.0,598.7,579.0,593.0,1.0,32327.0,683.4,535.9
EDBL,1/20/2025,595.0,601.6,581.3,582.0,-1.85,33662.0,683.4,535.9
EDBL,1/21/2025,582.0,588.9,578.8,581.0,-0.17,20935.0,683.4,535.9
EDBL,1/22/2025,592.6,597.5,581.0,596.0,2.58,22040.0,683.4,535.9
EDBL,1/23/2025,600.0,602.0,576.3,588.0,-1.34,150707.0,683.4,535.9
EDBL,1/26/2025,598.8,599.0,580.0,588.8,0.14,39780.0,683.4,535.9
EDBL,1/27/2025,594.8,600.0,585.0,590.0,0.2,63504.0,683.4,535.9
EDBL,1/28/2025,595.0,639.5,595.0,635.0,7.63,120129.0,683.4,535.9
EDBL,2/2/2025,644.9,683.0,640.0,680.0,7.09,110247.0,683.4,535.9
EDBL,2/3/2025,690.0,726.0,687.1,709.3,4.31,330390.0,683.4,535.9
EDBL,2/4/2025,714.0,726.9,706.3,714.9,0.79,124164.0,683.4,535.9
EDBL,2/5/2025,710.0,736.0,702.0,733.9,2.66,150447.0,683.4,535.9
EDBL,2/6/2025,732.0,740.0,720.0,730.0,-0.53,94631.0,683.4,535.9
EDBL,2/9/2025,738.0,739.0,717.7,726.3,-0.51,80236.0,683.4,535.9
EDBL,2/10/2025,733.9,759.9,724.5,742.0,2.16,126065.0,683.4,535.9
EDBL,2/11/2025,745.0,797.0,740.1,790.0,6.47,156727.0,683.4,535.9
EDBL,2/12/2025,800.0,809.9,790.1,793.0,0.38,95368.0,683.4,535.9
EDBL,2/13/2025,793.0,798.9,768.0,768.0,-3.15,88239.0,683.4,535.9
EDBL,2/16/2025,754.1,777.0,754.1,762.0,-0.78,90436.0,683.4,535.9
EDBL,2/17/2025,777.0,838.2,760.0,838.2,10.0,170849.0,683.4,535.9
EDBL,2/18/2025,821.5,821.5,781.0,788.0,-5.99,140869.0,683.4,535.9
EDBL,2/20/2025,785.0,799.0,769.0,779.0,-1.14,60101.0,683.4,535.9
EDBL,2/23/2025,763.5,779.0,735.5,760.0,-2.44,57545.0,683.4,535.9
EDBL,2/24/2025,770.0,821.0,757.7,757.7,-0.3,74946.0,683.4,535.9
EDBL,2/25/2025,757.0,768.0,741.0,753.0,-0.62,40525.0,683.4,535.9
EDBL,2/27/2025,768.0,768.0,735.2,735.3,-2.35,38274.0,683.4,535.9
EDBL,3/2/2025,720.6,749.7,720.6,744.0,1.18,97345.0,683.4,535.9
EDBL,3/3/2025,750.0,752.0,730.0,730.0,-1.88,46534.0,683.4,535.9
EDBL,3/4/2025,723.0,735.0,720.0,721.0,-1.23,54220.0,683.4,535.9
EDBL,3/5/2025,723.0,734.0,709.0,719.0,-0.28,43759.0,683.4,535.9
EDBL,3/6/2025,724.9,725.0,710.5,712.9,-0.85,35404.0,683.4,535.9
EDBL,3/9/2025,718.7,724.5,695.0,695.2,-2.48,36785.0,683.4,535.9
EDBL,3/10/2025,681.3,721.0,681.3,689.0,-0.89,27809.0,683.4,535.9
EDBL,3/11/2025,702.0,740.0,690.0,699.9,1.58,63660.0,683.4,535.9
EDBL,3/12/2025,686.0,740.0,686.0,690.0,-1.41,31945.0,683.4,535.9
EDBL,3/16/2025,677.0,709.9,675.1,681.0,-1.3,23432.0,683.4,535.9
EDBL,3/17/2025,694.5,694.5,670.0,670.0,-1.62,29933.0,683.4,535.9
EDBL,3/18/2025,657.0,697.0,657.0,671.0,0.15,18630.0,683.4,535.9
EDBL,3/19/2025,657.6,680.0,657.0,666.0,-0.75,14204.0,683.4,535.9
EDBL,3/20/2025,652.7,677.1,652.7,659.66,-0.95,13128.0,683.4,535.9
EDBL,3/23/2025,672.8,672.8,633.0,634.25,-3.85,28714.0,683.4,535.9
EDBL,3/24/2025,623.1,649.0,623.1,645.65,1.8,19468.0,683.4,535.9
EDBL,3/25/2025,633.0,639.0,619.0,622.92,-3.52,21618.0,683.4,535.9
EDBL,3/26/2025,612.0,641.5,612.0,635.84,2.07,14228.0,683.4,535.9
EDBL,3/27/2025,628.0,649.0,623.2,646.0,1.6,89180.0,683.4,535.9
EDBL,3/30/2025,650.0,662.3,646.2,646.79,0.12,53011.0,683.4,535.9
EDBL,4/1/2025,635.0,659.7,633.0,635.93,-1.68,24468.0,683.4,535.9
EDBL,4/2/2025,645.0,649.0,633.0,636.19,0.04,13830.0,683.4,535.9
EDBL,4/3/2025,625.4,646.9,625.4,629.36,-1.07,22475.0,683.4,535.9
EDBL,4/7/2025,616.8,641.0,616.8,623.6,-0.92,14573.0,683.4,535.9
EDBL,4/8/2025,620.1,625.0,614.0,618.84,-0.76,27067.0,683.4,535.9
EDBL,4/9/2025,611.0,628.5,611.0,617.15,-0.27,27956.0,683.4,535.9
EDBL,4/10/2025,605.0,625.0,605.0,612.01,-0.83,31828.0,683.4,535.9
EDBL,4/13/2025,624.0,624.0,607.6,607.75,-0.7,19971.0,683.4,535.9
EDBL,4/15/2025,612.0,643.0,607.2,636.61,4.75,44219.0,683.4,535.9
EDBL,4/16/2025,624.0,665.9,624.0,661.03,3.84,90512.0,683.4,535.9
EDBL,4/17/2025,673.0,673.0,650.0,658.22,-0.43,55559.0,683.4,535.9
EDBL,4/20/2025,650.0,662.0,630.0,632.54,-3.9,51586.0,683.4,535.9
EDBL,4/21/2025,639.9,640.7,624.1,626.15,-1.01,19711.0,683.4,535.9
EDBL,4/22/2025,614.0,638.5,614.0,621.5,-0.74,18014.0,683.4,535.9
EDBL,4/23/2025,610.0,636.0,610.0,613.04,-1.36,17288.0,683.4,535.9
EDBL,4/24/2025,600.8,618.9,600.8,610.48,-0.42,35304.0,683.4,535.9
EDBL,4/27/2025,598.3,645.9,598.3,604.34,-1.01,28249.0,683.4,535.9
EDBL,4/28/2025,604.0,612.0,594.0,597.13,-1.19,27779.0,683.4,535.9
EDBL,4/29/2025,601.0,607.0,586.2,589.5,-1.28,32083.0,683.4,535.9
EDBL,4/30/2025,589.5,596.0,577.8,579.2,-1.75,40325.0,683.4,535.9
EDBL,5/4/2025,579.0,584.0,575.1,578.83,-0.06,18085.0,683.4,535.9
EDBL,5/5/2025,590.0,590.0,568.7,573.6,-0.9,27726.0,683.4,535.9
EDBL,5/6/2025,584.9,584.9,564.1,564.4,-1.6,22974.0,683.4,535.9
EDBL,5/7/2025,560.0,604.0,555.0,590.02,4.54,45959.0,683.4,535.9
EDBL,5/8/2025,585.2,595.0,580.0,587.47,-0.43,30978.0,683.4,535.9
EDBL,5/11/2025,588.0,599.0,575.0,594.92,1.27,29762.0,683.4,535.9
EDBL,5/13/2025,592.0,615.9,592.0,602.32,1.24,80959.0,683.4,535.9
EDBL,5/14/2025,609.0,624.2,605.0,613.2,1.81,53396.0,683.4,535.9
EDBL,5/15/2025,609.9,614.0,588.0,596.1,-2.79,20255.0,683.4,535.9
EDBL,5/18/2025,600.0,600.0,575.3,578.04,-3.03,34466.0,683.4,535.9
EDBL,5/19/2025,579.0,595.8,578.5,591.4,2.31,13031.0,683.4,535.9
EDBL,5/20/2025,591.5,616.0,584.1,603.99,2.13,27384.0,683.4,535.9
EDBL,5/21/2025,616.0,660.0,606.6,608.91,0.81,31837.0,683.4,535.9
EDBL,5/22/2025,614.0,620.0,602.0,602.99,-0.97,19615.0,683.4,535.9
EDBL,5/25/2025,602.0,602.0,593.3,595.35,-1.27,20093.0,683.4,535.9
EDBL,5/26/2025,607.2,609.8,588.0,591.38,-0.67,12322.0,683.4,535.9
EDBL,5/27/2025,603.0,603.0,585.4,586.3,-0.86,15263.0,683.4,535.9
EDBL,5/28/2025,598.0,609.7,585.0,591.23,0.84,10078.0,683.4,535.9
EDBL,6/2/2025,603.0,604.0,576.4,583.44,-1.32,37703.0,683.4,535.9
EDBL,6/3/2025,594.0,594.0,585.0,588.2,0.82,7286.0,683.4,535.9
EDBL,6/4/2025,588.2,588.2,575.0,576.62,-1.97,12077.0,683.4,535.9
EDBL,6/5/2025,588.1,597.0,578.3,580.67,0.7,25135.0,683.4,535.9
EDBL,6/8/2025,577.0,588.0,569.1,570.05,-1.83,17587.0,683.4,535.9
EDBL,6/9/2025,570.0,579.0,570.0,572.32,0.4,23326.0,683.4,535.9
EDBL,6/10/2025,571.1,590.0,571.1,580.95,1.51,20580.0,683.4,535.9
EDBL,6/11/2025,590.0,591.9,573.0,573.33,-1.31,26012.0,683.4,535.9
EDBL,6/12/2025,577.0,579.0,568.0,573.33,0.0,21267.0,683.4,535.9
EDBL,6/15/2025,570.1,578.8,570.1,572.68,-0.11,29239.0,683.4,535.9
EDBL,6/16/2025,578.0,578.0,570.1,571.97,-0.12,17280.0,683.4,535.9
EDBL,6/17/2025,571.1,574.0,570.1,570.58,-0.24,12724.0,683.4,535.9
EDBL,6/18/2025,570.9,570.9,563.4,566.76,-0.67,18091.0,683.4,535.9
EDBL,6/19/2025,558.0,586.0,558.0,563.49,-0.58,18899.0,683.4,535.9
EDBL,6/22/2025,573.9,573.9,558.2,558.24,-0.93,13482.0,683.4,535.9
EDBL,6/23/2025,558.3,567.0,556.0,556.82,-0.25,11950.0,683.4,535.9
EDBL,6/24/2025,560.0,570.0,555.0,556.63,-0.03,10174.0,683.4,535.9
EDBL,6/25/2025,556.1,567.2,556.1,561.76,0.92,16913.0,683.4,535.9
EDBL,6/26/2025,561.0,569.0,561.0,562.01,0.04,17767.0,683.4,535.9
EDBL,6/29/2025,562.0,569.0,560.8,565.89,0.69,25158.0,683.4,535.9
EDBL,6/30/2025,577.2,577.2,565.0,565.28,-0.11,9433.0,683.4,535.9
EDBL,7/1/2025,560.2,584.4,560.1,580.49,2.69,18218.0,683.4,535.9
EDBL,7/2/2025,592.0,603.8,572.5,589.04,1.47,22045.0,683.4,535.9
EDBL,7/3/2025,594.8,628.0,592.0,609.49,3.47,92397.0,683.4,535.9
EDBL,7/6/2025,621.0,621.0,601.1,602.32,-1.18,17826.0,683.4,535.9
EDBL,7/7/2025,594.1,600.0,584.0,584.94,-2.89,19087.0,683.4,535.9
EDBL,7/8/2025,580.5,591.0,580.5,583.85,-0.19,15259.0,683.4,535.9
EDBL,7/9/2025,585.0,594.0,583.0,588.2,0.75,21613.0,683.4,535.9
EDBL,7/10/2025,598.0,605.0,590.7,596.78,1.46,18569.0,683.4,535.9
EDBL,7/13/2025,608.7,620.0,596.1,609.0,2.05,44061.0,683.4,535.9
EDBL,7/14/2025,596.9,608.8,590.1,598.58,-1.71,15947.0,683.4,535.9
EDBL,7/15/2025,609.9,625.0,590.0,613.82,2.55,32317.0,683.4,535.9
EDBL,7/16/2025,620.0,655.4,620.0,649.42,5.8,94601.0,683.4,535.9
EDBL,7/17/2025,662.0,674.0,648.0,657.42,1.23,124303.0,683.4,535.9
EDBL,7/20/2025,664.0,674.7,640.0,648.55,-1.35,85272.0,683.4,535.9
EDBL,7/21/2025,641.0,671.0,641.0,659.1,1.63,82225.0,683.4,535.9
EDBL,7/22/2025,665.0,684.9,660.1,676.76,2.68,62823.0,683.4,535.9
EDBL,7/23/2025,689.0,689.0,662.1,668.98,-1.15,54605.0,683.4,535.9
EDBL,7/24/2025,668.98,672.0,662.1,668.45,-0.08,54144.0,683.4,535.9
EDBL,7/27/2025,674.9,685.7,666.0,677.17,1.3,79387.0,683.4,535.9
EDBL,7/28/2025,680.0,696.0,670.1,689.6,1.84,141211.0,683.4,535.9
EDBL,7/29/2025,703.3,717.3,690.0,695.13,0.8,113543.0,683.4,535.9
EDBL,7/30/2025,700.0,700.0,675.0,678.28,-2.42,49902.0,683.4,535.9
EDBL,7/31/2025,670.1,690.0,665.0,667.16,-1.64,50876.0,683.4,535.9
EDBL,8/3/2025,669.0,670.0,653.0,655.43,-1.76,30987.0,683.4,535.9
EDBL,8/4/2025,665.0,665.0,642.0,657.46,0.31,15777.0,683.4,535.9
EDBL,8/5/2025,656.0,670.0,635.0,636.37,-3.21,18617.0,683.4,535.9
EDBL,8/6/2025,648.9,648.9,629.2,635.57,-0.13,13161.0,683.4,535.9
EDBL,8/7/2025,636.2,649.7,636.2,641.17,0.88,12570.0,683.4,535.9
EDBL,8/11/2025,653.9,653.9,628.0,629.37,-1.84,20018.0,683.4,535.9
EDBL,8/12/2025,629.0,629.0,619.0,622.04,-1.16,5533.0,683.4,535.9
EDBL,8/13/2025,632.9,632.9,621.1,625.37,0.54,6029.0,683.4,535.9
EDBL,8/14/2025,620.5,631.9,620.0,622.63,-0.44,9413.0,683.4,535.9
EDBL,8/17/2025,625.0,630.0,619.2,620.16,-0.4,12022.0,683.4,535.9
EDBL,8/18/2025,620.0,630.0,616.7,629.56,1.52,7008.0,683.4,535.9
EDBL,8/19/2025,618.3,635.0,618.3,625.6,-0.63,5771.0,683.4,535.9
EDBL,8/20/2025,629.9,631.0,627.0,628.24,0.42,7554.0,683.4,535.9
EDBL,8/21/2025,626.0,637.0,622.0,625.29,-0.47,9486.0,683.4,535.9
EDBL,8/24/2025,624.0,624.0,615.1,616.21,-1.45,8668.0,683.4,535.9
EDBL,8/25/2025,617.0,620.0,612.2,615.95,-0.04,4410.0,683.4,535.9
EDBL,8/26/2025,620.0,627.0,618.0,620.09,0.67,16315.0,683.4,535.9
EDBL,8/27/2025,628.0,673.0,627.0,646.66,4.28,29392.0,683.4,535.9
EDBL,8/28/2025,656.9,657.0,632.1,640.49,-0.95,35089.0,683.4,535.9
EDBL,8/31/2025,630.4,650.0,630.4,634.66,-0.91,24228.0,683.4,535.9
EDBL,9/1/2025,635.0,644.0,629.1,634.1,-0.09,32329.0,683.4,535.9
EDBL,9/2/2025,634.0,634.0,630.0,630.1,-0.63,3170.0,683.4,535.9
EDBL,9/3/2025,629.1,636.9,622.1,623.56,-1.04,10806.0,683.4,535.9
EDBL,9/4/2025,618.5,630.7,618.1,621.27,-0.37,10148.0,683.4,535.9
EDBL,9/7/2025,618.1,630.9,616.0,620.23,-0.17,7198.0,683.4,535.9
EDBL,9/8/2025,623.0,629.8,611.2,612.23,-1.29,71275.0,683.4,535.9
EDBL,9/18/2025,600.0,600.0,588.0,588.0,-3.96,1303.0,683.4,535.9
EDBL,9/21/2025,580.0,617.0,577.2,605.63,3.0,33219.0,683.4,535.9
EDBL,9/23/2025,616.5,637.0,605.0,625.0,3.2,10312.0,683.4,535.9
EDBL,9/24/2025,615.0,677.0,615.0,634.0,1.44,69289.0,683.4,535.9
EDBL,9/25/2025,645.7,645.7,610.0,615.0,-3.0,4558.0,683.4,535.9
EDBL,9/28/2025,615.1,625.0,615.0,625.0,1.63,8123.0,683.4,535.9
EDBL,10/7/2025,612.6,613.1,596.3,597.0,-4.48,7066.0,683.4,535.9
EDBL,10/8/2025,608.9,621.0,560.0,589.9,-1.19,21186.0,683.4,535.9
EDBL,10/9/2025,601.6,613.6,575.1,588.0,-0.32,8692.0,683.4,535.9
EDBL,10/12/2025,576.6,577.0,550.0,557.0,-5.27,12994.0,683.4,535.9
EDBL,10/13/2025,568.0,572.0,561.4,569.0,2.15,7622.0,683.4,535.9
EDBL,10/14/2025,569.0,574.2,557.8,574.2,0.91,8283.0,683.4,535.9
EDBL,10/15/2025,579.9,581.6,556.0,573.8,-0.07,1855.0,683.4,535.9
EDBL,10/16/2025,562.4,572.0,555.0,556.3,-3.05,6890.0,683.4,535.9
EDBL,10/19/2025,567.4,567.4,547.1,564.0,1.38,8999.0,683.4,535.9
EDBL,10/26/2025,553.5,563.0,545.0,561.9,-0.37,2220.0,683.4,535.9
EDBL,10/28/2025,568.9,618.0,568.9,618.0,9.98,16486.0,683.4,535.9
EDBL,10/29/2025,605.7,666.0,593.6,603.0,-2.43,22621.0,683.4,535.9
EDBL,10/30/2025,596.0,607.7,595.0,602.0,-0.17,17376.0,683.4,535.9
EDBL,11/2/2025,592.0,607.9,590.1,606.5,0.75,22372.0,683.4,535.9
EDBL,11/3/2025,600.0,667.0,600.0,667.0,9.98,81822.0,683.4,535.9
EDBL,11/4/2025,653.7,653.7,604.1,619.7,-7.09,20369.0,683.4,535.9
EDBL,11/5/2025,607.4,665.0,607.4,628.0,1.34,47547.0,683.4,535.9
EDBL,11/6/2025,625.0,625.0,605.1,613.0,-2.39,30571.0,683.4,535.9
EDBL,11/9/2025,600.8,666.0,588.9,593.0,-3.26,9419.0,683.4,535.9
EDBL,11/10/2025,581.2,640.0,581.2,596.1,0.52,11171.0,683.4,535.9
EDBL,11/11/2025,584.2,619.0,584.2,603.0,1.16,3076.0,683.4,535.9
EDBL,11/12/2025,591.0,614.0,584.0,585.1,-2.97,18313.0,683.4,535.9
EDBL,11/13/2025,573.4,596.3,573.4,586.1,0.17,10482.0,683.4,535.9
EDBL,11/16/2025,586.1,598.0,584.0,584.0,-0.36,3688.0,683.4,535.9
EDBL,11/17/2025,586.0,599.9,585.3,594.0,1.71,13857.0,683.4,535.9
EDBL,11/18/2025,600.0,608.0,588.0,603.0,1.52,11296.0,683.4,535.9
EDBL,11/19/2025,600.0,606.0,594.1,594.1,-1.48,12004.0,683.4,535.9
EDBL,11/20/2025,583.2,600.0,583.2,585.2,-1.5,5338.0,683.4,535.9
EDBL,11/23/2025,596.1,601.0,587.0,599.0,2.36,8427.0,683.4,535.9
EDBL,11/24/2025,599.0,607.8,599.0,600.2,0.2,9183.0,683.4,535.9
EDBL,11/25/2025,590.1,609.5,590.1,598.0,-0.37,8495.0,683.4,535.9
EDBL,11/26/2025,586.1,649.0,586.1,613.0,2.51,104324.0,683.4,535.9
EDBL,11/27/2025,603.5,613.0,599.0,599.0,-2.28,24860.0,683.4,535.9
EDBL,11/30/2025,600.0,600.0,587.0,587.0,-2.0,14606.0,683.4,535.9
EDBL,12/1/2025,587.3,592.0,585.0,591.0,0.68,8012.0,683.4,535.9
EDBL,12/2/2025,602.0,638.0,580.0,586.3,-0.8,8363.0,683.4,535.9
EDBL,12/3/2025,585.1,593.3,575.3,575.3,-1.88,10792.0,683.4,535.9
EDBL,12/7/2025,564.0,598.0,564.0,577.5,0.38,12240.0,683.4,535.9
EDBL,12/8/2025,588.9,597.9,582.1,582.1,0.8,4008.0,683.4,535.9
EDBL,12/9/2025,575.0,589.9,575.0,589.9,1.34,10038.0,683.4,535.9
EDBL,12/10/2025,589.9,589.9,578.4,578.4,-1.95,6331.0,683.4,535.9
EDBL,12/11/2025,570.0,580.0,570.0,580.0,0.28,9664.0,683.4,535.9
EDBL,12/14/2025,575.0,580.9,568.5,574.4,-0.97,9807.0,683.4,535.9
EDBL,12/15/2025,576.0,580.0,575.7,575.7,0.23,5036.0,683.4,535.9
EDBL,12/16/2025,584.0,584.0,575.0,581.0,0.92,4975.0,683.4,535.9
EDBL,12/17/2025,584.0,591.0,575.0,579.0,-0.34,9359.0,683.4,535.9
EDBL,12/18/2025,585.0,585.0,574.2,577.0,-0.35,29523.0,683.4,535.9
EDBL,12/21/2025,575.0,575.0,566.2,568.3,-1.51,14715.0,683.4,535.9
EDBL,12/22/2025,570.0,570.0,560.0,560.0,-1.46,8576.0,683.4,535.9
EDBL,12/23/2025,571.0,571.0,561.1,568.0,1.43,5242.0,683.4,535.9
EDBL,12/24/2025,577.0,577.0,566.1,568.0,0.0,2670.0,683.4,535.9
EDBL,12/28/2025,578.0,587.0,575.0,585.0,2.99,12014.0,683.4,535.9
EDBL,12/29/2025,580.1,590.0,577.0,589.0,0.68,6214.0,683.4,535.9
EDBL,12/31/2025,590.0,590.0,577.4,577.4,-1.97,23582.0,683.4,535.9
EDBL,1/1/2026,586.9,586.9,570.3,576.9,-0.09,7840.0,683.4,535.9
EDBL,1/4/2026,572.0,579.5,572.0,573.0,-0.68,7370.0,683.4,535.9
EDBL,1/5/2026,571.2,595.0,571.0,590.0,2.97,10357.0,683.4,535.9
EDBL,1/6/2026,595.0,604.0,590.0,599.9,1.68,16770.0,683.4,535.9
EDBL,1/7/2026,608.0,608.0,593.0,595.0,-0.82,11266.0,683.4,535.9
EDBL,1/8/2026,590.0,601.0,587.1,601.0,1.01,13155.0,683.4,535.9
EDBL,1/12/2026,600.1,605.0,594.1,596.0,-0.83,27789.0,683.4,535.9
EDBL,1/13/2026,591.1,600.0,591.1,599.0,0.5,3135.0,683.4,535.9
EDBL,1/14/2026,594.1,597.9,592.5,595.0,-0.67,8015.0,683.4,535.9
EDBL,1/18/2026,604.9,604.9,595.0,604.0,1.51,17755.0,683.4,535.9
EDBL,1/20/2026,615.0,623.0,603.0,614.0,1.66,59615.0,683.4,535.9
EDBL,1/21/2026,625.0,625.0,602.0,608.0,-0.98,14239.0,683.4,535.9
EDBL,1/22/2026,595.9,668.0,595.9,668.0,9.87,69558.0,683.4,535.9
EDBL,1/25/2026,655.0,655.0,606.0,635.0,-4.94,210310.0,683.4,535.9
EDBL,1/26/2026,622.3,672.0,622.3,628.0,-1.1,145881.0,683.4,535.9
EDBL,1/27/2026,615.5,630.0,609.0,617.6,-1.66,40793.0,683.4,535.9
EDBL,1/28/2026,611.1,622.0,607.0,607.0,-1.72,65812.0,683.4,535.9
EDBL,1/29/2026,619.0,619.0,606.9,612.0,0.82,56406.0,683.4,535.9
EDBL,2/1/2026,612.0,617.9,600.0,600.0,-1.96,26806.0,683.4,535.9
EDBL,2/2/2026,610.0,610.0,600.2,600.2,0.03,14091.0,683.4,535.9
EDBL,2/3/2026,601.0,611.8,600.0,601.0,0.13,23563.0,683.4,535.9
EDBL,2/4/2026,612.0,612.0,595.4,595.4,-0.93,18211.0,683.4,535.9
EDBL,2/5/2026,607.0,607.0,594.4,599.0,0.6,20303.0,683.4,535.9
EDBL,2/8/2026,610.0,613.0,596.0,596.5,-0.42,20167.0,683.4,535.9
EDBL,2/9/2026,591.5,596.0,585.3,585.8,-1.79,18566.0,683.4,535.9
EDBL,2/10/2026,581.0,587.0,576.2,579.0,-1.16,22658.0,683.4,535.9
EDBL,2/11/2026,579.0,590.0,579.0,579.0,0.0,15167.0,683.4,535.9
EDBL,2/12/2026,588.0,598.0,580.0,586.1,1.23,8725.0,683.4,535.9
EDBL,2/16/2026,590.0,599.0,583.0,590.0,0.67,15445.0,683.4,535.9
EDBL,2/17/2026,586.3,590.0,586.0,590.0,0.0,12482.0,683.4,535.9
EDBL,2/22/2026,579.0,580.0,576.1,576.1,-2.36,4194.0,683.4,535.9
EDBL,2/23/2026,576.0,589.0,571.5,578.9,0.49,12528.0,683.4,535.9
EDBL,2/24/2026,578.9,588.0,578.9,583.0,0.71,2680.0,683.4,535.9
EDBL,2/25/2026,592.5,592.7,582.0,582.6,-0.07,4317.0,683.4,535.9
EDBL,2/26/2026,591.0,591.0,581.0,583.2,0.1,6887.0,683.4,535.9
EDBL,2/27/2026,591.0,591.0,581.0,583.2,0.0,6887.0,683.4,535.9
EDBL,2/28/2026,591.0,591.0,581.0,583.2,0.0,6887.0,683.4,535.9
EDBL,3/2/2026,594.6,594.6,576.7,584.0,0.14,5072.0,683.4,535.9
EDBL,3/3/2026,583.0,596.9,581.1,596.9,2.21,14574.0,683.4,535.9
EDBL,3/4/2026,583.0,596.9,581.1,596.9,0.0,14574.0,683.4,535.9
EDBL,3/5/2026,583.0,596.9,581.1,596.9,0.0,14574.0,683.4,535.9
EDBL,3/6/2026,583.0,596.9,581.1,596.9,0.0,14574.0,683.4,535.9
EDBL,3/7/2026,583.0,596.9,581.1,596.9,0.0,14574.0,683.4,535.9
EDBL,3/8/2026,583.0,596.9,581.1,596.9,0.0,14574.0,683.4,535.9
EDBL,3/9/2026,608.8,656.0,608.8,654.0,9.57,1640.0,683.4,535.9
EDBL,3/10/2026,660.0,660.0,600.8,617.0,-5.66,77666.0,683.4,535.9
EDBL,3/11/2026,617.0,617.0,605.0,607.0,-1.62,30342.0,683.4,535.9
EDBL,3/12/2026,607.0,619.0,595.0,612.0,0.82,20886.0,683.4,535.9
EDBL,3/13/2026,607.0,619.0,595.0,612.0,0.0,20886.0,683.4,535.9
EDBL,3/14/2026,607.0,619.0,595.0,612.0,0.0,20886.0,683.4,535.9
EDBL,3/15/2026,615.0,619.9,609.8,613.0,0.16,47546.0,683.4,535.9
EDBL,3/16/2026,606.4,616.0,606.4,608.2,-0.78,24480.0,683.4,535.9
EDBL,3/17/2026,610.0,611.0,603.5,608.0,-0.03,11334.0,683.4,535.9
EDBL,3/18/2026,610.0,611.0,603.5,608.0,0.0,11334.0,683.4,535.9
EDBL,3/19/2026,604.1,626.0,604.1,623.0,2.47,54267.0,683.4,535.9
EDBL,3/20/2026,604.1,626.0,604.1,623.0,0.0,54267.0,683.4,535.9
EDBL,3/21/2026,604.1,626.0,604.1,623.0,0.0,54267.0,683.4,535.9
EDBL,3/22/2026,634.9,639.0,624.7,632.0,1.44,64090.0,683.4,535.9
EDBL,3/23/2026,635.0,636.0,620.2,621.3,-1.69,77275.0,683.4,535.9
EDBL,3/24/2026,633.7,683.4,622.0,634.9,2.19,27556.0,683.4,535.9
EDBL,3/25/2026,645.0,645.0,620.0,620.1,-2.33,18517.0,683.4,535.9
EDBL,3/26/2026,626.9,626.9,615.0,622.0,-0.78,13016.0,683.4,535.9
EDBL,3/29/2026,623.0,623.0,607.0,609.9,-2.1,20981.0,683.4,535.9
EDBL,3/30/2026,598.4,615.0,598.0,599.0,0.1,25466.0,683.4,535.9
EDBL,3/31/2026,600.0,610.0,592.5,607.9,1.32,24846.0,683.4,535.9
EDBL,4/1/2026,601.0,606.9,590.6,594.5,-1.08,14214.0,683.4,535.9
EDBL,4/2/2026,586.0,597.0,585.5,592.0,1.02,24319.0,683.4,535.9
EDBL,4/5/2026,582.1,589.0,565.0,574.9,-1.24,27735.0,683.4,535.9
EDBL,4/6/2026,567.2,590.0,567.2,587.0,3.49,12371.0,683.4,535.9
EDBL,4/7/2026,585.0,593.0,576.1,576.1,-1.52,17503.0,683.4,535.9
EDBL,4/8/2026,587.5,589.0,580.0,584.1,-0.58,8843.0,683.4,535.9
EDBL,4/9/2026,589.5,602.0,586.5,597.0,1.27,11697.0,683.4,535.9
EDBL,4/10/2026,597.0,597.0,590.1,591.8,-0.87,7086.0,683.4,535.9
EDBL,4/13/2026,590.0,593.0,586.6,588.6,-0.24,7070.0,683.4,535.9
EDBL,4/15/2026,590.0,599.0,590.0,595.5,0.93,11402.0,683.4,535.9
EDBL,4/16/2026,588.1,589.9,585.1,585.6,-0.43,12929.0,683.4,535.9
EDBL,4/17/2026,585.0,590.0,580.3,585.6,0.1,16682.0,683.4,535.9
EDBL,4/20/2026,560.0,594.1,560.0,585.3,4.52,12556.0,683.4,535.9
EDBL,4/21/2026,585.0,589.9,581.4,583.0,-0.34,7688.0,683.4,535.9
EDBL,4/22/2026,580.0,584.6,576.1,580.0,0.0,6396.0,683.4,535.9
EDBL,4/23/2026,572.2,586.0,572.2,580.0,1.36,8782.0,683.4,535.9
EDBL,4/24/2026,579.0,584.0,575.0,581.8,0.48,5074.0,683.4,535.9
EDBL,4/27/2026,581.8,583.9,577.0,579.9,-0.33,5448.0,683.4,535.9
EDBL,4/28/2026,552.0,585.5,552.0,576.0,4.35,6805.0,683.4,535.9
EDBL,4/29/2026,547.2,653.2,547.2,582.0,6.36,25989.0,683.4,535.9
EDBL,4/30/2026,580.0,583.2,572.0,577.7,-0.4,14063.0,683.4,535.9
EDBL,5/4/2026,577.7,579.0,569.6,571.1,-1.14,7891.0,683.4,535.9
EDBL,5/5/2026,555.0,583.0,555.0,572.0,3.06,7899.0,683.4,535.9
EDBL,5/6/2026,588.0,588.0,566.0,572.0,-2.72,15167.0,683.4,535.9
EDBL,5/7/2026,571.0,575.9,563.1,572.0,0.18,1831.0,683.4,535.9
EDBL,5/8/2026,575.0,582.0,575.0,576.4,0.24,787.0,683.4,535.9
EDBL,5/11/2026,589.0,600.0,581.1,586.6,-0.41,4213.0,683.4,535.9
EDBL,5/12/2026,560.0,585.0,560.0,579.1,3.41,4654.0,683.4,535.9
EDBL,5/13/2026,579.0,585.0,575.3,580.8,0.31,2956.0,683.4,535.9
EDBL,5/14/2026,581.0,582.0,573.2,575.0,-1.03,1662.0,683.4,535.9
EDBL,5/15/2026,584.0,584.0,572.1,579.9,-0.7,3893.0,683.4,535.9
EDBL,5/18/2026,574.0,579.9,573.2,579.9,1.03,891.0,683.4,535.9
EDBL,5/19/2026,580.0,582.0,576.0,579.7,-0.05,711.0,683.4,535.9
EDBL,5/20/2026,587.9,587.9,580.0,582.0,-1.0,1955.0,683.4,535.9
EDBL,5/21/2026,582.0,588.0,576.2,579.9,-0.36,5795.0,683.4,535.9
EDBL,5/22/2026,573.0,584.0,571.1,580.0,1.22,2860.0,683.4,535.9
EDBL,5/25/2026,583.0,595.0,583.0,586.1,0.53,6117.0,683.4,535.9
EDBL,5/26/2026,590.9,591.0,576.3,584.9,-1.02,3740.0,683.4,535.9
EDBL,5/27/2026,578.9,584.0,577.3,582.8,0.67,6023.0,683.4,535.9
EDBL,6/1/2026,572.2,589.0,572.2,579.0,1.19,3805.0,683.4,535.9
EDBL,6/2/2026,578.0,590.0,575.0,588.9,1.89,13846.0,683.4,535.9
EDBL,6/3/2026,604.0,604.0,586.3,594.4,-1.59,13294.0,683.4,535.9
EDBL,6/4/2026,605.0,605.0,588.0,588.8,-2.68,6055.0,683.4,535.9
EDBL,6/5/2026,583.5,595.8,583.5,588.2,0.81,2565.0,683.4,535.9
EDBL,6/8/2026,582.6,583.5,578.2,580.0,-0.45,3230.0,683.4,535.9
EDBL,6/9/2026,580.0,582.9,575.0,576.0,-0.69,5750.0,683.4,535.9
EDBL,6/10/2026,579.1,590.0,578.0,583.2,0.71,3706.0,683.4,535.9
EDBL,6/11/2026,574.0,585.0,573.1,583.0,1.57,2478.0,683.4,535.9
EDBL,6/12/2026,580.0,580.0,575.0,575.5,-0.78,1664.0,683.4,535.9
EDBL,6/15/2026,576.2,580.0,574.0,574.5,-0.3,6294.0,683.4,535.9
EDBL,6/16/2026,575.0,576.0,575.0,575.0,0.0,1648.0,683.4,535.9
EDBL,6/17/2026,575.0,587.4,575.0,577.0,0.35,1218.0,683.4,535.9
EDBL,6/18/2026,577.0,579.0,573.0,578.9,0.33,1321.0,683.4,535.9
EDBL,6/19/2026,584.9,584.9,571.5,571.5,-2.29,3335.0,683.4,535.9
EDBL,6/22/2026,570.0,577.9,570.0,577.5,1.32,3657.0,683.4,535.9
EDBL,6/23/2026,570.0,570.0,565.0,570.0,0.0,24273.0,683.4,535.9
EDBL,6/24/2026,569.9,569.9,558.2,558.2,-2.05,5351.0,683.4,535.9
EDBL,6/26/2026,560.1,565.0,555.6,555.6,-0.8,5152.0,683.4,535.9
EDBL,6/29/2026,555.0,559.7,550.0,559.7,0.85,3256.0,683.4,535.9
EDBL,6/30/2026,558.0,560.0,550.1,553.4,-0.82,5033.0,683.4,535.9
EDBL,7/1/2026,565.0,568.0,555.2,565.0,0.0,2545.0,683.4,535.9
EDBL,7/2/2026,555.3,568.9,555.3,568.9,2.45,7240.0,683.4,535.9
EDBL,7/3/2026,558.2,570.0,558.2,569.5,2.02,5924.0,683.4,535.9
EDBL,7/6/2026,560.0,560.0,553.0,560.0,0.0,8890.0,683.4,535.9
EDBL,7/7/2026,560.0,567.5,559.2,567.5,1.34,3810.0,683.4,535.9
EDBL,7/8/2026,560.2,564.9,550.5,564.9,0.84,11660.0,683.4,535.9
EDBL,7/9/2026,555.0,562.9,554.0,561.0,1.08,1390.0,683.4,535.9
EDBL,7/10/2026,567.0,584.0,556.2,558.0,-1.59,1120.0,683.4,535.9
EDBL,7/13/2026,585.0,638.0,551.0,560.0,-4.27,131010.0,683.4,535.9
EDBL,7/14/2026,560.0,563.3,549.0,560.5,0.09,49491.0,683.4,535.9
EDBL,7/15/2026,573.0,573.0,561.5,561.5,-2.01,880.0,683.4,535.9
EDBL,7/16/2026,578.0,578.0,560.1,561.3,-2.89,2995.0,683.4,535.9
EDBL,7/17/2026,578.0,583.0,573.0,577.0,-0.17,2872.0,683.4,535.9
EDBL,7/20/2026,577.0,584.9,576.0,584.0,1.21,2464.0,683.4,535.9
EDBL,7/21/2026,588.0,590.0,577.0,578.0,-1.7,8979.0,683.4,535.9
EDBL,7/22/2026,586.0,586.0,575.0,583.0,-0.51,5908.0,683.4,535.9
EDBL,7/23/2026,576.0,585.0,576.0,580.1,0.71,2458.0,683.4,535.9
EDBL,7/24/2026,586.9,588.0,576.1,581.5,-0.92,13509.0,683.4,535.9
EDBL,7/27/2026,581.0,582.0,575.1,575.5,-0.95,12084.0,683.4,535.9
EDBL,7/28/2026,573.0,580.0,570.0,580.0,1.22,21771.0,683.4,535.9
EDBL,7/29/2026,580.1,580.3,578.0,579.0,-0.19,6434.0,683.4,535.9
EDBL,7/30/2026,573.0,576.0,573.0,574.0,0.17,5265.0,683.4,535.9
EDBL,7/31/2026,574.1,582.0,572.0,579.0,0.85,6814.0,683.4,535.9
EDBL,8/3/2026,580.0,591.2,580.0,583.0,0.52,17637.0,683.4,535.9
EDBL,8/4/2026,583.0,594.7,581.2,591.0,1.37,13326.0,683.4,535.9
EDBL,8/5/2026,591.0,595.9,585.1,590.9,-0.02,3742.0,683.4,535.9
EDBL,8/6/2026,594.0,594.0,585.0,587.9,-1.03,645.0,683.4,535.9
EDBL,8/7/2026,575.0,586.0,575.0,584.0,1.57,1460.0,683.4,535.9
EDBL,8/10/2026,578.0,587.9,577.0,580.0,0.35,4050.0,683.4,535.9
EDBL,8/11/2026,580.0,587.9,580.0,587.9,1.36,10182.0,683.4,535.9
EDBL,8/12/2026,587.9,587.9,580.0,583.5,-0.75,2655.0,683.4,535.9
EDBL,8/13/2026,585.0,587.0,572.4,587.0,0.34,7901.0,683.4,535.9
EDBL,8/14/2026,575.0,579.0,575.0,578.9,0.68,3124.0,683.4,535.9
EDBL,8/17/2026,590.0,596.0,575.2,582.0,-1.36,8190.0,683.4,535.9
EDBL,8/18/2026,577.0,587.9,577.0,583.1,1.06,15941.0,683.4,535.9
EDBL,8/19/2026,584.5,586.9,575.0,584.0,-0.09,10238.0,683.4,535.9
EDBL,8/20/2026,590.0,590.0,577.1,583.8,-1.05,998.0,683.4,535.9
EDBL,8/21/2026,580.0,587.0,571.3,577.0,-0.52,1987.0,683.4,535.9
EDBL,8/24/2026,585.0,593.0,580.0,583.0,-0.34,129582.0,683.4,535.9
EDBL,8/25/2026,570.0,622.0,570.0,581.4,2.0,16155.0,683.4,535.9
EDBL,8/26/2026,565.0,599.0,565.0,568.0,0.53,7211.0,683.4,535.9
EDBL,8/27/2026,565.0,573.9,557.1,566.0,0.18,4709.0,683.4,535.9
EDBL,8/31/2026,566.2,570.0,563.1,563.1,-0.55,2535.0,683.4,535.9
EDBL,9/1/2026,569.9,575.0,565.2,569.9,0.0,549.0,683.4,535.9
EDBL,9/2/2026,564.0,575.0,559.0,575.0,1.95,4431.0,683.4,535.9
EDBL,9/3/2026,579.9,579.9,565.5,570.0,-1.71,1730.0,683.4,535.9
EDBL,9/7/2026,579.0,584.0,565.0,575.0,-0.69,104136.0,683.4,535.9
EDBL,9/9/2026,569.0,569.0,562.3,564.1,-0.86,1144.0,683.4,535.9
EDBL,9/10/2026,535.9,567.0,535.9,565.0,5.43,2213.0,683.4,535.9
EDBL,9/11/2026,567.0,568.0,561.0,566.9,-0.02,2443.0,683.4,535.9
EDBL,9/14/2026,566.0,572.5,566.0,572.5,1.15,2003.0,683.4,535.9
EDBL,9/15/2026,600.0,600.0,570.0,579.0,-3.5,23291.0,683.4,535.9
EDBL,9/16/2026,570.0,580.0,568.1,568.2,-0.32,1709.0,683.4,535.9
EDBL,9/17/2026,575.0,581.0,572.0,579.6,0.8,6505.0,683.4,535.9
EDBL,9/18/2026,575.0,585.0,575.0,583.9,1.55,3035.0,683.4,535.9
EDBL,9/22/2026,577.0,591.0,577.0,580.1,0.54,15546.0,683.4,535.9
EDBL,9/23/2026,580.0,580.0,563.0,563.0,-2.93,7551.0,683.4,535.9
EDBL,9/24/2026,569.0,577.9,567.0,575.0,1.05,2862.0,683.4,535.9
EDBL,9/28/2026,589.3,591.0,570.1,572.0,-2.94,4259.0,683.4,535.9
EDBL,9/29/2026,572.0,575.0,565.0,0.0,-100.0,3233.0,683.4,535.9
EDBL,9/30/2026,573.0,574.9,566.4,574.9,0.33,1031.0,683.4,535.9
EDBL,10/1/2026,581.0,581.0,570.2,575.0,-1.03,2885.0,683.4,535.9
EDBL,10/2/2026,573.0,573.0,562.0,565.0,-1.4,2140.0,683.4,535.9
EDBLPO,8/6/2026,324.0,324.0,324.0,324.0,0.0,84485.0,408.0,408.0
EHPL,12/21/2025,407.5,412.0,400.0,401.1,,30336.0,525.0,295.0
EHPL,12/22/2025,401.0,402.5,393.0,394.0,-1.77,45829.0,525.0,295.0
EHPL,12/23/2025,396.1,399.8,389.0,391.1,-0.74,42745.0,525.0,295.0
EHPL,12/24/2025,397.0,397.0,389.3,393.0,0.49,14407.0,525.0,295.0
EHPL,12/28/2025,398.0,406.0,395.0,405.0,3.05,32204.0,525.0,295.0
EHPL,12/29/2025,406.0,410.0,396.0,398.0,-1.73,24441.0,525.0,295.0
EHPL,12/31/2025,398.0,405.0,393.0,395.0,-0.75,36803.0,525.0,295.0
EHPL,1/1/2026,402.9,402.9,390.0,390.0,-1.27,36417.0,525.0,295.0
EHPL,1/4/2026,390.0,396.4,386.5,391.0,0.26,37968.0,525.0,295.0
EHPL,1/5/2026,398.8,417.0,391.0,414.0,5.88,63398.0,525.0,295.0
EHPL,1/6/2026,422.2,422.2,405.9,411.0,-0.72,43285.0,525.0,295.0
EHPL,1/7/2026,419.2,419.2,402.0,402.0,-2.19,29109.0,525.0,295.0
EHPL,1/8/2026,410.0,410.0,400.0,406.0,1.0,32623.0,525.0,295.0
EHPL,1/12/2026,397.9,413.0,397.9,402.0,-0.99,53976.0,525.0,295.0
EHPL,1/13/2026,408.8,410.0,402.7,407.9,1.47,39435.0,525.0,295.0
EHPL,1/14/2026,415.0,420.0,406.0,417.0,2.23,65757.0,525.0,295.0
EHPL,1/18/2026,425.3,425.3,414.0,417.5,0.12,52997.0,525.0,295.0
EHPL,1/20/2026,421.1,423.8,414.0,416.1,-0.34,67651.0,525.0,295.0
EHPL,1/21/2026,424.0,424.0,407.0,410.0,-1.47,59883.0,525.0,295.0
EHPL,1/22/2026,417.8,417.8,408.0,411.0,0.24,52174.0,525.0,295.0
EHPL,1/25/2026,410.1,424.0,410.0,422.0,2.68,101184.0,525.0,295.0
EHPL,1/26/2026,430.0,430.0,419.0,427.0,1.18,129822.0,525.0,295.0
EHPL,1/27/2026,435.0,439.0,423.0,423.5,-0.82,155434.0,525.0,295.0
EHPL,1/28/2026,423.1,443.1,420.0,441.9,4.34,106573.0,525.0,295.0
EHPL,1/29/2026,441.0,474.0,441.0,449.8,1.79,195251.0,525.0,295.0
EHPL,2/1/2026,458.0,458.0,432.0,435.0,-3.29,63485.0,525.0,295.0
EHPL,2/2/2026,440.0,440.0,427.0,430.0,-1.15,69772.0,525.0,295.0
EHPL,2/3/2026,426.8,443.0,426.8,429.0,-0.23,92241.0,525.0,295.0
EHPL,2/4/2026,434.0,440.0,427.2,430.0,0.23,51858.0,525.0,295.0
EHPL,2/5/2026,435.0,442.5,428.0,436.5,1.51,84954.0,525.0,295.0
EHPL,2/8/2026,445.0,450.0,429.0,430.0,-1.49,93799.0,525.0,295.0
EHPL,2/9/2026,431.1,433.9,422.1,423.6,-1.49,49141.0,525.0,295.0
EHPL,2/10/2026,422.2,430.0,421.0,424.0,0.09,34990.0,525.0,295.0
EHPL,2/11/2026,421.0,436.0,419.0,419.2,-1.13,32844.0,525.0,295.0
EHPL,2/12/2026,425.0,440.0,419.0,430.1,2.6,77369.0,525.0,295.0
EHPL,2/16/2026,431.0,437.0,423.1,424.0,-1.42,44770.0,525.0,295.0
EHPL,2/17/2026,424.0,425.0,412.6,413.0,-2.59,59323.0,525.0,295.0
EHPL,2/22/2026,413.0,413.0,401.3,402.2,-2.62,37378.0,525.0,295.0
EHPL,2/23/2026,405.0,408.9,400.0,405.0,0.7,35058.0,525.0,295.0
EHPL,2/24/2026,405.0,410.0,402.0,406.3,0.32,29209.0,525.0,295.0
EHPL,2/25/2026,407.0,413.3,405.0,407.1,0.2,31879.0,525.0,295.0
EHPL,2/26/2026,415.0,415.0,403.1,410.0,0.71,30496.0,525.0,295.0
EHPL,2/27/2026,415.0,415.0,403.1,410.0,0.0,30496.0,525.0,295.0
EHPL,2/28/2026,415.0,415.0,403.1,410.0,0.0,30496.0,525.0,295.0
EHPL,3/2/2026,406.0,412.9,402.0,412.0,0.49,18925.0,525.0,295.0
EHPL,3/3/2026,412.0,420.0,408.0,419.0,1.7,29633.0,525.0,295.0
EHPL,3/4/2026,412.0,420.0,408.0,419.0,0.0,29633.0,525.0,295.0
EHPL,3/5/2026,412.0,420.0,408.0,419.0,0.0,29633.0,525.0,295.0
EHPL,3/6/2026,412.0,420.0,408.0,419.0,0.0,29633.0,525.0,295.0
EHPL,3/7/2026,412.0,420.0,408.0,419.0,0.0,29633.0,525.0,295.0
EHPL,3/8/2026,412.0,420.0,408.0,419.0,0.0,29633.0,525.0,295.0
EHPL,3/9/2026,427.3,436.0,427.3,436.0,4.06,90.0,525.0,295.0
EHPL,3/10/2026,444.7,453.5,426.0,436.0,0.0,97230.0,525.0,295.0
EHPL,3/11/2026,444.7,444.7,428.0,429.0,-1.61,47279.0,525.0,295.0
EHPL,3/12/2026,436.8,436.8,429.0,431.5,0.58,41232.0,525.0,295.0
EHPL,3/13/2026,436.8,436.8,429.0,431.5,0.0,41232.0,525.0,295.0
EHPL,3/14/2026,436.8,436.8,429.0,431.5,0.0,41232.0,525.0,295.0
EHPL,3/15/2026,422.9,445.0,422.9,439.8,1.92,90584.0,525.0,295.0
EHPL,3/16/2026,445.0,453.0,438.5,447.0,1.64,120165.0,525.0,295.0
EHPL,3/17/2026,447.0,456.7,445.2,455.9,1.99,108417.0,525.0,295.0
EHPL,3/18/2026,447.0,456.7,445.2,455.9,0.0,108417.0,525.0,295.0
EHPL,3/19/2026,460.0,470.0,456.0,456.1,0.04,122335.0,525.0,295.0
EHPL,3/20/2026,460.0,470.0,456.0,456.1,0.0,122335.0,525.0,295.0
EHPL,3/21/2026,460.0,470.0,456.0,456.1,0.0,122335.0,525.0,295.0
EHPL,3/22/2026,465.2,465.2,446.1,449.0,-1.56,148421.0,525.0,295.0
EHPL,3/23/2026,450.2,454.0,441.2,449.5,0.11,49939.0,525.0,295.0
EHPL,3/24/2026,453.0,460.0,450.0,452.0,0.56,53883.0,525.0,295.0
EHPL,3/25/2026,455.0,456.0,445.0,445.0,-1.55,54070.0,525.0,295.0
EHPL,3/26/2026,453.9,453.9,444.0,446.0,-1.74,44030.0,525.0,295.0
EHPL,3/29/2026,454.9,454.9,430.0,431.6,-5.12,57289.0,525.0,295.0
EHPL,3/30/2026,431.6,435.0,416.3,417.0,-3.38,46406.0,525.0,295.0
EHPL,3/31/2026,417.0,429.1,410.1,426.0,2.16,45954.0,525.0,295.0
EHPL,4/1/2026,426.0,430.0,410.0,413.0,-3.05,39675.0,525.0,295.0
EHPL,4/2/2026,410.0,419.7,406.0,411.0,0.24,29971.0,525.0,295.0
EHPL,4/5/2026,405.0,411.0,395.0,395.1,-2.44,50050.0,525.0,295.0
EHPL,4/6/2026,395.1,414.0,395.1,414.0,4.78,33318.0,525.0,295.0
EHPL,4/7/2026,417.0,418.0,409.0,410.3,-1.61,27546.0,525.0,295.0
EHPL,4/8/2026,418.5,419.0,410.2,419.0,0.12,22430.0,525.0,295.0
EHPL,4/9/2026,426.4,426.4,412.1,419.0,-1.74,35044.0,525.0,295.0
EHPL,4/10/2026,420.0,427.0,416.0,418.0,-0.48,19741.0,525.0,295.0
EHPL,4/13/2026,424.0,426.3,417.0,422.0,-0.47,32233.0,525.0,295.0
EHPL,4/15/2026,430.4,430.4,421.0,424.0,-1.49,31142.0,525.0,295.0
EHPL,4/16/2026,416.1,431.9,416.0,420.0,0.94,18293.0,525.0,295.0
EHPL,4/17/2026,420.0,420.0,415.0,417.9,-0.5,16605.0,525.0,295.0
EHPL,4/20/2026,438.7,438.7,413.0,415.0,-5.4,6440.0,525.0,295.0
EHPL,4/21/2026,415.0,423.9,405.6,406.0,-2.17,36956.0,525.0,295.0
EHPL,4/22/2026,426.3,426.3,398.0,398.0,-6.64,70184.0,525.0,295.0
EHPL,4/23/2026,417.9,417.9,398.0,402.0,-3.8,63580.0,525.0,295.0
EHPL,4/24/2026,418.0,418.0,390.0,390.0,-6.7,66734.0,525.0,295.0
EHPL,4/27/2026,400.0,408.0,383.2,402.0,0.5,93488.0,525.0,295.0
EHPL,4/28/2026,422.1,422.1,394.1,394.1,-6.63,42713.0,525.0,295.0
EHPL,4/29/2026,413.8,413.8,390.4,392.9,-5.05,19352.0,525.0,295.0
EHPL,4/30/2026,412.5,412.5,385.0,391.4,-5.12,24360.0,525.0,295.0
EHPL,5/4/2026,392.0,399.0,386.0,387.0,-1.28,17131.0,525.0,295.0
EHPL,5/5/2026,406.3,406.3,383.2,383.2,-5.69,33238.0,525.0,295.0
EHPL,5/6/2026,402.3,402.3,378.9,383.0,-4.8,27028.0,525.0,295.0
EHPL,5/7/2026,370.0,390.0,370.0,384.0,3.78,8999.0,525.0,295.0
EHPL,5/8/2026,403.2,403.2,379.0,384.0,-4.76,30061.0,525.0,295.0
EHPL,5/11/2026,403.2,403.2,387.0,393.0,-2.53,20363.0,525.0,295.0
EHPL,5/12/2026,385.0,397.0,380.3,380.3,-1.22,31105.0,525.0,295.0
EHPL,5/13/2026,399.3,399.3,375.8,377.0,-5.58,17175.0,525.0,295.0
EHPL,5/14/2026,377.0,386.0,375.0,379.0,0.53,12430.0,525.0,295.0
EHPL,5/15/2026,382.0,382.0,377.1,379.0,-0.79,9288.0,525.0,295.0
EHPL,5/18/2026,382.0,383.9,377.2,382.0,0.0,32434.0,525.0,295.0
EHPL,5/19/2026,401.1,401.1,375.0,385.9,-3.79,42641.0,525.0,295.0
EHPL,5/20/2026,405.1,405.1,382.0,392.9,-3.01,10167.0,525.0,295.0
EHPL,5/21/2026,375.0,397.7,375.0,386.1,2.96,10542.0,525.0,295.0
EHPL,5/22/2026,386.9,394.8,383.0,394.5,1.96,37314.0,525.0,295.0
EHPL,5/25/2026,395.0,402.5,395.0,402.0,1.77,28087.0,525.0,295.0
EHPL,5/26/2026,403.0,409.8,398.0,405.0,0.5,26657.0,525.0,295.0
EHPL,5/27/2026,405.0,411.8,397.0,402.0,-0.74,12909.0,525.0,295.0
EHPL,6/1/2026,410.1,410.1,389.1,390.1,-4.88,14043.0,525.0,295.0
EHPL,6/2/2026,390.1,395.0,387.0,394.5,1.13,9882.0,525.0,295.0
EHPL,6/3/2026,399.0,399.0,390.0,392.1,-1.73,13040.0,525.0,295.0
EHPL,6/4/2026,395.0,395.0,388.0,390.0,-1.27,18476.0,525.0,295.0
EHPL,6/5/2026,388.0,390.0,382.0,387.9,-0.03,22626.0,525.0,295.0
EHPL,6/8/2026,407.2,407.2,381.0,383.0,-5.94,14825.0,525.0,295.0
EHPL,6/9/2026,393.9,393.9,379.0,381.2,-3.22,14682.0,525.0,295.0
EHPL,6/10/2026,390.8,390.8,380.1,385.0,-1.48,8990.0,525.0,295.0
EHPL,6/11/2026,382.0,387.8,382.0,382.1,0.03,11115.0,525.0,295.0
EHPL,6/12/2026,387.0,387.0,380.5,384.0,-0.78,16402.0,525.0,295.0
EHPL,6/15/2026,395.0,395.0,383.0,384.0,-2.78,7047.0,525.0,295.0
EHPL,6/16/2026,381.0,387.0,381.0,387.0,1.57,11907.0,525.0,295.0
EHPL,6/17/2026,387.0,399.0,387.0,397.0,2.58,38731.0,525.0,295.0
EHPL,6/18/2026,416.8,416.8,390.0,392.8,-5.76,12645.0,525.0,295.0
EHPL,6/19/2026,392.0,398.9,387.3,391.0,-0.26,4269.0,525.0,295.0
EHPL,6/22/2026,398.9,398.9,384.0,385.0,-3.48,21374.0,525.0,295.0
EHPL,6/23/2026,404.2,404.2,380.0,383.5,-5.12,12604.0,525.0,295.0
EHPL,6/24/2026,381.2,385.0,380.0,383.5,0.6,14174.0,525.0,295.0
EHPL,6/26/2026,402.1,402.1,381.1,381.7,-5.07,7095.0,525.0,295.0
EHPL,6/29/2026,381.8,383.0,377.0,378.0,-1.0,16196.0,525.0,295.0
EHPL,6/30/2026,385.0,385.0,365.0,373.0,-3.12,15024.0,525.0,295.0
EHPL,7/1/2026,391.6,391.6,370.0,373.0,-4.75,19616.0,525.0,295.0
EHPL,7/2/2026,371.2,379.0,370.0,371.0,-0.05,9487.0,525.0,295.0
EHPL,7/3/2026,370.1,379.0,369.2,369.2,-0.24,16268.0,525.0,295.0
EHPL,7/6/2026,374.0,374.0,363.0,364.0,-2.67,9317.0,525.0,295.0
EHPL,7/7/2026,355.6,375.0,353.1,367.8,3.43,6355.0,525.0,295.0
EHPL,7/8/2026,386.0,386.0,353.0,360.0,-6.74,15712.0,525.0,295.0
EHPL,7/9/2026,359.9,363.0,352.0,352.0,-2.2,3829.0,525.0,295.0
EHPL,7/10/2026,369.6,369.6,345.0,346.0,-6.39,20219.0,525.0,295.0
EHPL,7/13/2026,329.0,354.0,329.0,339.0,3.04,17190.0,525.0,295.0
EHPL,7/14/2026,345.0,345.0,329.0,332.5,-3.62,18974.0,525.0,295.0
EHPL,7/15/2026,342.4,351.9,333.6,335.0,-2.16,11299.0,525.0,295.0
EHPL,7/16/2026,318.3,352.0,318.3,328.3,3.14,18118.0,525.0,295.0
EHPL,7/17/2026,338.0,357.0,338.0,350.0,3.55,24582.0,525.0,295.0
EHPL,7/20/2026,360.0,369.9,347.0,367.9,2.19,22973.0,525.0,295.0
EHPL,7/21/2026,370.0,370.0,355.0,361.6,-2.27,17531.0,525.0,295.0
EHPL,7/22/2026,370.0,380.0,350.0,356.8,-3.57,15190.0,525.0,295.0
EHPL,7/23/2026,363.9,363.9,349.2,355.3,-2.36,8656.0,525.0,295.0
EHPL,7/24/2026,360.9,365.0,355.0,358.9,-0.55,19434.0,525.0,295.0
EHPL,7/27/2026,365.0,365.0,346.0,346.1,-5.18,9591.0,525.0,295.0
EHPL,7/28/2026,346.1,351.0,342.5,351.0,1.42,10871.0,525.0,295.0
EHPL,7/29/2026,360.0,360.0,341.2,343.8,-4.5,5950.0,525.0,295.0
EHPL,7/30/2026,350.0,360.0,341.2,343.5,-1.86,5136.0,525.0,295.0
EHPL,7/31/2026,349.0,349.0,337.0,340.1,-2.55,15290.0,525.0,295.0
EHPL,8/3/2026,348.9,358.4,341.5,346.3,-0.75,8105.0,525.0,295.0
EHPL,8/4/2026,363.6,363.6,340.0,344.0,-5.39,4882.0,525.0,295.0
EHPL,8/5/2026,353.5,353.5,337.0,347.9,-1.58,9751.0,525.0,295.0
EHPL,8/6/2026,365.2,365.2,343.0,344.0,-5.81,4094.0,525.0,295.0
EHPL,8/7/2026,353.0,353.0,338.3,344.0,-2.55,5513.0,525.0,295.0
EHPL,8/10/2026,361.2,361.2,328.0,339.0,-6.15,20514.0,525.0,295.0
EHPL,8/11/2026,355.9,355.9,335.1,336.2,-5.54,4479.0,525.0,295.0
EHPL,8/12/2026,345.5,349.0,329.1,336.0,-2.75,24313.0,525.0,295.0
EHPL,8/13/2026,345.0,345.0,334.0,334.6,-3.01,4543.0,525.0,295.0
EHPL,8/14/2026,351.3,351.3,331.5,337.0,-4.07,9870.0,525.0,295.0
EHPL,8/17/2026,341.0,341.0,330.0,333.9,-2.08,11058.0,525.0,295.0
EHPL,8/18/2026,338.9,338.9,330.0,334.9,-1.18,3869.0,525.0,295.0
EHPL,8/19/2026,351.6,351.6,325.2,335.0,-4.72,18402.0,525.0,295.0
EHPL,8/20/2026,340.0,340.0,325.0,333.0,-2.06,10364.0,525.0,295.0
EHPL,8/21/2026,349.6,349.6,311.1,321.2,-8.12,12112.0,525.0,295.0
EHPL,8/24/2026,321.1,330.0,320.1,323.0,0.59,7659.0,525.0,295.0
EHPL,8/25/2026,332.6,332.6,316.0,317.0,-4.69,7473.0,525.0,295.0
EHPL,8/26/2026,332.8,332.8,314.1,318.0,-4.45,20697.0,525.0,295.0
EHPL,8/27/2026,321.0,321.0,311.0,313.9,-2.21,21982.0,525.0,295.0
EHPL,8/31/2026,329.5,329.5,295.0,300.0,-8.95,13035.0,525.0,295.0
EHPL,9/1/2026,309.0,318.0,295.9,303.5,-1.78,7525.0,525.0,295.0
EHPL,9/2/2026,312.6,317.9,300.2,306.3,-2.02,6151.0,525.0,295.0
EHPL,9/3/2026,308.0,314.2,307.5,312.0,1.3,10143.0,525.0,295.0
EHPL,9/7/2026,321.3,321.3,310.0,315.0,-1.96,6034.0,525.0,295.0
EHPL,9/9/2026,330.7,330.7,312.5,316.1,-4.41,10015.0,525.0,295.0
EHPL,9/10/2026,331.9,331.9,308.0,314.0,-5.39,4658.0,525.0,295.0
EHPL,9/11/2026,318.0,318.0,308.5,316.0,-0.63,3515.0,525.0,295.0
EHPL,9/14/2026,331.8,331.8,312.0,326.0,-1.75,10528.0,525.0,295.0
EHPL,9/15/2026,340.0,355.0,327.0,331.6,-2.47,19111.0,525.0,295.0
EHPL,9/16/2026,348.1,348.1,327.0,330.0,-5.2,17266.0,525.0,295.0
EHPL,9/17/2026,339.0,339.0,330.0,332.4,-1.95,6245.0,525.0,295.0
EHPL,9/18/2026,338.0,345.0,327.6,335.0,-0.89,8045.0,525.0,295.0
EHPL,9/22/2026,351.7,351.7,330.0,333.8,-5.09,6179.0,525.0,295.0
EHPL,9/23/2026,335.0,339.0,320.0,326.0,-2.69,10566.0,525.0,295.0
EHPL,9/24/2026,342.3,342.3,312.0,326.8,-4.53,6776.0,525.0,295.0
EHPL,9/28/2026,343.1,343.1,318.2,322.0,-6.15,7809.0,525.0,295.0
EHPL,9/29/2026,322.0,336.0,315.1,0.0,-100.0,6217.0,525.0,295.0
EHPL,9/30/2026,321.0,328.0,317.0,317.0,-1.25,2453.0,525.0,295.0
EHPL,10/1/2026,332.0,332.0,317.1,318.0,-4.22,8149.0,525.0,295.0
EHPL,10/2/2026,333.0,333.0,315.0,319.0,-4.2,4746.0,525.0,295.0
ENL,12/21/2025,880.1,896.0,874.0,894.0,,1538.0,1021.0,458.9
ENL,12/22/2025,877.0,887.0,877.0,887.0,-0.78,153.0,1021.0,458.9
ENL,12/23/2025,885.0,892.6,872.5,887.0,0.0,193.0,1021.0,458.9
ENL,12/24/2025,875.0,890.0,871.1,890.0,0.34,228.0,1021.0,458.9
ENL,12/28/2025,897.7,908.0,886.2,902.0,1.35,580.0,1021.0,458.9
ENL,12/29/2025,888.0,905.0,888.0,903.5,0.17,1144.0,1021.0,458.9
ENL,12/31/2025,886.0,914.0,886.0,900.0,-0.39,1396.0,1021.0,458.9
ENL,1/1/2026,900.0,900.0,886.0,900.0,0.0,80.0,1021.0,458.9
ENL,1/4/2026,885.0,922.0,882.0,905.0,0.56,1051.0,1021.0,458.9
ENL,1/5/2026,887.0,918.0,887.0,905.0,0.0,2473.0,1021.0,458.9
ENL,1/6/2026,919.0,938.0,905.2,914.9,1.09,937.0,1021.0,458.9
ENL,1/7/2026,900.0,905.0,888.0,903.0,-1.3,2342.0,1021.0,458.9
ENL,1/8/2026,890.0,903.0,886.0,903.0,0.0,1070.0,1021.0,458.9
ENL,1/12/2026,885.5,900.0,885.5,900.0,-0.33,341.0,1021.0,458.9
ENL,1/13/2026,915.0,915.0,892.0,892.2,-0.87,790.0,1021.0,458.9
ENL,1/14/2026,890.0,901.1,890.0,901.0,0.99,688.0,1021.0,458.9
ENL,1/18/2026,905.0,916.0,900.1,915.0,1.55,532.0,1021.0,458.9
ENL,1/20/2026,900.1,936.3,900.1,921.0,0.66,6581.0,1021.0,458.9
ENL,1/21/2026,917.3,929.9,905.2,910.3,-1.16,3030.0,1021.0,458.9
ENL,1/22/2026,901.2,917.0,901.2,917.0,0.74,3635.0,1021.0,458.9
ENL,1/25/2026,918.0,993.0,915.0,992.0,8.18,6044.0,1021.0,458.9
ENL,1/26/2026,973.0,990.0,952.8,979.0,-1.31,5301.0,1021.0,458.9
ENL,1/27/2026,961.0,978.0,945.0,945.0,-3.47,4153.0,1021.0,458.9
ENL,1/28/2026,932.1,940.0,920.0,938.0,-0.74,4301.0,1021.0,458.9
ENL,1/29/2026,956.5,956.5,925.1,950.0,1.28,3279.0,1021.0,458.9
ENL,2/1/2026,968.9,968.9,920.0,935.0,-1.58,2005.0,1021.0,458.9
ENL,2/2/2026,953.0,953.0,915.0,915.0,-2.14,1626.0,1021.0,458.9
ENL,2/3/2026,910.1,933.0,910.0,924.0,0.98,549.0,1021.0,458.9
ENL,2/4/2026,941.0,941.5,915.1,915.1,-0.96,1497.0,1021.0,458.9
ENL,2/5/2026,933.0,952.0,919.6,919.6,0.49,1894.0,1021.0,458.9
ENL,2/8/2026,908.0,989.3,908.0,940.0,2.22,4694.0,1021.0,458.9
ENL,2/9/2026,925.0,935.0,925.0,929.9,-1.07,820.0,1021.0,458.9
ENL,2/10/2026,920.0,928.7,915.0,923.0,-0.74,3868.0,1021.0,458.9
ENL,2/11/2026,913.1,938.0,912.0,928.0,0.54,560.0,1021.0,458.9
ENL,2/12/2026,946.4,946.4,915.0,932.7,0.51,1244.0,1021.0,458.9
ENL,2/16/2026,921.0,930.0,921.0,927.8,-0.53,1682.0,1021.0,458.9
ENL,2/17/2026,910.8,917.0,900.5,917.0,-1.16,1691.0,1021.0,458.9
ENL,2/22/2026,902.0,917.9,890.0,898.5,-2.02,973.0,1021.0,458.9
ENL,2/23/2026,905.0,908.0,890.3,900.0,0.17,1102.0,1021.0,458.9
ENL,2/24/2026,915.6,918.0,890.0,903.0,0.33,1450.0,1021.0,458.9
ENL,2/25/2026,918.0,918.0,894.5,910.0,0.78,408.0,1021.0,458.9
ENL,2/26/2026,908.0,916.6,881.1,914.0,0.44,1099.0,1021.0,458.9
ENL,2/27/2026,908.0,916.6,881.1,914.0,0.0,1099.0,1021.0,458.9
ENL,2/28/2026,908.0,916.6,881.1,914.0,0.0,1099.0,1021.0,458.9
ENL,3/2/2026,900.0,918.0,900.0,906.5,-0.82,708.0,1021.0,458.9
ENL,3/3/2026,922.0,935.0,912.9,935.0,3.14,870.0,1021.0,458.9
ENL,3/4/2026,922.0,935.0,912.9,935.0,0.0,870.0,1021.0,458.9
ENL,3/5/2026,922.0,935.0,912.9,935.0,0.0,870.0,1021.0,458.9
ENL,3/6/2026,922.0,935.0,912.9,935.0,0.0,870.0,1021.0,458.9
ENL,3/7/2026,922.0,935.0,912.9,935.0,0.0,870.0,1021.0,458.9
ENL,3/8/2026,922.0,935.0,912.9,935.0,0.0,870.0,1021.0,458.9
ENL,3/9/2026,953.7,972.7,953.7,955.1,2.15,30.0,1021.0,458.9
ENL,3/10/2026,974.2,982.0,925.0,971.5,1.72,7384.0,1021.0,458.9
ENL,3/11/2026,975.0,983.3,956.5,965.0,-0.67,1445.0,1021.0,458.9
ENL,3/12/2026,946.0,973.0,946.0,950.0,-1.55,1596.0,1021.0,458.9
ENL,3/13/2026,946.0,973.0,946.0,950.0,0.0,1596.0,1021.0,458.9
ENL,3/14/2026,946.0,973.0,946.0,950.0,0.0,1596.0,1021.0,458.9
ENL,3/15/2026,950.0,950.0,933.2,936.0,-1.47,575.0,1021.0,458.9
ENL,3/16/2026,926.2,936.0,926.2,935.0,-0.11,1190.0,1021.0,458.9
ENL,3/17/2026,918.0,931.0,918.0,929.0,-0.64,1710.0,1021.0,458.9
ENL,3/18/2026,918.0,931.0,918.0,929.0,0.0,1710.0,1021.0,458.9
ENL,3/19/2026,920.2,967.0,920.2,959.7,3.3,3681.0,1021.0,458.9
ENL,3/20/2026,920.2,967.0,920.2,959.7,0.0,3681.0,1021.0,458.9
ENL,3/21/2026,920.2,967.0,920.2,959.7,0.0,3681.0,1021.0,458.9
ENL,3/22/2026,950.0,995.0,950.0,976.0,1.7,5256.0,1021.0,458.9
ENL,3/23/2026,967.0,993.0,967.0,975.0,-0.1,3185.0,1021.0,458.9
ENL,3/24/2026,975.1,977.0,968.0,973.0,-0.21,3011.0,1021.0,458.9
ENL,3/25/2026,954.2,986.9,950.0,974.0,0.1,3138.0,1021.0,458.9
ENL,3/26/2026,954.6,969.0,941.1,969.0,1.51,1735.0,1021.0,458.9
ENL,3/29/2026,956.0,956.8,943.0,950.0,-0.63,1212.0,1021.0,458.9
ENL,3/30/2026,931.0,936.0,920.0,920.0,-1.18,2280.0,1021.0,458.9
ENL,3/31/2026,902.1,922.0,900.0,920.0,1.98,1515.0,1021.0,458.9
ENL,4/1/2026,903.1,921.0,902.2,910.0,0.76,1741.0,1021.0,458.9
ENL,4/2/2026,892.2,909.0,892.1,909.0,1.88,703.0,1021.0,458.9
ENL,4/5/2026,890.9,890.9,852.6,869.5,-2.4,3577.0,1021.0,458.9
ENL,4/6/2026,884.0,896.0,880.0,886.0,0.23,964.0,1021.0,458.9
ENL,4/7/2026,885.1,890.0,870.3,874.0,-1.25,1394.0,1021.0,458.9
ENL,4/8/2026,888.0,895.0,876.1,895.0,0.79,910.0,1021.0,458.9
ENL,4/9/2026,911.0,923.0,895.0,923.0,1.32,712.0,1021.0,458.9
ENL,4/10/2026,910.0,910.0,904.6,905.0,-0.55,1781.0,1021.0,458.9
ENL,4/13/2026,900.0,905.0,890.0,905.0,0.56,1196.0,1021.0,458.9
ENL,4/15/2026,922.0,922.0,905.0,914.5,-0.81,395.0,1021.0,458.9
ENL,4/16/2026,900.0,905.5,895.0,905.5,0.61,885.0,1021.0,458.9
ENL,4/17/2026,900.0,900.0,873.0,873.0,-3.0,1776.0,1021.0,458.9
ENL,4/20/2026,869.5,911.0,869.5,905.0,4.08,2771.0,1021.0,458.9
ENL,4/21/2026,905.0,930.0,896.1,897.0,-0.88,2444.0,1021.0,458.9
ENL,4/22/2026,898.0,916.8,880.6,916.8,2.09,395.0,1021.0,458.9
ENL,4/23/2026,890.0,900.0,890.0,900.0,1.12,870.0,1021.0,458.9
ENL,4/24/2026,873.2,899.0,873.2,898.0,2.84,490.0,1021.0,458.9
ENL,4/27/2026,898.0,900.0,885.0,898.0,0.0,350.0,1021.0,458.9
ENL,4/28/2026,898.0,905.0,890.0,895.0,-0.33,658.0,1021.0,458.9
ENL,4/29/2026,895.0,890.0,870.0,890.0,-0.56,884.0,1021.0,458.9
ENL,4/30/2026,872.0,899.9,872.0,899.8,3.19,111.0,1021.0,458.9
ENL,5/4/2026,873.0,889.0,873.0,884.0,1.26,1290.0,1021.0,458.9
ENL,5/5/2026,901.0,901.0,875.0,894.0,-0.78,1221.0,1021.0,458.9
ENL,5/6/2026,920.0,920.0,869.0,895.0,-2.72,274.0,1021.0,458.9
ENL,5/7/2026,890.0,890.0,875.0,889.0,-0.11,1459.0,1021.0,458.9
ENL,5/8/2026,874.0,895.0,870.0,885.0,1.26,352.0,1021.0,458.9
ENL,5/11/2026,890.0,912.0,886.0,910.0,2.25,1590.0,1021.0,458.9
ENL,5/12/2026,924.0,924.0,885.0,898.9,-2.72,636.0,1021.0,458.9
ENL,5/13/2026,904.9,904.9,890.0,895.0,-1.09,40.0,1021.0,458.9
ENL,5/14/2026,895.0,920.0,877.0,880.0,-1.68,179.0,1021.0,458.9
ENL,5/15/2026,870.0,920.0,844.0,890.0,2.3,3111.0,1021.0,458.9
ENL,5/18/2026,870.1,896.0,844.1,890.0,2.29,1516.0,1021.0,458.9
ENL,5/19/2026,890.0,890.0,870.0,870.0,-2.25,299.0,1021.0,458.9
ENL,5/20/2026,913.0,913.0,884.0,895.0,-1.97,240.0,1021.0,458.9
ENL,5/21/2026,939.0,939.0,885.0,899.0,-4.26,400.0,1021.0,458.9
ENL,5/22/2026,914.0,914.0,887.0,898.0,-1.75,370.0,1021.0,458.9
ENL,5/25/2026,912.3,912.3,887.2,902.0,-1.13,653.0,1021.0,458.9
ENL,5/26/2026,881.2,899.9,881.2,899.9,2.12,115.0,1021.0,458.9
ENL,5/27/2026,855.0,900.0,855.0,894.0,4.56,891.0,1021.0,458.9
ENL,6/1/2026,910.0,910.0,860.0,895.0,-1.65,1252.0,1021.0,458.9
ENL,6/2/2026,895.0,900.0,872.0,890.6,-0.49,1200.0,1021.0,458.9
ENL,6/3/2026,871.5,878.5,870.0,870.0,-0.17,2350.0,1021.0,458.9
ENL,6/4/2026,894.0,894.0,870.1,884.6,-1.05,987.0,1021.0,458.9
ENL,6/5/2026,891.0,894.0,861.3,880.0,-1.23,795.0,1021.0,458.9
ENL,6/8/2026,870.0,880.0,870.0,878.6,0.99,406.0,1021.0,458.9
ENL,6/9/2026,880.0,880.0,861.1,879.9,-0.01,551.0,1021.0,458.9
ENL,6/10/2026,861.2,875.0,861.2,875.0,1.6,796.0,1021.0,458.9
ENL,6/11/2026,917.0,917.0,865.0,875.0,-4.58,1567.0,1021.0,458.9
ENL,6/12/2026,856.1,880.0,856.1,880.0,2.79,288.0,1021.0,458.9
ENL,6/15/2026,856.5,874.0,856.5,873.6,2.0,334.0,1021.0,458.9
ENL,6/16/2026,873.0,876.5,860.0,876.5,0.4,600.0,1021.0,458.9
ENL,6/17/2026,870.0,878.7,857.2,878.7,1.0,321.0,1021.0,458.9
ENL,6/18/2026,865.0,878.0,865.0,874.6,1.11,319.0,1021.0,458.9
ENL,6/19/2026,860.0,873.6,860.0,873.6,1.58,315.0,1021.0,458.9
ENL,6/22/2026,865.0,870.0,858.0,869.0,0.46,629.0,1021.0,458.9
ENL,6/23/2026,855.0,867.5,855.0,864.4,1.1,336.0,1021.0,458.9
ENL,6/24/2026,864.0,864.0,845.4,849.0,-1.74,480.0,1021.0,458.9
ENL,6/26/2026,826.0,847.0,822.0,846.5,2.48,293.0,1021.0,458.9
ENL,6/29/2026,824.0,843.9,824.0,843.9,2.42,60.0,1021.0,458.9
ENL,6/30/2026,830.0,830.0,820.0,820.0,-1.2,230.0,1021.0,458.9
ENL,7/1/2026,810.0,844.0,810.0,819.2,1.14,154.0,1021.0,458.9
ENL,7/2/2026,815.0,831.0,801.0,831.0,1.96,590.0,1021.0,458.9
ENL,7/3/2026,845.0,845.0,820.0,838.0,-0.83,465.0,1021.0,458.9
ENL,7/6/2026,820.0,828.0,811.0,828.0,0.98,440.0,1021.0,458.9
ENL,7/7/2026,850.0,850.0,803.6,820.0,-3.53,869.0,1021.0,458.9
ENL,7/8/2026,840.0,840.0,790.0,823.0,-2.02,2109.0,1021.0,458.9
ENL,7/9/2026,800.2,820.0,777.0,800.1,-0.01,780.0,1021.0,458.9
ENL,7/10/2026,785.0,800.0,784.0,800.0,1.91,566.0,1021.0,458.9
ENL,7/13/2026,776.0,790.0,770.0,784.0,1.03,185.0,1021.0,458.9
ENL,7/14/2026,800.0,800.0,762.0,762.0,-4.75,1295.0,1021.0,458.9
ENL,7/15/2026,784.6,799.6,784.6,795.0,1.33,480.0,1021.0,458.9
ENL,7/16/2026,817.0,817.0,770.0,805.0,-1.47,764.0,1021.0,458.9
ENL,7/17/2026,827.0,848.0,802.3,848.0,2.54,828.0,1021.0,458.9
ENL,7/20/2026,858.0,858.0,824.0,851.0,-0.82,541.0,1021.0,458.9
ENL,7/21/2026,830.1,855.0,830.1,851.9,2.63,329.0,1021.0,458.9
ENL,7/22/2026,863.0,863.0,820.0,825.0,-4.4,1366.0,1021.0,458.9
ENL,7/23/2026,820.0,834.0,810.0,834.0,1.71,671.0,1021.0,458.9
ENL,7/24/2026,855.0,855.0,828.3,849.0,-0.7,240.0,1021.0,458.9
ENL,7/27/2026,845.0,845.0,824.0,824.0,-2.49,309.0,1021.0,458.9
ENL,7/28/2026,801.0,810.0,801.0,805.0,0.5,340.0,1021.0,458.9
ENL,7/29/2026,805.0,806.0,801.0,804.0,-0.12,315.0,1021.0,458.9
ENL,7/30/2026,814.0,814.0,796.0,806.0,-0.98,410.0,1021.0,458.9
ENL,7/31/2026,795.1,814.5,795.1,814.5,2.44,330.0,1021.0,458.9
ENL,8/3/2026,805.0,824.0,798.4,813.0,0.99,672.0,1021.0,458.9
ENL,8/4/2026,805.0,815.0,800.0,810.0,0.62,210.0,1021.0,458.9
ENL,8/5/2026,812.0,812.0,796.0,803.9,-1.0,290.0,1021.0,458.9
ENL,8/6/2026,815.0,815.0,785.7,791.0,-2.94,580.0,1021.0,458.9
ENL,8/7/2026,791.0,800.0,785.1,799.9,1.13,160.0,1021.0,458.9
ENL,8/10/2026,786.0,797.9,786.0,797.9,1.51,451.0,1021.0,458.9
ENL,8/11/2026,782.0,803.0,782.0,803.0,2.69,70.0,1021.0,458.9
ENL,8/12/2026,800.0,848.7,782.1,847.0,5.88,1388.0,1021.0,458.9
ENL,8/13/2026,821.6,829.9,798.0,803.7,-2.18,320.0,1021.0,458.9
ENL,8/14/2026,805.0,823.9,800.1,823.9,2.35,220.0,1021.0,458.9
ENL,8/17/2026,810.0,820.0,805.0,805.0,-0.62,370.0,1021.0,458.9
ENL,8/18/2026,819.6,819.6,790.0,799.0,-2.51,514.0,1021.0,458.9
ENL,8/19/2026,822.0,822.0,781.0,798.0,-2.92,210.0,1021.0,458.9
ENL,8/20/2026,798.0,818.5,790.0,818.5,2.57,40.0,1021.0,458.9
ENL,8/21/2026,824.6,840.0,814.6,820.0,-0.56,345.0,1021.0,458.9
ENL,8/24/2026,830.0,830.0,775.0,817.9,-1.46,915.0,1021.0,458.9
ENL,8/25/2026,833.9,833.9,833.9,833.9,0.0,10.0,1021.0,458.9
ENL,8/26/2026,833.9,833.9,833.9,833.9,0.0,10.0,1021.0,458.9
ENL,8/27/2026,808.9,810.0,764.0,764.0,-5.55,2398.0,1021.0,458.9
ENL,8/31/2026,765.0,785.0,760.0,784.0,2.48,730.0,1021.0,458.9
ENL,9/1/2026,775.5,822.0,775.5,822.0,6.0,780.0,1021.0,458.9
ENL,9/2/2026,820.0,820.0,776.0,817.8,-0.27,586.0,1021.0,458.9
ENL,9/3/2026,797.0,813.6,783.0,813.6,2.08,335.0,1021.0,458.9
ENL,9/7/2026,854.0,854.0,691.6,691.6,-19.02,16300.0,1021.0,458.9
ENL,9/9/2026,657.1,661.9,587.9,587.9,-10.53,171560.0,1021.0,458.9
ENL,9/10/2026,600.0,650.0,571.0,620.0,3.33,32270.0,1021.0,458.9
ENL,9/11/2026,651.0,651.0,578.1,593.9,-8.77,30848.0,1021.0,458.9
ENL,9/14/2026,595.0,598.0,570.4,571.0,-4.03,18069.0,1021.0,458.9
ENL,9/15/2026,580.0,606.0,560.0,574.0,-1.03,49688.0,1021.0,458.9
ENL,9/16/2026,574.0,574.0,548.0,554.0,-3.48,32485.0,1021.0,458.9
ENL,9/17/2026,568.0,568.0,544.0,557.0,-1.94,26898.0,1021.0,458.9
ENL,9/18/2026,557.5,557.8,541.0,557.0,-0.09,20328.0,1021.0,458.9
ENL,9/22/2026,584.8,584.8,547.0,559.0,-4.41,20881.0,1021.0,458.9
ENL,9/23/2026,531.1,570.0,531.1,555.0,4.5,28958.0,1021.0,458.9
ENL,9/24/2026,555.0,566.7,550.1,550.6,-0.79,16057.0,1021.0,458.9
ENL,9/28/2026,550.1,552.0,496.0,496.0,-9.83,111046.0,1021.0,458.9
ENL,9/29/2026,471.2,516.0,471.0,0.0,-100.0,89700.0,1021.0,458.9
ENL,9/30/2026,458.9,520.0,458.9,480.0,4.6,62449.0,1021.0,458.9
ENL,10/1/2026,490.0,521.7,475.0,517.0,5.51,154870.0,1021.0,458.9
ENL,10/2/2026,542.0,542.0,497.1,498.3,-8.06,70786.0,1021.0,458.9
FMDBL,12/21/2025,772.0,785.0,765.0,765.0,,21785.0,982.0,689.8
FMDBL,12/22/2025,770.0,777.0,767.2,771.4,0.84,12114.0,982.0,689.8
FMDBL,12/23/2025,771.1,785.0,762.2,770.0,-0.18,15185.0,982.0,689.8
FMDBL,12/24/2025,779.0,781.0,767.2,778.0,1.04,9293.0,982.0,689.8
FMDBL,12/28/2025,785.0,795.0,776.4,791.0,1.67,18023.0,982.0,689.8
FMDBL,12/29/2025,790.0,795.9,782.6,782.6,-1.06,11126.0,982.0,689.8
FMDBL,12/31/2025,780.1,789.8,776.0,779.9,-0.35,9746.0,982.0,689.8
FMDBL,1/1/2026,779.0,779.9,770.0,770.1,-1.26,11624.0,982.0,689.8
FMDBL,1/4/2026,775.0,779.8,761.1,763.4,-0.87,12669.0,982.0,689.8
FMDBL,1/5/2026,765.2,785.0,765.2,780.0,2.17,28469.0,982.0,689.8
FMDBL,1/6/2026,785.0,795.0,780.1,788.6,1.1,19772.0,982.0,689.8
FMDBL,1/7/2026,785.0,836.0,784.0,815.0,3.35,80619.0,982.0,689.8
FMDBL,1/8/2026,805.1,819.0,798.0,803.0,-1.47,57214.0,982.0,689.8
FMDBL,1/12/2026,795.0,809.0,790.5,793.0,-1.25,24866.0,982.0,689.8
FMDBL,1/13/2026,799.8,800.0,788.0,795.0,0.25,20932.0,982.0,689.8
FMDBL,1/14/2026,795.0,812.0,795.0,801.1,0.77,26587.0,982.0,689.8
FMDBL,1/18/2026,811.0,822.6,800.7,809.7,1.07,25747.0,982.0,689.8
FMDBL,1/20/2026,823.9,845.0,812.0,828.0,2.26,59340.0,982.0,689.8
FMDBL,1/21/2026,843.5,843.9,825.0,835.0,0.85,76946.0,982.0,689.8
FMDBL,1/22/2026,827.7,837.0,815.5,816.1,-2.26,41537.0,982.0,689.8
FMDBL,1/25/2026,820.0,852.0,820.0,843.5,3.36,49375.0,982.0,689.8
FMDBL,1/26/2026,860.3,860.3,830.0,840.0,-0.41,65782.0,982.0,689.8
FMDBL,1/27/2026,830.1,849.9,815.2,824.0,-1.9,43707.0,982.0,689.8
FMDBL,1/28/2026,823.0,825.0,812.0,823.3,-0.08,32493.0,982.0,689.8
FMDBL,1/29/2026,812.1,828.9,805.0,815.0,-1.01,33067.0,982.0,689.8
FMDBL,2/1/2026,807.0,818.0,796.0,800.0,-1.84,24862.0,982.0,689.8
FMDBL,2/2/2026,813.5,816.0,798.0,802.0,0.25,18417.0,982.0,689.8
FMDBL,2/3/2026,786.0,814.9,786.0,800.0,-0.25,16305.0,982.0,689.8
FMDBL,2/4/2026,784.0,814.9,784.0,792.9,-0.89,14639.0,982.0,689.8
FMDBL,2/5/2026,793.4,809.7,793.4,800.0,0.9,29281.0,982.0,689.8
FMDBL,2/8/2026,816.0,816.0,794.0,794.0,-0.75,25242.0,982.0,689.8
FMDBL,2/9/2026,787.0,798.0,785.0,787.0,-0.88,22152.0,982.0,689.8
FMDBL,2/10/2026,799.0,799.0,784.0,789.0,0.25,13878.0,982.0,689.8
FMDBL,2/11/2026,804.7,818.0,780.0,780.0,-1.14,17845.0,982.0,689.8
FMDBL,2/12/2026,780.0,803.9,775.0,789.0,1.15,33955.0,982.0,689.8
FMDBL,2/16/2026,790.0,799.9,785.0,786.3,-0.34,17896.0,982.0,689.8
FMDBL,2/17/2026,782.1,785.0,778.0,779.0,-0.93,25629.0,982.0,689.8
FMDBL,2/22/2026,773.0,779.0,768.0,774.0,-0.64,19011.0,982.0,689.8
FMDBL,2/23/2026,768.4,781.0,768.4,776.4,0.31,24081.0,982.0,689.8
FMDBL,2/24/2026,786.0,807.9,778.0,798.5,2.85,33599.0,982.0,689.8
FMDBL,2/25/2026,799.0,809.0,792.1,798.9,0.05,39083.0,982.0,689.8
FMDBL,2/26/2026,789.0,804.0,789.0,794.0,-0.61,13990.0,982.0,689.8
FMDBL,2/27/2026,789.0,804.0,789.0,794.0,0.0,13990.0,982.0,689.8
FMDBL,2/28/2026,789.0,804.0,789.0,794.0,0.0,13990.0,982.0,689.8
FMDBL,3/2/2026,789.1,799.5,789.0,795.0,0.13,8414.0,982.0,689.8
FMDBL,3/3/2026,795.0,809.0,795.0,801.0,0.75,8852.0,982.0,689.8
FMDBL,3/4/2026,795.0,809.0,795.0,801.0,0.0,8852.0,982.0,689.8
FMDBL,3/5/2026,795.0,809.0,795.0,801.0,0.0,8852.0,982.0,689.8
FMDBL,3/6/2026,795.0,809.0,795.0,801.0,0.0,8852.0,982.0,689.8
FMDBL,3/7/2026,795.0,809.0,795.0,801.0,0.0,8852.0,982.0,689.8
FMDBL,3/8/2026,795.0,809.0,795.0,801.0,0.0,8852.0,982.0,689.8
FMDBL,3/9/2026,817.0,881.0,817.0,880.0,9.86,7785.0,982.0,689.8
FMDBL,3/10/2026,880.0,880.0,825.0,844.4,-4.05,75234.0,982.0,689.8
FMDBL,3/11/2026,830.3,842.0,821.0,821.0,-2.77,30017.0,982.0,689.8
FMDBL,3/12/2026,812.1,837.4,812.1,830.0,1.1,21443.0,982.0,689.8
FMDBL,3/13/2026,812.1,837.4,812.1,830.0,0.0,21443.0,982.0,689.8
FMDBL,3/14/2026,812.1,837.4,812.1,830.0,0.0,21443.0,982.0,689.8
FMDBL,3/15/2026,825.0,837.9,820.5,823.0,-0.84,21381.0,982.0,689.8
FMDBL,3/16/2026,825.0,830.0,810.1,815.0,-0.97,36468.0,982.0,689.8
FMDBL,3/17/2026,802.1,820.0,802.1,816.0,0.12,23977.0,982.0,689.8
FMDBL,3/18/2026,802.1,820.0,802.1,816.0,0.0,23977.0,982.0,689.8
FMDBL,3/19/2026,817.0,842.0,817.0,842.0,3.19,72283.0,982.0,689.8
FMDBL,3/20/2026,817.0,842.0,817.0,842.0,0.0,72283.0,982.0,689.8
FMDBL,3/21/2026,817.0,842.0,817.0,842.0,0.0,72283.0,982.0,689.8
FMDBL,3/22/2026,858.8,902.7,842.0,893.0,6.06,196627.0,982.0,689.8
FMDBL,3/23/2026,904.9,982.0,877.0,973.0,8.96,201402.0,982.0,689.8
FMDBL,3/24/2026,953.6,953.6,897.3,909.2,-6.56,112190.0,982.0,689.8
FMDBL,3/25/2026,927.0,927.0,872.0,897.0,-1.34,80449.0,982.0,689.8
FMDBL,3/26/2026,896.0,896.0,871.2,888.4,-0.85,48277.0,982.0,689.8
FMDBL,3/29/2026,890.0,890.0,850.0,855.0,-3.93,90804.0,982.0,689.8
FMDBL,3/30/2026,855.0,862.0,838.0,840.0,-1.75,49775.0,982.0,689.8
FMDBL,3/31/2026,845.0,854.0,824.0,844.0,-0.12,37184.0,982.0,689.8
FMDBL,4/1/2026,830.5,842.0,811.0,815.0,-1.87,67708.0,982.0,689.8
FMDBL,4/2/2026,819.0,830.0,790.1,817.0,-0.24,37321.0,982.0,689.8
FMDBL,4/5/2026,800.7,810.0,774.3,789.0,-1.46,44369.0,982.0,689.8
FMDBL,4/6/2026,795.0,826.0,788.5,810.0,1.89,33616.0,982.0,689.8
FMDBL,4/7/2026,825.9,825.9,808.0,809.0,-2.05,21297.0,982.0,689.8
FMDBL,4/8/2026,810.0,849.0,810.0,840.0,3.7,45129.0,982.0,689.8
FMDBL,4/9/2026,855.0,855.0,833.0,846.0,-1.05,31463.0,982.0,689.8
FMDBL,4/10/2026,846.0,860.0,826.1,831.1,-1.76,26883.0,982.0,689.8
FMDBL,4/13/2026,846.9,847.0,823.0,825.5,-2.53,13495.0,982.0,689.8
FMDBL,4/15/2026,830.0,848.0,828.0,840.0,1.2,26925.0,982.0,689.8
FMDBL,4/16/2026,825.0,841.4,815.3,820.0,-0.61,23621.0,982.0,689.8
FMDBL,4/17/2026,820.5,829.0,795.0,820.0,-0.06,61220.0,982.0,689.8
FMDBL,4/20/2026,780.5,834.9,780.5,808.8,3.63,21891.0,982.0,689.8
FMDBL,4/21/2026,848.9,848.9,800.0,802.0,-5.52,11576.0,982.0,689.8
FMDBL,4/22/2026,800.0,824.0,795.0,811.0,1.38,23960.0,982.0,689.8
FMDBL,4/23/2026,800.2,819.4,800.0,809.9,1.21,6067.0,982.0,689.8
FMDBL,4/24/2026,802.0,805.0,798.3,800.3,-0.21,8295.0,982.0,689.8
FMDBL,4/27/2026,800.3,814.9,802.4,806.0,0.71,4108.0,982.0,689.8
FMDBL,4/28/2026,806.0,830.0,801.0,802.1,-0.48,10455.0,982.0,689.8
FMDBL,4/29/2026,802.1,810.0,795.0,810.0,0.98,13317.0,982.0,689.8
FMDBL,4/30/2026,769.5,817.0,769.5,795.0,3.31,17754.0,982.0,689.8
FMDBL,5/4/2026,785.0,807.0,780.0,789.9,0.62,11147.0,982.0,689.8
FMDBL,5/5/2026,781.0,800.0,775.3,788.0,0.9,10350.0,982.0,689.8
FMDBL,5/6/2026,795.0,820.9,780.0,780.0,-1.89,35602.0,982.0,689.8
FMDBL,5/7/2026,760.0,807.0,760.0,800.0,5.26,21452.0,982.0,689.8
FMDBL,5/8/2026,796.0,806.0,796.0,804.8,1.11,6240.0,982.0,689.8
FMDBL,5/11/2026,810.0,925.0,804.0,919.0,13.46,40585.0,982.0,689.8
FMDBL,5/12/2026,874.0,874.0,790.0,805.0,-7.89,77403.0,982.0,689.8
FMDBL,5/13/2026,820.0,820.0,780.0,793.0,-3.29,8108.0,982.0,689.8
FMDBL,5/14/2026,799.0,804.9,785.0,795.9,-0.39,9871.0,982.0,689.8
FMDBL,5/15/2026,795.5,810.1,795.1,796.0,0.06,7814.0,982.0,689.8
FMDBL,5/18/2026,797.0,805.0,792.1,797.0,0.0,7596.0,982.0,689.8
FMDBL,5/19/2026,797.0,800.2,786.1,788.1,-1.12,15450.0,982.0,689.8
FMDBL,5/20/2026,800.0,810.1,790.0,804.0,0.5,6866.0,982.0,689.8
FMDBL,5/21/2026,807.0,807.0,779.9,792.0,-1.86,150059.0,982.0,689.8
FMDBL,5/22/2026,785.0,794.0,780.0,787.3,0.29,32393.0,982.0,689.8
FMDBL,5/25/2026,792.0,799.0,792.0,799.0,0.88,14697.0,982.0,689.8
FMDBL,5/26/2026,803.8,805.5,783.8,786.1,-2.2,26463.0,982.0,689.8
FMDBL,5/27/2026,789.1,799.9,787.0,792.0,0.37,18532.0,982.0,689.8
FMDBL,6/1/2026,831.6,831.6,783.0,788.0,-5.24,12912.0,982.0,689.8
FMDBL,6/2/2026,827.4,827.4,782.0,787.0,-4.88,12419.0,982.0,689.8
FMDBL,6/3/2026,791.0,800.0,790.0,793.0,0.25,11018.0,982.0,689.8
FMDBL,6/4/2026,790.0,799.0,785.0,790.0,0.0,13225.0,982.0,689.8
FMDBL,6/5/2026,800.0,800.0,782.0,788.8,-1.4,6620.0,982.0,689.8
FMDBL,6/8/2026,780.6,789.9,780.6,784.9,0.55,16788.0,982.0,689.8
FMDBL,6/9/2026,781.0,786.4,776.0,780.0,-0.13,11168.0,982.0,689.8
FMDBL,6/10/2026,785.0,797.0,778.0,779.9,-0.65,17658.0,982.0,689.8
FMDBL,6/11/2026,797.0,797.0,780.0,781.0,-2.01,6924.0,982.0,689.8
FMDBL,6/12/2026,781.0,785.0,760.0,760.0,-2.69,18769.0,982.0,689.8
FMDBL,6/15/2026,782.0,796.0,769.0,776.9,-0.65,13851.0,982.0,689.8
FMDBL,6/16/2026,812.0,812.0,767.0,771.5,-4.99,22041.0,982.0,689.8
FMDBL,6/17/2026,733.0,785.0,733.0,776.4,5.92,7298.0,982.0,689.8
FMDBL,6/18/2026,770.6,778.0,770.3,776.0,0.7,6139.0,982.0,689.8
FMDBL,6/19/2026,785.0,785.0,771.5,776.5,-1.08,5745.0,982.0,689.8
FMDBL,6/22/2026,770.0,780.8,769.0,778.0,1.04,5081.0,982.0,689.8
FMDBL,6/23/2026,779.0,779.0,765.0,771.0,-1.03,17885.0,982.0,689.8
FMDBL,6/24/2026,733.0,779.9,733.0,768.0,4.77,16136.0,982.0,689.8
FMDBL,6/26/2026,810.6,810.6,760.0,770.0,-5.01,8921.0,982.0,689.8
FMDBL,6/29/2026,760.0,772.0,757.2,761.0,0.13,4951.0,982.0,689.8
FMDBL,6/30/2026,767.0,767.0,760.0,762.8,-0.55,5475.0,982.0,689.8
FMDBL,7/1/2026,779.0,779.0,758.0,764.5,-1.86,13796.0,982.0,689.8
FMDBL,7/2/2026,763.6,763.6,758.0,763.0,-0.08,12709.0,982.0,689.8
FMDBL,7/3/2026,760.0,770.0,757.0,761.0,0.13,8871.0,982.0,689.8
FMDBL,7/6/2026,763.0,765.0,752.0,761.0,-0.26,5022.0,982.0,689.8
FMDBL,7/7/2026,759.0,772.6,759.0,764.0,0.66,5944.0,982.0,689.8
FMDBL,7/8/2026,757.0,767.0,745.0,749.1,-1.04,8071.0,982.0,689.8
FMDBL,7/9/2026,767.0,767.0,743.0,760.0,-0.91,10388.0,982.0,689.8
FMDBL,7/10/2026,760.0,764.5,751.0,760.0,0.0,6910.0,982.0,689.8
FMDBL,7/13/2026,798.0,798.0,749.0,755.0,-5.39,5000.0,982.0,689.8
FMDBL,7/14/2026,750.0,754.0,738.0,745.0,-0.67,10067.0,982.0,689.8
FMDBL,7/15/2026,766.0,766.0,745.0,750.0,-2.09,3751.0,982.0,689.8
FMDBL,7/16/2026,760.0,862.0,730.0,860.0,13.16,30074.0,982.0,689.8
FMDBL,7/17/2026,817.0,817.0,752.0,785.0,-3.92,37212.0,982.0,689.8
FMDBL,7/20/2026,747.0,795.0,747.0,790.0,5.76,11115.0,982.0,689.8
FMDBL,7/21/2026,760.0,806.0,760.0,780.5,2.7,15195.0,982.0,689.8
FMDBL,7/22/2026,780.6,780.6,768.0,773.0,-0.97,8719.0,982.0,689.8
FMDBL,7/23/2026,765.2,788.0,765.2,780.0,1.93,4640.0,982.0,689.8
FMDBL,7/24/2026,780.0,786.0,775.0,780.0,0.0,5442.0,982.0,689.8
FMDBL,7/27/2026,780.2,788.0,765.0,765.0,-1.95,7027.0,982.0,689.8
FMDBL,7/28/2026,765.2,773.8,765.0,765.2,0.0,5837.0,982.0,689.8
FMDBL,7/29/2026,750.0,770.0,750.0,762.7,1.69,6080.0,982.0,689.8
FMDBL,7/30/2026,763.0,768.0,757.6,758.0,-0.66,5111.0,982.0,689.8
FMDBL,7/31/2026,765.0,770.0,756.0,770.0,0.65,8394.0,982.0,689.8
FMDBL,8/3/2026,783.0,783.0,765.2,772.7,-1.32,3091.0,982.0,689.8
FMDBL,8/4/2026,760.0,769.0,760.0,769.0,1.18,4432.0,982.0,689.8
FMDBL,8/5/2026,769.0,769.0,758.5,760.0,-1.17,4838.0,982.0,689.8
FMDBL,8/6/2026,759.0,760.0,753.0,758.0,-0.13,6627.0,982.0,689.8
FMDBL,8/7/2026,758.0,786.0,753.0,781.0,3.03,49122.0,982.0,689.8
FMDBL,8/10/2026,798.9,825.0,771.5,817.0,2.27,153815.0,982.0,689.8
FMDBL,8/11/2026,850.0,850.0,786.1,810.7,-4.62,144234.0,982.0,689.8
FMDBL,8/12/2026,790.0,912.0,787.2,788.7,-0.16,35577.0,982.0,689.8
FMDBL,8/13/2026,788.7,788.7,772.0,776.0,-1.61,18971.0,982.0,689.8
FMDBL,8/14/2026,790.0,830.0,762.0,830.0,5.06,43843.0,982.0,689.8
FMDBL,8/17/2026,805.1,805.1,770.0,775.0,-3.74,41666.0,982.0,689.8
FMDBL,8/18/2026,736.3,783.0,736.3,761.0,3.35,30170.0,982.0,689.8
FMDBL,8/19/2026,723.0,771.9,723.0,769.8,6.47,12640.0,982.0,689.8
FMDBL,8/20/2026,771.8,771.8,752.0,768.9,-0.38,8680.0,982.0,689.8
FMDBL,8/21/2026,780.0,780.0,751.0,758.0,-2.82,17445.0,982.0,689.8
FMDBL,8/24/2026,774.9,774.9,740.1,750.0,-3.21,13813.0,982.0,689.8
FMDBL,8/25/2026,745.0,750.0,730.1,735.0,-1.34,17516.0,982.0,689.8
FMDBL,8/26/2026,742.0,742.0,715.1,723.0,-2.56,14554.0,982.0,689.8
FMDBL,8/27/2026,730.0,740.0,718.0,728.0,-0.27,7542.0,982.0,689.8
FMDBL,8/31/2026,715.5,725.0,700.0,720.0,0.63,6866.0,982.0,689.8
FMDBL,9/1/2026,720.1,731.0,701.1,723.0,0.4,16955.0,982.0,689.8
FMDBL,9/2/2026,709.0,726.0,708.0,724.9,2.24,5905.0,982.0,689.8
FMDBL,9/3/2026,720.0,730.0,720.0,726.0,0.83,3971.0,982.0,689.8
FMDBL,9/7/2026,727.1,740.0,727.0,739.8,1.75,4669.0,982.0,689.8
FMDBL,9/9/2026,734.0,734.0,724.0,726.1,-1.08,6834.0,982.0,689.8
FMDBL,9/10/2026,689.8,740.0,689.8,722.7,4.77,3866.0,982.0,689.8
FMDBL,9/11/2026,720.1,733.8,715.0,727.1,0.97,10084.0,982.0,689.8
FMDBL,9/14/2026,730.0,746.7,730.0,744.0,1.92,6123.0,982.0,689.8
FMDBL,9/15/2026,780.0,780.0,741.0,748.0,-4.1,11872.0,982.0,689.8
FMDBL,9/16/2026,748.0,748.0,730.0,738.0,-1.34,10278.0,982.0,689.8
FMDBL,9/17/2026,741.0,754.1,735.0,744.7,0.5,4406.0,982.0,689.8
FMDBL,9/18/2026,733.8,761.9,731.9,761.0,3.71,13023.0,982.0,689.8
FMDBL,9/22/2026,765.0,834.0,746.0,820.0,7.19,30434.0,982.0,689.8
FMDBL,9/23/2026,795.4,795.4,748.0,750.0,-5.71,29904.0,982.0,689.8
FMDBL,9/24/2026,712.5,760.0,712.5,759.5,6.6,89182.0,982.0,689.8
FMDBL,9/28/2026,774.0,774.0,740.0,747.0,-3.49,6021.0,982.0,689.8
FMDBL,9/29/2026,760.0,760.0,736.0,0.0,-100.0,2654.0,982.0,689.8
FMDBL,9/30/2026,760.0,766.0,730.1,743.9,-2.12,5447.0,982.0,689.8
FMDBL,10/1/2026,744.0,744.0,730.0,738.9,-0.69,8147.0,982.0,689.8
FMDBL,10/2/2026,740.0,740.0,731.0,731.7,-1.12,5563.0,982.0,689.8
FOWAD,12/21/2025,1080.0,1088.0,1065.0,1087.9,,1483.0,1364.0,834.2
FOWAD,12/22/2025,1068.1,1080.0,1067.0,1080.0,-0.73,676.0,1364.0,834.2
FOWAD,12/23/2025,1058.8,1078.0,1058.8,1070.0,-0.93,3771.0,1364.0,834.2
FOWAD,12/24/2025,1056.3,1075.0,1056.2,1068.0,-0.19,1061.0,1364.0,834.2
FOWAD,12/28/2025,1080.0,1080.0,1060.0,1078.0,0.94,2399.0,1364.0,834.2
FOWAD,12/29/2025,1098.0,1098.0,1068.0,1081.0,0.28,2892.0,1364.0,834.2
FOWAD,12/31/2025,1084.0,1087.0,1080.0,1087.0,0.56,1134.0,1364.0,834.2
FOWAD,1/1/2026,1105.0,1105.0,1070.0,1084.1,-0.27,788.0,1364.0,834.2
FOWAD,1/4/2026,1070.0,1089.9,1070.0,1080.0,-0.38,1164.0,1364.0,834.2
FOWAD,1/5/2026,1077.0,1085.0,1071.2,1084.0,0.37,1981.0,1364.0,834.2
FOWAD,1/6/2026,1099.9,1099.9,1070.0,1083.0,-0.09,2313.0,1364.0,834.2
FOWAD,1/7/2026,1070.0,1090.0,1070.0,1081.0,-0.18,953.0,1364.0,834.2
FOWAD,1/8/2026,1065.0,1092.0,1065.0,1090.0,0.83,2847.0,1364.0,834.2
FOWAD,1/12/2026,1095.0,1095.0,1076.0,1076.0,-1.28,725.0,1364.0,834.2
FOWAD,1/13/2026,1070.0,1075.0,1057.2,1070.0,-0.56,2746.0,1364.0,834.2
FOWAD,1/14/2026,1063.0,1082.0,1062.0,1082.0,1.12,1922.0,1364.0,834.2
FOWAD,1/18/2026,1094.0,1094.0,1076.0,1083.0,0.09,1719.0,1364.0,834.2
FOWAD,1/20/2026,1104.6,1105.0,1085.0,1097.0,1.29,5533.0,1364.0,834.2
FOWAD,1/21/2026,1088.1,1109.0,1088.0,1099.9,0.26,1639.0,1364.0,834.2
FOWAD,1/22/2026,1099.9,1119.5,1094.7,1117.0,1.55,6138.0,1364.0,834.2
FOWAD,1/25/2026,1134.0,1156.5,1115.0,1135.0,1.61,7254.0,1364.0,834.2
FOWAD,1/26/2026,1115.0,1180.0,1115.0,1122.0,-1.15,4265.0,1364.0,834.2
FOWAD,1/27/2026,1118.0,1137.0,1098.1,1100.0,-1.96,5603.0,1364.0,834.2
FOWAD,1/28/2026,1085.2,1100.0,1085.2,1096.1,-0.35,1507.0,1364.0,834.2
FOWAD,1/29/2026,1095.0,1109.9,1085.0,1095.0,-0.1,3660.0,1364.0,834.2
FOWAD,2/1/2026,1095.0,1098.5,1074.1,1080.0,-1.37,2043.0,1364.0,834.2
FOWAD,2/2/2026,1080.0,1089.9,1071.1,1088.0,0.74,2608.0,1364.0,834.2
FOWAD,2/3/2026,1095.0,1095.0,1012.4,1071.0,-1.56,25879.0,1364.0,834.2
FOWAD,2/4/2026,1054.1,1085.0,1054.1,1079.0,0.75,1355.0,1364.0,834.2
FOWAD,2/5/2026,1090.0,1090.0,1063.3,1080.0,0.09,2082.0,1364.0,834.2
FOWAD,2/8/2026,1080.0,1089.9,1063.0,1075.0,-0.46,4748.0,1364.0,834.2
FOWAD,2/9/2026,1060.0,1068.8,1050.0,1068.8,-0.58,8786.0,1364.0,834.2
FOWAD,2/10/2026,1070.0,1095.0,1041.1,1061.0,-0.73,7074.0,1364.0,834.2
FOWAD,2/11/2026,1082.0,1082.0,1043.3,1051.0,-0.94,1781.0,1364.0,834.2
FOWAD,2/12/2026,1050.0,1062.0,1048.2,1061.0,0.95,3942.0,1364.0,834.2
FOWAD,2/16/2026,1080.0,1082.0,1050.0,1058.0,-0.28,5218.0,1364.0,834.2
FOWAD,2/17/2026,1051.0,1070.0,1048.6,1051.0,-0.66,2151.0,1364.0,834.2
FOWAD,2/22/2026,1040.2,1055.0,1037.0,1038.0,-1.24,2302.0,1364.0,834.2
FOWAD,2/23/2026,1038.0,1045.0,1030.0,1045.0,0.67,3108.0,1364.0,834.2
FOWAD,2/24/2026,1045.0,1045.0,1032.2,1040.0,-0.48,569.0,1364.0,834.2
FOWAD,2/25/2026,1041.0,1047.0,1033.5,1043.0,0.29,1091.0,1364.0,834.2
FOWAD,2/26/2026,1034.0,1060.0,1034.0,1050.0,0.67,2453.0,1364.0,834.2
FOWAD,2/27/2026,1034.0,1060.0,1034.0,1050.0,0.0,2453.0,1364.0,834.2
FOWAD,2/28/2026,1034.0,1060.0,1034.0,1050.0,0.0,2453.0,1364.0,834.2
FOWAD,3/2/2026,1050.0,1062.0,1040.3,1057.0,0.67,2190.0,1364.0,834.2
FOWAD,3/3/2026,1078.0,1078.0,1057.0,1066.0,0.85,594.0,1364.0,834.2
FOWAD,3/4/2026,1078.0,1078.0,1057.0,1066.0,0.0,594.0,1364.0,834.2
FOWAD,3/5/2026,1078.0,1078.0,1057.0,1066.0,0.0,594.0,1364.0,834.2
FOWAD,3/6/2026,1078.0,1078.0,1057.0,1066.0,0.0,594.0,1364.0,834.2
FOWAD,3/7/2026,1078.0,1078.0,1057.0,1066.0,0.0,594.0,1364.0,834.2
FOWAD,3/8/2026,1078.0,1078.0,1057.0,1066.0,0.0,594.0,1364.0,834.2
FOWAD,3/9/2026,1087.3,1131.1,1087.3,1131.1,6.11,183.0,1364.0,834.2
FOWAD,3/10/2026,1140.0,1149.0,1060.0,1100.0,-2.75,12125.0,1364.0,834.2
FOWAD,3/11/2026,1100.1,1110.0,1085.0,1094.9,-0.46,2769.0,1364.0,834.2
FOWAD,3/12/2026,1098.0,1098.0,1077.0,1094.0,-0.08,3184.0,1364.0,834.2
FOWAD,3/13/2026,1098.0,1098.0,1077.0,1094.0,0.0,3184.0,1364.0,834.2
FOWAD,3/14/2026,1098.0,1098.0,1077.0,1094.0,0.0,3184.0,1364.0,834.2
FOWAD,3/15/2026,1115.0,1115.0,1086.0,1090.0,-0.37,6539.0,1364.0,834.2
FOWAD,3/16/2026,1099.9,1099.9,1077.1,1092.0,0.18,7486.0,1364.0,834.2
FOWAD,3/17/2026,1092.0,1100.0,1082.0,1092.0,0.0,4237.0,1364.0,834.2
FOWAD,3/18/2026,1092.0,1100.0,1082.0,1092.0,0.0,4237.0,1364.0,834.2
FOWAD,3/19/2026,1108.0,1108.0,1088.0,1108.0,1.47,7378.0,1364.0,834.2
FOWAD,3/20/2026,1108.0,1108.0,1088.0,1108.0,0.0,7378.0,1364.0,834.2
FOWAD,3/21/2026,1108.0,1108.0,1088.0,1108.0,0.0,7378.0,1364.0,834.2
FOWAD,3/22/2026,1130.0,1152.0,1090.0,1151.0,3.88,13821.0,1364.0,834.2
FOWAD,3/23/2026,1174.0,1174.0,1134.0,1145.0,-0.52,6198.0,1364.0,834.2
FOWAD,3/24/2026,1159.9,1159.9,1139.0,1149.8,0.42,7706.0,1364.0,834.2
FOWAD,3/25/2026,1160.0,1160.0,1126.1,1130.0,-1.72,6481.0,1364.0,834.2
FOWAD,3/26/2026,1152.0,1152.0,1117.0,1128.0,-2.08,3194.0,1364.0,834.2
FOWAD,3/29/2026,1150.0,1150.0,1100.0,1105.0,-3.91,7687.0,1364.0,834.2
FOWAD,3/30/2026,1104.0,1162.0,1104.0,1138.9,3.16,38057.0,1364.0,834.2
FOWAD,3/31/2026,1153.0,1160.0,1108.0,1150.0,-0.26,21476.0,1364.0,834.2
FOWAD,4/1/2026,1159.9,1159.9,1115.6,1127.0,-2.84,7427.0,1364.0,834.2
FOWAD,4/2/2026,1125.0,1131.9,1093.0,1125.0,0.0,7799.0,1364.0,834.2
FOWAD,4/5/2026,1147.5,1147.5,1065.0,1065.2,-7.17,14262.0,1364.0,834.2
FOWAD,4/6/2026,1085.0,1104.9,1066.0,1100.0,1.38,3706.0,1364.0,834.2
FOWAD,4/7/2026,1110.0,1117.5,1081.0,1110.0,0.0,5465.0,1364.0,834.2
FOWAD,4/8/2026,1101.0,1142.0,1101.0,1142.0,3.72,11735.0,1364.0,834.2
FOWAD,4/9/2026,1142.0,1156.9,1135.0,1150.0,0.7,11008.0,1364.0,834.2
FOWAD,4/10/2026,1169.9,1169.9,1134.0,1160.0,-0.85,10664.0,1364.0,834.2
FOWAD,4/13/2026,1174.0,1174.0,1143.0,1165.7,-0.71,8048.0,1364.0,834.2
FOWAD,4/15/2026,1172.9,1220.0,1160.0,1183.0,0.86,43823.0,1364.0,834.2
FOWAD,4/16/2026,1190.0,1212.9,1160.0,1186.9,-0.26,30293.0,1364.0,834.2
FOWAD,4/17/2026,1186.9,1186.9,1145.0,1163.0,-2.01,9029.0,1364.0,834.2
FOWAD,4/20/2026,1142.1,1162.0,1121.2,1154.0,1.04,6177.0,1364.0,834.2
FOWAD,4/21/2026,1210.0,1210.0,1120.0,1143.0,-5.54,4808.0,1364.0,834.2
FOWAD,4/22/2026,1200.0,1200.0,1110.0,1135.0,-5.42,5557.0,1364.0,834.2
FOWAD,4/23/2026,1140.0,1140.0,1095.1,1095.1,-3.94,8882.0,1364.0,834.2
FOWAD,4/24/2026,1080.0,1120.0,1080.0,1115.0,3.24,5000.0,1364.0,834.2
FOWAD,4/27/2026,1069.5,1153.0,1069.5,1130.0,5.66,4533.0,1364.0,834.2
FOWAD,4/28/2026,1130.0,1138.0,1100.0,1102.2,-2.46,4771.0,1364.0,834.2
FOWAD,4/29/2026,1102.2,1123.0,1083.2,1123.0,1.89,5082.0,1364.0,834.2
FOWAD,4/30/2026,1105.0,1109.9,1090.3,1096.0,-0.81,2800.0,1364.0,834.2
FOWAD,5/4/2026,1100.0,1260.4,1082.0,1260.4,14.58,8710.0,1364.0,834.2
FOWAD,5/5/2026,1268.0,1268.0,1072.0,1143.0,-9.86,37404.0,1364.0,834.2
FOWAD,5/6/2026,1110.0,1314.0,1109.0,1300.0,17.12,21202.0,1364.0,834.2
FOWAD,5/7/2026,1364.0,1364.0,1105.0,1127.9,-17.31,64768.0,1364.0,834.2
FOWAD,5/8/2026,1095.1,1130.0,1090.0,1100.0,0.45,9020.0,1364.0,834.2
FOWAD,5/11/2026,1100.0,1124.0,1080.0,1098.0,-0.18,7894.0,1364.0,834.2
FOWAD,5/12/2026,1065.0,1097.0,1050.0,1060.0,-0.47,20136.0,1364.0,834.2
FOWAD,5/13/2026,1060.0,1076.9,1046.1,1050.1,-0.93,9850.0,1364.0,834.2
FOWAD,5/14/2026,1041.0,1070.0,1041.0,1050.0,0.86,4771.0,1364.0,834.2
FOWAD,5/15/2026,1050.0,1075.0,1050.0,1059.0,0.86,3010.0,1364.0,834.2
FOWAD,5/18/2026,1060.0,1061.0,1041.1,1043.0,-1.6,3612.0,1364.0,834.2
FOWAD,5/19/2026,1043.2,1045.1,1035.0,1035.0,-0.79,3334.0,1364.0,834.2
FOWAD,5/20/2026,1040.0,1054.9,1038.0,1053.0,1.25,4338.0,1364.0,834.2
FOWAD,5/21/2026,1064.0,1069.9,1046.0,1046.0,-1.69,2516.0,1364.0,834.2
FOWAD,5/22/2026,1055.0,1058.0,1036.1,1044.0,-1.04,2742.0,1364.0,834.2
FOWAD,5/25/2026,1068.9,1068.9,1047.0,1055.0,-1.3,2686.0,1364.0,834.2
FOWAD,5/26/2026,1067.5,1067.5,1041.6,1047.2,-1.9,2165.0,1364.0,834.2
FOWAD,5/27/2026,1041.0,1063.0,1041.0,1062.0,2.02,1114.0,1364.0,834.2
FOWAD,6/1/2026,1063.0,1066.0,1036.0,1036.0,-2.54,4090.0,1364.0,834.2
FOWAD,6/2/2026,1041.0,1053.5,1040.0,1053.5,1.2,2565.0,1364.0,834.2
FOWAD,6/3/2026,1053.0,1061.0,1040.0,1060.0,0.66,3673.0,1364.0,834.2
FOWAD,6/4/2026,1066.9,1066.9,1048.0,1059.0,-0.74,1112.0,1364.0,834.2
FOWAD,6/5/2026,1059.0,1059.0,1035.0,1039.0,-1.89,4170.0,1364.0,834.2
FOWAD,6/8/2026,1020.3,1039.0,1020.3,1038.0,1.73,5035.0,1364.0,834.2
FOWAD,6/9/2026,1038.0,1052.9,1033.0,1040.0,0.19,2965.0,1364.0,834.2
FOWAD,6/10/2026,1049.9,1050.0,1027.0,1030.5,-1.85,5798.0,1364.0,834.2
FOWAD,6/11/2026,1000.1,1031.0,996.0,1029.9,2.98,9600.0,1364.0,834.2
FOWAD,6/12/2026,1012.1,1025.0,1010.3,1016.0,0.39,1855.0,1364.0,834.2
FOWAD,6/15/2026,1012.0,1016.2,1011.0,1013.0,0.1,2405.0,1364.0,834.2
FOWAD,6/16/2026,1017.0,1020.0,1015.1,1020.0,0.29,1184.0,1364.0,834.2
FOWAD,6/17/2026,970.0,1035.0,970.0,1015.0,4.64,3771.0,1364.0,834.2
FOWAD,6/18/2026,1012.0,1015.0,1001.0,1007.0,-0.49,2890.0,1364.0,834.2
FOWAD,6/19/2026,1007.5,1015.0,1000.0,1010.0,0.25,1443.0,1364.0,834.2
FOWAD,6/22/2026,1000.0,1020.0,1000.0,1007.5,0.75,1549.0,1364.0,834.2
FOWAD,6/23/2026,1006.9,1006.9,994.0,999.8,-0.71,2244.0,1364.0,834.2
FOWAD,6/24/2026,1000.0,1001.0,985.0,996.0,-0.4,2021.0,1364.0,834.2
FOWAD,6/26/2026,1020.0,1020.0,990.0,990.0,-2.94,1406.0,1364.0,834.2
FOWAD,6/29/2026,1000.0,1001.0,980.0,980.1,-1.99,4065.0,1364.0,834.2
FOWAD,6/30/2026,970.0,970.0,955.0,960.0,-1.03,3275.0,1364.0,834.2
FOWAD,7/1/2026,970.0,985.0,955.0,979.9,1.02,1672.0,1364.0,834.2
FOWAD,7/2/2026,979.9,979.9,963.0,970.0,-1.01,1127.0,1364.0,834.2
FOWAD,7/3/2026,970.0,990.1,970.0,990.0,2.06,649.0,1364.0,834.2
FOWAD,7/6/2026,1000.0,1000.0,978.1,985.0,-1.5,2052.0,1364.0,834.2
FOWAD,7/7/2026,980.0,1000.0,976.0,1000.0,2.04,1753.0,1364.0,834.2
FOWAD,7/8/2026,980.0,992.0,970.0,992.0,1.22,4176.0,1364.0,834.2
FOWAD,7/9/2026,990.0,990.0,960.0,960.0,-3.03,1341.0,1364.0,834.2
FOWAD,7/10/2026,988.0,988.0,956.0,960.0,-2.83,1475.0,1364.0,834.2
FOWAD,7/13/2026,960.0,970.0,949.0,960.0,0.0,2967.0,1364.0,834.2
FOWAD,7/14/2026,946.0,964.9,933.0,951.0,0.53,2571.0,1364.0,834.2
FOWAD,7/15/2026,979.0,979.0,951.0,978.8,-0.02,728.0,1364.0,834.2
FOWAD,7/16/2026,1000.0,1000.0,960.0,979.0,-2.1,1764.0,1364.0,834.2
FOWAD,7/17/2026,965.0,1007.0,965.0,1004.4,4.08,2646.0,1364.0,834.2
FOWAD,7/20/2026,1004.0,1005.0,990.2,1000.0,-0.4,1214.0,1364.0,834.2
FOWAD,7/21/2026,1029.9,1029.9,980.1,1005.0,-2.42,1406.0,1364.0,834.2
FOWAD,7/22/2026,1000.0,1005.0,970.0,997.0,-0.3,5433.0,1364.0,834.2
FOWAD,7/23/2026,970.2,996.0,970.2,996.0,2.66,1235.0,1364.0,834.2
FOWAD,7/24/2026,1010.0,1010.0,981.0,997.0,-1.29,787.0,1364.0,834.2
FOWAD,7/27/2026,997.0,997.0,955.0,955.0,-4.21,6867.0,1364.0,834.2
FOWAD,7/28/2026,983.0,983.0,950.1,972.7,-1.05,1175.0,1364.0,834.2
FOWAD,7/29/2026,951.1,960.0,949.0,950.0,-0.12,6796.0,1364.0,834.2
FOWAD,7/30/2026,960.0,960.0,945.0,952.0,-0.83,2251.0,1364.0,834.2
FOWAD,7/31/2026,977.9,977.9,945.0,964.9,-1.33,2220.0,1364.0,834.2
FOWAD,8/3/2026,977.0,977.0,950.0,965.0,-1.23,1326.0,1364.0,834.2
FOWAD,8/4/2026,949.0,960.0,937.1,943.0,-0.63,6459.0,1364.0,834.2
FOWAD,8/5/2026,931.1,950.0,931.1,943.0,1.28,3616.0,1364.0,834.2
FOWAD,8/6/2026,935.0,948.9,920.1,927.1,-0.84,3048.0,1364.0,834.2
FOWAD,8/7/2026,949.8,950.0,925.2,930.0,-2.08,3506.0,1364.0,834.2
FOWAD,8/10/2026,957.8,957.8,920.0,945.0,-1.34,2733.0,1364.0,834.2
FOWAD,8/11/2026,950.0,950.0,930.0,930.0,-2.11,1937.0,1364.0,834.2
FOWAD,8/12/2026,930.0,935.0,930.0,935.0,0.54,1563.0,1364.0,834.2
FOWAD,8/13/2026,944.0,944.0,926.0,939.0,-0.53,532.0,1364.0,834.2
FOWAD,8/14/2026,940.0,960.0,935.0,944.8,0.51,1813.0,1364.0,834.2
FOWAD,8/17/2026,940.0,944.9,939.5,940.0,0.0,1022.0,1364.0,834.2
FOWAD,8/18/2026,921.1,949.9,920.0,934.0,1.4,849.0,1364.0,834.2
FOWAD,8/19/2026,921.0,931.0,920.0,926.0,0.54,1122.0,1364.0,834.2
FOWAD,8/20/2026,925.0,925.0,910.0,915.0,-1.08,5033.0,1364.0,834.2
FOWAD,8/21/2026,920.0,920.0,906.0,918.0,-0.22,2916.0,1364.0,834.2
FOWAD,8/24/2026,915.0,915.0,900.1,905.0,-1.09,2572.0,1364.0,834.2
FOWAD,8/25/2026,905.0,905.0,893.0,896.1,-0.98,3063.0,1364.0,834.2
FOWAD,8/26/2026,893.0,900.0,887.0,887.0,-0.67,4052.0,1364.0,834.2
FOWAD,8/27/2026,865.2,880.0,855.0,878.0,1.48,3029.0,1364.0,834.2
FOWAD,8/31/2026,878.0,878.0,850.0,859.0,-2.16,3569.0,1364.0,834.2
FOWAD,9/1/2026,858.0,880.0,850.0,860.0,0.23,4686.0,1364.0,834.2
FOWAD,9/2/2026,885.8,939.0,834.2,870.0,-1.78,1955.0,1364.0,834.2
FOWAD,9/3/2026,850.0,890.0,845.0,874.5,2.88,3595.0,1364.0,834.2
FOWAD,9/7/2026,918.2,918.2,880.0,880.0,-4.16,1465.0,1364.0,834.2
FOWAD,9/9/2026,880.0,906.0,880.0,880.0,0.0,2592.0,1364.0,834.2
FOWAD,9/10/2026,881.0,881.0,865.0,877.9,-0.35,1386.0,1364.0,834.2
FOWAD,9/11/2026,895.0,900.0,875.0,878.9,-1.8,2069.0,1364.0,834.2
FOWAD,9/14/2026,878.0,899.9,878.0,889.0,1.25,1132.0,1364.0,834.2
FOWAD,9/15/2026,933.0,933.0,895.0,910.0,-2.47,4736.0,1364.0,834.2
FOWAD,9/16/2026,920.0,920.0,885.0,895.0,-2.72,3917.0,1364.0,834.2
FOWAD,9/17/2026,900.0,920.0,900.0,900.0,0.0,4519.0,1364.0,834.2
FOWAD,9/18/2026,900.0,915.0,900.0,913.0,1.44,2724.0,1364.0,834.2
FOWAD,9/22/2026,910.0,918.0,900.0,913.0,0.33,2899.0,1364.0,834.2
FOWAD,9/23/2026,904.0,905.0,890.0,893.0,-1.22,1762.0,1364.0,834.2
FOWAD,9/24/2026,893.0,908.9,876.0,900.0,0.78,1153.0,1364.0,834.2
FOWAD,9/28/2026,892.6,893.0,880.0,890.0,-0.29,3599.0,1364.0,834.2
FOWAD,9/29/2026,885.0,895.0,870.0,0.0,-100.0,1854.0,1364.0,834.2
FOWAD,9/30/2026,893.0,899.0,870.1,870.1,-2.56,2718.0,1364.0,834.2
FOWAD,10/1/2026,875.0,885.0,870.6,876.0,0.11,1880.0,1364.0,834.2
FOWAD,10/2/2026,870.6,884.0,856.3,882.5,1.37,6691.0,1364.0,834.2
FOWADP,1/5/2026,660.0,660.0,660.0,660.0,,6000.0,660.0,550.0
FOWADP,1/25/2026,660.0,660.0,660.0,660.0,0.0,362000.0,660.0,550.0
FOWADP,7/15/2026,550.0,550.0,550.0,550.0,0.0,17232.0,660.0,550.0
FOWADP,7/16/2026,550.0,550.0,550.0,550.0,0.0,5324.0,660.0,550.0
FOWADP,7/17/2026,550.0,550.0,550.0,550.0,0.0,4350.0,660.0,550.0
GBBD85,12/21/2025,1097.5,1119.4,1097.5,1100.0,,222.0,1135.0,1036.5
GBBD85,12/22/2025,1120.0,1122.0,1110.0,1110.0,0.91,250.0,1135.0,1036.5
GBBD85,12/23/2025,1100.0,1100.2,1100.0,1100.2,-0.88,50.0,1135.0,1036.5
GBBD85,12/24/2025,1110.0,1110.0,1110.0,1110.0,0.89,25.0,1135.0,1036.5
GBBD85,12/28/2025,1102.8,1103.4,1102.8,1103.4,-0.59,130.0,1135.0,1036.5
GBBD85,12/29/2025,1120.0,1120.0,1120.0,1120.0,1.5,595.0,1135.0,1036.5
GBBD85,1/1/2026,1100.2,1122.2,1100.2,1122.2,0.2,95.0,1135.0,1036.5
GBBD85,1/4/2026,1103.4,1103.4,1102.0,1102.0,-1.8,50.0,1135.0,1036.5
GBBD85,1/5/2026,1110.0,1110.0,1110.0,1110.0,0.73,25.0,1135.0,1036.5
GBBD85,1/6/2026,1096.1,1096.1,1096.1,1096.1,-1.25,25.0,1135.0,1036.5
GBBD85,1/7/2026,1102.2,1118.0,1102.2,1118.0,2.0,75.0,1135.0,1036.5
GBBD85,1/8/2026,1101.2,1103.0,1101.2,1103.0,-1.34,85.0,1135.0,1036.5
GBBD85,1/12/2026,1103.1,1103.1,1085.1,1087.0,-1.45,267.0,1135.0,1036.5
GBBD85,1/13/2026,1090.0,1090.0,1087.0,1087.0,0.0,35.0,1135.0,1036.5
GBBD85,1/14/2026,1075.3,1090.0,1075.3,1090.0,0.28,50.0,1135.0,1036.5
GBBD85,1/18/2026,1068.2,1068.2,1068.2,1068.2,-2.0,65.0,1135.0,1036.5
GBBD85,1/20/2026,1053.0,1065.0,1052.1,1053.5,-1.38,467.0,1135.0,1036.5
GBBD85,1/21/2026,1068.0,1068.0,1068.0,1068.0,1.38,25.0,1135.0,1036.5
GBBD85,1/22/2026,1065.1,1065.1,1065.1,1065.1,-0.27,90.0,1135.0,1036.5
GBBD85,1/25/2026,1065.0,1075.0,1065.0,1070.0,0.46,623.0,1135.0,1036.5
GBBD85,1/26/2026,1070.0,1070.0,1068.1,1068.1,-0.18,75.0,1135.0,1036.5
GBBD85,1/27/2026,1070.0,1070.0,1070.0,1070.0,0.18,25.0,1135.0,1036.5
GBBD85,1/28/2026,1090.0,1091.4,1070.1,1070.3,0.03,571.0,1135.0,1036.5
GBBD85,2/1/2026,1071.0,1090.0,1070.1,1090.0,1.84,175.0,1135.0,1036.5
GBBD85,2/2/2026,1070.0,1083.0,1070.0,1080.0,-0.92,150.0,1135.0,1036.5
GBBD85,2/3/2026,1085.0,1085.0,1085.0,1085.0,0.46,50.0,1135.0,1036.5
GBBD85,2/4/2026,1073.0,1073.0,1073.0,1071.6,-1.24,25.0,1135.0,1036.5
GBBD85,2/5/2026,1070.4,1073.1,1070.4,1073.1,0.14,75.0,1135.0,1036.5
GBBD85,2/8/2026,1075.1,1076.1,1075.1,1076.1,0.28,130.0,1135.0,1036.5
GBBD85,2/9/2026,1070.1,1070.2,1070.1,1070.2,-0.55,50.0,1135.0,1036.5
GBBD85,2/10/2026,1071.0,1071.0,1070.6,1070.6,0.04,25.0,1135.0,1036.5
GBBD85,2/11/2026,1071.0,1071.0,1071.0,1071.0,0.04,25.0,1135.0,1036.5
GBBD85,2/12/2026,1071.1,1071.1,1071.1,1071.1,0.01,25.0,1135.0,1036.5
GBBD85,2/16/2026,1066.1,1066.1,1066.1,1066.1,-0.47,25.0,1135.0,1036.5
GBBD85,2/17/2026,1066.1,1087.3,1066.0,1087.3,1.99,625.0,1135.0,1036.5
GBBD85,2/22/2026,1065.6,1065.6,1065.6,1065.6,-2.0,50.0,1135.0,1036.5
GBBD85,2/24/2026,1061.0,1061.1,1061.0,1061.1,-0.42,50.0,1135.0,1036.5
GBBD85,2/25/2026,1065.0,1065.0,1065.0,1065.0,0.37,25.0,1135.0,1036.5
GBBD85,2/26/2026,1067.0,1067.0,1067.0,1067.0,0.19,25.0,1135.0,1036.5
GBBD85,2/27/2026,1067.0,1067.0,1067.0,1067.0,0.0,25.0,1135.0,1036.5
GBBD85,2/28/2026,1067.0,1067.0,1067.0,1067.0,0.0,25.0,1135.0,1036.5
GBBD85,3/2/2026,1068.7,1075.0,1068.7,1075.0,0.75,50.0,1135.0,1036.5
GBBD85,3/10/2026,1075.0,1081.0,1075.0,1080.0,0.47,75.0,1135.0,1036.5
GBBD85,3/11/2026,1069.0,1073.0,1069.0,1073.0,-0.65,50.0,1135.0,1036.5
GBBD85,3/12/2026,1090.0,1090.0,1090.0,1090.0,1.58,25.0,1135.0,1036.5
GBBD85,3/13/2026,1090.0,1090.0,1090.0,1090.0,0.0,25.0,1135.0,1036.5
GBBD85,3/14/2026,1090.0,1090.0,1090.0,1090.0,0.0,25.0,1135.0,1036.5
GBBD85,3/15/2026,1080.0,1100.0,1080.0,1100.0,0.92,420.0,1135.0,1036.5
GBBD85,3/16/2026,1081.7,1090.0,1081.7,1082.7,-1.57,105.0,1135.0,1036.5
GBBD85,3/17/2026,1103.5,1103.5,1103.5,1103.5,1.92,25.0,1135.0,1036.5
GBBD85,3/18/2026,1103.5,1103.5,1103.5,1103.5,0.0,25.0,1135.0,1036.5
GBBD85,3/19/2026,1081.7,1116.0,1081.7,1116.0,1.13,291.0,1135.0,1036.5
GBBD85,3/20/2026,1081.7,1116.0,1081.7,1116.0,0.0,291.0,1135.0,1036.5
GBBD85,3/21/2026,1081.7,1116.0,1081.7,1116.0,0.0,291.0,1135.0,1036.5
GBBD85,3/24/2026,1093.7,1093.7,1072.5,1072.5,-3.9,50.0,1135.0,1036.5
GBBD85,3/25/2026,1067.1,1090.3,1067.1,1090.3,1.66,75.0,1135.0,1036.5
GBBD85,3/26/2026,1073.7,1095.1,1073.7,1095.1,1.99,50.0,1135.0,1036.5
GBBD85,3/29/2026,1074.1,1080.0,1074.1,1080.0,0.55,75.0,1135.0,1036.5
GBBD85,3/30/2026,1066.1,1070.0,1066.1,1070.0,0.37,100.0,1135.0,1036.5
GBBD85,3/31/2026,1068.0,1068.0,1068.0,1068.0,0.0,50.0,1135.0,1036.5
GBBD85,4/1/2026,1070.0,1091.4,1070.0,1091.4,2.0,100.0,1135.0,1036.5
GBBD85,4/2/2026,1069.6,1090.9,1069.6,1090.9,1.99,75.0,1135.0,1036.5
GBBD85,4/5/2026,1072.1,1073.1,1072.1,1073.1,0.09,50.0,1135.0,1036.5
GBBD85,4/6/2026,1063.6,1063.6,1063.6,1063.6,0.0,25.0,1135.0,1036.5
GBBD85,4/7/2026,1066.1,1066.1,1066.1,1084.0,1.68,30.0,1135.0,1036.5
GBBD85,4/8/2026,1067.1,1071.0,1067.1,1071.0,0.37,77.0,1135.0,1036.5
GBBD85,4/9/2026,1067.1,1069.0,1067.1,1069.0,0.18,40.0,1135.0,1036.5
GBBD85,4/13/2026,1068.2,1070.0,1068.2,1070.0,0.17,50.0,1135.0,1036.5
GBBD85,4/15/2026,1070.0,1072.5,1070.0,1072.5,0.23,50.0,1135.0,1036.5
GBBD85,4/16/2026,1075.0,1085.0,1075.0,1076.0,0.09,275.0,1135.0,1036.5
GBBD85,4/17/2026,1068.9,1090.0,1068.9,1075.9,0.65,150.0,1135.0,1036.5
GBBD85,4/20/2026,1075.0,1075.0,1075.0,1075.0,0.0,25.0,1135.0,1036.5
GBBD85,4/21/2026,1075.0,1075.0,1075.0,1075.0,0.0,25.0,1135.0,1036.5
GBBD85,4/22/2026,1075.0,1075.7,1075.0,1075.7,0.07,75.0,1135.0,1036.5
GBBD85,4/23/2026,1073.0,1078.5,1072.1,1078.5,0.51,75.0,1135.0,1036.5
GBBD85,4/24/2026,1068.8,1074.9,1068.8,1074.9,0.57,50.0,1135.0,1036.5
GBBD85,4/27/2026,1074.9,1071.9,1071.9,1071.9,-0.28,25.0,1135.0,1036.5
GBBD85,4/28/2026,1071.9,1088.5,1071.9,1088.5,1.55,225.0,1135.0,1036.5
GBBD85,4/29/2026,1088.5,1100.0,1090.0,1100.0,1.06,200.0,1135.0,1036.5
GBBD85,4/30/2026,1100.0,1100.0,1100.0,1100.0,0.0,100.0,1135.0,1036.5
GBBD85,5/4/2026,1075.0,1075.0,1075.0,1075.0,0.0,25.0,1135.0,1036.5
GBBD85,5/7/2026,1072.0,1075.0,1072.0,1075.0,0.28,166.0,1135.0,1036.5
GBBD85,5/12/2026,1075.0,1075.2,1074.0,1075.2,0.02,150.0,1135.0,1036.5
GBBD85,5/14/2026,1080.0,1080.0,1080.0,1080.0,0.0,25.0,1135.0,1036.5
GBBD85,5/15/2026,1080.0,1080.0,1073.1,1076.1,-0.36,80.0,1135.0,1036.5
GBBD85,5/18/2026,1076.1,1076.1,1076.0,1076.0,-0.01,50.0,1135.0,1036.5
GBBD85,5/19/2026,1072.2,1100.0,1072.2,1085.0,1.19,385.0,1135.0,1036.5
GBBD85,5/20/2026,1100.0,1107.18,1100.0,1107.18,0.65,825.0,1135.0,1036.5
GBBD85,5/21/2026,1100.0,1120.0,1100.0,1120.0,1.82,1371.0,1135.0,1036.5
GBBD85,5/22/2026,1100.0,1120.0,1100.0,1120.0,1.82,1180.0,1135.0,1036.5
GBBD85,5/25/2026,1120.0,1120.0,1100.0,1100.0,-1.79,50.0,1135.0,1036.5
GBBD85,5/26/2026,1080.2,1081.3,1080.2,1100.0,1.83,55.0,1135.0,1036.5
GBBD85,5/27/2026,1085.0,1085.0,1085.0,1085.0,0.0,10.0,1135.0,1036.5
GBBD85,6/1/2026,1080.0,1085.0,1080.0,1085.0,0.46,50.0,1135.0,1036.5
GBBD85,6/2/2026,1086.0,1118.0,1085.0,1118.0,2.95,255.0,1135.0,1036.5
GBBD85,6/3/2026,1086.0,1086.0,1086.0,1086.0,0.0,25.0,1135.0,1036.5
GBBD85,6/4/2026,1118.0,1122.6,1118.0,1118.0,0.0,1150.0,1135.0,1036.5
GBBD85,6/5/2026,1110.0,1115.0,1110.0,1115.0,0.45,40.0,1135.0,1036.5
GBBD85,6/8/2026,1110.0,1110.0,1110.0,1110.0,0.0,25.0,1135.0,1036.5
GBBD85,6/9/2026,1090.0,1110.0,1090.0,1110.0,1.83,135.0,1135.0,1036.5
GBBD85,6/10/2026,1110.0,1110.0,1110.0,1110.0,0.0,25.0,1135.0,1036.5
GBBD85,6/11/2026,1100.0,1100.0,1081.0,1081.0,-1.73,50.0,1135.0,1036.5
GBBD85,6/12/2026,1081.0,1113.4,1081.0,1113.4,3.0,839.0,1135.0,1036.5
GBBD85,6/15/2026,1085.0,1085.0,1085.0,1085.0,0.0,70.0,1135.0,1036.5
GBBD85,6/16/2026,1085.0,1085.0,1081.1,1081.1,-0.36,50.0,1135.0,1036.5
GBBD85,6/17/2026,1085.0,1085.0,1085.0,1085.0,0.0,25.0,1135.0,1036.5
GBBD85,6/19/2026,1102.0,1102.0,1085.1,1085.1,-1.53,40025.0,1135.0,1036.5
GBBD85,6/22/2026,1085.1,1086.0,1085.1,1085.2,0.01,90.0,1135.0,1036.5
GBBD85,6/23/2026,1090.0,1117.0,1090.0,1117.0,2.48,385.0,1135.0,1036.5
GBBD85,6/24/2026,1090.0,1100.0,1090.0,1100.0,0.92,50.0,1135.0,1036.5
GBBD85,6/29/2026,1075.2,1075.3,1075.2,1075.3,0.01,50.0,1135.0,1036.5
GBBD85,6/30/2026,1070.1,1080.0,1070.1,1080.0,0.93,45.0,1135.0,1036.5
GBBD85,7/1/2026,1070.4,1109.0,1070.4,1109.0,3.61,101.0,1135.0,1036.5
GBBD85,7/6/2026,1082.2,1083.1,1065.2,1065.2,-1.57,371.0,1135.0,1036.5
GBBD85,7/7/2026,1091.0,1098.0,1090.0,1098.0,0.64,152892.0,1135.0,1036.5
GBBD85,7/10/2026,1090.0,1090.0,1090.0,1090.0,0.0,25.0,1135.0,1036.5
GBBD85,7/13/2026,1075.2,1120.0,1075.2,1115.0,3.7,1026.0,1135.0,1036.5
GBBD85,7/15/2026,1085.0,1085.0,1085.0,1085.0,0.0,25.0,1135.0,1036.5
GBBD85,7/16/2026,1065.2,1100.0,1065.1,1100.0,3.27,106.0,1135.0,1036.5
GBBD85,7/21/2026,1067.0,1067.0,1067.0,1067.0,0.0,25.0,1135.0,1036.5
GBBD85,7/23/2026,1065.0,1065.0,1065.0,1065.0,0.0,50.0,1135.0,1036.5
GBBD85,7/24/2026,1066.0,1085.0,1066.0,1085.0,1.78,83.0,1135.0,1036.5
GBBD85,7/27/2026,1070.0,1070.0,1070.0,1070.0,0.0,25.0,1135.0,1036.5
GBBD85,7/28/2026,1060.0,1062.1,1060.0,1062.1,0.2,75.0,1135.0,1036.5
GBBD85,7/30/2026,1062.1,1065.0,1062.1,1063.0,0.08,103.0,1135.0,1036.5
GBBD85,8/3/2026,1052.0,1080.0,1052.0,1080.0,2.66,215.0,1135.0,1036.5
GBBD85,8/4/2026,1050.1,1061.1,1050.1,1061.0,1.04,175.0,1135.0,1036.5
GBBD85,8/5/2026,1056.0,1056.0,1056.0,1056.0,0.0,30.0,1135.0,1036.5
GBBD85,8/6/2026,1050.0,1050.0,1050.0,1050.0,0.0,25.0,1135.0,1036.5
GBBD85,8/10/2026,1045.5,1045.5,1045.5,1045.5,0.0,30.0,1135.0,1036.5
GBBD85,8/11/2026,1058.6,1058.6,1058.6,1058.6,0.0,25.0,1135.0,1036.5
GBBD85,8/12/2026,1060.1,1061.0,1060.1,1061.0,0.08,35.0,1135.0,1036.5
GBBD85,8/13/2026,1061.2,1061.2,1061.0,1061.0,-0.02,50.0,1135.0,1036.5
GBBD85,8/17/2026,1064.0,1065.0,1064.0,1065.0,0.09,50.0,1135.0,1036.5
GBBD85,8/19/2026,1064.0,1064.0,1064.0,1064.0,0.0,25.0,1135.0,1036.5
GBBD85,8/21/2026,1077.8,1077.8,1077.8,1077.8,0.0,50.0,1135.0,1036.5
GBBD85,8/24/2026,1045.6,1081.0,1045.6,1081.0,3.39,380.0,1135.0,1036.5
GBBD85,8/25/2026,1065.1,1065.1,1065.1,1065.1,0.0,55.0,1135.0,1036.5
GBBD85,8/26/2026,1050.0,1054.2,1050.0,1054.1,0.39,95.0,1135.0,1036.5
GBBD85,8/31/2026,1054.0,1058.0,1054.0,1058.0,0.38,50.0,1135.0,1036.5
GBBD85,9/2/2026,1075.0,1082.0,1075.0,1082.0,0.65,507.0,1135.0,1036.5
GBBD85,9/7/2026,1055.1,1085.0,1055.1,1085.0,2.83,125.0,1135.0,1036.5
GBBD85,9/9/2026,1070.0,1070.0,1070.0,1070.0,0.0,30.0,1135.0,1036.5
GBBD85,9/11/2026,1050.0,1050.0,1050.0,1050.0,0.0,25.0,1135.0,1036.5
GBBD85,9/14/2026,1036.5,1036.5,1036.5,1036.5,0.0,25.0,1135.0,1036.5
GBBD85,9/15/2026,1050.1,1055.1,1050.1,1055.1,0.48,50.0,1135.0,1036.5
GBBD85,9/16/2026,1055.1,1055.1,1055.1,1055.0,-0.01,2.0,1135.0,1036.5
GBBD85,9/22/2026,1055.0,1055.0,1055.0,1057.0,0.19,5.0,1135.0,1036.5
GBBD85,9/24/2026,1050.0,1050.0,1050.0,1050.0,0.0,25.0,1135.0,1036.5
GBBD85,9/28/2026,1050.0,1062.0,1050.0,1062.0,1.14,30.0,1135.0,1036.5
GBBD85,9/29/2026,1065.0,1065.0,1055.0,0.0,-100.0,50.0,1135.0,1036.5
GBBD85,9/30/2026,1055.0,1055.0,1055.0,1055.0,0.0,25.0,1135.0,1036.5
GBBD85,10/2/2026,1045.1,1045.1,1045.1,1045.1,0.0,25.0,1135.0,1036.5
GBBL,6/5/2011,132.0,134.0,128.0,128.0,,810.0,460.0,367.4
GBBL,6/6/2011,128.0,130.0,123.0,123.0,-3.91,1990.0,460.0,367.4
GBBL,6/7/2011,123.0,122.0,116.0,116.0,-5.69,1980.0,460.0,367.4
GBBL,6/8/2011,116.0,118.0,112.0,112.0,-3.45,590.0,460.0,367.4
GBBL,6/9/2011,112.0,114.0,112.0,112.0,0.0,60.0,460.0,367.4
GBBL,6/12/2011,112.0,111.0,108.0,111.0,-0.89,370.0,460.0,367.4
GBBL,6/13/2011,111.0,110.0,106.0,106.0,-4.5,1470.0,460.0,367.4
GBBL,6/14/2011,106.0,108.0,107.0,107.0,0.94,620.0,460.0,367.4
GBBL,6/15/2011,107.0,109.0,107.0,107.0,0.0,440.0,460.0,367.4
GBBL,6/16/2011,107.0,113.0,106.0,113.0,5.61,990.0,460.0,367.4
GBBL,6/19/2011,113.0,124.0,113.0,124.0,9.73,210.0,460.0,367.4
GBBL,6/20/2011,113.0,124.0,113.0,124.0,0.0,210.0,460.0,367.4
GBBL,6/21/2011,135.0,140.0,136.0,140.0,12.9,1010.0,460.0,367.4
GBBL,6/23/2011,140.0,154.0,142.0,154.0,10.0,2890.0,460.0,367.4
GBBL,6/26/2011,154.0,151.0,151.0,151.0,-1.95,100.0,460.0,367.4
GBBL,6/27/2011,151.0,148.0,146.0,146.0,-3.31,40.0,460.0,367.4
GBBL,6/29/2011,146.0,146.0,146.0,146.0,0.0,40.0,460.0,367.4
GBBL,6/30/2011,146.0,139.0,135.0,135.0,-7.53,1200.0,460.0,367.4
GBBL,7/4/2011,135.0,129.0,129.0,129.0,-4.44,280.0,460.0,367.4
GBBL,7/5/2011,129.0,127.0,123.0,123.0,-4.65,250.0,460.0,367.4
GBBL,7/6/2011,123.0,131.0,117.0,129.0,4.88,850.0,460.0,367.4
GBBL,7/7/2011,129.0,129.0,127.0,127.0,-1.55,140.0,460.0,367.4
GBBL,7/10/2011,127.0,125.0,123.0,125.0,-1.57,300.0,460.0,367.4
GBBL,7/11/2011,125.0,131.0,125.0,130.0,4.0,1010.0,460.0,367.4
GBBL,7/12/2011,130.0,132.0,128.0,128.0,-1.54,1210.0,460.0,367.4
GBBL,7/13/2011,128.0,135.0,130.0,132.0,3.12,1260.0,460.0,367.4
GBBL,7/14/2011,132.0,134.0,130.0,130.0,-1.52,430.0,460.0,367.4
GBBL,7/18/2011,130.0,136.0,132.0,134.0,3.08,680.0,460.0,367.4
GBBL,7/19/2011,134.0,138.0,134.0,138.0,2.99,870.0,460.0,367.4
GBBL,7/20/2011,138.0,140.0,136.0,140.0,1.45,630.0,460.0,367.4
GBBL,7/21/2011,140.0,144.0,142.0,142.0,1.43,170.0,460.0,367.4
GBBL,7/24/2011,142.0,142.0,134.0,134.0,-5.63,760.0,460.0,367.4
GBBL,7/25/2011,134.0,132.0,128.0,128.0,-4.48,160.0,460.0,367.4
GBBL,7/26/2011,128.0,132.0,128.0,132.0,3.12,990.0,460.0,367.4
GBBL,7/27/2011,132.0,138.0,131.0,138.0,4.55,1030.0,460.0,367.4
GBBL,7/28/2011,138.0,136.0,133.0,134.0,-2.9,1080.0,460.0,367.4
GBBL,7/31/2011,134.0,134.0,130.0,132.0,-1.49,460.0,460.0,367.4
GBBL,8/1/2011,132.0,141.0,132.0,140.0,6.06,3220.0,460.0,367.4
GBBL,8/2/2011,140.0,140.0,135.0,135.0,-3.57,1560.0,460.0,367.4
GBBL,8/3/2011,135.0,136.0,132.0,136.0,0.74,1230.0,460.0,367.4
GBBL,8/4/2011,136.0,141.0,137.0,139.0,2.21,2930.0,460.0,367.4
GBBL,8/7/2011,139.0,140.0,135.0,136.0,-2.16,3000.0,460.0,367.4
GBBL,8/8/2011,136.0,136.0,134.0,135.0,-0.74,4610.0,460.0,367.4
GBBL,8/9/2011,135.0,136.0,134.0,136.0,0.74,810.0,460.0,367.4
GBBL,8/10/2011,136.0,137.0,132.0,136.0,0.0,1260.0,460.0,367.4
GBBL,8/11/2011,136.0,139.0,136.0,138.0,1.47,3860.0,460.0,367.4
GBBL,8/15/2011,138.0,140.0,137.0,140.0,1.45,1950.0,460.0,367.4
GBBL,8/16/2011,140.0,142.0,138.0,138.0,-1.43,1030.0,460.0,367.4
GBBL,8/17/2011,138.0,141.0,136.0,137.0,-0.72,5710.0,460.0,367.4
GBBL,8/18/2011,137.0,141.0,136.0,141.0,2.92,2140.0,460.0,367.4
GBBL,8/22/2011,141.0,140.0,137.0,139.0,-1.42,1340.0,460.0,367.4
GBBL,8/23/2011,139.0,142.0,135.0,140.0,0.72,6350.0,460.0,367.4
GBBL,8/24/2011,140.0,142.0,139.0,142.0,1.43,1700.0,460.0,367.4
GBBL,8/25/2011,142.0,141.0,136.0,141.0,-0.7,820.0,460.0,367.4
GBBL,8/28/2011,141.0,139.0,135.0,135.0,-4.26,250.0,460.0,367.4
GBBL,8/29/2011,135.0,135.0,133.0,135.0,0.0,680.0,460.0,367.4
GBBL,8/30/2011,135.0,143.0,137.0,142.0,5.19,770.0,460.0,367.4
GBBL,9/1/2011,142.0,140.0,138.0,138.0,-2.82,150.0,460.0,367.4
GBBL,9/4/2011,138.0,142.0,138.0,139.0,0.72,5540.0,460.0,367.4
GBBL,9/5/2011,139.0,141.0,137.0,139.0,0.0,4340.0,460.0,367.4
GBBL,9/6/2011,139.0,141.0,138.0,138.0,-0.72,2900.0,460.0,367.4
GBBL,9/7/2011,138.0,140.0,139.0,139.0,0.72,1940.0,460.0,367.4
GBBL,9/8/2011,139.0,142.0,137.0,137.0,-1.44,1630.0,460.0,367.4
GBBL,9/12/2011,137.0,137.0,129.0,134.0,-2.19,2270.0,460.0,367.4
GBBL,9/13/2011,134.0,132.0,130.0,131.0,-2.24,310.0,460.0,367.4
GBBL,9/14/2011,131.0,133.0,130.0,133.0,1.53,720.0,460.0,367.4
GBBL,9/15/2011,133.0,135.0,129.0,129.0,-3.01,470.0,460.0,367.4
GBBL,9/18/2011,129.0,130.0,128.0,130.0,0.78,330.0,460.0,367.4
GBBL,9/19/2011,130.0,135.0,130.0,135.0,3.85,160.0,460.0,367.4
GBBL,9/20/2011,135.0,143.0,137.0,140.0,3.7,1500.0,460.0,367.4
GBBL,9/21/2011,140.0,142.0,139.0,140.0,0.0,1060.0,460.0,367.4
GBBL,9/22/2011,140.0,145.0,142.0,145.0,3.57,740.0,460.0,367.4
GBBL,9/25/2011,145.0,145.0,143.0,143.0,-1.38,110.0,460.0,367.4
GBBL,9/26/2011,143.0,143.0,143.0,143.0,0.0,90.0,460.0,367.4
GBBL,9/27/2011,143.0,141.0,137.0,137.0,-4.2,290.0,460.0,367.4
GBBL,9/29/2011,137.0,141.0,139.0,140.0,2.19,1760.0,460.0,367.4
GBBL,10/9/2011,140.0,140.0,139.0,140.0,0.0,60.0,460.0,367.4
GBBL,10/10/2011,140.0,140.0,138.0,140.0,0.0,340.0,460.0,367.4
GBBL,10/12/2011,140.0,138.0,136.0,138.0,-1.43,120.0,460.0,367.4
GBBL,10/13/2011,138.0,139.0,137.0,139.0,0.72,1610.0,460.0,367.4
GBBL,10/16/2011,139.0,141.0,137.0,140.0,0.72,540.0,460.0,367.4
GBBL,10/17/2011,140.0,140.0,138.0,138.0,-1.43,280.0,460.0,367.4
GBBL,10/18/2011,138.0,137.0,134.0,137.0,-0.72,160.0,460.0,367.4
GBBL,10/19/2011,137.0,136.0,136.0,136.0,-0.73,40.0,460.0,367.4
GBBL,10/20/2011,136.0,140.0,134.0,140.0,2.94,360.0,460.0,367.4
GBBL,10/23/2011,140.0,140.0,136.0,136.0,-2.86,690.0,460.0,367.4
GBBL,10/24/2011,136.0,139.0,136.0,137.0,0.74,590.0,460.0,367.4
GBBL,10/25/2011,137.0,139.0,139.0,139.0,1.46,20.0,460.0,367.4
GBBL,10/30/2011,139.0,139.0,139.0,139.0,0.0,600.0,460.0,367.4
GBBL,10/31/2011,139.0,139.0,139.0,139.0,0.0,120.0,460.0,367.4
GBBL,11/2/2011,139.0,141.0,141.0,141.0,1.44,10.0,460.0,367.4
GBBL,11/3/2011,141.0,147.0,139.0,140.0,-0.71,1210.0,460.0,367.4
GBBL,11/6/2011,140.0,143.0,140.0,142.0,1.43,2090.0,460.0,367.4
GBBL,11/8/2011,142.0,143.0,141.0,141.0,-0.7,260.0,460.0,367.4
GBBL,11/9/2011,141.0,141.0,139.0,139.0,-1.42,1040.0,460.0,367.4
GBBL,11/10/2011,139.0,139.0,138.0,138.0,-0.72,610.0,460.0,367.4
GBBL,11/13/2011,138.0,145.0,140.0,143.0,3.62,2000.0,460.0,367.4
GBBL,11/14/2011,143.0,144.0,140.0,142.0,-0.7,3150.0,460.0,367.4
GBBL,11/15/2011,142.0,142.0,140.0,140.0,-1.41,550.0,460.0,367.4
GBBL,11/16/2011,140.0,142.0,139.0,141.0,0.71,910.0,460.0,367.4
GBBL,11/17/2011,141.0,142.0,139.0,140.0,-0.71,2790.0,460.0,367.4
GBBL,11/20/2011,140.0,141.0,137.0,139.0,-0.71,860.0,460.0,367.4
GBBL,11/21/2011,139.0,140.0,137.0,140.0,0.72,3320.0,460.0,367.4
GBBL,11/22/2011,140.0,140.0,140.0,140.0,0.0,60.0,460.0,367.4
GBBL,11/23/2011,140.0,139.0,129.0,129.0,-7.86,280.0,460.0,367.4
GBBL,11/24/2011,129.0,127.0,121.0,121.0,-6.2,270.0,460.0,367.4
GBBL,11/27/2011,121.0,119.0,119.0,119.0,-1.65,20.0,460.0,367.4
GBBL,11/28/2011,119.0,117.0,115.0,115.0,-3.36,70.0,460.0,367.4
GBBL,12/4/2011,115.0,119.0,115.0,119.0,3.48,260.0,460.0,367.4
GBBL,12/6/2011,119.0,120.0,120.0,120.0,0.84,20.0,460.0,367.4
GBBL,12/7/2011,120.0,120.0,120.0,120.0,0.0,80.0,460.0,367.4
GBBL,12/8/2011,120.0,121.0,119.0,119.0,-0.83,110.0,460.0,367.4
GBBL,12/11/2011,119.0,121.0,121.0,121.0,1.68,300.0,460.0,367.4
GBBL,12/13/2011,121.0,120.0,113.0,113.0,-6.61,1310.0,460.0,367.4
GBBL,12/14/2011,113.0,115.0,111.0,115.0,1.77,600.0,460.0,367.4
GBBL,12/15/2011,115.0,116.0,114.0,116.0,0.87,290.0,460.0,367.4
GBBL,12/19/2011,116.0,115.0,112.0,112.0,-3.45,1150.0,460.0,367.4
GBBL,12/21/2011,112.0,111.0,111.0,111.0,-0.89,60.0,460.0,367.4
GBBL,12/22/2011,111.0,112.0,112.0,112.0,0.9,2070.0,460.0,367.4
GBBL,12/26/2011,112.0,114.0,113.0,113.0,0.89,560.0,460.0,367.4
GBBL,12/27/2011,113.0,112.0,110.0,110.0,-2.65,380.0,460.0,367.4
GBBL,12/28/2011,110.0,110.0,106.0,110.0,0.0,440.0,460.0,367.4
GBBL,12/29/2011,110.0,112.0,110.0,112.0,1.82,570.0,460.0,367.4
GBBL,1/1/2012,112.0,114.0,111.0,114.0,1.79,230.0,460.0,367.4
GBBL,1/2/2012,114.0,119.0,112.0,118.0,3.51,1060.0,460.0,367.4
GBBL,1/3/2012,118.0,120.0,117.0,117.0,-0.85,640.0,460.0,367.4
GBBL,1/4/2012,117.0,118.0,113.0,117.0,0.0,1100.0,460.0,367.4
GBBL,1/5/2012,117.0,119.0,116.0,118.0,0.85,510.0,460.0,367.4
GBBL,1/9/2012,118.0,117.0,114.0,116.0,-1.69,280.0,460.0,367.4
GBBL,1/10/2012,118.0,116.0,116.0,116.0,0.0,120.0,460.0,367.4
GBBL,1/11/2012,116.0,117.0,117.0,117.0,0.86,900.0,460.0,367.4
GBBL,1/12/2012,117.0,115.0,111.0,111.0,-5.13,280.0,460.0,367.4
GBBL,1/16/2012,111.0,114.0,112.0,114.0,2.7,110.0,460.0,367.4
GBBL,1/17/2012,114.0,118.0,112.0,118.0,3.51,1100.0,460.0,367.4
GBBL,1/18/2012,118.0,121.0,118.0,121.0,2.54,380.0,460.0,367.4
GBBL,1/19/2012,121.0,122.0,120.0,121.0,0.0,420.0,460.0,367.4
GBBL,1/22/2012,121.0,122.0,116.0,116.0,-4.13,1550.0,460.0,367.4
GBBL,1/23/2012,116.0,120.0,118.0,120.0,3.45,160.0,460.0,367.4
GBBL,1/25/2012,120.0,124.0,122.0,122.0,1.67,150.0,460.0,367.4
GBBL,1/26/2012,122.0,121.0,115.0,115.0,-5.74,100.0,460.0,367.4
GBBL,1/29/2012,115.0,115.0,115.0,115.0,0.0,80.0,460.0,367.4
GBBL,1/31/2012,115.0,120.0,116.0,120.0,4.35,360.0,460.0,367.4
GBBL,2/1/2012,120.0,122.0,119.0,119.0,-0.83,620.0,460.0,367.4
GBBL,2/2/2012,119.0,119.0,113.0,113.0,-5.04,600.0,460.0,367.4
GBBL,2/5/2012,113.0,117.0,115.0,117.0,3.54,620.0,460.0,367.4
GBBL,2/6/2012,117.0,121.0,116.0,119.0,1.71,1230.0,460.0,367.4
GBBL,2/7/2012,119.0,120.0,117.0,117.0,-1.68,550.0,460.0,367.4
GBBL,2/8/2012,117.0,119.0,117.0,117.0,0.0,1230.0,460.0,367.4
GBBL,2/9/2012,117.0,117.0,115.0,115.0,-1.71,380.0,460.0,367.4
GBBL,2/12/2012,115.0,119.0,117.0,119.0,3.48,250.0,460.0,367.4
GBBL,2/13/2012,119.0,117.0,113.0,116.0,-2.52,730.0,460.0,367.4
GBBL,2/14/2012,116.0,120.0,116.0,116.0,0.0,480.0,460.0,367.4
GBBL,2/15/2012,116.0,116.0,116.0,116.0,0.0,60.0,460.0,367.4
GBBL,2/16/2012,116.0,118.0,117.0,118.0,1.72,120.0,460.0,367.4
GBBL,2/21/2012,118.0,120.0,119.0,120.0,1.69,970.0,460.0,367.4
GBBL,2/23/2012,120.0,118.0,117.0,117.0,-2.5,220.0,460.0,367.4
GBBL,2/26/2012,117.0,119.0,116.0,118.0,0.85,530.0,460.0,367.4
GBBL,2/27/2012,118.0,118.0,117.0,118.0,0.0,180.0,460.0,367.4
GBBL,2/28/2012,118.0,120.0,116.0,118.0,0.0,900.0,460.0,367.4
GBBL,2/29/2012,118.0,120.0,120.0,120.0,1.69,20.0,460.0,367.4
GBBL,3/1/2012,120.0,120.0,116.0,118.0,-1.67,490.0,460.0,367.4
GBBL,3/4/2012,118.0,120.0,116.0,119.0,0.85,370.0,460.0,367.4
GBBL,3/5/2012,119.0,119.0,117.0,117.0,-1.68,360.0,460.0,367.4
GBBL,3/6/2012,117.0,118.0,116.0,116.0,-0.85,470.0,460.0,367.4
GBBL,3/11/2012,116.0,116.0,115.0,116.0,0.0,1000.0,460.0,367.4
GBBL,3/12/2012,116.0,118.0,116.0,116.0,0.0,180.0,460.0,367.4
GBBL,3/13/2012,116.0,120.0,118.0,120.0,3.45,70.0,460.0,367.4
GBBL,3/14/2012,120.0,122.0,118.0,118.0,-1.67,970.0,460.0,367.4
GBBL,3/15/2012,118.0,118.0,117.0,117.0,-0.85,50.0,460.0,367.4
GBBL,3/18/2012,117.0,116.0,116.0,116.0,-0.85,620.0,460.0,367.4
GBBL,3/19/2012,116.0,119.0,117.0,119.0,2.59,130.0,460.0,367.4
GBBL,3/20/2012,119.0,118.0,115.0,118.0,-0.84,400.0,460.0,367.4
GBBL,3/21/2012,118.0,118.0,116.0,118.0,0.0,80.0,460.0,367.4
GBBL,3/25/2012,118.0,120.0,115.0,117.0,-0.85,700.0,460.0,367.4
GBBL,3/26/2012,117.0,118.0,118.0,118.0,0.85,100.0,460.0,367.4
GBBL,3/27/2012,118.0,119.0,117.0,118.0,0.0,2800.0,460.0,367.4
GBBL,3/28/2012,118.0,119.0,118.0,118.0,0.0,2160.0,460.0,367.4
GBBL,3/29/2012,118.0,120.0,115.0,118.0,0.0,620.0,460.0,367.4
GBBL,4/1/2012,118.0,118.0,117.0,118.0,0.0,920.0,460.0,367.4
GBBL,4/2/2012,118.0,116.0,114.0,114.0,-3.39,40.0,460.0,367.4
GBBL,4/3/2012,114.0,120.0,116.0,119.0,4.39,220.0,460.0,367.4
GBBL,4/4/2012,119.0,122.0,119.0,122.0,2.52,700.0,460.0,367.4
GBBL,4/5/2012,122.0,120.0,119.0,120.0,-1.64,160.0,460.0,367.4
GBBL,4/8/2012,120.0,120.0,120.0,120.0,0.0,150.0,460.0,367.4
GBBL,4/10/2012,120.0,118.0,118.0,118.0,-1.67,30.0,460.0,367.4
GBBL,4/12/2012,118.0,128.0,120.0,128.0,8.47,1520.0,460.0,367.4
GBBL,4/15/2012,128.0,132.0,130.0,132.0,3.12,230.0,460.0,367.4
GBBL,4/18/2012,132.0,132.0,128.0,132.0,0.0,1930.0,460.0,367.4
GBBL,4/19/2012,132.0,140.0,134.0,140.0,6.06,1150.0,460.0,367.4
GBBL,4/22/2012,140.0,152.0,142.0,152.0,8.57,630.0,460.0,367.4
GBBL,4/24/2012,152.0,161.0,155.0,161.0,5.92,80.0,460.0,367.4
GBBL,4/26/2012,161.0,177.0,164.0,177.0,9.94,1270.0,460.0,367.4
GBBL,4/29/2012,177.0,188.0,175.0,185.0,4.52,3570.0,460.0,367.4
GBBL,4/30/2012,185.0,190.0,179.0,179.0,-3.24,1340.0,460.0,367.4
GBBL,5/7/2012,179.0,182.0,182.0,182.0,1.68,50.0,460.0,367.4
GBBL,5/8/2012,182.0,179.0,173.0,173.0,-4.95,320.0,460.0,367.4
GBBL,5/9/2012,173.0,173.0,166.0,166.0,-4.05,1120.0,460.0,367.4
GBBL,5/10/2012,166.0,168.0,162.0,165.0,-0.6,810.0,460.0,367.4
GBBL,5/13/2012,165.0,160.0,149.0,149.0,-9.7,3880.0,460.0,367.4
GBBL,5/14/2012,149.0,147.0,142.0,142.0,-4.7,290.0,460.0,367.4
GBBL,5/15/2012,142.0,148.0,142.0,148.0,4.23,800.0,460.0,367.4
GBBL,5/17/2012,148.0,162.0,150.0,158.0,6.76,740.0,460.0,367.4
GBBL,5/20/2012,158.0,157.0,154.0,156.0,-1.27,280.0,460.0,367.4
GBBL,5/21/2012,156.0,163.0,159.0,163.0,4.49,440.0,460.0,367.4
GBBL,5/22/2012,163.0,160.0,157.0,159.0,-2.45,890.0,460.0,367.4
GBBL,5/24/2012,159.0,162.0,162.0,162.0,1.89,70.0,460.0,367.4
GBBL,5/27/2012,162.0,168.0,159.0,168.0,3.7,430.0,460.0,367.4
GBBL,6/3/2012,168.0,165.0,159.0,159.0,-5.36,160.0,460.0,367.4
GBBL,6/4/2012,159.0,156.0,144.0,146.0,-8.18,1700.0,460.0,367.4
GBBL,6/5/2012,146.0,145.0,141.0,141.0,-3.42,1110.0,460.0,367.4
GBBL,6/6/2012,141.0,139.0,135.0,138.0,-2.13,950.0,460.0,367.4
GBBL,6/7/2012,138.0,142.0,140.0,140.0,1.45,550.0,460.0,367.4
GBBL,6/10/2012,140.0,140.0,136.0,137.0,-2.14,280.0,460.0,367.4
GBBL,6/11/2012,137.0,143.0,136.0,143.0,4.38,290.0,460.0,367.4
GBBL,6/12/2012,143.0,143.0,141.0,142.0,-0.7,520.0,460.0,367.4
GBBL,6/13/2012,142.0,146.0,142.0,142.0,0.0,770.0,460.0,367.4
GBBL,6/14/2012,142.0,144.0,139.0,142.0,0.0,560.0,460.0,367.4
GBBL,6/17/2012,142.0,143.0,142.0,143.0,0.7,210.0,460.0,367.4
GBBL,6/18/2012,143.0,142.0,137.0,138.0,-3.5,1230.0,460.0,367.4
GBBL,6/19/2012,138.0,137.0,136.0,137.0,-0.72,420.0,460.0,367.4
GBBL,6/20/2012,137.0,140.0,138.0,138.0,0.73,780.0,460.0,367.4
GBBL,6/21/2012,138.0,140.0,138.0,140.0,1.45,370.0,460.0,367.4
GBBL,6/25/2012,140.0,143.0,138.0,143.0,2.14,1510.0,460.0,367.4
GBBL,6/26/2012,143.0,142.0,140.0,140.0,-2.1,290.0,460.0,367.4
GBBL,6/27/2012,140.0,140.0,138.0,140.0,0.0,280.0,460.0,367.4
GBBL,6/28/2012,140.0,144.0,140.0,142.0,1.43,400.0,460.0,367.4
GBBL,7/1/2012,142.0,144.0,142.0,142.0,0.0,350.0,460.0,367.4
GBBL,7/2/2012,142.0,142.0,140.0,140.0,-1.41,670.0,460.0,367.4
GBBL,7/3/2012,140.0,140.0,138.0,140.0,0.0,80.0,460.0,367.4
GBBL,7/4/2012,140.0,138.0,136.0,137.0,-2.14,150.0,460.0,367.4
GBBL,7/5/2012,137.0,139.0,139.0,139.0,1.46,130.0,460.0,367.4
GBBL,7/8/2012,139.0,137.0,136.0,136.0,-2.16,70.0,460.0,367.4
GBBL,7/9/2012,136.0,140.0,134.0,139.0,2.21,770.0,460.0,367.4
GBBL,7/10/2012,139.0,141.0,137.0,138.0,-0.72,710.0,460.0,367.4
GBBL,7/11/2012,138.0,140.0,138.0,140.0,1.45,220.0,460.0,367.4
GBBL,7/12/2012,140.0,140.0,138.0,138.0,-1.43,210.0,460.0,367.4
GBBL,7/15/2012,138.0,140.0,138.0,138.0,0.0,300.0,460.0,367.4
GBBL,7/16/2012,138.0,140.0,140.0,140.0,1.45,230.0,460.0,367.4
GBBL,7/17/2012,140.0,150.0,142.0,150.0,7.14,4320.0,460.0,367.4
GBBL,7/18/2012,150.0,155.0,149.0,155.0,3.33,1420.0,460.0,367.4
GBBL,7/19/2012,155.0,161.0,155.0,161.0,3.87,1490.0,460.0,367.4
GBBL,7/22/2012,161.0,164.0,157.0,157.0,-2.48,1120.0,460.0,367.4
GBBL,7/23/2012,157.0,172.0,157.0,163.0,3.82,3100.0,460.0,367.4
GBBL,7/24/2012,163.0,162.0,160.0,161.0,-1.23,1000.0,460.0,367.4
GBBL,7/25/2012,161.0,172.0,155.0,169.0,4.97,2630.0,460.0,367.4
GBBL,7/26/2012,169.0,166.0,160.0,163.0,-3.55,570.0,460.0,367.4
GBBL,7/29/2012,163.0,168.0,162.0,162.0,-0.61,840.0,460.0,367.4
GBBL,7/30/2012,162.0,163.0,158.0,158.0,-2.47,1430.0,460.0,367.4
GBBL,7/31/2012,158.0,163.0,158.0,162.0,2.53,2020.0,460.0,367.4
GBBL,8/1/2012,162.0,162.0,160.0,161.0,-0.62,410.0,460.0,367.4
GBBL,8/5/2012,161.0,163.0,161.0,161.0,0.0,630.0,460.0,367.4
GBBL,8/6/2012,161.0,165.0,162.0,162.0,0.62,2620.0,460.0,367.4
GBBL,8/7/2012,162.0,165.0,160.0,165.0,1.85,1450.0,460.0,367.4
GBBL,8/8/2012,165.0,165.0,163.0,163.0,-1.21,780.0,460.0,367.4
GBBL,8/12/2012,163.0,160.0,160.0,160.0,-1.84,1300.0,460.0,367.4
GBBL,8/13/2012,160.0,160.0,157.0,157.0,-1.88,480.0,460.0,367.4
GBBL,8/14/2012,157.0,160.0,155.0,160.0,1.91,260.0,460.0,367.4
GBBL,8/15/2012,160.0,159.0,152.0,155.0,-3.12,360.0,460.0,367.4
GBBL,8/16/2012,155.0,155.0,152.0,155.0,0.0,370.0,460.0,367.4
GBBL,8/19/2012,155.0,156.0,152.0,154.0,-0.65,1480.0,460.0,367.4
GBBL,8/21/2012,154.0,166.0,157.0,166.0,7.79,3350.0,460.0,367.4
GBBL,8/22/2012,166.0,175.0,164.0,175.0,5.42,6670.0,460.0,367.4
GBBL,8/23/2012,175.0,183.0,171.0,174.0,-0.57,7840.0,460.0,367.4
GBBL,8/26/2012,174.0,179.0,173.0,173.0,-0.57,5380.0,460.0,367.4
GBBL,8/27/2012,173.0,173.0,169.0,173.0,0.0,640.0,460.0,367.4
GBBL,8/28/2012,173.0,177.0,172.0,176.0,1.73,3020.0,460.0,367.4
GBBL,8/29/2012,176.0,177.0,172.0,176.0,0.0,4000.0,460.0,367.4
GBBL,8/30/2012,176.0,176.0,170.0,175.0,-0.57,1090.0,460.0,367.4
GBBL,9/2/2012,175.0,189.0,176.0,186.0,6.29,4160.0,460.0,367.4
GBBL,9/3/2012,186.0,189.0,180.0,186.0,0.0,3940.0,460.0,367.4
GBBL,9/4/2012,186.0,186.0,180.0,181.0,-2.69,1920.0,460.0,367.4
GBBL,9/5/2012,181.0,180.0,177.0,177.0,-2.21,1300.0,460.0,367.4
GBBL,9/6/2012,177.0,180.0,177.0,179.0,1.13,2070.0,460.0,367.4
GBBL,9/9/2012,179.0,179.0,173.0,176.0,-1.68,160.0,460.0,367.4
GBBL,9/10/2012,176.0,179.0,171.0,178.0,1.14,4250.0,460.0,367.4
GBBL,9/11/2012,178.0,180.0,175.0,175.0,-1.69,520.0,460.0,367.4
GBBL,9/12/2012,175.0,177.0,173.0,177.0,1.14,2280.0,460.0,367.4
GBBL,9/13/2012,177.0,177.0,177.0,177.0,0.0,60.0,460.0,367.4
GBBL,9/16/2012,177.0,178.0,178.0,178.0,0.56,100.0,460.0,367.4
GBBL,9/17/2012,178.0,182.0,173.0,181.0,1.69,4070.0,460.0,367.4
GBBL,9/18/2012,181.0,183.0,175.0,180.0,-0.55,1840.0,460.0,367.4
GBBL,9/19/2012,180.0,178.0,178.0,178.0,-1.11,100.0,460.0,367.4
GBBL,9/20/2012,178.0,184.0,178.0,181.0,1.69,1880.0,460.0,367.4
GBBL,9/23/2012,181.0,178.0,178.0,178.0,-1.66,150.0,460.0,367.4
GBBL,9/24/2012,178.0,177.0,174.0,174.0,-2.25,130.0,460.0,367.4
GBBL,9/25/2012,174.0,176.0,174.0,176.0,1.15,1610.0,460.0,367.4
GBBL,9/26/2012,176.0,179.0,175.0,176.0,0.0,1340.0,460.0,367.4
GBBL,9/30/2012,176.0,184.0,179.0,180.0,2.27,12850.0,460.0,367.4
GBBL,10/1/2012,180.0,184.0,182.0,184.0,2.22,4800.0,460.0,367.4
GBBL,10/2/2012,184.0,190.0,183.0,187.0,1.63,10760.0,460.0,367.4
GBBL,10/3/2012,187.0,184.0,181.0,184.0,-1.6,3680.0,460.0,367.4
GBBL,10/4/2012,184.0,187.0,181.0,186.0,1.09,9410.0,460.0,367.4
GBBL,10/7/2012,186.0,186.0,181.0,181.0,-2.69,170.0,460.0,367.4
GBBL,10/8/2012,181.0,166.0,160.0,160.0,-11.6,90.0,460.0,367.4
GBBL,10/9/2012,160.0,157.0,146.0,146.0,-8.75,310.0,460.0,367.4
GBBL,10/10/2012,146.0,148.0,146.0,148.0,1.37,100.0,460.0,367.4
GBBL,10/11/2012,148.0,146.0,144.0,144.0,-2.7,120.0,460.0,367.4
GBBL,10/14/2012,144.0,144.0,140.0,144.0,0.0,460.0,460.0,367.4
GBBL,10/15/2012,144.0,146.0,146.0,146.0,1.39,30.0,460.0,367.4
GBBL,10/17/2012,146.0,148.0,144.0,148.0,1.37,360.0,460.0,367.4
GBBL,10/18/2012,148.0,153.0,150.0,153.0,3.38,190.0,460.0,367.4
GBBL,10/30/2012,153.0,157.0,155.0,155.0,1.31,250.0,460.0,367.4
GBBL,11/1/2012,155.0,161.0,158.0,161.0,3.87,3660.0,460.0,367.4
GBBL,11/4/2012,161.0,167.0,164.0,167.0,3.73,430.0,460.0,367.4
GBBL,11/5/2012,167.0,170.0,165.0,168.0,0.6,770.0,460.0,367.4
GBBL,11/6/2012,168.0,170.0,169.0,170.0,1.19,180.0,460.0,367.4
GBBL,11/7/2012,170.0,173.0,173.0,173.0,1.76,130.0,460.0,367.4
GBBL,11/8/2012,173.0,186.0,176.0,180.0,4.05,1890.0,460.0,367.4
GBBL,11/18/2012,180.0,189.0,183.0,189.0,5.0,60.0,460.0,367.4
GBBL,11/20/2012,189.0,192.0,189.0,191.0,1.06,330.0,460.0,367.4
GBBL,11/25/2012,191.0,191.0,191.0,191.0,0.0,420.0,460.0,367.4
GBBL,11/26/2012,191.0,191.0,191.0,191.0,0.0,60.0,460.0,367.4
GBBL,11/27/2012,191.0,191.0,188.0,191.0,0.0,3290.0,460.0,367.4
GBBL,11/28/2012,191.0,188.0,185.0,185.0,-3.14,60.0,460.0,367.4
GBBL,11/29/2012,185.0,182.0,182.0,182.0,-1.62,40.0,460.0,367.4
GBBL,12/3/2012,182.0,179.0,179.0,179.0,-1.65,300.0,460.0,367.4
GBBL,12/6/2012,179.0,176.0,176.0,176.0,-1.68,100.0,460.0,367.4
GBBL,12/9/2012,176.0,173.0,167.0,167.0,-5.11,430.0,460.0,367.4
GBBL,12/10/2012,167.0,170.0,166.0,168.0,0.6,180.0,460.0,367.4
GBBL,12/11/2012,168.0,165.0,165.0,165.0,-1.79,70.0,460.0,367.4
GBBL,12/12/2012,165.0,167.0,164.0,167.0,1.21,380.0,460.0,367.4
GBBL,12/13/2012,167.0,166.0,163.0,166.0,-0.6,190.0,460.0,367.4
GBBL,12/16/2012,166.0,163.0,163.0,163.0,-1.81,100.0,460.0,367.4
GBBL,12/17/2012,163.0,166.0,166.0,166.0,1.84,190.0,460.0,367.4
GBBL,12/18/2012,166.0,170.0,164.0,170.0,2.41,180.0,460.0,367.4
GBBL,12/19/2012,170.0,177.0,173.0,174.0,2.35,260.0,460.0,367.4
GBBL,12/20/2012,174.0,183.0,177.0,183.0,5.17,60.0,460.0,367.4
GBBL,12/24/2012,183.0,180.0,177.0,177.0,-3.28,130.0,460.0,367.4
GBBL,12/26/2012,177.0,183.0,179.0,182.0,2.82,972.0,460.0,367.4
GBBL,12/31/2012,182.0,179.0,173.0,179.0,-1.65,690.0,460.0,367.4
GBBL,1/1/2013,179.0,180.0,178.0,180.0,0.56,220.0,460.0,367.4
GBBL,1/2/2013,180.0,180.0,177.0,180.0,0.0,190.0,460.0,367.4
GBBL,1/3/2013,180.0,178.0,177.0,177.0,-1.67,610.0,460.0,367.4
GBBL,1/6/2013,177.0,180.0,175.0,180.0,1.69,614.0,460.0,367.4
GBBL,1/7/2013,180.0,177.0,173.0,176.0,-2.22,630.0,460.0,367.4
GBBL,1/9/2013,176.0,176.0,176.0,176.0,0.0,140.0,460.0,367.4
GBBL,1/10/2013,176.0,176.0,173.0,173.0,-1.7,450.0,460.0,367.4
GBBL,1/15/2013,173.0,182.0,176.0,182.0,5.2,1116.0,460.0,367.4
GBBL,1/16/2013,182.0,179.0,179.0,179.0,-1.65,420.0,460.0,367.4
GBBL,1/17/2013,179.0,181.0,178.0,181.0,1.12,970.0,460.0,367.4
GBBL,1/20/2013,181.0,180.0,180.0,180.0,-0.55,270.0,460.0,367.4
GBBL,1/21/2013,180.0,179.0,179.0,179.0,-0.56,520.0,460.0,367.4
GBBL,1/22/2013,179.0,176.0,173.0,176.0,-1.68,330.0,460.0,367.4
GBBL,1/23/2013,176.0,179.0,177.0,179.0,1.7,250.0,460.0,367.4
GBBL,1/24/2013,179.0,179.0,170.0,170.0,-5.03,720.0,460.0,367.4
GBBL,1/27/2013,170.0,169.0,168.0,168.0,-1.18,430.0,460.0,367.4
GBBL,1/30/2013,168.0,165.0,165.0,165.0,-1.79,100.0,460.0,367.4
GBBL,1/31/2013,165.0,162.0,156.0,162.0,-1.82,480.0,460.0,367.4
GBBL,2/3/2013,162.0,162.0,162.0,162.0,0.0,40.0,460.0,367.4
GBBL,2/4/2013,162.0,173.0,162.0,173.0,6.79,700.0,460.0,367.4
GBBL,2/5/2013,173.0,178.0,175.0,178.0,2.89,120.0,460.0,367.4
GBBL,2/12/2013,178.0,178.0,175.0,178.0,0.0,230.0,460.0,367.4
GBBL,2/13/2013,178.0,175.0,172.0,172.0,-3.37,310.0,460.0,367.4
GBBL,2/14/2013,172.0,175.0,175.0,175.0,1.74,160.0,460.0,367.4
GBBL,2/17/2013,175.0,178.0,178.0,178.0,1.71,120.0,460.0,367.4
GBBL,2/19/2013,178.0,187.0,181.0,183.0,2.81,2240.0,460.0,367.4
GBBL,2/20/2013,183.0,180.0,175.0,175.0,-4.37,340.0,460.0,367.4
GBBL,2/21/2013,175.0,183.0,175.0,183.0,4.57,320.0,460.0,367.4
GBBL,2/25/2013,183.0,183.0,180.0,180.0,-1.64,250.0,460.0,367.4
GBBL,2/28/2013,180.0,180.0,177.0,180.0,0.0,490.0,460.0,367.4
GBBL,3/3/2013,180.0,177.0,175.0,175.0,-2.78,900.0,460.0,367.4
GBBL,3/4/2013,175.0,175.0,170.0,173.0,-1.14,1460.0,460.0,367.4
GBBL,3/5/2013,173.0,179.0,170.0,179.0,3.47,450.0,460.0,367.4
GBBL,3/6/2013,179.0,186.0,174.0,186.0,3.91,720.0,460.0,367.4
GBBL,3/7/2013,186.0,183.0,180.0,180.0,-3.23,150.0,460.0,367.4
GBBL,3/11/2013,180.0,179.0,177.0,179.0,-0.56,1560.0,460.0,367.4
GBBL,3/13/2013,179.0,180.0,177.0,180.0,0.56,640.0,460.0,367.4
GBBL,3/14/2013,180.0,179.0,179.0,179.0,-0.56,570.0,460.0,367.4
GBBL,3/17/2013,179.0,176.0,170.0,171.0,-4.47,540.0,460.0,367.4
GBBL,3/18/2013,171.0,177.0,172.0,177.0,3.51,1489.0,460.0,367.4
GBBL,3/19/2013,177.0,174.0,174.0,174.0,-1.69,30.0,460.0,367.4
GBBL,3/20/2013,174.0,183.0,174.0,183.0,5.17,4454.0,460.0,367.4
GBBL,3/21/2013,183.0,181.0,173.0,173.0,-5.46,2889.0,460.0,367.4
GBBL,3/24/2013,173.0,176.0,170.0,170.0,-1.73,2099.0,460.0,367.4
GBBL,3/25/2013,170.0,184.0,173.0,178.0,4.71,429.0,460.0,367.4
GBBL,3/27/2013,178.0,175.0,172.0,172.0,-3.37,2044.0,460.0,367.4
GBBL,3/28/2013,172.0,175.0,175.0,175.0,1.74,22.0,460.0,367.4
GBBL,3/31/2013,175.0,172.0,168.0,170.0,-2.86,346.0,460.0,367.4
GBBL,4/1/2013,170.0,169.0,169.0,169.0,-0.59,920.0,460.0,367.4
GBBL,4/2/2013,169.0,170.0,170.0,170.0,0.59,10.0,460.0,367.4
GBBL,4/8/2013,170.0,167.0,161.0,161.0,-5.29,579.0,460.0,367.4
GBBL,4/9/2013,161.0,164.0,155.0,164.0,1.86,343.0,460.0,367.4
GBBL,4/11/2013,164.0,167.0,164.0,165.0,0.61,480.0,460.0,367.4
GBBL,4/15/2013,165.0,165.0,162.0,162.0,-1.82,440.0,460.0,367.4
GBBL,4/16/2013,162.0,159.0,155.0,156.0,-3.7,449.0,460.0,367.4
GBBL,4/17/2013,156.0,156.0,155.0,155.0,-0.64,282.0,460.0,367.4
GBBL,4/22/2013,155.0,158.0,158.0,158.0,1.94,20.0,460.0,367.4
GBBL,4/23/2013,158.0,155.0,153.0,153.0,-3.16,88.0,460.0,367.4
GBBL,4/25/2013,153.0,151.0,150.0,151.0,-1.31,814.0,460.0,367.4
GBBL,4/28/2013,151.0,151.0,151.0,151.0,0.0,737.0,460.0,367.4
GBBL,4/29/2013,151.0,151.0,150.0,151.0,0.0,1376.0,460.0,367.4
GBBL,4/30/2013,151.0,154.0,151.0,152.0,0.66,797.0,460.0,367.4
GBBL,5/5/2013,152.0,149.0,145.0,147.0,-3.29,188.0,460.0,367.4
GBBL,5/6/2013,147.0,149.0,147.0,147.0,0.0,900.0,460.0,367.4
GBBL,5/7/2013,147.0,149.0,141.0,141.0,-4.08,410.0,460.0,367.4
GBBL,5/8/2013,141.0,145.0,141.0,145.0,2.84,248.0,460.0,367.4
GBBL,5/9/2013,145.0,147.0,143.0,147.0,1.38,212.0,460.0,367.4
GBBL,5/12/2013,147.0,150.0,147.0,150.0,2.04,388.0,460.0,367.4
GBBL,5/13/2013,150.0,150.0,148.0,148.0,-1.33,549.0,460.0,367.4
GBBL,5/14/2013,148.0,151.0,150.0,150.0,1.35,575.0,460.0,367.4
GBBL,5/15/2013,150.0,153.0,150.0,153.0,2.0,110.0,460.0,367.4
GBBL,5/19/2013,153.0,156.0,155.0,156.0,1.96,127.0,460.0,367.4
GBBL,5/20/2013,156.0,162.0,159.0,162.0,3.85,198.0,460.0,367.4
GBBL,5/22/2013,162.0,167.0,164.0,167.0,3.09,176.0,460.0,367.4
GBBL,5/23/2013,167.0,167.0,165.0,165.0,-1.2,844.0,460.0,367.4
GBBL,5/26/2013,165.0,174.0,167.0,173.0,4.85,495.0,460.0,367.4
GBBL,5/27/2013,173.0,170.0,167.0,167.0,-3.47,253.0,460.0,367.4
GBBL,5/28/2013,167.0,173.0,164.0,173.0,3.59,837.0,460.0,367.4
GBBL,5/30/2013,173.0,175.0,172.0,175.0,1.16,2182.0,460.0,367.4
GBBL,6/2/2013,175.0,172.0,167.0,167.0,-4.57,307.0,460.0,367.4
GBBL,6/3/2013,167.0,171.0,167.0,171.0,2.4,354.0,460.0,367.4
GBBL,6/4/2013,171.0,169.0,168.0,168.0,-1.75,172.0,460.0,367.4
GBBL,6/5/2013,168.0,171.0,168.0,170.0,1.19,612.0,460.0,367.4
GBBL,6/6/2013,170.0,172.0,170.0,172.0,1.18,1122.0,460.0,367.4
GBBL,6/9/2013,172.0,173.0,169.0,173.0,0.58,572.0,460.0,367.4
GBBL,6/10/2013,173.0,172.0,170.0,170.0,-1.73,1142.0,460.0,367.4
GBBL,6/11/2013,170.0,173.0,170.0,170.0,0.0,1451.0,460.0,367.4
GBBL,6/12/2013,170.0,172.0,170.0,171.0,0.59,633.0,460.0,367.4
GBBL,6/13/2013,171.0,172.0,171.0,171.0,0.0,594.0,460.0,367.4
GBBL,6/16/2013,171.0,175.0,170.0,175.0,2.34,1970.0,460.0,367.4
GBBL,6/17/2013,175.0,177.0,170.0,170.0,-2.86,468.0,460.0,367.4
GBBL,6/18/2013,170.0,176.0,172.0,172.0,1.18,1096.0,460.0,367.4
GBBL,6/19/2013,172.0,175.0,172.0,172.0,0.0,1796.0,460.0,367.4
GBBL,6/20/2013,172.0,174.0,170.0,170.0,-1.16,2264.0,460.0,367.4
GBBL,6/23/2013,170.0,170.0,170.0,170.0,0.0,40.0,460.0,367.4
GBBL,6/26/2013,170.0,167.0,160.0,161.0,-5.29,892.0,460.0,367.4
GBBL,6/27/2013,161.0,162.0,160.0,161.0,0.0,1144.0,460.0,367.4
GBBL,6/30/2013,161.0,161.0,155.0,156.0,-3.11,2063.0,460.0,367.4
GBBL,7/1/2013,156.0,156.0,155.0,155.0,-0.64,319.0,460.0,367.4
GBBL,7/2/2013,155.0,155.0,154.0,154.0,-0.65,531.0,460.0,367.4
GBBL,7/3/2013,154.0,155.0,154.0,154.0,0.0,88.0,460.0,367.4
GBBL,7/4/2013,154.0,156.0,154.0,156.0,1.3,291.0,460.0,367.4
GBBL,7/7/2013,156.0,153.0,153.0,153.0,-1.92,440.0,460.0,367.4
GBBL,7/8/2013,153.0,156.0,156.0,156.0,1.96,50.0,460.0,367.4
GBBL,7/9/2013,156.0,155.0,154.0,155.0,-0.64,187.0,460.0,367.4
GBBL,7/10/2013,155.0,158.0,156.0,158.0,1.94,182.0,460.0,367.4
GBBL,7/11/2013,158.0,156.0,156.0,156.0,-1.27,132.0,460.0,367.4
GBBL,7/14/2013,156.0,159.0,156.0,156.0,0.0,66.0,460.0,367.4
GBBL,7/15/2013,156.0,157.0,155.0,155.0,-0.64,36.0,460.0,367.4
GBBL,7/16/2013,155.0,152.0,152.0,152.0,-1.94,66.0,460.0,367.4
GBBL,7/17/2013,152.0,150.0,150.0,150.0,-1.32,30.0,460.0,367.4
GBBL,7/18/2013,150.0,159.0,153.0,159.0,6.0,130.0,460.0,367.4
GBBL,7/21/2013,159.0,165.0,162.0,165.0,3.77,194.0,460.0,367.4
GBBL,7/22/2013,165.0,168.0,165.0,168.0,1.82,110.0,460.0,367.4
GBBL,7/23/2013,168.0,171.0,168.0,168.0,0.0,647.0,460.0,367.4
GBBL,7/24/2013,168.0,165.0,165.0,165.0,-1.79,121.0,460.0,367.4
GBBL,7/25/2013,165.0,162.0,162.0,162.0,-1.82,94.0,460.0,367.4
GBBL,7/28/2013,162.0,165.0,160.0,165.0,1.85,354.0,460.0,367.4
GBBL,7/29/2013,165.0,166.0,160.0,164.0,-0.61,495.0,460.0,367.4
GBBL,7/30/2013,164.0,167.0,164.0,166.0,1.22,2306.0,460.0,367.4
GBBL,7/31/2013,166.0,166.0,162.0,162.0,-2.41,176.0,460.0,367.4
GBBL,8/1/2013,162.0,163.0,160.0,160.0,-1.23,583.0,460.0,367.4
GBBL,8/4/2013,160.0,171.0,163.0,171.0,6.88,404.0,460.0,367.4
GBBL,8/5/2013,171.0,169.0,168.0,168.0,-1.75,132.0,460.0,367.4
GBBL,8/6/2013,168.0,171.0,168.0,169.0,0.6,439.0,460.0,367.4
GBBL,8/7/2013,169.0,166.0,164.0,165.0,-2.37,143.0,460.0,367.4
GBBL,8/8/2013,165.0,168.0,155.0,168.0,1.82,483.0,460.0,367.4
GBBL,8/11/2013,168.0,165.0,162.0,162.0,-3.57,173.0,460.0,367.4
GBBL,8/12/2013,162.0,167.0,165.0,167.0,3.09,1514.0,460.0,367.4
GBBL,8/13/2013,167.0,170.0,165.0,165.0,-1.2,1218.0,460.0,367.4
GBBL,8/18/2013,165.0,168.0,163.0,166.0,0.61,836.0,460.0,367.4
GBBL,8/19/2013,166.0,182.0,163.0,182.0,9.64,2670.0,460.0,367.4
GBBL,8/20/2013,182.0,200.0,180.0,200.0,9.89,3475.0,460.0,367.4
GBBL,8/25/2013,200.0,208.0,199.0,205.0,2.5,3669.0,460.0,367.4
GBBL,8/26/2013,205.0,205.0,199.0,200.0,-2.44,3859.0,460.0,367.4
GBBL,8/27/2013,200.0,205.0,201.0,201.0,0.5,2170.0,460.0,367.4
GBBL,8/29/2013,201.0,205.0,197.0,204.0,1.49,5342.0,460.0,367.4
GBBL,9/1/2013,204.0,206.0,200.0,201.0,-1.47,1892.0,460.0,367.4
GBBL,9/3/2013,201.0,200.0,195.0,200.0,-0.5,914.0,460.0,367.4
GBBL,9/4/2013,200.0,199.0,195.0,199.0,-0.5,892.0,460.0,367.4
GBBL,9/5/2013,199.0,197.0,196.0,196.0,-1.51,788.0,460.0,367.4
GBBL,9/8/2013,196.0,199.0,197.0,197.0,0.51,300.0,460.0,367.4
GBBL,9/9/2013,197.0,203.0,196.0,199.0,1.02,1298.0,460.0,367.4
GBBL,9/10/2013,199.0,218.0,202.0,213.0,7.04,4934.0,460.0,367.4
GBBL,9/11/2013,213.0,215.0,212.0,215.0,0.94,2182.0,460.0,367.4
GBBL,9/12/2013,215.0,223.0,216.0,223.0,3.72,2463.0,460.0,367.4
GBBL,9/15/2013,223.0,228.0,218.0,225.0,0.9,5938.0,460.0,367.4
GBBL,9/16/2013,225.0,227.0,222.0,226.0,0.44,2488.0,460.0,367.4
GBBL,9/17/2013,226.0,226.0,219.0,222.0,-1.77,3136.0,460.0,367.4
GBBL,9/22/2013,160.0,163.0,163.0,163.0,-26.58,209.0,460.0,367.4
GBBL,10/7/2013,163.0,160.0,157.0,157.0,-3.68,40.0,460.0,367.4
GBBL,10/8/2013,157.0,155.0,153.0,153.0,-2.55,897.0,460.0,367.4
GBBL,10/9/2013,153.0,150.0,150.0,150.0,-1.96,12.0,460.0,367.4
GBBL,10/10/2013,150.0,150.0,150.0,150.0,0.0,77.0,460.0,367.4
GBBL,10/20/2013,150.0,150.0,150.0,150.0,0.0,80.0,460.0,367.4
GBBL,10/21/2013,150.0,150.0,150.0,150.0,0.0,55.0,460.0,367.4
GBBL,10/22/2013,150.0,155.0,153.0,155.0,3.33,86.0,460.0,367.4
GBBL,10/23/2013,155.0,158.0,155.0,156.0,0.65,407.0,460.0,367.4
GBBL,10/24/2013,156.0,159.0,159.0,159.0,1.92,132.0,460.0,367.4
GBBL,10/27/2013,159.0,156.0,156.0,156.0,-1.89,66.0,460.0,367.4
GBBL,10/29/2013,156.0,166.0,157.0,166.0,6.41,214.0,460.0,367.4
GBBL,10/30/2013,166.0,178.0,169.0,178.0,7.23,172.0,460.0,367.4
GBBL,10/31/2013,178.0,183.0,177.0,177.0,-0.56,2136.0,460.0,367.4
GBBL,11/7/2013,177.0,175.0,175.0,175.0,-1.13,447.0,460.0,367.4
GBBL,11/12/2013,175.0,184.0,178.0,184.0,5.14,1077.0,460.0,367.4
GBBL,11/13/2013,181.0,193.0,187.0,193.0,4.89,348.0,460.0,367.4
GBBL,11/14/2013,193.0,196.0,196.0,196.0,1.55,100.0,460.0,367.4
GBBL,11/24/2013,196.0,206.0,199.0,199.0,1.53,612.0,460.0,367.4
GBBL,11/25/2013,199.0,202.0,202.0,202.0,1.51,639.0,460.0,367.4
GBBL,11/26/2013,202.0,200.0,200.0,200.0,-0.99,537.0,460.0,367.4
GBBL,11/27/2013,200.0,204.0,196.0,196.0,-2.0,672.0,460.0,367.4
GBBL,11/28/2013,196.0,200.0,194.0,200.0,2.04,749.0,460.0,367.4
GBBL,12/1/2013,200.0,200.0,199.0,200.0,0.0,77.0,460.0,367.4
GBBL,12/2/2013,200.0,203.0,203.0,203.0,1.5,66.0,460.0,367.4
GBBL,12/3/2013,203.0,223.0,207.0,223.0,9.85,1179.0,460.0,367.4
GBBL,12/4/2013,223.0,231.0,227.0,231.0,3.59,20.0,460.0,367.4
GBBL,12/5/2013,231.0,254.0,235.0,254.0,9.96,1250.0,460.0,367.4
GBBL,12/8/2013,254.0,265.0,254.0,265.0,4.33,4860.0,460.0,367.4
GBBL,12/9/2013,265.0,276.0,260.0,275.0,3.77,545.0,460.0,367.4
GBBL,12/11/2013,275.0,270.0,260.0,260.0,-5.45,764.0,460.0,367.4
GBBL,12/12/2013,260.0,265.0,260.0,260.0,0.0,508.0,460.0,367.4
GBBL,12/15/2013,260.0,262.0,255.0,262.0,0.77,253.0,460.0,367.4
GBBL,12/16/2013,262.0,267.0,266.0,267.0,1.91,722.0,460.0,367.4
GBBL,12/18/2013,267.0,277.0,272.0,277.0,3.75,615.0,460.0,367.4
GBBL,12/19/2013,277.0,272.0,267.0,270.0,-2.53,88.0,460.0,367.4
GBBL,12/22/2013,270.0,265.0,257.0,257.0,-4.81,1487.0,460.0,367.4
GBBL,12/23/2013,257.0,252.0,247.0,247.0,-3.89,273.0,460.0,367.4
GBBL,12/24/2013,247.0,251.0,245.0,251.0,1.62,576.0,460.0,367.4
GBBL,12/26/2013,251.0,256.0,256.0,256.0,1.99,209.0,460.0,367.4
GBBL,12/29/2013,256.0,254.0,245.0,250.0,-2.34,329.0,460.0,367.4
GBBL,12/31/2013,250.0,249.0,245.0,249.0,-0.4,325.0,460.0,367.4
GBBL,1/1/2014,249.0,245.0,241.0,242.0,-2.81,277.0,460.0,367.4
GBBL,1/2/2014,242.0,240.0,238.0,240.0,-0.83,526.0,460.0,367.4
GBBL,1/5/2014,240.0,236.0,228.0,228.0,-5.0,720.0,460.0,367.4
GBBL,1/6/2014,228.0,226.0,220.0,220.0,-3.51,283.0,460.0,367.4
GBBL,1/7/2014,220.0,242.0,224.0,242.0,10.0,879.0,460.0,367.4
GBBL,1/8/2014,242.0,266.0,246.0,266.0,9.92,3899.0,460.0,367.4
GBBL,1/9/2014,266.0,275.0,251.0,256.0,-3.76,2861.0,460.0,367.4
GBBL,1/12/2014,256.0,251.0,246.0,250.0,-2.34,360.0,460.0,367.4
GBBL,1/13/2014,250.0,275.0,255.0,274.0,9.6,6544.0,460.0,367.4
GBBL,1/14/2014,274.0,295.0,279.0,290.0,5.84,4205.0,460.0,367.4
GBBL,1/16/2014,290.0,313.0,295.0,298.0,2.76,4395.0,460.0,367.4
GBBL,1/19/2014,298.0,301.0,290.0,301.0,1.01,562.0,460.0,367.4
GBBL,1/20/2014,301.0,316.0,302.0,308.0,2.33,4813.0,460.0,367.4
GBBL,1/21/2014,308.0,327.0,305.0,310.0,0.65,4087.0,460.0,367.4
GBBL,1/22/2014,310.0,321.0,300.0,300.0,-3.23,7110.0,460.0,367.4
GBBL,1/23/2014,300.0,304.0,295.0,295.0,-1.67,4123.0,460.0,367.4
GBBL,1/26/2014,295.0,295.0,285.0,295.0,0.0,807.0,460.0,367.4
GBBL,1/27/2014,295.0,298.0,293.0,293.0,-0.68,760.0,460.0,367.4
GBBL,1/28/2014,293.0,303.0,280.0,303.0,3.41,1288.0,460.0,367.4
GBBL,1/29/2014,303.0,306.0,297.0,300.0,-0.99,3473.0,460.0,367.4
GBBL,2/2/2014,300.0,298.0,290.0,290.0,-3.33,515.0,460.0,367.4
GBBL,2/3/2014,290.0,300.0,289.0,289.0,-0.34,491.0,460.0,367.4
GBBL,2/4/2014,289.0,290.0,280.0,285.0,-1.38,1288.0,460.0,367.4
GBBL,2/6/2014,295.0,296.0,285.0,290.0,1.75,2102.0,460.0,367.4
GBBL,2/9/2014,290.0,297.0,285.0,297.0,2.41,1198.0,460.0,367.4
GBBL,2/10/2014,297.0,308.0,295.0,295.0,-0.67,3955.0,460.0,367.4
GBBL,2/11/2014,295.0,290.0,280.0,280.0,-5.08,1674.0,460.0,367.4
GBBL,2/12/2014,280.0,285.0,275.0,277.0,-1.07,5811.0,460.0,367.4
GBBL,2/13/2014,277.0,286.0,275.0,280.0,1.08,10950.0,460.0,367.4
GBBL,2/16/2014,280.0,290.0,275.0,280.0,0.0,822.0,460.0,367.4
GBBL,2/17/2014,280.0,280.0,275.0,280.0,0.0,480.0,460.0,367.4
GBBL,2/18/2014,280.0,280.0,270.0,278.0,-0.71,1072.0,460.0,367.4
GBBL,2/20/2014,278.0,288.0,275.0,288.0,3.6,430.0,460.0,367.4
GBBL,2/23/2014,288.0,290.0,275.0,275.0,-4.51,1055.0,460.0,367.4
GBBL,2/24/2014,275.0,285.0,275.0,285.0,3.64,1687.0,460.0,367.4
GBBL,2/25/2014,285.0,284.0,268.0,283.0,-0.7,2661.0,460.0,367.4
GBBL,2/26/2014,283.0,290.0,280.0,285.0,0.71,6804.0,460.0,367.4
GBBL,3/3/2014,285.0,285.0,280.0,282.0,-1.05,1237.0,460.0,367.4
GBBL,3/4/2014,282.0,277.0,262.0,267.0,-5.32,10328.0,460.0,367.4
GBBL,3/5/2014,267.0,293.0,269.0,285.0,6.74,5859.0,460.0,367.4
GBBL,3/6/2014,285.0,285.0,280.0,280.0,-1.75,1705.0,460.0,367.4
GBBL,3/9/2014,280.0,275.0,260.0,261.0,-6.79,537.0,460.0,367.4
GBBL,3/10/2014,261.0,266.0,260.0,266.0,1.92,471.0,460.0,367.4
GBBL,3/11/2014,266.0,280.0,270.0,270.0,1.5,10265.0,460.0,367.4
GBBL,3/12/2014,270.0,266.0,252.0,260.0,-3.7,27975.0,460.0,367.4
GBBL,3/13/2014,260.0,275.0,260.0,270.0,3.85,3202.0,460.0,367.4
GBBL,3/17/2014,270.0,265.0,255.0,255.0,-5.56,1865.0,460.0,367.4
GBBL,3/18/2014,255.0,255.0,245.0,255.0,0.0,7374.0,460.0,367.4
GBBL,3/19/2014,255.0,260.0,250.0,255.0,0.0,3717.0,460.0,367.4
GBBL,3/20/2014,255.0,265.0,247.0,257.0,0.78,5474.0,460.0,367.4
GBBL,3/23/2014,257.0,265.0,252.0,263.0,2.33,22794.0,460.0,367.4
GBBL,3/24/2014,263.0,264.0,255.0,260.0,-1.14,8394.0,460.0,367.4
GBBL,3/25/2014,260.0,263.0,256.0,256.0,-1.54,4786.0,460.0,367.4
GBBL,3/26/2014,256.0,258.0,252.0,257.0,0.39,650.0,460.0,367.4
GBBL,3/27/2014,257.0,260.0,252.0,257.0,0.0,1358.0,460.0,367.4
GBBL,3/31/2014,257.0,257.0,251.0,255.0,-0.78,1690.0,460.0,367.4
GBBL,4/1/2014,255.0,263.0,254.0,258.0,1.18,3612.0,460.0,367.4
GBBL,4/2/2014,258.0,263.0,256.0,260.0,0.78,7420.0,460.0,367.4
GBBL,4/3/2014,260.0,261.0,255.0,259.0,-0.38,7076.0,460.0,367.4
GBBL,4/6/2014,259.0,254.0,245.0,251.0,-3.09,753.0,460.0,367.4
GBBL,4/7/2014,251.0,255.0,247.0,250.0,-0.4,3693.0,460.0,367.4
GBBL,4/9/2014,250.0,257.0,249.0,257.0,2.8,8568.0,460.0,367.4
GBBL,4/10/2014,257.0,270.0,255.0,268.0,4.28,8422.0,460.0,367.4
GBBL,4/13/2014,268.0,268.0,262.0,262.0,-2.24,1349.0,460.0,367.4
GBBL,4/15/2014,262.0,265.0,248.0,252.0,-3.82,1279.0,460.0,367.4
GBBL,4/16/2014,252.0,257.0,255.0,257.0,1.98,1467.0,460.0,367.4
GBBL,4/17/2014,257.0,260.0,253.0,257.0,0.0,3498.0,460.0,367.4
GBBL,4/20/2014,257.0,265.0,257.0,257.0,0.0,6624.0,460.0,367.4
GBBL,4/21/2014,257.0,262.0,255.0,256.0,-0.39,3271.0,460.0,367.4
GBBL,4/22/2014,256.0,270.0,254.0,265.0,3.52,7674.0,460.0,367.4
GBBL,4/23/2014,265.0,267.0,260.0,263.0,-0.75,4164.0,460.0,367.4
GBBL,4/27/2014,263.0,265.0,255.0,255.0,-3.04,1226.0,460.0,367.4
GBBL,4/28/2014,255.0,270.0,256.0,270.0,5.88,8242.0,460.0,367.4
GBBL,4/29/2014,270.0,270.0,260.0,260.0,-3.7,2605.0,460.0,367.4
GBBL,4/30/2014,260.0,275.0,261.0,270.0,3.85,5021.0,460.0,367.4
GBBL,5/4/2014,270.0,270.0,256.0,265.0,-1.85,5204.0,460.0,367.4
GBBL,5/5/2014,265.0,280.0,267.0,272.0,2.64,6379.0,460.0,367.4
GBBL,5/6/2014,272.0,297.0,275.0,293.0,7.72,20484.0,460.0,367.4
GBBL,5/7/2014,293.0,310.0,286.0,291.0,-0.68,22128.0,460.0,367.4
GBBL,5/8/2014,291.0,293.0,280.0,280.0,-3.78,7940.0,460.0,367.4
GBBL,5/11/2014,280.0,285.0,275.0,282.0,0.71,1107.0,460.0,367.4
GBBL,5/12/2014,282.0,295.0,275.0,291.0,3.19,7572.0,460.0,367.4
GBBL,5/13/2014,291.0,291.0,281.0,281.0,-3.44,414.0,460.0,367.4
GBBL,5/15/2014,281.0,288.0,278.0,288.0,2.49,11814.0,460.0,367.4
GBBL,5/18/2014,288.0,288.0,280.0,285.0,-1.04,4359.0,460.0,367.4
GBBL,5/19/2014,285.0,285.0,280.0,285.0,0.0,902.0,460.0,367.4
GBBL,5/20/2014,285.0,290.0,285.0,289.0,1.4,961.0,460.0,367.4
GBBL,5/21/2014,289.0,293.0,284.0,288.0,-0.35,14051.0,460.0,367.4
GBBL,5/22/2014,288.0,293.0,283.0,290.0,0.69,6931.0,460.0,367.4
GBBL,5/25/2014,290.0,298.0,290.0,292.0,0.69,2559.0,460.0,367.4
GBBL,5/26/2014,292.0,305.0,290.0,305.0,4.45,22048.0,460.0,367.4
GBBL,5/27/2014,305.0,304.0,295.0,300.0,-1.64,7147.0,460.0,367.4
GBBL,5/28/2014,300.0,297.0,294.0,294.0,-2.0,1111.0,460.0,367.4
GBBL,6/1/2014,294.0,295.0,286.0,295.0,0.34,1648.0,460.0,367.4
GBBL,6/2/2014,295.0,304.0,290.0,297.0,0.68,6101.0,460.0,367.4
GBBL,6/3/2014,297.0,300.0,290.0,292.0,-1.68,1087.0,460.0,367.4
GBBL,6/4/2014,292.0,297.0,287.0,294.0,0.68,1297.0,460.0,367.4
GBBL,6/5/2014,294.0,295.0,290.0,295.0,0.34,3478.0,460.0,367.4
GBBL,6/8/2014,295.0,300.0,295.0,299.0,1.36,1813.0,460.0,367.4
GBBL,6/9/2014,299.0,300.0,291.0,296.0,-1.0,3681.0,460.0,367.4
GBBL,6/10/2014,296.0,298.0,291.0,298.0,0.68,4384.0,460.0,367.4
GBBL,6/11/2014,298.0,300.0,293.0,298.0,0.0,5842.0,460.0,367.4
GBBL,6/12/2014,298.0,301.0,290.0,301.0,1.01,3942.0,460.0,367.4
GBBL,6/15/2014,301.0,306.0,301.0,302.0,0.33,5132.0,460.0,367.4
GBBL,6/16/2014,302.0,311.0,296.0,300.0,-0.66,5479.0,460.0,367.4
GBBL,6/17/2014,300.0,307.0,297.0,305.0,1.67,10256.0,460.0,367.4
GBBL,6/18/2014,305.0,308.0,295.0,300.0,-1.64,22154.0,460.0,367.4
GBBL,6/19/2014,300.0,304.0,295.0,302.0,0.67,7265.0,460.0,367.4
GBBL,6/23/2014,302.0,300.0,294.0,300.0,-0.66,6983.0,460.0,367.4
GBBL,6/24/2014,300.0,299.0,289.0,293.0,-2.33,5170.0,460.0,367.4
GBBL,6/25/2014,293.0,302.0,295.0,295.0,0.68,5128.0,460.0,367.4
GBBL,6/26/2014,295.0,300.0,294.0,300.0,1.69,1802.0,460.0,367.4
GBBL,6/29/2014,300.0,300.0,292.0,294.0,-2.0,2990.0,460.0,367.4
GBBL,6/30/2014,294.0,295.0,290.0,292.0,-0.68,613.0,460.0,367.4
GBBL,7/1/2014,292.0,300.0,294.0,300.0,2.74,3700.0,460.0,367.4
GBBL,7/2/2014,300.0,300.0,295.0,295.0,-1.67,5454.0,460.0,367.4
GBBL,7/3/2014,295.0,312.0,295.0,302.0,2.37,9736.0,460.0,367.4
GBBL,7/6/2014,302.0,319.0,291.0,319.0,5.63,16902.0,460.0,367.4
GBBL,7/7/2014,319.0,328.0,315.0,326.0,2.19,8247.0,460.0,367.4
GBBL,7/8/2014,326.0,355.0,325.0,354.0,8.59,11580.0,460.0,367.4
GBBL,7/9/2014,354.0,361.0,350.0,357.0,0.85,6168.0,460.0,367.4
GBBL,7/10/2014,357.0,355.0,347.0,350.0,-1.96,1994.0,460.0,367.4
GBBL,7/13/2014,350.0,357.0,332.0,332.0,-5.14,3192.0,460.0,367.4
GBBL,7/14/2014,332.0,344.0,333.0,340.0,2.41,5548.0,460.0,367.4
GBBL,7/15/2014,340.0,341.0,320.0,332.0,-2.35,1940.0,460.0,367.4
GBBL,7/16/2014,332.0,348.0,330.0,345.0,3.92,6709.0,460.0,367.4
GBBL,7/17/2014,345.0,347.0,337.0,347.0,0.58,16217.0,460.0,367.4
GBBL,7/20/2014,347.0,381.0,350.0,381.0,9.8,18869.0,460.0,367.4
GBBL,7/21/2014,381.0,419.0,388.0,415.0,8.92,11011.0,460.0,367.4
GBBL,7/22/2014,415.0,420.0,392.0,408.0,-1.69,10961.0,460.0,367.4
GBBL,7/23/2014,408.0,416.0,391.0,410.0,0.49,8052.0,460.0,367.4
GBBL,7/24/2014,410.0,415.0,405.0,410.0,0.0,6283.0,460.0,367.4
GBBL,7/27/2014,410.0,418.0,404.0,412.0,0.49,5794.0,460.0,367.4
GBBL,7/28/2014,412.0,418.0,408.0,416.0,0.97,1957.0,460.0,367.4
GBBL,7/30/2014,416.0,440.0,408.0,420.0,0.96,9134.0,460.0,367.4
GBBL,7/31/2014,420.0,430.0,420.0,428.0,1.9,4555.0,460.0,367.4
GBBL,8/3/2014,428.0,425.0,412.0,415.0,-3.04,4731.0,460.0,367.4
GBBL,8/4/2014,415.0,410.0,400.0,400.0,-3.61,5003.0,460.0,367.4
GBBL,8/5/2014,400.0,424.0,406.0,406.0,1.5,9503.0,460.0,367.4
GBBL,8/6/2014,406.0,414.0,403.0,403.0,-0.74,1771.0,460.0,367.4
GBBL,8/7/2014,403.0,400.0,389.0,399.0,-0.99,4482.0,460.0,367.4
GBBL,8/12/2014,399.0,392.0,385.0,386.0,-3.26,1858.0,460.0,367.4
GBBL,8/13/2014,386.0,397.0,373.0,397.0,2.85,4224.0,460.0,367.4
GBBL,8/14/2014,397.0,398.0,376.0,391.0,-1.51,1364.0,460.0,367.4
GBBL,8/18/2014,391.0,396.0,390.0,390.0,-0.26,1272.0,460.0,367.4
GBBL,8/19/2014,390.0,399.0,385.0,387.0,-0.77,4326.0,460.0,367.4
GBBL,8/20/2014,387.0,412.0,394.0,402.0,3.88,8143.0,460.0,367.4
GBBL,8/21/2014,402.0,425.0,392.0,425.0,5.72,6140.0,460.0,367.4
GBBL,8/24/2014,425.0,418.0,390.0,397.0,-6.59,6214.0,460.0,367.4
GBBL,8/25/2014,397.0,404.0,371.0,380.0,-4.28,10326.0,460.0,367.4
GBBL,8/26/2014,380.0,397.0,378.0,385.0,1.32,4777.0,460.0,367.4
GBBL,8/27/2014,385.0,414.0,390.0,390.0,1.3,3954.0,460.0,367.4
GBBL,8/28/2014,390.0,402.0,392.0,394.0,1.03,3159.0,460.0,367.4
GBBL,8/31/2014,394.0,400.0,372.0,372.0,-5.58,8245.0,460.0,367.4
GBBL,9/1/2014,372.0,370.0,360.0,366.0,-1.61,2900.0,460.0,367.4
GBBL,9/3/2014,366.0,387.0,370.0,370.0,1.09,3086.0,460.0,367.4
GBBL,9/4/2014,370.0,370.0,360.0,364.0,-1.62,673.0,460.0,367.4
GBBL,9/7/2014,364.0,361.0,340.0,345.0,-5.22,3242.0,460.0,367.4
GBBL,9/9/2014,345.0,377.0,345.0,377.0,9.28,3423.0,460.0,367.4
GBBL,9/10/2014,377.0,391.0,359.0,366.0,-2.92,6169.0,460.0,367.4
GBBL,9/11/2014,366.0,373.0,353.0,372.0,1.64,9396.0,460.0,367.4
GBBL,9/14/2014,372.0,370.0,355.0,360.0,-3.23,4645.0,460.0,367.4
GBBL,9/15/2014,360.0,381.0,360.0,365.0,1.39,4709.0,460.0,367.4
GBBL,9/16/2014,365.0,377.0,358.0,371.0,1.64,1158.0,460.0,367.4
GBBL,9/17/2014,371.0,379.0,365.0,370.0,-0.27,3292.0,460.0,367.4
GBBL,9/18/2014,370.0,368.0,355.0,362.0,-2.16,3238.0,460.0,367.4
GBBL,9/21/2014,362.0,355.0,343.0,350.0,-3.31,1677.0,460.0,367.4
GBBL,9/22/2014,350.0,355.0,347.0,350.0,0.0,2261.0,460.0,367.4
GBBL,9/23/2014,350.0,363.0,350.0,360.0,2.86,564.0,460.0,367.4
GBBL,9/24/2014,360.0,365.0,355.0,355.0,-1.39,779.0,460.0,367.4
GBBL,9/28/2014,355.0,369.0,350.0,369.0,3.94,400.0,460.0,367.4
GBBL,9/29/2014,369.0,376.0,368.0,376.0,1.9,274.0,460.0,367.4
GBBL,9/30/2014,376.0,378.0,356.0,375.0,-0.27,1570.0,460.0,367.4
GBBL,10/8/2014,375.0,370.0,368.0,368.0,-1.87,63.0,460.0,367.4
GBBL,10/9/2014,368.0,370.0,357.0,365.0,-0.82,842.0,460.0,367.4
GBBL,10/12/2014,365.0,372.0,354.0,360.0,-1.37,3072.0,460.0,367.4
GBBL,10/13/2014,360.0,367.0,357.0,367.0,1.94,840.0,460.0,367.4
GBBL,10/14/2014,367.0,361.0,361.0,361.0,-1.63,134.0,460.0,367.4
GBBL,10/15/2014,361.0,367.0,355.0,367.0,1.66,1091.0,460.0,367.4
GBBL,10/16/2014,367.0,380.0,360.0,370.0,0.82,5796.0,460.0,367.4
GBBL,10/19/2014,370.0,370.0,356.0,370.0,0.0,10262.0,460.0,367.4
GBBL,10/20/2014,370.0,375.0,360.0,360.0,-2.7,423.0,460.0,367.4
GBBL,10/21/2014,360.0,373.0,355.0,366.0,1.67,3383.0,460.0,367.4
GBBL,10/22/2014,366.0,374.0,366.0,374.0,2.19,1054.0,460.0,367.4
GBBL,10/26/2014,374.0,380.0,366.0,366.0,-2.14,527.0,460.0,367.4
GBBL,10/27/2014,366.0,382.0,370.0,370.0,1.09,1941.0,460.0,367.4
GBBL,10/28/2014,370.0,375.0,356.0,368.0,-0.54,3157.0,460.0,367.4
GBBL,10/30/2014,368.0,370.0,365.0,368.0,0.0,4664.0,460.0,367.4
GBBL,11/2/2014,368.0,371.0,365.0,368.0,0.0,1479.0,460.0,367.4
GBBL,11/3/2014,368.0,379.0,361.0,369.0,0.27,3696.0,460.0,367.4
GBBL,11/4/2014,369.0,377.0,369.0,372.0,0.81,20515.0,460.0,367.4
GBBL,11/5/2014,372.0,390.0,372.0,387.0,4.03,10289.0,460.0,367.4
GBBL,11/6/2014,387.0,399.0,385.0,390.0,0.78,10652.0,460.0,367.4
GBBL,11/9/2014,390.0,393.0,380.0,383.0,-1.79,8591.0,460.0,367.4
GBBL,11/10/2014,383.0,387.0,365.0,375.0,-2.09,14151.0,460.0,367.4
GBBL,11/11/2014,313.0,319.0,318.0,319.0,-14.93,330.0,460.0,367.4
GBBL,11/18/2014,319.0,313.0,307.0,313.0,-1.88,132.0,460.0,367.4
GBBL,11/19/2014,313.0,313.0,313.0,313.0,0.0,74.0,460.0,367.4
GBBL,11/20/2014,313.0,310.0,299.0,299.0,-4.47,296.0,460.0,367.4
GBBL,11/23/2014,299.0,295.0,295.0,295.0,-1.34,26.0,460.0,367.4
GBBL,11/24/2014,295.0,295.0,290.0,290.0,-1.69,1688.0,460.0,367.4
GBBL,11/25/2014,290.0,290.0,290.0,290.0,0.0,911.0,460.0,367.4
GBBL,11/30/2014,290.0,295.0,285.0,295.0,1.72,228.0,460.0,367.4
GBBL,12/1/2014,295.0,294.0,289.0,290.0,-1.69,579.0,460.0,367.4
GBBL,12/2/2014,290.0,285.0,285.0,285.0,-1.72,112.0,460.0,367.4
GBBL,12/3/2014,285.0,295.0,285.0,290.0,1.75,982.0,460.0,367.4
GBBL,12/7/2014,290.0,290.0,280.0,280.0,-3.45,1203.0,460.0,367.4
GBBL,12/8/2014,280.0,275.0,275.0,275.0,-1.79,66.0,460.0,367.4
GBBL,12/9/2014,275.0,275.0,270.0,271.0,-1.45,852.0,460.0,367.4
GBBL,12/10/2014,271.0,276.0,275.0,275.0,1.48,144.0,460.0,367.4
GBBL,12/11/2014,275.0,275.0,270.0,270.0,-1.82,598.0,460.0,367.4
GBBL,12/14/2014,270.0,297.0,275.0,297.0,10.0,329.0,460.0,367.4
GBBL,12/15/2014,297.0,314.0,302.0,312.0,5.05,726.0,460.0,367.4
GBBL,12/16/2014,312.0,310.0,310.0,310.0,-0.64,514.0,460.0,367.4
GBBL,12/17/2014,310.0,305.0,300.0,300.0,-3.23,170.0,460.0,367.4
GBBL,12/18/2014,300.0,300.0,295.0,300.0,0.0,561.0,460.0,367.4
GBBL,12/21/2014,300.0,298.0,298.0,298.0,-0.67,70.0,460.0,367.4
GBBL,12/22/2014,298.0,296.0,290.0,291.0,-2.35,782.0,460.0,367.4
GBBL,12/23/2014,291.0,293.0,293.0,293.0,0.69,39.0,460.0,367.4
GBBL,12/24/2014,293.0,288.0,288.0,288.0,-1.71,158.0,460.0,367.4
GBBL,12/28/2014,288.0,295.0,290.0,295.0,2.43,120.0,460.0,367.4
GBBL,12/29/2014,295.0,300.0,295.0,300.0,1.69,544.0,460.0,367.4
GBBL,12/31/2014,300.0,305.0,295.0,305.0,1.67,1062.0,460.0,367.4
GBBL,1/1/2015,305.0,308.0,303.0,308.0,0.98,116.0,460.0,367.4
GBBL,1/4/2015,308.0,314.0,309.0,314.0,1.95,222.0,460.0,367.4
GBBL,1/5/2015,314.0,326.0,320.0,326.0,3.82,1869.0,460.0,367.4
GBBL,1/6/2015,326.0,326.0,318.0,326.0,0.0,639.0,460.0,367.4
GBBL,1/7/2015,326.0,337.0,330.0,331.0,1.53,568.0,460.0,367.4
GBBL,1/8/2015,331.0,342.0,327.0,327.0,-1.21,1964.0,460.0,367.4
GBBL,1/11/2015,327.0,330.0,325.0,325.0,-0.61,5094.0,460.0,367.4
GBBL,1/12/2015,325.0,325.0,311.0,320.0,-1.54,786.0,460.0,367.4
GBBL,1/13/2015,320.0,330.0,322.0,330.0,3.12,376.0,460.0,367.4
GBBL,1/14/2015,330.0,337.0,330.0,332.0,0.61,4855.0,460.0,367.4
GBBL,1/18/2015,332.0,341.0,335.0,340.0,2.41,2638.0,460.0,367.4
GBBL,1/19/2015,340.0,369.0,346.0,368.0,8.24,777.0,460.0,367.4
GBBL,1/20/2015,368.0,364.0,355.0,355.0,-3.53,1384.0,460.0,367.4
GBBL,1/22/2015,355.0,355.0,343.0,343.0,-3.38,877.0,460.0,367.4
GBBL,1/25/2015,343.0,349.0,337.0,340.0,-0.87,6484.0,460.0,367.4
GBBL,1/26/2015,340.0,360.0,346.0,353.0,3.82,1542.0,460.0,367.4
GBBL,1/27/2015,353.0,350.0,346.0,346.0,-1.98,836.0,460.0,367.4
GBBL,1/28/2015,346.0,372.0,340.0,372.0,7.51,7348.0,460.0,367.4
GBBL,1/29/2015,372.0,380.0,362.0,362.0,-2.69,982.0,460.0,367.4
GBBL,2/1/2015,362.0,387.0,366.0,387.0,6.91,2972.0,460.0,367.4
GBBL,2/2/2015,387.0,404.0,390.0,395.0,2.07,3329.0,460.0,367.4
GBBL,2/3/2015,395.0,399.0,393.0,397.0,0.51,3431.0,460.0,367.4
GBBL,2/4/2015,397.0,403.0,390.0,398.0,0.25,3315.0,460.0,367.4
GBBL,2/5/2015,398.0,421.0,399.0,401.0,0.75,8470.0,460.0,367.4
GBBL,2/8/2015,401.0,415.0,405.0,406.0,1.25,5877.0,460.0,367.4
GBBL,2/9/2015,406.0,412.0,406.0,409.0,0.74,4626.0,460.0,367.4
GBBL,2/10/2015,409.0,409.0,392.0,402.0,-1.71,8907.0,460.0,367.4
GBBL,2/11/2015,402.0,403.0,398.0,400.0,-0.5,6385.0,460.0,367.4
GBBL,2/12/2015,340.0,359.0,346.0,352.0,-12.0,1140.0,460.0,367.4
GBBL,2/15/2015,352.0,365.0,357.0,365.0,3.69,1752.0,460.0,367.4
GBBL,2/16/2015,365.0,370.0,360.0,360.0,-1.37,3338.0,460.0,367.4
GBBL,2/18/2015,360.0,361.0,355.0,356.0,-1.11,1026.0,460.0,367.4
GBBL,2/22/2015,356.0,350.0,333.0,333.0,-6.46,718.0,460.0,367.4
GBBL,2/23/2015,333.0,348.0,321.0,348.0,4.5,4191.0,460.0,367.4
GBBL,2/24/2015,348.0,349.0,341.0,341.0,-2.01,1740.0,460.0,367.4
GBBL,2/25/2015,341.0,346.0,336.0,346.0,1.47,3558.0,460.0,367.4
GBBL,2/26/2015,346.0,353.0,341.0,344.0,-0.58,1599.0,460.0,367.4
GBBL,3/1/2015,344.0,345.0,342.0,345.0,0.29,2549.0,460.0,367.4
GBBL,3/2/2015,345.0,348.0,345.0,348.0,0.87,588.0,460.0,367.4
GBBL,3/3/2015,348.0,345.0,343.0,343.0,-1.44,590.0,460.0,367.4
GBBL,3/4/2015,343.0,343.0,331.0,343.0,0.0,610.0,460.0,367.4
GBBL,3/9/2015,343.0,350.0,335.0,344.0,0.29,4944.0,460.0,367.4
GBBL,3/10/2015,344.0,343.0,340.0,340.0,-1.16,1822.0,460.0,367.4
GBBL,3/11/2015,340.0,342.0,335.0,336.0,-1.18,3472.0,460.0,367.4
GBBL,3/12/2015,336.0,342.0,336.0,342.0,1.79,432.0,460.0,367.4
GBBL,3/15/2015,342.0,342.0,333.0,333.0,-2.63,3841.0,460.0,367.4
GBBL,3/16/2015,333.0,330.0,328.0,328.0,-1.5,3239.0,460.0,367.4
GBBL,3/17/2015,328.0,335.0,322.0,332.0,1.22,4387.0,460.0,367.4
GBBL,3/18/2015,332.0,332.0,329.0,330.0,-0.6,1103.0,460.0,367.4
GBBL,3/19/2015,330.0,332.0,326.0,326.0,-1.21,4387.0,460.0,367.4
GBBL,3/22/2015,326.0,332.0,323.0,325.0,-0.31,961.0,460.0,367.4
GBBL,3/23/2015,325.0,322.0,317.0,317.0,-2.46,1500.0,460.0,367.4
GBBL,3/24/2015,317.0,326.0,320.0,325.0,2.52,482.0,460.0,367.4
GBBL,3/25/2015,325.0,322.0,316.0,320.0,-1.54,1212.0,460.0,367.4
GBBL,3/26/2015,320.0,314.0,314.0,314.0,-1.88,74.0,460.0,367.4
GBBL,3/29/2015,314.0,315.0,309.0,315.0,0.32,863.0,460.0,367.4
GBBL,3/30/2015,315.0,312.0,305.0,305.0,-3.17,1012.0,460.0,367.4
GBBL,3/31/2015,305.0,322.0,310.0,322.0,5.57,646.0,460.0,367.4
GBBL,4/1/2015,322.0,322.0,312.0,315.0,-2.17,1382.0,460.0,367.4
GBBL,4/2/2015,315.0,323.0,315.0,318.0,0.95,2283.0,460.0,367.4
GBBL,4/5/2015,318.0,314.0,311.0,311.0,-2.2,347.0,460.0,367.4
GBBL,4/6/2015,311.0,315.0,311.0,315.0,1.29,347.0,460.0,367.4
GBBL,4/7/2015,315.0,312.0,308.0,308.0,-2.22,1876.0,460.0,367.4
GBBL,4/8/2015,308.0,320.0,314.0,320.0,3.9,610.0,460.0,367.4
GBBL,4/9/2015,320.0,331.0,325.0,325.0,1.56,757.0,460.0,367.4
GBBL,4/12/2015,325.0,331.0,325.0,328.0,0.92,582.0,460.0,367.4
GBBL,4/13/2015,328.0,331.0,325.0,326.0,-0.61,554.0,460.0,367.4
GBBL,4/15/2015,326.0,325.0,320.0,320.0,-1.84,558.0,460.0,367.4
GBBL,4/16/2015,320.0,320.0,318.0,318.0,-0.62,900.0,460.0,367.4
GBBL,4/19/2015,318.0,325.0,319.0,320.0,0.63,915.0,460.0,367.4
GBBL,4/20/2015,320.0,324.0,320.0,320.0,0.0,935.0,460.0,367.4
GBBL,4/21/2015,320.0,321.0,317.0,321.0,0.31,2430.0,460.0,367.4
GBBL,4/22/2015,321.0,327.0,315.0,323.0,0.62,7851.0,460.0,367.4
GBBL,4/23/2015,323.0,318.0,305.0,305.0,-5.57,1785.0,460.0,367.4
GBBL,10/7/2015,305.0,335.0,311.0,335.0,9.84,260.0,460.0,367.4
GBBL,10/8/2015,335.0,368.0,341.0,368.0,9.85,19749.0,460.0,367.4
GBBL,10/11/2015,368.0,382.0,370.0,370.0,0.54,7114.0,460.0,367.4
GBBL,10/14/2015,370.0,372.0,362.0,364.0,-1.62,2075.0,460.0,367.4
GBBL,10/15/2015,364.0,366.0,352.0,352.0,-3.3,6651.0,460.0,367.4
GBBL,10/18/2015,352.0,352.0,340.0,345.0,-1.99,10070.0,460.0,367.4
GBBL,10/19/2015,345.0,353.0,345.0,353.0,2.32,908.0,460.0,367.4
GBBL,10/27/2015,353.0,346.0,320.0,320.0,-9.35,5937.0,460.0,367.4
GBBL,10/28/2015,320.0,331.0,308.0,331.0,3.44,2757.0,460.0,367.4
GBBL,10/29/2015,331.0,325.0,314.0,320.0,-3.32,7330.0,460.0,367.4
GBBL,11/1/2015,320.0,351.0,326.0,351.0,9.69,1033.0,460.0,367.4
GBBL,11/2/2015,351.0,344.0,327.0,330.0,-5.98,2120.0,460.0,367.4
GBBL,11/3/2015,330.0,336.0,325.0,332.0,0.61,1840.0,460.0,367.4
GBBL,11/4/2015,332.0,340.0,334.0,334.0,0.6,1949.0,460.0,367.4
GBBL,11/5/2015,334.0,335.0,330.0,330.0,-1.2,1785.0,460.0,367.4
GBBL,11/8/2015,330.0,331.0,328.0,328.0,-0.61,700.0,460.0,367.4
GBBL,11/9/2015,328.0,338.0,333.0,338.0,3.05,3199.0,460.0,367.4
GBBL,11/10/2015,338.0,339.0,336.0,339.0,0.3,144.0,460.0,367.4
GBBL,11/15/2015,339.0,335.0,335.0,335.0,-1.18,500.0,460.0,367.4
GBBL,11/16/2015,335.0,340.0,340.0,340.0,1.49,28.0,460.0,367.4
GBBL,11/18/2015,340.0,335.0,335.0,335.0,-1.47,300.0,460.0,367.4
GBBL,11/19/2015,335.0,330.0,324.0,330.0,-1.49,1100.0,460.0,367.4
GBBL,11/22/2015,330.0,325.0,320.0,320.0,-3.03,1958.0,460.0,367.4
GBBL,11/23/2015,320.0,317.0,314.0,317.0,-0.94,655.0,460.0,367.4
GBBL,11/24/2015,317.0,323.0,317.0,319.0,0.63,953.0,460.0,367.4
GBBL,11/25/2015,319.0,324.0,314.0,316.0,-0.94,21028.0,460.0,367.4
GBBL,11/26/2015,316.0,315.0,304.0,315.0,-0.32,1552.0,460.0,367.4
GBBL,11/29/2015,315.0,315.0,309.0,309.0,-1.9,600.0,460.0,367.4
GBBL,11/30/2015,309.0,307.0,297.0,306.0,-0.97,2147.0,460.0,367.4
GBBL,12/1/2015,306.0,316.0,305.0,310.0,1.31,4598.0,460.0,367.4
GBBL,12/2/2015,310.0,310.0,305.0,310.0,0.0,1745.0,460.0,367.4
GBBL,12/3/2015,310.0,315.0,315.0,315.0,1.61,156.0,460.0,367.4
GBBL,12/6/2015,315.0,328.0,320.0,327.0,3.81,3559.0,460.0,367.4
GBBL,12/7/2015,327.0,339.0,323.0,323.0,-1.22,1220.0,460.0,367.4
GBBL,12/8/2015,323.0,327.0,327.0,327.0,1.24,305.0,460.0,367.4
GBBL,12/9/2015,327.0,328.0,320.0,326.0,-0.31,1600.0,460.0,367.4
GBBL,12/10/2015,326.0,326.0,320.0,320.0,-1.84,1131.0,460.0,367.4
GBBL,12/15/2015,320.0,320.0,320.0,320.0,0.0,250.0,460.0,367.4
GBBL,12/16/2015,320.0,333.0,323.0,332.0,3.75,4914.0,460.0,367.4
GBBL,12/17/2015,332.0,334.0,322.0,330.0,-0.6,2715.0,460.0,367.4
GBBL,12/20/2015,330.0,354.0,336.0,345.0,4.55,11237.0,460.0,367.4
GBBL,12/21/2015,345.0,358.0,350.0,352.0,2.03,7333.0,460.0,367.4
GBBL,12/22/2015,352.0,359.0,345.0,348.0,-1.14,3288.0,460.0,367.4
GBBL,12/23/2015,348.0,350.0,342.0,342.0,-1.72,2069.0,460.0,367.4
GBBL,12/24/2015,342.0,350.0,342.0,342.0,0.0,5001.0,460.0,367.4
GBBL,12/27/2015,342.0,357.0,342.0,347.0,1.46,11126.0,460.0,367.4
GBBL,12/28/2015,347.0,357.0,347.0,357.0,2.88,18136.0,460.0,367.4
GBBL,12/29/2015,298.0,303.0,292.0,296.0,-17.09,2320.0,460.0,367.4
GBBL,12/31/2015,296.0,302.0,296.0,301.0,1.69,4527.0,460.0,367.4
GBBL,1/3/2016,301.0,306.0,300.0,301.0,0.0,2079.0,460.0,367.4
GBBL,1/4/2016,301.0,299.0,296.0,299.0,-0.66,404.0,460.0,367.4
GBBL,1/5/2016,299.0,294.0,287.0,287.0,-4.01,1433.0,460.0,367.4
GBBL,1/6/2016,287.0,295.0,292.0,295.0,2.79,543.0,460.0,367.4
GBBL,1/7/2016,295.0,314.0,295.0,305.0,3.39,4286.0,460.0,367.4
GBBL,1/10/2016,305.0,308.0,304.0,307.0,0.66,7059.0,460.0,367.4
GBBL,1/11/2016,307.0,312.0,299.0,312.0,1.63,5508.0,460.0,367.4
GBBL,1/12/2016,312.0,318.0,307.0,307.0,-1.6,2037.0,460.0,367.4
GBBL,1/13/2016,307.0,320.0,303.0,303.0,-1.3,3599.0,460.0,367.4
GBBL,1/14/2016,303.0,321.0,309.0,315.0,3.96,2654.0,460.0,367.4
GBBL,1/17/2016,315.0,321.0,309.0,319.0,1.27,8716.0,460.0,367.4
GBBL,1/18/2016,319.0,320.0,311.0,319.0,0.0,2187.0,460.0,367.4
GBBL,1/19/2016,319.0,319.0,308.0,319.0,0.0,3658.0,460.0,367.4
GBBL,1/20/2016,319.0,318.0,310.0,318.0,-0.31,3653.0,460.0,367.4
GBBL,1/21/2016,318.0,325.0,312.0,320.0,0.63,24795.0,460.0,367.4
GBBL,1/24/2016,320.0,326.0,320.0,320.0,0.0,1086.0,460.0,367.4
GBBL,1/25/2016,320.0,325.0,316.0,322.0,0.63,4468.0,460.0,367.4
GBBL,1/26/2016,322.0,326.0,322.0,322.0,0.0,3717.0,460.0,367.4
GBBL,1/27/2016,322.0,324.0,316.0,323.0,0.31,3815.0,460.0,367.4
GBBL,1/28/2016,323.0,324.0,321.0,324.0,0.31,582.0,460.0,367.4
GBBL,1/31/2016,324.0,327.0,318.0,327.0,0.93,2780.0,460.0,367.4
GBBL,2/1/2016,327.0,345.0,325.0,339.0,3.67,32154.0,460.0,367.4
GBBL,2/2/2016,339.0,360.0,345.0,353.0,4.13,33865.0,460.0,367.4
GBBL,2/3/2016,353.0,357.0,340.0,357.0,1.13,17506.0,460.0,367.4
GBBL,2/4/2016,357.0,364.0,350.0,354.0,-0.84,15319.0,460.0,367.4
GBBL,2/7/2016,354.0,369.0,348.0,354.0,0.0,17678.0,460.0,367.4
GBBL,2/8/2016,354.0,357.0,350.0,350.0,-1.13,5733.0,460.0,367.4
GBBL,2/11/2016,350.0,359.0,347.0,348.0,-0.57,3705.0,460.0,367.4
GBBL,2/14/2016,348.0,354.0,343.0,347.0,-0.29,6114.0,460.0,367.4
GBBL,2/15/2016,347.0,347.0,323.0,342.0,-1.44,2104.0,460.0,367.4
GBBL,2/16/2016,342.0,353.0,338.0,341.0,-0.29,6192.0,460.0,367.4
GBBL,2/17/2016,341.0,347.0,345.0,345.0,1.17,3417.0,460.0,367.4
GBBL,2/18/2016,345.0,347.0,339.0,343.0,-0.58,5084.0,460.0,367.4
GBBL,2/21/2016,343.0,349.0,341.0,342.0,-0.29,4228.0,460.0,367.4
GBBL,2/22/2016,342.0,349.0,342.0,349.0,2.05,4568.0,460.0,367.4
GBBL,2/23/2016,349.0,350.0,342.0,345.0,-1.15,5085.0,460.0,367.4
GBBL,2/24/2016,345.0,344.0,340.0,342.0,-0.87,1649.0,460.0,367.4
GBBL,2/25/2016,342.0,345.0,339.0,345.0,0.88,2308.0,460.0,367.4
GBBL,2/28/2016,345.0,350.0,340.0,340.0,-1.45,1620.0,460.0,367.4
GBBL,2/29/2016,340.0,346.0,340.0,340.0,0.0,4325.0,460.0,367.4
GBBL,3/1/2016,340.0,346.0,339.0,344.0,1.18,8344.0,460.0,367.4
GBBL,3/2/2016,344.0,354.0,342.0,345.0,0.29,4546.0,460.0,367.4
GBBL,3/3/2016,345.0,365.0,345.0,355.0,2.9,7687.0,460.0,367.4
GBBL,3/6/2016,355.0,355.0,344.0,352.0,-0.85,5402.0,460.0,367.4
GBBL,3/10/2016,352.0,372.0,345.0,371.0,5.4,29899.0,460.0,367.4
GBBL,3/13/2016,371.0,370.0,355.0,362.0,-2.43,12527.0,460.0,367.4
GBBL,3/14/2016,362.0,362.0,356.0,356.0,-1.66,1846.0,460.0,367.4
GBBL,3/15/2016,356.0,361.0,356.0,356.0,0.0,4328.0,460.0,367.4
GBBL,3/16/2016,356.0,356.0,351.0,353.0,-0.84,344.0,460.0,367.4
GBBL,3/17/2016,353.0,361.0,352.0,361.0,2.27,2009.0,460.0,367.4
GBBL,3/20/2016,361.0,363.0,356.0,360.0,-0.28,4729.0,460.0,367.4
GBBL,3/21/2016,360.0,368.0,354.0,368.0,2.22,10564.0,460.0,367.4
GBBL,3/23/2016,368.0,370.0,361.0,370.0,0.54,2514.0,460.0,367.4
GBBL,3/24/2016,370.0,366.0,360.0,364.0,-1.62,6142.0,460.0,367.4
GBBL,3/27/2016,364.0,365.0,352.0,365.0,0.27,6547.0,460.0,367.4
GBBL,3/28/2016,365.0,362.0,359.0,361.0,-1.1,6037.0,460.0,367.4
GBBL,3/29/2016,361.0,361.0,356.0,359.0,-0.55,2244.0,460.0,367.4
GBBL,3/30/2016,359.0,360.0,353.0,355.0,-1.11,2348.0,460.0,367.4
GBBL,3/31/2016,355.0,355.0,351.0,354.0,-0.28,4366.0,460.0,367.4
GBBL,4/3/2016,354.0,357.0,343.0,357.0,0.85,6465.0,460.0,367.4
GBBL,4/4/2016,357.0,354.0,346.0,350.0,-1.96,5460.0,460.0,367.4
GBBL,4/5/2016,350.0,355.0,350.0,352.0,0.57,3144.0,460.0,367.4
GBBL,4/6/2016,352.0,357.0,350.0,357.0,1.42,2130.0,460.0,367.4
GBBL,4/10/2016,357.0,354.0,352.0,353.0,-1.12,5193.0,460.0,367.4
GBBL,4/11/2016,353.0,349.0,339.0,343.0,-2.83,9905.0,460.0,367.4
GBBL,4/12/2016,343.0,348.0,334.0,348.0,1.46,11205.0,460.0,367.4
GBBL,4/14/2016,348.0,348.0,342.0,348.0,0.0,2132.0,460.0,367.4
GBBL,4/17/2016,348.0,357.0,346.0,350.0,0.57,4628.0,460.0,367.4
GBBL,4/18/2016,350.0,374.0,350.0,359.0,2.57,15062.0,460.0,367.4
GBBL,4/19/2016,359.0,366.0,356.0,357.0,-0.56,6108.0,460.0,367.4
GBBL,4/20/2016,357.0,360.0,351.0,356.0,-0.28,3244.0,460.0,367.4
GBBL,11/14/2016,356.0,391.0,363.0,391.0,9.83,50.0,460.0,367.4
GBBL,11/15/2016,391.0,430.0,398.0,430.0,9.97,1507.0,460.0,367.4
GBBL,11/16/2016,430.0,454.0,415.0,435.0,1.16,121689.0,460.0,367.4
GBBL,11/17/2016,435.0,431.0,407.0,411.0,-5.52,43391.0,460.0,367.4
GBBL,11/20/2016,411.0,416.0,383.0,400.0,-2.68,33859.0,460.0,367.4
GBBL,11/21/2016,400.0,407.0,384.0,393.0,-1.75,24093.0,460.0,367.4
GBBL,11/22/2016,393.0,400.0,370.0,396.0,0.76,30268.0,460.0,367.4
GBBL,11/23/2016,396.0,400.0,380.0,385.0,-2.78,25427.0,460.0,367.4
GBBL,11/24/2016,385.0,406.0,378.0,391.0,1.56,34636.0,460.0,367.4
GBBL,11/27/2016,391.0,398.0,370.0,375.0,-4.09,19097.0,460.0,367.4
GBBL,11/28/2016,375.0,400.0,350.0,395.0,5.33,31738.0,460.0,367.4
GBBL,11/29/2016,395.0,416.0,385.0,410.0,3.8,25041.0,460.0,367.4
GBBL,11/30/2016,410.0,418.0,397.0,415.0,1.22,25928.0,460.0,367.4
GBBL,12/1/2016,415.0,420.0,406.0,410.0,-1.2,22983.0,460.0,367.4
GBBL,12/4/2016,410.0,402.0,395.0,400.0,-2.44,7279.0,460.0,367.4
GBBL,12/5/2016,400.0,406.0,390.0,392.0,-2.0,18056.0,460.0,367.4
GBBL,12/6/2016,392.0,400.0,390.0,397.0,1.28,15826.0,460.0,367.4
GBBL,12/7/2016,397.0,407.0,394.0,407.0,2.52,28413.0,460.0,367.4
GBBL,12/8/2016,407.0,405.0,400.0,405.0,-0.49,11368.0,460.0,367.4
GBBL,12/11/2016,405.0,405.0,393.0,400.0,-1.23,8829.0,460.0,367.4
GBBL,12/12/2016,400.0,398.0,385.0,393.0,-1.75,8318.0,460.0,367.4
GBBL,12/14/2016,393.0,400.0,390.0,393.0,0.0,24798.0,460.0,367.4
GBBL,12/15/2016,393.0,400.0,391.0,395.0,0.51,12559.0,460.0,367.4
GBBL,12/18/2016,395.0,404.0,395.0,400.0,1.27,4719.0,460.0,367.4
GBBL,12/19/2016,400.0,400.0,395.0,395.0,-1.25,10325.0,460.0,367.4
GBBL,12/20/2016,395.0,397.0,392.0,393.0,-0.51,7291.0,460.0,367.4
GBBL,12/21/2016,393.0,396.0,382.0,394.0,0.25,11690.0,460.0,367.4
GBBL,12/22/2016,394.0,401.0,393.0,393.0,-0.25,21804.0,460.0,367.4
GBBL,12/26/2016,393.0,390.0,383.0,383.0,-2.54,19790.0,460.0,367.4
GBBL,12/27/2016,383.0,392.0,369.0,380.0,-0.78,11015.0,460.0,367.4
GBBL,12/28/2016,380.0,392.0,380.0,383.0,0.79,9360.0,460.0,367.4
GBBL,12/29/2016,383.0,390.0,384.0,387.0,1.04,11522.0,460.0,367.4
GBBL,1/1/2017,387.0,393.0,385.0,392.0,1.29,11519.0,460.0,367.4
GBBL,1/2/2017,392.0,397.0,385.0,396.0,1.02,7376.0,460.0,367.4
GBBL,1/3/2017,396.0,398.0,387.0,388.0,-2.02,5815.0,460.0,367.4
GBBL,1/4/2017,388.0,396.0,383.0,391.0,0.77,12841.0,460.0,367.4
GBBL,1/5/2017,391.0,392.0,386.0,390.0,-0.26,8201.0,460.0,367.4
GBBL,1/8/2017,390.0,392.0,385.0,385.0,-1.28,8814.0,460.0,367.4
GBBL,1/9/2017,385.0,390.0,381.0,387.0,0.52,5463.0,460.0,367.4
GBBL,1/10/2017,387.0,399.0,384.0,392.0,1.29,8492.0,460.0,367.4
GBBL,1/11/2017,392.0,395.0,385.0,386.0,-1.53,4324.0,460.0,367.4
GBBL,1/12/2017,386.0,393.0,387.0,388.0,0.52,3480.0,460.0,367.4
GBBL,1/15/2017,388.0,390.0,384.0,388.0,0.0,3131.0,460.0,367.4
GBBL,1/16/2017,388.0,396.0,385.0,385.0,-0.77,5972.0,460.0,367.4
GBBL,1/17/2017,385.0,395.0,380.0,390.0,1.3,4620.0,460.0,367.4
GBBL,1/18/2017,390.0,392.0,388.0,392.0,0.51,2803.0,460.0,367.4
GBBL,1/19/2017,392.0,392.0,388.0,391.0,-0.26,8269.0,460.0,367.4
GBBL,1/22/2017,391.0,393.0,387.0,388.0,-0.77,8252.0,460.0,367.4
GBBL,1/23/2017,388.0,395.0,385.0,388.0,0.0,5633.0,460.0,367.4
GBBL,1/24/2017,388.0,395.0,376.0,376.0,-3.09,7666.0,460.0,367.4
GBBL,1/25/2017,376.0,397.0,372.0,386.0,2.66,46888.0,460.0,367.4
GBBL,1/26/2017,386.0,396.0,380.0,386.0,0.0,28148.0,460.0,367.4
GBBL,1/30/2017,386.0,390.0,370.0,375.0,-2.85,25174.0,460.0,367.4
GBBL,1/31/2017,375.0,391.0,368.0,391.0,4.27,14373.0,460.0,367.4
GBBL,2/1/2017,391.0,410.0,391.0,405.0,3.58,39018.0,460.0,367.4
GBBL,2/2/2017,405.0,413.0,395.0,404.0,-0.25,56737.0,460.0,367.4
GBBL,2/5/2017,337.0,343.0,316.0,329.0,-18.56,6519.0,460.0,367.4
GBBL,2/6/2017,329.0,326.0,312.0,312.0,-5.17,11141.0,460.0,367.4
GBBL,2/7/2017,312.0,324.0,315.0,317.0,1.6,3335.0,460.0,367.4
GBBL,2/8/2017,317.0,317.0,311.0,311.0,-1.89,4967.0,460.0,367.4
GBBL,2/9/2017,311.0,322.0,307.0,308.0,-0.96,7995.0,460.0,367.4
GBBL,2/12/2017,308.0,310.0,300.0,300.0,-2.6,7369.0,460.0,367.4
GBBL,2/13/2017,300.0,301.0,285.0,300.0,0.0,11939.0,460.0,367.4
GBBL,2/14/2017,300.0,307.0,295.0,300.0,0.0,6761.0,460.0,367.4
GBBL,2/15/2017,300.0,318.0,300.0,318.0,6.0,3129.0,460.0,367.4
GBBL,2/16/2017,318.0,330.0,315.0,323.0,1.57,7536.0,460.0,367.4
GBBL,2/19/2017,323.0,334.0,317.0,333.0,3.1,16574.0,460.0,367.4
GBBL,2/20/2017,333.0,340.0,321.0,333.0,0.0,18019.0,460.0,367.4
GBBL,2/21/2017,333.0,339.0,323.0,323.0,-3.0,7648.0,460.0,367.4
GBBL,2/22/2017,323.0,329.0,320.0,320.0,-0.93,2320.0,460.0,367.4
GBBL,2/23/2017,320.0,326.0,320.0,320.0,0.0,3694.0,460.0,367.4
GBBL,2/26/2017,320.0,321.0,316.0,319.0,-0.31,3092.0,460.0,367.4
GBBL,2/28/2017,319.0,320.0,314.0,318.0,-0.31,7134.0,460.0,367.4
GBBL,3/1/2017,318.0,321.0,315.0,319.0,0.31,3452.0,460.0,367.4
GBBL,3/2/2017,319.0,323.0,316.0,323.0,1.25,5749.0,460.0,367.4
GBBL,3/5/2017,323.0,328.0,318.0,326.0,0.93,2839.0,460.0,367.4
GBBL,3/6/2017,326.0,338.0,326.0,327.0,0.31,3131.0,460.0,367.4
GBBL,3/7/2017,327.0,327.0,321.0,327.0,0.0,2327.0,460.0,367.4
GBBL,3/9/2017,327.0,330.0,322.0,330.0,0.92,5258.0,460.0,367.4
GBBL,3/13/2017,330.0,332.0,327.0,330.0,0.0,2050.0,460.0,367.4
GBBL,3/14/2017,330.0,330.0,328.0,328.0,-0.61,3896.0,460.0,367.4
GBBL,3/15/2017,328.0,335.0,325.0,335.0,2.13,4849.0,460.0,367.4
GBBL,3/16/2017,335.0,335.0,328.0,331.0,-1.19,3913.0,460.0,367.4
GBBL,3/19/2017,331.0,337.0,330.0,333.0,0.6,2543.0,460.0,367.4
GBBL,3/20/2017,333.0,346.0,334.0,340.0,2.1,19920.0,460.0,367.4
GBBL,3/21/2017,340.0,374.0,335.0,365.0,7.35,19283.0,460.0,367.4
GBBL,3/22/2017,365.0,389.0,358.0,367.0,0.55,34811.0,460.0,367.4
GBBL,3/23/2017,367.0,397.0,370.0,390.0,6.27,66925.0,460.0,367.4
GBBL,3/26/2017,390.0,410.0,390.0,407.0,4.36,56890.0,460.0,367.4
GBBL,3/28/2017,407.0,447.0,411.0,436.0,7.13,42880.0,460.0,367.4
GBBL,3/29/2017,436.0,460.0,430.0,434.0,-0.46,36657.0,460.0,367.4
GBBL,3/30/2017,434.0,442.0,419.0,435.0,0.23,26372.0,460.0,367.4
GBBL,4/2/2017,435.0,465.0,440.0,465.0,6.9,23222.0,460.0,367.4
GBBL,4/3/2017,465.0,511.0,456.0,465.0,0.0,34416.0,460.0,367.4
GBBL,4/4/2017,465.0,500.0,456.0,496.0,6.67,71451.0,460.0,367.4
GBBL,4/6/2017,496.0,515.0,497.0,505.0,1.81,67430.0,460.0,367.4
GBBL,4/9/2017,505.0,515.0,486.0,495.0,-1.98,62172.0,460.0,367.4
GBBL,4/10/2017,495.0,500.0,486.0,494.0,-0.2,81317.0,460.0,367.4
GBBL,4/11/2017,494.0,500.0,490.0,500.0,1.21,156747.0,460.0,367.4
GBBL,4/12/2017,335.0,368.0,341.0,360.0,-28.0,46378.0,460.0,367.4
GBBL,4/13/2017,360.0,359.0,340.0,351.0,-2.5,23438.0,460.0,367.4
GBBL,4/16/2017,351.0,351.0,333.0,334.0,-4.84,8430.0,460.0,367.4
GBBL,4/18/2017,334.0,330.0,318.0,320.0,-4.19,12949.0,460.0,367.4
GBBL,4/19/2017,320.0,350.0,321.0,350.0,9.38,6106.0,460.0,367.4
GBBL,4/20/2017,350.0,364.0,343.0,343.0,-2.0,6479.0,460.0,367.4
GBBL,4/23/2017,343.0,362.0,343.0,345.0,0.58,10937.0,460.0,367.4
GBBL,4/24/2017,345.0,348.0,336.0,343.0,-0.58,7552.0,460.0,367.4
GBBL,4/25/2017,343.0,350.0,330.0,334.0,-2.62,5687.0,460.0,367.4
GBBL,4/26/2017,334.0,340.0,328.0,330.0,-1.2,9301.0,460.0,367.4
GBBL,4/27/2017,330.0,340.0,325.0,334.0,1.21,6305.0,460.0,367.4
GBBL,4/30/2017,334.0,332.0,320.0,323.0,-3.29,11014.0,460.0,367.4
GBBL,5/2/2017,323.0,329.0,320.0,328.0,1.55,9104.0,460.0,367.4
GBBL,5/3/2017,328.0,334.0,322.0,322.0,-1.83,5763.0,460.0,367.4
GBBL,5/4/2017,322.0,325.0,317.0,321.0,-0.31,10385.0,460.0,367.4
GBBL,5/7/2017,321.0,321.0,312.0,315.0,-1.87,8880.0,460.0,367.4
GBBL,5/8/2017,315.0,321.0,314.0,317.0,0.63,5754.0,460.0,367.4
GBBL,5/9/2017,317.0,322.0,317.0,321.0,1.26,2729.0,460.0,367.4
GBBL,5/11/2017,321.0,328.0,319.0,324.0,0.93,10562.0,460.0,367.4
GBBL,5/15/2017,324.0,335.0,325.0,325.0,0.31,1739.0,460.0,367.4
GBBL,5/16/2017,325.0,327.0,319.0,325.0,0.0,7436.0,460.0,367.4
GBBL,5/17/2017,325.0,328.0,320.0,322.0,-0.92,7511.0,460.0,367.4
GBBL,5/18/2017,322.0,320.0,318.0,320.0,-0.62,3995.0,460.0,367.4
GBBL,5/21/2017,320.0,320.0,309.0,310.0,-3.12,8677.0,460.0,367.4
GBBL,5/22/2017,310.0,310.0,302.0,310.0,0.0,2380.0,460.0,367.4
GBBL,5/23/2017,310.0,322.0,310.0,317.0,2.26,5090.0,460.0,367.4
GBBL,5/24/2017,317.0,323.0,313.0,316.0,-0.32,5038.0,460.0,367.4
GBBL,5/28/2017,316.0,318.0,308.0,310.0,-1.9,13221.0,460.0,367.4
GBBL,5/30/2017,310.0,309.0,304.0,308.0,-0.65,13224.0,460.0,367.4
GBBL,5/31/2017,308.0,319.0,303.0,311.0,0.97,5380.0,460.0,367.4
GBBL,6/1/2017,311.0,315.0,308.0,310.0,-0.32,5902.0,460.0,367.4
GBBL,6/4/2017,310.0,311.0,302.0,302.0,-2.58,8625.0,460.0,367.4
GBBL,6/5/2017,302.0,315.0,303.0,307.0,1.66,6092.0,460.0,367.4
GBBL,6/6/2017,307.0,319.0,310.0,316.0,2.93,5417.0,460.0,367.4
GBBL,6/7/2017,316.0,322.0,310.0,311.0,-1.58,3937.0,460.0,367.4
GBBL,6/8/2017,311.0,313.0,307.0,310.0,-0.32,3964.0,460.0,367.4
GBBL,6/11/2017,310.0,309.0,300.0,305.0,-1.61,6845.0,460.0,367.4
GBBL,6/12/2017,305.0,311.0,299.0,307.0,0.66,4186.0,460.0,367.4
GBBL,6/13/2017,307.0,310.0,300.0,304.0,-0.98,3285.0,460.0,367.4
GBBL,6/14/2017,304.0,306.0,300.0,303.0,-0.33,5579.0,460.0,367.4
GBBL,6/15/2017,303.0,308.0,294.0,300.0,-0.99,20043.0,460.0,367.4
GBBL,6/18/2017,300.0,303.0,295.0,295.0,-1.67,8388.0,460.0,367.4
GBBL,6/19/2017,295.0,300.0,293.0,293.0,-0.68,4397.0,460.0,367.4
GBBL,6/20/2017,293.0,300.0,288.0,296.0,1.02,4232.0,460.0,367.4
GBBL,6/21/2017,296.0,300.0,294.0,295.0,-0.34,5144.0,460.0,367.4
GBBL,6/22/2017,295.0,299.0,293.0,293.0,-0.68,3451.0,460.0,367.4
GBBL,6/25/2017,293.0,300.0,290.0,300.0,2.39,1941.0,460.0,367.4
GBBL,6/27/2017,300.0,296.0,294.0,296.0,-1.33,2972.0,460.0,367.4
GBBL,6/28/2017,296.0,300.0,291.0,297.0,0.34,2047.0,460.0,367.4
GBBL,7/2/2017,297.0,294.0,290.0,293.0,-1.35,3004.0,460.0,367.4
GBBL,7/3/2017,293.0,303.0,290.0,292.0,-0.34,1665.0,460.0,367.4
GBBL,7/4/2017,292.0,295.0,290.0,294.0,0.68,1617.0,460.0,367.4
GBBL,7/5/2017,294.0,295.0,293.0,294.0,0.0,1609.0,460.0,367.4
GBBL,7/6/2017,294.0,302.0,292.0,300.0,2.04,15477.0,460.0,367.4
GBBL,7/9/2017,300.0,312.0,285.0,303.0,1.0,10152.0,460.0,367.4
GBBL,7/10/2017,303.0,306.0,293.0,296.0,-2.31,9426.0,460.0,367.4
GBBL,7/11/2017,296.0,300.0,295.0,297.0,0.34,7843.0,460.0,367.4
GBBL,7/12/2017,297.0,299.0,290.0,298.0,0.34,13166.0,460.0,367.4
GBBL,7/13/2017,298.0,300.0,290.0,296.0,-0.67,4742.0,460.0,367.4
GBBL,7/16/2017,296.0,298.0,291.0,295.0,-0.34,7320.0,460.0,367.4
GBBL,7/17/2017,295.0,300.0,295.0,300.0,1.69,5536.0,460.0,367.4
GBBL,7/18/2017,300.0,305.0,300.0,302.0,0.67,11992.0,460.0,367.4
GBBL,7/19/2017,302.0,308.0,300.0,300.0,-0.66,9773.0,460.0,367.4
GBBL,7/20/2017,300.0,306.0,297.0,298.0,-0.67,12570.0,460.0,367.4
GBBL,7/23/2017,298.0,295.0,292.0,295.0,-1.01,7284.0,460.0,367.4
GBBL,7/24/2017,295.0,295.0,292.0,294.0,-0.34,7877.0,460.0,367.4
GBBL,7/25/2017,294.0,298.0,290.0,294.0,0.0,6266.0,460.0,367.4
GBBL,7/26/2017,294.0,295.0,290.0,293.0,-0.34,11769.0,460.0,367.4
GBBL,7/27/2017,293.0,295.0,286.0,286.0,-2.39,11030.0,460.0,367.4
GBBL,7/30/2017,286.0,290.0,278.0,286.0,0.0,17371.0,460.0,367.4
GBBL,7/31/2017,286.0,294.0,286.0,290.0,1.4,10901.0,460.0,367.4
GBBL,8/1/2017,290.0,295.0,290.0,291.0,0.34,10097.0,460.0,367.4
GBBL,8/2/2017,291.0,298.0,288.0,291.0,0.0,8418.0,460.0,367.4
GBBL,8/3/2017,291.0,296.0,286.0,295.0,1.37,7492.0,460.0,367.4
GBBL,8/6/2017,295.0,291.0,286.0,286.0,-3.05,5979.0,460.0,367.4
GBBL,8/7/2017,286.0,286.0,282.0,285.0,-0.35,9362.0,460.0,367.4
GBBL,8/9/2017,285.0,286.0,281.0,282.0,-1.05,10262.0,460.0,367.4
GBBL,8/10/2017,282.0,286.0,280.0,280.0,-0.71,17296.0,460.0,367.4
GBBL,8/13/2017,280.0,285.0,277.0,279.0,-0.36,9987.0,460.0,367.4
GBBL,8/15/2017,279.0,281.0,271.0,277.0,-0.72,13138.0,460.0,367.4
GBBL,8/16/2017,277.0,285.0,275.0,276.0,-0.36,14544.0,460.0,367.4
GBBL,8/17/2017,276.0,280.0,270.0,273.0,-1.09,22063.0,460.0,367.4
GBBL,8/20/2017,273.0,276.0,265.0,265.0,-2.93,22873.0,460.0,367.4
GBBL,8/21/2017,265.0,270.0,264.0,268.0,1.13,9215.0,460.0,367.4
GBBL,8/22/2017,268.0,271.0,265.0,266.0,-0.75,21218.0,460.0,367.4
GBBL,8/23/2017,266.0,270.0,265.0,269.0,1.13,21280.0,460.0,367.4
GBBL,8/24/2017,269.0,271.0,267.0,271.0,0.74,10557.0,460.0,367.4
GBBL,8/27/2017,271.0,275.0,266.0,267.0,-1.48,8736.0,460.0,367.4
GBBL,8/28/2017,267.0,270.0,263.0,270.0,1.12,11937.0,460.0,367.4
GBBL,8/30/2017,270.0,270.0,262.0,267.0,-1.11,5047.0,460.0,367.4
GBBL,8/31/2017,267.0,270.0,263.0,267.0,0.0,5180.0,460.0,367.4
GBBL,9/4/2017,267.0,266.0,259.0,260.0,-2.62,8890.0,460.0,367.4
GBBL,9/6/2017,260.0,266.0,256.0,259.0,-0.38,7335.0,460.0,367.4
GBBL,9/7/2017,259.0,260.0,255.0,255.0,-1.54,4625.0,460.0,367.4
GBBL,9/10/2017,255.0,252.0,245.0,248.0,-2.75,19400.0,460.0,367.4
GBBL,9/11/2017,248.0,249.0,243.0,248.0,0.0,11765.0,460.0,367.4
GBBL,9/12/2017,248.0,251.0,244.0,247.0,-0.4,4805.0,460.0,367.4
GBBL,9/13/2017,247.0,250.0,239.0,244.0,-1.21,15889.0,460.0,367.4
GBBL,9/14/2017,244.0,260.0,241.0,255.0,4.51,12277.0,460.0,367.4
GBBL,9/17/2017,255.0,261.0,250.0,261.0,2.35,6309.0,460.0,367.4
GBBL,9/18/2017,261.0,267.0,255.0,255.0,-2.3,5110.0,460.0,367.4
GBBL,9/20/2017,255.0,257.0,252.0,256.0,0.39,4427.0,460.0,367.4
GBBL,9/24/2017,256.0,259.0,252.0,257.0,0.39,1462.0,460.0,367.4
GBBL,9/25/2017,257.0,261.0,257.0,261.0,1.56,2660.0,460.0,367.4
GBBL,9/26/2017,261.0,263.0,257.0,261.0,0.0,3137.0,460.0,367.4
GBBL,10/3/2017,261.0,265.0,261.0,261.0,0.0,1609.0,460.0,367.4
GBBL,10/4/2017,261.0,260.0,255.0,255.0,-2.3,3011.0,460.0,367.4
GBBL,10/8/2017,255.0,250.0,243.0,248.0,-2.75,8321.0,460.0,367.4
GBBL,10/9/2017,248.0,250.0,245.0,247.0,-0.4,4080.0,460.0,367.4
GBBL,10/10/2017,247.0,254.0,245.0,254.0,2.83,3829.0,460.0,367.4
GBBL,10/11/2017,254.0,258.0,247.0,250.0,-1.57,2442.0,460.0,367.4
GBBL,10/12/2017,250.0,251.0,248.0,249.0,-0.4,2871.0,460.0,367.4
GBBL,10/15/2017,249.0,255.0,248.0,253.0,1.61,2539.0,460.0,367.4
GBBL,10/16/2017,253.0,266.0,255.0,266.0,5.14,2916.0,460.0,367.4
GBBL,10/17/2017,266.0,273.0,260.0,270.0,1.5,13708.0,460.0,367.4
GBBL,10/18/2017,270.0,272.0,257.0,272.0,0.74,3223.0,460.0,367.4
GBBL,10/22/2017,272.0,272.0,267.0,269.0,-1.1,2068.0,460.0,367.4
GBBL,10/23/2017,269.0,267.0,259.0,264.0,-1.86,4986.0,460.0,367.4
GBBL,10/24/2017,264.0,265.0,256.0,262.0,-0.76,3868.0,460.0,367.4
GBBL,10/25/2017,262.0,261.0,253.0,253.0,-3.44,3925.0,460.0,367.4
GBBL,10/29/2017,253.0,255.0,252.0,252.0,-0.4,5430.0,460.0,367.4
GBBL,10/30/2017,252.0,256.0,250.0,251.0,-0.4,4762.0,460.0,367.4
GBBL,10/31/2017,251.0,253.0,250.0,250.0,-0.4,1950.0,460.0,367.4
GBBL,11/1/2017,250.0,255.0,248.0,255.0,2.0,2602.0,460.0,367.4
GBBL,11/2/2017,255.0,255.0,250.0,251.0,-1.57,4659.0,460.0,367.4
GBBL,11/5/2017,251.0,250.0,243.0,248.0,-1.2,7367.0,460.0,367.4
GBBL,11/6/2017,248.0,250.0,240.0,246.0,-0.81,13815.0,460.0,367.4
GBBL,11/7/2017,246.0,247.0,240.0,243.0,-1.22,6734.0,460.0,367.4
GBBL,11/8/2017,243.0,241.0,237.0,240.0,-1.23,5055.0,460.0,367.4
GBBL,11/9/2017,240.0,244.0,232.0,239.0,-0.42,8560.0,460.0,367.4
GBBL,11/12/2017,239.0,248.0,233.0,248.0,3.77,4323.0,460.0,367.4
GBBL,11/13/2017,248.0,249.0,240.0,246.0,-0.81,4718.0,460.0,367.4
GBBL,11/14/2017,246.0,249.0,245.0,247.0,0.41,6493.0,460.0,367.4
GBBL,11/15/2017,247.0,250.0,241.0,244.0,-1.21,3842.0,460.0,367.4
GBBL,11/16/2017,244.0,241.0,236.0,240.0,-1.64,3838.0,460.0,367.4
GBBL,11/19/2017,240.0,245.0,238.0,238.0,-0.83,10953.0,460.0,367.4
GBBL,11/20/2017,238.0,242.0,238.0,239.0,0.42,11374.0,460.0,367.4
GBBL,11/21/2017,239.0,243.0,238.0,242.0,1.26,8746.0,460.0,367.4
GBBL,11/22/2017,242.0,242.0,238.0,238.0,-1.65,14429.0,460.0,367.4
GBBL,11/23/2017,238.0,247.0,242.0,246.0,3.36,7961.0,460.0,367.4
GBBL,11/26/2017,246.0,252.0,247.0,251.0,2.03,6526.0,460.0,367.4
GBBL,11/27/2017,251.0,249.0,244.0,244.0,-2.79,3193.0,460.0,367.4
GBBL,11/28/2017,244.0,247.0,242.0,243.0,-0.41,7199.0,460.0,367.4
GBBL,11/29/2017,243.0,250.0,244.0,248.0,2.06,10196.0,460.0,367.4
GBBL,11/30/2017,248.0,248.0,241.0,248.0,0.0,2940.0,460.0,367.4
GBBL,12/4/2017,248.0,248.0,240.0,243.0,-2.02,10803.0,460.0,367.4
GBBL,12/5/2017,243.0,244.0,240.0,244.0,0.41,3068.0,460.0,367.4
GBBL,12/6/2017,244.0,250.0,243.0,247.0,1.23,17285.0,460.0,367.4
GBBL,12/10/2017,247.0,251.0,244.0,246.0,-0.4,3567.0,460.0,367.4
GBBL,12/11/2017,246.0,246.0,243.0,244.0,-0.81,2970.0,460.0,367.4
GBBL,12/12/2017,244.0,246.0,241.0,242.0,-0.82,14406.0,460.0,367.4
GBBL,12/13/2017,242.0,246.0,238.0,245.0,1.24,1570.0,460.0,367.4
GBBL,12/14/2017,245.0,249.0,241.0,241.0,-1.63,4895.0,460.0,367.4
GBBL,12/17/2017,241.0,241.0,238.0,238.0,-1.24,3310.0,460.0,367.4
GBBL,12/18/2017,238.0,240.0,235.0,238.0,0.0,17013.0,460.0,367.4
GBBL,12/19/2017,238.0,240.0,234.0,235.0,-1.26,4180.0,460.0,367.4
GBBL,12/20/2017,235.0,239.0,235.0,239.0,1.7,2204.0,460.0,367.4
GBBL,12/21/2017,239.0,239.0,235.0,238.0,-0.42,4922.0,460.0,367.4
GBBL,12/24/2017,238.0,240.0,234.0,238.0,0.0,6749.0,460.0,367.4
GBBL,12/26/2017,238.0,240.0,233.0,234.0,-1.68,3886.0,460.0,367.4
GBBL,12/27/2017,234.0,235.0,227.0,229.0,-2.14,9924.0,460.0,367.4
GBBL,12/28/2017,229.0,237.0,221.0,227.0,-0.87,35518.0,460.0,367.4
GBBL,12/31/2017,197.0,194.0,189.0,189.0,-16.74,4058.0,460.0,367.4
GBBL,1/1/2018,189.0,196.0,190.0,196.0,3.7,4801.0,460.0,367.4
GBBL,1/2/2018,196.0,199.0,194.0,195.0,-0.51,4806.0,460.0,367.4
GBBL,1/3/2018,195.0,196.0,190.0,191.0,-2.05,1606.0,460.0,367.4
GBBL,1/4/2018,191.0,195.0,190.0,190.0,-0.52,5972.0,460.0,367.4
GBBL,1/7/2018,190.0,195.0,190.0,195.0,2.63,4130.0,460.0,367.4
GBBL,1/8/2018,195.0,198.0,191.0,195.0,0.0,2866.0,460.0,367.4
GBBL,1/9/2018,195.0,200.0,195.0,200.0,2.56,2656.0,460.0,367.4
GBBL,1/10/2018,200.0,203.0,196.0,196.0,-2.0,5860.0,460.0,367.4
GBBL,1/14/2018,196.0,196.0,193.0,194.0,-1.02,1500.0,460.0,367.4
GBBL,1/16/2018,194.0,194.0,190.0,192.0,-1.03,3076.0,460.0,367.4
GBBL,1/17/2018,192.0,195.0,186.0,195.0,1.56,3073.0,460.0,367.4
GBBL,1/21/2018,195.0,198.0,192.0,195.0,0.0,2515.0,460.0,367.4
GBBL,1/22/2018,195.0,194.0,191.0,192.0,-1.54,2728.0,460.0,367.4
GBBL,1/23/2018,192.0,195.0,192.0,194.0,1.04,5845.0,460.0,367.4
GBBL,1/24/2018,194.0,196.0,192.0,196.0,1.03,5216.0,460.0,367.4
GBBL,1/25/2018,196.0,198.0,193.0,194.0,-1.02,3892.0,460.0,367.4
GBBL,1/28/2018,194.0,197.0,192.0,195.0,0.52,7986.0,460.0,367.4
GBBL,1/29/2018,195.0,197.0,194.0,197.0,1.03,1245.0,460.0,367.4
GBBL,1/31/2018,197.0,197.0,192.0,196.0,-0.51,3692.0,460.0,367.4
GBBL,2/1/2018,196.0,200.0,196.0,198.0,1.02,5328.0,460.0,367.4
GBBL,2/4/2018,198.0,197.0,195.0,195.0,-1.52,4953.0,460.0,367.4
GBBL,2/5/2018,195.0,195.0,194.0,194.0,-0.51,888.0,460.0,367.4
GBBL,2/6/2018,194.0,195.0,192.0,193.0,-0.52,3610.0,460.0,367.4
GBBL,2/7/2018,193.0,196.0,190.0,193.0,0.0,6154.0,460.0,367.4
GBBL,2/8/2018,193.0,195.0,192.0,195.0,1.04,3102.0,460.0,367.4
GBBL,2/11/2018,195.0,195.0,187.0,187.0,-4.1,4911.0,460.0,367.4
GBBL,2/12/2018,187.0,195.0,190.0,195.0,4.28,1160.0,460.0,367.4
GBBL,2/14/2018,195.0,195.0,192.0,193.0,-1.03,6400.0,460.0,367.4
GBBL,2/15/2018,193.0,201.0,191.0,200.0,3.63,7506.0,460.0,367.4
GBBL,2/18/2018,202.0,208.0,198.0,202.0,1.0,17316.0,460.0,367.4
GBBL,2/20/2018,201.0,201.0,197.0,198.0,-1.98,8653.0,460.0,367.4
GBBL,2/21/2018,197.0,197.0,195.0,195.0,-1.52,2309.0,460.0,367.4
GBBL,2/22/2018,196.0,197.0,194.0,195.0,0.0,9768.0,460.0,367.4
GBBL,2/25/2018,196.0,199.0,191.0,192.0,-1.54,2689.0,460.0,367.4
GBBL,2/26/2018,195.0,195.0,191.0,195.0,1.56,5117.0,460.0,367.4
GBBL,2/27/2018,198.0,197.0,192.0,194.0,-0.51,5552.0,460.0,367.4
GBBL,2/28/2018,191.0,193.0,188.0,189.0,-2.58,8269.0,460.0,367.4
GBBL,3/4/2018,186.0,186.0,178.0,178.0,-5.82,14483.0,460.0,367.4
GBBL,3/5/2018,181.0,184.0,181.0,182.0,2.25,3060.0,460.0,367.4
GBBL,3/6/2018,185.0,187.0,180.0,185.0,1.65,5752.0,460.0,367.4
GBBL,3/7/2018,185.0,192.0,185.0,192.0,3.78,17119.0,460.0,367.4
GBBL,3/11/2018,192.0,192.0,185.0,185.0,-3.65,9970.0,460.0,367.4
GBBL,3/12/2018,182.0,191.0,182.0,189.0,2.16,636.0,460.0,367.4
GBBL,3/13/2018,186.0,188.0,184.0,188.0,-0.53,3903.0,460.0,367.4
GBBL,3/14/2018,188.0,188.0,185.0,188.0,0.0,3639.0,460.0,367.4
GBBL,3/15/2018,188.0,191.0,186.0,189.0,0.53,3635.0,460.0,367.4
GBBL,3/18/2018,191.0,191.0,186.0,187.0,-1.06,3314.0,460.0,367.4
GBBL,3/19/2018,187.0,189.0,184.0,184.0,-1.6,7218.0,460.0,367.4
GBBL,3/20/2018,184.0,184.0,180.0,183.0,-0.54,7451.0,460.0,367.4
GBBL,3/21/2018,182.0,182.0,178.0,180.0,-1.64,6258.0,460.0,367.4
GBBL,3/22/2018,178.0,187.0,178.0,180.0,0.0,12597.0,460.0,367.4
GBBL,3/26/2018,177.0,180.0,172.0,172.0,-4.44,5701.0,460.0,367.4
GBBL,3/27/2018,171.0,184.0,169.0,180.0,4.65,7039.0,460.0,367.4
GBBL,3/28/2018,180.0,180.0,177.0,179.0,-0.56,6223.0,460.0,367.4
GBBL,3/29/2018,178.0,184.0,178.0,184.0,2.79,3185.0,460.0,367.4
GBBL,4/1/2018,181.0,181.0,173.0,174.0,-5.43,6820.0,460.0,367.4
GBBL,4/2/2018,174.0,176.0,171.0,171.0,-1.72,9949.0,460.0,367.4
GBBL,4/3/2018,174.0,180.0,173.0,174.0,1.75,3205.0,460.0,367.4
GBBL,4/4/2018,177.0,185.0,177.0,183.0,5.17,2297.0,460.0,367.4
GBBL,4/5/2018,186.0,187.0,180.0,187.0,2.19,13460.0,460.0,367.4
GBBL,4/8/2018,187.0,195.0,184.0,188.0,0.53,24529.0,460.0,367.4
GBBL,4/9/2018,191.0,194.0,187.0,187.0,-0.53,6635.0,460.0,367.4
GBBL,4/10/2018,184.0,189.0,184.0,185.0,-1.07,4019.0,460.0,367.4
GBBL,4/11/2018,183.0,185.0,177.0,178.0,-3.78,9816.0,460.0,367.4
GBBL,4/12/2018,181.0,186.0,179.0,181.0,1.69,7553.0,460.0,367.4
GBBL,4/15/2018,181.0,183.0,178.0,183.0,1.1,2983.0,460.0,367.4
GBBL,4/16/2018,186.0,187.0,182.0,184.0,0.55,4732.0,460.0,367.4
GBBL,4/17/2018,187.0,193.0,187.0,193.0,4.89,9957.0,460.0,367.4
GBBL,4/18/2018,195.0,210.0,192.0,196.0,1.55,19449.0,460.0,367.4
GBBL,4/19/2018,199.0,212.0,199.0,207.0,5.61,20313.0,460.0,367.4
GBBL,4/22/2018,209.0,219.0,208.0,219.0,5.8,22144.0,460.0,367.4
GBBL,4/23/2018,223.0,223.0,204.0,215.0,-1.83,10549.0,460.0,367.4
GBBL,4/24/2018,213.0,214.0,204.0,208.0,-3.26,12314.0,460.0,367.4
GBBL,4/25/2018,208.0,210.0,204.0,207.0,-0.48,16029.0,460.0,367.4
GBBL,4/26/2018,210.0,210.0,200.0,201.0,-2.9,5833.0,460.0,367.4
GBBL,4/29/2018,199.0,204.0,196.0,204.0,1.49,8439.0,460.0,367.4
GBBL,5/2/2018,200.0,200.0,195.0,200.0,-1.96,3654.0,460.0,367.4
GBBL,5/3/2018,204.0,208.0,200.0,203.0,1.5,9911.0,460.0,367.4
GBBL,5/6/2018,200.0,202.0,197.0,198.0,-2.46,4536.0,460.0,367.4
GBBL,5/7/2018,200.0,200.0,197.0,198.0,0.0,3869.0,460.0,367.4
GBBL,5/8/2018,199.0,200.0,197.0,200.0,1.01,6738.0,460.0,367.4
GBBL,5/9/2018,201.0,203.0,199.0,200.0,0.0,7158.0,460.0,367.4
GBBL,5/10/2018,200.0,203.0,200.0,203.0,1.5,1393.0,460.0,367.4
GBBL,5/14/2018,204.0,204.0,195.0,195.0,-3.94,5481.0,460.0,367.4
GBBL,5/15/2018,198.0,198.0,194.0,194.0,-0.51,1073.0,460.0,367.4
GBBL,5/16/2018,191.0,195.0,191.0,193.0,-0.52,2696.0,460.0,367.4
GBBL,5/17/2018,193.0,198.0,193.0,195.0,1.04,1443.0,460.0,367.4
GBBL,5/20/2018,198.0,199.0,195.0,196.0,0.51,5122.0,460.0,367.4
GBBL,5/21/2018,195.0,200.0,194.0,200.0,2.04,1751.0,460.0,367.4
GBBL,5/22/2018,200.0,200.0,196.0,197.0,-1.5,1149.0,460.0,367.4
GBBL,5/23/2018,196.0,196.0,190.0,193.0,-2.03,6899.0,460.0,367.4
GBBL,5/24/2018,191.0,192.0,189.0,190.0,-1.55,12231.0,460.0,367.4
GBBL,5/27/2018,188.0,190.0,187.0,189.0,-0.53,7939.0,460.0,367.4
GBBL,5/28/2018,188.0,194.0,186.0,193.0,2.12,12556.0,460.0,367.4
GBBL,5/29/2018,196.0,199.0,195.0,195.0,1.04,2527.0,460.0,367.4
GBBL,5/30/2018,197.0,197.0,190.0,194.0,-0.51,16793.0,460.0,367.4
GBBL,5/31/2018,192.0,194.0,191.0,192.0,-1.03,6008.0,460.0,367.4
GBBL,6/3/2018,190.0,190.0,184.0,186.0,-3.12,6285.0,460.0,367.4
GBBL,6/4/2018,183.0,190.0,183.0,187.0,0.54,1918.0,460.0,367.4
GBBL,6/6/2018,190.0,193.0,190.0,191.0,2.14,110.0,460.0,367.4
GBBL,6/7/2018,190.0,190.0,181.0,181.0,-5.24,8143.0,460.0,367.4
GBBL,6/10/2018,180.0,183.0,176.0,178.0,-1.66,5822.0,460.0,367.4
GBBL,6/11/2018,178.0,184.0,176.0,180.0,1.12,7999.0,460.0,367.4
GBBL,6/12/2018,180.0,181.0,173.0,176.0,-2.22,2422.0,460.0,367.4
GBBL,6/13/2018,175.0,179.0,175.0,178.0,1.14,3526.0,460.0,367.4
GBBL,6/14/2018,178.0,185.0,178.0,180.0,1.12,3925.0,460.0,367.4
GBBL,6/17/2018,181.0,183.0,180.0,180.0,0.0,3362.0,460.0,367.4
GBBL,6/18/2018,179.0,186.0,179.0,186.0,3.33,1914.0,460.0,367.4
GBBL,6/19/2018,183.0,183.0,177.0,180.0,-3.23,2084.0,460.0,367.4
GBBL,6/20/2018,181.0,181.0,177.0,178.0,-1.11,2073.0,460.0,367.4
GBBL,6/21/2018,178.0,183.0,176.0,183.0,2.81,594.0,460.0,367.4
GBBL,6/24/2018,180.0,185.0,178.0,180.0,-1.64,4286.0,460.0,367.4
GBBL,6/25/2018,181.0,182.0,178.0,179.0,-0.56,1288.0,460.0,367.4
GBBL,6/26/2018,179.0,180.0,174.0,175.0,-2.23,3905.0,460.0,367.4
GBBL,6/27/2018,175.0,178.0,173.0,178.0,1.71,3238.0,460.0,367.4
GBBL,6/28/2018,180.0,181.0,178.0,178.0,0.0,2712.0,460.0,367.4
GBBL,7/1/2018,175.0,175.0,172.0,172.0,-3.37,3345.0,460.0,367.4
GBBL,7/2/2018,173.0,175.0,170.0,173.0,0.58,3010.0,460.0,367.4
GBBL,7/3/2018,173.0,176.0,170.0,175.0,1.16,3096.0,460.0,367.4
GBBL,7/4/2018,173.0,180.0,173.0,177.0,1.14,4410.0,460.0,367.4
GBBL,7/5/2018,176.0,182.0,175.0,180.0,1.69,6418.0,460.0,367.4
GBBL,7/8/2018,181.0,184.0,179.0,180.0,0.0,4822.0,460.0,367.4
GBBL,7/9/2018,181.0,181.0,179.0,179.0,-0.56,2285.0,460.0,367.4
GBBL,7/10/2018,181.0,182.0,180.0,181.0,1.12,3650.0,460.0,367.4
GBBL,7/11/2018,182.0,183.0,180.0,180.0,-0.55,2223.0,460.0,367.4
GBBL,7/12/2018,180.0,180.0,174.0,178.0,-1.11,4454.0,460.0,367.4
GBBL,7/15/2018,180.0,181.0,175.0,180.0,1.12,3104.0,460.0,367.4
GBBL,7/16/2018,180.0,185.0,178.0,182.0,1.11,3864.0,460.0,367.4
GBBL,7/17/2018,179.0,181.0,175.0,180.0,-1.1,9189.0,460.0,367.4
GBBL,7/18/2018,181.0,181.0,177.0,179.0,-0.56,23834.0,460.0,367.4
GBBL,7/19/2018,179.0,180.0,176.0,177.0,-1.12,2876.0,460.0,367.4
GBBL,7/22/2018,177.0,177.0,170.0,170.0,-3.95,3623.0,460.0,367.4
GBBL,7/23/2018,170.0,176.0,170.0,176.0,3.53,1208.0,460.0,367.4
GBBL,7/24/2018,179.0,184.0,179.0,181.0,2.84,3225.0,460.0,367.4
GBBL,7/25/2018,179.0,182.0,179.0,181.0,0.0,3054.0,460.0,367.4
GBBL,7/26/2018,180.0,181.0,175.0,181.0,0.0,6302.0,460.0,367.4
GBBL,7/29/2018,181.0,182.0,180.0,182.0,0.55,6144.0,460.0,367.4
GBBL,7/30/2018,182.0,183.0,180.0,181.0,-0.55,7342.0,460.0,367.4
GBBL,7/31/2018,180.0,183.0,180.0,183.0,1.1,2415.0,460.0,367.4
GBBL,8/1/2018,182.0,183.0,179.0,183.0,0.0,14863.0,460.0,367.4
GBBL,8/2/2018,182.0,183.0,179.0,181.0,-1.09,3586.0,460.0,367.4
GBBL,8/5/2018,184.0,184.0,182.0,183.0,1.1,1141.0,460.0,367.4
GBBL,8/6/2018,184.0,186.0,183.0,186.0,1.64,2828.0,460.0,367.4
GBBL,8/7/2018,185.0,185.0,181.0,185.0,-0.54,3620.0,460.0,367.4
GBBL,8/8/2018,185.0,185.0,181.0,183.0,-1.08,5417.0,460.0,367.4
GBBL,8/9/2018,181.0,185.0,181.0,184.0,0.55,8547.0,460.0,367.4
GBBL,8/12/2018,182.0,183.0,181.0,182.0,-1.09,3790.0,460.0,367.4
GBBL,8/13/2018,183.0,184.0,182.0,183.0,0.55,4543.0,460.0,367.4
GBBL,8/14/2018,185.0,187.0,183.0,185.0,1.09,6924.0,460.0,367.4
GBBL,8/15/2018,187.0,194.0,187.0,191.0,3.24,9376.0,460.0,367.4
GBBL,8/16/2018,190.0,194.0,190.0,192.0,0.52,8382.0,460.0,367.4
GBBL,8/19/2018,190.0,192.0,189.0,190.0,-1.04,4989.0,460.0,367.4
GBBL,8/20/2018,190.0,190.0,185.0,186.0,-2.11,8358.0,460.0,367.4
GBBL,8/21/2018,185.0,187.0,185.0,187.0,0.54,3545.0,460.0,367.4
GBBL,8/22/2018,186.0,187.0,186.0,187.0,0.0,731.0,460.0,367.4
GBBL,8/23/2018,186.0,188.0,184.0,186.0,-0.53,3652.0,460.0,367.4
GBBL,8/26/2018,188.0,189.0,185.0,185.0,-0.54,948.0,460.0,367.4
GBBL,8/28/2018,183.0,191.0,182.0,191.0,3.24,8199.0,460.0,367.4
GBBL,8/29/2018,191.0,191.0,183.0,186.0,-2.62,4824.0,460.0,367.4
GBBL,8/30/2018,184.0,188.0,184.0,187.0,0.54,3059.0,460.0,367.4
GBBL,9/2/2018,188.0,191.0,188.0,191.0,2.14,2870.0,460.0,367.4
GBBL,9/3/2018,191.0,196.0,191.0,193.0,1.05,8865.0,460.0,367.4
GBBL,9/4/2018,193.0,195.0,191.0,193.0,0.0,3456.0,460.0,367.4
GBBL,9/5/2018,195.0,198.0,192.0,196.0,1.55,9971.0,460.0,367.4
GBBL,9/6/2018,195.0,197.0,192.0,193.0,-1.53,4466.0,460.0,367.4
GBBL,9/9/2018,190.0,193.0,188.0,192.0,-0.52,5625.0,460.0,367.4
GBBL,9/10/2018,191.0,192.0,190.0,191.0,-0.52,2078.0,460.0,367.4
GBBL,9/11/2018,194.0,200.0,193.0,194.0,1.57,16489.0,460.0,367.4
GBBL,9/12/2018,195.0,197.0,195.0,197.0,1.55,5717.0,460.0,367.4
GBBL,9/13/2018,200.0,202.0,197.0,198.0,0.51,21068.0,460.0,367.4
GBBL,9/16/2018,201.0,206.0,201.0,205.0,3.54,16029.0,460.0,367.4
GBBL,9/17/2018,207.0,208.0,201.0,203.0,-0.98,8350.0,460.0,367.4
GBBL,9/18/2018,203.0,204.0,198.0,198.0,-2.46,17368.0,460.0,367.4
GBBL,9/20/2018,197.0,200.0,196.0,197.0,-0.51,9940.0,460.0,367.4
GBBL,9/23/2018,198.0,201.0,197.0,201.0,2.03,19801.0,460.0,367.4
GBBL,9/25/2018,203.0,209.0,199.0,206.0,2.49,27574.0,460.0,367.4
GBBL,9/26/2018,206.0,208.0,201.0,205.0,-0.49,22211.0,460.0,367.4
GBBL,9/27/2018,201.0,209.0,201.0,206.0,0.49,45667.0,460.0,367.4
GBBL,9/30/2018,186.0,187.0,182.0,182.0,-11.65,7921.0,460.0,367.4
GBBL,10/1/2018,180.0,182.0,178.0,179.0,-1.65,4862.0,460.0,367.4
GBBL,10/2/2018,176.0,180.0,176.0,180.0,0.56,3744.0,460.0,367.4
GBBL,10/3/2018,178.0,178.0,174.0,174.0,-3.33,22081.0,460.0,367.4
GBBL,10/4/2018,175.0,176.0,173.0,174.0,0.0,4158.0,460.0,367.4
GBBL,10/7/2018,173.0,174.0,171.0,171.0,-1.72,6374.0,460.0,367.4
GBBL,10/8/2018,173.0,175.0,172.0,173.0,1.17,4501.0,460.0,367.4
GBBL,10/9/2018,174.0,177.0,174.0,174.0,0.58,6799.0,460.0,367.4
GBBL,10/10/2018,174.0,175.0,173.0,173.0,-0.57,4679.0,460.0,367.4
GBBL,10/11/2018,174.0,175.0,173.0,175.0,1.16,2111.0,460.0,367.4
GBBL,10/14/2018,178.0,180.0,177.0,179.0,2.29,5512.0,460.0,367.4
GBBL,10/15/2018,179.0,182.0,179.0,180.0,0.56,9378.0,460.0,367.4
GBBL,10/21/2018,183.0,183.0,181.0,183.0,1.67,711.0,460.0,367.4
GBBL,10/22/2018,185.0,185.0,179.0,183.0,0.0,6251.0,460.0,367.4
GBBL,10/23/2018,183.0,183.0,180.0,181.0,-1.09,9380.0,460.0,367.4
GBBL,10/24/2018,183.0,184.0,182.0,184.0,1.66,3497.0,460.0,367.4
GBBL,10/25/2018,181.0,183.0,180.0,183.0,-0.54,6069.0,460.0,367.4
GBBL,10/28/2018,180.0,183.0,180.0,182.0,-0.55,5457.0,460.0,367.4
GBBL,10/29/2018,181.0,181.0,179.0,180.0,-1.1,4387.0,460.0,367.4
GBBL,10/30/2018,180.0,181.0,178.0,181.0,0.56,15135.0,460.0,367.4
GBBL,10/31/2018,181.0,181.0,180.0,180.0,-0.55,6064.0,460.0,367.4
GBBL,11/1/2018,181.0,182.0,180.0,181.0,0.56,2966.0,460.0,367.4
GBBL,11/4/2018,180.0,184.0,180.0,184.0,1.66,1484.0,460.0,367.4
GBBL,11/5/2018,183.0,183.0,181.0,181.0,-1.63,1528.0,460.0,367.4
GBBL,11/6/2018,181.0,188.0,184.0,186.0,2.76,4060.0,460.0,367.4
GBBL,11/11/2018,186.0,186.0,183.0,183.0,-1.61,1000.0,460.0,367.4
GBBL,11/12/2018,180.0,183.0,178.0,179.0,-2.19,3117.0,460.0,367.4
GBBL,11/13/2018,178.0,183.0,178.0,182.0,1.68,3417.0,460.0,367.4
GBBL,11/14/2018,180.0,183.0,180.0,183.0,0.55,3149.0,460.0,367.4
GBBL,11/15/2018,180.0,181.0,180.0,180.0,-1.64,2112.0,460.0,367.4
GBBL,11/18/2018,178.0,183.0,178.0,180.0,0.0,7269.0,460.0,367.4
GBBL,11/19/2018,180.0,183.0,179.0,181.0,0.56,6794.0,460.0,367.4
GBBL,11/20/2018,180.0,181.0,178.0,179.0,-1.1,2206.0,460.0,367.4
GBBL,11/21/2018,178.0,180.0,176.0,180.0,0.56,2736.0,460.0,367.4
GBBL,11/22/2018,180.0,182.0,180.0,182.0,1.11,3965.0,460.0,367.4
GBBL,11/25/2018,183.0,183.0,180.0,180.0,-1.1,330.0,460.0,367.4
GBBL,11/26/2018,179.0,179.0,177.0,177.0,-1.67,1889.0,460.0,367.4
GBBL,11/27/2018,176.0,178.0,176.0,178.0,0.56,687.0,460.0,367.4
GBBL,11/28/2018,178.0,179.0,178.0,179.0,0.56,760.0,460.0,367.4
GBBL,11/29/2018,180.0,180.0,177.0,179.0,0.0,2621.0,460.0,367.4
GBBL,12/2/2018,177.0,179.0,176.0,177.0,-1.12,8534.0,460.0,367.4
GBBL,12/3/2018,179.0,179.0,177.0,177.0,0.0,4997.0,460.0,367.4
GBBL,12/4/2018,177.0,179.0,177.0,179.0,1.13,4154.0,460.0,367.4
GBBL,12/5/2018,177.0,177.0,171.0,172.0,-3.91,11198.0,460.0,367.4
GBBL,12/6/2018,175.0,175.0,172.0,172.0,0.0,647.0,460.0,367.4
GBBL,12/9/2018,175.0,175.0,175.0,175.0,1.74,761.0,460.0,367.4
GBBL,12/10/2018,178.0,178.0,175.0,175.0,0.0,6067.0,460.0,367.4
GBBL,12/11/2018,172.0,175.0,172.0,175.0,0.0,480.0,460.0,367.4
GBBL,12/12/2018,174.0,175.0,173.0,174.0,-0.57,4170.0,460.0,367.4
GBBL,12/13/2018,172.0,175.0,172.0,175.0,0.57,2487.0,460.0,367.4
GBBL,12/16/2018,175.0,182.0,175.0,177.0,1.14,4797.0,460.0,367.4
GBBL,12/17/2018,176.0,176.0,174.0,175.0,-1.13,8103.0,460.0,367.4
GBBL,12/18/2018,174.0,177.0,174.0,176.0,0.57,5273.0,460.0,367.4
GBBL,12/19/2018,177.0,187.0,175.0,187.0,6.25,26583.0,460.0,367.4
GBBL,12/20/2018,188.0,194.0,188.0,190.0,1.6,23389.0,460.0,367.4
GBBL,12/23/2018,193.0,209.0,193.0,203.0,6.84,108895.0,460.0,367.4
GBBL,12/24/2018,203.0,205.0,186.0,190.0,-6.4,53030.0,460.0,367.4
GBBL,12/25/2018,189.0,192.0,184.0,188.0,-1.05,13518.0,460.0,367.4
GBBL,12/26/2018,186.0,198.0,186.0,193.0,2.66,7433.0,460.0,367.4
GBBL,12/27/2018,196.0,196.0,190.0,190.0,-1.55,15036.0,460.0,367.4
GBBL,12/30/2018,190.0,196.0,190.0,194.0,2.11,11755.0,460.0,367.4
GBBL,12/31/2018,191.0,192.0,189.0,189.0,-2.58,16705.0,460.0,367.4
GBBL,1/1/2019,190.0,192.0,187.0,191.0,1.06,10648.0,460.0,367.4
GBBL,1/2/2019,190.0,190.0,188.0,188.0,-1.57,8307.0,460.0,367.4
GBBL,1/3/2019,190.0,193.0,189.0,192.0,2.13,23239.0,460.0,367.4
GBBL,1/6/2019,190.0,190.0,189.0,190.0,-1.04,7413.0,460.0,367.4
GBBL,1/7/2019,189.0,191.0,189.0,190.0,0.0,9407.0,460.0,367.4
GBBL,1/8/2019,189.0,190.0,188.0,188.0,-1.05,5121.0,460.0,367.4
GBBL,1/9/2019,190.0,191.0,188.0,188.0,0.0,5109.0,460.0,367.4
GBBL,1/10/2019,189.0,190.0,188.0,188.0,0.0,5165.0,460.0,367.4
GBBL,1/13/2019,188.0,188.0,185.0,188.0,0.0,5956.0,460.0,367.4
GBBL,1/14/2019,191.0,191.0,182.0,185.0,-1.6,7478.0,460.0,367.4
GBBL,1/15/2019,188.0,190.0,186.0,190.0,2.7,3075.0,460.0,367.4
GBBL,1/16/2019,187.0,187.0,185.0,187.0,-1.58,4586.0,460.0,367.4
GBBL,1/17/2019,188.0,191.0,188.0,189.0,1.07,4370.0,460.0,367.4
GBBL,1/20/2019,189.0,189.0,186.0,186.0,-1.59,264.0,460.0,367.4
GBBL,1/21/2019,185.0,188.0,184.0,184.0,-1.08,8240.0,460.0,367.4
GBBL,1/22/2019,181.0,186.0,181.0,185.0,0.54,13496.0,460.0,367.4
GBBL,1/23/2019,185.0,186.0,184.0,186.0,0.54,1909.0,460.0,367.4
GBBL,1/24/2019,187.0,187.0,184.0,185.0,-0.54,6418.0,460.0,367.4
GBBL,1/27/2019,185.0,185.0,182.0,184.0,-0.54,1503.0,460.0,367.4
GBBL,1/28/2019,182.0,184.0,182.0,183.0,-0.54,1324.0,460.0,367.4
GBBL,1/29/2019,186.0,188.0,185.0,185.0,1.09,9703.0,460.0,367.4
GBBL,1/30/2019,188.0,188.0,184.0,184.0,-0.54,8725.0,460.0,367.4
GBBL,1/31/2019,184.0,186.0,184.0,185.0,0.54,5089.0,460.0,367.4
GBBL,2/3/2019,184.0,186.0,184.0,184.0,-0.54,8116.0,460.0,367.4
GBBL,2/4/2019,185.0,185.0,184.0,184.0,0.0,12601.0,460.0,367.4
GBBL,2/5/2019,182.0,186.0,182.0,185.0,0.54,3486.0,460.0,367.4
GBBL,2/6/2019,182.0,185.0,182.0,185.0,0.0,2957.0,460.0,367.4
GBBL,2/7/2019,185.0,185.0,183.0,185.0,0.0,2126.0,460.0,367.4
GBBL,2/10/2019,186.0,186.0,181.0,182.0,-1.62,5375.0,460.0,367.4
GBBL,2/11/2019,180.0,183.0,180.0,183.0,0.55,3309.0,460.0,367.4
GBBL,2/12/2019,182.0,182.0,181.0,182.0,-0.55,2066.0,460.0,367.4
GBBL,2/13/2019,182.0,183.0,180.0,182.0,0.0,4662.0,460.0,367.4
GBBL,2/14/2019,180.0,182.0,179.0,182.0,0.0,9578.0,460.0,367.4
GBBL,2/17/2019,180.0,183.0,180.0,182.0,0.0,2669.0,460.0,367.4
GBBL,2/18/2019,180.0,183.0,180.0,182.0,0.0,3899.0,460.0,367.4
GBBL,2/19/2019,181.0,186.0,181.0,186.0,2.2,4562.0,460.0,367.4
GBBL,2/20/2019,183.0,185.0,181.0,181.0,-2.69,3710.0,460.0,367.4
GBBL,2/21/2019,179.0,182.0,179.0,180.0,-0.55,4292.0,460.0,367.4
GBBL,2/24/2019,179.0,181.0,178.0,180.0,0.0,2953.0,460.0,367.4
GBBL,2/25/2019,179.0,182.0,179.0,182.0,1.11,5107.0,460.0,367.4
GBBL,2/26/2019,182.0,182.0,180.0,182.0,0.0,1978.0,460.0,367.4
GBBL,2/27/2019,180.0,181.0,179.0,180.0,-1.1,3529.0,460.0,367.4
GBBL,3/3/2019,180.0,182.0,179.0,180.0,0.0,5493.0,460.0,367.4
GBBL,3/5/2019,180.0,183.0,180.0,180.0,0.0,8674.0,460.0,367.4
GBBL,3/6/2019,180.0,185.0,180.0,185.0,2.78,22930.0,460.0,367.4
GBBL,3/7/2019,188.0,188.0,181.0,185.0,0.0,4233.0,460.0,367.4
GBBL,3/10/2019,185.0,185.0,180.0,182.0,-1.62,3936.0,460.0,367.4
GBBL,3/11/2019,182.0,186.0,182.0,185.0,1.65,11488.0,460.0,367.4
GBBL,3/12/2019,185.0,189.0,185.0,189.0,2.16,9417.0,460.0,367.4
GBBL,3/13/2019,190.0,190.0,185.0,185.0,-2.12,6622.0,460.0,367.4
GBBL,3/14/2019,185.0,193.0,185.0,193.0,4.32,13022.0,460.0,367.4
GBBL,3/17/2019,194.0,194.0,190.0,190.0,-1.55,9252.0,460.0,367.4
GBBL,3/18/2019,190.0,193.0,188.0,188.0,-1.05,3974.0,460.0,367.4
GBBL,3/19/2019,188.0,189.0,186.0,189.0,0.53,2794.0,460.0,367.4
GBBL,3/21/2019,189.0,189.0,186.0,187.0,-1.06,6486.0,460.0,367.4
GBBL,3/24/2019,186.0,186.0,184.0,185.0,-1.07,9260.0,460.0,367.4
GBBL,3/25/2019,183.0,190.0,183.0,190.0,2.7,5219.0,460.0,367.4
GBBL,3/26/2019,187.0,188.0,185.0,187.0,-1.58,3824.0,460.0,367.4
GBBL,3/27/2019,186.0,193.0,186.0,192.0,2.67,7892.0,460.0,367.4
GBBL,3/28/2019,189.0,190.0,186.0,189.0,-1.56,3237.0,460.0,367.4
GBBL,3/31/2019,188.0,190.0,186.0,188.0,-0.53,1692.0,460.0,367.4
GBBL,4/1/2019,187.0,192.0,187.0,190.0,1.06,13278.0,460.0,367.4
GBBL,4/2/2019,193.0,193.0,188.0,191.0,0.53,12807.0,460.0,367.4
GBBL,4/3/2019,191.0,195.0,191.0,191.0,0.0,11506.0,460.0,367.4
GBBL,4/4/2019,193.0,193.0,191.0,191.0,0.0,17801.0,460.0,367.4
GBBL,4/7/2019,190.0,195.0,189.0,195.0,2.09,13845.0,460.0,367.4
GBBL,4/8/2019,198.0,199.0,195.0,197.0,1.03,30223.0,460.0,367.4
GBBL,4/9/2019,198.0,198.0,191.0,192.0,-2.54,5261.0,460.0,367.4
GBBL,4/10/2019,192.0,195.0,192.0,195.0,1.56,5484.0,460.0,367.4
GBBL,4/11/2019,198.0,198.0,193.0,195.0,0.0,7911.0,460.0,367.4
GBBL,4/15/2019,195.0,198.0,195.0,198.0,1.54,4964.0,460.0,367.4
GBBL,4/16/2019,200.0,205.0,197.0,205.0,3.54,14170.0,460.0,367.4
GBBL,4/17/2019,209.0,209.0,201.0,201.0,-1.95,14866.0,460.0,367.4
GBBL,4/18/2019,199.0,203.0,199.0,202.0,0.5,9454.0,460.0,367.4
GBBL,4/21/2019,204.0,208.0,201.0,208.0,2.97,21027.0,460.0,367.4
GBBL,4/22/2019,210.0,210.0,202.0,204.0,-1.92,26607.0,460.0,367.4
GBBL,4/23/2019,208.0,209.0,203.0,209.0,2.45,25316.0,460.0,367.4
GBBL,4/24/2019,207.0,215.0,206.0,212.0,1.44,24388.0,460.0,367.4
GBBL,4/25/2019,215.0,223.0,215.0,220.0,3.77,29902.0,460.0,367.4
GBBL,4/28/2019,224.0,227.0,215.0,216.0,-1.82,24336.0,460.0,367.4
GBBL,4/29/2019,216.0,217.0,212.0,215.0,-0.46,14681.0,460.0,367.4
GBBL,4/30/2019,218.0,223.0,216.0,219.0,1.86,40334.0,460.0,367.4
GBBL,5/2/2019,219.0,222.0,215.0,220.0,0.46,14816.0,460.0,367.4
GBBL,5/5/2019,218.0,219.0,215.0,215.0,-2.27,14394.0,460.0,367.4
GBBL,5/6/2019,215.0,220.0,214.0,220.0,2.33,21615.0,460.0,367.4
GBBL,5/7/2019,224.0,226.0,220.0,226.0,2.73,34350.0,460.0,367.4
GBBL,5/8/2019,223.0,225.0,220.0,223.0,-1.33,37941.0,460.0,367.4
GBBL,5/9/2019,225.0,226.0,219.0,222.0,-0.45,8334.0,460.0,367.4
GBBL,5/12/2019,225.0,225.0,220.0,220.0,-0.9,10985.0,460.0,367.4
GBBL,5/13/2019,218.0,222.0,216.0,221.0,0.45,26257.0,460.0,367.4
GBBL,5/14/2019,220.0,224.0,220.0,221.0,0.0,20638.0,460.0,367.4
GBBL,5/15/2019,221.0,234.0,221.0,230.0,4.07,95864.0,460.0,367.4
GBBL,5/16/2019,234.0,240.0,231.0,238.0,3.48,50379.0,460.0,367.4
GBBL,5/19/2019,238.0,238.0,230.0,232.0,-2.52,39163.0,460.0,367.4
GBBL,5/20/2019,233.0,234.0,227.0,229.0,-1.29,25735.0,460.0,367.4
GBBL,5/21/2019,227.0,231.0,226.0,228.0,-0.44,12303.0,460.0,367.4
GBBL,5/22/2019,229.0,230.0,227.0,230.0,0.88,16310.0,460.0,367.4
GBBL,5/23/2019,228.0,230.0,225.0,225.0,-2.17,13692.0,460.0,367.4
GBBL,5/26/2019,223.0,225.0,222.0,222.0,-1.33,31217.0,460.0,367.4
GBBL,5/27/2019,220.0,226.0,220.0,224.0,0.9,12328.0,460.0,367.4
GBBL,5/28/2019,228.0,228.0,223.0,227.0,1.34,5675.0,460.0,367.4
GBBL,5/29/2019,231.0,234.0,225.0,226.0,-0.44,6149.0,460.0,367.4
GBBL,5/30/2019,230.0,234.0,228.0,228.0,0.88,32328.0,460.0,367.4
GBBL,6/2/2019,230.0,231.0,227.0,228.0,0.0,16766.0,460.0,367.4
GBBL,6/3/2019,230.0,230.0,224.0,224.0,-1.75,10676.0,460.0,367.4
GBBL,6/4/2019,226.0,226.0,222.0,223.0,-0.45,8547.0,460.0,367.4
GBBL,6/6/2019,224.0,226.0,222.0,225.0,0.9,6329.0,460.0,367.4
GBBL,6/10/2019,223.0,227.0,223.0,227.0,0.89,25223.0,460.0,367.4
GBBL,6/11/2019,225.0,228.0,224.0,228.0,0.44,7326.0,460.0,367.4
GBBL,6/12/2019,224.0,227.0,224.0,225.0,-1.32,3401.0,460.0,367.4
GBBL,6/13/2019,224.0,227.0,223.0,225.0,0.0,9997.0,460.0,367.4
GBBL,6/16/2019,223.0,226.0,222.0,225.0,0.0,6105.0,460.0,367.4
GBBL,6/17/2019,224.0,227.0,223.0,225.0,0.0,13083.0,460.0,367.4
GBBL,6/18/2019,214.0,227.0,214.0,224.0,-0.44,20113.0,460.0,367.4
GBBL,6/19/2019,224.0,224.0,223.0,224.0,0.0,2757.0,460.0,367.4
GBBL,6/20/2019,224.0,226.0,223.0,225.0,0.45,6545.0,460.0,367.4
GBBL,6/23/2019,223.0,226.0,223.0,224.0,-0.44,6938.0,460.0,367.4
GBBL,6/24/2019,225.0,225.0,223.0,224.0,0.0,10402.0,460.0,367.4
GBBL,6/25/2019,224.0,225.0,222.0,223.0,-0.45,10952.0,460.0,367.4
GBBL,6/26/2019,222.0,226.0,222.0,223.0,0.0,14979.0,460.0,367.4
GBBL,6/27/2019,224.0,225.0,221.0,221.0,-0.9,9486.0,460.0,367.4
GBBL,6/30/2019,221.0,222.0,220.0,220.0,-0.45,10070.0,460.0,367.4
GBBL,7/1/2019,215.0,221.0,215.0,220.0,0.0,8293.0,460.0,367.4
GBBL,7/2/2019,220.0,222.0,218.0,222.0,0.91,21784.0,460.0,367.4
GBBL,7/3/2019,220.0,226.0,218.0,225.0,1.35,28450.0,460.0,367.4
GBBL,7/4/2019,226.0,227.0,222.0,227.0,0.89,10877.0,460.0,367.4
GBBL,7/7/2019,226.0,226.0,223.0,224.0,-1.32,29177.0,460.0,367.4
GBBL,7/8/2019,225.0,225.0,221.0,221.0,-1.34,9441.0,460.0,367.4
GBBL,7/9/2019,221.0,226.0,221.0,222.0,0.45,6944.0,460.0,367.4
GBBL,7/10/2019,223.0,223.0,221.0,222.0,0.0,10461.0,460.0,367.4
GBBL,7/11/2019,224.0,225.0,221.0,222.0,0.0,11094.0,460.0,367.4
GBBL,7/14/2019,225.0,225.0,223.0,225.0,1.35,11135.0,460.0,367.4
GBBL,7/15/2019,225.0,226.0,223.0,225.0,0.0,10441.0,460.0,367.4
GBBL,7/16/2019,236.0,236.0,223.0,224.0,-0.44,7885.0,460.0,367.4
GBBL,7/17/2019,223.0,229.0,223.0,229.0,2.23,14202.0,460.0,367.4
GBBL,7/18/2019,231.0,232.0,229.0,229.0,0.0,4266.0,460.0,367.4
GBBL,7/21/2019,226.0,228.0,224.0,225.0,-1.75,5345.0,460.0,367.4
GBBL,7/22/2019,229.0,232.0,226.0,226.0,0.44,4758.0,460.0,367.4
GBBL,7/23/2019,225.0,230.0,225.0,227.0,0.44,2942.0,460.0,367.4
GBBL,7/24/2019,229.0,231.0,226.0,230.0,1.32,5778.0,460.0,367.4
GBBL,7/25/2019,230.0,230.0,226.0,227.0,-1.3,4032.0,460.0,367.4
GBBL,7/28/2019,225.0,227.0,221.0,224.0,-1.32,15554.0,460.0,367.4
GBBL,7/29/2019,226.0,228.0,222.0,225.0,0.45,5301.0,460.0,367.4
GBBL,7/30/2019,226.0,227.0,226.0,226.0,0.44,5823.0,460.0,367.4
GBBL,7/31/2019,222.0,226.0,222.0,223.0,-1.33,8483.0,460.0,367.4
GBBL,8/1/2019,226.0,227.0,223.0,223.0,0.0,10308.0,460.0,367.4
GBBL,8/4/2019,224.0,224.0,222.0,224.0,0.45,4845.0,460.0,367.4
GBBL,8/5/2019,225.0,225.0,222.0,222.0,-0.89,9558.0,460.0,367.4
GBBL,8/6/2019,220.0,222.0,220.0,220.0,-0.9,4545.0,460.0,367.4
GBBL,8/7/2019,223.0,224.0,221.0,221.0,0.45,2531.0,460.0,367.4
GBBL,8/8/2019,220.0,221.0,219.0,219.0,-0.9,4337.0,460.0,367.4
GBBL,8/11/2019,219.0,220.0,218.0,219.0,0.0,1608.0,460.0,367.4
GBBL,8/12/2019,216.0,222.0,216.0,217.0,-0.91,12078.0,460.0,367.4
GBBL,8/13/2019,221.0,221.0,214.0,215.0,-0.92,14399.0,460.0,367.4
GBBL,8/14/2019,219.0,219.0,211.0,213.0,-0.93,11294.0,460.0,367.4
GBBL,8/15/2019,212.0,215.0,212.0,214.0,0.47,35008.0,460.0,367.4
GBBL,8/18/2019,213.0,217.0,213.0,216.0,0.93,23021.0,460.0,367.4
GBBL,8/19/2019,214.0,217.0,214.0,215.0,-0.46,12631.0,460.0,367.4
GBBL,8/20/2019,216.0,216.0,213.0,215.0,0.0,7443.0,460.0,367.4
GBBL,8/21/2019,215.0,216.0,213.0,216.0,0.47,3069.0,460.0,367.4
GBBL,8/22/2019,217.0,219.0,212.0,212.0,-1.85,8169.0,460.0,367.4
GBBL,8/25/2019,211.0,215.0,211.0,212.0,0.0,4050.0,460.0,367.4
GBBL,8/26/2019,212.0,214.0,212.0,213.0,0.47,3310.0,460.0,367.4
GBBL,8/27/2019,213.0,216.0,213.0,215.0,0.94,2870.0,460.0,367.4
GBBL,8/28/2019,215.0,216.0,211.0,211.0,-1.86,12292.0,460.0,367.4
GBBL,8/29/2019,215.0,215.0,211.0,214.0,1.42,10121.0,460.0,367.4
GBBL,9/1/2019,213.0,214.0,211.0,213.0,-0.47,7417.0,460.0,367.4
GBBL,9/2/2019,213.0,213.0,208.0,210.0,-1.41,12794.0,460.0,367.4
GBBL,9/3/2019,206.0,216.0,206.0,214.0,1.9,14446.0,460.0,367.4
GBBL,9/4/2019,210.0,215.0,210.0,214.0,0.0,3607.0,460.0,367.4
GBBL,9/5/2019,214.0,217.0,214.0,214.0,0.0,17636.0,460.0,367.4
GBBL,9/8/2019,215.0,215.0,212.0,212.0,-0.93,10772.0,460.0,367.4
GBBL,9/9/2019,212.0,212.0,211.0,212.0,0.0,3470.0,460.0,367.4
GBBL,9/10/2019,213.0,214.0,212.0,213.0,0.47,4224.0,460.0,367.4
GBBL,9/11/2019,214.0,214.0,212.0,213.0,0.0,9755.0,460.0,367.4
GBBL,9/12/2019,210.0,213.0,210.0,212.0,-0.47,9049.0,460.0,367.4
GBBL,9/15/2019,210.0,210.0,207.0,207.0,-2.36,9538.0,460.0,367.4
GBBL,9/16/2019,210.0,210.0,206.0,207.0,0.0,7813.0,460.0,367.4
GBBL,9/17/2019,206.0,212.0,206.0,212.0,2.42,10982.0,460.0,367.4
GBBL,9/18/2019,215.0,215.0,212.0,215.0,1.42,3772.0,460.0,367.4
GBBL,9/19/2019,212.0,215.0,212.0,214.0,-0.47,1238.0,460.0,367.4
GBBL,9/22/2019,213.0,213.0,208.0,208.0,-2.8,961.0,460.0,367.4
GBBL,9/23/2019,210.0,210.0,207.0,208.0,0.0,5172.0,460.0,367.4
GBBL,9/24/2019,208.0,208.0,207.0,208.0,0.0,6710.0,460.0,367.4
GBBL,9/25/2019,209.0,209.0,206.0,208.0,0.0,9932.0,460.0,367.4
GBBL,9/26/2019,207.0,209.0,207.0,208.0,0.0,2264.0,460.0,367.4
GBBL,9/29/2019,207.0,211.0,207.0,209.0,0.48,2102.0,460.0,367.4
GBBL,9/30/2019,209.0,210.0,209.0,210.0,0.48,5551.0,460.0,367.4
GBBL,10/1/2019,214.0,214.0,210.0,212.0,0.95,1549.0,460.0,367.4
GBBL,10/2/2019,212.0,213.0,210.0,210.0,-0.94,3441.0,460.0,367.4
GBBL,10/3/2019,211.0,212.0,210.0,212.0,0.95,3214.0,460.0,367.4
GBBL,10/10/2019,212.0,212.0,212.0,212.0,0.0,750.0,460.0,367.4
GBBL,10/14/2019,210.0,213.0,209.0,210.0,-0.94,2461.0,460.0,367.4
GBBL,10/15/2019,210.0,214.0,210.0,212.0,0.95,2515.0,460.0,367.4
GBBL,10/16/2019,214.0,217.0,213.0,216.0,1.89,1275.0,460.0,367.4
GBBL,10/17/2019,216.0,216.0,213.0,216.0,0.0,3088.0,460.0,367.4
GBBL,10/20/2019,214.0,214.0,213.0,213.0,-1.39,2205.0,460.0,367.4
GBBL,10/21/2019,213.0,213.0,213.0,213.0,0.0,1955.0,460.0,367.4
GBBL,10/22/2019,214.0,214.0,211.0,211.0,-0.94,3527.0,460.0,367.4
GBBL,10/23/2019,214.0,220.0,212.0,216.0,2.37,2481.0,460.0,367.4
GBBL,10/24/2019,218.0,219.0,216.0,219.0,1.39,6962.0,460.0,367.4
GBBL,10/31/2019,220.0,221.0,216.0,220.0,0.46,7046.0,460.0,367.4
GBBL,11/3/2019,221.0,223.0,220.0,222.0,0.91,13093.0,460.0,367.4
GBBL,11/4/2019,222.0,225.0,221.0,224.0,0.9,12324.0,460.0,367.4
GBBL,11/5/2019,224.0,225.0,222.0,224.0,0.0,3218.0,460.0,367.4
GBBL,11/6/2019,225.0,225.0,223.0,223.0,-0.45,5034.0,460.0,367.4
GBBL,11/7/2019,222.0,224.0,221.0,221.0,-0.9,11331.0,460.0,367.4
GBBL,11/10/2019,218.0,221.0,218.0,221.0,0.0,13917.0,460.0,367.4
GBBL,11/11/2019,220.0,223.0,220.0,221.0,0.0,12800.0,460.0,367.4
GBBL,11/12/2019,221.0,221.0,220.0,221.0,0.0,3858.0,460.0,367.4
GBBL,11/13/2019,219.0,220.0,217.0,220.0,-0.45,5290.0,460.0,367.4
GBBL,11/14/2019,220.0,222.0,219.0,219.0,-0.45,6335.0,460.0,367.4
GBBL,11/17/2019,223.0,226.0,223.0,223.0,1.83,24291.0,460.0,367.4
GBBL,11/18/2019,225.0,225.0,221.0,224.0,0.45,8818.0,460.0,367.4
GBBL,11/19/2019,225.0,227.0,224.0,225.0,0.45,9662.0,460.0,367.4
GBBL,11/20/2019,226.0,227.0,225.0,225.0,0.0,11148.0,460.0,367.4
GBBL,11/21/2019,226.0,227.0,223.0,225.0,0.0,24673.0,460.0,367.4
GBBL,11/24/2019,227.0,227.0,223.0,224.0,-0.44,5112.0,460.0,367.4
GBBL,11/25/2019,222.0,223.0,220.0,222.0,-0.89,14910.0,460.0,367.4
GBBL,11/26/2019,222.0,225.0,221.0,222.0,0.0,7411.0,460.0,367.4
GBBL,11/27/2019,222.0,224.0,221.0,224.0,0.9,11314.0,460.0,367.4
GBBL,11/28/2019,225.0,225.0,223.0,224.0,0.0,29115.0,460.0,367.4
GBBL,12/1/2019,190.0,190.0,183.0,187.0,-16.52,11440.0,460.0,367.4
GBBL,12/2/2019,190.0,191.0,190.0,190.0,1.6,2375.0,460.0,367.4
GBBL,12/3/2019,190.0,195.0,190.0,194.0,2.11,5363.0,460.0,367.4
GBBL,12/4/2019,194.0,196.0,194.0,196.0,1.03,5668.0,460.0,367.4
GBBL,12/5/2019,197.0,198.0,195.0,197.0,0.51,8693.0,460.0,367.4
GBBL,12/8/2019,197.0,198.0,196.0,197.0,0.0,5591.0,460.0,367.4
GBBL,12/9/2019,197.0,205.0,197.0,202.0,2.54,13118.0,460.0,367.4
GBBL,12/10/2019,201.0,206.0,201.0,205.0,1.49,10085.0,460.0,367.4
GBBL,12/11/2019,203.0,207.0,203.0,207.0,0.98,10953.0,460.0,367.4
GBBL,12/12/2019,210.0,210.0,204.0,206.0,-0.48,10847.0,460.0,367.4
GBBL,12/15/2019,206.0,208.0,202.0,202.0,-1.94,17843.0,460.0,367.4
GBBL,12/16/2019,202.0,204.0,200.0,200.0,-0.99,11308.0,460.0,367.4
GBBL,12/17/2019,201.0,201.0,201.0,201.0,0.5,1399.0,460.0,367.4
GBBL,12/18/2019,201.0,202.0,201.0,202.0,0.5,4982.0,460.0,367.4
GBBL,12/19/2019,200.0,204.0,200.0,202.0,0.0,5495.0,460.0,367.4
GBBL,12/22/2019,200.0,201.0,200.0,201.0,-0.5,2770.0,460.0,367.4
GBBL,12/23/2019,203.0,204.0,201.0,204.0,1.49,7712.0,460.0,367.4
GBBL,12/24/2019,205.0,206.0,201.0,201.0,-1.47,3766.0,460.0,367.4
GBBL,12/25/2019,201.0,202.0,200.0,201.0,0.0,7126.0,460.0,367.4
GBBL,12/26/2019,202.0,203.0,202.0,203.0,1.0,3276.0,460.0,367.4
GBBL,12/29/2019,203.0,203.0,200.0,200.0,-1.48,3603.0,460.0,367.4
GBBL,12/30/2019,200.0,201.0,200.0,200.0,0.0,4524.0,460.0,367.4
GBBL,12/31/2019,200.0,202.0,200.0,202.0,1.0,5919.0,460.0,367.4
GBBL,1/1/2020,203.0,203.0,202.0,203.0,0.5,2650.0,460.0,367.4
GBBL,1/2/2020,203.0,205.0,203.0,204.0,0.49,5444.0,460.0,367.4
GBBL,1/5/2020,206.0,207.0,204.0,205.0,0.49,7332.0,460.0,367.4
GBBL,1/6/2020,207.0,209.0,207.0,209.0,1.95,13075.0,460.0,367.4
GBBL,1/7/2020,210.0,214.0,210.0,214.0,2.39,12200.0,460.0,367.4
GBBL,1/8/2020,215.0,215.0,211.0,212.0,-0.93,23747.0,460.0,367.4
GBBL,1/9/2020,215.0,215.0,211.0,215.0,1.42,21408.0,460.0,367.4
GBBL,1/12/2020,213.0,223.0,213.0,223.0,3.72,21285.0,460.0,367.4
GBBL,1/13/2020,227.0,230.0,220.0,229.0,2.69,26492.0,460.0,367.4
GBBL,1/14/2020,229.0,229.0,221.0,226.0,-1.31,19863.0,460.0,367.4
GBBL,1/15/2020,230.0,232.0,227.0,232.0,2.65,12975.0,460.0,367.4
GBBL,1/16/2020,235.0,235.0,231.0,233.0,0.43,36004.0,460.0,367.4
GBBL,1/19/2020,233.0,245.0,233.0,240.0,3.0,33702.0,460.0,367.4
GBBL,1/20/2020,244.0,245.0,231.0,235.0,-2.08,46188.0,460.0,367.4
GBBL,1/21/2020,234.0,235.0,227.0,233.0,-0.85,34482.0,460.0,367.4
GBBL,1/22/2020,236.0,237.0,230.0,230.0,-1.29,6888.0,460.0,367.4
GBBL,1/23/2020,228.0,232.0,228.0,228.0,-0.87,12553.0,460.0,367.4
GBBL,1/26/2020,226.0,228.0,225.0,226.0,-0.88,25813.0,460.0,367.4
GBBL,1/27/2020,226.0,235.0,226.0,233.0,3.1,23417.0,460.0,367.4
GBBL,1/28/2020,233.0,235.0,231.0,231.0,-0.86,18289.0,460.0,367.4
GBBL,1/29/2020,233.0,233.0,228.0,230.0,-0.43,18701.0,460.0,367.4
GBBL,1/30/2020,234.0,234.0,229.0,232.0,0.87,13726.0,460.0,367.4
GBBL,2/2/2020,236.0,237.0,232.0,235.0,1.29,36125.0,460.0,367.4
GBBL,2/3/2020,237.0,258.0,236.0,257.0,9.36,163618.0,460.0,367.4
GBBL,2/4/2020,255.0,257.0,240.0,250.0,-2.72,152614.0,460.0,367.4
GBBL,2/5/2020,255.0,255.0,243.0,248.0,-0.8,31764.0,460.0,367.4
GBBL,2/6/2020,248.0,249.0,242.0,244.0,-1.61,26882.0,460.0,367.4
GBBL,2/9/2020,240.0,244.0,239.0,240.0,-1.64,35545.0,460.0,367.4
GBBL,2/10/2020,240.0,242.0,236.0,241.0,0.42,23584.0,460.0,367.4
GBBL,2/11/2020,242.0,245.0,240.0,244.0,1.24,17802.0,460.0,367.4
GBBL,2/12/2020,247.0,247.0,241.0,241.0,-1.23,24741.0,460.0,367.4
GBBL,2/13/2020,241.0,243.0,238.0,238.0,-1.24,28570.0,460.0,367.4
GBBL,2/16/2020,242.0,246.0,238.0,239.0,0.42,13637.0,460.0,367.4
GBBL,2/17/2020,243.0,248.0,240.0,247.0,3.35,45387.0,460.0,367.4
GBBL,2/18/2020,247.0,249.0,242.0,246.0,-0.4,41031.0,460.0,367.4
GBBL,2/19/2020,242.0,248.0,242.0,244.0,-0.81,11132.0,460.0,367.4
GBBL,2/20/2020,247.0,247.0,243.0,244.0,0.0,27710.0,460.0,367.4
GBBL,2/23/2020,246.0,263.0,246.0,257.0,5.33,58214.0,460.0,367.4
GBBL,2/24/2020,262.0,269.0,254.0,256.0,-0.39,52940.0,460.0,367.4
GBBL,2/25/2020,251.0,260.0,247.0,259.0,1.17,35925.0,460.0,367.4
GBBL,2/26/2020,260.0,280.0,260.0,273.0,5.41,170441.0,460.0,367.4
GBBL,2/27/2020,270.0,289.0,260.0,289.0,5.86,110293.0,460.0,367.4
GBBL,3/1/2020,290.0,298.0,273.0,273.0,-5.54,84685.0,460.0,367.4
GBBL,3/2/2020,268.0,270.0,246.0,246.0,-9.89,59894.0,460.0,367.4
GBBL,3/3/2020,246.0,265.0,243.0,255.0,3.66,94386.0,460.0,367.4
GBBL,3/4/2020,251.0,259.0,240.0,245.0,-3.92,109142.0,460.0,367.4
GBBL,3/5/2020,241.0,257.0,237.0,257.0,4.9,101032.0,460.0,367.4
GBBL,3/10/2020,252.0,252.0,235.0,236.0,-8.17,29893.0,460.0,367.4
GBBL,3/11/2020,240.0,253.0,233.0,249.0,5.51,58610.0,460.0,367.4
GBBL,3/12/2020,246.0,248.0,238.0,240.0,-3.61,66146.0,460.0,367.4
GBBL,3/15/2020,242.0,242.0,232.0,233.0,-2.92,46997.0,460.0,367.4
GBBL,3/16/2020,231.0,241.0,225.0,232.0,-0.43,28947.0,460.0,367.4
GBBL,3/17/2020,230.0,230.0,221.0,221.0,-4.74,45479.0,460.0,367.4
GBBL,3/18/2020,220.0,223.0,213.0,219.0,-0.9,36340.0,460.0,367.4
GBBL,3/19/2020,215.0,224.0,211.0,218.0,-0.46,35147.0,460.0,367.4
GBBL,3/22/2020,218.0,220.0,214.0,220.0,0.92,629.0,460.0,367.4
GBBL,5/12/2020,216.0,216.0,214.0,214.0,-2.73,20.0,460.0,367.4
GBBL,5/13/2020,210.0,210.0,208.0,208.0,-2.8,60.0,460.0,367.4
GBBL,6/29/2020,204.0,204.0,188.0,196.0,-5.77,19426.0,460.0,367.4
GBBL,6/30/2020,199.0,212.0,199.0,210.0,7.14,3257.0,460.0,367.4
GBBL,7/1/2020,214.0,222.0,214.0,220.0,4.76,2731.0,460.0,367.4
GBBL,7/2/2020,224.0,224.0,204.0,210.0,-4.55,6774.0,460.0,367.4
GBBL,7/5/2020,210.0,212.0,202.0,207.0,-1.43,19994.0,460.0,367.4
GBBL,7/6/2020,207.0,219.0,204.0,213.0,2.9,11813.0,460.0,367.4
GBBL,7/7/2020,213.0,224.0,211.0,218.0,2.35,27710.0,460.0,367.4
GBBL,7/8/2020,221.0,225.0,214.0,219.0,0.46,24467.0,460.0,367.4
GBBL,7/9/2020,218.0,222.0,218.0,220.0,0.46,11571.0,460.0,367.4
GBBL,7/12/2020,223.0,224.0,219.0,220.0,0.0,15630.0,460.0,367.4
GBBL,7/13/2020,220.0,221.0,218.0,220.0,0.0,7229.0,460.0,367.4
GBBL,7/14/2020,219.0,223.0,219.0,221.0,0.45,10326.0,460.0,367.4
GBBL,7/15/2020,224.0,225.0,220.0,223.0,0.9,24871.0,460.0,367.4
GBBL,7/16/2020,227.0,243.0,223.0,235.0,5.38,42622.0,460.0,367.4
GBBL,7/19/2020,239.0,243.0,239.0,243.0,3.4,70.0,460.0,367.4
GBBL,7/20/2020,255.0,265.0,241.0,245.0,0.82,72138.0,460.0,367.4
GBBL,7/21/2020,257.0,257.0,240.0,245.0,0.0,49254.0,460.0,367.4
GBBL,7/22/2020,246.0,257.0,244.0,248.0,1.22,75387.0,460.0,367.4
GBBL,7/23/2020,244.0,249.0,242.0,248.0,0.0,29211.0,460.0,367.4
GBBL,7/26/2020,244.0,252.0,244.0,247.0,-0.4,45402.0,460.0,367.4
GBBL,7/27/2020,245.0,253.0,245.0,250.0,1.21,26014.0,460.0,367.4
GBBL,7/28/2020,246.0,250.0,246.0,247.0,-1.2,7147.0,460.0,367.4
GBBL,7/29/2020,243.0,245.0,240.0,242.0,-2.02,18685.0,460.0,367.4
GBBL,7/30/2020,239.0,244.0,239.0,241.0,-0.41,16865.0,460.0,367.4
GBBL,8/2/2020,238.0,240.0,230.0,231.0,-4.15,36294.0,460.0,367.4
GBBL,8/3/2020,229.0,234.0,224.0,233.0,0.87,29290.0,460.0,367.4
GBBL,8/5/2020,230.0,231.0,225.0,227.0,-2.58,13604.0,460.0,367.4
GBBL,8/6/2020,225.0,229.0,224.0,227.0,0.0,17765.0,460.0,367.4
GBBL,8/9/2020,227.0,231.0,224.0,231.0,1.76,17874.0,460.0,367.4
GBBL,8/10/2020,235.0,242.0,228.0,241.0,4.33,37675.0,460.0,367.4
GBBL,8/11/2020,238.0,246.0,237.0,245.0,1.66,43357.0,460.0,367.4
GBBL,8/12/2020,241.0,244.0,239.0,241.0,-1.63,19981.0,460.0,367.4
GBBL,8/13/2020,242.0,242.0,235.0,235.0,-2.49,11862.0,460.0,367.4
GBBL,8/16/2020,232.0,234.0,228.0,234.0,-0.43,19124.0,460.0,367.4
GBBL,8/17/2020,234.0,235.0,231.0,234.0,0.0,8844.0,460.0,367.4
GBBL,8/18/2020,234.0,238.0,234.0,236.0,0.85,12167.0,460.0,367.4
GBBL,8/19/2020,232.0,233.0,230.0,231.0,-2.12,11337.0,460.0,367.4
GBBL,8/20/2020,228.0,234.0,228.0,231.0,0.0,5597.0,460.0,367.4
GBBL,8/23/2020,229.0,235.0,229.0,234.0,1.3,13913.0,460.0,367.4
GBBL,8/24/2020,234.0,240.0,234.0,237.0,1.28,23320.0,460.0,367.4
GBBL,8/25/2020,241.0,241.0,236.0,238.0,0.42,11601.0,460.0,367.4
GBBL,8/26/2020,237.0,241.0,235.0,240.0,0.84,32721.0,460.0,367.4
GBBL,8/27/2020,240.0,240.0,236.0,238.0,-0.83,13320.0,460.0,367.4
GBBL,8/30/2020,249.0,249.0,233.0,238.0,0.0,6806.0,460.0,367.4
GBBL,8/31/2020,237.0,243.0,236.0,239.0,0.42,29663.0,460.0,367.4
GBBL,9/2/2020,243.0,245.0,239.0,242.0,1.26,40963.0,460.0,367.4
GBBL,9/3/2020,240.0,242.0,237.0,240.0,-0.83,43243.0,460.0,367.4
GBBL,9/6/2020,244.0,250.0,237.0,237.0,-1.25,42933.0,460.0,367.4
GBBL,9/7/2020,236.0,238.0,232.0,237.0,0.0,10350.0,460.0,367.4
GBBL,9/8/2020,235.0,237.0,232.0,237.0,0.0,12843.0,460.0,367.4
GBBL,9/9/2020,239.0,239.0,234.0,236.0,-0.42,12006.0,460.0,367.4
GBBL,9/10/2020,240.0,240.0,234.0,235.0,-0.42,16670.0,460.0,367.4
GBBL,9/13/2020,246.0,246.0,234.0,236.0,0.43,24378.0,460.0,367.4
GBBL,9/14/2020,238.0,240.0,236.0,239.0,1.27,31255.0,460.0,367.4
GBBL,9/15/2020,243.0,245.0,236.0,237.0,-0.84,27793.0,460.0,367.4
GBBL,9/16/2020,234.0,239.0,233.0,236.0,-0.42,12877.0,460.0,367.4
GBBL,9/17/2020,238.0,259.0,237.0,246.0,4.24,61822.0,460.0,367.4
GBBL,9/20/2020,250.0,260.0,246.0,252.0,2.44,74612.0,460.0,367.4
GBBL,9/21/2020,256.0,257.0,247.0,251.0,-0.4,66722.0,460.0,367.4
GBBL,9/22/2020,263.0,263.0,245.0,245.0,-2.39,35551.0,460.0,367.4
GBBL,9/23/2020,244.0,246.0,239.0,245.0,0.0,22618.0,460.0,367.4
GBBL,9/24/2020,257.0,257.0,243.0,245.0,0.0,17609.0,460.0,367.4
GBBL,9/27/2020,243.0,254.0,243.0,248.0,1.22,25054.0,460.0,367.4
GBBL,9/28/2020,248.0,251.0,247.0,247.0,-0.4,10360.0,460.0,367.4
GBBL,9/29/2020,247.0,247.0,243.0,243.0,-1.62,14205.0,460.0,367.4
GBBL,9/30/2020,243.0,251.0,242.0,246.0,1.23,29643.0,460.0,367.4
GBBL,10/1/2020,246.0,255.0,246.0,252.0,2.44,62932.0,460.0,367.4
GBBL,10/4/2020,264.0,264.0,254.0,255.0,1.19,81171.0,460.0,367.4
GBBL,10/5/2020,267.0,267.0,252.0,253.0,-0.78,32293.0,460.0,367.4
GBBL,10/6/2020,243.0,264.0,243.0,258.0,1.98,89945.0,460.0,367.4
GBBL,10/7/2020,258.0,265.0,257.0,263.0,1.94,69683.0,460.0,367.4
GBBL,10/8/2020,268.0,270.0,262.0,264.0,0.38,74899.0,460.0,367.4
GBBL,10/11/2020,277.0,277.0,260.0,261.0,-1.14,45923.0,460.0,367.4
GBBL,10/12/2020,266.0,274.0,257.0,270.0,3.45,122848.0,460.0,367.4
GBBL,10/13/2020,275.0,277.0,267.0,268.0,-0.74,76020.0,460.0,367.4
GBBL,10/14/2020,266.0,271.0,261.0,267.0,-0.37,49893.0,460.0,367.4
GBBL,10/15/2020,268.0,270.0,260.0,265.0,-0.75,18646.0,460.0,367.4
GBBL,10/18/2020,260.0,263.0,258.0,258.0,-2.64,23388.0,460.0,367.4
GBBL,10/19/2020,256.0,263.0,255.0,263.0,1.94,9612.0,460.0,367.4
GBBL,10/20/2020,264.0,266.0,261.0,266.0,1.14,16526.0,460.0,367.4
GBBL,10/21/2020,270.0,270.0,265.0,265.0,-0.38,12965.0,460.0,367.4
GBBL,10/22/2020,270.0,270.0,265.0,267.0,0.75,18583.0,460.0,367.4
GBBL,10/28/2020,272.0,276.0,267.0,276.0,3.37,40724.0,460.0,367.4
GBBL,10/29/2020,276.0,284.0,273.0,275.0,-0.36,80567.0,460.0,367.4
GBBL,11/1/2020,274.0,278.0,269.0,270.0,-1.82,59134.0,460.0,367.4
GBBL,11/2/2020,274.0,274.0,267.0,270.0,0.0,30421.0,460.0,367.4
GBBL,11/3/2020,266.0,275.0,265.0,269.0,-0.37,21379.0,460.0,367.4
GBBL,11/4/2020,267.0,269.0,265.0,268.0,-0.37,19272.0,460.0,367.4
GBBL,11/5/2020,273.0,273.0,266.0,267.0,-0.37,13174.0,460.0,367.4
GBBL,11/8/2020,267.0,269.0,263.0,266.0,-0.37,48183.0,460.0,367.4
GBBL,11/9/2020,270.0,270.0,259.0,259.0,-2.63,68986.0,460.0,367.4
GBBL,11/10/2020,261.0,266.0,260.0,263.0,1.54,53641.0,460.0,367.4
GBBL,11/11/2020,261.0,265.0,261.0,264.0,0.38,38811.0,460.0,367.4
GBBL,11/12/2020,266.0,266.0,261.0,263.0,-0.38,46482.0,460.0,367.4
GBBL,11/18/2020,260.0,262.0,256.0,258.0,-1.9,43311.0,460.0,367.4
GBBL,11/19/2020,259.0,268.0,255.0,263.0,1.94,52015.0,460.0,367.4
GBBL,11/22/2020,268.0,268.0,259.0,264.0,0.38,50596.0,460.0,367.4
GBBL,11/23/2020,262.0,263.0,259.0,262.0,-0.76,26418.0,460.0,367.4
GBBL,11/24/2020,260.0,264.0,259.0,261.0,-0.38,27750.0,460.0,367.4
GBBL,11/25/2020,263.0,271.0,258.0,263.0,0.77,69598.0,460.0,367.4
GBBL,11/26/2020,267.0,271.0,263.0,264.0,0.38,106749.0,460.0,367.4
GBBL,11/29/2020,269.0,290.0,269.0,290.0,9.85,176364.0,460.0,367.4
GBBL,11/30/2020,304.0,304.0,276.0,279.0,-3.79,105510.0,460.0,367.4
GBBL,12/1/2020,292.0,292.0,268.0,271.0,-2.87,76655.0,460.0,367.4
GBBL,12/2/2020,270.0,280.0,268.0,272.0,0.37,95012.0,460.0,367.4
GBBL,12/3/2020,275.0,282.0,269.0,270.0,-0.74,65235.0,460.0,367.4
GBBL,12/6/2020,268.0,273.0,265.0,265.0,-1.85,55739.0,460.0,367.4
GBBL,12/7/2020,265.0,274.0,259.0,271.0,2.26,63908.0,460.0,367.4
GBBL,12/8/2020,276.0,281.0,269.0,269.0,-0.74,53093.0,460.0,367.4
GBBL,12/9/2020,266.0,271.0,265.0,270.0,0.37,65661.0,460.0,367.4
GBBL,12/10/2020,260.0,271.0,260.0,271.0,0.37,38726.0,460.0,367.4
GBBL,12/13/2020,276.0,285.0,272.0,284.0,4.8,129591.0,460.0,367.4
GBBL,12/14/2020,287.0,308.0,283.0,307.0,8.1,432279.0,460.0,367.4
GBBL,12/15/2020,310.0,313.0,298.0,301.0,-1.95,208289.0,460.0,367.4
GBBL,12/16/2020,300.0,319.0,299.0,312.0,3.65,176369.0,460.0,367.4
GBBL,12/17/2020,315.0,316.0,301.0,303.0,-2.88,83955.0,460.0,367.4
GBBL,12/20/2020,299.0,305.0,288.0,288.0,-4.95,144095.0,460.0,367.4
GBBL,12/21/2020,283.0,302.0,275.0,294.0,2.08,110809.0,460.0,367.4
GBBL,12/22/2020,297.0,308.0,297.0,305.0,3.74,126048.0,460.0,367.4
GBBL,12/23/2020,310.0,316.0,306.0,307.0,0.66,113852.0,460.0,367.4
GBBL,12/24/2020,307.0,314.0,306.0,308.0,0.33,93727.0,460.0,367.4
GBBL,12/27/2020,320.0,320.0,302.0,303.0,-1.62,59200.0,460.0,367.4
GBBL,12/28/2020,308.0,308.0,301.0,303.0,0.0,31341.0,460.0,367.4
GBBL,12/29/2020,318.0,318.0,298.0,302.0,-0.33,49631.0,460.0,367.4
GBBL,12/30/2020,306.0,306.0,298.0,300.0,-0.66,26381.0,460.0,367.4
GBBL,12/31/2020,299.0,305.0,299.0,303.0,1.0,33903.0,460.0,367.4
GBBL,1/3/2021,303.0,309.0,303.0,309.0,1.98,50860.0,460.0,367.4
GBBL,1/4/2021,315.0,321.0,309.0,312.0,0.97,153958.0,460.0,367.4
GBBL,1/5/2021,316.0,317.0,309.0,312.0,0.0,55429.0,460.0,367.4
GBBL,1/6/2021,315.0,317.0,310.0,314.0,0.64,64517.0,460.0,367.4
GBBL,1/7/2021,312.0,319.0,312.0,316.0,0.64,80250.0,460.0,367.4
GBBL,1/10/2021,318.0,326.0,315.0,326.0,3.16,254630.0,460.0,367.4
GBBL,1/11/2021,330.0,332.0,323.0,326.0,0.0,75272.0,460.0,367.4
GBBL,1/12/2021,326.0,327.0,317.0,325.0,-0.31,35166.0,460.0,367.4
GBBL,1/13/2021,328.0,332.0,324.0,325.0,0.0,103321.0,460.0,367.4
GBBL,1/17/2021,331.0,357.0,331.0,357.0,9.85,241317.0,460.0,367.4
GBBL,1/18/2021,365.0,377.0,360.0,363.0,1.68,201996.0,460.0,367.4
GBBL,1/19/2021,368.0,369.0,348.0,360.0,-0.83,149953.0,460.0,367.4
GBBL,1/20/2021,365.0,365.0,350.0,359.0,-0.28,93833.0,460.0,367.4
GBBL,1/21/2021,376.0,376.0,356.0,359.0,0.0,102596.0,460.0,367.4
GBBL,1/24/2021,366.0,372.0,360.0,368.0,2.51,290197.0,460.0,367.4
GBBL,1/25/2021,330.0,336.0,320.0,323.0,-12.23,201148.0,460.0,367.4
GBBL,1/26/2021,323.0,329.0,311.0,313.0,-3.1,112579.0,460.0,367.4
GBBL,1/27/2021,319.0,319.0,309.0,309.0,-1.28,90353.0,460.0,367.4
GBBL,1/28/2021,314.0,314.0,304.0,305.0,-1.29,85971.0,460.0,367.4
GBBL,1/31/2021,300.0,304.0,295.0,295.0,-3.28,56479.0,460.0,367.4
GBBL,2/1/2021,309.0,309.0,295.0,298.0,1.02,36954.0,460.0,367.4
GBBL,2/2/2021,312.0,312.0,299.0,301.0,1.01,91322.0,460.0,367.4
GBBL,2/3/2021,301.0,310.0,299.0,300.0,-0.33,54037.0,460.0,367.4
GBBL,2/4/2021,305.0,306.0,299.0,299.0,-0.33,60405.0,460.0,367.4
GBBL,2/7/2021,304.0,306.0,299.0,300.0,0.33,68962.0,460.0,367.4
GBBL,2/8/2021,315.0,323.0,303.0,321.0,7.0,156501.0,460.0,367.4
GBBL,2/9/2021,325.0,330.0,317.0,318.0,-0.93,181179.0,460.0,367.4
GBBL,2/10/2021,323.0,325.0,315.0,319.0,0.31,85718.0,460.0,367.4
GBBL,2/11/2021,323.0,328.0,317.0,319.0,0.0,92274.0,460.0,367.4
GBBL,2/14/2021,320.0,325.0,314.0,316.0,-0.94,40194.0,460.0,367.4
GBBL,2/15/2021,322.0,324.0,317.0,318.0,0.63,91531.0,460.0,367.4
GBBL,2/16/2021,333.0,333.0,320.0,320.0,0.63,105014.0,460.0,367.4
GBBL,2/17/2021,323.0,324.0,317.0,320.0,0.0,56050.0,460.0,367.4
GBBL,2/18/2021,336.0,336.0,319.0,334.0,4.37,220421.0,460.0,367.4
GBBL,2/21/2021,335.0,341.0,334.0,339.0,1.5,162520.0,460.0,367.4
GBBL,2/22/2021,341.0,342.0,327.0,328.0,-3.24,112822.0,460.0,367.4
GBBL,2/23/2021,325.0,327.0,316.0,324.0,-1.22,88369.0,460.0,367.4
GBBL,2/24/2021,321.0,333.0,320.0,327.0,0.93,85671.0,460.0,367.4
GBBL,2/25/2021,332.0,332.0,315.0,319.0,-2.45,51433.0,460.0,367.4
GBBL,2/28/2021,317.0,317.0,308.0,308.0,-3.45,68810.0,460.0,367.4
GBBL,3/1/2021,305.0,315.0,305.0,314.0,1.95,39101.0,460.0,367.4
GBBL,3/2/2021,318.0,318.0,303.0,306.0,-2.55,74017.0,460.0,367.4
GBBL,3/3/2021,307.0,307.0,296.0,303.0,-0.98,54880.0,460.0,367.4
GBBL,3/4/2021,306.0,313.0,304.0,309.0,1.98,38100.0,460.0,367.4
GBBL,3/7/2021,315.0,315.0,307.0,308.0,-0.32,40693.0,460.0,367.4
GBBL,3/9/2021,305.0,308.0,299.0,306.0,-0.65,19888.0,460.0,367.4
GBBL,3/10/2021,306.0,306.0,302.0,305.0,-0.33,26256.0,460.0,367.4
GBBL,3/14/2021,320.0,320.0,298.0,300.0,-1.64,36593.0,460.0,367.4
GBBL,3/15/2021,296.0,306.0,295.0,297.0,-1.0,35673.0,460.0,367.4
GBBL,3/16/2021,293.0,305.0,293.0,297.0,0.0,23080.0,460.0,367.4
GBBL,3/17/2021,300.0,301.0,296.0,301.0,1.35,16582.0,460.0,367.4
GBBL,3/18/2021,302.0,307.0,300.0,306.0,1.66,34847.0,460.0,367.4
GBBL,3/21/2021,306.0,316.0,305.0,311.0,1.63,78109.0,460.0,367.4
GBBL,3/22/2021,326.0,326.0,308.0,312.0,0.32,46259.0,460.0,367.4
GBBL,3/23/2021,310.0,310.0,307.0,308.0,-1.28,19836.0,460.0,367.4
GBBL,3/24/2021,313.0,314.0,308.0,308.0,0.0,24415.0,460.0,367.4
GBBL,3/25/2021,310.0,313.0,304.0,305.0,-0.97,34652.0,460.0,367.4
GBBL,3/29/2021,302.0,314.0,302.0,312.0,2.3,65397.0,460.0,367.4
GBBL,3/30/2021,318.0,318.0,309.0,313.0,0.32,46804.0,460.0,367.4
GBBL,3/31/2021,310.0,320.0,310.0,320.0,2.24,41584.0,460.0,367.4
GBBL,4/1/2021,320.0,334.0,317.0,324.0,1.25,82359.0,460.0,367.4
GBBL,4/4/2021,330.0,330.0,322.0,326.0,0.62,44671.0,460.0,367.4
GBBL,4/5/2021,327.0,328.0,317.0,322.0,-1.23,57914.0,460.0,367.4
GBBL,4/6/2021,322.0,323.0,317.0,322.0,0.0,37003.0,460.0,367.4
GBBL,4/7/2021,323.0,333.0,320.0,328.0,1.86,115002.0,460.0,367.4
GBBL,4/8/2021,330.0,337.0,326.0,333.0,1.52,124522.0,460.0,367.4
GBBL,4/12/2021,333.0,338.0,333.0,335.0,0.6,75619.0,460.0,367.4
GBBL,4/13/2021,339.0,351.0,335.0,348.0,3.88,272172.0,460.0,367.4
GBBL,4/15/2021,365.0,365.0,352.0,360.0,3.45,309955.0,460.0,367.4
GBBL,4/18/2021,378.0,379.0,358.0,360.0,0.0,446272.0,460.0,367.4
GBBL,4/19/2021,365.0,365.0,348.0,350.0,-2.78,152764.0,460.0,367.4
GBBL,4/20/2021,350.0,364.0,349.0,359.0,2.57,246853.0,460.0,367.4
GBBL,4/21/2021,361.0,365.0,343.0,349.0,-2.79,144778.0,460.0,367.4
GBBL,4/22/2021,342.0,352.0,342.0,350.0,0.29,101714.0,460.0,367.4
GBBL,4/25/2021,360.0,360.0,338.0,339.0,-3.14,127500.0,460.0,367.4
GBBL,4/26/2021,339.0,344.0,323.0,330.0,-2.65,130868.0,460.0,367.4
GBBL,4/27/2021,330.0,347.0,329.0,343.0,3.94,83171.0,460.0,367.4
GBBL,4/28/2021,345.0,350.0,337.0,340.0,-0.87,59945.0,460.0,367.4
GBBL,4/29/2021,334.0,343.0,334.0,343.0,0.88,30898.0,460.0,367.4
GBBL,5/2/2021,344.0,351.0,344.0,349.0,1.75,99250.0,460.0,367.4
GBBL,5/3/2021,352.0,355.0,343.0,346.0,-0.86,75178.0,460.0,367.4
GBBL,5/4/2021,345.0,346.0,341.0,343.0,-0.87,30714.0,460.0,367.4
GBBL,5/5/2021,349.0,349.0,340.0,343.0,0.0,36022.0,460.0,367.4
GBBL,5/6/2021,347.0,348.0,337.0,339.0,-1.17,56820.0,460.0,367.4
GBBL,5/9/2021,339.0,344.0,336.0,340.0,0.29,51099.0,460.0,367.4
GBBL,5/10/2021,337.0,345.0,336.0,343.0,0.88,37796.0,460.0,367.4
GBBL,5/11/2021,343.0,346.0,342.0,344.0,0.29,31718.0,460.0,367.4
GBBL,5/12/2021,347.0,347.0,341.0,343.0,-0.29,24627.0,460.0,367.4
GBBL,5/13/2021,343.0,350.0,341.0,349.0,1.75,71332.0,460.0,367.4
GBBL,5/16/2021,355.0,363.0,355.0,363.0,4.01,157646.0,460.0,367.4
GBBL,5/17/2021,375.0,375.0,357.0,359.0,-1.1,104123.0,460.0,367.4
GBBL,5/18/2021,376.0,376.0,358.0,369.0,2.79,128084.0,460.0,367.4
GBBL,5/19/2021,373.0,373.0,364.0,366.0,-0.81,139365.0,460.0,367.4
GBBL,5/20/2021,369.0,375.0,363.0,374.0,2.19,135597.0,460.0,367.4
GBBL,5/23/2021,374.0,409.0,363.0,406.0,8.56,564540.0,460.0,367.4
GBBL,5/24/2021,411.0,431.0,401.0,415.0,2.22,488677.0,460.0,367.4
GBBL,5/25/2021,415.0,416.0,403.0,406.0,-2.17,235112.0,460.0,367.4
GBBL,5/27/2021,398.0,431.0,387.0,430.0,5.91,437540.0,460.0,367.4
GBBL,5/30/2021,451.0,471.0,435.0,464.0,7.91,481084.0,460.0,367.4
GBBL,5/31/2021,470.0,470.0,439.0,443.0,-4.53,408059.0,460.0,367.4
GBBL,6/1/2021,443.0,453.0,431.0,438.0,-1.13,249386.0,460.0,367.4
GBBL,6/2/2021,442.0,469.0,435.0,463.0,5.71,360618.0,460.0,367.4
GBBL,6/3/2021,465.0,500.0,465.0,472.0,1.94,554711.0,460.0,367.4
GBBL,6/6/2021,495.0,495.0,473.0,479.0,1.48,367269.0,460.0,367.4
GBBL,6/7/2021,500.0,520.0,475.0,517.0,7.93,555908.0,460.0,367.4
GBBL,6/8/2021,525.0,568.0,520.0,568.0,9.86,528979.0,460.0,367.4
GBBL,6/9/2021,575.0,575.0,523.0,533.0,-6.16,522977.0,460.0,367.4
GBBL,6/10/2021,540.0,555.0,519.0,550.0,3.19,455625.0,460.0,367.4
GBBL,6/13/2021,550.0,600.0,545.0,598.0,8.73,596053.0,460.0,367.4
GBBL,6/14/2021,627.0,627.0,576.0,586.0,-2.01,410667.0,460.0,367.4
GBBL,6/15/2021,590.0,590.0,554.0,557.0,-4.95,376059.0,460.0,367.4
GBBL,6/16/2021,558.0,565.0,515.0,538.0,-3.41,254774.0,460.0,367.4
GBBL,6/17/2021,564.0,565.0,522.0,555.0,3.16,231937.0,460.0,367.4
GBBL,6/20/2021,570.0,570.0,521.0,535.0,-3.6,283884.0,460.0,367.4
GBBL,6/21/2021,540.0,545.0,516.0,518.0,-3.18,248772.0,460.0,367.4
GBBL,6/22/2021,525.0,543.0,505.0,540.0,4.25,276613.0,460.0,367.4
GBBL,6/23/2021,567.0,567.0,517.0,522.0,-3.33,163168.0,460.0,367.4
GBBL,6/24/2021,522.0,531.0,506.0,517.0,-0.96,148067.0,460.0,367.4
GBBL,6/27/2021,519.0,522.0,505.0,509.0,-1.55,109383.0,460.0,367.4
GBBL,6/28/2021,513.0,515.0,496.0,498.0,-2.16,100699.0,460.0,367.4
GBBL,6/29/2021,522.0,522.0,477.0,477.0,-4.22,158330.0,460.0,367.4
GBBL,6/30/2021,500.0,500.0,465.0,495.0,3.77,196146.0,460.0,367.4
GBBL,7/1/2021,519.0,527.0,495.0,520.0,5.05,200982.0,460.0,367.4
GBBL,7/4/2021,494.0,540.0,494.0,514.0,-1.15,170949.0,460.0,367.4
GBBL,7/5/2021,489.0,514.0,489.0,501.0,-2.53,117094.0,460.0,367.4
GBBL,7/6/2021,526.0,526.0,495.0,500.0,-0.2,68454.0,460.0,367.4
GBBL,7/7/2021,502.0,506.0,499.0,504.0,0.8,50629.0,460.0,367.4
GBBL,7/8/2021,502.0,514.0,500.0,514.0,1.98,79340.0,460.0,367.4
GBBL,7/11/2021,520.0,556.0,518.0,554.0,7.78,207653.0,460.0,367.4
GBBL,7/12/2021,560.0,565.0,530.0,542.0,-2.17,296801.0,460.0,367.4
GBBL,7/13/2021,569.0,569.0,534.0,549.0,1.29,117156.0,460.0,367.4
GBBL,7/14/2021,550.0,551.0,538.0,547.0,-0.36,63300.0,460.0,367.4
GBBL,7/15/2021,550.0,551.0,542.0,544.0,-0.55,86028.0,460.0,367.4
GBBL,7/18/2021,554.0,578.0,553.0,571.1,4.98,279481.0,460.0,367.4
GBBL,7/19/2021,582.5,590.9,564.0,567.0,-0.72,174799.0,460.0,367.4
GBBL,7/20/2021,577.0,577.0,556.0,562.0,-0.88,89822.0,460.0,367.4
GBBL,7/22/2021,563.0,575.0,563.0,568.5,1.16,138905.0,460.0,367.4
GBBL,7/25/2021,579.0,579.0,565.0,571.0,0.44,194685.0,460.0,367.4
GBBL,7/26/2021,572.0,573.0,558.0,559.0,-2.1,116674.0,460.0,367.4
GBBL,7/27/2021,548.0,568.0,538.0,559.0,0.0,118649.0,460.0,367.4
GBBL,7/28/2021,569.0,575.1,561.0,565.0,1.07,100000.0,460.0,367.4
GBBL,7/29/2021,574.0,576.0,561.0,563.0,-0.35,122527.0,460.0,367.4
GBBL,8/1/2021,574.0,575.0,561.0,565.9,0.52,101793.0,460.0,367.4
GBBL,8/2/2021,565.9,571.0,560.0,560.1,-1.02,62700.0,460.0,367.4
GBBL,8/3/2021,564.0,565.0,557.0,559.0,-0.2,56293.0,460.0,367.4
GBBL,8/4/2021,559.0,570.0,558.0,568.1,1.63,163679.0,460.0,367.4
GBBL,8/5/2021,579.4,595.0,571.0,583.9,2.78,298585.0,460.0,367.4
GBBL,8/8/2021,595.5,598.0,585.0,588.0,0.7,177102.0,460.0,367.4
GBBL,8/9/2021,595.0,598.0,577.0,584.1,-0.66,103518.0,460.0,367.4
GBBL,8/10/2021,589.0,636.0,588.0,624.0,6.83,646848.0,460.0,367.4
GBBL,8/11/2021,636.4,675.0,616.8,620.0,-0.64,385887.0,460.0,367.4
GBBL,8/12/2021,632.4,669.9,620.0,651.0,5.0,639323.0,460.0,367.4
GBBL,8/15/2021,638.0,650.0,610.0,627.0,-3.69,466007.0,460.0,367.4
GBBL,8/16/2021,627.0,657.9,615.0,644.0,2.71,341084.0,460.0,367.4
GBBL,8/17/2021,642.0,700.0,642.0,689.0,6.99,490187.0,460.0,367.4
GBBL,8/18/2021,702.0,750.0,690.0,720.0,4.5,479706.0,460.0,367.4
GBBL,8/19/2021,730.0,739.0,695.9,703.0,-2.36,422109.0,460.0,367.4
GBBL,8/24/2021,710.0,715.0,675.0,676.0,-3.84,279440.0,460.0,367.4
GBBL,8/25/2021,670.0,680.5,650.5,656.9,-2.83,240449.0,460.0,367.4
GBBL,8/26/2021,658.0,691.0,655.0,685.0,4.28,267263.0,460.0,367.4
GBBL,8/29/2021,698.0,700.0,665.5,673.0,-1.75,293041.0,460.0,367.4
GBBL,8/31/2021,673.0,673.0,639.0,640.0,-4.9,326024.0,460.0,367.4
GBBL,9/1/2021,650.0,662.0,630.0,638.0,-0.31,203727.0,460.0,367.4
GBBL,9/2/2021,650.0,650.0,604.0,616.0,-3.45,178309.0,460.0,367.4
GBBL,9/5/2021,616.0,616.0,556.0,576.1,-6.48,295062.0,460.0,367.4
GBBL,9/6/2021,570.0,633.7,566.0,633.7,10.0,264599.0,460.0,367.4
GBBL,9/7/2021,645.0,645.0,606.0,622.0,-1.85,171746.0,460.0,367.4
GBBL,9/8/2021,622.0,622.0,598.0,603.0,-3.05,134106.0,460.0,367.4
GBBL,9/9/2021,609.0,614.0,594.0,598.2,-0.8,105795.0,460.0,367.4
GBBL,9/12/2021,605.0,641.0,602.0,640.0,6.99,246324.0,460.0,367.4
GBBL,9/13/2021,652.0,665.0,640.0,643.0,0.47,213006.0,460.0,367.4
GBBL,9/14/2021,643.0,655.0,626.0,633.8,-1.43,92823.0,460.0,367.4
GBBL,9/15/2021,645.0,645.0,611.0,615.0,-2.97,139598.0,460.0,367.4
GBBL,9/16/2021,608.0,610.0,585.0,599.0,-2.6,215692.0,460.0,367.4
GBBL,9/20/2021,600.0,600.0,558.0,565.0,-5.68,199248.0,460.0,367.4
GBBL,9/21/2021,556.0,590.0,546.0,568.0,0.53,202636.0,460.0,367.4
GBBL,9/22/2021,579.0,613.0,578.2,612.0,7.75,174378.0,460.0,367.4
GBBL,9/23/2021,624.0,624.2,596.1,603.0,-1.47,138144.0,460.0,367.4
GBBL,9/26/2021,615.0,625.0,587.0,587.0,-2.65,120560.0,460.0,367.4
GBBL,9/27/2021,580.0,585.0,559.0,560.5,-4.51,119885.0,460.0,367.4
GBBL,9/28/2021,565.0,570.0,538.0,545.0,-2.77,109680.0,460.0,367.4
GBBL,9/29/2021,550.0,567.0,539.3,566.0,3.85,94499.0,460.0,367.4
GBBL,9/30/2021,574.0,577.0,548.0,548.5,-3.09,70713.0,460.0,367.4
GBBL,10/3/2021,550.0,561.0,536.1,538.0,-1.91,76588.0,460.0,367.4
GBBL,10/4/2021,535.0,545.5,527.0,530.0,-1.49,70856.0,460.0,367.4
GBBL,10/5/2021,540.0,551.0,535.0,548.0,3.4,53056.0,460.0,367.4
GBBL,10/6/2021,537.1,571.0,537.1,569.0,3.83,58855.0,460.0,367.4
GBBL,10/10/2021,572.0,590.0,566.0,566.0,-0.53,84159.0,460.0,367.4
GBBL,10/11/2021,566.0,566.0,546.0,564.0,-0.35,52688.0,460.0,367.4
GBBL,10/17/2021,565.0,575.0,558.0,575.0,1.95,18201.0,460.0,367.4
GBBL,10/18/2021,565.0,575.0,552.0,553.5,-3.74,50548.0,460.0,367.4
GBBL,10/19/2021,545.0,549.0,508.0,524.0,-5.33,92826.0,460.0,367.4
GBBL,10/20/2021,534.0,555.0,534.0,542.5,3.53,42004.0,460.0,367.4
GBBL,10/21/2021,533.3,553.9,531.0,534.0,-1.57,34539.0,460.0,367.4
GBBL,10/24/2021,535.0,545.0,523.4,541.0,1.31,30737.0,460.0,367.4
GBBL,10/25/2021,545.1,580.0,545.1,578.0,6.84,85957.0,460.0,367.4
GBBL,10/26/2021,580.0,605.0,580.0,588.0,1.73,129158.0,460.0,367.4
GBBL,10/27/2021,590.0,604.0,578.0,589.5,0.26,90634.0,460.0,367.4
GBBL,10/28/2021,580.1,595.0,580.0,589.9,0.07,60381.0,460.0,367.4
GBBL,10/31/2021,601.0,627.9,595.0,626.0,6.12,186624.0,460.0,367.4
GBBL,11/1/2021,638.5,660.0,623.0,629.0,0.48,184609.0,460.0,367.4
GBBL,11/2/2021,641.5,652.0,610.0,644.0,2.38,135278.0,460.0,367.4
GBBL,11/3/2021,655.0,662.0,631.2,635.0,-1.4,87548.0,460.0,367.4
GBBL,11/8/2021,647.7,647.7,621.0,621.0,-2.2,47827.0,460.0,367.4
GBBL,11/9/2021,625.0,625.0,578.0,595.0,-4.19,143590.0,460.0,367.4
GBBL,11/11/2021,590.0,600.0,568.1,573.0,-3.7,101907.0,460.0,367.4
GBBL,11/14/2021,575.0,597.9,567.0,588.0,2.62,90279.0,460.0,367.4
GBBL,11/15/2021,598.0,624.0,590.0,616.8,4.9,166691.0,460.0,367.4
GBBL,11/16/2021,623.0,632.9,616.0,627.9,1.8,95313.0,460.0,367.4
GBBL,11/17/2021,634.0,660.0,628.0,644.0,2.56,342355.0,460.0,367.4
GBBL,11/18/2021,644.0,653.0,629.8,635.0,-1.4,218938.0,460.0,367.4
GBBL,11/21/2021,625.0,642.0,625.0,626.2,-1.39,97168.0,460.0,367.4
GBBL,11/22/2021,629.0,634.0,614.5,620.0,-0.99,78118.0,460.0,367.4
GBBL,11/23/2021,618.0,620.0,599.0,605.0,-2.42,108963.0,460.0,367.4
GBBL,11/24/2021,600.0,617.0,590.0,612.8,1.29,94282.0,460.0,367.4
GBBL,11/25/2021,615.0,617.0,600.0,601.2,-1.89,61346.0,460.0,367.4
GBBL,11/28/2021,590.0,598.0,570.0,570.0,-5.19,125954.0,460.0,367.4
GBBL,11/29/2021,570.0,590.0,561.59,568.0,-0.35,87802.0,460.0,367.4
GBBL,11/30/2021,579.0,579.0,558.0,568.0,0.0,77926.0,460.0,367.4
GBBL,12/1/2021,574.0,580.0,570.1,573.0,0.88,35279.0,460.0,367.4
GBBL,12/2/2021,575.0,578.0,550.0,555.0,-3.14,61397.0,460.0,367.4
GBBL,12/5/2021,555.0,558.9,530.0,533.0,-3.96,87607.0,460.0,367.4
GBBL,12/6/2021,523.0,557.9,510.0,551.0,3.38,104856.0,460.0,367.4
GBBL,12/7/2021,559.2,569.0,530.0,533.0,-3.27,65782.0,460.0,367.4
GBBL,12/8/2021,525.0,539.9,515.0,517.0,-3.0,51503.0,460.0,367.4
GBBL,12/9/2021,515.0,526.9,512.0,520.0,0.58,65594.0,460.0,367.4
GBBL,12/12/2021,515.0,515.0,488.0,489.0,-5.96,59206.0,460.0,367.4
GBBL,12/13/2021,479.4,488.0,446.9,451.0,-7.77,132019.0,460.0,367.4
GBBL,12/14/2021,450.0,496.1,450.0,496.1,10.0,44964.0,460.0,367.4
GBBL,12/15/2021,506.0,528.0,486.0,500.0,0.79,134065.0,460.0,367.4
GBBL,12/16/2021,491.0,499.0,480.0,482.0,-3.6,54988.0,460.0,367.4
GBBL,12/20/2021,473.1,487.1,465.0,470.1,-2.47,40141.0,460.0,367.4
GBBL,12/21/2021,479.5,492.0,474.0,487.0,3.59,26880.0,460.0,367.4
GBBL,12/22/2021,496.0,520.0,494.0,519.0,6.57,81664.0,460.0,367.4
GBBL,12/23/2021,520.0,533.9,508.9,517.0,-0.39,75119.0,460.0,367.4
GBBL,12/26/2021,526.9,535.5,515.0,524.0,1.35,88807.0,460.0,367.4
GBBL,12/27/2021,532.0,532.0,499.1,499.1,-4.75,81679.0,460.0,367.4
GBBL,12/28/2021,499.1,509.0,487.0,509.0,1.98,63674.0,460.0,367.4
GBBL,12/29/2021,509.0,512.9,502.0,504.2,-0.94,27919.0,460.0,367.4
GBBL,1/2/2022,510.0,531.0,504.0,527.0,4.52,70720.0,460.0,367.4
GBBL,1/3/2022,527.0,543.0,520.0,536.0,1.71,90732.0,460.0,367.4
GBBL,1/4/2022,538.0,566.0,528.0,564.0,5.22,156014.0,460.0,367.4
GBBL,1/5/2022,564.0,575.0,550.0,555.0,-1.6,105292.0,460.0,367.4
GBBL,1/6/2022,555.0,575.0,550.0,573.3,3.3,164876.0,460.0,367.4
GBBL,1/9/2022,584.7,596.0,573.0,589.0,2.74,166135.0,460.0,367.4
GBBL,1/10/2022,595.0,599.0,578.0,588.0,-0.17,157155.0,460.0,367.4
GBBL,1/11/2022,588.0,614.0,577.0,598.0,1.7,161685.0,460.0,367.4
GBBL,1/12/2022,600.0,622.0,590.1,593.0,-0.84,201207.0,460.0,367.4
GBBL,1/13/2022,600.0,605.0,591.0,602.5,1.6,96695.0,460.0,367.4
GBBL,1/16/2022,614.0,622.0,609.0,615.0,2.07,135129.0,460.0,367.4
GBBL,1/17/2022,621.0,621.0,603.0,610.0,-0.81,86149.0,460.0,367.4
GBBL,1/18/2022,607.0,615.9,593.0,599.0,-1.8,148072.0,460.0,367.4
GBBL,1/19/2022,604.0,606.0,591.0,596.1,-0.48,90788.0,460.0,367.4
GBBL,1/20/2022,594.9,607.9,590.0,607.0,1.83,85431.0,460.0,367.4
GBBL,1/23/2022,618.0,620.0,604.5,607.0,0.0,174186.0,460.0,367.4
GBBL,1/24/2022,608.0,608.0,585.0,586.0,-3.46,206947.0,460.0,367.4
GBBL,1/25/2022,590.0,600.9,582.0,590.0,0.68,117708.0,460.0,367.4
GBBL,1/26/2022,590.0,600.0,580.0,587.0,-0.51,125208.0,460.0,367.4
GBBL,1/27/2022,590.0,595.0,580.0,585.0,-0.34,65674.0,460.0,367.4
GBBL,1/30/2022,596.7,620.0,596.7,617.5,5.56,164707.0,460.0,367.4
GBBL,1/31/2022,620.0,623.0,605.0,607.0,-1.7,91072.0,460.0,367.4
GBBL,2/1/2022,607.0,618.0,600.0,615.0,1.32,125542.0,460.0,367.4
GBBL,2/3/2022,623.9,625.0,612.0,615.0,0.0,158501.0,460.0,367.4
GBBL,2/6/2022,610.0,613.0,601.0,602.0,-2.11,68105.0,460.0,367.4
GBBL,2/7/2022,595.1,607.0,595.1,599.0,-0.5,79536.0,460.0,367.4
GBBL,2/8/2022,610.0,622.1,590.0,592.0,-1.17,86615.0,460.0,367.4
GBBL,2/9/2022,590.0,596.0,585.0,590.0,-0.34,35419.0,460.0,367.4
GBBL,2/10/2022,590.0,595.0,585.0,587.0,-0.51,32490.0,460.0,367.4
GBBL,2/13/2022,580.0,580.0,564.5,565.5,-3.66,96492.0,460.0,367.4
GBBL,2/14/2022,555.0,585.0,555.0,570.0,0.8,57561.0,460.0,367.4
GBBL,2/15/2022,570.0,584.0,570.0,582.0,2.11,30327.0,460.0,367.4
GBBL,2/16/2022,582.0,587.0,570.0,572.0,-1.72,26554.0,460.0,367.4
GBBL,2/17/2022,572.0,579.0,566.3,573.1,0.19,28529.0,460.0,367.4
GBBL,2/20/2022,566.5,573.0,555.0,563.2,-1.73,40969.0,460.0,367.4
GBBL,2/21/2022,564.0,570.0,564.0,567.0,0.67,23688.0,460.0,367.4
GBBL,2/22/2022,571.0,575.0,570.0,571.0,0.71,26293.0,460.0,367.4
GBBL,2/23/2022,577.0,577.0,562.6,565.0,-1.05,26533.0,460.0,367.4
GBBL,2/24/2022,564.0,565.0,550.0,553.0,-2.12,57470.0,460.0,367.4
GBBL,2/27/2022,559.0,563.9,545.0,552.0,-0.18,31836.0,460.0,367.4
GBBL,2/28/2022,563.0,569.0,541.0,544.0,-1.45,47070.0,460.0,367.4
GBBL,3/2/2022,540.0,540.0,526.0,531.0,-2.39,43262.0,460.0,367.4
GBBL,3/6/2022,530.0,543.0,527.0,535.0,0.75,50973.0,460.0,367.4
GBBL,3/7/2022,534.0,545.7,534.0,535.5,0.09,27411.0,460.0,367.4
GBBL,3/9/2022,543.0,543.0,530.0,534.0,-0.28,41257.0,460.0,367.4
GBBL,3/10/2022,544.0,548.0,534.0,548.0,2.62,72567.0,460.0,367.4
GBBL,3/13/2022,550.0,570.7,549.0,570.7,4.14,104808.0,460.0,367.4
GBBL,3/14/2022,582.1,582.1,563.0,568.0,-0.47,52987.0,460.0,367.4
GBBL,3/15/2022,568.0,570.0,559.0,568.0,0.0,82954.0,460.0,367.4
GBBL,3/16/2022,570.0,573.0,557.0,558.0,-1.76,217430.0,460.0,367.4
GBBL,3/20/2022,490.0,490.0,467.9,469.0,-15.95,68117.0,460.0,367.4
GBBL,3/21/2022,468.0,482.0,460.0,480.0,2.35,59887.0,460.0,367.4
GBBL,3/22/2022,487.9,490.0,479.1,484.5,0.94,39646.0,460.0,367.4
GBBL,3/23/2022,481.0,489.0,474.0,476.0,-1.75,29411.0,460.0,367.4
GBBL,3/24/2022,470.0,478.0,466.0,466.0,-2.1,30497.0,460.0,367.4
GBBL,3/27/2022,466.1,466.1,451.0,451.5,-3.11,38568.0,460.0,367.4
GBBL,3/28/2022,443.1,460.0,442.0,444.0,-1.66,42657.0,460.0,367.4
GBBL,3/29/2022,451.9,451.9,437.1,438.1,-1.33,24090.0,460.0,367.4
GBBL,3/30/2022,440.0,455.0,434.0,453.9,3.61,51230.0,460.0,367.4
GBBL,3/31/2022,457.0,462.0,440.0,441.0,-2.84,29416.0,460.0,367.4
GBBL,4/3/2022,437.0,441.0,434.0,437.0,-0.91,14041.0,460.0,367.4
GBBL,4/4/2022,434.0,447.0,431.4,434.3,-0.62,25818.0,460.0,367.4
GBBL,4/5/2022,430.9,435.0,421.0,426.0,-1.91,50367.0,460.0,367.4
GBBL,4/6/2022,425.0,430.0,419.0,421.0,-1.17,28783.0,460.0,367.4
GBBL,4/7/2022,418.2,435.0,418.2,425.0,0.95,34185.0,460.0,367.4
GBBL,4/11/2022,433.0,442.0,418.0,418.0,-1.65,31026.0,460.0,367.4
GBBL,4/12/2022,419.0,420.0,405.0,406.0,-2.87,30442.0,460.0,367.4
GBBL,4/13/2022,402.0,414.1,400.0,410.0,0.99,37209.0,460.0,367.4
GBBL,4/17/2022,410.0,416.0,403.0,404.0,-1.46,41121.0,460.0,367.4
GBBL,4/18/2022,406.0,406.0,398.0,399.0,-1.24,27837.0,460.0,367.4
GBBL,4/19/2022,404.0,409.0,391.1,399.0,0.0,33052.0,460.0,367.4
GBBL,4/20/2022,406.0,406.0,392.0,392.0,-1.75,24457.0,460.0,367.4
GBBL,4/21/2022,392.0,403.0,385.1,401.0,2.3,18826.0,460.0,367.4
GBBL,4/24/2022,405.0,433.8,401.0,429.0,6.98,45242.0,460.0,367.4
GBBL,4/25/2022,429.0,442.0,415.0,418.5,-2.45,49091.0,460.0,367.4
GBBL,4/26/2022,418.0,426.0,416.0,422.3,0.91,16770.0,460.0,367.4
GBBL,4/27/2022,416.0,431.0,416.0,430.6,1.97,28067.0,460.0,367.4
GBBL,4/28/2022,433.9,435.0,421.0,425.0,-1.3,22946.0,460.0,367.4
GBBL,5/2/2022,417.0,417.1,408.0,410.0,-3.53,25704.0,460.0,367.4
GBBL,5/4/2022,410.0,410.0,398.2,400.0,-2.44,25614.0,460.0,367.4
GBBL,5/5/2022,398.0,400.0,391.2,392.5,-1.88,26208.0,460.0,367.4
GBBL,5/8/2022,386.0,408.0,385.4,408.0,3.95,21048.0,460.0,367.4
GBBL,5/9/2022,414.0,416.1,397.9,407.0,-0.25,22433.0,460.0,367.4
GBBL,5/10/2022,410.0,422.0,403.0,422.0,3.69,14215.0,460.0,367.4
GBBL,5/11/2022,429.9,432.0,416.0,432.0,2.37,36318.0,460.0,367.4
GBBL,5/12/2022,436.0,440.0,416.0,419.4,-2.92,44008.0,460.0,367.4
GBBL,5/17/2022,414.0,415.0,401.2,405.0,-3.43,20299.0,460.0,367.4
GBBL,5/18/2022,398.0,413.0,396.0,412.2,1.78,13978.0,460.0,367.4
GBBL,5/19/2022,412.0,412.0,400.0,401.0,-2.72,22532.0,460.0,367.4
GBBL,5/20/2022,401.0,407.0,398.0,400.0,-0.25,12211.0,460.0,367.4
GBBL,5/23/2022,402.0,402.0,393.0,395.0,-1.25,15560.0,460.0,367.4
GBBL,5/24/2022,395.0,405.0,390.0,400.0,1.27,12641.0,460.0,367.4
GBBL,5/25/2022,406.0,410.0,401.0,405.0,1.25,14578.0,460.0,367.4
GBBL,5/26/2022,402.0,410.0,401.9,403.9,-0.27,5736.0,460.0,367.4
GBBL,5/27/2022,404.0,406.0,395.1,396.0,-1.96,20001.0,460.0,367.4
GBBL,5/30/2022,396.1,396.1,385.0,390.0,-1.52,36921.0,460.0,367.4
GBBL,5/31/2022,390.0,393.1,385.1,390.0,0.0,16592.0,460.0,367.4
GBBL,6/1/2022,386.5,396.0,385.0,388.0,-0.51,11949.0,460.0,367.4
GBBL,6/2/2022,392.0,392.5,384.0,385.0,-0.77,14458.0,460.0,367.4
GBBL,6/3/2022,385.0,385.0,372.5,378.0,-1.82,48088.0,460.0,367.4
GBBL,6/6/2022,382.0,384.0,372.6,383.0,1.32,23437.0,460.0,367.4
GBBL,6/7/2022,382.0,382.0,370.0,374.1,-2.32,24162.0,460.0,367.4
GBBL,6/8/2022,370.0,391.9,367.0,385.0,2.91,25362.0,460.0,367.4
GBBL,6/9/2022,389.0,389.9,371.5,376.0,-2.34,25107.0,460.0,367.4
GBBL,6/10/2022,370.0,377.0,370.0,372.0,-1.06,15634.0,460.0,367.4
GBBL,6/13/2022,371.0,376.0,370.0,372.9,0.24,7576.0,460.0,367.4
GBBL,6/14/2022,367.0,370.0,364.0,367.5,-1.45,16631.0,460.0,367.4
GBBL,6/15/2022,363.0,368.0,355.5,362.0,-1.5,18895.0,460.0,367.4
GBBL,6/16/2022,363.0,371.0,361.7,365.0,0.83,10975.0,460.0,367.4
GBBL,6/17/2022,364.0,367.0,362.5,363.8,-0.33,8072.0,460.0,367.4
GBBL,6/19/2022,362.0,363.0,355.5,356.9,-1.9,12379.0,460.0,367.4
GBBL,6/20/2022,350.0,350.0,336.0,341.0,-4.46,39946.0,460.0,367.4
GBBL,6/21/2022,334.2,364.0,334.2,353.0,3.52,21256.0,460.0,367.4
GBBL,6/22/2022,346.0,350.0,339.2,343.0,-2.83,18423.0,460.0,367.4
GBBL,6/23/2022,337.0,337.0,329.2,331.0,-3.5,19448.0,460.0,367.4
GBBL,6/24/2022,327.0,335.0,318.0,330.9,-0.03,21514.0,460.0,367.4
GBBL,6/26/2022,337.0,357.0,337.0,356.0,7.59,39064.0,460.0,367.4
GBBL,6/27/2022,360.0,364.0,343.2,344.0,-3.37,35223.0,460.0,367.4
GBBL,6/28/2022,340.0,344.9,334.0,341.0,-0.87,15952.0,460.0,367.4
GBBL,6/29/2022,342.0,357.0,340.0,357.0,4.69,21279.0,460.0,367.4
GBBL,6/30/2022,360.0,384.0,358.0,378.9,6.13,51068.0,460.0,367.4
GBBL,7/1/2022,378.9,382.0,370.1,373.9,-1.32,28042.0,460.0,367.4
GBBL,7/3/2022,370.0,390.0,367.0,385.0,2.97,33838.0,460.0,367.4
GBBL,7/4/2022,387.0,403.0,370.5,375.0,-2.6,67026.0,460.0,367.4
GBBL,7/5/2022,367.6,389.6,364.0,366.0,-2.4,50746.0,460.0,367.4
GBBL,7/6/2022,361.0,383.0,356.0,380.0,3.83,23465.0,460.0,367.4
GBBL,7/7/2022,385.0,387.0,368.9,375.0,-1.32,25430.0,460.0,367.4
GBBL,7/8/2022,369.0,375.0,362.0,364.1,-2.91,13719.0,460.0,367.4
GBBL,7/11/2022,356.9,362.0,348.0,350.0,-3.87,39970.0,460.0,367.4
GBBL,7/12/2022,357.0,361.0,344.0,351.0,0.29,31079.0,460.0,367.4
GBBL,7/13/2022,358.0,371.0,355.0,370.5,5.56,31631.0,460.0,367.4
GBBL,7/14/2022,375.0,384.0,367.5,379.9,2.54,48534.0,460.0,367.4
GBBL,7/15/2022,372.4,395.0,366.0,387.0,1.87,44115.0,460.0,367.4
GBBL,7/17/2022,380.0,392.5,380.0,387.0,0.0,23192.0,460.0,367.4
GBBL,7/18/2022,385.0,394.0,380.1,388.0,0.26,17745.0,460.0,367.4
GBBL,7/19/2022,390.0,395.8,385.4,390.0,0.52,36088.0,460.0,367.4
GBBL,7/20/2022,390.0,397.0,385.0,388.0,-0.51,19126.0,460.0,367.4
GBBL,7/21/2022,395.0,395.0,382.0,385.0,-0.77,25336.0,460.0,367.4
GBBL,7/22/2022,383.0,385.0,377.0,379.1,-1.53,19536.0,460.0,367.4
GBBL,7/24/2022,386.6,399.8,380.0,396.0,4.46,35975.0,460.0,367.4
GBBL,7/25/2022,401.0,419.7,397.0,419.0,5.81,76063.0,460.0,367.4
GBBL,7/26/2022,412.0,425.0,403.0,406.0,-3.1,58924.0,460.0,367.4
GBBL,7/27/2022,400.0,410.0,396.0,407.0,0.25,52565.0,460.0,367.4
GBBL,7/28/2022,407.0,423.0,403.0,408.0,0.25,70073.0,460.0,367.4
GBBL,7/29/2022,410.0,428.9,403.1,425.0,4.17,53254.0,460.0,367.4
GBBL,7/31/2022,428.0,435.4,422.4,428.0,0.71,88544.0,460.0,367.4
GBBL,8/1/2022,420.0,425.0,416.0,422.0,-1.4,62585.0,460.0,367.4
GBBL,8/2/2022,415.0,424.0,413.0,419.0,-0.71,56218.0,460.0,367.4
GBBL,8/3/2022,424.0,427.0,416.0,418.0,-0.24,59416.0,460.0,367.4
GBBL,8/4/2022,413.0,419.9,408.9,408.9,-2.18,59138.0,460.0,367.4
GBBL,8/5/2022,409.0,409.0,397.4,397.5,-2.79,65562.0,460.0,367.4
GBBL,8/7/2022,397.0,411.0,397.0,407.9,2.62,95162.0,460.0,367.4
GBBL,8/8/2022,415.0,416.0,402.0,404.0,-0.96,37374.0,460.0,367.4
GBBL,8/9/2022,400.0,406.0,395.1,396.8,-1.78,46338.0,460.0,367.4
GBBL,8/10/2022,404.5,404.5,389.1,400.0,0.81,43963.0,460.0,367.4
GBBL,8/11/2022,400.0,404.0,391.1,393.7,-1.58,27359.0,460.0,367.4
GBBL,8/14/2022,387.0,400.0,387.0,388.0,-1.45,38069.0,460.0,367.4
GBBL,8/15/2022,390.0,403.0,389.0,402.0,3.61,62737.0,460.0,367.4
GBBL,8/16/2022,409.0,411.7,394.3,395.0,-1.74,66414.0,460.0,367.4
GBBL,8/17/2022,399.9,404.0,394.2,400.0,1.27,18340.0,460.0,367.4
GBBL,8/18/2022,405.0,413.8,400.0,411.0,2.75,53823.0,460.0,367.4
GBBL,8/21/2022,415.0,416.1,405.0,406.0,-1.22,42152.0,460.0,367.4
GBBL,8/22/2022,409.9,409.9,401.2,405.0,-0.25,21186.0,460.0,367.4
GBBL,8/23/2022,410.0,410.0,401.8,403.5,-0.37,20478.0,460.0,367.4
GBBL,8/24/2022,405.0,408.0,402.0,402.6,-0.22,14798.0,460.0,367.4
GBBL,8/25/2022,404.0,407.9,395.0,395.0,-1.89,28495.0,460.0,367.4
GBBL,8/26/2022,392.1,398.0,389.0,391.0,-1.01,33861.0,460.0,367.4
GBBL,8/28/2022,394.0,394.7,383.1,384.0,-1.79,44335.0,460.0,367.4
GBBL,8/29/2022,383.0,387.7,379.0,385.0,0.26,21637.0,460.0,367.4
GBBL,8/30/2022,388.9,389.9,384.1,387.0,0.52,29014.0,460.0,367.4
GBBL,8/31/2022,387.1,389.7,375.0,376.0,-2.84,34953.0,460.0,367.4
GBBL,9/1/2022,374.0,382.0,370.6,377.0,0.27,28711.0,460.0,367.4
GBBL,9/2/2022,379.0,384.5,376.0,376.2,-0.21,11094.0,460.0,367.4
GBBL,9/4/2022,380.0,384.9,377.2,382.0,1.54,19621.0,460.0,367.4
GBBL,9/5/2022,381.0,386.0,380.0,382.0,0.0,16055.0,460.0,367.4
GBBL,9/6/2022,377.0,380.0,372.0,374.0,-2.09,24253.0,460.0,367.4
GBBL,9/7/2022,374.0,374.0,368.0,372.7,-0.35,19058.0,460.0,367.4
GBBL,9/8/2022,372.8,377.9,370.1,373.7,0.27,22538.0,460.0,367.4
GBBL,9/11/2022,381.0,381.0,371.0,371.0,-0.72,18172.0,460.0,367.4
GBBL,9/12/2022,378.0,378.0,368.0,370.0,-0.27,11076.0,460.0,367.4
GBBL,9/13/2022,370.0,381.0,370.0,377.0,1.89,10466.0,460.0,367.4
GBBL,9/14/2022,384.0,395.0,379.0,394.9,4.75,38425.0,460.0,367.4
GBBL,9/15/2022,395.0,399.0,375.0,378.5,-4.15,45893.0,460.0,367.4
GBBL,9/16/2022,371.0,380.0,364.0,374.0,-1.19,23566.0,460.0,367.4
GBBL,9/18/2022,373.0,373.5,365.0,365.3,-2.33,24320.0,460.0,367.4
GBBL,9/20/2022,365.0,365.0,354.0,357.0,-2.27,35961.0,460.0,367.4
GBBL,9/21/2022,362.0,370.2,357.0,360.0,0.84,18725.0,460.0,367.4
GBBL,9/22/2022,360.0,365.0,359.0,360.9,0.25,22064.0,460.0,367.4
GBBL,9/25/2022,355.0,361.9,355.0,356.0,-1.36,17492.0,460.0,367.4
GBBL,9/27/2022,361.0,370.0,355.1,363.0,1.97,17537.0,460.0,367.4
GBBL,9/28/2022,363.0,374.4,363.0,370.0,1.93,13772.0,460.0,367.4
GBBL,9/29/2022,374.9,377.0,371.0,377.0,1.89,25323.0,460.0,367.4
GBBL,10/9/2022,384.0,398.0,378.1,392.9,4.22,26583.0,460.0,367.4
GBBL,10/10/2022,388.0,395.0,381.1,384.9,-2.04,37178.0,460.0,367.4
GBBL,10/11/2022,385.0,385.0,368.5,375.2,-2.52,18862.0,460.0,367.4
GBBL,10/12/2022,375.2,388.0,368.1,383.9,2.32,13875.0,460.0,367.4
GBBL,10/13/2022,385.0,392.7,385.0,388.5,1.2,28852.0,460.0,367.4
GBBL,10/16/2022,390.0,391.0,378.0,388.0,-0.13,128513.0,460.0,367.4
GBBL,10/17/2022,385.0,388.0,382.0,383.0,-1.29,17757.0,460.0,367.4
GBBL,10/19/2022,383.0,385.0,376.0,384.0,0.26,17186.0,460.0,367.4
GBBL,10/20/2022,384.0,384.0,378.5,380.0,-1.04,70115.0,460.0,367.4
GBBL,10/23/2022,385.0,385.0,380.5,384.1,1.08,39495.0,460.0,367.4
GBBL,10/31/2022,377.1,384.0,371.0,377.0,-1.85,17043.0,460.0,367.4
GBBL,11/1/2022,380.0,390.0,379.0,389.0,3.18,54454.0,460.0,367.4
GBBL,11/2/2022,389.0,393.7,383.0,388.1,-0.23,94157.0,460.0,367.4
GBBL,11/3/2022,388.0,390.0,383.0,385.0,-0.8,26750.0,460.0,367.4
GBBL,11/6/2022,385.0,395.0,383.0,394.9,2.57,49520.0,460.0,367.4
GBBL,11/7/2022,398.5,401.0,385.0,387.0,-2.0,53684.0,460.0,367.4
GBBL,11/8/2022,390.0,392.8,385.1,387.8,0.21,32669.0,460.0,367.4
GBBL,11/9/2022,389.0,390.0,380.7,381.0,-1.75,46292.0,460.0,367.4
GBBL,11/10/2022,386.0,386.0,379.0,381.9,0.24,41940.0,460.0,367.4
GBBL,11/13/2022,385.0,390.0,381.5,381.5,-0.1,27118.0,460.0,367.4
GBBL,11/14/2022,385.0,387.5,381.0,387.5,1.57,47872.0,460.0,367.4
GBBL,11/15/2022,392.0,392.0,384.0,385.0,-0.65,24499.0,460.0,367.4
GBBL,11/16/2022,388.9,388.9,383.2,388.7,0.96,16171.0,460.0,367.4
GBBL,11/17/2022,390.0,396.0,390.0,391.3,0.67,34618.0,460.0,367.4
GBBL,11/22/2022,395.0,399.1,387.2,388.4,-0.74,21723.0,460.0,367.4
GBBL,11/23/2022,388.0,390.9,385.0,389.0,0.15,12104.0,460.0,367.4
GBBL,11/24/2022,389.0,390.0,384.3,387.0,-0.51,26718.0,460.0,367.4
GBBL,11/27/2022,387.0,393.0,386.2,390.9,1.01,33381.0,460.0,367.4
GBBL,11/28/2022,390.0,391.2,383.0,384.5,-1.64,18689.0,460.0,367.4
GBBL,11/29/2022,385.5,387.0,380.1,387.0,0.65,25051.0,460.0,367.4
GBBL,11/30/2022,384.0,387.0,380.1,387.0,0.0,11774.0,460.0,367.4
GBBL,12/1/2022,387.0,388.0,383.0,386.0,-0.26,20087.0,460.0,367.4
GBBL,12/4/2022,383.0,390.0,383.0,389.0,0.78,25006.0,460.0,367.4
GBBL,12/5/2022,389.1,390.0,383.0,385.0,-1.03,23611.0,460.0,367.4
GBBL,12/6/2022,381.1,386.7,381.1,383.0,-0.52,13023.0,460.0,367.4
GBBL,12/7/2022,383.0,385.0,381.7,382.5,-0.13,14682.0,460.0,367.4
GBBL,12/11/2022,382.0,383.0,375.0,375.2,-1.91,17022.0,460.0,367.4
GBBL,12/12/2022,377.0,382.0,373.5,379.9,1.25,17368.0,460.0,367.4
GBBL,12/13/2022,380.0,381.0,375.0,378.0,-0.5,10271.0,460.0,367.4
GBBL,12/14/2022,384.0,384.4,380.0,382.9,1.3,8197.0,460.0,367.4
GBBL,12/15/2022,376.1,383.5,376.0,380.0,-0.76,15621.0,460.0,367.4
GBBL,12/18/2022,380.0,383.0,374.0,375.0,-1.32,19665.0,460.0,367.4
GBBL,12/19/2022,376.0,379.7,373.0,375.1,0.03,10687.0,460.0,367.4
GBBL,12/20/2022,381.0,381.0,377.0,377.0,0.51,18935.0,460.0,367.4
GBBL,12/21/2022,383.0,383.0,375.2,376.1,-0.24,12165.0,460.0,367.4
GBBL,12/22/2022,381.0,381.0,373.0,374.0,-0.56,47797.0,460.0,367.4
GBBL,12/26/2022,330.0,340.5,330.0,340.5,-8.96,27421.0,460.0,367.4
GBBL,12/27/2022,347.3,351.0,342.1,343.0,0.73,42353.0,460.0,367.4
GBBL,12/28/2022,336.2,345.0,336.2,338.0,-1.46,27249.0,460.0,367.4
GBBL,12/29/2022,338.0,355.0,338.0,355.0,5.03,36039.0,460.0,367.4
GBBL,1/1/2023,362.1,367.0,346.0,352.0,-0.85,45037.0,460.0,367.4
GBBL,1/2/2023,349.9,364.0,345.0,361.0,2.56,29372.0,460.0,367.4
GBBL,1/3/2023,358.1,366.0,351.9,354.0,-1.94,42901.0,460.0,367.4
GBBL,1/4/2023,352.0,373.0,352.0,370.0,4.52,39269.0,460.0,367.4
GBBL,1/5/2023,377.0,378.0,364.0,366.0,-1.08,69767.0,460.0,367.4
GBBL,1/8/2023,366.0,380.3,363.0,372.0,1.64,46820.0,460.0,367.4
GBBL,1/9/2023,372.0,387.0,366.0,383.0,2.96,69855.0,460.0,367.4
GBBL,1/10/2023,390.0,400.0,371.1,375.0,-2.09,139124.0,460.0,367.4
GBBL,1/12/2023,381.0,392.0,368.0,368.0,-1.87,89875.0,460.0,367.4
GBBL,1/17/2023,371.5,383.0,367.0,380.0,3.26,47590.0,460.0,367.4
GBBL,1/18/2023,386.0,394.7,372.6,386.0,1.58,49457.0,460.0,367.4
GBBL,1/19/2023,381.0,390.0,381.0,385.0,-0.26,29500.0,460.0,367.4
GBBL,1/23/2023,386.0,388.0,375.2,377.0,-2.08,29987.0,460.0,367.4
GBBL,1/24/2023,375.0,384.0,365.0,382.0,1.33,36771.0,460.0,367.4
GBBL,1/25/2023,382.0,388.0,376.0,381.8,-0.05,20709.0,460.0,367.4
GBBL,1/26/2023,380.0,382.0,373.0,373.0,-2.3,16564.0,460.0,367.4
GBBL,1/29/2023,373.0,377.0,365.7,368.2,-1.29,30204.0,460.0,367.4
GBBL,1/30/2023,368.0,370.0,359.0,359.0,-2.5,37975.0,460.0,367.4
GBBL,1/31/2023,356.0,365.0,355.1,360.0,0.28,32609.0,460.0,367.4
GBBL,2/1/2023,365.0,365.8,359.0,362.7,0.75,15991.0,460.0,367.4
GBBL,2/2/2023,368.9,368.9,357.0,358.0,-1.3,15050.0,460.0,367.4
GBBL,2/5/2023,357.0,365.1,357.0,360.0,0.56,18883.0,460.0,367.4
GBBL,2/6/2023,355.1,362.0,355.1,360.5,0.14,15000.0,460.0,367.4
GBBL,2/7/2023,358.2,377.0,358.2,377.0,4.58,49053.0,460.0,367.4
GBBL,2/8/2023,381.0,387.0,373.0,375.0,-0.53,64664.0,460.0,367.4
GBBL,2/9/2023,379.0,385.0,373.0,383.9,2.37,31448.0,460.0,367.4
GBBL,2/12/2023,380.0,380.0,367.0,368.0,-4.14,44249.0,460.0,367.4
GBBL,2/14/2023,365.0,371.0,363.2,365.6,-0.65,18929.0,460.0,367.4
GBBL,2/15/2023,369.9,372.0,364.1,365.0,-0.16,15420.0,460.0,367.4
GBBL,2/16/2023,370.0,370.0,359.7,361.8,-0.88,30644.0,460.0,367.4
GBBL,2/20/2023,360.0,362.0,356.0,356.6,-1.44,14695.0,460.0,367.4
GBBL,2/22/2023,363.0,367.0,361.1,363.0,1.79,14738.0,460.0,367.4
GBBL,2/23/2023,362.5,365.0,356.0,364.0,0.28,27727.0,460.0,367.4
GBBL,2/26/2023,356.8,366.0,349.8,364.9,0.25,47117.0,460.0,367.4
GBBL,2/27/2023,372.0,372.0,359.2,367.0,0.58,16484.0,460.0,367.4
GBBL,2/28/2023,369.0,369.0,362.0,364.0,-0.82,15933.0,460.0,367.4
GBBL,3/1/2023,364.0,364.0,352.8,358.0,-1.65,12805.0,460.0,367.4
GBBL,3/2/2023,356.0,359.0,353.1,358.0,0.0,18980.0,460.0,367.4
GBBL,3/5/2023,358.0,359.0,348.1,348.1,-2.77,23632.0,460.0,367.4
GBBL,3/7/2023,355.0,358.0,350.0,350.0,0.55,17182.0,460.0,367.4
GBBL,3/9/2023,351.0,361.0,351.0,360.0,2.86,14069.0,460.0,367.4
GBBL,3/12/2023,367.0,372.0,355.0,357.0,-0.83,17417.0,460.0,367.4
GBBL,3/13/2023,350.0,360.0,349.9,354.0,-0.84,11965.0,460.0,367.4
GBBL,3/14/2023,361.0,361.0,354.0,356.0,0.56,28018.0,460.0,367.4
GBBL,3/15/2023,362.0,362.0,350.0,353.0,-0.84,19875.0,460.0,367.4
GBBL,3/16/2023,347.0,355.0,347.0,354.8,0.51,11745.0,460.0,367.4
GBBL,3/19/2023,361.8,361.8,353.0,355.0,0.06,11901.0,460.0,367.4
GBBL,3/20/2023,355.0,362.0,355.0,362.0,1.97,4998.0,460.0,367.4
GBBL,3/22/2023,362.0,363.0,357.0,357.1,-1.35,8413.0,460.0,367.4
GBBL,3/23/2023,355.0,359.0,355.0,356.0,-0.31,6922.0,460.0,367.4
GBBL,3/26/2023,356.0,356.0,351.0,353.1,-0.81,10537.0,460.0,367.4
GBBL,3/27/2023,349.0,364.5,348.2,360.0,1.95,35577.0,460.0,367.4
GBBL,3/28/2023,360.0,363.0,355.1,355.1,-1.36,11069.0,460.0,367.4
GBBL,3/29/2023,359.8,359.8,355.1,357.0,0.54,6252.0,460.0,367.4
GBBL,3/30/2023,358.0,360.9,353.0,354.9,-0.59,8821.0,460.0,367.4
GBBL,4/2/2023,359.0,359.0,353.1,354.0,-0.25,15007.0,460.0,367.4
GBBL,4/3/2023,350.1,354.0,350.0,353.8,-0.06,12567.0,460.0,367.4
GBBL,4/4/2023,349.5,360.0,349.0,355.0,0.34,12434.0,460.0,367.4
GBBL,4/5/2023,351.0,356.0,350.1,354.9,-0.03,6582.0,460.0,367.4
GBBL,4/6/2023,354.0,357.8,348.0,349.0,-1.66,19052.0,460.0,367.4
GBBL,4/9/2023,343.0,347.9,342.1,344.5,-1.29,10277.0,460.0,367.4
GBBL,4/10/2023,350.0,351.0,346.0,348.0,1.02,8110.0,460.0,367.4
GBBL,4/11/2023,353.0,355.0,347.0,355.0,2.01,24937.0,460.0,367.4
GBBL,4/12/2023,355.1,370.0,355.1,370.0,4.23,29967.0,460.0,367.4
GBBL,4/13/2023,373.0,374.8,364.0,365.0,-1.35,29837.0,460.0,367.4
GBBL,4/16/2023,360.0,367.0,360.0,363.0,-0.55,6279.0,460.0,367.4
GBBL,4/17/2023,370.0,370.0,356.0,356.0,-1.93,10323.0,460.0,367.4
GBBL,4/18/2023,356.0,360.0,351.0,359.9,1.1,4842.0,460.0,367.4
GBBL,4/19/2023,360.0,364.9,350.9,361.2,0.36,11674.0,460.0,367.4
GBBL,4/20/2023,357.0,363.0,355.0,357.0,-1.16,8899.0,460.0,367.4
GBBL,4/23/2023,350.6,356.9,350.6,356.9,-0.03,7557.0,460.0,367.4
GBBL,4/24/2023,352.0,360.0,352.0,358.5,0.45,19841.0,460.0,367.4
GBBL,4/25/2023,352.2,367.0,352.2,367.0,2.37,16826.0,460.0,367.4
GBBL,4/26/2023,365.0,366.0,357.0,363.0,-1.09,14513.0,460.0,367.4
GBBL,4/27/2023,360.0,363.0,357.1,361.0,-0.55,7424.0,460.0,367.4
GBBL,4/30/2023,358.0,358.0,351.0,353.0,-2.22,15180.0,460.0,367.4
GBBL,5/2/2023,354.0,356.8,352.0,356.8,1.08,11436.0,460.0,367.4
GBBL,5/3/2023,354.0,359.0,352.0,353.0,-1.07,13369.0,460.0,367.4
GBBL,5/4/2023,353.0,356.0,347.0,355.0,0.57,18730.0,460.0,367.4
GBBL,5/7/2023,348.0,357.0,348.0,350.0,-1.41,10493.0,460.0,367.4
GBBL,5/8/2023,344.0,350.0,344.0,350.0,0.0,9986.0,460.0,367.4
GBBL,5/9/2023,350.1,355.0,348.0,350.1,0.03,9314.0,460.0,367.4
GBBL,5/10/2023,347.1,355.0,347.1,349.0,-0.31,12960.0,460.0,367.4
GBBL,5/11/2023,349.0,351.0,348.0,350.0,0.29,3821.0,460.0,367.4
GBBL,5/14/2023,352.0,352.0,336.0,342.0,-2.29,37567.0,460.0,367.4
GBBL,5/15/2023,345.0,345.0,338.0,340.0,-0.58,16897.0,460.0,367.4
GBBL,5/16/2023,338.0,345.0,337.0,340.5,0.15,8100.0,460.0,367.4
GBBL,5/17/2023,343.9,351.0,340.0,347.0,1.91,13005.0,460.0,367.4
GBBL,5/18/2023,353.0,356.9,347.0,352.0,1.44,20853.0,460.0,367.4
GBBL,5/21/2023,352.0,358.0,351.2,351.4,-0.17,13648.0,460.0,367.4
GBBL,5/22/2023,345.1,354.9,345.0,352.5,0.31,10116.0,460.0,367.4
GBBL,5/23/2023,356.0,360.8,353.0,360.0,2.13,27038.0,460.0,367.4
GBBL,5/24/2023,361.0,365.0,357.0,364.0,1.11,24581.0,460.0,367.4
GBBL,5/28/2023,363.2,368.0,353.3,354.0,-2.75,27672.0,460.0,367.4
GBBL,5/30/2023,353.0,353.0,347.0,349.5,-1.27,15665.0,460.0,367.4
GBBL,5/31/2023,344.1,350.9,341.0,343.8,-1.63,27115.0,460.0,367.4
GBBL,6/1/2023,344.0,347.0,340.0,345.0,0.35,24619.0,460.0,367.4
GBBL,6/4/2023,345.0,360.0,345.0,353.0,2.32,19752.0,460.0,367.4
GBBL,6/5/2023,355.1,356.9,346.1,349.1,-1.1,22085.0,460.0,367.4
GBBL,6/6/2023,350.0,355.0,346.0,352.0,0.83,15036.0,460.0,367.4
GBBL,6/7/2023,354.0,358.9,352.0,355.0,0.85,23814.0,460.0,367.4
GBBL,6/8/2023,358.9,359.0,351.9,354.1,-0.25,17547.0,460.0,367.4
GBBL,6/11/2023,361.0,368.0,356.0,367.0,3.64,61374.0,460.0,367.4
GBBL,6/12/2023,373.9,374.9,365.1,368.0,0.27,52061.0,460.0,367.4
GBBL,6/13/2023,372.0,379.0,365.2,375.0,1.9,45941.0,460.0,367.4
GBBL,6/14/2023,378.8,382.5,365.6,372.0,-0.8,74084.0,460.0,367.4
GBBL,6/15/2023,368.0,375.0,365.0,372.1,0.03,26583.0,460.0,367.4
GBBL,6/18/2023,372.0,382.0,372.0,378.0,1.59,26078.0,460.0,367.4
GBBL,6/19/2023,380.1,391.0,378.0,388.9,2.88,82865.0,460.0,367.4
GBBL,6/20/2023,396.5,402.0,371.0,380.1,-2.26,92215.0,460.0,367.4
GBBL,6/21/2023,386.0,390.0,372.6,377.0,-0.82,39317.0,460.0,367.4
GBBL,6/22/2023,384.4,384.4,370.0,371.2,-1.54,32856.0,460.0,367.4
GBBL,6/25/2023,375.0,394.0,370.0,388.0,4.53,56040.0,460.0,367.4
GBBL,6/26/2023,395.5,400.0,387.0,387.0,-0.26,53966.0,460.0,367.4
GBBL,6/27/2023,390.0,397.8,390.0,395.0,2.07,82758.0,460.0,367.4
GBBL,6/28/2023,395.0,399.8,384.0,385.0,-2.53,51951.0,460.0,367.4
GBBL,7/2/2023,381.0,387.5,375.0,375.0,-2.6,39347.0,460.0,367.4
GBBL,7/3/2023,370.0,381.0,369.0,372.7,-0.61,33798.0,460.0,367.4
GBBL,7/4/2023,373.0,375.0,370.0,374.0,0.35,24161.0,460.0,367.4
GBBL,7/5/2023,381.4,381.4,368.0,369.0,-1.34,19654.0,460.0,367.4
GBBL,7/6/2023,366.0,375.0,362.0,370.0,0.27,24157.0,460.0,367.4
GBBL,7/9/2023,375.0,377.4,370.0,372.0,0.54,36267.0,460.0,367.4
GBBL,7/10/2023,379.4,380.0,375.3,375.4,0.91,49823.0,460.0,367.4
GBBL,7/11/2023,376.3,392.2,375.0,386.1,2.85,65612.0,460.0,367.4
GBBL,7/12/2023,392.5,393.0,387.0,388.6,0.65,36658.0,460.0,367.4
GBBL,7/13/2023,395.0,395.0,384.0,384.3,-1.11,33617.0,460.0,367.4
GBBL,7/16/2023,380.1,405.0,377.0,405.0,5.39,37087.0,460.0,367.4
GBBL,7/17/2023,407.0,407.0,391.0,406.8,0.44,68270.0,460.0,367.4
GBBL,7/18/2023,409.0,413.9,401.0,401.0,-1.43,56335.0,460.0,367.4
GBBL,7/19/2023,400.1,404.0,397.0,402.0,0.25,48244.0,460.0,367.4
GBBL,7/20/2023,402.0,405.0,399.2,399.2,-0.7,35294.0,460.0,367.4
GBBL,7/23/2023,405.0,417.0,401.0,416.0,4.21,86764.0,460.0,367.4
GBBL,7/24/2023,419.0,419.0,400.0,400.1,-3.82,81214.0,460.0,367.4
GBBL,7/25/2023,400.0,402.0,391.0,392.7,-1.85,43713.0,460.0,367.4
GBBL,7/26/2023,395.0,400.0,384.0,390.0,-0.69,84977.0,460.0,367.4
GBBL,7/27/2023,390.4,396.9,387.0,387.9,-0.54,28431.0,460.0,367.4
GBBL,7/30/2023,393.0,401.8,381.3,385.0,-0.75,37949.0,460.0,367.4
GBBL,7/31/2023,385.0,390.0,383.0,384.3,-0.18,37175.0,460.0,367.4
GBBL,8/1/2023,389.0,389.9,376.0,379.9,-1.14,20825.0,460.0,367.4
GBBL,8/2/2023,379.0,381.9,377.0,381.0,0.29,22704.0,460.0,367.4
GBBL,8/3/2023,388.6,393.0,381.0,384.0,0.79,33142.0,460.0,367.4
GBBL,8/6/2023,391.6,393.0,380.2,382.0,-0.52,33225.0,460.0,367.4
GBBL,8/7/2023,378.1,388.9,378.0,384.4,0.63,19715.0,460.0,367.4
GBBL,8/8/2023,385.0,388.6,376.8,379.9,-1.17,22404.0,460.0,367.4
GBBL,8/9/2023,378.0,385.0,376.0,385.0,1.34,26863.0,460.0,367.4
GBBL,8/10/2023,386.1,390.9,385.0,385.0,0.0,18364.0,460.0,367.4
GBBL,8/13/2023,390.0,390.0,385.0,389.5,1.17,25373.0,460.0,367.4
GBBL,8/14/2023,390.0,393.0,388.0,388.1,-0.36,20156.0,460.0,367.4
GBBL,8/15/2023,386.0,389.0,380.0,381.0,-1.83,39218.0,460.0,367.4
GBBL,8/16/2023,378.0,380.9,376.5,380.0,-0.26,25356.0,460.0,367.4
GBBL,8/17/2023,386.0,386.0,377.0,380.0,0.0,28736.0,460.0,367.4
GBBL,8/20/2023,380.0,381.5,375.2,376.0,-1.05,21026.0,460.0,367.4
GBBL,8/21/2023,376.0,380.0,375.0,377.0,0.27,19330.0,460.0,367.4
GBBL,8/22/2023,382.0,382.0,376.0,379.9,0.77,18505.0,460.0,367.4
GBBL,8/23/2023,380.0,386.0,380.0,385.9,1.58,23622.0,460.0,367.4
GBBL,8/24/2023,381.0,387.9,375.1,376.0,-2.57,30950.0,460.0,367.4
GBBL,8/27/2023,379.0,379.0,375.0,376.5,0.13,14863.0,460.0,367.4
GBBL,8/28/2023,375.0,385.0,373.0,383.0,1.73,21682.0,460.0,367.4
GBBL,8/29/2023,382.9,383.0,377.5,379.0,-1.04,8594.0,460.0,367.4
GBBL,8/30/2023,384.0,384.0,375.2,375.6,-0.9,20127.0,460.0,367.4
GBBL,9/3/2023,373.0,376.0,370.0,371.0,-1.22,18626.0,460.0,367.4
GBBL,9/4/2023,375.0,377.5,369.6,372.5,0.4,15269.0,460.0,367.4
GBBL,9/5/2023,372.5,375.0,371.2,371.6,-0.24,7640.0,460.0,367.4
GBBL,9/7/2023,370.0,371.0,367.0,369.0,-0.7,17344.0,460.0,367.4
GBBL,9/10/2023,371.0,374.0,368.0,371.0,0.54,9522.0,460.0,367.4
GBBL,9/11/2023,372.0,378.0,370.0,378.0,1.89,13127.0,460.0,367.4
GBBL,9/12/2023,378.0,378.0,373.0,376.0,-0.53,5603.0,460.0,367.4
GBBL,9/13/2023,380.0,383.5,376.0,382.0,1.6,23788.0,460.0,367.4
GBBL,9/17/2023,381.0,381.0,375.3,375.3,-1.75,13542.0,460.0,367.4
GBBL,9/18/2023,371.0,381.0,370.0,375.9,0.16,7894.0,460.0,367.4
GBBL,9/19/2023,376.9,380.0,370.0,379.0,0.82,13539.0,460.0,367.4
GBBL,9/21/2023,382.0,398.0,382.0,398.0,5.01,45567.0,460.0,367.4
GBBL,9/24/2023,391.0,396.0,387.0,388.0,-2.51,22584.0,460.0,367.4
GBBL,9/25/2023,386.0,389.0,383.2,386.0,-0.52,21354.0,460.0,367.4
GBBL,9/26/2023,393.5,393.5,386.0,388.9,0.75,26696.0,460.0,367.4
GBBL,9/27/2023,387.0,387.0,382.1,383.5,-1.39,16253.0,460.0,367.4
GBBL,10/1/2023,378.2,382.9,378.0,380.0,-0.91,29986.0,460.0,367.4
GBBL,10/2/2023,377.0,389.9,377.0,389.5,2.5,16781.0,460.0,367.4
GBBL,10/3/2023,389.5,389.5,380.0,382.0,-1.93,14880.0,460.0,367.4
GBBL,10/4/2023,382.0,387.0,378.0,384.0,0.52,15547.0,460.0,367.4
GBBL,10/5/2023,387.0,387.0,381.0,382.0,-0.52,8227.0,460.0,367.4
GBBL,10/8/2023,379.0,380.0,374.0,374.0,-2.09,28709.0,460.0,367.4
GBBL,10/9/2023,375.0,377.0,370.3,372.5,-0.4,16048.0,460.0,367.4
GBBL,10/10/2023,373.0,373.0,366.4,367.0,-1.48,23160.0,460.0,367.4
GBBL,10/11/2023,366.0,370.8,366.0,368.1,0.3,19996.0,460.0,367.4
GBBL,10/12/2023,371.0,371.0,364.0,364.5,-0.98,25317.0,460.0,367.4
GBBL,10/16/2023,365.0,368.0,361.3,361.3,-0.88,8583.0,460.0,367.4
GBBL,10/17/2023,363.0,368.5,362.0,365.0,1.02,10352.0,460.0,367.4
GBBL,10/18/2023,366.5,373.0,365.0,372.0,1.92,15413.0,460.0,367.4
GBBL,10/19/2023,371.0,377.0,370.0,374.0,0.54,12484.0,460.0,367.4
GBBL,10/29/2023,380.0,380.0,367.0,370.0,-1.07,11682.0,460.0,367.4
GBBL,10/30/2023,363.1,372.0,363.0,370.0,0.0,8922.0,460.0,367.4
GBBL,10/31/2023,371.0,373.0,369.0,370.0,0.0,6404.0,460.0,367.4
GBBL,11/1/2023,368.0,372.0,367.7,369.8,-0.05,14392.0,460.0,367.4
GBBL,11/2/2023,365.5,370.0,364.0,365.0,-1.3,13477.0,460.0,367.4
GBBL,11/5/2023,360.0,363.9,356.3,357.9,-1.95,16615.0,460.0,367.4
GBBL,11/6/2023,362.0,363.0,357.0,358.5,0.17,11162.0,460.0,367.4
GBBL,11/7/2023,362.0,362.0,358.5,362.0,0.98,17441.0,460.0,367.4
GBBL,11/8/2023,366.9,366.9,358.0,362.1,0.03,6094.0,460.0,367.4
GBBL,11/9/2023,360.0,363.0,358.0,362.0,-0.03,5597.0,460.0,367.4
GBBL,11/20/2023,367.7,374.0,367.6,368.0,1.66,16356.0,460.0,367.4
GBBL,11/21/2023,372.0,372.0,363.0,371.8,1.03,6713.0,460.0,367.4
GBBL,11/22/2023,372.7,372.7,366.1,369.0,-0.75,4210.0,460.0,367.4
GBBL,11/23/2023,369.1,372.2,366.0,372.0,0.81,19142.0,460.0,367.4
GBBL,11/26/2023,370.0,381.4,370.0,380.2,2.2,23150.0,460.0,367.4
GBBL,11/27/2023,384.9,385.0,379.0,379.0,-0.32,16163.0,460.0,367.4
GBBL,11/28/2023,376.0,381.0,376.0,376.1,-0.77,8756.0,460.0,367.4
GBBL,11/29/2023,378.0,378.0,365.2,366.0,-2.69,24048.0,460.0,367.4
GBBL,11/30/2023,365.0,370.0,364.1,370.0,1.09,14068.0,460.0,367.4
GBBL,12/3/2023,372.9,373.0,365.0,365.2,-1.3,24136.0,460.0,367.4
GBBL,12/4/2023,365.0,371.0,365.0,368.0,0.77,14046.0,460.0,367.4
GBBL,12/5/2023,369.8,372.0,366.1,366.1,-0.52,12451.0,460.0,367.4
GBBL,12/6/2023,368.0,368.9,361.2,365.5,-0.16,3090.0,460.0,367.4
GBBL,12/7/2023,363.5,371.7,363.5,370.0,1.23,9559.0,460.0,367.4
GBBL,12/10/2023,372.0,398.0,363.0,396.9,7.27,17584.0,460.0,367.4
GBBL,12/11/2023,404.8,405.0,383.0,386.1,-2.72,49030.0,460.0,367.4
GBBL,12/12/2023,386.1,392.0,386.1,390.0,1.01,40654.0,460.0,367.4
GBBL,12/13/2023,387.0,401.5,386.4,391.5,0.38,58459.0,460.0,367.4
GBBL,12/14/2023,387.0,400.9,384.0,395.2,0.95,74599.0,460.0,367.4
GBBL,12/17/2023,390.0,402.0,386.0,401.0,1.47,54037.0,460.0,367.4
GBBL,12/18/2023,409.0,415.9,404.5,410.0,2.24,160566.0,460.0,367.4
GBBL,12/19/2023,415.9,416.0,406.0,415.0,1.22,49841.0,460.0,367.4
GBBL,12/20/2023,421.0,430.0,413.0,424.0,2.17,159784.0,460.0,367.4
GBBL,12/21/2023,432.4,432.4,411.0,411.0,-3.07,183208.0,460.0,367.4
GBBL,12/24/2023,419.0,419.0,410.1,412.0,0.24,105789.0,460.0,367.4
GBBL,12/27/2023,416.0,416.0,407.5,408.0,-0.97,92062.0,460.0,367.4
GBBL,12/28/2023,408.0,414.0,404.7,406.0,-0.49,75798.0,460.0,367.4
GBBL,1/1/2024,414.0,418.9,407.9,410.0,0.99,107340.0,460.0,367.4
GBBL,1/2/2024,375.0,381.0,367.7,370.5,-9.63,43429.0,460.0,367.4
GBBL,1/3/2024,370.5,374.9,364.5,369.0,-0.4,32621.0,460.0,367.4
GBBL,1/4/2024,370.0,374.0,366.2,367.0,-0.54,38745.0,460.0,367.4
GBBL,1/7/2024,360.0,370.5,358.0,361.3,-1.55,51380.0,460.0,367.4
GBBL,1/8/2024,361.0,373.0,359.0,372.9,3.21,39757.0,460.0,367.4
GBBL,1/9/2024,379.0,394.0,373.0,389.0,4.32,91840.0,460.0,367.4
GBBL,1/10/2024,396.7,396.7,383.0,384.0,-1.29,61475.0,460.0,367.4
GBBL,1/11/2024,384.0,384.0,377.5,379.0,-1.3,23799.0,460.0,367.4
GBBL,1/14/2024,384.9,390.0,380.0,386.0,1.85,31497.0,460.0,367.4
GBBL,1/16/2024,392.0,401.9,388.7,397.0,2.85,85435.0,460.0,367.4
GBBL,1/17/2024,401.9,413.0,395.0,396.3,-0.18,162068.0,460.0,367.4
GBBL,1/18/2024,390.0,398.0,390.0,392.1,-1.06,55179.0,460.0,367.4
GBBL,1/21/2024,385.0,395.0,385.0,387.0,-1.3,83246.0,460.0,367.4
GBBL,1/22/2024,385.0,390.0,380.0,381.0,-1.55,36034.0,460.0,367.4
GBBL,1/23/2024,381.2,388.0,378.0,381.5,0.13,43070.0,460.0,367.4
GBBL,1/24/2024,373.9,395.0,373.9,383.0,0.39,22914.0,460.0,367.4
GBBL,1/25/2024,388.0,388.0,378.0,382.0,-0.26,29734.0,460.0,367.4
GBBL,1/28/2024,386.9,389.0,380.0,382.9,0.24,29257.0,460.0,367.4
GBBL,1/29/2024,382.1,386.0,380.5,384.1,0.31,26429.0,460.0,367.4
GBBL,1/30/2024,390.0,390.0,383.0,383.0,-0.29,28943.0,460.0,367.4
GBBL,1/31/2024,388.5,389.0,377.1,377.5,-1.44,27958.0,460.0,367.4
GBBL,2/1/2024,372.1,378.0,370.7,371.5,-1.59,41836.0,460.0,367.4
GBBL,2/4/2024,371.6,376.0,369.0,376.0,1.21,25691.0,460.0,367.4
GBBL,2/5/2024,383.5,383.5,371.2,378.0,0.53,20218.0,460.0,367.4
GBBL,2/6/2024,378.0,384.0,377.0,380.0,0.53,28856.0,460.0,367.4
GBBL,2/7/2024,382.0,386.0,379.2,381.0,0.26,21654.0,460.0,367.4
GBBL,2/8/2024,380.0,383.0,376.1,380.5,-0.13,18261.0,460.0,367.4
GBBL,2/11/2024,382.0,386.0,375.5,382.1,0.42,32566.0,460.0,367.4
GBBL,2/12/2024,383.0,384.5,381.0,384.0,0.5,26048.0,460.0,367.4
GBBL,2/13/2024,377.1,382.0,374.0,375.0,-2.34,42722.0,460.0,367.4
GBBL,2/14/2024,375.0,390.0,370.2,380.0,1.33,67933.0,460.0,367.4
GBBL,2/15/2024,375.1,382.0,375.1,375.2,-1.26,37652.0,460.0,367.4
GBBL,2/18/2024,382.0,382.0,370.0,370.9,-1.15,33535.0,460.0,367.4
GBBL,2/20/2024,363.5,375.0,363.5,371.0,0.03,45921.0,460.0,367.4
GBBL,2/21/2024,375.0,375.0,367.0,368.7,-0.62,33717.0,460.0,367.4
GBBL,2/22/2024,367.0,370.0,363.0,364.1,-1.25,27787.0,460.0,367.4
GBBL,2/25/2024,362.1,367.9,360.0,360.5,-0.99,37023.0,460.0,367.4
GBBL,2/26/2024,358.0,364.9,358.0,364.9,1.22,22991.0,460.0,367.4
GBBL,2/27/2024,361.0,369.0,360.2,364.0,-0.25,16049.0,460.0,367.4
GBBL,2/28/2024,364.0,366.0,358.3,359.1,-1.35,28094.0,460.0,367.4
GBBL,2/29/2024,357.0,359.0,356.0,356.6,-0.7,19334.0,460.0,367.4
GBBL,3/3/2024,354.0,355.0,350.0,350.9,-1.6,30009.0,460.0,367.4
GBBL,3/4/2024,357.9,379.4,357.9,378.0,7.72,4134.0,460.0,367.4
GBBL,3/5/2024,385.0,385.0,362.0,362.6,-4.07,33550.0,460.0,367.4
GBBL,3/6/2024,362.6,369.0,360.2,361.2,-0.39,23145.0,460.0,367.4
GBBL,3/7/2024,367.0,368.0,365.0,367.0,1.61,24712.0,460.0,367.4
GBBL,3/10/2024,370.0,374.0,366.0,371.0,1.09,15908.0,460.0,367.4
GBBL,3/12/2024,364.0,381.0,364.0,377.0,1.62,28918.0,460.0,367.4
GBBL,3/13/2024,383.0,383.0,373.0,376.1,-0.24,46857.0,460.0,367.4
GBBL,3/14/2024,381.0,381.0,364.4,370.0,-1.62,45078.0,460.0,367.4
GBBL,3/17/2024,370.0,377.0,370.0,372.0,0.54,29607.0,460.0,367.4
GBBL,3/18/2024,371.0,376.8,370.0,376.0,1.08,31188.0,460.0,367.4
GBBL,3/19/2024,379.9,380.9,373.2,374.0,-0.53,22692.0,460.0,367.4
GBBL,3/20/2024,374.0,374.9,371.1,373.0,-0.27,25090.0,460.0,367.4
GBBL,3/21/2024,372.0,375.0,371.2,373.0,0.0,19006.0,460.0,367.4
GBBL,3/25/2024,372.9,373.0,367.1,367.1,-1.58,18304.0,460.0,367.4
GBBL,3/26/2024,366.0,402.4,366.0,375.0,2.15,40837.0,460.0,367.4
GBBL,3/27/2024,375.0,375.1,368.7,370.0,-1.33,12677.0,460.0,367.4
GBBL,3/28/2024,366.0,372.0,365.5,369.9,-0.03,11179.0,460.0,367.4
GBBL,3/31/2024,375.0,375.0,363.6,364.0,-1.6,19692.0,460.0,367.4
GBBL,4/1/2024,364.0,365.0,362.6,362.6,-0.38,13534.0,460.0,367.4
GBBL,4/2/2024,361.6,365.0,361.2,362.0,-0.17,16140.0,460.0,367.4
GBBL,4/3/2024,360.0,364.0,360.0,360.1,-0.52,20066.0,460.0,367.4
GBBL,4/4/2024,360.0,361.9,357.1,359.0,-0.31,16950.0,460.0,367.4
GBBL,4/7/2024,357.2,369.0,357.2,366.2,2.01,29651.0,460.0,367.4
GBBL,4/9/2024,370.0,373.5,367.0,369.0,0.76,38818.0,460.0,367.4
GBBL,4/10/2024,376.0,376.3,362.0,370.0,0.27,31657.0,460.0,367.4
GBBL,4/14/2024,372.0,372.0,365.6,365.9,-1.11,22549.0,460.0,367.4
GBBL,4/15/2024,365.9,371.0,362.0,364.0,-0.52,17659.0,460.0,367.4
GBBL,4/16/2024,364.1,368.9,364.0,367.0,0.82,13601.0,460.0,367.4
GBBL,4/18/2024,361.0,364.9,359.1,360.0,-1.91,22064.0,460.0,367.4
GBBL,4/21/2024,359.0,363.5,353.0,361.9,0.53,15664.0,460.0,367.4
GBBL,4/22/2024,360.5,362.1,357.5,360.0,-0.53,8257.0,460.0,367.4
GBBL,4/24/2024,358.1,366.5,356.1,358.0,-0.56,16373.0,460.0,367.4
GBBL,4/25/2024,358.0,360.0,355.1,355.3,-0.75,13012.0,460.0,367.4
GBBL,4/28/2024,360.5,363.0,355.6,363.0,2.17,14089.0,460.0,367.4
GBBL,4/29/2024,361.0,369.6,360.0,365.0,0.55,38918.0,460.0,367.4
GBBL,4/30/2024,370.0,386.0,365.0,379.8,4.05,162238.0,460.0,367.4
GBBL,5/2/2024,384.0,385.4,370.0,370.1,-2.55,59231.0,460.0,367.4
GBBL,5/5/2024,372.0,374.0,362.8,364.0,-1.65,41770.0,460.0,367.4
GBBL,5/6/2024,364.0,369.0,360.6,363.9,-0.03,20725.0,460.0,367.4
GBBL,5/7/2024,363.0,369.0,360.7,366.0,0.58,28901.0,460.0,367.4
GBBL,5/8/2024,369.9,370.0,364.0,365.0,-0.27,10403.0,460.0,367.4
GBBL,5/9/2024,362.0,368.9,362.0,362.1,-0.79,23257.0,460.0,367.4
GBBL,5/12/2024,362.0,370.0,361.3,366.1,1.1,16116.0,460.0,367.4
GBBL,5/13/2024,370.0,370.0,364.0,368.5,0.66,21160.0,460.0,367.4
GBBL,5/14/2024,373.0,373.0,365.6,369.6,0.3,25974.0,460.0,367.4
GBBL,5/15/2024,375.1,376.9,366.1,366.9,-0.73,28285.0,460.0,367.4
GBBL,5/16/2024,369.0,370.0,363.0,364.0,-0.79,23046.0,460.0,367.4
GBBL,5/19/2024,371.2,371.2,361.6,366.0,0.55,40681.0,460.0,367.4
GBBL,5/20/2024,370.5,378.0,367.1,370.1,1.12,36591.0,460.0,367.4
GBBL,5/21/2024,370.5,374.7,370.0,371.2,0.3,16715.0,460.0,367.4
GBBL,5/22/2024,375.8,376.0,370.1,372.0,0.22,27333.0,460.0,367.4
GBBL,5/26/2024,372.0,373.0,368.0,368.0,-1.08,33825.0,460.0,367.4
GBBL,5/27/2024,371.0,373.2,366.0,369.9,0.52,21590.0,460.0,367.4
GBBL,5/29/2024,377.2,377.2,364.2,364.2,-1.54,16295.0,460.0,367.4
GBBL,5/30/2024,365.0,365.0,360.1,361.0,-0.88,14199.0,460.0,367.4
GBBL,6/2/2024,362.0,365.0,357.0,361.1,0.03,26766.0,460.0,367.4
GBBL,6/3/2024,365.0,365.0,361.0,362.0,0.25,21553.0,460.0,367.4
GBBL,6/4/2024,360.0,367.4,358.2,364.0,0.55,30886.0,460.0,367.4
GBBL,6/5/2024,365.0,365.0,362.0,364.0,0.0,22068.0,460.0,367.4
GBBL,6/6/2024,361.0,364.0,360.5,362.5,-0.41,16208.0,460.0,367.4
GBBL,6/9/2024,362.5,364.0,360.0,360.1,-0.66,29379.0,460.0,367.4
GBBL,6/10/2024,360.0,362.0,360.0,361.0,0.25,20619.0,460.0,367.4
GBBL,6/11/2024,366.0,367.0,362.0,366.0,1.39,46012.0,460.0,367.4
GBBL,6/12/2024,370.0,371.0,364.7,364.7,-0.36,22150.0,460.0,367.4
GBBL,6/13/2024,365.0,374.0,362.0,365.1,0.11,46373.0,460.0,367.4
GBBL,6/16/2024,365.0,367.0,362.0,362.0,-0.85,16892.0,460.0,367.4
GBBL,6/18/2024,362.0,364.5,359.3,360.0,-0.55,36364.0,460.0,367.4
GBBL,6/19/2024,360.0,363.7,357.3,359.0,-0.28,30630.0,460.0,367.4
GBBL,6/20/2024,359.0,362.0,357.4,358.0,-0.28,31323.0,460.0,367.4
GBBL,6/23/2024,355.6,359.0,355.5,356.0,-0.56,19352.0,460.0,367.4
GBBL,6/24/2024,356.0,361.0,356.0,359.0,0.84,16771.0,460.0,367.4
GBBL,6/25/2024,360.0,363.1,359.0,360.0,0.28,20092.0,460.0,367.4
GBBL,6/26/2024,358.0,361.1,354.2,355.0,-1.39,27500.0,460.0,367.4
GBBL,6/27/2024,354.0,356.9,352.3,354.0,-0.28,21096.0,460.0,367.4
GBBL,6/30/2024,354.2,355.0,351.0,352.7,-0.37,19604.0,460.0,367.4
GBBL,7/1/2024,350.1,354.5,350.1,354.4,0.48,21307.0,460.0,367.4
GBBL,7/2/2024,361.4,375.8,361.4,364.0,2.71,37886.0,460.0,367.4
GBBL,7/3/2024,364.0,368.8,357.5,368.0,1.1,30179.0,460.0,367.4
GBBL,7/4/2024,375.3,384.7,365.0,376.7,2.36,187625.0,460.0,367.4
GBBL,7/7/2024,377.0,380.0,373.1,375.0,-0.45,42819.0,460.0,367.4
GBBL,7/8/2024,376.0,376.0,371.0,372.2,-0.75,35125.0,460.0,367.4
GBBL,7/9/2024,371.0,387.0,371.0,384.0,3.17,126338.0,460.0,367.4
GBBL,7/10/2024,386.0,389.0,381.7,385.0,0.26,67621.0,460.0,367.4
GBBL,7/11/2024,386.0,392.7,384.0,385.0,0.0,106272.0,460.0,367.4
GBBL,7/14/2024,392.7,400.0,385.1,392.2,1.87,123635.0,460.0,367.4
GBBL,7/15/2024,400.0,400.0,380.0,385.1,-1.81,117774.0,460.0,367.4
GBBL,7/16/2024,385.1,399.9,384.0,398.8,3.56,93031.0,460.0,367.4
GBBL,7/17/2024,400.0,415.0,396.0,413.9,3.79,174506.0,460.0,367.4
GBBL,7/18/2024,422.0,429.0,414.0,419.1,1.26,203716.0,460.0,367.4
GBBL,7/21/2024,419.1,436.0,415.2,431.0,2.84,205395.0,460.0,367.4
GBBL,7/22/2024,436.0,438.0,421.4,430.0,-0.23,166252.0,460.0,367.4
GBBL,7/23/2024,430.0,446.0,422.2,444.1,3.28,160437.0,460.0,367.4
GBBL,7/24/2024,450.0,453.0,430.0,435.0,-2.05,177987.0,460.0,367.4
GBBL,7/25/2024,430.2,438.9,430.2,433.0,-0.46,131969.0,460.0,367.4
GBBL,7/28/2024,441.6,459.0,433.0,451.0,4.16,210178.0,460.0,367.4
GBBL,7/29/2024,460.0,460.0,441.6,442.0,-2.0,176493.0,460.0,367.4
GBBL,7/30/2024,450.0,450.0,432.3,442.0,0.0,141259.0,460.0,367.4
GBBL,7/31/2024,448.0,467.0,444.0,456.0,3.17,288720.0,460.0,367.4
GBBL,8/1/2024,446.9,473.0,446.9,460.0,0.88,321574.0,460.0,367.4
GBBL,8/5/2024,469.2,477.0,459.9,464.0,0.87,158542.0,460.0,367.4
GBBL,8/6/2024,465.0,470.0,439.0,439.0,-5.39,234477.0,460.0,367.4
GBBL,8/7/2024,435.0,454.7,431.0,450.2,2.55,151484.0,460.0,367.4
GBBL,8/8/2024,454.0,468.0,449.0,450.0,-0.04,143095.0,460.0,367.4
GBBL,8/11/2024,459.0,468.1,455.0,466.0,3.56,192836.0,460.0,367.4
GBBL,8/12/2024,474.8,490.0,460.0,486.3,4.36,271837.0,460.0,367.4
GBBL,8/13/2024,492.0,499.0,480.0,483.0,-0.68,191232.0,460.0,367.4
GBBL,8/14/2024,483.0,500.0,480.0,498.0,3.11,294882.0,460.0,367.4
GBBL,8/15/2024,505.0,522.0,496.0,510.0,2.41,439853.0,460.0,367.4
GBBL,8/18/2024,510.0,517.2,496.0,499.0,-2.16,272463.0,460.0,367.4
GBBL,8/21/2024,499.0,505.0,488.0,492.0,-1.4,220721.0,460.0,367.4
GBBL,8/22/2024,501.0,531.4,495.0,511.0,3.86,442632.0,460.0,367.4
GBBL,8/25/2024,516.0,518.0,495.0,496.0,-2.94,215726.0,460.0,367.4
GBBL,8/27/2024,488.0,497.0,471.5,473.1,-4.62,237705.0,460.0,367.4
GBBL,8/28/2024,473.1,490.0,466.0,470.0,-0.66,164178.0,460.0,367.4
GBBL,8/29/2024,472.0,472.0,459.8,460.0,-2.13,136833.0,460.0,367.4
GBBL,9/1/2024,461.0,468.0,453.1,457.0,-0.65,107468.0,460.0,367.4
GBBL,9/2/2024,453.2,482.0,453.2,479.0,4.81,126717.0,460.0,367.4
GBBL,9/3/2024,481.0,488.0,467.0,477.0,-0.42,124692.0,460.0,367.4
GBBL,9/4/2024,482.0,489.6,458.1,461.0,-3.35,185858.0,460.0,367.4
GBBL,9/5/2024,451.8,467.0,451.8,463.0,0.43,74723.0,460.0,367.4
GBBL,9/8/2024,471.9,472.2,455.0,455.0,-1.73,57628.0,460.0,367.4
GBBL,9/9/2024,455.0,460.0,440.1,442.0,-2.86,95853.0,460.0,367.4
GBBL,9/10/2024,433.2,450.6,433.2,445.0,0.68,63432.0,460.0,367.4
GBBL,9/11/2024,445.0,447.9,438.0,441.0,-0.9,42791.0,460.0,367.4
GBBL,9/12/2024,432.2,453.0,432.2,451.0,2.27,67545.0,460.0,367.4
GBBL,9/15/2024,458.0,461.5,439.0,439.0,-2.66,77503.0,460.0,367.4
GBBL,9/16/2024,447.5,447.7,430.0,433.0,-1.37,59732.0,460.0,367.4
GBBL,9/18/2024,440.0,441.0,425.1,430.3,-0.62,61907.0,460.0,367.4
GBBL,9/22/2024,438.9,445.0,432.2,435.0,1.09,45710.0,460.0,367.4
GBBL,9/23/2024,439.0,439.0,426.4,431.9,-0.71,47509.0,460.0,367.4
GBBL,9/24/2024,431.9,438.9,417.0,419.0,-2.99,47763.0,460.0,367.4
GBBL,9/25/2024,420.0,430.0,408.8,429.0,2.39,48565.0,460.0,367.4
GBBL,9/26/2024,434.9,435.0,425.5,426.0,-0.7,44269.0,460.0,367.4
GBBL,9/29/2024,422.0,431.9,416.4,421.0,-1.17,36522.0,460.0,367.4
GBBL,9/30/2024,428.0,428.0,422.5,428.0,1.66,21107.0,460.0,367.4
GBBL,10/1/2024,434.0,449.0,430.0,448.9,4.88,53250.0,460.0,367.4
GBBL,10/2/2024,450.0,452.9,440.0,449.0,0.02,44107.0,460.0,367.4
GBBL,10/6/2024,445.0,455.9,441.0,454.0,1.11,36335.0,460.0,367.4
GBBL,10/7/2024,458.0,465.0,454.5,460.0,1.32,34466.0,460.0,367.4
GBBL,10/8/2024,460.0,462.0,455.5,457.9,-0.46,28044.0,460.0,367.4
GBBL,10/9/2024,453.0,459.0,452.0,457.0,-0.2,15269.0,460.0,367.4
GBBL,10/15/2024,459.9,462.7,451.1,460.2,0.7,12798.0,460.0,367.4
GBBL,10/16/2024,463.0,475.0,458.0,470.0,2.13,29086.0,460.0,367.4
GBBL,10/17/2024,473.0,475.0,467.0,469.2,-0.17,43290.0,460.0,367.4
GBBL,10/20/2024,460.0,469.0,455.0,458.5,-2.28,68715.0,460.0,367.4
GBBL,10/21/2024,458.5,458.5,444.0,445.0,-2.94,34740.0,460.0,367.4
GBBL,10/22/2024,449.0,453.0,442.0,453.0,1.8,28321.0,460.0,367.4
GBBL,10/23/2024,452.8,454.0,446.1,447.0,-1.32,15925.0,460.0,367.4
GBBL,10/24/2024,443.0,452.0,443.0,445.0,-0.45,30247.0,460.0,367.4
GBBL,10/27/2024,441.0,445.1,440.5,441.0,-0.9,10320.0,460.0,367.4
GBBL,10/28/2024,445.0,447.0,443.0,446.5,1.25,11309.0,460.0,367.4
GBBL,10/29/2024,448.0,457.8,448.0,453.0,1.46,20234.0,460.0,367.4
GBBL,10/30/2024,460.0,460.0,448.0,449.0,-0.88,23773.0,460.0,367.4
GBBL,11/5/2024,455.0,455.0,445.6,448.0,-0.22,13682.0,460.0,367.4
GBBL,11/6/2024,452.9,453.0,445.2,450.0,0.45,15659.0,460.0,367.4
GBBL,11/10/2024,450.0,461.9,448.3,458.0,1.78,50232.0,460.0,367.4
GBBL,11/11/2024,460.1,467.1,458.2,461.0,0.66,55126.0,460.0,367.4
GBBL,11/12/2024,460.0,465.0,455.0,455.0,-1.3,30314.0,460.0,367.4
GBBL,11/13/2024,457.0,458.0,451.2,456.0,0.22,19556.0,460.0,367.4
GBBL,11/14/2024,462.6,463.0,453.1,457.5,0.33,32896.0,460.0,367.4
GBBL,11/17/2024,464.9,465.9,457.5,457.5,0.0,54168.0,460.0,367.4
GBBL,11/19/2024,460.0,460.0,450.0,450.0,-1.64,62943.0,460.0,367.4
GBBL,11/20/2024,449.0,460.9,444.1,458.9,1.98,49149.0,460.0,367.4
GBBL,11/21/2024,460.0,463.6,453.0,455.0,-0.85,52610.0,460.0,367.4
GBBL,11/24/2024,454.0,460.0,449.0,449.1,-1.3,30123.0,460.0,367.4
GBBL,11/25/2024,444.0,454.8,444.0,447.0,-0.47,21246.0,460.0,367.4
GBBL,11/26/2024,455.9,455.9,448.0,451.0,0.89,26030.0,460.0,367.4
GBBL,11/27/2024,451.0,458.0,447.2,458.0,1.55,37087.0,460.0,367.4
GBBL,11/28/2024,453.1,477.0,453.1,460.0,0.44,118450.0,460.0,367.4
GBBL,12/1/2024,458.8,471.0,454.0,470.0,2.17,123002.0,460.0,367.4
GBBL,12/2/2024,473.2,476.5,456.0,457.5,-2.66,92486.0,460.0,367.4
GBBL,12/3/2024,464.0,464.8,453.0,454.2,-0.72,31965.0,460.0,367.4
GBBL,12/4/2024,463.2,463.2,449.0,449.0,-1.14,51042.0,460.0,367.4
GBBL,12/5/2024,454.9,454.9,445.1,446.0,-0.67,44952.0,460.0,367.4
GBBL,12/8/2024,446.0,449.4,434.0,440.0,-1.35,49899.0,460.0,367.4
GBBL,12/9/2024,437.1,445.0,431.5,435.0,-1.14,31667.0,460.0,367.4
GBBL,12/10/2024,436.1,442.7,436.0,436.0,0.23,20832.0,460.0,367.4
GBBL,12/11/2024,440.0,443.6,433.1,443.6,1.74,19369.0,460.0,367.4
GBBL,12/12/2024,448.5,448.5,437.0,439.0,-1.04,28737.0,460.0,367.4
GBBL,12/16/2024,435.0,438.9,430.1,430.3,-1.98,17314.0,460.0,367.4
GBBL,12/17/2024,427.0,430.5,422.1,428.0,-0.53,37364.0,460.0,367.4
GBBL,12/18/2024,430.0,435.0,424.1,424.1,-0.91,18583.0,460.0,367.4
GBBL,12/19/2024,424.0,427.9,420.0,420.0,-0.97,46687.0,460.0,367.4
GBBL,12/22/2024,417.0,418.0,400.0,401.0,-4.52,62577.0,460.0,367.4
GBBL,12/23/2024,402.1,405.0,399.0,400.0,-0.25,45923.0,460.0,367.4
GBBL,12/24/2024,401.0,413.0,395.0,407.0,1.75,48790.0,460.0,367.4
GBBL,12/26/2024,400.0,409.9,400.0,403.0,-0.98,19360.0,460.0,367.4
GBBL,12/29/2024,402.0,404.9,395.1,396.5,-1.61,29431.0,460.0,367.4
GBBL,12/31/2024,395.0,395.3,386.0,389.0,-1.89,30523.0,460.0,367.4
GBBL,1/1/2025,390.0,399.0,390.0,396.0,1.8,19586.0,460.0,367.4
GBBL,1/2/2025,396.0,396.2,386.0,394.6,-0.35,19208.0,460.0,367.4
GBBL,1/5/2025,391.0,398.0,390.5,393.9,-0.18,25082.0,460.0,367.4
GBBL,1/6/2025,389.1,401.8,388.0,400.0,1.55,33220.0,460.0,367.4
GBBL,1/7/2025,400.0,400.0,396.0,396.0,-1.0,15967.0,460.0,367.4
GBBL,1/8/2025,396.0,403.0,395.0,402.0,1.52,39187.0,460.0,367.4
GBBL,1/9/2025,405.0,405.0,395.0,397.0,-1.24,29802.0,460.0,367.4
GBBL,1/12/2025,398.0,400.0,392.0,392.4,-1.16,15214.0,460.0,367.4
GBBL,1/13/2025,385.3,392.9,385.1,389.0,-0.87,36240.0,460.0,367.4
GBBL,1/15/2025,396.0,396.0,388.0,389.0,0.0,11894.0,460.0,367.4
GBBL,1/16/2025,390.0,392.0,386.4,386.4,-0.67,16867.0,460.0,367.4
GBBL,1/19/2025,386.2,390.0,380.0,382.0,-1.14,38449.0,460.0,367.4
GBBL,1/20/2025,384.0,386.7,379.1,380.7,-0.34,23879.0,460.0,367.4
GBBL,1/21/2025,385.0,385.0,378.7,381.0,0.08,52154.0,460.0,367.4
GBBL,1/22/2025,381.0,394.0,379.0,386.0,1.31,39833.0,460.0,367.4
GBBL,1/23/2025,389.0,392.0,380.2,385.0,-0.26,64904.0,460.0,367.4
GBBL,1/26/2025,383.0,392.0,380.0,387.3,0.6,25137.0,460.0,367.4
GBBL,1/27/2025,385.0,392.0,382.0,386.0,-0.34,51025.0,460.0,367.4
GBBL,1/28/2025,389.9,399.0,387.0,398.0,3.11,61585.0,460.0,367.4
GBBL,2/2/2025,398.0,413.0,398.0,410.0,3.02,61113.0,460.0,367.4
GBBL,2/3/2025,412.0,414.0,400.1,405.0,-1.22,51488.0,460.0,367.4
GBBL,2/4/2025,405.0,411.5,401.0,404.0,-0.25,38939.0,460.0,367.4
GBBL,2/5/2025,404.0,410.0,401.2,403.5,-0.12,25552.0,460.0,367.4
GBBL,2/6/2025,403.0,405.0,399.0,400.0,-0.87,39555.0,460.0,367.4
GBBL,2/9/2025,401.0,405.0,397.3,398.0,-0.5,27567.0,460.0,367.4
GBBL,2/10/2025,397.0,400.0,394.5,395.5,-0.63,20998.0,460.0,367.4
GBBL,2/11/2025,400.0,403.4,395.2,396.5,0.25,19709.0,460.0,367.4
GBBL,2/12/2025,398.0,400.9,395.0,395.0,-0.38,32251.0,460.0,367.4
GBBL,2/13/2025,400.0,400.0,393.2,394.0,-0.25,22862.0,460.0,367.4
GBBL,2/16/2025,400.0,400.0,392.0,396.0,0.51,42798.0,460.0,367.4
GBBL,2/17/2025,400.0,400.0,394.1,397.2,0.3,40882.0,460.0,367.4
GBBL,2/18/2025,401.9,403.0,397.1,399.2,0.5,52192.0,460.0,367.4
GBBL,2/20/2025,400.1,400.5,396.0,396.0,-0.8,33691.0,460.0,367.4
GBBL,2/23/2025,390.0,397.9,389.0,395.0,-0.25,48262.0,460.0,367.4
GBBL,2/24/2025,395.0,398.0,393.0,394.0,-0.25,56100.0,460.0,367.4
GBBL,2/25/2025,391.0,397.0,391.0,395.0,0.25,30334.0,460.0,367.4
GBBL,2/27/2025,402.9,409.0,397.0,404.0,2.28,63828.0,460.0,367.4
GBBL,3/2/2025,406.0,416.0,405.2,415.0,2.72,57843.0,460.0,367.4
GBBL,3/3/2025,419.9,426.4,415.0,415.8,0.19,65900.0,460.0,367.4
GBBL,3/4/2025,415.1,421.0,412.0,414.0,-0.43,54502.0,460.0,367.4
GBBL,3/5/2025,419.0,422.2,403.0,407.9,-1.47,80552.0,460.0,367.4
GBBL,3/6/2025,407.9,415.8,406.0,415.0,1.74,47028.0,460.0,367.4
GBBL,3/9/2025,415.1,415.1,407.1,409.9,-1.23,42870.0,460.0,367.4
GBBL,3/10/2025,411.0,413.0,407.0,411.7,0.44,50413.0,460.0,367.4
GBBL,3/11/2025,415.0,427.0,406.0,412.1,0.1,123977.0,460.0,367.4
GBBL,3/12/2025,418.0,419.7,411.0,412.6,0.12,30675.0,460.0,367.4
GBBL,3/16/2025,409.9,410.0,404.0,404.8,-1.89,39168.0,460.0,367.4
GBBL,3/17/2025,405.0,407.0,400.1,400.3,-1.11,31400.0,460.0,367.4
GBBL,3/18/2025,408.3,408.3,399.0,399.9,-0.1,20918.0,460.0,367.4
GBBL,3/19/2025,400.0,400.0,395.0,398.0,-0.48,23415.0,460.0,367.4
GBBL,3/20/2025,397.9,404.0,396.0,399.42,0.36,34567.0,460.0,367.4
GBBL,3/23/2025,392.5,396.0,389.0,389.88,-2.39,31588.0,460.0,367.4
GBBL,3/24/2025,385.0,395.0,384.0,393.03,0.81,22901.0,460.0,367.4
GBBL,3/25/2025,391.0,391.0,380.0,380.49,-3.19,50912.0,460.0,367.4
GBBL,3/26/2025,380.0,390.0,380.0,387.96,1.96,13546.0,460.0,367.4
GBBL,3/27/2025,382.0,395.0,382.0,394.51,1.69,15262.0,460.0,367.4
GBBL,3/30/2025,398.0,402.0,394.5,396.04,0.39,32934.0,460.0,367.4
GBBL,4/1/2025,396.0,396.0,391.1,392.74,-0.83,19846.0,460.0,367.4
GBBL,4/2/2025,397.0,397.0,390.2,393.1,0.09,15716.0,460.0,367.4
GBBL,4/3/2025,393.2,397.0,393.1,395.07,0.5,21225.0,460.0,367.4
GBBL,4/7/2025,399.0,399.0,392.0,392.44,-0.67,25129.0,460.0,367.4
GBBL,4/8/2025,387.3,390.0,387.0,389.46,-0.76,17778.0,460.0,367.4
GBBL,4/9/2025,385.0,397.1,385.0,394.95,1.41,22031.0,460.0,367.4
GBBL,4/10/2025,390.0,397.8,390.0,395.07,0.03,29815.0,460.0,367.4
GBBL,4/13/2025,399.0,399.0,394.2,395.86,0.2,19897.0,460.0,367.4
GBBL,4/15/2025,399.0,402.2,396.2,396.45,0.15,22522.0,460.0,367.4
GBBL,4/16/2025,399.8,402.0,399.0,400.75,1.08,25830.0,460.0,367.4
GBBL,4/17/2025,401.0,411.8,398.0,409.71,2.24,32046.0,460.0,367.4
GBBL,4/20/2025,414.9,414.9,403.2,405.37,-1.06,23349.0,460.0,367.4
GBBL,4/21/2025,399.0,409.0,399.0,408.13,0.68,21482.0,460.0,367.4
GBBL,4/22/2025,412.0,412.0,400.2,402.26,-1.44,21418.0,460.0,367.4
GBBL,4/23/2025,396.0,400.0,395.0,396.41,-1.45,17499.0,460.0,367.4
GBBL,4/24/2025,392.1,396.9,392.1,396.18,-0.06,12677.0,460.0,367.4
GBBL,4/27/2025,397.0,398.0,391.4,392.22,-1.0,18806.0,460.0,367.4
GBBL,4/28/2025,392.5,395.0,389.6,390.05,-0.55,22461.0,460.0,367.4
GBBL,4/29/2025,384.5,391.0,384.5,388.21,-0.47,60722.0,460.0,367.4
GBBL,4/30/2025,391.0,391.0,386.9,388.14,-0.02,13062.0,460.0,367.4
GBBL,5/4/2025,394.0,394.0,388.1,390.02,0.48,18484.0,460.0,367.4
GBBL,5/5/2025,391.1,394.0,388.0,389.09,-0.24,11131.0,460.0,367.4
GBBL,5/6/2025,385.3,390.9,385.2,387.72,-0.35,18112.0,460.0,367.4
GBBL,5/7/2025,385.5,400.0,385.5,396.89,2.37,37593.0,460.0,367.4
GBBL,5/8/2025,398.0,405.9,393.0,396.89,0.0,22075.0,460.0,367.4
GBBL,5/11/2025,394.0,400.0,392.1,398.32,0.36,14880.0,460.0,367.4
GBBL,5/13/2025,401.0,413.1,390.0,397.04,-0.32,46616.0,460.0,367.4
GBBL,5/14/2025,399.9,409.0,396.1,401.33,1.08,80992.0,460.0,367.4
GBBL,5/15/2025,403.7,404.0,394.0,398.74,-0.65,27398.0,460.0,367.4
GBBL,5/18/2025,402.9,402.9,394.0,394.1,-1.16,24273.0,460.0,367.4
GBBL,5/19/2025,388.1,400.9,387.0,393.92,-0.05,53024.0,460.0,367.4
GBBL,5/20/2025,391.5,405.0,390.0,404.01,2.56,29668.0,460.0,367.4
GBBL,5/21/2025,411.9,420.0,400.0,400.09,-0.97,28657.0,460.0,367.4
GBBL,5/22/2025,400.0,405.0,400.0,400.28,0.05,23301.0,460.0,367.4
GBBL,5/25/2025,394.0,403.0,394.0,400.72,0.11,28126.0,460.0,367.4
GBBL,5/26/2025,408.0,410.0,398.0,398.02,-0.67,42316.0,460.0,367.4
GBBL,5/27/2025,395.0,401.3,391.1,399.43,0.35,26265.0,460.0,367.4
GBBL,5/28/2025,397.0,400.9,395.0,398.21,-0.31,24848.0,460.0,367.4
GBBL,6/2/2025,406.1,406.1,394.0,397.24,-0.24,48094.0,460.0,367.4
GBBL,6/3/2025,398.0,401.0,396.0,396.59,-0.16,46905.0,460.0,367.4
GBBL,6/4/2025,392.2,397.0,392.2,393.2,-0.85,25263.0,460.0,367.4
GBBL,6/5/2025,393.2,395.0,392.0,392.96,-0.06,17348.0,460.0,367.4
GBBL,6/8/2025,394.0,395.5,391.2,394.23,0.32,30383.0,460.0,367.4
GBBL,6/9/2025,395.0,398.9,393.0,396.99,0.7,21018.0,460.0,367.4
GBBL,6/10/2025,397.0,401.0,394.1,395.62,-0.35,38575.0,460.0,367.4
GBBL,6/11/2025,398.0,398.0,393.6,393.81,-0.46,28008.0,460.0,367.4
GBBL,6/12/2025,398.0,399.0,392.1,392.42,-0.35,23133.0,460.0,367.4
GBBL,6/15/2025,391.2,395.0,390.1,392.41,-0.0,28551.0,460.0,367.4
GBBL,6/16/2025,392.0,395.0,391.0,391.8,-0.16,36291.0,460.0,367.4
GBBL,6/17/2025,394.0,395.0,390.3,391.44,-0.09,16151.0,460.0,367.4
GBBL,6/18/2025,391.0,392.0,389.3,390.78,-0.17,29511.0,460.0,367.4
GBBL,6/19/2025,389.5,391.0,387.3,389.91,-0.22,22042.0,460.0,367.4
GBBL,6/22/2025,392.0,392.5,387.0,387.12,-0.72,24162.0,460.0,367.4
GBBL,6/23/2025,387.0,407.0,384.0,387.2,0.02,26038.0,460.0,367.4
GBBL,6/24/2025,392.0,392.5,388.0,388.67,0.38,23615.0,460.0,367.4
GBBL,6/25/2025,385.0,390.0,385.0,387.64,-0.27,21692.0,460.0,367.4
GBBL,6/26/2025,383.1,389.9,383.1,386.94,-0.18,19636.0,460.0,367.4
GBBL,6/29/2025,391.0,399.2,384.1,388.45,0.39,22977.0,460.0,367.4
GBBL,6/30/2025,395.0,395.0,388.0,390.93,0.64,12603.0,460.0,367.4
GBBL,7/1/2025,390.0,405.0,390.0,394.54,0.92,25925.0,460.0,367.4
GBBL,7/2/2025,394.5,400.0,394.5,398.91,1.11,22818.0,460.0,367.4
GBBL,7/3/2025,398.0,410.0,398.0,406.45,1.89,59688.0,460.0,367.4
GBBL,7/6/2025,406.5,407.2,400.4,402.32,-1.02,35030.0,460.0,367.4
GBBL,7/7/2025,400.5,405.9,400.0,402.14,-0.04,33411.0,460.0,367.4
GBBL,7/8/2025,402.0,403.0,396.6,401.27,-0.22,16441.0,460.0,367.4
GBBL,7/9/2025,404.0,405.0,400.0,404.11,0.71,34635.0,460.0,367.4
GBBL,7/10/2025,405.0,412.0,400.2,409.01,1.21,74759.0,460.0,367.4
GBBL,7/13/2025,417.1,421.0,413.2,418.51,2.32,100814.0,460.0,367.4
GBBL,7/14/2025,414.0,418.5,406.2,407.13,-2.72,70302.0,460.0,367.4
GBBL,7/15/2025,414.9,414.9,406.1,410.65,0.86,68642.0,460.0,367.4
GBBL,7/16/2025,408.2,431.4,408.2,428.36,4.31,149827.0,460.0,367.4
GBBL,7/17/2025,432.0,448.9,430.0,442.85,3.38,193290.0,460.0,367.4
GBBL,7/20/2025,444.0,458.2,437.0,440.23,-0.59,303310.0,460.0,367.4
GBBL,7/21/2025,441.0,465.0,431.5,455.63,3.5,442561.0,460.0,367.4
GBBL,7/22/2025,464.7,489.0,460.9,473.47,3.92,343485.0,460.0,367.4
GBBL,7/23/2025,473.0,479.8,460.0,469.37,-0.87,200287.0,460.0,367.4
GBBL,7/24/2025,476.7,476.7,458.0,469.65,0.06,187965.0,460.0,367.4
GBBL,7/27/2025,465.0,479.4,456.0,463.58,-1.29,285267.0,460.0,367.4
GBBL,7/28/2025,460.0,485.0,459.2,479.69,3.48,524022.0,460.0,367.4
GBBL,7/29/2025,489.0,498.0,475.0,481.64,0.41,185353.0,460.0,367.4
GBBL,7/30/2025,483.0,483.0,462.0,465.0,-3.45,146932.0,460.0,367.4
GBBL,7/31/2025,466.0,466.1,451.2,453.05,-2.57,144382.0,460.0,367.4
GBBL,8/3/2025,445.1,457.8,438.2,442.19,-2.4,148079.0,460.0,367.4
GBBL,8/4/2025,445.0,459.0,436.3,445.3,0.7,154058.0,460.0,367.4
GBBL,8/5/2025,446.0,451.9,432.0,433.33,-2.69,105654.0,460.0,367.4
GBBL,8/6/2025,433.0,440.0,425.0,431.99,-0.31,81114.0,460.0,367.4
GBBL,8/7/2025,440.0,440.6,432.0,436.35,1.01,53650.0,460.0,367.4
GBBL,8/11/2025,442.0,442.0,422.0,424.28,-2.77,106897.0,460.0,367.4
GBBL,8/12/2025,422.0,441.0,422.0,424.28,0.0,56103.0,460.0,367.4
GBBL,8/13/2025,430.0,430.0,424.0,425.0,0.17,31968.0,460.0,367.4
GBBL,8/14/2025,426.0,431.9,422.0,423.64,-0.32,31920.0,460.0,367.4
GBBL,8/17/2025,431.5,449.4,430.1,431.09,1.76,94627.0,460.0,367.4
GBBL,8/18/2025,435.0,438.0,425.0,431.82,0.17,53867.0,460.0,367.4
GBBL,8/19/2025,437.9,438.0,432.0,433.08,0.29,43166.0,460.0,367.4
GBBL,8/20/2025,436.6,436.6,428.0,428.26,-1.11,42534.0,460.0,367.4
GBBL,8/21/2025,428.0,429.1,426.0,426.14,-0.5,30225.0,460.0,367.4
GBBL,8/24/2025,428.1,432.0,422.0,423.52,-0.61,65623.0,460.0,367.4
GBBL,8/25/2025,425.0,427.8,421.1,425.33,0.43,39674.0,460.0,367.4
GBBL,8/26/2025,430.0,430.0,425.3,427.78,0.58,14268.0,460.0,367.4
GBBL,8/27/2025,433.9,441.9,431.7,439.68,2.78,74294.0,460.0,367.4
GBBL,8/28/2025,441.0,446.0,432.1,433.32,-1.45,119069.0,460.0,367.4
GBBL,8/31/2025,435.0,435.0,425.2,426.06,-1.68,26896.0,460.0,367.4
GBBL,9/1/2025,425.0,432.9,422.0,427.56,0.35,63901.0,460.0,367.4
GBBL,9/2/2025,431.0,435.0,427.0,431.45,0.91,28738.0,460.0,367.4
GBBL,9/3/2025,433.0,436.0,428.0,432.37,0.21,74056.0,460.0,367.4
GBBL,9/4/2025,430.0,436.8,425.1,429.4,-0.69,53248.0,460.0,367.4
GBBL,9/7/2025,428.1,435.8,428.1,430.46,0.25,28322.0,460.0,367.4
GBBL,9/8/2025,430.1,434.9,423.0,426.47,-0.93,56215.0,460.0,367.4
GBBL,9/18/2025,418.0,418.0,395.0,395.0,-7.38,1898.0,460.0,367.4
GBBL,9/21/2025,395.0,428.0,395.0,422.61,6.99,52934.0,460.0,367.4
GBBL,9/23/2025,420.0,437.0,420.0,433.0,2.46,28135.0,460.0,367.4
GBBL,9/24/2025,432.5,439.4,426.0,427.0,-1.39,30583.0,460.0,367.4
GBBL,9/25/2025,426.0,432.0,425.1,427.0,0.0,33594.0,460.0,367.4
GBBL,9/28/2025,430.0,433.0,428.0,431.0,0.94,13886.0,460.0,367.4
GBBL,10/7/2025,428.0,430.0,422.1,424.0,-1.62,28695.0,460.0,367.4
GBBL,10/8/2025,421.0,425.0,412.9,417.1,-1.63,48034.0,460.0,367.4
GBBL,10/9/2025,425.4,441.0,417.1,419.9,0.67,39313.0,460.0,367.4
GBBL,10/12/2025,412.6,418.0,405.0,409.9,-2.38,85262.0,460.0,367.4
GBBL,10/13/2025,406.0,418.0,406.0,418.0,1.98,24213.0,460.0,367.4
GBBL,10/14/2025,416.0,420.0,411.0,414.9,-0.74,31779.0,460.0,367.4
GBBL,10/15/2025,417.0,422.9,405.0,410.0,-1.18,24986.0,460.0,367.4
GBBL,10/16/2025,410.0,415.0,401.8,403.0,-1.71,50045.0,460.0,367.4
GBBL,10/19/2025,404.0,408.0,400.0,404.9,0.47,27160.0,460.0,367.4
GBBL,10/26/2025,397.0,404.4,397.0,404.0,-0.22,31682.0,460.0,367.4
GBBL,10/28/2025,404.0,418.0,402.0,414.1,2.5,35629.0,460.0,367.4
GBBL,10/29/2025,419.7,424.3,415.0,415.0,0.22,44443.0,460.0,367.4
GBBL,10/30/2025,422.6,422.6,412.0,416.0,0.24,46354.0,460.0,367.4
GBBL,11/2/2025,423.8,425.0,413.1,415.1,-0.22,66309.0,460.0,367.4
GBBL,11/3/2025,422.9,422.9,416.2,417.0,0.46,71195.0,460.0,367.4
GBBL,11/4/2025,393.4,402.9,389.0,392.1,-5.97,37516.0,460.0,367.4
GBBL,11/5/2025,387.1,392.0,385.0,387.0,-1.3,21710.0,460.0,367.4
GBBL,11/6/2025,390.0,392.0,379.3,386.5,-0.13,31796.0,460.0,367.4
GBBL,11/9/2025,394.2,394.2,382.2,383.0,-0.91,20641.0,460.0,367.4
GBBL,11/10/2025,385.0,385.9,377.0,380.9,-0.55,21783.0,460.0,367.4
GBBL,11/11/2025,384.9,385.0,373.0,376.0,-1.29,37017.0,460.0,367.4
GBBL,11/12/2025,380.0,380.0,370.0,373.0,-0.8,24064.0,460.0,367.4
GBBL,11/13/2025,374.0,374.9,368.0,370.0,-0.8,26601.0,460.0,367.4
GBBL,11/16/2025,369.0,372.0,368.0,371.0,0.27,22495.0,460.0,367.4
GBBL,11/17/2025,371.0,374.0,367.4,370.9,-0.03,38796.0,460.0,367.4
GBBL,11/18/2025,374.0,378.4,370.0,375.0,1.11,36662.0,460.0,367.4
GBBL,11/19/2025,378.0,380.0,372.1,374.0,-0.27,16556.0,460.0,367.4
GBBL,11/20/2025,372.3,374.0,368.0,373.4,-0.16,27745.0,460.0,367.4
GBBL,11/23/2025,376.0,382.0,372.4,381.0,2.04,21928.0,460.0,367.4
GBBL,11/24/2025,383.0,388.6,383.0,388.6,1.99,53478.0,460.0,367.4
GBBL,11/25/2025,388.0,390.0,384.1,387.0,-0.41,16887.0,460.0,367.4
GBBL,11/26/2025,383.5,389.0,383.5,388.5,0.39,16980.0,460.0,367.4
GBBL,11/27/2025,385.6,390.0,385.0,386.9,-0.41,22844.0,460.0,367.4
GBBL,11/30/2025,388.0,392.9,381.6,385.0,-0.49,24845.0,460.0,367.4
GBBL,12/1/2025,384.0,385.9,381.1,382.0,-0.78,6602.0,460.0,367.4
GBBL,12/2/2025,385.0,388.0,380.0,381.0,-0.26,22429.0,460.0,367.4
GBBL,12/3/2025,381.0,381.0,378.3,380.8,-0.05,20031.0,460.0,367.4
GBBL,12/7/2025,383.0,383.0,376.8,378.0,-0.74,18193.0,460.0,367.4
GBBL,12/8/2025,375.3,380.0,375.2,377.0,-0.26,8266.0,460.0,367.4
GBBL,12/9/2025,375.0,380.0,374.9,376.0,-0.27,12512.0,460.0,367.4
GBBL,12/10/2025,375.3,380.0,375.1,376.0,0.0,7565.0,460.0,367.4
GBBL,12/11/2025,379.9,379.9,376.0,377.9,0.51,19407.0,460.0,367.4
GBBL,12/14/2025,378.0,378.1,375.1,377.1,-0.21,20993.0,460.0,367.4
GBBL,12/15/2025,378.0,378.1,374.2,378.0,0.24,19032.0,460.0,367.4
GBBL,12/16/2025,382.0,384.0,378.0,378.0,0.0,19875.0,460.0,367.4
GBBL,12/17/2025,378.3,384.9,378.3,382.0,1.06,17084.0,460.0,367.4
GBBL,12/18/2025,380.0,382.0,378.4,380.7,-0.34,9660.0,460.0,367.4
GBBL,12/21/2025,374.8,380.0,374.8,376.7,-1.05,27149.0,460.0,367.4
GBBL,12/22/2025,374.2,378.9,373.8,375.9,-0.21,18216.0,460.0,367.4
GBBL,12/23/2025,380.0,380.0,374.6,377.0,0.29,7746.0,460.0,367.4
GBBL,12/24/2025,374.5,378.0,373.8,374.0,-0.8,21696.0,460.0,367.4
GBBL,12/28/2025,378.0,382.0,376.1,382.0,2.14,20222.0,460.0,367.4
GBBL,12/29/2025,385.7,387.9,382.0,382.6,0.16,41809.0,460.0,367.4
GBBL,12/31/2025,375.1,389.4,375.1,388.0,1.41,26147.0,460.0,367.4
GBBL,1/1/2026,385.0,385.7,381.6,383.0,-1.29,10599.0,460.0,367.4
GBBL,1/4/2026,383.0,383.0,377.3,379.0,-1.04,13923.0,460.0,367.4
GBBL,1/5/2026,376.7,386.0,376.7,386.0,1.85,21370.0,460.0,367.4
GBBL,1/6/2026,386.0,390.6,385.6,390.0,1.04,40520.0,460.0,367.4
GBBL,1/7/2026,386.1,392.0,385.9,388.0,-0.51,24063.0,460.0,367.4
GBBL,1/8/2026,386.0,390.5,385.0,390.3,0.59,29761.0,460.0,367.4
GBBL,1/12/2026,394.5,394.5,390.2,392.0,0.44,17327.0,460.0,367.4
GBBL,1/13/2026,395.0,395.0,388.0,392.8,0.2,10794.0,460.0,367.4
GBBL,1/14/2026,394.3,400.0,390.1,391.0,-0.46,25721.0,460.0,367.4
GBBL,1/18/2026,391.0,401.9,391.0,401.5,2.69,72221.0,460.0,367.4
GBBL,1/20/2026,404.8,412.0,400.0,407.0,1.37,56392.0,460.0,367.4
GBBL,1/21/2026,411.0,411.0,398.9,400.0,-1.72,31303.0,460.0,367.4
GBBL,1/22/2026,400.0,403.5,396.0,403.0,0.75,31996.0,460.0,367.4
GBBL,1/25/2026,405.0,411.0,405.0,410.0,1.74,49856.0,460.0,367.4
GBBL,1/26/2026,410.9,415.0,405.0,406.1,-0.95,53787.0,460.0,367.4
GBBL,1/27/2026,406.1,407.9,395.0,400.0,-1.5,41979.0,460.0,367.4
GBBL,1/28/2026,408.0,408.0,396.0,398.0,-0.5,29026.0,460.0,367.4
GBBL,1/29/2026,398.0,402.0,395.0,396.0,-0.5,30564.0,460.0,367.4
GBBL,2/1/2026,396.3,400.5,395.1,397.0,0.25,24432.0,460.0,367.4
GBBL,2/2/2026,397.1,400.0,396.0,398.0,0.25,27260.0,460.0,367.4
GBBL,2/3/2026,398.0,402.9,397.8,397.8,-0.05,23161.0,460.0,367.4
GBBL,2/4/2026,404.0,404.0,397.0,397.0,-0.2,25585.0,460.0,367.4
GBBL,2/5/2026,395.0,402.0,395.0,400.8,0.96,34261.0,460.0,367.4
GBBL,2/8/2026,404.4,404.4,396.2,397.0,-0.95,39941.0,460.0,367.4
GBBL,2/9/2026,397.0,399.9,395.1,395.1,-0.48,29379.0,460.0,367.4
GBBL,2/10/2026,394.0,400.0,384.0,395.8,0.18,29129.0,460.0,367.4
GBBL,2/11/2026,402.0,402.0,390.0,396.9,0.28,32349.0,460.0,367.4
GBBL,2/12/2026,397.1,401.0,396.0,398.7,0.45,30100.0,460.0,367.4
GBBL,2/16/2026,399.0,402.0,398.0,398.9,0.05,26588.0,460.0,367.4
GBBL,2/17/2026,399.1,400.0,392.2,392.5,-1.6,65026.0,460.0,367.4
GBBL,2/22/2026,392.1,397.0,392.1,392.3,-0.05,26917.0,460.0,367.4
GBBL,2/23/2026,392.1,399.3,392.0,396.5,1.07,20362.0,460.0,367.4
GBBL,2/24/2026,397.0,401.0,396.0,397.0,0.13,12274.0,460.0,367.4
GBBL,2/25/2026,398.0,400.8,395.0,400.7,0.93,13803.0,460.0,367.4
GBBL,2/26/2026,400.0,408.6,395.0,402.9,0.55,19375.0,460.0,367.4
GBBL,2/27/2026,400.0,408.6,395.0,402.9,0.0,19375.0,460.0,367.4
GBBL,2/28/2026,400.0,408.6,395.0,402.9,0.0,19375.0,460.0,367.4
GBBL,3/2/2026,398.0,415.0,394.9,407.0,1.02,40113.0,460.0,367.4
GBBL,3/3/2026,406.8,415.0,402.0,408.0,0.25,34297.0,460.0,367.4
GBBL,3/4/2026,406.8,415.0,402.0,408.0,0.0,34297.0,460.0,367.4
GBBL,3/5/2026,406.8,415.0,402.0,408.0,0.0,34297.0,460.0,367.4
GBBL,3/6/2026,406.8,415.0,402.0,408.0,0.0,34297.0,460.0,367.4
GBBL,3/7/2026,406.8,415.0,402.0,408.0,0.0,34297.0,460.0,367.4
GBBL,3/8/2026,406.8,415.0,402.0,408.0,0.0,34297.0,460.0,367.4
GBBL,3/9/2026,416.1,424.4,416.1,424.4,4.02,210.0,460.0,367.4
GBBL,3/10/2026,432.8,442.0,420.0,425.0,0.14,85091.0,460.0,367.4
GBBL,3/11/2026,428.0,432.0,420.0,420.0,-1.18,42801.0,460.0,367.4
GBBL,3/12/2026,413.2,424.0,413.2,420.5,0.12,28334.0,460.0,367.4
GBBL,3/13/2026,413.2,424.0,413.2,420.5,0.0,28334.0,460.0,367.4
GBBL,3/14/2026,413.2,424.0,413.2,420.5,0.0,28334.0,460.0,367.4
GBBL,3/15/2026,426.0,426.0,420.0,423.0,0.59,44709.0,460.0,367.4
GBBL,3/16/2026,423.0,430.0,416.1,420.0,-0.71,42285.0,460.0,367.4
GBBL,3/17/2026,416.0,422.0,416.0,420.0,0.0,15380.0,460.0,367.4
GBBL,3/18/2026,416.0,422.0,416.0,420.0,0.0,15380.0,460.0,367.4
GBBL,3/19/2026,420.0,437.0,420.0,434.0,3.33,114243.0,460.0,367.4
GBBL,3/20/2026,420.0,437.0,420.0,434.0,0.0,114243.0,460.0,367.4
GBBL,3/21/2026,420.0,437.0,420.0,434.0,0.0,114243.0,460.0,367.4
GBBL,3/22/2026,438.9,445.0,433.1,440.0,1.38,138959.0,460.0,367.4
GBBL,3/23/2026,443.0,444.0,429.0,436.0,-0.91,95441.0,460.0,367.4
GBBL,3/24/2026,435.0,439.6,430.0,434.9,-0.25,104468.0,460.0,367.4
GBBL,3/25/2026,434.0,435.1,428.0,428.0,-1.59,52224.0,460.0,367.4
GBBL,3/26/2026,426.0,429.0,420.0,428.0,0.47,67997.0,460.0,367.4
GBBL,3/29/2026,427.0,427.0,412.2,412.2,-3.47,88443.0,460.0,367.4
GBBL,3/30/2026,410.0,417.0,407.1,414.9,1.2,73623.0,460.0,367.4
GBBL,3/31/2026,410.0,423.1,410.0,420.0,2.44,41097.0,460.0,367.4
GBBL,4/1/2026,417.0,420.0,405.0,405.0,-2.88,58345.0,460.0,367.4
GBBL,4/2/2026,400.1,414.0,399.0,411.0,2.72,34839.0,460.0,367.4
GBBL,4/5/2026,412.0,412.0,398.0,400.0,-2.91,71901.0,460.0,367.4
GBBL,4/6/2026,400.0,412.0,395.1,407.0,1.75,64023.0,460.0,367.4
GBBL,4/7/2026,407.0,415.0,404.0,409.9,0.71,31839.0,460.0,367.4
GBBL,4/8/2026,410.0,415.0,409.2,414.5,1.1,16529.0,460.0,367.4
GBBL,4/9/2026,419.0,419.0,409.0,415.1,-0.93,74639.0,460.0,367.4
GBBL,4/10/2026,417.0,417.0,411.1,412.0,-1.2,33216.0,460.0,367.4
GBBL,4/13/2026,410.0,417.9,410.0,412.9,0.71,19322.0,460.0,367.4
GBBL,4/15/2026,414.0,418.9,411.0,413.0,-0.24,30791.0,460.0,367.4
GBBL,4/16/2026,413.0,413.0,409.1,411.0,-0.48,25039.0,460.0,367.4
GBBL,4/17/2026,408.1,413.0,407.1,408.0,-0.02,23763.0,460.0,367.4
GBBL,4/20/2026,419.0,419.0,407.1,412.0,-1.67,12392.0,460.0,367.4
GBBL,4/21/2026,407.0,412.0,406.2,409.1,0.52,7178.0,460.0,367.4
GBBL,4/22/2026,405.2,412.0,404.0,411.5,1.55,19412.0,460.0,367.4
GBBL,4/23/2026,402.7,412.0,402.7,411.0,2.06,21328.0,460.0,367.4
GBBL,4/24/2026,411.0,409.8,402.3,407.0,-0.97,17232.0,460.0,367.4
GBBL,4/27/2026,407.0,414.0,406.0,406.0,-0.25,15574.0,460.0,367.4
GBBL,4/28/2026,406.0,412.0,407.7,407.7,0.42,17994.0,460.0,367.4
GBBL,4/29/2026,407.7,413.9,409.0,410.0,0.56,31046.0,460.0,367.4
GBBL,4/30/2026,404.0,415.0,404.0,414.0,2.48,27568.0,460.0,367.4
GBBL,5/4/2026,419.9,419.9,410.2,413.0,-1.64,18835.0,460.0,367.4
GBBL,5/5/2026,412.0,415.0,410.0,414.0,0.49,25502.0,460.0,367.4
GBBL,5/6/2026,415.0,417.0,412.0,414.0,-0.24,15521.0,460.0,367.4
GBBL,5/7/2026,414.0,414.0,410.1,414.0,0.0,21976.0,460.0,367.4
GBBL,5/8/2026,414.0,417.0,412.9,416.1,0.51,19853.0,460.0,367.4
GBBL,5/11/2026,416.5,420.0,416.1,420.0,0.84,22597.0,460.0,367.4
GBBL,5/12/2026,421.0,421.0,416.0,418.0,-0.71,16765.0,460.0,367.4
GBBL,5/13/2026,417.5,418.1,414.2,415.5,-0.48,11245.0,460.0,367.4
GBBL,5/14/2026,412.0,419.8,410.0,415.0,0.73,7424.0,460.0,367.4
GBBL,5/15/2026,415.0,419.0,413.0,415.0,0.0,18626.0,460.0,367.4
GBBL,5/18/2026,412.0,417.0,410.3,415.0,0.73,25830.0,460.0,367.4
GBBL,5/19/2026,415.0,417.0,412.2,415.1,0.02,14250.0,460.0,367.4
GBBL,5/20/2026,416.0,422.0,415.5,422.0,1.44,28953.0,460.0,367.4
GBBL,5/21/2026,434.0,434.0,418.5,419.0,-3.46,12941.0,460.0,367.4
GBBL,5/22/2026,428.0,439.9,418.0,421.0,-1.64,43518.0,460.0,367.4
GBBL,5/25/2026,421.0,425.0,420.0,421.0,0.0,36985.0,460.0,367.4
GBBL,5/26/2026,417.1,422.0,417.1,419.0,0.46,18498.0,460.0,367.4
GBBL,5/27/2026,419.0,423.9,419.0,421.0,0.48,28276.0,460.0,367.4
GBBL,6/1/2026,433.0,445.9,416.3,419.0,-3.23,27973.0,460.0,367.4
GBBL,6/2/2026,420.0,420.0,416.0,418.1,-0.45,28700.0,460.0,367.4
GBBL,6/3/2026,418.1,422.0,415.0,418.2,0.02,37860.0,460.0,367.4
GBBL,6/4/2026,417.1,420.0,415.0,417.9,0.19,15097.0,460.0,367.4
GBBL,6/5/2026,415.2,417.9,415.0,416.0,0.19,19964.0,460.0,367.4
GBBL,6/8/2026,416.0,417.8,413.1,415.9,-0.02,24559.0,460.0,367.4
GBBL,6/9/2026,413.0,416.0,410.2,413.0,0.0,23044.0,460.0,367.4
GBBL,6/10/2026,413.0,417.0,411.5,412.3,-0.17,35051.0,460.0,367.4
GBBL,6/11/2026,412.3,413.6,409.5,410.9,-0.34,48433.0,460.0,367.4
GBBL,6/12/2026,410.0,410.1,408.0,408.8,-0.29,30347.0,460.0,367.4
GBBL,6/15/2026,411.0,411.0,407.0,407.3,-0.9,40925.0,460.0,367.4
GBBL,6/16/2026,410.0,410.0,406.2,407.0,-0.73,47276.0,460.0,367.4
GBBL,6/17/2026,409.0,410.0,407.0,410.0,0.24,24163.0,460.0,367.4
GBBL,6/18/2026,414.9,416.0,407.2,410.0,-1.18,9470.0,460.0,367.4
GBBL,6/19/2026,412.0,412.0,407.5,408.0,-0.97,10468.0,460.0,367.4
GBBL,6/22/2026,408.0,410.0,405.5,405.5,-0.61,21243.0,460.0,367.4
GBBL,6/23/2026,405.5,408.0,405.5,405.9,0.1,22385.0,460.0,367.4
GBBL,6/24/2026,405.5,409.9,401.0,406.0,0.12,55111.0,460.0,367.4
GBBL,6/26/2026,404.9,413.0,404.9,405.8,0.22,18698.0,460.0,367.4
GBBL,6/29/2026,405.0,405.0,400.0,402.0,-0.74,25970.0,460.0,367.4
GBBL,6/30/2026,402.0,403.0,399.0,399.0,-0.75,16329.0,460.0,367.4
GBBL,7/1/2026,400.0,406.0,400.0,404.9,1.22,13064.0,460.0,367.4
GBBL,7/2/2026,402.1,405.0,400.0,405.0,0.72,8510.0,460.0,367.4
GBBL,7/3/2026,409.5,409.5,404.0,404.1,-1.32,24226.0,460.0,367.4
GBBL,7/6/2026,404.1,408.9,402.0,404.0,-0.02,14528.0,460.0,367.4
GBBL,7/7/2026,383.8,407.0,383.8,405.0,5.52,49746.0,460.0,367.4
GBBL,7/8/2026,409.9,409.9,401.5,405.0,-1.2,17879.0,460.0,367.4
GBBL,7/9/2026,401.1,403.0,398.0,398.5,-0.65,27617.0,460.0,367.4
GBBL,7/10/2026,402.0,402.0,397.5,398.0,-1.0,29466.0,460.0,367.4
GBBL,7/13/2026,397.3,399.9,396.1,396.1,-0.3,30805.0,460.0,367.4
GBBL,7/14/2026,395.3,402.0,395.3,396.0,0.18,20111.0,460.0,367.4
GBBL,7/15/2026,402.0,403.9,397.7,400.0,-0.5,37105.0,460.0,367.4
GBBL,7/16/2026,403.0,405.0,398.0,403.8,0.2,19856.0,460.0,367.4
GBBL,7/17/2026,406.0,411.0,400.0,411.0,1.23,21076.0,460.0,367.4
GBBL,7/20/2026,412.0,426.0,408.1,421.0,2.18,59719.0,460.0,367.4
GBBL,7/21/2026,421.0,426.5,419.1,423.9,0.69,78160.0,460.0,367.4
GBBL,7/22/2026,420.0,425.0,417.3,421.5,0.36,32780.0,460.0,367.4
GBBL,7/23/2026,420.0,421.0,415.0,420.0,0.0,26242.0,460.0,367.4
GBBL,7/24/2026,416.6,426.0,416.6,426.0,2.26,64896.0,460.0,367.4
GBBL,7/27/2026,405.0,431.0,405.0,419.0,3.46,68856.0,460.0,367.4
GBBL,7/28/2026,400.0,422.5,400.0,418.0,4.5,19611.0,460.0,367.4
GBBL,7/29/2026,416.0,422.9,416.0,422.0,1.44,54582.0,460.0,367.4
GBBL,7/30/2026,420.0,425.0,417.6,419.0,-0.24,11431.0,460.0,367.4
GBBL,7/31/2026,412.5,420.8,412.5,420.0,1.82,13519.0,460.0,367.4
GBBL,8/3/2026,421.0,421.0,416.1,419.0,-0.48,15862.0,460.0,367.4
GBBL,8/4/2026,415.4,417.9,415.1,417.5,0.51,32439.0,460.0,367.4
GBBL,8/5/2026,412.6,417.9,412.6,415.0,0.58,52157.0,460.0,367.4
GBBL,8/6/2026,418.3,425.0,417.4,421.0,0.65,85460.0,460.0,367.4
GBBL,8/7/2026,419.1,422.0,418.0,419.0,-0.02,23774.0,460.0,367.4
GBBL,8/10/2026,418.0,421.0,418.0,418.6,0.14,21748.0,460.0,367.4
GBBL,8/11/2026,418.0,421.5,418.0,419.0,0.24,21129.0,460.0,367.4
GBBL,8/12/2026,420.0,421.0,419.0,419.5,-0.12,24874.0,460.0,367.4
GBBL,8/13/2026,414.0,426.0,414.0,424.3,2.49,18886.0,460.0,367.4
GBBL,8/14/2026,424.1,427.0,421.1,423.7,-0.09,42406.0,460.0,367.4
GBBL,8/17/2026,423.8,425.0,419.1,423.0,-0.19,95705.0,460.0,367.4
GBBL,8/18/2026,424.8,424.9,420.1,424.5,-0.07,46867.0,460.0,367.4
GBBL,8/19/2026,420.0,425.7,420.0,423.0,0.71,27929.0,460.0,367.4
GBBL,8/20/2026,420.5,423.9,420.5,423.5,0.71,43022.0,460.0,367.4
GBBL,8/21/2026,423.0,423.5,420.8,421.8,-0.28,33850.0,460.0,367.4
GBBL,8/24/2026,420.0,422.0,420.0,420.1,0.02,31899.0,460.0,367.4
GBBL,8/25/2026,421.0,424.0,420.0,422.0,0.24,28406.0,460.0,367.4
GBBL,8/26/2026,421.7,422.0,419.2,420.7,-0.24,13281.0,460.0,367.4
GBBL,8/27/2026,418.0,422.0,410.0,422.0,0.96,24151.0,460.0,367.4
GBBL,8/31/2026,422.0,425.0,419.4,420.1,-0.45,13793.0,460.0,367.4
GBBL,9/1/2026,418.5,422.6,418.5,421.0,0.6,34024.0,460.0,367.4
GBBL,9/2/2026,420.0,426.1,420.0,426.0,1.43,63766.0,460.0,367.4
GBBL,9/3/2026,430.0,436.3,425.2,436.3,1.47,199020.0,460.0,367.4
GBBL,9/7/2026,450.0,450.0,442.3,447.0,-0.67,401185.0,460.0,367.4
GBBL,9/9/2026,450.0,450.0,444.0,444.0,-1.33,191215.0,460.0,367.4
GBBL,9/10/2026,444.1,444.8,440.0,440.6,-0.79,182771.0,460.0,367.4
GBBL,9/11/2026,440.0,444.8,439.0,443.0,0.68,111320.0,460.0,367.4
GBBL,9/14/2026,443.0,448.0,443.0,446.0,0.68,195789.0,460.0,367.4
GBBL,9/15/2026,460.0,460.0,449.0,455.0,-1.09,298241.0,460.0,367.4
GBBL,9/16/2026,457.0,457.0,450.2,453.3,-0.81,165462.0,460.0,367.4
GBBL,9/17/2026,457.0,457.0,452.4,453.0,-0.88,145127.0,460.0,367.4
GBBL,9/18/2026,454.9,456.0,452.4,455.0,0.02,109008.0,460.0,367.4
GBBL,9/22/2026,456.5,459.9,456.5,457.3,0.18,124504.0,460.0,367.4
GBBL,9/23/2026,460.0,460.0,450.3,451.0,-1.96,162972.0,460.0,367.4
GBBL,9/24/2026,453.0,456.0,449.0,454.0,0.22,146930.0,460.0,367.4
GBBL,9/28/2026,455.0,458.9,455.0,457.0,0.44,118953.0,460.0,367.4
GBBL,9/29/2026,458.0,459.0,453.7,0.0,-100.0,193437.0,460.0,367.4
GBBL,9/30/2026,414.0,415.0,405.0,406.6,-1.79,121599.0,460.0,367.4
GBBL,10/1/2026,409.0,409.0,400.8,402.6,-1.56,73487.0,460.0,367.4
GBBL,10/2/2026,403.0,403.0,398.8,400.0,-0.74,79603.0,460.0,367.4
GBBLPO,12/21/2025,204.0,204.0,204.0,204.0,,52199.0,242.0,200.0
GBBLPO,3/26/2026,242.0,242.0,242.0,242.0,0.0,30369.0,242.0,200.0
GBBLPO,3/31/2026,242.0,242.0,242.0,242.0,0.0,30370.0,242.0,200.0
GBBLPO,6/9/2026,238.0,238.0,238.0,238.0,0.0,60000.0,242.0,200.0
GBBLPO,7/3/2026,238.0,238.0,238.0,238.0,0.0,4787.0,242.0,200.0
GBBLPO,7/9/2026,238.0,238.0,238.0,238.0,0.0,5000.0,242.0,200.0
GBBLPO,7/14/2026,238.0,238.0,238.0,238.0,0.0,49031.0,242.0,200.0
GBBLPO,7/15/2026,238.0,238.0,238.0,238.0,0.0,7300.0,242.0,200.0
GBBLPO,9/18/2026,230.9,230.9,230.9,230.9,0.0,3101.0,242.0,200.0
GBBLPO,9/24/2026,230.9,230.9,230.9,230.9,0.0,899.0,242.0,200.0
GBBLPO,9/29/2026,230.9,230.9,230.9,0.0,-100.0,18106.0,242.0,200.0
GBILD84/85,12/23/2025,1170.0,1170.0,1170.0,1170.0,,50.0,1238.0,1067.0
GBILD84/85,12/24/2025,1170.0,1170.0,1170.0,1170.0,0.0,285.0,1238.0,1067.0
GBILD84/85,12/29/2025,1190.0,1193.4,1190.0,1193.4,2.0,120.0,1238.0,1067.0
GBILD84/85,12/31/2025,1193.0,1200.0,1193.0,1195.0,0.13,428.0,1238.0,1067.0
GBILD84/85,1/1/2026,1172.0,1195.0,1172.0,1195.0,0.0,350.0,1238.0,1067.0
GBILD84/85,1/5/2026,1195.0,1200.0,1195.0,1200.0,0.42,1500.0,1238.0,1067.0
GBILD84/85,1/6/2026,1177.0,1177.0,1176.0,1176.0,-2.0,548.0,1238.0,1067.0
GBILD84/85,1/12/2026,1162.0,1162.0,1162.0,1162.0,-1.19,50.0,1238.0,1067.0
GBILD84/85,1/13/2026,1185.2,1185.2,1185.2,1185.2,2.0,10.0,1238.0,1067.0
GBILD84/85,1/21/2026,1170.0,1170.0,1170.0,1170.0,-1.28,14.0,1238.0,1067.0
GBILD84/85,1/22/2026,1163.0,1170.0,1151.0,1170.0,0.0,235.0,1238.0,1067.0
GBILD84/85,1/26/2026,1150.0,1170.0,1150.0,1170.0,0.0,395.0,1238.0,1067.0
GBILD84/85,1/27/2026,1170.0,1170.0,1170.0,1170.0,0.0,25.0,1238.0,1067.0
GBILD84/85,1/28/2026,1156.0,1156.0,1156.0,1156.0,-1.2,25.0,1238.0,1067.0
GBILD84/85,1/29/2026,1179.1,1179.1,1179.1,1179.1,2.0,57.0,1238.0,1067.0
GBILD84/85,2/1/2026,1156.0,1156.0,1155.0,1155.0,-2.04,50.0,1238.0,1067.0
GBILD84/85,2/2/2026,1178.1,1185.0,1160.0,1160.0,0.43,110.0,1238.0,1067.0
GBILD84/85,2/3/2026,1183.0,1183.0,1165.0,1165.0,0.43,70.0,1238.0,1067.0
GBILD84/85,2/9/2026,1165.0,1165.0,1165.0,1165.0,0.0,25.0,1238.0,1067.0
GBILD84/85,2/16/2026,1150.1,1151.0,1150.1,1151.0,-1.2,100.0,1238.0,1067.0
GBILD84/85,2/17/2026,1152.0,1174.0,1152.0,1174.0,2.0,65.0,1238.0,1067.0
GBILD84/85,2/23/2026,1175.0,1175.0,1170.0,1170.0,-0.34,315.0,1238.0,1067.0
GBILD84/85,3/3/2026,1166.0,1166.0,1165.0,1165.0,-0.43,80.0,1238.0,1067.0
GBILD84/85,3/4/2026,1166.0,1166.0,1165.0,1165.0,0.0,80.0,1238.0,1067.0
GBILD84/85,3/5/2026,1166.0,1166.0,1165.0,1165.0,0.0,80.0,1238.0,1067.0
GBILD84/85,3/6/2026,1166.0,1166.0,1165.0,1165.0,0.0,80.0,1238.0,1067.0
GBILD84/85,3/7/2026,1166.0,1166.0,1165.0,1165.0,0.0,80.0,1238.0,1067.0
GBILD84/85,3/8/2026,1166.0,1166.0,1165.0,1165.0,0.0,80.0,1238.0,1067.0
GBILD84/85,3/11/2026,1171.0,1171.0,1171.0,1171.0,0.52,100.0,1238.0,1067.0
GBILD84/85,3/15/2026,1190.0,1213.7,1189.0,1213.8,3.65,270.0,1238.0,1067.0
GBILD84/85,3/16/2026,1213.8,1213.8,1213.8,1213.8,0.0,200.0,1238.0,1067.0
GBILD84/85,3/17/2026,1190.0,1238.0,1190.0,1238.0,1.99,220.0,1238.0,1067.0
GBILD84/85,3/18/2026,1190.0,1238.0,1190.0,1238.0,0.0,220.0,1238.0,1067.0
GBILD84/85,3/19/2026,1214.0,1214.0,1214.0,1214.0,-1.94,25.0,1238.0,1067.0
GBILD84/85,3/20/2026,1214.0,1214.0,1214.0,1214.0,0.0,25.0,1238.0,1067.0
GBILD84/85,3/21/2026,1214.0,1214.0,1214.0,1214.0,0.0,25.0,1238.0,1067.0
GBILD84/85,3/22/2026,1200.0,1200.0,1200.0,1200.0,-1.15,25.0,1238.0,1067.0
GBILD84/85,3/23/2026,1222.0,1224.0,1222.0,1224.0,2.0,125.0,1238.0,1067.0
GBILD84/85,3/24/2026,1224.0,1224.0,1224.0,1224.0,0.0,50.0,1238.0,1067.0
GBILD84/85,3/26/2026,1210.0,1210.0,1210.0,1210.0,0.0,25.0,1238.0,1067.0
GBILD84/85,3/30/2026,1210.0,1210.0,1210.0,1184.0,-2.15,15.0,1238.0,1067.0
GBILD84/85,3/31/2026,1161.0,1162.0,1161.0,1162.0,0.09,85.0,1238.0,1067.0
GBILD84/85,4/1/2026,1160.0,1160.0,1160.0,1160.0,0.0,25.0,1238.0,1067.0
GBILD84/85,4/2/2026,1147.1,1147.1,1147.1,1147.0,-0.01,25.0,1238.0,1067.0
GBILD84/85,4/10/2026,1147.0,1215.0,1147.0,1215.0,5.93,121.0,1238.0,1067.0
GBILD84/85,4/15/2026,1190.7,1190.7,1190.7,1190.7,0.0,20.0,1238.0,1067.0
GBILD84/85,4/23/2026,1190.0,1208.0,1190.0,1208.0,1.51,100.0,1238.0,1067.0
GBILD84/85,4/27/2026,1208.0,1208.0,1136.7,1136.7,-5.9,70.0,1238.0,1067.0
GBILD84/85,4/28/2026,1136.7,1140.0,1140.0,1140.0,0.29,25.0,1238.0,1067.0
GBILD84/85,4/29/2026,1140.0,1140.0,1140.0,1131.0,-0.79,2.0,1238.0,1067.0
GBILD84/85,4/30/2026,1131.0,1131.0,1131.0,1121.0,-0.88,2.0,1238.0,1067.0
GBILD84/85,5/5/2026,1150.0,1150.0,1121.0,1121.0,-2.52,180.0,1238.0,1067.0
GBILD84/85,5/7/2026,1125.0,1125.0,1125.0,1125.0,0.0,22.0,1238.0,1067.0
GBILD84/85,5/8/2026,1158.0,1158.0,1158.0,1158.0,0.0,20.0,1238.0,1067.0
GBILD84/85,5/13/2026,1124.2,1124.2,1124.1,1124.1,-0.01,50.0,1238.0,1067.0
GBILD84/85,5/26/2026,1155.0,1155.0,1155.0,1155.0,0.0,150.0,1238.0,1067.0
GBILD84/85,5/27/2026,1155.0,1155.0,1155.0,1155.0,0.0,25.0,1238.0,1067.0
GBILD84/85,6/1/2026,1155.0,1155.0,1155.0,1155.0,0.0,25.0,1238.0,1067.0
GBILD84/85,6/3/2026,1150.0,1150.0,1150.0,1150.0,0.0,25.0,1238.0,1067.0
GBILD84/85,6/8/2026,1150.0,1150.0,1150.0,1150.0,0.0,12.0,1238.0,1067.0
GBILD84/85,6/11/2026,1120.0,1150.0,1120.0,1150.0,2.68,45.0,1238.0,1067.0
GBILD84/85,6/12/2026,1154.9,1154.9,1154.9,1154.9,0.0,25.0,1238.0,1067.0
GBILD84/85,6/15/2026,1135.0,1135.0,1135.0,1135.0,0.0,25.0,1238.0,1067.0
GBILD84/85,6/17/2026,1160.0,1160.0,1160.0,1160.0,0.0,51.0,1238.0,1067.0
GBILD84/85,6/19/2026,1129.7,1129.7,1129.7,1129.7,0.0,290000.0,1238.0,1067.0
GBILD84/85,6/22/2026,1110.0,1110.0,1100.0,1100.0,-0.9,145000.0,1238.0,1067.0
GBILD84/85,6/26/2026,1129.7,1129.7,1120.0,1128.0,-0.15,254207.0,1238.0,1067.0
GBILD84/85,6/30/2026,1145.0,1155.0,1128.0,1128.0,-1.48,1200.0,1238.0,1067.0
GBILD84/85,7/2/2026,1115.0,1115.0,1115.0,1115.0,0.0,23010.0,1238.0,1067.0
GBILD84/85,7/7/2026,1123.0,1125.0,1115.0,1125.0,0.18,2483.0,1238.0,1067.0
GBILD84/85,7/8/2026,1111.0,1111.0,1067.0,1100.1,-0.98,88895.0,1238.0,1067.0
GBILD84/85,7/9/2026,1100.0,1120.0,1100.0,1120.0,1.82,181135.0,1238.0,1067.0
GBILD84/85,7/10/2026,1125.0,1125.0,1120.0,1120.0,-0.44,130017.0,1238.0,1067.0
GBILD84/85,7/13/2026,1119.0,1145.0,1119.0,1145.0,2.32,5945.0,1238.0,1067.0
GBILD84/85,7/14/2026,1145.0,1179.3,1145.0,1179.0,2.97,41070.0,1238.0,1067.0
GBILD84/85,7/16/2026,1172.0,1173.0,1172.0,1173.0,0.09,175.0,1238.0,1067.0
GBILD84/85,7/20/2026,1150.0,1150.0,1150.0,1150.0,0.0,25.0,1238.0,1067.0
GBILD84/85,7/24/2026,1145.0,1145.0,1145.0,1145.0,0.0,25.0,1238.0,1067.0
GBILD84/85,7/27/2026,1133.4,1133.4,1133.4,1133.4,0.0,9485.0,1238.0,1067.0
GBILD84/85,8/4/2026,1111.0,1111.0,1099.6,1099.6,-1.03,101.0,1238.0,1067.0
GBILD84/85,8/10/2026,1102.0,1103.0,1102.0,1103.0,0.09,50.0,1238.0,1067.0
GBILD84/85,8/14/2026,1101.0,1101.1,1101.0,1101.1,0.01,40.0,1238.0,1067.0
GBILD84/85,8/19/2026,1120.0,1123.0,1120.0,1123.0,0.27,148.0,1238.0,1067.0
GBILD84/85,8/20/2026,1153.0,1153.0,1153.0,1153.0,0.0,10.0,1238.0,1067.0
GBILD84/85,8/25/2026,1135.0,1135.0,1135.0,1135.0,0.0,10.0,1238.0,1067.0
GBILD84/85,8/27/2026,1130.0,1130.0,1130.0,1130.0,0.0,25.0,1238.0,1067.0
GBILD84/85,8/31/2026,1150.0,1150.0,1150.0,1150.0,0.0,10.0,1238.0,1067.0
GBILD84/85,9/1/2026,1120.0,1120.0,1120.0,1120.0,0.0,25.0,1238.0,1067.0
GBILD84/85,9/9/2026,1125.0,1125.0,1125.0,1125.0,0.0,25.0,1238.0,1067.0
GBILD84/85,9/10/2026,1130.0,1135.0,1130.0,1135.0,0.44,50.0,1238.0,1067.0
GBILD84/85,9/15/2026,1134.9,1134.9,1134.9,1134.9,0.0,25.0,1238.0,1067.0
GBILD84/85,9/18/2026,1126.0,1126.0,1126.0,1126.0,0.0,25.0,1238.0,1067.0
GBILD84/85,9/23/2026,1151.0,1158.0,1151.0,1158.0,0.61,301.0,1238.0,1067.0
GBILD84/85,9/30/2026,1150.0,1150.0,1150.0,1150.0,0.0,400.0,1238.0,1067.0
GBILD84/85,10/2/2026,1160.0,1160.0,1160.0,1160.0,0.0,25.0,1238.0,1067.0
GBILD86/87,12/21/2025,1138.0,1138.0,1138.0,1138.0,,176.0,1202.0,1055.0
GBILD86/87,12/24/2025,1125.0,1125.0,1125.0,1125.0,-1.14,200.0,1202.0,1055.0
GBILD86/87,12/29/2025,1140.0,1140.0,1135.0,1135.0,0.89,319.0,1202.0,1055.0
GBILD86/87,12/31/2025,1118.1,1118.1,1118.1,1118.1,-1.49,25.0,1202.0,1055.0
GBILD86/87,1/1/2026,1125.1,1125.1,1125.1,1125.1,0.63,100.0,1202.0,1055.0
GBILD86/87,1/4/2026,1107.1,1129.0,1107.1,1111.0,-1.25,100.0,1202.0,1055.0
GBILD86/87,1/6/2026,1112.0,1112.0,1112.0,1112.0,0.09,100.0,1202.0,1055.0
GBILD86/87,1/13/2026,1112.0,1142.0,1112.0,1142.0,2.7,250.0,1202.0,1055.0
GBILD86/87,1/18/2026,1120.0,1120.0,1120.0,1120.0,-1.93,10.0,1202.0,1055.0
GBILD86/87,1/20/2026,1120.0,1120.0,1120.0,1120.0,0.0,25.0,1202.0,1055.0
GBILD86/87,1/26/2026,1100.0,1100.0,1100.0,1100.0,-1.79,40.0,1202.0,1055.0
GBILD86/87,2/4/2026,1082.3,1082.3,1082.3,1082.3,-1.61,25.0,1202.0,1055.0
GBILD86/87,2/8/2026,1087.0,1087.0,1087.0,1087.0,0.43,50.0,1202.0,1055.0
GBILD86/87,2/17/2026,1081.0,1082.1,1081.0,1082.1,-0.45,60.0,1202.0,1055.0
GBILD86/87,2/26/2026,1085.0,1085.0,1085.0,1085.0,0.27,25.0,1202.0,1055.0
GBILD86/87,2/27/2026,1085.0,1085.0,1085.0,1085.0,0.0,25.0,1202.0,1055.0
GBILD86/87,2/28/2026,1085.0,1085.0,1085.0,1085.0,0.0,25.0,1202.0,1055.0
GBILD86/87,3/1/2026,1085.0,1085.0,1085.0,1085.0,0.0,25.0,1202.0,1055.0
GBILD86/87,3/11/2026,1080.0,1080.0,1080.0,1080.0,-0.46,130.0,1202.0,1055.0
GBILD86/87,3/15/2026,1079.1,1100.0,1079.0,1100.0,1.85,65.0,1202.0,1055.0
GBILD86/87,3/16/2026,1087.0,1108.7,1087.0,1108.7,0.79,220.0,1202.0,1055.0
GBILD86/87,3/22/2026,1113.0,1113.0,1081.0,1081.0,-2.5,1660.0,1202.0,1055.0
GBILD86/87,3/23/2026,1075.1,1090.0,1060.0,1069.0,-1.11,1390.0,1202.0,1055.0
GBILD86/87,3/24/2026,1090.2,1090.2,1090.2,1090.3,1.99,55.0,1202.0,1055.0
GBILD86/87,3/31/2026,1090.1,1090.1,1090.1,1090.1,0.0,50.0,1202.0,1055.0
GBILD86/87,4/1/2026,1082.2,1082.2,1082.2,1082.2,0.0,25.0,1202.0,1055.0
GBILD86/87,4/5/2026,1069.6,1099.0,1069.5,1099.0,2.75,310.0,1202.0,1055.0
GBILD86/87,4/8/2026,1090.0,1098.0,1090.0,1098.0,0.73,325.0,1202.0,1055.0
GBILD86/87,4/9/2026,1095.0,1095.0,1095.0,1095.0,0.0,25.0,1202.0,1055.0
GBILD86/87,4/10/2026,1079.0,1079.0,1079.0,1079.0,0.0,50.0,1202.0,1055.0
GBILD86/87,4/13/2026,1072.9,1072.9,1072.9,1072.9,0.0,25.0,1202.0,1055.0
GBILD86/87,4/15/2026,1075.0,1096.1,1074.7,1096.1,1.96,85.0,1202.0,1055.0
GBILD86/87,4/20/2026,1096.1,1096.1,1096.1,1070.0,-2.38,5.0,1202.0,1055.0
GBILD86/87,4/21/2026,1085.5,1085.5,1085.0,1085.0,-0.05,100.0,1202.0,1055.0
GBILD86/87,4/22/2026,1090.0,1090.0,1090.0,1090.0,0.0,30.0,1202.0,1055.0
GBILD86/87,4/23/2026,1065.0,1080.0,1065.0,1072.1,0.67,75.0,1202.0,1055.0
GBILD86/87,4/24/2026,1072.1,1104.0,1090.0,1100.0,2.6,255.0,1202.0,1055.0
GBILD86/87,4/29/2026,1100.0,1080.0,1080.0,1080.0,-1.82,25.0,1202.0,1055.0
GBILD86/87,5/4/2026,1086.0,1086.0,1085.0,1086.0,0.0,78.0,1202.0,1055.0
GBILD86/87,5/5/2026,1086.0,1086.0,1086.0,1086.0,0.0,50.0,1202.0,1055.0
GBILD86/87,5/6/2026,1086.0,1086.0,1085.0,1085.0,-0.09,50.0,1202.0,1055.0
GBILD86/87,5/18/2026,1085.0,1085.0,1085.0,1085.0,0.0,25.0,1202.0,1055.0
GBILD86/87,5/20/2026,1085.0,1085.0,1085.0,1085.0,0.0,50.0,1202.0,1055.0
GBILD86/87,5/21/2026,1113.0,1114.0,1080.1,1080.1,-2.96,85.0,1202.0,1055.0
GBILD86/87,5/25/2026,1086.0,1086.0,1086.0,1086.0,0.0,25.0,1202.0,1055.0
GBILD86/87,5/26/2026,1100.0,1133.0,1100.0,1125.0,2.27,1222.0,1202.0,1055.0
GBILD86/87,6/4/2026,1135.9,1135.9,1135.9,1135.9,0.0,953.0,1202.0,1055.0
GBILD86/87,6/5/2026,1121.0,1121.0,1121.0,1121.0,0.0,15.0,1202.0,1055.0
GBILD86/87,6/9/2026,1090.0,1090.0,1068.0,1068.0,-2.02,40045.0,1202.0,1055.0
GBILD86/87,6/10/2026,1100.0,1100.0,1100.0,1100.0,0.0,35.0,1202.0,1055.0
GBILD86/87,6/15/2026,1125.0,1125.0,1125.0,1125.0,0.0,39669.0,1202.0,1055.0
GBILD86/87,6/19/2026,1141.8,1141.8,1141.8,1141.8,0.0,290000.0,1202.0,1055.0
GBILD86/87,6/26/2026,1141.8,1141.8,1108.0,1141.8,0.0,290470.0,1202.0,1055.0
GBILD86/87,6/29/2026,1141.8,1141.8,1108.0,1108.0,-2.96,38742.0,1202.0,1055.0
GBILD86/87,7/1/2026,1108.0,1108.0,1108.0,1108.0,0.0,30.0,1202.0,1055.0
GBILD86/87,7/2/2026,1108.0,1108.0,1108.0,1108.0,0.0,25.0,1202.0,1055.0
GBILD86/87,7/6/2026,1100.0,1100.0,1075.0,1080.0,-1.82,80390.0,1202.0,1055.0
GBILD86/87,7/7/2026,1088.1,1088.1,1087.2,1087.2,-0.08,77515.0,1202.0,1055.0
GBILD86/87,7/8/2026,1088.0,1105.0,1088.0,1109.9,2.01,30055.0,1202.0,1055.0
GBILD86/87,7/9/2026,1131.0,1131.0,1118.9,1119.0,-1.06,315600.0,1202.0,1055.0
GBILD86/87,7/10/2026,1120.0,1140.0,1120.0,1140.0,1.79,90.0,1202.0,1055.0
GBILD86/87,7/13/2026,1144.0,1167.0,1144.0,1167.0,2.01,30535.0,1202.0,1055.0
GBILD86/87,7/14/2026,1166.9,1202.0,1166.9,1202.0,3.01,54091.0,1202.0,1055.0
GBILD86/87,7/24/2026,1202.0,1202.0,1128.0,1128.0,-6.16,10003.0,1202.0,1055.0
GBILD86/87,8/13/2026,1128.0,1128.0,1128.0,1065.1,-5.58,3.0,1202.0,1055.0
GBILD86/87,8/14/2026,1061.3,1061.3,1060.5,1060.9,-0.04,150.0,1202.0,1055.0
GBILD86/87,8/17/2026,1061.3,1084.0,1061.3,1084.0,2.14,100.0,1202.0,1055.0
GBILD86/87,8/27/2026,1056.0,1056.0,1055.0,1055.0,-0.09,25.0,1202.0,1055.0
GBILD86/87,9/9/2026,1085.0,1085.0,1085.0,1085.0,0.0,25.0,1202.0,1055.0
GBILD86/87,9/22/2026,1090.0,1090.0,1090.0,1090.0,0.0,25.0,1202.0,1055.0
GBILD86/87,10/1/2026,1122.7,1122.7,1122.7,1122.7,0.0,25.0,1202.0,1055.0
GBIME,9/26/2012,248.0,249.0,244.0,247.0,,7227.0,270.6,218.9
GBIME,9/30/2012,245.0,247.0,238.0,244.0,-1.21,7236.0,270.6,218.9
GBIME,10/1/2012,244.0,245.0,240.0,243.0,-0.41,5064.0,270.6,218.9
GBIME,10/2/2012,243.0,248.0,242.0,248.0,2.06,2854.0,270.6,218.9
GBIME,10/3/2012,248.0,251.0,244.0,248.0,0.0,3424.0,270.6,218.9
GBIME,10/4/2012,248.0,250.0,244.0,250.0,0.81,3162.0,270.6,218.9
GBIME,10/7/2012,250.0,255.0,248.0,252.0,0.8,6485.0,270.6,218.9
GBIME,10/8/2012,252.0,253.0,245.0,252.0,0.0,7223.0,270.6,218.9
GBIME,10/9/2012,252.0,256.0,250.0,256.0,1.59,3945.0,270.6,218.9
GBIME,10/10/2012,256.0,256.0,251.0,253.0,-1.17,1964.0,270.6,218.9
GBIME,10/11/2012,253.0,252.0,250.0,251.0,-0.79,3846.0,270.6,218.9
GBIME,10/14/2012,251.0,254.0,251.0,254.0,1.2,1029.0,270.6,218.9
GBIME,10/15/2012,254.0,254.0,249.0,252.0,-0.79,1589.0,270.6,218.9
GBIME,10/17/2012,252.0,260.0,247.0,260.0,3.17,2975.0,270.6,218.9
GBIME,10/18/2012,260.0,266.0,260.0,266.0,2.31,3263.0,270.6,218.9
GBIME,10/30/2012,266.0,275.0,263.0,270.0,1.5,2478.0,270.6,218.9
GBIME,10/31/2012,270.0,285.0,275.0,278.0,2.96,4291.0,270.6,218.9
GBIME,11/1/2012,278.0,287.0,269.0,287.0,3.24,2017.0,270.6,218.9
GBIME,11/4/2012,287.0,301.0,275.0,296.0,3.14,16234.0,270.6,218.9
GBIME,11/5/2012,296.0,307.0,283.0,297.0,0.34,12136.0,270.6,218.9
GBIME,11/6/2012,297.0,304.0,288.0,304.0,2.36,4876.0,270.6,218.9
GBIME,11/7/2012,304.0,310.0,300.0,310.0,1.97,8988.0,270.6,218.9
GBIME,11/8/2012,310.0,330.0,306.0,308.0,-0.65,9282.0,270.6,218.9
GBIME,11/11/2012,308.0,324.0,289.0,293.0,-4.87,9640.0,270.6,218.9
GBIME,11/12/2012,293.0,315.0,293.0,313.0,6.83,3044.0,270.6,218.9
GBIME,11/18/2012,313.0,326.0,310.0,318.0,1.6,2200.0,270.6,218.9
GBIME,11/20/2012,318.0,335.0,316.0,333.0,4.72,7312.0,270.6,218.9
GBIME,11/21/2012,333.0,344.0,321.0,343.0,3.0,10747.0,270.6,218.9
GBIME,11/22/2012,343.0,344.0,330.0,342.0,-0.29,9816.0,270.6,218.9
GBIME,11/25/2012,342.0,370.0,343.0,352.0,2.92,13675.0,270.6,218.9
GBIME,11/26/2012,352.0,359.0,334.0,359.0,1.99,14535.0,270.6,218.9
GBIME,11/27/2012,359.0,369.0,345.0,366.0,1.95,15772.0,270.6,218.9
GBIME,11/28/2012,366.0,385.0,368.0,380.0,3.83,17520.0,270.6,218.9
GBIME,11/29/2012,380.0,395.0,373.0,380.0,0.0,12950.0,270.6,218.9
GBIME,12/2/2012,380.0,380.0,366.0,370.0,-2.63,9600.0,270.6,218.9
GBIME,12/3/2012,370.0,370.0,355.0,364.0,-1.62,5403.0,270.6,218.9
GBIME,12/4/2012,364.0,382.0,368.0,380.0,4.4,11242.0,270.6,218.9
GBIME,12/5/2012,380.0,400.0,379.0,400.0,5.26,14715.0,270.6,218.9
GBIME,12/6/2012,400.0,404.0,385.0,404.0,1.0,29266.0,270.6,218.9
GBIME,12/9/2012,404.0,398.0,383.0,387.0,-4.21,12055.0,270.6,218.9
GBIME,12/10/2012,387.0,393.0,384.0,389.0,0.52,9827.0,270.6,218.9
GBIME,12/11/2012,389.0,392.0,388.0,390.0,0.26,12681.0,270.6,218.9
GBIME,12/12/2012,390.0,399.0,390.0,393.0,0.77,10338.0,270.6,218.9
GBIME,12/13/2012,393.0,397.0,393.0,395.0,0.51,8951.0,270.6,218.9
GBIME,12/16/2012,395.0,430.0,396.0,429.0,8.61,27653.0,270.6,218.9
GBIME,12/17/2012,429.0,447.0,430.0,438.0,2.1,18004.0,270.6,218.9
GBIME,12/18/2012,438.0,436.0,415.0,436.0,-0.46,13364.0,270.6,218.9
GBIME,12/19/2012,436.0,440.0,431.0,438.0,0.46,6949.0,270.6,218.9
GBIME,12/20/2012,438.0,438.0,425.0,425.0,-2.97,8162.0,270.6,218.9
GBIME,12/23/2012,425.0,433.0,420.0,424.0,-0.24,13684.0,270.6,218.9
GBIME,12/24/2012,424.0,443.0,424.0,439.0,3.54,15165.0,270.6,218.9
GBIME,12/26/2012,439.0,450.0,420.0,449.0,2.28,55877.0,270.6,218.9
GBIME,12/27/2012,449.0,445.0,430.0,433.0,-3.56,38430.0,270.6,218.9
GBIME,12/31/2012,433.0,426.0,411.0,426.0,-1.62,5621.0,270.6,218.9
GBIME,1/1/2013,426.0,418.0,410.0,411.0,-3.52,1508.0,270.6,218.9
GBIME,1/2/2013,411.0,418.0,396.0,411.0,0.0,6761.0,270.6,218.9
GBIME,1/3/2013,411.0,420.0,412.0,415.0,0.97,8071.0,270.6,218.9
GBIME,1/6/2013,415.0,414.0,405.0,410.0,-1.2,6373.0,270.6,218.9
GBIME,1/7/2013,410.0,407.0,402.0,404.0,-1.46,4396.0,270.6,218.9
GBIME,1/8/2013,404.0,407.0,397.0,402.0,-0.5,2702.0,270.6,218.9
GBIME,1/9/2013,402.0,401.0,397.0,399.0,-0.75,2169.0,270.6,218.9
GBIME,1/10/2013,399.0,410.0,395.0,410.0,2.76,5251.0,270.6,218.9
GBIME,1/13/2013,410.0,404.0,394.0,400.0,-2.44,7622.0,270.6,218.9
GBIME,1/15/2013,400.0,427.0,397.0,426.0,6.5,7416.0,270.6,218.9
GBIME,1/16/2013,426.0,425.0,410.0,413.0,-3.05,3443.0,270.6,218.9
GBIME,1/17/2013,413.0,419.0,400.0,406.0,-1.69,6009.0,270.6,218.9
GBIME,1/20/2013,406.0,400.0,382.0,396.0,-2.46,8069.0,270.6,218.9
GBIME,1/21/2013,396.0,411.0,392.0,402.0,1.52,6102.0,270.6,218.9
GBIME,1/22/2013,402.0,414.0,401.0,407.0,1.24,17050.0,270.6,218.9
GBIME,1/23/2013,407.0,413.0,400.0,406.0,-0.25,19911.0,270.6,218.9
GBIME,1/24/2013,406.0,405.0,400.0,400.0,-1.48,8814.0,270.6,218.9
GBIME,1/27/2013,400.0,420.0,404.0,408.0,2.0,15069.0,270.6,218.9
GBIME,1/28/2013,408.0,410.0,402.0,410.0,0.49,8533.0,270.6,218.9
GBIME,1/30/2013,410.0,407.0,400.0,405.0,-1.22,10470.0,270.6,218.9
GBIME,1/31/2013,405.0,405.0,400.0,405.0,0.0,4602.0,270.6,218.9
GBIME,2/3/2013,405.0,418.0,408.0,414.0,2.22,7579.0,270.6,218.9
GBIME,2/4/2013,414.0,424.0,409.0,424.0,2.42,6088.0,270.6,218.9
GBIME,2/5/2013,424.0,421.0,413.0,416.0,-1.89,2858.0,270.6,218.9
GBIME,2/6/2013,416.0,417.0,410.0,417.0,0.24,2049.0,270.6,218.9
GBIME,2/7/2013,417.0,416.0,410.0,416.0,-0.24,5440.0,270.6,218.9
GBIME,2/10/2013,416.0,415.0,409.0,415.0,-0.24,8687.0,270.6,218.9
GBIME,2/12/2013,415.0,438.0,415.0,438.0,5.54,19909.0,270.6,218.9
GBIME,2/13/2013,438.0,438.0,418.0,438.0,0.0,9073.0,270.6,218.9
GBIME,2/14/2013,438.0,448.0,430.0,441.0,0.68,18055.0,270.6,218.9
GBIME,2/17/2013,441.0,485.0,449.0,484.0,9.75,1848.0,270.6,218.9
GBIME,2/19/2013,484.0,532.0,469.0,470.0,-2.89,28140.0,270.6,218.9
GBIME,2/20/2013,470.0,468.0,444.0,465.0,-1.06,18130.0,270.6,218.9
GBIME,2/21/2013,465.0,485.0,450.0,468.0,0.65,13474.0,270.6,218.9
GBIME,2/24/2013,468.0,467.0,457.0,460.0,-1.71,12103.0,270.6,218.9
GBIME,2/25/2013,460.0,485.0,466.0,484.0,5.22,21953.0,270.6,218.9
GBIME,2/26/2013,484.0,493.0,480.0,486.0,0.41,16756.0,270.6,218.9
GBIME,2/27/2013,486.0,490.0,475.0,484.0,-0.41,27729.0,270.6,218.9
GBIME,2/28/2013,484.0,490.0,479.0,488.0,0.83,22055.0,270.6,218.9
GBIME,3/3/2013,488.0,500.0,488.0,499.0,2.25,16091.0,270.6,218.9
GBIME,3/4/2013,499.0,501.0,482.0,482.0,-3.41,27727.0,270.6,218.9
GBIME,3/5/2013,482.0,500.0,490.0,491.0,1.87,12422.0,270.6,218.9
GBIME,3/6/2013,491.0,501.0,484.0,499.0,1.63,12909.0,270.6,218.9
GBIME,3/7/2013,499.0,500.0,475.0,495.0,-0.8,7774.0,270.6,218.9
GBIME,3/11/2013,495.0,508.0,496.0,500.0,1.01,8775.0,270.6,218.9
GBIME,3/13/2013,500.0,517.0,503.0,517.0,3.4,11206.0,270.6,218.9
GBIME,3/14/2013,517.0,557.0,515.0,530.0,2.51,19147.0,270.6,218.9
GBIME,3/17/2013,530.0,536.0,512.0,524.0,-1.13,16582.0,270.6,218.9
GBIME,3/18/2013,524.0,534.0,511.0,526.0,0.38,16018.0,270.6,218.9
GBIME,3/19/2013,526.0,533.0,511.0,521.0,-0.95,13086.0,270.6,218.9
GBIME,3/20/2013,521.0,526.0,510.0,514.0,-1.34,16270.0,270.6,218.9
GBIME,3/21/2013,514.0,514.0,500.0,506.0,-1.56,13949.0,270.6,218.9
GBIME,3/24/2013,506.0,505.0,497.0,500.0,-1.19,8985.0,270.6,218.9
GBIME,3/25/2013,500.0,508.0,492.0,504.0,0.8,10422.0,270.6,218.9
GBIME,3/27/2013,504.0,501.0,497.0,499.0,-0.99,5051.0,270.6,218.9
GBIME,3/28/2013,499.0,500.0,491.0,498.0,-0.2,6050.0,270.6,218.9
GBIME,3/31/2013,498.0,492.0,480.0,482.0,-3.21,12315.0,270.6,218.9
GBIME,4/1/2013,482.0,502.0,473.0,502.0,4.15,16704.0,270.6,218.9
GBIME,4/2/2013,502.0,510.0,490.0,507.0,1.0,8638.0,270.6,218.9
GBIME,4/3/2013,507.0,506.0,497.0,500.0,-1.38,5659.0,270.6,218.9
GBIME,4/4/2013,500.0,501.0,483.0,497.0,-0.6,4475.0,270.6,218.9
GBIME,4/7/2013,497.0,501.0,493.0,499.0,0.4,4584.0,270.6,218.9
GBIME,4/8/2013,499.0,503.0,496.0,502.0,0.6,9152.0,270.6,218.9
GBIME,4/9/2013,502.0,516.0,495.0,516.0,2.79,9482.0,270.6,218.9
GBIME,4/11/2013,516.0,525.0,510.0,513.0,-0.58,10235.0,270.6,218.9
GBIME,4/15/2013,513.0,526.0,515.0,515.0,0.39,10538.0,270.6,218.9
GBIME,4/16/2013,515.0,520.0,507.0,520.0,0.97,4194.0,270.6,218.9
GBIME,4/17/2013,520.0,519.0,510.0,517.0,-0.58,9228.0,270.6,218.9
GBIME,4/18/2013,517.0,513.0,506.0,508.0,-1.74,8169.0,270.6,218.9
GBIME,4/21/2013,508.0,518.0,490.0,495.0,-2.56,15641.0,270.6,218.9
GBIME,4/22/2013,495.0,493.0,475.0,493.0,-0.4,10553.0,270.6,218.9
GBIME,4/23/2013,493.0,505.0,493.0,496.0,0.61,9788.0,270.6,218.9
GBIME,4/25/2013,496.0,504.0,486.0,488.0,-1.61,2497.0,270.6,218.9
GBIME,4/28/2013,488.0,493.0,479.0,480.0,-1.64,9870.0,270.6,218.9
GBIME,4/29/2013,480.0,490.0,479.0,486.0,1.25,5471.0,270.6,218.9
GBIME,4/30/2013,486.0,483.0,479.0,481.0,-1.03,6953.0,270.6,218.9
GBIME,5/2/2013,481.0,489.0,467.0,485.0,0.83,3369.0,270.6,218.9
GBIME,5/5/2013,485.0,478.0,436.0,465.0,-4.12,5675.0,270.6,218.9
GBIME,5/6/2013,465.0,456.0,419.0,435.0,-6.45,9322.0,270.6,218.9
GBIME,5/7/2013,435.0,462.0,431.0,455.0,4.6,17062.0,270.6,218.9
GBIME,5/8/2013,455.0,464.0,443.0,444.0,-2.42,4781.0,270.6,218.9
GBIME,5/9/2013,444.0,452.0,440.0,446.0,0.45,2146.0,270.6,218.9
GBIME,5/12/2013,446.0,448.0,435.0,448.0,0.45,1421.0,270.6,218.9
GBIME,5/13/2013,448.0,447.0,425.0,447.0,-0.22,9340.0,270.6,218.9
GBIME,5/14/2013,447.0,442.0,426.0,432.0,-3.36,36011.0,270.6,218.9
GBIME,8/5/2013,432.0,475.0,440.0,475.0,9.95,288.0,270.6,218.9
GBIME,8/6/2013,475.0,514.0,475.0,505.0,6.32,51758.0,270.6,218.9
GBIME,8/7/2013,505.0,508.0,486.0,489.0,-3.17,21531.0,270.6,218.9
GBIME,8/8/2013,489.0,490.0,471.0,475.0,-2.86,9980.0,270.6,218.9
GBIME,8/11/2013,475.0,475.0,451.0,459.0,-3.37,7270.0,270.6,218.9
GBIME,8/12/2013,459.0,464.0,450.0,451.0,-1.74,8484.0,270.6,218.9
GBIME,8/13/2013,451.0,455.0,447.0,449.0,-0.44,7911.0,270.6,218.9
GBIME,8/14/2013,449.0,449.0,441.0,444.0,-1.11,7899.0,270.6,218.9
GBIME,8/15/2013,444.0,451.0,425.0,430.0,-3.15,7007.0,270.6,218.9
GBIME,8/18/2013,430.0,447.0,422.0,441.0,2.56,23584.0,270.6,218.9
GBIME,8/19/2013,441.0,451.0,432.0,443.0,0.45,11651.0,270.6,218.9
GBIME,8/20/2013,443.0,448.0,437.0,448.0,1.13,15091.0,270.6,218.9
GBIME,8/25/2013,448.0,445.0,432.0,435.0,-2.9,3871.0,270.6,218.9
GBIME,8/26/2013,435.0,435.0,427.0,428.0,-1.61,4468.0,270.6,218.9
GBIME,8/27/2013,428.0,445.0,421.0,425.0,-0.7,37090.0,270.6,218.9
GBIME,8/29/2013,425.0,435.0,422.0,429.0,0.94,5418.0,270.6,218.9
GBIME,9/1/2013,429.0,435.0,428.0,433.0,0.93,3549.0,270.6,218.9
GBIME,9/2/2013,433.0,433.0,423.0,430.0,-0.69,6230.0,270.6,218.9
GBIME,9/3/2013,430.0,434.0,428.0,431.0,0.23,5877.0,270.6,218.9
GBIME,9/4/2013,431.0,430.0,424.0,430.0,-0.23,6439.0,270.6,218.9
GBIME,9/5/2013,430.0,427.0,421.0,422.0,-1.86,6760.0,270.6,218.9
GBIME,9/8/2013,422.0,427.0,423.0,423.0,0.24,4047.0,270.6,218.9
GBIME,9/9/2013,423.0,435.0,425.0,430.0,1.65,5365.0,270.6,218.9
GBIME,9/10/2013,430.0,425.0,420.0,420.0,-2.33,6261.0,270.6,218.9
GBIME,9/11/2013,420.0,429.0,415.0,420.0,0.0,6957.0,270.6,218.9
GBIME,9/12/2013,420.0,427.0,419.0,421.0,0.24,7907.0,270.6,218.9
GBIME,9/15/2013,421.0,423.0,405.0,409.0,-2.85,4223.0,270.6,218.9
GBIME,9/16/2013,409.0,410.0,401.0,407.0,-0.49,5013.0,270.6,218.9
GBIME,9/17/2013,407.0,407.0,398.0,398.0,-2.21,8215.0,270.6,218.9
GBIME,9/19/2013,398.0,425.0,396.0,420.0,5.53,5539.0,270.6,218.9
GBIME,9/22/2013,420.0,412.0,400.0,404.0,-3.81,6710.0,270.6,218.9
GBIME,9/23/2013,404.0,411.0,399.0,406.0,0.5,6332.0,270.6,218.9
GBIME,9/24/2013,406.0,410.0,400.0,402.0,-0.99,4881.0,270.6,218.9
GBIME,9/25/2013,402.0,407.0,395.0,401.0,-0.25,5858.0,270.6,218.9
GBIME,9/26/2013,401.0,405.0,400.0,400.0,-0.25,4898.0,270.6,218.9
GBIME,9/29/2013,400.0,401.0,395.0,400.0,0.0,2314.0,270.6,218.9
GBIME,9/30/2013,400.0,400.0,391.0,397.0,-0.75,4273.0,270.6,218.9
GBIME,10/1/2013,397.0,401.0,393.0,400.0,0.76,2062.0,270.6,218.9
GBIME,10/2/2013,400.0,400.0,392.0,398.0,-0.5,2553.0,270.6,218.9
GBIME,10/3/2013,398.0,399.0,393.0,399.0,0.25,2521.0,270.6,218.9
GBIME,10/6/2013,399.0,401.0,395.0,400.0,0.25,1414.0,270.6,218.9
GBIME,10/7/2013,400.0,421.0,392.0,421.0,5.25,891.0,270.6,218.9
GBIME,10/8/2013,421.0,429.0,413.0,415.0,-1.43,1250.0,270.6,218.9
GBIME,10/9/2013,415.0,427.0,411.0,427.0,2.89,1960.0,270.6,218.9
GBIME,10/10/2013,427.0,435.0,417.0,428.0,0.23,8225.0,270.6,218.9
GBIME,10/17/2013,428.0,439.0,423.0,431.0,0.7,8357.0,270.6,218.9
GBIME,10/20/2013,431.0,449.0,438.0,446.0,3.48,9550.0,270.6,218.9
GBIME,10/21/2013,446.0,458.0,442.0,455.0,2.02,13555.0,270.6,218.9
GBIME,10/22/2013,455.0,460.0,452.0,460.0,1.1,20608.0,270.6,218.9
GBIME,10/23/2013,460.0,463.0,450.0,461.0,0.22,9894.0,270.6,218.9
GBIME,10/24/2013,461.0,456.0,445.0,450.0,-2.39,50950.0,270.6,218.9
GBIME,10/27/2013,450.0,458.0,446.0,450.0,0.0,5304.0,270.6,218.9
GBIME,10/28/2013,450.0,451.0,441.0,447.0,-0.67,11688.0,270.6,218.9
GBIME,10/29/2013,447.0,451.0,446.0,448.0,0.22,3152.0,270.6,218.9
GBIME,10/30/2013,448.0,460.0,441.0,451.0,0.67,11836.0,270.6,218.9
GBIME,10/31/2013,451.0,473.0,450.0,457.0,1.33,28479.0,270.6,218.9
GBIME,11/6/2013,457.0,455.0,440.0,440.0,-3.72,6436.0,270.6,218.9
GBIME,11/7/2013,440.0,456.0,435.0,444.0,0.91,39373.0,270.6,218.9
GBIME,4/6/2014,430.0,440.0,420.0,430.0,-3.15,617.0,270.6,218.9
GBIME,4/30/2014,430.0,472.0,438.0,472.0,9.77,60.0,270.6,218.9
GBIME,5/4/2014,472.0,519.0,481.0,519.0,9.96,1764.0,270.6,218.9
GBIME,5/5/2014,519.0,570.0,529.0,570.0,9.83,218.0,270.6,218.9
GBIME,5/6/2014,570.0,627.0,581.0,627.0,10.0,50.0,270.6,218.9
GBIME,5/7/2014,627.0,689.0,639.0,663.0,5.74,197509.0,270.6,218.9
GBIME,5/8/2014,663.0,665.0,627.0,645.0,-2.71,104940.0,270.6,218.9
GBIME,5/11/2014,645.0,638.0,620.0,625.0,-3.1,41683.0,270.6,218.9
GBIME,5/12/2014,625.0,629.0,610.0,619.0,-0.96,40640.0,270.6,218.9
GBIME,5/13/2014,619.0,625.0,608.0,616.0,-0.48,17262.0,270.6,218.9
GBIME,5/15/2014,616.0,625.0,610.0,610.0,-0.97,25482.0,270.6,218.9
GBIME,5/18/2014,610.0,610.0,589.0,589.0,-3.44,22032.0,270.6,218.9
GBIME,5/19/2014,589.0,605.0,578.0,601.0,2.04,30995.0,270.6,218.9
GBIME,5/20/2014,601.0,590.0,578.0,590.0,-1.83,29084.0,270.6,218.9
GBIME,5/21/2014,590.0,595.0,581.0,585.0,-0.85,14410.0,270.6,218.9
GBIME,5/22/2014,585.0,594.0,585.0,587.0,0.34,20332.0,270.6,218.9
GBIME,5/25/2014,587.0,592.0,580.0,582.0,-0.85,12745.0,270.6,218.9
GBIME,5/26/2014,582.0,581.0,572.0,579.0,-0.52,19047.0,270.6,218.9
GBIME,5/27/2014,579.0,580.0,570.0,570.0,-1.55,15008.0,270.6,218.9
GBIME,5/28/2014,570.0,580.0,571.0,580.0,1.75,14169.0,270.6,218.9
GBIME,6/1/2014,580.0,581.0,565.0,572.0,-1.38,13389.0,270.6,218.9
GBIME,6/2/2014,572.0,580.0,560.0,580.0,1.4,16791.0,270.6,218.9
GBIME,6/3/2014,580.0,582.0,565.0,580.0,0.0,19076.0,270.6,218.9
GBIME,6/4/2014,580.0,580.0,570.0,572.0,-1.38,10534.0,270.6,218.9
GBIME,6/5/2014,572.0,573.0,560.0,570.0,-0.35,9662.0,270.6,218.9
GBIME,6/8/2014,570.0,571.0,560.0,567.0,-0.53,11598.0,270.6,218.9
GBIME,6/9/2014,567.0,571.0,562.0,564.0,-0.53,16273.0,270.6,218.9
GBIME,6/10/2014,564.0,584.0,560.0,574.0,1.77,22977.0,270.6,218.9
GBIME,6/11/2014,574.0,600.0,574.0,581.0,1.22,27734.0,270.6,218.9
GBIME,6/12/2014,581.0,604.0,580.0,604.0,3.96,22052.0,270.6,218.9
GBIME,6/15/2014,604.0,610.0,589.0,600.0,-0.66,35809.0,270.6,218.9
GBIME,6/16/2014,600.0,630.0,596.0,627.0,4.5,72512.0,270.6,218.9
GBIME,6/17/2014,627.0,630.0,600.0,630.0,0.48,34640.0,270.6,218.9
GBIME,6/18/2014,630.0,619.0,609.0,610.0,-3.17,39012.0,270.6,218.9
GBIME,6/19/2014,610.0,616.0,600.0,600.0,-1.64,25323.0,270.6,218.9
GBIME,6/23/2014,600.0,605.0,590.0,601.0,0.17,10971.0,270.6,218.9
GBIME,6/24/2014,601.0,602.0,578.0,592.0,-1.5,7077.0,270.6,218.9
GBIME,6/25/2014,592.0,610.0,590.0,603.0,1.86,15869.0,270.6,218.9
GBIME,6/26/2014,603.0,602.0,595.0,595.0,-1.33,8354.0,270.6,218.9
GBIME,6/29/2014,595.0,604.0,592.0,603.0,1.34,11877.0,270.6,218.9
GBIME,6/30/2014,603.0,600.0,586.0,587.0,-2.65,15675.0,270.6,218.9
GBIME,7/1/2014,587.0,598.0,587.0,593.0,1.02,22138.0,270.6,218.9
GBIME,7/2/2014,593.0,600.0,592.0,600.0,1.18,20996.0,270.6,218.9
GBIME,7/3/2014,600.0,600.0,590.0,597.0,-0.5,15916.0,270.6,218.9
GBIME,7/6/2014,597.0,600.0,591.0,597.0,0.0,17273.0,270.6,218.9
GBIME,7/7/2014,597.0,610.0,575.0,602.0,0.84,23521.0,270.6,218.9
GBIME,7/8/2014,602.0,631.0,600.0,631.0,4.82,24142.0,270.6,218.9
GBIME,7/9/2014,631.0,635.0,617.0,629.0,-0.32,17086.0,270.6,218.9
GBIME,7/10/2014,629.0,650.0,618.0,650.0,3.34,59074.0,270.6,218.9
GBIME,7/13/2014,650.0,690.0,640.0,673.0,3.54,64168.0,270.6,218.9
GBIME,7/14/2014,673.0,675.0,641.0,650.0,-3.42,28981.0,270.6,218.9
GBIME,7/15/2014,650.0,676.0,645.0,670.0,3.08,36777.0,270.6,218.9
GBIME,7/16/2014,670.0,695.0,663.0,695.0,3.73,41977.0,270.6,218.9
GBIME,7/17/2014,695.0,698.0,677.0,690.0,-0.72,32711.0,270.6,218.9
GBIME,7/20/2014,690.0,746.0,698.0,746.0,8.12,51458.0,270.6,218.9
GBIME,7/21/2014,746.0,765.0,715.0,732.0,-1.88,44917.0,270.6,218.9
GBIME,7/22/2014,732.0,746.0,709.0,725.0,-0.96,25032.0,270.6,218.9
GBIME,7/23/2014,725.0,753.0,720.0,753.0,3.86,25718.0,270.6,218.9
GBIME,7/24/2014,753.0,750.0,720.0,725.0,-3.72,18391.0,270.6,218.9
GBIME,7/27/2014,725.0,730.0,703.0,713.0,-1.66,22868.0,270.6,218.9
GBIME,7/28/2014,713.0,707.0,691.0,704.0,-1.26,13243.0,270.6,218.9
GBIME,7/30/2014,704.0,707.0,698.0,700.0,-0.57,39473.0,270.6,218.9
GBIME,7/31/2014,700.0,704.0,691.0,704.0,0.57,31721.0,270.6,218.9
GBIME,8/3/2014,704.0,745.0,710.0,724.0,2.84,52192.0,270.6,218.9
GBIME,8/4/2014,724.0,724.0,698.0,715.0,-1.24,24276.0,270.6,218.9
GBIME,8/5/2014,715.0,727.0,705.0,711.0,-0.56,26129.0,270.6,218.9
GBIME,8/6/2014,711.0,718.0,699.0,700.0,-1.55,21742.0,270.6,218.9
GBIME,8/7/2014,700.0,703.0,692.0,700.0,0.0,21252.0,270.6,218.9
GBIME,8/12/2014,700.0,705.0,681.0,687.0,-1.86,24040.0,270.6,218.9
GBIME,8/13/2014,687.0,702.0,663.0,702.0,2.18,16606.0,270.6,218.9
GBIME,8/14/2014,702.0,697.0,678.0,686.0,-2.28,20149.0,270.6,218.9
GBIME,8/18/2014,686.0,690.0,666.0,670.0,-2.33,25605.0,270.6,218.9
GBIME,8/19/2014,670.0,695.0,670.0,684.0,2.09,19496.0,270.6,218.9
GBIME,8/20/2014,684.0,682.0,660.0,660.0,-3.51,44578.0,270.6,218.9
GBIME,8/21/2014,660.0,685.0,637.0,669.0,1.36,40323.0,270.6,218.9
GBIME,8/24/2014,669.0,677.0,662.0,665.0,-0.6,18183.0,270.6,218.9
GBIME,8/25/2014,665.0,665.0,635.0,640.0,-3.76,20014.0,270.6,218.9
GBIME,8/26/2014,640.0,675.0,620.0,630.0,-1.56,21490.0,270.6,218.9
GBIME,8/27/2014,630.0,674.0,642.0,670.0,6.35,22249.0,270.6,218.9
GBIME,8/28/2014,670.0,689.0,647.0,680.0,1.49,23970.0,270.6,218.9
GBIME,8/31/2014,680.0,679.0,647.0,650.0,-4.41,22921.0,270.6,218.9
GBIME,9/1/2014,650.0,669.0,623.0,669.0,2.92,16832.0,270.6,218.9
GBIME,9/3/2014,669.0,670.0,644.0,656.0,-1.94,16033.0,270.6,218.9
GBIME,9/4/2014,656.0,657.0,610.0,647.0,-1.37,22469.0,270.6,218.9
GBIME,9/7/2014,647.0,688.0,641.0,643.0,-0.62,105674.0,270.6,218.9
GBIME,9/9/2014,643.0,698.0,650.0,698.0,8.55,94226.0,270.6,218.9
GBIME,9/10/2014,698.0,712.0,661.0,678.0,-2.87,63006.0,270.6,218.9
GBIME,9/11/2014,678.0,679.0,653.0,679.0,0.15,34004.0,270.6,218.9
GBIME,9/14/2014,679.0,675.0,654.0,670.0,-1.33,37024.0,270.6,218.9
GBIME,9/15/2014,670.0,680.0,667.0,670.0,0.0,30300.0,270.6,218.9
GBIME,9/16/2014,670.0,679.0,667.0,672.0,0.3,30056.0,270.6,218.9
GBIME,9/17/2014,672.0,688.0,665.0,665.0,-1.04,33367.0,270.6,218.9
GBIME,9/18/2014,665.0,670.0,650.0,652.0,-1.95,13141.0,270.6,218.9
GBIME,9/21/2014,652.0,660.0,636.0,639.0,-1.99,43603.0,270.6,218.9
GBIME,9/22/2014,639.0,651.0,636.0,640.0,0.16,35309.0,270.6,218.9
GBIME,9/23/2014,640.0,658.0,641.0,652.0,1.88,40712.0,270.6,218.9
GBIME,9/24/2014,652.0,668.0,641.0,660.0,1.23,70467.0,270.6,218.9
GBIME,9/28/2014,545.0,545.0,520.0,537.0,-18.64,7706.0,270.6,218.9
GBIME,9/29/2014,537.0,551.0,525.0,545.0,1.49,5979.0,270.6,218.9
GBIME,9/30/2014,545.0,560.0,544.0,545.0,0.0,2783.0,270.6,218.9
GBIME,10/8/2014,545.0,540.0,526.0,538.0,-1.28,560.0,270.6,218.9
GBIME,10/9/2014,538.0,540.0,534.0,534.0,-0.74,1218.0,270.6,218.9
GBIME,10/12/2014,534.0,555.0,532.0,555.0,3.93,3501.0,270.6,218.9
GBIME,10/13/2014,555.0,555.0,537.0,555.0,0.0,6105.0,270.6,218.9
GBIME,10/14/2014,555.0,550.0,540.0,542.0,-2.34,3861.0,270.6,218.9
GBIME,10/15/2014,542.0,562.0,533.0,545.0,0.55,8277.0,270.6,218.9
GBIME,10/16/2014,545.0,555.0,535.0,535.0,-1.83,7397.0,270.6,218.9
GBIME,10/19/2014,535.0,537.0,525.0,528.0,-1.31,3321.0,270.6,218.9
GBIME,10/20/2014,528.0,545.0,528.0,536.0,1.52,2474.0,270.6,218.9
GBIME,10/21/2014,536.0,542.0,526.0,537.0,0.19,7501.0,270.6,218.9
GBIME,10/22/2014,537.0,540.0,534.0,534.0,-0.56,1276.0,270.6,218.9
GBIME,10/26/2014,534.0,540.0,524.0,526.0,-1.5,3968.0,270.6,218.9
GBIME,10/27/2014,526.0,535.0,528.0,533.0,1.33,6826.0,270.6,218.9
GBIME,10/28/2014,533.0,530.0,527.0,527.0,-1.13,1255.0,270.6,218.9
GBIME,10/30/2014,527.0,535.0,520.0,520.0,-1.33,8011.0,270.6,218.9
GBIME,11/2/2014,520.0,525.0,506.0,513.0,-1.35,12460.0,270.6,218.9
GBIME,11/3/2014,513.0,511.0,495.0,500.0,-2.53,13118.0,270.6,218.9
GBIME,11/4/2014,500.0,504.0,485.0,504.0,0.8,14816.0,270.6,218.9
GBIME,11/5/2014,504.0,510.0,496.0,510.0,1.19,5470.0,270.6,218.9
GBIME,11/6/2014,510.0,520.0,502.0,514.0,0.78,6993.0,270.6,218.9
GBIME,11/9/2014,514.0,509.0,491.0,505.0,-1.75,6393.0,270.6,218.9
GBIME,11/10/2014,505.0,523.0,483.0,523.0,3.56,2540.0,270.6,218.9
GBIME,11/11/2014,523.0,543.0,533.0,543.0,3.82,20.0,270.6,218.9
GBIME,11/12/2014,543.0,535.0,500.0,505.0,-7.0,9585.0,270.6,218.9
GBIME,11/13/2014,505.0,509.0,495.0,500.0,-0.99,10138.0,270.6,218.9
GBIME,11/16/2014,500.0,504.0,490.0,500.0,0.0,11463.0,270.6,218.9
GBIME,11/17/2014,500.0,499.0,475.0,477.0,-4.6,7705.0,270.6,218.9
GBIME,11/18/2014,477.0,487.0,445.0,470.0,-1.47,10648.0,270.6,218.9
GBIME,11/19/2014,470.0,495.0,466.0,495.0,5.32,2778.0,270.6,218.9
GBIME,11/20/2014,495.0,500.0,485.0,491.0,-0.81,6181.0,270.6,218.9
GBIME,11/23/2014,491.0,510.0,483.0,485.0,-1.22,6266.0,270.6,218.9
GBIME,11/24/2014,485.0,494.0,481.0,494.0,1.86,3005.0,270.6,218.9
GBIME,11/25/2014,494.0,498.0,481.0,498.0,0.81,684.0,270.6,218.9
GBIME,11/30/2014,498.0,492.0,485.0,492.0,-1.2,1212.0,270.6,218.9
GBIME,12/1/2014,492.0,500.0,480.0,480.0,-2.44,4166.0,270.6,218.9
GBIME,12/2/2014,480.0,479.0,458.0,470.0,-2.08,9726.0,270.6,218.9
GBIME,12/3/2014,470.0,496.0,470.0,496.0,5.53,4364.0,270.6,218.9
GBIME,12/4/2014,496.0,500.0,480.0,486.0,-2.02,7063.0,270.6,218.9
GBIME,12/7/2014,486.0,487.0,475.0,484.0,-0.41,11269.0,270.6,218.9
GBIME,12/8/2014,484.0,487.0,482.0,482.0,-0.41,1021.0,270.6,218.9
GBIME,12/9/2014,482.0,489.0,482.0,484.0,0.41,1943.0,270.6,218.9
GBIME,12/10/2014,484.0,497.0,480.0,486.0,0.41,5518.0,270.6,218.9
GBIME,12/11/2014,486.0,499.0,483.0,490.0,0.82,7395.0,270.6,218.9
GBIME,12/14/2014,490.0,525.0,499.0,522.0,6.53,5620.0,270.6,218.9
GBIME,12/15/2014,522.0,530.0,502.0,515.0,-1.34,16257.0,270.6,218.9
GBIME,12/16/2014,515.0,523.0,501.0,516.0,0.19,10815.0,270.6,218.9
GBIME,12/17/2014,516.0,514.0,504.0,514.0,-0.39,5514.0,270.6,218.9
GBIME,12/18/2014,514.0,514.0,490.0,502.0,-2.33,6568.0,270.6,218.9
GBIME,12/21/2014,502.0,497.0,480.0,488.0,-2.79,8596.0,270.6,218.9
GBIME,12/22/2014,488.0,500.0,487.0,490.0,0.41,4161.0,270.6,218.9
GBIME,12/23/2014,490.0,493.0,485.0,491.0,0.2,1850.0,270.6,218.9
GBIME,12/24/2014,491.0,495.0,484.0,490.0,-0.2,8760.0,270.6,218.9
GBIME,12/28/2014,490.0,504.0,495.0,500.0,2.04,11708.0,270.6,218.9
GBIME,12/29/2014,500.0,510.0,486.0,496.0,-0.8,3128.0,270.6,218.9
GBIME,12/31/2014,496.0,498.0,491.0,495.0,-0.2,10905.0,270.6,218.9
GBIME,1/1/2015,495.0,504.0,495.0,497.0,0.4,7761.0,270.6,218.9
GBIME,1/4/2015,497.0,508.0,497.0,502.0,1.01,7802.0,270.6,218.9
GBIME,1/5/2015,502.0,513.0,490.0,502.0,0.0,5955.0,270.6,218.9
GBIME,1/6/2015,502.0,505.0,487.0,503.0,0.2,7248.0,270.6,218.9
GBIME,1/7/2015,503.0,505.0,495.0,501.0,-0.4,20370.0,270.6,218.9
GBIME,1/8/2015,501.0,510.0,500.0,503.0,0.4,16983.0,270.6,218.9
GBIME,1/11/2015,503.0,505.0,496.0,504.0,0.2,4963.0,270.6,218.9
GBIME,1/12/2015,504.0,508.0,495.0,500.0,-0.79,21360.0,270.6,218.9
GBIME,1/13/2015,500.0,505.0,495.0,502.0,0.4,15758.0,270.6,218.9
GBIME,1/14/2015,502.0,502.0,498.0,500.0,-0.4,5095.0,270.6,218.9
GBIME,1/18/2015,500.0,510.0,497.0,500.0,0.0,9354.0,270.6,218.9
GBIME,1/19/2015,500.0,535.0,500.0,509.0,1.8,30173.0,270.6,218.9
GBIME,1/20/2015,509.0,514.0,490.0,500.0,-1.77,13284.0,270.6,218.9
GBIME,1/22/2015,500.0,500.0,490.0,493.0,-1.4,7305.0,270.6,218.9
GBIME,1/25/2015,493.0,501.0,491.0,498.0,1.01,13076.0,270.6,218.9
GBIME,1/26/2015,498.0,503.0,495.0,500.0,0.4,35514.0,270.6,218.9
GBIME,1/27/2015,500.0,502.0,493.0,496.0,-0.8,13474.0,270.6,218.9
GBIME,1/28/2015,496.0,505.0,497.0,503.0,1.41,18808.0,270.6,218.9
GBIME,1/29/2015,503.0,507.0,490.0,500.0,-0.6,17228.0,270.6,218.9
GBIME,2/1/2015,500.0,501.0,495.0,498.0,-0.4,23441.0,270.6,218.9
GBIME,2/2/2015,498.0,500.0,490.0,495.0,-0.6,25922.0,270.6,218.9
GBIME,2/3/2015,495.0,494.0,480.0,485.0,-2.02,13774.0,270.6,218.9
GBIME,2/4/2015,485.0,494.0,483.0,494.0,1.86,15337.0,270.6,218.9
GBIME,2/5/2015,494.0,500.0,480.0,500.0,1.21,20051.0,270.6,218.9
GBIME,2/8/2015,500.0,495.0,481.0,484.0,-3.2,20002.0,270.6,218.9
GBIME,2/9/2015,484.0,491.0,475.0,491.0,1.45,28340.0,270.6,218.9
GBIME,2/10/2015,491.0,485.0,476.0,485.0,-1.22,5106.0,270.6,218.9
GBIME,2/11/2015,485.0,485.0,472.0,482.0,-0.62,8931.0,270.6,218.9
GBIME,2/12/2015,482.0,488.0,473.0,486.0,0.83,8991.0,270.6,218.9
GBIME,2/15/2015,486.0,486.0,475.0,475.0,-2.26,5215.0,270.6,218.9
GBIME,2/16/2015,475.0,479.0,468.0,470.0,-1.05,12363.0,270.6,218.9
GBIME,2/18/2015,470.0,479.0,470.0,473.0,0.64,7061.0,270.6,218.9
GBIME,2/22/2015,473.0,470.0,461.0,466.0,-1.48,10020.0,270.6,218.9
GBIME,2/23/2015,466.0,465.0,453.0,464.0,-0.43,8959.0,270.6,218.9
GBIME,2/24/2015,464.0,465.0,455.0,460.0,-0.86,14515.0,270.6,218.9
GBIME,2/25/2015,460.0,462.0,450.0,458.0,-0.43,10498.0,270.6,218.9
GBIME,2/26/2015,458.0,466.0,455.0,461.0,0.66,4842.0,270.6,218.9
GBIME,3/1/2015,461.0,469.0,460.0,469.0,1.74,4817.0,270.6,218.9
GBIME,3/2/2015,469.0,480.0,469.0,480.0,2.35,9692.0,270.6,218.9
GBIME,3/3/2015,480.0,485.0,463.0,474.0,-1.25,16423.0,270.6,218.9
GBIME,3/4/2015,474.0,482.0,468.0,470.0,-0.84,12949.0,270.6,218.9
GBIME,3/9/2015,470.0,480.0,470.0,474.0,0.85,8266.0,270.6,218.9
GBIME,3/10/2015,474.0,473.0,460.0,469.0,-1.05,11029.0,270.6,218.9
GBIME,3/11/2015,469.0,475.0,463.0,467.0,-0.43,11719.0,270.6,218.9
GBIME,3/12/2015,467.0,470.0,460.0,465.0,-0.43,8955.0,270.6,218.9
GBIME,3/15/2015,465.0,461.0,455.0,461.0,-0.86,3973.0,270.6,218.9
GBIME,3/16/2015,461.0,464.0,452.0,455.0,-1.3,8293.0,270.6,218.9
GBIME,3/17/2015,455.0,469.0,450.0,458.0,0.66,3455.0,270.6,218.9
GBIME,3/18/2015,458.0,470.0,450.0,470.0,2.62,14711.0,270.6,218.9
GBIME,3/19/2015,470.0,478.0,460.0,460.0,-2.13,5779.0,270.6,218.9
GBIME,3/22/2015,460.0,470.0,455.0,463.0,0.65,7310.0,270.6,218.9
GBIME,3/23/2015,463.0,470.0,450.0,453.0,-2.16,26291.0,270.6,218.9
GBIME,3/24/2015,453.0,462.0,448.0,455.0,0.44,8192.0,270.6,218.9
GBIME,3/25/2015,455.0,459.0,446.0,448.0,-1.54,5948.0,270.6,218.9
GBIME,3/26/2015,448.0,455.0,442.0,455.0,1.56,4949.0,270.6,218.9
GBIME,3/29/2015,455.0,464.0,440.0,450.0,-1.1,5476.0,270.6,218.9
GBIME,3/30/2015,450.0,450.0,445.0,449.0,-0.22,17961.0,270.6,218.9
GBIME,3/31/2015,449.0,465.0,445.0,465.0,3.56,6396.0,270.6,218.9
GBIME,4/1/2015,465.0,474.0,445.0,453.0,-2.58,13786.0,270.6,218.9
GBIME,4/2/2015,453.0,455.0,445.0,450.0,-0.66,21985.0,270.6,218.9
GBIME,4/5/2015,450.0,468.0,443.0,459.0,2.0,13064.0,270.6,218.9
GBIME,4/6/2015,459.0,478.0,441.0,455.0,-0.87,8379.0,270.6,218.9
GBIME,4/7/2015,455.0,455.0,443.0,446.0,-1.98,14355.0,270.6,218.9
GBIME,4/8/2015,446.0,464.0,445.0,463.0,3.81,16072.0,270.6,218.9
GBIME,4/9/2015,463.0,463.0,445.0,450.0,-2.81,9758.0,270.6,218.9
GBIME,4/12/2015,450.0,453.0,443.0,448.0,-0.44,19555.0,270.6,218.9
GBIME,4/13/2015,448.0,450.0,443.0,445.0,-0.67,13516.0,270.6,218.9
GBIME,4/15/2015,445.0,446.0,436.0,443.0,-0.45,20277.0,270.6,218.9
GBIME,4/16/2015,443.0,444.0,437.0,443.0,0.0,24294.0,270.6,218.9
GBIME,4/19/2015,443.0,459.0,440.0,455.0,2.71,1152.0,270.6,218.9
GBIME,4/20/2015,455.0,456.0,450.0,455.0,0.0,6277.0,270.6,218.9
GBIME,4/21/2015,455.0,469.0,457.0,460.0,1.1,1757.0,270.6,218.9
GBIME,4/22/2015,460.0,464.0,460.0,464.0,0.87,1748.0,270.6,218.9
GBIME,4/23/2015,464.0,460.0,460.0,460.0,-0.86,166.0,270.6,218.9
GBIME,5/25/2015,460.0,451.0,414.0,414.0,-10.0,60.0,270.6,218.9
GBIME,5/26/2015,414.0,406.0,385.0,390.0,-5.8,3954.0,270.6,218.9
GBIME,5/27/2015,390.0,396.0,383.0,390.0,0.0,3718.0,270.6,218.9
GBIME,5/28/2015,390.0,404.0,397.0,402.0,3.08,2672.0,270.6,218.9
GBIME,5/31/2015,402.0,429.0,410.0,428.0,6.47,5959.0,270.6,218.9
GBIME,6/1/2015,428.0,448.0,431.0,438.0,2.34,7308.0,270.6,218.9
GBIME,6/2/2015,438.0,442.0,430.0,442.0,0.91,2529.0,270.6,218.9
GBIME,6/3/2015,442.0,461.0,445.0,450.0,1.81,6143.0,270.6,218.9
GBIME,6/4/2015,450.0,460.0,442.0,442.0,-1.78,5385.0,270.6,218.9
GBIME,6/7/2015,442.0,451.0,442.0,450.0,1.81,2598.0,270.6,218.9
GBIME,6/8/2015,450.0,459.0,450.0,456.0,1.33,4898.0,270.6,218.9
GBIME,6/9/2015,456.0,501.0,465.0,484.0,6.14,24642.0,270.6,218.9
GBIME,6/10/2015,484.0,490.0,480.0,484.0,0.0,5732.0,270.6,218.9
GBIME,6/11/2015,484.0,476.0,467.0,467.0,-3.51,3718.0,270.6,218.9
GBIME,6/15/2015,467.0,474.0,464.0,467.0,0.0,2729.0,270.6,218.9
GBIME,6/16/2015,468.0,479.0,455.0,455.0,-2.57,5024.0,270.6,218.9
GBIME,6/17/2015,455.0,463.0,454.0,460.0,1.1,13343.0,270.6,218.9
GBIME,6/18/2015,460.0,468.0,452.0,467.0,1.52,1027.0,270.6,218.9
GBIME,6/21/2015,467.0,465.0,446.0,446.0,-4.5,8099.0,270.6,218.9
GBIME,6/22/2015,446.0,460.0,446.0,450.0,0.9,2235.0,270.6,218.9
GBIME,6/23/2015,450.0,468.0,447.0,468.0,4.0,1289.0,270.6,218.9
GBIME,6/24/2015,468.0,459.0,433.0,445.0,-4.91,76408.0,270.6,218.9
GBIME,6/25/2015,445.0,453.0,443.0,443.0,-0.45,4746.0,270.6,218.9
GBIME,6/28/2015,443.0,445.0,440.0,441.0,-0.45,8797.0,270.6,218.9
GBIME,6/29/2015,441.0,455.0,440.0,448.0,1.59,10424.0,270.6,218.9
GBIME,6/30/2015,448.0,456.0,432.0,456.0,1.79,16390.0,270.6,218.9
GBIME,7/1/2015,456.0,456.0,438.0,440.0,-3.51,19903.0,270.6,218.9
GBIME,7/2/2015,440.0,441.0,436.0,436.0,-0.91,6162.0,270.6,218.9
GBIME,7/5/2015,436.0,437.0,434.0,436.0,0.0,8659.0,270.6,218.9
GBIME,7/6/2015,436.0,437.0,431.0,437.0,0.23,11773.0,270.6,218.9
GBIME,7/7/2015,437.0,440.0,432.0,438.0,0.23,9442.0,270.6,218.9
GBIME,7/8/2015,438.0,445.0,436.0,440.0,0.46,9307.0,270.6,218.9
GBIME,7/9/2015,440.0,445.0,438.0,440.0,0.0,5808.0,270.6,218.9
GBIME,7/12/2015,440.0,440.0,435.0,435.0,-1.14,8085.0,270.6,218.9
GBIME,7/13/2015,435.0,443.0,431.0,440.0,1.15,13996.0,270.6,218.9
GBIME,7/14/2015,440.0,445.0,436.0,438.0,-0.45,3340.0,270.6,218.9
GBIME,7/15/2015,438.0,442.0,435.0,440.0,0.46,24086.0,270.6,218.9
GBIME,7/16/2015,440.0,479.0,435.0,479.0,8.86,12248.0,270.6,218.9
GBIME,7/22/2015,479.0,470.0,449.0,450.0,-6.05,27593.0,270.6,218.9
GBIME,7/23/2015,450.0,474.0,448.0,474.0,5.33,15554.0,270.6,218.9
GBIME,7/26/2015,474.0,521.0,483.0,511.0,7.81,84590.0,270.6,218.9
GBIME,7/27/2015,511.0,551.0,490.0,497.0,-2.74,115157.0,270.6,218.9
GBIME,7/28/2015,497.0,500.0,475.0,480.0,-3.42,20361.0,270.6,218.9
GBIME,7/29/2015,480.0,480.0,472.0,478.0,-0.42,15536.0,270.6,218.9
GBIME,7/30/2015,478.0,499.0,475.0,481.0,0.63,7578.0,270.6,218.9
GBIME,8/2/2015,481.0,487.0,485.0,485.0,0.83,2594.0,270.6,218.9
GBIME,8/3/2015,485.0,490.0,477.0,477.0,-1.65,17454.0,270.6,218.9
GBIME,8/4/2015,477.0,480.0,477.0,477.0,0.0,7876.0,270.6,218.9
GBIME,8/5/2015,477.0,485.0,475.0,484.0,1.47,10592.0,270.6,218.9
GBIME,8/6/2015,484.0,500.0,480.0,494.0,2.07,40041.0,270.6,218.9
GBIME,8/9/2015,494.0,510.0,488.0,500.0,1.21,25772.0,270.6,218.9
GBIME,8/10/2015,500.0,510.0,495.0,500.0,0.0,50530.0,270.6,218.9
GBIME,8/11/2015,500.0,501.0,493.0,498.0,-0.4,13377.0,270.6,218.9
GBIME,8/12/2015,498.0,500.0,490.0,493.0,-1.0,7047.0,270.6,218.9
GBIME,8/13/2015,493.0,509.0,495.0,500.0,1.42,23314.0,270.6,218.9
GBIME,8/16/2015,500.0,550.0,505.0,550.0,10.0,76520.0,270.6,218.9
GBIME,8/17/2015,550.0,605.0,549.0,575.0,4.55,121183.0,270.6,218.9
GBIME,8/18/2015,575.0,579.0,545.0,560.0,-2.61,56520.0,270.6,218.9
GBIME,8/19/2015,560.0,578.0,560.0,574.0,2.5,80401.0,270.6,218.9
GBIME,8/20/2015,574.0,607.0,574.0,578.0,0.7,51661.0,270.6,218.9
GBIME,8/23/2015,578.0,575.0,546.0,565.0,-2.25,43329.0,270.6,218.9
GBIME,8/24/2015,565.0,570.0,556.0,557.0,-1.42,30684.0,270.6,218.9
GBIME,8/25/2015,557.0,556.0,530.0,554.0,-0.54,26700.0,270.6,218.9
GBIME,8/26/2015,554.0,557.0,549.0,552.0,-0.36,24365.0,270.6,218.9
GBIME,8/27/2015,552.0,560.0,547.0,547.0,-0.91,24279.0,270.6,218.9
GBIME,8/31/2015,547.0,555.0,540.0,546.0,-0.18,34590.0,270.6,218.9
GBIME,9/1/2015,546.0,547.0,535.0,538.0,-1.47,17504.0,270.6,218.9
GBIME,9/2/2015,538.0,540.0,528.0,530.0,-1.49,31330.0,270.6,218.9
GBIME,9/3/2015,530.0,535.0,525.0,530.0,0.0,15593.0,270.6,218.9
GBIME,9/6/2015,530.0,535.0,517.0,523.0,-1.32,24190.0,270.6,218.9
GBIME,9/7/2015,523.0,530.0,520.0,530.0,1.34,15035.0,270.6,218.9
GBIME,9/8/2015,530.0,549.0,523.0,530.0,0.0,14316.0,270.6,218.9
GBIME,9/9/2015,530.0,535.0,525.0,529.0,-0.19,21245.0,270.6,218.9
GBIME,9/10/2015,529.0,533.0,524.0,524.0,-0.95,22211.0,270.6,218.9
GBIME,9/13/2015,524.0,540.0,525.0,539.0,2.86,32700.0,270.6,218.9
GBIME,9/14/2015,539.0,559.0,535.0,542.0,0.56,21928.0,270.6,218.9
GBIME,9/15/2015,542.0,550.0,540.0,547.0,0.92,18175.0,270.6,218.9
GBIME,9/16/2015,547.0,552.0,539.0,539.0,-1.46,33496.0,270.6,218.9
GBIME,9/17/2015,539.0,547.0,535.0,538.0,-0.19,15092.0,270.6,218.9
GBIME,9/22/2015,538.0,548.0,515.0,518.0,-3.72,27098.0,270.6,218.9
GBIME,9/23/2015,518.0,541.0,525.0,530.0,2.32,11639.0,270.6,218.9
GBIME,9/24/2015,530.0,530.0,522.0,525.0,-0.94,11246.0,270.6,218.9
GBIME,9/28/2015,525.0,526.0,505.0,521.0,-0.76,25157.0,270.6,218.9
GBIME,9/29/2015,521.0,535.0,521.0,531.0,1.92,55903.0,270.6,218.9
GBIME,9/30/2015,531.0,570.0,541.0,542.0,2.07,92462.0,270.6,218.9
GBIME,10/1/2015,542.0,545.0,537.0,543.0,0.18,20186.0,270.6,218.9
GBIME,10/4/2015,543.0,548.0,536.0,540.0,-0.55,15373.0,270.6,218.9
GBIME,10/5/2015,540.0,538.0,522.0,530.0,-1.85,17257.0,270.6,218.9
GBIME,10/6/2015,530.0,540.0,522.0,525.0,-0.94,15052.0,270.6,218.9
GBIME,10/7/2015,525.0,525.0,516.0,520.0,-0.95,11160.0,270.6,218.9
GBIME,10/8/2015,520.0,528.0,510.0,525.0,0.96,28449.0,270.6,218.9
GBIME,10/11/2015,525.0,520.0,515.0,516.0,-1.71,11177.0,270.6,218.9
GBIME,10/14/2015,516.0,520.0,512.0,512.0,-0.78,12291.0,270.6,218.9
GBIME,10/15/2015,512.0,520.0,509.0,520.0,1.56,4848.0,270.6,218.9
GBIME,10/18/2015,520.0,518.0,512.0,516.0,-0.77,6737.0,270.6,218.9
GBIME,10/19/2015,516.0,520.0,512.0,517.0,0.19,10258.0,270.6,218.9
GBIME,10/25/2015,517.0,520.0,508.0,509.0,-1.55,5178.0,270.6,218.9
GBIME,10/27/2015,509.0,511.0,497.0,499.0,-1.96,18973.0,270.6,218.9
GBIME,10/28/2015,499.0,513.0,490.0,501.0,0.4,37683.0,270.6,218.9
GBIME,10/29/2015,407.0,415.0,401.0,408.0,-18.56,4173.0,270.6,218.9
GBIME,11/1/2015,408.0,401.0,398.0,400.0,-1.96,5275.0,270.6,218.9
GBIME,11/2/2015,400.0,407.0,395.0,401.0,0.25,5206.0,270.6,218.9
GBIME,11/3/2015,401.0,403.0,391.0,391.0,-2.49,11928.0,270.6,218.9
GBIME,11/4/2015,391.0,401.0,385.0,400.0,2.3,5621.0,270.6,218.9
GBIME,11/5/2015,400.0,401.0,394.0,397.0,-0.75,4566.0,270.6,218.9
GBIME,11/8/2015,397.0,398.0,395.0,396.0,-0.25,6673.0,270.6,218.9
GBIME,11/9/2015,396.0,411.0,403.0,407.0,2.78,4880.0,270.6,218.9
GBIME,11/10/2015,407.0,410.0,404.0,408.0,0.25,6107.0,270.6,218.9
GBIME,11/15/2015,408.0,407.0,402.0,404.0,-0.98,6929.0,270.6,218.9
GBIME,11/16/2015,404.0,412.0,400.0,400.0,-0.99,7156.0,270.6,218.9
GBIME,11/18/2015,400.0,407.0,401.0,402.0,0.5,7773.0,270.6,218.9
GBIME,11/19/2015,402.0,401.0,391.0,391.0,-2.74,11246.0,270.6,218.9
GBIME,11/22/2015,391.0,395.0,378.0,385.0,-1.53,13475.0,270.6,218.9
GBIME,11/23/2015,385.0,387.0,370.0,385.0,0.0,4690.0,270.6,218.9
GBIME,11/24/2015,385.0,386.0,378.0,383.0,-0.52,8941.0,270.6,218.9
GBIME,11/25/2015,383.0,381.0,376.0,376.0,-1.83,12191.0,270.6,218.9
GBIME,11/26/2015,376.0,382.0,374.0,375.0,-0.27,11537.0,270.6,218.9
GBIME,11/29/2015,375.0,380.0,366.0,375.0,0.0,11860.0,270.6,218.9
GBIME,11/30/2015,375.0,391.0,375.0,378.0,0.8,17091.0,270.6,218.9
GBIME,12/1/2015,378.0,398.0,383.0,391.0,3.44,11224.0,270.6,218.9
GBIME,12/2/2015,391.0,395.0,377.0,390.0,-0.26,12759.0,270.6,218.9
GBIME,12/3/2015,390.0,400.0,384.0,390.0,0.0,7808.0,270.6,218.9
GBIME,12/6/2015,390.0,407.0,392.0,400.0,2.56,77660.0,270.6,218.9
GBIME,12/7/2015,400.0,408.0,399.0,400.0,0.0,28964.0,270.6,218.9
GBIME,12/8/2015,400.0,404.0,395.0,403.0,0.75,10592.0,270.6,218.9
GBIME,12/9/2015,403.0,408.0,400.0,400.0,-0.74,7656.0,270.6,218.9
GBIME,12/10/2015,400.0,403.0,396.0,400.0,0.0,9866.0,270.6,218.9
GBIME,12/13/2015,400.0,405.0,391.0,398.0,-0.5,10699.0,270.6,218.9
GBIME,12/14/2015,398.0,399.0,392.0,397.0,-0.25,4945.0,270.6,218.9
GBIME,12/15/2015,397.0,399.0,392.0,395.0,-0.5,6204.0,270.6,218.9
GBIME,12/16/2015,395.0,399.0,394.0,394.0,-0.25,4576.0,270.6,218.9
GBIME,12/17/2015,394.0,397.0,390.0,395.0,0.25,18401.0,270.6,218.9
GBIME,12/20/2015,395.0,396.0,390.0,394.0,-0.25,3482.0,270.6,218.9
GBIME,12/21/2015,394.0,397.0,390.0,395.0,0.25,11373.0,270.6,218.9
GBIME,12/22/2015,395.0,401.0,396.0,400.0,1.27,25609.0,270.6,218.9
GBIME,12/23/2015,400.0,397.0,393.0,396.0,-1.0,6111.0,270.6,218.9
GBIME,12/24/2015,396.0,397.0,391.0,394.0,-0.51,11605.0,270.6,218.9
GBIME,12/27/2015,394.0,400.0,393.0,400.0,1.52,24445.0,270.6,218.9
GBIME,12/28/2015,400.0,398.0,393.0,395.0,-1.25,6627.0,270.6,218.9
GBIME,12/29/2015,395.0,399.0,390.0,392.0,-0.76,9436.0,270.6,218.9
GBIME,12/31/2015,392.0,400.0,395.0,395.0,0.77,6457.0,270.6,218.9
GBIME,1/3/2016,395.0,400.0,395.0,395.0,0.0,7628.0,270.6,218.9
GBIME,1/4/2016,395.0,396.0,392.0,394.0,-0.25,12643.0,270.6,218.9
GBIME,1/5/2016,394.0,395.0,390.0,394.0,0.0,9427.0,270.6,218.9
GBIME,1/6/2016,394.0,397.0,390.0,397.0,0.76,16610.0,270.6,218.9
GBIME,1/7/2016,397.0,401.0,394.0,401.0,1.01,76571.0,270.6,218.9
GBIME,1/10/2016,401.0,405.0,400.0,400.0,-0.25,17631.0,270.6,218.9
GBIME,1/11/2016,400.0,403.0,394.0,402.0,0.5,19830.0,270.6,218.9
GBIME,1/12/2016,402.0,403.0,398.0,403.0,0.25,13163.0,270.6,218.9
GBIME,1/13/2016,403.0,405.0,399.0,400.0,-0.74,9228.0,270.6,218.9
GBIME,1/14/2016,400.0,417.0,400.0,411.0,2.75,18534.0,270.6,218.9
GBIME,1/17/2016,411.0,435.0,418.0,435.0,5.84,28886.0,270.6,218.9
GBIME,1/18/2016,435.0,450.0,436.0,450.0,3.45,112261.0,270.6,218.9
GBIME,1/19/2016,450.0,474.0,442.0,466.0,3.56,95628.0,270.6,218.9
GBIME,1/20/2016,466.0,475.0,460.0,470.0,0.86,44273.0,270.6,218.9
GBIME,1/21/2016,470.0,471.0,465.0,465.0,-1.06,48593.0,270.6,218.9
GBIME,1/24/2016,465.0,465.0,461.0,463.0,-0.43,15788.0,270.6,218.9
GBIME,1/25/2016,463.0,475.0,463.0,475.0,2.59,45601.0,270.6,218.9
GBIME,1/26/2016,475.0,478.0,468.0,468.0,-1.47,24391.0,270.6,218.9
GBIME,1/27/2016,468.0,474.0,470.0,474.0,1.28,32764.0,270.6,218.9
GBIME,1/28/2016,474.0,484.0,461.0,462.0,-2.53,62380.0,270.6,218.9
GBIME,1/31/2016,462.0,462.0,452.0,455.0,-1.52,25632.0,270.6,218.9
GBIME,2/1/2016,455.0,475.0,455.0,475.0,4.4,63188.0,270.6,218.9
GBIME,2/2/2016,475.0,480.0,470.0,473.0,-0.42,52276.0,270.6,218.9
GBIME,2/3/2016,473.0,474.0,466.0,473.0,0.0,31770.0,270.6,218.9
GBIME,2/4/2016,473.0,480.0,470.0,476.0,0.63,39407.0,270.6,218.9
GBIME,2/7/2016,476.0,500.0,474.0,477.0,0.21,18788.0,270.6,218.9
GBIME,2/8/2016,477.0,479.0,470.0,470.0,-1.47,10744.0,270.6,218.9
GBIME,2/11/2016,470.0,470.0,461.0,461.0,-1.91,9217.0,270.6,218.9
GBIME,2/14/2016,461.0,462.0,457.0,461.0,0.0,8592.0,270.6,218.9
GBIME,2/15/2016,461.0,460.0,450.0,455.0,-1.3,7191.0,270.6,218.9
GBIME,2/16/2016,455.0,459.0,450.0,459.0,0.88,41959.0,270.6,218.9
GBIME,2/17/2016,459.0,468.0,451.0,466.0,1.53,5832.0,270.6,218.9
GBIME,2/18/2016,466.0,473.0,465.0,470.0,0.86,25511.0,270.6,218.9
GBIME,2/21/2016,470.0,484.0,470.0,473.0,0.64,20279.0,270.6,218.9
GBIME,2/22/2016,473.0,480.0,471.0,475.0,0.42,33083.0,270.6,218.9
GBIME,2/23/2016,475.0,476.0,465.0,467.0,-1.68,28763.0,270.6,218.9
GBIME,2/24/2016,467.0,465.0,453.0,462.0,-1.07,3582.0,270.6,218.9
GBIME,2/25/2016,462.0,468.0,457.0,466.0,0.87,11477.0,270.6,218.9
GBIME,2/28/2016,466.0,470.0,458.0,460.0,-1.29,15124.0,270.6,218.9
GBIME,2/29/2016,460.0,460.0,455.0,460.0,0.0,9849.0,270.6,218.9
GBIME,3/1/2016,460.0,460.0,451.0,458.0,-0.43,10833.0,270.6,218.9
GBIME,3/2/2016,458.0,462.0,458.0,460.0,0.44,18100.0,270.6,218.9
GBIME,3/3/2016,460.0,460.0,455.0,460.0,0.0,19622.0,270.6,218.9
GBIME,3/6/2016,460.0,465.0,458.0,465.0,1.09,19862.0,270.6,218.9
GBIME,3/10/2016,465.0,469.0,458.0,461.0,-0.86,50211.0,270.6,218.9
GBIME,3/13/2016,461.0,462.0,456.0,460.0,-0.22,40909.0,270.6,218.9
GBIME,3/14/2016,460.0,468.0,460.0,463.0,0.65,29341.0,270.6,218.9
GBIME,3/15/2016,463.0,472.0,462.0,469.0,1.3,26905.0,270.6,218.9
GBIME,3/16/2016,469.0,475.0,465.0,473.0,0.85,35153.0,270.6,218.9
GBIME,3/17/2016,473.0,478.0,470.0,471.0,-0.42,41100.0,270.6,218.9
GBIME,3/20/2016,471.0,475.0,468.0,470.0,-0.21,79825.0,270.6,218.9
GBIME,3/21/2016,470.0,479.0,468.0,474.0,0.85,36400.0,270.6,218.9
GBIME,3/23/2016,474.0,478.0,470.0,478.0,0.84,26830.0,270.6,218.9
GBIME,3/24/2016,478.0,486.0,478.0,485.0,1.46,79965.0,270.6,218.9
GBIME,3/27/2016,485.0,500.0,482.0,500.0,3.09,63449.0,270.6,218.9
GBIME,3/28/2016,500.0,501.0,488.0,495.0,-1.0,39597.0,270.6,218.9
GBIME,3/29/2016,495.0,504.0,476.0,485.0,-2.02,14603.0,270.6,218.9
GBIME,3/30/2016,485.0,485.0,480.0,482.0,-0.62,21176.0,270.6,218.9
GBIME,3/31/2016,482.0,482.0,476.0,479.0,-0.62,14178.0,270.6,218.9
GBIME,4/3/2016,479.0,484.0,472.0,478.0,-0.21,22732.0,270.6,218.9
GBIME,4/4/2016,478.0,488.0,473.0,487.0,1.88,34436.0,270.6,218.9
GBIME,4/5/2016,487.0,498.0,483.0,495.0,1.64,59286.0,270.6,218.9
GBIME,4/6/2016,495.0,500.0,479.0,479.0,-3.23,30701.0,270.6,218.9
GBIME,4/10/2016,479.0,478.0,466.0,475.0,-0.84,77676.0,270.6,218.9
GBIME,4/11/2016,475.0,481.0,473.0,477.0,0.42,32589.0,270.6,218.9
GBIME,4/12/2016,477.0,480.0,470.0,480.0,0.63,29886.0,270.6,218.9
GBIME,4/14/2016,480.0,485.0,472.0,480.0,0.0,17650.0,270.6,218.9
GBIME,4/17/2016,480.0,490.0,476.0,481.0,0.21,34918.0,270.6,218.9
GBIME,4/18/2016,481.0,490.0,480.0,488.0,1.46,25463.0,270.6,218.9
GBIME,4/19/2016,488.0,498.0,484.0,492.0,0.82,43984.0,270.6,218.9
GBIME,4/20/2016,492.0,495.0,483.0,493.0,0.2,48548.0,270.6,218.9
GBIME,4/21/2016,493.0,494.0,490.0,493.0,0.0,55065.0,270.6,218.9
GBIME,4/24/2016,493.0,495.0,486.0,495.0,0.41,36401.0,270.6,218.9
GBIME,4/25/2016,495.0,532.0,492.0,532.0,7.47,116150.0,270.6,218.9
GBIME,4/26/2016,532.0,542.0,508.0,513.0,-3.57,103585.0,270.6,218.9
GBIME,4/27/2016,513.0,515.0,505.0,509.0,-0.78,32910.0,270.6,218.9
GBIME,4/28/2016,509.0,509.0,500.0,503.0,-1.18,45901.0,270.6,218.9
GBIME,5/2/2016,503.0,502.0,496.0,496.0,-1.39,40834.0,270.6,218.9
GBIME,5/3/2016,496.0,502.0,490.0,495.0,-0.2,49995.0,270.6,218.9
GBIME,5/4/2016,495.0,496.0,489.0,493.0,-0.4,29569.0,270.6,218.9
GBIME,5/5/2016,493.0,495.0,487.0,495.0,0.41,23790.0,270.6,218.9
GBIME,5/8/2016,495.0,495.0,490.0,494.0,-0.2,56897.0,270.6,218.9
GBIME,5/9/2016,494.0,504.0,490.0,504.0,2.02,88964.0,270.6,218.9
GBIME,5/10/2016,504.0,502.0,496.0,496.0,-1.59,25304.0,270.6,218.9
GBIME,5/11/2016,496.0,502.0,495.0,502.0,1.21,32796.0,270.6,218.9
GBIME,5/12/2016,502.0,504.0,495.0,500.0,-0.4,31429.0,270.6,218.9
GBIME,5/15/2016,500.0,501.0,496.0,500.0,0.0,18115.0,270.6,218.9
GBIME,5/16/2016,500.0,499.0,493.0,495.0,-1.0,23316.0,270.6,218.9
GBIME,5/17/2016,495.0,496.0,491.0,496.0,0.2,16067.0,270.6,218.9
GBIME,5/18/2016,496.0,500.0,491.0,494.0,-0.4,62604.0,270.6,218.9
GBIME,5/19/2016,494.0,503.0,496.0,498.0,0.81,40744.0,270.6,218.9
GBIME,5/22/2016,498.0,507.0,500.0,504.0,1.2,56949.0,270.6,218.9
GBIME,5/23/2016,504.0,520.0,500.0,520.0,3.17,75441.0,270.6,218.9
GBIME,5/24/2016,520.0,540.0,515.0,522.0,0.38,65965.0,270.6,218.9
GBIME,5/25/2016,522.0,526.0,502.0,524.0,0.38,77058.0,270.6,218.9
GBIME,5/26/2016,524.0,525.0,504.0,513.0,-2.1,65578.0,270.6,218.9
GBIME,5/29/2016,513.0,518.0,500.0,506.0,-1.36,21888.0,270.6,218.9
GBIME,5/30/2016,506.0,514.0,490.0,510.0,0.79,23126.0,270.6,218.9
GBIME,5/31/2016,510.0,514.0,505.0,510.0,0.0,34229.0,270.6,218.9
GBIME,6/1/2016,510.0,511.0,500.0,505.0,-0.98,28454.0,270.6,218.9
GBIME,6/2/2016,505.0,505.0,499.0,500.0,-0.99,26163.0,270.6,218.9
GBIME,6/5/2016,500.0,499.0,487.0,489.0,-2.2,29696.0,270.6,218.9
GBIME,6/6/2016,489.0,498.0,490.0,495.0,1.23,16185.0,270.6,218.9
GBIME,6/7/2016,495.0,510.0,498.0,500.0,1.01,27170.0,270.6,218.9
GBIME,6/8/2016,500.0,509.0,492.0,506.0,1.2,35136.0,270.6,218.9
GBIME,6/9/2016,506.0,510.0,495.0,500.0,-1.19,72955.0,270.6,218.9
GBIME,6/12/2016,500.0,513.0,499.0,510.0,2.0,39007.0,270.6,218.9
GBIME,6/13/2016,510.0,522.0,506.0,509.0,-0.2,50679.0,270.6,218.9
GBIME,6/14/2016,509.0,512.0,505.0,507.0,-0.39,28619.0,270.6,218.9
GBIME,6/15/2016,507.0,507.0,497.0,501.0,-1.18,40448.0,270.6,218.9
GBIME,6/16/2016,501.0,511.0,500.0,500.0,-0.2,38060.0,270.6,218.9
GBIME,6/19/2016,500.0,503.0,493.0,495.0,-1.0,39591.0,270.6,218.9
GBIME,6/20/2016,495.0,500.0,493.0,495.0,0.0,19161.0,270.6,218.9
GBIME,6/21/2016,495.0,501.0,494.0,496.0,0.2,13246.0,270.6,218.9
GBIME,6/22/2016,496.0,525.0,495.0,501.0,1.01,72533.0,270.6,218.9
GBIME,6/23/2016,501.0,505.0,495.0,499.0,-0.4,42836.0,270.6,218.9
GBIME,6/26/2016,499.0,510.0,498.0,501.0,0.4,32046.0,270.6,218.9
GBIME,6/27/2016,501.0,521.0,502.0,520.0,3.79,58912.0,270.6,218.9
GBIME,6/28/2016,520.0,542.0,510.0,535.0,2.88,144384.0,270.6,218.9
GBIME,6/29/2016,535.0,545.0,527.0,528.0,-1.31,48466.0,270.6,218.9
GBIME,6/30/2016,528.0,527.0,518.0,522.0,-1.14,44928.0,270.6,218.9
GBIME,7/3/2016,522.0,522.0,509.0,510.0,-2.3,77486.0,270.6,218.9
GBIME,7/4/2016,510.0,515.0,508.0,510.0,0.0,32485.0,270.6,218.9
GBIME,7/5/2016,510.0,520.0,510.0,513.0,0.59,25549.0,270.6,218.9
GBIME,7/6/2016,513.0,525.0,513.0,522.0,1.75,83142.0,270.6,218.9
GBIME,7/10/2016,522.0,530.0,520.0,525.0,0.57,42439.0,270.6,218.9
GBIME,7/11/2016,525.0,535.0,519.0,521.0,-0.76,36960.0,270.6,218.9
GBIME,7/12/2016,521.0,528.0,500.0,514.0,-1.34,39861.0,270.6,218.9
GBIME,7/13/2016,514.0,519.0,508.0,512.0,-0.39,22672.0,270.6,218.9
GBIME,7/14/2016,512.0,524.0,510.0,515.0,0.59,35878.0,270.6,218.9
GBIME,7/17/2016,515.0,537.0,515.0,533.0,3.5,59361.0,270.6,218.9
GBIME,7/18/2016,533.0,550.0,530.0,546.0,2.44,90982.0,270.6,218.9
GBIME,7/19/2016,546.0,565.0,546.0,565.0,3.48,104945.0,270.6,218.9
GBIME,7/20/2016,565.0,581.0,555.0,556.0,-1.59,92756.0,270.6,218.9
GBIME,7/21/2016,556.0,568.0,550.0,560.0,0.72,41417.0,270.6,218.9
GBIME,7/25/2016,560.0,575.0,560.0,572.0,2.14,72764.0,270.6,218.9
GBIME,7/26/2016,572.0,600.0,575.0,600.0,4.9,108427.0,270.6,218.9
GBIME,7/27/2016,600.0,623.0,590.0,600.0,0.0,92463.0,270.6,218.9
GBIME,7/28/2016,600.0,615.0,581.0,590.0,-1.67,96513.0,270.6,218.9
GBIME,7/31/2016,590.0,593.0,571.0,577.0,-2.2,41501.0,270.6,218.9
GBIME,8/1/2016,577.0,580.0,563.0,572.0,-0.87,37990.0,270.6,218.9
GBIME,8/2/2016,572.0,571.0,556.0,559.0,-2.27,39597.0,270.6,218.9
GBIME,8/3/2016,559.0,571.0,542.0,560.0,0.18,47870.0,270.6,218.9
GBIME,8/4/2016,560.0,565.0,543.0,550.0,-1.79,50724.0,270.6,218.9
GBIME,8/7/2016,550.0,559.0,543.0,546.0,-0.73,51265.0,270.6,218.9
GBIME,8/8/2016,546.0,550.0,515.0,516.0,-5.49,55501.0,270.6,218.9
GBIME,8/9/2016,516.0,565.0,526.0,542.0,5.04,15077.0,270.6,218.9
GBIME,8/10/2016,542.0,566.0,530.0,543.0,0.18,76391.0,270.6,218.9
GBIME,8/11/2016,543.0,549.0,530.0,532.0,-2.03,35416.0,270.6,218.9
GBIME,8/14/2016,532.0,535.0,514.0,520.0,-2.26,61045.0,270.6,218.9
GBIME,8/15/2016,520.0,525.0,507.0,512.0,-1.54,37362.0,270.6,218.9
GBIME,8/16/2016,512.0,523.0,507.0,522.0,1.95,31075.0,270.6,218.9
GBIME,8/17/2016,522.0,528.0,520.0,526.0,0.77,41954.0,270.6,218.9
GBIME,8/21/2016,526.0,530.0,515.0,520.0,-1.14,12136.0,270.6,218.9
GBIME,8/22/2016,520.0,522.0,510.0,514.0,-1.15,21297.0,270.6,218.9
GBIME,8/23/2016,514.0,521.0,510.0,514.0,0.0,14679.0,270.6,218.9
GBIME,8/24/2016,514.0,524.0,511.0,520.0,1.17,33892.0,270.6,218.9
GBIME,8/28/2016,520.0,535.0,523.0,530.0,1.92,34978.0,270.6,218.9
GBIME,8/29/2016,530.0,548.0,528.0,543.0,2.45,31095.0,270.6,218.9
GBIME,8/30/2016,543.0,562.0,548.0,555.0,2.21,61972.0,270.6,218.9
GBIME,8/31/2016,555.0,560.0,542.0,546.0,-1.62,9543.0,270.6,218.9
GBIME,9/1/2016,546.0,550.0,540.0,548.0,0.37,24428.0,270.6,218.9
GBIME,9/3/2016,548.0,557.0,547.0,552.0,0.73,46889.0,270.6,218.9
GBIME,9/4/2016,548.0,557.0,547.0,552.0,0.0,46889.0,270.6,218.9
GBIME,9/5/2016,552.0,570.0,550.0,561.0,1.63,89900.0,270.6,218.9
GBIME,9/6/2016,561.0,567.0,547.0,555.0,-1.07,99222.0,270.6,218.9
GBIME,9/7/2016,555.0,555.0,544.0,550.0,-0.9,53882.0,270.6,218.9
GBIME,9/8/2016,550.0,552.0,540.0,550.0,0.0,41805.0,270.6,218.9
GBIME,9/11/2016,550.0,550.0,535.0,540.0,-1.82,24982.0,270.6,218.9
GBIME,9/12/2016,540.0,546.0,538.0,539.0,-0.19,12325.0,270.6,218.9
GBIME,9/14/2016,539.0,547.0,525.0,525.0,-2.6,61613.0,270.6,218.9
GBIME,9/18/2016,525.0,525.0,507.0,513.0,-2.29,40923.0,270.6,218.9
GBIME,9/20/2016,513.0,517.0,506.0,509.0,-0.78,30411.0,270.6,218.9
GBIME,9/21/2016,509.0,515.0,500.0,511.0,0.39,20110.0,270.6,218.9
GBIME,9/22/2016,511.0,515.0,506.0,509.0,-0.39,31715.0,270.6,218.9
GBIME,9/25/2016,509.0,510.0,500.0,505.0,-0.79,28368.0,270.6,218.9
GBIME,9/26/2016,505.0,509.0,496.0,507.0,0.4,35320.0,270.6,218.9
GBIME,9/27/2016,507.0,513.0,501.0,505.0,-0.39,22299.0,270.6,218.9
GBIME,9/28/2016,505.0,513.0,502.0,506.0,0.2,11300.0,270.6,218.9
GBIME,9/29/2016,506.0,521.0,506.0,510.0,0.79,14997.0,270.6,218.9
GBIME,10/2/2016,510.0,507.0,496.0,500.0,-1.96,19895.0,270.6,218.9
GBIME,10/3/2016,500.0,504.0,500.0,504.0,0.8,9030.0,270.6,218.9
GBIME,10/4/2016,504.0,510.0,500.0,503.0,-0.2,14990.0,270.6,218.9
GBIME,10/5/2016,503.0,508.0,502.0,503.0,0.0,14697.0,270.6,218.9
GBIME,10/6/2016,503.0,508.0,503.0,505.0,0.4,19708.0,270.6,218.9
GBIME,10/16/2016,505.0,513.0,496.0,513.0,1.58,5486.0,270.6,218.9
GBIME,10/17/2016,513.0,515.0,504.0,512.0,-0.19,27775.0,270.6,218.9
GBIME,10/18/2016,512.0,515.0,504.0,515.0,0.59,24871.0,270.6,218.9
GBIME,10/19/2016,515.0,515.0,508.0,512.0,-0.58,15217.0,270.6,218.9
GBIME,10/20/2016,512.0,513.0,508.0,510.0,-0.39,11554.0,270.6,218.9
GBIME,10/23/2016,510.0,510.0,501.0,509.0,-0.2,18541.0,270.6,218.9
GBIME,10/24/2016,509.0,509.0,501.0,505.0,-0.79,19073.0,270.6,218.9
GBIME,10/25/2016,505.0,505.0,496.0,500.0,-0.99,13314.0,270.6,218.9
GBIME,10/26/2016,500.0,502.0,490.0,494.0,-1.2,9056.0,270.6,218.9
GBIME,10/27/2016,494.0,501.0,490.0,496.0,0.4,15285.0,270.6,218.9
GBIME,11/3/2016,496.0,502.0,492.0,495.0,-0.2,2084.0,270.6,218.9
GBIME,11/7/2016,495.0,499.0,490.0,495.0,0.0,20951.0,270.6,218.9
GBIME,11/8/2016,495.0,496.0,487.0,489.0,-1.21,33538.0,270.6,218.9
GBIME,11/9/2016,489.0,490.0,470.0,479.0,-2.04,11756.0,270.6,218.9
GBIME,11/10/2016,479.0,487.0,476.0,476.0,-0.63,15278.0,270.6,218.9
GBIME,11/13/2016,476.0,485.0,471.0,479.0,0.63,19698.0,270.6,218.9
GBIME,11/14/2016,479.0,491.0,473.0,487.0,1.67,7082.0,270.6,218.9
GBIME,11/15/2016,487.0,488.0,483.0,485.0,-0.41,11394.0,270.6,218.9
GBIME,11/16/2016,485.0,490.0,475.0,477.0,-1.65,11369.0,270.6,218.9
GBIME,11/17/2016,477.0,475.0,462.0,465.0,-2.52,13402.0,270.6,218.9
GBIME,11/20/2016,465.0,470.0,445.0,460.0,-1.08,24462.0,270.6,218.9
GBIME,11/21/2016,460.0,463.0,441.0,456.0,-0.87,19520.0,270.6,218.9
GBIME,11/22/2016,456.0,454.0,435.0,445.0,-2.41,16849.0,270.6,218.9
GBIME,11/23/2016,445.0,448.0,433.0,439.0,-1.35,32973.0,270.6,218.9
GBIME,11/24/2016,439.0,459.0,434.0,440.0,0.23,31008.0,270.6,218.9
GBIME,11/27/2016,440.0,447.0,420.0,426.0,-3.18,21805.0,270.6,218.9
GBIME,11/28/2016,426.0,447.0,408.0,445.0,4.46,33929.0,270.6,218.9
GBIME,11/29/2016,445.0,450.0,420.0,450.0,1.12,37112.0,270.6,218.9
GBIME,11/30/2016,450.0,461.0,441.0,460.0,2.22,27343.0,270.6,218.9
GBIME,12/1/2016,460.0,465.0,437.0,450.0,-2.17,25343.0,270.6,218.9
GBIME,12/4/2016,450.0,452.0,437.0,437.0,-2.89,14899.0,270.6,218.9
GBIME,12/5/2016,437.0,442.0,432.0,440.0,0.69,10795.0,270.6,218.9
GBIME,12/6/2016,440.0,455.0,434.0,444.0,0.91,9941.0,270.6,218.9
GBIME,12/7/2016,444.0,450.0,440.0,448.0,0.9,4864.0,270.6,218.9
GBIME,12/8/2016,448.0,450.0,429.0,436.0,-2.68,9020.0,270.6,218.9
GBIME,12/11/2016,436.0,439.0,431.0,439.0,0.69,5039.0,270.6,218.9
GBIME,12/12/2016,439.0,437.0,423.0,431.0,-1.82,10016.0,270.6,218.9
GBIME,12/14/2016,431.0,440.0,428.0,440.0,2.09,11470.0,270.6,218.9
GBIME,12/15/2016,440.0,443.0,434.0,441.0,0.23,9329.0,270.6,218.9
GBIME,12/18/2016,441.0,445.0,433.0,445.0,0.91,9997.0,270.6,218.9
GBIME,12/19/2016,445.0,440.0,431.0,438.0,-1.57,11781.0,270.6,218.9
GBIME,12/20/2016,438.0,440.0,432.0,440.0,0.46,9508.0,270.6,218.9
GBIME,12/21/2016,440.0,437.0,430.0,434.0,-1.36,10378.0,270.6,218.9
GBIME,12/22/2016,434.0,436.0,429.0,435.0,0.23,10614.0,270.6,218.9
GBIME,12/26/2016,435.0,432.0,423.0,423.0,-2.76,9885.0,270.6,218.9
GBIME,12/27/2016,423.0,422.0,410.0,417.0,-1.42,16533.0,270.6,218.9
GBIME,12/28/2016,417.0,425.0,411.0,419.0,0.48,11912.0,270.6,218.9
GBIME,12/29/2016,419.0,433.0,416.0,422.0,0.72,16169.0,270.6,218.9
GBIME,1/1/2017,422.0,435.0,420.0,420.0,-0.47,15183.0,270.6,218.9
GBIME,1/2/2017,420.0,435.0,422.0,430.0,2.38,14365.0,270.6,218.9
GBIME,1/3/2017,430.0,435.0,417.0,425.0,-1.16,4989.0,270.6,218.9
GBIME,1/4/2017,425.0,430.0,420.0,430.0,1.18,2938.0,270.6,218.9
GBIME,1/5/2017,430.0,430.0,421.0,421.0,-2.09,10165.0,270.6,218.9
GBIME,1/8/2017,421.0,425.0,414.0,419.0,-0.48,12269.0,270.6,218.9
GBIME,1/9/2017,419.0,427.0,419.0,421.0,0.48,9554.0,270.6,218.9
GBIME,1/10/2017,421.0,426.0,418.0,426.0,1.19,3910.0,270.6,218.9
GBIME,1/11/2017,426.0,431.0,423.0,428.0,0.47,6777.0,270.6,218.9
GBIME,1/12/2017,428.0,426.0,423.0,423.0,-1.17,3667.0,270.6,218.9
GBIME,1/15/2017,423.0,425.0,420.0,420.0,-0.71,4489.0,270.6,218.9
GBIME,1/16/2017,420.0,428.0,417.0,420.0,0.0,7458.0,270.6,218.9
GBIME,1/17/2017,420.0,422.0,416.0,421.0,0.24,20175.0,270.6,218.9
GBIME,1/18/2017,421.0,424.0,418.0,418.0,-0.71,5733.0,270.6,218.9
GBIME,1/19/2017,418.0,421.0,418.0,419.0,0.24,10725.0,270.6,218.9
GBIME,1/22/2017,419.0,422.0,416.0,417.0,-0.48,7100.0,270.6,218.9
GBIME,1/23/2017,417.0,420.0,417.0,418.0,0.24,5912.0,270.6,218.9
GBIME,1/24/2017,418.0,420.0,409.0,410.0,-1.91,7819.0,270.6,218.9
GBIME,1/25/2017,410.0,405.0,396.0,400.0,-2.44,15576.0,270.6,218.9
GBIME,1/26/2017,400.0,398.0,387.0,394.0,-1.5,20931.0,270.6,218.9
GBIME,1/30/2017,394.0,391.0,376.0,380.0,-3.55,28255.0,270.6,218.9
GBIME,1/31/2017,380.0,397.0,375.0,391.0,2.89,15776.0,270.6,218.9
GBIME,2/1/2017,391.0,410.0,387.0,405.0,3.58,12309.0,270.6,218.9
GBIME,2/2/2017,405.0,421.0,397.0,404.0,-0.25,12145.0,270.6,218.9
GBIME,2/5/2017,404.0,408.0,396.0,400.0,-0.99,18646.0,270.6,218.9
GBIME,2/6/2017,400.0,400.0,394.0,399.0,-0.25,10104.0,270.6,218.9
GBIME,2/7/2017,399.0,399.0,390.0,395.0,-1.0,19295.0,270.6,218.9
GBIME,2/8/2017,395.0,396.0,389.0,389.0,-1.52,8058.0,270.6,218.9
GBIME,2/9/2017,389.0,390.0,381.0,381.0,-2.06,11944.0,270.6,218.9
GBIME,2/12/2017,381.0,382.0,363.0,371.0,-2.62,14458.0,270.6,218.9
GBIME,2/13/2017,371.0,389.0,365.0,385.0,3.77,20784.0,270.6,218.9
GBIME,2/14/2017,385.0,391.0,373.0,378.0,-1.82,32503.0,270.6,218.9
GBIME,2/15/2017,378.0,394.0,372.0,386.0,2.12,12925.0,270.6,218.9
GBIME,2/16/2017,386.0,393.0,383.0,391.0,1.3,20899.0,270.6,218.9
GBIME,2/19/2017,391.0,399.0,384.0,397.0,1.53,12601.0,270.6,218.9
GBIME,2/20/2017,397.0,407.0,395.0,395.0,-0.5,19276.0,270.6,218.9
GBIME,2/21/2017,395.0,410.0,384.0,392.0,-0.76,9344.0,270.6,218.9
GBIME,2/22/2017,392.0,390.0,380.0,387.0,-1.28,4285.0,270.6,218.9
GBIME,2/23/2017,387.0,387.0,375.0,385.0,-0.52,18400.0,270.6,218.9
GBIME,2/26/2017,385.0,385.0,380.0,383.0,-0.52,2526.0,270.6,218.9
GBIME,2/28/2017,383.0,385.0,376.0,385.0,0.52,6466.0,270.6,218.9
GBIME,3/1/2017,385.0,390.0,385.0,388.0,0.78,2900.0,270.6,218.9
GBIME,3/2/2017,388.0,394.0,385.0,391.0,0.77,11563.0,270.6,218.9
GBIME,3/5/2017,391.0,400.0,390.0,399.0,2.05,214762.0,270.6,218.9
GBIME,3/6/2017,399.0,414.0,401.0,409.0,2.51,229924.0,270.6,218.9
GBIME,3/7/2017,409.0,409.0,400.0,402.0,-1.71,12497.0,270.6,218.9
GBIME,3/9/2017,402.0,414.0,404.0,414.0,2.99,223287.0,270.6,218.9
GBIME,3/13/2017,414.0,417.0,411.0,414.0,0.0,179520.0,270.6,218.9
GBIME,3/14/2017,414.0,417.0,405.0,405.0,-2.17,13443.0,270.6,218.9
GBIME,3/15/2017,405.0,415.0,403.0,415.0,2.47,10794.0,270.6,218.9
GBIME,3/16/2017,415.0,416.0,410.0,412.0,-0.72,11784.0,270.6,218.9
GBIME,3/19/2017,412.0,420.0,408.0,416.0,0.97,46588.0,270.6,218.9
GBIME,3/20/2017,359.0,374.0,355.0,371.0,-10.82,17732.0,270.6,218.9
GBIME,3/21/2017,371.0,385.0,368.0,385.0,3.77,11288.0,270.6,218.9
GBIME,3/22/2017,385.0,398.0,380.0,380.0,-1.3,23148.0,270.6,218.9
GBIME,3/23/2017,380.0,390.0,376.0,385.0,1.32,13344.0,270.6,218.9
GBIME,3/26/2017,385.0,398.0,386.0,395.0,2.6,23795.0,270.6,218.9
GBIME,3/28/2017,395.0,410.0,390.0,407.0,3.04,78272.0,270.6,218.9
GBIME,3/29/2017,407.0,423.0,400.0,410.0,0.74,39185.0,270.6,218.9
GBIME,3/30/2017,410.0,404.0,395.0,399.0,-2.68,19989.0,270.6,218.9
GBIME,4/2/2017,399.0,425.0,403.0,425.0,6.52,23819.0,270.6,218.9
GBIME,4/3/2017,425.0,461.0,408.0,415.0,-2.35,41146.0,270.6,218.9
GBIME,4/4/2017,415.0,422.0,408.0,419.0,0.96,26678.0,270.6,218.9
GBIME,4/6/2017,419.0,420.0,406.0,410.0,-2.15,14562.0,270.6,218.9
GBIME,4/9/2017,410.0,410.0,403.0,403.0,-1.71,20471.0,270.6,218.9
GBIME,4/10/2017,403.0,410.0,399.0,408.0,1.24,14367.0,270.6,218.9
GBIME,4/11/2017,408.0,428.0,407.0,426.0,4.41,79992.0,270.6,218.9
GBIME,4/12/2017,426.0,450.0,425.0,435.0,2.11,100653.0,270.6,218.9
GBIME,4/13/2017,435.0,434.0,420.0,428.0,-1.61,22533.0,270.6,218.9
GBIME,4/16/2017,428.0,422.0,410.0,411.0,-3.97,17954.0,270.6,218.9
GBIME,4/18/2017,411.0,410.0,395.0,405.0,-1.46,72728.0,270.6,218.9
GBIME,4/19/2017,405.0,419.0,400.0,419.0,3.46,39532.0,270.6,218.9
GBIME,4/20/2017,419.0,435.0,407.0,410.0,-2.15,29963.0,270.6,218.9
GBIME,4/23/2017,410.0,445.0,415.0,422.0,2.93,39094.0,270.6,218.9
GBIME,4/24/2017,422.0,421.0,412.0,414.0,-1.9,92021.0,270.6,218.9
GBIME,4/25/2017,414.0,414.0,406.0,410.0,-0.97,25320.0,270.6,218.9
GBIME,4/26/2017,410.0,421.0,411.0,421.0,2.68,80852.0,270.6,218.9
GBIME,4/27/2017,421.0,425.0,415.0,420.0,-0.24,25693.0,270.6,218.9
GBIME,4/30/2017,420.0,421.0,410.0,414.0,-1.43,17273.0,270.6,218.9
GBIME,5/2/2017,414.0,417.0,404.0,412.0,-0.48,20835.0,270.6,218.9
GBIME,5/3/2017,412.0,414.0,405.0,410.0,-0.49,25407.0,270.6,218.9
GBIME,5/4/2017,410.0,410.0,402.0,408.0,-0.49,44761.0,270.6,218.9
GBIME,5/7/2017,408.0,408.0,400.0,403.0,-1.23,15722.0,270.6,218.9
GBIME,5/8/2017,403.0,406.0,400.0,401.0,-0.5,10579.0,270.6,218.9
GBIME,5/9/2017,401.0,408.0,401.0,405.0,1.0,11691.0,270.6,218.9
GBIME,5/11/2017,405.0,414.0,404.0,407.0,0.49,11773.0,270.6,218.9
GBIME,5/15/2017,407.0,415.0,410.0,413.0,1.47,15216.0,270.6,218.9
GBIME,5/16/2017,413.0,415.0,406.0,409.0,-0.97,10088.0,270.6,218.9
GBIME,5/17/2017,409.0,410.0,403.0,404.0,-1.22,7608.0,270.6,218.9
GBIME,5/18/2017,404.0,408.0,399.0,404.0,0.0,40375.0,270.6,218.9
GBIME,5/21/2017,404.0,410.0,399.0,400.0,-0.99,7074.0,270.6,218.9
GBIME,5/22/2017,400.0,404.0,390.0,400.0,0.0,14066.0,270.6,218.9
GBIME,5/23/2017,400.0,405.0,390.0,404.0,1.0,47781.0,270.6,218.9
GBIME,5/24/2017,404.0,410.0,395.0,395.0,-2.23,11104.0,270.6,218.9
GBIME,5/28/2017,395.0,400.0,389.0,389.0,-1.52,13121.0,270.6,218.9
GBIME,5/30/2017,389.0,397.0,380.0,389.0,0.0,54053.0,270.6,218.9
GBIME,5/31/2017,389.0,395.0,378.0,388.0,-0.26,24636.0,270.6,218.9
GBIME,6/1/2017,388.0,398.0,381.0,385.0,-0.77,63070.0,270.6,218.9
GBIME,6/4/2017,385.0,391.0,378.0,382.0,-0.78,14450.0,270.6,218.9
GBIME,6/5/2017,382.0,395.0,381.0,388.0,1.57,14172.0,270.6,218.9
GBIME,6/6/2017,388.0,405.0,388.0,405.0,4.38,27313.0,270.6,218.9
GBIME,6/7/2017,405.0,411.0,388.0,393.0,-2.96,18953.0,270.6,218.9
GBIME,6/8/2017,393.0,393.0,385.0,393.0,0.0,7267.0,270.6,218.9
GBIME,6/11/2017,393.0,390.0,378.0,384.0,-2.29,15742.0,270.6,218.9
GBIME,6/12/2017,384.0,387.0,380.0,383.0,-0.26,5281.0,270.6,218.9
GBIME,6/13/2017,383.0,386.0,379.0,379.0,-1.04,16268.0,270.6,218.9
GBIME,6/14/2017,379.0,382.0,375.0,380.0,0.26,13276.0,270.6,218.9
GBIME,6/15/2017,380.0,385.0,378.0,384.0,1.05,16977.0,270.6,218.9
GBIME,6/18/2017,384.0,386.0,382.0,384.0,0.0,1961.0,270.6,218.9
GBIME,6/19/2017,384.0,382.0,375.0,380.0,-1.04,2734.0,270.6,218.9
GBIME,6/20/2017,380.0,381.0,374.0,380.0,0.0,5604.0,270.6,218.9
GBIME,6/21/2017,380.0,385.0,375.0,378.0,-0.53,11254.0,270.6,218.9
GBIME,6/22/2017,378.0,385.0,375.0,376.0,-0.53,42545.0,270.6,218.9
GBIME,6/25/2017,376.0,382.0,376.0,381.0,1.33,8534.0,270.6,218.9
GBIME,6/27/2017,381.0,382.0,377.0,377.0,-1.05,14329.0,270.6,218.9
GBIME,6/28/2017,377.0,385.0,371.0,381.0,1.06,7208.0,270.6,218.9
GBIME,7/2/2017,381.0,383.0,373.0,373.0,-2.1,15227.0,270.6,218.9
GBIME,7/3/2017,373.0,380.0,373.0,378.0,1.34,17681.0,270.6,218.9
GBIME,7/4/2017,378.0,381.0,373.0,375.0,-0.79,10764.0,270.6,218.9
GBIME,7/5/2017,375.0,382.0,373.0,382.0,1.87,11461.0,270.6,218.9
GBIME,7/6/2017,382.0,390.0,385.0,388.0,1.57,10874.0,270.6,218.9
GBIME,7/9/2017,388.0,400.0,380.0,384.0,-1.03,34618.0,270.6,218.9
GBIME,7/10/2017,384.0,388.0,379.0,385.0,0.26,5591.0,270.6,218.9
GBIME,7/11/2017,385.0,389.0,382.0,385.0,0.0,7540.0,270.6,218.9
GBIME,7/12/2017,385.0,392.0,380.0,389.0,1.04,9254.0,270.6,218.9
GBIME,7/13/2017,389.0,392.0,383.0,388.0,-0.26,7137.0,270.6,218.9
GBIME,7/16/2017,388.0,394.0,383.0,385.0,-0.77,11253.0,270.6,218.9
GBIME,7/17/2017,385.0,398.0,388.0,395.0,2.6,41946.0,270.6,218.9
GBIME,7/18/2017,395.0,405.0,398.0,405.0,2.53,29352.0,270.6,218.9
GBIME,7/19/2017,405.0,408.0,400.0,404.0,-0.25,24459.0,270.6,218.9
GBIME,7/20/2017,404.0,405.0,400.0,404.0,0.0,17511.0,270.6,218.9
GBIME,7/23/2017,404.0,404.0,399.0,400.0,-0.99,12718.0,270.6,218.9
GBIME,7/24/2017,400.0,400.0,391.0,391.0,-2.25,17510.0,270.6,218.9
GBIME,7/25/2017,391.0,402.0,386.0,390.0,-0.26,46768.0,270.6,218.9
GBIME,7/26/2017,390.0,408.0,393.0,398.0,2.05,23003.0,270.6,218.9
GBIME,7/27/2017,398.0,404.0,396.0,400.0,0.5,14679.0,270.6,218.9
GBIME,7/30/2017,400.0,407.0,399.0,402.0,0.5,22865.0,270.6,218.9
GBIME,7/31/2017,402.0,410.0,400.0,410.0,1.99,28280.0,270.6,218.9
GBIME,8/1/2017,410.0,410.0,402.0,407.0,-0.73,16804.0,270.6,218.9
GBIME,8/2/2017,407.0,409.0,400.0,404.0,-0.74,46034.0,270.6,218.9
GBIME,8/3/2017,404.0,406.0,402.0,402.0,-0.5,4146.0,270.6,218.9
GBIME,8/6/2017,402.0,405.0,396.0,400.0,-0.5,14837.0,270.6,218.9
GBIME,8/7/2017,400.0,408.0,397.0,398.0,-0.5,13065.0,270.6,218.9
GBIME,8/9/2017,398.0,403.0,397.0,399.0,0.25,18232.0,270.6,218.9
GBIME,8/10/2017,399.0,401.0,393.0,398.0,-0.25,21635.0,270.6,218.9
GBIME,8/13/2017,398.0,400.0,390.0,393.0,-1.26,29444.0,270.6,218.9
GBIME,8/15/2017,393.0,391.0,385.0,387.0,-1.53,55629.0,270.6,218.9
GBIME,8/16/2017,387.0,390.0,385.0,388.0,0.26,29498.0,270.6,218.9
GBIME,8/17/2017,388.0,389.0,386.0,387.0,-0.26,23358.0,270.6,218.9
GBIME,8/20/2017,387.0,391.0,384.0,385.0,-0.52,22798.0,270.6,218.9
GBIME,8/21/2017,385.0,385.0,381.0,383.0,-0.52,8368.0,270.6,218.9
GBIME,8/22/2017,383.0,388.0,382.0,385.0,0.52,12297.0,270.6,218.9
GBIME,8/23/2017,385.0,388.0,383.0,386.0,0.26,10756.0,270.6,218.9
GBIME,8/24/2017,386.0,389.0,385.0,387.0,0.26,14901.0,270.6,218.9
GBIME,8/27/2017,387.0,388.0,384.0,385.0,-0.52,13233.0,270.6,218.9
GBIME,8/28/2017,385.0,390.0,383.0,384.0,-0.26,11618.0,270.6,218.9
GBIME,8/30/2017,384.0,388.0,380.0,380.0,-1.04,17709.0,270.6,218.9
GBIME,8/31/2017,380.0,380.0,375.0,378.0,-0.53,18475.0,270.6,218.9
GBIME,9/4/2017,378.0,382.0,370.0,371.0,-1.85,18881.0,270.6,218.9
GBIME,9/6/2017,371.0,382.0,371.0,376.0,1.35,11757.0,270.6,218.9
GBIME,9/7/2017,376.0,379.0,370.0,374.0,-0.53,19743.0,270.6,218.9
GBIME,9/10/2017,374.0,375.0,370.0,371.0,-0.8,14320.0,270.6,218.9
GBIME,9/11/2017,371.0,373.0,368.0,372.0,0.27,21343.0,270.6,218.9
GBIME,9/12/2017,372.0,372.0,365.0,369.0,-0.81,29850.0,270.6,218.9
GBIME,9/13/2017,369.0,370.0,360.0,362.0,-1.9,35695.0,270.6,218.9
GBIME,9/14/2017,362.0,377.0,358.0,377.0,4.14,22204.0,270.6,218.9
GBIME,9/17/2017,377.0,388.0,371.0,387.0,2.65,26939.0,270.6,218.9
GBIME,9/18/2017,387.0,389.0,378.0,383.0,-1.03,11944.0,270.6,218.9
GBIME,9/20/2017,383.0,390.0,375.0,383.0,0.0,11304.0,270.6,218.9
GBIME,9/24/2017,383.0,383.0,376.0,376.0,-1.83,11022.0,270.6,218.9
GBIME,9/25/2017,376.0,381.0,376.0,379.0,0.8,4935.0,270.6,218.9
GBIME,9/26/2017,379.0,389.0,379.0,381.0,0.53,8700.0,270.6,218.9
GBIME,10/3/2017,381.0,382.0,375.0,375.0,-1.57,1484.0,270.6,218.9
GBIME,10/4/2017,375.0,380.0,373.0,373.0,-0.53,10597.0,270.6,218.9
GBIME,10/8/2017,373.0,375.0,366.0,375.0,0.54,11219.0,270.6,218.9
GBIME,10/9/2017,375.0,385.0,370.0,375.0,0.0,7920.0,270.6,218.9
GBIME,10/10/2017,375.0,379.0,371.0,375.0,0.0,8484.0,270.6,218.9
GBIME,10/11/2017,375.0,378.0,374.0,375.0,0.0,14881.0,270.6,218.9
GBIME,10/12/2017,375.0,381.0,373.0,375.0,0.0,6316.0,270.6,218.9
GBIME,10/15/2017,375.0,380.0,368.0,379.0,1.07,15071.0,270.6,218.9
GBIME,10/16/2017,379.0,395.0,380.0,395.0,4.22,24710.0,270.6,218.9
GBIME,10/17/2017,395.0,395.0,383.0,386.0,-2.28,13494.0,270.6,218.9
GBIME,10/18/2017,386.0,390.0,381.0,387.0,0.26,8640.0,270.6,218.9
GBIME,10/22/2017,387.0,399.0,387.0,392.0,1.29,13174.0,270.6,218.9
GBIME,10/23/2017,392.0,392.0,388.0,391.0,-0.26,11767.0,270.6,218.9
GBIME,10/24/2017,391.0,394.0,387.0,389.0,-0.51,67146.0,270.6,218.9
GBIME,10/25/2017,354.0,349.0,340.0,345.0,-11.31,23858.0,270.6,218.9
GBIME,10/29/2017,345.0,346.0,338.0,340.0,-1.45,8023.0,270.6,218.9
GBIME,10/30/2017,340.0,345.0,336.0,336.0,-1.18,7189.0,270.6,218.9
GBIME,10/31/2017,336.0,338.0,330.0,330.0,-1.79,18935.0,270.6,218.9
GBIME,11/1/2017,330.0,333.0,327.0,329.0,-0.3,11955.0,270.6,218.9
GBIME,11/2/2017,329.0,332.0,327.0,330.0,0.3,12852.0,270.6,218.9
GBIME,11/5/2017,330.0,328.0,323.0,325.0,-1.52,11802.0,270.6,218.9
GBIME,11/6/2017,325.0,328.0,322.0,324.0,-0.31,6614.0,270.6,218.9
GBIME,11/7/2017,324.0,330.0,320.0,321.0,-0.93,25305.0,270.6,218.9
GBIME,11/8/2017,321.0,320.0,314.0,316.0,-1.56,6594.0,270.6,218.9
GBIME,11/9/2017,316.0,316.0,310.0,314.0,-0.63,16367.0,270.6,218.9
GBIME,11/12/2017,314.0,320.0,313.0,317.0,0.96,11164.0,270.6,218.9
GBIME,11/13/2017,317.0,325.0,314.0,319.0,0.63,10616.0,270.6,218.9
GBIME,11/14/2017,319.0,329.0,320.0,326.0,2.19,16468.0,270.6,218.9
GBIME,11/15/2017,326.0,328.0,321.0,322.0,-1.23,8892.0,270.6,218.9
GBIME,11/16/2017,322.0,325.0,314.0,320.0,-0.62,10321.0,270.6,218.9
GBIME,11/19/2017,320.0,324.0,314.0,315.0,-1.56,11375.0,270.6,218.9
GBIME,11/20/2017,315.0,320.0,309.0,316.0,0.32,3287.0,270.6,218.9
GBIME,11/21/2017,316.0,319.0,316.0,318.0,0.63,3877.0,270.6,218.9
GBIME,11/22/2017,318.0,320.0,314.0,319.0,0.31,6449.0,270.6,218.9
GBIME,11/23/2017,319.0,325.0,320.0,320.0,0.31,3751.0,270.6,218.9
GBIME,11/26/2017,320.0,327.0,314.0,327.0,2.19,26758.0,270.6,218.9
GBIME,11/27/2017,327.0,330.0,322.0,325.0,-0.61,10505.0,270.6,218.9
GBIME,11/28/2017,325.0,327.0,322.0,327.0,0.62,7439.0,270.6,218.9
GBIME,11/29/2017,327.0,331.0,326.0,328.0,0.31,14710.0,270.6,218.9
GBIME,11/30/2017,328.0,325.0,319.0,324.0,-1.22,8659.0,270.6,218.9
GBIME,12/4/2017,324.0,331.0,326.0,328.0,1.23,21221.0,270.6,218.9
GBIME,12/5/2017,328.0,334.0,326.0,331.0,0.91,5453.0,270.6,218.9
GBIME,12/6/2017,331.0,334.0,330.0,333.0,0.6,10910.0,270.6,218.9
GBIME,12/10/2017,333.0,338.0,328.0,330.0,-0.9,19387.0,270.6,218.9
GBIME,12/11/2017,330.0,333.0,328.0,333.0,0.91,11706.0,270.6,218.9
GBIME,12/12/2017,333.0,333.0,327.0,332.0,-0.3,181332.0,270.6,218.9
GBIME,12/13/2017,332.0,334.0,325.0,334.0,0.6,163899.0,270.6,218.9
GBIME,12/14/2017,334.0,334.0,328.0,330.0,-1.2,105790.0,270.6,218.9
GBIME,12/17/2017,330.0,330.0,325.0,326.0,-1.21,123952.0,270.6,218.9
GBIME,12/18/2017,326.0,330.0,325.0,327.0,0.31,9378.0,270.6,218.9
GBIME,12/19/2017,327.0,332.0,322.0,326.0,-0.31,9438.0,270.6,218.9
GBIME,12/20/2017,326.0,327.0,320.0,322.0,-1.23,8706.0,270.6,218.9
GBIME,12/21/2017,322.0,323.0,317.0,321.0,-0.31,35391.0,270.6,218.9
GBIME,12/24/2017,321.0,323.0,320.0,321.0,0.0,10667.0,270.6,218.9
GBIME,12/26/2017,321.0,322.0,315.0,316.0,-1.56,9705.0,270.6,218.9
GBIME,12/27/2017,316.0,317.0,310.0,317.0,0.32,15469.0,270.6,218.9
GBIME,12/28/2017,317.0,320.0,310.0,320.0,0.95,11328.0,270.6,218.9
GBIME,12/31/2017,320.0,320.0,311.0,313.0,-2.19,16951.0,270.6,218.9
GBIME,1/1/2018,313.0,321.0,312.0,321.0,2.56,10959.0,270.6,218.9
GBIME,1/2/2018,321.0,323.0,316.0,316.0,-1.56,10538.0,270.6,218.9
GBIME,1/3/2018,316.0,320.0,312.0,313.0,-0.95,7763.0,270.6,218.9
GBIME,1/4/2018,313.0,317.0,312.0,316.0,0.96,6352.0,270.6,218.9
GBIME,1/7/2018,316.0,318.0,315.0,317.0,0.32,11142.0,270.6,218.9
GBIME,1/8/2018,317.0,318.0,313.0,316.0,-0.32,16439.0,270.6,218.9
GBIME,1/9/2018,316.0,320.0,315.0,319.0,0.95,8550.0,270.6,218.9
GBIME,1/10/2018,319.0,324.0,316.0,316.0,-0.94,4381.0,270.6,218.9
GBIME,1/14/2018,316.0,317.0,314.0,315.0,-0.32,15107.0,270.6,218.9
GBIME,1/16/2018,315.0,316.0,311.0,314.0,-0.32,5443.0,270.6,218.9
GBIME,1/17/2018,314.0,314.0,311.0,311.0,-0.96,9227.0,270.6,218.9
GBIME,1/21/2018,311.0,315.0,310.0,312.0,0.32,8214.0,270.6,218.9
GBIME,1/22/2018,312.0,313.0,308.0,313.0,0.32,8543.0,270.6,218.9
GBIME,1/23/2018,313.0,319.0,311.0,313.0,0.0,5468.0,270.6,218.9
GBIME,1/24/2018,313.0,317.0,310.0,317.0,1.28,7917.0,270.6,218.9
GBIME,1/25/2018,317.0,317.0,312.0,314.0,-0.95,3861.0,270.6,218.9
GBIME,1/28/2018,314.0,326.0,318.0,320.0,1.91,14486.0,270.6,218.9
GBIME,1/29/2018,320.0,320.0,317.0,318.0,-0.62,9113.0,270.6,218.9
GBIME,1/31/2018,318.0,322.0,318.0,318.0,0.0,16148.0,270.6,218.9
GBIME,2/1/2018,318.0,322.0,318.0,321.0,0.94,14073.0,270.6,218.9
GBIME,2/4/2018,321.0,328.0,320.0,325.0,1.25,13219.0,270.6,218.9
GBIME,2/5/2018,325.0,328.0,321.0,321.0,-1.23,7821.0,270.6,218.9
GBIME,2/6/2018,321.0,324.0,320.0,321.0,0.0,6442.0,270.6,218.9
GBIME,2/7/2018,321.0,321.0,318.0,320.0,-0.31,4999.0,270.6,218.9
GBIME,2/8/2018,320.0,325.0,321.0,324.0,1.25,7514.0,270.6,218.9
GBIME,2/11/2018,324.0,325.0,320.0,322.0,-0.62,4287.0,270.6,218.9
GBIME,2/12/2018,322.0,323.0,320.0,322.0,0.0,14955.0,270.6,218.9
GBIME,2/14/2018,322.0,324.0,320.0,324.0,0.62,12708.0,270.6,218.9
GBIME,2/15/2018,324.0,335.0,323.0,331.0,2.16,16541.0,270.6,218.9
GBIME,2/18/2018,328.0,337.0,326.0,331.0,0.0,41861.0,270.6,218.9
GBIME,2/20/2018,331.0,333.0,324.0,324.0,-2.11,35568.0,270.6,218.9
GBIME,2/21/2018,320.0,324.0,320.0,321.0,-0.93,22219.0,270.6,218.9
GBIME,2/22/2018,317.0,324.0,316.0,321.0,0.0,21728.0,270.6,218.9
GBIME,2/25/2018,320.0,323.0,319.0,319.0,-0.62,17378.0,270.6,218.9
GBIME,2/26/2018,321.0,321.0,317.0,320.0,0.31,19980.0,270.6,218.9
GBIME,2/27/2018,319.0,325.0,318.0,322.0,0.63,50577.0,270.6,218.9
GBIME,2/28/2018,320.0,321.0,317.0,319.0,-0.93,32340.0,270.6,218.9
GBIME,3/4/2018,313.0,318.0,306.0,311.0,-2.51,42240.0,270.6,218.9
GBIME,3/5/2018,317.0,317.0,308.0,309.0,-0.64,44254.0,270.6,218.9
GBIME,3/6/2018,310.0,313.0,305.0,312.0,0.97,15348.0,270.6,218.9
GBIME,3/7/2018,312.0,317.0,311.0,315.0,0.96,15937.0,270.6,218.9
GBIME,3/11/2018,312.0,312.0,305.0,305.0,-3.17,17730.0,270.6,218.9
GBIME,3/12/2018,304.0,316.0,304.0,310.0,1.64,16358.0,270.6,218.9
GBIME,3/13/2018,310.0,313.0,310.0,312.0,0.65,3639.0,270.6,218.9
GBIME,3/14/2018,313.0,313.0,309.0,312.0,0.0,9353.0,270.6,218.9
GBIME,3/15/2018,310.0,315.0,310.0,315.0,0.96,9814.0,270.6,218.9
GBIME,3/18/2018,318.0,318.0,312.0,313.0,-0.63,11419.0,270.6,218.9
GBIME,3/19/2018,315.0,315.0,311.0,311.0,-0.64,12756.0,270.6,218.9
GBIME,3/20/2018,313.0,313.0,309.0,310.0,-0.32,18194.0,270.6,218.9
GBIME,3/21/2018,308.0,310.0,302.0,304.0,-1.94,23576.0,270.6,218.9
GBIME,3/22/2018,301.0,307.0,300.0,305.0,0.33,39788.0,270.6,218.9
GBIME,3/26/2018,300.0,304.0,293.0,294.0,-3.61,26133.0,270.6,218.9
GBIME,3/27/2018,294.0,305.0,285.0,302.0,2.72,17995.0,270.6,218.9
GBIME,3/28/2018,306.0,312.0,295.0,300.0,-0.66,18946.0,270.6,218.9
GBIME,3/29/2018,300.0,305.0,300.0,304.0,1.33,24595.0,270.6,218.9
GBIME,4/1/2018,303.0,303.0,293.0,299.0,-1.64,17951.0,270.6,218.9
GBIME,4/2/2018,295.0,300.0,295.0,300.0,0.33,6300.0,270.6,218.9
GBIME,4/3/2018,299.0,301.0,295.0,300.0,0.0,22483.0,270.6,218.9
GBIME,4/4/2018,300.0,306.0,300.0,306.0,2.0,32476.0,270.6,218.9
GBIME,4/5/2018,312.0,312.0,302.0,308.0,0.65,43893.0,270.6,218.9
GBIME,4/8/2018,313.0,323.0,308.0,316.0,2.6,57494.0,270.6,218.9
GBIME,4/9/2018,320.0,320.0,311.0,311.0,-1.58,27498.0,270.6,218.9
GBIME,4/10/2018,313.0,315.0,307.0,309.0,-0.64,10553.0,270.6,218.9
GBIME,4/11/2018,310.0,311.0,307.0,310.0,0.32,15697.0,270.6,218.9
GBIME,4/12/2018,311.0,315.0,309.0,311.0,0.32,11123.0,270.6,218.9
GBIME,4/15/2018,317.0,317.0,306.0,309.0,-0.64,8128.0,270.6,218.9
GBIME,4/16/2018,314.0,314.0,309.0,309.0,0.0,10002.0,270.6,218.9
GBIME,4/17/2018,312.0,316.0,309.0,314.0,1.62,28055.0,270.6,218.9
GBIME,4/18/2018,317.0,330.0,314.0,319.0,1.59,67775.0,270.6,218.9
GBIME,4/19/2018,316.0,329.0,316.0,328.0,2.82,69015.0,270.6,218.9
GBIME,4/22/2018,330.0,340.0,328.0,338.0,3.05,60206.0,270.6,218.9
GBIME,4/23/2018,335.0,344.0,325.0,326.0,-3.55,53010.0,270.6,218.9
GBIME,4/24/2018,326.0,330.0,321.0,324.0,-0.61,20005.0,270.6,218.9
GBIME,4/25/2018,321.0,324.0,319.0,321.0,-0.93,66710.0,270.6,218.9
GBIME,4/26/2018,325.0,327.0,318.0,319.0,-0.62,28633.0,270.6,218.9
GBIME,4/29/2018,315.0,320.0,315.0,317.0,-0.63,14957.0,270.6,218.9
GBIME,5/2/2018,316.0,320.0,315.0,320.0,0.95,8317.0,270.6,218.9
GBIME,5/3/2018,317.0,321.0,317.0,320.0,0.0,31502.0,270.6,218.9
GBIME,5/6/2018,317.0,319.0,314.0,315.0,-1.56,11432.0,270.6,218.9
GBIME,5/7/2018,314.0,316.0,312.0,314.0,-0.32,12044.0,270.6,218.9
GBIME,5/8/2018,314.0,318.0,313.0,317.0,0.96,11969.0,270.6,218.9
GBIME,5/9/2018,312.0,321.0,312.0,317.0,0.0,4214.0,270.6,218.9
GBIME,5/10/2018,319.0,321.0,314.0,315.0,-0.63,19477.0,270.6,218.9
GBIME,5/14/2018,310.0,316.0,310.0,315.0,0.0,8337.0,270.6,218.9
GBIME,5/15/2018,320.0,320.0,310.0,313.0,-0.63,6113.0,270.6,218.9
GBIME,5/16/2018,312.0,313.0,310.0,312.0,-0.32,25182.0,270.6,218.9
GBIME,5/17/2018,312.0,314.0,311.0,311.0,-0.32,23164.0,270.6,218.9
GBIME,5/20/2018,315.0,317.0,310.0,311.0,0.0,7961.0,270.6,218.9
GBIME,5/21/2018,310.0,312.0,309.0,309.0,-0.64,9475.0,270.6,218.9
GBIME,5/22/2018,310.0,312.0,310.0,310.0,0.32,6424.0,270.6,218.9
GBIME,5/23/2018,307.0,310.0,306.0,308.0,-0.65,6727.0,270.6,218.9
GBIME,5/24/2018,308.0,309.0,303.0,303.0,-1.62,25104.0,270.6,218.9
GBIME,5/27/2018,303.0,305.0,300.0,302.0,-0.33,153022.0,270.6,218.9
GBIME,5/28/2018,300.0,311.0,300.0,311.0,2.98,48292.0,270.6,218.9
GBIME,5/29/2018,310.0,310.0,305.0,306.0,-1.61,19753.0,270.6,218.9
GBIME,5/30/2018,306.0,314.0,306.0,308.0,0.65,6429.0,270.6,218.9
GBIME,5/31/2018,310.0,310.0,303.0,303.0,-1.62,12517.0,270.6,218.9
GBIME,6/3/2018,304.0,308.0,298.0,300.0,-0.99,26812.0,270.6,218.9
GBIME,6/4/2018,301.0,304.0,300.0,300.0,0.0,10887.0,270.6,218.9
GBIME,6/6/2018,306.0,307.0,300.0,300.0,0.0,3325.0,270.6,218.9
GBIME,6/7/2018,299.0,304.0,296.0,300.0,0.0,19322.0,270.6,218.9
GBIME,6/10/2018,300.0,300.0,292.0,292.0,-2.67,18772.0,270.6,218.9
GBIME,6/11/2018,292.0,300.0,290.0,300.0,2.74,20637.0,270.6,218.9
GBIME,6/12/2018,302.0,302.0,293.0,300.0,0.0,26745.0,270.6,218.9
GBIME,6/13/2018,298.0,298.0,294.0,295.0,-1.67,3797.0,270.6,218.9
GBIME,6/14/2018,294.0,300.0,294.0,297.0,0.68,8129.0,270.6,218.9
GBIME,6/17/2018,298.0,298.0,294.0,294.0,-1.01,6440.0,270.6,218.9
GBIME,6/18/2018,294.0,296.0,290.0,296.0,0.68,7305.0,270.6,218.9
GBIME,6/19/2018,298.0,298.0,286.0,290.0,-2.03,12431.0,270.6,218.9
GBIME,6/20/2018,291.0,293.0,289.0,291.0,0.34,1963.0,270.6,218.9
GBIME,6/21/2018,292.0,294.0,288.0,290.0,-0.34,4480.0,270.6,218.9
GBIME,6/24/2018,293.0,294.0,288.0,289.0,-0.34,5871.0,270.6,218.9
GBIME,6/25/2018,290.0,290.0,287.0,290.0,0.35,4993.0,270.6,218.9
GBIME,6/26/2018,288.0,290.0,285.0,286.0,-1.38,14436.0,270.6,218.9
GBIME,6/27/2018,283.0,288.0,282.0,288.0,0.7,7890.0,270.6,218.9
GBIME,6/28/2018,286.0,289.0,285.0,289.0,0.35,7302.0,270.6,218.9
GBIME,7/1/2018,293.0,293.0,280.0,280.0,-3.11,14524.0,270.6,218.9
GBIME,7/2/2018,280.0,284.0,275.0,284.0,1.43,63170.0,270.6,218.9
GBIME,7/3/2018,281.0,288.0,280.0,282.0,-0.7,2693.0,270.6,218.9
GBIME,7/4/2018,283.0,285.0,280.0,284.0,0.71,9276.0,270.6,218.9
GBIME,7/5/2018,284.0,290.0,280.0,290.0,2.11,12677.0,270.6,218.9
GBIME,7/8/2018,289.0,294.0,289.0,289.0,-0.34,15280.0,270.6,218.9
GBIME,7/9/2018,290.0,290.0,285.0,290.0,0.35,4597.0,270.6,218.9
GBIME,7/10/2018,288.0,299.0,288.0,295.0,1.72,16726.0,270.6,218.9
GBIME,7/11/2018,295.0,296.0,288.0,288.0,-2.37,13780.0,270.6,218.9
GBIME,7/12/2018,286.0,289.0,281.0,284.0,-1.39,24565.0,270.6,218.9
GBIME,7/15/2018,285.0,290.0,283.0,289.0,1.76,3469.0,270.6,218.9
GBIME,7/16/2018,286.0,293.0,286.0,290.0,0.35,30735.0,270.6,218.9
GBIME,7/17/2018,290.0,293.0,289.0,290.0,0.0,10504.0,270.6,218.9
GBIME,7/18/2018,289.0,292.0,289.0,290.0,0.0,5339.0,270.6,218.9
GBIME,7/19/2018,290.0,293.0,287.0,290.0,0.0,5000.0,270.6,218.9
GBIME,7/22/2018,291.0,291.0,285.0,285.0,-1.72,4826.0,270.6,218.9
GBIME,7/23/2018,285.0,287.0,284.0,287.0,0.7,19973.0,270.6,218.9
GBIME,7/24/2018,292.0,292.0,287.0,287.0,0.0,8501.0,270.6,218.9
GBIME,7/25/2018,289.0,290.0,285.0,285.0,-0.7,2159.0,270.6,218.9
GBIME,7/26/2018,290.0,290.0,284.0,287.0,0.7,11903.0,270.6,218.9
GBIME,7/29/2018,287.0,288.0,284.0,288.0,0.35,5401.0,270.6,218.9
GBIME,7/30/2018,285.0,290.0,284.0,285.0,-1.04,5764.0,270.6,218.9
GBIME,7/31/2018,290.0,295.0,284.0,285.0,0.0,13292.0,270.6,218.9
GBIME,8/1/2018,290.0,290.0,286.0,286.0,0.35,2329.0,270.6,218.9
GBIME,8/2/2018,287.0,294.0,287.0,293.0,2.45,37623.0,270.6,218.9
GBIME,8/5/2018,293.0,296.0,292.0,295.0,0.68,8898.0,270.6,218.9
GBIME,8/6/2018,299.0,299.0,293.0,295.0,0.0,9287.0,270.6,218.9
GBIME,8/7/2018,300.0,300.0,294.0,294.0,-0.34,12539.0,270.6,218.9
GBIME,8/8/2018,294.0,295.0,293.0,295.0,0.34,9677.0,270.6,218.9
GBIME,8/9/2018,296.0,299.0,290.0,290.0,-1.69,15897.0,270.6,218.9
GBIME,8/12/2018,290.0,293.0,286.0,286.0,-1.38,18636.0,270.6,218.9
GBIME,8/13/2018,291.0,294.0,288.0,291.0,1.75,9845.0,270.6,218.9
GBIME,8/14/2018,296.0,296.0,288.0,295.0,1.37,14185.0,270.6,218.9
GBIME,8/15/2018,300.0,303.0,292.0,300.0,1.69,41825.0,270.6,218.9
GBIME,8/16/2018,303.0,303.0,295.0,300.0,0.0,19896.0,270.6,218.9
GBIME,8/19/2018,304.0,304.0,295.0,295.0,-1.67,27052.0,270.6,218.9
GBIME,8/20/2018,295.0,300.0,291.0,300.0,1.69,22500.0,270.6,218.9
GBIME,8/21/2018,296.0,299.0,290.0,294.0,-2.0,39965.0,270.6,218.9
GBIME,8/22/2018,290.0,294.0,290.0,294.0,0.0,16354.0,270.6,218.9
GBIME,8/23/2018,290.0,295.0,290.0,294.0,0.0,18802.0,270.6,218.9
GBIME,8/26/2018,290.0,299.0,290.0,294.0,0.0,11066.0,270.6,218.9
GBIME,8/28/2018,294.0,299.0,292.0,295.0,0.34,6173.0,270.6,218.9
GBIME,8/29/2018,290.0,297.0,292.0,293.0,-0.68,11161.0,270.6,218.9
GBIME,8/30/2018,292.0,299.0,291.0,296.0,1.02,3421.0,270.6,218.9
GBIME,9/2/2018,300.0,303.0,296.0,300.0,1.35,18043.0,270.6,218.9
GBIME,9/3/2018,301.0,307.0,301.0,305.0,1.67,27171.0,270.6,218.9
GBIME,9/4/2018,309.0,309.0,300.0,305.0,0.0,21409.0,270.6,218.9
GBIME,9/5/2018,310.0,320.0,305.0,309.0,1.31,44022.0,270.6,218.9
GBIME,9/6/2018,315.0,320.0,308.0,308.0,-0.32,40465.0,270.6,218.9
GBIME,9/9/2018,307.0,310.0,306.0,306.0,-0.65,39758.0,270.6,218.9
GBIME,9/10/2018,312.0,312.0,301.0,305.0,-0.33,68132.0,270.6,218.9
GBIME,9/11/2018,311.0,311.0,302.0,308.0,0.98,15578.0,270.6,218.9
GBIME,9/12/2018,311.0,316.0,307.0,316.0,2.6,118794.0,270.6,218.9
GBIME,9/13/2018,320.0,321.0,317.0,318.0,0.63,56529.0,270.6,218.9
GBIME,9/16/2018,324.0,331.0,320.0,325.0,2.2,66770.0,270.6,218.9
GBIME,9/17/2018,330.0,330.0,317.0,319.0,-1.85,26225.0,270.6,218.9
GBIME,9/18/2018,322.0,322.0,317.0,317.0,-0.63,18324.0,270.6,218.9
GBIME,9/20/2018,323.0,323.0,315.0,316.0,-0.32,14965.0,270.6,218.9
GBIME,9/23/2018,316.0,325.0,314.0,322.0,1.9,201838.0,270.6,218.9
GBIME,9/25/2018,324.0,332.0,323.0,326.0,1.24,54246.0,270.6,218.9
GBIME,9/26/2018,328.0,329.0,322.0,324.0,-0.61,36674.0,270.6,218.9
GBIME,9/27/2018,320.0,325.0,320.0,322.0,-0.62,18347.0,270.6,218.9
GBIME,9/30/2018,321.0,322.0,318.0,320.0,-0.62,202822.0,270.6,218.9
GBIME,10/1/2018,320.0,320.0,315.0,316.0,-1.25,14798.0,270.6,218.9
GBIME,10/2/2018,317.0,320.0,315.0,316.0,0.0,115797.0,270.6,218.9
GBIME,10/3/2018,316.0,319.0,312.0,314.0,-0.63,36170.0,270.6,218.9
GBIME,10/4/2018,319.0,319.0,312.0,314.0,0.0,23101.0,270.6,218.9
GBIME,10/7/2018,312.0,313.0,310.0,310.0,-1.27,29811.0,270.6,218.9
GBIME,10/8/2018,311.0,315.0,310.0,315.0,1.61,16000.0,270.6,218.9
GBIME,10/9/2018,313.0,318.0,313.0,316.0,0.32,21631.0,270.6,218.9
GBIME,10/10/2018,312.0,314.0,311.0,312.0,-1.27,11171.0,270.6,218.9
GBIME,10/11/2018,310.0,316.0,310.0,316.0,1.28,8159.0,270.6,218.9
GBIME,10/14/2018,316.0,319.0,316.0,317.0,0.32,2332.0,270.6,218.9
GBIME,10/15/2018,318.0,319.0,315.0,318.0,0.32,14713.0,270.6,218.9
GBIME,10/21/2018,317.0,319.0,317.0,318.0,0.0,4941.0,270.6,218.9
GBIME,10/22/2018,317.0,318.0,316.0,318.0,0.0,1937.0,270.6,218.9
GBIME,10/23/2018,318.0,318.0,314.0,317.0,-0.31,6845.0,270.6,218.9
GBIME,10/24/2018,317.0,320.0,315.0,320.0,0.95,13431.0,270.6,218.9
GBIME,10/25/2018,317.0,320.0,316.0,319.0,-0.31,9252.0,270.6,218.9
GBIME,10/28/2018,320.0,320.0,310.0,314.0,-1.57,75372.0,270.6,218.9
GBIME,10/29/2018,311.0,312.0,309.0,311.0,-0.96,8899.0,270.6,218.9
GBIME,10/30/2018,310.0,313.0,310.0,313.0,0.64,18460.0,270.6,218.9
GBIME,10/31/2018,310.0,313.0,310.0,313.0,0.0,6845.0,270.6,218.9
GBIME,11/1/2018,315.0,315.0,310.0,312.0,-0.32,29070.0,270.6,218.9
GBIME,11/4/2018,315.0,315.0,310.0,311.0,-0.32,6404.0,270.6,218.9
GBIME,11/5/2018,308.0,321.0,308.0,318.0,2.25,16784.0,270.6,218.9
GBIME,11/6/2018,318.0,318.0,311.0,315.0,-0.94,1824.0,270.6,218.9
GBIME,11/11/2018,315.0,315.0,311.0,311.0,-1.27,763.0,270.6,218.9
GBIME,11/12/2018,310.0,315.0,308.0,315.0,1.29,3484.0,270.6,218.9
GBIME,11/13/2018,315.0,317.0,314.0,315.0,0.0,8790.0,270.6,218.9
GBIME,11/14/2018,315.0,318.0,314.0,317.0,0.63,4658.0,270.6,218.9
GBIME,11/15/2018,315.0,318.0,314.0,314.0,-0.95,13666.0,270.6,218.9
GBIME,11/18/2018,314.0,317.0,308.0,315.0,0.32,10341.0,270.6,218.9
GBIME,11/19/2018,314.0,316.0,311.0,316.0,0.32,8638.0,270.6,218.9
GBIME,11/20/2018,316.0,316.0,313.0,313.0,-0.95,5005.0,270.6,218.9
GBIME,11/21/2018,310.0,313.0,309.0,313.0,0.0,56591.0,270.6,218.9
GBIME,11/22/2018,315.0,315.0,311.0,311.0,-0.64,6479.0,270.6,218.9
GBIME,11/25/2018,310.0,312.0,310.0,310.0,-0.32,3361.0,270.6,218.9
GBIME,11/26/2018,312.0,314.0,308.0,314.0,1.29,45636.0,270.6,218.9
GBIME,11/27/2018,315.0,315.0,310.0,311.0,-0.96,7127.0,270.6,218.9
GBIME,11/28/2018,306.0,312.0,306.0,308.0,-0.96,25997.0,270.6,218.9
GBIME,11/29/2018,309.0,309.0,307.0,307.0,-0.32,9111.0,270.6,218.9
GBIME,12/2/2018,306.0,307.0,300.0,302.0,-1.63,63621.0,270.6,218.9
GBIME,12/3/2018,308.0,309.0,304.0,307.0,1.66,19941.0,270.6,218.9
GBIME,12/4/2018,304.0,320.0,304.0,316.0,2.93,108401.0,270.6,218.9
GBIME,12/5/2018,318.0,318.0,310.0,312.0,-1.27,91259.0,270.6,218.9
GBIME,12/6/2018,308.0,316.0,308.0,314.0,0.64,57215.0,270.6,218.9
GBIME,12/9/2018,314.0,318.0,314.0,317.0,0.96,16030.0,270.6,218.9
GBIME,12/10/2018,316.0,319.0,315.0,317.0,0.0,119217.0,270.6,218.9
GBIME,12/11/2018,318.0,318.0,315.0,315.0,-0.63,17474.0,270.6,218.9
GBIME,12/12/2018,315.0,317.0,314.0,317.0,0.63,3521.0,270.6,218.9
GBIME,12/13/2018,317.0,319.0,316.0,318.0,0.32,18842.0,270.6,218.9
GBIME,12/16/2018,322.0,322.0,317.0,320.0,0.63,22252.0,270.6,218.9
GBIME,12/17/2018,322.0,323.0,317.0,320.0,0.0,29210.0,270.6,218.9
GBIME,12/18/2018,326.0,326.0,316.0,316.0,-1.25,58163.0,270.6,218.9
GBIME,12/19/2018,316.0,319.0,313.0,316.0,0.0,21890.0,270.6,218.9
GBIME,12/20/2018,319.0,321.0,316.0,318.0,0.63,46980.0,270.6,218.9
GBIME,12/23/2018,320.0,330.0,320.0,323.0,1.57,58274.0,270.6,218.9
GBIME,12/24/2018,325.0,325.0,319.0,320.0,-0.93,63519.0,270.6,218.9
GBIME,12/25/2018,320.0,323.0,320.0,321.0,0.31,29469.0,270.6,218.9
GBIME,12/26/2018,325.0,331.0,320.0,328.0,2.18,70717.0,270.6,218.9
GBIME,12/27/2018,334.0,336.0,324.0,324.0,-1.22,162813.0,270.6,218.9
GBIME,12/30/2018,280.0,289.0,279.0,281.0,-13.27,45201.0,270.6,218.9
GBIME,12/31/2018,286.0,286.0,277.0,277.0,-1.42,22770.0,270.6,218.9
GBIME,1/1/2019,278.0,278.0,272.0,272.0,-1.81,6979.0,270.6,218.9
GBIME,1/2/2019,273.0,273.0,270.0,270.0,-0.74,14853.0,270.6,218.9
GBIME,1/3/2019,275.0,275.0,268.0,268.0,-0.74,7625.0,270.6,218.9
GBIME,1/6/2019,270.0,270.0,266.0,269.0,0.37,6574.0,270.6,218.9
GBIME,1/7/2019,269.0,270.0,268.0,269.0,0.0,3881.0,270.6,218.9
GBIME,1/8/2019,274.0,279.0,269.0,269.0,0.0,9291.0,270.6,218.9
GBIME,1/9/2019,269.0,271.0,269.0,269.0,0.0,9532.0,270.6,218.9
GBIME,1/10/2019,270.0,272.0,269.0,269.0,0.0,8535.0,270.6,218.9
GBIME,1/13/2019,270.0,273.0,268.0,270.0,0.37,8261.0,270.6,218.9
GBIME,1/14/2019,270.0,271.0,269.0,270.0,0.0,4417.0,270.6,218.9
GBIME,1/15/2019,270.0,272.0,269.0,269.0,-0.37,6634.0,270.6,218.9
GBIME,1/16/2019,270.0,270.0,264.0,267.0,-0.74,7759.0,270.6,218.9
GBIME,1/17/2019,267.0,269.0,266.0,268.0,0.37,4500.0,270.6,218.9
GBIME,1/20/2019,266.0,267.0,264.0,266.0,-0.75,1000.0,270.6,218.9
GBIME,1/21/2019,265.0,267.0,259.0,261.0,-1.88,17771.0,270.6,218.9
GBIME,1/22/2019,259.0,266.0,259.0,263.0,0.77,6171.0,270.6,218.9
GBIME,1/23/2019,263.0,265.0,263.0,265.0,0.76,3202.0,270.6,218.9
GBIME,1/24/2019,265.0,266.0,261.0,263.0,-0.75,13792.0,270.6,218.9
GBIME,1/27/2019,262.0,263.0,260.0,261.0,-0.76,15771.0,270.6,218.9
GBIME,1/28/2019,260.0,264.0,260.0,262.0,0.38,8553.0,270.6,218.9
GBIME,1/29/2019,261.0,263.0,260.0,262.0,0.0,8936.0,270.6,218.9
GBIME,1/30/2019,260.0,268.0,260.0,268.0,2.29,13549.0,270.6,218.9
GBIME,1/31/2019,273.0,274.0,268.0,270.0,0.75,14459.0,270.6,218.9
GBIME,2/3/2019,266.0,278.0,265.0,265.0,-1.85,21859.0,270.6,218.9
GBIME,2/4/2019,268.0,268.0,263.0,264.0,-0.38,6545.0,270.6,218.9
GBIME,2/5/2019,264.0,270.0,262.0,266.0,0.76,9849.0,270.6,218.9
GBIME,2/6/2019,263.0,266.0,263.0,265.0,-0.38,9548.0,270.6,218.9
GBIME,2/7/2019,268.0,270.0,262.0,264.0,-0.38,4405.0,270.6,218.9
GBIME,2/10/2019,268.0,268.0,261.0,262.0,-0.76,10520.0,270.6,218.9
GBIME,2/11/2019,260.0,265.0,260.0,261.0,-0.38,5589.0,270.6,218.9
GBIME,2/12/2019,265.0,265.0,261.0,263.0,0.77,5061.0,270.6,218.9
GBIME,2/13/2019,266.0,266.0,260.0,262.0,-0.38,4404.0,270.6,218.9
GBIME,2/14/2019,265.0,265.0,258.0,259.0,-1.15,8517.0,270.6,218.9
GBIME,2/17/2019,260.0,261.0,259.0,261.0,0.77,2409.0,270.6,218.9
GBIME,2/18/2019,259.0,260.0,256.0,260.0,-0.38,6817.0,270.6,218.9
GBIME,2/19/2019,258.0,262.0,257.0,262.0,0.77,7100.0,270.6,218.9
GBIME,2/20/2019,260.0,264.0,259.0,259.0,-1.15,6661.0,270.6,218.9
GBIME,2/21/2019,262.0,262.0,256.0,260.0,0.39,3452.0,270.6,218.9
GBIME,2/24/2019,265.0,265.0,257.0,257.0,-1.15,7532.0,270.6,218.9
GBIME,2/25/2019,257.0,260.0,255.0,260.0,1.17,6543.0,270.6,218.9
GBIME,2/26/2019,263.0,263.0,257.0,257.0,-1.15,5250.0,270.6,218.9
GBIME,2/27/2019,257.0,261.0,257.0,260.0,1.17,9381.0,270.6,218.9
GBIME,3/3/2019,262.0,262.0,257.0,258.0,-0.77,9983.0,270.6,218.9
GBIME,3/5/2019,256.0,261.0,256.0,260.0,0.78,8168.0,270.6,218.9
GBIME,3/6/2019,259.0,261.0,259.0,261.0,0.38,7998.0,270.6,218.9
GBIME,3/7/2019,261.0,265.0,260.0,264.0,1.15,6764.0,270.6,218.9
GBIME,3/10/2019,264.0,264.0,261.0,263.0,-0.38,2553.0,270.6,218.9
GBIME,3/11/2019,264.0,265.0,260.0,265.0,0.76,8348.0,270.6,218.9
GBIME,3/12/2019,267.0,271.0,264.0,270.0,1.89,40085.0,270.6,218.9
GBIME,3/13/2019,274.0,274.0,267.0,267.0,-1.11,31583.0,270.6,218.9
GBIME,3/14/2019,266.0,270.0,266.0,267.0,0.0,6169.0,270.6,218.9
GBIME,3/17/2019,270.0,270.0,267.0,270.0,1.12,9719.0,270.6,218.9
GBIME,3/18/2019,270.0,270.0,267.0,268.0,-0.74,6596.0,270.6,218.9
GBIME,3/19/2019,266.0,266.0,263.0,264.0,-1.49,4975.0,270.6,218.9
GBIME,3/21/2019,262.0,263.0,260.0,262.0,-0.76,6910.0,270.6,218.9
GBIME,3/24/2019,263.0,263.0,259.0,260.0,-0.76,22338.0,270.6,218.9
GBIME,3/25/2019,260.0,262.0,259.0,262.0,0.77,10239.0,270.6,218.9
GBIME,3/26/2019,262.0,264.0,260.0,261.0,-0.38,8077.0,270.6,218.9
GBIME,3/27/2019,262.0,263.0,260.0,262.0,0.38,4716.0,270.6,218.9
GBIME,3/28/2019,259.0,262.0,259.0,261.0,-0.38,22818.0,270.6,218.9
GBIME,3/31/2019,261.0,263.0,260.0,261.0,0.0,6901.0,270.6,218.9
GBIME,4/1/2019,261.0,269.0,261.0,264.0,1.15,8317.0,270.6,218.9
GBIME,4/2/2019,266.0,269.0,264.0,268.0,1.52,12895.0,270.6,218.9
GBIME,4/3/2019,267.0,271.0,264.0,267.0,-0.37,21473.0,270.6,218.9
GBIME,4/4/2019,265.0,274.0,265.0,272.0,1.87,36987.0,270.6,218.9
GBIME,4/7/2019,275.0,279.0,266.0,278.0,2.21,26194.0,270.6,218.9
GBIME,4/8/2019,278.0,284.0,275.0,276.0,-0.72,54696.0,270.6,218.9
GBIME,4/9/2019,278.0,278.0,271.0,271.0,-1.81,39643.0,270.6,218.9
GBIME,4/10/2019,273.0,276.0,271.0,272.0,0.37,24412.0,270.6,218.9
GBIME,4/11/2019,272.0,273.0,271.0,271.0,-0.37,20410.0,270.6,218.9
GBIME,4/15/2019,272.0,273.0,271.0,271.0,0.0,5575.0,270.6,218.9
GBIME,4/16/2019,272.0,282.0,272.0,282.0,4.06,33102.0,270.6,218.9
GBIME,4/17/2019,287.0,290.0,280.0,286.0,1.42,60675.0,270.6,218.9
GBIME,4/18/2019,291.0,300.0,287.0,294.0,2.8,72939.0,270.6,218.9
GBIME,4/21/2019,295.0,302.0,291.0,302.0,2.72,52760.0,270.6,218.9
GBIME,4/22/2019,307.0,308.0,292.0,297.0,-1.66,79205.0,270.6,218.9
GBIME,4/23/2019,297.0,302.0,295.0,302.0,1.68,53672.0,270.6,218.9
GBIME,4/24/2019,297.0,324.0,297.0,320.0,5.96,227460.0,270.6,218.9
GBIME,4/25/2019,321.0,329.0,319.0,322.0,0.63,90375.0,270.6,218.9
GBIME,4/28/2019,327.0,327.0,313.0,315.0,-2.17,66194.0,270.6,218.9
GBIME,4/29/2019,315.0,319.0,310.0,313.0,-0.63,37817.0,270.6,218.9
GBIME,4/30/2019,315.0,321.0,311.0,313.0,0.0,49707.0,270.6,218.9
GBIME,5/2/2019,313.0,316.0,308.0,313.0,0.0,24251.0,270.6,218.9
GBIME,5/5/2019,310.0,315.0,310.0,310.0,-0.96,43924.0,270.6,218.9
GBIME,5/6/2019,310.0,314.0,308.0,313.0,0.97,30421.0,270.6,218.9
GBIME,5/7/2019,313.0,317.0,312.0,312.0,-0.32,20887.0,270.6,218.9
GBIME,5/8/2019,312.0,315.0,312.0,314.0,0.64,15311.0,270.6,218.9
GBIME,5/9/2019,314.0,314.0,309.0,310.0,-1.27,33941.0,270.6,218.9
GBIME,5/12/2019,310.0,312.0,307.0,312.0,0.65,69577.0,270.6,218.9
GBIME,5/13/2019,310.0,314.0,310.0,310.0,-0.64,21558.0,270.6,218.9
GBIME,5/14/2019,310.0,314.0,309.0,312.0,0.65,17184.0,270.6,218.9
GBIME,5/15/2019,312.0,318.0,312.0,314.0,0.64,43584.0,270.6,218.9
GBIME,5/16/2019,317.0,319.0,310.0,311.0,-0.96,30283.0,270.6,218.9
GBIME,5/19/2019,310.0,312.0,309.0,310.0,-0.32,24590.0,270.6,218.9
GBIME,5/20/2019,315.0,315.0,309.0,310.0,0.0,12290.0,270.6,218.9
GBIME,5/21/2019,308.0,311.0,308.0,309.0,-0.32,22203.0,270.6,218.9
GBIME,5/22/2019,308.0,310.0,308.0,310.0,0.32,20296.0,270.6,218.9
GBIME,5/23/2019,311.0,311.0,304.0,304.0,-1.94,38543.0,270.6,218.9
GBIME,5/26/2019,310.0,310.0,305.0,305.0,0.33,32579.0,270.6,218.9
GBIME,5/27/2019,305.0,308.0,303.0,307.0,0.66,19596.0,270.6,218.9
GBIME,5/28/2019,310.0,310.0,305.0,306.0,-0.33,12909.0,270.6,218.9
GBIME,5/29/2019,310.0,310.0,306.0,306.0,0.0,12510.0,270.6,218.9
GBIME,5/30/2019,310.0,320.0,309.0,309.0,0.98,79389.0,270.6,218.9
GBIME,6/2/2019,310.0,311.0,305.0,307.0,-0.65,12872.0,270.6,218.9
GBIME,6/3/2019,307.0,309.0,303.0,303.0,-1.3,18349.0,270.6,218.9
GBIME,6/4/2019,303.0,308.0,303.0,304.0,0.33,32054.0,270.6,218.9
GBIME,6/6/2019,303.0,304.0,301.0,302.0,-0.66,20199.0,270.6,218.9
GBIME,6/10/2019,303.0,304.0,299.0,301.0,-0.33,50523.0,270.6,218.9
GBIME,6/11/2019,306.0,306.0,298.0,298.0,-1.0,27791.0,270.6,218.9
GBIME,6/12/2019,300.0,301.0,297.0,300.0,0.67,14160.0,270.6,218.9
GBIME,6/13/2019,298.0,300.0,297.0,298.0,-0.67,11270.0,270.6,218.9
GBIME,6/16/2019,297.0,300.0,295.0,296.0,-0.67,23759.0,270.6,218.9
GBIME,6/17/2019,300.0,300.0,294.0,296.0,0.0,19924.0,270.6,218.9
GBIME,6/18/2019,298.0,300.0,296.0,297.0,0.34,6615.0,270.6,218.9
GBIME,6/19/2019,297.0,297.0,295.0,297.0,0.0,16688.0,270.6,218.9
GBIME,6/20/2019,298.0,305.0,296.0,300.0,1.01,28075.0,270.6,218.9
GBIME,6/23/2019,300.0,301.0,298.0,300.0,0.0,42038.0,270.6,218.9
GBIME,6/24/2019,298.0,306.0,298.0,306.0,2.0,42428.0,270.6,218.9
GBIME,6/25/2019,308.0,308.0,304.0,306.0,0.0,24634.0,270.6,218.9
GBIME,6/26/2019,305.0,305.0,301.0,302.0,-1.31,11742.0,270.6,218.9
GBIME,6/27/2019,303.0,306.0,302.0,304.0,0.66,23269.0,270.6,218.9
GBIME,6/30/2019,301.0,303.0,299.0,299.0,-1.64,28909.0,270.6,218.9
GBIME,7/1/2019,298.0,299.0,296.0,297.0,-0.67,27413.0,270.6,218.9
GBIME,7/2/2019,295.0,296.0,292.0,294.0,-1.01,37017.0,270.6,218.9
GBIME,7/3/2019,298.0,298.0,292.0,297.0,1.02,50134.0,270.6,218.9
GBIME,7/4/2019,305.0,305.0,293.0,295.0,-0.67,32830.0,270.6,218.9
GBIME,1/20/2020,245.0,277.0,245.0,277.0,-6.1,929.0,270.6,218.9
GBIME,1/21/2020,282.0,304.7,282.0,304.0,9.75,128791.0,270.6,218.9
GBIME,1/22/2020,319.0,331.0,257.2,305.0,0.33,1977586.0,270.6,218.9
GBIME,1/23/2020,310.0,310.0,294.0,296.0,-2.95,522413.0,270.6,218.9
GBIME,1/26/2020,293.0,295.0,289.0,289.0,-2.36,216359.0,270.6,218.9
GBIME,1/27/2020,289.0,297.0,250.0,295.0,2.08,180162.0,270.6,218.9
GBIME,1/28/2020,300.0,300.0,289.0,290.0,-1.69,341189.0,270.6,218.9
GBIME,1/29/2020,291.0,292.0,286.0,288.0,-0.69,118782.0,270.6,218.9
GBIME,1/30/2020,290.0,290.0,286.0,289.0,0.35,156185.0,270.6,218.9
GBIME,2/2/2020,290.0,295.0,289.0,290.0,0.35,167316.0,270.6,218.9
GBIME,2/3/2020,295.0,295.0,250.0,289.0,-0.34,173488.0,270.6,218.9
GBIME,2/4/2020,303.0,303.0,285.0,287.0,-0.69,130237.0,270.6,218.9
GBIME,2/5/2020,288.0,289.0,285.0,286.0,-0.35,75127.0,270.6,218.9
GBIME,2/6/2020,286.0,287.0,282.0,283.0,-1.05,86132.0,270.6,218.9
GBIME,2/9/2020,284.0,286.0,280.0,282.0,-0.35,125577.0,270.6,218.9
GBIME,2/10/2020,283.0,284.0,280.0,281.0,-0.35,69987.0,270.6,218.9
GBIME,2/11/2020,280.0,284.0,280.0,281.0,0.0,98692.0,270.6,218.9
GBIME,2/12/2020,286.0,286.0,279.0,279.0,-0.71,101537.0,270.6,218.9
GBIME,2/13/2020,281.0,282.0,276.0,276.0,-1.08,83237.0,270.6,218.9
GBIME,2/16/2020,276.0,280.0,275.0,278.0,0.72,61469.0,270.6,218.9
GBIME,2/17/2020,279.0,291.0,278.0,286.0,2.88,127999.0,270.6,218.9
GBIME,2/18/2020,290.0,291.0,284.0,286.0,0.0,110095.0,270.6,218.9
GBIME,2/19/2020,289.0,289.0,283.0,284.0,-0.7,94212.0,270.6,218.9
GBIME,2/20/2020,284.0,286.0,281.0,283.0,-0.35,146755.0,270.6,218.9
GBIME,2/23/2020,281.0,300.0,281.0,297.0,4.95,254005.0,270.6,218.9
GBIME,2/24/2020,302.0,302.0,290.0,292.0,-1.68,306383.0,270.6,218.9
GBIME,2/25/2020,306.0,306.0,288.0,292.0,0.0,126206.0,270.6,218.9
GBIME,2/26/2020,290.0,299.0,290.0,296.0,1.37,262409.0,270.6,218.9
GBIME,2/27/2020,295.0,309.0,292.0,306.0,3.38,385364.0,270.6,218.9
GBIME,3/1/2020,313.0,325.0,307.0,312.0,1.96,821022.0,270.6,218.9
GBIME,3/2/2020,307.0,313.0,296.0,300.0,-3.85,247421.0,270.6,218.9
GBIME,3/3/2020,296.0,307.0,290.0,300.0,0.0,321160.0,270.6,218.9
GBIME,3/4/2020,300.0,305.0,285.0,288.0,-4.0,258628.0,270.6,218.9
GBIME,3/5/2020,290.0,290.0,285.0,286.0,-0.69,208951.0,270.6,218.9
GBIME,3/10/2020,286.0,286.0,270.0,270.0,-5.59,167615.0,270.6,218.9
GBIME,3/11/2020,275.0,285.0,268.0,280.0,3.7,191117.0,270.6,218.9
GBIME,3/12/2020,281.0,281.0,273.0,274.0,-2.14,163351.0,270.6,218.9
GBIME,3/15/2020,275.0,275.0,266.0,266.0,-2.92,166996.0,270.6,218.9
GBIME,3/16/2020,271.0,271.0,260.0,265.0,-0.38,131315.0,270.6,218.9
GBIME,3/17/2020,264.0,266.0,258.0,259.0,-2.26,133400.0,270.6,218.9
GBIME,3/18/2020,259.0,259.0,249.0,254.0,-1.93,164507.0,270.6,218.9
GBIME,3/19/2020,249.0,258.0,236.0,255.0,0.39,152312.0,270.6,218.9
GBIME,3/22/2020,258.0,260.0,248.0,248.0,-2.75,20871.0,270.6,218.9
GBIME,5/12/2020,244.0,244.0,241.0,241.0,-2.82,871.0,270.6,218.9
GBIME,5/13/2020,239.0,239.0,234.0,234.0,-2.9,282.0,270.6,218.9
GBIME,6/29/2020,230.0,230.0,211.0,228.0,-2.56,66325.0,270.6,218.9
GBIME,6/30/2020,224.0,244.0,221.0,244.0,7.02,22351.0,270.6,218.9
GBIME,7/1/2020,249.0,265.0,249.0,263.0,7.79,24105.0,270.6,218.9
GBIME,7/2/2020,268.0,268.0,237.0,238.0,-9.51,54657.0,270.6,218.9
GBIME,7/5/2020,238.0,242.0,226.0,234.0,-1.68,95126.0,270.6,218.9
GBIME,7/6/2020,237.0,242.0,235.0,241.0,2.99,49878.0,270.6,218.9
GBIME,7/7/2020,241.0,250.0,241.0,245.0,1.66,68615.0,270.6,218.9
GBIME,7/8/2020,248.0,251.0,241.0,243.0,-0.82,44731.0,270.6,218.9
GBIME,7/9/2020,243.0,246.0,240.0,243.0,0.0,43252.0,270.6,218.9
GBIME,7/12/2020,247.0,247.0,236.0,239.0,-1.65,185612.0,270.6,218.9
GBIME,7/13/2020,240.0,245.0,237.0,241.0,0.84,57463.0,270.6,218.9
GBIME,7/14/2020,245.0,245.0,238.0,241.0,0.0,76311.0,270.6,218.9
GBIME,7/15/2020,241.0,244.0,239.0,239.0,-0.83,70406.0,270.6,218.9
GBIME,7/16/2020,243.0,255.0,243.0,253.0,5.86,100134.0,270.6,218.9
GBIME,7/19/2020,258.0,263.0,258.0,263.0,3.95,130.0,270.6,218.9
GBIME,7/20/2020,276.0,289.0,268.0,272.0,3.42,323732.0,270.6,218.9
GBIME,7/21/2020,285.0,285.0,265.0,271.0,-0.37,98529.0,270.6,218.9
GBIME,7/22/2020,272.0,275.0,260.0,262.0,-3.32,97385.0,270.6,218.9
GBIME,7/23/2020,259.0,265.0,258.0,263.0,0.38,58403.0,270.6,218.9
GBIME,7/26/2020,268.0,270.0,261.0,267.0,1.52,74489.0,270.6,218.9
GBIME,7/27/2020,269.0,270.0,263.0,267.0,0.0,85661.0,270.6,218.9
GBIME,7/28/2020,266.0,271.0,262.0,262.0,-1.87,78945.0,270.6,218.9
GBIME,7/29/2020,263.0,264.0,258.0,259.0,-1.15,79091.0,270.6,218.9
GBIME,7/30/2020,264.0,264.0,256.0,259.0,0.0,80628.0,270.6,218.9
GBIME,8/2/2020,259.0,259.0,250.0,250.0,-3.47,124306.0,270.6,218.9
GBIME,8/3/2020,250.0,257.0,244.0,251.0,0.4,76236.0,270.6,218.9
GBIME,8/5/2020,255.0,255.0,246.0,247.0,-1.59,79051.0,270.6,218.9
GBIME,8/6/2020,249.0,249.0,243.0,247.0,0.0,75238.0,270.6,218.9
GBIME,8/9/2020,247.0,250.0,243.0,250.0,1.21,61119.0,270.6,218.9
GBIME,8/10/2020,245.0,258.0,245.0,256.0,2.4,79380.0,270.6,218.9
GBIME,8/11/2020,260.0,265.0,256.0,257.0,0.39,71461.0,270.6,218.9
GBIME,8/12/2020,255.0,259.0,255.0,256.0,-0.39,42504.0,270.6,218.9
GBIME,8/13/2020,258.0,258.0,252.0,254.0,-0.78,64084.0,270.6,218.9
GBIME,8/16/2020,254.0,254.0,246.0,252.0,-0.79,101086.0,270.6,218.9
GBIME,8/17/2020,252.0,254.0,250.0,253.0,0.4,156576.0,270.6,218.9
GBIME,8/18/2020,254.0,256.0,250.0,254.0,0.4,188369.0,270.6,218.9
GBIME,8/19/2020,256.0,256.0,249.0,251.0,-1.18,105861.0,270.6,218.9
GBIME,8/20/2020,254.0,254.0,250.0,251.0,0.0,41101.0,270.6,218.9
GBIME,8/23/2020,254.0,254.0,250.0,252.0,0.4,41731.0,270.6,218.9
GBIME,8/24/2020,256.0,256.0,247.0,252.0,0.0,472810.0,270.6,218.9
GBIME,8/25/2020,256.0,256.0,251.0,253.0,0.4,110349.0,270.6,218.9
GBIME,8/26/2020,255.0,258.0,253.0,258.0,1.98,117579.0,270.6,218.9
GBIME,8/27/2020,263.0,263.0,255.0,256.0,-0.78,81338.0,270.6,218.9
GBIME,8/30/2020,257.0,257.0,252.0,254.0,-0.78,84053.0,270.6,218.9
GBIME,8/31/2020,256.0,256.0,253.0,255.0,0.39,128239.0,270.6,218.9
GBIME,9/2/2020,265.0,265.0,258.0,264.0,3.53,197596.0,270.6,218.9
GBIME,9/3/2020,270.0,274.0,261.0,265.0,0.38,185244.0,270.6,218.9
GBIME,9/6/2020,278.0,278.0,265.0,266.0,0.38,200434.0,270.6,218.9
GBIME,9/7/2020,268.0,269.0,260.0,263.0,-1.13,95833.0,270.6,218.9
GBIME,9/8/2020,270.0,270.0,259.0,260.0,-1.14,63629.0,270.6,218.9
GBIME,9/9/2020,260.0,263.0,259.0,260.0,0.0,77492.0,270.6,218.9
GBIME,9/10/2020,265.0,268.0,260.0,263.0,1.15,44352.0,270.6,218.9
GBIME,9/13/2020,264.0,267.0,260.0,263.0,0.0,77184.0,270.6,218.9
GBIME,9/14/2020,263.0,266.0,260.0,264.0,0.38,220497.0,270.6,218.9
GBIME,9/15/2020,265.0,269.0,263.0,265.0,0.38,94706.0,270.6,218.9
GBIME,9/16/2020,265.0,265.0,259.0,263.0,-0.75,54621.0,270.6,218.9
GBIME,9/17/2020,274.0,274.0,263.0,269.0,2.28,203417.0,270.6,218.9
GBIME,9/20/2020,282.0,282.0,269.0,272.0,1.12,172128.0,270.6,218.9
GBIME,9/21/2020,273.0,276.0,268.0,274.0,0.74,167601.0,270.6,218.9
GBIME,9/22/2020,274.0,275.0,268.0,269.0,-1.82,116532.0,270.6,218.9
GBIME,9/23/2020,268.0,270.0,265.0,269.0,0.0,72433.0,270.6,218.9
GBIME,9/24/2020,269.0,270.0,266.0,269.0,0.0,61519.0,270.6,218.9
GBIME,9/27/2020,280.0,280.0,268.0,271.0,0.74,97643.0,270.6,218.9
GBIME,9/28/2020,268.0,274.0,268.0,270.0,-0.37,88230.0,270.6,218.9
GBIME,9/29/2020,270.0,270.0,267.0,268.0,-0.74,51044.0,270.6,218.9
GBIME,9/30/2020,270.0,270.0,264.0,265.0,-1.12,71296.0,270.6,218.9
GBIME,10/1/2020,272.0,272.0,265.0,272.0,2.64,106995.0,270.6,218.9
GBIME,10/4/2020,277.0,285.0,274.0,279.0,2.57,197341.0,270.6,218.9
GBIME,10/5/2020,281.0,283.0,276.0,277.0,-0.72,109828.0,270.6,218.9
GBIME,10/6/2020,279.0,279.0,275.0,275.0,-0.72,71578.0,270.6,218.9
GBIME,10/7/2020,277.0,277.0,274.0,276.0,0.36,147512.0,270.6,218.9
GBIME,10/8/2020,276.0,279.0,273.0,275.0,-0.36,141927.0,270.6,218.9
GBIME,10/11/2020,270.0,279.0,270.0,271.0,-1.45,93944.0,270.6,218.9
GBIME,10/12/2020,269.0,274.0,269.0,272.0,0.37,107604.0,270.6,218.9
GBIME,10/13/2020,277.0,277.0,272.0,272.0,0.0,68373.0,270.6,218.9
GBIME,10/14/2020,285.0,285.0,271.0,271.0,-0.37,59518.0,270.6,218.9
GBIME,10/15/2020,274.0,275.0,271.0,272.0,0.37,80395.0,270.6,218.9
GBIME,10/18/2020,275.0,281.0,271.0,272.0,0.0,50978.0,270.6,218.9
GBIME,10/19/2020,274.0,275.0,272.0,275.0,1.1,50244.0,270.6,218.9
GBIME,10/20/2020,277.0,278.0,274.0,276.0,0.36,42566.0,270.6,218.9
GBIME,10/21/2020,280.0,282.0,277.0,282.0,2.17,162105.0,270.6,218.9
GBIME,10/22/2020,290.0,290.0,284.0,288.0,2.13,263183.0,270.6,218.9
GBIME,10/28/2020,302.0,302.0,297.0,301.0,4.51,690710.0,270.6,218.9
GBIME,10/29/2020,305.0,307.0,297.0,299.0,-0.66,402254.0,270.6,218.9
GBIME,11/1/2020,305.0,305.0,294.0,297.0,-0.67,304607.0,270.6,218.9
GBIME,11/2/2020,283.0,297.0,283.0,291.0,-2.02,233052.0,270.6,218.9
GBIME,11/3/2020,278.0,297.0,278.0,294.0,1.03,107926.0,270.6,218.9
GBIME,11/4/2020,308.0,308.0,291.0,293.0,-0.34,84418.0,270.6,218.9
GBIME,11/5/2020,294.0,295.0,291.0,292.0,-0.34,140170.0,270.6,218.9
GBIME,11/8/2020,294.0,295.0,292.0,294.0,0.68,168722.0,270.6,218.9
GBIME,11/9/2020,292.0,295.0,292.0,293.0,-0.34,141559.0,270.6,218.9
GBIME,11/10/2020,295.0,295.0,292.0,293.0,0.0,115373.0,270.6,218.9
GBIME,11/11/2020,294.0,295.0,292.0,293.0,0.0,149499.0,270.6,218.9
GBIME,11/12/2020,300.0,300.0,293.0,295.0,0.68,252671.0,270.6,218.9
GBIME,11/18/2020,300.0,301.0,297.0,300.0,1.69,261887.0,270.6,218.9
GBIME,11/19/2020,314.0,314.0,299.0,300.0,0.0,257825.0,270.6,218.9
GBIME,11/22/2020,305.0,309.0,301.0,304.0,1.33,323417.0,270.6,218.9
GBIME,11/23/2020,304.0,310.0,304.0,308.0,1.32,254274.0,270.6,218.9
GBIME,11/24/2020,309.0,312.0,307.0,307.0,-0.32,190821.0,270.6,218.9
GBIME,11/25/2020,313.0,313.0,308.0,312.0,1.63,219940.0,270.6,218.9
GBIME,11/26/2020,314.0,320.0,312.0,318.0,1.92,319855.0,270.6,218.9
GBIME,11/29/2020,320.0,349.0,320.0,349.0,9.75,813142.0,270.6,218.9
GBIME,11/30/2020,366.0,383.0,355.0,360.0,3.15,729305.0,270.6,218.9
GBIME,12/1/2020,367.0,369.0,339.0,349.0,-3.06,379380.0,270.6,218.9
GBIME,12/2/2020,355.0,358.0,348.0,353.0,1.15,291480.0,270.6,218.9
GBIME,12/3/2020,357.0,367.0,344.0,345.0,-2.27,340902.0,270.6,218.9
GBIME,12/6/2020,345.0,352.0,328.0,329.0,-4.64,351637.0,270.6,218.9
GBIME,12/7/2020,329.0,345.0,322.0,339.0,3.04,311868.0,270.6,218.9
GBIME,12/8/2020,355.0,355.0,335.0,339.0,0.0,209162.0,270.6,218.9
GBIME,12/9/2020,337.0,339.0,328.0,330.0,-2.65,254829.0,270.6,218.9
GBIME,12/10/2020,331.0,334.0,325.0,329.0,-0.3,174717.0,270.6,218.9
GBIME,12/13/2020,329.0,339.0,329.0,336.0,2.13,171383.0,270.6,218.9
GBIME,12/14/2020,352.0,352.0,337.0,341.0,1.49,203129.0,270.6,218.9
GBIME,12/15/2020,358.0,358.0,338.0,339.0,-0.59,205468.0,270.6,218.9
GBIME,12/16/2020,340.0,342.0,337.0,342.0,0.88,157586.0,270.6,218.9
GBIME,12/17/2020,342.0,344.0,338.0,339.0,-0.88,159315.0,270.6,218.9
GBIME,12/20/2020,340.0,340.0,325.0,326.0,-3.83,312763.0,270.6,218.9
GBIME,12/21/2020,320.0,337.0,307.0,333.0,2.15,405009.0,270.6,218.9
GBIME,12/22/2020,347.0,347.0,337.0,343.0,3.0,293192.0,270.6,218.9
GBIME,12/23/2020,360.0,360.0,347.0,348.0,1.46,330689.0,270.6,218.9
GBIME,12/24/2020,350.0,359.0,347.0,359.0,3.16,376008.0,270.6,218.9
GBIME,12/27/2020,360.0,360.0,351.0,352.0,-1.95,435022.0,270.6,218.9
GBIME,12/28/2020,354.0,360.0,347.0,353.0,0.28,362278.0,270.6,218.9
GBIME,12/29/2020,359.0,359.0,347.0,350.0,-0.85,669605.0,270.6,218.9
GBIME,12/30/2020,310.0,310.0,300.0,306.0,-12.57,290146.0,270.6,218.9
GBIME,12/31/2020,308.0,312.0,302.0,309.0,0.98,284887.0,270.6,218.9
GBIME,1/3/2021,312.0,320.0,309.0,320.0,3.56,266110.0,270.6,218.9
GBIME,1/4/2021,325.0,330.0,315.0,318.0,-0.62,185178.0,270.6,218.9
GBIME,1/5/2021,320.0,322.0,312.0,314.0,-1.26,113673.0,270.6,218.9
GBIME,1/6/2021,315.0,317.0,312.0,315.0,0.32,128949.0,270.6,218.9
GBIME,1/7/2021,315.0,318.0,313.0,315.0,0.0,186361.0,270.6,218.9
GBIME,1/10/2021,321.0,329.0,317.0,328.0,4.13,434030.0,270.6,218.9
GBIME,1/11/2021,335.0,345.0,333.0,338.0,3.05,432542.0,270.6,218.9
GBIME,1/12/2021,345.0,345.0,334.0,340.0,0.59,165810.0,270.6,218.9
GBIME,1/13/2021,345.0,345.0,338.0,339.0,-0.29,191805.0,270.6,218.9
GBIME,1/17/2021,345.0,345.0,334.0,336.0,-0.88,249522.0,270.6,218.9
GBIME,1/18/2021,338.0,339.0,335.0,336.0,0.0,220997.0,270.6,218.9
GBIME,1/19/2021,350.0,350.0,333.0,334.0,-0.6,215792.0,270.6,218.9
GBIME,1/20/2021,350.0,350.0,328.0,333.0,-0.3,149578.0,270.6,218.9
GBIME,1/21/2021,335.0,335.0,330.0,332.0,-0.3,210724.0,270.6,218.9
GBIME,1/24/2021,335.0,340.0,332.0,335.0,0.9,214742.0,270.6,218.9
GBIME,1/25/2021,351.0,351.0,333.0,337.0,0.6,259608.0,270.6,218.9
GBIME,1/26/2021,353.0,353.0,334.0,336.0,-0.3,192160.0,270.6,218.9
GBIME,1/27/2021,339.0,339.0,333.0,334.0,-0.6,161821.0,270.6,218.9
GBIME,1/28/2021,350.0,350.0,336.0,341.0,2.1,578619.0,270.6,218.9
GBIME,1/31/2021,341.0,344.0,333.0,334.0,-2.05,213318.0,270.6,218.9
GBIME,2/1/2021,330.0,351.0,330.0,348.0,4.19,448830.0,270.6,218.9
GBIME,2/2/2021,350.0,382.0,350.0,381.0,9.48,1460393.0,270.6,218.9
GBIME,2/3/2021,391.0,416.0,389.0,400.0,4.99,1506061.0,270.6,218.9
GBIME,2/4/2021,400.0,405.0,393.0,400.0,0.0,514761.0,270.6,218.9
GBIME,2/7/2021,408.0,410.0,396.0,400.0,0.0,736035.0,270.6,218.9
GBIME,2/8/2021,405.0,420.0,400.0,414.0,3.5,716803.0,270.6,218.9
GBIME,2/9/2021,420.0,432.0,416.0,423.0,2.17,700501.0,270.6,218.9
GBIME,2/10/2021,425.0,456.0,415.0,448.0,5.91,1174538.0,270.6,218.9
GBIME,2/11/2021,455.0,464.0,449.0,452.0,0.89,610999.0,270.6,218.9
GBIME,2/14/2021,455.0,460.0,434.0,441.0,-2.43,436688.0,270.6,218.9
GBIME,2/15/2021,448.0,477.0,448.0,476.0,7.94,1010702.0,270.6,218.9
GBIME,2/16/2021,499.0,506.0,484.0,498.0,4.62,858438.0,270.6,218.9
GBIME,2/17/2021,500.0,506.0,485.0,500.0,0.4,734565.0,270.6,218.9
GBIME,2/18/2021,512.0,522.0,485.0,486.0,-2.8,546302.0,270.6,218.9
GBIME,2/21/2021,490.0,499.0,470.0,475.0,-2.26,653611.0,270.6,218.9
GBIME,2/22/2021,480.0,483.0,465.0,483.0,1.68,626623.0,270.6,218.9
GBIME,2/23/2021,487.0,487.0,460.0,474.0,-1.86,633534.0,270.6,218.9
GBIME,2/24/2021,485.0,487.0,472.0,478.0,0.84,426557.0,270.6,218.9
GBIME,2/25/2021,485.0,485.0,460.0,464.0,-2.93,371637.0,270.6,218.9
GBIME,2/28/2021,464.0,473.0,435.0,438.0,-5.6,765812.0,270.6,218.9
GBIME,3/1/2021,438.0,451.0,427.0,448.0,2.28,521116.0,270.6,218.9
GBIME,3/2/2021,454.0,456.0,434.0,438.0,-2.23,362094.0,270.6,218.9
GBIME,3/3/2021,440.0,440.0,421.0,429.0,-2.05,429910.0,270.6,218.9
GBIME,3/4/2021,430.0,466.0,430.0,445.0,3.73,393831.0,270.6,218.9
GBIME,3/7/2021,453.0,462.0,434.0,462.0,3.82,386533.0,270.6,218.9
GBIME,3/9/2021,485.0,485.0,442.0,447.0,-3.25,243133.0,270.6,218.9
GBIME,3/10/2021,447.0,452.0,432.0,441.0,-1.34,149324.0,270.6,218.9
GBIME,3/14/2021,462.0,462.0,426.0,428.0,-2.95,373544.0,270.6,218.9
GBIME,3/15/2021,431.0,431.0,415.0,420.0,-1.87,236501.0,270.6,218.9
GBIME,3/16/2021,441.0,441.0,418.0,421.0,0.24,185465.0,270.6,218.9
GBIME,3/17/2021,428.0,430.0,420.0,429.0,1.9,173780.0,270.6,218.9
GBIME,3/18/2021,450.0,450.0,425.0,434.0,1.17,166997.0,270.6,218.9
GBIME,3/21/2021,455.0,455.0,428.0,438.0,0.92,193175.0,270.6,218.9
GBIME,3/22/2021,459.0,459.0,430.0,432.0,-1.37,163519.0,270.6,218.9
GBIME,3/23/2021,453.0,453.0,427.0,429.0,-0.69,154692.0,270.6,218.9
GBIME,3/24/2021,430.0,436.0,429.0,430.0,0.23,206453.0,270.6,218.9
GBIME,3/25/2021,432.0,435.0,427.0,428.0,-0.47,184604.0,270.6,218.9
GBIME,3/29/2021,431.0,431.0,423.0,424.0,-0.93,135978.0,270.6,218.9
GBIME,3/30/2021,430.0,430.0,422.0,425.0,0.24,162645.0,270.6,218.9
GBIME,3/31/2021,428.0,439.0,425.0,438.0,3.06,254475.0,270.6,218.9
GBIME,4/1/2021,440.0,444.0,434.0,437.0,-0.23,173432.0,270.6,218.9
GBIME,4/4/2021,444.0,450.0,440.0,448.0,2.52,331931.0,270.6,218.9
GBIME,4/5/2021,455.0,455.0,441.0,443.0,-1.12,236415.0,270.6,218.9
GBIME,4/6/2021,444.0,446.0,439.0,443.0,0.0,181930.0,270.6,218.9
GBIME,4/7/2021,465.0,465.0,440.0,443.0,0.0,158297.0,270.6,218.9
GBIME,4/8/2021,422.0,449.0,422.0,443.0,0.0,169485.0,270.6,218.9
GBIME,4/12/2021,443.0,450.0,442.0,443.0,0.0,199814.0,270.6,218.9
GBIME,4/13/2021,430.0,450.0,430.0,450.0,1.58,306161.0,270.6,218.9
GBIME,4/15/2021,450.0,465.0,450.0,460.0,2.22,438732.0,270.6,218.9
GBIME,4/18/2021,483.0,483.0,449.0,450.0,-2.17,406321.0,270.6,218.9
GBIME,4/19/2021,450.0,456.0,441.0,445.0,-1.11,342531.0,270.6,218.9
GBIME,4/20/2021,465.0,465.0,438.0,443.0,-0.45,157937.0,270.6,218.9
GBIME,4/21/2021,442.0,445.0,435.0,438.0,-1.13,194399.0,270.6,218.9
GBIME,4/22/2021,440.0,440.0,431.0,439.0,0.23,229924.0,270.6,218.9
GBIME,4/25/2021,439.0,440.0,424.0,428.0,-2.51,265083.0,270.6,218.9
GBIME,4/26/2021,428.0,429.0,415.0,415.0,-3.04,294548.0,270.6,218.9
GBIME,4/27/2021,402.0,429.0,402.0,428.0,3.13,192551.0,270.6,218.9
GBIME,4/28/2021,449.0,449.0,423.0,426.0,-0.47,252825.0,270.6,218.9
GBIME,4/29/2021,434.0,434.0,424.0,427.0,0.23,141913.0,270.6,218.9
GBIME,5/2/2021,430.0,432.0,425.0,432.0,1.17,274897.0,270.6,218.9
GBIME,5/3/2021,434.0,440.0,427.0,429.0,-0.69,192066.0,270.6,218.9
GBIME,5/4/2021,429.0,435.0,425.0,427.0,-0.47,134177.0,270.6,218.9
GBIME,5/5/2021,426.0,433.0,424.0,426.0,-0.23,110023.0,270.6,218.9
GBIME,5/6/2021,430.0,434.0,421.0,425.0,-0.23,174044.0,270.6,218.9
GBIME,5/9/2021,425.0,430.0,421.0,424.0,-0.24,140603.0,270.6,218.9
GBIME,5/10/2021,424.0,428.0,421.0,428.0,0.94,81948.0,270.6,218.9
GBIME,5/11/2021,428.0,431.0,426.0,429.0,0.23,85214.0,270.6,218.9
GBIME,5/12/2021,434.0,434.0,425.0,427.0,-0.47,73277.0,270.6,218.9
GBIME,5/13/2021,448.0,448.0,426.0,428.0,0.23,133521.0,270.6,218.9
GBIME,5/16/2021,430.0,436.0,428.0,435.0,1.64,183194.0,270.6,218.9
GBIME,5/17/2021,445.0,445.0,434.0,436.0,0.23,177433.0,270.6,218.9
GBIME,5/18/2021,440.0,440.0,433.0,436.0,0.0,202555.0,270.6,218.9
GBIME,5/19/2021,436.0,448.0,436.0,438.0,0.46,204916.0,270.6,218.9
GBIME,5/20/2021,445.0,445.0,439.0,440.0,0.46,173200.0,270.6,218.9
GBIME,5/23/2021,439.0,446.0,429.0,446.0,1.36,254827.0,270.6,218.9
GBIME,5/24/2021,450.0,460.0,449.0,454.0,1.79,446696.0,270.6,218.9
GBIME,5/25/2021,465.0,465.0,444.0,448.0,-1.32,202744.0,270.6,218.9
GBIME,5/27/2021,445.0,449.0,436.0,443.0,-1.12,263669.0,270.6,218.9
GBIME,5/30/2021,447.0,451.0,441.0,447.0,0.9,278405.0,270.6,218.9
GBIME,5/31/2021,450.0,452.0,440.0,442.0,-1.12,200539.0,270.6,218.9
GBIME,6/1/2021,443.0,443.0,436.0,438.0,-0.9,157634.0,270.6,218.9
GBIME,6/2/2021,440.0,443.0,435.0,438.0,0.0,145074.0,270.6,218.9
GBIME,6/3/2021,439.0,457.0,439.0,450.0,2.74,447801.0,270.6,218.9
GBIME,6/6/2021,455.0,478.0,455.0,465.0,3.33,775363.0,270.6,218.9
GBIME,6/7/2021,472.0,474.0,452.0,456.0,-1.94,426535.0,270.6,218.9
GBIME,6/8/2021,460.0,460.0,451.0,458.0,0.44,365267.0,270.6,218.9
GBIME,6/9/2021,460.0,463.0,450.0,454.0,-0.87,242778.0,270.6,218.9
GBIME,6/10/2021,454.0,460.0,447.0,448.0,-1.32,291373.0,270.6,218.9
GBIME,6/13/2021,452.0,452.0,444.0,447.0,-0.22,322265.0,270.6,218.9
GBIME,6/14/2021,445.0,463.0,445.0,456.0,2.01,536563.0,270.6,218.9
GBIME,6/15/2021,460.0,465.0,455.0,456.0,0.0,474077.0,270.6,218.9
GBIME,6/16/2021,455.0,463.0,450.0,453.0,-0.66,243809.0,270.6,218.9
GBIME,6/17/2021,453.0,458.0,447.0,449.0,-0.88,284677.0,270.6,218.9
GBIME,6/20/2021,471.0,471.0,439.0,443.0,-1.34,426346.0,270.6,218.9
GBIME,6/21/2021,445.0,448.0,435.0,435.0,-1.81,259109.0,270.6,218.9
GBIME,6/22/2021,434.0,445.0,432.0,444.0,2.07,233469.0,270.6,218.9
GBIME,6/23/2021,444.0,450.0,437.0,438.0,-1.35,147691.0,270.6,218.9
GBIME,6/24/2021,440.0,442.0,433.0,435.0,-0.68,147509.0,270.6,218.9
GBIME,6/27/2021,436.0,444.0,433.0,439.0,0.92,226747.0,270.6,218.9
GBIME,6/28/2021,460.0,460.0,441.0,443.0,0.91,131115.0,270.6,218.9
GBIME,6/29/2021,460.0,460.0,436.0,438.0,-1.13,128533.0,270.6,218.9
GBIME,6/30/2021,459.0,459.0,433.0,436.0,-0.46,110066.0,270.6,218.9
GBIME,7/1/2021,440.0,444.0,436.0,436.0,0.0,85041.0,270.6,218.9
GBIME,7/4/2021,436.0,440.0,434.0,435.0,-0.23,124184.0,270.6,218.9
GBIME,7/5/2021,436.0,438.0,434.0,435.0,0.0,96710.0,270.6,218.9
GBIME,7/6/2021,435.0,438.0,434.0,435.0,0.0,76600.0,270.6,218.9
GBIME,7/7/2021,417.0,441.0,417.0,435.0,0.0,98945.0,270.6,218.9
GBIME,7/8/2021,435.0,438.0,434.0,437.0,0.46,123669.0,270.6,218.9
GBIME,7/11/2021,440.0,448.0,440.0,448.0,2.52,153926.0,270.6,218.9
GBIME,7/12/2021,455.0,455.0,438.0,442.0,-1.34,180547.0,270.6,218.9
GBIME,7/13/2021,440.0,446.0,438.0,443.0,0.23,96251.0,270.6,218.9
GBIME,7/14/2021,448.0,448.0,440.0,440.0,-0.68,86671.0,270.6,218.9
GBIME,7/15/2021,445.0,446.0,439.0,441.0,0.23,130473.0,270.6,218.9
GBIME,7/18/2021,448.0,460.0,445.0,459.3,4.15,275134.0,270.6,218.9
GBIME,7/19/2021,468.0,479.5,464.0,470.0,2.33,514974.0,270.6,218.9
GBIME,7/20/2021,470.0,476.0,463.0,470.0,0.0,218572.0,270.6,218.9
GBIME,7/22/2021,477.0,478.0,467.1,476.0,1.28,395044.0,270.6,218.9
GBIME,7/25/2021,485.0,503.0,485.0,500.0,5.04,996032.0,270.6,218.9
GBIME,7/26/2021,505.0,510.0,492.0,493.9,-1.22,606992.0,270.6,218.9
GBIME,7/27/2021,485.0,495.0,470.4,493.0,-0.18,459493.0,270.6,218.9
GBIME,7/28/2021,499.0,499.0,485.1,489.0,-0.81,217816.0,270.6,218.9
GBIME,7/29/2021,498.7,498.7,482.1,485.4,-0.74,230224.0,270.6,218.9
GBIME,8/1/2021,490.0,492.0,483.0,484.5,-0.19,191345.0,270.6,218.9
GBIME,8/2/2021,490.0,490.0,481.0,483.9,-0.12,159839.0,270.6,218.9
GBIME,8/3/2021,488.0,488.0,480.0,481.6,-0.48,150950.0,270.6,218.9
GBIME,8/4/2021,485.5,485.5,480.1,482.0,0.08,166445.0,270.6,218.9
GBIME,8/5/2021,484.0,487.0,480.2,483.0,0.21,147479.0,270.6,218.9
GBIME,8/8/2021,490.0,490.0,480.1,482.0,-0.21,182326.0,270.6,218.9
GBIME,8/9/2021,485.0,485.0,478.1,480.0,-0.41,202869.0,270.6,218.9
GBIME,8/10/2021,480.0,493.0,478.1,488.0,1.67,280112.0,270.6,218.9
GBIME,8/11/2021,493.5,497.6,483.0,485.0,-0.61,146882.0,270.6,218.9
GBIME,8/12/2021,485.0,489.0,482.0,484.0,-0.21,193675.0,270.6,218.9
GBIME,8/15/2021,484.0,502.0,479.0,487.5,0.72,397940.0,270.6,218.9
GBIME,8/16/2021,497.2,503.0,489.0,493.4,1.21,442292.0,270.6,218.9
GBIME,8/17/2021,503.2,503.2,485.0,486.7,-1.36,278898.0,270.6,218.9
GBIME,8/18/2021,486.0,490.0,478.0,484.4,-0.47,243716.0,270.6,218.9
GBIME,8/19/2021,485.0,490.0,477.0,477.5,-1.42,225740.0,270.6,218.9
GBIME,8/24/2021,480.0,485.0,472.0,472.0,-1.15,157506.0,270.6,218.9
GBIME,8/25/2021,465.0,474.0,460.0,463.0,-1.91,157376.0,270.6,218.9
GBIME,8/26/2021,465.0,472.0,455.0,459.0,-0.86,253991.0,270.6,218.9
GBIME,8/29/2021,461.0,462.0,447.9,447.9,-2.42,219374.0,270.6,218.9
GBIME,8/31/2021,450.1,458.0,439.1,445.0,-0.65,214326.0,270.6,218.9
GBIME,9/1/2021,445.0,457.0,444.3,450.0,1.12,173017.0,270.6,218.9
GBIME,9/2/2021,457.0,457.0,442.0,444.0,-1.33,131824.0,270.6,218.9
GBIME,9/5/2021,444.0,447.0,424.0,431.6,-2.79,231166.0,270.6,218.9
GBIME,9/6/2021,431.6,450.0,427.0,450.0,4.26,168371.0,270.6,218.9
GBIME,9/7/2021,459.0,464.9,444.0,446.0,-0.89,178853.0,270.6,218.9
GBIME,9/8/2021,444.0,445.0,429.0,434.5,-2.58,246710.0,270.6,218.9
GBIME,9/9/2021,440.0,442.9,432.0,436.7,0.51,150336.0,270.6,218.9
GBIME,9/12/2021,440.5,444.0,437.0,440.0,0.76,109006.0,270.6,218.9
GBIME,9/13/2021,445.0,447.0,438.3,442.0,0.45,121092.0,270.6,218.9
GBIME,9/14/2021,443.0,444.0,437.0,439.1,-0.66,109950.0,270.6,218.9
GBIME,9/15/2021,443.0,443.0,433.5,434.0,-1.16,95221.0,270.6,218.9
GBIME,9/16/2021,430.0,435.0,422.0,426.0,-1.84,200460.0,270.6,218.9
GBIME,9/20/2021,425.4,426.0,409.0,410.0,-3.76,197206.0,270.6,218.9
GBIME,9/21/2021,410.0,421.0,395.1,411.9,0.46,171775.0,270.6,218.9
GBIME,9/22/2021,415.0,429.0,415.0,429.0,4.15,96634.0,270.6,218.9
GBIME,9/23/2021,437.5,461.0,436.0,443.0,3.26,201067.0,270.6,218.9
GBIME,9/26/2021,450.0,458.8,437.3,437.5,-1.24,131200.0,270.6,218.9
GBIME,9/27/2021,446.0,446.0,421.0,423.0,-3.31,112692.0,270.6,218.9
GBIME,9/28/2021,420.0,425.0,405.0,408.8,-3.36,177197.0,270.6,218.9
GBIME,9/29/2021,416.9,416.9,400.0,411.0,0.54,99368.0,270.6,218.9
GBIME,9/30/2021,412.0,418.0,402.0,408.0,-0.73,70553.0,270.6,218.9
GBIME,10/3/2021,408.0,410.0,400.0,401.9,-1.5,84589.0,270.6,218.9
GBIME,10/4/2021,400.0,403.0,393.9,396.8,-1.27,108780.0,270.6,218.9
GBIME,10/5/2021,397.0,404.6,397.0,402.0,1.31,48186.0,270.6,218.9
GBIME,10/6/2021,407.0,423.0,407.0,412.0,2.49,66148.0,270.6,218.9
GBIME,10/10/2021,420.0,424.9,413.0,415.0,0.73,70759.0,270.6,218.9
GBIME,10/11/2021,406.7,406.7,390.7,401.5,-3.25,178797.0,270.6,218.9
GBIME,10/17/2021,405.0,409.0,395.2,399.5,-0.5,60212.0,270.6,218.9
GBIME,10/18/2021,399.5,399.5,385.0,388.9,-2.65,86933.0,270.6,218.9
GBIME,10/19/2021,388.0,388.0,363.0,373.0,-4.09,144512.0,270.6,218.9
GBIME,10/20/2021,380.4,388.0,375.0,380.0,1.88,77505.0,270.6,218.9
GBIME,10/21/2021,381.0,385.0,373.4,373.5,-1.71,70120.0,270.6,218.9
GBIME,10/24/2021,378.0,379.0,371.0,374.0,0.13,52510.0,270.6,218.9
GBIME,10/25/2021,375.0,385.0,374.0,385.0,2.94,53313.0,270.6,218.9
GBIME,10/26/2021,389.9,402.0,389.0,399.0,3.64,81262.0,270.6,218.9
GBIME,10/27/2021,392.7,403.0,392.7,397.0,-0.5,84449.0,270.6,218.9
GBIME,10/28/2021,399.1,400.0,392.0,394.2,-0.71,52170.0,270.6,218.9
GBIME,10/31/2021,396.0,398.0,388.1,390.0,-1.07,105469.0,270.6,218.9
GBIME,11/1/2021,397.8,403.0,389.0,391.4,0.36,74217.0,270.6,218.9
GBIME,11/2/2021,392.0,396.0,387.0,389.7,-0.43,44210.0,270.6,218.9
GBIME,11/3/2021,393.0,393.8,388.0,389.1,-0.15,57598.0,270.6,218.9
GBIME,11/8/2021,395.0,395.0,388.0,388.8,-0.08,32764.0,270.6,218.9
GBIME,11/9/2021,386.0,387.0,378.0,380.0,-2.26,60254.0,270.6,218.9
GBIME,11/11/2021,380.0,382.0,373.0,375.0,-1.32,77293.0,270.6,218.9
GBIME,11/14/2021,375.0,375.0,368.0,368.9,-1.63,50305.0,270.6,218.9
GBIME,11/15/2021,372.0,375.5,369.0,370.0,0.3,35401.0,270.6,218.9
GBIME,11/16/2021,372.0,373.0,370.0,372.5,0.68,66706.0,270.6,218.9
GBIME,11/17/2021,372.5,380.0,372.5,375.5,0.81,45205.0,270.6,218.9
GBIME,11/18/2021,370.0,377.0,370.0,371.0,-1.2,45387.0,270.6,218.9
GBIME,11/21/2021,378.0,378.0,373.0,376.7,1.54,59246.0,270.6,218.9
GBIME,11/22/2021,380.0,380.0,375.2,377.0,0.08,40354.0,270.6,218.9
GBIME,11/23/2021,377.0,379.0,372.0,373.0,-1.06,58119.0,270.6,218.9
GBIME,11/24/2021,380.0,380.0,363.0,367.0,-1.61,73232.0,270.6,218.9
GBIME,11/25/2021,370.0,370.0,365.5,368.0,0.27,63100.0,270.6,218.9
GBIME,11/28/2021,368.0,372.0,364.0,365.2,-0.76,224928.0,270.6,218.9
GBIME,11/29/2021,332.0,332.0,318.0,323.9,-11.31,69047.0,270.6,218.9
GBIME,11/30/2021,325.0,330.0,313.0,316.5,-2.28,61405.0,270.6,218.9
GBIME,12/1/2021,315.0,320.0,315.0,315.1,-0.44,66799.0,270.6,218.9
GBIME,12/2/2021,318.0,320.0,307.0,310.0,-1.62,78872.0,270.6,218.9
GBIME,12/5/2021,310.0,312.0,300.0,304.0,-1.94,81412.0,270.6,218.9
GBIME,12/6/2021,301.0,306.0,289.0,302.0,-0.66,161939.0,270.6,218.9
GBIME,12/7/2021,306.0,315.0,302.0,303.0,0.33,95092.0,270.6,218.9
GBIME,12/8/2021,305.0,308.0,297.0,297.0,-1.98,48654.0,270.6,218.9
GBIME,12/9/2021,297.0,305.0,295.0,297.5,0.17,59027.0,270.6,218.9
GBIME,12/12/2021,298.0,299.0,284.1,286.0,-3.87,123530.0,270.6,218.9
GBIME,12/13/2021,285.0,285.0,275.0,282.5,-1.22,109906.0,270.6,218.9
GBIME,12/14/2021,288.0,295.0,286.3,295.0,4.42,36286.0,270.6,218.9
GBIME,12/15/2021,300.0,317.0,295.0,298.0,1.02,107988.0,270.6,218.9
GBIME,12/16/2021,300.0,302.0,295.0,297.5,-0.17,45859.0,270.6,218.9
GBIME,12/20/2021,303.4,303.4,294.0,295.0,-0.84,40837.0,270.6,218.9
GBIME,12/21/2021,295.0,300.0,295.0,298.0,1.02,45100.0,270.6,218.9
GBIME,12/22/2021,303.9,304.8,299.0,301.0,1.01,88589.0,270.6,218.9
GBIME,12/23/2021,307.0,307.0,301.0,303.0,0.66,53063.0,270.6,218.9
GBIME,12/26/2021,306.0,308.0,305.0,307.0,1.32,69000.0,270.6,218.9
GBIME,12/27/2021,311.0,311.0,300.0,301.9,-1.66,70874.0,270.6,218.9
GBIME,12/28/2021,302.0,302.0,295.9,298.0,-1.29,42744.0,270.6,218.9
GBIME,12/29/2021,298.0,300.0,296.0,298.9,0.3,39784.0,270.6,218.9
GBIME,1/2/2022,304.8,304.8,298.0,300.0,0.37,51165.0,270.6,218.9
GBIME,1/3/2022,306.0,306.0,300.0,300.2,0.07,81164.0,270.6,218.9
GBIME,1/4/2022,302.0,326.0,300.0,326.0,8.59,193324.0,270.6,218.9
GBIME,1/5/2022,326.0,331.0,317.0,320.1,-1.81,145665.0,270.6,218.9
GBIME,1/6/2022,320.0,332.0,315.0,330.0,3.09,95091.0,270.6,218.9
GBIME,1/9/2022,334.9,337.0,329.9,332.0,0.61,142518.0,270.6,218.9
GBIME,1/10/2022,333.4,338.0,325.0,327.0,-1.51,127855.0,270.6,218.9
GBIME,1/11/2022,327.0,330.0,324.0,326.0,-0.31,98026.0,270.6,218.9
GBIME,1/12/2022,326.0,331.0,321.0,321.0,-1.53,88713.0,270.6,218.9
GBIME,1/13/2022,320.0,326.0,320.0,326.0,1.56,65532.0,270.6,218.9
GBIME,1/16/2022,328.0,338.0,328.0,331.9,1.81,189009.0,270.6,218.9
GBIME,1/17/2022,335.0,338.0,331.2,335.0,0.93,124003.0,270.6,218.9
GBIME,1/18/2022,335.0,350.0,334.2,340.0,1.49,163491.0,270.6,218.9
GBIME,1/19/2022,346.8,352.0,340.0,342.9,0.85,116982.0,270.6,218.9
GBIME,1/20/2022,344.0,344.0,338.0,341.0,-0.55,72596.0,270.6,218.9
GBIME,1/23/2022,347.8,372.0,347.8,364.0,6.74,468687.0,270.6,218.9
GBIME,1/24/2022,371.2,371.2,349.9,355.0,-2.47,320833.0,270.6,218.9
GBIME,1/25/2022,362.1,365.0,348.0,360.0,1.41,184172.0,270.6,218.9
GBIME,1/26/2022,364.9,364.9,351.6,354.0,-1.67,121297.0,270.6,218.9
GBIME,1/27/2022,351.0,356.1,350.2,354.5,0.14,98860.0,270.6,218.9
GBIME,1/30/2022,361.5,373.3,361.0,365.0,2.96,151363.0,270.6,218.9
GBIME,1/31/2022,372.3,372.3,360.1,364.0,-0.27,91300.0,270.6,218.9
GBIME,2/1/2022,364.0,367.0,360.0,366.0,0.55,101715.0,270.6,218.9
GBIME,2/3/2022,370.0,370.0,361.1,363.0,-0.82,102527.0,270.6,218.9
GBIME,2/6/2022,359.0,361.0,355.0,359.0,-1.1,107445.0,270.6,218.9
GBIME,2/7/2022,358.0,364.0,357.0,360.0,0.28,84287.0,270.6,218.9
GBIME,2/8/2022,365.0,375.0,358.7,361.0,0.28,95513.0,270.6,218.9
GBIME,2/9/2022,361.0,361.0,356.1,357.4,-1.0,63925.0,270.6,218.9
GBIME,2/10/2022,355.0,358.0,351.0,351.5,-1.65,40366.0,270.6,218.9
GBIME,2/13/2022,345.0,346.0,335.0,338.0,-3.84,107422.0,270.6,218.9
GBIME,2/14/2022,338.0,350.0,335.0,338.0,0.0,63977.0,270.6,218.9
GBIME,2/15/2022,340.0,342.7,335.0,342.7,1.39,56237.0,270.6,218.9
GBIME,2/16/2022,345.0,345.0,336.2,337.0,-1.66,32736.0,270.6,218.9
GBIME,2/17/2022,338.0,340.0,336.0,337.0,0.0,31479.0,270.6,218.9
GBIME,2/20/2022,331.0,334.5,325.0,331.0,-1.78,50996.0,270.6,218.9
GBIME,2/21/2022,330.0,336.0,330.0,333.0,0.6,33171.0,270.6,218.9
GBIME,2/22/2022,336.0,341.0,336.0,337.5,1.35,37572.0,270.6,218.9
GBIME,2/23/2022,338.0,338.0,333.1,334.0,-1.04,32583.0,270.6,218.9
GBIME,2/24/2022,330.0,332.0,325.0,327.5,-1.95,82995.0,270.6,218.9
GBIME,2/27/2022,321.0,330.0,321.0,325.5,-0.61,79757.0,270.6,218.9
GBIME,2/28/2022,332.0,332.0,318.5,319.0,-2.0,80315.0,270.6,218.9
GBIME,3/2/2022,315.0,319.0,310.0,312.0,-2.19,88088.0,270.6,218.9
GBIME,3/6/2022,315.0,318.0,310.0,314.0,0.64,68311.0,270.6,218.9
GBIME,3/7/2022,314.0,322.0,314.0,317.0,0.96,55835.0,270.6,218.9
GBIME,3/9/2022,320.0,320.0,310.0,313.0,-1.26,55375.0,270.6,218.9
GBIME,3/10/2022,314.0,319.0,309.1,318.0,1.6,70598.0,270.6,218.9
GBIME,3/13/2022,320.0,329.0,318.0,328.0,3.14,197486.0,270.6,218.9
GBIME,3/14/2022,328.0,334.5,324.5,327.0,-0.3,64442.0,270.6,218.9
GBIME,3/15/2022,326.2,331.9,322.6,325.0,-0.61,122178.0,270.6,218.9
GBIME,3/16/2022,320.0,326.4,319.9,323.0,-0.62,173201.0,270.6,218.9
GBIME,3/20/2022,323.0,326.0,315.0,317.0,-1.86,127227.0,270.6,218.9
GBIME,3/21/2022,322.0,322.0,313.8,321.0,1.26,136093.0,270.6,218.9
GBIME,3/22/2022,326.0,326.0,320.0,324.0,0.93,66868.0,270.6,218.9
GBIME,3/23/2022,321.1,325.0,320.1,323.8,-0.06,49200.0,270.6,218.9
GBIME,3/24/2022,321.0,321.0,317.1,319.0,-1.48,66199.0,270.6,218.9
GBIME,3/27/2022,320.0,322.0,313.0,314.1,-1.54,93646.0,270.6,218.9
GBIME,3/28/2022,315.0,317.0,311.1,315.0,0.29,69034.0,270.6,218.9
GBIME,3/29/2022,313.0,316.8,313.0,314.9,-0.03,231439.0,270.6,218.9
GBIME,3/30/2022,315.0,316.0,311.5,316.0,0.35,48857.0,270.6,218.9
GBIME,3/31/2022,318.0,319.5,314.0,315.0,-0.32,30992.0,270.6,218.9
GBIME,4/3/2022,315.0,315.0,309.1,309.5,-1.75,53555.0,270.6,218.9
GBIME,4/4/2022,315.6,315.6,308.0,308.1,-0.45,54524.0,270.6,218.9
GBIME,4/5/2022,314.2,314.2,298.9,302.0,-1.98,104083.0,270.6,218.9
GBIME,4/6/2022,300.0,304.0,296.5,297.6,-1.46,57277.0,270.6,218.9
GBIME,4/7/2022,300.0,308.0,299.0,305.0,2.49,129878.0,270.6,218.9
GBIME,4/11/2022,310.0,315.0,298.0,298.1,-2.26,59353.0,270.6,218.9
GBIME,4/12/2022,303.0,303.0,295.0,297.0,-0.37,48490.0,270.6,218.9
GBIME,4/13/2022,300.0,302.0,295.3,299.7,0.91,38449.0,270.6,218.9
GBIME,4/17/2022,305.6,305.6,298.6,299.0,-0.23,32489.0,270.6,218.9
GBIME,4/18/2022,298.0,302.0,293.0,294.5,-1.51,104591.0,270.6,218.9
GBIME,4/19/2022,300.0,300.1,289.1,298.4,1.32,48144.0,270.6,218.9
GBIME,4/20/2022,304.3,304.3,296.1,296.2,-0.74,48109.0,270.6,218.9
GBIME,4/21/2022,298.0,302.0,295.0,299.0,0.95,49014.0,270.6,218.9
GBIME,4/24/2022,304.9,310.1,300.0,309.9,3.65,59408.0,270.6,218.9
GBIME,4/25/2022,313.0,316.0,303.0,305.2,-1.52,49502.0,270.6,218.9
GBIME,4/26/2022,302.0,305.0,299.7,301.0,-1.38,39807.0,270.6,218.9
GBIME,4/27/2022,300.0,301.0,298.0,300.0,-0.33,25579.0,270.6,218.9
GBIME,4/28/2022,306.0,306.0,300.0,300.1,0.03,30035.0,270.6,218.9
GBIME,5/2/2022,300.0,305.0,297.0,298.0,-0.7,33869.0,270.6,218.9
GBIME,5/4/2022,303.9,303.9,294.0,295.7,-0.77,29714.0,270.6,218.9
GBIME,5/5/2022,293.0,296.0,290.1,292.0,-1.25,53888.0,270.6,218.9
GBIME,5/8/2022,292.0,297.8,289.0,291.0,-0.34,32298.0,270.6,218.9
GBIME,5/9/2022,296.8,300.0,295.0,295.0,1.37,40987.0,270.6,218.9
GBIME,5/10/2022,295.0,300.0,295.0,300.0,1.69,28122.0,270.6,218.9
GBIME,5/11/2022,303.0,309.4,303.0,309.4,3.13,36557.0,270.6,218.9
GBIME,5/12/2022,315.0,315.0,306.1,306.1,-1.07,31763.0,270.6,218.9
GBIME,5/17/2022,300.0,305.0,297.1,297.9,-2.68,28933.0,270.6,218.9
GBIME,5/18/2022,295.0,298.0,294.0,298.0,0.03,25793.0,270.6,218.9
GBIME,5/19/2022,300.0,301.0,297.0,297.3,-0.23,16983.0,270.6,218.9
GBIME,5/20/2022,298.0,298.0,294.0,295.5,-0.61,17663.0,270.6,218.9
GBIME,5/23/2022,301.4,301.4,290.0,290.2,-1.79,35619.0,270.6,218.9
GBIME,5/24/2022,296.0,296.0,288.2,291.8,0.55,32119.0,270.6,218.9
GBIME,5/25/2022,297.6,297.6,292.0,292.0,0.07,21657.0,270.6,218.9
GBIME,5/26/2022,297.8,297.8,291.0,294.0,0.68,24167.0,270.6,218.9
GBIME,5/27/2022,299.8,299.8,295.0,295.0,0.34,20133.0,270.6,218.9
GBIME,5/30/2022,298.0,298.0,288.1,289.0,-2.03,22857.0,270.6,218.9
GBIME,5/31/2022,289.0,291.0,283.0,288.0,-0.35,55529.0,270.6,218.9
GBIME,6/1/2022,288.0,291.0,286.0,288.0,0.0,20698.0,270.6,218.9
GBIME,6/2/2022,290.0,290.0,285.1,286.0,-0.69,22711.0,270.6,218.9
GBIME,6/3/2022,281.0,284.0,276.0,277.0,-3.15,72933.0,270.6,218.9
GBIME,6/6/2022,278.0,278.0,264.3,267.0,-3.61,87401.0,270.6,218.9
GBIME,6/7/2022,267.0,267.0,259.0,259.2,-2.92,48288.0,270.6,218.9
GBIME,6/8/2022,260.0,272.0,259.1,269.0,3.78,36354.0,270.6,218.9
GBIME,6/9/2022,272.0,278.0,265.0,266.0,-1.12,47917.0,270.6,218.9
GBIME,6/10/2022,271.3,271.3,262.0,265.0,-0.38,20911.0,270.6,218.9
GBIME,6/13/2022,262.2,268.0,262.0,265.0,0.0,49030.0,270.6,218.9
GBIME,6/14/2022,264.0,265.0,258.0,258.6,-2.42,58879.0,270.6,218.9
GBIME,6/15/2022,255.5,255.5,250.3,251.4,-2.78,100402.0,270.6,218.9
GBIME,12/7/2022,240.0,240.0,220.0,221.4,-11.93,143676.0,270.6,218.9
GBIME,12/11/2022,221.0,221.0,213.7,214.2,-3.25,89079.0,270.6,218.9
GBIME,12/12/2022,214.2,214.2,206.0,214.0,-0.09,97560.0,270.6,218.9
GBIME,12/13/2022,214.0,214.5,209.0,212.0,-0.93,26556.0,270.6,218.9
GBIME,12/14/2022,212.9,213.0,207.5,208.0,-1.89,37002.0,270.6,218.9
GBIME,12/15/2022,208.0,208.9,205.0,205.5,-1.2,42309.0,270.6,218.9
GBIME,12/18/2022,205.5,205.5,200.0,202.0,-1.7,66218.0,270.6,218.9
GBIME,12/19/2022,202.0,202.0,197.5,198.6,-1.68,70195.0,270.6,218.9
GBIME,12/20/2022,200.0,201.0,197.1,200.0,0.7,31289.0,270.6,218.9
GBIME,12/21/2022,201.0,201.0,197.1,198.5,-0.75,25652.0,270.6,218.9
GBIME,12/22/2022,201.4,201.4,198.0,198.5,0.0,33057.0,270.6,218.9
GBIME,12/26/2022,201.4,207.9,200.1,207.0,4.28,51530.0,270.6,218.9
GBIME,12/27/2022,210.1,216.0,210.0,214.0,3.38,103327.0,270.6,218.9
GBIME,12/28/2022,216.0,217.0,209.0,209.9,-1.92,37458.0,270.6,218.9
GBIME,12/29/2022,211.0,213.9,207.6,213.9,1.91,114945.0,270.6,218.9
GBIME,1/1/2023,210.1,217.7,210.1,212.5,-0.65,59062.0,270.6,218.9
GBIME,1/2/2023,212.5,216.0,210.0,212.0,-0.24,35977.0,270.6,218.9
GBIME,1/3/2023,215.0,215.0,207.0,210.0,-0.94,88647.0,270.6,218.9
GBIME,1/4/2023,212.0,213.0,209.0,212.0,0.95,86600.0,270.6,218.9
GBIME,1/5/2023,215.0,216.2,210.0,211.0,-0.47,89850.0,270.6,218.9
GBIME,1/8/2023,211.0,213.9,208.9,210.4,-0.28,171512.0,270.6,218.9
GBIME,2/22/2023,210.0,210.0,199.0,204.0,-3.04,227497.0,270.6,218.9
GBIME,2/23/2023,204.0,204.0,197.0,199.5,-2.21,183925.0,270.6,218.9
GBIME,2/26/2023,200.0,200.0,192.1,195.2,-2.16,148048.0,270.6,218.9
GBIME,2/27/2023,197.0,201.0,193.0,197.0,0.92,102829.0,270.6,218.9
GBIME,2/28/2023,198.0,199.0,194.3,195.2,-0.91,71406.0,270.6,218.9
GBIME,3/1/2023,195.0,199.0,193.1,194.0,-0.61,72908.0,270.6,218.9
GBIME,3/2/2023,193.1,194.2,191.0,191.0,-1.55,75249.0,270.6,218.9
GBIME,3/5/2023,194.0,194.9,188.4,188.4,-1.36,64855.0,270.6,218.9
GBIME,3/7/2023,189.0,191.9,187.1,188.6,0.11,97487.0,270.6,218.9
GBIME,3/9/2023,189.0,194.8,189.0,192.9,2.28,92131.0,270.6,218.9
GBIME,3/12/2023,195.9,195.9,190.0,190.9,-1.04,80911.0,270.6,218.9
GBIME,3/13/2023,192.0,192.0,187.0,187.5,-1.78,78219.0,270.6,218.9
GBIME,3/14/2023,183.8,189.9,183.8,186.4,-0.59,114448.0,270.6,218.9
GBIME,3/15/2023,185.1,189.9,184.1,185.2,-0.64,86059.0,270.6,218.9
GBIME,3/16/2023,188.9,189.0,184.0,187.2,1.08,79373.0,270.6,218.9
GBIME,3/19/2023,190.0,190.0,186.0,187.0,-0.11,70476.0,270.6,218.9
GBIME,3/20/2023,189.7,189.9,186.5,188.1,0.59,65565.0,270.6,218.9
GBIME,3/22/2023,190.0,192.9,186.0,187.9,-0.11,89332.0,270.6,218.9
GBIME,3/23/2023,189.9,189.9,184.0,186.0,-1.01,119328.0,270.6,218.9
GBIME,3/26/2023,188.6,188.6,183.0,183.9,-1.13,79302.0,270.6,218.9
GBIME,3/27/2023,183.1,185.9,182.0,182.0,-1.03,102412.0,270.6,218.9
GBIME,3/28/2023,185.6,187.9,184.0,185.5,1.92,76039.0,270.6,218.9
GBIME,3/29/2023,187.9,187.9,182.1,186.0,0.27,62357.0,270.6,218.9
GBIME,3/30/2023,189.0,189.0,184.0,186.0,0.0,53351.0,270.6,218.9
GBIME,4/2/2023,189.7,190.0,182.3,183.0,-1.61,84655.0,270.6,218.9
GBIME,4/3/2023,186.5,186.5,180.0,182.0,-0.55,140647.0,270.6,218.9
GBIME,4/4/2023,180.0,183.0,180.0,181.0,-0.55,49722.0,270.6,218.9
GBIME,4/5/2023,180.0,182.9,179.0,181.1,0.06,40483.0,270.6,218.9
GBIME,4/6/2023,181.0,183.1,179.7,182.0,0.5,87941.0,270.6,218.9
GBIME,4/9/2023,182.0,182.0,178.7,180.3,-0.93,180985.0,270.6,218.9
GBIME,4/10/2023,181.9,182.8,178.1,181.9,0.89,64332.0,270.6,218.9
GBIME,4/11/2023,183.0,183.9,180.0,183.5,0.88,58757.0,270.6,218.9
GBIME,4/12/2023,185.0,194.8,184.0,194.4,5.94,133689.0,270.6,218.9
GBIME,4/13/2023,198.2,201.0,188.2,189.0,-2.78,91015.0,270.6,218.9
GBIME,4/16/2023,190.0,192.6,188.9,189.9,0.48,72933.0,270.6,218.9
GBIME,4/17/2023,192.0,192.5,188.8,189.0,-0.47,70513.0,270.6,218.9
GBIME,4/18/2023,192.7,193.8,189.0,191.4,1.27,77049.0,270.6,218.9
GBIME,4/19/2023,192.0,195.0,191.7,193.3,0.99,77133.0,270.6,218.9
GBIME,4/20/2023,189.5,196.0,189.5,191.7,-0.83,114419.0,270.6,218.9
GBIME,4/23/2023,193.9,193.9,188.0,188.5,-1.67,82697.0,270.6,218.9
GBIME,4/24/2023,188.0,190.9,187.0,189.0,0.27,39998.0,270.6,218.9
GBIME,4/25/2023,189.0,190.7,186.9,190.4,0.74,69205.0,270.6,218.9
GBIME,4/26/2023,192.0,192.0,188.0,189.9,-0.26,66958.0,270.6,218.9
GBIME,4/27/2023,191.0,191.0,187.0,188.9,-0.53,33192.0,270.6,218.9
GBIME,4/30/2023,190.0,190.0,185.7,187.0,-1.01,72250.0,270.6,218.9
GBIME,5/2/2023,187.0,190.0,183.3,183.5,-1.87,60158.0,270.6,218.9
GBIME,5/3/2023,183.0,185.0,182.5,185.0,0.82,38440.0,270.6,218.9
GBIME,5/4/2023,187.0,187.0,183.2,186.3,0.7,43945.0,270.6,218.9
GBIME,5/7/2023,187.0,187.0,183.0,183.0,-1.77,49157.0,270.6,218.9
GBIME,5/8/2023,186.0,186.0,180.2,181.5,-0.82,70629.0,270.6,218.9
GBIME,5/9/2023,184.9,184.9,180.4,183.2,0.94,59202.0,270.6,218.9
GBIME,5/10/2023,185.0,185.0,182.2,183.2,0.0,30993.0,270.6,218.9
GBIME,5/11/2023,185.0,185.0,182.0,182.3,-0.49,30993.0,270.6,218.9
GBIME,5/14/2023,184.0,185.0,182.0,184.0,0.93,58668.0,270.6,218.9
GBIME,5/15/2023,185.0,185.0,181.0,183.5,-0.27,36265.0,270.6,218.9
GBIME,5/16/2023,182.0,184.0,181.0,183.0,-0.27,75096.0,270.6,218.9
GBIME,5/17/2023,184.0,184.0,181.2,183.0,0.0,80320.0,270.6,218.9
GBIME,5/18/2023,186.0,186.0,181.3,184.0,0.55,68916.0,270.6,218.9
GBIME,5/21/2023,186.0,187.6,184.0,185.0,0.54,64088.0,270.6,218.9
GBIME,5/22/2023,185.0,186.0,182.5,184.8,-0.11,63675.0,270.6,218.9
GBIME,5/23/2023,185.0,187.5,185.0,187.0,1.19,56540.0,270.6,218.9
GBIME,5/24/2023,188.9,188.9,185.2,187.5,0.27,51793.0,270.6,218.9
GBIME,5/28/2023,187.0,191.0,186.0,188.1,0.32,115547.0,270.6,218.9
GBIME,5/30/2023,188.1,188.1,182.5,183.7,-2.34,71912.0,270.6,218.9
GBIME,5/31/2023,183.7,184.9,180.1,181.5,-1.2,64494.0,270.6,218.9
GBIME,6/1/2023,180.0,185.0,177.9,181.5,0.0,84886.0,270.6,218.9
GBIME,6/4/2023,181.0,185.5,180.0,183.9,1.32,58480.0,270.6,218.9
GBIME,6/5/2023,184.0,187.0,182.5,183.8,-0.05,49214.0,270.6,218.9
GBIME,6/6/2023,185.0,185.0,181.0,183.2,-0.33,39603.0,270.6,218.9
GBIME,6/7/2023,183.2,184.5,182.0,182.2,-0.55,46902.0,270.6,218.9
GBIME,6/8/2023,183.3,183.3,180.5,182.0,-0.11,56520.0,270.6,218.9
GBIME,6/11/2023,181.0,183.9,180.0,182.8,0.44,118134.0,270.6,218.9
GBIME,6/12/2023,184.0,185.0,181.6,182.6,-0.11,106025.0,270.6,218.9
GBIME,6/13/2023,182.0,185.0,180.5,183.0,0.22,95079.0,270.6,218.9
GBIME,6/14/2023,183.0,186.5,183.0,185.0,1.09,143558.0,270.6,218.9
GBIME,6/15/2023,185.2,186.9,183.5,183.7,-0.7,62147.0,270.6,218.9
GBIME,6/18/2023,183.1,186.0,182.3,183.1,-0.33,108598.0,270.6,218.9
GBIME,6/19/2023,183.0,183.9,181.8,181.8,-0.71,126493.0,270.6,218.9
GBIME,6/20/2023,184.9,185.3,182.0,183.7,1.05,126178.0,270.6,218.9
GBIME,6/21/2023,184.0,184.9,181.7,181.7,-1.09,147522.0,270.6,218.9
GBIME,6/22/2023,181.6,183.0,180.4,181.4,-0.17,77006.0,270.6,218.9
GBIME,6/25/2023,182.0,183.9,180.6,183.9,1.38,205653.0,270.6,218.9
GBIME,6/26/2023,183.9,185.6,181.0,182.0,-1.03,125881.0,270.6,218.9
GBIME,6/27/2023,182.0,192.0,182.0,192.0,5.49,224422.0,270.6,218.9
GBIME,6/28/2023,195.5,201.9,191.0,191.7,-0.16,174585.0,270.6,218.9
GBIME,7/2/2023,191.0,191.0,185.5,186.0,-2.97,109668.0,270.6,218.9
GBIME,7/3/2023,186.0,186.5,182.7,183.9,-1.13,75021.0,270.6,218.9
GBIME,7/4/2023,182.1,185.7,182.0,182.7,-0.65,101611.0,270.6,218.9
GBIME,7/5/2023,183.5,184.5,179.5,180.4,-1.26,122147.0,270.6,218.9
GBIME,7/6/2023,182.0,183.0,177.0,179.8,-0.33,217863.0,270.6,218.9
GBIME,7/9/2023,176.3,184.0,176.3,178.9,-0.5,119176.0,270.6,218.9
GBIME,7/10/2023,182.0,184.0,176.0,178.0,-0.5,159686.0,270.6,218.9
GBIME,7/11/2023,180.0,182.0,177.5,178.0,0.0,81788.0,270.6,218.9
GBIME,7/12/2023,178.2,183.0,178.2,180.5,1.4,75411.0,270.6,218.9
GBIME,7/13/2023,182.9,185.0,182.0,183.5,1.66,86772.0,270.6,218.9
GBIME,7/16/2023,186.3,186.8,182.0,186.0,1.36,71941.0,270.6,218.9
GBIME,7/17/2023,185.5,192.0,184.5,190.5,2.42,112081.0,270.6,218.9
GBIME,7/18/2023,193.0,197.2,191.0,195.0,2.36,223434.0,270.6,218.9
GBIME,7/19/2023,195.0,200.0,194.0,199.9,2.51,235210.0,270.6,218.9
GBIME,7/20/2023,200.0,206.0,200.0,203.9,2.0,266291.0,270.6,218.9
GBIME,7/23/2023,205.0,223.5,205.0,222.9,9.32,570751.0,270.6,218.9
GBIME,7/24/2023,220.0,241.9,215.0,231.0,3.63,828678.0,270.6,218.9
GBIME,7/25/2023,231.0,235.0,222.0,222.3,-3.77,347942.0,270.6,218.9
GBIME,7/26/2023,223.0,226.4,218.1,222.5,0.09,235135.0,270.6,218.9
GBIME,7/27/2023,223.0,226.0,218.2,219.5,-1.35,184952.0,270.6,218.9
GBIME,7/30/2023,220.0,223.7,212.7,215.0,-2.05,175072.0,270.6,218.9
GBIME,7/31/2023,217.0,222.0,213.4,220.0,2.33,173295.0,270.6,218.9
GBIME,8/1/2023,220.0,224.0,217.1,218.5,-0.68,153770.0,270.6,218.9
GBIME,8/2/2023,218.6,222.9,217.0,222.0,1.6,128173.0,270.6,218.9
GBIME,8/3/2023,224.4,225.0,221.5,224.0,0.9,134917.0,270.6,218.9
GBIME,8/6/2023,228.4,230.0,213.5,215.7,-3.71,391161.0,270.6,218.9
GBIME,8/7/2023,219.0,219.0,210.8,213.0,-1.25,146484.0,270.6,218.9
GBIME,8/8/2023,211.0,215.0,207.0,207.2,-2.72,127065.0,270.6,218.9
GBIME,8/9/2023,207.5,213.0,203.1,213.0,2.8,104293.0,270.6,218.9
GBIME,8/10/2023,215.9,216.8,210.0,210.0,-1.41,105657.0,270.6,218.9
GBIME,8/13/2023,213.0,218.0,209.0,214.9,2.33,130578.0,270.6,218.9
GBIME,8/14/2023,218.4,220.0,215.0,216.0,0.51,94254.0,270.6,218.9
GBIME,8/15/2023,218.0,218.0,212.1,213.6,-1.11,68773.0,270.6,218.9
GBIME,8/16/2023,213.7,213.7,209.0,211.0,-1.22,87457.0,270.6,218.9
GBIME,8/17/2023,211.0,214.0,210.0,211.5,0.24,44801.0,270.6,218.9
GBIME,8/20/2023,212.0,213.0,209.0,209.3,-1.04,97665.0,270.6,218.9
GBIME,8/21/2023,210.0,211.0,206.0,208.4,-0.43,63144.0,270.6,218.9
GBIME,8/22/2023,210.0,210.0,205.1,208.0,-0.19,59357.0,270.6,218.9
GBIME,8/23/2023,208.0,212.0,208.0,210.0,0.96,58048.0,270.6,218.9
GBIME,8/24/2023,209.0,210.5,205.5,206.0,-1.9,99709.0,270.6,218.9
GBIME,8/27/2023,206.0,209.0,205.0,205.5,-0.24,52800.0,270.6,218.9
GBIME,8/28/2023,204.0,210.0,204.0,207.5,0.97,59110.0,270.6,218.9
GBIME,8/29/2023,206.1,208.0,206.0,206.8,-0.34,29955.0,270.6,218.9
GBIME,8/30/2023,210.9,210.9,204.5,205.3,-0.73,87846.0,270.6,218.9
GBIME,9/3/2023,208.0,208.0,203.0,203.5,-0.88,70376.0,270.6,218.9
GBIME,9/4/2023,206.0,207.0,201.1,203.0,-0.25,59675.0,270.6,218.9
GBIME,9/5/2023,200.6,203.1,200.0,200.1,-1.43,70064.0,270.6,218.9
GBIME,9/7/2023,200.0,202.0,198.0,198.3,-0.9,56488.0,270.6,218.9
GBIME,9/10/2023,199.0,200.9,198.3,199.5,0.61,76639.0,270.6,218.9
GBIME,9/11/2023,200.1,205.0,187.0,205.0,2.76,91554.0,270.6,218.9
GBIME,9/12/2023,206.0,206.0,202.1,203.1,-0.93,45075.0,270.6,218.9
GBIME,9/13/2023,204.0,205.0,203.1,205.0,0.94,51737.0,270.6,218.9
GBIME,9/17/2023,205.0,208.0,203.0,203.7,-0.63,88264.0,270.6,218.9
GBIME,9/18/2023,205.0,205.0,201.1,204.4,0.34,33036.0,270.6,218.9
GBIME,9/19/2023,204.0,205.0,202.0,203.4,-0.49,35987.0,270.6,218.9
GBIME,9/21/2023,207.4,210.0,205.6,207.8,2.16,111506.0,270.6,218.9
GBIME,9/24/2023,208.0,209.0,204.2,205.0,-1.35,75290.0,270.6,218.9
GBIME,9/25/2023,208.0,208.0,204.0,205.3,0.15,53006.0,270.6,218.9
GBIME,9/26/2023,208.0,209.7,206.1,209.7,2.14,96915.0,270.6,218.9
GBIME,9/27/2023,210.0,210.0,207.3,208.5,-0.57,50400.0,270.6,218.9
GBIME,10/1/2023,208.0,208.9,204.6,206.9,-0.77,83973.0,270.6,218.9
GBIME,10/2/2023,204.0,209.0,204.0,207.4,0.24,100887.0,270.6,218.9
GBIME,10/3/2023,211.5,211.5,206.0,206.5,-0.43,64254.0,270.6,218.9
GBIME,10/4/2023,206.0,208.4,204.1,207.0,0.24,78383.0,270.6,218.9
GBIME,10/5/2023,206.1,208.1,206.1,208.0,0.48,84871.0,270.6,218.9
GBIME,10/8/2023,212.0,212.0,204.9,207.0,-0.48,88765.0,270.6,218.9
GBIME,10/9/2023,207.0,208.0,203.0,205.0,-0.97,70335.0,270.6,218.9
GBIME,10/10/2023,207.8,207.8,202.0,202.0,-1.46,71975.0,270.6,218.9
GBIME,10/11/2023,202.0,205.0,201.1,202.2,0.1,67161.0,270.6,218.9
GBIME,10/12/2023,203.9,203.9,200.0,201.9,-0.15,96885.0,270.6,218.9
GBIME,10/16/2023,201.0,202.0,198.5,198.7,-1.58,86878.0,270.6,218.9
GBIME,10/17/2023,201.0,207.0,200.2,202.0,1.66,48295.0,270.6,218.9
GBIME,10/18/2023,202.0,208.9,202.0,208.8,3.37,51411.0,270.6,218.9
GBIME,10/19/2023,210.9,211.0,205.2,208.8,0.0,37778.0,270.6,218.9
GBIME,10/29/2023,206.6,207.0,204.0,205.0,-1.82,39634.0,270.6,218.9
GBIME,10/30/2023,205.0,209.1,201.2,209.0,1.95,64960.0,270.6,218.9
GBIME,10/31/2023,209.0,209.0,206.1,207.9,-0.53,21139.0,270.6,218.9
GBIME,11/1/2023,207.0,210.0,206.3,208.9,0.48,60135.0,270.6,218.9
GBIME,11/2/2023,208.0,209.6,205.0,206.0,-1.39,62403.0,270.6,218.9
GBIME,11/5/2023,206.0,206.0,199.7,201.0,-2.43,158070.0,270.6,218.9
GBIME,11/6/2023,203.0,203.0,200.0,203.0,1.0,90878.0,270.6,218.9
GBIME,11/7/2023,205.0,205.5,203.3,205.4,1.18,53294.0,270.6,218.9
GBIME,11/8/2023,204.0,206.5,203.1,206.0,0.29,46836.0,270.6,218.9
GBIME,11/9/2023,205.0,208.0,203.6,208.0,0.97,37441.0,270.6,218.9
GBIME,11/20/2023,212.0,212.0,206.0,207.0,-0.48,76289.0,270.6,218.9
GBIME,11/21/2023,210.0,210.0,204.1,206.1,-0.43,80348.0,270.6,218.9
GBIME,11/22/2023,204.0,208.0,202.7,206.0,-0.05,75220.0,270.6,218.9
GBIME,11/23/2023,206.0,208.1,204.0,208.0,0.97,81017.0,270.6,218.9
GBIME,11/26/2023,206.0,209.0,205.2,208.0,0.0,76292.0,270.6,218.9
GBIME,11/27/2023,209.0,210.0,207.1,209.0,0.48,96183.0,270.6,218.9
GBIME,11/28/2023,209.9,212.0,209.0,211.0,0.96,168778.0,270.6,218.9
GBIME,11/29/2023,205.0,205.0,200.0,202.0,-4.27,65866.0,270.6,218.9
GBIME,11/30/2023,200.0,200.0,197.0,198.0,-1.98,63984.0,270.6,218.9
GBIME,12/3/2023,201.0,201.0,194.5,196.0,-1.01,60450.0,270.6,218.9
GBIME,12/4/2023,196.0,196.5,193.0,193.0,-1.53,79593.0,270.6,218.9
GBIME,12/5/2023,193.0,195.0,190.0,190.0,-1.55,75574.0,270.6,218.9
GBIME,12/6/2023,190.0,190.5,187.0,190.5,0.26,51139.0,270.6,218.9
GBIME,12/7/2023,191.0,193.0,188.4,191.0,0.26,39359.0,270.6,218.9
GBIME,12/10/2023,191.0,206.5,191.0,204.0,6.81,15408.0,270.6,218.9
GBIME,12/11/2023,208.0,208.0,197.0,200.9,-1.52,151441.0,270.6,218.9
GBIME,12/12/2023,200.9,202.5,197.2,199.0,-0.95,104498.0,270.6,218.9
GBIME,12/13/2023,199.0,202.9,197.5,198.0,-0.5,109189.0,270.6,218.9
GBIME,12/14/2023,199.0,200.0,196.1,198.5,0.25,75241.0,270.6,218.9
GBIME,12/17/2023,194.6,199.0,189.0,197.8,-0.35,170156.0,270.6,218.9
GBIME,12/18/2023,197.8,204.4,196.0,202.0,2.12,232491.0,270.6,218.9
GBIME,12/19/2023,205.0,209.0,202.6,204.0,0.99,272573.0,270.6,218.9
GBIME,12/20/2023,208.0,216.2,206.0,211.0,3.43,335098.0,270.6,218.9
GBIME,12/21/2023,213.0,213.0,206.0,207.0,-1.9,180068.0,270.6,218.9
GBIME,12/24/2023,210.0,210.0,201.2,203.0,-1.93,201452.0,270.6,218.9
GBIME,12/27/2023,203.5,211.1,201.9,204.1,0.54,164605.0,270.6,218.9
GBIME,12/28/2023,206.0,207.0,202.0,206.1,0.98,114690.0,270.6,218.9
GBIME,1/1/2024,206.1,207.9,202.9,207.0,0.44,107722.0,270.6,218.9
GBIME,1/2/2024,207.0,208.0,203.0,203.0,-1.93,168606.0,270.6,218.9
GBIME,1/3/2024,201.6,205.0,201.6,203.7,0.34,67600.0,270.6,218.9
GBIME,1/4/2024,203.0,205.1,201.0,202.0,-0.83,108703.0,270.6,218.9
GBIME,1/7/2024,201.0,205.0,198.1,198.3,-1.83,168782.0,270.6,218.9
GBIME,1/8/2024,200.1,203.0,200.0,200.0,0.86,112750.0,270.6,218.9
GBIME,1/9/2024,201.0,203.0,200.0,200.0,0.0,178234.0,270.6,218.9
GBIME,1/10/2024,204.0,208.0,201.0,201.0,0.5,117923.0,270.6,218.9
GBIME,1/11/2024,203.0,204.8,200.5,201.5,0.25,234224.0,270.6,218.9
GBIME,1/14/2024,204.9,206.0,202.1,205.0,1.74,102556.0,270.6,218.9
GBIME,1/16/2024,207.0,210.5,206.1,209.4,2.15,203296.0,270.6,218.9
GBIME,1/17/2024,213.5,214.0,205.8,208.5,-0.43,230444.0,270.6,218.9
GBIME,1/18/2024,206.5,209.0,204.7,206.5,-0.96,142185.0,270.6,218.9
GBIME,1/21/2024,202.4,204.5,200.0,202.0,-2.18,203178.0,270.6,218.9
GBIME,1/22/2024,200.7,202.0,196.1,198.0,-1.98,135115.0,270.6,218.9
GBIME,1/23/2024,199.0,200.0,196.5,198.0,0.0,106230.0,270.6,218.9
GBIME,1/24/2024,199.0,201.9,197.5,201.7,1.87,118722.0,270.6,218.9
GBIME,1/25/2024,200.0,202.9,199.0,202.0,0.15,113193.0,270.6,218.9
GBIME,1/28/2024,202.0,202.0,198.8,200.0,-0.99,93866.0,270.6,218.9
GBIME,1/29/2024,200.0,202.0,197.9,199.0,-0.5,89681.0,270.6,218.9
GBIME,1/30/2024,201.9,201.9,197.3,198.5,-0.25,84689.0,270.6,218.9
GBIME,1/31/2024,195.0,200.0,195.0,197.0,-0.76,99882.0,270.6,218.9
GBIME,2/1/2024,197.0,197.0,195.0,195.7,-0.66,85445.0,270.6,218.9
GBIME,2/4/2024,196.0,196.0,193.2,194.6,-0.56,64158.0,270.6,218.9
GBIME,2/5/2024,195.5,197.0,193.0,193.6,-0.51,61796.0,270.6,218.9
GBIME,2/6/2024,195.0,196.0,193.0,193.1,-0.26,52648.0,270.6,218.9
GBIME,2/7/2024,196.9,200.8,194.1,194.5,0.73,43724.0,270.6,218.9
GBIME,2/8/2024,194.5,197.0,194.1,195.0,0.26,58006.0,270.6,218.9
GBIME,2/11/2024,195.0,198.0,194.1,194.5,-0.26,87462.0,270.6,218.9
GBIME,2/12/2024,198.0,198.0,193.1,194.4,-0.05,62447.0,270.6,218.9
GBIME,2/13/2024,194.0,195.0,191.1,192.0,-1.23,106389.0,270.6,218.9
GBIME,2/14/2024,194.5,194.5,191.2,192.0,0.0,40692.0,270.6,218.9
GBIME,2/15/2024,193.0,193.0,190.1,191.0,-0.52,62801.0,270.6,218.9
GBIME,2/18/2024,190.0,192.0,188.3,188.7,-1.2,65815.0,270.6,218.9
GBIME,2/20/2024,186.1,191.0,186.1,189.0,0.16,74857.0,270.6,218.9
GBIME,2/21/2024,190.0,191.0,188.0,189.0,0.0,36476.0,270.6,218.9
GBIME,2/22/2024,189.0,190.0,186.5,186.5,-1.32,57767.0,270.6,218.9
GBIME,2/25/2024,188.0,188.0,180.0,181.3,-2.79,85059.0,270.6,218.9
GBIME,2/26/2024,184.0,187.6,179.2,182.5,0.66,54577.0,270.6,218.9
GBIME,2/27/2024,184.9,184.9,181.0,184.0,0.82,37472.0,270.6,218.9
GBIME,2/28/2024,184.0,186.0,181.7,185.0,0.54,46680.0,270.6,218.9
GBIME,2/29/2024,182.0,192.4,181.1,181.9,-1.68,34595.0,270.6,218.9
GBIME,3/3/2024,180.0,181.9,178.6,181.4,-0.27,51440.0,270.6,218.9
GBIME,3/4/2024,183.0,195.8,183.0,195.8,7.94,1780.0,270.6,218.9
GBIME,3/5/2024,197.0,197.1,186.0,186.1,-4.95,54708.0,270.6,218.9
GBIME,3/6/2024,186.1,188.8,183.0,186.0,-0.05,27772.0,270.6,218.9
GBIME,3/7/2024,189.7,193.1,186.0,188.0,1.08,48510.0,270.6,218.9
GBIME,3/10/2024,191.7,192.0,188.0,191.0,1.6,51463.0,270.6,218.9
GBIME,3/12/2024,191.0,195.0,190.6,194.0,1.57,76306.0,270.6,218.9
GBIME,3/13/2024,197.8,197.8,191.1,194.0,0.0,63204.0,270.6,218.9
GBIME,3/14/2024,192.0,194.8,192.0,193.5,-0.26,73019.0,270.6,218.9
GBIME,3/17/2024,191.0,192.0,190.1,191.5,-1.03,40619.0,270.6,218.9
GBIME,3/18/2024,195.3,195.3,188.2,192.9,0.73,56093.0,270.6,218.9
GBIME,3/19/2024,192.5,192.5,188.5,189.0,-2.02,40516.0,270.6,218.9
GBIME,3/20/2024,192.7,192.7,187.2,190.0,0.53,40408.0,270.6,218.9
GBIME,3/21/2024,189.0,190.0,186.6,187.3,-1.42,43742.0,270.6,218.9
GBIME,3/25/2024,185.0,187.0,183.6,184.3,-1.6,81711.0,270.6,218.9
GBIME,3/26/2024,184.0,185.0,181.1,184.8,0.27,32463.0,270.6,218.9
GBIME,3/27/2024,184.0,185.0,181.5,182.9,-1.03,40354.0,270.6,218.9
GBIME,3/28/2024,186.5,186.5,181.0,181.9,-0.55,45881.0,270.6,218.9
GBIME,3/31/2024,182.1,200.0,179.0,181.6,-0.16,92143.0,270.6,218.9
GBIME,4/1/2024,180.0,182.5,179.0,181.2,-0.22,28648.0,270.6,218.9
GBIME,4/2/2024,184.8,184.8,181.0,181.2,0.0,91209.0,270.6,218.9
GBIME,4/3/2024,183.9,184.8,181.0,181.4,0.11,39590.0,270.6,218.9
GBIME,4/4/2024,181.0,181.0,179.0,179.6,-0.99,47587.0,270.6,218.9
GBIME,4/7/2024,180.0,181.9,177.5,180.6,0.56,59561.0,270.6,218.9
GBIME,4/9/2024,184.2,184.2,180.0,180.2,-0.22,58231.0,270.6,218.9
GBIME,4/10/2024,182.0,182.0,179.0,182.0,1.0,62691.0,270.6,218.9
GBIME,4/14/2024,182.0,182.0,179.0,179.0,-1.65,50721.0,270.6,218.9
GBIME,4/15/2024,180.0,181.0,176.0,180.0,0.56,124478.0,270.6,218.9
GBIME,4/16/2024,178.5,180.0,177.0,177.4,-1.44,28551.0,270.6,218.9
GBIME,4/18/2024,177.8,180.0,175.0,175.3,-1.18,31384.0,270.6,218.9
GBIME,4/21/2024,175.0,177.0,170.0,174.0,-0.74,77654.0,270.6,218.9
GBIME,4/22/2024,174.6,176.6,172.0,173.1,-0.52,80886.0,270.6,218.9
GBIME,4/24/2024,174.0,178.8,170.5,177.6,2.6,88218.0,270.6,218.9
GBIME,4/25/2024,178.0,178.5,175.0,176.0,-0.9,156967.0,270.6,218.9
GBIME,4/28/2024,179.5,179.5,172.0,176.0,0.0,64657.0,270.6,218.9
GBIME,4/29/2024,179.5,179.5,173.0,177.5,0.85,155320.0,270.6,218.9
GBIME,4/30/2024,178.0,180.0,175.0,180.0,1.41,207105.0,270.6,218.9
GBIME,5/2/2024,183.6,183.6,177.0,180.0,0.0,95841.0,270.6,218.9
GBIME,5/5/2024,180.0,180.0,175.0,177.9,-1.17,62269.0,270.6,218.9
GBIME,5/6/2024,181.4,181.4,174.5,176.0,-1.07,31949.0,270.6,218.9
GBIME,5/7/2024,174.1,176.6,173.0,174.0,-1.14,66370.0,270.6,218.9
GBIME,5/8/2024,172.5,176.0,171.2,172.0,-1.15,33006.0,270.6,218.9
GBIME,5/9/2024,174.4,174.4,170.0,173.2,0.7,52164.0,270.6,218.9
GBIME,5/12/2024,176.6,176.6,170.5,174.0,0.46,56128.0,270.6,218.9
GBIME,5/13/2024,177.4,181.0,173.2,178.0,2.3,92897.0,270.6,218.9
GBIME,5/14/2024,181.5,181.5,176.0,177.0,-0.56,39770.0,270.6,218.9
GBIME,5/15/2024,178.0,180.0,178.0,178.0,0.56,54933.0,270.6,218.9
GBIME,5/16/2024,181.5,181.5,175.1,176.0,-1.12,48622.0,270.6,218.9
GBIME,5/19/2024,179.0,181.0,177.0,181.0,2.84,119962.0,270.6,218.9
GBIME,5/20/2024,184.6,192.0,178.5,186.5,3.04,320341.0,270.6,218.9
GBIME,5/21/2024,190.2,190.2,184.3,188.0,0.8,161501.0,270.6,218.9
GBIME,5/22/2024,187.0,194.0,186.0,192.0,2.13,219662.0,270.6,218.9
GBIME,5/26/2024,192.0,196.0,189.0,192.0,0.0,210409.0,270.6,218.9
GBIME,5/27/2024,192.3,195.0,189.0,190.0,-1.04,97055.0,270.6,218.9
GBIME,5/29/2024,193.8,197.0,187.0,187.0,-1.58,143195.0,270.6,218.9
GBIME,5/30/2024,190.7,190.7,184.0,185.1,-1.02,66020.0,270.6,218.9
GBIME,6/2/2024,188.0,188.0,183.5,185.2,0.05,57918.0,270.6,218.9
GBIME,6/3/2024,188.9,188.9,183.0,183.6,-0.86,51212.0,270.6,218.9
GBIME,6/4/2024,187.2,187.2,182.4,184.0,0.22,37118.0,270.6,218.9
GBIME,6/5/2024,187.6,187.6,181.1,183.9,-0.05,64984.0,270.6,218.9
GBIME,6/6/2024,183.0,184.0,180.1,180.5,-1.85,64245.0,270.6,218.9
GBIME,6/9/2024,184.1,184.1,178.0,178.2,-1.27,59566.0,270.6,218.9
GBIME,6/10/2024,181.7,181.7,177.1,180.0,1.01,66964.0,270.6,218.9
GBIME,6/11/2024,183.6,183.6,178.5,181.1,0.61,58416.0,270.6,218.9
GBIME,6/12/2024,183.5,184.5,182.0,184.0,1.6,64847.0,270.6,218.9
GBIME,6/13/2024,185.0,186.1,181.1,186.1,1.14,68068.0,270.6,218.9
GBIME,6/16/2024,186.4,186.4,180.0,183.5,-1.4,54289.0,270.6,218.9
GBIME,6/18/2024,182.0,184.0,179.1,179.2,-2.34,50561.0,270.6,218.9
GBIME,6/19/2024,182.7,182.7,178.6,178.7,-0.28,35384.0,270.6,218.9
GBIME,6/20/2024,182.2,182.2,177.2,177.8,-0.5,39187.0,270.6,218.9
GBIME,6/23/2024,180.0,180.7,176.0,177.0,-0.45,68819.0,270.6,218.9
GBIME,6/24/2024,177.0,179.0,175.1,175.9,-0.62,65835.0,270.6,218.9
GBIME,6/25/2024,178.0,178.0,174.5,175.5,-0.23,76268.0,270.6,218.9
GBIME,6/26/2024,176.0,176.0,171.0,173.0,-1.42,110410.0,270.6,218.9
GBIME,6/27/2024,173.0,174.0,170.0,173.4,0.23,82663.0,270.6,218.9
GBIME,6/30/2024,174.0,175.0,172.2,172.5,-0.52,53993.0,270.6,218.9
GBIME,7/1/2024,172.0,173.9,171.0,173.9,0.81,76610.0,270.6,218.9
GBIME,7/2/2024,177.3,188.0,171.0,181.5,4.37,167185.0,270.6,218.9
GBIME,7/3/2024,182.9,183.6,174.4,180.6,-0.5,151772.0,270.6,218.9
GBIME,7/4/2024,181.0,182.4,178.4,180.0,-0.33,107015.0,270.6,218.9
GBIME,7/7/2024,183.6,183.6,179.2,181.4,0.78,149397.0,270.6,218.9
GBIME,7/8/2024,181.0,184.0,179.5,183.0,0.88,108356.0,270.6,218.9
GBIME,7/9/2024,186.6,186.6,179.1,182.3,-0.38,179442.0,270.6,218.9
GBIME,7/10/2024,185.9,185.9,180.5,184.0,0.93,203192.0,270.6,218.9
GBIME,7/11/2024,187.6,190.0,182.8,189.9,3.21,192251.0,270.6,218.9
GBIME,7/14/2024,193.0,204.7,192.1,200.0,5.32,368225.0,270.6,218.9
GBIME,7/15/2024,204.0,204.0,194.1,194.2,-2.9,326661.0,270.6,218.9
GBIME,7/16/2024,196.0,203.0,193.6,201.0,3.5,225370.0,270.6,218.9
GBIME,7/17/2024,205.0,205.0,200.0,204.9,1.94,270536.0,270.6,218.9
GBIME,7/18/2024,208.9,224.2,203.0,218.3,6.54,628039.0,270.6,218.9
GBIME,7/21/2024,218.0,225.3,214.0,224.9,3.02,654503.0,270.6,218.9
GBIME,7/22/2024,227.0,227.0,214.0,220.1,-2.13,450025.0,270.6,218.9
GBIME,7/23/2024,221.0,224.9,216.2,223.1,1.36,566972.0,270.6,218.9
GBIME,7/24/2024,223.0,230.0,218.0,221.0,-0.94,629002.0,270.6,218.9
GBIME,7/25/2024,221.0,239.0,221.0,235.0,6.33,699280.0,270.6,218.9
GBIME,7/28/2024,239.7,258.5,239.7,258.5,10.0,1002360.0,270.6,218.9
GBIME,7/29/2024,263.6,284.3,253.0,253.0,-2.13,1288357.0,270.6,218.9
GBIME,7/30/2024,254.0,257.9,243.0,254.0,0.4,740562.0,270.6,218.9
GBIME,7/31/2024,259.0,261.0,253.0,259.0,1.97,489245.0,270.6,218.9
GBIME,8/1/2024,260.0,264.1,255.0,255.9,-1.2,379256.0,270.6,218.9
GBIME,8/5/2024,255.0,255.0,245.7,249.4,-2.54,706240.0,270.6,218.9
GBIME,8/6/2024,245.2,248.0,226.1,230.0,-7.78,694815.0,270.6,218.9
GBIME,8/7/2024,227.5,239.0,223.2,238.5,3.7,512810.0,270.6,218.9
GBIME,8/8/2024,242.1,243.0,234.0,236.5,-0.84,310600.0,270.6,218.9
GBIME,8/11/2024,241.0,243.6,235.5,243.6,3.0,786878.0,270.6,218.9
GBIME,8/12/2024,245.0,258.9,245.0,253.8,4.19,653658.0,270.6,218.9
GBIME,8/13/2024,258.0,260.0,253.0,257.9,1.62,560415.0,270.6,218.9
GBIME,8/14/2024,255.0,260.0,250.1,259.1,0.47,463875.0,270.6,218.9
GBIME,8/15/2024,264.0,285.0,260.0,283.0,9.22,1270505.0,270.6,218.9
GBIME,8/18/2024,288.0,302.0,283.5,287.0,1.41,1427895.0,270.6,218.9
GBIME,8/21/2024,287.0,292.0,279.0,287.0,0.0,709266.0,270.6,218.9
GBIME,8/22/2024,287.0,300.0,284.0,284.7,-0.8,460097.0,270.6,218.9
GBIME,8/25/2024,288.0,288.0,272.0,275.0,-3.41,593298.0,270.6,218.9
GBIME,8/27/2024,275.0,275.0,258.0,258.0,-6.18,767736.0,270.6,218.9
GBIME,8/28/2024,263.1,267.0,255.0,259.0,0.39,428646.0,270.6,218.9
GBIME,8/29/2024,264.1,264.1,248.2,252.0,-2.7,345964.0,270.6,218.9
GBIME,9/1/2024,249.0,257.0,245.0,245.1,-2.74,318196.0,270.6,218.9
GBIME,9/2/2024,245.0,269.6,243.1,264.5,7.92,524530.0,270.6,218.9
GBIME,9/3/2024,268.0,270.0,259.0,259.7,-1.81,266600.0,270.6,218.9
GBIME,9/4/2024,264.8,264.8,246.0,249.0,-4.12,362314.0,270.6,218.9
GBIME,9/5/2024,253.9,253.9,242.5,245.9,-1.24,237948.0,270.6,218.9
GBIME,9/8/2024,245.9,252.1,241.5,243.0,-1.18,208968.0,270.6,218.9
GBIME,9/9/2024,244.0,244.0,234.3,236.0,-2.88,303514.0,270.6,218.9
GBIME,9/10/2024,239.0,242.8,235.0,236.0,0.0,271798.0,270.6,218.9
GBIME,9/11/2024,236.0,240.0,234.0,236.0,0.0,143345.0,270.6,218.9
GBIME,9/12/2024,240.7,243.0,235.0,242.9,2.92,300713.0,270.6,218.9
GBIME,9/15/2024,247.7,252.0,238.0,240.0,-1.19,274734.0,270.6,218.9
GBIME,9/16/2024,236.0,245.0,233.8,234.0,-2.5,139654.0,270.6,218.9
GBIME,9/18/2024,235.0,241.9,233.0,238.1,1.75,255350.0,270.6,218.9
GBIME,9/22/2024,242.8,247.6,240.0,244.0,2.48,170258.0,270.6,218.9
GBIME,9/23/2024,248.8,248.8,237.0,238.0,-2.46,130133.0,270.6,218.9
GBIME,9/24/2024,235.1,241.7,233.0,234.9,-1.3,169830.0,270.6,218.9
GBIME,9/25/2024,235.0,243.0,232.3,243.0,3.45,231718.0,270.6,218.9
GBIME,9/26/2024,247.8,247.8,234.0,238.0,-2.06,114688.0,270.6,218.9
GBIME,9/29/2024,234.1,240.0,231.0,235.0,-1.26,119056.0,270.6,218.9
GBIME,9/30/2024,233.0,240.1,233.0,238.0,1.28,114806.0,270.6,218.9
GBIME,10/1/2024,240.0,249.9,240.0,249.9,5.0,267153.0,270.6,218.9
GBIME,10/2/2024,254.8,254.8,240.5,245.5,-1.76,276956.0,270.6,218.9
GBIME,10/6/2024,246.0,250.0,244.0,249.0,1.43,177497.0,270.6,218.9
GBIME,10/7/2024,252.0,257.0,249.0,253.1,1.65,218332.0,270.6,218.9
GBIME,10/8/2024,255.0,258.1,250.5,251.1,-0.79,222852.0,270.6,218.9
GBIME,10/9/2024,250.1,254.0,250.1,253.7,1.04,136698.0,270.6,218.9
GBIME,10/15/2024,255.1,258.9,253.9,258.4,1.85,129559.0,270.6,218.9
GBIME,10/16/2024,261.5,266.7,259.5,263.0,1.78,199994.0,270.6,218.9
GBIME,10/17/2024,265.0,271.0,263.0,266.5,1.33,362357.0,270.6,218.9
GBIME,10/20/2024,262.0,271.0,257.0,263.5,-1.13,441438.0,270.6,218.9
GBIME,10/21/2024,264.0,264.0,256.1,257.0,-2.47,293514.0,270.6,218.9
GBIME,10/22/2024,258.0,262.0,255.1,260.5,1.36,206907.0,270.6,218.9
GBIME,10/23/2024,265.7,267.0,255.4,256.1,-1.69,306366.0,270.6,218.9
GBIME,10/24/2024,258.0,258.0,251.0,253.0,-1.21,158059.0,270.6,218.9
GBIME,10/27/2024,253.0,257.0,248.1,250.0,-1.19,134338.0,270.6,218.9
GBIME,10/28/2024,254.0,254.0,248.7,254.0,1.6,102439.0,270.6,218.9
GBIME,10/29/2024,254.0,257.9,254.0,255.9,0.75,118277.0,270.6,218.9
GBIME,10/30/2024,260.0,260.0,252.4,254.0,-0.74,120003.0,270.6,218.9
GBIME,11/5/2024,257.0,257.0,253.5,254.0,0.0,49920.0,270.6,218.9
GBIME,11/6/2024,255.0,261.1,253.2,256.8,1.1,105915.0,270.6,218.9
GBIME,11/10/2024,258.9,261.0,255.1,260.3,1.36,209467.0,270.6,218.9
GBIME,11/11/2024,258.0,264.0,258.0,260.6,0.12,252111.0,270.6,218.9
GBIME,11/12/2024,261.0,264.0,257.3,259.8,-0.31,135585.0,270.6,218.9
GBIME,11/13/2024,259.9,261.0,254.5,255.0,-1.85,123507.0,270.6,218.9
GBIME,11/14/2024,254.0,260.0,254.0,256.6,0.63,148677.0,270.6,218.9
GBIME,11/17/2024,258.0,260.0,257.0,257.2,0.23,134999.0,270.6,218.9
GBIME,11/19/2024,256.4,258.0,254.6,256.0,-0.47,212652.0,270.6,218.9
GBIME,11/20/2024,253.0,256.9,253.0,256.9,0.35,141408.0,270.6,218.9
GBIME,11/21/2024,258.5,259.8,254.1,255.0,-0.74,360990.0,270.6,218.9
GBIME,11/24/2024,242.0,243.0,236.1,236.8,-7.14,141904.0,270.6,218.9
GBIME,11/25/2024,241.5,241.5,235.0,235.5,-0.55,93907.0,270.6,218.9
GBIME,11/26/2024,230.8,242.9,230.8,239.0,1.49,140447.0,270.6,218.9
GBIME,11/27/2024,242.0,242.0,238.0,239.0,0.0,99121.0,270.6,218.9
GBIME,11/28/2024,239.0,241.0,236.0,237.0,-0.84,97490.0,270.6,218.9
GBIME,12/1/2024,237.0,237.0,232.0,233.0,-1.69,75953.0,270.6,218.9
GBIME,12/2/2024,237.6,237.6,229.0,229.4,-1.55,148285.0,270.6,218.9
GBIME,12/3/2024,230.0,232.0,228.0,228.5,-0.39,120563.0,270.6,218.9
GBIME,12/4/2024,233.0,233.0,225.5,228.2,-0.13,147819.0,270.6,218.9
GBIME,12/5/2024,228.3,230.0,225.4,225.8,-1.05,137659.0,270.6,218.9
GBIME,12/8/2024,226.0,226.0,220.0,221.9,-1.73,197930.0,270.6,218.9
GBIME,12/9/2024,224.9,224.9,220.0,221.0,-0.41,97044.0,270.6,218.9
GBIME,12/10/2024,222.0,224.7,220.0,221.7,0.32,76310.0,270.6,218.9
GBIME,12/11/2024,224.0,235.0,221.0,232.5,4.87,168543.0,270.6,218.9
GBIME,12/12/2024,237.1,237.1,226.0,226.0,-2.8,166841.0,270.6,218.9
GBIME,12/16/2024,227.0,227.9,222.5,224.0,-0.88,95717.0,270.6,218.9
GBIME,12/17/2024,224.0,239.0,220.1,228.0,1.79,117092.0,270.6,218.9
GBIME,12/18/2024,230.0,230.0,223.9,224.3,-1.62,71990.0,270.6,218.9
GBIME,12/19/2024,226.0,226.3,221.0,222.0,-1.03,72133.0,270.6,218.9
GBIME,12/22/2024,217.6,223.9,217.6,218.5,-1.58,94349.0,270.6,218.9
GBIME,12/23/2024,220.5,231.8,218.0,229.5,5.03,76892.0,270.6,218.9
GBIME,12/24/2024,230.0,230.5,225.5,227.0,-1.09,88682.0,270.6,218.9
GBIME,12/26/2024,227.0,238.0,225.0,233.0,2.64,159743.0,270.6,218.9
GBIME,12/29/2024,233.1,237.5,229.0,229.5,-1.5,131859.0,270.6,218.9
GBIME,12/31/2024,234.0,234.0,223.7,227.0,-1.09,103637.0,270.6,218.9
GBIME,1/1/2025,225.0,228.0,225.0,225.1,-0.84,39532.0,270.6,218.9
GBIME,1/2/2025,229.6,229.6,223.1,223.7,-0.62,63412.0,270.6,218.9
GBIME,1/5/2025,224.0,225.0,222.2,222.2,-0.67,83950.0,270.6,218.9
GBIME,1/6/2025,226.0,226.0,222.0,225.0,1.26,95564.0,270.6,218.9
GBIME,1/7/2025,229.5,229.5,223.0,223.6,-0.62,75783.0,270.6,218.9
GBIME,1/8/2025,228.0,228.0,222.2,223.9,0.13,64344.0,270.6,218.9
GBIME,1/9/2025,226.0,226.0,221.5,223.0,-0.4,58693.0,270.6,218.9
GBIME,1/12/2025,227.4,227.4,221.0,223.0,0.0,50922.0,270.6,218.9
GBIME,1/13/2025,221.5,224.0,220.5,222.0,-0.45,55050.0,270.6,218.9
GBIME,1/15/2025,221.0,223.0,220.1,220.7,-0.59,61369.0,270.6,218.9
GBIME,1/16/2025,219.0,222.0,216.5,217.5,-1.45,117005.0,270.6,218.9
GBIME,1/19/2025,216.1,219.0,214.0,217.7,0.09,110151.0,270.6,218.9
GBIME,1/20/2025,220.0,226.0,220.0,221.0,1.52,186777.0,270.6,218.9
GBIME,1/21/2025,221.0,223.0,218.1,219.0,-0.9,82396.0,270.6,218.9
GBIME,1/22/2025,219.0,223.9,219.0,223.0,1.83,91812.0,270.6,218.9
GBIME,1/23/2025,222.0,225.4,219.0,219.5,-1.57,80906.0,270.6,218.9
GBIME,1/26/2025,215.2,223.5,215.2,220.6,0.5,66588.0,270.6,218.9
GBIME,1/27/2025,216.2,223.0,216.2,218.5,-0.95,66281.0,270.6,218.9
GBIME,1/28/2025,218.5,220.8,218.0,218.9,0.18,79802.0,270.6,218.9
GBIME,2/2/2025,221.0,223.0,219.0,222.0,1.42,168526.0,270.6,218.9
GBIME,2/3/2025,222.5,228.0,222.5,224.0,0.9,200495.0,270.6,218.9
GBIME,2/4/2025,224.0,226.9,221.0,221.5,-1.12,71936.0,270.6,218.9
GBIME,2/5/2025,223.9,223.9,220.0,220.7,-0.36,86860.0,270.6,218.9
GBIME,2/6/2025,220.0,221.3,218.5,218.6,-0.95,103061.0,270.6,218.9
GBIME,2/9/2025,218.0,221.0,218.0,219.2,0.27,119895.0,270.6,218.9
GBIME,2/10/2025,215.0,221.0,215.0,218.0,-0.55,124839.0,270.6,218.9
GBIME,2/11/2025,218.0,220.2,218.0,218.5,0.23,87702.0,270.6,218.9
GBIME,2/12/2025,218.6,221.0,217.0,218.8,0.14,102640.0,270.6,218.9
GBIME,2/13/2025,218.0,221.0,217.2,218.0,-0.37,73686.0,270.6,218.9
GBIME,2/16/2025,218.0,221.7,218.0,219.3,0.6,115184.0,270.6,218.9
GBIME,2/17/2025,220.0,225.0,219.5,224.9,2.55,182178.0,270.6,218.9
GBIME,2/18/2025,229.3,229.3,222.7,224.0,-0.4,111661.0,270.6,218.9
GBIME,2/20/2025,225.0,225.0,221.3,221.5,-1.12,87411.0,270.6,218.9
GBIME,2/23/2025,220.2,223.5,216.0,221.0,-0.23,249928.0,270.6,218.9
GBIME,2/24/2025,223.0,224.0,220.1,221.4,0.18,96661.0,270.6,218.9
GBIME,2/25/2025,222.0,223.5,219.5,221.0,-0.18,76800.0,270.6,218.9
GBIME,2/27/2025,225.4,236.6,225.4,230.0,4.07,277981.0,270.6,218.9
GBIME,3/2/2025,234.6,235.0,228.0,235.0,2.17,435379.0,270.6,218.9
GBIME,3/3/2025,239.7,239.7,231.0,231.2,-1.62,177164.0,270.6,218.9
GBIME,3/4/2025,226.6,251.0,226.6,232.0,0.35,319940.0,270.6,218.9
GBIME,3/5/2025,232.0,234.0,228.2,233.0,0.43,202781.0,270.6,218.9
GBIME,3/6/2025,228.4,234.0,228.4,233.8,0.34,141645.0,270.6,218.9
GBIME,3/9/2025,230.5,237.0,228.0,228.3,-2.35,111190.0,270.6,218.9
GBIME,3/10/2025,230.0,230.0,226.5,230.0,0.74,153284.0,270.6,218.9
GBIME,3/11/2025,232.0,232.5,225.7,226.8,-1.39,123486.0,270.6,218.9
GBIME,3/12/2025,229.0,229.0,224.9,225.6,-0.53,79644.0,270.6,218.9
GBIME,3/16/2025,225.6,226.0,221.6,222.9,-1.2,130034.0,270.6,218.9
GBIME,3/17/2025,223.0,227.9,221.0,221.9,-0.45,102032.0,270.6,218.9
GBIME,3/18/2025,226.3,226.3,220.6,221.0,-0.41,76153.0,270.6,218.9
GBIME,3/19/2025,221.0,221.9,220.0,220.1,-0.41,76823.0,270.6,218.9
GBIME,3/20/2025,222.0,222.0,218.1,220.08,-0.01,105949.0,270.6,218.9
GBIME,3/23/2025,220.0,221.0,215.3,216.08,-1.82,122155.0,270.6,218.9
GBIME,3/24/2025,216.1,218.9,213.5,217.28,0.56,181137.0,270.6,218.9
GBIME,3/25/2025,221.6,221.6,210.7,213.37,-1.8,145639.0,270.6,218.9
GBIME,3/26/2025,215.6,217.0,213.5,216.86,1.64,96828.0,270.6,218.9
GBIME,3/27/2025,221.1,221.1,216.9,218.82,0.9,95912.0,270.6,218.9
GBIME,3/30/2025,218.0,222.0,217.0,219.52,0.32,104417.0,270.6,218.9
GBIME,4/1/2025,220.0,221.5,217.2,218.23,-0.59,87783.0,270.6,218.9
GBIME,4/2/2025,222.5,222.5,217.5,219.1,0.4,70475.0,270.6,218.9
GBIME,4/3/2025,219.0,241.0,213.0,222.99,1.78,225909.0,270.6,218.9
GBIME,4/7/2025,223.0,223.0,218.0,218.8,-1.88,63445.0,270.6,218.9
GBIME,4/8/2025,217.0,219.7,215.5,218.5,-0.14,65496.0,270.6,218.9
GBIME,4/9/2025,222.8,222.8,216.3,219.39,0.41,80106.0,270.6,218.9
GBIME,4/10/2025,220.0,220.5,218.2,219.14,-0.11,98152.0,270.6,218.9
GBIME,4/13/2025,219.5,220.0,218.3,218.69,-0.21,45875.0,270.6,218.9
GBIME,4/15/2025,223.0,223.0,218.3,219.09,0.18,49829.0,270.6,218.9
GBIME,4/16/2025,223.0,223.0,219.0,219.83,0.34,131743.0,270.6,218.9
GBIME,4/17/2025,222.0,224.0,219.5,222.62,1.27,104669.0,270.6,218.9
GBIME,4/20/2025,227.0,231.0,221.7,222.8,0.08,182192.0,270.6,218.9
GBIME,4/21/2025,222.8,224.0,220.4,220.97,-0.82,110813.0,270.6,218.9
GBIME,4/22/2025,220.6,221.9,218.4,219.18,-0.81,75158.0,270.6,218.9
GBIME,4/23/2025,219.0,219.0,215.0,216.91,-1.04,131955.0,270.6,218.9
GBIME,4/24/2025,216.0,217.9,215.4,216.72,-0.09,74907.0,270.6,218.9
GBIME,4/27/2025,217.1,219.7,217.0,217.59,0.4,100069.0,270.6,218.9
GBIME,4/28/2025,218.9,220.0,216.5,216.64,-0.44,184178.0,270.6,218.9
GBIME,4/29/2025,218.9,218.9,215.7,216.27,-0.17,154209.0,270.6,218.9
GBIME,4/30/2025,216.27,217.9,214.1,215.07,-0.55,92787.0,270.6,218.9
GBIME,5/4/2025,215.1,218.0,215.1,217.08,0.93,127236.0,270.6,218.9
GBIME,5/5/2025,218.0,218.0,215.3,215.97,-0.51,64191.0,270.6,218.9
GBIME,5/6/2025,216.0,216.3,214.2,214.78,-0.55,98848.0,270.6,218.9
GBIME,5/7/2025,214.6,221.6,213.0,220.84,2.82,165846.0,270.6,218.9
GBIME,5/8/2025,222.9,223.0,217.0,218.22,-1.19,77455.0,270.6,218.9
GBIME,5/11/2025,220.5,220.7,217.1,217.27,-0.44,79372.0,270.6,218.9
GBIME,5/13/2025,217.0,220.0,216.0,216.19,-0.5,62913.0,270.6,218.9
GBIME,5/14/2025,218.4,218.4,215.0,215.66,-0.25,78676.0,270.6,218.9
GBIME,5/15/2025,216.0,217.0,214.3,215.32,-0.16,89466.0,270.6,218.9
GBIME,5/18/2025,217.5,217.5,213.1,214.95,-0.17,215104.0,270.6,218.9
GBIME,5/19/2025,214.0,220.0,214.0,218.72,1.75,418392.0,270.6,218.9
GBIME,5/20/2025,218.0,222.5,216.0,221.72,1.37,102268.0,270.6,218.9
GBIME,5/21/2025,226.0,234.0,220.0,220.9,-0.37,193013.0,270.6,218.9
GBIME,5/22/2025,225.3,240.0,220.0,234.43,6.12,1009816.0,270.6,218.9
GBIME,5/25/2025,235.0,247.8,226.8,236.63,0.94,455875.0,270.6,218.9
GBIME,5/26/2025,241.3,246.0,230.0,235.07,-0.66,290043.0,270.6,218.9
GBIME,5/27/2025,238.0,253.4,229.3,241.43,2.71,601439.0,270.6,218.9
GBIME,5/28/2025,240.0,250.0,238.4,249.27,3.25,735920.0,270.6,218.9
GBIME,6/2/2025,250.0,257.0,243.0,246.7,-1.03,513720.0,270.6,218.9
GBIME,6/3/2025,244.0,245.9,237.5,238.76,-3.22,345696.0,270.6,218.9
GBIME,6/4/2025,241.0,248.0,234.2,238.68,-0.03,170799.0,270.6,218.9
GBIME,6/5/2025,237.1,240.9,236.1,236.61,-0.87,161439.0,270.6,218.9
GBIME,6/8/2025,235.6,249.0,231.1,231.56,-2.13,160783.0,270.6,218.9
GBIME,6/9/2025,231.5,236.0,231.5,234.16,1.12,100109.0,270.6,218.9
GBIME,6/10/2025,229.5,247.5,229.5,241.4,3.09,342181.0,270.6,218.9
GBIME,6/11/2025,240.0,246.0,237.5,244.08,1.11,412097.0,270.6,218.9
GBIME,6/12/2025,244.0,244.08,237.0,238.96,-2.1,138305.0,270.6,218.9
GBIME,6/15/2025,240.0,240.0,234.1,235.49,-1.45,138499.0,270.6,218.9
GBIME,6/16/2025,236.0,240.2,233.5,237.42,0.82,443097.0,270.6,218.9
GBIME,6/17/2025,240.0,240.0,233.0,233.2,-1.78,132126.0,270.6,218.9
GBIME,6/18/2025,233.0,236.0,230.5,231.6,-0.69,124174.0,270.6,218.9
GBIME,6/19/2025,230.1,233.8,230.0,230.14,-0.63,148454.0,270.6,218.9
GBIME,6/22/2025,231.0,232.0,227.5,228.3,-0.8,110145.0,270.6,218.9
GBIME,6/23/2025,232.8,232.8,227.9,228.19,-0.05,80545.0,270.6,218.9
GBIME,6/24/2025,230.0,233.9,229.6,230.31,0.93,121045.0,270.6,218.9
GBIME,6/25/2025,231.9,233.0,229.0,230.09,-0.1,49918.0,270.6,218.9
GBIME,6/26/2025,228.1,231.0,228.1,229.07,-0.44,88481.0,270.6,218.9
GBIME,6/29/2025,229.3,241.0,227.5,237.37,3.62,318193.0,270.6,218.9
GBIME,6/30/2025,237.37,242.7,235.2,240.67,1.39,255858.0,270.6,218.9
GBIME,7/1/2025,245.4,245.4,237.2,243.08,1.0,228491.0,270.6,218.9
GBIME,7/2/2025,247.9,247.9,239.0,243.58,0.21,192024.0,270.6,218.9
GBIME,7/3/2025,248.4,248.4,237.3,240.63,-1.21,214944.0,270.6,218.9
GBIME,7/6/2025,245.4,246.4,238.0,242.75,0.88,337466.0,270.6,218.9
GBIME,7/7/2025,242.75,244.0,236.7,238.38,-1.8,273101.0,270.6,218.9
GBIME,7/8/2025,239.0,241.0,236.3,237.78,-0.25,95182.0,270.6,218.9
GBIME,7/9/2025,236.1,244.5,236.1,243.13,2.25,249112.0,270.6,218.9
GBIME,7/10/2025,245.0,252.5,240.3,251.65,3.5,770677.0,270.6,218.9
GBIME,7/13/2025,256.6,266.0,254.9,259.19,3.0,860163.0,270.6,218.9
GBIME,7/14/2025,260.0,260.0,252.1,252.85,-2.45,594093.0,270.6,218.9
GBIME,7/15/2025,250.0,259.0,250.0,257.19,1.72,471573.0,270.6,218.9
GBIME,7/16/2025,262.0,267.5,257.4,259.57,0.93,771421.0,270.6,218.9
GBIME,7/17/2025,262.0,278.9,260.0,264.56,1.92,556423.0,270.6,218.9
GBIME,7/20/2025,264.0,270.0,256.0,257.9,-2.52,767141.0,270.6,218.9
GBIME,7/21/2025,258.0,263.0,255.3,259.94,0.79,290575.0,270.6,218.9
GBIME,7/22/2025,260.0,265.0,259.0,264.3,1.68,624169.0,270.6,218.9
GBIME,7/23/2025,265.0,266.0,260.1,262.08,-0.84,332561.0,270.6,218.9
GBIME,7/24/2025,263.0,264.0,259.0,261.43,-0.25,231522.0,270.6,218.9
GBIME,7/27/2025,260.0,267.7,260.0,263.14,0.65,871338.0,270.6,218.9
GBIME,7/28/2025,263.14,269.2,258.1,268.4,2.0,670655.0,270.6,218.9
GBIME,7/29/2025,270.0,272.8,267.0,270.86,0.92,784478.0,270.6,218.9
GBIME,7/30/2025,276.0,276.0,266.0,266.87,-1.47,549076.0,270.6,218.9
GBIME,7/31/2025,270.0,270.0,260.1,261.61,-1.97,366846.0,270.6,218.9
GBIME,8/3/2025,259.0,261.0,253.0,254.47,-2.73,366831.0,270.6,218.9
GBIME,8/4/2025,254.0,260.0,253.0,259.37,1.93,349922.0,270.6,218.9
GBIME,8/5/2025,257.3,262.0,255.0,255.44,-1.52,349200.0,270.6,218.9
GBIME,8/6/2025,260.5,260.5,252.0,254.26,-0.46,209056.0,270.6,218.9
GBIME,8/7/2025,253.0,257.8,253.0,255.42,0.46,182111.0,270.6,218.9
GBIME,8/11/2025,250.4,261.0,250.4,255.68,0.1,260511.0,270.6,218.9
GBIME,8/12/2025,260.7,260.7,252.0,254.28,-0.55,155475.0,270.6,218.9
GBIME,8/13/2025,258.1,259.0,251.0,251.53,-1.08,536750.0,270.6,218.9
GBIME,8/14/2025,252.0,253.0,249.4,250.95,-0.23,256552.0,270.6,218.9
GBIME,8/17/2025,255.9,255.9,249.2,249.41,-0.61,154359.0,270.6,218.9
GBIME,8/18/2025,249.0,251.8,248.0,250.66,0.5,159474.0,270.6,218.9
GBIME,8/19/2025,251.1,252.9,249.0,252.04,0.55,110650.0,270.6,218.9
GBIME,8/20/2025,250.6,253.2,250.0,250.66,-0.55,97873.0,270.6,218.9
GBIME,8/21/2025,252.0,253.0,248.0,252.01,0.54,135321.0,270.6,218.9
GBIME,8/24/2025,252.0,252.0,249.5,250.2,-0.72,105294.0,270.6,218.9
GBIME,8/25/2025,253.0,253.0,248.1,251.52,0.53,112131.0,270.6,218.9
GBIME,8/26/2025,251.0,253.0,249.0,250.64,-0.35,96856.0,270.6,218.9
GBIME,8/27/2025,255.6,256.0,250.0,255.29,1.86,281403.0,270.6,218.9
GBIME,8/28/2025,253.0,254.5,250.2,251.62,-1.44,147140.0,270.6,218.9
GBIME,8/31/2025,250.0,253.9,248.2,249.06,-1.02,126213.0,270.6,218.9
GBIME,9/1/2025,254.0,254.0,248.0,251.35,0.92,181532.0,270.6,218.9
GBIME,9/2/2025,256.3,256.3,250.0,251.15,-0.08,100272.0,270.6,218.9
GBIME,9/3/2025,253.0,253.0,249.0,249.89,-0.5,82725.0,270.6,218.9
GBIME,9/4/2025,251.3,251.3,246.3,249.71,-0.07,127112.0,270.6,218.9
GBIME,9/7/2025,252.0,252.0,247.1,247.56,-0.86,66784.0,270.6,218.9
GBIME,9/8/2025,250.0,250.0,243.0,244.98,-1.04,130659.0,270.6,218.9
GBIME,9/18/2025,240.1,240.1,223.0,229.0,-6.52,27308.0,270.6,218.9
GBIME,9/21/2025,225.0,245.0,225.0,243.33,6.26,233979.0,270.6,218.9
GBIME,9/23/2025,248.1,248.7,243.0,247.9,1.88,100523.0,270.6,218.9
GBIME,9/24/2025,248.0,249.7,245.0,247.0,-0.36,75438.0,270.6,218.9
GBIME,9/25/2025,245.0,249.1,243.0,247.0,0.0,52765.0,270.6,218.9
GBIME,9/28/2025,250.3,252.0,247.0,249.0,0.81,93704.0,270.6,218.9
GBIME,10/7/2025,247.3,247.8,240.0,244.9,-1.65,105750.0,270.6,218.9
GBIME,10/8/2025,249.7,249.7,237.6,241.0,-1.59,119238.0,270.6,218.9
GBIME,10/9/2025,245.2,250.1,240.7,242.9,0.79,98016.0,270.6,218.9
GBIME,10/12/2025,239.0,240.0,234.0,238.9,-1.65,239768.0,270.6,218.9
GBIME,10/13/2025,238.4,240.0,233.1,239.9,0.42,161743.0,270.6,218.9
GBIME,10/14/2025,241.9,241.9,234.0,234.0,-2.46,236028.0,270.6,218.9
GBIME,10/15/2025,235.0,237.7,230.3,234.0,0.0,268856.0,270.6,218.9
GBIME,10/16/2025,236.0,237.5,232.5,236.0,0.85,212927.0,270.6,218.9
GBIME,10/19/2025,236.0,244.4,231.4,240.0,1.69,285064.0,270.6,218.9
GBIME,10/26/2025,243.8,243.8,236.0,239.4,-0.25,142461.0,270.6,218.9
GBIME,10/28/2025,243.6,245.5,240.0,243.8,1.84,112791.0,270.6,218.9
GBIME,10/29/2025,244.9,247.0,242.1,245.5,0.7,200228.0,270.6,218.9
GBIME,10/30/2025,246.0,247.6,243.3,246.9,0.57,294319.0,270.6,218.9
GBIME,11/2/2025,242.0,243.0,234.0,238.0,-3.6,236192.0,270.6,218.9
GBIME,11/3/2025,236.0,237.9,233.1,233.4,-1.93,106551.0,270.6,218.9
GBIME,11/4/2025,232.0,235.0,230.0,230.2,-1.37,108580.0,270.6,218.9
GBIME,11/5/2025,229.3,249.0,226.0,235.0,2.09,383151.0,270.6,218.9
GBIME,11/6/2025,232.0,235.0,230.0,230.0,-2.13,77053.0,270.6,218.9
GBIME,11/9/2025,231.5,233.0,228.4,229.0,-0.43,194076.0,270.6,218.9
GBIME,11/10/2025,229.0,232.0,226.1,226.9,-0.92,102425.0,270.6,218.9
GBIME,11/11/2025,229.0,231.9,226.6,227.0,0.04,164406.0,270.6,218.9
GBIME,11/12/2025,227.0,228.9,223.5,225.5,-0.66,136513.0,270.6,218.9
GBIME,11/13/2025,226.0,228.3,225.1,226.1,0.27,88086.0,270.6,218.9
GBIME,11/16/2025,227.0,228.4,224.0,226.0,-0.04,102360.0,270.6,218.9
GBIME,11/17/2025,225.1,227.7,224.4,224.5,-0.66,92697.0,270.6,218.9
GBIME,11/18/2025,224.1,227.0,224.1,224.5,0.0,52253.0,270.6,218.9
GBIME,11/19/2025,226.9,226.9,223.0,223.9,-0.27,56872.0,270.6,218.9
GBIME,11/20/2025,223.9,224.8,218.9,221.9,-0.89,277777.0,270.6,218.9
GBIME,11/23/2025,222.0,224.0,221.0,223.5,0.72,105301.0,270.6,218.9
GBIME,11/24/2025,224.0,228.0,224.0,227.9,1.97,102265.0,270.6,218.9
GBIME,11/25/2025,227.1,229.0,225.0,228.8,0.39,101726.0,270.6,218.9
GBIME,11/26/2025,228.0,231.8,226.7,229.7,0.39,79063.0,270.6,218.9
GBIME,11/27/2025,230.9,232.0,228.0,230.7,0.44,91962.0,270.6,218.9
GBIME,11/30/2025,230.0,234.8,229.9,230.0,-0.3,97589.0,270.6,218.9
GBIME,12/1/2025,230.0,230.0,226.9,227.0,-1.3,52719.0,270.6,218.9
GBIME,12/2/2025,227.0,229.0,226.2,227.5,0.22,60803.0,270.6,218.9
GBIME,12/3/2025,228.5,228.5,224.1,225.0,-1.1,91971.0,270.6,218.9
GBIME,12/7/2025,221.0,226.0,221.0,226.0,0.44,89809.0,270.6,218.9
GBIME,12/8/2025,229.8,229.8,223.1,224.5,-0.66,49425.0,270.6,218.9
GBIME,12/9/2025,227.0,227.0,223.0,223.9,-0.27,64370.0,270.6,218.9
GBIME,12/10/2025,223.1,225.0,223.1,223.6,-0.13,63538.0,270.6,218.9
GBIME,12/11/2025,226.0,226.0,222.6,223.5,-0.04,66611.0,270.6,218.9
GBIME,12/14/2025,223.5,225.0,222.6,224.0,0.22,73492.0,270.6,218.9
GBIME,12/15/2025,223.0,226.9,222.9,226.7,1.21,89120.0,270.6,218.9
GBIME,12/16/2025,227.0,227.9,224.5,226.2,-0.22,64941.0,270.6,218.9
GBIME,12/17/2025,228.9,228.9,225.7,227.0,0.35,72596.0,270.6,218.9
GBIME,12/18/2025,225.7,227.6,225.7,226.0,-0.44,63026.0,270.6,218.9
GBIME,12/21/2025,226.0,228.0,225.0,225.9,-0.04,65870.0,270.6,218.9
GBIME,12/22/2025,225.0,226.5,224.1,224.5,-0.62,52274.0,270.6,218.9
GBIME,12/23/2025,224.5,226.0,223.0,224.0,-0.22,68164.0,270.6,218.9
GBIME,12/24/2025,224.0,228.0,222.7,228.0,1.79,89036.0,270.6,218.9
GBIME,12/28/2025,229.0,230.0,224.5,229.8,0.79,171040.0,270.6,218.9
GBIME,12/29/2025,233.2,233.2,227.5,229.9,0.04,100390.0,270.6,218.9
GBIME,12/31/2025,230.0,232.0,228.0,228.0,-0.83,67132.0,270.6,218.9
GBIME,1/1/2026,231.0,231.0,226.8,227.0,-0.44,40289.0,270.6,218.9
GBIME,1/4/2026,229.9,229.9,226.1,226.1,-0.4,53394.0,270.6,218.9
GBIME,1/5/2026,226.1,230.0,224.9,230.0,1.72,141991.0,270.6,218.9
GBIME,1/6/2026,230.0,231.0,228.0,228.5,-0.65,55124.0,270.6,218.9
GBIME,1/7/2026,230.0,230.0,226.6,228.0,-0.22,55204.0,270.6,218.9
GBIME,1/8/2026,226.3,230.0,225.5,228.0,0.0,60878.0,270.6,218.9
GBIME,1/12/2026,232.5,232.5,225.0,228.0,0.0,125875.0,270.6,218.9
GBIME,1/13/2026,225.3,229.8,225.3,226.9,-0.48,52290.0,270.6,218.9
GBIME,1/14/2026,226.1,228.0,225.0,226.0,-0.4,81854.0,270.6,218.9
GBIME,1/18/2026,225.0,228.5,225.0,228.2,0.97,111936.0,270.6,218.9
GBIME,1/20/2026,232.7,234.1,228.0,230.0,0.79,389051.0,270.6,218.9
GBIME,1/21/2026,228.0,234.9,227.0,228.9,-0.48,207746.0,270.6,218.9
GBIME,1/22/2026,228.5,229.7,227.1,228.0,-0.39,69966.0,270.6,218.9
GBIME,1/25/2026,229.0,233.5,229.0,233.0,2.19,245949.0,270.6,218.9
GBIME,1/26/2026,233.0,238.0,231.3,232.9,-0.04,192953.0,270.6,218.9
GBIME,1/27/2026,234.9,234.9,229.6,229.6,-1.42,130359.0,270.6,218.9
GBIME,1/28/2026,229.0,229.8,225.0,228.5,-0.48,156966.0,270.6,218.9
GBIME,1/29/2026,229.9,231.0,225.8,226.6,-0.83,151135.0,270.6,218.9
GBIME,2/1/2026,228.9,228.9,226.1,227.9,0.57,111683.0,270.6,218.9
GBIME,2/2/2026,223.4,229.0,223.4,227.8,-0.04,53749.0,270.6,218.9
GBIME,2/3/2026,226.1,228.0,224.0,226.1,-0.75,59078.0,270.6,218.9
GBIME,2/4/2026,221.6,228.9,221.6,225.8,-0.13,109146.0,270.6,218.9
GBIME,2/5/2026,227.5,227.5,225.0,225.4,-0.18,99731.0,270.6,218.9
GBIME,2/8/2026,226.1,228.1,225.4,225.7,0.13,92958.0,270.6,218.9
GBIME,2/9/2026,227.0,227.0,223.8,224.6,-0.49,92658.0,270.6,218.9
GBIME,2/10/2026,223.8,225.0,223.2,224.5,-0.04,78846.0,270.6,218.9
GBIME,2/11/2026,228.9,229.4,224.1,226.0,0.67,95890.0,270.6,218.9
GBIME,2/12/2026,226.0,226.2,224.5,224.9,-0.49,92347.0,270.6,218.9
GBIME,2/16/2026,229.0,229.0,224.0,224.2,-0.31,42658.0,270.6,218.9
GBIME,2/17/2026,224.0,225.0,223.1,223.2,-0.45,71273.0,270.6,218.9
GBIME,2/22/2026,223.2,225.0,220.6,221.3,-0.85,132847.0,270.6,218.9
GBIME,2/23/2026,224.0,224.0,220.5,221.1,-0.09,115620.0,270.6,218.9
GBIME,2/24/2026,225.0,225.0,221.1,224.0,1.31,67421.0,270.6,218.9
GBIME,2/25/2026,224.0,225.0,222.0,224.9,0.4,44087.0,270.6,218.9
GBIME,2/26/2026,229.3,229.3,225.0,226.7,0.8,75123.0,270.6,218.9
GBIME,2/27/2026,229.3,229.3,225.0,226.7,0.0,75123.0,270.6,218.9
GBIME,2/28/2026,229.3,229.3,225.0,226.7,0.0,75123.0,270.6,218.9
GBIME,3/2/2026,231.2,231.2,224.5,228.0,0.57,115599.0,270.6,218.9
GBIME,3/3/2026,232.5,232.5,221.5,231.0,1.32,118156.0,270.6,218.9
GBIME,3/4/2026,232.5,232.5,221.5,231.0,0.0,118156.0,270.6,218.9
GBIME,3/5/2026,232.5,232.5,221.5,231.0,0.0,118156.0,270.6,218.9
GBIME,3/6/2026,232.5,232.5,221.5,231.0,0.0,118156.0,270.6,218.9
GBIME,3/7/2026,232.5,232.5,221.5,231.0,0.0,118156.0,270.6,218.9
GBIME,3/8/2026,232.5,232.5,221.5,231.0,0.0,118156.0,270.6,218.9
GBIME,3/9/2026,235.6,250.0,235.6,250.0,8.23,2979.0,270.6,218.9
GBIME,3/10/2026,254.0,255.0,240.1,245.6,-1.76,461869.0,270.6,218.9
GBIME,3/11/2026,250.0,250.0,239.5,239.7,-2.4,125179.0,270.6,218.9
GBIME,3/12/2026,244.4,248.0,236.0,244.3,1.92,274074.0,270.6,218.9
GBIME,3/13/2026,244.4,248.0,236.0,244.3,0.0,274074.0,270.6,218.9
GBIME,3/14/2026,244.4,248.0,236.0,244.3,0.0,274074.0,270.6,218.9
GBIME,3/15/2026,245.0,249.0,243.6,244.3,0.0,220578.0,270.6,218.9
GBIME,3/16/2026,244.3,244.3,238.4,239.0,-2.17,107705.0,270.6,218.9
GBIME,3/17/2026,239.1,241.0,237.7,241.0,0.84,100120.0,270.6,218.9
GBIME,3/18/2026,239.1,241.0,237.7,241.0,0.0,100120.0,270.6,218.9
GBIME,3/19/2026,237.0,251.0,237.0,249.0,3.32,413913.0,270.6,218.9
GBIME,3/20/2026,237.0,251.0,237.0,249.0,0.0,413913.0,270.6,218.9
GBIME,3/21/2026,237.0,251.0,237.0,249.0,0.0,413913.0,270.6,218.9
GBIME,3/22/2026,253.9,258.2,250.0,256.9,3.17,790003.0,270.6,218.9
GBIME,3/23/2026,257.9,258.9,251.0,255.7,-0.47,343618.0,270.6,218.9
GBIME,3/24/2026,260.8,260.8,252.0,260.0,1.68,288592.0,270.6,218.9
GBIME,3/25/2026,260.0,260.0,252.0,252.6,-2.85,343362.0,270.6,218.9
GBIME,3/26/2026,247.6,256.0,247.6,254.8,2.91,490207.0,270.6,218.9
GBIME,3/29/2026,254.0,254.0,246.1,246.1,-3.11,285651.0,270.6,218.9
GBIME,3/30/2026,245.0,250.0,240.4,241.0,-1.63,310899.0,270.6,218.9
GBIME,3/31/2026,241.0,246.8,240.0,244.0,1.24,210803.0,270.6,218.9
GBIME,4/1/2026,244.0,245.5,236.2,239.0,-2.05,388885.0,270.6,218.9
GBIME,4/2/2026,242.0,242.0,235.0,236.3,-2.36,167409.0,270.6,218.9
GBIME,4/5/2026,235.0,235.0,227.7,229.3,-2.43,308041.0,270.6,218.9
GBIME,4/6/2026,228.0,238.1,226.1,237.8,4.3,160876.0,270.6,218.9
GBIME,4/7/2026,240.4,240.5,233.5,235.0,-2.25,124563.0,270.6,218.9
GBIME,4/8/2026,239.7,239.7,230.5,238.5,-0.5,130276.0,270.6,218.9
GBIME,4/9/2026,240.0,241.8,236.0,240.0,0.0,127776.0,270.6,218.9
GBIME,4/10/2026,240.0,243.0,234.0,237.9,-0.87,195135.0,270.6,218.9
GBIME,4/13/2026,237.9,240.0,237.0,238.0,0.04,50348.0,270.6,218.9
GBIME,4/15/2026,240.5,242.7,236.0,240.0,-0.21,129675.0,270.6,218.9
GBIME,4/16/2026,240.0,240.0,237.3,238.0,-0.83,78489.0,270.6,218.9
GBIME,4/17/2026,240.0,242.0,234.5,237.0,-1.25,82417.0,270.6,218.9
GBIME,4/20/2026,240.0,240.0,234.2,237.0,-1.25,78035.0,270.6,218.9
GBIME,4/21/2026,237.0,239.9,234.5,235.0,-0.84,95056.0,270.6,218.9
GBIME,4/22/2026,235.0,236.9,232.2,234.1,-0.38,88657.0,270.6,218.9
GBIME,4/23/2026,236.0,236.0,231.1,233.0,-1.27,48025.0,270.6,218.9
GBIME,4/24/2026,232.0,236.0,230.0,232.5,0.22,74675.0,270.6,218.9
GBIME,4/27/2026,232.5,235.0,232.0,235.0,1.08,74903.0,270.6,218.9
GBIME,4/28/2026,237.0,237.0,228.0,232.0,-2.11,214442.0,270.6,218.9
GBIME,4/29/2026,232.0,233.8,228.4,230.0,-0.86,85732.0,270.6,218.9
GBIME,4/30/2026,231.0,232.2,227.0,231.0,0.0,77576.0,270.6,218.9
GBIME,5/4/2026,219.5,232.8,219.5,229.0,4.33,85181.0,270.6,218.9
GBIME,5/5/2026,230.0,231.8,228.0,230.0,0.0,63807.0,270.6,218.9
GBIME,5/6/2026,233.0,233.0,229.0,231.0,-0.86,85095.0,270.6,218.9
GBIME,5/7/2026,231.0,232.5,228.6,231.0,0.0,62281.0,270.6,218.9
GBIME,5/8/2026,230.0,234.0,230.0,234.0,1.74,59947.0,270.6,218.9
GBIME,5/11/2026,234.0,237.9,234.0,237.9,1.67,85828.0,270.6,218.9
GBIME,5/12/2026,241.0,241.0,230.8,233.0,-3.32,134746.0,270.6,218.9
GBIME,5/13/2026,233.0,234.8,231.1,234.5,0.64,36555.0,270.6,218.9
GBIME,5/14/2026,234.8,235.0,231.4,235.0,0.09,52969.0,270.6,218.9
GBIME,5/15/2026,233.3,237.0,231.6,234.2,0.39,32504.0,270.6,218.9
GBIME,5/18/2026,234.2,237.0,232.3,237.0,1.2,70520.0,270.6,218.9
GBIME,5/19/2026,236.9,237.3,234.0,236.9,0.0,54029.0,270.6,218.9
GBIME,5/20/2026,234.1,237.7,234.1,237.3,1.37,71471.0,270.6,218.9
GBIME,5/21/2026,240.0,240.8,235.0,235.2,-2.0,51944.0,270.6,218.9
GBIME,5/22/2026,237.5,237.6,234.3,236.8,-0.29,36102.0,270.6,218.9
GBIME,5/25/2026,236.0,239.0,235.2,237.9,0.81,70596.0,270.6,218.9
GBIME,5/26/2026,238.0,240.0,236.2,239.0,0.42,70690.0,270.6,218.9
GBIME,5/27/2026,239.0,241.0,238.0,240.4,0.59,79208.0,270.6,218.9
GBIME,6/1/2026,242.0,242.0,238.0,240.6,-0.58,100395.0,270.6,218.9
GBIME,6/2/2026,241.0,241.0,238.0,240.4,-0.25,66716.0,270.6,218.9
GBIME,6/3/2026,240.4,240.5,237.0,240.0,-0.17,132145.0,270.6,218.9
GBIME,6/4/2026,240.0,241.7,238.3,238.7,-0.54,30702.0,270.6,218.9
GBIME,6/5/2026,239.0,239.5,237.1,238.1,-0.38,89456.0,270.6,218.9
GBIME,6/8/2026,239.5,240.0,237.4,238.0,-0.63,83481.0,270.6,218.9
GBIME,6/9/2026,238.0,239.6,236.9,239.0,0.42,206778.0,270.6,218.9
GBIME,6/10/2026,235.0,240.2,235.0,239.8,2.04,138940.0,270.6,218.9
GBIME,6/11/2026,242.0,242.0,238.2,240.0,-0.83,94795.0,270.6,218.9
GBIME,6/12/2026,240.0,241.5,238.0,240.0,0.0,91855.0,270.6,218.9
GBIME,6/15/2026,240.0,240.0,238.0,240.0,0.0,125450.0,270.6,218.9
GBIME,6/16/2026,240.0,240.0,238.7,240.0,0.0,103889.0,270.6,218.9
GBIME,6/17/2026,241.5,241.5,238.8,239.6,-0.79,49302.0,270.6,218.9
GBIME,6/18/2026,238.0,241.0,237.0,240.5,1.05,92241.0,270.6,218.9
GBIME,6/19/2026,240.0,240.1,239.0,240.0,0.0,60695.0,270.6,218.9
GBIME,6/22/2026,240.0,240.8,238.0,239.0,-0.42,110533.0,270.6,218.9
GBIME,6/23/2026,238.5,240.0,237.0,239.0,0.21,218419.0,270.6,218.9
GBIME,6/24/2026,239.0,241.0,237.3,240.0,0.42,139676.0,270.6,218.9
GBIME,6/26/2026,237.0,240.4,236.0,236.7,-0.13,44620.0,270.6,218.9
GBIME,6/29/2026,237.0,239.3,237.0,239.3,0.97,371470.0,270.6,218.9
GBIME,6/30/2026,246.0,246.0,238.0,238.0,-3.25,117471.0,270.6,218.9
GBIME,7/1/2026,238.0,253.0,238.0,242.0,1.68,335428.0,270.6,218.9
GBIME,7/2/2026,250.0,250.0,233.0,249.0,-0.4,364120.0,270.6,218.9
GBIME,7/3/2026,249.0,249.0,239.8,243.0,-2.41,324953.0,270.6,218.9
GBIME,7/6/2026,243.0,246.0,238.4,241.0,-0.82,75273.0,270.6,218.9
GBIME,7/7/2026,240.0,250.9,240.0,248.5,3.54,689108.0,270.6,218.9
GBIME,7/8/2026,249.0,249.0,242.0,244.0,-2.01,90962.0,270.6,218.9
GBIME,7/9/2026,243.5,245.0,241.0,242.0,-0.62,132974.0,270.6,218.9
GBIME,7/10/2026,242.0,244.3,238.0,239.5,-1.03,206018.0,270.6,218.9
GBIME,7/13/2026,239.3,240.0,237.2,237.5,-0.75,137598.0,270.6,218.9
GBIME,7/14/2026,238.0,241.0,235.0,237.2,-0.34,201957.0,270.6,218.9
GBIME,7/15/2026,240.0,240.9,238.0,239.7,-0.13,64301.0,270.6,218.9
GBIME,7/16/2026,242.0,242.8,238.5,240.0,-0.83,55035.0,270.6,218.9
GBIME,7/17/2026,242.8,247.9,241.0,246.0,1.32,98871.0,270.6,218.9
GBIME,7/20/2026,246.0,247.4,243.5,245.0,-0.41,82844.0,270.6,218.9
GBIME,7/21/2026,248.5,248.5,243.3,246.9,-0.64,119856.0,270.6,218.9
GBIME,7/22/2026,245.0,263.0,242.2,247.2,0.9,136705.0,270.6,218.9
GBIME,7/23/2026,235.0,253.0,235.0,249.0,5.96,105646.0,270.6,218.9
GBIME,7/24/2026,247.9,250.8,246.0,249.5,0.65,177663.0,270.6,218.9
GBIME,7/27/2026,238.0,267.8,238.0,255.0,7.14,1089231.0,270.6,218.9
GBIME,7/28/2026,255.0,262.4,251.1,259.4,1.73,648297.0,270.6,218.9
GBIME,7/29/2026,253.5,261.0,253.5,256.9,1.34,375124.0,270.6,218.9
GBIME,7/30/2026,244.1,263.0,244.1,256.0,4.88,286885.0,270.6,218.9
GBIME,7/31/2026,254.0,265.0,252.0,262.0,3.15,588735.0,270.6,218.9
GBIME,8/3/2026,250.0,267.0,250.0,262.2,4.88,738612.0,270.6,218.9
GBIME,8/4/2026,262.0,265.0,254.1,257.8,-1.6,246287.0,270.6,218.9
GBIME,8/5/2026,270.6,270.6,252.4,253.2,-6.43,290873.0,270.6,218.9
GBIME,8/6/2026,265.8,265.8,251.8,252.3,-5.08,246981.0,270.6,218.9
GBIME,8/7/2026,252.3,253.7,250.0,251.0,-0.52,157185.0,270.6,218.9
GBIME,8/10/2026,256.0,256.0,249.4,251.0,-1.95,221487.0,270.6,218.9
GBIME,8/11/2026,238.5,255.0,238.5,250.7,5.12,211271.0,270.6,218.9
GBIME,8/12/2026,238.2,253.0,238.2,250.0,4.95,189235.0,270.6,218.9
GBIME,8/13/2026,249.9,253.4,249.8,251.6,0.68,138101.0,270.6,218.9
GBIME,8/14/2026,251.0,255.0,251.0,252.9,0.76,97314.0,270.6,218.9
GBIME,8/17/2026,252.0,253.8,248.0,249.0,-1.19,342941.0,270.6,218.9
GBIME,8/18/2026,251.0,251.0,244.0,245.0,-2.39,229247.0,270.6,218.9
GBIME,8/19/2026,252.0,252.0,244.0,247.9,-1.63,94358.0,270.6,218.9
GBIME,8/20/2026,249.0,249.0,245.0,247.5,-0.6,103072.0,270.6,218.9
GBIME,8/21/2026,247.5,249.0,245.0,246.2,-0.53,162508.0,270.6,218.9
GBIME,8/24/2026,247.0,249.0,244.5,244.5,-1.01,61628.0,270.6,218.9
GBIME,8/25/2026,244.5,247.9,244.5,244.8,0.12,118818.0,270.6,218.9
GBIME,8/26/2026,244.8,246.0,242.3,243.1,-0.69,102470.0,270.6,218.9
GBIME,8/27/2026,241.1,244.8,238.0,242.0,0.37,236991.0,270.6,218.9
GBIME,8/31/2026,242.0,246.0,239.2,240.0,-0.83,85641.0,270.6,218.9
GBIME,9/1/2026,240.0,242.0,239.5,240.0,0.0,80037.0,270.6,218.9
GBIME,9/2/2026,245.0,250.0,243.0,249.9,2.0,367046.0,270.6,218.9
GBIME,9/3/2026,250.4,254.5,247.0,250.0,-0.16,147780.0,270.6,218.9
GBIME,9/7/2026,262.5,262.5,248.1,251.9,-4.04,110870.0,270.6,218.9
GBIME,9/9/2026,254.0,255.1,250.4,250.4,-1.42,126513.0,270.6,218.9
GBIME,9/10/2026,254.0,254.0,247.8,248.6,-2.13,221176.0,270.6,218.9
GBIME,9/11/2026,250.0,251.5,248.3,250.6,0.24,148823.0,270.6,218.9
GBIME,9/14/2026,250.0,254.0,250.0,253.0,1.2,135724.0,270.6,218.9
GBIME,9/15/2026,260.0,263.7,254.3,257.1,-1.12,315862.0,270.6,218.9
GBIME,9/16/2026,256.0,259.0,255.0,258.0,0.78,225137.0,270.6,218.9
GBIME,9/17/2026,260.0,260.0,256.0,258.2,-0.69,254365.0,270.6,218.9
GBIME,9/18/2026,260.0,261.9,257.0,260.9,0.35,894556.0,270.6,218.9
GBIME,9/22/2026,252.0,253.0,246.1,247.5,-1.79,455178.0,270.6,218.9
GBIME,9/23/2026,247.5,247.5,240.7,243.0,-1.82,265723.0,270.6,218.9
GBIME,9/24/2026,247.5,247.5,240.4,243.8,-1.49,223466.0,270.6,218.9
GBIME,9/28/2026,243.8,244.0,240.0,243.2,-0.25,152827.0,270.6,218.9
GBIME,9/29/2026,243.5,244.0,241.0,0.0,-100.0,67644.0,270.6,218.9
GBIME,9/30/2026,230.1,245.0,230.1,243.5,5.82,156168.0,270.6,218.9
GBIME,10/1/2026,245.0,245.0,242.0,243.9,-0.45,160452.0,270.6,218.9
GBIME,10/2/2026,244.0,244.9,242.0,243.0,-0.41,78571.0,270.6,218.9
GBIMEP,12/21/2025,100.0,100.0,100.0,100.0,,17245.0,131.0,100.0
GBIMEP,12/24/2025,100.0,100.0,100.0,100.0,0.0,23414.0,131.0,100.0
GBIMEP,1/13/2026,100.0,100.0,100.0,100.0,0.0,17231.0,131.0,100.0
GBIMEP,2/17/2026,100.0,100.0,100.0,100.0,0.0,195382.0,131.0,100.0
GBIMEP,2/24/2026,100.0,104.0,100.0,100.0,0.0,468058.0,131.0,100.0
GBIMEP,2/25/2026,100.0,100.0,100.0,100.0,0.0,17073.0,131.0,100.0
GBIMEP,2/26/2026,100.0,100.0,100.0,100.0,0.0,23846.0,131.0,100.0
GBIMEP,2/27/2026,100.0,100.0,100.0,100.0,0.0,23846.0,131.0,100.0
GBIMEP,2/28/2026,100.0,100.0,100.0,100.0,0.0,23846.0,131.0,100.0
GBIMEP,3/1/2026,100.0,100.0,100.0,100.0,0.0,23846.0,131.0,100.0
GBIMEP,3/12/2026,100.0,100.0,100.0,100.0,0.0,20903.0,131.0,100.0
GBIMEP,3/13/2026,100.0,100.0,100.0,100.0,0.0,20903.0,131.0,100.0
GBIMEP,3/14/2026,100.0,100.0,100.0,100.0,0.0,20903.0,131.0,100.0
GBIMEP,3/16/2026,100.0,100.0,100.0,100.0,0.0,33286.0,131.0,100.0
GBIMEP,3/17/2026,100.0,100.0,100.0,100.0,0.0,20000.0,131.0,100.0
GBIMEP,3/18/2026,100.0,100.0,100.0,100.0,0.0,20000.0,131.0,100.0
GBIMEP,4/6/2026,100.0,100.0,100.0,100.0,0.0,19078.0,131.0,100.0
GBIMEP,4/7/2026,100.0,100.0,100.0,100.0,0.0,5854.0,131.0,100.0
GBIMEP,6/9/2026,131.0,131.0,131.0,131.0,0.0,20851.0,131.0,100.0
GBIMEP,6/11/2026,131.0,131.0,131.0,131.0,0.0,15000.0,131.0,100.0
GBIMEP,6/23/2026,127.1,127.1,127.1,127.1,0.0,43115.0,131.0,100.0
GBIMEP,7/29/2026,120.8,120.8,120.8,120.8,0.0,16479.0,131.0,100.0
GBIMEP,7/30/2026,114.8,114.8,111.4,111.4,-2.96,47200.0,131.0,100.0
GBIMEP,7/31/2026,105.9,105.9,104.7,104.7,-1.13,386068.0,131.0,100.0
GBIMEP,8/4/2026,104.7,104.7,104.7,104.7,0.0,11396.0,131.0,100.0
GBIMEP,8/6/2026,101.6,101.6,101.6,101.6,0.0,22018.0,131.0,100.0
GBIMEP,8/13/2026,100.0,100.0,100.0,100.0,0.0,8622.0,131.0,100.0
GBIMEP,8/14/2026,100.0,100.0,100.0,100.0,0.0,64721.0,131.0,100.0
GBIMEP,9/11/2026,100.0,100.0,100.0,100.0,0.0,7037.0,131.0,100.0
GBIMEP,9/17/2026,100.0,100.0,100.0,100.0,0.0,337767.0,131.0,100.0
GBIMEP,9/18/2026,100.0,100.0,100.0,100.0,0.0,19639.0,131.0,100.0
GBIMESY2,12/21/2025,8.93,9.14,8.93,9.14,,5250.0,10.78,8.5
GBIMESY2,12/22/2025,8.99,8.99,8.98,8.98,-1.75,1500.0,10.78,8.5
GBIMESY2,12/23/2025,8.83,8.98,8.81,8.81,-1.89,2200.0,10.78,8.5
GBIMESY2,12/24/2025,8.82,9.05,8.82,9.05,2.72,2000.0,10.78,8.5
GBIMESY2,12/28/2025,8.87,9.26,8.87,9.26,2.32,6530.0,10.78,8.5
GBIMESY2,12/29/2025,9.08,10.18,9.0,10.18,9.94,4750.0,10.78,8.5
GBIMESY2,12/31/2025,10.18,10.18,9.98,9.98,-1.96,200.0,10.78,8.5
GBIMESY2,1/1/2026,9.79,9.79,8.98,8.98,-10.02,16700.0,10.78,8.5
GBIMESY2,1/4/2026,8.81,9.15,8.81,8.97,-0.11,2890.0,10.78,8.5
GBIMESY2,1/5/2026,8.8,9.0,8.8,8.9,-0.78,2200.0,10.78,8.5
GBIMESY2,1/6/2026,8.75,8.92,8.75,8.92,0.22,1800.0,10.78,8.5
GBIMESY2,1/7/2026,8.79,9.09,8.79,8.91,-0.11,1700.0,10.78,8.5
GBIMESY2,1/8/2026,9.0,9.15,8.97,9.1,2.13,2210.0,10.78,8.5
GBIMESY2,1/12/2026,9.1,9.1,8.93,8.93,-1.87,1900.0,10.78,8.5
GBIMESY2,1/13/2026,8.96,9.18,8.96,9.18,2.8,6050.0,10.78,8.5
GBIMESY2,1/14/2026,9.0,9.1,8.84,9.1,-0.87,1500.0,10.78,8.5
GBIMESY2,1/18/2026,8.92,9.1,8.92,9.1,0.0,2500.0,10.78,8.5
GBIMESY2,1/20/2026,8.93,9.1,8.93,9.05,-0.55,5300.0,10.78,8.5
GBIMESY2,1/21/2026,8.89,9.06,8.89,9.03,-0.22,2150.0,10.78,8.5
GBIMESY2,1/22/2026,8.92,9.15,8.92,9.03,0.0,3780.0,10.78,8.5
GBIMESY2,1/25/2026,8.9,9.2,8.9,9.2,1.88,4400.0,10.78,8.5
GBIMESY2,1/26/2026,9.02,9.38,9.02,9.22,0.22,13780.0,10.78,8.5
GBIMESY2,1/27/2026,9.4,9.41,9.22,9.24,0.22,3100.0,10.78,8.5
GBIMESY2,1/28/2026,9.07,9.33,9.07,9.15,-0.97,1600.0,10.78,8.5
GBIMESY2,1/29/2026,9.0,9.24,9.0,9.06,-0.98,2745.0,10.78,8.5
GBIMESY2,2/1/2026,8.92,9.41,8.92,9.23,1.88,6850.0,10.78,8.5
GBIMESY2,2/2/2026,9.09,9.15,9.09,9.15,-0.87,2100.0,10.78,8.5
GBIMESY2,2/3/2026,9.1,9.17,9.03,9.04,-1.2,2800.0,10.78,8.5
GBIMESY2,2/4/2026,9.05,9.41,9.05,9.41,4.09,1899.0,10.78,8.5
GBIMESY2,2/5/2026,9.58,9.74,9.5,9.6,2.02,55112.0,10.78,8.5
GBIMESY2,2/8/2026,9.5,9.5,9.12,9.19,-4.27,1400.0,10.78,8.5
GBIMESY2,2/9/2026,9.13,9.38,9.03,9.08,-1.2,2450.0,10.78,8.5
GBIMESY2,2/10/2026,8.92,9.2,8.92,9.12,0.44,1200.0,10.78,8.5
GBIMESY2,2/11/2026,9.07,9.48,9.07,9.48,3.95,5315.0,10.78,8.5
GBIMESY2,2/12/2026,9.35,9.53,9.21,9.53,0.53,1600.0,10.78,8.5
GBIMESY2,2/16/2026,9.34,9.5,8.99,9.34,-1.99,33310.0,10.78,8.5
GBIMESY2,2/17/2026,9.3,9.3,9.25,9.3,-0.43,1310.0,10.78,8.5
GBIMESY2,2/22/2026,9.15,9.16,9.15,9.15,-1.61,1300.0,10.78,8.5
GBIMESY2,2/23/2026,8.97,9.33,8.81,9.33,1.97,3900.0,10.78,8.5
GBIMESY2,2/24/2026,9.17,9.2,9.17,9.17,-1.71,1570.0,10.78,8.5
GBIMESY2,2/25/2026,8.99,9.35,8.99,9.35,1.96,6000.0,10.78,8.5
GBIMESY2,2/26/2026,9.17,9.5,9.16,9.32,-0.32,1850.0,10.78,8.5
GBIMESY2,2/27/2026,9.17,9.5,9.16,9.32,0.0,1850.0,10.78,8.5
GBIMESY2,2/28/2026,9.17,9.5,9.16,9.32,0.0,1850.0,10.78,8.5
GBIMESY2,3/2/2026,9.5,9.5,9.14,9.14,-1.93,2430.0,10.78,8.5
GBIMESY2,3/3/2026,9.32,9.32,9.17,9.2,0.66,2400.0,10.78,8.5
GBIMESY2,3/4/2026,9.32,9.32,9.17,9.2,0.0,2400.0,10.78,8.5
GBIMESY2,3/5/2026,9.32,9.32,9.17,9.2,0.0,2400.0,10.78,8.5
GBIMESY2,3/6/2026,9.32,9.32,9.17,9.2,0.0,2400.0,10.78,8.5
GBIMESY2,3/7/2026,9.32,9.32,9.17,9.2,0.0,2400.0,10.78,8.5
GBIMESY2,3/8/2026,9.32,9.32,9.17,9.2,0.0,2400.0,10.78,8.5
GBIMESY2,3/10/2026,9.2,9.56,9.07,9.37,1.85,12673.0,10.78,8.5
GBIMESY2,3/11/2026,9.19,9.55,9.19,9.52,1.6,2100.0,10.78,8.5
GBIMESY2,3/12/2026,9.33,9.37,9.33,9.36,-1.68,1050.0,10.78,8.5
GBIMESY2,3/13/2026,9.33,9.37,9.33,9.36,0.0,1050.0,10.78,8.5
GBIMESY2,3/14/2026,9.33,9.37,9.33,9.36,0.0,1050.0,10.78,8.5
GBIMESY2,3/15/2026,9.21,9.65,9.21,9.51,1.6,9233.0,10.78,8.5
GBIMESY2,3/16/2026,9.51,9.7,9.33,9.7,2.0,8350.0,10.78,8.5
GBIMESY2,3/17/2026,9.6,9.6,9.14,9.35,-3.61,1500.0,10.78,8.5
GBIMESY2,3/18/2026,9.6,9.6,9.14,9.35,0.0,1500.0,10.78,8.5
GBIMESY2,3/19/2026,9.3,9.42,9.3,9.4,0.53,7000.0,10.78,8.5
GBIMESY2,3/20/2026,9.3,9.42,9.3,9.4,0.0,7000.0,10.78,8.5
GBIMESY2,3/21/2026,9.3,9.42,9.3,9.4,0.0,7000.0,10.78,8.5
GBIMESY2,3/22/2026,9.58,9.89,9.39,9.6,2.13,4270.0,10.78,8.5
GBIMESY2,3/23/2026,9.42,9.98,9.42,9.59,-0.1,6010.0,10.78,8.5
GBIMESY2,3/24/2026,9.41,9.78,9.4,9.78,1.98,4300.0,10.78,8.5
GBIMESY2,3/25/2026,9.6,9.97,9.43,9.83,0.51,16040.0,10.78,8.5
GBIMESY2,3/26/2026,9.64,9.7,9.45,9.7,0.62,1900.0,10.78,8.5
GBIMESY2,3/29/2026,9.52,9.7,9.4,9.7,1.89,6400.0,10.78,8.5
GBIMESY2,3/30/2026,9.71,9.86,9.52,9.8,0.93,9330.0,10.78,8.5
GBIMESY2,3/31/2026,9.61,9.64,9.46,9.55,-0.62,5700.0,10.78,8.5
GBIMESY2,4/1/2026,9.55,9.6,9.48,9.6,0.52,1000.0,10.78,8.5
GBIMESY2,4/2/2026,9.5,9.65,9.5,9.65,1.58,3400.0,10.78,8.5
GBIMESY2,4/5/2026,9.48,9.8,9.48,9.53,0.53,4850.0,10.78,8.5
GBIMESY2,4/6/2026,9.45,9.6,9.45,9.6,1.59,2400.0,10.78,8.5
GBIMESY2,4/7/2026,9.41,9.5,9.41,9.42,0.11,2600.0,10.78,8.5
GBIMESY2,4/8/2026,9.45,9.6,9.24,9.59,1.48,2300.0,10.78,8.5
GBIMESY2,4/9/2026,9.5,9.8,9.5,9.56,0.63,12910.0,10.78,8.5
GBIMESY2,4/10/2026,9.37,9.56,9.3,9.37,0.0,1800.0,10.78,8.5
GBIMESY2,4/13/2026,9.25,9.37,9.25,9.26,0.11,5300.0,10.78,8.5
GBIMESY2,4/15/2026,9.15,9.59,9.15,9.46,3.39,2600.0,10.78,8.5
GBIMESY2,4/16/2026,9.35,9.72,9.35,9.5,1.6,5400.0,10.78,8.5
GBIMESY2,4/17/2026,9.4,9.5,9.31,9.5,1.06,3500.0,10.78,8.5
GBIMESY2,4/20/2026,9.5,9.78,9.32,9.78,2.95,6190.0,10.78,8.5
GBIMESY2,4/21/2026,9.5,9.6,9.5,9.6,1.05,4600.0,10.78,8.5
GBIMESY2,4/22/2026,9.38,9.6,9.38,9.6,2.35,1600.0,10.78,8.5
GBIMESY2,4/23/2026,9.5,9.5,9.32,9.35,-1.58,600.0,10.78,8.5
GBIMESY2,4/24/2026,9.34,9.35,9.27,9.27,-0.75,400.0,10.78,8.5
GBIMESY2,4/27/2026,9.27,9.82,9.13,9.53,2.8,9240.0,10.78,8.5
GBIMESY2,4/28/2026,9.53,9.52,9.17,9.35,-1.89,5310.0,10.78,8.5
GBIMESY2,4/29/2026,9.35,9.38,9.1,9.31,-0.43,2600.0,10.78,8.5
GBIMESY2,4/30/2026,9.04,9.42,9.01,9.2,1.77,7790.0,10.78,8.5
GBIMESY2,5/4/2026,9.0,9.18,9.0,9.15,1.67,13110.0,10.78,8.5
GBIMESY2,5/5/2026,9.42,9.7,9.15,9.41,-0.11,1000.0,10.78,8.5
GBIMESY2,5/6/2026,9.15,9.5,9.0,9.5,3.83,1800.0,10.78,8.5
GBIMESY2,5/7/2026,9.5,9.78,9.4,9.55,0.53,5820.0,10.78,8.5
GBIMESY2,5/8/2026,9.5,9.5,9.1,9.3,-2.11,15580.0,10.78,8.5
GBIMESY2,5/11/2026,9.2,9.4,9.2,9.4,2.17,2200.0,10.78,8.5
GBIMESY2,5/12/2026,9.22,9.49,9.22,9.49,2.93,1800.0,10.78,8.5
GBIMESY2,5/13/2026,9.46,9.5,9.46,9.5,0.42,1600.0,10.78,8.5
GBIMESY2,5/14/2026,9.5,9.7,9.5,9.66,1.68,13600.0,10.78,8.5
GBIMESY2,5/15/2026,9.4,9.69,9.35,9.63,2.45,2500.0,10.78,8.5
GBIMESY2,5/18/2026,9.35,9.42,9.35,9.41,0.64,6660.0,10.78,8.5
GBIMESY2,5/19/2026,9.15,9.41,9.15,9.41,2.84,1500.0,10.78,8.5
GBIMESY2,5/20/2026,9.27,9.6,9.27,9.6,3.56,1800.0,10.78,8.5
GBIMESY2,5/21/2026,9.6,9.69,9.4,9.55,-0.52,2150.0,10.78,8.5
GBIMESY2,5/22/2026,9.5,9.5,9.21,9.31,-2.0,800.0,10.78,8.5
GBIMESY2,5/25/2026,9.31,9.58,9.25,9.41,1.07,5000.0,10.78,8.5
GBIMESY2,5/26/2026,9.41,9.5,9.24,9.35,-0.64,7399.0,10.78,8.5
GBIMESY2,5/27/2026,9.3,9.8,9.21,9.35,0.54,13000.0,10.78,8.5
GBIMESY2,6/1/2026,9.35,9.63,9.35,9.4,0.53,20000.0,10.78,8.5
GBIMESY2,6/2/2026,9.2,9.75,9.2,9.4,2.17,1710.0,10.78,8.5
GBIMESY2,6/3/2026,9.24,9.8,9.24,9.5,2.81,9100.0,10.78,8.5
GBIMESY2,6/4/2026,9.5,9.69,9.26,9.45,-0.53,6900.0,10.78,8.5
GBIMESY2,6/5/2026,9.22,9.4,9.22,9.4,1.95,1200.0,10.78,8.5
GBIMESY2,6/8/2026,9.12,9.67,9.12,9.4,3.07,3300.0,10.78,8.5
GBIMESY2,6/9/2026,9.28,9.29,9.28,9.29,0.11,830.0,10.78,8.5
GBIMESY2,6/10/2026,9.3,9.59,9.3,9.35,0.54,1559.0,10.78,8.5
GBIMESY2,6/11/2026,9.32,9.58,9.31,9.58,2.79,20150.0,10.78,8.5
GBIMESY2,6/12/2026,9.85,9.86,9.35,9.42,-4.37,10450.0,10.78,8.5
GBIMESY2,6/15/2026,9.37,9.41,9.37,9.41,0.43,1600.0,10.78,8.5
GBIMESY2,6/16/2026,9.37,9.4,9.37,9.4,0.32,12800.0,10.78,8.5
GBIMESY2,6/17/2026,9.37,9.47,9.2,9.3,-0.75,2350.0,10.78,8.5
GBIMESY2,6/18/2026,9.2,9.4,9.2,9.33,1.41,1700.0,10.78,8.5
GBIMESY2,6/19/2026,9.4,9.51,9.4,9.51,1.17,1100.0,10.78,8.5
GBIMESY2,6/22/2026,9.3,9.51,9.3,9.42,1.29,2180.0,10.78,8.5
GBIMESY2,6/23/2026,9.3,9.42,9.12,9.42,1.29,3700.0,10.78,8.5
GBIMESY2,6/24/2026,9.42,9.42,9.15,9.42,0.0,1600.0,10.78,8.5
GBIMESY2,6/26/2026,9.23,9.25,9.23,9.25,0.22,500.0,10.78,8.5
GBIMESY2,6/29/2026,9.0,9.27,9.0,9.27,3.0,1600.0,10.78,8.5
GBIMESY2,6/30/2026,9.1,9.21,9.1,9.21,1.21,300.0,10.78,8.5
GBIMESY2,7/1/2026,9.25,9.5,9.25,9.5,2.7,2200.0,10.78,8.5
GBIMESY2,7/2/2026,9.3,9.5,9.25,9.35,0.54,1000.0,10.78,8.5
GBIMESY2,7/3/2026,9.2,9.3,9.2,9.22,0.22,1150.0,10.78,8.5
GBIMESY2,7/6/2026,9.2,9.4,9.2,9.2,0.0,1100.0,10.78,8.5
GBIMESY2,7/7/2026,9.2,9.2,9.0,9.04,-1.74,2525.0,10.78,8.5
GBIMESY2,7/8/2026,9.05,9.3,9.05,9.2,1.66,2800.0,10.78,8.5
GBIMESY2,7/9/2026,9.0,9.27,9.0,9.04,0.44,1600.0,10.78,8.5
GBIMESY2,7/10/2026,9.31,9.54,9.09,9.09,-2.36,1600.0,10.78,8.5
GBIMESY2,7/13/2026,9.09,9.6,8.95,9.5,4.51,2005175.0,10.78,8.5
GBIMESY2,7/14/2026,9.4,9.5,9.14,9.5,1.06,300.0,10.78,8.5
GBIMESY2,7/15/2026,9.97,9.97,9.5,9.5,-4.71,9700.0,10.78,8.5
GBIMESY2,7/16/2026,9.97,10.78,9.72,9.98,0.1,16750.0,10.78,8.5
GBIMESY2,7/17/2026,9.69,9.69,9.69,9.69,0.0,910.0,10.78,8.5
GBIMESY2,7/20/2026,9.5,9.5,9.4,9.5,0.0,2400.0,10.78,8.5
GBIMESY2,7/21/2026,9.26,9.3,9.26,9.3,0.43,400.0,10.78,8.5
GBIMESY2,7/22/2026,9.3,9.6,9.3,9.4,1.08,3350.0,10.78,8.5
GBIMESY2,7/23/2026,9.3,9.5,9.2,9.5,2.15,500.0,10.78,8.5
GBIMESY2,7/24/2026,9.45,9.45,9.22,9.33,-1.27,4700.0,10.78,8.5
GBIMESY2,7/27/2026,9.4,9.48,9.12,9.3,-1.06,2200.0,10.78,8.5
GBIMESY2,7/28/2026,9.3,9.37,9.05,9.11,-2.04,10700.0,10.78,8.5
GBIMESY2,7/29/2026,9.11,9.4,9.1,9.39,3.07,2000.0,10.78,8.5
GBIMESY2,7/30/2026,9.3,9.3,9.04,9.04,-2.8,400.0,10.78,8.5
GBIMESY2,7/31/2026,9.24,9.27,9.0,9.25,0.11,3900.0,10.78,8.5
GBIMESY2,8/3/2026,9.25,9.5,9.01,9.3,0.54,10600.0,10.78,8.5
GBIMESY2,8/4/2026,9.3,9.3,9.04,9.12,-1.94,1600.0,10.78,8.5
GBIMESY2,8/5/2026,9.02,9.3,9.02,9.2,2.0,1250.0,10.78,8.5
GBIMESY2,8/6/2026,8.93,9.33,8.93,9.2,3.02,2900.0,10.78,8.5
GBIMESY2,8/7/2026,8.98,9.2,8.98,9.11,1.45,8000.0,10.78,8.5
GBIMESY2,8/10/2026,9.01,9.25,8.93,9.25,2.66,2600.0,10.78,8.5
GBIMESY2,8/11/2026,9.0,9.24,9.0,9.1,1.11,5700.0,10.78,8.5
GBIMESY2,8/12/2026,9.06,9.11,9.06,9.11,0.55,600.0,10.78,8.5
GBIMESY2,8/13/2026,8.86,9.18,8.86,9.0,1.58,1938.0,10.78,8.5
GBIMESY2,8/14/2026,9.0,9.0,8.94,9.0,0.0,700.0,10.78,8.5
GBIMESY2,8/17/2026,8.91,9.0,8.91,8.96,0.56,700.0,10.78,8.5
GBIMESY2,8/18/2026,8.9,9.06,8.9,9.06,1.8,1150.0,10.78,8.5
GBIMESY2,8/19/2026,8.94,8.95,8.94,8.95,0.11,600.0,10.78,8.5
GBIMESY2,8/20/2026,8.89,9.1,8.89,9.1,2.36,400.0,10.78,8.5
GBIMESY2,8/21/2026,8.89,8.96,8.89,8.96,0.79,1200.0,10.78,8.5
GBIMESY2,8/24/2026,8.89,8.93,8.89,8.92,0.34,800.0,10.78,8.5
GBIMESY2,8/25/2026,8.89,8.93,8.89,8.9,0.11,700.0,10.78,8.5
GBIMESY2,8/26/2026,8.9,8.9,8.9,8.9,0.0,100.0,10.78,8.5
GBIMESY2,8/27/2026,8.89,8.89,8.89,8.89,0.0,400.0,10.78,8.5
GBIMESY2,8/31/2026,9.0,9.0,8.9,8.92,-0.89,2300.0,10.78,8.5
GBIMESY2,9/1/2026,9.15,9.15,9.01,9.01,-1.53,1500.0,10.78,8.5
GBIMESY2,9/2/2026,8.9,8.9,8.89,8.89,-0.11,920.0,10.78,8.5
GBIMESY2,9/3/2026,8.89,8.93,8.89,8.93,0.45,500.0,10.78,8.5
GBIMESY2,9/7/2026,8.75,8.9,8.75,8.9,1.71,600.0,10.78,8.5
GBIMESY2,9/9/2026,8.9,9.0,8.7,8.81,-1.01,2700.0,10.78,8.5
GBIMESY2,9/10/2026,8.75,8.8,8.75,8.8,0.57,400.0,10.78,8.5
GBIMESY2,9/11/2026,8.75,9.01,8.75,8.8,0.57,6800.0,10.78,8.5
GBIMESY2,9/14/2026,8.75,8.8,8.75,8.75,0.0,700.0,10.78,8.5
GBIMESY2,9/15/2026,8.75,8.85,8.7,8.85,1.14,915.0,10.78,8.5
GBIMESY2,9/16/2026,8.85,8.86,8.85,8.86,0.11,200.0,10.78,8.5
GBIMESY2,9/17/2026,8.82,9.14,8.82,8.9,0.91,4100.0,10.78,8.5
GBIMESY2,9/18/2026,8.75,9.16,8.75,9.16,4.69,1300.0,10.78,8.5
GBIMESY2,9/22/2026,9.0,9.0,8.91,8.93,-0.78,1400.0,10.78,8.5
GBIMESY2,9/23/2026,8.96,9.26,8.96,9.26,3.35,1835.0,10.78,8.5
GBIMESY2,9/24/2026,9.0,9.0,9.0,9.0,0.0,1700.0,10.78,8.5
GBIMESY2,9/28/2026,9.01,9.28,9.01,9.02,0.11,1050.0,10.78,8.5
GBIMESY2,9/29/2026,9.01,9.1,9.01,0.0,-100.0,3200.0,10.78,8.5
GBIMESY2,9/30/2026,9.01,9.14,8.88,9.14,1.44,4400.0,10.78,8.5
GBIMESY2,10/1/2026,9.0,9.1,9.0,9.0,0.0,1820.0,10.78,8.5
GBIMESY2,10/2/2026,9.01,9.01,8.81,8.83,-2.0,2500.0,10.78,8.5
GBLBS,12/23/2025,805.0,853.0,805.0,852.0,,51250.0,868.0,610.0
GBLBS,12/24/2025,860.0,868.0,804.0,816.0,-4.23,23436.0,868.0,610.0
GBLBS,12/28/2025,832.0,832.0,808.0,820.0,0.49,11861.0,868.0,610.0
GBLBS,12/29/2025,836.4,836.4,805.2,807.0,-1.59,4702.0,868.0,610.0
GBLBS,12/31/2025,819.9,820.0,805.0,805.0,-0.25,4683.0,868.0,610.0
GBLBS,1/1/2026,821.0,821.0,787.0,787.0,-2.24,7210.0,868.0,610.0
GBLBS,1/4/2026,787.0,788.6,767.0,775.0,-1.52,10331.0,868.0,610.0
GBLBS,1/5/2026,765.5,788.0,765.5,785.0,1.29,5380.0,868.0,610.0
GBLBS,1/6/2026,793.9,800.0,770.0,777.0,-1.02,9881.0,868.0,610.0
GBLBS,1/7/2026,767.1,789.9,767.1,772.2,-0.62,5560.0,868.0,610.0
GBLBS,1/8/2026,784.0,784.0,768.0,769.0,-0.41,7224.0,868.0,610.0
GBLBS,1/12/2026,763.0,778.2,763.0,768.0,-0.13,5790.0,868.0,610.0
GBLBS,1/13/2026,762.0,779.8,760.5,773.9,0.77,6480.0,868.0,610.0
GBLBS,1/14/2026,766.6,773.0,755.5,755.5,-2.38,6369.0,868.0,610.0
GBLBS,1/18/2026,762.4,780.1,762.4,777.1,2.86,7853.0,868.0,610.0
GBLBS,1/20/2026,792.0,806.9,777.1,795.0,2.3,18212.0,868.0,610.0
GBLBS,1/21/2026,810.9,810.9,789.0,800.0,0.63,6740.0,868.0,610.0
GBLBS,1/22/2026,816.0,816.0,786.0,790.0,-1.25,7279.0,868.0,610.0
GBLBS,1/25/2026,790.1,816.0,790.1,808.1,2.29,11466.0,868.0,610.0
GBLBS,1/26/2026,810.0,816.0,799.0,799.0,-1.13,13754.0,868.0,610.0
GBLBS,1/27/2026,812.5,814.5,785.0,786.0,-1.63,9343.0,868.0,610.0
GBLBS,1/28/2026,786.0,799.8,771.0,781.0,-0.64,6104.0,868.0,610.0
GBLBS,1/29/2026,795.0,796.5,778.0,778.2,-0.36,9449.0,868.0,610.0
GBLBS,2/1/2026,767.0,790.0,767.0,772.1,-0.78,6279.0,868.0,610.0
GBLBS,2/2/2026,765.2,779.7,765.2,771.0,-0.14,3120.0,868.0,610.0
GBLBS,2/3/2026,767.1,780.0,767.1,774.8,0.49,4631.0,868.0,610.0
GBLBS,2/4/2026,788.0,788.0,766.6,767.0,-1.01,2995.0,868.0,610.0
GBLBS,2/5/2026,768.0,778.0,765.0,776.0,1.17,3800.0,868.0,610.0
GBLBS,2/8/2026,776.0,785.0,765.0,765.2,-1.39,10517.0,868.0,610.0
GBLBS,2/9/2026,780.5,780.5,760.0,767.0,0.24,4565.0,868.0,610.0
GBLBS,2/10/2026,765.0,767.0,758.0,765.0,-0.26,5095.0,868.0,610.0
GBLBS,2/11/2026,775.0,775.0,755.1,763.0,-0.26,4340.0,868.0,610.0
GBLBS,2/12/2026,763.0,768.0,756.3,760.0,-0.39,6892.0,868.0,610.0
GBLBS,2/16/2026,761.0,774.0,761.0,762.2,0.29,2101.0,868.0,610.0
GBLBS,2/17/2026,763.0,763.0,752.8,752.8,-1.23,5980.0,868.0,610.0
GBLBS,2/22/2026,767.8,767.8,748.2,752.0,-0.11,4438.0,868.0,610.0
GBLBS,2/23/2026,760.0,767.0,740.0,742.0,-1.33,8577.0,868.0,610.0
GBLBS,2/24/2026,735.0,754.8,735.0,750.0,1.08,1088.0,868.0,610.0
GBLBS,2/25/2026,751.0,763.0,744.1,755.0,0.67,4502.0,868.0,610.0
GBLBS,2/26/2026,750.0,765.0,746.1,755.2,0.03,3294.0,868.0,610.0
GBLBS,2/27/2026,750.0,765.0,746.1,755.2,0.0,3294.0,868.0,610.0
GBLBS,2/28/2026,750.0,765.0,746.1,755.2,0.0,3294.0,868.0,610.0
GBLBS,3/2/2026,755.2,768.9,727.1,762.0,0.9,4111.0,868.0,610.0
GBLBS,3/3/2026,772.8,776.8,760.0,776.8,1.94,5124.0,868.0,610.0
GBLBS,3/4/2026,772.8,776.8,760.0,776.8,0.0,5124.0,868.0,610.0
GBLBS,3/5/2026,772.8,776.8,760.0,776.8,0.0,5124.0,868.0,610.0
GBLBS,3/6/2026,772.8,776.8,760.0,776.8,0.0,5124.0,868.0,610.0
GBLBS,3/7/2026,772.8,776.8,760.0,776.8,0.0,5124.0,868.0,610.0
GBLBS,3/8/2026,772.8,776.8,760.0,776.8,0.0,5124.0,868.0,610.0
GBLBS,3/9/2026,792.3,792.3,792.3,792.3,2.0,10.0,868.0,610.0
GBLBS,3/10/2026,808.1,823.0,792.3,800.0,0.97,24294.0,868.0,610.0
GBLBS,3/11/2026,800.0,808.0,787.0,800.0,0.0,8397.0,868.0,610.0
GBLBS,3/12/2026,800.0,810.0,790.1,804.0,0.5,9977.0,868.0,610.0
GBLBS,3/13/2026,800.0,810.0,790.1,804.0,0.0,9977.0,868.0,610.0
GBLBS,3/14/2026,800.0,810.0,790.1,804.0,0.0,9977.0,868.0,610.0
GBLBS,3/15/2026,796.0,810.0,790.0,796.0,-1.0,8783.0,868.0,610.0
GBLBS,3/16/2026,793.1,802.0,783.2,789.0,-0.88,8518.0,868.0,610.0
GBLBS,3/17/2026,789.0,789.0,777.0,785.0,-0.51,1816.0,868.0,610.0
GBLBS,3/18/2026,789.0,789.0,777.0,785.0,0.0,1816.0,868.0,610.0
GBLBS,3/19/2026,799.8,799.8,782.2,796.9,1.52,10374.0,868.0,610.0
GBLBS,3/20/2026,799.8,799.8,782.2,796.9,0.0,10374.0,868.0,610.0
GBLBS,3/21/2026,799.8,799.8,782.2,796.9,0.0,10374.0,868.0,610.0
GBLBS,3/22/2026,808.0,843.8,800.0,835.9,4.89,33922.0,868.0,610.0
GBLBS,3/23/2026,835.9,844.5,819.2,825.0,-1.3,12811.0,868.0,610.0
GBLBS,3/24/2026,825.0,833.8,815.1,820.0,-0.61,12089.0,868.0,610.0
GBLBS,3/25/2026,820.0,824.8,813.0,813.0,-0.85,18284.0,868.0,610.0
GBLBS,3/26/2026,813.0,816.8,801.2,814.0,0.12,11182.0,868.0,610.0
GBLBS,3/29/2026,804.5,815.0,800.0,800.0,-0.56,15695.0,868.0,610.0
GBLBS,3/30/2026,800.0,802.9,781.1,795.0,-0.62,10090.0,868.0,610.0
GBLBS,3/31/2026,803.0,803.0,776.2,795.0,-1.0,5433.0,868.0,610.0
GBLBS,4/1/2026,781.0,790.0,770.0,779.0,-0.26,4815.0,868.0,610.0
GBLBS,4/2/2026,775.1,781.3,765.0,775.0,-0.01,7593.0,868.0,610.0
GBLBS,4/5/2026,768.0,775.0,755.0,758.0,-1.3,11461.0,868.0,610.0
GBLBS,4/6/2026,765.0,772.0,760.0,770.0,0.65,9825.0,868.0,610.0
GBLBS,4/7/2026,765.0,780.0,756.5,762.0,-0.39,4485.0,868.0,610.0
GBLBS,4/8/2026,762.0,776.2,760.0,776.0,1.84,5157.0,868.0,610.0
GBLBS,4/9/2026,776.0,790.0,764.0,790.0,1.8,5247.0,868.0,610.0
GBLBS,4/10/2026,775.1,790.0,775.1,784.4,1.2,2288.0,868.0,610.0
GBLBS,4/13/2026,769.0,800.0,769.0,785.0,2.08,3869.0,868.0,610.0
GBLBS,4/15/2026,799.5,799.5,773.0,780.0,-2.44,9528.0,868.0,610.0
GBLBS,4/16/2026,780.0,789.0,766.0,773.0,-0.9,7426.0,868.0,610.0
GBLBS,4/17/2026,775.0,775.0,761.0,769.9,-0.66,4721.0,868.0,610.0
GBLBS,4/20/2026,753.0,779.0,753.0,778.5,3.39,2294.0,868.0,610.0
GBLBS,4/21/2026,778.5,778.5,761.0,775.0,-0.45,6244.0,868.0,610.0
GBLBS,4/22/2026,776.0,776.0,756.0,774.4,-0.21,4429.0,868.0,610.0
GBLBS,4/23/2026,756.0,767.9,756.0,767.9,1.57,4531.0,868.0,610.0
GBLBS,4/24/2026,750.0,762.0,745.0,762.0,1.6,2149.0,868.0,610.0
GBLBS,4/27/2026,762.0,770.0,757.2,768.0,0.79,1328.0,868.0,610.0
GBLBS,4/28/2026,768.0,769.8,748.2,763.0,-0.65,6516.0,868.0,610.0
GBLBS,4/29/2026,763.0,763.0,749.2,752.0,-1.44,3784.0,868.0,610.0
GBLBS,4/30/2026,740.2,753.0,740.0,750.0,1.32,2432.0,868.0,610.0
GBLBS,5/4/2026,750.0,750.0,740.1,740.1,-1.32,2221.0,868.0,610.0
GBLBS,5/5/2026,740.0,747.0,738.0,738.0,-0.27,2159.0,868.0,610.0
GBLBS,5/6/2026,730.0,744.9,730.0,744.0,1.92,2119.0,868.0,610.0
GBLBS,5/7/2026,744.0,763.8,733.3,762.9,2.54,3712.0,868.0,610.0
GBLBS,5/8/2026,769.9,772.8,752.5,771.0,0.14,1697.0,868.0,610.0
GBLBS,5/11/2026,765.0,785.0,765.0,783.0,2.35,5195.0,868.0,610.0
GBLBS,5/12/2026,783.0,783.0,766.6,771.0,-1.53,4713.0,868.0,610.0
GBLBS,5/13/2026,771.0,773.0,761.0,762.2,-1.14,1948.0,868.0,610.0
GBLBS,5/14/2026,775.0,780.0,759.2,771.9,-0.4,1415.0,868.0,610.0
GBLBS,5/15/2026,773.0,780.0,765.0,773.0,0.0,3804.0,868.0,610.0
GBLBS,5/18/2026,773.0,778.0,761.3,765.0,-1.03,1633.0,868.0,610.0
GBLBS,5/19/2026,774.9,774.9,760.2,769.0,-0.76,2107.0,868.0,610.0
GBLBS,5/20/2026,779.5,779.5,763.0,777.0,-0.32,378.0,868.0,610.0
GBLBS,5/21/2026,791.0,791.0,767.5,770.9,-2.54,2501.0,868.0,610.0
GBLBS,5/22/2026,768.0,780.5,768.0,775.9,1.03,3314.0,868.0,610.0
GBLBS,5/25/2026,788.0,788.0,766.0,781.0,-0.89,3536.0,868.0,610.0
GBLBS,5/26/2026,781.0,785.1,773.1,780.9,-0.01,2309.0,868.0,610.0
GBLBS,5/27/2026,776.0,789.9,776.0,784.0,1.03,4096.0,868.0,610.0
GBLBS,6/1/2026,772.1,794.8,772.0,773.9,0.23,3722.0,868.0,610.0
GBLBS,6/2/2026,770.0,782.0,770.0,782.0,1.56,1987.0,868.0,610.0
GBLBS,6/3/2026,789.8,790.0,776.0,787.5,-0.29,8935.0,868.0,610.0
GBLBS,6/4/2026,780.1,800.0,780.1,786.0,0.76,4926.0,868.0,610.0
GBLBS,6/5/2026,786.0,793.8,771.5,780.0,-0.76,3775.0,868.0,610.0
GBLBS,6/8/2026,770.7,785.0,765.0,766.5,-0.54,2790.0,868.0,610.0
GBLBS,6/9/2026,764.2,775.0,764.2,769.0,0.63,2427.0,868.0,610.0
GBLBS,6/10/2026,766.0,779.9,766.0,774.0,1.04,1758.0,868.0,610.0
GBLBS,6/11/2026,774.0,787.8,765.5,778.5,0.58,2832.0,868.0,610.0
GBLBS,6/12/2026,765.0,773.5,761.0,761.2,-0.5,3552.0,868.0,610.0
GBLBS,6/15/2026,761.2,778.5,761.2,764.0,0.37,1427.0,868.0,610.0
GBLBS,6/16/2026,770.0,773.0,760.7,764.0,-0.78,2874.0,868.0,610.0
GBLBS,6/17/2026,758.0,779.0,758.0,775.0,2.24,3393.0,868.0,610.0
GBLBS,6/18/2026,767.0,776.0,760.2,772.0,0.65,3017.0,868.0,610.0
GBLBS,6/19/2026,775.9,775.9,761.1,771.5,-0.57,825.0,868.0,610.0
GBLBS,6/22/2026,733.4,778.0,733.4,771.0,5.13,1351.0,868.0,610.0
GBLBS,6/23/2026,763.3,776.0,756.0,775.0,1.53,4743.0,868.0,610.0
GBLBS,6/24/2026,760.0,770.0,756.9,767.0,0.92,2151.0,868.0,610.0
GBLBS,6/26/2026,769.0,770.0,755.0,767.6,-0.18,782.0,868.0,610.0
GBLBS,6/29/2026,767.6,769.0,749.0,750.0,-2.29,2570.0,868.0,610.0
GBLBS,6/30/2026,740.1,761.0,730.3,748.8,1.18,4435.0,868.0,610.0
GBLBS,7/1/2026,750.0,756.0,745.1,754.0,0.53,1793.0,868.0,610.0
GBLBS,7/2/2026,745.3,750.0,737.1,750.0,0.63,1791.0,868.0,610.0
GBLBS,7/3/2026,756.0,772.5,746.3,759.0,0.4,1615.0,868.0,610.0
GBLBS,7/6/2026,742.2,759.0,740.1,741.2,-0.13,2433.0,868.0,610.0
GBLBS,7/7/2026,759.5,759.5,740.0,751.9,-1.0,551.0,868.0,610.0
GBLBS,7/8/2026,740.0,748.0,735.0,748.0,1.08,3394.0,868.0,610.0
GBLBS,7/9/2026,748.0,748.0,731.6,731.6,-2.19,1831.0,868.0,610.0
GBLBS,7/10/2026,730.0,748.5,722.5,737.0,0.96,1305.0,868.0,610.0
GBLBS,7/13/2026,746.0,746.0,724.0,739.0,-0.94,2541.0,868.0,610.0
GBLBS,7/14/2026,718.0,735.0,718.0,735.0,2.37,2730.0,868.0,610.0
GBLBS,7/15/2026,734.0,742.5,727.8,734.0,0.0,533.0,868.0,610.0
GBLBS,7/16/2026,734.0,740.0,730.0,730.1,-0.53,211.0,868.0,610.0
GBLBS,7/17/2026,747.5,753.0,735.0,753.0,0.74,2686.0,868.0,610.0
GBLBS,7/20/2026,753.0,759.9,753.0,756.0,0.4,1424.0,868.0,610.0
GBLBS,7/21/2026,793.8,793.8,754.1,759.0,-4.38,3843.0,868.0,610.0
GBLBS,7/22/2026,746.1,763.5,746.1,762.0,2.13,1366.0,868.0,610.0
GBLBS,7/23/2026,768.8,768.8,751.0,759.0,-1.27,1234.0,868.0,610.0
GBLBS,7/24/2026,756.0,765.0,755.0,761.0,0.66,3251.0,868.0,610.0
GBLBS,7/27/2026,750.0,765.0,750.0,761.2,1.49,2341.0,868.0,610.0
GBLBS,7/28/2026,723.2,762.6,723.2,752.0,3.98,1587.0,868.0,610.0
GBLBS,7/29/2026,769.8,769.8,736.5,749.9,-2.59,3675.0,868.0,610.0
GBLBS,7/30/2026,730.0,752.0,730.0,748.0,2.47,4525.0,868.0,610.0
GBLBS,7/31/2026,726.1,748.0,726.1,748.0,3.02,1829.0,868.0,610.0
GBLBS,8/3/2026,759.9,759.9,736.7,752.0,-1.04,1930.0,868.0,610.0
GBLBS,8/4/2026,742.0,750.0,730.0,743.0,0.13,2302.0,868.0,610.0
GBLBS,8/5/2026,732.3,743.9,732.2,743.9,1.58,1435.0,868.0,610.0
GBLBS,8/6/2026,743.9,743.9,733.0,737.0,-0.93,749.0,868.0,610.0
GBLBS,8/7/2026,731.2,740.0,731.2,738.0,0.93,1327.0,868.0,610.0
GBLBS,8/10/2026,774.9,774.9,730.0,739.0,-4.63,1293.0,868.0,610.0
GBLBS,8/11/2026,775.9,775.9,732.1,732.2,-5.63,5345.0,868.0,610.0
GBLBS,8/12/2026,729.3,749.9,729.3,749.9,2.82,989.0,868.0,610.0
GBLBS,8/13/2026,730.3,743.6,728.0,743.6,1.82,3087.0,868.0,610.0
GBLBS,8/14/2026,730.0,735.0,710.0,722.9,-0.97,7026.0,868.0,610.0
GBLBS,8/17/2026,722.9,729.0,710.0,714.5,-1.16,5674.0,868.0,610.0
GBLBS,8/18/2026,703.0,705.0,695.0,698.0,-0.71,4416.0,868.0,610.0
GBLBS,8/19/2026,690.0,705.0,690.0,702.5,1.81,1855.0,868.0,610.0
GBLBS,8/20/2026,700.0,710.8,679.0,698.0,-0.29,1539.0,868.0,610.0
GBLBS,8/21/2026,685.1,686.6,670.0,671.0,-2.06,7437.0,868.0,610.0
GBLBS,8/24/2026,690.0,690.0,662.5,679.5,-1.52,3985.0,868.0,610.0
GBLBS,8/25/2026,679.4,679.4,665.0,674.0,-0.79,862.0,868.0,610.0
GBLBS,8/26/2026,674.0,674.0,657.1,668.0,-0.89,3947.0,868.0,610.0
GBLBS,8/27/2026,650.1,670.0,650.1,666.0,2.45,2671.0,868.0,610.0
GBLBS,8/31/2026,660.0,660.0,651.0,660.0,0.0,2351.0,868.0,610.0
GBLBS,9/1/2026,655.0,665.0,646.0,662.8,1.19,755.0,868.0,610.0
GBLBS,9/2/2026,662.8,672.0,646.2,659.5,-0.5,3890.0,868.0,610.0
GBLBS,9/3/2026,650.0,665.0,646.1,660.0,1.54,2007.0,868.0,610.0
GBLBS,9/7/2026,651.1,657.0,648.0,657.0,0.91,4218.0,868.0,610.0
GBLBS,9/9/2026,657.0,657.0,625.0,647.0,-1.52,5324.0,868.0,610.0
GBLBS,9/10/2026,679.1,679.1,610.0,622.0,-8.41,8484.0,868.0,610.0
GBLBS,9/11/2026,623.0,640.0,623.0,635.0,1.93,5739.0,868.0,610.0
GBLBS,9/14/2026,649.7,649.7,635.0,641.9,-1.2,1835.0,868.0,610.0
GBLBS,9/15/2026,673.0,673.0,646.3,657.0,-2.38,5370.0,868.0,610.0
GBLBS,9/16/2026,657.0,669.0,641.0,660.0,0.46,4816.0,868.0,610.0
GBLBS,9/17/2026,646.5,665.8,646.5,659.0,1.93,1343.0,868.0,610.0
GBLBS,9/18/2026,626.1,685.0,626.1,678.0,8.29,8308.0,868.0,610.0
GBLBS,9/22/2026,690.0,706.0,675.1,706.0,2.32,6615.0,868.0,610.0
GBLBS,9/23/2026,685.8,703.0,675.0,692.5,0.98,8463.0,868.0,610.0
GBLBS,9/24/2026,672.0,692.0,666.6,692.0,2.98,3339.0,868.0,610.0
GBLBS,9/28/2026,679.0,679.0,650.0,677.0,-0.29,5933.0,868.0,610.0
GBLBS,9/29/2026,658.0,677.0,658.0,0.0,-100.0,628.0,868.0,610.0
GBLBS,9/30/2026,662.1,674.5,660.1,665.0,0.44,1351.0,868.0,610.0
GBLBS,10/1/2026,660.0,676.9,660.0,672.0,1.82,803.0,868.0,610.0
GBLBS,10/2/2026,667.2,668.0,663.3,664.0,-0.48,1110.0,868.0,610.0
GCIL,12/21/2025,403.1,409.8,403.1,406.0,,13831.0,489.9,315.5
GCIL,12/22/2025,404.5,409.0,403.3,407.0,0.25,10960.0,489.9,315.5
GCIL,12/23/2025,403.0,408.0,402.0,405.0,-0.49,8067.0,489.9,315.5
GCIL,12/24/2025,405.0,410.0,404.0,405.3,0.07,8817.0,489.9,315.5
GCIL,12/28/2025,401.5,421.0,401.5,419.0,3.38,23591.0,489.9,315.5
GCIL,12/29/2025,423.0,423.0,411.0,411.0,-1.91,21424.0,489.9,315.5
GCIL,12/31/2025,417.0,420.0,415.0,416.6,1.36,12141.0,489.9,315.5
GCIL,1/1/2026,415.0,417.9,412.0,412.1,-1.08,7493.0,489.9,315.5
GCIL,1/4/2026,408.0,415.0,405.3,410.0,-0.51,15608.0,489.9,315.5
GCIL,1/5/2026,406.0,439.0,406.0,435.9,6.32,86876.0,489.9,315.5
GCIL,1/6/2026,431.1,443.6,427.0,428.1,-1.79,30281.0,489.9,315.5
GCIL,1/7/2026,436.6,436.6,420.6,424.8,-0.77,14871.0,489.9,315.5
GCIL,1/8/2026,425.0,425.0,417.6,420.0,-1.13,26830.0,489.9,315.5
GCIL,1/12/2026,419.0,437.5,419.0,437.5,4.17,60158.0,489.9,315.5
GCIL,1/13/2026,436.9,437.0,427.0,430.0,-1.71,21370.0,489.9,315.5
GCIL,1/14/2026,425.0,433.5,425.0,428.0,-0.47,22832.0,489.9,315.5
GCIL,1/18/2026,425.0,435.0,425.0,434.0,1.4,34385.0,489.9,315.5
GCIL,1/20/2026,438.0,450.6,438.0,440.0,1.38,43112.0,489.9,315.5
GCIL,1/21/2026,440.1,444.9,430.0,434.0,-1.36,20825.0,489.9,315.5
GCIL,1/22/2026,430.0,435.0,426.0,435.0,0.23,27926.0,489.9,315.5
GCIL,1/25/2026,435.0,450.0,435.0,443.0,1.84,42813.0,489.9,315.5
GCIL,1/26/2026,443.0,448.6,436.0,440.0,-0.68,50937.0,489.9,315.5
GCIL,1/27/2026,445.0,445.0,427.0,430.5,-2.16,42933.0,489.9,315.5
GCIL,1/28/2026,428.0,434.0,425.0,433.0,0.58,21178.0,489.9,315.5
GCIL,1/29/2026,431.2,437.9,427.0,427.0,-1.39,27432.0,489.9,315.5
GCIL,2/1/2026,430.0,430.0,421.2,424.9,-0.49,17740.0,489.9,315.5
GCIL,2/2/2026,424.9,428.0,418.0,421.2,-0.87,18722.0,489.9,315.5
GCIL,2/3/2026,418.0,422.0,415.1,418.5,-0.64,21722.0,489.9,315.5
GCIL,2/4/2026,410.2,425.0,410.2,420.0,0.36,9133.0,489.9,315.5
GCIL,2/5/2026,415.2,428.0,415.2,427.0,1.67,19955.0,489.9,315.5
GCIL,2/8/2026,427.0,432.5,421.0,422.0,-1.17,23866.0,489.9,315.5
GCIL,2/9/2026,420.0,422.0,416.0,418.0,-0.95,22873.0,489.9,315.5
GCIL,2/10/2026,415.0,422.0,415.0,416.0,-0.48,16318.0,489.9,315.5
GCIL,2/11/2026,420.0,420.1,415.0,415.1,-0.22,15866.0,489.9,315.5
GCIL,2/12/2026,414.0,420.0,414.0,416.2,0.26,20556.0,489.9,315.5
GCIL,2/16/2026,416.0,418.0,415.0,416.9,0.17,16184.0,489.9,315.5
GCIL,2/17/2026,416.9,416.9,411.1,411.5,-1.3,13710.0,489.9,315.5
GCIL,2/22/2026,410.0,412.0,407.1,408.6,-0.7,15988.0,489.9,315.5
GCIL,2/23/2026,405.0,411.0,405.0,407.0,-0.39,9682.0,489.9,315.5
GCIL,2/24/2026,407.0,412.0,406.4,412.0,1.23,9185.0,489.9,315.5
GCIL,2/25/2026,407.8,415.0,407.8,411.5,-0.12,7577.0,489.9,315.5
GCIL,2/26/2026,409.1,418.0,409.1,415.0,0.85,10852.0,489.9,315.5
GCIL,2/27/2026,409.1,418.0,409.1,415.0,0.0,10852.0,489.9,315.5
GCIL,2/28/2026,409.1,418.0,409.1,415.0,0.0,10852.0,489.9,315.5
GCIL,3/2/2026,409.9,420.0,409.0,419.0,0.96,9075.0,489.9,315.5
GCIL,3/3/2026,411.7,426.0,411.7,425.5,1.55,14505.0,489.9,315.5
GCIL,3/4/2026,411.7,426.0,411.7,425.5,0.0,14505.0,489.9,315.5
GCIL,3/5/2026,411.7,426.0,411.7,425.5,0.0,14505.0,489.9,315.5
GCIL,3/6/2026,411.7,426.0,411.7,425.5,0.0,14505.0,489.9,315.5
GCIL,3/7/2026,411.7,426.0,411.7,425.5,0.0,14505.0,489.9,315.5
GCIL,3/8/2026,411.7,426.0,411.7,425.5,0.0,14505.0,489.9,315.5
GCIL,3/9/2026,434.0,460.4,434.0,460.4,8.2,894.0,489.9,315.5
GCIL,3/10/2026,460.4,460.4,431.5,447.7,-2.76,95438.0,489.9,315.5
GCIL,3/11/2026,440.0,448.7,435.5,439.9,-1.74,33608.0,489.9,315.5
GCIL,3/12/2026,435.0,448.0,433.0,448.0,1.84,54297.0,489.9,315.5
GCIL,3/13/2026,435.0,448.0,433.0,448.0,0.0,54297.0,489.9,315.5
GCIL,3/14/2026,435.0,448.0,433.0,448.0,0.0,54297.0,489.9,315.5
GCIL,3/15/2026,440.0,445.5,439.1,441.0,-1.56,25818.0,489.9,315.5
GCIL,3/16/2026,435.0,449.0,435.0,440.0,-0.23,61569.0,489.9,315.5
GCIL,3/17/2026,440.0,445.0,435.1,440.1,0.02,24229.0,489.9,315.5
GCIL,3/18/2026,440.0,445.0,435.1,440.1,0.0,24229.0,489.9,315.5
GCIL,3/19/2026,440.0,456.0,440.0,451.1,2.5,79979.0,489.9,315.5
GCIL,3/20/2026,440.0,456.0,440.0,451.1,0.0,79979.0,489.9,315.5
GCIL,3/21/2026,440.0,456.0,440.0,451.1,0.0,79979.0,489.9,315.5
GCIL,3/22/2026,451.0,475.0,451.0,470.0,4.19,127382.0,489.9,315.5
GCIL,3/23/2026,470.0,489.9,458.3,476.0,1.28,135998.0,489.9,315.5
GCIL,3/24/2026,472.0,479.2,471.0,475.0,-0.21,31338.0,489.9,315.5
GCIL,3/25/2026,476.0,477.0,460.2,461.7,-2.8,91877.0,489.9,315.5
GCIL,3/26/2026,470.9,470.9,457.8,467.0,-0.83,54112.0,489.9,315.5
GCIL,3/29/2026,467.0,470.0,444.0,451.0,-3.43,104078.0,489.9,315.5
GCIL,3/30/2026,445.1,455.0,434.0,437.0,-1.82,49086.0,489.9,315.5
GCIL,3/31/2026,431.5,448.8,431.5,446.5,3.48,40168.0,489.9,315.5
GCIL,4/1/2026,443.0,444.9,432.1,436.9,-1.38,42413.0,489.9,315.5
GCIL,4/2/2026,437.0,444.0,431.1,434.0,-0.69,48620.0,489.9,315.5
GCIL,4/5/2026,430.0,430.0,414.2,414.2,-3.67,47234.0,489.9,315.5
GCIL,4/6/2026,413.0,430.0,410.0,420.1,1.72,49982.0,489.9,315.5
GCIL,4/7/2026,424.6,432.8,418.0,423.8,-0.19,28207.0,489.9,315.5
GCIL,4/8/2026,423.0,441.0,423.0,437.2,3.36,33866.0,489.9,315.5
GCIL,4/9/2026,433.0,448.0,433.0,441.0,1.85,45425.0,489.9,315.5
GCIL,4/10/2026,449.8,449.8,435.0,440.0,-2.18,37544.0,489.9,315.5
GCIL,4/13/2026,431.2,444.0,431.2,442.9,2.71,21146.0,489.9,315.5
GCIL,4/15/2026,447.0,464.0,437.0,453.8,1.52,88141.0,489.9,315.5
GCIL,4/16/2026,450.0,458.9,440.0,444.0,-1.33,58594.0,489.9,315.5
GCIL,4/17/2026,440.0,447.0,436.0,441.5,0.34,22437.0,489.9,315.5
GCIL,4/20/2026,463.0,463.0,421.2,435.1,-6.03,17807.0,489.9,315.5
GCIL,4/21/2026,435.1,444.4,430.0,435.0,-0.02,26237.0,489.9,315.5
GCIL,4/22/2026,439.0,439.0,426.1,435.0,-0.91,11549.0,489.9,315.5
GCIL,4/23/2026,430.0,435.0,425.7,435.0,1.16,16213.0,489.9,315.5
GCIL,4/24/2026,425.0,430.0,420.0,427.5,0.59,18141.0,489.9,315.5
GCIL,4/27/2026,427.5,432.0,421.0,427.0,-0.12,9887.0,489.9,315.5
GCIL,4/28/2026,427.0,432.0,414.0,414.3,-2.97,29950.0,489.9,315.5
GCIL,4/29/2026,400.0,420.0,400.0,420.0,5.0,14865.0,489.9,315.5
GCIL,4/30/2026,419.6,419.6,411.0,415.0,-1.1,9456.0,489.9,315.5
GCIL,5/4/2026,415.0,420.0,409.0,412.4,-0.63,12076.0,489.9,315.5
GCIL,5/5/2026,410.0,421.0,402.0,418.0,1.95,7443.0,489.9,315.5
GCIL,5/6/2026,415.0,420.1,415.0,419.0,0.96,3070.0,489.9,315.5
GCIL,5/7/2026,415.0,416.0,410.0,414.0,-0.24,9562.0,489.9,315.5
GCIL,5/8/2026,414.0,420.0,414.0,420.0,1.45,8021.0,489.9,315.5
GCIL,5/11/2026,417.0,426.8,416.0,424.5,1.8,11071.0,489.9,315.5
GCIL,5/12/2026,405.0,423.0,405.0,417.7,3.14,15364.0,489.9,315.5
GCIL,5/13/2026,420.0,420.0,412.0,419.9,-0.02,8442.0,489.9,315.5
GCIL,5/14/2026,413.0,417.0,413.0,417.0,0.97,3331.0,489.9,315.5
GCIL,5/15/2026,410.5,418.9,405.0,417.0,1.58,11372.0,489.9,315.5
GCIL,5/18/2026,412.1,417.1,412.1,415.9,0.92,4018.0,489.9,315.5
GCIL,5/19/2026,436.6,436.6,410.5,414.0,-5.18,9557.0,489.9,315.5
GCIL,5/20/2026,414.1,422.9,406.0,422.9,2.13,21916.0,489.9,315.5
GCIL,5/21/2026,419.4,425.0,415.1,416.1,-0.79,7057.0,489.9,315.5
GCIL,5/22/2026,412.1,424.0,412.1,424.0,2.89,9640.0,489.9,315.5
GCIL,5/25/2026,418.2,435.5,418.0,435.5,4.14,68609.0,489.9,315.5
GCIL,5/26/2026,426.5,437.0,426.5,431.0,1.06,24661.0,489.9,315.5
GCIL,5/27/2026,431.0,445.0,427.7,439.0,1.86,79744.0,489.9,315.5
GCIL,6/1/2026,439.0,443.0,425.0,430.0,-2.05,25974.0,489.9,315.5
GCIL,6/2/2026,425.0,434.9,420.1,426.0,0.24,15713.0,489.9,315.5
GCIL,6/3/2026,428.0,434.2,421.3,428.6,0.14,23232.0,489.9,315.5
GCIL,6/4/2026,428.6,430.0,418.2,423.5,-1.19,16636.0,489.9,315.5
GCIL,6/5/2026,418.0,424.9,416.4,418.0,0.0,15879.0,489.9,315.5
GCIL,6/8/2026,416.0,422.0,414.0,416.0,0.0,9822.0,489.9,315.5
GCIL,6/9/2026,413.3,418.0,411.0,415.0,0.41,11087.0,489.9,315.5
GCIL,6/10/2026,411.0,418.0,410.5,412.0,0.24,32304.0,489.9,315.5
GCIL,6/11/2026,410.0,413.0,400.0,401.0,-2.2,50982.0,489.9,315.5
GCIL,6/12/2026,400.0,400.0,382.0,388.5,-2.88,113123.0,489.9,315.5
GCIL,6/15/2026,369.2,398.0,369.2,387.0,4.82,26346.0,489.9,315.5
GCIL,6/16/2026,387.0,395.0,383.0,389.0,0.52,30777.0,489.9,315.5
GCIL,6/17/2026,389.0,392.0,382.0,386.7,-0.59,12786.0,489.9,315.5
GCIL,6/18/2026,386.7,390.0,372.0,377.0,-2.51,28614.0,489.9,315.5
GCIL,6/19/2026,375.2,379.0,374.0,375.0,-0.05,15008.0,489.9,315.5
GCIL,6/22/2026,358.2,379.0,358.2,372.0,3.85,17137.0,489.9,315.5
GCIL,6/23/2026,390.6,390.6,365.3,366.9,-6.07,23818.0,489.9,315.5
GCIL,6/24/2026,368.0,368.0,360.0,367.0,-0.27,22636.0,489.9,315.5
GCIL,6/26/2026,373.0,373.0,358.1,362.5,-2.82,18881.0,489.9,315.5
GCIL,6/29/2026,345.0,365.0,345.0,352.3,2.12,16173.0,489.9,315.5
GCIL,6/30/2026,355.0,355.0,348.0,349.0,-1.69,20739.0,489.9,315.5
GCIL,7/1/2026,349.0,357.0,349.0,354.7,1.63,11186.0,489.9,315.5
GCIL,7/2/2026,357.0,357.0,350.0,354.9,-0.59,15266.0,489.9,315.5
GCIL,7/3/2026,337.2,359.0,337.2,355.0,5.28,10360.0,489.9,315.5
GCIL,7/6/2026,372.7,372.7,345.0,345.6,-7.27,16154.0,489.9,315.5
GCIL,7/7/2026,346.0,348.0,340.8,343.0,-0.87,18615.0,489.9,315.5
GCIL,7/8/2026,343.0,343.0,335.6,336.0,-2.04,21772.0,489.9,315.5
GCIL,7/9/2026,336.0,338.0,328.0,328.1,-2.35,25487.0,489.9,315.5
GCIL,7/10/2026,329.0,335.0,326.0,334.7,1.73,20772.0,489.9,315.5
GCIL,7/13/2026,325.2,332.0,325.0,327.0,0.55,21175.0,489.9,315.5
GCIL,7/14/2026,321.0,329.9,320.3,322.5,0.47,17134.0,489.9,315.5
GCIL,7/15/2026,322.5,329.0,315.5,323.7,0.37,22389.0,489.9,315.5
GCIL,7/16/2026,323.0,341.0,323.0,340.0,5.26,28976.0,489.9,315.5
GCIL,7/17/2026,341.0,367.0,341.0,367.0,7.62,38512.0,489.9,315.5
GCIL,7/20/2026,385.3,385.3,361.2,372.0,-3.45,31484.0,489.9,315.5
GCIL,7/21/2026,373.0,375.0,364.0,368.9,-1.1,25472.0,489.9,315.5
GCIL,7/22/2026,360.0,367.7,359.2,365.0,1.39,22329.0,489.9,315.5
GCIL,7/23/2026,365.0,365.0,354.6,364.0,-0.27,16393.0,489.9,315.5
GCIL,7/24/2026,345.8,372.5,345.8,364.0,5.26,17122.0,489.9,315.5
GCIL,7/27/2026,361.3,365.0,355.7,359.0,-0.64,12425.0,489.9,315.5
GCIL,7/28/2026,358.0,368.0,354.5,360.0,0.56,20728.0,489.9,315.5
GCIL,7/29/2026,354.4,365.0,354.4,358.0,1.02,15230.0,489.9,315.5
GCIL,7/30/2026,360.0,363.0,358.0,359.8,-0.06,15066.0,489.9,315.5
GCIL,7/31/2026,354.1,360.9,354.1,359.0,1.38,8094.0,489.9,315.5
GCIL,8/3/2026,367.5,367.5,355.1,355.1,-3.37,15333.0,489.9,315.5
GCIL,8/4/2026,355.0,358.0,350.0,352.1,-0.82,6309.0,489.9,315.5
GCIL,8/5/2026,355.0,357.0,351.0,352.5,-0.7,11113.0,489.9,315.5
GCIL,8/6/2026,353.0,355.0,350.0,350.0,-0.85,9521.0,489.9,315.5
GCIL,8/7/2026,350.0,350.0,345.0,345.0,-1.43,13380.0,489.9,315.5
GCIL,8/10/2026,340.0,348.0,340.0,345.1,1.5,5383.0,489.9,315.5
GCIL,8/11/2026,344.0,350.0,344.0,347.1,0.9,12073.0,489.9,315.5
GCIL,8/12/2026,346.0,349.0,340.0,342.0,-1.16,11274.0,489.9,315.5
GCIL,8/13/2026,340.1,349.8,340.0,346.0,1.73,3656.0,489.9,315.5
GCIL,8/14/2026,342.1,347.0,342.1,344.0,0.56,7179.0,489.9,315.5
GCIL,8/17/2026,344.0,350.0,341.1,341.1,-0.84,7928.0,489.9,315.5
GCIL,8/18/2026,340.1,348.0,340.0,340.0,-0.03,8137.0,489.9,315.5
GCIL,8/19/2026,339.8,344.9,339.8,342.0,0.65,3060.0,489.9,315.5
GCIL,8/20/2026,340.0,344.9,338.0,344.9,1.44,7927.0,489.9,315.5
GCIL,8/21/2026,340.4,346.0,340.3,340.5,0.03,6378.0,489.9,315.5
GCIL,8/24/2026,337.2,341.0,336.0,341.0,1.13,13377.0,489.9,315.5
GCIL,8/25/2026,336.0,341.0,335.0,338.0,0.6,7116.0,489.9,315.5
GCIL,8/26/2026,338.0,346.0,336.1,342.0,1.18,20586.0,489.9,315.5
GCIL,8/27/2026,343.0,374.9,339.0,370.0,7.87,149484.0,489.9,315.5
GCIL,8/31/2026,375.0,399.4,375.0,398.0,6.13,173367.0,489.9,315.5
GCIL,9/1/2026,399.2,402.0,375.0,376.0,-5.81,67409.0,489.9,315.5
GCIL,9/2/2026,376.0,388.0,370.1,386.0,2.66,67343.0,489.9,315.5
GCIL,9/3/2026,386.0,386.0,379.0,379.3,-1.74,22215.0,489.9,315.5
GCIL,9/7/2026,380.0,384.9,376.1,378.5,-0.39,37171.0,489.9,315.5
GCIL,9/9/2026,378.5,382.0,370.6,372.0,-1.72,37249.0,489.9,315.5
GCIL,9/10/2026,370.1,375.0,362.6,363.3,-1.84,29826.0,489.9,315.5
GCIL,9/11/2026,363.0,372.0,362.3,367.8,1.32,22046.0,489.9,315.5
GCIL,9/14/2026,367.8,378.0,367.8,374.9,1.93,22001.0,489.9,315.5
GCIL,9/15/2026,376.0,388.0,376.0,384.0,2.13,59204.0,489.9,315.5
GCIL,9/16/2026,383.0,386.5,376.0,376.1,-1.8,39187.0,489.9,315.5
GCIL,9/17/2026,385.0,385.0,376.0,379.0,-1.56,24792.0,489.9,315.5
GCIL,9/18/2026,380.0,383.9,376.2,376.3,-0.97,23052.0,489.9,315.5
GCIL,9/22/2026,376.0,382.0,376.0,382.0,1.6,25121.0,489.9,315.5
GCIL,9/23/2026,382.0,383.0,372.0,374.8,-1.88,28346.0,489.9,315.5
GCIL,9/24/2026,370.1,409.0,370.0,401.3,8.43,184579.0,489.9,315.5
GCIL,9/28/2026,421.3,421.3,391.0,400.0,-5.06,105462.0,489.9,315.5
GCIL,9/29/2026,391.2,400.0,391.1,0.0,-100.0,16530.0,489.9,315.5
GCIL,9/30/2026,390.0,401.9,390.0,396.0,1.54,27462.0,489.9,315.5
GCIL,10/1/2026,396.0,400.0,391.0,391.0,-1.26,24681.0,489.9,315.5
GCIL,10/2/2026,392.0,397.9,383.0,383.0,-2.3,18305.0,489.9,315.5
GFCL,7/29/2013,108.0,106.0,106.0,106.0,,446.0,738.0,550.0
GFCL,9/2/2013,106.0,105.0,101.0,101.0,-4.72,756.0,738.0,550.0
GFCL,9/3/2013,101.0,103.0,101.0,103.0,1.98,1562.0,738.0,550.0
GFCL,9/5/2013,103.0,105.0,105.0,105.0,1.94,198.0,738.0,550.0
GFCL,9/9/2013,105.0,107.0,107.0,107.0,1.9,500.0,738.0,550.0
GFCL,9/10/2013,107.0,107.0,107.0,107.0,0.0,40.0,738.0,550.0
GFCL,9/11/2013,107.0,107.0,105.0,105.0,-1.87,1385.0,738.0,550.0
GFCL,9/15/2013,105.0,105.0,105.0,105.0,0.0,966.0,738.0,550.0
GFCL,9/17/2013,105.0,105.0,105.0,105.0,0.0,16.0,738.0,550.0
GFCL,9/22/2013,105.0,105.0,105.0,105.0,0.0,32.0,738.0,550.0
GFCL,9/23/2013,105.0,105.0,105.0,105.0,0.0,495.0,738.0,550.0
GFCL,9/24/2013,105.0,107.0,105.0,105.0,0.0,336.0,738.0,550.0
GFCL,9/25/2013,105.0,106.0,105.0,106.0,0.95,1421.0,738.0,550.0
GFCL,10/2/2013,106.0,106.0,106.0,106.0,0.0,125.0,738.0,550.0
GFCL,10/3/2013,106.0,104.0,104.0,104.0,-1.89,565.0,738.0,550.0
GFCL,10/20/2013,104.0,102.0,102.0,102.0,-1.92,27.0,738.0,550.0
GFCL,10/22/2013,102.0,100.0,100.0,100.0,-1.96,3029.0,738.0,550.0
GFCL,10/23/2013,100.0,104.0,102.0,102.0,2.0,863.0,738.0,550.0
GFCL,10/28/2013,102.0,104.0,102.0,102.0,0.0,191.0,738.0,550.0
GFCL,10/29/2013,102.0,102.0,102.0,102.0,0.0,125.0,738.0,550.0
GFCL,11/7/2013,102.0,102.0,100.0,102.0,0.0,220.0,738.0,550.0
GFCL,12/1/2013,102.0,102.0,100.0,100.0,-1.96,1545.0,738.0,550.0
GFCL,12/4/2013,100.0,104.0,102.0,104.0,4.0,20.0,738.0,550.0
GFCL,12/5/2013,104.0,110.0,106.0,110.0,5.77,30.0,738.0,550.0
GFCL,12/9/2013,110.0,118.0,112.0,118.0,7.27,258.0,738.0,550.0
GFCL,12/10/2013,118.0,120.0,120.0,120.0,1.69,10.0,738.0,550.0
GFCL,12/11/2013,120.0,124.0,122.0,124.0,3.33,30.0,738.0,550.0
GFCL,12/12/2013,124.0,130.0,126.0,130.0,4.84,336.0,738.0,550.0
GFCL,12/15/2013,130.0,134.0,132.0,134.0,3.08,218.0,738.0,550.0
GFCL,12/22/2013,134.0,136.0,136.0,136.0,1.49,130.0,738.0,550.0
GFCL,12/23/2013,136.0,138.0,138.0,138.0,1.47,43.0,738.0,550.0
GFCL,12/24/2013,138.0,138.0,136.0,138.0,0.0,148.0,738.0,550.0
GFCL,1/8/2014,138.0,136.0,136.0,136.0,-1.45,500.0,738.0,550.0
GFCL,1/13/2014,136.0,134.0,134.0,134.0,-1.47,129.0,738.0,550.0
GFCL,1/21/2014,134.0,140.0,136.0,140.0,4.48,297.0,738.0,550.0
GFCL,1/22/2014,140.0,142.0,142.0,142.0,1.43,660.0,738.0,550.0
GFCL,1/23/2014,142.0,144.0,144.0,144.0,1.41,52.0,738.0,550.0
GFCL,1/26/2014,144.0,145.0,145.0,145.0,0.69,206.0,738.0,550.0
GFCL,1/28/2014,145.0,151.0,147.0,151.0,4.14,304.0,738.0,550.0
GFCL,1/29/2014,151.0,154.0,154.0,154.0,1.99,416.0,738.0,550.0
GFCL,2/3/2014,154.0,157.0,157.0,157.0,1.95,140.0,738.0,550.0
GFCL,2/13/2014,157.0,163.0,160.0,163.0,3.82,226.0,738.0,550.0
GFCL,2/16/2014,163.0,166.0,166.0,166.0,1.84,7047.0,738.0,550.0
GFCL,2/18/2014,166.0,169.0,169.0,169.0,1.81,143.0,738.0,550.0
GFCL,2/23/2014,169.0,172.0,172.0,172.0,1.78,1600.0,738.0,550.0
GFCL,2/26/2014,172.0,172.0,172.0,172.0,0.0,53.0,738.0,550.0
GFCL,3/3/2014,172.0,173.0,170.0,170.0,-1.16,4317.0,738.0,550.0
GFCL,3/6/2014,170.0,173.0,173.0,173.0,1.76,354.0,738.0,550.0
GFCL,3/9/2014,173.0,173.0,173.0,173.0,0.0,12414.0,738.0,550.0
GFCL,3/10/2014,173.0,172.0,170.0,172.0,-0.58,562.0,738.0,550.0
GFCL,3/11/2014,172.0,172.0,172.0,172.0,0.0,125.0,738.0,550.0
GFCL,5/11/2014,172.0,169.0,166.0,166.0,-3.49,434.0,738.0,550.0
GFCL,5/20/2014,166.0,168.0,165.0,168.0,1.2,964.0,738.0,550.0
GFCL,5/21/2014,168.0,168.0,168.0,168.0,0.0,790.0,738.0,550.0
GFCL,5/26/2014,168.0,165.0,165.0,165.0,-1.79,207.0,738.0,550.0
GFCL,6/9/2014,165.0,162.0,156.0,156.0,-5.45,1015.0,738.0,550.0
GFCL,6/11/2014,156.0,153.0,153.0,153.0,-1.92,521.0,738.0,550.0
GFCL,6/12/2014,153.0,150.0,150.0,150.0,-1.96,180.0,738.0,550.0
GFCL,6/15/2014,150.0,150.0,150.0,150.0,0.0,66.0,738.0,550.0
GFCL,6/16/2014,150.0,156.0,153.0,156.0,4.0,989.0,738.0,550.0
GFCL,6/18/2014,156.0,154.0,150.0,150.0,-3.85,283.0,738.0,550.0
GFCL,6/24/2014,150.0,153.0,153.0,153.0,2.0,1000.0,738.0,550.0
GFCL,6/26/2014,153.0,156.0,154.0,154.0,0.65,1316.0,738.0,550.0
GFCL,6/29/2014,154.0,157.0,157.0,157.0,1.95,555.0,738.0,550.0
GFCL,6/30/2014,157.0,163.0,160.0,163.0,3.82,325.0,738.0,550.0
GFCL,7/7/2014,163.0,179.0,166.0,179.0,9.82,170.0,738.0,550.0
GFCL,7/8/2014,179.0,196.0,182.0,196.0,9.5,200.0,738.0,550.0
GFCL,7/9/2014,196.0,215.0,199.0,214.0,9.18,3371.0,738.0,550.0
GFCL,7/10/2014,214.0,218.0,214.0,214.0,0.0,547.0,738.0,550.0
GFCL,7/14/2014,214.0,218.0,218.0,218.0,1.87,206.0,738.0,550.0
GFCL,7/15/2014,218.0,220.0,220.0,220.0,0.92,105.0,738.0,550.0
GFCL,7/21/2014,220.0,234.0,224.0,234.0,6.36,4143.0,738.0,550.0
GFCL,7/22/2014,234.0,242.0,238.0,242.0,3.42,1573.0,738.0,550.0
GFCL,7/23/2014,242.0,240.0,237.0,238.0,-1.65,4473.0,738.0,550.0
GFCL,7/24/2014,238.0,239.0,231.0,239.0,0.42,1698.0,738.0,550.0
GFCL,7/27/2014,239.0,255.0,243.0,250.0,4.6,3871.0,738.0,550.0
GFCL,7/30/2014,250.0,254.0,245.0,254.0,1.6,833.0,738.0,550.0
GFCL,7/31/2014,254.0,249.0,249.0,249.0,-1.97,249.0,738.0,550.0
GFCL,8/3/2014,249.0,272.0,253.0,272.0,9.24,4030.0,738.0,550.0
GFCL,8/4/2014,272.0,267.0,267.0,267.0,-1.84,40.0,738.0,550.0
GFCL,8/6/2014,267.0,272.0,272.0,272.0,1.87,596.0,738.0,550.0
GFCL,8/14/2014,272.0,267.0,262.0,262.0,-3.68,1032.0,738.0,550.0
GFCL,8/20/2014,262.0,257.0,252.0,252.0,-3.82,153.0,738.0,550.0
GFCL,12/10/2014,252.0,247.0,247.0,247.0,-1.98,143.0,738.0,550.0
GFCL,12/11/2014,247.0,260.0,243.0,260.0,5.26,416.0,738.0,550.0
GFCL,1/27/2015,245.0,253.0,249.0,253.0,-2.69,20.0,738.0,550.0
GFCL,1/28/2015,253.0,248.0,248.0,248.0,-1.98,15.0,738.0,550.0
GFCL,2/3/2015,248.0,244.0,244.0,244.0,-1.61,60.0,738.0,550.0
GFCL,2/4/2015,244.0,240.0,224.0,225.0,-7.79,5947.0,738.0,550.0
GFCL,2/5/2015,225.0,221.0,213.0,217.0,-3.56,1405.0,738.0,550.0
GFCL,2/8/2015,217.0,217.0,217.0,217.0,0.0,160.0,738.0,550.0
GFCL,2/10/2015,217.0,213.0,213.0,213.0,-1.84,176.0,738.0,550.0
GFCL,2/11/2015,213.0,217.0,213.0,217.0,1.88,1413.0,738.0,550.0
GFCL,2/12/2015,217.0,223.0,220.0,222.0,2.3,12752.0,738.0,550.0
GFCL,2/15/2015,222.0,222.0,218.0,222.0,0.0,35.0,738.0,550.0
GFCL,2/16/2015,222.0,218.0,214.0,214.0,-3.6,4000.0,738.0,550.0
GFCL,2/18/2015,214.0,224.0,218.0,224.0,4.67,793.0,738.0,550.0
GFCL,2/24/2015,224.0,226.0,219.0,219.0,-2.23,2010.0,738.0,550.0
GFCL,2/25/2015,219.0,223.0,222.0,223.0,1.83,202.0,738.0,550.0
GFCL,3/2/2015,223.0,220.0,215.0,220.0,-1.35,4000.0,738.0,550.0
GFCL,3/3/2015,220.0,216.0,216.0,216.0,-1.82,1000.0,738.0,550.0
GFCL,3/4/2015,216.0,220.0,215.0,215.0,-0.46,2198.0,738.0,550.0
GFCL,3/9/2015,215.0,231.0,218.0,231.0,7.44,6378.0,738.0,550.0
GFCL,3/10/2015,231.0,239.0,230.0,230.0,-0.43,3765.0,738.0,550.0
GFCL,3/11/2015,230.0,236.0,230.0,236.0,2.61,1249.0,738.0,550.0
GFCL,3/12/2015,236.0,240.0,232.0,240.0,1.69,1540.0,738.0,550.0
GFCL,3/15/2015,240.0,236.0,236.0,236.0,-1.67,358.0,738.0,550.0
GFCL,3/16/2015,236.0,233.0,230.0,230.0,-2.54,2561.0,738.0,550.0
GFCL,3/17/2015,230.0,226.0,226.0,226.0,-1.74,2281.0,738.0,550.0
GFCL,3/18/2015,226.0,226.0,222.0,226.0,0.0,98.0,738.0,550.0
GFCL,3/22/2015,226.0,230.0,230.0,230.0,1.77,1828.0,738.0,550.0
GFCL,3/23/2015,230.0,226.0,218.0,226.0,-1.74,467.0,738.0,550.0
GFCL,3/24/2015,226.0,222.0,222.0,222.0,-1.77,449.0,738.0,550.0
GFCL,3/25/2015,222.0,226.0,222.0,226.0,1.8,1063.0,738.0,550.0
GFCL,3/26/2015,226.0,225.0,222.0,222.0,-1.77,550.0,738.0,550.0
GFCL,3/29/2015,222.0,223.0,222.0,223.0,0.45,300.0,738.0,550.0
GFCL,3/30/2015,223.0,219.0,219.0,219.0,-1.79,1841.0,738.0,550.0
GFCL,3/31/2015,219.0,223.0,222.0,223.0,1.83,2034.0,738.0,550.0
GFCL,4/2/2015,223.0,220.0,219.0,219.0,-1.79,250.0,738.0,550.0
GFCL,4/7/2015,219.0,216.0,216.0,216.0,-1.37,34.0,738.0,550.0
GFCL,4/12/2015,216.0,220.0,220.0,220.0,1.85,1242.0,738.0,550.0
GFCL,4/13/2015,220.0,222.0,222.0,222.0,0.91,544.0,738.0,550.0
GFCL,4/15/2015,222.0,218.0,218.0,218.0,-1.8,600.0,738.0,550.0
GFCL,4/19/2015,218.0,215.0,214.0,214.0,-1.83,591.0,738.0,550.0
GFCL,4/21/2015,214.0,212.0,212.0,212.0,-0.93,41.0,738.0,550.0
GFCL,5/27/2015,212.0,212.0,212.0,212.0,0.0,18.0,738.0,550.0
GFCL,6/3/2015,212.0,212.0,208.0,208.0,-1.89,531.0,738.0,550.0
GFCL,6/4/2015,208.0,208.0,205.0,208.0,0.0,1300.0,738.0,550.0
GFCL,6/7/2015,208.0,208.0,208.0,208.0,0.0,500.0,738.0,550.0
GFCL,6/8/2015,208.0,210.0,208.0,210.0,0.96,1926.0,738.0,550.0
GFCL,6/9/2015,210.0,218.0,214.0,218.0,3.81,527.0,738.0,550.0
GFCL,6/11/2015,218.0,214.0,214.0,214.0,-1.83,100.0,738.0,550.0
GFCL,6/14/2015,214.0,210.0,206.0,207.0,-3.27,8009.0,738.0,550.0
GFCL,6/16/2015,207.0,207.0,203.0,207.0,0.0,781.0,738.0,550.0
GFCL,6/25/2015,207.0,208.0,202.0,202.0,-2.42,1373.0,738.0,550.0
GFCL,6/28/2015,202.0,204.0,200.0,204.0,0.99,729.0,738.0,550.0
GFCL,7/1/2015,204.0,205.0,200.0,205.0,0.49,215.0,738.0,550.0
GFCL,7/2/2015,205.0,201.0,201.0,201.0,-1.95,125.0,738.0,550.0
GFCL,7/5/2015,201.0,203.0,201.0,201.0,0.0,587.0,738.0,550.0
GFCL,7/7/2015,201.0,203.0,201.0,203.0,1.0,541.0,738.0,550.0
GFCL,7/12/2015,203.0,203.0,203.0,203.0,0.0,210.0,738.0,550.0
GFCL,7/13/2015,203.0,204.0,200.0,204.0,0.49,1396.0,738.0,550.0
GFCL,7/14/2015,204.0,202.0,201.0,201.0,-1.47,5227.0,738.0,550.0
GFCL,7/15/2015,201.0,205.0,201.0,201.0,0.0,351.0,738.0,550.0
GFCL,7/16/2015,201.0,205.0,201.0,205.0,1.99,590.0,738.0,550.0
GFCL,7/22/2015,205.0,213.0,209.0,213.0,3.9,1783.0,738.0,550.0
GFCL,7/23/2015,213.0,225.0,217.0,225.0,5.63,2964.0,738.0,550.0
GFCL,7/26/2015,225.0,245.0,229.0,245.0,8.89,845.0,738.0,550.0
GFCL,7/27/2015,245.0,249.0,244.0,245.0,0.0,977.0,738.0,550.0
GFCL,7/28/2015,245.0,253.0,234.0,234.0,-4.49,8190.0,738.0,550.0
GFCL,7/29/2015,234.0,232.0,228.0,230.0,-1.71,2103.0,738.0,550.0
GFCL,7/30/2015,230.0,244.0,231.0,234.0,1.74,6110.0,738.0,550.0
GFCL,8/3/2015,234.0,231.0,230.0,231.0,-1.28,665.0,738.0,550.0
GFCL,8/4/2015,231.0,231.0,227.0,231.0,0.0,270.0,738.0,550.0
GFCL,8/5/2015,231.0,234.0,234.0,234.0,1.3,100.0,738.0,550.0
GFCL,8/11/2015,234.0,232.0,232.0,232.0,-0.85,485.0,738.0,550.0
GFCL,8/13/2015,232.0,228.0,224.0,224.0,-3.45,361.0,738.0,550.0
GFCL,8/20/2015,224.0,228.0,224.0,224.0,0.0,327.0,738.0,550.0
GFCL,8/23/2015,224.0,220.0,216.0,216.0,-3.57,175.0,738.0,550.0
GFCL,8/24/2015,216.0,228.0,220.0,228.0,5.56,280.0,738.0,550.0
GFCL,8/25/2015,228.0,225.0,220.0,225.0,-1.32,3119.0,738.0,550.0
GFCL,8/26/2015,225.0,222.0,221.0,221.0,-1.78,889.0,738.0,550.0
GFCL,8/27/2015,221.0,225.0,224.0,225.0,1.81,1045.0,738.0,550.0
GFCL,8/31/2015,225.0,223.0,223.0,223.0,-0.89,11.0,738.0,550.0
GFCL,9/1/2015,223.0,227.0,225.0,225.0,0.9,539.0,738.0,550.0
GFCL,9/2/2015,225.0,229.0,225.0,225.0,0.0,1150.0,738.0,550.0
GFCL,9/3/2015,225.0,222.0,216.0,216.0,-4.0,3016.0,738.0,550.0
GFCL,9/6/2015,216.0,215.0,214.0,215.0,-0.46,2077.0,738.0,550.0
GFCL,9/7/2015,215.0,216.0,214.0,214.0,-0.47,833.0,738.0,550.0
GFCL,9/8/2015,214.0,232.0,211.0,232.0,8.41,5034.0,738.0,550.0
GFCL,9/9/2015,232.0,236.0,225.0,225.0,-3.02,600.0,738.0,550.0
GFCL,9/10/2015,225.0,225.0,225.0,225.0,0.0,296.0,738.0,550.0
GFCL,9/13/2015,225.0,225.0,225.0,225.0,0.0,1000.0,738.0,550.0
GFCL,9/14/2015,225.0,226.0,217.0,222.0,-1.33,4436.0,738.0,550.0
GFCL,9/15/2015,222.0,226.0,221.0,222.0,0.0,2412.0,738.0,550.0
GFCL,9/16/2015,222.0,226.0,220.0,226.0,1.8,7303.0,738.0,550.0
GFCL,9/17/2015,226.0,227.0,222.0,227.0,0.44,6184.0,738.0,550.0
GFCL,9/22/2015,227.0,235.0,231.0,235.0,3.52,20.0,738.0,550.0
GFCL,9/23/2015,235.0,237.0,231.0,231.0,-1.7,1994.0,738.0,550.0
GFCL,9/24/2015,231.0,227.0,227.0,227.0,-1.73,200.0,738.0,550.0
GFCL,9/29/2015,227.0,223.0,223.0,223.0,-1.76,577.0,738.0,550.0
GFCL,10/1/2015,223.0,223.0,219.0,220.0,-1.35,4750.0,738.0,550.0
GFCL,10/4/2015,220.0,222.0,213.0,222.0,0.91,4337.0,738.0,550.0
GFCL,10/5/2015,222.0,218.0,218.0,218.0,-1.8,500.0,738.0,550.0
GFCL,10/6/2015,218.0,219.0,215.0,219.0,0.46,2556.0,738.0,550.0
GFCL,10/7/2015,219.0,216.0,215.0,216.0,-1.37,800.0,738.0,550.0
GFCL,10/8/2015,216.0,218.0,215.0,215.0,-0.46,1329.0,738.0,550.0
GFCL,10/11/2015,215.0,213.0,211.0,211.0,-1.86,2862.0,738.0,550.0
GFCL,10/14/2015,211.0,216.0,212.0,216.0,2.37,2099.0,738.0,550.0
GFCL,10/15/2015,216.0,214.0,212.0,212.0,-1.85,1300.0,738.0,550.0
GFCL,10/25/2015,212.0,208.0,208.0,208.0,-1.89,900.0,738.0,550.0
GFCL,10/27/2015,208.0,204.0,204.0,204.0,-1.92,265.0,738.0,550.0
GFCL,10/28/2015,204.0,200.0,200.0,200.0,-1.96,238.0,738.0,550.0
GFCL,10/29/2015,200.0,204.0,196.0,199.0,-0.5,7978.0,738.0,550.0
GFCL,11/1/2015,199.0,210.0,202.0,210.0,5.53,145.0,738.0,550.0
GFCL,11/2/2015,210.0,209.0,209.0,209.0,-0.48,100.0,738.0,550.0
GFCL,11/3/2015,209.0,205.0,197.0,200.0,-4.31,975.0,738.0,550.0
GFCL,11/4/2015,200.0,204.0,204.0,204.0,2.0,33.0,738.0,550.0
GFCL,11/10/2015,204.0,204.0,204.0,204.0,0.0,350.0,738.0,550.0
GFCL,11/18/2015,204.0,204.0,200.0,204.0,0.0,400.0,738.0,550.0
GFCL,11/22/2015,204.0,201.0,198.0,201.0,-1.47,37.0,738.0,550.0
GFCL,11/23/2015,201.0,201.0,201.0,201.0,0.0,946.0,738.0,550.0
GFCL,11/25/2015,201.0,205.0,205.0,205.0,1.99,200.0,738.0,550.0
GFCL,11/26/2015,205.0,201.0,201.0,201.0,-1.95,377.0,738.0,550.0
GFCL,12/1/2015,201.0,205.0,205.0,205.0,1.99,50.0,738.0,550.0
GFCL,12/6/2015,205.0,209.0,209.0,209.0,1.95,50.0,738.0,550.0
GFCL,12/7/2015,209.0,210.0,210.0,210.0,0.48,10.0,738.0,550.0
GFCL,12/8/2015,210.0,207.0,203.0,203.0,-3.33,211.0,738.0,550.0
GFCL,12/9/2015,203.0,207.0,207.0,207.0,1.97,100.0,738.0,550.0
GFCL,12/13/2015,207.0,215.0,208.0,215.0,3.86,805.0,738.0,550.0
GFCL,12/17/2015,215.0,214.0,214.0,214.0,-0.47,220.0,738.0,550.0
GFCL,12/22/2015,214.0,212.0,210.0,210.0,-1.87,274.0,738.0,550.0
GFCL,12/23/2015,210.0,210.0,206.0,210.0,0.0,2680.0,738.0,550.0
GFCL,12/24/2015,210.0,214.0,210.0,214.0,1.9,792.0,738.0,550.0
GFCL,12/27/2015,214.0,217.0,215.0,215.0,0.47,431.0,738.0,550.0
GFCL,12/28/2015,215.0,215.0,208.0,208.0,-3.26,1178.0,738.0,550.0
GFCL,12/29/2015,208.0,210.0,206.0,206.0,-0.96,1389.0,738.0,550.0
GFCL,12/31/2015,206.0,218.0,210.0,215.0,4.37,10323.0,738.0,550.0
GFCL,1/3/2016,195.0,192.0,192.0,192.0,-10.7,10.0,738.0,550.0
GFCL,1/11/2016,192.0,189.0,189.0,189.0,-1.56,28.0,738.0,550.0
GFCL,1/14/2016,189.0,186.0,186.0,186.0,-1.59,1383.0,738.0,550.0
GFCL,2/3/2016,186.0,189.0,189.0,189.0,1.61,14.0,738.0,550.0
GFCL,2/4/2016,189.0,192.0,192.0,192.0,1.59,20.0,738.0,550.0
GFCL,2/7/2016,192.0,198.0,195.0,198.0,3.12,28.0,738.0,550.0
GFCL,2/11/2016,198.0,213.0,201.0,213.0,7.58,46.0,738.0,550.0
GFCL,2/14/2016,213.0,217.0,217.0,217.0,1.88,14.0,738.0,550.0
GFCL,2/16/2016,217.0,221.0,221.0,221.0,1.84,20.0,738.0,550.0
GFCL,2/18/2016,221.0,221.0,213.0,221.0,0.0,1679.0,738.0,550.0
GFCL,2/21/2016,221.0,225.0,221.0,225.0,1.81,1520.0,738.0,550.0
GFCL,2/22/2016,225.0,222.0,221.0,221.0,-1.78,1000.0,738.0,550.0
GFCL,2/24/2016,221.0,217.0,217.0,217.0,-1.81,133.0,738.0,550.0
GFCL,2/25/2016,217.0,225.0,221.0,225.0,3.69,220.0,738.0,550.0
GFCL,3/2/2016,225.0,223.0,221.0,221.0,-1.78,550.0,738.0,550.0
GFCL,3/3/2016,221.0,225.0,225.0,225.0,1.81,200.0,738.0,550.0
GFCL,3/6/2016,225.0,228.0,221.0,228.0,1.33,950.0,738.0,550.0
GFCL,3/10/2016,228.0,225.0,224.0,225.0,-1.32,350.0,738.0,550.0
GFCL,3/14/2016,225.0,229.0,229.0,229.0,1.78,20.0,738.0,550.0
GFCL,3/15/2016,229.0,237.0,229.0,229.0,0.0,560.0,738.0,550.0
GFCL,3/16/2016,229.0,233.0,226.0,233.0,1.75,1145.0,738.0,550.0
GFCL,3/21/2016,233.0,231.0,230.0,230.0,-1.29,165.0,738.0,550.0
GFCL,3/24/2016,230.0,230.0,226.0,226.0,-1.74,550.0,738.0,550.0
GFCL,3/27/2016,226.0,225.0,225.0,225.0,-0.44,18.0,738.0,550.0
GFCL,3/29/2016,225.0,229.0,229.0,229.0,1.78,613.0,738.0,550.0
GFCL,3/30/2016,229.0,230.0,229.0,230.0,0.44,1482.0,738.0,550.0
GFCL,3/31/2016,230.0,233.0,233.0,233.0,1.3,100.0,738.0,550.0
GFCL,4/3/2016,233.0,234.0,234.0,234.0,0.43,1000.0,738.0,550.0
GFCL,4/12/2016,234.0,230.0,230.0,230.0,-1.71,1000.0,738.0,550.0
GFCL,4/14/2016,230.0,230.0,227.0,227.0,-1.3,1200.0,738.0,550.0
GFCL,4/17/2016,227.0,232.0,231.0,232.0,2.2,1250.0,738.0,550.0
GFCL,4/18/2016,232.0,251.0,229.0,251.0,8.19,3619.0,738.0,550.0
GFCL,4/19/2016,251.0,248.0,248.0,248.0,-1.2,500.0,738.0,550.0
GFCL,4/20/2016,248.0,244.0,244.0,244.0,-1.61,887.0,738.0,550.0
GFCL,4/21/2016,244.0,248.0,236.0,240.0,-1.64,2572.0,738.0,550.0
GFCL,4/24/2016,240.0,255.0,244.0,255.0,6.25,1844.0,738.0,550.0
GFCL,4/25/2016,255.0,265.0,260.0,260.0,1.96,1153.0,738.0,550.0
GFCL,4/26/2016,260.0,265.0,260.0,260.0,0.0,4216.0,738.0,550.0
GFCL,4/27/2016,260.0,260.0,260.0,260.0,0.0,490.0,738.0,550.0
GFCL,4/28/2016,260.0,260.0,255.0,255.0,-1.92,2762.0,738.0,550.0
GFCL,5/2/2016,255.0,260.0,255.0,255.0,0.0,711.0,738.0,550.0
GFCL,5/3/2016,255.0,251.0,250.0,251.0,-1.57,1500.0,738.0,550.0
GFCL,5/4/2016,251.0,246.0,246.0,246.0,-1.99,500.0,738.0,550.0
GFCL,5/5/2016,246.0,245.0,240.0,240.0,-2.44,7575.0,738.0,550.0
GFCL,5/8/2016,240.0,251.0,244.0,251.0,4.58,2050.0,738.0,550.0
GFCL,5/10/2016,251.0,254.0,246.0,254.0,1.2,2500.0,738.0,550.0
GFCL,5/11/2016,254.0,252.0,251.0,251.0,-1.18,600.0,738.0,550.0
GFCL,5/12/2016,251.0,269.0,255.0,269.0,7.17,13063.0,738.0,550.0
GFCL,5/15/2016,269.0,279.0,269.0,269.0,0.0,2025.0,738.0,550.0
GFCL,5/16/2016,269.0,270.0,270.0,270.0,0.37,500.0,738.0,550.0
GFCL,5/17/2016,270.0,270.0,270.0,270.0,0.0,500.0,738.0,550.0
GFCL,5/18/2016,270.0,280.0,275.0,275.0,1.85,1150.0,738.0,550.0
GFCL,5/23/2016,275.0,290.0,280.0,290.0,5.45,1700.0,738.0,550.0
GFCL,5/24/2016,290.0,285.0,285.0,285.0,-1.72,500.0,738.0,550.0
GFCL,5/25/2016,285.0,280.0,280.0,280.0,-1.75,100.0,738.0,550.0
GFCL,5/26/2016,280.0,280.0,280.0,280.0,0.0,700.0,738.0,550.0
GFCL,5/29/2016,280.0,275.0,265.0,265.0,-5.36,400.0,738.0,550.0
GFCL,5/30/2016,265.0,280.0,270.0,280.0,5.66,166.0,738.0,550.0
GFCL,5/31/2016,280.0,275.0,270.0,270.0,-3.57,1592.0,738.0,550.0
GFCL,6/1/2016,270.0,270.0,268.0,268.0,-0.74,1500.0,738.0,550.0
GFCL,6/2/2016,268.0,265.0,260.0,260.0,-2.99,1062.0,738.0,550.0
GFCL,6/5/2016,260.0,265.0,260.0,260.0,0.0,566.0,738.0,550.0
GFCL,6/6/2016,260.0,260.0,255.0,255.0,-1.92,2200.0,738.0,550.0
GFCL,6/7/2016,255.0,266.0,251.0,266.0,4.31,3200.0,738.0,550.0
GFCL,6/8/2016,266.0,271.0,270.0,271.0,1.88,560.0,738.0,550.0
GFCL,6/9/2016,271.0,271.0,270.0,271.0,0.0,800.0,738.0,550.0
GFCL,6/12/2016,271.0,266.0,266.0,266.0,-1.85,1000.0,738.0,550.0
GFCL,6/13/2016,266.0,287.0,268.0,287.0,7.89,1542.0,738.0,550.0
GFCL,6/14/2016,287.0,300.0,280.0,294.0,2.44,3141.0,738.0,550.0
GFCL,6/15/2016,294.0,294.0,280.0,281.0,-4.42,2345.0,738.0,550.0
GFCL,6/16/2016,281.0,296.0,286.0,296.0,5.34,2000.0,738.0,550.0
GFCL,6/19/2016,296.0,322.0,292.0,322.0,8.78,5417.0,738.0,550.0
GFCL,6/20/2016,322.0,320.0,306.0,311.0,-3.42,7195.0,738.0,550.0
GFCL,6/21/2016,311.0,320.0,305.0,314.0,0.96,2538.0,738.0,550.0
GFCL,6/22/2016,314.0,320.0,313.0,314.0,0.0,1400.0,738.0,550.0
GFCL,6/23/2016,314.0,315.0,308.0,308.0,-1.91,1339.0,738.0,550.0
GFCL,6/26/2016,308.0,314.0,300.0,314.0,1.95,2243.0,738.0,550.0
GFCL,6/27/2016,314.0,326.0,310.0,326.0,3.82,7028.0,738.0,550.0
GFCL,6/28/2016,326.0,332.0,320.0,332.0,1.84,1760.0,738.0,550.0
GFCL,6/29/2016,332.0,338.0,338.0,338.0,1.81,40.0,738.0,550.0
GFCL,6/30/2016,338.0,336.0,324.0,324.0,-4.14,1752.0,738.0,550.0
GFCL,7/3/2016,324.0,330.0,330.0,330.0,1.85,50.0,738.0,550.0
GFCL,7/4/2016,330.0,330.0,330.0,330.0,0.0,998.0,738.0,550.0
GFCL,7/5/2016,330.0,330.0,320.0,320.0,-3.03,1153.0,738.0,550.0
GFCL,7/6/2016,320.0,340.0,326.0,330.0,3.12,9440.0,738.0,550.0
GFCL,7/10/2016,330.0,354.0,336.0,350.0,6.06,3550.0,738.0,550.0
GFCL,7/11/2016,350.0,343.0,343.0,343.0,-2.0,750.0,738.0,550.0
GFCL,7/12/2016,343.0,345.0,345.0,345.0,0.58,100.0,738.0,550.0
GFCL,7/13/2016,345.0,339.0,333.0,339.0,-1.74,400.0,738.0,550.0
GFCL,7/14/2016,339.0,334.0,334.0,334.0,-1.47,100.0,738.0,550.0
GFCL,7/17/2016,334.0,346.0,336.0,340.0,1.8,2800.0,738.0,550.0
GFCL,7/18/2016,340.0,346.0,335.0,340.0,0.0,1932.0,738.0,550.0
GFCL,7/19/2016,340.0,346.0,334.0,340.0,0.0,3094.0,738.0,550.0
GFCL,7/20/2016,340.0,363.0,345.0,363.0,6.76,3307.0,738.0,550.0
GFCL,7/21/2016,363.0,382.0,369.0,382.0,5.23,2000.0,738.0,550.0
GFCL,7/25/2016,382.0,420.0,388.0,415.0,8.64,7001.0,738.0,550.0
GFCL,7/26/2016,415.0,456.0,423.0,456.0,9.88,2327.0,738.0,550.0
GFCL,7/27/2016,456.0,501.0,465.0,501.0,9.87,3570.0,738.0,550.0
GFCL,7/28/2016,501.0,551.0,511.0,551.0,9.98,27827.0,738.0,550.0
GFCL,7/31/2016,551.0,606.0,530.0,545.0,-1.09,13559.0,738.0,550.0
GFCL,8/1/2016,545.0,555.0,515.0,530.0,-2.75,5828.0,738.0,550.0
GFCL,8/2/2016,530.0,520.0,500.0,510.0,-3.77,5780.0,738.0,550.0
GFCL,8/3/2016,510.0,514.0,481.0,514.0,0.78,7674.0,738.0,550.0
GFCL,8/4/2016,514.0,519.0,494.0,494.0,-3.89,4224.0,738.0,550.0
GFCL,8/7/2016,494.0,529.0,503.0,505.0,2.23,4200.0,738.0,550.0
GFCL,8/8/2016,505.0,495.0,455.0,455.0,-9.9,3800.0,738.0,550.0
GFCL,8/9/2016,455.0,473.0,464.0,473.0,3.96,20.0,738.0,550.0
GFCL,8/10/2016,473.0,500.0,481.0,499.0,5.5,7606.0,738.0,550.0
GFCL,8/11/2016,499.0,492.0,482.0,485.0,-2.81,2500.0,738.0,550.0
GFCL,8/14/2016,485.0,485.0,461.0,463.0,-4.54,2756.0,738.0,550.0
GFCL,8/15/2016,463.0,461.0,450.0,459.0,-0.86,1251.0,738.0,550.0
GFCL,8/16/2016,459.0,477.0,465.0,477.0,3.92,1137.0,738.0,550.0
GFCL,8/17/2016,477.0,493.0,484.0,493.0,3.35,1250.0,738.0,550.0
GFCL,8/21/2016,493.0,485.0,485.0,485.0,-1.62,100.0,738.0,550.0
GFCL,8/22/2016,485.0,490.0,463.0,463.0,-4.54,356.0,738.0,550.0
GFCL,8/23/2016,463.0,480.0,445.0,453.0,-2.16,2096.0,738.0,550.0
GFCL,8/24/2016,453.0,471.0,450.0,450.0,-0.66,293.0,738.0,550.0
GFCL,8/28/2016,450.0,468.0,459.0,468.0,4.0,669.0,738.0,550.0
GFCL,8/30/2016,468.0,473.0,470.0,473.0,1.07,400.0,738.0,550.0
GFCL,8/31/2016,473.0,466.0,466.0,466.0,-1.48,1000.0,738.0,550.0
GFCL,9/1/2016,466.0,512.0,475.0,500.0,7.3,22980.0,738.0,550.0
GFCL,9/3/2016,500.0,510.0,490.0,500.0,0.0,5581.0,738.0,550.0
GFCL,9/4/2016,500.0,510.0,490.0,500.0,0.0,5581.0,738.0,550.0
GFCL,9/5/2016,500.0,505.0,491.0,498.0,-0.4,7850.0,738.0,550.0
GFCL,9/6/2016,498.0,511.0,498.0,505.0,1.41,4650.0,738.0,550.0
GFCL,9/7/2016,505.0,495.0,486.0,495.0,-1.98,300.0,738.0,550.0
GFCL,9/8/2016,495.0,500.0,489.0,495.0,0.0,2002.0,738.0,550.0
GFCL,9/11/2016,495.0,491.0,490.0,490.0,-1.01,300.0,738.0,550.0
GFCL,9/12/2016,490.0,491.0,485.0,491.0,0.2,1440.0,738.0,550.0
GFCL,9/14/2016,491.0,520.0,495.0,520.0,5.91,14995.0,738.0,550.0
GFCL,9/18/2016,520.0,561.0,530.0,560.0,7.69,23806.0,738.0,550.0
GFCL,9/20/2016,560.0,570.0,541.0,544.0,-2.86,5546.0,738.0,550.0
GFCL,9/21/2016,544.0,540.0,525.0,528.0,-2.94,2434.0,738.0,550.0
GFCL,9/22/2016,528.0,525.0,512.0,521.0,-1.33,3769.0,738.0,550.0
GFCL,9/25/2016,521.0,531.0,508.0,518.0,-0.58,3932.0,738.0,550.0
GFCL,9/26/2016,518.0,525.0,500.0,500.0,-3.47,17665.0,738.0,550.0
GFCL,9/27/2016,400.0,418.0,395.0,405.0,-19.0,872.0,738.0,550.0
GFCL,9/28/2016,405.0,397.0,390.0,390.0,-3.7,142.0,738.0,550.0
GFCL,9/29/2016,390.0,384.0,376.0,376.0,-3.59,2170.0,738.0,550.0
GFCL,10/2/2016,376.0,378.0,378.0,378.0,0.53,50.0,738.0,550.0
GFCL,10/3/2016,378.0,392.0,385.0,392.0,3.7,100.0,738.0,550.0
GFCL,10/4/2016,392.0,395.0,390.0,390.0,-0.51,1100.0,738.0,550.0
GFCL,10/5/2016,390.0,397.0,397.0,397.0,1.79,500.0,738.0,550.0
GFCL,10/6/2016,397.0,400.0,391.0,400.0,0.76,446.0,738.0,550.0
GFCL,10/16/2016,400.0,408.0,406.0,406.0,1.5,180.0,738.0,550.0
GFCL,10/17/2016,406.0,400.0,397.0,397.0,-2.22,1370.0,738.0,550.0
GFCL,10/18/2016,397.0,399.0,392.0,394.0,-0.76,750.0,738.0,550.0
GFCL,10/20/2016,394.0,392.0,392.0,392.0,-0.51,550.0,738.0,550.0
GFCL,10/23/2016,392.0,400.0,395.0,395.0,0.77,2020.0,738.0,550.0
GFCL,10/24/2016,395.0,388.0,385.0,385.0,-2.53,500.0,738.0,550.0
GFCL,10/25/2016,385.0,385.0,385.0,385.0,0.0,47.0,738.0,550.0
GFCL,11/7/2016,385.0,378.0,378.0,378.0,-1.82,96.0,738.0,550.0
GFCL,11/8/2016,378.0,371.0,371.0,371.0,-1.85,300.0,738.0,550.0
GFCL,11/10/2016,371.0,364.0,364.0,364.0,-1.89,127.0,738.0,550.0
GFCL,11/13/2016,364.0,364.0,364.0,364.0,0.0,500.0,738.0,550.0
GFCL,11/14/2016,364.0,377.0,364.0,377.0,3.57,720.0,738.0,550.0
GFCL,11/15/2016,377.0,380.0,380.0,380.0,0.8,500.0,738.0,550.0
GFCL,11/16/2016,380.0,384.0,373.0,384.0,1.05,4300.0,738.0,550.0
GFCL,11/17/2016,384.0,385.0,385.0,385.0,0.26,60.0,738.0,550.0
GFCL,11/21/2016,385.0,378.0,378.0,378.0,-1.82,50.0,738.0,550.0
GFCL,11/22/2016,378.0,371.0,357.0,357.0,-5.56,883.0,738.0,550.0
GFCL,11/23/2016,357.0,360.0,350.0,350.0,-1.96,190.0,738.0,550.0
GFCL,11/24/2016,350.0,345.0,332.0,332.0,-5.14,824.0,738.0,550.0
GFCL,11/27/2016,332.0,326.0,326.0,326.0,-1.81,950.0,738.0,550.0
GFCL,11/29/2016,326.0,320.0,308.0,308.0,-5.52,1550.0,738.0,550.0
GFCL,12/1/2016,308.0,338.0,314.0,338.0,9.74,1408.0,738.0,550.0
GFCL,12/4/2016,338.0,344.0,338.0,338.0,0.0,300.0,738.0,550.0
GFCL,12/5/2016,338.0,332.0,332.0,332.0,-1.78,113.0,738.0,550.0
GFCL,12/6/2016,332.0,330.0,330.0,330.0,-0.6,300.0,738.0,550.0
GFCL,12/11/2016,330.0,325.0,325.0,325.0,-1.52,74.0,738.0,550.0
GFCL,12/12/2016,325.0,322.0,319.0,322.0,-0.92,1400.0,738.0,550.0
GFCL,12/14/2016,322.0,325.0,317.0,317.0,-1.55,2421.0,738.0,550.0
GFCL,12/15/2016,317.0,323.0,314.0,323.0,1.89,2257.0,738.0,550.0
GFCL,12/18/2016,323.0,317.0,317.0,317.0,-1.86,1000.0,738.0,550.0
GFCL,12/19/2016,317.0,312.0,311.0,311.0,-1.89,904.0,738.0,550.0
GFCL,12/21/2016,311.0,310.0,299.0,299.0,-3.86,1340.0,738.0,550.0
GFCL,12/22/2016,299.0,304.0,301.0,301.0,0.67,440.0,738.0,550.0
GFCL,12/26/2016,301.0,296.0,295.0,295.0,-1.99,1200.0,738.0,550.0
GFCL,12/27/2016,295.0,300.0,289.0,289.0,-2.03,1740.0,738.0,550.0
GFCL,12/28/2016,289.0,295.0,294.0,295.0,2.08,389.0,738.0,550.0
GFCL,1/1/2017,295.0,290.0,281.0,281.0,-4.75,1000.0,738.0,550.0
GFCL,1/2/2017,281.0,286.0,282.0,284.0,1.07,1750.0,738.0,550.0
GFCL,1/3/2017,284.0,285.0,284.0,285.0,0.35,2500.0,738.0,550.0
GFCL,1/5/2017,285.0,281.0,281.0,281.0,-1.4,500.0,738.0,550.0
GFCL,1/8/2017,281.0,285.0,281.0,285.0,1.42,400.0,738.0,550.0
GFCL,1/26/2017,285.0,280.0,280.0,280.0,-1.75,932.0,738.0,550.0
GFCL,2/12/2017,280.0,275.0,270.0,270.0,-3.57,770.0,738.0,550.0
GFCL,2/15/2017,270.0,265.0,265.0,265.0,-1.85,300.0,738.0,550.0
GFCL,2/16/2017,265.0,265.0,250.0,250.0,-5.66,1887.0,738.0,550.0
GFCL,2/19/2017,250.0,255.0,225.0,233.0,-6.8,3571.0,738.0,550.0
GFCL,2/20/2017,233.0,235.0,231.0,231.0,-0.86,626.0,738.0,550.0
GFCL,2/21/2017,231.0,228.0,227.0,227.0,-1.73,600.0,738.0,550.0
GFCL,2/22/2017,227.0,226.0,219.0,219.0,-3.52,2229.0,738.0,550.0
GFCL,2/23/2017,219.0,219.0,215.0,219.0,0.0,485.0,738.0,550.0
GFCL,2/26/2017,219.0,220.0,218.0,218.0,-0.46,750.0,738.0,550.0
GFCL,2/28/2017,218.0,225.0,222.0,225.0,3.21,50.0,738.0,550.0
GFCL,3/1/2017,225.0,223.0,221.0,223.0,-0.89,910.0,738.0,550.0
GFCL,3/2/2017,223.0,229.0,221.0,221.0,-0.9,3407.0,738.0,550.0
GFCL,3/5/2017,221.0,229.0,221.0,221.0,0.0,4817.0,738.0,550.0
GFCL,3/6/2017,221.0,225.0,222.0,225.0,1.81,1320.0,738.0,550.0
GFCL,3/14/2017,225.0,225.0,221.0,225.0,0.0,2401.0,738.0,550.0
GFCL,3/16/2017,225.0,233.0,226.0,226.0,0.44,3217.0,738.0,550.0
GFCL,3/19/2017,226.0,228.0,228.0,228.0,0.88,3000.0,738.0,550.0
GFCL,3/20/2017,228.0,234.0,227.0,234.0,2.63,1600.0,738.0,550.0
GFCL,3/21/2017,234.0,239.0,230.0,239.0,2.14,6120.0,738.0,550.0
GFCL,3/22/2017,239.0,251.0,240.0,251.0,5.02,2625.0,738.0,550.0
GFCL,3/23/2017,251.0,276.0,256.0,276.0,9.96,4952.0,738.0,550.0
GFCL,3/26/2017,276.0,303.0,281.0,303.0,9.78,5321.0,738.0,550.0
GFCL,3/28/2017,303.0,333.0,305.0,333.0,9.9,7015.0,738.0,550.0
GFCL,3/29/2017,333.0,339.0,318.0,318.0,-4.5,6385.0,738.0,550.0
GFCL,3/30/2017,318.0,320.0,306.0,312.0,-1.89,2215.0,738.0,550.0
GFCL,4/2/2017,312.0,324.0,318.0,324.0,3.85,1418.0,738.0,550.0
GFCL,4/3/2017,324.0,354.0,325.0,325.0,0.31,12495.0,738.0,550.0
GFCL,4/4/2017,325.0,340.0,325.0,335.0,3.08,3383.0,738.0,550.0
GFCL,4/6/2017,335.0,335.0,325.0,330.0,-1.49,1193.0,738.0,550.0
GFCL,4/9/2017,330.0,340.0,330.0,330.0,0.0,2215.0,738.0,550.0
GFCL,4/10/2017,330.0,331.0,324.0,330.0,0.0,1755.0,738.0,550.0
GFCL,4/11/2017,330.0,336.0,327.0,333.0,0.91,3382.0,738.0,550.0
GFCL,4/12/2017,333.0,352.0,339.0,350.0,5.11,3917.0,738.0,550.0
GFCL,4/13/2017,350.0,344.0,332.0,337.0,-3.71,8032.0,738.0,550.0
GFCL,4/16/2017,337.0,343.0,331.0,331.0,-1.78,6953.0,738.0,550.0
GFCL,4/18/2017,331.0,341.0,330.0,333.0,0.6,1905.0,738.0,550.0
GFCL,4/19/2017,333.0,351.0,333.0,345.0,3.6,3341.0,738.0,550.0
GFCL,4/20/2017,345.0,351.0,329.0,329.0,-4.64,4656.0,738.0,550.0
GFCL,4/23/2017,329.0,346.0,333.0,340.0,3.34,5280.0,738.0,550.0
GFCL,4/24/2017,340.0,341.0,334.0,341.0,0.29,3032.0,738.0,550.0
GFCL,4/25/2017,341.0,342.0,329.0,329.0,-3.52,6350.0,738.0,550.0
GFCL,4/26/2017,329.0,351.0,335.0,351.0,6.69,1628.0,738.0,550.0
GFCL,4/27/2017,351.0,367.0,355.0,355.0,1.14,793.0,738.0,550.0
GFCL,4/30/2017,355.0,355.0,345.0,345.0,-2.82,1220.0,738.0,550.0
GFCL,5/2/2017,345.0,346.0,340.0,345.0,0.0,650.0,738.0,550.0
GFCL,5/3/2017,345.0,346.0,338.0,343.0,-0.58,3210.0,738.0,550.0
GFCL,5/4/2017,343.0,343.0,331.0,340.0,-0.87,3061.0,738.0,550.0
GFCL,5/7/2017,340.0,357.0,330.0,330.0,-2.94,5841.0,738.0,550.0
GFCL,5/8/2017,330.0,339.0,330.0,330.0,0.0,1859.0,738.0,550.0
GFCL,5/9/2017,330.0,348.0,336.0,342.0,3.64,2330.0,738.0,550.0
GFCL,5/11/2017,342.0,340.0,334.0,334.0,-2.34,1131.0,738.0,550.0
GFCL,5/15/2017,334.0,336.0,331.0,336.0,0.6,400.0,738.0,550.0
GFCL,5/16/2017,336.0,335.0,320.0,320.0,-4.76,4250.0,738.0,550.0
GFCL,5/17/2017,320.0,326.0,314.0,321.0,0.31,3600.0,738.0,550.0
GFCL,5/18/2017,321.0,327.0,320.0,320.0,-0.31,890.0,738.0,550.0
GFCL,5/21/2017,320.0,324.0,318.0,324.0,1.25,697.0,738.0,550.0
GFCL,5/22/2017,324.0,329.0,325.0,325.0,0.31,140.0,738.0,550.0
GFCL,5/23/2017,325.0,330.0,324.0,324.0,-0.31,320.0,738.0,550.0
GFCL,5/24/2017,324.0,325.0,320.0,321.0,-0.93,900.0,738.0,550.0
GFCL,5/28/2017,321.0,327.0,316.0,321.0,0.0,2110.0,738.0,550.0
GFCL,5/30/2017,321.0,315.0,315.0,315.0,-1.87,50.0,738.0,550.0
GFCL,5/31/2017,315.0,318.0,312.0,318.0,0.95,260.0,738.0,550.0
GFCL,6/1/2017,318.0,315.0,312.0,315.0,-0.94,512.0,738.0,550.0
GFCL,6/4/2017,315.0,311.0,310.0,310.0,-1.59,100.0,738.0,550.0
GFCL,6/5/2017,310.0,310.0,300.0,300.0,-3.23,5100.0,738.0,550.0
GFCL,6/6/2017,300.0,321.0,300.0,315.0,5.0,17623.0,738.0,550.0
GFCL,6/7/2017,315.0,336.0,310.0,312.0,-0.95,17325.0,738.0,550.0
GFCL,6/8/2017,312.0,318.0,310.0,312.0,0.0,12005.0,738.0,550.0
GFCL,6/11/2017,312.0,317.0,305.0,310.0,-0.64,4798.0,738.0,550.0
GFCL,6/12/2017,310.0,313.0,300.0,300.0,-3.23,4053.0,738.0,550.0
GFCL,6/13/2017,300.0,300.0,294.0,300.0,0.0,3756.0,738.0,550.0
GFCL,6/14/2017,300.0,309.0,294.0,294.0,-2.0,6308.0,738.0,550.0
GFCL,6/15/2017,294.0,304.0,296.0,299.0,1.7,11856.0,738.0,550.0
GFCL,6/18/2017,224.0,222.0,217.0,217.0,-27.42,890.0,738.0,550.0
GFCL,6/19/2017,217.0,216.0,213.0,213.0,-1.84,1225.0,738.0,550.0
GFCL,6/20/2017,213.0,210.0,205.0,205.0,-3.76,160.0,738.0,550.0
GFCL,6/21/2017,205.0,209.0,198.0,198.0,-3.41,820.0,738.0,550.0
GFCL,6/22/2017,198.0,212.0,200.0,207.0,4.55,2372.0,738.0,550.0
GFCL,6/25/2017,207.0,215.0,211.0,215.0,3.86,810.0,738.0,550.0
GFCL,7/2/2017,215.0,211.0,207.0,210.0,-2.33,539.0,738.0,550.0
GFCL,7/3/2017,210.0,206.0,200.0,204.0,-2.86,2105.0,738.0,550.0
GFCL,7/4/2017,204.0,208.0,208.0,208.0,1.96,200.0,738.0,550.0
GFCL,7/5/2017,208.0,212.0,208.0,208.0,0.0,160.0,738.0,550.0
GFCL,7/6/2017,208.0,210.0,200.0,200.0,-3.85,1442.0,738.0,550.0
GFCL,7/9/2017,200.0,206.0,200.0,200.0,0.0,3270.0,738.0,550.0
GFCL,7/10/2017,200.0,201.0,200.0,200.0,0.0,1400.0,738.0,550.0
GFCL,7/11/2017,200.0,205.0,204.0,205.0,2.5,1151.0,738.0,550.0
GFCL,7/12/2017,205.0,209.0,206.0,206.0,0.49,1446.0,738.0,550.0
GFCL,7/13/2017,206.0,205.0,201.0,201.0,-2.43,813.0,738.0,550.0
GFCL,7/16/2017,201.0,210.0,205.0,210.0,4.48,110.0,738.0,550.0
GFCL,7/17/2017,210.0,214.0,209.0,209.0,-0.48,140.0,738.0,550.0
GFCL,7/18/2017,209.0,214.0,211.0,214.0,2.39,590.0,738.0,550.0
GFCL,7/19/2017,214.0,218.0,214.0,215.0,0.47,1507.0,738.0,550.0
GFCL,7/20/2017,215.0,219.0,204.0,205.0,-4.65,1420.0,738.0,550.0
GFCL,7/23/2017,205.0,205.0,201.0,205.0,0.0,896.0,738.0,550.0
GFCL,7/24/2017,205.0,205.0,201.0,205.0,0.0,2400.0,738.0,550.0
GFCL,7/25/2017,205.0,206.0,201.0,201.0,-1.95,1136.0,738.0,550.0
GFCL,7/26/2017,201.0,208.0,203.0,204.0,1.49,835.0,738.0,550.0
GFCL,7/27/2017,204.0,208.0,204.0,208.0,1.96,657.0,738.0,550.0
GFCL,7/30/2017,208.0,205.0,201.0,205.0,-1.44,1900.0,738.0,550.0
GFCL,7/31/2017,205.0,207.0,200.0,207.0,0.98,2130.0,738.0,550.0
GFCL,8/1/2017,207.0,210.0,206.0,206.0,-0.48,1087.0,738.0,550.0
GFCL,8/2/2017,206.0,205.0,203.0,203.0,-1.46,2491.0,738.0,550.0
GFCL,8/3/2017,203.0,203.0,200.0,200.0,-1.48,2768.0,738.0,550.0
GFCL,8/6/2017,200.0,200.0,200.0,200.0,0.0,350.0,738.0,550.0
GFCL,8/7/2017,200.0,204.0,200.0,200.0,0.0,737.0,738.0,550.0
GFCL,8/9/2017,200.0,204.0,200.0,200.0,0.0,800.0,738.0,550.0
GFCL,8/10/2017,200.0,201.0,200.0,201.0,0.5,917.0,738.0,550.0
GFCL,8/13/2017,201.0,203.0,193.0,193.0,-3.98,1200.0,738.0,550.0
GFCL,8/15/2017,193.0,196.0,190.0,190.0,-1.55,445.0,738.0,550.0
GFCL,8/16/2017,190.0,196.0,191.0,196.0,3.16,895.0,738.0,550.0
GFCL,8/17/2017,196.0,202.0,199.0,202.0,3.06,2235.0,738.0,550.0
GFCL,8/20/2017,202.0,198.0,194.0,194.0,-3.96,1001.0,738.0,550.0
GFCL,8/22/2017,194.0,202.0,196.0,196.0,1.03,3155.0,738.0,550.0
GFCL,8/23/2017,196.0,199.0,197.0,197.0,0.51,310.0,738.0,550.0
GFCL,8/24/2017,197.0,199.0,197.0,199.0,1.02,216.0,738.0,550.0
GFCL,8/27/2017,199.0,200.0,199.0,200.0,0.5,170.0,738.0,550.0
GFCL,8/28/2017,200.0,200.0,200.0,200.0,0.0,443.0,738.0,550.0
GFCL,8/31/2017,200.0,198.0,198.0,198.0,-1.0,50.0,738.0,550.0
GFCL,9/6/2017,198.0,195.0,193.0,193.0,-2.53,630.0,738.0,550.0
GFCL,9/7/2017,193.0,190.0,189.0,189.0,-2.07,1355.0,738.0,550.0
GFCL,9/10/2017,189.0,186.0,174.0,186.0,-1.59,5700.0,738.0,550.0
GFCL,9/11/2017,186.0,185.0,182.0,182.0,-2.15,112.0,738.0,550.0
GFCL,9/12/2017,182.0,183.0,180.0,181.0,-0.55,780.0,738.0,550.0
GFCL,9/13/2017,181.0,180.0,180.0,180.0,-0.55,100.0,738.0,550.0
GFCL,9/14/2017,180.0,180.0,177.0,180.0,0.0,1375.0,738.0,550.0
GFCL,9/17/2017,180.0,183.0,183.0,183.0,1.67,542.0,738.0,550.0
GFCL,9/18/2017,183.0,181.0,180.0,181.0,-1.09,600.0,738.0,550.0
GFCL,9/24/2017,181.0,183.0,180.0,183.0,1.1,300.0,738.0,550.0
GFCL,9/25/2017,183.0,180.0,177.0,177.0,-3.28,750.0,738.0,550.0
GFCL,9/26/2017,177.0,180.0,174.0,180.0,1.69,3247.0,738.0,550.0
GFCL,10/4/2017,180.0,177.0,177.0,177.0,-1.67,2.0,738.0,550.0
GFCL,10/8/2017,180.0,183.0,180.0,180.0,1.69,130.0,738.0,550.0
GFCL,10/9/2017,180.0,180.0,175.0,175.0,-2.78,550.0,738.0,550.0
GFCL,10/11/2017,175.0,175.0,175.0,175.0,0.0,200.0,738.0,550.0
GFCL,10/12/2017,175.0,176.0,172.0,172.0,-1.71,825.0,738.0,550.0
GFCL,10/16/2017,172.0,181.0,175.0,181.0,5.23,830.0,738.0,550.0
GFCL,10/17/2017,181.0,194.0,184.0,185.0,2.21,1087.0,738.0,550.0
GFCL,10/18/2017,185.0,186.0,185.0,186.0,0.54,1235.0,738.0,550.0
GFCL,10/22/2017,186.0,190.0,186.0,186.0,0.0,1100.0,738.0,550.0
GFCL,10/23/2017,186.0,188.0,185.0,186.0,0.0,958.0,738.0,550.0
GFCL,10/24/2017,186.0,185.0,180.0,185.0,-0.54,485.0,738.0,550.0
GFCL,10/25/2017,185.0,185.0,183.0,185.0,0.0,1080.0,738.0,550.0
GFCL,10/29/2017,185.0,185.0,185.0,185.0,0.0,50.0,738.0,550.0
GFCL,10/31/2017,185.0,185.0,182.0,185.0,0.0,200.0,738.0,550.0
GFCL,11/1/2017,185.0,185.0,182.0,182.0,-1.62,250.0,738.0,550.0
GFCL,11/6/2017,182.0,182.0,182.0,182.0,0.0,500.0,738.0,550.0
GFCL,11/8/2017,182.0,180.0,177.0,177.0,-2.75,110.0,738.0,550.0
GFCL,11/9/2017,177.0,180.0,179.0,180.0,1.69,570.0,738.0,550.0
GFCL,11/12/2017,180.0,180.0,178.0,180.0,0.0,1753.0,738.0,550.0
GFCL,11/13/2017,180.0,186.0,183.0,186.0,3.33,110.0,738.0,550.0
GFCL,11/14/2017,186.0,183.0,183.0,183.0,-1.61,400.0,738.0,550.0
GFCL,11/16/2017,183.0,188.0,180.0,180.0,-1.64,3575.0,738.0,550.0
GFCL,11/19/2017,180.0,180.0,170.0,170.0,-5.56,4380.0,738.0,550.0
GFCL,11/20/2017,170.0,173.0,164.0,173.0,1.76,858.0,738.0,550.0
GFCL,11/21/2017,173.0,171.0,169.0,171.0,-1.16,1387.0,738.0,550.0
GFCL,11/22/2017,171.0,174.0,167.0,167.0,-2.34,3010.0,738.0,550.0
GFCL,11/23/2017,167.0,172.0,169.0,171.0,2.4,2404.0,738.0,550.0
GFCL,11/26/2017,171.0,174.0,170.0,170.0,-0.58,211.0,738.0,550.0
GFCL,11/27/2017,170.0,172.0,172.0,172.0,1.18,500.0,738.0,550.0
GFCL,11/28/2017,172.0,173.0,170.0,172.0,0.0,923.0,738.0,550.0
GFCL,11/29/2017,172.0,177.0,175.0,177.0,2.91,1531.0,738.0,550.0
GFCL,11/30/2017,177.0,180.0,175.0,175.0,-1.13,3050.0,738.0,550.0
GFCL,12/4/2017,175.0,172.0,172.0,172.0,-1.71,100.0,738.0,550.0
GFCL,12/5/2017,172.0,180.0,172.0,180.0,4.65,2027.0,738.0,550.0
GFCL,12/6/2017,180.0,181.0,177.0,180.0,0.0,880.0,738.0,550.0
GFCL,12/10/2017,180.0,183.0,173.0,177.0,-1.67,5824.0,738.0,550.0
GFCL,12/11/2017,161.0,158.0,155.0,158.0,-10.73,1443.0,738.0,550.0
GFCL,12/12/2017,158.0,160.0,158.0,160.0,1.27,170.0,738.0,550.0
GFCL,12/13/2017,160.0,163.0,154.0,163.0,1.88,775.0,738.0,550.0
GFCL,12/14/2017,163.0,166.0,163.0,163.0,0.0,179.0,738.0,550.0
GFCL,12/17/2017,163.0,160.0,160.0,160.0,-1.84,200.0,738.0,550.0
GFCL,12/18/2017,160.0,161.0,158.0,161.0,0.63,1100.0,738.0,550.0
GFCL,12/19/2017,161.0,164.0,161.0,161.0,0.0,170.0,738.0,550.0
GFCL,12/20/2017,161.0,160.0,158.0,158.0,-1.86,560.0,738.0,550.0
GFCL,12/24/2017,158.0,164.0,156.0,156.0,-1.27,2320.0,738.0,550.0
GFCL,12/26/2017,156.0,159.0,156.0,156.0,0.0,110.0,738.0,550.0
GFCL,12/27/2017,156.0,155.0,150.0,155.0,-0.64,715.0,738.0,550.0
GFCL,12/28/2017,155.0,152.0,149.0,149.0,-3.87,445.0,738.0,550.0
GFCL,12/31/2017,149.0,148.0,148.0,148.0,-0.67,70.0,738.0,550.0
GFCL,1/1/2018,148.0,153.0,148.0,153.0,3.38,1060.0,738.0,550.0
GFCL,1/2/2018,153.0,156.0,150.0,150.0,-1.96,1974.0,738.0,550.0
GFCL,1/3/2018,150.0,155.0,152.0,155.0,3.33,1000.0,738.0,550.0
GFCL,1/4/2018,155.0,153.0,150.0,150.0,-3.23,1681.0,738.0,550.0
GFCL,1/8/2018,150.0,153.0,145.0,145.0,-3.33,2371.0,738.0,550.0
GFCL,1/9/2018,145.0,151.0,147.0,151.0,4.14,4390.0,738.0,550.0
GFCL,1/10/2018,151.0,153.0,146.0,150.0,-0.66,3646.0,738.0,550.0
GFCL,1/14/2018,150.0,153.0,147.0,147.0,-2.0,3741.0,738.0,550.0
GFCL,1/16/2018,147.0,149.0,145.0,147.0,0.0,2344.0,738.0,550.0
GFCL,1/17/2018,147.0,145.0,145.0,145.0,-1.36,100.0,738.0,550.0
GFCL,1/21/2018,145.0,145.0,145.0,145.0,0.0,100.0,738.0,550.0
GFCL,1/23/2018,145.0,147.0,145.0,147.0,1.38,448.0,738.0,550.0
GFCL,1/24/2018,147.0,145.0,145.0,145.0,-1.36,300.0,738.0,550.0
GFCL,1/25/2018,145.0,147.0,145.0,147.0,1.38,1220.0,738.0,550.0
GFCL,1/28/2018,147.0,145.0,145.0,145.0,-1.36,1720.0,738.0,550.0
GFCL,1/29/2018,145.0,147.0,143.0,147.0,1.38,1135.0,738.0,550.0
GFCL,1/31/2018,147.0,149.0,149.0,149.0,1.36,200.0,738.0,550.0
GFCL,2/1/2018,149.0,151.0,148.0,151.0,1.34,518.0,738.0,550.0
GFCL,2/4/2018,151.0,154.0,152.0,152.0,0.66,130.0,738.0,550.0
GFCL,2/5/2018,152.0,151.0,148.0,148.0,-2.63,6881.0,738.0,550.0
GFCL,2/6/2018,148.0,146.0,146.0,146.0,-1.35,99.0,738.0,550.0
GFCL,2/7/2018,146.0,147.0,147.0,147.0,0.68,15.0,738.0,550.0
GFCL,2/11/2018,147.0,147.0,146.0,146.0,-0.68,75.0,738.0,550.0
GFCL,2/12/2018,146.0,147.0,147.0,147.0,0.68,91.0,738.0,550.0
GFCL,2/14/2018,147.0,148.0,145.0,145.0,-1.36,1440.0,738.0,550.0
GFCL,2/15/2018,145.0,151.0,147.0,151.0,4.14,506.0,738.0,550.0
GFCL,2/18/2018,154.0,155.0,151.0,151.0,0.0,2220.0,738.0,550.0
GFCL,2/21/2018,151.0,151.0,148.0,148.0,-1.99,150.0,738.0,550.0
GFCL,2/22/2018,148.0,148.0,148.0,148.0,0.0,30.0,738.0,550.0
GFCL,2/25/2018,150.0,150.0,147.0,147.0,-0.68,60.0,738.0,550.0
GFCL,2/27/2018,145.0,149.0,145.0,147.0,0.0,885.0,738.0,550.0
GFCL,2/28/2018,146.0,146.0,145.0,145.0,-1.36,600.0,738.0,550.0
GFCL,3/5/2018,144.0,144.0,142.0,142.0,-2.07,30.0,738.0,550.0
GFCL,3/6/2018,141.0,141.0,139.0,139.0,-2.11,430.0,738.0,550.0
GFCL,3/7/2018,140.0,144.0,138.0,141.0,1.44,6301.0,738.0,550.0
GFCL,3/11/2018,140.0,140.0,133.0,133.0,-5.67,261.0,738.0,550.0
GFCL,3/12/2018,135.0,135.0,133.0,133.0,0.0,910.0,738.0,550.0
GFCL,3/13/2018,135.0,135.0,135.0,135.0,1.5,100.0,738.0,550.0
GFCL,3/14/2018,137.0,137.0,136.0,136.0,0.74,770.0,738.0,550.0
GFCL,3/15/2018,136.0,136.0,135.0,135.0,-0.74,250.0,738.0,550.0
GFCL,3/18/2018,134.0,134.0,134.0,134.0,-0.74,200.0,738.0,550.0
GFCL,3/19/2018,132.0,133.0,132.0,132.0,-1.49,553.0,738.0,550.0
GFCL,3/20/2018,130.0,130.0,125.0,125.0,-5.3,1585.0,738.0,550.0
GFCL,3/21/2018,126.0,129.0,123.0,129.0,3.2,2220.0,738.0,550.0
GFCL,3/22/2018,129.0,132.0,126.0,126.0,-2.33,4350.0,738.0,550.0
GFCL,3/26/2018,124.0,125.0,122.0,122.0,-3.17,2065.0,738.0,550.0
GFCL,3/27/2018,121.0,122.0,118.0,122.0,0.0,4850.0,738.0,550.0
GFCL,3/28/2018,122.0,124.0,120.0,120.0,-1.64,7250.0,738.0,550.0
GFCL,3/29/2018,120.0,123.0,120.0,123.0,2.5,2260.0,738.0,550.0
GFCL,4/1/2018,123.0,124.0,122.0,122.0,-0.81,1761.0,738.0,550.0
GFCL,4/2/2018,124.0,126.0,123.0,126.0,3.28,635.0,738.0,550.0
GFCL,4/4/2018,128.0,132.0,128.0,132.0,4.76,420.0,738.0,550.0
GFCL,4/5/2018,134.0,136.0,131.0,133.0,0.76,1110.0,738.0,550.0
GFCL,4/8/2018,135.0,136.0,133.0,133.0,0.0,1260.0,738.0,550.0
GFCL,4/9/2018,135.0,135.0,130.0,130.0,-2.26,2616.0,738.0,550.0
GFCL,4/10/2018,130.0,132.0,128.0,129.0,-0.77,1562.0,738.0,550.0
GFCL,4/11/2018,129.0,129.0,129.0,129.0,0.0,395.0,738.0,550.0
GFCL,4/12/2018,130.0,132.0,130.0,132.0,2.33,1750.0,738.0,550.0
GFCL,4/15/2018,130.0,130.0,130.0,130.0,-1.52,692.0,738.0,550.0
GFCL,4/16/2018,132.0,134.0,132.0,134.0,3.08,1196.0,738.0,550.0
GFCL,4/17/2018,136.0,138.0,135.0,137.0,2.24,3620.0,738.0,550.0
GFCL,4/18/2018,139.0,143.0,139.0,143.0,4.38,466.0,738.0,550.0
GFCL,4/19/2018,141.0,141.0,139.0,141.0,-1.4,280.0,738.0,550.0
GFCL,4/22/2018,141.0,144.0,140.0,144.0,2.13,5510.0,738.0,550.0
GFCL,4/23/2018,144.0,146.0,141.0,144.0,0.0,3352.0,738.0,550.0
GFCL,4/24/2018,142.0,142.0,142.0,142.0,-1.39,64.0,738.0,550.0
GFCL,5/2/2018,140.0,140.0,138.0,138.0,-2.82,58.0,738.0,550.0
GFCL,5/3/2018,138.0,140.0,136.0,138.0,0.0,2695.0,738.0,550.0
GFCL,5/6/2018,136.0,136.0,136.0,136.0,-1.45,300.0,738.0,550.0
GFCL,5/7/2018,134.0,136.0,130.0,136.0,0.0,1185.0,738.0,550.0
GFCL,5/8/2018,136.0,138.0,134.0,138.0,1.47,1436.0,738.0,550.0
GFCL,5/9/2018,138.0,138.0,138.0,138.0,0.0,107.0,738.0,550.0
GFCL,5/10/2018,136.0,136.0,132.0,133.0,-3.62,3008.0,738.0,550.0
GFCL,5/14/2018,131.0,131.0,127.0,128.0,-3.76,1691.0,738.0,550.0
GFCL,5/16/2018,127.0,127.0,127.0,127.0,-0.78,74.0,738.0,550.0
GFCL,5/17/2018,129.0,129.0,126.0,126.0,-0.79,1054.0,738.0,550.0
GFCL,5/20/2018,125.0,125.0,124.0,124.0,-1.59,550.0,738.0,550.0
GFCL,5/21/2018,124.0,127.0,124.0,125.0,0.81,3369.0,738.0,550.0
GFCL,5/22/2018,126.0,126.0,123.0,123.0,-1.6,2150.0,738.0,550.0
GFCL,5/23/2018,125.0,125.0,125.0,125.0,1.63,91.0,738.0,550.0
GFCL,5/24/2018,126.0,126.0,125.0,125.0,0.0,560.0,738.0,550.0
GFCL,5/27/2018,123.0,125.0,123.0,125.0,0.0,204.0,738.0,550.0
GFCL,5/28/2018,127.0,129.0,125.0,129.0,3.2,554.0,738.0,550.0
GFCL,5/29/2018,127.0,127.0,127.0,127.0,-1.55,1400.0,738.0,550.0
GFCL,5/30/2018,125.0,127.0,125.0,127.0,0.0,202.0,738.0,550.0
GFCL,6/3/2018,125.0,125.0,125.0,125.0,-1.57,200.0,738.0,550.0
GFCL,6/6/2018,123.0,123.0,123.0,123.0,-1.6,300.0,738.0,550.0
GFCL,6/7/2018,122.0,124.0,121.0,121.0,-1.63,1330.0,738.0,550.0
GFCL,6/10/2018,119.0,121.0,119.0,119.0,-1.65,350.0,738.0,550.0
GFCL,6/11/2018,117.0,119.0,117.0,119.0,0.0,1200.0,738.0,550.0
GFCL,6/12/2018,121.0,121.0,120.0,121.0,1.68,654.0,738.0,550.0
GFCL,6/13/2018,123.0,125.0,123.0,125.0,3.31,2840.0,738.0,550.0
GFCL,6/14/2018,127.0,127.0,123.0,123.0,-1.6,284.0,738.0,550.0
GFCL,6/17/2018,121.0,121.0,121.0,121.0,-1.63,46.0,738.0,550.0
GFCL,6/18/2018,120.0,122.0,120.0,122.0,0.83,674.0,738.0,550.0
GFCL,6/19/2018,122.0,122.0,120.0,120.0,-1.64,75.0,738.0,550.0
GFCL,6/21/2018,122.0,124.0,122.0,124.0,3.33,2080.0,738.0,550.0
GFCL,6/24/2018,124.0,128.0,124.0,128.0,3.23,6060.0,738.0,550.0
GFCL,6/25/2018,128.0,128.0,126.0,126.0,-1.56,4060.0,738.0,550.0
GFCL,6/26/2018,124.0,124.0,124.0,124.0,-1.59,326.0,738.0,550.0
GFCL,6/28/2018,125.0,125.0,123.0,123.0,-0.81,207.0,738.0,550.0
GFCL,7/1/2018,121.0,123.0,121.0,123.0,0.0,530.0,738.0,550.0
GFCL,7/2/2018,122.0,122.0,120.0,120.0,-2.44,970.0,738.0,550.0
GFCL,7/3/2018,122.0,122.0,122.0,122.0,1.67,290.0,738.0,550.0
GFCL,7/4/2018,122.0,124.0,122.0,124.0,1.64,2403.0,738.0,550.0
GFCL,7/5/2018,126.0,126.0,125.0,126.0,1.61,153.0,738.0,550.0
GFCL,7/8/2018,124.0,124.0,122.0,122.0,-3.17,700.0,738.0,550.0
GFCL,7/9/2018,120.0,120.0,120.0,120.0,-1.64,3000.0,738.0,550.0
GFCL,7/10/2018,122.0,122.0,120.0,120.0,0.0,116.0,738.0,550.0
GFCL,7/11/2018,122.0,124.0,122.0,122.0,1.67,300.0,738.0,550.0
GFCL,7/12/2018,120.0,122.0,120.0,122.0,0.0,42.0,738.0,550.0
GFCL,7/15/2018,120.0,120.0,118.0,120.0,-1.64,667.0,738.0,550.0
GFCL,7/16/2018,122.0,122.0,121.0,122.0,1.67,2135.0,738.0,550.0
GFCL,7/17/2018,124.0,128.0,124.0,126.0,3.28,2780.0,738.0,550.0
GFCL,7/19/2018,124.0,124.0,123.0,123.0,-2.38,1956.0,738.0,550.0
GFCL,7/22/2018,121.0,123.0,121.0,123.0,0.0,238.0,738.0,550.0
GFCL,7/24/2018,123.0,126.0,123.0,124.0,0.81,2378.0,738.0,550.0
GFCL,7/25/2018,126.0,127.0,123.0,123.0,-0.81,2463.0,738.0,550.0
GFCL,7/26/2018,125.0,127.0,123.0,123.0,0.0,4341.0,738.0,550.0
GFCL,7/29/2018,125.0,125.0,122.0,122.0,-0.81,2791.0,738.0,550.0
GFCL,7/30/2018,123.0,124.0,122.0,124.0,1.64,1427.0,738.0,550.0
GFCL,7/31/2018,126.0,127.0,125.0,127.0,2.42,855.0,738.0,550.0
GFCL,8/1/2018,125.0,125.0,123.0,123.0,-3.15,4200.0,738.0,550.0
GFCL,8/2/2018,125.0,125.0,125.0,125.0,1.63,340.0,738.0,550.0
GFCL,8/5/2018,123.0,123.0,123.0,123.0,-1.6,1000.0,738.0,550.0
GFCL,8/6/2018,122.0,122.0,122.0,122.0,-0.81,220.0,738.0,550.0
GFCL,8/7/2018,120.0,120.0,120.0,120.0,-1.64,700.0,738.0,550.0
GFCL,8/8/2018,121.0,122.0,119.0,122.0,1.67,2940.0,738.0,550.0
GFCL,8/9/2018,123.0,123.0,122.0,122.0,0.0,605.0,738.0,550.0
GFCL,8/12/2018,120.0,120.0,118.0,118.0,-3.28,7789.0,738.0,550.0
GFCL,8/13/2018,118.0,124.0,118.0,122.0,3.39,1509.0,738.0,550.0
GFCL,8/14/2018,124.0,128.0,124.0,127.0,4.1,3902.0,738.0,550.0
GFCL,8/15/2018,126.0,128.0,125.0,127.0,0.0,2140.0,738.0,550.0
GFCL,8/16/2018,127.0,129.0,127.0,127.0,0.0,1077.0,738.0,550.0
GFCL,8/19/2018,125.0,129.0,125.0,129.0,1.57,4800.0,738.0,550.0
GFCL,8/20/2018,127.0,128.0,125.0,126.0,-2.33,5766.0,738.0,550.0
GFCL,8/21/2018,124.0,125.0,124.0,124.0,-1.59,2095.0,738.0,550.0
GFCL,8/22/2018,122.0,123.0,121.0,123.0,-0.81,174.0,738.0,550.0
GFCL,8/23/2018,121.0,122.0,121.0,122.0,-0.81,1092.0,738.0,550.0
GFCL,8/29/2018,122.0,122.0,122.0,122.0,0.0,346.0,738.0,550.0
GFCL,8/30/2018,122.0,122.0,122.0,122.0,0.0,200.0,738.0,550.0
GFCL,9/5/2018,124.0,124.0,124.0,124.0,1.64,50.0,738.0,550.0
GFCL,9/6/2018,126.0,126.0,124.0,124.0,0.0,159.0,738.0,550.0
GFCL,9/9/2018,123.0,123.0,123.0,123.0,-0.81,500.0,738.0,550.0
GFCL,9/13/2018,123.0,127.0,123.0,127.0,3.25,600.0,738.0,550.0
GFCL,9/16/2018,129.0,129.0,129.0,129.0,1.57,110.0,738.0,550.0
GFCL,9/18/2018,131.0,131.0,127.0,127.0,-1.55,770.0,738.0,550.0
GFCL,9/20/2018,125.0,125.0,125.0,125.0,-1.57,99.0,738.0,550.0
GFCL,9/25/2018,123.0,127.0,123.0,127.0,1.6,2317.0,738.0,550.0
GFCL,9/26/2018,129.0,131.0,129.0,129.0,1.57,86.0,738.0,550.0
GFCL,9/27/2018,127.0,127.0,126.0,126.0,-2.33,982.0,738.0,550.0
GFCL,9/30/2018,126.0,126.0,126.0,126.0,0.0,500.0,738.0,550.0
GFCL,10/1/2018,128.0,128.0,126.0,126.0,0.0,907.0,738.0,550.0
GFCL,10/2/2018,128.0,128.0,126.0,126.0,0.0,2150.0,738.0,550.0
GFCL,10/3/2018,126.0,126.0,125.0,125.0,-0.79,435.0,738.0,550.0
GFCL,10/4/2018,124.0,124.0,124.0,124.0,-0.8,300.0,738.0,550.0
GFCL,10/7/2018,125.0,125.0,122.0,122.0,-1.61,2005.0,738.0,550.0
GFCL,10/8/2018,120.0,124.0,120.0,124.0,1.64,1303.0,738.0,550.0
GFCL,10/9/2018,126.0,126.0,126.0,126.0,1.61,1815.0,738.0,550.0
GFCL,10/10/2018,128.0,128.0,128.0,128.0,1.59,200.0,738.0,550.0
GFCL,10/23/2018,126.0,126.0,126.0,126.0,-1.56,20.0,738.0,550.0
GFCL,10/24/2018,128.0,129.0,127.0,127.0,0.79,2457.0,738.0,550.0
GFCL,10/25/2018,129.0,129.0,128.0,128.0,0.79,500.0,738.0,550.0
GFCL,10/28/2018,128.0,129.0,128.0,129.0,0.78,1330.0,738.0,550.0
GFCL,10/29/2018,130.0,130.0,128.0,128.0,-0.78,530.0,738.0,550.0
GFCL,10/30/2018,127.0,128.0,126.0,127.0,-0.78,1126.0,738.0,550.0
GFCL,11/4/2018,125.0,127.0,125.0,126.0,-0.79,5904.0,738.0,550.0
GFCL,11/14/2018,124.0,126.0,124.0,124.0,-1.59,120.0,738.0,550.0
GFCL,11/15/2018,122.0,122.0,122.0,122.0,-1.61,15.0,738.0,550.0
GFCL,11/18/2018,120.0,120.0,120.0,120.0,-1.64,142.0,738.0,550.0
GFCL,11/21/2018,119.0,120.0,119.0,120.0,0.0,350.0,738.0,550.0
GFCL,11/25/2018,122.0,122.0,118.0,118.0,-1.67,1824.0,738.0,550.0
GFCL,11/27/2018,119.0,119.0,118.0,118.0,0.0,650.0,738.0,550.0
GFCL,11/29/2018,116.0,116.0,116.0,116.0,-1.69,837.0,738.0,550.0
GFCL,12/2/2018,115.0,117.0,115.0,115.0,-0.86,1058.0,738.0,550.0
GFCL,12/5/2018,117.0,117.0,117.0,117.0,1.74,958.0,738.0,550.0
GFCL,12/6/2018,119.0,119.0,119.0,119.0,1.71,500.0,738.0,550.0
GFCL,12/9/2018,118.0,118.0,118.0,118.0,-0.84,348.0,738.0,550.0
GFCL,12/10/2018,120.0,121.0,120.0,121.0,2.54,30.0,738.0,550.0
GFCL,12/12/2018,123.0,123.0,123.0,123.0,1.65,12.0,738.0,550.0
GFCL,12/13/2018,125.0,125.0,124.0,124.0,0.81,120.0,738.0,550.0
GFCL,12/16/2018,125.0,125.0,125.0,125.0,0.81,214.0,738.0,550.0
GFCL,12/20/2018,123.0,123.0,123.0,123.0,-1.6,55.0,738.0,550.0
GFCL,12/23/2018,123.0,123.0,123.0,123.0,0.0,98.0,738.0,550.0
GFCL,12/24/2018,123.0,123.0,123.0,123.0,0.0,500.0,738.0,550.0
GFCL,12/25/2018,121.0,121.0,121.0,121.0,-1.63,30.0,738.0,550.0
GFCL,12/26/2018,123.0,123.0,121.0,121.0,0.0,104.0,738.0,550.0
GFCL,12/27/2018,121.0,123.0,121.0,123.0,1.65,1340.0,738.0,550.0
GFCL,12/30/2018,121.0,121.0,119.0,121.0,-1.63,766.0,738.0,550.0
GFCL,1/1/2019,120.0,121.0,119.0,119.0,-1.65,353.0,738.0,550.0
GFCL,1/6/2019,118.0,118.0,117.0,117.0,-1.68,865.0,738.0,550.0
GFCL,1/10/2019,117.0,117.0,117.0,117.0,0.0,485.0,738.0,550.0
GFCL,1/14/2019,119.0,121.0,119.0,121.0,3.42,309.0,738.0,550.0
GFCL,1/15/2019,119.0,122.0,119.0,122.0,0.83,1010.0,738.0,550.0
GFCL,1/17/2019,122.0,122.0,120.0,120.0,-1.64,300.0,738.0,550.0
GFCL,1/24/2019,120.0,123.0,120.0,123.0,2.5,1512.0,738.0,550.0
GFCL,1/27/2019,122.0,122.0,121.0,122.0,-0.81,32.0,738.0,550.0
GFCL,1/28/2019,120.0,121.0,119.0,121.0,-0.82,1157.0,738.0,550.0
GFCL,1/29/2019,121.0,123.0,121.0,122.0,0.83,1324.0,738.0,550.0
GFCL,1/30/2019,124.0,124.0,122.0,122.0,0.0,244.0,738.0,550.0
GFCL,1/31/2019,121.0,121.0,120.0,120.0,-1.64,800.0,738.0,550.0
GFCL,2/3/2019,118.0,120.0,118.0,120.0,0.0,620.0,738.0,550.0
GFCL,2/4/2019,122.0,122.0,118.0,118.0,-1.67,390.0,738.0,550.0
GFCL,2/5/2019,120.0,122.0,120.0,122.0,3.39,450.0,738.0,550.0
GFCL,2/6/2019,121.0,121.0,119.0,120.0,-1.64,630.0,738.0,550.0
GFCL,2/7/2019,122.0,122.0,121.0,121.0,0.83,82.0,738.0,550.0
GFCL,2/10/2019,121.0,121.0,117.0,117.0,-3.31,3296.0,738.0,550.0
GFCL,2/11/2019,116.0,119.0,115.0,119.0,1.71,1414.0,738.0,550.0
GFCL,2/12/2019,117.0,118.0,117.0,118.0,-0.84,1210.0,738.0,550.0
GFCL,2/13/2019,117.0,117.0,116.0,116.0,-1.69,1400.0,738.0,550.0
GFCL,2/14/2019,116.0,116.0,115.0,115.0,-0.86,644.0,738.0,550.0
GFCL,2/19/2019,114.0,115.0,114.0,115.0,0.0,748.0,738.0,550.0
GFCL,2/20/2019,116.0,117.0,115.0,115.0,0.0,1251.0,738.0,550.0
GFCL,2/21/2019,113.0,113.0,113.0,113.0,-1.74,169.0,738.0,550.0
GFCL,2/24/2019,113.0,114.0,113.0,114.0,0.88,190.0,738.0,550.0
GFCL,2/25/2019,112.0,112.0,111.0,111.0,-2.63,763.0,738.0,550.0
GFCL,2/26/2019,111.0,111.0,111.0,111.0,0.0,21.0,738.0,550.0
GFCL,3/3/2019,111.0,112.0,111.0,111.0,0.0,1350.0,738.0,550.0
GFCL,3/5/2019,113.0,113.0,113.0,113.0,1.8,100.0,738.0,550.0
GFCL,3/6/2019,112.0,116.0,112.0,116.0,2.65,700.0,738.0,550.0
GFCL,3/7/2019,118.0,118.0,114.0,114.0,-1.72,1257.0,738.0,550.0
GFCL,3/11/2019,114.0,116.0,114.0,114.0,0.0,1859.0,738.0,550.0
GFCL,3/13/2019,116.0,120.0,116.0,120.0,5.26,50.0,738.0,550.0
GFCL,3/14/2019,119.0,119.0,119.0,119.0,-0.83,148.0,738.0,550.0
GFCL,3/17/2019,121.0,121.0,121.0,121.0,1.68,90.0,738.0,550.0
GFCL,3/18/2019,119.0,120.0,118.0,118.0,-2.48,800.0,738.0,550.0
GFCL,3/19/2019,118.0,118.0,117.0,117.0,-0.85,238.0,738.0,550.0
GFCL,3/21/2019,117.0,120.0,117.0,120.0,2.56,582.0,738.0,550.0
GFCL,3/24/2019,119.0,119.0,119.0,119.0,-0.83,406.0,738.0,550.0
GFCL,3/25/2019,117.0,119.0,117.0,118.0,-0.84,788.0,738.0,550.0
GFCL,3/27/2019,115.0,115.0,115.0,115.0,-2.54,88.0,738.0,550.0
GFCL,4/1/2019,117.0,120.0,117.0,120.0,4.35,1095.0,738.0,550.0
GFCL,4/2/2019,120.0,120.0,120.0,120.0,0.0,330.0,738.0,550.0
GFCL,4/3/2019,122.0,122.0,120.0,120.0,0.0,1146.0,738.0,550.0
GFCL,4/4/2019,119.0,123.0,119.0,123.0,2.5,120.0,738.0,550.0
GFCL,4/7/2019,121.0,121.0,121.0,121.0,-1.63,69.0,738.0,550.0
GFCL,4/8/2019,120.0,123.0,120.0,123.0,1.65,1458.0,738.0,550.0
GFCL,4/9/2019,123.0,123.0,121.0,121.0,-1.63,115.0,738.0,550.0
GFCL,4/11/2019,120.0,122.0,120.0,122.0,0.83,981.0,738.0,550.0
GFCL,4/15/2019,120.0,120.0,120.0,120.0,-1.64,1055.0,738.0,550.0
GFCL,4/17/2019,122.0,124.0,120.0,120.0,0.0,1200.0,738.0,550.0
GFCL,4/18/2019,119.0,120.0,119.0,120.0,0.0,1100.0,738.0,550.0
GFCL,4/21/2019,118.0,120.0,118.0,119.0,-0.83,1363.0,738.0,550.0
GFCL,4/23/2019,119.0,119.0,119.0,119.0,0.0,100.0,738.0,550.0
GFCL,4/24/2019,121.0,123.0,121.0,123.0,3.36,86.0,738.0,550.0
GFCL,4/25/2019,121.0,123.0,121.0,123.0,0.0,491.0,738.0,550.0
GFCL,4/28/2019,121.0,121.0,121.0,121.0,-1.63,800.0,738.0,550.0
GFCL,4/29/2019,119.0,121.0,119.0,119.0,-1.65,1880.0,738.0,550.0
GFCL,4/30/2019,119.0,119.0,119.0,119.0,0.0,30.0,738.0,550.0
GFCL,5/2/2019,119.0,119.0,119.0,119.0,0.0,20.0,738.0,550.0
GFCL,5/5/2019,118.0,118.0,117.0,117.0,-1.68,220.0,738.0,550.0
GFCL,5/6/2019,118.0,120.0,118.0,120.0,2.56,4651.0,738.0,550.0
GFCL,5/7/2019,120.0,120.0,119.0,119.0,-0.83,1758.0,738.0,550.0
GFCL,5/8/2019,119.0,120.0,119.0,119.0,0.0,430.0,738.0,550.0
GFCL,5/9/2019,119.0,119.0,119.0,119.0,0.0,814.0,738.0,550.0
GFCL,5/12/2019,119.0,121.0,119.0,121.0,1.68,200.0,738.0,550.0
GFCL,5/13/2019,121.0,121.0,119.0,119.0,-1.65,483.0,738.0,550.0
GFCL,5/14/2019,121.0,122.0,120.0,122.0,2.52,1143.0,738.0,550.0
GFCL,5/15/2019,122.0,124.0,122.0,124.0,1.64,267.0,738.0,550.0
GFCL,5/16/2019,126.0,128.0,126.0,127.0,2.42,1530.0,738.0,550.0
GFCL,5/19/2019,125.0,125.0,121.0,121.0,-4.72,4548.0,738.0,550.0
GFCL,5/20/2019,123.0,123.0,122.0,122.0,0.83,2045.0,738.0,550.0
GFCL,5/21/2019,120.0,126.0,118.0,126.0,3.28,1526.0,738.0,550.0
GFCL,5/22/2019,128.0,128.0,123.0,123.0,-2.38,2082.0,738.0,550.0
GFCL,5/23/2019,122.0,123.0,122.0,123.0,0.0,1050.0,738.0,550.0
GFCL,5/26/2019,122.0,123.0,121.0,121.0,-1.63,1038.0,738.0,550.0
GFCL,5/27/2019,122.0,124.0,122.0,124.0,2.48,740.0,738.0,550.0
GFCL,5/28/2019,124.0,125.0,124.0,124.0,0.0,552.0,738.0,550.0
GFCL,5/29/2019,125.0,130.0,125.0,126.0,1.61,2026.0,738.0,550.0
GFCL,5/30/2019,126.0,126.0,124.0,125.0,-0.79,1579.0,738.0,550.0
GFCL,6/2/2019,127.0,129.0,127.0,129.0,3.2,1615.0,738.0,550.0
GFCL,6/3/2019,127.0,127.0,125.0,125.0,-3.1,867.0,738.0,550.0
GFCL,6/4/2019,127.0,127.0,125.0,125.0,0.0,1288.0,738.0,550.0
GFCL,6/6/2019,127.0,137.0,127.0,137.0,9.6,2888.0,738.0,550.0
GFCL,6/10/2019,139.0,141.0,136.0,138.0,0.73,3677.0,738.0,550.0
GFCL,6/11/2019,136.0,136.0,133.0,136.0,-1.45,1681.0,738.0,550.0
GFCL,6/13/2019,135.0,135.0,135.0,135.0,-0.74,270.0,738.0,550.0
GFCL,6/16/2019,135.0,135.0,134.0,134.0,-0.74,152.0,738.0,550.0
GFCL,6/17/2019,132.0,132.0,126.0,128.0,-4.48,1513.0,738.0,550.0
GFCL,6/18/2019,126.0,128.0,126.0,128.0,0.0,1002.0,738.0,550.0
GFCL,6/19/2019,130.0,130.0,128.0,128.0,0.0,30.0,738.0,550.0
GFCL,6/20/2019,130.0,130.0,128.0,128.0,0.0,120.0,738.0,550.0
GFCL,6/23/2019,129.0,129.0,128.0,128.0,0.0,544.0,738.0,550.0
GFCL,6/24/2019,129.0,131.0,129.0,131.0,2.34,2823.0,738.0,550.0
GFCL,6/25/2019,129.0,137.0,129.0,133.0,1.53,6593.0,738.0,550.0
GFCL,6/26/2019,131.0,133.0,130.0,130.0,-2.26,580.0,738.0,550.0
GFCL,6/27/2019,128.0,130.0,128.0,130.0,0.0,1575.0,738.0,550.0
GFCL,6/30/2019,129.0,130.0,129.0,129.0,-0.77,550.0,738.0,550.0
GFCL,7/1/2019,128.0,131.0,128.0,131.0,1.55,745.0,738.0,550.0
GFCL,7/2/2019,132.0,133.0,129.0,131.0,0.0,870.0,738.0,550.0
GFCL,7/3/2019,130.0,133.0,130.0,133.0,1.53,2092.0,738.0,550.0
GFCL,7/4/2019,133.0,133.0,133.0,133.0,0.0,500.0,738.0,550.0
GFCL,7/7/2019,132.0,132.0,132.0,132.0,-0.75,1389.0,738.0,550.0
GFCL,7/8/2019,134.0,134.0,133.0,133.0,0.76,1237.0,738.0,550.0
GFCL,7/10/2019,134.0,135.0,134.0,134.0,0.75,1113.0,738.0,550.0
GFCL,7/11/2019,133.0,133.0,132.0,133.0,-0.75,2599.0,738.0,550.0
GFCL,7/14/2019,135.0,135.0,133.0,133.0,0.0,147.0,738.0,550.0
GFCL,7/15/2019,135.0,135.0,135.0,135.0,1.5,633.0,738.0,550.0
GFCL,7/16/2019,133.0,135.0,129.0,135.0,0.0,650.0,738.0,550.0
GFCL,7/17/2019,135.0,135.0,135.0,135.0,0.0,276.0,738.0,550.0
GFCL,7/18/2019,136.0,137.0,135.0,135.0,0.0,1705.0,738.0,550.0
GFCL,7/22/2019,133.0,135.0,133.0,135.0,0.0,1651.0,738.0,550.0
GFCL,7/23/2019,134.0,134.0,133.0,133.0,-1.48,1304.0,738.0,550.0
GFCL,7/24/2019,135.0,137.0,134.0,134.0,0.75,54.0,738.0,550.0
GFCL,7/25/2019,134.0,134.0,134.0,134.0,0.0,100.0,738.0,550.0
GFCL,7/28/2019,132.0,132.0,132.0,132.0,-1.49,400.0,738.0,550.0
GFCL,7/29/2019,134.0,136.0,134.0,135.0,2.27,540.0,738.0,550.0
GFCL,7/30/2019,136.0,136.0,134.0,134.0,-0.74,647.0,738.0,550.0
GFCL,7/31/2019,136.0,137.0,136.0,137.0,2.24,286.0,738.0,550.0
GFCL,8/1/2019,136.0,136.0,134.0,134.0,-2.19,935.0,738.0,550.0
GFCL,8/4/2019,136.0,136.0,136.0,136.0,1.49,70.0,738.0,550.0
GFCL,8/5/2019,134.0,134.0,132.0,132.0,-2.94,1528.0,738.0,550.0
GFCL,8/6/2019,132.0,132.0,130.0,132.0,0.0,1100.0,738.0,550.0
GFCL,8/7/2019,133.0,133.0,133.0,133.0,0.76,247.0,738.0,550.0
GFCL,8/8/2019,131.0,131.0,129.0,130.0,-2.26,210.0,738.0,550.0
GFCL,8/11/2019,132.0,134.0,130.0,130.0,0.0,2707.0,738.0,550.0
GFCL,8/12/2019,132.0,136.0,132.0,136.0,4.62,239.0,738.0,550.0
GFCL,8/13/2019,136.0,138.0,136.0,136.0,0.0,270.0,738.0,550.0
GFCL,8/14/2019,134.0,134.0,132.0,132.0,-2.94,169.0,738.0,550.0
GFCL,8/15/2019,134.0,134.0,134.0,134.0,1.52,20.0,738.0,550.0
GFCL,8/18/2019,136.0,140.0,135.0,139.0,3.73,5492.0,738.0,550.0
GFCL,8/19/2019,141.0,141.0,139.0,141.0,1.44,2441.0,738.0,550.0
GFCL,8/20/2019,142.0,142.0,140.0,140.0,-0.71,421.0,738.0,550.0
GFCL,8/21/2019,139.0,141.0,139.0,141.0,0.71,6299.0,738.0,550.0
GFCL,8/22/2019,143.0,143.0,141.0,141.0,0.0,60.0,738.0,550.0
GFCL,8/25/2019,139.0,139.0,137.0,139.0,-1.42,1610.0,738.0,550.0
GFCL,8/26/2019,141.0,141.0,138.0,138.0,-0.72,1110.0,738.0,550.0
GFCL,8/27/2019,137.0,140.0,136.0,138.0,0.0,3112.0,738.0,550.0
GFCL,8/28/2019,140.0,140.0,138.0,138.0,0.0,120.0,738.0,550.0
GFCL,8/29/2019,144.0,144.0,136.0,138.0,0.0,2510.0,738.0,550.0
GFCL,9/1/2019,137.0,137.0,136.0,137.0,-0.72,835.0,738.0,550.0
GFCL,9/2/2019,137.0,140.0,137.0,140.0,2.19,5225.0,738.0,550.0
GFCL,9/3/2019,139.0,139.0,136.0,139.0,-0.71,3851.0,738.0,550.0
GFCL,9/4/2019,139.0,139.0,139.0,139.0,0.0,193.0,738.0,550.0
GFCL,9/5/2019,138.0,138.0,136.0,136.0,-2.16,750.0,738.0,550.0
GFCL,9/8/2019,136.0,139.0,136.0,139.0,2.21,3171.0,738.0,550.0
GFCL,9/9/2019,140.0,140.0,137.0,138.0,-0.72,1463.0,738.0,550.0
GFCL,9/10/2019,136.0,140.0,135.0,135.0,-2.17,4256.0,738.0,550.0
GFCL,9/11/2019,134.0,136.0,134.0,136.0,0.74,1250.0,738.0,550.0
GFCL,9/12/2019,138.0,140.0,135.0,139.0,2.21,1443.0,738.0,550.0
GFCL,9/15/2019,139.0,139.0,135.0,135.0,-2.88,2050.0,738.0,550.0
GFCL,9/16/2019,141.0,141.0,133.0,133.0,-1.48,1321.0,738.0,550.0
GFCL,9/17/2019,135.0,139.0,132.0,136.0,2.26,3335.0,738.0,550.0
GFCL,9/18/2019,130.0,137.0,130.0,137.0,0.74,1002.0,738.0,550.0
GFCL,9/19/2019,137.0,137.0,137.0,137.0,0.0,110.0,738.0,550.0
GFCL,9/22/2019,137.0,137.0,130.0,133.0,-2.92,2675.0,738.0,550.0
GFCL,9/23/2019,135.0,135.0,133.0,133.0,0.0,540.0,738.0,550.0
GFCL,9/24/2019,132.0,134.0,131.0,131.0,-1.5,3195.0,738.0,550.0
GFCL,9/25/2019,133.0,134.0,131.0,131.0,0.0,1076.0,738.0,550.0
GFCL,9/26/2019,132.0,132.0,132.0,132.0,0.76,400.0,738.0,550.0
GFCL,9/29/2019,133.0,134.0,133.0,133.0,0.76,900.0,738.0,550.0
GFCL,9/30/2019,135.0,139.0,135.0,137.0,3.01,170.0,738.0,550.0
GFCL,10/1/2019,135.0,139.0,133.0,135.0,-1.46,1175.0,738.0,550.0
GFCL,10/2/2019,133.0,133.0,131.0,131.0,-2.96,280.0,738.0,550.0
GFCL,10/3/2019,133.0,133.0,130.0,130.0,-0.76,4653.0,738.0,550.0
GFCL,10/10/2019,132.0,140.0,132.0,140.0,7.69,150.0,738.0,550.0
GFCL,10/14/2019,142.0,144.0,132.0,133.0,-5.0,6162.0,738.0,550.0
GFCL,10/15/2019,131.0,139.0,131.0,135.0,1.5,2602.0,738.0,550.0
GFCL,10/16/2019,133.0,134.0,131.0,131.0,-2.96,2700.0,738.0,550.0
GFCL,10/17/2019,133.0,136.0,132.0,132.0,0.76,400.0,738.0,550.0
GFCL,10/20/2019,134.0,138.0,134.0,134.0,1.52,2725.0,738.0,550.0
GFCL,10/21/2019,136.0,138.0,133.0,133.0,-0.75,210.0,738.0,550.0
GFCL,10/22/2019,135.0,137.0,135.0,135.0,1.5,110.0,738.0,550.0
GFCL,10/23/2019,137.0,141.0,137.0,141.0,4.44,100.0,738.0,550.0
GFCL,10/24/2019,139.0,139.0,137.0,137.0,-2.84,70.0,738.0,550.0
GFCL,10/31/2019,136.0,137.0,135.0,135.0,-1.46,535.0,738.0,550.0
GFCL,11/3/2019,133.0,133.0,133.0,133.0,-1.48,35.0,738.0,550.0
GFCL,11/4/2019,131.0,133.0,131.0,131.0,-1.5,1202.0,738.0,550.0
GFCL,11/5/2019,133.0,137.0,133.0,137.0,4.58,110.0,738.0,550.0
GFCL,11/6/2019,135.0,135.0,132.0,132.0,-3.65,2784.0,738.0,550.0
GFCL,11/7/2019,132.0,133.0,131.0,131.0,-0.76,3069.0,738.0,550.0
GFCL,11/11/2019,131.0,133.0,131.0,133.0,1.53,250.0,738.0,550.0
GFCL,11/12/2019,131.0,132.0,131.0,131.0,-1.5,225.0,738.0,550.0
GFCL,11/13/2019,131.0,131.0,129.0,130.0,-0.76,1778.0,738.0,550.0
GFCL,11/14/2019,132.0,140.0,132.0,139.0,6.92,255.0,738.0,550.0
GFCL,11/17/2019,137.0,137.0,131.0,131.0,-5.76,165.0,738.0,550.0
GFCL,11/18/2019,133.0,135.0,133.0,135.0,3.05,70.0,738.0,550.0
GFCL,11/19/2019,133.0,133.0,133.0,133.0,-1.48,340.0,738.0,550.0
GFCL,11/20/2019,135.0,135.0,135.0,135.0,1.5,50.0,738.0,550.0
GFCL,11/21/2019,133.0,133.0,133.0,133.0,-1.48,10.0,738.0,550.0
GFCL,11/24/2019,133.0,133.0,127.0,129.0,-3.01,4420.0,738.0,550.0
GFCL,11/25/2019,129.0,129.0,126.0,126.0,-2.33,1634.0,738.0,550.0
GFCL,11/26/2019,128.0,129.0,127.0,128.0,1.59,8573.0,738.0,550.0
GFCL,11/27/2019,130.0,130.0,130.0,130.0,1.56,415.0,738.0,550.0
GFCL,11/28/2019,129.0,129.0,128.0,128.0,-1.54,490.0,738.0,550.0
GFCL,12/1/2019,129.0,131.0,129.0,131.0,2.34,85.0,738.0,550.0
GFCL,12/2/2019,129.0,131.0,129.0,131.0,0.0,276.0,738.0,550.0
GFCL,12/3/2019,131.0,131.0,129.0,130.0,-0.76,452.0,738.0,550.0
GFCL,12/4/2019,130.0,131.0,130.0,131.0,0.77,423.0,738.0,550.0
GFCL,12/5/2019,129.0,131.0,129.0,131.0,0.0,1804.0,738.0,550.0
GFCL,12/8/2019,130.0,131.0,129.0,129.0,-1.53,260.0,738.0,550.0
GFCL,12/9/2019,131.0,133.0,130.0,132.0,2.33,1109.0,738.0,550.0
GFCL,12/10/2019,132.0,132.0,131.0,131.0,-0.76,410.0,738.0,550.0
GFCL,12/11/2019,131.0,136.0,131.0,136.0,3.82,1047.0,738.0,550.0
GFCL,12/12/2019,134.0,137.0,134.0,137.0,0.74,270.0,738.0,550.0
GFCL,12/15/2019,136.0,138.0,132.0,138.0,0.73,809.0,738.0,550.0
GFCL,12/16/2019,136.0,136.0,132.0,132.0,-4.35,124.0,738.0,550.0
GFCL,12/17/2019,132.0,132.0,132.0,132.0,0.0,52.0,738.0,550.0
GFCL,12/19/2019,134.0,137.0,134.0,137.0,3.79,333.0,738.0,550.0
GFCL,12/22/2019,138.0,138.0,135.0,135.0,-1.46,833.0,738.0,550.0
GFCL,12/23/2019,137.0,139.0,135.0,137.0,1.48,297.0,738.0,550.0
GFCL,12/24/2019,143.0,143.0,135.0,135.0,-1.46,2768.0,738.0,550.0
GFCL,12/25/2019,135.0,137.0,133.0,136.0,0.74,8133.0,738.0,550.0
GFCL,12/26/2019,136.0,136.0,134.0,135.0,-0.74,2500.0,738.0,550.0
GFCL,12/29/2019,135.0,137.0,133.0,136.0,0.74,6445.0,738.0,550.0
GFCL,12/30/2019,138.0,139.0,135.0,135.0,-0.74,2336.0,738.0,550.0
GFCL,12/31/2019,137.0,139.0,137.0,138.0,2.22,4510.0,738.0,550.0
GFCL,1/1/2020,136.0,136.0,130.0,130.0,-5.8,374.0,738.0,550.0
GFCL,1/2/2020,129.0,129.0,124.0,126.0,-3.08,340.0,738.0,550.0
GFCL,1/5/2020,127.0,136.0,127.0,128.0,1.59,404.0,738.0,550.0
GFCL,1/6/2020,128.0,128.0,128.0,128.0,0.0,100.0,738.0,550.0
GFCL,1/7/2020,130.0,134.0,130.0,130.0,1.56,3156.0,738.0,550.0
GFCL,1/8/2020,132.0,132.0,130.0,130.0,0.0,1586.0,738.0,550.0
GFCL,1/9/2020,132.0,134.0,132.0,132.0,1.54,322.0,738.0,550.0
GFCL,1/12/2020,132.0,134.0,130.0,133.0,0.76,3938.0,738.0,550.0
GFCL,1/13/2020,135.0,137.0,132.0,135.0,1.5,10993.0,738.0,550.0
GFCL,1/14/2020,135.0,141.0,133.0,141.0,4.44,4136.0,738.0,550.0
GFCL,1/15/2020,139.0,147.0,135.0,141.0,0.0,11096.0,738.0,550.0
GFCL,1/16/2020,143.0,147.0,139.0,141.0,0.0,4778.0,738.0,550.0
GFCL,1/19/2020,143.0,155.0,143.0,155.0,9.93,21422.0,738.0,550.0
GFCL,1/20/2020,152.0,155.0,147.0,151.0,-2.58,23606.0,738.0,550.0
GFCL,1/21/2020,151.0,154.0,146.0,148.0,-1.99,6188.0,738.0,550.0
GFCL,1/22/2020,149.0,154.0,147.0,152.0,2.7,5013.0,738.0,550.0
GFCL,1/23/2020,152.0,153.0,147.0,147.0,-3.29,4250.0,738.0,550.0
GFCL,1/26/2020,145.0,149.0,145.0,145.0,-1.36,2007.0,738.0,550.0
GFCL,1/27/2020,147.0,151.0,143.0,148.0,2.07,4043.0,738.0,550.0
GFCL,1/28/2020,150.0,152.0,146.0,146.0,-1.35,687.0,738.0,550.0
GFCL,1/29/2020,145.0,147.0,142.0,142.0,-2.74,1275.0,738.0,550.0
GFCL,1/30/2020,144.0,150.0,143.0,143.0,0.7,2977.0,738.0,550.0
GFCL,2/2/2020,144.0,148.0,144.0,146.0,2.1,2692.0,738.0,550.0
GFCL,2/3/2020,144.0,144.0,142.0,142.0,-2.74,70.0,738.0,550.0
GFCL,2/4/2020,144.0,153.0,144.0,148.0,4.23,2403.0,738.0,550.0
GFCL,2/5/2020,150.0,152.0,147.0,148.0,0.0,3226.0,738.0,550.0
GFCL,2/6/2020,150.0,150.0,144.0,149.0,0.68,1640.0,738.0,550.0
GFCL,2/9/2020,151.0,160.0,150.0,151.0,1.34,3248.0,738.0,550.0
GFCL,2/10/2020,150.0,150.0,146.0,146.0,-3.31,4440.0,738.0,550.0
GFCL,2/11/2020,148.0,150.0,146.0,147.0,0.68,4619.0,738.0,550.0
GFCL,2/12/2020,149.0,153.0,147.0,147.0,0.0,2298.0,738.0,550.0
GFCL,2/13/2020,149.0,157.0,147.0,148.0,0.68,1400.0,738.0,550.0
GFCL,2/16/2020,150.0,156.0,149.0,150.0,1.35,2270.0,738.0,550.0
GFCL,2/17/2020,147.0,156.0,147.0,152.0,1.33,7263.0,738.0,550.0
GFCL,2/18/2020,154.0,154.0,150.0,152.0,0.0,4669.0,738.0,550.0
GFCL,2/19/2020,152.0,163.0,152.0,153.0,0.66,3727.0,738.0,550.0
GFCL,2/20/2020,156.0,156.0,153.0,153.0,0.0,3484.0,738.0,550.0
GFCL,2/23/2020,155.0,161.0,152.0,158.0,3.27,12329.0,738.0,550.0
GFCL,2/24/2020,161.0,165.0,152.0,158.0,0.0,7378.0,738.0,550.0
GFCL,2/25/2020,157.0,165.0,157.0,165.0,4.43,9385.0,738.0,550.0
GFCL,2/26/2020,168.0,177.0,165.0,171.0,3.64,4877.0,738.0,550.0
GFCL,2/27/2020,170.0,172.0,167.0,169.0,-1.17,6568.0,738.0,550.0
GFCL,3/1/2020,170.0,175.0,170.0,171.0,1.18,12805.0,738.0,550.0
GFCL,3/2/2020,168.0,170.0,165.0,166.0,-2.92,2098.0,738.0,550.0
GFCL,3/3/2020,163.0,169.0,163.0,164.0,-1.2,12011.0,738.0,550.0
GFCL,3/4/2020,161.0,167.0,157.0,157.0,-4.27,8411.0,738.0,550.0
GFCL,3/5/2020,157.0,163.0,157.0,158.0,0.64,2399.0,738.0,550.0
GFCL,3/10/2020,155.0,155.0,155.0,155.0,-1.9,300.0,738.0,550.0
GFCL,3/11/2020,152.0,161.0,150.0,161.0,3.87,5865.0,738.0,550.0
GFCL,3/12/2020,160.0,160.0,157.0,157.0,-2.48,660.0,738.0,550.0
GFCL,3/15/2020,157.0,157.0,148.0,150.0,-4.46,2512.0,738.0,550.0
GFCL,3/16/2020,150.0,150.0,146.0,146.0,-2.67,3587.0,738.0,550.0
GFCL,3/17/2020,145.0,145.0,138.0,138.0,-5.48,9310.0,738.0,550.0
GFCL,3/18/2020,136.0,136.0,132.0,134.0,-2.9,6180.0,738.0,550.0
GFCL,3/19/2020,132.0,138.0,130.0,138.0,2.99,4430.0,738.0,550.0
GFCL,3/22/2020,136.0,136.0,136.0,136.0,-1.45,50.0,738.0,550.0
GFCL,5/13/2020,134.0,134.0,132.0,132.0,-2.94,72.0,738.0,550.0
GFCL,6/29/2020,134.0,142.0,134.0,140.0,6.06,5176.0,738.0,550.0
GFCL,6/30/2020,142.0,146.0,142.0,146.0,4.29,680.0,738.0,550.0
GFCL,7/1/2020,146.0,148.0,146.0,148.0,1.37,129.0,738.0,550.0
GFCL,7/2/2020,150.0,156.0,150.0,153.0,3.38,1972.0,738.0,550.0
GFCL,7/5/2020,153.0,158.0,148.0,148.0,-3.27,810.0,738.0,550.0
GFCL,7/6/2020,150.0,150.0,150.0,150.0,1.35,170.0,738.0,550.0
GFCL,7/7/2020,151.0,151.0,148.0,148.0,-1.33,6692.0,738.0,550.0
GFCL,7/8/2020,150.0,150.0,147.0,147.0,-0.68,1451.0,738.0,550.0
GFCL,7/9/2020,147.0,147.0,145.0,146.0,-0.68,1636.0,738.0,550.0
GFCL,7/12/2020,146.0,146.0,145.0,145.0,-0.68,300.0,738.0,550.0
GFCL,7/13/2020,147.0,147.0,145.0,145.0,0.0,3595.0,738.0,550.0
GFCL,7/14/2020,138.0,146.0,138.0,141.0,-2.76,6741.0,738.0,550.0
GFCL,7/15/2020,134.0,148.0,134.0,145.0,2.84,1550.0,738.0,550.0
GFCL,7/16/2020,144.0,153.0,144.0,150.0,3.45,2017.0,738.0,550.0
GFCL,7/20/2020,157.0,165.0,149.0,151.0,0.67,6656.0,738.0,550.0
GFCL,7/21/2020,154.0,159.0,151.0,152.0,0.66,5287.0,738.0,550.0
GFCL,7/22/2020,152.0,152.0,149.0,149.0,-1.97,1844.0,738.0,550.0
GFCL,7/23/2020,147.0,154.0,147.0,153.0,2.68,1365.0,738.0,550.0
GFCL,7/26/2020,155.0,158.0,151.0,158.0,3.27,8432.0,738.0,550.0
GFCL,7/27/2020,161.0,161.0,153.0,153.0,-3.16,5925.0,738.0,550.0
GFCL,7/28/2020,156.0,156.0,153.0,153.0,0.0,1680.0,738.0,550.0
GFCL,7/29/2020,152.0,154.0,152.0,154.0,0.65,2397.0,738.0,550.0
GFCL,7/30/2020,152.0,153.0,151.0,151.0,-1.95,1920.0,738.0,550.0
GFCL,8/2/2020,151.0,152.0,148.0,148.0,-1.99,3270.0,738.0,550.0
GFCL,8/3/2020,150.0,150.0,149.0,150.0,1.35,1434.0,738.0,550.0
GFCL,8/5/2020,148.0,149.0,145.0,145.0,-3.33,2011.0,738.0,550.0
GFCL,8/6/2020,147.0,150.0,145.0,145.0,0.0,2881.0,738.0,550.0
GFCL,8/9/2020,147.0,150.0,147.0,150.0,3.45,530.0,738.0,550.0
GFCL,8/10/2020,152.0,155.0,152.0,154.0,2.67,2672.0,738.0,550.0
GFCL,8/11/2020,153.0,155.0,152.0,154.0,0.0,10745.0,738.0,550.0
GFCL,8/12/2020,151.0,152.0,151.0,152.0,-1.3,867.0,738.0,550.0
GFCL,8/13/2020,152.0,152.0,151.0,151.0,-0.66,610.0,738.0,550.0
GFCL,8/16/2020,150.0,150.0,148.0,150.0,-0.66,2780.0,738.0,550.0
GFCL,8/17/2020,149.0,150.0,146.0,148.0,-1.33,3145.0,738.0,550.0
GFCL,8/18/2020,149.0,153.0,149.0,152.0,2.7,665.0,738.0,550.0
GFCL,8/19/2020,151.0,151.0,149.0,149.0,-1.97,6921.0,738.0,550.0
GFCL,8/20/2020,150.0,150.0,150.0,150.0,0.67,80.0,738.0,550.0
GFCL,8/23/2020,149.0,152.0,149.0,152.0,1.33,883.0,738.0,550.0
GFCL,8/24/2020,150.0,153.0,149.0,153.0,0.66,829.0,738.0,550.0
GFCL,8/25/2020,156.0,162.0,150.0,152.0,-0.65,2900.0,738.0,550.0
GFCL,8/26/2020,152.0,154.0,152.0,153.0,0.66,2310.0,738.0,550.0
GFCL,8/27/2020,152.0,152.0,151.0,152.0,-0.65,3023.0,738.0,550.0
GFCL,8/30/2020,154.0,154.0,154.0,154.0,1.32,10.0,738.0,550.0
GFCL,8/31/2020,151.0,153.0,150.0,151.0,-1.95,4344.0,738.0,550.0
GFCL,9/2/2020,151.0,156.0,151.0,154.0,1.99,5137.0,738.0,550.0
GFCL,9/3/2020,154.0,155.0,152.0,152.0,-1.3,6236.0,738.0,550.0
GFCL,9/6/2020,159.0,159.0,151.0,151.0,-0.66,3350.0,738.0,550.0
GFCL,9/7/2020,150.0,151.0,150.0,150.0,-0.66,2240.0,738.0,550.0
GFCL,9/8/2020,153.0,153.0,151.0,153.0,2.0,2573.0,738.0,550.0
GFCL,9/9/2020,151.0,159.0,151.0,159.0,3.92,11078.0,738.0,550.0
GFCL,9/10/2020,156.0,162.0,154.0,158.0,-0.63,3090.0,738.0,550.0
GFCL,9/13/2020,158.0,158.0,155.0,157.0,-0.63,1531.0,738.0,550.0
GFCL,9/14/2020,156.0,160.0,155.0,158.0,0.64,4855.0,738.0,550.0
GFCL,9/15/2020,159.0,160.0,157.0,158.0,0.0,3320.0,738.0,550.0
GFCL,9/16/2020,157.0,159.0,157.0,159.0,0.63,1630.0,738.0,550.0
GFCL,9/17/2020,161.0,174.0,160.0,174.0,9.43,41788.0,738.0,550.0
GFCL,9/20/2020,182.0,191.0,180.0,187.0,7.47,27177.0,738.0,550.0
GFCL,9/21/2020,196.0,196.0,180.0,183.0,-2.14,9104.0,738.0,550.0
GFCL,9/22/2020,183.0,185.0,173.0,176.0,-3.83,15973.0,738.0,550.0
GFCL,9/23/2020,176.0,178.0,171.0,177.0,0.57,12991.0,738.0,550.0
GFCL,9/24/2020,175.0,182.0,175.0,179.0,1.13,9410.0,738.0,550.0
GFCL,9/27/2020,182.0,195.0,180.0,187.0,4.47,18236.0,738.0,550.0
GFCL,9/28/2020,190.0,193.0,181.0,186.0,-0.53,22509.0,738.0,550.0
GFCL,9/29/2020,189.0,189.0,181.0,184.0,-1.08,17108.0,738.0,550.0
GFCL,9/30/2020,184.0,187.0,181.0,183.0,-0.54,10903.0,738.0,550.0
GFCL,10/1/2020,182.0,186.0,181.0,185.0,1.09,15585.0,738.0,550.0
GFCL,10/4/2020,185.0,187.0,183.0,185.0,0.0,7520.0,738.0,550.0
GFCL,10/5/2020,182.0,186.0,180.0,180.0,-2.7,24635.0,738.0,550.0
GFCL,10/6/2020,179.0,187.0,179.0,184.0,2.22,7939.0,738.0,550.0
GFCL,10/7/2020,182.0,197.0,181.0,194.0,5.43,23304.0,738.0,550.0
GFCL,10/8/2020,197.0,207.0,197.0,198.0,2.06,48156.0,738.0,550.0
GFCL,10/11/2020,200.0,208.0,196.0,205.0,3.54,60030.0,738.0,550.0
GFCL,10/12/2020,205.0,205.0,198.0,200.0,-2.44,14001.0,738.0,550.0
GFCL,10/13/2020,201.0,201.0,193.0,193.0,-3.5,19717.0,738.0,550.0
GFCL,10/14/2020,190.0,195.0,187.0,193.0,0.0,7810.0,738.0,550.0
GFCL,10/15/2020,196.0,196.0,186.0,190.0,-1.55,19659.0,738.0,550.0
GFCL,10/18/2020,190.0,193.0,188.0,189.0,-0.53,4287.0,738.0,550.0
GFCL,10/19/2020,192.0,192.0,190.0,192.0,1.59,2390.0,738.0,550.0
GFCL,10/20/2020,194.0,194.0,190.0,191.0,-0.52,5969.0,738.0,550.0
GFCL,10/21/2020,194.0,196.0,192.0,196.0,2.62,5030.0,738.0,550.0
GFCL,10/22/2020,197.0,199.0,195.0,197.0,0.51,9099.0,738.0,550.0
GFCL,10/28/2020,195.0,204.0,194.0,203.0,3.05,15230.0,738.0,550.0
GFCL,10/29/2020,206.0,206.0,199.0,200.0,-1.48,8259.0,738.0,550.0
GFCL,11/1/2020,200.0,200.0,195.0,198.0,-1.0,2630.0,738.0,550.0
GFCL,11/2/2020,201.0,203.0,194.0,195.0,-1.52,13959.0,738.0,550.0
GFCL,11/3/2020,198.0,204.0,197.0,201.0,3.08,5809.0,738.0,550.0
GFCL,11/4/2020,200.0,201.0,199.0,199.0,-1.0,4775.0,738.0,550.0
GFCL,11/5/2020,200.0,200.0,197.0,197.0,-1.01,5830.0,738.0,550.0
GFCL,11/8/2020,196.0,201.0,196.0,199.0,1.02,7639.0,738.0,550.0
GFCL,11/9/2020,199.0,199.0,197.0,199.0,0.0,3247.0,738.0,550.0
GFCL,11/10/2020,199.0,200.0,197.0,200.0,0.5,6720.0,738.0,550.0
GFCL,11/11/2020,204.0,210.0,201.0,210.0,5.0,56625.0,738.0,550.0
GFCL,11/12/2020,214.0,215.0,208.0,210.0,0.0,33815.0,738.0,550.0
GFCL,11/18/2020,206.0,213.0,206.0,212.0,0.95,22316.0,738.0,550.0
GFCL,11/19/2020,214.0,232.0,209.0,232.0,9.43,23919.0,738.0,550.0
GFCL,11/22/2020,232.0,234.0,212.0,221.0,-4.74,15781.0,738.0,550.0
GFCL,11/23/2020,221.0,221.0,210.0,212.0,-4.07,8574.0,738.0,550.0
GFCL,11/24/2020,212.0,221.0,212.0,220.0,3.77,20827.0,738.0,550.0
GFCL,11/25/2020,216.0,225.0,213.0,224.0,1.82,54633.0,738.0,550.0
GFCL,11/26/2020,225.0,225.0,216.0,219.0,-2.23,6130.0,738.0,550.0
GFCL,11/29/2020,219.0,233.0,216.0,225.0,2.74,19037.0,738.0,550.0
GFCL,11/30/2020,229.0,237.0,218.0,220.0,-2.22,8847.0,738.0,550.0
GFCL,12/1/2020,209.0,221.0,209.0,215.0,-2.27,8586.0,738.0,550.0
GFCL,12/2/2020,218.0,218.0,210.0,214.0,-0.47,12883.0,738.0,550.0
GFCL,12/3/2020,218.0,218.0,205.0,209.0,-2.34,12586.0,738.0,550.0
GFCL,12/6/2020,219.0,219.0,203.0,203.0,-2.87,6639.0,738.0,550.0
GFCL,12/7/2020,204.0,210.0,202.0,210.0,3.45,4771.0,738.0,550.0
GFCL,12/8/2020,213.0,213.0,203.0,203.0,-3.33,7514.0,738.0,550.0
GFCL,12/9/2020,207.0,207.0,201.0,204.0,0.49,1862.0,738.0,550.0
GFCL,12/10/2020,207.0,207.0,200.0,205.0,0.49,3313.0,738.0,550.0
GFCL,12/13/2020,205.0,206.0,200.0,205.0,0.0,18231.0,738.0,550.0
GFCL,12/14/2020,206.0,221.0,205.0,217.0,5.85,21977.0,738.0,550.0
GFCL,12/15/2020,217.0,223.0,212.0,215.0,-0.92,8242.0,738.0,550.0
GFCL,12/16/2020,212.0,214.0,208.0,208.0,-3.26,7302.0,738.0,550.0
GFCL,12/17/2020,206.0,212.0,205.0,207.0,-0.48,5171.0,738.0,550.0
GFCL,12/20/2020,205.0,225.0,204.0,204.0,-1.45,21283.0,738.0,550.0
GFCL,12/21/2020,200.0,214.0,197.0,212.0,3.92,12008.0,738.0,550.0
GFCL,12/22/2020,216.0,220.0,208.0,212.0,0.0,19894.0,738.0,550.0
GFCL,12/23/2020,208.0,211.0,207.0,211.0,-0.47,3199.0,738.0,550.0
GFCL,12/24/2020,212.0,212.0,204.0,209.0,-0.95,2986.0,738.0,550.0
GFCL,12/27/2020,207.0,210.0,205.0,206.0,-1.44,6174.0,738.0,550.0
GFCL,12/28/2020,204.0,207.0,203.0,207.0,0.49,2910.0,738.0,550.0
GFCL,12/29/2020,207.0,207.0,206.0,206.0,-0.48,13285.0,738.0,550.0
GFCL,12/30/2020,202.0,208.0,186.0,201.0,-2.43,10659.0,738.0,550.0
GFCL,12/31/2020,202.0,213.0,202.0,213.0,5.97,18932.0,738.0,550.0
GFCL,1/3/2021,196.0,198.0,192.0,198.0,-7.04,4255.0,738.0,550.0
GFCL,1/4/2021,198.0,198.0,194.0,194.0,-2.02,9020.0,738.0,550.0
GFCL,1/5/2021,193.0,196.0,192.0,193.0,-0.52,3084.0,738.0,550.0
GFCL,1/6/2021,195.0,196.0,193.0,193.0,0.0,1520.0,738.0,550.0
GFCL,1/7/2021,193.0,196.0,193.0,195.0,1.04,5284.0,738.0,550.0
GFCL,1/10/2021,195.0,203.0,195.0,199.0,2.05,10573.0,738.0,550.0
GFCL,1/11/2021,202.0,205.0,202.0,205.0,3.02,15509.0,738.0,550.0
GFCL,1/12/2021,208.0,209.0,205.0,207.0,0.98,9909.0,738.0,550.0
GFCL,1/13/2021,210.0,224.0,208.0,224.0,8.21,23605.0,738.0,550.0
GFCL,1/17/2021,224.0,232.0,220.0,228.0,1.79,29584.0,738.0,550.0
GFCL,1/18/2021,230.0,233.0,221.0,221.0,-3.07,25407.0,738.0,550.0
GFCL,1/19/2021,225.0,240.0,223.0,240.0,8.6,37714.0,738.0,550.0
GFCL,1/20/2021,236.0,257.0,232.0,249.0,3.75,27575.0,738.0,550.0
GFCL,1/21/2021,253.0,268.0,242.0,263.0,5.62,31828.0,738.0,550.0
GFCL,1/24/2021,276.0,281.0,262.0,280.0,6.46,69019.0,738.0,550.0
GFCL,1/25/2021,285.0,288.0,272.0,272.0,-2.86,23652.0,738.0,550.0
GFCL,1/26/2021,267.0,272.0,258.0,268.0,-1.47,19621.0,738.0,550.0
GFCL,1/27/2021,263.0,273.0,249.0,268.0,0.0,34346.0,738.0,550.0
GFCL,1/28/2021,268.0,268.0,252.0,252.0,-5.97,15000.0,738.0,550.0
GFCL,1/31/2021,257.0,257.0,231.0,233.0,-7.54,26095.0,738.0,550.0
GFCL,2/1/2021,235.0,256.0,235.0,250.0,7.3,22997.0,738.0,550.0
GFCL,2/2/2021,250.0,265.0,238.0,252.0,0.8,20065.0,738.0,550.0
GFCL,2/3/2021,254.0,257.0,239.0,245.0,-2.78,51542.0,738.0,550.0
GFCL,2/4/2021,257.0,257.0,239.0,240.0,-2.04,10977.0,738.0,550.0
GFCL,2/7/2021,240.0,252.0,240.0,249.0,3.75,13740.0,738.0,550.0
GFCL,2/8/2021,246.0,262.0,242.0,262.0,5.22,35784.0,738.0,550.0
GFCL,2/9/2021,263.0,288.0,252.0,271.0,3.44,40542.0,738.0,550.0
GFCL,2/10/2021,280.0,298.0,257.0,282.0,4.06,53672.0,738.0,550.0
GFCL,2/11/2021,280.0,284.0,265.0,270.0,-4.26,28969.0,738.0,550.0
GFCL,2/14/2021,265.0,279.0,265.0,275.0,1.85,14583.0,738.0,550.0
GFCL,2/15/2021,275.0,293.0,265.0,293.0,6.55,33323.0,738.0,550.0
GFCL,2/16/2021,288.0,298.0,280.0,298.0,1.71,26256.0,738.0,550.0
GFCL,2/17/2021,293.0,293.0,280.0,289.0,-3.02,14154.0,738.0,550.0
GFCL,2/18/2021,284.0,289.0,284.0,284.0,-1.73,11038.0,738.0,550.0
GFCL,2/21/2021,284.0,284.0,276.0,279.0,-1.76,15169.0,738.0,550.0
GFCL,2/22/2021,276.0,284.0,271.0,277.0,-0.72,33876.0,738.0,550.0
GFCL,2/23/2021,277.0,277.0,262.0,277.0,0.0,4777.0,738.0,550.0
GFCL,2/24/2021,278.0,280.0,267.0,272.0,-1.81,6491.0,738.0,550.0
GFCL,2/25/2021,274.0,274.0,261.0,261.0,-4.04,14207.0,738.0,550.0
GFCL,2/28/2021,256.0,256.0,250.0,250.0,-4.21,14562.0,738.0,550.0
GFCL,3/1/2021,249.0,260.0,249.0,259.0,3.6,7279.0,738.0,550.0
GFCL,3/2/2021,254.0,264.0,246.0,264.0,1.93,9189.0,738.0,550.0
GFCL,3/3/2021,259.0,267.0,245.0,267.0,1.14,14766.0,738.0,550.0
GFCL,3/4/2021,262.0,278.0,252.0,267.0,0.0,9422.0,738.0,550.0
GFCL,3/7/2021,262.0,270.0,257.0,270.0,1.12,6305.0,738.0,550.0
GFCL,3/9/2021,268.0,268.0,255.0,264.0,-2.22,6150.0,738.0,550.0
GFCL,3/10/2021,267.0,267.0,255.0,264.0,0.0,5825.0,738.0,550.0
GFCL,3/14/2021,259.0,264.0,250.0,258.0,-2.27,5340.0,738.0,550.0
GFCL,3/15/2021,253.0,254.0,245.0,254.0,-1.55,7589.0,738.0,550.0
GFCL,3/16/2021,258.0,258.0,248.0,252.0,-0.79,932.0,738.0,550.0
GFCL,3/17/2021,252.0,257.0,241.0,245.0,-2.78,22126.0,738.0,550.0
GFCL,3/18/2021,241.0,252.0,241.0,244.0,-0.41,5026.0,738.0,550.0
GFCL,3/21/2021,256.0,257.0,247.0,255.0,4.51,9068.0,738.0,550.0
GFCL,3/22/2021,252.0,253.0,250.0,250.0,-1.96,1635.0,738.0,550.0
GFCL,3/23/2021,248.0,252.0,244.0,250.0,0.0,5112.0,738.0,550.0
GFCL,3/24/2021,245.0,258.0,245.0,256.0,2.4,5779.0,738.0,550.0
GFCL,3/25/2021,251.0,255.0,249.0,252.0,-1.56,3602.0,738.0,550.0
GFCL,3/29/2021,251.0,256.0,250.0,256.0,1.59,1003.0,738.0,550.0
GFCL,3/30/2021,251.0,254.0,251.0,252.0,-1.56,1744.0,738.0,550.0
GFCL,3/31/2021,250.0,252.0,250.0,252.0,0.0,3870.0,738.0,550.0
GFCL,4/1/2021,252.0,256.0,252.0,254.0,0.79,6228.0,738.0,550.0
GFCL,4/4/2021,254.0,266.0,250.0,266.0,4.72,17609.0,738.0,550.0
GFCL,4/5/2021,275.0,275.0,260.0,260.0,-2.26,7802.0,738.0,550.0
GFCL,4/6/2021,259.0,264.0,258.0,262.0,0.77,7428.0,738.0,550.0
GFCL,4/7/2021,267.0,267.0,260.0,263.0,0.38,22019.0,738.0,550.0
GFCL,4/8/2021,262.0,280.0,262.0,273.0,3.8,21380.0,738.0,550.0
GFCL,4/12/2021,275.0,275.0,266.0,266.0,-2.56,8321.0,738.0,550.0
GFCL,4/13/2021,266.0,271.0,266.0,269.0,1.13,9854.0,738.0,550.0
GFCL,4/15/2021,269.0,290.0,269.0,275.0,2.23,54886.0,738.0,550.0
GFCL,4/18/2021,280.0,280.0,257.0,261.0,-5.09,100171.0,738.0,550.0
GFCL,4/19/2021,261.0,274.0,255.0,256.0,-1.92,26498.0,738.0,550.0
GFCL,4/20/2021,261.0,271.0,261.0,266.0,3.91,8454.0,738.0,550.0
GFCL,4/21/2021,266.0,270.0,258.0,259.0,-2.63,6919.0,738.0,550.0
GFCL,4/22/2021,260.0,265.0,258.0,263.0,1.54,11643.0,738.0,550.0
GFCL,4/25/2021,258.0,264.0,250.0,264.0,0.38,22303.0,738.0,550.0
GFCL,4/26/2021,260.0,274.0,249.0,274.0,3.79,23021.0,738.0,550.0
GFCL,4/27/2021,274.0,274.0,260.0,271.0,-1.09,32397.0,738.0,550.0
GFCL,4/28/2021,258.0,285.0,258.0,280.0,3.32,126209.0,738.0,550.0
GFCL,4/29/2021,278.0,284.0,275.0,281.0,0.36,33769.0,738.0,550.0
GFCL,5/2/2021,282.0,284.0,275.0,278.0,-1.07,55125.0,738.0,550.0
GFCL,5/3/2021,282.0,282.0,273.0,273.0,-1.8,27642.0,738.0,550.0
GFCL,5/4/2021,277.0,280.0,272.0,273.0,0.0,10756.0,738.0,550.0
GFCL,5/5/2021,273.0,278.0,273.0,278.0,1.83,20820.0,738.0,550.0
GFCL,5/6/2021,280.0,284.0,278.0,282.0,1.44,46335.0,738.0,550.0
GFCL,5/9/2021,285.0,285.0,280.0,283.0,0.35,32484.0,738.0,550.0
GFCL,5/10/2021,283.0,286.0,280.0,286.0,1.06,24855.0,738.0,550.0
GFCL,5/11/2021,287.0,296.0,286.0,295.0,3.15,39564.0,738.0,550.0
GFCL,5/12/2021,300.0,306.0,296.0,300.0,1.69,47447.0,738.0,550.0
GFCL,5/13/2021,300.0,318.0,300.0,317.0,5.67,70146.0,738.0,550.0
GFCL,5/16/2021,317.0,330.0,309.0,312.0,-1.58,81352.0,738.0,550.0
GFCL,5/17/2021,315.0,318.0,312.0,316.0,1.28,57183.0,738.0,550.0
GFCL,5/18/2021,331.0,347.0,320.0,347.0,9.81,171096.0,738.0,550.0
GFCL,5/19/2021,364.0,381.0,351.0,360.0,3.75,101734.0,738.0,550.0
GFCL,5/20/2021,353.0,396.0,348.0,396.0,10.0,142628.0,738.0,550.0
GFCL,5/23/2021,396.0,435.0,380.0,435.0,9.85,178565.0,738.0,550.0
GFCL,5/24/2021,456.0,456.0,404.0,416.0,-4.37,142614.0,738.0,550.0
GFCL,5/25/2021,416.0,423.0,407.0,410.0,-1.44,48150.0,738.0,550.0
GFCL,5/27/2021,411.0,424.0,388.0,422.0,2.93,79758.0,738.0,550.0
GFCL,5/30/2021,430.0,464.0,412.0,464.0,9.95,133454.0,738.0,550.0
GFCL,5/31/2021,487.0,487.0,439.0,448.0,-3.45,66809.0,738.0,550.0
GFCL,6/1/2021,445.0,456.0,432.0,436.0,-2.68,64709.0,738.0,550.0
GFCL,6/2/2021,436.0,475.0,435.0,475.0,8.94,116428.0,738.0,550.0
GFCL,6/3/2021,484.0,500.0,456.0,475.0,0.0,126805.0,738.0,550.0
GFCL,6/6/2021,498.0,522.0,458.0,522.0,9.89,175906.0,738.0,550.0
GFCL,6/7/2021,530.0,574.0,530.0,574.0,9.96,130396.0,738.0,550.0
GFCL,6/8/2021,602.0,631.0,602.0,631.0,9.93,112312.0,738.0,550.0
GFCL,6/9/2021,662.0,694.0,603.0,685.0,8.56,195673.0,738.0,550.0
GFCL,6/10/2021,698.0,740.0,668.0,733.0,7.01,122693.0,738.0,550.0
GFCL,6/13/2021,733.0,803.0,712.0,790.0,7.78,109464.0,738.0,550.0
GFCL,6/14/2021,776.0,800.0,757.0,757.0,-4.18,70371.0,738.0,550.0
GFCL,6/15/2021,751.0,763.0,701.0,716.0,-5.42,123444.0,738.0,550.0
GFCL,6/16/2021,702.0,756.0,645.0,657.0,-8.24,108033.0,738.0,550.0
GFCL,6/17/2021,689.0,704.0,650.0,684.0,4.11,68264.0,738.0,550.0
GFCL,6/20/2021,718.0,718.0,626.0,639.0,-6.58,61176.0,738.0,550.0
GFCL,6/21/2021,640.0,662.0,605.0,605.0,-5.32,70226.0,738.0,550.0
GFCL,6/22/2021,610.0,661.0,595.0,652.0,7.77,45497.0,738.0,550.0
GFCL,6/23/2021,665.0,665.0,610.0,624.0,-4.29,43149.0,738.0,550.0
GFCL,6/24/2021,635.0,635.0,608.0,609.0,-2.4,26025.0,738.0,550.0
GFCL,6/27/2021,610.0,621.0,591.0,600.0,-1.48,30819.0,738.0,550.0
GFCL,6/28/2021,610.0,615.0,580.0,582.0,-3.0,29632.0,738.0,550.0
GFCL,6/29/2021,575.0,575.0,540.0,545.0,-6.36,48414.0,738.0,550.0
GFCL,6/30/2021,518.0,590.0,518.0,568.0,4.22,51643.0,738.0,550.0
GFCL,7/1/2021,575.0,624.0,575.0,621.0,9.33,76062.0,738.0,550.0
GFCL,7/4/2021,625.0,671.0,625.0,628.0,1.13,85617.0,738.0,550.0
GFCL,7/5/2021,640.0,640.0,609.0,640.0,1.91,47975.0,738.0,550.0
GFCL,7/6/2021,665.0,665.0,617.0,622.0,-2.81,21294.0,738.0,550.0
GFCL,7/7/2021,634.0,634.0,605.0,607.0,-2.41,16764.0,738.0,550.0
GFCL,7/8/2021,618.0,635.0,598.0,635.0,4.61,52612.0,738.0,550.0
GFCL,7/11/2021,640.0,698.0,635.0,698.0,9.92,106303.0,738.0,550.0
GFCL,7/12/2021,711.0,721.0,655.0,675.0,-3.3,93853.0,738.0,550.0
GFCL,7/13/2021,688.0,698.0,666.0,680.0,0.74,38779.0,738.0,550.0
GFCL,7/14/2021,680.0,689.0,667.0,670.0,-1.47,63393.0,738.0,550.0
GFCL,7/15/2021,676.0,700.0,667.0,682.0,1.79,125850.0,738.0,550.0
GFCL,7/18/2021,695.0,715.0,695.0,711.4,4.31,98757.0,738.0,550.0
GFCL,7/19/2021,720.0,724.0,696.0,705.0,-0.9,54358.0,738.0,550.0
GFCL,7/20/2021,700.0,704.0,686.0,700.0,-0.71,39920.0,738.0,550.0
GFCL,7/22/2021,700.0,753.0,683.0,739.0,5.57,89361.0,738.0,550.0
GFCL,7/25/2021,745.0,745.0,710.0,725.6,-1.81,55788.0,738.0,550.0
GFCL,7/26/2021,730.0,784.0,720.1,780.0,7.5,158399.0,738.0,550.0
GFCL,7/27/2021,764.4,816.0,730.0,816.0,4.62,91517.0,738.0,550.0
GFCL,7/28/2021,816.0,865.0,758.8,860.0,5.39,230254.0,738.0,550.0
GFCL,7/29/2021,850.0,850.0,783.0,797.0,-7.33,422634.0,738.0,550.0
GFCL,8/1/2021,781.1,800.0,775.0,775.0,-2.76,75030.0,738.0,550.0
GFCL,8/2/2021,782.0,784.0,762.0,767.0,-1.03,52007.0,738.0,550.0
GFCL,8/3/2021,775.0,775.0,755.0,758.0,-1.17,50076.0,738.0,550.0
GFCL,8/4/2021,763.0,790.0,750.0,767.0,1.19,78860.0,738.0,550.0
GFCL,8/5/2021,780.0,780.0,745.0,748.0,-2.48,109613.0,738.0,550.0
GFCL,8/8/2021,760.0,770.0,750.0,768.9,2.79,82947.0,738.0,550.0
GFCL,8/9/2021,782.0,799.9,760.0,796.0,3.52,79814.0,738.0,550.0
GFCL,8/10/2021,811.0,861.2,805.0,845.0,6.16,219079.0,738.0,550.0
GFCL,8/11/2021,861.9,861.9,817.0,823.0,-2.6,101713.0,738.0,550.0
GFCL,8/12/2021,825.0,846.4,815.0,825.0,0.24,122909.0,738.0,550.0
GFCL,8/15/2021,825.0,825.0,752.0,795.0,-3.64,109478.0,738.0,550.0
GFCL,8/16/2021,794.0,836.0,780.0,810.0,1.89,87518.0,738.0,550.0
GFCL,8/17/2021,822.0,834.0,809.0,827.0,2.1,105233.0,738.0,550.0
GFCL,8/18/2021,843.5,909.7,843.5,904.7,9.4,244320.0,738.0,550.0
GFCL,8/19/2021,922.7,941.1,855.0,885.0,-2.18,139654.0,738.0,550.0
GFCL,8/24/2021,888.0,910.0,867.0,872.4,-1.42,121252.0,738.0,550.0
GFCL,8/25/2021,880.0,899.0,860.0,864.0,-0.96,70531.0,738.0,550.0
GFCL,8/26/2021,881.2,949.9,865.0,920.0,6.48,192122.0,738.0,550.0
GFCL,8/29/2021,938.4,999.0,906.5,974.0,5.87,302656.0,738.0,550.0
GFCL,8/31/2021,954.6,1010.0,939.0,980.0,0.62,300716.0,738.0,550.0
GFCL,9/1/2021,962.0,998.9,925.0,934.0,-4.69,80582.0,738.0,550.0
GFCL,9/2/2021,934.0,968.0,890.0,892.0,-4.5,96429.0,738.0,550.0
GFCL,9/5/2021,874.2,874.5,802.8,802.8,-10.0,108442.0,738.0,550.0
GFCL,9/6/2021,786.8,883.0,760.0,883.0,9.99,106097.0,738.0,550.0
GFCL,9/7/2021,889.0,907.0,860.0,877.0,-0.68,63454.0,738.0,550.0
GFCL,9/8/2021,877.0,877.0,829.0,829.0,-5.47,39041.0,738.0,550.0
GFCL,9/9/2021,829.0,860.0,814.0,817.0,-1.45,51716.0,738.0,550.0
GFCL,9/12/2021,832.0,873.0,822.0,873.0,6.85,88453.0,738.0,550.0
GFCL,9/13/2021,890.4,900.0,858.0,870.0,-0.34,61850.0,738.0,550.0
GFCL,9/14/2021,874.0,891.4,840.1,891.4,2.46,33110.0,738.0,550.0
GFCL,9/15/2021,891.4,891.4,852.0,853.0,-4.31,26872.0,738.0,550.0
GFCL,9/16/2021,836.0,840.0,788.0,798.0,-6.45,73719.0,738.0,550.0
GFCL,9/20/2021,782.1,800.0,718.2,718.2,-10.0,53037.0,738.0,550.0
GFCL,9/21/2021,704.0,785.0,675.0,713.0,-0.72,60721.0,738.0,550.0
GFCL,9/22/2021,727.2,780.0,727.2,780.0,9.4,44015.0,738.0,550.0
GFCL,9/23/2021,795.6,824.0,764.4,784.9,0.63,68293.0,738.0,550.0
GFCL,9/26/2021,798.0,800.5,728.0,728.0,-7.25,47498.0,738.0,550.0
GFCL,9/27/2021,742.0,743.0,669.4,671.0,-7.83,57712.0,738.0,550.0
GFCL,9/28/2021,673.0,694.0,604.0,615.0,-8.35,61253.0,738.0,550.0
GFCL,9/29/2021,610.0,660.0,570.0,656.0,6.67,40874.0,738.0,550.0
GFCL,9/30/2021,669.0,683.0,610.0,611.0,-6.86,24778.0,738.0,550.0
GFCL,10/3/2021,611.0,621.0,590.0,601.0,-1.64,31981.0,738.0,550.0
GFCL,10/4/2021,590.0,606.0,575.0,588.0,-2.16,26501.0,738.0,550.0
GFCL,10/5/2021,599.0,628.0,593.0,623.6,6.05,18681.0,738.0,550.0
GFCL,10/6/2021,636.0,676.0,630.0,676.0,8.4,30399.0,738.0,550.0
GFCL,10/10/2021,676.0,714.0,664.2,684.0,1.18,109249.0,738.0,550.0
GFCL,10/11/2021,685.0,690.0,650.0,674.9,-1.33,25733.0,738.0,550.0
GFCL,10/17/2021,680.0,688.0,662.0,679.0,0.61,10747.0,738.0,550.0
GFCL,10/18/2021,665.5,667.0,635.6,636.0,-6.33,17837.0,738.0,550.0
GFCL,10/19/2021,623.3,637.5,582.3,609.0,-4.25,32074.0,738.0,550.0
GFCL,10/20/2021,621.1,650.0,618.0,642.8,5.55,38239.0,738.0,550.0
GFCL,10/21/2021,655.0,655.6,603.0,610.1,-5.09,14133.0,738.0,550.0
GFCL,10/24/2021,622.0,644.5,602.0,633.0,3.75,26577.0,738.0,550.0
GFCL,10/25/2021,645.0,685.0,640.0,685.0,8.21,29925.0,738.0,550.0
GFCL,10/26/2021,690.0,732.8,690.0,729.0,6.42,35150.0,738.0,550.0
GFCL,10/27/2021,730.0,750.0,700.0,720.0,-1.23,47372.0,738.0,550.0
GFCL,10/28/2021,707.0,760.0,700.0,760.0,5.56,61390.0,738.0,550.0
GFCL,10/31/2021,750.0,800.0,742.0,785.0,3.29,55893.0,738.0,550.0
GFCL,11/1/2021,790.0,800.0,759.5,774.0,-1.4,33623.0,738.0,550.0
GFCL,11/2/2021,789.4,851.0,780.0,844.9,9.16,150356.0,738.0,550.0
GFCL,11/3/2021,861.7,875.0,840.0,854.0,1.08,114092.0,738.0,550.0
GFCL,11/8/2021,860.0,860.0,832.0,847.0,-0.82,27853.0,738.0,550.0
GFCL,11/9/2021,851.0,851.0,783.0,789.0,-6.85,72258.0,738.0,550.0
GFCL,11/11/2021,775.0,820.0,743.0,820.0,3.93,58436.0,738.0,550.0
GFCL,11/14/2021,804.0,824.0,752.2,816.0,-0.49,57295.0,738.0,550.0
GFCL,11/15/2021,820.0,837.0,810.0,826.0,1.23,39107.0,738.0,550.0
GFCL,11/16/2021,826.0,839.0,825.0,835.0,1.09,26243.0,738.0,550.0
GFCL,11/17/2021,851.7,859.9,825.0,844.9,1.19,91097.0,738.0,550.0
GFCL,11/18/2021,840.0,840.0,809.5,810.0,-4.13,30661.0,738.0,550.0
GFCL,11/21/2021,810.0,819.0,795.0,800.0,-1.23,23481.0,738.0,550.0
GFCL,11/22/2021,813.9,813.9,789.0,790.0,-1.25,18113.0,738.0,550.0
GFCL,11/23/2021,782.1,795.0,751.0,751.0,-4.94,47540.0,738.0,550.0
GFCL,11/24/2021,751.0,785.0,735.0,775.0,3.2,45112.0,738.0,550.0
GFCL,11/25/2021,790.0,790.5,765.0,772.0,-0.39,15304.0,738.0,550.0
GFCL,11/28/2021,756.6,768.0,720.3,730.0,-5.44,52717.0,738.0,550.0
GFCL,11/29/2021,725.0,752.7,720.0,747.0,2.33,24028.0,738.0,550.0
GFCL,11/30/2021,747.0,759.0,735.0,755.1,1.08,21842.0,738.0,550.0
GFCL,12/1/2021,756.0,773.0,755.8,761.0,0.78,20673.0,738.0,550.0
GFCL,12/2/2021,775.0,775.0,719.0,720.0,-5.39,23950.0,738.0,550.0
GFCL,12/5/2021,711.2,727.0,685.0,685.0,-4.86,22597.0,738.0,550.0
GFCL,12/6/2021,672.0,719.0,640.0,706.0,3.07,40993.0,738.0,550.0
GFCL,12/7/2021,720.0,720.1,670.0,670.0,-5.1,22962.0,738.0,550.0
GFCL,12/8/2021,670.0,670.0,628.1,638.0,-4.78,23350.0,738.0,550.0
GFCL,12/9/2021,638.0,652.0,625.3,640.0,0.31,23992.0,738.0,550.0
GFCL,12/12/2021,649.0,649.0,603.0,605.0,-5.47,19245.0,738.0,550.0
GFCL,12/13/2021,592.9,592.9,544.5,548.0,-9.42,51995.0,738.0,550.0
GFCL,12/14/2021,538.0,602.8,537.1,602.8,10.0,15665.0,738.0,550.0
GFCL,12/15/2021,614.8,660.0,605.7,610.5,1.28,36425.0,738.0,550.0
GFCL,12/16/2021,610.5,622.4,582.0,582.0,-4.67,19767.0,738.0,550.0
GFCL,12/20/2021,571.0,587.0,549.0,568.0,-2.41,17022.0,738.0,550.0
GFCL,12/21/2021,579.0,595.0,568.0,595.0,4.75,10692.0,738.0,550.0
GFCL,12/22/2021,606.9,626.0,593.9,620.1,4.22,27698.0,738.0,550.0
GFCL,12/23/2021,623.0,625.0,602.0,604.0,-2.6,21113.0,738.0,550.0
GFCL,12/26/2021,611.0,611.0,595.1,603.0,-0.17,23253.0,738.0,550.0
GFCL,12/27/2021,599.0,600.0,561.0,561.0,-6.97,31237.0,738.0,550.0
GFCL,12/28/2021,556.0,597.0,550.0,585.0,4.28,21963.0,738.0,550.0
GFCL,12/29/2021,594.0,594.0,571.0,582.0,-0.51,25570.0,738.0,550.0
GFCL,1/2/2022,544.0,558.0,544.0,558.0,-4.12,17954.0,738.0,550.0
GFCL,1/3/2022,565.0,593.0,564.0,578.0,3.58,18549.0,738.0,550.0
GFCL,1/4/2022,578.0,597.7,572.0,594.0,2.77,11768.0,738.0,550.0
GFCL,1/5/2022,600.0,612.0,580.0,590.0,-0.67,25248.0,738.0,550.0
GFCL,1/6/2022,580.0,600.0,580.0,595.0,0.85,18065.0,738.0,550.0
GFCL,1/9/2022,606.0,643.0,600.0,643.0,8.07,36737.0,738.0,550.0
GFCL,1/10/2022,655.0,680.0,641.9,672.0,4.51,48841.0,738.0,550.0
GFCL,1/11/2022,660.0,739.2,658.6,715.0,6.4,49306.0,738.0,550.0
GFCL,1/12/2022,720.0,740.0,699.0,708.0,-0.98,51776.0,738.0,550.0
GFCL,1/13/2022,707.0,725.0,697.0,721.0,1.84,33112.0,738.0,550.0
GFCL,1/16/2022,735.0,763.0,731.0,742.5,2.98,52836.0,738.0,550.0
GFCL,1/17/2022,745.0,752.0,728.0,735.0,-1.01,17070.0,738.0,550.0
GFCL,1/18/2022,723.6,753.7,700.0,715.0,-2.72,39935.0,738.0,550.0
GFCL,1/19/2022,715.0,729.0,694.9,703.0,-1.68,29035.0,738.0,550.0
GFCL,1/20/2022,698.0,728.0,689.0,723.0,2.84,25075.0,738.0,550.0
GFCL,1/23/2022,735.0,735.0,702.0,708.5,-2.01,27673.0,738.0,550.0
GFCL,1/24/2022,705.0,712.0,663.0,672.0,-5.15,53102.0,738.0,550.0
GFCL,1/25/2022,663.0,700.0,658.0,674.0,0.3,32243.0,738.0,550.0
GFCL,1/26/2022,674.0,679.9,656.0,666.0,-1.19,21088.0,738.0,550.0
GFCL,1/27/2022,679.3,687.8,665.4,666.0,0.0,14756.0,738.0,550.0
GFCL,1/30/2022,679.0,707.0,679.0,706.0,6.01,21590.0,738.0,550.0
GFCL,1/31/2022,710.0,714.0,693.0,699.9,-0.86,17269.0,738.0,550.0
GFCL,2/1/2022,695.0,725.0,694.0,720.5,2.94,20366.0,738.0,550.0
GFCL,2/3/2022,728.9,728.9,700.0,701.0,-2.71,26675.0,738.0,550.0
GFCL,2/6/2022,688.5,700.0,679.5,679.5,-3.07,16335.0,738.0,550.0
GFCL,2/7/2022,680.0,698.0,672.0,690.0,1.55,8847.0,738.0,550.0
GFCL,2/8/2022,703.8,730.0,677.0,687.0,-0.43,19017.0,738.0,550.0
GFCL,2/9/2022,680.0,688.0,667.0,675.0,-1.75,10596.0,738.0,550.0
GFCL,2/10/2022,687.0,700.0,662.0,682.0,1.04,22451.0,738.0,550.0
GFCL,2/13/2022,668.4,668.4,645.0,649.5,-4.77,27997.0,738.0,550.0
GFCL,2/14/2022,642.0,662.0,640.0,644.0,-0.85,15294.0,738.0,550.0
GFCL,2/15/2022,656.5,674.0,644.0,670.0,4.04,5337.0,738.0,550.0
GFCL,2/16/2022,670.0,674.0,651.0,651.0,-2.84,10722.0,738.0,550.0
GFCL,2/17/2022,663.0,663.0,645.0,655.0,0.61,7749.0,738.0,550.0
GFCL,2/20/2022,641.9,654.0,635.0,638.2,-2.56,6430.0,738.0,550.0
GFCL,2/21/2022,649.9,649.9,641.0,644.1,0.92,5026.0,738.0,550.0
GFCL,2/22/2022,653.9,664.0,645.0,655.0,1.69,8670.0,738.0,550.0
GFCL,2/23/2022,667.9,667.9,645.1,650.0,-0.76,7369.0,738.0,550.0
GFCL,2/24/2022,638.0,648.0,620.0,626.0,-3.69,17551.0,738.0,550.0
GFCL,2/27/2022,630.0,638.0,613.5,631.1,0.81,19619.0,738.0,550.0
GFCL,2/28/2022,637.0,637.0,615.0,616.0,-2.39,6874.0,738.0,550.0
GFCL,3/2/2022,604.0,622.0,589.0,592.0,-3.9,10577.0,738.0,550.0
GFCL,3/6/2022,594.0,605.0,585.0,585.0,-1.18,10689.0,738.0,550.0
GFCL,3/7/2022,596.0,597.0,575.0,578.2,-1.16,5636.0,738.0,550.0
GFCL,3/9/2022,577.0,577.0,558.6,558.6,-3.39,7928.0,738.0,550.0
GFCL,3/10/2022,550.0,595.0,550.0,590.0,5.62,10335.0,738.0,550.0
GFCL,3/13/2022,600.0,622.0,600.0,618.0,4.75,11698.0,738.0,550.0
GFCL,3/14/2022,624.9,624.9,610.0,622.1,0.66,2993.0,738.0,550.0
GFCL,3/15/2022,624.0,625.0,616.1,624.0,0.31,6607.0,738.0,550.0
GFCL,3/16/2022,615.0,622.0,615.0,615.0,-1.44,5002.0,738.0,550.0
GFCL,3/20/2022,617.1,617.1,605.0,609.0,-0.98,2137.0,738.0,550.0
GFCL,3/21/2022,601.0,625.0,601.0,625.0,2.63,8699.0,738.0,550.0
GFCL,3/22/2022,625.0,630.0,622.0,622.1,-0.46,5277.0,738.0,550.0
GFCL,3/23/2022,633.0,633.0,608.0,610.0,-1.95,5310.0,738.0,550.0
GFCL,3/24/2022,600.1,612.0,588.0,588.0,-3.61,11951.0,738.0,550.0
GFCL,3/27/2022,588.1,588.1,557.0,565.0,-3.91,27105.0,738.0,550.0
GFCL,3/28/2022,555.1,575.0,555.1,562.0,-0.53,5170.0,738.0,550.0
GFCL,3/29/2022,562.0,573.0,558.4,569.0,1.25,6820.0,738.0,550.0
GFCL,3/30/2022,569.0,589.0,560.0,588.0,3.34,11824.0,738.0,550.0
GFCL,3/31/2022,590.0,594.0,565.0,567.2,-3.54,13399.0,738.0,550.0
GFCL,4/3/2022,556.1,565.0,553.1,560.0,-1.27,10178.0,738.0,550.0
GFCL,4/4/2022,550.1,566.0,550.1,556.0,-0.71,3803.0,738.0,550.0
GFCL,4/5/2022,551.1,552.1,535.0,539.0,-3.06,18881.0,738.0,550.0
GFCL,4/6/2022,534.2,543.5,522.0,530.0,-1.67,9334.0,738.0,550.0
GFCL,4/7/2022,540.0,544.9,530.0,539.0,1.7,7182.0,738.0,550.0
GFCL,4/11/2022,549.7,560.0,526.0,528.0,-2.04,9895.0,738.0,550.0
GFCL,4/12/2022,519.0,530.0,510.0,518.0,-1.89,8964.0,738.0,550.0
GFCL,4/13/2022,509.0,527.4,500.0,522.0,0.77,10600.0,738.0,550.0
GFCL,4/17/2022,523.0,523.0,511.6,515.0,-1.34,4610.0,738.0,550.0
GFCL,4/18/2022,525.0,525.0,485.0,485.0,-5.83,15168.0,738.0,550.0
GFCL,4/19/2022,493.9,500.0,467.6,485.0,0.0,6190.0,738.0,550.0
GFCL,4/20/2022,485.0,485.0,475.0,475.0,-2.06,6223.0,738.0,550.0
GFCL,4/21/2022,467.0,470.0,446.0,468.0,-1.47,10013.0,738.0,550.0
GFCL,4/24/2022,459.0,514.8,459.0,514.0,9.83,13850.0,738.0,550.0
GFCL,4/25/2022,510.0,524.0,492.1,507.8,-1.21,9675.0,738.0,550.0
GFCL,4/26/2022,509.0,509.0,490.2,498.0,-1.93,4182.0,738.0,550.0
GFCL,4/27/2022,507.9,507.9,485.0,500.0,0.4,4670.0,738.0,550.0
GFCL,4/28/2022,493.1,510.0,491.0,493.0,-1.4,6742.0,738.0,550.0
GFCL,5/2/2022,494.0,494.0,470.0,470.0,-4.67,8511.0,738.0,550.0
GFCL,5/4/2022,469.9,473.5,461.0,465.0,-1.06,7244.0,738.0,550.0
GFCL,5/5/2022,456.0,465.1,440.0,447.5,-3.76,8593.0,738.0,550.0
GFCL,5/8/2022,441.0,456.4,430.0,456.4,1.99,3162.0,738.0,550.0
GFCL,5/9/2022,462.0,480.0,445.0,451.5,-1.07,3953.0,738.0,550.0
GFCL,5/10/2022,450.0,468.0,446.0,465.0,2.99,6357.0,738.0,550.0
GFCL,5/11/2022,474.0,485.9,467.0,479.0,3.01,8883.0,738.0,550.0
GFCL,5/12/2022,484.0,510.0,480.0,480.0,0.21,16676.0,738.0,550.0
GFCL,5/17/2022,470.4,470.4,453.4,461.0,-3.96,6521.0,738.0,550.0
GFCL,5/18/2022,456.0,470.0,443.0,467.9,1.5,3583.0,738.0,550.0
GFCL,5/19/2022,477.2,477.2,442.1,450.3,-3.76,4076.0,738.0,550.0
GFCL,5/20/2022,442.0,468.1,442.0,444.1,-1.38,1822.0,738.0,550.0
GFCL,5/23/2022,440.0,440.0,425.1,425.1,-4.28,5974.0,738.0,550.0
GFCL,5/24/2022,429.0,450.0,426.0,433.9,2.07,4685.0,738.0,550.0
GFCL,5/25/2022,440.0,450.0,438.0,444.0,2.33,3790.0,738.0,550.0
GFCL,5/26/2022,451.8,451.9,440.0,443.0,-0.23,1504.0,738.0,550.0
GFCL,5/27/2022,440.0,448.0,430.0,446.0,0.68,11960.0,738.0,550.0
GFCL,5/30/2022,445.0,445.0,426.5,435.0,-2.47,1444.0,738.0,550.0
GFCL,5/31/2022,427.0,440.0,425.0,429.0,-1.38,4150.0,738.0,550.0
GFCL,6/1/2022,435.0,435.0,424.0,427.0,-0.47,5941.0,738.0,550.0
GFCL,6/2/2022,432.0,435.0,422.1,425.0,-0.47,3307.0,738.0,550.0
GFCL,6/3/2022,420.0,425.0,418.0,418.2,-1.6,3945.0,738.0,550.0
GFCL,6/6/2022,422.0,429.9,416.0,420.0,0.43,7682.0,738.0,550.0
GFCL,6/7/2022,425.0,426.5,412.0,416.0,-0.95,10606.0,738.0,550.0
GFCL,6/8/2022,424.3,444.7,416.0,440.0,5.77,7778.0,738.0,550.0
GFCL,6/9/2022,432.1,448.0,423.0,423.0,-3.86,8354.0,738.0,550.0
GFCL,6/10/2022,414.6,426.0,411.0,411.0,-2.84,2543.0,738.0,550.0
GFCL,6/13/2022,404.1,418.0,403.3,411.5,0.12,3830.0,738.0,550.0
GFCL,6/14/2022,405.0,410.0,396.9,404.4,-1.73,5735.0,738.0,550.0
GFCL,6/15/2022,412.4,412.4,396.1,400.0,-1.09,4403.0,738.0,550.0
GFCL,6/16/2022,403.0,408.0,400.0,400.0,0.0,5190.0,738.0,550.0
GFCL,6/17/2022,400.0,400.8,393.0,396.0,-1.0,573.0,738.0,550.0
GFCL,6/19/2022,392.0,392.0,382.0,382.0,-3.54,4491.0,738.0,550.0
GFCL,6/20/2022,376.0,377.0,363.1,372.0,-2.62,7826.0,738.0,550.0
GFCL,6/21/2022,375.0,394.0,375.0,382.0,2.69,3182.0,738.0,550.0
GFCL,6/22/2022,375.0,380.2,373.0,375.0,-1.83,3771.0,738.0,550.0
GFCL,6/23/2022,370.0,370.0,360.0,365.0,-2.67,5561.0,738.0,550.0
GFCL,6/24/2022,360.0,377.0,358.0,375.0,2.74,2448.0,738.0,550.0
GFCL,6/26/2022,382.0,405.0,380.0,404.0,7.73,6998.0,738.0,550.0
GFCL,6/27/2022,410.0,411.0,391.2,398.9,-1.26,7408.0,738.0,550.0
GFCL,6/28/2022,391.0,398.8,382.0,389.9,-2.26,4732.0,738.0,550.0
GFCL,6/29/2022,392.0,408.0,385.5,406.0,4.13,6898.0,738.0,550.0
GFCL,6/30/2022,414.0,442.9,410.0,432.0,6.4,9254.0,738.0,550.0
GFCL,7/1/2022,439.9,445.0,415.6,434.0,0.46,4856.0,738.0,550.0
GFCL,7/3/2022,434.0,449.9,425.4,448.0,3.23,18273.0,738.0,550.0
GFCL,7/4/2022,456.0,492.8,446.0,460.0,2.68,44039.0,738.0,550.0
GFCL,7/5/2022,450.9,478.5,433.0,442.0,-3.91,23106.0,738.0,550.0
GFCL,7/6/2022,434.0,465.0,426.0,450.0,1.81,16094.0,738.0,550.0
GFCL,7/7/2022,459.0,470.2,450.0,453.0,0.67,22015.0,738.0,550.0
GFCL,7/8/2022,455.0,487.0,435.3,438.0,-3.31,25729.0,738.0,550.0
GFCL,7/11/2022,444.0,445.0,423.0,431.0,-1.6,18413.0,738.0,550.0
GFCL,7/12/2022,423.0,444.4,423.0,436.0,1.16,14346.0,738.0,550.0
GFCL,7/13/2022,444.0,475.0,440.0,475.0,8.94,28493.0,738.0,550.0
GFCL,7/14/2022,482.0,496.0,456.4,494.0,4.0,38237.0,738.0,550.0
GFCL,7/15/2022,503.0,503.0,480.0,499.0,1.01,13059.0,738.0,550.0
GFCL,7/17/2022,489.1,506.0,469.9,490.0,-1.8,35442.0,738.0,550.0
GFCL,7/18/2022,480.2,498.0,470.8,485.3,-0.96,19160.0,738.0,550.0
GFCL,7/19/2022,494.5,504.9,486.0,494.0,1.79,42245.0,738.0,550.0
GFCL,7/20/2022,491.0,510.0,486.0,496.0,0.4,23121.0,738.0,550.0
GFCL,7/21/2022,491.1,499.0,483.7,488.0,-1.61,10845.0,738.0,550.0
GFCL,7/22/2022,479.0,497.7,470.0,497.7,1.99,15333.0,738.0,550.0
GFCL,7/24/2022,487.8,529.0,486.0,528.9,6.27,72633.0,738.0,550.0
GFCL,7/25/2022,535.3,578.0,525.0,565.0,6.83,54902.0,738.0,550.0
GFCL,7/26/2022,563.0,573.0,535.0,540.0,-4.42,40742.0,738.0,550.0
GFCL,7/27/2022,530.0,570.6,520.0,558.0,3.33,37737.0,738.0,550.0
GFCL,7/28/2022,568.0,585.0,547.0,559.0,0.18,66777.0,738.0,550.0
GFCL,7/29/2022,552.0,570.0,548.2,561.0,0.36,13086.0,738.0,550.0
GFCL,7/31/2022,565.1,569.0,552.6,552.6,-1.5,28670.0,738.0,550.0
GFCL,8/1/2022,552.0,596.0,550.0,587.0,6.23,139913.0,738.0,550.0
GFCL,8/2/2022,598.7,630.0,598.7,610.0,3.92,146795.0,738.0,550.0
GFCL,8/3/2022,622.2,634.0,589.0,589.1,-3.43,69967.0,738.0,550.0
GFCL,8/4/2022,580.0,599.7,557.0,560.0,-4.94,76874.0,738.0,550.0
GFCL,8/5/2022,548.8,567.0,537.9,548.0,-2.14,41268.0,738.0,550.0
GFCL,8/7/2022,539.0,562.9,539.0,557.0,1.64,40352.0,738.0,550.0
GFCL,8/8/2022,568.1,582.0,550.0,563.1,1.1,55970.0,738.0,550.0
GFCL,8/9/2022,568.9,580.0,535.0,580.0,3.0,59032.0,738.0,550.0
GFCL,8/10/2022,591.6,591.6,535.0,560.0,-3.45,60996.0,738.0,550.0
GFCL,8/11/2022,571.2,571.2,537.0,538.0,-3.93,22051.0,738.0,550.0
GFCL,8/14/2022,528.0,541.0,515.1,525.0,-2.42,24149.0,738.0,550.0
GFCL,8/15/2022,526.0,558.7,523.0,558.7,6.42,37766.0,738.0,550.0
GFCL,8/16/2022,558.0,571.0,535.1,539.0,-3.53,47845.0,738.0,550.0
GFCL,8/17/2022,544.0,550.0,537.0,542.0,0.56,16160.0,738.0,550.0
GFCL,8/18/2022,536.0,560.0,536.0,550.0,1.48,28658.0,738.0,550.0
GFCL,8/21/2022,555.3,570.0,541.5,550.0,0.0,24490.0,738.0,550.0
GFCL,8/22/2022,540.0,557.8,540.0,551.8,0.33,29278.0,738.0,550.0
GFCL,8/23/2022,541.0,557.9,531.0,549.0,-0.51,12284.0,738.0,550.0
GFCL,8/24/2022,546.0,555.0,543.0,546.9,-0.38,13965.0,738.0,550.0
GFCL,8/25/2022,537.3,555.0,536.0,538.0,-1.63,21470.0,738.0,550.0
GFCL,8/26/2022,528.0,537.0,526.3,526.5,-2.14,20993.0,738.0,550.0
GFCL,8/28/2022,516.6,527.9,497.0,498.0,-5.41,33110.0,738.0,550.0
GFCL,8/29/2022,491.1,512.9,491.1,507.0,1.81,18102.0,738.0,550.0
GFCL,8/30/2022,515.0,517.0,504.7,504.7,-0.45,7970.0,738.0,550.0
GFCL,8/31/2022,510.0,514.6,495.0,495.0,-1.92,7625.0,738.0,550.0
GFCL,9/1/2022,499.9,517.0,483.0,495.0,0.0,19895.0,738.0,550.0
GFCL,9/2/2022,485.1,510.0,485.1,495.3,0.06,5492.0,738.0,550.0
GFCL,9/4/2022,504.0,504.0,496.0,499.0,0.75,6930.0,738.0,550.0
GFCL,9/5/2022,491.0,506.0,491.0,493.0,-1.2,4292.0,738.0,550.0
GFCL,9/6/2022,486.1,495.0,484.0,484.0,-1.83,8053.0,738.0,550.0
GFCL,9/7/2022,484.0,488.9,471.4,476.7,-1.51,9497.0,738.0,550.0
GFCL,9/8/2022,486.0,495.0,465.5,475.0,-0.36,7567.0,738.0,550.0
GFCL,9/11/2022,484.0,484.5,470.0,470.0,-1.05,7231.0,738.0,550.0
GFCL,9/12/2022,461.1,473.9,455.0,466.0,-0.85,11922.0,738.0,550.0
GFCL,9/13/2022,475.0,477.0,465.0,473.0,1.5,11750.0,738.0,550.0
GFCL,9/14/2022,479.0,502.0,474.0,498.7,5.43,21571.0,738.0,550.0
GFCL,9/15/2022,508.0,508.6,470.0,479.0,-3.95,12463.0,738.0,550.0
GFCL,9/16/2022,470.0,470.0,444.0,465.0,-2.92,14596.0,738.0,550.0
GFCL,9/18/2022,456.0,464.4,448.2,448.2,-3.61,9252.0,738.0,550.0
GFCL,9/20/2022,440.0,445.0,426.0,426.0,-4.95,18298.0,738.0,550.0
GFCL,9/21/2022,426.0,440.0,426.0,434.0,1.88,6694.0,738.0,550.0
GFCL,9/22/2022,433.0,440.0,428.1,432.0,-0.46,6633.0,738.0,550.0
GFCL,9/25/2022,430.0,430.0,419.0,419.0,-3.01,5212.0,738.0,550.0
GFCL,9/27/2022,427.3,435.8,423.5,428.0,2.15,8675.0,738.0,550.0
GFCL,9/28/2022,421.0,437.0,421.0,432.0,0.93,2300.0,738.0,550.0
GFCL,9/29/2022,435.0,435.0,428.1,433.0,0.23,3915.0,738.0,550.0
GFCL,10/9/2022,439.0,455.0,437.0,454.0,4.85,6519.0,738.0,550.0
GFCL,10/10/2022,455.0,462.0,441.0,445.9,-1.78,6572.0,738.0,550.0
GFCL,10/11/2022,437.3,448.5,434.1,446.0,0.02,4004.0,738.0,550.0
GFCL,10/12/2022,445.0,466.0,436.1,460.0,3.14,12942.0,738.0,550.0
GFCL,10/13/2022,469.0,469.0,455.0,465.0,1.09,8323.0,738.0,550.0
GFCL,10/16/2022,465.0,465.1,447.1,448.0,-3.66,6149.0,738.0,550.0
GFCL,10/17/2022,456.0,456.0,444.0,445.0,-0.67,3955.0,738.0,550.0
GFCL,10/19/2022,440.0,440.0,429.0,435.0,-2.25,7272.0,738.0,550.0
GFCL,10/20/2022,427.0,436.0,423.6,424.0,-2.53,5782.0,738.0,550.0
GFCL,10/23/2022,425.0,438.0,425.0,430.0,1.42,3407.0,738.0,550.0
GFCL,10/31/2022,428.0,429.0,420.0,427.0,-0.7,6985.0,738.0,550.0
GFCL,11/1/2022,427.0,453.0,424.0,450.0,5.39,10353.0,738.0,550.0
GFCL,11/2/2022,459.0,465.0,441.0,450.0,0.0,9164.0,738.0,550.0
GFCL,11/3/2022,441.0,465.0,441.0,451.0,0.22,9933.0,738.0,550.0
GFCL,11/6/2022,443.0,474.0,443.0,473.9,5.08,11940.0,738.0,550.0
GFCL,11/7/2022,464.5,497.5,464.0,476.0,0.44,19812.0,738.0,550.0
GFCL,11/8/2022,468.0,479.0,460.0,467.9,-1.7,9880.0,738.0,550.0
GFCL,11/9/2022,458.6,472.0,440.1,446.9,-4.49,15337.0,738.0,550.0
GFCL,11/10/2022,439.0,455.8,435.0,435.0,-2.66,9984.0,738.0,550.0
GFCL,11/13/2022,443.7,443.7,432.0,438.9,0.9,3869.0,738.0,550.0
GFCL,11/14/2022,430.2,453.0,430.2,450.0,2.53,5000.0,738.0,550.0
GFCL,11/15/2022,442.5,459.0,437.0,444.9,-1.13,8996.0,738.0,550.0
GFCL,11/16/2022,438.0,453.0,438.0,452.0,1.6,5187.0,738.0,550.0
GFCL,11/17/2022,443.1,467.0,443.1,461.0,1.99,9371.0,738.0,550.0
GFCL,11/22/2022,470.2,479.6,451.1,456.9,-0.89,7828.0,738.0,550.0
GFCL,11/23/2022,448.5,459.9,448.5,458.0,0.24,3211.0,738.0,550.0
GFCL,11/24/2022,449.0,464.0,449.0,460.0,0.44,4466.0,738.0,550.0
GFCL,11/27/2022,453.0,475.0,453.0,470.0,2.17,9457.0,738.0,550.0
GFCL,11/28/2022,479.4,479.4,460.0,463.0,-1.49,10608.0,738.0,550.0
GFCL,11/29/2022,455.1,469.0,455.1,465.0,0.43,6087.0,738.0,550.0
GFCL,11/30/2022,455.7,469.0,455.7,461.2,-0.82,2110.0,738.0,550.0
GFCL,12/1/2022,464.0,469.0,457.0,457.0,-0.91,6818.0,738.0,550.0
GFCL,12/4/2022,459.0,470.0,456.7,458.0,0.22,9791.0,738.0,550.0
GFCL,12/5/2022,467.1,473.8,444.0,452.8,-1.14,10423.0,738.0,550.0
GFCL,12/6/2022,446.3,455.2,446.0,446.2,-1.46,4895.0,738.0,550.0
GFCL,12/7/2022,438.5,449.9,438.5,440.0,-1.39,4287.0,738.0,550.0
GFCL,12/11/2022,448.0,448.0,434.7,434.8,-1.18,4236.0,738.0,550.0
GFCL,12/12/2022,443.0,447.9,435.1,447.9,3.01,8061.0,738.0,550.0
GFCL,12/13/2022,440.0,448.8,440.0,446.9,-0.22,1977.0,738.0,550.0
GFCL,12/14/2022,440.0,452.8,440.0,447.0,0.02,2628.0,738.0,550.0
GFCL,12/15/2022,439.0,448.0,439.0,446.1,-0.2,3686.0,738.0,550.0
GFCL,12/18/2022,437.3,438.0,430.0,430.0,-3.61,6258.0,738.0,550.0
GFCL,12/19/2022,425.0,447.0,425.0,429.0,-0.23,1318.0,738.0,550.0
GFCL,12/20/2022,437.5,440.0,433.0,439.0,2.33,4043.0,738.0,550.0
GFCL,12/21/2022,430.5,441.0,423.0,423.2,-3.6,2001.0,738.0,550.0
GFCL,12/22/2022,422.0,425.0,419.0,419.0,-0.99,7177.0,738.0,550.0
GFCL,12/26/2022,427.3,449.0,427.3,445.0,6.21,12058.0,738.0,550.0
GFCL,12/27/2022,445.0,479.9,445.0,463.0,4.04,22209.0,738.0,550.0
GFCL,12/28/2022,472.2,472.2,455.5,456.1,-1.49,14059.0,738.0,550.0
GFCL,12/29/2022,452.5,478.0,452.5,476.0,4.36,26067.0,738.0,550.0
GFCL,1/1/2023,485.0,490.0,462.2,479.9,0.82,22848.0,738.0,550.0
GFCL,1/2/2023,471.0,486.5,471.0,484.0,0.85,11406.0,738.0,550.0
GFCL,1/3/2023,475.0,493.0,472.0,484.0,0.0,27350.0,738.0,550.0
GFCL,1/4/2023,475.0,498.0,475.0,495.9,2.46,19217.0,738.0,550.0
GFCL,1/5/2023,504.0,522.0,495.0,515.0,3.85,42231.0,738.0,550.0
GFCL,1/8/2023,515.0,533.0,503.0,515.0,0.0,20303.0,738.0,550.0
GFCL,1/9/2023,512.0,550.0,508.0,549.0,6.6,42581.0,738.0,550.0
GFCL,1/10/2023,559.0,565.0,514.0,520.0,-5.28,45234.0,738.0,550.0
GFCL,1/12/2023,530.0,550.0,498.0,500.0,-3.85,34692.0,738.0,550.0
GFCL,1/17/2023,510.0,518.8,500.0,510.0,2.0,10556.0,738.0,550.0
GFCL,1/18/2023,518.0,530.0,508.0,512.0,0.39,22030.0,738.0,550.0
GFCL,1/19/2023,512.0,515.0,502.0,503.0,-1.76,10437.0,738.0,550.0
GFCL,1/23/2023,501.0,520.2,501.0,505.0,0.4,20223.0,738.0,550.0
GFCL,1/24/2023,495.0,555.0,495.0,525.1,3.98,31541.0,738.0,550.0
GFCL,1/25/2023,535.6,540.0,524.0,528.0,0.55,39327.0,738.0,550.0
GFCL,1/26/2023,517.5,529.8,514.1,514.1,-2.63,9432.0,738.0,550.0
GFCL,1/29/2023,505.1,520.0,505.0,511.8,-0.45,8768.0,738.0,550.0
GFCL,1/30/2023,512.0,512.0,489.1,494.0,-3.48,20060.0,738.0,550.0
GFCL,1/31/2023,485.0,500.0,484.1,485.0,-1.82,15432.0,738.0,550.0
GFCL,2/1/2023,493.0,496.0,485.0,485.0,0.0,4069.0,738.0,550.0
GFCL,2/2/2023,476.1,498.8,476.0,479.0,-1.24,9665.0,738.0,550.0
GFCL,2/5/2023,478.0,515.0,471.1,488.0,1.88,10100.0,738.0,550.0
GFCL,2/6/2023,481.0,507.0,481.0,490.0,0.41,2130.0,738.0,550.0
GFCL,2/7/2023,482.0,520.0,482.0,520.0,6.12,24249.0,738.0,550.0
GFCL,2/8/2023,510.0,530.0,510.0,512.0,-1.54,14609.0,738.0,550.0
GFCL,2/9/2023,512.0,518.8,502.0,517.0,0.98,6122.0,738.0,550.0
GFCL,2/12/2023,507.0,507.0,490.1,492.0,-4.84,18861.0,738.0,550.0
GFCL,2/14/2023,492.0,500.0,490.5,493.0,0.2,7665.0,738.0,550.0
GFCL,2/15/2023,485.0,499.0,485.0,490.0,-0.61,7598.0,738.0,550.0
GFCL,2/16/2023,481.0,496.0,481.0,481.3,-1.78,8184.0,738.0,550.0
GFCL,2/20/2023,475.1,490.9,474.0,474.8,-1.35,8658.0,738.0,550.0
GFCL,2/22/2023,484.0,493.0,476.0,490.0,3.2,1982.0,738.0,550.0
GFCL,2/23/2023,482.0,482.0,471.0,481.9,-1.65,6140.0,738.0,550.0
GFCL,2/26/2023,473.0,485.0,463.0,475.0,-1.43,8993.0,738.0,550.0
GFCL,2/27/2023,476.0,481.0,457.0,463.0,-2.53,8683.0,738.0,550.0
GFCL,2/28/2023,465.0,470.0,454.1,462.1,-0.19,5351.0,738.0,550.0
GFCL,3/1/2023,465.0,471.0,462.2,467.0,1.06,3591.0,738.0,550.0
GFCL,3/2/2023,461.2,469.9,461.2,463.0,-0.86,2165.0,738.0,550.0
GFCL,3/5/2023,472.2,472.2,446.2,454.0,-1.94,3212.0,738.0,550.0
GFCL,3/7/2023,454.0,466.0,448.0,448.0,-1.32,3181.0,738.0,550.0
GFCL,3/9/2023,456.9,466.0,454.0,465.0,3.79,4861.0,738.0,550.0
GFCL,3/12/2023,474.3,474.3,452.0,458.3,-1.44,10875.0,738.0,550.0
GFCL,3/13/2023,464.0,464.0,449.4,454.8,-0.76,2156.0,738.0,550.0
GFCL,3/14/2023,460.9,469.0,447.9,469.0,3.12,8714.0,738.0,550.0
GFCL,3/15/2023,460.0,461.7,459.7,461.7,-1.56,1673.0,738.0,550.0
GFCL,3/16/2023,452.7,460.0,448.0,448.0,-2.97,6097.0,738.0,550.0
GFCL,3/19/2023,455.9,456.9,450.0,455.0,1.56,4150.0,738.0,550.0
GFCL,3/20/2023,458.0,469.0,455.0,469.0,3.08,5199.0,738.0,550.0
GFCL,3/22/2023,471.9,472.0,450.0,459.0,-2.13,6227.0,738.0,550.0
GFCL,3/23/2023,455.0,458.4,450.0,452.0,-1.53,4075.0,738.0,550.0
GFCL,3/26/2023,452.0,452.0,443.1,448.5,-0.77,2756.0,738.0,550.0
GFCL,3/27/2023,454.9,455.0,445.9,454.0,1.23,2804.0,738.0,550.0
GFCL,3/28/2023,454.0,466.0,451.0,454.0,0.0,4847.0,738.0,550.0
GFCL,3/29/2023,447.0,458.0,447.0,458.0,0.88,1833.0,738.0,550.0
GFCL,3/30/2023,458.2,458.2,449.0,454.9,-0.68,2444.0,738.0,550.0
GFCL,4/2/2023,450.0,450.0,442.1,447.0,-1.74,3320.0,738.0,550.0
GFCL,4/3/2023,440.1,440.1,434.0,435.0,-2.68,4838.0,738.0,550.0
GFCL,4/4/2023,428.0,448.0,428.0,448.0,2.99,2250.0,738.0,550.0
GFCL,4/5/2023,441.0,444.5,439.1,444.5,-0.78,1481.0,738.0,550.0
GFCL,4/6/2023,436.0,440.0,430.2,435.0,-2.14,2377.0,738.0,550.0
GFCL,4/9/2023,435.0,443.6,426.3,426.5,-1.95,3488.0,738.0,550.0
GFCL,4/10/2023,435.0,435.0,422.1,429.9,0.8,176.0,738.0,550.0
GFCL,4/11/2023,435.0,446.0,422.0,442.0,2.81,2910.0,738.0,550.0
GFCL,4/12/2023,446.9,472.8,446.9,472.0,6.79,18501.0,738.0,550.0
GFCL,4/13/2023,479.5,479.5,467.0,467.0,-1.06,10301.0,738.0,550.0
GFCL,4/16/2023,470.0,470.0,453.0,462.9,-0.88,2200.0,738.0,550.0
GFCL,4/17/2023,455.6,464.9,446.5,464.9,0.43,2255.0,738.0,550.0
GFCL,4/18/2023,455.7,460.0,450.0,460.0,-1.05,494.0,738.0,550.0
GFCL,4/19/2023,455.7,455.7,449.0,454.0,-1.3,7560.0,738.0,550.0
GFCL,4/20/2023,455.0,457.0,446.0,450.0,-0.88,1894.0,738.0,550.0
GFCL,4/23/2023,441.0,442.0,424.0,424.0,-5.78,16605.0,738.0,550.0
GFCL,4/24/2023,417.1,430.9,417.1,427.1,0.73,5246.0,738.0,550.0
GFCL,4/25/2023,425.0,433.0,422.3,433.0,1.38,2337.0,738.0,550.0
GFCL,4/26/2023,426.1,442.0,426.1,437.0,0.92,1590.0,738.0,550.0
GFCL,4/27/2023,428.5,433.0,428.5,429.1,-1.81,3546.0,738.0,550.0
GFCL,4/30/2023,429.0,434.7,423.5,423.5,-1.31,3632.0,738.0,550.0
GFCL,5/2/2023,422.0,429.9,422.0,429.9,1.51,1541.0,738.0,550.0
GFCL,5/3/2023,422.0,429.0,422.0,425.0,-1.14,813.0,738.0,550.0
GFCL,5/4/2023,417.1,427.4,417.1,427.4,0.56,685.0,738.0,550.0
GFCL,5/7/2023,420.0,433.0,420.0,433.0,1.31,2670.0,738.0,550.0
GFCL,5/8/2023,424.5,425.0,417.1,425.0,-1.85,1811.0,738.0,550.0
GFCL,5/9/2023,416.5,433.5,411.1,430.5,1.29,1255.0,738.0,550.0
GFCL,5/10/2023,421.9,430.0,421.9,428.9,-0.37,1076.0,738.0,550.0
GFCL,5/11/2023,420.4,428.9,420.4,428.7,-0.05,1830.0,738.0,550.0
GFCL,5/14/2023,421.0,421.0,413.0,413.0,-3.66,1969.0,738.0,550.0
GFCL,5/15/2023,405.3,418.0,405.1,418.0,1.21,1301.0,738.0,550.0
GFCL,5/16/2023,409.7,420.0,409.7,420.0,0.48,775.0,738.0,550.0
GFCL,5/17/2023,412.1,428.7,412.1,428.6,2.05,479.0,738.0,550.0
GFCL,5/18/2023,425.0,440.0,425.0,435.0,1.49,2450.0,738.0,550.0
GFCL,5/21/2023,430.0,448.0,424.0,432.0,-0.69,5017.0,738.0,550.0
GFCL,5/22/2023,432.0,461.5,428.0,458.9,6.23,20093.0,738.0,550.0
GFCL,5/23/2023,468.0,468.0,449.0,462.6,0.81,9242.0,738.0,550.0
GFCL,5/24/2023,460.0,465.1,454.5,465.1,0.54,7359.0,738.0,550.0
GFCL,5/28/2023,455.8,468.5,451.0,460.0,-1.1,12107.0,738.0,550.0
GFCL,5/30/2023,450.8,459.0,434.0,441.0,-4.13,10946.0,738.0,550.0
GFCL,5/31/2023,433.0,435.0,420.1,422.1,-4.29,9571.0,738.0,550.0
GFCL,6/1/2023,425.1,437.0,422.9,437.0,3.53,1260.0,738.0,550.0
GFCL,6/4/2023,445.7,450.0,437.1,446.0,2.06,5437.0,738.0,550.0
GFCL,6/5/2023,441.1,445.9,432.1,432.1,-3.12,6423.0,738.0,550.0
GFCL,6/6/2023,434.0,442.6,427.1,435.0,0.67,9481.0,738.0,550.0
GFCL,6/7/2023,443.0,450.0,440.0,440.0,1.15,74090.0,738.0,550.0
GFCL,6/8/2023,445.0,459.0,438.0,452.0,2.73,29796.0,738.0,550.0
GFCL,6/11/2023,455.0,480.0,455.0,469.0,3.76,73049.0,738.0,550.0
GFCL,6/12/2023,469.0,472.0,453.0,460.0,-1.92,30752.0,738.0,550.0
GFCL,6/13/2023,452.0,475.9,450.8,460.0,0.0,30749.0,738.0,550.0
GFCL,6/14/2023,460.0,465.0,450.0,451.0,-1.96,24846.0,738.0,550.0
GFCL,6/15/2023,451.0,459.0,450.0,455.0,0.89,10275.0,738.0,550.0
GFCL,6/18/2023,464.1,464.1,451.0,460.0,1.1,28230.0,738.0,550.0
GFCL,6/19/2023,461.1,496.7,461.1,478.0,3.91,53033.0,738.0,550.0
GFCL,6/20/2023,487.0,487.5,456.0,460.0,-3.77,26370.0,738.0,550.0
GFCL,6/21/2023,460.0,470.0,451.0,452.0,-1.74,10915.0,738.0,550.0
GFCL,6/22/2023,459.0,461.0,444.0,444.0,-1.77,11508.0,738.0,550.0
GFCL,6/25/2023,452.7,488.0,450.0,475.0,6.98,36281.0,738.0,550.0
GFCL,6/26/2023,484.0,510.0,475.0,485.0,2.11,43801.0,738.0,550.0
GFCL,6/27/2023,494.6,518.0,493.0,511.0,5.36,40220.0,738.0,550.0
GFCL,6/28/2023,502.0,503.0,490.0,492.0,-3.72,15312.0,738.0,550.0
GFCL,7/2/2023,484.0,499.0,480.2,480.2,-2.4,28172.0,738.0,550.0
GFCL,7/3/2023,489.0,490.0,466.0,469.0,-2.33,15933.0,738.0,550.0
GFCL,7/4/2023,478.0,487.0,467.5,475.8,1.45,5260.0,738.0,550.0
GFCL,7/5/2023,466.5,485.3,466.3,472.5,-0.69,9739.0,738.0,550.0
GFCL,7/6/2023,466.0,473.0,457.0,472.0,-0.11,7597.0,738.0,550.0
GFCL,7/9/2023,481.0,488.0,472.1,482.8,2.29,19786.0,738.0,550.0
GFCL,7/10/2023,487.0,492.0,483.5,491.9,1.88,28715.0,738.0,550.0
GFCL,7/11/2023,492.0,520.0,490.0,506.7,3.01,35285.0,738.0,550.0
GFCL,7/12/2023,516.0,525.0,495.0,497.0,-1.91,25796.0,738.0,550.0
GFCL,7/13/2023,487.3,503.0,482.0,482.0,-3.02,16358.0,738.0,550.0
GFCL,7/16/2023,473.0,491.5,473.0,483.0,0.21,7572.0,738.0,550.0
GFCL,7/17/2023,476.1,508.0,476.1,508.0,5.18,41296.0,738.0,550.0
GFCL,7/18/2023,508.0,518.0,498.0,515.3,1.44,57270.0,738.0,550.0
GFCL,7/19/2023,507.4,525.0,506.1,519.0,0.72,47721.0,738.0,550.0
GFCL,7/20/2023,519.0,519.0,507.4,516.9,-0.4,43616.0,738.0,550.0
GFCL,7/23/2023,523.4,530.0,512.0,525.0,1.57,23877.0,738.0,550.0
GFCL,7/24/2023,515.0,519.0,506.0,515.0,-1.9,74794.0,738.0,550.0
GFCL,7/25/2023,511.0,512.0,498.0,502.0,-2.52,17313.0,738.0,550.0
GFCL,7/26/2023,492.2,511.7,492.2,504.0,0.4,9687.0,738.0,550.0
GFCL,7/27/2023,514.0,514.0,488.0,492.9,-2.2,18510.0,738.0,550.0
GFCL,7/30/2023,502.7,502.7,477.0,488.0,-0.99,35069.0,738.0,550.0
GFCL,7/31/2023,480.3,496.5,478.0,490.0,0.41,18199.0,738.0,550.0
GFCL,8/1/2023,495.0,495.0,470.0,477.0,-2.65,11989.0,738.0,550.0
GFCL,8/2/2023,484.6,493.0,468.0,493.0,3.35,10756.0,738.0,550.0
GFCL,8/3/2023,502.8,512.0,471.0,474.0,-3.85,19346.0,738.0,550.0
GFCL,8/6/2023,472.0,472.5,451.0,460.0,-2.95,13311.0,738.0,550.0
GFCL,8/7/2023,459.0,472.0,442.1,468.0,1.74,12955.0,738.0,550.0
GFCL,8/8/2023,460.3,460.5,450.0,453.9,-3.01,5905.0,738.0,550.0
GFCL,8/9/2023,444.9,470.0,432.0,468.7,3.26,19105.0,738.0,550.0
GFCL,8/10/2023,478.0,478.0,445.1,469.0,0.06,12256.0,738.0,550.0
GFCL,8/13/2023,462.0,470.0,455.0,457.0,-2.56,6433.0,738.0,550.0
GFCL,8/14/2023,455.0,464.0,450.2,457.0,0.0,7337.0,738.0,550.0
GFCL,8/15/2023,447.9,456.0,441.0,443.0,-3.06,7177.0,738.0,550.0
GFCL,8/16/2023,438.0,447.0,438.0,440.0,-0.68,9346.0,738.0,550.0
GFCL,8/17/2023,435.2,455.0,435.2,445.0,1.14,3942.0,738.0,550.0
GFCL,8/20/2023,443.0,452.8,438.0,446.7,0.38,6409.0,738.0,550.0
GFCL,8/21/2023,437.8,445.0,437.8,444.0,-0.6,1776.0,738.0,550.0
GFCL,8/22/2023,436.0,449.9,436.0,449.9,1.33,3675.0,738.0,550.0
GFCL,8/23/2023,445.0,455.0,445.0,453.0,0.69,3121.0,738.0,550.0
GFCL,8/24/2023,444.0,452.7,436.0,447.0,-1.32,7975.0,738.0,550.0
GFCL,8/27/2023,439.0,445.0,435.0,435.0,-2.68,3816.0,738.0,550.0
GFCL,8/28/2023,439.0,445.0,430.3,432.0,-0.69,9188.0,738.0,550.0
GFCL,8/29/2023,425.0,438.0,425.0,436.0,0.93,5498.0,738.0,550.0
GFCL,8/30/2023,435.0,435.0,428.1,428.1,-1.81,3640.0,738.0,550.0
GFCL,9/3/2023,430.0,435.0,420.0,427.0,-0.26,4963.0,738.0,550.0
GFCL,9/4/2023,427.0,435.0,421.3,427.0,0.0,3080.0,738.0,550.0
GFCL,9/5/2023,433.9,433.9,420.0,420.0,-1.64,1458.0,738.0,550.0
GFCL,9/7/2023,428.0,428.0,413.0,417.0,-0.71,3811.0,738.0,550.0
GFCL,9/10/2023,420.0,420.0,414.5,420.0,0.72,2559.0,738.0,550.0
GFCL,9/11/2023,425.0,480.0,421.0,435.0,3.57,3872.0,738.0,550.0
GFCL,9/12/2023,440.0,440.0,422.6,424.0,-2.53,2007.0,738.0,550.0
GFCL,9/13/2023,420.2,439.8,420.2,437.0,3.07,3929.0,738.0,550.0
GFCL,9/17/2023,429.0,437.0,416.0,428.9,-1.85,6488.0,738.0,550.0
GFCL,9/18/2023,434.0,434.0,421.1,430.0,0.26,315.0,738.0,550.0
GFCL,9/19/2023,430.1,434.9,422.0,430.0,0.0,1777.0,738.0,550.0
GFCL,9/21/2023,438.6,473.0,438.6,470.0,9.3,18222.0,738.0,550.0
GFCL,9/24/2023,460.6,470.0,450.0,451.0,-4.04,5275.0,738.0,550.0
GFCL,9/25/2023,446.2,460.0,446.2,446.3,-1.04,3477.0,738.0,550.0
GFCL,9/26/2023,455.2,464.3,449.0,456.0,2.17,4995.0,738.0,550.0
GFCL,9/27/2023,451.0,455.0,441.1,448.9,-1.56,6657.0,738.0,550.0
GFCL,10/1/2023,444.0,444.0,435.0,435.0,-3.1,5225.0,738.0,550.0
GFCL,10/2/2023,426.5,444.0,426.5,440.0,1.15,2321.0,738.0,550.0
GFCL,10/3/2023,433.1,440.0,433.0,439.0,-0.23,1861.0,738.0,550.0
GFCL,10/4/2023,431.0,446.0,431.0,436.1,-0.66,1756.0,738.0,550.0
GFCL,10/5/2023,436.1,437.0,429.0,431.0,-1.17,4312.0,738.0,550.0
GFCL,10/8/2023,439.6,439.6,424.0,424.0,-1.62,5019.0,738.0,550.0
GFCL,10/9/2023,430.0,437.9,423.4,431.0,1.65,5372.0,738.0,550.0
GFCL,10/10/2023,425.3,430.0,401.0,424.9,-1.42,12605.0,738.0,550.0
GFCL,10/11/2023,425.0,431.9,419.5,425.0,0.02,2205.0,738.0,550.0
GFCL,10/12/2023,419.0,425.0,390.0,413.0,-2.82,17975.0,738.0,550.0
GFCL,10/16/2023,406.0,414.0,399.0,399.0,-3.39,21821.0,738.0,550.0
GFCL,10/17/2023,406.9,423.3,390.0,412.0,3.26,11681.0,738.0,550.0
GFCL,10/18/2023,417.0,419.5,406.0,408.1,-0.95,6043.0,738.0,550.0
GFCL,10/19/2023,400.0,412.0,400.0,409.0,0.22,2670.0,738.0,550.0
GFCL,10/29/2023,402.0,406.0,387.1,397.0,-2.93,9413.0,738.0,550.0
GFCL,10/30/2023,390.2,403.0,390.2,396.0,-0.25,1499.0,738.0,550.0
GFCL,10/31/2023,396.0,396.0,395.0,395.0,-0.25,524.0,738.0,550.0
GFCL,11/1/2023,395.0,402.0,390.0,390.1,-1.24,7021.0,738.0,550.0
GFCL,11/2/2023,397.0,397.0,389.0,392.0,0.49,5988.0,738.0,550.0
GFCL,11/5/2023,392.0,392.0,383.0,385.0,-1.79,6161.0,738.0,550.0
GFCL,11/6/2023,387.0,394.0,387.0,390.0,1.3,2078.0,738.0,550.0
GFCL,11/7/2023,397.8,397.8,389.1,390.0,0.0,1454.0,738.0,550.0
GFCL,11/8/2023,385.0,394.4,385.0,394.2,1.08,2243.0,738.0,550.0
GFCL,11/9/2023,387.1,387.1,375.0,382.0,-3.09,4642.0,738.0,550.0
GFCL,11/20/2023,380.0,400.5,380.0,395.0,3.4,3638.0,738.0,550.0
GFCL,11/21/2023,394.0,394.0,385.0,385.0,-2.53,4953.0,738.0,550.0
GFCL,11/22/2023,378.1,399.0,378.1,399.0,3.64,1373.0,738.0,550.0
GFCL,11/23/2023,393.0,402.7,393.0,400.0,0.25,1716.0,738.0,550.0
GFCL,11/26/2023,400.0,429.0,400.0,428.0,7.0,11303.0,738.0,550.0
GFCL,11/27/2023,428.0,428.0,412.0,420.0,-1.87,1785.0,738.0,550.0
GFCL,11/28/2023,428.0,436.0,412.0,425.0,1.19,2130.0,738.0,550.0
GFCL,11/29/2023,419.1,419.9,411.3,415.0,-2.35,1117.0,738.0,550.0
GFCL,11/30/2023,410.0,410.0,401.0,401.0,-3.37,710.0,738.0,550.0
GFCL,12/3/2023,395.0,406.9,393.2,405.0,1.0,2461.0,738.0,550.0
GFCL,12/4/2023,405.0,409.9,390.0,401.8,-0.79,3945.0,738.0,550.0
GFCL,12/5/2023,394.0,400.0,394.0,398.9,-0.72,734.0,738.0,550.0
GFCL,12/6/2023,391.1,399.0,391.1,395.5,-0.85,1957.0,738.0,550.0
GFCL,12/7/2023,390.0,410.0,388.0,398.3,0.71,1777.0,738.0,550.0
GFCL,12/10/2023,406.2,430.9,406.2,430.9,8.18,50.0,738.0,550.0
GFCL,12/11/2023,423.0,439.0,422.3,431.5,0.14,9897.0,738.0,550.0
GFCL,12/12/2023,422.9,446.6,420.0,446.6,3.5,26639.0,738.0,550.0
GFCL,12/13/2023,455.0,455.0,430.3,446.7,0.02,11160.0,738.0,550.0
GFCL,12/14/2023,437.8,446.0,430.0,435.0,-2.62,8349.0,738.0,550.0
GFCL,12/17/2023,426.6,440.0,421.1,430.0,-1.15,13412.0,738.0,550.0
GFCL,12/18/2023,438.6,472.0,438.6,469.0,9.07,45967.0,738.0,550.0
GFCL,12/19/2023,459.7,473.3,452.0,467.0,-0.43,18732.0,738.0,550.0
GFCL,12/20/2023,472.0,475.0,452.0,470.0,0.64,46749.0,738.0,550.0
GFCL,12/21/2023,461.0,469.0,453.2,453.2,-3.57,14946.0,738.0,550.0
GFCL,12/24/2023,444.2,451.9,437.0,438.0,-3.35,17765.0,738.0,550.0
GFCL,12/27/2023,440.0,440.0,423.0,437.0,-0.23,14402.0,738.0,550.0
GFCL,12/28/2023,440.0,444.0,431.1,436.0,-0.23,3220.0,738.0,550.0
GFCL,1/1/2024,443.0,444.0,427.7,427.8,-1.88,11050.0,738.0,550.0
GFCL,1/2/2024,430.0,435.0,417.0,428.0,0.05,13781.0,738.0,550.0
GFCL,1/3/2024,428.0,438.0,428.0,434.9,1.61,7006.0,738.0,550.0
GFCL,1/4/2024,443.4,443.4,424.0,424.0,-2.51,10637.0,738.0,550.0
GFCL,1/7/2024,415.8,440.0,415.8,425.0,0.24,4070.0,738.0,550.0
GFCL,1/8/2024,433.0,433.0,424.5,430.0,1.18,10272.0,738.0,550.0
GFCL,1/9/2024,438.0,449.0,437.1,444.0,3.26,16937.0,738.0,550.0
GFCL,1/10/2024,452.7,461.7,439.0,448.0,0.9,26476.0,738.0,550.0
GFCL,1/11/2024,442.0,449.9,436.1,446.0,-0.45,6335.0,738.0,550.0
GFCL,1/14/2024,453.0,455.1,441.0,447.9,0.43,13339.0,738.0,550.0
GFCL,1/16/2024,454.0,486.0,454.0,481.0,7.39,61728.0,738.0,550.0
GFCL,1/17/2024,490.0,490.0,460.1,462.1,-3.93,56253.0,738.0,550.0
GFCL,1/18/2024,465.0,467.0,453.0,464.0,0.41,15347.0,738.0,550.0
GFCL,1/21/2024,460.0,470.0,448.0,455.0,-1.94,13710.0,738.0,550.0
GFCL,1/22/2024,450.0,458.0,442.0,449.0,-1.32,9943.0,738.0,550.0
GFCL,1/23/2024,445.0,448.6,440.0,444.3,-1.05,8069.0,738.0,550.0
GFCL,1/24/2024,438.0,452.0,438.0,440.0,-0.97,17766.0,738.0,550.0
GFCL,1/25/2024,431.2,446.9,431.2,443.9,0.89,10497.0,738.0,550.0
GFCL,1/28/2024,451.0,452.0,431.2,440.0,-0.88,5822.0,738.0,550.0
GFCL,1/29/2024,440.0,446.0,440.0,444.0,0.91,5809.0,738.0,550.0
GFCL,1/30/2024,437.2,453.0,437.2,445.0,0.23,5649.0,738.0,550.0
GFCL,1/31/2024,440.0,448.5,436.1,436.1,-2.0,7746.0,738.0,550.0
GFCL,2/1/2024,431.0,444.8,427.5,431.6,-1.03,14113.0,738.0,550.0
GFCL,2/4/2024,425.0,443.0,425.0,433.4,0.42,6212.0,738.0,550.0
GFCL,2/5/2024,441.0,442.0,435.1,441.0,1.75,9620.0,738.0,550.0
GFCL,2/6/2024,433.0,448.0,433.0,443.5,0.57,4720.0,738.0,550.0
GFCL,2/7/2024,444.0,444.0,439.0,441.6,-0.43,6942.0,738.0,550.0
GFCL,2/8/2024,436.0,441.6,433.0,441.5,-0.02,5035.0,738.0,550.0
GFCL,2/11/2024,444.0,445.0,436.0,440.0,-0.34,11988.0,738.0,550.0
GFCL,2/12/2024,445.0,453.9,440.2,445.0,1.14,7718.0,738.0,550.0
GFCL,2/13/2024,437.2,440.0,435.0,438.5,-1.46,11045.0,738.0,550.0
GFCL,2/14/2024,440.0,473.8,440.0,465.0,6.04,51773.0,738.0,550.0
GFCL,2/15/2024,456.8,465.0,448.3,450.0,-3.23,27246.0,738.0,550.0
GFCL,2/18/2024,450.0,458.0,435.0,435.0,-3.33,18233.0,738.0,550.0
GFCL,2/20/2024,430.5,443.7,430.5,442.9,1.82,10469.0,738.0,550.0
GFCL,2/21/2024,442.1,442.1,435.0,435.2,-1.74,5450.0,738.0,550.0
GFCL,2/22/2024,435.8,452.0,433.6,437.3,0.48,22240.0,738.0,550.0
GFCL,2/25/2024,434.0,452.4,433.7,443.9,1.51,15700.0,738.0,550.0
GFCL,2/26/2024,443.0,449.9,437.0,439.0,-1.1,4284.0,738.0,550.0
GFCL,2/27/2024,439.1,446.7,435.3,437.3,-0.39,4831.0,738.0,550.0
GFCL,2/28/2024,439.0,445.9,432.0,436.0,-0.3,11794.0,738.0,550.0
GFCL,2/29/2024,438.9,438.9,426.0,426.1,-2.27,9908.0,738.0,550.0
GFCL,3/3/2024,426.1,427.0,419.0,421.3,-1.13,11732.0,738.0,550.0
GFCL,3/4/2024,429.7,445.0,429.0,445.0,5.63,4104.0,738.0,550.0
GFCL,3/5/2024,453.9,453.9,429.1,437.7,-1.64,11032.0,738.0,550.0
GFCL,3/6/2024,435.0,445.0,427.1,444.0,1.44,13466.0,738.0,550.0
GFCL,3/7/2024,440.0,451.5,438.1,442.0,-0.45,9143.0,738.0,550.0
GFCL,3/10/2024,447.9,451.7,443.4,443.4,0.32,10471.0,738.0,550.0
GFCL,3/12/2024,452.0,460.0,450.0,453.1,2.19,10822.0,738.0,550.0
GFCL,3/13/2024,455.1,470.0,453.1,464.0,2.41,21041.0,738.0,550.0
GFCL,3/14/2024,470.9,473.2,456.1,464.0,0.0,24787.0,738.0,550.0
GFCL,3/17/2024,460.0,470.0,460.0,469.7,1.23,10350.0,738.0,550.0
GFCL,3/18/2024,473.9,474.0,462.7,467.9,-0.38,7813.0,738.0,550.0
GFCL,3/19/2024,473.0,494.0,473.0,478.1,2.18,49870.0,738.0,550.0
GFCL,3/20/2024,475.1,483.0,467.1,472.0,-1.28,24327.0,738.0,550.0
GFCL,3/21/2024,474.0,487.0,469.0,476.0,0.85,22624.0,738.0,550.0
GFCL,3/25/2024,476.0,476.0,461.2,472.0,-0.84,6355.0,738.0,550.0
GFCL,3/26/2024,474.0,474.0,464.0,468.0,-0.85,8327.0,738.0,550.0
GFCL,3/27/2024,475.0,475.0,458.7,460.0,-1.71,8188.0,738.0,550.0
GFCL,3/28/2024,461.0,462.0,453.2,460.0,0.0,8279.0,738.0,550.0
GFCL,3/31/2024,455.0,457.6,450.0,456.9,-0.67,7987.0,738.0,550.0
GFCL,4/1/2024,460.0,460.0,445.2,450.9,-1.31,5368.0,738.0,550.0
GFCL,4/2/2024,450.9,451.0,445.3,447.4,-0.78,2779.0,738.0,550.0
GFCL,4/3/2024,450.0,454.9,445.6,448.0,0.13,3348.0,738.0,550.0
GFCL,4/4/2024,448.0,455.5,445.1,452.0,0.89,8428.0,738.0,550.0
GFCL,4/7/2024,461.0,484.5,455.4,482.0,6.64,28479.0,738.0,550.0
GFCL,4/9/2024,490.0,500.0,481.2,494.9,2.68,54123.0,738.0,550.0
GFCL,4/10/2024,504.0,504.0,474.0,474.0,-4.22,47589.0,738.0,550.0
GFCL,4/14/2024,470.0,476.0,466.0,468.9,-1.08,19718.0,738.0,550.0
GFCL,4/15/2024,462.0,474.0,458.0,463.0,-1.26,7719.0,738.0,550.0
GFCL,4/16/2024,463.0,465.0,446.4,451.7,-2.44,14723.0,738.0,550.0
GFCL,4/18/2024,453.1,459.0,442.7,447.7,-0.89,18441.0,738.0,550.0
GFCL,4/21/2024,441.0,453.9,439.0,448.0,0.07,13244.0,738.0,550.0
GFCL,4/22/2024,440.1,447.0,438.0,440.0,-1.79,10328.0,738.0,550.0
GFCL,4/24/2024,447.8,459.9,439.0,445.8,1.32,14397.0,738.0,550.0
GFCL,4/25/2024,454.0,470.0,453.0,457.0,2.51,28274.0,738.0,550.0
GFCL,4/28/2024,458.1,479.8,449.9,472.0,3.28,39149.0,738.0,550.0
GFCL,4/29/2024,464.0,492.0,464.0,486.5,3.07,49212.0,738.0,550.0
GFCL,4/30/2024,492.0,511.0,489.0,489.0,0.51,147235.0,738.0,550.0
GFCL,5/2/2024,485.0,493.9,475.3,475.3,-2.8,31494.0,738.0,550.0
GFCL,5/5/2024,466.1,484.0,461.0,463.9,-2.4,25333.0,738.0,550.0
GFCL,5/6/2024,469.0,469.0,453.3,458.9,-1.08,10975.0,738.0,550.0
GFCL,5/7/2024,462.0,464.0,449.8,453.9,-1.09,19922.0,738.0,550.0
GFCL,5/8/2024,456.5,468.0,451.2,468.0,3.11,22955.0,738.0,550.0
GFCL,5/9/2024,475.9,475.9,465.0,469.0,0.21,17070.0,738.0,550.0
GFCL,5/12/2024,469.9,469.9,462.0,462.9,-1.3,13531.0,738.0,550.0
GFCL,5/13/2024,463.2,469.0,459.6,460.0,-0.63,12782.0,738.0,550.0
GFCL,5/14/2024,458.0,467.1,456.0,466.4,1.39,17251.0,738.0,550.0
GFCL,5/15/2024,465.0,470.9,457.0,457.0,-2.02,13759.0,738.0,550.0
GFCL,5/16/2024,460.0,464.0,450.1,456.8,-0.04,13830.0,738.0,550.0
GFCL,5/19/2024,465.9,467.7,446.0,467.7,2.39,53946.0,738.0,550.0
GFCL,5/20/2024,473.0,473.0,457.0,458.0,-2.07,12984.0,738.0,550.0
GFCL,5/21/2024,460.5,475.0,460.5,473.0,3.28,22442.0,738.0,550.0
GFCL,5/22/2024,482.4,482.4,460.0,464.0,-1.9,10898.0,738.0,550.0
GFCL,5/26/2024,455.1,469.9,455.1,462.9,-0.24,5194.0,738.0,550.0
GFCL,5/27/2024,467.0,467.0,457.7,460.0,-0.63,10673.0,738.0,550.0
GFCL,5/29/2024,469.2,469.2,450.3,452.0,-1.74,10652.0,738.0,550.0
GFCL,5/30/2024,455.0,459.9,450.0,458.0,1.33,16547.0,738.0,550.0
GFCL,6/2/2024,458.0,470.0,456.0,464.9,1.51,24839.0,738.0,550.0
GFCL,6/3/2024,467.0,479.0,464.6,469.0,0.88,27914.0,738.0,550.0
GFCL,6/4/2024,478.3,478.3,460.1,466.8,-0.47,25341.0,738.0,550.0
GFCL,6/5/2024,466.8,475.0,463.4,467.8,0.21,14509.0,738.0,550.0
GFCL,6/6/2024,477.1,477.1,460.3,462.0,-1.24,14339.0,738.0,550.0
GFCL,6/9/2024,462.0,468.9,454.0,454.0,-1.73,13660.0,738.0,550.0
GFCL,6/10/2024,446.0,471.0,446.0,464.0,2.2,17557.0,738.0,550.0
GFCL,6/11/2024,473.0,473.0,465.0,469.6,1.21,16252.0,738.0,550.0
GFCL,6/12/2024,465.0,483.0,465.0,483.0,2.85,33374.0,738.0,550.0
GFCL,6/13/2024,485.0,531.3,478.0,525.7,8.84,195627.0,738.0,550.0
GFCL,6/16/2024,536.2,545.1,515.0,519.0,-1.27,57517.0,738.0,550.0
GFCL,6/18/2024,528.9,528.9,506.0,513.0,-1.16,31060.0,738.0,550.0
GFCL,6/19/2024,513.0,536.5,511.0,520.6,1.48,60748.0,738.0,550.0
GFCL,6/20/2024,517.3,572.1,517.3,549.0,5.46,150375.0,738.0,550.0
GFCL,6/23/2024,538.1,580.3,538.1,580.3,5.7,142850.0,738.0,550.0
GFCL,6/24/2024,590.0,630.0,581.0,613.0,5.64,148320.0,738.0,550.0
GFCL,6/25/2024,613.0,623.9,579.0,589.9,-3.77,68953.0,738.0,550.0
GFCL,6/26/2024,578.2,635.0,578.2,617.3,4.64,246054.0,738.0,550.0
GFCL,6/27/2024,620.0,627.9,599.0,599.0,-2.96,61498.0,738.0,550.0
GFCL,6/30/2024,598.0,619.3,587.0,588.0,-1.84,118836.0,738.0,550.0
GFCL,7/1/2024,577.0,634.0,565.1,610.0,3.74,116411.0,738.0,550.0
GFCL,7/2/2024,622.2,660.1,603.0,645.0,5.74,174026.0,738.0,550.0
GFCL,7/3/2024,632.1,686.0,632.1,684.9,6.19,158548.0,738.0,550.0
GFCL,7/4/2024,684.9,690.0,645.0,677.9,-1.02,162866.0,738.0,550.0
GFCL,7/7/2024,664.4,669.9,633.0,633.0,-6.62,178692.0,738.0,550.0
GFCL,7/8/2024,635.0,644.6,627.0,629.8,-0.51,93903.0,738.0,550.0
GFCL,7/9/2024,617.3,645.0,617.3,626.0,-0.6,75600.0,738.0,550.0
GFCL,7/10/2024,638.0,659.9,630.1,655.0,4.63,110515.0,738.0,550.0
GFCL,7/11/2024,641.9,665.0,629.1,630.0,-3.82,75644.0,738.0,550.0
GFCL,7/14/2024,642.6,667.0,637.0,637.0,1.11,51061.0,738.0,550.0
GFCL,7/15/2024,649.7,652.8,603.0,627.0,-1.57,101925.0,738.0,550.0
GFCL,7/16/2024,639.5,640.0,620.0,636.0,1.44,58511.0,738.0,550.0
GFCL,7/17/2024,645.0,670.0,640.0,666.0,4.72,65162.0,738.0,550.0
GFCL,7/18/2024,669.8,685.0,650.0,650.0,-2.4,114795.0,738.0,550.0
GFCL,7/21/2024,658.9,665.0,646.0,664.0,2.15,93293.0,738.0,550.0
GFCL,7/22/2024,664.9,668.8,646.9,650.4,-2.05,64513.0,738.0,550.0
GFCL,7/23/2024,663.4,696.0,652.1,682.1,4.87,109093.0,738.0,550.0
GFCL,7/24/2024,682.1,714.0,673.0,699.9,2.61,153414.0,738.0,550.0
GFCL,7/25/2024,688.0,764.0,688.0,725.0,3.59,116201.0,738.0,550.0
GFCL,7/28/2024,739.5,739.5,707.1,727.9,0.4,77704.0,738.0,550.0
GFCL,7/29/2024,742.4,800.6,716.0,769.0,5.65,185882.0,738.0,550.0
GFCL,7/30/2024,779.8,808.0,763.0,795.4,3.43,105618.0,738.0,550.0
GFCL,7/31/2024,809.0,855.0,795.0,848.5,6.68,131794.0,738.0,550.0
GFCL,8/1/2024,865.4,880.0,796.2,812.0,-4.3,178486.0,738.0,550.0
GFCL,8/5/2024,828.2,828.2,770.8,777.0,-4.31,211363.0,738.0,550.0
GFCL,8/6/2024,761.5,780.0,700.0,726.0,-6.56,267562.0,738.0,550.0
GFCL,8/7/2024,736.0,798.6,711.5,798.6,10.0,142374.0,738.0,550.0
GFCL,8/8/2024,814.5,877.0,814.5,836.0,4.68,192559.0,738.0,550.0
GFCL,8/11/2024,836.0,914.8,819.3,890.0,6.46,221802.0,738.0,550.0
GFCL,8/12/2024,900.0,975.0,900.0,973.5,9.38,162472.0,738.0,550.0
GFCL,8/13/2024,992.9,1070.8,992.9,1070.8,9.99,231251.0,738.0,550.0
GFCL,8/14/2024,1092.2,1177.8,1092.0,1177.8,9.99,160901.0,738.0,550.0
GFCL,8/15/2024,1201.0,1295.0,1078.2,1150.0,-2.36,271498.0,738.0,550.0
GFCL,8/18/2024,1127.0,1244.0,1050.0,1111.0,-3.39,314677.0,738.0,550.0
GFCL,8/21/2024,1133.2,1205.0,1125.3,1192.6,7.34,216898.0,738.0,550.0
GFCL,8/22/2024,1215.0,1300.0,1188.0,1216.0,1.96,191568.0,738.0,550.0
GFCL,8/25/2024,1191.7,1264.0,1169.9,1194.0,-1.81,263165.0,738.0,550.0
GFCL,8/27/2024,1200.0,1234.0,1160.0,1170.0,-2.01,190356.0,738.0,550.0
GFCL,8/28/2024,1193.4,1217.0,1108.0,1125.0,-3.85,111310.0,738.0,550.0
GFCL,8/29/2024,1147.5,1228.7,1090.1,1178.0,4.71,329072.0,738.0,550.0
GFCL,9/1/2024,1201.5,1273.0,1201.5,1230.0,4.41,419230.0,738.0,550.0
GFCL,9/2/2024,1254.3,1353.0,1160.0,1330.0,8.13,373072.0,738.0,550.0
GFCL,9/3/2024,1303.4,1326.0,1225.0,1260.0,-5.26,232209.0,738.0,550.0
GFCL,9/4/2024,1234.8,1270.0,1150.0,1150.0,-8.73,197053.0,738.0,550.0
GFCL,9/5/2024,1155.0,1265.0,1068.2,1240.0,7.83,266128.0,738.0,550.0
GFCL,9/8/2024,1215.2,1340.8,1116.0,1165.0,-6.05,285786.0,738.0,550.0
GFCL,9/9/2024,1141.7,1250.0,1090.0,1114.0,-4.38,177364.0,738.0,550.0
GFCL,9/10/2024,1091.8,1132.0,1030.7,1079.6,-3.09,127328.0,738.0,550.0
GFCL,9/11/2024,1079.6,1098.0,1048.7,1079.0,-0.06,141136.0,738.0,550.0
GFCL,9/12/2024,1080.0,1118.0,1065.0,1110.0,2.87,119064.0,738.0,550.0
GFCL,9/15/2024,1087.8,1201.1,1040.0,1049.0,-5.5,142104.0,738.0,550.0
GFCL,9/16/2024,1040.0,1059.0,944.1,945.0,-9.91,131976.0,738.0,550.0
GFCL,9/18/2024,963.9,963.9,880.0,881.0,-6.77,142810.0,738.0,550.0
GFCL,9/22/2024,898.6,929.0,866.0,870.0,-1.25,54630.0,738.0,550.0
GFCL,9/23/2024,870.0,870.0,783.0,783.0,-10.0,136164.0,738.0,550.0
GFCL,9/24/2024,798.6,806.9,752.1,761.0,-2.81,96501.0,738.0,550.0
GFCL,9/25/2024,761.0,816.0,750.0,814.8,7.07,71091.0,738.0,550.0
GFCL,9/26/2024,813.0,850.0,809.8,811.0,-0.47,122909.0,738.0,550.0
GFCL,9/29/2024,795.0,825.0,788.0,809.9,-0.14,68488.0,738.0,550.0
GFCL,9/30/2024,820.0,842.5,806.1,842.0,3.96,87235.0,738.0,550.0
GFCL,10/1/2024,845.0,926.2,845.0,926.2,10.0,119328.0,738.0,550.0
GFCL,10/2/2024,944.7,1015.0,937.0,992.0,7.1,162361.0,738.0,550.0
GFCL,10/6/2024,1011.8,1088.9,972.2,1084.0,9.27,145333.0,738.0,550.0
GFCL,10/7/2024,1105.6,1159.7,1051.0,1090.0,0.55,204941.0,738.0,550.0
GFCL,10/8/2024,1090.0,1140.0,1063.0,1065.0,-2.29,97422.0,738.0,550.0
GFCL,10/9/2024,1075.0,1080.6,1050.0,1062.0,-0.28,86960.0,738.0,550.0
GFCL,10/15/2024,1050.0,1083.0,1050.0,1077.0,1.41,168766.0,738.0,550.0
GFCL,10/16/2024,1080.0,1141.3,1065.0,1114.9,3.52,120346.0,738.0,550.0
GFCL,10/17/2024,1092.7,1200.0,1080.0,1200.0,7.63,164841.0,738.0,550.0
GFCL,10/20/2024,1176.0,1176.0,1080.0,1099.1,-8.41,408974.0,738.0,550.0
GFCL,10/21/2024,1077.2,1097.8,1034.0,1037.0,-5.65,134185.0,738.0,550.0
GFCL,10/22/2024,1030.0,1085.0,1021.0,1045.1,0.78,164405.0,738.0,550.0
GFCL,10/23/2024,1045.0,1098.0,1040.0,1062.9,1.7,172659.0,738.0,550.0
GFCL,10/24/2024,1062.9,1078.8,1010.0,1015.0,-4.51,75135.0,738.0,550.0
GFCL,10/27/2024,1017.1,1034.8,999.1,999.1,-1.57,83007.0,738.0,550.0
GFCL,10/28/2024,1018.0,1049.0,1002.0,1047.9,4.88,65975.0,738.0,550.0
GFCL,10/29/2024,1064.0,1079.0,1032.0,1035.0,-1.23,45661.0,738.0,550.0
GFCL,10/30/2024,1036.0,1047.0,1007.0,1015.2,-1.91,65748.0,738.0,550.0
GFCL,11/5/2024,1021.0,1034.9,1000.6,1005.0,-1.0,32414.0,738.0,550.0
GFCL,11/6/2024,1005.0,1029.1,995.0,1020.0,1.49,79323.0,738.0,550.0
GFCL,11/10/2024,1010.0,1060.0,1010.0,1049.1,2.85,76812.0,738.0,550.0
GFCL,11/11/2024,1067.0,1152.3,1016.0,1152.3,9.84,106698.0,738.0,550.0
GFCL,11/12/2024,1129.3,1129.3,1037.1,1044.5,-9.36,277896.0,738.0,550.0
GFCL,11/13/2024,1044.5,1055.0,1009.0,1026.0,-1.77,77506.0,738.0,550.0
GFCL,11/14/2024,1035.0,1051.0,1004.0,1004.0,-2.14,112718.0,738.0,550.0
GFCL,11/17/2024,1024.0,1040.0,995.0,1003.0,-0.1,81302.0,738.0,550.0
GFCL,11/19/2024,1020.0,1021.0,980.0,985.0,-1.79,80736.0,738.0,550.0
GFCL,11/20/2024,990.0,1008.7,968.0,983.0,-0.2,56055.0,738.0,550.0
GFCL,11/21/2024,999.9,1002.6,957.7,957.7,-2.57,67373.0,738.0,550.0
GFCL,11/24/2024,960.0,975.0,941.0,941.1,-1.73,42788.0,738.0,550.0
GFCL,11/25/2024,959.0,964.9,941.2,942.0,0.1,34448.0,738.0,550.0
GFCL,11/26/2024,942.0,980.0,942.0,969.0,2.87,38119.0,738.0,550.0
GFCL,11/27/2024,979.9,1010.0,955.5,989.9,2.16,94194.0,738.0,550.0
GFCL,11/28/2024,990.0,990.0,961.0,961.0,-2.92,37469.0,738.0,550.0
GFCL,12/1/2024,960.0,961.0,927.1,930.0,-3.23,64163.0,738.0,550.0
GFCL,12/2/2024,936.0,948.0,903.0,911.0,-2.04,68214.0,738.0,550.0
GFCL,12/3/2024,911.0,946.0,900.0,918.0,0.77,63759.0,738.0,550.0
GFCL,12/4/2024,935.7,935.7,899.7,901.0,-1.85,53013.0,738.0,550.0
GFCL,12/5/2024,919.0,919.0,852.0,867.0,-3.77,77078.0,738.0,550.0
GFCL,12/8/2024,870.0,884.0,834.4,842.0,-2.88,57731.0,738.0,550.0
GFCL,12/9/2024,858.8,867.0,834.1,853.0,1.31,57203.0,738.0,550.0
GFCL,12/10/2024,850.0,861.0,837.9,844.0,-1.06,33667.0,738.0,550.0
GFCL,12/11/2024,854.0,855.9,840.0,853.0,1.07,33014.0,738.0,550.0
GFCL,12/12/2024,855.0,860.0,840.0,842.0,-1.29,29665.0,738.0,550.0
GFCL,12/16/2024,842.0,842.0,798.0,800.0,-4.99,57525.0,738.0,550.0
GFCL,12/17/2024,784.0,810.0,784.0,798.0,-0.25,39325.0,738.0,550.0
GFCL,12/18/2024,811.0,820.0,798.0,803.0,0.63,42415.0,738.0,550.0
GFCL,12/19/2024,804.0,818.0,787.0,787.1,-1.98,39338.0,738.0,550.0
GFCL,12/22/2024,797.0,802.0,775.0,779.0,-1.03,34029.0,738.0,550.0
GFCL,12/23/2024,794.5,794.5,777.0,793.5,1.86,39779.0,738.0,550.0
GFCL,12/24/2024,797.0,854.8,795.0,840.0,5.86,90146.0,738.0,550.0
GFCL,12/26/2024,830.0,846.0,813.0,814.0,-3.1,36868.0,738.0,550.0
GFCL,12/29/2024,800.9,825.0,775.1,777.1,-4.53,58404.0,738.0,550.0
GFCL,12/31/2024,761.6,777.0,728.1,764.0,-1.69,90274.0,738.0,550.0
GFCL,1/1/2025,770.0,807.0,765.0,795.0,4.06,60223.0,738.0,550.0
GFCL,1/2/2025,807.9,807.9,784.0,798.9,0.49,27996.0,738.0,550.0
GFCL,1/5/2025,814.0,814.0,793.3,799.9,0.13,41840.0,738.0,550.0
GFCL,1/6/2025,802.0,814.7,790.0,795.0,-0.61,41723.0,738.0,550.0
GFCL,1/7/2025,810.0,815.0,797.1,815.0,2.52,36338.0,738.0,550.0
GFCL,1/8/2025,820.0,867.0,816.0,858.8,5.37,81164.0,738.0,550.0
GFCL,1/9/2025,859.0,867.0,830.0,830.0,-3.35,48251.0,738.0,550.0
GFCL,1/12/2025,825.0,826.0,792.0,792.0,-4.58,43490.0,738.0,550.0
GFCL,1/13/2025,791.0,815.0,778.3,779.0,-1.64,32759.0,738.0,550.0
GFCL,1/15/2025,777.0,790.0,753.2,756.9,-2.84,70036.0,738.0,550.0
GFCL,1/16/2025,741.8,769.9,716.4,716.4,-5.35,76186.0,738.0,550.0
GFCL,1/19/2025,707.5,752.7,703.0,723.9,1.05,67513.0,738.0,550.0
GFCL,1/20/2025,738.0,741.9,715.0,717.0,-0.95,33576.0,738.0,550.0
GFCL,1/21/2025,724.0,734.9,715.1,717.0,0.0,19553.0,738.0,550.0
GFCL,1/22/2025,729.9,740.0,716.0,727.0,1.39,32680.0,738.0,550.0
GFCL,1/23/2025,727.0,740.0,712.0,717.0,-1.38,31772.0,738.0,550.0
GFCL,1/26/2025,717.0,725.1,646.0,702.0,-2.09,129810.0,738.0,550.0
GFCL,1/27/2025,688.0,742.0,688.0,732.0,4.27,66655.0,738.0,550.0
GFCL,1/28/2025,732.0,742.1,715.3,721.1,-1.49,26798.0,738.0,550.0
GFCL,2/2/2025,729.9,740.0,708.0,727.2,0.85,62880.0,738.0,550.0
GFCL,2/3/2025,727.2,737.0,711.0,715.0,-1.68,34058.0,738.0,550.0
GFCL,2/4/2025,720.0,720.0,701.7,702.0,-1.82,33631.0,738.0,550.0
GFCL,2/5/2025,705.0,760.0,691.0,725.9,3.4,51229.0,738.0,550.0
GFCL,2/6/2025,730.0,765.0,726.1,733.0,0.98,85559.0,738.0,550.0
GFCL,2/9/2025,736.1,755.1,720.0,740.0,0.95,46194.0,738.0,550.0
GFCL,2/10/2025,740.0,755.0,729.3,729.3,-1.45,26930.0,738.0,550.0
GFCL,2/11/2025,738.9,749.0,720.0,726.0,-0.45,21983.0,738.0,550.0
GFCL,2/12/2025,740.5,740.5,722.0,725.0,-0.14,25851.0,738.0,550.0
GFCL,2/13/2025,739.0,745.0,732.5,736.5,1.59,56510.0,738.0,550.0
GFCL,2/16/2025,721.8,799.0,721.8,794.0,7.81,113622.0,738.0,550.0
GFCL,2/17/2025,794.0,811.0,768.5,777.0,-2.14,53584.0,738.0,550.0
GFCL,2/18/2025,785.0,785.0,756.0,759.0,-2.32,35681.0,738.0,550.0
GFCL,2/20/2025,759.0,783.0,745.0,756.0,-0.4,45207.0,738.0,550.0
GFCL,2/23/2025,740.9,761.0,738.0,746.0,-1.32,36842.0,738.0,550.0
GFCL,2/24/2025,760.9,760.9,736.1,742.0,-0.54,27096.0,738.0,550.0
GFCL,2/25/2025,735.0,749.7,728.1,728.1,-1.87,36374.0,738.0,550.0
GFCL,2/27/2025,742.6,755.0,713.6,728.0,-0.01,36875.0,738.0,550.0
GFCL,3/2/2025,742.5,770.0,740.0,770.0,5.77,51357.0,738.0,550.0
GFCL,3/3/2025,775.0,796.0,770.0,772.0,0.26,62911.0,738.0,550.0
GFCL,3/4/2025,772.0,780.0,750.0,754.0,-2.33,31720.0,738.0,550.0
GFCL,3/5/2025,754.0,757.9,737.1,744.0,-1.33,29193.0,738.0,550.0
GFCL,3/6/2025,750.0,756.0,737.0,737.2,-0.91,16543.0,738.0,550.0
GFCL,3/9/2025,750.0,750.0,726.1,728.0,-1.25,20888.0,738.0,550.0
GFCL,3/10/2025,729.0,742.3,716.4,721.8,-0.85,23912.0,738.0,550.0
GFCL,3/11/2025,727.0,734.9,705.0,707.2,-2.02,27101.0,738.0,550.0
GFCL,3/12/2025,711.0,718.0,708.0,710.1,0.41,20698.0,738.0,550.0
GFCL,3/16/2025,710.1,714.0,700.0,707.9,-0.31,20873.0,738.0,550.0
GFCL,3/17/2025,701.0,720.9,701.0,705.0,-0.41,15655.0,738.0,550.0
GFCL,3/18/2025,707.2,716.9,702.0,704.0,-0.14,12066.0,738.0,550.0
GFCL,3/19/2025,704.0,710.0,692.0,693.0,-1.56,23346.0,738.0,550.0
GFCL,3/20/2025,699.0,699.0,677.0,680.41,-1.82,35551.0,738.0,550.0
GFCL,3/23/2025,668.0,680.0,656.6,657.36,-3.39,24668.0,738.0,550.0
GFCL,3/24/2025,658.0,679.0,648.1,676.45,2.9,19636.0,738.0,550.0
GFCL,3/25/2025,676.5,676.5,652.1,653.67,-3.37,22810.0,738.0,550.0
GFCL,3/26/2025,663.0,667.0,650.0,660.0,0.97,14004.0,738.0,550.0
GFCL,3/27/2025,663.0,670.0,658.0,665.59,0.85,11616.0,738.0,550.0
GFCL,3/30/2025,665.0,680.0,665.0,674.9,1.4,19716.0,738.0,550.0
GFCL,4/1/2025,675.0,675.0,660.0,661.43,-2.0,16675.0,738.0,550.0
GFCL,4/2/2025,674.5,699.0,664.0,683.83,3.39,34750.0,738.0,550.0
GFCL,4/3/2025,690.0,697.9,670.3,671.52,-1.8,26834.0,738.0,550.0
GFCL,4/7/2025,683.0,683.0,662.1,663.4,-1.21,14550.0,738.0,550.0
GFCL,4/8/2025,660.0,669.0,655.1,662.25,-0.17,14942.0,738.0,550.0
GFCL,4/9/2025,675.0,675.0,660.0,661.3,-0.14,11472.0,738.0,550.0
GFCL,4/10/2025,674.5,683.9,660.0,662.27,0.15,12415.0,738.0,550.0
GFCL,4/13/2025,655.2,675.0,655.2,658.9,-0.51,15436.0,738.0,550.0
GFCL,4/15/2025,670.0,700.0,660.0,678.48,2.97,31114.0,738.0,550.0
GFCL,4/16/2025,680.0,680.0,668.4,670.26,-1.21,10581.0,738.0,550.0
GFCL,4/17/2025,680.0,683.5,666.0,679.49,1.38,24755.0,738.0,550.0
GFCL,4/20/2025,680.0,680.1,667.0,668.97,-1.55,13971.0,738.0,550.0
GFCL,4/21/2025,675.0,675.0,660.0,662.19,-1.01,26183.0,738.0,550.0
GFCL,4/22/2025,663.0,667.0,654.0,656.81,-0.81,15547.0,738.0,550.0
GFCL,4/23/2025,657.0,661.0,648.0,653.66,-0.48,12428.0,738.0,550.0
GFCL,4/24/2025,657.0,659.0,640.0,643.0,-1.63,16775.0,738.0,550.0
GFCL,4/27/2025,649.9,678.0,634.0,642.28,-0.11,25786.0,738.0,550.0
GFCL,4/28/2025,644.0,680.0,644.0,665.12,3.56,55539.0,738.0,550.0
GFCL,4/29/2025,677.0,677.0,655.2,662.33,-0.42,11563.0,738.0,550.0
GFCL,4/30/2025,662.3,674.0,650.0,651.56,-1.63,12045.0,738.0,550.0
GFCL,5/4/2025,651.0,656.0,647.4,647.73,-0.59,24801.0,738.0,550.0
GFCL,5/5/2025,660.6,660.6,639.0,639.72,-1.24,16068.0,738.0,550.0
GFCL,5/6/2025,640.0,643.0,629.1,629.62,-1.58,29092.0,738.0,550.0
GFCL,5/7/2025,628.0,665.0,620.0,653.76,3.83,37095.0,738.0,550.0
GFCL,5/8/2025,665.4,691.0,645.0,675.6,3.34,80601.0,738.0,550.0
GFCL,5/11/2025,674.0,685.0,648.3,655.21,-3.02,35565.0,738.0,550.0
GFCL,5/13/2025,654.0,667.0,646.0,655.57,0.05,17741.0,738.0,550.0
GFCL,5/14/2025,655.0,664.9,645.0,647.54,-1.22,20443.0,738.0,550.0
GFCL,5/15/2025,650.0,651.0,638.0,640.45,-1.09,13899.0,738.0,550.0
GFCL,5/18/2025,642.1,654.9,642.0,651.33,1.7,26636.0,738.0,550.0
GFCL,5/19/2025,652.3,662.6,646.0,647.62,-0.57,11289.0,738.0,550.0
GFCL,5/20/2025,645.0,660.0,643.0,656.69,1.4,16327.0,738.0,550.0
GFCL,5/21/2025,661.0,701.0,647.1,648.93,-1.18,28952.0,738.0,550.0
GFCL,5/22/2025,645.1,660.0,644.5,647.45,-0.23,19475.0,738.0,550.0
GFCL,5/25/2025,660.0,663.0,634.1,640.98,-1.0,20303.0,738.0,550.0
GFCL,5/26/2025,653.7,667.0,644.0,645.98,0.78,17489.0,738.0,550.0
GFCL,5/27/2025,645.0,648.0,636.1,637.37,-1.33,9530.0,738.0,550.0
GFCL,5/28/2025,638.6,640.0,633.1,636.08,-0.2,11540.0,738.0,550.0
GFCL,6/2/2025,648.8,657.0,637.2,639.5,0.54,8757.0,738.0,550.0
GFCL,6/3/2025,641.0,644.9,630.2,634.45,-0.79,9802.0,738.0,550.0
GFCL,6/4/2025,638.0,640.0,627.5,629.23,-0.82,9492.0,738.0,550.0
GFCL,6/5/2025,625.2,638.9,620.5,628.12,-0.18,20197.0,738.0,550.0
GFCL,6/8/2025,621.1,631.0,620.0,620.52,-1.21,18205.0,738.0,550.0
GFCL,6/9/2025,625.0,630.0,621.0,621.46,0.15,14461.0,738.0,550.0
GFCL,6/10/2025,621.0,664.9,621.0,652.9,5.06,55712.0,738.0,550.0
GFCL,6/11/2025,664.0,665.4,637.1,639.3,-2.08,40233.0,738.0,550.0
GFCL,6/12/2025,648.9,652.0,636.1,641.84,0.4,18160.0,738.0,550.0
GFCL,6/15/2025,646.0,650.0,635.1,635.93,-0.92,22391.0,738.0,550.0
GFCL,6/16/2025,640.0,640.0,628.0,630.69,-0.82,13356.0,738.0,550.0
GFCL,6/17/2025,630.0,641.9,624.0,625.04,-0.9,13261.0,738.0,550.0
GFCL,6/18/2025,637.5,637.5,624.8,629.31,0.68,27083.0,738.0,550.0
GFCL,6/19/2025,641.4,641.4,620.1,621.36,-1.26,21102.0,738.0,550.0
GFCL,6/22/2025,612.0,627.0,612.0,614.15,-1.16,12854.0,738.0,550.0
GFCL,6/23/2025,622.0,626.4,606.0,610.3,-0.63,12810.0,738.0,550.0
GFCL,6/24/2025,615.0,620.0,600.0,602.43,-1.29,16815.0,738.0,550.0
GFCL,6/25/2025,610.0,614.0,600.0,600.33,-0.35,12295.0,738.0,550.0
GFCL,6/26/2025,610.0,610.0,597.0,598.81,-0.25,11996.0,738.0,550.0
GFCL,6/29/2025,605.0,605.0,591.5,599.77,0.16,17061.0,738.0,550.0
GFCL,6/30/2025,600.0,603.0,595.0,599.57,-0.03,6378.0,738.0,550.0
GFCL,7/1/2025,595.0,614.0,595.0,610.16,1.77,10195.0,738.0,550.0
GFCL,7/2/2025,612.0,628.1,611.0,621.98,1.94,29052.0,738.0,550.0
GFCL,7/3/2025,634.0,665.0,616.0,647.31,4.07,54190.0,738.0,550.0
GFCL,7/6/2025,655.0,685.0,642.1,667.77,3.16,89361.0,738.0,550.0
GFCL,7/7/2025,668.0,670.0,640.0,641.74,-3.9,31850.0,738.0,550.0
GFCL,7/8/2025,640.0,655.0,630.0,650.21,1.32,23409.0,738.0,550.0
GFCL,7/9/2025,651.0,654.5,639.9,647.94,-0.35,15701.0,738.0,550.0
GFCL,7/10/2025,660.8,660.8,650.1,653.59,0.87,16860.0,738.0,550.0
GFCL,7/13/2025,666.6,679.0,660.0,668.49,2.28,42374.0,738.0,550.0
GFCL,7/14/2025,666.0,679.2,662.0,675.13,0.99,36337.0,738.0,550.0
GFCL,7/15/2025,684.0,710.0,672.0,696.09,3.1,98379.0,738.0,550.0
GFCL,7/16/2025,709.9,717.0,703.1,714.37,2.63,50552.0,738.0,550.0
GFCL,7/17/2025,728.6,729.0,711.2,724.47,1.41,56418.0,738.0,550.0
GFCL,7/20/2025,710.0,724.8,710.0,710.5,-1.93,115934.0,738.0,550.0
GFCL,7/21/2025,709.0,717.5,705.1,706.93,-0.5,58833.0,738.0,550.0
GFCL,7/22/2025,719.5,734.0,715.0,730.29,3.3,56338.0,738.0,550.0
GFCL,7/23/2025,732.0,756.8,717.0,738.61,1.14,61567.0,738.0,550.0
GFCL,7/24/2025,738.0,750.0,725.0,727.53,-1.5,33090.0,738.0,550.0
GFCL,7/27/2025,721.0,739.0,700.3,704.47,-3.17,71629.0,738.0,550.0
GFCL,7/28/2025,695.0,730.0,695.0,726.38,3.11,57195.0,738.0,550.0
GFCL,7/29/2025,740.9,740.9,720.0,721.04,-0.74,28352.0,738.0,550.0
GFCL,7/30/2025,718.0,735.0,703.0,705.6,-2.14,27941.0,738.0,550.0
GFCL,7/31/2025,701.2,748.6,695.0,708.8,0.45,78804.0,738.0,550.0
GFCL,8/3/2025,708.0,730.0,701.2,702.46,-0.89,26017.0,738.0,550.0
GFCL,8/4/2025,716.0,716.5,684.0,694.74,-1.1,43709.0,738.0,550.0
GFCL,8/5/2025,685.0,705.0,675.0,677.07,-2.54,21386.0,738.0,550.0
GFCL,8/6/2025,680.0,685.0,665.0,674.72,-0.35,16375.0,738.0,550.0
GFCL,8/7/2025,684.0,685.0,675.0,684.02,1.38,9921.0,738.0,550.0
GFCL,8/11/2025,697.7,697.7,675.0,676.35,-1.12,13541.0,738.0,550.0
GFCL,8/12/2025,680.0,680.0,662.3,664.69,-1.72,12030.0,738.0,550.0
GFCL,8/13/2025,652.0,677.3,652.0,661.35,-0.5,9792.0,738.0,550.0
GFCL,8/14/2025,673.9,673.9,653.1,654.55,-1.03,8407.0,738.0,550.0
GFCL,8/17/2025,660.9,661.0,643.0,645.89,-1.32,12277.0,738.0,550.0
GFCL,8/18/2025,658.0,669.9,638.3,644.69,-0.19,8931.0,738.0,550.0
GFCL,8/19/2025,657.0,657.0,641.0,641.62,-0.48,14371.0,738.0,550.0
GFCL,8/20/2025,635.7,654.0,635.7,640.0,-0.25,5836.0,738.0,550.0
GFCL,8/21/2025,640.0,641.0,631.0,631.24,-1.37,11329.0,738.0,550.0
GFCL,8/24/2025,625.0,643.8,625.0,632.75,0.24,4182.0,738.0,550.0
GFCL,8/25/2025,630.1,636.0,624.0,632.42,-0.05,8383.0,738.0,550.0
GFCL,8/26/2025,635.0,637.9,628.0,628.0,-0.7,4321.0,738.0,550.0
GFCL,8/27/2025,630.0,645.0,630.0,639.3,1.8,9660.0,738.0,550.0
GFCL,8/28/2025,642.0,643.9,630.0,630.53,-1.37,8776.0,738.0,550.0
GFCL,8/31/2025,632.0,643.0,620.4,620.79,-1.54,6879.0,738.0,550.0
GFCL,9/1/2025,630.0,630.0,620.1,623.96,0.51,7761.0,738.0,550.0
GFCL,9/2/2025,623.96,623.96,613.0,614.64,-1.49,6572.0,738.0,550.0
GFCL,9/3/2025,615.0,623.0,610.0,612.94,-0.28,7634.0,738.0,550.0
GFCL,9/4/2025,625.0,626.0,608.0,609.21,-0.61,10300.0,738.0,550.0
GFCL,9/7/2025,608.0,616.0,605.0,608.4,-0.13,7681.0,738.0,550.0
GFCL,9/8/2025,615.0,615.0,597.0,598.4,-1.64,12328.0,738.0,550.0
GFCL,9/18/2025,586.5,586.5,550.0,550.0,-8.09,1465.0,738.0,550.0
GFCL,9/21/2025,550.0,605.0,528.3,605.0,10.0,19904.0,738.0,550.0
GFCL,9/23/2025,617.1,650.0,617.1,640.0,5.79,20737.0,738.0,550.0
GFCL,9/24/2025,635.0,640.0,611.0,629.0,-1.72,9510.0,738.0,550.0
GFCL,9/25/2025,641.0,641.0,615.0,616.1,-2.05,3964.0,738.0,550.0
GFCL,9/28/2025,610.0,617.0,609.0,617.0,0.15,3687.0,738.0,550.0
GFCL,10/7/2025,605.1,627.0,593.0,627.0,1.62,4864.0,738.0,550.0
GFCL,10/8/2025,615.1,621.0,593.0,600.1,-4.29,16301.0,738.0,550.0
GFCL,10/9/2025,612.1,637.7,609.0,612.6,2.08,12497.0,738.0,550.0
GFCL,10/12/2025,601.4,621.0,590.0,597.0,-2.55,12513.0,738.0,550.0
GFCL,10/13/2025,597.0,608.0,591.0,596.1,-0.15,10186.0,738.0,550.0
GFCL,10/14/2025,593.0,599.0,585.0,585.5,-1.78,5522.0,738.0,550.0
GFCL,10/15/2025,580.0,590.0,574.0,578.0,-1.28,6094.0,738.0,550.0
GFCL,10/16/2025,589.0,589.5,560.0,561.0,-2.94,12064.0,738.0,550.0
GFCL,10/19/2025,572.0,572.0,561.0,565.0,0.71,7494.0,738.0,550.0
GFCL,10/26/2025,555.0,560.0,550.0,560.0,-0.88,4799.0,738.0,550.0
GFCL,10/28/2025,569.0,580.0,569.0,575.0,2.68,4418.0,738.0,550.0
GFCL,10/29/2025,580.0,589.9,570.0,570.1,-0.85,4724.0,738.0,550.0
GFCL,10/30/2025,570.1,580.0,560.4,573.5,0.6,6092.0,738.0,550.0
GFCL,11/2/2025,583.0,600.0,583.0,597.0,4.1,19310.0,738.0,550.0
GFCL,11/3/2025,597.0,623.0,597.0,608.0,1.84,15408.0,738.0,550.0
GFCL,11/4/2025,605.0,609.0,590.0,598.8,-1.51,5485.0,738.0,550.0
GFCL,11/5/2025,590.1,619.0,586.1,618.9,3.36,11165.0,738.0,550.0
GFCL,11/6/2025,627.0,631.0,610.0,616.0,-0.47,15088.0,738.0,550.0
GFCL,11/9/2025,605.5,607.0,595.0,599.0,-2.76,7990.0,738.0,550.0
GFCL,11/10/2025,589.0,608.5,587.0,591.0,-1.34,6383.0,738.0,550.0
GFCL,11/11/2025,592.0,592.0,579.2,588.7,-0.39,6646.0,738.0,550.0
GFCL,11/12/2025,578.1,600.0,571.4,574.0,-2.5,8811.0,738.0,550.0
GFCL,11/13/2025,562.6,582.5,562.6,580.0,1.05,5028.0,738.0,550.0
GFCL,11/16/2025,573.4,575.0,569.0,570.0,-1.72,10535.0,738.0,550.0
GFCL,11/17/2025,566.0,580.0,561.5,576.0,1.05,2145.0,738.0,550.0
GFCL,11/18/2025,587.0,588.0,577.1,577.1,0.19,4798.0,738.0,550.0
GFCL,11/19/2025,579.1,582.0,575.0,578.0,0.16,5013.0,738.0,550.0
GFCL,11/20/2025,572.0,580.0,572.0,573.1,-0.85,6080.0,738.0,550.0
GFCL,11/23/2025,584.0,590.0,574.0,588.0,2.6,7072.0,738.0,550.0
GFCL,11/24/2025,593.0,599.8,588.1,599.0,1.87,8541.0,738.0,550.0
GFCL,11/25/2025,600.0,612.0,588.0,598.0,-0.17,8062.0,738.0,550.0
GFCL,11/26/2025,595.0,600.0,590.0,597.0,-0.17,4955.0,738.0,550.0
GFCL,11/27/2025,598.8,600.0,589.0,590.0,-1.17,11137.0,738.0,550.0
GFCL,11/30/2025,590.1,605.0,585.0,586.0,-0.68,6594.0,738.0,550.0
GFCL,12/1/2025,580.0,595.0,577.3,590.0,0.68,6504.0,738.0,550.0
GFCL,12/2/2025,590.0,595.0,583.0,592.0,0.34,5379.0,738.0,550.0
GFCL,12/3/2025,600.0,605.0,590.1,598.9,1.17,28075.0,738.0,550.0
GFCL,12/7/2025,609.5,609.5,591.0,594.0,-0.82,9001.0,738.0,550.0
GFCL,12/8/2025,585.2,600.0,583.1,594.9,0.15,3266.0,738.0,550.0
GFCL,12/9/2025,590.1,596.0,590.0,595.0,0.02,1691.0,738.0,550.0
GFCL,12/10/2025,591.0,591.0,577.4,580.0,-2.52,9505.0,738.0,550.0
GFCL,12/11/2025,585.0,587.5,577.0,577.0,-0.52,5237.0,738.0,550.0
GFCL,12/14/2025,588.0,588.0,571.0,573.0,-0.69,4853.0,738.0,550.0
GFCL,12/15/2025,575.0,591.0,571.0,591.0,3.14,9830.0,738.0,550.0
GFCL,12/16/2025,590.0,593.9,586.0,592.5,0.25,4455.0,738.0,550.0
GFCL,12/17/2025,598.9,600.0,587.0,596.7,0.71,11085.0,738.0,550.0
GFCL,12/18/2025,598.0,598.0,581.2,581.2,-2.6,12936.0,738.0,550.0
GFCL,12/21/2025,581.2,581.2,566.3,570.0,-1.93,19831.0,738.0,550.0
GFCL,12/22/2025,581.4,581.4,560.0,569.0,-0.18,17335.0,738.0,550.0
GFCL,12/23/2025,565.0,566.1,560.0,565.0,-0.7,15778.0,738.0,550.0
GFCL,12/24/2025,568.0,574.0,555.0,556.1,-1.58,24313.0,738.0,550.0
GFCL,12/28/2025,567.2,575.0,562.0,574.9,3.38,18068.0,738.0,550.0
GFCL,12/29/2025,585.9,594.8,579.0,584.8,1.72,30556.0,738.0,550.0
GFCL,12/31/2025,589.9,593.7,581.0,588.0,0.55,8887.0,738.0,550.0
GFCL,1/1/2026,591.0,591.0,578.2,590.0,0.34,29870.0,738.0,550.0
GFCL,1/4/2026,590.0,595.0,582.0,588.0,-0.34,21382.0,738.0,550.0
GFCL,1/5/2026,593.0,605.0,591.5,604.9,2.87,46675.0,738.0,550.0
GFCL,1/6/2026,611.0,648.7,606.0,637.9,5.46,73056.0,738.0,550.0
GFCL,1/7/2026,644.0,650.6,627.0,638.0,0.02,57024.0,738.0,550.0
GFCL,1/8/2026,647.5,647.5,624.5,624.9,-2.05,46772.0,738.0,550.0
GFCL,1/12/2026,625.0,642.0,625.0,632.0,1.14,50818.0,738.0,550.0
GFCL,1/13/2026,639.8,639.8,625.0,628.0,-0.63,24583.0,738.0,550.0
GFCL,1/14/2026,630.0,673.0,628.0,664.0,5.73,95147.0,738.0,550.0
GFCL,1/18/2026,660.0,712.0,660.0,710.0,6.93,109933.0,738.0,550.0
GFCL,1/20/2026,724.2,738.0,691.4,700.1,-1.39,98589.0,738.0,550.0
GFCL,1/21/2026,700.0,708.0,676.3,685.0,-2.16,46315.0,738.0,550.0
GFCL,1/22/2026,685.0,724.0,684.5,722.0,5.4,86514.0,738.0,550.0
GFCL,1/25/2026,725.0,730.0,700.0,704.0,-2.49,56739.0,738.0,550.0
GFCL,1/26/2026,703.2,709.5,685.0,695.8,-1.16,81674.0,738.0,550.0
GFCL,1/27/2026,696.0,699.0,665.0,666.8,-4.17,67612.0,738.0,550.0
GFCL,1/28/2026,670.0,691.0,670.0,689.8,3.45,58487.0,738.0,550.0
GFCL,1/29/2026,703.0,706.0,666.0,675.0,-2.15,55630.0,738.0,550.0
GFCL,2/1/2026,688.0,695.0,658.0,682.0,1.04,88596.0,738.0,550.0
GFCL,2/2/2026,677.0,684.9,662.0,672.0,-1.47,38609.0,738.0,550.0
GFCL,2/3/2026,662.5,672.5,656.0,661.8,-1.52,27408.0,738.0,550.0
GFCL,2/4/2026,651.0,667.5,651.0,654.0,-1.18,37748.0,738.0,550.0
GFCL,2/5/2026,655.0,667.0,654.0,657.3,0.5,25668.0,738.0,550.0
GFCL,2/8/2026,659.0,680.0,657.0,665.0,1.17,45416.0,738.0,550.0
GFCL,2/9/2026,662.0,664.0,645.0,650.0,-2.26,27846.0,738.0,550.0
GFCL,2/10/2026,652.0,652.0,633.2,638.0,-1.85,27090.0,738.0,550.0
GFCL,2/11/2026,649.0,649.0,635.0,635.0,-0.47,11708.0,738.0,550.0
GFCL,2/12/2026,628.0,655.0,628.0,641.0,0.94,25505.0,738.0,550.0
GFCL,2/16/2026,649.9,656.8,643.0,650.0,1.4,23838.0,738.0,550.0
GFCL,2/17/2026,644.0,651.0,637.1,640.0,-1.54,23457.0,738.0,550.0
GFCL,2/22/2026,635.0,638.0,620.0,621.0,-2.97,14536.0,738.0,550.0
GFCL,2/23/2026,633.0,640.0,616.0,625.1,0.66,14768.0,738.0,550.0
GFCL,2/24/2026,622.1,634.8,622.1,633.0,1.26,9044.0,738.0,550.0
GFCL,2/25/2026,637.59,640.0,628.0,628.0,-0.79,8852.0,738.0,550.0
GFCL,2/26/2026,628.0,638.0,628.0,635.0,1.11,7116.0,738.0,550.0
GFCL,2/27/2026,628.0,638.0,628.0,635.0,0.0,7116.0,738.0,550.0
GFCL,2/28/2026,628.0,638.0,628.0,635.0,0.0,7116.0,738.0,550.0
GFCL,3/2/2026,629.0,670.0,611.3,658.0,3.62,38588.0,738.0,550.0
GFCL,3/3/2026,658.0,674.6,650.0,674.6,2.52,20087.0,738.0,550.0
GFCL,3/4/2026,658.0,674.6,650.0,674.6,0.0,20087.0,738.0,550.0
GFCL,3/5/2026,658.0,674.6,650.0,674.6,0.0,20087.0,738.0,550.0
GFCL,3/6/2026,658.0,674.6,650.0,674.6,0.0,20087.0,738.0,550.0
GFCL,3/7/2026,658.0,674.6,650.0,674.6,0.0,20087.0,738.0,550.0
GFCL,3/8/2026,658.0,674.6,650.0,674.6,0.0,20087.0,738.0,550.0
GFCL,3/9/2026,688.0,715.7,688.0,715.7,6.09,220.0,738.0,550.0
GFCL,3/10/2026,725.0,725.0,688.0,700.0,-2.19,95271.0,738.0,550.0
GFCL,3/11/2026,708.0,708.0,675.0,682.0,-2.57,32128.0,738.0,550.0
GFCL,3/12/2026,685.0,695.0,676.1,682.3,0.04,25692.0,738.0,550.0
GFCL,3/13/2026,685.0,695.0,676.1,682.3,0.0,25692.0,738.0,550.0
GFCL,3/14/2026,685.0,695.0,676.1,682.3,0.0,25692.0,738.0,550.0
GFCL,3/15/2026,690.0,690.0,677.0,686.9,0.67,29227.0,738.0,550.0
GFCL,3/16/2026,688.0,689.9,670.3,673.3,-1.98,12032.0,738.0,550.0
GFCL,3/17/2026,660.0,680.0,660.0,671.0,-0.34,14810.0,738.0,550.0
GFCL,3/18/2026,660.0,680.0,660.0,671.0,0.0,14810.0,738.0,550.0
GFCL,3/19/2026,684.0,685.0,662.0,682.0,1.64,33851.0,738.0,550.0
GFCL,3/20/2026,684.0,685.0,662.0,682.0,0.0,33851.0,738.0,550.0
GFCL,3/21/2026,684.0,685.0,662.0,682.0,0.0,33851.0,738.0,550.0
GFCL,3/22/2026,695.0,706.0,685.1,702.0,2.93,59281.0,738.0,550.0
GFCL,3/23/2026,716.0,716.0,695.1,705.0,0.43,25115.0,738.0,550.0
GFCL,3/24/2026,706.0,706.0,691.0,700.0,-0.71,38105.0,738.0,550.0
GFCL,3/25/2026,713.7,713.7,680.0,683.0,-2.43,27531.0,738.0,550.0
GFCL,3/26/2026,687.0,690.0,676.0,690.0,0.44,16696.0,738.0,550.0
GFCL,3/29/2026,703.8,703.8,665.0,672.0,-4.52,29278.0,738.0,550.0
GFCL,3/30/2026,660.0,684.0,652.0,653.0,-1.06,23968.0,738.0,550.0
GFCL,3/31/2026,650.0,673.0,648.0,671.0,3.23,17828.0,738.0,550.0
GFCL,4/1/2026,671.0,671.0,645.0,646.0,-3.73,26515.0,738.0,550.0
GFCL,4/2/2026,640.0,663.0,630.2,647.0,1.09,21987.0,738.0,550.0
GFCL,4/5/2026,636.0,640.2,622.4,626.5,-1.49,28121.0,738.0,550.0
GFCL,4/6/2026,624.0,654.0,620.0,640.0,2.56,34995.0,738.0,550.0
GFCL,4/7/2026,640.0,650.0,628.3,635.0,-0.78,14289.0,738.0,550.0
GFCL,4/8/2026,647.0,647.0,635.0,642.0,-0.77,9691.0,738.0,550.0
GFCL,4/9/2026,644.0,654.8,640.0,654.0,1.55,18037.0,738.0,550.0
GFCL,4/10/2026,652.0,659.9,643.1,648.1,-0.6,29762.0,738.0,550.0
GFCL,4/13/2026,658.9,658.9,643.2,643.2,-2.38,5823.0,738.0,550.0
GFCL,4/15/2026,655.9,655.9,646.0,648.0,-1.2,6899.0,738.0,550.0
GFCL,4/16/2026,648.0,654.9,630.0,643.0,-0.77,18417.0,738.0,550.0
GFCL,4/17/2026,640.0,640.0,630.2,635.0,-0.78,8746.0,738.0,550.0
GFCL,4/20/2026,650.0,650.0,627.0,628.0,-3.38,4830.0,738.0,550.0
GFCL,4/21/2026,631.0,640.0,622.5,622.5,-1.35,8712.0,738.0,550.0
GFCL,4/22/2026,620.0,635.0,619.0,623.1,0.5,15955.0,738.0,550.0
GFCL,4/23/2026,624.0,625.0,618.0,624.5,0.08,14124.0,738.0,550.0
GFCL,4/24/2026,624.5,628.0,617.0,625.0,0.08,5086.0,738.0,550.0
GFCL,4/27/2026,625.0,634.9,625.0,627.0,0.32,4752.0,738.0,550.0
GFCL,4/28/2026,627.0,625.0,621.0,621.5,-0.88,6652.0,738.0,550.0
GFCL,4/29/2026,621.5,624.0,616.0,624.0,0.4,6071.0,738.0,550.0
GFCL,4/30/2026,612.0,623.0,611.2,620.2,1.34,5197.0,738.0,550.0
GFCL,5/4/2026,620.0,620.0,603.0,609.0,-1.77,5543.0,738.0,550.0
GFCL,5/5/2026,600.0,615.0,599.0,602.0,0.33,8142.0,738.0,550.0
GFCL,5/6/2026,610.1,612.0,597.0,603.0,-1.16,5483.0,738.0,550.0
GFCL,5/7/2026,600.0,615.0,598.0,610.0,1.67,4388.0,738.0,550.0
GFCL,5/8/2026,620.0,620.0,607.0,619.7,-0.05,4819.0,738.0,550.0
GFCL,5/11/2026,630.0,635.0,623.4,628.0,-0.32,17624.0,738.0,550.0
GFCL,5/12/2026,631.0,632.5,615.0,625.0,-0.95,13758.0,738.0,550.0
GFCL,5/13/2026,625.0,625.0,616.1,617.0,-1.28,1828.0,738.0,550.0
GFCL,5/14/2026,620.0,620.0,611.0,615.0,-0.81,5652.0,738.0,550.0
GFCL,5/15/2026,610.0,629.0,607.2,625.8,2.59,3946.0,738.0,550.0
GFCL,5/18/2026,620.0,629.9,619.0,627.9,1.27,3414.0,738.0,550.0
GFCL,5/19/2026,622.0,622.0,616.1,617.0,-0.8,2204.0,738.0,550.0
GFCL,5/20/2026,628.9,631.9,620.1,628.0,-0.14,6187.0,738.0,550.0
GFCL,5/21/2026,644.5,644.5,627.0,628.0,-2.56,3111.0,738.0,550.0
GFCL,5/22/2026,620.1,635.0,620.1,635.0,2.4,6415.0,738.0,550.0
GFCL,5/25/2026,635.0,643.0,627.3,627.3,-1.21,10256.0,738.0,550.0
GFCL,5/26/2026,628.2,629.0,625.0,625.2,-0.48,4957.0,738.0,550.0
GFCL,5/27/2026,622.1,630.0,620.0,623.0,0.14,11040.0,738.0,550.0
GFCL,6/1/2026,623.0,627.0,617.09,620.5,-0.4,16053.0,738.0,550.0
GFCL,6/2/2026,630.0,679.0,625.0,672.9,6.81,92147.0,738.0,550.0
GFCL,6/3/2026,680.0,682.2,661.0,662.0,-2.65,43642.0,738.0,550.0
GFCL,6/4/2026,677.0,679.9,655.0,660.0,-2.51,60268.0,738.0,550.0
GFCL,6/5/2026,660.0,675.0,649.1,669.0,1.36,49787.0,738.0,550.0
GFCL,6/8/2026,656.0,675.0,650.0,662.0,0.91,30653.0,738.0,550.0
GFCL,6/9/2026,667.0,667.0,640.0,650.0,-2.55,26236.0,738.0,550.0
GFCL,6/10/2026,650.0,660.0,647.0,648.1,-0.29,12620.0,738.0,550.0
GFCL,6/11/2026,616.0,658.9,616.0,639.9,3.88,12764.0,738.0,550.0
GFCL,6/12/2026,644.7,645.0,635.0,643.0,-0.26,13818.0,738.0,550.0
GFCL,6/15/2026,675.1,675.1,633.0,635.0,-5.94,10844.0,738.0,550.0
GFCL,6/16/2026,644.7,644.7,627.0,627.9,-2.61,16687.0,738.0,550.0
GFCL,6/17/2026,626.0,641.9,625.0,626.1,0.02,16059.0,738.0,550.0
GFCL,6/18/2026,594.8,644.7,594.8,633.0,6.42,9883.0,738.0,550.0
GFCL,6/19/2026,640.0,641.0,630.0,631.0,-1.41,7559.0,738.0,550.0
GFCL,6/22/2026,628.0,650.0,628.0,643.0,2.39,9361.0,738.0,550.0
GFCL,6/23/2026,648.0,648.0,624.0,624.0,-3.7,14409.0,738.0,550.0
GFCL,6/24/2026,620.0,632.9,619.0,632.9,2.08,6701.0,738.0,550.0
GFCL,6/26/2026,636.0,636.0,625.0,630.0,-0.94,5026.0,738.0,550.0
GFCL,6/29/2026,623.0,634.0,617.4,627.0,0.64,13219.0,738.0,550.0
GFCL,6/30/2026,622.1,658.0,610.0,650.0,4.48,20482.0,738.0,550.0
GFCL,7/1/2026,682.5,682.5,620.0,631.0,-7.55,32913.0,738.0,550.0
GFCL,7/2/2026,639.0,639.0,626.3,631.6,-1.16,7906.0,738.0,550.0
GFCL,7/3/2026,631.0,635.0,623.0,627.0,-0.63,13123.0,738.0,550.0
GFCL,7/6/2026,627.0,630.0,605.7,605.7,-3.4,24735.0,738.0,550.0
GFCL,7/7/2026,615.0,633.0,608.4,620.0,0.81,10612.0,738.0,550.0
GFCL,7/8/2026,607.0,623.9,607.0,615.0,1.32,8112.0,738.0,550.0
GFCL,7/9/2026,615.1,615.1,602.5,609.0,-0.99,12646.0,738.0,550.0
GFCL,7/10/2026,603.0,610.0,600.3,605.0,0.33,8569.0,738.0,550.0
GFCL,7/13/2026,605.0,610.0,595.1,595.1,-1.64,7347.0,738.0,550.0
GFCL,7/14/2026,595.1,603.9,592.1,600.0,0.82,8806.0,738.0,550.0
GFCL,7/15/2026,610.0,610.0,600.0,600.0,-1.64,7926.0,738.0,550.0
GFCL,7/16/2026,601.1,609.0,590.1,590.1,-1.83,7913.0,738.0,550.0
GFCL,7/17/2026,600.0,619.6,600.0,619.6,3.27,7728.0,738.0,550.0
GFCL,7/20/2026,620.0,631.8,620.0,627.9,1.27,10603.0,738.0,550.0
GFCL,7/21/2026,630.0,633.0,615.5,628.9,-0.17,12435.0,738.0,550.0
GFCL,7/22/2026,615.1,639.9,615.1,633.0,2.91,32871.0,738.0,550.0
GFCL,7/23/2026,633.0,636.0,625.1,636.0,0.47,7712.0,738.0,550.0
GFCL,7/24/2026,630.0,632.8,627.0,630.4,0.06,6717.0,738.0,550.0
GFCL,7/27/2026,630.0,636.0,618.0,618.0,-1.9,10108.0,738.0,550.0
GFCL,7/28/2026,617.0,625.0,616.2,617.7,0.11,3144.0,738.0,550.0
GFCL,7/29/2026,626.8,626.8,611.0,613.0,-2.2,5931.0,738.0,550.0
GFCL,7/30/2026,624.7,624.7,610.0,612.0,-2.03,5737.0,738.0,550.0
GFCL,7/31/2026,612.0,615.0,603.5,613.1,0.18,5156.0,738.0,550.0
GFCL,8/3/2026,620.0,620.0,610.0,610.0,-1.61,3702.0,738.0,550.0
GFCL,8/4/2026,610.0,614.3,600.5,614.3,0.7,4301.0,738.0,550.0
GFCL,8/5/2026,610.0,610.0,602.1,604.1,-0.97,10386.0,738.0,550.0
GFCL,8/6/2026,604.0,607.4,603.0,603.0,-0.17,6743.0,738.0,550.0
GFCL,8/7/2026,603.0,607.0,601.1,605.0,0.33,5011.0,738.0,550.0
GFCL,8/10/2026,603.0,605.0,600.0,600.0,-0.5,9296.0,738.0,550.0
GFCL,8/11/2026,605.0,605.0,597.0,602.0,-0.5,8533.0,738.0,550.0
GFCL,8/12/2026,603.0,605.0,597.0,598.0,-0.83,4471.0,738.0,550.0
GFCL,8/13/2026,598.0,605.0,595.0,603.9,0.99,6543.0,738.0,550.0
GFCL,8/14/2026,604.0,605.0,596.2,603.0,-0.17,5290.0,738.0,550.0
GFCL,8/17/2026,603.0,604.0,595.6,597.5,-0.91,3742.0,738.0,550.0
GFCL,8/18/2026,600.0,600.0,593.1,594.0,-1.0,7901.0,738.0,550.0
GFCL,8/19/2026,590.0,599.9,590.0,591.5,0.25,3051.0,738.0,550.0
GFCL,8/20/2026,591.5,594.0,590.0,593.8,0.39,2429.0,738.0,550.0
GFCL,8/21/2026,593.0,595.0,590.0,590.0,-0.51,4575.0,738.0,550.0
GFCL,8/24/2026,590.0,590.0,573.2,579.9,-1.71,12610.0,738.0,550.0
GFCL,8/25/2026,579.0,588.8,571.8,573.0,-1.04,7490.0,738.0,550.0
GFCL,8/26/2026,571.1,587.9,560.0,568.0,-0.54,9269.0,738.0,550.0
GFCL,8/27/2026,558.0,578.0,556.1,570.0,2.15,4172.0,738.0,550.0
GFCL,8/31/2026,563.3,573.9,560.0,569.0,1.01,8718.0,738.0,550.0
GFCL,9/1/2026,562.1,576.5,562.1,569.8,1.37,3621.0,738.0,550.0
GFCL,9/2/2026,570.0,571.0,565.2,570.0,0.0,1855.0,738.0,550.0
GFCL,9/3/2026,563.3,572.8,563.3,572.0,1.54,3460.0,738.0,550.0
GFCL,9/7/2026,572.0,580.0,572.0,575.0,0.52,4082.0,738.0,550.0
GFCL,9/9/2026,575.0,576.0,560.0,573.0,-0.35,13266.0,738.0,550.0
GFCL,9/10/2026,560.0,568.0,558.0,566.9,1.23,7522.0,738.0,550.0
GFCL,9/11/2026,564.9,565.0,555.1,561.3,-0.64,9445.0,738.0,550.0
GFCL,9/14/2026,565.0,570.0,561.5,569.6,0.81,3308.0,738.0,550.0
GFCL,9/15/2026,598.0,598.0,573.1,577.1,-3.49,13594.0,738.0,550.0
GFCL,9/16/2026,584.9,584.9,570.0,579.0,-1.01,4433.0,738.0,550.0
GFCL,9/17/2026,580.0,584.9,570.4,575.9,-0.71,5739.0,738.0,550.0
GFCL,9/18/2026,584.0,584.0,575.0,576.5,-1.28,7626.0,738.0,550.0
GFCL,9/22/2026,580.0,584.0,580.0,583.7,0.64,8444.0,738.0,550.0
GFCL,9/23/2026,570.0,585.0,566.3,575.0,0.88,12075.0,738.0,550.0
GFCL,9/24/2026,582.0,582.0,570.0,577.0,-0.86,2653.0,738.0,550.0
GFCL,9/28/2026,570.0,572.0,569.0,570.0,0.0,5123.0,738.0,550.0
GFCL,9/29/2026,563.0,570.0,560.1,0.0,-100.0,2861.0,738.0,550.0
GFCL,9/30/2026,561.7,569.0,560.0,563.1,0.25,3752.0,738.0,550.0
GFCL,10/1/2026,568.0,568.0,562.0,562.0,-1.06,3712.0,738.0,550.0
GFCL,10/2/2026,561.0,569.7,557.0,560.3,-0.12,1530.0,738.0,550.0
GHL,6/12/2019,85.0,87.0,85.0,86.0,,500.0,290.0,197.1
GHL,6/13/2019,85.0,87.0,85.0,86.0,0.0,320.0,290.0,197.1
GHL,6/16/2019,90.0,90.0,83.0,83.0,-3.49,1010.0,290.0,197.1
GHL,6/17/2019,84.0,84.0,82.0,82.0,-1.2,240.0,290.0,197.1
GHL,6/18/2019,81.0,85.0,80.0,84.0,2.44,430.0,290.0,197.1
GHL,6/19/2019,83.0,83.0,80.0,81.0,-3.57,660.0,290.0,197.1
GHL,6/20/2019,81.0,83.0,81.0,82.0,1.23,300.0,290.0,197.1
GHL,6/23/2019,81.0,82.0,81.0,82.0,0.0,160.0,290.0,197.1
GHL,6/24/2019,82.0,84.0,81.0,84.0,2.44,980.0,290.0,197.1
GHL,6/25/2019,84.0,84.0,83.0,83.0,-1.19,50.0,290.0,197.1
GHL,6/26/2019,82.0,82.0,80.0,81.0,-2.41,300.0,290.0,197.1
GHL,6/27/2019,80.0,80.0,78.0,80.0,-1.23,320.0,290.0,197.1
GHL,6/30/2019,79.0,81.0,79.0,81.0,1.25,190.0,290.0,197.1
GHL,7/1/2019,80.0,80.0,79.0,80.0,-1.23,310.0,290.0,197.1
GHL,7/2/2019,80.0,81.0,80.0,80.0,0.0,250.0,290.0,197.1
GHL,7/3/2019,79.0,80.0,79.0,79.0,-1.25,220.0,290.0,197.1
GHL,7/4/2019,80.0,80.0,80.0,80.0,1.27,240.0,290.0,197.1
GHL,7/7/2019,81.0,83.0,81.0,83.0,3.75,190.0,290.0,197.1
GHL,7/8/2019,84.0,87.0,84.0,86.0,3.61,740.0,290.0,197.1
GHL,7/9/2019,86.0,90.0,86.0,89.0,3.49,630.0,290.0,197.1
GHL,7/10/2019,88.0,88.0,86.0,86.0,-3.37,160.0,290.0,197.1
GHL,7/11/2019,86.0,88.0,86.0,88.0,2.33,276.0,290.0,197.1
GHL,7/14/2019,89.0,89.0,86.0,87.0,-1.14,310.0,290.0,197.1
GHL,7/15/2019,86.0,87.0,85.0,85.0,-2.3,465.0,290.0,197.1
GHL,7/16/2019,86.0,86.0,84.0,84.0,-1.18,430.0,290.0,197.1
GHL,7/17/2019,85.0,85.0,84.0,84.0,0.0,470.0,290.0,197.1
GHL,7/18/2019,84.0,84.0,84.0,84.0,0.0,90.0,290.0,197.1
GHL,7/21/2019,84.0,85.0,84.0,85.0,1.19,30.0,290.0,197.1
GHL,7/22/2019,84.0,86.0,84.0,86.0,1.18,70.0,290.0,197.1
GHL,7/23/2019,85.0,89.0,85.0,89.0,3.49,390.0,290.0,197.1
GHL,7/24/2019,90.0,93.0,90.0,93.0,4.49,825.0,290.0,197.1
GHL,7/25/2019,92.0,93.0,90.0,90.0,-3.23,440.0,290.0,197.1
GHL,7/28/2019,89.0,89.0,86.0,86.0,-4.44,220.0,290.0,197.1
GHL,7/29/2019,85.0,85.0,85.0,85.0,-1.16,190.0,290.0,197.1
GHL,7/30/2019,84.0,84.0,83.0,84.0,-1.18,180.0,290.0,197.1
GHL,7/31/2019,83.0,85.0,83.0,85.0,1.19,210.0,290.0,197.1
GHL,8/1/2019,85.0,86.0,83.0,83.0,-2.35,540.0,290.0,197.1
GHL,8/4/2019,84.0,84.0,82.0,83.0,0.0,490.0,290.0,197.1
GHL,8/5/2019,82.0,86.0,82.0,83.0,0.0,1300.0,290.0,197.1
GHL,8/6/2019,83.0,84.0,83.0,83.0,0.0,170.0,290.0,197.1
GHL,8/7/2019,84.0,84.0,82.0,83.0,0.0,310.0,290.0,197.1
GHL,8/8/2019,82.0,83.0,81.0,82.0,-1.2,290.0,290.0,197.1
GHL,8/11/2019,82.0,83.0,81.0,83.0,1.22,260.0,290.0,197.1
GHL,8/12/2019,82.0,83.0,81.0,82.0,-1.2,380.0,290.0,197.1
GHL,8/13/2019,81.0,81.0,81.0,81.0,-1.22,290.0,290.0,197.1
GHL,8/14/2019,82.0,83.0,81.0,83.0,2.47,170.0,290.0,197.1
GHL,8/15/2019,83.0,84.0,82.0,83.0,0.0,240.0,290.0,197.1
GHL,8/18/2019,82.0,83.0,80.0,83.0,0.0,360.0,290.0,197.1
GHL,8/19/2019,82.0,83.0,81.0,82.0,-1.2,380.0,290.0,197.1
GHL,8/20/2019,81.0,82.0,81.0,81.0,-1.22,240.0,290.0,197.1
GHL,8/21/2019,81.0,81.0,78.0,78.0,-3.7,460.0,290.0,197.1
GHL,8/22/2019,79.0,79.0,77.0,77.0,-1.28,140.0,290.0,197.1
GHL,8/25/2019,76.0,78.0,76.0,78.0,1.3,430.0,290.0,197.1
GHL,8/26/2019,77.0,78.0,77.0,77.0,-1.28,180.0,290.0,197.1
GHL,8/27/2019,77.0,77.0,77.0,77.0,0.0,180.0,290.0,197.1
GHL,8/28/2019,76.0,76.0,75.0,75.0,-2.6,150.0,290.0,197.1
GHL,8/29/2019,75.0,75.0,73.0,73.0,-2.67,310.0,290.0,197.1
GHL,9/1/2019,73.0,75.0,73.0,75.0,2.74,110.0,290.0,197.1
GHL,9/2/2019,74.0,74.0,73.0,73.0,-2.67,180.0,290.0,197.1
GHL,9/3/2019,73.0,73.0,71.0,71.0,-2.74,950.0,290.0,197.1
GHL,9/4/2019,72.0,72.0,71.0,71.0,0.0,290.0,290.0,197.1
GHL,9/5/2019,71.0,71.0,70.0,70.0,-1.41,270.0,290.0,197.1
GHL,9/8/2019,70.0,71.0,70.0,70.0,0.0,260.0,290.0,197.1
GHL,9/9/2019,69.0,71.0,69.0,69.0,-1.43,350.0,290.0,197.1
GHL,9/10/2019,69.0,69.0,68.0,68.0,-1.45,180.0,290.0,197.1
GHL,9/11/2019,69.0,71.0,69.0,71.0,4.41,340.0,290.0,197.1
GHL,9/12/2019,70.0,71.0,68.0,68.0,-4.23,310.0,290.0,197.1
GHL,9/15/2019,67.0,67.0,67.0,67.0,-1.47,150.0,290.0,197.1
GHL,9/16/2019,67.0,67.0,64.0,64.0,-4.48,540.0,290.0,197.1
GHL,9/17/2019,65.0,65.0,64.0,64.0,0.0,250.0,290.0,197.1
GHL,9/19/2019,65.0,66.0,65.0,65.0,1.56,510.0,290.0,197.1
GHL,9/22/2019,64.0,66.0,64.0,64.0,-1.54,300.0,290.0,197.1
GHL,9/23/2019,65.0,65.0,64.0,65.0,1.56,150.0,290.0,197.1
GHL,9/24/2019,64.0,65.0,64.0,64.0,-1.54,340.0,290.0,197.1
GHL,9/25/2019,65.0,65.0,63.0,64.0,0.0,500.0,290.0,197.1
GHL,9/26/2019,63.0,63.0,63.0,63.0,-1.56,140.0,290.0,197.1
GHL,9/29/2019,63.0,64.0,62.0,62.0,-1.59,330.0,290.0,197.1
GHL,9/30/2019,63.0,63.0,62.0,62.0,0.0,90.0,290.0,197.1
GHL,10/1/2019,62.0,63.0,62.0,63.0,1.61,140.0,290.0,197.1
GHL,10/2/2019,62.0,63.0,62.0,63.0,0.0,60.0,290.0,197.1
GHL,10/3/2019,63.0,63.0,63.0,63.0,0.0,60.0,290.0,197.1
GHL,10/14/2019,62.0,63.0,62.0,63.0,0.0,370.0,290.0,197.1
GHL,10/15/2019,64.0,64.0,64.0,64.0,1.59,30.0,290.0,197.1
GHL,10/16/2019,63.0,63.0,63.0,63.0,-1.56,30.0,290.0,197.1
GHL,2/18/2020,62.0,69.0,62.0,69.0,9.52,880.0,290.0,197.1
GHL,2/19/2020,70.0,74.0,70.0,74.0,7.25,720.0,290.0,197.1
GHL,2/20/2020,75.0,80.0,75.0,79.0,6.76,1345.0,290.0,197.1
GHL,2/23/2020,80.0,84.0,80.0,83.0,5.06,875.0,290.0,197.1
GHL,2/24/2020,83.0,83.0,80.0,80.0,-3.61,2740.0,290.0,197.1
GHL,2/25/2020,79.0,82.0,77.0,82.0,2.5,1330.0,290.0,197.1
GHL,2/26/2020,81.0,83.0,79.0,83.0,1.22,1281.0,290.0,197.1
GHL,2/27/2020,82.0,85.0,82.0,83.0,0.0,1715.0,290.0,197.1
GHL,3/1/2020,82.0,82.0,78.0,78.0,-6.02,1135.0,290.0,197.1
GHL,3/2/2020,77.0,77.0,74.0,74.0,-5.13,150.0,290.0,197.1
GHL,3/3/2020,73.0,74.0,71.0,71.0,-4.05,580.0,290.0,197.1
GHL,3/4/2020,70.0,70.0,65.0,68.0,-4.23,520.0,290.0,197.1
GHL,3/5/2020,69.0,69.0,66.0,66.0,-2.94,150.0,290.0,197.1
GHL,3/10/2020,66.0,67.0,66.0,67.0,1.52,90.0,290.0,197.1
GHL,3/11/2020,66.0,68.0,65.0,68.0,1.49,610.0,290.0,197.1
GHL,3/12/2020,67.0,67.0,67.0,67.0,-1.47,10.0,290.0,197.1
GHL,3/15/2020,66.0,67.0,61.0,61.0,-8.96,722.0,290.0,197.1
GHL,3/16/2020,60.0,63.0,60.0,61.0,0.0,360.0,290.0,197.1
GHL,3/17/2020,62.0,63.0,62.0,63.0,3.28,350.0,290.0,197.1
GHL,3/18/2020,62.0,62.0,61.0,61.0,-3.17,240.0,290.0,197.1
GHL,3/19/2020,61.0,61.0,61.0,61.0,0.0,60.0,290.0,197.1
GHL,7/5/2020,60.0,60.0,59.0,59.0,-3.28,170.0,290.0,197.1
GHL,7/6/2020,58.0,58.0,56.0,58.0,-1.69,720.0,290.0,197.1
GHL,7/7/2020,57.0,57.0,53.0,56.0,-3.45,510.0,290.0,197.1
GHL,7/8/2020,55.0,56.0,55.0,56.0,0.0,140.0,290.0,197.1
GHL,7/9/2020,56.0,57.0,55.0,56.0,0.0,300.0,290.0,197.1
GHL,7/12/2020,56.0,56.0,54.0,55.0,-1.79,720.0,290.0,197.1
GHL,7/13/2020,54.0,55.0,52.0,52.0,-5.45,2430.0,290.0,197.1
GHL,7/14/2020,51.0,52.0,51.0,51.0,-1.92,400.0,290.0,197.1
GHL,7/15/2020,50.0,52.0,49.0,51.0,0.0,600.0,290.0,197.1
GHL,7/16/2020,52.0,55.0,51.0,55.0,7.84,570.0,290.0,197.1
GHL,7/20/2020,57.0,58.0,57.0,58.0,5.45,680.0,290.0,197.1
GHL,7/21/2020,58.0,58.0,57.0,58.0,0.0,1060.0,290.0,197.1
GHL,7/22/2020,57.0,57.0,54.0,54.0,-6.9,410.0,290.0,197.1
GHL,7/23/2020,53.0,54.0,52.0,54.0,0.0,680.0,290.0,197.1
GHL,7/26/2020,53.0,54.0,51.0,54.0,0.0,1030.0,290.0,197.1
GHL,7/27/2020,53.0,53.0,50.0,51.0,-5.56,1576.0,290.0,197.1
GHL,7/28/2020,52.0,54.0,52.0,53.0,3.92,1097.0,290.0,197.1
GHL,7/29/2020,54.0,58.0,54.0,58.0,9.43,470.0,290.0,197.1
GHL,7/30/2020,59.0,63.0,59.0,63.0,8.62,1995.0,290.0,197.1
GHL,8/2/2020,66.0,67.0,63.0,64.0,1.59,3640.0,290.0,197.1
GHL,8/3/2020,63.0,63.0,58.0,63.0,-1.56,1210.0,290.0,197.1
GHL,8/5/2020,62.0,62.0,57.0,57.0,-9.52,1093.0,290.0,197.1
GHL,8/6/2020,56.0,57.0,54.0,56.0,-1.75,880.0,290.0,197.1
GHL,8/9/2020,55.0,58.0,54.0,58.0,3.57,890.0,290.0,197.1
GHL,8/10/2020,59.0,59.0,56.0,56.0,-3.45,1500.0,290.0,197.1
GHL,8/11/2020,55.0,56.0,54.0,54.0,-3.57,1350.0,290.0,197.1
GHL,8/12/2020,53.0,59.0,53.0,59.0,9.26,880.0,290.0,197.1
GHL,8/13/2020,58.0,61.0,55.0,57.0,-3.39,1210.0,290.0,197.1
GHL,8/16/2020,57.0,57.0,54.0,56.0,-1.75,905.0,290.0,197.1
GHL,8/17/2020,55.0,60.0,55.0,60.0,7.14,850.0,290.0,197.1
GHL,8/18/2020,59.0,59.0,56.0,56.0,-6.67,569.0,290.0,197.1
GHL,8/19/2020,55.0,58.0,55.0,57.0,1.79,2180.0,290.0,197.1
GHL,8/20/2020,56.0,57.0,55.0,56.0,-1.75,280.0,290.0,197.1
GHL,8/23/2020,55.0,60.0,55.0,59.0,5.36,570.0,290.0,197.1
GHL,8/24/2020,58.0,62.0,56.0,62.0,5.08,3408.0,290.0,197.1
GHL,8/25/2020,62.0,63.0,59.0,62.0,0.0,1800.0,290.0,197.1
GHL,8/26/2020,63.0,64.0,61.0,62.0,0.0,328.0,290.0,197.1
GHL,8/27/2020,61.0,62.0,60.0,60.0,-3.23,2999.0,290.0,197.1
GHL,8/30/2020,59.0,61.0,57.0,61.0,1.67,660.0,290.0,197.1
GHL,8/31/2020,60.0,65.0,59.0,61.0,0.0,1770.0,290.0,197.1
GHL,9/2/2020,62.0,67.0,61.0,67.0,9.84,9390.0,290.0,197.1
GHL,9/3/2020,68.0,72.0,68.0,72.0,7.46,6417.0,290.0,197.1
GHL,9/6/2020,73.0,73.0,69.0,73.0,1.39,3808.0,290.0,197.1
GHL,9/7/2020,72.0,72.0,67.0,68.0,-6.85,1420.0,290.0,197.1
GHL,9/8/2020,67.0,68.0,64.0,65.0,-4.41,2075.0,290.0,197.1
GHL,9/9/2020,64.0,67.0,64.0,67.0,3.08,1460.0,290.0,197.1
GHL,9/10/2020,66.0,69.0,66.0,67.0,0.0,1080.0,290.0,197.1
GHL,9/13/2020,66.0,68.0,66.0,67.0,0.0,1730.0,290.0,197.1
GHL,9/14/2020,66.0,73.0,66.0,73.0,8.96,8630.0,290.0,197.1
GHL,9/15/2020,74.0,80.0,74.0,80.0,9.59,7257.0,290.0,197.1
GHL,9/16/2020,80.0,88.0,80.0,88.0,10.0,4083.0,290.0,197.1
GHL,9/17/2020,89.0,96.0,89.0,96.0,9.09,3350.0,290.0,197.1
GHL,9/20/2020,97.0,105.0,97.0,105.0,9.38,27434.0,290.0,197.1
GHL,9/21/2020,103.0,103.0,95.0,95.0,-9.52,3715.0,290.0,197.1
GHL,9/22/2020,91.0,95.0,86.0,86.0,-9.47,5026.0,290.0,197.1
GHL,9/23/2020,85.0,88.0,84.0,87.0,1.16,2590.0,290.0,197.1
GHL,9/24/2020,87.0,95.0,87.0,95.0,9.2,4182.0,290.0,197.1
GHL,9/27/2020,95.0,104.0,95.0,104.0,9.47,13525.0,290.0,197.1
GHL,9/28/2020,106.0,106.0,96.0,101.0,-2.88,6953.0,290.0,197.1
GHL,9/29/2020,100.0,111.0,97.0,111.0,9.9,21670.0,290.0,197.1
GHL,9/30/2020,112.0,122.0,112.0,122.0,9.91,19784.0,290.0,197.1
GHL,10/1/2020,125.0,134.0,118.0,123.0,0.82,18391.0,290.0,197.1
GHL,10/4/2020,123.0,123.0,111.0,121.0,-1.63,13787.0,290.0,197.1
GHL,10/5/2020,119.0,123.0,112.0,123.0,1.65,18352.0,290.0,197.1
GHL,10/6/2020,122.0,132.0,117.0,132.0,7.32,17591.0,290.0,197.1
GHL,10/7/2020,132.0,145.0,128.0,145.0,9.85,25855.0,290.0,197.1
GHL,10/8/2020,145.0,155.0,137.0,137.0,-5.52,20475.0,290.0,197.1
GHL,10/11/2020,135.0,140.0,132.0,132.0,-3.65,13495.0,290.0,197.1
GHL,10/12/2020,131.0,134.0,126.0,133.0,0.76,12155.0,290.0,197.1
GHL,10/13/2020,131.0,132.0,122.0,124.0,-6.77,9449.0,290.0,197.1
GHL,10/14/2020,122.0,124.0,113.0,115.0,-7.26,13332.0,290.0,197.1
GHL,10/15/2020,117.0,121.0,113.0,118.0,2.61,4390.0,290.0,197.1
GHL,10/18/2020,117.0,119.0,113.0,113.0,-4.24,3665.0,290.0,197.1
GHL,10/19/2020,113.0,124.0,112.0,124.0,9.73,5544.0,290.0,197.1
GHL,10/20/2020,124.0,136.0,124.0,135.0,8.87,18805.0,290.0,197.1
GHL,10/21/2020,135.0,137.0,127.0,130.0,-3.7,13580.0,290.0,197.1
GHL,10/22/2020,128.0,130.0,126.0,128.0,-1.54,2758.0,290.0,197.1
GHL,10/28/2020,129.0,130.0,122.0,125.0,-2.34,3900.0,290.0,197.1
GHL,10/29/2020,123.0,129.0,121.0,126.0,0.8,6131.0,290.0,197.1
GHL,11/1/2020,124.0,132.0,122.0,130.0,3.17,5990.0,290.0,197.1
GHL,11/2/2020,131.0,131.0,128.0,130.0,0.0,3330.0,290.0,197.1
GHL,11/3/2020,128.0,130.0,124.0,127.0,-2.31,3660.0,290.0,197.1
GHL,11/4/2020,126.0,128.0,125.0,126.0,-0.79,2050.0,290.0,197.1
GHL,11/5/2020,120.0,138.0,120.0,137.0,8.73,19370.0,290.0,197.1
GHL,11/8/2020,136.0,144.0,133.0,144.0,5.11,23345.0,290.0,197.1
GHL,11/9/2020,144.0,144.0,137.0,137.0,-4.86,11206.0,290.0,197.1
GHL,11/10/2020,131.0,143.0,131.0,139.0,1.46,7145.0,290.0,197.1
GHL,11/11/2020,133.0,147.0,133.0,139.0,0.0,3065.0,290.0,197.1
GHL,11/12/2020,133.0,141.0,133.0,138.0,-0.72,5841.0,290.0,197.1
GHL,11/18/2020,136.0,138.0,126.0,130.0,-5.8,16396.0,290.0,197.1
GHL,11/19/2020,131.0,138.0,128.0,137.0,5.38,6579.0,290.0,197.1
GHL,11/22/2020,135.0,141.0,130.0,132.0,-3.65,13469.0,290.0,197.1
GHL,11/23/2020,130.0,134.0,129.0,132.0,0.0,12675.0,290.0,197.1
GHL,11/24/2020,130.0,142.0,128.0,131.0,-0.76,2600.0,290.0,197.1
GHL,11/25/2020,132.0,139.0,130.0,132.0,0.76,10720.0,290.0,197.1
GHL,11/26/2020,130.0,133.0,130.0,130.0,-1.52,7264.0,290.0,197.1
GHL,11/29/2020,130.0,130.0,126.0,130.0,0.0,8010.0,290.0,197.1
GHL,11/30/2020,128.0,134.0,128.0,133.0,2.31,10418.0,290.0,197.1
GHL,12/1/2020,131.0,133.0,129.0,129.0,-3.01,12020.0,290.0,197.1
GHL,12/2/2020,123.0,131.0,123.0,128.0,-0.78,6087.0,290.0,197.1
GHL,12/3/2020,128.0,132.0,126.0,128.0,0.0,6055.0,290.0,197.1
GHL,12/6/2020,122.0,127.0,122.0,124.0,-3.12,4040.0,290.0,197.1
GHL,12/7/2020,130.0,130.0,122.0,125.0,0.81,5670.0,290.0,197.1
GHL,12/8/2020,123.0,126.0,121.0,126.0,0.8,7395.0,290.0,197.1
GHL,12/9/2020,125.0,128.0,122.0,124.0,-1.59,5427.0,290.0,197.1
GHL,12/10/2020,130.0,130.0,120.0,122.0,-1.61,3230.0,290.0,197.1
GHL,12/13/2020,120.0,122.0,120.0,122.0,0.0,3215.0,290.0,197.1
GHL,12/14/2020,128.0,130.0,117.0,122.0,0.0,8412.0,290.0,197.1
GHL,12/15/2020,120.0,122.0,120.0,120.0,-1.64,3380.0,290.0,197.1
GHL,12/16/2020,118.0,120.0,117.0,118.0,-1.67,4090.0,290.0,197.1
GHL,12/17/2020,117.0,120.0,115.0,117.0,-0.85,10610.0,290.0,197.1
GHL,12/20/2020,115.0,115.0,106.0,109.0,-6.84,11678.0,290.0,197.1
GHL,12/21/2020,107.0,109.0,100.0,107.0,-1.83,10865.0,290.0,197.1
GHL,12/22/2020,107.0,113.0,107.0,113.0,5.61,6682.0,290.0,197.1
GHL,12/23/2020,112.0,115.0,111.0,114.0,0.88,8184.0,290.0,197.1
GHL,12/24/2020,112.0,112.0,108.0,110.0,-3.51,1636.0,290.0,197.1
GHL,12/27/2020,108.0,112.0,108.0,108.0,-1.82,2140.0,290.0,197.1
GHL,12/28/2020,106.0,109.0,106.0,106.0,-1.85,3435.0,290.0,197.1
GHL,12/29/2020,104.0,109.0,104.0,106.0,0.0,1300.0,290.0,197.1
GHL,12/30/2020,105.0,107.0,104.0,107.0,0.94,3211.0,290.0,197.1
GHL,12/31/2020,105.0,107.0,105.0,107.0,0.0,3640.0,290.0,197.1
GHL,1/3/2021,109.0,109.0,102.0,106.0,-0.93,5440.0,290.0,197.1
GHL,1/4/2021,106.0,111.0,106.0,109.0,2.83,2465.0,290.0,197.1
GHL,1/5/2021,110.0,119.0,109.0,119.0,9.17,13483.0,290.0,197.1
GHL,1/6/2021,124.0,127.0,113.0,114.0,-4.2,11045.0,290.0,197.1
GHL,1/7/2021,114.0,120.0,112.0,118.0,3.51,4845.0,290.0,197.1
GHL,1/10/2021,116.0,118.0,112.0,116.0,-1.69,2119.0,290.0,197.1
GHL,1/11/2021,114.0,116.0,114.0,115.0,-0.86,3890.0,290.0,197.1
GHL,1/12/2021,113.0,117.0,113.0,115.0,0.0,3290.0,290.0,197.1
GHL,1/13/2021,113.0,121.0,113.0,119.0,3.48,11061.0,290.0,197.1
GHL,1/17/2021,114.0,120.0,114.0,118.0,-0.84,5336.0,290.0,197.1
GHL,1/18/2021,118.0,121.0,116.0,117.0,-0.85,5076.0,290.0,197.1
GHL,1/19/2021,117.0,119.0,116.0,116.0,-0.85,4577.0,290.0,197.1
GHL,1/20/2021,115.0,119.0,114.0,117.0,0.86,7185.0,290.0,197.1
GHL,1/21/2021,118.0,128.0,118.0,127.0,8.55,24656.0,290.0,197.1
GHL,1/24/2021,129.0,132.0,124.0,125.0,-1.57,13101.0,290.0,197.1
GHL,1/25/2021,123.0,132.0,123.0,127.0,1.6,14406.0,290.0,197.1
GHL,1/26/2021,127.0,128.0,123.0,123.0,-3.15,6450.0,290.0,197.1
GHL,1/27/2021,121.0,128.0,121.0,125.0,1.63,8219.0,290.0,197.1
GHL,1/28/2021,123.0,127.0,123.0,126.0,0.8,6154.0,290.0,197.1
GHL,1/31/2021,124.0,124.0,120.0,120.0,-4.76,3572.0,290.0,197.1
GHL,2/1/2021,118.0,127.0,118.0,124.0,3.33,5905.0,290.0,197.1
GHL,2/2/2021,122.0,128.0,120.0,124.0,0.0,8656.0,290.0,197.1
GHL,2/3/2021,122.0,126.0,122.0,124.0,0.0,7901.0,290.0,197.1
GHL,2/4/2021,120.0,127.0,120.0,125.0,0.81,10159.0,290.0,197.1
GHL,2/7/2021,125.0,137.0,123.0,137.0,9.6,41088.0,290.0,197.1
GHL,2/8/2021,139.0,144.0,133.0,140.0,2.19,27078.0,290.0,197.1
GHL,2/9/2021,140.0,141.0,133.0,135.0,-3.57,17444.0,290.0,197.1
GHL,2/10/2021,133.0,136.0,132.0,133.0,-1.48,6339.0,290.0,197.1
GHL,2/11/2021,132.0,134.0,131.0,132.0,-0.75,3510.0,290.0,197.1
GHL,2/14/2021,130.0,130.0,126.0,129.0,-2.27,5880.0,290.0,197.1
GHL,2/15/2021,129.0,133.0,127.0,133.0,3.1,5791.0,290.0,197.1
GHL,2/16/2021,135.0,136.0,127.0,134.0,0.75,8193.0,290.0,197.1
GHL,2/17/2021,136.0,136.0,128.0,132.0,-1.49,1605.0,290.0,197.1
GHL,2/18/2021,130.0,132.0,128.0,129.0,-2.27,3571.0,290.0,197.1
GHL,2/21/2021,127.0,134.0,127.0,133.0,3.1,8321.0,290.0,197.1
GHL,2/22/2021,133.0,146.0,132.0,138.0,3.76,43693.0,290.0,197.1
GHL,2/23/2021,144.0,144.0,131.0,137.0,-0.72,10790.0,290.0,197.1
GHL,2/24/2021,136.0,138.0,134.0,134.0,-2.19,6370.0,290.0,197.1
GHL,2/25/2021,132.0,138.0,130.0,131.0,-2.24,11430.0,290.0,197.1
GHL,2/28/2021,129.0,129.0,124.0,126.0,-3.82,11867.0,290.0,197.1
GHL,3/1/2021,124.0,128.0,124.0,127.0,0.79,1855.0,290.0,197.1
GHL,3/2/2021,125.0,125.0,121.0,122.0,-3.94,6524.0,290.0,197.1
GHL,3/3/2021,120.0,128.0,120.0,126.0,3.28,3954.0,290.0,197.1
GHL,3/4/2021,128.0,130.0,126.0,126.0,0.0,3800.0,290.0,197.1
GHL,3/7/2021,124.0,128.0,123.0,125.0,-0.79,5140.0,290.0,197.1
GHL,3/9/2021,123.0,137.0,123.0,131.0,4.8,16363.0,290.0,197.1
GHL,3/10/2021,125.0,144.0,125.0,144.0,9.92,48123.0,290.0,197.1
GHL,3/14/2021,144.0,158.0,144.0,158.0,9.72,63998.0,290.0,197.1
GHL,3/15/2021,165.0,173.0,149.0,173.0,9.49,78184.0,290.0,197.1
GHL,3/16/2021,181.0,190.0,181.0,190.0,9.83,45114.0,290.0,197.1
GHL,3/17/2021,199.0,202.0,171.0,173.0,-8.95,42901.0,290.0,197.1
GHL,3/18/2021,174.0,175.0,158.0,166.0,-4.05,38526.0,290.0,197.1
GHL,3/21/2021,163.0,163.0,150.0,159.0,-4.22,36167.0,290.0,197.1
GHL,3/22/2021,156.0,165.0,151.0,160.0,0.63,13736.0,290.0,197.1
GHL,3/23/2021,160.0,171.0,155.0,163.0,1.88,10603.0,290.0,197.1
GHL,3/24/2021,163.0,168.0,157.0,161.0,-1.23,14729.0,290.0,197.1
GHL,3/25/2021,164.0,167.0,156.0,158.0,-1.86,9376.0,290.0,197.1
GHL,3/29/2021,155.0,157.0,154.0,155.0,-1.9,4855.0,290.0,197.1
GHL,3/30/2021,158.0,158.0,155.0,156.0,0.65,6595.0,290.0,197.1
GHL,3/31/2021,155.0,158.0,153.0,154.0,-1.28,10601.0,290.0,197.1
GHL,4/1/2021,151.0,163.0,151.0,157.0,1.95,13746.0,290.0,197.1
GHL,4/4/2021,156.0,166.0,153.0,164.0,4.46,24693.0,290.0,197.1
GHL,4/5/2021,172.0,172.0,158.0,160.0,-2.44,5967.0,290.0,197.1
GHL,4/6/2021,167.0,173.0,160.0,166.0,3.75,27149.0,290.0,197.1
GHL,4/7/2021,173.0,173.0,160.0,161.0,-3.01,12994.0,290.0,197.1
GHL,4/8/2021,161.0,166.0,159.0,164.0,1.86,10035.0,290.0,197.1
GHL,4/12/2021,166.0,171.0,162.0,163.0,-0.61,24308.0,290.0,197.1
GHL,4/13/2021,163.0,166.0,161.0,165.0,1.23,13720.0,290.0,197.1
GHL,4/15/2021,162.0,171.0,162.0,164.0,-0.61,16431.0,290.0,197.1
GHL,4/18/2021,162.0,166.0,162.0,165.0,0.61,8942.0,290.0,197.1
GHL,4/19/2021,162.0,165.0,160.0,163.0,-1.21,3418.0,290.0,197.1
GHL,4/20/2021,161.0,164.0,160.0,164.0,0.61,7360.0,290.0,197.1
GHL,4/21/2021,164.0,165.0,161.0,162.0,-1.22,8188.0,290.0,197.1
GHL,4/22/2021,159.0,166.0,158.0,165.0,1.85,15101.0,290.0,197.1
GHL,4/25/2021,162.0,169.0,160.0,161.0,-2.42,19595.0,290.0,197.1
GHL,4/26/2021,158.0,164.0,156.0,156.0,-3.11,13861.0,290.0,197.1
GHL,4/27/2021,149.0,164.0,149.0,163.0,4.49,11553.0,290.0,197.1
GHL,4/28/2021,171.0,177.0,153.0,164.0,0.61,8266.0,290.0,197.1
GHL,4/29/2021,166.0,166.0,161.0,164.0,0.0,5060.0,290.0,197.1
GHL,5/2/2021,156.0,168.0,156.0,166.0,1.22,20246.0,290.0,197.1
GHL,5/3/2021,168.0,169.0,164.0,164.0,-1.2,13580.0,290.0,197.1
GHL,5/4/2021,163.0,180.0,163.0,169.0,3.05,27375.0,290.0,197.1
GHL,5/5/2021,172.0,185.0,172.0,185.0,9.47,85641.0,290.0,197.1
GHL,5/6/2021,194.0,199.0,175.0,189.0,2.16,52800.0,290.0,197.1
GHL,5/9/2021,189.0,189.0,172.0,182.0,-3.7,32066.0,290.0,197.1
GHL,5/10/2021,179.0,182.0,176.0,182.0,0.0,15920.0,290.0,197.1
GHL,5/11/2021,183.0,188.0,179.0,184.0,1.1,24858.0,290.0,197.1
GHL,5/12/2021,182.0,201.0,180.0,196.0,6.52,54427.0,290.0,197.1
GHL,5/13/2021,205.0,212.0,190.0,212.0,8.16,69342.0,290.0,197.1
GHL,5/16/2021,210.0,210.0,198.0,204.0,-3.77,48287.0,290.0,197.1
GHL,5/17/2021,207.0,214.0,200.0,210.0,2.94,42283.0,290.0,197.1
GHL,5/18/2021,220.0,231.0,215.0,231.0,10.0,58994.0,290.0,197.1
GHL,5/19/2021,242.0,246.0,218.0,224.0,-3.03,53397.0,290.0,197.1
GHL,5/20/2021,222.0,226.0,211.0,219.0,-2.23,31624.0,290.0,197.1
GHL,5/23/2021,219.0,234.0,211.0,229.0,4.57,33090.0,290.0,197.1
GHL,5/24/2021,240.0,240.0,224.0,225.0,-1.75,32936.0,290.0,197.1
GHL,5/25/2021,221.0,247.0,221.0,247.0,9.78,70202.0,290.0,197.1
GHL,5/27/2021,259.0,271.0,250.0,271.0,9.72,39493.0,290.0,197.1
GHL,5/30/2021,280.0,298.0,275.0,298.0,9.96,122538.0,290.0,197.1
GHL,5/31/2021,300.0,306.0,270.0,278.0,-6.71,66172.0,290.0,197.1
GHL,6/1/2021,265.0,282.0,260.0,268.0,-3.6,22902.0,290.0,197.1
GHL,6/2/2021,263.0,277.0,244.0,272.0,1.49,51052.0,290.0,197.1
GHL,6/3/2021,267.0,277.0,260.0,260.0,-4.41,31757.0,290.0,197.1
GHL,6/6/2021,247.0,258.0,235.0,247.0,-5.0,35460.0,290.0,197.1
GHL,6/7/2021,243.0,270.0,243.0,269.0,8.91,34715.0,290.0,197.1
GHL,6/8/2021,270.0,283.0,270.0,280.0,4.09,30981.0,290.0,197.1
GHL,6/9/2021,282.0,282.0,267.0,272.0,-2.86,17918.0,290.0,197.1
GHL,6/10/2021,270.0,294.0,265.0,291.0,6.99,51651.0,290.0,197.1
GHL,6/13/2021,300.0,320.0,294.0,320.0,9.97,74449.0,290.0,197.1
GHL,6/14/2021,336.0,352.0,336.0,352.0,10.0,39973.0,290.0,197.1
GHL,6/15/2021,369.0,387.0,335.0,359.0,1.99,106226.0,290.0,197.1
GHL,6/16/2021,342.0,350.0,324.0,324.0,-9.75,59978.0,290.0,197.1
GHL,6/17/2021,318.0,335.0,294.0,320.0,-1.23,38875.0,290.0,197.1
GHL,6/20/2021,314.0,316.0,288.0,295.0,-7.81,29477.0,290.0,197.1
GHL,6/21/2021,290.0,295.0,268.0,272.0,-7.8,26926.0,290.0,197.1
GHL,6/22/2021,272.0,299.0,268.0,299.0,9.93,12463.0,290.0,197.1
GHL,6/23/2021,313.0,322.0,294.0,317.0,6.02,38591.0,290.0,197.1
GHL,6/24/2021,303.0,324.0,303.0,306.0,-3.47,14829.0,290.0,197.1
GHL,6/27/2021,306.0,319.0,299.0,300.0,-1.96,13777.0,290.0,197.1
GHL,6/28/2021,305.0,305.0,293.0,294.0,-2.0,11272.0,290.0,197.1
GHL,6/29/2021,290.0,304.0,278.0,279.0,-5.1,10422.0,290.0,197.1
GHL,6/30/2021,276.0,306.0,261.0,292.0,4.66,12276.0,290.0,197.1
GHL,7/1/2021,296.0,302.0,290.0,291.0,-0.34,4503.0,290.0,197.1
GHL,7/4/2021,287.0,290.0,279.0,284.0,-2.41,6082.0,290.0,197.1
GHL,7/5/2021,280.0,283.0,275.0,275.0,-3.17,4306.0,290.0,197.1
GHL,7/6/2021,288.0,288.0,268.0,274.0,-0.36,5035.0,290.0,197.1
GHL,7/7/2021,272.0,272.0,262.0,265.0,-3.28,5690.0,290.0,197.1
GHL,7/8/2021,265.0,285.0,260.0,280.0,5.66,7562.0,290.0,197.1
GHL,7/11/2021,285.0,300.0,275.0,300.0,7.14,17358.0,290.0,197.1
GHL,7/12/2021,294.0,306.0,285.0,299.0,-0.33,22147.0,290.0,197.1
GHL,7/13/2021,310.0,310.0,291.0,299.0,0.0,3509.0,290.0,197.1
GHL,7/14/2021,295.0,301.0,290.0,294.0,-1.67,7914.0,290.0,197.1
GHL,7/15/2021,299.0,322.0,295.0,305.0,3.74,35707.0,290.0,197.1
GHL,7/18/2021,311.0,320.0,305.0,308.0,0.98,13295.0,290.0,197.1
GHL,7/19/2021,308.1,310.0,300.0,300.3,-2.5,16234.0,290.0,197.1
GHL,7/20/2021,299.0,310.0,299.0,308.0,2.56,9023.0,290.0,197.1
GHL,7/22/2021,308.0,311.0,302.1,311.0,0.97,16301.0,290.0,197.1
GHL,7/25/2021,317.2,330.0,314.0,330.0,6.11,58307.0,290.0,197.1
GHL,7/26/2021,336.6,339.9,324.0,339.0,2.73,37566.0,290.0,197.1
GHL,7/27/2021,339.0,372.9,330.0,372.9,10.0,68424.0,290.0,197.1
GHL,7/28/2021,380.0,395.0,355.0,361.0,-3.19,72454.0,290.0,197.1
GHL,7/29/2021,366.0,366.0,338.0,351.0,-2.77,34008.0,290.0,197.1
GHL,8/1/2021,358.0,386.1,345.0,386.1,10.0,94622.0,290.0,197.1
GHL,8/2/2021,393.8,424.7,393.8,424.7,10.0,48031.0,290.0,197.1
GHL,8/3/2021,433.1,467.1,424.7,467.1,9.98,150098.0,290.0,197.1
GHL,8/4/2021,476.4,513.8,465.0,513.8,10.0,97618.0,290.0,197.1
GHL,8/5/2021,524.0,551.0,487.0,488.0,-5.02,58061.0,290.0,197.1
GHL,8/8/2021,488.0,520.0,457.0,496.0,1.64,92091.0,290.0,197.1
GHL,8/9/2021,490.0,516.0,489.2,497.0,0.2,59524.0,290.0,197.1
GHL,8/10/2021,506.0,525.0,472.0,475.0,-4.43,62655.0,290.0,197.1
GHL,8/11/2021,470.0,510.0,470.0,502.0,5.68,60202.0,290.0,197.1
GHL,8/12/2021,512.0,512.0,477.3,490.0,-2.39,47241.0,290.0,197.1
GHL,8/15/2021,480.3,489.8,449.0,475.0,-3.06,32938.0,290.0,197.1
GHL,8/16/2021,483.0,503.8,450.0,490.0,3.16,29759.0,290.0,197.1
GHL,8/17/2021,499.8,535.0,490.0,521.0,6.33,74632.0,290.0,197.1
GHL,8/18/2021,511.0,555.9,506.0,509.0,-2.3,52904.0,290.0,197.1
GHL,8/19/2021,499.0,500.0,473.0,475.0,-6.68,23974.0,290.0,197.1
GHL,8/24/2021,465.5,465.5,427.5,427.5,-10.0,43544.0,290.0,197.1
GHL,8/25/2021,419.0,436.0,384.8,414.0,-3.16,27996.0,290.0,197.1
GHL,8/26/2021,415.0,455.4,415.0,455.4,10.0,23649.0,290.0,197.1
GHL,8/29/2021,464.5,497.0,460.0,471.0,3.43,36686.0,290.0,197.1
GHL,8/31/2021,462.0,475.0,442.0,443.0,-5.94,23582.0,290.0,197.1
GHL,9/1/2021,434.2,469.2,434.2,453.0,2.26,15775.0,290.0,197.1
GHL,9/2/2021,444.0,458.0,434.2,437.0,-3.53,11864.0,290.0,197.1
GHL,9/5/2021,434.0,434.0,393.3,394.0,-9.84,27581.0,290.0,197.1
GHL,9/6/2021,387.0,433.4,380.0,433.4,10.0,16650.0,290.0,197.1
GHL,9/7/2021,442.0,460.0,433.4,436.5,0.72,11229.0,290.0,197.1
GHL,9/8/2021,428.0,445.0,419.0,427.0,-2.18,15907.0,290.0,197.1
GHL,9/9/2021,435.0,453.0,420.0,438.0,2.58,14655.0,290.0,197.1
GHL,9/12/2021,446.0,465.0,445.0,460.0,5.02,22542.0,290.0,197.1
GHL,9/13/2021,465.0,490.0,449.0,459.9,-0.02,18382.0,290.0,197.1
GHL,9/14/2021,469.0,469.0,448.0,451.1,-1.91,13597.0,290.0,197.1
GHL,9/15/2021,460.1,460.1,433.0,440.0,-2.46,9587.0,290.0,197.1
GHL,9/16/2021,448.8,448.8,404.0,419.0,-4.77,14169.0,290.0,197.1
GHL,9/20/2021,411.0,411.0,377.1,377.1,-10.0,17454.0,290.0,197.1
GHL,9/21/2021,375.0,392.0,341.1,386.5,2.49,18707.0,290.0,197.1
GHL,9/22/2021,394.0,424.0,391.0,420.8,8.87,12487.0,290.0,197.1
GHL,9/23/2021,429.0,445.0,404.0,427.0,1.47,16586.0,290.0,197.1
GHL,9/26/2021,418.5,418.5,385.0,393.0,-7.96,16108.0,290.0,197.1
GHL,9/27/2021,395.0,401.0,373.0,373.0,-5.09,11519.0,290.0,197.1
GHL,9/28/2021,380.4,381.0,339.0,340.0,-8.85,15419.0,290.0,197.1
GHL,9/29/2021,346.8,367.9,327.0,367.9,8.21,11910.0,290.0,197.1
GHL,9/30/2021,375.2,382.0,355.0,361.0,-1.88,5798.0,290.0,197.1
GHL,10/3/2021,353.8,353.8,326.6,345.0,-4.43,6090.0,290.0,197.1
GHL,10/4/2021,351.9,351.9,320.1,342.9,-0.61,6624.0,290.0,197.1
GHL,10/5/2021,349.7,350.0,339.0,343.5,0.17,5199.0,290.0,197.1
GHL,10/6/2021,350.3,350.3,334.0,345.0,0.44,12267.0,290.0,197.1
GHL,10/10/2021,351.9,358.0,330.0,342.0,-0.87,3339.0,290.0,197.1
GHL,10/11/2021,348.8,348.8,317.0,329.0,-3.8,4019.0,290.0,197.1
GHL,10/17/2021,335.5,355.9,326.9,345.0,4.86,2150.0,290.0,197.1
GHL,10/18/2021,351.9,351.9,310.5,310.5,-10.0,9813.0,290.0,197.1
GHL,10/19/2021,304.3,306.0,290.1,294.0,-5.31,5071.0,290.0,197.1
GHL,10/20/2021,299.0,315.0,294.0,311.9,6.09,4519.0,290.0,197.1
GHL,10/21/2021,318.0,324.3,296.9,301.1,-3.46,4519.0,290.0,197.1
GHL,10/24/2021,305.0,310.9,293.0,304.8,1.23,4617.0,290.0,197.1
GHL,10/25/2021,310.0,335.2,310.0,330.0,8.27,10872.0,290.0,197.1
GHL,10/26/2021,336.6,363.0,336.0,363.0,10.0,17288.0,290.0,197.1
GHL,10/27/2021,370.0,380.0,355.0,368.0,1.38,20375.0,290.0,197.1
GHL,10/28/2021,361.0,397.0,348.0,390.1,6.01,16152.0,290.0,197.1
GHL,10/31/2021,392.0,420.0,380.0,411.0,5.36,15512.0,290.0,197.1
GHL,11/1/2021,411.0,419.0,390.0,390.2,-5.06,15092.0,290.0,197.1
GHL,11/2/2021,382.4,398.0,377.2,397.9,1.97,9725.0,290.0,197.1
GHL,11/3/2021,400.0,410.0,388.0,388.0,-2.49,8877.0,290.0,197.1
GHL,11/8/2021,381.0,395.0,373.4,384.0,-1.03,9020.0,290.0,197.1
GHL,11/9/2021,384.0,384.0,357.7,359.0,-6.51,13158.0,290.0,197.1
GHL,11/11/2021,351.9,358.0,343.0,349.0,-2.79,5853.0,290.0,197.1
GHL,11/14/2021,350.0,357.0,341.0,341.2,-2.23,6147.0,290.0,197.1
GHL,11/15/2021,348.0,369.1,348.0,367.0,7.56,5336.0,290.0,197.1
GHL,11/16/2021,374.0,397.7,368.0,397.0,8.17,7780.0,290.0,197.1
GHL,11/17/2021,400.0,420.0,396.0,397.0,0.0,15667.0,290.0,197.1
GHL,11/18/2021,390.0,400.0,379.0,386.0,-2.77,11591.0,290.0,197.1
GHL,11/21/2021,386.0,393.7,378.8,379.0,-1.81,4800.0,290.0,197.1
GHL,11/22/2021,386.0,398.0,372.0,392.0,3.43,13493.0,290.0,197.1
GHL,11/23/2021,384.2,399.0,376.6,377.3,-3.75,7500.0,290.0,197.1
GHL,11/24/2021,376.0,398.4,364.0,390.4,3.47,11615.0,290.0,197.1
GHL,11/25/2021,397.9,402.0,382.7,388.0,-0.61,7684.0,290.0,197.1
GHL,11/28/2021,380.4,388.0,365.0,366.1,-5.64,14742.0,290.0,197.1
GHL,11/29/2021,359.0,380.0,359.0,365.0,-0.3,5668.0,290.0,197.1
GHL,11/30/2021,360.0,370.0,358.0,359.0,-1.64,4039.0,290.0,197.1
GHL,12/1/2021,366.1,380.7,357.0,367.0,2.23,4662.0,290.0,197.1
GHL,12/2/2021,364.0,367.0,353.1,353.1,-3.79,3166.0,290.0,197.1
GHL,12/5/2021,346.2,355.0,332.0,334.0,-5.41,3268.0,290.0,197.1
GHL,12/6/2021,330.4,366.9,309.0,357.0,6.89,6400.0,290.0,197.1
GHL,12/7/2021,364.1,384.0,348.0,364.0,1.96,14895.0,290.0,197.1
GHL,12/8/2021,361.0,362.0,340.0,341.0,-6.32,3873.0,290.0,197.1
GHL,12/9/2021,334.2,341.7,323.1,327.3,-4.02,6922.0,290.0,197.1
GHL,12/12/2021,340.0,340.0,305.0,308.0,-5.9,6499.0,290.0,197.1
GHL,12/13/2021,302.0,302.0,282.3,289.0,-6.17,9050.0,290.0,197.1
GHL,12/14/2021,294.0,316.9,294.0,314.0,8.65,2615.0,290.0,197.1
GHL,12/15/2021,320.0,345.0,309.0,322.0,2.55,9395.0,290.0,197.1
GHL,12/16/2021,320.1,320.1,299.0,310.0,-3.73,3763.0,290.0,197.1
GHL,12/20/2021,310.0,316.0,296.0,304.0,-1.94,1911.0,290.0,197.1
GHL,12/21/2021,305.0,334.2,300.0,317.0,4.28,3875.0,290.0,197.1
GHL,12/22/2021,315.0,341.0,315.0,341.0,7.57,9024.0,290.0,197.1
GHL,12/23/2021,335.0,361.4,328.5,335.0,-1.76,11903.0,290.0,197.1
GHL,12/26/2021,340.0,341.0,325.0,329.0,-1.79,2862.0,290.0,197.1
GHL,12/27/2021,325.1,330.0,302.0,302.0,-8.21,6087.0,290.0,197.1
GHL,12/28/2021,300.0,317.0,296.0,314.0,3.97,4002.0,290.0,197.1
GHL,12/29/2021,314.0,320.0,305.0,316.5,0.8,2612.0,290.0,197.1
GHL,1/2/2022,322.0,322.0,308.5,310.0,-2.05,2435.0,290.0,197.1
GHL,1/3/2022,309.0,316.0,304.0,315.0,1.61,5931.0,290.0,197.1
GHL,1/4/2022,309.0,320.0,308.0,315.0,0.0,3301.0,290.0,197.1
GHL,1/5/2022,310.0,334.0,310.0,320.0,1.59,6434.0,290.0,197.1
GHL,1/6/2022,313.6,337.9,313.6,325.0,1.56,5790.0,290.0,197.1
GHL,1/9/2022,331.0,344.0,330.0,339.0,4.31,8803.0,290.0,197.1
GHL,1/10/2022,345.0,365.0,334.0,350.0,3.24,19446.0,290.0,197.1
GHL,1/11/2022,350.0,364.0,343.0,360.0,2.86,14424.0,290.0,197.1
GHL,1/12/2022,355.0,376.0,350.1,350.8,-2.56,10352.0,290.0,197.1
GHL,1/13/2022,357.8,363.0,345.0,361.0,2.91,8449.0,290.0,197.1
GHL,1/16/2022,354.0,389.6,347.0,378.0,4.71,326333.0,290.0,197.1
GHL,1/17/2022,385.5,385.5,365.0,375.0,-0.79,105144.0,290.0,197.1
GHL,1/18/2022,375.0,380.0,362.8,369.0,-1.6,87786.0,290.0,197.1
GHL,1/19/2022,369.0,369.0,353.0,353.0,-4.34,72151.0,290.0,197.1
GHL,1/20/2022,347.0,368.0,347.0,368.0,4.25,59229.0,290.0,197.1
GHL,1/23/2022,375.3,382.0,355.0,361.0,-1.9,90394.0,290.0,197.1
GHL,1/24/2022,368.2,368.2,340.0,343.8,-4.76,107850.0,290.0,197.1
GHL,1/25/2022,340.0,359.0,332.4,343.0,-0.23,46304.0,290.0,197.1
GHL,1/26/2022,337.3,342.0,326.0,331.0,-3.5,58047.0,290.0,197.1
GHL,1/27/2022,331.0,337.0,320.0,324.0,-2.11,32097.0,290.0,197.1
GHL,1/30/2022,330.4,350.0,330.4,345.9,6.76,53632.0,290.0,197.1
GHL,1/31/2022,352.8,352.8,339.1,340.7,-1.5,26903.0,290.0,197.1
GHL,2/1/2022,344.0,357.6,334.0,356.0,4.49,73668.0,290.0,197.1
GHL,2/3/2022,363.1,370.0,350.1,350.1,-1.66,95438.0,290.0,197.1
GHL,2/6/2022,351.0,358.0,337.2,340.0,-2.88,51382.0,290.0,197.1
GHL,2/7/2022,339.0,350.0,334.1,348.0,2.35,39185.0,290.0,197.1
GHL,2/8/2022,354.9,369.1,340.0,344.0,-1.15,55854.0,290.0,197.1
GHL,2/9/2022,348.0,350.0,337.5,341.0,-0.87,26382.0,290.0,197.1
GHL,2/10/2022,347.8,347.8,334.5,338.0,-0.88,24822.0,290.0,197.1
GHL,2/13/2022,331.3,331.3,315.0,318.0,-5.92,62381.0,290.0,197.1
GHL,2/14/2022,318.0,329.0,315.0,320.0,0.63,30641.0,290.0,197.1
GHL,2/15/2022,326.0,339.6,314.6,339.6,6.13,23732.0,290.0,197.1
GHL,2/16/2022,345.0,346.0,325.0,327.0,-3.71,34459.0,290.0,197.1
GHL,2/17/2022,321.2,328.0,320.7,324.0,-0.92,22444.0,290.0,197.1
GHL,2/20/2022,320.0,335.7,309.9,325.0,0.31,69570.0,290.0,197.1
GHL,2/21/2022,331.0,334.0,325.0,330.0,1.54,19969.0,290.0,197.1
GHL,2/22/2022,336.6,352.0,332.0,347.0,5.15,92357.0,290.0,197.1
GHL,2/23/2022,353.0,380.0,349.9,379.0,9.22,346585.0,290.0,197.1
GHL,2/24/2022,382.0,397.8,362.5,367.0,-3.17,137710.0,290.0,197.1
GHL,2/27/2022,367.0,377.0,356.1,358.0,-2.45,74769.0,290.0,197.1
GHL,2/28/2022,358.0,372.3,334.0,335.0,-6.42,109853.0,290.0,197.1
GHL,3/2/2022,330.0,340.0,318.0,323.0,-3.58,65608.0,290.0,197.1
GHL,3/6/2022,329.4,332.0,321.0,322.0,-0.31,27539.0,290.0,197.1
GHL,3/7/2022,318.0,334.0,315.0,317.0,-1.55,53534.0,290.0,197.1
GHL,3/9/2022,320.0,321.0,300.0,305.0,-3.79,52856.0,290.0,197.1
GHL,3/10/2022,300.0,323.8,299.0,314.0,2.95,41475.0,290.0,197.1
GHL,3/13/2022,320.2,336.5,320.0,327.0,4.14,44628.0,290.0,197.1
GHL,3/14/2022,333.5,333.5,320.0,320.3,-2.05,17679.0,290.0,197.1
GHL,3/15/2022,326.6,334.5,320.3,332.0,3.65,40745.0,290.0,197.1
GHL,3/16/2022,328.0,336.9,322.0,322.0,-3.01,39012.0,290.0,197.1
GHL,3/20/2022,325.0,331.0,321.1,322.0,0.0,21158.0,290.0,197.1
GHL,3/21/2022,322.0,332.9,319.0,328.2,1.93,25908.0,290.0,197.1
GHL,3/22/2022,321.7,341.0,321.7,332.0,1.16,37296.0,290.0,197.1
GHL,3/23/2022,326.0,338.0,321.0,324.0,-2.41,22361.0,290.0,197.1
GHL,3/24/2022,324.0,332.5,315.2,323.0,-0.31,42701.0,290.0,197.1
GHL,3/27/2022,329.4,329.4,310.1,320.0,-0.93,47570.0,290.0,197.1
GHL,3/28/2022,313.6,321.9,307.0,307.0,-4.06,32174.0,290.0,197.1
GHL,3/29/2022,300.9,314.0,300.9,307.0,0.0,20491.0,290.0,197.1
GHL,3/30/2022,300.9,318.0,300.9,317.9,3.55,26619.0,290.0,197.1
GHL,3/31/2022,311.6,323.3,303.0,305.0,-4.06,31236.0,290.0,197.1
GHL,4/3/2022,305.0,310.9,297.0,299.0,-1.97,28466.0,290.0,197.1
GHL,4/4/2022,299.0,304.9,295.2,299.0,0.0,27101.0,290.0,197.1
GHL,4/5/2022,293.1,298.9,284.2,289.0,-3.34,41821.0,290.0,197.1
GHL,4/6/2022,283.3,295.8,280.4,285.0,-1.38,24319.0,290.0,197.1
GHL,4/7/2022,285.0,299.9,284.1,295.0,3.51,38865.0,290.0,197.1
GHL,4/11/2022,299.0,306.0,280.0,288.0,-2.37,31847.0,290.0,197.1
GHL,4/12/2022,282.3,285.0,268.0,271.0,-5.9,36414.0,290.0,197.1
GHL,4/13/2022,271.0,279.0,263.8,273.9,1.07,24337.0,290.0,197.1
GHL,4/17/2022,276.0,279.0,260.0,265.2,-3.18,13683.0,290.0,197.1
GHL,4/18/2022,259.9,261.1,247.0,249.8,-5.81,24667.0,290.0,197.1
GHL,4/19/2022,250.0,256.0,237.0,250.0,0.08,18359.0,290.0,197.1
GHL,4/20/2022,245.0,254.0,236.2,238.0,-4.8,15193.0,290.0,197.1
GHL,4/21/2022,242.7,242.7,217.6,223.0,-6.3,33702.0,290.0,197.1
GHL,4/24/2022,227.0,245.3,226.1,245.3,10.0,33247.0,290.0,197.1
GHL,4/25/2022,250.2,265.5,244.1,249.5,1.71,54823.0,290.0,197.1
GHL,4/26/2022,254.4,259.5,244.6,249.0,-0.2,18799.0,290.0,197.1
GHL,4/27/2022,253.9,255.8,245.0,252.0,1.2,21462.0,290.0,197.1
GHL,4/28/2022,255.0,258.9,241.0,246.1,-2.34,21417.0,290.0,197.1
GHL,5/2/2022,242.0,242.0,225.7,230.0,-6.54,24332.0,290.0,197.1
GHL,5/4/2022,230.0,234.6,217.0,228.9,-0.48,21120.0,290.0,197.1
GHL,5/5/2022,230.0,230.0,212.0,213.2,-6.86,23686.0,290.0,197.1
GHL,5/8/2022,211.0,233.0,209.0,232.0,8.82,21264.0,290.0,197.1
GHL,5/9/2022,234.5,239.0,225.4,226.0,-2.59,22530.0,290.0,197.1
GHL,5/10/2022,229.0,240.0,229.0,240.0,6.19,20847.0,290.0,197.1
GHL,5/11/2022,240.0,253.0,238.3,253.0,5.42,29766.0,290.0,197.1
GHL,5/12/2022,256.0,263.0,245.1,248.0,-1.98,47573.0,290.0,197.1
GHL,5/17/2022,243.1,244.0,230.0,231.0,-6.85,16150.0,290.0,197.1
GHL,5/18/2022,227.0,247.9,222.2,240.0,3.9,17829.0,290.0,197.1
GHL,5/19/2022,244.8,248.5,230.5,235.0,-2.08,20026.0,290.0,197.1
GHL,5/20/2022,231.2,239.0,230.9,234.0,-0.43,9338.0,290.0,197.1
GHL,5/23/2022,233.0,233.0,225.0,227.3,-2.86,11658.0,290.0,197.1
GHL,5/24/2022,225.1,238.0,225.1,234.5,3.17,10737.0,290.0,197.1
GHL,5/25/2022,238.9,243.0,234.0,235.0,0.21,18303.0,290.0,197.1
GHL,5/26/2022,239.6,244.4,232.0,236.0,0.43,8685.0,290.0,197.1
GHL,5/27/2022,239.7,245.0,230.3,233.0,-1.27,9733.0,290.0,197.1
GHL,5/30/2022,237.5,237.5,222.1,224.0,-3.86,10904.0,290.0,197.1
GHL,5/31/2022,221.0,232.0,220.0,223.0,-0.45,13153.0,290.0,197.1
GHL,6/1/2022,225.0,229.3,220.0,224.7,0.76,10430.0,290.0,197.1
GHL,6/2/2022,229.1,229.1,219.6,222.5,-0.98,7807.0,290.0,197.1
GHL,6/3/2022,226.5,226.5,216.0,220.0,-1.12,19103.0,290.0,197.1
GHL,6/6/2022,223.0,226.9,217.6,221.0,0.45,26251.0,290.0,197.1
GHL,6/7/2022,225.4,225.4,213.0,215.0,-2.71,14696.0,290.0,197.1
GHL,6/8/2022,218.8,229.9,211.0,222.5,3.49,19668.0,290.0,197.1
GHL,6/9/2022,225.0,229.0,215.1,217.0,-2.47,23155.0,290.0,197.1
GHL,6/10/2022,221.3,221.3,213.0,215.0,-0.92,14988.0,290.0,197.1
GHL,6/13/2022,211.5,215.0,210.0,211.9,-1.44,18986.0,290.0,197.1
GHL,6/14/2022,211.0,211.1,205.0,205.5,-3.02,17708.0,290.0,197.1
GHL,6/15/2022,202.0,209.0,198.1,202.5,-1.46,10565.0,290.0,197.1
GHL,6/16/2022,199.0,210.1,198.5,203.0,0.25,10871.0,290.0,197.1
GHL,6/17/2022,206.9,206.9,202.0,204.0,0.49,19700.0,290.0,197.1
GHL,6/19/2022,207.9,207.9,194.3,195.0,-4.41,10561.0,290.0,197.1
GHL,6/20/2022,192.0,198.0,183.0,190.0,-2.56,27893.0,290.0,197.1
GHL,6/21/2022,186.2,198.9,186.2,198.0,4.21,19070.0,290.0,197.1
GHL,6/22/2022,201.9,201.9,187.0,187.0,-5.56,8051.0,290.0,197.1
GHL,6/23/2022,184.0,190.6,169.0,190.6,1.93,32680.0,290.0,197.1
GHL,6/24/2022,189.5,193.0,171.6,181.0,-5.04,30420.0,290.0,197.1
GHL,6/26/2022,183.0,199.1,181.0,199.1,10.0,33023.0,290.0,197.1
GHL,6/27/2022,203.0,207.0,193.0,193.0,-3.06,32481.0,290.0,197.1
GHL,6/28/2022,189.2,192.6,185.0,186.0,-3.63,14938.0,290.0,197.1
GHL,6/29/2022,183.0,195.0,178.7,194.0,4.3,28916.0,290.0,197.1
GHL,6/30/2022,197.5,210.0,194.1,206.0,6.19,30965.0,290.0,197.1
GHL,7/1/2022,209.0,211.2,202.0,204.0,-0.97,12851.0,290.0,197.1
GHL,7/3/2022,207.0,221.0,202.0,219.0,7.35,30402.0,290.0,197.1
GHL,7/4/2022,223.0,232.5,214.7,225.9,3.15,48472.0,290.0,197.1
GHL,7/5/2022,230.4,230.4,210.0,211.0,-6.6,38113.0,290.0,197.1
GHL,7/6/2022,214.0,217.0,203.5,213.0,0.95,32922.0,290.0,197.1
GHL,7/7/2022,217.0,225.0,208.0,210.0,-1.41,22049.0,290.0,197.1
GHL,7/8/2022,208.0,209.0,205.0,205.1,-2.33,15026.0,290.0,197.1
GHL,7/11/2022,204.0,204.0,190.0,192.0,-6.39,27310.0,290.0,197.1
GHL,7/12/2022,195.0,200.0,186.2,195.0,1.56,36179.0,290.0,197.1
GHL,7/13/2022,198.0,211.0,196.2,211.0,8.21,19664.0,290.0,197.1
GHL,7/14/2022,215.0,217.9,205.0,212.9,0.9,16699.0,290.0,197.1
GHL,7/15/2022,212.9,213.0,206.0,208.0,-2.3,8272.0,290.0,197.1
GHL,7/17/2022,208.0,209.2,203.9,207.0,-0.48,5459.0,290.0,197.1
GHL,7/18/2022,203.1,208.9,203.1,208.8,0.87,8855.0,290.0,197.1
GHL,7/19/2022,209.0,214.0,205.0,207.1,-0.81,26994.0,290.0,197.1
GHL,7/20/2022,210.9,211.0,203.1,207.7,0.29,20300.0,290.0,197.1
GHL,7/21/2022,205.0,209.0,203.0,204.0,-1.78,11227.0,290.0,197.1
GHL,7/22/2022,200.1,204.0,197.0,203.0,-0.49,11791.0,290.0,197.1
GHL,7/24/2022,207.0,214.2,202.1,212.2,4.53,21261.0,290.0,197.1
GHL,7/25/2022,216.0,227.0,214.0,223.0,5.09,50702.0,290.0,197.1
GHL,7/26/2022,223.0,237.1,218.9,222.0,-0.45,61904.0,290.0,197.1
GHL,7/27/2022,218.0,239.0,215.0,237.0,6.76,83189.0,290.0,197.1
GHL,7/28/2022,239.0,249.9,223.5,237.2,0.08,62015.0,290.0,197.1
GHL,7/29/2022,239.0,240.0,232.6,233.0,-1.77,16979.0,290.0,197.1
GHL,7/31/2022,235.0,241.9,231.0,234.0,0.43,44340.0,290.0,197.1
GHL,8/1/2022,234.0,244.8,230.5,233.0,-0.43,54842.0,290.0,197.1
GHL,8/2/2022,233.1,241.0,229.0,240.0,3.0,55765.0,290.0,197.1
GHL,8/3/2022,244.0,249.6,240.0,246.0,2.5,50187.0,290.0,197.1
GHL,8/4/2022,248.0,262.1,238.5,256.2,4.15,153163.0,290.0,197.1
GHL,8/5/2022,257.0,266.0,252.0,257.0,0.31,82976.0,290.0,197.1
GHL,8/7/2022,260.0,262.5,252.9,256.0,-0.39,57347.0,290.0,197.1
GHL,8/8/2022,260.0,260.0,241.1,250.0,-2.34,47784.0,290.0,197.1
GHL,8/9/2022,250.0,250.0,233.3,233.3,-6.68,41974.0,290.0,197.1
GHL,8/10/2022,234.0,243.9,225.7,233.0,-0.13,32221.0,290.0,197.1
GHL,8/11/2022,237.6,240.0,222.0,224.5,-3.65,26814.0,290.0,197.1
GHL,8/14/2022,220.1,231.0,218.0,219.0,-2.45,27219.0,290.0,197.1
GHL,8/15/2022,223.0,236.0,218.0,235.0,7.31,29457.0,290.0,197.1
GHL,8/16/2022,237.0,244.0,224.0,227.4,-3.23,23594.0,290.0,197.1
GHL,8/17/2022,229.9,231.0,223.0,226.0,-0.62,17103.0,290.0,197.1
GHL,8/18/2022,230.0,244.0,225.4,236.5,4.65,25276.0,290.0,197.1
GHL,8/21/2022,231.8,238.0,223.0,232.0,-1.9,22701.0,290.0,197.1
GHL,8/22/2022,227.4,232.9,222.9,229.5,-1.08,13664.0,290.0,197.1
GHL,8/23/2022,230.0,230.0,223.3,227.5,-0.87,12531.0,290.0,197.1
GHL,8/24/2022,227.0,232.0,223.9,227.0,-0.22,17126.0,290.0,197.1
GHL,8/25/2022,223.1,229.9,220.0,223.0,-1.76,18740.0,290.0,197.1
GHL,8/26/2022,224.0,224.0,215.0,218.5,-2.02,18170.0,290.0,197.1
GHL,8/28/2022,220.0,220.0,207.0,209.1,-4.3,36945.0,290.0,197.1
GHL,8/29/2022,213.0,213.0,204.4,211.0,0.91,15229.0,290.0,197.1
GHL,8/30/2022,207.0,215.2,206.0,210.0,-0.47,3630.0,290.0,197.1
GHL,8/31/2022,213.0,213.0,200.9,201.0,-4.29,16055.0,290.0,197.1
GHL,9/1/2022,198.0,211.0,198.0,205.0,1.99,19854.0,290.0,197.1
GHL,9/2/2022,208.0,209.0,203.0,203.0,-0.98,8655.0,290.0,197.1
GHL,9/4/2022,206.0,209.0,200.0,206.0,1.48,14625.0,290.0,197.1
GHL,9/5/2022,209.0,209.8,206.0,207.0,0.49,10066.0,290.0,197.1
GHL,9/6/2022,204.9,205.5,200.0,200.0,-3.38,14117.0,290.0,197.1
GHL,9/7/2022,198.1,203.9,198.1,200.9,0.45,5257.0,290.0,197.1
GHL,9/8/2022,201.9,206.0,196.0,204.9,1.99,12995.0,290.0,197.1
GHL,9/11/2022,204.9,205.0,196.0,196.0,-4.34,24874.0,290.0,197.1
GHL,9/12/2022,199.0,202.0,193.0,196.0,0.0,9936.0,290.0,197.1
GHL,9/13/2022,198.0,202.0,197.0,201.0,2.55,9822.0,290.0,197.1
GHL,9/14/2022,201.9,213.0,200.0,208.2,3.58,43901.0,290.0,197.1
GHL,9/15/2022,210.0,210.0,193.2,195.0,-6.34,34308.0,290.0,197.1
GHL,9/16/2022,191.1,196.8,187.3,193.0,-1.03,14030.0,290.0,197.1
GHL,9/18/2022,189.2,190.1,186.2,186.5,-3.37,13134.0,290.0,197.1
GHL,9/20/2022,183.0,184.0,176.4,179.0,-4.02,16797.0,290.0,197.1
GHL,9/21/2022,182.0,185.0,178.4,179.3,0.17,10010.0,290.0,197.1
GHL,9/22/2022,181.0,183.0,174.0,177.0,-1.28,6903.0,290.0,197.1
GHL,9/25/2022,175.9,175.9,170.6,174.0,-1.69,9155.0,290.0,197.1
GHL,9/27/2022,174.0,184.6,171.5,176.0,1.15,12508.0,290.0,197.1
GHL,9/28/2022,172.6,175.0,172.6,175.0,-0.57,4519.0,290.0,197.1
GHL,9/29/2022,176.5,177.5,171.0,173.0,-1.14,6170.0,290.0,197.1
GHL,10/9/2022,175.0,187.2,175.0,181.0,4.62,4983.0,290.0,197.1
GHL,10/10/2022,181.1,183.5,176.1,177.0,-2.21,5008.0,290.0,197.1
GHL,10/11/2022,174.6,176.0,173.5,174.0,-1.69,3381.0,290.0,197.1
GHL,10/12/2022,177.0,184.7,173.0,181.0,4.02,9021.0,290.0,197.1
GHL,10/13/2022,184.0,187.6,175.6,179.2,-0.99,10357.0,290.0,197.1
GHL,10/16/2022,182.7,182.7,173.1,175.0,-2.34,6958.0,290.0,197.1
GHL,10/17/2022,172.0,174.0,171.2,172.1,-1.66,3214.0,290.0,197.1
GHL,10/19/2022,170.0,173.4,166.8,168.0,-2.38,11788.0,290.0,197.1
GHL,10/20/2022,164.7,170.0,164.7,166.0,-1.19,3665.0,290.0,197.1
GHL,10/23/2022,168.0,169.4,165.0,166.2,0.12,8927.0,290.0,197.1
GHL,10/31/2022,167.5,167.5,164.2,164.8,-0.84,4306.0,290.0,197.1
GHL,11/1/2022,166.0,179.2,165.0,177.6,7.77,11739.0,290.0,197.1
GHL,11/2/2022,180.0,189.9,178.2,185.0,4.17,35411.0,290.0,197.1
GHL,11/3/2022,187.0,187.0,181.5,184.9,-0.05,6016.0,290.0,197.1
GHL,11/6/2022,182.0,193.8,182.0,191.0,3.3,9349.0,290.0,197.1
GHL,11/7/2022,191.0,206.0,187.0,196.0,2.62,39366.0,290.0,197.1
GHL,11/8/2022,199.0,199.0,189.3,190.1,-3.01,13325.0,290.0,197.1
GHL,11/9/2022,187.0,187.0,178.0,178.0,-6.37,29003.0,290.0,197.1
GHL,11/10/2022,180.9,182.0,172.2,174.0,-2.25,10660.0,290.0,197.1
GHL,11/13/2022,174.0,182.0,170.0,176.5,1.44,9336.0,290.0,197.1
GHL,11/14/2022,179.0,182.4,175.0,182.4,3.34,7975.0,290.0,197.1
GHL,11/15/2022,184.0,186.0,176.4,178.9,-1.92,11653.0,290.0,197.1
GHL,11/16/2022,180.0,182.0,179.0,180.9,1.12,8384.0,290.0,197.1
GHL,11/17/2022,184.5,189.0,181.3,188.8,4.37,15600.0,290.0,197.1
GHL,11/22/2022,191.0,204.0,186.4,186.4,-1.27,32274.0,290.0,197.1
GHL,11/23/2022,189.5,205.0,186.3,205.0,9.98,99559.0,290.0,197.1
GHL,11/24/2022,209.1,225.5,207.0,219.0,6.83,119649.0,290.0,197.1
GHL,11/27/2022,222.9,222.9,211.0,216.8,-1.0,48063.0,290.0,197.1
GHL,11/28/2022,219.9,227.0,207.0,214.2,-1.2,124824.0,290.0,197.1
GHL,11/29/2022,210.0,217.0,209.0,216.0,0.84,27853.0,290.0,197.1
GHL,11/30/2022,213.0,214.9,209.0,212.6,-1.57,19567.0,290.0,197.1
GHL,12/1/2022,213.0,214.0,206.0,207.0,-2.63,28719.0,290.0,197.1
GHL,12/4/2022,211.1,211.1,203.0,205.1,-0.92,21970.0,290.0,197.1
GHL,12/5/2022,203.0,207.0,194.1,199.0,-2.97,24316.0,290.0,197.1
GHL,12/6/2022,200.0,203.0,196.0,198.9,-0.05,18363.0,290.0,197.1
GHL,12/7/2022,202.0,202.0,192.0,196.0,-1.46,11344.0,290.0,197.1
GHL,12/11/2022,195.5,198.4,188.2,188.2,-3.98,18831.0,290.0,197.1
GHL,12/12/2022,191.9,196.0,188.0,194.0,3.08,18527.0,290.0,197.1
GHL,12/13/2022,196.1,197.8,191.0,193.0,-0.52,7485.0,290.0,197.1
GHL,12/14/2022,196.8,196.8,190.5,190.5,-1.3,10158.0,290.0,197.1
GHL,12/15/2022,194.0,194.0,186.0,186.0,-2.36,10114.0,290.0,197.1
GHL,12/18/2022,189.0,192.0,177.0,178.5,-4.03,13990.0,290.0,197.1
GHL,12/19/2022,181.0,185.6,179.0,182.1,2.02,10834.0,290.0,197.1
GHL,12/20/2022,180.0,193.1,180.0,186.0,2.14,8292.0,290.0,197.1
GHL,12/21/2022,185.0,203.0,181.5,203.0,9.14,31554.0,290.0,197.1
GHL,12/22/2022,203.0,210.0,193.4,209.9,3.4,84321.0,290.0,197.1
GHL,12/26/2022,214.0,230.8,214.0,230.8,9.96,164351.0,290.0,197.1
GHL,12/27/2022,235.4,248.0,233.3,235.9,2.21,154524.0,290.0,197.1
GHL,12/28/2022,234.0,252.0,226.0,238.0,0.89,58888.0,290.0,197.1
GHL,12/29/2022,234.0,242.4,231.5,239.0,0.42,63300.0,290.0,197.1
GHL,1/1/2023,242.6,246.0,230.0,238.0,-0.42,52768.0,290.0,197.1
GHL,1/2/2023,238.0,240.7,233.0,238.0,0.0,43064.0,290.0,197.1
GHL,1/3/2023,238.0,243.3,230.0,235.0,-1.26,68572.0,290.0,197.1
GHL,1/4/2023,233.0,250.0,233.0,248.0,5.53,111602.0,290.0,197.1
GHL,1/5/2023,251.0,261.0,249.0,255.1,2.86,97945.0,290.0,197.1
GHL,1/8/2023,257.0,270.3,250.2,257.0,0.74,121405.0,290.0,197.1
GHL,1/9/2023,262.0,281.8,260.0,281.0,9.34,136404.0,290.0,197.1
GHL,1/10/2023,284.3,300.0,266.0,273.2,-2.78,150333.0,290.0,197.1
GHL,1/12/2023,278.6,295.0,254.0,259.0,-5.2,129473.0,290.0,197.1
GHL,1/17/2023,264.0,284.9,256.0,284.8,9.96,87550.0,290.0,197.1
GHL,1/18/2023,290.0,297.0,278.4,283.5,-0.46,122604.0,290.0,197.1
GHL,1/19/2023,280.0,289.0,277.9,286.0,0.88,66579.0,290.0,197.1
GHL,1/23/2023,288.0,289.0,271.0,275.0,-3.85,69792.0,290.0,197.1
GHL,1/24/2023,276.0,277.0,265.9,276.5,0.55,48064.0,290.0,197.1
GHL,1/25/2023,278.7,300.0,275.0,291.0,5.24,168423.0,290.0,197.1
GHL,1/26/2023,295.9,309.0,292.1,298.0,2.41,99047.0,290.0,197.1
GHL,1/29/2023,292.1,305.0,287.0,297.0,-0.34,99212.0,290.0,197.1
GHL,1/30/2023,299.9,299.9,280.8,283.0,-4.71,89862.0,290.0,197.1
GHL,1/31/2023,278.0,290.7,274.0,277.0,-2.12,61315.0,290.0,197.1
GHL,2/1/2023,282.5,286.0,271.6,280.0,1.08,42031.0,290.0,197.1
GHL,2/2/2023,284.6,284.6,271.5,274.5,-1.96,52418.0,290.0,197.1
GHL,2/5/2023,278.0,283.9,271.0,273.0,-0.55,49691.0,290.0,197.1
GHL,2/6/2023,270.0,277.4,270.0,274.9,0.7,29030.0,290.0,197.1
GHL,2/7/2023,276.0,297.8,276.0,295.0,7.31,86600.0,290.0,197.1
GHL,2/8/2023,300.0,302.0,289.0,293.0,-0.68,61847.0,290.0,197.1
GHL,2/9/2023,293.0,296.0,287.2,296.0,1.02,60213.0,290.0,197.1
GHL,2/12/2023,291.0,291.0,278.9,283.0,-4.39,83314.0,290.0,197.1
GHL,2/14/2023,288.5,288.5,274.4,279.0,-1.41,34952.0,290.0,197.1
GHL,2/15/2023,276.0,284.5,273.3,275.0,-1.43,36677.0,290.0,197.1
GHL,2/16/2023,280.5,280.5,263.1,265.0,-3.64,33942.0,290.0,197.1
GHL,2/20/2023,269.3,269.3,260.6,264.0,-0.38,25974.0,290.0,197.1
GHL,2/22/2023,265.0,279.3,265.0,279.0,5.68,27185.0,290.0,197.1
GHL,2/23/2023,282.0,282.0,265.1,267.3,-4.19,61709.0,290.0,197.1
GHL,2/26/2023,262.0,274.8,253.9,274.0,2.51,53329.0,290.0,197.1
GHL,2/27/2023,279.4,279.4,260.1,275.0,0.36,41384.0,290.0,197.1
GHL,2/28/2023,280.5,280.5,265.6,269.0,-2.18,23306.0,290.0,197.1
GHL,3/1/2023,270.0,270.0,265.1,267.0,-0.74,16405.0,290.0,197.1
GHL,3/2/2023,262.0,267.0,258.3,259.0,-3.0,31012.0,290.0,197.1
GHL,3/5/2023,262.8,264.1,252.0,252.0,-2.7,24926.0,290.0,197.1
GHL,3/7/2023,257.0,262.0,253.0,260.0,3.17,13786.0,290.0,197.1
GHL,3/9/2023,264.0,274.0,263.0,274.0,5.38,59149.0,290.0,197.1
GHL,3/12/2023,275.0,278.4,270.0,271.7,-0.84,70091.0,290.0,197.1
GHL,3/13/2023,277.1,277.1,260.0,269.0,-0.99,27061.0,290.0,197.1
GHL,3/14/2023,270.0,275.0,267.0,273.1,1.52,25951.0,290.0,197.1
GHL,3/15/2023,272.0,275.0,268.0,270.0,-1.14,16139.0,290.0,197.1
GHL,3/16/2023,266.3,275.0,266.0,270.4,0.15,20759.0,290.0,197.1
GHL,3/19/2023,270.4,274.0,267.1,271.0,0.22,17724.0,290.0,197.1
GHL,3/20/2023,274.0,276.9,267.0,276.5,2.03,55727.0,290.0,197.1
GHL,3/22/2023,275.0,278.9,271.0,271.1,-1.95,33336.0,290.0,197.1
GHL,3/23/2023,266.7,271.9,266.0,267.3,-1.4,17981.0,290.0,197.1
GHL,3/26/2023,268.0,268.0,259.0,263.9,-1.27,22318.0,290.0,197.1
GHL,3/27/2023,269.1,272.2,258.7,270.0,2.31,18046.0,290.0,197.1
GHL,3/28/2023,275.3,280.5,265.0,270.0,0.0,25823.0,290.0,197.1
GHL,3/29/2023,265.2,270.9,265.2,270.8,0.3,4589.0,290.0,197.1
GHL,3/30/2023,270.0,273.2,267.0,268.0,-1.03,12087.0,290.0,197.1
GHL,4/2/2023,270.0,271.0,258.0,261.0,-2.61,23637.0,290.0,197.1
GHL,4/3/2023,258.0,265.4,254.0,259.0,-0.77,22763.0,290.0,197.1
GHL,4/4/2023,264.1,270.0,259.1,268.5,3.67,55335.0,290.0,197.1
GHL,4/5/2023,273.8,275.0,265.0,273.8,1.97,37840.0,290.0,197.1
GHL,4/6/2023,279.2,279.2,265.0,270.0,-1.39,22161.0,290.0,197.1
GHL,4/9/2023,275.0,278.0,258.3,258.3,-4.33,60814.0,290.0,197.1
GHL,4/10/2023,263.3,268.5,259.0,260.0,0.66,25809.0,290.0,197.1
GHL,4/11/2023,264.0,265.2,258.8,263.1,1.19,19361.0,290.0,197.1
GHL,4/12/2023,268.3,277.0,266.0,276.0,4.9,52650.0,290.0,197.1
GHL,4/13/2023,281.5,286.0,267.0,267.0,-3.26,37891.0,290.0,197.1
GHL,4/16/2023,272.3,272.3,266.0,269.0,0.75,28947.0,290.0,197.1
GHL,4/17/2023,269.0,269.7,262.0,263.8,-1.93,33497.0,290.0,197.1
GHL,4/18/2023,258.7,268.9,258.7,262.0,-0.68,21480.0,290.0,197.1
GHL,4/19/2023,264.9,264.9,257.0,263.0,0.38,48093.0,290.0,197.1
GHL,4/20/2023,266.5,266.5,258.1,259.0,-1.52,8147.0,290.0,197.1
GHL,4/23/2023,256.0,259.5,253.0,255.0,-1.54,18668.0,290.0,197.1
GHL,4/24/2023,255.0,263.0,250.0,256.9,0.75,20781.0,290.0,197.1
GHL,4/25/2023,260.0,262.0,255.0,261.0,1.6,13064.0,290.0,197.1
GHL,4/26/2023,263.0,263.0,255.1,256.0,-1.92,13888.0,290.0,197.1
GHL,4/27/2023,259.0,259.0,253.1,255.9,-0.04,12120.0,290.0,197.1
GHL,4/30/2023,261.0,261.0,252.0,254.4,-0.59,12970.0,290.0,197.1
GHL,5/2/2023,255.0,255.0,247.0,250.0,-1.73,11037.0,290.0,197.1
GHL,5/3/2023,248.5,253.0,242.0,246.9,-1.24,9090.0,290.0,197.1
GHL,5/4/2023,246.8,248.0,239.2,244.1,-1.13,14040.0,290.0,197.1
GHL,5/7/2023,240.0,244.0,224.9,229.9,-5.82,16571.0,290.0,197.1
GHL,5/8/2023,229.9,229.9,210.0,224.0,-2.57,90627.0,290.0,197.1
GHL,5/9/2023,222.0,228.9,216.0,222.0,-0.89,11940.0,290.0,197.1
GHL,5/10/2023,222.0,222.9,215.0,218.0,-1.8,7112.0,290.0,197.1
GHL,5/11/2023,214.0,220.4,214.0,219.8,0.83,7590.0,290.0,197.1
GHL,5/14/2023,221.9,221.9,212.0,215.0,-2.18,18592.0,290.0,197.1
GHL,5/15/2023,214.0,218.0,211.0,216.5,0.7,8956.0,290.0,197.1
GHL,5/16/2023,212.2,219.6,211.1,218.0,0.69,9913.0,290.0,197.1
GHL,5/17/2023,220.0,225.0,217.0,220.0,0.92,27263.0,290.0,197.1
GHL,5/18/2023,221.0,230.9,221.0,229.0,4.09,30888.0,290.0,197.1
GHL,5/21/2023,229.0,236.9,226.0,229.0,0.0,29786.0,290.0,197.1
GHL,5/22/2023,231.5,233.0,225.0,226.7,-1.0,13558.0,290.0,197.1
GHL,5/23/2023,229.5,237.0,227.0,234.5,3.44,40760.0,290.0,197.1
GHL,5/24/2023,235.0,239.0,229.0,236.8,0.98,27940.0,290.0,197.1
GHL,5/28/2023,239.9,251.9,236.0,237.5,0.3,66284.0,290.0,197.1
GHL,5/30/2023,238.0,238.4,230.0,231.5,-2.53,41322.0,290.0,197.1
GHL,5/31/2023,227.0,239.3,224.3,227.9,-1.56,44204.0,290.0,197.1
GHL,6/1/2023,229.9,235.0,222.0,231.8,1.71,21842.0,290.0,197.1
GHL,6/4/2023,236.4,245.8,235.0,238.5,2.89,20207.0,290.0,197.1
GHL,6/5/2023,240.0,242.0,233.5,233.5,-2.1,27076.0,290.0,197.1
GHL,6/6/2023,231.1,244.0,231.1,241.0,3.21,36241.0,290.0,197.1
GHL,6/7/2023,241.0,247.0,238.0,242.7,0.71,27412.0,290.0,197.1
GHL,6/8/2023,246.0,246.0,235.0,239.7,-1.24,15349.0,290.0,197.1
GHL,6/11/2023,243.0,246.8,238.0,240.0,0.13,22233.0,290.0,197.1
GHL,6/12/2023,243.0,247.8,240.3,247.5,3.12,40415.0,290.0,197.1
GHL,6/13/2023,251.0,251.0,245.0,247.0,-0.2,51548.0,290.0,197.1
GHL,6/14/2023,244.1,251.9,240.1,244.7,-0.93,50719.0,290.0,197.1
GHL,6/15/2023,246.0,246.0,238.0,243.6,-0.45,19514.0,290.0,197.1
GHL,6/18/2023,239.0,246.0,239.0,246.0,0.99,32254.0,290.0,197.1
GHL,6/19/2023,250.9,250.9,235.0,237.0,-3.66,32526.0,290.0,197.1
GHL,6/20/2023,240.0,240.0,227.0,227.1,-4.18,26546.0,290.0,197.1
GHL,6/21/2023,227.1,236.0,222.0,225.8,-0.57,32260.0,290.0,197.1
GHL,6/22/2023,225.0,229.5,220.0,229.0,1.42,23026.0,290.0,197.1
GHL,6/25/2023,231.0,232.0,222.0,226.0,-1.31,36420.0,290.0,197.1
GHL,6/26/2023,230.5,238.0,224.5,226.0,0.0,39135.0,290.0,197.1
GHL,6/27/2023,230.5,234.7,226.0,233.0,3.1,14746.0,290.0,197.1
GHL,6/28/2023,234.0,250.9,226.5,243.0,4.29,136516.0,290.0,197.1
GHL,7/2/2023,247.0,250.0,234.0,237.0,-2.47,62277.0,290.0,197.1
GHL,7/3/2023,238.0,238.5,226.4,229.0,-3.38,40511.0,290.0,197.1
GHL,7/4/2023,233.0,237.6,226.0,227.0,-0.87,11071.0,290.0,197.1
GHL,7/5/2023,227.0,231.4,223.4,224.0,-1.32,28656.0,290.0,197.1
GHL,7/6/2023,221.5,227.0,217.2,220.0,-1.79,29962.0,290.0,197.1
GHL,7/9/2023,223.0,224.4,218.6,219.0,-0.45,31028.0,290.0,197.1
GHL,7/10/2023,221.0,224.0,214.0,218.0,-0.46,22643.0,290.0,197.1
GHL,7/11/2023,216.0,220.0,214.0,214.0,-1.83,9224.0,290.0,197.1
GHL,7/12/2023,216.0,226.0,213.3,225.8,5.51,29611.0,290.0,197.1
GHL,7/13/2023,229.0,234.8,220.8,220.8,-2.21,18759.0,290.0,197.1
GHL,7/16/2023,225.0,225.0,216.2,222.0,0.54,12452.0,290.0,197.1
GHL,7/17/2023,218.0,223.0,217.6,222.0,0.0,15134.0,290.0,197.1
GHL,7/18/2023,222.0,224.5,218.4,221.0,-0.45,15140.0,290.0,197.1
GHL,7/19/2023,218.1,220.0,215.5,216.0,-2.26,17525.0,290.0,197.1
GHL,7/20/2023,219.0,223.0,215.2,221.0,2.31,19124.0,290.0,197.1
GHL,7/23/2023,224.0,226.0,217.0,226.0,2.26,19502.0,290.0,197.1
GHL,7/24/2023,230.0,230.0,222.0,224.0,-0.88,15178.0,290.0,197.1
GHL,7/25/2023,224.0,224.0,221.0,221.0,-1.34,6707.0,290.0,197.1
GHL,7/26/2023,221.0,223.0,218.0,218.0,-1.36,11197.0,290.0,197.1
GHL,7/27/2023,218.0,220.3,215.5,216.0,-0.92,8706.0,290.0,197.1
GHL,7/30/2023,219.0,219.0,213.3,216.0,0.0,9187.0,290.0,197.1
GHL,7/31/2023,216.2,220.1,213.4,217.0,0.46,8913.0,290.0,197.1
GHL,8/1/2023,215.0,217.0,211.0,211.0,-2.76,8504.0,290.0,197.1
GHL,8/2/2023,210.8,211.0,207.0,211.0,0.0,10712.0,290.0,197.1
GHL,8/3/2023,215.2,215.2,208.9,209.0,-0.95,3925.0,290.0,197.1
GHL,8/6/2023,211.4,211.4,200.1,202.0,-3.35,8190.0,290.0,197.1
GHL,8/7/2023,200.1,203.0,195.0,197.0,-2.48,16650.0,290.0,197.1
GHL,8/8/2023,194.2,199.0,193.1,195.0,-1.02,7175.0,290.0,197.1
GHL,8/9/2023,193.0,196.9,190.0,196.4,0.72,12150.0,290.0,197.1
GHL,8/10/2023,194.0,197.4,190.0,191.1,-2.7,11059.0,290.0,197.1
GHL,8/13/2023,193.0,194.9,191.2,192.9,0.94,5219.0,290.0,197.1
GHL,8/14/2023,194.9,195.0,190.0,190.0,-1.5,5869.0,290.0,197.1
GHL,8/15/2023,190.0,190.0,185.0,186.0,-2.11,5828.0,290.0,197.1
GHL,8/16/2023,185.0,185.0,181.0,181.0,-2.69,10940.0,290.0,197.1
GHL,8/17/2023,183.0,185.8,180.1,182.0,0.55,7879.0,290.0,197.1
GHL,8/20/2023,184.0,184.0,176.0,178.0,-2.2,8816.0,290.0,197.1
GHL,8/21/2023,177.0,177.0,173.0,174.0,-2.25,15841.0,290.0,197.1
GHL,8/22/2023,175.0,175.0,171.3,174.9,0.52,14719.0,290.0,197.1
GHL,8/23/2023,177.0,187.0,177.0,185.9,6.29,11119.0,290.0,197.1
GHL,8/24/2023,187.0,187.0,177.0,179.0,-3.71,9039.0,290.0,197.1
GHL,8/27/2023,179.0,179.0,174.0,174.0,-2.79,3740.0,290.0,197.1
GHL,8/28/2023,175.9,177.0,172.0,174.0,0.0,3040.0,290.0,197.1
GHL,8/29/2023,173.1,175.1,173.0,175.1,0.63,1969.0,290.0,197.1
GHL,8/30/2023,174.9,177.0,173.6,173.6,-0.86,7244.0,290.0,197.1
GHL,9/3/2023,172.0,172.0,166.5,172.0,-0.92,10576.0,290.0,197.1
GHL,9/4/2023,172.0,174.0,168.6,173.0,0.58,5537.0,290.0,197.1
GHL,9/5/2023,172.0,173.0,170.0,170.1,-1.68,1905.0,290.0,197.1
GHL,9/7/2023,170.0,171.0,164.7,167.0,-1.82,10410.0,290.0,197.1
GHL,9/10/2023,165.0,169.0,161.7,162.0,-2.99,7764.0,290.0,197.1
GHL,9/11/2023,162.0,166.8,159.0,166.5,2.78,18269.0,290.0,197.1
GHL,9/12/2023,168.5,168.5,159.9,165.0,-0.9,6861.0,290.0,197.1
GHL,9/13/2023,165.0,177.0,164.5,173.0,4.85,6018.0,290.0,197.1
GHL,9/17/2023,174.0,174.0,166.0,166.1,-3.99,6059.0,290.0,197.1
GHL,9/18/2023,168.0,169.4,166.0,167.5,0.84,8611.0,290.0,197.1
GHL,9/19/2023,167.5,182.0,166.0,178.5,6.57,8088.0,290.0,197.1
GHL,9/21/2023,181.0,192.7,181.0,189.6,6.22,26455.0,290.0,197.1
GHL,9/24/2023,190.0,192.0,182.6,185.9,-1.95,10759.0,290.0,197.1
GHL,9/25/2023,186.0,193.8,182.3,187.0,0.59,15296.0,290.0,197.1
GHL,9/26/2023,189.0,205.7,189.0,205.0,9.63,52139.0,290.0,197.1
GHL,9/27/2023,205.0,217.0,197.0,210.0,2.44,63288.0,290.0,197.1
GHL,10/1/2023,210.0,210.0,202.0,207.0,-1.43,40333.0,290.0,197.1
GHL,10/2/2023,203.0,210.0,201.0,210.0,1.45,62166.0,290.0,197.1
GHL,10/3/2023,210.0,226.4,206.2,226.4,7.81,54462.0,290.0,197.1
GHL,10/4/2023,221.9,226.0,210.1,226.0,-0.18,49025.0,290.0,197.1
GHL,10/5/2023,221.5,230.0,214.3,230.0,1.77,45389.0,290.0,197.1
GHL,10/8/2023,233.0,233.0,210.0,210.0,-8.7,89892.0,290.0,197.1
GHL,10/9/2023,211.0,212.0,195.1,204.0,-2.86,45646.0,290.0,197.1
GHL,10/10/2023,207.0,211.0,196.0,198.0,-2.94,24697.0,290.0,197.1
GHL,10/11/2023,200.0,212.7,196.7,199.9,0.96,32233.0,290.0,197.1
GHL,10/12/2023,200.0,201.0,193.0,195.0,-2.45,30273.0,290.0,197.1
GHL,10/16/2023,197.0,197.0,175.5,177.9,-8.77,60863.0,290.0,197.1
GHL,10/17/2023,178.0,182.9,173.0,173.0,-2.75,39571.0,290.0,197.1
GHL,10/18/2023,175.0,178.2,172.5,175.0,1.16,47996.0,290.0,197.1
GHL,10/19/2023,177.0,181.5,174.0,174.6,-0.23,158316.0,290.0,197.1
GHL,10/29/2023,126.0,134.6,126.0,132.0,-24.4,70932.0,290.0,197.1
GHL,10/30/2023,132.0,133.0,126.7,133.0,0.76,17138.0,290.0,197.1
GHL,10/31/2023,130.4,132.6,130.0,131.9,-0.83,7906.0,290.0,197.1
GHL,11/1/2023,133.0,136.8,130.0,136.8,3.71,27452.0,290.0,197.1
GHL,11/2/2023,138.5,138.5,131.5,132.0,-3.51,10557.0,290.0,197.1
GHL,11/5/2023,131.0,131.0,127.4,127.7,-3.26,14997.0,290.0,197.1
GHL,11/6/2023,127.0,131.9,127.0,129.3,1.25,16031.0,290.0,197.1
GHL,11/7/2023,130.3,132.0,129.0,129.0,-0.23,10059.0,290.0,197.1
GHL,11/8/2023,131.4,134.1,128.5,128.5,-0.39,9264.0,290.0,197.1
GHL,11/9/2023,128.0,131.9,121.4,130.4,1.48,27505.0,290.0,197.1
GHL,11/20/2023,129.0,132.5,128.0,129.0,-1.07,14840.0,290.0,197.1
GHL,11/21/2023,128.0,130.5,126.0,126.1,-2.25,3812.0,290.0,197.1
GHL,11/22/2023,127.0,127.9,126.1,127.0,0.71,5618.0,290.0,197.1
GHL,11/23/2023,129.5,129.5,120.0,127.0,0.0,31905.0,290.0,197.1
GHL,11/26/2023,127.0,133.0,125.3,128.6,1.26,27106.0,290.0,197.1
GHL,11/27/2023,131.0,132.5,127.4,127.4,-0.93,31239.0,290.0,197.1
GHL,11/28/2023,128.8,129.0,126.3,128.0,0.47,7575.0,290.0,197.1
GHL,11/29/2023,130.0,130.2,123.9,126.0,-1.56,17387.0,290.0,197.1
GHL,11/30/2023,127.0,127.0,124.0,125.0,-0.79,13188.0,290.0,197.1
GHL,12/3/2023,125.0,125.5,124.0,124.2,-0.64,9178.0,290.0,197.1
GHL,12/4/2023,124.5,126.6,122.5,123.0,-0.97,16470.0,290.0,197.1
GHL,12/5/2023,123.0,124.9,121.6,122.0,-0.81,21848.0,290.0,197.1
GHL,12/6/2023,123.0,123.3,121.0,122.9,0.74,9279.0,290.0,197.1
GHL,12/7/2023,122.0,124.4,120.0,121.5,-1.14,49773.0,290.0,197.1
GHL,12/10/2023,122.0,132.0,122.0,131.5,8.23,4450.0,290.0,197.1
GHL,12/11/2023,132.0,136.5,127.6,130.0,-1.14,137710.0,290.0,197.1
GHL,12/12/2023,132.5,140.0,130.0,135.5,4.23,100255.0,290.0,197.1
GHL,12/13/2023,137.0,149.0,135.0,149.0,9.96,157004.0,290.0,197.1
GHL,12/14/2023,151.0,157.0,149.2,153.0,2.68,68512.0,290.0,197.1
GHL,12/17/2023,153.0,168.1,143.3,167.8,9.67,136550.0,290.0,197.1
GHL,12/18/2023,171.0,180.5,161.0,168.0,0.12,147614.0,290.0,197.1
GHL,12/19/2023,165.1,171.0,161.7,169.0,0.6,62962.0,290.0,197.1
GHL,12/20/2023,171.0,185.0,163.4,178.0,5.33,117618.0,290.0,197.1
GHL,12/21/2023,181.0,181.0,167.1,167.1,-6.12,122846.0,290.0,197.1
GHL,12/24/2023,170.0,182.5,163.4,163.4,-2.21,105278.0,290.0,197.1
GHL,12/27/2023,166.0,179.0,161.5,164.0,0.37,89722.0,290.0,197.1
GHL,12/28/2023,160.8,167.2,160.8,164.0,0.0,49575.0,290.0,197.1
GHL,1/1/2024,167.2,167.2,157.0,157.0,-4.27,76789.0,290.0,197.1
GHL,1/2/2024,156.0,156.0,147.1,149.8,-4.59,71434.0,290.0,197.1
GHL,1/3/2024,147.0,158.1,147.0,158.1,5.54,45225.0,290.0,197.1
GHL,1/4/2024,161.2,167.2,154.5,155.0,-1.96,73447.0,290.0,197.1
GHL,1/7/2024,157.4,163.9,156.0,160.0,3.23,84273.0,290.0,197.1
GHL,1/8/2024,157.0,164.5,157.0,160.8,0.5,58670.0,290.0,197.1
GHL,1/9/2024,164.0,168.1,160.9,163.9,1.93,61989.0,290.0,197.1
GHL,1/10/2024,165.0,165.0,160.0,160.0,-2.38,43140.0,290.0,197.1
GHL,1/11/2024,162.0,162.0,155.5,157.0,-1.88,56555.0,290.0,197.1
GHL,1/14/2024,160.1,170.0,160.0,168.2,7.13,116743.0,290.0,197.1
GHL,1/16/2024,169.0,185.0,169.0,185.0,9.99,177248.0,290.0,197.1
GHL,1/17/2024,188.7,203.5,180.0,181.2,-2.05,276582.0,290.0,197.1
GHL,1/18/2024,182.0,197.4,169.0,189.0,4.3,140147.0,290.0,197.1
GHL,1/21/2024,190.0,205.0,188.0,194.8,3.07,201668.0,290.0,197.1
GHL,1/22/2024,198.6,198.6,187.5,189.0,-2.98,83788.0,290.0,197.1
GHL,1/23/2024,189.0,195.8,183.5,187.0,-1.06,63939.0,290.0,197.1
GHL,1/24/2024,183.4,195.0,183.4,184.0,-1.6,33243.0,290.0,197.1
GHL,1/25/2024,187.6,191.0,178.0,179.9,-2.23,54201.0,290.0,197.1
GHL,1/28/2024,181.0,191.4,177.4,187.0,3.95,54485.0,290.0,197.1
GHL,1/29/2024,190.7,193.6,185.0,188.9,1.02,60397.0,290.0,197.1
GHL,1/30/2024,190.0,192.0,186.0,192.0,1.64,85017.0,290.0,197.1
GHL,1/31/2024,195.8,195.8,185.1,185.2,-3.54,39367.0,290.0,197.1
GHL,2/1/2024,183.0,185.0,179.5,180.7,-2.43,51292.0,290.0,197.1
GHL,2/4/2024,177.4,184.0,177.1,178.0,-1.49,25565.0,290.0,197.1
GHL,2/5/2024,181.5,185.1,180.8,183.0,2.81,28611.0,290.0,197.1
GHL,2/6/2024,183.0,185.5,179.4,184.5,0.82,35003.0,290.0,197.1
GHL,2/7/2024,188.1,188.1,181.1,183.3,-0.65,16809.0,290.0,197.1
GHL,2/8/2024,183.0,187.0,181.1,185.0,0.93,32418.0,290.0,197.1
GHL,2/11/2024,188.0,191.0,183.1,183.5,-0.81,69917.0,290.0,197.1
GHL,2/12/2024,181.0,187.6,180.4,186.3,1.53,27113.0,290.0,197.1
GHL,2/13/2024,184.0,187.6,181.0,181.0,-2.84,43602.0,290.0,197.1
GHL,2/14/2024,182.9,182.9,179.3,180.1,-0.5,31400.0,290.0,197.1
GHL,2/15/2024,180.0,183.6,177.0,180.0,-0.06,44217.0,290.0,197.1
GHL,2/18/2024,180.0,181.0,175.5,175.5,-2.5,19485.0,290.0,197.1
GHL,2/20/2024,179.0,179.9,172.1,177.0,0.85,37839.0,290.0,197.1
GHL,2/21/2024,180.0,180.0,171.5,171.5,-3.11,42306.0,290.0,197.1
GHL,2/22/2024,174.9,174.9,163.7,164.7,-3.97,43850.0,290.0,197.1
GHL,2/25/2024,167.0,167.0,148.3,153.0,-7.1,399097.0,290.0,197.1
GHL,2/26/2024,150.2,155.4,150.2,153.0,0.0,140231.0,290.0,197.1
GHL,2/27/2024,155.0,155.0,151.1,153.0,0.0,103516.0,290.0,197.1
GHL,2/28/2024,153.1,154.3,148.0,149.0,-2.61,127699.0,290.0,197.1
GHL,2/29/2024,151.7,151.7,144.0,145.8,-2.15,154930.0,290.0,197.1
GHL,3/3/2024,145.0,148.0,141.2,144.3,-1.03,91297.0,290.0,197.1
GHL,3/4/2024,147.1,158.7,147.1,158.7,9.98,23093.0,290.0,197.1
GHL,3/5/2024,161.8,161.8,150.0,150.5,-5.17,261799.0,290.0,197.1
GHL,3/6/2024,150.5,156.0,147.5,152.0,1.0,172763.0,290.0,197.1
GHL,3/7/2024,154.9,155.9,152.6,153.5,0.99,136719.0,290.0,197.1
GHL,3/10/2024,155.0,156.5,152.8,153.5,0.0,115089.0,290.0,197.1
GHL,3/12/2024,156.5,158.0,153.0,156.5,1.95,155203.0,290.0,197.1
GHL,3/13/2024,159.6,165.0,154.3,164.5,5.11,380704.0,290.0,197.1
GHL,3/14/2024,163.0,178.0,163.0,168.7,2.55,443832.0,290.0,197.1
GHL,3/17/2024,169.0,170.0,161.9,162.0,-3.97,208275.0,290.0,197.1
GHL,3/18/2024,163.9,165.0,160.2,163.5,0.93,167968.0,290.0,197.1
GHL,3/19/2024,166.5,166.7,160.4,160.5,-1.83,126112.0,290.0,197.1
GHL,3/20/2024,161.0,163.5,159.0,159.0,-0.93,119669.0,290.0,197.1
GHL,3/21/2024,156.3,162.0,154.9,155.1,-2.45,120241.0,290.0,197.1
GHL,3/25/2024,153.0,155.2,151.0,151.9,-2.06,102415.0,290.0,197.1
GHL,3/26/2024,153.9,157.6,152.2,156.0,2.7,85693.0,290.0,197.1
GHL,3/27/2024,158.0,158.8,153.0,153.0,-1.92,57506.0,290.0,197.1
GHL,3/28/2024,154.9,155.0,152.1,153.0,0.0,84674.0,290.0,197.1
GHL,3/31/2024,155.0,156.0,151.9,152.0,-0.65,84362.0,290.0,197.1
GHL,4/1/2024,152.0,154.0,150.0,151.0,-0.66,74981.0,290.0,197.1
GHL,4/2/2024,149.0,153.9,149.0,150.9,-0.07,39548.0,290.0,197.1
GHL,4/3/2024,150.5,152.0,148.6,150.0,-0.6,59836.0,290.0,197.1
GHL,4/4/2024,151.9,151.9,148.0,150.0,0.0,82578.0,290.0,197.1
GHL,4/7/2024,150.0,152.0,149.0,152.0,1.33,87366.0,290.0,197.1
GHL,4/9/2024,154.0,159.0,152.7,155.0,1.97,260140.0,290.0,197.1
GHL,4/10/2024,157.3,158.0,153.0,153.1,-1.23,96351.0,290.0,197.1
GHL,4/14/2024,153.0,156.0,151.0,155.0,1.24,112114.0,290.0,197.1
GHL,4/15/2024,155.5,155.5,152.5,152.5,-1.61,78613.0,290.0,197.1
GHL,4/16/2024,150.5,152.0,149.1,150.0,-1.64,53407.0,290.0,197.1
GHL,4/18/2024,150.0,153.0,148.0,149.0,-0.67,27189.0,290.0,197.1
GHL,4/21/2024,148.0,154.0,147.0,154.0,3.36,68954.0,290.0,197.1
GHL,4/22/2024,155.0,155.0,149.0,150.0,-2.6,47696.0,290.0,197.1
GHL,4/24/2024,150.2,153.0,148.2,149.0,-0.67,39109.0,290.0,197.1
GHL,4/25/2024,149.9,151.0,148.0,148.1,-0.6,55116.0,290.0,197.1
GHL,4/28/2024,150.0,151.0,148.0,148.4,0.2,48387.0,290.0,197.1
GHL,4/29/2024,150.0,151.3,147.0,147.1,-0.88,48613.0,290.0,197.1
GHL,4/30/2024,147.1,156.0,147.0,151.0,2.65,91868.0,290.0,197.1
GHL,5/2/2024,153.9,154.0,149.0,150.0,-0.66,38977.0,290.0,197.1
GHL,5/5/2024,150.0,150.0,146.0,146.3,-2.47,47215.0,290.0,197.1
GHL,5/6/2024,149.0,149.0,144.0,145.8,-0.34,43135.0,290.0,197.1
GHL,5/7/2024,147.0,147.0,143.6,144.1,-1.17,34809.0,290.0,197.1
GHL,5/8/2024,145.0,145.0,142.0,142.9,-0.83,23213.0,290.0,197.1
GHL,5/9/2024,144.5,144.5,141.7,143.9,0.7,42367.0,290.0,197.1
GHL,5/12/2024,146.6,146.7,142.0,142.4,-1.04,33144.0,290.0,197.1
GHL,5/13/2024,142.4,144.2,141.0,144.0,1.12,29183.0,290.0,197.1
GHL,5/14/2024,146.8,150.5,143.3,148.2,2.92,77887.0,290.0,197.1
GHL,5/15/2024,150.0,159.1,148.6,150.0,1.21,152799.0,290.0,197.1
GHL,5/16/2024,152.0,154.8,149.1,150.0,0.0,67737.0,290.0,197.1
GHL,5/19/2024,150.0,152.9,147.0,151.8,1.2,59405.0,290.0,197.1
GHL,5/20/2024,153.5,153.5,150.1,151.0,-0.53,112434.0,290.0,197.1
GHL,5/21/2024,151.1,155.0,149.0,153.9,1.92,123763.0,290.0,197.1
GHL,5/22/2024,155.0,156.1,151.4,152.0,-1.23,94533.0,290.0,197.1
GHL,5/26/2024,155.0,155.0,148.1,148.1,-2.57,54475.0,290.0,197.1
GHL,5/27/2024,150.0,152.2,148.0,149.5,0.95,67993.0,290.0,197.1
GHL,5/29/2024,152.4,155.4,148.0,148.5,-0.67,57451.0,290.0,197.1
GHL,5/30/2024,151.4,151.4,146.2,147.0,-1.01,60362.0,290.0,197.1
GHL,6/2/2024,149.9,149.9,145.0,146.0,-0.68,59528.0,290.0,197.1
GHL,6/3/2024,148.0,149.9,145.3,146.9,0.62,34122.0,290.0,197.1
GHL,6/4/2024,149.8,149.8,144.0,144.9,-1.36,39476.0,290.0,197.1
GHL,6/5/2024,143.9,146.0,143.0,143.0,-1.31,40846.0,290.0,197.1
GHL,6/6/2024,144.9,144.9,141.6,143.0,0.0,52674.0,290.0,197.1
GHL,6/9/2024,145.0,145.0,142.0,142.9,-0.07,32429.0,290.0,197.1
GHL,6/10/2024,144.0,149.6,143.0,144.1,0.84,58332.0,290.0,197.1
GHL,6/11/2024,146.0,150.0,145.1,148.8,3.26,86827.0,290.0,197.1
GHL,6/12/2024,151.7,156.9,150.0,152.0,2.15,226502.0,290.0,197.1
GHL,6/13/2024,154.0,154.0,149.0,151.7,-0.2,140962.0,290.0,197.1
GHL,6/16/2024,153.0,160.0,149.8,153.6,1.25,333157.0,290.0,197.1
GHL,6/18/2024,153.0,156.0,150.5,151.0,-1.69,146316.0,290.0,197.1
GHL,6/19/2024,153.9,153.9,149.5,152.0,0.66,34835.0,290.0,197.1
GHL,6/20/2024,154.0,154.0,147.5,147.6,-2.89,66109.0,290.0,197.1
GHL,6/23/2024,147.8,150.0,147.0,148.4,0.54,68150.0,290.0,197.1
GHL,6/24/2024,150.0,151.7,147.1,149.6,0.81,99272.0,290.0,197.1
GHL,6/25/2024,150.0,152.0,147.2,147.2,-1.6,78266.0,290.0,197.1
GHL,6/26/2024,150.1,150.1,146.8,147.0,-0.14,71979.0,290.0,197.1
GHL,6/27/2024,148.0,149.0,146.5,147.3,0.2,41835.0,290.0,197.1
GHL,6/30/2024,147.3,148.0,145.3,145.3,-1.36,36212.0,290.0,197.1
GHL,7/1/2024,145.0,147.2,144.4,146.0,0.48,23850.0,290.0,197.1
GHL,7/2/2024,148.9,157.8,147.0,150.5,3.08,113984.0,290.0,197.1
GHL,7/3/2024,150.2,150.9,147.6,150.5,0.0,53506.0,290.0,197.1
GHL,7/4/2024,153.5,153.5,148.4,149.0,-1.0,93876.0,290.0,197.1
GHL,7/7/2024,150.0,151.9,147.5,150.6,1.07,85434.0,290.0,197.1
GHL,7/8/2024,151.0,152.1,149.0,149.6,-0.66,52649.0,290.0,197.1
GHL,7/9/2024,151.8,151.8,148.0,148.5,-0.74,59782.0,290.0,197.1
GHL,7/10/2024,149.9,155.0,148.6,154.0,3.7,172182.0,290.0,197.1
GHL,7/11/2024,156.0,159.6,153.0,158.8,3.12,306490.0,290.0,197.1
GHL,7/14/2024,161.9,171.0,161.1,170.0,7.05,493392.0,290.0,197.1
GHL,7/15/2024,170.0,174.0,165.0,166.7,-1.94,403806.0,290.0,197.1
GHL,7/16/2024,168.0,181.9,165.0,181.0,8.58,754529.0,290.0,197.1
GHL,7/17/2024,184.0,187.1,178.0,186.0,2.76,739487.0,290.0,197.1
GHL,7/18/2024,189.7,192.4,180.0,182.0,-2.15,518025.0,290.0,197.1
GHL,7/21/2024,185.6,187.0,177.3,185.8,2.09,616911.0,290.0,197.1
GHL,7/22/2024,189.0,198.5,179.9,193.2,3.98,685170.0,290.0,197.1
GHL,7/23/2024,193.2,202.0,191.3,200.0,3.52,685015.0,290.0,197.1
GHL,7/24/2024,203.9,214.0,198.0,205.0,2.5,869430.0,290.0,197.1
GHL,7/25/2024,206.0,213.1,203.0,204.0,-0.49,552698.0,290.0,197.1
GHL,7/28/2024,208.0,214.0,196.9,206.0,0.98,457582.0,290.0,197.1
GHL,7/29/2024,210.1,214.0,201.7,203.0,-1.46,521994.0,290.0,197.1
GHL,7/30/2024,202.0,209.0,199.0,205.0,0.99,408477.0,290.0,197.1
GHL,7/31/2024,200.9,225.5,200.9,222.0,8.29,1036316.0,290.0,197.1
GHL,8/1/2024,223.0,229.0,215.3,218.0,-1.8,560831.0,290.0,197.1
GHL,8/5/2024,218.0,227.0,211.0,220.0,0.92,565822.0,290.0,197.1
GHL,8/6/2024,220.0,225.0,205.0,208.2,-5.36,611587.0,290.0,197.1
GHL,8/7/2024,207.0,217.7,207.0,215.5,3.51,402893.0,290.0,197.1
GHL,8/8/2024,217.0,225.0,215.0,216.0,0.23,542883.0,290.0,197.1
GHL,8/11/2024,217.0,234.8,215.2,234.2,8.43,905804.0,290.0,197.1
GHL,8/12/2024,235.0,256.0,235.0,250.0,6.75,953333.0,290.0,197.1
GHL,8/13/2024,255.0,265.0,240.1,249.0,-0.4,574728.0,290.0,197.1
GHL,8/14/2024,249.0,260.1,239.3,258.0,3.61,666793.0,290.0,197.1
GHL,8/15/2024,263.0,283.0,260.0,270.0,4.65,839595.0,290.0,197.1
GHL,8/18/2024,272.0,276.0,253.0,257.0,-4.81,719865.0,290.0,197.1
GHL,8/21/2024,260.0,270.0,255.8,259.0,0.78,470356.0,290.0,197.1
GHL,8/22/2024,264.1,269.0,255.8,255.8,-1.24,369282.0,290.0,197.1
GHL,8/25/2024,256.0,270.2,254.0,255.0,-0.31,724121.0,290.0,197.1
GHL,8/27/2024,252.0,259.0,233.1,236.0,-7.45,554755.0,290.0,197.1
GHL,8/28/2024,238.7,250.9,234.3,239.9,1.65,380632.0,290.0,197.1
GHL,8/29/2024,244.0,244.6,230.0,234.0,-2.46,222066.0,290.0,197.1
GHL,9/1/2024,238.5,242.2,222.0,224.2,-4.19,237067.0,290.0,197.1
GHL,9/2/2024,228.6,243.5,221.7,242.2,8.03,394518.0,290.0,197.1
GHL,9/3/2024,246.0,253.0,241.0,243.0,0.33,307716.0,290.0,197.1
GHL,9/4/2024,247.8,247.8,228.0,233.0,-4.12,218947.0,290.0,197.1
GHL,9/5/2024,237.0,237.0,222.0,230.0,-1.29,210079.0,290.0,197.1
GHL,9/8/2024,232.6,235.0,223.0,224.8,-2.26,149447.0,290.0,197.1
GHL,9/9/2024,229.2,229.2,217.6,219.1,-2.54,221238.0,290.0,197.1
GHL,9/10/2024,219.1,231.0,212.9,214.1,-2.28,196877.0,290.0,197.1
GHL,9/11/2024,218.3,218.3,208.2,209.9,-1.96,174059.0,290.0,197.1
GHL,9/12/2024,208.0,228.9,208.0,225.0,7.19,188381.0,290.0,197.1
GHL,9/15/2024,227.5,234.0,214.0,216.0,-4.0,285372.0,290.0,197.1
GHL,9/16/2024,216.1,219.9,209.2,211.5,-2.08,194548.0,290.0,197.1
GHL,9/18/2024,212.0,216.9,209.0,211.5,0.0,138744.0,290.0,197.1
GHL,9/22/2024,214.0,224.4,211.0,214.5,1.42,136847.0,290.0,197.1
GHL,9/23/2024,211.0,214.5,201.0,208.0,-3.03,153388.0,290.0,197.1
GHL,9/24/2024,211.0,211.0,198.3,199.1,-4.28,152060.0,290.0,197.1
GHL,9/25/2024,201.0,210.0,196.3,208.0,4.47,130861.0,290.0,197.1
GHL,9/26/2024,208.0,211.0,199.0,200.1,-3.8,91166.0,290.0,197.1
GHL,9/29/2024,196.1,203.0,193.5,195.5,-2.3,106125.0,290.0,197.1
GHL,9/30/2024,196.0,201.0,194.6,200.0,2.3,95256.0,290.0,197.1
GHL,10/1/2024,203.0,219.3,200.2,219.0,9.5,223230.0,290.0,197.1
GHL,10/2/2024,223.3,223.3,212.0,213.3,-2.6,196130.0,290.0,197.1
GHL,10/6/2024,213.1,222.0,210.0,220.1,3.19,125525.0,290.0,197.1
GHL,10/7/2024,223.0,227.0,220.4,223.9,1.73,145568.0,290.0,197.1
GHL,10/8/2024,222.1,224.0,215.0,216.0,-3.53,89737.0,290.0,197.1
GHL,10/9/2024,218.9,220.2,213.1,220.0,1.85,79246.0,290.0,197.1
GHL,10/15/2024,223.0,224.0,220.0,223.8,1.73,48511.0,290.0,197.1
GHL,10/16/2024,225.0,233.0,222.0,230.0,2.77,167943.0,290.0,197.1
GHL,10/17/2024,230.0,235.0,225.5,227.0,-1.3,140341.0,290.0,197.1
GHL,10/20/2024,222.5,229.0,218.0,222.0,-2.2,193108.0,290.0,197.1
GHL,10/21/2024,226.4,226.4,215.1,215.8,-2.79,174003.0,290.0,197.1
GHL,10/22/2024,214.0,220.0,214.0,219.6,1.76,74701.0,290.0,197.1
GHL,10/23/2024,222.0,222.0,215.7,218.9,-0.32,96979.0,290.0,197.1
GHL,10/24/2024,216.0,222.0,215.0,217.0,-0.87,102016.0,290.0,197.1
GHL,10/27/2024,221.3,222.0,216.0,219.0,0.92,97423.0,290.0,197.1
GHL,10/28/2024,223.0,223.4,219.6,222.3,1.51,87189.0,290.0,197.1
GHL,10/29/2024,226.7,230.0,223.0,225.2,1.3,181743.0,290.0,197.1
GHL,10/30/2024,220.7,230.0,220.7,223.0,-0.98,81025.0,290.0,197.1
GHL,11/5/2024,218.6,225.8,218.6,221.0,-0.9,45600.0,290.0,197.1
GHL,11/6/2024,223.0,224.0,219.0,223.6,1.18,75085.0,290.0,197.1
GHL,11/10/2024,228.0,237.0,224.0,237.0,5.99,270724.0,290.0,197.1
GHL,11/11/2024,241.0,244.0,230.0,234.0,-1.27,242450.0,290.0,197.1
GHL,11/12/2024,238.6,238.6,229.2,231.0,-1.28,140982.0,290.0,197.1
GHL,11/13/2024,226.4,235.5,226.0,228.0,-1.3,111406.0,290.0,197.1
GHL,11/14/2024,231.0,233.8,228.0,229.5,0.66,176583.0,290.0,197.1
GHL,11/17/2024,234.0,237.6,229.6,230.1,0.26,154854.0,290.0,197.1
GHL,11/19/2024,226.5,233.0,223.0,224.0,-2.65,174237.0,290.0,197.1
GHL,11/20/2024,220.0,227.0,220.0,225.1,0.49,94418.0,290.0,197.1
GHL,11/21/2024,229.6,229.6,221.5,221.9,-1.42,130105.0,290.0,197.1
GHL,11/24/2024,226.3,226.3,217.7,218.0,-1.76,108803.0,290.0,197.1
GHL,11/25/2024,213.8,224.0,213.8,219.5,0.69,61276.0,290.0,197.1
GHL,11/26/2024,223.8,228.2,220.0,225.0,2.51,112809.0,290.0,197.1
GHL,11/27/2024,228.4,230.0,224.0,227.5,1.11,105281.0,290.0,197.1
GHL,11/28/2024,230.0,230.0,223.3,223.4,-1.8,108308.0,290.0,197.1
GHL,12/1/2024,219.1,223.9,218.0,222.0,-0.63,109984.0,290.0,197.1
GHL,12/2/2024,224.5,227.4,221.3,222.0,0.0,122496.0,290.0,197.1
GHL,12/3/2024,226.4,230.0,223.0,228.5,2.93,347112.0,290.0,197.1
GHL,12/4/2024,233.0,237.5,227.0,230.3,0.79,273971.0,290.0,197.1
GHL,12/5/2024,234.8,234.8,224.0,225.0,-2.3,118793.0,290.0,197.1
GHL,12/8/2024,229.5,229.5,219.0,220.0,-2.22,117261.0,290.0,197.1
GHL,12/9/2024,215.6,224.2,215.6,220.0,0.0,67218.0,290.0,197.1
GHL,12/10/2024,220.0,223.0,218.0,219.5,-0.23,70096.0,290.0,197.1
GHL,12/11/2024,220.0,222.8,218.0,222.0,1.14,52719.0,290.0,197.1
GHL,12/12/2024,222.1,224.3,218.0,218.2,-1.71,59197.0,290.0,197.1
GHL,12/16/2024,220.0,220.0,212.0,214.0,-1.92,109886.0,290.0,197.1
GHL,12/17/2024,212.3,215.2,212.0,213.0,-0.47,34191.0,290.0,197.1
GHL,12/18/2024,215.0,215.0,210.7,211.4,-0.75,49695.0,290.0,197.1
GHL,12/19/2024,210.1,213.0,206.0,206.8,-2.18,73425.0,290.0,197.1
GHL,12/22/2024,206.0,207.9,203.0,204.0,-1.35,73623.0,290.0,197.1
GHL,12/23/2024,203.0,208.2,202.0,207.8,1.86,64849.0,290.0,197.1
GHL,12/24/2024,209.5,212.4,208.0,208.4,0.29,69023.0,290.0,197.1
GHL,12/26/2024,208.0,209.0,205.0,206.6,-0.86,43522.0,290.0,197.1
GHL,12/29/2024,203.2,207.2,203.2,204.0,-1.26,44707.0,290.0,197.1
GHL,12/31/2024,204.0,204.0,197.0,199.0,-2.45,106637.0,290.0,197.1
GHL,1/1/2025,201.0,203.9,199.3,200.6,0.8,32014.0,290.0,197.1
GHL,1/2/2025,200.0,204.6,200.0,201.0,0.2,37939.0,290.0,197.1
GHL,1/5/2025,203.0,204.0,202.0,203.5,1.24,46043.0,290.0,197.1
GHL,1/6/2025,205.0,216.2,205.0,214.0,5.16,125060.0,290.0,197.1
GHL,1/7/2025,214.0,218.0,212.1,214.0,0.0,83593.0,290.0,197.1
GHL,1/8/2025,214.0,216.8,212.0,213.1,-0.42,38977.0,290.0,197.1
GHL,1/9/2025,216.0,216.0,210.3,210.7,-1.13,48109.0,290.0,197.1
GHL,1/12/2025,209.1,211.0,200.0,203.4,-3.46,151792.0,290.0,197.1
GHL,1/13/2025,203.0,209.0,200.0,204.0,0.29,190060.0,290.0,197.1
GHL,1/15/2025,201.8,207.9,201.8,206.5,1.23,60097.0,290.0,197.1
GHL,1/16/2025,207.0,207.0,203.5,205.0,-0.73,59605.0,290.0,197.1
GHL,1/19/2025,203.2,207.4,203.2,206.5,0.73,52116.0,290.0,197.1
GHL,1/20/2025,210.6,210.6,204.9,205.3,-0.58,76588.0,290.0,197.1
GHL,1/21/2025,205.0,207.8,202.8,204.0,-0.63,47791.0,290.0,197.1
GHL,1/22/2025,202.0,212.8,201.5,210.0,2.94,158277.0,290.0,197.1
GHL,1/23/2025,212.0,214.0,207.0,207.4,-1.24,46925.0,290.0,197.1
GHL,1/26/2025,211.5,211.5,206.1,207.2,-0.1,74028.0,290.0,197.1
GHL,1/27/2025,205.2,212.0,205.2,207.8,0.29,140960.0,290.0,197.1
GHL,1/28/2025,207.8,216.1,206.2,213.7,2.84,193967.0,290.0,197.1
GHL,2/2/2025,215.9,225.9,215.9,221.8,3.79,282178.0,290.0,197.1
GHL,2/3/2025,226.2,226.2,217.0,218.0,-1.71,182181.0,290.0,197.1
GHL,2/4/2025,218.0,222.3,215.1,216.6,-0.64,100940.0,290.0,197.1
GHL,2/5/2025,220.9,223.0,216.0,218.0,0.65,176293.0,290.0,197.1
GHL,2/6/2025,213.7,225.9,213.7,219.0,0.46,143119.0,290.0,197.1
GHL,2/9/2025,215.0,224.7,215.0,215.0,-1.83,121672.0,290.0,197.1
GHL,2/10/2025,213.1,223.0,213.1,215.0,0.0,84643.0,290.0,197.1
GHL,2/11/2025,215.0,219.0,213.4,217.0,0.93,124144.0,290.0,197.1
GHL,2/12/2025,219.8,223.0,215.0,218.0,0.46,189224.0,290.0,197.1
GHL,2/13/2025,222.0,222.1,218.8,220.0,0.92,180606.0,290.0,197.1
GHL,2/16/2025,224.4,239.0,221.0,233.9,6.32,702783.0,290.0,197.1
GHL,2/17/2025,235.0,238.5,228.0,230.0,-1.67,279771.0,290.0,197.1
GHL,2/18/2025,234.0,234.0,228.2,229.6,-0.17,256204.0,290.0,197.1
GHL,2/20/2025,234.0,234.0,225.0,231.0,0.61,263968.0,290.0,197.1
GHL,2/23/2025,230.0,245.0,224.0,244.5,5.84,824084.0,290.0,197.1
GHL,2/24/2025,249.3,265.0,245.0,260.0,6.34,1506161.0,290.0,197.1
GHL,2/25/2025,262.8,267.0,255.0,264.4,1.69,756317.0,290.0,197.1
GHL,2/27/2025,269.6,269.6,257.0,263.0,-0.53,508434.0,290.0,197.1
GHL,3/2/2025,268.2,282.0,257.8,278.0,5.7,873576.0,290.0,197.1
GHL,3/3/2025,281.0,289.0,273.2,285.0,2.52,960141.0,290.0,197.1
GHL,3/4/2025,289.0,303.0,286.1,294.0,3.16,1317842.0,290.0,197.1
GHL,3/5/2025,295.0,305.8,289.2,291.3,-0.92,923950.0,290.0,197.1
GHL,3/6/2025,285.5,305.0,285.5,302.0,3.67,1060007.0,290.0,197.1
GHL,3/9/2025,308.0,308.9,294.1,299.0,-0.99,882641.0,290.0,197.1
GHL,3/10/2025,299.0,304.9,275.0,293.7,-1.77,1163855.0,290.0,197.1
GHL,3/11/2025,288.0,302.0,281.0,290.5,-1.09,598046.0,290.0,197.1
GHL,3/12/2025,285.0,318.0,284.7,310.0,6.71,1309670.0,290.0,197.1
GHL,3/16/2025,303.8,318.0,300.0,312.0,0.65,1193937.0,290.0,197.1
GHL,3/17/2025,306.0,309.9,297.7,297.7,-4.58,553804.0,290.0,197.1
GHL,3/18/2025,291.8,311.0,289.2,305.0,2.45,768543.0,290.0,197.1
GHL,3/19/2025,305.0,305.0,295.0,298.0,-2.3,435625.0,290.0,197.1
GHL,3/20/2025,297.0,299.0,290.0,294.2,-1.28,445853.0,290.0,197.1
GHL,3/23/2025,299.0,299.0,281.0,282.66,-3.92,454371.0,290.0,197.1
GHL,3/24/2025,280.0,287.9,275.0,281.45,-0.43,368044.0,290.0,197.1
GHL,3/25/2025,276.0,280.0,268.0,269.04,-4.41,400610.0,290.0,197.1
GHL,3/26/2025,266.0,279.8,266.0,276.81,2.89,295985.0,290.0,197.1
GHL,3/27/2025,279.9,289.8,275.2,288.03,4.05,478530.0,290.0,197.1
GHL,3/30/2025,290.0,295.0,284.0,286.64,-0.48,450126.0,290.0,197.1
GHL,4/1/2025,286.0,291.0,276.0,278.7,-2.77,381889.0,290.0,197.1
GHL,4/2/2025,281.0,284.0,278.0,282.34,1.31,229441.0,290.0,197.1
GHL,4/3/2025,283.0,283.0,273.0,274.11,-2.91,339135.0,290.0,197.1
GHL,4/7/2025,268.7,284.9,268.0,268.29,-2.12,210097.0,290.0,197.1
GHL,4/8/2025,266.0,275.4,261.7,274.28,2.23,294789.0,290.0,197.1
GHL,4/9/2025,269.8,280.0,269.8,271.68,-0.95,189694.0,290.0,197.1
GHL,4/10/2025,274.0,275.0,267.0,267.56,-1.52,204444.0,290.0,197.1
GHL,4/13/2025,267.6,272.3,264.7,270.4,1.06,276752.0,290.0,197.1
GHL,4/15/2025,275.8,280.0,270.0,277.67,2.69,291956.0,290.0,197.1
GHL,4/16/2025,280.0,285.0,273.0,282.21,1.64,322198.0,290.0,197.1
GHL,4/17/2025,287.8,289.5,279.3,281.97,-0.09,457452.0,290.0,197.1
GHL,4/20/2025,285.0,285.8,271.0,272.69,-3.29,176722.0,290.0,197.1
GHL,4/21/2025,274.5,280.8,268.2,273.04,0.13,264182.0,290.0,197.1
GHL,4/22/2025,275.0,278.5,266.0,266.76,-2.3,330104.0,290.0,197.1
GHL,4/23/2025,261.5,272.0,261.5,263.25,-1.32,199390.0,290.0,197.1
GHL,4/24/2025,262.0,270.0,258.1,266.51,1.24,303891.0,290.0,197.1
GHL,4/27/2025,262.1,270.9,256.0,263.02,-1.31,317168.0,290.0,197.1
GHL,4/28/2025,257.8,274.9,257.8,264.93,0.73,359066.0,290.0,197.1
GHL,4/29/2025,259.9,270.0,257.1,257.82,-2.68,306179.0,290.0,197.1
GHL,4/30/2025,257.9,273.5,254.0,263.03,2.02,368752.0,290.0,197.1
GHL,5/4/2025,268.2,268.2,261.5,262.33,-0.27,210485.0,290.0,197.1
GHL,5/5/2025,257.2,267.5,254.0,255.03,-2.78,219983.0,290.0,197.1
GHL,5/6/2025,250.2,258.9,250.0,251.61,-1.34,282487.0,290.0,197.1
GHL,5/7/2025,250.0,264.0,250.0,258.63,2.79,319758.0,290.0,197.1
GHL,5/8/2025,254.0,274.9,254.0,268.6,3.85,440071.0,290.0,197.1
GHL,5/11/2025,264.0,273.9,258.1,259.99,-3.21,290379.0,290.0,197.1
GHL,5/13/2025,265.0,265.0,254.0,254.31,-2.18,186939.0,290.0,197.1
GHL,5/14/2025,257.9,258.0,251.0,254.0,-0.12,108561.0,290.0,197.1
GHL,5/15/2025,249.0,258.0,246.5,247.67,-2.49,154007.0,290.0,197.1
GHL,5/18/2025,245.0,267.0,245.0,259.67,4.85,364678.0,290.0,197.1
GHL,5/19/2025,262.0,264.9,258.0,262.11,0.94,237195.0,290.0,197.1
GHL,5/20/2025,265.0,268.7,255.1,265.87,1.43,294366.0,290.0,197.1
GHL,5/21/2025,271.1,280.0,257.0,259.4,-2.43,255516.0,290.0,197.1
GHL,5/22/2025,264.5,264.5,250.2,252.22,-2.77,199657.0,290.0,197.1
GHL,5/25/2025,255.0,255.0,246.3,249.89,-0.92,169221.0,290.0,197.1
GHL,5/26/2025,254.8,258.0,245.0,246.14,-1.5,251044.0,290.0,197.1
GHL,5/27/2025,243.0,249.5,241.4,244.69,-0.59,163111.0,290.0,197.1
GHL,5/28/2025,245.0,249.4,241.0,247.34,1.08,178693.0,290.0,197.1
GHL,6/2/2025,252.2,253.0,244.1,245.47,-0.76,178896.0,290.0,197.1
GHL,6/3/2025,249.0,249.0,240.6,241.67,-1.55,139717.0,290.0,197.1
GHL,6/4/2025,244.0,245.7,238.0,239.3,-0.98,148646.0,290.0,197.1
GHL,6/5/2025,244.0,246.0,239.0,243.09,1.58,139398.0,290.0,197.1
GHL,6/8/2025,245.0,247.8,241.2,245.56,1.02,150792.0,290.0,197.1
GHL,6/9/2025,240.7,269.0,240.7,267.69,9.01,782887.0,290.0,197.1
GHL,6/10/2025,272.0,274.1,262.8,266.27,-0.53,552098.0,290.0,197.1
GHL,6/11/2025,271.0,271.0,262.1,268.15,0.71,269861.0,290.0,197.1
GHL,6/12/2025,263.1,267.6,258.0,258.74,-3.51,730309.0,290.0,197.1
GHL,6/15/2025,263.9,263.9,252.0,254.31,-1.71,294654.0,290.0,197.1
GHL,6/16/2025,259.0,267.0,250.2,256.22,0.75,493551.0,290.0,197.1
GHL,6/17/2025,252.8,259.0,252.8,254.67,-0.6,146521.0,290.0,197.1
GHL,6/18/2025,256.0,261.0,255.0,258.01,1.31,233786.0,290.0,197.1
GHL,6/19/2025,260.5,262.0,255.0,256.0,-0.78,403195.0,290.0,197.1
GHL,6/22/2025,255.0,256.9,245.0,245.52,-4.09,204271.0,290.0,197.1
GHL,6/23/2025,249.2,251.0,243.4,249.8,1.74,127755.0,290.0,197.1
GHL,6/24/2025,252.6,254.6,247.2,248.14,-0.66,146261.0,290.0,197.1
GHL,6/25/2025,251.8,251.8,244.0,246.69,-0.58,121820.0,290.0,197.1
GHL,6/26/2025,248.0,258.9,248.0,249.64,1.2,315903.0,290.0,197.1
GHL,6/29/2025,249.0,253.0,248.0,250.05,0.16,93026.0,290.0,197.1
GHL,6/30/2025,251.7,251.8,247.1,247.34,-1.08,84589.0,290.0,197.1
GHL,7/1/2025,250.0,251.9,247.0,250.57,1.31,113736.0,290.0,197.1
GHL,7/2/2025,251.0,256.9,248.0,249.38,-0.47,126662.0,290.0,197.1
GHL,7/3/2025,244.4,254.0,244.4,249.66,0.11,215063.0,290.0,197.1
GHL,7/6/2025,251.5,252.0,247.0,248.67,-0.4,112002.0,290.0,197.1
GHL,7/7/2025,251.1,251.1,245.5,247.7,-0.39,118082.0,290.0,197.1
GHL,7/8/2025,250.1,251.2,245.0,249.01,0.53,91214.0,290.0,197.1
GHL,7/9/2025,249.9,253.0,248.0,251.77,1.11,198657.0,290.0,197.1
GHL,7/10/2025,256.0,256.0,248.9,249.53,-0.89,149744.0,290.0,197.1
GHL,7/13/2025,254.5,259.0,247.0,247.84,-0.68,221570.0,290.0,197.1
GHL,7/14/2025,250.0,250.0,246.0,247.28,-0.23,84888.0,290.0,197.1
GHL,7/15/2025,242.4,253.0,242.4,251.54,1.72,135331.0,290.0,197.1
GHL,7/16/2025,246.6,259.0,246.6,248.81,-1.09,193447.0,290.0,197.1
GHL,7/17/2025,253.7,264.0,252.0,261.41,5.06,273062.0,290.0,197.1
GHL,7/20/2025,264.0,278.0,260.7,265.77,1.67,617677.0,290.0,197.1
GHL,7/21/2025,262.0,273.0,262.0,264.89,-0.33,258615.0,290.0,197.1
GHL,7/22/2025,269.0,270.9,265.0,269.79,1.85,212051.0,290.0,197.1
GHL,7/23/2025,275.1,276.0,265.0,268.44,-0.5,400831.0,290.0,197.1
GHL,7/24/2025,269.0,275.0,266.0,268.01,-0.16,229669.0,290.0,197.1
GHL,7/27/2025,262.8,276.0,260.0,263.33,-1.75,460689.0,290.0,197.1
GHL,7/28/2025,265.5,274.5,258.29,270.63,2.77,261169.0,290.0,197.1
GHL,7/29/2025,274.0,275.0,264.8,265.78,-1.79,323645.0,290.0,197.1
GHL,7/30/2025,269.0,269.0,258.0,258.64,-2.69,244261.0,290.0,197.1
GHL,7/31/2025,258.0,262.0,252.0,253.71,-1.91,211822.0,290.0,197.1
GHL,8/3/2025,255.0,256.5,250.4,250.77,-1.16,119373.0,290.0,197.1
GHL,8/4/2025,250.0,255.7,248.5,252.57,0.72,167339.0,290.0,197.1
GHL,8/5/2025,255.0,256.0,247.0,248.57,-1.58,207867.0,290.0,197.1
GHL,8/6/2025,251.0,252.0,248.1,249.66,0.44,82723.0,290.0,197.1
GHL,8/7/2025,252.0,253.0,248.2,250.98,0.53,66297.0,290.0,197.1
GHL,8/11/2025,253.7,253.7,245.0,245.5,-2.18,141845.0,290.0,197.1
GHL,8/12/2025,243.4,247.9,242.0,243.29,-0.9,101876.0,290.0,197.1
GHL,8/13/2025,246.0,246.0,242.1,242.74,-0.23,75683.0,290.0,197.1
GHL,8/14/2025,246.0,247.0,242.0,243.26,0.21,46614.0,290.0,197.1
GHL,8/17/2025,246.0,250.0,242.7,243.48,0.09,114350.0,290.0,197.1
GHL,8/18/2025,242.1,246.9,242.1,245.45,0.81,68409.0,290.0,197.1
GHL,8/19/2025,241.0,250.0,241.0,244.12,-0.54,55375.0,290.0,197.1
GHL,8/20/2025,243.2,246.0,241.0,243.96,-0.07,44697.0,290.0,197.1
GHL,8/21/2025,244.0,245.0,240.1,240.67,-1.35,82474.0,290.0,197.1
GHL,8/24/2025,243.0,244.0,237.0,237.62,-1.27,109679.0,290.0,197.1
GHL,8/25/2025,237.5,240.0,235.1,236.66,-0.4,91769.0,290.0,197.1
GHL,8/26/2025,235.0,239.0,234.0,234.82,-0.78,48853.0,290.0,197.1
GHL,8/27/2025,237.0,242.1,234.0,240.21,2.3,103127.0,290.0,197.1
GHL,8/28/2025,240.4,243.1,235.0,235.77,-1.85,131501.0,290.0,197.1
GHL,8/31/2025,237.9,238.0,231.1,231.99,-1.6,61652.0,290.0,197.1
GHL,9/1/2025,230.1,233.9,229.1,231.15,-0.36,72076.0,290.0,197.1
GHL,9/2/2025,230.0,234.0,228.0,228.75,-1.04,52605.0,290.0,197.1
GHL,9/3/2025,232.0,232.0,227.0,227.75,-0.44,42506.0,290.0,197.1
GHL,9/4/2025,230.0,230.0,222.0,223.02,-2.08,95310.0,290.0,197.1
GHL,9/7/2025,225.0,227.4,222.0,222.76,-0.12,47881.0,290.0,197.1
GHL,9/8/2025,224.0,224.0,216.1,217.18,-2.5,72321.0,290.0,197.1
GHL,9/18/2025,212.9,212.9,202.0,204.6,-5.79,17852.0,290.0,197.1
GHL,9/21/2025,208.0,219.8,203.7,218.33,6.71,105234.0,290.0,197.1
GHL,9/23/2025,220.0,226.0,220.0,224.0,2.6,78980.0,290.0,197.1
GHL,9/24/2025,224.0,224.3,219.0,221.0,-1.34,53649.0,290.0,197.1
GHL,9/25/2025,221.0,228.9,221.0,226.0,2.26,78410.0,290.0,197.1
GHL,9/28/2025,227.9,228.8,225.2,228.0,0.88,25738.0,290.0,197.1
GHL,10/7/2025,228.0,228.0,219.0,220.0,-3.51,43597.0,290.0,197.1
GHL,10/8/2025,219.0,222.0,210.1,212.0,-3.64,93003.0,290.0,197.1
GHL,10/9/2025,216.2,229.3,216.0,216.0,1.89,73762.0,290.0,197.1
GHL,10/12/2025,213.0,214.0,208.0,210.0,-2.78,81104.0,290.0,197.1
GHL,10/13/2025,213.0,213.0,206.8,212.0,0.95,40561.0,290.0,197.1
GHL,10/14/2025,212.0,213.0,207.8,208.0,-1.89,42013.0,290.0,197.1
GHL,10/15/2025,211.0,211.0,203.0,203.0,-2.4,39766.0,290.0,197.1
GHL,10/16/2025,203.0,206.9,200.0,200.9,-1.03,45708.0,290.0,197.1
GHL,10/19/2025,200.5,210.0,197.5,201.0,0.05,26202.0,290.0,197.1
GHL,10/26/2025,200.5,202.5,197.1,202.0,0.5,30640.0,290.0,197.1
GHL,10/28/2025,203.0,213.3,203.0,213.0,5.45,76372.0,290.0,197.1
GHL,10/29/2025,213.0,219.0,208.5,210.9,-0.99,96053.0,290.0,197.1
GHL,10/30/2025,207.5,219.0,207.0,216.0,2.42,87629.0,290.0,197.1
GHL,11/2/2025,220.3,228.0,217.0,223.7,3.56,97643.0,290.0,197.1
GHL,11/3/2025,220.1,228.0,218.5,219.0,-2.1,83718.0,290.0,197.1
GHL,11/4/2025,219.0,224.0,215.3,217.0,-0.91,41368.0,290.0,197.1
GHL,11/5/2025,217.0,219.7,213.7,218.7,0.78,48703.0,290.0,197.1
GHL,11/6/2025,220.8,223.0,218.0,218.0,-0.32,75722.0,290.0,197.1
GHL,11/9/2025,217.3,217.3,214.1,215.0,-1.38,33106.0,290.0,197.1
GHL,11/10/2025,213.0,216.9,210.0,214.0,-0.47,44859.0,290.0,197.1
GHL,11/11/2025,218.2,218.2,211.0,212.9,-0.51,28698.0,290.0,197.1
GHL,11/12/2025,215.0,215.0,211.0,212.3,-0.28,18163.0,290.0,197.1
GHL,11/13/2025,214.0,214.0,209.8,212.5,0.09,23624.0,290.0,197.1
GHL,11/16/2025,210.7,212.0,209.9,210.1,-1.13,16088.0,290.0,197.1
GHL,11/17/2025,214.0,214.0,208.3,211.0,0.43,28337.0,290.0,197.1
GHL,11/18/2025,213.0,217.5,213.0,215.9,2.32,34316.0,290.0,197.1
GHL,11/19/2025,216.0,216.0,212.2,213.0,-1.34,22077.0,290.0,197.1
GHL,11/20/2025,213.0,214.6,210.5,212.9,-0.05,44725.0,290.0,197.1
GHL,11/23/2025,210.0,221.0,210.0,218.3,2.54,66824.0,290.0,197.1
GHL,11/24/2025,217.0,221.0,217.0,219.0,0.32,46821.0,290.0,197.1
GHL,11/25/2025,220.1,221.3,216.8,217.9,-0.5,34037.0,290.0,197.1
GHL,11/26/2025,216.1,222.0,215.5,217.7,-0.09,40527.0,290.0,197.1
GHL,11/27/2025,217.0,220.3,216.0,219.7,0.92,49563.0,290.0,197.1
GHL,11/30/2025,224.0,224.0,214.1,215.0,-2.14,117679.0,290.0,197.1
GHL,12/1/2025,215.0,216.9,213.2,215.0,0.0,23051.0,290.0,197.1
GHL,12/2/2025,217.0,217.0,213.2,213.3,-0.79,33914.0,290.0,197.1
GHL,12/3/2025,213.3,215.5,212.0,212.5,-0.38,49400.0,290.0,197.1
GHL,12/7/2025,211.5,213.0,211.0,211.9,-0.28,35625.0,290.0,197.1
GHL,12/8/2025,210.0,214.0,210.0,211.9,0.0,17297.0,290.0,197.1
GHL,12/9/2025,210.5,213.9,209.0,211.5,-0.19,30016.0,290.0,197.1
GHL,12/10/2025,210.6,213.5,210.1,210.7,-0.38,35478.0,290.0,197.1
GHL,12/11/2025,210.0,212.0,209.0,210.5,-0.09,34369.0,290.0,197.1
GHL,12/14/2025,211.0,212.4,208.1,208.9,-0.76,22772.0,290.0,197.1
GHL,12/15/2025,213.0,213.0,207.0,209.8,0.43,15303.0,290.0,197.1
GHL,12/16/2025,212.0,212.6,208.5,211.0,0.57,25567.0,290.0,197.1
GHL,12/17/2025,210.7,212.9,209.0,209.0,-0.95,42182.0,290.0,197.1
GHL,12/18/2025,209.1,211.0,208.6,210.7,0.81,39561.0,290.0,197.1
GHL,12/21/2025,206.6,210.0,206.6,208.0,-1.28,23099.0,290.0,197.1
GHL,12/22/2025,205.4,208.1,205.4,207.9,-0.05,35343.0,290.0,197.1
GHL,12/23/2025,205.0,209.0,205.0,208.0,0.05,24463.0,290.0,197.1
GHL,12/24/2025,206.0,210.0,205.3,207.0,-0.48,24343.0,290.0,197.1
GHL,12/28/2025,208.0,212.9,207.0,212.9,2.85,48095.0,290.0,197.1
GHL,12/29/2025,215.0,215.0,210.0,211.5,-0.66,23508.0,290.0,197.1
GHL,12/31/2025,213.0,214.0,210.2,211.6,0.05,52426.0,290.0,197.1
GHL,1/1/2026,211.0,211.8,209.0,211.7,0.05,26214.0,290.0,197.1
GHL,1/4/2026,208.7,212.0,208.0,209.9,-0.85,39909.0,290.0,197.1
GHL,1/5/2026,210.0,211.7,207.4,211.4,0.71,23391.0,290.0,197.1
GHL,1/6/2026,212.9,216.3,210.3,213.3,0.9,66798.0,290.0,197.1
GHL,1/7/2026,214.0,214.0,210.0,210.9,-1.13,36846.0,290.0,197.1
GHL,1/8/2026,213.0,213.8,208.2,211.6,0.33,62160.0,290.0,197.1
GHL,1/12/2026,213.8,214.6,209.0,210.0,-0.76,56515.0,290.0,197.1
GHL,1/13/2026,211.9,212.0,209.0,210.1,0.05,54177.0,290.0,197.1
GHL,1/14/2026,210.2,213.0,209.0,211.0,0.43,87235.0,290.0,197.1
GHL,1/18/2026,212.9,213.4,210.3,212.0,0.47,62923.0,290.0,197.1
GHL,1/20/2026,214.2,222.2,214.0,221.8,4.62,177134.0,290.0,197.1
GHL,1/21/2026,226.2,234.0,219.1,230.0,3.7,332915.0,290.0,197.1
GHL,1/22/2026,233.0,235.6,229.0,234.0,1.74,174514.0,290.0,197.1
GHL,1/25/2026,237.9,239.3,229.4,236.5,1.07,305734.0,290.0,197.1
GHL,1/26/2026,237.9,238.2,227.1,230.1,-2.71,286891.0,290.0,197.1
GHL,1/27/2026,234.7,234.9,224.0,226.0,-1.78,217899.0,290.0,197.1
GHL,1/28/2026,227.0,228.8,222.0,228.0,0.88,136294.0,290.0,197.1
GHL,1/29/2026,232.5,247.8,230.7,238.8,4.74,610724.0,290.0,197.1
GHL,2/1/2026,242.0,244.7,235.8,236.0,-1.17,206439.0,290.0,197.1
GHL,2/2/2026,239.9,239.9,232.5,232.5,-1.48,103891.0,290.0,197.1
GHL,2/3/2026,232.2,236.0,225.5,227.1,-2.32,163756.0,290.0,197.1
GHL,2/4/2026,231.6,231.6,226.3,231.2,1.81,102655.0,290.0,197.1
GHL,2/5/2026,232.0,254.3,230.1,253.5,9.65,844855.0,290.0,197.1
GHL,2/8/2026,258.5,266.9,253.0,254.5,0.39,589736.0,290.0,197.1
GHL,2/9/2026,249.5,264.5,249.0,257.0,0.98,593501.0,290.0,197.1
GHL,2/10/2026,252.1,260.0,244.2,246.0,-4.28,322376.0,290.0,197.1
GHL,2/11/2026,250.0,261.0,245.2,260.0,5.69,506940.0,290.0,197.1
GHL,2/12/2026,255.0,264.9,252.0,256.9,-1.19,432655.0,290.0,197.1
GHL,2/16/2026,262.0,262.0,245.4,247.0,-3.85,317555.0,290.0,197.1
GHL,2/17/2026,249.0,251.9,236.0,240.0,-2.83,317369.0,290.0,197.1
GHL,2/22/2026,244.8,244.8,231.0,231.3,-3.63,115586.0,290.0,197.1
GHL,2/23/2026,230.5,235.0,226.5,227.0,-1.86,89725.0,290.0,197.1
GHL,2/24/2026,230.0,235.4,227.0,234.0,3.08,84160.0,290.0,197.1
GHL,2/25/2026,238.0,238.0,233.0,235.0,0.43,107101.0,290.0,197.1
GHL,2/26/2026,238.0,244.4,232.5,240.0,2.13,89980.0,290.0,197.1
GHL,2/27/2026,238.0,244.4,232.5,240.0,0.0,89980.0,290.0,197.1
GHL,2/28/2026,238.0,244.4,232.5,240.0,0.0,89980.0,290.0,197.1
GHL,3/2/2026,238.0,239.5,231.4,238.0,-0.83,73959.0,290.0,197.1
GHL,3/3/2026,238.0,245.0,237.2,241.5,1.47,206793.0,290.0,197.1
GHL,3/4/2026,238.0,245.0,237.2,241.5,0.0,206793.0,290.0,197.1
GHL,3/5/2026,238.0,245.0,237.2,241.5,0.0,206793.0,290.0,197.1
GHL,3/6/2026,238.0,245.0,237.2,241.5,0.0,206793.0,290.0,197.1
GHL,3/7/2026,238.0,245.0,237.2,241.5,0.0,206793.0,290.0,197.1
GHL,3/8/2026,238.0,245.0,237.2,241.5,0.0,206793.0,290.0,197.1
GHL,3/9/2026,246.3,263.1,246.3,263.1,8.94,19879.0,290.0,197.1
GHL,3/10/2026,268.0,268.0,249.0,256.0,-2.7,453102.0,290.0,197.1
GHL,3/11/2026,261.1,268.0,252.0,264.0,3.12,649945.0,290.0,197.1
GHL,3/12/2026,268.9,275.0,262.8,273.0,3.41,636517.0,290.0,197.1
GHL,3/13/2026,268.9,275.0,262.8,273.0,0.0,636517.0,290.0,197.1
GHL,3/14/2026,268.9,275.0,262.8,273.0,0.0,636517.0,290.0,197.1
GHL,3/15/2026,278.4,278.4,267.0,272.0,-0.37,489402.0,290.0,197.1
GHL,3/16/2026,266.6,274.5,265.0,267.9,-1.51,271711.0,290.0,197.1
GHL,3/17/2026,268.0,285.6,263.0,283.2,5.71,987533.0,290.0,197.1
GHL,3/18/2026,268.0,285.6,263.0,283.2,0.0,987533.0,290.0,197.1
GHL,3/19/2026,285.0,290.0,280.3,283.4,0.07,835647.0,290.0,197.1
GHL,3/20/2026,285.0,290.0,280.3,283.4,0.0,835647.0,290.0,197.1
GHL,3/21/2026,285.0,290.0,280.3,283.4,0.0,835647.0,290.0,197.1
GHL,3/22/2026,289.0,289.0,272.0,276.0,-2.61,673229.0,290.0,197.1
GHL,3/23/2026,281.5,281.5,269.0,274.0,-0.72,386685.0,290.0,197.1
GHL,3/24/2026,277.0,279.1,273.0,274.3,0.11,246023.0,290.0,197.1
GHL,3/25/2026,268.9,277.0,268.9,270.0,-1.57,275333.0,290.0,197.1
GHL,3/26/2026,274.0,274.3,267.6,273.5,-0.18,241466.0,290.0,197.1
GHL,3/29/2026,278.0,278.0,261.0,261.2,-6.04,290595.0,290.0,197.1
GHL,3/30/2026,261.2,265.0,250.1,251.0,-3.91,226485.0,290.0,197.1
GHL,3/31/2026,251.1,256.9,246.0,252.3,0.48,237201.0,290.0,197.1
GHL,4/1/2026,248.0,256.0,237.0,239.9,-3.27,216834.0,290.0,197.1
GHL,4/2/2026,239.9,246.0,233.0,237.4,-1.04,235745.0,290.0,197.1
GHL,4/5/2026,237.4,237.4,225.1,227.9,-4.0,214244.0,290.0,197.1
GHL,4/6/2026,232.0,246.8,230.0,243.5,4.96,296938.0,290.0,197.1
GHL,4/7/2026,246.0,250.8,240.3,242.0,-1.63,175401.0,290.0,197.1
GHL,4/8/2026,242.0,248.5,240.0,248.0,2.48,132082.0,290.0,197.1
GHL,4/9/2026,250.0,261.0,245.0,258.5,3.4,252210.0,290.0,197.1
GHL,4/10/2026,260.0,263.0,253.7,256.0,-1.54,263522.0,290.0,197.1
GHL,4/13/2026,255.0,260.0,255.0,258.0,1.18,153192.0,290.0,197.1
GHL,4/15/2026,262.8,268.0,259.0,263.1,0.11,222352.0,290.0,197.1
GHL,4/16/2026,258.0,262.0,250.5,254.0,-1.55,147316.0,290.0,197.1
GHL,4/17/2026,249.0,256.0,248.1,253.0,1.61,171511.0,290.0,197.1
GHL,4/20/2026,255.0,259.7,245.0,249.8,-2.04,88185.0,290.0,197.1
GHL,4/21/2026,248.3,251.1,242.4,244.9,-1.37,88109.0,290.0,197.1
GHL,4/22/2026,245.0,249.0,235.0,243.0,-0.82,194397.0,290.0,197.1
GHL,4/23/2026,240.1,243.9,238.0,240.9,0.33,63212.0,290.0,197.1
GHL,4/24/2026,235.0,242.0,233.0,242.0,2.98,86633.0,290.0,197.1
GHL,4/27/2026,242.0,246.7,241.0,241.5,-0.21,57189.0,290.0,197.1
GHL,4/28/2026,241.5,248.5,237.3,238.0,-1.45,70705.0,290.0,197.1
GHL,4/29/2026,238.0,240.0,233.6,234.0,-1.68,46453.0,290.0,197.1
GHL,4/30/2026,228.7,237.0,227.0,234.0,2.32,92953.0,290.0,197.1
GHL,5/4/2026,234.9,235.0,227.1,227.4,-3.19,78752.0,290.0,197.1
GHL,5/5/2026,229.0,235.0,227.0,230.5,0.66,44415.0,290.0,197.1
GHL,5/6/2026,233.0,234.0,230.0,232.0,-0.43,49699.0,290.0,197.1
GHL,5/7/2026,232.0,233.9,230.0,231.9,-0.04,51383.0,290.0,197.1
GHL,5/8/2026,233.0,240.0,232.0,240.0,3.0,72288.0,290.0,197.1
GHL,5/11/2026,243.0,246.9,241.0,246.8,1.56,81501.0,290.0,197.1
GHL,5/12/2026,248.1,248.7,233.8,236.9,-4.51,71961.0,290.0,197.1
GHL,5/13/2026,236.9,236.9,233.0,236.0,-0.38,31218.0,290.0,197.1
GHL,5/14/2026,231.0,239.0,231.0,234.8,1.65,44152.0,290.0,197.1
GHL,5/15/2026,238.0,240.0,234.7,235.1,-1.22,23021.0,290.0,197.1
GHL,5/18/2026,233.0,237.0,233.0,235.2,0.94,29121.0,290.0,197.1
GHL,5/19/2026,237.0,237.0,234.0,236.0,-0.42,32341.0,290.0,197.1
GHL,5/20/2026,233.7,241.9,233.1,241.0,3.12,49564.0,290.0,197.1
GHL,5/21/2026,243.0,243.5,236.0,237.0,-2.47,34948.0,290.0,197.1
GHL,5/22/2026,239.8,244.0,235.0,242.0,0.92,74488.0,290.0,197.1
GHL,5/25/2026,245.0,247.9,241.3,246.0,0.41,77898.0,290.0,197.1
GHL,5/26/2026,248.7,248.7,242.0,245.0,-1.49,57043.0,290.0,197.1
GHL,5/27/2026,257.0,257.0,242.0,245.0,-4.67,49929.0,290.0,197.1
GHL,6/1/2026,238.0,244.5,237.0,239.0,0.42,57563.0,290.0,197.1
GHL,6/2/2026,237.0,241.6,236.0,241.6,1.94,41985.0,290.0,197.1
GHL,6/3/2026,242.0,242.0,238.1,241.5,-0.21,35029.0,290.0,197.1
GHL,6/4/2026,243.4,244.0,236.0,236.2,-2.96,22630.0,290.0,197.1
GHL,6/5/2026,240.0,240.0,235.0,235.0,-2.08,44218.0,290.0,197.1
GHL,6/8/2026,246.7,246.7,230.1,235.4,-4.58,31687.0,290.0,197.1
GHL,6/9/2026,236.0,237.0,231.0,236.0,0.0,38084.0,290.0,197.1
GHL,6/10/2026,237.9,237.9,233.7,234.0,-1.64,21866.0,290.0,197.1
GHL,6/11/2026,236.9,237.0,232.0,232.2,-1.98,39231.0,290.0,197.1
GHL,6/12/2026,233.9,237.0,231.4,233.9,0.0,26555.0,290.0,197.1
GHL,6/15/2026,233.8,235.0,233.2,234.0,0.09,21105.0,290.0,197.1
GHL,6/16/2026,234.1,235.8,232.0,233.0,-0.47,15737.0,290.0,197.1
GHL,6/17/2026,235.0,235.0,232.1,233.0,-0.85,12271.0,290.0,197.1
GHL,6/18/2026,232.0,232.1,229.0,230.0,-0.86,42040.0,290.0,197.1
GHL,6/19/2026,230.0,232.8,229.0,229.1,-0.39,15028.0,290.0,197.1
GHL,6/22/2026,232.0,232.0,229.0,229.0,-1.29,19227.0,290.0,197.1
GHL,6/23/2026,228.1,230.0,225.0,225.9,-0.96,58172.0,290.0,197.1
GHL,6/24/2026,226.0,227.0,218.0,221.0,-2.21,59237.0,290.0,197.1
GHL,6/26/2026,223.8,224.0,220.9,222.0,-0.8,16233.0,290.0,197.1
GHL,6/29/2026,220.0,222.0,217.0,222.0,0.91,31379.0,290.0,197.1
GHL,6/30/2026,222.0,222.9,215.0,215.5,-2.93,57759.0,290.0,197.1
GHL,7/1/2026,215.0,225.0,214.5,223.0,3.72,32901.0,290.0,197.1
GHL,7/2/2026,223.0,223.0,219.0,223.0,0.0,13820.0,290.0,197.1
GHL,7/3/2026,224.7,227.0,222.1,223.0,-0.76,19747.0,290.0,197.1
GHL,7/6/2026,218.1,222.0,218.1,220.0,0.87,13060.0,290.0,197.1
GHL,7/7/2026,221.9,223.0,219.5,222.0,0.05,25964.0,290.0,197.1
GHL,7/8/2026,221.0,221.9,218.0,218.9,-0.95,15552.0,290.0,197.1
GHL,7/9/2026,216.8,218.0,216.0,216.4,-0.18,36008.0,290.0,197.1
GHL,7/10/2026,215.4,220.8,215.4,218.9,1.62,13133.0,290.0,197.1
GHL,7/13/2026,218.1,220.4,216.0,216.0,-0.96,22203.0,290.0,197.1
GHL,7/14/2026,216.0,220.0,213.1,216.1,0.05,39776.0,290.0,197.1
GHL,7/15/2026,219.9,220.9,217.0,217.5,-1.09,18462.0,290.0,197.1
GHL,7/16/2026,219.9,219.9,214.1,215.0,-2.23,31722.0,290.0,197.1
GHL,7/17/2026,219.0,226.0,219.0,226.0,3.2,45081.0,290.0,197.1
GHL,7/20/2026,237.3,237.3,225.0,233.9,-1.43,57167.0,290.0,197.1
GHL,7/21/2026,237.0,237.0,230.0,232.0,-2.11,57541.0,290.0,197.1
GHL,7/22/2026,232.1,232.1,229.0,231.0,-0.47,46936.0,290.0,197.1
GHL,7/23/2026,228.0,232.9,228.0,232.5,1.97,27581.0,290.0,197.1
GHL,7/24/2026,244.1,244.1,231.0,234.0,-4.14,40896.0,290.0,197.1
GHL,7/27/2026,234.0,238.0,229.0,231.0,-1.28,45351.0,290.0,197.1
GHL,7/28/2026,229.0,231.9,227.3,227.3,-0.74,19202.0,290.0,197.1
GHL,7/29/2026,230.0,232.0,225.2,227.6,-1.04,19151.0,290.0,197.1
GHL,7/30/2026,230.0,230.0,224.3,224.7,-2.3,21285.0,290.0,197.1
GHL,7/31/2026,213.5,228.0,213.5,226.8,6.23,22211.0,290.0,197.1
GHL,8/3/2026,227.3,231.0,225.3,227.7,0.18,17585.0,290.0,197.1
GHL,8/4/2026,227.0,229.1,222.5,226.1,-0.4,48554.0,290.0,197.1
GHL,8/5/2026,214.8,232.0,214.8,231.0,7.54,38309.0,290.0,197.1
GHL,8/6/2026,231.0,233.9,228.2,228.5,-1.08,38653.0,290.0,197.1
GHL,8/7/2026,230.0,230.5,226.2,228.0,-0.87,48820.0,290.0,197.1
GHL,8/10/2026,225.2,231.0,225.2,229.8,2.04,29208.0,290.0,197.1
GHL,8/11/2026,233.9,233.9,229.3,230.0,-1.67,72720.0,290.0,197.1
GHL,8/12/2026,230.0,234.0,227.9,229.4,-0.26,48393.0,290.0,197.1
GHL,8/13/2026,233.9,263.8,230.1,256.7,9.75,1184057.0,290.0,197.1
GHL,8/14/2026,256.7,260.5,246.0,249.0,-3.0,314454.0,290.0,197.1
GHL,8/17/2026,249.0,252.0,240.1,242.5,-2.61,306371.0,290.0,197.1
GHL,8/18/2026,254.6,254.6,234.6,235.6,-7.46,260474.0,290.0,197.1
GHL,8/19/2026,247.3,247.3,230.0,239.0,-3.36,218759.0,290.0,197.1
GHL,8/20/2026,234.9,240.0,230.6,234.9,0.0,70682.0,290.0,197.1
GHL,8/21/2026,231.1,237.9,231.0,231.0,-0.04,123745.0,290.0,197.1
GHL,8/24/2026,233.0,233.0,227.4,228.0,-2.15,135966.0,290.0,197.1
GHL,8/25/2026,229.9,233.0,227.0,228.9,-0.43,57639.0,290.0,197.1
GHL,8/26/2026,230.0,230.0,223.0,226.8,-1.39,86312.0,290.0,197.1
GHL,8/27/2026,230.0,230.0,217.1,226.9,-1.35,81589.0,290.0,197.1
GHL,8/31/2026,225.0,230.0,217.0,220.0,-2.22,78097.0,290.0,197.1
GHL,9/1/2026,220.0,227.9,215.3,223.0,1.36,44935.0,290.0,197.1
GHL,9/2/2026,229.0,229.0,219.0,224.3,-2.05,44586.0,290.0,197.1
GHL,9/3/2026,235.0,235.0,220.0,221.0,-5.96,65253.0,290.0,197.1
GHL,9/7/2026,226.8,228.0,222.0,228.0,0.53,70778.0,290.0,197.1
GHL,9/9/2026,227.9,231.9,225.0,228.0,0.04,72673.0,290.0,197.1
GHL,9/10/2026,216.6,237.9,216.6,235.9,8.91,192055.0,290.0,197.1
GHL,9/11/2026,246.7,246.7,232.8,239.9,-2.76,206662.0,290.0,197.1
GHL,9/14/2026,251.8,251.8,238.1,244.9,-2.74,328440.0,290.0,197.1
GHL,9/15/2026,257.0,257.0,242.0,247.8,-3.58,224695.0,290.0,197.1
GHL,9/16/2026,247.0,250.4,240.1,245.7,-0.53,256666.0,290.0,197.1
GHL,9/17/2026,246.0,251.5,243.0,246.6,0.24,386800.0,290.0,197.1
GHL,9/18/2026,238.0,251.0,238.0,243.3,2.23,96878.0,290.0,197.1
GHL,9/22/2026,246.0,259.9,240.0,254.2,3.33,870653.0,290.0,197.1
GHL,9/23/2026,255.0,262.9,255.0,257.0,0.78,663274.0,290.0,197.1
GHL,9/24/2026,269.8,269.8,253.1,253.7,-5.97,289390.0,290.0,197.1
GHL,9/28/2026,250.0,257.6,245.0,249.0,-0.4,368845.0,290.0,197.1
GHL,9/29/2026,245.0,253.0,245.0,0.0,-100.0,169481.0,290.0,197.1
GHL,9/30/2026,248.0,280.0,248.0,271.5,9.48,1482606.0,290.0,197.1
GHL,10/1/2026,270.0,279.0,268.5,273.6,1.33,676519.0,290.0,197.1
GHL,10/2/2026,260.0,274.0,260.0,269.0,3.46,516853.0,290.0,197.1
GIBF1,1/26/2026,10.6,10.8,10.6,10.8,,9250.0,11.93,9.7
GIBF1,1/27/2026,10.6,11.0,10.6,10.68,-1.11,224900.0,11.93,9.7
GIBF1,1/28/2026,10.68,10.88,10.55,10.7,0.19,67850.0,11.93,9.7
GIBF1,1/29/2026,10.7,10.95,10.7,10.72,0.19,197786.0,11.93,9.7
GIBF1,2/1/2026,10.63,10.79,10.63,10.78,0.56,41113.0,11.93,9.7
GIBF1,2/2/2026,10.62,10.89,10.62,10.86,0.74,8850.0,11.93,9.7
GIBF1,2/3/2026,10.66,10.8,10.66,10.72,-1.29,23700.0,11.93,9.7
GIBF1,2/4/2026,10.65,10.75,10.65,10.74,0.19,24310.0,11.93,9.7
GIBF1,2/5/2026,10.54,10.8,10.54,10.7,-0.37,1650.0,11.93,9.7
GIBF1,2/8/2026,10.6,10.87,10.6,10.8,0.93,61800.0,11.93,9.7
GIBF1,2/9/2026,10.8,10.85,10.6,10.6,-1.85,101600.0,11.93,9.7
GIBF1,2/10/2026,10.6,10.64,10.45,10.64,0.38,1800.0,11.93,9.7
GIBF1,2/11/2026,10.48,10.79,10.48,10.79,1.41,10700.0,11.93,9.7
GIBF1,2/12/2026,10.6,10.89,10.6,10.81,0.19,30200.0,11.93,9.7
GIBF1,2/16/2026,10.67,10.77,10.67,10.77,-0.37,2600.0,11.93,9.7
GIBF1,2/17/2026,10.6,10.7,10.57,10.7,-0.65,1600.0,11.93,9.7
GIBF1,2/22/2026,10.55,10.69,10.55,10.65,-0.47,13432.0,11.93,9.7
GIBF1,2/23/2026,10.54,10.83,10.54,10.65,0.0,2728.0,11.93,9.7
GIBF1,2/24/2026,10.64,10.66,10.64,10.66,0.09,800.0,11.93,9.7
GIBF1,2/25/2026,10.7,10.83,10.58,10.65,-0.09,8050.0,11.93,9.7
GIBF1,2/26/2026,10.55,10.62,10.55,10.62,-0.28,1300.0,11.93,9.7
GIBF1,2/27/2026,10.55,10.62,10.55,10.62,0.0,1300.0,11.93,9.7
GIBF1,2/28/2026,10.55,10.62,10.55,10.62,0.0,1300.0,11.93,9.7
GIBF1,3/2/2026,10.61,10.63,10.61,10.63,0.09,1100.0,11.93,9.7
GIBF1,3/3/2026,10.61,10.82,10.61,10.82,1.79,2050.0,11.93,9.7
GIBF1,3/4/2026,10.61,10.82,10.61,10.82,0.0,2050.0,11.93,9.7
GIBF1,3/5/2026,10.61,10.82,10.61,10.82,0.0,2050.0,11.93,9.7
GIBF1,3/6/2026,10.61,10.82,10.61,10.82,0.0,2050.0,11.93,9.7
GIBF1,3/7/2026,10.61,10.82,10.61,10.82,0.0,2050.0,11.93,9.7
GIBF1,3/8/2026,10.61,10.82,10.61,10.82,0.0,2050.0,11.93,9.7
GIBF1,3/10/2026,10.66,10.89,10.66,10.71,-1.02,20190.0,11.93,9.7
GIBF1,3/11/2026,10.67,10.94,10.67,10.77,0.56,12200.0,11.93,9.7
GIBF1,3/12/2026,10.74,11.17,10.74,11.0,2.14,30700.0,11.93,9.7
GIBF1,3/13/2026,10.74,11.17,10.74,11.0,0.0,30700.0,11.93,9.7
GIBF1,3/14/2026,10.74,11.17,10.74,11.0,0.0,30700.0,11.93,9.7
GIBF1,3/15/2026,10.8,10.9,10.8,10.9,-0.91,3400.0,11.93,9.7
GIBF1,3/16/2026,10.73,11.0,10.73,10.9,0.0,6820.0,11.93,9.7
GIBF1,3/17/2026,11.1,11.1,10.88,11.1,1.83,51660.0,11.93,9.7
GIBF1,3/18/2026,11.1,11.1,10.88,11.1,0.0,51660.0,11.93,9.7
GIBF1,3/19/2026,10.9,11.1,10.9,11.02,-0.72,3800.0,11.93,9.7
GIBF1,3/20/2026,10.9,11.1,10.9,11.02,0.0,3800.0,11.93,9.7
GIBF1,3/21/2026,10.9,11.1,10.9,11.02,0.0,3800.0,11.93,9.7
GIBF1,3/22/2026,11.0,11.35,11.0,11.35,2.99,353350.0,11.93,9.7
GIBF1,3/23/2026,11.13,11.57,11.13,11.24,-0.97,35700.0,11.93,9.7
GIBF1,3/24/2026,11.05,11.46,11.05,11.4,1.42,19750.0,11.93,9.7
GIBF1,3/25/2026,11.35,11.61,11.21,11.28,-1.05,28770.0,11.93,9.7
GIBF1,3/26/2026,11.45,11.67,11.27,11.32,-1.14,208220.0,11.93,9.7
GIBF1,3/29/2026,11.54,11.54,11.2,11.3,-2.08,5590.0,11.93,9.7
GIBF1,3/30/2026,11.1,11.3,11.1,11.15,0.45,57400.0,11.93,9.7
GIBF1,3/31/2026,10.94,11.37,10.94,11.15,1.92,22100.0,11.93,9.7
GIBF1,4/1/2026,11.08,11.25,11.07,11.07,-0.09,112835.0,11.93,9.7
GIBF1,4/2/2026,10.85,11.1,10.71,10.8,-0.46,1400.0,11.93,9.7
GIBF1,4/5/2026,11.0,11.0,10.51,10.51,-4.45,54322.0,11.93,9.7
GIBF1,4/6/2026,10.4,10.9,10.4,10.71,2.98,15150.0,11.93,9.7
GIBF1,4/7/2026,10.71,11.13,10.71,11.0,2.71,8000.0,11.93,9.7
GIBF1,4/8/2026,10.8,11.22,10.8,10.9,0.93,10850.0,11.93,9.7
GIBF1,4/9/2026,10.7,11.3,10.7,11.3,5.61,63770.0,11.93,9.7
GIBF1,4/10/2026,11.08,11.5,11.08,11.13,0.45,660400.0,11.93,9.7
GIBF1,4/13/2026,11.0,11.22,10.92,11.22,2.0,274808.0,11.93,9.7
GIBF1,4/15/2026,11.0,11.4,11.0,11.22,2.0,13530.0,11.93,9.7
GIBF1,4/16/2026,11.22,11.22,11.03,11.18,-0.36,7700.0,11.93,9.7
GIBF1,4/17/2026,10.97,11.27,10.55,11.27,2.73,8820.0,11.93,9.7
GIBF1,4/20/2026,10.94,11.3,10.62,11.12,1.65,14100.0,11.93,9.7
GIBF1,4/21/2026,11.1,11.13,11.1,11.13,0.27,3100.0,11.93,9.7
GIBF1,4/22/2026,10.95,11.15,10.95,11.1,1.37,1300.0,11.93,9.7
GIBF1,4/23/2026,10.91,11.23,10.91,11.2,2.66,1300.0,11.93,9.7
GIBF1,4/24/2026,11.2,11.25,10.99,11.25,0.45,72330.0,11.93,9.7
GIBF1,4/27/2026,10.69,11.0,10.69,10.86,1.59,2500.0,11.93,9.7
GIBF1,4/28/2026,10.86,11.18,10.73,11.16,2.76,26630.0,11.93,9.7
GIBF1,4/29/2026,11.16,10.85,10.84,10.85,-2.78,11600.0,11.93,9.7
GIBF1,4/30/2026,10.85,11.0,10.85,11.0,1.38,2500.0,11.93,9.7
GIBF1,5/4/2026,10.84,10.84,10.61,10.62,-2.03,2900.0,11.93,9.7
GIBF1,5/5/2026,10.5,10.5,10.48,10.5,0.0,3050.0,11.93,9.7
GIBF1,5/6/2026,10.5,10.56,10.5,10.56,0.57,3150.0,11.93,9.7
GIBF1,5/7/2026,10.56,10.56,10.51,10.55,-0.09,2650.0,11.93,9.7
GIBF1,5/8/2026,10.55,11.0,10.55,10.8,2.37,1900.0,11.93,9.7
GIBF1,5/11/2026,10.69,10.8,10.63,10.8,1.03,1400.0,11.93,9.7
GIBF1,5/12/2026,10.8,10.8,10.62,10.69,-1.02,1600.0,11.93,9.7
GIBF1,5/13/2026,10.69,10.8,10.65,10.67,-0.19,885.0,11.93,9.7
GIBF1,5/14/2026,10.65,10.7,10.65,10.65,0.0,8280.0,11.93,9.7
GIBF1,5/15/2026,10.65,10.8,10.65,10.66,0.09,1700.0,11.93,9.7
GIBF1,5/18/2026,10.65,10.68,10.65,10.68,0.28,1450.0,11.93,9.7
GIBF1,5/19/2026,10.68,11.01,10.68,11.01,3.09,60700.0,11.93,9.7
GIBF1,5/20/2026,10.7,10.8,10.68,10.77,0.65,653310.0,11.93,9.7
GIBF1,5/21/2026,10.6,11.15,10.6,11.0,3.77,1900.0,11.93,9.7
GIBF1,5/22/2026,11.0,11.0,11.0,11.0,0.0,8650.0,11.93,9.7
GIBF1,5/25/2026,10.9,11.33,10.9,11.0,0.92,6200.0,11.93,9.7
GIBF1,5/26/2026,11.0,11.0,10.9,11.0,0.0,1000.0,11.93,9.7
GIBF1,5/27/2026,10.8,11.15,10.8,10.87,0.65,19450.0,11.93,9.7
GIBF1,6/1/2026,10.56,11.0,10.56,11.0,4.17,36300.0,11.93,9.7
GIBF1,6/2/2026,11.0,11.02,10.7,11.0,0.0,1500.0,11.93,9.7
GIBF1,6/3/2026,11.0,11.0,10.76,10.85,-1.36,4600.0,11.93,9.7
GIBF1,6/4/2026,11.1,11.1,10.8,10.84,-2.34,11300.0,11.93,9.7
GIBF1,6/5/2026,10.8,11.0,10.8,11.0,1.85,2000.0,11.93,9.7
GIBF1,6/8/2026,11.0,11.13,10.8,10.81,-1.73,31400.0,11.93,9.7
GIBF1,6/9/2026,11.11,11.13,10.8,10.8,-2.79,850.0,11.93,9.7
GIBF1,6/10/2026,10.8,11.0,10.71,10.72,-0.74,2000.0,11.93,9.7
GIBF1,6/11/2026,10.7,11.03,10.7,10.73,0.28,86400.0,11.93,9.7
GIBF1,6/12/2026,10.71,11.02,10.7,11.02,2.89,10300.0,11.93,9.7
GIBF1,6/15/2026,10.8,10.82,10.73,10.8,0.0,2400.0,11.93,9.7
GIBF1,6/16/2026,10.73,10.8,10.73,10.8,0.65,2900.0,11.93,9.7
GIBF1,6/17/2026,10.8,11.12,10.62,11.12,2.96,3400.0,11.93,9.7
GIBF1,6/18/2026,10.79,10.79,10.47,10.61,-1.67,1300.0,11.93,9.7
GIBF1,6/19/2026,10.54,10.6,10.54,10.59,0.47,1250.0,11.93,9.7
GIBF1,6/22/2026,10.54,10.6,10.54,10.55,0.09,2700.0,11.93,9.7
GIBF1,6/23/2026,10.54,10.85,10.54,10.85,2.94,3800.0,11.93,9.7
GIBF1,6/24/2026,10.53,10.55,10.53,10.55,0.19,700.0,11.93,9.7
GIBF1,6/26/2026,10.53,10.84,10.53,10.53,0.0,510.0,11.93,9.7
GIBF1,6/29/2026,10.54,10.6,10.54,10.6,0.57,3200.0,11.93,9.7
GIBF1,6/30/2026,10.55,10.7,10.55,10.7,1.42,2900.0,11.93,9.7
GIBF1,7/1/2026,10.56,10.8,10.56,10.59,0.28,6450.0,11.93,9.7
GIBF1,7/2/2026,10.53,10.85,10.53,10.6,0.66,68597.0,11.93,9.7
GIBF1,7/3/2026,10.53,10.62,10.53,10.62,0.85,600.0,11.93,9.7
GIBF1,7/6/2026,10.62,11.02,10.62,11.02,3.77,1900.0,11.93,9.7
GIBF1,7/7/2026,10.69,10.69,10.69,10.69,0.0,500.0,11.93,9.7
GIBF1,7/8/2026,10.46,10.81,10.46,10.81,3.35,2600.0,11.93,9.7
GIBF1,7/9/2026,10.5,10.5,10.26,10.33,-1.62,11200.0,11.93,9.7
GIBF1,7/10/2026,10.3,10.5,10.3,10.5,1.94,1300.0,11.93,9.7
GIBF1,7/13/2026,10.21,10.5,10.21,10.35,1.37,1001600.0,11.93,9.7
GIBF1,7/14/2026,10.27,10.49,10.27,10.3,0.29,21150.0,11.93,9.7
GIBF1,7/15/2026,10.27,10.5,10.27,10.5,2.24,22945.0,11.93,9.7
GIBF1,7/16/2026,10.5,10.5,10.28,10.5,0.0,12150.0,11.93,9.7
GIBF1,7/17/2026,10.27,10.5,10.27,10.45,1.75,14450.0,11.93,9.7
GIBF1,7/20/2026,10.45,10.5,10.45,10.5,0.48,2200.0,11.93,9.7
GIBF1,7/21/2026,10.41,10.8,10.41,10.52,1.06,7070.0,11.93,9.7
GIBF1,7/22/2026,10.31,10.79,10.31,10.55,2.33,22650.0,11.93,9.7
GIBF1,7/23/2026,10.3,10.41,10.3,10.41,1.07,300.0,11.93,9.7
GIBF1,7/24/2026,10.41,10.7,10.41,10.55,1.34,3000.0,11.93,9.7
GIBF1,7/27/2026,10.6,10.7,10.6,10.7,0.94,1900.0,11.93,9.7
GIBF1,7/28/2026,10.61,11.01,10.61,10.68,0.66,10900.0,11.93,9.7
GIBF1,7/29/2026,10.53,10.65,10.53,10.65,1.14,4600.0,11.93,9.7
GIBF1,7/30/2026,10.66,10.66,10.65,10.66,0.0,20800.0,11.93,9.7
GIBF1,7/31/2026,10.55,10.86,10.55,10.86,2.94,1300.0,11.93,9.7
GIBF1,8/3/2026,10.86,10.9,10.69,10.9,0.37,12900.0,11.93,9.7
GIBF1,8/4/2026,10.7,10.8,10.7,10.77,0.65,1900.0,11.93,9.7
GIBF1,8/5/2026,10.68,10.73,10.68,10.73,0.47,1000.0,11.93,9.7
GIBF1,8/6/2026,10.7,10.98,10.68,10.98,2.62,5300.0,11.93,9.7
GIBF1,8/7/2026,10.7,10.75,10.7,10.75,0.47,2100.0,11.93,9.7
GIBF1,8/10/2026,10.65,11.0,10.65,11.0,3.29,31300.0,11.93,9.7
GIBF1,8/11/2026,10.7,10.9,10.7,10.9,1.87,1300.0,11.93,9.7
GIBF1,8/12/2026,10.68,10.69,10.68,10.69,0.09,3400.0,11.93,9.7
GIBF1,8/13/2026,10.7,10.8,10.52,10.8,0.93,1900.0,11.93,9.7
GIBF1,8/14/2026,10.5,10.69,10.5,10.69,1.81,1000.0,11.93,9.7
GIBF1,8/17/2026,10.64,10.99,10.64,10.77,1.22,1750.0,11.93,9.7
GIBF1,8/18/2026,11.05,11.05,10.75,10.8,-2.26,22900.0,11.93,9.7
GIBF1,8/19/2026,10.62,10.76,10.62,10.76,1.32,15905.0,11.93,9.7
GIBF1,8/20/2026,10.8,10.9,10.65,10.9,0.93,1100.0,11.93,9.7
GIBF1,8/21/2026,10.69,10.9,10.69,10.9,1.96,600.0,11.93,9.7
GIBF1,8/24/2026,10.8,10.8,10.8,10.8,0.0,700.0,11.93,9.7
GIBF1,8/25/2026,10.75,10.85,10.75,10.75,0.0,68300.0,11.93,9.7
GIBF1,8/26/2026,10.85,10.85,10.62,10.62,-2.12,108550.0,11.93,9.7
GIBF1,8/27/2026,10.61,10.82,10.61,10.62,0.09,1700.0,11.93,9.7
GIBF1,8/31/2026,10.62,10.62,10.52,10.6,-0.19,1500.0,11.93,9.7
GIBF1,9/1/2026,10.39,10.5,10.39,10.47,0.77,30700.0,11.93,9.7
GIBF1,9/2/2026,10.4,10.48,10.4,10.48,0.77,1400.0,11.93,9.7
GIBF1,9/3/2026,10.45,10.79,10.45,10.51,0.57,24650.0,11.93,9.7
GIBF1,9/7/2026,10.51,11.13,10.42,11.08,5.42,254584.0,11.93,9.7
GIBF1,9/9/2026,11.09,11.12,10.85,11.0,-0.81,1261369.0,11.93,9.7
GIBF1,9/10/2026,11.13,11.25,11.05,11.25,1.08,355555.0,11.93,9.7
GIBF1,9/11/2026,11.23,11.6,11.1,11.6,3.29,44444.0,11.93,9.7
GIBF1,9/14/2026,11.49,11.59,11.21,11.59,0.87,27450.0,11.93,9.7
GIBF1,9/15/2026,11.25,11.93,11.25,11.6,3.11,15130.0,11.93,9.7
GIBF1,9/16/2026,11.65,11.65,11.5,11.5,-1.29,8200.0,11.93,9.7
GIBF1,9/17/2026,11.25,11.83,11.19,11.83,5.16,90760.0,11.93,9.7
GIBF1,9/18/2026,11.78,11.78,11.5,11.78,0.0,52000.0,11.93,9.7
GIBF1,9/22/2026,11.45,11.6,11.45,11.6,1.31,15950.0,11.93,9.7
GIBF1,9/23/2026,11.61,11.65,11.45,11.5,-0.95,45700.0,11.93,9.7
GIBF1,9/24/2026,11.82,11.84,11.47,11.7,-1.02,94671.0,11.93,9.7
GIBF1,9/28/2026,10.19,10.19,9.9,10.0,-1.86,6000.0,11.93,9.7
GIBF1,9/29/2026,10.01,10.02,9.97,0.0,-100.0,9499.0,11.93,9.7
GIBF1,9/30/2026,10.31,10.31,9.73,10.16,-1.45,44282.0,11.93,9.7
GIBF1,10/1/2026,10.21,10.22,9.95,10.0,-2.06,20300.0,11.93,9.7
GIBF1,10/2/2026,10.01,10.2,10.01,10.14,1.3,7950.0,11.93,9.7
GILB,12/21/2025,1235.0,1235.0,1166.3,1187.9,,17200.0,1350.0,1020.1
GILB,12/22/2025,1199.0,1200.0,1162.0,1180.0,-0.67,3647.0,1350.0,1020.1
GILB,12/23/2025,1170.0,1170.0,1162.0,1170.0,-0.85,1948.0,1350.0,1020.1
GILB,12/24/2025,1160.0,1179.0,1159.0,1159.2,-0.92,4055.0,1350.0,1020.1
GILB,12/28/2025,1160.0,1190.0,1160.0,1190.0,2.66,2909.0,1350.0,1020.1
GILB,12/29/2025,1190.0,1193.0,1185.0,1188.0,-0.17,1189.0,1350.0,1020.1
GILB,12/31/2025,1175.0,1186.9,1175.0,1180.0,-0.67,1726.0,1350.0,1020.1
GILB,1/1/2026,1182.0,1182.0,1160.1,1170.0,-0.85,3982.0,1350.0,1020.1
GILB,1/4/2026,1117.3,1147.5,1117.0,1144.9,-2.15,1515.0,1350.0,1020.1
GILB,1/5/2026,1145.0,1159.0,1128.0,1150.0,0.45,1378.0,1350.0,1020.1
GILB,1/6/2026,1139.0,1173.0,1139.0,1163.9,1.21,2511.0,1350.0,1020.1
GILB,1/7/2026,1164.0,1177.0,1140.0,1158.0,-0.51,2184.0,1350.0,1020.1
GILB,1/8/2026,1135.3,1157.0,1135.2,1150.0,-0.69,1679.0,1350.0,1020.1
GILB,1/12/2026,1150.0,1167.0,1145.0,1145.0,-0.43,3428.0,1350.0,1020.1
GILB,1/13/2026,1140.0,1167.9,1140.0,1151.0,0.52,2249.0,1350.0,1020.1
GILB,1/14/2026,1151.0,1163.0,1151.0,1163.0,1.04,878.0,1350.0,1020.1
GILB,1/18/2026,1165.0,1183.5,1164.0,1170.0,0.6,2920.0,1350.0,1020.1
GILB,1/20/2026,1193.4,1198.9,1173.0,1183.0,1.11,2701.0,1350.0,1020.1
GILB,1/21/2026,1205.0,1205.0,1161.5,1179.0,-0.34,974.0,1350.0,1020.1
GILB,1/22/2026,1160.1,1180.0,1160.1,1180.0,0.08,4296.0,1350.0,1020.1
GILB,1/25/2026,1180.0,1219.0,1180.0,1204.8,2.1,3824.0,1350.0,1020.1
GILB,1/26/2026,1224.0,1224.0,1190.0,1197.0,-0.65,2632.0,1350.0,1020.1
GILB,1/27/2026,1196.0,1197.0,1170.0,1180.0,-1.42,5630.0,1350.0,1020.1
GILB,1/28/2026,1180.0,1227.0,1172.0,1185.0,0.42,4304.0,1350.0,1020.1
GILB,1/29/2026,1185.0,1193.0,1176.1,1185.2,0.02,1660.0,1350.0,1020.1
GILB,2/1/2026,1185.2,1185.2,1166.4,1170.1,-1.27,990.0,1350.0,1020.1
GILB,2/2/2026,1155.1,1193.5,1151.0,1193.5,2.0,3009.0,1350.0,1020.1
GILB,2/3/2026,1190.0,1193.5,1155.3,1165.0,-2.39,394.0,1350.0,1020.1
GILB,2/4/2026,1186.0,1187.0,1164.0,1164.0,-0.09,782.0,1350.0,1020.1
GILB,2/5/2026,1164.0,1187.2,1161.0,1174.0,0.86,1802.0,1350.0,1020.1
GILB,2/8/2026,1174.0,1180.0,1166.0,1167.0,-0.6,726.0,1350.0,1020.1
GILB,2/9/2026,1153.1,1154.0,1105.0,1141.9,-2.15,4432.0,1350.0,1020.1
GILB,2/10/2026,1141.9,1141.9,1115.0,1116.0,-2.27,4250.0,1350.0,1020.1
GILB,2/11/2026,1138.1,1138.2,1117.1,1124.0,0.72,893.0,1350.0,1020.1
GILB,2/12/2026,1117.0,1120.0,1107.1,1110.6,-1.19,1964.0,1350.0,1020.1
GILB,2/16/2026,1107.1,1115.0,1103.0,1112.0,0.13,3802.0,1350.0,1020.1
GILB,2/17/2026,1104.3,1134.0,1103.0,1103.0,-0.81,2522.0,1350.0,1020.1
GILB,2/22/2026,1115.0,1125.0,1106.0,1108.0,0.45,565.0,1350.0,1020.1
GILB,2/23/2026,1108.0,1108.0,1100.0,1101.0,-0.63,1034.0,1350.0,1020.1
GILB,2/24/2026,1100.0,1115.0,1100.0,1112.0,1.0,1848.0,1350.0,1020.1
GILB,2/25/2026,1111.0,1113.0,1111.0,1111.1,-0.08,362.0,1350.0,1020.1
GILB,2/26/2026,1130.0,1132.0,1104.0,1111.6,0.05,672.0,1350.0,1020.1
GILB,2/27/2026,1130.0,1132.0,1104.0,1111.6,0.0,672.0,1350.0,1020.1
GILB,2/28/2026,1130.0,1132.0,1104.0,1111.6,0.0,672.0,1350.0,1020.1
GILB,3/2/2026,1106.0,1133.4,1106.0,1121.0,0.85,1054.0,1350.0,1020.1
GILB,3/3/2026,1112.1,1150.0,1112.0,1150.0,2.59,1182.0,1350.0,1020.1
GILB,3/4/2026,1112.1,1150.0,1112.0,1150.0,0.0,1182.0,1350.0,1020.1
GILB,3/5/2026,1112.1,1150.0,1112.0,1150.0,0.0,1182.0,1350.0,1020.1
GILB,3/6/2026,1112.1,1150.0,1112.0,1150.0,0.0,1182.0,1350.0,1020.1
GILB,3/7/2026,1112.1,1150.0,1112.0,1150.0,0.0,1182.0,1350.0,1020.1
GILB,3/8/2026,1112.1,1150.0,1112.0,1150.0,0.0,1182.0,1350.0,1020.1
GILB,3/9/2026,1173.0,1173.0,1173.0,1173.0,2.0,20.0,1350.0,1020.1
GILB,3/10/2026,1196.4,1214.9,1185.0,1214.9,3.57,10646.0,1350.0,1020.1
GILB,3/11/2026,1239.1,1239.1,1173.1,1193.9,-1.73,2853.0,1350.0,1020.1
GILB,3/12/2026,1175.0,1219.9,1175.0,1200.0,0.51,4554.0,1350.0,1020.1
GILB,3/13/2026,1175.0,1219.9,1175.0,1200.0,0.0,4554.0,1350.0,1020.1
GILB,3/14/2026,1175.0,1219.9,1175.0,1200.0,0.0,4554.0,1350.0,1020.1
GILB,3/15/2026,1184.0,1210.0,1182.3,1210.0,0.83,2475.0,1350.0,1020.1
GILB,3/16/2026,1190.0,1199.5,1178.2,1190.0,-1.65,4277.0,1350.0,1020.1
GILB,3/17/2026,1190.0,1190.0,1170.0,1174.4,-1.31,229.0,1350.0,1020.1
GILB,3/18/2026,1190.0,1190.0,1170.0,1174.4,0.0,229.0,1350.0,1020.1
GILB,3/19/2026,1156.0,1199.0,1156.0,1188.0,1.16,3192.0,1350.0,1020.1
GILB,3/20/2026,1156.0,1199.0,1156.0,1188.0,0.0,3192.0,1350.0,1020.1
GILB,3/21/2026,1156.0,1199.0,1156.0,1188.0,0.0,3192.0,1350.0,1020.1
GILB,3/22/2026,1171.0,1249.0,1169.0,1237.9,4.2,9637.0,1350.0,1020.1
GILB,3/23/2026,1258.0,1280.0,1230.0,1266.0,2.27,14389.0,1350.0,1020.1
GILB,3/24/2026,1266.0,1268.0,1236.0,1244.5,-1.7,2366.0,1350.0,1020.1
GILB,3/25/2026,1244.5,1244.5,1210.3,1227.0,-1.41,5610.0,1350.0,1020.1
GILB,3/26/2026,1250.0,1250.0,1220.0,1220.3,-2.38,2080.0,1350.0,1020.1
GILB,3/29/2026,1210.0,1210.0,1192.0,1192.0,-1.49,2658.0,1350.0,1020.1
GILB,3/30/2026,1174.0,1200.0,1159.0,1169.9,-0.35,2336.0,1350.0,1020.1
GILB,3/31/2026,1157.1,1199.9,1155.0,1195.0,3.28,4686.0,1350.0,1020.1
GILB,4/1/2026,1173.0,1173.0,1149.0,1149.0,-2.05,3043.0,1350.0,1020.1
GILB,4/2/2026,1126.5,1170.0,1126.2,1154.6,2.49,1640.0,1350.0,1020.1
GILB,4/5/2026,1132.3,1145.0,1105.1,1115.0,-1.53,3117.0,1350.0,1020.1
GILB,4/6/2026,1115.0,1159.0,1115.0,1138.9,2.14,6272.0,1350.0,1020.1
GILB,4/7/2026,1157.7,1159.0,1120.5,1132.0,-2.22,992.0,1350.0,1020.1
GILB,4/8/2026,1128.0,1147.5,1128.0,1140.0,1.06,1408.0,1350.0,1020.1
GILB,4/9/2026,1155.0,1172.0,1155.0,1171.0,1.39,889.0,1350.0,1020.1
GILB,4/10/2026,1150.6,1173.0,1150.1,1150.5,-0.01,635.0,1350.0,1020.1
GILB,4/13/2026,1138.5,1150.0,1138.5,1144.0,0.48,642.0,1350.0,1020.1
GILB,4/15/2026,1150.0,1165.0,1150.0,1151.9,0.17,573.0,1350.0,1020.1
GILB,4/16/2026,1155.0,1155.0,1150.0,1150.0,-0.43,2313.0,1350.0,1020.1
GILB,4/17/2026,1132.0,1149.0,1127.0,1137.0,0.44,595.0,1350.0,1020.1
GILB,4/20/2026,1137.0,1140.0,1130.0,1140.0,0.26,63.0,1350.0,1020.1
GILB,4/21/2026,1130.1,1142.0,1130.1,1130.4,0.03,386.0,1350.0,1020.1
GILB,4/22/2026,1140.0,1152.0,1113.3,1135.0,-0.44,2239.0,1350.0,1020.1
GILB,4/23/2026,1135.0,1135.0,1101.0,1117.0,-1.59,3488.0,1350.0,1020.1
GILB,4/24/2026,1117.0,1120.0,1114.0,1114.0,-0.27,679.0,1350.0,1020.1
GILB,4/27/2026,1114.0,1116.8,1110.0,1113.0,-0.09,1019.0,1350.0,1020.1
GILB,4/28/2026,1113.0,1139.0,1112.0,1120.0,0.63,1307.0,1350.0,1020.1
GILB,4/29/2026,1120.0,1120.0,1111.0,1120.0,0.0,1337.0,1350.0,1020.1
GILB,4/30/2026,1100.0,1110.5,1076.7,1100.2,0.02,6047.0,1350.0,1020.1
GILB,5/4/2026,1100.2,1107.5,1081.0,1107.5,0.66,834.0,1350.0,1020.1
GILB,5/5/2026,1107.5,1107.5,1085.2,1087.5,-1.81,712.0,1350.0,1020.1
GILB,5/6/2026,1080.0,1093.0,1075.0,1080.0,0.0,1417.0,1350.0,1020.1
GILB,5/7/2026,1089.0,1100.0,1080.0,1100.0,1.01,1004.0,1350.0,1020.1
GILB,5/8/2026,1093.0,1118.0,1084.1,1118.0,2.29,551.0,1350.0,1020.1
GILB,5/11/2026,1120.0,1149.9,1115.0,1116.1,-0.35,1659.0,1350.0,1020.1
GILB,5/12/2026,1120.0,1149.4,1115.1,1138.0,1.61,1326.0,1350.0,1020.1
GILB,5/13/2026,1128.0,1132.0,1116.0,1116.5,-1.02,164.0,1350.0,1020.1
GILB,5/14/2026,1115.0,1120.0,1105.0,1111.0,-0.36,395.0,1350.0,1020.1
GILB,5/15/2026,1106.1,1120.0,1106.0,1120.0,1.26,1265.0,1350.0,1020.1
GILB,5/18/2026,1120.1,1144.8,1120.0,1120.0,-0.01,1289.0,1350.0,1020.1
GILB,5/19/2026,1110.0,1125.0,1101.3,1125.0,1.35,1716.0,1350.0,1020.1
GILB,5/20/2026,1130.0,1130.0,1082.0,1115.0,-1.33,1623.0,1350.0,1020.1
GILB,5/21/2026,1096.1,1125.0,1096.0,1125.0,2.64,680.0,1350.0,1020.1
GILB,5/22/2026,1096.1,1142.9,1093.0,1130.0,3.09,1144.0,1350.0,1020.1
GILB,5/25/2026,1125.0,1157.0,1125.0,1155.0,2.67,992.0,1350.0,1020.1
GILB,5/26/2026,1130.8,1155.0,1130.6,1132.0,0.11,115.0,1350.0,1020.1
GILB,5/27/2026,1132.0,1154.3,1121.0,1140.0,0.71,475.0,1350.0,1020.1
GILB,6/1/2026,1147.0,1147.0,1112.1,1122.8,-2.11,184.0,1350.0,1020.1
GILB,6/2/2026,1122.8,1128.0,1106.1,1128.0,0.46,1331.0,1350.0,1020.1
GILB,6/3/2026,1120.0,1140.0,1117.0,1140.0,1.79,718.0,1350.0,1020.1
GILB,6/4/2026,1137.0,1137.8,1107.1,1136.0,-0.09,2114.0,1350.0,1020.1
GILB,6/5/2026,1111.1,1130.0,1111.1,1130.0,1.7,363.0,1350.0,1020.1
GILB,6/8/2026,1115.2,1138.0,1113.0,1125.0,0.88,1642.0,1350.0,1020.1
GILB,6/9/2026,1111.2,1125.0,1111.1,1121.5,0.93,1462.0,1350.0,1020.1
GILB,6/10/2026,1111.0,1134.0,1111.0,1120.0,0.81,728.0,1350.0,1020.1
GILB,6/11/2026,1111.0,1119.0,1108.0,1119.0,0.72,704.0,1350.0,1020.1
GILB,6/12/2026,1106.0,1125.0,1106.0,1111.0,0.45,576.0,1350.0,1020.1
GILB,6/15/2026,1111.0,1115.0,1101.0,1111.1,0.01,1152.0,1350.0,1020.1
GILB,6/16/2026,1111.0,1127.8,1108.1,1109.0,-0.18,1220.0,1350.0,1020.1
GILB,6/17/2026,1109.0,1135.9,1104.0,1111.0,0.18,1281.0,1350.0,1020.1
GILB,6/18/2026,1111.0,1135.0,1111.0,1112.2,0.11,473.0,1350.0,1020.1
GILB,6/19/2026,1100.1,1124.0,1100.1,1124.0,2.17,1055.0,1350.0,1020.1
GILB,6/22/2026,1124.0,1130.0,1113.0,1129.9,0.52,5078.0,1350.0,1020.1
GILB,6/23/2026,1103.0,1118.0,1102.0,1118.0,1.36,4119.0,1350.0,1020.1
GILB,6/24/2026,1093.3,1116.0,1093.3,1116.0,2.08,941.0,1350.0,1020.1
GILB,6/26/2026,1101.0,1102.9,1086.0,1102.0,0.09,182.0,1350.0,1020.1
GILB,6/29/2026,1071.5,1104.7,1067.5,1095.0,2.19,2352.0,1350.0,1020.1
GILB,6/30/2026,1110.0,1158.7,1075.0,1076.0,-3.06,2053.0,1350.0,1020.1
GILB,7/1/2026,1103.0,1107.0,1075.0,1094.0,-0.82,562.0,1350.0,1020.1
GILB,7/2/2026,1094.0,1094.0,1062.2,1070.1,-2.18,1289.0,1350.0,1020.1
GILB,7/3/2026,1102.0,1123.9,1091.1,1119.0,1.54,3452.0,1350.0,1020.1
GILB,7/6/2026,1119.0,1119.0,1061.0,1113.0,-0.54,5829.0,1350.0,1020.1
GILB,7/7/2026,1083.1,1110.0,1083.1,1108.9,2.38,479.0,1350.0,1020.1
GILB,7/8/2026,1108.9,1108.9,1078.3,1104.0,-0.44,268.0,1350.0,1020.1
GILB,7/9/2026,1071.6,1100.0,1068.0,1100.0,2.65,2022.0,1350.0,1020.1
GILB,7/10/2026,1114.9,1114.9,1051.0,1090.0,-2.23,1741.0,1350.0,1020.1
GILB,7/13/2026,1090.0,1090.0,1065.0,1065.0,-2.29,424.0,1350.0,1020.1
GILB,7/14/2026,1045.0,1084.9,1043.0,1065.0,1.91,2478.0,1350.0,1020.1
GILB,7/15/2026,1045.7,1078.8,1020.1,1078.8,3.17,5142.0,1350.0,1020.1
GILB,7/16/2026,1078.8,1078.8,1046.0,1060.0,-1.74,2608.0,1350.0,1020.1
GILB,7/17/2026,1070.0,1100.0,1070.0,1100.0,2.8,1060.0,1350.0,1020.1
GILB,7/20/2026,1062.3,1132.0,1062.3,1110.1,4.5,3093.0,1350.0,1020.1
GILB,7/21/2026,1111.1,1131.0,1103.1,1115.0,0.35,1536.0,1350.0,1020.1
GILB,7/22/2026,1115.0,1122.0,1095.1,1120.8,0.52,3591.0,1350.0,1020.1
GILB,7/23/2026,1100.0,1117.8,1095.0,1110.0,0.91,520.0,1350.0,1020.1
GILB,7/24/2026,1090.1,1129.6,1090.1,1120.0,2.74,2229.0,1350.0,1020.1
GILB,7/27/2026,1119.9,1133.3,1086.4,1096.0,-2.13,4945.0,1350.0,1020.1
GILB,7/28/2026,1100.0,1109.0,1094.0,1109.0,0.82,1071.0,1350.0,1020.1
GILB,7/29/2026,1118.0,1118.0,1086.1,1107.0,-0.98,75.0,1350.0,1020.1
GILB,7/30/2026,1076.3,1105.9,1076.3,1105.9,2.75,965.0,1350.0,1020.1
GILB,7/31/2026,1105.9,1105.9,1078.1,1100.0,-0.53,218.0,1350.0,1020.1
GILB,8/3/2026,1105.1,1109.9,1092.0,1100.0,-0.46,1993.0,1350.0,1020.1
GILB,8/4/2026,1087.0,1099.9,1080.0,1094.9,0.73,2997.0,1350.0,1020.1
GILB,8/5/2026,1095.0,1100.0,1080.0,1094.0,-0.09,1243.0,1350.0,1020.1
GILB,8/6/2026,1094.0,1094.0,1072.0,1090.0,-0.37,1002.0,1350.0,1020.1
GILB,8/7/2026,1090.0,1090.0,1067.1,1070.0,-1.83,498.0,1350.0,1020.1
GILB,8/10/2026,1070.1,1088.9,1055.0,1088.0,1.67,1167.0,1350.0,1020.1
GILB,8/11/2026,1065.0,1080.0,1065.0,1070.4,0.51,459.0,1350.0,1020.1
GILB,8/12/2026,1051.8,1078.0,1051.8,1078.0,2.49,89.0,1350.0,1020.1
GILB,8/13/2026,1090.0,1143.3,1090.0,1110.0,1.83,6744.0,1350.0,1020.1
GILB,8/14/2026,1130.0,1140.7,1112.0,1133.7,0.33,1536.0,1350.0,1020.1
GILB,8/17/2026,1130.0,1140.0,1110.0,1110.0,-1.77,1571.0,1350.0,1020.1
GILB,8/18/2026,1111.0,1120.0,1105.8,1105.8,-0.47,4479.0,1350.0,1020.1
GILB,8/19/2026,1100.0,1110.0,1095.1,1096.3,-0.34,3609.0,1350.0,1020.1
GILB,8/20/2026,1129.0,1129.0,1097.0,1100.0,-2.57,1763.0,1350.0,1020.1
GILB,8/21/2026,1100.0,1130.9,1085.1,1090.0,-0.91,5923.0,1350.0,1020.1
GILB,8/24/2026,1080.1,1090.0,1080.1,1085.8,0.53,1040.0,1350.0,1020.1
GILB,8/25/2026,1095.0,1095.0,1086.2,1086.6,-0.77,1066.0,1350.0,1020.1
GILB,8/26/2026,1083.0,1087.0,1072.5,1072.5,-0.97,1800.0,1350.0,1020.1
GILB,8/27/2026,1045.1,1091.0,1045.1,1089.5,4.25,917.0,1350.0,1020.1
GILB,8/31/2026,1083.0,1089.8,1070.0,1070.0,-1.2,6100.0,1350.0,1020.1
GILB,9/1/2026,1085.4,1089.0,1070.0,1075.0,-0.96,1501.0,1350.0,1020.1
GILB,9/2/2026,1095.0,1095.0,1071.0,1090.1,-0.45,1525.0,1350.0,1020.1
GILB,9/3/2026,1074.0,1091.0,1074.0,1091.0,1.58,622.0,1350.0,1020.1
GILB,9/7/2026,1095.0,1159.0,1095.0,1116.0,1.92,8463.0,1350.0,1020.1
GILB,9/9/2026,1116.0,1116.0,1080.0,1112.4,-0.32,3367.0,1350.0,1020.1
GILB,9/10/2026,1085.0,1103.0,1085.0,1103.0,1.66,231.0,1350.0,1020.1
GILB,9/11/2026,1100.0,1103.0,1077.1,1090.5,-0.86,939.0,1350.0,1020.1
GILB,9/14/2026,1100.0,1118.0,1088.3,1118.0,1.64,3216.0,1350.0,1020.1
GILB,9/15/2026,1173.0,1173.0,1125.1,1129.0,-3.75,7242.0,1350.0,1020.1
GILB,9/16/2026,1110.1,1129.0,1110.0,1116.0,0.53,2044.0,1350.0,1020.1
GILB,9/17/2026,1126.0,1140.0,1123.1,1135.0,0.8,2178.0,1350.0,1020.1
GILB,9/18/2026,1120.0,1152.0,1120.0,1138.5,1.65,1525.0,1350.0,1020.1
GILB,9/22/2026,1138.5,1140.0,1126.0,1140.0,0.13,3948.0,1350.0,1020.1
GILB,9/23/2026,1140.0,1174.0,1128.1,1128.1,-1.04,2651.0,1350.0,1020.1
GILB,9/24/2026,1128.0,1139.5,1125.1,1139.5,1.02,804.0,1350.0,1020.1
GILB,9/28/2026,1196.4,1196.4,1130.0,1135.0,-5.13,5051.0,1350.0,1020.1
GILB,9/29/2026,1125.0,1128.0,1101.2,0.0,-100.0,6966.0,1350.0,1020.1
GILB,9/30/2026,1100.0,1128.0,1099.1,1109.0,0.82,1704.0,1350.0,1020.1
GILB,10/1/2026,1110.0,1112.0,1093.2,1112.0,0.18,390.0,1350.0,1020.1
GILB,10/2/2026,1112.0,1126.0,1080.1,1100.1,-1.07,2164.0,1350.0,1020.1
GLBSL,12/21/2025,1900.0,1910.0,1895.0,1910.0,,269.0,2310.0,1585.1
GLBSL,12/22/2025,1900.0,1900.0,1875.0,1880.0,-1.57,460.0,2310.0,1585.1
GLBSL,12/23/2025,1900.0,1994.0,1900.0,1993.0,6.01,3468.0,2310.0,1585.1
GLBSL,12/24/2025,1993.0,2026.0,1953.2,2000.0,0.35,1619.0,2310.0,1585.1
GLBSL,12/28/2025,2000.0,2020.0,1979.6,2004.0,0.2,1314.0,2310.0,1585.1
GLBSL,12/29/2025,2042.0,2042.0,1970.0,1975.0,-1.45,869.0,2310.0,1585.1
GLBSL,12/31/2025,2000.0,2000.0,1950.2,1965.0,-0.51,1324.0,2310.0,1585.1
GLBSL,1/1/2026,1965.0,1965.0,1935.0,1959.7,-0.27,1480.0,2310.0,1585.1
GLBSL,1/4/2026,1950.0,1996.9,1923.0,1923.0,-1.87,185.0,2310.0,1585.1
GLBSL,1/5/2026,1900.1,1975.0,1862.1,1937.2,0.74,2232.0,2310.0,1585.1
GLBSL,1/6/2026,1906.5,1950.0,1906.5,1920.0,-0.89,888.0,2310.0,1585.1
GLBSL,1/7/2026,1920.0,1949.9,1911.0,1911.1,-0.46,515.0,2310.0,1585.1
GLBSL,1/8/2026,1891.0,1987.9,1891.0,1920.1,0.47,1153.0,2310.0,1585.1
GLBSL,1/12/2026,1957.0,1980.0,1920.2,1925.0,0.26,2154.0,2310.0,1585.1
GLBSL,1/13/2026,1963.5,1963.5,1924.0,1924.0,-0.05,1346.0,2310.0,1585.1
GLBSL,1/14/2026,1924.0,1930.0,1923.0,1930.0,0.31,40.0,2310.0,1585.1
GLBSL,1/18/2026,1968.6,2101.0,1950.0,2101.0,8.86,5522.0,2310.0,1585.1
GLBSL,1/20/2026,2143.0,2222.0,2022.2,2222.0,5.76,8954.0,2310.0,1585.1
GLBSL,1/21/2026,2177.6,2177.6,2009.0,2091.2,-5.89,2385.0,2310.0,1585.1
GLBSL,1/22/2026,2110.0,2110.0,2010.0,2059.0,-1.54,3418.0,2310.0,1585.1
GLBSL,1/25/2026,2080.0,2080.0,2003.0,2060.0,0.05,2112.0,2310.0,1585.1
GLBSL,1/26/2026,2080.0,2099.0,2025.0,2025.0,-1.7,2893.0,2310.0,1585.1
GLBSL,1/27/2026,2022.0,2079.0,2020.0,2050.0,1.23,2417.0,2310.0,1585.1
GLBSL,1/28/2026,2040.0,2071.8,2040.0,2061.0,0.54,3262.0,2310.0,1585.1
GLBSL,1/29/2026,2065.0,2077.0,2030.0,2064.0,0.15,858.0,2310.0,1585.1
GLBSL,2/1/2026,2050.0,2050.0,2010.0,2010.0,-2.62,1206.0,2310.0,1585.1
GLBSL,2/2/2026,2050.2,2050.2,2001.0,2030.0,1.0,638.0,2310.0,1585.1
GLBSL,2/3/2026,2030.1,2030.1,1951.2,2019.6,-0.51,1443.0,2310.0,1585.1
GLBSL,2/4/2026,2019.6,2019.6,1941.0,1942.0,-3.84,1457.0,2310.0,1585.1
GLBSL,2/5/2026,1980.0,2051.9,1945.0,1952.0,0.51,2184.0,2310.0,1585.1
GLBSL,2/8/2026,1958.0,1993.0,1940.0,1986.0,1.74,2541.0,2310.0,1585.1
GLBSL,2/9/2026,1997.8,1997.8,1947.3,1947.3,-1.95,673.0,2310.0,1585.1
GLBSL,2/10/2026,1925.0,1984.0,1925.0,1963.5,0.83,1142.0,2310.0,1585.1
GLBSL,2/11/2026,1963.5,1963.5,1915.0,1920.0,-2.22,1140.0,2310.0,1585.1
GLBSL,2/12/2026,1905.1,1938.0,1903.5,1929.0,0.47,1407.0,2310.0,1585.1
GLBSL,2/16/2026,1929.0,1940.9,1911.0,1932.0,0.16,144.0,2310.0,1585.1
GLBSL,2/17/2026,1932.0,1932.0,1894.1,1894.1,-1.96,997.0,2310.0,1585.1
GLBSL,2/22/2026,1890.1,1890.1,1875.0,1889.8,-0.23,1490.0,2310.0,1585.1
GLBSL,2/23/2026,1876.0,1881.1,1876.0,1876.1,-0.72,1675.0,2310.0,1585.1
GLBSL,2/24/2026,1880.0,1905.0,1838.6,1899.9,1.27,1637.0,2310.0,1585.1
GLBSL,2/25/2026,1931.0,1937.0,1900.0,1905.0,0.27,630.0,2310.0,1585.1
GLBSL,2/26/2026,1905.0,1941.0,1890.0,1919.9,0.78,1850.0,2310.0,1585.1
GLBSL,2/27/2026,1905.0,1941.0,1890.0,1919.9,0.0,1850.0,2310.0,1585.1
GLBSL,2/28/2026,1905.0,1941.0,1890.0,1919.9,0.0,1850.0,2310.0,1585.1
GLBSL,3/2/2026,1887.0,1923.0,1882.1,1923.0,0.16,718.0,2310.0,1585.1
GLBSL,3/3/2026,1923.0,1940.0,1890.0,1940.0,0.88,7941.0,2310.0,1585.1
GLBSL,3/4/2026,1923.0,1940.0,1890.0,1940.0,0.0,7941.0,2310.0,1585.1
GLBSL,3/5/2026,1923.0,1940.0,1890.0,1940.0,0.0,7941.0,2310.0,1585.1
GLBSL,3/6/2026,1923.0,1940.0,1890.0,1940.0,0.0,7941.0,2310.0,1585.1
GLBSL,3/7/2026,1923.0,1940.0,1890.0,1940.0,0.0,7941.0,2310.0,1585.1
GLBSL,3/8/2026,1923.0,1940.0,1890.0,1940.0,0.0,7941.0,2310.0,1585.1
GLBSL,3/9/2026,1978.0,1978.0,1978.0,1978.0,1.96,20.0,2310.0,1585.1
GLBSL,3/10/2026,1990.0,2080.0,1990.0,2009.0,1.57,4665.0,2310.0,1585.1
GLBSL,3/11/2026,2000.0,2009.0,1935.0,1970.0,-1.94,2276.0,2310.0,1585.1
GLBSL,3/12/2026,1970.0,1975.0,1895.0,1975.0,0.25,4370.0,2310.0,1585.1
GLBSL,3/13/2026,1970.0,1975.0,1895.0,1975.0,0.0,4370.0,2310.0,1585.1
GLBSL,3/14/2026,1970.0,1975.0,1895.0,1975.0,0.0,4370.0,2310.0,1585.1
GLBSL,3/15/2026,1938.3,1976.0,1900.1,1959.9,-0.76,3717.0,2310.0,1585.1
GLBSL,3/16/2026,1959.9,1959.9,1920.0,1930.0,-1.53,2533.0,2310.0,1585.1
GLBSL,3/17/2026,1930.0,1948.0,1920.0,1926.0,-0.21,1481.0,2310.0,1585.1
GLBSL,3/18/2026,1930.0,1948.0,1920.0,1926.0,0.0,1481.0,2310.0,1585.1
GLBSL,3/19/2026,1900.0,1957.8,1900.0,1937.3,0.59,3735.0,2310.0,1585.1
GLBSL,3/20/2026,1900.0,1957.8,1900.0,1937.3,0.0,3735.0,2310.0,1585.1
GLBSL,3/21/2026,1900.0,1957.8,1900.0,1937.3,0.0,3735.0,2310.0,1585.1
GLBSL,3/22/2026,1969.0,2004.0,1940.0,1985.0,2.46,3183.0,2310.0,1585.1
GLBSL,3/23/2026,1985.0,2029.0,1966.6,2000.0,0.76,3173.0,2310.0,1585.1
GLBSL,3/24/2026,2000.0,2005.0,1970.2,1995.0,-0.25,1294.0,2310.0,1585.1
GLBSL,3/25/2026,1957.0,1990.0,1955.1,1973.0,-1.1,1555.0,2310.0,1585.1
GLBSL,3/26/2026,2003.9,2003.9,1960.0,1980.0,-1.19,1019.0,2310.0,1585.1
GLBSL,3/29/2026,2000.0,2000.0,1935.0,1973.0,-1.35,823.0,2310.0,1585.1
GLBSL,3/30/2026,1933.6,1969.9,1918.0,1940.0,0.33,2412.0,2310.0,1585.1
GLBSL,3/31/2026,1940.0,1950.0,1905.0,1935.0,-0.26,651.0,2310.0,1585.1
GLBSL,4/1/2026,1935.0,1940.0,1895.1,1914.0,-1.09,1957.0,2310.0,1585.1
GLBSL,4/2/2026,1900.0,1914.0,1870.0,1876.0,-1.26,1974.0,2310.0,1585.1
GLBSL,4/5/2026,1838.5,1869.9,1705.2,1715.0,-6.72,2820.0,2310.0,1585.1
GLBSL,4/6/2026,1749.3,1836.0,1749.0,1835.0,4.9,1532.0,2310.0,1585.1
GLBSL,4/7/2026,1869.0,1869.0,1785.0,1800.0,-3.69,916.0,2310.0,1585.1
GLBSL,4/8/2026,1836.0,1839.5,1801.0,1805.0,-1.69,731.0,2310.0,1585.1
GLBSL,4/9/2026,1815.0,1840.0,1786.0,1825.0,0.55,615.0,2310.0,1585.1
GLBSL,4/10/2026,1801.0,1830.0,1801.0,1810.0,0.5,466.0,2310.0,1585.1
GLBSL,4/13/2026,1844.8,1845.0,1800.0,1800.0,-2.43,476.0,2310.0,1585.1
GLBSL,4/15/2026,1800.0,1836.0,1800.0,1810.0,0.56,331.0,2310.0,1585.1
GLBSL,4/16/2026,1800.1,1810.0,1790.0,1800.0,-0.01,324.0,2310.0,1585.1
GLBSL,4/17/2026,1790.0,1815.0,1780.0,1796.0,0.34,414.0,2310.0,1585.1
GLBSL,4/20/2026,1796.0,1841.0,1796.0,1827.0,1.73,425.0,2310.0,1585.1
GLBSL,4/21/2026,1827.0,1838.0,1802.0,1807.0,-1.09,339.0,2310.0,1585.1
GLBSL,4/22/2026,1807.0,1810.0,1771.1,1810.0,0.17,467.0,2310.0,1585.1
GLBSL,4/23/2026,1810.0,1815.0,1810.0,1814.0,0.22,77.0,2310.0,1585.1
GLBSL,4/24/2026,1814.0,1836.0,1792.1,1793.0,-1.16,191.0,2310.0,1585.1
GLBSL,4/27/2026,1793.0,1845.0,1790.0,1815.0,1.23,953.0,2310.0,1585.1
GLBSL,4/28/2026,1815.0,1815.0,1780.0,1800.0,-0.83,554.0,2310.0,1585.1
GLBSL,4/29/2026,1800.0,1800.0,1775.0,1785.0,-0.83,1082.0,2310.0,1585.1
GLBSL,4/30/2026,1837.9,1837.9,1761.0,1763.9,-4.03,390.0,2310.0,1585.1
GLBSL,5/4/2026,1770.0,1770.0,1750.0,1750.0,-1.13,346.0,2310.0,1585.1
GLBSL,5/5/2026,1710.0,1800.0,1710.0,1764.0,3.16,340.0,2310.0,1585.1
GLBSL,5/6/2026,1800.0,1816.0,1760.0,1760.0,-2.22,1687.0,2310.0,1585.1
GLBSL,5/7/2026,1760.0,1790.0,1760.0,1790.0,1.7,193.0,2310.0,1585.1
GLBSL,5/8/2026,1800.0,1838.0,1800.0,1819.9,1.11,135.0,2310.0,1585.1
GLBSL,5/11/2026,1874.0,1874.0,1818.0,1844.7,-1.56,390.0,2310.0,1585.1
GLBSL,5/12/2026,1840.0,1840.0,1805.0,1805.0,-1.9,41.0,2310.0,1585.1
GLBSL,5/13/2026,1771.0,1800.0,1760.0,1780.0,0.51,409.0,2310.0,1585.1
GLBSL,5/14/2026,1780.0,1780.0,1780.0,1780.0,0.0,1.0,2310.0,1585.1
GLBSL,5/15/2026,1780.0,1829.9,1780.0,1790.0,0.56,150.0,2310.0,1585.1
GLBSL,5/18/2026,1790.0,1790.0,1770.0,1782.1,-0.44,275.0,2310.0,1585.1
GLBSL,5/19/2026,1782.7,1809.0,1780.0,1790.0,0.41,155.0,2310.0,1585.1
GLBSL,5/20/2026,1780.2,1820.0,1780.2,1780.5,0.02,45.0,2310.0,1585.1
GLBSL,5/21/2026,1780.5,1791.0,1761.6,1791.0,0.59,65.0,2310.0,1585.1
GLBSL,5/22/2026,1791.0,1809.0,1791.0,1809.0,1.01,163.0,2310.0,1585.1
GLBSL,5/25/2026,1830.0,1850.0,1805.0,1825.0,-0.27,621.0,2310.0,1585.1
GLBSL,5/26/2026,1815.0,1833.4,1780.0,1832.0,0.94,734.0,2310.0,1585.1
GLBSL,5/27/2026,1832.0,1832.0,1800.0,1822.0,-0.55,132.0,2310.0,1585.1
GLBSL,6/1/2026,1800.0,1800.1,1790.0,1791.2,-0.49,367.0,2310.0,1585.1
GLBSL,6/2/2026,1791.2,1825.0,1777.7,1822.0,1.72,416.0,2310.0,1585.1
GLBSL,6/3/2026,1770.0,1800.0,1770.0,1790.0,1.13,329.0,2310.0,1585.1
GLBSL,6/4/2026,1795.0,1800.0,1790.0,1790.0,-0.28,396.0,2310.0,1585.1
GLBSL,6/5/2026,1761.1,1813.9,1761.1,1813.9,3.0,278.0,2310.0,1585.1
GLBSL,6/8/2026,1814.0,1814.0,1761.0,1812.0,-0.11,336.0,2310.0,1585.1
GLBSL,6/9/2026,1825.0,1825.0,1772.0,1772.0,-2.9,319.0,2310.0,1585.1
GLBSL,6/10/2026,1751.0,1800.0,1751.0,1770.0,1.09,104.0,2310.0,1585.1
GLBSL,6/11/2026,1800.0,1800.0,1753.1,1795.0,-0.28,718.0,2310.0,1585.1
GLBSL,6/12/2026,1795.0,1795.0,1756.0,1756.0,-2.17,102.0,2310.0,1585.1
GLBSL,6/15/2026,1768.1,1768.1,1765.0,1765.0,-0.18,239.0,2310.0,1585.1
GLBSL,6/16/2026,1765.0,1793.0,1762.0,1762.0,-0.17,98.0,2310.0,1585.1
GLBSL,6/17/2026,1762.0,1762.0,1762.0,1762.0,0.0,6.0,2310.0,1585.1
GLBSL,6/18/2026,1762.0,1762.0,1755.0,1760.0,-0.11,73.0,2310.0,1585.1
GLBSL,6/19/2026,1760.0,1850.0,1760.0,1840.0,4.55,4266.0,2310.0,1585.1
GLBSL,6/22/2026,1840.0,1929.9,1840.0,1858.1,0.98,1650.0,2310.0,1585.1
GLBSL,6/23/2026,1858.5,1865.0,1810.0,1832.0,-1.43,389.0,2310.0,1585.1
GLBSL,6/24/2026,1790.0,1898.2,1790.0,1860.0,3.91,1513.0,2310.0,1585.1
GLBSL,6/26/2026,1835.0,1835.0,1785.0,1800.0,-1.91,1021.0,2310.0,1585.1
GLBSL,6/29/2026,1751.0,1806.0,1751.0,1798.0,2.68,642.0,2310.0,1585.1
GLBSL,6/30/2026,1798.0,1850.0,1754.0,1838.8,2.27,1770.0,2310.0,1585.1
GLBSL,7/1/2026,1838.8,1850.0,1805.0,1838.8,0.0,1111.0,2310.0,1585.1
GLBSL,7/2/2026,1838.8,1843.0,1788.2,1835.8,-0.16,539.0,2310.0,1585.1
GLBSL,7/3/2026,1820.0,1821.0,1803.0,1803.0,-0.93,348.0,2310.0,1585.1
GLBSL,7/6/2026,1825.0,1825.0,1760.0,1761.0,-3.51,1451.0,2310.0,1585.1
GLBSL,7/7/2026,1745.5,1770.0,1745.5,1770.0,1.4,222.0,2310.0,1585.1
GLBSL,7/8/2026,1822.0,1822.0,1743.0,1780.0,-2.31,702.0,2310.0,1585.1
GLBSL,7/9/2026,1780.0,1780.0,1740.0,1740.0,-2.25,598.0,2310.0,1585.1
GLBSL,7/10/2026,1739.0,1785.1,1739.0,1770.0,1.78,53.0,2310.0,1585.1
GLBSL,7/13/2026,1770.0,1770.0,1725.0,1754.9,-0.85,253.0,2310.0,1585.1
GLBSL,7/14/2026,1754.9,1780.0,1720.0,1780.0,1.43,505.0,2310.0,1585.1
GLBSL,7/15/2026,1732.0,1783.9,1732.0,1770.0,2.19,169.0,2310.0,1585.1
GLBSL,7/16/2026,1770.0,1770.0,1721.0,1763.9,-0.34,257.0,2310.0,1585.1
GLBSL,7/17/2026,1798.9,1798.9,1765.5,1765.5,-1.86,579.0,2310.0,1585.1
GLBSL,7/20/2026,1780.1,1815.0,1780.1,1815.0,1.96,291.0,2310.0,1585.1
GLBSL,7/21/2026,1900.0,1900.0,1766.1,1766.1,-7.05,236.0,2310.0,1585.1
GLBSL,7/22/2026,1799.9,1813.0,1799.9,1813.0,0.73,499.0,2310.0,1585.1
GLBSL,7/23/2026,1740.0,1820.0,1740.0,1793.0,3.05,239.0,2310.0,1585.1
GLBSL,7/24/2026,1793.0,1826.0,1792.0,1800.0,0.39,728.0,2310.0,1585.1
GLBSL,7/27/2026,1710.0,1850.0,1710.0,1800.0,5.26,246.0,2310.0,1585.1
GLBSL,7/28/2026,1710.0,1820.0,1710.0,1795.0,4.97,163.0,2310.0,1585.1
GLBSL,7/29/2026,1780.0,1810.0,1780.0,1810.0,1.69,479.0,2310.0,1585.1
GLBSL,7/30/2026,1815.0,1820.0,1782.1,1820.0,0.28,466.0,2310.0,1585.1
GLBSL,7/31/2026,1845.0,1845.0,1791.0,1810.0,-1.9,189.0,2310.0,1585.1
GLBSL,8/3/2026,1830.0,1830.0,1775.5,1780.0,-2.73,97.0,2310.0,1585.1
GLBSL,8/4/2026,1725.0,1796.0,1725.0,1796.0,4.12,283.0,2310.0,1585.1
GLBSL,8/5/2026,1710.0,1814.0,1710.0,1790.0,4.68,181.0,2310.0,1585.1
GLBSL,8/6/2026,1790.0,1801.0,1776.0,1801.0,0.61,123.0,2310.0,1585.1
GLBSL,8/7/2026,1801.0,1801.0,1772.0,1795.9,-0.28,279.0,2310.0,1585.1
GLBSL,8/10/2026,1752.0,1788.0,1752.0,1785.0,1.88,75.0,2310.0,1585.1
GLBSL,8/11/2026,1755.0,1774.0,1755.0,1770.0,0.85,278.0,2310.0,1585.1
GLBSL,8/12/2026,1740.0,1792.9,1740.0,1753.0,0.75,206.0,2310.0,1585.1
GLBSL,8/13/2026,1735.0,1787.0,1735.0,1757.0,1.27,256.0,2310.0,1585.1
GLBSL,8/14/2026,1757.0,1786.9,1715.0,1732.0,-1.42,275.0,2310.0,1585.1
GLBSL,8/17/2026,1733.0,1750.0,1733.0,1740.0,0.4,293.0,2310.0,1585.1
GLBSL,8/18/2026,1772.0,1772.0,1701.0,1701.0,-4.01,484.0,2310.0,1585.1
GLBSL,8/19/2026,1710.0,1750.0,1700.0,1742.0,1.87,906.0,2310.0,1585.1
GLBSL,8/20/2026,1743.0,1743.0,1701.0,1710.0,-1.89,391.0,2310.0,1585.1
GLBSL,8/21/2026,1710.0,1730.0,1710.0,1730.0,1.17,283.0,2310.0,1585.1
GLBSL,8/24/2026,1691.0,1720.0,1685.0,1720.0,1.71,163.0,2310.0,1585.1
GLBSL,8/25/2026,1709.0,1715.0,1708.0,1712.0,0.18,305.0,2310.0,1585.1
GLBSL,8/26/2026,1700.0,1700.0,1661.0,1675.0,-1.47,584.0,2310.0,1585.1
GLBSL,8/27/2026,1690.0,1705.0,1690.0,1705.0,0.89,160.0,2310.0,1585.1
GLBSL,8/31/2026,1670.0,1679.0,1655.0,1679.0,0.54,71.0,2310.0,1585.1
GLBSL,9/1/2026,1628.7,1677.5,1628.7,1630.0,0.08,876.0,2310.0,1585.1
GLBSL,9/2/2026,1590.0,1632.6,1585.1,1620.0,1.89,452.0,2310.0,1585.1
GLBSL,9/3/2026,1585.2,1611.0,1585.2,1611.0,1.63,207.0,2310.0,1585.1
GLBSL,9/7/2026,1600.0,1605.0,1600.0,1601.1,0.07,274.0,2310.0,1585.1
GLBSL,9/9/2026,1605.0,1620.0,1601.0,1610.0,0.31,245.0,2310.0,1585.1
GLBSL,9/10/2026,1610.0,1635.0,1600.0,1601.0,-0.56,167.0,2310.0,1585.1
GLBSL,9/11/2026,1633.8,1633.8,1600.0,1629.0,-0.29,280.0,2310.0,1585.1
GLBSL,9/14/2026,1601.3,1677.0,1601.3,1640.0,2.42,839.0,2310.0,1585.1
GLBSL,9/15/2026,1689.0,1739.0,1648.0,1660.0,-1.72,292.0,2310.0,1585.1
GLBSL,9/16/2026,1660.0,1709.0,1659.1,1689.0,1.75,353.0,2310.0,1585.1
GLBSL,9/17/2026,1640.0,1739.0,1640.0,1695.0,3.35,458.0,2310.0,1585.1
GLBSL,9/18/2026,1700.0,1751.0,1700.0,1725.0,1.47,2143.0,2310.0,1585.1
GLBSL,9/22/2026,1764.0,1765.0,1710.0,1727.0,-2.1,344.0,2310.0,1585.1
GLBSL,9/23/2026,1727.0,1728.0,1680.2,1710.0,-0.98,290.0,2310.0,1585.1
GLBSL,9/24/2026,1700.0,1710.0,1700.0,1700.0,0.0,211.0,2310.0,1585.1
GLBSL,9/28/2026,1651.0,1700.0,1651.0,1700.0,2.97,1134.0,2310.0,1585.1
GLBSL,9/29/2026,1670.0,1685.0,1670.0,0.0,-100.0,65.0,2310.0,1585.1
GLBSL,9/30/2026,1690.0,1700.0,1690.0,1690.0,0.0,375.0,2310.0,1585.1
GLBSL,10/1/2026,1695.0,1695.0,1680.0,1680.0,-0.88,386.0,2310.0,1585.1
GLBSL,10/2/2026,1680.0,1685.0,1680.0,1680.0,0.0,123.0,2310.0,1585.1
GLH,4/25/2021,379.0,379.0,364.0,372.0,,20901.0,328.2,237.1
GLH,4/26/2021,365.0,365.0,345.0,356.0,-4.3,26868.0,328.2,237.1
GLH,4/27/2021,350.0,369.0,349.0,368.0,3.37,13009.0,328.2,237.1
GLH,4/28/2021,386.0,386.0,353.0,360.0,-2.17,7244.0,328.2,237.1
GLH,4/29/2021,350.0,374.0,350.0,367.0,1.94,13195.0,328.2,237.1
GLH,5/2/2021,365.0,378.0,365.0,375.0,2.18,13085.0,328.2,237.1
GLH,5/3/2021,368.0,382.0,368.0,371.0,-1.07,19169.0,328.2,237.1
GLH,5/4/2021,373.0,383.0,364.0,383.0,3.23,21924.0,328.2,237.1
GLH,5/5/2021,383.0,405.0,369.0,400.0,4.44,56811.0,328.2,237.1
GLH,5/6/2021,405.0,405.0,382.0,388.0,-3.0,19453.0,328.2,237.1
GLH,5/9/2021,407.0,407.0,375.0,384.0,-1.03,32899.0,328.2,237.1
GLH,5/10/2021,403.0,422.0,369.0,386.0,0.52,16664.0,328.2,237.1
GLH,5/11/2021,379.0,394.0,372.0,393.0,1.81,22186.0,328.2,237.1
GLH,5/12/2021,400.0,400.0,385.0,393.0,0.0,47981.0,328.2,237.1
GLH,5/13/2021,395.0,400.0,390.0,399.0,1.53,39488.0,328.2,237.1
GLH,5/16/2021,399.0,399.0,383.0,388.0,-2.76,46265.0,328.2,237.1
GLH,5/17/2021,369.0,390.0,369.0,389.0,0.26,36107.0,328.2,237.1
GLH,5/18/2021,383.0,417.0,383.0,406.0,4.37,87505.0,328.2,237.1
GLH,5/19/2021,410.0,410.0,392.0,393.0,-3.2,18488.0,328.2,237.1
GLH,5/20/2021,395.0,402.0,386.0,388.0,-1.27,17114.0,328.2,237.1
GLH,5/23/2021,380.0,395.0,380.0,391.0,0.77,20910.0,328.2,237.1
GLH,5/24/2021,398.0,398.0,386.0,387.0,-1.02,31570.0,328.2,237.1
GLH,5/25/2021,382.0,408.0,382.0,401.0,3.62,52861.0,328.2,237.1
GLH,5/27/2021,401.0,434.0,400.0,420.0,4.74,116366.0,328.2,237.1
GLH,5/30/2021,425.0,443.0,399.0,402.0,-4.29,72953.0,328.2,237.1
GLH,5/31/2021,382.0,407.0,382.0,388.0,-3.48,33760.0,328.2,237.1
GLH,6/1/2021,385.0,390.0,378.0,381.0,-1.8,20792.0,328.2,237.1
GLH,6/2/2021,376.0,393.0,376.0,392.0,2.89,22681.0,328.2,237.1
GLH,6/3/2021,392.0,394.0,381.0,383.0,-2.3,29683.0,328.2,237.1
GLH,6/6/2021,383.0,385.0,370.0,374.0,-2.35,35202.0,328.2,237.1
GLH,6/7/2021,380.0,386.0,373.0,383.0,2.41,31129.0,328.2,237.1
GLH,6/8/2021,378.0,393.0,378.0,382.0,-0.26,37584.0,328.2,237.1
GLH,6/9/2021,382.0,388.0,378.0,378.0,-1.05,22164.0,328.2,237.1
GLH,6/10/2021,361.0,415.0,361.0,415.0,9.79,89320.0,328.2,237.1
GLH,6/13/2021,435.0,444.0,403.0,441.0,6.27,159930.0,328.2,237.1
GLH,6/14/2021,463.0,463.0,423.0,424.0,-3.85,68732.0,328.2,237.1
GLH,6/15/2021,415.0,428.0,406.0,410.0,-3.3,55734.0,328.2,237.1
GLH,6/16/2021,402.0,415.0,383.0,392.0,-4.39,39748.0,328.2,237.1
GLH,6/17/2021,393.0,409.0,384.0,397.0,1.28,21852.0,328.2,237.1
GLH,6/20/2021,390.0,392.0,380.0,382.0,-3.78,29029.0,328.2,237.1
GLH,6/21/2021,376.0,389.0,373.0,379.0,-0.79,15216.0,328.2,237.1
GLH,6/22/2021,390.0,395.0,370.0,395.0,4.22,16943.0,328.2,237.1
GLH,6/23/2021,414.0,414.0,378.0,378.0,-4.3,10287.0,328.2,237.1
GLH,6/24/2021,380.0,385.0,375.0,378.0,0.0,13588.0,328.2,237.1
GLH,6/27/2021,378.0,390.0,375.0,378.0,0.0,14232.0,328.2,237.1
GLH,6/28/2021,396.0,396.0,371.0,373.0,-1.32,20718.0,328.2,237.1
GLH,6/29/2021,371.0,375.0,364.0,365.0,-2.14,13517.0,328.2,237.1
GLH,6/30/2021,365.0,366.0,355.0,360.0,-1.37,8884.0,328.2,237.1
GLH,7/1/2021,356.0,377.0,356.0,367.0,1.94,11414.0,328.2,237.1
GLH,7/4/2021,360.0,370.0,359.0,359.0,-2.18,10541.0,328.2,237.1
GLH,7/5/2021,355.0,364.0,352.0,353.0,-1.67,9856.0,328.2,237.1
GLH,7/6/2021,345.0,365.0,345.0,351.0,-0.57,6545.0,328.2,237.1
GLH,7/7/2021,355.0,355.0,342.0,342.0,-2.56,8155.0,328.2,237.1
GLH,7/8/2021,339.0,355.0,339.0,349.0,2.05,10036.0,328.2,237.1
GLH,7/11/2021,350.0,372.0,349.0,370.0,6.02,9414.0,328.2,237.1
GLH,7/12/2021,365.0,373.0,353.0,358.0,-3.24,17708.0,328.2,237.1
GLH,7/13/2021,356.0,362.0,351.0,358.0,0.0,9544.0,328.2,237.1
GLH,7/14/2021,353.0,369.0,353.0,368.0,2.79,6055.0,328.2,237.1
GLH,7/15/2021,368.0,380.0,361.0,373.0,1.36,12493.0,328.2,237.1
GLH,7/18/2021,373.0,384.0,373.0,380.0,1.88,15598.0,328.2,237.1
GLH,7/19/2021,385.0,387.6,373.0,380.0,0.0,17563.0,328.2,237.1
GLH,7/20/2021,373.0,386.0,373.0,382.0,0.53,22393.0,328.2,237.1
GLH,7/22/2021,385.0,415.0,380.0,407.0,6.54,121804.0,328.2,237.1
GLH,7/25/2021,415.0,431.0,408.0,421.0,3.44,111176.0,328.2,237.1
GLH,7/26/2021,415.1,463.1,415.1,463.1,10.0,227054.0,328.2,237.1
GLH,7/27/2021,472.0,509.4,463.0,502.0,8.4,206927.0,328.2,237.1
GLH,7/28/2021,512.0,540.0,478.0,481.0,-4.18,76583.0,328.2,237.1
GLH,7/29/2021,472.0,494.0,465.5,490.0,1.87,90922.0,328.2,237.1
GLH,8/1/2021,490.0,539.0,481.5,539.0,10.0,188288.0,328.2,237.1
GLH,8/2/2021,549.0,555.9,520.0,531.0,-1.48,109108.0,328.2,237.1
GLH,8/3/2021,525.0,582.9,520.0,577.2,8.7,120819.0,328.2,237.1
GLH,8/4/2021,575.0,605.0,561.0,576.0,-0.21,162806.0,328.2,237.1
GLH,8/5/2021,565.0,580.0,545.9,548.0,-4.86,86828.0,328.2,237.1
GLH,8/8/2021,548.0,602.8,538.5,590.0,7.66,110745.0,328.2,237.1
GLH,8/9/2021,590.0,622.0,580.0,583.0,-1.19,91197.0,328.2,237.1
GLH,8/10/2021,594.0,605.8,560.0,567.0,-2.74,94612.0,328.2,237.1
GLH,8/11/2021,570.0,622.0,561.0,584.0,3.0,72970.0,328.2,237.1
GLH,8/12/2021,595.6,637.0,574.0,620.0,6.16,234936.0,328.2,237.1
GLH,8/15/2021,607.6,610.1,570.0,585.0,-5.65,85119.0,328.2,237.1
GLH,8/16/2021,575.0,605.0,570.0,591.0,1.03,36809.0,328.2,237.1
GLH,8/17/2021,591.0,650.1,591.0,633.0,7.11,192480.0,328.2,237.1
GLH,8/18/2021,633.0,657.0,618.0,629.0,-0.63,233257.0,328.2,237.1
GLH,8/19/2021,620.0,641.5,588.0,598.1,-4.91,46881.0,328.2,237.1
GLH,8/24/2021,586.2,586.2,543.0,556.0,-7.04,64416.0,328.2,237.1
GLH,8/25/2021,544.9,568.1,524.3,535.0,-3.78,24046.0,328.2,237.1
GLH,8/26/2021,525.0,587.0,525.0,569.0,6.36,32350.0,328.2,237.1
GLH,8/29/2021,558.0,568.0,537.0,550.0,-3.34,36403.0,328.2,237.1
GLH,8/31/2021,539.0,561.0,514.0,519.0,-5.64,30438.0,328.2,237.1
GLH,9/1/2021,513.0,555.0,512.0,525.0,1.16,19194.0,328.2,237.1
GLH,9/2/2021,535.0,535.0,495.0,511.9,-2.5,31835.0,328.2,237.1
GLH,9/5/2021,501.7,501.7,460.8,460.8,-9.98,23416.0,328.2,237.1
GLH,9/6/2021,460.0,506.8,430.0,506.8,9.98,33898.0,328.2,237.1
GLH,9/7/2021,516.9,536.0,478.1,490.0,-3.31,33467.0,328.2,237.1
GLH,9/8/2021,499.8,509.0,475.0,500.0,2.04,11025.0,328.2,237.1
GLH,9/9/2021,500.0,550.0,490.2,540.0,8.0,40506.0,328.2,237.1
GLH,9/12/2021,540.0,591.6,540.0,580.1,7.43,53759.0,328.2,237.1
GLH,9/13/2021,590.0,591.0,530.0,549.0,-5.36,43457.0,328.2,237.1
GLH,9/14/2021,549.0,559.0,529.0,540.0,-1.64,17375.0,328.2,237.1
GLH,9/15/2021,530.0,550.8,517.0,528.0,-2.22,15074.0,328.2,237.1
GLH,9/16/2021,525.0,538.5,490.0,499.0,-5.49,21293.0,328.2,237.1
GLH,9/20/2021,490.0,490.0,450.0,450.0,-9.82,18913.0,328.2,237.1
GLH,9/21/2021,445.1,469.0,414.0,455.0,1.11,19151.0,328.2,237.1
GLH,9/22/2021,464.0,498.0,457.0,498.0,9.45,10880.0,328.2,237.1
GLH,9/23/2021,507.9,507.9,470.7,478.0,-4.02,18653.0,328.2,237.1
GLH,9/26/2021,478.0,478.0,433.0,449.0,-6.07,16566.0,328.2,237.1
GLH,9/27/2021,441.0,458.7,423.0,438.0,-2.45,18875.0,328.2,237.1
GLH,9/28/2021,429.3,443.0,396.0,422.0,-3.65,17691.0,328.2,237.1
GLH,9/29/2021,414.0,451.9,398.2,435.0,3.08,22389.0,328.2,237.1
GLH,9/30/2021,443.7,465.0,417.0,432.9,-0.48,17467.0,328.2,237.1
GLH,10/3/2021,425.1,442.2,402.9,402.9,-6.93,6915.0,328.2,237.1
GLH,10/4/2021,401.0,430.0,380.0,399.0,-0.97,17454.0,328.2,237.1
GLH,10/5/2021,391.1,410.0,391.1,408.0,2.26,5575.0,328.2,237.1
GLH,10/6/2021,415.0,431.7,399.9,418.0,2.45,9148.0,328.2,237.1
GLH,10/10/2021,418.0,418.0,392.0,400.0,-4.31,7184.0,328.2,237.1
GLH,10/11/2021,392.1,402.0,374.0,400.0,0.0,8761.0,328.2,237.1
GLH,10/17/2021,395.5,427.9,392.0,414.0,3.5,990.0,328.2,237.1
GLH,10/18/2021,405.8,422.0,388.0,391.0,-5.56,16402.0,328.2,237.1
GLH,10/19/2021,383.3,414.1,370.6,379.0,-3.07,6878.0,328.2,237.1
GLH,10/20/2021,386.5,399.9,386.4,397.5,4.88,4090.0,328.2,237.1
GLH,10/21/2021,405.4,405.4,376.0,385.0,-3.14,3837.0,328.2,237.1
GLH,10/24/2021,385.0,407.9,383.0,399.0,3.64,8461.0,328.2,237.1
GLH,10/25/2021,406.9,438.9,401.8,438.9,10.0,40883.0,328.2,237.1
GLH,10/26/2021,447.6,482.0,445.0,482.0,9.82,59683.0,328.2,237.1
GLH,10/27/2021,491.6,511.4,456.2,495.1,2.72,30510.0,328.2,237.1
GLH,10/28/2021,485.2,505.0,456.7,505.0,2.0,31290.0,328.2,237.1
GLH,10/31/2021,500.0,552.4,495.0,549.0,8.71,40952.0,328.2,237.1
GLH,11/1/2021,549.0,582.0,518.0,519.0,-5.46,27022.0,328.2,237.1
GLH,11/2/2021,515.0,548.7,505.0,540.0,4.05,21151.0,328.2,237.1
GLH,11/3/2021,540.0,550.0,518.7,520.0,-3.7,6672.0,328.2,237.1
GLH,11/8/2021,530.4,540.0,506.0,506.0,-2.69,17352.0,328.2,237.1
GLH,11/9/2021,506.0,508.0,470.5,481.0,-4.94,14060.0,328.2,237.1
GLH,11/11/2021,471.4,475.4,454.0,460.0,-4.37,8230.0,328.2,237.1
GLH,11/14/2021,460.0,487.0,451.0,468.0,1.74,6709.0,328.2,237.1
GLH,11/15/2021,458.7,496.5,451.0,480.0,2.56,7296.0,328.2,237.1
GLH,11/16/2021,484.0,513.0,479.3,495.0,3.12,7163.0,328.2,237.1
GLH,11/17/2021,485.2,524.0,485.2,495.0,0.0,8704.0,328.2,237.1
GLH,11/18/2021,485.1,494.0,476.0,481.0,-2.83,5480.0,328.2,237.1
GLH,11/21/2021,474.0,481.0,466.0,474.0,-1.46,5685.0,328.2,237.1
GLH,11/22/2021,470.0,491.0,470.0,470.2,-0.8,6065.0,328.2,237.1
GLH,11/23/2021,461.0,471.0,455.0,462.0,-1.74,6891.0,328.2,237.1
GLH,11/24/2021,455.0,487.0,444.0,480.0,3.9,9570.0,328.2,237.1
GLH,11/25/2021,471.0,480.0,462.1,472.0,-1.67,12338.0,328.2,237.1
GLH,11/28/2021,462.6,462.6,424.8,439.0,-6.99,39839.0,328.2,237.1
GLH,11/29/2021,447.7,456.6,421.4,434.0,-1.14,10990.0,328.2,237.1
GLH,11/30/2021,434.0,443.0,419.0,438.1,0.94,12939.0,328.2,237.1
GLH,12/1/2021,430.0,445.0,426.0,433.0,-1.16,15623.0,328.2,237.1
GLH,12/2/2021,425.0,430.0,412.0,422.0,-2.54,11713.0,328.2,237.1
GLH,12/5/2021,413.6,419.2,390.0,406.0,-3.79,17384.0,328.2,237.1
GLH,12/6/2021,400.0,426.0,390.0,411.0,1.23,13117.0,328.2,237.1
GLH,12/7/2021,419.2,427.5,393.0,396.0,-3.65,8787.0,328.2,237.1
GLH,12/8/2021,396.0,408.0,385.0,389.0,-1.77,6739.0,328.2,237.1
GLH,12/9/2021,381.3,396.7,373.9,391.6,0.67,3540.0,328.2,237.1
GLH,12/12/2021,380.0,385.8,374.0,378.0,-3.47,4881.0,328.2,237.1
GLH,12/13/2021,370.5,370.5,346.1,358.0,-5.29,19488.0,328.2,237.1
GLH,12/14/2021,365.0,384.0,355.0,384.0,7.26,5005.0,328.2,237.1
GLH,12/15/2021,391.0,406.5,377.0,395.0,2.86,14844.0,328.2,237.1
GLH,12/16/2021,402.0,402.0,365.0,365.0,-7.59,9240.0,328.2,237.1
GLH,12/20/2021,365.0,372.3,349.4,351.0,-3.84,5667.0,328.2,237.1
GLH,12/21/2021,358.0,380.0,351.0,380.0,8.26,5105.0,328.2,237.1
GLH,12/22/2021,387.0,409.5,373.5,408.0,7.37,13315.0,328.2,237.1
GLH,12/23/2021,416.1,416.1,392.0,405.0,-0.74,10405.0,328.2,237.1
GLH,12/26/2021,400.0,408.0,388.2,393.0,-2.96,11490.0,328.2,237.1
GLH,12/27/2021,395.0,398.0,370.0,380.0,-3.31,8073.0,328.2,237.1
GLH,12/28/2021,382.0,385.0,367.0,385.0,1.32,5685.0,328.2,237.1
GLH,12/29/2021,379.0,392.0,374.0,380.0,-1.3,7633.0,328.2,237.1
GLH,1/2/2022,372.5,398.0,372.5,398.0,4.74,12743.0,328.2,237.1
GLH,1/3/2022,400.0,400.0,383.2,394.9,-0.78,5889.0,328.2,237.1
GLH,1/4/2022,389.0,405.0,383.1,399.0,1.04,5569.0,328.2,237.1
GLH,1/5/2022,406.9,435.0,391.4,404.9,1.48,23034.0,328.2,237.1
GLH,1/6/2022,410.0,410.0,399.0,407.0,0.52,7150.0,328.2,237.1
GLH,1/9/2022,407.0,441.0,407.0,430.5,5.77,21662.0,328.2,237.1
GLH,1/10/2022,433.0,473.5,430.4,456.0,5.92,50353.0,328.2,237.1
GLH,1/11/2022,460.0,501.6,442.1,489.0,7.24,29447.0,328.2,237.1
GLH,1/12/2022,498.0,518.0,466.0,475.0,-2.86,22050.0,328.2,237.1
GLH,1/13/2022,466.0,495.0,460.0,489.0,2.95,12611.0,328.2,237.1
GLH,1/16/2022,495.2,517.0,486.1,517.0,5.73,83146.0,328.2,237.1
GLH,1/17/2022,527.3,527.3,497.0,506.4,-2.05,15253.0,328.2,237.1
GLH,1/18/2022,516.0,526.0,487.1,490.0,-3.24,33630.0,328.2,237.1
GLH,1/19/2022,481.0,500.5,476.0,490.0,0.0,18299.0,328.2,237.1
GLH,1/20/2022,480.2,500.0,470.4,498.0,1.63,7696.0,328.2,237.1
GLH,1/23/2022,498.0,511.0,488.2,501.0,0.6,35893.0,328.2,237.1
GLH,1/24/2022,510.0,510.0,462.0,470.0,-6.19,22232.0,328.2,237.1
GLH,1/25/2022,470.0,498.0,456.4,470.0,0.0,5802.0,328.2,237.1
GLH,1/26/2022,470.0,471.0,449.0,458.0,-2.55,14114.0,328.2,237.1
GLH,1/27/2022,466.0,472.0,451.0,460.0,0.44,6969.0,328.2,237.1
GLH,1/30/2022,469.2,497.7,469.2,491.6,6.87,38243.0,328.2,237.1
GLH,1/31/2022,501.4,501.4,475.5,490.7,-0.18,14664.0,328.2,237.1
GLH,2/1/2022,490.0,506.9,471.6,501.0,2.1,38881.0,328.2,237.1
GLH,2/3/2022,498.0,524.0,498.0,510.5,1.9,54463.0,328.2,237.1
GLH,2/6/2022,501.0,510.0,495.1,505.0,-1.08,16499.0,328.2,237.1
GLH,2/7/2022,501.1,508.0,495.1,502.9,-0.42,12522.0,328.2,237.1
GLH,2/8/2022,512.5,522.7,491.2,493.0,-1.97,8396.0,328.2,237.1
GLH,2/9/2022,495.0,500.0,482.0,485.0,-1.62,9615.0,328.2,237.1
GLH,2/10/2022,494.0,494.0,475.3,485.0,0.0,7746.0,328.2,237.1
GLH,2/13/2022,475.3,475.3,458.0,458.5,-5.46,7194.0,328.2,237.1
GLH,2/14/2022,458.0,474.0,452.1,458.6,0.02,5712.0,328.2,237.1
GLH,2/15/2022,467.7,486.5,449.5,485.4,5.84,11659.0,328.2,237.1
GLH,2/16/2022,486.0,486.0,468.1,475.0,-2.14,7454.0,328.2,237.1
GLH,2/17/2022,466.0,472.0,456.7,458.9,-3.39,11261.0,328.2,237.1
GLH,2/20/2022,449.8,469.0,449.6,458.0,-0.2,9301.0,328.2,237.1
GLH,2/21/2022,467.1,472.0,448.9,470.9,2.82,3413.0,328.2,237.1
GLH,2/22/2022,473.0,490.0,465.0,484.0,2.78,11682.0,328.2,237.1
GLH,2/23/2022,484.0,493.9,477.0,485.0,0.21,11560.0,328.2,237.1
GLH,2/24/2022,485.0,485.0,461.0,461.0,-4.95,6567.0,328.2,237.1
GLH,2/27/2022,454.1,472.2,452.3,464.2,0.69,6954.0,328.2,237.1
GLH,2/28/2022,473.0,475.0,451.1,458.0,-1.34,8808.0,328.2,237.1
GLH,3/2/2022,451.0,455.0,430.4,449.0,-1.97,11131.0,328.2,237.1
GLH,3/6/2022,441.0,475.0,441.0,454.0,1.11,4367.0,328.2,237.1
GLH,3/7/2022,462.5,462.5,437.0,461.0,1.54,7752.0,328.2,237.1
GLH,3/9/2022,451.8,453.0,441.0,453.0,-1.74,9044.0,328.2,237.1
GLH,3/10/2022,454.0,462.0,426.5,461.0,1.77,7004.0,328.2,237.1
GLH,3/13/2022,452.0,478.0,452.0,474.9,3.02,13369.0,328.2,237.1
GLH,3/14/2022,465.5,474.6,447.1,462.0,-2.72,773.0,328.2,237.1
GLH,3/15/2022,465.0,473.0,454.0,465.9,0.84,4317.0,328.2,237.1
GLH,3/16/2022,456.6,465.9,450.0,462.5,-0.73,3190.0,328.2,237.1
GLH,3/20/2022,464.0,464.0,449.0,459.0,-0.76,4141.0,328.2,237.1
GLH,3/21/2022,450.0,472.0,446.5,472.0,2.83,4095.0,328.2,237.1
GLH,3/22/2022,463.0,474.0,460.0,467.0,-1.06,5627.0,328.2,237.1
GLH,3/23/2022,467.0,467.0,452.3,465.0,-0.43,2900.0,328.2,237.1
GLH,3/24/2022,455.8,511.0,450.5,500.0,7.53,16731.0,328.2,237.1
GLH,3/27/2022,490.0,490.6,465.0,480.0,-4.0,12002.0,328.2,237.1
GLH,3/28/2022,470.4,480.0,456.2,459.0,-4.37,6130.0,328.2,237.1
GLH,3/29/2022,450.1,468.0,450.0,467.9,1.94,2825.0,328.2,237.1
GLH,3/30/2022,458.6,474.9,451.0,462.2,-1.22,8910.0,328.2,237.1
GLH,3/31/2022,457.0,466.2,453.0,459.0,-0.69,8174.0,328.2,237.1
GLH,4/3/2022,455.0,467.0,450.0,450.0,-1.96,3417.0,328.2,237.1
GLH,4/4/2022,442.0,451.0,435.0,449.0,-0.22,8277.0,328.2,237.1
GLH,4/5/2022,449.0,455.0,422.0,439.0,-2.23,9832.0,328.2,237.1
GLH,4/6/2022,430.3,439.0,422.0,432.0,-1.59,3168.0,328.2,237.1
GLH,4/7/2022,430.0,440.0,425.0,436.0,0.93,4860.0,328.2,237.1
GLH,4/11/2022,428.0,450.0,416.6,421.0,-3.44,6447.0,328.2,237.1
GLH,4/12/2022,412.6,429.0,402.0,420.0,-0.24,3582.0,328.2,237.1
GLH,4/13/2022,412.0,420.0,398.0,415.0,-1.19,2811.0,328.2,237.1
GLH,4/17/2022,406.7,414.0,392.0,412.0,-0.72,2945.0,328.2,237.1
GLH,4/18/2022,420.2,420.2,383.2,387.1,-6.04,4530.0,328.2,237.1
GLH,4/19/2022,394.0,401.8,372.2,401.8,3.8,3496.0,328.2,237.1
GLH,4/20/2022,397.0,400.0,380.2,397.0,-1.19,2950.0,328.2,237.1
GLH,4/21/2022,404.0,404.0,357.3,390.0,-1.76,15162.0,328.2,237.1
GLH,4/24/2022,390.0,425.0,369.0,421.0,7.95,8487.0,328.2,237.1
GLH,4/25/2022,413.0,422.0,394.0,409.0,-2.85,7562.0,328.2,237.1
GLH,4/26/2022,400.9,408.0,393.0,402.5,-1.59,2290.0,328.2,237.1
GLH,4/27/2022,395.0,410.5,383.0,410.5,1.99,5506.0,328.2,237.1
GLH,4/28/2022,402.6,420.0,397.1,408.0,-0.61,4560.0,328.2,237.1
GLH,5/2/2022,408.0,416.0,380.1,388.0,-4.9,3270.0,328.2,237.1
GLH,5/4/2022,381.0,384.0,368.5,382.0,-1.55,3290.0,328.2,237.1
GLH,5/5/2022,375.0,375.0,359.0,371.5,-2.75,3240.0,328.2,237.1
GLH,5/8/2022,364.1,385.0,350.2,385.0,3.63,3100.0,328.2,237.1
GLH,5/9/2022,380.0,392.0,365.0,392.0,1.82,4020.0,328.2,237.1
GLH,5/10/2022,392.0,404.2,381.0,404.2,3.11,4595.0,328.2,237.1
GLH,5/11/2022,396.2,417.0,387.0,415.0,2.67,6680.0,328.2,237.1
GLH,5/12/2022,423.0,423.0,394.0,408.0,-1.69,3920.0,328.2,237.1
GLH,5/17/2022,399.9,399.9,369.1,374.0,-8.33,4354.0,328.2,237.1
GLH,5/18/2022,368.0,387.6,365.0,385.0,2.94,2240.0,328.2,237.1
GLH,5/19/2022,392.0,392.0,369.5,375.0,-2.6,2770.0,328.2,237.1
GLH,5/20/2022,368.0,397.0,361.0,379.4,1.17,1726.0,328.2,237.1
GLH,5/23/2022,371.9,378.0,360.0,378.0,-0.37,2836.0,328.2,237.1
GLH,5/24/2022,370.5,385.5,363.1,378.0,0.0,1615.0,328.2,237.1
GLH,5/25/2022,371.0,399.8,371.0,375.0,-0.79,2870.0,328.2,237.1
GLH,5/26/2022,370.0,390.1,368.0,390.1,4.03,751.0,328.2,237.1
GLH,5/27/2022,382.3,391.0,375.0,382.0,-2.08,2910.0,328.2,237.1
GLH,5/30/2022,386.0,386.0,363.0,373.9,-2.12,2861.0,328.2,237.1
GLH,5/31/2022,377.0,377.0,358.1,369.8,-1.1,2163.0,328.2,237.1
GLH,6/1/2022,362.5,369.0,356.1,369.0,-0.22,1410.0,328.2,237.1
GLH,6/2/2022,368.0,368.0,361.0,366.0,-0.81,435.0,328.2,237.1
GLH,6/3/2022,359.0,368.0,355.0,367.0,0.27,4120.0,328.2,237.1
GLH,6/6/2022,360.0,373.9,356.0,367.9,0.25,2379.0,328.2,237.1
GLH,6/7/2022,361.0,361.0,350.0,356.0,-3.23,2248.0,328.2,237.1
GLH,6/8/2022,350.1,370.0,345.2,365.0,2.53,3145.0,328.2,237.1
GLH,6/9/2022,368.0,368.0,352.0,363.0,-0.55,3073.0,328.2,237.1
GLH,6/10/2022,355.8,363.0,350.0,359.0,-1.1,3111.0,328.2,237.1
GLH,6/13/2022,352.0,365.0,347.0,365.0,1.67,2370.0,328.2,237.1
GLH,6/14/2022,357.7,362.0,348.0,360.0,-1.37,2350.0,328.2,237.1
GLH,6/15/2022,352.8,352.8,333.0,350.0,-2.78,1475.0,328.2,237.1
GLH,6/16/2022,343.0,350.0,337.0,346.0,-1.14,2330.0,328.2,237.1
GLH,6/17/2022,340.0,350.0,334.0,350.0,1.16,2120.0,328.2,237.1
GLH,6/19/2022,343.0,343.0,328.4,341.8,-2.34,5064.0,328.2,237.1
GLH,6/20/2022,335.0,335.0,315.2,324.0,-5.21,2813.0,328.2,237.1
GLH,6/21/2022,317.6,330.0,305.1,325.0,0.31,5520.0,328.2,237.1
GLH,6/22/2022,329.0,329.0,305.1,319.2,-1.78,4140.0,328.2,237.1
GLH,6/23/2022,312.9,312.9,287.5,300.0,-6.02,3973.0,328.2,237.1
GLH,6/24/2022,300.0,305.0,272.4,305.0,1.67,7425.0,328.2,237.1
GLH,6/26/2022,302.0,326.9,302.0,326.9,7.18,8787.0,328.2,237.1
GLH,6/27/2022,320.5,333.0,304.0,313.0,-4.25,11372.0,328.2,237.1
GLH,6/28/2022,306.8,310.0,291.5,304.0,-2.88,4180.0,328.2,237.1
GLH,6/29/2022,298.0,307.9,287.0,306.0,0.66,3153.0,328.2,237.1
GLH,6/30/2022,307.0,334.0,307.0,324.0,5.88,6961.0,328.2,237.1
GLH,7/1/2022,317.7,330.0,317.7,327.0,0.93,6923.0,328.2,237.1
GLH,7/3/2022,320.5,339.0,314.5,331.0,1.22,9042.0,328.2,237.1
GLH,7/4/2022,330.0,348.0,310.0,311.0,-6.04,16805.0,328.2,237.1
GLH,7/5/2022,315.0,324.3,305.0,308.0,-0.96,8537.0,328.2,237.1
GLH,7/6/2022,310.0,319.8,304.0,319.8,3.83,3593.0,328.2,237.1
GLH,7/7/2022,324.0,324.0,304.0,311.0,-2.75,11548.0,328.2,237.1
GLH,7/8/2022,305.1,310.5,299.0,299.0,-3.86,1670.0,328.2,237.1
GLH,7/11/2022,294.0,299.0,283.7,283.8,-5.08,6470.0,328.2,237.1
GLH,7/12/2022,283.8,295.8,269.1,295.8,4.23,21727.0,328.2,237.1
GLH,7/13/2022,290.0,323.0,289.1,323.0,9.2,7353.0,328.2,237.1
GLH,7/14/2022,317.5,329.0,308.0,320.0,-0.93,8798.0,328.2,237.1
GLH,7/15/2022,313.6,314.0,302.0,303.0,-5.31,26260.0,328.2,237.1
GLH,7/17/2022,305.0,322.0,297.0,313.9,3.6,3285.0,328.2,237.1
GLH,7/18/2022,320.0,320.0,305.0,313.0,-0.29,1380.0,328.2,237.1
GLH,7/19/2022,311.0,320.0,305.0,311.0,-0.64,7288.0,328.2,237.1
GLH,7/20/2022,304.8,317.0,304.8,309.0,-0.64,15929.0,328.2,237.1
GLH,7/21/2022,315.0,315.0,305.5,312.0,0.97,3060.0,328.2,237.1
GLH,7/22/2022,306.1,309.0,294.0,303.0,-2.88,6767.0,328.2,237.1
GLH,7/24/2022,309.0,321.4,301.2,318.0,4.95,42033.0,328.2,237.1
GLH,7/25/2022,320.0,344.1,320.0,338.0,6.29,18764.0,328.2,237.1
GLH,7/26/2022,344.7,351.0,327.4,330.0,-2.37,51162.0,328.2,237.1
GLH,7/27/2022,323.4,363.0,323.4,356.0,7.88,21944.0,328.2,237.1
GLH,7/28/2022,363.0,377.0,338.8,357.0,0.28,20275.0,328.2,237.1
GLH,7/29/2022,350.0,355.0,342.0,349.0,-2.24,13950.0,328.2,237.1
GLH,7/31/2022,349.0,361.0,341.3,348.8,-0.06,19374.0,328.2,237.1
GLH,8/1/2022,341.9,360.0,335.0,343.7,-1.46,22442.0,328.2,237.1
GLH,8/2/2022,338.0,347.0,333.0,339.0,-1.37,17454.0,328.2,237.1
GLH,8/3/2022,339.0,357.0,335.1,341.0,0.59,19843.0,328.2,237.1
GLH,8/4/2022,335.0,360.9,331.2,337.0,-1.17,27270.0,328.2,237.1
GLH,8/5/2022,340.0,340.0,326.0,330.0,-2.08,11901.0,328.2,237.1
GLH,8/7/2022,330.0,337.0,330.0,334.0,1.21,10954.0,328.2,237.1
GLH,8/8/2022,334.0,351.9,323.6,335.0,0.3,26601.0,328.2,237.1
GLH,8/9/2022,339.0,339.0,325.0,327.0,-2.39,10999.0,328.2,237.1
GLH,8/10/2022,325.0,331.9,320.0,320.0,-2.14,5677.0,328.2,237.1
GLH,8/11/2022,313.6,344.3,313.6,315.0,-1.56,4351.0,328.2,237.1
GLH,8/14/2022,312.0,319.0,306.0,306.0,-2.86,4812.0,328.2,237.1
GLH,8/15/2022,309.0,326.0,305.5,320.0,4.58,8589.0,328.2,237.1
GLH,8/16/2022,326.0,332.5,308.7,315.0,-1.56,8710.0,328.2,237.1
GLH,8/17/2022,312.0,320.0,309.0,320.0,1.59,7965.0,328.2,237.1
GLH,8/18/2022,315.0,324.9,311.0,324.9,1.53,11564.0,328.2,237.1
GLH,8/21/2022,318.6,324.0,315.0,324.0,-0.28,5326.0,328.2,237.1
GLH,8/22/2022,318.0,319.0,312.0,316.0,-2.47,4086.0,328.2,237.1
GLH,8/23/2022,310.3,315.0,310.0,310.1,-1.87,3432.0,328.2,237.1
GLH,8/24/2022,306.0,316.0,306.0,309.0,-0.35,2568.0,328.2,237.1
GLH,8/25/2022,302.9,311.0,302.9,304.0,-1.62,5334.0,328.2,237.1
GLH,8/26/2022,304.0,304.0,295.0,297.0,-2.3,2769.0,328.2,237.1
GLH,8/28/2022,292.0,296.9,286.5,287.0,-3.37,4677.0,328.2,237.1
GLH,8/29/2022,285.0,290.0,281.1,290.0,1.05,4422.0,328.2,237.1
GLH,8/30/2022,290.0,291.0,284.4,285.0,-1.72,4696.0,328.2,237.1
GLH,8/31/2022,285.0,287.0,279.3,279.3,-2.0,3720.0,328.2,237.1
GLH,9/1/2022,274.1,284.0,274.0,280.0,0.25,4247.0,328.2,237.1
GLH,9/2/2022,277.0,285.0,277.0,284.0,1.43,2145.0,328.2,237.1
GLH,9/4/2022,282.0,290.0,282.0,286.0,0.7,2321.0,328.2,237.1
GLH,9/5/2022,281.0,303.3,281.0,289.0,1.05,7758.0,328.2,237.1
GLH,9/6/2022,283.3,287.0,276.0,286.0,-1.04,9805.0,328.2,237.1
GLH,9/7/2022,285.0,285.0,278.0,282.0,-1.4,4648.0,328.2,237.1
GLH,9/8/2022,282.0,286.8,276.4,280.3,-0.6,3475.0,328.2,237.1
GLH,9/11/2022,280.0,280.5,275.0,280.0,-0.11,4426.0,328.2,237.1
GLH,9/12/2022,274.4,279.9,269.0,279.9,-0.04,9705.0,328.2,237.1
GLH,9/13/2022,274.6,281.0,274.5,280.0,0.04,3110.0,328.2,237.1
GLH,9/14/2022,274.4,290.0,274.4,290.0,3.57,5257.0,328.2,237.1
GLH,9/15/2022,295.8,295.8,268.0,275.0,-5.17,9996.0,328.2,237.1
GLH,9/16/2022,269.5,269.5,264.2,268.0,-2.55,4573.0,328.2,237.1
GLH,9/18/2022,264.0,264.0,253.0,253.0,-5.6,4771.0,328.2,237.1
GLH,9/20/2022,250.0,252.0,240.0,249.6,-1.34,4515.0,328.2,237.1
GLH,9/21/2022,244.7,254.0,244.7,253.0,1.36,1618.0,328.2,237.1
GLH,9/22/2022,248.0,256.9,240.5,256.9,1.54,3190.0,328.2,237.1
GLH,9/25/2022,252.0,252.0,238.3,243.1,-5.37,2497.0,328.2,237.1
GLH,9/27/2022,240.0,247.0,238.1,243.1,0.0,3151.0,328.2,237.1
GLH,9/28/2022,245.0,245.0,240.0,243.9,0.33,460.0,328.2,237.1
GLH,9/29/2022,240.0,247.0,235.3,247.0,1.27,1440.0,328.2,237.1
GLH,10/9/2022,251.9,267.0,243.0,250.0,1.21,1230.0,328.2,237.1
GLH,10/10/2022,248.0,250.0,241.0,247.0,-1.2,1537.0,328.2,237.1
GLH,10/11/2022,242.1,243.0,237.3,241.0,-2.43,786.0,328.2,237.1
GLH,10/12/2022,240.0,244.0,236.5,243.9,1.2,1120.0,328.2,237.1
GLH,10/13/2022,244.5,246.0,237.5,243.0,-0.37,2045.0,328.2,237.1
GLH,10/16/2022,240.0,241.0,235.2,238.0,-2.06,4932.0,328.2,237.1
GLH,10/17/2022,234.8,238.0,230.7,235.0,-1.26,2131.0,328.2,237.1
GLH,10/19/2022,231.0,231.0,223.0,228.0,-2.98,3778.0,328.2,237.1
GLH,10/20/2022,223.7,231.0,223.7,231.0,1.32,825.0,328.2,237.1
GLH,10/23/2022,227.0,234.0,220.1,227.0,-1.73,1800.0,328.2,237.1
GLH,10/31/2022,222.6,229.0,219.0,229.0,0.88,3159.0,328.2,237.1
GLH,11/1/2022,225.0,247.6,222.0,239.0,4.37,4701.0,328.2,237.1
GLH,11/2/2022,236.0,257.0,235.0,251.9,5.4,7976.0,328.2,237.1
GLH,11/3/2022,247.0,247.0,240.1,246.0,-2.34,985.0,328.2,237.1
GLH,11/6/2022,244.0,257.0,239.2,254.0,3.25,3174.0,328.2,237.1
GLH,11/7/2022,257.0,265.0,243.0,249.0,-1.97,9449.0,328.2,237.1
GLH,11/8/2022,245.0,250.0,242.0,250.0,0.4,3525.0,328.2,237.1
GLH,11/9/2022,245.0,245.0,237.5,239.0,-4.4,2707.0,328.2,237.1
GLH,11/10/2022,235.0,238.6,228.2,237.6,-0.59,4065.0,328.2,237.1
GLH,11/13/2022,232.9,237.0,227.1,230.0,-3.2,645.0,328.2,237.1
GLH,11/14/2022,225.8,233.0,225.8,230.0,0.0,2107.0,328.2,237.1
GLH,11/15/2022,226.0,238.6,226.0,231.8,0.78,2415.0,328.2,237.1
GLH,11/16/2022,227.2,236.0,225.0,233.0,0.52,3097.0,328.2,237.1
GLH,11/17/2022,233.0,241.0,231.0,240.0,3.0,7610.0,328.2,237.1
GLH,11/22/2022,240.0,243.0,232.0,240.0,0.0,1728.0,328.2,237.1
GLH,11/23/2022,236.0,239.0,230.6,239.0,-0.42,5180.0,328.2,237.1
GLH,11/24/2022,234.3,238.0,231.1,236.0,-1.26,2030.0,328.2,237.1
GLH,11/27/2022,231.3,258.0,231.3,251.5,6.57,7082.0,328.2,237.1
GLH,11/28/2022,256.0,256.0,241.0,242.5,-3.58,4621.0,328.2,237.1
GLH,11/29/2022,240.0,245.0,235.0,240.0,-1.03,1055.0,328.2,237.1
GLH,11/30/2022,244.8,264.0,233.1,250.0,4.17,9816.0,328.2,237.1
GLH,12/1/2022,248.0,257.0,243.1,253.0,1.2,6638.0,328.2,237.1
GLH,12/4/2022,248.0,261.9,243.0,253.0,0.0,4961.0,328.2,237.1
GLH,12/5/2022,258.0,273.0,243.1,248.0,-1.98,5940.0,328.2,237.1
GLH,12/6/2022,243.3,245.0,243.3,244.0,-1.61,1560.0,328.2,237.1
GLH,12/7/2022,248.8,258.7,235.4,241.0,-1.23,3023.0,328.2,237.1
GLH,12/11/2022,236.8,244.0,233.4,240.7,-0.12,2540.0,328.2,237.1
GLH,12/12/2022,236.0,243.0,235.0,243.0,0.96,3336.0,328.2,237.1
GLH,12/13/2022,243.0,243.0,233.5,240.0,-1.23,864.0,328.2,237.1
GLH,12/14/2022,235.2,242.9,231.3,239.0,-0.42,3296.0,328.2,237.1
GLH,12/15/2022,235.0,235.0,230.0,234.0,-2.09,3390.0,328.2,237.1
GLH,12/18/2022,229.4,235.2,225.1,230.0,-1.71,6898.0,328.2,237.1
GLH,12/19/2022,226.2,232.0,225.7,231.5,0.65,11253.0,328.2,237.1
GLH,12/20/2022,228.0,234.9,227.0,231.0,-0.22,2047.0,328.2,237.1
GLH,12/21/2022,226.4,231.5,226.4,231.5,0.22,1355.0,328.2,237.1
GLH,12/22/2022,227.0,234.0,222.5,234.0,1.08,2386.0,328.2,237.1
GLH,12/26/2022,237.6,247.8,230.3,244.9,4.66,9159.0,328.2,237.1
GLH,12/27/2022,249.7,264.0,248.0,254.0,3.72,8721.0,328.2,237.1
GLH,12/28/2022,250.0,250.7,244.0,245.1,-3.5,3438.0,328.2,237.1
GLH,12/29/2022,244.0,267.0,240.0,267.0,8.94,22570.0,328.2,237.1
GLH,1/1/2023,268.0,278.0,259.7,266.0,-0.37,18120.0,328.2,237.1
GLH,1/2/2023,261.0,282.5,257.0,275.0,3.38,10984.0,328.2,237.1
GLH,1/3/2023,274.5,278.9,265.3,268.0,-2.55,9518.0,328.2,237.1
GLH,1/4/2023,265.6,293.0,265.6,282.1,5.26,12573.0,328.2,237.1
GLH,1/5/2023,285.0,293.4,276.6,287.9,2.06,20984.0,328.2,237.1
GLH,1/8/2023,290.0,305.0,278.0,299.0,3.86,43906.0,328.2,237.1
GLH,1/9/2023,295.0,328.0,293.1,321.0,7.36,34113.0,328.2,237.1
GLH,1/10/2023,322.0,331.0,298.0,304.0,-5.3,47989.0,328.2,237.1
GLH,1/12/2023,310.0,316.2,282.3,294.0,-3.29,26126.0,328.2,237.1
GLH,1/17/2023,299.8,311.0,285.3,309.0,5.1,17386.0,328.2,237.1
GLH,1/18/2023,315.0,325.3,303.9,309.0,0.0,28941.0,328.2,237.1
GLH,1/19/2023,310.0,314.9,304.0,312.0,0.97,18015.0,328.2,237.1
GLH,1/23/2023,312.0,315.0,300.0,310.0,-0.64,9731.0,328.2,237.1
GLH,1/24/2023,305.0,308.0,295.5,308.0,-0.65,9429.0,328.2,237.1
GLH,1/25/2023,303.1,338.8,303.1,338.8,10.0,252308.0,328.2,237.1
GLH,1/26/2023,345.5,370.0,345.5,355.0,4.78,68826.0,328.2,237.1
GLH,1/29/2023,347.9,356.0,335.0,337.0,-5.07,39336.0,328.2,237.1
GLH,1/30/2023,339.0,339.0,321.5,329.8,-2.14,60441.0,328.2,237.1
GLH,1/31/2023,323.4,355.0,322.0,327.0,-0.85,30579.0,328.2,237.1
GLH,2/1/2023,325.0,339.6,325.0,334.9,2.42,37581.0,328.2,237.1
GLH,2/2/2023,328.4,350.0,317.0,323.9,-3.28,28505.0,328.2,237.1
GLH,2/5/2023,318.1,336.0,315.1,320.0,-1.2,16005.0,328.2,237.1
GLH,2/6/2023,320.0,324.0,317.7,323.9,1.22,6515.0,328.2,237.1
GLH,2/7/2023,319.0,345.6,319.0,343.0,5.9,96021.0,328.2,237.1
GLH,2/8/2023,349.0,349.9,333.1,334.5,-2.48,41342.0,328.2,237.1
GLH,2/9/2023,328.0,340.9,328.0,339.0,1.35,30565.0,328.2,237.1
GLH,2/12/2023,332.3,332.3,318.0,318.0,-6.19,34811.0,328.2,237.1
GLH,2/14/2023,315.0,320.0,310.0,319.0,0.31,15203.0,328.2,237.1
GLH,2/15/2023,314.0,320.0,307.0,311.0,-2.51,13125.0,328.2,237.1
GLH,2/16/2023,306.7,313.0,299.0,303.0,-2.57,16389.0,328.2,237.1
GLH,2/20/2023,300.0,307.9,300.0,301.0,-0.66,107657.0,328.2,237.1
GLH,2/22/2023,300.0,322.0,300.0,317.9,5.61,17332.0,328.2,237.1
GLH,2/23/2023,311.7,311.7,302.2,309.5,-2.64,13237.0,328.2,237.1
GLH,2/26/2023,304.0,330.0,294.0,330.0,6.62,24345.0,328.2,237.1
GLH,2/27/2023,325.0,329.0,305.1,318.0,-3.64,22582.0,328.2,237.1
GLH,2/28/2023,323.9,324.0,312.0,320.0,0.63,6561.0,328.2,237.1
GLH,3/1/2023,314.1,314.2,305.0,305.0,-4.69,11911.0,328.2,237.1
GLH,3/2/2023,300.0,305.0,297.0,300.0,-1.64,9459.0,328.2,237.1
GLH,3/5/2023,296.1,306.0,288.0,290.0,-3.33,15400.0,328.2,237.1
GLH,3/7/2023,290.0,300.0,287.1,295.0,1.72,7101.0,328.2,237.1
GLH,3/9/2023,300.9,308.0,296.1,308.0,4.41,18416.0,328.2,237.1
GLH,3/12/2023,301.9,319.0,301.9,303.0,-1.62,22202.0,328.2,237.1
GLH,3/13/2023,298.0,305.9,296.0,298.0,-1.65,5212.0,328.2,237.1
GLH,3/14/2023,295.0,304.9,295.0,302.0,1.34,5690.0,328.2,237.1
GLH,3/15/2023,302.0,303.7,296.0,298.0,-1.32,7259.0,328.2,237.1
GLH,3/16/2023,293.6,305.0,293.6,294.0,-1.34,14104.0,328.2,237.1
GLH,3/19/2023,299.0,303.0,295.0,298.0,1.36,7948.0,328.2,237.1
GLH,3/20/2023,294.3,306.0,294.3,305.5,2.52,6264.0,328.2,237.1
GLH,3/22/2023,310.0,311.0,295.0,299.9,-1.83,15130.0,328.2,237.1
GLH,3/23/2023,294.0,304.0,290.2,298.0,-0.63,5716.0,328.2,237.1
GLH,3/26/2023,292.5,298.0,285.0,287.0,-3.69,18148.0,328.2,237.1
GLH,3/27/2023,287.0,294.7,281.4,293.0,2.09,9185.0,328.2,237.1
GLH,3/28/2023,293.0,298.0,290.1,295.0,0.68,5411.0,328.2,237.1
GLH,3/29/2023,289.1,297.8,289.1,297.8,0.95,6477.0,328.2,237.1
GLH,3/30/2023,292.1,298.0,290.1,293.0,-1.61,4171.0,328.2,237.1
GLH,4/2/2023,293.0,298.8,283.5,283.9,-3.11,8041.0,328.2,237.1
GLH,4/3/2023,281.0,283.9,277.6,282.0,-0.67,6486.0,328.2,237.1
GLH,4/4/2023,282.0,285.2,277.0,283.0,0.35,7049.0,328.2,237.1
GLH,4/5/2023,282.0,287.5,277.8,286.0,1.06,4781.0,328.2,237.1
GLH,4/6/2023,282.0,285.0,278.0,278.0,-2.8,3529.0,328.2,237.1
GLH,4/9/2023,274.0,277.0,267.1,270.0,-2.88,7188.0,328.2,237.1
GLH,4/10/2023,265.0,279.8,265.0,273.0,1.11,2888.0,328.2,237.1
GLH,4/11/2023,273.0,277.0,268.3,276.7,1.36,3525.0,328.2,237.1
GLH,4/12/2023,282.2,295.0,280.0,295.0,6.61,9664.0,328.2,237.1
GLH,4/13/2023,294.0,299.0,286.0,286.0,-3.05,13486.0,328.2,237.1
GLH,4/16/2023,283.0,287.6,277.0,283.0,-1.05,6750.0,328.2,237.1
GLH,4/17/2023,283.0,285.0,278.1,282.3,-0.25,4367.0,328.2,237.1
GLH,4/18/2023,280.0,283.0,277.2,280.0,-0.81,2462.0,328.2,237.1
GLH,4/19/2023,280.0,285.0,277.0,282.5,0.89,1990.0,328.2,237.1
GLH,4/20/2023,277.1,281.0,275.0,279.5,-1.06,3896.0,328.2,237.1
GLH,4/23/2023,277.0,290.0,272.3,277.0,-0.89,4420.0,328.2,237.1
GLH,4/24/2023,272.0,276.0,267.0,276.0,-0.36,3432.0,328.2,237.1
GLH,4/25/2023,271.2,280.0,271.2,276.0,0.0,1530.0,328.2,237.1
GLH,4/26/2023,271.0,276.0,271.0,272.0,-1.45,3203.0,328.2,237.1
GLH,4/27/2023,270.0,273.0,270.0,273.0,0.37,2252.0,328.2,237.1
GLH,4/30/2023,269.0,273.0,257.1,266.0,-2.56,5415.0,328.2,237.1
GLH,5/2/2023,263.0,266.0,261.3,261.3,-1.77,1990.0,328.2,237.1
GLH,5/3/2023,260.0,262.0,255.0,260.0,-0.5,5349.0,328.2,237.1
GLH,5/4/2023,255.1,276.7,255.1,275.0,5.77,3860.0,328.2,237.1
GLH,5/7/2023,275.0,275.0,260.0,264.9,-3.67,4907.0,328.2,237.1
GLH,5/8/2023,264.9,264.9,255.3,259.0,-2.23,5475.0,328.2,237.1
GLH,5/9/2023,256.0,269.0,256.0,263.9,1.89,3031.0,328.2,237.1
GLH,5/10/2023,261.0,264.1,258.2,260.0,-1.48,3170.0,328.2,237.1
GLH,5/11/2023,256.5,258.1,255.1,258.0,-0.77,1220.0,328.2,237.1
GLH,5/14/2023,262.0,263.1,250.1,253.0,-1.94,5230.0,328.2,237.1
GLH,5/15/2023,248.0,258.0,243.1,257.5,1.78,3635.0,328.2,237.1
GLH,5/16/2023,252.4,259.5,248.1,257.9,0.16,6615.0,328.2,237.1
GLH,5/17/2023,254.0,283.0,254.0,283.0,9.73,7795.0,328.2,237.1
GLH,5/18/2023,288.6,300.0,271.8,300.0,6.01,17066.0,328.2,237.1
GLH,5/21/2023,295.0,312.0,281.3,312.0,4.0,30082.0,328.2,237.1
GLH,5/22/2023,318.0,318.0,285.0,289.0,-7.37,47409.0,328.2,237.1
GLH,5/23/2023,294.7,295.0,285.0,290.0,0.35,18798.0,328.2,237.1
GLH,5/24/2023,284.4,293.0,284.4,286.9,-1.07,9506.0,328.2,237.1
GLH,5/28/2023,281.5,291.0,275.0,275.0,-4.15,18261.0,328.2,237.1
GLH,5/30/2023,271.8,275.0,256.0,263.5,-4.18,12118.0,328.2,237.1
GLH,5/31/2023,258.3,272.3,258.3,259.2,-1.63,11375.0,328.2,237.1
GLH,6/1/2023,264.3,269.0,254.1,268.8,3.7,12365.0,328.2,237.1
GLH,6/4/2023,274.1,290.0,264.0,276.0,2.68,5910.0,328.2,237.1
GLH,6/5/2023,278.0,280.0,262.0,274.2,-0.65,17647.0,328.2,237.1
GLH,6/6/2023,278.0,278.0,264.0,274.0,-0.07,10383.0,328.2,237.1
GLH,6/7/2023,277.4,282.9,270.0,272.0,-0.73,11636.0,328.2,237.1
GLH,6/8/2023,275.9,276.0,267.0,273.9,0.7,5925.0,328.2,237.1
GLH,6/11/2023,273.0,285.0,273.0,285.0,4.05,19492.0,328.2,237.1
GLH,6/12/2023,280.0,290.0,278.2,283.0,-0.7,11334.0,328.2,237.1
GLH,6/13/2023,277.4,290.0,277.4,288.0,1.77,9929.0,328.2,237.1
GLH,6/14/2023,283.1,293.7,283.1,287.0,-0.35,18065.0,328.2,237.1
GLH,6/15/2023,281.4,285.0,275.8,283.0,-1.39,11746.0,328.2,237.1
GLH,6/18/2023,287.0,287.0,277.1,285.0,0.71,12803.0,328.2,237.1
GLH,6/19/2023,288.9,288.9,279.0,281.9,-1.09,8319.0,328.2,237.1
GLH,6/20/2023,276.3,283.7,275.0,277.4,-1.6,9221.0,328.2,237.1
GLH,6/21/2023,281.0,281.0,268.0,270.9,-2.34,7465.0,328.2,237.1
GLH,6/22/2023,274.5,274.5,261.7,264.0,-2.55,9831.0,328.2,237.1
GLH,6/25/2023,265.0,269.0,256.0,268.0,1.52,18650.0,328.2,237.1
GLH,6/26/2023,263.0,272.0,256.5,257.0,-4.1,27042.0,328.2,237.1
GLH,6/27/2023,262.0,277.2,258.0,270.0,5.06,19303.0,328.2,237.1
GLH,6/28/2023,265.0,274.0,262.0,264.9,-1.89,12153.0,328.2,237.1
GLH,7/2/2023,260.1,266.0,253.0,253.0,-4.49,24898.0,328.2,237.1
GLH,7/3/2023,249.0,260.1,247.5,251.0,-0.79,15145.0,328.2,237.1
GLH,7/4/2023,252.0,260.0,249.4,257.0,2.39,7201.0,328.2,237.1
GLH,7/5/2023,255.0,258.0,244.0,250.0,-2.72,11735.0,328.2,237.1
GLH,7/6/2023,254.0,254.0,242.1,242.2,-3.12,13878.0,328.2,237.1
GLH,7/9/2023,246.0,256.0,243.0,255.0,5.28,11928.0,328.2,237.1
GLH,7/10/2023,249.9,253.0,247.1,250.0,-1.96,5495.0,328.2,237.1
GLH,7/11/2023,250.0,250.0,243.1,249.5,-0.2,7348.0,328.2,237.1
GLH,7/12/2023,245.0,269.7,245.0,267.2,7.09,30031.0,328.2,237.1
GLH,7/13/2023,267.2,280.5,255.8,260.0,-2.69,79148.0,328.2,237.1
GLH,7/16/2023,263.0,265.2,255.4,255.5,-1.73,3780.0,328.2,237.1
GLH,7/17/2023,255.0,263.0,255.0,263.0,2.94,7501.0,328.2,237.1
GLH,7/18/2023,260.0,265.0,258.0,263.0,0.0,20525.0,328.2,237.1
GLH,7/19/2023,258.0,266.9,253.4,260.0,-1.14,8451.0,328.2,237.1
GLH,7/20/2023,256.2,267.2,256.2,265.0,1.92,20016.0,328.2,237.1
GLH,7/23/2023,260.0,269.1,260.0,269.0,1.51,9109.0,328.2,237.1
GLH,7/24/2023,272.0,272.0,261.5,265.5,-1.3,13749.0,328.2,237.1
GLH,7/25/2023,261.0,263.0,260.5,262.0,-1.32,3482.0,328.2,237.1
GLH,7/26/2023,257.0,264.1,255.0,263.0,0.38,6008.0,328.2,237.1
GLH,7/27/2023,258.0,263.2,255.0,256.9,-2.32,6041.0,328.2,237.1
GLH,7/30/2023,253.0,257.0,249.0,252.0,-1.91,4137.0,328.2,237.1
GLH,7/31/2023,250.1,256.0,245.1,250.9,-0.44,8645.0,328.2,237.1
GLH,8/1/2023,245.9,252.0,237.5,246.0,-1.95,21246.0,328.2,237.1
GLH,8/2/2023,242.1,247.4,240.0,247.4,0.57,4637.0,328.2,237.1
GLH,8/3/2023,246.0,248.0,236.3,246.0,-0.57,10740.0,328.2,237.1
GLH,8/6/2023,243.0,249.0,234.0,236.5,-3.86,3222.0,328.2,237.1
GLH,8/7/2023,232.1,245.9,232.1,244.0,3.17,5052.0,328.2,237.1
GLH,8/8/2023,239.2,241.7,235.0,240.0,-1.64,4705.0,328.2,237.1
GLH,8/9/2023,235.2,244.8,231.0,244.8,2.0,7020.0,328.2,237.1
GLH,8/10/2023,243.5,246.0,238.5,243.9,-0.37,8000.0,328.2,237.1
GLH,8/13/2023,239.1,253.6,235.0,238.2,-2.34,8499.0,328.2,237.1
GLH,8/14/2023,233.7,242.6,233.7,241.0,1.18,5220.0,328.2,237.1
GLH,8/15/2023,236.2,237.1,231.8,236.0,-2.07,5587.0,328.2,237.1
GLH,8/16/2023,231.4,231.4,225.1,225.2,-4.58,6290.0,328.2,237.1
GLH,8/17/2023,228.0,229.5,224.1,229.5,1.91,1965.0,328.2,237.1
GLH,8/20/2023,225.0,232.0,217.0,224.0,-2.4,7006.0,328.2,237.1
GLH,8/21/2023,219.6,226.0,215.5,221.0,-1.34,3639.0,328.2,237.1
GLH,8/22/2023,216.7,224.4,213.0,224.4,1.54,3220.0,328.2,237.1
GLH,8/23/2023,220.0,230.0,217.2,230.0,2.5,5050.0,328.2,237.1
GLH,8/24/2023,230.0,232.0,220.0,230.0,0.0,2870.0,328.2,237.1
GLH,8/27/2023,225.4,226.4,218.5,222.0,-3.48,1505.0,328.2,237.1
GLH,8/28/2023,218.0,222.0,217.0,221.3,-0.32,1870.0,328.2,237.1
GLH,8/29/2023,218.0,222.0,217.0,220.0,-0.59,1240.0,328.2,237.1
GLH,8/30/2023,219.0,220.0,215.0,219.9,-0.05,4050.0,328.2,237.1
GLH,9/3/2023,215.6,215.6,210.0,212.5,-3.37,3790.0,328.2,237.1
GLH,9/4/2023,212.5,215.0,210.0,215.0,1.18,2850.0,328.2,237.1
GLH,9/5/2023,211.0,212.0,211.0,211.1,-1.81,640.0,328.2,237.1
GLH,9/7/2023,206.9,214.0,203.0,205.0,-2.89,1390.0,328.2,237.1
GLH,9/10/2023,201.0,207.0,201.0,207.0,0.98,2250.0,328.2,237.1
GLH,9/11/2023,204.0,214.0,204.0,212.9,2.85,4190.0,328.2,237.1
GLH,9/12/2023,210.0,212.7,207.1,212.7,-0.09,2593.0,328.2,237.1
GLH,9/13/2023,208.5,216.9,205.1,216.9,1.97,2324.0,328.2,237.1
GLH,9/17/2023,212.6,216.0,203.8,215.0,-0.88,5250.0,328.2,237.1
GLH,9/18/2023,212.0,215.0,209.8,215.0,0.0,1060.0,328.2,237.1
GLH,9/19/2023,210.7,230.0,210.0,229.0,6.51,15757.0,328.2,237.1
GLH,9/21/2023,232.0,251.7,232.0,245.0,6.99,30571.0,328.2,237.1
GLH,9/24/2023,240.1,244.0,232.0,240.0,-2.04,10022.0,328.2,237.1
GLH,9/25/2023,236.1,239.6,232.1,239.6,-0.17,5252.0,328.2,237.1
GLH,9/26/2023,236.1,247.8,236.1,243.5,1.63,7770.0,328.2,237.1
GLH,9/27/2023,247.9,247.9,227.0,232.0,-4.72,9481.0,328.2,237.1
GLH,10/1/2023,228.0,229.5,220.1,229.5,-1.08,5951.0,328.2,237.1
GLH,10/2/2023,226.0,229.5,218.2,229.5,0.0,3475.0,328.2,237.1
GLH,10/3/2023,225.0,228.0,218.0,225.0,-1.96,1999.0,328.2,237.1
GLH,10/4/2023,221.0,232.0,221.0,228.0,1.33,3897.0,328.2,237.1
GLH,10/5/2023,223.5,229.0,220.8,225.0,-1.32,3045.0,328.2,237.1
GLH,10/8/2023,220.5,229.0,219.0,221.4,-1.6,4204.0,328.2,237.1
GLH,10/9/2023,217.0,225.8,216.0,220.0,-0.63,3650.0,328.2,237.1
GLH,10/10/2023,216.1,224.4,212.0,213.0,-3.18,6680.0,328.2,237.1
GLH,10/11/2023,213.0,223.5,211.1,216.0,1.41,3970.0,328.2,237.1
GLH,10/12/2023,211.7,216.2,209.0,212.0,-1.85,1775.0,328.2,237.1
GLH,10/16/2023,208.1,210.0,205.2,210.0,-0.94,1737.0,328.2,237.1
GLH,10/17/2023,214.2,220.9,208.0,213.0,1.43,3980.0,328.2,237.1
GLH,10/18/2023,216.0,216.0,210.0,216.0,1.41,2840.0,328.2,237.1
GLH,10/19/2023,213.0,216.0,213.0,216.0,0.0,1775.0,328.2,237.1
GLH,10/29/2023,212.0,216.0,206.0,216.0,0.0,1426.0,328.2,237.1
GLH,10/30/2023,212.0,215.7,207.9,214.9,-0.51,1479.0,328.2,237.1
GLH,10/31/2023,210.7,211.9,207.2,211.9,-1.4,1075.0,328.2,237.1
GLH,11/1/2023,207.7,213.4,205.0,206.0,-2.78,1690.0,328.2,237.1
GLH,11/2/2023,204.0,210.0,202.1,205.0,-0.49,2028.0,328.2,237.1
GLH,11/5/2023,201.1,206.0,199.0,203.9,-0.54,2250.0,328.2,237.1
GLH,11/6/2023,200.3,207.0,200.3,207.0,1.52,1210.0,328.2,237.1
GLH,11/7/2023,207.0,211.0,201.0,205.0,-0.97,1010.0,328.2,237.1
GLH,11/8/2023,201.0,207.8,201.0,207.0,0.98,350.0,328.2,237.1
GLH,11/9/2023,203.0,208.8,203.0,203.0,-1.93,2469.0,328.2,237.1
GLH,11/20/2023,207.0,211.0,203.1,204.0,0.49,775.0,328.2,237.1
GLH,11/21/2023,202.1,202.4,197.2,198.0,-2.94,450.0,328.2,237.1
GLH,11/22/2023,194.6,205.9,194.6,204.7,3.38,1414.0,328.2,237.1
GLH,11/23/2023,200.7,208.8,200.7,205.0,0.15,3355.0,328.2,237.1
GLH,11/26/2023,202.0,216.0,202.0,214.8,4.78,3486.0,328.2,237.1
GLH,11/27/2023,211.0,216.0,208.1,210.0,-2.23,4055.0,328.2,237.1
GLH,11/28/2023,210.0,212.1,207.6,212.0,0.95,4010.0,328.2,237.1
GLH,11/29/2023,210.0,216.0,207.9,207.9,-1.93,1580.0,328.2,237.1
GLH,11/30/2023,203.8,208.0,203.8,204.4,-1.68,2390.0,328.2,237.1
GLH,12/3/2023,200.4,205.0,200.4,204.9,0.24,1060.0,328.2,237.1
GLH,12/4/2023,201.0,210.0,200.1,205.0,0.05,4586.0,328.2,237.1
GLH,12/5/2023,201.2,205.2,200.0,202.2,-1.37,3201.0,328.2,237.1
GLH,12/6/2023,204.5,204.5,199.5,202.9,0.35,3785.0,328.2,237.1
GLH,12/7/2023,200.0,206.0,200.0,203.0,0.05,2899.0,328.2,237.1
GLH,12/10/2023,207.0,218.4,207.0,218.0,7.39,1440.0,328.2,237.1
GLH,12/11/2023,218.0,218.8,209.5,216.0,-0.92,10675.0,328.2,237.1
GLH,12/12/2023,212.0,232.0,212.0,231.9,7.36,9157.0,328.2,237.1
GLH,12/13/2023,228.0,235.1,227.1,229.0,-1.25,20061.0,328.2,237.1
GLH,12/14/2023,225.0,240.5,225.0,238.0,3.93,13551.0,328.2,237.1
GLH,12/17/2023,233.3,250.0,229.0,249.2,4.71,12752.0,328.2,237.1
GLH,12/18/2023,244.3,255.1,235.2,242.8,-2.57,23772.0,328.2,237.1
GLH,12/19/2023,247.6,247.6,231.2,241.0,-0.74,15448.0,328.2,237.1
GLH,12/20/2023,244.0,265.1,240.0,259.9,7.84,35219.0,328.2,237.1
GLH,12/21/2023,260.0,267.5,248.0,250.0,-3.81,48042.0,328.2,237.1
GLH,12/24/2023,246.0,255.0,242.0,246.0,-1.6,13100.0,328.2,237.1
GLH,12/27/2023,242.0,255.4,241.1,244.0,-0.81,29350.0,328.2,237.1
GLH,12/28/2023,245.0,253.9,240.1,241.1,-1.19,16782.0,328.2,237.1
GLH,1/1/2024,237.4,246.8,233.5,234.3,-2.82,10009.0,328.2,237.1
GLH,1/2/2024,238.9,243.6,227.0,227.0,-3.12,7585.0,328.2,237.1
GLH,1/3/2024,222.5,234.0,222.5,233.9,3.04,10881.0,328.2,237.1
GLH,1/4/2024,234.0,257.2,234.0,251.0,7.31,90238.0,328.2,237.1
GLH,1/7/2024,256.0,266.0,251.0,254.0,1.2,51026.0,328.2,237.1
GLH,1/8/2024,259.0,264.1,250.0,259.5,2.17,40098.0,328.2,237.1
GLH,1/9/2024,260.0,268.0,254.2,257.9,-0.62,31122.0,328.2,237.1
GLH,1/10/2024,252.8,259.9,250.0,250.9,-2.71,14012.0,328.2,237.1
GLH,1/11/2024,246.1,258.9,246.1,255.0,1.63,20417.0,328.2,237.1
GLH,1/14/2024,260.0,271.9,256.8,267.5,4.9,59527.0,328.2,237.1
GLH,1/16/2024,262.4,289.0,256.0,277.0,3.55,123693.0,328.2,237.1
GLH,1/17/2024,279.0,280.0,257.0,261.9,-5.45,35214.0,328.2,237.1
GLH,1/18/2024,256.7,265.0,252.0,261.0,-0.34,20352.0,328.2,237.1
GLH,1/21/2024,257.0,265.3,246.0,252.0,-3.45,59976.0,328.2,237.1
GLH,1/22/2024,247.0,257.0,244.0,245.0,-2.78,19806.0,328.2,237.1
GLH,1/23/2024,245.0,249.0,240.0,243.7,-0.53,22574.0,328.2,237.1
GLH,1/24/2024,242.0,249.0,241.1,246.5,1.15,18358.0,328.2,237.1
GLH,1/25/2024,246.0,250.0,242.0,243.0,-1.42,11017.0,328.2,237.1
GLH,1/28/2024,243.0,245.0,235.2,245.0,0.82,16546.0,328.2,237.1
GLH,1/29/2024,248.6,255.1,248.6,252.8,3.18,58180.0,328.2,237.1
GLH,1/30/2024,257.8,275.9,252.9,273.0,7.99,88776.0,328.2,237.1
GLH,1/31/2024,277.0,278.4,258.1,262.0,-4.03,32831.0,328.2,237.1
GLH,2/1/2024,258.0,262.0,250.0,251.0,-4.2,18467.0,328.2,237.1
GLH,2/4/2024,246.0,252.0,245.1,247.0,-1.59,13115.0,328.2,237.1
GLH,2/5/2024,251.0,251.9,246.0,249.5,1.01,7712.0,328.2,237.1
GLH,2/6/2024,246.9,251.0,246.9,250.0,0.2,13109.0,328.2,237.1
GLH,2/7/2024,246.0,254.9,246.0,251.5,0.6,11972.0,328.2,237.1
GLH,2/8/2024,251.0,258.0,250.0,253.5,0.8,18348.0,328.2,237.1
GLH,2/11/2024,253.0,265.0,249.7,251.3,-0.87,25803.0,328.2,237.1
GLH,2/12/2024,251.3,256.9,249.1,256.0,1.87,21508.0,328.2,237.1
GLH,2/13/2024,252.1,254.4,246.7,250.0,-2.34,24264.0,328.2,237.1
GLH,2/14/2024,246.0,250.9,243.0,244.3,-2.28,18836.0,328.2,237.1
GLH,2/15/2024,244.0,248.0,238.0,238.4,-2.42,33523.0,328.2,237.1
GLH,2/18/2024,235.0,251.0,234.0,243.0,1.93,25626.0,328.2,237.1
GLH,2/20/2024,247.8,247.8,218.7,218.7,-10.0,190039.0,328.2,237.1
GLH,2/21/2024,214.4,228.4,202.0,224.0,2.42,114609.0,328.2,237.1
GLH,2/22/2024,226.5,226.9,218.0,219.8,-1.87,24585.0,328.2,237.1
GLH,2/25/2024,219.0,219.0,208.2,212.0,-3.55,42775.0,328.2,237.1
GLH,2/26/2024,211.0,218.0,202.6,210.0,-0.94,46863.0,328.2,237.1
GLH,2/27/2024,213.0,217.0,207.7,212.0,0.95,19202.0,328.2,237.1
GLH,2/28/2024,208.5,214.0,208.2,211.8,-0.09,14399.0,328.2,237.1
GLH,2/29/2024,211.0,212.0,204.1,204.1,-3.64,28237.0,328.2,237.1
GLH,3/3/2024,205.0,213.0,203.8,209.8,2.79,29315.0,328.2,237.1
GLH,3/4/2024,213.0,228.4,212.9,228.0,8.67,3840.0,328.2,237.1
GLH,3/5/2024,228.0,231.8,212.0,213.2,-6.49,50820.0,328.2,237.1
GLH,3/6/2024,217.4,220.0,210.2,213.0,-0.09,50991.0,328.2,237.1
GLH,3/7/2024,217.0,220.0,211.0,211.0,-0.94,17802.0,328.2,237.1
GLH,3/10/2024,215.0,219.3,211.0,214.0,1.42,25869.0,328.2,237.1
GLH,3/12/2024,218.2,226.0,211.0,217.6,1.68,37201.0,328.2,237.1
GLH,3/13/2024,220.0,236.0,215.8,232.0,6.62,133348.0,328.2,237.1
GLH,3/14/2024,232.0,240.0,229.2,234.0,0.86,66742.0,328.2,237.1
GLH,3/17/2024,230.0,234.0,226.0,227.0,-2.99,24391.0,328.2,237.1
GLH,3/18/2024,222.6,236.0,222.6,228.0,0.44,14602.0,328.2,237.1
GLH,3/19/2024,228.0,232.0,222.0,222.3,-2.5,33460.0,328.2,237.1
GLH,3/20/2024,222.0,227.0,219.0,225.9,1.62,28159.0,328.2,237.1
GLH,3/21/2024,222.1,248.4,222.1,225.0,-0.4,120367.0,328.2,237.1
GLH,3/25/2024,225.0,225.0,217.0,219.0,-2.67,19989.0,328.2,237.1
GLH,3/26/2024,222.0,224.5,217.0,219.0,0.0,23323.0,328.2,237.1
GLH,3/27/2024,222.0,225.0,217.0,218.0,-0.46,11689.0,328.2,237.1
GLH,3/28/2024,214.6,220.0,214.6,218.0,0.0,9911.0,328.2,237.1
GLH,3/31/2024,215.0,224.3,215.0,219.0,0.46,26566.0,328.2,237.1
GLH,4/1/2024,215.0,223.2,215.0,217.6,-0.64,15195.0,328.2,237.1
GLH,4/2/2024,214.0,222.0,214.0,216.9,-0.32,10200.0,328.2,237.1
GLH,4/3/2024,214.1,218.0,212.0,215.8,-0.51,19117.0,328.2,237.1
GLH,4/4/2024,219.0,219.0,212.0,216.0,0.09,13118.0,328.2,237.1
GLH,4/7/2024,216.1,217.0,212.0,213.7,-1.06,11721.0,328.2,237.1
GLH,4/9/2024,210.5,217.0,210.5,213.0,-0.33,30570.0,328.2,237.1
GLH,4/10/2024,217.0,221.5,212.0,212.0,-0.47,28664.0,328.2,237.1
GLH,4/14/2024,210.0,215.0,210.0,212.5,0.24,22198.0,328.2,237.1
GLH,4/15/2024,210.0,212.5,206.0,210.1,-1.13,36554.0,328.2,237.1
GLH,4/16/2024,210.0,212.5,206.8,209.0,-0.52,13269.0,328.2,237.1
GLH,4/18/2024,206.8,213.0,205.1,205.1,-1.87,12213.0,328.2,237.1
GLH,4/21/2024,204.0,209.2,201.1,208.5,1.66,12694.0,328.2,237.1
GLH,4/22/2024,210.0,212.0,205.0,206.0,-1.2,7385.0,328.2,237.1
GLH,4/24/2024,206.0,209.0,204.0,206.0,0.0,6222.0,328.2,237.1
GLH,4/25/2024,206.0,209.0,202.3,208.0,0.97,22200.0,328.2,237.1
GLH,4/28/2024,204.0,208.0,203.9,203.9,-1.97,15743.0,328.2,237.1
GLH,4/29/2024,204.0,215.0,198.0,202.0,-0.93,103821.0,328.2,237.1
GLH,4/30/2024,205.0,212.0,201.8,209.8,3.86,21177.0,328.2,237.1
GLH,5/2/2024,213.0,213.0,201.9,205.0,-2.29,10982.0,328.2,237.1
GLH,5/5/2024,205.0,208.0,201.0,201.0,-1.95,19622.0,328.2,237.1
GLH,5/6/2024,201.0,205.0,201.0,201.2,0.1,8889.0,328.2,237.1
GLH,5/7/2024,199.0,213.9,198.0,204.0,1.39,16673.0,328.2,237.1
GLH,5/8/2024,202.0,205.0,201.0,203.0,-0.49,8812.0,328.2,237.1
GLH,5/9/2024,199.9,205.0,199.9,203.0,0.0,11249.0,328.2,237.1
GLH,5/12/2024,199.0,205.0,199.0,204.0,0.49,7026.0,328.2,237.1
GLH,5/13/2024,200.0,207.0,200.0,200.0,-1.96,14121.0,328.2,237.1
GLH,5/14/2024,200.0,210.0,200.0,210.0,5.0,15569.0,328.2,237.1
GLH,5/15/2024,206.1,210.6,205.0,205.0,-2.38,19025.0,328.2,237.1
GLH,5/16/2024,202.0,207.0,202.0,205.0,0.0,4870.0,328.2,237.1
GLH,5/19/2024,208.0,208.8,205.0,207.0,0.98,14582.0,328.2,237.1
GLH,5/20/2024,207.0,213.0,207.0,207.0,0.0,19457.0,328.2,237.1
GLH,5/21/2024,208.0,218.3,207.1,212.0,2.42,20117.0,328.2,237.1
GLH,5/22/2024,210.0,216.0,209.1,210.0,-0.94,20421.0,328.2,237.1
GLH,5/26/2024,214.2,214.2,208.0,211.7,0.81,10361.0,328.2,237.1
GLH,5/27/2024,209.0,213.0,208.0,211.4,-0.14,19216.0,328.2,237.1
GLH,5/29/2024,211.0,215.0,202.9,209.0,-1.14,18558.0,328.2,237.1
GLH,5/30/2024,207.0,210.0,202.0,204.0,-2.39,25781.0,328.2,237.1
GLH,6/2/2024,208.0,212.1,200.0,201.0,-1.47,23614.0,328.2,237.1
GLH,6/3/2024,205.0,205.0,202.0,202.2,0.6,14206.0,328.2,237.1
GLH,6/4/2024,204.0,206.0,201.0,203.9,0.84,19478.0,328.2,237.1
GLH,6/5/2024,201.1,204.0,200.3,201.0,-1.42,10229.0,328.2,237.1
GLH,6/6/2024,204.0,205.0,200.0,202.9,0.95,17472.0,328.2,237.1
GLH,6/9/2024,204.9,204.9,200.0,202.0,-0.44,16184.0,328.2,237.1
GLH,6/10/2024,206.0,206.0,200.5,201.7,-0.15,12870.0,328.2,237.1
GLH,6/11/2024,205.0,211.2,203.1,211.2,4.71,24039.0,328.2,237.1
GLH,6/12/2024,209.0,232.3,196.0,232.3,9.99,951207.0,328.2,237.1
GLH,6/13/2024,236.9,250.9,231.6,233.0,0.3,152838.0,328.2,237.1
GLH,6/16/2024,237.6,237.6,217.8,221.9,-4.76,262919.0,328.2,237.1
GLH,6/18/2024,221.9,222.2,213.2,216.0,-2.66,100750.0,328.2,237.1
GLH,6/19/2024,220.3,224.3,215.0,219.3,1.53,130346.0,328.2,237.1
GLH,6/20/2024,219.0,223.3,216.0,218.7,-0.27,77751.0,328.2,237.1
GLH,6/23/2024,219.9,219.9,211.0,215.0,-1.69,72567.0,328.2,237.1
GLH,6/24/2024,219.3,219.3,209.0,212.1,-1.35,71223.0,328.2,237.1
GLH,6/25/2024,216.0,218.0,211.2,214.5,1.13,47594.0,328.2,237.1
GLH,6/26/2024,211.0,214.0,209.0,213.0,-0.7,30579.0,328.2,237.1
GLH,6/27/2024,215.1,215.1,207.1,208.1,-2.3,36991.0,328.2,237.1
GLH,6/30/2024,211.0,211.0,205.7,205.8,-1.11,40959.0,328.2,237.1
GLH,7/1/2024,208.0,211.3,205.0,206.0,0.1,29656.0,328.2,237.1
GLH,7/2/2024,210.1,223.3,208.8,211.4,2.62,55338.0,328.2,237.1
GLH,7/3/2024,215.6,215.6,207.2,209.0,-1.14,30659.0,328.2,237.1
GLH,7/4/2024,210.0,215.2,209.5,215.0,2.87,48542.0,328.2,237.1
GLH,7/7/2024,217.0,217.0,212.9,213.7,-0.6,25917.0,328.2,237.1
GLH,7/8/2024,215.0,215.0,210.0,211.0,-1.26,34092.0,328.2,237.1
GLH,7/9/2024,207.6,214.1,207.6,208.5,-1.18,32449.0,328.2,237.1
GLH,7/10/2024,211.6,216.0,211.0,211.5,1.44,38355.0,328.2,237.1
GLH,7/11/2024,210.1,215.0,210.0,214.0,1.18,52865.0,328.2,237.1
GLH,7/14/2024,218.2,226.0,216.2,221.0,3.27,79162.0,328.2,237.1
GLH,7/15/2024,225.4,229.9,216.0,216.1,-2.22,107894.0,328.2,237.1
GLH,7/16/2024,220.3,236.0,219.0,233.9,8.24,188228.0,328.2,237.1
GLH,7/17/2024,238.0,247.0,233.1,242.0,3.46,154213.0,328.2,237.1
GLH,7/18/2024,246.8,246.8,235.3,237.0,-2.07,117855.0,328.2,237.1
GLH,7/21/2024,238.0,254.0,233.0,242.5,2.32,137456.0,328.2,237.1
GLH,7/22/2024,247.0,251.3,236.0,250.0,3.09,230164.0,328.2,237.1
GLH,7/23/2024,247.0,265.0,246.2,263.9,5.56,184723.0,328.2,237.1
GLH,7/24/2024,263.9,269.1,249.2,255.0,-3.37,156075.0,328.2,237.1
GLH,7/25/2024,250.1,258.9,249.0,250.7,-1.69,133515.0,328.2,237.1
GLH,7/28/2024,255.7,265.9,248.1,253.0,0.92,135478.0,328.2,237.1
GLH,7/29/2024,258.0,258.0,245.5,247.0,-2.37,182163.0,328.2,237.1
GLH,7/30/2024,247.0,270.0,246.0,269.0,8.91,359267.0,328.2,237.1
GLH,7/31/2024,274.3,290.0,270.0,277.2,3.05,232070.0,328.2,237.1
GLH,8/1/2024,282.7,283.4,267.0,270.0,-2.6,175897.0,328.2,237.1
GLH,8/5/2024,270.0,289.6,265.0,285.0,5.56,356411.0,328.2,237.1
GLH,8/6/2024,279.3,297.0,271.1,271.1,-4.88,379407.0,328.2,237.1
GLH,8/7/2024,276.0,287.0,271.2,285.4,5.27,160551.0,328.2,237.1
GLH,8/8/2024,285.4,295.3,281.1,283.0,-0.84,125465.0,328.2,237.1
GLH,8/11/2024,286.0,304.0,279.5,303.9,7.39,291236.0,328.2,237.1
GLH,8/12/2024,303.9,317.0,296.0,316.0,3.98,229482.0,328.2,237.1
GLH,8/13/2024,320.0,321.2,296.0,306.0,-3.16,188644.0,328.2,237.1
GLH,8/14/2024,306.0,318.0,298.0,315.0,2.94,139497.0,328.2,237.1
GLH,8/15/2024,321.0,336.0,316.0,319.0,1.27,213338.0,328.2,237.1
GLH,8/18/2024,319.0,320.0,299.0,299.0,-6.27,168903.0,328.2,237.1
GLH,8/21/2024,301.0,311.0,292.3,300.0,0.33,123897.0,328.2,237.1
GLH,8/22/2024,302.0,311.0,299.0,304.0,1.33,94255.0,328.2,237.1
GLH,8/25/2024,304.0,304.0,285.0,286.0,-5.92,101600.0,328.2,237.1
GLH,8/27/2024,286.0,291.7,271.0,275.0,-3.85,101519.0,328.2,237.1
GLH,8/28/2024,276.0,287.5,270.0,271.1,-1.42,71846.0,328.2,237.1
GLH,8/29/2024,266.0,280.0,266.0,275.0,1.44,59835.0,328.2,237.1
GLH,9/1/2024,278.0,289.0,270.0,272.0,-1.09,52881.0,328.2,237.1
GLH,9/2/2024,277.4,293.0,272.0,285.0,4.78,73367.0,328.2,237.1
GLH,9/3/2024,285.0,294.7,284.2,286.0,0.35,63214.0,328.2,237.1
GLH,9/4/2024,290.0,290.0,270.0,270.0,-5.59,68740.0,328.2,237.1
GLH,9/5/2024,270.0,275.0,265.2,272.0,0.74,47833.0,328.2,237.1
GLH,9/8/2024,275.4,299.0,250.0,287.0,5.51,1342480.0,328.2,237.1
GLH,9/9/2024,286.9,309.0,264.6,302.0,5.23,166124.0,328.2,237.1
GLH,9/10/2024,296.0,313.0,273.2,298.0,-1.32,173544.0,328.2,237.1
GLH,9/11/2024,292.1,312.1,268.2,307.0,3.02,694521.0,328.2,237.1
GLH,9/12/2024,300.9,300.9,276.3,296.9,-3.29,496431.0,328.2,237.1
GLH,9/15/2024,291.0,292.0,268.2,269.0,-9.4,335456.0,328.2,237.1
GLH,9/16/2024,274.3,274.3,254.8,255.0,-5.2,132301.0,328.2,237.1
GLH,9/18/2024,260.0,261.0,249.0,249.0,-2.35,74488.0,328.2,237.1
GLH,9/22/2024,253.9,262.5,244.0,245.5,-1.41,93716.0,328.2,237.1
GLH,9/23/2024,243.0,262.0,235.0,237.0,-3.46,108029.0,328.2,237.1
GLH,9/24/2024,235.0,241.7,228.1,229.0,-3.38,82946.0,328.2,237.1
GLH,9/25/2024,231.0,238.0,226.0,234.0,2.18,45065.0,328.2,237.1
GLH,9/26/2024,235.0,240.0,228.0,228.0,-2.56,43230.0,328.2,237.1
GLH,9/29/2024,224.0,230.5,223.8,226.0,-0.88,32824.0,328.2,237.1
GLH,9/30/2024,227.0,230.5,224.0,229.6,1.59,57151.0,328.2,237.1
GLH,10/1/2024,225.1,247.9,225.1,245.0,6.71,121861.0,328.2,237.1
GLH,10/2/2024,245.0,248.8,235.0,235.2,-4.0,84164.0,328.2,237.1
GLH,10/6/2024,235.0,243.9,233.2,240.5,2.25,45740.0,328.2,237.1
GLH,10/7/2024,240.0,258.0,240.0,253.0,5.2,85081.0,328.2,237.1
GLH,10/8/2024,253.0,256.5,246.3,250.0,-1.19,39212.0,328.2,237.1
GLH,10/9/2024,249.0,254.0,245.0,249.7,-0.12,43119.0,328.2,237.1
GLH,10/15/2024,253.0,258.0,245.0,256.0,2.52,16842.0,328.2,237.1
GLH,10/16/2024,256.0,261.5,255.0,258.0,0.78,36441.0,328.2,237.1
GLH,10/17/2024,261.0,264.0,255.1,256.0,-0.78,50081.0,328.2,237.1
GLH,10/20/2024,250.9,255.0,246.0,246.0,-3.91,79674.0,328.2,237.1
GLH,10/21/2024,242.2,250.0,238.2,238.3,-3.13,56986.0,328.2,237.1
GLH,10/22/2024,234.0,247.3,234.0,246.0,3.23,35871.0,328.2,237.1
GLH,10/23/2024,245.0,249.0,243.1,244.0,-0.81,25115.0,328.2,237.1
GLH,10/24/2024,243.0,247.9,239.2,240.3,-1.52,26503.0,328.2,237.1
GLH,10/27/2024,240.3,245.0,238.0,243.0,1.12,20768.0,328.2,237.1
GLH,10/28/2024,241.0,250.9,241.0,248.0,2.06,22992.0,328.2,237.1
GLH,10/29/2024,251.0,258.8,248.5,257.3,3.75,71513.0,328.2,237.1
GLH,10/30/2024,261.0,261.0,250.3,252.0,-2.06,45325.0,328.2,237.1
GLH,11/5/2024,252.1,257.1,250.2,251.0,-0.4,21934.0,328.2,237.1
GLH,11/6/2024,250.0,257.0,250.0,251.3,0.12,26061.0,328.2,237.1
GLH,11/10/2024,252.7,263.1,252.7,262.0,4.26,105337.0,328.2,237.1
GLH,11/11/2024,265.0,275.3,263.0,268.0,2.29,82755.0,328.2,237.1
GLH,11/12/2024,263.0,272.0,260.1,260.3,-2.87,43186.0,328.2,237.1
GLH,11/13/2024,265.5,269.2,258.0,269.2,3.42,41298.0,328.2,237.1
GLH,11/14/2024,263.9,287.0,250.0,276.0,2.53,734693.0,328.2,237.1
GLH,11/17/2024,281.0,286.0,268.6,268.6,-2.68,101898.0,328.2,237.1
GLH,11/19/2024,273.9,273.9,253.0,257.0,-4.32,264713.0,328.2,237.1
GLH,11/20/2024,253.4,261.0,253.3,258.1,0.43,49531.0,328.2,237.1
GLH,11/21/2024,258.2,262.0,250.0,252.0,-2.36,79975.0,328.2,237.1
GLH,11/24/2024,256.0,256.9,246.2,248.5,-1.39,73041.0,328.2,237.1
GLH,11/25/2024,252.0,255.0,249.1,250.0,0.6,34614.0,328.2,237.1
GLH,11/26/2024,254.0,263.0,251.0,258.0,3.2,45192.0,328.2,237.1
GLH,11/27/2024,261.0,263.0,258.0,258.7,0.27,98277.0,328.2,237.1
GLH,11/28/2024,258.0,262.0,253.0,253.5,-2.01,89523.0,328.2,237.1
GLH,12/1/2024,250.1,255.0,247.0,253.0,-0.2,59126.0,328.2,237.1
GLH,12/2/2024,248.6,266.0,248.6,253.5,0.2,61934.0,328.2,237.1
GLH,12/3/2024,255.0,270.0,255.0,265.0,4.54,175078.0,328.2,237.1
GLH,12/4/2024,268.0,270.0,261.0,265.0,0.0,106415.0,328.2,237.1
GLH,12/5/2024,270.3,270.3,257.0,259.0,-2.26,41551.0,328.2,237.1
GLH,12/8/2024,255.0,261.9,248.0,248.3,-4.13,75422.0,328.2,237.1
GLH,12/9/2024,250.0,255.0,246.0,250.0,0.68,64678.0,328.2,237.1
GLH,12/10/2024,254.0,254.5,247.0,247.1,-1.16,21108.0,328.2,237.1
GLH,12/11/2024,246.5,257.0,246.5,253.6,2.63,41155.0,328.2,237.1
GLH,12/12/2024,256.6,258.0,248.6,249.0,-1.81,22794.0,328.2,237.1
GLH,12/16/2024,245.2,249.0,240.2,242.0,-2.81,44225.0,328.2,237.1
GLH,12/17/2024,240.0,246.8,238.0,239.9,-0.87,58874.0,328.2,237.1
GLH,12/18/2024,241.9,246.7,237.0,237.5,-1.0,40698.0,328.2,237.1
GLH,12/19/2024,237.0,240.0,235.6,237.0,-0.21,22933.0,328.2,237.1
GLH,12/22/2024,238.0,244.0,236.0,239.9,1.22,38121.0,328.2,237.1
GLH,12/23/2024,237.0,243.8,237.0,241.3,0.58,19965.0,328.2,237.1
GLH,12/24/2024,240.0,248.0,238.0,242.2,0.37,26936.0,328.2,237.1
GLH,12/26/2024,238.0,244.5,238.0,240.6,-0.66,22649.0,328.2,237.1
GLH,12/29/2024,240.1,243.3,235.2,235.2,-2.24,32503.0,328.2,237.1
GLH,12/31/2024,232.1,235.0,230.0,233.0,-0.94,39097.0,328.2,237.1
GLH,1/1/2025,230.1,235.0,230.1,231.0,-0.86,13836.0,328.2,237.1
GLH,1/2/2025,231.0,238.1,230.0,238.1,3.07,37762.0,328.2,237.1
GLH,1/5/2025,237.7,238.9,233.6,238.0,-0.04,22730.0,328.2,237.1
GLH,1/6/2025,240.0,252.9,238.0,250.0,5.04,65851.0,328.2,237.1
GLH,1/7/2025,250.0,255.9,248.0,253.3,1.32,51654.0,328.2,237.1
GLH,1/8/2025,254.7,254.8,249.0,251.0,-0.91,39063.0,328.2,237.1
GLH,1/9/2025,248.0,254.5,246.6,250.0,-0.4,60140.0,328.2,237.1
GLH,1/12/2025,250.0,250.0,244.0,245.0,-2.0,35672.0,328.2,237.1
GLH,1/13/2025,240.3,249.9,240.0,244.8,-0.08,37077.0,328.2,237.1
GLH,1/15/2025,240.0,250.0,240.0,246.0,0.49,28190.0,328.2,237.1
GLH,1/16/2025,249.9,251.0,246.1,248.0,0.81,51161.0,328.2,237.1
GLH,1/19/2025,243.1,250.0,243.0,246.5,-0.6,76141.0,328.2,237.1
GLH,1/20/2025,241.6,259.5,241.6,258.0,4.67,139496.0,328.2,237.1
GLH,1/21/2025,256.2,258.0,250.0,252.9,-1.98,73494.0,328.2,237.1
GLH,1/22/2025,257.9,257.9,248.7,255.4,0.99,75821.0,328.2,237.1
GLH,1/23/2025,257.8,257.8,253.0,253.0,-0.94,67475.0,328.2,237.1
GLH,1/26/2025,249.0,259.9,249.0,255.0,0.79,62734.0,328.2,237.1
GLH,1/27/2025,252.0,264.0,252.0,256.1,0.43,152948.0,328.2,237.1
GLH,1/28/2025,261.0,265.0,256.0,263.0,2.69,120924.0,328.2,237.1
GLH,2/2/2025,263.1,272.0,263.1,269.0,2.28,134645.0,328.2,237.1
GLH,2/3/2025,270.0,271.7,261.0,264.0,-1.86,97253.0,328.2,237.1
GLH,2/4/2025,261.1,268.0,260.0,262.2,-0.68,62714.0,328.2,237.1
GLH,2/5/2025,262.2,272.0,262.2,268.0,2.21,108159.0,328.2,237.1
GLH,2/6/2025,262.7,273.2,262.1,264.0,-1.49,91867.0,328.2,237.1
GLH,2/9/2025,264.0,269.2,258.79,259.0,-1.89,59266.0,328.2,237.1
GLH,2/10/2025,262.0,263.9,256.5,259.0,0.0,80652.0,328.2,237.1
GLH,2/11/2025,257.1,266.3,257.1,265.0,2.32,86828.0,328.2,237.1
GLH,2/12/2025,268.0,268.3,263.0,266.9,0.72,93952.0,328.2,237.1
GLH,2/13/2025,272.2,272.2,260.0,260.1,-2.55,56740.0,328.2,237.1
GLH,2/16/2025,260.0,271.0,258.0,262.1,0.77,85247.0,328.2,237.1
GLH,2/17/2025,264.0,269.0,261.0,262.5,0.15,68046.0,328.2,237.1
GLH,2/18/2025,266.7,266.7,256.3,259.9,-0.99,63629.0,328.2,237.1
GLH,2/20/2025,259.0,260.0,255.0,256.0,-1.5,54517.0,328.2,237.1
GLH,2/23/2025,251.0,259.0,247.5,255.0,-0.39,46602.0,328.2,237.1
GLH,2/24/2025,259.1,265.0,255.1,263.2,3.22,75470.0,328.2,237.1
GLH,2/25/2025,262.6,267.0,256.0,259.0,-1.6,64292.0,328.2,237.1
GLH,2/27/2025,262.1,272.0,258.5,270.1,4.29,221917.0,328.2,237.1
GLH,3/2/2025,274.0,280.0,270.1,279.0,3.3,137194.0,328.2,237.1
GLH,3/3/2025,280.0,284.0,271.0,271.0,-2.87,100971.0,328.2,237.1
GLH,3/4/2025,276.0,280.2,269.0,270.0,-0.37,123894.0,328.2,237.1
GLH,3/5/2025,271.0,278.0,266.0,275.5,2.04,134099.0,328.2,237.1
GLH,3/6/2025,279.0,279.0,269.5,271.7,-1.38,76483.0,328.2,237.1
GLH,3/9/2025,275.1,275.1,260.0,264.9,-2.5,108177.0,328.2,237.1
GLH,3/10/2025,266.2,268.0,255.2,256.0,-3.36,86288.0,328.2,237.1
GLH,3/11/2025,255.1,259.9,249.0,251.8,-1.64,65641.0,328.2,237.1
GLH,3/12/2025,255.5,255.5,249.0,252.0,0.08,59000.0,328.2,237.1
GLH,3/16/2025,255.0,256.9,249.0,249.1,-1.15,49559.0,328.2,237.1
GLH,3/17/2025,248.5,253.7,247.5,247.5,-0.64,47944.0,328.2,237.1
GLH,3/18/2025,250.0,256.9,250.0,253.0,2.22,47251.0,328.2,237.1
GLH,3/19/2025,251.0,256.0,248.0,252.0,-0.4,30977.0,328.2,237.1
GLH,3/20/2025,252.0,255.0,247.0,247.47,-1.8,31441.0,328.2,237.1
GLH,3/23/2025,246.0,248.0,239.0,240.15,-2.96,42544.0,328.2,237.1
GLH,3/24/2025,242.9,246.0,239.8,242.96,1.17,59947.0,328.2,237.1
GLH,3/25/2025,240.0,241.5,234.5,234.92,-3.31,47970.0,328.2,237.1
GLH,3/26/2025,231.0,241.0,231.0,239.02,1.75,23433.0,328.2,237.1
GLH,3/27/2025,241.0,244.9,238.1,244.08,2.12,31230.0,328.2,237.1
GLH,3/30/2025,244.0,253.0,243.1,247.32,1.33,70104.0,328.2,237.1
GLH,4/1/2025,244.0,249.9,242.0,242.57,-1.92,38116.0,328.2,237.1
GLH,4/2/2025,239.4,247.9,239.4,240.87,-0.7,35335.0,328.2,237.1
GLH,4/3/2025,241.1,247.1,236.2,239.42,-0.6,57977.0,328.2,237.1
GLH,4/7/2025,240.2,240.2,237.0,237.63,-0.75,15125.0,328.2,237.1
GLH,4/8/2025,238.0,239.9,230.1,236.72,-0.38,46843.0,328.2,237.1
GLH,4/9/2025,237.0,241.0,235.0,237.02,0.13,26657.0,328.2,237.1
GLH,4/10/2025,234.4,243.1,234.4,237.5,0.2,19681.0,328.2,237.1
GLH,4/13/2025,237.5,239.0,235.1,236.57,-0.39,15795.0,328.2,237.1
GLH,4/15/2025,237.0,243.0,236.0,241.32,2.01,27537.0,328.2,237.1
GLH,4/16/2025,238.1,253.9,238.1,247.41,2.52,42619.0,328.2,237.1
GLH,4/17/2025,247.0,253.8,246.0,250.57,1.28,58754.0,328.2,237.1
GLH,4/20/2025,250.9,252.0,241.5,243.64,-2.77,32088.0,328.2,237.1
GLH,4/21/2025,240.0,267.3,240.0,258.89,6.26,175145.0,328.2,237.1
GLH,4/22/2025,264.0,278.0,262.9,272.6,5.3,291016.0,328.2,237.1
GLH,4/23/2025,273.0,276.1,263.1,271.12,-0.54,225368.0,328.2,237.1
GLH,4/24/2025,265.7,273.0,262.1,271.51,0.14,123948.0,328.2,237.1
GLH,4/27/2025,266.2,282.2,266.2,281.38,3.64,306366.0,328.2,237.1
GLH,4/28/2025,276.0,287.1,275.5,281.04,-0.12,229764.0,328.2,237.1
GLH,4/29/2025,275.5,284.0,263.0,268.14,-4.59,224238.0,328.2,237.1
GLH,4/30/2025,264.2,272.3,262.1,263.81,-1.61,241540.0,328.2,237.1
GLH,5/4/2025,269.0,272.0,264.0,268.83,1.9,126309.0,328.2,237.1
GLH,5/5/2025,263.5,287.0,263.0,282.47,5.07,148762.0,328.2,237.1
GLH,5/6/2025,276.9,279.9,270.0,272.07,-3.68,159266.0,328.2,237.1
GLH,5/7/2025,276.0,280.0,268.9,277.52,2.0,243801.0,328.2,237.1
GLH,5/8/2025,283.0,289.5,272.5,285.7,2.95,300705.0,328.2,237.1
GLH,5/11/2025,281.0,294.4,271.7,272.8,-4.52,312715.0,328.2,237.1
GLH,5/13/2025,278.2,278.2,269.0,275.55,1.01,224731.0,328.2,237.1
GLH,5/14/2025,270.1,280.0,258.0,260.65,-5.41,128356.0,328.2,237.1
GLH,5/15/2025,258.0,264.8,256.0,262.79,0.82,96366.0,328.2,237.1
GLH,5/18/2025,257.8,266.8,257.8,264.28,0.57,95324.0,328.2,237.1
GLH,5/19/2025,259.0,274.0,258.5,263.22,-0.4,161832.0,328.2,237.1
GLH,5/20/2025,258.1,273.0,258.1,269.49,2.38,166949.0,328.2,237.1
GLH,5/21/2025,274.8,280.2,261.0,262.06,-2.76,359478.0,328.2,237.1
GLH,5/22/2025,266.0,267.0,255.0,257.54,-1.72,113843.0,328.2,237.1
GLH,5/25/2025,252.4,267.0,250.0,255.65,-0.73,121824.0,328.2,237.1
GLH,5/26/2025,259.0,265.9,251.1,252.75,-1.13,97867.0,328.2,237.1
GLH,5/27/2025,252.0,258.0,247.0,252.73,-0.01,122661.0,328.2,237.1
GLH,5/28/2025,247.7,260.0,247.7,257.77,1.99,70908.0,328.2,237.1
GLH,6/2/2025,262.9,264.0,256.1,258.9,0.44,71291.0,328.2,237.1
GLH,6/3/2025,255.0,259.8,249.0,250.23,-3.35,110545.0,328.2,237.1
GLH,6/4/2025,251.0,253.9,245.0,245.49,-1.89,88112.0,328.2,237.1
GLH,6/5/2025,250.0,250.0,244.0,247.15,0.68,86151.0,328.2,237.1
GLH,6/8/2025,252.0,256.0,245.1,251.24,1.65,71796.0,328.2,237.1
GLH,6/9/2025,256.2,259.2,250.0,256.52,2.1,100014.0,328.2,237.1
GLH,6/10/2025,259.0,262.0,255.0,259.2,1.04,78672.0,328.2,237.1
GLH,6/11/2025,259.8,261.0,253.0,258.66,-0.21,94104.0,328.2,237.1
GLH,6/12/2025,261.9,272.9,258.2,264.62,2.3,231175.0,328.2,237.1
GLH,6/15/2025,265.0,268.0,263.0,264.86,0.09,104404.0,328.2,237.1
GLH,6/16/2025,270.0,274.0,263.0,267.77,1.1,229828.0,328.2,237.1
GLH,6/17/2025,270.0,270.0,261.5,263.21,-1.7,63928.0,328.2,237.1
GLH,6/18/2025,263.1,268.9,263.1,267.29,1.55,124962.0,328.2,237.1
GLH,6/19/2025,272.6,280.0,271.0,272.73,2.04,327911.0,328.2,237.1
GLH,6/22/2025,275.0,275.0,261.7,263.05,-3.55,133391.0,328.2,237.1
GLH,6/23/2025,257.8,265.9,256.5,260.62,-0.92,68893.0,328.2,237.1
GLH,6/24/2025,260.0,268.0,260.0,263.33,1.04,84065.0,328.2,237.1
GLH,6/25/2025,258.1,276.0,258.1,272.33,3.42,149769.0,328.2,237.1
GLH,6/26/2025,266.9,287.0,266.9,275.78,1.27,416558.0,328.2,237.1
GLH,6/29/2025,275.0,279.0,271.2,275.97,0.07,135650.0,328.2,237.1
GLH,6/30/2025,276.0,280.0,267.5,269.04,-2.51,100991.0,328.2,237.1
GLH,7/1/2025,263.7,275.0,263.7,274.0,1.84,66244.0,328.2,237.1
GLH,7/2/2025,279.4,279.4,267.5,269.88,-1.5,122353.0,328.2,237.1
GLH,7/3/2025,264.5,273.0,264.5,266.9,-1.1,110983.0,328.2,237.1
GLH,7/6/2025,270.0,270.0,262.0,262.84,-1.52,100888.0,328.2,237.1
GLH,7/7/2025,265.4,266.0,259.0,261.48,-0.52,101224.0,328.2,237.1
GLH,7/8/2025,257.1,263.9,257.1,261.72,0.09,36741.0,328.2,237.1
GLH,7/9/2025,264.3,268.0,262.5,263.48,0.67,43629.0,328.2,237.1
GLH,7/10/2025,265.0,268.7,261.1,262.98,-0.19,60908.0,328.2,237.1
GLH,7/13/2025,268.2,271.9,263.0,263.84,0.33,87534.0,328.2,237.1
GLH,7/14/2025,262.0,268.9,262.0,265.43,0.6,49682.0,328.2,237.1
GLH,7/15/2025,263.1,269.0,261.0,268.14,1.02,89259.0,328.2,237.1
GLH,7/16/2025,263.0,274.0,263.0,272.62,1.67,140550.0,328.2,237.1
GLH,7/17/2025,267.2,287.6,267.2,282.41,3.59,167739.0,328.2,237.1
GLH,7/20/2025,285.0,304.9,277.0,282.4,-0.0,372268.0,328.2,237.1
GLH,7/21/2025,283.0,290.0,281.0,285.78,1.2,201550.0,328.2,237.1
GLH,7/22/2025,286.0,293.4,285.0,290.13,1.52,178884.0,328.2,237.1
GLH,7/23/2025,285.0,301.9,285.0,294.97,1.67,329167.0,328.2,237.1
GLH,7/24/2025,300.0,302.0,295.0,300.57,1.9,280814.0,328.2,237.1
GLH,7/27/2025,301.0,306.3,290.0,291.1,-3.15,372587.0,328.2,237.1
GLH,7/28/2025,295.0,295.0,285.6,293.01,0.66,145272.0,328.2,237.1
GLH,7/29/2025,297.0,302.0,294.1,296.01,1.02,204054.0,328.2,237.1
GLH,7/30/2025,301.9,301.9,286.2,286.75,-3.13,148968.0,328.2,237.1
GLH,7/31/2025,286.0,290.0,279.0,280.58,-2.15,150696.0,328.2,237.1
GLH,8/3/2025,282.0,282.0,271.1,272.24,-2.97,166481.0,328.2,237.1
GLH,8/4/2025,271.0,281.0,271.0,278.49,2.3,99889.0,328.2,237.1
GLH,8/5/2025,280.0,282.0,273.0,273.9,-1.65,87392.0,328.2,237.1
GLH,8/6/2025,270.0,275.0,270.0,271.76,-0.78,46357.0,328.2,237.1
GLH,8/7/2025,272.0,278.0,272.0,276.32,1.68,66109.0,328.2,237.1
GLH,8/11/2025,276.0,279.5,268.0,268.97,-2.66,81595.0,328.2,237.1
GLH,8/12/2025,268.5,270.0,265.0,266.35,-0.97,59586.0,328.2,237.1
GLH,8/13/2025,269.8,270.6,266.0,266.22,-0.05,35078.0,328.2,237.1
GLH,8/14/2025,270.0,270.0,265.2,266.09,-0.05,32633.0,328.2,237.1
GLH,8/17/2025,268.0,271.4,266.0,268.29,0.83,41582.0,328.2,237.1
GLH,8/18/2025,269.0,271.9,265.0,270.63,0.87,61636.0,328.2,237.1
GLH,8/19/2025,273.8,273.8,269.0,270.93,0.11,38929.0,328.2,237.1
GLH,8/20/2025,266.0,274.9,266.0,268.72,-0.82,19162.0,328.2,237.1
GLH,8/21/2025,264.0,270.0,264.0,266.2,-0.94,67957.0,328.2,237.1
GLH,8/24/2025,266.0,269.0,262.0,263.07,-1.18,34640.0,328.2,237.1
GLH,8/25/2025,261.0,266.5,261.0,265.89,1.07,28197.0,328.2,237.1
GLH,8/26/2025,269.0,269.0,264.0,265.3,-0.22,11488.0,328.2,237.1
GLH,8/27/2025,263.1,274.0,261.0,272.28,2.63,43219.0,328.2,237.1
GLH,8/28/2025,272.0,280.0,267.0,268.24,-1.48,62349.0,328.2,237.1
GLH,8/31/2025,265.8,269.0,265.0,266.6,-0.61,37289.0,328.2,237.1
GLH,9/1/2025,263.2,268.0,262.1,265.16,-0.54,34015.0,328.2,237.1
GLH,9/2/2025,268.0,268.0,262.2,262.77,-0.9,22119.0,328.2,237.1
GLH,9/3/2025,265.4,265.4,261.0,261.13,-0.62,28537.0,328.2,237.1
GLH,9/4/2025,260.9,262.0,256.0,258.76,-0.91,47718.0,328.2,237.1
GLH,9/7/2025,258.0,261.9,257.0,257.46,-0.5,21426.0,328.2,237.1
GLH,9/8/2025,260.0,260.0,249.9,250.93,-2.54,54580.0,328.2,237.1
GLH,9/18/2025,246.0,246.1,232.0,232.0,-7.54,4833.0,328.2,237.1
GLH,9/21/2025,227.4,255.0,227.4,253.02,9.06,71076.0,328.2,237.1
GLH,9/23/2025,255.7,263.2,255.1,261.0,3.15,35891.0,328.2,237.1
GLH,9/24/2025,264.0,264.0,255.0,258.0,-1.15,14206.0,328.2,237.1
GLH,9/25/2025,261.0,277.5,258.7,272.5,5.62,211469.0,328.2,237.1
GLH,9/28/2025,277.9,281.1,273.0,276.0,1.28,124912.0,328.2,237.1
GLH,10/7/2025,281.4,281.4,262.1,264.0,-4.35,61591.0,328.2,237.1
GLH,10/8/2025,264.0,266.0,255.0,259.0,-1.89,44732.0,328.2,237.1
GLH,10/9/2025,264.1,275.0,261.3,265.0,2.32,62876.0,328.2,237.1
GLH,10/12/2025,260.1,260.2,252.5,257.0,-3.02,62899.0,328.2,237.1
GLH,10/13/2025,255.0,262.1,249.1,259.0,0.78,51122.0,328.2,237.1
GLH,10/14/2025,262.9,262.9,253.2,253.5,-2.12,24660.0,328.2,237.1
GLH,10/15/2025,249.3,255.2,248.0,250.9,-1.03,23721.0,328.2,237.1
GLH,10/16/2025,251.0,251.0,243.1,244.0,-2.75,32558.0,328.2,237.1
GLH,10/19/2025,248.8,248.8,243.1,246.0,0.82,17861.0,328.2,237.1
GLH,10/26/2025,242.0,247.0,242.0,247.0,0.41,19170.0,328.2,237.1
GLH,10/28/2025,249.9,265.0,247.0,260.0,5.26,47304.0,328.2,237.1
GLH,10/29/2025,256.0,265.7,255.9,256.0,-1.54,62854.0,328.2,237.1
GLH,10/30/2025,251.0,266.9,251.0,261.0,1.95,40868.0,328.2,237.1
GLH,11/2/2025,266.0,272.0,260.1,270.0,3.45,76011.0,328.2,237.1
GLH,11/3/2025,274.0,274.0,260.0,263.9,-2.26,33963.0,328.2,237.1
GLH,11/4/2025,269.1,270.0,265.2,266.9,1.14,64980.0,328.2,237.1
GLH,11/5/2025,267.0,270.8,260.2,262.5,-1.65,49009.0,328.2,237.1
GLH,11/6/2025,265.0,265.0,259.7,261.8,-0.27,27979.0,328.2,237.1
GLH,11/9/2025,262.0,262.0,254.2,254.9,-2.64,28304.0,328.2,237.1
GLH,11/10/2025,252.7,261.6,252.7,256.4,0.59,25772.0,328.2,237.1
GLH,11/11/2025,257.1,258.9,254.0,255.7,-0.27,22258.0,328.2,237.1
GLH,11/12/2025,256.0,257.0,254.0,255.0,-0.27,22471.0,328.2,237.1
GLH,11/13/2025,252.5,256.9,250.1,252.8,-0.86,15534.0,328.2,237.1
GLH,11/16/2025,247.8,256.6,247.8,251.0,-0.71,23861.0,328.2,237.1
GLH,11/17/2025,246.0,255.0,246.0,254.3,1.31,21985.0,328.2,237.1
GLH,11/18/2025,249.3,261.0,249.3,259.6,2.08,19859.0,328.2,237.1
GLH,11/19/2025,260.0,260.0,253.1,255.8,-1.46,16109.0,328.2,237.1
GLH,11/20/2025,251.2,262.1,250.8,254.1,-0.66,36783.0,328.2,237.1
GLH,11/23/2025,253.0,264.0,253.0,260.1,2.36,32798.0,328.2,237.1
GLH,11/24/2025,265.0,265.0,259.0,260.7,0.23,27391.0,328.2,237.1
GLH,11/25/2025,264.5,264.5,258.1,259.0,-0.65,23263.0,328.2,237.1
GLH,11/26/2025,257.2,263.0,254.0,260.1,0.42,22839.0,328.2,237.1
GLH,11/27/2025,263.0,263.0,259.4,259.7,-0.15,26919.0,328.2,237.1
GLH,11/30/2025,260.0,262.0,255.2,257.0,-1.04,61057.0,328.2,237.1
GLH,12/1/2025,254.2,260.0,254.2,257.5,0.19,19852.0,328.2,237.1
GLH,12/2/2025,260.0,260.0,255.1,255.8,-0.66,20226.0,328.2,237.1
GLH,12/3/2025,256.0,257.6,253.0,253.2,-1.02,38096.0,328.2,237.1
GLH,12/7/2025,251.0,256.0,251.0,254.8,0.63,23716.0,328.2,237.1
GLH,12/8/2025,249.8,256.0,249.8,255.0,0.08,22009.0,328.2,237.1
GLH,12/9/2025,249.9,256.0,249.9,253.1,-0.75,13813.0,328.2,237.1
GLH,12/10/2025,248.1,255.5,248.1,251.2,-0.75,13515.0,328.2,237.1
GLH,12/11/2025,250.0,253.8,247.0,247.0,-1.67,52375.0,328.2,237.1
GLH,12/14/2025,242.1,251.8,242.1,246.5,-0.2,22437.0,328.2,237.1
GLH,12/15/2025,247.9,249.0,245.1,246.9,0.16,20483.0,328.2,237.1
GLH,12/16/2025,245.2,250.0,245.2,249.0,0.85,14256.0,328.2,237.1
GLH,12/17/2025,252.0,252.0,247.6,250.0,0.4,9847.0,328.2,237.1
GLH,12/18/2025,250.0,251.0,247.0,248.7,-0.52,15452.0,328.2,237.1
GLH,12/21/2025,245.2,247.9,243.0,244.0,-1.89,40047.0,328.2,237.1
GLH,12/22/2025,242.0,245.0,242.0,243.7,-0.12,20910.0,328.2,237.1
GLH,12/23/2025,244.5,247.0,242.7,246.8,1.27,12856.0,328.2,237.1
GLH,12/24/2025,247.0,248.0,245.1,246.0,-0.32,6405.0,328.2,237.1
GLH,12/28/2025,246.0,251.0,245.6,251.0,2.03,23808.0,328.2,237.1
GLH,12/29/2025,254.0,254.0,246.0,247.9,-1.24,13326.0,328.2,237.1
GLH,12/31/2025,246.1,250.0,246.1,247.2,-0.28,18970.0,328.2,237.1
GLH,1/1/2026,247.2,249.5,243.7,249.5,0.93,20064.0,328.2,237.1
GLH,1/4/2026,249.5,251.0,245.0,246.7,-1.12,14948.0,328.2,237.1
GLH,1/5/2026,251.5,251.5,245.0,248.0,0.53,18032.0,328.2,237.1
GLH,1/6/2026,250.5,250.8,246.6,249.0,0.4,19426.0,328.2,237.1
GLH,1/7/2026,248.0,250.0,244.2,244.5,-1.81,23477.0,328.2,237.1
GLH,1/8/2026,239.7,249.2,239.7,246.0,0.61,17731.0,328.2,237.1
GLH,1/12/2026,246.0,248.0,244.1,247.0,0.41,26156.0,328.2,237.1
GLH,1/13/2026,248.0,249.0,245.0,249.0,0.81,20381.0,328.2,237.1
GLH,1/14/2026,249.0,253.9,247.0,250.0,0.4,40550.0,328.2,237.1
GLH,1/18/2026,248.1,252.7,248.1,252.0,0.8,42541.0,328.2,237.1
GLH,1/20/2026,255.0,258.0,253.9,255.8,1.51,39105.0,328.2,237.1
GLH,1/21/2026,257.9,259.0,255.1,258.0,0.86,48777.0,328.2,237.1
GLH,1/22/2026,253.5,264.9,253.5,264.9,2.67,54841.0,328.2,237.1
GLH,1/25/2026,265.0,272.0,265.0,271.0,2.3,77694.0,328.2,237.1
GLH,1/26/2026,271.0,271.0,262.0,268.0,-1.11,78864.0,328.2,237.1
GLH,1/27/2026,268.9,272.1,259.1,262.0,-2.24,133895.0,328.2,237.1
GLH,1/28/2026,258.0,264.0,257.3,261.0,-0.38,40386.0,328.2,237.1
GLH,1/29/2026,263.9,279.0,260.0,264.0,1.15,180605.0,328.2,237.1
GLH,2/1/2026,269.0,271.3,263.0,268.0,1.52,79107.0,328.2,237.1
GLH,2/2/2026,265.0,271.8,264.9,266.0,-0.75,46882.0,328.2,237.1
GLH,2/3/2026,265.0,268.5,259.2,259.2,-2.56,50162.0,328.2,237.1
GLH,2/4/2026,261.8,261.9,256.0,259.0,-0.08,34795.0,328.2,237.1
GLH,2/5/2026,264.1,274.0,255.0,271.0,4.63,192001.0,328.2,237.1
GLH,2/8/2026,270.0,282.0,270.0,270.1,-0.33,150932.0,328.2,237.1
GLH,2/9/2026,275.0,278.0,268.1,274.6,1.67,115384.0,328.2,237.1
GLH,2/10/2026,280.0,284.8,273.6,275.0,0.15,171643.0,328.2,237.1
GLH,2/11/2026,280.1,280.5,272.2,280.5,2.0,118535.0,328.2,237.1
GLH,2/12/2026,280.1,297.0,280.0,284.0,1.25,404426.0,328.2,237.1
GLH,2/16/2026,287.0,288.9,272.0,275.0,-3.17,136499.0,328.2,237.1
GLH,2/17/2026,280.5,280.5,262.0,265.4,-3.49,146809.0,328.2,237.1
GLH,2/22/2026,262.0,264.0,257.0,257.0,-3.17,74809.0,328.2,237.1
GLH,2/23/2026,255.0,261.0,254.0,256.5,-0.19,55394.0,328.2,237.1
GLH,2/24/2026,256.6,266.1,256.6,264.0,2.92,77729.0,328.2,237.1
GLH,2/25/2026,260.1,267.0,260.1,265.0,0.38,37448.0,328.2,237.1
GLH,2/26/2026,270.3,270.3,260.1,264.0,-0.38,49728.0,328.2,237.1
GLH,2/27/2026,270.3,270.3,260.1,264.0,0.0,49728.0,328.2,237.1
GLH,2/28/2026,270.3,270.3,260.1,264.0,0.0,49728.0,328.2,237.1
GLH,3/2/2026,259.0,265.0,258.2,264.8,0.3,48794.0,328.2,237.1
GLH,3/3/2026,268.0,273.1,262.7,270.0,1.96,114594.0,328.2,237.1
GLH,3/4/2026,268.0,273.1,262.7,270.0,0.0,114594.0,328.2,237.1
GLH,3/5/2026,268.0,273.1,262.7,270.0,0.0,114594.0,328.2,237.1
GLH,3/6/2026,268.0,273.1,262.7,270.0,0.0,114594.0,328.2,237.1
GLH,3/7/2026,268.0,273.1,262.7,270.0,0.0,114594.0,328.2,237.1
GLH,3/8/2026,268.0,273.1,262.7,270.0,0.0,114594.0,328.2,237.1
GLH,3/9/2026,275.4,286.0,275.4,286.0,5.93,3880.0,328.2,237.1
GLH,3/10/2026,291.0,291.0,276.0,284.2,-0.63,234860.0,328.2,237.1
GLH,3/11/2026,289.0,293.0,280.0,283.4,-0.28,184113.0,328.2,237.1
GLH,3/12/2026,285.0,297.7,281.2,293.8,3.67,262021.0,328.2,237.1
GLH,3/13/2026,285.0,297.7,281.2,293.8,0.0,262021.0,328.2,237.1
GLH,3/14/2026,285.0,297.7,281.2,293.8,0.0,262021.0,328.2,237.1
GLH,3/15/2026,288.0,322.4,274.4,321.8,9.53,2721980.0,328.2,237.1
GLH,3/16/2026,328.2,328.2,305.8,309.0,-3.98,409051.0,328.2,237.1
GLH,3/17/2026,315.0,316.9,300.0,310.0,0.32,598202.0,328.2,237.1
GLH,3/18/2026,315.0,316.9,300.0,310.0,0.0,598202.0,328.2,237.1
GLH,3/19/2026,310.0,318.0,304.2,308.1,-0.61,975850.0,328.2,237.1
GLH,3/20/2026,310.0,318.0,304.2,308.1,0.0,975850.0,328.2,237.1
GLH,3/21/2026,310.0,318.0,304.2,308.1,0.0,975850.0,328.2,237.1
GLH,3/22/2026,314.2,316.2,302.8,312.2,1.33,631887.0,328.2,237.1
GLH,3/23/2026,318.4,318.4,305.0,312.5,0.1,206538.0,328.2,237.1
GLH,3/24/2026,318.7,318.7,308.0,309.5,-0.96,302336.0,328.2,237.1
GLH,3/25/2026,303.4,310.0,303.0,304.0,-1.78,261252.0,328.2,237.1
GLH,3/26/2026,300.0,309.0,300.0,308.7,2.9,150529.0,328.2,237.1
GLH,3/29/2026,308.7,310.0,292.3,292.5,-5.25,352714.0,328.2,237.1
GLH,3/30/2026,292.0,301.5,285.0,286.0,-2.05,298277.0,328.2,237.1
GLH,3/31/2026,288.0,291.9,280.2,290.0,0.69,167104.0,328.2,237.1
GLH,4/1/2026,287.1,290.0,274.0,278.0,-3.17,184070.0,328.2,237.1
GLH,4/2/2026,278.0,281.0,267.8,274.0,-1.44,193514.0,328.2,237.1
GLH,4/5/2026,279.0,279.0,256.6,256.8,-7.96,192686.0,328.2,237.1
GLH,4/6/2026,258.0,273.5,255.2,272.5,5.62,194106.0,328.2,237.1
GLH,4/7/2026,273.1,279.7,270.0,273.8,0.26,163238.0,328.2,237.1
GLH,4/8/2026,275.0,284.0,274.0,281.0,2.18,152568.0,328.2,237.1
GLH,4/9/2026,286.0,290.0,278.1,288.0,0.7,194797.0,328.2,237.1
GLH,4/10/2026,286.0,287.8,282.0,282.5,-1.22,136641.0,328.2,237.1
GLH,4/13/2026,282.0,287.7,277.1,281.0,-0.35,89761.0,328.2,237.1
GLH,4/15/2026,286.4,292.4,282.6,288.9,0.87,183234.0,328.2,237.1
GLH,4/16/2026,288.9,288.9,277.9,280.8,-2.8,122524.0,328.2,237.1
GLH,4/17/2026,286.4,286.6,276.3,279.8,-2.3,76304.0,328.2,237.1
GLH,4/20/2026,265.9,283.0,265.9,278.0,4.55,76487.0,328.2,237.1
GLH,4/21/2026,275.1,278.0,270.2,271.0,-1.49,69169.0,328.2,237.1
GLH,4/22/2026,257.5,280.0,257.5,274.0,6.41,99036.0,328.2,237.1
GLH,4/23/2026,274.0,274.0,268.0,268.8,-1.9,51777.0,328.2,237.1
GLH,4/24/2026,268.0,270.3,264.1,267.2,-0.3,43887.0,328.2,237.1
GLH,4/27/2026,267.2,272.9,266.1,269.2,0.75,58756.0,328.2,237.1
GLH,4/28/2026,265.0,276.0,265.0,267.5,0.94,41640.0,328.2,237.1
GLH,4/29/2026,267.5,269.9,263.0,265.8,-0.64,43697.0,328.2,237.1
GLH,4/30/2026,263.0,266.5,261.1,264.5,0.57,65645.0,328.2,237.1
GLH,5/4/2026,251.3,267.9,251.3,262.4,4.42,48418.0,328.2,237.1
GLH,5/5/2026,249.3,265.9,249.3,262.5,5.29,46510.0,328.2,237.1
GLH,5/6/2026,258.1,265.0,258.1,261.8,1.43,23782.0,328.2,237.1
GLH,5/7/2026,261.0,265.0,260.0,264.3,1.26,25567.0,328.2,237.1
GLH,5/8/2026,262.5,269.8,262.5,268.0,2.1,29183.0,328.2,237.1
GLH,5/11/2026,271.0,274.0,270.0,273.0,0.74,41039.0,328.2,237.1
GLH,5/12/2026,275.9,275.9,266.0,266.3,-3.48,48785.0,328.2,237.1
GLH,5/13/2026,263.4,269.0,263.4,268.7,2.01,27285.0,328.2,237.1
GLH,5/14/2026,265.2,268.0,265.1,266.1,0.34,8382.0,328.2,237.1
GLH,5/15/2026,269.0,269.0,265.0,265.9,-1.15,20191.0,328.2,237.1
GLH,5/18/2026,265.0,268.0,265.0,265.2,0.08,16324.0,328.2,237.1
GLH,5/19/2026,264.1,267.9,264.0,264.0,-0.04,15066.0,328.2,237.1
GLH,5/20/2026,266.8,271.9,261.0,271.0,1.57,49703.0,328.2,237.1
GLH,5/21/2026,271.0,273.7,268.0,269.0,-0.74,11581.0,328.2,237.1
GLH,5/22/2026,267.1,274.0,267.1,274.0,2.58,26681.0,328.2,237.1
GLH,5/25/2026,274.0,279.0,274.0,276.0,0.73,58442.0,328.2,237.1
GLH,5/26/2026,278.9,280.0,273.0,277.0,-0.68,22676.0,328.2,237.1
GLH,5/27/2026,278.0,278.0,274.2,276.1,-0.68,44978.0,328.2,237.1
GLH,6/1/2026,271.0,278.0,268.0,268.0,-1.11,29317.0,328.2,237.1
GLH,6/2/2026,266.1,274.0,266.0,273.0,2.59,33621.0,328.2,237.1
GLH,6/3/2026,270.5,277.0,270.5,272.5,0.74,23789.0,328.2,237.1
GLH,6/4/2026,270.3,275.0,268.5,269.1,-0.44,17135.0,328.2,237.1
GLH,6/5/2026,270.9,270.9,264.4,265.0,-2.18,35034.0,328.2,237.1
GLH,6/8/2026,272.0,272.0,264.0,264.3,-2.83,24726.0,328.2,237.1
GLH,6/9/2026,264.0,269.4,261.0,264.0,0.0,36427.0,328.2,237.1
GLH,6/10/2026,262.0,269.0,262.0,264.9,1.11,18741.0,328.2,237.1
GLH,6/11/2026,265.0,268.2,263.0,263.5,-0.57,16724.0,328.2,237.1
GLH,6/12/2026,266.0,267.0,263.0,264.8,-0.45,16737.0,328.2,237.1
GLH,6/15/2026,262.0,266.9,260.7,264.0,0.76,26849.0,328.2,237.1
GLH,6/16/2026,261.3,264.5,261.3,264.0,1.03,15013.0,328.2,237.1
GLH,6/17/2026,264.0,266.0,263.0,264.0,0.0,17599.0,328.2,237.1
GLH,6/18/2026,269.0,271.9,262.6,264.0,-1.86,14493.0,328.2,237.1
GLH,6/19/2026,264.0,264.0,261.3,262.3,-0.64,12924.0,328.2,237.1
GLH,6/22/2026,275.0,275.0,261.0,262.0,-4.73,13379.0,328.2,237.1
GLH,6/23/2026,260.0,262.0,255.2,255.3,-1.81,50203.0,328.2,237.1
GLH,6/24/2026,255.3,257.0,250.0,253.0,-0.9,67845.0,328.2,237.1
GLH,6/26/2026,256.9,256.9,250.0,252.6,-1.67,27963.0,328.2,237.1
GLH,6/29/2026,249.1,252.0,248.3,251.0,0.76,22944.0,328.2,237.1
GLH,6/30/2026,250.0,254.8,248.1,248.1,-0.76,23802.0,328.2,237.1
GLH,7/1/2026,251.0,258.0,248.3,257.0,2.39,19388.0,328.2,237.1
GLH,7/2/2026,252.1,257.0,252.1,254.8,1.07,6509.0,328.2,237.1
GLH,7/3/2026,256.8,256.8,252.2,253.9,-1.13,10118.0,328.2,237.1
GLH,7/6/2026,251.0,253.9,250.0,250.0,-0.4,26111.0,328.2,237.1
GLH,7/7/2026,250.0,255.0,250.0,254.0,1.6,8267.0,328.2,237.1
GLH,7/8/2026,251.0,252.1,248.0,249.0,-0.8,21341.0,328.2,237.1
GLH,7/9/2026,247.0,249.8,245.7,248.9,0.77,18441.0,328.2,237.1
GLH,7/10/2026,246.1,253.0,246.1,247.2,0.45,33842.0,328.2,237.1
GLH,7/13/2026,247.0,248.0,240.1,240.9,-2.47,50363.0,328.2,237.1
GLH,7/14/2026,237.2,248.0,237.1,244.9,3.25,28785.0,328.2,237.1
GLH,7/15/2026,245.0,250.0,242.0,244.9,-0.04,28160.0,328.2,237.1
GLH,7/16/2026,244.0,249.5,241.0,243.0,-0.41,21079.0,328.2,237.1
GLH,7/17/2026,250.2,256.0,247.0,254.1,1.56,55312.0,328.2,237.1
GLH,7/20/2026,255.0,267.5,254.0,265.0,3.92,40366.0,328.2,237.1
GLH,7/21/2026,263.1,266.0,258.0,263.9,0.3,62887.0,328.2,237.1
GLH,7/22/2026,260.0,261.0,258.0,258.9,-0.42,29543.0,328.2,237.1
GLH,7/23/2026,255.1,261.0,252.9,260.8,2.23,37034.0,328.2,237.1
GLH,7/24/2026,255.1,267.9,255.1,259.0,1.53,26654.0,328.2,237.1
GLH,7/27/2026,257.1,261.9,253.2,254.0,-1.21,24815.0,328.2,237.1
GLH,7/28/2026,255.0,256.9,251.0,253.0,-0.78,11075.0,328.2,237.1
GLH,7/29/2026,251.0,257.5,251.0,253.6,1.04,11310.0,328.2,237.1
GLH,7/30/2026,253.6,254.8,251.0,252.0,-0.63,24736.0,328.2,237.1
GLH,7/31/2026,250.3,259.0,248.0,259.0,3.48,67704.0,328.2,237.1
GLH,8/3/2026,263.0,263.9,257.0,257.1,-2.24,38705.0,328.2,237.1
GLH,8/4/2026,253.7,258.9,253.7,257.8,1.62,23281.0,328.2,237.1
GLH,8/5/2026,255.4,258.9,255.4,258.0,1.02,19639.0,328.2,237.1
GLH,8/6/2026,257.0,260.5,256.5,257.4,0.16,19944.0,328.2,237.1
GLH,8/7/2026,255.0,259.0,255.0,256.9,0.75,15144.0,328.2,237.1
GLH,8/10/2026,260.3,260.3,254.1,257.6,-1.04,20175.0,328.2,237.1
GLH,8/11/2026,257.1,260.0,255.5,258.2,0.43,21008.0,328.2,237.1
GLH,8/12/2026,258.0,260.0,255.2,257.2,-0.31,13752.0,328.2,237.1
GLH,8/13/2026,255.7,266.0,255.7,263.8,3.17,102439.0,328.2,237.1
GLH,8/14/2026,253.0,268.3,253.0,261.1,3.2,43273.0,328.2,237.1
GLH,8/17/2026,266.0,266.0,257.3,259.9,-2.29,21441.0,328.2,237.1
GLH,8/18/2026,257.0,259.7,253.1,256.0,-0.39,36943.0,328.2,237.1
GLH,8/19/2026,245.0,257.8,245.0,252.7,3.14,20506.0,328.2,237.1
GLH,8/20/2026,250.1,255.0,250.1,255.0,1.96,24874.0,328.2,237.1
GLH,8/21/2026,258.8,258.8,252.0,252.3,-2.51,38536.0,328.2,237.1
GLH,8/24/2026,253.0,255.0,250.0,251.0,-0.79,32377.0,328.2,237.1
GLH,8/25/2026,250.0,252.9,248.0,250.0,0.0,23395.0,328.2,237.1
GLH,8/26/2026,250.0,256.8,242.0,246.5,-1.4,65375.0,328.2,237.1
GLH,8/27/2026,242.0,252.0,240.2,247.5,2.27,47653.0,328.2,237.1
GLH,8/31/2026,247.5,251.2,241.0,241.4,-2.46,33674.0,328.2,237.1
GLH,9/1/2026,240.0,245.0,238.2,242.0,0.83,22164.0,328.2,237.1
GLH,9/2/2026,241.0,244.3,238.1,244.3,1.37,14725.0,328.2,237.1
GLH,9/3/2026,241.5,246.8,239.0,245.0,1.45,25858.0,328.2,237.1
GLH,9/7/2026,245.0,249.0,244.0,246.2,0.49,17060.0,328.2,237.1
GLH,9/9/2026,246.2,250.0,244.0,245.0,-0.49,24035.0,328.2,237.1
GLH,9/10/2026,243.0,249.0,243.0,248.0,2.06,25771.0,328.2,237.1
GLH,9/11/2026,248.0,257.5,248.0,255.0,2.82,50859.0,328.2,237.1
GLH,9/14/2026,259.0,262.0,254.0,257.2,-0.69,40859.0,328.2,237.1
GLH,9/15/2026,270.0,270.0,260.0,263.0,-2.59,121052.0,328.2,237.1
GLH,9/16/2026,260.0,266.0,257.0,257.2,-1.08,68879.0,328.2,237.1
GLH,9/17/2026,264.0,266.0,259.0,264.0,0.0,61499.0,328.2,237.1
GLH,9/18/2026,251.0,273.6,251.0,273.5,8.96,235225.0,328.2,237.1
GLH,9/22/2026,271.0,287.7,271.0,280.0,3.32,305289.0,328.2,237.1
GLH,9/23/2026,280.0,280.0,271.0,279.2,-0.29,156701.0,328.2,237.1
GLH,9/24/2026,276.1,280.0,274.0,278.8,0.98,76497.0,328.2,237.1
GLH,9/28/2026,274.9,276.9,269.0,269.0,-2.15,90928.0,328.2,237.1
GLH,9/29/2026,282.4,282.4,262.0,0.0,-100.0,50477.0,328.2,237.1
GLH,9/30/2026,270.0,278.0,270.0,276.8,2.52,114293.0,328.2,237.1
GLH,10/1/2026,279.8,283.0,276.0,279.8,0.0,130960.0,328.2,237.1
GLH,10/2/2026,280.0,281.8,272.6,273.0,-2.5,42369.0,328.2,237.1
GLICL,10/20/2011,129.0,127.0,119.0,119.0,,290.0,1400.0,84.0
GLICL,10/23/2011,119.0,114.0,108.0,108.0,-9.24,1130.0,1400.0,84.0
GLICL,10/24/2011,108.0,104.0,99.0,102.0,-5.56,12310.0,1400.0,84.0
GLICL,10/25/2011,102.0,103.0,100.0,101.0,-0.98,11240.0,1400.0,84.0
GLICL,10/30/2011,101.0,107.0,100.0,105.0,3.96,13420.0,1400.0,84.0
GLICL,10/31/2011,105.0,108.0,101.0,106.0,0.95,9880.0,1400.0,84.0
GLICL,11/2/2011,106.0,116.0,108.0,116.0,9.43,2440.0,1400.0,84.0
GLICL,11/3/2011,116.0,114.0,105.0,108.0,-6.9,5160.0,1400.0,84.0
GLICL,11/6/2011,108.0,109.0,107.0,108.0,0.0,14960.0,1400.0,84.0
GLICL,11/8/2011,108.0,109.0,106.0,108.0,0.0,11430.0,1400.0,84.0
GLICL,11/9/2011,108.0,109.0,106.0,107.0,-0.93,6420.0,1400.0,84.0
GLICL,11/10/2011,107.0,108.0,106.0,107.0,0.0,21310.0,1400.0,84.0
GLICL,11/13/2011,107.0,107.0,103.0,104.0,-2.8,8140.0,1400.0,84.0
GLICL,11/14/2011,104.0,105.0,102.0,104.0,0.0,7960.0,1400.0,84.0
GLICL,11/15/2011,104.0,105.0,103.0,104.0,0.0,14980.0,1400.0,84.0
GLICL,11/16/2011,104.0,105.0,103.0,103.0,-0.96,6740.0,1400.0,84.0
GLICL,11/17/2011,103.0,104.0,102.0,104.0,0.97,4240.0,1400.0,84.0
GLICL,11/20/2011,104.0,105.0,102.0,104.0,0.0,5770.0,1400.0,84.0
GLICL,11/21/2011,104.0,104.0,103.0,103.0,-0.96,1560.0,1400.0,84.0
GLICL,11/22/2011,103.0,105.0,103.0,104.0,0.97,7740.0,1400.0,84.0
GLICL,11/23/2011,104.0,105.0,103.0,104.0,0.0,3910.0,1400.0,84.0
GLICL,11/24/2011,104.0,104.0,103.0,103.0,-0.96,8410.0,1400.0,84.0
GLICL,11/27/2011,103.0,104.0,102.0,103.0,0.0,10440.0,1400.0,84.0
GLICL,11/28/2011,103.0,104.0,101.0,101.0,-1.94,4330.0,1400.0,84.0
GLICL,12/1/2011,102.0,102.0,100.0,102.0,0.99,3700.0,1400.0,84.0
GLICL,12/4/2011,102.0,102.0,100.0,101.0,-0.98,2900.0,1400.0,84.0
GLICL,12/5/2011,101.0,102.0,101.0,101.0,0.0,4590.0,1400.0,84.0
GLICL,12/6/2011,101.0,102.0,100.0,101.0,0.0,3680.0,1400.0,84.0
GLICL,12/7/2011,101.0,101.0,99.0,99.0,-1.98,4510.0,1400.0,84.0
GLICL,12/8/2011,99.0,101.0,98.0,99.0,0.0,3820.0,1400.0,84.0
GLICL,12/11/2011,99.0,100.0,98.0,98.0,-1.01,4360.0,1400.0,84.0
GLICL,12/12/2011,98.0,102.0,98.0,99.0,1.02,13560.0,1400.0,84.0
GLICL,12/13/2011,99.0,104.0,98.0,104.0,5.05,3870.0,1400.0,84.0
GLICL,12/14/2011,104.0,102.0,98.0,102.0,-1.92,10250.0,1400.0,84.0
GLICL,12/15/2011,102.0,101.0,97.0,97.0,-4.9,2010.0,1400.0,84.0
GLICL,12/18/2011,97.0,102.0,97.0,100.0,3.09,3130.0,1400.0,84.0
GLICL,12/19/2011,100.0,100.0,98.0,100.0,0.0,2030.0,1400.0,84.0
GLICL,12/20/2011,100.0,101.0,99.0,101.0,1.0,1970.0,1400.0,84.0
GLICL,12/21/2011,101.0,100.0,98.0,99.0,-1.98,6430.0,1400.0,84.0
GLICL,12/22/2011,99.0,102.0,99.0,100.0,1.01,2500.0,1400.0,84.0
GLICL,12/26/2011,100.0,100.0,99.0,100.0,0.0,370.0,1400.0,84.0
GLICL,12/27/2011,100.0,100.0,99.0,100.0,0.0,4720.0,1400.0,84.0
GLICL,12/28/2011,100.0,100.0,98.0,99.0,-1.0,1510.0,1400.0,84.0
GLICL,12/29/2011,99.0,100.0,98.0,98.0,-1.01,960.0,1400.0,84.0
GLICL,1/1/2012,98.0,101.0,98.0,99.0,1.02,7160.0,1400.0,84.0
GLICL,1/2/2012,99.0,102.0,99.0,102.0,3.03,4490.0,1400.0,84.0
GLICL,1/3/2012,102.0,103.0,99.0,99.0,-2.94,1940.0,1400.0,84.0
GLICL,1/4/2012,99.0,100.0,97.0,99.0,0.0,2780.0,1400.0,84.0
GLICL,1/5/2012,99.0,99.0,97.0,99.0,0.0,3430.0,1400.0,84.0
GLICL,1/8/2012,99.0,99.0,97.0,97.0,-2.02,6780.0,1400.0,84.0
GLICL,1/9/2012,97.0,99.0,97.0,98.0,1.03,4240.0,1400.0,84.0
GLICL,1/10/2012,99.0,99.0,97.0,97.0,-1.02,2230.0,1400.0,84.0
GLICL,1/11/2012,97.0,97.0,97.0,97.0,0.0,550.0,1400.0,84.0
GLICL,1/12/2012,97.0,98.0,96.0,97.0,0.0,2330.0,1400.0,84.0
GLICL,1/16/2012,97.0,98.0,96.0,97.0,0.0,3690.0,1400.0,84.0
GLICL,1/17/2012,97.0,97.0,96.0,97.0,0.0,1890.0,1400.0,84.0
GLICL,1/18/2012,97.0,97.0,95.0,96.0,-1.03,6870.0,1400.0,84.0
GLICL,1/19/2012,96.0,98.0,96.0,98.0,2.08,1890.0,1400.0,84.0
GLICL,1/22/2012,98.0,98.0,95.0,97.0,-1.02,3840.0,1400.0,84.0
GLICL,1/23/2012,97.0,97.0,95.0,96.0,-1.03,5240.0,1400.0,84.0
GLICL,1/25/2012,96.0,97.0,96.0,96.0,0.0,1960.0,1400.0,84.0
GLICL,1/26/2012,96.0,97.0,94.0,95.0,-1.04,3330.0,1400.0,84.0
GLICL,1/29/2012,95.0,96.0,94.0,94.0,-1.05,3900.0,1400.0,84.0
GLICL,1/31/2012,94.0,95.0,94.0,94.0,0.0,2780.0,1400.0,84.0
GLICL,2/1/2012,94.0,99.0,94.0,94.0,0.0,1300.0,1400.0,84.0
GLICL,2/2/2012,94.0,95.0,94.0,95.0,1.06,3180.0,1400.0,84.0
GLICL,2/5/2012,95.0,95.0,90.0,91.0,-4.21,2700.0,1400.0,84.0
GLICL,2/6/2012,91.0,90.0,89.0,90.0,-1.1,1900.0,1400.0,84.0
GLICL,2/7/2012,90.0,91.0,88.0,89.0,-1.11,900.0,1400.0,84.0
GLICL,2/8/2012,89.0,90.0,88.0,88.0,-1.12,2510.0,1400.0,84.0
GLICL,2/9/2012,88.0,90.0,88.0,90.0,2.27,1300.0,1400.0,84.0
GLICL,2/12/2012,90.0,90.0,87.0,89.0,-1.11,1480.0,1400.0,84.0
GLICL,2/13/2012,89.0,91.0,86.0,91.0,2.25,3980.0,1400.0,84.0
GLICL,2/14/2012,91.0,95.0,89.0,90.0,-1.1,3110.0,1400.0,84.0
GLICL,2/15/2012,90.0,90.0,86.0,90.0,0.0,4880.0,1400.0,84.0
GLICL,2/16/2012,90.0,90.0,86.0,87.0,-3.33,4010.0,1400.0,84.0
GLICL,2/21/2012,87.0,87.0,86.0,86.0,-1.15,1450.0,1400.0,84.0
GLICL,2/23/2012,86.0,89.0,85.0,85.0,-1.16,5580.0,1400.0,84.0
GLICL,2/26/2012,85.0,87.0,86.0,87.0,2.35,1310.0,1400.0,84.0
GLICL,2/27/2012,87.0,90.0,88.0,89.0,2.3,980.0,1400.0,84.0
GLICL,2/28/2012,89.0,91.0,87.0,91.0,2.25,1480.0,1400.0,84.0
GLICL,2/29/2012,91.0,91.0,89.0,90.0,-1.1,1590.0,1400.0,84.0
GLICL,3/1/2012,90.0,90.0,88.0,90.0,0.0,500.0,1400.0,84.0
GLICL,3/4/2012,90.0,91.0,89.0,89.0,-1.11,1830.0,1400.0,84.0
GLICL,3/5/2012,89.0,91.0,89.0,89.0,0.0,1000.0,1400.0,84.0
GLICL,3/6/2012,89.0,90.0,89.0,89.0,0.0,1140.0,1400.0,84.0
GLICL,3/11/2012,89.0,88.0,87.0,87.0,-2.25,500.0,1400.0,84.0
GLICL,3/12/2012,87.0,87.0,85.0,86.0,-1.15,3000.0,1400.0,84.0
GLICL,3/13/2012,86.0,88.0,86.0,88.0,2.33,350.0,1400.0,84.0
GLICL,3/14/2012,88.0,89.0,87.0,87.0,-1.14,270.0,1400.0,84.0
GLICL,3/15/2012,87.0,90.0,88.0,89.0,2.3,1890.0,1400.0,84.0
GLICL,3/18/2012,89.0,91.0,88.0,88.0,-1.12,2160.0,1400.0,84.0
GLICL,3/19/2012,88.0,89.0,85.0,86.0,-2.27,1330.0,1400.0,84.0
GLICL,3/20/2012,86.0,87.0,86.0,86.0,0.0,1130.0,1400.0,84.0
GLICL,3/21/2012,86.0,87.0,86.0,87.0,1.16,390.0,1400.0,84.0
GLICL,3/25/2012,87.0,88.0,85.0,87.0,0.0,1990.0,1400.0,84.0
GLICL,3/26/2012,87.0,88.0,84.0,87.0,0.0,1240.0,1400.0,84.0
GLICL,3/27/2012,87.0,88.0,87.0,88.0,1.15,1890.0,1400.0,84.0
GLICL,3/28/2012,88.0,88.0,88.0,88.0,0.0,1010.0,1400.0,84.0
GLICL,3/29/2012,88.0,88.0,86.0,86.0,-2.27,1060.0,1400.0,84.0
GLICL,4/1/2012,86.0,86.0,86.0,86.0,0.0,420.0,1400.0,84.0
GLICL,4/2/2012,86.0,88.0,85.0,87.0,1.16,3510.0,1400.0,84.0
GLICL,4/4/2012,87.0,86.0,84.0,86.0,-1.15,3980.0,1400.0,84.0
GLICL,4/5/2012,86.0,86.0,85.0,85.0,-1.16,1740.0,1400.0,84.0
GLICL,4/8/2012,85.0,86.0,85.0,85.0,0.0,460.0,1400.0,84.0
GLICL,4/9/2012,85.0,88.0,86.0,88.0,3.53,1450.0,1400.0,84.0
GLICL,4/10/2012,88.0,88.0,87.0,87.0,-1.14,220.0,1400.0,84.0
GLICL,4/11/2012,87.0,90.0,88.0,89.0,2.3,1160.0,1400.0,84.0
GLICL,4/12/2012,89.0,95.0,89.0,94.0,5.62,640.0,1400.0,84.0
GLICL,4/15/2012,94.0,101.0,95.0,101.0,7.45,830.0,1400.0,84.0
GLICL,4/17/2012,101.0,109.0,100.0,100.0,-0.99,1820.0,1400.0,84.0
GLICL,4/18/2012,100.0,102.0,98.0,102.0,2.0,860.0,1400.0,84.0
GLICL,4/19/2012,102.0,106.0,98.0,99.0,-2.94,1910.0,1400.0,84.0
GLICL,4/22/2012,99.0,108.0,99.0,108.0,9.09,2630.0,1400.0,84.0
GLICL,4/24/2012,108.0,116.0,110.0,116.0,7.41,2650.0,1400.0,84.0
GLICL,4/25/2012,116.0,122.0,118.0,122.0,5.17,330.0,1400.0,84.0
GLICL,4/26/2012,122.0,126.0,114.0,123.0,0.82,4871.0,1400.0,84.0
GLICL,4/29/2012,123.0,125.0,119.0,121.0,-1.63,8630.0,1400.0,84.0
GLICL,4/30/2012,121.0,119.0,110.0,110.0,-9.09,1210.0,1400.0,84.0
GLICL,5/2/2012,110.0,108.0,104.0,104.0,-5.45,40.0,1400.0,84.0
GLICL,5/3/2012,104.0,106.0,106.0,106.0,1.92,910.0,1400.0,84.0
GLICL,5/7/2012,106.0,110.0,108.0,110.0,3.77,300.0,1400.0,84.0
GLICL,5/9/2012,110.0,115.0,111.0,115.0,4.55,3810.0,1400.0,84.0
GLICL,5/10/2012,115.0,113.0,107.0,108.0,-6.09,3540.0,1400.0,84.0
GLICL,5/13/2012,108.0,106.0,106.0,106.0,-1.85,50.0,1400.0,84.0
GLICL,5/14/2012,106.0,104.0,104.0,104.0,-1.89,80.0,1400.0,84.0
GLICL,5/15/2012,104.0,110.0,104.0,108.0,3.85,1020.0,1400.0,84.0
GLICL,5/17/2012,108.0,110.0,110.0,110.0,1.85,680.0,1400.0,84.0
GLICL,5/21/2012,110.0,112.0,105.0,110.0,0.0,2030.0,1400.0,84.0
GLICL,5/22/2012,110.0,110.0,110.0,110.0,0.0,400.0,1400.0,84.0
GLICL,5/23/2012,110.0,108.0,104.0,104.0,-5.45,260.0,1400.0,84.0
GLICL,5/24/2012,104.0,106.0,102.0,106.0,1.92,750.0,1400.0,84.0
GLICL,5/27/2012,106.0,109.0,104.0,109.0,2.83,570.0,1400.0,84.0
GLICL,5/29/2012,109.0,107.0,99.0,99.0,-9.17,280.0,1400.0,84.0
GLICL,5/30/2012,99.0,98.0,90.0,92.0,-7.07,2770.0,1400.0,84.0
GLICL,5/31/2012,92.0,94.0,91.0,94.0,2.17,3110.0,1400.0,84.0
GLICL,6/3/2012,94.0,100.0,95.0,99.0,5.32,90.0,1400.0,84.0
GLICL,6/4/2012,99.0,100.0,98.0,98.0,-1.01,5280.0,1400.0,84.0
GLICL,6/5/2012,98.0,98.0,95.0,95.0,-3.06,2340.0,1400.0,84.0
GLICL,6/6/2012,95.0,95.0,93.0,94.0,-1.05,2790.0,1400.0,84.0
GLICL,6/7/2012,94.0,96.0,92.0,95.0,1.06,630.0,1400.0,84.0
GLICL,6/11/2012,95.0,98.0,96.0,97.0,2.11,330.0,1400.0,84.0
GLICL,6/12/2012,97.0,99.0,94.0,96.0,-1.03,2860.0,1400.0,84.0
GLICL,6/13/2012,96.0,96.0,93.0,93.0,-3.12,1010.0,1400.0,84.0
GLICL,6/14/2012,93.0,94.0,91.0,91.0,-2.15,4490.0,1400.0,84.0
GLICL,6/17/2012,91.0,93.0,92.0,93.0,2.2,130.0,1400.0,84.0
GLICL,6/18/2012,93.0,94.0,93.0,93.0,0.0,920.0,1400.0,84.0
GLICL,6/19/2012,93.0,92.0,90.0,92.0,-1.08,1870.0,1400.0,84.0
GLICL,6/20/2012,92.0,95.0,92.0,95.0,3.26,670.0,1400.0,84.0
GLICL,6/21/2012,95.0,94.0,94.0,94.0,-1.05,20.0,1400.0,84.0
GLICL,6/25/2012,94.0,96.0,93.0,95.0,1.06,4740.0,1400.0,84.0
GLICL,6/26/2012,95.0,95.0,94.0,95.0,0.0,1690.0,1400.0,84.0
GLICL,6/27/2012,95.0,96.0,95.0,96.0,1.05,200.0,1400.0,84.0
GLICL,7/1/2012,96.0,95.0,94.0,94.0,-2.08,710.0,1400.0,84.0
GLICL,7/2/2012,94.0,95.0,93.0,95.0,1.06,1650.0,1400.0,84.0
GLICL,7/3/2012,95.0,94.0,92.0,94.0,-1.05,190.0,1400.0,84.0
GLICL,7/4/2012,94.0,95.0,94.0,95.0,1.06,3920.0,1400.0,84.0
GLICL,7/5/2012,95.0,97.0,96.0,97.0,2.11,580.0,1400.0,84.0
GLICL,7/8/2012,97.0,97.0,95.0,95.0,-2.06,1510.0,1400.0,84.0
GLICL,7/9/2012,95.0,95.0,95.0,95.0,0.0,200.0,1400.0,84.0
GLICL,7/10/2012,95.0,98.0,96.0,97.0,2.11,810.0,1400.0,84.0
GLICL,7/11/2012,97.0,97.0,96.0,97.0,0.0,100.0,1400.0,84.0
GLICL,7/12/2012,97.0,100.0,96.0,98.0,1.03,1640.0,1400.0,84.0
GLICL,7/15/2012,98.0,106.0,99.0,106.0,8.16,300.0,1400.0,84.0
GLICL,7/17/2012,106.0,104.0,98.0,98.0,-7.55,830.0,1400.0,84.0
GLICL,7/18/2012,98.0,102.0,97.0,98.0,0.0,3790.0,1400.0,84.0
GLICL,7/19/2012,98.0,107.0,97.0,107.0,9.18,2990.0,1400.0,84.0
GLICL,7/22/2012,107.0,113.0,108.0,110.0,2.8,2900.0,1400.0,84.0
GLICL,7/23/2012,110.0,112.0,107.0,107.0,-2.73,2100.0,1400.0,84.0
GLICL,7/24/2012,107.0,107.0,102.0,102.0,-4.67,1570.0,1400.0,84.0
GLICL,7/25/2012,102.0,106.0,104.0,105.0,2.94,2560.0,1400.0,84.0
GLICL,7/26/2012,105.0,106.0,104.0,106.0,0.95,3040.0,1400.0,84.0
GLICL,7/29/2012,106.0,106.0,101.0,103.0,-2.83,2420.0,1400.0,84.0
GLICL,7/30/2012,103.0,105.0,105.0,105.0,1.94,760.0,1400.0,84.0
GLICL,7/31/2012,105.0,107.0,105.0,107.0,1.9,3220.0,1400.0,84.0
GLICL,8/1/2012,107.0,106.0,104.0,104.0,-2.8,9010.0,1400.0,84.0
GLICL,8/5/2012,104.0,106.0,104.0,106.0,1.92,410.0,1400.0,84.0
GLICL,8/6/2012,106.0,108.0,102.0,108.0,1.89,2060.0,1400.0,84.0
GLICL,8/7/2012,108.0,108.0,105.0,106.0,-1.85,3220.0,1400.0,84.0
GLICL,8/8/2012,106.0,111.0,105.0,111.0,4.72,3710.0,1400.0,84.0
GLICL,8/12/2012,111.0,109.0,107.0,108.0,-2.7,1300.0,1400.0,84.0
GLICL,8/13/2012,108.0,109.0,106.0,107.0,-0.93,3150.0,1400.0,84.0
GLICL,8/14/2012,107.0,108.0,107.0,108.0,0.93,2170.0,1400.0,84.0
GLICL,8/15/2012,108.0,112.0,108.0,110.0,1.85,4420.0,1400.0,84.0
GLICL,8/16/2012,110.0,115.0,107.0,113.0,2.73,5150.0,1400.0,84.0
GLICL,8/19/2012,113.0,113.0,109.0,112.0,-0.88,1770.0,1400.0,84.0
GLICL,8/21/2012,112.0,112.0,109.0,111.0,-0.89,2070.0,1400.0,84.0
GLICL,8/22/2012,111.0,116.0,109.0,114.0,2.7,4180.0,1400.0,84.0
GLICL,8/23/2012,114.0,116.0,113.0,116.0,1.75,1020.0,1400.0,84.0
GLICL,8/26/2012,116.0,115.0,113.0,114.0,-1.72,2480.0,1400.0,84.0
GLICL,8/27/2012,114.0,119.0,112.0,119.0,4.39,3450.0,1400.0,84.0
GLICL,8/28/2012,119.0,130.0,115.0,130.0,9.24,6930.0,1400.0,84.0
GLICL,8/29/2012,130.0,140.0,126.0,140.0,7.69,9570.0,1400.0,84.0
GLICL,8/30/2012,140.0,141.0,130.0,132.0,-5.71,11440.0,1400.0,84.0
GLICL,9/2/2012,132.0,136.0,130.0,130.0,-1.52,3475.0,1400.0,84.0
GLICL,9/3/2012,130.0,129.0,126.0,128.0,-1.54,6190.0,1400.0,84.0
GLICL,9/4/2012,128.0,132.0,123.0,129.0,0.78,1550.0,1400.0,84.0
GLICL,9/5/2012,129.0,135.0,128.0,135.0,4.65,14360.0,1400.0,84.0
GLICL,9/6/2012,135.0,143.0,132.0,139.0,2.96,24525.0,1400.0,84.0
GLICL,9/9/2012,139.0,140.0,135.0,138.0,-0.72,6420.0,1400.0,84.0
GLICL,9/10/2012,138.0,136.0,133.0,136.0,-1.45,2510.0,1400.0,84.0
GLICL,9/11/2012,136.0,137.0,131.0,135.0,-0.74,4600.0,1400.0,84.0
GLICL,9/12/2012,135.0,136.0,132.0,134.0,-0.74,3170.0,1400.0,84.0
GLICL,9/13/2012,134.0,137.0,133.0,135.0,0.75,7160.0,1400.0,84.0
GLICL,9/16/2012,135.0,137.0,133.0,135.0,0.0,4390.0,1400.0,84.0
GLICL,9/17/2012,135.0,139.0,134.0,139.0,2.96,1120.0,1400.0,84.0
GLICL,9/18/2012,139.0,144.0,136.0,140.0,0.72,7930.0,1400.0,84.0
GLICL,9/19/2012,140.0,140.0,138.0,139.0,-0.71,5710.0,1400.0,84.0
GLICL,9/20/2012,139.0,141.0,135.0,139.0,0.0,5420.0,1400.0,84.0
GLICL,9/23/2012,139.0,141.0,137.0,138.0,-0.72,5750.0,1400.0,84.0
GLICL,9/24/2012,138.0,140.0,136.0,137.0,-0.72,1660.0,1400.0,84.0
GLICL,9/25/2012,137.0,136.0,134.0,135.0,-1.46,990.0,1400.0,84.0
GLICL,9/26/2012,135.0,138.0,134.0,138.0,2.22,2900.0,1400.0,84.0
GLICL,9/30/2012,140.0,147.0,138.0,147.0,6.52,8815.0,1400.0,84.0
GLICL,10/1/2012,147.0,151.0,142.0,145.0,-1.36,4350.0,1400.0,84.0
GLICL,10/2/2012,145.0,148.0,143.0,148.0,2.07,3570.0,1400.0,84.0
GLICL,10/3/2012,148.0,158.0,142.0,155.0,4.73,12220.0,1400.0,84.0
GLICL,10/4/2012,155.0,170.0,155.0,170.0,9.68,15930.0,1400.0,84.0
GLICL,10/7/2012,170.0,187.0,167.0,182.0,7.06,26350.0,1400.0,84.0
GLICL,10/8/2012,182.0,185.0,173.0,176.0,-3.3,8920.0,1400.0,84.0
GLICL,10/9/2012,176.0,176.0,170.0,170.0,-3.41,9610.0,1400.0,84.0
GLICL,10/10/2012,170.0,173.0,164.0,173.0,1.76,3150.0,1400.0,84.0
GLICL,10/11/2012,173.0,170.0,165.0,165.0,-4.62,3610.0,1400.0,84.0
GLICL,10/14/2012,165.0,170.0,163.0,168.0,1.82,6040.0,1400.0,84.0
GLICL,10/15/2012,168.0,173.0,165.0,171.0,1.79,3300.0,1400.0,84.0
GLICL,10/17/2012,171.0,172.0,168.0,172.0,0.58,900.0,1400.0,84.0
GLICL,10/18/2012,172.0,179.0,174.0,179.0,4.07,1950.0,1400.0,84.0
GLICL,10/30/2012,179.0,180.0,180.0,180.0,0.56,270.0,1400.0,84.0
GLICL,10/31/2012,180.0,183.0,177.0,183.0,1.67,360.0,1400.0,84.0
GLICL,11/1/2012,183.0,185.0,175.0,185.0,1.09,2480.0,1400.0,84.0
GLICL,11/4/2012,185.0,182.0,177.0,182.0,-1.62,110.0,1400.0,84.0
GLICL,11/5/2012,182.0,185.0,181.0,185.0,1.65,1140.0,1400.0,84.0
GLICL,11/6/2012,185.0,182.0,176.0,182.0,-1.62,230.0,1400.0,84.0
GLICL,11/7/2012,182.0,180.0,170.0,175.0,-3.85,3360.0,1400.0,84.0
GLICL,11/8/2012,175.0,175.0,167.0,170.0,-2.86,5110.0,1400.0,84.0
GLICL,11/11/2012,170.0,170.0,161.0,170.0,0.0,1730.0,1400.0,84.0
GLICL,11/12/2012,170.0,167.0,159.0,165.0,-2.94,630.0,1400.0,84.0
GLICL,11/18/2012,165.0,168.0,160.0,162.0,-1.82,3720.0,1400.0,84.0
GLICL,11/20/2012,162.0,165.0,160.0,162.0,0.0,3240.0,1400.0,84.0
GLICL,11/21/2012,162.0,165.0,160.0,165.0,1.85,1830.0,1400.0,84.0
GLICL,11/22/2012,165.0,164.0,160.0,164.0,-0.61,870.0,1400.0,84.0
GLICL,11/26/2012,164.0,161.0,160.0,161.0,-1.83,1620.0,1400.0,84.0
GLICL,11/27/2012,161.0,158.0,158.0,158.0,-1.86,30.0,1400.0,84.0
GLICL,11/28/2012,158.0,155.0,151.0,151.0,-4.43,1100.0,1400.0,84.0
GLICL,11/29/2012,151.0,150.0,147.0,147.0,-2.65,820.0,1400.0,84.0
GLICL,12/2/2012,147.0,149.0,148.0,148.0,0.68,40.0,1400.0,84.0
GLICL,12/3/2012,148.0,156.0,148.0,156.0,5.41,1160.0,1400.0,84.0
GLICL,12/4/2012,156.0,154.0,154.0,154.0,-1.28,200.0,1400.0,84.0
GLICL,12/5/2012,154.0,157.0,152.0,156.0,1.3,4120.0,1400.0,84.0
GLICL,12/6/2012,156.0,156.0,149.0,153.0,-1.92,3030.0,1400.0,84.0
GLICL,12/9/2012,153.0,153.0,150.0,153.0,0.0,500.0,1400.0,84.0
GLICL,12/10/2012,153.0,153.0,150.0,150.0,-1.96,620.0,1400.0,84.0
GLICL,12/11/2012,150.0,153.0,146.0,150.0,0.0,730.0,1400.0,84.0
GLICL,12/12/2012,150.0,150.0,148.0,149.0,-0.67,690.0,1400.0,84.0
GLICL,12/13/2012,149.0,151.0,150.0,151.0,1.34,210.0,1400.0,84.0
GLICL,12/16/2012,151.0,155.0,150.0,155.0,2.65,2490.0,1400.0,84.0
GLICL,12/17/2012,155.0,156.0,153.0,153.0,-1.29,2240.0,1400.0,84.0
GLICL,12/18/2012,153.0,150.0,146.0,150.0,-1.96,420.0,1400.0,84.0
GLICL,12/19/2012,150.0,155.0,152.0,155.0,3.33,1100.0,1400.0,84.0
GLICL,12/20/2012,155.0,154.0,150.0,154.0,-0.65,2380.0,1400.0,84.0
GLICL,12/23/2012,154.0,154.0,149.0,153.0,-0.65,2710.0,1400.0,84.0
GLICL,12/24/2012,153.0,154.0,148.0,154.0,0.65,4650.0,1400.0,84.0
GLICL,12/26/2012,154.0,154.0,152.0,154.0,0.0,1730.0,1400.0,84.0
GLICL,12/27/2012,154.0,158.0,154.0,156.0,1.3,2380.0,1400.0,84.0
GLICL,12/31/2012,156.0,153.0,150.0,153.0,-1.92,370.0,1400.0,84.0
GLICL,1/1/2013,153.0,152.0,151.0,152.0,-0.65,740.0,1400.0,84.0
GLICL,1/2/2013,152.0,152.0,149.0,151.0,-0.66,390.0,1400.0,84.0
GLICL,1/3/2013,151.0,155.0,147.0,149.0,-1.32,2260.0,1400.0,84.0
GLICL,1/6/2013,149.0,149.0,148.0,148.0,-0.67,1800.0,1400.0,84.0
GLICL,1/7/2013,148.0,148.0,145.0,148.0,0.0,1610.0,1400.0,84.0
GLICL,1/8/2013,148.0,146.0,146.0,146.0,-1.35,50.0,1400.0,84.0
GLICL,1/9/2013,146.0,160.0,148.0,151.0,3.42,1400.0,1400.0,84.0
GLICL,1/10/2013,151.0,157.0,150.0,157.0,3.97,860.0,1400.0,84.0
GLICL,1/13/2013,157.0,154.0,144.0,151.0,-3.82,1540.0,1400.0,84.0
GLICL,1/15/2013,151.0,148.0,145.0,145.0,-3.97,1120.0,1400.0,84.0
GLICL,1/16/2013,145.0,146.0,145.0,145.0,0.0,1100.0,1400.0,84.0
GLICL,1/17/2013,145.0,147.0,145.0,145.0,0.0,390.0,1400.0,84.0
GLICL,1/21/2013,145.0,146.0,144.0,146.0,0.69,670.0,1400.0,84.0
GLICL,1/22/2013,146.0,145.0,144.0,144.0,-1.37,420.0,1400.0,84.0
GLICL,1/23/2013,144.0,144.0,138.0,138.0,-4.17,4770.0,1400.0,84.0
GLICL,1/24/2013,138.0,138.0,138.0,138.0,0.0,530.0,1400.0,84.0
GLICL,1/27/2013,138.0,138.0,138.0,138.0,0.0,30.0,1400.0,84.0
GLICL,1/28/2013,138.0,140.0,140.0,140.0,1.45,810.0,1400.0,84.0
GLICL,1/30/2013,140.0,138.0,138.0,138.0,-1.43,20.0,1400.0,84.0
GLICL,1/31/2013,138.0,137.0,136.0,137.0,-0.72,290.0,1400.0,84.0
GLICL,2/3/2013,137.0,137.0,135.0,137.0,0.0,6380.0,1400.0,84.0
GLICL,2/4/2013,137.0,143.0,135.0,143.0,4.38,460.0,1400.0,84.0
GLICL,2/5/2013,143.0,149.0,145.0,146.0,2.1,280.0,1400.0,84.0
GLICL,2/6/2013,146.0,144.0,142.0,142.0,-2.74,290.0,1400.0,84.0
GLICL,2/7/2013,142.0,144.0,140.0,141.0,-0.7,1450.0,1400.0,84.0
GLICL,2/10/2013,141.0,144.0,139.0,139.0,-1.42,490.0,1400.0,84.0
GLICL,2/12/2013,139.0,150.0,141.0,150.0,7.91,890.0,1400.0,84.0
GLICL,2/13/2013,150.0,150.0,147.0,149.0,-0.67,420.0,1400.0,84.0
GLICL,2/14/2013,149.0,154.0,151.0,154.0,3.36,1060.0,1400.0,84.0
GLICL,2/17/2013,154.0,160.0,157.0,160.0,3.9,90.0,1400.0,84.0
GLICL,2/19/2013,160.0,158.0,153.0,153.0,-4.37,2255.0,1400.0,84.0
GLICL,2/20/2013,153.0,150.0,144.0,148.0,-3.27,4150.0,1400.0,84.0
GLICL,2/21/2013,148.0,150.0,145.0,145.0,-2.03,1060.0,1400.0,84.0
GLICL,2/24/2013,145.0,144.0,144.0,144.0,-0.69,140.0,1400.0,84.0
GLICL,2/25/2013,144.0,144.0,142.0,144.0,0.0,160.0,1400.0,84.0
GLICL,2/26/2013,144.0,149.0,146.0,147.0,2.08,1390.0,1400.0,84.0
GLICL,2/27/2013,147.0,147.0,142.0,144.0,-2.04,1390.0,1400.0,84.0
GLICL,2/28/2013,144.0,145.0,145.0,145.0,0.69,50.0,1400.0,84.0
GLICL,3/3/2013,145.0,143.0,143.0,143.0,-1.38,50.0,1400.0,84.0
GLICL,3/4/2013,143.0,145.0,143.0,145.0,1.4,330.0,1400.0,84.0
GLICL,3/5/2013,145.0,143.0,143.0,143.0,-1.38,70.0,1400.0,84.0
GLICL,3/6/2013,143.0,145.0,143.0,143.0,0.0,770.0,1400.0,84.0
GLICL,3/7/2013,143.0,145.0,144.0,144.0,0.7,170.0,1400.0,84.0
GLICL,3/11/2013,144.0,147.0,142.0,147.0,2.08,1170.0,1400.0,84.0
GLICL,3/13/2013,147.0,151.0,149.0,149.0,1.36,3120.0,1400.0,84.0
GLICL,3/14/2013,149.0,151.0,146.0,146.0,-2.01,910.0,1400.0,84.0
GLICL,3/17/2013,146.0,149.0,146.0,146.0,0.0,970.0,1400.0,84.0
GLICL,3/18/2013,146.0,150.0,147.0,150.0,2.74,1100.0,1400.0,84.0
GLICL,3/19/2013,150.0,152.0,147.0,147.0,-2.0,670.0,1400.0,84.0
GLICL,3/20/2013,147.0,146.0,144.0,145.0,-1.36,1150.0,1400.0,84.0
GLICL,3/21/2013,145.0,148.0,145.0,147.0,1.38,1760.0,1400.0,84.0
GLICL,3/24/2013,147.0,146.0,144.0,146.0,-0.68,360.0,1400.0,84.0
GLICL,3/25/2013,146.0,145.0,144.0,144.0,-1.37,540.0,1400.0,84.0
GLICL,3/27/2013,144.0,142.0,142.0,142.0,-1.39,430.0,1400.0,84.0
GLICL,3/28/2013,142.0,153.0,144.0,150.0,5.63,8760.0,1400.0,84.0
GLICL,3/31/2013,150.0,150.0,145.0,147.0,-2.0,5230.0,1400.0,84.0
GLICL,4/1/2013,147.0,149.0,142.0,146.0,-0.68,2870.0,1400.0,84.0
GLICL,4/2/2013,146.0,145.0,142.0,145.0,-0.68,6200.0,1400.0,84.0
GLICL,4/3/2013,145.0,147.0,142.0,147.0,1.38,9710.0,1400.0,84.0
GLICL,4/4/2013,147.0,148.0,142.0,145.0,-1.36,14400.0,1400.0,84.0
GLICL,4/7/2013,145.0,143.0,143.0,143.0,-1.38,250.0,1400.0,84.0
GLICL,4/9/2013,143.0,141.0,141.0,141.0,-1.4,170.0,1400.0,84.0
GLICL,4/16/2013,141.0,143.0,141.0,141.0,0.0,130.0,1400.0,84.0
GLICL,4/17/2013,141.0,141.0,141.0,141.0,0.0,240.0,1400.0,84.0
GLICL,4/23/2013,141.0,134.0,134.0,134.0,-4.96,10.0,1400.0,84.0
GLICL,4/25/2013,134.0,138.0,136.0,138.0,2.99,30.0,1400.0,84.0
GLICL,4/29/2013,138.0,142.0,140.0,140.0,1.45,2640.0,1400.0,84.0
GLICL,4/30/2013,140.0,138.0,136.0,138.0,-1.43,60.0,1400.0,84.0
GLICL,5/2/2013,138.0,136.0,134.0,134.0,-2.9,60.0,1400.0,84.0
GLICL,5/12/2013,134.0,134.0,134.0,134.0,0.0,40.0,1400.0,84.0
GLICL,5/13/2013,134.0,136.0,136.0,136.0,1.49,10.0,1400.0,84.0
GLICL,5/15/2013,136.0,138.0,136.0,138.0,1.47,110.0,1400.0,84.0
GLICL,5/16/2013,138.0,151.0,140.0,151.0,9.42,3620.0,1400.0,84.0
GLICL,5/19/2013,151.0,155.0,154.0,155.0,2.65,180.0,1400.0,84.0
GLICL,5/20/2013,155.0,155.0,155.0,155.0,0.0,500.0,1400.0,84.0
GLICL,5/21/2013,155.0,158.0,152.0,155.0,0.0,2260.0,1400.0,84.0
GLICL,5/23/2013,155.0,155.0,150.0,154.0,-0.65,700.0,1400.0,84.0
GLICL,5/26/2013,154.0,154.0,154.0,154.0,0.0,10.0,1400.0,84.0
GLICL,5/27/2013,154.0,155.0,153.0,153.0,-0.65,230.0,1400.0,84.0
GLICL,5/28/2013,153.0,156.0,150.0,155.0,1.31,1840.0,1400.0,84.0
GLICL,5/30/2013,155.0,160.0,152.0,155.0,0.0,5610.0,1400.0,84.0
GLICL,6/2/2013,155.0,154.0,151.0,153.0,-1.29,1310.0,1400.0,84.0
GLICL,6/3/2013,153.0,156.0,150.0,156.0,1.96,3130.0,1400.0,84.0
GLICL,6/4/2013,156.0,157.0,153.0,154.0,-1.28,3170.0,1400.0,84.0
GLICL,6/6/2013,154.0,151.0,151.0,151.0,-1.95,50.0,1400.0,84.0
GLICL,6/9/2013,151.0,160.0,154.0,154.0,1.99,210.0,1400.0,84.0
GLICL,6/10/2013,154.0,154.0,154.0,154.0,0.0,300.0,1400.0,84.0
GLICL,6/11/2013,154.0,154.0,154.0,154.0,0.0,150.0,1400.0,84.0
GLICL,6/12/2013,154.0,152.0,149.0,151.0,-1.95,4990.0,1400.0,84.0
GLICL,6/13/2013,151.0,154.0,148.0,153.0,1.32,12510.0,1400.0,84.0
GLICL,6/16/2013,153.0,156.0,156.0,156.0,1.96,10.0,1400.0,84.0
GLICL,6/17/2013,156.0,153.0,150.0,150.0,-3.85,240.0,1400.0,84.0
GLICL,6/18/2013,150.0,159.0,153.0,159.0,6.0,30.0,1400.0,84.0
GLICL,6/24/2013,159.0,156.0,150.0,150.0,-5.66,1230.0,1400.0,84.0
GLICL,6/25/2013,150.0,153.0,150.0,151.0,0.67,1010.0,1400.0,84.0
GLICL,6/26/2013,151.0,150.0,149.0,150.0,-0.66,210.0,1400.0,84.0
GLICL,6/27/2013,150.0,150.0,148.0,150.0,0.0,2110.0,1400.0,84.0
GLICL,6/30/2013,150.0,153.0,153.0,153.0,2.0,250.0,1400.0,84.0
GLICL,7/2/2013,153.0,152.0,152.0,152.0,-0.65,200.0,1400.0,84.0
GLICL,7/3/2013,152.0,149.0,149.0,149.0,-1.97,180.0,1400.0,84.0
GLICL,7/4/2013,149.0,148.0,145.0,146.0,-2.01,950.0,1400.0,84.0
GLICL,7/7/2013,146.0,147.0,146.0,146.0,0.0,300.0,1400.0,84.0
GLICL,7/8/2013,146.0,147.0,147.0,147.0,0.68,1250.0,1400.0,84.0
GLICL,7/9/2013,147.0,150.0,148.0,150.0,2.04,100.0,1400.0,84.0
GLICL,7/10/2013,150.0,150.0,148.0,150.0,0.0,630.0,1400.0,84.0
GLICL,7/11/2013,150.0,150.0,150.0,150.0,0.0,140.0,1400.0,84.0
GLICL,7/15/2013,150.0,153.0,152.0,152.0,1.33,250.0,1400.0,84.0
GLICL,7/16/2013,152.0,150.0,148.0,150.0,-1.32,223.0,1400.0,84.0
GLICL,7/17/2013,150.0,150.0,148.0,150.0,0.0,1450.0,1400.0,84.0
GLICL,7/18/2013,150.0,153.0,150.0,150.0,0.0,790.0,1400.0,84.0
GLICL,7/22/2013,150.0,151.0,145.0,148.0,-1.33,1960.0,1400.0,84.0
GLICL,7/23/2013,148.0,160.0,150.0,160.0,8.11,1050.0,1400.0,84.0
GLICL,7/24/2013,160.0,159.0,151.0,151.0,-5.63,1040.0,1400.0,84.0
GLICL,7/25/2013,151.0,154.0,150.0,153.0,1.32,660.0,1400.0,84.0
GLICL,7/28/2013,153.0,168.0,156.0,168.0,9.8,8000.0,1400.0,84.0
GLICL,7/29/2013,168.0,184.0,171.0,180.0,7.14,12050.0,1400.0,84.0
GLICL,7/30/2013,180.0,182.0,175.0,180.0,0.0,4990.0,1400.0,84.0
GLICL,7/31/2013,180.0,184.0,176.0,177.0,-1.67,2800.0,1400.0,84.0
GLICL,8/1/2013,177.0,175.0,171.0,171.0,-3.39,1090.0,1400.0,84.0
GLICL,8/4/2013,171.0,171.0,165.0,165.0,-3.51,740.0,1400.0,84.0
GLICL,8/5/2013,165.0,165.0,162.0,163.0,-1.21,550.0,1400.0,84.0
GLICL,8/6/2013,163.0,165.0,165.0,165.0,1.23,530.0,1400.0,84.0
GLICL,8/7/2013,165.0,174.0,165.0,174.0,5.45,300.0,1400.0,84.0
GLICL,8/8/2013,174.0,178.0,175.0,177.0,1.72,2530.0,1400.0,84.0
GLICL,8/11/2013,177.0,179.0,174.0,178.0,0.56,2900.0,1400.0,84.0
GLICL,8/12/2013,178.0,193.0,178.0,192.0,7.87,8236.0,1400.0,84.0
GLICL,8/13/2013,192.0,206.0,190.0,195.0,1.56,14383.0,1400.0,84.0
GLICL,8/14/2013,195.0,212.0,197.0,203.0,4.1,12433.0,1400.0,84.0
GLICL,8/15/2013,203.0,201.0,193.0,194.0,-4.43,5720.0,1400.0,84.0
GLICL,8/18/2013,194.0,213.0,197.0,213.0,9.79,14260.0,1400.0,84.0
GLICL,8/19/2013,213.0,215.0,199.0,207.0,-2.82,16458.0,1400.0,84.0
GLICL,8/20/2013,207.0,214.0,205.0,210.0,1.45,4794.0,1400.0,84.0
GLICL,8/25/2013,210.0,208.0,201.0,206.0,-1.9,3665.0,1400.0,84.0
GLICL,8/26/2013,206.0,205.0,199.0,202.0,-1.94,4287.0,1400.0,84.0
GLICL,8/27/2013,202.0,213.0,199.0,212.0,4.95,4040.0,1400.0,84.0
GLICL,8/29/2013,212.0,210.0,205.0,208.0,-1.89,1662.0,1400.0,84.0
GLICL,9/1/2013,208.0,209.0,204.0,204.0,-1.92,1167.0,1400.0,84.0
GLICL,9/2/2013,204.0,200.0,196.0,196.0,-3.92,1561.0,1400.0,84.0
GLICL,9/3/2013,196.0,198.0,193.0,198.0,1.02,2135.0,1400.0,84.0
GLICL,9/4/2013,198.0,201.0,196.0,196.0,-1.01,3239.0,1400.0,84.0
GLICL,9/5/2013,196.0,198.0,193.0,196.0,0.0,2243.0,1400.0,84.0
GLICL,9/8/2013,196.0,201.0,193.0,200.0,2.04,1247.0,1400.0,84.0
GLICL,9/9/2013,200.0,201.0,198.0,200.0,0.0,2242.0,1400.0,84.0
GLICL,9/10/2013,200.0,202.0,199.0,202.0,1.0,1475.0,1400.0,84.0
GLICL,9/11/2013,202.0,204.0,200.0,204.0,0.99,2230.0,1400.0,84.0
GLICL,9/12/2013,204.0,208.0,203.0,207.0,1.47,1660.0,1400.0,84.0
GLICL,9/15/2013,207.0,207.0,201.0,204.0,-1.45,3020.0,1400.0,84.0
GLICL,9/16/2013,204.0,224.0,203.0,224.0,9.8,5737.0,1400.0,84.0
GLICL,9/17/2013,224.0,246.0,220.0,246.0,9.82,7702.0,1400.0,84.0
GLICL,9/19/2013,246.0,260.0,235.0,245.0,-0.41,13950.0,1400.0,84.0
GLICL,9/22/2013,245.0,245.0,233.0,241.0,-1.63,3828.0,1400.0,84.0
GLICL,9/23/2013,241.0,244.0,234.0,244.0,1.24,2226.0,1400.0,84.0
GLICL,9/24/2013,244.0,240.0,237.0,240.0,-1.64,795.0,1400.0,84.0
GLICL,9/25/2013,240.0,238.0,231.0,235.0,-2.08,7809.0,1400.0,84.0
GLICL,9/26/2013,235.0,235.0,230.0,230.0,-2.13,2701.0,1400.0,84.0
GLICL,9/29/2013,230.0,237.0,223.0,230.0,0.0,1388.0,1400.0,84.0
GLICL,9/30/2013,230.0,231.0,228.0,230.0,0.0,1146.0,1400.0,84.0
GLICL,10/1/2013,230.0,234.0,230.0,230.0,0.0,6332.0,1400.0,84.0
GLICL,10/2/2013,230.0,242.0,227.0,242.0,5.22,660.0,1400.0,84.0
GLICL,10/3/2013,242.0,243.0,230.0,242.0,0.0,8398.0,1400.0,84.0
GLICL,10/6/2013,242.0,241.0,236.0,236.0,-2.48,5260.0,1400.0,84.0
GLICL,10/7/2013,236.0,246.0,240.0,244.0,3.39,4288.0,1400.0,84.0
GLICL,10/8/2013,244.0,252.0,243.0,247.0,1.23,5758.0,1400.0,84.0
GLICL,10/9/2013,247.0,253.0,243.0,253.0,2.43,8306.0,1400.0,84.0
GLICL,10/10/2013,253.0,264.0,249.0,264.0,4.35,6592.0,1400.0,84.0
GLICL,10/17/2013,264.0,260.0,260.0,260.0,-1.52,74.0,1400.0,84.0
GLICL,10/22/2013,223.0,224.0,216.0,224.0,-13.85,529.0,1400.0,84.0
GLICL,10/23/2013,224.0,245.0,228.0,245.0,9.38,4808.0,1400.0,84.0
GLICL,10/24/2013,245.0,249.0,243.0,249.0,1.63,2122.0,1400.0,84.0
GLICL,10/27/2013,249.0,246.0,245.0,245.0,-1.61,1344.0,1400.0,84.0
GLICL,10/28/2013,245.0,246.0,242.0,245.0,0.0,1294.0,1400.0,84.0
GLICL,10/30/2013,245.0,248.0,243.0,248.0,1.22,1563.0,1400.0,84.0
GLICL,10/31/2013,248.0,245.0,241.0,241.0,-2.82,418.0,1400.0,84.0
GLICL,11/7/2013,241.0,245.0,245.0,245.0,1.66,90.0,1400.0,84.0
GLICL,11/12/2013,245.0,249.0,249.0,249.0,1.63,181.0,1400.0,84.0
GLICL,11/13/2013,249.0,273.0,253.0,265.0,6.43,2446.0,1400.0,84.0
GLICL,11/14/2013,265.0,279.0,265.0,272.0,2.64,3855.0,1400.0,84.0
GLICL,11/21/2013,272.0,287.0,277.0,287.0,5.51,70.0,1400.0,84.0
GLICL,11/24/2013,287.0,315.0,292.0,315.0,9.76,5951.0,1400.0,84.0
GLICL,11/25/2013,315.0,339.0,321.0,339.0,7.62,20991.0,1400.0,84.0
GLICL,11/26/2013,339.0,372.0,345.0,372.0,9.73,8832.0,1400.0,84.0
GLICL,11/27/2013,372.0,409.0,379.0,385.0,3.49,9994.0,1400.0,84.0
GLICL,11/28/2013,385.0,400.0,379.0,399.0,3.64,14359.0,1400.0,84.0
GLICL,12/1/2013,399.0,400.0,389.0,390.0,-2.26,5928.0,1400.0,84.0
GLICL,12/2/2013,390.0,405.0,392.0,405.0,3.85,4148.0,1400.0,84.0
GLICL,12/3/2013,405.0,423.0,395.0,412.0,1.73,17777.0,1400.0,84.0
GLICL,12/4/2013,412.0,453.0,415.0,442.0,7.28,9756.0,1400.0,84.0
GLICL,12/5/2013,442.0,450.0,415.0,415.0,-6.11,6815.0,1400.0,84.0
GLICL,12/8/2013,415.0,407.0,392.0,392.0,-5.54,600.0,1400.0,84.0
GLICL,12/9/2013,392.0,385.0,353.0,353.0,-9.95,8477.0,1400.0,84.0
GLICL,12/10/2013,353.0,358.0,330.0,352.0,-0.28,7225.0,1400.0,84.0
GLICL,12/11/2013,352.0,351.0,341.0,341.0,-3.12,2351.0,1400.0,84.0
GLICL,12/12/2013,341.0,366.0,340.0,352.0,3.23,1013.0,1400.0,84.0
GLICL,12/15/2013,352.0,351.0,345.0,351.0,-0.28,307.0,1400.0,84.0
GLICL,12/16/2013,351.0,372.0,358.0,372.0,5.98,2340.0,1400.0,84.0
GLICL,12/18/2013,372.0,386.0,379.0,386.0,3.76,210.0,1400.0,84.0
GLICL,12/19/2013,386.0,393.0,380.0,380.0,-1.55,1306.0,1400.0,84.0
GLICL,12/22/2013,380.0,375.0,366.0,366.0,-3.68,350.0,1400.0,84.0
GLICL,12/23/2013,366.0,359.0,352.0,352.0,-3.83,263.0,1400.0,84.0
GLICL,12/24/2013,352.0,345.0,333.0,336.0,-4.55,1314.0,1400.0,84.0
GLICL,12/26/2013,336.0,345.0,330.0,340.0,1.19,5540.0,1400.0,84.0
GLICL,12/29/2013,340.0,342.0,330.0,335.0,-1.47,2880.0,1400.0,84.0
GLICL,12/31/2013,335.0,330.0,319.0,319.0,-4.78,5107.0,1400.0,84.0
GLICL,1/1/2014,319.0,316.0,307.0,316.0,-0.94,1408.0,1400.0,84.0
GLICL,1/2/2014,316.0,315.0,310.0,315.0,-0.32,2031.0,1400.0,84.0
GLICL,1/5/2014,315.0,326.0,313.0,319.0,1.27,7134.0,1400.0,84.0
GLICL,1/6/2014,319.0,319.0,319.0,319.0,0.0,200.0,1400.0,84.0
GLICL,1/7/2014,319.0,325.0,320.0,320.0,0.31,813.0,1400.0,84.0
GLICL,1/8/2014,320.0,341.0,320.0,341.0,6.56,1595.0,1400.0,84.0
GLICL,1/9/2014,341.0,354.0,340.0,340.0,-0.29,1816.0,1400.0,84.0
GLICL,1/12/2014,340.0,357.0,340.0,357.0,5.0,2422.0,1400.0,84.0
GLICL,1/13/2014,357.0,368.0,358.0,361.0,1.12,3580.0,1400.0,84.0
GLICL,1/14/2014,361.0,379.0,361.0,373.0,3.32,4020.0,1400.0,84.0
GLICL,1/16/2014,373.0,394.0,376.0,390.0,4.56,2905.0,1400.0,84.0
GLICL,1/19/2014,390.0,404.0,383.0,395.0,1.28,2254.0,1400.0,84.0
GLICL,1/20/2014,395.0,408.0,385.0,392.0,-0.76,6523.0,1400.0,84.0
GLICL,1/21/2014,392.0,387.0,376.0,380.0,-3.06,5599.0,1400.0,84.0
GLICL,1/22/2014,380.0,390.0,370.0,380.0,0.0,20222.0,1400.0,84.0
GLICL,1/23/2014,380.0,399.0,381.0,398.0,4.74,16524.0,1400.0,84.0
GLICL,1/26/2014,398.0,415.0,387.0,415.0,4.27,21787.0,1400.0,84.0
GLICL,1/27/2014,415.0,413.0,392.0,399.0,-3.86,1705.0,1400.0,84.0
GLICL,1/28/2014,399.0,406.0,390.0,400.0,0.25,3233.0,1400.0,84.0
GLICL,1/29/2014,400.0,400.0,385.0,391.0,-2.25,1532.0,1400.0,84.0
GLICL,2/2/2014,391.0,398.0,380.0,388.0,-0.77,3539.0,1400.0,84.0
GLICL,2/3/2014,388.0,381.0,373.0,373.0,-3.87,1739.0,1400.0,84.0
GLICL,2/4/2014,373.0,385.0,360.0,385.0,3.22,955.0,1400.0,84.0
GLICL,2/6/2014,385.0,399.0,384.0,390.0,1.3,1116.0,1400.0,84.0
GLICL,2/9/2014,390.0,390.0,380.0,385.0,-1.28,790.0,1400.0,84.0
GLICL,2/10/2014,385.0,398.0,392.0,398.0,3.38,1262.0,1400.0,84.0
GLICL,2/11/2014,398.0,391.0,384.0,391.0,-1.76,5168.0,1400.0,84.0
GLICL,2/12/2014,391.0,395.0,385.0,393.0,0.51,1800.0,1400.0,84.0
GLICL,2/13/2014,393.0,412.0,393.0,410.0,4.33,20972.0,1400.0,84.0
GLICL,2/16/2014,410.0,418.0,402.0,405.0,-1.22,6688.0,1400.0,84.0
GLICL,2/17/2014,405.0,415.0,400.0,410.0,1.23,17323.0,1400.0,84.0
GLICL,2/18/2014,410.0,451.0,406.0,451.0,10.0,21628.0,1400.0,84.0
GLICL,2/20/2014,451.0,496.0,460.0,478.0,5.99,29992.0,1400.0,84.0
GLICL,2/23/2014,478.0,475.0,455.0,460.0,-3.77,2414.0,1400.0,84.0
GLICL,2/24/2014,460.0,469.0,450.0,450.0,-2.17,20603.0,1400.0,84.0
GLICL,2/25/2014,450.0,459.0,438.0,455.0,1.11,7124.0,1400.0,84.0
GLICL,2/26/2014,455.0,464.0,446.0,455.0,0.0,1686.0,1400.0,84.0
GLICL,3/3/2014,455.0,446.0,420.0,430.0,-5.49,9896.0,1400.0,84.0
GLICL,3/4/2014,430.0,440.0,418.0,440.0,2.33,4615.0,1400.0,84.0
GLICL,3/5/2014,440.0,450.0,431.0,450.0,2.27,2303.0,1400.0,84.0
GLICL,3/6/2014,450.0,445.0,432.0,435.0,-3.33,2980.0,1400.0,84.0
GLICL,3/9/2014,435.0,427.0,406.0,415.0,-4.6,5200.0,1400.0,84.0
GLICL,3/10/2014,415.0,415.0,401.0,410.0,-1.2,3599.0,1400.0,84.0
GLICL,3/11/2014,410.0,415.0,400.0,400.0,-2.44,2562.0,1400.0,84.0
GLICL,3/12/2014,400.0,405.0,398.0,401.0,0.25,4224.0,1400.0,84.0
GLICL,3/13/2014,401.0,418.0,399.0,414.0,3.24,1422.0,1400.0,84.0
GLICL,3/17/2014,414.0,406.0,406.0,406.0,-1.93,35.0,1400.0,84.0
GLICL,3/18/2014,406.0,410.0,394.0,400.0,-1.48,354.0,1400.0,84.0
GLICL,3/19/2014,400.0,405.0,395.0,395.0,-1.25,6028.0,1400.0,84.0
GLICL,3/20/2014,395.0,405.0,393.0,405.0,2.53,5384.0,1400.0,84.0
GLICL,3/23/2014,400.0,406.0,392.0,406.0,0.25,2649.0,1400.0,84.0
GLICL,3/24/2014,406.0,412.0,402.0,408.0,0.49,1975.0,1400.0,84.0
GLICL,3/25/2014,408.0,416.0,408.0,416.0,1.96,3713.0,1400.0,84.0
GLICL,3/26/2014,416.0,414.0,407.0,409.0,-1.68,3391.0,1400.0,84.0
GLICL,3/27/2014,409.0,423.0,410.0,417.0,1.96,7188.0,1400.0,84.0
GLICL,3/31/2014,417.0,438.0,418.0,431.0,3.36,21005.0,1400.0,84.0
GLICL,4/1/2014,431.0,449.0,430.0,442.0,2.55,4905.0,1400.0,84.0
GLICL,4/2/2014,442.0,440.0,430.0,437.0,-1.13,8238.0,1400.0,84.0
GLICL,4/3/2014,437.0,441.0,434.0,434.0,-0.69,7438.0,1400.0,84.0
GLICL,4/6/2014,434.0,430.0,418.0,426.0,-1.84,4503.0,1400.0,84.0
GLICL,4/7/2014,426.0,430.0,422.0,426.0,0.0,3009.0,1400.0,84.0
GLICL,4/9/2014,426.0,435.0,421.0,430.0,0.94,1622.0,1400.0,84.0
GLICL,4/10/2014,430.0,473.0,436.0,465.0,8.14,22355.0,1400.0,84.0
GLICL,4/13/2014,465.0,480.0,465.0,472.0,1.51,13922.0,1400.0,84.0
GLICL,4/15/2014,472.0,480.0,466.0,472.0,0.0,10432.0,1400.0,84.0
GLICL,4/16/2014,472.0,470.0,455.0,460.0,-2.54,25653.0,1400.0,84.0
GLICL,4/17/2014,460.0,470.0,448.0,466.0,1.3,10633.0,1400.0,84.0
GLICL,4/20/2014,466.0,470.0,450.0,450.0,-3.43,2843.0,1400.0,84.0
GLICL,4/21/2014,450.0,459.0,450.0,455.0,1.11,4146.0,1400.0,84.0
GLICL,4/22/2014,455.0,466.0,450.0,466.0,2.42,13212.0,1400.0,84.0
GLICL,4/23/2014,466.0,490.0,475.0,480.0,3.0,16480.0,1400.0,84.0
GLICL,4/27/2014,480.0,501.0,465.0,500.0,4.17,9709.0,1400.0,84.0
GLICL,4/28/2014,500.0,524.0,495.0,512.0,2.4,28339.0,1400.0,84.0
GLICL,4/29/2014,512.0,563.0,515.0,563.0,9.96,41400.0,1400.0,84.0
GLICL,4/30/2014,563.0,596.0,552.0,593.0,5.33,54062.0,1400.0,84.0
GLICL,5/4/2014,593.0,635.0,588.0,635.0,7.08,28430.0,1400.0,84.0
GLICL,5/5/2014,635.0,683.0,584.0,601.0,-5.35,24109.0,1400.0,84.0
GLICL,5/6/2014,601.0,590.0,541.0,587.0,-2.33,14097.0,1400.0,84.0
GLICL,5/7/2014,587.0,607.0,575.0,575.0,-2.04,7889.0,1400.0,84.0
GLICL,5/8/2014,575.0,565.0,544.0,544.0,-5.39,9476.0,1400.0,84.0
GLICL,5/11/2014,544.0,560.0,534.0,558.0,2.57,9372.0,1400.0,84.0
GLICL,5/12/2014,558.0,567.0,547.0,567.0,1.61,22567.0,1400.0,84.0
GLICL,5/13/2014,567.0,589.0,570.0,589.0,3.88,11206.0,1400.0,84.0
GLICL,5/15/2014,589.0,578.0,564.0,570.0,-3.23,5965.0,1400.0,84.0
GLICL,5/18/2014,570.0,568.0,553.0,555.0,-2.63,2357.0,1400.0,84.0
GLICL,5/19/2014,555.0,551.0,536.0,540.0,-2.7,4456.0,1400.0,84.0
GLICL,5/20/2014,540.0,550.0,540.0,541.0,0.19,1810.0,1400.0,84.0
GLICL,5/21/2014,541.0,540.0,525.0,530.0,-2.03,12241.0,1400.0,84.0
GLICL,5/22/2014,530.0,555.0,520.0,555.0,4.72,6842.0,1400.0,84.0
GLICL,5/25/2014,555.0,565.0,545.0,565.0,1.8,956.0,1400.0,84.0
GLICL,5/26/2014,565.0,554.0,535.0,537.0,-4.96,1870.0,1400.0,84.0
GLICL,5/27/2014,537.0,540.0,530.0,540.0,0.56,3308.0,1400.0,84.0
GLICL,5/28/2014,540.0,546.0,535.0,535.0,-0.93,2264.0,1400.0,84.0
GLICL,6/1/2014,535.0,541.0,530.0,535.0,0.0,2315.0,1400.0,84.0
GLICL,6/2/2014,535.0,547.0,530.0,530.0,-0.93,2190.0,1400.0,84.0
GLICL,6/3/2014,530.0,539.0,520.0,520.0,-1.89,2570.0,1400.0,84.0
GLICL,6/4/2014,520.0,530.0,510.0,530.0,1.92,1426.0,1400.0,84.0
GLICL,6/5/2014,530.0,525.0,516.0,516.0,-2.64,1944.0,1400.0,84.0
GLICL,6/8/2014,516.0,520.0,500.0,501.0,-2.91,2434.0,1400.0,84.0
GLICL,6/9/2014,501.0,509.0,500.0,509.0,1.6,2065.0,1400.0,84.0
GLICL,6/10/2014,509.0,511.0,501.0,504.0,-0.98,4215.0,1400.0,84.0
GLICL,6/11/2014,504.0,510.0,500.0,510.0,1.19,2872.0,1400.0,84.0
GLICL,6/12/2014,510.0,513.0,498.0,513.0,0.59,4966.0,1400.0,84.0
GLICL,6/15/2014,513.0,545.0,506.0,545.0,6.24,8243.0,1400.0,84.0
GLICL,6/16/2014,545.0,546.0,526.0,545.0,0.0,4664.0,1400.0,84.0
GLICL,6/17/2014,545.0,577.0,535.0,550.0,0.92,18888.0,1400.0,84.0
GLICL,6/18/2014,550.0,571.0,551.0,562.0,2.18,5244.0,1400.0,84.0
GLICL,6/19/2014,562.0,565.0,545.0,550.0,-2.14,5796.0,1400.0,84.0
GLICL,6/23/2014,550.0,550.0,520.0,550.0,0.0,8799.0,1400.0,84.0
GLICL,6/24/2014,550.0,550.0,540.0,548.0,-0.36,3159.0,1400.0,84.0
GLICL,6/25/2014,548.0,564.0,530.0,564.0,2.92,7713.0,1400.0,84.0
GLICL,6/26/2014,564.0,587.0,560.0,587.0,4.08,12871.0,1400.0,84.0
GLICL,6/29/2014,587.0,598.0,576.0,584.0,-0.51,27022.0,1400.0,84.0
GLICL,6/30/2014,584.0,604.0,555.0,596.0,2.05,26385.0,1400.0,84.0
GLICL,7/1/2014,596.0,645.0,596.0,627.0,5.2,24794.0,1400.0,84.0
GLICL,7/2/2014,627.0,661.0,629.0,631.0,0.64,33063.0,1400.0,84.0
GLICL,7/3/2014,631.0,635.0,609.0,610.0,-3.33,8059.0,1400.0,84.0
GLICL,7/6/2014,610.0,645.0,605.0,645.0,5.74,41145.0,1400.0,84.0
GLICL,7/7/2014,645.0,675.0,650.0,655.0,1.55,18489.0,1400.0,84.0
GLICL,7/8/2014,655.0,690.0,655.0,670.0,2.29,18657.0,1400.0,84.0
GLICL,7/9/2014,670.0,668.0,641.0,660.0,-1.49,9889.0,1400.0,84.0
GLICL,7/10/2014,660.0,648.0,625.0,643.0,-2.58,28038.0,1400.0,84.0
GLICL,7/13/2014,643.0,660.0,639.0,645.0,0.31,4012.0,1400.0,84.0
GLICL,7/14/2014,645.0,645.0,623.0,630.0,-2.33,2827.0,1400.0,84.0
GLICL,7/15/2014,630.0,654.0,630.0,654.0,3.81,9146.0,1400.0,84.0
GLICL,7/16/2014,654.0,665.0,635.0,650.0,-0.61,8937.0,1400.0,84.0
GLICL,7/17/2014,650.0,661.0,640.0,661.0,1.69,6880.0,1400.0,84.0
GLICL,7/20/2014,661.0,674.0,650.0,660.0,-0.15,5334.0,1400.0,84.0
GLICL,7/21/2014,660.0,691.0,660.0,679.0,2.88,25344.0,1400.0,84.0
GLICL,7/22/2014,679.0,680.0,658.0,670.0,-1.33,6284.0,1400.0,84.0
GLICL,7/23/2014,670.0,678.0,644.0,676.0,0.9,4851.0,1400.0,84.0
GLICL,7/24/2014,676.0,675.0,651.0,660.0,-2.37,2442.0,1400.0,84.0
GLICL,7/27/2014,660.0,655.0,643.0,646.0,-2.12,2134.0,1400.0,84.0
GLICL,7/28/2014,646.0,651.0,635.0,650.0,0.62,1491.0,1400.0,84.0
GLICL,7/30/2014,650.0,640.0,630.0,633.0,-2.62,2745.0,1400.0,84.0
GLICL,7/31/2014,633.0,638.0,626.0,637.0,0.63,5611.0,1400.0,84.0
GLICL,8/3/2014,637.0,630.0,620.0,630.0,-1.1,1965.0,1400.0,84.0
GLICL,8/4/2014,630.0,620.0,593.0,600.0,-4.76,1912.0,1400.0,84.0
GLICL,8/5/2014,600.0,630.0,610.0,615.0,2.5,3165.0,1400.0,84.0
GLICL,8/6/2014,615.0,620.0,610.0,615.0,0.0,3872.0,1400.0,84.0
GLICL,8/7/2014,615.0,620.0,598.0,620.0,0.81,2684.0,1400.0,84.0
GLICL,8/12/2014,620.0,609.0,595.0,595.0,-4.03,1568.0,1400.0,84.0
GLICL,8/13/2014,595.0,612.0,571.0,604.0,1.51,10353.0,1400.0,84.0
GLICL,8/14/2014,604.0,620.0,591.0,620.0,2.65,1611.0,1400.0,84.0
GLICL,8/18/2014,620.0,608.0,585.0,585.0,-5.65,170.0,1400.0,84.0
GLICL,8/19/2014,585.0,605.0,588.0,588.0,0.51,1656.0,1400.0,84.0
GLICL,8/20/2014,588.0,590.0,560.0,560.0,-4.76,302.0,1400.0,84.0
GLICL,8/24/2014,560.0,549.0,505.0,505.0,-9.82,4545.0,1400.0,84.0
GLICL,8/25/2014,505.0,495.0,455.0,459.0,-9.11,6148.0,1400.0,84.0
GLICL,8/26/2014,459.0,504.0,451.0,462.0,0.65,10848.0,1400.0,84.0
GLICL,8/27/2014,462.0,508.0,471.0,508.0,9.96,1559.0,1400.0,84.0
GLICL,8/28/2014,508.0,558.0,518.0,558.0,9.84,10795.0,1400.0,84.0
GLICL,8/31/2014,558.0,579.0,546.0,546.0,-2.15,4279.0,1400.0,84.0
GLICL,9/1/2014,546.0,536.0,506.0,520.0,-4.76,1425.0,1400.0,84.0
GLICL,9/3/2014,520.0,540.0,525.0,525.0,0.96,2862.0,1400.0,84.0
GLICL,9/4/2014,525.0,530.0,496.0,501.0,-4.57,4046.0,1400.0,84.0
GLICL,9/7/2014,501.0,505.0,451.0,460.0,-8.18,3730.0,1400.0,84.0
GLICL,9/9/2014,460.0,506.0,469.0,500.0,8.7,5481.0,1400.0,84.0
GLICL,9/10/2014,500.0,520.0,485.0,495.0,-1.0,6117.0,1400.0,84.0
GLICL,9/11/2014,495.0,513.0,486.0,513.0,3.64,2912.0,1400.0,84.0
GLICL,9/14/2014,513.0,503.0,485.0,495.0,-3.51,930.0,1400.0,84.0
GLICL,9/15/2014,495.0,490.0,475.0,484.0,-2.22,856.0,1400.0,84.0
GLICL,9/16/2014,484.0,493.0,475.0,493.0,1.86,1138.0,1400.0,84.0
GLICL,9/17/2014,493.0,490.0,486.0,490.0,-0.61,83.0,1400.0,84.0
GLICL,9/18/2014,490.0,492.0,482.0,492.0,0.41,1021.0,1400.0,84.0
GLICL,9/21/2014,492.0,485.0,477.0,477.0,-3.05,1703.0,1400.0,84.0
GLICL,9/22/2014,477.0,488.0,470.0,488.0,2.31,1749.0,1400.0,84.0
GLICL,9/23/2014,488.0,515.0,497.0,500.0,2.46,2726.0,1400.0,84.0
GLICL,9/24/2014,500.0,534.0,502.0,520.0,4.0,1705.0,1400.0,84.0
GLICL,9/28/2014,520.0,569.0,512.0,569.0,9.42,4848.0,1400.0,84.0
GLICL,9/29/2014,569.0,599.0,559.0,590.0,3.69,11485.0,1400.0,84.0
GLICL,9/30/2014,590.0,600.0,553.0,555.0,-5.93,1678.0,1400.0,84.0
GLICL,10/8/2014,555.0,545.0,528.0,529.0,-4.68,628.0,1400.0,84.0
GLICL,10/9/2014,529.0,540.0,519.0,530.0,0.19,808.0,1400.0,84.0
GLICL,10/12/2014,530.0,540.0,526.0,540.0,1.89,120.0,1400.0,84.0
GLICL,10/13/2014,540.0,550.0,530.0,550.0,1.85,2443.0,1400.0,84.0
GLICL,10/14/2014,550.0,552.0,546.0,546.0,-0.73,938.0,1400.0,84.0
GLICL,10/15/2014,546.0,574.0,542.0,572.0,4.76,4414.0,1400.0,84.0
GLICL,10/16/2014,572.0,576.0,556.0,569.0,-0.52,6911.0,1400.0,84.0
GLICL,10/19/2014,569.0,575.0,555.0,575.0,1.05,2844.0,1400.0,84.0
GLICL,10/20/2014,575.0,580.0,552.0,580.0,0.87,967.0,1400.0,84.0
GLICL,10/21/2014,580.0,591.0,558.0,572.0,-1.38,855.0,1400.0,84.0
GLICL,10/22/2014,572.0,609.0,570.0,609.0,6.47,6411.0,1400.0,84.0
GLICL,10/26/2014,609.0,621.0,606.0,620.0,1.81,7823.0,1400.0,84.0
GLICL,10/27/2014,620.0,634.0,601.0,608.0,-1.94,5519.0,1400.0,84.0
GLICL,10/28/2014,608.0,620.0,606.0,606.0,-0.33,11521.0,1400.0,84.0
GLICL,10/30/2014,606.0,610.0,595.0,603.0,-0.5,3872.0,1400.0,84.0
GLICL,11/2/2014,603.0,600.0,590.0,591.0,-1.99,2656.0,1400.0,84.0
GLICL,11/3/2014,591.0,585.0,575.0,580.0,-1.86,1682.0,1400.0,84.0
GLICL,11/4/2014,580.0,592.0,559.0,565.0,-2.59,4904.0,1400.0,84.0
GLICL,11/5/2014,565.0,596.0,575.0,585.0,3.54,3989.0,1400.0,84.0
GLICL,11/6/2014,585.0,595.0,574.0,595.0,1.71,1006.0,1400.0,84.0
GLICL,11/9/2014,595.0,604.0,583.0,583.0,-2.02,1207.0,1400.0,84.0
GLICL,11/10/2014,583.0,572.0,555.0,566.0,-2.92,3776.0,1400.0,84.0
GLICL,11/11/2014,566.0,570.0,560.0,568.0,0.35,1492.0,1400.0,84.0
GLICL,11/12/2014,568.0,575.0,559.0,563.0,-0.88,898.0,1400.0,84.0
GLICL,11/13/2014,563.0,575.0,562.0,564.0,0.18,955.0,1400.0,84.0
GLICL,11/16/2014,564.0,560.0,545.0,550.0,-2.48,3302.0,1400.0,84.0
GLICL,11/17/2014,550.0,540.0,500.0,513.0,-6.73,726.0,1400.0,84.0
GLICL,11/18/2014,513.0,553.0,493.0,517.0,0.78,6437.0,1400.0,84.0
GLICL,11/19/2014,517.0,550.0,500.0,549.0,6.19,4187.0,1400.0,84.0
GLICL,11/20/2014,549.0,561.0,539.0,558.0,1.64,1584.0,1400.0,84.0
GLICL,11/23/2014,558.0,584.0,545.0,546.0,-2.15,9565.0,1400.0,84.0
GLICL,11/24/2014,546.0,540.0,540.0,540.0,-1.1,490.0,1400.0,84.0
GLICL,11/25/2014,540.0,530.0,530.0,530.0,-1.85,50.0,1400.0,84.0
GLICL,11/30/2014,530.0,535.0,529.0,532.0,0.38,1089.0,1400.0,84.0
GLICL,12/1/2014,532.0,540.0,526.0,526.0,-1.13,3785.0,1400.0,84.0
GLICL,12/2/2014,526.0,521.0,510.0,521.0,-0.95,2276.0,1400.0,84.0
GLICL,12/3/2014,521.0,542.0,529.0,542.0,4.03,4543.0,1400.0,84.0
GLICL,12/4/2014,542.0,552.0,525.0,530.0,-2.21,5431.0,1400.0,84.0
GLICL,12/7/2014,530.0,531.0,520.0,528.0,-0.38,2000.0,1400.0,84.0
GLICL,12/8/2014,528.0,535.0,525.0,525.0,-0.57,1104.0,1400.0,84.0
GLICL,12/9/2014,525.0,532.0,522.0,525.0,0.0,1732.0,1400.0,84.0
GLICL,12/10/2014,525.0,535.0,523.0,525.0,0.0,3142.0,1400.0,84.0
GLICL,12/11/2014,525.0,540.0,520.0,540.0,2.86,3008.0,1400.0,84.0
GLICL,12/14/2014,540.0,569.0,539.0,569.0,5.37,2904.0,1400.0,84.0
GLICL,12/15/2014,569.0,580.0,540.0,558.0,-1.93,1492.0,1400.0,84.0
GLICL,12/16/2014,558.0,555.0,548.0,555.0,-0.54,514.0,1400.0,84.0
GLICL,12/17/2014,555.0,545.0,536.0,539.0,-2.88,1400.0,1400.0,84.0
GLICL,12/18/2014,539.0,544.0,536.0,544.0,0.93,1157.0,1400.0,84.0
GLICL,12/21/2014,544.0,545.0,535.0,535.0,-1.65,167.0,1400.0,84.0
GLICL,12/22/2014,535.0,526.0,526.0,526.0,-1.68,192.0,1400.0,84.0
GLICL,12/23/2014,526.0,524.0,512.0,524.0,-0.38,922.0,1400.0,84.0
GLICL,12/24/2014,524.0,534.0,524.0,533.0,1.72,898.0,1400.0,84.0
GLICL,12/28/2014,533.0,545.0,535.0,545.0,2.25,73.0,1400.0,84.0
GLICL,12/29/2014,545.0,535.0,523.0,535.0,-1.83,1957.0,1400.0,84.0
GLICL,12/31/2014,535.0,533.0,517.0,530.0,-0.93,4759.0,1400.0,84.0
GLICL,1/1/2015,530.0,546.0,532.0,536.0,1.13,4919.0,1400.0,84.0
GLICL,1/4/2015,536.0,549.0,534.0,549.0,2.43,10481.0,1400.0,84.0
GLICL,1/5/2015,549.0,570.0,545.0,547.0,-0.36,12945.0,1400.0,84.0
GLICL,1/6/2015,547.0,547.0,541.0,543.0,-0.73,1242.0,1400.0,84.0
GLICL,1/7/2015,543.0,553.0,540.0,541.0,-0.37,1682.0,1400.0,84.0
GLICL,1/8/2015,541.0,558.0,531.0,550.0,1.66,2947.0,1400.0,84.0
GLICL,1/11/2015,550.0,567.0,550.0,558.0,1.45,2718.0,1400.0,84.0
GLICL,1/12/2015,558.0,560.0,545.0,550.0,-1.43,5703.0,1400.0,84.0
GLICL,1/13/2015,550.0,573.0,550.0,568.0,3.27,8140.0,1400.0,84.0
GLICL,1/14/2015,568.0,595.0,568.0,570.0,0.35,9832.0,1400.0,84.0
GLICL,1/18/2015,570.0,585.0,574.0,580.0,1.75,7500.0,1400.0,84.0
GLICL,1/19/2015,580.0,610.0,573.0,580.0,0.0,7065.0,1400.0,84.0
GLICL,1/20/2015,580.0,581.0,560.0,560.0,-3.45,6223.0,1400.0,84.0
GLICL,1/22/2015,560.0,570.0,559.0,560.0,0.0,6551.0,1400.0,84.0
GLICL,1/25/2015,560.0,578.0,560.0,578.0,3.21,1568.0,1400.0,84.0
GLICL,1/26/2015,578.0,581.0,570.0,570.0,-1.38,1499.0,1400.0,84.0
GLICL,1/27/2015,570.0,566.0,565.0,565.0,-0.88,1460.0,1400.0,84.0
GLICL,1/28/2015,565.0,568.0,565.0,565.0,0.0,813.0,1400.0,84.0
GLICL,1/29/2015,565.0,576.0,560.0,562.0,-0.53,3666.0,1400.0,84.0
GLICL,2/1/2015,562.0,569.0,552.0,552.0,-1.78,5532.0,1400.0,84.0
GLICL,2/2/2015,552.0,568.0,552.0,565.0,2.36,3258.0,1400.0,84.0
GLICL,2/3/2015,565.0,566.0,554.0,560.0,-0.88,4992.0,1400.0,84.0
GLICL,2/4/2015,560.0,565.0,550.0,556.0,-0.71,771.0,1400.0,84.0
GLICL,2/5/2015,556.0,565.0,546.0,560.0,0.72,3199.0,1400.0,84.0
GLICL,2/8/2015,560.0,560.0,555.0,557.0,-0.54,1863.0,1400.0,84.0
GLICL,2/9/2015,557.0,565.0,546.0,560.0,0.54,7086.0,1400.0,84.0
GLICL,2/10/2015,560.0,571.0,556.0,560.0,0.0,3052.0,1400.0,84.0
GLICL,2/11/2015,560.0,565.0,554.0,559.0,-0.18,2226.0,1400.0,84.0
GLICL,2/12/2015,559.0,561.0,555.0,559.0,0.0,7753.0,1400.0,84.0
GLICL,2/15/2015,559.0,575.0,560.0,567.0,1.43,5495.0,1400.0,84.0
GLICL,2/16/2015,567.0,575.0,560.0,561.0,-1.06,3422.0,1400.0,84.0
GLICL,2/18/2015,561.0,568.0,551.0,559.0,-0.36,550.0,1400.0,84.0
GLICL,2/22/2015,559.0,555.0,545.0,555.0,-0.72,2343.0,1400.0,84.0
GLICL,2/23/2015,555.0,554.0,547.0,554.0,-0.18,2077.0,1400.0,84.0
GLICL,2/24/2015,554.0,554.0,543.0,551.0,-0.54,991.0,1400.0,84.0
GLICL,2/25/2015,551.0,548.0,542.0,543.0,-1.45,1139.0,1400.0,84.0
GLICL,2/26/2015,543.0,562.0,541.0,562.0,3.5,873.0,1400.0,84.0
GLICL,3/1/2015,562.0,560.0,552.0,560.0,-0.36,649.0,1400.0,84.0
GLICL,3/2/2015,560.0,582.0,571.0,582.0,3.93,28.0,1400.0,84.0
GLICL,3/3/2015,582.0,585.0,583.0,583.0,0.17,413.0,1400.0,84.0
GLICL,3/4/2015,583.0,572.0,550.0,560.0,-3.95,2064.0,1400.0,84.0
GLICL,3/9/2015,560.0,571.0,551.0,563.0,0.54,4324.0,1400.0,84.0
GLICL,3/10/2015,563.0,564.0,564.0,564.0,0.18,74.0,1400.0,84.0
GLICL,3/11/2015,564.0,560.0,554.0,558.0,-1.06,1068.0,1400.0,84.0
GLICL,3/15/2015,558.0,548.0,545.0,545.0,-2.33,1153.0,1400.0,84.0
GLICL,3/16/2015,545.0,545.0,535.0,535.0,-1.83,535.0,1400.0,84.0
GLICL,3/17/2015,535.0,545.0,535.0,545.0,1.87,599.0,1400.0,84.0
GLICL,3/18/2015,545.0,542.0,535.0,540.0,-0.92,914.0,1400.0,84.0
GLICL,3/19/2015,540.0,550.0,530.0,550.0,1.85,1099.0,1400.0,84.0
GLICL,3/22/2015,550.0,545.0,539.0,541.0,-1.64,1920.0,1400.0,84.0
GLICL,3/23/2015,541.0,537.0,529.0,529.0,-2.22,1146.0,1400.0,84.0
GLICL,3/24/2015,529.0,522.0,520.0,522.0,-1.32,785.0,1400.0,84.0
GLICL,3/25/2015,522.0,525.0,520.0,522.0,0.0,931.0,1400.0,84.0
GLICL,3/26/2015,522.0,525.0,522.0,525.0,0.57,286.0,1400.0,84.0
GLICL,3/29/2015,525.0,525.0,523.0,523.0,-0.38,673.0,1400.0,84.0
GLICL,3/30/2015,523.0,549.0,533.0,549.0,4.97,153.0,1400.0,84.0
GLICL,3/31/2015,549.0,559.0,557.0,559.0,1.82,24.0,1400.0,84.0
GLICL,4/1/2015,559.0,548.0,533.0,533.0,-4.65,265.0,1400.0,84.0
GLICL,4/2/2015,533.0,530.0,519.0,522.0,-2.06,1782.0,1400.0,84.0
GLICL,4/5/2015,522.0,522.0,505.0,511.0,-2.11,2167.0,1400.0,84.0
GLICL,4/6/2015,511.0,530.0,515.0,530.0,3.72,1435.0,1400.0,84.0
GLICL,4/7/2015,530.0,528.0,511.0,527.0,-0.57,7665.0,1400.0,84.0
GLICL,4/8/2015,527.0,521.0,521.0,521.0,-1.14,240.0,1400.0,84.0
GLICL,4/9/2015,521.0,531.0,525.0,531.0,1.92,888.0,1400.0,84.0
GLICL,4/12/2015,531.0,541.0,540.0,540.0,1.69,28.0,1400.0,84.0
GLICL,4/13/2015,540.0,539.0,538.0,539.0,-0.19,537.0,1400.0,84.0
GLICL,4/15/2015,539.0,539.0,539.0,539.0,0.0,30.0,1400.0,84.0
GLICL,4/16/2015,539.0,540.0,540.0,540.0,0.19,95.0,1400.0,84.0
GLICL,4/20/2015,540.0,539.0,539.0,539.0,-0.19,169.0,1400.0,84.0
GLICL,4/21/2015,539.0,529.0,529.0,529.0,-1.86,500.0,1400.0,84.0
GLICL,4/22/2015,529.0,520.0,502.0,520.0,-1.7,1879.0,1400.0,84.0
GLICL,4/23/2015,520.0,510.0,506.0,509.0,-2.12,344.0,1400.0,84.0
GLICL,6/1/2015,509.0,499.0,490.0,490.0,-3.73,27.0,1400.0,84.0
GLICL,6/2/2015,490.0,489.0,442.0,484.0,-1.22,4140.0,1400.0,84.0
GLICL,6/3/2015,484.0,532.0,490.0,525.0,8.47,10121.0,1400.0,84.0
GLICL,6/4/2015,525.0,546.0,518.0,520.0,-0.95,6866.0,1400.0,84.0
GLICL,6/7/2015,520.0,545.0,525.0,540.0,3.85,3116.0,1400.0,84.0
GLICL,6/8/2015,540.0,540.0,535.0,535.0,-0.93,489.0,1400.0,84.0
GLICL,6/9/2015,535.0,577.0,545.0,545.0,1.87,1026.0,1400.0,84.0
GLICL,6/10/2015,545.0,535.0,525.0,525.0,-3.67,180.0,1400.0,84.0
GLICL,6/11/2015,525.0,516.0,506.0,515.0,-1.9,1237.0,1400.0,84.0
GLICL,6/14/2015,515.0,515.0,500.0,510.0,-0.97,1738.0,1400.0,84.0
GLICL,6/15/2015,510.0,515.0,510.0,515.0,0.98,119.0,1400.0,84.0
GLICL,6/16/2015,515.0,511.0,510.0,511.0,-0.78,5511.0,1400.0,84.0
GLICL,6/17/2015,511.0,515.0,507.0,512.0,0.2,1079.0,1400.0,84.0
GLICL,6/21/2015,512.0,503.0,500.0,500.0,-2.34,376.0,1400.0,84.0
GLICL,6/22/2015,500.0,515.0,505.0,515.0,3.0,1500.0,1400.0,84.0
GLICL,6/23/2015,515.0,555.0,525.0,542.0,5.24,2206.0,1400.0,84.0
GLICL,6/24/2015,542.0,539.0,531.0,539.0,-0.55,2003.0,1400.0,84.0
GLICL,6/25/2015,539.0,530.0,525.0,527.0,-2.23,732.0,1400.0,84.0
GLICL,6/28/2015,527.0,557.0,537.0,552.0,4.74,3293.0,1400.0,84.0
GLICL,6/29/2015,552.0,583.0,557.0,570.0,3.26,9337.0,1400.0,84.0
GLICL,6/30/2015,570.0,572.0,560.0,572.0,0.35,7760.0,1400.0,84.0
GLICL,7/1/2015,572.0,600.0,558.0,564.0,-1.4,6785.0,1400.0,84.0
GLICL,7/2/2015,564.0,563.0,553.0,553.0,-1.95,1963.0,1400.0,84.0
GLICL,7/5/2015,553.0,555.0,552.0,555.0,0.36,2306.0,1400.0,84.0
GLICL,7/6/2015,555.0,604.0,545.0,551.0,-0.72,4801.0,1400.0,84.0
GLICL,7/7/2015,551.0,554.0,545.0,552.0,0.18,2631.0,1400.0,84.0
GLICL,7/8/2015,552.0,552.0,548.0,550.0,-0.36,1581.0,1400.0,84.0
GLICL,7/9/2015,550.0,550.0,545.0,550.0,0.0,2010.0,1400.0,84.0
GLICL,7/12/2015,550.0,553.0,542.0,553.0,0.55,1681.0,1400.0,84.0
GLICL,7/13/2015,553.0,550.0,540.0,550.0,-0.54,1793.0,1400.0,84.0
GLICL,7/14/2015,550.0,560.0,545.0,560.0,1.82,2265.0,1400.0,84.0
GLICL,7/15/2015,560.0,570.0,551.0,570.0,1.79,2850.0,1400.0,84.0
GLICL,7/16/2015,570.0,588.0,551.0,582.0,2.11,32060.0,1400.0,84.0
GLICL,7/22/2015,582.0,571.0,550.0,550.0,-5.5,2031.0,1400.0,84.0
GLICL,7/23/2015,550.0,555.0,545.0,555.0,0.91,2728.0,1400.0,84.0
GLICL,7/27/2015,555.0,560.0,550.0,555.0,0.0,5320.0,1400.0,84.0
GLICL,7/28/2015,555.0,545.0,545.0,545.0,-1.8,85.0,1400.0,84.0
GLICL,7/29/2015,545.0,565.0,540.0,565.0,3.67,1187.0,1400.0,84.0
GLICL,7/30/2015,565.0,561.0,555.0,561.0,-0.71,4297.0,1400.0,84.0
GLICL,8/2/2015,561.0,582.0,564.0,582.0,3.74,611.0,1400.0,84.0
GLICL,8/3/2015,582.0,571.0,550.0,560.0,-3.78,3122.0,1400.0,84.0
GLICL,8/4/2015,560.0,555.0,550.0,552.0,-1.43,1821.0,1400.0,84.0
GLICL,8/5/2015,552.0,561.0,550.0,560.0,1.45,5393.0,1400.0,84.0
GLICL,8/6/2015,560.0,582.0,560.0,572.0,2.14,12482.0,1400.0,84.0
GLICL,8/9/2015,572.0,569.0,559.0,569.0,-0.52,768.0,1400.0,84.0
GLICL,8/10/2015,569.0,570.0,555.0,555.0,-2.46,1282.0,1400.0,84.0
GLICL,8/11/2015,555.0,570.0,550.0,570.0,2.7,1546.0,1400.0,84.0
GLICL,8/12/2015,570.0,560.0,542.0,543.0,-4.74,1612.0,1400.0,84.0
GLICL,8/13/2015,543.0,560.0,550.0,550.0,1.29,4395.0,1400.0,84.0
GLICL,8/16/2015,550.0,551.0,530.0,540.0,-1.82,1669.0,1400.0,84.0
GLICL,8/17/2015,540.0,550.0,535.0,550.0,1.85,852.0,1400.0,84.0
GLICL,8/18/2015,550.0,555.0,544.0,553.0,0.55,4116.0,1400.0,84.0
GLICL,8/19/2015,553.0,550.0,542.0,546.0,-1.27,4827.0,1400.0,84.0
GLICL,8/20/2015,546.0,567.0,545.0,545.0,-0.18,5933.0,1400.0,84.0
GLICL,8/23/2015,545.0,555.0,526.0,540.0,-0.92,6800.0,1400.0,84.0
GLICL,8/24/2015,540.0,594.0,550.0,594.0,10.0,158.0,1400.0,84.0
GLICL,8/25/2015,594.0,610.0,603.0,604.0,1.68,705.0,1400.0,84.0
GLICL,8/26/2015,604.0,616.0,605.0,610.0,0.99,3159.0,1400.0,84.0
GLICL,8/27/2015,610.0,671.0,621.0,671.0,10.0,5945.0,1400.0,84.0
GLICL,8/31/2015,671.0,738.0,684.0,738.0,9.99,5676.0,1400.0,84.0
GLICL,9/1/2015,738.0,775.0,725.0,735.0,-0.41,6701.0,1400.0,84.0
GLICL,9/2/2015,735.0,721.0,707.0,707.0,-3.81,30.0,1400.0,84.0
GLICL,9/3/2015,707.0,713.0,643.0,643.0,-9.05,3412.0,1400.0,84.0
GLICL,9/6/2015,643.0,668.0,643.0,650.0,1.09,621.0,1400.0,84.0
GLICL,9/7/2015,650.0,687.0,625.0,687.0,5.69,1356.0,1400.0,84.0
GLICL,9/8/2015,687.0,700.0,700.0,700.0,1.89,10.0,1400.0,84.0
GLICL,9/9/2015,700.0,686.0,660.0,660.0,-5.71,281.0,1400.0,84.0
GLICL,9/10/2015,660.0,647.0,626.0,630.0,-4.55,880.0,1400.0,84.0
GLICL,9/13/2015,630.0,667.0,642.0,654.0,3.81,477.0,1400.0,84.0
GLICL,9/14/2015,654.0,653.0,635.0,650.0,-0.61,1569.0,1400.0,84.0
GLICL,9/15/2015,650.0,656.0,650.0,656.0,0.92,1006.0,1400.0,84.0
GLICL,9/16/2015,656.0,660.0,650.0,650.0,-0.91,1355.0,1400.0,84.0
GLICL,9/17/2015,650.0,646.0,628.0,628.0,-3.38,1506.0,1400.0,84.0
GLICL,9/23/2015,628.0,640.0,640.0,640.0,1.91,1015.0,1400.0,84.0
GLICL,9/24/2015,640.0,640.0,616.0,640.0,0.0,2558.0,1400.0,84.0
GLICL,9/28/2015,640.0,628.0,628.0,628.0,-1.88,55.0,1400.0,84.0
GLICL,9/29/2015,628.0,617.0,617.0,617.0,-1.75,74.0,1400.0,84.0
GLICL,9/30/2015,617.0,629.0,629.0,629.0,1.94,1000.0,1400.0,84.0
GLICL,10/1/2015,629.0,629.0,617.0,617.0,-1.91,700.0,1400.0,84.0
GLICL,10/4/2015,617.0,617.0,617.0,617.0,0.0,106.0,1400.0,84.0
GLICL,10/5/2015,617.0,629.0,629.0,629.0,1.94,200.0,1400.0,84.0
GLICL,10/6/2015,629.0,617.0,617.0,617.0,-1.91,35.0,1400.0,84.0
GLICL,10/7/2015,617.0,617.0,600.0,610.0,-1.13,1543.0,1400.0,84.0
GLICL,10/8/2015,610.0,600.0,600.0,600.0,-1.64,300.0,1400.0,84.0
GLICL,10/11/2015,600.0,612.0,600.0,600.0,0.0,211.0,1400.0,84.0
GLICL,10/14/2015,600.0,590.0,590.0,590.0,-1.67,200.0,1400.0,84.0
GLICL,10/15/2015,590.0,579.0,568.0,569.0,-3.56,806.0,1400.0,84.0
GLICL,10/18/2015,569.0,559.0,532.0,540.0,-5.1,3080.0,1400.0,84.0
GLICL,10/19/2015,540.0,561.0,550.0,550.0,1.85,3344.0,1400.0,84.0
GLICL,10/27/2015,550.0,555.0,550.0,550.0,0.0,215.0,1400.0,84.0
GLICL,10/28/2015,550.0,539.0,525.0,538.0,-2.18,1347.0,1400.0,84.0
GLICL,10/29/2015,538.0,548.0,530.0,530.0,-1.49,503.0,1400.0,84.0
GLICL,11/1/2015,530.0,525.0,525.0,525.0,-0.94,757.0,1400.0,84.0
GLICL,11/2/2015,525.0,540.0,535.0,536.0,2.1,2100.0,1400.0,84.0
GLICL,11/3/2015,536.0,536.0,527.0,536.0,0.0,132.0,1400.0,84.0
GLICL,11/5/2015,536.0,546.0,546.0,546.0,1.87,100.0,1400.0,84.0
GLICL,11/8/2015,546.0,536.0,520.0,520.0,-4.76,5451.0,1400.0,84.0
GLICL,11/9/2015,520.0,570.0,530.0,570.0,9.62,88.0,1400.0,84.0
GLICL,11/10/2015,570.0,592.0,581.0,592.0,3.86,20.0,1400.0,84.0
GLICL,11/15/2015,592.0,590.0,590.0,590.0,-0.34,100.0,1400.0,84.0
GLICL,11/18/2015,590.0,599.0,599.0,599.0,1.53,294.0,1400.0,84.0
GLICL,11/22/2015,599.0,588.0,588.0,588.0,-1.84,10.0,1400.0,84.0
GLICL,11/24/2015,588.0,577.0,577.0,577.0,-1.87,18.0,1400.0,84.0
GLICL,11/30/2015,577.0,566.0,566.0,566.0,-1.91,30.0,1400.0,84.0
GLICL,12/1/2015,566.0,559.0,530.0,559.0,-1.24,2080.0,1400.0,84.0
GLICL,12/3/2015,559.0,570.0,570.0,570.0,1.97,100.0,1400.0,84.0
GLICL,12/6/2015,570.0,580.0,580.0,580.0,1.75,300.0,1400.0,84.0
GLICL,12/7/2015,580.0,569.0,558.0,558.0,-3.79,221.0,1400.0,84.0
GLICL,12/8/2015,558.0,558.0,558.0,558.0,0.0,166.0,1400.0,84.0
GLICL,12/9/2015,558.0,572.0,547.0,565.0,1.25,2955.0,1400.0,84.0
GLICL,12/10/2015,565.0,570.0,560.0,560.0,-0.88,618.0,1400.0,84.0
GLICL,12/13/2015,560.0,571.0,560.0,560.0,0.0,550.0,1400.0,84.0
GLICL,12/14/2015,560.0,566.0,555.0,555.0,-0.89,2121.0,1400.0,84.0
GLICL,12/15/2015,555.0,600.0,566.0,584.0,5.23,20495.0,1400.0,84.0
GLICL,12/16/2015,584.0,606.0,579.0,590.0,1.03,13389.0,1400.0,84.0
GLICL,12/17/2015,590.0,599.0,575.0,580.0,-1.69,6773.0,1400.0,84.0
GLICL,12/20/2015,580.0,587.0,580.0,587.0,1.21,3090.0,1400.0,84.0
GLICL,12/21/2015,587.0,590.0,580.0,590.0,0.51,2993.0,1400.0,84.0
GLICL,12/22/2015,590.0,600.0,590.0,590.0,0.0,2840.0,1400.0,84.0
GLICL,12/23/2015,590.0,602.0,590.0,592.0,0.34,5632.0,1400.0,84.0
GLICL,12/24/2015,592.0,620.0,590.0,615.0,3.89,7191.0,1400.0,84.0
GLICL,12/27/2015,615.0,632.0,610.0,610.0,-0.81,3777.0,1400.0,84.0
GLICL,12/28/2015,610.0,608.0,607.0,607.0,-0.49,1600.0,1400.0,84.0
GLICL,12/29/2015,607.0,632.0,612.0,632.0,4.12,4240.0,1400.0,84.0
GLICL,12/31/2015,632.0,668.0,635.0,641.0,1.42,8490.0,1400.0,84.0
GLICL,1/3/2016,641.0,705.0,653.0,700.0,9.2,28392.0,1400.0,84.0
GLICL,1/4/2016,700.0,728.0,661.0,686.0,-2.0,12487.0,1400.0,84.0
GLICL,1/5/2016,686.0,686.0,651.0,658.0,-4.08,7192.0,1400.0,84.0
GLICL,1/6/2016,658.0,670.0,657.0,664.0,0.91,2302.0,1400.0,84.0
GLICL,1/7/2016,664.0,678.0,670.0,677.0,1.96,4061.0,1400.0,84.0
GLICL,1/10/2016,677.0,686.0,652.0,652.0,-3.69,3642.0,1400.0,84.0
GLICL,1/11/2016,652.0,680.0,665.0,670.0,2.76,1666.0,1400.0,84.0
GLICL,1/12/2016,670.0,675.0,657.0,670.0,0.0,3333.0,1400.0,84.0
GLICL,1/13/2016,670.0,680.0,667.0,675.0,0.75,950.0,1400.0,84.0
GLICL,1/14/2016,675.0,673.0,668.0,673.0,-0.3,728.0,1400.0,84.0
GLICL,1/17/2016,673.0,688.0,670.0,670.0,-0.45,7112.0,1400.0,84.0
GLICL,1/18/2016,670.0,690.0,660.0,679.0,1.34,8076.0,1400.0,84.0
GLICL,1/19/2016,679.0,680.0,665.0,678.0,-0.15,5340.0,1400.0,84.0
GLICL,1/20/2016,678.0,670.0,666.0,668.0,-1.47,2541.0,1400.0,84.0
GLICL,1/21/2016,668.0,671.0,667.0,670.0,0.3,2794.0,1400.0,84.0
GLICL,1/24/2016,670.0,679.0,662.0,678.0,1.19,7996.0,1400.0,84.0
GLICL,1/25/2016,678.0,685.0,670.0,671.0,-1.03,4872.0,1400.0,84.0
GLICL,1/26/2016,671.0,675.0,665.0,670.0,-0.15,5443.0,1400.0,84.0
GLICL,1/27/2016,670.0,688.0,665.0,676.0,0.9,15170.0,1400.0,84.0
GLICL,1/28/2016,615.0,611.0,608.0,610.0,-9.76,1477.0,1400.0,84.0
GLICL,1/31/2016,610.0,614.0,602.0,614.0,0.66,2161.0,1400.0,84.0
GLICL,2/1/2016,614.0,621.0,614.0,615.0,0.16,3530.0,1400.0,84.0
GLICL,2/2/2016,615.0,616.0,610.0,611.0,-0.65,2607.0,1400.0,84.0
GLICL,2/3/2016,611.0,610.0,603.0,605.0,-0.98,3097.0,1400.0,84.0
GLICL,2/4/2016,605.0,625.0,608.0,625.0,3.31,4302.0,1400.0,84.0
GLICL,2/7/2016,625.0,647.0,624.0,628.0,0.48,6102.0,1400.0,84.0
GLICL,2/8/2016,628.0,640.0,632.0,640.0,1.91,4900.0,1400.0,84.0
GLICL,2/11/2016,640.0,673.0,644.0,673.0,5.16,6696.0,1400.0,84.0
GLICL,2/14/2016,673.0,675.0,647.0,656.0,-2.53,8180.0,1400.0,84.0
GLICL,2/15/2016,656.0,655.0,648.0,655.0,-0.15,1266.0,1400.0,84.0
GLICL,2/16/2016,655.0,650.0,643.0,650.0,-0.76,400.0,1400.0,84.0
GLICL,2/17/2016,650.0,650.0,645.0,645.0,-0.77,1585.0,1400.0,84.0
GLICL,2/18/2016,645.0,650.0,635.0,643.0,-0.31,2583.0,1400.0,84.0
GLICL,2/21/2016,643.0,645.0,640.0,640.0,-0.47,2767.0,1400.0,84.0
GLICL,2/22/2016,640.0,632.0,630.0,630.0,-1.56,1310.0,1400.0,84.0
GLICL,2/23/2016,630.0,636.0,620.0,625.0,-0.79,1348.0,1400.0,84.0
GLICL,2/24/2016,625.0,636.0,620.0,630.0,0.8,1932.0,1400.0,84.0
GLICL,2/25/2016,630.0,630.0,620.0,620.0,-1.59,1352.0,1400.0,84.0
GLICL,2/28/2016,620.0,635.0,621.0,634.0,2.26,4854.0,1400.0,84.0
GLICL,2/29/2016,634.0,628.0,616.0,621.0,-2.05,808.0,1400.0,84.0
GLICL,3/1/2016,621.0,629.0,623.0,625.0,0.64,1306.0,1400.0,84.0
GLICL,3/2/2016,625.0,633.0,625.0,628.0,0.48,2865.0,1400.0,84.0
GLICL,3/3/2016,628.0,633.0,624.0,627.0,-0.16,8847.0,1400.0,84.0
GLICL,3/6/2016,627.0,650.0,639.0,640.0,2.07,3415.0,1400.0,84.0
GLICL,3/10/2016,640.0,704.0,650.0,704.0,10.0,26009.0,1400.0,84.0
GLICL,3/13/2016,704.0,753.0,700.0,701.0,-0.43,14072.0,1400.0,84.0
GLICL,3/14/2016,701.0,705.0,675.0,675.0,-3.71,4882.0,1400.0,84.0
GLICL,3/15/2016,675.0,698.0,679.0,698.0,3.41,3058.0,1400.0,84.0
GLICL,3/16/2016,698.0,713.0,699.0,710.0,1.72,21657.0,1400.0,84.0
GLICL,3/17/2016,710.0,743.0,700.0,729.0,2.68,12229.0,1400.0,84.0
GLICL,3/20/2016,729.0,743.0,730.0,738.0,1.23,24203.0,1400.0,84.0
GLICL,3/21/2016,738.0,760.0,730.0,750.0,1.63,9435.0,1400.0,84.0
GLICL,3/23/2016,750.0,755.0,731.0,743.0,-0.93,9244.0,1400.0,84.0
GLICL,3/24/2016,743.0,737.0,726.0,732.0,-1.48,10145.0,1400.0,84.0
GLICL,3/27/2016,732.0,730.0,702.0,729.0,-0.41,13492.0,1400.0,84.0
GLICL,3/28/2016,729.0,729.0,710.0,723.0,-0.82,7013.0,1400.0,84.0
GLICL,3/29/2016,723.0,725.0,683.0,707.0,-2.21,5876.0,1400.0,84.0
GLICL,3/30/2016,707.0,695.0,683.0,688.0,-2.69,1150.0,1400.0,84.0
GLICL,3/31/2016,688.0,690.0,675.0,675.0,-1.89,4736.0,1400.0,84.0
GLICL,4/3/2016,675.0,689.0,666.0,680.0,0.74,2182.0,1400.0,84.0
GLICL,4/4/2016,680.0,693.0,678.0,682.0,0.29,2282.0,1400.0,84.0
GLICL,4/5/2016,682.0,685.0,673.0,676.0,-0.88,2915.0,1400.0,84.0
GLICL,4/6/2016,676.0,685.0,670.0,673.0,-0.44,2569.0,1400.0,84.0
GLICL,4/10/2016,673.0,686.0,661.0,668.0,-0.74,2221.0,1400.0,84.0
GLICL,4/11/2016,668.0,675.0,668.0,670.0,0.3,690.0,1400.0,84.0
GLICL,4/12/2016,670.0,666.0,666.0,666.0,-0.6,500.0,1400.0,84.0
GLICL,4/14/2016,666.0,679.0,670.0,675.0,1.35,990.0,1400.0,84.0
GLICL,4/17/2016,675.0,683.0,662.0,680.0,0.74,2598.0,1400.0,84.0
GLICL,4/18/2016,680.0,705.0,692.0,700.0,2.94,2888.0,1400.0,84.0
GLICL,4/19/2016,700.0,710.0,690.0,692.0,-1.14,1699.0,1400.0,84.0
GLICL,4/20/2016,692.0,694.0,673.0,687.0,-0.72,5292.0,1400.0,84.0
GLICL,4/21/2016,687.0,690.0,680.0,685.0,-0.29,1067.0,1400.0,84.0
GLICL,4/24/2016,685.0,680.0,676.0,680.0,-0.73,1005.0,1400.0,84.0
GLICL,4/25/2016,680.0,681.0,671.0,675.0,-0.74,4072.0,1400.0,84.0
GLICL,4/26/2016,675.0,685.0,675.0,677.0,0.3,3225.0,1400.0,84.0
GLICL,4/27/2016,677.0,683.0,670.0,679.0,0.3,1063.0,1400.0,84.0
GLICL,4/28/2016,679.0,690.0,680.0,686.0,1.03,3582.0,1400.0,84.0
GLICL,5/2/2016,686.0,685.0,673.0,674.0,-1.75,2962.0,1400.0,84.0
GLICL,5/3/2016,674.0,685.0,670.0,670.0,-0.59,1820.0,1400.0,84.0
GLICL,5/4/2016,670.0,680.0,669.0,674.0,0.6,7541.0,1400.0,84.0
GLICL,5/5/2016,674.0,674.0,661.0,674.0,0.0,4001.0,1400.0,84.0
GLICL,5/8/2016,674.0,674.0,670.0,670.0,-0.59,510.0,1400.0,84.0
GLICL,5/9/2016,670.0,696.0,675.0,696.0,3.88,3137.0,1400.0,84.0
GLICL,5/10/2016,696.0,707.0,696.0,700.0,0.57,8665.0,1400.0,84.0
GLICL,5/11/2016,700.0,710.0,700.0,710.0,1.43,6780.0,1400.0,84.0
GLICL,5/12/2016,710.0,710.0,698.0,698.0,-1.69,6928.0,1400.0,84.0
GLICL,5/15/2016,698.0,702.0,695.0,700.0,0.29,3111.0,1400.0,84.0
GLICL,5/16/2016,700.0,700.0,690.0,690.0,-1.43,3075.0,1400.0,84.0
GLICL,5/17/2016,690.0,700.0,695.0,698.0,1.16,6376.0,1400.0,84.0
GLICL,5/18/2016,698.0,727.0,711.0,725.0,3.87,12427.0,1400.0,84.0
GLICL,5/19/2016,725.0,753.0,730.0,748.0,3.17,13634.0,1400.0,84.0
GLICL,5/22/2016,748.0,821.0,745.0,821.0,9.76,22672.0,1400.0,84.0
GLICL,5/23/2016,821.0,853.0,805.0,821.0,0.0,48813.0,1400.0,84.0
GLICL,5/24/2016,821.0,837.0,810.0,816.0,-0.61,25283.0,1400.0,84.0
GLICL,5/25/2016,816.0,815.0,770.0,780.0,-4.41,5766.0,1400.0,84.0
GLICL,5/26/2016,780.0,799.0,760.0,799.0,2.44,7565.0,1400.0,84.0
GLICL,5/29/2016,799.0,878.0,809.0,828.0,3.63,19885.0,1400.0,84.0
GLICL,5/30/2016,828.0,835.0,820.0,828.0,0.0,17223.0,1400.0,84.0
GLICL,5/31/2016,828.0,835.0,821.0,830.0,0.24,9313.0,1400.0,84.0
GLICL,6/1/2016,830.0,834.0,800.0,815.0,-1.81,7267.0,1400.0,84.0
GLICL,6/2/2016,815.0,810.0,785.0,791.0,-2.94,3988.0,1400.0,84.0
GLICL,6/5/2016,791.0,776.0,733.0,733.0,-7.33,5311.0,1400.0,84.0
GLICL,6/6/2016,733.0,787.0,719.0,758.0,3.41,8138.0,1400.0,84.0
GLICL,6/7/2016,758.0,785.0,765.0,765.0,0.92,3129.0,1400.0,84.0
GLICL,6/8/2016,765.0,822.0,770.0,815.0,6.54,8338.0,1400.0,84.0
GLICL,6/9/2016,815.0,896.0,831.0,896.0,9.94,59569.0,1400.0,84.0
GLICL,6/12/2016,896.0,927.0,850.0,898.0,0.22,50344.0,1400.0,84.0
GLICL,6/13/2016,898.0,938.0,876.0,910.0,1.34,20380.0,1400.0,84.0
GLICL,6/14/2016,910.0,916.0,891.0,891.0,-2.09,9669.0,1400.0,84.0
GLICL,6/15/2016,891.0,980.0,899.0,980.0,9.99,28802.0,1400.0,84.0
GLICL,6/16/2016,980.0,1078.0,990.0,1078.0,10.0,62359.0,1400.0,84.0
GLICL,6/19/2016,1078.0,1140.0,996.0,1072.0,-0.56,69501.0,1400.0,84.0
GLICL,6/20/2016,1072.0,1114.0,1030.0,1042.0,-2.8,20185.0,1400.0,84.0
GLICL,6/21/2016,1042.0,1090.0,1022.0,1061.0,1.82,14345.0,1400.0,84.0
GLICL,6/22/2016,1061.0,1096.0,1065.0,1083.0,2.07,12176.0,1400.0,84.0
GLICL,6/23/2016,1083.0,1150.0,1065.0,1090.0,0.65,23820.0,1400.0,84.0
GLICL,6/26/2016,1090.0,1100.0,1040.0,1070.0,-1.83,10956.0,1400.0,84.0
GLICL,6/27/2016,1070.0,1075.0,1040.0,1048.0,-2.06,12798.0,1400.0,84.0
GLICL,6/28/2016,1048.0,1065.0,1000.0,1040.0,-0.76,20222.0,1400.0,84.0
GLICL,6/29/2016,1040.0,1071.0,1030.0,1030.0,-0.96,8359.0,1400.0,84.0
GLICL,6/30/2016,1030.0,1092.0,1015.0,1034.0,0.39,14327.0,1400.0,84.0
GLICL,7/3/2016,1034.0,1035.0,1015.0,1022.0,-1.16,9513.0,1400.0,84.0
GLICL,7/4/2016,1022.0,1040.0,1010.0,1015.0,-0.68,13398.0,1400.0,84.0
GLICL,7/5/2016,1015.0,1030.0,990.0,1030.0,1.48,17364.0,1400.0,84.0
GLICL,7/6/2016,1030.0,1025.0,997.0,1000.0,-2.91,8174.0,1400.0,84.0
GLICL,7/10/2016,1000.0,1039.0,1000.0,1000.0,0.0,8181.0,1400.0,84.0
GLICL,7/11/2016,1000.0,985.0,965.0,965.0,-3.5,4258.0,1400.0,84.0
GLICL,7/12/2016,965.0,960.0,907.0,940.0,-2.59,9096.0,1400.0,84.0
GLICL,7/13/2016,940.0,961.0,901.0,935.0,-0.53,6880.0,1400.0,84.0
GLICL,7/14/2016,935.0,960.0,935.0,950.0,1.6,2356.0,1400.0,84.0
GLICL,7/17/2016,950.0,940.0,875.0,929.0,-2.21,2748.0,1400.0,84.0
GLICL,7/18/2016,929.0,1021.0,911.0,1021.0,9.9,10467.0,1400.0,84.0
GLICL,7/19/2016,1021.0,1050.0,980.0,980.0,-4.02,7149.0,1400.0,84.0
GLICL,7/20/2016,980.0,1018.0,985.0,1000.0,2.04,15540.0,1400.0,84.0
GLICL,7/21/2016,1000.0,1015.0,980.0,997.0,-0.3,9655.0,1400.0,84.0
GLICL,7/25/2016,997.0,1000.0,981.0,998.0,0.1,4751.0,1400.0,84.0
GLICL,7/26/2016,998.0,1005.0,985.0,1000.0,0.2,7142.0,1400.0,84.0
GLICL,7/27/2016,1000.0,1000.0,981.0,990.0,-1.0,7220.0,1400.0,84.0
GLICL,7/28/2016,990.0,1000.0,972.0,991.0,0.1,5652.0,1400.0,84.0
GLICL,7/31/2016,991.0,1000.0,981.0,1000.0,0.91,5874.0,1400.0,84.0
GLICL,8/1/2016,1000.0,1000.0,972.0,995.0,-0.5,3478.0,1400.0,84.0
GLICL,8/2/2016,995.0,978.0,950.0,955.0,-4.02,1326.0,1400.0,84.0
GLICL,8/3/2016,955.0,980.0,942.0,956.0,0.1,3325.0,1400.0,84.0
GLICL,8/4/2016,956.0,950.0,915.0,915.0,-4.29,5913.0,1400.0,84.0
GLICL,8/7/2016,915.0,960.0,897.0,897.0,-1.97,4755.0,1400.0,84.0
GLICL,8/8/2016,897.0,890.0,848.0,848.0,-5.46,2583.0,1400.0,84.0
GLICL,8/9/2016,848.0,881.0,864.0,881.0,3.89,374.0,1400.0,84.0
GLICL,8/10/2016,881.0,905.0,870.0,870.0,-1.25,5435.0,1400.0,84.0
GLICL,8/11/2016,870.0,880.0,874.0,880.0,1.15,1228.0,1400.0,84.0
GLICL,8/14/2016,880.0,870.0,840.0,840.0,-4.55,3891.0,1400.0,84.0
GLICL,8/15/2016,840.0,824.0,782.0,811.0,-3.45,2239.0,1400.0,84.0
GLICL,8/16/2016,811.0,827.0,795.0,815.0,0.49,2859.0,1400.0,84.0
GLICL,8/17/2016,815.0,864.0,820.0,853.0,4.66,1731.0,1400.0,84.0
GLICL,8/21/2016,853.0,851.0,835.0,850.0,-0.35,1350.0,1400.0,84.0
GLICL,8/22/2016,850.0,850.0,835.0,835.0,-1.76,1078.0,1400.0,84.0
GLICL,8/23/2016,835.0,819.0,805.0,805.0,-3.59,359.0,1400.0,84.0
GLICL,8/24/2016,805.0,885.0,805.0,885.0,9.94,2250.0,1400.0,84.0
GLICL,8/28/2016,885.0,935.0,902.0,935.0,5.65,7458.0,1400.0,84.0
GLICL,8/29/2016,935.0,972.0,923.0,930.0,-0.53,1939.0,1400.0,84.0
GLICL,8/30/2016,930.0,930.0,902.0,925.0,-0.54,2266.0,1400.0,84.0
GLICL,8/31/2016,925.0,950.0,935.0,950.0,2.7,4069.0,1400.0,84.0
GLICL,9/1/2016,950.0,945.0,933.0,933.0,-1.79,2797.0,1400.0,84.0
GLICL,9/3/2016,933.0,944.0,905.0,905.0,-3.0,456.0,1400.0,84.0
GLICL,9/4/2016,933.0,944.0,905.0,905.0,0.0,456.0,1400.0,84.0
GLICL,9/5/2016,905.0,918.0,900.0,905.0,0.0,619.0,1400.0,84.0
GLICL,9/6/2016,905.0,960.0,900.0,905.0,0.0,3947.0,1400.0,84.0
GLICL,9/7/2016,905.0,928.0,890.0,915.0,1.1,1259.0,1400.0,84.0
GLICL,9/8/2016,915.0,970.0,915.0,970.0,6.01,9143.0,1400.0,84.0
GLICL,9/11/2016,970.0,985.0,955.0,960.0,-1.03,7904.0,1400.0,84.0
GLICL,9/12/2016,960.0,988.0,960.0,985.0,2.6,4432.0,1400.0,84.0
GLICL,9/14/2016,985.0,1009.0,985.0,998.0,1.32,7814.0,1400.0,84.0
GLICL,9/18/2016,998.0,1000.0,985.0,995.0,-0.3,7391.0,1400.0,84.0
GLICL,9/20/2016,995.0,980.0,943.0,960.0,-3.52,5161.0,1400.0,84.0
GLICL,9/21/2016,960.0,951.0,940.0,950.0,-1.04,708.0,1400.0,84.0
GLICL,9/22/2016,950.0,960.0,935.0,957.0,0.74,5040.0,1400.0,84.0
GLICL,9/25/2016,957.0,945.0,925.0,931.0,-2.72,1395.0,1400.0,84.0
GLICL,9/26/2016,931.0,940.0,925.0,938.0,0.75,2182.0,1400.0,84.0
GLICL,9/27/2016,938.0,940.0,936.0,936.0,-0.21,1415.0,1400.0,84.0
GLICL,9/28/2016,936.0,940.0,925.0,927.0,-0.96,2673.0,1400.0,84.0
GLICL,9/29/2016,927.0,930.0,919.0,930.0,0.32,1582.0,1400.0,84.0
GLICL,10/2/2016,930.0,943.0,902.0,943.0,1.4,1223.0,1400.0,84.0
GLICL,10/3/2016,943.0,945.0,930.0,931.0,-1.27,1711.0,1400.0,84.0
GLICL,10/4/2016,931.0,984.0,930.0,965.0,3.65,2131.0,1400.0,84.0
GLICL,10/5/2016,965.0,989.0,937.0,989.0,2.49,1157.0,1400.0,84.0
GLICL,10/6/2016,989.0,1000.0,951.0,966.0,-2.33,3483.0,1400.0,84.0
GLICL,10/16/2016,966.0,970.0,955.0,955.0,-1.14,1983.0,1400.0,84.0
GLICL,10/17/2016,955.0,974.0,936.0,947.0,-0.84,790.0,1400.0,84.0
GLICL,10/18/2016,947.0,965.0,931.0,965.0,1.9,2216.0,1400.0,84.0
GLICL,10/19/2016,965.0,957.0,941.0,946.0,-1.97,1126.0,1400.0,84.0
GLICL,10/20/2016,946.0,950.0,937.0,937.0,-0.95,421.0,1400.0,84.0
GLICL,10/23/2016,937.0,955.0,934.0,934.0,-0.32,2211.0,1400.0,84.0
GLICL,10/24/2016,934.0,940.0,925.0,926.0,-0.86,2214.0,1400.0,84.0
GLICL,10/25/2016,926.0,937.0,912.0,937.0,1.19,2611.0,1400.0,84.0
GLICL,10/26/2016,937.0,940.0,919.0,940.0,0.32,629.0,1400.0,84.0
GLICL,10/27/2016,940.0,958.0,930.0,930.0,-1.06,576.0,1400.0,84.0
GLICL,11/3/2016,930.0,930.0,915.0,930.0,0.0,619.0,1400.0,84.0
GLICL,11/7/2016,930.0,946.0,910.0,928.0,-0.22,2930.0,1400.0,84.0
GLICL,11/8/2016,928.0,922.0,904.0,920.0,-0.86,1638.0,1400.0,84.0
GLICL,11/9/2016,920.0,920.0,895.0,910.0,-1.09,1643.0,1400.0,84.0
GLICL,11/10/2016,910.0,902.0,882.0,895.0,-1.65,1908.0,1400.0,84.0
GLICL,11/13/2016,895.0,890.0,878.0,880.0,-1.68,2937.0,1400.0,84.0
GLICL,11/14/2016,880.0,897.0,877.0,897.0,1.93,7028.0,1400.0,84.0
GLICL,11/15/2016,897.0,895.0,886.0,890.0,-0.78,2677.0,1400.0,84.0
GLICL,11/16/2016,890.0,900.0,875.0,895.0,0.56,2270.0,1400.0,84.0
GLICL,11/17/2016,895.0,880.0,865.0,865.0,-3.35,5961.0,1400.0,84.0
GLICL,11/20/2016,865.0,850.0,792.0,801.0,-7.4,1546.0,1400.0,84.0
GLICL,11/21/2016,801.0,818.0,785.0,814.0,1.62,2711.0,1400.0,84.0
GLICL,11/22/2016,814.0,830.0,775.0,776.0,-4.67,9476.0,1400.0,84.0
GLICL,11/23/2016,776.0,770.0,731.0,731.0,-5.8,4224.0,1400.0,84.0
GLICL,11/24/2016,731.0,750.0,685.0,703.0,-3.83,6815.0,1400.0,84.0
GLICL,11/27/2016,703.0,715.0,659.0,660.0,-6.12,4072.0,1400.0,84.0
GLICL,11/28/2016,660.0,700.0,620.0,680.0,3.03,8374.0,1400.0,84.0
GLICL,11/29/2016,680.0,748.0,680.0,747.0,9.85,5060.0,1400.0,84.0
GLICL,11/30/2016,747.0,810.0,750.0,810.0,8.43,10154.0,1400.0,84.0
GLICL,12/1/2016,810.0,840.0,780.0,789.0,-2.59,9244.0,1400.0,84.0
GLICL,12/4/2016,789.0,809.0,770.0,772.0,-2.15,6550.0,1400.0,84.0
GLICL,12/5/2016,772.0,765.0,735.0,745.0,-3.5,6472.0,1400.0,84.0
GLICL,12/6/2016,745.0,780.0,731.0,760.0,2.01,6219.0,1400.0,84.0
GLICL,12/7/2016,760.0,770.0,755.0,760.0,0.0,3993.0,1400.0,84.0
GLICL,12/8/2016,760.0,760.0,735.0,740.0,-2.63,4009.0,1400.0,84.0
GLICL,12/11/2016,740.0,729.0,707.0,713.0,-3.65,3531.0,1400.0,84.0
GLICL,12/12/2016,713.0,724.0,700.0,715.0,0.28,5282.0,1400.0,84.0
GLICL,12/14/2016,715.0,724.0,690.0,724.0,1.26,500.0,1400.0,84.0
GLICL,12/15/2016,724.0,740.0,730.0,733.0,1.24,529.0,1400.0,84.0
GLICL,12/18/2016,733.0,755.0,718.0,734.0,0.14,6328.0,1400.0,84.0
GLICL,12/19/2016,734.0,730.0,725.0,725.0,-1.23,543.0,1400.0,84.0
GLICL,12/20/2016,725.0,723.0,717.0,717.0,-1.1,382.0,1400.0,84.0
GLICL,12/21/2016,717.0,718.0,700.0,700.0,-2.37,2986.0,1400.0,84.0
GLICL,12/22/2016,700.0,710.0,700.0,700.0,0.0,2154.0,1400.0,84.0
GLICL,12/26/2016,700.0,700.0,670.0,670.0,-4.29,3391.0,1400.0,84.0
GLICL,12/27/2016,670.0,672.0,647.0,661.0,-1.34,3208.0,1400.0,84.0
GLICL,12/28/2016,661.0,673.0,648.0,660.0,-0.15,3286.0,1400.0,84.0
GLICL,12/29/2016,660.0,723.0,652.0,695.0,5.3,2184.0,1400.0,84.0
GLICL,1/1/2017,695.0,725.0,686.0,686.0,-1.29,4176.0,1400.0,84.0
GLICL,1/2/2017,686.0,712.0,685.0,712.0,3.79,2150.0,1400.0,84.0
GLICL,1/3/2017,712.0,712.0,685.0,685.0,-3.79,3049.0,1400.0,84.0
GLICL,1/4/2017,685.0,714.0,680.0,700.0,2.19,812.0,1400.0,84.0
GLICL,1/5/2017,700.0,705.0,686.0,694.0,-0.86,1229.0,1400.0,84.0
GLICL,1/8/2017,694.0,685.0,670.0,670.0,-3.46,2626.0,1400.0,84.0
GLICL,1/9/2017,670.0,696.0,657.0,690.0,2.99,2248.0,1400.0,84.0
GLICL,1/10/2017,690.0,711.0,703.0,711.0,3.04,712.0,1400.0,84.0
GLICL,1/11/2017,711.0,705.0,687.0,687.0,-3.38,857.0,1400.0,84.0
GLICL,1/12/2017,687.0,714.0,700.0,705.0,2.62,2480.0,1400.0,84.0
GLICL,1/15/2017,705.0,700.0,690.0,691.0,-1.99,2195.0,1400.0,84.0
GLICL,1/16/2017,691.0,690.0,690.0,690.0,-0.14,60.0,1400.0,84.0
GLICL,1/17/2017,690.0,703.0,690.0,690.0,0.0,298.0,1400.0,84.0
GLICL,1/18/2017,690.0,699.0,675.0,682.0,-1.16,2908.0,1400.0,84.0
GLICL,1/19/2017,682.0,700.0,666.0,697.0,2.2,2459.0,1400.0,84.0
GLICL,1/22/2017,697.0,705.0,695.0,695.0,-0.29,190.0,1400.0,84.0
GLICL,1/23/2017,695.0,685.0,670.0,675.0,-2.88,2382.0,1400.0,84.0
GLICL,1/24/2017,675.0,688.0,670.0,670.0,-0.74,391.0,1400.0,84.0
GLICL,1/25/2017,670.0,670.0,650.0,655.0,-2.24,3684.0,1400.0,84.0
GLICL,1/26/2017,655.0,663.0,620.0,660.0,0.76,1783.0,1400.0,84.0
GLICL,1/31/2017,660.0,647.0,594.0,594.0,-10.0,800.0,1400.0,84.0
GLICL,2/1/2017,594.0,650.0,605.0,650.0,9.43,2584.0,1400.0,84.0
GLICL,2/2/2017,650.0,663.0,625.0,648.0,-0.31,1651.0,1400.0,84.0
GLICL,2/5/2017,648.0,648.0,624.0,625.0,-3.55,503.0,1400.0,84.0
GLICL,2/6/2017,625.0,613.0,613.0,613.0,-1.92,94.0,1400.0,84.0
GLICL,2/7/2017,613.0,613.0,590.0,605.0,-1.31,2121.0,1400.0,84.0
GLICL,2/8/2017,605.0,603.0,580.0,580.0,-4.13,630.0,1400.0,84.0
GLICL,2/9/2017,580.0,575.0,530.0,530.0,-8.62,950.0,1400.0,84.0
GLICL,2/12/2017,530.0,525.0,477.0,480.0,-9.43,3461.0,1400.0,84.0
GLICL,2/13/2017,480.0,489.0,436.0,489.0,1.88,1967.0,1400.0,84.0
GLICL,2/14/2017,489.0,517.0,471.0,471.0,-3.68,3285.0,1400.0,84.0
GLICL,2/15/2017,471.0,518.0,476.0,518.0,9.98,7483.0,1400.0,84.0
GLICL,2/16/2017,518.0,569.0,511.0,569.0,9.85,7993.0,1400.0,84.0
GLICL,2/19/2017,569.0,625.0,545.0,625.0,9.84,11272.0,1400.0,84.0
GLICL,2/20/2017,625.0,687.0,637.0,680.0,8.8,14525.0,1400.0,84.0
GLICL,2/21/2017,680.0,720.0,656.0,684.0,0.59,14694.0,1400.0,84.0
GLICL,2/22/2017,684.0,685.0,638.0,645.0,-5.7,6158.0,1400.0,84.0
GLICL,2/23/2017,645.0,650.0,640.0,640.0,-0.78,2058.0,1400.0,84.0
GLICL,2/26/2017,640.0,650.0,626.0,630.0,-1.56,696.0,1400.0,84.0
GLICL,2/28/2017,630.0,641.0,600.0,609.0,-3.33,2950.0,1400.0,84.0
GLICL,3/1/2017,609.0,645.0,621.0,639.0,4.93,4417.0,1400.0,84.0
GLICL,3/2/2017,639.0,649.0,640.0,648.0,1.41,2703.0,1400.0,84.0
GLICL,3/5/2017,648.0,675.0,650.0,675.0,4.17,4588.0,1400.0,84.0
GLICL,3/6/2017,675.0,680.0,650.0,655.0,-2.96,2391.0,1400.0,84.0
GLICL,3/7/2017,655.0,643.0,631.0,631.0,-3.66,4831.0,1400.0,84.0
GLICL,3/9/2017,631.0,657.0,620.0,655.0,3.8,1177.0,1400.0,84.0
GLICL,3/13/2017,655.0,660.0,647.0,659.0,0.61,1435.0,1400.0,84.0
GLICL,3/14/2017,659.0,652.0,650.0,650.0,-1.37,1375.0,1400.0,84.0
GLICL,3/15/2017,650.0,670.0,645.0,670.0,3.08,1476.0,1400.0,84.0
GLICL,3/16/2017,670.0,660.0,660.0,660.0,-1.49,50.0,1400.0,84.0
GLICL,3/19/2017,660.0,693.0,658.0,690.0,4.55,5398.0,1400.0,84.0
GLICL,3/20/2017,690.0,759.0,689.0,754.0,9.28,20909.0,1400.0,84.0
GLICL,3/21/2017,754.0,780.0,730.0,763.0,1.19,17461.0,1400.0,84.0
GLICL,3/22/2017,763.0,775.0,740.0,740.0,-3.01,13967.0,1400.0,84.0
GLICL,3/23/2017,740.0,760.0,721.0,750.0,1.35,10756.0,1400.0,84.0
GLICL,3/26/2017,750.0,810.0,760.0,790.0,5.33,19472.0,1400.0,84.0
GLICL,3/28/2017,790.0,869.0,805.0,869.0,10.0,13222.0,1400.0,84.0
GLICL,3/29/2017,869.0,900.0,833.0,858.0,-1.27,21537.0,1400.0,84.0
GLICL,3/30/2017,858.0,875.0,783.0,841.0,-1.98,27765.0,1400.0,84.0
GLICL,4/2/2017,841.0,925.0,857.0,925.0,9.99,797.0,1400.0,84.0
GLICL,4/3/2017,925.0,1017.0,943.0,1017.0,9.95,42027.0,1400.0,84.0
GLICL,4/4/2017,1017.0,1078.0,1000.0,1049.0,3.15,63600.0,1400.0,84.0
GLICL,4/6/2017,1049.0,1153.0,1026.0,1110.0,5.82,55335.0,1400.0,84.0
GLICL,4/9/2017,1110.0,1154.0,1095.0,1095.0,-1.35,24325.0,1400.0,84.0
GLICL,4/10/2017,1095.0,1195.0,1080.0,1188.0,8.49,48280.0,1400.0,84.0
GLICL,4/11/2017,1188.0,1306.0,1175.0,1299.0,9.34,65070.0,1400.0,84.0
GLICL,4/12/2017,1299.0,1400.0,1250.0,1250.0,-3.77,60887.0,1400.0,84.0
GLICL,4/13/2017,1250.0,1356.0,1202.0,1306.0,4.48,56965.0,1400.0,84.0
GLICL,4/16/2017,1306.0,1314.0,1232.0,1240.0,-5.05,40974.0,1400.0,84.0
GLICL,4/18/2017,1240.0,1240.0,1147.0,1190.0,-4.03,37498.0,1400.0,84.0
GLICL,4/19/2017,1190.0,1280.0,1180.0,1262.0,6.05,33356.0,1400.0,84.0
GLICL,4/20/2017,1262.0,1338.0,1262.0,1284.0,1.74,28247.0,1400.0,84.0
GLICL,4/23/2017,1284.0,1389.0,1280.0,1300.0,1.25,36036.0,1400.0,84.0
GLICL,4/24/2017,1300.0,1326.0,1260.0,1277.0,-1.77,17669.0,1400.0,84.0
GLICL,4/25/2017,1277.0,1305.0,1255.0,1284.0,0.55,23838.0,1400.0,84.0
GLICL,4/26/2017,1284.0,1291.0,1270.0,1281.0,-0.23,19959.0,1400.0,84.0
GLICL,4/27/2017,1281.0,1300.0,1271.0,1295.0,1.09,25626.0,1400.0,84.0
GLICL,4/30/2017,1295.0,1301.0,1265.0,1282.0,-1.0,19998.0,1400.0,84.0
GLICL,5/2/2017,1282.0,1285.0,1260.0,1280.0,-0.16,12533.0,1400.0,84.0
GLICL,5/3/2017,1280.0,1300.0,1272.0,1278.0,-0.16,7917.0,1400.0,84.0
GLICL,5/4/2017,1278.0,1280.0,1248.0,1251.0,-2.11,7235.0,1400.0,84.0
GLICL,5/7/2017,1251.0,1240.0,1210.0,1229.0,-1.76,11591.0,1400.0,84.0
GLICL,5/8/2017,1229.0,1250.0,1205.0,1230.0,0.08,6977.0,1400.0,84.0
GLICL,5/9/2017,1230.0,1259.0,1226.0,1250.0,1.63,5898.0,1400.0,84.0
GLICL,5/11/2017,1250.0,1260.0,1236.0,1240.0,-0.8,4201.0,1400.0,84.0
GLICL,5/15/2017,1240.0,1287.0,1238.0,1238.0,-0.16,5457.0,1400.0,84.0
GLICL,5/16/2017,1238.0,1250.0,1235.0,1239.0,0.08,3647.0,1400.0,84.0
GLICL,5/17/2017,1239.0,1250.0,1216.0,1230.0,-0.73,1116.0,1400.0,84.0
GLICL,5/18/2017,1230.0,1230.0,1218.0,1228.0,-0.16,4916.0,1400.0,84.0
GLICL,5/21/2017,1228.0,1220.0,1210.0,1214.0,-1.14,3253.0,1400.0,84.0
GLICL,5/22/2017,1214.0,1211.0,1176.0,1189.0,-2.06,2151.0,1400.0,84.0
GLICL,5/23/2017,1189.0,1244.0,1198.0,1203.0,1.18,7230.0,1400.0,84.0
GLICL,5/24/2017,1203.0,1230.0,1176.0,1225.0,1.83,5637.0,1400.0,84.0
GLICL,5/28/2017,1225.0,1249.0,1192.0,1194.0,-2.53,6219.0,1400.0,84.0
GLICL,5/30/2017,1194.0,1200.0,1162.0,1180.0,-1.17,3797.0,1400.0,84.0
GLICL,5/31/2017,1180.0,1208.0,1140.0,1199.0,1.61,7450.0,1400.0,84.0
GLICL,6/1/2017,1199.0,1260.0,1199.0,1210.0,0.92,23435.0,1400.0,84.0
GLICL,6/4/2017,1210.0,1250.0,1195.0,1200.0,-0.83,17366.0,1400.0,84.0
GLICL,6/5/2017,1200.0,1234.0,1205.0,1205.0,0.42,10838.0,1400.0,84.0
GLICL,6/6/2017,1205.0,1232.0,1205.0,1230.0,2.07,9691.0,1400.0,84.0
GLICL,6/7/2017,1230.0,1240.0,1220.0,1220.0,-0.81,5735.0,1400.0,84.0
GLICL,6/8/2017,1220.0,1220.0,1205.0,1209.0,-0.9,7376.0,1400.0,84.0
GLICL,6/11/2017,1209.0,1212.0,1185.0,1187.0,-1.82,15243.0,1400.0,84.0
GLICL,6/12/2017,1099.0,1115.0,1063.0,1063.0,-10.45,3050.0,1400.0,84.0
GLICL,6/13/2017,1063.0,1060.0,1032.0,1035.0,-2.63,4903.0,1400.0,84.0
GLICL,6/14/2017,1035.0,1055.0,1029.0,1045.0,0.97,2438.0,1400.0,84.0
GLICL,6/15/2017,1045.0,1086.0,1033.0,1060.0,1.44,3041.0,1400.0,84.0
GLICL,6/18/2017,1060.0,1081.0,1065.0,1067.0,0.66,4469.0,1400.0,84.0
GLICL,6/19/2017,1067.0,1075.0,1040.0,1046.0,-1.97,2680.0,1400.0,84.0
GLICL,6/20/2017,1046.0,1055.0,1026.0,1034.0,-1.15,3640.0,1400.0,84.0
GLICL,6/21/2017,1034.0,1043.0,1020.0,1030.0,-0.39,2889.0,1400.0,84.0
GLICL,6/22/2017,1030.0,1069.0,1020.0,1054.0,2.33,2129.0,1400.0,84.0
GLICL,6/25/2017,1054.0,1070.0,1050.0,1050.0,-0.38,3110.0,1400.0,84.0
GLICL,6/27/2017,1050.0,1055.0,1022.0,1025.0,-2.38,2897.0,1400.0,84.0
GLICL,6/28/2017,1025.0,1030.0,1000.0,1028.0,0.29,5051.0,1400.0,84.0
GLICL,7/2/2017,1028.0,1024.0,1000.0,1000.0,-2.72,1129.0,1400.0,84.0
GLICL,7/3/2017,1000.0,1020.0,1000.0,1019.0,1.9,659.0,1400.0,84.0
GLICL,7/4/2017,1019.0,1020.0,1010.0,1010.0,-0.88,720.0,1400.0,84.0
GLICL,7/5/2017,1010.0,1000.0,971.0,989.0,-2.08,3977.0,1400.0,84.0
GLICL,7/6/2017,989.0,1030.0,990.0,1025.0,3.64,5479.0,1400.0,84.0
GLICL,7/9/2017,1025.0,1045.0,1000.0,1000.0,-2.44,3396.0,1400.0,84.0
GLICL,7/10/2017,1000.0,1015.0,1000.0,1000.0,0.0,2125.0,1400.0,84.0
GLICL,7/11/2017,1000.0,1043.0,1010.0,1043.0,4.3,4225.0,1400.0,84.0
GLICL,7/12/2017,1043.0,1045.0,1030.0,1042.0,-0.1,810.0,1400.0,84.0
GLICL,7/13/2017,1042.0,1035.0,1016.0,1020.0,-2.11,2655.0,1400.0,84.0
GLICL,7/16/2017,1020.0,1040.0,1020.0,1025.0,0.49,593.0,1400.0,84.0
GLICL,7/17/2017,1025.0,1064.0,1022.0,1050.0,2.44,3382.0,1400.0,84.0
GLICL,7/18/2017,1050.0,1101.0,1053.0,1101.0,4.86,13382.0,1400.0,84.0
GLICL,7/19/2017,1101.0,1125.0,1081.0,1090.0,-1.0,4445.0,1400.0,84.0
GLICL,7/20/2017,1090.0,1135.0,1088.0,1132.0,3.85,9749.0,1400.0,84.0
GLICL,7/23/2017,1132.0,1200.0,1149.0,1189.0,5.04,15925.0,1400.0,84.0
GLICL,7/24/2017,1189.0,1200.0,1160.0,1161.0,-2.35,8649.0,1400.0,84.0
GLICL,7/25/2017,1161.0,1185.0,1150.0,1170.0,0.78,4449.0,1400.0,84.0
GLICL,7/26/2017,1170.0,1250.0,1180.0,1249.0,6.75,25825.0,1400.0,84.0
GLICL,7/27/2017,1249.0,1300.0,1208.0,1230.0,-1.52,21766.0,1400.0,84.0
GLICL,7/30/2017,1230.0,1259.0,1200.0,1245.0,1.22,15042.0,1400.0,84.0
GLICL,7/31/2017,1245.0,1252.0,1215.0,1215.0,-2.41,7311.0,1400.0,84.0
GLICL,8/1/2017,1215.0,1240.0,1216.0,1217.0,0.16,3820.0,1400.0,84.0
GLICL,8/2/2017,1217.0,1228.0,1201.0,1205.0,-0.99,3388.0,1400.0,84.0
GLICL,8/3/2017,1205.0,1205.0,1186.0,1194.0,-0.91,7164.0,1400.0,84.0
GLICL,8/6/2017,1194.0,1200.0,1177.0,1177.0,-1.42,3063.0,1400.0,84.0
GLICL,8/7/2017,1177.0,1175.0,1160.0,1169.0,-0.68,4435.0,1400.0,84.0
GLICL,8/9/2017,1169.0,1225.0,1169.0,1195.0,2.22,9514.0,1400.0,84.0
GLICL,8/10/2017,1195.0,1209.0,1190.0,1190.0,-0.42,6287.0,1400.0,84.0
GLICL,8/13/2017,1190.0,1210.0,1180.0,1190.0,0.0,6372.0,1400.0,84.0
GLICL,8/15/2017,1190.0,1179.0,1146.0,1160.0,-2.52,4460.0,1400.0,84.0
GLICL,8/16/2017,1160.0,1185.0,1160.0,1180.0,1.72,5375.0,1400.0,84.0
GLICL,8/17/2017,1180.0,1180.0,1165.0,1166.0,-1.19,1301.0,1400.0,84.0
GLICL,8/20/2017,1166.0,1189.0,1166.0,1181.0,1.29,3107.0,1400.0,84.0
GLICL,8/21/2017,1181.0,1175.0,1152.0,1152.0,-2.46,1292.0,1400.0,84.0
GLICL,8/22/2017,1152.0,1180.0,1155.0,1173.0,1.82,2244.0,1400.0,84.0
GLICL,8/23/2017,1173.0,1170.0,1153.0,1160.0,-1.11,2622.0,1400.0,84.0
GLICL,8/24/2017,1160.0,1165.0,1151.0,1155.0,-0.43,2048.0,1400.0,84.0
GLICL,8/27/2017,1155.0,1170.0,1157.0,1157.0,0.17,1158.0,1400.0,84.0
GLICL,8/28/2017,1157.0,1164.0,1150.0,1151.0,-0.52,1520.0,1400.0,84.0
GLICL,8/30/2017,1151.0,1140.0,1117.0,1117.0,-2.95,2970.0,1400.0,84.0
GLICL,8/31/2017,1117.0,1102.0,1078.0,1090.0,-2.42,2777.0,1400.0,84.0
GLICL,9/4/2017,1090.0,1096.0,1070.0,1080.0,-0.92,2280.0,1400.0,84.0
GLICL,9/6/2017,1080.0,1123.0,1085.0,1095.0,1.39,2507.0,1400.0,84.0
GLICL,9/7/2017,1095.0,1080.0,1070.0,1070.0,-2.28,1845.0,1400.0,84.0
GLICL,9/10/2017,1070.0,1079.0,1031.0,1031.0,-3.64,3555.0,1400.0,84.0
GLICL,9/11/2017,1031.0,1065.0,1035.0,1045.0,1.36,4138.0,1400.0,84.0
GLICL,9/12/2017,1045.0,1040.0,1021.0,1040.0,-0.48,4387.0,1400.0,84.0
GLICL,9/13/2017,1040.0,1060.0,1002.0,1002.0,-3.65,3331.0,1400.0,84.0
GLICL,9/14/2017,1002.0,1047.0,1002.0,1040.0,3.79,6243.0,1400.0,84.0
GLICL,9/17/2017,1040.0,1060.0,1020.0,1049.0,0.87,4243.0,1400.0,84.0
GLICL,9/18/2017,1049.0,1069.0,1035.0,1040.0,-0.86,3264.0,1400.0,84.0
GLICL,9/20/2017,1040.0,1045.0,1030.0,1040.0,0.0,527.0,1400.0,84.0
GLICL,9/24/2017,1040.0,1040.0,1020.0,1038.0,-0.19,1485.0,1400.0,84.0
GLICL,9/25/2017,1038.0,1048.0,1038.0,1048.0,0.96,935.0,1400.0,84.0
GLICL,9/26/2017,1048.0,1068.0,1036.0,1041.0,-0.67,2737.0,1400.0,84.0
GLICL,10/4/2017,1041.0,1050.0,1020.0,1028.0,-1.25,6172.0,1400.0,84.0
GLICL,10/8/2017,1028.0,1027.0,1000.0,1021.0,-0.68,1720.0,1400.0,84.0
GLICL,10/9/2017,1021.0,1020.0,1000.0,1011.0,-0.98,1444.0,1400.0,84.0
GLICL,10/10/2017,1011.0,1030.0,1010.0,1015.0,0.4,1751.0,1400.0,84.0
GLICL,10/11/2017,1015.0,1015.0,999.0,1002.0,-1.28,866.0,1400.0,84.0
GLICL,10/12/2017,1002.0,1015.0,1000.0,1000.0,-0.2,1947.0,1400.0,84.0
GLICL,10/15/2017,1000.0,1020.0,1000.0,1000.0,0.0,1925.0,1400.0,84.0
GLICL,10/16/2017,1000.0,1044.0,1020.0,1044.0,4.4,1151.0,1400.0,84.0
GLICL,10/17/2017,1044.0,1055.0,1025.0,1025.0,-1.82,1759.0,1400.0,84.0
GLICL,10/18/2017,1025.0,1071.0,1020.0,1070.0,4.39,3082.0,1400.0,84.0
GLICL,10/22/2017,1070.0,1091.0,1055.0,1055.0,-1.4,580.0,1400.0,84.0
GLICL,10/23/2017,1055.0,1056.0,1041.0,1041.0,-1.33,1515.0,1400.0,84.0
GLICL,10/24/2017,1041.0,1059.0,1042.0,1045.0,0.38,796.0,1400.0,84.0
GLICL,10/25/2017,1045.0,1050.0,1025.0,1036.0,-0.86,441.0,1400.0,84.0
GLICL,10/29/2017,1036.0,1037.0,1017.0,1030.0,-0.58,655.0,1400.0,84.0
GLICL,10/30/2017,1030.0,1049.0,1025.0,1025.0,-0.49,543.0,1400.0,84.0
GLICL,10/31/2017,1025.0,1025.0,986.0,986.0,-3.8,2971.0,1400.0,84.0
GLICL,11/1/2017,986.0,1023.0,999.0,1014.0,2.84,4824.0,1400.0,84.0
GLICL,11/2/2017,1014.0,1020.0,1001.0,1020.0,0.59,2351.0,1400.0,84.0
GLICL,11/5/2017,1020.0,1020.0,990.0,1010.0,-0.98,2864.0,1400.0,84.0
GLICL,11/6/2017,1010.0,1010.0,971.0,993.0,-1.68,2757.0,1400.0,84.0
GLICL,11/7/2017,993.0,991.0,975.0,978.0,-1.51,2378.0,1400.0,84.0
GLICL,11/8/2017,978.0,978.0,959.0,967.0,-1.12,1117.0,1400.0,84.0
GLICL,11/9/2017,967.0,985.0,950.0,955.0,-1.24,4773.0,1400.0,84.0
GLICL,11/12/2017,955.0,990.0,950.0,990.0,3.66,1325.0,1400.0,84.0
GLICL,11/13/2017,990.0,993.0,972.0,982.0,-0.81,1896.0,1400.0,84.0
GLICL,11/14/2017,982.0,1010.0,978.0,1010.0,2.85,4346.0,1400.0,84.0
GLICL,11/15/2017,1010.0,1010.0,985.0,985.0,-2.48,2022.0,1400.0,84.0
GLICL,11/16/2017,985.0,980.0,967.0,967.0,-1.83,5873.0,1400.0,84.0
GLICL,11/19/2017,967.0,986.0,949.0,950.0,-1.76,6173.0,1400.0,84.0
GLICL,11/20/2017,950.0,960.0,935.0,935.0,-1.58,3375.0,1400.0,84.0
GLICL,11/21/2017,935.0,958.0,945.0,945.0,1.07,4118.0,1400.0,84.0
GLICL,11/22/2017,945.0,969.0,945.0,961.0,1.69,4865.0,1400.0,84.0
GLICL,11/23/2017,961.0,975.0,962.0,962.0,0.1,3523.0,1400.0,84.0
GLICL,11/26/2017,962.0,980.0,958.0,962.0,0.0,7006.0,1400.0,84.0
GLICL,11/27/2017,962.0,985.0,955.0,985.0,2.39,13354.0,1400.0,84.0
GLICL,11/28/2017,985.0,985.0,970.0,980.0,-0.51,10876.0,1400.0,84.0
GLICL,11/29/2017,980.0,1020.0,980.0,1007.0,2.76,15843.0,1400.0,84.0
GLICL,11/30/2017,1007.0,1020.0,992.0,1020.0,1.29,16730.0,1400.0,84.0
GLICL,12/4/2017,1020.0,1040.0,1015.0,1020.0,0.0,4038.0,1400.0,84.0
GLICL,12/5/2017,1020.0,1019.0,1000.0,1019.0,-0.1,5144.0,1400.0,84.0
GLICL,12/6/2017,1019.0,1034.0,1005.0,1034.0,1.47,5304.0,1400.0,84.0
GLICL,12/10/2017,1034.0,1054.0,1015.0,1030.0,-0.39,11637.0,1400.0,84.0
GLICL,12/11/2017,1030.0,1023.0,1017.0,1023.0,-0.68,973.0,1400.0,84.0
GLICL,12/12/2017,1023.0,1015.0,1000.0,1000.0,-2.25,2984.0,1400.0,84.0
GLICL,12/13/2017,1000.0,1021.0,985.0,1019.0,1.9,2021.0,1400.0,84.0
GLICL,12/14/2017,1019.0,1020.0,1005.0,1015.0,-0.39,1839.0,1400.0,84.0
GLICL,12/17/2017,1015.0,1020.0,1004.0,1004.0,-1.08,3065.0,1400.0,84.0
GLICL,12/18/2017,1004.0,1010.0,1000.0,1002.0,-0.2,2867.0,1400.0,84.0
GLICL,12/19/2017,1002.0,999.0,986.0,986.0,-1.6,1402.0,1400.0,84.0
GLICL,12/20/2017,986.0,1000.0,967.0,971.0,-1.52,2560.0,1400.0,84.0
GLICL,12/21/2017,971.0,972.0,969.0,970.0,-0.1,1071.0,1400.0,84.0
GLICL,12/24/2017,970.0,985.0,972.0,972.0,0.21,2855.0,1400.0,84.0
GLICL,12/26/2017,972.0,965.0,945.0,955.0,-1.75,9716.0,1400.0,84.0
GLICL,12/27/2017,955.0,965.0,935.0,942.0,-1.36,3910.0,1400.0,84.0
GLICL,12/28/2017,942.0,977.0,930.0,954.0,1.27,1770.0,1400.0,84.0
GLICL,12/31/2017,954.0,950.0,935.0,935.0,-1.99,2082.0,1400.0,84.0
GLICL,1/1/2018,935.0,972.0,935.0,972.0,3.96,4258.0,1400.0,84.0
GLICL,1/2/2018,972.0,972.0,950.0,950.0,-2.26,6675.0,1400.0,84.0
GLICL,1/3/2018,950.0,960.0,940.0,940.0,-1.05,2135.0,1400.0,84.0
GLICL,1/4/2018,940.0,942.0,935.0,938.0,-0.21,3436.0,1400.0,84.0
GLICL,1/7/2018,938.0,958.0,940.0,954.0,1.71,3876.0,1400.0,84.0
GLICL,1/8/2018,954.0,979.0,937.0,959.0,0.52,2937.0,1400.0,84.0
GLICL,1/9/2018,959.0,971.0,960.0,960.0,0.1,2061.0,1400.0,84.0
GLICL,1/10/2018,960.0,955.0,940.0,955.0,-0.52,3406.0,1400.0,84.0
GLICL,1/14/2018,955.0,954.0,941.0,941.0,-1.47,993.0,1400.0,84.0
GLICL,1/16/2018,941.0,945.0,938.0,940.0,-0.11,909.0,1400.0,84.0
GLICL,1/17/2018,940.0,934.0,923.0,934.0,-0.64,1070.0,1400.0,84.0
GLICL,1/21/2018,934.0,952.0,920.0,922.0,-1.28,1309.0,1400.0,84.0
GLICL,1/22/2018,922.0,920.0,915.0,919.0,-0.33,2395.0,1400.0,84.0
GLICL,1/23/2018,919.0,915.0,900.0,912.0,-0.76,7647.0,1400.0,84.0
GLICL,1/24/2018,912.0,915.0,906.0,915.0,0.33,3734.0,1400.0,84.0
GLICL,1/25/2018,915.0,925.0,910.0,923.0,0.87,4574.0,1400.0,84.0
GLICL,1/28/2018,923.0,941.0,920.0,930.0,0.76,1744.0,1400.0,84.0
GLICL,1/29/2018,930.0,935.0,921.0,930.0,0.0,3648.0,1400.0,84.0
GLICL,1/31/2018,930.0,940.0,928.0,940.0,1.08,4719.0,1400.0,84.0
GLICL,2/1/2018,940.0,935.0,930.0,935.0,-0.53,1302.0,1400.0,84.0
GLICL,2/4/2018,935.0,955.0,931.0,940.0,0.53,2360.0,1400.0,84.0
GLICL,2/5/2018,940.0,958.0,922.0,955.0,1.6,1988.0,1400.0,84.0
GLICL,2/6/2018,955.0,948.0,935.0,935.0,-2.09,407.0,1400.0,84.0
GLICL,2/7/2018,935.0,918.0,915.0,915.0,-2.14,141.0,1400.0,84.0
GLICL,2/8/2018,915.0,930.0,908.0,930.0,1.64,775.0,1400.0,84.0
GLICL,2/11/2018,930.0,920.0,913.0,920.0,-1.08,769.0,1400.0,84.0
GLICL,2/12/2018,920.0,915.0,910.0,910.0,-1.09,1630.0,1400.0,84.0
GLICL,2/14/2018,910.0,930.0,910.0,930.0,2.2,1106.0,1400.0,84.0
GLICL,2/15/2018,930.0,950.0,925.0,950.0,2.15,6945.0,1400.0,84.0
GLICL,2/18/2018,957.0,960.0,918.0,925.0,-2.63,5073.0,1400.0,84.0
GLICL,2/20/2018,943.0,943.0,912.0,920.0,-0.54,2168.0,1400.0,84.0
GLICL,2/21/2018,910.0,915.0,904.0,906.0,-1.52,1469.0,1400.0,84.0
GLICL,2/22/2018,924.0,924.0,897.0,907.0,0.11,6980.0,1400.0,84.0
GLICL,2/25/2018,895.0,900.0,885.0,885.0,-2.43,2640.0,1400.0,84.0
GLICL,2/26/2018,881.0,881.0,850.0,851.0,-3.84,6042.0,1400.0,84.0
GLICL,2/27/2018,860.0,880.0,845.0,869.0,2.12,1429.0,1400.0,84.0
GLICL,2/28/2018,855.0,855.0,831.0,850.0,-2.19,1500.0,1400.0,84.0
GLICL,3/4/2018,833.0,834.0,767.0,780.0,-8.24,4500.0,1400.0,84.0
GLICL,3/5/2018,795.0,805.0,742.0,742.0,-4.87,4581.0,1400.0,84.0
GLICL,3/6/2018,750.0,763.0,718.0,735.0,-0.94,5422.0,1400.0,84.0
GLICL,3/7/2018,749.0,775.0,735.0,775.0,5.44,3444.0,1400.0,84.0
GLICL,3/11/2018,775.0,775.0,737.0,737.0,-4.9,3053.0,1400.0,84.0
GLICL,3/12/2018,745.0,751.0,724.0,724.0,-1.76,943.0,1400.0,84.0
GLICL,3/13/2018,725.0,753.0,725.0,753.0,4.01,885.0,1400.0,84.0
GLICL,3/14/2018,745.0,760.0,745.0,760.0,0.93,827.0,1400.0,84.0
GLICL,3/15/2018,775.0,779.0,760.0,779.0,2.5,2291.0,1400.0,84.0
GLICL,3/18/2018,766.0,766.0,751.0,751.0,-3.59,1443.0,1400.0,84.0
GLICL,3/19/2018,741.0,741.0,736.0,738.0,-1.73,1270.0,1400.0,84.0
GLICL,3/20/2018,724.0,724.0,703.0,710.0,-3.79,5087.0,1400.0,84.0
GLICL,3/21/2018,700.0,700.0,688.0,690.0,-2.82,1751.0,1400.0,84.0
GLICL,3/22/2018,677.0,704.0,656.0,675.0,-2.17,5161.0,1400.0,84.0
GLICL,3/26/2018,662.0,662.0,621.0,621.0,-8.0,2388.0,1400.0,84.0
GLICL,3/27/2018,610.0,679.0,598.0,665.0,7.09,5525.0,1400.0,84.0
GLICL,3/28/2018,678.0,678.0,642.0,655.0,-1.5,8902.0,1400.0,84.0
GLICL,3/29/2018,653.0,690.0,653.0,682.0,4.12,1868.0,1400.0,84.0
GLICL,4/1/2018,682.0,685.0,650.0,662.0,-2.93,1591.0,1400.0,84.0
GLICL,4/2/2018,654.0,675.0,652.0,668.0,0.91,1552.0,1400.0,84.0
GLICL,4/3/2018,665.0,681.0,650.0,675.0,1.05,1984.0,1400.0,84.0
GLICL,4/4/2018,688.0,719.0,685.0,719.0,6.52,3500.0,1400.0,84.0
GLICL,4/5/2018,719.0,743.0,701.0,739.0,2.78,4911.0,1400.0,84.0
GLICL,4/8/2018,752.0,812.0,740.0,811.0,9.74,14481.0,1400.0,84.0
GLICL,4/9/2018,827.0,832.0,785.0,796.0,-1.85,12722.0,1400.0,84.0
GLICL,4/10/2018,811.0,815.0,765.0,790.0,-0.75,9233.0,1400.0,84.0
GLICL,4/11/2018,790.0,832.0,790.0,832.0,5.32,3796.0,1400.0,84.0
GLICL,4/12/2018,832.0,894.0,832.0,879.0,5.65,22179.0,1400.0,84.0
GLICL,4/15/2018,870.0,896.0,840.0,883.0,0.46,16476.0,1400.0,84.0
GLICL,4/16/2018,895.0,938.0,867.0,920.0,4.19,24603.0,1400.0,84.0
GLICL,4/17/2018,938.0,960.0,910.0,955.0,3.8,18644.0,1400.0,84.0
GLICL,4/18/2018,973.0,1012.0,945.0,975.0,2.09,21301.0,1400.0,84.0
GLICL,4/19/2018,956.0,993.0,940.0,961.0,-1.44,9373.0,1400.0,84.0
GLICL,4/22/2018,979.0,1035.0,979.0,1030.0,7.18,14511.0,1400.0,84.0
GLICL,4/23/2018,1050.0,1065.0,999.0,1016.0,-1.36,32730.0,1400.0,84.0
GLICL,4/24/2018,1036.0,1036.0,990.0,1012.0,-0.39,13637.0,1400.0,84.0
GLICL,4/25/2018,1032.0,1032.0,994.0,1005.0,-0.69,12935.0,1400.0,84.0
GLICL,4/26/2018,1005.0,1015.0,951.0,970.0,-3.48,13401.0,1400.0,84.0
GLICL,4/29/2018,955.0,995.0,952.0,970.0,0.0,2602.0,1400.0,84.0
GLICL,5/2/2018,971.0,1006.0,970.0,1005.0,3.61,4467.0,1400.0,84.0
GLICL,5/3/2018,1007.0,1020.0,997.0,1017.0,1.19,10689.0,1400.0,84.0
GLICL,5/6/2018,1020.0,1020.0,997.0,999.0,-1.77,2589.0,1400.0,84.0
GLICL,5/7/2018,999.0,1001.0,980.0,980.0,-1.9,4361.0,1400.0,84.0
GLICL,5/8/2018,981.0,1000.0,981.0,1000.0,2.04,4354.0,1400.0,84.0
GLICL,5/9/2018,1000.0,1010.0,994.0,1000.0,0.0,5540.0,1400.0,84.0
GLICL,5/10/2018,1005.0,1007.0,990.0,996.0,-0.4,2549.0,1400.0,84.0
GLICL,5/14/2018,999.0,999.0,983.0,983.0,-1.31,3281.0,1400.0,84.0
GLICL,5/15/2018,980.0,980.0,967.0,971.0,-1.22,549.0,1400.0,84.0
GLICL,5/16/2018,990.0,1000.0,980.0,990.0,1.96,1164.0,1400.0,84.0
GLICL,5/17/2018,990.0,1000.0,987.0,989.0,-0.1,2172.0,1400.0,84.0
GLICL,5/20/2018,1008.0,1010.0,986.0,986.0,-0.3,2650.0,1400.0,84.0
GLICL,5/21/2018,976.0,988.0,976.0,981.0,-0.51,958.0,1400.0,84.0
GLICL,5/22/2018,985.0,990.0,985.0,985.0,0.41,625.0,1400.0,84.0
GLICL,5/23/2018,971.0,985.0,968.0,973.0,-1.22,1678.0,1400.0,84.0
GLICL,5/24/2018,977.0,988.0,970.0,970.0,-0.31,2545.0,1400.0,84.0
GLICL,5/27/2018,963.0,963.0,941.0,941.0,-2.99,1955.0,1400.0,84.0
GLICL,5/28/2018,950.0,990.0,948.0,985.0,4.68,4625.0,1400.0,84.0
GLICL,5/29/2018,985.0,1007.0,973.0,1000.0,1.52,7096.0,1400.0,84.0
GLICL,5/30/2018,990.0,1009.0,981.0,985.0,-1.5,3756.0,1400.0,84.0
GLICL,5/31/2018,986.0,990.0,972.0,975.0,-1.02,769.0,1400.0,84.0
GLICL,6/3/2018,956.0,970.0,931.0,935.0,-4.1,9658.0,1400.0,84.0
GLICL,6/4/2018,918.0,960.0,915.0,921.0,-1.5,4947.0,1400.0,84.0
GLICL,6/6/2018,939.0,995.0,939.0,957.0,3.91,720.0,1400.0,84.0
GLICL,6/7/2018,941.0,941.0,925.0,932.0,-2.61,2510.0,1400.0,84.0
GLICL,6/10/2018,932.0,932.0,888.0,888.0,-4.72,1110.0,1400.0,84.0
GLICL,6/11/2018,880.0,923.0,880.0,913.0,2.82,4722.0,1400.0,84.0
GLICL,6/12/2018,896.0,915.0,891.0,900.0,-1.42,3179.0,1400.0,84.0
GLICL,6/13/2018,888.0,908.0,888.0,896.0,-0.44,1344.0,1400.0,84.0
GLICL,6/14/2018,913.0,915.0,894.0,894.0,-0.22,1434.0,1400.0,84.0
GLICL,6/17/2018,890.0,891.0,890.0,890.0,-0.45,230.0,1400.0,84.0
GLICL,6/18/2018,873.0,900.0,873.0,900.0,1.12,2291.0,1400.0,84.0
GLICL,6/19/2018,882.0,900.0,875.0,900.0,0.0,1499.0,1400.0,84.0
GLICL,6/20/2018,890.0,890.0,882.0,882.0,-2.0,600.0,1400.0,84.0
GLICL,6/21/2018,880.0,886.0,871.0,871.0,-1.25,750.0,1400.0,84.0
GLICL,6/24/2018,888.0,895.0,884.0,885.0,1.61,585.0,1400.0,84.0
GLICL,6/25/2018,877.0,877.0,860.0,869.0,-1.81,765.0,1400.0,84.0
GLICL,6/26/2018,860.0,865.0,845.0,845.0,-2.76,1368.0,1400.0,84.0
GLICL,6/27/2018,850.0,859.0,845.0,850.0,0.59,856.0,1400.0,84.0
GLICL,6/28/2018,856.0,856.0,829.0,833.0,-2.0,2571.0,1400.0,84.0
GLICL,7/1/2018,830.0,830.0,818.0,818.0,-1.8,774.0,1400.0,84.0
GLICL,7/2/2018,804.0,864.0,800.0,864.0,5.62,1698.0,1400.0,84.0
GLICL,7/3/2018,847.0,847.0,831.0,831.0,-3.82,187.0,1400.0,84.0
GLICL,7/4/2018,820.0,856.0,820.0,840.0,1.08,2107.0,1400.0,84.0
GLICL,7/5/2018,850.0,912.0,850.0,912.0,8.57,5205.0,1400.0,84.0
GLICL,7/8/2018,912.0,930.0,894.0,902.0,-1.1,6257.0,1400.0,84.0
GLICL,7/9/2018,885.0,902.0,884.0,900.0,-0.22,1248.0,1400.0,84.0
GLICL,7/10/2018,905.0,910.0,900.0,900.0,0.0,2327.0,1400.0,84.0
GLICL,7/11/2018,885.0,910.0,882.0,890.0,-1.11,1279.0,1400.0,84.0
GLICL,7/12/2018,882.0,885.0,861.0,861.0,-3.26,1743.0,1400.0,84.0
GLICL,7/15/2018,844.0,866.0,844.0,866.0,0.58,2823.0,1400.0,84.0
GLICL,7/16/2018,870.0,885.0,867.0,885.0,2.19,2881.0,1400.0,84.0
GLICL,7/17/2018,885.0,885.0,873.0,873.0,-1.36,130.0,1400.0,84.0
GLICL,7/18/2018,872.0,872.0,856.0,862.0,-1.26,232.0,1400.0,84.0
GLICL,7/19/2018,862.0,862.0,855.0,860.0,-0.23,1162.0,1400.0,84.0
GLICL,7/22/2018,847.0,847.0,835.0,835.0,-2.91,581.0,1400.0,84.0
GLICL,7/23/2018,830.0,860.0,830.0,860.0,2.99,1356.0,1400.0,84.0
GLICL,7/24/2018,875.0,893.0,875.0,876.0,1.86,1424.0,1400.0,84.0
GLICL,7/25/2018,860.0,868.0,860.0,860.0,-1.83,1192.0,1400.0,84.0
GLICL,7/26/2018,850.0,850.0,843.0,850.0,-1.16,638.0,1400.0,84.0
GLICL,7/29/2018,865.0,865.0,860.0,860.0,1.18,884.0,1400.0,84.0
GLICL,7/30/2018,860.0,860.0,845.0,845.0,-1.74,453.0,1400.0,84.0
GLICL,7/31/2018,842.0,848.0,838.0,846.0,0.12,809.0,1400.0,84.0
GLICL,8/1/2018,840.0,852.0,832.0,852.0,0.71,1102.0,1400.0,84.0
GLICL,8/2/2018,860.0,860.0,835.0,835.0,-2.0,916.0,1400.0,84.0
GLICL,8/5/2018,832.0,851.0,831.0,836.0,0.12,586.0,1400.0,84.0
GLICL,8/7/2018,835.0,835.0,835.0,835.0,-0.12,200.0,1400.0,84.0
GLICL,8/8/2018,837.0,845.0,831.0,832.0,-0.36,822.0,1400.0,84.0
GLICL,8/9/2018,825.0,825.0,817.0,817.0,-1.8,911.0,1400.0,84.0
GLICL,8/12/2018,810.0,810.0,786.0,800.0,-2.08,3949.0,1400.0,84.0
GLICL,8/13/2018,800.0,815.0,800.0,815.0,1.88,2327.0,1400.0,84.0
GLICL,8/14/2018,807.0,807.0,784.0,801.0,-1.72,2250.0,1400.0,84.0
GLICL,8/15/2018,791.0,846.0,791.0,846.0,5.62,2873.0,1400.0,84.0
GLICL,8/16/2018,835.0,849.0,825.0,829.0,-2.01,4311.0,1400.0,84.0
GLICL,8/19/2018,815.0,815.0,813.0,813.0,-1.93,650.0,1400.0,84.0
GLICL,8/20/2018,800.0,804.0,796.0,796.0,-2.09,1966.0,1400.0,84.0
GLICL,8/21/2018,800.0,814.0,800.0,814.0,2.26,829.0,1400.0,84.0
GLICL,8/22/2018,810.0,816.0,803.0,803.0,-1.35,174.0,1400.0,84.0
GLICL,8/23/2018,800.0,805.0,800.0,800.0,-0.37,146.0,1400.0,84.0
GLICL,8/26/2018,800.0,800.0,794.0,797.0,-0.38,519.0,1400.0,84.0
GLICL,8/28/2018,799.0,799.0,791.0,797.0,0.0,145.0,1400.0,84.0
GLICL,8/29/2018,790.0,797.0,783.0,784.0,-1.63,1743.0,1400.0,84.0
GLICL,8/30/2018,781.0,795.0,780.0,795.0,1.4,853.0,1400.0,84.0
GLICL,9/2/2018,780.0,810.0,780.0,790.0,-0.63,2883.0,1400.0,84.0
GLICL,9/3/2018,792.0,838.0,792.0,811.0,2.66,2913.0,1400.0,84.0
GLICL,9/4/2018,825.0,825.0,817.0,823.0,1.48,973.0,1400.0,84.0
GLICL,9/5/2018,825.0,841.0,820.0,820.0,-0.36,2223.0,1400.0,84.0
GLICL,9/6/2018,811.0,850.0,810.0,820.0,0.0,4637.0,1400.0,84.0
GLICL,9/9/2018,804.0,810.0,790.0,803.0,-2.07,2306.0,1400.0,84.0
GLICL,9/10/2018,788.0,803.0,788.0,800.0,-0.37,841.0,1400.0,84.0
GLICL,9/11/2018,800.0,813.0,800.0,800.0,0.0,1385.0,1400.0,84.0
GLICL,9/12/2018,800.0,807.0,800.0,807.0,0.88,1386.0,1400.0,84.0
GLICL,9/13/2018,810.0,815.0,801.0,801.0,-0.74,1220.0,1400.0,84.0
GLICL,9/16/2018,817.0,833.0,803.0,803.0,0.25,654.0,1400.0,84.0
GLICL,9/17/2018,803.0,835.0,803.0,825.0,2.74,2403.0,1400.0,84.0
GLICL,9/18/2018,840.0,841.0,825.0,825.0,0.0,1718.0,1400.0,84.0
GLICL,9/20/2018,811.0,828.0,811.0,812.0,-1.58,1287.0,1400.0,84.0
GLICL,9/23/2018,800.0,816.0,800.0,810.0,-0.25,2027.0,1400.0,84.0
GLICL,9/25/2018,800.0,820.0,800.0,810.0,0.0,2626.0,1400.0,84.0
GLICL,9/26/2018,826.0,826.0,812.0,812.0,0.25,2100.0,1400.0,84.0
GLICL,9/27/2018,806.0,815.0,806.0,811.0,-0.12,428.0,1400.0,84.0
GLICL,9/30/2018,802.0,805.0,800.0,800.0,-1.36,918.0,1400.0,84.0
GLICL,10/1/2018,800.0,800.0,790.0,790.0,-1.25,2285.0,1400.0,84.0
GLICL,10/2/2018,800.0,815.0,786.0,790.0,0.0,1742.0,1400.0,84.0
GLICL,10/3/2018,805.0,805.0,789.0,789.0,-0.13,1073.0,1400.0,84.0
GLICL,10/4/2018,795.0,795.0,778.0,785.0,-0.51,334.0,1400.0,84.0
GLICL,10/7/2018,770.0,782.0,770.0,770.0,-1.91,404.0,1400.0,84.0
GLICL,10/8/2018,785.0,787.0,770.0,770.0,0.0,3511.0,1400.0,84.0
GLICL,10/9/2018,766.0,766.0,760.0,760.0,-1.3,2663.0,1400.0,84.0
GLICL,10/10/2018,750.0,769.0,750.0,753.0,-0.92,1883.0,1400.0,84.0
GLICL,10/11/2018,744.0,766.0,744.0,752.0,-0.13,1007.0,1400.0,84.0
GLICL,10/14/2018,766.0,780.0,752.0,764.0,1.6,370.0,1400.0,84.0
GLICL,10/21/2018,764.0,764.0,764.0,764.0,0.0,15.0,1400.0,84.0
GLICL,10/22/2018,770.0,770.0,770.0,770.0,0.79,500.0,1400.0,84.0
GLICL,10/23/2018,761.0,763.0,760.0,761.0,-1.17,1012.0,1400.0,84.0
GLICL,10/24/2018,755.0,757.0,755.0,757.0,-0.53,330.0,1400.0,84.0
GLICL,10/25/2018,747.0,760.0,746.0,751.0,-0.79,544.0,1400.0,84.0
GLICL,10/28/2018,738.0,745.0,738.0,740.0,-1.46,1493.0,1400.0,84.0
GLICL,10/29/2018,730.0,744.0,730.0,744.0,0.54,712.0,1400.0,84.0
GLICL,10/30/2018,735.0,740.0,735.0,740.0,-0.54,488.0,1400.0,84.0
GLICL,10/31/2018,740.0,740.0,725.0,725.0,-2.03,477.0,1400.0,84.0
GLICL,11/1/2018,724.0,740.0,724.0,740.0,2.07,957.0,1400.0,84.0
GLICL,11/4/2018,726.0,726.0,726.0,726.0,-1.89,108.0,1400.0,84.0
GLICL,11/5/2018,730.0,739.0,730.0,735.0,1.24,403.0,1400.0,84.0
GLICL,11/6/2018,735.0,740.0,726.0,740.0,0.68,150.0,1400.0,84.0
GLICL,11/11/2018,740.0,740.0,720.0,734.0,-0.81,278.0,1400.0,84.0
GLICL,11/12/2018,722.0,734.0,722.0,727.0,-0.95,468.0,1400.0,84.0
GLICL,11/13/2018,741.0,741.0,727.0,730.0,0.41,971.0,1400.0,84.0
GLICL,11/14/2018,735.0,735.0,730.0,730.0,0.0,237.0,1400.0,84.0
GLICL,11/15/2018,730.0,730.0,720.0,720.0,-1.37,320.0,1400.0,84.0
GLICL,11/18/2018,724.0,724.0,723.0,723.0,0.42,249.0,1400.0,84.0
GLICL,11/19/2018,709.0,723.0,695.0,695.0,-3.87,910.0,1400.0,84.0
GLICL,11/20/2018,700.0,700.0,686.0,699.0,0.58,1043.0,1400.0,84.0
GLICL,11/21/2018,686.0,714.0,686.0,714.0,2.15,1780.0,1400.0,84.0
GLICL,11/25/2018,710.0,710.0,667.0,667.0,-6.58,1382.0,1400.0,84.0
GLICL,11/26/2018,660.0,665.0,656.0,656.0,-1.65,5876.0,1400.0,84.0
GLICL,11/27/2018,655.0,655.0,637.0,637.0,-2.9,1289.0,1400.0,84.0
GLICL,11/28/2018,640.0,640.0,621.0,621.0,-2.51,2273.0,1400.0,84.0
GLICL,11/29/2018,612.0,612.0,598.0,598.0,-3.7,1120.0,1400.0,84.0
GLICL,12/2/2018,600.0,600.0,549.0,575.0,-3.85,12540.0,1400.0,84.0
GLICL,12/3/2018,570.0,590.0,550.0,572.0,-0.52,8390.0,1400.0,84.0
GLICL,12/4/2018,573.0,575.0,568.0,570.0,-0.35,1453.0,1400.0,84.0
GLICL,12/5/2018,560.0,560.0,544.0,544.0,-4.56,2423.0,1400.0,84.0
GLICL,12/6/2018,535.0,570.0,534.0,563.0,3.49,3072.0,1400.0,84.0
GLICL,12/9/2018,558.0,568.0,552.0,568.0,0.89,1517.0,1400.0,84.0
GLICL,12/10/2018,570.0,590.0,570.0,590.0,3.87,3659.0,1400.0,84.0
GLICL,12/11/2018,581.0,585.0,570.0,573.0,-2.88,1000.0,1400.0,84.0
GLICL,12/12/2018,570.0,579.0,568.0,579.0,1.05,220.0,1400.0,84.0
GLICL,12/13/2018,580.0,590.0,575.0,590.0,1.9,743.0,1400.0,84.0
GLICL,12/16/2018,600.0,615.0,595.0,610.0,3.39,1966.0,1400.0,84.0
GLICL,12/17/2018,605.0,634.0,605.0,633.0,3.77,617.0,1400.0,84.0
GLICL,12/18/2018,640.0,652.0,605.0,610.0,-3.63,6183.0,1400.0,84.0
GLICL,12/19/2018,600.0,622.0,600.0,620.0,1.64,725.0,1400.0,84.0
GLICL,12/20/2018,632.0,632.0,620.0,623.0,0.48,2384.0,1400.0,84.0
GLICL,12/23/2018,635.0,685.0,635.0,685.0,9.95,5184.0,1400.0,84.0
GLICL,12/24/2018,697.0,717.0,673.0,707.0,3.21,9763.0,1400.0,84.0
GLICL,12/25/2018,693.0,693.0,671.0,690.0,-2.4,3512.0,1400.0,84.0
GLICL,12/26/2018,700.0,745.0,700.0,745.0,7.97,5625.0,1400.0,84.0
GLICL,12/27/2018,759.0,790.0,740.0,754.0,1.21,11925.0,1400.0,84.0
GLICL,12/30/2018,766.0,769.0,741.0,758.0,0.53,6453.0,1400.0,84.0
GLICL,12/31/2018,743.0,750.0,733.0,736.0,-2.9,4386.0,1400.0,84.0
GLICL,1/1/2019,762.0,762.0,733.0,735.0,-0.14,1418.0,1400.0,84.0
GLICL,1/2/2019,721.0,722.0,718.0,719.0,-2.18,2922.0,1400.0,84.0
GLICL,1/3/2019,730.0,730.0,715.0,715.0,-0.56,1764.0,1400.0,84.0
GLICL,1/6/2019,705.0,715.0,705.0,711.0,-0.56,1437.0,1400.0,84.0
GLICL,1/7/2019,720.0,720.0,713.0,719.0,1.13,641.0,1400.0,84.0
GLICL,1/8/2019,720.0,729.0,713.0,718.0,-0.14,2045.0,1400.0,84.0
GLICL,1/9/2019,720.0,724.0,720.0,724.0,0.84,100.0,1400.0,84.0
GLICL,1/10/2019,720.0,720.0,713.0,713.0,-1.52,703.0,1400.0,84.0
GLICL,1/13/2019,712.0,713.0,708.0,708.0,-0.7,1324.0,1400.0,84.0
GLICL,1/14/2019,715.0,718.0,700.0,710.0,0.28,2141.0,1400.0,84.0
GLICL,1/15/2019,718.0,749.0,718.0,749.0,5.49,6298.0,1400.0,84.0
GLICL,1/16/2019,750.0,754.0,730.0,730.0,-2.54,4256.0,1400.0,84.0
GLICL,1/17/2019,730.0,735.0,725.0,725.0,-0.68,1983.0,1400.0,84.0
GLICL,1/20/2019,715.0,725.0,711.0,715.0,-1.38,2426.0,1400.0,84.0
GLICL,1/21/2019,720.0,720.0,709.0,709.0,-0.84,1418.0,1400.0,84.0
GLICL,1/22/2019,715.0,720.0,715.0,718.0,1.27,958.0,1400.0,84.0
GLICL,1/23/2019,710.0,725.0,705.0,725.0,0.97,2112.0,1400.0,84.0
GLICL,1/24/2019,719.0,719.0,713.0,719.0,-0.83,520.0,1400.0,84.0
GLICL,1/27/2019,715.0,715.0,706.0,706.0,-1.81,3807.0,1400.0,84.0
GLICL,1/28/2019,703.0,725.0,703.0,725.0,2.69,1710.0,1400.0,84.0
GLICL,1/29/2019,711.0,722.0,710.0,710.0,-2.07,418.0,1400.0,84.0
GLICL,1/30/2019,710.0,712.0,703.0,710.0,0.0,2004.0,1400.0,84.0
GLICL,1/31/2019,715.0,715.0,707.0,707.0,-0.42,593.0,1400.0,84.0
GLICL,2/3/2019,704.0,710.0,704.0,706.0,-0.14,1117.0,1400.0,84.0
GLICL,2/4/2019,705.0,706.0,701.0,701.0,-0.71,2475.0,1400.0,84.0
GLICL,2/5/2019,715.0,715.0,701.0,715.0,2.0,390.0,1400.0,84.0
GLICL,2/6/2019,725.0,725.0,701.0,705.0,-1.4,3163.0,1400.0,84.0
GLICL,2/7/2019,704.0,704.0,698.0,698.0,-0.99,1534.0,1400.0,84.0
GLICL,2/10/2019,695.0,695.0,690.0,690.0,-1.15,1027.0,1400.0,84.0
GLICL,2/11/2019,678.0,701.0,665.0,683.0,-1.01,2466.0,1400.0,84.0
GLICL,2/12/2019,672.0,683.0,672.0,683.0,0.0,1904.0,1400.0,84.0
GLICL,2/13/2019,683.0,683.0,654.0,655.0,-4.1,2940.0,1400.0,84.0
GLICL,2/14/2019,668.0,677.0,644.0,669.0,2.14,1738.0,1400.0,84.0
GLICL,2/17/2019,675.0,675.0,663.0,663.0,-0.9,1440.0,1400.0,84.0
GLICL,2/18/2019,650.0,654.0,644.0,644.0,-2.87,2433.0,1400.0,84.0
GLICL,2/19/2019,655.0,692.0,653.0,691.0,7.3,1061.0,1400.0,84.0
GLICL,2/20/2019,680.0,685.0,659.0,666.0,-3.62,1011.0,1400.0,84.0
GLICL,2/21/2019,655.0,685.0,651.0,685.0,2.85,127.0,1400.0,84.0
GLICL,2/24/2019,678.0,678.0,666.0,670.0,-2.19,3674.0,1400.0,84.0
GLICL,2/25/2019,670.0,695.0,670.0,683.0,1.94,1715.0,1400.0,84.0
GLICL,2/26/2019,680.0,684.0,670.0,684.0,0.15,1585.0,1400.0,84.0
GLICL,2/27/2019,684.0,710.0,680.0,690.0,0.88,1079.0,1400.0,84.0
GLICL,3/3/2019,682.0,688.0,680.0,680.0,-1.45,2414.0,1400.0,84.0
GLICL,3/5/2019,683.0,683.0,677.0,683.0,0.44,534.0,1400.0,84.0
GLICL,3/6/2019,683.0,706.0,683.0,693.0,1.46,4221.0,1400.0,84.0
GLICL,3/7/2019,700.0,709.0,690.0,708.0,2.16,2741.0,1400.0,84.0
GLICL,3/10/2019,722.0,731.0,694.0,720.0,1.69,2043.0,1400.0,84.0
GLICL,3/11/2019,745.0,750.0,720.0,738.0,2.5,9397.0,1400.0,84.0
GLICL,3/12/2019,742.0,752.0,738.0,752.0,1.9,8967.0,1400.0,84.0
GLICL,3/13/2019,770.0,770.0,740.0,741.0,-1.46,6835.0,1400.0,84.0
GLICL,3/14/2019,741.0,758.0,740.0,746.0,0.67,2794.0,1400.0,84.0
GLICL,3/17/2019,760.0,760.0,747.0,749.0,0.4,3706.0,1400.0,84.0
GLICL,3/18/2019,747.0,751.0,736.0,736.0,-1.74,7166.0,1400.0,84.0
GLICL,3/19/2019,740.0,745.0,732.0,734.0,-0.27,19900.0,1400.0,84.0
GLICL,3/21/2019,488.0,517.0,487.0,510.0,-30.52,8242.0,1400.0,84.0
GLICL,3/24/2019,510.0,510.0,490.0,501.0,-1.76,2504.0,1400.0,84.0
GLICL,3/25/2019,496.0,504.0,491.0,502.0,0.2,2604.0,1400.0,84.0
GLICL,3/26/2019,500.0,507.0,500.0,506.0,0.8,6229.0,1400.0,84.0
GLICL,3/27/2019,500.0,510.0,500.0,507.0,0.2,3026.0,1400.0,84.0
GLICL,3/28/2019,508.0,508.0,501.0,502.0,-0.99,1265.0,1400.0,84.0
GLICL,3/31/2019,502.0,510.0,501.0,504.0,0.4,2251.0,1400.0,84.0
GLICL,4/1/2019,504.0,504.0,499.0,500.0,-0.79,2100.0,1400.0,84.0
GLICL,4/2/2019,502.0,506.0,499.0,499.0,-0.2,3796.0,1400.0,84.0
GLICL,4/3/2019,498.0,500.0,497.0,497.0,-0.4,2394.0,1400.0,84.0
GLICL,4/4/2019,495.0,501.0,492.0,494.0,-0.6,1713.0,1400.0,84.0
GLICL,4/7/2019,492.0,501.0,492.0,500.0,1.21,2146.0,1400.0,84.0
GLICL,4/8/2019,500.0,540.0,500.0,531.0,6.2,7570.0,1400.0,84.0
GLICL,4/9/2019,521.0,533.0,510.0,510.0,-3.95,7171.0,1400.0,84.0
GLICL,4/10/2019,519.0,520.0,519.0,520.0,1.96,600.0,1400.0,84.0
GLICL,4/11/2019,515.0,516.0,512.0,514.0,-1.15,4106.0,1400.0,84.0
GLICL,4/15/2019,507.0,516.0,507.0,516.0,0.39,949.0,1400.0,84.0
GLICL,4/16/2019,520.0,534.0,518.0,534.0,3.49,4848.0,1400.0,84.0
GLICL,4/17/2019,535.0,535.0,518.0,526.0,-1.5,2300.0,1400.0,84.0
GLICL,4/18/2019,521.0,529.0,520.0,525.0,-0.19,2328.0,1400.0,84.0
GLICL,4/21/2019,525.0,525.0,525.0,525.0,0.0,200.0,1400.0,84.0
GLICL,4/22/2019,515.0,566.0,515.0,540.0,2.86,9086.0,1400.0,84.0
GLICL,4/23/2019,540.0,540.0,531.0,532.0,-1.48,2834.0,1400.0,84.0
GLICL,4/24/2019,531.0,535.0,525.0,533.0,0.19,4114.0,1400.0,84.0
GLICL,4/25/2019,534.0,550.0,534.0,543.0,1.88,4541.0,1400.0,84.0
GLICL,4/28/2019,552.0,597.0,552.0,597.0,9.94,17779.0,1400.0,84.0
GLICL,4/29/2019,608.0,617.0,580.0,583.0,-2.35,20023.0,1400.0,84.0
GLICL,4/30/2019,591.0,592.0,566.0,566.0,-2.92,5016.0,1400.0,84.0
GLICL,5/2/2019,557.0,588.0,555.0,577.0,1.94,3309.0,1400.0,84.0
GLICL,5/5/2019,577.0,577.0,554.0,555.0,-3.81,5930.0,1400.0,84.0
GLICL,5/6/2019,555.0,570.0,552.0,570.0,2.7,4822.0,1400.0,84.0
GLICL,5/7/2019,574.0,575.0,562.0,565.0,-0.88,1680.0,1400.0,84.0
GLICL,5/8/2019,561.0,565.0,559.0,565.0,0.0,1934.0,1400.0,84.0
GLICL,5/9/2019,568.0,570.0,565.0,565.0,0.0,1437.0,1400.0,84.0
GLICL,5/12/2019,570.0,576.0,565.0,575.0,1.77,1040.0,1400.0,84.0
GLICL,5/13/2019,576.0,576.0,566.0,570.0,-0.87,1036.0,1400.0,84.0
GLICL,5/14/2019,575.0,586.0,565.0,575.0,0.88,4924.0,1400.0,84.0
GLICL,5/15/2019,586.0,586.0,576.0,576.0,0.17,3411.0,1400.0,84.0
GLICL,5/16/2019,571.0,575.0,565.0,570.0,-1.04,4910.0,1400.0,84.0
GLICL,5/19/2019,565.0,566.0,557.0,557.0,-2.28,1080.0,1400.0,84.0
GLICL,5/20/2019,565.0,565.0,555.0,555.0,-0.36,2181.0,1400.0,84.0
GLICL,5/21/2019,554.0,562.0,554.0,562.0,1.26,1314.0,1400.0,84.0
GLICL,5/22/2019,556.0,562.0,556.0,557.0,-0.89,534.0,1400.0,84.0
GLICL,5/23/2019,556.0,560.0,550.0,550.0,-1.26,2919.0,1400.0,84.0
GLICL,5/26/2019,550.0,557.0,550.0,552.0,0.36,1860.0,1400.0,84.0
GLICL,5/27/2019,559.0,560.0,552.0,552.0,0.0,1223.0,1400.0,84.0
GLICL,5/28/2019,555.0,555.0,550.0,553.0,0.18,1426.0,1400.0,84.0
GLICL,5/29/2019,553.0,556.0,543.0,543.0,-1.81,1262.0,1400.0,84.0
GLICL,5/30/2019,553.0,564.0,550.0,550.0,1.29,2680.0,1400.0,84.0
GLICL,6/2/2019,555.0,555.0,539.0,542.0,-1.45,1507.0,1400.0,84.0
GLICL,6/3/2019,552.0,552.0,545.0,545.0,0.55,820.0,1400.0,84.0
GLICL,6/4/2019,540.0,545.0,539.0,545.0,0.0,473.0,1400.0,84.0
GLICL,6/6/2019,535.0,540.0,533.0,534.0,-2.02,484.0,1400.0,84.0
GLICL,6/10/2019,536.0,536.0,521.0,521.0,-2.43,1009.0,1400.0,84.0
GLICL,6/11/2019,520.0,530.0,520.0,523.0,0.38,1712.0,1400.0,84.0
GLICL,6/12/2019,518.0,525.0,515.0,515.0,-1.53,4564.0,1400.0,84.0
GLICL,6/13/2019,511.0,520.0,503.0,508.0,-1.36,1585.0,1400.0,84.0
GLICL,6/16/2019,506.0,506.0,503.0,503.0,-0.98,1255.0,1400.0,84.0
GLICL,6/17/2019,494.0,502.0,494.0,500.0,-0.6,633.0,1400.0,84.0
GLICL,6/18/2019,498.0,505.0,498.0,500.0,0.0,598.0,1400.0,84.0
GLICL,6/19/2019,500.0,506.0,500.0,506.0,1.2,307.0,1400.0,84.0
GLICL,6/20/2019,500.0,500.0,495.0,495.0,-2.17,1230.0,1400.0,84.0
GLICL,6/23/2019,489.0,494.0,489.0,494.0,-0.2,57.0,1400.0,84.0
GLICL,6/24/2019,500.0,500.0,490.0,495.0,0.2,2577.0,1400.0,84.0
GLICL,6/25/2019,489.0,494.0,488.0,488.0,-1.41,823.0,1400.0,84.0
GLICL,6/26/2019,480.0,489.0,475.0,475.0,-2.66,2808.0,1400.0,84.0
GLICL,6/27/2019,470.0,481.0,470.0,477.0,0.42,1841.0,1400.0,84.0
GLICL,6/30/2019,475.0,475.0,466.0,466.0,-2.31,1527.0,1400.0,84.0
GLICL,7/1/2019,466.0,469.0,460.0,461.0,-1.07,1461.0,1400.0,84.0
GLICL,7/2/2019,454.0,476.0,453.0,476.0,3.25,1194.0,1400.0,84.0
GLICL,7/3/2019,468.0,482.0,468.0,482.0,1.26,2253.0,1400.0,84.0
GLICL,7/4/2019,475.0,484.0,475.0,476.0,-1.24,1417.0,1400.0,84.0
GLICL,7/7/2019,475.0,476.0,473.0,476.0,0.0,1010.0,1400.0,84.0
GLICL,7/8/2019,473.0,475.0,461.0,475.0,-0.21,1229.0,1400.0,84.0
GLICL,7/9/2019,467.0,480.0,467.0,480.0,1.05,474.0,1400.0,84.0
GLICL,7/10/2019,472.0,483.0,472.0,483.0,0.63,256.0,1400.0,84.0
GLICL,7/11/2019,485.0,485.0,466.0,466.0,-3.52,2829.0,1400.0,84.0
GLICL,7/14/2019,467.0,467.0,458.0,458.0,-1.72,3350.0,1400.0,84.0
GLICL,7/15/2019,454.0,459.0,451.0,459.0,0.22,857.0,1400.0,84.0
GLICL,7/16/2019,481.0,481.0,463.0,465.0,1.31,124.0,1400.0,84.0
GLICL,7/17/2019,457.0,474.0,457.0,463.0,-0.43,1223.0,1400.0,84.0
GLICL,7/18/2019,469.0,472.0,467.0,467.0,0.86,500.0,1400.0,84.0
GLICL,7/21/2019,476.0,476.0,460.0,460.0,-1.5,50.0,1400.0,84.0
GLICL,7/22/2019,465.0,465.0,465.0,465.0,1.09,200.0,1400.0,84.0
GLICL,7/23/2019,465.0,465.0,458.0,461.0,-0.86,1943.0,1400.0,84.0
GLICL,7/24/2019,470.0,478.0,462.0,465.0,0.87,764.0,1400.0,84.0
GLICL,7/25/2019,466.0,466.0,450.0,450.0,-3.23,2413.0,1400.0,84.0
GLICL,7/28/2019,450.0,455.0,445.0,445.0,-1.11,478.0,1400.0,84.0
GLICL,7/29/2019,446.0,450.0,445.0,447.0,0.45,2316.0,1400.0,84.0
GLICL,7/30/2019,445.0,454.0,444.0,452.0,1.12,1570.0,1400.0,84.0
GLICL,7/31/2019,445.0,448.0,445.0,448.0,-0.88,109.0,1400.0,84.0
GLICL,8/1/2019,456.0,456.0,452.0,452.0,0.89,472.0,1400.0,84.0
GLICL,8/4/2019,452.0,470.0,452.0,461.0,1.99,1835.0,1400.0,84.0
GLICL,8/5/2019,468.0,468.0,459.0,461.0,0.0,1243.0,1400.0,84.0
GLICL,8/6/2019,470.0,481.0,462.0,473.0,2.6,5540.0,1400.0,84.0
GLICL,8/7/2019,464.0,488.0,464.0,485.0,2.54,1884.0,1400.0,84.0
GLICL,8/8/2019,489.0,506.0,476.0,480.0,-1.03,4482.0,1400.0,84.0
GLICL,8/11/2019,480.0,480.0,475.0,475.0,-1.04,733.0,1400.0,84.0
GLICL,8/12/2019,475.0,480.0,468.0,474.0,-0.21,1543.0,1400.0,84.0
GLICL,8/13/2019,475.0,475.0,464.0,464.0,-2.11,782.0,1400.0,84.0
GLICL,8/14/2019,460.0,465.0,452.0,460.0,-0.86,2321.0,1400.0,84.0
GLICL,8/15/2019,460.0,467.0,460.0,467.0,1.52,180.0,1400.0,84.0
GLICL,8/18/2019,468.0,470.0,442.0,449.0,-3.85,2953.0,1400.0,84.0
GLICL,8/19/2019,453.0,457.0,453.0,456.0,1.56,3016.0,1400.0,84.0
GLICL,8/20/2019,465.0,465.0,455.0,455.0,-0.22,497.0,1400.0,84.0
GLICL,8/21/2019,446.0,454.0,446.0,453.0,-0.44,1971.0,1400.0,84.0
GLICL,8/22/2019,460.0,460.0,460.0,460.0,1.55,16.0,1400.0,84.0
GLICL,8/25/2019,455.0,455.0,445.0,450.0,-2.17,201.0,1400.0,84.0
GLICL,8/26/2019,451.0,459.0,443.0,443.0,-1.56,410.0,1400.0,84.0
GLICL,8/27/2019,442.0,448.0,436.0,436.0,-1.58,2708.0,1400.0,84.0
GLICL,8/28/2019,431.0,438.0,428.0,428.0,-1.83,3460.0,1400.0,84.0
GLICL,8/29/2019,423.0,425.0,416.0,420.0,-1.87,5134.0,1400.0,84.0
GLICL,9/1/2019,414.0,415.0,397.0,400.0,-4.76,3798.0,1400.0,84.0
GLICL,9/2/2019,394.0,395.0,380.0,380.0,-5.0,3470.0,1400.0,84.0
GLICL,9/3/2019,380.0,399.0,374.0,380.0,0.0,6379.0,1400.0,84.0
GLICL,9/4/2019,380.0,397.0,373.0,395.0,3.95,5115.0,1400.0,84.0
GLICL,9/5/2019,390.0,402.0,390.0,390.0,-1.27,2617.0,1400.0,84.0
GLICL,9/8/2019,383.0,392.0,380.0,383.0,-1.79,1935.0,1400.0,84.0
GLICL,9/9/2019,383.0,385.0,380.0,383.0,0.0,2788.0,1400.0,84.0
GLICL,9/10/2019,390.0,394.0,380.0,383.0,0.0,6888.0,1400.0,84.0
GLICL,9/11/2019,390.0,390.0,380.0,385.0,0.52,2015.0,1400.0,84.0
GLICL,9/12/2019,385.0,387.0,378.0,378.0,-1.82,5940.0,1400.0,84.0
GLICL,9/15/2019,377.0,377.0,360.0,362.0,-4.23,2865.0,1400.0,84.0
GLICL,9/16/2019,360.0,360.0,339.0,350.0,-3.31,6009.0,1400.0,84.0
GLICL,9/17/2019,354.0,371.0,350.0,368.0,5.14,2581.0,1400.0,84.0
GLICL,9/18/2019,375.0,384.0,365.0,384.0,4.35,3506.0,1400.0,84.0
GLICL,9/19/2019,384.0,392.0,380.0,385.0,0.26,4013.0,1400.0,84.0
GLICL,9/22/2019,380.0,380.0,367.0,369.0,-4.16,1925.0,1400.0,84.0
GLICL,9/23/2019,376.0,376.0,358.0,358.0,-2.98,1816.0,1400.0,84.0
GLICL,9/24/2019,356.0,360.0,354.0,360.0,0.56,2451.0,1400.0,84.0
GLICL,9/25/2019,354.0,357.0,348.0,357.0,-0.83,2175.0,1400.0,84.0
GLICL,9/26/2019,361.0,364.0,345.0,354.0,-0.84,858.0,1400.0,84.0
GLICL,9/29/2019,350.0,351.0,348.0,351.0,-0.85,1752.0,1400.0,84.0
GLICL,9/30/2019,351.0,362.0,351.0,356.0,1.42,1114.0,1400.0,84.0
GLICL,10/1/2019,353.0,371.0,352.0,369.0,3.65,1666.0,1400.0,84.0
GLICL,10/2/2019,370.0,370.0,365.0,365.0,-1.08,2821.0,1400.0,84.0
GLICL,10/3/2019,361.0,366.0,361.0,366.0,0.27,275.0,1400.0,84.0
GLICL,10/14/2019,369.0,369.0,357.0,364.0,-0.55,613.0,1400.0,84.0
GLICL,10/15/2019,360.0,363.0,346.0,363.0,-0.27,3501.0,1400.0,84.0
GLICL,10/16/2019,356.0,359.0,348.0,359.0,-1.1,3964.0,1400.0,84.0
GLICL,10/17/2019,359.0,360.0,352.0,358.0,-0.28,1472.0,1400.0,84.0
GLICL,10/20/2019,356.0,359.0,355.0,359.0,0.28,644.0,1400.0,84.0
GLICL,10/21/2019,355.0,360.0,355.0,357.0,-0.56,547.0,1400.0,84.0
GLICL,10/22/2019,358.0,359.0,352.0,359.0,0.56,1808.0,1400.0,84.0
GLICL,10/23/2019,352.0,366.0,352.0,353.0,-1.67,1072.0,1400.0,84.0
GLICL,10/24/2019,360.0,360.0,354.0,360.0,1.98,1758.0,1400.0,84.0
GLICL,10/31/2019,356.0,356.0,348.0,348.0,-3.33,1692.0,1400.0,84.0
GLICL,11/3/2019,348.0,354.0,347.0,348.0,0.0,2374.0,1400.0,84.0
GLICL,11/4/2019,346.0,354.0,346.0,354.0,1.72,1988.0,1400.0,84.0
GLICL,11/5/2019,355.0,355.0,350.0,350.0,-1.13,531.0,1400.0,84.0
GLICL,11/6/2019,355.0,367.0,355.0,364.0,4.0,5069.0,1400.0,84.0
GLICL,11/7/2019,366.0,366.0,358.0,358.0,-1.65,2523.0,1400.0,84.0
GLICL,11/10/2019,364.0,364.0,358.0,358.0,0.0,229.0,1400.0,84.0
GLICL,11/11/2019,357.0,372.0,355.0,363.0,1.4,1181.0,1400.0,84.0
GLICL,11/12/2019,368.0,368.0,356.0,356.0,-1.93,811.0,1400.0,84.0
GLICL,11/13/2019,357.0,361.0,355.0,358.0,0.56,1170.0,1400.0,84.0
GLICL,11/14/2019,358.0,360.0,358.0,360.0,0.56,1183.0,1400.0,84.0
GLICL,11/17/2019,357.0,357.0,355.0,356.0,-1.11,493.0,1400.0,84.0
GLICL,11/18/2019,358.0,360.0,355.0,355.0,-0.28,1727.0,1400.0,84.0
GLICL,11/19/2019,353.0,356.0,352.0,355.0,0.0,988.0,1400.0,84.0
GLICL,11/20/2019,352.0,357.0,350.0,357.0,0.56,1004.0,1400.0,84.0
GLICL,11/21/2019,350.0,354.0,348.0,348.0,-2.52,1822.0,1400.0,84.0
GLICL,11/24/2019,346.0,346.0,340.0,346.0,-0.57,2000.0,1400.0,84.0
GLICL,11/25/2019,345.0,352.0,341.0,346.0,0.0,3056.0,1400.0,84.0
GLICL,11/26/2019,343.0,351.0,343.0,350.0,1.16,1194.0,1400.0,84.0
GLICL,11/27/2019,350.0,354.0,344.0,354.0,1.14,595.0,1400.0,84.0
GLICL,11/28/2019,359.0,360.0,351.0,358.0,1.13,2628.0,1400.0,84.0
GLICL,12/1/2019,353.0,358.0,347.0,358.0,0.0,2696.0,1400.0,84.0
GLICL,12/2/2019,352.0,355.0,351.0,354.0,-1.12,1252.0,1400.0,84.0
GLICL,12/3/2019,351.0,360.0,350.0,358.0,1.13,3641.0,1400.0,84.0
GLICL,12/4/2019,354.0,368.0,354.0,361.0,0.84,1935.0,1400.0,84.0
GLICL,12/5/2019,360.0,385.0,360.0,380.0,5.26,15144.0,1400.0,84.0
GLICL,12/8/2019,373.0,386.0,361.0,386.0,1.58,12767.0,1400.0,84.0
GLICL,12/9/2019,388.0,415.0,379.0,402.0,4.15,14787.0,1400.0,84.0
GLICL,12/10/2019,409.0,413.0,395.0,413.0,2.74,9628.0,1400.0,84.0
GLICL,12/11/2019,411.0,436.0,410.0,435.0,5.33,16474.0,1400.0,84.0
GLICL,12/12/2019,440.0,471.0,428.0,464.0,6.67,17922.0,1400.0,84.0
GLICL,12/15/2019,464.0,464.0,420.0,441.0,-4.96,19582.0,1400.0,84.0
GLICL,12/16/2019,448.0,454.0,428.0,431.0,-2.27,14233.0,1400.0,84.0
GLICL,12/17/2019,434.0,459.0,427.0,449.0,4.18,9016.0,1400.0,84.0
GLICL,12/18/2019,446.0,458.0,445.0,454.0,1.11,18561.0,1400.0,84.0
GLICL,12/19/2019,462.0,462.0,442.0,451.0,-0.66,8358.0,1400.0,84.0
GLICL,12/22/2019,442.0,450.0,437.0,444.0,-1.55,3990.0,1400.0,84.0
GLICL,12/23/2019,450.0,465.0,448.0,459.0,3.38,13737.0,1400.0,84.0
GLICL,12/24/2019,467.0,474.0,447.0,455.0,-0.87,10398.0,1400.0,84.0
GLICL,12/25/2019,459.0,467.0,447.0,452.0,-0.66,11135.0,1400.0,84.0
GLICL,12/26/2019,460.0,460.0,448.0,448.0,-0.88,6975.0,1400.0,84.0
GLICL,12/29/2019,449.0,452.0,441.0,452.0,0.89,5474.0,1400.0,84.0
GLICL,12/30/2019,457.0,471.0,448.0,467.0,3.32,19647.0,1400.0,84.0
GLICL,12/31/2019,472.0,474.0,462.0,466.0,-0.21,8672.0,1400.0,84.0
GLICL,1/1/2020,464.0,470.0,460.0,460.0,-1.29,6035.0,1400.0,84.0
GLICL,1/2/2020,455.0,464.0,455.0,458.0,-0.43,7971.0,1400.0,84.0
GLICL,1/5/2020,464.0,467.0,460.0,461.0,0.66,7222.0,1400.0,84.0
GLICL,1/6/2020,461.0,465.0,461.0,461.0,0.0,8016.0,1400.0,84.0
GLICL,1/7/2020,462.0,490.0,462.0,484.0,4.99,21264.0,1400.0,84.0
GLICL,1/8/2020,485.0,497.0,479.0,483.0,-0.21,16704.0,1400.0,84.0
GLICL,1/9/2020,492.0,500.0,478.0,485.0,0.41,13039.0,1400.0,84.0
GLICL,1/12/2020,493.0,528.0,493.0,528.0,8.87,30634.0,1400.0,84.0
GLICL,1/13/2020,538.0,566.0,530.0,542.0,2.65,34909.0,1400.0,84.0
GLICL,1/14/2020,542.0,551.0,522.0,530.0,-2.21,16999.0,1400.0,84.0
GLICL,1/15/2020,540.0,550.0,532.0,545.0,2.83,10279.0,1400.0,84.0
GLICL,1/16/2020,545.0,560.0,540.0,558.0,2.39,16312.0,1400.0,84.0
GLICL,1/19/2020,569.0,613.0,558.0,613.0,9.86,35255.0,1400.0,84.0
GLICL,1/20/2020,622.0,650.0,606.0,621.0,1.31,36299.0,1400.0,84.0
GLICL,1/21/2020,633.0,683.0,620.0,682.0,9.82,59270.0,1400.0,84.0
GLICL,1/22/2020,695.0,714.0,672.0,695.0,1.91,39526.0,1400.0,84.0
GLICL,1/23/2020,704.0,704.0,665.0,673.0,-3.17,36601.0,1400.0,84.0
GLICL,1/26/2020,673.0,680.0,643.0,644.0,-4.31,41103.0,1400.0,84.0
GLICL,1/27/2020,640.0,686.0,639.0,683.0,6.06,38032.0,1400.0,84.0
GLICL,1/28/2020,696.0,706.0,685.0,699.0,2.34,61050.0,1400.0,84.0
GLICL,1/29/2020,698.0,705.0,691.0,691.0,-1.14,37334.0,1400.0,84.0
GLICL,1/30/2020,698.0,758.0,695.0,741.0,7.24,77319.0,1400.0,84.0
GLICL,2/2/2020,750.0,753.0,729.0,734.0,-0.94,55543.0,1400.0,84.0
GLICL,2/3/2020,747.0,748.0,720.0,733.0,-0.14,27613.0,1400.0,84.0
GLICL,2/4/2020,733.0,749.0,725.0,736.0,0.41,35212.0,1400.0,84.0
GLICL,2/5/2020,750.0,795.0,750.0,766.0,4.08,77368.0,1400.0,84.0
GLICL,2/6/2020,780.0,794.0,761.0,770.0,0.52,59323.0,1400.0,84.0
GLICL,2/9/2020,780.0,780.0,754.0,759.0,-1.43,25613.0,1400.0,84.0
GLICL,2/10/2020,770.0,776.0,755.0,760.0,0.13,14031.0,1400.0,84.0
GLICL,2/11/2020,774.0,780.0,765.0,767.0,0.92,23324.0,1400.0,84.0
GLICL,2/12/2020,774.0,776.0,767.0,770.0,0.39,36517.0,1400.0,84.0
GLICL,2/13/2020,779.0,806.0,771.0,794.0,3.12,56337.0,1400.0,84.0
GLICL,2/16/2020,797.0,822.0,791.0,820.0,3.27,44000.0,1400.0,84.0
GLICL,2/17/2020,834.0,854.0,820.0,824.0,0.49,42690.0,1400.0,84.0
GLICL,2/18/2020,820.0,824.0,800.0,813.0,-1.33,29995.0,1400.0,84.0
GLICL,2/19/2020,825.0,825.0,801.0,818.0,0.62,14769.0,1400.0,84.0
GLICL,2/20/2020,818.0,835.0,818.0,830.0,1.47,26177.0,1400.0,84.0
GLICL,2/23/2020,845.0,857.0,831.0,853.0,2.77,31502.0,1400.0,84.0
GLICL,2/24/2020,869.0,870.0,840.0,850.0,-0.35,25928.0,1400.0,84.0
GLICL,2/25/2020,859.0,935.0,844.0,935.0,10.0,86981.0,1400.0,84.0
GLICL,2/26/2020,953.0,1028.0,953.0,1026.0,9.73,101996.0,1400.0,84.0
GLICL,2/27/2020,1077.0,1077.0,980.0,1009.0,-1.66,78358.0,1400.0,84.0
GLICL,3/1/2020,1025.0,1025.0,967.0,967.0,-4.16,63597.0,1400.0,84.0
GLICL,3/2/2020,950.0,960.0,900.0,900.0,-6.93,38348.0,1400.0,84.0
GLICL,3/3/2020,885.0,950.0,810.0,895.0,-0.56,78635.0,1400.0,84.0
GLICL,3/4/2020,912.0,930.0,833.0,840.0,-6.15,115970.0,1400.0,84.0
GLICL,3/5/2020,475.0,507.0,458.0,494.0,-41.19,71907.0,1400.0,84.0
GLICL,3/10/2020,490.0,490.0,453.0,453.0,-8.3,7401.0,1400.0,84.0
GLICL,3/11/2020,458.0,484.0,437.0,484.0,6.84,21839.0,1400.0,84.0
GLICL,3/12/2020,497.0,498.0,451.0,460.0,-4.96,30657.0,1400.0,84.0
GLICL,3/15/2020,451.0,451.0,415.0,420.0,-8.7,19356.0,1400.0,84.0
GLICL,3/16/2020,415.0,438.0,412.0,422.0,0.48,16245.0,1400.0,84.0
GLICL,3/17/2020,430.0,430.0,385.0,397.0,-5.92,18184.0,1400.0,84.0
GLICL,3/18/2020,390.0,415.0,363.0,398.0,0.25,17896.0,1400.0,84.0
GLICL,3/19/2020,397.0,409.0,380.0,396.0,-0.5,26489.0,1400.0,84.0
GLICL,3/22/2020,389.0,415.0,389.0,403.0,1.77,550.0,1400.0,84.0
GLICL,5/12/2020,395.0,395.0,391.0,391.0,-2.98,30.0,1400.0,84.0
GLICL,5/13/2020,384.0,384.0,384.0,384.0,-1.79,10.0,1400.0,84.0
GLICL,6/29/2020,377.0,377.0,346.0,384.0,0.0,7755.0,1400.0,84.0
GLICL,6/30/2020,390.0,413.0,390.0,413.0,7.55,1826.0,1400.0,84.0
GLICL,7/1/2020,421.0,454.0,421.0,454.0,9.93,1366.0,1400.0,84.0
GLICL,7/2/2020,463.0,490.0,445.0,445.0,-1.98,9664.0,1400.0,84.0
GLICL,7/5/2020,445.0,486.0,430.0,447.0,0.45,13807.0,1400.0,84.0
GLICL,7/6/2020,451.0,469.0,440.0,469.0,4.92,12913.0,1400.0,84.0
GLICL,7/7/2020,477.0,491.0,463.0,491.0,4.69,25223.0,1400.0,84.0
GLICL,7/8/2020,500.0,500.0,470.0,474.0,-3.46,8660.0,1400.0,84.0
GLICL,7/9/2020,480.0,484.0,465.0,480.0,1.27,5394.0,1400.0,84.0
GLICL,7/12/2020,485.0,493.0,481.0,485.0,1.04,9556.0,1400.0,84.0
GLICL,7/13/2020,485.0,494.0,477.0,481.0,-0.82,5197.0,1400.0,84.0
GLICL,7/14/2020,477.0,479.0,470.0,470.0,-2.29,5254.0,1400.0,84.0
GLICL,7/15/2020,472.0,479.0,465.0,465.0,-1.06,4269.0,1400.0,84.0
GLICL,7/16/2020,467.0,481.0,466.0,470.0,1.08,7209.0,1400.0,84.0
GLICL,7/19/2020,479.0,479.0,479.0,479.0,1.91,10.0,1400.0,84.0
GLICL,7/20/2020,488.0,524.0,480.0,483.0,0.84,24882.0,1400.0,84.0
GLICL,7/21/2020,507.0,507.0,471.0,479.0,-0.83,11349.0,1400.0,84.0
GLICL,7/22/2020,480.0,482.0,469.0,470.0,-1.88,9097.0,1400.0,84.0
GLICL,7/23/2020,469.0,480.0,465.0,470.0,0.0,6670.0,1400.0,84.0
GLICL,7/26/2020,467.0,487.0,467.0,486.0,3.4,12198.0,1400.0,84.0
GLICL,7/27/2020,489.0,498.0,485.0,486.0,0.0,12707.0,1400.0,84.0
GLICL,7/28/2020,490.0,490.0,480.0,480.0,-1.23,5245.0,1400.0,84.0
GLICL,7/29/2020,500.0,500.0,470.0,472.0,-1.67,5142.0,1400.0,84.0
GLICL,7/30/2020,463.0,476.0,460.0,473.0,0.21,4442.0,1400.0,84.0
GLICL,8/2/2020,468.0,474.0,451.0,454.0,-4.02,10690.0,1400.0,84.0
GLICL,8/3/2020,447.0,457.0,444.0,454.0,0.0,4660.0,1400.0,84.0
GLICL,8/5/2020,445.0,453.0,437.0,438.0,-3.52,9780.0,1400.0,84.0
GLICL,8/6/2020,433.0,439.0,430.0,439.0,0.23,7865.0,1400.0,84.0
GLICL,8/9/2020,444.0,445.0,431.0,445.0,1.37,5907.0,1400.0,84.0
GLICL,8/10/2020,446.0,471.0,446.0,465.0,4.49,13736.0,1400.0,84.0
GLICL,8/11/2020,474.0,483.0,461.0,468.0,0.65,17981.0,1400.0,84.0
GLICL,8/12/2020,468.0,475.0,460.0,471.0,0.64,11885.0,1400.0,84.0
GLICL,8/13/2020,474.0,474.0,464.0,471.0,0.0,7005.0,1400.0,84.0
GLICL,8/16/2020,471.0,480.0,460.0,470.0,-0.21,9067.0,1400.0,84.0
GLICL,8/17/2020,479.0,479.0,468.0,475.0,1.06,9085.0,1400.0,84.0
GLICL,8/18/2020,484.0,484.0,466.0,472.0,-0.63,8471.0,1400.0,84.0
GLICL,8/19/2020,465.0,468.0,455.0,465.0,-1.48,6437.0,1400.0,84.0
GLICL,8/20/2020,473.0,473.0,463.0,465.0,0.0,2395.0,1400.0,84.0
GLICL,8/23/2020,465.0,482.0,463.0,482.0,3.66,17128.0,1400.0,84.0
GLICL,8/24/2020,490.0,500.0,485.0,497.0,3.11,23465.0,1400.0,84.0
GLICL,8/25/2020,510.0,520.0,492.0,518.0,4.23,40305.0,1400.0,84.0
GLICL,8/26/2020,524.0,553.0,524.0,540.0,4.25,51131.0,1400.0,84.0
GLICL,8/27/2020,550.0,550.0,530.0,537.0,-0.56,28373.0,1400.0,84.0
GLICL,8/30/2020,530.0,544.0,519.0,538.0,0.19,17976.0,1400.0,84.0
GLICL,8/31/2020,547.0,588.0,547.0,575.0,6.88,64539.0,1400.0,84.0
GLICL,9/2/2020,586.0,620.0,554.0,568.0,-1.22,67618.0,1400.0,84.0
GLICL,9/3/2020,568.0,589.0,559.0,576.0,1.41,31682.0,1400.0,84.0
GLICL,9/6/2020,604.0,604.0,575.0,582.0,1.04,46961.0,1400.0,84.0
GLICL,9/7/2020,600.0,600.0,560.0,576.0,-1.03,27643.0,1400.0,84.0
GLICL,9/8/2020,584.0,585.0,567.0,582.0,1.04,21918.0,1400.0,84.0
GLICL,9/9/2020,585.0,599.0,579.0,594.0,2.06,43367.0,1400.0,84.0
GLICL,9/10/2020,595.0,625.0,594.0,621.0,4.55,54805.0,1400.0,84.0
GLICL,9/13/2020,625.0,668.0,620.0,660.0,6.28,49296.0,1400.0,84.0
GLICL,9/14/2020,665.0,679.0,645.0,654.0,-0.91,45732.0,1400.0,84.0
GLICL,9/15/2020,643.0,654.0,632.0,645.0,-1.38,29833.0,1400.0,84.0
GLICL,9/16/2020,645.0,655.0,636.0,654.0,1.4,30566.0,1400.0,84.0
GLICL,9/17/2020,660.0,670.0,650.0,654.0,0.0,44975.0,1400.0,84.0
GLICL,9/20/2020,663.0,663.0,635.0,639.0,-2.29,12888.0,1400.0,84.0
GLICL,9/21/2020,629.0,645.0,628.0,640.0,0.16,19347.0,1400.0,84.0
GLICL,9/22/2020,636.0,638.0,624.0,629.0,-1.72,19241.0,1400.0,84.0
GLICL,9/23/2020,635.0,635.0,625.0,634.0,0.79,13846.0,1400.0,84.0
GLICL,9/24/2020,640.0,640.0,624.0,627.0,-1.1,21101.0,1400.0,84.0
GLICL,9/27/2020,628.0,635.0,620.0,620.0,-1.12,21716.0,1400.0,84.0
GLICL,9/28/2020,616.0,618.0,613.0,616.0,-0.65,8571.0,1400.0,84.0
GLICL,9/29/2020,645.0,645.0,610.0,613.0,-0.49,10460.0,1400.0,84.0
GLICL,9/30/2020,612.0,614.0,608.0,611.0,-0.33,17017.0,1400.0,84.0
GLICL,10/1/2020,614.0,636.0,613.0,636.0,4.09,28461.0,1400.0,84.0
GLICL,10/4/2020,647.0,647.0,635.0,640.0,0.63,25939.0,1400.0,84.0
GLICL,10/5/2020,640.0,640.0,626.0,627.0,-2.03,12644.0,1400.0,84.0
GLICL,10/6/2020,625.0,625.0,619.0,620.0,-1.12,6235.0,1400.0,84.0
GLICL,10/7/2020,618.0,629.0,615.0,623.0,0.48,9230.0,1400.0,84.0
GLICL,10/8/2020,615.0,625.0,615.0,622.0,-0.16,9610.0,1400.0,84.0
GLICL,10/11/2020,622.0,630.0,615.0,615.0,-1.13,5165.0,1400.0,84.0
GLICL,10/12/2020,606.0,618.0,606.0,614.0,-0.16,8740.0,1400.0,84.0
GLICL,10/13/2020,625.0,625.0,608.0,610.0,-0.65,12154.0,1400.0,84.0
GLICL,10/14/2020,607.0,612.0,600.0,608.0,-0.33,12587.0,1400.0,84.0
GLICL,10/15/2020,610.0,621.0,603.0,607.0,-0.16,8757.0,1400.0,84.0
GLICL,10/18/2020,600.0,603.0,598.0,601.0,-0.99,8778.0,1400.0,84.0
GLICL,10/19/2020,602.0,610.0,599.0,610.0,1.5,12798.0,1400.0,84.0
GLICL,10/20/2020,625.0,632.0,613.0,625.0,2.46,22091.0,1400.0,84.0
GLICL,10/21/2020,625.0,633.0,621.0,628.0,0.48,7977.0,1400.0,84.0
GLICL,10/22/2020,620.0,629.0,614.0,614.0,-2.23,14822.0,1400.0,84.0
GLICL,10/28/2020,610.0,619.0,607.0,617.0,0.49,10530.0,1400.0,84.0
GLICL,10/29/2020,625.0,625.0,615.0,620.0,0.49,6558.0,1400.0,84.0
GLICL,11/1/2020,622.0,625.0,615.0,620.0,0.0,7609.0,1400.0,84.0
GLICL,11/2/2020,620.0,622.0,616.0,617.0,-0.48,7351.0,1400.0,84.0
GLICL,11/3/2020,605.0,610.0,600.0,606.0,-1.78,77530.0,1400.0,84.0
GLICL,11/4/2020,608.0,611.0,605.0,607.0,0.17,80756.0,1400.0,84.0
GLICL,11/5/2020,600.0,600.0,578.0,588.0,-3.13,41779.0,1400.0,84.0
GLICL,11/8/2020,585.0,590.0,575.0,583.0,-0.85,35085.0,1400.0,84.0
GLICL,11/9/2020,588.0,595.0,572.0,584.0,0.17,40056.0,1400.0,84.0
GLICL,11/10/2020,584.0,608.0,584.0,608.0,4.11,72586.0,1400.0,84.0
GLICL,11/11/2020,608.0,615.0,602.0,604.0,-0.66,45915.0,1400.0,84.0
GLICL,11/12/2020,610.0,610.0,596.0,597.0,-1.16,30975.0,1400.0,84.0
GLICL,11/18/2020,595.0,619.0,591.0,615.0,3.02,51793.0,1400.0,84.0
GLICL,11/19/2020,622.0,635.0,619.0,632.0,2.76,71423.0,1400.0,84.0
GLICL,11/22/2020,644.0,644.0,604.0,612.0,-3.16,67434.0,1400.0,84.0
GLICL,11/23/2020,612.0,617.0,600.0,602.0,-1.63,36733.0,1400.0,84.0
GLICL,11/24/2020,595.0,614.0,595.0,610.0,1.33,40551.0,1400.0,84.0
GLICL,11/25/2020,620.0,620.0,609.0,611.0,0.16,41047.0,1400.0,84.0
GLICL,11/26/2020,620.0,620.0,595.0,595.0,-2.62,52282.0,1400.0,84.0
GLICL,11/29/2020,606.0,606.0,591.0,599.0,0.67,47536.0,1400.0,84.0
GLICL,11/30/2020,610.0,636.0,600.0,624.0,4.17,115401.0,1400.0,84.0
GLICL,12/1/2020,625.0,633.0,609.0,615.0,-1.44,49770.0,1400.0,84.0
GLICL,12/2/2020,612.0,655.0,610.0,655.0,6.5,189408.0,1400.0,84.0
GLICL,12/3/2020,668.0,681.0,634.0,635.0,-3.05,100794.0,1400.0,84.0
GLICL,12/6/2020,630.0,630.0,598.0,600.0,-5.51,69837.0,1400.0,84.0
GLICL,12/7/2020,610.0,630.0,591.0,625.0,4.17,70669.0,1400.0,84.0
GLICL,12/8/2020,621.0,644.0,620.0,621.0,-0.64,118360.0,1400.0,84.0
GLICL,12/9/2020,621.0,630.0,610.0,615.0,-0.97,64167.0,1400.0,84.0
GLICL,12/10/2020,615.0,627.0,606.0,618.0,0.49,36753.0,1400.0,84.0
GLICL,12/13/2020,630.0,630.0,618.0,627.0,1.46,30728.0,1400.0,84.0
GLICL,12/14/2020,639.0,662.0,628.0,655.0,4.47,138922.0,1400.0,84.0
GLICL,12/15/2020,668.0,677.0,650.0,660.0,0.76,114100.0,1400.0,84.0
GLICL,12/16/2020,658.0,662.0,652.0,654.0,-0.91,54807.0,1400.0,84.0
GLICL,12/17/2020,650.0,666.0,641.0,643.0,-1.68,45325.0,1400.0,84.0
GLICL,12/20/2020,645.0,649.0,603.0,605.0,-5.91,72289.0,1400.0,84.0
GLICL,12/21/2020,593.0,625.0,582.0,619.0,2.31,67893.0,1400.0,84.0
GLICL,12/22/2020,631.0,645.0,615.0,644.0,4.04,58761.0,1400.0,84.0
GLICL,12/23/2020,676.0,676.0,639.0,640.0,-0.62,71698.0,1400.0,84.0
GLICL,12/24/2020,638.0,638.0,626.0,626.0,-2.19,8854.0,1400.0,84.0
GLICL,12/27/2020,614.0,635.0,611.0,612.0,-2.24,23880.0,1400.0,84.0
GLICL,12/28/2020,601.0,632.0,600.0,619.0,1.14,14878.0,1400.0,84.0
GLICL,12/29/2020,615.0,624.0,614.0,617.0,-0.32,13470.0,1400.0,84.0
GLICL,12/30/2020,612.0,624.0,612.0,616.0,-0.16,20985.0,1400.0,84.0
GLICL,12/31/2020,615.0,623.0,608.0,613.0,-0.49,51952.0,1400.0,84.0
GLICL,1/3/2021,613.0,632.0,613.0,625.0,1.96,27111.0,1400.0,84.0
GLICL,1/4/2021,637.0,637.0,620.0,626.0,0.16,40605.0,1400.0,84.0
GLICL,1/5/2021,625.0,627.0,615.0,616.0,-1.6,11138.0,1400.0,84.0
GLICL,1/6/2021,625.0,628.0,616.0,622.0,0.97,13821.0,1400.0,84.0
GLICL,1/7/2021,625.0,639.0,622.0,630.0,1.29,64386.0,1400.0,84.0
GLICL,1/10/2021,633.0,640.0,630.0,633.0,0.48,34329.0,1400.0,84.0
GLICL,1/11/2021,635.0,637.0,624.0,629.0,-0.63,35320.0,1400.0,84.0
GLICL,1/12/2021,623.0,648.0,623.0,647.0,2.86,74285.0,1400.0,84.0
GLICL,1/13/2021,655.0,669.0,655.0,664.0,2.63,93498.0,1400.0,84.0
GLICL,1/17/2021,680.0,680.0,655.0,667.0,0.45,54698.0,1400.0,84.0
GLICL,1/18/2021,700.0,700.0,660.0,685.0,2.7,136673.0,1400.0,84.0
GLICL,1/19/2021,692.0,700.0,663.0,677.0,-1.17,50588.0,1400.0,84.0
GLICL,1/20/2021,675.0,680.0,664.0,679.0,0.3,54789.0,1400.0,84.0
GLICL,1/21/2021,680.0,723.0,675.0,720.0,6.04,143085.0,1400.0,84.0
GLICL,1/24/2021,734.0,792.0,732.0,792.0,10.0,177665.0,1400.0,84.0
GLICL,1/25/2021,792.0,825.0,780.0,799.0,0.88,187358.0,1400.0,84.0
GLICL,1/26/2021,814.0,814.0,775.0,778.0,-2.63,91580.0,1400.0,84.0
GLICL,1/27/2021,783.0,800.0,763.0,782.0,0.51,70061.0,1400.0,84.0
GLICL,1/28/2021,783.0,848.0,783.0,810.0,3.58,151910.0,1400.0,84.0
GLICL,1/31/2021,810.0,815.0,786.0,791.0,-2.35,90935.0,1400.0,84.0
GLICL,2/1/2021,793.0,811.0,792.0,799.0,1.01,56176.0,1400.0,84.0
GLICL,2/2/2021,814.0,877.0,814.0,841.0,5.26,121098.0,1400.0,84.0
GLICL,2/3/2021,856.0,890.0,816.0,825.0,-1.9,106708.0,1400.0,84.0
GLICL,2/4/2021,840.0,857.0,808.0,825.0,0.0,52368.0,1400.0,84.0
GLICL,2/7/2021,840.0,858.0,816.0,858.0,4.0,111954.0,1400.0,84.0
GLICL,2/8/2021,874.0,890.0,836.0,838.0,-2.33,86096.0,1400.0,84.0
GLICL,2/11/2021,840.0,844.0,816.0,825.0,-1.55,107786.0,1400.0,84.0
GLICL,2/14/2021,824.0,835.0,799.0,802.0,-2.79,44614.0,1400.0,84.0
GLICL,2/15/2021,810.0,842.0,810.0,842.0,4.99,71114.0,1400.0,84.0
GLICL,2/16/2021,850.0,850.0,815.0,823.0,-2.26,62001.0,1400.0,84.0
GLICL,2/17/2021,820.0,822.0,802.0,808.0,-1.82,42831.0,1400.0,84.0
GLICL,2/18/2021,808.0,817.0,800.0,816.0,0.99,37369.0,1400.0,84.0
GLICL,2/21/2021,825.0,828.0,796.0,797.0,-2.33,43807.0,1400.0,84.0
GLICL,2/22/2021,797.0,797.0,773.0,777.0,-2.51,44403.0,1400.0,84.0
GLICL,2/23/2021,771.0,779.0,750.0,767.0,-1.29,52517.0,1400.0,84.0
GLICL,2/24/2021,767.0,808.0,767.0,791.0,3.13,44480.0,1400.0,84.0
GLICL,2/25/2021,791.0,791.0,765.0,774.0,-2.15,28097.0,1400.0,84.0
GLICL,2/28/2021,775.0,775.0,733.0,740.0,-4.39,58564.0,1400.0,84.0
GLICL,3/1/2021,740.0,765.0,718.0,760.0,2.7,49538.0,1400.0,84.0
GLICL,3/2/2021,755.0,760.0,718.0,728.0,-4.21,36163.0,1400.0,84.0
GLICL,3/3/2021,716.0,740.0,698.0,710.0,-2.47,48499.0,1400.0,84.0
GLICL,3/4/2021,720.0,737.0,710.0,737.0,3.8,32200.0,1400.0,84.0
GLICL,3/7/2021,735.0,747.0,712.0,712.0,-3.39,12918.0,1400.0,84.0
GLICL,3/9/2021,705.0,726.0,704.0,710.0,-0.28,15669.0,1400.0,84.0
GLICL,3/10/2021,702.0,712.0,702.0,708.0,-0.28,14373.0,1400.0,84.0
GLICL,3/14/2021,708.0,708.0,679.0,683.0,-3.53,33869.0,1400.0,84.0
GLICL,3/15/2021,670.0,688.0,663.0,666.0,-2.49,29536.0,1400.0,84.0
GLICL,3/16/2021,679.0,680.0,666.0,680.0,2.1,17811.0,1400.0,84.0
GLICL,3/17/2021,690.0,695.0,676.0,695.0,2.21,22042.0,1400.0,84.0
GLICL,3/18/2021,707.0,726.0,700.0,725.0,4.32,25521.0,1400.0,84.0
GLICL,3/21/2021,728.0,755.0,711.0,753.0,3.86,30847.0,1400.0,84.0
GLICL,3/22/2021,767.0,767.0,725.0,731.0,-2.92,34047.0,1400.0,84.0
GLICL,3/23/2021,720.0,733.0,719.0,724.0,-0.96,17342.0,1400.0,84.0
GLICL,3/24/2021,725.0,731.0,722.0,730.0,0.83,16161.0,1400.0,84.0
GLICL,3/25/2021,732.0,738.0,719.0,721.0,-1.23,17672.0,1400.0,84.0
GLICL,3/29/2021,730.0,730.0,716.0,720.0,-0.14,15160.0,1400.0,84.0
GLICL,3/30/2021,734.0,740.0,719.0,730.0,1.39,34415.0,1400.0,84.0
GLICL,3/31/2021,732.0,761.0,732.0,756.0,3.56,56503.0,1400.0,84.0
GLICL,4/1/2021,771.0,785.0,757.0,771.0,1.98,63743.0,1400.0,84.0
GLICL,4/4/2021,809.0,809.0,764.0,787.0,2.08,44080.0,1400.0,84.0
GLICL,4/5/2021,799.0,802.0,775.0,784.0,-0.38,42279.0,1400.0,84.0
GLICL,4/6/2021,769.0,787.0,762.0,773.0,-1.4,34821.0,1400.0,84.0
GLICL,4/7/2021,770.0,780.0,758.0,761.0,-1.55,31818.0,1400.0,84.0
GLICL,4/8/2021,775.0,775.0,758.0,770.0,1.18,18111.0,1400.0,84.0
GLICL,4/12/2021,763.0,775.0,763.0,773.0,0.39,25973.0,1400.0,84.0
GLICL,4/13/2021,775.0,775.0,765.0,770.0,-0.39,21020.0,1400.0,84.0
GLICL,4/15/2021,770.0,786.0,765.0,785.0,1.95,36287.0,1400.0,84.0
GLICL,4/18/2021,822.0,822.0,765.0,768.0,-2.17,16641.0,1400.0,84.0
GLICL,4/19/2021,764.0,770.0,755.0,756.0,-1.56,20304.0,1400.0,84.0
GLICL,4/20/2021,764.0,771.0,735.0,765.0,1.19,25508.0,1400.0,84.0
GLICL,4/21/2021,766.0,781.0,736.0,750.0,-1.96,70974.0,1400.0,84.0
GLICL,4/22/2021,760.0,760.0,739.0,742.0,-1.07,39055.0,1400.0,84.0
GLICL,4/25/2021,732.0,740.0,725.0,732.0,-1.35,36856.0,1400.0,84.0
GLICL,4/26/2021,718.0,749.0,704.0,707.0,-3.42,48636.0,1400.0,84.0
GLICL,4/27/2021,707.0,748.0,707.0,730.0,3.25,23435.0,1400.0,84.0
GLICL,4/28/2021,730.0,743.0,716.0,730.0,0.0,10598.0,1400.0,84.0
GLICL,4/29/2021,730.0,742.0,726.0,736.0,0.82,10894.0,1400.0,84.0
GLICL,5/2/2021,750.0,782.0,735.0,774.0,5.16,56679.0,1400.0,84.0
GLICL,5/3/2021,785.0,803.0,760.0,774.0,0.0,33104.0,1400.0,84.0
GLICL,5/4/2021,774.0,782.0,766.0,770.0,-0.52,19293.0,1400.0,84.0
GLICL,5/5/2021,771.0,785.0,758.0,770.0,0.0,19191.0,1400.0,84.0
GLICL,5/6/2021,764.0,770.0,757.0,757.0,-1.69,21896.0,1400.0,84.0
GLICL,5/9/2021,746.0,760.0,743.0,744.0,-1.72,21505.0,1400.0,84.0
GLICL,5/10/2021,730.0,758.0,730.0,755.0,1.48,8780.0,1400.0,84.0
GLICL,5/11/2021,762.0,765.0,755.0,759.0,0.53,10541.0,1400.0,84.0
GLICL,5/12/2021,765.0,767.0,756.0,767.0,1.05,39502.0,1400.0,84.0
GLICL,5/13/2021,800.0,800.0,768.0,789.0,2.87,81027.0,1400.0,84.0
GLICL,5/16/2021,800.0,815.0,792.0,814.0,3.17,129894.0,1400.0,84.0
GLICL,5/17/2021,820.0,828.0,795.0,802.0,-1.47,83148.0,1400.0,84.0
GLICL,5/18/2021,805.0,829.0,788.0,824.0,2.74,132162.0,1400.0,84.0
GLICL,5/19/2021,840.0,840.0,802.0,810.0,-1.7,96296.0,1400.0,84.0
GLICL,5/20/2021,805.0,815.0,800.0,802.0,-0.99,36623.0,1400.0,84.0
GLICL,5/23/2021,788.0,828.0,773.0,814.0,1.5,87421.0,1400.0,84.0
GLICL,5/24/2021,829.0,829.0,804.0,810.0,-0.49,67217.0,1400.0,84.0
GLICL,5/25/2021,770.0,891.0,770.0,873.0,7.78,306098.0,1400.0,84.0
GLICL,5/27/2021,830.0,879.0,830.0,859.0,-1.6,125263.0,1400.0,84.0
GLICL,5/30/2021,861.0,882.0,849.0,860.0,0.12,157202.0,1400.0,84.0
GLICL,5/31/2021,868.0,880.0,835.0,843.0,-1.98,105243.0,1400.0,84.0
GLICL,6/1/2021,830.0,855.0,820.0,830.0,-1.54,59703.0,1400.0,84.0
GLICL,6/2/2021,871.0,871.0,816.0,853.0,2.77,112756.0,1400.0,84.0
GLICL,6/3/2021,869.0,873.0,840.0,845.0,-0.94,101647.0,1400.0,84.0
GLICL,6/6/2021,849.0,849.0,832.0,836.0,-1.07,44898.0,1400.0,84.0
GLICL,6/7/2021,835.0,845.0,830.0,832.0,-0.48,40756.0,1400.0,84.0
GLICL,6/8/2021,835.0,868.0,835.0,864.0,3.85,100547.0,1400.0,84.0
GLICL,6/9/2021,880.0,901.0,855.0,864.0,0.0,113832.0,1400.0,84.0
GLICL,6/10/2021,879.0,890.0,846.0,846.0,-2.08,66527.0,1400.0,84.0
GLICL,6/13/2021,862.0,862.0,840.0,842.0,-0.47,50771.0,1400.0,84.0
GLICL,6/14/2021,858.0,875.0,845.0,855.0,1.54,64896.0,1400.0,84.0
GLICL,6/15/2021,860.0,870.0,840.0,843.0,-1.4,58480.0,1400.0,84.0
GLICL,6/16/2021,840.0,840.0,800.0,811.0,-3.8,81330.0,1400.0,84.0
GLICL,6/17/2021,815.0,837.0,810.0,820.0,1.11,47246.0,1400.0,84.0
GLICL,6/20/2021,820.0,825.0,796.0,804.0,-1.95,31998.0,1400.0,84.0
GLICL,6/21/2021,800.0,813.0,775.0,777.0,-3.36,57554.0,1400.0,84.0
GLICL,6/22/2021,777.0,815.0,777.0,815.0,4.89,38792.0,1400.0,84.0
GLICL,6/23/2021,820.0,820.0,785.0,786.0,-3.56,33244.0,1400.0,84.0
GLICL,6/24/2021,790.0,790.0,773.0,773.0,-1.65,19170.0,1400.0,84.0
GLICL,6/27/2021,773.0,779.0,768.0,769.0,-0.52,18124.0,1400.0,84.0
GLICL,6/28/2021,767.0,784.0,767.0,770.0,0.13,13324.0,1400.0,84.0
GLICL,6/29/2021,780.0,784.0,758.0,758.0,-1.56,15741.0,1400.0,84.0
GLICL,6/30/2021,768.0,768.0,746.0,762.0,0.53,21630.0,1400.0,84.0
GLICL,7/1/2021,777.0,778.0,768.0,769.0,0.92,14222.0,1400.0,84.0
GLICL,7/4/2021,775.0,779.0,765.0,774.0,0.65,19499.0,1400.0,84.0
GLICL,7/5/2021,763.0,769.0,760.0,762.0,-1.55,10264.0,1400.0,84.0
GLICL,7/6/2021,762.0,777.0,757.0,765.0,0.39,12548.0,1400.0,84.0
GLICL,7/7/2021,763.0,770.0,755.0,759.0,-0.78,15674.0,1400.0,84.0
GLICL,7/8/2021,746.0,765.0,746.0,760.0,0.13,12471.0,1400.0,84.0
GLICL,7/11/2021,770.0,789.0,770.0,788.0,3.68,7292.0,1400.0,84.0
GLICL,7/12/2021,802.0,802.0,762.0,768.0,-2.54,11211.0,1400.0,84.0
GLICL,7/13/2021,780.0,785.0,762.0,770.0,0.26,7648.0,1400.0,84.0
GLICL,7/14/2021,762.0,775.0,757.0,762.0,-1.04,8210.0,1400.0,84.0
GLICL,7/15/2021,760.0,770.0,756.0,759.0,-0.39,20890.0,1400.0,84.0
GLICL,7/18/2021,774.0,795.0,771.0,783.5,3.23,16096.0,1400.0,84.0
GLICL,7/19/2021,799.0,814.0,793.0,797.0,1.72,18873.0,1400.0,84.0
GLICL,7/20/2021,783.0,796.0,781.0,784.0,-1.63,9507.0,1400.0,84.0
GLICL,7/22/2021,786.0,791.0,778.0,779.0,-0.64,12276.0,1400.0,84.0
GLICL,7/25/2021,775.0,785.0,765.0,785.0,0.77,21724.0,1400.0,84.0
GLICL,7/26/2021,800.7,800.7,776.0,778.0,-0.89,13985.0,1400.0,84.0
GLICL,7/27/2021,778.0,790.0,771.0,780.0,0.26,29290.0,1400.0,84.0
GLICL,7/28/2021,785.0,826.2,776.0,819.0,5.0,163098.0,1400.0,84.0
GLICL,7/29/2021,820.0,828.0,796.0,808.0,-1.34,110141.0,1400.0,84.0
GLICL,8/1/2021,800.0,800.0,784.2,785.2,-2.82,89675.0,1400.0,84.0
GLICL,8/2/2021,786.0,795.0,778.0,783.0,-0.28,46579.0,1400.0,84.0
GLICL,8/3/2021,781.0,825.0,778.0,812.0,3.7,141545.0,1400.0,84.0
GLICL,8/4/2021,815.0,818.0,801.0,809.0,-0.37,83086.0,1400.0,84.0
GLICL,8/5/2021,813.0,828.0,810.0,813.0,0.49,106960.0,1400.0,84.0
GLICL,8/8/2021,820.0,820.0,802.1,806.5,-0.8,52483.0,1400.0,84.0
GLICL,8/9/2021,810.0,813.0,795.0,800.0,-0.81,66989.0,1400.0,84.0
GLICL,8/10/2021,800.0,811.0,790.0,805.9,0.74,59901.0,1400.0,84.0
GLICL,8/11/2021,808.0,812.0,792.0,796.0,-1.23,38713.0,1400.0,84.0
GLICL,8/12/2021,796.0,805.0,789.0,790.6,-0.68,52040.0,1400.0,84.0
GLICL,8/15/2021,774.8,794.0,774.8,777.1,-1.71,39048.0,1400.0,84.0
GLICL,8/16/2021,790.0,790.0,762.0,778.0,0.12,33817.0,1400.0,84.0
GLICL,8/17/2021,779.0,793.0,767.3,768.0,-1.29,45348.0,1400.0,84.0
GLICL,8/18/2021,755.0,785.4,755.0,776.0,1.04,41904.0,1400.0,84.0
GLICL,8/19/2021,790.0,840.0,784.0,804.0,3.61,115213.0,1400.0,84.0
GLICL,8/24/2021,820.0,820.0,775.0,788.0,-1.99,67685.0,1400.0,84.0
GLICL,8/25/2021,780.0,787.0,765.0,769.0,-2.41,28864.0,1400.0,84.0
GLICL,8/26/2021,764.0,785.0,760.1,785.0,2.08,43395.0,1400.0,84.0
GLICL,8/29/2021,793.9,793.9,755.0,765.0,-2.55,25549.0,1400.0,84.0
GLICL,8/31/2021,752.0,755.1,730.0,735.0,-3.92,33110.0,1400.0,84.0
GLICL,9/1/2021,740.0,749.0,713.1,720.0,-2.04,66796.0,1400.0,84.0
GLICL,9/2/2021,720.0,733.9,705.0,705.5,-2.01,57211.0,1400.0,84.0
GLICL,9/5/2021,695.0,698.0,657.0,675.0,-4.32,55920.0,1400.0,84.0
GLICL,9/6/2021,688.0,715.0,665.0,711.9,5.47,73870.0,1400.0,84.0
GLICL,9/7/2021,723.9,723.9,682.0,696.0,-2.23,37090.0,1400.0,84.0
GLICL,9/8/2021,696.0,696.0,671.6,674.0,-3.16,17903.0,1400.0,84.0
GLICL,9/9/2021,687.4,701.0,660.1,675.0,0.15,18468.0,1400.0,84.0
GLICL,9/12/2021,662.0,691.0,661.5,686.4,1.69,35693.0,1400.0,84.0
GLICL,9/13/2021,684.0,695.0,672.7,683.0,-0.5,52805.0,1400.0,84.0
GLICL,9/14/2021,689.9,690.0,675.0,679.0,-0.59,21038.0,1400.0,84.0
GLICL,9/15/2021,667.0,686.0,661.6,662.0,-2.5,25183.0,1400.0,84.0
GLICL,9/16/2021,650.1,659.0,632.0,643.9,-2.73,45242.0,1400.0,84.0
GLICL,9/20/2021,644.0,644.0,620.1,628.0,-2.47,49590.0,1400.0,84.0
GLICL,9/21/2021,616.0,649.0,601.1,624.0,-0.64,35978.0,1400.0,84.0
GLICL,9/22/2021,636.0,647.0,630.0,640.0,2.56,54635.0,1400.0,84.0
GLICL,9/23/2021,648.0,648.0,619.4,622.0,-2.81,22861.0,1400.0,84.0
GLICL,9/26/2021,632.0,632.0,600.0,608.0,-2.25,28823.0,1400.0,84.0
GLICL,9/27/2021,620.0,632.4,585.1,587.1,-3.44,24007.0,1400.0,84.0
GLICL,9/28/2021,587.0,610.0,567.1,570.0,-2.91,26245.0,1400.0,84.0
GLICL,9/29/2021,581.0,591.9,560.0,588.0,3.16,21743.0,1400.0,84.0
GLICL,9/30/2021,595.0,595.0,574.0,576.0,-2.04,14628.0,1400.0,84.0
GLICL,10/3/2021,568.0,580.0,568.0,568.1,-1.37,11732.0,1400.0,84.0
GLICL,10/4/2021,558.1,582.4,551.0,572.1,0.7,29263.0,1400.0,84.0
GLICL,10/5/2021,583.0,595.1,575.0,580.0,1.38,11734.0,1400.0,84.0
GLICL,10/6/2021,571.0,608.0,571.0,597.0,2.93,24549.0,1400.0,84.0
GLICL,10/10/2021,598.0,608.7,586.0,586.0,-1.84,12438.0,1400.0,84.0
GLICL,10/11/2021,575.0,580.0,571.0,577.0,-1.54,11748.0,1400.0,84.0
GLICL,10/17/2021,588.4,588.4,577.0,587.0,1.73,2830.0,1400.0,84.0
GLICL,10/18/2021,590.0,590.0,563.5,564.0,-3.92,12912.0,1400.0,84.0
GLICL,10/19/2021,560.0,561.3,535.0,545.0,-3.37,18365.0,1400.0,84.0
GLICL,10/20/2021,555.0,559.0,546.0,551.0,1.1,12280.0,1400.0,84.0
GLICL,10/21/2021,548.0,561.0,540.0,545.0,-1.09,11284.0,1400.0,84.0
GLICL,10/24/2021,535.0,558.0,535.0,549.0,0.73,6023.0,1400.0,84.0
GLICL,10/25/2021,559.9,581.9,558.6,572.9,4.35,22754.0,1400.0,84.0
GLICL,10/26/2021,583.0,598.0,564.0,589.0,2.81,28724.0,1400.0,84.0
GLICL,10/27/2021,599.0,635.0,586.0,624.8,6.08,63739.0,1400.0,84.0
GLICL,10/28/2021,620.0,630.0,601.0,608.0,-2.69,24586.0,1400.0,84.0
GLICL,10/31/2021,605.0,642.0,602.1,635.0,4.44,34272.0,1400.0,84.0
GLICL,11/1/2021,640.0,645.0,618.0,634.0,-0.16,54829.0,1400.0,84.0
GLICL,11/2/2021,622.0,695.9,620.0,670.0,5.68,41558.0,1400.0,84.0
GLICL,11/3/2021,683.4,695.0,659.0,663.0,-1.04,45962.0,1400.0,84.0
GLICL,11/8/2021,676.0,676.0,650.0,652.0,-1.66,25396.0,1400.0,84.0
GLICL,11/9/2021,619.0,619.0,578.0,594.0,-8.9,20203.0,1400.0,84.0
GLICL,11/11/2021,594.0,629.0,573.0,583.0,-1.85,13048.0,1400.0,84.0
GLICL,11/14/2021,589.9,590.0,566.5,585.0,0.34,12247.0,1400.0,84.0
GLICL,11/15/2021,595.0,595.0,574.0,581.0,-0.68,11451.0,1400.0,84.0
GLICL,11/16/2021,581.1,639.0,581.0,630.0,8.43,40205.0,1400.0,84.0
GLICL,11/17/2021,642.0,655.0,604.0,604.0,-4.13,22696.0,1400.0,84.0
GLICL,11/18/2021,616.0,616.0,593.0,593.0,-1.82,10517.0,1400.0,84.0
GLICL,11/21/2021,582.0,601.0,579.0,580.0,-2.19,11192.0,1400.0,84.0
GLICL,11/22/2021,590.0,597.8,580.0,582.0,0.34,8892.0,1400.0,84.0
GLICL,11/23/2021,575.1,586.0,572.0,572.0,-1.72,9328.0,1400.0,84.0
GLICL,11/24/2021,561.0,583.0,560.6,575.0,0.52,6808.0,1400.0,84.0
GLICL,11/25/2021,570.0,586.0,566.0,572.1,-0.5,2848.0,1400.0,84.0
GLICL,11/28/2021,562.0,570.0,555.0,560.0,-2.12,11253.0,1400.0,84.0
GLICL,11/29/2021,563.9,570.0,546.0,554.0,-1.07,14090.0,1400.0,84.0
GLICL,11/30/2021,550.0,554.0,535.0,540.0,-2.53,30666.0,1400.0,84.0
GLICL,12/1/2021,533.0,545.0,533.0,545.0,0.93,5919.0,1400.0,84.0
GLICL,12/2/2021,545.0,545.0,525.0,533.0,-2.2,15108.0,1400.0,84.0
GLICL,12/5/2021,522.4,535.0,503.8,509.0,-4.5,18013.0,1400.0,84.0
GLICL,12/6/2021,502.0,521.0,495.0,521.0,2.36,16776.0,1400.0,84.0
GLICL,12/7/2021,531.0,531.4,508.0,508.0,-2.5,16728.0,1400.0,84.0
GLICL,12/8/2021,505.0,518.0,500.0,500.0,-1.57,10831.0,1400.0,84.0
GLICL,12/9/2021,497.0,500.0,490.0,499.0,-0.2,11926.0,1400.0,84.0
GLICL,12/12/2021,495.0,499.0,479.0,484.0,-3.01,23395.0,1400.0,84.0
GLICL,12/13/2021,480.0,482.1,460.0,460.1,-4.94,10214.0,1400.0,84.0
GLICL,12/14/2021,469.0,487.8,469.0,487.0,5.85,3852.0,1400.0,84.0
GLICL,12/15/2021,496.0,520.2,466.0,482.5,-0.92,17089.0,1400.0,84.0
GLICL,12/16/2021,472.9,485.0,470.2,473.0,-1.97,7731.0,1400.0,84.0
GLICL,12/20/2021,466.0,474.0,460.6,474.0,0.21,14313.0,1400.0,84.0
GLICL,12/21/2021,482.9,491.0,480.0,491.0,3.59,7759.0,1400.0,84.0
GLICL,12/22/2021,493.0,510.0,492.0,508.0,3.46,25798.0,1400.0,84.0
GLICL,12/23/2021,498.0,533.0,490.0,523.0,2.95,18915.0,1400.0,84.0
GLICL,12/26/2021,533.0,575.3,530.0,575.3,10.0,80873.0,1400.0,84.0
GLICL,12/27/2021,586.0,597.6,545.0,550.0,-4.4,86918.0,1400.0,84.0
GLICL,12/28/2021,540.0,566.5,530.0,563.9,2.53,21988.0,1400.0,84.0
GLICL,12/29/2021,573.0,575.0,547.2,563.0,-0.16,23488.0,1400.0,84.0
GLICL,1/2/2022,574.0,589.0,570.0,583.0,3.55,28538.0,1400.0,84.0
GLICL,1/3/2022,594.0,598.7,578.0,583.9,0.15,38055.0,1400.0,84.0
GLICL,1/4/2022,574.0,590.0,573.0,585.5,0.27,18978.0,1400.0,84.0
GLICL,1/5/2022,581.0,592.0,571.0,571.0,-2.48,31922.0,1400.0,84.0
GLICL,1/6/2022,579.0,580.0,567.0,574.0,0.53,14640.0,1400.0,84.0
GLICL,1/9/2022,567.0,603.0,567.0,597.0,4.01,32134.0,1400.0,84.0
GLICL,1/10/2022,600.0,617.0,590.0,616.0,3.18,69289.0,1400.0,84.0
GLICL,1/11/2022,626.0,659.0,612.1,645.0,4.71,115789.0,1400.0,84.0
GLICL,1/12/2022,655.0,655.0,622.3,624.0,-3.26,69248.0,1400.0,84.0
GLICL,1/13/2022,636.0,653.0,613.0,642.0,2.88,55622.0,1400.0,84.0
GLICL,1/16/2022,642.0,669.9,642.0,652.0,1.56,80727.0,1400.0,84.0
GLICL,1/17/2022,664.0,664.0,641.0,652.0,0.0,38928.0,1400.0,84.0
GLICL,1/18/2022,649.0,659.0,632.7,636.0,-2.45,62362.0,1400.0,84.0
GLICL,1/19/2022,624.0,658.0,624.0,642.0,0.94,65436.0,1400.0,84.0
GLICL,1/20/2022,629.2,698.7,629.2,692.0,7.79,223337.0,1400.0,84.0
GLICL,1/23/2022,705.8,721.0,698.0,708.0,2.31,176277.0,1400.0,84.0
GLICL,1/24/2022,708.0,710.0,675.0,681.0,-3.81,160428.0,1400.0,84.0
GLICL,1/25/2022,692.0,705.0,672.0,685.0,0.59,130172.0,1400.0,84.0
GLICL,1/26/2022,696.0,696.0,670.0,677.0,-1.17,49863.0,1400.0,84.0
GLICL,1/27/2022,675.0,698.0,674.0,675.5,-0.22,31452.0,1400.0,84.0
GLICL,1/30/2022,689.0,716.0,689.0,702.6,4.01,77214.0,1400.0,84.0
GLICL,1/31/2022,714.0,714.0,690.0,696.0,-0.94,66449.0,1400.0,84.0
GLICL,2/1/2022,708.0,720.0,692.9,700.0,0.57,51790.0,1400.0,84.0
GLICL,2/3/2022,709.9,728.0,693.0,695.0,-0.71,53308.0,1400.0,84.0
GLICL,2/6/2022,707.5,707.5,676.6,676.9,-2.6,34761.0,1400.0,84.0
GLICL,2/7/2022,677.0,700.0,677.0,695.0,2.67,52289.0,1400.0,84.0
GLICL,2/8/2022,708.0,714.9,674.3,684.0,-1.58,33558.0,1400.0,84.0
GLICL,2/9/2022,697.0,697.0,670.0,675.0,-1.32,19632.0,1400.0,84.0
GLICL,2/10/2022,688.5,688.5,667.0,670.0,-0.74,20849.0,1400.0,84.0
GLICL,2/13/2022,657.0,657.0,637.1,638.0,-4.78,29925.0,1400.0,84.0
GLICL,2/14/2022,650.7,655.0,630.0,631.5,-1.02,33259.0,1400.0,84.0
GLICL,2/15/2022,644.0,656.0,632.1,645.0,2.14,32844.0,1400.0,84.0
GLICL,2/16/2022,634.1,662.0,634.1,642.5,-0.39,14030.0,1400.0,84.0
GLICL,2/17/2022,654.0,654.0,642.0,644.0,0.23,14958.0,1400.0,84.0
GLICL,2/20/2022,631.2,645.0,616.5,626.0,-2.8,34742.0,1400.0,84.0
GLICL,2/21/2022,638.5,650.0,622.3,625.1,-0.14,77447.0,1400.0,84.0
GLICL,2/22/2022,636.6,638.0,624.0,627.0,0.3,18924.0,1400.0,84.0
GLICL,2/23/2022,634.0,634.0,615.0,616.0,-1.75,24564.0,1400.0,84.0
GLICL,2/24/2022,610.0,617.0,592.9,595.0,-3.41,32206.0,1400.0,84.0
GLICL,2/27/2022,606.9,619.0,592.0,599.9,0.82,8985.0,1400.0,84.0
GLICL,2/28/2022,611.8,624.0,575.0,579.0,-3.48,25148.0,1400.0,84.0
GLICL,3/2/2022,589.0,589.0,552.0,553.0,-4.49,23737.0,1400.0,84.0
GLICL,3/6/2022,564.0,564.0,549.0,557.9,0.89,9440.0,1400.0,84.0
GLICL,3/7/2022,557.0,566.8,545.0,548.0,-1.77,9984.0,1400.0,84.0
GLICL,3/9/2022,538.0,558.9,520.0,538.0,-1.82,21239.0,1400.0,84.0
GLICL,3/10/2022,545.0,578.3,538.0,570.0,5.95,25569.0,1400.0,84.0
GLICL,3/13/2022,581.0,616.0,572.0,612.0,7.37,52497.0,1400.0,84.0
GLICL,3/14/2022,624.2,636.0,603.0,627.0,2.45,27695.0,1400.0,84.0
GLICL,3/15/2022,627.0,637.0,617.5,633.0,0.96,51228.0,1400.0,84.0
GLICL,3/16/2022,635.0,640.0,629.2,631.0,-0.32,35161.0,1400.0,84.0
GLICL,3/20/2022,643.6,643.6,615.6,617.0,-2.22,28262.0,1400.0,84.0
GLICL,3/21/2022,626.0,626.0,610.1,623.9,1.12,24989.0,1400.0,84.0
GLICL,3/22/2022,635.0,635.0,623.0,627.0,0.5,20233.0,1400.0,84.0
GLICL,3/23/2022,620.0,644.0,620.0,640.0,2.07,57596.0,1400.0,84.0
GLICL,3/24/2022,650.0,673.2,628.0,670.0,4.69,126900.0,1400.0,84.0
GLICL,3/27/2022,681.0,721.0,660.0,668.0,-0.3,254236.0,1400.0,84.0
GLICL,3/28/2022,670.0,670.0,640.0,643.0,-3.74,74326.0,1400.0,84.0
GLICL,3/29/2022,649.9,652.0,632.0,642.0,-0.16,22136.0,1400.0,84.0
GLICL,3/30/2022,654.0,654.0,616.8,650.0,1.25,51736.0,1400.0,84.0
GLICL,3/31/2022,660.0,662.0,640.0,640.0,-1.54,42656.0,1400.0,84.0
GLICL,4/3/2022,652.8,652.8,630.0,634.0,-0.94,31534.0,1400.0,84.0
GLICL,4/4/2022,646.0,646.0,615.1,619.0,-2.37,25923.0,1400.0,84.0
GLICL,4/5/2022,609.0,618.0,590.0,606.0,-2.1,51665.0,1400.0,84.0
GLICL,4/6/2022,610.0,614.0,595.1,597.0,-1.49,30775.0,1400.0,84.0
GLICL,4/7/2022,608.0,619.0,595.0,605.0,1.34,18666.0,1400.0,84.0
GLICL,4/11/2022,617.1,627.9,585.0,594.0,-1.82,20192.0,1400.0,84.0
GLICL,4/12/2022,605.0,605.0,575.0,579.0,-2.53,9339.0,1400.0,84.0
GLICL,4/13/2022,589.9,589.9,568.0,580.0,0.17,17002.0,1400.0,84.0
GLICL,4/17/2022,590.0,590.0,568.0,568.0,-2.07,16184.0,1400.0,84.0
GLICL,4/18/2022,578.0,578.0,544.0,550.0,-3.17,16434.0,1400.0,84.0
GLICL,4/19/2022,549.9,569.9,540.0,556.0,1.09,23817.0,1400.0,84.0
GLICL,4/20/2022,567.0,567.1,540.0,542.0,-2.52,9833.0,1400.0,84.0
GLICL,4/21/2022,550.0,550.0,528.1,546.0,0.74,16209.0,1400.0,84.0
GLICL,4/24/2022,552.0,580.0,552.0,574.9,5.29,20629.0,1400.0,84.0
GLICL,4/25/2022,580.0,584.0,562.0,562.0,-2.24,17188.0,1400.0,84.0
GLICL,4/26/2022,552.1,585.0,549.0,558.0,-0.71,6905.0,1400.0,84.0
GLICL,4/27/2022,548.0,565.0,547.0,555.0,-0.54,6140.0,1400.0,84.0
GLICL,4/28/2022,563.9,563.9,534.2,541.0,-2.52,11777.0,1400.0,84.0
GLICL,5/2/2022,551.0,551.0,520.0,521.2,-3.66,11269.0,1400.0,84.0
GLICL,5/4/2022,531.0,531.0,514.0,514.0,-1.38,7311.0,1400.0,84.0
GLICL,5/5/2022,504.0,522.9,495.0,495.0,-3.7,16649.0,1400.0,84.0
GLICL,5/8/2022,490.0,497.0,479.4,495.0,0.0,13985.0,1400.0,84.0
GLICL,5/9/2022,500.0,502.0,487.0,487.0,-1.62,21386.0,1400.0,84.0
GLICL,5/10/2022,496.7,503.0,485.0,495.0,1.64,8380.0,1400.0,84.0
GLICL,5/11/2022,504.0,517.1,504.0,515.0,4.04,19880.0,1400.0,84.0
GLICL,5/12/2022,520.0,520.0,481.0,485.0,-5.83,127065.0,1400.0,84.0
GLICL,1/31/2023,451.4,489.0,451.4,470.0,-3.09,162173.0,1400.0,84.0
GLICL,2/1/2023,479.0,479.0,440.6,456.7,-2.83,75759.0,1400.0,84.0
GLICL,2/2/2023,448.0,462.2,440.1,443.0,-3.0,23614.0,1400.0,84.0
GLICL,2/5/2023,445.0,452.0,436.1,438.0,-1.13,29046.0,1400.0,84.0
GLICL,2/6/2023,435.0,440.0,431.1,431.5,-1.48,23481.0,1400.0,84.0
GLICL,2/7/2023,438.0,460.0,434.0,460.0,6.6,28873.0,1400.0,84.0
GLICL,2/8/2023,469.2,478.5,455.0,456.0,-0.87,55262.0,1400.0,84.0
GLICL,2/9/2023,460.0,474.3,452.1,470.0,3.07,40763.0,1400.0,84.0
GLICL,2/12/2023,460.6,460.6,445.0,447.0,-4.89,30854.0,1400.0,84.0
GLICL,2/14/2023,447.0,455.0,445.0,450.0,0.67,14748.0,1400.0,84.0
GLICL,2/15/2023,457.0,457.0,440.0,445.0,-1.11,15536.0,1400.0,84.0
GLICL,2/16/2023,442.9,444.7,436.3,439.8,-1.17,16229.0,1400.0,84.0
GLICL,2/20/2023,431.9,438.0,430.2,432.5,-1.66,20211.0,1400.0,84.0
GLICL,2/22/2023,440.0,444.9,433.1,443.8,2.61,19766.0,1400.0,84.0
GLICL,2/23/2023,435.0,436.0,428.1,434.0,-2.21,14863.0,1400.0,84.0
GLICL,2/26/2023,425.4,440.0,417.0,440.0,1.38,19428.0,1400.0,84.0
GLICL,2/27/2023,448.0,448.5,417.2,430.0,-2.27,13354.0,1400.0,84.0
GLICL,2/28/2023,434.0,444.0,424.0,429.8,-0.05,6510.0,1400.0,84.0
GLICL,3/1/2023,425.0,435.9,419.1,419.1,-2.49,7957.0,1400.0,84.0
GLICL,3/2/2023,412.9,419.9,406.7,406.7,-2.96,16166.0,1400.0,84.0
GLICL,3/5/2023,414.0,414.0,399.0,404.0,-0.66,14564.0,1400.0,84.0
GLICL,3/7/2023,405.0,413.0,400.0,404.9,0.22,6978.0,1400.0,84.0
GLICL,3/9/2023,412.9,417.0,405.0,417.0,2.99,17534.0,1400.0,84.0
GLICL,3/12/2023,420.0,422.0,396.3,412.0,-1.2,35953.0,1400.0,84.0
GLICL,3/13/2023,408.0,408.0,395.1,395.5,-4.0,11302.0,1400.0,84.0
GLICL,3/14/2023,400.0,406.0,398.0,400.0,1.14,9325.0,1400.0,84.0
GLICL,3/15/2023,400.0,403.0,397.0,402.0,0.5,7739.0,1400.0,84.0
GLICL,3/16/2023,394.1,406.0,394.1,403.0,0.25,10324.0,1400.0,84.0
GLICL,3/19/2023,395.0,403.9,395.0,403.9,0.22,9548.0,1400.0,84.0
GLICL,3/20/2023,404.0,411.5,398.4,411.5,1.88,21014.0,1400.0,84.0
GLICL,3/22/2023,416.0,417.0,400.0,401.0,-2.55,14873.0,1400.0,84.0
GLICL,3/23/2023,395.0,399.5,390.0,397.0,-1.0,10446.0,1400.0,84.0
GLICL,3/26/2023,404.9,436.7,404.9,413.9,4.26,54994.0,1400.0,84.0
GLICL,3/27/2023,415.0,419.9,410.0,419.0,1.23,11078.0,1400.0,84.0
GLICL,3/28/2023,426.9,431.5,420.5,425.0,1.43,26550.0,1400.0,84.0
GLICL,3/29/2023,423.0,428.0,419.1,426.9,0.45,19235.0,1400.0,84.0
GLICL,3/30/2023,429.9,430.0,423.5,424.7,-0.52,17003.0,1400.0,84.0
GLICL,4/2/2023,430.0,432.0,416.0,416.0,-2.05,30824.0,1400.0,84.0
GLICL,4/3/2023,413.0,419.5,406.0,418.0,0.48,19006.0,1400.0,84.0
GLICL,4/4/2023,411.5,418.9,411.0,416.0,-0.48,6755.0,1400.0,84.0
GLICL,4/5/2023,424.3,424.3,416.2,418.5,0.6,52836.0,1400.0,84.0
GLICL,4/6/2023,376.8,376.8,369.0,370.0,-11.59,27714.0,1400.0,84.0
GLICL,4/9/2023,365.0,371.2,356.8,359.9,-2.73,27773.0,1400.0,84.0
GLICL,4/10/2023,353.1,365.0,353.1,360.0,0.03,11650.0,1400.0,84.0
GLICL,4/11/2023,367.0,373.0,360.1,367.0,1.94,4831.0,1400.0,84.0
GLICL,4/12/2023,373.0,385.8,371.0,385.8,5.12,21984.0,1400.0,84.0
GLICL,4/13/2023,380.0,390.0,375.0,380.0,-1.5,18674.0,1400.0,84.0
GLICL,4/16/2023,387.0,387.0,375.0,380.0,0.0,18952.0,1400.0,84.0
GLICL,4/17/2023,376.2,376.2,370.0,370.0,-2.63,7141.0,1400.0,84.0
GLICL,4/18/2023,368.0,372.9,367.1,368.5,-0.41,7943.0,1400.0,84.0
GLICL,4/19/2023,375.8,381.0,369.0,375.0,1.76,8848.0,1400.0,84.0
GLICL,4/20/2023,368.5,373.9,367.2,367.4,-2.03,4610.0,1400.0,84.0
GLICL,4/23/2023,363.2,367.0,358.0,358.1,-2.53,11395.0,1400.0,84.0
GLICL,4/24/2023,357.0,364.8,356.0,360.3,0.61,4312.0,1400.0,84.0
GLICL,4/25/2023,364.0,370.0,361.5,367.0,1.86,11295.0,1400.0,84.0
GLICL,4/26/2023,368.0,369.0,363.0,365.0,-0.54,6355.0,1400.0,84.0
GLICL,4/27/2023,368.0,368.0,361.0,367.0,0.55,3600.0,1400.0,84.0
GLICL,4/30/2023,359.7,360.9,357.7,360.0,-1.91,5091.0,1400.0,84.0
GLICL,5/2/2023,360.0,361.5,357.0,361.5,0.42,3993.0,1400.0,84.0
GLICL,5/3/2023,357.0,359.0,356.6,359.0,-0.69,2293.0,1400.0,84.0
GLICL,5/4/2023,356.0,363.0,356.0,360.0,0.28,10023.0,1400.0,84.0
GLICL,5/7/2023,355.0,357.7,350.0,351.0,-2.5,6193.0,1400.0,84.0
GLICL,5/8/2023,351.1,353.9,340.1,344.0,-1.99,26209.0,1400.0,84.0
GMFBS,12/21/2025,1485.9,1497.9,1475.0,1497.9,,542.0,1688.0,1041.0
GMFBS,12/22/2025,1525.0,1525.0,1471.8,1518.0,1.34,219.0,1688.0,1041.0
GMFBS,12/23/2025,1518.0,1524.0,1518.0,1524.0,0.4,35.0,1688.0,1041.0
GMFBS,12/24/2025,1520.0,1524.0,1520.0,1520.0,-0.26,144.0,1688.0,1041.0
GMFBS,12/28/2025,1490.1,1529.0,1490.1,1529.0,0.59,846.0,1688.0,1041.0
GMFBS,12/29/2025,1499.0,1510.0,1470.0,1486.0,-2.81,972.0,1688.0,1041.0
GMFBS,12/31/2025,1515.0,1524.0,1482.1,1524.0,2.56,370.0,1688.0,1041.0
GMFBS,1/1/2026,1495.0,1524.0,1490.1,1524.0,0.0,229.0,1688.0,1041.0
GMFBS,1/4/2026,1494.5,1510.0,1471.0,1510.0,-0.92,802.0,1688.0,1041.0
GMFBS,1/5/2026,1483.1,1520.0,1480.0,1520.0,0.66,746.0,1688.0,1041.0
GMFBS,1/6/2026,1501.2,1521.5,1492.0,1521.5,0.1,509.0,1688.0,1041.0
GMFBS,1/7/2026,1500.0,1518.9,1500.0,1518.9,-0.17,397.0,1688.0,1041.0
GMFBS,1/8/2026,1518.9,1524.0,1480.2,1480.4,-2.53,759.0,1688.0,1041.0
GMFBS,1/12/2026,1510.0,1525.0,1486.0,1500.0,1.32,504.0,1688.0,1041.0
GMFBS,1/13/2026,1505.0,1508.0,1485.1,1495.0,-0.33,974.0,1688.0,1041.0
GMFBS,1/14/2026,1495.0,1498.9,1470.0,1498.9,0.26,1170.0,1688.0,1041.0
GMFBS,1/18/2026,1515.0,1525.0,1493.5,1519.0,1.34,786.0,1688.0,1041.0
GMFBS,1/20/2026,1520.0,1534.8,1492.1,1524.0,0.33,4390.0,1688.0,1041.0
GMFBS,1/21/2026,1550.8,1550.8,1495.0,1510.0,-0.92,849.0,1688.0,1041.0
GMFBS,1/22/2026,1480.0,1510.0,1480.0,1510.0,0.0,2144.0,1688.0,1041.0
GMFBS,1/25/2026,1535.0,1565.0,1452.0,1520.0,0.66,1760.0,1688.0,1041.0
GMFBS,1/26/2026,1525.0,1528.9,1490.0,1513.0,-0.46,2627.0,1688.0,1041.0
GMFBS,1/27/2026,1483.0,1510.0,1483.0,1508.0,-0.33,2440.0,1688.0,1041.0
GMFBS,1/28/2026,1480.0,1514.0,1478.0,1500.0,-0.53,5266.0,1688.0,1041.0
GMFBS,1/29/2026,1529.0,1529.0,1470.2,1498.0,-0.13,2858.0,1688.0,1041.0
GMFBS,2/1/2026,1519.0,1519.0,1470.1,1478.0,-1.34,1170.0,1688.0,1041.0
GMFBS,2/2/2026,1470.0,1492.0,1470.0,1492.0,0.95,1412.0,1688.0,1041.0
GMFBS,2/3/2026,1495.0,1495.0,1467.0,1479.9,-0.81,1823.0,1688.0,1041.0
GMFBS,2/4/2026,1504.0,1504.0,1465.0,1472.0,-0.53,367.0,1688.0,1041.0
GMFBS,2/5/2026,1480.0,1480.0,1467.0,1478.0,0.41,1510.0,1688.0,1041.0
GMFBS,2/8/2026,1499.0,1499.0,1452.0,1470.0,-0.54,1865.0,1688.0,1041.0
GMFBS,2/9/2026,1479.0,1479.0,1450.0,1462.8,-0.49,785.0,1688.0,1041.0
GMFBS,2/10/2026,1435.1,1463.0,1435.1,1438.0,-1.7,1642.0,1688.0,1041.0
GMFBS,2/11/2026,1420.0,1444.0,1420.0,1438.0,0.0,1327.0,1688.0,1041.0
GMFBS,2/12/2026,1412.0,1424.0,1400.0,1410.0,-1.95,1790.0,1688.0,1041.0
GMFBS,2/16/2026,1420.0,1494.0,1392.0,1494.0,5.96,1927.0,1688.0,1041.0
GMFBS,2/17/2026,1464.2,1523.0,1408.0,1458.0,-2.41,4598.0,1688.0,1041.0
GMFBS,2/22/2026,1487.1,1487.1,1385.1,1455.0,-0.21,1002.0,1688.0,1041.0
GMFBS,2/23/2026,1426.0,1445.0,1398.0,1433.0,-1.51,222.0,1688.0,1041.0
GMFBS,2/24/2026,1405.0,1433.1,1405.0,1433.1,0.01,365.0,1688.0,1041.0
GMFBS,2/25/2026,1413.0,1440.0,1390.0,1440.0,0.48,522.0,1688.0,1041.0
GMFBS,2/26/2026,1466.9,1466.9,1412.0,1412.0,-1.94,66.0,1688.0,1041.0
GMFBS,2/27/2026,1466.9,1466.9,1412.0,1412.0,0.0,66.0,1688.0,1041.0
GMFBS,2/28/2026,1466.9,1466.9,1412.0,1412.0,0.0,66.0,1688.0,1041.0
GMFBS,3/2/2026,1386.1,1445.0,1386.1,1400.0,-0.85,1000.0,1688.0,1041.0
GMFBS,3/3/2026,1406.5,1428.0,1400.5,1420.0,1.43,822.0,1688.0,1041.0
GMFBS,3/4/2026,1406.5,1428.0,1400.5,1420.0,0.0,822.0,1688.0,1041.0
GMFBS,3/5/2026,1406.5,1428.0,1400.5,1420.0,0.0,822.0,1688.0,1041.0
GMFBS,3/6/2026,1406.5,1428.0,1400.5,1420.0,0.0,822.0,1688.0,1041.0
GMFBS,3/7/2026,1406.5,1428.0,1400.5,1420.0,0.0,822.0,1688.0,1041.0
GMFBS,3/8/2026,1406.5,1428.0,1400.5,1420.0,0.0,822.0,1688.0,1041.0
GMFBS,3/9/2026,1448.4,1536.0,1448.4,1536.0,8.17,70.0,1688.0,1041.0
GMFBS,3/10/2026,1505.3,1527.5,1451.0,1454.0,-5.34,4652.0,1688.0,1041.0
GMFBS,3/11/2026,1480.0,1483.0,1440.1,1455.5,0.1,1120.0,1688.0,1041.0
GMFBS,3/12/2026,1431.0,1469.0,1431.0,1455.5,0.0,1229.0,1688.0,1041.0
GMFBS,3/13/2026,1431.0,1469.0,1431.0,1455.5,0.0,1229.0,1688.0,1041.0
GMFBS,3/14/2026,1431.0,1469.0,1431.0,1455.5,0.0,1229.0,1688.0,1041.0
GMFBS,3/15/2026,1450.0,1450.0,1450.0,1450.0,-0.38,60.0,1688.0,1041.0
GMFBS,3/16/2026,1440.1,1468.0,1438.0,1468.0,1.24,1334.0,1688.0,1041.0
GMFBS,3/17/2026,1444.9,1478.9,1440.1,1446.9,-1.44,811.0,1688.0,1041.0
GMFBS,3/18/2026,1444.9,1478.9,1440.1,1446.9,0.0,811.0,1688.0,1041.0
GMFBS,3/19/2026,1470.0,1472.5,1447.0,1460.0,0.91,2479.0,1688.0,1041.0
GMFBS,3/20/2026,1470.0,1472.5,1447.0,1460.0,0.0,2479.0,1688.0,1041.0
GMFBS,3/21/2026,1470.0,1472.5,1447.0,1460.0,0.0,2479.0,1688.0,1041.0
GMFBS,3/22/2026,1487.0,1526.0,1465.0,1519.0,4.04,2783.0,1688.0,1041.0
GMFBS,3/23/2026,1519.0,1519.0,1469.1,1506.0,-0.86,2142.0,1688.0,1041.0
GMFBS,3/24/2026,1490.0,1493.0,1475.0,1493.0,-0.86,939.0,1688.0,1041.0
GMFBS,3/25/2026,1475.0,1516.0,1445.0,1474.0,-1.27,2588.0,1688.0,1041.0
GMFBS,3/26/2026,1447.0,1474.8,1445.0,1453.0,0.41,1253.0,1688.0,1041.0
GMFBS,3/29/2026,1460.0,1477.0,1401.5,1454.0,-0.41,3376.0,1688.0,1041.0
GMFBS,3/30/2026,1427.0,1471.0,1399.0,1420.0,-0.49,2611.0,1688.0,1041.0
GMFBS,3/31/2026,1392.0,1448.0,1392.0,1414.0,1.58,805.0,1688.0,1041.0
GMFBS,4/1/2026,1405.0,1440.0,1370.0,1370.0,-2.49,2075.0,1688.0,1041.0
GMFBS,4/2/2026,1347.0,1401.0,1343.0,1368.2,1.57,1151.0,1688.0,1041.0
GMFBS,4/5/2026,1340.9,1345.0,1314.0,1325.0,-1.19,1743.0,1688.0,1041.0
GMFBS,4/6/2026,1298.5,1358.0,1298.5,1332.0,2.58,1021.0,1688.0,1041.0
GMFBS,4/7/2026,1332.5,1360.0,1332.1,1349.0,1.24,1624.0,1688.0,1041.0
GMFBS,4/8/2026,1373.0,1375.9,1349.0,1375.9,0.21,441.0,1688.0,1041.0
GMFBS,4/9/2026,1375.9,1400.0,1353.0,1399.0,1.68,180.0,1688.0,1041.0
GMFBS,4/10/2026,1372.0,1398.0,1360.0,1393.0,1.53,203.0,1688.0,1041.0
GMFBS,4/13/2026,1374.0,1380.0,1350.1,1380.0,0.44,248.0,1688.0,1041.0
GMFBS,4/15/2026,1381.0,1390.0,1363.1,1387.9,0.5,414.0,1688.0,1041.0
GMFBS,4/16/2026,1378.0,1385.0,1365.0,1372.9,-0.37,561.0,1688.0,1041.0
GMFBS,4/17/2026,1375.0,1375.0,1341.0,1349.1,-1.88,554.0,1688.0,1041.0
GMFBS,4/20/2026,1333.0,1350.0,1331.0,1350.0,1.28,309.0,1688.0,1041.0
GMFBS,4/21/2026,1350.0,1350.0,1317.0,1321.0,-2.15,541.0,1688.0,1041.0
GMFBS,4/22/2026,1321.0,1442.0,1280.0,1442.0,9.16,1875.0,1688.0,1041.0
GMFBS,4/23/2026,1398.8,1420.0,1335.0,1350.0,-3.49,1495.0,1688.0,1041.0
GMFBS,4/24/2026,1350.0,1380.0,1300.0,1380.0,2.22,268.0,1688.0,1041.0
GMFBS,4/27/2026,1380.0,1367.8,1338.8,1367.8,-0.88,111.0,1688.0,1041.0
GMFBS,4/28/2026,1367.8,1358.0,1327.0,1358.0,-0.72,517.0,1688.0,1041.0
GMFBS,4/29/2026,1358.0,1397.0,1306.1,1329.0,-2.14,416.0,1688.0,1041.0
GMFBS,4/30/2026,1290.0,1337.0,1290.0,1310.1,1.56,619.0,1688.0,1041.0
GMFBS,5/4/2026,1301.0,1305.0,1289.0,1300.0,-0.08,580.0,1688.0,1041.0
GMFBS,5/5/2026,1338.0,1338.0,1259.1,1285.0,-3.96,787.0,1688.0,1041.0
GMFBS,5/6/2026,1280.0,1317.0,1273.8,1273.8,-0.48,442.0,1688.0,1041.0
GMFBS,5/7/2026,1312.0,1312.0,1275.1,1305.0,-0.53,233.0,1688.0,1041.0
GMFBS,5/8/2026,1319.9,1325.0,1290.2,1322.0,0.16,299.0,1688.0,1041.0
GMFBS,5/11/2026,1361.0,1390.0,1336.0,1337.0,-1.76,460.0,1688.0,1041.0
GMFBS,5/12/2026,1366.0,1366.0,1305.0,1327.9,-2.79,1167.0,1688.0,1041.0
GMFBS,5/13/2026,1308.0,1332.9,1303.0,1332.9,1.9,256.0,1688.0,1041.0
GMFBS,5/14/2026,1325.0,1328.0,1305.0,1327.0,0.15,108.0,1688.0,1041.0
GMFBS,5/15/2026,1327.0,1334.6,1296.3,1334.6,0.57,350.0,1688.0,1041.0
GMFBS,5/18/2026,1295.6,1326.0,1257.1,1296.0,0.03,1298.0,1688.0,1041.0
GMFBS,5/19/2026,1261.1,1324.0,1261.1,1324.0,4.99,704.0,1688.0,1041.0
GMFBS,5/20/2026,1362.0,1362.0,1284.0,1323.9,-2.8,1076.0,1688.0,1041.0
GMFBS,5/21/2026,1292.0,1319.9,1272.0,1299.0,0.54,1793.0,1688.0,1041.0
GMFBS,5/22/2026,1363.9,1363.9,1281.0,1286.0,-5.71,1020.0,1688.0,1041.0
GMFBS,5/25/2026,1261.0,1315.0,1261.0,1306.0,3.57,1312.0,1688.0,1041.0
GMFBS,5/26/2026,1342.9,1342.9,1280.0,1311.0,-2.38,1027.0,1688.0,1041.0
GMFBS,5/27/2026,1346.9,1346.9,1280.0,1308.9,-2.82,580.0,1688.0,1041.0
GMFBS,6/1/2026,1272.1,1300.0,1272.0,1295.0,1.8,851.0,1688.0,1041.0
GMFBS,6/2/2026,1265.0,1298.9,1265.0,1296.9,2.52,805.0,1688.0,1041.0
GMFBS,6/3/2026,1272.0,1310.1,1270.0,1297.9,2.04,471.0,1688.0,1041.0
GMFBS,6/4/2026,1320.0,1320.0,1271.1,1299.0,-1.59,734.0,1688.0,1041.0
GMFBS,6/5/2026,1299.0,1299.0,1272.2,1297.9,-0.08,49.0,1688.0,1041.0
GMFBS,6/8/2026,1278.0,1280.0,1265.0,1273.5,-0.35,930.0,1688.0,1041.0
GMFBS,6/9/2026,1250.0,1270.0,1240.0,1270.0,1.6,1273.0,1688.0,1041.0
GMFBS,6/10/2026,1306.0,1306.0,1247.0,1287.0,-1.45,130.0,1688.0,1041.0
GMFBS,6/11/2026,1293.0,1294.0,1255.5,1278.0,-1.16,546.0,1688.0,1041.0
GMFBS,6/12/2026,1245.1,1277.8,1245.1,1277.8,2.63,696.0,1688.0,1041.0
GMFBS,6/15/2026,1300.0,1300.0,1250.0,1271.9,-2.16,95.0,1688.0,1041.0
GMFBS,6/16/2026,1245.0,1269.8,1245.0,1269.8,1.99,24.0,1688.0,1041.0
GMFBS,6/17/2026,1302.0,1460.0,1243.0,1245.0,-4.38,891.0,1688.0,1041.0
GMFBS,6/18/2026,1245.0,1262.0,1245.0,1262.0,1.37,28.0,1688.0,1041.0
GMFBS,6/19/2026,1251.0,1268.9,1246.2,1250.0,-0.08,332.0,1688.0,1041.0
GMFBS,6/22/2026,1274.5,1287.5,1252.0,1265.0,-0.75,342.0,1688.0,1041.0
GMFBS,6/23/2026,1265.0,1265.0,1238.0,1265.0,0.0,777.0,1688.0,1041.0
GMFBS,6/24/2026,1265.0,1265.0,1252.0,1252.0,-1.03,151.0,1688.0,1041.0
GMFBS,6/26/2026,1270.0,1270.0,1226.0,1226.2,-3.45,575.0,1688.0,1041.0
GMFBS,6/29/2026,1260.0,1260.0,1191.3,1211.0,-3.89,760.0,1688.0,1041.0
GMFBS,6/30/2026,1247.0,1247.0,1180.4,1218.0,-2.33,236.0,1688.0,1041.0
GMFBS,7/1/2026,1190.0,1249.0,1190.0,1227.0,3.11,124.0,1688.0,1041.0
GMFBS,7/2/2026,1200.1,1252.0,1185.1,1252.0,4.32,705.0,1688.0,1041.0
GMFBS,7/3/2026,1240.0,1240.0,1216.0,1235.0,-0.4,526.0,1688.0,1041.0
GMFBS,7/6/2026,1198.1,1234.0,1198.1,1215.0,1.41,542.0,1688.0,1041.0
GMFBS,7/7/2026,1212.0,1223.0,1190.0,1209.0,-0.25,314.0,1688.0,1041.0
GMFBS,7/8/2026,1236.0,1236.0,1173.1,1206.0,-2.43,150.0,1688.0,1041.0
GMFBS,7/9/2026,1240.0,1240.0,1169.0,1195.0,-3.63,592.0,1688.0,1041.0
GMFBS,7/10/2026,1220.0,1220.0,1183.5,1199.0,-1.72,388.0,1688.0,1041.0
GMFBS,7/13/2026,1163.1,1174.9,1130.5,1174.0,0.94,833.0,1688.0,1041.0
GMFBS,7/14/2026,1232.0,1232.0,1164.0,1196.0,-2.92,351.0,1688.0,1041.0
GMFBS,7/15/2026,1253.0,1253.0,1179.1,1199.0,-4.31,80.0,1688.0,1041.0
GMFBS,7/16/2026,1170.0,1188.0,1164.2,1188.0,1.54,207.0,1688.0,1041.0
GMFBS,7/17/2026,1222.0,1222.0,1153.0,1200.0,-1.8,1033.0,1688.0,1041.0
GMFBS,7/20/2026,1220.0,1228.9,1195.0,1215.0,-0.41,647.0,1688.0,1041.0
GMFBS,7/21/2026,1206.1,1251.0,1206.1,1251.0,3.72,1000.0,1688.0,1041.0
GMFBS,7/22/2026,1313.0,1313.0,1206.1,1251.7,-4.67,1212.0,1688.0,1041.0
GMFBS,7/23/2026,1251.7,1251.7,1221.0,1246.0,-0.46,145.0,1688.0,1041.0
GMFBS,7/24/2026,1220.2,1246.0,1220.0,1246.0,2.11,429.0,1688.0,1041.0
GMFBS,7/27/2026,1220.0,1220.0,1212.3,1212.3,-0.63,175.0,1688.0,1041.0
GMFBS,7/28/2026,1212.5,1212.5,1212.5,1212.5,0.0,10.0,1688.0,1041.0
GMFBS,7/29/2026,1273.0,1273.0,1186.1,1243.1,-2.35,404.0,1688.0,1041.0
GMFBS,7/30/2026,1305.2,1305.2,1222.2,1222.2,-6.36,201.0,1688.0,1041.0
GMFBS,7/31/2026,1238.9,1238.9,1202.0,1215.0,-1.93,263.0,1688.0,1041.0
GMFBS,8/3/2026,1249.0,1249.0,1190.2,1230.0,-1.52,844.0,1688.0,1041.0
GMFBS,8/4/2026,1200.0,1215.0,1185.0,1215.0,1.25,273.0,1688.0,1041.0
GMFBS,8/5/2026,1215.0,1215.0,1210.0,1215.0,0.0,309.0,1688.0,1041.0
GMFBS,8/6/2026,1200.0,1215.0,1178.6,1183.1,-1.41,410.0,1688.0,1041.0
GMFBS,8/7/2026,1218.0,1218.0,1150.0,1154.0,-5.25,1933.0,1688.0,1041.0
GMFBS,8/10/2026,1188.0,1188.0,1140.0,1174.0,-1.18,997.0,1688.0,1041.0
GMFBS,8/11/2026,1205.0,1205.0,1132.0,1133.0,-5.98,850.0,1688.0,1041.0
GMFBS,8/12/2026,1115.0,1160.0,1115.0,1152.0,3.32,222.0,1688.0,1041.0
GMFBS,8/13/2026,1184.0,1184.0,1148.5,1180.0,-0.34,397.0,1688.0,1041.0
GMFBS,8/14/2026,1220.0,1220.0,1125.0,1158.0,-5.08,140.0,1688.0,1041.0
GMFBS,8/17/2026,1175.0,1175.0,1145.1,1145.1,-2.54,497.0,1688.0,1041.0
GMFBS,8/18/2026,1170.0,1170.0,1140.1,1156.0,-1.2,294.0,1688.0,1041.0
GMFBS,8/19/2026,1160.0,1170.0,1160.0,1170.0,0.86,298.0,1688.0,1041.0
GMFBS,8/20/2026,1150.0,1165.0,1150.0,1165.0,1.3,24.0,1688.0,1041.0
GMFBS,8/21/2026,1180.0,1180.0,1127.0,1159.0,-1.78,476.0,1688.0,1041.0
GMFBS,8/24/2026,1125.1,1165.0,1125.1,1164.9,3.54,159.0,1688.0,1041.0
GMFBS,8/25/2026,1130.0,1148.0,1100.0,1148.0,1.59,1227.0,1688.0,1041.0
GMFBS,8/26/2026,1114.0,1139.9,1113.6,1130.0,1.44,1070.0,1688.0,1041.0
GMFBS,8/27/2026,1110.0,1146.0,1100.1,1146.0,3.24,1466.0,1688.0,1041.0
GMFBS,8/31/2026,1131.0,1131.0,1095.0,1114.0,-1.5,315.0,1688.0,1041.0
GMFBS,9/1/2026,1084.0,1115.0,1083.2,1110.0,2.4,547.0,1688.0,1041.0
GMFBS,9/2/2026,1090.0,1091.9,1060.1,1090.0,0.0,338.0,1688.0,1041.0
GMFBS,9/3/2026,1062.0,1093.0,1062.0,1066.6,0.43,281.0,1688.0,1041.0
GMFBS,9/7/2026,1067.0,1146.0,1041.0,1145.0,7.31,574.0,1688.0,1041.0
GMFBS,9/9/2026,1170.0,1170.0,1045.0,1170.0,0.0,1418.0,1688.0,1041.0
GMFBS,9/10/2026,1200.0,1200.0,1070.0,1164.0,-3.0,346.0,1688.0,1041.0
GMFBS,9/11/2026,1105.8,1190.0,1047.7,1154.0,4.36,584.0,1688.0,1041.0
GMFBS,9/14/2026,1097.0,1200.0,1081.1,1119.0,2.01,1650.0,1688.0,1041.0
GMFBS,9/15/2026,1170.0,1170.0,1105.0,1136.9,-2.83,469.0,1688.0,1041.0
GMFBS,9/16/2026,1102.8,1122.5,1085.0,1122.5,1.79,414.0,1688.0,1041.0
GMFBS,9/17/2026,1100.0,1129.0,1081.0,1116.0,1.45,275.0,1688.0,1041.0
GMFBS,9/18/2026,1090.0,1148.0,1090.0,1117.0,2.48,421.0,1688.0,1041.0
GMFBS,9/22/2026,1090.0,1122.0,1090.0,1122.0,2.94,1066.0,1688.0,1041.0
GMFBS,9/23/2026,1092.9,1120.0,1082.1,1100.0,0.65,564.0,1688.0,1041.0
GMFBS,9/24/2026,1067.0,1124.0,1067.0,1124.0,5.34,300.0,1688.0,1041.0
GMFBS,9/28/2026,1090.3,1138.5,1082.0,1099.5,0.84,481.0,1688.0,1041.0
GMFBS,9/29/2026,1078.0,1078.0,1078.0,0.0,-100.0,40.0,1688.0,1041.0
GMFBS,9/30/2026,1076.0,1099.0,1076.0,1080.0,0.37,58.0,1688.0,1041.0
GMFBS,10/1/2026,1080.0,1090.0,1060.0,1090.0,0.93,106.0,1688.0,1041.0
GMFBS,10/2/2026,1070.0,1090.0,1065.0,1090.0,1.87,423.0,1688.0,1041.0
GMFIL,6/25/2012,273.0,268.0,268.0,268.0,,100.0,540.0,393.1
GMFIL,6/27/2012,268.0,270.0,270.0,270.0,0.75,12.0,540.0,393.1
GMFIL,7/9/2012,270.0,265.0,265.0,265.0,-1.85,77.0,540.0,393.1
GMFIL,7/19/2012,265.0,260.0,260.0,260.0,-1.89,83.0,540.0,393.1
GMFIL,8/8/2012,260.0,255.0,255.0,255.0,-1.92,50.0,540.0,393.1
GMFIL,8/26/2012,255.0,250.0,245.0,245.0,-3.92,1223.0,540.0,393.1
GMFIL,10/10/2012,245.0,241.0,241.0,241.0,-1.63,50.0,540.0,393.1
GMFIL,12/5/2012,241.0,237.0,237.0,237.0,-1.66,378.0,540.0,393.1
GMFIL,12/26/2012,237.0,237.0,237.0,237.0,0.0,1871.0,540.0,393.1
GMFIL,2/4/2013,237.0,202.0,198.0,198.0,-16.46,7051.0,540.0,393.1
GMFIL,8/27/2013,198.0,195.0,195.0,195.0,-1.52,100.0,540.0,393.1
GMFIL,9/10/2013,195.0,192.0,190.0,190.0,-2.56,402.0,540.0,393.1
GMFIL,9/16/2013,190.0,187.0,184.0,184.0,-3.16,1526.0,540.0,393.1
GMFIL,9/22/2013,184.0,184.0,184.0,184.0,0.0,1000.0,540.0,393.1
GMFIL,9/23/2013,184.0,181.0,181.0,181.0,-1.63,707.0,540.0,393.1
GMFIL,10/22/2013,181.0,0.0,0.0,181.0,0.0,1715.0,540.0,393.1
GMFIL,12/3/2013,181.0,184.0,184.0,184.0,1.66,12.0,540.0,393.1
GMFIL,12/4/2013,184.0,187.0,187.0,187.0,1.63,12.0,540.0,393.1
GMFIL,12/5/2013,187.0,190.0,190.0,190.0,1.6,10.0,540.0,393.1
GMFIL,12/8/2013,190.0,193.0,190.0,190.0,0.0,600.0,540.0,393.1
GMFIL,12/9/2013,190.0,193.0,187.0,193.0,1.58,1653.0,540.0,393.1
GMFIL,12/10/2013,193.0,196.0,196.0,196.0,1.55,10.0,540.0,393.1
GMFIL,12/11/2013,196.0,206.0,199.0,206.0,5.1,1030.0,540.0,393.1
GMFIL,12/12/2013,206.0,206.0,206.0,206.0,0.0,289.0,540.0,393.1
GMFIL,1/21/2014,179.0,176.0,176.0,176.0,-14.56,95.0,540.0,393.1
GMFIL,3/9/2014,173.0,173.0,173.0,173.0,-1.7,5270.0,540.0,393.1
GMFIL,3/11/2014,173.0,170.0,170.0,170.0,-1.73,194.0,540.0,393.1
GMFIL,3/13/2014,170.0,170.0,170.0,170.0,0.0,330.0,540.0,393.1
GMFIL,3/26/2014,170.0,167.0,167.0,167.0,-1.76,200.0,540.0,393.1
GMFIL,4/1/2014,167.0,170.0,170.0,170.0,1.8,480.0,540.0,393.1
GMFIL,4/15/2014,170.0,167.0,167.0,167.0,-1.76,72.0,540.0,393.1
GMFIL,4/17/2014,167.0,170.0,170.0,170.0,1.8,87.0,540.0,393.1
GMFIL,4/20/2014,170.0,170.0,170.0,170.0,0.0,255.0,540.0,393.1
GMFIL,4/21/2014,170.0,173.0,173.0,173.0,1.76,419.0,540.0,393.1
GMFIL,4/22/2014,173.0,176.0,170.0,176.0,1.73,497.0,540.0,393.1
GMFIL,4/28/2014,176.0,182.0,179.0,179.0,1.7,1337.0,540.0,393.1
GMFIL,5/4/2014,179.0,182.0,182.0,182.0,1.68,50.0,540.0,393.1
GMFIL,5/5/2014,182.0,180.0,180.0,180.0,-1.1,817.0,540.0,393.1
GMFIL,5/7/2014,180.0,180.0,180.0,180.0,0.0,5534.0,540.0,393.1
GMFIL,5/8/2014,180.0,183.0,180.0,182.0,1.11,1443.0,540.0,393.1
GMFIL,5/12/2014,182.0,180.0,180.0,180.0,-1.1,319.0,540.0,393.1
GMFIL,5/13/2014,180.0,182.0,181.0,181.0,0.56,1891.0,540.0,393.1
GMFIL,5/15/2014,181.0,181.0,181.0,181.0,0.0,143.0,540.0,393.1
GMFIL,5/18/2014,181.0,181.0,181.0,181.0,0.0,191.0,540.0,393.1
GMFIL,5/19/2014,181.0,196.0,184.0,196.0,8.29,250.0,540.0,393.1
GMFIL,5/20/2014,196.0,196.0,196.0,196.0,0.0,1248.0,540.0,393.1
GMFIL,5/21/2014,196.0,215.0,199.0,200.0,2.04,36519.0,540.0,393.1
GMFIL,5/22/2014,200.0,212.0,200.0,212.0,6.0,454.0,540.0,393.1
GMFIL,5/25/2014,212.0,210.0,210.0,210.0,-0.94,510.0,540.0,393.1
GMFIL,5/26/2014,210.0,221.0,214.0,221.0,5.24,354.0,540.0,393.1
GMFIL,5/28/2014,221.0,217.0,213.0,213.0,-3.62,542.0,540.0,393.1
GMFIL,6/1/2014,213.0,217.0,209.0,217.0,1.88,1060.0,540.0,393.1
GMFIL,6/2/2014,217.0,217.0,214.0,214.0,-1.38,392.0,540.0,393.1
GMFIL,6/3/2014,214.0,218.0,218.0,218.0,1.87,50.0,540.0,393.1
GMFIL,6/4/2014,218.0,222.0,222.0,222.0,1.83,50.0,540.0,393.1
GMFIL,6/5/2014,222.0,218.0,214.0,214.0,-3.6,444.0,540.0,393.1
GMFIL,6/9/2014,214.0,218.0,214.0,218.0,1.87,1304.0,540.0,393.1
GMFIL,6/10/2014,218.0,222.0,222.0,222.0,1.83,50.0,540.0,393.1
GMFIL,6/11/2014,222.0,222.0,218.0,222.0,0.0,1515.0,540.0,393.1
GMFIL,6/12/2014,222.0,222.0,214.0,214.0,-3.6,380.0,540.0,393.1
GMFIL,6/15/2014,214.0,222.0,218.0,222.0,3.74,63.0,540.0,393.1
GMFIL,6/17/2014,222.0,230.0,226.0,230.0,3.6,62.0,540.0,393.1
GMFIL,6/18/2014,230.0,238.0,234.0,238.0,3.48,77.0,540.0,393.1
GMFIL,6/19/2014,238.0,246.0,242.0,242.0,1.68,2218.0,540.0,393.1
GMFIL,6/25/2014,242.0,238.0,238.0,238.0,-1.65,63.0,540.0,393.1
GMFIL,6/29/2014,238.0,242.0,242.0,242.0,1.68,1444.0,540.0,393.1
GMFIL,6/30/2014,242.0,246.0,242.0,242.0,0.0,962.0,540.0,393.1
GMFIL,7/1/2014,242.0,250.0,246.0,246.0,1.65,1515.0,540.0,393.1
GMFIL,7/6/2014,246.0,242.0,238.0,240.0,-2.44,493.0,540.0,393.1
GMFIL,7/7/2014,240.0,236.0,236.0,236.0,-1.67,976.0,540.0,393.1
GMFIL,7/8/2014,236.0,240.0,240.0,240.0,1.69,50.0,540.0,393.1
GMFIL,7/9/2014,240.0,244.0,240.0,240.0,0.0,1167.0,540.0,393.1
GMFIL,7/13/2014,240.0,242.0,242.0,242.0,0.83,724.0,540.0,393.1
GMFIL,7/14/2014,242.0,240.0,240.0,240.0,-0.83,100.0,540.0,393.1
GMFIL,7/15/2014,240.0,260.0,244.0,260.0,8.33,2090.0,540.0,393.1
GMFIL,7/16/2014,260.0,260.0,255.0,260.0,0.0,211.0,540.0,393.1
GMFIL,7/17/2014,260.0,265.0,265.0,265.0,1.92,22.0,540.0,393.1
GMFIL,7/20/2014,265.0,270.0,265.0,265.0,0.0,2500.0,540.0,393.1
GMFIL,7/21/2014,265.0,291.0,270.0,291.0,9.81,1581.0,540.0,393.1
GMFIL,7/22/2014,291.0,296.0,296.0,296.0,1.72,305.0,540.0,393.1
GMFIL,7/23/2014,296.0,302.0,301.0,302.0,2.03,63.0,540.0,393.1
GMFIL,7/24/2014,302.0,307.0,296.0,307.0,1.66,758.0,540.0,393.1
GMFIL,7/27/2014,307.0,337.0,313.0,337.0,9.77,587.0,540.0,393.1
GMFIL,7/28/2014,337.0,349.0,343.0,349.0,3.56,40.0,540.0,393.1
GMFIL,7/30/2014,349.0,369.0,350.0,369.0,5.73,675.0,540.0,393.1
GMFIL,7/31/2014,369.0,385.0,374.0,385.0,4.34,806.0,540.0,393.1
GMFIL,8/3/2014,385.0,378.0,378.0,378.0,-1.82,12.0,540.0,393.1
GMFIL,8/4/2014,378.0,379.0,378.0,379.0,0.26,650.0,540.0,393.1
GMFIL,8/5/2014,379.0,372.0,372.0,372.0,-1.85,293.0,540.0,393.1
GMFIL,8/31/2014,372.0,379.0,358.0,358.0,-3.76,1556.0,540.0,393.1
GMFIL,9/1/2014,358.0,351.0,342.0,342.0,-4.47,883.0,540.0,393.1
GMFIL,9/3/2014,342.0,336.0,330.0,330.0,-3.51,240.0,540.0,393.1
GMFIL,9/4/2014,330.0,330.0,323.0,323.0,-2.12,688.0,540.0,393.1
GMFIL,9/7/2014,323.0,317.0,317.0,317.0,-1.86,72.0,540.0,393.1
GMFIL,9/9/2014,317.0,317.0,317.0,317.0,0.0,211.0,540.0,393.1
GMFIL,9/11/2014,317.0,311.0,300.0,300.0,-5.36,1432.0,540.0,393.1
GMFIL,9/14/2014,300.0,300.0,294.0,294.0,-2.0,699.0,540.0,393.1
GMFIL,9/15/2014,294.0,304.0,294.0,304.0,3.4,353.0,540.0,393.1
GMFIL,9/16/2014,304.0,298.0,298.0,298.0,-1.97,824.0,540.0,393.1
GMFIL,9/21/2014,298.0,293.0,288.0,293.0,-1.68,1401.0,540.0,393.1
GMFIL,9/23/2014,293.0,298.0,294.0,295.0,0.68,1700.0,540.0,393.1
GMFIL,9/28/2014,295.0,291.0,291.0,291.0,-1.36,502.0,540.0,393.1
GMFIL,9/29/2014,291.0,286.0,271.0,271.0,-6.87,3085.0,540.0,393.1
GMFIL,10/12/2014,271.0,276.0,276.0,276.0,1.85,30.0,540.0,393.1
GMFIL,10/19/2014,276.0,281.0,281.0,281.0,1.81,147.0,540.0,393.1
GMFIL,10/20/2014,281.0,280.0,280.0,280.0,-0.36,294.0,540.0,393.1
GMFIL,10/22/2014,280.0,280.0,275.0,280.0,0.0,441.0,540.0,393.1
GMFIL,11/10/2014,280.0,300.0,285.0,300.0,7.14,329.0,540.0,393.1
GMFIL,11/11/2014,300.0,305.0,300.0,300.0,0.0,631.0,540.0,393.1
GMFIL,11/12/2014,300.0,305.0,294.0,305.0,1.67,162.0,540.0,393.1
GMFIL,11/13/2014,305.0,300.0,289.0,289.0,-5.25,45.0,540.0,393.1
GMFIL,11/16/2014,289.0,284.0,264.0,279.0,-3.46,28098.0,540.0,393.1
GMFIL,11/17/2014,279.0,294.0,284.0,294.0,5.38,222.0,540.0,393.1
GMFIL,11/18/2014,294.0,295.0,294.0,295.0,0.34,128.0,540.0,393.1
GMFIL,11/19/2014,295.0,295.0,295.0,295.0,0.0,56.0,540.0,393.1
GMFIL,11/20/2014,295.0,290.0,290.0,290.0,-1.69,230.0,540.0,393.1
GMFIL,11/24/2014,290.0,285.0,285.0,285.0,-1.72,1937.0,540.0,393.1
GMFIL,12/2/2014,285.0,280.0,280.0,280.0,-1.75,2196.0,540.0,393.1
GMFIL,12/14/2014,280.0,280.0,275.0,280.0,0.0,164.0,540.0,393.1
GMFIL,12/18/2014,280.0,285.0,285.0,285.0,1.79,12.0,540.0,393.1
GMFIL,1/25/2015,230.0,226.0,218.0,218.0,-23.51,5798.0,540.0,393.1
GMFIL,1/26/2015,218.0,238.0,222.0,238.0,9.17,50.0,540.0,393.1
GMFIL,2/1/2015,238.0,255.0,238.0,250.0,5.04,5000.0,540.0,393.1
GMFIL,2/2/2015,250.0,255.0,246.0,246.0,-1.6,1010.0,540.0,393.1
GMFIL,2/3/2015,246.0,242.0,242.0,242.0,-1.63,600.0,540.0,393.1
GMFIL,2/5/2015,242.0,246.0,244.0,244.0,0.83,1309.0,540.0,393.1
GMFIL,2/9/2015,244.0,248.0,248.0,248.0,1.64,339.0,540.0,393.1
GMFIL,2/10/2015,248.0,262.0,252.0,262.0,5.65,38.0,540.0,393.1
GMFIL,2/12/2015,262.0,265.0,257.0,265.0,1.15,381.0,540.0,393.1
GMFIL,2/15/2015,265.0,280.0,270.0,280.0,5.66,100.0,540.0,393.1
GMFIL,2/23/2015,280.0,275.0,270.0,275.0,-1.79,600.0,540.0,393.1
GMFIL,2/26/2015,275.0,295.0,280.0,290.0,5.45,660.0,540.0,393.1
GMFIL,3/2/2015,290.0,295.0,292.0,292.0,0.69,20.0,540.0,393.1
GMFIL,3/3/2015,292.0,287.0,282.0,282.0,-3.42,300.0,540.0,393.1
GMFIL,3/4/2015,282.0,292.0,287.0,292.0,3.55,20.0,540.0,393.1
GMFIL,3/9/2015,292.0,289.0,289.0,289.0,-1.03,50.0,540.0,393.1
GMFIL,3/10/2015,289.0,284.0,284.0,284.0,-1.73,100.0,540.0,393.1
GMFIL,3/15/2015,284.0,279.0,279.0,279.0,-1.76,32.0,540.0,393.1
GMFIL,3/17/2015,279.0,274.0,274.0,274.0,-1.79,100.0,540.0,393.1
GMFIL,3/18/2015,274.0,269.0,260.0,260.0,-5.11,440.0,540.0,393.1
GMFIL,3/19/2015,260.0,255.0,250.0,250.0,-3.85,82.0,540.0,393.1
GMFIL,4/9/2015,250.0,250.0,245.0,245.0,-2.0,700.0,540.0,393.1
GMFIL,4/19/2015,245.0,241.0,241.0,241.0,-1.63,1000.0,540.0,393.1
GMFIL,6/7/2015,241.0,241.0,237.0,237.0,-1.66,680.0,540.0,393.1
GMFIL,6/15/2015,237.0,233.0,233.0,233.0,-1.69,10.0,540.0,393.1
GMFIL,6/25/2015,233.0,229.0,229.0,229.0,-1.72,10.0,540.0,393.1
GMFIL,7/6/2015,229.0,226.0,225.0,225.0,-1.75,236.0,540.0,393.1
GMFIL,7/14/2015,225.0,225.0,225.0,225.0,0.0,738.0,540.0,393.1
GMFIL,7/16/2015,225.0,233.0,225.0,233.0,3.56,834.0,540.0,393.1
GMFIL,7/23/2015,233.0,241.0,237.0,241.0,3.43,80.0,540.0,393.1
GMFIL,7/27/2015,241.0,249.0,245.0,249.0,3.32,80.0,540.0,393.1
GMFIL,7/28/2015,249.0,258.0,253.0,258.0,3.61,80.0,540.0,393.1
GMFIL,8/3/2015,258.0,253.0,253.0,253.0,-1.94,64.0,540.0,393.1
GMFIL,8/4/2015,253.0,248.0,237.0,240.0,-5.14,578.0,540.0,393.1
GMFIL,8/5/2015,240.0,238.0,235.0,236.0,-1.67,1949.0,540.0,393.1
GMFIL,8/6/2015,236.0,240.0,239.0,239.0,1.27,640.0,540.0,393.1
GMFIL,8/9/2015,239.0,235.0,235.0,235.0,-1.67,274.0,540.0,393.1
GMFIL,8/10/2015,235.0,239.0,239.0,239.0,1.7,40.0,540.0,393.1
GMFIL,8/11/2015,239.0,235.0,231.0,231.0,-3.35,544.0,540.0,393.1
GMFIL,8/18/2015,231.0,227.0,227.0,227.0,-1.73,302.0,540.0,393.1
GMFIL,8/19/2015,227.0,231.0,231.0,231.0,1.76,40.0,540.0,393.1
GMFIL,8/24/2015,231.0,227.0,227.0,227.0,-1.73,10.0,540.0,393.1
GMFIL,8/25/2015,227.0,235.0,231.0,235.0,3.52,80.0,540.0,393.1
GMFIL,8/26/2015,235.0,238.0,238.0,238.0,1.28,51.0,540.0,393.1
GMFIL,9/3/2015,238.0,242.0,242.0,242.0,1.68,50.0,540.0,393.1
GMFIL,9/6/2015,242.0,246.0,246.0,246.0,1.65,1000.0,540.0,393.1
GMFIL,9/7/2015,246.0,250.0,249.0,250.0,1.63,230.0,540.0,393.1
GMFIL,9/10/2015,250.0,255.0,245.0,245.0,-2.0,720.0,540.0,393.1
GMFIL,9/13/2015,245.0,241.0,241.0,241.0,-1.63,300.0,540.0,393.1
GMFIL,9/14/2015,241.0,237.0,233.0,233.0,-3.32,551.0,540.0,393.1
GMFIL,9/15/2015,233.0,237.0,230.0,236.0,1.29,1327.0,540.0,393.1
GMFIL,9/16/2015,236.0,240.0,236.0,236.0,0.0,1019.0,540.0,393.1
GMFIL,9/24/2015,236.0,236.0,236.0,236.0,0.0,305.0,540.0,393.1
GMFIL,10/18/2015,236.0,232.0,232.0,232.0,-1.69,809.0,540.0,393.1
GMFIL,10/28/2015,232.0,228.0,224.0,224.0,-3.45,594.0,540.0,393.1
GMFIL,11/1/2015,224.0,220.0,220.0,220.0,-1.79,200.0,540.0,393.1
GMFIL,11/10/2015,220.0,216.0,216.0,216.0,-1.82,65.0,540.0,393.1
GMFIL,11/15/2015,216.0,216.0,212.0,216.0,0.0,539.0,540.0,393.1
GMFIL,11/22/2015,216.0,212.0,212.0,212.0,-1.85,372.0,540.0,393.1
GMFIL,11/30/2015,212.0,208.0,208.0,208.0,-1.89,8033.0,540.0,393.1
GMFIL,12/6/2015,208.0,213.0,208.0,213.0,2.4,3029.0,540.0,393.1
GMFIL,12/8/2015,213.0,209.0,209.0,209.0,-1.88,121.0,540.0,393.1
GMFIL,12/9/2015,209.0,208.0,208.0,208.0,-0.48,29.0,540.0,393.1
GMFIL,12/22/2015,208.0,212.0,208.0,212.0,1.92,261.0,540.0,393.1
GMFIL,12/23/2015,212.0,215.0,212.0,215.0,1.42,445.0,540.0,393.1
GMFIL,12/24/2015,215.0,211.0,211.0,211.0,-1.86,40.0,540.0,393.1
GMFIL,12/27/2015,211.0,219.0,215.0,219.0,3.79,1747.0,540.0,393.1
GMFIL,1/13/2016,190.0,187.0,187.0,187.0,-14.61,32.0,540.0,393.1
GMFIL,2/7/2016,187.0,205.0,190.0,205.0,9.63,170.0,540.0,393.1
GMFIL,2/8/2016,205.0,225.0,209.0,225.0,9.76,210.0,540.0,393.1
GMFIL,2/11/2016,225.0,247.0,229.0,243.0,8.0,450.0,540.0,393.1
GMFIL,2/14/2016,243.0,247.0,247.0,247.0,1.65,30.0,540.0,393.1
GMFIL,2/23/2016,247.0,243.0,243.0,243.0,-1.62,10.0,540.0,393.1
GMFIL,2/29/2016,243.0,240.0,232.0,232.0,-4.53,650.0,540.0,393.1
GMFIL,3/16/2016,232.0,230.0,230.0,230.0,-0.86,170.0,540.0,393.1
GMFIL,3/17/2016,230.0,238.0,230.0,238.0,3.48,998.0,540.0,393.1
GMFIL,3/20/2016,238.0,249.0,237.0,249.0,4.62,1312.0,540.0,393.1
GMFIL,3/21/2016,249.0,258.0,249.0,258.0,3.61,1393.0,540.0,393.1
GMFIL,3/23/2016,258.0,263.0,263.0,263.0,1.94,10.0,540.0,393.1
GMFIL,3/24/2016,263.0,285.0,268.0,280.0,6.46,954.0,540.0,393.1
GMFIL,3/27/2016,280.0,275.0,275.0,275.0,-1.79,300.0,540.0,393.1
GMFIL,3/28/2016,275.0,290.0,279.0,290.0,5.45,2190.0,540.0,393.1
GMFIL,3/29/2016,290.0,295.0,280.0,286.0,-1.38,1378.0,540.0,393.1
GMFIL,3/30/2016,286.0,314.0,291.0,314.0,9.79,2110.0,540.0,393.1
GMFIL,3/31/2016,314.0,344.0,320.0,338.0,7.64,7425.0,540.0,393.1
GMFIL,4/3/2016,338.0,338.0,332.0,333.0,-1.48,1005.0,540.0,393.1
GMFIL,4/4/2016,333.0,328.0,318.0,318.0,-4.5,3035.0,540.0,393.1
GMFIL,4/10/2016,318.0,330.0,315.0,330.0,3.77,5190.0,540.0,393.1
GMFIL,4/11/2016,330.0,330.0,330.0,330.0,0.0,100.0,540.0,393.1
GMFIL,4/17/2016,330.0,329.0,329.0,329.0,-0.3,100.0,540.0,393.1
GMFIL,4/21/2016,329.0,330.0,330.0,330.0,0.3,590.0,540.0,393.1
GMFIL,4/28/2016,330.0,341.0,327.0,341.0,3.33,1227.0,540.0,393.1
GMFIL,5/2/2016,341.0,341.0,341.0,341.0,0.0,100.0,540.0,393.1
GMFIL,5/10/2016,341.0,335.0,323.0,329.0,-3.52,1600.0,540.0,393.1
GMFIL,5/12/2016,329.0,325.0,325.0,325.0,-1.22,550.0,540.0,393.1
GMFIL,5/19/2016,325.0,319.0,319.0,319.0,-1.85,50.0,540.0,393.1
GMFIL,5/22/2016,319.0,313.0,313.0,313.0,-1.88,243.0,540.0,393.1
GMFIL,5/23/2016,313.0,307.0,307.0,307.0,-1.92,500.0,540.0,393.1
GMFIL,5/26/2016,307.0,302.0,301.0,302.0,-1.63,250.0,540.0,393.1
GMFIL,5/29/2016,302.0,302.0,300.0,300.0,-0.66,300.0,540.0,393.1
GMFIL,5/30/2016,300.0,318.0,306.0,318.0,6.0,70.0,540.0,393.1
GMFIL,6/1/2016,318.0,312.0,312.0,312.0,-1.89,200.0,540.0,393.1
GMFIL,6/5/2016,312.0,318.0,306.0,312.0,0.0,2543.0,540.0,393.1
GMFIL,6/6/2016,312.0,308.0,306.0,307.0,-1.6,4466.0,540.0,393.1
GMFIL,6/7/2016,307.0,307.0,301.0,307.0,0.0,1500.0,540.0,393.1
GMFIL,6/8/2016,307.0,308.0,308.0,308.0,0.33,100.0,540.0,393.1
GMFIL,6/9/2016,308.0,307.0,306.0,306.0,-0.65,2800.0,540.0,393.1
GMFIL,6/12/2016,306.0,312.0,312.0,312.0,1.96,1400.0,540.0,393.1
GMFIL,6/13/2016,312.0,312.0,307.0,307.0,-1.6,902.0,540.0,393.1
GMFIL,6/14/2016,307.0,323.0,310.0,315.0,2.61,7926.0,540.0,393.1
GMFIL,6/15/2016,315.0,316.0,310.0,316.0,0.32,400.0,540.0,393.1
GMFIL,6/16/2016,316.0,344.0,320.0,344.0,8.86,58420.0,540.0,393.1
GMFIL,6/19/2016,344.0,378.0,350.0,375.0,9.01,15988.0,540.0,393.1
GMFIL,6/20/2016,375.0,390.0,370.0,380.0,1.33,10004.0,540.0,393.1
GMFIL,6/21/2016,380.0,387.0,377.0,377.0,-0.79,8889.0,540.0,393.1
GMFIL,6/22/2016,377.0,371.0,370.0,370.0,-1.86,6875.0,540.0,393.1
GMFIL,6/26/2016,370.0,363.0,358.0,358.0,-3.24,90.0,540.0,393.1
GMFIL,6/27/2016,358.0,353.0,351.0,351.0,-1.96,360.0,540.0,393.1
GMFIL,6/28/2016,351.0,352.0,336.0,352.0,0.28,9424.0,540.0,393.1
GMFIL,6/29/2016,352.0,354.0,348.0,354.0,0.57,5800.0,540.0,393.1
GMFIL,6/30/2016,354.0,355.0,350.0,355.0,0.28,7330.0,540.0,393.1
GMFIL,7/3/2016,355.0,350.0,350.0,350.0,-1.41,1439.0,540.0,393.1
GMFIL,7/4/2016,350.0,360.0,347.0,360.0,2.86,2220.0,540.0,393.1
GMFIL,7/5/2016,360.0,358.0,355.0,355.0,-1.39,3219.0,540.0,393.1
GMFIL,7/6/2016,355.0,376.0,362.0,376.0,5.92,3696.0,540.0,393.1
GMFIL,7/10/2016,376.0,371.0,371.0,371.0,-1.33,200.0,540.0,393.1
GMFIL,7/11/2016,371.0,371.0,354.0,365.0,-1.62,11420.0,540.0,393.1
GMFIL,7/12/2016,365.0,362.0,353.0,353.0,-3.29,800.0,540.0,393.1
GMFIL,7/13/2016,353.0,353.0,348.0,353.0,0.0,350.0,540.0,393.1
GMFIL,7/14/2016,353.0,370.0,347.0,370.0,4.82,4703.0,540.0,393.1
GMFIL,7/17/2016,370.0,384.0,366.0,370.0,0.0,1600.0,540.0,393.1
GMFIL,7/18/2016,370.0,376.0,365.0,376.0,1.62,1343.0,540.0,393.1
GMFIL,7/19/2016,376.0,390.0,381.0,385.0,2.39,2270.0,540.0,393.1
GMFIL,7/20/2016,385.0,388.0,381.0,385.0,0.0,1806.0,540.0,393.1
GMFIL,7/21/2016,385.0,399.0,385.0,388.0,0.78,3713.0,540.0,393.1
GMFIL,7/25/2016,388.0,420.0,392.0,420.0,8.25,6520.0,540.0,393.1
GMFIL,7/26/2016,420.0,462.0,426.0,462.0,10.0,40750.0,540.0,393.1
GMFIL,7/27/2016,462.0,508.0,471.0,491.0,6.28,16768.0,540.0,393.1
GMFIL,7/28/2016,491.0,490.0,476.0,485.0,-1.22,5326.0,540.0,393.1
GMFIL,7/31/2016,485.0,480.0,451.0,451.0,-7.01,1624.0,540.0,393.1
GMFIL,8/1/2016,451.0,443.0,434.0,442.0,-2.0,460.0,540.0,393.1
GMFIL,8/2/2016,442.0,434.0,431.0,431.0,-2.49,600.0,540.0,393.1
GMFIL,8/3/2016,431.0,426.0,421.0,424.0,-1.62,1700.0,540.0,393.1
GMFIL,8/4/2016,424.0,425.0,416.0,416.0,-1.89,1800.0,540.0,393.1
GMFIL,8/7/2016,416.0,420.0,406.0,406.0,-2.4,10096.0,540.0,393.1
GMFIL,8/8/2016,406.0,410.0,400.0,400.0,-1.48,2150.0,540.0,393.1
GMFIL,8/9/2016,400.0,424.0,408.0,424.0,6.0,2100.0,540.0,393.1
GMFIL,8/10/2016,424.0,425.0,417.0,421.0,-0.71,2260.0,540.0,393.1
GMFIL,8/11/2016,421.0,435.0,412.0,412.0,-2.14,2372.0,540.0,393.1
GMFIL,8/14/2016,412.0,410.0,403.0,405.0,-1.7,1569.0,540.0,393.1
GMFIL,8/15/2016,405.0,398.0,397.0,398.0,-1.73,1310.0,540.0,393.1
GMFIL,8/16/2016,398.0,437.0,405.0,437.0,9.8,12187.0,540.0,393.1
GMFIL,8/17/2016,437.0,477.0,435.0,477.0,9.15,19119.0,540.0,393.1
GMFIL,8/21/2016,477.0,468.0,456.0,456.0,-4.4,1779.0,540.0,393.1
GMFIL,8/22/2016,456.0,460.0,440.0,441.0,-3.29,3629.0,540.0,393.1
GMFIL,8/23/2016,441.0,460.0,434.0,434.0,-1.59,4660.0,540.0,393.1
GMFIL,8/24/2016,434.0,443.0,435.0,435.0,0.23,3050.0,540.0,393.1
GMFIL,8/28/2016,435.0,442.0,442.0,442.0,1.61,450.0,540.0,393.1
GMFIL,8/29/2016,442.0,443.0,437.0,437.0,-1.13,2570.0,540.0,393.1
GMFIL,8/30/2016,437.0,445.0,438.0,441.0,0.92,2205.0,540.0,393.1
GMFIL,8/31/2016,441.0,448.0,441.0,447.0,1.36,7237.0,540.0,393.1
GMFIL,9/1/2016,447.0,455.0,440.0,447.0,0.0,9687.0,540.0,393.1
GMFIL,9/5/2016,331.0,364.0,336.0,350.0,-21.7,2749.0,540.0,393.1
GMFIL,9/6/2016,350.0,371.0,357.0,361.0,3.14,345.0,540.0,393.1
GMFIL,9/8/2016,361.0,368.0,355.0,355.0,-1.66,729.0,540.0,393.1
GMFIL,9/11/2016,355.0,348.0,338.0,338.0,-4.79,2129.0,540.0,393.1
GMFIL,9/12/2016,338.0,338.0,330.0,330.0,-2.37,1500.0,540.0,393.1
GMFIL,9/18/2016,330.0,325.0,325.0,325.0,-1.52,200.0,540.0,393.1
GMFIL,9/20/2016,325.0,319.0,313.0,313.0,-3.69,290.0,540.0,393.1
GMFIL,9/21/2016,313.0,314.0,302.0,314.0,0.32,3050.0,540.0,393.1
GMFIL,9/22/2016,314.0,320.0,312.0,312.0,-0.64,1695.0,540.0,393.1
GMFIL,9/25/2016,312.0,310.0,306.0,306.0,-1.92,756.0,540.0,393.1
GMFIL,9/28/2016,306.0,300.0,300.0,300.0,-1.96,300.0,540.0,393.1
GMFIL,9/29/2016,300.0,306.0,306.0,306.0,2.0,10.0,540.0,393.1
GMFIL,10/3/2016,306.0,305.0,305.0,305.0,-0.33,100.0,540.0,393.1
GMFIL,10/5/2016,305.0,311.0,305.0,311.0,1.97,310.0,540.0,393.1
GMFIL,10/6/2016,311.0,323.0,317.0,323.0,3.86,430.0,540.0,393.1
GMFIL,10/16/2016,323.0,329.0,329.0,329.0,1.86,10.0,540.0,393.1
GMFIL,10/17/2016,329.0,336.0,330.0,330.0,0.3,150.0,540.0,393.1
GMFIL,10/18/2016,330.0,336.0,308.0,310.0,-6.06,510.0,540.0,393.1
GMFIL,10/20/2016,308.0,320.0,314.0,320.0,3.23,20.0,540.0,393.1
GMFIL,10/23/2016,320.0,326.0,315.0,326.0,1.88,679.0,540.0,393.1
GMFIL,10/24/2016,326.0,321.0,320.0,320.0,-1.84,250.0,540.0,393.1
GMFIL,10/25/2016,320.0,320.0,314.0,320.0,0.0,243.0,540.0,393.1
GMFIL,10/26/2016,320.0,326.0,320.0,326.0,1.88,1500.0,540.0,393.1
GMFIL,10/27/2016,326.0,320.0,315.0,315.0,-3.37,410.0,540.0,393.1
GMFIL,11/7/2016,315.0,309.0,303.0,303.0,-3.81,1049.0,540.0,393.1
GMFIL,11/8/2016,303.0,303.0,297.0,297.0,-1.98,700.0,540.0,393.1
GMFIL,11/9/2016,297.0,295.0,295.0,295.0,-0.67,540.0,540.0,393.1
GMFIL,11/10/2016,295.0,305.0,300.0,305.0,3.39,1550.0,540.0,393.1
GMFIL,11/13/2016,305.0,305.0,301.0,301.0,-1.31,1100.0,540.0,393.1
GMFIL,11/14/2016,301.0,300.0,295.0,300.0,-0.33,510.0,540.0,393.1
GMFIL,11/15/2016,300.0,300.0,295.0,295.0,-1.67,1550.0,540.0,393.1
GMFIL,11/16/2016,295.0,295.0,286.0,291.0,-1.36,2540.0,540.0,393.1
GMFIL,11/17/2016,291.0,287.0,286.0,286.0,-1.72,1050.0,540.0,393.1
GMFIL,11/20/2016,286.0,281.0,281.0,281.0,-1.75,100.0,540.0,393.1
GMFIL,11/21/2016,281.0,281.0,270.0,270.0,-3.91,1659.0,540.0,393.1
GMFIL,11/23/2016,270.0,275.0,273.0,275.0,1.85,500.0,540.0,393.1
GMFIL,11/24/2016,275.0,275.0,270.0,275.0,0.0,700.0,540.0,393.1
GMFIL,11/27/2016,275.0,270.0,265.0,270.0,-1.82,650.0,540.0,393.1
GMFIL,11/28/2016,270.0,265.0,260.0,260.0,-3.7,930.0,540.0,393.1
GMFIL,12/1/2016,260.0,260.0,260.0,260.0,0.0,100.0,540.0,393.1
GMFIL,12/4/2016,260.0,265.0,265.0,265.0,1.92,100.0,540.0,393.1
GMFIL,12/5/2016,265.0,290.0,270.0,285.0,7.55,520.0,540.0,393.1
GMFIL,12/6/2016,285.0,284.0,284.0,284.0,-0.35,100.0,540.0,393.1
GMFIL,12/7/2016,284.0,279.0,279.0,279.0,-1.76,74.0,540.0,393.1
GMFIL,12/11/2016,279.0,274.0,274.0,274.0,-1.79,150.0,540.0,393.1
GMFIL,12/14/2016,274.0,278.0,278.0,278.0,1.46,100.0,540.0,393.1
GMFIL,12/15/2016,278.0,283.0,281.0,281.0,1.08,876.0,540.0,393.1
GMFIL,12/19/2016,281.0,278.0,278.0,278.0,-1.07,20.0,540.0,393.1
GMFIL,12/22/2016,248.0,252.0,250.0,252.0,-9.35,750.0,540.0,393.1
GMFIL,12/26/2016,252.0,247.0,227.0,227.0,-9.92,900.0,540.0,393.1
GMFIL,12/27/2016,227.0,229.0,225.0,229.0,0.88,900.0,540.0,393.1
GMFIL,1/2/2017,229.0,230.0,230.0,230.0,0.44,156.0,540.0,393.1
GMFIL,1/5/2017,230.0,228.0,224.0,224.0,-2.61,300.0,540.0,393.1
GMFIL,1/8/2017,224.0,225.0,225.0,225.0,0.45,70.0,540.0,393.1
GMFIL,1/9/2017,225.0,226.0,223.0,226.0,0.44,5150.0,540.0,393.1
GMFIL,1/12/2017,226.0,224.0,222.0,224.0,-0.88,850.0,540.0,393.1
GMFIL,1/15/2017,224.0,228.0,228.0,228.0,1.79,500.0,540.0,393.1
GMFIL,1/16/2017,228.0,234.0,230.0,230.0,0.88,716.0,540.0,393.1
GMFIL,1/17/2017,230.0,238.0,230.0,238.0,3.48,775.0,540.0,393.1
GMFIL,1/18/2017,238.0,240.0,234.0,234.0,-1.68,750.0,540.0,393.1
GMFIL,1/22/2017,234.0,238.0,227.0,227.0,-2.99,550.0,540.0,393.1
GMFIL,1/23/2017,227.0,231.0,224.0,224.0,-1.32,2306.0,540.0,393.1
GMFIL,1/24/2017,224.0,220.0,212.0,212.0,-5.36,940.0,540.0,393.1
GMFIL,1/25/2017,212.0,209.0,204.0,204.0,-3.77,400.0,540.0,393.1
GMFIL,1/26/2017,204.0,204.0,200.0,204.0,0.0,296.0,540.0,393.1
GMFIL,1/30/2017,204.0,201.0,198.0,198.0,-2.94,261.0,540.0,393.1
GMFIL,1/31/2017,198.0,200.0,200.0,200.0,1.01,80.0,540.0,393.1
GMFIL,2/1/2017,200.0,204.0,196.0,196.0,-2.0,1840.0,540.0,393.1
GMFIL,2/2/2017,196.0,208.0,199.0,208.0,6.12,1810.0,540.0,393.1
GMFIL,2/5/2017,208.0,206.0,204.0,206.0,-0.96,258.0,540.0,393.1
GMFIL,2/6/2017,206.0,210.0,206.0,206.0,0.0,250.0,540.0,393.1
GMFIL,2/7/2017,206.0,205.0,195.0,195.0,-5.34,3710.0,540.0,393.1
GMFIL,2/8/2017,195.0,198.0,198.0,198.0,1.54,20.0,540.0,393.1
GMFIL,2/9/2017,198.0,198.0,195.0,195.0,-1.52,155.0,540.0,393.1
GMFIL,2/12/2017,195.0,201.0,198.0,201.0,3.08,650.0,540.0,393.1
GMFIL,2/13/2017,201.0,205.0,198.0,205.0,1.99,990.0,540.0,393.1
GMFIL,2/14/2017,205.0,209.0,200.0,208.0,1.46,1850.0,540.0,393.1
GMFIL,2/15/2017,208.0,210.0,206.0,209.0,0.48,450.0,540.0,393.1
GMFIL,2/16/2017,209.0,221.0,213.0,220.0,5.26,1680.0,540.0,393.1
GMFIL,2/19/2017,220.0,224.0,216.0,220.0,0.0,710.0,540.0,393.1
GMFIL,2/20/2017,220.0,224.0,220.0,220.0,0.0,340.0,540.0,393.1
GMFIL,2/22/2017,220.0,216.0,216.0,216.0,-1.82,108.0,540.0,393.1
GMFIL,2/26/2017,216.0,212.0,212.0,212.0,-1.85,200.0,540.0,393.1
GMFIL,2/28/2017,212.0,208.0,200.0,200.0,-5.66,560.0,540.0,393.1
GMFIL,3/1/2017,200.0,200.0,196.0,200.0,0.0,653.0,540.0,393.1
GMFIL,3/5/2017,200.0,197.0,193.0,193.0,-3.5,1900.0,540.0,393.1
GMFIL,3/6/2017,193.0,196.0,190.0,190.0,-1.55,2000.0,540.0,393.1
GMFIL,3/9/2017,190.0,202.0,193.0,202.0,6.32,510.0,540.0,393.1
GMFIL,3/13/2017,202.0,198.0,198.0,198.0,-1.98,500.0,540.0,393.1
GMFIL,3/14/2017,198.0,199.0,196.0,199.0,0.51,262.0,540.0,393.1
GMFIL,3/15/2017,199.0,196.0,196.0,196.0,-1.51,100.0,540.0,393.1
GMFIL,3/16/2017,196.0,196.0,196.0,196.0,0.0,1196.0,540.0,393.1
GMFIL,3/19/2017,196.0,213.0,199.0,213.0,8.67,1477.0,540.0,393.1
GMFIL,3/20/2017,213.0,221.0,215.0,219.0,2.82,1123.0,540.0,393.1
GMFIL,3/21/2017,219.0,221.0,217.0,217.0,-0.91,110.0,540.0,393.1
GMFIL,3/22/2017,217.0,236.0,217.0,232.0,6.91,1131.0,540.0,393.1
GMFIL,3/23/2017,232.0,228.0,224.0,224.0,-3.45,110.0,540.0,393.1
GMFIL,3/26/2017,224.0,229.0,224.0,224.0,0.0,2770.0,540.0,393.1
GMFIL,3/28/2017,224.0,232.0,223.0,231.0,3.12,3860.0,540.0,393.1
GMFIL,3/29/2017,231.0,236.0,223.0,222.0,-3.9,12476.0,540.0,393.1
GMFIL,3/30/2017,222.0,224.0,220.0,224.0,0.9,2199.0,540.0,393.1
GMFIL,4/2/2017,224.0,232.0,220.0,232.0,3.57,2892.0,540.0,393.1
GMFIL,4/3/2017,232.0,252.0,236.0,252.0,8.62,3620.0,540.0,393.1
GMFIL,4/4/2017,252.0,257.0,243.0,243.0,-3.57,230.0,540.0,393.1
GMFIL,4/6/2017,243.0,247.0,247.0,247.0,1.65,10.0,540.0,393.1
GMFIL,4/10/2017,247.0,245.0,223.0,241.0,-2.43,2200.0,540.0,393.1
GMFIL,4/11/2017,241.0,237.0,232.0,235.0,-2.49,5770.0,540.0,393.1
GMFIL,4/12/2017,235.0,258.0,235.0,258.0,9.79,24807.0,540.0,393.1
GMFIL,4/13/2017,258.0,268.0,250.0,263.0,1.94,4410.0,540.0,393.1
GMFIL,4/16/2017,263.0,260.0,250.0,250.0,-4.94,3250.0,540.0,393.1
GMFIL,4/18/2017,250.0,255.0,245.0,253.0,1.2,2598.0,540.0,393.1
GMFIL,4/19/2017,253.0,278.0,258.0,278.0,9.88,12110.0,540.0,393.1
GMFIL,4/20/2017,278.0,281.0,273.0,278.0,0.0,7676.0,540.0,393.1
GMFIL,4/23/2017,278.0,289.0,283.0,289.0,3.96,1410.0,540.0,393.1
GMFIL,4/24/2017,289.0,294.0,274.0,274.0,-5.19,3190.0,540.0,393.1
GMFIL,4/25/2017,274.0,300.0,279.0,289.0,5.47,14060.0,540.0,393.1
GMFIL,4/26/2017,289.0,300.0,284.0,294.0,1.73,9594.0,540.0,393.1
GMFIL,4/27/2017,294.0,294.0,280.0,281.0,-4.42,8360.0,540.0,393.1
GMFIL,4/30/2017,281.0,285.0,272.0,275.0,-2.14,2768.0,540.0,393.1
GMFIL,5/2/2017,275.0,290.0,275.0,285.0,3.64,6011.0,540.0,393.1
GMFIL,5/3/2017,285.0,300.0,281.0,290.0,1.75,8500.0,540.0,393.1
GMFIL,5/4/2017,290.0,295.0,285.0,290.0,0.0,5595.0,540.0,393.1
GMFIL,5/7/2017,290.0,285.0,280.0,280.0,-3.45,2000.0,540.0,393.1
GMFIL,5/8/2017,280.0,287.0,277.0,277.0,-1.07,3710.0,540.0,393.1
GMFIL,5/9/2017,277.0,287.0,277.0,287.0,3.61,1248.0,540.0,393.1
GMFIL,5/11/2017,287.0,285.0,280.0,280.0,-2.44,4300.0,540.0,393.1
GMFIL,5/15/2017,280.0,285.0,271.0,271.0,-3.21,3124.0,540.0,393.1
GMFIL,5/16/2017,271.0,280.0,275.0,280.0,3.32,2136.0,540.0,393.1
GMFIL,5/17/2017,280.0,282.0,278.0,278.0,-0.71,310.0,540.0,393.1
GMFIL,5/18/2017,278.0,283.0,276.0,280.0,0.72,4474.0,540.0,393.1
GMFIL,5/21/2017,280.0,275.0,270.0,270.0,-3.57,364.0,540.0,393.1
GMFIL,5/22/2017,270.0,275.0,270.0,275.0,1.85,1400.0,540.0,393.1
GMFIL,5/23/2017,275.0,272.0,265.0,272.0,-1.09,298.0,540.0,393.1
GMFIL,5/24/2017,272.0,277.0,268.0,277.0,1.84,92.0,540.0,393.1
GMFIL,5/28/2017,277.0,282.0,272.0,272.0,-1.81,504.0,540.0,393.1
GMFIL,5/30/2017,272.0,270.0,270.0,270.0,-0.74,90.0,540.0,393.1
GMFIL,5/31/2017,270.0,270.0,263.0,263.0,-2.59,1254.0,540.0,393.1
GMFIL,6/1/2017,263.0,272.0,268.0,268.0,1.9,1029.0,540.0,393.1
GMFIL,6/4/2017,268.0,273.0,264.0,264.0,-1.49,4035.0,540.0,393.1
GMFIL,6/5/2017,264.0,264.0,261.0,264.0,0.0,1081.0,540.0,393.1
GMFIL,6/6/2017,264.0,274.0,265.0,274.0,3.79,420.0,540.0,393.1
GMFIL,6/7/2017,274.0,279.0,265.0,265.0,-3.28,460.0,540.0,393.1
GMFIL,6/8/2017,265.0,261.0,261.0,261.0,-1.51,168.0,540.0,393.1
GMFIL,6/11/2017,261.0,266.0,260.0,266.0,1.92,406.0,540.0,393.1
GMFIL,6/13/2017,266.0,269.0,264.0,265.0,-0.38,1440.0,540.0,393.1
GMFIL,6/14/2017,265.0,270.0,265.0,270.0,1.89,250.0,540.0,393.1
GMFIL,6/15/2017,270.0,275.0,270.0,275.0,1.85,310.0,540.0,393.1
GMFIL,6/18/2017,275.0,280.0,270.0,270.0,-1.82,972.0,540.0,393.1
GMFIL,6/19/2017,270.0,265.0,260.0,260.0,-3.7,125.0,540.0,393.1
GMFIL,6/20/2017,260.0,265.0,260.0,265.0,1.92,154.0,540.0,393.1
GMFIL,6/21/2017,265.0,263.0,255.0,260.0,-1.89,909.0,540.0,393.1
GMFIL,6/22/2017,260.0,265.0,255.0,264.0,1.54,737.0,540.0,393.1
GMFIL,6/25/2017,264.0,259.0,259.0,259.0,-1.89,68.0,540.0,393.1
GMFIL,6/27/2017,259.0,269.0,259.0,260.0,0.39,850.0,540.0,393.1
GMFIL,6/28/2017,260.0,257.0,253.0,253.0,-2.69,583.0,540.0,393.1
GMFIL,7/2/2017,253.0,258.0,258.0,258.0,1.98,100.0,540.0,393.1
GMFIL,7/3/2017,258.0,268.0,254.0,254.0,-1.55,670.0,540.0,393.1
GMFIL,7/4/2017,254.0,264.0,254.0,264.0,3.94,195.0,540.0,393.1
GMFIL,7/5/2017,264.0,268.0,263.0,264.0,0.0,80.0,540.0,393.1
GMFIL,7/6/2017,264.0,269.0,262.0,265.0,0.38,230.0,540.0,393.1
GMFIL,7/9/2017,265.0,270.0,260.0,260.0,-1.89,810.0,540.0,393.1
GMFIL,7/10/2017,260.0,265.0,258.0,265.0,1.92,1821.0,540.0,393.1
GMFIL,7/11/2017,265.0,268.0,263.0,268.0,1.13,18872.0,540.0,393.1
GMFIL,7/12/2017,268.0,270.0,265.0,265.0,-1.12,15541.0,540.0,393.1
GMFIL,7/13/2017,265.0,267.0,262.0,267.0,0.75,1777.0,540.0,393.1
GMFIL,7/16/2017,267.0,267.0,262.0,267.0,0.0,300.0,540.0,393.1
GMFIL,7/17/2017,267.0,274.0,263.0,274.0,2.62,422.0,540.0,393.1
GMFIL,7/18/2017,274.0,275.0,270.0,270.0,-1.46,1697.0,540.0,393.1
GMFIL,7/19/2017,270.0,275.0,275.0,275.0,1.85,10.0,540.0,393.1
GMFIL,7/20/2017,275.0,280.0,271.0,275.0,0.0,230.0,540.0,393.1
GMFIL,7/23/2017,275.0,279.0,274.0,274.0,-0.36,360.0,540.0,393.1
GMFIL,7/24/2017,274.0,274.0,269.0,273.0,-0.36,215.0,540.0,393.1
GMFIL,7/25/2017,273.0,278.0,278.0,278.0,1.83,11.0,540.0,393.1
GMFIL,7/26/2017,278.0,283.0,283.0,283.0,1.8,11.0,540.0,393.1
GMFIL,7/30/2017,283.0,288.0,283.0,283.0,0.0,1150.0,540.0,393.1
GMFIL,7/31/2017,283.0,280.0,275.0,279.0,-1.41,120.0,540.0,393.1
GMFIL,8/1/2017,279.0,284.0,266.0,266.0,-4.66,1023.0,540.0,393.1
GMFIL,8/2/2017,266.0,271.0,261.0,269.0,1.13,1084.0,540.0,393.1
GMFIL,8/3/2017,269.0,274.0,269.0,269.0,0.0,110.0,540.0,393.1
GMFIL,8/6/2017,269.0,275.0,265.0,275.0,2.23,552.0,540.0,393.1
GMFIL,8/7/2017,275.0,280.0,266.0,270.0,-1.82,2816.0,540.0,393.1
GMFIL,8/9/2017,270.0,275.0,265.0,270.0,0.0,1730.0,540.0,393.1
GMFIL,8/10/2017,270.0,270.0,270.0,270.0,0.0,200.0,540.0,393.1
GMFIL,8/13/2017,270.0,270.0,265.0,270.0,0.0,2695.0,540.0,393.1
GMFIL,8/15/2017,270.0,274.0,274.0,274.0,1.48,40.0,540.0,393.1
GMFIL,8/16/2017,274.0,271.0,265.0,269.0,-1.82,1068.0,540.0,393.1
GMFIL,8/17/2017,269.0,265.0,265.0,265.0,-1.49,68.0,540.0,393.1
GMFIL,8/20/2017,265.0,262.0,257.0,261.0,-1.51,8640.0,540.0,393.1
GMFIL,8/21/2017,261.0,270.0,266.0,270.0,3.45,510.0,540.0,393.1
GMFIL,8/23/2017,270.0,275.0,275.0,275.0,1.85,50.0,540.0,393.1
GMFIL,8/24/2017,275.0,280.0,275.0,275.0,0.0,500.0,540.0,393.1
GMFIL,8/27/2017,275.0,272.0,270.0,272.0,-1.09,755.0,540.0,393.1
GMFIL,8/28/2017,272.0,272.0,267.0,267.0,-1.84,1007.0,540.0,393.1
GMFIL,8/30/2017,267.0,263.0,262.0,263.0,-1.5,522.0,540.0,393.1
GMFIL,9/4/2017,263.0,263.0,262.0,262.0,-0.38,282.0,540.0,393.1
GMFIL,9/6/2017,262.0,266.0,259.0,266.0,1.53,6349.0,540.0,393.1
GMFIL,9/10/2017,266.0,261.0,261.0,261.0,-1.88,200.0,540.0,393.1
GMFIL,9/11/2017,261.0,257.0,252.0,257.0,-1.53,336.0,540.0,393.1
GMFIL,9/12/2017,257.0,257.0,250.0,255.0,-0.78,3300.0,540.0,393.1
GMFIL,9/13/2017,255.0,257.0,256.0,257.0,0.78,88.0,540.0,393.1
GMFIL,9/14/2017,257.0,265.0,256.0,260.0,1.17,622.0,540.0,393.1
GMFIL,9/17/2017,260.0,264.0,254.0,264.0,1.54,5049.0,540.0,393.1
GMFIL,9/18/2017,264.0,260.0,250.0,255.0,-3.41,18318.0,540.0,393.1
GMFIL,9/20/2017,255.0,258.0,250.0,250.0,-1.96,300.0,540.0,393.1
GMFIL,9/24/2017,250.0,255.0,255.0,255.0,2.0,30.0,540.0,393.1
GMFIL,9/25/2017,255.0,270.0,260.0,260.0,1.96,200.0,540.0,393.1
GMFIL,9/26/2017,260.0,264.0,259.0,262.0,0.77,910.0,540.0,393.1
GMFIL,10/3/2017,262.0,270.0,262.0,270.0,3.05,421.0,540.0,393.1
GMFIL,10/4/2017,270.0,270.0,270.0,270.0,0.0,700.0,540.0,393.1
GMFIL,10/8/2017,270.0,265.0,260.0,260.0,-3.7,13141.0,540.0,393.1
GMFIL,10/9/2017,260.0,262.0,250.0,255.0,-1.92,3544.0,540.0,393.1
GMFIL,10/10/2017,255.0,251.0,250.0,251.0,-1.57,664.0,540.0,393.1
GMFIL,10/11/2017,251.0,256.0,246.0,250.0,-0.4,7624.0,540.0,393.1
GMFIL,10/12/2017,250.0,252.0,248.0,248.0,-0.8,10956.0,540.0,393.1
GMFIL,10/15/2017,206.0,210.0,195.0,195.0,-21.37,1570.0,540.0,393.1
GMFIL,10/16/2017,195.0,198.0,198.0,198.0,1.54,1000.0,540.0,393.1
GMFIL,10/17/2017,198.0,201.0,198.0,200.0,1.01,434.0,540.0,393.1
GMFIL,10/22/2017,200.0,204.0,204.0,204.0,2.0,100.0,540.0,393.1
GMFIL,10/23/2017,204.0,208.0,205.0,206.0,0.98,809.0,540.0,393.1
GMFIL,10/24/2017,206.0,210.0,202.0,210.0,1.94,820.0,540.0,393.1
GMFIL,10/25/2017,210.0,206.0,202.0,202.0,-3.81,500.0,540.0,393.1
GMFIL,10/30/2017,202.0,210.0,206.0,206.0,1.98,140.0,540.0,393.1
GMFIL,10/31/2017,206.0,202.0,198.0,200.0,-2.91,222.0,540.0,393.1
GMFIL,11/1/2017,200.0,196.0,195.0,195.0,-2.5,336.0,540.0,393.1
GMFIL,11/6/2017,195.0,198.0,198.0,198.0,1.54,35.0,540.0,393.1
GMFIL,11/7/2017,198.0,195.0,195.0,195.0,-1.52,10.0,540.0,393.1
GMFIL,11/8/2017,195.0,192.0,192.0,192.0,-1.54,500.0,540.0,393.1
GMFIL,11/9/2017,192.0,189.0,189.0,189.0,-1.56,200.0,540.0,393.1
GMFIL,11/12/2017,189.0,188.0,183.0,185.0,-2.12,5497.0,540.0,393.1
GMFIL,11/13/2017,185.0,191.0,188.0,191.0,3.24,400.0,540.0,393.1
GMFIL,11/14/2017,191.0,197.0,189.0,197.0,3.14,276.0,540.0,393.1
GMFIL,11/15/2017,197.0,198.0,195.0,198.0,0.51,719.0,540.0,393.1
GMFIL,11/16/2017,198.0,195.0,195.0,195.0,-1.52,200.0,540.0,393.1
GMFIL,11/19/2017,195.0,195.0,192.0,192.0,-1.54,120.0,540.0,393.1
GMFIL,11/20/2017,192.0,190.0,190.0,190.0,-1.04,151.0,540.0,393.1
GMFIL,11/21/2017,190.0,187.0,187.0,187.0,-1.58,500.0,540.0,393.1
GMFIL,11/23/2017,187.0,190.0,190.0,190.0,1.6,2000.0,540.0,393.1
GMFIL,11/26/2017,190.0,193.0,190.0,190.0,0.0,5428.0,540.0,393.1
GMFIL,11/27/2017,190.0,196.0,190.0,196.0,3.16,2078.0,540.0,393.1
GMFIL,11/28/2017,196.0,193.0,193.0,193.0,-1.53,500.0,540.0,393.1
GMFIL,11/29/2017,193.0,192.0,192.0,192.0,-0.52,2000.0,540.0,393.1
GMFIL,11/30/2017,192.0,195.0,195.0,195.0,1.56,10.0,540.0,393.1
GMFIL,12/4/2017,195.0,193.0,193.0,193.0,-1.03,100.0,540.0,393.1
GMFIL,12/5/2017,193.0,190.0,190.0,190.0,-1.55,135.0,540.0,393.1
GMFIL,12/6/2017,190.0,194.0,188.0,194.0,2.11,557.0,540.0,393.1
GMFIL,12/10/2017,194.0,193.0,193.0,193.0,-0.52,200.0,540.0,393.1
GMFIL,12/14/2017,193.0,190.0,190.0,190.0,-1.55,200.0,540.0,393.1
GMFIL,12/17/2017,190.0,189.0,183.0,183.0,-3.68,8110.0,540.0,393.1
GMFIL,12/19/2017,183.0,186.0,186.0,186.0,1.64,200.0,540.0,393.1
GMFIL,12/20/2017,186.0,184.0,184.0,184.0,-1.08,1000.0,540.0,393.1
GMFIL,12/21/2017,184.0,187.0,187.0,187.0,1.63,500.0,540.0,393.1
GMFIL,12/24/2017,187.0,193.0,190.0,190.0,1.6,860.0,540.0,393.1
GMFIL,12/26/2017,190.0,190.0,190.0,190.0,0.0,250.0,540.0,393.1
GMFIL,12/28/2017,190.0,193.0,192.0,192.0,1.05,327.0,540.0,393.1
GMFIL,12/31/2017,192.0,190.0,189.0,189.0,-1.56,720.0,540.0,393.1
GMFIL,1/1/2018,189.0,192.0,191.0,192.0,1.59,240.0,540.0,393.1
GMFIL,1/2/2018,192.0,195.0,192.0,195.0,1.56,105.0,540.0,393.1
GMFIL,1/3/2018,168.0,166.0,166.0,166.0,-14.87,20.0,540.0,393.1
GMFIL,1/7/2018,166.0,163.0,160.0,160.0,-3.61,200.0,540.0,393.1
GMFIL,1/8/2018,160.0,163.0,163.0,163.0,1.88,500.0,540.0,393.1
GMFIL,1/9/2018,163.0,166.0,165.0,165.0,1.23,571.0,540.0,393.1
GMFIL,1/10/2018,165.0,168.0,168.0,168.0,1.82,50.0,540.0,393.1
GMFIL,1/16/2018,168.0,168.0,165.0,165.0,-1.79,350.0,540.0,393.1
GMFIL,1/17/2018,165.0,162.0,162.0,162.0,-1.82,150.0,540.0,393.1
GMFIL,1/22/2018,162.0,164.0,161.0,161.0,-0.62,54.0,540.0,393.1
GMFIL,1/24/2018,161.0,158.0,156.0,156.0,-3.11,168.0,540.0,393.1
GMFIL,1/25/2018,156.0,155.0,151.0,151.0,-3.21,4524.0,540.0,393.1
GMFIL,1/28/2018,151.0,153.0,151.0,153.0,1.32,40.0,540.0,393.1
GMFIL,1/29/2018,153.0,150.0,150.0,150.0,-1.96,1500.0,540.0,393.1
GMFIL,1/31/2018,150.0,153.0,153.0,153.0,2.0,100.0,540.0,393.1
GMFIL,2/1/2018,153.0,156.0,156.0,156.0,1.96,20.0,540.0,393.1
GMFIL,2/5/2018,156.0,153.0,147.0,147.0,-5.77,1000.0,540.0,393.1
GMFIL,2/6/2018,147.0,146.0,146.0,146.0,-0.68,96.0,540.0,393.1
GMFIL,2/7/2018,146.0,155.0,148.0,155.0,6.16,610.0,540.0,393.1
GMFIL,2/8/2018,155.0,158.0,158.0,158.0,1.94,10.0,540.0,393.1
GMFIL,2/14/2018,158.0,155.0,155.0,155.0,-1.9,4000.0,540.0,393.1
GMFIL,2/15/2018,155.0,161.0,155.0,161.0,3.87,2550.0,540.0,393.1
GMFIL,2/18/2018,164.0,164.0,161.0,161.0,0.0,110.0,540.0,393.1
GMFIL,2/20/2018,163.0,164.0,161.0,161.0,0.0,400.0,540.0,393.1
GMFIL,2/27/2018,161.0,163.0,161.0,163.0,1.24,225.0,540.0,393.1
GMFIL,3/11/2018,160.0,160.0,160.0,160.0,-1.84,10.0,540.0,393.1
GMFIL,3/12/2018,157.0,157.0,157.0,157.0,-1.88,100.0,540.0,393.1
GMFIL,3/14/2018,155.0,155.0,154.0,154.0,-1.91,200.0,540.0,393.1
GMFIL,3/18/2018,151.0,151.0,151.0,151.0,-1.95,100.0,540.0,393.1
GMFIL,3/22/2018,154.0,154.0,154.0,154.0,1.99,20.0,540.0,393.1
GMFIL,3/28/2018,154.0,154.0,152.0,152.0,-1.3,40.0,540.0,393.1
GMFIL,3/29/2018,155.0,161.0,154.0,161.0,5.92,153.0,540.0,393.1
GMFIL,4/3/2018,163.0,163.0,157.0,157.0,-2.48,58.0,540.0,393.1
GMFIL,4/4/2018,154.0,154.0,154.0,154.0,-1.91,50.0,540.0,393.1
GMFIL,4/5/2018,151.0,151.0,146.0,146.0,-5.19,2134.0,540.0,393.1
GMFIL,4/8/2018,148.0,155.0,148.0,155.0,6.16,1020.0,540.0,393.1
GMFIL,4/9/2018,152.0,152.0,149.0,149.0,-3.87,225.0,540.0,393.1
GMFIL,4/10/2018,147.0,147.0,141.0,147.0,-1.34,7683.0,540.0,393.1
GMFIL,4/11/2018,149.0,147.0,145.0,145.0,-1.36,500.0,540.0,393.1
GMFIL,4/12/2018,145.0,145.0,143.0,143.0,-1.38,150.0,540.0,393.1
GMFIL,4/15/2018,142.0,142.0,141.0,141.0,-1.4,150.0,540.0,393.1
GMFIL,4/16/2018,141.0,149.0,141.0,149.0,5.67,4172.0,540.0,393.1
GMFIL,4/17/2018,151.0,154.0,151.0,151.0,1.34,1780.0,540.0,393.1
GMFIL,4/18/2018,154.0,157.0,154.0,157.0,3.97,3000.0,540.0,393.1
GMFIL,4/19/2018,157.0,157.0,154.0,156.0,-0.64,5691.0,540.0,393.1
GMFIL,4/22/2018,156.0,156.0,154.0,154.0,-1.28,140.0,540.0,393.1
GMFIL,4/23/2018,157.0,160.0,152.0,152.0,-1.3,6750.0,540.0,393.1
GMFIL,4/24/2018,155.0,155.0,152.0,152.0,0.0,120.0,540.0,393.1
GMFIL,4/25/2018,155.0,155.0,154.0,154.0,1.32,575.0,540.0,393.1
GMFIL,4/26/2018,152.0,154.0,152.0,152.0,-1.3,610.0,540.0,393.1
GMFIL,4/29/2018,150.0,150.0,150.0,150.0,-1.32,1206.0,540.0,393.1
GMFIL,5/2/2018,153.0,154.0,152.0,154.0,2.67,332.0,540.0,393.1
GMFIL,5/3/2018,154.0,154.0,154.0,154.0,0.0,400.0,540.0,393.1
GMFIL,5/7/2018,151.0,151.0,150.0,150.0,-2.6,361.0,540.0,393.1
GMFIL,5/8/2018,148.0,148.0,143.0,143.0,-4.67,1200.0,540.0,393.1
GMFIL,5/9/2018,142.0,147.0,142.0,147.0,2.8,1400.0,540.0,393.1
GMFIL,5/10/2018,149.0,151.0,149.0,151.0,2.72,700.0,540.0,393.1
GMFIL,5/14/2018,148.0,150.0,147.0,147.0,-2.65,625.0,540.0,393.1
GMFIL,5/21/2018,147.0,147.0,147.0,147.0,0.0,459.0,540.0,393.1
GMFIL,5/22/2018,145.0,145.0,145.0,145.0,-1.36,250.0,540.0,393.1
GMFIL,5/24/2018,143.0,143.0,142.0,142.0,-2.07,930.0,540.0,393.1
GMFIL,5/27/2018,140.0,140.0,140.0,140.0,-1.41,800.0,540.0,393.1
GMFIL,5/28/2018,142.0,142.0,142.0,142.0,1.43,20.0,540.0,393.1
GMFIL,6/4/2018,140.0,140.0,140.0,140.0,-1.41,236.0,540.0,393.1
GMFIL,6/7/2018,139.0,139.0,139.0,139.0,-0.71,280.0,540.0,393.1
GMFIL,6/10/2018,139.0,139.0,137.0,137.0,-1.44,3864.0,540.0,393.1
GMFIL,6/11/2018,135.0,135.0,135.0,135.0,-1.46,1000.0,540.0,393.1
GMFIL,6/12/2018,133.0,133.0,133.0,133.0,-1.48,49.0,540.0,393.1
GMFIL,6/13/2018,131.0,131.0,131.0,131.0,-1.5,44.0,540.0,393.1
GMFIL,6/24/2018,129.0,129.0,129.0,129.0,-1.53,361.0,540.0,393.1
GMFIL,6/25/2018,130.0,130.0,130.0,130.0,0.78,50.0,540.0,393.1
GMFIL,6/26/2018,128.0,128.0,125.0,125.0,-3.85,2071.0,540.0,393.1
GMFIL,6/27/2018,127.0,127.0,125.0,125.0,0.0,227.0,540.0,393.1
GMFIL,6/28/2018,127.0,127.0,126.0,126.0,0.8,250.0,540.0,393.1
GMFIL,7/1/2018,125.0,125.0,122.0,122.0,-3.17,2078.0,540.0,393.1
GMFIL,7/2/2018,124.0,128.0,124.0,128.0,4.92,140.0,540.0,393.1
GMFIL,7/5/2018,130.0,132.0,130.0,132.0,3.12,90.0,540.0,393.1
GMFIL,7/8/2018,130.0,130.0,130.0,130.0,-1.52,1000.0,540.0,393.1
GMFIL,7/9/2018,131.0,131.0,131.0,131.0,0.77,200.0,540.0,393.1
GMFIL,7/16/2018,129.0,129.0,129.0,129.0,-1.53,17.0,540.0,393.1
GMFIL,7/19/2018,127.0,128.0,127.0,128.0,-0.78,668.0,540.0,393.1
GMFIL,7/22/2018,128.0,130.0,128.0,130.0,1.56,250.0,540.0,393.1
GMFIL,7/24/2018,132.0,132.0,132.0,132.0,1.54,100.0,540.0,393.1
GMFIL,7/25/2018,130.0,130.0,130.0,130.0,-1.52,500.0,540.0,393.1
GMFIL,7/30/2018,132.0,132.0,132.0,132.0,1.54,200.0,540.0,393.1
GMFIL,7/31/2018,130.0,130.0,130.0,130.0,-1.52,500.0,540.0,393.1
GMFIL,8/1/2018,131.0,131.0,129.0,129.0,-0.77,400.0,540.0,393.1
GMFIL,8/15/2018,131.0,135.0,130.0,135.0,4.65,1090.0,540.0,393.1
GMFIL,8/16/2018,136.0,136.0,134.0,134.0,-0.74,30.0,540.0,393.1
GMFIL,8/21/2018,136.0,136.0,136.0,136.0,1.49,12.0,540.0,393.1
GMFIL,8/29/2018,135.0,135.0,135.0,135.0,-0.74,200.0,540.0,393.1
GMFIL,8/30/2018,133.0,133.0,133.0,133.0,-1.48,200.0,540.0,393.1
GMFIL,9/3/2018,135.0,135.0,135.0,135.0,1.5,100.0,540.0,393.1
GMFIL,9/4/2018,135.0,135.0,131.0,133.0,-1.48,2210.0,540.0,393.1
GMFIL,9/5/2018,131.0,133.0,129.0,129.0,-3.01,881.0,540.0,393.1
GMFIL,9/6/2018,131.0,133.0,130.0,130.0,0.78,3378.0,540.0,393.1
GMFIL,9/9/2018,130.0,130.0,130.0,130.0,0.0,50.0,540.0,393.1
GMFIL,9/10/2018,129.0,131.0,129.0,131.0,0.77,923.0,540.0,393.1
GMFIL,9/11/2018,129.0,129.0,127.0,127.0,-3.05,1430.0,540.0,393.1
GMFIL,9/12/2018,129.0,129.0,127.0,127.0,0.0,115.0,540.0,393.1
GMFIL,9/13/2018,125.0,125.0,125.0,125.0,-1.57,71.0,540.0,393.1
GMFIL,9/16/2018,127.0,129.0,127.0,129.0,3.2,1020.0,540.0,393.1
GMFIL,9/18/2018,127.0,128.0,125.0,126.0,-2.33,7207.0,540.0,393.1
GMFIL,9/20/2018,125.0,125.0,124.0,124.0,-1.59,2096.0,540.0,393.1
GMFIL,9/25/2018,126.0,130.0,126.0,130.0,4.84,350.0,540.0,393.1
GMFIL,9/26/2018,132.0,132.0,130.0,130.0,0.0,1500.0,540.0,393.1
GMFIL,10/11/2018,128.0,128.0,128.0,128.0,-1.54,140.0,540.0,393.1
GMFIL,10/24/2018,128.0,128.0,126.0,126.0,-1.56,436.0,540.0,393.1
GMFIL,10/28/2018,124.0,124.0,120.0,120.0,-4.76,280.0,540.0,393.1
GMFIL,11/12/2018,118.0,120.0,118.0,118.0,-1.67,390.0,540.0,393.1
GMFIL,11/13/2018,117.0,118.0,116.0,116.0,-1.69,480.0,540.0,393.1
GMFIL,11/15/2018,118.0,120.0,118.0,120.0,3.45,3066.0,540.0,393.1
GMFIL,11/19/2018,122.0,124.0,120.0,124.0,3.33,4421.0,540.0,393.1
GMFIL,11/21/2018,124.0,124.0,123.0,123.0,-0.81,65.0,540.0,393.1
GMFIL,11/22/2018,123.0,123.0,123.0,123.0,0.0,200.0,540.0,393.1
GMFIL,11/25/2018,121.0,121.0,119.0,119.0,-3.25,1500.0,540.0,393.1
GMFIL,11/26/2018,117.0,118.0,116.0,116.0,-2.52,1710.0,540.0,393.1
GMFIL,11/27/2018,114.0,114.0,114.0,114.0,-1.72,5061.0,540.0,393.1
GMFIL,11/29/2018,116.0,116.0,116.0,116.0,1.75,971.0,540.0,393.1
GMFIL,12/9/2018,116.0,116.0,116.0,116.0,0.0,50.0,540.0,393.1
GMFIL,12/10/2018,116.0,118.0,116.0,118.0,1.72,73.0,540.0,393.1
GMFIL,12/11/2018,120.0,128.0,120.0,128.0,8.47,110.0,540.0,393.1
GMFIL,12/13/2018,126.0,126.0,126.0,126.0,-1.56,100.0,540.0,393.1
GMFIL,12/16/2018,127.0,127.0,127.0,127.0,0.79,1000.0,540.0,393.1
GMFIL,12/17/2018,129.0,129.0,128.0,128.0,0.79,30.0,540.0,393.1
GMFIL,12/26/2018,130.0,130.0,130.0,130.0,1.56,10.0,540.0,393.1
GMFIL,12/27/2018,132.0,132.0,132.0,132.0,1.54,100.0,540.0,393.1
GMFIL,1/7/2019,130.0,130.0,130.0,130.0,-1.52,10.0,540.0,393.1
GMFIL,1/10/2019,130.0,130.0,130.0,130.0,0.0,90.0,540.0,393.1
GMFIL,1/13/2019,132.0,132.0,130.0,130.0,0.0,40.0,540.0,393.1
GMFIL,1/22/2019,128.0,128.0,128.0,128.0,-1.54,350.0,540.0,393.1
GMFIL,2/11/2019,126.0,126.0,126.0,126.0,-1.56,2994.0,540.0,393.1
GMFIL,2/13/2019,127.0,128.0,127.0,128.0,1.59,30.0,540.0,393.1
GMFIL,2/19/2019,130.0,130.0,130.0,130.0,1.56,20.0,540.0,393.1
GMFIL,2/27/2019,128.0,128.0,128.0,128.0,-1.54,81.0,540.0,393.1
GMFIL,3/12/2019,128.0,128.0,128.0,128.0,0.0,10.0,540.0,393.1
GMFIL,3/13/2019,130.0,130.0,130.0,130.0,1.56,17.0,540.0,393.1
GMFIL,4/1/2019,130.0,130.0,130.0,130.0,0.0,408.0,540.0,393.1
GMFIL,4/15/2019,130.0,130.0,130.0,130.0,0.0,100.0,540.0,393.1
GMFIL,4/17/2019,128.0,128.0,128.0,128.0,-1.54,20.0,540.0,393.1
GMFIL,4/25/2019,128.0,128.0,122.0,123.0,-3.91,5820.0,540.0,393.1
GMFIL,4/28/2019,125.0,127.0,125.0,126.0,2.44,4699.0,540.0,393.1
GMFIL,4/29/2019,128.0,128.0,128.0,128.0,1.59,114.0,540.0,393.1
GMFIL,4/30/2019,128.0,130.0,126.0,130.0,1.56,1020.0,540.0,393.1
GMFIL,5/2/2019,130.0,132.0,130.0,132.0,1.54,587.0,540.0,393.1
GMFIL,5/5/2019,134.0,134.0,132.0,132.0,0.0,327.0,540.0,393.1
GMFIL,5/14/2019,131.0,131.0,130.0,130.0,-1.52,250.0,540.0,393.1
GMFIL,5/19/2019,128.0,128.0,125.0,126.0,-3.08,527.0,540.0,393.1
GMFIL,5/20/2019,125.0,126.0,123.0,124.0,-1.59,4559.0,540.0,393.1
GMFIL,5/21/2019,126.0,130.0,126.0,126.0,1.61,950.0,540.0,393.1
GMFIL,5/22/2019,124.0,129.0,124.0,129.0,2.38,525.0,540.0,393.1
GMFIL,5/23/2019,131.0,131.0,127.0,127.0,-1.55,1500.0,540.0,393.1
GMFIL,5/27/2019,126.0,126.0,125.0,125.0,-1.57,487.0,540.0,393.1
GMFIL,5/28/2019,123.0,123.0,123.0,123.0,-1.6,26.0,540.0,393.1
GMFIL,5/29/2019,125.0,128.0,125.0,128.0,4.07,1263.0,540.0,393.1
GMFIL,5/30/2019,126.0,132.0,126.0,132.0,3.12,1191.0,540.0,393.1
GMFIL,6/2/2019,130.0,130.0,126.0,126.0,-4.55,20310.0,540.0,393.1
GMFIL,6/3/2019,128.0,128.0,125.0,127.0,0.79,1152.0,540.0,393.1
GMFIL,6/4/2019,126.0,133.0,121.0,133.0,4.72,23079.0,540.0,393.1
GMFIL,6/6/2019,133.0,133.0,129.0,132.0,-0.75,2502.0,540.0,393.1
GMFIL,6/10/2019,134.0,134.0,134.0,134.0,1.52,100.0,540.0,393.1
GMFIL,6/11/2019,132.0,132.0,128.0,128.0,-4.48,3350.0,540.0,393.1
GMFIL,6/12/2019,126.0,126.0,124.0,124.0,-3.12,10947.0,540.0,393.1
GMFIL,6/13/2019,126.0,128.0,125.0,125.0,0.81,511.0,540.0,393.1
GMFIL,6/16/2019,124.0,124.0,122.0,122.0,-2.4,1804.0,540.0,393.1
GMFIL,6/18/2019,124.0,125.0,124.0,125.0,2.46,439.0,540.0,393.1
GMFIL,6/19/2019,123.0,123.0,123.0,123.0,-1.6,81.0,540.0,393.1
GMFIL,6/20/2019,125.0,127.0,125.0,127.0,3.25,1995.0,540.0,393.1
GMFIL,7/1/2019,125.0,125.0,124.0,124.0,-2.36,324.0,540.0,393.1
GMFIL,7/2/2019,123.0,123.0,123.0,123.0,-0.81,300.0,540.0,393.1
GMFIL,7/3/2019,125.0,127.0,125.0,127.0,3.25,150.0,540.0,393.1
GMFIL,7/4/2019,125.0,125.0,125.0,125.0,-1.57,10.0,540.0,393.1
GMFIL,7/7/2019,124.0,124.0,124.0,124.0,-0.8,126.0,540.0,393.1
GMFIL,7/8/2019,123.0,126.0,123.0,126.0,1.61,642.0,540.0,393.1
GMFIL,7/9/2019,125.0,127.0,124.0,127.0,0.79,18124.0,540.0,393.1
GMFIL,7/10/2019,126.0,126.0,125.0,125.0,-1.57,273.0,540.0,393.1
GMFIL,7/11/2019,124.0,127.0,123.0,127.0,1.6,16405.0,540.0,393.1
GMFIL,7/14/2019,125.0,125.0,125.0,125.0,-1.57,21.0,540.0,393.1
GMFIL,7/16/2019,131.0,131.0,131.0,131.0,4.8,10.0,540.0,393.1
GMFIL,7/17/2019,129.0,129.0,129.0,129.0,-1.53,50.0,540.0,393.1
GMFIL,7/18/2019,131.0,131.0,131.0,131.0,1.55,250.0,540.0,393.1
GMFIL,7/22/2019,129.0,129.0,128.0,128.0,-2.29,520.0,540.0,393.1
GMFIL,7/23/2019,128.0,128.0,128.0,128.0,0.0,50.0,540.0,393.1
GMFIL,7/25/2019,128.0,129.0,128.0,129.0,0.78,750.0,540.0,393.1
GMFIL,7/29/2019,129.0,129.0,129.0,129.0,0.0,80.0,540.0,393.1
GMFIL,7/30/2019,127.0,127.0,125.0,125.0,-3.1,364.0,540.0,393.1
GMFIL,7/31/2019,127.0,129.0,127.0,129.0,3.2,620.0,540.0,393.1
GMFIL,8/1/2019,127.0,127.0,123.0,125.0,-3.1,2005.0,540.0,393.1
GMFIL,8/4/2019,127.0,130.0,127.0,130.0,4.0,394.0,540.0,393.1
GMFIL,8/5/2019,132.0,132.0,131.0,131.0,0.77,70.0,540.0,393.1
GMFIL,8/6/2019,130.0,130.0,130.0,130.0,-0.76,60.0,540.0,393.1
GMFIL,8/11/2019,128.0,128.0,128.0,128.0,-1.54,50.0,540.0,393.1
GMFIL,8/12/2019,126.0,126.0,124.0,124.0,-3.12,970.0,540.0,393.1
GMFIL,8/14/2019,123.0,124.0,121.0,121.0,-2.42,3131.0,540.0,393.1
GMFIL,8/15/2019,119.0,119.0,119.0,119.0,-1.65,500.0,540.0,393.1
GMFIL,8/19/2019,117.0,118.0,116.0,116.0,-2.52,2973.0,540.0,393.1
GMFIL,8/20/2019,115.0,119.0,115.0,119.0,2.59,536.0,540.0,393.1
GMFIL,8/22/2019,121.0,121.0,121.0,121.0,1.68,100.0,540.0,393.1
GMFIL,9/2/2019,119.0,119.0,119.0,119.0,-1.65,190.0,540.0,393.1
GMFIL,9/3/2019,117.0,119.0,117.0,119.0,0.0,110.0,540.0,393.1
GMFIL,9/4/2019,120.0,120.0,120.0,120.0,0.84,70.0,540.0,393.1
GMFIL,9/5/2019,118.0,118.0,118.0,118.0,-1.67,140.0,540.0,393.1
GMFIL,9/8/2019,116.0,116.0,116.0,116.0,-1.69,44.0,540.0,393.1
GMFIL,9/9/2019,116.0,117.0,115.0,117.0,0.86,1620.0,540.0,393.1
GMFIL,9/10/2019,115.0,115.0,115.0,115.0,-1.71,10.0,540.0,393.1
GMFIL,9/11/2019,117.0,119.0,117.0,119.0,3.48,1010.0,540.0,393.1
GMFIL,9/12/2019,121.0,121.0,119.0,119.0,0.0,210.0,540.0,393.1
GMFIL,9/15/2019,117.0,117.0,117.0,117.0,-1.68,100.0,540.0,393.1
GMFIL,9/17/2019,119.0,119.0,119.0,119.0,1.71,20.0,540.0,393.1
GMFIL,9/18/2019,118.0,118.0,117.0,117.0,-1.68,316.0,540.0,393.1
GMFIL,9/22/2019,115.0,115.0,115.0,115.0,-1.71,100.0,540.0,393.1
GMFIL,9/23/2019,113.0,115.0,113.0,115.0,0.0,287.0,540.0,393.1
GMFIL,9/24/2019,114.0,116.0,114.0,116.0,0.87,600.0,540.0,393.1
GMFIL,9/25/2019,116.0,116.0,116.0,116.0,0.0,360.0,540.0,393.1
GMFIL,9/30/2019,116.0,116.0,116.0,116.0,0.0,163.0,540.0,393.1
GMFIL,10/15/2019,114.0,114.0,114.0,114.0,-1.72,10.0,540.0,393.1
GMFIL,10/16/2019,112.0,112.0,112.0,112.0,-1.75,10.0,540.0,393.1
GMFIL,10/17/2019,112.0,115.0,112.0,115.0,2.68,612.0,540.0,393.1
GMFIL,10/20/2019,117.0,117.0,117.0,117.0,1.74,120.0,540.0,393.1
GMFIL,10/22/2019,115.0,115.0,114.0,114.0,-2.56,783.0,540.0,393.1
GMFIL,10/24/2019,116.0,119.0,116.0,118.0,3.51,262.0,540.0,393.1
GMFIL,10/31/2019,116.0,116.0,116.0,116.0,-1.69,100.0,540.0,393.1
GMFIL,11/3/2019,115.0,115.0,113.0,113.0,-2.59,800.0,540.0,393.1
GMFIL,11/4/2019,115.0,115.0,115.0,115.0,1.77,262.0,540.0,393.1
GMFIL,11/5/2019,113.0,113.0,113.0,113.0,-1.74,300.0,540.0,393.1
GMFIL,11/6/2019,115.0,115.0,115.0,115.0,1.77,36.0,540.0,393.1
GMFIL,11/10/2019,116.0,116.0,115.0,115.0,0.0,31.0,540.0,393.1
GMFIL,11/12/2019,115.0,116.0,114.0,114.0,-0.87,637.0,540.0,393.1
GMFIL,11/17/2019,115.0,115.0,114.0,115.0,0.88,126.0,540.0,393.1
GMFIL,11/18/2019,117.0,117.0,115.0,115.0,0.0,450.0,540.0,393.1
GMFIL,11/19/2019,116.0,116.0,114.0,114.0,-0.87,1000.0,540.0,393.1
GMFIL,11/21/2019,114.0,114.0,114.0,114.0,0.0,243.0,540.0,393.1
GMFIL,11/24/2019,112.0,112.0,112.0,112.0,-1.75,510.0,540.0,393.1
GMFIL,11/25/2019,111.0,114.0,111.0,114.0,1.79,111.0,540.0,393.1
GMFIL,11/26/2019,112.0,112.0,112.0,112.0,-1.75,144.0,540.0,393.1
GMFIL,11/27/2019,113.0,113.0,113.0,113.0,0.89,227.0,540.0,393.1
GMFIL,12/1/2019,113.0,113.0,112.0,112.0,-0.88,810.0,540.0,393.1
GMFIL,12/3/2019,112.0,112.0,112.0,112.0,0.0,5000.0,540.0,393.1
GMFIL,12/4/2019,112.0,112.0,112.0,112.0,0.0,4050.0,540.0,393.1
GMFIL,12/5/2019,112.0,112.0,112.0,112.0,0.0,1210.0,540.0,393.1
GMFIL,12/8/2019,112.0,112.0,112.0,112.0,0.0,415.0,540.0,393.1
GMFIL,12/9/2019,113.0,113.0,111.0,113.0,0.89,2750.0,540.0,393.1
GMFIL,12/10/2019,112.0,114.0,112.0,114.0,0.88,350.0,540.0,393.1
GMFIL,12/11/2019,116.0,116.0,116.0,116.0,1.75,20.0,540.0,393.1
GMFIL,12/12/2019,114.0,114.0,112.0,112.0,-3.45,20.0,540.0,393.1
GMFIL,12/15/2019,114.0,116.0,114.0,116.0,3.57,100.0,540.0,393.1
GMFIL,12/17/2019,114.0,114.0,114.0,114.0,-1.72,170.0,540.0,393.1
GMFIL,12/18/2019,116.0,116.0,114.0,114.0,0.0,250.0,540.0,393.1
GMFIL,12/19/2019,115.0,115.0,115.0,115.0,0.88,200.0,540.0,393.1
GMFIL,12/23/2019,117.0,119.0,117.0,117.0,1.74,264.0,540.0,393.1
GMFIL,12/24/2019,116.0,116.0,115.0,115.0,-1.71,120.0,540.0,393.1
GMFIL,12/25/2019,115.0,119.0,115.0,116.0,0.87,620.0,540.0,393.1
GMFIL,12/26/2019,118.0,118.0,118.0,118.0,1.72,10.0,540.0,393.1
GMFIL,12/29/2019,120.0,120.0,120.0,120.0,1.69,10.0,540.0,393.1
GMFIL,12/30/2019,120.0,122.0,120.0,122.0,1.67,680.0,540.0,393.1
GMFIL,12/31/2019,120.0,122.0,120.0,122.0,0.0,5120.0,540.0,393.1
GMFIL,1/1/2020,124.0,126.0,124.0,124.0,1.64,80.0,540.0,393.1
GMFIL,1/2/2020,122.0,122.0,120.0,120.0,-3.23,400.0,540.0,393.1
GMFIL,1/6/2020,119.0,121.0,117.0,117.0,-2.5,16134.0,540.0,393.1
GMFIL,1/7/2020,115.0,116.0,115.0,116.0,-0.85,872.0,540.0,393.1
GMFIL,1/8/2020,116.0,118.0,115.0,118.0,1.72,5345.0,540.0,393.1
GMFIL,1/9/2020,120.0,120.0,119.0,120.0,1.69,4976.0,540.0,393.1
GMFIL,1/12/2020,122.0,122.0,120.0,121.0,0.83,3000.0,540.0,393.1
GMFIL,1/13/2020,123.0,130.0,121.0,130.0,7.44,2175.0,540.0,393.1
GMFIL,1/14/2020,128.0,132.0,124.0,132.0,1.54,11550.0,540.0,393.1
GMFIL,1/15/2020,134.0,136.0,132.0,135.0,2.27,6381.0,540.0,393.1
GMFIL,1/16/2020,137.0,143.0,137.0,141.0,4.44,9658.0,540.0,393.1
GMFIL,1/19/2020,143.0,155.0,139.0,155.0,9.93,13140.0,540.0,393.1
GMFIL,1/20/2020,152.0,152.0,145.0,145.0,-6.45,750.0,540.0,393.1
GMFIL,1/21/2020,143.0,143.0,143.0,143.0,-1.38,600.0,540.0,393.1
GMFIL,1/22/2020,145.0,145.0,143.0,143.0,0.0,200010.0,540.0,393.1
GMFIL,1/23/2020,142.0,142.0,135.0,139.0,-2.8,11100.0,540.0,393.1
GMFIL,1/26/2020,141.0,141.0,139.0,139.0,0.0,30.0,540.0,393.1
GMFIL,1/27/2020,141.0,141.0,137.0,138.0,-0.72,1380.0,540.0,393.1
GMFIL,1/28/2020,140.0,140.0,128.0,132.0,-4.35,8172.0,540.0,393.1
GMFIL,1/29/2020,134.0,137.0,134.0,137.0,3.79,140.0,540.0,393.1
GMFIL,1/30/2020,139.0,139.0,139.0,139.0,1.46,10.0,540.0,393.1
GMFIL,2/2/2020,141.0,141.0,132.0,132.0,-5.04,225523.0,540.0,393.1
GMFIL,2/3/2020,131.0,134.0,128.0,132.0,0.0,9312.0,540.0,393.1
GMFIL,2/4/2020,130.0,135.0,130.0,131.0,-0.76,11386.0,540.0,393.1
GMFIL,2/5/2020,133.0,136.0,133.0,136.0,3.82,3891.0,540.0,393.1
GMFIL,2/6/2020,135.0,135.0,135.0,135.0,-0.74,240.0,540.0,393.1
GMFIL,2/9/2020,137.0,137.0,129.0,131.0,-2.96,1040.0,540.0,393.1
GMFIL,2/10/2020,130.0,131.0,129.0,131.0,0.0,1500.0,540.0,393.1
GMFIL,2/11/2020,133.0,135.0,130.0,130.0,-0.76,2911.0,540.0,393.1
GMFIL,2/12/2020,132.0,136.0,132.0,134.0,3.08,1481.0,540.0,393.1
GMFIL,2/13/2020,136.0,140.0,136.0,140.0,4.48,2010.0,540.0,393.1
GMFIL,2/16/2020,138.0,138.0,133.0,135.0,-3.57,1930.0,540.0,393.1
GMFIL,2/17/2020,136.0,137.0,132.0,136.0,0.74,4056.0,540.0,393.1
GMFIL,2/18/2020,138.0,140.0,131.0,131.0,-3.68,5722.0,540.0,393.1
GMFIL,2/19/2020,132.0,135.0,130.0,135.0,3.05,2526.0,540.0,393.1
GMFIL,2/20/2020,134.0,135.0,132.0,135.0,0.0,2778.0,540.0,393.1
GMFIL,2/23/2020,137.0,146.0,137.0,146.0,8.15,6048.0,540.0,393.1
GMFIL,2/24/2020,148.0,149.0,135.0,135.0,-7.53,10899.0,540.0,393.1
GMFIL,2/25/2020,135.0,140.0,135.0,140.0,3.7,720.0,540.0,393.1
GMFIL,2/26/2020,140.0,150.0,140.0,140.0,0.0,23978.0,540.0,393.1
GMFIL,2/27/2020,140.0,142.0,135.0,140.0,0.0,18223.0,540.0,393.1
GMFIL,3/1/2020,142.0,142.0,137.0,140.0,0.0,19983.0,540.0,393.1
GMFIL,3/2/2020,138.0,139.0,134.0,139.0,-0.71,6152.0,540.0,393.1
GMFIL,3/3/2020,141.0,141.0,138.0,140.0,0.72,1580.0,540.0,393.1
GMFIL,3/4/2020,138.0,139.0,136.0,139.0,-0.71,4665.0,540.0,393.1
GMFIL,3/5/2020,141.0,141.0,136.0,139.0,0.0,3240.0,540.0,393.1
GMFIL,3/10/2020,137.0,139.0,137.0,139.0,0.0,254.0,540.0,393.1
GMFIL,3/11/2020,141.0,143.0,137.0,143.0,2.88,3471.0,540.0,393.1
GMFIL,3/12/2020,141.0,141.0,135.0,135.0,-5.59,3485.0,540.0,393.1
GMFIL,3/15/2020,133.0,134.0,131.0,134.0,-0.74,2550.0,540.0,393.1
GMFIL,3/16/2020,132.0,132.0,130.0,132.0,-1.49,3296.0,540.0,393.1
GMFIL,3/17/2020,132.0,132.0,122.0,124.0,-6.06,2525.0,540.0,393.1
GMFIL,3/18/2020,122.0,124.0,120.0,124.0,0.0,1865.0,540.0,393.1
GMFIL,3/19/2020,122.0,128.0,118.0,128.0,3.23,14262.0,540.0,393.1
GMFIL,3/22/2020,126.0,126.0,116.0,116.0,-9.38,60.0,540.0,393.1
GMFIL,5/12/2020,114.0,114.0,114.0,114.0,-1.72,10.0,540.0,393.1
GMFIL,6/29/2020,112.0,112.0,112.0,112.0,-1.75,440.0,540.0,393.1
GMFIL,7/1/2020,110.0,110.0,110.0,110.0,-1.79,50.0,540.0,393.1
GMFIL,7/2/2020,111.0,111.0,111.0,111.0,0.91,715.0,540.0,393.1
GMFIL,7/5/2020,111.0,111.0,111.0,111.0,0.0,810.0,540.0,393.1
GMFIL,7/6/2020,112.0,113.0,112.0,113.0,1.8,1200.0,540.0,393.1
GMFIL,7/7/2020,115.0,124.0,115.0,124.0,9.73,365.0,540.0,393.1
GMFIL,7/9/2020,126.0,134.0,126.0,133.0,7.26,4360.0,540.0,393.1
GMFIL,7/12/2020,131.0,131.0,126.0,127.0,-4.51,307.0,540.0,393.1
GMFIL,7/13/2020,125.0,125.0,125.0,125.0,-1.57,162.0,540.0,393.1
GMFIL,7/14/2020,124.0,125.0,121.0,125.0,0.0,5404.0,540.0,393.1
GMFIL,7/15/2020,127.0,127.0,123.0,123.0,-1.6,2812.0,540.0,393.1
GMFIL,7/16/2020,125.0,128.0,125.0,128.0,4.07,1229.0,540.0,393.1
GMFIL,7/20/2020,128.0,128.0,127.0,127.0,-0.78,800.0,540.0,393.1
GMFIL,7/21/2020,125.0,126.0,123.0,123.0,-3.15,490.0,540.0,393.1
GMFIL,7/22/2020,121.0,125.0,121.0,123.0,0.0,3257.0,540.0,393.1
GMFIL,7/23/2020,121.0,125.0,121.0,122.0,-0.81,742.0,540.0,393.1
GMFIL,7/26/2020,124.0,127.0,124.0,125.0,2.46,881.0,540.0,393.1
GMFIL,7/27/2020,123.0,123.0,121.0,122.0,-2.4,3227.0,540.0,393.1
GMFIL,7/28/2020,120.0,126.0,120.0,126.0,3.28,40.0,540.0,393.1
GMFIL,7/29/2020,128.0,130.0,124.0,124.0,-1.59,390.0,540.0,393.1
GMFIL,7/30/2020,124.0,125.0,122.0,125.0,0.81,2129.0,540.0,393.1
GMFIL,8/2/2020,123.0,124.0,121.0,124.0,-0.8,1117.0,540.0,393.1
GMFIL,8/3/2020,122.0,124.0,122.0,124.0,0.0,757.0,540.0,393.1
GMFIL,8/5/2020,122.0,122.0,120.0,122.0,-1.61,467.0,540.0,393.1
GMFIL,8/6/2020,122.0,122.0,120.0,120.0,-1.64,162.0,540.0,393.1
GMFIL,8/9/2020,120.0,128.0,120.0,124.0,3.33,276.0,540.0,393.1
GMFIL,8/10/2020,126.0,126.0,122.0,122.0,-1.61,50.0,540.0,393.1
GMFIL,8/11/2020,124.0,128.0,123.0,128.0,4.92,3810.0,540.0,393.1
GMFIL,8/12/2020,126.0,126.0,123.0,123.0,-3.91,5850.0,540.0,393.1
GMFIL,8/13/2020,121.0,123.0,121.0,122.0,-0.81,2764.0,540.0,393.1
GMFIL,8/16/2020,124.0,128.0,124.0,124.0,1.64,750.0,540.0,393.1
GMFIL,8/17/2020,123.0,125.0,121.0,124.0,0.0,8297.0,540.0,393.1
GMFIL,8/18/2020,122.0,122.0,122.0,122.0,-1.61,10.0,540.0,393.1
GMFIL,8/19/2020,121.0,123.0,121.0,123.0,0.82,1326.0,540.0,393.1
GMFIL,8/20/2020,121.0,125.0,119.0,125.0,1.63,1486.0,540.0,393.1
GMFIL,8/23/2020,123.0,123.0,121.0,123.0,-1.6,1534.0,540.0,393.1
GMFIL,8/24/2020,122.0,122.0,121.0,122.0,-0.81,1500.0,540.0,393.1
GMFIL,8/25/2020,124.0,127.0,124.0,127.0,4.1,940.0,540.0,393.1
GMFIL,8/26/2020,128.0,128.0,122.0,122.0,-3.94,6260.0,540.0,393.1
GMFIL,8/27/2020,124.0,124.0,121.0,123.0,0.82,4182.0,540.0,393.1
GMFIL,8/30/2020,124.0,126.0,124.0,126.0,2.44,46.0,540.0,393.1
GMFIL,8/31/2020,128.0,128.0,123.0,123.0,-2.38,4330.0,540.0,393.1
GMFIL,9/2/2020,123.0,129.0,123.0,129.0,4.88,5813.0,540.0,393.1
GMFIL,9/3/2020,135.0,135.0,127.0,129.0,0.0,757.0,540.0,393.1
GMFIL,9/6/2020,135.0,135.0,127.0,129.0,0.0,6154.0,540.0,393.1
GMFIL,9/7/2020,127.0,127.0,125.0,126.0,-2.33,1870.0,540.0,393.1
GMFIL,9/8/2020,125.0,128.0,125.0,128.0,1.59,2921.0,540.0,393.1
GMFIL,9/9/2020,128.0,130.0,128.0,128.0,0.0,811.0,540.0,393.1
GMFIL,9/10/2020,122.0,131.0,122.0,130.0,1.56,663.0,540.0,393.1
GMFIL,9/13/2020,132.0,132.0,130.0,130.0,0.0,128.0,540.0,393.1
GMFIL,9/14/2020,132.0,132.0,126.0,129.0,-0.77,384.0,540.0,393.1
GMFIL,9/15/2020,135.0,135.0,125.0,130.0,0.78,1975.0,540.0,393.1
GMFIL,9/16/2020,130.0,134.0,128.0,132.0,1.54,4945.0,540.0,393.1
GMFIL,9/17/2020,134.0,145.0,132.0,145.0,9.85,47279.0,540.0,393.1
GMFIL,9/20/2020,152.0,159.0,152.0,158.0,8.97,66367.0,540.0,393.1
GMFIL,9/21/2020,161.0,168.0,149.0,159.0,0.63,52486.0,540.0,393.1
GMFIL,9/22/2020,160.0,160.0,153.0,154.0,-3.14,24648.0,540.0,393.1
GMFIL,9/23/2020,152.0,154.0,145.0,154.0,0.0,20438.0,540.0,393.1
GMFIL,9/24/2020,152.0,165.0,151.0,159.0,3.25,19506.0,540.0,393.1
GMFIL,9/27/2020,158.0,171.0,158.0,165.0,3.77,18362.0,540.0,393.1
GMFIL,9/28/2020,168.0,172.0,164.0,169.0,2.42,19625.0,540.0,393.1
GMFIL,9/29/2020,169.0,170.0,163.0,165.0,-2.37,12259.0,540.0,393.1
GMFIL,9/30/2020,165.0,166.0,159.0,163.0,-1.21,18351.0,540.0,393.1
GMFIL,10/1/2020,165.0,166.0,159.0,163.0,0.0,11386.0,540.0,393.1
GMFIL,10/4/2020,171.0,171.0,163.0,166.0,1.84,17108.0,540.0,393.1
GMFIL,10/5/2020,163.0,164.0,162.0,164.0,-1.2,13588.0,540.0,393.1
GMFIL,10/6/2020,164.0,167.0,164.0,164.0,0.0,12680.0,540.0,393.1
GMFIL,10/7/2020,167.0,176.0,163.0,170.0,3.66,25349.0,540.0,393.1
GMFIL,10/8/2020,173.0,187.0,173.0,185.0,8.82,43582.0,540.0,393.1
GMFIL,10/11/2020,188.0,195.0,178.0,187.0,1.08,42335.0,540.0,393.1
GMFIL,10/12/2020,187.0,187.0,176.0,178.0,-4.81,23517.0,540.0,393.1
GMFIL,10/13/2020,176.0,184.0,175.0,180.0,1.12,15034.0,540.0,393.1
GMFIL,10/14/2020,187.0,187.0,175.0,177.0,-1.67,3592.0,540.0,393.1
GMFIL,10/15/2020,176.0,177.0,169.0,175.0,-1.13,8567.0,540.0,393.1
GMFIL,10/18/2020,172.0,172.0,169.0,169.0,-3.43,4830.0,540.0,393.1
GMFIL,10/19/2020,172.0,174.0,172.0,173.0,2.37,1952.0,540.0,393.1
GMFIL,10/20/2020,176.0,176.0,171.0,173.0,0.0,10609.0,540.0,393.1
GMFIL,10/21/2020,176.0,179.0,173.0,177.0,2.31,9162.0,540.0,393.1
GMFIL,10/22/2020,178.0,187.0,176.0,182.0,2.82,35106.0,540.0,393.1
GMFIL,10/28/2020,191.0,191.0,182.0,188.0,3.3,19038.0,540.0,393.1
GMFIL,10/29/2020,197.0,197.0,183.0,185.0,-1.6,13195.0,540.0,393.1
GMFIL,11/1/2020,194.0,194.0,180.0,183.0,-1.08,15345.0,540.0,393.1
GMFIL,11/2/2020,185.0,190.0,181.0,185.0,1.09,17980.0,540.0,393.1
GMFIL,11/3/2020,188.0,188.0,184.0,185.0,0.0,1715.0,540.0,393.1
GMFIL,11/4/2020,188.0,191.0,180.0,184.0,-0.54,4280.0,540.0,393.1
GMFIL,11/5/2020,193.0,193.0,180.0,182.0,-1.09,15651.0,540.0,393.1
GMFIL,11/8/2020,185.0,185.0,181.0,183.0,0.55,5934.0,540.0,393.1
GMFIL,11/9/2020,192.0,192.0,179.0,183.0,0.0,6630.0,540.0,393.1
GMFIL,11/10/2020,186.0,194.0,183.0,184.0,0.55,157014.0,540.0,393.1
GMFIL,11/11/2020,187.0,190.0,185.0,188.0,2.17,24268.0,540.0,393.1
GMFIL,11/12/2020,191.0,195.0,188.0,195.0,3.72,49845.0,540.0,393.1
GMFIL,11/18/2020,192.0,205.0,190.0,202.0,3.59,40851.0,540.0,393.1
GMFIL,11/19/2020,203.0,205.0,199.0,202.0,0.0,38312.0,540.0,393.1
GMFIL,11/22/2020,204.0,206.0,197.0,203.0,0.5,28010.0,540.0,393.1
GMFIL,11/23/2020,199.0,203.0,199.0,201.0,-0.99,31908.0,540.0,393.1
GMFIL,11/24/2020,205.0,205.0,198.0,200.0,-0.5,20835.0,540.0,393.1
GMFIL,11/25/2020,201.0,206.0,200.0,206.0,3.0,27223.0,540.0,393.1
GMFIL,11/26/2020,203.0,208.0,200.0,201.0,-2.43,29572.0,540.0,393.1
GMFIL,11/29/2020,197.0,220.0,197.0,208.0,3.48,14588.0,540.0,393.1
GMFIL,11/30/2020,212.0,212.0,206.0,207.0,-0.48,9757.0,540.0,393.1
GMFIL,12/1/2020,203.0,207.0,196.0,204.0,-1.45,4870.0,540.0,393.1
GMFIL,12/2/2020,201.0,208.0,200.0,202.0,-0.98,12191.0,540.0,393.1
GMFIL,12/3/2020,200.0,206.0,198.0,199.0,-1.49,9998.0,540.0,393.1
GMFIL,12/6/2020,200.0,200.0,192.0,195.0,-2.01,3900.0,540.0,393.1
GMFIL,12/7/2020,195.0,196.0,193.0,193.0,-1.03,8177.0,540.0,393.1
GMFIL,12/8/2020,193.0,195.0,190.0,190.0,-1.55,6933.0,540.0,393.1
GMFIL,12/9/2020,193.0,193.0,189.0,191.0,0.53,3626.0,540.0,393.1
GMFIL,12/10/2020,200.0,210.0,198.0,200.0,4.71,23129.0,540.0,393.1
GMFIL,12/13/2020,204.0,210.0,204.0,206.0,3.0,18581.0,540.0,393.1
GMFIL,12/14/2020,206.0,206.0,203.0,205.0,-0.49,9001.0,540.0,393.1
GMFIL,12/15/2020,209.0,213.0,203.0,204.0,-0.49,19197.0,540.0,393.1
GMFIL,12/16/2020,204.0,204.0,201.0,203.0,-0.49,8616.0,540.0,393.1
GMFIL,12/17/2020,200.0,204.0,199.0,204.0,0.49,16752.0,540.0,393.1
GMFIL,12/20/2020,202.0,202.0,198.0,202.0,-0.98,6260.0,540.0,393.1
GMFIL,12/21/2020,198.0,198.0,192.0,198.0,-1.98,3351.0,540.0,393.1
GMFIL,12/22/2020,200.0,210.0,200.0,209.0,5.56,14588.0,540.0,393.1
GMFIL,12/23/2020,213.0,213.0,200.0,206.0,-1.44,6842.0,540.0,393.1
GMFIL,12/24/2020,204.0,204.0,198.0,200.0,-2.91,4086.0,540.0,393.1
GMFIL,12/27/2020,197.0,204.0,196.0,199.0,-0.5,3420.0,540.0,393.1
GMFIL,12/28/2020,198.0,203.0,198.0,200.0,0.5,3822.0,540.0,393.1
GMFIL,12/29/2020,198.0,202.0,198.0,198.0,-1.0,2992.0,540.0,393.1
GMFIL,12/30/2020,196.0,201.0,196.0,198.0,0.0,860.0,540.0,393.1
GMFIL,12/31/2020,196.0,200.0,196.0,198.0,0.0,1744.0,540.0,393.1
GMFIL,1/3/2021,201.0,205.0,199.0,204.0,3.03,13107.0,540.0,393.1
GMFIL,1/4/2021,206.0,212.0,205.0,208.0,1.96,30506.0,540.0,393.1
GMFIL,1/5/2021,196.0,199.0,191.0,191.0,-8.17,3420.0,540.0,393.1
GMFIL,1/6/2021,194.0,200.0,188.0,188.0,-1.57,1973.0,540.0,393.1
GMFIL,1/7/2021,185.0,191.0,184.0,186.0,-1.06,13553.0,540.0,393.1
GMFIL,1/10/2021,185.0,193.0,184.0,192.0,3.23,5018.0,540.0,393.1
GMFIL,1/11/2021,193.0,195.0,190.0,191.0,-0.52,3242.0,540.0,393.1
GMFIL,1/12/2021,192.0,194.0,191.0,191.0,0.0,4255.0,540.0,393.1
GMFIL,1/13/2021,194.0,199.0,193.0,193.0,1.05,7585.0,540.0,393.1
GMFIL,1/17/2021,196.0,203.0,193.0,203.0,5.18,35884.0,540.0,393.1
GMFIL,1/18/2021,207.0,218.0,207.0,214.0,5.42,18626.0,540.0,393.1
GMFIL,1/19/2021,210.0,212.0,202.0,212.0,-0.93,26680.0,540.0,393.1
GMFIL,1/20/2021,210.0,227.0,209.0,224.0,5.66,31135.0,540.0,393.1
GMFIL,1/21/2021,230.0,230.0,213.0,225.0,0.45,20204.0,540.0,393.1
GMFIL,1/24/2021,228.0,228.0,218.0,223.0,-0.89,13993.0,540.0,393.1
GMFIL,1/25/2021,228.0,228.0,219.0,220.0,-1.35,18205.0,540.0,393.1
GMFIL,1/26/2021,218.0,220.0,215.0,216.0,-1.82,7215.0,540.0,393.1
GMFIL,1/27/2021,216.0,225.0,213.0,218.0,0.93,9397.0,540.0,393.1
GMFIL,1/28/2021,222.0,222.0,209.0,209.0,-4.13,14816.0,540.0,393.1
GMFIL,1/31/2021,205.0,213.0,201.0,207.0,-0.96,7375.0,540.0,393.1
GMFIL,2/1/2021,206.0,215.0,206.0,211.0,1.93,8413.0,540.0,393.1
GMFIL,2/2/2021,215.0,220.0,214.0,215.0,1.9,7145.0,540.0,393.1
GMFIL,2/3/2021,211.0,215.0,208.0,210.0,-2.33,11920.0,540.0,393.1
GMFIL,2/4/2021,210.0,210.0,207.0,210.0,0.0,2801.0,540.0,393.1
GMFIL,2/7/2021,212.0,216.0,212.0,216.0,2.86,12521.0,540.0,393.1
GMFIL,2/8/2021,220.0,228.0,217.0,222.0,2.78,16874.0,540.0,393.1
GMFIL,2/9/2021,224.0,224.0,215.0,215.0,-3.15,10490.0,540.0,393.1
GMFIL,2/10/2021,219.0,236.0,219.0,236.0,9.77,62890.0,540.0,393.1
GMFIL,2/11/2021,240.0,249.0,228.0,231.0,-2.12,55887.0,540.0,393.1
GMFIL,2/14/2021,235.0,247.0,224.0,225.0,-2.6,13637.0,540.0,393.1
GMFIL,2/15/2021,229.0,238.0,228.0,233.0,3.56,22791.0,540.0,393.1
GMFIL,2/16/2021,232.0,249.0,228.0,236.0,1.29,12900.0,540.0,393.1
GMFIL,2/17/2021,236.0,240.0,230.0,233.0,-1.27,6229.0,540.0,393.1
GMFIL,2/18/2021,233.0,236.0,229.0,235.0,0.86,9993.0,540.0,393.1
GMFIL,2/21/2021,239.0,239.0,227.0,233.0,-0.85,6875.0,540.0,393.1
GMFIL,2/22/2021,229.0,232.0,225.0,228.0,-2.15,5242.0,540.0,393.1
GMFIL,2/23/2021,229.0,232.0,216.0,222.0,-2.63,8780.0,540.0,393.1
GMFIL,2/24/2021,226.0,228.0,222.0,226.0,1.8,6460.0,540.0,393.1
GMFIL,2/25/2021,223.0,223.0,217.0,219.0,-3.1,4562.0,540.0,393.1
GMFIL,2/28/2021,216.0,216.0,210.0,210.0,-4.11,12129.0,540.0,393.1
GMFIL,3/1/2021,207.0,227.0,205.0,223.0,6.19,6458.0,540.0,393.1
GMFIL,3/2/2021,220.0,220.0,210.0,210.0,-5.83,6473.0,540.0,393.1
GMFIL,3/3/2021,206.0,211.0,206.0,209.0,-0.48,5987.0,540.0,393.1
GMFIL,3/4/2021,213.0,216.0,210.0,215.0,2.87,2495.0,540.0,393.1
GMFIL,3/7/2021,214.0,219.0,212.0,212.0,-1.4,656.0,540.0,393.1
GMFIL,3/9/2021,212.0,215.0,211.0,211.0,-0.47,1050.0,540.0,393.1
GMFIL,3/10/2021,215.0,219.0,211.0,214.0,1.42,1407.0,540.0,393.1
GMFIL,3/14/2021,211.0,212.0,208.0,210.0,-1.87,2276.0,540.0,393.1
GMFIL,3/15/2021,210.0,214.0,210.0,210.0,0.0,2299.0,540.0,393.1
GMFIL,3/16/2021,214.0,214.0,210.0,210.0,0.0,1354.0,540.0,393.1
GMFIL,3/17/2021,206.0,213.0,206.0,206.0,-1.9,6790.0,540.0,393.1
GMFIL,3/18/2021,210.0,215.0,208.0,214.0,3.88,3593.0,540.0,393.1
GMFIL,3/21/2021,214.0,214.0,213.0,214.0,0.0,4900.0,540.0,393.1
GMFIL,3/22/2021,212.0,215.0,210.0,215.0,0.47,6406.0,540.0,393.1
GMFIL,3/23/2021,219.0,219.0,211.0,211.0,-1.86,3620.0,540.0,393.1
GMFIL,3/24/2021,215.0,216.0,215.0,216.0,2.37,3697.0,540.0,393.1
GMFIL,3/25/2021,212.0,214.0,212.0,213.0,-1.39,1600.0,540.0,393.1
GMFIL,3/29/2021,209.0,215.0,209.0,215.0,0.94,2700.0,540.0,393.1
GMFIL,3/30/2021,218.0,218.0,213.0,215.0,0.0,595.0,540.0,393.1
GMFIL,3/31/2021,213.0,215.0,211.0,215.0,0.0,3129.0,540.0,393.1
GMFIL,4/1/2021,215.0,218.0,212.0,215.0,0.0,15133.0,540.0,393.1
GMFIL,4/4/2021,219.0,224.0,216.0,222.0,3.26,12832.0,540.0,393.1
GMFIL,4/5/2021,226.0,230.0,220.0,223.0,0.45,7823.0,540.0,393.1
GMFIL,4/6/2021,226.0,226.0,220.0,224.0,0.45,2082.0,540.0,393.1
GMFIL,4/7/2021,222.0,230.0,220.0,227.0,1.34,23847.0,540.0,393.1
GMFIL,4/8/2021,238.0,241.0,228.0,238.0,4.85,38272.0,540.0,393.1
GMFIL,4/12/2021,238.0,243.0,233.0,239.0,0.42,33236.0,540.0,393.1
GMFIL,4/13/2021,235.0,251.0,235.0,251.0,5.02,32519.0,540.0,393.1
GMFIL,4/15/2021,251.0,265.0,251.0,254.0,1.2,41089.0,540.0,393.1
GMFIL,4/18/2021,258.0,263.0,244.0,245.0,-3.54,31147.0,540.0,393.1
GMFIL,4/19/2021,242.0,249.0,242.0,242.0,-1.22,10475.0,540.0,393.1
GMFIL,4/20/2021,240.0,259.0,240.0,255.0,5.37,22290.0,540.0,393.1
GMFIL,4/21/2021,260.0,264.0,245.0,252.0,-1.18,16778.0,540.0,393.1
GMFIL,4/22/2021,250.0,262.0,245.0,254.0,0.79,11329.0,540.0,393.1
GMFIL,4/25/2021,249.0,249.0,239.0,239.0,-5.91,7083.0,540.0,393.1
GMFIL,4/26/2021,235.0,247.0,223.0,227.0,-5.02,9371.0,540.0,393.1
GMFIL,4/27/2021,231.0,249.0,231.0,242.0,6.61,7930.0,540.0,393.1
GMFIL,4/28/2021,246.0,246.0,236.0,238.0,-1.65,2518.0,540.0,393.1
GMFIL,4/29/2021,238.0,246.0,235.0,236.0,-0.84,1896.0,540.0,393.1
GMFIL,5/2/2021,237.0,240.0,235.0,238.0,0.85,9268.0,540.0,393.1
GMFIL,5/3/2021,242.0,242.0,234.0,235.0,-1.26,7494.0,540.0,393.1
GMFIL,5/4/2021,235.0,239.0,235.0,235.0,0.0,2049.0,540.0,393.1
GMFIL,5/5/2021,235.0,239.0,235.0,237.0,0.85,7653.0,540.0,393.1
GMFIL,5/6/2021,241.0,241.0,231.0,235.0,-0.84,10890.0,540.0,393.1
GMFIL,5/9/2021,224.0,249.0,224.0,237.0,0.85,18355.0,540.0,393.1
GMFIL,5/10/2021,234.0,255.0,234.0,253.0,6.75,53424.0,540.0,393.1
GMFIL,5/11/2021,255.0,278.0,250.0,278.0,9.88,140619.0,540.0,393.1
GMFIL,5/12/2021,291.0,291.0,270.0,279.0,0.36,59890.0,540.0,393.1
GMFIL,5/13/2021,284.0,302.0,282.0,300.0,7.53,150098.0,540.0,393.1
GMFIL,5/16/2021,315.0,315.0,290.0,290.0,-3.33,67625.0,540.0,393.1
GMFIL,5/17/2021,276.0,305.0,276.0,290.0,0.0,49924.0,540.0,393.1
GMFIL,5/18/2021,292.0,315.0,291.0,315.0,8.62,130827.0,540.0,393.1
GMFIL,5/19/2021,316.0,321.0,304.0,307.0,-2.54,57578.0,540.0,393.1
GMFIL,5/20/2021,321.0,337.0,299.0,336.0,9.45,100914.0,540.0,393.1
GMFIL,5/23/2021,352.0,369.0,316.0,353.0,5.06,161946.0,540.0,393.1
GMFIL,5/24/2021,370.0,370.0,329.0,341.0,-3.4,97691.0,540.0,393.1
GMFIL,5/25/2021,342.0,344.0,330.0,336.0,-1.47,53162.0,540.0,393.1
GMFIL,5/27/2021,330.0,364.0,319.0,344.0,2.38,82561.0,540.0,393.1
GMFIL,5/30/2021,350.0,374.0,339.0,364.0,5.81,132321.0,540.0,393.1
GMFIL,5/31/2021,370.0,382.0,361.0,370.0,1.65,109477.0,540.0,393.1
GMFIL,6/1/2021,370.0,387.0,369.0,376.0,1.62,74196.0,540.0,393.1
GMFIL,6/2/2021,376.0,413.0,370.0,413.0,9.84,127204.0,540.0,393.1
GMFIL,6/3/2021,421.0,440.0,395.0,408.0,-1.21,113965.0,540.0,393.1
GMFIL,6/6/2021,407.0,424.0,394.0,412.0,0.98,110795.0,540.0,393.1
GMFIL,6/7/2021,417.0,453.0,417.0,453.0,9.95,198744.0,540.0,393.1
GMFIL,6/8/2021,462.0,498.0,462.0,498.0,9.93,82494.0,540.0,393.1
GMFIL,6/9/2021,505.0,534.0,471.0,483.0,-3.01,136658.0,540.0,393.1
GMFIL,6/10/2021,500.0,530.0,463.0,514.0,6.42,125711.0,540.0,393.1
GMFIL,6/13/2021,489.0,565.0,489.0,565.0,9.92,176750.0,540.0,393.1
GMFIL,6/14/2021,593.0,621.0,564.0,579.0,2.48,167991.0,540.0,393.1
GMFIL,6/15/2021,551.0,600.0,529.0,553.0,-4.49,104726.0,540.0,393.1
GMFIL,6/16/2021,526.0,561.0,500.0,521.0,-5.79,107295.0,540.0,393.1
GMFIL,6/17/2021,522.0,551.0,502.0,535.0,2.69,92139.0,540.0,393.1
GMFIL,6/20/2021,535.0,555.0,488.0,499.0,-6.73,61931.0,540.0,393.1
GMFIL,6/21/2021,507.0,508.0,450.0,457.0,-8.42,65761.0,540.0,393.1
GMFIL,6/22/2021,466.0,502.0,442.0,502.0,9.85,70245.0,540.0,393.1
GMFIL,6/23/2021,505.0,514.0,485.0,485.0,-3.39,54834.0,540.0,393.1
GMFIL,6/24/2021,477.0,502.0,469.0,480.0,-1.03,37456.0,540.0,393.1
GMFIL,6/27/2021,472.0,484.0,467.0,475.0,-1.04,14528.0,540.0,393.1
GMFIL,6/28/2021,498.0,498.0,450.0,455.0,-4.21,29570.0,540.0,393.1
GMFIL,6/29/2021,461.0,461.0,430.0,432.0,-5.05,39307.0,540.0,393.1
GMFIL,6/30/2021,425.0,474.0,425.0,460.0,6.48,26095.0,540.0,393.1
GMFIL,7/1/2021,460.0,487.0,460.0,476.0,3.48,44621.0,540.0,393.1
GMFIL,7/4/2021,480.0,486.0,461.0,465.0,-2.31,22095.0,540.0,393.1
GMFIL,7/5/2021,465.0,465.0,440.0,443.0,-4.73,10709.0,540.0,393.1
GMFIL,7/6/2021,450.0,455.0,439.0,439.0,-0.9,19449.0,540.0,393.1
GMFIL,7/7/2021,439.0,444.0,430.0,433.0,-1.37,12278.0,540.0,393.1
GMFIL,7/8/2021,426.0,476.0,425.0,474.0,9.47,20837.0,540.0,393.1
GMFIL,7/11/2021,497.0,521.0,472.0,516.0,8.86,115681.0,540.0,393.1
GMFIL,7/12/2021,519.0,530.0,483.0,500.0,-3.1,78637.0,540.0,393.1
GMFIL,7/13/2021,500.0,524.0,495.0,510.0,2.0,59017.0,540.0,393.1
GMFIL,7/14/2021,510.0,522.0,505.0,510.0,0.0,51382.0,540.0,393.1
GMFIL,7/15/2021,510.0,540.0,501.0,518.0,1.57,69518.0,540.0,393.1
GMFIL,7/18/2021,528.0,538.0,517.0,523.0,0.97,67965.0,540.0,393.1
GMFIL,7/19/2021,529.0,531.0,507.0,517.0,-1.15,48739.0,540.0,393.1
GMFIL,7/20/2021,511.0,520.0,501.0,509.0,-1.55,43792.0,540.0,393.1
GMFIL,7/22/2021,501.0,515.0,501.0,510.0,0.2,33485.0,540.0,393.1
GMFIL,7/25/2021,519.0,528.0,511.0,527.0,3.33,66813.0,540.0,393.1
GMFIL,7/26/2021,537.0,548.0,522.0,537.0,1.9,78618.0,540.0,393.1
GMFIL,7/27/2021,526.3,549.0,525.0,546.0,1.68,68104.0,540.0,393.1
GMFIL,7/28/2021,555.0,580.0,555.0,564.0,3.3,91959.0,540.0,393.1
GMFIL,7/29/2021,575.0,582.0,550.0,561.0,-0.53,99325.0,540.0,393.1
GMFIL,8/1/2021,554.0,565.0,548.0,551.0,-1.78,32524.0,540.0,393.1
GMFIL,8/2/2021,545.0,562.0,544.0,545.0,-1.09,48344.0,540.0,393.1
GMFIL,8/3/2021,548.0,566.0,543.0,548.0,0.55,32033.0,540.0,393.1
GMFIL,8/4/2021,558.0,580.3,546.9,571.0,4.2,85745.0,540.0,393.1
GMFIL,8/5/2021,582.4,584.0,554.7,555.0,-2.8,50979.0,540.0,393.1
GMFIL,8/8/2021,560.0,571.0,555.0,557.0,0.36,23147.0,540.0,393.1
GMFIL,8/9/2021,556.0,593.0,556.0,592.0,6.28,104987.0,540.0,393.1
GMFIL,8/10/2021,603.8,651.2,603.8,651.2,10.0,185479.0,540.0,393.1
GMFIL,8/11/2021,664.2,690.9,625.0,634.0,-2.64,104183.0,540.0,393.1
GMFIL,8/12/2021,625.0,685.0,625.0,648.0,2.21,115026.0,540.0,393.1
GMFIL,8/15/2021,650.0,650.0,586.1,615.0,-5.09,110689.0,540.0,393.1
GMFIL,8/16/2021,620.0,631.3,592.0,612.0,-0.49,73144.0,540.0,393.1
GMFIL,8/17/2021,623.0,651.0,616.0,648.0,5.88,83596.0,540.0,393.1
GMFIL,8/18/2021,655.0,698.0,655.0,670.0,3.4,141082.0,540.0,393.1
GMFIL,8/19/2021,683.4,696.0,635.0,650.0,-2.99,106086.0,540.0,393.1
GMFIL,8/24/2021,645.0,673.0,616.0,650.0,0.0,91963.0,540.0,393.1
GMFIL,8/25/2021,660.0,665.0,634.0,639.0,-1.69,74498.0,540.0,393.1
GMFIL,8/26/2021,640.0,702.9,640.0,702.9,10.0,274575.0,540.0,393.1
GMFIL,8/29/2021,716.9,773.0,716.9,745.0,5.99,250878.0,540.0,393.1
GMFIL,8/31/2021,745.0,745.0,701.0,714.8,-4.05,125830.0,540.0,393.1
GMFIL,9/1/2021,710.0,730.0,670.0,670.0,-6.27,102774.0,540.0,393.1
GMFIL,9/2/2021,680.0,715.0,662.0,670.0,0.0,143557.0,540.0,393.1
GMFIL,9/5/2021,657.0,660.0,603.0,619.0,-7.61,79014.0,540.0,393.1
GMFIL,9/6/2021,630.0,680.9,605.1,680.9,10.0,77097.0,540.0,393.1
GMFIL,9/7/2021,694.5,694.5,649.0,660.0,-3.07,48283.0,540.0,393.1
GMFIL,9/8/2021,647.0,655.0,620.0,627.0,-5.0,52887.0,540.0,393.1
GMFIL,9/9/2021,639.0,639.0,607.0,613.0,-2.23,53499.0,540.0,393.1
GMFIL,9/12/2021,625.0,648.0,624.3,638.0,4.08,35775.0,540.0,393.1
GMFIL,9/13/2021,650.7,678.9,632.1,638.0,0.0,44769.0,540.0,393.1
GMFIL,9/14/2021,650.7,659.9,620.0,629.9,-1.27,29539.0,540.0,393.1
GMFIL,9/15/2021,630.0,631.3,593.0,607.1,-3.62,55112.0,540.0,393.1
GMFIL,9/16/2021,600.0,600.0,553.7,580.0,-4.46,78801.0,540.0,393.1
GMFIL,9/20/2021,591.6,592.0,522.0,533.0,-8.1,71922.0,540.0,393.1
GMFIL,9/21/2021,523.0,560.0,498.0,529.0,-0.75,53015.0,540.0,393.1
GMFIL,9/22/2021,539.5,581.9,539.5,581.9,10.0,85712.0,540.0,393.1
GMFIL,9/23/2021,593.0,609.0,560.0,591.6,1.67,60185.0,540.0,393.1
GMFIL,9/26/2021,585.0,587.9,552.0,554.5,-6.27,36587.0,540.0,393.1
GMFIL,9/27/2021,546.0,558.0,510.0,519.0,-6.4,43854.0,540.0,393.1
GMFIL,9/28/2021,508.7,528.0,467.1,479.0,-7.71,36540.0,540.0,393.1
GMFIL,9/29/2021,486.0,526.9,463.0,519.1,8.37,31628.0,540.0,393.1
GMFIL,9/30/2021,529.0,545.0,495.0,504.0,-2.91,15396.0,540.0,393.1
GMFIL,10/3/2021,514.0,514.0,457.7,457.7,-9.19,18454.0,540.0,393.1
GMFIL,10/4/2021,466.0,494.4,428.0,445.0,-2.77,20871.0,540.0,393.1
GMFIL,10/5/2021,453.9,475.0,446.0,468.0,5.17,13741.0,540.0,393.1
GMFIL,10/6/2021,477.0,503.4,461.6,493.0,5.34,16735.0,540.0,393.1
GMFIL,10/10/2021,502.8,512.0,489.0,490.0,-0.61,28975.0,540.0,393.1
GMFIL,10/11/2021,499.8,499.8,475.0,477.0,-2.65,11235.0,540.0,393.1
GMFIL,10/17/2021,486.5,506.0,471.0,485.0,1.68,3376.0,540.0,393.1
GMFIL,10/18/2021,475.3,476.0,445.2,460.0,-5.15,11389.0,540.0,393.1
GMFIL,10/19/2021,454.0,455.0,428.8,432.4,-6.0,21762.0,540.0,393.1
GMFIL,10/20/2021,441.0,464.0,433.0,462.0,6.85,13593.0,540.0,393.1
GMFIL,10/21/2021,471.2,471.2,442.0,445.0,-3.68,9677.0,540.0,393.1
GMFIL,10/24/2021,445.0,467.5,440.2,465.0,4.49,12952.0,540.0,393.1
GMFIL,10/25/2021,470.0,511.5,470.0,511.5,10.0,45943.0,540.0,393.1
GMFIL,10/26/2021,521.7,540.0,515.0,527.0,3.03,43091.0,540.0,393.1
GMFIL,10/27/2021,537.0,576.0,515.0,562.5,6.74,58630.0,540.0,393.1
GMFIL,10/28/2021,555.0,573.0,543.9,571.9,1.67,28784.0,540.0,393.1
GMFIL,10/31/2021,570.0,602.2,561.0,599.0,4.74,34448.0,540.0,393.1
GMFIL,11/1/2021,609.9,609.9,572.0,572.2,-4.47,27676.0,540.0,393.1
GMFIL,11/2/2021,579.0,597.0,556.0,596.0,4.16,35628.0,540.0,393.1
GMFIL,11/3/2021,607.0,607.0,577.0,578.2,-2.99,34382.0,540.0,393.1
GMFIL,11/8/2021,589.7,590.0,574.2,580.0,0.31,7850.0,540.0,393.1
GMFIL,11/9/2021,580.0,580.0,535.0,550.0,-5.17,38906.0,540.0,393.1
GMFIL,11/11/2021,540.0,548.0,522.0,525.0,-4.55,35723.0,540.0,393.1
GMFIL,11/14/2021,535.5,546.0,520.0,530.4,1.03,11854.0,540.0,393.1
GMFIL,11/15/2021,536.0,555.0,536.0,546.0,2.94,16565.0,540.0,393.1
GMFIL,11/16/2021,547.0,567.0,546.0,567.0,3.85,25514.0,540.0,393.1
GMFIL,11/17/2021,571.0,585.0,545.0,545.0,-3.88,31590.0,540.0,393.1
GMFIL,11/18/2021,545.0,570.0,545.0,563.9,3.47,39573.0,540.0,393.1
GMFIL,11/21/2021,560.0,572.0,554.0,564.0,0.02,10949.0,540.0,393.1
GMFIL,11/22/2021,571.0,571.0,547.0,553.0,-1.95,10828.0,540.0,393.1
GMFIL,11/23/2021,553.0,553.0,525.0,530.0,-4.16,30934.0,540.0,393.1
GMFIL,11/24/2021,521.0,561.0,519.4,545.0,2.83,14642.0,540.0,393.1
GMFIL,11/25/2021,555.0,563.0,532.0,539.0,-1.1,19423.0,540.0,393.1
GMFIL,11/28/2021,529.0,539.3,517.0,519.0,-3.71,22942.0,540.0,393.1
GMFIL,11/29/2021,525.0,540.0,516.0,516.6,-0.46,10190.0,540.0,393.1
GMFIL,11/30/2021,526.9,526.9,499.1,505.0,-2.25,24461.0,540.0,393.1
GMFIL,12/1/2021,515.1,525.0,505.0,512.6,1.5,6713.0,540.0,393.1
GMFIL,12/2/2021,513.0,513.0,486.0,488.1,-4.78,25066.0,540.0,393.1
GMFIL,12/5/2021,478.4,487.4,460.7,464.0,-4.94,22759.0,540.0,393.1
GMFIL,12/6/2021,457.1,484.0,440.0,473.0,1.94,14296.0,540.0,393.1
GMFIL,12/7/2021,482.4,501.0,460.0,460.0,-2.75,16612.0,540.0,393.1
GMFIL,12/8/2021,451.0,469.0,438.1,440.0,-4.35,8963.0,540.0,393.1
GMFIL,12/9/2021,435.0,454.0,424.0,433.0,-1.59,14817.0,540.0,393.1
GMFIL,12/12/2021,435.0,440.0,412.0,412.0,-4.85,5996.0,540.0,393.1
GMFIL,12/13/2021,410.0,415.0,378.0,394.0,-4.37,27908.0,540.0,393.1
GMFIL,12/14/2021,401.0,429.0,395.0,429.0,8.88,19944.0,540.0,393.1
GMFIL,12/15/2021,437.0,462.6,414.6,430.0,0.23,32198.0,540.0,393.1
GMFIL,12/16/2021,430.0,430.0,410.0,410.0,-4.65,5984.0,540.0,393.1
GMFIL,12/20/2021,401.8,410.0,395.0,395.0,-3.66,6570.0,540.0,393.1
GMFIL,12/21/2021,400.0,412.0,400.0,410.0,3.8,7920.0,540.0,393.1
GMFIL,12/22/2021,418.2,437.0,409.2,432.0,5.37,24695.0,540.0,393.1
GMFIL,12/23/2021,435.0,456.0,423.4,434.9,0.67,21525.0,540.0,393.1
GMFIL,12/26/2021,437.0,447.0,435.0,436.0,0.25,10641.0,540.0,393.1
GMFIL,12/27/2021,436.0,436.0,415.0,415.0,-4.82,13055.0,540.0,393.1
GMFIL,12/28/2021,406.7,438.0,401.0,425.0,2.41,9022.0,540.0,393.1
GMFIL,12/29/2021,429.0,429.0,415.0,415.0,-2.35,8427.0,540.0,393.1
GMFIL,1/2/2022,423.0,438.5,420.0,433.0,4.34,9998.0,540.0,393.1
GMFIL,1/3/2022,440.0,460.1,439.9,460.1,6.26,47843.0,540.0,393.1
GMFIL,1/4/2022,453.3,494.0,453.1,494.0,7.37,24031.0,540.0,393.1
GMFIL,1/5/2022,503.0,510.0,495.0,499.9,1.19,63617.0,540.0,393.1
GMFIL,1/6/2022,445.4,462.0,436.5,456.0,-8.78,21423.0,540.0,393.1
GMFIL,1/9/2022,465.0,481.0,462.0,481.0,5.48,22416.0,540.0,393.1
GMFIL,1/10/2022,490.0,510.0,481.0,490.0,1.87,16687.0,540.0,393.1
GMFIL,1/11/2022,482.0,525.0,480.2,508.0,3.67,35923.0,540.0,393.1
GMFIL,1/12/2022,508.0,528.0,488.1,492.0,-3.15,33968.0,540.0,393.1
GMFIL,1/13/2022,492.0,515.0,482.3,508.4,3.33,30006.0,540.0,393.1
GMFIL,1/16/2022,518.5,528.7,508.4,524.0,3.07,39133.0,540.0,393.1
GMFIL,1/17/2022,525.0,531.5,511.0,519.0,-0.95,37724.0,540.0,393.1
GMFIL,1/18/2022,509.0,525.0,504.7,515.0,-0.77,28609.0,540.0,393.1
GMFIL,1/19/2022,515.0,519.0,494.9,496.1,-3.67,21561.0,540.0,393.1
GMFIL,1/20/2022,497.0,514.5,497.0,513.0,3.41,10147.0,540.0,393.1
GMFIL,1/23/2022,520.0,523.2,492.1,498.0,-2.92,20432.0,540.0,393.1
GMFIL,1/24/2022,499.0,499.0,465.0,479.0,-3.82,25902.0,540.0,393.1
GMFIL,1/25/2022,471.1,487.5,468.0,473.0,-1.25,10000.0,540.0,393.1
GMFIL,1/26/2022,463.9,482.4,451.4,461.0,-2.54,19424.0,540.0,393.1
GMFIL,1/27/2022,470.2,470.2,448.0,459.0,-0.43,19981.0,540.0,393.1
GMFIL,1/30/2022,468.1,499.0,468.1,490.0,6.75,22203.0,540.0,393.1
GMFIL,1/31/2022,499.8,499.8,477.0,480.0,-2.04,8680.0,540.0,393.1
GMFIL,2/1/2022,481.0,500.0,478.0,500.0,4.17,21655.0,540.0,393.1
GMFIL,2/3/2022,510.0,511.0,485.5,500.0,0.0,27908.0,540.0,393.1
GMFIL,2/6/2022,510.0,510.0,479.2,480.0,-4.0,9103.0,540.0,393.1
GMFIL,2/7/2022,475.0,488.9,471.1,480.0,0.0,10424.0,540.0,393.1
GMFIL,2/8/2022,489.6,502.0,472.0,474.0,-1.25,17920.0,540.0,393.1
GMFIL,2/9/2022,474.0,480.0,463.0,468.0,-1.27,8738.0,540.0,393.1
GMFIL,2/10/2022,477.0,477.0,445.0,459.0,-1.92,34545.0,540.0,393.1
GMFIL,2/13/2022,449.9,449.9,435.0,435.0,-5.23,15900.0,540.0,393.1
GMFIL,2/14/2022,443.7,447.0,431.0,435.0,0.0,8046.0,540.0,393.1
GMFIL,2/15/2022,443.7,459.0,428.0,459.0,5.52,13227.0,540.0,393.1
GMFIL,2/16/2022,450.0,460.2,446.0,447.5,-2.51,4982.0,540.0,393.1
GMFIL,2/17/2022,445.0,456.0,445.0,453.0,1.23,10335.0,540.0,393.1
GMFIL,2/20/2022,444.0,452.0,434.0,438.0,-3.31,15683.0,540.0,393.1
GMFIL,2/21/2022,446.5,446.7,431.0,439.0,0.23,14202.0,540.0,393.1
GMFIL,2/22/2022,440.0,465.0,439.1,445.0,1.37,9838.0,540.0,393.1
GMFIL,2/23/2022,445.0,458.9,436.1,440.0,-1.12,18776.0,540.0,393.1
GMFIL,2/24/2022,432.2,448.0,422.0,427.0,-2.95,12426.0,540.0,393.1
GMFIL,2/27/2022,418.5,431.0,413.7,420.0,-1.64,17778.0,540.0,393.1
GMFIL,2/28/2022,427.0,430.0,405.0,410.0,-2.38,18114.0,540.0,393.1
GMFIL,3/2/2022,402.0,405.0,397.0,399.9,-2.46,11533.0,540.0,393.1
GMFIL,3/6/2022,407.8,410.0,392.0,402.0,0.53,13203.0,540.0,393.1
GMFIL,3/7/2022,409.9,409.9,391.0,392.1,-2.46,8575.0,540.0,393.1
GMFIL,3/9/2022,394.9,396.0,375.1,386.0,-1.56,12168.0,540.0,393.1
GMFIL,3/10/2022,380.1,416.9,380.0,400.0,3.63,8302.0,540.0,393.1
GMFIL,3/13/2022,408.0,430.4,407.0,429.0,7.25,21020.0,540.0,393.1
GMFIL,3/14/2022,437.0,437.5,420.0,429.4,0.09,4060.0,540.0,393.1
GMFIL,3/15/2022,430.0,434.5,414.1,424.0,-1.26,5807.0,540.0,393.1
GMFIL,3/16/2022,423.0,424.0,413.0,415.0,-2.12,5931.0,540.0,393.1
GMFIL,3/20/2022,415.0,416.5,410.0,411.5,-0.84,6354.0,540.0,393.1
GMFIL,3/21/2022,410.0,426.0,405.1,424.8,3.23,6031.0,540.0,393.1
GMFIL,3/22/2022,425.0,431.9,420.0,424.0,-0.19,3978.0,540.0,393.1
GMFIL,3/23/2022,419.0,419.0,414.1,414.1,-2.33,8734.0,540.0,393.1
GMFIL,3/24/2022,406.0,419.0,406.0,411.0,-0.75,5290.0,540.0,393.1
GMFIL,3/27/2022,403.0,405.0,392.0,395.0,-3.89,10973.0,540.0,393.1
GMFIL,3/28/2022,390.0,396.7,387.1,388.0,-1.77,6679.0,540.0,393.1
GMFIL,3/29/2022,395.0,403.6,383.0,383.0,-1.29,8582.0,540.0,393.1
GMFIL,3/30/2022,390.0,406.0,384.1,406.0,6.01,7088.0,540.0,393.1
GMFIL,3/31/2022,406.0,406.0,391.0,391.0,-3.69,5116.0,540.0,393.1
GMFIL,4/3/2022,395.0,398.8,386.2,389.0,-0.51,2886.0,540.0,393.1
GMFIL,4/4/2022,384.0,399.9,384.0,391.0,0.51,5299.0,540.0,393.1
GMFIL,4/5/2022,384.0,388.0,375.1,381.0,-2.56,7267.0,540.0,393.1
GMFIL,4/6/2022,373.4,387.6,373.4,383.0,0.52,2975.0,540.0,393.1
GMFIL,4/7/2022,380.0,389.0,375.4,389.0,1.57,2968.0,540.0,393.1
GMFIL,4/11/2022,396.0,396.0,375.3,376.9,-3.11,6540.0,540.0,393.1
GMFIL,4/12/2022,370.0,376.0,368.1,370.1,-1.8,5498.0,540.0,393.1
GMFIL,4/13/2022,376.9,377.0,363.1,372.0,0.51,4103.0,540.0,393.1
GMFIL,4/17/2022,379.4,379.4,360.0,360.0,-3.23,2066.0,540.0,393.1
GMFIL,4/18/2022,355.0,362.0,339.0,342.0,-5.0,5880.0,540.0,393.1
GMFIL,4/19/2022,338.0,348.0,332.3,347.0,1.46,6892.0,540.0,393.1
GMFIL,4/20/2022,341.0,341.0,331.4,338.0,-2.59,6449.0,540.0,393.1
GMFIL,4/21/2022,331.3,334.8,313.0,333.8,-1.24,12018.0,540.0,393.1
GMFIL,4/24/2022,339.0,365.0,334.0,362.0,8.45,10752.0,540.0,393.1
GMFIL,4/25/2022,362.0,369.2,347.0,355.0,-1.93,11055.0,540.0,393.1
GMFIL,4/26/2022,355.0,362.1,342.0,344.0,-3.1,4505.0,540.0,393.1
GMFIL,4/27/2022,337.4,362.0,337.2,352.0,2.33,5051.0,540.0,393.1
GMFIL,4/28/2022,350.0,357.0,336.2,338.0,-3.98,11655.0,540.0,393.1
GMFIL,5/2/2022,344.7,345.0,314.0,327.9,-2.99,8514.0,540.0,393.1
GMFIL,5/4/2022,321.5,333.4,315.0,315.0,-3.93,4355.0,540.0,393.1
GMFIL,5/5/2022,310.0,315.6,308.8,310.0,-1.59,8402.0,540.0,393.1
GMFIL,5/8/2022,309.0,325.9,298.0,325.9,5.13,4402.0,540.0,393.1
GMFIL,5/9/2022,329.0,329.0,316.0,316.0,-3.04,5268.0,540.0,393.1
GMFIL,5/10/2022,312.0,327.0,312.0,325.0,2.85,6059.0,540.0,393.1
GMFIL,5/11/2022,330.5,342.0,321.5,341.0,4.92,10059.0,540.0,393.1
GMFIL,5/12/2022,340.0,355.0,322.0,340.0,-0.29,9486.0,540.0,393.1
GMFIL,5/17/2022,338.0,338.0,316.0,316.0,-7.06,4669.0,540.0,393.1
GMFIL,5/18/2022,322.0,327.0,310.0,327.0,3.48,4475.0,540.0,393.1
GMFIL,5/19/2022,331.9,332.0,313.1,316.0,-3.36,4923.0,540.0,393.1
GMFIL,5/20/2022,322.3,322.3,308.0,309.0,-2.22,3234.0,540.0,393.1
GMFIL,5/23/2022,303.0,308.0,300.0,303.0,-1.94,5852.0,540.0,393.1
GMFIL,5/24/2022,305.0,314.0,304.1,308.0,1.65,2094.0,540.0,393.1
GMFIL,5/25/2022,313.0,322.0,308.1,308.1,0.03,3463.0,540.0,393.1
GMFIL,5/26/2022,314.2,314.2,305.0,306.9,-0.39,3123.0,540.0,393.1
GMFIL,5/27/2022,306.0,306.1,299.0,301.0,-1.92,8635.0,540.0,393.1
GMFIL,5/30/2022,307.0,313.0,288.0,294.0,-2.33,5661.0,540.0,393.1
GMFIL,5/31/2022,299.0,299.0,282.3,282.3,-3.98,7705.0,540.0,393.1
GMFIL,6/1/2022,287.9,293.5,280.1,285.0,0.96,7802.0,540.0,393.1
GMFIL,6/2/2022,290.7,290.7,282.0,284.0,-0.35,2360.0,540.0,393.1
GMFIL,6/3/2022,280.0,291.3,279.9,279.9,-1.44,3590.0,540.0,393.1
GMFIL,6/6/2022,282.0,286.6,280.0,281.0,0.39,4750.0,540.0,393.1
GMFIL,6/7/2022,278.1,278.1,267.0,268.0,-4.63,8573.0,540.0,393.1
GMFIL,6/8/2022,273.0,286.9,272.0,282.3,5.34,4233.0,540.0,393.1
GMFIL,6/9/2022,281.0,296.8,272.5,272.5,-3.47,13394.0,540.0,393.1
GMFIL,6/10/2022,277.9,280.0,272.0,276.9,1.61,2321.0,540.0,393.1
GMFIL,6/13/2022,272.0,274.0,270.5,270.6,-2.28,1990.0,540.0,393.1
GMFIL,6/14/2022,274.0,274.0,260.0,261.0,-3.55,4594.0,540.0,393.1
GMFIL,6/15/2022,258.0,268.0,250.0,258.0,-1.15,9826.0,540.0,393.1
GMFIL,6/16/2022,263.0,277.9,259.0,265.9,3.06,6921.0,540.0,393.1
GMFIL,6/17/2022,270.0,270.0,260.5,263.0,-1.09,8287.0,540.0,393.1
GMFIL,6/19/2022,257.8,259.0,248.0,252.0,-4.18,3559.0,540.0,393.1
GMFIL,6/20/2022,247.0,251.0,240.0,245.0,-2.78,8972.0,540.0,393.1
GMFIL,6/21/2022,249.9,255.0,241.1,252.0,2.86,4390.0,540.0,393.1
GMFIL,6/22/2022,247.0,250.0,238.3,242.0,-3.97,4062.0,540.0,393.1
GMFIL,6/23/2022,237.2,238.0,227.5,233.0,-3.72,4725.0,540.0,393.1
GMFIL,6/24/2022,233.0,245.5,223.9,245.0,5.15,4513.0,540.0,393.1
GMFIL,6/26/2022,245.0,269.5,241.0,269.5,10.0,14128.0,540.0,393.1
GMFIL,6/27/2022,270.0,278.0,255.0,260.5,-3.34,22725.0,540.0,393.1
GMFIL,6/28/2022,255.3,263.0,245.0,261.0,0.19,10637.0,540.0,393.1
GMFIL,6/29/2022,256.0,276.0,253.0,276.0,5.75,14739.0,540.0,393.1
GMFIL,6/30/2022,278.0,299.5,275.0,299.5,8.51,32064.0,540.0,393.1
GMFIL,7/1/2022,293.6,304.0,285.2,290.0,-3.17,13912.0,540.0,393.1
GMFIL,7/3/2022,290.0,306.0,290.0,302.0,4.14,14559.0,540.0,393.1
GMFIL,7/4/2022,301.0,332.2,301.0,320.0,5.96,65316.0,540.0,393.1
GMFIL,7/5/2022,313.6,322.0,301.0,304.0,-5.0,39999.0,540.0,393.1
GMFIL,7/6/2022,310.0,324.0,287.2,308.7,1.55,22027.0,540.0,393.1
GMFIL,7/7/2022,314.8,324.0,304.0,307.0,-0.55,19353.0,540.0,393.1
GMFIL,7/8/2022,307.0,309.0,298.0,298.0,-2.93,11831.0,540.0,393.1
GMFIL,7/11/2022,292.1,297.0,284.2,285.1,-4.33,20392.0,540.0,393.1
GMFIL,7/12/2022,285.0,300.0,283.1,294.9,3.44,16330.0,540.0,393.1
GMFIL,7/13/2022,295.0,310.0,294.0,309.0,4.78,18802.0,540.0,393.1
GMFIL,7/14/2022,310.0,314.9,300.0,309.0,0.0,13513.0,540.0,393.1
GMFIL,7/15/2022,302.9,308.9,298.0,307.0,-0.65,5524.0,540.0,393.1
GMFIL,7/17/2022,310.0,313.1,304.0,309.0,0.65,9186.0,540.0,393.1
GMFIL,7/18/2022,310.8,315.1,304.1,312.0,0.97,12423.0,540.0,393.1
GMFIL,7/19/2022,318.0,327.0,315.0,327.0,4.81,47570.0,540.0,393.1
GMFIL,7/20/2022,322.0,341.7,320.0,333.0,1.83,50515.0,540.0,393.1
GMFIL,7/21/2022,327.1,338.0,326.1,326.5,-1.95,46247.0,540.0,393.1
GMFIL,7/22/2022,330.0,330.0,316.3,317.0,-2.91,24699.0,540.0,393.1
GMFIL,7/24/2022,323.3,342.0,321.0,342.0,7.89,43437.0,540.0,393.1
GMFIL,7/25/2022,345.0,376.1,342.5,376.0,9.94,76212.0,540.0,393.1
GMFIL,7/26/2022,376.0,380.0,353.8,357.1,-5.03,62928.0,540.0,393.1
GMFIL,7/27/2022,350.0,386.0,350.0,378.7,6.05,57723.0,540.0,393.1
GMFIL,7/28/2022,375.0,416.0,375.0,407.8,7.68,121607.0,540.0,393.1
GMFIL,7/29/2022,414.0,415.9,393.0,409.9,0.51,42686.0,540.0,393.1
GMFIL,7/31/2022,402.0,423.0,400.0,401.1,-2.15,49721.0,540.0,393.1
GMFIL,8/1/2022,394.0,405.0,389.0,394.7,-1.6,71951.0,540.0,393.1
GMFIL,8/2/2022,387.0,397.5,381.9,388.0,-1.7,39340.0,540.0,393.1
GMFIL,8/3/2022,395.0,398.0,375.0,380.0,-2.06,47713.0,540.0,393.1
GMFIL,8/4/2022,385.0,386.8,372.6,374.0,-1.58,59527.0,540.0,393.1
GMFIL,8/5/2022,367.0,381.4,350.0,350.0,-6.42,20297.0,540.0,393.1
GMFIL,8/7/2022,357.0,380.0,357.0,380.0,8.57,36794.0,540.0,393.1
GMFIL,8/8/2022,387.6,391.0,365.0,369.0,-2.89,30551.0,540.0,393.1
GMFIL,8/9/2022,362.6,376.0,356.0,356.0,-3.52,22698.0,540.0,393.1
GMFIL,8/10/2022,351.0,367.0,350.0,357.0,0.28,18698.0,540.0,393.1
GMFIL,8/11/2022,354.0,367.2,350.2,356.0,-0.28,17066.0,540.0,393.1
GMFIL,8/14/2022,353.0,357.0,350.1,351.0,-1.4,12363.0,540.0,393.1
GMFIL,8/15/2022,345.0,377.0,345.0,377.0,7.41,27164.0,540.0,393.1
GMFIL,8/16/2022,384.0,392.0,359.0,365.0,-3.18,51780.0,540.0,393.1
GMFIL,8/17/2022,366.1,375.0,360.0,370.0,1.37,20320.0,540.0,393.1
GMFIL,8/18/2022,377.4,390.0,372.0,385.0,4.05,42409.0,540.0,393.1
GMFIL,8/21/2022,385.0,393.0,370.0,378.0,-1.82,16917.0,540.0,393.1
GMFIL,8/22/2022,378.0,382.8,371.0,376.0,-0.53,13333.0,540.0,393.1
GMFIL,8/23/2022,380.0,380.0,369.0,375.0,-0.27,8676.0,540.0,393.1
GMFIL,8/24/2022,382.5,382.7,370.0,374.0,-0.27,14907.0,540.0,393.1
GMFIL,8/25/2022,379.9,379.9,358.0,361.0,-3.48,10605.0,540.0,393.1
GMFIL,8/26/2022,358.0,358.0,348.0,354.9,-1.69,25302.0,540.0,393.1
GMFIL,8/28/2022,349.0,356.0,338.0,338.0,-4.76,31231.0,540.0,393.1
GMFIL,8/29/2022,333.0,358.3,333.0,345.0,2.07,17255.0,540.0,393.1
GMFIL,8/30/2022,351.9,357.9,343.0,348.0,0.87,4988.0,540.0,393.1
GMFIL,8/31/2022,348.0,348.0,336.0,340.1,-2.27,9020.0,540.0,393.1
GMFIL,9/1/2022,340.1,355.0,331.0,348.0,2.32,14200.0,540.0,393.1
GMFIL,9/2/2022,348.0,349.8,342.9,342.9,-1.47,1365.0,540.0,393.1
GMFIL,9/4/2022,342.9,353.8,342.9,344.0,0.32,4021.0,540.0,393.1
GMFIL,9/5/2022,350.0,355.0,339.2,344.9,0.26,4235.0,540.0,393.1
GMFIL,9/6/2022,339.0,344.0,335.2,338.6,-1.83,4043.0,540.0,393.1
GMFIL,9/7/2022,332.0,341.9,332.0,338.0,-0.18,6738.0,540.0,393.1
GMFIL,9/8/2022,332.1,345.8,332.0,339.0,0.3,7193.0,540.0,393.1
GMFIL,9/11/2022,333.3,340.0,333.0,336.0,-0.88,7875.0,540.0,393.1
GMFIL,9/12/2022,331.6,332.9,326.2,330.0,-1.79,10805.0,540.0,393.1
GMFIL,9/13/2022,336.0,342.0,336.0,338.0,2.42,9331.0,540.0,393.1
GMFIL,9/14/2022,339.0,360.2,339.0,360.0,6.51,23550.0,540.0,393.1
GMFIL,9/15/2022,367.2,367.2,335.0,337.0,-6.39,30112.0,540.0,393.1
GMFIL,9/16/2022,331.0,336.9,324.0,330.0,-2.08,12572.0,540.0,393.1
GMFIL,9/18/2022,336.6,336.6,323.4,323.4,-2.0,11861.0,540.0,393.1
GMFIL,9/20/2022,318.0,320.2,307.0,310.5,-3.99,19741.0,540.0,393.1
GMFIL,9/21/2022,316.7,323.0,316.3,318.2,2.48,7395.0,540.0,393.1
GMFIL,9/22/2022,320.0,320.0,315.1,316.3,-0.6,4522.0,540.0,393.1
GMFIL,9/25/2022,310.1,314.0,305.0,306.0,-3.26,6660.0,540.0,393.1
GMFIL,9/27/2022,310.0,317.0,309.0,315.5,3.1,9945.0,540.0,393.1
GMFIL,9/28/2022,312.1,314.0,305.8,311.0,-1.43,7404.0,540.0,393.1
GMFIL,9/29/2022,316.9,321.9,310.1,321.9,3.5,12074.0,540.0,393.1
GMFIL,10/9/2022,325.0,353.0,325.0,349.9,8.7,7883.0,540.0,393.1
GMFIL,10/10/2022,355.0,355.0,332.0,339.6,-2.94,9121.0,540.0,393.1
GMFIL,10/11/2022,333.0,333.0,326.0,330.0,-2.83,3463.0,540.0,393.1
GMFIL,10/12/2022,325.0,342.0,325.0,339.0,2.73,9710.0,540.0,393.1
GMFIL,10/13/2022,340.0,345.0,329.1,341.9,0.86,5396.0,540.0,393.1
GMFIL,10/16/2022,337.0,337.0,327.0,331.0,-3.19,5540.0,540.0,393.1
GMFIL,10/17/2022,337.0,344.3,325.0,329.9,-0.33,3601.0,540.0,393.1
GMFIL,10/19/2022,324.0,324.0,317.6,323.5,-1.94,1882.0,540.0,393.1
GMFIL,10/20/2022,325.0,325.0,318.5,319.0,-1.39,5694.0,540.0,393.1
GMFIL,10/23/2022,318.0,329.0,318.0,322.0,0.94,1945.0,540.0,393.1
GMFIL,10/31/2022,315.6,315.6,306.1,315.0,-2.17,11549.0,540.0,393.1
GMFIL,11/1/2022,310.0,337.9,310.0,337.9,7.27,8764.0,540.0,393.1
GMFIL,11/2/2022,340.0,343.9,326.6,338.0,0.03,9674.0,540.0,393.1
GMFIL,11/3/2022,334.0,342.8,323.4,327.1,-3.22,3995.0,540.0,393.1
GMFIL,11/6/2022,330.0,340.0,330.0,337.0,3.03,4873.0,540.0,393.1
GMFIL,11/7/2022,343.7,345.9,332.0,338.8,0.53,21469.0,540.0,393.1
GMFIL,11/8/2022,332.2,339.0,326.0,337.5,-0.38,3460.0,540.0,393.1
GMFIL,11/9/2022,337.0,340.0,315.6,327.0,-3.11,7001.0,540.0,393.1
GMFIL,11/10/2022,321.1,321.1,310.0,310.0,-5.2,9282.0,540.0,393.1
GMFIL,11/13/2022,310.0,321.8,305.0,314.0,1.29,5510.0,540.0,393.1
GMFIL,11/14/2022,308.0,321.0,307.8,321.0,2.23,6054.0,540.0,393.1
GMFIL,11/15/2022,321.0,326.3,304.0,318.0,-0.93,6770.0,540.0,393.1
GMFIL,11/16/2022,312.0,323.2,312.0,316.0,-0.63,5456.0,540.0,393.1
GMFIL,11/17/2022,322.0,326.9,320.0,322.0,1.9,13787.0,540.0,393.1
GMFIL,11/22/2022,328.4,328.4,317.0,321.0,-0.31,2733.0,540.0,393.1
GMFIL,11/23/2022,315.1,322.0,315.1,316.0,-1.56,3582.0,540.0,393.1
GMFIL,11/24/2022,316.0,320.0,315.6,318.0,0.63,4757.0,540.0,393.1
GMFIL,11/27/2022,324.3,331.0,318.0,325.0,2.2,3953.0,540.0,393.1
GMFIL,11/28/2022,331.5,337.9,320.1,320.1,-1.51,6060.0,540.0,393.1
GMFIL,11/29/2022,317.0,333.0,315.0,333.0,4.03,4545.0,540.0,393.1
GMFIL,11/30/2022,326.5,327.0,322.1,322.1,-3.27,1082.0,540.0,393.1
GMFIL,12/1/2022,317.1,328.0,317.1,325.0,0.9,5028.0,540.0,393.1
GMFIL,12/4/2022,331.0,331.0,319.0,322.5,-0.77,5083.0,540.0,393.1
GMFIL,12/5/2022,319.0,325.0,314.0,317.0,-1.71,2752.0,540.0,393.1
GMFIL,12/6/2022,317.0,318.3,310.0,318.0,0.32,4408.0,540.0,393.1
GMFIL,12/7/2022,313.5,315.0,312.0,312.0,-1.89,5250.0,540.0,393.1
GMFIL,12/11/2022,310.0,312.4,306.3,307.0,-1.6,3976.0,540.0,393.1
GMFIL,12/12/2022,302.4,312.9,301.0,312.9,1.92,6708.0,540.0,393.1
GMFIL,12/13/2022,318.9,318.9,306.8,313.5,0.19,2956.0,540.0,393.1
GMFIL,12/14/2022,314.0,314.0,304.0,304.0,-3.03,970.0,540.0,393.1
GMFIL,12/15/2022,305.0,313.0,305.0,307.0,0.99,3611.0,540.0,393.1
GMFIL,12/18/2022,305.0,305.0,296.0,296.0,-3.58,6604.0,540.0,393.1
GMFIL,12/19/2022,295.1,301.9,291.0,299.0,1.01,5482.0,540.0,393.1
GMFIL,12/20/2022,302.9,306.0,302.0,302.0,1.0,2985.0,540.0,393.1
GMFIL,12/21/2022,301.0,301.0,297.0,297.0,-1.66,598.0,540.0,393.1
GMFIL,12/22/2022,295.0,299.5,294.0,299.4,0.81,1780.0,540.0,393.1
GMFIL,12/26/2022,305.3,326.2,305.0,326.2,8.95,14484.0,540.0,393.1
GMFIL,12/27/2022,332.7,343.0,326.1,334.0,2.39,64023.0,540.0,393.1
GMFIL,12/28/2022,328.0,345.0,326.0,331.9,-0.63,14964.0,540.0,393.1
GMFIL,12/29/2022,334.0,351.0,332.1,349.0,5.15,21430.0,540.0,393.1
GMFIL,1/1/2023,355.0,355.0,340.0,343.0,-1.72,12326.0,540.0,393.1
GMFIL,1/2/2023,344.0,354.9,338.1,351.0,2.33,18381.0,540.0,393.1
GMFIL,1/3/2023,358.0,363.0,342.0,345.0,-1.71,7236.0,540.0,393.1
GMFIL,1/4/2023,350.0,362.0,344.0,361.0,4.64,18661.0,540.0,393.1
GMFIL,1/5/2023,368.2,380.0,350.0,368.5,2.08,41670.0,540.0,393.1
GMFIL,1/8/2023,375.8,386.0,363.0,379.9,3.09,33988.0,540.0,393.1
GMFIL,1/9/2023,372.7,392.7,372.5,388.0,2.13,37344.0,540.0,393.1
GMFIL,1/10/2023,394.0,397.0,363.0,379.0,-2.32,43485.0,540.0,393.1
GMFIL,1/12/2023,385.0,392.7,356.0,356.1,-6.04,37449.0,540.0,393.1
GMFIL,1/17/2023,363.2,376.0,352.0,373.0,4.75,25727.0,540.0,393.1
GMFIL,1/18/2023,367.2,382.0,362.8,362.8,-2.73,36032.0,540.0,393.1
GMFIL,1/19/2023,361.0,373.0,361.0,370.0,1.98,21342.0,540.0,393.1
GMFIL,1/23/2023,367.0,382.5,360.0,363.0,-1.89,28981.0,540.0,393.1
GMFIL,1/24/2023,359.2,387.0,359.0,387.0,6.61,26475.0,540.0,393.1
GMFIL,1/25/2023,390.0,393.0,378.0,380.0,-1.81,21534.0,540.0,393.1
GMFIL,1/26/2023,387.0,387.0,368.7,371.8,-2.16,6428.0,540.0,393.1
GMFIL,1/29/2023,370.0,378.0,365.0,370.0,-0.48,11635.0,540.0,393.1
GMFIL,1/30/2023,363.2,368.0,357.0,359.9,-2.73,9320.0,540.0,393.1
GMFIL,1/31/2023,353.0,375.3,353.0,360.6,0.19,10651.0,540.0,393.1
GMFIL,2/1/2023,367.0,370.0,360.0,365.0,1.22,5942.0,540.0,393.1
GMFIL,2/2/2023,365.0,372.3,354.0,365.0,0.0,24070.0,540.0,393.1
GMFIL,2/5/2023,340.5,350.0,340.5,341.0,-6.58,11732.0,540.0,393.1
GMFIL,2/6/2023,338.0,343.0,337.0,341.0,0.0,8121.0,540.0,393.1
GMFIL,2/7/2023,347.6,359.0,346.9,359.0,5.28,10739.0,540.0,393.1
GMFIL,2/8/2023,365.0,365.0,352.7,352.7,-1.75,10744.0,540.0,393.1
GMFIL,2/9/2023,353.0,358.9,350.0,353.1,0.11,6916.0,540.0,393.1
GMFIL,2/12/2023,346.1,350.0,335.0,338.9,-4.02,12707.0,540.0,393.1
GMFIL,2/14/2023,344.9,345.0,335.0,342.0,0.91,7732.0,540.0,393.1
GMFIL,2/15/2023,336.1,344.0,335.5,337.0,-1.46,6965.0,540.0,393.1
GMFIL,2/16/2023,335.0,343.0,326.0,328.0,-2.67,6652.0,540.0,393.1
GMFIL,2/20/2023,332.0,332.0,322.6,328.0,0.0,7081.0,540.0,393.1
GMFIL,2/22/2023,333.0,340.0,325.0,335.0,2.13,3403.0,540.0,393.1
GMFIL,2/23/2023,340.0,340.0,323.8,328.0,-2.09,3695.0,540.0,393.1
GMFIL,2/26/2023,321.5,334.0,309.0,327.4,-0.18,4690.0,540.0,393.1
GMFIL,2/27/2023,332.0,333.9,314.7,325.3,-0.64,8693.0,540.0,393.1
GMFIL,2/28/2023,330.0,333.3,325.0,325.0,-0.09,3540.0,540.0,393.1
GMFIL,3/1/2023,331.0,331.0,324.0,326.0,0.31,384.0,540.0,393.1
GMFIL,3/2/2023,319.5,330.0,318.0,330.0,1.23,762.0,540.0,393.1
GMFIL,3/5/2023,330.0,330.0,313.7,321.5,-2.58,3241.0,540.0,393.1
GMFIL,3/7/2023,327.9,333.0,315.1,329.0,2.33,7917.0,540.0,393.1
GMFIL,3/9/2023,334.0,336.8,328.3,335.0,1.82,5655.0,540.0,393.1
GMFIL,3/12/2023,341.0,344.6,320.0,330.4,-1.37,2220.0,540.0,393.1
GMFIL,3/13/2023,337.0,337.0,315.6,327.0,-1.03,3814.0,540.0,393.1
GMFIL,3/14/2023,321.0,330.0,321.0,327.9,0.28,1260.0,540.0,393.1
GMFIL,3/15/2023,322.1,331.9,318.8,324.9,-0.91,4180.0,540.0,393.1
GMFIL,3/16/2023,331.3,331.3,319.3,326.0,0.34,5132.0,540.0,393.1
GMFIL,3/19/2023,320.1,332.5,319.5,327.0,0.31,1733.0,540.0,393.1
GMFIL,3/20/2023,329.0,329.8,325.0,327.0,0.0,2010.0,540.0,393.1
GMFIL,3/22/2023,333.5,333.5,315.6,324.6,-0.73,7160.0,540.0,393.1
GMFIL,3/23/2023,323.0,325.0,315.0,318.0,-2.03,4584.0,540.0,393.1
GMFIL,3/26/2023,312.0,315.0,308.0,308.0,-3.14,3160.0,540.0,393.1
GMFIL,3/27/2023,304.0,320.0,303.0,313.0,1.62,6791.0,540.0,393.1
GMFIL,3/28/2023,311.2,323.0,311.2,316.0,0.96,5268.0,540.0,393.1
GMFIL,3/29/2023,311.0,312.0,308.0,308.2,-2.47,5444.0,540.0,393.1
GMFIL,3/30/2023,314.3,317.0,309.0,310.0,0.58,2210.0,540.0,393.1
GMFIL,4/2/2023,316.0,316.0,309.0,309.0,-0.32,2330.0,540.0,393.1
GMFIL,4/3/2023,314.0,314.0,306.2,308.8,-0.06,2430.0,540.0,393.1
GMFIL,4/4/2023,313.0,313.0,306.0,306.0,-0.91,1152.0,540.0,393.1
GMFIL,4/5/2023,306.0,312.0,306.0,307.1,0.36,1100.0,540.0,393.1
GMFIL,4/6/2023,303.1,308.0,301.0,302.9,-1.37,3580.0,540.0,393.1
GMFIL,4/9/2023,297.0,302.9,297.0,297.0,-1.95,2940.0,540.0,393.1
GMFIL,4/10/2023,301.0,304.0,292.4,292.4,-1.55,2130.0,540.0,393.1
GMFIL,4/11/2023,298.2,304.0,295.0,302.0,3.28,2849.0,540.0,393.1
GMFIL,4/12/2023,302.0,325.0,302.0,323.9,7.25,11865.0,540.0,393.1
GMFIL,4/13/2023,320.0,336.0,315.5,315.5,-2.59,5264.0,540.0,393.1
GMFIL,4/16/2023,318.0,325.0,316.1,318.5,0.95,2174.0,540.0,393.1
GMFIL,4/17/2023,313.1,313.1,310.2,310.2,-2.61,2025.0,540.0,393.1
GMFIL,4/18/2023,307.0,313.1,305.0,309.7,-0.16,1220.0,540.0,393.1
GMFIL,4/19/2023,314.7,314.7,309.0,309.0,-0.23,550.0,540.0,393.1
GMFIL,4/20/2023,312.8,312.8,307.3,307.3,-0.55,1735.0,540.0,393.1
GMFIL,4/23/2023,303.1,303.1,301.5,302.1,-1.69,884.0,540.0,393.1
GMFIL,4/24/2023,306.9,307.0,301.5,305.0,0.96,1750.0,540.0,393.1
GMFIL,4/25/2023,311.0,311.1,307.0,310.8,1.9,590.0,540.0,393.1
GMFIL,4/26/2023,306.1,308.0,305.0,305.0,-1.87,960.0,540.0,393.1
GMFIL,4/27/2023,311.0,311.0,304.8,309.0,1.31,280.0,540.0,393.1
GMFIL,4/30/2023,309.0,309.0,303.1,303.1,-1.91,975.0,540.0,393.1
GMFIL,5/2/2023,309.0,309.0,299.0,304.0,0.3,820.0,540.0,393.1
GMFIL,5/3/2023,302.0,302.3,295.0,295.4,-2.83,2237.0,540.0,393.1
GMFIL,5/4/2023,295.0,310.4,295.0,304.2,2.98,1139.0,540.0,393.1
GMFIL,5/7/2023,300.0,303.0,292.3,303.0,-0.39,1062.0,540.0,393.1
GMFIL,5/8/2023,304.7,304.7,285.5,294.9,-2.67,905.0,540.0,393.1
GMFIL,5/9/2023,290.0,300.0,290.0,298.0,1.05,1420.0,540.0,393.1
GMFIL,5/10/2023,294.0,299.0,294.0,297.0,-0.34,1150.0,540.0,393.1
GMFIL,5/11/2023,293.0,293.0,288.0,288.0,-3.03,1758.0,540.0,393.1
GMFIL,5/14/2023,290.0,291.0,277.0,291.0,1.04,2295.0,540.0,393.1
GMFIL,5/15/2023,289.0,294.0,283.3,283.3,-2.65,1810.0,540.0,393.1
GMFIL,5/16/2023,279.0,286.5,279.0,279.0,-1.52,2372.0,540.0,393.1
GMFIL,5/17/2023,277.2,296.8,277.0,296.8,6.38,3583.0,540.0,393.1
GMFIL,5/18/2023,291.0,308.5,290.9,308.0,3.77,6972.0,540.0,393.1
GMFIL,5/21/2023,310.0,310.0,298.0,303.8,-1.36,6620.0,540.0,393.1
GMFIL,5/22/2023,298.1,306.9,298.1,306.9,1.02,3412.0,540.0,393.1
GMFIL,5/23/2023,310.0,316.1,310.0,313.5,2.15,4602.0,540.0,393.1
GMFIL,5/24/2023,315.0,319.0,310.2,312.0,-0.48,5256.0,540.0,393.1
GMFIL,5/28/2023,307.2,312.9,304.0,304.0,-2.56,3878.0,540.0,393.1
GMFIL,5/30/2023,300.0,300.0,292.0,295.0,-2.96,6069.0,540.0,393.1
GMFIL,5/31/2023,290.0,296.0,281.0,285.0,-3.39,7349.0,540.0,393.1
GMFIL,6/1/2023,288.9,293.0,284.7,288.0,1.05,1680.0,540.0,393.1
GMFIL,6/4/2023,293.3,302.9,293.3,300.0,4.17,4382.0,540.0,393.1
GMFIL,6/5/2023,304.0,307.0,292.0,292.0,-2.67,2739.0,540.0,393.1
GMFIL,6/6/2023,297.8,297.8,287.0,296.0,1.37,3758.0,540.0,393.1
GMFIL,6/7/2023,301.0,307.0,294.0,298.0,0.68,3021.0,540.0,393.1
GMFIL,6/8/2023,293.1,299.9,293.1,299.0,0.34,3879.0,540.0,393.1
GMFIL,6/11/2023,300.0,326.0,300.0,325.0,8.7,28017.0,540.0,393.1
GMFIL,6/12/2023,331.0,331.0,318.0,323.0,-0.62,14499.0,540.0,393.1
GMFIL,6/13/2023,325.0,337.0,322.0,335.0,3.72,38249.0,540.0,393.1
GMFIL,6/14/2023,330.1,340.0,326.4,333.0,-0.6,17149.0,540.0,393.1
GMFIL,6/15/2023,327.5,333.5,321.0,329.0,-1.2,3616.0,540.0,393.1
GMFIL,6/18/2023,333.0,344.0,332.0,334.8,1.76,9608.0,540.0,393.1
GMFIL,6/19/2023,340.0,368.2,337.0,362.0,8.12,59905.0,540.0,393.1
GMFIL,6/20/2023,368.6,369.0,342.5,347.0,-4.14,25484.0,540.0,393.1
GMFIL,6/21/2023,341.2,352.0,336.0,336.0,-3.17,9910.0,540.0,393.1
GMFIL,6/22/2023,336.1,348.7,328.0,339.9,1.16,9111.0,540.0,393.1
GMFIL,6/25/2023,340.0,360.0,340.0,357.9,5.3,28257.0,540.0,393.1
GMFIL,6/26/2023,364.0,378.0,358.0,372.0,3.94,66675.0,540.0,393.1
GMFIL,6/27/2023,379.4,392.0,374.0,392.0,5.38,87830.0,540.0,393.1
GMFIL,6/28/2023,392.0,395.5,371.1,371.1,-5.33,27114.0,540.0,393.1
GMFIL,7/2/2023,376.0,376.0,357.0,364.0,-1.91,21258.0,540.0,393.1
GMFIL,7/3/2023,357.0,372.0,357.0,362.0,-0.55,24304.0,540.0,393.1
GMFIL,7/4/2023,369.2,373.9,357.7,370.0,2.21,17053.0,540.0,393.1
GMFIL,7/5/2023,370.0,377.0,358.7,362.5,-2.03,26185.0,540.0,393.1
GMFIL,7/6/2023,356.2,365.0,350.1,364.0,0.41,7098.0,540.0,393.1
GMFIL,7/9/2023,370.0,374.8,366.6,372.0,2.2,21885.0,540.0,393.1
GMFIL,7/10/2023,376.0,407.0,375.0,398.9,7.23,115218.0,540.0,393.1
GMFIL,7/11/2023,402.0,424.0,399.0,412.0,3.28,81749.0,540.0,393.1
GMFIL,7/12/2023,415.0,417.0,398.0,399.0,-3.16,38374.0,540.0,393.1
GMFIL,7/13/2023,391.9,407.0,391.9,399.8,0.2,46193.0,540.0,393.1
GMFIL,7/16/2023,407.6,407.6,386.0,396.8,-0.75,31559.0,540.0,393.1
GMFIL,7/17/2023,399.0,421.9,395.4,421.0,6.1,77056.0,540.0,393.1
GMFIL,7/18/2023,420.0,427.0,412.2,414.1,-1.64,50944.0,540.0,393.1
GMFIL,7/19/2023,411.0,422.0,410.0,416.0,0.46,38928.0,540.0,393.1
GMFIL,7/20/2023,412.0,419.0,408.0,412.0,-0.96,18359.0,540.0,393.1
GMFIL,7/23/2023,410.0,423.0,410.0,414.1,0.51,36000.0,540.0,393.1
GMFIL,7/24/2023,406.1,418.0,398.1,403.2,-2.63,32058.0,540.0,393.1
GMFIL,7/25/2023,400.0,406.0,393.0,393.0,-2.53,25161.0,540.0,393.1
GMFIL,7/26/2023,386.2,404.9,386.2,396.9,0.99,19168.0,540.0,393.1
GMFIL,7/27/2023,404.7,404.7,390.2,390.2,-1.69,13404.0,540.0,393.1
GMFIL,7/30/2023,388.0,390.0,373.0,380.0,-2.61,14839.0,540.0,393.1
GMFIL,7/31/2023,387.0,390.0,374.0,381.0,0.26,24143.0,540.0,393.1
GMFIL,8/1/2023,388.0,388.0,366.0,371.0,-2.62,7297.0,540.0,393.1
GMFIL,8/2/2023,367.0,377.9,364.2,377.8,1.83,19428.0,540.0,393.1
GMFIL,8/3/2023,378.0,384.8,372.0,373.0,-1.27,9314.0,540.0,393.1
GMFIL,8/6/2023,366.1,369.9,352.0,362.0,-2.95,20960.0,540.0,393.1
GMFIL,8/7/2023,355.0,367.8,348.0,367.5,1.52,15274.0,540.0,393.1
GMFIL,8/8/2023,366.0,366.5,343.0,350.0,-4.76,12891.0,540.0,393.1
GMFIL,8/9/2023,351.0,363.1,344.2,361.6,3.31,13163.0,540.0,393.1
GMFIL,8/10/2023,355.0,367.4,349.0,363.0,0.39,19802.0,540.0,393.1
GMFIL,8/13/2023,365.0,365.0,358.0,359.0,-1.1,6745.0,540.0,393.1
GMFIL,8/14/2023,363.0,363.5,350.0,354.9,-1.14,27271.0,540.0,393.1
GMFIL,8/15/2023,348.6,352.0,345.0,346.5,-2.37,9690.0,540.0,393.1
GMFIL,8/16/2023,348.0,353.0,337.0,340.0,-1.88,12671.0,540.0,393.1
GMFIL,8/17/2023,346.0,350.0,338.1,347.9,2.32,19611.0,540.0,393.1
GMFIL,8/20/2023,347.9,352.0,341.0,343.9,-1.15,10600.0,540.0,393.1
GMFIL,8/21/2023,349.0,349.0,330.4,335.0,-2.59,29106.0,540.0,393.1
GMFIL,8/22/2023,340.0,354.0,338.0,353.9,5.64,5652.0,540.0,393.1
GMFIL,8/23/2023,348.0,360.0,347.5,356.3,0.68,20552.0,540.0,393.1
GMFIL,8/24/2023,355.0,357.0,341.1,343.9,-3.48,12488.0,540.0,393.1
GMFIL,8/27/2023,338.0,344.7,335.0,343.0,-0.26,7556.0,540.0,393.1
GMFIL,8/28/2023,340.2,345.0,337.0,337.1,-1.72,2483.0,540.0,393.1
GMFIL,8/29/2023,342.0,343.0,337.1,341.0,1.16,6145.0,540.0,393.1
GMFIL,8/30/2023,335.0,347.8,335.0,341.0,0.0,6026.0,540.0,393.1
GMFIL,9/3/2023,337.0,344.0,332.0,335.0,-1.76,7312.0,540.0,393.1
GMFIL,9/4/2023,339.0,339.0,331.0,338.0,0.9,4731.0,540.0,393.1
GMFIL,9/5/2023,335.0,336.0,334.0,334.0,-1.18,1750.0,540.0,393.1
GMFIL,9/7/2023,328.5,336.0,328.5,333.8,-0.06,4824.0,540.0,393.1
GMFIL,9/10/2023,340.0,342.0,332.0,332.5,-0.39,2113.0,540.0,393.1
GMFIL,9/11/2023,335.0,352.0,335.0,352.0,5.86,16795.0,540.0,393.1
GMFIL,9/12/2023,346.0,351.9,336.1,339.0,-3.69,7089.0,540.0,393.1
GMFIL,9/13/2023,345.7,365.0,335.5,365.0,7.67,25835.0,540.0,393.1
GMFIL,9/17/2023,359.0,359.0,346.1,348.0,-4.66,18532.0,540.0,393.1
GMFIL,9/18/2023,343.2,354.9,343.0,350.0,0.57,4277.0,540.0,393.1
GMFIL,9/19/2023,346.3,361.0,346.3,361.0,3.14,3774.0,540.0,393.1
GMFIL,9/21/2023,368.0,387.0,367.5,376.0,4.16,48967.0,540.0,393.1
GMFIL,9/24/2023,373.3,380.0,366.0,366.0,-2.66,6231.0,540.0,393.1
GMFIL,9/25/2023,372.0,374.9,365.0,370.0,1.09,9917.0,540.0,393.1
GMFIL,9/26/2023,374.0,379.9,371.1,375.0,1.35,11054.0,540.0,393.1
GMFIL,9/27/2023,370.0,374.8,362.2,365.3,-2.59,8215.0,540.0,393.1
GMFIL,10/1/2023,366.0,366.0,353.3,355.0,-2.82,12887.0,540.0,393.1
GMFIL,10/2/2023,352.1,365.0,348.0,356.0,0.28,3738.0,540.0,393.1
GMFIL,10/3/2023,360.0,360.0,349.1,350.0,-1.69,5766.0,540.0,393.1
GMFIL,10/4/2023,345.0,364.1,345.0,352.2,0.63,3134.0,540.0,393.1
GMFIL,10/5/2023,357.0,357.0,345.3,350.0,-0.62,5097.0,540.0,393.1
GMFIL,10/8/2023,343.0,348.0,341.0,344.0,-1.71,12542.0,540.0,393.1
GMFIL,10/9/2023,345.0,349.0,339.0,339.0,-1.45,6710.0,540.0,393.1
GMFIL,10/10/2023,335.5,342.2,329.0,331.0,-2.36,25838.0,540.0,393.1
GMFIL,10/11/2023,325.0,340.1,314.3,337.0,1.81,11959.0,540.0,393.1
GMFIL,10/12/2023,330.3,335.0,325.0,325.1,-3.53,12629.0,540.0,393.1
GMFIL,10/16/2023,318.6,331.3,318.6,324.0,-0.34,3243.0,540.0,393.1
GMFIL,10/17/2023,329.9,334.0,325.0,331.5,2.31,5766.0,540.0,393.1
GMFIL,10/18/2023,325.5,342.0,325.0,340.0,2.56,5374.0,540.0,393.1
GMFIL,10/19/2023,333.2,338.0,327.0,331.1,-2.62,4127.0,540.0,393.1
GMFIL,10/29/2023,337.2,337.2,325.0,327.9,-0.97,2189.0,540.0,393.1
GMFIL,10/30/2023,322.1,334.4,320.0,334.4,1.98,5161.0,540.0,393.1
GMFIL,10/31/2023,327.8,339.9,323.0,339.9,1.64,2345.0,540.0,393.1
GMFIL,11/1/2023,333.2,337.8,330.0,330.0,-2.91,1530.0,540.0,393.1
GMFIL,11/2/2023,325.5,328.0,320.3,320.5,-2.88,2489.0,540.0,393.1
GMFIL,11/5/2023,315.0,319.0,313.0,319.0,-0.47,3962.0,540.0,393.1
GMFIL,11/6/2023,324.0,324.0,319.0,322.0,0.94,1798.0,540.0,393.1
GMFIL,11/7/2023,320.0,337.1,320.0,332.4,3.23,817.0,540.0,393.1
GMFIL,11/8/2023,338.9,338.9,326.0,331.7,-0.21,543.0,540.0,393.1
GMFIL,11/9/2023,325.4,331.6,319.0,324.0,-2.32,1020.0,540.0,393.1
GMFIL,11/20/2023,324.0,330.0,315.0,321.0,-0.93,1584.0,540.0,393.1
GMFIL,11/21/2023,315.0,315.0,312.2,315.0,-1.87,2038.0,540.0,393.1
GMFIL,11/22/2023,319.0,321.0,315.0,321.0,1.9,3822.0,540.0,393.1
GMFIL,11/23/2023,325.9,326.0,320.1,325.0,1.25,3264.0,540.0,393.1
GMFIL,11/26/2023,323.1,347.0,323.0,345.0,6.15,18265.0,540.0,393.1
GMFIL,11/27/2023,349.0,349.0,334.2,338.0,-2.03,8344.0,540.0,393.1
GMFIL,11/28/2023,339.0,341.9,333.5,339.0,0.3,4381.0,540.0,393.1
GMFIL,11/29/2023,345.0,345.0,325.4,338.0,-0.29,3993.0,540.0,393.1
GMFIL,11/30/2023,341.0,341.0,322.6,326.0,-3.55,1855.0,540.0,393.1
GMFIL,12/3/2023,325.0,330.4,318.6,330.4,1.35,3519.0,540.0,393.1
GMFIL,12/4/2023,334.0,334.0,327.0,327.0,-1.03,964.0,540.0,393.1
GMFIL,12/5/2023,327.0,327.0,320.0,326.0,-0.31,5378.0,540.0,393.1
GMFIL,12/6/2023,324.0,330.0,318.0,325.0,-0.31,4678.0,540.0,393.1
GMFIL,12/7/2023,326.0,332.0,320.1,329.9,1.51,3270.0,540.0,393.1
GMFIL,12/10/2023,336.4,346.0,336.4,346.0,4.88,520.0,540.0,393.1
GMFIL,12/11/2023,350.0,357.0,340.0,340.0,-1.73,20721.0,540.0,393.1
GMFIL,12/12/2023,345.0,360.0,343.0,356.0,4.71,11594.0,540.0,393.1
GMFIL,12/13/2023,360.0,376.0,358.0,365.0,2.53,51097.0,540.0,393.1
GMFIL,12/14/2023,358.0,380.0,358.0,378.0,3.56,16836.0,540.0,393.1
GMFIL,12/17/2023,370.5,385.0,364.0,383.0,1.32,20310.0,540.0,393.1
GMFIL,12/18/2023,389.9,400.0,376.1,385.0,0.52,51409.0,540.0,393.1
GMFIL,12/19/2023,392.7,392.7,376.4,381.9,-0.81,17861.0,540.0,393.1
GMFIL,12/20/2023,383.0,393.0,378.0,388.0,1.6,25901.0,540.0,393.1
GMFIL,12/21/2023,395.0,395.0,372.1,372.1,-4.1,23082.0,540.0,393.1
GMFIL,12/24/2023,379.5,379.5,363.7,365.0,-1.91,29129.0,540.0,393.1
GMFIL,12/27/2023,369.0,372.3,356.0,356.1,-2.44,11377.0,540.0,393.1
GMFIL,12/28/2023,363.0,365.0,351.3,364.0,2.22,8911.0,540.0,393.1
GMFIL,1/1/2024,371.0,371.0,356.8,358.0,-1.65,11178.0,540.0,393.1
GMFIL,1/2/2024,363.0,363.0,346.0,348.0,-2.79,8894.0,540.0,393.1
GMFIL,1/3/2024,354.9,360.0,343.5,358.9,3.13,5487.0,540.0,393.1
GMFIL,1/4/2024,366.0,371.9,352.2,360.0,0.31,11587.0,540.0,393.1
GMFIL,1/7/2024,352.9,365.0,348.9,356.8,-0.89,16368.0,540.0,393.1
GMFIL,1/8/2024,360.0,363.0,350.0,362.0,1.46,13683.0,540.0,393.1
GMFIL,1/9/2024,369.0,382.0,367.5,376.0,3.87,34816.0,540.0,393.1
GMFIL,1/10/2024,383.0,390.0,373.0,375.0,-0.27,17400.0,540.0,393.1
GMFIL,1/11/2024,382.0,382.0,366.0,366.1,-2.37,2979.0,540.0,393.1
GMFIL,1/14/2024,373.4,380.0,366.0,367.6,0.41,11105.0,540.0,393.1
GMFIL,1/16/2024,374.9,398.0,374.9,393.0,6.91,72972.0,540.0,393.1
GMFIL,1/17/2024,400.8,400.8,378.0,379.0,-3.56,40330.0,540.0,393.1
GMFIL,1/18/2024,374.0,386.4,371.5,379.9,0.24,16478.0,540.0,393.1
GMFIL,1/21/2024,387.0,387.0,360.7,367.0,-3.4,17710.0,540.0,393.1
GMFIL,1/22/2024,362.0,367.0,350.0,353.5,-3.68,23344.0,540.0,393.1
GMFIL,1/23/2024,360.0,360.9,347.0,360.9,2.09,9716.0,540.0,393.1
GMFIL,1/24/2024,368.0,368.0,353.4,353.4,-2.08,4942.0,540.0,393.1
GMFIL,1/25/2024,347.2,360.0,347.2,360.0,1.87,6702.0,540.0,393.1
GMFIL,1/28/2024,367.2,367.2,356.0,362.7,0.75,1996.0,540.0,393.1
GMFIL,1/29/2024,368.0,369.0,356.0,363.1,0.11,3508.0,540.0,393.1
GMFIL,1/30/2024,363.1,367.0,359.0,367.0,1.07,5664.0,540.0,393.1
GMFIL,1/31/2024,368.0,368.0,352.0,353.0,-3.81,5945.0,540.0,393.1
GMFIL,2/1/2024,353.0,362.2,346.1,352.0,-0.28,16381.0,540.0,393.1
GMFIL,2/4/2024,346.0,365.0,345.0,355.0,0.85,4324.0,540.0,393.1
GMFIL,2/5/2024,362.0,362.0,348.3,354.9,-0.03,5489.0,540.0,393.1
GMFIL,2/6/2024,350.0,358.0,350.0,357.9,0.85,11491.0,540.0,393.1
GMFIL,2/7/2024,365.0,365.8,352.0,355.9,-0.56,3613.0,540.0,393.1
GMFIL,2/8/2024,355.9,360.0,352.2,355.0,-0.25,5423.0,540.0,393.1
GMFIL,2/11/2024,348.9,366.0,348.9,350.3,-1.32,5122.0,540.0,393.1
GMFIL,2/12/2024,351.5,360.0,350.0,357.5,2.06,7981.0,540.0,393.1
GMFIL,2/13/2024,354.0,355.0,347.0,349.0,-2.38,6629.0,540.0,393.1
GMFIL,2/14/2024,354.0,379.0,354.0,373.0,6.88,47778.0,540.0,393.1
GMFIL,2/15/2024,368.1,371.0,359.1,361.0,-3.22,14290.0,540.0,393.1
GMFIL,2/18/2024,366.0,368.0,350.0,352.0,-2.49,4670.0,540.0,393.1
GMFIL,2/20/2024,347.6,362.0,347.5,357.7,1.62,13098.0,540.0,393.1
GMFIL,2/21/2024,364.0,364.7,352.0,358.0,0.08,2613.0,540.0,393.1
GMFIL,2/22/2024,360.0,370.0,351.1,351.1,-1.93,15543.0,540.0,393.1
GMFIL,2/25/2024,348.1,368.0,347.0,355.0,1.11,33020.0,540.0,393.1
GMFIL,2/26/2024,355.0,357.0,350.0,356.8,0.51,6513.0,540.0,393.1
GMFIL,2/27/2024,350.0,363.0,350.0,357.9,0.31,4181.0,540.0,393.1
GMFIL,2/28/2024,351.0,355.9,345.0,352.0,-1.65,7652.0,540.0,393.1
GMFIL,2/29/2024,345.1,354.9,337.0,337.0,-4.26,14420.0,540.0,393.1
GMFIL,3/3/2024,333.1,343.6,333.0,340.0,0.89,9347.0,540.0,393.1
GMFIL,3/4/2024,346.8,353.7,346.8,353.7,4.03,20.0,540.0,393.1
GMFIL,3/5/2024,360.7,360.7,343.0,349.0,-1.33,7081.0,540.0,393.1
GMFIL,3/6/2024,353.9,356.0,343.0,354.8,1.66,6273.0,540.0,393.1
GMFIL,3/7/2024,361.0,361.0,349.0,350.5,-1.21,5242.0,540.0,393.1
GMFIL,3/10/2024,357.0,360.0,351.7,357.0,1.85,6672.0,540.0,393.1
GMFIL,3/12/2024,360.0,370.0,360.0,367.4,2.91,9424.0,540.0,393.1
GMFIL,3/13/2024,370.0,380.0,368.0,368.1,0.19,19736.0,540.0,393.1
GMFIL,3/14/2024,373.0,380.0,361.2,370.9,0.76,15513.0,540.0,393.1
GMFIL,3/17/2024,370.0,377.0,361.0,369.9,-0.27,12557.0,540.0,393.1
GMFIL,3/18/2024,374.0,374.0,362.0,366.0,-1.05,6794.0,540.0,393.1
GMFIL,3/19/2024,373.0,384.0,370.0,370.0,1.09,29784.0,540.0,393.1
GMFIL,3/20/2024,377.0,384.0,361.9,362.9,-1.92,6748.0,540.0,393.1
GMFIL,3/21/2024,370.0,377.4,361.0,366.0,0.85,31370.0,540.0,393.1
GMFIL,3/25/2024,361.0,364.0,356.0,360.0,-1.64,4653.0,540.0,393.1
GMFIL,3/26/2024,365.9,365.9,354.3,364.0,1.11,1797.0,540.0,393.1
GMFIL,3/27/2024,369.0,369.0,354.0,354.0,-2.75,5805.0,540.0,393.1
GMFIL,3/28/2024,352.0,363.9,350.0,352.0,-0.56,9483.0,540.0,393.1
GMFIL,3/31/2024,358.0,359.0,350.0,359.0,1.99,5063.0,540.0,393.1
GMFIL,4/1/2024,353.0,365.0,352.0,352.6,-1.78,3561.0,540.0,393.1
GMFIL,4/2/2024,359.5,359.6,350.0,357.0,1.25,2467.0,540.0,393.1
GMFIL,4/3/2024,350.3,354.0,349.0,354.0,-0.84,5840.0,540.0,393.1
GMFIL,4/4/2024,358.0,368.2,349.0,356.0,0.56,10817.0,540.0,393.1
GMFIL,4/7/2024,351.1,377.9,351.0,373.0,4.78,30104.0,540.0,393.1
GMFIL,4/9/2024,380.4,387.6,373.0,382.0,2.41,61127.0,540.0,393.1
GMFIL,4/10/2024,385.0,387.8,366.0,370.0,-3.14,23852.0,540.0,393.1
GMFIL,4/14/2024,365.0,377.0,360.1,365.1,-1.32,15550.0,540.0,393.1
GMFIL,4/15/2024,370.0,375.0,361.7,365.9,0.22,10845.0,540.0,393.1
GMFIL,4/16/2024,362.0,362.0,356.3,360.0,-1.61,9901.0,540.0,393.1
GMFIL,4/18/2024,361.0,363.0,354.0,354.0,-1.67,6624.0,540.0,393.1
GMFIL,4/21/2024,348.2,360.0,348.0,359.0,1.41,9113.0,540.0,393.1
GMFIL,4/22/2024,354.1,356.0,352.0,356.0,-0.84,6290.0,540.0,393.1
GMFIL,4/24/2024,352.0,365.0,352.0,355.0,-0.28,12361.0,540.0,393.1
GMFIL,4/25/2024,362.1,379.0,362.1,370.0,4.23,45330.0,540.0,393.1
GMFIL,4/28/2024,377.0,396.7,373.1,388.0,4.86,88056.0,540.0,393.1
GMFIL,4/29/2024,391.9,402.9,377.3,398.0,2.58,86953.0,540.0,393.1
GMFIL,4/30/2024,404.0,416.5,387.0,390.0,-2.01,103101.0,540.0,393.1
GMFIL,5/2/2024,397.8,397.8,380.1,380.3,-2.49,49236.0,540.0,393.1
GMFIL,5/5/2024,374.0,386.5,371.0,371.0,-2.45,40061.0,540.0,393.1
GMFIL,5/6/2024,371.0,380.0,367.1,371.0,0.0,20128.0,540.0,393.1
GMFIL,5/7/2024,378.3,378.3,367.7,372.4,0.38,11334.0,540.0,393.1
GMFIL,5/8/2024,365.0,389.0,365.0,388.0,4.19,35908.0,540.0,393.1
GMFIL,5/9/2024,392.6,404.9,388.0,397.1,2.35,128476.0,540.0,393.1
GMFIL,5/12/2024,403.9,410.0,400.0,406.8,2.44,95567.0,540.0,393.1
GMFIL,5/13/2024,414.9,414.9,396.9,402.0,-1.18,26464.0,540.0,393.1
GMFIL,5/14/2024,403.0,405.0,395.0,399.0,-0.75,34185.0,540.0,393.1
GMFIL,5/15/2024,405.0,405.0,391.2,396.0,-0.75,25053.0,540.0,393.1
GMFIL,5/16/2024,395.0,399.0,386.3,387.0,-2.27,26759.0,540.0,393.1
GMFIL,5/19/2024,394.7,402.5,388.0,398.0,2.84,29131.0,540.0,393.1
GMFIL,5/20/2024,400.0,405.0,393.2,395.0,-0.75,33990.0,540.0,393.1
GMFIL,5/21/2024,402.8,415.0,401.9,412.5,4.43,45940.0,540.0,393.1
GMFIL,5/22/2024,416.9,417.0,403.0,404.0,-2.06,30248.0,540.0,393.1
GMFIL,5/26/2024,411.0,411.0,382.2,382.2,-5.4,28849.0,540.0,393.1
GMFIL,5/27/2024,389.8,397.4,387.0,395.0,3.35,14370.0,540.0,393.1
GMFIL,5/29/2024,402.9,402.9,383.0,387.0,-2.03,15588.0,540.0,393.1
GMFIL,5/30/2024,389.9,393.0,384.5,390.0,0.78,13039.0,540.0,393.1
GMFIL,6/2/2024,395.0,408.0,395.0,404.0,3.59,41442.0,540.0,393.1
GMFIL,6/3/2024,408.6,415.1,399.0,405.0,0.25,60088.0,540.0,393.1
GMFIL,6/4/2024,409.0,409.0,397.0,400.1,-1.21,16248.0,540.0,393.1
GMFIL,6/5/2024,407.0,409.0,396.9,403.9,0.95,13455.0,540.0,393.1
GMFIL,6/6/2024,407.6,407.6,391.4,392.8,-2.75,10028.0,540.0,393.1
GMFIL,6/9/2024,394.0,399.7,388.0,390.9,-0.48,11442.0,540.0,393.1
GMFIL,6/10/2024,398.7,398.7,386.1,393.0,0.54,18297.0,540.0,393.1
GMFIL,6/11/2024,387.0,403.0,387.0,398.0,1.27,13811.0,540.0,393.1
GMFIL,6/12/2024,404.8,410.0,391.0,409.9,2.99,44055.0,540.0,393.1
GMFIL,6/13/2024,404.0,437.0,404.0,425.0,3.68,111818.0,540.0,393.1
GMFIL,6/16/2024,426.0,430.0,411.0,413.0,-2.82,33614.0,540.0,393.1
GMFIL,6/18/2024,406.1,413.0,402.0,402.2,-2.62,18000.0,540.0,393.1
GMFIL,6/19/2024,408.0,423.0,404.0,412.0,2.44,22357.0,540.0,393.1
GMFIL,6/20/2024,412.0,427.3,409.0,417.5,1.33,47932.0,540.0,393.1
GMFIL,6/23/2024,418.0,450.0,418.0,444.5,6.47,109114.0,540.0,393.1
GMFIL,6/24/2024,453.0,464.0,435.0,455.0,2.36,120715.0,540.0,393.1
GMFIL,6/25/2024,464.0,464.0,434.1,439.7,-3.36,107920.0,540.0,393.1
GMFIL,6/26/2024,444.0,446.0,426.3,440.0,0.07,71579.0,540.0,393.1
GMFIL,6/27/2024,444.3,447.0,436.1,440.0,0.0,49080.0,540.0,393.1
GMFIL,6/30/2024,440.0,444.0,431.4,431.4,-1.95,35246.0,540.0,393.1
GMFIL,7/1/2024,437.0,437.0,429.0,434.0,0.6,29607.0,540.0,393.1
GMFIL,7/2/2024,442.6,460.0,434.0,438.0,0.92,19983.0,540.0,393.1
GMFIL,7/3/2024,445.9,481.7,429.4,481.7,9.98,214869.0,540.0,393.1
GMFIL,7/4/2024,491.0,500.0,466.0,483.0,0.27,111796.0,540.0,393.1
GMFIL,7/7/2024,492.6,492.6,470.2,480.0,-0.62,95528.0,540.0,393.1
GMFIL,7/8/2024,489.0,491.0,471.0,487.0,1.46,109189.0,540.0,393.1
GMFIL,7/9/2024,496.0,500.0,483.0,488.0,0.21,66635.0,540.0,393.1
GMFIL,7/10/2024,482.0,495.0,482.0,488.9,0.18,65959.0,540.0,393.1
GMFIL,7/11/2024,492.5,497.7,487.2,488.9,0.0,94048.0,540.0,393.1
GMFIL,7/14/2024,498.6,508.5,479.3,489.1,0.04,52431.0,540.0,393.1
GMFIL,7/15/2024,493.0,535.0,480.0,520.0,6.32,186368.0,540.0,393.1
GMFIL,7/16/2024,522.0,540.0,522.0,534.0,2.69,80075.0,540.0,393.1
GMFIL,7/17/2024,544.0,580.0,525.0,569.0,6.55,104279.0,540.0,393.1
GMFIL,7/18/2024,557.7,579.0,538.1,545.0,-4.22,126376.0,540.0,393.1
GMFIL,7/21/2024,534.1,575.0,534.1,556.0,2.02,129486.0,540.0,393.1
GMFIL,7/22/2024,544.9,566.0,539.0,555.0,-0.18,68421.0,540.0,393.1
GMFIL,7/23/2024,555.0,561.0,544.0,553.9,-0.2,76384.0,540.0,393.1
GMFIL,7/24/2024,543.5,575.0,543.5,558.0,0.74,123593.0,540.0,393.1
GMFIL,7/25/2024,547.1,593.0,547.1,563.0,0.9,59013.0,540.0,393.1
GMFIL,7/28/2024,551.8,585.4,541.0,560.0,-0.53,112735.0,540.0,393.1
GMFIL,7/29/2024,560.0,585.0,560.0,572.4,2.21,183356.0,540.0,393.1
GMFIL,7/30/2024,583.8,606.3,571.4,600.0,4.82,148939.0,540.0,393.1
GMFIL,7/31/2024,600.0,660.0,591.0,659.2,9.87,198471.0,540.0,393.1
GMFIL,8/1/2024,672.0,690.0,635.1,655.0,-0.64,189854.0,540.0,393.1
GMFIL,8/5/2024,642.0,671.0,614.0,614.0,-6.26,136840.0,540.0,393.1
GMFIL,8/6/2024,614.0,622.0,552.6,590.0,-3.91,173820.0,540.0,393.1
GMFIL,8/7/2024,578.2,636.0,555.7,623.7,5.71,132768.0,540.0,393.1
GMFIL,8/8/2024,625.0,635.0,589.0,601.0,-3.64,95567.0,540.0,393.1
GMFIL,8/11/2024,608.0,615.0,590.0,612.0,1.83,140450.0,540.0,393.1
GMFIL,8/12/2024,620.0,642.0,620.0,630.0,2.94,159738.0,540.0,393.1
GMFIL,8/13/2024,642.6,677.0,618.0,664.0,5.4,191835.0,540.0,393.1
GMFIL,8/14/2024,677.0,709.7,650.8,699.0,5.27,164333.0,540.0,393.1
GMFIL,8/15/2024,697.0,724.2,669.6,672.0,-3.86,183454.0,540.0,393.1
GMFIL,8/18/2024,659.0,699.0,645.0,652.1,-2.96,154808.0,540.0,393.1
GMFIL,8/21/2024,665.1,707.0,655.0,700.0,7.35,223146.0,540.0,393.1
GMFIL,8/22/2024,714.0,759.0,712.9,716.1,2.3,169369.0,540.0,393.1
GMFIL,8/25/2024,720.0,731.9,686.1,688.3,-3.88,145500.0,540.0,393.1
GMFIL,8/27/2024,691.0,707.7,655.0,656.0,-4.69,92299.0,540.0,393.1
GMFIL,8/28/2024,642.9,686.4,642.9,648.0,-1.22,55040.0,540.0,393.1
GMFIL,8/29/2024,660.0,662.0,640.0,640.0,-1.23,49329.0,540.0,393.1
GMFIL,9/1/2024,630.0,650.0,611.0,611.0,-4.53,48267.0,540.0,393.1
GMFIL,9/2/2024,615.0,672.1,606.0,670.0,9.66,97704.0,540.0,393.1
GMFIL,9/3/2024,681.0,689.0,650.0,660.0,-1.49,69201.0,540.0,393.1
GMFIL,9/4/2024,660.0,671.0,623.0,625.9,-5.17,85810.0,540.0,393.1
GMFIL,9/5/2024,613.4,644.0,613.4,630.5,0.73,43669.0,540.0,393.1
GMFIL,9/8/2024,617.9,654.0,614.0,620.0,-1.67,25017.0,540.0,393.1
GMFIL,9/9/2024,610.0,627.3,598.0,608.9,-1.79,40875.0,540.0,393.1
GMFIL,9/10/2024,596.8,632.0,596.0,605.0,-0.64,27761.0,540.0,393.1
GMFIL,9/11/2024,600.0,622.0,593.2,604.0,-0.17,40412.0,540.0,393.1
GMFIL,9/12/2024,605.0,624.0,605.0,620.0,2.65,28926.0,540.0,393.1
GMFIL,9/15/2024,632.0,632.0,595.0,607.0,-2.1,47843.0,540.0,393.1
GMFIL,9/16/2024,600.0,603.0,568.0,568.0,-6.43,24998.0,540.0,393.1
GMFIL,9/18/2024,568.0,570.0,547.0,555.0,-2.29,28005.0,540.0,393.1
GMFIL,9/22/2024,566.0,587.0,545.0,551.9,-0.56,15412.0,540.0,393.1
GMFIL,9/23/2024,541.0,550.0,501.0,506.1,-8.3,44798.0,540.0,393.1
GMFIL,9/24/2024,496.0,520.2,490.0,493.0,-2.59,34804.0,540.0,393.1
GMFIL,9/25/2024,484.0,520.0,475.0,515.0,4.46,37495.0,540.0,393.1
GMFIL,9/26/2024,515.0,524.0,502.0,504.0,-2.14,20848.0,540.0,393.1
GMFIL,9/29/2024,494.0,510.0,486.4,496.0,-1.59,19611.0,540.0,393.1
GMFIL,9/30/2024,496.0,517.0,496.0,517.0,4.23,22313.0,540.0,393.1
GMFIL,10/1/2024,526.9,568.7,526.8,568.7,10.0,49876.0,540.0,393.1
GMFIL,10/2/2024,568.7,606.8,545.0,573.1,0.77,56517.0,540.0,393.1
GMFIL,10/6/2024,575.0,609.9,571.0,609.0,6.26,39813.0,540.0,393.1
GMFIL,10/7/2024,619.9,630.0,597.8,606.0,-0.49,47932.0,540.0,393.1
GMFIL,10/8/2024,606.0,615.0,589.0,593.0,-2.15,24940.0,540.0,393.1
GMFIL,10/9/2024,593.0,615.9,591.7,605.0,2.02,12260.0,540.0,393.1
GMFIL,10/15/2024,616.8,630.0,606.0,628.7,3.92,19516.0,540.0,393.1
GMFIL,10/16/2024,630.0,641.2,619.0,631.0,0.37,27509.0,540.0,393.1
GMFIL,10/17/2024,625.0,639.0,622.0,627.9,-0.49,19919.0,540.0,393.1
GMFIL,10/20/2024,615.4,625.0,598.0,605.0,-3.65,44174.0,540.0,393.1
GMFIL,10/21/2024,617.0,641.0,603.0,610.0,0.83,63900.0,540.0,393.1
GMFIL,10/22/2024,600.1,624.0,600.1,622.0,1.97,26167.0,540.0,393.1
GMFIL,10/23/2024,611.0,640.0,610.0,623.0,0.16,52762.0,540.0,393.1
GMFIL,10/24/2024,623.0,629.9,601.0,605.0,-2.89,41401.0,540.0,393.1
GMFIL,10/27/2024,610.0,610.0,600.0,603.2,-0.3,29166.0,540.0,393.1
GMFIL,10/28/2024,615.2,630.0,610.2,630.0,4.44,49619.0,540.0,393.1
GMFIL,10/29/2024,642.0,663.9,636.0,650.0,3.17,107357.0,540.0,393.1
GMFIL,10/30/2024,663.0,663.0,637.0,641.0,-1.38,28302.0,540.0,393.1
GMFIL,11/5/2024,630.1,654.0,630.1,639.0,-0.31,18223.0,540.0,393.1
GMFIL,11/6/2024,650.0,657.8,639.9,648.9,1.55,38316.0,540.0,393.1
GMFIL,11/10/2024,661.8,666.0,646.0,662.0,2.02,46877.0,540.0,393.1
GMFIL,11/11/2024,655.0,671.0,647.0,656.0,-0.91,61475.0,540.0,393.1
GMFIL,11/12/2024,649.9,675.0,649.9,669.9,2.12,75127.0,540.0,393.1
GMFIL,11/13/2024,672.0,718.0,670.0,716.9,7.02,191646.0,540.0,393.1
GMFIL,11/14/2024,716.0,735.9,706.1,713.5,-0.47,135556.0,540.0,393.1
GMFIL,11/17/2024,713.5,723.0,687.1,691.0,-3.15,145396.0,540.0,393.1
GMFIL,11/19/2024,689.0,703.0,675.3,679.0,-1.74,81054.0,540.0,393.1
GMFIL,11/20/2024,670.0,691.9,667.0,688.0,1.33,39280.0,540.0,393.1
GMFIL,11/21/2024,690.0,696.0,661.6,662.1,-3.76,46738.0,540.0,393.1
GMFIL,11/24/2024,650.0,676.1,650.0,660.0,-0.32,36134.0,540.0,393.1
GMFIL,11/25/2024,665.0,682.0,665.0,671.0,1.67,33631.0,540.0,393.1
GMFIL,11/26/2024,680.0,688.9,670.0,681.9,1.62,32532.0,540.0,393.1
GMFIL,11/27/2024,683.0,694.0,680.0,690.0,1.19,40633.0,540.0,393.1
GMFIL,11/28/2024,697.0,697.0,670.0,674.0,-2.32,36484.0,540.0,393.1
GMFIL,12/1/2024,660.6,673.9,655.0,666.2,-1.16,26611.0,540.0,393.1
GMFIL,12/2/2024,666.2,674.8,650.0,655.0,-1.68,32215.0,540.0,393.1
GMFIL,12/3/2024,665.0,680.0,655.0,667.0,1.83,33677.0,540.0,393.1
GMFIL,12/4/2024,679.0,680.3,660.3,663.0,-0.6,32788.0,540.0,393.1
GMFIL,12/5/2024,660.0,669.9,653.0,655.0,-1.21,36401.0,540.0,393.1
GMFIL,12/8/2024,664.0,664.0,640.0,643.0,-1.83,33464.0,540.0,393.1
GMFIL,12/9/2024,648.0,650.0,635.0,635.0,-1.24,18023.0,540.0,393.1
GMFIL,12/10/2024,647.0,647.0,625.3,632.8,-0.35,9167.0,540.0,393.1
GMFIL,12/11/2024,625.1,646.0,621.5,638.0,0.82,13135.0,540.0,393.1
GMFIL,12/12/2024,650.0,650.0,615.0,617.0,-3.29,14717.0,540.0,393.1
GMFIL,12/16/2024,617.0,619.0,585.0,594.0,-3.73,20540.0,540.0,393.1
GMFIL,12/17/2024,594.0,604.0,583.1,588.0,-1.01,10651.0,540.0,393.1
GMFIL,12/18/2024,599.7,611.9,591.0,600.0,2.04,15687.0,540.0,393.1
GMFIL,12/19/2024,610.0,610.0,579.0,580.0,-3.33,12290.0,540.0,393.1
GMFIL,12/22/2024,590.0,595.0,569.0,575.0,-0.86,9765.0,540.0,393.1
GMFIL,12/23/2024,586.5,598.1,561.6,584.0,1.57,18759.0,540.0,393.1
GMFIL,12/24/2024,575.0,612.0,575.0,590.0,1.03,19727.0,540.0,393.1
GMFIL,12/26/2024,580.0,594.5,576.0,576.0,-2.37,8186.0,540.0,393.1
GMFIL,12/29/2024,565.1,567.0,541.3,546.0,-5.21,34254.0,540.0,393.1
GMFIL,12/31/2024,541.3,541.3,491.4,495.0,-9.34,66414.0,540.0,393.1
GMFIL,1/1/2025,504.9,520.0,504.9,513.0,3.64,18731.0,540.0,393.1
GMFIL,1/2/2025,508.0,524.8,505.0,522.0,1.75,15881.0,540.0,393.1
GMFIL,1/5/2025,522.0,529.0,517.4,519.9,-0.4,18358.0,540.0,393.1
GMFIL,1/6/2025,530.0,530.0,518.0,522.0,0.4,15307.0,540.0,393.1
GMFIL,1/7/2025,521.0,548.0,520.0,547.0,4.79,23163.0,540.0,393.1
GMFIL,1/8/2025,547.0,599.5,547.0,576.0,5.3,36829.0,540.0,393.1
GMFIL,1/9/2025,570.0,591.0,549.0,570.0,-1.04,31451.0,540.0,393.1
GMFIL,1/12/2025,568.0,568.0,537.0,540.0,-5.26,15981.0,540.0,393.1
GMFIL,1/13/2025,532.0,559.0,529.2,533.0,-1.3,13548.0,540.0,393.1
GMFIL,1/15/2025,535.0,535.0,515.0,519.0,-2.63,14707.0,540.0,393.1
GMFIL,1/16/2025,511.0,519.0,479.0,480.0,-7.51,69623.0,540.0,393.1
GMFIL,1/19/2025,480.0,508.9,480.0,493.0,2.71,37916.0,540.0,393.1
GMFIL,1/20/2025,494.0,502.4,480.0,484.6,-1.7,20699.0,540.0,393.1
GMFIL,1/21/2025,485.0,497.0,480.1,486.0,0.29,15530.0,540.0,393.1
GMFIL,1/22/2025,486.5,492.9,483.0,485.1,-0.19,30688.0,540.0,393.1
GMFIL,1/23/2025,485.1,494.0,478.0,480.0,-1.05,24707.0,540.0,393.1
GMFIL,1/26/2025,480.0,480.0,445.0,451.0,-6.04,44133.0,540.0,393.1
GMFIL,1/27/2025,458.0,485.0,436.5,468.9,3.97,38419.0,540.0,393.1
GMFIL,1/28/2025,472.9,491.0,455.1,486.5,3.75,24486.0,540.0,393.1
GMFIL,2/2/2025,486.5,503.0,480.0,500.0,2.77,29285.0,540.0,393.1
GMFIL,2/3/2025,491.0,524.0,491.0,493.0,-1.4,57261.0,540.0,393.1
GMFIL,2/4/2025,500.3,507.0,484.0,486.0,-1.42,26393.0,540.0,393.1
GMFIL,2/5/2025,477.0,528.0,477.0,525.0,8.02,55633.0,540.0,393.1
GMFIL,2/6/2025,533.9,544.0,520.1,524.9,-0.02,47077.0,540.0,393.1
GMFIL,2/9/2025,529.0,539.0,513.0,525.0,0.02,41848.0,540.0,393.1
GMFIL,2/10/2025,535.0,542.0,526.1,529.0,0.76,44042.0,540.0,393.1
GMFIL,2/11/2025,536.0,536.0,522.0,524.0,-0.95,12672.0,540.0,393.1
GMFIL,2/12/2025,514.3,555.0,514.3,550.0,4.96,106610.0,540.0,393.1
GMFIL,2/13/2025,552.0,581.0,552.0,572.0,4.0,69716.0,540.0,393.1
GMFIL,2/16/2025,565.0,592.5,560.0,565.5,-1.14,126348.0,540.0,393.1
GMFIL,2/17/2025,554.2,584.0,554.2,558.5,-1.24,54085.0,540.0,393.1
GMFIL,2/18/2025,547.4,579.0,547.4,559.0,0.09,31216.0,540.0,393.1
GMFIL,2/20/2025,559.0,582.4,550.1,567.9,1.59,45620.0,540.0,393.1
GMFIL,2/23/2025,570.0,570.0,541.0,555.0,-2.27,28680.0,540.0,393.1
GMFIL,2/24/2025,565.0,566.0,543.9,550.0,-0.9,27018.0,540.0,393.1
GMFIL,2/25/2025,542.2,559.0,539.0,545.0,-0.91,11212.0,540.0,393.1
GMFIL,2/27/2025,555.0,565.0,540.0,545.0,0.0,13344.0,540.0,393.1
GMFIL,3/2/2025,548.0,570.8,547.0,567.1,4.06,40426.0,540.0,393.1
GMFIL,3/3/2025,577.8,579.1,558.0,564.9,-0.39,32406.0,540.0,393.1
GMFIL,3/4/2025,564.9,573.0,550.0,557.9,-1.24,18574.0,540.0,393.1
GMFIL,3/5/2025,555.0,557.0,544.2,544.5,-2.4,12345.0,540.0,393.1
GMFIL,3/6/2025,553.0,553.0,536.5,539.9,-0.84,13503.0,540.0,393.1
GMFIL,3/9/2025,549.0,549.0,526.0,527.0,-2.39,16304.0,540.0,393.1
GMFIL,3/10/2025,537.5,544.8,515.0,523.0,-0.76,13217.0,540.0,393.1
GMFIL,3/11/2025,532.0,532.0,512.0,515.0,-1.53,18898.0,540.0,393.1
GMFIL,3/12/2025,515.0,528.0,510.1,516.2,0.23,11697.0,540.0,393.1
GMFIL,3/16/2025,523.5,523.5,490.1,511.0,-1.01,34871.0,540.0,393.1
GMFIL,3/17/2025,518.2,528.0,509.0,519.9,1.74,17863.0,540.0,393.1
GMFIL,3/18/2025,529.9,529.9,503.0,513.0,-1.33,7675.0,540.0,393.1
GMFIL,3/19/2025,523.1,523.1,500.0,504.0,-1.75,8950.0,540.0,393.1
GMFIL,3/20/2025,509.0,513.9,486.3,500.26,-0.74,10472.0,540.0,393.1
GMFIL,3/23/2025,500.0,500.0,481.2,483.0,-3.45,7778.0,540.0,393.1
GMFIL,3/24/2025,487.8,515.0,487.8,501.23,3.77,21481.0,540.0,393.1
GMFIL,3/25/2025,503.9,503.9,482.0,485.17,-3.2,14900.0,540.0,393.1
GMFIL,3/26/2025,494.6,509.9,485.1,500.27,3.11,9752.0,540.0,393.1
GMFIL,3/27/2025,495.2,513.3,495.2,502.49,0.44,22920.0,540.0,393.1
GMFIL,3/30/2025,511.0,523.0,501.0,516.41,2.77,28273.0,540.0,393.1
GMFIL,4/1/2025,520.0,524.8,507.0,510.2,-1.2,21113.0,540.0,393.1
GMFIL,4/2/2025,500.5,529.0,500.5,524.47,2.8,57878.0,540.0,393.1
GMFIL,4/3/2025,534.0,534.0,514.0,515.11,-1.78,24740.0,540.0,393.1
GMFIL,4/7/2025,515.0,524.9,496.0,500.08,-2.92,17592.0,540.0,393.1
GMFIL,4/8/2025,492.0,509.0,492.0,506.9,1.36,10024.0,540.0,393.1
GMFIL,4/9/2025,517.0,522.0,507.0,517.82,2.15,26464.0,540.0,393.1
GMFIL,4/10/2025,508.2,519.0,507.1,508.66,-1.77,6158.0,540.0,393.1
GMFIL,4/13/2025,512.0,512.0,501.2,501.59,-1.39,5222.0,540.0,393.1
GMFIL,4/15/2025,502.0,517.0,502.0,514.08,2.49,14741.0,540.0,393.1
GMFIL,4/16/2025,518.0,518.0,509.0,509.86,-0.82,12709.0,540.0,393.1
GMFIL,4/17/2025,509.0,519.9,503.0,506.05,-0.75,21424.0,540.0,393.1
GMFIL,4/20/2025,516.0,516.0,500.2,501.06,-0.99,12053.0,540.0,393.1
GMFIL,4/21/2025,509.0,515.0,495.1,496.23,-0.96,17000.0,540.0,393.1
GMFIL,4/22/2025,497.1,504.0,495.0,498.06,0.37,28823.0,540.0,393.1
GMFIL,4/23/2025,488.1,500.0,488.1,492.0,-1.22,11353.0,540.0,393.1
GMFIL,4/24/2025,492.0,499.0,485.9,489.45,-0.52,12103.0,540.0,393.1
GMFIL,4/27/2025,497.9,498.0,472.0,483.03,-1.31,33368.0,540.0,393.1
GMFIL,4/28/2025,485.0,503.9,485.0,492.4,1.94,24584.0,540.0,393.1
GMFIL,4/29/2025,485.7,491.0,480.0,481.26,-2.26,5222.0,540.0,393.1
GMFIL,4/30/2025,477.6,488.0,472.4,473.26,-1.66,20455.0,540.0,393.1
GMFIL,5/4/2025,482.6,482.6,470.0,470.69,-0.54,14915.0,540.0,393.1
GMFIL,5/5/2025,467.0,470.0,460.0,466.0,-1.0,12909.0,540.0,393.1
GMFIL,5/6/2025,467.0,467.0,458.0,460.71,-1.14,4194.0,540.0,393.1
GMFIL,5/7/2025,452.7,490.0,451.5,486.98,5.7,18512.0,540.0,393.1
GMFIL,5/8/2025,485.0,514.0,477.0,509.03,4.53,39437.0,540.0,393.1
GMFIL,5/11/2025,515.0,515.0,480.2,486.97,-4.33,13232.0,540.0,393.1
GMFIL,5/13/2025,486.0,492.0,475.0,477.97,-1.85,16448.0,540.0,393.1
GMFIL,5/14/2025,487.0,494.2,480.0,480.76,0.58,13965.0,540.0,393.1
GMFIL,5/15/2025,489.9,490.0,473.1,474.24,-1.36,8766.0,540.0,393.1
GMFIL,5/18/2025,470.0,479.0,470.0,471.74,-0.53,6972.0,540.0,393.1
GMFIL,5/19/2025,481.0,485.0,475.3,475.84,0.87,8547.0,540.0,393.1
GMFIL,5/20/2025,476.0,499.9,470.1,493.69,3.75,13873.0,540.0,393.1
GMFIL,5/21/2025,503.5,543.0,500.0,502.4,1.76,37372.0,540.0,393.1
GMFIL,5/22/2025,505.0,512.0,495.0,507.26,0.97,20679.0,540.0,393.1
GMFIL,5/25/2025,497.2,513.0,490.0,490.84,-3.24,24288.0,540.0,393.1
GMFIL,5/26/2025,500.0,515.0,481.0,485.89,-1.01,11667.0,540.0,393.1
GMFIL,5/27/2025,480.0,499.3,480.0,487.35,0.3,3673.0,540.0,393.1
GMFIL,5/28/2025,487.0,492.0,481.0,489.51,0.44,6195.0,540.0,393.1
GMFIL,6/2/2025,499.0,505.0,485.1,485.4,-0.84,7328.0,540.0,393.1
GMFIL,6/3/2025,485.0,490.0,478.0,481.56,-0.79,7130.0,540.0,393.1
GMFIL,6/4/2025,490.0,499.0,475.2,477.92,-0.76,10181.0,540.0,393.1
GMFIL,6/5/2025,487.0,505.0,473.3,479.92,0.42,3852.0,540.0,393.1
GMFIL,6/8/2025,475.0,480.0,472.0,472.26,-1.6,8597.0,540.0,393.1
GMFIL,6/9/2025,481.0,481.0,471.4,474.89,0.56,8431.0,540.0,393.1
GMFIL,6/10/2025,477.0,503.0,476.2,497.7,4.8,28972.0,540.0,393.1
GMFIL,6/11/2025,502.0,502.0,490.0,491.76,-1.19,13621.0,540.0,393.1
GMFIL,6/12/2025,493.0,502.9,487.2,493.91,0.44,28241.0,540.0,393.1
GMFIL,6/15/2025,500.0,503.7,490.6,491.12,-0.56,49805.0,540.0,393.1
GMFIL,6/16/2025,500.8,500.8,485.0,487.3,-0.78,17050.0,540.0,393.1
GMFIL,6/17/2025,483.3,495.0,483.3,486.62,-0.14,23710.0,540.0,393.1
GMFIL,6/18/2025,486.3,495.0,486.0,490.7,0.84,32125.0,540.0,393.1
GMFIL,6/19/2025,490.0,494.9,485.3,485.55,-1.05,16818.0,540.0,393.1
GMFIL,6/22/2025,492.4,492.4,475.9,476.66,-1.83,14471.0,540.0,393.1
GMFIL,6/23/2025,470.3,487.0,470.0,480.1,0.72,10212.0,540.0,393.1
GMFIL,6/24/2025,481.0,486.9,475.0,476.03,-0.85,18269.0,540.0,393.1
GMFIL,6/25/2025,474.0,476.1,471.0,471.29,-1.0,13716.0,540.0,393.1
GMFIL,6/26/2025,469.0,475.0,469.0,470.94,-0.07,26051.0,540.0,393.1
GMFIL,6/29/2025,477.8,477.8,469.0,470.89,-0.01,23629.0,540.0,393.1
GMFIL,6/30/2025,477.9,479.8,469.5,469.77,-0.24,19531.0,540.0,393.1
GMFIL,7/1/2025,469.0,479.8,468.5,476.05,1.34,23008.0,540.0,393.1
GMFIL,7/2/2025,483.0,492.0,477.1,482.83,1.42,23469.0,540.0,393.1
GMFIL,7/3/2025,492.0,509.8,486.0,496.85,2.9,65966.0,540.0,393.1
GMFIL,7/6/2025,506.0,520.0,493.1,499.69,0.57,70615.0,540.0,393.1
GMFIL,7/7/2025,496.1,500.0,483.0,484.62,-3.02,37531.0,540.0,393.1
GMFIL,7/8/2025,484.1,495.9,484.1,491.14,1.35,12657.0,540.0,393.1
GMFIL,7/9/2025,495.0,495.0,485.3,488.3,-0.58,11991.0,540.0,393.1
GMFIL,7/10/2025,497.0,497.0,487.0,490.21,0.39,15137.0,540.0,393.1
GMFIL,7/13/2025,500.0,510.0,495.2,499.76,1.95,45484.0,540.0,393.1
GMFIL,7/14/2025,503.7,503.7,493.9,496.36,-0.68,23222.0,540.0,393.1
GMFIL,7/15/2025,503.9,505.9,492.0,499.57,0.65,18900.0,540.0,393.1
GMFIL,7/16/2025,509.5,519.6,502.1,504.87,1.06,21541.0,540.0,393.1
GMFIL,7/17/2025,512.0,530.6,510.1,521.98,3.39,54327.0,540.0,393.1
GMFIL,7/20/2025,525.0,531.9,511.6,514.64,-1.41,46101.0,540.0,393.1
GMFIL,7/21/2025,520.0,520.0,510.0,511.84,-0.54,34435.0,540.0,393.1
GMFIL,7/22/2025,520.0,525.0,511.0,521.63,1.91,52949.0,540.0,393.1
GMFIL,7/23/2025,529.0,549.7,514.2,539.68,3.46,51291.0,540.0,393.1
GMFIL,7/24/2025,545.0,548.9,520.7,529.38,-1.91,53994.0,540.0,393.1
GMFIL,7/27/2025,530.0,538.0,518.0,519.42,-1.88,50150.0,540.0,393.1
GMFIL,7/28/2025,520.0,536.8,512.0,535.77,3.15,40593.0,540.0,393.1
GMFIL,7/29/2025,545.0,557.0,529.2,534.06,-0.32,49588.0,540.0,393.1
GMFIL,7/30/2025,535.0,537.0,517.5,520.31,-2.57,45261.0,540.0,393.1
GMFIL,7/31/2025,530.6,540.0,515.1,523.31,0.58,46694.0,540.0,393.1
GMFIL,8/3/2025,531.5,533.7,505.0,510.73,-2.4,30488.0,540.0,393.1
GMFIL,8/4/2025,520.8,529.9,502.0,512.59,0.36,27096.0,540.0,393.1
GMFIL,8/5/2025,511.0,518.9,494.7,500.05,-2.45,17398.0,540.0,393.1
GMFIL,8/6/2025,490.4,508.0,490.4,498.18,-0.37,9017.0,540.0,393.1
GMFIL,8/7/2025,508.0,508.0,497.8,500.51,0.47,11749.0,540.0,393.1
GMFIL,8/11/2025,509.1,510.0,490.1,493.56,-1.39,10659.0,540.0,393.1
GMFIL,8/12/2025,499.0,499.0,488.0,488.39,-1.05,11234.0,540.0,393.1
GMFIL,8/13/2025,498.1,498.1,487.2,488.7,0.06,14080.0,540.0,393.1
GMFIL,8/14/2025,497.0,497.0,481.9,483.19,-1.13,17893.0,540.0,393.1
GMFIL,8/17/2025,492.0,492.0,474.0,481.44,-0.36,20981.0,540.0,393.1
GMFIL,8/18/2025,482.0,483.7,476.1,479.2,-0.47,13441.0,540.0,393.1
GMFIL,8/19/2025,486.0,490.0,472.5,481.73,0.53,11009.0,540.0,393.1
GMFIL,8/20/2025,475.2,499.8,475.2,482.66,0.19,8444.0,540.0,393.1
GMFIL,8/21/2025,475.0,491.9,475.0,479.83,-0.59,11243.0,540.0,393.1
GMFIL,8/24/2025,488.9,488.9,473.0,475.1,-0.99,9622.0,540.0,393.1
GMFIL,8/25/2025,465.6,480.1,465.6,477.91,0.59,10241.0,540.0,393.1
GMFIL,8/26/2025,487.3,487.3,472.1,480.42,0.53,2134.0,540.0,393.1
GMFIL,8/27/2025,487.0,494.8,480.2,487.08,1.39,12898.0,540.0,393.1
GMFIL,8/28/2025,483.0,488.9,475.0,476.89,-2.09,11732.0,540.0,393.1
GMFIL,8/31/2025,472.7,478.9,468.0,470.61,-1.32,9558.0,540.0,393.1
GMFIL,9/1/2025,461.2,486.9,461.2,477.47,1.46,11499.0,540.0,393.1
GMFIL,9/2/2025,468.2,480.0,468.2,470.51,-1.46,5518.0,540.0,393.1
GMFIL,9/3/2025,467.0,474.0,467.0,468.58,-0.41,5236.0,540.0,393.1
GMFIL,9/4/2025,468.58,473.0,464.1,468.32,-0.06,10412.0,540.0,393.1
GMFIL,9/7/2025,475.0,476.3,466.2,470.26,0.41,5234.0,540.0,393.1
GMFIL,9/8/2025,474.0,475.5,462.1,463.7,-1.39,6559.0,540.0,393.1
GMFIL,9/18/2025,454.5,454.5,454.5,454.5,-1.98,400.0,540.0,393.1
GMFIL,9/21/2025,445.5,475.0,440.0,461.9,1.63,18238.0,540.0,393.1
GMFIL,9/23/2025,469.0,485.0,460.0,484.9,4.98,9275.0,540.0,393.1
GMFIL,9/24/2025,491.0,491.9,465.2,488.2,0.68,8961.0,540.0,393.1
GMFIL,9/25/2025,478.5,486.8,467.6,479.9,-1.7,5520.0,540.0,393.1
GMFIL,9/28/2025,484.9,484.9,467.5,474.0,-1.23,8455.0,540.0,393.1
GMFIL,10/7/2025,467.0,481.0,462.0,464.0,-2.11,5731.0,540.0,393.1
GMFIL,10/8/2025,460.0,460.0,436.1,446.0,-3.88,11471.0,540.0,393.1
GMFIL,10/9/2025,454.9,473.0,450.8,455.0,2.02,9114.0,540.0,393.1
GMFIL,10/12/2025,445.9,454.8,427.4,430.0,-5.49,15570.0,540.0,393.1
GMFIL,10/13/2025,424.0,438.4,421.4,430.0,0.0,6258.0,540.0,393.1
GMFIL,10/14/2025,438.3,438.3,417.0,417.0,-3.02,7922.0,540.0,393.1
GMFIL,10/15/2025,419.0,420.0,412.1,413.0,-0.96,4345.0,540.0,393.1
GMFIL,10/16/2025,419.0,421.2,393.1,418.0,1.21,13874.0,540.0,393.1
GMFIL,10/19/2025,425.0,425.0,410.0,423.9,1.41,2214.0,540.0,393.1
GMFIL,10/26/2025,415.6,422.0,409.0,418.5,-1.27,3235.0,540.0,393.1
GMFIL,10/28/2025,421.0,432.0,421.0,432.0,3.23,6092.0,540.0,393.1
GMFIL,10/29/2025,439.7,440.0,420.0,425.0,-1.62,13328.0,540.0,393.1
GMFIL,10/30/2025,428.0,438.6,425.3,437.8,3.01,16173.0,540.0,393.1
GMFIL,11/2/2025,430.1,481.5,430.1,481.5,9.98,69220.0,540.0,393.1
GMFIL,11/3/2025,485.0,504.0,473.0,483.0,0.31,41108.0,540.0,393.1
GMFIL,11/4/2025,492.6,492.6,456.0,469.9,-2.71,37310.0,540.0,393.1
GMFIL,11/5/2025,479.2,488.7,458.0,477.3,1.57,43197.0,540.0,393.1
GMFIL,11/6/2025,486.8,495.0,470.4,480.0,0.57,63326.0,540.0,393.1
GMFIL,11/9/2025,470.4,470.4,454.0,462.8,-3.58,22362.0,540.0,393.1
GMFIL,11/10/2025,462.0,467.9,450.0,454.0,-1.9,19229.0,540.0,393.1
GMFIL,11/11/2025,460.0,460.0,445.4,453.5,-0.11,7510.0,540.0,393.1
GMFIL,11/12/2025,445.2,462.0,445.0,460.0,1.43,14888.0,540.0,393.1
GMFIL,11/13/2025,455.0,464.1,447.0,450.0,-2.17,8715.0,540.0,393.1
GMFIL,11/16/2025,456.8,456.8,441.0,449.0,-0.22,9656.0,540.0,393.1
GMFIL,11/17/2025,444.1,453.9,440.1,447.0,-0.45,13716.0,540.0,393.1
GMFIL,11/18/2025,455.0,460.0,446.9,454.0,1.57,16642.0,540.0,393.1
GMFIL,11/19/2025,460.0,460.0,440.1,448.4,-1.23,8357.0,540.0,393.1
GMFIL,11/20/2025,441.2,447.9,435.1,443.0,-1.2,13681.0,540.0,393.1
GMFIL,11/23/2025,443.1,459.0,440.2,447.0,0.9,27214.0,540.0,393.1
GMFIL,11/24/2025,453.0,455.8,445.3,455.5,1.9,19406.0,540.0,393.1
GMFIL,11/25/2025,464.6,464.6,441.0,453.9,-0.35,17897.0,540.0,393.1
GMFIL,11/26/2025,454.0,454.1,440.0,451.4,-0.55,34065.0,540.0,393.1
GMFIL,11/27/2025,445.1,454.0,445.0,452.5,0.24,10759.0,540.0,393.1
GMFIL,11/30/2025,450.0,460.0,449.1,450.8,-0.38,45372.0,540.0,393.1
GMFIL,12/1/2025,457.0,495.0,454.0,470.0,4.26,91781.0,540.0,393.1
GMFIL,12/2/2025,461.0,488.0,461.0,481.0,2.34,85386.0,540.0,393.1
GMFIL,12/3/2025,481.0,514.0,481.0,504.0,4.78,185477.0,540.0,393.1
GMFIL,12/7/2025,495.0,514.0,482.3,492.0,-2.38,193338.0,540.0,393.1
GMFIL,12/8/2025,483.0,492.0,467.1,473.9,-3.68,54915.0,540.0,393.1
GMFIL,12/9/2025,480.0,480.0,465.0,472.0,-0.4,23035.0,540.0,393.1
GMFIL,12/10/2025,479.0,499.0,461.0,468.0,-0.85,53021.0,540.0,393.1
GMFIL,12/11/2025,461.0,485.0,461.0,473.0,1.07,47015.0,540.0,393.1
GMFIL,12/14/2025,473.0,475.3,461.4,475.3,0.49,40374.0,540.0,393.1
GMFIL,12/15/2025,479.0,479.0,465.1,477.9,0.55,34591.0,540.0,393.1
GMFIL,12/16/2025,472.0,480.4,469.5,476.8,-0.23,27377.0,540.0,393.1
GMFIL,12/17/2025,471.0,485.0,469.1,480.0,0.67,155795.0,540.0,393.1
GMFIL,12/18/2025,470.9,479.0,462.0,465.0,-3.12,37481.0,540.0,393.1
GMFIL,12/21/2025,460.0,462.9,446.0,448.8,-3.48,43410.0,540.0,393.1
GMFIL,12/22/2025,449.0,455.9,443.4,449.9,0.25,27491.0,540.0,393.1
GMFIL,12/23/2025,450.8,456.0,443.6,454.0,0.91,19342.0,540.0,393.1
GMFIL,12/24/2025,460.0,460.0,447.0,448.1,-1.3,15285.0,540.0,393.1
GMFIL,12/28/2025,457.0,464.9,446.0,457.5,2.1,29554.0,540.0,393.1
GMFIL,12/29/2025,464.5,467.9,449.0,459.8,0.5,49848.0,540.0,393.1
GMFIL,12/31/2025,452.0,465.0,452.0,459.9,0.02,40609.0,540.0,393.1
GMFIL,1/1/2026,466.0,466.0,452.0,452.9,-1.52,21150.0,540.0,393.1
GMFIL,1/4/2026,451.1,460.0,445.2,447.0,-1.3,22291.0,540.0,393.1
GMFIL,1/5/2026,445.0,460.0,445.0,460.0,2.91,25336.0,540.0,393.1
GMFIL,1/6/2026,465.0,477.0,457.1,470.0,2.17,50164.0,540.0,393.1
GMFIL,1/7/2026,470.0,479.9,462.0,464.0,-1.28,51369.0,540.0,393.1
GMFIL,1/8/2026,472.0,472.0,463.2,464.0,0.0,7255.0,540.0,393.1
GMFIL,1/12/2026,456.1,470.0,456.1,457.0,-1.51,25977.0,540.0,393.1
GMFIL,1/13/2026,460.0,466.0,450.0,456.0,-0.22,32728.0,540.0,393.1
GMFIL,1/14/2026,450.5,469.6,450.5,463.9,1.73,36227.0,540.0,393.1
GMFIL,1/18/2026,454.7,506.0,454.7,488.0,5.2,104242.0,540.0,393.1
GMFIL,1/20/2026,497.7,499.0,478.0,487.0,-0.2,84613.0,540.0,393.1
GMFIL,1/21/2026,496.7,496.7,473.0,478.0,-1.85,31815.0,540.0,393.1
GMFIL,1/22/2026,473.1,496.0,470.3,489.9,2.49,49350.0,540.0,393.1
GMFIL,1/25/2026,499.5,512.0,496.1,506.5,3.39,102555.0,540.0,393.1
GMFIL,1/26/2026,507.0,508.0,490.0,492.4,-2.78,59115.0,540.0,393.1
GMFIL,1/27/2026,499.0,502.8,482.7,488.9,-0.71,61340.0,540.0,393.1
GMFIL,1/28/2026,481.1,494.9,480.2,485.1,-0.78,23365.0,540.0,393.1
GMFIL,1/29/2026,475.4,499.7,475.4,493.0,1.63,42030.0,540.0,393.1
GMFIL,2/1/2026,485.0,494.7,481.1,485.9,-1.44,25513.0,540.0,393.1
GMFIL,2/2/2026,495.6,495.6,476.0,479.9,-1.23,33052.0,540.0,393.1
GMFIL,2/3/2026,487.0,487.0,470.0,470.0,-2.06,8978.0,540.0,393.1
GMFIL,2/4/2026,478.0,478.0,467.0,472.9,0.62,20874.0,540.0,393.1
GMFIL,2/5/2026,474.7,482.2,471.0,474.0,0.23,22462.0,540.0,393.1
GMFIL,2/8/2026,480.0,485.9,471.4,477.0,0.63,24469.0,540.0,393.1
GMFIL,2/9/2026,473.0,477.0,460.0,461.0,-3.35,17313.0,540.0,393.1
GMFIL,2/10/2026,470.0,479.6,450.0,462.0,0.22,24571.0,540.0,393.1
GMFIL,2/11/2026,469.9,470.0,456.0,461.9,-0.02,7020.0,540.0,393.1
GMFIL,2/12/2026,455.0,470.0,455.0,467.9,1.3,11941.0,540.0,393.1
GMFIL,2/16/2026,476.0,476.0,460.0,472.0,0.88,35105.0,540.0,393.1
GMFIL,2/17/2026,465.3,471.0,457.0,457.0,-3.18,20269.0,540.0,393.1
GMFIL,2/22/2026,457.0,457.9,448.0,456.9,-0.02,10058.0,540.0,393.1
GMFIL,2/23/2026,463.0,464.9,452.2,457.0,0.02,4195.0,540.0,393.1
GMFIL,2/24/2026,450.1,462.0,450.0,457.0,0.0,5322.0,540.0,393.1
GMFIL,2/25/2026,449.0,468.0,449.0,457.7,0.15,5195.0,540.0,393.1
GMFIL,2/26/2026,466.0,466.0,458.0,458.0,0.07,3695.0,540.0,393.1
GMFIL,2/27/2026,466.0,466.0,458.0,458.0,0.0,3695.0,540.0,393.1
GMFIL,2/28/2026,466.0,466.0,458.0,458.0,0.0,3695.0,540.0,393.1
GMFIL,3/2/2026,449.1,469.0,449.1,465.5,1.64,14109.0,540.0,393.1
GMFIL,3/3/2026,457.0,475.5,457.0,474.0,1.83,7118.0,540.0,393.1
GMFIL,3/4/2026,457.0,475.5,457.0,474.0,0.0,7118.0,540.0,393.1
GMFIL,3/5/2026,457.0,475.5,457.0,474.0,0.0,7118.0,540.0,393.1
GMFIL,3/6/2026,457.0,475.5,457.0,474.0,0.0,7118.0,540.0,393.1
GMFIL,3/7/2026,457.0,475.5,457.0,474.0,0.0,7118.0,540.0,393.1
GMFIL,3/8/2026,457.0,475.5,457.0,474.0,0.0,7118.0,540.0,393.1
GMFIL,3/9/2026,483.4,502.0,483.4,493.0,4.01,40.0,540.0,393.1
GMFIL,3/10/2026,500.0,500.0,485.0,485.3,-1.56,42295.0,540.0,393.1
GMFIL,3/11/2026,475.6,494.0,475.0,475.0,-2.12,32065.0,540.0,393.1
GMFIL,3/12/2026,484.0,493.3,475.0,489.0,2.95,37113.0,540.0,393.1
GMFIL,3/13/2026,484.0,493.3,475.0,489.0,0.0,37113.0,540.0,393.1
GMFIL,3/14/2026,484.0,493.3,475.0,489.0,0.0,37113.0,540.0,393.1
GMFIL,3/15/2026,493.0,498.7,480.0,487.1,-0.39,35932.0,540.0,393.1
GMFIL,3/16/2026,492.0,495.0,482.0,485.0,-0.43,25002.0,540.0,393.1
GMFIL,3/17/2026,481.1,489.0,477.0,483.8,-0.25,5781.0,540.0,393.1
GMFIL,3/18/2026,481.1,489.0,477.0,483.8,0.0,5781.0,540.0,393.1
GMFIL,3/19/2026,485.5,500.6,485.5,498.0,2.94,58397.0,540.0,393.1
GMFIL,3/20/2026,485.5,500.6,485.5,498.0,0.0,58397.0,540.0,393.1
GMFIL,3/21/2026,485.5,500.6,485.5,498.0,0.0,58397.0,540.0,393.1
GMFIL,3/22/2026,505.0,518.0,500.0,512.0,2.81,95923.0,540.0,393.1
GMFIL,3/23/2026,522.0,523.0,508.2,519.9,1.54,80936.0,540.0,393.1
GMFIL,3/24/2026,519.0,540.0,513.1,538.0,3.48,103073.0,540.0,393.1
GMFIL,3/25/2026,535.0,537.0,520.4,523.1,-2.77,62939.0,540.0,393.1
GMFIL,3/26/2026,520.0,521.0,512.0,516.5,-0.67,30383.0,540.0,393.1
GMFIL,3/29/2026,506.7,520.0,495.0,496.0,-2.11,43537.0,540.0,393.1
GMFIL,3/30/2026,492.0,505.0,486.0,490.0,-0.41,32942.0,540.0,393.1
GMFIL,3/31/2026,490.0,504.9,483.0,504.0,2.86,25679.0,540.0,393.1
GMFIL,4/1/2026,504.0,504.0,480.0,485.0,-3.77,15420.0,540.0,393.1
GMFIL,4/2/2026,479.0,494.0,474.0,479.0,0.0,21076.0,540.0,393.1
GMFIL,4/5/2026,470.0,479.4,443.0,460.0,-2.13,29903.0,540.0,393.1
GMFIL,4/6/2026,468.0,480.0,460.1,480.0,2.56,19241.0,540.0,393.1
GMFIL,4/7/2026,489.0,489.6,468.2,481.0,-1.64,13617.0,540.0,393.1
GMFIL,4/8/2026,488.5,494.0,481.3,494.0,1.13,14235.0,540.0,393.1
GMFIL,4/9/2026,491.1,497.9,491.0,495.5,0.9,13547.0,540.0,393.1
GMFIL,4/10/2026,485.7,494.9,480.1,482.0,-0.76,5624.0,540.0,393.1
GMFIL,4/13/2026,491.5,497.0,475.1,476.0,-3.15,16057.0,540.0,393.1
GMFIL,4/15/2026,485.5,494.9,479.1,484.0,-0.31,8434.0,540.0,393.1
GMFIL,4/16/2026,479.1,489.6,477.0,477.0,-0.44,12385.0,540.0,393.1
GMFIL,4/17/2026,477.1,479.7,468.0,479.0,0.4,8058.0,540.0,393.1
GMFIL,4/20/2026,502.0,502.0,467.1,474.9,-5.4,7257.0,540.0,393.1
GMFIL,4/21/2026,480.0,480.0,468.0,470.0,-2.08,6076.0,540.0,393.1
GMFIL,4/22/2026,460.0,479.0,456.0,475.0,3.26,10349.0,540.0,393.1
GMFIL,4/23/2026,465.0,473.7,465.0,473.0,1.72,2455.0,540.0,393.1
GMFIL,4/24/2026,460.0,469.8,460.0,467.9,1.72,5835.0,540.0,393.1
GMFIL,4/27/2026,467.9,474.0,461.0,466.5,-0.3,1994.0,540.0,393.1
GMFIL,4/28/2026,466.5,470.0,462.1,464.1,-0.51,3850.0,540.0,393.1
GMFIL,4/29/2026,464.1,468.0,450.4,461.0,-0.67,3600.0,540.0,393.1
GMFIL,4/30/2026,461.0,464.4,451.0,464.4,0.74,6225.0,540.0,393.1
GMFIL,5/4/2026,470.0,470.0,447.0,450.0,-4.26,4591.0,540.0,393.1
GMFIL,5/5/2026,453.0,462.4,450.0,451.0,-0.44,3225.0,540.0,393.1
GMFIL,5/6/2026,451.1,463.4,448.0,456.0,1.09,6531.0,540.0,393.1
GMFIL,5/7/2026,455.0,459.0,450.3,456.0,0.22,6482.0,540.0,393.1
GMFIL,5/8/2026,455.0,467.9,455.0,465.0,2.2,2470.0,540.0,393.1
GMFIL,5/11/2026,488.0,488.0,466.5,472.0,-3.28,6883.0,540.0,393.1
GMFIL,5/12/2026,461.0,476.9,458.0,458.5,-0.54,4488.0,540.0,393.1
GMFIL,5/13/2026,455.2,462.0,450.0,456.4,0.26,1865.0,540.0,393.1
GMFIL,5/14/2026,460.0,460.0,447.3,455.0,-1.09,2623.0,540.0,393.1
GMFIL,5/15/2026,465.0,465.0,452.4,452.4,-2.71,5300.0,540.0,393.1
GMFIL,5/18/2026,449.6,459.0,449.6,457.0,1.65,3042.0,540.0,393.1
GMFIL,5/19/2026,460.0,460.0,453.1,458.8,-0.26,2875.0,540.0,393.1
GMFIL,5/20/2026,460.0,465.0,454.5,464.9,1.07,3075.0,540.0,393.1
GMFIL,5/21/2026,465.0,469.0,460.0,468.0,0.65,3022.0,540.0,393.1
GMFIL,5/22/2026,469.9,474.7,464.0,469.9,0.0,8715.0,540.0,393.1
GMFIL,5/25/2026,479.9,479.9,466.4,474.6,-1.1,2875.0,540.0,393.1
GMFIL,5/26/2026,480.0,480.0,468.0,469.0,-2.29,539.0,540.0,393.1
GMFIL,5/27/2026,475.0,475.0,461.2,464.5,-2.21,4605.0,540.0,393.1
GMFIL,6/1/2026,469.0,469.0,451.1,467.9,-0.23,17696.0,540.0,393.1
GMFIL,6/2/2026,470.0,495.0,470.0,489.9,4.23,65083.0,540.0,393.1
GMFIL,6/3/2026,488.9,498.0,480.0,481.0,-1.62,18787.0,540.0,393.1
GMFIL,6/4/2026,484.0,494.0,475.3,483.0,-0.21,16410.0,540.0,393.1
GMFIL,6/5/2026,459.0,507.0,459.0,495.5,7.95,69243.0,540.0,393.1
GMFIL,6/8/2026,490.0,519.0,490.0,517.0,5.51,146396.0,540.0,393.1
GMFIL,6/9/2026,511.0,513.7,491.3,498.0,-2.54,59030.0,540.0,393.1
GMFIL,6/10/2026,509.9,509.9,490.0,491.0,-3.71,28265.0,540.0,393.1
GMFIL,6/11/2026,483.2,496.9,478.2,482.1,-0.23,36820.0,540.0,393.1
GMFIL,6/12/2026,475.0,490.0,475.0,479.0,0.84,25999.0,540.0,393.1
GMFIL,6/15/2026,476.0,489.9,470.0,478.0,0.42,28854.0,540.0,393.1
GMFIL,6/16/2026,470.0,489.8,469.0,476.0,1.28,9773.0,540.0,393.1
GMFIL,6/17/2026,468.1,483.6,468.1,474.0,1.26,9251.0,540.0,393.1
GMFIL,6/18/2026,471.3,479.5,468.0,477.0,1.21,9835.0,540.0,393.1
GMFIL,6/19/2026,471.2,483.5,471.2,479.8,1.83,16506.0,540.0,393.1
GMFIL,6/22/2026,480.0,486.9,479.6,481.0,0.21,17445.0,540.0,393.1
GMFIL,6/23/2026,457.0,487.0,457.0,479.0,4.81,26846.0,540.0,393.1
GMFIL,6/24/2026,492.0,492.0,472.2,481.9,-2.05,21510.0,540.0,393.1
GMFIL,6/26/2026,482.9,482.9,465.5,471.4,-2.38,10003.0,540.0,393.1
GMFIL,6/29/2026,467.0,468.0,463.0,465.0,-0.43,4481.0,540.0,393.1
GMFIL,6/30/2026,450.0,469.6,450.0,459.0,2.0,6735.0,540.0,393.1
GMFIL,7/1/2026,469.0,470.0,460.0,464.0,-1.07,4875.0,540.0,393.1
GMFIL,7/2/2026,441.0,470.4,441.0,469.0,6.35,8739.0,540.0,393.1
GMFIL,7/3/2026,478.9,478.9,467.6,468.0,-2.28,20807.0,540.0,393.1
GMFIL,7/6/2026,465.5,477.0,455.0,464.8,-0.15,10107.0,540.0,393.1
GMFIL,7/7/2026,450.0,468.0,450.0,465.0,3.33,6263.0,540.0,393.1
GMFIL,7/8/2026,467.4,467.4,449.1,456.0,-2.44,22158.0,540.0,393.1
GMFIL,7/9/2026,460.0,463.9,451.5,454.3,-1.24,4410.0,540.0,393.1
GMFIL,7/10/2026,456.0,466.5,455.0,455.0,-0.22,15923.0,540.0,393.1
GMFIL,7/13/2026,450.2,454.0,443.0,448.0,-0.49,7829.0,540.0,393.1
GMFIL,7/14/2026,448.0,452.0,440.0,449.0,0.22,10299.0,540.0,393.1
GMFIL,7/15/2026,459.0,463.0,451.0,454.0,-1.09,11606.0,540.0,393.1
GMFIL,7/16/2026,452.0,460.0,447.0,450.0,-0.44,12841.0,540.0,393.1
GMFIL,7/17/2026,447.0,473.8,447.0,468.0,4.7,16105.0,540.0,393.1
GMFIL,7/20/2026,468.0,475.0,463.0,470.0,0.43,13779.0,540.0,393.1
GMFIL,7/21/2026,470.0,476.8,464.0,469.9,-0.02,26242.0,540.0,393.1
GMFIL,7/22/2026,472.9,484.9,465.7,475.0,0.44,39826.0,540.0,393.1
GMFIL,7/23/2026,498.0,498.0,467.1,478.7,-3.88,8225.0,540.0,393.1
GMFIL,7/24/2026,479.9,480.0,470.0,473.0,-1.44,14104.0,540.0,393.1
GMFIL,7/27/2026,482.0,484.7,465.1,469.9,-2.51,30013.0,540.0,393.1
GMFIL,7/28/2026,460.0,477.6,460.0,471.0,2.39,8641.0,540.0,393.1
GMFIL,7/29/2026,479.9,479.9,460.0,464.9,-3.13,12422.0,540.0,393.1
GMFIL,7/30/2026,465.0,474.0,456.1,459.0,-1.29,11836.0,540.0,393.1
GMFIL,7/31/2026,456.5,474.0,450.0,470.0,2.96,59668.0,540.0,393.1
GMFIL,8/3/2026,470.0,476.6,465.0,472.5,0.53,10160.0,540.0,393.1
GMFIL,8/4/2026,462.1,472.9,460.0,465.0,0.63,9678.0,540.0,393.1
GMFIL,8/5/2026,465.0,474.9,459.0,463.9,-0.24,15219.0,540.0,393.1
GMFIL,8/6/2026,472.0,472.0,455.3,455.3,-3.54,6873.0,540.0,393.1
GMFIL,8/7/2026,457.2,461.0,456.0,456.3,-0.2,5395.0,540.0,393.1
GMFIL,8/10/2026,460.0,460.0,450.0,457.0,-0.65,10821.0,540.0,393.1
GMFIL,8/11/2026,457.0,460.0,457.0,457.0,0.0,3454.0,540.0,393.1
GMFIL,8/12/2026,452.0,460.0,446.0,449.1,-0.64,13326.0,540.0,393.1
GMFIL,8/13/2026,448.1,455.0,448.1,455.0,1.54,8448.0,540.0,393.1
GMFIL,8/14/2026,452.1,453.0,445.4,447.0,-1.13,17149.0,540.0,393.1
GMFIL,8/17/2026,450.5,450.5,445.3,447.0,-0.78,3953.0,540.0,393.1
GMFIL,8/18/2026,444.6,452.5,440.0,445.0,0.09,24929.0,540.0,393.1
GMFIL,8/19/2026,446.1,450.0,443.0,448.9,0.63,5122.0,540.0,393.1
GMFIL,8/20/2026,441.5,445.0,440.0,440.0,-0.34,12318.0,540.0,393.1
GMFIL,8/21/2026,443.3,448.0,440.8,440.8,-0.56,3422.0,540.0,393.1
GMFIL,8/24/2026,447.0,447.0,428.2,435.0,-2.68,13698.0,540.0,393.1
GMFIL,8/25/2026,435.0,437.0,424.0,424.0,-2.53,17443.0,540.0,393.1
GMFIL,8/26/2026,421.0,421.0,400.0,410.9,-2.4,37847.0,540.0,393.1
GMFIL,8/27/2026,410.9,429.0,401.1,418.9,1.95,9007.0,540.0,393.1
GMFIL,8/31/2026,415.0,415.0,410.0,410.0,-1.2,3496.0,540.0,393.1
GMFIL,9/1/2026,419.0,419.0,406.0,410.0,-2.15,11170.0,540.0,393.1
GMFIL,9/2/2026,418.0,418.0,410.4,417.0,-0.24,4265.0,540.0,393.1
GMFIL,9/3/2026,420.0,420.0,413.0,414.1,-1.4,6329.0,540.0,393.1
GMFIL,9/7/2026,414.0,420.0,414.0,418.0,0.97,5966.0,540.0,393.1
GMFIL,9/9/2026,412.0,423.0,407.7,417.9,1.43,8815.0,540.0,393.1
GMFIL,9/10/2026,405.7,411.8,402.0,410.8,1.26,4458.0,540.0,393.1
GMFIL,9/11/2026,416.9,416.9,404.4,413.8,-0.74,3815.0,540.0,393.1
GMFIL,9/14/2026,408.0,422.4,408.0,421.0,3.19,6856.0,540.0,393.1
GMFIL,9/15/2026,442.0,442.0,423.1,433.7,-1.88,13155.0,540.0,393.1
GMFIL,9/16/2026,434.9,434.9,421.8,421.9,-2.99,7476.0,540.0,393.1
GMFIL,9/17/2026,429.0,430.0,420.1,426.9,-0.49,10739.0,540.0,393.1
GMFIL,9/18/2026,427.9,429.9,425.4,428.9,0.23,9690.0,540.0,393.1
GMFIL,9/22/2026,423.1,438.4,423.0,431.9,2.08,7459.0,540.0,393.1
GMFIL,9/23/2026,450.0,450.0,421.0,426.0,-5.33,10650.0,540.0,393.1
GMFIL,9/24/2026,429.8,429.8,420.6,421.0,-2.05,2016.0,540.0,393.1
GMFIL,9/28/2026,429.9,429.9,413.0,417.0,-3.0,3875.0,540.0,393.1
GMFIL,9/29/2026,417.0,419.0,411.6,0.0,-100.0,2010.0,540.0,393.1
GMFIL,9/30/2026,406.0,421.0,406.0,416.0,2.46,1770.0,540.0,393.1
GMFIL,10/1/2026,426.0,426.0,411.4,412.1,-3.26,1800.0,540.0,393.1
GMFIL,10/2/2026,424.4,424.4,412.0,412.0,-2.92,4605.0,540.0,393.1
GMLI,12/21/2025,1750.0,1750.0,1726.0,1731.2,,1398.0,2068.0,889.0
GMLI,12/22/2025,1710.2,1717.0,1700.1,1706.3,-1.44,3917.0,2068.0,889.0
GMLI,12/23/2025,1700.0,1740.0,1700.0,1728.0,1.27,1504.0,2068.0,889.0
GMLI,12/24/2025,1711.0,1730.0,1700.0,1729.0,0.06,2220.0,2068.0,889.0
GMLI,12/28/2025,1705.0,1736.0,1700.0,1712.0,-0.98,2185.0,2068.0,889.0
GMLI,12/29/2025,1712.0,1728.0,1705.1,1705.1,-0.4,2185.0,2068.0,889.0
GMLI,12/31/2025,1739.2,1773.0,1720.0,1722.0,0.99,2734.0,2068.0,889.0
GMLI,1/1/2026,1700.2,1727.9,1700.2,1720.0,-0.12,1155.0,2068.0,889.0
GMLI,1/4/2026,1720.0,1720.0,1694.0,1708.0,-0.7,2391.0,2068.0,889.0
GMLI,1/5/2026,1701.0,1751.3,1700.0,1750.0,2.46,2541.0,2068.0,889.0
GMLI,1/6/2026,1750.0,1785.0,1740.0,1740.0,-0.57,1469.0,2068.0,889.0
GMLI,1/7/2026,1725.0,1774.0,1712.0,1715.0,-1.44,1560.0,2068.0,889.0
GMLI,1/8/2026,1706.0,1740.0,1706.0,1711.1,-0.23,1386.0,2068.0,889.0
GMLI,1/12/2026,1700.2,1725.0,1700.2,1719.9,0.51,2474.0,2068.0,889.0
GMLI,1/13/2026,1715.0,1720.0,1705.5,1706.1,-0.8,2601.0,2068.0,889.0
GMLI,1/14/2026,1702.0,1729.9,1695.0,1701.0,-0.3,2103.0,2068.0,889.0
GMLI,1/18/2026,1710.0,1755.0,1710.0,1730.0,1.7,2829.0,2068.0,889.0
GMLI,1/20/2026,1710.0,1780.0,1707.0,1758.0,1.62,4467.0,2068.0,889.0
GMLI,1/21/2026,1730.0,1767.9,1730.0,1757.8,-0.01,1665.0,2068.0,889.0
GMLI,1/22/2026,1729.2,1778.0,1727.0,1774.0,0.92,4217.0,2068.0,889.0
GMLI,1/25/2026,1789.9,1935.0,1776.0,1929.9,8.79,8402.0,2068.0,889.0
GMLI,1/26/2026,1948.0,1949.0,1886.5,1919.0,-0.56,9404.0,2068.0,889.0
GMLI,1/27/2026,1919.0,1948.9,1815.2,1825.5,-4.87,8017.0,2068.0,889.0
GMLI,1/28/2026,1796.1,1828.0,1780.2,1805.0,-1.12,2875.0,2068.0,889.0
GMLI,1/29/2026,1791.1,1826.0,1769.0,1780.0,-1.39,4476.0,2068.0,889.0
GMLI,2/1/2026,1751.0,1777.0,1751.0,1769.0,-0.62,1900.0,2068.0,889.0
GMLI,2/2/2026,1752.1,1822.7,1751.5,1792.0,1.3,4119.0,2068.0,889.0
GMLI,2/3/2026,1760.0,1800.0,1760.0,1780.0,-0.67,2840.0,2068.0,889.0
GMLI,2/4/2026,1782.1,1790.0,1780.0,1781.0,0.06,2353.0,2068.0,889.0
GMLI,2/5/2026,1770.0,1840.0,1770.0,1833.0,2.92,4406.0,2068.0,889.0
GMLI,2/8/2026,1800.0,1888.9,1800.0,1800.0,-1.8,10769.0,2068.0,889.0
GMLI,2/9/2026,1799.0,1802.0,1770.4,1772.0,-1.56,3350.0,2068.0,889.0
GMLI,2/10/2026,1770.0,1785.0,1756.0,1785.0,0.73,1405.0,2068.0,889.0
GMLI,2/11/2026,1750.1,1785.0,1732.0,1762.9,-1.24,3679.0,2068.0,889.0
GMLI,2/12/2026,1731.0,1749.0,1725.0,1745.0,-1.02,1717.0,2068.0,889.0
GMLI,2/16/2026,1720.0,1737.0,1720.0,1726.0,-1.09,1305.0,2068.0,889.0
GMLI,2/17/2026,1705.0,1735.0,1701.0,1730.0,0.23,1606.0,2068.0,889.0
GMLI,2/22/2026,1715.0,1739.0,1701.9,1705.0,-1.45,1756.0,2068.0,889.0
GMLI,2/23/2026,1705.0,1720.0,1700.0,1715.0,0.59,1300.0,2068.0,889.0
GMLI,2/24/2026,1695.1,1725.0,1695.1,1707.4,-0.44,770.0,2068.0,889.0
GMLI,2/25/2026,1700.0,1739.4,1700.0,1739.4,1.87,2401.0,2068.0,889.0
GMLI,2/26/2026,1720.2,1748.9,1715.0,1748.9,0.55,794.0,2068.0,889.0
GMLI,2/27/2026,1720.2,1748.9,1715.0,1748.9,0.0,794.0,2068.0,889.0
GMLI,2/28/2026,1720.2,1748.9,1715.0,1748.9,0.0,794.0,2068.0,889.0
GMLI,3/2/2026,1714.3,1760.0,1714.3,1760.0,0.63,1755.0,2068.0,889.0
GMLI,3/3/2026,1725.1,1778.0,1725.1,1768.8,0.5,1046.0,2068.0,889.0
GMLI,3/4/2026,1725.1,1778.0,1725.1,1768.8,0.0,1046.0,2068.0,889.0
GMLI,3/5/2026,1725.1,1778.0,1725.1,1768.8,0.0,1046.0,2068.0,889.0
GMLI,3/6/2026,1725.1,1778.0,1725.1,1768.8,0.0,1046.0,2068.0,889.0
GMLI,3/7/2026,1725.1,1778.0,1725.1,1768.8,0.0,1046.0,2068.0,889.0
GMLI,3/8/2026,1725.1,1778.0,1725.1,1768.8,0.0,1046.0,2068.0,889.0
GMLI,3/9/2026,1803.0,1875.0,1803.0,1875.0,6.0,90.0,2068.0,889.0
GMLI,3/10/2026,1900.0,1900.0,1770.0,1820.0,-2.93,4617.0,2068.0,889.0
GMLI,3/11/2026,1786.0,1810.7,1762.0,1780.0,-2.2,3592.0,2068.0,889.0
GMLI,3/12/2026,1745.1,1785.0,1745.1,1757.2,-1.28,1352.0,2068.0,889.0
GMLI,3/13/2026,1745.1,1785.0,1745.1,1757.2,0.0,1352.0,2068.0,889.0
GMLI,3/14/2026,1745.1,1785.0,1745.1,1757.2,0.0,1352.0,2068.0,889.0
GMLI,3/15/2026,1736.0,1760.0,1736.0,1759.9,0.15,2029.0,2068.0,889.0
GMLI,3/16/2026,1740.0,1758.0,1700.0,1735.0,-1.41,3595.0,2068.0,889.0
GMLI,3/17/2026,1720.2,1750.0,1720.0,1745.0,0.58,1028.0,2068.0,889.0
GMLI,3/18/2026,1720.2,1750.0,1720.0,1745.0,0.0,1028.0,2068.0,889.0
GMLI,3/19/2026,1745.0,1769.9,1745.0,1755.0,0.57,4198.0,2068.0,889.0
GMLI,3/20/2026,1745.0,1769.9,1745.0,1755.0,0.0,4198.0,2068.0,889.0
GMLI,3/21/2026,1745.0,1769.9,1745.0,1755.0,0.0,4198.0,2068.0,889.0
GMLI,3/22/2026,1756.0,1783.0,1748.0,1759.0,0.23,6755.0,2068.0,889.0
GMLI,3/23/2026,1791.9,1791.9,1760.0,1770.0,0.63,5354.0,2068.0,889.0
GMLI,3/24/2026,1765.0,1770.0,1745.0,1754.0,-0.9,2546.0,2068.0,889.0
GMLI,3/25/2026,1742.0,1756.0,1735.0,1740.0,-0.8,3949.0,2068.0,889.0
GMLI,3/26/2026,1740.0,1774.8,1732.1,1774.8,2.0,2476.0,2068.0,889.0
GMLI,3/29/2026,1751.0,1774.5,1700.1,1739.9,-0.63,6940.0,2068.0,889.0
GMLI,3/30/2026,1710.0,1740.0,1700.0,1724.5,0.85,4834.0,2068.0,889.0
GMLI,3/31/2026,1716.1,1730.0,1700.3,1725.0,0.52,3211.0,2068.0,889.0
GMLI,4/1/2026,1702.0,1705.0,1635.0,1650.0,-3.06,6217.0,2068.0,889.0
GMLI,4/2/2026,1620.0,1650.0,1585.2,1649.9,1.85,5381.0,2068.0,889.0
GMLI,4/5/2026,1617.0,1617.0,1485.0,1485.0,-8.16,12052.0,2068.0,889.0
GMLI,4/6/2026,1455.3,1570.9,1455.3,1536.0,5.55,6551.0,2068.0,889.0
GMLI,4/7/2026,1535.0,1549.9,1506.0,1519.9,-0.98,3845.0,2068.0,889.0
GMLI,4/8/2026,1489.6,1550.0,1488.7,1530.0,2.71,1876.0,2068.0,889.0
GMLI,4/9/2026,1500.0,1584.9,1500.0,1560.0,4.0,6916.0,2068.0,889.0
GMLI,4/10/2026,1540.0,1570.0,1510.0,1554.0,0.91,2129.0,2068.0,889.0
GMLI,4/13/2026,1530.0,1610.0,1510.0,1568.9,2.54,2655.0,2068.0,889.0
GMLI,4/15/2026,1560.0,1622.0,1529.0,1549.5,-0.67,5080.0,2068.0,889.0
GMLI,4/16/2026,1530.0,1540.0,1500.0,1524.0,-0.39,2205.0,2068.0,889.0
GMLI,4/17/2026,1510.0,1522.0,1505.0,1520.0,0.66,1918.0,2068.0,889.0
GMLI,4/20/2026,1500.0,1515.0,1476.0,1476.1,-1.59,2105.0,2068.0,889.0
GMLI,4/21/2026,1503.0,1503.0,1455.0,1460.0,-2.86,3639.0,2068.0,889.0
GMLI,4/22/2026,1440.0,1460.0,1390.0,1440.0,0.0,7965.0,2068.0,889.0
GMLI,4/23/2026,1442.0,1442.0,1390.0,1390.0,-3.61,1460.0,2068.0,889.0
GMLI,4/24/2026,1390.0,1400.0,1355.1,1375.0,-1.08,2713.0,2068.0,889.0
GMLI,4/27/2026,1375.0,1389.0,1356.0,1370.0,-0.36,3741.0,2068.0,889.0
GMLI,4/28/2026,1370.0,1360.0,1333.7,1350.0,-1.46,3305.0,2068.0,889.0
GMLI,4/29/2026,1350.0,1320.0,1280.0,1290.0,-4.44,4680.0,2068.0,889.0
GMLI,4/30/2026,1298.9,1298.9,1236.0,1280.0,-1.46,5949.0,2068.0,889.0
GMLI,5/4/2026,1280.1,1315.0,1250.0,1308.9,2.25,2857.0,2068.0,889.0
GMLI,5/5/2026,1280.0,1344.0,1256.0,1330.0,3.91,1475.0,2068.0,889.0
GMLI,5/6/2026,1301.3,1339.0,1275.0,1280.0,-1.64,3134.0,2068.0,889.0
GMLI,5/7/2026,1280.0,1318.0,1257.3,1281.0,0.08,860.0,2068.0,889.0
GMLI,5/8/2026,1270.0,1300.0,1251.0,1295.0,1.97,1803.0,2068.0,889.0
GMLI,5/11/2026,1332.9,1364.9,1286.1,1337.7,0.36,2214.0,2068.0,889.0
GMLI,5/12/2026,1359.9,1359.9,1290.2,1300.0,-4.4,2098.0,2068.0,889.0
GMLI,5/13/2026,1300.0,1300.0,1261.2,1290.0,-0.77,1382.0,2068.0,889.0
GMLI,5/14/2026,1230.0,1329.0,1230.0,1279.9,4.06,1893.0,2068.0,889.0
GMLI,5/15/2026,1285.0,1315.0,1250.3,1279.0,-0.47,1961.0,2068.0,889.0
GMLI,5/18/2026,1242.0,1295.0,1242.0,1254.1,0.97,1232.0,2068.0,889.0
GMLI,5/19/2026,1291.0,1291.0,1259.0,1270.0,-1.63,1068.0,2068.0,889.0
GMLI,5/20/2026,1252.0,1286.0,1251.1,1285.0,2.64,1275.0,2068.0,889.0
GMLI,5/21/2026,1271.1,1280.0,1260.0,1274.0,0.23,698.0,2068.0,889.0
GMLI,5/22/2026,1260.0,1283.0,1260.0,1269.9,0.79,537.0,2068.0,889.0
GMLI,5/25/2026,1270.0,1300.0,1261.0,1293.0,1.81,3436.0,2068.0,889.0
GMLI,5/26/2026,1280.0,1324.9,1280.0,1298.0,1.41,2115.0,2068.0,889.0
GMLI,5/27/2026,1322.9,1322.9,1271.0,1282.0,-3.09,1267.0,2068.0,889.0
GMLI,6/1/2026,1282.0,1318.0,1280.0,1307.9,2.02,3393.0,2068.0,889.0
GMLI,6/2/2026,1268.7,1398.0,1260.5,1370.0,7.98,7970.0,2068.0,889.0
GMLI,6/3/2026,1400.0,1404.0,1330.0,1370.0,-2.14,4459.0,2068.0,889.0
GMLI,6/4/2026,1375.0,1380.0,1330.1,1354.0,-1.53,3432.0,2068.0,889.0
GMLI,6/5/2026,1353.0,1380.0,1322.1,1329.0,-1.77,2542.0,2068.0,889.0
GMLI,6/8/2026,1340.0,1357.0,1300.0,1319.9,-1.5,1715.0,2068.0,889.0
GMLI,6/9/2026,1283.1,1320.0,1283.1,1310.0,2.1,1602.0,2068.0,889.0
GMLI,6/10/2026,1310.0,1318.0,1291.1,1312.2,0.17,1036.0,2068.0,889.0
GMLI,6/11/2026,1286.0,1316.0,1286.0,1307.0,1.63,808.0,2068.0,889.0
GMLI,6/12/2026,1242.0,1310.0,1242.0,1304.9,5.06,1500.0,2068.0,889.0
GMLI,6/15/2026,1276.3,1298.7,1276.3,1298.7,1.76,2115.0,2068.0,889.0
GMLI,6/16/2026,1270.0,1298.5,1270.0,1296.0,2.05,1530.0,2068.0,889.0
GMLI,6/17/2026,1271.0,1295.9,1271.0,1295.9,1.96,1030.0,2068.0,889.0
GMLI,6/18/2026,1266.0,1278.9,1251.1,1278.9,1.02,3283.0,2068.0,889.0
GMLI,6/19/2026,1251.0,1290.0,1251.0,1286.0,2.8,1406.0,2068.0,889.0
GMLI,6/22/2026,1250.0,1267.0,1199.0,1246.9,-0.25,5889.0,2068.0,889.0
GMLI,6/23/2026,1212.5,1230.0,1195.0,1200.1,-1.02,3546.0,2068.0,889.0
GMLI,6/24/2026,1200.0,1200.0,1170.0,1180.0,-1.67,2726.0,2068.0,889.0
GMLI,6/26/2026,1148.0,1170.0,1148.0,1167.0,1.66,936.0,2068.0,889.0
GMLI,6/29/2026,1148.0,1170.0,1147.2,1170.0,1.92,1996.0,2068.0,889.0
GMLI,6/30/2026,1146.7,1164.0,1146.7,1146.8,0.01,1238.0,2068.0,889.0
GMLI,7/1/2026,1147.0,1215.0,1147.0,1178.5,2.75,510.0,2068.0,889.0
GMLI,7/2/2026,1210.0,1210.0,1151.0,1180.0,-2.48,563.0,2068.0,889.0
GMLI,7/3/2026,1155.0,1189.5,1155.0,1180.0,2.16,814.0,2068.0,889.0
GMLI,7/6/2026,1158.0,1178.8,1155.1,1157.0,-0.09,755.0,2068.0,889.0
GMLI,7/7/2026,1190.7,1190.7,1137.1,1185.0,-0.48,550.0,2068.0,889.0
GMLI,7/8/2026,1150.0,1179.0,1136.0,1173.9,2.08,858.0,2068.0,889.0
GMLI,7/9/2026,1142.0,1149.9,1115.0,1149.9,0.69,849.0,2068.0,889.0
GMLI,7/10/2026,1116.0,1179.8,1116.0,1149.0,2.96,356.0,2068.0,889.0
GMLI,7/13/2026,1145.0,1150.5,1120.0,1150.0,0.44,1473.0,2068.0,889.0
GMLI,7/14/2026,1125.1,1220.0,1114.0,1170.0,3.99,3443.0,2068.0,889.0
GMLI,7/15/2026,1145.5,1179.0,1145.5,1173.0,2.4,598.0,2068.0,889.0
GMLI,7/16/2026,1173.0,1184.9,1140.0,1169.9,-0.26,934.0,2068.0,889.0
GMLI,7/17/2026,1140.0,1271.0,1140.0,1231.0,7.98,6158.0,2068.0,889.0
GMLI,7/20/2026,1267.9,1267.9,1200.0,1253.9,-1.1,2413.0,2068.0,889.0
GMLI,7/21/2026,1286.9,1286.9,1200.4,1248.9,-2.95,450.0,2068.0,889.0
GMLI,7/22/2026,1215.0,1267.0,1180.0,1200.0,-1.23,5648.0,2068.0,889.0
GMLI,7/23/2026,1201.0,1201.0,1170.5,1195.0,-0.5,2062.0,2068.0,889.0
GMLI,7/24/2026,1159.2,1220.0,1148.5,1186.5,2.36,4148.0,2068.0,889.0
GMLI,7/27/2026,1187.0,1205.0,1157.0,1175.0,-1.01,853.0,2068.0,889.0
GMLI,7/28/2026,1170.0,1170.0,1151.3,1164.0,-0.51,1130.0,2068.0,889.0
GMLI,7/29/2026,1145.8,1172.0,1145.8,1155.0,0.8,1061.0,2068.0,889.0
GMLI,7/30/2026,1135.4,1148.4,1135.4,1137.1,0.15,851.0,2068.0,889.0
GMLI,7/31/2026,1130.1,1149.9,1130.1,1149.0,1.67,444.0,2068.0,889.0
GMLI,8/3/2026,1177.0,1177.0,1132.3,1145.0,-2.72,3513.0,2068.0,889.0
GMLI,8/4/2026,1121.0,1145.0,1121.0,1131.9,0.97,776.0,2068.0,889.0
GMLI,8/5/2026,1110.0,1143.0,1110.0,1117.0,0.63,2078.0,2068.0,889.0
GMLI,8/6/2026,1117.0,1134.0,1085.1,1104.0,-1.16,3222.0,2068.0,889.0
GMLI,8/7/2026,1106.0,1129.9,1090.0,1105.0,-0.09,2767.0,2068.0,889.0
GMLI,8/10/2026,1086.5,1100.0,1086.0,1100.0,1.24,2828.0,2068.0,889.0
GMLI,8/11/2026,1086.0,1161.6,1011.0,1103.0,1.57,3249.0,2068.0,889.0
GMLI,8/12/2026,1105.0,1140.0,1075.0,1095.0,-0.9,1005.0,2068.0,889.0
GMLI,8/13/2026,1127.0,1194.0,1090.0,1098.0,-2.57,1058.0,2068.0,889.0
GMLI,8/14/2026,1070.0,1099.0,1051.0,1099.0,2.71,3071.0,2068.0,889.0
GMLI,8/17/2026,1120.0,1120.0,1059.0,1066.0,-4.82,1241.0,2068.0,889.0
GMLI,8/18/2026,1040.0,1112.0,1040.0,1070.0,2.88,1892.0,2068.0,889.0
GMLI,8/19/2026,1050.0,1060.0,1026.0,1056.0,0.57,1430.0,2068.0,889.0
GMLI,8/20/2026,1026.0,1077.0,1016.0,1025.1,-0.09,1101.0,2068.0,889.0
GMLI,8/21/2026,974.0,1086.0,974.0,1025.0,5.24,2102.0,2068.0,889.0
GMLI,8/24/2026,1015.0,1015.0,996.0,1000.0,-1.48,802.0,2068.0,889.0
GMLI,8/25/2026,1000.0,1000.0,985.1,985.2,-1.48,1157.0,2068.0,889.0
GMLI,8/26/2026,985.2,999.9,942.9,977.0,-0.83,1532.0,2068.0,889.0
GMLI,8/27/2026,947.7,1006.3,921.0,958.4,1.13,722.0,2068.0,889.0
GMLI,8/31/2026,950.0,950.0,917.1,933.0,-1.79,828.0,2068.0,889.0
GMLI,9/1/2026,905.2,950.0,905.2,948.0,4.73,582.0,2068.0,889.0
GMLI,9/2/2026,921.1,959.0,920.0,949.8,3.12,543.0,2068.0,889.0
GMLI,9/3/2026,950.0,950.0,927.1,944.0,-0.63,1021.0,2068.0,889.0
GMLI,9/7/2026,919.0,987.0,919.0,951.0,3.48,602.0,2068.0,889.0
GMLI,9/9/2026,951.0,960.0,940.0,957.9,0.73,430.0,2068.0,889.0
GMLI,9/10/2026,950.0,950.0,930.0,944.0,-0.63,445.0,2068.0,889.0
GMLI,9/11/2026,970.0,1001.0,889.0,991.9,2.26,3616.0,2068.0,889.0
GMLI,9/14/2026,1014.9,1015.0,985.2,1003.7,-1.1,526.0,2068.0,889.0
GMLI,9/15/2026,1033.8,1040.0,1001.0,1020.1,-1.33,2177.0,2068.0,889.0
GMLI,9/16/2026,992.0,1025.0,980.0,998.8,0.69,2960.0,2068.0,889.0
GMLI,9/17/2026,998.8,1025.0,968.9,1000.0,0.12,1654.0,2068.0,889.0
GMLI,9/18/2026,970.0,1059.0,970.0,1030.0,6.19,1850.0,2068.0,889.0
GMLI,9/22/2026,1000.1,1050.0,995.0,1020.0,1.99,1412.0,2068.0,889.0
GMLI,9/23/2026,990.0,1000.0,990.0,1000.0,1.01,504.0,2068.0,889.0
GMLI,9/24/2026,970.0,1000.0,970.0,990.0,2.06,854.0,2068.0,889.0
GMLI,9/28/2026,971.0,980.0,962.1,980.0,0.93,1319.0,2068.0,889.0
GMLI,9/29/2026,962.0,980.0,950.0,0.0,-100.0,1271.0,2068.0,889.0
GMLI,9/30/2026,941.0,949.0,932.0,949.0,0.85,491.0,2068.0,889.0
GMLI,10/1/2026,920.6,960.0,920.6,946.5,2.81,240.0,2068.0,889.0
GMLI,10/2/2026,935.5,950.0,933.0,949.0,1.44,240.0,2068.0,889.0
GRDBL,1/31/2017,490.0,498.0,476.0,480.0,,641.0,1320.0,911.0
GRDBL,2/1/2017,480.0,489.0,471.0,489.0,1.88,547.0,1320.0,911.0
GRDBL,2/2/2017,489.0,491.0,480.0,480.0,-1.84,800.0,1320.0,911.0
GRDBL,2/5/2017,480.0,489.0,472.0,475.0,-1.04,690.0,1320.0,911.0
GRDBL,2/6/2017,475.0,475.0,470.0,470.0,-1.05,340.0,1320.0,911.0
GRDBL,2/7/2017,470.0,471.0,471.0,471.0,0.21,298.0,1320.0,911.0
GRDBL,2/8/2017,471.0,473.0,473.0,473.0,0.42,110.0,1320.0,911.0
GRDBL,2/9/2017,473.0,464.0,445.0,445.0,-5.92,350.0,1320.0,911.0
GRDBL,2/12/2017,445.0,440.0,419.0,419.0,-5.84,415.0,1320.0,911.0
GRDBL,2/13/2017,419.0,411.0,400.0,400.0,-4.53,340.0,1320.0,911.0
GRDBL,2/14/2017,400.0,401.0,395.0,395.0,-1.25,580.0,1320.0,911.0
GRDBL,2/15/2017,395.0,397.0,381.0,397.0,0.51,1486.0,1320.0,911.0
GRDBL,2/16/2017,397.0,402.0,395.0,395.0,-0.5,748.0,1320.0,911.0
GRDBL,2/19/2017,395.0,402.0,402.0,402.0,1.77,100.0,1320.0,911.0
GRDBL,2/20/2017,402.0,415.0,402.0,415.0,3.23,200.0,1320.0,911.0
GRDBL,2/21/2017,415.0,423.0,410.0,418.0,0.72,906.0,1320.0,911.0
GRDBL,2/22/2017,418.0,421.0,418.0,418.0,0.0,150.0,1320.0,911.0
GRDBL,2/23/2017,418.0,410.0,408.0,408.0,-2.39,110.0,1320.0,911.0
GRDBL,2/26/2017,408.0,416.0,400.0,408.0,0.0,430.0,1320.0,911.0
GRDBL,2/28/2017,408.0,408.0,400.0,401.0,-1.72,230.0,1320.0,911.0
GRDBL,3/1/2017,401.0,393.0,373.0,373.0,-6.98,178.0,1320.0,911.0
GRDBL,3/2/2017,373.0,394.0,380.0,394.0,5.63,450.0,1320.0,911.0
GRDBL,3/5/2017,394.0,410.0,398.0,410.0,4.06,476.0,1320.0,911.0
GRDBL,3/6/2017,410.0,418.0,410.0,418.0,1.95,157.0,1320.0,911.0
GRDBL,3/7/2017,418.0,416.0,416.0,416.0,-0.48,22.0,1320.0,911.0
GRDBL,3/9/2017,416.0,420.0,413.0,420.0,0.96,254.0,1320.0,911.0
GRDBL,3/14/2017,420.0,420.0,411.0,411.0,-2.14,353.0,1320.0,911.0
GRDBL,3/15/2017,411.0,412.0,400.0,400.0,-2.68,150.0,1320.0,911.0
GRDBL,3/16/2017,400.0,410.0,402.0,410.0,2.5,100.0,1320.0,911.0
GRDBL,3/19/2017,410.0,405.0,405.0,405.0,-1.22,50.0,1320.0,911.0
GRDBL,3/20/2017,405.0,410.0,410.0,410.0,1.23,21.0,1320.0,911.0
GRDBL,3/21/2017,410.0,420.0,411.0,420.0,2.44,261.0,1320.0,911.0
GRDBL,3/22/2017,420.0,427.0,425.0,427.0,1.67,60.0,1320.0,911.0
GRDBL,3/23/2017,427.0,442.0,427.0,442.0,3.51,310.0,1320.0,911.0
GRDBL,3/26/2017,442.0,459.0,450.0,450.0,1.81,126.0,1320.0,911.0
GRDBL,3/28/2017,450.0,480.0,459.0,480.0,6.67,237.0,1320.0,911.0
GRDBL,3/29/2017,480.0,494.0,484.0,494.0,2.92,182.0,1320.0,911.0
GRDBL,3/30/2017,494.0,502.0,485.0,502.0,1.62,360.0,1320.0,911.0
GRDBL,4/2/2017,502.0,510.0,507.0,510.0,1.59,31.0,1320.0,911.0
GRDBL,4/3/2017,510.0,510.0,475.0,475.0,-6.86,601.0,1320.0,911.0
GRDBL,4/4/2017,475.0,484.0,465.0,466.0,-1.89,284.0,1320.0,911.0
GRDBL,4/6/2017,466.0,512.0,475.0,512.0,9.87,547.0,1320.0,911.0
GRDBL,4/9/2017,512.0,563.0,522.0,563.0,9.96,1397.0,1320.0,911.0
GRDBL,4/10/2017,563.0,619.0,574.0,619.0,9.95,6060.0,1320.0,911.0
GRDBL,4/11/2017,619.0,680.0,630.0,680.0,9.85,1509.0,1320.0,911.0
GRDBL,4/12/2017,680.0,748.0,693.0,748.0,10.0,5115.0,1320.0,911.0
GRDBL,4/13/2017,748.0,822.0,706.0,725.0,-3.07,4966.0,1320.0,911.0
GRDBL,4/16/2017,725.0,797.0,653.0,653.0,-9.93,1188.0,1320.0,911.0
GRDBL,4/18/2017,653.0,641.0,591.0,629.0,-3.68,2761.0,1320.0,911.0
GRDBL,4/19/2017,629.0,681.0,618.0,681.0,8.27,1733.0,1320.0,911.0
GRDBL,4/20/2017,681.0,733.0,694.0,720.0,5.73,2016.0,1320.0,911.0
GRDBL,4/23/2017,720.0,734.0,720.0,720.0,0.0,1501.0,1320.0,911.0
GRDBL,4/24/2017,720.0,715.0,685.0,707.0,-1.81,1794.0,1320.0,911.0
GRDBL,4/25/2017,707.0,710.0,695.0,699.0,-1.13,1484.0,1320.0,911.0
GRDBL,4/26/2017,699.0,703.0,687.0,691.0,-1.14,926.0,1320.0,911.0
GRDBL,4/27/2017,691.0,701.0,680.0,689.0,-0.29,572.0,1320.0,911.0
GRDBL,4/30/2017,689.0,702.0,652.0,675.0,-2.03,1292.0,1320.0,911.0
GRDBL,5/2/2017,675.0,690.0,640.0,640.0,-5.19,2016.0,1320.0,911.0
GRDBL,5/3/2017,640.0,695.0,652.0,695.0,8.59,1166.0,1320.0,911.0
GRDBL,5/4/2017,695.0,695.0,670.0,676.0,-2.73,1808.0,1320.0,911.0
GRDBL,5/7/2017,676.0,665.0,646.0,646.0,-4.44,571.0,1320.0,911.0
GRDBL,5/8/2017,646.0,655.0,630.0,633.0,-2.01,310.0,1320.0,911.0
GRDBL,5/9/2017,633.0,660.0,645.0,650.0,2.69,257.0,1320.0,911.0
GRDBL,5/11/2017,650.0,651.0,625.0,637.0,-2.0,993.0,1320.0,911.0
GRDBL,5/15/2017,637.0,640.0,627.0,639.0,0.31,351.0,1320.0,911.0
GRDBL,5/16/2017,639.0,669.0,620.0,656.0,2.66,117.0,1320.0,911.0
GRDBL,5/17/2017,656.0,665.0,640.0,640.0,-2.44,187.0,1320.0,911.0
GRDBL,5/18/2017,640.0,635.0,631.0,633.0,-1.09,293.0,1320.0,911.0
GRDBL,5/21/2017,633.0,645.0,633.0,645.0,1.9,894.0,1320.0,911.0
GRDBL,5/22/2017,645.0,646.0,642.0,644.0,-0.16,120.0,1320.0,911.0
GRDBL,5/23/2017,644.0,652.0,640.0,644.0,0.0,121.0,1320.0,911.0
GRDBL,5/24/2017,644.0,650.0,632.0,650.0,0.93,532.0,1320.0,911.0
GRDBL,5/28/2017,650.0,650.0,620.0,621.0,-4.46,524.0,1320.0,911.0
GRDBL,5/30/2017,621.0,642.0,620.0,620.0,-0.16,693.0,1320.0,911.0
GRDBL,5/31/2017,620.0,682.0,610.0,682.0,10.0,2823.0,1320.0,911.0
GRDBL,6/1/2017,682.0,722.0,695.0,710.0,4.11,4897.0,1320.0,911.0
GRDBL,6/4/2017,710.0,735.0,715.0,726.0,2.25,2486.0,1320.0,911.0
GRDBL,6/5/2017,726.0,739.0,716.0,733.0,0.96,2162.0,1320.0,911.0
GRDBL,6/6/2017,733.0,750.0,730.0,735.0,0.27,1336.0,1320.0,911.0
GRDBL,6/7/2017,735.0,749.0,721.0,725.0,-1.36,344.0,1320.0,911.0
GRDBL,6/8/2017,725.0,739.0,715.0,726.0,0.14,973.0,1320.0,911.0
GRDBL,6/11/2017,726.0,745.0,720.0,720.0,-0.83,2452.0,1320.0,911.0
GRDBL,6/12/2017,720.0,720.0,695.0,695.0,-3.47,471.0,1320.0,911.0
GRDBL,6/13/2017,695.0,710.0,686.0,708.0,1.87,932.0,1320.0,911.0
GRDBL,6/14/2017,708.0,720.0,696.0,720.0,1.69,1053.0,1320.0,911.0
GRDBL,6/15/2017,720.0,710.0,675.0,675.0,-6.25,1531.0,1320.0,911.0
GRDBL,6/18/2017,675.0,688.0,675.0,675.0,0.0,255.0,1320.0,911.0
GRDBL,6/19/2017,675.0,688.0,675.0,675.0,0.0,90.0,1320.0,911.0
GRDBL,6/20/2017,675.0,675.0,675.0,675.0,0.0,165.0,1320.0,911.0
GRDBL,6/21/2017,675.0,676.0,657.0,657.0,-2.67,279.0,1320.0,911.0
GRDBL,6/22/2017,657.0,644.0,630.0,630.0,-4.11,418.0,1320.0,911.0
GRDBL,6/25/2017,630.0,642.0,622.0,640.0,1.59,113.0,1320.0,911.0
GRDBL,6/27/2017,640.0,640.0,631.0,635.0,-0.78,340.0,1320.0,911.0
GRDBL,6/28/2017,635.0,638.0,615.0,638.0,0.47,350.0,1320.0,911.0
GRDBL,7/2/2017,638.0,630.0,626.0,626.0,-1.88,130.0,1320.0,911.0
GRDBL,7/4/2017,626.0,630.0,616.0,620.0,-0.96,130.0,1320.0,911.0
GRDBL,7/5/2017,620.0,616.0,600.0,611.0,-1.45,365.0,1320.0,911.0
GRDBL,7/6/2017,611.0,630.0,610.0,630.0,3.11,130.0,1320.0,911.0
GRDBL,7/9/2017,630.0,642.0,625.0,626.0,-0.63,247.0,1320.0,911.0
GRDBL,7/10/2017,626.0,620.0,608.0,612.0,-2.24,140.0,1320.0,911.0
GRDBL,7/11/2017,612.0,630.0,600.0,625.0,2.12,1221.0,1320.0,911.0
GRDBL,7/12/2017,625.0,649.0,620.0,640.0,2.4,610.0,1320.0,911.0
GRDBL,7/13/2017,640.0,644.0,616.0,627.0,-2.03,671.0,1320.0,911.0
GRDBL,7/16/2017,627.0,632.0,615.0,622.0,-0.8,252.0,1320.0,911.0
GRDBL,7/17/2017,622.0,628.0,614.0,620.0,-0.32,338.0,1320.0,911.0
GRDBL,7/18/2017,620.0,632.0,620.0,630.0,1.61,343.0,1320.0,911.0
GRDBL,7/19/2017,630.0,642.0,635.0,635.0,0.79,270.0,1320.0,911.0
GRDBL,7/20/2017,635.0,630.0,618.0,620.0,-2.36,180.0,1320.0,911.0
GRDBL,7/23/2017,620.0,625.0,610.0,625.0,0.81,236.0,1320.0,911.0
GRDBL,7/24/2017,625.0,621.0,610.0,620.0,-0.8,90.0,1320.0,911.0
GRDBL,7/25/2017,620.0,640.0,625.0,630.0,1.61,415.0,1320.0,911.0
GRDBL,7/26/2017,630.0,630.0,618.0,625.0,-0.79,443.0,1320.0,911.0
GRDBL,7/27/2017,625.0,626.0,614.0,617.0,-1.28,390.0,1320.0,911.0
GRDBL,7/30/2017,617.0,635.0,617.0,635.0,2.92,411.0,1320.0,911.0
GRDBL,7/31/2017,635.0,630.0,614.0,620.0,-2.36,499.0,1320.0,911.0
GRDBL,8/1/2017,620.0,640.0,608.0,631.0,1.77,330.0,1320.0,911.0
GRDBL,8/2/2017,631.0,640.0,622.0,622.0,-1.43,238.0,1320.0,911.0
GRDBL,8/3/2017,622.0,630.0,620.0,626.0,0.64,420.0,1320.0,911.0
GRDBL,8/6/2017,626.0,626.0,612.0,617.0,-1.44,583.0,1320.0,911.0
GRDBL,8/7/2017,617.0,625.0,615.0,622.0,0.81,360.0,1320.0,911.0
GRDBL,8/9/2017,622.0,632.0,625.0,626.0,0.64,767.0,1320.0,911.0
GRDBL,8/10/2017,626.0,667.0,616.0,667.0,6.55,300.0,1320.0,911.0
GRDBL,8/13/2017,667.0,655.0,601.0,601.0,-9.9,1754.0,1320.0,911.0
GRDBL,8/15/2017,601.0,600.0,575.0,587.0,-2.33,1492.0,1320.0,911.0
GRDBL,8/16/2017,587.0,603.0,575.0,581.0,-1.02,452.0,1320.0,911.0
GRDBL,8/17/2017,581.0,600.0,576.0,594.0,2.24,353.0,1320.0,911.0
GRDBL,8/20/2017,594.0,594.0,561.0,561.0,-5.56,102.0,1320.0,911.0
GRDBL,8/21/2017,561.0,591.0,561.0,591.0,5.35,191.0,1320.0,911.0
GRDBL,8/22/2017,591.0,590.0,570.0,590.0,-0.17,50.0,1320.0,911.0
GRDBL,8/23/2017,590.0,601.0,570.0,601.0,1.86,340.0,1320.0,911.0
GRDBL,8/24/2017,601.0,600.0,577.0,592.0,-1.5,212.0,1320.0,911.0
GRDBL,8/27/2017,592.0,592.0,571.0,590.0,-0.34,487.0,1320.0,911.0
GRDBL,8/28/2017,590.0,595.0,564.0,595.0,0.85,306.0,1320.0,911.0
GRDBL,8/30/2017,595.0,600.0,584.0,599.0,0.67,1028.0,1320.0,911.0
GRDBL,8/31/2017,599.0,621.0,553.0,581.0,-3.01,698.0,1320.0,911.0
GRDBL,9/4/2017,581.0,590.0,565.0,565.0,-2.75,422.0,1320.0,911.0
GRDBL,9/6/2017,565.0,570.0,560.0,569.0,0.71,200.0,1320.0,911.0
GRDBL,9/7/2017,569.0,561.0,547.0,561.0,-1.41,421.0,1320.0,911.0
GRDBL,9/10/2017,561.0,572.0,550.0,559.0,-0.36,596.0,1320.0,911.0
GRDBL,9/11/2017,559.0,549.0,531.0,540.0,-3.4,166.0,1320.0,911.0
GRDBL,9/12/2017,540.0,540.0,530.0,540.0,0.0,230.0,1320.0,911.0
GRDBL,9/13/2017,540.0,530.0,515.0,515.0,-4.63,30.0,1320.0,911.0
GRDBL,9/14/2017,515.0,522.0,505.0,522.0,1.36,95.0,1320.0,911.0
GRDBL,9/17/2017,522.0,555.0,532.0,555.0,6.32,178.0,1320.0,911.0
GRDBL,9/18/2017,555.0,580.0,555.0,570.0,2.7,461.0,1320.0,911.0
GRDBL,9/20/2017,570.0,570.0,548.0,548.0,-3.86,150.0,1320.0,911.0
GRDBL,9/24/2017,548.0,538.0,538.0,538.0,-1.82,20.0,1320.0,911.0
GRDBL,9/25/2017,538.0,561.0,530.0,561.0,4.28,40.0,1320.0,911.0
GRDBL,10/4/2017,561.0,565.0,565.0,565.0,0.71,10.0,1320.0,911.0
GRDBL,10/9/2017,565.0,554.0,554.0,554.0,-1.95,20.0,1320.0,911.0
GRDBL,10/10/2017,554.0,543.0,533.0,540.0,-2.53,195.0,1320.0,911.0
GRDBL,10/11/2017,540.0,545.0,530.0,530.0,-1.85,80.0,1320.0,911.0
GRDBL,10/15/2017,530.0,550.0,530.0,550.0,3.77,90.0,1320.0,911.0
GRDBL,10/16/2017,550.0,550.0,550.0,550.0,0.0,60.0,1320.0,911.0
GRDBL,10/17/2017,550.0,555.0,544.0,544.0,-1.09,620.0,1320.0,911.0
GRDBL,10/18/2017,544.0,535.0,525.0,535.0,-1.65,255.0,1320.0,911.0
GRDBL,10/22/2017,535.0,530.0,525.0,530.0,-0.93,54.0,1320.0,911.0
GRDBL,10/23/2017,530.0,545.0,530.0,545.0,2.83,113.0,1320.0,911.0
GRDBL,10/24/2017,545.0,550.0,540.0,540.0,-0.92,40.0,1320.0,911.0
GRDBL,10/25/2017,540.0,561.0,545.0,545.0,0.93,370.0,1320.0,911.0
GRDBL,10/29/2017,545.0,545.0,540.0,540.0,-0.92,540.0,1320.0,911.0
GRDBL,10/30/2017,540.0,550.0,531.0,531.0,-1.67,240.0,1320.0,911.0
GRDBL,10/31/2017,531.0,521.0,511.0,512.0,-3.58,305.0,1320.0,911.0
GRDBL,11/1/2017,512.0,502.0,492.0,502.0,-1.95,183.0,1320.0,911.0
GRDBL,11/2/2017,502.0,505.0,495.0,505.0,0.6,61.0,1320.0,911.0
GRDBL,11/5/2017,505.0,510.0,481.0,481.0,-4.75,140.0,1320.0,911.0
GRDBL,11/6/2017,481.0,493.0,464.0,470.0,-2.29,1036.0,1320.0,911.0
GRDBL,11/7/2017,470.0,462.0,457.0,457.0,-2.77,142.0,1320.0,911.0
GRDBL,11/8/2017,457.0,457.0,440.0,448.0,-1.97,950.0,1320.0,911.0
GRDBL,11/9/2017,448.0,459.0,441.0,449.0,0.22,525.0,1320.0,911.0
GRDBL,11/12/2017,449.0,460.0,449.0,450.0,0.22,440.0,1320.0,911.0
GRDBL,11/13/2017,450.0,443.0,441.0,442.0,-1.78,50.0,1320.0,911.0
GRDBL,11/14/2017,442.0,445.0,440.0,445.0,0.68,256.0,1320.0,911.0
GRDBL,11/15/2017,445.0,462.0,445.0,445.0,0.0,659.0,1320.0,911.0
GRDBL,11/16/2017,445.0,453.0,445.0,446.0,0.22,30.0,1320.0,911.0
GRDBL,11/19/2017,446.0,462.0,445.0,462.0,3.59,372.0,1320.0,911.0
GRDBL,11/20/2017,462.0,508.0,471.0,508.0,9.96,1238.0,1320.0,911.0
GRDBL,11/21/2017,508.0,558.0,518.0,558.0,9.84,3241.0,1320.0,911.0
GRDBL,11/22/2017,558.0,613.0,569.0,613.0,9.86,5120.0,1320.0,911.0
GRDBL,11/23/2017,613.0,674.0,553.0,600.0,-2.12,4695.0,1320.0,911.0
GRDBL,11/26/2017,600.0,600.0,579.0,588.0,-2.0,1787.0,1320.0,911.0
GRDBL,11/27/2017,588.0,599.0,577.0,580.0,-1.36,1249.0,1320.0,911.0
GRDBL,11/28/2017,580.0,600.0,579.0,595.0,2.59,653.0,1320.0,911.0
GRDBL,11/29/2017,595.0,595.0,590.0,591.0,-0.67,580.0,1320.0,911.0
GRDBL,11/30/2017,591.0,592.0,580.0,586.0,-0.85,447.0,1320.0,911.0
GRDBL,12/4/2017,586.0,590.0,580.0,581.0,-0.85,700.0,1320.0,911.0
GRDBL,12/5/2017,581.0,577.0,571.0,576.0,-0.86,364.0,1320.0,911.0
GRDBL,12/6/2017,576.0,597.0,576.0,590.0,2.43,847.0,1320.0,911.0
GRDBL,12/10/2017,590.0,601.0,583.0,590.0,0.0,1128.0,1320.0,911.0
GRDBL,12/11/2017,590.0,585.0,580.0,585.0,-0.85,176.0,1320.0,911.0
GRDBL,12/12/2017,585.0,585.0,575.0,575.0,-1.71,220.0,1320.0,911.0
GRDBL,12/13/2017,575.0,575.0,569.0,571.0,-0.7,123.0,1320.0,911.0
GRDBL,12/14/2017,571.0,570.0,565.0,569.0,-0.35,251.0,1320.0,911.0
GRDBL,12/17/2017,569.0,570.0,565.0,565.0,-0.7,150.0,1320.0,911.0
GRDBL,12/18/2017,565.0,562.0,560.0,560.0,-0.88,170.0,1320.0,911.0
GRDBL,12/19/2017,560.0,556.0,550.0,555.0,-0.89,282.0,1320.0,911.0
GRDBL,12/20/2017,555.0,544.0,534.0,536.0,-3.42,196.0,1320.0,911.0
GRDBL,12/21/2017,536.0,536.0,526.0,536.0,0.0,380.0,1320.0,911.0
GRDBL,12/24/2017,536.0,589.0,546.0,589.0,9.89,4571.0,1320.0,911.0
GRDBL,12/26/2017,589.0,605.0,589.0,595.0,1.02,5301.0,1320.0,911.0
GRDBL,12/27/2017,595.0,590.0,580.0,589.0,-1.01,3347.0,1320.0,911.0
GRDBL,12/28/2017,589.0,586.0,562.0,565.0,-4.07,4559.0,1320.0,911.0
GRDBL,12/31/2017,565.0,573.0,536.0,565.0,0.0,6691.0,1320.0,911.0
GRDBL,1/1/2018,193.0,195.0,190.0,195.0,-65.49,530.0,1320.0,911.0
GRDBL,1/4/2018,195.0,195.0,192.0,192.0,-1.54,149.0,1320.0,911.0
GRDBL,1/7/2018,192.0,190.0,190.0,190.0,-1.04,334.0,1320.0,911.0
GRDBL,1/8/2018,190.0,190.0,187.0,187.0,-1.58,363.0,1320.0,911.0
GRDBL,1/9/2018,187.0,193.0,184.0,193.0,3.21,40.0,1320.0,911.0
GRDBL,1/10/2018,193.0,192.0,189.0,189.0,-2.07,120.0,1320.0,911.0
GRDBL,1/14/2018,189.0,186.0,186.0,186.0,-1.59,30.0,1320.0,911.0
GRDBL,1/16/2018,186.0,183.0,183.0,183.0,-1.61,51.0,1320.0,911.0
GRDBL,1/17/2018,183.0,183.0,182.0,182.0,-0.55,210.0,1320.0,911.0
GRDBL,1/21/2018,182.0,180.0,177.0,177.0,-2.75,20.0,1320.0,911.0
GRDBL,1/22/2018,177.0,174.0,171.0,172.0,-2.82,270.0,1320.0,911.0
GRDBL,1/23/2018,172.0,170.0,169.0,170.0,-1.16,212.0,1320.0,911.0
GRDBL,1/24/2018,170.0,167.0,167.0,167.0,-1.76,114.0,1320.0,911.0
GRDBL,1/25/2018,167.0,165.0,165.0,165.0,-1.2,160.0,1320.0,911.0
GRDBL,1/28/2018,165.0,166.0,165.0,166.0,0.61,84.0,1320.0,911.0
GRDBL,1/29/2018,166.0,171.0,166.0,170.0,2.41,506.0,1320.0,911.0
GRDBL,1/31/2018,170.0,173.0,168.0,173.0,1.76,161.0,1320.0,911.0
GRDBL,2/1/2018,173.0,179.0,176.0,179.0,3.47,81.0,1320.0,911.0
GRDBL,2/4/2018,179.0,185.0,182.0,185.0,3.35,280.0,1320.0,911.0
GRDBL,2/5/2018,185.0,187.0,185.0,185.0,0.0,577.0,1320.0,911.0
GRDBL,2/7/2018,185.0,188.0,188.0,188.0,1.62,62.0,1320.0,911.0
GRDBL,2/8/2018,188.0,190.0,190.0,190.0,1.06,102.0,1320.0,911.0
GRDBL,2/11/2018,190.0,193.0,192.0,192.0,1.05,193.0,1320.0,911.0
GRDBL,2/12/2018,192.0,192.0,190.0,190.0,-1.04,250.0,1320.0,911.0
GRDBL,2/14/2018,190.0,190.0,190.0,190.0,0.0,230.0,1320.0,911.0
GRDBL,2/15/2018,190.0,196.0,187.0,194.0,2.11,583.0,1320.0,911.0
GRDBL,2/20/2018,194.0,194.0,194.0,194.0,0.0,20.0,1320.0,911.0
GRDBL,2/21/2018,191.0,191.0,188.0,188.0,-3.09,240.0,1320.0,911.0
GRDBL,2/22/2018,185.0,185.0,185.0,185.0,-1.6,60.0,1320.0,911.0
GRDBL,2/25/2018,182.0,182.0,179.0,181.0,-2.16,110.0,1320.0,911.0
GRDBL,2/26/2018,178.0,178.0,178.0,178.0,-1.66,20.0,1320.0,911.0
GRDBL,2/27/2018,178.0,178.0,175.0,175.0,-1.69,20.0,1320.0,911.0
GRDBL,2/28/2018,175.0,181.0,175.0,180.0,2.86,470.0,1320.0,911.0
GRDBL,3/5/2018,180.0,180.0,177.0,177.0,-1.67,200.0,1320.0,911.0
GRDBL,3/6/2018,175.0,177.0,175.0,177.0,0.0,40.0,1320.0,911.0
GRDBL,3/7/2018,177.0,177.0,175.0,175.0,-1.13,110.0,1320.0,911.0
GRDBL,3/11/2018,173.0,175.0,173.0,175.0,0.0,183.0,1320.0,911.0
GRDBL,3/12/2018,172.0,175.0,172.0,172.0,-1.71,154.0,1320.0,911.0
GRDBL,3/13/2018,169.0,169.0,169.0,169.0,-1.74,226.0,1320.0,911.0
GRDBL,3/15/2018,172.0,172.0,169.0,169.0,0.0,222.0,1320.0,911.0
GRDBL,3/18/2018,167.0,170.0,167.0,170.0,0.59,30.0,1320.0,911.0
GRDBL,3/20/2018,170.0,170.0,170.0,170.0,0.0,50.0,1320.0,911.0
GRDBL,3/21/2018,168.0,168.0,168.0,168.0,-1.18,72.0,1320.0,911.0
GRDBL,3/22/2018,168.0,171.0,165.0,165.0,-1.79,870.0,1320.0,911.0
GRDBL,3/26/2018,165.0,168.0,165.0,165.0,0.0,450.0,1320.0,911.0
GRDBL,3/27/2018,163.0,163.0,162.0,162.0,-1.82,30.0,1320.0,911.0
GRDBL,3/28/2018,160.0,162.0,160.0,162.0,0.0,927.0,1320.0,911.0
GRDBL,3/29/2018,162.0,165.0,162.0,165.0,1.85,95.0,1320.0,911.0
GRDBL,4/1/2018,162.0,165.0,162.0,165.0,0.0,130.0,1320.0,911.0
GRDBL,4/2/2018,165.0,165.0,162.0,162.0,-1.82,20.0,1320.0,911.0
GRDBL,4/3/2018,159.0,162.0,159.0,162.0,0.0,40.0,1320.0,911.0
GRDBL,4/4/2018,165.0,165.0,163.0,165.0,1.85,228.0,1320.0,911.0
GRDBL,4/5/2018,168.0,171.0,168.0,171.0,3.64,210.0,1320.0,911.0
GRDBL,4/8/2018,171.0,173.0,170.0,173.0,1.17,125.0,1320.0,911.0
GRDBL,4/11/2018,170.0,171.0,170.0,170.0,-1.73,130.0,1320.0,911.0
GRDBL,4/12/2018,168.0,168.0,166.0,166.0,-2.35,142.0,1320.0,911.0
GRDBL,4/15/2018,169.0,169.0,168.0,168.0,1.2,70.0,1320.0,911.0
GRDBL,4/16/2018,167.0,167.0,167.0,167.0,-0.6,10.0,1320.0,911.0
GRDBL,4/17/2018,170.0,170.0,170.0,170.0,1.8,20.0,1320.0,911.0
GRDBL,4/18/2018,173.0,173.0,173.0,173.0,1.76,10.0,1320.0,911.0
GRDBL,4/19/2018,175.0,176.0,175.0,176.0,1.73,140.0,1320.0,911.0
GRDBL,4/22/2018,176.0,178.0,176.0,178.0,1.14,156.0,1320.0,911.0
GRDBL,4/23/2018,175.0,176.0,175.0,175.0,-1.69,120.0,1320.0,911.0
GRDBL,4/24/2018,175.0,175.0,175.0,175.0,0.0,110.0,1320.0,911.0
GRDBL,4/25/2018,172.0,172.0,170.0,170.0,-2.86,112.0,1320.0,911.0
GRDBL,4/26/2018,171.0,171.0,171.0,171.0,0.59,80.0,1320.0,911.0
GRDBL,4/29/2018,172.0,172.0,172.0,172.0,0.58,55.0,1320.0,911.0
GRDBL,5/2/2018,172.0,172.0,170.0,170.0,-1.16,160.0,1320.0,911.0
GRDBL,5/3/2018,170.0,171.0,170.0,170.0,0.0,182.0,1320.0,911.0
GRDBL,5/6/2018,170.0,170.0,170.0,170.0,0.0,30.0,1320.0,911.0
GRDBL,5/7/2018,171.0,171.0,167.0,167.0,-1.76,120.0,1320.0,911.0
GRDBL,5/8/2018,170.0,171.0,167.0,167.0,0.0,527.0,1320.0,911.0
GRDBL,5/9/2018,164.0,165.0,164.0,165.0,-1.2,70.0,1320.0,911.0
GRDBL,5/10/2018,162.0,162.0,162.0,162.0,-1.82,30.0,1320.0,911.0
GRDBL,5/14/2018,159.0,159.0,154.0,154.0,-4.94,96.0,1320.0,911.0
GRDBL,5/15/2018,157.0,157.0,157.0,157.0,1.95,22.0,1320.0,911.0
GRDBL,5/16/2018,157.0,157.0,157.0,157.0,0.0,32.0,1320.0,911.0
GRDBL,5/17/2018,154.0,154.0,154.0,154.0,-1.91,10.0,1320.0,911.0
GRDBL,5/20/2018,154.0,154.0,152.0,152.0,-1.3,265.0,1320.0,911.0
GRDBL,5/22/2018,152.0,153.0,150.0,153.0,0.66,130.0,1320.0,911.0
GRDBL,5/23/2018,152.0,153.0,152.0,153.0,0.0,191.0,1320.0,911.0
GRDBL,5/27/2018,152.0,152.0,152.0,152.0,-0.65,20.0,1320.0,911.0
GRDBL,5/28/2018,150.0,150.0,150.0,150.0,-1.32,20.0,1320.0,911.0
GRDBL,5/29/2018,147.0,149.0,147.0,149.0,-0.67,36.0,1320.0,911.0
GRDBL,5/31/2018,148.0,150.0,148.0,148.0,-0.67,55.0,1320.0,911.0
GRDBL,6/6/2018,148.0,148.0,148.0,148.0,0.0,10.0,1320.0,911.0
GRDBL,6/7/2018,148.0,148.0,148.0,148.0,0.0,30.0,1320.0,911.0
GRDBL,6/10/2018,150.0,150.0,150.0,150.0,1.35,110.0,1320.0,911.0
GRDBL,6/11/2018,149.0,149.0,147.0,147.0,-2.0,82.0,1320.0,911.0
GRDBL,6/12/2018,149.0,149.0,149.0,149.0,1.36,21.0,1320.0,911.0
GRDBL,6/13/2018,147.0,147.0,147.0,147.0,-1.34,10.0,1320.0,911.0
GRDBL,6/14/2018,145.0,145.0,145.0,145.0,-1.36,10.0,1320.0,911.0
GRDBL,6/17/2018,143.0,143.0,141.0,141.0,-2.76,120.0,1320.0,911.0
GRDBL,6/19/2018,140.0,140.0,140.0,140.0,-0.71,30.0,1320.0,911.0
GRDBL,6/20/2018,138.0,138.0,138.0,138.0,-1.43,10.0,1320.0,911.0
GRDBL,6/21/2018,138.0,139.0,138.0,138.0,0.0,30.0,1320.0,911.0
GRDBL,6/24/2018,136.0,138.0,136.0,138.0,0.0,32.0,1320.0,911.0
GRDBL,6/26/2018,138.0,138.0,138.0,138.0,0.0,10.0,1320.0,911.0
GRDBL,7/5/2018,138.0,140.0,138.0,140.0,1.45,40.0,1320.0,911.0
GRDBL,7/9/2018,141.0,141.0,141.0,141.0,0.71,10.0,1320.0,911.0
GRDBL,7/10/2018,142.0,142.0,140.0,140.0,-0.71,94.0,1320.0,911.0
GRDBL,7/11/2018,138.0,142.0,138.0,140.0,0.0,290.0,1320.0,911.0
GRDBL,7/15/2018,142.0,142.0,142.0,142.0,1.43,40.0,1320.0,911.0
GRDBL,7/16/2018,142.0,142.0,140.0,142.0,0.0,125.0,1320.0,911.0
GRDBL,7/17/2018,142.0,142.0,142.0,142.0,0.0,20.0,1320.0,911.0
GRDBL,7/18/2018,142.0,142.0,140.0,140.0,-1.41,30.0,1320.0,911.0
GRDBL,7/22/2018,142.0,142.0,140.0,140.0,0.0,148.0,1320.0,911.0
GRDBL,7/23/2018,140.0,141.0,140.0,141.0,0.71,30.0,1320.0,911.0
GRDBL,7/24/2018,141.0,141.0,139.0,139.0,-1.42,500.0,1320.0,911.0
GRDBL,7/25/2018,137.0,137.0,137.0,137.0,-1.44,20.0,1320.0,911.0
GRDBL,7/26/2018,135.0,137.0,135.0,137.0,0.0,235.0,1320.0,911.0
GRDBL,7/31/2018,135.0,135.0,133.0,133.0,-2.92,72.0,1320.0,911.0
GRDBL,8/1/2018,132.0,132.0,132.0,132.0,-0.75,10.0,1320.0,911.0
GRDBL,8/2/2018,130.0,130.0,128.0,128.0,-3.03,120.0,1320.0,911.0
GRDBL,8/8/2018,128.0,128.0,128.0,128.0,0.0,10.0,1320.0,911.0
GRDBL,8/9/2018,130.0,130.0,130.0,130.0,1.56,20.0,1320.0,911.0
GRDBL,8/12/2018,130.0,130.0,130.0,130.0,0.0,40.0,1320.0,911.0
GRDBL,8/13/2018,132.0,138.0,132.0,138.0,6.15,571.0,1320.0,911.0
GRDBL,8/14/2018,136.0,138.0,136.0,138.0,0.0,20.0,1320.0,911.0
GRDBL,8/15/2018,138.0,138.0,138.0,138.0,0.0,10.0,1320.0,911.0
GRDBL,8/19/2018,136.0,136.0,136.0,136.0,-1.45,10.0,1320.0,911.0
GRDBL,8/20/2018,135.0,135.0,135.0,135.0,-0.74,60.0,1320.0,911.0
GRDBL,8/21/2018,133.0,133.0,129.0,129.0,-4.44,160.0,1320.0,911.0
GRDBL,8/22/2018,129.0,129.0,127.0,127.0,-1.55,90.0,1320.0,911.0
GRDBL,8/23/2018,125.0,127.0,125.0,127.0,0.0,110.0,1320.0,911.0
GRDBL,8/26/2018,125.0,125.0,125.0,125.0,-1.57,10.0,1320.0,911.0
GRDBL,8/28/2018,127.0,127.0,127.0,127.0,1.6,10.0,1320.0,911.0
GRDBL,8/29/2018,129.0,129.0,127.0,127.0,0.0,20.0,1320.0,911.0
GRDBL,8/30/2018,129.0,129.0,128.0,128.0,0.79,105.0,1320.0,911.0
GRDBL,9/2/2018,126.0,128.0,126.0,128.0,0.0,41.0,1320.0,911.0
GRDBL,9/3/2018,130.0,132.0,130.0,132.0,3.12,810.0,1320.0,911.0
GRDBL,9/4/2018,134.0,134.0,132.0,132.0,0.0,421.0,1320.0,911.0
GRDBL,9/5/2018,133.0,137.0,133.0,137.0,3.79,441.0,1320.0,911.0
GRDBL,9/6/2018,139.0,139.0,136.0,139.0,1.46,775.0,1320.0,911.0
GRDBL,9/9/2018,137.0,137.0,126.0,126.0,-9.35,1943.0,1320.0,911.0
GRDBL,9/10/2018,124.0,124.0,114.0,114.0,-9.52,10839.0,1320.0,911.0
GRDBL,9/11/2018,113.0,115.0,110.0,114.0,0.0,9880.0,1320.0,911.0
GRDBL,9/12/2018,113.0,115.0,112.0,112.0,-1.75,5202.0,1320.0,911.0
GRDBL,9/13/2018,110.0,113.0,110.0,112.0,0.0,3568.0,1320.0,911.0
GRDBL,9/16/2018,112.0,115.0,112.0,115.0,2.68,4408.0,1320.0,911.0
GRDBL,9/17/2018,115.0,116.0,114.0,114.0,-0.87,1940.0,1320.0,911.0
GRDBL,9/18/2018,114.0,115.0,113.0,114.0,0.0,3015.0,1320.0,911.0
GRDBL,9/20/2018,115.0,120.0,114.0,115.0,0.88,4890.0,1320.0,911.0
GRDBL,9/23/2018,114.0,118.0,114.0,115.0,0.0,6290.0,1320.0,911.0
GRDBL,9/25/2018,115.0,117.0,114.0,115.0,0.0,4168.0,1320.0,911.0
GRDBL,9/26/2018,118.0,124.0,116.0,124.0,7.83,10262.0,1320.0,911.0
GRDBL,9/27/2018,126.0,136.0,122.0,124.0,0.0,7000.0,1320.0,911.0
GRDBL,9/30/2018,122.0,123.0,118.0,118.0,-4.84,6150.0,1320.0,911.0
GRDBL,10/1/2018,116.0,122.0,116.0,118.0,0.0,6470.0,1320.0,911.0
GRDBL,10/2/2018,117.0,119.0,116.0,117.0,-0.85,550.0,1320.0,911.0
GRDBL,10/3/2018,115.0,119.0,115.0,117.0,0.0,4640.0,1320.0,911.0
GRDBL,10/4/2018,115.0,116.0,115.0,115.0,-1.71,1995.0,1320.0,911.0
GRDBL,10/7/2018,113.0,116.0,111.0,114.0,-0.87,2210.0,1320.0,911.0
GRDBL,10/8/2018,115.0,116.0,115.0,116.0,1.75,800.0,1320.0,911.0
GRDBL,10/9/2018,115.0,117.0,113.0,115.0,-0.86,1188.0,1320.0,911.0
GRDBL,10/10/2018,113.0,113.0,113.0,113.0,-1.74,835.0,1320.0,911.0
GRDBL,10/11/2018,112.0,112.0,112.0,112.0,-0.88,40.0,1320.0,911.0
GRDBL,10/14/2018,112.0,118.0,112.0,118.0,5.36,400.0,1320.0,911.0
GRDBL,10/15/2018,118.0,118.0,118.0,118.0,0.0,600.0,1320.0,911.0
GRDBL,10/21/2018,120.0,126.0,120.0,124.0,5.08,1770.0,1320.0,911.0
GRDBL,10/22/2018,123.0,123.0,119.0,120.0,-3.23,1300.0,1320.0,911.0
GRDBL,10/23/2018,121.0,121.0,118.0,120.0,0.0,2070.0,1320.0,911.0
GRDBL,10/24/2018,118.0,120.0,118.0,118.0,-1.67,455.0,1320.0,911.0
GRDBL,10/25/2018,117.0,118.0,117.0,117.0,-0.85,600.0,1320.0,911.0
GRDBL,10/28/2018,117.0,120.0,117.0,117.0,0.0,310.0,1320.0,911.0
GRDBL,10/29/2018,115.0,117.0,113.0,115.0,-1.71,1920.0,1320.0,911.0
GRDBL,10/30/2018,113.0,116.0,113.0,114.0,-0.87,2184.0,1320.0,911.0
GRDBL,10/31/2018,113.0,115.0,113.0,115.0,0.88,1660.0,1320.0,911.0
GRDBL,11/1/2018,115.0,117.0,115.0,117.0,1.74,660.0,1320.0,911.0
GRDBL,11/4/2018,115.0,117.0,114.0,116.0,-0.85,690.0,1320.0,911.0
GRDBL,11/5/2018,115.0,118.0,115.0,118.0,1.72,890.0,1320.0,911.0
GRDBL,11/11/2018,118.0,118.0,117.0,117.0,-0.85,1100.0,1320.0,911.0
GRDBL,11/12/2018,115.0,117.0,114.0,114.0,-2.56,939.0,1320.0,911.0
GRDBL,11/13/2018,116.0,116.0,114.0,114.0,0.0,175.0,1320.0,911.0
GRDBL,11/14/2018,116.0,116.0,114.0,116.0,1.75,100.0,1320.0,911.0
GRDBL,11/18/2018,116.0,116.0,112.0,112.0,-3.45,710.0,1320.0,911.0
GRDBL,11/19/2018,112.0,112.0,112.0,112.0,0.0,250.0,1320.0,911.0
GRDBL,11/20/2018,113.0,114.0,112.0,113.0,0.89,350.0,1320.0,911.0
GRDBL,11/21/2018,113.0,115.0,113.0,114.0,0.88,290.0,1320.0,911.0
GRDBL,11/25/2018,112.0,113.0,112.0,112.0,-1.75,1720.0,1320.0,911.0
GRDBL,11/26/2018,110.0,112.0,110.0,112.0,0.0,590.0,1320.0,911.0
GRDBL,11/27/2018,111.0,112.0,110.0,111.0,-0.89,1245.0,1320.0,911.0
GRDBL,11/28/2018,112.0,112.0,110.0,110.0,-0.9,210.0,1320.0,911.0
GRDBL,11/29/2018,108.0,111.0,107.0,107.0,-2.73,1854.0,1320.0,911.0
GRDBL,12/2/2018,109.0,109.0,107.0,107.0,0.0,1368.0,1320.0,911.0
GRDBL,12/3/2018,109.0,109.0,108.0,109.0,1.87,300.0,1320.0,911.0
GRDBL,12/4/2018,109.0,113.0,108.0,111.0,1.83,225.0,1320.0,911.0
GRDBL,12/5/2018,113.0,113.0,109.0,109.0,-1.8,1070.0,1320.0,911.0
GRDBL,12/6/2018,107.0,111.0,107.0,109.0,0.0,450.0,1320.0,911.0
GRDBL,12/9/2018,110.0,110.0,108.0,108.0,-0.92,750.0,1320.0,911.0
GRDBL,12/10/2018,108.0,110.0,108.0,110.0,1.85,710.0,1320.0,911.0
GRDBL,12/11/2018,110.0,112.0,110.0,110.0,0.0,210.0,1320.0,911.0
GRDBL,12/16/2018,112.0,112.0,112.0,112.0,1.82,720.0,1320.0,911.0
GRDBL,12/17/2018,114.0,114.0,108.0,110.0,-1.79,280.0,1320.0,911.0
GRDBL,12/18/2018,110.0,111.0,110.0,110.0,0.0,315.0,1320.0,911.0
GRDBL,12/19/2018,108.0,109.0,108.0,109.0,-0.91,100.0,1320.0,911.0
GRDBL,12/20/2018,109.0,110.0,109.0,110.0,0.92,1660.0,1320.0,911.0
GRDBL,12/23/2018,112.0,112.0,109.0,109.0,-0.91,4200.0,1320.0,911.0
GRDBL,12/24/2018,110.0,110.0,109.0,109.0,0.0,5100.0,1320.0,911.0
GRDBL,12/25/2018,109.0,109.0,107.0,109.0,0.0,1465.0,1320.0,911.0
GRDBL,12/26/2018,109.0,112.0,108.0,111.0,1.83,2230.0,1320.0,911.0
GRDBL,12/27/2018,113.0,114.0,111.0,111.0,0.0,2920.0,1320.0,911.0
GRDBL,12/30/2018,110.0,110.0,109.0,109.0,-1.8,1330.0,1320.0,911.0
GRDBL,12/31/2018,111.0,111.0,110.0,110.0,0.92,125.0,1320.0,911.0
GRDBL,1/1/2019,109.0,109.0,109.0,109.0,-0.91,50.0,1320.0,911.0
GRDBL,1/2/2019,110.0,110.0,108.0,108.0,-0.92,300.0,1320.0,911.0
GRDBL,1/3/2019,107.0,109.0,107.0,109.0,0.93,240.0,1320.0,911.0
GRDBL,1/6/2019,108.0,108.0,107.0,107.0,-1.83,240.0,1320.0,911.0
GRDBL,1/7/2019,107.0,109.0,107.0,107.0,0.0,758.0,1320.0,911.0
GRDBL,1/8/2019,108.0,109.0,107.0,107.0,0.0,1670.0,1320.0,911.0
GRDBL,1/9/2019,107.0,109.0,107.0,108.0,0.93,920.0,1320.0,911.0
GRDBL,1/10/2019,110.0,110.0,110.0,110.0,1.85,140.0,1320.0,911.0
GRDBL,1/13/2019,111.0,111.0,106.0,110.0,0.0,890.0,1320.0,911.0
GRDBL,1/14/2019,109.0,109.0,107.0,107.0,-2.73,760.0,1320.0,911.0
GRDBL,1/15/2019,108.0,110.0,108.0,110.0,2.8,1201.0,1320.0,911.0
GRDBL,1/16/2019,108.0,108.0,108.0,108.0,-1.82,100.0,1320.0,911.0
GRDBL,1/17/2019,106.0,108.0,106.0,108.0,0.0,480.0,1320.0,911.0
GRDBL,1/20/2019,107.0,107.0,106.0,106.0,-1.85,305.0,1320.0,911.0
GRDBL,1/21/2019,104.0,106.0,104.0,105.0,-0.94,910.0,1320.0,911.0
GRDBL,1/22/2019,103.0,107.0,103.0,104.0,-0.95,990.0,1320.0,911.0
GRDBL,1/23/2019,104.0,107.0,104.0,107.0,2.88,710.0,1320.0,911.0
GRDBL,1/24/2019,108.0,108.0,104.0,104.0,-2.8,950.0,1320.0,911.0
GRDBL,1/27/2019,105.0,107.0,105.0,107.0,2.88,1205.0,1320.0,911.0
GRDBL,1/28/2019,107.0,107.0,106.0,106.0,-0.93,70.0,1320.0,911.0
GRDBL,1/29/2019,104.0,107.0,103.0,107.0,0.94,1681.0,1320.0,911.0
GRDBL,1/30/2019,105.0,106.0,105.0,105.0,-1.87,255.0,1320.0,911.0
GRDBL,1/31/2019,105.0,106.0,104.0,104.0,-0.95,1420.0,1320.0,911.0
GRDBL,2/3/2019,104.0,104.0,100.0,104.0,0.0,1000.0,1320.0,911.0
GRDBL,2/4/2019,104.0,104.0,102.0,103.0,-0.96,1720.0,1320.0,911.0
GRDBL,2/5/2019,102.0,104.0,102.0,102.0,-0.97,2410.0,1320.0,911.0
GRDBL,2/6/2019,102.0,103.0,102.0,103.0,0.98,975.0,1320.0,911.0
GRDBL,2/7/2019,103.0,105.0,103.0,105.0,1.94,340.0,1320.0,911.0
GRDBL,2/10/2019,105.0,105.0,104.0,104.0,-0.95,100.0,1320.0,911.0
GRDBL,2/11/2019,102.0,105.0,102.0,105.0,0.96,350.0,1320.0,911.0
GRDBL,2/12/2019,106.0,106.0,103.0,103.0,-1.9,399.0,1320.0,911.0
GRDBL,2/13/2019,102.0,105.0,102.0,104.0,0.97,740.0,1320.0,911.0
GRDBL,2/14/2019,103.0,104.0,102.0,102.0,-1.92,715.0,1320.0,911.0
GRDBL,2/17/2019,104.0,104.0,103.0,103.0,0.98,60.0,1320.0,911.0
GRDBL,2/18/2019,102.0,104.0,102.0,102.0,-0.97,600.0,1320.0,911.0
GRDBL,2/19/2019,102.0,108.0,102.0,108.0,5.88,1860.0,1320.0,911.0
GRDBL,2/20/2019,108.0,108.0,104.0,104.0,-3.7,1505.0,1320.0,911.0
GRDBL,2/21/2019,102.0,103.0,100.0,102.0,-1.92,1340.0,1320.0,911.0
GRDBL,2/24/2019,102.0,104.0,102.0,102.0,0.0,600.0,1320.0,911.0
GRDBL,2/25/2019,102.0,103.0,102.0,103.0,0.98,1350.0,1320.0,911.0
GRDBL,2/26/2019,102.0,102.0,102.0,102.0,-0.97,138.0,1320.0,911.0
GRDBL,2/27/2019,102.0,103.0,102.0,102.0,0.0,585.0,1320.0,911.0
GRDBL,3/3/2019,104.0,104.0,102.0,102.0,0.0,545.0,1320.0,911.0
GRDBL,3/5/2019,104.0,104.0,104.0,104.0,1.96,100.0,1320.0,911.0
GRDBL,3/6/2019,103.0,103.0,102.0,102.0,-1.92,730.0,1320.0,911.0
GRDBL,3/7/2019,102.0,104.0,101.0,104.0,1.96,2430.0,1320.0,911.0
GRDBL,3/10/2019,102.0,102.0,102.0,102.0,-1.92,115.0,1320.0,911.0
GRDBL,3/11/2019,102.0,104.0,102.0,102.0,0.0,3175.0,1320.0,911.0
GRDBL,3/12/2019,104.0,107.0,104.0,107.0,4.9,1523.0,1320.0,911.0
GRDBL,3/13/2019,105.0,107.0,105.0,107.0,0.0,650.0,1320.0,911.0
GRDBL,3/14/2019,105.0,107.0,105.0,107.0,0.0,650.0,1320.0,911.0
GRDBL,3/17/2019,105.0,107.0,105.0,106.0,-0.93,1253.0,1320.0,911.0
GRDBL,3/18/2019,106.0,108.0,105.0,105.0,-0.94,1810.0,1320.0,911.0
GRDBL,3/19/2019,105.0,105.0,104.0,104.0,-0.95,240.0,1320.0,911.0
GRDBL,3/21/2019,106.0,106.0,105.0,105.0,0.96,338.0,1320.0,911.0
GRDBL,3/24/2019,105.0,105.0,103.0,104.0,-0.95,315.0,1320.0,911.0
GRDBL,3/25/2019,102.0,105.0,102.0,104.0,0.0,630.0,1320.0,911.0
GRDBL,3/26/2019,103.0,105.0,103.0,105.0,0.96,374.0,1320.0,911.0
GRDBL,3/27/2019,103.0,105.0,103.0,104.0,-0.95,1305.0,1320.0,911.0
GRDBL,3/28/2019,106.0,108.0,103.0,105.0,0.96,1555.0,1320.0,911.0
GRDBL,3/31/2019,105.0,107.0,104.0,107.0,1.9,1230.0,1320.0,911.0
GRDBL,4/1/2019,105.0,105.0,105.0,105.0,-1.87,50.0,1320.0,911.0
GRDBL,4/2/2019,106.0,106.0,104.0,105.0,0.0,1855.0,1320.0,911.0
GRDBL,4/3/2019,107.0,109.0,105.0,105.0,0.0,546.0,1320.0,911.0
GRDBL,4/4/2019,105.0,107.0,105.0,106.0,0.95,1404.0,1320.0,911.0
GRDBL,4/7/2019,104.0,106.0,104.0,106.0,0.0,1607.0,1320.0,911.0
GRDBL,4/8/2019,106.0,106.0,104.0,105.0,-0.94,320.0,1320.0,911.0
GRDBL,4/9/2019,105.0,105.0,105.0,105.0,0.0,190.0,1320.0,911.0
GRDBL,4/10/2019,105.0,105.0,105.0,105.0,0.0,320.0,1320.0,911.0
GRDBL,4/11/2019,105.0,105.0,103.0,103.0,-1.9,2245.0,1320.0,911.0
GRDBL,4/15/2019,103.0,105.0,103.0,105.0,1.94,550.0,1320.0,911.0
GRDBL,4/16/2019,104.0,106.0,104.0,106.0,0.95,1105.0,1320.0,911.0
GRDBL,4/17/2019,105.0,106.0,105.0,106.0,0.0,983.0,1320.0,911.0
GRDBL,4/18/2019,106.0,111.0,106.0,111.0,4.72,880.0,1320.0,911.0
GRDBL,4/21/2019,110.0,110.0,110.0,110.0,-0.9,400.0,1320.0,911.0
GRDBL,4/22/2019,108.0,108.0,106.0,108.0,-1.82,710.0,1320.0,911.0
GRDBL,4/23/2019,110.0,110.0,105.0,106.0,-1.85,1220.0,1320.0,911.0
GRDBL,4/24/2019,106.0,106.0,104.0,106.0,0.0,420.0,1320.0,911.0
GRDBL,4/25/2019,105.0,111.0,105.0,110.0,3.77,2725.0,1320.0,911.0
GRDBL,4/28/2019,110.0,112.0,109.0,109.0,-0.91,3220.0,1320.0,911.0
GRDBL,4/29/2019,107.0,109.0,107.0,107.0,-1.83,205.0,1320.0,911.0
GRDBL,4/30/2019,106.0,107.0,104.0,107.0,0.0,3609.0,1320.0,911.0
GRDBL,5/2/2019,109.0,109.0,109.0,109.0,1.87,30.0,1320.0,911.0
GRDBL,5/5/2019,107.0,107.0,105.0,105.0,-3.67,340.0,1320.0,911.0
GRDBL,5/6/2019,107.0,107.0,107.0,107.0,1.9,20.0,1320.0,911.0
GRDBL,5/7/2019,105.0,106.0,104.0,104.0,-2.8,1455.0,1320.0,911.0
GRDBL,5/8/2019,106.0,106.0,104.0,104.0,0.0,305.0,1320.0,911.0
GRDBL,5/9/2019,106.0,106.0,104.0,106.0,1.92,1940.0,1320.0,911.0
GRDBL,5/12/2019,104.0,105.0,102.0,105.0,-0.94,530.0,1320.0,911.0
GRDBL,5/13/2019,103.0,105.0,103.0,104.0,-0.95,310.0,1320.0,911.0
GRDBL,5/14/2019,104.0,107.0,104.0,104.0,0.0,1035.0,1320.0,911.0
GRDBL,5/15/2019,105.0,111.0,105.0,111.0,6.73,6240.0,1320.0,911.0
GRDBL,5/16/2019,111.0,115.0,107.0,113.0,1.8,4780.0,1320.0,911.0
GRDBL,5/19/2019,113.0,115.0,112.0,112.0,-0.88,1460.0,1320.0,911.0
GRDBL,5/20/2019,112.0,112.0,109.0,111.0,-0.89,4035.0,1320.0,911.0
GRDBL,5/21/2019,113.0,114.0,111.0,111.0,0.0,2355.0,1320.0,911.0
GRDBL,5/22/2019,112.0,120.0,112.0,114.0,2.7,7260.0,1320.0,911.0
GRDBL,5/23/2019,119.0,119.0,113.0,114.0,0.0,3050.0,1320.0,911.0
GRDBL,5/26/2019,112.0,114.0,112.0,114.0,0.0,260.0,1320.0,911.0
GRDBL,5/27/2019,115.0,115.0,112.0,112.0,-1.75,130.0,1320.0,911.0
GRDBL,5/28/2019,114.0,116.0,110.0,116.0,3.57,3083.0,1320.0,911.0
GRDBL,5/29/2019,117.0,119.0,115.0,117.0,0.86,3660.0,1320.0,911.0
GRDBL,5/30/2019,119.0,124.0,118.0,124.0,5.98,1200.0,1320.0,911.0
GRDBL,6/2/2019,122.0,122.0,113.0,113.0,-8.87,1680.0,1320.0,911.0
GRDBL,6/3/2019,114.0,117.0,113.0,115.0,1.77,5525.0,1320.0,911.0
GRDBL,6/4/2019,117.0,119.0,114.0,115.0,0.0,3825.0,1320.0,911.0
GRDBL,6/6/2019,117.0,126.0,117.0,122.0,6.09,24167.0,1320.0,911.0
GRDBL,6/10/2019,124.0,127.0,121.0,121.0,-0.82,4715.0,1320.0,911.0
GRDBL,6/11/2019,119.0,126.0,117.0,117.0,-3.31,6062.0,1320.0,911.0
GRDBL,6/12/2019,119.0,124.0,119.0,119.0,1.71,2930.0,1320.0,911.0
GRDBL,6/13/2019,121.0,121.0,118.0,119.0,0.0,985.0,1320.0,911.0
GRDBL,6/16/2019,117.0,117.0,115.0,115.0,-3.36,4240.0,1320.0,911.0
GRDBL,6/17/2019,114.0,118.0,113.0,117.0,1.74,2122.0,1320.0,911.0
GRDBL,6/18/2019,119.0,120.0,116.0,116.0,-0.85,475.0,1320.0,911.0
GRDBL,6/19/2019,117.0,118.0,115.0,115.0,-0.86,2600.0,1320.0,911.0
GRDBL,6/20/2019,113.0,117.0,113.0,117.0,1.74,1780.0,1320.0,911.0
GRDBL,6/23/2019,118.0,118.0,115.0,115.0,-1.71,905.0,1320.0,911.0
GRDBL,6/24/2019,113.0,117.0,113.0,115.0,0.0,2387.0,1320.0,911.0
GRDBL,6/25/2019,113.0,117.0,113.0,117.0,1.74,2550.0,1320.0,911.0
GRDBL,6/26/2019,115.0,117.0,113.0,114.0,-2.56,1359.0,1320.0,911.0
GRDBL,6/27/2019,113.0,116.0,113.0,116.0,1.75,844.0,1320.0,911.0
GRDBL,6/30/2019,114.0,114.0,112.0,112.0,-3.45,2675.0,1320.0,911.0
GRDBL,7/1/2019,113.0,114.0,112.0,112.0,0.0,1400.0,1320.0,911.0
GRDBL,7/2/2019,110.0,114.0,110.0,113.0,0.89,1310.0,1320.0,911.0
GRDBL,7/3/2019,112.0,117.0,112.0,117.0,3.54,3250.0,1320.0,911.0
GRDBL,7/4/2019,119.0,121.0,117.0,118.0,0.85,795.0,1320.0,911.0
GRDBL,7/7/2019,116.0,118.0,113.0,118.0,0.0,3635.0,1320.0,911.0
GRDBL,7/8/2019,118.0,118.0,115.0,115.0,-2.54,2274.0,1320.0,911.0
GRDBL,7/9/2019,113.0,118.0,113.0,116.0,0.87,2075.0,1320.0,911.0
GRDBL,7/10/2019,116.0,116.0,114.0,115.0,-0.86,866.0,1320.0,911.0
GRDBL,7/11/2019,115.0,115.0,115.0,115.0,0.0,1080.0,1320.0,911.0
GRDBL,7/14/2019,114.0,115.0,114.0,115.0,0.0,150.0,1320.0,911.0
GRDBL,7/15/2019,115.0,115.0,113.0,113.0,-1.74,1610.0,1320.0,911.0
GRDBL,7/16/2019,115.0,115.0,114.0,115.0,1.77,315.0,1320.0,911.0
GRDBL,7/17/2019,115.0,116.0,114.0,116.0,0.87,1280.0,1320.0,911.0
GRDBL,7/18/2019,114.0,115.0,114.0,115.0,-0.86,1800.0,1320.0,911.0
GRDBL,7/21/2019,114.0,115.0,114.0,114.0,-0.87,360.0,1320.0,911.0
GRDBL,7/22/2019,116.0,118.0,115.0,116.0,1.75,1660.0,1320.0,911.0
GRDBL,7/23/2019,117.0,117.0,117.0,117.0,0.86,650.0,1320.0,911.0
GRDBL,7/24/2019,117.0,117.0,116.0,116.0,-0.85,550.0,1320.0,911.0
GRDBL,7/25/2019,114.0,114.0,113.0,113.0,-2.59,2572.0,1320.0,911.0
GRDBL,7/28/2019,114.0,114.0,113.0,114.0,0.88,200.0,1320.0,911.0
GRDBL,7/29/2019,116.0,116.0,114.0,114.0,0.0,250.0,1320.0,911.0
GRDBL,7/30/2019,114.0,114.0,113.0,113.0,-0.88,418.0,1320.0,911.0
GRDBL,7/31/2019,114.0,115.0,111.0,112.0,-0.88,4070.0,1320.0,911.0
GRDBL,8/1/2019,113.0,114.0,111.0,111.0,-0.89,4590.0,1320.0,911.0
GRDBL,8/4/2019,109.0,111.0,108.0,110.0,-0.9,4320.0,1320.0,911.0
GRDBL,8/5/2019,111.0,113.0,111.0,111.0,0.91,995.0,1320.0,911.0
GRDBL,8/6/2019,111.0,111.0,110.0,110.0,-0.9,1400.0,1320.0,911.0
GRDBL,8/7/2019,109.0,112.0,109.0,112.0,1.82,170.0,1320.0,911.0
GRDBL,8/8/2019,110.0,110.0,108.0,109.0,-2.68,100.0,1320.0,911.0
GRDBL,8/11/2019,109.0,109.0,108.0,108.0,-0.92,850.0,1320.0,911.0
GRDBL,8/12/2019,110.0,113.0,110.0,113.0,4.63,430.0,1320.0,911.0
GRDBL,8/13/2019,114.0,114.0,110.0,110.0,-2.65,230.0,1320.0,911.0
GRDBL,8/14/2019,109.0,109.0,107.0,108.0,-1.82,2368.0,1320.0,911.0
GRDBL,8/15/2019,106.0,108.0,106.0,108.0,0.0,434.0,1320.0,911.0
GRDBL,8/18/2019,110.0,110.0,106.0,106.0,-1.85,170.0,1320.0,911.0
GRDBL,8/19/2019,107.0,107.0,104.0,106.0,0.0,2325.0,1320.0,911.0
GRDBL,8/20/2019,108.0,110.0,108.0,110.0,3.77,520.0,1320.0,911.0
GRDBL,8/21/2019,110.0,110.0,108.0,108.0,-1.82,150.0,1320.0,911.0
GRDBL,8/22/2019,106.0,108.0,106.0,107.0,-0.93,2140.0,1320.0,911.0
GRDBL,8/25/2019,106.0,109.0,106.0,109.0,1.87,2810.0,1320.0,911.0
GRDBL,8/26/2019,110.0,110.0,106.0,106.0,-2.75,383.0,1320.0,911.0
GRDBL,8/27/2019,106.0,108.0,106.0,108.0,1.89,950.0,1320.0,911.0
GRDBL,8/28/2019,106.0,109.0,106.0,107.0,-0.93,770.0,1320.0,911.0
GRDBL,8/29/2019,105.0,108.0,105.0,108.0,0.93,915.0,1320.0,911.0
GRDBL,9/1/2019,108.0,108.0,107.0,108.0,0.0,655.0,1320.0,911.0
GRDBL,9/2/2019,110.0,110.0,110.0,110.0,1.85,100.0,1320.0,911.0
GRDBL,9/3/2019,108.0,108.0,106.0,107.0,-2.73,1428.0,1320.0,911.0
GRDBL,9/4/2019,107.0,109.0,106.0,107.0,0.0,755.0,1320.0,911.0
GRDBL,9/5/2019,106.0,108.0,105.0,107.0,0.0,2038.0,1320.0,911.0
GRDBL,9/8/2019,105.0,106.0,103.0,106.0,-0.93,860.0,1320.0,911.0
GRDBL,9/9/2019,105.0,106.0,105.0,106.0,0.0,500.0,1320.0,911.0
GRDBL,9/10/2019,104.0,106.0,104.0,106.0,0.0,1000.0,1320.0,911.0
GRDBL,9/11/2019,104.0,107.0,102.0,107.0,0.94,875.0,1320.0,911.0
GRDBL,9/12/2019,107.0,107.0,106.0,106.0,-0.93,152.0,1320.0,911.0
GRDBL,9/15/2019,105.0,105.0,104.0,104.0,-1.89,150.0,1320.0,911.0
GRDBL,9/16/2019,102.0,104.0,102.0,103.0,-0.96,687.0,1320.0,911.0
GRDBL,9/17/2019,103.0,107.0,103.0,105.0,1.94,1605.0,1320.0,911.0
GRDBL,9/18/2019,107.0,107.0,105.0,106.0,0.95,1544.0,1320.0,911.0
GRDBL,9/19/2019,105.0,105.0,105.0,105.0,-0.94,1100.0,1320.0,911.0
GRDBL,9/22/2019,102.0,104.0,102.0,104.0,-0.95,930.0,1320.0,911.0
GRDBL,9/23/2019,102.0,103.0,102.0,103.0,-0.96,140.0,1320.0,911.0
GRDBL,9/24/2019,101.0,103.0,101.0,103.0,0.0,60.0,1320.0,911.0
GRDBL,9/25/2019,104.0,104.0,104.0,104.0,0.97,50.0,1320.0,911.0
GRDBL,9/26/2019,103.0,104.0,103.0,104.0,0.0,980.0,1320.0,911.0
GRDBL,9/30/2019,105.0,105.0,103.0,104.0,0.0,1210.0,1320.0,911.0
GRDBL,10/1/2019,104.0,104.0,104.0,104.0,0.0,50.0,1320.0,911.0
GRDBL,10/2/2019,105.0,105.0,104.0,104.0,0.0,825.0,1320.0,911.0
GRDBL,10/3/2019,103.0,103.0,103.0,103.0,-0.96,50.0,1320.0,911.0
GRDBL,10/14/2019,102.0,102.0,102.0,102.0,-0.97,350.0,1320.0,911.0
GRDBL,10/15/2019,102.0,107.0,102.0,107.0,4.9,470.0,1320.0,911.0
GRDBL,10/16/2019,105.0,105.0,103.0,105.0,-1.87,1830.0,1320.0,911.0
GRDBL,10/17/2019,105.0,106.0,105.0,106.0,0.95,920.0,1320.0,911.0
GRDBL,10/21/2019,104.0,104.0,103.0,103.0,-2.83,600.0,1320.0,911.0
GRDBL,10/22/2019,103.0,103.0,102.0,102.0,-0.97,500.0,1320.0,911.0
GRDBL,10/23/2019,102.0,102.0,102.0,102.0,0.0,10.0,1320.0,911.0
GRDBL,10/24/2019,103.0,106.0,103.0,104.0,1.96,480.0,1320.0,911.0
GRDBL,10/31/2019,104.0,104.0,102.0,102.0,-1.92,1070.0,1320.0,911.0
GRDBL,11/3/2019,104.0,105.0,103.0,103.0,0.98,1060.0,1320.0,911.0
GRDBL,11/4/2019,101.0,103.0,101.0,103.0,0.0,654.0,1320.0,911.0
GRDBL,11/5/2019,103.0,104.0,102.0,104.0,0.97,640.0,1320.0,911.0
GRDBL,11/6/2019,102.0,103.0,102.0,103.0,-0.96,254.0,1320.0,911.0
GRDBL,11/7/2019,101.0,102.0,101.0,102.0,-0.97,1000.0,1320.0,911.0
GRDBL,11/10/2019,102.0,102.0,101.0,101.0,-0.98,780.0,1320.0,911.0
GRDBL,11/11/2019,101.0,105.0,100.0,105.0,3.96,635.0,1320.0,911.0
GRDBL,11/12/2019,107.0,107.0,105.0,106.0,0.95,130.0,1320.0,911.0
GRDBL,11/13/2019,108.0,108.0,108.0,108.0,1.89,20.0,1320.0,911.0
GRDBL,11/14/2019,106.0,106.0,106.0,106.0,-1.85,90.0,1320.0,911.0
GRDBL,11/17/2019,104.0,104.0,100.0,101.0,-4.72,700.0,1320.0,911.0
GRDBL,11/18/2019,100.0,102.0,100.0,101.0,0.0,280.0,1320.0,911.0
GRDBL,11/19/2019,102.0,102.0,100.0,101.0,0.0,2710.0,1320.0,911.0
GRDBL,11/20/2019,103.0,103.0,102.0,102.0,0.99,550.0,1320.0,911.0
GRDBL,11/21/2019,100.0,100.0,100.0,100.0,-1.96,90.0,1320.0,911.0
GRDBL,11/24/2019,101.0,101.0,100.0,100.0,0.0,2960.0,1320.0,911.0
GRDBL,11/25/2019,100.0,101.0,100.0,100.0,0.0,1235.0,1320.0,911.0
GRDBL,11/26/2019,98.0,99.0,98.0,99.0,-1.0,1055.0,1320.0,911.0
GRDBL,11/27/2019,100.0,100.0,100.0,100.0,1.01,330.0,1320.0,911.0
GRDBL,11/28/2019,100.0,100.0,100.0,100.0,0.0,50.0,1320.0,911.0
GRDBL,12/1/2019,98.0,100.0,98.0,100.0,0.0,330.0,1320.0,911.0
GRDBL,12/2/2019,100.0,102.0,100.0,100.0,0.0,825.0,1320.0,911.0
GRDBL,12/3/2019,100.0,102.0,98.0,98.0,-2.0,3490.0,1320.0,911.0
GRDBL,12/4/2019,99.0,102.0,99.0,102.0,4.08,140.0,1320.0,911.0
GRDBL,12/5/2019,102.0,103.0,100.0,103.0,0.98,740.0,1320.0,911.0
GRDBL,12/8/2019,101.0,101.0,101.0,101.0,-1.94,685.0,1320.0,911.0
GRDBL,12/9/2019,103.0,104.0,103.0,104.0,2.97,420.0,1320.0,911.0
GRDBL,12/10/2019,103.0,103.0,102.0,102.0,-1.92,1950.0,1320.0,911.0
GRDBL,12/11/2019,102.0,102.0,102.0,102.0,0.0,540.0,1320.0,911.0
GRDBL,12/12/2019,100.0,104.0,100.0,103.0,0.98,1950.0,1320.0,911.0
GRDBL,12/15/2019,103.0,104.0,103.0,104.0,0.97,1620.0,1320.0,911.0
GRDBL,12/16/2019,104.0,104.0,103.0,103.0,-0.96,2740.0,1320.0,911.0
GRDBL,12/17/2019,103.0,103.0,102.0,102.0,-0.97,2360.0,1320.0,911.0
GRDBL,12/18/2019,101.0,101.0,101.0,101.0,-0.98,20.0,1320.0,911.0
GRDBL,12/19/2019,101.0,102.0,101.0,101.0,0.0,3370.0,1320.0,911.0
GRDBL,12/22/2019,100.0,102.0,100.0,102.0,0.99,745.0,1320.0,911.0
GRDBL,12/23/2019,102.0,102.0,101.0,101.0,-0.98,60.0,1320.0,911.0
GRDBL,12/24/2019,103.0,104.0,102.0,103.0,1.98,1380.0,1320.0,911.0
GRDBL,12/25/2019,103.0,103.0,101.0,101.0,-1.94,400.0,1320.0,911.0
GRDBL,12/26/2019,102.0,103.0,102.0,103.0,1.98,2625.0,1320.0,911.0
GRDBL,12/29/2019,103.0,103.0,101.0,103.0,0.0,1445.0,1320.0,911.0
GRDBL,12/30/2019,102.0,103.0,102.0,103.0,0.0,530.0,1320.0,911.0
GRDBL,12/31/2019,105.0,105.0,102.0,102.0,-0.97,908.0,1320.0,911.0
GRDBL,1/1/2020,103.0,103.0,101.0,103.0,0.98,900.0,1320.0,911.0
GRDBL,1/2/2020,102.0,102.0,102.0,102.0,-0.97,160.0,1320.0,911.0
GRDBL,1/5/2020,103.0,104.0,101.0,104.0,1.96,3720.0,1320.0,911.0
GRDBL,1/6/2020,102.0,105.0,102.0,103.0,-0.96,3180.0,1320.0,911.0
GRDBL,1/7/2020,104.0,105.0,101.0,105.0,1.94,2240.0,1320.0,911.0
GRDBL,1/8/2020,103.0,105.0,102.0,103.0,-1.9,770.0,1320.0,911.0
GRDBL,1/9/2020,101.0,108.0,101.0,105.0,1.94,5707.0,1320.0,911.0
GRDBL,1/12/2020,107.0,112.0,107.0,112.0,6.67,10054.0,1320.0,911.0
GRDBL,1/13/2020,114.0,117.0,108.0,109.0,-2.68,9659.0,1320.0,911.0
GRDBL,1/14/2020,111.0,113.0,109.0,109.0,0.0,1315.0,1320.0,911.0
GRDBL,1/15/2020,111.0,119.0,111.0,116.0,6.42,16875.0,1320.0,911.0
GRDBL,1/16/2020,117.0,120.0,114.0,117.0,0.86,9499.0,1320.0,911.0
GRDBL,1/19/2020,119.0,124.0,119.0,124.0,5.98,17490.0,1320.0,911.0
GRDBL,1/20/2020,122.0,124.0,114.0,114.0,-8.06,3563.0,1320.0,911.0
GRDBL,1/21/2020,113.0,118.0,112.0,118.0,3.51,2109.0,1320.0,911.0
GRDBL,1/22/2020,116.0,116.0,113.0,113.0,-4.24,305.0,1320.0,911.0
GRDBL,1/23/2020,111.0,113.0,111.0,112.0,-0.88,1636.0,1320.0,911.0
GRDBL,1/26/2020,113.0,113.0,110.0,111.0,-0.89,330.0,1320.0,911.0
GRDBL,1/27/2020,110.0,114.0,110.0,114.0,2.7,3337.0,1320.0,911.0
GRDBL,1/28/2020,115.0,116.0,110.0,113.0,-0.88,3145.0,1320.0,911.0
GRDBL,1/29/2020,112.0,117.0,112.0,117.0,3.54,4442.0,1320.0,911.0
GRDBL,1/30/2020,118.0,119.0,111.0,115.0,-1.71,5444.0,1320.0,911.0
GRDBL,2/2/2020,113.0,116.0,112.0,112.0,-2.61,2256.0,1320.0,911.0
GRDBL,2/3/2020,111.0,116.0,110.0,116.0,3.57,3470.0,1320.0,911.0
GRDBL,2/4/2020,118.0,123.0,117.0,120.0,3.45,20113.0,1320.0,911.0
GRDBL,2/5/2020,122.0,122.0,116.0,120.0,0.0,4755.0,1320.0,911.0
GRDBL,2/6/2020,122.0,132.0,122.0,132.0,10.0,98573.0,1320.0,911.0
GRDBL,2/9/2020,130.0,134.0,123.0,129.0,-2.27,22820.0,1320.0,911.0
GRDBL,2/10/2020,127.0,131.0,127.0,131.0,1.55,10245.0,1320.0,911.0
GRDBL,2/11/2020,133.0,135.0,129.0,134.0,2.29,24834.0,1320.0,911.0
GRDBL,2/12/2020,134.0,146.0,130.0,144.0,7.46,30649.0,1320.0,911.0
GRDBL,2/13/2020,142.0,142.0,134.0,138.0,-4.17,13070.0,1320.0,911.0
GRDBL,2/16/2020,138.0,138.0,132.0,135.0,-2.17,5016.0,1320.0,911.0
GRDBL,2/17/2020,137.0,144.0,135.0,142.0,5.19,13899.0,1320.0,911.0
GRDBL,2/18/2020,143.0,143.0,137.0,138.0,-2.82,9504.0,1320.0,911.0
GRDBL,2/19/2020,136.0,136.0,134.0,135.0,-2.17,3040.0,1320.0,911.0
GRDBL,2/20/2020,134.0,139.0,133.0,137.0,1.48,6785.0,1320.0,911.0
GRDBL,2/23/2020,138.0,138.0,136.0,138.0,0.73,4195.0,1320.0,911.0
GRDBL,2/24/2020,136.0,137.0,135.0,137.0,-0.72,8925.0,1320.0,911.0
GRDBL,2/25/2020,135.0,143.0,135.0,141.0,2.92,5834.0,1320.0,911.0
GRDBL,2/26/2020,143.0,143.0,139.0,139.0,-1.42,6055.0,1320.0,911.0
GRDBL,2/27/2020,137.0,138.0,134.0,134.0,-3.6,3959.0,1320.0,911.0
GRDBL,3/1/2020,134.0,134.0,132.0,134.0,0.0,5331.0,1320.0,911.0
GRDBL,3/2/2020,132.0,132.0,130.0,130.0,-2.99,150.0,1320.0,911.0
GRDBL,3/3/2020,128.0,132.0,126.0,129.0,-0.77,1800.0,1320.0,911.0
GRDBL,3/4/2020,127.0,129.0,123.0,123.0,-4.65,6879.0,1320.0,911.0
GRDBL,3/5/2020,121.0,125.0,119.0,122.0,-0.81,6152.0,1320.0,911.0
GRDBL,3/10/2020,120.0,120.0,120.0,120.0,-1.64,200.0,1320.0,911.0
GRDBL,3/11/2020,119.0,122.0,114.0,122.0,1.67,4595.0,1320.0,911.0
GRDBL,3/12/2020,121.0,121.0,120.0,120.0,-1.64,732.0,1320.0,911.0
GRDBL,3/15/2020,118.0,118.0,114.0,114.0,-5.0,4205.0,1320.0,911.0
GRDBL,3/16/2020,113.0,116.0,112.0,113.0,-0.88,3728.0,1320.0,911.0
GRDBL,3/17/2020,113.0,113.0,110.0,110.0,-2.65,1945.0,1320.0,911.0
GRDBL,3/18/2020,108.0,108.0,106.0,106.0,-3.64,1530.0,1320.0,911.0
GRDBL,3/19/2020,108.0,110.0,106.0,110.0,3.77,4890.0,1320.0,911.0
GRDBL,7/2/2020,112.0,112.0,112.0,112.0,1.82,100.0,1320.0,911.0
GRDBL,7/5/2020,111.0,113.0,111.0,113.0,0.89,60.0,1320.0,911.0
GRDBL,7/6/2020,112.0,112.0,109.0,111.0,-1.77,929.0,1320.0,911.0
GRDBL,7/7/2020,110.0,112.0,108.0,112.0,0.9,680.0,1320.0,911.0
GRDBL,7/8/2020,114.0,116.0,110.0,110.0,-1.79,891.0,1320.0,911.0
GRDBL,7/9/2020,109.0,112.0,109.0,112.0,1.82,1860.0,1320.0,911.0
GRDBL,7/12/2020,111.0,111.0,108.0,109.0,-2.68,9520.0,1320.0,911.0
GRDBL,7/13/2020,107.0,110.0,107.0,108.0,-0.92,3001.0,1320.0,911.0
GRDBL,7/14/2020,107.0,109.0,107.0,109.0,0.93,376.0,1320.0,911.0
GRDBL,7/15/2020,107.0,109.0,107.0,109.0,0.0,1470.0,1320.0,911.0
GRDBL,7/16/2020,107.0,117.0,107.0,117.0,7.34,1840.0,1320.0,911.0
GRDBL,7/20/2020,119.0,120.0,114.0,115.0,-1.71,4630.0,1320.0,911.0
GRDBL,7/21/2020,117.0,119.0,115.0,118.0,2.61,1110.0,1320.0,911.0
GRDBL,7/22/2020,116.0,122.0,112.0,112.0,-5.08,1080.0,1320.0,911.0
GRDBL,7/23/2020,110.0,116.0,110.0,115.0,2.68,1385.0,1320.0,911.0
GRDBL,7/26/2020,115.0,117.0,111.0,114.0,-0.87,1729.0,1320.0,911.0
GRDBL,7/27/2020,112.0,113.0,108.0,110.0,-3.51,12662.0,1320.0,911.0
GRDBL,7/28/2020,111.0,111.0,108.0,109.0,-0.91,8160.0,1320.0,911.0
GRDBL,7/29/2020,108.0,115.0,108.0,113.0,3.67,1807.0,1320.0,911.0
GRDBL,7/30/2020,111.0,112.0,108.0,112.0,-0.88,3884.0,1320.0,911.0
GRDBL,8/2/2020,110.0,110.0,106.0,107.0,-4.46,3460.0,1320.0,911.0
GRDBL,8/3/2020,107.0,114.0,107.0,114.0,6.54,16764.0,1320.0,911.0
GRDBL,8/5/2020,112.0,112.0,108.0,108.0,-5.26,1664.0,1320.0,911.0
GRDBL,8/6/2020,107.0,116.0,107.0,116.0,7.41,2449.0,1320.0,911.0
GRDBL,8/9/2020,116.0,118.0,108.0,118.0,1.72,3737.0,1320.0,911.0
GRDBL,8/10/2020,116.0,119.0,110.0,116.0,-1.69,1655.0,1320.0,911.0
GRDBL,8/11/2020,117.0,125.0,115.0,118.0,1.72,20891.0,1320.0,911.0
GRDBL,8/12/2020,117.0,117.0,114.0,116.0,-1.69,2485.0,1320.0,911.0
GRDBL,8/13/2020,114.0,115.0,113.0,114.0,-1.72,2101.0,1320.0,911.0
GRDBL,8/16/2020,112.0,112.0,110.0,111.0,-2.63,5580.0,1320.0,911.0
GRDBL,8/17/2020,111.0,113.0,110.0,112.0,0.9,905.0,1320.0,911.0
GRDBL,8/18/2020,113.0,115.0,111.0,112.0,0.0,2802.0,1320.0,911.0
GRDBL,8/19/2020,112.0,113.0,111.0,113.0,0.89,782.0,1320.0,911.0
GRDBL,8/20/2020,113.0,113.0,112.0,112.0,-0.88,1060.0,1320.0,911.0
GRDBL,8/23/2020,110.0,116.0,110.0,113.0,0.89,1917.0,1320.0,911.0
GRDBL,8/24/2020,115.0,115.0,112.0,113.0,0.0,1079.0,1320.0,911.0
GRDBL,8/25/2020,113.0,115.0,112.0,112.0,-0.88,1224.0,1320.0,911.0
GRDBL,8/26/2020,112.0,114.0,112.0,114.0,1.79,1624.0,1320.0,911.0
GRDBL,8/27/2020,113.0,116.0,113.0,114.0,0.0,6015.0,1320.0,911.0
GRDBL,8/30/2020,112.0,115.0,111.0,115.0,0.88,3980.0,1320.0,911.0
GRDBL,8/31/2020,114.0,116.0,111.0,113.0,-1.74,2140.0,1320.0,911.0
GRDBL,9/2/2020,111.0,117.0,111.0,115.0,1.77,6584.0,1320.0,911.0
GRDBL,9/3/2020,115.0,119.0,115.0,115.0,0.0,4000.0,1320.0,911.0
GRDBL,9/6/2020,120.0,120.0,115.0,115.0,0.0,3620.0,1320.0,911.0
GRDBL,9/7/2020,117.0,119.0,115.0,115.0,0.0,3734.0,1320.0,911.0
GRDBL,9/8/2020,115.0,117.0,115.0,115.0,0.0,1520.0,1320.0,911.0
GRDBL,9/9/2020,113.0,116.0,113.0,113.0,-1.74,5675.0,1320.0,911.0
GRDBL,9/10/2020,113.0,114.0,111.0,113.0,0.0,8909.0,1320.0,911.0
GRDBL,9/13/2020,108.0,116.0,108.0,113.0,0.0,4147.0,1320.0,911.0
GRDBL,9/14/2020,115.0,117.0,114.0,115.0,1.77,4480.0,1320.0,911.0
GRDBL,9/15/2020,113.0,116.0,113.0,116.0,0.87,2884.0,1320.0,911.0
GRDBL,9/16/2020,115.0,116.0,112.0,116.0,0.0,2905.0,1320.0,911.0
GRDBL,9/17/2020,115.0,127.0,115.0,127.0,9.48,23820.0,1320.0,911.0
GRDBL,9/20/2020,133.0,139.0,128.0,131.0,3.15,33179.0,1320.0,911.0
GRDBL,9/21/2020,133.0,133.0,123.0,127.0,-3.05,8678.0,1320.0,911.0
GRDBL,9/22/2020,125.0,125.0,120.0,121.0,-4.72,6985.0,1320.0,911.0
GRDBL,9/23/2020,120.0,128.0,119.0,128.0,5.79,5702.0,1320.0,911.0
GRDBL,9/24/2020,126.0,132.0,126.0,130.0,1.56,10821.0,1320.0,911.0
GRDBL,9/27/2020,130.0,133.0,127.0,132.0,1.54,11738.0,1320.0,911.0
GRDBL,9/28/2020,134.0,134.0,129.0,131.0,-0.76,10846.0,1320.0,911.0
GRDBL,9/29/2020,129.0,136.0,129.0,134.0,2.29,9527.0,1320.0,911.0
GRDBL,9/30/2020,132.0,143.0,131.0,139.0,3.73,22355.0,1320.0,911.0
GRDBL,10/1/2020,138.0,152.0,138.0,149.0,7.19,35055.0,1320.0,911.0
GRDBL,10/4/2020,150.0,156.0,148.0,149.0,0.0,30705.0,1320.0,911.0
GRDBL,10/5/2020,150.0,151.0,143.0,147.0,-1.34,12400.0,1320.0,911.0
GRDBL,10/6/2020,147.0,147.0,143.0,145.0,-1.36,11706.0,1320.0,911.0
GRDBL,10/7/2020,145.0,159.0,143.0,156.0,7.59,28373.0,1320.0,911.0
GRDBL,10/8/2020,159.0,171.0,159.0,170.0,8.97,63971.0,1320.0,911.0
GRDBL,10/11/2020,173.0,174.0,160.0,165.0,-2.94,22360.0,1320.0,911.0
GRDBL,10/12/2020,165.0,166.0,155.0,159.0,-3.64,26983.0,1320.0,911.0
GRDBL,10/13/2020,161.0,168.0,156.0,159.0,0.0,16125.0,1320.0,911.0
GRDBL,10/14/2020,156.0,157.0,150.0,152.0,-4.4,7712.0,1320.0,911.0
GRDBL,10/15/2020,150.0,158.0,149.0,151.0,-0.66,16010.0,1320.0,911.0
GRDBL,10/18/2020,151.0,154.0,147.0,149.0,-1.32,8285.0,1320.0,911.0
GRDBL,10/19/2020,149.0,153.0,148.0,151.0,1.34,4026.0,1320.0,911.0
GRDBL,10/20/2020,150.0,159.0,149.0,156.0,3.31,3170.0,1320.0,911.0
GRDBL,10/21/2020,155.0,159.0,152.0,159.0,1.92,6200.0,1320.0,911.0
GRDBL,10/22/2020,156.0,158.0,155.0,156.0,-1.89,4830.0,1320.0,911.0
GRDBL,10/28/2020,155.0,165.0,155.0,163.0,4.49,10921.0,1320.0,911.0
GRDBL,10/29/2020,165.0,165.0,156.0,159.0,-2.45,13190.0,1320.0,911.0
GRDBL,11/1/2020,158.0,161.0,156.0,157.0,-1.26,4135.0,1320.0,911.0
GRDBL,11/2/2020,157.0,160.0,156.0,159.0,1.27,3585.0,1320.0,911.0
GRDBL,11/3/2020,157.0,158.0,156.0,157.0,-1.26,2656.0,1320.0,911.0
GRDBL,11/4/2020,157.0,157.0,154.0,155.0,-1.27,1860.0,1320.0,911.0
GRDBL,11/5/2020,154.0,156.0,153.0,154.0,-0.65,8830.0,1320.0,911.0
GRDBL,11/8/2020,152.0,156.0,152.0,156.0,1.3,6665.0,1320.0,911.0
GRDBL,11/9/2020,154.0,157.0,153.0,157.0,0.64,7872.0,1320.0,911.0
GRDBL,11/10/2020,158.0,161.0,152.0,158.0,0.64,14761.0,1320.0,911.0
GRDBL,11/11/2020,158.0,160.0,151.0,157.0,-0.63,4779.0,1320.0,911.0
GRDBL,11/12/2020,157.0,157.0,154.0,155.0,-1.27,6885.0,1320.0,911.0
GRDBL,11/18/2020,153.0,154.0,150.0,150.0,-3.23,4490.0,1320.0,911.0
GRDBL,11/19/2020,152.0,153.0,150.0,152.0,1.33,9686.0,1320.0,911.0
GRDBL,11/22/2020,153.0,157.0,150.0,151.0,-0.66,13753.0,1320.0,911.0
GRDBL,11/23/2020,154.0,154.0,147.0,149.0,-1.32,7762.0,1320.0,911.0
GRDBL,11/24/2020,151.0,155.0,148.0,152.0,2.01,6375.0,1320.0,911.0
GRDBL,11/25/2020,151.0,153.0,150.0,152.0,0.0,9297.0,1320.0,911.0
GRDBL,11/26/2020,152.0,155.0,150.0,150.0,-1.32,12345.0,1320.0,911.0
GRDBL,11/29/2020,153.0,165.0,150.0,165.0,10.0,38020.0,1320.0,911.0
GRDBL,11/30/2020,168.0,181.0,168.0,181.0,9.7,69996.0,1320.0,911.0
GRDBL,12/1/2020,190.0,192.0,167.0,167.0,-7.73,28302.0,1320.0,911.0
GRDBL,12/2/2020,170.0,171.0,164.0,165.0,-1.2,12482.0,1320.0,911.0
GRDBL,12/3/2020,163.0,164.0,159.0,159.0,-3.64,8440.0,1320.0,911.0
GRDBL,12/6/2020,157.0,162.0,152.0,153.0,-3.77,12000.0,1320.0,911.0
GRDBL,12/7/2020,151.0,160.0,151.0,160.0,4.58,7663.0,1320.0,911.0
GRDBL,12/8/2020,162.0,165.0,153.0,155.0,-3.12,2042.0,1320.0,911.0
GRDBL,12/9/2020,152.0,160.0,152.0,155.0,0.0,9450.0,1320.0,911.0
GRDBL,12/10/2020,153.0,158.0,153.0,153.0,-1.29,4205.0,1320.0,911.0
GRDBL,12/13/2020,151.0,156.0,151.0,152.0,-0.65,5700.0,1320.0,911.0
GRDBL,12/14/2020,155.0,159.0,149.0,155.0,1.97,9860.0,1320.0,911.0
GRDBL,12/15/2020,156.0,156.0,152.0,153.0,-1.29,5980.0,1320.0,911.0
GRDBL,12/16/2020,151.0,155.0,150.0,155.0,1.31,6645.0,1320.0,911.0
GRDBL,12/17/2020,152.0,153.0,149.0,151.0,-2.58,7300.0,1320.0,911.0
GRDBL,12/20/2020,151.0,151.0,140.0,141.0,-6.62,10455.0,1320.0,911.0
GRDBL,12/21/2020,139.0,147.0,129.0,145.0,2.84,12089.0,1320.0,911.0
GRDBL,12/22/2020,145.0,154.0,145.0,153.0,5.52,8140.0,1320.0,911.0
GRDBL,12/23/2020,153.0,153.0,146.0,150.0,-1.96,5267.0,1320.0,911.0
GRDBL,12/24/2020,148.0,148.0,145.0,145.0,-3.33,985.0,1320.0,911.0
GRDBL,12/27/2020,143.0,145.0,142.0,143.0,-1.38,3546.0,1320.0,911.0
GRDBL,12/28/2020,143.0,147.0,142.0,147.0,2.8,2830.0,1320.0,911.0
GRDBL,12/29/2020,145.0,147.0,142.0,142.0,-3.4,2760.0,1320.0,911.0
GRDBL,12/30/2020,140.0,145.0,140.0,143.0,0.7,3552.0,1320.0,911.0
GRDBL,12/31/2020,143.0,145.0,139.0,142.0,-0.7,6520.0,1320.0,911.0
GRDBL,1/3/2021,141.0,146.0,140.0,144.0,1.41,6157.0,1320.0,911.0
GRDBL,1/4/2021,146.0,152.0,146.0,148.0,2.78,8030.0,1320.0,911.0
GRDBL,1/5/2021,150.0,150.0,145.0,146.0,-1.35,3445.0,1320.0,911.0
GRDBL,1/6/2021,146.0,154.0,146.0,153.0,4.79,12552.0,1320.0,911.0
GRDBL,1/7/2021,156.0,157.0,153.0,155.0,1.31,18981.0,1320.0,911.0
GRDBL,1/10/2021,155.0,161.0,150.0,160.0,3.23,12575.0,1320.0,911.0
GRDBL,1/11/2021,168.0,168.0,152.0,158.0,-1.25,8577.0,1320.0,911.0
GRDBL,1/12/2021,155.0,161.0,152.0,158.0,0.0,6140.0,1320.0,911.0
GRDBL,1/13/2021,165.0,167.0,161.0,167.0,5.7,43472.0,1320.0,911.0
GRDBL,1/17/2021,175.0,175.0,160.0,175.0,4.79,21096.0,1320.0,911.0
GRDBL,1/18/2021,183.0,183.0,170.0,172.0,-1.71,23441.0,1320.0,911.0
GRDBL,1/19/2021,180.0,180.0,164.0,172.0,0.0,27459.0,1320.0,911.0
GRDBL,1/20/2021,175.0,189.0,170.0,189.0,9.88,88352.0,1320.0,911.0
GRDBL,1/21/2021,195.0,198.0,183.0,188.0,-0.53,48007.0,1320.0,911.0
GRDBL,1/24/2021,190.0,191.0,180.0,183.0,-2.66,22608.0,1320.0,911.0
GRDBL,1/25/2021,180.0,181.0,175.0,177.0,-3.28,29938.0,1320.0,911.0
GRDBL,1/26/2021,180.0,180.0,172.0,173.0,-2.26,25454.0,1320.0,911.0
GRDBL,1/27/2021,170.0,181.0,170.0,177.0,2.31,26605.0,1320.0,911.0
GRDBL,1/28/2021,176.0,176.0,169.0,169.0,-4.52,21093.0,1320.0,911.0
GRDBL,1/31/2021,167.0,181.0,167.0,172.0,1.78,18022.0,1320.0,911.0
GRDBL,2/1/2021,175.0,184.0,172.0,172.0,0.0,18179.0,1320.0,911.0
GRDBL,2/2/2021,170.0,178.0,170.0,178.0,3.49,18956.0,1320.0,911.0
GRDBL,2/3/2021,181.0,181.0,176.0,177.0,-0.56,27039.0,1320.0,911.0
GRDBL,2/4/2021,180.0,180.0,173.0,177.0,0.0,13504.0,1320.0,911.0
GRDBL,2/7/2021,176.0,176.0,171.0,173.0,-2.26,20037.0,1320.0,911.0
GRDBL,2/8/2021,176.0,176.0,170.0,175.0,1.16,17515.0,1320.0,911.0
GRDBL,2/9/2021,178.0,181.0,173.0,175.0,0.0,18166.0,1320.0,911.0
GRDBL,2/10/2021,173.0,177.0,172.0,174.0,-0.57,11531.0,1320.0,911.0
GRDBL,2/11/2021,177.0,180.0,173.0,174.0,0.0,21323.0,1320.0,911.0
GRDBL,2/14/2021,172.0,180.0,171.0,173.0,-0.57,12806.0,1320.0,911.0
GRDBL,2/15/2021,176.0,179.0,172.0,175.0,1.16,11144.0,1320.0,911.0
GRDBL,2/16/2021,175.0,175.0,172.0,173.0,-1.14,7805.0,1320.0,911.0
GRDBL,2/17/2021,172.0,175.0,172.0,173.0,0.0,7147.0,1320.0,911.0
GRDBL,2/18/2021,173.0,189.0,172.0,189.0,9.25,67058.0,1320.0,911.0
GRDBL,2/21/2021,189.0,192.0,179.0,187.0,-1.06,23595.0,1320.0,911.0
GRDBL,2/22/2021,187.0,187.0,179.0,181.0,-3.21,13529.0,1320.0,911.0
GRDBL,2/23/2021,180.0,180.0,173.0,178.0,-1.66,9155.0,1320.0,911.0
GRDBL,2/24/2021,181.0,181.0,175.0,179.0,0.56,6970.0,1320.0,911.0
GRDBL,2/25/2021,180.0,180.0,174.0,177.0,-1.12,6287.0,1320.0,911.0
GRDBL,2/28/2021,177.0,177.0,169.0,172.0,-2.82,11685.0,1320.0,911.0
GRDBL,3/1/2021,169.0,179.0,166.0,174.0,1.16,11481.0,1320.0,911.0
GRDBL,3/2/2021,177.0,180.0,167.0,173.0,-0.57,6348.0,1320.0,911.0
GRDBL,3/3/2021,173.0,173.0,163.0,166.0,-4.05,10580.0,1320.0,911.0
GRDBL,3/4/2021,168.0,172.0,166.0,172.0,3.61,11688.0,1320.0,911.0
GRDBL,3/7/2021,175.0,175.0,169.0,170.0,-1.16,4352.0,1320.0,911.0
GRDBL,3/9/2021,168.0,172.0,167.0,167.0,-1.76,5800.0,1320.0,911.0
GRDBL,3/10/2021,167.0,170.0,167.0,168.0,0.6,2316.0,1320.0,911.0
GRDBL,3/14/2021,171.0,174.0,167.0,168.0,0.0,5018.0,1320.0,911.0
GRDBL,3/15/2021,170.0,170.0,164.0,168.0,0.0,8162.0,1320.0,911.0
GRDBL,3/16/2021,169.0,169.0,162.0,163.0,-2.98,11398.0,1320.0,911.0
GRDBL,3/17/2021,171.0,171.0,162.0,167.0,2.45,12354.0,1320.0,911.0
GRDBL,3/18/2021,175.0,175.0,167.0,168.0,0.6,4846.0,1320.0,911.0
GRDBL,3/21/2021,170.0,170.0,167.0,169.0,0.6,6771.0,1320.0,911.0
GRDBL,3/22/2021,169.0,170.0,166.0,169.0,0.0,5350.0,1320.0,911.0
GRDBL,3/23/2021,170.0,171.0,168.0,170.0,0.59,3282.0,1320.0,911.0
GRDBL,3/24/2021,170.0,171.0,167.0,168.0,-1.18,6463.0,1320.0,911.0
GRDBL,3/25/2021,168.0,172.0,168.0,171.0,1.79,15665.0,1320.0,911.0
GRDBL,3/29/2021,179.0,179.0,170.0,175.0,2.34,33524.0,1320.0,911.0
GRDBL,3/30/2021,170.0,172.0,170.0,171.0,-2.29,11365.0,1320.0,911.0
GRDBL,3/31/2021,174.0,174.0,171.0,173.0,1.17,8221.0,1320.0,911.0
GRDBL,4/1/2021,173.0,174.0,170.0,172.0,-0.58,8362.0,1320.0,911.0
GRDBL,4/4/2021,174.0,174.0,168.0,168.0,-2.33,18635.0,1320.0,911.0
GRDBL,4/5/2021,166.0,173.0,165.0,169.0,0.6,3306.0,1320.0,911.0
GRDBL,4/6/2021,171.0,173.0,169.0,172.0,1.78,10781.0,1320.0,911.0
GRDBL,4/7/2021,174.0,184.0,171.0,182.0,5.81,30313.0,1320.0,911.0
GRDBL,4/8/2021,191.0,191.0,176.0,179.0,-1.65,15116.0,1320.0,911.0
GRDBL,4/12/2021,180.0,184.0,175.0,183.0,2.23,34904.0,1320.0,911.0
GRDBL,4/13/2021,185.0,190.0,178.0,186.0,1.64,45656.0,1320.0,911.0
GRDBL,4/15/2021,187.0,204.0,186.0,204.0,9.68,93653.0,1320.0,911.0
GRDBL,4/18/2021,210.0,214.0,194.0,196.0,-3.92,78605.0,1320.0,911.0
GRDBL,4/19/2021,200.0,200.0,188.0,192.0,-2.04,17152.0,1320.0,911.0
GRDBL,4/20/2021,192.0,200.0,191.0,192.0,0.0,26877.0,1320.0,911.0
GRDBL,4/21/2021,195.0,211.0,195.0,211.0,9.9,134187.0,1320.0,911.0
GRDBL,4/22/2021,215.0,232.0,208.0,232.0,9.95,107028.0,1320.0,911.0
GRDBL,4/25/2021,239.0,242.0,217.0,221.0,-4.74,58495.0,1320.0,911.0
GRDBL,4/26/2021,220.0,225.0,206.0,211.0,-4.52,23429.0,1320.0,911.0
GRDBL,4/27/2021,211.0,226.0,211.0,223.0,5.69,24412.0,1320.0,911.0
GRDBL,4/28/2021,212.0,223.0,212.0,218.0,-2.24,12438.0,1320.0,911.0
GRDBL,4/29/2021,214.0,220.0,213.0,215.0,-1.38,18411.0,1320.0,911.0
GRDBL,5/2/2021,213.0,220.0,209.0,215.0,0.0,39071.0,1320.0,911.0
GRDBL,5/3/2021,217.0,217.0,210.0,210.0,-2.33,7908.0,1320.0,911.0
GRDBL,5/4/2021,210.0,210.0,207.0,208.0,-0.95,15415.0,1320.0,911.0
GRDBL,5/5/2021,204.0,208.0,200.0,207.0,-0.48,8267.0,1320.0,911.0
GRDBL,5/6/2021,205.0,214.0,203.0,205.0,-0.97,14551.0,1320.0,911.0
GRDBL,5/9/2021,205.0,208.0,200.0,205.0,0.0,10550.0,1320.0,911.0
GRDBL,5/10/2021,202.0,205.0,202.0,205.0,0.0,4336.0,1320.0,911.0
GRDBL,5/11/2021,205.0,207.0,204.0,205.0,0.0,5087.0,1320.0,911.0
GRDBL,5/12/2021,203.0,207.0,203.0,206.0,0.49,6312.0,1320.0,911.0
GRDBL,5/13/2021,210.0,218.0,206.0,218.0,5.83,38098.0,1320.0,911.0
GRDBL,5/16/2021,222.0,230.0,215.0,225.0,3.21,44368.0,1320.0,911.0
GRDBL,5/17/2021,225.0,247.0,218.0,238.0,5.78,93994.0,1320.0,911.0
GRDBL,5/18/2021,242.0,261.0,240.0,256.0,7.56,47675.0,1320.0,911.0
GRDBL,5/19/2021,261.0,264.0,241.0,244.0,-4.69,40393.0,1320.0,911.0
GRDBL,5/20/2021,244.0,256.0,233.0,250.0,2.46,30719.0,1320.0,911.0
GRDBL,5/23/2021,250.0,275.0,245.0,275.0,10.0,118277.0,1320.0,911.0
GRDBL,5/24/2021,288.0,302.0,288.0,301.0,9.45,127643.0,1320.0,911.0
GRDBL,5/25/2021,307.0,313.0,286.0,303.0,0.66,68636.0,1320.0,911.0
GRDBL,5/27/2021,297.0,320.0,277.0,317.0,4.62,107489.0,1320.0,911.0
GRDBL,5/30/2021,325.0,347.0,308.0,322.0,1.58,99276.0,1320.0,911.0
GRDBL,5/31/2021,328.0,333.0,302.0,309.0,-4.04,79183.0,1320.0,911.0
GRDBL,6/1/2021,303.0,316.0,302.0,308.0,-0.32,40348.0,1320.0,911.0
GRDBL,6/2/2021,304.0,327.0,302.0,314.0,1.95,63135.0,1320.0,911.0
GRDBL,6/3/2021,320.0,345.0,320.0,344.0,9.55,181433.0,1320.0,911.0
GRDBL,6/6/2021,345.0,345.0,323.0,330.0,-4.07,54359.0,1320.0,911.0
GRDBL,6/7/2021,330.0,346.0,317.0,340.0,3.03,76535.0,1320.0,911.0
GRDBL,6/8/2021,340.0,374.0,340.0,374.0,10.0,76931.0,1320.0,911.0
GRDBL,6/9/2021,392.0,406.0,360.0,369.0,-1.34,90502.0,1320.0,911.0
GRDBL,6/10/2021,380.0,380.0,350.0,367.0,-0.54,67169.0,1320.0,911.0
GRDBL,6/13/2021,370.0,402.0,355.0,401.0,9.26,124062.0,1320.0,911.0
GRDBL,6/14/2021,421.0,421.0,391.0,404.0,0.75,98700.0,1320.0,911.0
GRDBL,6/15/2021,409.0,409.0,381.0,383.0,-5.2,66687.0,1320.0,911.0
GRDBL,6/16/2021,383.0,383.0,346.0,357.0,-6.79,53208.0,1320.0,911.0
GRDBL,6/17/2021,357.0,391.0,346.0,377.0,5.6,57184.0,1320.0,911.0
GRDBL,6/20/2021,377.0,383.0,350.0,362.0,-3.98,29352.0,1320.0,911.0
GRDBL,6/21/2021,355.0,375.0,331.0,335.0,-7.46,41313.0,1320.0,911.0
GRDBL,6/22/2021,335.0,367.0,328.0,367.0,9.55,30138.0,1320.0,911.0
GRDBL,6/23/2021,385.0,385.0,347.0,350.0,-4.63,27530.0,1320.0,911.0
GRDBL,6/24/2021,343.0,346.0,337.0,339.0,-3.14,11645.0,1320.0,911.0
GRDBL,6/27/2021,337.0,343.0,332.0,335.0,-1.18,11488.0,1320.0,911.0
GRDBL,6/28/2021,341.0,350.0,322.0,328.0,-2.09,17338.0,1320.0,911.0
GRDBL,6/29/2021,334.0,334.0,305.0,308.0,-6.1,13916.0,1320.0,911.0
GRDBL,6/30/2021,308.0,327.0,284.0,311.0,0.97,33483.0,1320.0,911.0
GRDBL,7/1/2021,317.0,342.0,308.0,340.0,9.32,56029.0,1320.0,911.0
GRDBL,7/4/2021,346.0,346.0,331.0,332.0,-2.35,17079.0,1320.0,911.0
GRDBL,7/5/2021,338.0,344.0,320.0,323.0,-2.71,8823.0,1320.0,911.0
GRDBL,7/6/2021,327.0,329.0,310.0,316.0,-2.17,12745.0,1320.0,911.0
GRDBL,7/7/2021,315.0,320.0,305.0,315.0,-0.32,10425.0,1320.0,911.0
GRDBL,7/8/2021,320.0,325.0,312.0,319.0,1.27,8753.0,1320.0,911.0
GRDBL,7/11/2021,323.0,350.0,322.0,350.0,9.72,29409.0,1320.0,911.0
GRDBL,7/12/2021,357.0,375.0,343.0,348.0,-0.57,41006.0,1320.0,911.0
GRDBL,7/13/2021,350.0,359.0,343.0,356.0,2.3,15591.0,1320.0,911.0
GRDBL,7/14/2021,356.0,366.0,350.0,362.0,1.69,23952.0,1320.0,911.0
GRDBL,7/15/2021,365.0,367.0,358.0,358.0,-1.1,12102.0,1320.0,911.0
GRDBL,7/18/2021,365.0,377.0,365.0,375.0,4.75,34146.0,1320.0,911.0
GRDBL,7/19/2021,382.0,390.0,372.0,380.0,1.33,48739.0,1320.0,911.0
GRDBL,7/20/2021,387.6,387.6,370.0,376.5,-0.92,14519.0,1320.0,911.0
GRDBL,7/22/2021,381.0,381.0,367.0,368.0,-2.26,17419.0,1320.0,911.0
GRDBL,7/25/2021,375.3,375.3,362.0,369.0,0.27,27688.0,1320.0,911.0
GRDBL,7/26/2021,370.0,372.0,362.5,365.0,-1.08,29686.0,1320.0,911.0
GRDBL,7/27/2021,359.0,380.4,359.0,374.0,2.47,34397.0,1320.0,911.0
GRDBL,7/28/2021,378.0,396.0,378.0,385.4,3.05,42299.0,1320.0,911.0
GRDBL,7/29/2021,385.0,416.0,384.0,406.0,5.35,139488.0,1320.0,911.0
GRDBL,8/1/2021,414.0,435.0,411.0,415.0,2.22,57131.0,1320.0,911.0
GRDBL,8/2/2021,409.0,415.0,399.0,406.0,-2.17,35585.0,1320.0,911.0
GRDBL,8/3/2021,400.0,405.0,393.1,398.0,-1.97,26733.0,1320.0,911.0
GRDBL,8/4/2021,405.0,437.8,400.0,422.0,6.03,80727.0,1320.0,911.0
GRDBL,8/5/2021,430.0,448.8,410.0,435.5,3.2,113901.0,1320.0,911.0
GRDBL,8/8/2021,444.0,477.0,436.0,458.0,5.17,86759.0,1320.0,911.0
GRDBL,8/9/2021,467.0,496.5,442.0,466.0,1.75,69588.0,1320.0,911.0
GRDBL,8/10/2021,463.0,512.6,461.0,500.0,7.3,144417.0,1320.0,911.0
GRDBL,8/11/2021,510.0,529.0,478.0,485.0,-3.0,80451.0,1320.0,911.0
GRDBL,8/12/2021,480.0,515.0,476.0,502.0,3.51,139217.0,1320.0,911.0
GRDBL,8/15/2021,498.9,499.0,457.7,486.0,-3.19,78546.0,1320.0,911.0
GRDBL,8/16/2021,495.0,496.0,468.1,480.0,-1.23,56899.0,1320.0,911.0
GRDBL,8/17/2021,480.0,501.0,480.0,489.0,1.88,77068.0,1320.0,911.0
GRDBL,8/18/2021,498.0,537.9,498.0,520.0,6.34,119086.0,1320.0,911.0
GRDBL,8/19/2021,523.0,533.0,488.0,502.0,-3.46,58920.0,1320.0,911.0
GRDBL,8/24/2021,500.0,520.0,480.0,482.0,-3.98,36149.0,1320.0,911.0
GRDBL,8/25/2021,491.0,491.0,450.0,470.0,-2.49,21011.0,1320.0,911.0
GRDBL,8/26/2021,475.0,499.5,470.0,492.0,4.68,25178.0,1320.0,911.0
GRDBL,8/29/2021,497.0,528.0,480.0,494.0,0.41,50892.0,1320.0,911.0
GRDBL,8/31/2021,484.2,494.0,465.0,474.0,-4.05,28842.0,1320.0,911.0
GRDBL,9/1/2021,474.0,490.0,465.0,473.0,-0.21,34918.0,1320.0,911.0
GRDBL,9/2/2021,482.0,491.0,463.0,463.0,-2.11,23189.0,1320.0,911.0
GRDBL,9/5/2021,453.9,460.0,416.7,436.0,-5.83,33784.0,1320.0,911.0
GRDBL,9/6/2021,428.0,479.6,416.5,479.6,10.0,33154.0,1320.0,911.0
GRDBL,9/7/2021,489.0,489.0,457.0,460.0,-4.09,22415.0,1320.0,911.0
GRDBL,9/8/2021,455.0,460.0,440.0,448.0,-2.61,21820.0,1320.0,911.0
GRDBL,9/9/2021,450.1,451.9,433.0,439.0,-2.01,12801.0,1320.0,911.0
GRDBL,9/12/2021,440.0,482.0,440.0,463.0,5.47,23828.0,1320.0,911.0
GRDBL,9/13/2021,463.0,472.0,452.0,458.0,-1.08,17736.0,1320.0,911.0
GRDBL,9/14/2021,449.0,460.0,445.0,459.0,0.22,12245.0,1320.0,911.0
GRDBL,9/15/2021,460.0,460.0,449.0,452.0,-1.53,13689.0,1320.0,911.0
GRDBL,9/16/2021,445.0,448.8,415.0,431.0,-4.65,28440.0,1320.0,911.0
GRDBL,9/20/2021,422.4,445.0,392.0,400.0,-7.19,22184.0,1320.0,911.0
GRDBL,9/21/2021,408.0,424.3,368.0,397.0,-0.75,26094.0,1320.0,911.0
GRDBL,9/22/2021,404.0,436.7,404.0,429.0,8.06,25650.0,1320.0,911.0
GRDBL,9/23/2021,437.5,455.1,415.0,429.0,0.0,13060.0,1320.0,911.0
GRDBL,9/26/2021,423.0,423.0,401.0,409.0,-4.66,12487.0,1320.0,911.0
GRDBL,9/27/2021,417.1,417.1,384.2,386.0,-5.62,8948.0,1320.0,911.0
GRDBL,9/28/2021,386.0,401.5,347.4,354.0,-8.29,16568.0,1320.0,911.0
GRDBL,9/29/2021,361.0,389.4,331.0,389.4,10.0,16346.0,1320.0,911.0
GRDBL,9/30/2021,395.0,418.0,374.0,375.0,-3.7,21938.0,1320.0,911.0
GRDBL,10/3/2021,368.0,388.0,346.3,356.0,-5.07,10355.0,1320.0,911.0
GRDBL,10/4/2021,363.1,377.0,348.0,369.0,3.65,5703.0,1320.0,911.0
GRDBL,10/5/2021,361.7,384.0,361.7,366.0,-0.81,4720.0,1320.0,911.0
GRDBL,10/6/2021,373.3,402.6,371.0,402.6,10.0,15893.0,1320.0,911.0
GRDBL,10/10/2021,402.6,412.0,381.0,394.0,-2.14,14112.0,1320.0,911.0
GRDBL,10/11/2021,401.8,401.8,376.0,380.0,-3.55,7740.0,1320.0,911.0
GRDBL,10/17/2021,387.6,399.0,362.8,376.0,-1.05,7410.0,1320.0,911.0
GRDBL,10/18/2021,376.0,391.1,346.0,361.0,-3.99,11519.0,1320.0,911.0
GRDBL,10/19/2021,354.0,369.3,336.4,360.0,-0.28,10192.0,1320.0,911.0
GRDBL,10/20/2021,352.8,380.0,352.8,380.0,5.56,18265.0,1320.0,911.0
GRDBL,10/21/2021,387.6,395.3,358.0,362.0,-4.74,9940.0,1320.0,911.0
GRDBL,10/24/2021,354.8,375.0,354.8,369.0,1.93,7060.0,1320.0,911.0
GRDBL,10/25/2021,376.0,397.0,368.5,385.0,4.34,15130.0,1320.0,911.0
GRDBL,10/26/2021,377.3,402.0,377.3,393.0,2.08,24956.0,1320.0,911.0
GRDBL,10/27/2021,400.0,400.0,377.6,390.0,-0.76,21944.0,1320.0,911.0
GRDBL,10/28/2021,389.0,397.0,383.0,396.0,1.54,14987.0,1320.0,911.0
GRDBL,10/31/2021,396.0,418.0,392.1,415.0,4.8,30322.0,1320.0,911.0
GRDBL,11/1/2021,423.3,431.4,405.0,409.0,-1.45,20036.0,1320.0,911.0
GRDBL,11/2/2021,404.0,428.4,402.0,415.0,1.47,17545.0,1320.0,911.0
GRDBL,11/3/2021,416.0,449.0,416.0,435.1,4.84,47528.0,1320.0,911.0
GRDBL,11/8/2021,441.0,452.6,440.0,440.0,1.13,23040.0,1320.0,911.0
GRDBL,11/9/2021,431.2,434.0,402.0,415.0,-5.68,30193.0,1320.0,911.0
GRDBL,11/11/2021,406.7,410.0,393.0,400.0,-3.61,27681.0,1320.0,911.0
GRDBL,11/14/2021,398.9,422.0,393.0,395.0,-1.25,11109.0,1320.0,911.0
GRDBL,11/15/2021,387.1,422.9,387.1,412.0,4.3,15026.0,1320.0,911.0
GRDBL,11/16/2021,415.0,440.0,404.0,434.0,5.34,17015.0,1320.0,911.0
GRDBL,11/17/2021,439.9,442.0,420.0,428.4,-1.29,21534.0,1320.0,911.0
GRDBL,11/18/2021,419.9,421.0,410.0,415.0,-3.13,17978.0,1320.0,911.0
GRDBL,11/21/2021,410.0,415.0,403.0,405.0,-2.41,8730.0,1320.0,911.0
GRDBL,11/22/2021,398.0,413.0,398.0,408.9,0.96,5460.0,1320.0,911.0
GRDBL,11/23/2021,400.8,407.0,393.0,400.0,-2.18,11910.0,1320.0,911.0
GRDBL,11/24/2021,392.0,405.0,388.0,397.0,-0.75,7976.0,1320.0,911.0
GRDBL,11/25/2021,400.0,402.0,392.2,400.0,0.76,5696.0,1320.0,911.0
GRDBL,11/28/2021,393.0,399.0,383.0,385.0,-3.75,11104.0,1320.0,911.0
GRDBL,11/29/2021,382.2,394.0,375.0,378.0,-1.82,6908.0,1320.0,911.0
GRDBL,11/30/2021,381.0,388.6,376.0,382.0,1.06,6257.0,1320.0,911.0
GRDBL,12/1/2021,382.0,390.0,370.0,379.0,-0.79,8265.0,1320.0,911.0
GRDBL,12/2/2021,386.0,393.7,365.1,368.0,-2.9,6472.0,1320.0,911.0
GRDBL,12/5/2021,361.0,362.1,345.0,345.0,-6.25,13650.0,1320.0,911.0
GRDBL,12/6/2021,339.0,367.0,320.2,367.0,6.38,10197.0,1320.0,911.0
GRDBL,12/7/2021,362.0,383.5,348.0,368.0,0.27,12637.0,1320.0,911.0
GRDBL,12/8/2021,361.0,361.0,338.0,340.0,-7.61,7673.0,1320.0,911.0
GRDBL,12/9/2021,333.5,352.0,333.2,335.1,-1.44,6861.0,1320.0,911.0
GRDBL,12/12/2021,332.0,332.0,318.5,318.5,-4.95,8401.0,1320.0,911.0
GRDBL,12/13/2021,318.0,318.0,288.0,290.0,-8.95,10777.0,1320.0,911.0
GRDBL,12/14/2021,295.0,319.0,295.0,319.0,10.0,8377.0,1320.0,911.0
GRDBL,12/15/2021,325.0,350.9,318.6,324.0,1.57,18541.0,1320.0,911.0
GRDBL,12/16/2021,318.0,325.4,316.0,318.0,-1.85,7091.0,1320.0,911.0
GRDBL,12/20/2021,312.0,318.0,308.0,310.0,-2.52,3696.0,1320.0,911.0
GRDBL,12/21/2021,310.0,341.0,310.0,341.0,10.0,4843.0,1320.0,911.0
GRDBL,12/22/2021,347.8,372.0,340.0,363.0,6.45,17956.0,1320.0,911.0
GRDBL,12/23/2021,364.0,366.0,350.0,350.0,-3.58,10201.0,1320.0,911.0
GRDBL,12/26/2021,350.0,357.1,340.0,348.0,-0.57,10105.0,1320.0,911.0
GRDBL,12/27/2021,350.0,350.0,324.0,328.0,-5.75,11679.0,1320.0,911.0
GRDBL,12/28/2021,327.0,328.0,320.5,325.0,-0.91,4883.0,1320.0,911.0
GRDBL,12/29/2021,326.0,332.5,319.1,319.1,-1.82,3700.0,1320.0,911.0
GRDBL,1/2/2022,325.4,344.3,322.0,322.5,1.07,4989.0,1320.0,911.0
GRDBL,1/3/2022,328.9,340.0,322.0,324.5,0.62,7418.0,1320.0,911.0
GRDBL,1/4/2022,330.0,350.0,325.5,350.0,7.86,26043.0,1320.0,911.0
GRDBL,1/5/2022,357.0,363.0,343.0,349.0,-0.29,20309.0,1320.0,911.0
GRDBL,1/6/2022,349.0,355.0,349.0,352.0,0.86,6990.0,1320.0,911.0
GRDBL,1/9/2022,350.0,382.0,350.0,381.0,8.24,26314.0,1320.0,911.0
GRDBL,1/10/2022,388.0,388.0,373.4,380.0,-0.26,27414.0,1320.0,911.0
GRDBL,1/11/2022,380.0,400.0,377.0,385.0,1.32,21186.0,1320.0,911.0
GRDBL,1/12/2022,392.0,415.0,377.0,378.0,-1.82,34924.0,1320.0,911.0
GRDBL,1/13/2022,384.9,392.7,382.0,390.0,3.17,12879.0,1320.0,911.0
GRDBL,1/16/2022,397.8,421.0,397.8,413.0,5.9,40179.0,1320.0,911.0
GRDBL,1/17/2022,413.0,425.0,405.0,411.0,-0.48,15562.0,1320.0,911.0
GRDBL,1/18/2022,403.0,411.0,393.0,399.9,-2.7,17480.0,1320.0,911.0
GRDBL,1/19/2022,407.8,407.8,389.0,392.0,-1.98,19936.0,1320.0,911.0
GRDBL,1/20/2022,392.0,410.0,390.0,406.0,3.57,29771.0,1320.0,911.0
GRDBL,1/23/2022,407.0,419.9,398.0,402.0,-0.99,23099.0,1320.0,911.0
GRDBL,1/24/2022,395.0,399.0,377.6,380.0,-5.47,26962.0,1320.0,911.0
GRDBL,1/25/2022,373.0,390.0,373.0,380.0,0.0,9835.0,1320.0,911.0
GRDBL,1/26/2022,372.4,385.0,362.0,368.0,-3.16,17773.0,1320.0,911.0
GRDBL,1/27/2022,372.0,375.0,363.1,367.0,-0.27,6132.0,1320.0,911.0
GRDBL,1/30/2022,374.3,393.7,374.3,390.0,6.27,15635.0,1320.0,911.0
GRDBL,1/31/2022,390.0,390.0,379.0,381.0,-2.31,14896.0,1320.0,911.0
GRDBL,2/1/2022,374.1,395.0,367.0,389.0,2.1,21995.0,1320.0,911.0
GRDBL,2/3/2022,396.0,396.0,379.1,388.0,-0.26,26775.0,1320.0,911.0
GRDBL,2/6/2022,394.9,394.9,372.4,376.0,-3.09,8528.0,1320.0,911.0
GRDBL,2/7/2022,370.0,383.0,370.0,375.0,-0.27,8606.0,1320.0,911.0
GRDBL,2/8/2022,382.0,390.0,370.6,375.0,0.0,15083.0,1320.0,911.0
GRDBL,2/9/2022,370.2,373.0,365.0,370.0,-1.33,9291.0,1320.0,911.0
GRDBL,2/10/2022,376.9,376.9,364.1,367.0,-0.81,9679.0,1320.0,911.0
GRDBL,2/13/2022,360.0,360.0,347.0,350.0,-4.63,14974.0,1320.0,911.0
GRDBL,2/14/2022,356.0,356.0,347.0,353.0,0.86,6852.0,1320.0,911.0
GRDBL,2/15/2022,359.9,360.0,350.0,360.0,1.98,5057.0,1320.0,911.0
GRDBL,2/16/2022,367.0,367.0,352.0,354.9,-1.42,6486.0,1320.0,911.0
GRDBL,2/17/2022,347.9,360.0,347.9,353.0,-0.54,4085.0,1320.0,911.0
GRDBL,2/20/2022,350.0,353.0,336.2,343.0,-2.83,8839.0,1320.0,911.0
GRDBL,2/21/2022,345.0,349.9,344.0,345.0,0.58,3616.0,1320.0,911.0
GRDBL,2/22/2022,350.2,358.0,346.5,352.0,2.03,5252.0,1320.0,911.0
GRDBL,2/23/2022,352.0,355.0,345.0,350.0,-0.57,3946.0,1320.0,911.0
GRDBL,2/24/2022,343.0,346.5,337.0,340.0,-2.86,6345.0,1320.0,911.0
GRDBL,2/27/2022,337.0,344.0,335.0,338.0,-0.59,4643.0,1320.0,911.0
GRDBL,2/28/2022,344.0,346.8,333.0,339.0,0.3,5618.0,1320.0,911.0
GRDBL,3/2/2022,335.0,340.0,320.6,323.0,-4.72,4328.0,1320.0,911.0
GRDBL,3/6/2022,323.0,334.4,322.0,325.9,0.9,2926.0,1320.0,911.0
GRDBL,3/7/2022,325.0,332.0,324.0,324.0,-0.58,4762.0,1320.0,911.0
GRDBL,3/9/2022,318.0,324.0,312.0,318.0,-1.85,4952.0,1320.0,911.0
GRDBL,3/10/2022,312.0,336.0,312.0,336.0,5.66,5068.0,1320.0,911.0
GRDBL,3/13/2022,340.0,357.0,340.0,357.0,6.25,10053.0,1320.0,911.0
GRDBL,3/14/2022,357.0,357.0,343.0,346.5,-2.94,5625.0,1320.0,911.0
GRDBL,3/15/2022,353.0,359.9,345.1,350.0,1.01,4628.0,1320.0,911.0
GRDBL,3/16/2022,356.0,356.0,338.0,344.7,-1.51,2980.0,1320.0,911.0
GRDBL,3/20/2022,345.0,350.0,338.1,340.0,-1.36,1925.0,1320.0,911.0
GRDBL,3/21/2022,340.0,357.0,339.0,348.0,2.35,10718.0,1320.0,911.0
GRDBL,3/22/2022,354.0,363.9,353.9,357.0,2.59,19303.0,1320.0,911.0
GRDBL,3/23/2022,351.0,356.5,347.0,348.0,-2.52,3467.0,1320.0,911.0
GRDBL,3/24/2022,343.2,347.0,340.2,340.2,-2.24,4354.0,1320.0,911.0
GRDBL,3/27/2022,333.7,335.0,328.0,329.0,-3.29,6765.0,1320.0,911.0
GRDBL,3/28/2022,322.5,334.0,316.1,321.0,-2.43,5532.0,1320.0,911.0
GRDBL,3/29/2022,326.9,332.9,317.6,322.0,0.31,6126.0,1320.0,911.0
GRDBL,3/30/2022,322.0,333.0,320.0,326.4,1.37,4671.0,1320.0,911.0
GRDBL,3/31/2022,326.5,333.0,319.0,320.0,-1.96,7936.0,1320.0,911.0
GRDBL,4/3/2022,316.0,322.0,315.0,320.0,0.0,4248.0,1320.0,911.0
GRDBL,4/4/2022,315.1,323.8,315.0,320.0,0.0,3968.0,1320.0,911.0
GRDBL,4/5/2022,320.0,320.0,305.0,314.0,-1.88,4702.0,1320.0,911.0
GRDBL,4/6/2022,308.0,320.0,308.0,308.0,-1.91,3561.0,1320.0,911.0
GRDBL,4/7/2022,314.1,320.0,308.0,310.0,0.65,5429.0,1320.0,911.0
GRDBL,4/11/2022,316.0,316.0,297.0,300.0,-3.23,6697.0,1320.0,911.0
GRDBL,4/12/2022,299.0,300.0,291.0,291.0,-3.0,6500.0,1320.0,911.0
GRDBL,4/13/2022,296.0,301.0,285.0,299.0,2.75,5218.0,1320.0,911.0
GRDBL,4/17/2022,300.0,301.0,293.0,294.0,-1.67,4247.0,1320.0,911.0
GRDBL,4/18/2022,294.0,295.0,279.1,284.0,-3.4,1230.0,1320.0,911.0
GRDBL,4/19/2022,280.0,289.0,276.0,279.3,-1.65,6119.0,1320.0,911.0
GRDBL,4/20/2022,280.0,284.8,265.0,270.0,-3.33,5237.0,1320.0,911.0
GRDBL,4/21/2022,266.0,275.0,255.3,267.0,-1.11,3536.0,1320.0,911.0
GRDBL,4/24/2022,272.0,293.7,267.0,290.0,8.61,10515.0,1320.0,911.0
GRDBL,4/25/2022,295.8,307.0,287.0,289.0,-0.34,12187.0,1320.0,911.0
GRDBL,4/26/2022,289.0,299.0,283.3,292.0,1.04,3372.0,1320.0,911.0
GRDBL,4/27/2022,288.0,299.0,285.0,296.0,1.37,2851.0,1320.0,911.0
GRDBL,4/28/2022,290.2,301.9,285.0,288.0,-2.7,5223.0,1320.0,911.0
GRDBL,5/2/2022,285.0,285.0,270.0,270.0,-6.25,3111.0,1320.0,911.0
GRDBL,5/4/2022,265.0,270.3,260.0,260.0,-3.7,6794.0,1320.0,911.0
GRDBL,5/5/2022,260.0,270.0,246.5,251.0,-3.46,9571.0,1320.0,911.0
GRDBL,5/8/2022,256.0,261.0,250.0,260.0,3.59,3725.0,1320.0,911.0
GRDBL,5/9/2022,264.7,273.0,258.0,258.0,-0.77,6646.0,1320.0,911.0
GRDBL,5/10/2022,258.0,272.0,258.0,270.0,4.65,2485.0,1320.0,911.0
GRDBL,5/11/2022,275.0,282.9,272.1,281.0,4.07,7228.0,1320.0,911.0
GRDBL,5/12/2022,286.6,295.0,276.0,279.3,-0.6,6100.0,1320.0,911.0
GRDBL,5/17/2022,274.0,274.0,262.0,263.0,-5.84,3611.0,1320.0,911.0
GRDBL,5/18/2022,263.0,273.3,257.8,273.0,3.8,3106.0,1320.0,911.0
GRDBL,5/19/2022,268.0,278.4,265.0,265.0,-2.93,1141.0,1320.0,911.0
GRDBL,5/20/2022,269.0,269.0,255.0,258.0,-2.64,1030.0,1320.0,911.0
GRDBL,5/23/2022,253.0,258.0,248.6,255.0,-1.16,2528.0,1320.0,911.0
GRDBL,5/24/2022,250.0,265.0,250.0,256.0,0.39,1384.0,1320.0,911.0
GRDBL,5/25/2022,259.0,265.0,257.0,258.0,0.78,3129.0,1320.0,911.0
GRDBL,5/26/2022,261.0,265.2,255.0,261.0,1.16,2369.0,1320.0,911.0
GRDBL,5/27/2022,266.2,266.2,251.0,258.0,-1.15,3126.0,1320.0,911.0
GRDBL,5/30/2022,261.0,261.0,249.0,252.0,-2.33,1088.0,1320.0,911.0
GRDBL,5/31/2022,252.0,255.0,241.9,243.0,-3.57,2170.0,1320.0,911.0
GRDBL,6/1/2022,247.0,247.5,241.0,247.0,1.65,4090.0,1320.0,911.0
GRDBL,6/2/2022,249.0,250.0,245.0,245.0,-0.81,849.0,1320.0,911.0
GRDBL,6/3/2022,245.0,245.0,239.0,244.0,-0.41,595.0,1320.0,911.0
GRDBL,6/6/2022,246.0,252.0,243.4,246.0,0.82,1745.0,1320.0,911.0
GRDBL,6/7/2022,242.0,246.0,231.0,237.0,-3.66,5077.0,1320.0,911.0
GRDBL,6/8/2022,240.0,257.9,236.1,251.0,5.91,3972.0,1320.0,911.0
GRDBL,6/9/2022,254.0,256.0,242.0,246.0,-1.99,3867.0,1320.0,911.0
GRDBL,6/10/2022,243.0,245.0,235.0,240.0,-2.44,1356.0,1320.0,911.0
GRDBL,6/13/2022,240.0,240.0,234.0,237.9,-0.87,815.0,1320.0,911.0
GRDBL,6/14/2022,235.0,235.0,225.4,227.1,-4.54,2420.0,1320.0,911.0
GRDBL,6/15/2022,223.0,224.0,219.0,219.0,-3.57,2289.0,1320.0,911.0
GRDBL,6/16/2022,217.0,227.4,212.1,224.0,2.28,2631.0,1320.0,911.0
GRDBL,6/17/2022,226.0,226.0,220.0,220.0,-1.79,495.0,1320.0,911.0
GRDBL,6/19/2022,216.0,216.0,211.7,211.7,-3.77,1242.0,1320.0,911.0
GRDBL,6/20/2022,211.0,211.0,190.6,198.9,-6.05,11742.0,1320.0,911.0
GRDBL,6/21/2022,201.9,209.1,201.0,206.0,3.57,6272.0,1320.0,911.0
GRDBL,6/22/2022,202.3,203.9,200.0,203.0,-1.46,1437.0,1320.0,911.0
GRDBL,6/23/2022,202.9,202.9,192.3,195.0,-3.94,2714.0,1320.0,911.0
GRDBL,6/24/2022,191.2,205.0,182.0,198.0,1.54,6214.0,1320.0,911.0
GRDBL,6/26/2022,201.0,217.8,201.0,217.7,9.95,7006.0,1320.0,911.0
GRDBL,6/27/2022,221.9,226.3,210.1,210.1,-3.49,7813.0,1320.0,911.0
GRDBL,6/28/2022,209.0,210.0,205.0,209.0,-0.52,2510.0,1320.0,911.0
GRDBL,6/29/2022,213.1,217.2,208.8,216.6,3.64,4795.0,1320.0,911.0
GRDBL,6/30/2022,220.0,235.0,216.0,231.0,6.65,7746.0,1320.0,911.0
GRDBL,7/1/2022,235.6,239.5,229.0,229.0,-0.87,6157.0,1320.0,911.0
GRDBL,7/3/2022,228.5,240.6,225.0,236.5,3.28,7314.0,1320.0,911.0
GRDBL,7/4/2022,237.0,260.1,235.0,240.0,1.48,27551.0,1320.0,911.0
GRDBL,7/5/2022,236.0,249.9,232.0,232.0,-3.33,9026.0,1320.0,911.0
GRDBL,7/6/2022,230.0,239.0,227.0,239.0,3.02,5672.0,1320.0,911.0
GRDBL,7/7/2022,243.7,247.0,230.1,231.0,-3.35,6093.0,1320.0,911.0
GRDBL,7/8/2022,227.3,232.0,226.4,226.4,-1.99,3171.0,1320.0,911.0
GRDBL,7/11/2022,221.9,225.0,205.4,213.0,-5.92,6452.0,1320.0,911.0
GRDBL,7/12/2022,217.0,218.2,210.0,215.0,0.94,1636.0,1320.0,911.0
GRDBL,7/13/2022,218.9,235.0,218.9,235.0,9.3,5488.0,1320.0,911.0
GRDBL,7/14/2022,238.0,243.0,225.1,237.0,0.85,7906.0,1320.0,911.0
GRDBL,7/15/2022,232.3,232.3,229.0,230.0,-2.95,566.0,1320.0,911.0
GRDBL,7/17/2022,231.0,235.6,228.0,235.0,2.17,2407.0,1320.0,911.0
GRDBL,7/18/2022,230.6,235.0,230.5,231.0,-1.7,2708.0,1320.0,911.0
GRDBL,7/19/2022,235.0,245.0,231.0,234.4,1.47,3628.0,1320.0,911.0
GRDBL,7/20/2022,234.4,244.0,234.4,237.0,1.11,4295.0,1320.0,911.0
GRDBL,7/21/2022,240.0,244.5,234.1,234.1,-1.22,2817.0,1320.0,911.0
GRDBL,7/22/2022,238.7,238.7,223.0,226.5,-3.25,1783.0,1320.0,911.0
GRDBL,7/24/2022,231.0,248.9,229.0,246.0,8.61,12205.0,1320.0,911.0
GRDBL,7/25/2022,247.4,270.6,247.4,270.6,10.0,28263.0,1320.0,911.0
GRDBL,7/26/2022,266.0,280.5,260.0,260.0,-3.92,15653.0,1320.0,911.0
GRDBL,7/27/2022,262.0,270.2,249.1,270.2,3.92,10002.0,1320.0,911.0
GRDBL,7/28/2022,274.9,290.5,270.7,275.0,1.78,24649.0,1320.0,911.0
GRDBL,7/29/2022,272.0,292.0,270.0,289.0,5.09,11803.0,1320.0,911.0
GRDBL,7/31/2022,294.7,305.0,293.9,303.0,4.84,29773.0,1320.0,911.0
GRDBL,8/1/2022,300.0,300.9,291.0,294.0,-2.97,15910.0,1320.0,911.0
GRDBL,8/2/2022,298.4,298.4,285.0,287.0,-2.38,6882.0,1320.0,911.0
GRDBL,8/3/2022,285.1,295.8,282.0,283.0,-1.39,9281.0,1320.0,911.0
GRDBL,8/4/2022,278.0,292.7,276.0,277.0,-2.12,8350.0,1320.0,911.0
GRDBL,8/5/2022,277.1,288.0,277.0,279.0,0.72,9981.0,1320.0,911.0
GRDBL,8/7/2022,280.0,287.6,278.5,280.0,0.36,3724.0,1320.0,911.0
GRDBL,8/8/2022,285.0,295.0,275.4,280.0,0.0,16047.0,1320.0,911.0
GRDBL,8/9/2022,283.0,283.5,265.0,270.0,-3.57,7063.0,1320.0,911.0
GRDBL,8/10/2022,265.0,270.5,255.0,265.2,-1.78,6583.0,1320.0,911.0
GRDBL,8/11/2022,270.3,274.9,254.8,255.0,-3.85,6461.0,1320.0,911.0
GRDBL,8/14/2022,260.0,265.0,245.0,246.0,-3.53,4186.0,1320.0,911.0
GRDBL,8/15/2022,250.0,268.0,246.0,268.0,8.94,8486.0,1320.0,911.0
GRDBL,8/16/2022,272.0,277.0,261.0,270.0,0.75,13228.0,1320.0,911.0
GRDBL,8/17/2022,275.0,275.0,265.0,270.0,0.0,3562.0,1320.0,911.0
GRDBL,8/18/2022,271.0,289.0,268.1,288.0,6.67,17344.0,1320.0,911.0
GRDBL,8/21/2022,292.0,293.0,282.0,284.9,-1.08,14099.0,1320.0,911.0
GRDBL,8/22/2022,280.0,281.0,272.5,280.0,-1.72,6655.0,1320.0,911.0
GRDBL,8/23/2022,277.0,284.0,271.5,274.0,-2.14,1446.0,1320.0,911.0
GRDBL,8/24/2022,278.0,284.5,274.0,278.0,1.46,5307.0,1320.0,911.0
GRDBL,8/25/2022,280.0,283.0,273.0,273.5,-1.62,5317.0,1320.0,911.0
GRDBL,8/26/2022,270.0,270.0,262.0,263.0,-3.84,1986.0,1320.0,911.0
GRDBL,8/28/2022,260.0,264.0,250.0,252.0,-4.18,7247.0,1320.0,911.0
GRDBL,8/29/2022,252.0,257.0,247.5,257.0,1.98,7384.0,1320.0,911.0
GRDBL,8/30/2022,258.0,262.0,255.0,261.9,1.91,2497.0,1320.0,911.0
GRDBL,8/31/2022,258.0,263.0,253.0,253.0,-3.4,4528.0,1320.0,911.0
GRDBL,9/1/2022,251.0,258.0,249.0,258.0,1.98,5704.0,1320.0,911.0
GRDBL,9/2/2022,253.1,261.9,252.9,261.9,1.51,1737.0,1320.0,911.0
GRDBL,9/4/2022,263.0,265.0,258.0,262.0,0.04,3648.0,1320.0,911.0
GRDBL,9/5/2022,260.0,261.0,255.1,260.0,-0.76,5288.0,1320.0,911.0
GRDBL,9/6/2022,256.8,256.8,250.0,251.0,-3.46,5168.0,1320.0,911.0
GRDBL,9/7/2022,246.3,255.0,242.0,255.0,1.59,2611.0,1320.0,911.0
GRDBL,9/8/2022,249.9,260.0,245.0,248.0,-2.75,6285.0,1320.0,911.0
GRDBL,9/11/2022,250.0,251.0,243.4,247.0,-0.4,2274.0,1320.0,911.0
GRDBL,9/12/2022,244.7,247.0,238.0,247.0,0.0,1350.0,1320.0,911.0
GRDBL,9/13/2022,243.0,259.0,242.1,249.0,0.81,2831.0,1320.0,911.0
GRDBL,9/14/2022,252.0,273.9,250.0,273.9,10.0,18877.0,1320.0,911.0
GRDBL,9/15/2022,278.0,287.0,259.0,269.0,-1.79,14137.0,1320.0,911.0
GRDBL,9/16/2022,265.0,265.1,256.0,258.0,-4.09,3142.0,1320.0,911.0
GRDBL,9/18/2022,260.0,263.0,252.0,252.0,-2.33,7218.0,1320.0,911.0
GRDBL,9/20/2022,250.0,250.0,227.0,232.0,-7.94,17906.0,1320.0,911.0
GRDBL,9/21/2022,236.6,251.0,236.0,237.2,2.24,4140.0,1320.0,911.0
GRDBL,9/22/2022,240.0,242.0,238.0,238.0,0.34,4091.0,1320.0,911.0
GRDBL,9/25/2022,234.3,240.0,233.3,240.0,0.84,2110.0,1320.0,911.0
GRDBL,9/27/2022,240.0,244.8,226.0,238.0,-0.83,8837.0,1320.0,911.0
GRDBL,9/28/2022,235.1,239.0,227.6,239.0,0.42,8050.0,1320.0,911.0
GRDBL,9/29/2022,243.0,243.0,226.1,231.0,-3.35,5201.0,1320.0,911.0
GRDBL,10/9/2022,235.6,242.0,230.0,235.0,1.73,10147.0,1320.0,911.0
GRDBL,10/10/2022,239.7,240.7,231.2,231.2,-1.62,5667.0,1320.0,911.0
GRDBL,10/11/2022,234.0,235.0,230.0,230.0,-0.52,3163.0,1320.0,911.0
GRDBL,10/12/2022,233.0,239.0,226.2,237.0,3.04,4452.0,1320.0,911.0
GRDBL,10/13/2022,237.0,241.7,235.0,235.0,-0.84,3183.0,1320.0,911.0
GRDBL,10/16/2022,235.0,238.0,228.0,237.6,1.11,4829.0,1320.0,911.0
GRDBL,10/17/2022,236.0,236.0,230.1,230.1,-3.16,3080.0,1320.0,911.0
GRDBL,10/19/2022,230.0,230.0,222.7,228.8,-0.56,4675.0,1320.0,911.0
GRDBL,10/20/2022,225.0,231.9,220.8,226.5,-1.01,2633.0,1320.0,911.0
GRDBL,10/23/2022,223.5,231.0,222.2,231.0,1.99,1702.0,1320.0,911.0
GRDBL,10/31/2022,228.0,231.5,227.0,231.5,0.22,853.0,1320.0,911.0
GRDBL,11/1/2022,227.0,244.8,227.0,243.9,5.36,14051.0,1320.0,911.0
GRDBL,11/2/2022,240.0,253.0,231.1,241.2,-1.11,5784.0,1320.0,911.0
GRDBL,11/3/2022,245.0,245.0,236.2,240.0,-0.5,760.0,1320.0,911.0
GRDBL,11/6/2022,243.0,250.0,240.1,250.0,4.17,4174.0,1320.0,911.0
GRDBL,11/7/2022,253.0,254.0,236.0,243.8,-2.48,10205.0,1320.0,911.0
GRDBL,11/8/2022,245.0,245.0,235.0,237.7,-2.5,7590.0,1320.0,911.0
GRDBL,11/9/2022,238.0,238.0,228.1,228.1,-4.04,6208.0,1320.0,911.0
GRDBL,11/10/2022,223.8,227.1,223.7,225.0,-1.36,4827.0,1320.0,911.0
GRDBL,11/13/2022,229.0,229.5,222.0,228.1,1.38,2996.0,1320.0,911.0
GRDBL,11/14/2022,227.9,236.6,225.1,233.0,2.15,2811.0,1320.0,911.0
GRDBL,11/15/2022,233.9,234.0,224.5,224.5,-3.65,4338.0,1320.0,911.0
GRDBL,11/16/2022,223.0,233.4,223.0,230.0,2.45,1085.0,1320.0,911.0
GRDBL,11/17/2022,232.0,239.0,230.0,239.0,3.91,5167.0,1320.0,911.0
GRDBL,11/22/2022,242.0,243.7,231.0,233.0,-2.51,4739.0,1320.0,911.0
GRDBL,11/23/2022,233.0,233.0,229.9,232.9,-0.04,1141.0,1320.0,911.0
GRDBL,11/24/2022,233.0,238.0,230.5,235.0,0.9,2278.0,1320.0,911.0
GRDBL,11/27/2022,235.0,242.5,231.1,242.5,3.19,5758.0,1320.0,911.0
GRDBL,11/28/2022,239.0,240.2,235.0,239.5,-1.24,4872.0,1320.0,911.0
GRDBL,11/29/2022,234.8,241.9,234.8,241.9,1.0,4262.0,1320.0,911.0
GRDBL,11/30/2022,237.1,239.0,237.1,237.1,-1.98,723.0,1320.0,911.0
GRDBL,12/1/2022,232.5,240.0,232.5,240.0,1.22,687.0,1320.0,911.0
GRDBL,12/4/2022,238.0,241.0,236.0,236.1,-1.62,6790.0,1320.0,911.0
GRDBL,12/5/2022,232.0,235.0,230.0,230.0,-2.58,1810.0,1320.0,911.0
GRDBL,12/6/2022,225.6,231.9,225.6,231.6,0.7,4470.0,1320.0,911.0
GRDBL,12/7/2022,227.0,230.9,227.0,228.0,-1.55,1890.0,1320.0,911.0
GRDBL,12/11/2022,228.0,228.0,221.5,222.2,-2.54,4728.0,1320.0,911.0
GRDBL,12/12/2022,223.0,235.0,223.0,234.6,5.58,5181.0,1320.0,911.0
GRDBL,12/13/2022,230.0,234.5,225.4,234.5,-0.04,2050.0,1320.0,911.0
GRDBL,12/14/2022,239.1,243.8,225.2,233.0,-0.64,1982.0,1320.0,911.0
GRDBL,12/15/2022,230.0,233.0,227.0,227.0,-2.58,1567.0,1320.0,911.0
GRDBL,12/18/2022,230.0,230.0,222.5,226.0,-0.44,397.0,1320.0,911.0
GRDBL,12/19/2022,226.0,228.0,223.1,228.0,0.88,463.0,1320.0,911.0
GRDBL,12/20/2022,225.1,230.6,225.1,228.0,0.0,1917.0,1320.0,911.0
GRDBL,12/21/2022,223.6,231.5,223.1,231.5,1.54,580.0,1320.0,911.0
GRDBL,12/22/2022,227.1,229.0,221.6,224.1,-3.2,3993.0,1320.0,911.0
GRDBL,12/26/2022,228.5,237.6,228.5,237.0,5.76,10672.0,1320.0,911.0
GRDBL,12/27/2022,241.7,251.3,240.0,244.7,3.25,7631.0,1320.0,911.0
GRDBL,12/28/2022,249.5,249.5,235.0,239.7,-2.04,10156.0,1320.0,911.0
GRDBL,12/29/2022,244.4,253.9,234.2,245.0,2.21,11647.0,1320.0,911.0
GRDBL,1/1/2023,249.9,260.0,244.2,249.9,2.0,18938.0,1320.0,911.0
GRDBL,1/2/2023,245.0,270.0,245.0,265.0,6.04,19824.0,1320.0,911.0
GRDBL,1/3/2023,270.3,276.9,256.0,268.0,1.13,14648.0,1320.0,911.0
GRDBL,1/4/2023,268.0,275.1,263.7,270.0,0.75,13416.0,1320.0,911.0
GRDBL,1/5/2023,275.0,291.7,268.1,279.0,3.33,20009.0,1320.0,911.0
GRDBL,1/8/2023,280.0,287.0,270.0,278.0,-0.36,16581.0,1320.0,911.0
GRDBL,1/9/2023,278.0,290.0,278.0,287.0,3.24,21308.0,1320.0,911.0
GRDBL,1/10/2023,292.7,311.0,280.0,299.0,4.18,37615.0,1320.0,911.0
GRDBL,1/12/2023,304.0,304.9,282.0,282.0,-5.69,13374.0,1320.0,911.0
GRDBL,1/17/2023,282.0,293.0,276.4,289.5,2.66,15881.0,1320.0,911.0
GRDBL,1/18/2023,285.1,298.8,278.4,285.0,-1.55,22424.0,1320.0,911.0
GRDBL,1/19/2023,279.5,296.0,279.5,286.0,0.35,16319.0,1320.0,911.0
GRDBL,1/23/2023,291.7,291.7,277.4,283.0,-1.05,10233.0,1320.0,911.0
GRDBL,1/24/2023,279.8,285.0,274.0,279.3,-1.31,7216.0,1320.0,911.0
GRDBL,1/25/2023,275.6,290.4,275.6,287.0,2.76,10704.0,1320.0,911.0
GRDBL,1/26/2023,285.0,289.0,282.0,286.0,-0.35,6467.0,1320.0,911.0
GRDBL,1/29/2023,280.4,295.0,280.4,284.0,-0.7,4729.0,1320.0,911.0
GRDBL,1/30/2023,278.6,294.9,272.9,272.9,-3.91,8297.0,1320.0,911.0
GRDBL,1/31/2023,274.0,275.0,268.0,271.0,-0.7,4128.0,1320.0,911.0
GRDBL,2/1/2023,265.6,271.0,263.1,271.0,0.0,3736.0,1320.0,911.0
GRDBL,2/2/2023,267.2,276.4,266.0,266.0,-1.85,4525.0,1320.0,911.0
GRDBL,2/5/2023,262.0,271.3,262.0,267.0,0.38,4885.0,1320.0,911.0
GRDBL,2/6/2023,262.1,272.3,262.0,269.0,0.75,5516.0,1320.0,911.0
GRDBL,2/7/2023,274.3,286.0,266.1,285.0,5.95,9601.0,1320.0,911.0
GRDBL,2/8/2023,286.0,294.0,283.1,286.0,0.35,13281.0,1320.0,911.0
GRDBL,2/9/2023,281.0,291.7,277.0,290.0,1.4,9381.0,1320.0,911.0
GRDBL,2/12/2023,285.0,285.0,276.0,280.0,-3.45,11570.0,1320.0,911.0
GRDBL,2/14/2023,285.0,285.0,270.0,270.0,-3.57,7350.0,1320.0,911.0
GRDBL,2/15/2023,275.4,275.4,265.0,265.0,-1.85,4777.0,1320.0,911.0
GRDBL,2/16/2023,265.0,265.0,260.0,262.0,-1.13,7620.0,1320.0,911.0
GRDBL,2/20/2023,267.2,267.2,253.0,253.0,-3.44,4000.0,1320.0,911.0
GRDBL,2/22/2023,258.0,273.9,258.0,269.2,6.4,4744.0,1320.0,911.0
GRDBL,2/23/2023,263.9,265.0,255.0,259.2,-3.71,5877.0,1320.0,911.0
GRDBL,2/26/2023,254.1,278.9,249.0,278.9,7.6,8997.0,1320.0,911.0
GRDBL,2/27/2023,280.0,280.0,263.7,271.0,-2.83,9304.0,1320.0,911.0
GRDBL,2/28/2023,266.1,272.0,262.3,266.0,-1.85,3424.0,1320.0,911.0
GRDBL,3/1/2023,261.0,266.2,260.0,261.0,-1.88,2033.0,1320.0,911.0
GRDBL,3/2/2023,256.0,261.0,256.0,257.0,-1.53,2393.0,1320.0,911.0
GRDBL,3/5/2023,251.9,265.9,249.0,250.0,-2.72,4164.0,1320.0,911.0
GRDBL,3/7/2023,245.2,261.1,245.2,256.9,2.76,2152.0,1320.0,911.0
GRDBL,3/9/2023,254.0,267.4,254.0,267.0,3.93,4859.0,1320.0,911.0
GRDBL,3/12/2023,267.0,267.0,258.0,260.0,-2.62,3275.0,1320.0,911.0
GRDBL,3/13/2023,254.8,265.1,250.2,257.5,-0.96,2211.0,1320.0,911.0
GRDBL,3/14/2023,262.6,277.7,247.5,267.5,3.88,16271.0,1320.0,911.0
GRDBL,3/15/2023,262.2,278.0,257.0,278.0,3.93,4919.0,1320.0,911.0
GRDBL,3/16/2023,272.5,283.0,261.8,265.0,-4.68,6107.0,1320.0,911.0
GRDBL,3/19/2023,260.0,265.0,256.0,261.0,-1.51,1824.0,1320.0,911.0
GRDBL,3/20/2023,264.9,265.0,260.0,265.0,1.53,3149.0,1320.0,911.0
GRDBL,3/22/2023,262.0,268.0,256.8,267.9,1.09,4602.0,1320.0,911.0
GRDBL,3/23/2023,267.9,267.9,256.0,256.8,-4.14,3605.0,1320.0,911.0
GRDBL,3/26/2023,261.9,277.8,246.0,250.9,-2.3,5238.0,1320.0,911.0
GRDBL,3/27/2023,252.0,263.1,249.0,263.0,4.82,4757.0,1320.0,911.0
GRDBL,3/28/2023,268.0,268.0,260.0,261.0,-0.76,1095.0,1320.0,911.0
GRDBL,3/29/2023,257.0,258.0,256.0,258.0,-1.15,1048.0,1320.0,911.0
GRDBL,3/30/2023,258.0,262.0,251.0,256.0,-0.78,2946.0,1320.0,911.0
GRDBL,4/2/2023,258.0,261.0,250.0,250.0,-2.34,3536.0,1320.0,911.0
GRDBL,4/3/2023,250.0,254.0,245.0,246.2,-1.52,3388.0,1320.0,911.0
GRDBL,4/4/2023,246.0,251.1,246.0,247.0,0.32,2882.0,1320.0,911.0
GRDBL,4/5/2023,250.0,254.0,245.0,250.0,1.21,3179.0,1320.0,911.0
GRDBL,4/6/2023,255.0,255.0,245.5,245.6,-1.76,1244.0,1320.0,911.0
GRDBL,4/9/2023,245.0,259.0,236.0,237.0,-3.5,4694.0,1320.0,911.0
GRDBL,4/10/2023,236.0,257.5,235.5,245.5,3.59,1334.0,1320.0,911.0
GRDBL,4/11/2023,243.0,258.9,243.0,251.5,2.44,7539.0,1320.0,911.0
GRDBL,4/12/2023,256.5,264.0,255.5,264.0,4.97,3903.0,1320.0,911.0
GRDBL,4/13/2023,268.0,268.0,254.8,255.3,-3.3,4535.0,1320.0,911.0
GRDBL,4/16/2023,257.0,261.4,249.1,250.0,-2.08,4580.0,1320.0,911.0
GRDBL,4/17/2023,252.0,260.0,246.0,246.0,-1.6,1546.0,1320.0,911.0
GRDBL,4/18/2023,242.1,256.6,242.0,245.1,-0.37,2578.0,1320.0,911.0
GRDBL,4/19/2023,250.0,260.1,245.1,247.0,0.78,13916.0,1320.0,911.0
GRDBL,4/20/2023,251.9,260.8,251.9,252.8,2.35,9928.0,1320.0,911.0
GRDBL,4/23/2023,254.0,264.0,251.9,252.5,-0.12,10486.0,1320.0,911.0
GRDBL,4/24/2023,250.0,260.0,250.0,256.0,1.39,1694.0,1320.0,911.0
GRDBL,4/25/2023,260.0,260.0,253.0,258.0,0.78,1244.0,1320.0,911.0
GRDBL,4/26/2023,261.9,261.9,252.3,254.0,-1.55,517.0,1320.0,911.0
GRDBL,4/27/2023,259.0,264.1,251.0,251.0,-1.18,972.0,1320.0,911.0
GRDBL,4/30/2023,256.0,259.0,250.0,250.1,-0.36,4861.0,1320.0,911.0
GRDBL,5/2/2023,255.1,255.1,247.0,247.0,-1.24,455.0,1320.0,911.0
GRDBL,5/3/2023,251.9,262.0,242.1,248.0,0.4,3651.0,1320.0,911.0
GRDBL,5/4/2023,252.0,263.0,248.1,249.0,0.4,730.0,1320.0,911.0
GRDBL,5/7/2023,253.9,258.8,241.1,241.2,-3.13,1113.0,1320.0,911.0
GRDBL,5/8/2023,240.0,253.2,240.0,240.4,-0.33,2452.0,1320.0,911.0
GRDBL,5/9/2023,245.2,253.7,236.0,238.0,-1.0,1557.0,1320.0,911.0
GRDBL,5/10/2023,242.7,256.0,239.2,239.3,0.55,2639.0,1320.0,911.0
GRDBL,5/11/2023,244.0,248.7,240.0,242.0,1.13,1461.0,1320.0,911.0
GRDBL,5/14/2023,242.0,248.0,240.0,240.0,-0.83,3012.0,1320.0,911.0
GRDBL,5/15/2023,244.8,244.8,238.2,242.0,0.83,1051.0,1320.0,911.0
GRDBL,5/16/2023,245.0,253.0,238.3,240.0,-0.83,367.0,1320.0,911.0
GRDBL,5/17/2023,244.8,252.0,244.5,246.0,2.5,1537.0,1320.0,911.0
GRDBL,5/18/2023,250.9,255.9,249.0,255.9,4.02,2529.0,1320.0,911.0
GRDBL,5/21/2023,258.0,261.0,247.1,247.1,-3.44,4539.0,1320.0,911.0
GRDBL,5/22/2023,243.0,256.0,243.0,253.0,2.39,2870.0,1320.0,911.0
GRDBL,5/23/2023,258.0,264.5,255.0,263.0,3.95,13840.0,1320.0,911.0
GRDBL,5/24/2023,268.2,268.2,259.0,259.1,-1.48,2690.0,1320.0,911.0
GRDBL,5/28/2023,264.0,269.0,252.0,252.2,-2.66,3156.0,1320.0,911.0
GRDBL,5/30/2023,257.0,257.0,240.0,241.0,-4.44,8834.0,1320.0,911.0
GRDBL,5/31/2023,245.8,255.0,245.5,245.5,1.87,30308.0,1320.0,911.0
GRDBL,6/1/2023,250.4,258.9,247.0,257.0,4.68,3927.0,1320.0,911.0
GRDBL,6/4/2023,255.0,268.0,255.0,260.0,1.17,3615.0,1320.0,911.0
GRDBL,6/5/2023,260.0,268.0,256.4,256.4,-1.38,3812.0,1320.0,911.0
GRDBL,6/6/2023,261.0,266.2,253.3,257.2,0.31,2504.0,1320.0,911.0
GRDBL,6/7/2023,262.3,266.0,255.5,260.9,1.44,2511.0,1320.0,911.0
GRDBL,6/8/2023,255.7,266.0,253.0,253.0,-3.03,3829.0,1320.0,911.0
GRDBL,6/11/2023,258.0,275.0,258.0,269.0,6.32,14518.0,1320.0,911.0
GRDBL,6/12/2023,274.0,284.0,272.5,275.0,2.23,18994.0,1320.0,911.0
GRDBL,6/13/2023,275.0,291.0,275.0,285.1,3.67,16636.0,1320.0,911.0
GRDBL,6/14/2023,290.8,296.6,277.4,280.0,-1.79,11692.0,1320.0,911.0
GRDBL,6/15/2023,285.6,291.3,275.0,278.5,-0.54,2064.0,1320.0,911.0
GRDBL,6/18/2023,280.0,284.0,274.4,279.0,0.18,3352.0,1320.0,911.0
GRDBL,6/19/2023,284.0,291.7,282.0,288.0,3.23,10782.0,1320.0,911.0
GRDBL,6/20/2023,293.7,300.0,280.0,282.0,-2.08,13639.0,1320.0,911.0
GRDBL,6/21/2023,287.6,295.5,264.6,279.9,-0.74,8258.0,1320.0,911.0
GRDBL,6/22/2023,285.4,291.1,267.2,272.5,-2.64,4152.0,1320.0,911.0
GRDBL,6/25/2023,277.9,290.5,0.0,287.0,5.32,12682.0,1320.0,911.0
GRDBL,6/26/2023,292.7,298.5,284.5,286.0,-0.35,12510.0,1320.0,911.0
GRDBL,6/27/2023,289.0,302.0,289.0,301.9,5.56,31603.0,1320.0,911.0
GRDBL,6/28/2023,307.9,320.2,298.0,300.0,-0.63,22858.0,1320.0,911.0
GRDBL,7/2/2023,306.0,306.0,291.0,291.0,-3.0,11841.0,1320.0,911.0
GRDBL,7/3/2023,285.2,305.0,285.2,294.1,1.07,21592.0,1320.0,911.0
GRDBL,7/4/2023,299.9,305.0,288.4,298.0,1.33,4184.0,1320.0,911.0
GRDBL,7/5/2023,303.9,305.0,294.0,297.0,-0.34,20319.0,1320.0,911.0
GRDBL,7/6/2023,300.0,306.0,292.0,299.0,0.67,8927.0,1320.0,911.0
GRDBL,7/9/2023,304.9,310.9,300.1,303.0,1.34,4603.0,1320.0,911.0
GRDBL,7/10/2023,309.0,309.0,299.0,303.9,0.3,2586.0,1320.0,911.0
GRDBL,7/11/2023,309.9,321.0,305.0,314.0,3.32,15003.0,1320.0,911.0
GRDBL,7/12/2023,317.0,320.2,314.1,318.0,1.27,6515.0,1320.0,911.0
GRDBL,7/13/2023,324.3,330.0,303.3,310.0,-2.52,9948.0,1320.0,911.0
GRDBL,7/16/2023,316.2,316.2,300.0,306.0,-1.29,3682.0,1320.0,911.0
GRDBL,7/17/2023,311.9,330.0,304.0,320.0,4.58,8929.0,1320.0,911.0
GRDBL,7/18/2023,326.4,331.0,315.0,319.9,-0.03,8726.0,1320.0,911.0
GRDBL,7/19/2023,326.2,326.2,315.0,319.5,-0.13,5820.0,1320.0,911.0
GRDBL,7/20/2023,325.0,325.0,316.0,317.9,-0.5,10913.0,1320.0,911.0
GRDBL,7/23/2023,324.2,329.9,317.9,329.8,3.74,5926.0,1320.0,911.0
GRDBL,7/24/2023,323.5,335.0,317.1,324.0,-1.76,6801.0,1320.0,911.0
GRDBL,7/25/2023,329.9,329.9,308.7,319.0,-1.54,14086.0,1320.0,911.0
GRDBL,7/26/2023,322.9,340.1,307.1,340.0,6.58,12929.0,1320.0,911.0
GRDBL,7/27/2023,333.2,337.0,324.0,326.0,-4.12,14364.0,1320.0,911.0
GRDBL,7/30/2023,332.0,332.0,295.8,314.0,-3.68,4197.0,1320.0,911.0
GRDBL,7/31/2023,320.2,331.5,312.5,315.0,0.32,5170.0,1320.0,911.0
GRDBL,8/1/2023,321.3,333.5,310.0,315.9,0.29,4231.0,1320.0,911.0
GRDBL,8/2/2023,319.0,326.4,309.7,326.3,3.29,13404.0,1320.0,911.0
GRDBL,8/3/2023,326.0,331.0,319.1,320.0,-1.93,6831.0,1320.0,911.0
GRDBL,8/6/2023,314.0,338.1,304.3,309.0,-3.44,12879.0,1320.0,911.0
GRDBL,8/7/2023,314.0,325.0,309.7,315.0,1.94,15647.0,1320.0,911.0
GRDBL,8/8/2023,310.0,326.0,309.7,310.5,-1.43,3890.0,1320.0,911.0
GRDBL,8/9/2023,316.7,327.0,304.3,327.0,5.31,17984.0,1320.0,911.0
GRDBL,8/10/2023,333.4,333.4,304.5,310.0,-5.2,4145.0,1320.0,911.0
GRDBL,8/13/2023,316.2,327.5,316.2,320.7,3.45,12306.0,1320.0,911.0
GRDBL,8/14/2023,327.1,331.0,318.8,324.9,1.31,1938.0,1320.0,911.0
GRDBL,8/15/2023,331.0,332.0,310.1,318.1,-2.09,5946.0,1320.0,911.0
GRDBL,8/16/2023,324.0,324.0,309.1,310.0,-2.55,20556.0,1320.0,911.0
GRDBL,8/17/2023,316.2,329.0,304.2,318.8,2.84,10721.0,1320.0,911.0
GRDBL,8/20/2023,312.5,319.9,310.0,310.0,-2.76,2156.0,1320.0,911.0
GRDBL,8/21/2023,316.2,321.9,305.4,305.4,-1.48,779.0,1320.0,911.0
GRDBL,8/22/2023,311.5,317.0,305.0,310.0,1.51,2563.0,1320.0,911.0
GRDBL,8/23/2023,316.2,322.5,307.8,310.4,0.13,2287.0,1320.0,911.0
GRDBL,8/24/2023,313.5,313.5,307.0,310.0,-0.13,5121.0,1320.0,911.0
GRDBL,8/27/2023,304.0,310.0,295.0,295.0,-4.84,8031.0,1320.0,911.0
GRDBL,8/28/2023,290.1,305.8,290.1,294.2,-0.27,3617.0,1320.0,911.0
GRDBL,8/29/2023,300.0,300.0,294.8,297.9,1.26,3159.0,1320.0,911.0
GRDBL,8/30/2023,297.0,300.0,294.5,299.0,0.37,733.0,1320.0,911.0
GRDBL,9/3/2023,304.7,304.7,289.0,289.1,-3.31,565.0,1320.0,911.0
GRDBL,9/4/2023,289.9,301.0,286.0,299.7,3.67,5243.0,1320.0,911.0
GRDBL,9/5/2023,305.6,305.6,292.3,297.0,-0.9,290.0,1320.0,911.0
GRDBL,9/7/2023,300.9,302.0,280.0,291.1,-1.99,70.0,1320.0,911.0
GRDBL,9/10/2023,296.0,301.8,295.0,300.0,3.06,1065.0,1320.0,911.0
GRDBL,9/11/2023,306.0,317.0,305.3,316.9,5.63,9437.0,1320.0,911.0
GRDBL,9/12/2023,310.6,320.0,305.0,309.9,-2.21,644.0,1320.0,911.0
GRDBL,9/13/2023,315.9,322.2,309.0,322.0,3.9,5790.0,1320.0,911.0
GRDBL,9/17/2023,328.0,328.0,310.0,315.6,-1.99,7904.0,1320.0,911.0
GRDBL,9/18/2023,309.3,320.0,309.3,318.0,0.76,3486.0,1320.0,911.0
GRDBL,9/19/2023,324.3,329.9,313.5,319.9,0.6,1445.0,1320.0,911.0
GRDBL,9/21/2023,326.0,351.0,320.0,344.0,7.53,10724.0,1320.0,911.0
GRDBL,9/24/2023,337.2,343.0,328.3,331.0,-3.78,1785.0,1320.0,911.0
GRDBL,9/25/2023,328.0,328.0,321.5,325.0,-1.81,1987.0,1320.0,911.0
GRDBL,9/26/2023,319.1,331.5,319.1,323.4,-0.49,2842.0,1320.0,911.0
GRDBL,9/27/2023,329.8,349.8,317.1,324.0,0.19,4372.0,1320.0,911.0
GRDBL,10/1/2023,317.6,320.0,312.0,313.0,-3.4,4841.0,1320.0,911.0
GRDBL,10/2/2023,319.2,330.0,306.8,322.9,3.16,4995.0,1320.0,911.0
GRDBL,10/3/2023,316.5,329.0,316.5,322.0,-0.28,1242.0,1320.0,911.0
GRDBL,10/4/2023,328.4,328.4,317.0,320.0,-0.62,1584.0,1320.0,911.0
GRDBL,10/5/2023,315.1,317.0,313.8,313.9,-1.91,6267.0,1320.0,911.0
GRDBL,10/8/2023,310.0,316.0,308.1,312.0,-0.61,9003.0,1320.0,911.0
GRDBL,10/9/2023,312.0,313.0,309.1,313.0,0.32,5803.0,1320.0,911.0
GRDBL,10/10/2023,308.0,317.0,295.0,317.0,1.28,23613.0,1320.0,911.0
GRDBL,10/11/2023,317.0,317.0,303.9,306.2,-3.41,4005.0,1320.0,911.0
GRDBL,10/12/2023,302.0,305.0,296.4,300.0,-2.02,5602.0,1320.0,911.0
GRDBL,10/16/2023,300.0,300.0,290.0,290.0,-3.33,4505.0,1320.0,911.0
GRDBL,10/17/2023,290.0,302.0,290.0,290.0,0.0,4055.0,1320.0,911.0
GRDBL,10/18/2023,295.8,300.0,295.0,296.5,2.24,1076.0,1320.0,911.0
GRDBL,10/19/2023,302.4,308.0,296.4,299.8,1.11,1195.0,1320.0,911.0
GRDBL,10/29/2023,294.3,300.0,294.0,294.2,-1.87,595.0,1320.0,911.0
GRDBL,10/30/2023,300.0,302.0,290.1,297.0,0.95,1578.0,1320.0,911.0
GRDBL,10/31/2023,302.9,308.9,292.1,292.2,-1.62,974.0,1320.0,911.0
GRDBL,11/1/2023,298.0,303.0,287.1,297.5,1.81,1151.0,1320.0,911.0
GRDBL,11/2/2023,297.0,297.0,291.1,297.0,-0.17,1978.0,1320.0,911.0
GRDBL,11/5/2023,291.1,300.0,285.0,286.0,-3.7,2971.0,1320.0,911.0
GRDBL,11/6/2023,291.7,300.0,286.3,291.6,1.96,1248.0,1320.0,911.0
GRDBL,11/7/2023,297.4,303.0,288.2,288.2,-1.17,2267.0,1320.0,911.0
GRDBL,11/8/2023,293.4,304.9,293.4,298.0,3.4,1411.0,1320.0,911.0
GRDBL,11/9/2023,303.9,303.9,289.1,291.0,-2.35,1892.0,1320.0,911.0
GRDBL,11/20/2023,296.8,301.0,292.0,292.0,0.34,1600.0,1320.0,911.0
GRDBL,11/21/2023,297.8,303.7,287.1,287.1,-1.68,2959.0,1320.0,911.0
GRDBL,11/22/2023,292.8,301.0,282.2,297.9,3.76,260.0,1320.0,911.0
GRDBL,11/23/2023,303.0,303.0,293.0,297.0,-0.3,1173.0,1320.0,911.0
GRDBL,11/26/2023,302.9,302.9,294.0,301.0,1.35,7223.0,1320.0,911.0
GRDBL,11/27/2023,307.0,307.0,296.6,297.0,-1.33,5490.0,1320.0,911.0
GRDBL,11/28/2023,302.9,310.0,302.9,309.0,4.04,5752.0,1320.0,911.0
GRDBL,11/29/2023,315.1,321.0,302.3,303.1,-1.91,5126.0,1320.0,911.0
GRDBL,11/30/2023,309.0,309.0,298.1,298.1,-1.65,3333.0,1320.0,911.0
GRDBL,12/3/2023,304.0,304.0,287.2,300.0,0.64,3523.0,1320.0,911.0
GRDBL,12/4/2023,294.0,304.0,294.0,298.0,-0.67,4119.0,1320.0,911.0
GRDBL,12/5/2023,303.9,303.9,284.2,289.0,-3.02,6767.0,1320.0,911.0
GRDBL,12/6/2023,294.7,299.8,286.1,294.9,2.04,1076.0,1320.0,911.0
GRDBL,12/7/2023,300.0,300.0,289.3,297.0,0.71,2311.0,1320.0,911.0
GRDBL,12/10/2023,302.9,325.0,302.9,302.9,1.99,540.0,1320.0,911.0
GRDBL,12/11/2023,306.1,318.4,305.0,314.0,3.66,7911.0,1320.0,911.0
GRDBL,12/12/2023,307.8,320.1,307.7,317.7,1.18,6926.0,1320.0,911.0
GRDBL,12/13/2023,323.9,323.9,311.5,317.5,-0.06,6640.0,1320.0,911.0
GRDBL,12/14/2023,320.0,324.9,315.0,324.9,2.33,11443.0,1320.0,911.0
GRDBL,12/17/2023,319.0,333.0,317.0,333.0,2.49,11309.0,1320.0,911.0
GRDBL,12/18/2023,339.6,344.0,334.0,339.0,1.8,9797.0,1320.0,911.0
GRDBL,12/19/2023,344.0,344.0,333.0,342.0,0.88,4751.0,1320.0,911.0
GRDBL,12/20/2023,348.0,348.0,335.0,339.9,-0.61,10893.0,1320.0,911.0
GRDBL,12/21/2023,340.0,342.8,330.1,334.0,-1.74,10061.0,1320.0,911.0
GRDBL,12/24/2023,328.0,340.0,326.1,329.8,-1.26,5238.0,1320.0,911.0
GRDBL,12/27/2023,335.0,335.0,320.9,327.0,-0.85,5415.0,1320.0,911.0
GRDBL,12/28/2023,333.5,340.0,323.4,323.5,-1.07,3386.0,1320.0,911.0
GRDBL,1/1/2024,329.9,335.0,324.0,324.0,0.15,4952.0,1320.0,911.0
GRDBL,1/2/2024,318.0,330.4,318.0,320.0,-1.23,5273.0,1320.0,911.0
GRDBL,1/3/2024,326.4,329.0,321.0,324.0,1.25,3091.0,1320.0,911.0
GRDBL,1/4/2024,320.0,338.1,320.0,331.3,2.25,14504.0,1320.0,911.0
GRDBL,1/7/2024,337.0,337.0,317.3,318.5,-3.86,1920.0,1320.0,911.0
GRDBL,1/8/2024,324.8,330.0,313.0,321.0,0.78,8212.0,1320.0,911.0
GRDBL,1/9/2024,327.4,353.1,323.0,353.0,9.97,30114.0,1320.0,911.0
GRDBL,1/10/2024,360.0,381.7,354.0,359.0,1.7,17789.0,1320.0,911.0
GRDBL,1/11/2024,361.0,361.0,350.0,353.0,-1.67,5341.0,1320.0,911.0
GRDBL,1/14/2024,347.0,367.2,347.0,356.0,0.85,8772.0,1320.0,911.0
GRDBL,1/16/2024,363.0,380.0,363.0,368.9,3.62,27850.0,1320.0,911.0
GRDBL,1/17/2024,368.0,376.0,356.1,362.0,-1.87,18702.0,1320.0,911.0
GRDBL,1/18/2024,368.9,368.9,353.0,357.3,-1.3,10318.0,1320.0,911.0
GRDBL,1/21/2024,361.0,373.0,352.4,353.0,-1.2,8718.0,1320.0,911.0
GRDBL,1/22/2024,346.0,353.9,334.5,335.0,-5.1,3906.0,1320.0,911.0
GRDBL,1/23/2024,341.7,348.4,335.2,338.0,0.9,3694.0,1320.0,911.0
GRDBL,1/24/2024,344.7,355.0,328.0,329.1,-2.63,9237.0,1320.0,911.0
GRDBL,1/25/2024,335.6,335.6,328.6,330.0,0.27,2871.0,1320.0,911.0
GRDBL,1/28/2024,336.6,360.0,330.3,346.0,4.85,5840.0,1320.0,911.0
GRDBL,1/29/2024,345.0,351.0,341.0,344.0,-0.58,2783.0,1320.0,911.0
GRDBL,1/30/2024,350.0,350.0,343.0,343.7,-0.09,3852.0,1320.0,911.0
GRDBL,1/31/2024,337.0,350.0,334.1,334.6,-2.65,7493.0,1320.0,911.0
GRDBL,2/1/2024,328.0,341.2,325.1,327.4,-2.15,6356.0,1320.0,911.0
GRDBL,2/4/2024,323.0,345.0,323.0,340.0,3.85,7062.0,1320.0,911.0
GRDBL,2/5/2024,345.0,345.0,333.9,335.0,-1.47,4594.0,1320.0,911.0
GRDBL,2/6/2024,334.2,359.0,334.2,350.0,4.48,9865.0,1320.0,911.0
GRDBL,2/7/2024,357.0,359.7,352.1,352.1,0.6,8148.0,1320.0,911.0
GRDBL,2/8/2024,350.0,372.0,350.0,365.1,3.69,14259.0,1320.0,911.0
GRDBL,2/11/2024,370.0,393.6,370.0,370.2,1.4,27194.0,1320.0,911.0
GRDBL,2/12/2024,370.3,379.8,365.1,377.0,1.84,17661.0,1320.0,911.0
GRDBL,2/13/2024,369.5,373.0,358.7,358.7,-4.85,15078.0,1320.0,911.0
GRDBL,2/14/2024,365.6,383.0,365.6,374.4,4.38,12880.0,1320.0,911.0
GRDBL,2/15/2024,367.1,376.9,367.0,374.0,-0.11,8675.0,1320.0,911.0
GRDBL,2/18/2024,366.6,371.9,358.0,360.9,-3.5,43731.0,1320.0,911.0
GRDBL,2/20/2024,365.0,368.0,356.9,363.7,0.78,5341.0,1320.0,911.0
GRDBL,2/21/2024,368.0,368.0,346.5,358.3,-1.48,10059.0,1320.0,911.0
GRDBL,2/22/2024,362.9,364.2,351.3,358.5,0.06,12143.0,1320.0,911.0
GRDBL,2/25/2024,352.2,365.0,341.0,359.9,0.39,16538.0,1320.0,911.0
GRDBL,2/26/2024,352.8,364.4,352.3,360.0,0.03,4483.0,1320.0,911.0
GRDBL,2/27/2024,360.0,364.9,349.0,358.0,-0.56,10743.0,1320.0,911.0
GRDBL,2/28/2024,359.9,359.9,347.5,356.9,-0.31,4964.0,1320.0,911.0
GRDBL,2/29/2024,364.0,364.0,343.0,348.9,-2.24,7044.0,1320.0,911.0
GRDBL,3/3/2024,350.0,350.0,340.1,349.0,0.03,3014.0,1320.0,911.0
GRDBL,3/4/2024,355.9,363.0,355.9,363.0,4.01,80.0,1320.0,911.0
GRDBL,3/5/2024,370.2,370.2,348.0,348.0,-4.13,8702.0,1320.0,911.0
GRDBL,3/6/2024,341.1,365.9,341.0,365.0,4.89,17050.0,1320.0,911.0
GRDBL,3/7/2024,358.0,367.2,358.0,361.0,-1.1,8524.0,1320.0,911.0
GRDBL,3/10/2024,368.0,374.2,358.7,374.2,3.66,13607.0,1320.0,911.0
GRDBL,3/12/2024,374.0,379.9,370.1,376.0,0.48,9524.0,1320.0,911.0
GRDBL,3/13/2024,380.0,380.0,370.0,371.0,-1.33,5527.0,1320.0,911.0
GRDBL,3/14/2024,366.0,374.0,366.0,367.1,-1.05,10569.0,1320.0,911.0
GRDBL,3/17/2024,370.0,400.0,370.0,392.0,6.78,58791.0,1320.0,911.0
GRDBL,3/18/2024,399.8,402.0,390.0,393.4,0.36,19169.0,1320.0,911.0
GRDBL,3/19/2024,401.0,401.0,386.3,386.5,-1.75,14876.0,1320.0,911.0
GRDBL,3/20/2024,383.0,392.0,375.3,375.6,-2.82,16743.0,1320.0,911.0
GRDBL,3/21/2024,375.6,384.8,370.1,376.3,0.19,16794.0,1320.0,911.0
GRDBL,3/25/2024,368.0,369.0,362.5,364.1,-3.24,7779.0,1320.0,911.0
GRDBL,3/26/2024,368.4,378.0,366.0,368.5,1.21,13759.0,1320.0,911.0
GRDBL,3/27/2024,366.1,378.0,361.0,362.1,-1.74,8321.0,1320.0,911.0
GRDBL,3/28/2024,368.0,372.0,362.0,365.1,0.83,6206.0,1320.0,911.0
GRDBL,3/31/2024,361.0,373.9,360.0,373.9,2.41,14976.0,1320.0,911.0
GRDBL,4/1/2024,378.9,378.9,365.0,365.0,-2.38,10905.0,1320.0,911.0
GRDBL,4/2/2024,372.3,372.3,363.5,363.5,-0.41,9061.0,1320.0,911.0
GRDBL,4/3/2024,358.0,370.7,358.0,363.5,0.0,2681.0,1320.0,911.0
GRDBL,4/4/2024,370.0,370.0,360.0,364.2,0.19,4007.0,1320.0,911.0
GRDBL,4/7/2024,371.4,378.0,365.0,374.0,2.69,10708.0,1320.0,911.0
GRDBL,4/9/2024,380.0,385.0,372.4,380.8,1.82,16175.0,1320.0,911.0
GRDBL,4/10/2024,387.0,387.0,371.3,379.5,-0.34,22177.0,1320.0,911.0
GRDBL,4/14/2024,372.1,386.9,372.1,378.0,-0.4,12827.0,1320.0,911.0
GRDBL,4/15/2024,375.0,408.0,375.0,388.5,2.78,32306.0,1320.0,911.0
GRDBL,4/16/2024,396.2,417.8,389.0,408.0,5.02,89808.0,1320.0,911.0
GRDBL,4/18/2024,403.0,410.0,395.3,400.0,-1.96,13365.0,1320.0,911.0
GRDBL,4/21/2024,408.0,408.0,387.2,404.0,1.0,23770.0,1320.0,911.0
GRDBL,4/22/2024,410.9,410.9,386.2,390.0,-3.47,7234.0,1320.0,911.0
GRDBL,4/24/2024,382.2,408.0,382.2,397.9,2.03,20257.0,1320.0,911.0
GRDBL,4/25/2024,390.0,407.0,390.0,399.9,0.5,27491.0,1320.0,911.0
GRDBL,4/28/2024,395.0,410.0,395.0,407.0,1.78,33122.0,1320.0,911.0
GRDBL,4/29/2024,415.1,427.0,406.8,422.0,3.69,52655.0,1320.0,911.0
GRDBL,4/30/2024,430.3,464.2,430.0,457.0,8.29,82353.0,1320.0,911.0
GRDBL,5/2/2024,450.0,454.5,432.5,433.7,-5.1,30083.0,1320.0,911.0
GRDBL,5/5/2024,435.0,438.5,408.3,417.9,-3.64,67387.0,1320.0,911.0
GRDBL,5/6/2024,413.0,441.0,412.0,433.0,3.61,50153.0,1320.0,911.0
GRDBL,5/7/2024,440.0,440.0,421.4,429.9,-0.72,14169.0,1320.0,911.0
GRDBL,5/8/2024,436.5,437.9,425.0,436.0,1.42,22666.0,1320.0,911.0
GRDBL,5/9/2024,440.5,444.9,428.0,436.0,0.0,45509.0,1320.0,911.0
GRDBL,5/12/2024,428.1,453.0,428.1,438.9,0.67,28515.0,1320.0,911.0
GRDBL,5/13/2024,430.2,457.0,423.5,441.0,0.48,35172.0,1320.0,911.0
GRDBL,5/14/2024,432.2,448.8,432.2,435.0,-1.36,15002.0,1320.0,911.0
GRDBL,5/15/2024,443.6,443.6,429.0,432.0,-0.69,21102.0,1320.0,911.0
GRDBL,5/16/2024,439.9,439.9,426.3,433.0,0.23,16707.0,1320.0,911.0
GRDBL,5/19/2024,441.6,441.6,424.4,435.0,0.46,40987.0,1320.0,911.0
GRDBL,5/20/2024,443.7,443.7,428.0,434.9,-0.02,20602.0,1320.0,911.0
GRDBL,5/21/2024,435.0,440.0,431.0,439.0,0.94,10043.0,1320.0,911.0
GRDBL,5/22/2024,439.0,446.0,435.0,440.0,0.23,23433.0,1320.0,911.0
GRDBL,5/26/2024,432.4,439.0,429.0,432.0,-1.82,8058.0,1320.0,911.0
GRDBL,5/27/2024,425.1,438.8,425.0,430.0,-0.46,5388.0,1320.0,911.0
GRDBL,5/29/2024,437.9,438.4,424.0,424.0,-1.4,9154.0,1320.0,911.0
GRDBL,5/30/2024,419.0,429.5,419.0,429.5,1.3,6539.0,1320.0,911.0
GRDBL,6/2/2024,434.9,438.0,422.5,438.0,1.98,12314.0,1320.0,911.0
GRDBL,6/3/2024,440.0,445.9,430.0,434.0,-0.91,9697.0,1320.0,911.0
GRDBL,6/4/2024,430.0,442.5,428.0,428.0,-1.38,7722.0,1320.0,911.0
GRDBL,6/5/2024,423.0,434.0,423.0,434.0,1.4,7234.0,1320.0,911.0
GRDBL,6/6/2024,425.4,442.0,425.4,427.2,-1.57,6772.0,1320.0,911.0
GRDBL,6/9/2024,428.0,436.5,422.0,424.0,-0.75,7891.0,1320.0,911.0
GRDBL,6/10/2024,432.0,439.9,417.0,427.0,0.71,9057.0,1320.0,911.0
GRDBL,6/11/2024,435.5,443.0,421.2,440.0,3.04,12986.0,1320.0,911.0
GRDBL,6/12/2024,431.2,443.0,431.2,436.1,-0.89,10213.0,1320.0,911.0
GRDBL,6/13/2024,444.8,470.0,427.3,446.0,2.27,35533.0,1320.0,911.0
GRDBL,6/16/2024,438.0,454.9,435.3,444.0,-0.45,14101.0,1320.0,911.0
GRDBL,6/18/2024,449.7,449.7,432.1,433.5,-2.36,13234.0,1320.0,911.0
GRDBL,6/19/2024,442.1,445.0,433.3,438.0,1.04,2795.0,1320.0,911.0
GRDBL,6/20/2024,442.0,442.0,420.2,420.3,-4.04,11490.0,1320.0,911.0
GRDBL,6/23/2024,424.1,443.7,424.1,443.7,5.57,17750.0,1320.0,911.0
GRDBL,6/24/2024,442.9,461.0,441.1,449.9,1.4,26393.0,1320.0,911.0
GRDBL,6/25/2024,450.0,463.0,446.2,455.0,1.13,32115.0,1320.0,911.0
GRDBL,6/26/2024,457.0,457.0,442.0,443.1,-2.62,21936.0,1320.0,911.0
GRDBL,6/27/2024,444.1,458.0,440.0,440.0,-0.7,20382.0,1320.0,911.0
GRDBL,6/30/2024,440.0,448.0,438.5,439.0,-0.23,7175.0,1320.0,911.0
GRDBL,7/1/2024,447.7,453.0,439.0,445.9,1.57,7113.0,1320.0,911.0
GRDBL,7/2/2024,454.0,472.2,442.1,457.4,2.58,25800.0,1320.0,911.0
GRDBL,7/3/2024,465.0,494.0,447.5,486.9,6.45,68476.0,1320.0,911.0
GRDBL,7/4/2024,496.6,515.0,490.0,503.0,3.31,36403.0,1320.0,911.0
GRDBL,7/7/2024,500.0,508.0,487.0,489.0,-2.78,37160.0,1320.0,911.0
GRDBL,7/8/2024,489.4,495.0,480.3,492.0,0.61,21001.0,1320.0,911.0
GRDBL,7/9/2024,498.0,512.0,491.1,503.6,2.36,28538.0,1320.0,911.0
GRDBL,7/10/2024,511.0,511.0,490.0,492.9,-2.12,22534.0,1320.0,911.0
GRDBL,7/11/2024,493.0,505.5,493.0,498.2,1.08,25605.0,1320.0,911.0
GRDBL,7/14/2024,508.1,508.1,497.0,497.0,-0.24,21719.0,1320.0,911.0
GRDBL,7/15/2024,505.0,505.0,489.0,491.0,-1.21,15351.0,1320.0,911.0
GRDBL,7/16/2024,497.9,540.1,489.0,540.1,10.0,57151.0,1320.0,911.0
GRDBL,7/17/2024,550.9,561.0,540.1,550.0,1.83,46830.0,1320.0,911.0
GRDBL,7/18/2024,550.0,559.0,535.1,535.5,-2.64,28832.0,1320.0,911.0
GRDBL,7/21/2024,535.5,545.0,525.0,528.1,-1.38,38766.0,1320.0,911.0
GRDBL,7/22/2024,523.1,534.0,515.0,531.0,0.55,36246.0,1320.0,911.0
GRDBL,7/23/2024,535.0,540.0,526.3,539.8,1.66,29625.0,1320.0,911.0
GRDBL,7/24/2024,543.0,552.0,530.0,533.9,-1.09,35787.0,1320.0,911.0
GRDBL,7/25/2024,535.0,555.0,535.0,547.0,2.45,29226.0,1320.0,911.0
GRDBL,7/28/2024,557.9,569.4,537.1,565.0,3.29,41927.0,1320.0,911.0
GRDBL,7/29/2024,560.1,580.9,557.0,567.1,0.37,54917.0,1320.0,911.0
GRDBL,7/30/2024,568.0,590.0,564.0,583.0,2.8,31521.0,1320.0,911.0
GRDBL,7/31/2024,594.0,630.0,582.0,605.0,3.77,42333.0,1320.0,911.0
GRDBL,8/1/2024,592.9,612.0,575.0,591.0,-2.31,46136.0,1320.0,911.0
GRDBL,8/5/2024,591.0,603.8,576.3,596.7,0.96,34808.0,1320.0,911.0
GRDBL,8/6/2024,600.0,600.0,538.0,555.1,-6.97,35848.0,1320.0,911.0
GRDBL,8/7/2024,555.0,587.5,546.2,572.0,3.04,28403.0,1320.0,911.0
GRDBL,8/8/2024,580.0,594.9,561.0,562.0,-1.75,49472.0,1320.0,911.0
GRDBL,8/11/2024,573.0,590.0,569.0,580.0,3.2,27234.0,1320.0,911.0
GRDBL,8/12/2024,580.0,591.6,572.0,591.0,1.9,36244.0,1320.0,911.0
GRDBL,8/13/2024,586.0,595.0,575.5,580.0,-1.86,33648.0,1320.0,911.0
GRDBL,8/14/2024,571.0,607.0,571.0,597.0,2.93,23619.0,1320.0,911.0
GRDBL,8/15/2024,608.0,637.0,608.0,631.0,5.7,90457.0,1320.0,911.0
GRDBL,8/18/2024,640.0,673.0,632.0,649.8,2.98,101494.0,1320.0,911.0
GRDBL,8/21/2024,660.0,714.7,645.0,712.0,9.57,78688.0,1320.0,911.0
GRDBL,8/22/2024,726.2,783.2,720.0,770.0,8.15,86611.0,1320.0,911.0
GRDBL,8/25/2024,785.0,829.0,755.0,771.2,0.16,109373.0,1320.0,911.0
GRDBL,8/27/2024,770.0,805.0,760.0,766.0,-0.67,67201.0,1320.0,911.0
GRDBL,8/28/2024,780.0,793.0,770.0,771.0,0.65,25237.0,1320.0,911.0
GRDBL,8/29/2024,778.0,786.4,762.0,767.1,-0.51,25435.0,1320.0,911.0
GRDBL,9/1/2024,767.0,782.0,759.0,770.0,0.38,19611.0,1320.0,911.0
GRDBL,9/2/2024,773.0,787.0,772.0,784.0,1.82,24122.0,1320.0,911.0
GRDBL,9/3/2024,799.6,862.4,780.0,862.4,10.0,95423.0,1320.0,911.0
GRDBL,9/4/2024,879.6,914.0,851.0,867.0,0.53,43656.0,1320.0,911.0
GRDBL,9/5/2024,851.0,872.0,835.1,853.0,-1.61,24022.0,1320.0,911.0
GRDBL,9/8/2024,838.0,860.0,836.0,836.3,-1.96,22513.0,1320.0,911.0
GRDBL,9/9/2024,831.0,840.0,785.2,804.7,-3.78,36628.0,1320.0,911.0
GRDBL,9/10/2024,790.0,804.0,777.0,778.0,-3.32,13318.0,1320.0,911.0
GRDBL,9/11/2024,789.0,789.0,757.1,769.9,-1.04,12854.0,1320.0,911.0
GRDBL,9/12/2024,769.0,807.0,769.0,805.0,4.56,15245.0,1320.0,911.0
GRDBL,9/15/2024,800.0,817.0,759.0,774.9,-3.74,16174.0,1320.0,911.0
GRDBL,9/16/2024,790.3,806.1,726.4,726.4,-6.26,15770.0,1320.0,911.0
GRDBL,9/18/2024,720.0,761.0,702.7,715.0,-1.57,13746.0,1320.0,911.0
GRDBL,9/22/2024,729.0,730.0,696.0,709.0,-0.84,9030.0,1320.0,911.0
GRDBL,9/23/2024,723.0,750.0,644.5,661.1,-6.76,10744.0,1320.0,911.0
GRDBL,9/24/2024,648.0,685.0,621.0,623.0,-5.76,18936.0,1320.0,911.0
GRDBL,9/25/2024,635.4,666.0,626.0,660.0,5.94,8050.0,1320.0,911.0
GRDBL,9/26/2024,655.0,680.0,650.0,659.0,-0.15,5850.0,1320.0,911.0
GRDBL,9/29/2024,646.0,669.5,617.4,645.0,-2.12,21822.0,1320.0,911.0
GRDBL,9/30/2024,632.3,689.5,632.3,675.8,4.78,3037.0,1320.0,911.0
GRDBL,10/1/2024,680.0,742.0,680.0,742.0,9.8,37773.0,1320.0,911.0
GRDBL,10/2/2024,756.8,756.8,686.0,708.0,-4.58,21172.0,1320.0,911.0
GRDBL,10/6/2024,700.0,736.4,693.0,723.2,2.15,19670.0,1320.0,911.0
GRDBL,10/7/2024,737.0,777.0,728.0,730.0,0.94,10317.0,1320.0,911.0
GRDBL,10/8/2024,716.1,744.6,700.0,712.0,-2.47,14274.0,1320.0,911.0
GRDBL,10/9/2024,700.2,723.0,698.0,714.5,0.35,6121.0,1320.0,911.0
GRDBL,10/15/2024,728.4,728.5,715.0,727.0,1.75,4400.0,1320.0,911.0
GRDBL,10/16/2024,740.0,740.0,718.0,725.0,-0.28,13512.0,1320.0,911.0
GRDBL,10/17/2024,720.0,734.8,714.0,715.0,-1.38,9886.0,1320.0,911.0
GRDBL,10/20/2024,701.0,728.9,701.0,711.0,-0.56,12573.0,1320.0,911.0
GRDBL,10/21/2024,702.0,757.3,702.0,729.9,2.66,20937.0,1320.0,911.0
GRDBL,10/22/2024,717.0,748.6,717.0,738.0,1.11,11249.0,1320.0,911.0
GRDBL,10/23/2024,738.0,765.0,728.0,743.0,0.68,11056.0,1320.0,911.0
GRDBL,10/24/2024,730.1,744.7,702.0,719.9,-3.11,9150.0,1320.0,911.0
GRDBL,10/27/2024,732.0,734.2,708.1,723.0,0.43,6861.0,1320.0,911.0
GRDBL,10/28/2024,730.0,740.0,716.0,731.0,1.11,8432.0,1320.0,911.0
GRDBL,10/29/2024,744.9,775.0,732.0,775.0,6.02,17461.0,1320.0,911.0
GRDBL,10/30/2024,777.0,830.0,761.5,780.0,0.65,13387.0,1320.0,911.0
GRDBL,11/5/2024,766.0,782.6,750.7,766.0,-1.79,12553.0,1320.0,911.0
GRDBL,11/6/2024,766.0,809.0,763.3,795.0,3.79,17778.0,1320.0,911.0
GRDBL,11/10/2024,795.0,850.0,790.0,837.9,5.4,33550.0,1320.0,911.0
GRDBL,11/11/2024,845.0,845.0,798.8,810.0,-3.33,16534.0,1320.0,911.0
GRDBL,11/12/2024,826.0,835.0,794.0,824.0,1.73,15841.0,1320.0,911.0
GRDBL,11/13/2024,815.0,906.4,809.0,896.5,8.8,60946.0,1320.0,911.0
GRDBL,11/14/2024,910.0,914.0,878.6,898.9,0.27,29537.0,1320.0,911.0
GRDBL,11/17/2024,912.0,929.0,879.0,900.0,0.12,34200.0,1320.0,911.0
GRDBL,11/19/2024,882.0,965.0,866.3,893.0,-0.78,24561.0,1320.0,911.0
GRDBL,11/20/2024,910.8,965.4,867.1,962.1,7.74,58806.0,1320.0,911.0
GRDBL,11/21/2024,974.0,974.0,916.0,937.9,-2.52,19944.0,1320.0,911.0
GRDBL,11/24/2024,922.0,934.0,890.0,913.5,-2.6,26825.0,1320.0,911.0
GRDBL,11/25/2024,929.8,951.0,899.7,935.0,2.35,25108.0,1320.0,911.0
GRDBL,11/26/2024,935.0,950.0,916.0,933.9,-0.12,40622.0,1320.0,911.0
GRDBL,11/27/2024,952.5,1027.2,915.3,1027.2,9.99,111064.0,1320.0,911.0
GRDBL,11/28/2024,1047.7,1097.5,1021.2,1026.0,-0.12,42098.0,1320.0,911.0
GRDBL,12/1/2024,1026.0,1128.6,1005.5,1128.6,10.0,83613.0,1320.0,911.0
GRDBL,12/2/2024,1151.1,1201.0,1131.0,1150.0,1.9,58344.0,1320.0,911.0
GRDBL,12/3/2024,1160.0,1173.0,1072.0,1120.0,-2.61,46541.0,1320.0,911.0
GRDBL,12/4/2024,1097.6,1111.0,1059.0,1075.0,-4.02,19547.0,1320.0,911.0
GRDBL,12/5/2024,1070.0,1084.9,1039.0,1039.0,-3.35,22306.0,1320.0,911.0
GRDBL,12/8/2024,1059.7,1113.0,1035.2,1040.0,0.1,21295.0,1320.0,911.0
GRDBL,12/9/2024,1060.8,1060.8,1000.1,1007.1,-3.16,30027.0,1320.0,911.0
GRDBL,12/10/2024,1027.2,1045.0,990.0,1015.0,0.78,12778.0,1320.0,911.0
GRDBL,12/11/2024,1035.3,1053.9,996.0,1032.9,1.76,14974.0,1320.0,911.0
GRDBL,12/12/2024,1045.0,1045.0,986.1,1000.0,-3.19,30465.0,1320.0,911.0
GRDBL,12/16/2024,1000.0,1017.9,972.0,997.0,-0.3,26173.0,1320.0,911.0
GRDBL,12/17/2024,995.7,1013.0,966.0,988.0,-0.9,18251.0,1320.0,911.0
GRDBL,12/18/2024,999.0,1067.0,970.0,1011.0,2.33,19695.0,1320.0,911.0
GRDBL,12/19/2024,1020.0,1029.0,987.0,1003.0,-0.79,16663.0,1320.0,911.0
GRDBL,12/22/2024,1010.0,1010.0,967.0,989.0,-1.4,14502.0,1320.0,911.0
GRDBL,12/23/2024,970.0,1001.0,969.0,989.3,0.03,15976.0,1320.0,911.0
GRDBL,12/24/2024,971.0,1086.0,971.0,1048.0,5.93,29952.0,1320.0,911.0
GRDBL,12/26/2024,1027.1,1027.1,943.2,960.0,-8.4,49688.0,1320.0,911.0
GRDBL,12/29/2024,945.0,980.0,875.0,880.0,-8.33,31005.0,1320.0,911.0
GRDBL,12/31/2024,897.0,897.0,822.0,880.0,0.0,18231.0,1320.0,911.0
GRDBL,1/1/2025,887.4,933.1,880.0,913.5,3.81,12964.0,1320.0,911.0
GRDBL,1/2/2025,914.0,1004.8,914.0,998.1,9.26,79298.0,1320.0,911.0
GRDBL,1/5/2025,1018.0,1090.3,1015.0,1015.0,1.69,46264.0,1320.0,911.0
GRDBL,1/6/2025,1034.0,1109.0,1034.0,1085.0,6.9,37182.0,1320.0,911.0
GRDBL,1/7/2025,1106.7,1176.0,1080.0,1174.0,8.2,37742.0,1320.0,911.0
GRDBL,1/8/2025,1197.4,1290.0,1176.0,1255.0,6.9,54945.0,1320.0,911.0
GRDBL,1/9/2025,1280.0,1305.6,1215.1,1215.1,-3.18,102560.0,1320.0,911.0
GRDBL,1/12/2025,1192.0,1215.0,1112.0,1132.0,-6.84,16588.0,1320.0,911.0
GRDBL,1/13/2025,1131.0,1182.0,1110.0,1143.0,0.97,32014.0,1320.0,911.0
GRDBL,1/15/2025,1165.8,1244.0,1165.0,1216.0,6.39,28334.0,1320.0,911.0
GRDBL,1/16/2025,1234.0,1234.0,1170.0,1184.0,-2.63,22462.0,1320.0,911.0
GRDBL,1/19/2025,1162.2,1239.3,1159.0,1198.9,1.26,21931.0,1320.0,911.0
GRDBL,1/20/2025,1199.9,1231.0,1160.0,1224.0,2.09,23369.0,1320.0,911.0
GRDBL,1/21/2025,1223.0,1323.6,1165.1,1273.9,4.08,64520.0,1320.0,911.0
GRDBL,1/22/2025,1248.5,1399.7,1200.0,1398.9,9.81,77396.0,1320.0,911.0
GRDBL,1/23/2025,1397.9,1498.7,1371.0,1480.0,5.8,75464.0,1320.0,911.0
GRDBL,1/26/2025,1479.0,1564.0,1422.0,1555.0,5.07,82885.0,1320.0,911.0
GRDBL,1/27/2025,1555.0,1710.0,1535.2,1710.0,9.97,69208.0,1320.0,911.0
GRDBL,1/28/2025,1675.8,1871.2,1587.7,1850.0,8.19,101708.0,1320.0,911.0
GRDBL,2/2/2025,1813.0,2001.4,1665.0,2001.4,8.18,121147.0,1320.0,911.0
GRDBL,2/3/2025,1961.4,1961.4,1801.3,1801.3,-10.0,2697.0,1320.0,911.0
GRDBL,2/4/2025,1765.3,1765.3,1621.2,1621.2,-10.0,24627.0,1320.0,911.0
GRDBL,2/5/2025,1588.8,1588.8,1459.1,1543.0,-4.82,139366.0,1320.0,911.0
GRDBL,2/6/2025,1512.2,1542.0,1423.4,1500.0,-2.79,88839.0,1320.0,911.0
GRDBL,2/9/2025,1475.0,1524.9,1405.2,1477.0,-1.53,54590.0,1320.0,911.0
GRDBL,2/10/2025,1448.0,1492.9,1399.5,1420.0,-3.86,49011.0,1320.0,911.0
GRDBL,2/11/2025,1400.0,1498.3,1400.0,1498.3,5.51,33989.0,1320.0,911.0
GRDBL,2/12/2025,1528.2,1632.0,1500.0,1610.0,7.46,70031.0,1320.0,911.0
GRDBL,2/13/2025,1625.0,1648.0,1547.5,1580.0,-1.86,41354.0,1320.0,911.0
GRDBL,2/16/2025,1549.0,1643.8,1469.1,1535.0,-2.85,55890.0,1320.0,911.0
GRDBL,2/17/2025,1504.3,1558.0,1425.9,1470.0,-4.23,62823.0,1320.0,911.0
GRDBL,2/18/2025,1442.0,1469.7,1374.0,1386.5,-5.68,51733.0,1320.0,911.0
GRDBL,2/20/2025,1361.0,1392.0,1345.0,1380.0,-0.47,11325.0,1320.0,911.0
GRDBL,2/23/2025,1352.4,1387.0,1332.0,1387.0,0.51,19056.0,1320.0,911.0
GRDBL,2/24/2025,1404.0,1497.3,1335.7,1426.0,2.81,73971.0,1320.0,911.0
GRDBL,2/25/2025,1401.0,1419.0,1314.2,1381.0,-3.16,97298.0,1320.0,911.0
GRDBL,2/27/2025,1408.6,1408.6,1327.1,1330.0,-3.69,46556.0,1320.0,911.0
GRDBL,3/2/2025,1356.0,1449.9,1303.4,1435.0,7.89,96382.0,1320.0,911.0
GRDBL,3/3/2025,1435.0,1459.0,1400.0,1434.8,-0.01,34112.0,1320.0,911.0
GRDBL,3/4/2025,1434.8,1486.1,1378.9,1459.9,1.75,38747.0,1320.0,911.0
GRDBL,3/5/2025,1430.8,1430.8,1350.0,1360.0,-6.84,32897.0,1320.0,911.0
GRDBL,3/6/2025,1387.0,1414.7,1340.0,1351.0,-0.66,12046.0,1320.0,911.0
GRDBL,3/9/2025,1377.9,1377.9,1330.1,1353.0,0.15,18375.0,1320.0,911.0
GRDBL,3/10/2025,1340.0,1390.0,1340.0,1387.7,2.56,28040.0,1320.0,911.0
GRDBL,3/11/2025,1387.0,1511.6,1339.7,1421.0,2.4,94410.0,1320.0,911.0
GRDBL,3/12/2025,1392.6,1417.0,1313.2,1366.0,-3.87,38092.0,1320.0,911.0
GRDBL,3/16/2025,1338.7,1338.7,1229.4,1258.0,-7.91,60607.0,1320.0,911.0
GRDBL,3/17/2025,1283.1,1367.0,1251.1,1325.0,5.33,29815.0,1320.0,911.0
GRDBL,3/18/2025,1301.0,1357.9,1301.0,1343.6,1.4,24003.0,1320.0,911.0
GRDBL,3/19/2025,1370.4,1452.0,1370.0,1437.6,7.0,107826.0,1320.0,911.0
GRDBL,3/20/2025,1466.3,1494.5,1412.0,1467.87,2.11,47622.0,1320.0,911.0
GRDBL,3/23/2025,1470.0,1477.0,1368.5,1404.15,-4.34,48565.0,1320.0,911.0
GRDBL,3/24/2025,1376.1,1426.0,1351.0,1397.53,-0.47,34886.0,1320.0,911.0
GRDBL,3/25/2025,1372.4,1395.0,1316.0,1371.35,-1.87,35413.0,1320.0,911.0
GRDBL,3/26/2025,1345.0,1391.2,1345.0,1376.6,0.38,18411.0,1320.0,911.0
GRDBL,3/27/2025,1385.0,1428.0,1357.3,1424.93,3.51,133304.0,1320.0,911.0
GRDBL,3/30/2025,1370.0,1393.9,1320.7,1335.91,-6.25,21774.0,1320.0,911.0
GRDBL,4/1/2025,1309.2,1389.0,1309.2,1325.62,-0.77,19209.0,1320.0,911.0
GRDBL,4/2/2025,1300.0,1364.0,1300.0,1334.79,0.69,24150.0,1320.0,911.0
GRDBL,4/3/2025,1323.0,1354.0,1320.0,1323.15,-0.87,26437.0,1320.0,911.0
GRDBL,4/7/2025,1325.0,1325.0,1274.5,1280.1,-3.25,9622.0,1320.0,911.0
GRDBL,4/8/2025,1262.3,1314.9,1262.0,1278.5,-0.12,8576.0,1320.0,911.0
GRDBL,4/9/2025,1253.0,1352.5,1253.0,1265.62,-1.01,3475.0,1320.0,911.0
GRDBL,4/10/2025,1251.2,1315.9,1251.2,1254.43,-0.88,30285.0,1320.0,911.0
GRDBL,4/13/2025,1230.0,1265.9,1230.0,1237.38,-1.36,8291.0,1320.0,911.0
GRDBL,4/15/2025,1215.3,1361.1,1215.3,1361.1,10.0,33052.0,1320.0,911.0
GRDBL,4/16/2025,1388.3,1469.8,1388.3,1449.4,6.49,50737.0,1320.0,911.0
GRDBL,4/17/2025,1450.0,1557.4,1415.0,1447.86,-0.11,53633.0,1320.0,911.0
GRDBL,4/20/2025,1419.1,1505.5,1368.2,1449.69,0.13,27025.0,1320.0,911.0
GRDBL,4/21/2025,1420.7,1436.0,1365.0,1392.33,-3.96,17155.0,1320.0,911.0
GRDBL,4/22/2025,1415.0,1419.9,1391.0,1398.22,0.42,14818.0,1320.0,911.0
GRDBL,4/23/2025,1371.0,1412.0,1350.0,1359.94,-2.74,11217.0,1320.0,911.0
GRDBL,4/24/2025,1333.1,1386.0,1283.1,1294.03,-4.85,16088.0,1320.0,911.0
GRDBL,4/27/2025,1319.9,1344.0,1255.0,1312.75,1.45,28117.0,1320.0,911.0
GRDBL,4/28/2025,1286.6,1444.0,1260.9,1404.31,6.97,36453.0,1320.0,911.0
GRDBL,4/29/2025,1376.3,1376.3,1272.0,1295.33,-7.76,10079.0,1320.0,911.0
GRDBL,4/30/2025,1270.0,1319.0,1251.0,1259.22,-2.79,10020.0,1320.0,911.0
GRDBL,5/4/2025,1284.4,1284.4,1225.0,1228.18,-2.47,10361.0,1320.0,911.0
GRDBL,5/5/2025,1250.0,1250.0,1190.0,1193.64,-2.81,13787.0,1320.0,911.0
GRDBL,5/6/2025,1170.0,1198.0,1127.0,1146.73,-3.93,16651.0,1320.0,911.0
GRDBL,5/7/2025,1123.8,1220.0,1095.1,1193.84,4.11,10552.0,1320.0,911.0
GRDBL,5/8/2025,1170.0,1193.0,1140.0,1148.09,-3.83,6071.0,1320.0,911.0
GRDBL,5/11/2025,1126.1,1144.0,1100.0,1113.58,-3.01,11412.0,1320.0,911.0
GRDBL,5/13/2025,1125.0,1163.0,1120.3,1132.05,1.66,7355.0,1320.0,911.0
GRDBL,5/14/2025,1110.2,1162.9,1088.0,1103.11,-2.56,15860.0,1320.0,911.0
GRDBL,5/15/2025,1102.0,1102.0,1020.1,1037.12,-5.98,35925.0,1320.0,911.0
GRDBL,5/18/2025,1038.0,1038.0,944.0,965.12,-6.94,15331.0,1320.0,911.0
GRDBL,5/19/2025,946.0,1061.6,946.0,1056.45,9.46,22147.0,1320.0,911.0
GRDBL,5/20/2025,1077.5,1162.0,1060.1,1161.83,9.97,20124.0,1320.0,911.0
GRDBL,5/21/2025,1185.0,1278.0,1175.0,1177.56,1.35,31193.0,1320.0,911.0
GRDBL,5/22/2025,1198.1,1246.4,1156.0,1162.03,-1.32,28880.0,1320.0,911.0
GRDBL,5/25/2025,1138.8,1147.0,1110.5,1116.52,-3.92,6069.0,1320.0,911.0
GRDBL,5/26/2025,1137.7,1183.6,1108.4,1119.85,0.3,9876.0,1320.0,911.0
GRDBL,5/27/2025,1142.0,1231.8,1138.0,1231.8,10.0,55556.0,1320.0,911.0
GRDBL,5/28/2025,1256.4,1354.9,1256.4,1353.14,9.85,73067.0,1320.0,911.0
GRDBL,6/2/2025,1380.2,1400.0,1319.0,1333.2,-1.47,22127.0,1320.0,911.0
GRDBL,6/3/2025,1322.0,1359.0,1286.0,1304.39,-2.16,21443.0,1320.0,911.0
GRDBL,6/4/2025,1282.1,1327.0,1282.1,1303.59,-0.06,11699.0,1320.0,911.0
GRDBL,6/5/2025,1281.0,1355.0,1248.0,1252.71,-3.9,51430.0,1320.0,911.0
GRDBL,6/8/2025,1275.0,1325.0,1275.0,1306.43,4.29,24362.0,1320.0,911.0
GRDBL,6/9/2025,1332.0,1332.0,1266.2,1274.6,-2.44,27838.0,1320.0,911.0
GRDBL,6/10/2025,1251.0,1324.0,1251.0,1259.6,-1.18,16005.0,1320.0,911.0
GRDBL,6/11/2025,1284.7,1308.0,1200.0,1213.57,-3.65,47479.0,1320.0,911.0
GRDBL,6/12/2025,1237.0,1262.5,1150.0,1156.58,-4.7,27530.0,1320.0,911.0
GRDBL,6/15/2025,1179.0,1272.2,1142.0,1272.2,10.0,26754.0,1320.0,911.0
GRDBL,6/16/2025,1297.6,1311.0,1247.0,1265.27,-0.54,20787.0,1320.0,911.0
GRDBL,6/17/2025,1245.0,1285.0,1240.1,1255.73,-0.75,4961.0,1320.0,911.0
GRDBL,6/18/2025,1230.7,1248.1,1200.0,1207.22,-3.86,12016.0,1320.0,911.0
GRDBL,6/19/2025,1184.1,1259.0,1147.0,1171.31,-2.97,21746.0,1320.0,911.0
GRDBL,6/22/2025,1180.0,1245.9,1126.0,1173.86,0.22,35178.0,1320.0,911.0
GRDBL,6/23/2025,1191.5,1232.0,1160.0,1165.11,-0.75,12293.0,1320.0,911.0
GRDBL,6/24/2025,1182.0,1182.0,1142.0,1155.16,-0.85,11827.0,1320.0,911.0
GRDBL,6/25/2025,1178.2,1200.0,1155.0,1192.48,3.23,13394.0,1320.0,911.0
GRDBL,6/26/2025,1208.0,1311.7,1194.0,1301.97,9.18,59961.0,1320.0,911.0
GRDBL,6/29/2025,1328.0,1380.0,1320.1,1366.42,4.95,49032.0,1320.0,911.0
GRDBL,6/30/2025,1393.0,1393.0,1294.0,1302.86,-4.65,34518.0,1320.0,911.0
GRDBL,7/1/2025,1300.0,1422.9,1280.0,1378.98,5.84,39855.0,1320.0,911.0
GRDBL,7/2/2025,1406.5,1516.8,1393.0,1516.8,9.99,108518.0,1320.0,911.0
GRDBL,7/3/2025,1547.1,1668.4,1547.1,1609.01,6.08,69023.0,1320.0,911.0
GRDBL,7/6/2025,1580.0,1629.9,1448.1,1471.03,-8.58,64331.0,1320.0,911.0
GRDBL,7/7/2025,1500.0,1500.0,1324.0,1331.41,-9.49,143353.0,1320.0,911.0
GRDBL,7/8/2025,1358.0,1464.1,1330.0,1392.95,4.62,21305.0,1320.0,911.0
GRDBL,7/9/2025,1420.8,1420.8,1297.0,1331.59,-4.41,14023.0,1320.0,911.0
GRDBL,7/10/2025,1331.0,1397.0,1312.1,1385.94,4.08,30332.0,1320.0,911.0
GRDBL,7/13/2025,1413.6,1441.0,1335.0,1348.03,-2.74,28780.0,1320.0,911.0
GRDBL,7/14/2025,1374.8,1377.0,1330.0,1337.22,-0.8,17017.0,1320.0,911.0
GRDBL,7/15/2025,1316.0,1390.9,1316.0,1371.52,2.57,14220.0,1320.0,911.0
GRDBL,7/16/2025,1344.1,1503.5,1344.1,1486.87,8.41,70620.0,1320.0,911.0
GRDBL,7/17/2025,1457.2,1579.0,1373.0,1485.09,-0.12,69393.0,1320.0,911.0
GRDBL,7/20/2025,1485.0,1494.0,1456.0,1477.33,-0.52,26008.0,1320.0,911.0
GRDBL,7/21/2025,1448.0,1480.0,1329.6,1329.6,-10.0,68573.0,1320.0,911.0
GRDBL,7/22/2025,1303.1,1378.0,1196.7,1300.44,-2.19,71044.0,1320.0,911.0
GRDBL,7/23/2025,1276.0,1325.0,1170.4,1244.99,-4.26,77307.0,1320.0,911.0
GRDBL,7/24/2025,1222.1,1295.0,1200.0,1263.49,1.49,41950.0,1320.0,911.0
GRDBL,7/27/2025,1270.0,1270.0,1221.0,1247.04,-1.3,28400.0,1320.0,911.0
GRDBL,7/28/2025,1245.0,1337.0,1223.1,1308.68,4.94,44822.0,1320.0,911.0
GRDBL,7/29/2025,1313.0,1390.0,1280.0,1356.64,3.66,36395.0,1320.0,911.0
GRDBL,7/30/2025,1356.64,1356.64,1235.0,1247.62,-8.04,66213.0,1320.0,911.0
GRDBL,7/31/2025,1272.5,1372.3,1272.5,1371.34,9.92,74829.0,1320.0,911.0
GRDBL,8/3/2025,1398.7,1398.7,1300.0,1307.26,-4.67,23891.0,1320.0,911.0
GRDBL,8/4/2025,1328.0,1333.0,1267.2,1280.49,-2.05,21977.0,1320.0,911.0
GRDBL,8/5/2025,1285.0,1310.7,1238.0,1246.95,-2.62,11759.0,1320.0,911.0
GRDBL,8/6/2025,1248.0,1284.0,1248.0,1256.0,0.73,11722.0,1320.0,911.0
GRDBL,8/7/2025,1281.0,1283.0,1239.0,1247.65,-0.66,19265.0,1320.0,911.0
GRDBL,8/11/2025,1248.0,1290.0,1207.1,1217.19,-2.44,17376.0,1320.0,911.0
GRDBL,8/12/2025,1218.0,1225.0,1137.0,1169.65,-3.91,31300.0,1320.0,911.0
GRDBL,8/13/2025,1150.0,1220.9,1150.0,1203.14,2.86,18876.0,1320.0,911.0
GRDBL,8/14/2025,1186.0,1249.2,1186.0,1217.21,1.17,10713.0,1320.0,911.0
GRDBL,8/17/2025,1193.0,1220.0,1150.0,1158.96,-4.79,15916.0,1320.0,911.0
GRDBL,8/18/2025,1165.0,1189.0,1152.0,1158.26,-0.06,12925.0,1320.0,911.0
GRDBL,8/19/2025,1181.4,1197.0,1159.0,1173.15,1.29,9766.0,1320.0,911.0
GRDBL,8/20/2025,1157.0,1218.0,1157.0,1178.02,0.42,18523.0,1320.0,911.0
GRDBL,8/21/2025,1198.0,1198.0,1160.0,1168.27,-0.83,12385.0,1320.0,911.0
GRDBL,8/24/2025,1149.0,1217.0,1145.0,1148.39,-1.7,10037.0,1320.0,911.0
GRDBL,8/25/2025,1150.0,1150.0,1129.0,1135.58,-1.12,8571.0,1320.0,911.0
GRDBL,8/26/2025,1140.0,1224.0,1122.6,1160.76,2.22,4648.0,1320.0,911.0
GRDBL,8/27/2025,1183.0,1205.0,1130.0,1165.83,0.44,11969.0,1320.0,911.0
GRDBL,8/28/2025,1155.6,1217.0,1155.6,1174.92,0.78,22806.0,1320.0,911.0
GRDBL,8/31/2025,1152.0,1187.0,1135.0,1147.55,-2.33,8826.0,1320.0,911.0
GRDBL,9/1/2025,1148.0,1158.9,1146.0,1150.2,0.23,2375.0,1320.0,911.0
GRDBL,9/2/2025,1129.1,1173.0,1129.1,1139.01,-0.97,5660.0,1320.0,911.0
GRDBL,9/3/2025,1117.0,1155.0,1113.0,1115.83,-2.04,9010.0,1320.0,911.0
GRDBL,9/4/2025,1110.0,1117.0,1050.0,1079.03,-3.3,16364.0,1320.0,911.0
GRDBL,9/7/2025,1060.1,1100.6,1010.0,1050.06,-2.68,33126.0,1320.0,911.0
GRDBL,9/8/2025,1031.0,1065.0,970.1,1005.25,-4.27,28818.0,1320.0,911.0
GRDBL,9/18/2025,990.0,990.0,950.6,950.6,-5.44,345.0,1320.0,911.0
GRDBL,9/21/2025,969.6,1045.6,949.0,1045.6,9.99,37385.0,1320.0,911.0
GRDBL,9/23/2025,1066.5,1150.1,1046.0,1150.1,9.99,44108.0,1320.0,911.0
GRDBL,9/24/2025,1151.0,1188.0,1095.0,1114.5,-3.1,17928.0,1320.0,911.0
GRDBL,9/25/2025,1101.0,1138.3,1070.0,1116.0,0.13,15396.0,1320.0,911.0
GRDBL,9/28/2025,1105.0,1135.0,1100.0,1119.7,0.33,8244.0,1320.0,911.0
GRDBL,10/7/2025,1097.4,1109.0,1051.0,1055.0,-5.78,10343.0,1320.0,911.0
GRDBL,10/8/2025,1050.0,1050.0,1020.0,1038.0,-1.61,18033.0,1320.0,911.0
GRDBL,10/9/2025,1058.0,1122.6,1058.0,1066.0,2.7,31547.0,1320.0,911.0
GRDBL,10/12/2025,1050.0,1106.0,1009.0,1036.9,-2.73,21159.0,1320.0,911.0
GRDBL,10/13/2025,1016.2,1087.9,1001.0,1074.9,3.66,27313.0,1320.0,911.0
GRDBL,10/14/2025,1053.5,1095.0,1025.0,1095.0,1.87,11696.0,1320.0,911.0
GRDBL,10/15/2025,1073.1,1073.1,1030.0,1040.0,-5.02,14830.0,1320.0,911.0
GRDBL,10/16/2025,1020.0,1040.0,1011.0,1011.0,-2.79,7158.0,1320.0,911.0
GRDBL,10/19/2025,998.0,1026.0,998.0,1019.9,0.88,6214.0,1320.0,911.0
GRDBL,10/26/2025,999.6,1029.0,979.7,1029.0,0.89,5124.0,1320.0,911.0
GRDBL,10/28/2025,1010.0,1077.0,1010.0,1076.0,4.57,22922.0,1320.0,911.0
GRDBL,10/29/2025,1054.5,1090.5,1041.0,1050.0,-2.42,12183.0,1320.0,911.0
GRDBL,10/30/2025,1031.0,1069.0,1031.0,1056.0,0.57,7253.0,1320.0,911.0
GRDBL,11/2/2025,1040.0,1069.0,1040.0,1056.9,0.09,14942.0,1320.0,911.0
GRDBL,11/3/2025,1041.2,1078.0,1041.2,1061.8,0.46,13848.0,1320.0,911.0
GRDBL,11/4/2025,1051.0,1069.9,1045.0,1045.0,-1.58,8467.0,1320.0,911.0
GRDBL,11/5/2025,1028.5,1069.0,1028.5,1058.0,1.24,14012.0,1320.0,911.0
GRDBL,11/6/2025,1043.0,1068.0,1043.0,1059.0,0.09,3213.0,1320.0,911.0
GRDBL,11/9/2025,1038.0,1050.0,1019.0,1039.0,-1.89,22511.0,1320.0,911.0
GRDBL,11/10/2025,1018.5,1030.0,1010.0,1020.0,-1.83,8034.0,1320.0,911.0
GRDBL,11/11/2025,1008.0,1039.8,1007.0,1017.0,-0.29,7538.0,1320.0,911.0
GRDBL,11/12/2025,1006.0,1039.8,1006.0,1025.0,0.79,5384.0,1320.0,911.0
GRDBL,11/13/2025,1020.0,1022.0,1000.0,1022.0,-0.29,10595.0,1320.0,911.0
GRDBL,11/16/2025,1002.0,1016.0,1001.0,1001.0,-2.05,2485.0,1320.0,911.0
GRDBL,11/17/2025,983.1,1090.0,983.1,1090.0,8.89,35882.0,1320.0,911.0
GRDBL,11/18/2025,1070.0,1176.6,1050.0,1115.0,2.29,49520.0,1320.0,911.0
GRDBL,11/19/2025,1095.0,1120.0,1062.0,1075.9,-3.51,24199.0,1320.0,911.0
GRDBL,11/20/2025,1060.0,1100.0,1056.0,1077.9,0.19,16477.0,1320.0,911.0
GRDBL,11/23/2025,1062.0,1131.0,1062.0,1114.0,3.35,15645.0,1320.0,911.0
GRDBL,11/24/2025,1091.8,1123.0,1091.8,1116.0,0.18,19682.0,1320.0,911.0
GRDBL,11/25/2025,1103.0,1129.0,1103.0,1119.0,0.27,11862.0,1320.0,911.0
GRDBL,11/26/2025,1105.0,1137.0,1105.0,1118.0,-0.09,19545.0,1320.0,911.0
GRDBL,11/27/2025,1140.0,1145.0,1103.0,1140.0,1.97,23324.0,1320.0,911.0
GRDBL,11/30/2025,1124.0,1169.0,1124.0,1165.0,2.19,24312.0,1320.0,911.0
GRDBL,12/1/2025,1142.0,1191.0,1142.0,1181.9,1.45,24118.0,1320.0,911.0
GRDBL,12/2/2025,1170.0,1270.9,1170.0,1218.0,3.05,50508.0,1320.0,911.0
GRDBL,12/3/2025,1200.0,1238.0,1166.3,1184.0,-2.79,19553.0,1320.0,911.0
GRDBL,12/7/2025,1160.4,1165.6,1125.3,1136.0,-4.05,37194.0,1320.0,911.0
GRDBL,12/8/2025,1130.0,1162.6,1115.0,1150.0,1.23,12575.0,1320.0,911.0
GRDBL,12/9/2025,1135.5,1171.0,1135.5,1164.8,1.29,12916.0,1320.0,911.0
GRDBL,12/10/2025,1187.0,1187.0,1148.0,1155.0,-0.84,6698.0,1320.0,911.0
GRDBL,12/11/2025,1131.9,1160.9,1131.9,1139.0,-1.39,5582.0,1320.0,911.0
GRDBL,12/14/2025,1121.0,1145.0,1121.0,1136.0,-0.26,6532.0,1320.0,911.0
GRDBL,12/15/2025,1119.0,1139.0,1115.2,1120.0,-1.41,6194.0,1320.0,911.0
GRDBL,12/16/2025,1120.0,1136.0,1111.5,1128.0,0.71,5198.0,1320.0,911.0
GRDBL,12/17/2025,1116.1,1159.7,1116.1,1153.8,2.29,11081.0,1320.0,911.0
GRDBL,12/18/2025,1130.8,1180.0,1130.8,1180.0,2.27,23577.0,1320.0,911.0
GRDBL,12/21/2025,1180.0,1180.0,1071.2,1102.0,-6.61,42037.0,1320.0,911.0
GRDBL,12/22/2025,1091.0,1107.5,1075.0,1107.5,0.5,14334.0,1320.0,911.0
GRDBL,12/23/2025,1115.0,1115.0,1091.1,1101.0,-0.59,5250.0,1320.0,911.0
GRDBL,12/24/2025,1101.0,1101.0,1071.1,1100.0,-0.09,18349.0,1320.0,911.0
GRDBL,12/28/2025,1078.0,1125.0,1078.0,1111.0,1.0,19214.0,1320.0,911.0
GRDBL,12/29/2025,1133.2,1180.0,1120.3,1176.0,5.85,50251.0,1320.0,911.0
GRDBL,12/31/2025,1190.0,1219.9,1178.0,1210.0,2.89,27832.0,1320.0,911.0
GRDBL,1/1/2026,1121.0,1159.9,1120.0,1143.7,-5.48,14297.0,1320.0,911.0
GRDBL,1/4/2026,1127.0,1150.9,1112.0,1134.0,-0.85,16481.0,1320.0,911.0
GRDBL,1/5/2026,1129.9,1220.0,1114.0,1215.0,7.14,41185.0,1320.0,911.0
GRDBL,1/6/2026,1190.7,1265.1,1137.0,1180.0,-2.88,65307.0,1320.0,911.0
GRDBL,1/7/2026,1156.4,1169.1,1125.7,1146.0,-2.88,10229.0,1320.0,911.0
GRDBL,1/8/2026,1126.0,1138.9,1118.0,1125.8,-1.76,8475.0,1320.0,911.0
GRDBL,1/12/2026,1113.0,1137.9,1111.0,1115.0,-0.96,9429.0,1320.0,911.0
GRDBL,1/13/2026,1115.0,1130.0,1100.9,1109.9,-0.46,13080.0,1320.0,911.0
GRDBL,1/14/2026,1127.9,1145.0,1105.5,1117.6,0.69,21409.0,1320.0,911.0
GRDBL,1/18/2026,1119.0,1159.9,1119.0,1150.0,2.9,17735.0,1320.0,911.0
GRDBL,1/20/2026,1128.0,1173.0,1128.0,1142.0,-0.7,53285.0,1320.0,911.0
GRDBL,1/21/2026,1150.0,1150.0,1123.0,1145.0,0.26,11010.0,1320.0,911.0
GRDBL,1/22/2026,1122.1,1148.8,1104.6,1127.5,-1.53,17812.0,1320.0,911.0
GRDBL,1/25/2026,1148.0,1182.0,1115.0,1160.0,2.88,56138.0,1320.0,911.0
GRDBL,1/26/2026,1160.0,1236.0,1138.0,1229.9,6.03,63524.0,1320.0,911.0
GRDBL,1/27/2026,1220.0,1320.0,1220.0,1258.9,2.36,60588.0,1320.0,911.0
GRDBL,1/28/2026,1258.0,1280.0,1220.3,1269.9,0.87,32720.0,1320.0,911.0
GRDBL,1/29/2026,1245.0,1290.0,1188.0,1188.5,-6.41,43774.0,1320.0,911.0
GRDBL,2/1/2026,1175.0,1188.0,1139.0,1151.0,-3.16,28456.0,1320.0,911.0
GRDBL,2/2/2026,1151.0,1204.9,1150.0,1184.3,2.89,34680.0,1320.0,911.0
GRDBL,2/3/2026,1184.0,1190.0,1149.1,1163.9,-1.72,32445.0,1320.0,911.0
GRDBL,2/4/2026,1145.0,1174.0,1140.0,1148.5,-1.32,16264.0,1320.0,911.0
GRDBL,2/5/2026,1128.0,1171.0,1128.0,1154.0,0.48,14698.0,1320.0,911.0
GRDBL,2/8/2026,1136.0,1155.0,1125.0,1127.0,-2.34,15182.0,1320.0,911.0
GRDBL,2/9/2026,1120.0,1148.9,1090.8,1092.0,-3.11,23163.0,1320.0,911.0
GRDBL,2/10/2026,1105.0,1109.0,1084.2,1089.9,-0.19,16609.0,1320.0,911.0
GRDBL,2/11/2026,1111.6,1111.6,1053.5,1068.0,-2.01,24161.0,1320.0,911.0
GRDBL,2/12/2026,1068.0,1122.0,1051.0,1093.1,2.35,18870.0,1320.0,911.0
GRDBL,2/16/2026,1114.0,1114.0,1078.0,1090.9,-0.2,12820.0,1320.0,911.0
GRDBL,2/17/2026,1075.0,1111.0,1042.0,1075.0,-1.46,21185.0,1320.0,911.0
GRDBL,2/22/2026,1062.0,1072.0,1045.0,1048.1,-2.5,10535.0,1320.0,911.0
GRDBL,2/23/2026,1030.0,1064.9,1030.0,1050.9,0.27,32821.0,1320.0,911.0
GRDBL,2/24/2026,1040.0,1085.0,1030.0,1069.5,1.77,9293.0,1320.0,911.0
GRDBL,2/25/2026,1056.1,1090.0,1049.0,1068.9,-0.06,6110.0,1320.0,911.0
GRDBL,2/26/2026,1058.0,1065.9,1050.0,1059.9,-0.84,7575.0,1320.0,911.0
GRDBL,2/27/2026,1058.0,1065.9,1050.0,1059.9,0.0,7575.0,1320.0,911.0
GRDBL,2/28/2026,1058.0,1065.9,1050.0,1059.9,0.0,7575.0,1320.0,911.0
GRDBL,3/2/2026,1050.0,1066.7,1040.2,1060.0,0.01,20773.0,1320.0,911.0
GRDBL,3/3/2026,1060.0,1081.2,1040.0,1072.0,1.13,9393.0,1320.0,911.0
GRDBL,3/4/2026,1060.0,1081.2,1040.0,1072.0,0.0,9393.0,1320.0,911.0
GRDBL,3/5/2026,1060.0,1081.2,1040.0,1072.0,0.0,9393.0,1320.0,911.0
GRDBL,3/6/2026,1060.0,1081.2,1040.0,1072.0,0.0,9393.0,1320.0,911.0
GRDBL,3/7/2026,1060.0,1081.2,1040.0,1072.0,0.0,9393.0,1320.0,911.0
GRDBL,3/8/2026,1060.0,1081.2,1040.0,1072.0,0.0,9393.0,1320.0,911.0
GRDBL,3/9/2026,1093.4,1137.5,1093.4,1137.5,6.11,340.0,1320.0,911.0
GRDBL,3/10/2026,1137.5,1157.0,1087.8,1115.0,-1.98,30893.0,1320.0,911.0
GRDBL,3/11/2026,1095.0,1134.0,1072.0,1079.9,-3.15,14972.0,1320.0,911.0
GRDBL,3/12/2026,1065.0,1094.0,1059.0,1068.3,-1.07,17629.0,1320.0,911.0
GRDBL,3/13/2026,1065.0,1094.0,1059.0,1068.3,0.0,17629.0,1320.0,911.0
GRDBL,3/14/2026,1065.0,1094.0,1059.0,1068.3,0.0,17629.0,1320.0,911.0
GRDBL,3/15/2026,1086.0,1088.0,1050.0,1088.0,1.84,15277.0,1320.0,911.0
GRDBL,3/16/2026,1070.1,1116.9,1069.1,1109.0,1.93,19671.0,1320.0,911.0
GRDBL,3/17/2026,1124.0,1124.0,1088.9,1109.0,0.0,12844.0,1320.0,911.0
GRDBL,3/18/2026,1124.0,1124.0,1088.9,1109.0,0.0,12844.0,1320.0,911.0
GRDBL,3/19/2026,1086.9,1184.9,1086.9,1166.0,5.14,41592.0,1320.0,911.0
GRDBL,3/20/2026,1086.9,1184.9,1086.9,1166.0,0.0,41592.0,1320.0,911.0
GRDBL,3/21/2026,1086.9,1184.9,1086.9,1166.0,0.0,41592.0,1320.0,911.0
GRDBL,3/22/2026,1142.7,1190.0,1142.7,1180.0,1.2,21737.0,1320.0,911.0
GRDBL,3/23/2026,1156.4,1181.0,1141.5,1154.8,-2.14,12824.0,1320.0,911.0
GRDBL,3/24/2026,1153.0,1186.0,1141.1,1176.1,1.84,38750.0,1320.0,911.0
GRDBL,3/25/2026,1199.6,1199.6,1153.0,1178.9,0.24,12388.0,1320.0,911.0
GRDBL,3/26/2026,1202.4,1202.4,1160.5,1174.0,-2.36,11732.0,1320.0,911.0
GRDBL,3/29/2026,1150.6,1209.0,1116.0,1130.0,-1.79,18694.0,1320.0,911.0
GRDBL,3/30/2026,1115.0,1149.0,1097.0,1099.0,-1.43,22799.0,1320.0,911.0
GRDBL,3/31/2026,1080.4,1208.9,1074.2,1140.0,5.52,20240.0,1320.0,911.0
GRDBL,4/1/2026,1117.2,1130.0,1070.0,1120.0,0.25,28646.0,1320.0,911.0
GRDBL,4/2/2026,1100.0,1125.0,1060.0,1095.4,-0.42,20376.0,1320.0,911.0
GRDBL,4/5/2026,1073.5,1073.5,1011.6,1011.6,-5.77,18171.0,1320.0,911.0
GRDBL,4/6/2026,1010.0,1074.9,1010.0,1067.7,5.71,9847.0,1320.0,911.0
GRDBL,4/7/2026,1050.2,1065.9,1034.4,1046.0,-0.4,12216.0,1320.0,911.0
GRDBL,4/8/2026,1033.5,1074.8,1033.5,1060.0,2.56,12134.0,1320.0,911.0
GRDBL,4/9/2026,1041.2,1080.0,1039.0,1063.0,2.09,18274.0,1320.0,911.0
GRDBL,4/10/2026,1059.0,1084.1,1050.0,1079.5,1.94,9455.0,1320.0,911.0
GRDBL,4/13/2026,1061.5,1079.7,1050.1,1060.0,-0.14,7282.0,1320.0,911.0
GRDBL,4/15/2026,1040.5,1079.0,1040.5,1067.9,2.63,7796.0,1320.0,911.0
GRDBL,4/16/2026,1050.7,1069.8,1048.0,1049.2,-0.14,8944.0,1320.0,911.0
GRDBL,4/17/2026,1036.0,1093.9,1026.0,1042.1,0.59,24182.0,1320.0,911.0
GRDBL,4/20/2026,1094.2,1094.2,1045.1,1059.9,-3.13,12789.0,1320.0,911.0
GRDBL,4/21/2026,1041.0,1074.9,1041.0,1056.1,1.45,10913.0,1320.0,911.0
GRDBL,4/22/2026,1050.0,1065.0,1046.0,1052.0,0.19,21630.0,1320.0,911.0
GRDBL,4/23/2026,1046.0,1067.0,1046.0,1057.0,1.05,5900.0,1320.0,911.0
GRDBL,4/24/2026,1046.0,1054.4,1026.0,1047.0,0.1,7339.0,1320.0,911.0
GRDBL,4/27/2026,1047.0,1148.0,1031.0,1118.8,6.86,62674.0,1320.0,911.0
GRDBL,4/28/2026,1118.8,1173.4,1115.1,1143.0,2.16,67094.0,1320.0,911.0
GRDBL,4/29/2026,1143.0,1153.0,1087.0,1100.0,-3.76,23695.0,1320.0,911.0
GRDBL,4/30/2026,1094.0,1125.0,1075.0,1100.0,0.55,38831.0,1320.0,911.0
GRDBL,5/4/2026,1090.0,1094.9,1037.0,1039.9,-4.6,22313.0,1320.0,911.0
GRDBL,5/5/2026,1021.1,1098.0,1021.1,1069.0,4.69,11634.0,1320.0,911.0
GRDBL,5/6/2026,1059.0,1065.0,1040.0,1050.0,-0.85,9369.0,1320.0,911.0
GRDBL,5/7/2026,1031.1,1060.0,1031.1,1040.0,0.86,9061.0,1320.0,911.0
GRDBL,5/8/2026,1092.0,1092.0,1021.0,1038.1,-4.94,7337.0,1320.0,911.0
GRDBL,5/11/2026,1068.0,1101.2,1046.4,1058.9,-0.85,7309.0,1320.0,911.0
GRDBL,5/12/2026,1061.0,1065.0,1036.0,1042.0,-1.79,12551.0,1320.0,911.0
GRDBL,5/13/2026,1042.0,1049.9,1025.0,1044.0,0.19,8895.0,1320.0,911.0
GRDBL,5/14/2026,1035.0,1040.0,1022.0,1036.0,0.1,6609.0,1320.0,911.0
GRDBL,5/15/2026,990.3,1048.0,990.3,1024.1,3.41,5773.0,1320.0,911.0
GRDBL,5/18/2026,1024.0,1040.5,1000.0,1031.0,0.68,4522.0,1320.0,911.0
GRDBL,5/19/2026,1025.0,1147.0,1025.0,1052.8,2.71,13703.0,1320.0,911.0
GRDBL,5/20/2026,1035.0,1084.3,1035.0,1084.0,4.73,27284.0,1320.0,911.0
GRDBL,5/21/2026,1037.9,1164.0,1037.9,1095.0,5.5,28761.0,1320.0,911.0
GRDBL,5/22/2026,1049.0,1110.0,1049.0,1110.0,5.82,33525.0,1320.0,911.0
GRDBL,5/25/2026,1061.1,1129.9,1061.1,1109.9,4.6,16102.0,1320.0,911.0
GRDBL,5/26/2026,1081.0,1099.9,1065.0,1075.0,-0.56,12950.0,1320.0,911.0
GRDBL,5/27/2026,1062.0,1097.0,1062.0,1086.0,2.26,7912.0,1320.0,911.0
GRDBL,6/1/2026,1070.0,1086.0,1056.0,1068.9,-0.1,5267.0,1320.0,911.0
GRDBL,6/2/2026,1053.0,1075.0,1050.1,1069.8,1.6,7383.0,1320.0,911.0
GRDBL,6/3/2026,1055.0,1179.0,1055.0,1099.8,4.25,31827.0,1320.0,911.0
GRDBL,6/4/2026,1081.1,1099.9,1070.0,1070.0,-1.03,3981.0,1320.0,911.0
GRDBL,6/5/2026,1060.0,1099.9,1060.0,1065.0,0.47,8262.0,1320.0,911.0
GRDBL,6/8/2026,1050.1,1075.0,1045.0,1052.0,0.18,8597.0,1320.0,911.0
GRDBL,6/9/2026,1030.1,1080.0,1030.1,1056.0,2.51,12174.0,1320.0,911.0
GRDBL,6/10/2026,1040.1,1064.0,1040.1,1062.4,2.14,3699.0,1320.0,911.0
GRDBL,6/11/2026,1050.0,1080.0,1050.0,1067.0,1.62,11820.0,1320.0,911.0
GRDBL,6/12/2026,1055.1,1225.7,1050.4,1209.0,14.59,47207.0,1320.0,911.0
GRDBL,6/15/2026,1148.6,1148.6,1080.0,1113.0,-3.1,26401.0,1320.0,911.0
GRDBL,6/16/2026,1080.0,1210.0,1067.0,1113.8,3.13,38763.0,1320.0,911.0
GRDBL,6/17/2026,1069.4,1113.0,1069.4,1099.9,2.85,5670.0,1320.0,911.0
GRDBL,6/18/2026,1070.0,1098.0,1070.0,1077.0,0.65,7446.0,1320.0,911.0
GRDBL,6/19/2026,1061.7,1093.5,1059.0,1069.9,0.77,7362.0,1320.0,911.0
GRDBL,6/22/2026,1023.0,1071.0,1023.0,1054.3,3.06,7297.0,1320.0,911.0
GRDBL,6/23/2026,1042.1,1068.0,1042.1,1049.0,0.66,7128.0,1320.0,911.0
GRDBL,6/24/2026,1037.0,1060.0,1030.0,1054.0,1.64,8782.0,1320.0,911.0
GRDBL,6/26/2026,1054.0,1054.0,1040.0,1048.0,-0.57,3317.0,1320.0,911.0
GRDBL,6/29/2026,1021.1,1050.0,1012.1,1023.0,0.19,7234.0,1320.0,911.0
GRDBL,6/30/2026,972.0,1061.0,972.0,1027.9,5.75,3045.0,1320.0,911.0
GRDBL,7/1/2026,1015.0,1042.9,1015.0,1038.8,2.34,4025.0,1320.0,911.0
GRDBL,7/2/2026,1030.0,1050.0,1026.0,1048.9,1.83,1900.0,1320.0,911.0
GRDBL,7/3/2026,1023.0,1049.0,1023.0,1040.0,1.66,3077.0,1320.0,911.0
GRDBL,7/6/2026,1018.1,1059.9,1018.1,1029.0,1.07,3402.0,1320.0,911.0
GRDBL,7/7/2026,1021.1,1055.0,1021.1,1044.8,2.32,6744.0,1320.0,911.0
GRDBL,7/8/2026,1028.1,1057.8,1028.1,1043.9,1.54,6327.0,1320.0,911.0
GRDBL,7/9/2026,1021.1,1031.5,1021.0,1025.1,0.39,4343.0,1320.0,911.0
GRDBL,7/10/2026,1015.3,1047.0,1015.3,1039.0,2.33,4683.0,1320.0,911.0
GRDBL,7/13/2026,1049.0,1049.0,1013.0,1027.0,-2.1,10975.0,1320.0,911.0
GRDBL,7/14/2026,1027.0,1040.0,1000.0,1020.0,-0.68,11619.0,1320.0,911.0
GRDBL,7/15/2026,1010.1,1124.5,1010.1,1053.0,4.25,21518.0,1320.0,911.0
GRDBL,7/16/2026,1000.4,1061.3,1000.4,1038.9,3.85,4462.0,1320.0,911.0
GRDBL,7/17/2026,1059.8,1059.8,1032.5,1058.0,-0.17,6687.0,1320.0,911.0
GRDBL,7/20/2026,1110.0,1110.0,1051.0,1088.0,-1.98,34396.0,1320.0,911.0
GRDBL,7/21/2026,1055.5,1098.9,1055.5,1077.0,2.04,6926.0,1320.0,911.0
GRDBL,7/22/2026,1030.0,1089.0,1030.0,1078.0,4.66,16288.0,1320.0,911.0
GRDBL,7/23/2026,1024.1,1097.0,1024.1,1085.0,5.95,10852.0,1320.0,911.0
GRDBL,7/24/2026,1130.0,1130.0,1054.1,1088.0,-3.72,14563.0,1320.0,911.0
GRDBL,7/27/2026,1033.6,1112.0,1033.6,1074.0,3.91,6239.0,1320.0,911.0
GRDBL,7/28/2026,1050.0,1079.7,1045.0,1068.0,1.71,5015.0,1320.0,911.0
GRDBL,7/29/2026,1121.0,1121.0,1054.9,1071.9,-4.38,4213.0,1320.0,911.0
GRDBL,7/30/2026,1059.0,1074.8,1053.0,1063.0,0.38,15731.0,1320.0,911.0
GRDBL,7/31/2026,1083.0,1083.0,1052.0,1072.0,-1.02,11399.0,1320.0,911.0
GRDBL,8/3/2026,1051.0,1121.0,1051.0,1100.3,4.69,70991.0,1320.0,911.0
GRDBL,8/4/2026,1120.0,1120.0,1086.4,1090.7,-2.62,13157.0,1320.0,911.0
GRDBL,8/5/2026,1090.0,1118.0,1037.9,1072.0,-1.65,48666.0,1320.0,911.0
GRDBL,8/6/2026,1050.0,1066.0,1035.0,1047.8,-0.21,24575.0,1320.0,911.0
GRDBL,8/7/2026,1030.0,1063.9,1030.0,1049.0,1.84,9453.0,1320.0,911.0
GRDBL,8/10/2026,1101.0,1101.0,1021.2,1059.0,-3.81,6720.0,1320.0,911.0
GRDBL,8/11/2026,1090.0,1090.0,1030.0,1050.9,-3.59,7748.0,1320.0,911.0
GRDBL,8/12/2026,1031.2,1052.0,1031.2,1050.0,1.82,4984.0,1320.0,911.0
GRDBL,8/13/2026,1034.0,1050.0,1034.0,1049.0,1.45,8894.0,1320.0,911.0
GRDBL,8/14/2026,1030.0,1045.0,1030.0,1041.0,1.07,2140.0,1320.0,911.0
GRDBL,8/17/2026,1032.1,1055.0,1030.0,1048.9,1.63,20507.0,1320.0,911.0
GRDBL,8/18/2026,1032.1,1047.0,1025.0,1046.1,1.36,19529.0,1320.0,911.0
GRDBL,8/19/2026,1030.0,1040.0,1000.0,1014.0,-1.55,9113.0,1320.0,911.0
GRDBL,8/20/2026,1000.0,1019.0,960.0,979.5,-2.05,21674.0,1320.0,911.0
GRDBL,8/21/2026,980.0,980.0,950.0,970.0,-1.02,12904.0,1320.0,911.0
GRDBL,8/24/2026,921.5,1014.0,921.5,979.6,6.3,8042.0,1320.0,911.0
GRDBL,8/25/2026,950.3,999.9,950.3,999.9,5.22,6338.0,1320.0,911.0
GRDBL,8/26/2026,972.0,998.0,950.1,969.5,-0.26,2545.0,1320.0,911.0
GRDBL,8/27/2026,947.0,986.0,947.0,984.0,3.91,1436.0,1320.0,911.0
GRDBL,8/31/2026,961.0,979.0,960.0,978.9,1.86,2639.0,1320.0,911.0
GRDBL,9/1/2026,957.8,977.0,950.0,950.0,-0.81,3453.0,1320.0,911.0
GRDBL,9/2/2026,940.0,968.0,940.0,957.9,1.9,4052.0,1320.0,911.0
GRDBL,9/3/2026,911.0,977.7,911.0,977.0,7.24,9490.0,1320.0,911.0
GRDBL,9/7/2026,970.0,973.0,948.0,962.0,-0.82,7604.0,1320.0,911.0
GRDBL,9/9/2026,943.0,964.9,918.0,940.0,-0.32,5828.0,1320.0,911.0
GRDBL,9/10/2026,915.0,935.0,912.0,931.0,1.75,9339.0,1320.0,911.0
GRDBL,9/11/2026,913.0,950.0,913.0,938.0,2.74,7434.0,1320.0,911.0
GRDBL,9/14/2026,920.0,945.0,911.0,940.0,2.17,4077.0,1320.0,911.0
GRDBL,9/15/2026,986.0,986.0,911.0,975.0,-1.12,7800.0,1320.0,911.0
GRDBL,9/16/2026,950.0,980.0,950.0,971.0,2.21,4216.0,1320.0,911.0
GRDBL,9/17/2026,942.0,1000.0,942.0,994.4,5.56,8250.0,1320.0,911.0
GRDBL,9/18/2026,970.1,1004.0,950.0,1002.0,3.29,4996.0,1320.0,911.0
GRDBL,9/22/2026,972.0,1000.0,972.0,996.0,2.47,6627.0,1320.0,911.0
GRDBL,9/23/2026,975.2,990.0,932.5,965.0,-1.05,12477.0,1320.0,911.0
GRDBL,9/24/2026,965.0,979.0,940.0,960.0,-0.52,12446.0,1320.0,911.0
GRDBL,9/28/2026,940.0,964.0,920.0,943.0,0.32,5748.0,1320.0,911.0
GRDBL,9/29/2026,940.0,943.0,924.0,0.0,-100.0,1247.0,1320.0,911.0
GRDBL,9/30/2026,918.0,939.9,918.0,935.0,1.85,10725.0,1320.0,911.0
GRDBL,10/1/2026,939.0,939.0,912.0,928.0,-1.17,12542.0,1320.0,911.0
GRDBL,10/2/2026,913.1,934.0,909.0,923.8,1.17,7706.0,1320.0,911.0
GRDBLP,7/24/2026,570.0,570.0,570.0,570.0,0.0,1998.0,649.0,277.0
GSY,12/21/2025,8.72,9.15,8.72,9.12,,87000.0,10.46,8.5
GSY,12/22/2025,8.95,9.3,8.95,9.05,-0.77,1277180.0,10.46,8.5
GSY,12/23/2025,9.22,9.22,8.89,8.92,-1.44,4945.0,10.46,8.5
GSY,12/24/2025,8.9,8.95,8.88,8.95,0.34,3800.0,10.46,8.5
GSY,12/28/2025,8.86,9.21,8.85,9.1,1.68,20000.0,10.46,8.5
GSY,12/29/2025,9.0,9.2,8.95,9.1,0.0,5530.0,10.46,8.5
GSY,12/31/2025,8.93,9.11,8.93,9.11,0.11,5300.0,10.46,8.5
GSY,1/1/2026,8.95,9.38,8.95,9.18,0.77,15150.0,10.46,8.5
GSY,1/4/2026,9.0,9.3,8.86,9.01,-1.85,8500.0,10.46,8.5
GSY,1/5/2026,9.0,9.2,8.9,9.05,0.44,9400.0,10.46,8.5
GSY,1/6/2026,9.0,9.01,9.0,9.0,-0.55,9200.0,10.46,8.5
GSY,1/7/2026,8.84,9.2,8.84,9.2,2.22,16115.0,10.46,8.5
GSY,1/8/2026,9.02,9.22,8.85,9.2,0.0,8150.0,10.46,8.5
GSY,1/12/2026,9.02,9.15,8.95,9.15,-0.54,4623.0,10.46,8.5
GSY,1/13/2026,8.97,9.2,8.97,9.1,-0.55,17740.0,10.46,8.5
GSY,1/14/2026,9.01,9.06,9.01,9.06,-0.44,6155.0,10.46,8.5
GSY,1/18/2026,8.95,9.24,8.95,9.11,0.55,10020.0,10.46,8.5
GSY,1/20/2026,9.01,9.29,9.01,9.14,0.33,40830.0,10.46,8.5
GSY,1/21/2026,9.05,9.23,9.05,9.17,0.33,10720.0,10.46,8.5
GSY,1/22/2026,9.1,9.36,9.1,9.21,0.44,82936.0,10.46,8.5
GSY,1/25/2026,9.1,9.38,9.1,9.26,0.54,26150.0,10.46,8.5
GSY,1/26/2026,9.11,9.76,9.11,9.69,4.64,120885.0,10.46,8.5
GSY,1/27/2026,9.5,9.53,9.35,9.4,-2.99,6000.0,10.46,8.5
GSY,1/28/2026,9.24,9.58,9.24,9.41,0.11,32284.0,10.46,8.5
GSY,1/29/2026,9.3,9.76,9.3,9.57,1.7,17895.0,10.46,8.5
GSY,2/1/2026,9.38,9.59,9.38,9.4,-1.78,7650.0,10.46,8.5
GSY,2/2/2026,9.4,9.67,9.4,9.5,1.06,62441.0,10.46,8.5
GSY,2/3/2026,9.32,9.59,9.32,9.59,0.95,24370.0,10.46,8.5
GSY,2/4/2026,9.4,9.68,9.4,9.53,-0.63,12900.0,10.46,8.5
GSY,2/5/2026,9.41,9.72,9.4,9.72,1.99,8510.0,10.46,8.5
GSY,2/8/2026,9.53,9.79,9.34,9.6,-1.23,76299.0,10.46,8.5
GSY,2/9/2026,9.41,9.45,9.41,9.42,-1.87,4400.0,10.46,8.5
GSY,2/10/2026,9.5,9.78,9.24,9.5,0.85,25699.0,10.46,8.5
GSY,2/11/2026,9.31,10.4,9.31,9.5,0.0,14000.0,10.46,8.5
GSY,2/12/2026,9.36,9.85,9.36,9.65,1.58,16100.0,10.46,8.5
GSY,2/16/2026,9.46,9.8,9.27,9.6,-0.52,16350.0,10.46,8.5
GSY,2/17/2026,9.58,9.7,9.46,9.7,1.04,31200.0,10.46,8.5
GSY,2/22/2026,9.75,9.75,9.39,9.43,-2.78,18880.0,10.46,8.5
GSY,2/23/2026,9.26,9.55,9.26,9.4,-0.32,3600.0,10.46,8.5
GSY,2/24/2026,9.33,9.41,9.33,9.41,0.11,1850.0,10.46,8.5
GSY,2/25/2026,9.32,9.59,9.32,9.47,0.64,7800.0,10.46,8.5
GSY,2/26/2026,9.3,9.65,9.3,9.51,0.42,15500.0,10.46,8.5
GSY,2/27/2026,9.3,9.65,9.3,9.51,0.0,15500.0,10.46,8.5
GSY,2/28/2026,9.3,9.65,9.3,9.51,0.0,15500.0,10.46,8.5
GSY,3/2/2026,9.4,9.5,9.31,9.48,-0.32,34000.0,10.46,8.5
GSY,3/3/2026,9.48,9.82,9.35,9.6,1.27,4300.0,10.46,8.5
GSY,3/4/2026,9.48,9.82,9.35,9.6,0.0,4300.0,10.46,8.5
GSY,3/5/2026,9.48,9.82,9.35,9.6,0.0,4300.0,10.46,8.5
GSY,3/6/2026,9.48,9.82,9.35,9.6,0.0,4300.0,10.46,8.5
GSY,3/7/2026,9.48,9.82,9.35,9.6,0.0,4300.0,10.46,8.5
GSY,3/8/2026,9.48,9.82,9.35,9.6,0.0,4300.0,10.46,8.5
GSY,3/10/2026,9.6,9.89,9.41,9.79,1.98,48150.0,10.46,8.5
GSY,3/11/2026,9.6,9.65,9.45,9.65,-1.43,22900.0,10.46,8.5
GSY,3/12/2026,9.5,9.85,9.5,9.85,2.07,33325.0,10.46,8.5
GSY,3/13/2026,9.5,9.85,9.5,9.85,0.0,33325.0,10.46,8.5
GSY,3/14/2026,9.5,9.85,9.5,9.85,0.0,33325.0,10.46,8.5
GSY,3/15/2026,9.66,9.95,9.66,9.95,1.02,53720.0,10.46,8.5
GSY,3/16/2026,9.76,9.97,9.47,9.8,-1.51,6710.0,10.46,8.5
GSY,3/17/2026,9.7,9.99,9.7,9.9,1.02,76238.0,10.46,8.5
GSY,3/18/2026,9.7,9.99,9.7,9.9,0.0,76238.0,10.46,8.5
GSY,3/19/2026,9.8,9.99,9.79,9.9,0.0,91566.0,10.46,8.5
GSY,3/20/2026,9.8,9.99,9.79,9.9,0.0,91566.0,10.46,8.5
GSY,3/21/2026,9.8,9.99,9.79,9.9,0.0,91566.0,10.46,8.5
GSY,3/22/2026,9.71,9.9,9.71,9.9,0.0,19126.0,10.46,8.5
GSY,3/23/2026,10.08,10.08,9.72,10.0,1.01,30810.0,10.46,8.5
GSY,3/24/2026,9.9,10.02,9.82,9.96,-0.4,17890.0,10.46,8.5
GSY,3/25/2026,9.88,10.09,9.88,9.98,0.2,101795.0,10.46,8.5
GSY,3/26/2026,9.95,10.1,9.95,10.01,0.6,45762.0,10.46,8.5
GSY,3/29/2026,9.95,10.05,9.95,10.05,1.01,13830.0,10.46,8.5
GSY,3/30/2026,9.86,10.0,9.86,10.0,1.42,6950.0,10.46,8.5
GSY,3/31/2026,9.97,10.05,9.97,10.01,0.4,163045.0,10.46,8.5
GSY,4/1/2026,10.0,10.0,9.9,10.0,0.0,15950.0,10.46,8.5
GSY,4/2/2026,9.81,9.95,9.73,9.91,1.02,8040.0,10.46,8.5
GSY,4/5/2026,9.86,9.9,9.68,9.78,-0.81,72750.0,10.46,8.5
GSY,4/6/2026,9.63,9.95,9.63,9.95,3.32,13000.0,10.46,8.5
GSY,4/7/2026,10.0,10.0,9.81,9.86,-1.4,2800.0,10.46,8.5
GSY,4/8/2026,9.8,9.98,9.79,9.88,0.82,5400.0,10.46,8.5
GSY,4/9/2026,9.8,10.0,9.8,10.0,2.04,39200.0,10.46,8.5
GSY,4/10/2026,9.82,9.97,9.82,9.97,1.53,7370.0,10.46,8.5
GSY,4/13/2026,9.88,10.0,9.88,9.97,0.91,14130.0,10.46,8.5
GSY,4/15/2026,9.95,10.0,9.95,9.97,0.2,18470.0,10.46,8.5
GSY,4/16/2026,9.95,10.0,9.95,9.97,0.2,39920.0,10.46,8.5
GSY,4/17/2026,10.0,10.1,9.96,9.99,-0.1,5850.0,10.46,8.5
GSY,4/20/2026,9.95,10.1,9.95,10.1,1.51,18630.0,10.46,8.5
GSY,4/21/2026,9.86,9.99,9.61,9.97,1.12,32850.0,10.46,8.5
GSY,4/22/2026,9.81,10.0,9.81,9.9,0.92,17750.0,10.46,8.5
GSY,4/23/2026,9.7,10.02,9.7,10.0,3.09,25850.0,10.46,8.5
GSY,4/24/2026,9.89,10.1,9.89,10.0,1.11,23150.0,10.46,8.5
GSY,4/27/2026,10.0,10.1,9.89,9.9,-1.0,7990.0,10.46,8.5
GSY,4/28/2026,9.9,10.0,9.85,9.9,0.0,4910.0,10.46,8.5
GSY,4/29/2026,9.9,9.9,9.71,9.83,-0.71,6360.0,10.46,8.5
GSY,4/30/2026,9.75,10.03,9.75,9.78,0.31,4110.0,10.46,8.5
GSY,5/4/2026,9.57,9.8,9.57,9.6,0.31,3120.0,10.46,8.5
GSY,5/5/2026,9.59,9.7,9.59,9.65,0.63,6900.0,10.46,8.5
GSY,5/6/2026,9.6,9.88,9.5,9.7,1.04,28345.0,10.46,8.5
GSY,5/7/2026,9.52,9.8,9.52,9.7,1.89,5294.0,10.46,8.5
GSY,5/8/2026,9.7,9.8,9.7,9.72,0.21,3840.0,10.46,8.5
GSY,5/11/2026,9.43,9.94,9.43,9.7,2.86,16600.0,10.46,8.5
GSY,5/12/2026,9.55,10.0,9.55,9.83,2.93,7300.0,10.46,8.5
GSY,5/13/2026,9.7,10.04,9.7,9.83,1.34,25500.0,10.46,8.5
GSY,5/14/2026,9.84,10.0,9.84,9.87,0.3,21950.0,10.46,8.5
GSY,5/15/2026,9.9,9.9,9.9,9.9,0.0,3200.0,10.46,8.5
GSY,5/18/2026,9.89,9.95,9.89,9.95,0.61,5000.0,10.46,8.5
GSY,5/19/2026,9.89,10.0,9.89,9.93,0.4,7150.0,10.46,8.5
GSY,5/20/2026,9.9,9.93,9.79,9.9,0.0,2350.0,10.46,8.5
GSY,5/21/2026,9.62,10.0,9.62,10.0,3.95,4220.0,10.46,8.5
GSY,5/22/2026,9.71,10.0,9.71,10.0,2.99,5200.0,10.46,8.5
GSY,5/25/2026,9.99,10.25,9.91,10.0,0.1,73300.0,10.46,8.5
GSY,5/26/2026,9.93,10.0,9.93,9.99,0.6,9120.0,10.46,8.5
GSY,5/27/2026,9.99,9.99,9.95,9.99,0.0,2600.0,10.46,8.5
GSY,6/1/2026,9.93,10.02,9.72,10.02,0.91,9250.0,10.46,8.5
GSY,6/2/2026,9.8,10.1,9.8,10.1,3.06,62001.0,10.46,8.5
GSY,6/3/2026,10.0,10.1,10.0,10.02,0.2,12400.0,10.46,8.5
GSY,6/4/2026,10.02,10.18,10.02,10.03,0.1,686600.0,10.46,8.5
GSY,6/5/2026,10.0,10.03,9.76,10.02,0.2,2600.0,10.46,8.5
GSY,6/8/2026,10.0,10.05,9.92,10.01,0.1,9300.0,10.46,8.5
GSY,6/9/2026,10.0,10.01,10.0,10.0,0.0,7450.0,10.46,8.5
GSY,6/10/2026,9.93,10.0,9.93,9.96,0.3,4900.0,10.46,8.5
GSY,6/11/2026,9.96,9.97,9.95,9.96,0.0,2900.0,10.46,8.5
GSY,6/12/2026,9.93,9.98,9.93,9.96,0.3,2300.0,10.46,8.5
GSY,6/15/2026,9.93,10.05,9.93,9.95,0.2,5700.0,10.46,8.5
GSY,6/16/2026,10.0,10.1,9.86,9.86,-1.4,23800.0,10.46,8.5
GSY,6/17/2026,9.86,10.15,9.86,9.88,0.2,13950.0,10.46,8.5
GSY,6/18/2026,9.7,10.0,9.7,9.9,2.06,2500.0,10.46,8.5
GSY,6/19/2026,9.63,10.0,9.63,10.0,3.84,7820.0,10.46,8.5
GSY,6/22/2026,10.0,10.0,9.9,10.0,0.0,11800.0,10.46,8.5
GSY,6/23/2026,9.8,10.0,9.8,9.9,1.02,4260.0,10.46,8.5
GSY,6/24/2026,9.9,10.0,9.72,10.0,1.01,3750.0,10.46,8.5
GSY,6/26/2026,9.8,10.0,9.8,10.0,2.04,2300.0,10.46,8.5
GSY,6/29/2026,9.72,10.0,9.72,10.0,2.88,13200.0,10.46,8.5
GSY,6/30/2026,9.8,10.0,9.52,9.8,0.0,21500.0,10.46,8.5
GSY,7/1/2026,9.7,10.09,9.7,10.0,3.09,14560.0,10.46,8.5
GSY,7/2/2026,10.0,10.02,9.8,9.86,-1.4,24040.0,10.46,8.5
GSY,7/3/2026,9.75,10.0,9.75,9.78,0.31,5900.0,10.46,8.5
GSY,7/6/2026,9.7,10.0,9.41,9.9,2.06,3300.0,10.46,8.5
GSY,7/7/2026,9.9,10.14,9.9,10.1,2.02,344290.0,10.46,8.5
GSY,7/8/2026,10.0,10.0,9.75,9.95,-0.5,1700.0,10.46,8.5
GSY,7/9/2026,9.95,9.96,9.95,9.95,0.0,7155.0,10.46,8.5
GSY,7/10/2026,10.1,10.1,9.95,10.0,-0.99,4500.0,10.46,8.5
GSY,7/13/2026,10.0,10.0,9.95,9.95,-0.5,24850.0,10.46,8.5
GSY,7/14/2026,9.95,10.1,9.45,10.1,1.51,6800.0,10.46,8.5
GSY,7/15/2026,10.0,10.1,10.0,10.0,0.0,9550.0,10.46,8.5
GSY,7/16/2026,9.91,10.3,9.6,10.3,3.94,32000.0,10.46,8.5
GSY,7/20/2026,10.0,10.0,9.7,10.0,0.0,95600.0,10.46,8.5
GSY,7/21/2026,10.0,10.0,10.0,10.0,0.0,23120.0,10.46,8.5
GSY,7/22/2026,10.0,10.0,9.9,9.9,-1.0,75400.0,10.46,8.5
GSY,7/23/2026,10.0,10.0,9.9,9.9,-1.0,2800.0,10.46,8.5
GSY,7/24/2026,9.93,9.93,9.4,9.42,-5.14,6520.0,10.46,8.5
GSY,7/27/2026,9.51,9.87,9.51,9.87,3.79,2100.0,10.46,8.5
GSY,7/28/2026,9.8,10.46,9.68,10.46,6.73,12150.0,10.46,8.5
GSY,7/29/2026,10.15,10.15,9.75,9.77,-3.74,10800.0,10.46,8.5
GSY,7/30/2026,9.5,9.88,9.5,9.8,3.16,2600.0,10.46,8.5
GSY,7/31/2026,9.53,9.8,9.53,9.65,1.26,900.0,10.46,8.5
GSY,8/3/2026,9.56,9.92,9.56,9.92,3.77,3350.0,10.46,8.5
GSY,8/4/2026,9.63,9.7,9.58,9.59,-0.42,2500.0,10.46,8.5
GSY,8/5/2026,9.51,9.69,9.51,9.69,1.89,7510.0,10.46,8.5
GSY,8/6/2026,9.51,9.53,9.51,9.51,0.0,3450.0,10.46,8.5
GSY,8/7/2026,9.5,9.78,9.5,9.52,0.21,56540.0,10.46,8.5
GSY,8/10/2026,9.51,9.55,9.51,9.51,0.0,3700.0,10.46,8.5
GSY,8/11/2026,9.5,9.7,9.45,9.5,0.0,4760.0,10.46,8.5
GSY,8/12/2026,9.7,9.75,9.46,9.5,-2.06,1150.0,10.46,8.5
GSY,8/13/2026,9.5,9.5,9.35,9.35,-1.58,2900.0,10.46,8.5
GSY,8/14/2026,9.22,9.63,9.22,9.6,4.12,3500.0,10.46,8.5
GSY,8/17/2026,9.4,9.4,9.3,9.3,-1.06,2440.0,10.46,8.5
GSY,8/18/2026,9.3,9.35,9.3,9.3,0.0,2800.0,10.46,8.5
GSY,8/19/2026,9.04,9.33,9.04,9.33,3.21,3150.0,10.46,8.5
GSY,8/20/2026,9.06,9.6,9.06,9.32,2.87,23100.0,10.46,8.5
GSY,8/21/2026,9.18,9.46,9.16,9.35,1.85,3100.0,10.46,8.5
GSY,8/24/2026,9.14,9.23,9.14,9.2,0.66,4200.0,10.46,8.5
GSY,8/25/2026,9.17,9.2,9.17,9.18,0.11,2000.0,10.46,8.5
GSY,8/26/2026,9.17,9.2,9.15,9.15,-0.22,1100.0,10.46,8.5
GSY,8/27/2026,9.15,9.42,8.92,8.95,-2.19,55000.0,10.46,8.5
GSY,8/31/2026,8.89,9.15,8.89,8.92,0.34,8900.0,10.46,8.5
GSY,9/1/2026,8.5,9.15,8.5,8.93,5.06,3100.0,10.46,8.5
GSY,9/2/2026,8.9,9.1,8.9,8.94,0.45,12730.0,10.46,8.5
GSY,9/3/2026,8.95,9.1,8.95,8.95,0.0,5900.0,10.46,8.5
GSY,9/7/2026,8.95,9.2,8.95,9.0,0.56,2350.0,10.46,8.5
GSY,9/9/2026,8.9,8.96,8.9,8.93,0.34,3000.0,10.46,8.5
GSY,9/10/2026,8.9,8.92,8.86,8.92,0.22,5600.0,10.46,8.5
GSY,9/11/2026,8.95,8.96,8.92,8.95,0.0,1700.0,10.46,8.5
GSY,9/14/2026,8.9,9.01,8.9,9.01,1.24,800.0,10.46,8.5
GSY,9/15/2026,9.27,9.3,9.0,9.15,-1.29,3100.0,10.46,8.5
GSY,9/16/2026,8.9,9.15,8.9,9.15,2.81,1100.0,10.46,8.5
GSY,9/17/2026,9.0,9.02,8.91,8.91,-1.0,2800.0,10.46,8.5
GSY,9/18/2026,8.94,9.2,8.94,9.2,2.91,11120.0,10.46,8.5
GSY,9/22/2026,8.93,9.01,8.93,8.97,0.45,3100.0,10.46,8.5
GSY,9/23/2026,8.95,9.21,8.95,9.21,2.91,2100.0,10.46,8.5
GSY,9/24/2026,8.98,9.25,8.98,9.25,3.01,1100.0,10.46,8.5
GSY,9/28/2026,8.99,9.1,8.99,9.0,0.11,27600.0,10.46,8.5
GSY,9/29/2026,9.01,9.05,9.01,0.0,-100.0,4400.0,10.46,8.5
GSY,9/30/2026,9.01,9.05,9.0,9.0,-0.11,4000.0,10.46,8.5
GSY,10/1/2026,9.01,9.11,9.01,9.11,1.11,7850.0,10.46,8.5
GSY,10/2/2026,9.11,9.15,8.98,9.07,-0.44,5600.0,10.46,8.5
GUFL,4/19/2017,282.0,290.0,280.0,287.0,,22541.0,644.0,460.6
GUFL,4/20/2017,287.0,295.0,270.0,285.0,-0.7,21632.0,644.0,460.6
GUFL,4/23/2017,285.0,295.0,285.0,287.0,0.7,14500.0,644.0,460.6
GUFL,4/24/2017,287.0,306.0,290.0,297.0,3.48,26021.0,644.0,460.6
GUFL,4/25/2017,297.0,305.0,294.0,299.0,0.67,34867.0,644.0,460.6
GUFL,4/26/2017,299.0,305.0,292.0,292.0,-2.34,5229.0,644.0,460.6
GUFL,4/27/2017,292.0,292.0,280.0,289.0,-1.03,48910.0,644.0,460.6
GUFL,4/30/2017,289.0,288.0,275.0,288.0,-0.35,40381.0,644.0,460.6
GUFL,5/2/2017,288.0,290.0,270.0,290.0,0.69,75539.0,644.0,460.6
GUFL,5/3/2017,227.0,245.0,223.0,227.0,-21.72,13244.0,644.0,460.6
GUFL,5/4/2017,227.0,235.0,225.0,225.0,-0.88,7375.0,644.0,460.6
GUFL,5/7/2017,225.0,221.0,216.0,220.0,-2.22,9907.0,644.0,460.6
GUFL,5/8/2017,220.0,221.0,215.0,217.0,-1.36,5013.0,644.0,460.6
GUFL,5/9/2017,217.0,221.0,215.0,218.0,0.46,14052.0,644.0,460.6
GUFL,5/11/2017,218.0,236.0,220.0,220.0,0.92,39200.0,644.0,460.6
GUFL,5/15/2017,220.0,224.0,218.0,218.0,-0.91,7076.0,644.0,460.6
GUFL,5/16/2017,218.0,216.0,215.0,215.0,-1.38,1840.0,644.0,460.6
GUFL,5/17/2017,215.0,215.0,208.0,213.0,-0.93,2804.0,644.0,460.6
GUFL,5/18/2017,213.0,215.0,210.0,212.0,-0.47,6660.0,644.0,460.6
GUFL,5/21/2017,212.0,214.0,204.0,214.0,0.94,3320.0,644.0,460.6
GUFL,5/22/2017,214.0,210.0,210.0,210.0,-1.87,300.0,644.0,460.6
GUFL,5/23/2017,210.0,211.0,208.0,208.0,-0.95,690.0,644.0,460.6
GUFL,5/24/2017,208.0,210.0,210.0,210.0,0.96,100.0,644.0,460.6
GUFL,5/28/2017,210.0,210.0,204.0,205.0,-2.38,1200.0,644.0,460.6
GUFL,5/30/2017,205.0,202.0,200.0,200.0,-2.44,865.0,644.0,460.6
GUFL,5/31/2017,200.0,205.0,195.0,205.0,2.5,3711.0,644.0,460.6
GUFL,6/1/2017,205.0,205.0,200.0,200.0,-2.44,2166.0,644.0,460.6
GUFL,6/4/2017,200.0,198.0,198.0,198.0,-1.0,24.0,644.0,460.6
GUFL,6/5/2017,198.0,201.0,199.0,199.0,0.51,2901.0,644.0,460.6
GUFL,6/6/2017,199.0,206.0,201.0,202.0,1.51,3214.0,644.0,460.6
GUFL,6/7/2017,202.0,206.0,200.0,200.0,-0.99,3365.0,644.0,460.6
GUFL,6/8/2017,200.0,200.0,197.0,200.0,0.0,2369.0,644.0,460.6
GUFL,6/11/2017,200.0,198.0,193.0,193.0,-3.5,1700.0,644.0,460.6
GUFL,6/12/2017,193.0,196.0,195.0,195.0,1.04,970.0,644.0,460.6
GUFL,6/13/2017,195.0,194.0,190.0,190.0,-2.56,1228.0,644.0,460.6
GUFL,6/14/2017,190.0,193.0,188.0,190.0,0.0,2685.0,644.0,460.6
GUFL,6/15/2017,190.0,195.0,190.0,195.0,2.63,622.0,644.0,460.6
GUFL,6/18/2017,195.0,195.0,195.0,195.0,0.0,13.0,644.0,460.6
GUFL,6/19/2017,195.0,195.0,193.0,195.0,0.0,896.0,644.0,460.6
GUFL,6/20/2017,195.0,194.0,187.0,190.0,-2.56,1238.0,644.0,460.6
GUFL,6/21/2017,190.0,192.0,190.0,190.0,0.0,133.0,644.0,460.6
GUFL,6/22/2017,190.0,192.0,187.0,192.0,1.05,4160.0,644.0,460.6
GUFL,6/25/2017,192.0,190.0,189.0,189.0,-1.56,300.0,644.0,460.6
GUFL,6/27/2017,189.0,192.0,186.0,186.0,-1.59,1025.0,644.0,460.6
GUFL,6/28/2017,186.0,188.0,187.0,188.0,1.08,2302.0,644.0,460.6
GUFL,7/2/2017,188.0,188.0,186.0,186.0,-1.06,101.0,644.0,460.6
GUFL,7/3/2017,186.0,185.0,180.0,182.0,-2.15,1868.0,644.0,460.6
GUFL,7/4/2017,182.0,182.0,179.0,179.0,-1.65,824.0,644.0,460.6
GUFL,7/5/2017,179.0,182.0,176.0,182.0,1.68,2309.0,644.0,460.6
GUFL,7/6/2017,182.0,185.0,182.0,185.0,1.65,3070.0,644.0,460.6
GUFL,7/9/2017,185.0,188.0,182.0,186.0,0.54,468.0,644.0,460.6
GUFL,7/10/2017,186.0,186.0,183.0,186.0,0.0,2732.0,644.0,460.6
GUFL,7/11/2017,186.0,186.0,183.0,186.0,0.0,160.0,644.0,460.6
GUFL,7/12/2017,186.0,187.0,184.0,184.0,-1.08,1523.0,644.0,460.6
GUFL,7/13/2017,184.0,183.0,180.0,181.0,-1.63,1400.0,644.0,460.6
GUFL,7/16/2017,181.0,182.0,177.0,182.0,0.55,1777.0,644.0,460.6
GUFL,7/17/2017,182.0,185.0,180.0,185.0,1.65,366.0,644.0,460.6
GUFL,7/18/2017,185.0,192.0,185.0,192.0,3.78,1876.0,644.0,460.6
GUFL,7/19/2017,192.0,195.0,189.0,189.0,-1.56,2432.0,644.0,460.6
GUFL,7/20/2017,189.0,186.0,185.0,186.0,-1.59,610.0,644.0,460.6
GUFL,7/23/2017,186.0,192.0,186.0,192.0,3.23,1446.0,644.0,460.6
GUFL,7/24/2017,192.0,189.0,180.0,180.0,-6.25,9006.0,644.0,460.6
GUFL,7/25/2017,180.0,183.0,180.0,183.0,1.67,6793.0,644.0,460.6
GUFL,7/26/2017,183.0,194.0,178.0,194.0,6.01,3491.0,644.0,460.6
GUFL,7/27/2017,194.0,194.0,188.0,194.0,0.0,4759.0,644.0,460.6
GUFL,7/30/2017,194.0,194.0,188.0,193.0,-0.52,7060.0,644.0,460.6
GUFL,7/31/2017,193.0,192.0,187.0,191.0,-1.04,10826.0,644.0,460.6
GUFL,8/1/2017,191.0,201.0,190.0,197.0,3.14,6428.0,644.0,460.6
GUFL,8/2/2017,197.0,204.0,192.0,196.0,-0.51,7699.0,644.0,460.6
GUFL,8/3/2017,196.0,199.0,191.0,191.0,-2.55,642.0,644.0,460.6
GUFL,8/6/2017,191.0,193.0,190.0,193.0,1.05,500.0,644.0,460.6
GUFL,8/7/2017,193.0,204.0,194.0,197.0,2.07,19474.0,644.0,460.6
GUFL,8/9/2017,197.0,208.0,194.0,201.0,2.03,10028.0,644.0,460.6
GUFL,8/10/2017,201.0,200.0,197.0,197.0,-1.99,6350.0,644.0,460.6
GUFL,8/13/2017,197.0,213.0,195.0,205.0,4.06,16213.0,644.0,460.6
GUFL,8/15/2017,205.0,207.0,199.0,203.0,-0.98,12986.0,644.0,460.6
GUFL,8/16/2017,203.0,208.0,199.0,204.0,0.49,25977.0,644.0,460.6
GUFL,8/17/2017,204.0,201.0,201.0,201.0,-1.47,150.0,644.0,460.6
GUFL,8/20/2017,201.0,198.0,197.0,198.0,-1.49,1194.0,644.0,460.6
GUFL,8/21/2017,198.0,197.0,196.0,196.0,-1.01,1606.0,644.0,460.6
GUFL,8/22/2017,196.0,195.0,192.0,192.0,-2.04,1042.0,644.0,460.6
GUFL,8/23/2017,192.0,191.0,190.0,191.0,-0.52,97.0,644.0,460.6
GUFL,8/24/2017,191.0,194.0,194.0,194.0,1.57,147.0,644.0,460.6
GUFL,8/27/2017,194.0,191.0,191.0,191.0,-1.55,151.0,644.0,460.6
GUFL,8/28/2017,191.0,195.0,192.0,195.0,2.09,308.0,644.0,460.6
GUFL,9/4/2017,195.0,194.0,191.0,191.0,-2.05,16514.0,644.0,460.6
GUFL,9/6/2017,191.0,188.0,182.0,185.0,-3.14,5167.0,644.0,460.6
GUFL,9/7/2017,185.0,188.0,185.0,187.0,1.08,1995.0,644.0,460.6
GUFL,9/10/2017,187.0,187.0,180.0,180.0,-3.74,848.0,644.0,460.6
GUFL,9/11/2017,180.0,189.0,180.0,187.0,3.89,3199.0,644.0,460.6
GUFL,9/12/2017,187.0,184.0,180.0,183.0,-2.14,14853.0,644.0,460.6
GUFL,9/13/2017,183.0,186.0,184.0,186.0,1.64,601.0,644.0,460.6
GUFL,9/14/2017,186.0,189.0,185.0,188.0,1.08,1008.0,644.0,460.6
GUFL,9/17/2017,188.0,194.0,185.0,194.0,3.19,3747.0,644.0,460.6
GUFL,9/18/2017,194.0,199.0,196.0,197.0,1.55,18388.0,644.0,460.6
GUFL,9/20/2017,197.0,204.0,196.0,199.0,1.02,200.0,644.0,460.6
GUFL,9/25/2017,199.0,196.0,194.0,194.0,-2.51,5408.0,644.0,460.6
GUFL,9/26/2017,194.0,191.0,191.0,191.0,-1.55,31.0,644.0,460.6
GUFL,10/4/2017,191.0,192.0,192.0,192.0,0.52,36.0,644.0,460.6
GUFL,10/9/2017,192.0,192.0,189.0,192.0,0.0,30.0,644.0,460.6
GUFL,10/10/2017,192.0,191.0,185.0,191.0,-0.52,5079.0,644.0,460.6
GUFL,10/11/2017,191.0,188.0,181.0,181.0,-5.24,2585.0,644.0,460.6
GUFL,10/12/2017,181.0,184.0,179.0,181.0,0.0,9786.0,644.0,460.6
GUFL,10/15/2017,181.0,186.0,183.0,186.0,2.76,6095.0,644.0,460.6
GUFL,10/16/2017,186.0,189.0,183.0,183.0,-1.61,610.0,644.0,460.6
GUFL,10/17/2017,183.0,186.0,183.0,183.0,0.0,275.0,644.0,460.6
GUFL,10/22/2017,183.0,186.0,186.0,186.0,1.64,100.0,644.0,460.6
GUFL,10/24/2017,186.0,185.0,185.0,185.0,-0.54,90.0,644.0,460.6
GUFL,10/25/2017,185.0,182.0,179.0,179.0,-3.24,88.0,644.0,460.6
GUFL,10/30/2017,179.0,183.0,179.0,181.0,1.12,2760.0,644.0,460.6
GUFL,10/31/2017,181.0,190.0,182.0,189.0,4.42,7263.0,644.0,460.6
GUFL,11/1/2017,189.0,186.0,182.0,182.0,-3.7,3375.0,644.0,460.6
GUFL,11/2/2017,182.0,184.0,179.0,180.0,-1.1,9104.0,644.0,460.6
GUFL,11/5/2017,180.0,178.0,169.0,170.0,-5.56,41072.0,644.0,460.6
GUFL,11/6/2017,170.0,173.0,168.0,172.0,1.18,1253.0,644.0,460.6
GUFL,11/7/2017,172.0,174.0,170.0,173.0,0.58,1285.0,644.0,460.6
GUFL,11/8/2017,173.0,170.0,166.0,166.0,-4.05,1532.0,644.0,460.6
GUFL,11/9/2017,166.0,168.0,161.0,168.0,1.2,2958.0,644.0,460.6
GUFL,11/12/2017,168.0,165.0,159.0,165.0,-1.79,7676.0,644.0,460.6
GUFL,11/13/2017,165.0,168.0,162.0,167.0,1.21,235.0,644.0,460.6
GUFL,11/14/2017,167.0,172.0,165.0,172.0,2.99,979.0,644.0,460.6
GUFL,11/15/2017,172.0,169.0,166.0,166.0,-3.49,361.0,644.0,460.6
GUFL,11/16/2017,166.0,166.0,160.0,163.0,-1.81,10555.0,644.0,460.6
GUFL,11/19/2017,163.0,164.0,158.0,159.0,-2.45,6038.0,644.0,460.6
GUFL,11/20/2017,159.0,159.0,157.0,157.0,-1.26,3854.0,644.0,460.6
GUFL,11/21/2017,157.0,162.0,152.0,155.0,-1.27,7674.0,644.0,460.6
GUFL,11/22/2017,155.0,154.0,151.0,154.0,-0.65,1523.0,644.0,460.6
GUFL,11/23/2017,154.0,163.0,157.0,161.0,4.55,3105.0,644.0,460.6
GUFL,11/26/2017,161.0,162.0,158.0,162.0,0.62,611.0,644.0,460.6
GUFL,11/27/2017,162.0,160.0,156.0,159.0,-1.85,2470.0,644.0,460.6
GUFL,11/28/2017,159.0,162.0,157.0,157.0,-1.26,5455.0,644.0,460.6
GUFL,11/29/2017,157.0,163.0,158.0,163.0,3.82,1183.0,644.0,460.6
GUFL,11/30/2017,163.0,166.0,160.0,166.0,1.84,3519.0,644.0,460.6
GUFL,12/4/2017,166.0,164.0,160.0,164.0,-1.2,6307.0,644.0,460.6
GUFL,12/5/2017,164.0,165.0,160.0,164.0,0.0,5193.0,644.0,460.6
GUFL,12/6/2017,164.0,167.0,160.0,167.0,1.83,4289.0,644.0,460.6
GUFL,12/10/2017,167.0,170.0,163.0,167.0,0.0,5235.0,644.0,460.6
GUFL,12/11/2017,167.0,164.0,158.0,161.0,-3.59,50.0,644.0,460.6
GUFL,12/12/2017,161.0,164.0,157.0,164.0,1.86,4742.0,644.0,460.6
GUFL,12/13/2017,164.0,162.0,159.0,162.0,-1.22,16136.0,644.0,460.6
GUFL,12/14/2017,162.0,165.0,159.0,165.0,1.85,1783.0,644.0,460.6
GUFL,12/17/2017,165.0,164.0,159.0,164.0,-0.61,801.0,644.0,460.6
GUFL,12/18/2017,164.0,161.0,158.0,158.0,-3.66,635.0,644.0,460.6
GUFL,12/19/2017,158.0,162.0,156.0,160.0,1.27,2826.0,644.0,460.6
GUFL,12/20/2017,160.0,160.0,157.0,158.0,-1.25,1611.0,644.0,460.6
GUFL,12/21/2017,158.0,161.0,156.0,156.0,-1.27,827.0,644.0,460.6
GUFL,12/24/2017,156.0,155.0,153.0,155.0,-0.64,332.0,644.0,460.6
GUFL,12/26/2017,155.0,152.0,151.0,151.0,-2.58,841.0,644.0,460.6
GUFL,12/27/2017,151.0,150.0,146.0,146.0,-3.31,3673.0,644.0,460.6
GUFL,12/28/2017,146.0,148.0,144.0,146.0,0.0,2598.0,644.0,460.6
GUFL,12/31/2017,146.0,144.0,140.0,140.0,-4.11,1619.0,644.0,460.6
GUFL,1/1/2018,140.0,145.0,141.0,145.0,3.57,4765.0,644.0,460.6
GUFL,1/2/2018,145.0,147.0,145.0,145.0,0.0,1540.0,644.0,460.6
GUFL,1/4/2018,145.0,144.0,143.0,144.0,-0.69,100.0,644.0,460.6
GUFL,1/7/2018,144.0,148.0,146.0,148.0,2.78,6236.0,644.0,460.6
GUFL,1/8/2018,148.0,150.0,149.0,149.0,0.68,390.0,644.0,460.6
GUFL,1/9/2018,149.0,150.0,143.0,144.0,-3.36,578.0,644.0,460.6
GUFL,1/10/2018,144.0,143.0,140.0,141.0,-2.08,1758.0,644.0,460.6
GUFL,1/16/2018,141.0,148.0,141.0,143.0,1.42,26386.0,644.0,460.6
GUFL,1/17/2018,143.0,143.0,141.0,143.0,0.0,28.0,644.0,460.6
GUFL,1/21/2018,143.0,146.0,142.0,146.0,2.1,2860.0,644.0,460.6
GUFL,1/22/2018,146.0,146.0,144.0,145.0,-0.68,87.0,644.0,460.6
GUFL,1/23/2018,145.0,143.0,135.0,138.0,-4.83,8684.0,644.0,460.6
GUFL,1/24/2018,138.0,142.0,139.0,142.0,2.9,1310.0,644.0,460.6
GUFL,1/25/2018,142.0,141.0,140.0,140.0,-1.41,1429.0,644.0,460.6
GUFL,1/28/2018,140.0,140.0,138.0,138.0,-1.43,284.0,644.0,460.6
GUFL,1/29/2018,138.0,138.0,136.0,136.0,-1.45,730.0,644.0,460.6
GUFL,1/31/2018,136.0,144.0,136.0,144.0,5.88,1060.0,644.0,460.6
GUFL,2/1/2018,144.0,144.0,142.0,142.0,-1.39,870.0,644.0,460.6
GUFL,2/4/2018,142.0,140.0,136.0,139.0,-2.11,2672.0,644.0,460.6
GUFL,2/5/2018,139.0,138.0,135.0,135.0,-2.88,2484.0,644.0,460.6
GUFL,2/6/2018,135.0,137.0,134.0,134.0,-0.74,3596.0,644.0,460.6
GUFL,2/7/2018,134.0,141.0,135.0,141.0,5.22,213.0,644.0,460.6
GUFL,2/8/2018,141.0,139.0,136.0,136.0,-3.55,1351.0,644.0,460.6
GUFL,2/11/2018,136.0,136.0,136.0,136.0,0.0,80.0,644.0,460.6
GUFL,2/12/2018,136.0,138.0,138.0,138.0,1.47,200.0,644.0,460.6
GUFL,2/14/2018,138.0,139.0,136.0,136.0,-1.45,2307.0,644.0,460.6
GUFL,2/15/2018,136.0,143.0,135.0,143.0,5.15,13474.0,644.0,460.6
GUFL,2/18/2018,141.0,141.0,139.0,139.0,-2.8,518.0,644.0,460.6
GUFL,2/20/2018,137.0,137.0,135.0,135.0,-2.88,1476.0,644.0,460.6
GUFL,2/21/2018,137.0,138.0,136.0,136.0,0.74,211.0,644.0,460.6
GUFL,2/22/2018,136.0,136.0,136.0,136.0,0.0,29.0,644.0,460.6
GUFL,2/25/2018,135.0,135.0,132.0,133.0,-2.21,2369.0,644.0,460.6
GUFL,2/26/2018,135.0,135.0,128.0,128.0,-3.76,1812.0,644.0,460.6
GUFL,2/27/2018,130.0,136.0,130.0,135.0,5.47,318.0,644.0,460.6
GUFL,2/28/2018,133.0,133.0,130.0,130.0,-3.7,493.0,644.0,460.6
GUFL,3/4/2018,128.0,128.0,121.0,124.0,-4.62,9470.0,644.0,460.6
GUFL,3/5/2018,126.0,128.0,122.0,124.0,0.0,23711.0,644.0,460.6
GUFL,3/6/2018,123.0,126.0,122.0,126.0,1.61,4391.0,644.0,460.6
GUFL,3/7/2018,128.0,130.0,126.0,126.0,0.0,2037.0,644.0,460.6
GUFL,3/11/2018,126.0,126.0,122.0,124.0,-1.59,1627.0,644.0,460.6
GUFL,3/12/2018,124.0,124.0,119.0,124.0,0.0,13758.0,644.0,460.6
GUFL,3/13/2018,124.0,124.0,122.0,122.0,-1.61,424.0,644.0,460.6
GUFL,3/14/2018,122.0,124.0,122.0,124.0,1.64,842.0,644.0,460.6
GUFL,3/15/2018,122.0,122.0,120.0,122.0,-1.61,238.0,644.0,460.6
GUFL,3/18/2018,124.0,124.0,123.0,123.0,0.82,150.0,644.0,460.6
GUFL,3/19/2018,123.0,123.0,122.0,123.0,0.0,21754.0,644.0,460.6
GUFL,3/20/2018,123.0,124.0,121.0,123.0,0.0,3940.0,644.0,460.6
GUFL,3/21/2018,123.0,123.0,119.0,119.0,-3.25,2463.0,644.0,460.6
GUFL,3/22/2018,119.0,124.0,119.0,120.0,0.84,30650.0,644.0,460.6
GUFL,3/26/2018,122.0,122.0,115.0,115.0,-4.17,5070.0,644.0,460.6
GUFL,3/27/2018,113.0,117.0,111.0,117.0,1.74,550.0,644.0,460.6
GUFL,3/28/2018,118.0,120.0,116.0,118.0,0.85,2865.0,644.0,460.6
GUFL,3/29/2018,119.0,121.0,119.0,121.0,2.54,357.0,644.0,460.6
GUFL,4/1/2018,120.0,120.0,118.0,118.0,-2.48,350.0,644.0,460.6
GUFL,4/2/2018,119.0,120.0,119.0,120.0,1.69,4460.0,644.0,460.6
GUFL,4/3/2018,120.0,120.0,120.0,120.0,0.0,200.0,644.0,460.6
GUFL,4/4/2018,120.0,120.0,118.0,120.0,0.0,2689.0,644.0,460.6
GUFL,4/5/2018,122.0,126.0,120.0,124.0,3.33,2679.0,644.0,460.6
GUFL,4/8/2018,124.0,126.0,124.0,126.0,1.61,1753.0,644.0,460.6
GUFL,4/9/2018,124.0,124.0,120.0,120.0,-4.76,588.0,644.0,460.6
GUFL,4/10/2018,122.0,126.0,122.0,122.0,1.67,1154.0,644.0,460.6
GUFL,4/11/2018,120.0,122.0,116.0,116.0,-4.92,2669.0,644.0,460.6
GUFL,4/12/2018,118.0,118.0,116.0,116.0,0.0,1131.0,644.0,460.6
GUFL,4/15/2018,116.0,116.0,115.0,115.0,-0.86,168.0,644.0,460.6
GUFL,4/16/2018,116.0,124.0,116.0,124.0,7.83,627.0,644.0,460.6
GUFL,4/17/2018,122.0,126.0,122.0,125.0,0.81,17154.0,644.0,460.6
GUFL,4/18/2018,124.0,129.0,121.0,129.0,3.2,1960.0,644.0,460.6
GUFL,4/19/2018,131.0,134.0,128.0,128.0,-0.78,3348.0,644.0,460.6
GUFL,4/22/2018,130.0,134.0,130.0,134.0,4.69,616.0,644.0,460.6
GUFL,4/23/2018,134.0,136.0,132.0,132.0,-1.49,3450.0,644.0,460.6
GUFL,4/24/2018,134.0,134.0,132.0,134.0,1.52,212.0,644.0,460.6
GUFL,4/26/2018,133.0,133.0,128.0,128.0,-4.48,177.0,644.0,460.6
GUFL,4/29/2018,126.0,126.0,123.0,123.0,-3.91,831.0,644.0,460.6
GUFL,5/2/2018,121.0,121.0,119.0,121.0,-1.63,1303.0,644.0,460.6
GUFL,5/3/2018,123.0,125.0,122.0,125.0,3.31,545.0,644.0,460.6
GUFL,5/6/2018,125.0,125.0,123.0,123.0,-1.6,146.0,644.0,460.6
GUFL,5/7/2018,125.0,125.0,123.0,123.0,0.0,642.0,644.0,460.6
GUFL,5/8/2018,125.0,125.0,123.0,123.0,0.0,210.0,644.0,460.6
GUFL,5/9/2018,123.0,124.0,121.0,121.0,-1.63,437.0,644.0,460.6
GUFL,5/10/2018,120.0,122.0,120.0,122.0,0.83,17599.0,644.0,460.6
GUFL,5/14/2018,122.0,122.0,116.0,117.0,-4.1,1372.0,644.0,460.6
GUFL,5/15/2018,116.0,116.0,115.0,115.0,-1.71,131.0,644.0,460.6
GUFL,5/16/2018,117.0,117.0,117.0,117.0,1.74,100.0,644.0,460.6
GUFL,5/20/2018,115.0,115.0,115.0,115.0,-1.71,600.0,644.0,460.6
GUFL,5/21/2018,117.0,117.0,114.0,114.0,-0.87,665.0,644.0,460.6
GUFL,5/22/2018,116.0,116.0,115.0,115.0,0.88,439.0,644.0,460.6
GUFL,5/23/2018,115.0,115.0,114.0,114.0,-0.87,7709.0,644.0,460.6
GUFL,5/24/2018,116.0,116.0,116.0,116.0,1.75,310.0,644.0,460.6
GUFL,5/27/2018,115.0,116.0,114.0,114.0,-1.72,1004.0,644.0,460.6
GUFL,5/28/2018,112.0,116.0,112.0,116.0,1.75,1027.0,644.0,460.6
GUFL,5/29/2018,116.0,116.0,116.0,116.0,0.0,9943.0,644.0,460.6
GUFL,5/30/2018,114.0,115.0,113.0,115.0,-0.86,2104.0,644.0,460.6
GUFL,5/31/2018,117.0,117.0,117.0,117.0,1.74,55.0,644.0,460.6
GUFL,6/3/2018,116.0,116.0,114.0,114.0,-2.56,903.0,644.0,460.6
GUFL,6/7/2018,112.0,112.0,112.0,112.0,-1.75,93.0,644.0,460.6
GUFL,6/10/2018,111.0,111.0,110.0,110.0,-1.79,1018.0,644.0,460.6
GUFL,6/11/2018,110.0,110.0,106.0,106.0,-3.64,4384.0,644.0,460.6
GUFL,6/12/2018,106.0,108.0,106.0,108.0,1.89,3605.0,644.0,460.6
GUFL,6/13/2018,106.0,109.0,106.0,108.0,0.0,2259.0,644.0,460.6
GUFL,6/14/2018,110.0,112.0,108.0,112.0,3.7,574.0,644.0,460.6
GUFL,6/17/2018,110.0,113.0,108.0,113.0,0.89,306.0,644.0,460.6
GUFL,6/18/2018,111.0,111.0,111.0,111.0,-1.77,100.0,644.0,460.6
GUFL,6/19/2018,109.0,109.0,109.0,109.0,-1.8,500.0,644.0,460.6
GUFL,6/20/2018,109.0,109.0,109.0,109.0,0.0,100.0,644.0,460.6
GUFL,6/21/2018,107.0,108.0,107.0,108.0,-0.92,10187.0,644.0,460.6
GUFL,6/24/2018,106.0,107.0,106.0,106.0,-1.85,7073.0,644.0,460.6
GUFL,6/25/2018,108.0,110.0,108.0,109.0,2.83,210.0,644.0,460.6
GUFL,6/27/2018,111.0,111.0,110.0,110.0,0.92,67.0,644.0,460.6
GUFL,6/28/2018,112.0,112.0,108.0,108.0,-1.82,690.0,644.0,460.6
GUFL,7/1/2018,106.0,106.0,104.0,104.0,-3.7,365.0,644.0,460.6
GUFL,7/3/2018,105.0,107.0,105.0,105.0,0.96,7454.0,644.0,460.6
GUFL,7/4/2018,107.0,107.0,105.0,107.0,1.9,3732.0,644.0,460.6
GUFL,7/5/2018,109.0,111.0,109.0,111.0,3.74,640.0,644.0,460.6
GUFL,7/9/2018,109.0,109.0,109.0,109.0,-1.8,33.0,644.0,460.6
GUFL,7/11/2018,107.0,107.0,107.0,107.0,-1.83,400.0,644.0,460.6
GUFL,7/12/2018,107.0,107.0,104.0,105.0,-1.87,4439.0,644.0,460.6
GUFL,7/15/2018,105.0,106.0,105.0,106.0,0.95,1013.0,644.0,460.6
GUFL,7/17/2018,105.0,109.0,105.0,109.0,2.83,11820.0,644.0,460.6
GUFL,7/22/2018,110.0,110.0,110.0,110.0,0.92,60.0,644.0,460.6
GUFL,7/23/2018,108.0,108.0,106.0,106.0,-3.64,920.0,644.0,460.6
GUFL,7/24/2018,108.0,116.0,108.0,114.0,7.55,280.0,644.0,460.6
GUFL,7/25/2018,112.0,112.0,111.0,111.0,-2.63,4218.0,644.0,460.6
GUFL,7/26/2018,111.0,111.0,111.0,111.0,0.0,17.0,644.0,460.6
GUFL,7/29/2018,109.0,109.0,107.0,107.0,-3.6,229.0,644.0,460.6
GUFL,7/30/2018,106.0,106.0,106.0,106.0,-0.93,10.0,644.0,460.6
GUFL,7/31/2018,107.0,109.0,105.0,109.0,2.83,292.0,644.0,460.6
GUFL,8/1/2018,107.0,109.0,107.0,109.0,0.0,430.0,644.0,460.6
GUFL,8/2/2018,108.0,109.0,105.0,105.0,-3.67,625.0,644.0,460.6
GUFL,8/5/2018,105.0,105.0,103.0,105.0,0.0,4127.0,644.0,460.6
GUFL,8/6/2018,107.0,107.0,107.0,107.0,1.9,60.0,644.0,460.6
GUFL,8/7/2018,107.0,107.0,107.0,107.0,0.0,1752.0,644.0,460.6
GUFL,8/8/2018,107.0,107.0,104.0,105.0,-1.87,2977.0,644.0,460.6
GUFL,8/9/2018,107.0,107.0,107.0,107.0,1.9,310.0,644.0,460.6
GUFL,8/12/2018,107.0,107.0,105.0,105.0,-1.87,430.0,644.0,460.6
GUFL,8/13/2018,103.0,109.0,103.0,109.0,3.81,6307.0,644.0,460.6
GUFL,8/14/2018,109.0,115.0,107.0,115.0,5.5,9174.0,644.0,460.6
GUFL,8/15/2018,113.0,117.0,111.0,117.0,1.74,7433.0,644.0,460.6
GUFL,8/16/2018,116.0,116.0,113.0,113.0,-3.42,2752.0,644.0,460.6
GUFL,8/19/2018,111.0,111.0,110.0,110.0,-2.65,540.0,644.0,460.6
GUFL,8/20/2018,110.0,110.0,110.0,110.0,0.0,632.0,644.0,460.6
GUFL,8/21/2018,109.0,109.0,105.0,105.0,-4.55,1015.0,644.0,460.6
GUFL,8/22/2018,107.0,109.0,107.0,109.0,3.81,40.0,644.0,460.6
GUFL,8/23/2018,111.0,111.0,109.0,110.0,0.92,562.0,644.0,460.6
GUFL,8/26/2018,108.0,108.0,108.0,108.0,-1.82,5103.0,644.0,460.6
GUFL,8/28/2018,110.0,112.0,110.0,110.0,1.85,1510.0,644.0,460.6
GUFL,8/29/2018,112.0,112.0,110.0,110.0,0.0,168.0,644.0,460.6
GUFL,8/30/2018,112.0,114.0,112.0,112.0,1.82,2275.0,644.0,460.6
GUFL,9/2/2018,113.0,112.0,111.0,111.0,-0.89,2850.0,644.0,460.6
GUFL,9/3/2018,113.0,115.0,113.0,115.0,3.6,1530.0,644.0,460.6
GUFL,9/4/2018,113.0,114.0,112.0,112.0,-2.61,671.0,644.0,460.6
GUFL,9/5/2018,114.0,114.0,108.0,110.0,-1.79,3978.0,644.0,460.6
GUFL,9/6/2018,111.0,111.0,110.0,111.0,0.91,951.0,644.0,460.6
GUFL,9/9/2018,109.0,109.0,107.0,107.0,-3.6,6411.0,644.0,460.6
GUFL,9/10/2018,106.0,106.0,106.0,106.0,-0.93,200.0,644.0,460.6
GUFL,9/11/2018,108.0,110.0,108.0,110.0,3.77,1225.0,644.0,460.6
GUFL,9/12/2018,109.0,109.0,106.0,106.0,-3.64,8700.0,644.0,460.6
GUFL,9/13/2018,104.0,109.0,104.0,107.0,0.94,7599.0,644.0,460.6
GUFL,9/16/2018,109.0,109.0,109.0,109.0,1.87,100.0,644.0,460.6
GUFL,9/17/2018,110.0,110.0,107.0,107.0,-1.83,2448.0,644.0,460.6
GUFL,9/20/2018,106.0,110.0,106.0,110.0,2.8,1942.0,644.0,460.6
GUFL,9/25/2018,111.0,111.0,105.0,105.0,-4.55,7774.0,644.0,460.6
GUFL,9/26/2018,107.0,112.0,107.0,109.0,3.81,3424.0,644.0,460.6
GUFL,9/27/2018,107.0,111.0,107.0,111.0,1.83,3554.0,644.0,460.6
GUFL,9/30/2018,113.0,113.0,113.0,113.0,1.8,23.0,644.0,460.6
GUFL,10/1/2018,111.0,111.0,111.0,111.0,-1.77,30.0,644.0,460.6
GUFL,10/2/2018,110.0,110.0,108.0,108.0,-2.7,1176.0,644.0,460.6
GUFL,10/3/2018,106.0,112.0,106.0,112.0,3.7,1027.0,644.0,460.6
GUFL,10/4/2018,110.0,110.0,108.0,108.0,-3.57,143.0,644.0,460.6
GUFL,10/7/2018,108.0,108.0,104.0,106.0,-1.85,7443.0,644.0,460.6
GUFL,10/8/2018,107.0,107.0,105.0,105.0,-0.94,10315.0,644.0,460.6
GUFL,10/9/2018,105.0,106.0,105.0,106.0,0.95,158.0,644.0,460.6
GUFL,10/10/2018,106.0,106.0,106.0,106.0,0.0,500.0,644.0,460.6
GUFL,10/11/2018,108.0,108.0,106.0,106.0,0.0,1520.0,644.0,460.6
GUFL,10/14/2018,106.0,106.0,105.0,106.0,0.0,2800.0,644.0,460.6
GUFL,10/15/2018,105.0,107.0,105.0,105.0,-0.94,4415.0,644.0,460.6
GUFL,10/21/2018,107.0,108.0,107.0,108.0,2.86,400.0,644.0,460.6
GUFL,10/22/2018,106.0,107.0,106.0,107.0,-0.93,64.0,644.0,460.6
GUFL,10/23/2018,106.0,106.0,106.0,106.0,-0.93,2946.0,644.0,460.6
GUFL,10/24/2018,108.0,108.0,108.0,108.0,1.89,100.0,644.0,460.6
GUFL,10/29/2018,106.0,106.0,106.0,106.0,-1.85,243.0,644.0,460.6
GUFL,10/30/2018,106.0,108.0,106.0,108.0,1.89,2584.0,644.0,460.6
GUFL,10/31/2018,106.0,106.0,106.0,106.0,-1.85,200.0,644.0,460.6
GUFL,11/1/2018,107.0,107.0,105.0,105.0,-0.94,750.0,644.0,460.6
GUFL,11/4/2018,103.0,104.0,103.0,104.0,-0.95,2433.0,644.0,460.6
GUFL,11/5/2018,104.0,110.0,104.0,107.0,2.88,4199.0,644.0,460.6
GUFL,11/6/2018,107.0,106.0,104.0,106.0,-0.93,800.0,644.0,460.6
GUFL,11/11/2018,106.0,108.0,106.0,108.0,1.89,10.0,644.0,460.6
GUFL,11/13/2018,107.0,108.0,106.0,106.0,-1.85,237.0,644.0,460.6
GUFL,11/14/2018,104.0,106.0,102.0,104.0,-1.89,526.0,644.0,460.6
GUFL,11/15/2018,102.0,106.0,102.0,106.0,1.92,1194.0,644.0,460.6
GUFL,11/18/2018,108.0,108.0,106.0,106.0,0.0,520.0,644.0,460.6
GUFL,11/19/2018,104.0,106.0,104.0,104.0,-1.89,150.0,644.0,460.6
GUFL,11/20/2018,105.0,105.0,102.0,102.0,-1.92,5475.0,644.0,460.6
GUFL,11/21/2018,101.0,105.0,101.0,104.0,1.96,1572.0,644.0,460.6
GUFL,11/22/2018,104.0,106.0,104.0,106.0,1.92,406.0,644.0,460.6
GUFL,11/25/2018,104.0,104.0,104.0,104.0,-1.89,123.0,644.0,460.6
GUFL,11/26/2018,105.0,105.0,103.0,103.0,-0.96,1356.0,644.0,460.6
GUFL,11/27/2018,103.0,103.0,103.0,103.0,0.0,806.0,644.0,460.6
GUFL,11/29/2018,101.0,102.0,101.0,102.0,-0.97,1400.0,644.0,460.6
GUFL,12/2/2018,104.0,104.0,101.0,101.0,-0.98,1359.0,644.0,460.6
GUFL,12/4/2018,102.0,103.0,102.0,103.0,1.98,1053.0,644.0,460.6
GUFL,12/5/2018,103.0,103.0,100.0,102.0,-0.97,670.0,644.0,460.6
GUFL,12/9/2018,104.0,104.0,102.0,102.0,0.0,850.0,644.0,460.6
GUFL,12/10/2018,101.0,101.0,101.0,101.0,-0.98,563.0,644.0,460.6
GUFL,12/11/2018,100.0,100.0,100.0,100.0,-0.99,19.0,644.0,460.6
GUFL,12/12/2018,101.0,101.0,100.0,100.0,0.0,162.0,644.0,460.6
GUFL,12/18/2018,100.0,100.0,98.0,100.0,0.0,2488.0,644.0,460.6
GUFL,12/19/2018,101.0,104.0,101.0,104.0,4.0,1310.0,644.0,460.6
GUFL,12/20/2018,102.0,102.0,102.0,102.0,-1.92,43.0,644.0,460.6
GUFL,12/23/2018,102.0,102.0,102.0,102.0,0.0,303.0,644.0,460.6
GUFL,12/24/2018,101.0,106.0,101.0,106.0,3.92,1897.0,644.0,460.6
GUFL,12/26/2018,104.0,106.0,104.0,106.0,0.0,2360.0,644.0,460.6
GUFL,12/27/2018,104.0,104.0,104.0,104.0,-1.89,256.0,644.0,460.6
GUFL,12/30/2018,102.0,103.0,102.0,103.0,-0.96,120.0,644.0,460.6
GUFL,12/31/2018,105.0,106.0,105.0,106.0,2.91,781.0,644.0,460.6
GUFL,1/2/2019,103.0,103.0,101.0,103.0,-2.83,1015.0,644.0,460.6
GUFL,1/3/2019,103.0,103.0,103.0,103.0,0.0,100.0,644.0,460.6
GUFL,1/6/2019,101.0,102.0,100.0,100.0,-2.91,558.0,644.0,460.6
GUFL,1/7/2019,102.0,104.0,102.0,104.0,4.0,138.0,644.0,460.6
GUFL,1/8/2019,102.0,102.0,102.0,102.0,-1.92,21.0,644.0,460.6
GUFL,1/9/2019,102.0,103.0,100.0,100.0,-1.96,2200.0,644.0,460.6
GUFL,1/10/2019,100.0,100.0,100.0,100.0,0.0,3871.0,644.0,460.6
GUFL,1/13/2019,98.0,106.0,98.0,100.0,0.0,1694.0,644.0,460.6
GUFL,1/14/2019,102.0,108.0,102.0,108.0,8.0,220.0,644.0,460.6
GUFL,1/15/2019,106.0,106.0,106.0,106.0,-1.85,19.0,644.0,460.6
GUFL,1/16/2019,104.0,104.0,104.0,104.0,-1.89,300.0,644.0,460.6
GUFL,1/17/2019,106.0,108.0,104.0,104.0,0.0,6843.0,644.0,460.6
GUFL,1/21/2019,104.0,109.0,104.0,109.0,4.81,1013.0,644.0,460.6
GUFL,1/22/2019,107.0,107.0,107.0,107.0,-1.83,41.0,644.0,460.6
GUFL,1/23/2019,105.0,105.0,103.0,103.0,-3.74,3279.0,644.0,460.6
GUFL,1/24/2019,105.0,105.0,103.0,103.0,0.0,101.0,644.0,460.6
GUFL,1/27/2019,105.0,105.0,103.0,104.0,0.97,2206.0,644.0,460.6
GUFL,1/28/2019,103.0,103.0,102.0,103.0,-0.96,1022.0,644.0,460.6
GUFL,1/29/2019,105.0,109.0,105.0,106.0,2.91,7016.0,644.0,460.6
GUFL,1/30/2019,107.0,107.0,102.0,102.0,-3.77,22560.0,644.0,460.6
GUFL,1/31/2019,101.0,105.0,101.0,105.0,2.94,22186.0,644.0,460.6
GUFL,2/4/2019,105.0,106.0,104.0,106.0,0.95,23047.0,644.0,460.6
GUFL,2/5/2019,106.0,106.0,104.0,106.0,0.0,335.0,644.0,460.6
GUFL,2/6/2019,104.0,105.0,104.0,104.0,-1.89,402.0,644.0,460.6
GUFL,2/7/2019,105.0,106.0,103.0,105.0,0.96,1302.0,644.0,460.6
GUFL,2/10/2019,105.0,105.0,103.0,103.0,-1.9,1350.0,644.0,460.6
GUFL,2/11/2019,103.0,105.0,103.0,104.0,0.97,1143.0,644.0,460.6
GUFL,2/12/2019,102.0,102.0,101.0,101.0,-2.88,750.0,644.0,460.6
GUFL,2/13/2019,103.0,103.0,102.0,102.0,0.99,16323.0,644.0,460.6
GUFL,2/14/2019,102.0,103.0,102.0,102.0,0.0,7902.0,644.0,460.6
GUFL,2/17/2019,102.0,102.0,102.0,102.0,0.0,1080.0,644.0,460.6
GUFL,2/18/2019,101.0,102.0,101.0,102.0,0.0,629.0,644.0,460.6
GUFL,2/19/2019,103.0,103.0,102.0,102.0,0.0,649.0,644.0,460.6
GUFL,2/20/2019,103.0,103.0,103.0,103.0,0.98,200.0,644.0,460.6
GUFL,2/21/2019,103.0,103.0,101.0,101.0,-1.94,1500.0,644.0,460.6
GUFL,2/24/2019,100.0,100.0,98.0,99.0,-1.98,3504.0,644.0,460.6
GUFL,2/25/2019,100.0,101.0,99.0,101.0,2.02,2404.0,644.0,460.6
GUFL,2/26/2019,101.0,103.0,101.0,103.0,1.98,1600.0,644.0,460.6
GUFL,2/27/2019,103.0,103.0,102.0,103.0,0.0,1582.0,644.0,460.6
GUFL,3/3/2019,103.0,107.0,103.0,104.0,0.97,2688.0,644.0,460.6
GUFL,3/5/2019,106.0,108.0,104.0,108.0,3.85,2832.0,644.0,460.6
GUFL,3/6/2019,108.0,108.0,107.0,108.0,0.0,1315.0,644.0,460.6
GUFL,3/7/2019,106.0,108.0,106.0,108.0,0.0,26346.0,644.0,460.6
GUFL,3/11/2019,110.0,114.0,110.0,110.0,1.85,2162.0,644.0,460.6
GUFL,3/12/2019,108.0,112.0,106.0,112.0,1.82,21119.0,644.0,460.6
GUFL,3/13/2019,110.0,110.0,108.0,110.0,-1.79,1424.0,644.0,460.6
GUFL,3/14/2019,110.0,110.0,109.0,110.0,0.0,1237.0,644.0,460.6
GUFL,3/17/2019,109.0,112.0,108.0,110.0,0.0,10641.0,644.0,460.6
GUFL,3/18/2019,108.0,117.0,108.0,112.0,1.82,12720.0,644.0,460.6
GUFL,3/19/2019,110.0,110.0,109.0,109.0,-2.68,1031.0,644.0,460.6
GUFL,3/21/2019,110.0,113.0,110.0,112.0,2.75,1498.0,644.0,460.6
GUFL,3/24/2019,110.0,112.0,110.0,111.0,-0.89,650.0,644.0,460.6
GUFL,3/25/2019,113.0,113.0,111.0,111.0,0.0,4626.0,644.0,460.6
GUFL,3/26/2019,111.0,113.0,111.0,112.0,0.9,2151.0,644.0,460.6
GUFL,3/27/2019,112.0,114.0,111.0,113.0,0.89,1005.0,644.0,460.6
GUFL,3/28/2019,114.0,117.0,113.0,113.0,0.0,1170.0,644.0,460.6
GUFL,3/31/2019,112.0,112.0,112.0,112.0,-0.88,301.0,644.0,460.6
GUFL,4/1/2019,112.0,115.0,112.0,112.0,0.0,5358.0,644.0,460.6
GUFL,4/2/2019,111.0,112.0,110.0,110.0,-1.79,10054.0,644.0,460.6
GUFL,4/3/2019,112.0,114.0,109.0,110.0,0.0,9230.0,644.0,460.6
GUFL,4/4/2019,112.0,112.0,110.0,112.0,1.82,2449.0,644.0,460.6
GUFL,4/7/2019,112.0,114.0,111.0,112.0,0.0,10755.0,644.0,460.6
GUFL,4/8/2019,114.0,115.0,112.0,112.0,0.0,2778.0,644.0,460.6
GUFL,4/9/2019,111.0,111.0,110.0,110.0,-1.79,2967.0,644.0,460.6
GUFL,4/10/2019,109.0,118.0,109.0,113.0,2.73,360.0,644.0,460.6
GUFL,4/11/2019,112.0,112.0,110.0,111.0,-1.77,734.0,644.0,460.6
GUFL,4/15/2019,111.0,113.0,110.0,113.0,1.8,1105.0,644.0,460.6
GUFL,4/16/2019,112.0,113.0,112.0,113.0,0.0,2790.0,644.0,460.6
GUFL,4/17/2019,115.0,116.0,114.0,116.0,2.65,1710.0,644.0,460.6
GUFL,4/18/2019,114.0,114.0,112.0,113.0,-2.59,2220.0,644.0,460.6
GUFL,4/21/2019,111.0,115.0,111.0,113.0,0.0,170.0,644.0,460.6
GUFL,4/22/2019,113.0,113.0,111.0,111.0,-1.77,3150.0,644.0,460.6
GUFL,4/23/2019,112.0,112.0,111.0,111.0,0.0,1350.0,644.0,460.6
GUFL,4/24/2019,110.0,112.0,110.0,110.0,-0.9,1369.0,644.0,460.6
GUFL,4/25/2019,111.0,117.0,111.0,113.0,2.73,3731.0,644.0,460.6
GUFL,4/28/2019,115.0,116.0,114.0,114.0,0.88,5900.0,644.0,460.6
GUFL,4/29/2019,112.0,113.0,112.0,113.0,-0.88,1245.0,644.0,460.6
GUFL,4/30/2019,112.0,112.0,111.0,111.0,-1.77,5250.0,644.0,460.6
GUFL,5/2/2019,109.0,112.0,109.0,110.0,-0.9,8131.0,644.0,460.6
GUFL,5/5/2019,112.0,112.0,110.0,110.0,0.0,289.0,644.0,460.6
GUFL,5/6/2019,108.0,108.0,108.0,108.0,-1.82,1000.0,644.0,460.6
GUFL,5/7/2019,108.0,108.0,108.0,108.0,0.0,24.0,644.0,460.6
GUFL,5/8/2019,108.0,110.0,108.0,109.0,0.93,1333.0,644.0,460.6
GUFL,5/9/2019,107.0,109.0,107.0,108.0,-0.92,1341.0,644.0,460.6
GUFL,5/12/2019,110.0,112.0,110.0,110.0,1.85,489.0,644.0,460.6
GUFL,5/13/2019,109.0,109.0,105.0,109.0,-0.91,24474.0,644.0,460.6
GUFL,5/14/2019,111.0,112.0,107.0,107.0,-1.83,26120.0,644.0,460.6
GUFL,5/15/2019,109.0,110.0,107.0,107.0,0.0,15244.0,644.0,460.6
GUFL,5/16/2019,109.0,112.0,108.0,110.0,2.8,7540.0,644.0,460.6
GUFL,5/19/2019,108.0,112.0,108.0,108.0,-1.82,6930.0,644.0,460.6
GUFL,5/20/2019,107.0,113.0,106.0,111.0,2.78,44799.0,644.0,460.6
GUFL,5/21/2019,110.0,116.0,110.0,115.0,3.6,34882.0,644.0,460.6
GUFL,5/22/2019,113.0,122.0,111.0,119.0,3.48,40436.0,644.0,460.6
GUFL,5/23/2019,119.0,119.0,114.0,117.0,-1.68,7404.0,644.0,460.6
GUFL,5/26/2019,116.0,116.0,111.0,111.0,-5.13,220.0,644.0,460.6
GUFL,5/27/2019,110.0,119.0,110.0,119.0,7.21,28406.0,644.0,460.6
GUFL,5/28/2019,117.0,119.0,117.0,117.0,-1.68,6772.0,644.0,460.6
GUFL,5/29/2019,118.0,120.0,118.0,118.0,0.85,23952.0,644.0,460.6
GUFL,5/30/2019,120.0,126.0,118.0,118.0,0.0,42238.0,644.0,460.6
GUFL,6/2/2019,119.0,119.0,117.0,117.0,-0.85,1081.0,644.0,460.6
GUFL,6/3/2019,117.0,118.0,116.0,116.0,-0.85,5080.0,644.0,460.6
GUFL,6/4/2019,115.0,118.0,110.0,114.0,-1.72,15758.0,644.0,460.6
GUFL,6/6/2019,116.0,124.0,116.0,122.0,7.02,13663.0,644.0,460.6
GUFL,6/10/2019,122.0,127.0,116.0,122.0,0.0,4275.0,644.0,460.6
GUFL,6/11/2019,124.0,124.0,120.0,120.0,-1.64,410.0,644.0,460.6
GUFL,6/12/2019,118.0,121.0,116.0,121.0,0.83,3630.0,644.0,460.6
GUFL,6/13/2019,121.0,121.0,118.0,118.0,-2.48,1898.0,644.0,460.6
GUFL,6/16/2019,117.0,118.0,116.0,117.0,-0.85,1357.0,644.0,460.6
GUFL,6/17/2019,117.0,123.0,117.0,123.0,5.13,21118.0,644.0,460.6
GUFL,6/18/2019,121.0,121.0,119.0,120.0,-2.44,3369.0,644.0,460.6
GUFL,6/19/2019,119.0,122.0,118.0,119.0,-0.83,4866.0,644.0,460.6
GUFL,6/20/2019,119.0,120.0,118.0,118.0,-0.84,10221.0,644.0,460.6
GUFL,6/23/2019,118.0,118.0,116.0,117.0,-0.85,3002.0,644.0,460.6
GUFL,6/24/2019,117.0,119.0,116.0,119.0,1.71,5323.0,644.0,460.6
GUFL,6/25/2019,118.0,120.0,118.0,119.0,0.0,1805.0,644.0,460.6
GUFL,6/26/2019,119.0,121.0,119.0,120.0,0.84,3261.0,644.0,460.6
GUFL,6/27/2019,120.0,122.0,120.0,121.0,0.83,6543.0,644.0,460.6
GUFL,6/30/2019,119.0,119.0,117.0,118.0,-2.48,1139.0,644.0,460.6
GUFL,7/1/2019,116.0,117.0,114.0,116.0,-1.69,3495.0,644.0,460.6
GUFL,7/2/2019,116.0,119.0,115.0,119.0,2.59,4906.0,644.0,460.6
GUFL,7/3/2019,120.0,120.0,119.0,119.0,0.0,1531.0,644.0,460.6
GUFL,7/4/2019,120.0,122.0,119.0,119.0,0.0,3428.0,644.0,460.6
GUFL,7/7/2019,118.0,118.0,118.0,118.0,-0.84,91.0,644.0,460.6
GUFL,7/8/2019,120.0,120.0,119.0,120.0,1.69,2727.0,644.0,460.6
GUFL,7/9/2019,120.0,121.0,119.0,119.0,-0.83,2682.0,644.0,460.6
GUFL,7/10/2019,121.0,121.0,120.0,121.0,1.68,2171.0,644.0,460.6
GUFL,7/11/2019,121.0,121.0,120.0,120.0,-0.83,3892.0,644.0,460.6
GUFL,7/14/2019,118.0,120.0,118.0,118.0,-1.67,872.0,644.0,460.6
GUFL,7/15/2019,117.0,120.0,117.0,120.0,1.69,3803.0,644.0,460.6
GUFL,7/16/2019,126.0,126.0,121.0,121.0,0.83,410.0,644.0,460.6
GUFL,7/17/2019,122.0,122.0,120.0,120.0,-0.83,1020.0,644.0,460.6
GUFL,7/18/2019,122.0,122.0,122.0,122.0,1.67,4743.0,644.0,460.6
GUFL,7/21/2019,121.0,123.0,118.0,123.0,0.82,2040.0,644.0,460.6
GUFL,7/22/2019,123.0,123.0,121.0,121.0,-1.63,920.0,644.0,460.6
GUFL,7/23/2019,122.0,125.0,121.0,125.0,3.31,7819.0,644.0,460.6
GUFL,7/24/2019,123.0,124.0,122.0,122.0,-2.4,7983.0,644.0,460.6
GUFL,7/25/2019,121.0,123.0,121.0,122.0,0.0,3930.0,644.0,460.6
GUFL,7/28/2019,120.0,123.0,120.0,123.0,0.82,6695.0,644.0,460.6
GUFL,7/29/2019,121.0,121.0,120.0,120.0,-2.44,7440.0,644.0,460.6
GUFL,7/30/2019,120.0,126.0,120.0,121.0,0.83,3483.0,644.0,460.6
GUFL,7/31/2019,123.0,123.0,121.0,122.0,0.83,1006.0,644.0,460.6
GUFL,8/1/2019,122.0,125.0,122.0,124.0,1.64,4189.0,644.0,460.6
GUFL,8/4/2019,125.0,125.0,122.0,122.0,-1.61,1822.0,644.0,460.6
GUFL,8/5/2019,120.0,120.0,120.0,120.0,-1.64,1500.0,644.0,460.6
GUFL,8/6/2019,120.0,120.0,120.0,120.0,0.0,3500.0,644.0,460.6
GUFL,8/7/2019,118.0,121.0,118.0,121.0,0.83,3627.0,644.0,460.6
GUFL,8/8/2019,119.0,120.0,119.0,120.0,-0.83,161.0,644.0,460.6
GUFL,8/11/2019,120.0,120.0,118.0,120.0,0.0,40.0,644.0,460.6
GUFL,8/12/2019,120.0,120.0,118.0,120.0,0.0,11678.0,644.0,460.6
GUFL,8/13/2019,120.0,120.0,119.0,120.0,0.0,6535.0,644.0,460.6
GUFL,8/14/2019,118.0,119.0,118.0,119.0,-0.83,1170.0,644.0,460.6
GUFL,8/18/2019,120.0,120.0,119.0,119.0,0.0,783.0,644.0,460.6
GUFL,8/19/2019,117.0,119.0,117.0,118.0,-0.84,2876.0,644.0,460.6
GUFL,8/20/2019,119.0,119.0,119.0,119.0,0.85,4000.0,644.0,460.6
GUFL,8/22/2019,121.0,123.0,118.0,120.0,0.84,8778.0,644.0,460.6
GUFL,8/25/2019,121.0,121.0,120.0,120.0,0.0,4408.0,644.0,460.6
GUFL,8/26/2019,118.0,118.0,118.0,118.0,-1.67,801.0,644.0,460.6
GUFL,8/27/2019,119.0,120.0,118.0,118.0,0.0,2150.0,644.0,460.6
GUFL,8/28/2019,116.0,117.0,116.0,117.0,-0.85,4265.0,644.0,460.6
GUFL,8/29/2019,117.0,117.0,117.0,117.0,0.0,10.0,644.0,460.6
GUFL,9/1/2019,119.0,119.0,118.0,118.0,0.85,2600.0,644.0,460.6
GUFL,9/2/2019,118.0,118.0,118.0,118.0,0.0,10.0,644.0,460.6
GUFL,9/3/2019,116.0,118.0,116.0,118.0,0.0,1600.0,644.0,460.6
GUFL,9/4/2019,117.0,117.0,117.0,117.0,-0.85,604.0,644.0,460.6
GUFL,9/5/2019,117.0,117.0,115.0,116.0,-0.85,3230.0,644.0,460.6
GUFL,9/9/2019,118.0,118.0,116.0,116.0,0.0,700.0,644.0,460.6
GUFL,9/11/2019,115.0,115.0,112.0,112.0,-3.45,535.0,644.0,460.6
GUFL,9/12/2019,112.0,112.0,112.0,112.0,0.0,2152.0,644.0,460.6
GUFL,9/16/2019,111.0,111.0,110.0,110.0,-1.79,2432.0,644.0,460.6
GUFL,9/17/2019,112.0,114.0,112.0,114.0,3.64,1175.0,644.0,460.6
GUFL,9/18/2019,115.0,115.0,114.0,115.0,0.88,447.0,644.0,460.6
GUFL,9/19/2019,113.0,114.0,112.0,112.0,-2.61,2250.0,644.0,460.6
GUFL,9/22/2019,110.0,110.0,110.0,110.0,-1.79,607.0,644.0,460.6
GUFL,9/23/2019,109.0,111.0,109.0,111.0,0.91,5881.0,644.0,460.6
GUFL,9/24/2019,109.0,109.0,107.0,107.0,-3.6,531.0,644.0,460.6
GUFL,9/26/2019,109.0,114.0,109.0,114.0,6.54,55.0,644.0,460.6
GUFL,9/29/2019,112.0,112.0,107.0,107.0,-6.14,1429.0,644.0,460.6
GUFL,9/30/2019,107.0,109.0,107.0,109.0,1.87,972.0,644.0,460.6
GUFL,10/1/2019,108.0,108.0,108.0,108.0,-0.92,100.0,644.0,460.6
GUFL,10/2/2019,110.0,110.0,110.0,110.0,1.85,20.0,644.0,460.6
GUFL,10/3/2019,112.0,112.0,112.0,112.0,1.82,38.0,644.0,460.6
GUFL,10/14/2019,111.0,111.0,109.0,109.0,-2.68,1800.0,644.0,460.6
GUFL,10/16/2019,110.0,110.0,110.0,110.0,0.92,510.0,644.0,460.6
GUFL,10/17/2019,109.0,109.0,108.0,109.0,-0.91,299.0,644.0,460.6
GUFL,10/20/2019,108.0,110.0,108.0,110.0,0.92,783.0,644.0,460.6
GUFL,10/21/2019,109.0,109.0,109.0,109.0,-0.91,150.0,644.0,460.6
GUFL,10/22/2019,109.0,110.0,109.0,109.0,0.0,2055.0,644.0,460.6
GUFL,10/24/2019,111.0,115.0,111.0,113.0,3.67,630.0,644.0,460.6
GUFL,11/3/2019,115.0,115.0,115.0,115.0,1.77,20.0,644.0,460.6
GUFL,11/4/2019,115.0,115.0,110.0,110.0,-4.35,177.0,644.0,460.6
GUFL,11/5/2019,110.0,110.0,110.0,110.0,0.0,100.0,644.0,460.6
GUFL,11/6/2019,110.0,111.0,110.0,111.0,0.91,1173.0,644.0,460.6
GUFL,11/7/2019,110.0,110.0,110.0,110.0,-0.9,91.0,644.0,460.6
GUFL,11/10/2019,115.0,115.0,113.0,113.0,2.73,1510.0,644.0,460.6
GUFL,11/11/2019,111.0,111.0,111.0,111.0,-1.77,50.0,644.0,460.6
GUFL,11/12/2019,109.0,109.0,109.0,109.0,-1.8,236.0,644.0,460.6
GUFL,11/13/2019,111.0,113.0,110.0,113.0,3.67,568.0,644.0,460.6
GUFL,11/14/2019,115.0,116.0,110.0,114.0,0.88,3110.0,644.0,460.6
GUFL,11/17/2019,112.0,112.0,110.0,110.0,-3.51,1277.0,644.0,460.6
GUFL,11/18/2019,110.0,112.0,110.0,112.0,1.82,840.0,644.0,460.6
GUFL,11/19/2019,112.0,112.0,112.0,112.0,0.0,315.0,644.0,460.6
GUFL,11/20/2019,110.0,110.0,110.0,110.0,-1.79,500.0,644.0,460.6
GUFL,11/21/2019,109.0,111.0,109.0,111.0,0.91,3709.0,644.0,460.6
GUFL,11/24/2019,109.0,109.0,105.0,105.0,-5.41,1441.0,644.0,460.6
GUFL,11/25/2019,104.0,106.0,104.0,106.0,0.95,1205.0,644.0,460.6
GUFL,11/27/2019,105.0,116.0,105.0,116.0,9.43,542.0,644.0,460.6
GUFL,11/28/2019,114.0,114.0,112.0,112.0,-3.45,1990.0,644.0,460.6
GUFL,12/1/2019,112.0,112.0,112.0,112.0,0.0,20.0,644.0,460.6
GUFL,12/2/2019,110.0,110.0,110.0,110.0,-1.79,93.0,644.0,460.6
GUFL,12/3/2019,110.0,110.0,108.0,108.0,-1.82,165.0,644.0,460.6
GUFL,12/4/2019,108.0,108.0,108.0,108.0,0.0,200.0,644.0,460.6
GUFL,12/5/2019,110.0,112.0,108.0,112.0,3.7,825.0,644.0,460.6
GUFL,12/8/2019,111.0,111.0,111.0,111.0,-0.89,100.0,644.0,460.6
GUFL,12/9/2019,110.0,116.0,110.0,116.0,4.5,847.0,644.0,460.6
GUFL,12/10/2019,118.0,118.0,118.0,118.0,1.72,30.0,644.0,460.6
GUFL,12/11/2019,119.0,120.0,117.0,117.0,-0.85,160.0,644.0,460.6
GUFL,12/12/2019,115.0,115.0,115.0,115.0,-1.71,20.0,644.0,460.6
GUFL,12/15/2019,113.0,114.0,113.0,113.0,-1.74,330.0,644.0,460.6
GUFL,12/16/2019,111.0,111.0,110.0,110.0,-2.65,510.0,644.0,460.6
GUFL,12/17/2019,108.0,110.0,108.0,110.0,0.0,504.0,644.0,460.6
GUFL,12/18/2019,108.0,108.0,108.0,108.0,-1.82,100.0,644.0,460.6
GUFL,12/19/2019,109.0,109.0,109.0,109.0,0.93,12.0,644.0,460.6
GUFL,12/22/2019,107.0,109.0,107.0,109.0,0.0,448.0,644.0,460.6
GUFL,12/24/2019,108.0,115.0,108.0,115.0,5.5,2050.0,644.0,460.6
GUFL,12/25/2019,113.0,113.0,111.0,113.0,-1.74,133.0,644.0,460.6
GUFL,12/26/2019,112.0,112.0,111.0,111.0,-1.77,614.0,644.0,460.6
GUFL,12/29/2019,111.0,113.0,111.0,113.0,1.8,23.0,644.0,460.6
GUFL,12/30/2019,111.0,111.0,110.0,110.0,-2.65,543.0,644.0,460.6
GUFL,12/31/2019,111.0,112.0,107.0,112.0,1.82,2531.0,644.0,460.6
GUFL,1/1/2020,110.0,110.0,110.0,110.0,-1.79,200.0,644.0,460.6
GUFL,1/2/2020,110.0,110.0,109.0,109.0,-0.91,340.0,644.0,460.6
GUFL,1/5/2020,111.0,111.0,110.0,110.0,0.92,2828.0,644.0,460.6
GUFL,1/6/2020,112.0,112.0,110.0,110.0,0.0,1900.0,644.0,460.6
GUFL,1/7/2020,112.0,114.0,112.0,114.0,3.64,1917.0,644.0,460.6
GUFL,1/8/2020,119.0,119.0,117.0,117.0,2.63,250.0,644.0,460.6
GUFL,1/9/2020,115.0,116.0,115.0,116.0,-0.85,176.0,644.0,460.6
GUFL,1/12/2020,118.0,122.0,114.0,122.0,5.17,6392.0,644.0,460.6
GUFL,1/13/2020,121.0,125.0,118.0,119.0,-2.46,13824.0,644.0,460.6
GUFL,1/14/2020,124.0,124.0,120.0,121.0,1.68,7132.0,644.0,460.6
GUFL,1/15/2020,123.0,127.0,120.0,124.0,2.48,4563.0,644.0,460.6
GUFL,1/16/2020,126.0,130.0,122.0,122.0,-1.61,17314.0,644.0,460.6
GUFL,1/19/2020,124.0,134.0,124.0,134.0,9.84,47880.0,644.0,460.6
GUFL,1/20/2020,134.0,147.0,129.0,135.0,0.75,33416.0,644.0,460.6
GUFL,1/21/2020,135.0,145.0,133.0,134.0,-0.74,15442.0,644.0,460.6
GUFL,1/22/2020,134.0,142.0,133.0,135.0,0.75,5236.0,644.0,460.6
GUFL,1/23/2020,137.0,138.0,131.0,133.0,-1.48,981.0,644.0,460.6
GUFL,1/26/2020,133.0,135.0,131.0,131.0,-1.5,12675.0,644.0,460.6
GUFL,1/27/2020,131.0,135.0,130.0,130.0,-0.76,2884.0,644.0,460.6
GUFL,1/28/2020,132.0,134.0,130.0,130.0,0.0,2320.0,644.0,460.6
GUFL,1/29/2020,128.0,128.0,126.0,128.0,-1.54,4199.0,644.0,460.6
GUFL,1/30/2020,127.0,129.0,122.0,122.0,-4.69,23236.0,644.0,460.6
GUFL,2/2/2020,124.0,132.0,124.0,128.0,4.92,1863.0,644.0,460.6
GUFL,2/3/2020,128.0,130.0,125.0,127.0,-0.78,4375.0,644.0,460.6
GUFL,2/4/2020,129.0,133.0,127.0,133.0,4.72,9626.0,644.0,460.6
GUFL,2/5/2020,131.0,133.0,128.0,133.0,0.0,3233.0,644.0,460.6
GUFL,2/6/2020,135.0,136.0,131.0,131.0,-1.5,9185.0,644.0,460.6
GUFL,2/9/2020,133.0,133.0,127.0,129.0,-1.53,6822.0,644.0,460.6
GUFL,2/10/2020,130.0,133.0,130.0,131.0,1.55,559.0,644.0,460.6
GUFL,2/11/2020,133.0,135.0,128.0,129.0,-1.53,4335.0,644.0,460.6
GUFL,2/12/2020,131.0,133.0,129.0,130.0,0.78,4004.0,644.0,460.6
GUFL,2/13/2020,128.0,130.0,126.0,128.0,-1.54,14761.0,644.0,460.6
GUFL,2/16/2020,130.0,130.0,126.0,127.0,-0.78,4486.0,644.0,460.6
GUFL,2/17/2020,129.0,135.0,128.0,131.0,3.15,6357.0,644.0,460.6
GUFL,2/18/2020,131.0,133.0,130.0,130.0,-0.76,3658.0,644.0,460.6
GUFL,2/19/2020,128.0,132.0,128.0,130.0,0.0,2401.0,644.0,460.6
GUFL,2/20/2020,132.0,132.0,128.0,130.0,0.0,3559.0,644.0,460.6
GUFL,2/23/2020,132.0,134.0,130.0,131.0,0.77,4280.0,644.0,460.6
GUFL,2/24/2020,133.0,137.0,130.0,132.0,0.76,5660.0,644.0,460.6
GUFL,2/25/2020,134.0,137.0,131.0,137.0,3.79,24658.0,644.0,460.6
GUFL,2/26/2020,139.0,146.0,138.0,141.0,2.92,28619.0,644.0,460.6
GUFL,2/27/2020,141.0,142.0,137.0,141.0,0.0,13967.0,644.0,460.6
GUFL,3/1/2020,142.0,147.0,141.0,142.0,0.71,48086.0,644.0,460.6
GUFL,3/2/2020,143.0,144.0,138.0,138.0,-2.82,5432.0,644.0,460.6
GUFL,3/3/2020,136.0,139.0,128.0,138.0,0.0,29570.0,644.0,460.6
GUFL,3/4/2020,136.0,136.0,128.0,130.0,-5.8,12400.0,644.0,460.6
GUFL,3/5/2020,129.0,135.0,126.0,130.0,0.0,15507.0,644.0,460.6
GUFL,3/10/2020,128.0,128.0,128.0,128.0,-1.54,10.0,644.0,460.6
GUFL,3/11/2020,126.0,135.0,126.0,135.0,5.47,20448.0,644.0,460.6
GUFL,3/12/2020,133.0,133.0,129.0,129.0,-4.44,70.0,644.0,460.6
GUFL,3/15/2020,127.0,127.0,118.0,125.0,-3.1,22470.0,644.0,460.6
GUFL,3/16/2020,127.0,127.0,125.0,127.0,1.6,906.0,644.0,460.6
GUFL,3/17/2020,125.0,125.0,123.0,123.0,-3.15,177.0,644.0,460.6
GUFL,3/18/2020,122.0,122.0,116.0,121.0,-1.63,2526.0,644.0,460.6
GUFL,3/19/2020,123.0,123.0,115.0,115.0,-4.96,11830.0,644.0,460.6
GUFL,5/12/2020,113.0,113.0,113.0,113.0,-1.74,10.0,644.0,460.6
GUFL,5/13/2020,111.0,111.0,110.0,110.0,-2.65,200.0,644.0,460.6
GUFL,6/29/2020,110.0,110.0,110.0,106.0,-3.64,170.0,644.0,460.6
GUFL,6/30/2020,107.0,107.0,105.0,105.0,-0.94,1000.0,644.0,460.6
GUFL,7/1/2020,105.0,105.0,105.0,105.0,0.0,60.0,644.0,460.6
GUFL,7/2/2020,105.0,109.0,105.0,109.0,3.81,630.0,644.0,460.6
GUFL,7/5/2020,109.0,110.0,108.0,109.0,0.0,570.0,644.0,460.6
GUFL,7/6/2020,108.0,113.0,106.0,113.0,3.67,3983.0,644.0,460.6
GUFL,7/7/2020,115.0,116.0,111.0,115.0,1.77,3540.0,644.0,460.6
GUFL,7/9/2020,117.0,121.0,115.0,119.0,3.48,3115.0,644.0,460.6
GUFL,7/12/2020,121.0,121.0,120.0,120.0,0.84,140.0,644.0,460.6
GUFL,7/13/2020,120.0,122.0,120.0,120.0,0.0,134.0,644.0,460.6
GUFL,7/14/2020,121.0,121.0,119.0,119.0,-0.83,191.0,644.0,460.6
GUFL,7/15/2020,117.0,121.0,115.0,121.0,1.68,1606.0,644.0,460.6
GUFL,7/16/2020,123.0,123.0,116.0,120.0,-0.83,1695.0,644.0,460.6
GUFL,7/20/2020,122.0,132.0,122.0,127.0,5.83,6954.0,644.0,460.6
GUFL,7/21/2020,125.0,127.0,119.0,124.0,-2.36,10895.0,644.0,460.6
GUFL,7/22/2020,122.0,126.0,122.0,124.0,0.0,5980.0,644.0,460.6
GUFL,7/23/2020,122.0,124.0,121.0,123.0,-0.81,2237.0,644.0,460.6
GUFL,7/26/2020,121.0,123.0,121.0,123.0,0.0,4703.0,644.0,460.6
GUFL,7/27/2020,124.0,124.0,116.0,118.0,-4.07,9528.0,644.0,460.6
GUFL,7/28/2020,117.0,121.0,115.0,121.0,2.54,5652.0,644.0,460.6
GUFL,7/29/2020,119.0,122.0,118.0,120.0,-0.83,2385.0,644.0,460.6
GUFL,7/30/2020,118.0,121.0,118.0,121.0,0.83,74.0,644.0,460.6
GUFL,8/2/2020,122.0,122.0,116.0,118.0,-2.48,803.0,644.0,460.6
GUFL,8/3/2020,117.0,120.0,116.0,120.0,1.69,14490.0,644.0,460.6
GUFL,8/5/2020,119.0,119.0,117.0,117.0,-2.5,1584.0,644.0,460.6
GUFL,8/6/2020,117.0,118.0,115.0,118.0,0.85,2706.0,644.0,460.6
GUFL,8/9/2020,118.0,119.0,115.0,119.0,0.85,7352.0,644.0,460.6
GUFL,8/10/2020,119.0,122.0,118.0,122.0,2.52,16094.0,644.0,460.6
GUFL,8/11/2020,121.0,124.0,119.0,122.0,0.0,5943.0,644.0,460.6
GUFL,8/12/2020,120.0,120.0,118.0,119.0,-2.46,1670.0,644.0,460.6
GUFL,8/13/2020,117.0,118.0,116.0,118.0,-0.84,5407.0,644.0,460.6
GUFL,8/16/2020,116.0,118.0,114.0,116.0,-1.69,1706.0,644.0,460.6
GUFL,8/17/2020,118.0,118.0,115.0,118.0,1.72,2085.0,644.0,460.6
GUFL,8/18/2020,116.0,118.0,115.0,117.0,-0.85,2095.0,644.0,460.6
GUFL,8/19/2020,119.0,119.0,116.0,118.0,0.85,1546.0,644.0,460.6
GUFL,8/20/2020,117.0,117.0,117.0,117.0,-0.85,100.0,644.0,460.6
GUFL,8/23/2020,118.0,122.0,117.0,122.0,4.27,6330.0,644.0,460.6
GUFL,8/24/2020,120.0,124.0,119.0,124.0,1.64,5598.0,644.0,460.6
GUFL,8/25/2020,122.0,124.0,121.0,123.0,-0.81,2184.0,644.0,460.6
GUFL,8/26/2020,123.0,125.0,121.0,123.0,0.0,10263.0,644.0,460.6
GUFL,8/27/2020,129.0,129.0,119.0,120.0,-2.44,5201.0,644.0,460.6
GUFL,8/30/2020,119.0,124.0,119.0,124.0,3.33,283.0,644.0,460.6
GUFL,8/31/2020,126.0,126.0,120.0,124.0,0.0,6967.0,644.0,460.6
GUFL,9/2/2020,123.0,127.0,120.0,127.0,2.42,7450.0,644.0,460.6
GUFL,9/3/2020,129.0,129.0,123.0,124.0,-2.36,5001.0,644.0,460.6
GUFL,9/6/2020,126.0,127.0,122.0,124.0,0.0,4558.0,644.0,460.6
GUFL,9/7/2020,122.0,125.0,120.0,124.0,0.0,3371.0,644.0,460.6
GUFL,9/8/2020,123.0,124.0,122.0,122.0,-1.61,5148.0,644.0,460.6
GUFL,9/9/2020,122.0,124.0,121.0,124.0,1.64,3002.0,644.0,460.6
GUFL,9/10/2020,124.0,125.0,122.0,125.0,0.81,14744.0,644.0,460.6
GUFL,9/13/2020,123.0,125.0,121.0,125.0,0.0,1371.0,644.0,460.6
GUFL,9/14/2020,127.0,129.0,122.0,129.0,3.2,15758.0,644.0,460.6
GUFL,9/15/2020,127.0,127.0,121.0,124.0,-3.88,572.0,644.0,460.6
GUFL,9/16/2020,122.0,125.0,122.0,125.0,0.81,5207.0,644.0,460.6
GUFL,9/17/2020,125.0,137.0,123.0,136.0,8.8,74286.0,644.0,460.6
GUFL,9/20/2020,142.0,149.0,140.0,146.0,7.35,32703.0,644.0,460.6
GUFL,9/21/2020,153.0,153.0,138.0,142.0,-2.74,4486.0,644.0,460.6
GUFL,9/22/2020,140.0,140.0,134.0,140.0,-1.41,13458.0,644.0,460.6
GUFL,9/23/2020,141.0,142.0,131.0,135.0,-3.57,5890.0,644.0,460.6
GUFL,9/24/2020,135.0,140.0,133.0,133.0,-1.48,26975.0,644.0,460.6
GUFL,9/27/2020,135.0,145.0,133.0,145.0,9.02,21934.0,644.0,460.6
GUFL,9/28/2020,147.0,147.0,138.0,138.0,-4.83,11579.0,644.0,460.6
GUFL,9/29/2020,137.0,146.0,136.0,136.0,-1.45,19544.0,644.0,460.6
GUFL,9/30/2020,138.0,140.0,134.0,138.0,1.47,18066.0,644.0,460.6
GUFL,10/1/2020,140.0,145.0,140.0,142.0,2.9,51717.0,644.0,460.6
GUFL,10/4/2020,144.0,147.0,142.0,144.0,1.41,31426.0,644.0,460.6
GUFL,10/5/2020,142.0,150.0,142.0,145.0,0.69,7298.0,644.0,460.6
GUFL,10/6/2020,145.0,146.0,143.0,146.0,0.69,11382.0,644.0,460.6
GUFL,10/7/2020,144.0,151.0,144.0,149.0,2.05,19163.0,644.0,460.6
GUFL,10/8/2020,151.0,163.0,148.0,163.0,9.4,101886.0,644.0,460.6
GUFL,10/11/2020,171.0,174.0,159.0,165.0,1.23,33788.0,644.0,460.6
GUFL,10/12/2020,164.0,164.0,156.0,159.0,-3.64,9749.0,644.0,460.6
GUFL,10/13/2020,162.0,165.0,151.0,152.0,-4.4,37555.0,644.0,460.6
GUFL,10/14/2020,159.0,159.0,145.0,150.0,-1.32,7518.0,644.0,460.6
GUFL,10/15/2020,153.0,157.0,147.0,147.0,-2.0,9901.0,644.0,460.6
GUFL,10/18/2020,145.0,145.0,143.0,145.0,-1.36,4704.0,644.0,460.6
GUFL,10/19/2020,144.0,157.0,144.0,149.0,2.76,4068.0,644.0,460.6
GUFL,10/20/2020,151.0,154.0,149.0,154.0,3.36,13472.0,644.0,460.6
GUFL,10/21/2020,151.0,160.0,151.0,152.0,-1.3,27298.0,644.0,460.6
GUFL,10/22/2020,155.0,157.0,153.0,155.0,1.97,23544.0,644.0,460.6
GUFL,10/28/2020,162.0,162.0,150.0,157.0,1.29,21654.0,644.0,460.6
GUFL,10/29/2020,164.0,164.0,150.0,156.0,-0.64,24923.0,644.0,460.6
GUFL,11/1/2020,153.0,157.0,151.0,152.0,-2.56,8890.0,644.0,460.6
GUFL,11/2/2020,155.0,158.0,151.0,151.0,-0.66,7340.0,644.0,460.6
GUFL,11/3/2020,154.0,154.0,151.0,153.0,1.32,3045.0,644.0,460.6
GUFL,11/4/2020,155.0,157.0,150.0,155.0,1.31,38648.0,644.0,460.6
GUFL,11/5/2020,158.0,170.0,156.0,170.0,9.68,110834.0,644.0,460.6
GUFL,11/8/2020,171.0,171.0,164.0,170.0,0.0,37334.0,644.0,460.6
GUFL,11/9/2020,172.0,172.0,165.0,169.0,-0.59,40678.0,644.0,460.6
GUFL,11/10/2020,172.0,172.0,165.0,169.0,0.0,43225.0,644.0,460.6
GUFL,11/11/2020,166.0,171.0,166.0,166.0,-1.78,15714.0,644.0,460.6
GUFL,11/12/2020,169.0,172.0,166.0,170.0,2.41,24880.0,644.0,460.6
GUFL,11/18/2020,178.0,187.0,175.0,187.0,10.0,46707.0,644.0,460.6
GUFL,11/19/2020,196.0,205.0,196.0,205.0,9.63,24053.0,644.0,460.6
GUFL,11/22/2020,215.0,225.0,205.0,208.0,1.46,93678.0,644.0,460.6
GUFL,11/23/2020,209.0,212.0,200.0,201.0,-3.37,40525.0,644.0,460.6
GUFL,11/24/2020,205.0,210.0,199.0,200.0,-0.5,22971.0,644.0,460.6
GUFL,11/25/2020,200.0,211.0,200.0,203.0,1.5,20722.0,644.0,460.6
GUFL,11/26/2020,205.0,209.0,200.0,200.0,-1.48,31553.0,644.0,460.6
GUFL,11/29/2020,190.0,211.0,190.0,206.0,3.0,28740.0,644.0,460.6
GUFL,11/30/2020,210.0,213.0,205.0,205.0,-0.49,11375.0,644.0,460.6
GUFL,12/1/2020,215.0,215.0,200.0,200.0,-2.44,18155.0,644.0,460.6
GUFL,12/2/2020,200.0,204.0,198.0,200.0,0.0,14745.0,644.0,460.6
GUFL,12/3/2020,210.0,210.0,197.0,199.0,-0.5,13717.0,644.0,460.6
GUFL,12/6/2020,196.0,198.0,188.0,189.0,-5.03,8629.0,644.0,460.6
GUFL,12/7/2020,191.0,197.0,185.0,197.0,4.23,19799.0,644.0,460.6
GUFL,12/8/2020,197.0,199.0,188.0,188.0,-4.57,9117.0,644.0,460.6
GUFL,12/9/2020,191.0,195.0,187.0,188.0,0.0,8823.0,644.0,460.6
GUFL,12/10/2020,190.0,201.0,188.0,196.0,4.26,19484.0,644.0,460.6
GUFL,12/13/2020,198.0,204.0,194.0,203.0,3.57,20657.0,644.0,460.6
GUFL,12/14/2020,203.0,207.0,199.0,207.0,1.97,26943.0,644.0,460.6
GUFL,12/15/2020,206.0,206.0,198.0,201.0,-2.9,61489.0,644.0,460.6
GUFL,12/16/2020,197.0,201.0,194.0,200.0,-0.5,16909.0,644.0,460.6
GUFL,12/17/2020,196.0,197.0,192.0,196.0,-2.0,22135.0,644.0,460.6
GUFL,12/20/2020,193.0,195.0,185.0,187.0,-4.59,19102.0,644.0,460.6
GUFL,12/21/2020,184.0,193.0,180.0,188.0,0.53,9763.0,644.0,460.6
GUFL,12/22/2020,191.0,205.0,191.0,204.0,8.51,15685.0,644.0,460.6
GUFL,12/23/2020,214.0,214.0,193.0,199.0,-2.45,12555.0,644.0,460.6
GUFL,12/24/2020,196.0,196.0,192.0,196.0,-1.51,17525.0,644.0,460.6
GUFL,12/27/2020,198.0,198.0,190.0,193.0,-1.53,6551.0,644.0,460.6
GUFL,12/28/2020,192.0,196.0,191.0,196.0,1.55,9505.0,644.0,460.6
GUFL,12/29/2020,196.0,198.0,195.0,197.0,0.51,7677.0,644.0,460.6
GUFL,12/30/2020,196.0,197.0,195.0,195.0,-1.02,5859.0,644.0,460.6
GUFL,12/31/2020,194.0,206.0,193.0,202.0,3.59,38618.0,644.0,460.6
GUFL,1/3/2021,200.0,208.0,200.0,208.0,2.97,21844.0,644.0,460.6
GUFL,1/4/2021,205.0,208.0,201.0,205.0,-1.44,33350.0,644.0,460.6
GUFL,1/5/2021,206.0,209.0,202.0,204.0,-0.49,9861.0,644.0,460.6
GUFL,1/6/2021,214.0,214.0,203.0,209.0,2.45,39308.0,644.0,460.6
GUFL,1/7/2021,199.0,228.0,199.0,226.0,8.13,105054.0,644.0,460.6
GUFL,1/10/2021,237.0,246.0,225.0,241.0,6.64,68279.0,644.0,460.6
GUFL,1/11/2021,245.0,245.0,229.0,232.0,-3.73,64598.0,644.0,460.6
GUFL,1/12/2021,243.0,255.0,226.0,253.0,9.05,59183.0,644.0,460.6
GUFL,1/13/2021,253.0,278.0,253.0,278.0,9.88,107566.0,644.0,460.6
GUFL,1/17/2021,280.0,293.0,261.0,291.0,4.68,72628.0,644.0,460.6
GUFL,1/18/2021,305.0,320.0,294.0,320.0,9.97,95713.0,644.0,460.6
GUFL,1/19/2021,336.0,352.0,336.0,352.0,10.0,115763.0,644.0,460.6
GUFL,1/20/2021,369.0,376.0,342.0,375.0,6.53,71370.0,644.0,460.6
GUFL,1/21/2021,393.0,412.0,380.0,412.0,9.87,108752.0,644.0,460.6
GUFL,1/24/2021,432.0,453.0,421.0,424.0,2.91,163977.0,644.0,460.6
GUFL,1/25/2021,444.0,462.0,389.0,462.0,8.96,139027.0,644.0,460.6
GUFL,1/26/2021,471.0,471.0,438.0,458.0,-0.87,113060.0,644.0,460.6
GUFL,1/27/2021,449.0,449.0,433.0,441.0,-3.71,42457.0,644.0,460.6
GUFL,1/28/2021,448.0,465.0,416.0,460.0,4.31,94122.0,644.0,460.6
GUFL,1/31/2021,480.0,480.0,414.0,424.0,-7.83,51817.0,644.0,460.6
GUFL,2/1/2021,425.0,432.0,400.0,410.0,-3.3,38690.0,644.0,460.6
GUFL,2/2/2021,418.0,419.0,399.0,406.0,-0.98,72302.0,644.0,460.6
GUFL,2/3/2021,389.0,411.0,389.0,397.0,-2.22,36540.0,644.0,460.6
GUFL,2/4/2021,395.0,398.0,387.0,390.0,-1.76,43432.0,644.0,460.6
GUFL,2/7/2021,390.0,404.0,388.0,390.0,0.0,38322.0,644.0,460.6
GUFL,2/8/2021,397.0,400.0,384.0,397.0,1.79,44257.0,644.0,460.6
GUFL,2/9/2021,397.0,407.0,391.0,400.0,0.76,36060.0,644.0,460.6
GUFL,2/10/2021,405.0,440.0,397.0,440.0,10.0,171998.0,644.0,460.6
GUFL,2/11/2021,448.0,483.0,448.0,455.0,3.41,114732.0,644.0,460.6
GUFL,2/14/2021,460.0,464.0,426.0,435.0,-4.4,35171.0,644.0,460.6
GUFL,2/15/2021,414.0,454.0,414.0,454.0,4.37,46133.0,644.0,460.6
GUFL,2/16/2021,445.0,447.0,433.0,435.0,-4.19,37504.0,644.0,460.6
GUFL,2/17/2021,440.0,446.0,429.0,439.0,0.92,78023.0,644.0,460.6
GUFL,2/18/2021,435.0,439.0,424.0,433.0,-1.37,35225.0,644.0,460.6
GUFL,2/21/2021,431.0,433.0,425.0,428.0,-1.15,15797.0,644.0,460.6
GUFL,2/22/2021,430.0,440.0,424.0,425.0,-0.7,32494.0,644.0,460.6
GUFL,2/23/2021,417.0,418.0,401.0,412.0,-3.06,46087.0,644.0,460.6
GUFL,2/24/2021,420.0,429.0,415.0,421.0,2.18,15125.0,644.0,460.6
GUFL,2/25/2021,415.0,416.0,405.0,408.0,-3.09,17668.0,644.0,460.6
GUFL,2/28/2021,410.0,410.0,399.0,399.0,-2.21,20717.0,644.0,460.6
GUFL,3/1/2021,398.0,420.0,392.0,403.0,1.0,12101.0,644.0,460.6
GUFL,3/2/2021,405.0,409.0,393.0,399.0,-0.99,11626.0,644.0,460.6
GUFL,3/3/2021,399.0,403.0,385.0,385.0,-3.51,12670.0,644.0,460.6
GUFL,3/4/2021,392.0,406.0,392.0,406.0,5.45,12519.0,644.0,460.6
GUFL,3/7/2021,408.0,412.0,400.0,402.0,-0.99,6220.0,644.0,460.6
GUFL,3/9/2021,405.0,408.0,396.0,399.0,-0.75,6126.0,644.0,460.6
GUFL,3/10/2021,396.0,399.0,394.0,399.0,0.0,5940.0,644.0,460.6
GUFL,3/14/2021,404.0,404.0,386.0,387.0,-3.01,4562.0,644.0,460.6
GUFL,3/15/2021,386.0,388.0,381.0,381.0,-1.55,9964.0,644.0,460.6
GUFL,3/16/2021,381.0,387.0,380.0,380.0,-0.26,5286.0,644.0,460.6
GUFL,3/17/2021,385.0,394.0,385.0,385.0,1.32,4720.0,644.0,460.6
GUFL,3/18/2021,391.0,401.0,391.0,396.0,2.86,9727.0,644.0,460.6
GUFL,3/21/2021,403.0,410.0,395.0,403.0,1.77,10974.0,644.0,460.6
GUFL,3/22/2021,403.0,403.0,391.0,397.0,-1.49,6765.0,644.0,460.6
GUFL,3/23/2021,390.0,398.0,390.0,394.0,-0.76,5657.0,644.0,460.6
GUFL,3/24/2021,395.0,423.0,395.0,417.0,5.84,43590.0,644.0,460.6
GUFL,3/25/2021,422.0,449.0,422.0,435.0,4.32,90079.0,644.0,460.6
GUFL,3/29/2021,440.0,461.0,430.0,456.0,4.83,106911.0,644.0,460.6
GUFL,3/30/2021,456.0,456.0,439.0,455.0,-0.22,73263.0,644.0,460.6
GUFL,3/31/2021,455.0,491.0,455.0,480.0,5.49,152327.0,644.0,460.6
GUFL,4/1/2021,485.0,497.0,480.0,480.0,0.0,68453.0,644.0,460.6
GUFL,4/4/2021,489.0,519.0,488.0,510.0,6.25,148282.0,644.0,460.6
GUFL,4/5/2021,535.0,535.0,487.0,494.0,-3.14,66205.0,644.0,460.6
GUFL,4/6/2021,470.0,497.0,470.0,480.0,-2.83,49624.0,644.0,460.6
GUFL,4/7/2021,489.0,490.0,475.0,475.0,-1.04,35298.0,644.0,460.6
GUFL,4/8/2021,475.0,483.0,462.0,479.0,0.84,91256.0,644.0,460.6
GUFL,4/12/2021,470.0,499.0,441.0,499.0,4.18,112956.0,644.0,460.6
GUFL,4/13/2021,489.0,494.0,480.0,490.0,-1.8,44520.0,644.0,460.6
GUFL,4/15/2021,499.0,500.0,473.0,500.0,2.04,61572.0,644.0,460.6
GUFL,4/18/2021,505.0,505.0,485.0,494.0,-1.2,78687.0,644.0,460.6
GUFL,4/19/2021,498.0,533.0,493.0,512.0,3.64,248397.0,644.0,460.6
GUFL,4/20/2021,518.0,522.0,505.0,521.0,1.76,109143.0,644.0,460.6
GUFL,4/21/2021,529.0,529.0,500.0,504.0,-3.26,39690.0,644.0,460.6
GUFL,4/22/2021,505.0,505.0,485.0,495.0,-1.79,37980.0,644.0,460.6
GUFL,4/25/2021,500.0,503.0,464.0,477.0,-3.64,50898.0,644.0,460.6
GUFL,4/26/2021,477.0,480.0,443.0,469.0,-1.68,67792.0,644.0,460.6
GUFL,4/27/2021,466.0,492.0,458.0,478.0,1.92,33755.0,644.0,460.6
GUFL,4/28/2021,481.0,486.0,463.0,463.0,-3.14,32409.0,644.0,460.6
GUFL,4/29/2021,472.0,472.0,458.0,465.0,0.43,35691.0,644.0,460.6
GUFL,5/2/2021,469.0,480.0,460.0,478.0,2.8,28166.0,644.0,460.6
GUFL,5/3/2021,480.0,485.0,468.0,471.0,-1.46,26973.0,644.0,460.6
GUFL,5/4/2021,478.0,478.0,466.0,466.0,-1.06,22019.0,644.0,460.6
GUFL,5/5/2021,471.0,480.0,466.0,471.0,1.07,31519.0,644.0,460.6
GUFL,5/6/2021,470.0,478.0,470.0,475.0,0.85,29467.0,644.0,460.6
GUFL,5/9/2021,498.0,498.0,466.0,466.0,-1.89,16652.0,644.0,460.6
GUFL,5/10/2021,464.0,473.0,461.0,470.0,0.86,16405.0,644.0,460.6
GUFL,5/11/2021,471.0,473.0,470.0,471.0,0.21,15406.0,644.0,460.6
GUFL,5/12/2021,472.0,479.0,469.0,469.0,-0.42,25346.0,644.0,460.6
GUFL,5/13/2021,470.0,499.0,469.0,490.0,4.48,72163.0,644.0,460.6
GUFL,5/16/2021,495.0,530.0,494.0,502.0,2.45,58273.0,644.0,460.6
GUFL,5/17/2021,506.0,515.0,494.0,497.0,-1.0,29192.0,644.0,460.6
GUFL,5/18/2021,505.0,546.0,500.0,534.0,7.44,192445.0,644.0,460.6
GUFL,5/19/2021,540.0,587.0,510.0,587.0,9.93,191023.0,644.0,460.6
GUFL,5/20/2021,600.0,645.0,569.0,645.0,9.88,236547.0,644.0,460.6
GUFL,5/23/2021,650.0,709.0,621.0,690.0,6.98,171043.0,644.0,460.6
GUFL,5/24/2021,691.0,692.0,662.0,675.0,-2.17,85966.0,644.0,460.6
GUFL,5/25/2021,675.0,693.0,661.0,682.0,1.04,71024.0,644.0,460.6
GUFL,5/27/2021,648.0,726.0,648.0,712.0,4.4,61389.0,644.0,460.6
GUFL,5/30/2021,712.0,770.0,701.0,755.0,6.04,83222.0,644.0,460.6
GUFL,5/31/2021,760.0,790.0,711.0,790.0,4.64,56643.0,644.0,460.6
GUFL,6/1/2021,795.0,853.0,740.0,853.0,7.97,104723.0,644.0,460.6
GUFL,6/2/2021,830.0,937.0,824.0,930.0,9.03,67998.0,644.0,460.6
GUFL,6/3/2021,976.0,1020.0,925.0,1020.0,9.68,101405.0,644.0,460.6
GUFL,6/6/2021,1015.0,1055.0,970.0,1055.0,3.43,112924.0,644.0,460.6
GUFL,6/7/2021,1050.0,1160.0,1009.0,1160.0,9.95,147624.0,644.0,460.6
GUFL,6/8/2021,1200.0,1276.0,1200.0,1276.0,10.0,35129.0,644.0,460.6
GUFL,6/9/2021,1278.0,1403.0,1149.0,1389.0,8.86,80807.0,644.0,460.6
GUFL,6/10/2021,1389.0,1444.0,1280.0,1330.0,-4.25,50419.0,644.0,460.6
GUFL,6/13/2021,1331.0,1400.0,1284.0,1330.0,0.0,85696.0,644.0,460.6
GUFL,6/14/2021,1343.0,1417.0,1237.0,1379.0,3.68,82641.0,644.0,460.6
GUFL,6/15/2021,1350.0,1432.0,1297.0,1432.0,3.84,70126.0,644.0,460.6
GUFL,6/16/2021,1404.0,1404.0,1289.0,1289.0,-9.99,40485.0,644.0,460.6
GUFL,6/17/2021,1275.0,1314.0,1217.0,1256.0,-2.56,33531.0,644.0,460.6
GUFL,6/20/2021,1231.0,1358.0,1131.0,1324.0,5.41,75703.0,644.0,460.6
GUFL,6/21/2021,1390.0,1390.0,1192.0,1260.0,-4.83,84538.0,644.0,460.6
GUFL,6/22/2021,1323.0,1323.0,1135.0,1240.0,-1.59,32899.0,644.0,460.6
GUFL,6/23/2021,1242.0,1242.0,1150.0,1190.0,-4.03,21744.0,644.0,460.6
GUFL,6/24/2021,1175.0,1198.0,1135.0,1166.0,-2.02,42059.0,644.0,460.6
GUFL,6/27/2021,1189.0,1189.0,1112.0,1115.0,-4.37,21441.0,644.0,460.6
GUFL,6/28/2021,1060.0,1150.0,1058.0,1093.0,-1.97,59518.0,644.0,460.6
GUFL,6/29/2021,1050.0,1113.0,1036.0,1063.0,-2.74,36207.0,644.0,460.6
GUFL,6/30/2021,1116.0,1138.0,995.0,1130.0,6.3,60790.0,644.0,460.6
GUFL,7/1/2021,1100.0,1160.0,1100.0,1149.0,1.68,25288.0,644.0,460.6
GUFL,7/4/2021,1130.0,1137.0,1086.0,1100.0,-4.26,15007.0,644.0,460.6
GUFL,7/5/2021,1100.0,1109.0,1028.0,1030.0,-6.36,31124.0,644.0,460.6
GUFL,7/6/2021,1015.0,1050.0,1000.0,1035.0,0.49,16357.0,644.0,460.6
GUFL,7/7/2021,1050.0,1050.0,1002.0,1012.0,-2.22,28766.0,644.0,460.6
GUFL,7/8/2021,962.0,1047.0,962.0,1030.0,1.78,23322.0,644.0,460.6
GUFL,7/11/2021,1050.0,1133.0,1050.0,1133.0,10.0,44522.0,644.0,460.6
GUFL,7/12/2021,1189.0,1203.0,1093.0,1135.0,0.18,56040.0,644.0,460.6
GUFL,7/13/2021,1180.0,1191.0,1112.0,1170.0,3.08,21936.0,644.0,460.6
GUFL,7/14/2021,1220.0,1220.0,1151.0,1180.0,0.85,250644.0,644.0,460.6
GUFL,7/15/2021,1230.0,1269.0,1175.0,1250.0,5.93,303780.0,644.0,460.6
GUFL,7/18/2021,1275.0,1300.0,1230.0,1251.0,0.08,56783.0,644.0,460.6
GUFL,7/19/2021,1276.0,1276.0,1206.0,1206.0,-3.6,29888.0,644.0,460.6
GUFL,7/20/2021,1205.0,1221.0,1175.0,1175.0,-2.57,18151.0,644.0,460.6
GUFL,7/22/2021,1162.0,1193.0,1155.0,1182.0,0.6,20618.0,644.0,460.6
GUFL,7/25/2021,1205.0,1205.6,1162.0,1162.0,-1.69,14722.0,644.0,460.6
GUFL,7/26/2021,1180.0,1250.0,1165.0,1220.0,4.99,28513.0,644.0,460.6
GUFL,7/27/2021,1195.6,1215.0,1171.7,1200.0,-1.64,16390.0,644.0,460.6
GUFL,7/28/2021,1224.0,1224.0,1200.0,1201.0,0.08,16420.0,644.0,460.6
GUFL,7/29/2021,1205.0,1210.0,1170.0,1170.0,-2.58,14186.0,644.0,460.6
GUFL,8/1/2021,1193.0,1193.4,1148.0,1157.0,-1.11,31568.0,644.0,460.6
GUFL,8/2/2021,1156.0,1205.0,1147.0,1148.0,-0.78,15908.0,644.0,460.6
GUFL,8/3/2021,1156.0,1160.0,1127.0,1153.0,0.44,16244.0,644.0,460.6
GUFL,8/4/2021,1176.0,1176.0,1145.0,1155.0,0.17,19786.0,644.0,460.6
GUFL,8/5/2021,1156.0,1178.1,1130.0,1140.0,-1.3,26573.0,644.0,460.6
GUFL,8/8/2021,1162.0,1208.0,1130.0,1135.0,-0.44,17084.0,644.0,460.6
GUFL,8/9/2021,1134.0,1156.0,1115.0,1152.0,1.5,21790.0,644.0,460.6
GUFL,8/10/2021,1162.0,1248.4,1160.0,1233.0,7.03,59374.0,644.0,460.6
GUFL,8/11/2021,1257.0,1260.0,1193.0,1194.0,-3.16,37030.0,644.0,460.6
GUFL,8/12/2021,1214.0,1214.0,1167.0,1194.0,0.0,27102.0,644.0,460.6
GUFL,8/15/2021,1170.2,1175.0,1105.5,1150.0,-3.69,32421.0,644.0,460.6
GUFL,8/16/2021,1127.0,1130.0,1104.6,1113.0,-3.22,27939.0,644.0,460.6
GUFL,8/17/2021,1135.2,1224.3,1090.5,1224.3,10.0,119501.0,644.0,460.6
GUFL,8/18/2021,1248.7,1315.0,1248.0,1299.0,6.1,92530.0,644.0,460.6
GUFL,8/19/2021,1324.9,1336.0,1273.0,1282.0,-1.31,55506.0,644.0,460.6
GUFL,8/24/2021,1257.0,1410.2,1256.0,1410.2,10.0,182096.0,644.0,460.6
GUFL,8/25/2021,1438.4,1500.0,1420.0,1443.0,2.33,86760.0,644.0,460.6
GUFL,8/26/2021,1471.8,1471.8,1374.0,1411.0,-2.22,88416.0,644.0,460.6
GUFL,8/29/2021,1383.0,1408.0,1330.0,1330.0,-5.74,47079.0,644.0,460.6
GUFL,8/31/2021,1330.0,1330.0,1200.5,1268.0,-4.66,55233.0,644.0,460.6
GUFL,9/1/2021,1242.7,1310.0,1240.0,1240.0,-2.21,30814.0,644.0,460.6
GUFL,9/2/2021,1254.0,1279.8,1180.0,1186.0,-4.35,61135.0,644.0,460.6
GUFL,9/5/2021,1165.0,1186.0,1067.4,1100.0,-7.25,40795.0,644.0,460.6
GUFL,9/6/2021,1100.0,1210.0,1060.0,1210.0,10.0,41981.0,644.0,460.6
GUFL,9/7/2021,1185.8,1251.5,1159.0,1185.0,-2.07,26098.0,644.0,460.6
GUFL,9/8/2021,1165.0,1173.0,1121.7,1136.0,-4.14,72033.0,644.0,460.6
GUFL,9/9/2021,1130.0,1180.0,1104.5,1104.5,-2.77,15840.0,644.0,460.6
GUFL,9/12/2021,1100.0,1146.0,1100.0,1136.0,2.85,14369.0,644.0,460.6
GUFL,9/13/2021,1158.0,1187.0,1120.0,1130.0,-0.53,13683.0,644.0,460.6
GUFL,9/14/2021,1152.6,1170.0,1100.0,1110.0,-1.77,12502.0,644.0,460.6
GUFL,9/15/2021,1106.0,1122.0,1050.0,1050.0,-5.41,23608.0,644.0,460.6
GUFL,9/16/2021,1050.1,1051.0,980.0,1015.0,-3.33,38518.0,644.0,460.6
GUFL,9/20/2021,999.0,1035.3,941.0,970.2,-4.41,21064.0,644.0,460.6
GUFL,9/21/2021,960.0,1000.0,875.0,945.0,-2.6,33749.0,644.0,460.6
GUFL,9/22/2021,950.0,1019.0,950.0,1018.0,7.72,18755.0,644.0,460.6
GUFL,9/23/2021,1038.3,1080.0,995.0,1018.7,0.07,29247.0,644.0,460.6
GUFL,9/26/2021,999.0,1035.0,965.0,967.0,-5.08,17289.0,644.0,460.6
GUFL,9/27/2021,986.0,1025.8,893.0,1025.8,6.08,62944.0,644.0,460.6
GUFL,9/28/2021,1005.3,1010.0,923.3,923.3,-9.99,26328.0,644.0,460.6
GUFL,9/29/2021,920.0,933.9,879.1,907.5,-1.71,14202.0,644.0,460.6
GUFL,9/30/2021,925.0,925.6,880.0,880.0,-3.03,8769.0,644.0,460.6
GUFL,10/3/2021,864.4,897.0,799.7,824.9,-6.26,20671.0,644.0,460.6
GUFL,10/4/2021,841.3,841.3,765.1,804.0,-2.53,14573.0,644.0,460.6
GUFL,10/5/2021,820.0,836.0,802.0,815.0,1.37,12045.0,644.0,460.6
GUFL,10/6/2021,831.0,879.0,814.0,876.0,7.48,14226.0,644.0,460.6
GUFL,10/10/2021,893.0,910.0,860.0,880.0,0.46,9521.0,644.0,460.6
GUFL,10/11/2021,880.0,880.0,838.1,849.9,-3.42,7827.0,644.0,460.6
GUFL,10/17/2021,866.0,875.0,841.0,860.0,1.19,4223.0,644.0,460.6
GUFL,10/18/2021,850.0,877.0,810.0,830.0,-3.49,14379.0,644.0,460.6
GUFL,10/19/2021,827.0,827.0,748.1,773.0,-6.87,9844.0,644.0,460.6
GUFL,10/20/2021,783.1,831.0,770.0,831.0,7.5,11048.0,644.0,460.6
GUFL,10/21/2021,847.0,847.0,790.0,824.0,-0.84,10635.0,644.0,460.6
GUFL,10/24/2021,824.0,849.0,798.7,849.0,3.03,11203.0,644.0,460.6
GUFL,10/25/2021,833.0,933.9,833.0,933.9,10.0,37960.0,644.0,460.6
GUFL,10/26/2021,952.5,1008.0,916.0,1000.0,7.08,18649.0,644.0,460.6
GUFL,10/27/2021,1020.0,1020.0,950.0,989.0,-1.1,14131.0,644.0,460.6
GUFL,10/28/2021,977.0,1007.1,967.0,984.9,-0.41,11223.0,644.0,460.6
GUFL,10/31/2021,994.0,1020.0,969.0,1015.0,3.06,12251.0,644.0,460.6
GUFL,11/1/2021,1035.0,1035.0,970.0,972.0,-4.24,20472.0,644.0,460.6
GUFL,11/2/2021,952.6,990.0,929.0,960.0,-1.23,16340.0,644.0,460.6
GUFL,11/3/2021,945.0,958.0,930.0,937.0,-2.4,12575.0,644.0,460.6
GUFL,11/8/2021,948.0,955.0,901.0,925.0,-1.28,6690.0,644.0,460.6
GUFL,11/9/2021,911.0,943.5,870.0,877.1,-5.18,37197.0,644.0,460.6
GUFL,11/11/2021,865.0,872.1,819.3,830.0,-5.37,14336.0,644.0,460.6
GUFL,11/14/2021,820.0,850.0,820.0,834.0,0.48,5475.0,644.0,460.6
GUFL,11/15/2021,850.6,867.0,840.0,840.0,0.72,6564.0,644.0,460.6
GUFL,11/16/2021,840.0,885.0,840.0,870.1,3.58,7710.0,644.0,460.6
GUFL,11/17/2021,887.5,957.1,882.0,928.0,6.65,16084.0,644.0,460.6
GUFL,11/18/2021,930.0,945.0,890.0,895.0,-3.56,6525.0,644.0,460.6
GUFL,11/21/2021,895.0,895.0,871.0,880.0,-1.68,4855.0,644.0,460.6
GUFL,11/22/2021,880.0,912.0,860.5,880.0,0.0,4317.0,644.0,460.6
GUFL,11/23/2021,880.0,897.0,835.0,864.0,-1.82,3244.0,644.0,460.6
GUFL,11/24/2021,850.0,869.0,828.1,842.0,-2.55,4028.0,644.0,460.6
GUFL,11/25/2021,858.8,869.0,835.0,835.0,-0.83,7836.0,644.0,460.6
GUFL,11/28/2021,820.0,850.0,802.1,815.0,-2.4,6604.0,644.0,460.6
GUFL,11/29/2021,831.3,831.3,795.0,795.0,-2.45,4081.0,644.0,460.6
GUFL,11/30/2021,810.0,826.0,779.0,794.0,-0.13,9953.0,644.0,460.6
GUFL,12/1/2021,805.0,809.7,796.1,809.7,1.98,3746.0,644.0,460.6
GUFL,12/2/2021,801.0,801.0,765.0,783.0,-3.3,6937.0,644.0,460.6
GUFL,12/5/2021,768.0,780.0,741.0,743.1,-5.1,9232.0,644.0,460.6
GUFL,12/6/2021,730.0,764.9,717.0,764.9,2.93,10728.0,644.0,460.6
GUFL,12/7/2021,779.9,780.1,740.0,754.0,-1.43,5083.0,644.0,460.6
GUFL,12/8/2021,739.0,766.0,730.0,730.0,-3.18,6003.0,644.0,460.6
GUFL,12/9/2021,716.0,744.6,716.0,725.1,-0.67,4406.0,644.0,460.6
GUFL,12/12/2021,739.0,739.0,705.0,705.1,-2.76,8006.0,644.0,460.6
GUFL,12/13/2021,705.0,771.9,651.8,771.9,9.47,11904.0,644.0,460.6
GUFL,12/14/2021,756.5,849.0,716.0,849.0,9.99,21798.0,644.0,460.6
GUFL,12/15/2021,855.0,892.5,820.0,888.0,4.59,46028.0,644.0,460.6
GUFL,12/16/2021,870.3,923.0,835.9,923.0,3.94,21893.0,644.0,460.6
GUFL,12/20/2021,904.6,1015.3,830.7,1015.3,10.0,227143.0,644.0,460.6
GUFL,12/21/2021,995.0,995.0,913.8,925.0,-8.89,47236.0,644.0,460.6
GUFL,12/22/2021,925.0,925.0,832.5,905.0,-2.16,155215.0,644.0,460.6
GUFL,12/23/2021,886.9,886.9,814.5,844.0,-6.74,251438.0,644.0,460.6
GUFL,12/26/2021,844.0,844.0,764.0,797.0,-5.57,99892.0,644.0,460.6
GUFL,12/27/2021,797.0,876.7,755.7,876.7,10.0,129355.0,644.0,460.6
GUFL,12/28/2021,859.2,859.2,789.1,789.1,-9.99,71664.0,644.0,460.6
GUFL,12/29/2021,775.0,822.0,760.0,822.0,4.17,149319.0,644.0,460.6
GUFL,1/2/2022,806.0,806.0,774.2,779.9,-5.12,73992.0,644.0,460.6
GUFL,1/3/2022,765.9,781.0,765.9,770.0,-1.27,123885.0,644.0,460.6
GUFL,1/4/2022,775.0,785.0,755.0,769.9,-0.01,68245.0,644.0,460.6
GUFL,1/5/2022,772.0,780.0,755.0,769.9,0.0,69772.0,644.0,460.6
GUFL,1/6/2022,760.0,784.0,760.0,765.0,-0.64,58544.0,644.0,460.6
GUFL,1/9/2022,755.0,786.0,755.0,774.0,1.18,203109.0,644.0,460.6
GUFL,1/10/2022,784.9,831.0,777.0,829.0,7.11,278555.0,644.0,460.6
GUFL,1/11/2022,845.5,903.0,836.0,894.0,7.84,186950.0,644.0,460.6
GUFL,1/12/2022,911.0,913.0,860.0,864.0,-3.36,198759.0,644.0,460.6
GUFL,1/13/2022,864.0,891.0,848.0,878.0,1.62,136775.0,644.0,460.6
GUFL,1/16/2022,895.4,913.3,878.0,880.0,0.23,219131.0,644.0,460.6
GUFL,1/17/2022,881.0,897.0,870.1,875.0,-0.57,86513.0,644.0,460.6
GUFL,1/18/2022,876.0,889.0,842.8,845.0,-3.43,88989.0,644.0,460.6
GUFL,1/19/2022,850.0,857.0,817.1,834.9,-1.2,87342.0,644.0,460.6
GUFL,1/20/2022,822.0,874.9,819.0,870.0,4.2,78994.0,644.0,460.6
GUFL,1/23/2022,852.6,852.6,787.0,825.9,-5.07,178234.0,644.0,460.6
GUFL,1/24/2022,810.0,838.4,772.0,838.4,1.51,135460.0,644.0,460.6
GUFL,1/25/2022,821.7,821.7,775.0,800.0,-4.58,69229.0,644.0,460.6
GUFL,1/26/2022,816.0,816.0,771.0,781.0,-2.38,117091.0,644.0,460.6
GUFL,1/27/2022,794.0,795.0,775.1,779.0,-0.26,27530.0,644.0,460.6
GUFL,1/30/2022,794.5,819.0,794.4,810.0,3.98,40043.0,644.0,460.6
GUFL,1/31/2022,820.0,820.0,780.0,793.2,-2.07,27201.0,644.0,460.6
GUFL,2/1/2022,782.0,805.0,781.0,802.0,1.11,43851.0,644.0,460.6
GUFL,2/3/2022,803.1,816.0,775.0,778.0,-2.99,63408.0,644.0,460.6
GUFL,2/6/2022,778.0,778.0,764.0,773.8,-0.54,42550.0,644.0,460.6
GUFL,2/7/2022,765.2,785.0,764.0,770.0,-0.49,44694.0,644.0,460.6
GUFL,2/8/2022,785.4,809.0,763.0,763.0,-0.91,37191.0,644.0,460.6
GUFL,2/9/2022,768.0,770.0,745.0,758.0,-0.66,43000.0,644.0,460.6
GUFL,2/10/2022,755.0,771.0,748.0,757.2,-0.11,38816.0,644.0,460.6
GUFL,2/13/2022,757.0,757.0,715.1,719.0,-5.04,47217.0,644.0,460.6
GUFL,2/14/2022,731.9,735.0,709.0,710.0,-1.25,40418.0,644.0,460.6
GUFL,2/15/2022,709.0,724.2,700.0,720.0,1.41,60306.0,644.0,460.6
GUFL,2/16/2022,720.0,725.0,695.0,702.0,-2.5,75085.0,644.0,460.6
GUFL,2/17/2022,707.9,715.0,694.0,696.0,-0.85,42404.0,644.0,460.6
GUFL,2/20/2022,683.0,686.0,670.0,671.0,-3.59,33217.0,644.0,460.6
GUFL,2/21/2022,682.2,710.0,670.0,691.0,2.98,47132.0,644.0,460.6
GUFL,2/22/2022,704.8,725.0,691.0,717.0,3.76,86373.0,644.0,460.6
GUFL,2/23/2022,725.0,727.0,695.0,695.0,-3.07,66846.0,644.0,460.6
GUFL,2/24/2022,695.0,696.0,675.0,677.0,-2.59,34796.0,644.0,460.6
GUFL,2/27/2022,677.0,690.0,670.0,676.0,-0.15,25963.0,644.0,460.6
GUFL,2/28/2022,676.0,695.0,657.6,658.0,-2.66,21638.0,644.0,460.6
GUFL,3/2/2022,650.0,665.0,624.0,625.0,-5.02,34512.0,644.0,460.6
GUFL,3/6/2022,635.0,650.0,607.6,614.0,-1.76,25125.0,644.0,460.6
GUFL,3/7/2022,613.0,622.2,595.0,595.0,-3.09,19613.0,644.0,460.6
GUFL,3/9/2022,595.0,613.0,570.1,578.4,-2.79,23667.0,644.0,460.6
GUFL,3/10/2022,575.0,613.9,565.5,611.0,5.64,28287.0,644.0,460.6
GUFL,3/13/2022,622.9,645.0,615.0,644.8,5.53,37248.0,644.0,460.6
GUFL,3/14/2022,646.0,650.0,625.0,648.0,0.5,15534.0,644.0,460.6
GUFL,3/15/2022,647.9,688.5,639.0,678.0,4.63,75891.0,644.0,460.6
GUFL,3/16/2022,689.0,689.0,659.0,670.0,-1.18,22757.0,644.0,460.6
GUFL,3/20/2022,660.0,697.0,643.0,655.1,-2.22,35100.0,644.0,460.6
GUFL,3/21/2022,656.0,673.0,635.2,670.0,2.27,53873.0,644.0,460.6
GUFL,3/22/2022,683.0,683.0,660.1,660.1,-1.48,14940.0,644.0,460.6
GUFL,3/23/2022,664.0,664.0,638.0,655.0,-0.77,35500.0,644.0,460.6
GUFL,3/24/2022,645.0,650.0,635.0,635.0,-3.05,39643.0,644.0,460.6
GUFL,3/27/2022,635.0,635.0,606.0,610.0,-3.94,31790.0,644.0,460.6
GUFL,3/28/2022,610.0,622.0,595.0,597.0,-2.13,23032.0,644.0,460.6
GUFL,3/29/2022,597.0,612.0,587.2,595.0,-0.34,18446.0,644.0,460.6
GUFL,3/30/2022,591.0,610.0,585.2,610.0,2.52,16188.0,644.0,460.6
GUFL,3/31/2022,613.5,613.6,585.0,586.0,-3.93,21104.0,644.0,460.6
GUFL,4/3/2022,587.0,594.0,570.1,573.0,-2.22,17653.0,644.0,460.6
GUFL,4/4/2022,583.9,583.9,567.0,570.0,-0.52,11571.0,644.0,460.6
GUFL,4/5/2022,566.0,566.0,545.0,548.0,-3.86,32558.0,644.0,460.6
GUFL,4/6/2022,545.0,554.0,531.0,531.0,-3.1,16334.0,644.0,460.6
GUFL,4/7/2022,532.0,548.0,527.0,538.1,1.34,19634.0,644.0,460.6
GUFL,4/11/2022,548.8,558.0,520.6,520.6,-3.25,20803.0,644.0,460.6
GUFL,4/12/2022,521.0,521.0,500.0,503.0,-3.38,24075.0,644.0,460.6
GUFL,4/13/2022,511.0,512.7,489.3,500.0,-0.6,21591.0,644.0,460.6
GUFL,4/17/2022,510.0,518.0,485.1,488.0,-2.4,16023.0,644.0,460.6
GUFL,4/18/2022,480.2,482.0,469.5,469.5,-3.79,20536.0,644.0,460.6
GUFL,4/19/2022,464.0,481.9,451.0,468.0,-0.32,18013.0,644.0,460.6
GUFL,4/20/2022,460.6,468.0,441.2,441.2,-5.73,18731.0,644.0,460.6
GUFL,4/21/2022,433.0,454.0,416.0,440.0,-0.27,32039.0,644.0,460.6
GUFL,4/24/2022,448.7,483.9,438.0,482.0,9.55,38033.0,644.0,460.6
GUFL,4/25/2022,482.0,490.0,461.1,461.1,-4.34,26446.0,644.0,460.6
GUFL,4/26/2022,470.3,475.0,456.0,461.0,-0.02,18022.0,644.0,460.6
GUFL,4/27/2022,470.2,472.0,451.8,464.0,0.65,8773.0,644.0,460.6
GUFL,4/28/2022,473.2,473.2,450.0,450.0,-3.02,16859.0,644.0,460.6
GUFL,5/2/2022,450.0,450.0,425.0,426.0,-5.33,12548.0,644.0,460.6
GUFL,5/4/2022,434.5,434.5,415.0,427.0,0.23,17910.0,644.0,460.6
GUFL,5/5/2022,418.6,424.0,410.6,411.3,-3.68,16849.0,644.0,460.6
GUFL,5/8/2022,411.3,427.3,403.1,427.3,3.89,18226.0,644.0,460.6
GUFL,5/9/2022,435.8,435.8,419.0,421.0,-1.47,18091.0,644.0,460.6
GUFL,5/10/2022,429.3,435.0,423.0,433.0,2.85,15551.0,644.0,460.6
GUFL,5/11/2022,439.9,452.0,428.0,452.0,4.39,35407.0,644.0,460.6
GUFL,5/12/2022,455.0,470.0,444.0,452.0,0.0,29571.0,644.0,460.6
GUFL,5/17/2022,444.0,450.9,421.0,425.0,-5.97,16459.0,644.0,460.6
GUFL,5/18/2022,420.0,430.0,405.1,425.0,0.0,10804.0,644.0,460.6
GUFL,5/19/2022,425.0,434.0,415.0,420.0,-1.18,9390.0,644.0,460.6
GUFL,5/20/2022,420.0,426.9,415.0,415.2,-1.14,5851.0,644.0,460.6
GUFL,5/23/2022,415.2,419.0,407.1,408.0,-1.73,14485.0,644.0,460.6
GUFL,5/24/2022,416.1,424.4,406.0,419.0,2.7,8690.0,644.0,460.6
GUFL,5/25/2022,419.5,426.9,417.0,421.9,0.69,6496.0,644.0,460.6
GUFL,5/26/2022,425.0,427.0,419.0,423.9,0.47,4654.0,644.0,460.6
GUFL,5/27/2022,420.1,428.5,411.6,413.0,-2.57,22384.0,644.0,460.6
GUFL,5/30/2022,411.0,416.0,402.0,405.0,-1.94,6130.0,644.0,460.6
GUFL,5/31/2022,400.0,410.0,396.0,402.9,-0.52,15999.0,644.0,460.6
GUFL,6/1/2022,408.0,408.0,399.9,405.0,0.52,7367.0,644.0,460.6
GUFL,6/2/2022,412.8,412.9,399.1,399.1,-1.46,11255.0,644.0,460.6
GUFL,6/3/2022,397.0,400.0,393.0,396.9,-0.55,10639.0,644.0,460.6
GUFL,6/6/2022,404.8,412.8,392.0,399.0,0.53,17177.0,644.0,460.6
GUFL,6/7/2022,392.1,400.0,376.0,381.0,-4.51,28306.0,644.0,460.6
GUFL,6/8/2022,375.0,411.0,373.5,409.9,7.59,18076.0,644.0,460.6
GUFL,6/9/2022,416.0,416.0,389.0,395.0,-3.64,25644.0,644.0,460.6
GUFL,6/10/2022,402.9,402.9,382.2,385.0,-2.53,15505.0,644.0,460.6
GUFL,6/13/2022,382.1,399.0,381.3,386.0,0.26,8712.0,644.0,460.6
GUFL,6/14/2022,393.0,393.0,376.0,382.9,-0.8,9619.0,644.0,460.6
GUFL,6/15/2022,378.2,384.5,365.0,380.0,-0.76,19339.0,644.0,460.6
GUFL,6/16/2022,379.1,403.3,375.0,384.0,1.05,8750.0,644.0,460.6
GUFL,6/17/2022,384.0,391.5,380.0,380.0,-1.04,4159.0,644.0,460.6
GUFL,6/19/2022,378.0,385.0,369.1,371.5,-2.24,9110.0,644.0,460.6
GUFL,6/20/2022,365.0,372.0,357.0,372.0,0.13,17412.0,644.0,460.6
GUFL,6/21/2022,372.0,400.5,371.0,386.0,3.76,16138.0,644.0,460.6
GUFL,6/22/2022,382.0,389.9,365.1,379.9,-1.58,14561.0,644.0,460.6
GUFL,6/23/2022,375.0,387.4,361.7,387.4,1.97,19301.0,644.0,460.6
GUFL,6/24/2022,388.9,394.0,365.2,385.5,-0.49,12760.0,644.0,460.6
GUFL,6/26/2022,392.8,416.0,385.0,415.9,7.89,45743.0,644.0,460.6
GUFL,6/27/2022,424.2,427.9,400.2,403.3,-3.03,43045.0,644.0,460.6
GUFL,6/28/2022,396.0,411.0,395.2,406.0,0.67,19675.0,644.0,460.6
GUFL,6/29/2022,403.0,423.3,402.0,422.0,3.94,16273.0,644.0,460.6
GUFL,6/30/2022,430.0,452.0,416.0,451.9,7.09,46640.0,644.0,460.6
GUFL,7/1/2022,451.9,465.0,428.0,450.0,-0.42,22768.0,644.0,460.6
GUFL,7/3/2022,441.0,477.0,441.0,476.0,5.78,39346.0,644.0,460.6
GUFL,7/4/2022,484.0,520.0,461.0,489.0,2.73,84727.0,644.0,460.6
GUFL,7/5/2022,479.3,505.0,464.0,474.0,-3.07,71699.0,644.0,460.6
GUFL,7/6/2022,465.0,510.0,447.0,490.0,3.38,242110.0,644.0,460.6
GUFL,7/7/2022,499.8,512.2,491.0,492.0,0.41,93353.0,644.0,460.6
GUFL,7/8/2022,485.1,497.0,480.1,480.1,-2.42,34579.0,644.0,460.6
GUFL,7/11/2022,479.0,479.0,445.0,446.0,-7.1,49460.0,644.0,460.6
GUFL,7/12/2022,440.0,460.0,439.0,444.0,-0.45,170377.0,644.0,460.6
GUFL,7/13/2022,452.0,472.9,443.0,470.0,5.86,60360.0,644.0,460.6
GUFL,7/14/2022,479.0,487.0,455.1,480.0,2.13,48063.0,644.0,460.6
GUFL,7/15/2022,489.0,489.0,465.0,473.0,-1.46,32351.0,644.0,460.6
GUFL,7/17/2022,470.0,484.0,467.1,484.0,2.33,33509.0,644.0,460.6
GUFL,7/18/2022,493.0,503.0,466.1,499.8,3.26,89767.0,644.0,460.6
GUFL,7/19/2022,509.0,523.0,490.0,519.0,3.84,103579.0,644.0,460.6
GUFL,7/20/2022,525.0,543.0,516.0,537.0,3.47,98285.0,644.0,460.6
GUFL,7/21/2022,547.7,547.7,523.0,529.9,-1.32,66965.0,644.0,460.6
GUFL,7/22/2022,525.0,529.0,508.0,509.9,-3.77,96088.0,644.0,460.6
GUFL,7/24/2022,511.0,542.0,506.1,542.0,6.3,77567.0,644.0,460.6
GUFL,7/25/2022,552.8,596.2,535.0,596.0,9.96,150769.0,644.0,460.6
GUFL,7/26/2022,607.9,625.0,583.0,610.0,2.35,125690.0,644.0,460.6
GUFL,7/27/2022,610.0,640.0,588.0,636.0,4.26,144099.0,644.0,460.6
GUFL,7/28/2022,647.0,689.9,634.1,670.1,5.36,157585.0,644.0,460.6
GUFL,7/29/2022,670.0,709.5,657.0,698.7,4.27,86902.0,644.0,460.6
GUFL,7/31/2022,700.0,715.0,676.0,690.0,-1.25,134691.0,644.0,460.6
GUFL,8/1/2022,676.2,693.5,665.1,679.0,-1.59,127210.0,644.0,460.6
GUFL,8/2/2022,688.0,690.0,667.0,678.0,-0.15,64324.0,644.0,460.6
GUFL,8/3/2022,691.5,692.0,667.5,669.0,-1.33,56435.0,644.0,460.6
GUFL,8/4/2022,661.0,679.0,639.0,641.0,-4.19,115174.0,644.0,460.6
GUFL,8/5/2022,635.0,640.0,612.5,630.0,-1.72,87637.0,644.0,460.6
GUFL,8/7/2022,642.4,642.4,606.1,637.0,1.11,66150.0,644.0,460.6
GUFL,8/8/2022,649.7,655.0,627.3,632.1,-0.77,50913.0,644.0,460.6
GUFL,8/9/2022,625.0,632.0,605.0,607.0,-3.97,49587.0,644.0,460.6
GUFL,8/10/2022,600.0,611.9,590.0,590.0,-2.8,31106.0,644.0,460.6
GUFL,8/11/2022,600.0,624.0,560.0,571.0,-3.22,67318.0,644.0,460.6
GUFL,8/14/2022,560.0,582.4,543.9,548.0,-4.03,31581.0,644.0,460.6
GUFL,8/15/2022,540.2,599.9,540.2,599.0,9.31,61733.0,644.0,460.6
GUFL,8/16/2022,610.9,620.0,577.0,580.0,-3.17,59571.0,644.0,460.6
GUFL,8/17/2022,572.0,596.0,570.3,579.0,-0.17,36230.0,644.0,460.6
GUFL,8/18/2022,568.0,600.0,568.0,594.7,2.71,34876.0,644.0,460.6
GUFL,8/21/2022,583.0,618.0,583.0,597.9,0.54,38259.0,644.0,460.6
GUFL,8/22/2022,586.0,598.7,580.0,597.0,-0.15,34552.0,644.0,460.6
GUFL,8/23/2022,608.0,608.0,576.5,593.0,-0.67,17180.0,644.0,460.6
GUFL,8/24/2022,604.8,604.8,575.0,579.0,-2.36,31866.0,644.0,460.6
GUFL,8/25/2022,590.5,593.0,563.0,566.9,-2.09,29836.0,644.0,460.6
GUFL,8/26/2022,567.0,567.0,545.3,546.2,-3.65,43108.0,644.0,460.6
GUFL,8/28/2022,535.3,556.0,520.1,522.0,-4.43,38821.0,644.0,460.6
GUFL,8/29/2022,529.9,550.0,519.1,535.9,2.66,32200.0,644.0,460.6
GUFL,8/30/2022,542.9,549.9,534.0,538.6,0.5,29663.0,644.0,460.6
GUFL,8/31/2022,542.9,545.8,520.0,526.0,-2.34,15027.0,644.0,460.6
GUFL,9/1/2022,517.2,540.2,513.0,534.5,1.62,22298.0,644.0,460.6
GUFL,9/2/2022,524.0,549.0,524.0,530.0,-0.84,13830.0,644.0,460.6
GUFL,9/4/2022,540.5,543.0,520.0,533.0,0.57,20054.0,644.0,460.6
GUFL,9/5/2022,523.0,538.0,523.0,525.1,-1.48,9656.0,644.0,460.6
GUFL,9/6/2022,535.5,545.0,515.0,518.0,-1.35,26711.0,644.0,460.6
GUFL,9/7/2022,528.0,528.0,510.2,517.9,-0.02,12186.0,644.0,460.6
GUFL,9/8/2022,515.5,533.6,510.0,527.1,1.78,31984.0,644.0,460.6
GUFL,9/11/2022,529.0,531.0,514.5,514.5,-2.39,20303.0,644.0,460.6
GUFL,9/12/2022,511.1,521.0,506.1,518.9,0.86,16153.0,644.0,460.6
GUFL,9/13/2022,515.0,533.0,515.0,531.0,2.33,24254.0,644.0,460.6
GUFL,9/14/2022,539.0,575.0,528.3,572.0,7.72,81868.0,644.0,460.6
GUFL,9/15/2022,561.0,583.0,533.4,544.0,-4.9,77582.0,644.0,460.6
GUFL,9/16/2022,554.8,554.8,502.3,530.0,-2.57,36447.0,644.0,460.6
GUFL,9/18/2022,540.6,540.6,515.0,518.0,-2.26,32369.0,644.0,460.6
GUFL,9/20/2022,508.0,519.0,488.1,499.9,-3.49,45341.0,644.0,460.6
GUFL,9/21/2022,509.8,519.9,498.0,500.0,0.02,34875.0,644.0,460.6
GUFL,9/22/2022,491.0,509.0,491.0,496.0,-0.8,13753.0,644.0,460.6
GUFL,9/25/2022,487.5,497.0,474.4,481.0,-3.02,16408.0,644.0,460.6
GUFL,9/27/2022,472.0,499.0,472.0,489.0,1.66,12102.0,644.0,460.6
GUFL,9/28/2022,497.0,497.0,479.0,479.9,-1.86,3776.0,644.0,460.6
GUFL,9/29/2022,487.0,487.0,470.4,473.0,-1.44,13380.0,644.0,460.6
GUFL,10/9/2022,482.0,510.0,477.0,507.0,7.19,32901.0,644.0,460.6
GUFL,10/10/2022,508.0,509.0,485.0,493.0,-2.76,18117.0,644.0,460.6
GUFL,10/11/2022,502.8,502.8,478.0,490.1,-0.59,4877.0,644.0,460.6
GUFL,10/12/2022,481.0,512.0,481.0,507.0,3.45,35878.0,644.0,460.6
GUFL,10/13/2022,500.0,524.9,500.0,519.9,2.54,52396.0,644.0,460.6
GUFL,10/16/2022,521.0,528.0,500.0,500.0,-3.83,17589.0,644.0,460.6
GUFL,10/17/2022,500.0,508.0,493.0,493.0,-1.4,16784.0,644.0,460.6
GUFL,10/19/2022,500.0,510.0,478.3,478.3,-2.98,21859.0,644.0,460.6
GUFL,10/20/2022,474.0,498.0,474.0,483.0,0.98,12383.0,644.0,460.6
GUFL,10/23/2022,492.5,494.9,483.1,489.9,1.43,4781.0,644.0,460.6
GUFL,10/31/2022,499.6,509.0,492.0,500.0,2.06,17181.0,644.0,460.6
GUFL,11/1/2022,510.0,535.0,499.8,530.0,6.0,47531.0,644.0,460.6
GUFL,11/2/2022,535.0,560.0,521.0,543.0,2.45,72775.0,644.0,460.6
GUFL,11/3/2022,533.1,555.9,533.1,538.0,-0.92,40680.0,644.0,460.6
GUFL,11/6/2022,547.0,565.0,527.4,565.0,5.02,48345.0,644.0,460.6
GUFL,11/7/2022,555.0,584.4,555.0,559.0,-1.06,90013.0,644.0,460.6
GUFL,11/8/2022,550.0,576.0,550.0,562.0,0.54,44967.0,644.0,460.6
GUFL,11/9/2022,570.0,575.0,524.0,529.0,-5.87,62261.0,644.0,460.6
GUFL,11/10/2022,525.1,540.6,509.0,510.0,-3.59,52172.0,644.0,460.6
GUFL,11/13/2022,512.0,527.0,505.0,526.0,3.14,20635.0,644.0,460.6
GUFL,11/14/2022,519.0,548.0,512.1,540.0,2.66,46888.0,644.0,460.6
GUFL,11/15/2022,550.8,556.0,523.1,525.2,-2.74,57790.0,644.0,460.6
GUFL,11/16/2022,535.0,543.6,524.3,540.0,2.82,14317.0,644.0,460.6
GUFL,11/17/2022,535.5,555.0,535.5,541.1,0.2,57413.0,644.0,460.6
GUFL,11/22/2022,550.0,552.0,531.1,532.2,-1.64,31112.0,644.0,460.6
GUFL,11/23/2022,527.0,542.0,526.0,533.0,0.15,25480.0,644.0,460.6
GUFL,11/24/2022,522.4,545.0,522.4,544.0,2.06,36918.0,644.0,460.6
GUFL,11/27/2022,538.0,554.8,538.0,551.0,1.29,47139.0,644.0,460.6
GUFL,11/28/2022,551.0,566.0,540.0,542.0,-1.63,31995.0,644.0,460.6
GUFL,11/29/2022,540.0,554.0,535.0,548.0,1.11,25161.0,644.0,460.6
GUFL,11/30/2022,540.1,553.7,540.1,546.0,-0.36,26458.0,644.0,460.6
GUFL,12/1/2022,545.0,556.5,542.0,545.0,-0.18,38506.0,644.0,460.6
GUFL,12/4/2022,548.9,553.0,538.1,540.5,-0.83,21946.0,644.0,460.6
GUFL,12/5/2022,546.0,546.5,525.0,526.8,-2.53,24509.0,644.0,460.6
GUFL,12/6/2022,522.3,535.0,522.3,529.9,0.59,28331.0,644.0,460.6
GUFL,12/7/2022,521.5,537.9,517.0,524.0,-1.11,24224.0,644.0,460.6
GUFL,12/11/2022,529.0,529.0,509.6,510.0,-2.67,21137.0,644.0,460.6
GUFL,12/12/2022,518.0,525.0,510.0,524.0,2.75,20793.0,644.0,460.6
GUFL,12/13/2022,513.6,530.0,513.6,518.0,-1.15,15004.0,644.0,460.6
GUFL,12/14/2022,528.3,528.3,514.0,522.0,0.77,14544.0,644.0,460.6
GUFL,12/15/2022,511.7,521.0,509.0,515.0,-1.34,13126.0,644.0,460.6
GUFL,12/18/2022,510.0,513.9,497.0,500.0,-2.91,27737.0,644.0,460.6
GUFL,12/19/2022,510.0,520.0,499.5,504.9,0.98,9243.0,644.0,460.6
GUFL,12/20/2022,502.0,517.0,500.0,500.0,-0.97,21982.0,644.0,460.6
GUFL,12/21/2022,495.0,510.0,495.0,501.0,0.2,15080.0,644.0,460.6
GUFL,12/22/2022,495.0,496.9,490.0,490.0,-2.2,14198.0,644.0,460.6
GUFL,12/26/2022,499.8,539.0,499.8,539.0,10.0,54093.0,644.0,460.6
GUFL,12/27/2022,540.0,575.0,540.0,567.1,5.21,140067.0,644.0,460.6
GUFL,12/28/2022,568.0,578.4,550.0,559.0,-1.43,61958.0,644.0,460.6
GUFL,12/29/2022,550.1,588.0,550.0,588.0,5.19,91656.0,644.0,460.6
GUFL,1/1/2023,595.0,607.0,566.0,589.0,0.17,84675.0,644.0,460.6
GUFL,1/2/2023,577.3,598.9,571.0,590.0,0.17,104912.0,644.0,460.6
GUFL,1/3/2023,600.0,600.0,571.1,575.0,-2.54,76098.0,644.0,460.6
GUFL,1/4/2023,566.1,600.0,566.1,599.0,4.17,56765.0,644.0,460.6
GUFL,1/5/2023,603.0,609.0,585.0,595.0,-0.67,113485.0,644.0,460.6
GUFL,1/8/2023,606.9,630.0,588.0,624.9,5.03,130070.0,644.0,460.6
GUFL,1/9/2023,613.0,633.5,612.0,629.0,0.66,86526.0,644.0,460.6
GUFL,1/10/2023,620.0,652.0,588.1,603.0,-4.13,100303.0,644.0,460.6
GUFL,1/12/2023,615.0,639.0,577.0,579.9,-3.83,124391.0,644.0,460.6
GUFL,1/17/2023,579.9,608.0,571.0,600.9,3.62,65927.0,644.0,460.6
GUFL,1/18/2023,590.0,613.0,586.0,599.8,-0.18,53880.0,644.0,460.6
GUFL,1/19/2023,611.0,611.0,583.1,586.0,-2.3,28597.0,644.0,460.6
GUFL,1/23/2023,597.7,620.0,583.1,585.0,-0.17,51017.0,644.0,460.6
GUFL,1/24/2023,585.0,595.0,572.0,593.1,1.38,47974.0,644.0,460.6
GUFL,1/25/2023,582.5,617.0,582.5,605.0,2.01,59765.0,644.0,460.6
GUFL,1/26/2023,616.8,616.8,593.0,600.0,-0.83,27158.0,644.0,460.6
GUFL,1/29/2023,588.8,598.0,581.0,583.0,-2.83,34963.0,644.0,460.6
GUFL,1/30/2023,579.0,583.0,566.5,568.1,-2.56,40078.0,644.0,460.6
GUFL,1/31/2023,561.2,571.0,555.0,564.9,-0.56,47531.0,644.0,460.6
GUFL,2/1/2023,576.0,576.0,554.0,563.0,-0.34,40373.0,644.0,460.6
GUFL,2/2/2023,574.0,574.0,542.0,549.0,-2.49,44308.0,644.0,460.6
GUFL,2/5/2023,551.0,558.0,540.0,557.0,1.46,25202.0,644.0,460.6
GUFL,2/6/2023,550.0,560.9,545.0,547.0,-1.8,51064.0,644.0,460.6
GUFL,2/7/2023,540.0,575.0,540.0,575.0,5.12,45918.0,644.0,460.6
GUFL,2/8/2023,586.0,589.0,562.0,569.0,-1.04,30842.0,644.0,460.6
GUFL,2/9/2023,560.0,580.0,560.0,569.0,0.0,17362.0,644.0,460.6
GUFL,2/12/2023,557.7,560.0,545.0,546.5,-3.95,29764.0,644.0,460.6
GUFL,2/14/2023,540.0,549.0,535.7,541.0,-1.01,15462.0,644.0,460.6
GUFL,2/15/2023,545.0,548.7,530.0,532.0,-1.66,21196.0,644.0,460.6
GUFL,2/16/2023,540.0,540.0,522.0,528.0,-0.75,18913.0,644.0,460.6
GUFL,2/20/2023,528.0,531.0,515.0,517.2,-2.05,15416.0,644.0,460.6
GUFL,2/22/2023,527.5,540.0,518.5,539.0,4.22,21221.0,644.0,460.6
GUFL,2/23/2023,540.0,540.0,518.4,522.8,-3.01,35854.0,644.0,460.6
GUFL,2/26/2023,512.4,540.0,496.0,540.0,3.29,37744.0,644.0,460.6
GUFL,2/27/2023,549.0,549.0,513.0,520.0,-3.7,27878.0,644.0,460.6
GUFL,2/28/2023,530.4,530.4,517.6,529.9,1.9,10481.0,644.0,460.6
GUFL,3/1/2023,520.0,525.0,515.0,518.9,-2.08,14657.0,644.0,460.6
GUFL,3/2/2023,509.0,515.0,506.1,507.0,-2.29,26082.0,644.0,460.6
GUFL,3/5/2023,510.0,513.0,495.0,495.1,-2.35,17842.0,644.0,460.6
GUFL,3/7/2023,505.0,510.0,498.0,504.9,1.98,11037.0,644.0,460.6
GUFL,3/9/2023,510.0,530.0,510.0,525.0,3.98,21931.0,644.0,460.6
GUFL,3/12/2023,535.5,535.5,511.1,512.9,-2.3,17964.0,644.0,460.6
GUFL,3/13/2023,517.2,517.2,506.0,510.1,-0.55,11477.0,644.0,460.6
GUFL,3/14/2023,508.0,520.0,508.0,517.0,1.35,11296.0,644.0,460.6
GUFL,3/15/2023,512.0,515.0,505.0,507.0,-1.93,10058.0,644.0,460.6
GUFL,3/16/2023,517.0,517.0,506.0,510.0,0.59,7018.0,644.0,460.6
GUFL,3/19/2023,500.1,513.0,500.1,509.5,-0.1,5097.0,644.0,460.6
GUFL,3/20/2023,503.0,519.1,503.0,517.9,1.65,6857.0,644.0,460.6
GUFL,3/22/2023,513.0,522.0,506.5,506.5,-2.2,9522.0,644.0,460.6
GUFL,3/23/2023,506.1,510.0,500.0,504.0,-0.49,9030.0,644.0,460.6
GUFL,3/26/2023,510.0,510.9,496.0,496.0,-1.59,9841.0,644.0,460.6
GUFL,3/27/2023,500.0,508.0,490.1,508.0,2.42,12656.0,644.0,460.6
GUFL,3/28/2023,511.0,519.8,506.5,510.0,0.39,7385.0,644.0,460.6
GUFL,3/29/2023,509.0,510.0,503.2,506.0,-0.78,6312.0,644.0,460.6
GUFL,3/30/2023,510.0,514.0,500.0,502.0,-0.79,8599.0,644.0,460.6
GUFL,4/2/2023,507.0,512.0,494.0,494.0,-1.59,10181.0,644.0,460.6
GUFL,4/3/2023,491.0,495.0,490.0,495.0,0.2,10712.0,644.0,460.6
GUFL,4/4/2023,493.0,500.0,488.0,494.0,-0.2,6385.0,644.0,460.6
GUFL,4/5/2023,495.0,499.0,488.0,496.0,0.4,2634.0,644.0,460.6
GUFL,4/6/2023,496.1,496.1,481.5,485.0,-2.22,5870.0,644.0,460.6
GUFL,4/9/2023,480.0,487.0,473.1,480.0,-1.03,8240.0,644.0,460.6
GUFL,4/10/2023,485.0,488.0,470.4,483.0,0.63,8578.0,644.0,460.6
GUFL,4/11/2023,485.0,494.0,485.0,494.0,2.28,3903.0,644.0,460.6
GUFL,4/12/2023,503.0,525.0,500.0,524.8,6.23,18641.0,644.0,460.6
GUFL,4/13/2023,525.0,530.0,499.8,514.1,-2.04,17996.0,644.0,460.6
GUFL,4/16/2023,514.5,514.5,502.1,509.0,-0.99,5748.0,644.0,460.6
GUFL,4/17/2023,518.5,518.5,500.0,500.0,-1.77,9606.0,644.0,460.6
GUFL,4/18/2023,497.0,501.0,486.2,489.0,-2.2,16321.0,644.0,460.6
GUFL,4/19/2023,490.0,499.0,480.0,493.0,0.82,6148.0,644.0,460.6
GUFL,4/20/2023,484.0,510.0,484.0,490.0,-0.61,7384.0,644.0,460.6
GUFL,4/23/2023,483.1,494.0,482.1,483.1,-1.41,6197.0,644.0,460.6
GUFL,4/24/2023,482.0,495.0,482.0,487.2,0.85,4888.0,644.0,460.6
GUFL,4/25/2023,480.0,498.0,480.0,493.9,1.38,1756.0,644.0,460.6
GUFL,4/26/2023,503.0,503.7,488.0,492.9,-0.2,6527.0,644.0,460.6
GUFL,4/27/2023,485.0,494.0,480.1,480.1,-2.6,9087.0,644.0,460.6
GUFL,4/30/2023,481.1,489.7,478.1,480.0,-0.02,6705.0,644.0,460.6
GUFL,5/2/2023,489.0,489.0,476.0,477.0,-0.62,5571.0,644.0,460.6
GUFL,5/3/2023,471.0,487.0,471.0,482.0,1.05,3871.0,644.0,460.6
GUFL,5/4/2023,475.0,491.0,475.0,485.9,0.81,4275.0,644.0,460.6
GUFL,5/7/2023,476.2,487.0,471.1,480.0,-1.21,4629.0,644.0,460.6
GUFL,5/8/2023,471.1,480.0,467.0,474.0,-1.25,6159.0,644.0,460.6
GUFL,5/9/2023,465.0,483.0,465.0,480.0,1.27,5394.0,644.0,460.6
GUFL,5/10/2023,475.0,483.5,474.5,480.0,0.0,5106.0,644.0,460.6
GUFL,5/11/2023,472.0,484.0,471.0,473.5,-1.35,3100.0,644.0,460.6
GUFL,5/14/2023,470.1,480.0,465.0,465.2,-1.75,5466.0,644.0,460.6
GUFL,5/15/2023,474.0,474.0,454.0,463.9,-0.28,6294.0,644.0,460.6
GUFL,5/16/2023,456.0,467.8,456.0,467.8,0.84,4321.0,644.0,460.6
GUFL,5/17/2023,461.1,482.9,461.1,479.9,2.59,8394.0,644.0,460.6
GUFL,5/18/2023,470.4,500.0,470.4,499.9,4.17,10650.0,644.0,460.6
GUFL,5/21/2023,500.0,505.0,481.0,485.0,-2.98,14786.0,644.0,460.6
GUFL,5/22/2023,485.0,498.0,478.0,489.9,1.01,9946.0,644.0,460.6
GUFL,5/23/2023,480.2,519.0,480.2,518.9,5.92,30913.0,644.0,460.6
GUFL,5/24/2023,520.0,520.0,508.1,519.0,0.02,16330.0,644.0,460.6
GUFL,5/28/2023,518.0,525.0,497.0,510.0,-1.73,26963.0,644.0,460.6
GUFL,5/30/2023,499.8,505.0,486.2,493.0,-3.33,25477.0,644.0,460.6
GUFL,5/31/2023,483.2,508.0,470.1,480.0,-2.64,21276.0,644.0,460.6
GUFL,6/1/2023,488.0,490.0,473.0,481.0,0.21,15987.0,644.0,460.6
GUFL,6/4/2023,490.6,508.0,490.6,503.7,4.72,12844.0,644.0,460.6
GUFL,6/5/2023,505.0,530.0,487.0,530.0,5.22,27897.0,644.0,460.6
GUFL,6/6/2023,525.0,529.0,496.6,517.0,-2.45,50896.0,644.0,460.6
GUFL,6/7/2023,506.7,527.0,505.0,505.0,-2.32,12259.0,644.0,460.6
GUFL,6/8/2023,494.9,510.0,494.9,501.0,-0.79,15799.0,644.0,460.6
GUFL,6/11/2023,510.0,533.8,506.0,520.0,3.79,59953.0,644.0,460.6
GUFL,6/12/2023,529.7,539.0,511.3,521.5,0.29,30058.0,644.0,460.6
GUFL,6/13/2023,523.0,545.0,512.6,540.0,3.55,35280.0,644.0,460.6
GUFL,6/14/2023,549.0,549.0,519.4,535.0,-0.93,49758.0,644.0,460.6
GUFL,6/15/2023,525.0,532.0,515.0,527.0,-1.5,33068.0,644.0,460.6
GUFL,6/18/2023,537.5,538.5,525.0,533.9,1.31,41629.0,644.0,460.6
GUFL,6/19/2023,544.5,569.0,526.0,564.0,5.64,89959.0,644.0,460.6
GUFL,6/20/2023,565.0,580.0,548.0,560.0,-0.71,80806.0,644.0,460.6
GUFL,6/21/2023,550.0,560.0,537.2,542.0,-3.21,53295.0,644.0,460.6
GUFL,6/22/2023,544.0,547.0,532.0,535.0,-1.29,19787.0,644.0,460.6
GUFL,6/25/2023,539.0,563.0,530.0,557.0,4.11,69557.0,644.0,460.6
GUFL,6/26/2023,568.1,579.0,565.0,573.0,2.87,77600.0,644.0,460.6
GUFL,6/27/2023,584.4,605.0,571.4,600.0,4.71,65035.0,644.0,460.6
GUFL,6/28/2023,604.0,608.8,579.0,579.0,-3.5,106695.0,644.0,460.6
GUFL,7/2/2023,590.5,590.5,562.0,564.9,-2.44,49579.0,644.0,460.6
GUFL,7/3/2023,564.9,572.0,554.0,558.9,-1.06,37661.0,644.0,460.6
GUFL,7/4/2023,570.0,570.0,552.0,565.0,1.09,19737.0,644.0,460.6
GUFL,7/5/2023,560.0,572.0,550.0,555.0,-1.77,27342.0,644.0,460.6
GUFL,7/6/2023,545.0,568.0,545.0,552.0,-0.54,21101.0,644.0,460.6
GUFL,7/9/2023,562.0,575.0,556.0,568.0,2.9,17122.0,644.0,460.6
GUFL,7/10/2023,562.0,584.0,562.0,572.1,0.72,27527.0,644.0,460.6
GUFL,7/11/2023,573.0,598.0,561.0,580.0,1.38,45549.0,644.0,460.6
GUFL,7/12/2023,591.6,600.0,381.0,572.0,-1.38,39641.0,644.0,460.6
GUFL,7/13/2023,583.4,590.0,554.7,564.9,-1.24,31405.0,644.0,460.6
GUFL,7/16/2023,555.0,575.0,549.0,560.0,-0.87,45240.0,644.0,460.6
GUFL,7/17/2023,554.0,580.0,554.0,578.0,3.21,23126.0,644.0,460.6
GUFL,7/18/2023,589.0,589.0,567.0,579.5,0.26,21112.0,644.0,460.6
GUFL,7/19/2023,568.0,582.0,567.4,570.0,-1.64,23498.0,644.0,460.6
GUFL,7/20/2023,561.1,570.0,561.1,566.0,-0.7,15024.0,644.0,460.6
GUFL,7/23/2023,558.0,578.0,555.1,572.0,1.06,34490.0,644.0,460.6
GUFL,7/24/2023,564.2,580.0,553.0,558.0,-2.45,38204.0,644.0,460.6
GUFL,7/25/2023,550.1,565.0,546.1,553.0,-0.9,20744.0,644.0,460.6
GUFL,7/26/2023,547.0,562.9,547.0,549.0,-0.72,14837.0,644.0,460.6
GUFL,7/27/2023,551.0,557.0,535.0,535.0,-2.55,18392.0,644.0,460.6
GUFL,7/30/2023,526.0,542.0,520.0,520.0,-2.8,24619.0,644.0,460.6
GUFL,7/31/2023,512.1,543.3,512.1,526.0,1.15,20881.0,644.0,460.6
GUFL,8/1/2023,536.0,539.9,509.6,510.3,-2.98,11288.0,644.0,460.6
GUFL,8/2/2023,520.5,529.0,511.1,529.0,3.66,17252.0,644.0,460.6
GUFL,8/3/2023,538.0,568.0,523.0,523.1,-1.12,21882.0,644.0,460.6
GUFL,8/6/2023,533.0,549.0,522.2,534.0,2.08,27405.0,644.0,460.6
GUFL,8/7/2023,523.5,586.7,523.5,586.0,9.74,34800.0,644.0,460.6
GUFL,8/8/2023,574.3,574.3,537.7,537.7,-8.24,50075.0,644.0,460.6
GUFL,8/9/2023,527.1,558.9,527.1,557.0,3.59,20236.0,644.0,460.6
GUFL,8/10/2023,546.0,564.0,537.0,550.0,-1.26,18576.0,644.0,460.6
GUFL,8/13/2023,539.0,580.0,539.0,560.0,1.82,33899.0,644.0,460.6
GUFL,8/14/2023,548.8,561.5,540.0,557.0,-0.54,20371.0,644.0,460.6
GUFL,8/15/2023,545.9,550.0,537.0,547.0,-1.8,13492.0,644.0,460.6
GUFL,8/16/2023,536.2,541.0,526.5,540.0,-1.28,24082.0,644.0,460.6
GUFL,8/17/2023,530.1,547.0,530.0,545.0,0.93,23576.0,644.0,460.6
GUFL,8/20/2023,555.0,555.0,530.3,540.0,-0.92,6198.0,644.0,460.6
GUFL,8/21/2023,529.2,550.0,527.1,528.0,-2.22,8189.0,644.0,460.6
GUFL,8/22/2023,522.0,540.0,522.0,540.0,2.27,10611.0,644.0,460.6
GUFL,8/23/2023,529.2,552.0,529.2,548.0,1.48,10552.0,644.0,460.6
GUFL,8/24/2023,558.9,558.9,527.0,532.0,-2.92,9978.0,644.0,460.6
GUFL,8/27/2023,532.0,532.0,523.2,530.0,-0.38,7319.0,644.0,460.6
GUFL,8/28/2023,520.0,535.5,520.0,530.0,0.0,5838.0,644.0,460.6
GUFL,8/29/2023,525.0,530.0,523.0,526.9,-0.58,1791.0,644.0,460.6
GUFL,8/30/2023,525.0,527.0,522.1,526.0,-0.17,5345.0,644.0,460.6
GUFL,9/3/2023,520.0,533.9,515.7,517.0,-1.71,8618.0,644.0,460.6
GUFL,9/4/2023,511.0,525.0,511.0,525.0,1.55,8350.0,644.0,460.6
GUFL,9/5/2023,515.5,530.0,512.0,512.0,-2.48,3920.0,644.0,460.6
GUFL,9/7/2023,522.0,522.0,498.1,500.0,-2.34,10592.0,644.0,460.6
GUFL,9/10/2023,501.0,507.9,497.0,500.0,0.0,5453.0,644.0,460.6
GUFL,9/11/2023,492.7,517.0,492.7,515.0,3.0,16284.0,644.0,460.6
GUFL,9/12/2023,505.0,516.1,504.0,505.0,-1.94,8572.0,644.0,460.6
GUFL,9/13/2023,500.1,520.0,500.1,519.0,2.77,8401.0,644.0,460.6
GUFL,9/17/2023,508.9,520.1,502.0,504.0,-2.89,7338.0,644.0,460.6
GUFL,9/18/2023,495.1,513.0,495.1,513.0,1.79,3461.0,644.0,460.6
GUFL,9/19/2023,502.8,524.3,493.0,524.2,2.18,11806.0,644.0,460.6
GUFL,9/21/2023,524.2,554.8,515.0,550.0,4.92,36474.0,644.0,460.6
GUFL,9/24/2023,539.0,552.0,528.3,552.0,0.36,21076.0,644.0,460.6
GUFL,9/25/2023,541.0,600.0,519.6,560.0,1.45,39104.0,644.0,460.6
GUFL,9/26/2023,548.8,560.0,548.8,555.0,-0.89,8402.0,644.0,460.6
GUFL,9/27/2023,544.0,577.4,536.0,540.0,-2.7,25458.0,644.0,460.6
GUFL,10/1/2023,535.1,545.0,530.0,537.9,-0.39,9207.0,644.0,460.6
GUFL,10/2/2023,527.5,553.8,517.0,544.0,1.13,17381.0,644.0,460.6
GUFL,10/3/2023,533.2,560.0,522.6,529.0,-2.76,8931.0,644.0,460.6
GUFL,10/4/2023,539.5,547.0,531.1,543.9,2.82,5737.0,644.0,460.6
GUFL,10/5/2023,533.3,543.0,523.0,538.8,-0.94,6014.0,644.0,460.6
GUFL,10/8/2023,544.0,544.0,515.0,524.0,-2.75,36418.0,644.0,460.6
GUFL,10/9/2023,515.0,525.3,506.0,517.8,-1.18,22466.0,644.0,460.6
GUFL,10/10/2023,508.0,518.0,508.0,510.0,-1.51,4423.0,644.0,460.6
GUFL,10/11/2023,500.0,519.8,500.0,512.0,0.39,14297.0,644.0,460.6
GUFL,10/12/2023,503.0,515.0,503.0,509.4,-0.51,8120.0,644.0,460.6
GUFL,10/16/2023,500.1,510.1,499.0,505.0,-0.86,10791.0,644.0,460.6
GUFL,10/17/2023,500.0,519.0,495.1,517.0,2.38,9538.0,644.0,460.6
GUFL,10/18/2023,506.7,522.0,496.6,522.0,0.97,11951.0,644.0,460.6
GUFL,10/19/2023,511.6,520.0,481.6,516.8,-1.0,17302.0,644.0,460.6
GUFL,10/29/2023,510.0,510.0,496.1,499.8,-3.29,5764.0,644.0,460.6
GUFL,10/30/2023,490.0,509.0,490.0,508.0,1.64,5534.0,644.0,460.6
GUFL,10/31/2023,504.0,510.9,502.0,504.0,-0.79,1696.0,644.0,460.6
GUFL,11/1/2023,495.0,504.9,495.0,503.9,-0.02,2901.0,644.0,460.6
GUFL,11/2/2023,498.0,502.8,495.0,500.0,-0.77,2662.0,644.0,460.6
GUFL,11/5/2023,490.0,500.0,490.0,496.0,-0.8,6046.0,644.0,460.6
GUFL,11/6/2023,487.0,510.0,487.0,507.0,2.22,8035.0,644.0,460.6
GUFL,11/7/2023,510.0,511.9,497.0,510.0,0.59,10475.0,644.0,460.6
GUFL,11/8/2023,500.0,516.0,500.0,508.6,-0.27,8921.0,644.0,460.6
GUFL,11/9/2023,500.0,505.2,500.0,505.2,-0.67,4767.0,644.0,460.6
GUFL,11/20/2023,496.0,508.0,496.0,503.0,-0.44,3941.0,644.0,460.6
GUFL,11/21/2023,493.5,500.0,490.1,497.0,-1.19,13744.0,644.0,460.6
GUFL,11/22/2023,488.0,506.9,488.0,503.0,1.21,10609.0,644.0,460.6
GUFL,11/23/2023,493.0,510.0,484.0,500.2,-0.56,7916.0,644.0,460.6
GUFL,11/26/2023,492.1,542.0,492.1,521.4,4.24,24174.0,644.0,460.6
GUFL,11/27/2023,511.0,562.0,511.0,516.0,-1.04,23862.0,644.0,460.6
GUFL,11/28/2023,505.7,529.0,505.7,525.8,1.9,7240.0,644.0,460.6
GUFL,11/29/2023,515.8,534.3,510.0,519.5,-1.2,6676.0,644.0,460.6
GUFL,11/30/2023,509.2,518.0,499.8,505.0,-2.79,20351.0,644.0,460.6
GUFL,12/3/2023,494.9,510.0,494.9,510.0,0.99,6749.0,644.0,460.6
GUFL,12/4/2023,499.8,520.0,499.8,513.9,0.76,6974.0,644.0,460.6
GUFL,12/5/2023,503.7,519.7,500.0,506.9,-1.36,10023.0,644.0,460.6
GUFL,12/6/2023,496.8,509.6,496.8,501.9,-0.99,17005.0,644.0,460.6
GUFL,12/7/2023,491.9,515.0,491.9,505.0,0.62,16147.0,644.0,460.6
GUFL,12/10/2023,514.9,555.0,505.0,550.0,8.91,2040.0,644.0,460.6
GUFL,12/11/2023,561.0,561.0,520.0,534.0,-2.91,31012.0,644.0,460.6
GUFL,12/12/2023,544.6,544.6,515.5,535.0,0.19,17291.0,644.0,460.6
GUFL,12/13/2023,544.9,550.0,527.0,534.3,-0.13,34106.0,644.0,460.6
GUFL,12/14/2023,523.7,537.9,523.7,528.9,-1.01,11375.0,644.0,460.6
GUFL,12/17/2023,521.1,542.0,515.3,538.0,1.72,22979.0,644.0,460.6
GUFL,12/18/2023,535.0,569.1,535.0,555.0,3.16,91706.0,644.0,460.6
GUFL,12/19/2023,566.1,570.0,546.2,560.2,0.94,41685.0,644.0,460.6
GUFL,12/20/2023,571.0,580.0,557.0,573.8,2.43,37255.0,644.0,460.6
GUFL,12/21/2023,585.0,585.0,551.2,555.0,-3.28,28241.0,644.0,460.6
GUFL,12/24/2023,545.0,577.0,543.0,543.0,-2.16,31533.0,644.0,460.6
GUFL,12/27/2023,553.8,564.8,536.0,547.1,0.76,25129.0,644.0,460.6
GUFL,12/28/2023,542.1,554.0,540.0,545.0,-0.38,15608.0,644.0,460.6
GUFL,1/1/2024,536.0,557.0,536.0,548.0,0.55,32321.0,644.0,460.6
GUFL,1/2/2024,543.0,548.8,536.0,545.0,-0.55,12650.0,644.0,460.6
GUFL,1/3/2024,534.1,550.0,523.5,548.0,0.55,15056.0,644.0,460.6
GUFL,1/4/2024,537.1,553.0,534.0,534.0,-2.55,20013.0,644.0,460.6
GUFL,1/7/2024,525.0,540.0,522.4,525.0,-1.69,18700.0,644.0,460.6
GUFL,1/8/2024,516.0,536.6,516.0,527.0,0.38,13690.0,644.0,460.6
GUFL,1/9/2024,537.5,547.0,536.1,543.0,3.04,20627.0,644.0,460.6
GUFL,1/10/2024,550.0,564.0,545.5,549.0,1.1,57002.0,644.0,460.6
GUFL,1/11/2024,540.1,558.4,540.1,546.0,-0.55,15426.0,644.0,460.6
GUFL,1/14/2024,550.0,564.0,550.0,557.5,2.11,18271.0,644.0,460.6
GUFL,1/16/2024,565.0,598.0,565.0,591.0,6.01,89109.0,644.0,460.6
GUFL,1/17/2024,595.0,611.0,570.0,574.0,-2.88,93494.0,644.0,460.6
GUFL,1/18/2024,563.0,582.0,563.0,573.0,-0.17,38463.0,644.0,460.6
GUFL,1/21/2024,563.1,584.0,560.0,569.1,-0.68,43304.0,644.0,460.6
GUFL,1/22/2024,560.0,571.0,555.0,558.0,-1.95,38087.0,644.0,460.6
GUFL,1/23/2024,550.0,569.0,550.0,560.0,0.36,17756.0,644.0,460.6
GUFL,1/24/2024,554.0,571.1,554.0,558.9,-0.2,20287.0,644.0,460.6
GUFL,1/25/2024,547.8,575.0,547.8,559.0,0.02,22132.0,644.0,460.6
GUFL,1/28/2024,563.9,563.9,555.1,560.0,0.18,5549.0,644.0,460.6
GUFL,1/29/2024,566.0,577.0,557.0,562.2,0.39,18328.0,644.0,460.6
GUFL,1/30/2024,557.0,573.0,557.0,563.6,0.25,9331.0,644.0,460.6
GUFL,1/31/2024,555.1,574.0,553.0,553.5,-1.79,17519.0,644.0,460.6
GUFL,2/1/2024,551.2,565.0,548.1,548.6,-0.89,33671.0,644.0,460.6
GUFL,2/4/2024,540.5,563.0,540.5,557.9,1.7,14486.0,644.0,460.6
GUFL,2/5/2024,549.4,566.0,549.4,560.0,0.38,20859.0,644.0,460.6
GUFL,2/6/2024,550.1,570.0,550.1,569.0,1.61,16740.0,644.0,460.6
GUFL,2/7/2024,562.0,573.0,558.0,566.0,-0.53,17875.0,644.0,460.6
GUFL,2/8/2024,558.0,569.0,558.0,565.0,-0.18,13808.0,644.0,460.6
GUFL,2/11/2024,574.0,576.0,560.0,560.0,-0.88,6907.0,644.0,460.6
GUFL,2/12/2024,565.0,571.0,565.0,570.0,1.79,21952.0,644.0,460.6
GUFL,2/13/2024,565.0,574.9,560.0,565.0,-0.88,32650.0,644.0,460.6
GUFL,2/14/2024,562.1,619.0,562.0,606.0,7.26,208840.0,644.0,460.6
GUFL,2/15/2024,609.0,615.0,580.1,584.0,-3.63,56571.0,644.0,460.6
GUFL,2/18/2024,578.2,581.0,567.3,570.0,-2.4,34801.0,644.0,460.6
GUFL,2/20/2024,558.6,581.0,558.6,573.0,0.53,28511.0,644.0,460.6
GUFL,2/21/2024,562.0,590.5,562.0,589.0,2.79,39680.0,644.0,460.6
GUFL,2/22/2024,577.3,647.9,577.3,619.9,5.25,225994.0,644.0,460.6
GUFL,2/25/2024,620.0,668.3,620.0,651.9,5.16,165634.0,644.0,460.6
GUFL,2/26/2024,664.9,664.9,615.0,617.0,-5.35,99486.0,644.0,460.6
GUFL,2/27/2024,621.2,636.4,610.0,628.0,1.78,49522.0,644.0,460.6
GUFL,2/28/2024,628.0,628.0,614.0,614.0,-2.23,36112.0,644.0,460.6
GUFL,2/29/2024,618.0,619.9,580.0,583.0,-5.05,57875.0,644.0,460.6
GUFL,3/3/2024,575.0,595.0,575.0,580.1,-0.5,23695.0,644.0,460.6
GUFL,3/4/2024,591.7,627.3,591.7,624.0,7.57,1300.0,644.0,460.6
GUFL,3/5/2024,625.0,625.0,596.0,618.0,-0.96,92213.0,644.0,460.6
GUFL,3/6/2024,605.9,668.0,585.0,668.0,8.09,99214.0,644.0,460.6
GUFL,3/7/2024,670.0,670.0,643.0,654.0,-2.1,120326.0,644.0,460.6
GUFL,3/10/2024,654.0,674.0,645.0,671.0,2.6,101983.0,644.0,460.6
GUFL,3/12/2024,684.4,713.8,662.0,702.0,4.62,134207.0,644.0,460.6
GUFL,3/13/2024,713.0,767.0,695.0,755.0,7.55,190425.0,644.0,460.6
GUFL,3/14/2024,755.0,830.0,728.0,750.0,-0.66,168293.0,644.0,460.6
GUFL,3/17/2024,750.0,785.0,750.0,785.0,4.67,136140.0,644.0,460.6
GUFL,3/18/2024,800.0,863.5,775.1,863.5,10.0,292380.0,644.0,460.6
GUFL,3/19/2024,846.3,930.0,783.1,860.0,-0.41,190766.0,644.0,460.6
GUFL,3/20/2024,850.0,946.0,820.5,946.0,10.0,139705.0,644.0,460.6
GUFL,3/21/2024,927.1,927.1,852.0,855.0,-9.62,327548.0,644.0,460.6
GUFL,3/25/2024,837.9,922.7,790.0,872.0,1.99,343485.0,644.0,460.6
GUFL,3/26/2024,854.6,878.0,838.1,878.0,0.69,93160.0,644.0,460.6
GUFL,3/27/2024,860.6,870.0,820.1,858.0,-2.28,69174.0,644.0,460.6
GUFL,3/28/2024,840.9,890.0,833.0,880.0,2.56,186907.0,644.0,460.6
GUFL,3/31/2024,881.0,888.0,860.2,879.0,-0.11,144150.0,644.0,460.6
GUFL,4/1/2024,861.5,877.0,855.0,869.9,-1.04,115371.0,644.0,460.6
GUFL,4/2/2024,853.0,904.0,850.0,880.0,1.16,173197.0,644.0,460.6
GUFL,4/3/2024,862.4,877.0,845.3,869.9,-1.15,136836.0,644.0,460.6
GUFL,4/4/2024,853.0,930.2,846.0,854.9,-1.72,270698.0,644.0,460.6
GUFL,4/7/2024,854.9,885.3,854.9,884.0,3.4,220985.0,644.0,460.6
GUFL,4/9/2024,901.5,901.5,850.0,852.0,-3.62,186879.0,644.0,460.6
GUFL,4/10/2024,835.0,854.8,812.2,816.0,-4.23,133529.0,644.0,460.6
GUFL,4/14/2024,799.7,831.0,799.7,828.5,1.53,62527.0,644.0,460.6
GUFL,4/15/2024,812.0,845.4,812.0,823.0,-0.66,75837.0,644.0,460.6
GUFL,4/16/2024,823.0,905.3,800.0,905.0,9.96,212626.0,644.0,460.6
GUFL,4/18/2024,886.9,886.9,819.2,820.0,-9.39,218705.0,644.0,460.6
GUFL,4/21/2024,804.0,805.0,765.6,787.1,-4.01,129366.0,644.0,460.6
GUFL,4/22/2024,771.4,827.0,754.6,755.0,-4.08,150131.0,644.0,460.6
GUFL,4/24/2024,770.1,770.1,740.1,768.9,1.84,110945.0,644.0,460.6
GUFL,4/25/2024,775.0,794.5,757.0,770.0,0.14,103424.0,644.0,460.6
GUFL,4/28/2024,785.4,785.4,760.1,760.2,-1.27,111346.0,644.0,460.6
GUFL,4/29/2024,760.0,762.0,741.0,745.1,-1.99,121068.0,644.0,460.6
GUFL,4/30/2024,745.1,746.0,710.0,711.0,-4.58,224124.0,644.0,460.6
GUFL,5/2/2024,711.0,743.6,680.0,725.0,1.97,223183.0,644.0,460.6
GUFL,5/5/2024,711.0,734.0,711.0,720.0,-0.69,86171.0,644.0,460.6
GUFL,5/6/2024,712.1,729.0,700.0,700.0,-2.78,89365.0,644.0,460.6
GUFL,5/7/2024,713.0,713.0,677.6,678.0,-3.14,59810.0,644.0,460.6
GUFL,5/8/2024,690.0,705.8,681.5,702.9,3.67,81824.0,644.0,460.6
GUFL,5/9/2024,688.9,730.0,688.9,711.0,1.15,85563.0,644.0,460.6
GUFL,5/12/2024,725.2,725.2,690.0,713.0,0.28,61527.0,644.0,460.6
GUFL,5/13/2024,699.1,719.1,699.1,713.2,0.03,85980.0,644.0,460.6
GUFL,5/14/2024,699.0,717.0,699.0,714.5,0.18,35815.0,644.0,460.6
GUFL,5/15/2024,700.3,715.8,700.3,708.0,-0.91,47687.0,644.0,460.6
GUFL,5/16/2024,693.9,718.0,687.0,693.0,-2.12,82143.0,644.0,460.6
GUFL,5/19/2024,706.8,706.8,683.0,683.0,-1.44,68364.0,644.0,460.6
GUFL,5/20/2024,670.0,696.0,668.1,670.0,-1.9,72783.0,644.0,460.6
GUFL,5/21/2024,670.9,693.6,670.0,685.0,2.24,66176.0,644.0,460.6
GUFL,5/22/2024,690.0,693.0,670.4,671.0,-2.04,70854.0,644.0,460.6
GUFL,5/26/2024,673.0,678.0,668.0,670.9,-0.01,38820.0,644.0,460.6
GUFL,5/27/2024,665.1,680.0,665.0,672.0,0.16,44813.0,644.0,460.6
GUFL,5/29/2024,685.0,685.3,660.0,669.9,-0.31,47225.0,644.0,460.6
GUFL,5/30/2024,676.9,676.9,653.0,657.0,-1.93,45855.0,644.0,460.6
GUFL,6/2/2024,666.0,675.0,660.1,669.5,1.9,59114.0,644.0,460.6
GUFL,6/3/2024,679.0,679.0,665.3,668.0,-0.22,40976.0,644.0,460.6
GUFL,6/4/2024,670.0,671.9,663.2,670.0,0.3,27244.0,644.0,460.6
GUFL,6/5/2024,670.1,679.9,668.0,668.0,-0.3,30061.0,644.0,460.6
GUFL,6/6/2024,668.1,673.0,655.0,655.4,-1.89,40441.0,644.0,460.6
GUFL,6/9/2024,660.0,665.0,645.0,646.0,-1.43,45107.0,644.0,460.6
GUFL,6/10/2024,657.0,704.0,646.0,692.0,7.12,99039.0,644.0,460.6
GUFL,6/11/2024,703.0,739.5,695.0,731.0,5.64,128856.0,644.0,460.6
GUFL,6/12/2024,731.0,744.5,725.0,733.0,0.27,75199.0,644.0,460.6
GUFL,6/13/2024,740.0,747.5,711.5,739.9,0.94,80523.0,644.0,460.6
GUFL,6/16/2024,735.0,745.5,720.0,729.0,-1.47,63411.0,644.0,460.6
GUFL,6/18/2024,720.0,745.0,715.2,736.7,1.06,102035.0,644.0,460.6
GUFL,6/19/2024,736.7,758.0,728.0,750.0,1.81,129003.0,644.0,460.6
GUFL,6/20/2024,758.0,793.0,750.0,774.9,3.32,112673.0,644.0,460.6
GUFL,6/23/2024,779.0,798.6,775.0,781.0,0.79,109737.0,644.0,460.6
GUFL,6/24/2024,765.4,790.5,755.1,769.9,-1.42,107114.0,644.0,460.6
GUFL,6/25/2024,754.6,775.0,740.0,744.0,-3.36,83904.0,644.0,460.6
GUFL,6/26/2024,729.2,760.0,729.2,732.0,-1.61,72413.0,644.0,460.6
GUFL,6/27/2024,717.4,744.0,710.0,711.0,-2.87,68000.0,644.0,460.6
GUFL,6/30/2024,710.0,717.9,698.0,700.0,-1.55,43110.0,644.0,460.6
GUFL,7/1/2024,692.0,712.0,692.0,696.9,-0.44,31571.0,644.0,460.6
GUFL,7/2/2024,710.8,740.0,700.1,703.0,0.88,43786.0,644.0,460.6
GUFL,7/3/2024,700.0,735.0,692.0,727.0,3.41,84106.0,644.0,460.6
GUFL,7/4/2024,738.0,738.0,710.5,710.5,-2.27,61645.0,644.0,460.6
GUFL,7/7/2024,710.5,714.0,700.1,700.1,-1.46,42944.0,644.0,460.6
GUFL,7/8/2024,709.9,710.1,695.0,697.0,-0.44,58770.0,644.0,460.6
GUFL,7/9/2024,694.2,706.9,694.2,697.2,0.03,32717.0,644.0,460.6
GUFL,7/10/2024,707.0,710.0,698.0,699.9,0.39,46320.0,644.0,460.6
GUFL,7/11/2024,710.0,739.0,701.0,729.0,4.16,96658.0,644.0,460.6
GUFL,7/14/2024,743.5,758.0,721.3,735.6,0.91,43428.0,644.0,460.6
GUFL,7/15/2024,750.3,750.3,718.0,720.0,-2.12,47245.0,644.0,460.6
GUFL,7/16/2024,706.1,754.0,706.1,742.9,3.18,69515.0,644.0,460.6
GUFL,7/17/2024,744.5,772.0,726.0,757.3,1.94,87353.0,644.0,460.6
GUFL,7/18/2024,762.0,775.0,751.2,751.4,-0.78,88983.0,644.0,460.6
GUFL,7/21/2024,755.0,773.9,740.0,755.0,0.48,131346.0,644.0,460.6
GUFL,7/22/2024,756.0,770.0,743.5,755.0,0.0,80471.0,644.0,460.6
GUFL,7/23/2024,762.0,779.0,758.0,775.1,2.66,76787.0,644.0,460.6
GUFL,7/24/2024,779.0,799.0,760.0,769.0,-0.79,109796.0,644.0,460.6
GUFL,7/25/2024,784.0,788.0,760.0,770.0,0.13,80657.0,644.0,460.6
GUFL,7/28/2024,785.4,799.0,744.0,775.0,0.65,67123.0,644.0,460.6
GUFL,7/29/2024,775.0,786.0,761.0,762.0,-1.68,92753.0,644.0,460.6
GUFL,7/30/2024,770.0,795.0,756.6,780.0,2.36,140000.0,644.0,460.6
GUFL,7/31/2024,781.0,858.0,781.0,858.0,10.0,173974.0,644.0,460.6
GUFL,8/1/2024,875.1,943.8,875.1,931.0,8.51,233614.0,644.0,460.6
GUFL,8/5/2024,931.0,932.9,880.3,880.3,-5.45,182455.0,644.0,460.6
GUFL,8/6/2024,865.0,870.0,792.3,792.3,-10.0,250116.0,644.0,460.6
GUFL,8/7/2024,776.5,870.0,745.8,848.0,7.03,140199.0,644.0,460.6
GUFL,8/8/2024,863.0,863.0,815.0,815.0,-3.89,87322.0,644.0,460.6
GUFL,8/11/2024,831.3,847.0,815.0,840.0,3.07,97966.0,644.0,460.6
GUFL,8/12/2024,850.0,890.0,850.0,860.1,2.39,103194.0,644.0,460.6
GUFL,8/13/2024,877.0,946.1,855.0,915.0,6.38,173287.0,644.0,460.6
GUFL,8/14/2024,933.3,985.0,915.0,982.0,7.32,163272.0,644.0,460.6
GUFL,8/15/2024,980.0,1041.0,940.0,942.0,-4.07,169295.0,644.0,460.6
GUFL,8/18/2024,923.2,950.0,885.0,894.0,-5.1,170903.0,644.0,460.6
GUFL,8/21/2024,876.2,929.9,876.2,914.0,2.24,104804.0,644.0,460.6
GUFL,8/22/2024,932.2,980.0,917.0,919.0,0.55,113658.0,644.0,460.6
GUFL,8/25/2024,919.0,929.0,869.0,873.0,-5.01,104778.0,644.0,460.6
GUFL,8/27/2024,873.0,891.0,835.0,843.0,-3.44,68007.0,644.0,460.6
GUFL,8/28/2024,859.8,876.0,817.0,818.0,-2.97,76568.0,644.0,460.6
GUFL,8/29/2024,834.0,839.0,801.1,801.1,-2.07,55780.0,644.0,460.6
GUFL,9/1/2024,805.3,831.0,795.0,795.0,-0.76,59784.0,644.0,460.6
GUFL,9/2/2024,810.0,864.0,802.5,864.0,8.68,104690.0,644.0,460.6
GUFL,9/3/2024,870.0,897.0,853.0,861.0,-0.35,59212.0,644.0,460.6
GUFL,9/4/2024,860.0,870.0,812.0,812.0,-5.69,72423.0,644.0,460.6
GUFL,9/5/2024,828.2,828.2,791.1,798.0,-1.72,56542.0,644.0,460.6
GUFL,9/8/2024,813.7,824.8,793.0,796.0,-0.25,39278.0,644.0,460.6
GUFL,9/9/2024,793.4,807.0,770.0,773.0,-2.89,58420.0,644.0,460.6
GUFL,9/10/2024,788.4,800.0,766.4,775.0,0.26,46410.0,644.0,460.6
GUFL,9/11/2024,780.0,791.0,770.0,774.9,-0.01,33593.0,644.0,460.6
GUFL,9/12/2024,780.0,800.0,770.3,800.0,3.24,48357.0,644.0,460.6
GUFL,9/15/2024,812.0,814.9,770.0,775.0,-3.12,38926.0,644.0,460.6
GUFL,9/16/2024,770.0,775.0,735.0,739.0,-4.65,47704.0,644.0,460.6
GUFL,9/18/2024,739.1,740.0,711.0,716.0,-3.11,49198.0,644.0,460.6
GUFL,9/22/2024,730.0,744.6,710.1,717.0,0.14,22077.0,644.0,460.6
GUFL,9/23/2024,710.0,718.0,664.0,674.0,-6.0,54570.0,644.0,460.6
GUFL,9/24/2024,674.0,683.0,651.0,652.0,-3.26,32341.0,644.0,460.6
GUFL,9/25/2024,652.0,678.0,640.0,667.2,2.33,41328.0,644.0,460.6
GUFL,9/26/2024,655.0,679.9,640.0,641.1,-3.91,28895.0,644.0,460.6
GUFL,9/29/2024,640.0,649.8,619.3,646.0,0.76,27398.0,644.0,460.6
GUFL,9/30/2024,650.0,681.0,650.0,678.0,4.95,22733.0,644.0,460.6
GUFL,10/1/2024,685.0,745.8,685.0,745.8,10.0,48246.0,644.0,460.6
GUFL,10/2/2024,760.7,770.0,726.5,740.0,-0.78,57813.0,644.0,460.6
GUFL,10/6/2024,739.0,785.0,726.0,776.0,4.86,30246.0,644.0,460.6
GUFL,10/7/2024,782.0,799.0,745.1,760.0,-2.06,42991.0,644.0,460.6
GUFL,10/8/2024,750.0,760.0,734.0,742.0,-2.37,19338.0,644.0,460.6
GUFL,10/9/2024,754.0,754.0,729.1,750.0,1.08,18495.0,644.0,460.6
GUFL,10/15/2024,750.0,778.2,750.0,778.0,3.73,20459.0,644.0,460.6
GUFL,10/16/2024,785.1,793.0,775.0,779.0,0.13,22385.0,644.0,460.6
GUFL,10/17/2024,780.0,790.0,768.2,775.1,-0.5,37798.0,644.0,460.6
GUFL,10/20/2024,759.6,770.0,744.6,750.0,-3.24,36319.0,644.0,460.6
GUFL,10/21/2024,750.0,751.0,710.0,715.0,-4.67,43991.0,644.0,460.6
GUFL,10/22/2024,715.0,741.0,715.0,730.0,2.1,22440.0,644.0,460.6
GUFL,10/23/2024,744.6,759.0,721.0,735.0,0.68,40894.0,644.0,460.6
GUFL,10/24/2024,749.0,749.0,722.3,730.0,-0.68,27707.0,644.0,460.6
GUFL,10/27/2024,730.0,738.9,726.0,726.0,-0.55,13295.0,644.0,460.6
GUFL,10/28/2024,740.5,755.0,733.0,755.0,3.99,25748.0,644.0,460.6
GUFL,10/29/2024,769.9,794.8,769.9,776.0,2.78,62063.0,644.0,460.6
GUFL,10/30/2024,790.0,790.0,760.1,762.1,-1.79,16268.0,644.0,460.6
GUFL,11/5/2024,777.0,785.0,750.0,756.0,-0.8,13210.0,644.0,460.6
GUFL,11/6/2024,768.0,770.0,750.0,760.0,0.53,20975.0,644.0,460.6
GUFL,11/10/2024,775.0,782.0,770.0,775.0,1.97,33205.0,644.0,460.6
GUFL,11/11/2024,790.0,790.0,762.0,769.0,-0.77,38885.0,644.0,460.6
GUFL,11/12/2024,782.0,784.3,770.0,771.0,0.26,30102.0,644.0,460.6
GUFL,11/13/2024,785.0,810.0,761.0,809.0,4.93,84962.0,644.0,460.6
GUFL,11/14/2024,815.0,840.0,810.0,819.9,1.35,71367.0,644.0,460.6
GUFL,11/17/2024,830.0,830.0,795.0,797.0,-2.79,44806.0,644.0,460.6
GUFL,11/19/2024,797.0,812.0,768.0,770.0,-3.39,62456.0,644.0,460.6
GUFL,11/20/2024,754.7,784.9,725.0,777.0,0.91,34078.0,644.0,460.6
GUFL,11/21/2024,788.8,788.8,750.0,750.0,-3.47,32219.0,644.0,460.6
GUFL,11/24/2024,764.0,765.0,743.0,745.0,-0.67,25910.0,644.0,460.6
GUFL,11/25/2024,749.9,762.8,745.3,758.0,1.74,18154.0,644.0,460.6
GUFL,11/26/2024,773.0,827.0,770.0,809.0,6.73,143726.0,644.0,460.6
GUFL,11/27/2024,808.1,815.0,799.0,800.0,-1.11,31713.0,644.0,460.6
GUFL,11/28/2024,801.0,801.0,782.0,784.0,-2.0,38945.0,644.0,460.6
GUFL,12/1/2024,768.4,782.3,755.0,761.0,-2.93,55041.0,644.0,460.6
GUFL,12/2/2024,773.0,773.0,758.0,762.0,0.13,31054.0,644.0,460.6
GUFL,12/3/2024,746.8,790.0,746.8,778.0,2.1,34318.0,644.0,460.6
GUFL,12/4/2024,777.7,792.0,760.0,763.0,-1.93,20817.0,644.0,460.6
GUFL,12/5/2024,778.0,778.0,733.3,745.0,-2.36,57289.0,644.0,460.6
GUFL,12/8/2024,745.1,748.9,715.0,719.9,-3.37,34647.0,644.0,460.6
GUFL,12/9/2024,716.0,733.5,715.0,723.5,0.5,32971.0,644.0,460.6
GUFL,12/10/2024,737.0,737.0,711.0,727.0,0.48,14484.0,644.0,460.6
GUFL,12/11/2024,738.0,742.0,723.4,742.0,2.06,12058.0,644.0,460.6
GUFL,12/12/2024,746.0,746.0,720.0,720.0,-2.96,17291.0,644.0,460.6
GUFL,12/16/2024,720.0,720.0,697.0,699.7,-2.82,30775.0,644.0,460.6
GUFL,12/17/2024,686.1,709.9,685.0,695.0,-0.67,16449.0,644.0,460.6
GUFL,12/18/2024,700.0,708.0,692.0,693.1,-0.27,14048.0,644.0,460.6
GUFL,12/19/2024,689.0,704.0,678.0,680.0,-1.89,21540.0,644.0,460.6
GUFL,12/22/2024,691.9,691.9,666.5,668.9,-1.63,17224.0,644.0,460.6
GUFL,12/23/2024,670.0,679.9,670.0,677.0,1.21,11052.0,644.0,460.6
GUFL,12/24/2024,689.0,705.0,688.0,695.0,2.66,25126.0,644.0,460.6
GUFL,12/26/2024,683.0,690.0,675.0,675.0,-2.88,19611.0,644.0,460.6
GUFL,12/29/2024,670.4,670.4,653.8,657.0,-2.67,28323.0,644.0,460.6
GUFL,12/31/2024,651.09,651.09,620.0,631.0,-3.96,40813.0,644.0,460.6
GUFL,1/1/2025,632.0,655.0,631.0,652.5,3.41,16860.0,644.0,460.6
GUFL,1/2/2025,651.0,663.0,645.0,663.0,1.61,22356.0,644.0,460.6
GUFL,1/5/2025,651.0,680.0,651.0,661.0,-0.3,14740.0,644.0,460.6
GUFL,1/6/2025,662.0,670.0,661.1,665.0,0.61,15398.0,644.0,460.6
GUFL,1/7/2025,675.0,679.8,665.1,674.0,1.35,19737.0,644.0,460.6
GUFL,1/8/2025,673.0,705.0,673.0,695.0,3.12,26578.0,644.0,460.6
GUFL,1/9/2025,708.9,723.0,669.1,675.1,-2.86,18413.0,644.0,460.6
GUFL,1/12/2025,688.6,699.0,651.0,656.1,-2.81,9000.0,644.0,460.6
GUFL,1/13/2025,664.0,669.0,646.1,650.0,-0.93,19277.0,644.0,460.6
GUFL,1/15/2025,640.0,664.0,620.0,638.0,-1.85,26658.0,644.0,460.6
GUFL,1/16/2025,633.0,641.0,620.2,620.4,-2.76,31867.0,644.0,460.6
GUFL,1/19/2025,620.0,649.0,608.0,626.0,0.9,21954.0,644.0,460.6
GUFL,1/20/2025,620.1,644.0,613.0,613.0,-2.08,27828.0,644.0,460.6
GUFL,1/21/2025,613.0,620.0,605.0,606.0,-1.14,28765.0,644.0,460.6
GUFL,1/22/2025,606.0,610.0,599.0,602.0,-0.66,30579.0,644.0,460.6
GUFL,1/23/2025,608.4,608.4,590.1,590.1,-1.98,36276.0,644.0,460.6
GUFL,1/26/2025,601.9,601.9,568.0,568.0,-3.75,61245.0,644.0,460.6
GUFL,1/27/2025,575.0,592.0,548.0,580.0,2.11,43421.0,644.0,460.6
GUFL,1/28/2025,580.0,615.0,580.0,594.5,2.5,18614.0,644.0,460.6
GUFL,2/2/2025,595.0,609.0,586.3,601.0,1.09,33041.0,644.0,460.6
GUFL,2/3/2025,613.0,613.0,594.9,595.0,-1.0,25010.0,644.0,460.6
GUFL,2/4/2025,604.0,604.0,577.0,577.0,-3.03,21368.0,644.0,460.6
GUFL,2/5/2025,585.0,617.1,575.0,603.0,4.51,44965.0,644.0,460.6
GUFL,2/6/2025,603.0,636.0,600.0,615.0,1.99,43975.0,644.0,460.6
GUFL,2/9/2025,626.9,626.9,602.0,615.0,0.0,26106.0,644.0,460.6
GUFL,2/10/2025,609.9,617.0,603.0,605.0,-1.63,16038.0,644.0,460.6
GUFL,2/11/2025,617.1,620.0,601.3,614.0,1.49,31121.0,644.0,460.6
GUFL,2/12/2025,619.0,630.0,610.0,619.5,0.9,31373.0,644.0,460.6
GUFL,2/13/2025,626.0,628.0,612.1,615.0,-0.73,31399.0,644.0,460.6
GUFL,2/16/2025,627.0,670.0,622.9,669.0,8.78,84922.0,644.0,460.6
GUFL,2/17/2025,682.3,682.3,640.0,655.0,-2.09,51468.0,644.0,460.6
GUFL,2/18/2025,668.1,668.1,640.0,642.5,-1.91,36235.0,644.0,460.6
GUFL,2/20/2025,642.0,669.0,632.0,652.0,1.48,41788.0,644.0,460.6
GUFL,2/23/2025,639.0,663.0,628.0,649.0,-0.46,25123.0,644.0,460.6
GUFL,2/24/2025,650.0,660.0,641.0,641.0,-1.23,21198.0,644.0,460.6
GUFL,2/25/2025,653.8,653.9,638.0,638.2,-0.44,17587.0,644.0,460.6
GUFL,2/27/2025,650.0,650.9,638.0,648.0,1.54,19996.0,644.0,460.6
GUFL,3/2/2025,660.9,672.0,648.0,672.0,3.7,29448.0,644.0,460.6
GUFL,3/3/2025,685.4,685.4,656.0,656.0,-2.38,21832.0,644.0,460.6
GUFL,3/4/2025,651.0,669.1,642.1,647.0,-1.37,24184.0,644.0,460.6
GUFL,3/5/2025,649.8,650.0,635.0,639.8,-1.11,14159.0,644.0,460.6
GUFL,3/6/2025,648.5,653.8,632.0,642.0,0.34,19879.0,644.0,460.6
GUFL,3/9/2025,641.9,644.9,630.0,634.0,-1.25,13462.0,644.0,460.6
GUFL,3/10/2025,630.0,640.0,625.2,625.5,-1.34,9447.0,644.0,460.6
GUFL,3/11/2025,630.0,631.0,603.0,609.0,-2.64,21822.0,644.0,460.6
GUFL,3/12/2025,619.0,622.0,603.1,608.0,-0.16,19873.0,644.0,460.6
GUFL,3/16/2025,610.0,632.0,604.0,607.1,-0.15,20645.0,644.0,460.6
GUFL,3/17/2025,613.0,615.0,606.0,610.0,0.48,5841.0,644.0,460.6
GUFL,3/18/2025,612.0,615.0,610.0,614.5,0.74,6696.0,644.0,460.6
GUFL,3/19/2025,624.9,624.9,604.0,605.0,-1.55,8695.0,644.0,460.6
GUFL,3/20/2025,606.0,607.0,590.1,596.56,-1.4,17178.0,644.0,460.6
GUFL,3/23/2025,594.0,594.0,578.0,579.87,-2.8,17586.0,644.0,460.6
GUFL,3/24/2025,571.4,610.0,571.0,595.29,2.66,18804.0,644.0,460.6
GUFL,3/25/2025,596.0,596.0,575.0,575.66,-3.3,15010.0,644.0,460.6
GUFL,3/26/2025,576.1,590.0,575.0,579.4,0.65,10934.0,644.0,460.6
GUFL,3/27/2025,579.4,588.2,579.4,586.4,1.21,9064.0,644.0,460.6
GUFL,3/30/2025,590.0,604.0,589.9,598.84,2.12,15128.0,644.0,460.6
GUFL,4/1/2025,609.8,609.8,587.0,591.12,-1.29,9297.0,644.0,460.6
GUFL,4/2/2025,592.0,612.0,592.0,598.31,1.22,10262.0,644.0,460.6
GUFL,4/3/2025,591.0,616.3,586.0,586.87,-1.91,13477.0,644.0,460.6
GUFL,4/7/2025,575.5,598.6,575.0,578.21,-1.48,9852.0,644.0,460.6
GUFL,4/8/2025,579.0,589.0,572.5,582.33,0.71,5964.0,644.0,460.6
GUFL,4/9/2025,592.9,593.0,584.0,584.52,0.38,3004.0,644.0,460.6
GUFL,4/10/2025,596.0,596.0,578.2,580.12,-0.75,6003.0,644.0,460.6
GUFL,4/13/2025,589.9,590.0,580.0,580.0,-0.02,9866.0,644.0,460.6
GUFL,4/15/2025,582.0,600.0,580.0,594.96,2.58,13552.0,644.0,460.6
GUFL,4/16/2025,606.0,618.0,582.0,593.16,-0.3,10843.0,644.0,460.6
GUFL,4/17/2025,595.0,605.0,588.2,601.85,1.47,20736.0,644.0,460.6
GUFL,4/20/2025,613.0,613.0,591.5,592.7,-1.52,7660.0,644.0,460.6
GUFL,4/21/2025,591.0,599.0,585.0,585.96,-1.14,11965.0,644.0,460.6
GUFL,4/22/2025,580.0,585.0,577.0,582.72,-0.55,9342.0,644.0,460.6
GUFL,4/23/2025,578.0,584.0,571.1,574.92,-1.34,17238.0,644.0,460.6
GUFL,4/24/2025,582.0,582.0,568.0,570.85,-0.71,12020.0,644.0,460.6
GUFL,4/27/2025,564.0,580.0,560.0,562.14,-1.53,12859.0,644.0,460.6
GUFL,4/28/2025,573.0,580.0,550.9,562.41,0.05,9203.0,644.0,460.6
GUFL,4/29/2025,562.41,567.0,555.1,556.31,-1.08,7731.0,644.0,460.6
GUFL,4/30/2025,567.0,567.0,550.0,551.22,-0.91,10901.0,644.0,460.6
GUFL,5/4/2025,562.0,562.0,535.0,538.85,-2.24,16918.0,644.0,460.6
GUFL,5/5/2025,528.1,550.9,528.1,538.24,-0.11,5831.0,644.0,460.6
GUFL,5/6/2025,547.8,547.8,530.5,531.98,-1.16,11361.0,644.0,460.6
GUFL,5/7/2025,542.0,565.0,534.0,557.36,4.77,19578.0,644.0,460.6
GUFL,5/8/2025,568.5,588.0,547.3,573.21,2.84,21939.0,644.0,460.6
GUFL,5/11/2025,584.0,584.0,555.1,555.4,-3.11,7049.0,644.0,460.6
GUFL,5/13/2025,554.1,566.0,547.0,547.25,-1.47,7839.0,644.0,460.6
GUFL,5/14/2025,538.2,558.0,538.2,543.12,-0.75,11224.0,644.0,460.6
GUFL,5/15/2025,538.0,548.0,538.0,540.35,-0.51,6800.0,644.0,460.6
GUFL,5/18/2025,540.1,548.0,535.0,536.3,-0.75,8379.0,644.0,460.6
GUFL,5/19/2025,545.0,549.0,536.0,542.93,1.24,8478.0,644.0,460.6
GUFL,5/20/2025,540.0,555.0,533.7,552.03,1.68,12514.0,644.0,460.6
GUFL,5/21/2025,563.0,593.0,553.7,554.64,0.47,17398.0,644.0,460.6
GUFL,5/22/2025,555.1,567.0,551.1,552.94,-0.31,10049.0,644.0,460.6
GUFL,5/25/2025,555.0,565.0,545.0,547.26,-1.03,7166.0,644.0,460.6
GUFL,5/26/2025,558.2,569.3,543.0,543.99,-0.6,11693.0,644.0,460.6
GUFL,5/27/2025,550.0,550.0,540.0,540.65,-0.61,6184.0,644.0,460.6
GUFL,5/28/2025,545.0,551.0,530.3,540.36,-0.05,9418.0,644.0,460.6
GUFL,6/2/2025,551.1,561.0,547.0,548.07,1.43,12560.0,644.0,460.6
GUFL,6/3/2025,558.9,558.9,545.1,545.15,-0.53,3949.0,644.0,460.6
GUFL,6/4/2025,555.0,555.0,540.0,543.82,-0.24,6164.0,644.0,460.6
GUFL,6/5/2025,554.0,554.0,533.0,538.45,-0.99,8036.0,644.0,460.6
GUFL,6/8/2025,531.0,544.9,531.0,539.15,0.13,8663.0,644.0,460.6
GUFL,6/9/2025,542.0,549.0,539.0,543.27,0.76,13075.0,644.0,460.6
GUFL,6/10/2025,551.9,568.0,542.0,563.42,3.71,28557.0,644.0,460.6
GUFL,6/11/2025,556.2,569.9,549.0,549.72,-2.43,15559.0,644.0,460.6
GUFL,6/12/2025,560.0,562.0,544.1,546.37,-0.61,10857.0,644.0,460.6
GUFL,6/15/2025,547.0,556.0,545.2,547.02,0.12,6150.0,644.0,460.6
GUFL,6/16/2025,550.0,550.0,543.1,544.15,-0.52,6066.0,644.0,460.6
GUFL,6/17/2025,554.2,554.2,536.0,539.24,-0.9,7578.0,644.0,460.6
GUFL,6/18/2025,540.0,549.5,536.0,538.43,-0.15,4939.0,644.0,460.6
GUFL,6/19/2025,535.0,549.0,529.0,533.46,-0.92,13694.0,644.0,460.6
GUFL,6/22/2025,535.0,545.0,530.0,531.25,-0.41,9716.0,644.0,460.6
GUFL,6/23/2025,531.2,541.8,530.1,536.11,0.91,6636.0,644.0,460.6
GUFL,6/24/2025,537.0,553.9,533.0,534.05,-0.38,8743.0,644.0,460.6
GUFL,6/25/2025,535.1,540.0,529.0,529.9,-0.78,11670.0,644.0,460.6
GUFL,6/26/2025,540.0,540.0,530.2,530.84,0.18,6362.0,644.0,460.6
GUFL,6/29/2025,536.0,536.0,528.0,532.07,0.23,9732.0,644.0,460.6
GUFL,6/30/2025,521.5,540.0,521.5,529.4,-0.5,3680.0,644.0,460.6
GUFL,7/1/2025,535.5,535.5,526.9,531.65,0.43,8603.0,644.0,460.6
GUFL,7/2/2025,542.2,542.2,532.0,538.07,1.21,12654.0,644.0,460.6
GUFL,7/3/2025,544.0,565.0,539.0,556.4,3.41,28254.0,644.0,460.6
GUFL,7/6/2025,565.0,580.0,548.5,566.89,1.89,32060.0,644.0,460.6
GUFL,7/7/2025,560.0,562.0,540.0,542.16,-4.36,18433.0,644.0,460.6
GUFL,7/8/2025,541.0,551.9,541.0,550.12,1.47,7496.0,644.0,460.6
GUFL,7/9/2025,550.2,556.0,547.0,551.75,0.3,6015.0,644.0,460.6
GUFL,7/10/2025,553.0,565.0,553.0,558.18,1.17,12866.0,644.0,460.6
GUFL,7/13/2025,569.3,590.0,560.0,562.81,0.83,23941.0,644.0,460.6
GUFL,7/14/2025,569.59,569.59,555.0,560.65,-0.38,15446.0,644.0,460.6
GUFL,7/15/2025,568.0,579.9,560.0,577.57,3.02,31343.0,644.0,460.6
GUFL,7/16/2025,589.0,589.0,580.1,583.63,1.05,14359.0,644.0,460.6
GUFL,7/17/2025,589.9,600.0,579.2,593.68,1.72,18271.0,644.0,460.6
GUFL,7/20/2025,590.0,600.0,575.0,577.59,-2.71,39323.0,644.0,460.6
GUFL,7/21/2025,585.0,585.0,560.0,575.22,-0.41,37549.0,644.0,460.6
GUFL,7/22/2025,585.0,590.0,575.1,586.38,1.94,21742.0,644.0,460.6
GUFL,7/23/2025,591.0,611.0,588.0,605.94,3.34,51977.0,644.0,460.6
GUFL,7/24/2025,610.0,612.0,593.9,597.32,-1.42,23923.0,644.0,460.6
GUFL,7/27/2025,600.0,606.0,580.2,584.88,-2.08,36049.0,644.0,460.6
GUFL,7/28/2025,580.0,601.0,574.3,597.27,2.12,28643.0,644.0,460.6
GUFL,7/29/2025,608.0,608.0,590.0,598.33,0.18,26785.0,644.0,460.6
GUFL,7/30/2025,592.0,603.0,579.0,581.41,-2.83,17809.0,644.0,460.6
GUFL,7/31/2025,578.0,601.0,574.0,581.86,0.08,31867.0,644.0,460.6
GUFL,8/3/2025,570.4,590.0,570.0,570.73,-1.91,14561.0,644.0,460.6
GUFL,8/4/2025,582.0,582.1,560.2,568.72,-0.35,20826.0,644.0,460.6
GUFL,8/5/2025,578.0,578.0,560.0,560.51,-1.44,6118.0,644.0,460.6
GUFL,8/6/2025,560.0,571.0,556.0,559.87,-0.11,11529.0,644.0,460.6
GUFL,8/7/2025,571.0,571.0,561.0,563.78,0.7,5854.0,644.0,460.6
GUFL,8/11/2025,555.7,566.8,550.0,553.48,-1.83,10699.0,644.0,460.6
GUFL,8/12/2025,550.0,561.0,543.0,546.83,-1.2,10350.0,644.0,460.6
GUFL,8/13/2025,554.9,555.0,543.0,543.85,-0.54,9194.0,644.0,460.6
GUFL,8/14/2025,554.0,554.0,543.0,543.35,-0.09,5972.0,644.0,460.6
GUFL,8/17/2025,541.0,543.9,530.0,532.07,-2.08,17113.0,644.0,460.6
GUFL,8/18/2025,540.0,540.0,532.1,535.16,0.58,5964.0,644.0,460.6
GUFL,8/19/2025,534.0,556.4,534.0,540.05,0.91,7091.0,644.0,460.6
GUFL,8/20/2025,543.0,549.8,535.0,536.7,-0.62,6828.0,644.0,460.6
GUFL,8/21/2025,535.0,537.0,532.5,534.51,-0.41,9231.0,644.0,460.6
GUFL,8/24/2025,544.9,544.9,527.4,529.56,-0.93,12012.0,644.0,460.6
GUFL,8/25/2025,532.0,536.8,529.2,533.45,0.73,6416.0,644.0,460.6
GUFL,8/26/2025,534.0,537.9,530.0,534.21,0.14,4267.0,644.0,460.6
GUFL,8/27/2025,543.9,543.9,530.3,538.33,0.77,10275.0,644.0,460.6
GUFL,8/28/2025,548.9,548.9,530.5,531.34,-1.3,8114.0,644.0,460.6
GUFL,8/31/2025,530.0,535.0,525.4,525.55,-1.09,7721.0,644.0,460.6
GUFL,9/1/2025,516.0,534.0,516.0,526.95,0.27,3914.0,644.0,460.6
GUFL,9/2/2025,529.0,534.9,520.0,523.32,-0.69,7066.0,644.0,460.6
GUFL,9/3/2025,524.0,538.0,513.0,514.27,-1.73,11244.0,644.0,460.6
GUFL,9/4/2025,524.5,565.0,509.6,519.14,0.95,15617.0,644.0,460.6
GUFL,9/7/2025,529.5,529.5,509.0,511.68,-1.44,9758.0,644.0,460.6
GUFL,9/8/2025,520.0,520.0,508.0,509.72,-0.38,3726.0,644.0,460.6
GUFL,9/18/2025,499.6,499.6,465.5,465.5,-8.68,2390.0,644.0,460.6
GUFL,9/21/2025,465.5,512.0,465.5,499.45,7.29,17352.0,644.0,460.6
GUFL,9/23/2025,509.4,517.0,500.0,512.0,2.51,5474.0,644.0,460.6
GUFL,9/24/2025,521.0,521.0,500.0,510.0,-0.39,4205.0,644.0,460.6
GUFL,9/25/2025,513.0,518.5,500.0,507.9,-0.41,1258.0,644.0,460.6
GUFL,9/28/2025,517.0,517.0,487.0,500.0,-1.56,4821.0,644.0,460.6
GUFL,10/7/2025,500.0,500.0,490.0,491.0,-1.8,2502.0,644.0,460.6
GUFL,10/8/2025,484.5,484.5,472.4,480.0,-2.24,9945.0,644.0,460.6
GUFL,10/9/2025,489.6,514.5,489.0,491.7,2.44,6617.0,644.0,460.6
GUFL,10/12/2025,482.1,485.0,475.0,483.0,-1.77,5366.0,644.0,460.6
GUFL,10/13/2025,490.0,490.0,475.1,487.5,0.93,5877.0,644.0,460.6
GUFL,10/14/2025,478.2,484.9,478.2,479.1,-1.72,3511.0,644.0,460.6
GUFL,10/15/2025,480.0,486.5,471.5,471.5,-1.59,5760.0,644.0,460.6
GUFL,10/16/2025,480.0,480.0,468.0,474.0,0.53,2814.0,644.0,460.6
GUFL,10/19/2025,480.0,480.0,471.6,474.0,0.0,1783.0,644.0,460.6
GUFL,10/26/2025,470.0,473.0,460.6,460.6,-2.83,5631.0,644.0,460.6
GUFL,10/28/2025,465.0,480.0,465.0,477.9,3.76,7518.0,644.0,460.6
GUFL,10/29/2025,486.8,486.8,475.0,476.5,-0.29,3864.0,644.0,460.6
GUFL,10/30/2025,484.0,485.9,472.0,480.0,0.73,6660.0,644.0,460.6
GUFL,11/2/2025,489.0,528.0,485.0,528.0,10.0,40270.0,644.0,460.6
GUFL,11/3/2025,538.0,561.0,530.0,539.1,2.1,40811.0,644.0,460.6
GUFL,11/4/2025,547.0,547.0,519.0,520.0,-3.54,12871.0,644.0,460.6
GUFL,11/5/2025,530.4,572.0,515.0,543.0,4.42,48159.0,644.0,460.6
GUFL,11/6/2025,550.0,559.0,528.3,532.0,-2.03,27395.0,644.0,460.6
GUFL,11/9/2025,525.1,527.0,507.0,520.0,-2.26,18880.0,644.0,460.6
GUFL,11/10/2025,510.0,524.0,510.0,515.0,-0.96,5761.0,644.0,460.6
GUFL,11/11/2025,515.0,519.8,510.0,510.0,-0.97,8179.0,644.0,460.6
GUFL,11/12/2025,520.0,520.0,503.0,503.0,-1.37,6733.0,644.0,460.6
GUFL,11/13/2025,510.0,510.0,495.1,502.0,-0.2,10852.0,644.0,460.6
GUFL,11/16/2025,502.0,505.0,492.1,496.9,-1.02,5447.0,644.0,460.6
GUFL,11/17/2025,506.8,506.8,490.2,505.0,1.63,7108.0,644.0,460.6
GUFL,11/18/2025,515.0,515.0,505.0,509.0,0.79,8584.0,644.0,460.6
GUFL,11/19/2025,515.0,515.0,500.0,500.5,-1.67,7782.0,644.0,460.6
GUFL,11/20/2025,500.0,502.0,491.0,500.0,-0.1,3717.0,644.0,460.6
GUFL,11/23/2025,510.0,510.0,500.0,508.9,1.78,12867.0,644.0,460.6
GUFL,11/24/2025,515.0,517.5,506.2,517.5,1.69,6053.0,644.0,460.6
GUFL,11/25/2025,522.0,526.0,507.0,518.0,0.1,9928.0,644.0,460.6
GUFL,11/26/2025,519.0,519.0,508.3,518.0,0.0,3580.0,644.0,460.6
GUFL,11/27/2025,528.2,528.2,508.0,510.0,-1.54,7417.0,644.0,460.6
GUFL,11/30/2025,520.0,520.0,500.0,507.0,-0.59,7691.0,644.0,460.6
GUFL,12/1/2025,505.0,509.9,497.0,509.0,0.39,7464.0,644.0,460.6
GUFL,12/2/2025,518.0,518.0,500.1,508.9,-0.02,2369.0,644.0,460.6
GUFL,12/3/2025,513.2,523.0,510.0,515.0,1.2,18019.0,644.0,460.6
GUFL,12/7/2025,515.0,525.0,506.1,506.1,-1.73,4651.0,644.0,460.6
GUFL,12/8/2025,501.1,510.0,501.0,501.0,-1.01,3356.0,644.0,460.6
GUFL,12/9/2025,508.0,508.0,498.0,498.4,-0.52,5239.0,644.0,460.6
GUFL,12/10/2025,497.0,501.0,495.0,498.9,0.1,6652.0,644.0,460.6
GUFL,12/11/2025,500.0,500.0,491.4,499.0,0.02,3521.0,644.0,460.6
GUFL,12/14/2025,501.0,501.0,495.1,495.3,-0.74,3659.0,644.0,460.6
GUFL,12/15/2025,495.0,505.1,492.0,495.0,-0.06,3649.0,644.0,460.6
GUFL,12/16/2025,493.0,502.7,491.1,496.8,0.36,5712.0,644.0,460.6
GUFL,12/17/2025,493.0,513.0,493.0,508.9,2.44,17770.0,644.0,460.6
GUFL,12/18/2025,500.0,515.0,500.0,500.2,-1.71,5784.0,644.0,460.6
GUFL,12/21/2025,490.5,500.0,490.2,495.0,-1.04,2387.0,644.0,460.6
GUFL,12/22/2025,490.1,494.0,486.1,487.1,-1.6,7081.0,644.0,460.6
GUFL,12/23/2025,496.0,496.0,485.0,485.6,-0.31,3964.0,644.0,460.6
GUFL,12/24/2025,495.0,495.0,483.0,486.0,0.08,4238.0,644.0,460.6
GUFL,12/28/2025,490.0,500.0,490.0,494.0,1.65,8295.0,644.0,460.6
GUFL,12/29/2025,501.0,516.0,499.0,500.0,1.21,10853.0,644.0,460.6
GUFL,12/31/2025,509.0,519.0,490.5,505.0,1.0,9499.0,644.0,460.6
GUFL,1/1/2026,505.1,514.0,495.1,500.0,-0.99,4336.0,644.0,460.6
GUFL,1/4/2026,503.0,508.5,490.0,505.0,1.0,5481.0,644.0,460.6
GUFL,1/5/2026,505.0,510.0,500.0,507.0,0.4,18594.0,644.0,460.6
GUFL,1/6/2026,515.0,526.0,510.0,523.0,3.16,21225.0,644.0,460.6
GUFL,1/7/2026,532.0,532.0,512.0,512.0,-2.1,16242.0,644.0,460.6
GUFL,1/8/2026,520.0,520.0,506.0,511.9,-0.02,10937.0,644.0,460.6
GUFL,1/12/2026,519.0,521.5,508.0,509.5,-0.47,12932.0,644.0,460.6
GUFL,1/13/2026,505.5,519.6,505.0,507.0,-0.49,5865.0,644.0,460.6
GUFL,1/14/2026,513.0,521.0,506.0,511.0,0.79,21964.0,644.0,460.6
GUFL,1/18/2026,521.2,562.1,521.2,562.1,10.0,94746.0,644.0,460.6
GUFL,1/20/2026,573.3,618.3,573.3,618.3,10.0,186583.0,644.0,460.6
GUFL,1/21/2026,630.0,636.0,591.5,619.9,0.26,108340.0,644.0,460.6
GUFL,1/22/2026,607.6,644.0,578.0,606.0,-2.24,138626.0,644.0,460.6
GUFL,1/25/2026,593.9,610.0,590.0,598.0,-1.32,96180.0,644.0,460.6
GUFL,1/26/2026,598.0,602.8,575.0,591.0,-1.17,80983.0,644.0,460.6
GUFL,1/27/2026,580.0,600.0,569.0,569.2,-3.69,52505.0,644.0,460.6
GUFL,1/28/2026,570.0,586.0,563.0,577.0,1.37,62941.0,644.0,460.6
GUFL,1/29/2026,588.0,593.0,565.0,570.0,-1.21,46361.0,644.0,460.6
GUFL,2/1/2026,570.0,602.0,561.5,581.4,2.0,55864.0,644.0,460.6
GUFL,2/2/2026,590.0,591.7,578.0,582.0,0.1,28839.0,644.0,460.6
GUFL,2/3/2026,589.4,589.5,567.5,567.5,-2.49,23751.0,644.0,460.6
GUFL,2/4/2026,578.0,580.0,567.4,567.4,-0.02,23976.0,644.0,460.6
GUFL,2/5/2026,578.7,580.0,568.2,579.0,2.04,37178.0,644.0,460.6
GUFL,2/8/2026,587.0,594.0,576.0,577.0,-0.35,38535.0,644.0,460.6
GUFL,2/9/2026,570.1,595.0,565.3,566.0,-1.91,30138.0,644.0,460.6
GUFL,2/10/2026,577.3,577.3,556.0,560.0,-1.06,16763.0,644.0,460.6
GUFL,2/11/2026,551.0,580.0,550.0,553.0,-1.25,17527.0,644.0,460.6
GUFL,2/12/2026,551.3,564.0,549.0,552.2,-0.14,37578.0,644.0,460.6
GUFL,2/16/2026,560.0,580.0,553.0,556.1,0.71,28465.0,644.0,460.6
GUFL,2/17/2026,562.0,562.0,545.0,548.0,-1.46,23895.0,644.0,460.6
GUFL,2/22/2026,540.0,541.3,530.0,531.0,-3.1,17403.0,644.0,460.6
GUFL,2/23/2026,530.0,554.9,528.5,536.1,0.96,6175.0,644.0,460.6
GUFL,2/24/2026,536.1,546.0,534.1,540.0,0.73,12449.0,644.0,460.6
GUFL,2/25/2026,549.0,549.0,538.0,543.9,0.72,5333.0,644.0,460.6
GUFL,2/26/2026,534.0,549.8,534.0,544.0,0.02,8633.0,644.0,460.6
GUFL,2/27/2026,534.0,549.8,534.0,544.0,0.0,8633.0,644.0,460.6
GUFL,2/28/2026,534.0,549.8,534.0,544.0,0.0,8633.0,644.0,460.6
GUFL,3/2/2026,535.0,564.0,527.0,554.0,1.84,21241.0,644.0,460.6
GUFL,3/3/2026,556.0,569.0,552.0,569.0,2.71,21678.0,644.0,460.6
GUFL,3/4/2026,556.0,569.0,552.0,569.0,0.0,21678.0,644.0,460.6
GUFL,3/5/2026,556.0,569.0,552.0,569.0,0.0,21678.0,644.0,460.6
GUFL,3/6/2026,556.0,569.0,552.0,569.0,0.0,21678.0,644.0,460.6
GUFL,3/7/2026,556.0,569.0,552.0,569.0,0.0,21678.0,644.0,460.6
GUFL,3/8/2026,556.0,569.0,552.0,569.0,0.0,21678.0,644.0,460.6
GUFL,3/9/2026,580.3,603.7,580.3,603.5,6.06,2429.0,644.0,460.6
GUFL,3/10/2026,603.5,614.0,575.2,590.0,-2.24,70916.0,644.0,460.6
GUFL,3/11/2026,595.0,595.0,571.0,575.0,-2.54,34378.0,644.0,460.6
GUFL,3/12/2026,586.5,586.5,570.0,580.0,0.87,28221.0,644.0,460.6
GUFL,3/13/2026,586.5,586.5,570.0,580.0,0.0,28221.0,644.0,460.6
GUFL,3/14/2026,586.5,586.5,570.0,580.0,0.0,28221.0,644.0,460.6
GUFL,3/15/2026,588.9,588.9,575.0,582.0,0.34,27717.0,644.0,460.6
GUFL,3/16/2026,586.0,586.0,567.6,573.0,-1.55,15388.0,644.0,460.6
GUFL,3/17/2026,573.0,573.0,564.2,570.0,-0.52,13396.0,644.0,460.6
GUFL,3/18/2026,573.0,573.0,564.2,570.0,0.0,13396.0,644.0,460.6
GUFL,3/19/2026,579.7,596.5,579.7,592.0,3.86,40355.0,644.0,460.6
GUFL,3/20/2026,579.7,596.5,579.7,592.0,0.0,40355.0,644.0,460.6
GUFL,3/21/2026,579.7,596.5,579.7,592.0,0.0,40355.0,644.0,460.6
GUFL,3/22/2026,602.0,610.0,595.0,605.0,2.2,58335.0,644.0,460.6
GUFL,3/23/2026,605.0,613.0,593.0,600.0,-0.83,32737.0,644.0,460.6
GUFL,3/24/2026,601.0,607.0,595.0,601.0,0.17,20583.0,644.0,460.6
GUFL,3/25/2026,601.0,601.0,591.1,591.1,-1.65,19997.0,644.0,460.6
GUFL,3/26/2026,591.0,594.4,585.6,593.0,0.34,12011.0,644.0,460.6
GUFL,3/29/2026,600.0,600.0,571.0,572.2,-4.63,25119.0,644.0,460.6
GUFL,3/30/2026,572.5,579.0,560.0,562.9,-1.68,18672.0,644.0,460.6
GUFL,3/31/2026,562.0,570.9,545.0,567.0,0.89,25038.0,644.0,460.6
GUFL,4/1/2026,557.0,557.0,545.1,545.1,-2.14,9439.0,644.0,460.6
GUFL,4/2/2026,545.1,555.0,530.0,544.3,-0.15,19052.0,644.0,460.6
GUFL,4/5/2026,540.0,540.0,516.2,520.0,-3.7,24415.0,644.0,460.6
GUFL,4/6/2026,523.0,539.0,523.0,529.0,1.15,30132.0,644.0,460.6
GUFL,4/7/2026,538.5,546.5,528.3,530.0,-1.58,11440.0,644.0,460.6
GUFL,4/8/2026,530.0,544.0,530.0,543.8,2.6,15456.0,644.0,460.6
GUFL,4/9/2026,541.0,558.7,541.0,550.3,1.72,19145.0,644.0,460.6
GUFL,4/10/2026,557.0,557.0,535.0,544.0,-2.33,12206.0,644.0,460.6
GUFL,4/13/2026,544.0,549.0,535.0,535.0,-1.65,9180.0,644.0,460.6
GUFL,4/15/2026,544.0,550.0,538.0,544.0,0.0,6766.0,644.0,460.6
GUFL,4/16/2026,545.0,549.0,525.4,530.0,-2.75,14541.0,644.0,460.6
GUFL,4/17/2026,526.6,540.0,526.6,536.9,1.96,7513.0,644.0,460.6
GUFL,4/20/2026,530.0,540.0,530.0,534.0,0.75,4316.0,644.0,460.6
GUFL,4/21/2026,536.0,536.0,525.1,527.0,-1.68,4430.0,644.0,460.6
GUFL,4/22/2026,538.0,538.0,520.1,522.0,-2.97,10504.0,644.0,460.6
GUFL,4/23/2026,525.0,534.0,507.0,522.0,-0.57,5747.0,644.0,460.6
GUFL,4/24/2026,522.0,523.5,515.0,516.5,-1.05,6347.0,644.0,460.6
GUFL,4/27/2026,516.5,524.6,516.0,517.0,0.1,4496.0,644.0,460.6
GUFL,4/28/2026,517.0,528.0,511.1,511.5,-1.06,11416.0,644.0,460.6
GUFL,4/29/2026,511.5,519.9,509.0,513.7,0.43,6338.0,644.0,460.6
GUFL,4/30/2026,513.0,518.2,513.0,518.2,1.01,10337.0,644.0,460.6
GUFL,5/4/2026,518.0,520.1,510.0,511.0,-1.35,9908.0,644.0,460.6
GUFL,5/5/2026,506.5,520.0,506.0,515.6,1.8,7207.0,644.0,460.6
GUFL,5/6/2026,511.0,525.2,511.0,519.0,1.57,3962.0,644.0,460.6
GUFL,5/7/2026,528.0,528.0,515.1,517.9,-1.91,7152.0,644.0,460.6
GUFL,5/8/2026,520.0,528.0,517.5,527.0,1.35,8510.0,644.0,460.6
GUFL,5/11/2026,534.0,537.9,529.3,537.9,0.73,8186.0,644.0,460.6
GUFL,5/12/2026,530.2,532.0,520.0,522.0,-1.55,7332.0,644.0,460.6
GUFL,5/13/2026,522.0,530.9,518.6,523.0,0.19,4293.0,644.0,460.6
GUFL,5/14/2026,521.0,521.0,516.0,519.5,-0.29,3747.0,644.0,460.6
GUFL,5/15/2026,525.0,530.0,520.1,520.1,-0.93,3379.0,644.0,460.6
GUFL,5/18/2026,520.0,524.0,519.0,520.0,0.0,4234.0,644.0,460.6
GUFL,5/19/2026,520.0,523.0,518.0,523.0,0.58,3282.0,644.0,460.6
GUFL,5/20/2026,522.0,533.0,521.0,533.0,2.11,6869.0,644.0,460.6
GUFL,5/21/2026,540.0,540.0,525.4,530.0,-1.85,3858.0,644.0,460.6
GUFL,5/22/2026,530.0,535.0,527.1,535.0,0.94,3405.0,644.0,460.6
GUFL,5/25/2026,520.0,544.8,520.0,541.5,4.13,9426.0,644.0,460.6
GUFL,5/26/2026,532.0,542.0,532.0,539.0,1.32,6438.0,644.0,460.6
GUFL,5/27/2026,544.0,545.0,535.0,538.0,-1.1,6920.0,644.0,460.6
GUFL,6/1/2026,543.1,543.1,525.0,527.9,-2.8,7670.0,644.0,460.6
GUFL,6/2/2026,540.0,582.0,534.0,576.8,6.81,80640.0,644.0,460.6
GUFL,6/3/2026,578.0,580.0,561.1,564.0,-2.42,39413.0,644.0,460.6
GUFL,6/4/2026,579.0,579.9,560.0,564.0,-2.59,30474.0,644.0,460.6
GUFL,6/5/2026,578.0,581.0,568.0,581.0,0.52,57334.0,644.0,460.6
GUFL,6/8/2026,586.0,593.0,573.0,577.0,-1.54,46581.0,644.0,460.6
GUFL,6/9/2026,576.0,585.0,554.0,574.9,-0.19,49287.0,644.0,460.6
GUFL,6/10/2026,570.2,586.9,570.0,574.8,0.81,15907.0,644.0,460.6
GUFL,6/11/2026,560.0,587.0,560.0,571.4,2.04,11679.0,644.0,460.6
GUFL,6/12/2026,564.5,575.0,564.5,569.0,0.8,15178.0,644.0,460.6
GUFL,6/15/2026,572.0,572.0,557.0,560.0,-2.1,10056.0,644.0,460.6
GUFL,6/16/2026,560.0,568.4,552.0,555.0,-0.89,7454.0,644.0,460.6
GUFL,6/17/2026,567.0,567.0,550.0,550.0,-3.0,7735.0,644.0,460.6
GUFL,6/18/2026,551.1,555.0,545.0,552.0,0.16,6265.0,644.0,460.6
GUFL,6/19/2026,564.9,564.9,555.0,555.0,-1.75,8383.0,644.0,460.6
GUFL,6/22/2026,555.0,567.9,550.1,550.1,-0.88,9519.0,644.0,460.6
GUFL,6/23/2026,554.0,554.0,545.2,549.4,-0.83,5475.0,644.0,460.6
GUFL,6/24/2026,549.0,555.0,545.1,551.0,0.36,7166.0,644.0,460.6
GUFL,6/26/2026,551.0,555.0,543.0,545.0,-1.09,8169.0,644.0,460.6
GUFL,6/29/2026,546.0,547.0,539.0,540.0,-1.1,8521.0,644.0,460.6
GUFL,6/30/2026,541.0,548.0,535.0,535.0,-1.11,7443.0,644.0,460.6
GUFL,7/1/2026,550.1,558.0,541.0,558.0,1.44,6024.0,644.0,460.6
GUFL,7/2/2026,562.9,562.9,546.2,558.0,-0.87,8092.0,644.0,460.6
GUFL,7/3/2026,558.0,563.0,553.0,557.0,-0.18,7420.0,644.0,460.6
GUFL,7/6/2026,557.0,560.0,550.0,550.0,-1.26,8436.0,644.0,460.6
GUFL,7/7/2026,545.0,557.0,545.0,556.9,2.18,2660.0,644.0,460.6
GUFL,7/8/2026,550.1,555.0,545.0,548.0,-0.38,9564.0,644.0,460.6
GUFL,7/9/2026,545.5,548.0,541.2,544.0,-0.27,6888.0,644.0,460.6
GUFL,7/10/2026,544.0,559.9,544.0,545.0,0.18,6630.0,644.0,460.6
GUFL,7/13/2026,546.0,546.0,537.0,538.5,-1.37,6731.0,644.0,460.6
GUFL,7/14/2026,530.0,557.0,529.0,546.9,3.19,10963.0,644.0,460.6
GUFL,7/15/2026,550.0,550.0,540.1,543.0,-1.27,5311.0,644.0,460.6
GUFL,7/16/2026,545.0,549.0,540.0,540.0,-0.92,2429.0,644.0,460.6
GUFL,7/17/2026,555.5,560.0,549.9,559.0,0.63,15375.0,644.0,460.6
GUFL,7/20/2026,560.0,572.1,560.0,572.1,2.16,15009.0,644.0,460.6
GUFL,7/21/2026,572.0,575.1,560.0,565.0,-1.22,15007.0,644.0,460.6
GUFL,7/22/2026,560.0,575.0,560.0,565.0,0.89,11325.0,644.0,460.6
GUFL,7/23/2026,575.0,575.0,550.1,564.0,-1.91,10684.0,644.0,460.6
GUFL,7/24/2026,559.0,570.0,557.0,557.0,-0.36,5322.0,644.0,460.6
GUFL,7/27/2026,566.9,594.9,566.9,578.5,2.05,157711.0,644.0,460.6
GUFL,7/28/2026,588.0,597.0,579.0,584.0,-0.68,66026.0,644.0,460.6
GUFL,7/29/2026,584.0,590.0,573.0,579.0,-0.86,24743.0,644.0,460.6
GUFL,7/30/2026,576.4,582.9,570.0,575.0,-0.24,19640.0,644.0,460.6
GUFL,7/31/2026,570.0,579.0,569.0,572.0,0.35,32720.0,644.0,460.6
GUFL,8/3/2026,577.0,584.2,571.0,574.0,-0.52,19694.0,644.0,460.6
GUFL,8/4/2026,570.0,583.6,565.0,568.9,-0.19,37853.0,644.0,460.6
GUFL,8/5/2026,561.3,569.8,560.0,563.0,0.3,16819.0,644.0,460.6
GUFL,8/6/2026,561.0,578.0,561.0,575.9,2.66,28866.0,644.0,460.6
GUFL,8/7/2026,570.0,576.0,565.1,569.9,-0.02,10774.0,644.0,460.6
GUFL,8/10/2026,564.0,567.0,560.0,560.4,-0.64,13187.0,644.0,460.6
GUFL,8/11/2026,573.0,575.0,561.0,573.0,0.0,28519.0,644.0,460.6
GUFL,8/12/2026,575.0,585.0,572.0,576.0,0.17,14101.0,644.0,460.6
GUFL,8/13/2026,580.0,580.0,566.0,568.1,-2.05,25728.0,644.0,460.6
GUFL,8/14/2026,565.3,566.3,549.1,551.0,-2.53,28635.0,644.0,460.6
GUFL,8/17/2026,551.2,555.0,530.0,538.0,-2.39,48182.0,644.0,460.6
GUFL,8/18/2026,535.0,540.0,532.0,536.3,0.24,13514.0,644.0,460.6
GUFL,8/19/2026,534.0,537.9,530.1,536.0,0.37,8115.0,644.0,460.6
GUFL,8/20/2026,532.0,535.0,525.2,535.0,0.56,11894.0,644.0,460.6
GUFL,8/21/2026,540.0,540.0,518.0,520.0,-3.7,36430.0,644.0,460.6
GUFL,8/24/2026,525.0,525.0,510.1,515.0,-1.9,18771.0,644.0,460.6
GUFL,8/25/2026,515.0,525.0,507.4,509.7,-1.03,11948.0,644.0,460.6
GUFL,8/26/2026,513.0,513.0,494.5,500.0,-2.53,17852.0,644.0,460.6
GUFL,8/27/2026,525.0,525.0,490.0,494.0,-5.9,13618.0,644.0,460.6
GUFL,8/31/2026,494.0,495.0,485.0,495.0,0.2,11606.0,644.0,460.6
GUFL,9/1/2026,490.0,508.0,490.0,499.0,1.84,5941.0,644.0,460.6
GUFL,9/2/2026,501.0,505.0,498.0,503.6,0.52,10826.0,644.0,460.6
GUFL,9/3/2026,504.0,511.0,504.0,506.0,0.4,9819.0,644.0,460.6
GUFL,9/7/2026,518.0,518.0,502.5,502.7,-2.95,11404.0,644.0,460.6
GUFL,9/9/2026,501.0,510.0,488.0,490.0,-2.2,16440.0,644.0,460.6
GUFL,9/10/2026,485.0,490.0,478.0,480.0,-1.03,11740.0,644.0,460.6
GUFL,9/11/2026,490.0,495.0,485.0,495.0,1.02,7602.0,644.0,460.6
GUFL,9/14/2026,495.0,511.9,495.0,503.5,1.72,4226.0,644.0,460.6
GUFL,9/15/2026,518.6,549.9,505.1,521.0,0.46,19254.0,644.0,460.6
GUFL,9/16/2026,522.0,526.0,504.4,509.0,-2.49,19811.0,644.0,460.6
GUFL,9/17/2026,513.0,520.9,501.0,502.0,-2.14,8516.0,644.0,460.6
GUFL,9/18/2026,510.0,512.9,505.0,510.0,0.0,5813.0,644.0,460.6
GUFL,9/22/2026,510.0,515.0,504.0,506.0,-0.78,10264.0,644.0,460.6
GUFL,9/23/2026,506.0,506.0,496.0,496.0,-1.98,9830.0,644.0,460.6
GUFL,9/24/2026,496.0,503.0,492.4,496.4,0.08,7759.0,644.0,460.6
GUFL,9/28/2026,496.4,510.0,496.4,496.7,0.06,6842.0,644.0,460.6
GUFL,9/29/2026,495.3,505.0,495.1,0.0,-100.0,4106.0,644.0,460.6
GUFL,9/30/2026,495.0,503.0,490.0,496.1,0.22,4850.0,644.0,460.6
GUFL,10/1/2026,493.5,500.0,492.1,497.2,0.75,13316.0,644.0,460.6
GUFL,10/2/2026,499.0,504.9,495.0,497.0,-0.4,6266.0,644.0,460.6
GUFLPO,7/16/2026,298.0,298.0,298.0,298.0,0.0,2000.0,331.0,298.0
GUFLPO,8/21/2026,298.0,298.0,298.0,298.0,0.0,3968.0,331.0,298.0
GUFLPO,8/26/2026,298.0,298.0,298.0,298.0,0.0,7037.0,331.0,298.0
GVL,12/21/2025,525.0,525.0,518.0,519.0,,22823.0,602.0,461.0
GVL,12/22/2025,515.1,520.0,513.0,518.0,-0.19,20159.0,602.0,461.0
GVL,12/23/2025,520.0,524.0,515.1,517.0,-0.19,15509.0,602.0,461.0
GVL,12/24/2025,513.7,523.5,510.0,511.3,-1.1,55824.0,602.0,461.0
GVL,12/28/2025,521.4,521.4,513.0,518.5,1.41,74880.0,602.0,461.0
GVL,12/29/2025,519.0,520.0,507.6,507.6,-2.1,66181.0,602.0,461.0
GVL,12/31/2025,505.0,524.6,499.2,510.0,0.47,349744.0,602.0,461.0
GVL,1/1/2026,501.1,509.9,499.1,501.0,-1.76,60355.0,602.0,461.0
GVL,1/4/2026,500.0,500.0,495.0,499.0,-0.4,12278.0,602.0,461.0
GVL,1/5/2026,499.0,512.0,495.0,510.0,2.2,38671.0,602.0,461.0
GVL,1/6/2026,510.0,517.0,499.0,514.0,0.78,64465.0,602.0,461.0
GVL,1/7/2026,510.0,511.4,497.5,503.9,-1.96,54437.0,602.0,461.0
GVL,1/8/2026,497.0,505.0,497.0,498.0,-1.17,43591.0,602.0,461.0
GVL,1/12/2026,495.0,502.0,492.0,495.0,-0.6,59275.0,602.0,461.0
GVL,1/13/2026,500.0,505.0,490.1,497.8,0.57,73111.0,602.0,461.0
GVL,1/14/2026,497.8,504.6,490.0,502.8,1.0,184300.0,602.0,461.0
GVL,1/18/2026,506.6,506.7,495.0,504.0,0.24,106299.0,602.0,461.0
GVL,1/20/2026,503.0,530.0,500.0,524.8,4.13,594345.0,602.0,461.0
GVL,1/21/2026,524.0,527.5,512.2,516.0,-1.68,51919.0,602.0,461.0
GVL,1/22/2026,522.0,522.0,504.0,515.0,-0.19,139871.0,602.0,461.0
GVL,1/25/2026,505.0,564.0,505.0,536.0,4.08,769160.0,602.0,461.0
GVL,1/26/2026,538.0,538.0,519.0,530.0,-1.12,163280.0,602.0,461.0
GVL,1/27/2026,530.0,533.8,508.0,510.1,-3.75,118436.0,602.0,461.0
GVL,1/28/2026,499.9,540.0,499.9,506.6,-0.69,183514.0,602.0,461.0
GVL,1/29/2026,506.6,514.9,504.0,507.0,0.08,145066.0,602.0,461.0
GVL,2/1/2026,509.0,509.0,499.0,502.0,-0.99,86568.0,602.0,461.0
GVL,2/2/2026,506.0,506.0,495.6,498.0,-0.8,76091.0,602.0,461.0
GVL,2/3/2026,499.0,503.0,490.3,496.0,-0.4,79175.0,602.0,461.0
GVL,2/4/2026,492.0,503.0,489.0,491.9,-0.83,114918.0,602.0,461.0
GVL,2/5/2026,498.9,501.7,489.5,492.0,0.02,101265.0,602.0,461.0
GVL,2/8/2026,500.0,503.0,490.0,494.9,0.59,117726.0,602.0,461.0
GVL,2/9/2026,494.1,499.0,487.1,487.5,-1.5,64777.0,602.0,461.0
GVL,2/10/2026,488.0,494.5,481.0,481.5,-1.23,69172.0,602.0,461.0
GVL,2/11/2026,485.0,490.0,481.5,482.9,0.29,32515.0,602.0,461.0
GVL,2/12/2026,474.0,495.5,474.0,486.3,0.7,71630.0,602.0,461.0
GVL,2/16/2026,495.0,503.9,485.0,490.0,0.76,31932.0,602.0,461.0
GVL,2/17/2026,484.2,488.8,482.0,485.0,-1.02,56423.0,602.0,461.0
GVL,2/22/2026,488.0,489.0,479.1,480.0,-1.03,41135.0,602.0,461.0
GVL,2/23/2026,479.1,484.9,479.1,479.4,-0.13,39517.0,602.0,461.0
GVL,2/24/2026,480.1,484.0,480.1,482.1,0.56,12527.0,602.0,461.0
GVL,2/25/2026,480.0,489.0,480.0,485.0,0.6,19225.0,602.0,461.0
GVL,2/26/2026,486.0,486.0,482.9,484.5,-0.1,28822.0,602.0,461.0
GVL,2/27/2026,486.0,486.0,482.9,484.5,0.0,28822.0,602.0,461.0
GVL,2/28/2026,486.0,486.0,482.9,484.5,0.0,28822.0,602.0,461.0
GVL,3/2/2026,480.0,489.5,480.0,486.0,0.31,45641.0,602.0,461.0
GVL,3/3/2026,484.0,496.0,484.0,494.8,1.81,30488.0,602.0,461.0
GVL,3/4/2026,484.0,496.0,484.0,494.8,0.0,30488.0,602.0,461.0
GVL,3/5/2026,484.0,496.0,484.0,494.8,0.0,30488.0,602.0,461.0
GVL,3/6/2026,484.0,496.0,484.0,494.8,0.0,30488.0,602.0,461.0
GVL,3/7/2026,484.0,496.0,484.0,494.8,0.0,30488.0,602.0,461.0
GVL,3/8/2026,484.0,496.0,484.0,494.8,0.0,30488.0,602.0,461.0
GVL,3/9/2026,504.6,535.0,504.6,535.0,8.12,198.0,602.0,461.0
GVL,3/10/2026,540.0,540.0,500.1,518.6,-3.07,361048.0,602.0,461.0
GVL,3/11/2026,520.0,525.0,510.0,510.0,-1.66,66265.0,602.0,461.0
GVL,3/12/2026,512.0,516.9,507.0,514.9,0.96,71439.0,602.0,461.0
GVL,3/13/2026,512.0,516.9,507.0,514.9,0.0,71439.0,602.0,461.0
GVL,3/14/2026,512.0,516.9,507.0,514.9,0.0,71439.0,602.0,461.0
GVL,3/15/2026,505.0,566.1,505.0,513.0,-0.37,247620.0,602.0,461.0
GVL,3/16/2026,521.9,521.9,507.3,510.5,-0.49,53090.0,602.0,461.0
GVL,3/17/2026,510.0,511.0,499.3,510.0,-0.1,87618.0,602.0,461.0
GVL,3/18/2026,510.0,511.0,499.3,510.0,0.0,87618.0,602.0,461.0
GVL,3/19/2026,510.5,517.0,510.0,511.5,0.29,144633.0,602.0,461.0
GVL,3/20/2026,510.5,517.0,510.0,511.5,0.0,144633.0,602.0,461.0
GVL,3/21/2026,510.5,517.0,510.0,511.5,0.0,144633.0,602.0,461.0
GVL,3/22/2026,515.0,520.0,511.0,517.5,1.17,114311.0,602.0,461.0
GVL,3/23/2026,515.0,526.0,515.0,526.0,1.64,127195.0,602.0,461.0
GVL,3/24/2026,531.0,532.0,518.5,528.0,0.38,83725.0,602.0,461.0
GVL,3/25/2026,525.0,526.0,510.6,516.0,-2.27,80275.0,602.0,461.0
GVL,3/26/2026,515.0,521.0,512.0,516.3,0.25,65384.0,602.0,461.0
GVL,3/29/2026,516.0,520.0,502.0,507.0,-1.74,99489.0,602.0,461.0
GVL,3/30/2026,500.0,513.0,496.9,501.0,0.2,75786.0,602.0,461.0
GVL,3/31/2026,508.9,508.9,494.1,500.0,-1.75,44172.0,602.0,461.0
GVL,4/1/2026,495.1,500.0,489.0,490.0,-1.03,52383.0,602.0,461.0
GVL,4/2/2026,487.1,496.7,483.3,491.0,0.8,39500.0,602.0,461.0
GVL,4/5/2026,486.5,486.5,470.0,473.5,-2.67,70113.0,602.0,461.0
GVL,4/6/2026,475.0,493.6,475.0,489.9,3.14,30454.0,602.0,461.0
GVL,4/7/2026,495.0,495.0,483.2,484.6,-2.1,29648.0,602.0,461.0
GVL,4/8/2026,485.0,494.0,485.0,494.0,1.86,19935.0,602.0,461.0
GVL,4/9/2026,500.0,503.0,490.0,503.0,0.6,33884.0,602.0,461.0
GVL,4/10/2026,503.0,505.0,493.0,500.0,-0.6,29957.0,602.0,461.0
GVL,4/13/2026,496.0,503.0,496.0,500.0,0.81,29304.0,602.0,461.0
GVL,4/15/2026,500.0,510.0,500.0,504.5,0.9,35799.0,602.0,461.0
GVL,4/16/2026,505.0,507.0,496.3,506.0,0.2,43755.0,602.0,461.0
GVL,4/17/2026,508.0,508.0,497.5,507.0,-0.2,21664.0,602.0,461.0
GVL,4/20/2026,507.0,507.0,497.6,498.0,-1.78,16489.0,602.0,461.0
GVL,4/21/2026,495.1,500.0,491.3,496.0,0.18,10254.0,602.0,461.0
GVL,4/22/2026,499.0,500.0,487.0,500.0,0.2,19092.0,602.0,461.0
GVL,4/23/2026,500.0,502.0,493.0,498.0,-0.4,23720.0,602.0,461.0
GVL,4/24/2026,484.0,500.0,484.0,500.0,3.31,23922.0,602.0,461.0
GVL,4/27/2026,500.0,501.0,490.3,495.0,-1.0,10890.0,602.0,461.0
GVL,4/28/2026,495.0,496.0,488.2,488.4,-1.33,16264.0,602.0,461.0
GVL,4/29/2026,488.4,490.0,484.0,488.0,-0.08,12990.0,602.0,461.0
GVL,4/30/2026,480.2,489.0,480.0,487.5,1.52,26961.0,602.0,461.0
GVL,5/4/2026,480.0,491.0,475.0,487.0,1.46,12281.0,602.0,461.0
GVL,5/5/2026,477.0,490.0,477.0,485.9,1.87,4638.0,602.0,461.0
GVL,5/6/2026,485.0,488.0,484.0,485.5,0.1,9467.0,602.0,461.0
GVL,5/7/2026,480.0,491.0,478.0,486.1,1.27,14418.0,602.0,461.0
GVL,5/8/2026,485.0,492.0,482.6,489.0,0.82,7506.0,602.0,461.0
GVL,5/11/2026,490.0,496.1,488.0,496.0,1.22,19339.0,602.0,461.0
GVL,5/12/2026,499.0,499.0,489.1,490.0,-1.8,10516.0,602.0,461.0
GVL,5/13/2026,485.0,492.0,480.3,487.2,0.45,6383.0,602.0,461.0
GVL,5/14/2026,482.1,491.0,480.1,486.4,0.89,20015.0,602.0,461.0
GVL,5/15/2026,481.1,494.0,481.1,486.3,1.08,8812.0,602.0,461.0
GVL,5/18/2026,486.0,495.0,481.5,493.9,1.63,27588.0,602.0,461.0
GVL,5/19/2026,494.0,494.0,487.0,490.0,-0.81,12129.0,602.0,461.0
GVL,5/20/2026,487.1,494.0,487.1,492.5,1.11,7226.0,602.0,461.0
GVL,5/21/2026,492.0,496.0,488.0,490.0,-0.41,8346.0,602.0,461.0
GVL,5/22/2026,486.0,492.0,486.0,491.9,1.21,17182.0,602.0,461.0
GVL,5/25/2026,492.0,500.0,492.0,499.0,1.42,18429.0,602.0,461.0
GVL,5/26/2026,491.1,500.0,491.1,497.0,1.2,17789.0,602.0,461.0
GVL,5/27/2026,502.0,503.0,495.0,499.6,-0.48,23220.0,602.0,461.0
GVL,6/1/2026,491.0,500.0,490.0,490.7,-0.06,7253.0,602.0,461.0
GVL,6/2/2026,485.0,495.0,485.0,490.0,1.03,7503.0,602.0,461.0
GVL,6/3/2026,490.0,495.0,488.0,490.0,0.0,16752.0,602.0,461.0
GVL,6/4/2026,504.7,504.7,489.5,492.0,-2.52,13236.0,602.0,461.0
GVL,6/5/2026,489.0,497.0,489.0,490.0,0.2,15808.0,602.0,461.0
GVL,6/8/2026,488.0,491.0,487.5,490.0,0.41,13485.0,602.0,461.0
GVL,6/9/2026,485.0,493.9,483.0,492.9,1.63,15877.0,602.0,461.0
GVL,6/10/2026,490.0,500.0,490.0,492.0,0.41,17557.0,602.0,461.0
GVL,6/11/2026,485.3,493.0,485.3,489.8,0.93,8603.0,602.0,461.0
GVL,6/12/2026,483.2,492.0,483.2,489.0,1.2,8656.0,602.0,461.0
GVL,6/15/2026,485.1,492.0,485.1,486.5,0.29,20007.0,602.0,461.0
GVL,6/16/2026,484.0,488.0,484.0,485.2,0.25,6644.0,602.0,461.0
GVL,6/17/2026,489.0,490.0,482.1,482.6,-1.31,10580.0,602.0,461.0
GVL,6/18/2026,480.0,489.5,480.0,484.0,0.83,5013.0,602.0,461.0
GVL,6/19/2026,484.0,488.0,480.0,483.5,-0.1,12913.0,602.0,461.0
GVL,6/22/2026,483.5,489.0,480.2,483.1,-0.08,6993.0,602.0,461.0
GVL,6/23/2026,487.0,487.0,480.2,482.0,-1.03,4255.0,602.0,461.0
GVL,6/24/2026,484.0,484.0,475.1,476.5,-1.55,13248.0,602.0,461.0
GVL,6/26/2026,477.3,480.0,477.3,477.6,0.06,13040.0,602.0,461.0
GVL,6/29/2026,477.0,477.0,470.0,470.0,-1.47,15207.0,602.0,461.0
GVL,6/30/2026,471.0,472.0,465.1,465.8,-1.1,6598.0,602.0,461.0
GVL,7/1/2026,467.0,479.0,465.8,475.0,1.71,5464.0,602.0,461.0
GVL,7/2/2026,475.0,475.0,470.1,475.0,0.0,5508.0,602.0,461.0
GVL,7/3/2026,476.0,480.0,473.2,476.9,0.19,3925.0,602.0,461.0
GVL,7/6/2026,474.0,480.0,473.0,473.1,-0.19,3052.0,602.0,461.0
GVL,7/7/2026,472.0,482.5,470.0,475.0,0.64,15252.0,602.0,461.0
GVL,7/8/2026,467.3,474.9,467.3,473.0,1.22,4501.0,602.0,461.0
GVL,7/9/2026,466.2,470.0,466.1,470.0,0.82,6136.0,602.0,461.0
GVL,7/10/2026,461.0,480.0,461.0,469.8,1.91,4931.0,602.0,461.0
GVL,7/13/2026,462.0,475.0,462.0,470.0,1.73,9604.0,602.0,461.0
GVL,7/14/2026,463.0,480.0,463.0,466.0,0.65,10331.0,602.0,461.0
GVL,7/15/2026,466.0,479.9,466.0,470.0,0.86,3334.0,602.0,461.0
GVL,7/16/2026,468.0,480.0,467.0,480.0,2.56,18946.0,602.0,461.0
GVL,7/17/2026,474.3,491.3,474.3,491.3,3.58,14130.0,602.0,461.0
GVL,7/20/2026,495.0,500.0,485.3,497.0,0.4,12533.0,602.0,461.0
GVL,7/21/2026,496.0,497.0,488.0,492.0,-0.81,21058.0,602.0,461.0
GVL,7/22/2026,486.0,492.0,485.0,490.0,0.82,12399.0,602.0,461.0
GVL,7/23/2026,480.2,490.0,480.2,490.0,2.04,5271.0,602.0,461.0
GVL,7/24/2026,482.0,492.8,482.0,485.0,0.62,15952.0,602.0,461.0
GVL,7/27/2026,482.4,490.0,482.4,485.0,0.54,11292.0,602.0,461.0
GVL,7/28/2026,485.0,490.0,479.2,487.9,0.6,17359.0,602.0,461.0
GVL,7/29/2026,480.2,489.8,480.0,486.0,1.21,14838.0,602.0,461.0
GVL,7/30/2026,476.1,488.0,476.1,484.5,1.76,12929.0,602.0,461.0
GVL,7/31/2026,480.0,489.5,477.6,487.0,1.46,8364.0,602.0,461.0
GVL,8/3/2026,487.0,492.0,483.0,483.4,-0.74,14857.0,602.0,461.0
GVL,8/4/2026,483.0,485.0,480.0,481.1,-0.39,6158.0,602.0,461.0
GVL,8/5/2026,481.0,485.0,479.4,482.0,0.21,4385.0,602.0,461.0
GVL,8/6/2026,480.0,487.9,480.0,480.2,0.04,4787.0,602.0,461.0
GVL,8/7/2026,479.0,484.0,476.0,482.0,0.63,6322.0,602.0,461.0
GVL,8/10/2026,480.2,485.0,476.4,480.0,-0.04,1588.0,602.0,461.0
GVL,8/11/2026,473.0,481.0,473.0,480.5,1.59,11966.0,602.0,461.0
GVL,8/12/2026,475.3,481.0,475.1,481.0,1.2,8931.0,602.0,461.0
GVL,8/13/2026,481.0,481.0,472.2,478.2,-0.58,5081.0,602.0,461.0
GVL,8/14/2026,474.6,479.9,474.6,477.0,0.51,4851.0,602.0,461.0
GVL,8/17/2026,470.0,476.0,470.0,472.1,0.45,8697.0,602.0,461.0
GVL,8/18/2026,472.2,475.0,470.2,470.2,-0.42,7695.0,602.0,461.0
GVL,8/19/2026,470.0,480.0,469.0,472.0,0.43,8462.0,602.0,461.0
GVL,8/20/2026,470.0,484.9,469.8,482.3,2.62,14430.0,602.0,461.0
GVL,8/21/2026,482.0,492.0,482.0,483.0,0.21,23230.0,602.0,461.0
GVL,8/24/2026,484.0,488.0,478.0,478.0,-1.24,9417.0,602.0,461.0
GVL,8/25/2026,480.0,483.0,474.3,478.9,-0.23,3775.0,602.0,461.0
GVL,8/26/2026,471.0,475.0,467.1,472.5,0.32,18176.0,602.0,461.0
GVL,8/27/2026,461.0,478.3,461.0,476.2,3.3,7835.0,602.0,461.0
GVL,8/31/2026,467.2,472.0,465.6,472.0,1.03,15776.0,602.0,461.0
GVL,9/1/2026,468.0,480.0,465.1,470.0,0.43,8502.0,602.0,461.0
GVL,9/2/2026,465.1,480.0,465.1,472.6,1.61,6188.0,602.0,461.0
GVL,9/3/2026,475.0,479.0,470.0,479.0,0.84,7893.0,602.0,461.0
GVL,9/7/2026,473.0,488.0,473.0,485.9,2.73,12386.0,602.0,461.0
GVL,9/9/2026,487.0,487.0,479.0,479.0,-1.64,15271.0,602.0,461.0
GVL,9/10/2026,479.0,480.9,476.2,476.2,-0.58,12083.0,602.0,461.0
GVL,9/11/2026,472.5,484.9,472.5,484.9,2.62,11003.0,602.0,461.0
GVL,9/14/2026,480.5,499.5,480.4,494.0,2.81,26087.0,602.0,461.0
GVL,9/15/2026,494.0,504.0,492.0,498.0,0.81,43381.0,602.0,461.0
GVL,9/16/2026,498.0,499.9,488.0,493.8,-0.84,13988.0,602.0,461.0
GVL,9/17/2026,490.0,499.0,490.0,494.8,0.98,19943.0,602.0,461.0
GVL,9/18/2026,496.0,498.0,493.0,495.0,-0.2,21015.0,602.0,461.0
GVL,9/22/2026,495.0,501.9,493.2,495.2,0.04,33937.0,602.0,461.0
GVL,9/23/2026,494.0,500.0,490.0,490.0,-0.81,17281.0,602.0,461.0
GVL,9/24/2026,488.0,493.9,485.0,489.3,0.27,7065.0,602.0,461.0
GVL,9/28/2026,490.0,492.0,487.2,491.9,0.39,17697.0,602.0,461.0
GVL,9/29/2026,490.9,493.0,485.0,0.0,-100.0,11486.0,602.0,461.0
GVL,9/30/2026,485.5,494.0,485.0,494.0,1.75,34922.0,602.0,461.0
GVL,10/1/2026,496.0,499.4,487.3,492.0,-0.81,15905.0,602.0,461.0
GVL,10/2/2026,487.0,493.4,487.0,493.4,1.31,14655.0,602.0,461.0
GWFD83,12/22/2025,1205.5,1205.5,1200.0,1200.0,,141.0,1239.0,1016.0
GWFD83,12/29/2025,1223.0,1225.0,1223.0,1225.0,2.08,1110.0,1239.0,1016.0
GWFD83,12/31/2025,1201.0,1201.0,1201.0,1201.0,-1.96,11.0,1239.0,1016.0
GWFD83,1/5/2026,1210.0,1210.0,1194.0,1195.0,-0.5,450.0,1239.0,1016.0
GWFD83,1/7/2026,1218.9,1218.9,1215.0,1215.0,1.67,440.0,1239.0,1016.0
GWFD83,1/13/2026,1239.0,1239.0,1239.0,1239.0,1.98,25.0,1239.0,1016.0
GWFD83,1/28/2026,1239.0,1239.0,1121.2,1139.0,-8.07,801.0,1239.0,1016.0
GWFD83,1/29/2026,1139.0,1139.0,1128.0,1128.0,-0.97,439.0,1239.0,1016.0
GWFD83,2/1/2026,1128.0,1129.0,1128.0,1129.0,0.09,51.0,1239.0,1016.0
GWFD83,2/2/2026,1139.0,1139.0,1139.0,1139.0,0.89,20.0,1239.0,1016.0
GWFD83,2/9/2026,1117.0,1117.0,1117.0,1117.0,-1.93,50.0,1239.0,1016.0
GWFD83,2/10/2026,1117.0,1117.0,1117.0,1117.0,0.0,18.0,1239.0,1016.0
GWFD83,2/11/2026,1098.0,1098.0,1098.0,1119.0,0.18,201.0,1239.0,1016.0
GWFD83,2/12/2026,1119.0,1119.0,1119.0,1097.3,-1.94,1.0,1239.0,1016.0
GWFD83,2/16/2026,1093.1,1093.1,1093.1,1093.0,-0.39,30.0,1239.0,1016.0
GWFD83,2/17/2026,1093.0,1114.8,1093.0,1114.8,1.99,29.0,1239.0,1016.0
GWFD83,2/22/2026,1114.8,1114.8,1114.8,1094.0,-1.87,1.0,1239.0,1016.0
GWFD83,2/23/2026,1115.8,1115.8,1115.8,1115.8,1.99,20.0,1239.0,1016.0
GWFD83,2/26/2026,1125.0,1125.0,1120.0,1120.0,0.38,600.0,1239.0,1016.0
GWFD83,2/27/2026,1125.0,1125.0,1120.0,1120.0,0.0,600.0,1239.0,1016.0
GWFD83,2/28/2026,1125.0,1125.0,1120.0,1120.0,0.0,600.0,1239.0,1016.0
GWFD83,3/1/2026,1125.0,1125.0,1120.0,1120.0,0.0,600.0,1239.0,1016.0
GWFD83,3/15/2026,1120.0,1120.0,1120.0,1137.0,1.52,1.0,1239.0,1016.0
GWFD83,3/22/2026,1137.0,1137.0,1137.0,1140.0,0.26,1.0,1239.0,1016.0
GWFD83,3/26/2026,1125.0,1125.0,1125.0,1125.0,0.0,39.0,1239.0,1016.0
GWFD83,3/31/2026,1125.0,1125.0,1125.0,1133.0,0.71,1.0,1239.0,1016.0
GWFD83,4/5/2026,1134.0,1134.0,1134.0,1134.0,0.0,200.0,1239.0,1016.0
GWFD83,4/6/2026,1125.0,1125.0,1125.0,1125.0,0.0,70.0,1239.0,1016.0
GWFD83,4/7/2026,1125.0,1125.0,1125.0,1125.0,0.0,50.0,1239.0,1016.0
GWFD83,4/8/2026,1125.0,1125.0,1125.0,1105.0,-1.78,3.0,1239.0,1016.0
GWFD83,4/10/2026,1105.0,1105.0,1105.0,1105.0,0.0,50.0,1239.0,1016.0
GWFD83,4/13/2026,1105.0,1105.0,1105.0,1089.0,-1.45,3.0,1239.0,1016.0
GWFD83,4/15/2026,1089.0,1089.0,1087.5,1087.5,-0.14,96.0,1239.0,1016.0
GWFD83,4/20/2026,1087.5,1087.5,1087.5,1120.0,2.99,6.0,1239.0,1016.0
GWFD83,4/21/2026,1120.0,1120.0,1120.0,1086.4,-3.0,1.0,1239.0,1016.0
GWFD83,4/22/2026,1085.0,1085.0,1080.0,1080.0,-0.46,100.0,1239.0,1016.0
GWFD83,4/27/2026,1080.0,1080.0,1080.0,1112.3,2.99,1.0,1239.0,1016.0
GWFD83,4/29/2026,1112.3,1112.3,1112.3,1112.3,0.0,40.0,1239.0,1016.0
GWFD83,5/12/2026,1079.0,1079.0,1079.0,1090.0,1.02,29.0,1239.0,1016.0
GWFD83,6/2/2026,1074.0,1074.0,1061.0,1061.0,-1.21,70.0,1239.0,1016.0
GWFD83,6/3/2026,1072.6,1072.6,1072.1,1072.1,-0.05,70.0,1239.0,1016.0
GWFD83,6/10/2026,1085.0,1085.0,1085.0,1085.0,0.0,160.0,1239.0,1016.0
GWFD83,6/12/2026,1085.0,1085.0,1085.0,1085.0,0.0,125.0,1239.0,1016.0
GWFD83,6/17/2026,1085.0,1085.0,1085.0,1085.0,0.0,25.0,1239.0,1016.0
GWFD83,6/23/2026,1085.0,1085.0,1077.3,1077.3,-0.71,100.0,1239.0,1016.0
GWFD83,6/26/2026,1078.6,1078.6,1070.5,1071.0,-0.7,200.0,1239.0,1016.0
GWFD83,6/29/2026,1100.0,1100.0,1085.5,1100.0,0.0,120.0,1239.0,1016.0
GWFD83,6/30/2026,1116.0,1117.0,1116.0,1117.0,0.09,150.0,1239.0,1016.0
GWFD83,7/3/2026,1100.0,1100.0,1100.0,1100.0,0.0,78.0,1239.0,1016.0
GWFD83,7/10/2026,1100.0,1100.0,1072.5,1072.5,-2.5,300.0,1239.0,1016.0
GWFD83,7/13/2026,1072.5,1100.0,1072.5,1114.0,3.87,199.0,1239.0,1016.0
GWFD83,7/14/2026,1114.0,1135.0,1110.0,1120.0,0.54,302.0,1239.0,1016.0
GWFD83,7/15/2026,1120.0,1140.8,1120.0,1140.8,1.86,11.0,1239.0,1016.0
GWFD83,7/16/2026,1140.8,1140.8,1140.8,1153.0,1.07,6.0,1239.0,1016.0
GWFD83,7/17/2026,1153.0,1160.0,1153.0,1160.0,0.61,46.0,1239.0,1016.0
GWFD83,7/20/2026,1160.0,1160.0,1160.0,1158.0,-0.17,2.0,1239.0,1016.0
GWFD83,7/30/2026,1158.0,1158.0,1158.0,1123.3,-3.0,1.0,1239.0,1016.0
GWFD83,7/31/2026,1123.3,1123.3,1123.3,1089.7,-2.99,1.0,1239.0,1016.0
GWFD83,8/4/2026,1057.1,1057.1,1031.0,1030.2,-2.54,125.0,1239.0,1016.0
GWFD83,8/5/2026,1030.2,1030.2,1030.2,1085.0,5.32,2.0,1239.0,1016.0
GWFD83,8/12/2026,1085.0,1085.0,1085.0,1054.3,-2.83,11.0,1239.0,1016.0
GWFD83,8/13/2026,1054.3,1054.3,1054.3,1085.0,2.91,1.0,1239.0,1016.0
GWFD83,8/17/2026,1065.0,1065.0,1065.0,1065.0,0.0,25.0,1239.0,1016.0
GWFD83,8/24/2026,1034.0,1034.0,1034.0,1034.0,0.0,14.0,1239.0,1016.0
GWFD83,8/25/2026,1034.0,1035.0,1034.0,1035.0,0.1,50.0,1239.0,1016.0
GWFD83,8/31/2026,1027.0,1027.0,1016.2,1016.2,-1.05,400.0,1239.0,1016.0
GWFD83,9/1/2026,1016.3,1016.3,1016.0,1016.0,-0.03,96.0,1239.0,1016.0
GWFD83,9/2/2026,1016.0,1046.0,1016.0,1046.0,2.95,11.0,1239.0,1016.0
GWFD83,9/7/2026,1020.1,1020.1,1020.1,1020.1,0.0,10.0,1239.0,1016.0
GWFD83,9/10/2026,1020.6,1020.6,1018.2,1018.2,-0.24,196.0,1239.0,1016.0
GWFD83,9/11/2026,1018.2,1049.6,1018.2,1049.6,3.08,16.0,1239.0,1016.0
GWFD83,9/15/2026,1030.0,1030.0,1025.1,1045.0,1.46,482.0,1239.0,1016.0
GWFD83,9/24/2026,1042.0,1042.0,1042.0,1042.0,0.0,63.0,1239.0,1016.0
H8020,1/26/2026,11.25,11.7,11.25,11.6,,882645.0,13.18,10.0
H8020,1/27/2026,11.37,11.45,11.37,11.45,-1.29,700.0,13.18,10.0
H8020,1/28/2026,11.45,11.57,11.33,11.41,-0.35,6350.0,13.18,10.0
H8020,1/29/2026,11.31,11.72,11.31,11.51,0.88,4800.0,13.18,10.0
H8020,2/1/2026,11.32,11.63,11.32,11.55,0.35,3350.0,13.18,10.0
H8020,2/2/2026,11.36,11.65,11.36,11.6,0.43,18027.0,13.18,10.0
H8020,2/3/2026,11.8,11.8,11.57,11.57,-0.26,20441.0,13.18,10.0
H8020,2/4/2026,11.4,11.63,11.4,11.62,0.43,3000.0,13.18,10.0
H8020,2/5/2026,11.4,11.53,11.4,11.42,-1.72,1550.0,13.18,10.0
H8020,2/8/2026,11.2,11.64,11.2,11.38,-0.35,3900.0,13.18,10.0
H8020,2/9/2026,11.25,11.5,11.25,11.5,1.05,5400.0,13.18,10.0
H8020,2/10/2026,11.73,11.73,11.51,11.7,1.74,5420.0,13.18,10.0
H8020,2/11/2026,11.7,11.9,11.41,11.65,-0.43,31500.0,13.18,10.0
H8020,2/12/2026,11.65,11.88,11.42,11.42,-1.97,15100.0,13.18,10.0
H8020,2/16/2026,11.2,11.68,11.2,11.45,0.26,27900.0,13.18,10.0
H8020,2/17/2026,11.32,11.54,11.32,11.41,-0.35,3410.0,13.18,10.0
H8020,2/22/2026,11.41,11.63,11.41,11.42,0.09,27100.0,13.18,10.0
H8020,2/23/2026,11.3,11.52,11.3,11.5,0.7,117091.0,13.18,10.0
H8020,2/24/2026,11.3,11.5,11.3,11.5,0.0,400.0,13.18,10.0
H8020,2/25/2026,11.28,11.73,11.28,11.73,2.0,3900.0,13.18,10.0
H8020,2/26/2026,11.52,11.55,11.52,11.52,-1.79,1200.0,13.18,10.0
H8020,2/27/2026,11.52,11.55,11.52,11.52,0.0,1200.0,13.18,10.0
H8020,2/28/2026,11.52,11.55,11.52,11.52,0.0,1200.0,13.18,10.0
H8020,3/2/2026,11.7,11.75,11.6,11.62,0.87,4600.0,13.18,10.0
H8020,3/3/2026,11.85,11.95,11.6,11.95,2.84,7350.0,13.18,10.0
H8020,3/4/2026,11.85,11.95,11.6,11.95,0.0,7350.0,13.18,10.0
H8020,3/5/2026,11.85,11.95,11.6,11.95,0.0,7350.0,13.18,10.0
H8020,3/6/2026,11.85,11.95,11.6,11.95,0.0,7350.0,13.18,10.0
H8020,3/7/2026,11.85,11.95,11.6,11.95,0.0,7350.0,13.18,10.0
H8020,3/8/2026,11.85,11.95,11.6,11.95,0.0,7350.0,13.18,10.0
H8020,3/10/2026,11.73,11.9,11.73,11.8,-1.26,3400.0,13.18,10.0
H8020,3/11/2026,11.75,11.95,11.75,11.81,0.08,22750.0,13.18,10.0
H8020,3/12/2026,12.04,12.04,11.73,11.81,0.0,1288.0,13.18,10.0
H8020,3/13/2026,12.04,12.04,11.73,11.81,0.0,1288.0,13.18,10.0
H8020,3/14/2026,12.04,12.04,11.73,11.81,0.0,1288.0,13.18,10.0
H8020,3/15/2026,11.75,11.92,11.75,11.81,0.0,12660.0,13.18,10.0
H8020,3/16/2026,11.76,11.92,11.62,11.62,-1.61,17100.0,13.18,10.0
H8020,3/17/2026,11.55,11.77,11.55,11.55,-0.6,34925.0,13.18,10.0
H8020,3/18/2026,11.55,11.77,11.55,11.55,0.0,34925.0,13.18,10.0
H8020,3/19/2026,11.61,11.78,11.44,11.68,1.13,12910.0,13.18,10.0
H8020,3/20/2026,11.61,11.78,11.44,11.68,0.0,12910.0,13.18,10.0
H8020,3/21/2026,11.61,11.78,11.44,11.68,0.0,12910.0,13.18,10.0
H8020,3/22/2026,11.45,11.91,11.45,11.9,1.88,31480.0,13.18,10.0
H8020,3/23/2026,11.68,11.8,11.67,11.69,-1.76,7600.0,13.18,10.0
H8020,3/24/2026,11.51,12.0,11.5,11.75,0.51,20592.0,13.18,10.0
H8020,3/25/2026,11.57,12.16,11.57,12.0,2.13,253900.0,13.18,10.0
H8020,3/26/2026,12.16,12.16,11.92,12.0,-1.32,6600.0,13.18,10.0
H8020,3/29/2026,12.12,12.12,11.78,11.9,-1.82,16100.0,13.18,10.0
H8020,3/30/2026,11.78,12.0,11.78,11.8,0.17,26100.0,13.18,10.0
H8020,3/31/2026,11.6,11.84,11.58,11.63,0.26,9489.0,13.18,10.0
H8020,4/1/2026,11.41,11.78,11.41,11.54,1.14,22875.0,13.18,10.0
H8020,4/2/2026,11.45,11.67,11.4,11.4,-0.44,2300.0,13.18,10.0
H8020,4/5/2026,11.31,11.4,11.31,11.31,0.0,6500.0,13.18,10.0
H8020,4/6/2026,11.2,11.75,11.2,11.52,2.86,14713.0,13.18,10.0
H8020,4/7/2026,11.35,11.93,11.22,11.93,5.11,4600.0,13.18,10.0
H8020,4/8/2026,11.7,11.7,11.7,11.7,0.0,300.0,13.18,10.0
H8020,4/9/2026,11.47,11.93,11.47,11.5,0.26,14093.0,13.18,10.0
H8020,4/10/2026,11.5,11.95,11.5,11.9,3.48,3220.0,13.18,10.0
H8020,4/13/2026,11.73,12.03,11.73,11.88,1.28,9075.0,13.18,10.0
H8020,4/15/2026,11.66,12.11,11.66,12.0,2.92,4200.0,13.18,10.0
H8020,4/16/2026,11.95,12.0,11.81,11.9,-0.42,7700.0,13.18,10.0
H8020,4/17/2026,11.75,12.0,11.75,11.82,0.6,3500.0,13.18,10.0
H8020,4/20/2026,12.0,12.1,11.9,12.0,0.0,14083.0,13.18,10.0
H8020,4/21/2026,11.72,12.0,11.72,11.9,1.54,3600.0,13.18,10.0
H8020,4/22/2026,11.8,12.0,11.75,12.0,1.69,6305.0,13.18,10.0
H8020,4/23/2026,12.1,12.1,11.86,11.95,-1.24,2050.0,13.18,10.0
H8020,4/24/2026,11.95,12.1,11.72,11.91,-0.33,1900.0,13.18,10.0
H8020,4/27/2026,11.91,12.0,11.7,12.0,0.76,2600.0,13.18,10.0
H8020,4/28/2026,12.0,12.0,11.68,11.71,-2.42,8980.0,13.18,10.0
H8020,4/29/2026,11.71,11.74,11.4,11.65,-0.51,11500.0,13.18,10.0
H8020,4/30/2026,11.51,11.85,11.51,11.51,0.0,7127.0,13.18,10.0
H8020,5/4/2026,11.51,11.63,11.21,11.63,1.04,21150.0,13.18,10.0
H8020,5/5/2026,11.4,12.0,11.3,11.34,-0.53,8650.0,13.18,10.0
H8020,5/6/2026,11.3,11.47,11.26,11.26,-0.35,2600.0,13.18,10.0
H8020,5/7/2026,11.26,12.0,11.26,11.64,3.37,1415.0,13.18,10.0
H8020,5/8/2026,11.7,11.7,11.37,11.37,-2.82,401.0,13.18,10.0
H8020,5/11/2026,11.36,11.71,11.22,11.71,3.08,3400.0,13.18,10.0
H8020,5/12/2026,11.52,11.57,11.52,11.57,0.43,1000.0,13.18,10.0
H8020,5/13/2026,11.9,11.9,11.58,11.58,-2.69,3800.0,13.18,10.0
H8020,5/14/2026,11.58,11.9,11.49,11.9,2.76,2600.0,13.18,10.0
H8020,5/15/2026,11.55,11.89,11.55,11.66,0.95,13035.0,13.18,10.0
H8020,5/18/2026,11.65,11.9,11.65,11.9,2.15,1990.0,13.18,10.0
H8020,5/19/2026,11.8,12.0,11.68,12.0,1.69,930.0,13.18,10.0
H8020,5/20/2026,11.7,12.0,11.7,11.85,1.28,4763.0,13.18,10.0
H8020,5/21/2026,11.72,12.14,11.72,12.14,3.58,4400.0,13.18,10.0
H8020,5/22/2026,11.78,12.13,11.64,11.98,1.7,12400.0,13.18,10.0
H8020,5/25/2026,12.33,12.33,11.81,11.83,-4.06,231835.0,13.18,10.0
H8020,5/26/2026,11.84,12.0,11.76,12.0,1.35,20900.0,13.18,10.0
H8020,5/27/2026,11.75,12.56,11.75,12.25,4.26,37450.0,13.18,10.0
H8020,6/1/2026,12.0,12.36,11.66,11.99,-0.08,19550.0,13.18,10.0
H8020,6/2/2026,12.0,12.05,11.7,11.99,-0.08,6900.0,13.18,10.0
H8020,6/3/2026,11.99,12.2,11.8,11.87,-1.0,11586.0,13.18,10.0
H8020,6/4/2026,11.59,12.2,11.59,12.1,4.4,275300.0,13.18,10.0
H8020,6/5/2026,11.8,12.16,11.8,12.16,3.05,1300.0,13.18,10.0
H8020,6/8/2026,11.87,11.88,11.87,11.88,0.08,250.0,13.18,10.0
H8020,6/9/2026,11.54,11.88,11.54,11.88,2.95,1970.0,13.18,10.0
H8020,6/10/2026,11.63,11.8,11.63,11.65,0.17,1000.0,13.18,10.0
H8020,6/11/2026,11.65,11.97,11.4,11.75,0.86,261800.0,13.18,10.0
H8020,6/12/2026,11.5,11.8,11.5,11.6,0.87,60400.0,13.18,10.0
H8020,6/15/2026,11.58,11.85,11.58,11.7,1.04,1352532.0,13.18,10.0
H8020,6/16/2026,11.6,11.75,11.6,11.75,1.29,5251.0,13.18,10.0
H8020,6/17/2026,11.75,11.97,11.63,11.97,1.87,332421.0,13.18,10.0
H8020,6/18/2026,11.63,12.32,11.63,12.32,5.93,1100.0,13.18,10.0
H8020,6/19/2026,11.96,11.96,11.96,11.96,0.0,1350.0,13.18,10.0
H8020,6/22/2026,11.96,12.31,11.61,12.31,2.93,3840.0,13.18,10.0
H8020,6/23/2026,11.95,12.0,11.95,12.0,0.42,1910.0,13.18,10.0
H8020,6/24/2026,12.0,12.0,11.49,11.53,-3.92,2600.0,13.18,10.0
H8020,6/26/2026,11.5,11.61,11.5,11.5,0.0,11499.0,13.18,10.0
H8020,6/29/2026,11.5,11.6,11.32,11.35,-1.3,1036981.0,13.18,10.0
H8020,6/30/2026,11.11,11.78,11.11,11.35,2.16,502900.0,13.18,10.0
H8020,7/1/2026,11.35,11.58,11.25,11.35,0.0,1200.0,13.18,10.0
H8020,7/2/2026,11.36,12.19,11.36,11.95,5.19,26777.0,13.18,10.0
H8020,7/3/2026,11.65,11.95,11.65,11.95,2.58,400.0,13.18,10.0
H8020,7/6/2026,11.62,11.62,11.62,11.62,0.0,200.0,13.18,10.0
H8020,7/7/2026,11.04,11.9,11.04,11.9,7.79,1650.0,13.18,10.0
H8020,7/8/2026,11.65,12.12,11.65,12.12,4.03,2264.0,13.18,10.0
H8020,7/9/2026,11.76,11.76,11.65,11.65,-0.94,700.0,13.18,10.0
H8020,7/10/2026,11.65,11.95,11.65,11.8,1.29,22706.0,13.18,10.0
H8020,7/13/2026,11.45,11.7,11.45,11.7,2.18,1220.0,13.18,10.0
H8020,7/14/2026,11.5,11.56,11.5,11.55,0.43,3030.0,13.18,10.0
H8020,7/15/2026,11.55,12.15,11.55,12.0,3.9,3060.0,13.18,10.0
H8020,7/16/2026,11.65,11.65,11.65,11.65,0.0,10000.0,13.18,10.0
H8020,7/17/2026,11.35,11.72,11.35,11.72,3.26,550.0,13.18,10.0
H8020,7/20/2026,11.55,11.62,11.55,11.62,0.61,800.0,13.18,10.0
H8020,7/21/2026,11.56,11.97,11.56,11.97,3.55,2300.0,13.18,10.0
H8020,7/22/2026,11.97,12.3,11.97,12.3,2.76,469.0,13.18,10.0
H8020,7/23/2026,12.3,12.3,11.8,12.0,-2.44,4456.0,13.18,10.0
H8020,7/24/2026,12.0,12.3,12.0,12.0,0.0,1530.0,13.18,10.0
H8020,7/27/2026,11.8,11.81,11.8,11.81,0.08,1000.0,13.18,10.0
H8020,7/28/2026,11.7,12.1,11.7,11.81,0.94,800.0,13.18,10.0
H8020,7/29/2026,11.7,11.81,11.7,11.7,0.0,3200.0,13.18,10.0
H8020,7/30/2026,11.7,11.7,11.65,11.7,0.0,3700.0,13.18,10.0
H8020,7/31/2026,11.8,11.8,11.49,11.63,-1.44,800.0,13.18,10.0
H8020,8/3/2026,11.62,11.7,11.62,11.7,0.69,400.0,13.18,10.0
H8020,8/4/2026,12.05,12.29,11.94,12.24,1.58,22090.0,13.18,10.0
H8020,8/5/2026,12.0,12.3,11.9,12.0,0.0,33705.0,13.18,10.0
H8020,8/6/2026,11.75,12.26,11.75,12.2,3.83,10858.0,13.18,10.0
H8020,8/7/2026,11.9,12.2,11.86,12.2,2.52,3900.0,13.18,10.0
H8020,8/10/2026,12.0,12.26,12.0,12.01,0.08,1200.0,13.18,10.0
H8020,8/11/2026,12.0,12.0,11.67,11.67,-2.75,700.0,13.18,10.0
H8020,8/12/2026,11.72,12.07,11.72,12.07,2.99,600.0,13.18,10.0
H8020,8/13/2026,11.71,12.0,11.71,11.8,0.77,700.0,13.18,10.0
H8020,8/14/2026,11.8,11.8,11.8,11.8,0.0,300.0,13.18,10.0
H8020,8/17/2026,11.8,12.0,11.8,12.0,1.69,2305.0,13.18,10.0
H8020,8/18/2026,11.78,12.0,11.78,12.0,1.87,2100.0,13.18,10.0
H8020,8/19/2026,11.79,11.79,11.79,11.79,0.0,200.0,13.18,10.0
H8020,8/20/2026,11.8,11.8,11.8,11.8,0.0,5785.0,13.18,10.0
H8020,8/21/2026,12.0,12.36,11.75,12.0,0.0,10300.0,13.18,10.0
H8020,8/24/2026,12.0,12.0,12.0,12.0,0.0,6000.0,13.18,10.0
H8020,8/25/2026,12.1,12.21,12.1,12.19,0.74,133620.0,13.18,10.0
H8020,8/26/2026,11.95,11.97,11.95,11.96,0.08,20100.0,13.18,10.0
H8020,8/27/2026,11.95,12.1,11.64,11.74,-1.76,14670.0,13.18,10.0
H8020,8/31/2026,11.7,12.02,11.7,11.7,0.0,42830.0,13.18,10.0
H8020,9/1/2026,11.7,11.94,11.6,11.65,-0.43,31240.0,13.18,10.0
H8020,9/2/2026,11.6,11.62,11.6,11.62,0.17,500.0,13.18,10.0
H8020,9/3/2026,11.96,13.18,11.9,12.0,0.33,3678997.0,13.18,10.0
H8020,9/7/2026,12.0,12.5,12.0,12.48,4.0,89141.0,13.18,10.0
H8020,9/9/2026,12.12,12.4,12.0,12.02,-0.83,103255.0,13.18,10.0
H8020,9/10/2026,11.9,12.2,11.9,12.2,2.52,51342.0,13.18,10.0
H8020,9/11/2026,12.5,12.5,12.12,12.4,-0.8,39956.0,13.18,10.0
H8020,9/14/2026,12.4,12.49,12.21,12.48,0.65,79240.0,13.18,10.0
H8020,9/15/2026,12.35,12.49,12.22,12.33,-0.16,108436.0,13.18,10.0
H8020,9/16/2026,12.43,12.48,12.2,12.4,-0.24,183008.0,13.18,10.0
H8020,9/17/2026,12.4,12.77,12.4,12.55,1.21,29430.0,13.18,10.0
H8020,9/18/2026,12.5,12.55,12.5,12.52,0.16,14300.0,13.18,10.0
H8020,9/22/2026,11.02,11.18,10.75,11.0,-0.18,94422.0,13.18,10.0
H8020,9/23/2026,10.95,11.1,10.8,10.9,-0.46,44352.0,13.18,10.0
H8020,9/24/2026,10.91,11.1,10.9,11.1,1.74,70648.0,13.18,10.0
H8020,9/28/2026,10.91,11.0,10.6,11.0,0.82,49100.0,13.18,10.0
H8020,9/29/2026,10.95,11.0,10.91,0.0,-100.0,17664.0,13.18,10.0
H8020,9/30/2026,11.05,11.05,10.94,10.94,-1.0,18717.0,13.18,10.0
H8020,10/1/2026,11.0,11.04,10.94,11.04,0.36,59065.0,13.18,10.0
H8020,10/2/2026,11.04,11.1,11.04,11.1,0.54,34200.0,13.18,10.0
HATHY,12/21/2025,909.0,909.0,890.0,896.0,,9962.0,1050.0,385.0
HATHY,12/22/2025,892.0,900.9,888.0,890.0,-0.67,5478.0,1050.0,385.0
HATHY,12/23/2025,890.0,900.0,883.0,889.0,-0.11,7667.0,1050.0,385.0
HATHY,12/24/2025,890.0,896.0,885.1,886.9,-0.24,5197.0,1050.0,385.0
HATHY,12/28/2025,898.0,903.0,890.0,903.0,1.82,9968.0,1050.0,385.0
HATHY,12/29/2025,914.9,914.9,892.1,900.0,-0.33,11075.0,1050.0,385.0
HATHY,12/31/2025,900.0,910.0,888.0,888.0,-1.33,17405.0,1050.0,385.0
HATHY,1/1/2026,904.0,904.0,880.0,887.0,-0.11,15079.0,1050.0,385.0
HATHY,1/4/2026,898.0,898.0,876.0,879.0,-0.9,10512.0,1050.0,385.0
HATHY,1/5/2026,876.0,909.0,876.0,909.0,3.41,18990.0,1050.0,385.0
HATHY,1/6/2026,915.0,927.1,900.0,905.0,-0.44,11367.0,1050.0,385.0
HATHY,1/7/2026,905.0,910.0,895.1,895.1,-1.09,5148.0,1050.0,385.0
HATHY,1/8/2026,890.0,900.0,885.0,891.0,-0.46,7483.0,1050.0,385.0
HATHY,1/12/2026,883.0,895.0,880.0,884.0,-0.79,13643.0,1050.0,385.0
HATHY,1/13/2026,884.0,893.0,875.5,877.2,-0.77,11694.0,1050.0,385.0
HATHY,1/14/2026,881.5,890.0,878.0,884.0,0.78,10963.0,1050.0,385.0
HATHY,1/18/2026,890.0,899.8,889.1,896.0,1.36,7992.0,1050.0,385.0
HATHY,1/20/2026,900.0,928.2,897.0,928.0,3.57,29411.0,1050.0,385.0
HATHY,1/21/2026,939.0,939.0,910.1,916.0,-1.29,15881.0,1050.0,385.0
HATHY,1/22/2026,914.0,930.0,907.0,920.0,0.44,12579.0,1050.0,385.0
HATHY,1/25/2026,914.0,994.0,914.0,990.0,7.61,40903.0,1050.0,385.0
HATHY,1/26/2026,990.0,1008.0,962.0,976.0,-1.41,42501.0,1050.0,385.0
HATHY,1/27/2026,990.0,990.0,933.0,940.0,-3.69,23931.0,1050.0,385.0
HATHY,1/28/2026,935.0,950.1,930.0,942.0,0.21,15314.0,1050.0,385.0
HATHY,1/29/2026,932.0,949.9,932.0,932.6,-1.0,16547.0,1050.0,385.0
HATHY,2/1/2026,925.0,930.0,915.0,915.0,-1.89,11222.0,1050.0,385.0
HATHY,2/2/2026,915.0,932.5,910.0,920.0,0.55,7043.0,1050.0,385.0
HATHY,2/3/2026,902.1,924.9,902.1,914.0,-0.65,9530.0,1050.0,385.0
HATHY,2/4/2026,914.0,928.8,904.1,916.0,0.22,7373.0,1050.0,385.0
HATHY,2/5/2026,916.0,926.0,910.0,919.0,0.33,12647.0,1050.0,385.0
HATHY,2/8/2026,924.0,978.0,924.0,955.0,3.92,52848.0,1050.0,385.0
HATHY,2/9/2026,955.0,958.8,927.2,932.0,-2.41,14652.0,1050.0,385.0
HATHY,2/10/2026,930.0,934.5,915.0,920.0,-1.29,12069.0,1050.0,385.0
HATHY,2/11/2026,937.5,938.0,910.0,911.1,-0.97,11646.0,1050.0,385.0
HATHY,2/12/2026,915.1,930.0,914.0,917.0,0.65,16056.0,1050.0,385.0
HATHY,2/16/2026,914.0,919.5,903.1,907.1,-1.08,10444.0,1050.0,385.0
HATHY,2/17/2026,903.0,917.0,900.0,903.0,-0.45,12990.0,1050.0,385.0
HATHY,2/22/2026,900.0,903.0,888.0,891.9,-1.23,10927.0,1050.0,385.0
HATHY,2/23/2026,890.0,893.0,885.0,887.0,-0.55,9733.0,1050.0,385.0
HATHY,2/24/2026,890.0,896.0,887.0,895.0,0.9,4356.0,1050.0,385.0
HATHY,2/25/2026,900.0,912.9,900.0,902.0,0.78,5914.0,1050.0,385.0
HATHY,2/26/2026,909.9,912.0,891.3,904.0,0.22,7829.0,1050.0,385.0
HATHY,2/27/2026,909.9,912.0,891.3,904.0,0.0,7829.0,1050.0,385.0
HATHY,2/28/2026,909.9,912.0,891.3,904.0,0.0,7829.0,1050.0,385.0
HATHY,3/2/2026,891.0,907.0,890.0,904.0,0.0,7202.0,1050.0,385.0
HATHY,3/3/2026,904.0,920.0,900.1,919.0,1.66,5297.0,1050.0,385.0
HATHY,3/4/2026,904.0,920.0,900.1,919.0,0.0,5297.0,1050.0,385.0
HATHY,3/5/2026,904.0,920.0,900.1,919.0,0.0,5297.0,1050.0,385.0
HATHY,3/6/2026,904.0,920.0,900.1,919.0,0.0,5297.0,1050.0,385.0
HATHY,3/7/2026,904.0,920.0,900.1,919.0,0.0,5297.0,1050.0,385.0
HATHY,3/8/2026,904.0,920.0,900.1,919.0,0.0,5297.0,1050.0,385.0
HATHY,3/9/2026,937.0,994.5,937.0,994.5,8.22,385.0,1050.0,385.0
HATHY,3/10/2026,1000.0,1005.0,949.7,972.0,-2.26,40680.0,1050.0,385.0
HATHY,3/11/2026,977.9,977.9,945.0,946.0,-2.67,17657.0,1050.0,385.0
HATHY,3/12/2026,930.0,964.0,929.0,950.0,0.42,10370.0,1050.0,385.0
HATHY,3/13/2026,930.0,964.0,929.0,950.0,0.0,10370.0,1050.0,385.0
HATHY,3/14/2026,930.0,964.0,929.0,950.0,0.0,10370.0,1050.0,385.0
HATHY,3/15/2026,950.0,958.0,936.0,940.0,-1.05,11734.0,1050.0,385.0
HATHY,3/16/2026,949.0,949.0,930.1,933.0,-0.74,6574.0,1050.0,385.0
HATHY,3/17/2026,920.1,938.5,920.1,926.0,-0.75,6693.0,1050.0,385.0
HATHY,3/18/2026,920.1,938.5,920.1,926.0,0.0,6693.0,1050.0,385.0
HATHY,3/19/2026,936.0,960.0,930.0,951.0,2.7,17944.0,1050.0,385.0
HATHY,3/20/2026,936.0,960.0,930.0,951.0,0.0,17944.0,1050.0,385.0
HATHY,3/21/2026,936.0,960.0,930.0,951.0,0.0,17944.0,1050.0,385.0
HATHY,3/22/2026,961.0,974.1,945.0,971.5,2.16,24777.0,1050.0,385.0
HATHY,3/23/2026,980.0,980.0,952.0,970.0,-0.15,21547.0,1050.0,385.0
HATHY,3/24/2026,972.5,977.9,960.0,960.3,-1.0,14980.0,1050.0,385.0
HATHY,3/25/2026,965.0,965.0,940.0,940.6,-2.05,19361.0,1050.0,385.0
HATHY,3/26/2026,940.0,955.0,935.0,955.0,1.6,11914.0,1050.0,385.0
HATHY,3/29/2026,935.9,977.0,926.1,934.0,-0.2,15183.0,1050.0,385.0
HATHY,3/30/2026,928.1,943.0,912.0,923.8,-0.46,14877.0,1050.0,385.0
HATHY,3/31/2026,910.0,926.3,907.3,921.1,1.22,11166.0,1050.0,385.0
HATHY,4/1/2026,905.0,930.0,902.0,910.0,0.55,13691.0,1050.0,385.0
HATHY,4/2/2026,900.0,914.9,891.8,901.0,0.11,10255.0,1050.0,385.0
HATHY,4/5/2026,885.0,895.0,860.6,860.7,-2.75,12474.0,1050.0,385.0
HATHY,4/6/2026,861.0,890.0,861.0,880.0,2.21,17054.0,1050.0,385.0
HATHY,4/7/2026,892.0,917.0,873.0,876.0,-1.79,12814.0,1050.0,385.0
HATHY,4/8/2026,885.0,898.0,873.0,897.0,1.36,10096.0,1050.0,385.0
HATHY,4/9/2026,913.0,913.0,886.1,900.1,-1.41,10496.0,1050.0,385.0
HATHY,4/10/2026,886.6,906.5,886.6,888.7,0.24,6753.0,1050.0,385.0
HATHY,4/13/2026,890.0,900.0,886.2,890.0,0.0,8952.0,1050.0,385.0
HATHY,4/15/2026,890.0,903.8,890.0,898.0,0.9,8166.0,1050.0,385.0
HATHY,4/16/2026,900.0,900.0,886.0,890.0,-1.11,6877.0,1050.0,385.0
HATHY,4/17/2026,880.0,885.0,872.2,878.0,-0.23,15211.0,1050.0,385.0
HATHY,4/20/2026,877.0,880.0,855.1,868.0,-1.03,12612.0,1050.0,385.0
HATHY,4/21/2026,868.0,874.9,860.0,864.9,-0.36,5849.0,1050.0,385.0
HATHY,4/22/2026,863.0,870.0,851.0,861.2,-0.21,12449.0,1050.0,385.0
HATHY,4/23/2026,861.2,868.9,855.1,860.0,-0.14,6588.0,1050.0,385.0
HATHY,4/24/2026,845.1,857.0,840.0,853.0,0.93,12621.0,1050.0,385.0
HATHY,4/27/2026,853.0,853.0,835.6,845.0,-0.94,5725.0,1050.0,385.0
HATHY,4/28/2026,845.0,845.0,835.0,835.0,-1.18,10576.0,1050.0,385.0
HATHY,4/29/2026,876.0,876.0,822.3,826.0,-5.71,4852.0,1050.0,385.0
HATHY,4/30/2026,829.0,829.0,800.0,814.0,-1.81,8882.0,1050.0,385.0
HATHY,5/4/2026,810.0,810.0,800.0,801.9,-1.0,5733.0,1050.0,385.0
HATHY,5/5/2026,795.0,810.0,790.0,800.0,0.63,5386.0,1050.0,385.0
HATHY,5/6/2026,805.0,812.0,800.0,802.0,-0.37,3162.0,1050.0,385.0
HATHY,5/7/2026,795.6,813.0,795.0,806.0,1.31,3453.0,1050.0,385.0
HATHY,5/8/2026,808.0,819.0,802.0,816.0,0.99,4417.0,1050.0,385.0
HATHY,5/11/2026,815.0,832.0,815.0,824.0,1.1,5920.0,1050.0,385.0
HATHY,5/12/2026,830.0,834.0,810.0,810.0,-2.41,9009.0,1050.0,385.0
HATHY,5/13/2026,810.0,815.0,805.0,805.0,-0.62,2905.0,1050.0,385.0
HATHY,5/14/2026,805.0,805.0,798.0,799.0,-0.75,3834.0,1050.0,385.0
HATHY,5/15/2026,800.0,804.0,790.0,790.2,-1.22,4976.0,1050.0,385.0
HATHY,5/18/2026,786.1,786.1,772.1,781.6,-0.57,8499.0,1050.0,385.0
HATHY,5/19/2026,781.6,781.6,775.0,777.0,-0.59,4998.0,1050.0,385.0
HATHY,5/20/2026,788.0,803.5,771.1,802.9,1.89,5350.0,1050.0,385.0
HATHY,5/21/2026,814.0,814.0,795.0,799.9,-1.73,3795.0,1050.0,385.0
HATHY,5/22/2026,799.9,808.0,795.0,799.0,-0.11,3567.0,1050.0,385.0
HATHY,5/25/2026,810.9,810.9,803.0,805.7,-0.64,4445.0,1050.0,385.0
HATHY,5/26/2026,816.0,816.0,800.0,800.0,-1.96,5323.0,1050.0,385.0
HATHY,5/27/2026,800.0,803.0,794.0,800.0,0.0,5632.0,1050.0,385.0
HATHY,6/1/2026,804.0,804.0,785.0,786.0,-2.24,2931.0,1050.0,385.0
HATHY,6/2/2026,825.0,825.0,770.0,791.0,-4.12,5322.0,1050.0,385.0
HATHY,6/3/2026,790.0,803.0,780.0,788.0,-0.25,7939.0,1050.0,385.0
HATHY,6/4/2026,798.5,798.9,784.0,791.0,-0.94,2787.0,1050.0,385.0
HATHY,6/5/2026,791.0,791.0,780.0,787.0,-0.51,4509.0,1050.0,385.0
HATHY,6/8/2026,781.0,781.0,772.0,777.0,-0.51,4999.0,1050.0,385.0
HATHY,6/9/2026,777.0,780.0,755.0,773.1,-0.5,15109.0,1050.0,385.0
HATHY,6/10/2026,776.0,780.4,768.0,774.0,-0.26,2349.0,1050.0,385.0
HATHY,6/11/2026,774.0,778.0,761.1,770.0,-0.52,4910.0,1050.0,385.0
HATHY,6/12/2026,770.0,785.0,770.0,773.1,0.4,4697.0,1050.0,385.0
HATHY,6/15/2026,775.0,779.0,767.0,775.0,0.0,2472.0,1050.0,385.0
HATHY,6/16/2026,775.0,775.0,762.0,763.1,-1.54,5290.0,1050.0,385.0
HATHY,6/17/2026,766.0,770.0,765.0,765.0,-0.13,3129.0,1050.0,385.0
HATHY,6/18/2026,765.0,769.9,758.1,765.0,0.0,3707.0,1050.0,385.0
HATHY,6/19/2026,774.5,774.9,760.1,763.0,-1.48,2955.0,1050.0,385.0
HATHY,6/22/2026,760.0,760.0,753.0,756.0,-0.53,4939.0,1050.0,385.0
HATHY,6/23/2026,793.8,793.8,735.0,745.0,-6.15,7392.0,1050.0,385.0
HATHY,6/24/2026,754.0,754.0,730.6,737.0,-2.25,5757.0,1050.0,385.0
HATHY,6/26/2026,740.0,740.0,722.0,722.0,-2.43,6784.0,1050.0,385.0
HATHY,6/29/2026,722.0,722.0,704.0,711.0,-1.52,6238.0,1050.0,385.0
HATHY,6/30/2026,720.0,720.0,683.8,687.0,-4.58,9658.0,1050.0,385.0
HATHY,7/1/2026,671.0,715.8,671.0,713.9,6.39,7042.0,1050.0,385.0
HATHY,7/2/2026,715.0,715.0,695.0,705.0,-1.4,2817.0,1050.0,385.0
HATHY,7/3/2026,705.0,714.8,700.0,701.0,-0.57,4617.0,1050.0,385.0
HATHY,7/6/2026,701.0,712.0,696.0,697.0,-0.57,8560.0,1050.0,385.0
HATHY,7/7/2026,700.0,703.0,691.2,703.0,0.43,5570.0,1050.0,385.0
HATHY,7/8/2026,700.0,745.0,681.1,703.0,0.43,8237.0,1050.0,385.0
HATHY,7/9/2026,691.0,696.0,667.0,689.9,-0.16,6267.0,1050.0,385.0
HATHY,7/10/2026,675.0,693.0,675.0,689.8,2.19,3429.0,1050.0,385.0
HATHY,7/13/2026,681.0,690.0,673.0,679.9,-0.16,4910.0,1050.0,385.0
HATHY,7/14/2026,665.1,690.0,662.0,690.0,3.74,3689.0,1050.0,385.0
HATHY,7/15/2026,699.0,699.0,672.1,672.2,-3.83,6928.0,1050.0,385.0
HATHY,7/16/2026,675.0,675.0,660.0,672.9,-0.31,6428.0,1050.0,385.0
HATHY,7/17/2026,675.0,720.0,675.0,720.0,6.67,10866.0,1050.0,385.0
HATHY,7/20/2026,720.0,782.0,720.0,782.0,8.61,11632.0,1050.0,385.0
HATHY,7/21/2026,785.0,785.0,750.0,770.0,-1.91,30191.0,1050.0,385.0
HATHY,7/22/2026,770.0,770.0,730.5,755.0,-1.95,9728.0,1050.0,385.0
HATHY,7/23/2026,767.0,767.0,744.2,757.9,-1.19,3251.0,1050.0,385.0
HATHY,7/24/2026,759.0,780.0,750.0,755.0,-0.53,11987.0,1050.0,385.0
HATHY,7/27/2026,750.0,759.0,725.0,737.0,-1.73,10058.0,1050.0,385.0
HATHY,7/28/2026,737.0,740.0,720.0,721.0,-2.17,5096.0,1050.0,385.0
HATHY,7/29/2026,742.6,742.6,703.4,726.0,-2.24,3398.0,1050.0,385.0
HATHY,7/30/2026,726.0,739.0,711.0,712.0,-1.93,3152.0,1050.0,385.0
HATHY,7/31/2026,727.0,727.0,702.0,714.0,-1.79,4107.0,1050.0,385.0
HATHY,8/3/2026,701.0,722.0,697.0,705.0,0.57,5364.0,1050.0,385.0
HATHY,8/4/2026,690.1,702.0,685.9,692.0,0.28,3739.0,1050.0,385.0
HATHY,8/5/2026,726.0,726.0,680.0,696.0,-4.13,4134.0,1050.0,385.0
HATHY,8/6/2026,681.0,696.9,681.0,685.9,0.72,2640.0,1050.0,385.0
HATHY,8/7/2026,681.2,694.5,681.0,693.0,1.73,4014.0,1050.0,385.0
HATHY,8/10/2026,705.0,705.0,680.0,680.0,-3.55,7602.0,1050.0,385.0
HATHY,8/11/2026,646.0,705.0,646.0,680.0,5.26,7526.0,1050.0,385.0
HATHY,8/12/2026,681.0,695.0,673.0,676.0,-0.73,4187.0,1050.0,385.0
HATHY,8/13/2026,676.0,684.9,676.0,677.0,0.15,1764.0,1050.0,385.0
HATHY,8/14/2026,678.2,683.0,676.0,677.0,-0.18,4648.0,1050.0,385.0
HATHY,8/17/2026,677.0,677.0,646.0,652.6,-3.6,15034.0,1050.0,385.0
HATHY,8/18/2026,658.0,668.0,615.0,618.9,-5.94,34935.0,1050.0,385.0
HATHY,8/19/2026,618.5,618.5,595.0,603.2,-2.47,22168.0,1050.0,385.0
HATHY,8/20/2026,606.0,606.0,580.0,581.0,-4.13,22871.0,1050.0,385.0
HATHY,8/21/2026,581.0,610.0,577.0,610.0,4.99,18238.0,1050.0,385.0
HATHY,8/24/2026,612.0,630.3,590.1,630.3,2.99,15298.0,1050.0,385.0
HATHY,8/25/2026,630.0,633.4,600.0,633.4,0.54,18050.0,1050.0,385.0
HATHY,8/26/2026,615.0,628.0,605.0,621.0,0.98,8858.0,1050.0,385.0
HATHY,8/27/2026,606.0,625.5,588.0,625.5,3.22,10850.0,1050.0,385.0
HATHY,8/31/2026,620.0,620.0,590.0,600.0,-3.23,10350.0,1050.0,385.0
HATHY,9/1/2026,590.0,618.0,590.0,617.4,4.64,15410.0,1050.0,385.0
HATHY,9/2/2026,603.0,616.5,600.0,609.0,1.0,7782.0,1050.0,385.0
HATHY,9/3/2026,607.0,609.0,595.1,609.0,0.33,7502.0,1050.0,385.0
HATHY,9/7/2026,609.0,610.0,590.1,594.5,-2.38,9650.0,1050.0,385.0
HATHY,9/9/2026,591.2,591.2,570.1,575.0,-2.74,17339.0,1050.0,385.0
HATHY,9/10/2026,575.0,612.0,545.0,576.9,0.33,22877.0,1050.0,385.0
HATHY,9/11/2026,570.3,609.0,559.6,609.0,6.79,21134.0,1050.0,385.0
HATHY,9/14/2026,609.0,609.0,567.5,595.0,-2.3,12261.0,1050.0,385.0
HATHY,9/15/2026,624.0,624.0,596.0,612.0,-1.92,31802.0,1050.0,385.0
HATHY,9/16/2026,612.0,614.0,594.0,606.0,-0.98,12575.0,1050.0,385.0
HATHY,9/17/2026,605.0,606.0,587.9,588.0,-2.81,18271.0,1050.0,385.0
HATHY,9/18/2026,558.6,558.6,499.8,499.8,-10.53,263471.0,1050.0,385.0
HATHY,9/22/2026,474.9,510.0,424.9,489.0,2.97,960079.0,1050.0,385.0
HATHY,9/23/2026,492.0,492.0,461.0,469.0,-4.67,178885.0,1050.0,385.0
HATHY,9/24/2026,470.0,470.0,443.4,452.9,-3.64,264625.0,1050.0,385.0
HATHY,9/28/2026,450.0,450.0,401.0,405.0,-10.0,480330.0,1050.0,385.0
HATHY,9/29/2026,385.0,415.0,385.0,0.0,-100.0,234295.0,1050.0,385.0
HATHY,9/30/2026,420.0,438.0,416.0,429.0,2.14,235078.0,1050.0,385.0
HATHY,10/1/2026,434.0,470.0,430.0,455.0,4.84,484743.0,1050.0,385.0
HATHY,10/2/2026,460.0,460.0,436.5,440.0,-4.35,217561.0,1050.0,385.0
HBL,4/18/2011,540.0,535.0,535.0,535.0,,216.0,237.0,183.0
HBL,4/19/2011,535.0,530.0,506.0,506.0,-5.42,828.0,237.0,183.0
HBL,4/20/2011,506.0,506.0,487.0,495.0,-2.17,1911.0,237.0,183.0
HBL,4/21/2011,495.0,500.0,490.0,490.0,-1.01,556.0,237.0,183.0
HBL,4/25/2011,490.0,499.0,498.0,499.0,1.84,104.0,237.0,183.0
HBL,4/27/2011,499.0,495.0,490.0,495.0,-0.8,515.0,237.0,183.0
HBL,4/28/2011,495.0,490.0,486.0,490.0,-1.01,337.0,237.0,183.0
HBL,5/2/2011,490.0,490.0,482.0,482.0,-1.63,289.0,237.0,183.0
HBL,5/3/2011,482.0,490.0,464.0,464.0,-3.73,1699.0,237.0,183.0
HBL,5/5/2011,464.0,474.0,473.0,474.0,2.16,91.0,237.0,183.0
HBL,5/8/2011,474.0,481.0,465.0,481.0,1.48,462.0,237.0,183.0
HBL,5/9/2011,481.0,494.0,485.0,494.0,2.7,324.0,237.0,183.0
HBL,5/10/2011,494.0,508.0,500.0,505.0,2.23,454.0,237.0,183.0
HBL,5/11/2011,505.0,525.0,508.0,520.0,2.97,1099.0,237.0,183.0
HBL,5/12/2011,520.0,529.0,521.0,521.0,0.19,580.0,237.0,183.0
HBL,5/15/2011,521.0,555.0,530.0,555.0,6.53,401.0,237.0,183.0
HBL,5/16/2011,555.0,566.0,550.0,560.0,0.9,913.0,237.0,183.0
HBL,5/18/2011,560.0,565.0,549.0,550.0,-1.79,544.0,237.0,183.0
HBL,5/19/2011,550.0,551.0,549.0,549.0,-0.18,403.0,237.0,183.0
HBL,5/22/2011,549.0,559.0,545.0,558.0,1.64,354.0,237.0,183.0
HBL,5/23/2011,558.0,565.0,554.0,554.0,-0.72,266.0,237.0,183.0
HBL,5/25/2011,554.0,550.0,540.0,540.0,-2.53,223.0,237.0,183.0
HBL,5/26/2011,540.0,550.0,550.0,550.0,1.85,100.0,237.0,183.0
HBL,5/31/2011,550.0,540.0,540.0,540.0,-1.82,100.0,237.0,183.0
HBL,6/1/2011,540.0,530.0,520.0,520.0,-3.7,238.0,237.0,183.0
HBL,6/2/2011,520.0,510.0,490.0,495.0,-4.81,1017.0,237.0,183.0
HBL,6/5/2011,495.0,491.0,488.0,488.0,-1.41,200.0,237.0,183.0
HBL,6/6/2011,488.0,479.0,470.0,470.0,-3.69,200.0,237.0,183.0
HBL,6/7/2011,470.0,478.0,466.0,466.0,-0.85,596.0,237.0,183.0
HBL,6/8/2011,466.0,460.0,451.0,451.0,-3.22,600.0,237.0,183.0
HBL,6/9/2011,451.0,442.0,435.0,435.0,-3.55,73.0,237.0,183.0
HBL,6/12/2011,435.0,428.0,427.0,427.0,-1.84,232.0,237.0,183.0
HBL,6/13/2011,427.0,420.0,402.0,402.0,-5.85,1615.0,237.0,183.0
HBL,6/14/2011,402.0,395.0,385.0,385.0,-4.23,929.0,237.0,183.0
HBL,6/15/2011,385.0,385.0,380.0,385.0,0.0,677.0,237.0,183.0
HBL,6/16/2011,385.0,399.0,392.0,399.0,3.64,726.0,237.0,183.0
HBL,6/19/2011,399.0,414.0,406.0,414.0,3.76,25.0,237.0,183.0
HBL,6/20/2011,399.0,414.0,406.0,414.0,0.0,25.0,237.0,183.0
HBL,6/23/2011,414.0,430.0,422.0,430.0,3.86,1643.0,237.0,183.0
HBL,6/26/2011,430.0,473.0,438.0,473.0,10.0,289.0,237.0,183.0
HBL,6/27/2011,473.0,480.0,455.0,455.0,-3.81,1362.0,237.0,183.0
HBL,6/29/2011,455.0,500.0,450.0,500.0,9.89,1733.0,237.0,183.0
HBL,6/30/2011,500.0,520.0,490.0,500.0,0.0,6130.0,237.0,183.0
HBL,7/3/2011,500.0,520.0,491.0,515.0,3.0,503.0,237.0,183.0
HBL,7/4/2011,515.0,525.0,523.0,525.0,1.94,757.0,237.0,183.0
HBL,7/5/2011,525.0,542.0,530.0,536.0,2.1,315.0,237.0,183.0
HBL,7/6/2011,536.0,558.0,527.0,527.0,-1.68,1269.0,237.0,183.0
HBL,7/7/2011,527.0,528.0,527.0,527.0,0.0,81.0,237.0,183.0
HBL,7/10/2011,527.0,566.0,537.0,555.0,5.31,369.0,237.0,183.0
HBL,7/11/2011,555.0,577.0,560.0,575.0,3.6,1447.0,237.0,183.0
HBL,7/12/2011,575.0,585.0,575.0,580.0,0.87,339.0,237.0,183.0
HBL,7/13/2011,580.0,593.0,581.0,586.0,1.03,1030.0,237.0,183.0
HBL,7/14/2011,586.0,580.0,575.0,575.0,-1.88,149.0,237.0,183.0
HBL,7/18/2011,575.0,597.0,586.0,597.0,3.83,444.0,237.0,183.0
HBL,7/19/2011,597.0,625.0,608.0,620.0,3.85,554.0,237.0,183.0
HBL,7/20/2011,620.0,655.0,625.0,640.0,3.23,2810.0,237.0,183.0
HBL,7/21/2011,640.0,652.0,640.0,641.0,0.16,1159.0,237.0,183.0
HBL,7/24/2011,641.0,640.0,620.0,620.0,-3.28,783.0,237.0,183.0
HBL,7/25/2011,620.0,620.0,610.0,620.0,0.0,499.0,237.0,183.0
HBL,7/26/2011,620.0,615.0,598.0,610.0,-1.61,782.0,237.0,183.0
HBL,7/27/2011,610.0,622.0,610.0,620.0,1.64,680.0,237.0,183.0
HBL,7/28/2011,620.0,628.0,612.0,628.0,1.29,1697.0,237.0,183.0
HBL,8/1/2011,628.0,638.0,626.0,630.0,0.32,632.0,237.0,183.0
HBL,8/2/2011,630.0,620.0,605.0,605.0,-3.97,867.0,237.0,183.0
HBL,8/3/2011,605.0,629.0,617.0,629.0,3.97,261.0,237.0,183.0
HBL,8/4/2011,629.0,630.0,625.0,625.0,-0.64,288.0,237.0,183.0
HBL,8/7/2011,625.0,625.0,613.0,625.0,0.0,1462.0,237.0,183.0
HBL,8/8/2011,625.0,616.0,603.0,605.0,-3.2,175.0,237.0,183.0
HBL,8/9/2011,605.0,595.0,584.0,585.0,-3.31,997.0,237.0,183.0
HBL,8/10/2011,585.0,617.0,590.0,617.0,5.47,375.0,237.0,183.0
HBL,8/11/2011,617.0,628.0,628.0,628.0,1.78,15.0,237.0,183.0
HBL,8/15/2011,628.0,630.0,627.0,628.0,0.0,275.0,237.0,183.0
HBL,8/16/2011,628.0,616.0,616.0,616.0,-1.91,100.0,237.0,183.0
HBL,8/17/2011,616.0,604.0,600.0,600.0,-2.6,469.0,237.0,183.0
HBL,8/18/2011,600.0,618.0,606.0,618.0,3.0,124.0,237.0,183.0
HBL,8/22/2011,618.0,615.0,603.0,603.0,-2.43,257.0,237.0,183.0
HBL,8/23/2011,603.0,600.0,600.0,600.0,-0.5,104.0,237.0,183.0
HBL,8/24/2011,600.0,610.0,600.0,609.0,1.5,827.0,237.0,183.0
HBL,8/25/2011,609.0,615.0,609.0,609.0,0.0,646.0,237.0,183.0
HBL,8/28/2011,609.0,600.0,588.0,588.0,-3.45,135.0,237.0,183.0
HBL,8/29/2011,588.0,599.0,577.0,599.0,1.87,761.0,237.0,183.0
HBL,8/30/2011,599.0,613.0,605.0,613.0,2.34,226.0,237.0,183.0
HBL,9/1/2011,613.0,619.0,608.0,619.0,0.98,136.0,237.0,183.0
HBL,9/4/2011,619.0,610.0,603.0,603.0,-2.58,607.0,237.0,183.0
HBL,9/5/2011,603.0,602.0,600.0,602.0,-0.17,228.0,237.0,183.0
HBL,9/12/2011,602.0,590.0,580.0,580.0,-3.65,378.0,237.0,183.0
HBL,9/13/2011,580.0,570.0,561.0,561.0,-3.28,642.0,237.0,183.0
HBL,9/14/2011,561.0,561.0,545.0,545.0,-2.85,2154.0,237.0,183.0
HBL,9/15/2011,545.0,561.0,550.0,550.0,0.92,497.0,237.0,183.0
HBL,9/18/2011,550.0,539.0,529.0,535.0,-2.73,1039.0,237.0,183.0
HBL,9/19/2011,535.0,525.0,507.0,510.0,-4.67,762.0,237.0,183.0
HBL,9/20/2011,510.0,520.0,514.0,520.0,1.96,252.0,237.0,183.0
HBL,9/22/2011,520.0,530.0,530.0,530.0,1.92,198.0,237.0,183.0
HBL,9/25/2011,530.0,583.0,540.0,583.0,10.0,606.0,237.0,183.0
HBL,9/26/2011,583.0,580.0,570.0,570.0,-2.23,942.0,237.0,183.0
HBL,9/27/2011,570.0,595.0,570.0,595.0,4.39,1456.0,237.0,183.0
HBL,9/29/2011,595.0,590.0,590.0,590.0,-0.84,80.0,237.0,183.0
HBL,10/9/2011,590.0,590.0,579.0,579.0,-1.86,333.0,237.0,183.0
HBL,10/10/2011,579.0,590.0,590.0,590.0,1.9,12.0,237.0,183.0
HBL,10/12/2011,590.0,601.0,591.0,591.0,0.17,326.0,237.0,183.0
HBL,10/13/2011,591.0,595.0,590.0,595.0,0.68,216.0,237.0,183.0
HBL,10/16/2011,595.0,584.0,575.0,575.0,-3.36,146.0,237.0,183.0
HBL,10/17/2011,575.0,570.0,570.0,570.0,-0.87,101.0,237.0,183.0
HBL,10/18/2011,570.0,590.0,581.0,588.0,3.16,75.0,237.0,183.0
HBL,10/19/2011,588.0,599.0,580.0,580.0,-1.36,277.0,237.0,183.0
HBL,10/20/2011,580.0,570.0,569.0,569.0,-1.9,122.0,237.0,183.0
HBL,10/23/2011,569.0,580.0,580.0,580.0,1.93,25.0,237.0,183.0
HBL,10/24/2011,580.0,585.0,585.0,585.0,0.86,19.0,237.0,183.0
HBL,10/25/2011,585.0,574.0,561.0,564.0,-3.59,286.0,237.0,183.0
HBL,10/31/2011,564.0,570.0,566.0,566.0,0.35,414.0,237.0,183.0
HBL,11/3/2011,566.0,600.0,566.0,600.0,6.01,945.0,237.0,183.0
HBL,11/6/2011,600.0,648.0,612.0,635.0,5.83,2495.0,237.0,183.0
HBL,11/8/2011,635.0,645.0,628.0,632.0,-0.47,1314.0,237.0,183.0
HBL,11/9/2011,632.0,635.0,620.0,620.0,-1.9,1148.0,237.0,183.0
HBL,11/10/2011,620.0,620.0,608.0,610.0,-1.61,776.0,237.0,183.0
HBL,11/13/2011,610.0,610.0,601.0,601.0,-1.48,1062.0,237.0,183.0
HBL,11/14/2011,601.0,613.0,613.0,613.0,2.0,221.0,237.0,183.0
HBL,11/15/2011,613.0,625.0,604.0,609.0,-0.65,2586.0,237.0,183.0
HBL,11/16/2011,609.0,618.0,606.0,610.0,0.16,224.0,237.0,183.0
HBL,11/17/2011,610.0,619.0,600.0,619.0,1.48,1719.0,237.0,183.0
HBL,11/20/2011,619.0,607.0,600.0,600.0,-3.07,1410.0,237.0,183.0
HBL,11/21/2011,600.0,608.0,600.0,600.0,0.0,368.0,237.0,183.0
HBL,11/23/2011,600.0,605.0,598.0,602.0,0.33,1450.0,237.0,183.0
HBL,11/24/2011,602.0,607.0,600.0,600.0,-0.33,1237.0,237.0,183.0
HBL,11/27/2011,600.0,604.0,600.0,600.0,0.0,664.0,237.0,183.0
HBL,11/28/2011,600.0,601.0,600.0,600.0,0.0,880.0,237.0,183.0
HBL,12/1/2011,610.0,607.0,601.0,601.0,0.17,1495.0,237.0,183.0
HBL,12/4/2011,601.0,606.0,603.0,606.0,0.83,810.0,237.0,183.0
HBL,12/5/2011,606.0,609.0,605.0,609.0,0.5,1849.0,237.0,183.0
HBL,12/6/2011,609.0,610.0,595.0,603.0,-0.99,2473.0,237.0,183.0
HBL,12/7/2011,603.0,613.0,600.0,600.0,-0.5,612.0,237.0,183.0
HBL,12/11/2011,600.0,490.0,490.0,490.0,-18.33,43.0,237.0,183.0
HBL,12/12/2011,490.0,481.0,481.0,481.0,-1.84,99.0,237.0,183.0
HBL,12/13/2011,481.0,481.0,472.0,481.0,0.0,45.0,237.0,183.0
HBL,12/14/2011,481.0,490.0,481.0,490.0,1.87,49.0,237.0,183.0
HBL,12/15/2011,490.0,499.0,499.0,499.0,1.84,15.0,237.0,183.0
HBL,12/20/2011,499.0,503.0,495.0,495.0,-0.8,97.0,237.0,183.0
HBL,12/21/2011,495.0,490.0,490.0,490.0,-1.01,74.0,237.0,183.0
HBL,12/22/2011,490.0,498.0,490.0,495.0,1.02,73.0,237.0,183.0
HBL,12/26/2011,495.0,486.0,486.0,486.0,-1.82,100.0,237.0,183.0
HBL,12/27/2011,486.0,481.0,477.0,477.0,-1.85,211.0,237.0,183.0
HBL,12/28/2011,477.0,475.0,468.0,475.0,-0.42,225.0,237.0,183.0
HBL,12/29/2011,475.0,467.0,466.0,467.0,-1.68,289.0,237.0,183.0
HBL,1/1/2012,467.0,465.0,465.0,465.0,-0.43,30.0,237.0,183.0
HBL,1/2/2012,465.0,479.0,465.0,479.0,3.01,652.0,237.0,183.0
HBL,1/3/2012,479.0,494.0,485.0,486.0,1.46,371.0,237.0,183.0
HBL,1/4/2012,486.0,478.0,478.0,478.0,-1.65,52.0,237.0,183.0
HBL,1/5/2012,478.0,470.0,461.0,461.0,-3.56,184.0,237.0,183.0
HBL,1/8/2012,461.0,470.0,457.0,460.0,-0.22,1009.0,237.0,183.0
HBL,1/9/2012,460.0,469.0,460.0,462.0,0.43,249.0,237.0,183.0
HBL,1/10/2012,461.0,471.0,462.0,471.0,1.95,452.0,237.0,183.0
HBL,1/11/2012,471.0,470.0,470.0,470.0,-0.21,100.0,237.0,183.0
HBL,1/12/2012,470.0,479.0,470.0,479.0,1.91,1125.0,237.0,183.0
HBL,1/17/2012,479.0,470.0,470.0,470.0,-1.88,155.0,237.0,183.0
HBL,1/18/2012,470.0,470.0,460.0,460.0,-2.13,589.0,237.0,183.0
HBL,1/19/2012,460.0,465.0,460.0,460.0,0.0,875.0,237.0,183.0
HBL,1/22/2012,460.0,475.0,464.0,475.0,3.26,144.0,237.0,183.0
HBL,1/23/2012,475.0,466.0,452.0,461.0,-2.95,1262.0,237.0,183.0
HBL,1/29/2012,461.0,461.0,460.0,460.0,-0.22,145.0,237.0,183.0
HBL,1/31/2012,460.0,466.0,460.0,460.0,0.0,262.0,237.0,183.0
HBL,2/1/2012,460.0,465.0,460.0,465.0,1.09,801.0,237.0,183.0
HBL,2/2/2012,465.0,473.0,465.0,473.0,1.72,163.0,237.0,183.0
HBL,2/5/2012,473.0,465.0,465.0,465.0,-1.69,698.0,237.0,183.0
HBL,2/6/2012,465.0,468.0,461.0,462.0,-0.65,1097.0,237.0,183.0
HBL,2/7/2012,462.0,458.0,458.0,458.0,-0.87,710.0,237.0,183.0
HBL,2/12/2012,458.0,460.0,460.0,460.0,0.44,22.0,237.0,183.0
HBL,2/13/2012,460.0,465.0,460.0,460.0,0.0,471.0,237.0,183.0
HBL,2/14/2012,460.0,462.0,460.0,462.0,0.43,150.0,237.0,183.0
HBL,2/15/2012,462.0,465.0,460.0,460.0,-0.43,60.0,237.0,183.0
HBL,2/16/2012,460.0,460.0,458.0,460.0,0.0,361.0,237.0,183.0
HBL,2/21/2012,460.0,460.0,460.0,460.0,0.0,125.0,237.0,183.0
HBL,2/23/2012,460.0,458.0,455.0,455.0,-1.09,517.0,237.0,183.0
HBL,2/26/2012,455.0,455.0,451.0,451.0,-0.88,1085.0,237.0,183.0
HBL,2/27/2012,451.0,460.0,455.0,460.0,2.0,317.0,237.0,183.0
HBL,2/28/2012,460.0,462.0,453.0,460.0,0.0,837.0,237.0,183.0
HBL,2/29/2012,460.0,462.0,456.0,460.0,0.0,622.0,237.0,183.0
HBL,3/1/2012,460.0,468.0,460.0,468.0,1.74,279.0,237.0,183.0
HBL,3/4/2012,468.0,470.0,467.0,470.0,0.43,448.0,237.0,183.0
HBL,3/5/2012,470.0,475.0,475.0,475.0,1.06,158.0,237.0,183.0
HBL,3/6/2012,475.0,480.0,475.0,480.0,1.05,970.0,237.0,183.0
HBL,3/11/2012,480.0,479.0,475.0,479.0,-0.21,335.0,237.0,183.0
HBL,3/12/2012,479.0,481.0,472.0,479.0,0.0,522.0,237.0,183.0
HBL,3/13/2012,479.0,476.0,470.0,475.0,-0.84,124.0,237.0,183.0
HBL,3/15/2012,475.0,470.0,457.0,457.0,-3.79,294.0,237.0,183.0
HBL,3/18/2012,457.0,456.0,449.0,455.0,-0.44,984.0,237.0,183.0
HBL,3/19/2012,455.0,455.0,448.0,450.0,-1.1,943.0,237.0,183.0
HBL,3/20/2012,450.0,450.0,450.0,450.0,0.0,600.0,237.0,183.0
HBL,3/21/2012,450.0,457.0,450.0,450.0,0.0,1809.0,237.0,183.0
HBL,3/25/2012,450.0,450.0,449.0,450.0,0.0,205.0,237.0,183.0
HBL,3/26/2012,450.0,450.0,438.0,445.0,-1.11,773.0,237.0,183.0
HBL,3/27/2012,445.0,445.0,438.0,445.0,0.0,1075.0,237.0,183.0
HBL,3/28/2012,445.0,445.0,440.0,441.0,-0.9,752.0,237.0,183.0
HBL,3/29/2012,441.0,446.0,440.0,445.0,0.91,327.0,237.0,183.0
HBL,4/1/2012,445.0,451.0,445.0,445.0,0.0,241.0,237.0,183.0
HBL,4/2/2012,445.0,453.0,442.0,446.0,0.22,2766.0,237.0,183.0
HBL,4/3/2012,446.0,449.0,446.0,449.0,0.67,316.0,237.0,183.0
HBL,4/4/2012,449.0,448.0,442.0,448.0,-0.22,656.0,237.0,183.0
HBL,4/5/2012,448.0,451.0,440.0,449.0,0.22,1614.0,237.0,183.0
HBL,4/8/2012,449.0,450.0,448.0,450.0,0.22,797.0,237.0,183.0
HBL,4/9/2012,450.0,450.0,441.0,450.0,0.0,798.0,237.0,183.0
HBL,4/10/2012,450.0,473.0,455.0,473.0,5.11,243.0,237.0,183.0
HBL,4/11/2012,473.0,485.0,465.0,471.0,-0.42,3049.0,237.0,183.0
HBL,4/12/2012,471.0,488.0,479.0,488.0,3.61,687.0,237.0,183.0
HBL,4/15/2012,488.0,536.0,496.0,530.0,8.61,715.0,237.0,183.0
HBL,4/16/2012,530.0,561.0,540.0,561.0,5.85,410.0,237.0,183.0
HBL,4/17/2012,561.0,583.0,505.0,505.0,-9.98,2220.0,237.0,183.0
HBL,4/18/2012,505.0,540.0,491.0,530.0,4.95,2472.0,237.0,183.0
HBL,4/19/2012,530.0,556.0,539.0,551.0,3.96,2642.0,237.0,183.0
HBL,4/22/2012,551.0,600.0,560.0,600.0,8.89,1909.0,237.0,183.0
HBL,4/24/2012,600.0,612.0,612.0,612.0,2.0,386.0,237.0,183.0
HBL,4/25/2012,612.0,636.0,624.0,636.0,3.92,35.0,237.0,183.0
HBL,4/26/2012,636.0,699.0,628.0,694.0,9.12,6368.0,237.0,183.0
HBL,4/29/2012,694.0,718.0,676.0,718.0,3.46,4214.0,237.0,183.0
HBL,4/30/2012,718.0,715.0,672.0,672.0,-6.41,1466.0,237.0,183.0
HBL,5/2/2012,672.0,680.0,680.0,680.0,1.19,38.0,237.0,183.0
HBL,5/3/2012,680.0,748.0,693.0,748.0,10.0,1980.0,237.0,183.0
HBL,5/7/2012,748.0,822.0,762.0,822.0,9.89,709.0,237.0,183.0
HBL,5/8/2012,822.0,850.0,740.0,789.0,-4.01,3480.0,237.0,183.0
HBL,5/9/2012,789.0,774.0,740.0,766.0,-2.92,1639.0,237.0,183.0
HBL,5/10/2012,766.0,751.0,725.0,725.0,-5.35,3498.0,237.0,183.0
HBL,5/13/2012,725.0,711.0,654.0,654.0,-9.79,491.0,237.0,183.0
HBL,5/14/2012,654.0,641.0,590.0,612.0,-6.42,1035.0,237.0,183.0
HBL,5/16/2012,612.0,624.0,624.0,624.0,1.96,13.0,237.0,183.0
HBL,5/17/2012,624.0,686.0,636.0,686.0,9.94,2944.0,237.0,183.0
HBL,5/20/2012,686.0,720.0,670.0,695.0,1.31,3243.0,237.0,183.0
HBL,5/21/2012,695.0,711.0,695.0,708.0,1.87,1844.0,237.0,183.0
HBL,5/22/2012,708.0,699.0,690.0,696.0,-1.69,2408.0,237.0,183.0
HBL,5/23/2012,696.0,683.0,644.0,651.0,-6.47,942.0,237.0,183.0
HBL,5/24/2012,651.0,676.0,638.0,670.0,2.92,1215.0,237.0,183.0
HBL,5/27/2012,670.0,730.0,682.0,717.0,7.01,3011.0,237.0,183.0
HBL,6/3/2012,717.0,731.0,655.0,655.0,-8.65,350.0,237.0,183.0
HBL,6/4/2012,655.0,668.0,637.0,648.0,-1.07,3299.0,237.0,183.0
HBL,6/5/2012,648.0,636.0,613.0,613.0,-5.4,1060.0,237.0,183.0
HBL,6/6/2012,613.0,619.0,590.0,590.0,-3.75,1113.0,237.0,183.0
HBL,6/7/2012,590.0,612.0,570.0,601.0,1.86,1986.0,237.0,183.0
HBL,6/10/2012,601.0,590.0,561.0,576.0,-4.16,2119.0,237.0,183.0
HBL,6/11/2012,576.0,590.0,580.0,580.0,0.69,379.0,237.0,183.0
HBL,6/12/2012,580.0,591.0,588.0,588.0,1.38,101.0,237.0,183.0
HBL,6/13/2012,588.0,579.0,577.0,577.0,-1.87,260.0,237.0,183.0
HBL,6/17/2012,577.0,566.0,545.0,562.0,-2.6,4913.0,237.0,183.0
HBL,6/18/2012,562.0,568.0,556.0,560.0,-0.36,1102.0,237.0,183.0
HBL,6/19/2012,560.0,575.0,558.0,570.0,1.79,975.0,237.0,183.0
HBL,6/20/2012,570.0,581.0,578.0,579.0,1.58,194.0,237.0,183.0
HBL,6/21/2012,579.0,590.0,579.0,590.0,1.9,849.0,237.0,183.0
HBL,6/25/2012,590.0,608.0,590.0,605.0,2.54,718.0,237.0,183.0
HBL,6/26/2012,605.0,599.0,585.0,586.0,-3.14,653.0,237.0,183.0
HBL,6/27/2012,586.0,600.0,585.0,590.0,0.68,3458.0,237.0,183.0
HBL,6/28/2012,590.0,622.0,598.0,610.0,3.39,12039.0,237.0,183.0
HBL,7/1/2012,610.0,617.0,602.0,610.0,0.0,811.0,237.0,183.0
HBL,7/2/2012,610.0,630.0,610.0,620.0,1.64,217.0,237.0,183.0
HBL,7/3/2012,620.0,635.0,628.0,632.0,1.94,130.0,237.0,183.0
HBL,7/4/2012,632.0,639.0,619.0,627.0,-0.79,1862.0,237.0,183.0
HBL,7/5/2012,627.0,635.0,617.0,624.0,-0.48,3291.0,237.0,183.0
HBL,7/8/2012,624.0,636.0,622.0,635.0,1.76,811.0,237.0,183.0
HBL,7/9/2012,635.0,635.0,626.0,635.0,0.0,1377.0,237.0,183.0
HBL,7/10/2012,635.0,649.0,625.0,644.0,1.42,424.0,237.0,183.0
HBL,7/11/2012,644.0,640.0,628.0,636.0,-1.24,4802.0,237.0,183.0
HBL,7/12/2012,636.0,634.0,624.0,630.0,-0.94,2926.0,237.0,183.0
HBL,7/15/2012,630.0,653.0,640.0,653.0,3.65,261.0,237.0,183.0
HBL,7/16/2012,653.0,640.0,630.0,638.0,-2.3,3170.0,237.0,183.0
HBL,7/17/2012,638.0,626.0,626.0,626.0,-1.88,67.0,237.0,183.0
HBL,7/18/2012,626.0,655.0,620.0,655.0,4.63,960.0,237.0,183.0
HBL,7/19/2012,655.0,668.0,642.0,644.0,-1.68,2690.0,237.0,183.0
HBL,7/22/2012,644.0,694.0,640.0,680.0,5.59,2964.0,237.0,183.0
HBL,7/23/2012,680.0,704.0,680.0,695.0,2.21,2237.0,237.0,183.0
HBL,7/24/2012,695.0,710.0,683.0,701.0,0.86,2347.0,237.0,183.0
HBL,7/25/2012,701.0,704.0,704.0,704.0,0.43,17.0,237.0,183.0
HBL,7/26/2012,704.0,690.0,675.0,684.0,-2.84,959.0,237.0,183.0
HBL,7/29/2012,684.0,680.0,670.0,670.0,-2.05,359.0,237.0,183.0
HBL,7/30/2012,670.0,695.0,660.0,687.0,2.54,1015.0,237.0,183.0
HBL,7/31/2012,687.0,690.0,689.0,690.0,0.44,315.0,237.0,183.0
HBL,8/1/2012,690.0,692.0,686.0,686.0,-0.58,516.0,237.0,183.0
HBL,8/5/2012,686.0,698.0,690.0,698.0,1.75,1187.0,237.0,183.0
HBL,8/6/2012,698.0,700.0,684.0,690.0,-1.15,1678.0,237.0,183.0
HBL,8/7/2012,690.0,700.0,686.0,689.0,-0.14,1341.0,237.0,183.0
HBL,8/8/2012,689.0,699.0,680.0,685.0,-0.58,940.0,237.0,183.0
HBL,8/12/2012,685.0,690.0,666.0,673.0,-1.75,659.0,237.0,183.0
HBL,8/13/2012,673.0,673.0,660.0,662.0,-1.63,536.0,237.0,183.0
HBL,8/14/2012,662.0,652.0,640.0,650.0,-1.81,966.0,237.0,183.0
HBL,8/15/2012,650.0,660.0,647.0,647.0,-0.46,421.0,237.0,183.0
HBL,8/16/2012,647.0,666.0,640.0,666.0,2.94,1186.0,237.0,183.0
HBL,8/19/2012,666.0,670.0,660.0,670.0,0.6,394.0,237.0,183.0
HBL,8/21/2012,670.0,689.0,675.0,680.0,1.49,2470.0,237.0,183.0
HBL,8/22/2012,680.0,692.0,675.0,692.0,1.76,1519.0,237.0,183.0
HBL,8/23/2012,692.0,690.0,680.0,680.0,-1.73,1789.0,237.0,183.0
HBL,8/26/2012,680.0,680.0,670.0,680.0,0.0,215.0,237.0,183.0
HBL,8/27/2012,680.0,688.0,679.0,688.0,1.18,306.0,237.0,183.0
HBL,8/28/2012,688.0,699.0,681.0,681.0,-1.02,964.0,237.0,183.0
HBL,8/29/2012,681.0,690.0,675.0,687.0,0.88,1229.0,237.0,183.0
HBL,8/30/2012,687.0,690.0,688.0,689.0,0.29,465.0,237.0,183.0
HBL,9/2/2012,689.0,701.0,685.0,696.0,1.02,903.0,237.0,183.0
HBL,9/3/2012,696.0,704.0,683.0,702.0,0.86,2940.0,237.0,183.0
HBL,9/4/2012,702.0,705.0,690.0,690.0,-1.71,1959.0,237.0,183.0
HBL,9/5/2012,690.0,690.0,680.0,680.0,-1.45,510.0,237.0,183.0
HBL,9/6/2012,680.0,695.0,685.0,690.0,1.47,641.0,237.0,183.0
HBL,9/9/2012,690.0,688.0,675.0,688.0,-0.29,550.0,237.0,183.0
HBL,9/10/2012,688.0,690.0,680.0,680.0,-1.16,1708.0,237.0,183.0
HBL,9/11/2012,680.0,700.0,681.0,698.0,2.65,913.0,237.0,183.0
HBL,9/12/2012,698.0,703.0,698.0,699.0,0.14,904.0,237.0,183.0
HBL,9/13/2012,699.0,707.0,702.0,707.0,1.14,677.0,237.0,183.0
HBL,9/16/2012,707.0,721.0,710.0,721.0,1.98,1686.0,237.0,183.0
HBL,9/17/2012,721.0,730.0,722.0,722.0,0.14,819.0,237.0,183.0
HBL,9/18/2012,722.0,731.0,719.0,723.0,0.14,1935.0,237.0,183.0
HBL,9/19/2012,723.0,719.0,705.0,715.0,-1.11,1151.0,237.0,183.0
HBL,9/20/2012,715.0,729.0,714.0,719.0,0.56,866.0,237.0,183.0
HBL,9/23/2012,719.0,706.0,692.0,700.0,-2.64,587.0,237.0,183.0
HBL,9/24/2012,700.0,700.0,690.0,697.0,-0.43,1070.0,237.0,183.0
HBL,9/25/2012,697.0,692.0,690.0,690.0,-1.0,726.0,237.0,183.0
HBL,9/26/2012,690.0,694.0,681.0,690.0,0.0,515.0,237.0,183.0
HBL,9/30/2012,695.0,700.0,690.0,691.0,0.14,1526.0,237.0,183.0
HBL,10/1/2012,691.0,699.0,675.0,699.0,1.16,634.0,237.0,183.0
HBL,10/2/2012,699.0,700.0,687.0,700.0,0.14,445.0,237.0,183.0
HBL,10/3/2012,700.0,700.0,690.0,695.0,-0.71,1052.0,237.0,183.0
HBL,10/4/2012,695.0,690.0,690.0,690.0,-0.72,325.0,237.0,183.0
HBL,10/7/2012,690.0,695.0,690.0,694.0,0.58,834.0,237.0,183.0
HBL,10/8/2012,694.0,704.0,685.0,704.0,1.44,946.0,237.0,183.0
HBL,10/9/2012,704.0,704.0,689.0,689.0,-2.13,680.0,237.0,183.0
HBL,10/10/2012,689.0,698.0,690.0,690.0,0.15,277.0,237.0,183.0
HBL,10/11/2012,690.0,690.0,685.0,685.0,-0.72,580.0,237.0,183.0
HBL,10/14/2012,685.0,696.0,690.0,692.0,1.02,477.0,237.0,183.0
HBL,10/15/2012,692.0,710.0,700.0,710.0,2.6,165.0,237.0,183.0
HBL,10/17/2012,710.0,721.0,718.0,721.0,1.55,78.0,237.0,183.0
HBL,10/18/2012,721.0,730.0,718.0,730.0,1.25,94.0,237.0,183.0
HBL,10/30/2012,730.0,749.0,739.0,749.0,2.6,399.0,237.0,183.0
HBL,10/31/2012,749.0,778.0,745.0,764.0,2.0,1550.0,237.0,183.0
HBL,11/1/2012,764.0,753.0,745.0,751.0,-1.7,2560.0,237.0,183.0
HBL,11/4/2012,751.0,760.0,752.0,760.0,1.2,1073.0,237.0,183.0
HBL,11/5/2012,760.0,784.0,746.0,770.0,1.32,1888.0,237.0,183.0
HBL,11/6/2012,770.0,780.0,760.0,776.0,0.78,1400.0,237.0,183.0
HBL,11/7/2012,776.0,800.0,785.0,798.0,2.84,1205.0,237.0,183.0
HBL,11/8/2012,798.0,826.0,795.0,810.0,1.5,6272.0,237.0,183.0
HBL,11/11/2012,810.0,815.0,801.0,802.0,-0.99,3047.0,237.0,183.0
HBL,11/12/2012,802.0,840.0,800.0,820.0,2.24,1235.0,237.0,183.0
HBL,11/18/2012,820.0,872.0,825.0,860.0,4.88,1543.0,237.0,183.0
HBL,11/20/2012,860.0,909.0,877.0,900.0,4.65,4601.0,237.0,183.0
HBL,11/21/2012,900.0,923.0,863.0,900.0,0.0,6461.0,237.0,183.0
HBL,11/22/2012,900.0,901.0,876.0,900.0,0.0,4534.0,237.0,183.0
HBL,11/25/2012,900.0,918.0,890.0,898.0,-0.22,3285.0,237.0,183.0
HBL,11/26/2012,898.0,896.0,878.0,878.0,-2.23,959.0,237.0,183.0
HBL,11/27/2012,878.0,878.0,852.0,858.0,-2.28,2360.0,237.0,183.0
HBL,11/28/2012,858.0,865.0,846.0,865.0,0.82,2439.0,237.0,183.0
HBL,11/29/2012,865.0,865.0,850.0,851.0,-1.62,2160.0,237.0,183.0
HBL,12/2/2012,851.0,835.0,818.0,831.0,-2.35,2607.0,237.0,183.0
HBL,12/3/2012,831.0,825.0,811.0,815.0,-1.93,3521.0,237.0,183.0
HBL,12/4/2012,815.0,862.0,825.0,849.0,4.17,1191.0,237.0,183.0
HBL,12/5/2012,849.0,895.0,862.0,890.0,4.83,680.0,237.0,183.0
HBL,12/6/2012,890.0,873.0,846.0,869.0,-2.36,1713.0,237.0,183.0
HBL,12/9/2012,869.0,852.0,831.0,840.0,-3.34,2152.0,237.0,183.0
HBL,12/10/2012,840.0,854.0,840.0,854.0,1.67,507.0,237.0,183.0
HBL,12/11/2012,854.0,870.0,847.0,863.0,1.05,3731.0,237.0,183.0
HBL,12/12/2012,863.0,887.0,867.0,879.0,1.85,3252.0,237.0,183.0
HBL,12/13/2012,879.0,796.0,779.0,796.0,-9.44,676.0,237.0,183.0
HBL,12/16/2012,796.0,815.0,800.0,802.0,0.75,564.0,237.0,183.0
HBL,12/17/2012,802.0,830.0,796.0,796.0,-0.75,1115.0,237.0,183.0
HBL,12/18/2012,796.0,798.0,790.0,792.0,-0.5,1653.0,237.0,183.0
HBL,12/19/2012,792.0,807.0,795.0,798.0,0.76,904.0,237.0,183.0
HBL,12/20/2012,798.0,801.0,795.0,801.0,0.38,1068.0,237.0,183.0
HBL,12/23/2012,801.0,800.0,795.0,795.0,-0.75,228.0,237.0,183.0
HBL,12/24/2012,795.0,810.0,795.0,805.0,1.26,858.0,237.0,183.0
HBL,12/26/2012,805.0,835.0,790.0,835.0,3.73,2263.0,237.0,183.0
HBL,12/27/2012,835.0,852.0,805.0,842.0,0.84,3047.0,237.0,183.0
HBL,12/31/2012,842.0,830.0,801.0,806.0,-4.28,994.0,237.0,183.0
HBL,1/1/2013,806.0,815.0,805.0,805.0,-0.12,757.0,237.0,183.0
HBL,1/2/2013,805.0,821.0,795.0,821.0,1.99,817.0,237.0,183.0
HBL,1/3/2013,821.0,836.0,805.0,820.0,-0.12,1287.0,237.0,183.0
HBL,1/6/2013,820.0,826.0,805.0,815.0,-0.61,2643.0,237.0,183.0
HBL,1/7/2013,815.0,824.0,824.0,824.0,1.1,23.0,237.0,183.0
HBL,1/9/2013,824.0,808.0,800.0,805.0,-2.31,299.0,237.0,183.0
HBL,1/10/2013,805.0,806.0,787.0,800.0,-0.62,2445.0,237.0,183.0
HBL,1/13/2013,800.0,800.0,794.0,800.0,0.0,500.0,237.0,183.0
HBL,1/15/2013,800.0,791.0,784.0,790.0,-1.25,510.0,237.0,183.0
HBL,1/16/2013,790.0,805.0,805.0,805.0,1.9,31.0,237.0,183.0
HBL,1/17/2013,805.0,789.0,789.0,789.0,-1.99,74.0,237.0,183.0
HBL,1/20/2013,789.0,774.0,774.0,774.0,-1.9,66.0,237.0,183.0
HBL,1/21/2013,774.0,794.0,775.0,779.0,0.65,244.0,237.0,183.0
HBL,1/22/2013,779.0,790.0,779.0,780.0,0.13,224.0,237.0,183.0
HBL,1/23/2013,780.0,780.0,755.0,760.0,-2.56,1198.0,237.0,183.0
HBL,1/24/2013,760.0,760.0,750.0,760.0,0.0,875.0,237.0,183.0
HBL,1/27/2013,760.0,760.0,755.0,755.0,-0.66,378.0,237.0,183.0
HBL,1/28/2013,755.0,765.0,755.0,765.0,1.32,676.0,237.0,183.0
HBL,1/30/2013,765.0,762.0,750.0,757.0,-1.05,1345.0,237.0,183.0
HBL,1/31/2013,757.0,756.0,750.0,756.0,-0.13,289.0,237.0,183.0
HBL,2/3/2013,756.0,785.0,741.0,766.0,1.32,862.0,237.0,183.0
HBL,2/4/2013,766.0,758.0,755.0,756.0,-1.31,515.0,237.0,183.0
HBL,2/5/2013,756.0,752.0,742.0,742.0,-1.85,1826.0,237.0,183.0
HBL,2/6/2013,742.0,750.0,734.0,735.0,-0.94,3463.0,237.0,183.0
HBL,2/7/2013,735.0,760.0,745.0,760.0,3.4,275.0,237.0,183.0
HBL,2/10/2013,760.0,773.0,755.0,755.0,-0.66,1625.0,237.0,183.0
HBL,2/12/2013,755.0,800.0,770.0,799.0,5.83,3007.0,237.0,183.0
HBL,2/13/2013,799.0,791.0,784.0,791.0,-1.0,1352.0,237.0,183.0
HBL,2/14/2013,791.0,805.0,800.0,802.0,1.39,1157.0,237.0,183.0
HBL,2/17/2013,802.0,818.0,818.0,818.0,2.0,10.0,237.0,183.0
HBL,2/19/2013,818.0,872.0,834.0,865.0,5.75,3670.0,237.0,183.0
HBL,2/20/2013,865.0,848.0,825.0,825.0,-4.62,301.0,237.0,183.0
HBL,2/21/2013,825.0,850.0,825.0,850.0,3.03,865.0,237.0,183.0
HBL,2/24/2013,850.0,855.0,838.0,838.0,-1.41,344.0,237.0,183.0
HBL,2/25/2013,838.0,854.0,815.0,830.0,-0.95,2057.0,237.0,183.0
HBL,2/26/2013,830.0,845.0,824.0,825.0,-0.6,1608.0,237.0,183.0
HBL,2/27/2013,825.0,819.0,809.0,819.0,-0.73,125.0,237.0,183.0
HBL,2/28/2013,819.0,820.0,800.0,820.0,0.12,1935.0,237.0,183.0
HBL,3/3/2013,820.0,820.0,794.0,820.0,0.0,889.0,237.0,183.0
HBL,3/4/2013,820.0,836.0,820.0,836.0,1.95,210.0,237.0,183.0
HBL,3/5/2013,836.0,820.0,815.0,815.0,-2.51,150.0,237.0,183.0
HBL,3/6/2013,815.0,809.0,809.0,809.0,-0.74,298.0,237.0,183.0
HBL,3/7/2013,809.0,803.0,795.0,803.0,-0.74,2231.0,237.0,183.0
HBL,3/11/2013,803.0,810.0,803.0,803.0,0.0,490.0,237.0,183.0
HBL,3/13/2013,803.0,813.0,800.0,809.0,0.75,3531.0,237.0,183.0
HBL,3/14/2013,809.0,869.0,825.0,841.0,3.96,1111.0,237.0,183.0
HBL,3/17/2013,841.0,841.0,810.0,810.0,-3.69,900.0,237.0,183.0
HBL,3/18/2013,810.0,808.0,790.0,790.0,-2.47,831.0,237.0,183.0
HBL,3/19/2013,790.0,805.0,790.0,800.0,1.27,1212.0,237.0,183.0
HBL,3/20/2013,800.0,800.0,785.0,793.0,-0.88,1235.0,237.0,183.0
HBL,3/21/2013,793.0,785.0,778.0,781.0,-1.51,1482.0,237.0,183.0
HBL,3/24/2013,781.0,775.0,742.0,768.0,-1.66,1692.0,237.0,183.0
HBL,3/25/2013,768.0,783.0,770.0,776.0,1.04,532.0,237.0,183.0
HBL,3/27/2013,776.0,785.0,764.0,775.0,-0.13,865.0,237.0,183.0
HBL,3/31/2013,775.0,760.0,750.0,755.0,-2.58,591.0,237.0,183.0
HBL,4/1/2013,755.0,760.0,725.0,760.0,0.66,1782.0,237.0,183.0
HBL,4/2/2013,760.0,773.0,744.0,763.0,0.39,1149.0,237.0,183.0
HBL,4/3/2013,763.0,765.0,763.0,765.0,0.26,241.0,237.0,183.0
HBL,4/4/2013,765.0,765.0,755.0,760.0,-0.65,418.0,237.0,183.0
HBL,4/7/2013,760.0,760.0,755.0,760.0,0.0,603.0,237.0,183.0
HBL,4/8/2013,760.0,775.0,760.0,761.0,0.13,807.0,237.0,183.0
HBL,4/9/2013,761.0,765.0,758.0,765.0,0.53,1105.0,237.0,183.0
HBL,4/11/2013,765.0,782.0,767.0,767.0,0.26,127.0,237.0,183.0
HBL,4/15/2013,767.0,770.0,765.0,770.0,0.39,642.0,237.0,183.0
HBL,4/16/2013,770.0,772.0,762.0,771.0,0.13,4409.0,237.0,183.0
HBL,4/17/2013,771.0,774.0,760.0,760.0,-1.43,738.0,237.0,183.0
HBL,4/18/2013,760.0,750.0,750.0,750.0,-1.32,300.0,237.0,183.0
HBL,4/21/2013,750.0,750.0,741.0,741.0,-1.2,332.0,237.0,183.0
HBL,4/22/2013,741.0,735.0,707.0,707.0,-4.59,5221.0,237.0,183.0
HBL,4/23/2013,707.0,740.0,721.0,740.0,4.67,3846.0,237.0,183.0
HBL,4/25/2013,740.0,735.0,735.0,735.0,-0.68,204.0,237.0,183.0
HBL,4/28/2013,735.0,730.0,715.0,730.0,-0.68,729.0,237.0,183.0
HBL,4/29/2013,730.0,732.0,727.0,732.0,0.27,270.0,237.0,183.0
HBL,4/30/2013,732.0,736.0,733.0,735.0,0.41,201.0,237.0,183.0
HBL,5/2/2013,735.0,735.0,720.0,720.0,-2.04,388.0,237.0,183.0
HBL,5/5/2013,720.0,720.0,703.0,703.0,-2.36,634.0,237.0,183.0
HBL,5/7/2013,703.0,717.0,700.0,700.0,-0.43,599.0,237.0,183.0
HBL,5/8/2013,700.0,697.0,695.0,695.0,-0.71,719.0,237.0,183.0
HBL,5/9/2013,695.0,695.0,685.0,695.0,0.0,1109.0,237.0,183.0
HBL,5/12/2013,695.0,690.0,682.0,682.0,-1.87,749.0,237.0,183.0
HBL,5/13/2013,682.0,695.0,688.0,692.0,1.47,275.0,237.0,183.0
HBL,5/14/2013,692.0,700.0,699.0,700.0,1.16,1484.0,237.0,183.0
HBL,5/15/2013,700.0,715.0,700.0,715.0,2.14,1121.0,237.0,183.0
HBL,5/16/2013,715.0,728.0,715.0,728.0,1.82,263.0,237.0,183.0
HBL,5/19/2013,728.0,728.0,720.0,725.0,-0.41,570.0,237.0,183.0
HBL,5/20/2013,725.0,728.0,723.0,725.0,0.0,1530.0,237.0,183.0
HBL,5/21/2013,725.0,730.0,727.0,730.0,0.69,486.0,237.0,183.0
HBL,5/22/2013,730.0,730.0,716.0,730.0,0.0,1093.0,237.0,183.0
HBL,5/23/2013,730.0,716.0,716.0,716.0,-1.92,87.0,237.0,183.0
HBL,5/26/2013,716.0,718.0,715.0,715.0,-0.14,1194.0,237.0,183.0
HBL,5/27/2013,715.0,730.0,725.0,730.0,2.1,341.0,237.0,183.0
HBL,5/28/2013,730.0,725.0,725.0,725.0,-0.68,345.0,237.0,183.0
HBL,5/30/2013,725.0,720.0,715.0,720.0,-0.69,424.0,237.0,183.0
HBL,6/2/2013,720.0,725.0,717.0,717.0,-0.42,553.0,237.0,183.0
HBL,6/3/2013,717.0,731.0,720.0,731.0,1.95,872.0,237.0,183.0
HBL,6/4/2013,731.0,731.0,720.0,721.0,-1.37,228.0,237.0,183.0
HBL,6/5/2013,721.0,721.0,720.0,720.0,-0.14,414.0,237.0,183.0
HBL,6/6/2013,720.0,720.0,720.0,720.0,0.0,1653.0,237.0,183.0
HBL,6/9/2013,720.0,720.0,705.0,720.0,0.0,1007.0,237.0,183.0
HBL,6/10/2013,720.0,724.0,713.0,724.0,0.56,3392.0,237.0,183.0
HBL,6/11/2013,724.0,715.0,710.0,715.0,-1.24,949.0,237.0,183.0
HBL,6/12/2013,715.0,714.0,702.0,706.0,-1.26,782.0,237.0,183.0
HBL,6/13/2013,706.0,711.0,710.0,710.0,0.57,1816.0,237.0,183.0
HBL,6/16/2013,710.0,734.0,724.0,734.0,3.38,284.0,237.0,183.0
HBL,6/17/2013,734.0,720.0,720.0,720.0,-1.91,26.0,237.0,183.0
HBL,6/18/2013,720.0,707.0,706.0,706.0,-1.94,254.0,237.0,183.0
HBL,6/19/2013,706.0,700.0,690.0,700.0,-0.85,327.0,237.0,183.0
HBL,6/20/2013,700.0,690.0,676.0,676.0,-3.43,305.0,237.0,183.0
HBL,6/23/2013,676.0,689.0,671.0,671.0,-0.74,889.0,237.0,183.0
HBL,6/24/2013,671.0,697.0,684.0,684.0,1.94,54.0,237.0,183.0
HBL,6/25/2013,684.0,701.0,675.0,699.0,2.19,1610.0,237.0,183.0
HBL,6/26/2013,699.0,720.0,700.0,709.0,1.43,2941.0,237.0,183.0
HBL,6/27/2013,709.0,700.0,694.0,700.0,-1.27,888.0,237.0,183.0
HBL,6/30/2013,700.0,701.0,696.0,696.0,-0.57,1253.0,237.0,183.0
HBL,7/1/2013,696.0,699.0,696.0,699.0,0.43,130.0,237.0,183.0
HBL,7/2/2013,699.0,695.0,686.0,692.0,-1.0,1575.0,237.0,183.0
HBL,7/3/2013,692.0,692.0,681.0,681.0,-1.59,3204.0,237.0,183.0
HBL,7/4/2013,681.0,680.0,668.0,668.0,-1.91,2702.0,237.0,183.0
HBL,7/7/2013,668.0,685.0,678.0,680.0,1.8,812.0,237.0,183.0
HBL,7/8/2013,680.0,690.0,684.0,688.0,1.18,1254.0,237.0,183.0
HBL,7/9/2013,688.0,705.0,690.0,690.0,0.29,534.0,237.0,183.0
HBL,7/10/2013,690.0,702.0,700.0,700.0,1.45,113.0,237.0,183.0
HBL,7/11/2013,700.0,703.0,699.0,703.0,0.43,1472.0,237.0,183.0
HBL,7/14/2013,703.0,700.0,700.0,700.0,-0.43,202.0,237.0,183.0
HBL,7/15/2013,700.0,700.0,700.0,700.0,0.0,766.0,237.0,183.0
HBL,7/16/2013,700.0,714.0,700.0,714.0,2.0,783.0,237.0,183.0
HBL,7/17/2013,714.0,700.0,700.0,700.0,-1.96,179.0,237.0,183.0
HBL,7/18/2013,700.0,713.0,701.0,708.0,1.14,840.0,237.0,183.0
HBL,7/21/2013,708.0,736.0,721.0,730.0,3.11,739.0,237.0,183.0
HBL,7/22/2013,730.0,744.0,730.0,734.0,0.55,258.0,237.0,183.0
HBL,7/23/2013,734.0,733.0,725.0,725.0,-1.23,931.0,237.0,183.0
HBL,7/24/2013,725.0,720.0,713.0,713.0,-1.66,777.0,237.0,183.0
HBL,7/25/2013,713.0,725.0,710.0,720.0,0.98,1866.0,237.0,183.0
HBL,7/28/2013,720.0,713.0,712.0,712.0,-1.11,340.0,237.0,183.0
HBL,7/29/2013,712.0,719.0,713.0,719.0,0.98,1259.0,237.0,183.0
HBL,7/30/2013,719.0,731.0,722.0,729.0,1.39,789.0,237.0,183.0
HBL,7/31/2013,729.0,736.0,726.0,730.0,0.14,1303.0,237.0,183.0
HBL,8/1/2013,730.0,745.0,731.0,740.0,1.37,1888.0,237.0,183.0
HBL,8/4/2013,740.0,754.0,740.0,749.0,1.22,3747.0,237.0,183.0
HBL,8/5/2013,749.0,749.0,740.0,743.0,-0.8,2082.0,237.0,183.0
HBL,8/6/2013,743.0,752.0,730.0,752.0,1.21,1309.0,237.0,183.0
HBL,8/7/2013,752.0,755.0,740.0,745.0,-0.93,1553.0,237.0,183.0
HBL,8/8/2013,745.0,755.0,750.0,754.0,1.21,247.0,237.0,183.0
HBL,8/11/2013,754.0,750.0,746.0,747.0,-0.93,300.0,237.0,183.0
HBL,8/12/2013,747.0,747.0,740.0,745.0,-0.27,688.0,237.0,183.0
HBL,8/13/2013,745.0,745.0,745.0,745.0,0.0,50.0,237.0,183.0
HBL,8/14/2013,745.0,760.0,745.0,745.0,0.0,1338.0,237.0,183.0
HBL,8/15/2013,745.0,741.0,730.0,730.0,-2.01,328.0,237.0,183.0
HBL,8/18/2013,730.0,740.0,694.0,732.0,0.27,8243.0,237.0,183.0
HBL,8/19/2013,732.0,739.0,730.0,732.0,0.0,889.0,237.0,183.0
HBL,8/20/2013,732.0,744.0,715.0,744.0,1.64,2367.0,237.0,183.0
HBL,8/25/2013,744.0,745.0,735.0,744.0,0.0,2488.0,237.0,183.0
HBL,8/26/2013,744.0,730.0,716.0,729.0,-2.02,334.0,237.0,183.0
HBL,8/27/2013,729.0,738.0,720.0,738.0,1.23,812.0,237.0,183.0
HBL,8/29/2013,738.0,735.0,731.0,731.0,-0.95,919.0,237.0,183.0
HBL,9/1/2013,731.0,736.0,690.0,700.0,-4.24,1550.0,237.0,183.0
HBL,9/2/2013,700.0,714.0,700.0,706.0,0.86,1050.0,237.0,183.0
HBL,9/3/2013,706.0,700.0,690.0,690.0,-2.27,1231.0,237.0,183.0
HBL,9/4/2013,690.0,690.0,672.0,672.0,-2.61,336.0,237.0,183.0
HBL,9/5/2013,672.0,693.0,666.0,693.0,3.12,514.0,237.0,183.0
HBL,9/8/2013,693.0,692.0,688.0,690.0,-0.43,444.0,237.0,183.0
HBL,9/9/2013,690.0,703.0,690.0,702.0,1.74,2193.0,237.0,183.0
HBL,9/10/2013,702.0,716.0,690.0,700.0,-0.28,775.0,237.0,183.0
HBL,9/11/2013,700.0,704.0,692.0,700.0,0.0,1412.0,237.0,183.0
HBL,9/12/2013,700.0,695.0,686.0,695.0,-0.71,90.0,237.0,183.0
HBL,9/15/2013,695.0,700.0,688.0,689.0,-0.86,133.0,237.0,183.0
HBL,9/16/2013,689.0,692.0,679.0,680.0,-1.31,1519.0,237.0,183.0
HBL,9/17/2013,680.0,680.0,655.0,656.0,-3.53,1513.0,237.0,183.0
HBL,9/19/2013,656.0,665.0,656.0,665.0,1.37,292.0,237.0,183.0
HBL,9/22/2013,665.0,665.0,640.0,654.0,-1.65,5848.0,237.0,183.0
HBL,9/23/2013,654.0,650.0,600.0,624.0,-4.59,11114.0,237.0,183.0
HBL,9/24/2013,624.0,673.0,600.0,660.0,5.77,5542.0,237.0,183.0
HBL,9/25/2013,660.0,680.0,661.0,680.0,3.03,1076.0,237.0,183.0
HBL,9/26/2013,680.0,699.0,655.0,655.0,-3.68,1264.0,237.0,183.0
HBL,9/29/2013,655.0,668.0,655.0,665.0,1.53,2730.0,237.0,183.0
HBL,9/30/2013,665.0,671.0,665.0,671.0,0.9,2208.0,237.0,183.0
HBL,10/1/2013,671.0,680.0,675.0,675.0,0.6,262.0,237.0,183.0
HBL,10/2/2013,675.0,700.0,675.0,690.0,2.22,1464.0,237.0,183.0
HBL,10/3/2013,690.0,700.0,695.0,695.0,0.72,141.0,237.0,183.0
HBL,10/6/2013,695.0,708.0,695.0,708.0,1.87,132.0,237.0,183.0
HBL,10/7/2013,708.0,730.0,712.0,712.0,0.56,279.0,237.0,183.0
HBL,10/8/2013,712.0,715.0,705.0,715.0,0.42,3200.0,237.0,183.0
HBL,10/9/2013,715.0,725.0,720.0,725.0,1.4,1617.0,237.0,183.0
HBL,10/10/2013,725.0,735.0,718.0,733.0,1.1,432.0,237.0,183.0
HBL,10/17/2013,733.0,747.0,740.0,740.0,0.95,2194.0,237.0,183.0
HBL,10/20/2013,740.0,770.0,735.0,770.0,4.05,1206.0,237.0,183.0
HBL,10/21/2013,770.0,784.0,762.0,775.0,0.65,1661.0,237.0,183.0
HBL,10/22/2013,775.0,775.0,755.0,755.0,-2.58,724.0,237.0,183.0
HBL,10/23/2013,755.0,752.0,737.0,737.0,-2.38,609.0,237.0,183.0
HBL,10/24/2013,737.0,735.0,726.0,734.0,-0.41,2137.0,237.0,183.0
HBL,10/27/2013,734.0,735.0,730.0,735.0,0.14,254.0,237.0,183.0
HBL,10/28/2013,735.0,742.0,735.0,740.0,0.68,418.0,237.0,183.0
HBL,10/29/2013,740.0,740.0,733.0,740.0,0.0,336.0,237.0,183.0
HBL,10/30/2013,740.0,752.0,740.0,752.0,1.62,441.0,237.0,183.0
HBL,10/31/2013,752.0,750.0,742.0,750.0,-0.27,299.0,237.0,183.0
HBL,11/6/2013,750.0,745.0,735.0,745.0,-0.67,196.0,237.0,183.0
HBL,11/7/2013,745.0,751.0,740.0,751.0,0.81,960.0,237.0,183.0
HBL,11/11/2013,751.0,750.0,722.0,746.0,-0.67,13038.0,237.0,183.0
HBL,11/12/2013,746.0,780.0,731.0,731.0,-2.01,7978.0,237.0,183.0
HBL,11/13/2013,731.0,760.0,745.0,755.0,3.28,2244.0,237.0,183.0
HBL,11/14/2013,755.0,760.0,744.0,755.0,0.0,3015.0,237.0,183.0
HBL,11/21/2013,755.0,816.0,770.0,816.0,8.08,267.0,237.0,183.0
HBL,11/24/2013,816.0,896.0,830.0,832.0,1.96,10492.0,237.0,183.0
HBL,11/25/2013,832.0,820.0,800.0,805.0,-3.25,1769.0,237.0,183.0
HBL,11/26/2013,805.0,789.0,755.0,785.0,-2.48,2826.0,237.0,183.0
HBL,11/27/2013,785.0,770.0,740.0,755.0,-3.82,1855.0,237.0,183.0
HBL,11/28/2013,755.0,750.0,745.0,745.0,-1.32,1372.0,237.0,183.0
HBL,12/1/2013,745.0,749.0,740.0,740.0,-0.67,2869.0,237.0,183.0
HBL,12/2/2013,740.0,751.0,740.0,745.0,0.68,4050.0,237.0,183.0
HBL,12/3/2013,745.0,769.0,750.0,769.0,3.22,2152.0,237.0,183.0
HBL,12/4/2013,769.0,805.0,770.0,770.0,0.13,3034.0,237.0,183.0
HBL,12/5/2013,770.0,817.0,770.0,786.0,2.08,6654.0,237.0,183.0
HBL,12/8/2013,786.0,780.0,775.0,778.0,-1.02,1681.0,237.0,183.0
HBL,12/9/2013,778.0,810.0,768.0,810.0,4.11,2951.0,237.0,183.0
HBL,12/10/2013,810.0,800.0,793.0,795.0,-1.85,1562.0,237.0,183.0
HBL,12/11/2013,795.0,810.0,798.0,810.0,1.89,2555.0,237.0,183.0
HBL,12/12/2013,810.0,815.0,800.0,815.0,0.62,1762.0,237.0,183.0
HBL,12/15/2013,815.0,840.0,811.0,840.0,3.07,3634.0,237.0,183.0
HBL,12/16/2013,840.0,904.0,856.0,900.0,7.14,1863.0,237.0,183.0
HBL,12/18/2013,900.0,973.0,890.0,960.0,6.67,6374.0,237.0,183.0
HBL,12/19/2013,960.0,960.0,902.0,921.0,-4.06,8047.0,237.0,183.0
HBL,12/22/2013,921.0,920.0,890.0,890.0,-3.37,9477.0,237.0,183.0
HBL,12/23/2013,890.0,875.0,855.0,860.0,-3.37,6117.0,237.0,183.0
HBL,12/24/2013,860.0,885.0,840.0,885.0,2.91,4003.0,237.0,183.0
HBL,12/26/2013,885.0,939.0,880.0,880.0,-0.56,2003.0,237.0,183.0
HBL,12/29/2013,880.0,907.0,881.0,900.0,2.27,1855.0,237.0,183.0
HBL,12/31/2013,900.0,918.0,891.0,900.0,0.0,4812.0,237.0,183.0
HBL,1/1/2014,900.0,913.0,893.0,913.0,1.44,10264.0,237.0,183.0
HBL,1/2/2014,913.0,902.0,864.0,882.0,-3.4,8048.0,237.0,183.0
HBL,1/5/2014,882.0,888.0,860.0,868.0,-1.59,3725.0,237.0,183.0
HBL,1/6/2014,868.0,877.0,862.0,877.0,1.04,1702.0,237.0,183.0
HBL,1/7/2014,877.0,885.0,857.0,875.0,-0.23,2859.0,237.0,183.0
HBL,1/8/2014,875.0,908.0,870.0,900.0,2.86,1526.0,237.0,183.0
HBL,1/9/2014,900.0,903.0,885.0,900.0,0.0,1535.0,237.0,183.0
HBL,1/12/2014,900.0,908.0,888.0,895.0,-0.56,1824.0,237.0,183.0
HBL,1/13/2014,895.0,897.0,867.0,890.0,-0.56,3213.0,237.0,183.0
HBL,1/14/2014,890.0,902.0,885.0,890.0,0.0,1521.0,237.0,183.0
HBL,1/16/2014,890.0,920.0,896.0,900.0,1.12,3030.0,237.0,183.0
HBL,1/19/2014,900.0,900.0,894.0,894.0,-0.67,639.0,237.0,183.0
HBL,1/20/2014,894.0,891.0,880.0,891.0,-0.34,766.0,237.0,183.0
HBL,1/21/2014,891.0,890.0,880.0,880.0,-1.23,587.0,237.0,183.0
HBL,1/22/2014,880.0,883.0,861.0,883.0,0.34,1544.0,237.0,183.0
HBL,1/23/2014,883.0,894.0,880.0,885.0,0.23,2527.0,237.0,183.0
HBL,1/26/2014,885.0,880.0,870.0,874.0,-1.24,1625.0,237.0,183.0
HBL,1/27/2014,874.0,870.0,857.0,869.0,-0.57,1038.0,237.0,183.0
HBL,1/28/2014,869.0,871.0,855.0,871.0,0.23,3275.0,237.0,183.0
HBL,1/29/2014,871.0,875.0,865.0,871.0,0.0,4203.0,237.0,183.0
HBL,2/2/2014,871.0,886.0,858.0,858.0,-1.49,1072.0,237.0,183.0
HBL,2/3/2014,858.0,870.0,860.0,870.0,1.4,252.0,237.0,183.0
HBL,2/4/2014,870.0,870.0,870.0,870.0,0.0,22.0,237.0,183.0
HBL,2/6/2014,875.0,888.0,864.0,888.0,2.07,1109.0,237.0,183.0
HBL,2/9/2014,888.0,888.0,855.0,855.0,-3.72,2155.0,237.0,183.0
HBL,2/10/2014,855.0,910.0,872.0,895.0,4.68,5387.0,237.0,183.0
HBL,2/11/2014,895.0,888.0,862.0,881.0,-1.56,964.0,237.0,183.0
HBL,2/12/2014,881.0,894.0,870.0,888.0,0.79,1813.0,237.0,183.0
HBL,2/13/2014,888.0,899.0,890.0,890.0,0.23,435.0,237.0,183.0
HBL,2/16/2014,890.0,905.0,890.0,905.0,1.69,781.0,237.0,183.0
HBL,2/17/2014,905.0,900.0,890.0,900.0,-0.55,3817.0,237.0,183.0
HBL,2/18/2014,900.0,912.0,890.0,912.0,1.33,3620.0,237.0,183.0
HBL,2/20/2014,912.0,945.0,905.0,910.0,-0.22,5133.0,237.0,183.0
HBL,2/23/2014,910.0,981.0,928.0,953.0,4.73,5282.0,237.0,183.0
HBL,2/24/2014,953.0,991.0,950.0,960.0,0.73,4587.0,237.0,183.0
HBL,2/25/2014,960.0,979.0,942.0,965.0,0.52,2525.0,237.0,183.0
HBL,2/26/2014,965.0,984.0,940.0,944.0,-2.18,3298.0,237.0,183.0
HBL,3/3/2014,944.0,945.0,930.0,933.0,-1.17,4275.0,237.0,183.0
HBL,3/4/2014,933.0,951.0,897.0,909.0,-2.57,3022.0,237.0,183.0
HBL,3/5/2014,909.0,935.0,891.0,929.0,2.2,9433.0,237.0,183.0
HBL,3/6/2014,885.0,902.0,902.0,902.0,-2.91,85.0,237.0,183.0
HBL,3/9/2014,902.0,884.0,840.0,846.0,-6.21,923.0,237.0,183.0
HBL,3/10/2014,846.0,855.0,846.0,855.0,1.06,258.0,237.0,183.0
HBL,3/11/2014,855.0,860.0,855.0,860.0,0.58,777.0,237.0,183.0
HBL,3/12/2014,860.0,850.0,850.0,850.0,-1.16,749.0,237.0,183.0
HBL,3/13/2014,850.0,850.0,850.0,850.0,0.0,44.0,237.0,183.0
HBL,3/17/2014,850.0,840.0,831.0,831.0,-2.24,880.0,237.0,183.0
HBL,3/18/2014,831.0,821.0,804.0,805.0,-3.13,1701.0,237.0,183.0
HBL,3/19/2014,805.0,821.0,815.0,820.0,1.86,925.0,237.0,183.0
HBL,3/20/2014,820.0,820.0,820.0,820.0,0.0,187.0,237.0,183.0
HBL,3/23/2014,820.0,836.0,830.0,830.0,1.22,2056.0,237.0,183.0
HBL,3/24/2014,830.0,830.0,816.0,817.0,-1.57,1922.0,237.0,183.0
HBL,3/25/2014,817.0,820.0,810.0,812.0,-0.61,2072.0,237.0,183.0
HBL,3/26/2014,812.0,820.0,816.0,820.0,0.99,698.0,237.0,183.0
HBL,3/27/2014,820.0,820.0,820.0,820.0,0.0,280.0,237.0,183.0
HBL,3/31/2014,820.0,820.0,810.0,810.0,-1.22,529.0,237.0,183.0
HBL,4/1/2014,810.0,806.0,791.0,806.0,-0.49,2660.0,237.0,183.0
HBL,4/2/2014,806.0,812.0,802.0,812.0,0.74,343.0,237.0,183.0
HBL,4/3/2014,812.0,821.0,810.0,815.0,0.37,586.0,237.0,183.0
HBL,4/6/2014,815.0,815.0,795.0,803.0,-1.47,1452.0,237.0,183.0
HBL,4/7/2014,803.0,809.0,802.0,807.0,0.5,1594.0,237.0,183.0
HBL,4/9/2014,807.0,813.0,808.0,810.0,0.37,1269.0,237.0,183.0
HBL,4/10/2014,810.0,824.0,816.0,824.0,1.73,502.0,237.0,183.0
HBL,4/13/2014,824.0,829.0,820.0,829.0,0.61,1587.0,237.0,183.0
HBL,4/15/2014,829.0,835.0,830.0,835.0,0.72,1517.0,237.0,183.0
HBL,4/16/2014,835.0,835.0,820.0,820.0,-1.8,1013.0,237.0,183.0
HBL,4/17/2014,820.0,810.0,810.0,810.0,-1.22,147.0,237.0,183.0
HBL,4/20/2014,810.0,820.0,801.0,817.0,0.86,2175.0,237.0,183.0
HBL,4/21/2014,817.0,818.0,813.0,814.0,-0.37,1783.0,237.0,183.0
HBL,4/22/2014,814.0,820.0,805.0,820.0,0.74,1376.0,237.0,183.0
HBL,4/23/2014,820.0,825.0,815.0,825.0,0.61,1701.0,237.0,183.0
HBL,4/27/2014,825.0,825.0,818.0,818.0,-0.85,2252.0,237.0,183.0
HBL,4/29/2014,818.0,815.0,812.0,815.0,-0.37,1165.0,237.0,183.0
HBL,4/30/2014,815.0,814.0,805.0,810.0,-0.61,911.0,237.0,183.0
HBL,5/4/2014,810.0,810.0,795.0,800.0,-1.23,2325.0,237.0,183.0
HBL,5/5/2014,800.0,835.0,816.0,835.0,4.37,700.0,237.0,183.0
HBL,5/6/2014,835.0,870.0,836.0,858.0,2.75,3694.0,237.0,183.0
HBL,5/7/2014,858.0,880.0,860.0,869.0,1.28,2830.0,237.0,183.0
HBL,5/8/2014,869.0,865.0,855.0,856.0,-1.5,311.0,237.0,183.0
HBL,5/11/2014,856.0,850.0,845.0,845.0,-1.29,589.0,237.0,183.0
HBL,5/12/2014,845.0,877.0,850.0,877.0,3.79,1359.0,237.0,183.0
HBL,5/13/2014,877.0,880.0,855.0,865.0,-1.37,2445.0,237.0,183.0
HBL,5/15/2014,865.0,861.0,850.0,861.0,-0.46,292.0,237.0,183.0
HBL,5/18/2014,861.0,861.0,845.0,845.0,-1.86,748.0,237.0,183.0
HBL,5/19/2014,845.0,835.0,825.0,825.0,-2.37,1310.0,237.0,183.0
HBL,5/20/2014,825.0,830.0,820.0,822.0,-0.36,184.0,237.0,183.0
HBL,5/21/2014,822.0,822.0,805.0,811.0,-1.34,3902.0,237.0,183.0
HBL,5/22/2014,811.0,830.0,815.0,830.0,2.34,757.0,237.0,183.0
HBL,5/25/2014,830.0,840.0,814.0,830.0,0.0,2076.0,237.0,183.0
HBL,5/26/2014,830.0,840.0,820.0,828.0,-0.24,792.0,237.0,183.0
HBL,5/27/2014,828.0,821.0,810.0,815.0,-1.57,1280.0,237.0,183.0
HBL,5/28/2014,815.0,840.0,814.0,830.0,1.84,3563.0,237.0,183.0
HBL,6/1/2014,830.0,840.0,825.0,830.0,0.0,1740.0,237.0,183.0
HBL,6/2/2014,830.0,840.0,830.0,834.0,0.48,3579.0,237.0,183.0
HBL,6/3/2014,834.0,850.0,830.0,848.0,1.68,2386.0,237.0,183.0
HBL,6/4/2014,848.0,860.0,845.0,860.0,1.42,2207.0,237.0,183.0
HBL,6/5/2014,860.0,850.0,829.0,850.0,-1.16,5500.0,237.0,183.0
HBL,6/8/2014,850.0,858.0,840.0,841.0,-1.06,3655.0,237.0,183.0
HBL,6/9/2014,841.0,860.0,845.0,855.0,1.66,3138.0,237.0,183.0
HBL,6/10/2014,855.0,860.0,850.0,858.0,0.35,3231.0,237.0,183.0
HBL,6/11/2014,858.0,885.0,855.0,882.0,2.8,4829.0,237.0,183.0
HBL,6/12/2014,882.0,925.0,880.0,915.0,3.74,3471.0,237.0,183.0
HBL,6/15/2014,915.0,933.0,905.0,930.0,1.64,6331.0,237.0,183.0
HBL,6/16/2014,930.0,995.0,945.0,995.0,6.99,3814.0,237.0,183.0
HBL,6/17/2014,995.0,995.0,965.0,971.0,-2.41,1900.0,237.0,183.0
HBL,6/18/2014,971.0,985.0,950.0,950.0,-2.16,2530.0,237.0,183.0
HBL,6/19/2014,950.0,951.0,940.0,945.0,-0.53,1790.0,237.0,183.0
HBL,6/23/2014,945.0,930.0,930.0,930.0,-1.59,343.0,237.0,183.0
HBL,6/24/2014,930.0,928.0,910.0,914.0,-1.72,2783.0,237.0,183.0
HBL,6/25/2014,914.0,916.0,911.0,915.0,0.11,1850.0,237.0,183.0
HBL,6/26/2014,915.0,940.0,920.0,930.0,1.64,2477.0,237.0,183.0
HBL,6/29/2014,930.0,935.0,925.0,925.0,-0.54,234.0,237.0,183.0
HBL,6/30/2014,925.0,925.0,916.0,925.0,0.0,772.0,237.0,183.0
HBL,7/1/2014,925.0,936.0,920.0,920.0,-0.54,2306.0,237.0,183.0
HBL,7/2/2014,920.0,958.0,920.0,958.0,4.13,2200.0,237.0,183.0
HBL,7/3/2014,958.0,960.0,940.0,950.0,-0.84,1702.0,237.0,183.0
HBL,7/6/2014,950.0,955.0,941.0,941.0,-0.95,1476.0,237.0,183.0
HBL,7/7/2014,941.0,955.0,927.0,940.0,-0.11,2393.0,237.0,183.0
HBL,7/8/2014,940.0,974.0,940.0,974.0,3.62,2775.0,237.0,183.0
HBL,7/9/2014,974.0,992.0,992.0,992.0,1.85,74.0,237.0,183.0
HBL,7/10/2014,992.0,990.0,970.0,975.0,-1.71,3257.0,237.0,183.0
HBL,7/13/2014,975.0,1020.0,975.0,976.0,0.1,1556.0,237.0,183.0
HBL,7/14/2014,976.0,960.0,957.0,957.0,-1.95,697.0,237.0,183.0
HBL,7/15/2014,957.0,954.0,941.0,954.0,-0.31,2034.0,237.0,183.0
HBL,7/16/2014,954.0,960.0,941.0,941.0,-1.36,2974.0,237.0,183.0
HBL,7/17/2014,941.0,955.0,930.0,945.0,0.43,2065.0,237.0,183.0
HBL,7/20/2014,945.0,969.0,935.0,950.0,0.53,6571.0,237.0,183.0
HBL,7/21/2014,950.0,1010.0,940.0,997.0,4.95,21932.0,237.0,183.0
HBL,7/22/2014,997.0,999.0,972.0,990.0,-0.7,13304.0,237.0,183.0
HBL,7/23/2014,990.0,1009.0,980.0,995.0,0.51,5055.0,237.0,183.0
HBL,7/24/2014,995.0,1005.0,980.0,980.0,-1.51,1146.0,237.0,183.0
HBL,7/28/2014,980.0,984.0,961.0,980.0,0.0,2326.0,237.0,183.0
HBL,7/30/2014,980.0,971.0,927.0,935.0,-4.59,1515.0,237.0,183.0
HBL,7/31/2014,935.0,953.0,921.0,953.0,1.93,1327.0,237.0,183.0
HBL,8/3/2014,953.0,960.0,950.0,950.0,-0.31,2430.0,237.0,183.0
HBL,8/4/2014,950.0,950.0,930.0,940.0,-1.05,1662.0,237.0,183.0
HBL,8/5/2014,940.0,951.0,935.0,948.0,0.85,1363.0,237.0,183.0
HBL,8/6/2014,948.0,960.0,936.0,950.0,0.21,2082.0,237.0,183.0
HBL,8/7/2014,950.0,950.0,930.0,950.0,0.0,1093.0,237.0,183.0
HBL,8/12/2014,950.0,950.0,935.0,940.0,-1.05,554.0,237.0,183.0
HBL,8/13/2014,940.0,953.0,930.0,953.0,1.38,1870.0,237.0,183.0
HBL,8/14/2014,953.0,969.0,945.0,960.0,0.73,3020.0,237.0,183.0
HBL,8/18/2014,960.0,955.0,950.0,950.0,-1.04,294.0,237.0,183.0
HBL,8/19/2014,950.0,999.0,960.0,963.0,1.37,5453.0,237.0,183.0
HBL,8/20/2014,963.0,985.0,950.0,955.0,-0.83,2326.0,237.0,183.0
HBL,8/21/2014,955.0,990.0,949.0,985.0,3.14,4035.0,237.0,183.0
HBL,8/24/2014,985.0,1004.0,966.0,989.0,0.41,3307.0,237.0,183.0
HBL,8/25/2014,989.0,970.0,928.0,930.0,-5.97,848.0,237.0,183.0
HBL,8/26/2014,930.0,930.0,905.0,905.0,-2.69,2344.0,237.0,183.0
HBL,8/27/2014,905.0,941.0,923.0,928.0,2.54,1048.0,237.0,183.0
HBL,8/28/2014,928.0,965.0,946.0,960.0,3.45,1672.0,237.0,183.0
HBL,8/31/2014,960.0,941.0,923.0,925.0,-3.65,1513.0,237.0,183.0
HBL,9/1/2014,925.0,925.0,900.0,918.0,-0.76,2147.0,237.0,183.0
HBL,9/3/2014,918.0,935.0,910.0,910.0,-0.87,6985.0,237.0,183.0
HBL,9/4/2014,910.0,895.0,866.0,890.0,-2.2,461.0,237.0,183.0
HBL,9/7/2014,890.0,885.0,858.0,869.0,-2.36,4233.0,237.0,183.0
HBL,9/9/2014,869.0,895.0,875.0,895.0,2.99,374.0,237.0,183.0
HBL,9/10/2014,895.0,900.0,853.0,869.0,-2.91,2310.0,237.0,183.0
HBL,9/11/2014,869.0,871.0,852.0,871.0,0.23,1044.0,237.0,183.0
HBL,9/14/2014,871.0,870.0,854.0,854.0,-1.95,858.0,237.0,183.0
HBL,9/15/2014,854.0,845.0,845.0,845.0,-1.05,223.0,237.0,183.0
HBL,9/16/2014,845.0,885.0,850.0,870.0,2.96,4926.0,237.0,183.0
HBL,9/17/2014,870.0,875.0,860.0,875.0,0.57,2059.0,237.0,183.0
HBL,9/18/2014,875.0,870.0,860.0,870.0,-0.57,237.0,237.0,183.0
HBL,9/21/2014,870.0,887.0,849.0,849.0,-2.41,518.0,237.0,183.0
HBL,9/22/2014,849.0,865.0,831.0,831.0,-2.12,2930.0,237.0,183.0
HBL,9/23/2014,831.0,870.0,831.0,855.0,2.89,3700.0,237.0,183.0
HBL,9/24/2014,855.0,870.0,842.0,870.0,1.75,1206.0,237.0,183.0
HBL,9/28/2014,870.0,880.0,870.0,880.0,1.15,243.0,237.0,183.0
HBL,9/29/2014,880.0,875.0,860.0,865.0,-1.7,861.0,237.0,183.0
HBL,9/30/2014,865.0,882.0,880.0,880.0,1.73,426.0,237.0,183.0
HBL,10/9/2014,880.0,885.0,870.0,870.0,-1.14,125.0,237.0,183.0
HBL,10/12/2014,870.0,870.0,853.0,870.0,0.0,678.0,237.0,183.0
HBL,10/13/2014,870.0,870.0,855.0,855.0,-1.72,128.0,237.0,183.0
HBL,10/14/2014,855.0,865.0,850.0,865.0,1.17,729.0,237.0,183.0
HBL,10/15/2014,865.0,878.0,861.0,878.0,1.5,3072.0,237.0,183.0
HBL,10/16/2014,878.0,885.0,865.0,870.0,-0.91,1047.0,237.0,183.0
HBL,10/19/2014,870.0,880.0,865.0,875.0,0.57,1697.0,237.0,183.0
HBL,10/20/2014,875.0,880.0,873.0,873.0,-0.23,693.0,237.0,183.0
HBL,10/21/2014,873.0,880.0,868.0,868.0,-0.57,521.0,237.0,183.0
HBL,10/22/2014,868.0,885.0,860.0,885.0,1.96,1287.0,237.0,183.0
HBL,10/26/2014,885.0,875.0,871.0,871.0,-1.58,388.0,237.0,183.0
HBL,10/27/2014,871.0,900.0,880.0,900.0,3.33,2951.0,237.0,183.0
HBL,10/28/2014,900.0,910.0,900.0,907.0,0.78,4353.0,237.0,183.0
HBL,10/30/2014,907.0,920.0,900.0,904.0,-0.33,2527.0,237.0,183.0
HBL,11/2/2014,904.0,904.0,894.0,894.0,-1.11,1261.0,237.0,183.0
HBL,11/3/2014,894.0,895.0,874.0,874.0,-2.24,1025.0,237.0,183.0
HBL,11/4/2014,874.0,870.0,860.0,863.0,-1.26,560.0,237.0,183.0
HBL,11/5/2014,863.0,874.0,874.0,874.0,1.27,208.0,237.0,183.0
HBL,11/6/2014,874.0,861.0,850.0,851.0,-2.63,490.0,237.0,183.0
HBL,11/9/2014,851.0,855.0,842.0,851.0,0.0,1011.0,237.0,183.0
HBL,11/10/2014,851.0,852.0,840.0,840.0,-1.29,147.0,237.0,183.0
HBL,11/11/2014,840.0,856.0,830.0,856.0,1.9,1333.0,237.0,183.0
HBL,11/12/2014,856.0,856.0,853.0,856.0,0.0,191.0,237.0,183.0
HBL,11/13/2014,856.0,856.0,825.0,842.0,-1.64,2839.0,237.0,183.0
HBL,11/16/2014,842.0,857.0,840.0,840.0,-0.24,790.0,237.0,183.0
HBL,11/17/2014,840.0,826.0,815.0,825.0,-1.79,986.0,237.0,183.0
HBL,11/18/2014,825.0,816.0,800.0,816.0,-1.09,294.0,237.0,183.0
HBL,11/19/2014,816.0,830.0,815.0,815.0,-0.12,4327.0,237.0,183.0
HBL,11/20/2014,815.0,832.0,800.0,820.0,0.61,3948.0,237.0,183.0
HBL,11/23/2014,820.0,861.0,830.0,830.0,1.22,1662.0,237.0,183.0
HBL,11/24/2014,830.0,832.0,816.0,821.0,-1.08,4450.0,237.0,183.0
HBL,11/25/2014,821.0,840.0,805.0,835.0,1.71,2681.0,237.0,183.0
HBL,12/1/2014,726.0,712.0,712.0,712.0,-14.73,100.0,237.0,183.0
HBL,12/2/2014,712.0,700.0,700.0,700.0,-1.69,547.0,237.0,183.0
HBL,12/3/2014,700.0,709.0,700.0,709.0,1.29,538.0,237.0,183.0
HBL,12/4/2014,709.0,709.0,700.0,709.0,0.0,245.0,237.0,183.0
HBL,12/7/2014,709.0,709.0,700.0,700.0,-1.27,32.0,237.0,183.0
HBL,12/8/2014,700.0,690.0,690.0,690.0,-1.43,490.0,237.0,183.0
HBL,12/9/2014,690.0,690.0,680.0,680.0,-1.45,271.0,237.0,183.0
HBL,12/10/2014,680.0,699.0,692.0,692.0,1.76,1067.0,237.0,183.0
HBL,12/11/2014,692.0,703.0,690.0,690.0,-0.29,2178.0,237.0,183.0
HBL,12/14/2014,690.0,730.0,700.0,730.0,5.8,834.0,237.0,183.0
HBL,12/15/2014,730.0,760.0,743.0,743.0,1.78,1050.0,237.0,183.0
HBL,12/16/2014,743.0,740.0,730.0,730.0,-1.75,174.0,237.0,183.0
HBL,12/18/2014,730.0,725.0,725.0,725.0,-0.68,52.0,237.0,183.0
HBL,12/21/2014,725.0,722.0,712.0,722.0,-0.41,138.0,237.0,183.0
HBL,12/22/2014,722.0,736.0,736.0,736.0,1.94,81.0,237.0,183.0
HBL,12/24/2014,736.0,745.0,725.0,745.0,1.22,629.0,237.0,183.0
HBL,12/28/2014,745.0,774.0,752.0,755.0,1.34,1515.0,237.0,183.0
HBL,12/29/2014,755.0,775.0,755.0,775.0,2.65,740.0,237.0,183.0
HBL,12/31/2014,775.0,765.0,760.0,765.0,-1.29,281.0,237.0,183.0
HBL,1/1/2015,765.0,770.0,760.0,760.0,-0.65,1480.0,237.0,183.0
HBL,1/4/2015,760.0,805.0,768.0,805.0,5.92,1146.0,237.0,183.0
HBL,1/5/2015,805.0,835.0,806.0,815.0,1.24,4423.0,237.0,183.0
HBL,1/6/2015,815.0,816.0,800.0,805.0,-1.23,3183.0,237.0,183.0
HBL,1/7/2015,805.0,811.0,805.0,805.0,0.0,884.0,237.0,183.0
HBL,1/8/2015,805.0,815.0,807.0,815.0,1.24,409.0,237.0,183.0
HBL,1/11/2015,815.0,825.0,800.0,815.0,0.0,732.0,237.0,183.0
HBL,1/12/2015,815.0,828.0,801.0,828.0,1.6,1378.0,237.0,183.0
HBL,1/13/2015,828.0,830.0,810.0,830.0,0.24,1517.0,237.0,183.0
HBL,1/14/2015,830.0,826.0,825.0,826.0,-0.48,361.0,237.0,183.0
HBL,1/18/2015,826.0,858.0,840.0,858.0,3.87,756.0,237.0,183.0
HBL,1/19/2015,858.0,875.0,858.0,873.0,1.75,3850.0,237.0,183.0
HBL,1/20/2015,873.0,905.0,856.0,870.0,-0.34,7171.0,237.0,183.0
HBL,1/22/2015,870.0,903.0,851.0,903.0,3.79,6364.0,237.0,183.0
HBL,1/25/2015,903.0,954.0,920.0,945.0,4.65,15371.0,237.0,183.0
HBL,1/26/2015,945.0,982.0,942.0,946.0,0.11,1906.0,237.0,183.0
HBL,1/27/2015,946.0,970.0,927.0,968.0,2.33,10958.0,237.0,183.0
HBL,1/28/2015,968.0,974.0,955.0,971.0,0.31,4157.0,237.0,183.0
HBL,1/29/2015,971.0,990.0,948.0,965.0,-0.62,2332.0,237.0,183.0
HBL,2/1/2015,965.0,964.0,951.0,951.0,-1.45,247.0,237.0,183.0
HBL,2/2/2015,951.0,933.0,926.0,926.0,-2.63,721.0,237.0,183.0
HBL,2/3/2015,926.0,950.0,926.0,942.0,1.73,1752.0,237.0,183.0
HBL,2/4/2015,942.0,944.0,935.0,944.0,0.21,923.0,237.0,183.0
HBL,2/5/2015,944.0,926.0,920.0,920.0,-2.54,551.0,237.0,183.0
HBL,2/8/2015,920.0,928.0,900.0,928.0,0.87,4161.0,237.0,183.0
HBL,2/9/2015,928.0,918.0,900.0,918.0,-1.08,2519.0,237.0,183.0
HBL,2/10/2015,918.0,935.0,900.0,935.0,1.85,1499.0,237.0,183.0
HBL,2/11/2015,935.0,945.0,920.0,945.0,1.07,596.0,237.0,183.0
HBL,2/12/2015,945.0,951.0,930.0,951.0,0.63,3908.0,237.0,183.0
HBL,2/15/2015,951.0,952.0,949.0,949.0,-0.21,391.0,237.0,183.0
HBL,2/16/2015,949.0,935.0,906.0,906.0,-4.53,1106.0,237.0,183.0
HBL,2/18/2015,906.0,910.0,900.0,910.0,0.44,1127.0,237.0,183.0
HBL,2/22/2015,910.0,906.0,880.0,906.0,-0.44,1726.0,237.0,183.0
HBL,2/23/2015,906.0,906.0,899.0,900.0,-0.66,3205.0,237.0,183.0
HBL,2/24/2015,900.0,901.0,895.0,895.0,-0.56,339.0,237.0,183.0
HBL,2/25/2015,895.0,900.0,885.0,885.0,-1.12,1282.0,237.0,183.0
HBL,3/1/2015,885.0,880.0,877.0,880.0,-0.56,833.0,237.0,183.0
HBL,3/2/2015,880.0,904.0,870.0,888.0,0.91,868.0,237.0,183.0
HBL,3/3/2015,888.0,905.0,900.0,905.0,1.91,572.0,237.0,183.0
HBL,3/4/2015,905.0,933.0,900.0,933.0,3.09,759.0,237.0,183.0
HBL,3/9/2015,933.0,935.0,900.0,900.0,-3.54,1398.0,237.0,183.0
HBL,3/10/2015,900.0,900.0,890.0,900.0,0.0,262.0,237.0,183.0
HBL,3/11/2015,900.0,905.0,905.0,905.0,0.56,25.0,237.0,183.0
HBL,3/12/2015,905.0,901.0,866.0,880.0,-2.76,660.0,237.0,183.0
HBL,3/16/2015,880.0,871.0,859.0,871.0,-1.02,5589.0,237.0,183.0
HBL,3/17/2015,871.0,905.0,888.0,905.0,3.9,71.0,237.0,183.0
HBL,3/18/2015,905.0,912.0,887.0,912.0,0.77,65.0,237.0,183.0
HBL,3/19/2015,912.0,912.0,878.0,890.0,-2.41,1458.0,237.0,183.0
HBL,3/22/2015,890.0,892.0,875.0,892.0,0.22,2004.0,237.0,183.0
HBL,3/23/2015,892.0,892.0,865.0,865.0,-3.03,2735.0,237.0,183.0
HBL,3/24/2015,865.0,877.0,860.0,860.0,-0.58,3617.0,237.0,183.0
HBL,3/25/2015,860.0,860.0,858.0,858.0,-0.23,1085.0,237.0,183.0
HBL,3/26/2015,858.0,859.0,850.0,853.0,-0.58,327.0,237.0,183.0
HBL,3/29/2015,853.0,844.0,833.0,833.0,-2.34,4665.0,237.0,183.0
HBL,3/30/2015,833.0,836.0,825.0,836.0,0.36,1561.0,237.0,183.0
HBL,3/31/2015,836.0,841.0,837.0,841.0,0.6,1153.0,237.0,183.0
HBL,4/1/2015,841.0,845.0,828.0,830.0,-1.31,2434.0,237.0,183.0
HBL,4/2/2015,830.0,855.0,831.0,855.0,3.01,1154.0,237.0,183.0
HBL,4/5/2015,855.0,841.0,838.0,838.0,-1.99,400.0,237.0,183.0
HBL,4/6/2015,838.0,841.0,825.0,841.0,0.36,1173.0,237.0,183.0
HBL,4/7/2015,841.0,853.0,853.0,853.0,1.43,24.0,237.0,183.0
HBL,4/8/2015,853.0,845.0,830.0,830.0,-2.7,1672.0,237.0,183.0
HBL,4/9/2015,830.0,851.0,828.0,840.0,1.2,1717.0,237.0,183.0
HBL,4/12/2015,840.0,856.0,839.0,839.0,-0.12,165.0,237.0,183.0
HBL,4/13/2015,839.0,845.0,832.0,835.0,-0.48,2007.0,237.0,183.0
HBL,4/15/2015,835.0,835.0,825.0,835.0,0.0,63.0,237.0,183.0
HBL,4/16/2015,835.0,867.0,830.0,867.0,3.83,831.0,237.0,183.0
HBL,4/19/2015,867.0,860.0,860.0,860.0,-0.81,200.0,237.0,183.0
HBL,4/20/2015,860.0,845.0,827.0,827.0,-3.84,1423.0,237.0,183.0
HBL,4/21/2015,827.0,850.0,827.0,828.0,0.12,1042.0,237.0,183.0
HBL,4/22/2015,828.0,838.0,820.0,838.0,1.21,737.0,237.0,183.0
HBL,4/23/2015,838.0,838.0,822.0,830.0,-0.95,974.0,237.0,183.0
HBL,5/26/2015,830.0,814.0,747.0,747.0,-10.0,381.0,237.0,183.0
HBL,5/27/2015,747.0,733.0,733.0,733.0,-1.87,20.0,237.0,183.0
HBL,5/28/2015,733.0,729.0,705.0,718.0,-2.05,1462.0,237.0,183.0
HBL,5/31/2015,718.0,750.0,732.0,736.0,2.51,1627.0,237.0,183.0
HBL,6/1/2015,736.0,780.0,745.0,750.0,1.9,1727.0,237.0,183.0
HBL,6/2/2015,750.0,763.0,740.0,763.0,1.73,2750.0,237.0,183.0
HBL,6/3/2015,763.0,808.0,752.0,792.0,3.8,4646.0,237.0,183.0
HBL,6/4/2015,792.0,805.0,777.0,792.0,0.0,1313.0,237.0,183.0
HBL,6/7/2015,792.0,807.0,785.0,798.0,0.76,1802.0,237.0,183.0
HBL,6/8/2015,798.0,844.0,800.0,818.0,2.51,4020.0,237.0,183.0
HBL,6/9/2015,818.0,877.0,815.0,825.0,0.86,5388.0,237.0,183.0
HBL,6/10/2015,825.0,835.0,815.0,835.0,1.21,1080.0,237.0,183.0
HBL,6/11/2015,835.0,830.0,818.0,818.0,-2.04,1800.0,237.0,183.0
HBL,6/14/2015,818.0,820.0,796.0,796.0,-2.69,636.0,237.0,183.0
HBL,6/15/2015,796.0,805.0,790.0,805.0,1.13,1254.0,237.0,183.0
HBL,6/16/2015,805.0,810.0,791.0,810.0,0.62,1573.0,237.0,183.0
HBL,6/17/2015,810.0,805.0,789.0,800.0,-1.23,1386.0,237.0,183.0
HBL,6/18/2015,800.0,800.0,784.0,796.0,-0.5,920.0,237.0,183.0
HBL,6/21/2015,796.0,795.0,780.0,787.0,-1.13,1498.0,237.0,183.0
HBL,6/22/2015,787.0,788.0,780.0,780.0,-0.89,3673.0,237.0,183.0
HBL,6/23/2015,780.0,780.0,775.0,780.0,0.0,432.0,237.0,183.0
HBL,6/24/2015,780.0,799.0,780.0,786.0,0.77,3687.0,237.0,183.0
HBL,6/25/2015,786.0,805.0,780.0,805.0,2.42,1037.0,237.0,183.0
HBL,6/28/2015,805.0,811.0,810.0,811.0,0.75,223.0,237.0,183.0
HBL,6/29/2015,811.0,831.0,815.0,815.0,0.49,983.0,237.0,183.0
HBL,6/30/2015,815.0,821.0,815.0,821.0,0.74,1979.0,237.0,183.0
HBL,7/1/2015,821.0,825.0,816.0,820.0,-0.12,1361.0,237.0,183.0
HBL,7/2/2015,820.0,823.0,815.0,819.0,-0.12,938.0,237.0,183.0
HBL,7/5/2015,819.0,820.0,810.0,811.0,-0.98,1885.0,237.0,183.0
HBL,7/6/2015,811.0,812.0,806.0,812.0,0.12,590.0,237.0,183.0
HBL,7/7/2015,812.0,814.0,803.0,814.0,0.25,1050.0,237.0,183.0
HBL,7/8/2015,814.0,824.0,814.0,820.0,0.74,1908.0,237.0,183.0
HBL,7/9/2015,820.0,824.0,817.0,819.0,-0.12,836.0,237.0,183.0
HBL,7/12/2015,819.0,819.0,810.0,816.0,-0.37,1043.0,237.0,183.0
HBL,7/13/2015,816.0,821.0,816.0,816.0,0.0,368.0,237.0,183.0
HBL,7/14/2015,816.0,816.0,810.0,810.0,-0.74,1332.0,237.0,183.0
HBL,7/15/2015,810.0,813.0,805.0,812.0,0.25,1700.0,237.0,183.0
HBL,7/16/2015,812.0,815.0,805.0,813.0,0.12,1464.0,237.0,183.0
HBL,7/22/2015,813.0,830.0,816.0,830.0,2.09,557.0,237.0,183.0
HBL,7/23/2015,830.0,900.0,815.0,900.0,8.43,2725.0,237.0,183.0
HBL,7/26/2015,900.0,990.0,918.0,990.0,10.0,626.0,237.0,183.0
HBL,7/27/2015,990.0,1081.0,955.0,989.0,-0.1,20206.0,237.0,183.0
HBL,7/28/2015,989.0,1008.0,960.0,980.0,-0.91,7969.0,237.0,183.0
HBL,7/29/2015,980.0,985.0,965.0,965.0,-1.53,3928.0,237.0,183.0
HBL,7/30/2015,965.0,985.0,963.0,980.0,1.55,15039.0,237.0,183.0
HBL,8/2/2015,980.0,1035.0,980.0,1033.0,5.41,13413.0,237.0,183.0
HBL,8/3/2015,1033.0,1034.0,1007.0,1030.0,-0.29,14769.0,237.0,183.0
HBL,8/4/2015,1030.0,1036.0,1016.0,1030.0,0.0,12903.0,237.0,183.0
HBL,8/5/2015,1030.0,1081.0,1005.0,1081.0,4.95,29025.0,237.0,183.0
HBL,8/6/2015,1081.0,1120.0,1075.0,1078.0,-0.28,12794.0,237.0,183.0
HBL,8/9/2015,1078.0,1130.0,1080.0,1100.0,2.04,17381.0,237.0,183.0
HBL,8/10/2015,1100.0,1155.0,1105.0,1140.0,3.64,20775.0,237.0,183.0
HBL,8/11/2015,1140.0,1135.0,1100.0,1120.0,-1.75,11214.0,237.0,183.0
HBL,8/12/2015,1120.0,1125.0,1105.0,1120.0,0.0,22070.0,237.0,183.0
HBL,8/13/2015,1120.0,1165.0,1125.0,1150.0,2.68,14247.0,237.0,183.0
HBL,8/16/2015,1150.0,1193.0,1139.0,1188.0,3.3,21917.0,237.0,183.0
HBL,8/17/2015,1188.0,1261.0,1190.0,1234.0,3.87,11144.0,237.0,183.0
HBL,8/18/2015,1234.0,1286.0,1212.0,1272.0,3.08,10044.0,237.0,183.0
HBL,8/19/2015,1272.0,1398.0,1260.0,1398.0,9.91,5565.0,237.0,183.0
HBL,8/20/2015,1398.0,1475.0,1370.0,1395.0,-0.21,7747.0,237.0,183.0
HBL,8/23/2015,1395.0,1397.0,1320.0,1355.0,-2.87,4218.0,237.0,183.0
HBL,8/24/2015,1355.0,1395.0,1340.0,1355.0,0.0,4927.0,237.0,183.0
HBL,8/25/2015,1355.0,1349.0,1300.0,1349.0,-0.44,10375.0,237.0,183.0
HBL,8/26/2015,1349.0,1370.0,1340.0,1340.0,-0.67,5753.0,237.0,183.0
HBL,8/27/2015,1340.0,1335.0,1290.0,1310.0,-2.24,2412.0,237.0,183.0
HBL,8/31/2015,1310.0,1315.0,1285.0,1315.0,0.38,4489.0,237.0,183.0
HBL,9/1/2015,1315.0,1300.0,1275.0,1299.0,-1.22,2990.0,237.0,183.0
HBL,9/2/2015,1299.0,1290.0,1270.0,1280.0,-1.46,1765.0,237.0,183.0
HBL,9/3/2015,1280.0,1280.0,1240.0,1250.0,-2.34,2137.0,237.0,183.0
HBL,9/6/2015,1250.0,1275.0,1200.0,1258.0,0.64,5146.0,237.0,183.0
HBL,9/7/2015,1258.0,1294.0,1265.0,1288.0,2.38,6519.0,237.0,183.0
HBL,9/8/2015,1288.0,1315.0,1261.0,1280.0,-0.62,1939.0,237.0,183.0
HBL,9/9/2015,1280.0,1295.0,1269.0,1290.0,0.78,1402.0,237.0,183.0
HBL,9/10/2015,1290.0,1343.0,1265.0,1343.0,4.11,10276.0,237.0,183.0
HBL,9/13/2015,1343.0,1450.0,1320.0,1402.0,4.39,23725.0,237.0,183.0
HBL,9/14/2015,1402.0,1480.0,1398.0,1408.0,0.43,10694.0,237.0,183.0
HBL,9/15/2015,1408.0,1430.0,1390.0,1403.0,-0.36,6994.0,237.0,183.0
HBL,9/16/2015,1403.0,1423.0,1375.0,1396.0,-0.5,4521.0,237.0,183.0
HBL,9/17/2015,1396.0,1405.0,1370.0,1400.0,0.29,7638.0,237.0,183.0
HBL,9/22/2015,1400.0,1380.0,1301.0,1301.0,-7.07,14575.0,237.0,183.0
HBL,9/23/2015,1301.0,1377.0,1270.0,1345.0,3.38,29830.0,237.0,183.0
HBL,9/24/2015,1345.0,1365.0,1333.0,1350.0,0.37,23238.0,237.0,183.0
HBL,9/28/2015,1350.0,1345.0,1295.0,1339.0,-0.81,11315.0,237.0,183.0
HBL,9/29/2015,1339.0,1360.0,1337.0,1340.0,0.07,5934.0,237.0,183.0
HBL,9/30/2015,1340.0,1360.0,1320.0,1340.0,0.0,8254.0,237.0,183.0
HBL,10/1/2015,1340.0,1350.0,1338.0,1338.0,-0.15,2514.0,237.0,183.0
HBL,10/4/2015,1338.0,1340.0,1335.0,1339.0,0.07,3724.0,237.0,183.0
HBL,10/5/2015,1339.0,1335.0,1320.0,1320.0,-1.42,1214.0,237.0,183.0
HBL,10/6/2015,1320.0,1301.0,1289.0,1290.0,-2.27,2029.0,237.0,183.0
HBL,10/7/2015,1290.0,1279.0,1246.0,1270.0,-1.55,2812.0,237.0,183.0
HBL,10/8/2015,1270.0,1300.0,1248.0,1290.0,1.57,8747.0,237.0,183.0
HBL,10/11/2015,1290.0,1270.0,1252.0,1269.0,-1.63,2102.0,237.0,183.0
HBL,10/14/2015,1269.0,1271.0,1255.0,1255.0,-1.1,3637.0,237.0,183.0
HBL,10/15/2015,1255.0,1260.0,1230.0,1250.0,-0.4,2004.0,237.0,183.0
HBL,10/18/2015,1250.0,1250.0,1240.0,1240.0,-0.8,1933.0,237.0,183.0
HBL,10/19/2015,1240.0,1239.0,1230.0,1239.0,-0.08,5173.0,237.0,183.0
HBL,10/25/2015,1239.0,1245.0,1234.0,1239.0,0.0,344.0,237.0,183.0
HBL,10/27/2015,1239.0,1215.0,1186.0,1200.0,-3.15,2886.0,237.0,183.0
HBL,10/28/2015,1200.0,1185.0,1120.0,1185.0,-1.25,2698.0,237.0,183.0
HBL,10/29/2015,1185.0,1215.0,1180.0,1215.0,2.53,3025.0,237.0,183.0
HBL,11/1/2015,1215.0,1235.0,1197.0,1214.0,-0.08,1685.0,237.0,183.0
HBL,11/2/2015,1214.0,1230.0,1195.0,1210.0,-0.33,2508.0,237.0,183.0
HBL,11/3/2015,1210.0,1213.0,1180.0,1210.0,0.0,3488.0,237.0,183.0
HBL,11/4/2015,1210.0,1220.0,1190.0,1200.0,-0.83,3160.0,237.0,183.0
HBL,11/5/2015,1200.0,1272.0,1224.0,1250.0,4.17,16156.0,237.0,183.0
HBL,11/8/2015,1250.0,1265.0,1250.0,1260.0,0.8,7222.0,237.0,183.0
HBL,11/9/2015,1260.0,1305.0,1250.0,1303.0,3.41,14394.0,237.0,183.0
HBL,11/10/2015,1303.0,1335.0,1309.0,1315.0,0.92,9003.0,237.0,183.0
HBL,11/15/2015,1315.0,1302.0,1275.0,1299.0,-1.22,3763.0,237.0,183.0
HBL,11/16/2015,1299.0,1305.0,1295.0,1305.0,0.46,2958.0,237.0,183.0
HBL,11/18/2015,1305.0,1340.0,1310.0,1322.0,1.3,3544.0,237.0,183.0
HBL,11/19/2015,1322.0,1329.0,1301.0,1314.0,-0.61,3109.0,237.0,183.0
HBL,11/22/2015,1314.0,1300.0,1289.0,1298.0,-1.22,3300.0,237.0,183.0
HBL,11/23/2015,1298.0,1280.0,1250.0,1272.0,-2.0,3032.0,237.0,183.0
HBL,11/24/2015,1272.0,1266.0,1250.0,1260.0,-0.94,8330.0,237.0,183.0
HBL,11/25/2015,1260.0,1270.0,1250.0,1260.0,0.0,4518.0,237.0,183.0
HBL,11/26/2015,1260.0,1250.0,1228.0,1250.0,-0.79,5615.0,237.0,183.0
HBL,11/29/2015,1250.0,1243.0,1225.0,1243.0,-0.56,3453.0,237.0,183.0
HBL,11/30/2015,1243.0,1280.0,1240.0,1255.0,0.97,3769.0,237.0,183.0
HBL,12/1/2015,1255.0,1305.0,1280.0,1300.0,3.59,13696.0,237.0,183.0
HBL,12/2/2015,1300.0,1324.0,1290.0,1316.0,1.23,33669.0,237.0,183.0
HBL,12/3/2015,1316.0,1350.0,1300.0,1338.0,1.67,61352.0,237.0,183.0
HBL,12/6/2015,991.0,1030.0,994.0,1000.0,-25.26,4857.0,237.0,183.0
HBL,12/7/2015,1000.0,1020.0,1000.0,1000.0,0.0,3459.0,237.0,183.0
HBL,12/8/2015,1000.0,1000.0,984.0,999.0,-0.1,1624.0,237.0,183.0
HBL,12/9/2015,999.0,1010.0,995.0,1000.0,0.1,3121.0,237.0,183.0
HBL,12/10/2015,1000.0,1000.0,999.0,999.0,-0.1,200.0,237.0,183.0
HBL,12/13/2015,999.0,990.0,980.0,983.0,-1.6,182.0,237.0,183.0
HBL,12/14/2015,983.0,970.0,961.0,966.0,-1.73,3956.0,237.0,183.0
HBL,12/15/2015,966.0,955.0,940.0,945.0,-2.17,1638.0,237.0,183.0
HBL,12/16/2015,945.0,933.0,933.0,933.0,-1.27,100.0,237.0,183.0
HBL,12/17/2015,933.0,925.0,915.0,921.0,-1.29,2598.0,237.0,183.0
HBL,12/20/2015,921.0,931.0,925.0,930.0,0.98,753.0,237.0,183.0
HBL,12/21/2015,930.0,951.0,937.0,951.0,2.26,1600.0,237.0,183.0
HBL,12/22/2015,951.0,970.0,940.0,970.0,2.0,3651.0,237.0,183.0
HBL,12/23/2015,970.0,975.0,935.0,935.0,-3.61,1218.0,237.0,183.0
HBL,12/24/2015,935.0,955.0,925.0,945.0,1.07,1253.0,237.0,183.0
HBL,12/27/2015,945.0,949.0,931.0,933.0,-1.27,1116.0,237.0,183.0
HBL,12/28/2015,933.0,934.0,917.0,930.0,-0.32,2084.0,237.0,183.0
HBL,12/29/2015,930.0,945.0,935.0,945.0,1.61,1232.0,237.0,183.0
HBL,12/31/2015,945.0,945.0,940.0,940.0,-0.53,571.0,237.0,183.0
HBL,1/3/2016,940.0,940.0,931.0,932.0,-0.85,2629.0,237.0,183.0
HBL,1/4/2016,932.0,932.0,915.0,926.0,-0.64,1030.0,237.0,183.0
HBL,1/5/2016,926.0,930.0,915.0,920.0,-0.65,5939.0,237.0,183.0
HBL,1/6/2016,920.0,930.0,915.0,922.0,0.22,1016.0,237.0,183.0
HBL,1/7/2016,922.0,938.0,930.0,938.0,1.74,1260.0,237.0,183.0
HBL,1/10/2016,938.0,953.0,935.0,938.0,0.0,872.0,237.0,183.0
HBL,1/11/2016,938.0,950.0,950.0,950.0,1.28,150.0,237.0,183.0
HBL,1/12/2016,950.0,945.0,945.0,945.0,-0.53,850.0,237.0,183.0
HBL,1/13/2016,945.0,940.0,939.0,940.0,-0.53,212.0,237.0,183.0
HBL,1/14/2016,940.0,940.0,940.0,940.0,0.0,32.0,237.0,183.0
HBL,1/17/2016,940.0,985.0,958.0,985.0,4.79,2774.0,237.0,183.0
HBL,1/18/2016,985.0,999.0,967.0,980.0,-0.51,5111.0,237.0,183.0
HBL,1/19/2016,980.0,985.0,970.0,975.0,-0.51,1994.0,237.0,183.0
HBL,1/20/2016,975.0,984.0,965.0,984.0,0.92,1006.0,237.0,183.0
HBL,1/21/2016,984.0,985.0,971.0,971.0,-1.32,1100.0,237.0,183.0
HBL,1/24/2016,971.0,981.0,970.0,980.0,0.93,10563.0,237.0,183.0
HBL,1/25/2016,980.0,1000.0,980.0,985.0,0.51,3547.0,237.0,183.0
HBL,1/26/2016,985.0,980.0,975.0,976.0,-0.91,554.0,237.0,183.0
HBL,1/27/2016,976.0,979.0,964.0,979.0,0.31,670.0,237.0,183.0
HBL,1/28/2016,979.0,971.0,961.0,966.0,-1.33,1264.0,237.0,183.0
HBL,1/31/2016,966.0,975.0,965.0,975.0,0.93,1519.0,237.0,183.0
HBL,2/1/2016,975.0,993.0,977.0,990.0,1.54,1947.0,237.0,183.0
HBL,2/2/2016,990.0,1000.0,980.0,982.0,-0.81,2063.0,237.0,183.0
HBL,2/3/2016,982.0,990.0,982.0,985.0,0.31,3880.0,237.0,183.0
HBL,2/4/2016,985.0,990.0,984.0,990.0,0.51,1461.0,237.0,183.0
HBL,2/7/2016,990.0,1015.0,989.0,991.0,0.1,4544.0,237.0,183.0
HBL,2/8/2016,991.0,1030.0,999.0,1000.0,0.91,8435.0,237.0,183.0
HBL,2/11/2016,1000.0,1014.0,1000.0,1008.0,0.8,6069.0,237.0,183.0
HBL,2/14/2016,1008.0,1012.0,1006.0,1006.0,-0.2,2282.0,237.0,183.0
HBL,2/15/2016,1006.0,1035.0,991.0,1035.0,2.88,5406.0,237.0,183.0
HBL,2/16/2016,1035.0,1054.0,1040.0,1040.0,0.48,1955.0,237.0,183.0
HBL,2/17/2016,1040.0,1070.0,1049.0,1059.0,1.83,3419.0,237.0,183.0
HBL,2/18/2016,1059.0,1137.0,1060.0,1112.0,5.0,15808.0,237.0,183.0
HBL,2/21/2016,1112.0,1169.0,1120.0,1160.0,4.32,15229.0,237.0,183.0
HBL,2/22/2016,1160.0,1190.0,1165.0,1177.0,1.47,6787.0,237.0,183.0
HBL,2/23/2016,1177.0,1180.0,1130.0,1155.0,-1.87,4241.0,237.0,183.0
HBL,2/24/2016,1155.0,1150.0,1110.0,1130.0,-2.16,9106.0,237.0,183.0
HBL,2/25/2016,1130.0,1130.0,1071.0,1124.0,-0.53,5360.0,237.0,183.0
HBL,2/28/2016,1124.0,1130.0,1109.0,1118.0,-0.53,4531.0,237.0,183.0
HBL,2/29/2016,1118.0,1115.0,1105.0,1110.0,-0.72,3167.0,237.0,183.0
HBL,3/1/2016,1110.0,1147.0,1105.0,1147.0,3.33,2856.0,237.0,183.0
HBL,3/2/2016,1147.0,1165.0,1143.0,1146.0,-0.09,4748.0,237.0,183.0
HBL,3/3/2016,1146.0,1150.0,1120.0,1150.0,0.35,15146.0,237.0,183.0
HBL,3/6/2016,1150.0,1140.0,1128.0,1130.0,-1.74,9187.0,237.0,183.0
HBL,3/10/2016,1130.0,1130.0,1116.0,1120.0,-0.88,4905.0,237.0,183.0
HBL,3/13/2016,1120.0,1120.0,1100.0,1111.0,-0.8,1909.0,237.0,183.0
HBL,3/14/2016,1111.0,1111.0,1100.0,1110.0,-0.09,4149.0,237.0,183.0
HBL,3/15/2016,1110.0,1107.0,1095.0,1100.0,-0.9,6002.0,237.0,183.0
HBL,3/16/2016,1100.0,1120.0,1100.0,1105.0,0.45,1331.0,237.0,183.0
HBL,3/17/2016,1105.0,1115.0,1101.0,1101.0,-0.36,1884.0,237.0,183.0
HBL,3/20/2016,1101.0,1135.0,1120.0,1135.0,3.09,3423.0,237.0,183.0
HBL,3/21/2016,1135.0,1149.0,1125.0,1125.0,-0.88,3179.0,237.0,183.0
HBL,3/23/2016,1125.0,1140.0,1115.0,1133.0,0.71,5906.0,237.0,183.0
HBL,3/24/2016,1133.0,1173.0,1150.0,1165.0,2.82,10981.0,237.0,183.0
HBL,3/27/2016,1165.0,1229.0,1160.0,1200.0,3.0,14255.0,237.0,183.0
HBL,3/28/2016,1200.0,1220.0,1201.0,1210.0,0.83,6924.0,237.0,183.0
HBL,3/29/2016,1210.0,1200.0,1173.0,1185.0,-2.07,5524.0,237.0,183.0
HBL,3/30/2016,1185.0,1190.0,1166.0,1170.0,-1.27,3044.0,237.0,183.0
HBL,3/31/2016,1170.0,1180.0,1170.0,1180.0,0.85,2331.0,237.0,183.0
HBL,4/3/2016,1180.0,1174.0,1137.0,1172.0,-0.68,3309.0,237.0,183.0
HBL,4/4/2016,1172.0,1194.0,1178.0,1184.0,1.02,4332.0,237.0,183.0
HBL,4/5/2016,1184.0,1220.0,1190.0,1219.0,2.96,6852.0,237.0,183.0
HBL,4/6/2016,1219.0,1227.0,1200.0,1200.0,-1.56,5780.0,237.0,183.0
HBL,4/10/2016,1200.0,1260.0,1224.0,1260.0,5.0,11392.0,237.0,183.0
HBL,4/11/2016,1260.0,1291.0,1270.0,1281.0,1.67,8217.0,237.0,183.0
HBL,4/12/2016,1281.0,1310.0,1295.0,1310.0,2.26,9626.0,237.0,183.0
HBL,4/14/2016,1310.0,1385.0,1310.0,1350.0,3.05,8900.0,237.0,183.0
HBL,4/17/2016,1350.0,1400.0,1365.0,1375.0,1.85,9956.0,237.0,183.0
HBL,4/18/2016,1375.0,1391.0,1376.0,1390.0,1.09,12008.0,237.0,183.0
HBL,4/19/2016,1390.0,1400.0,1366.0,1385.0,-0.36,6832.0,237.0,183.0
HBL,4/20/2016,1385.0,1405.0,1380.0,1390.0,0.36,8239.0,237.0,183.0
HBL,4/21/2016,1390.0,1394.0,1359.0,1375.0,-1.08,10409.0,237.0,183.0
HBL,4/24/2016,1375.0,1426.0,1380.0,1426.0,3.71,23810.0,237.0,183.0
HBL,4/25/2016,1426.0,1470.0,1422.0,1426.0,0.0,7487.0,237.0,183.0
HBL,4/26/2016,1426.0,1454.0,1410.0,1410.0,-1.12,25614.0,237.0,183.0
HBL,4/27/2016,1410.0,1440.0,1408.0,1430.0,1.42,5348.0,237.0,183.0
HBL,4/28/2016,1430.0,1439.0,1425.0,1430.0,0.0,7791.0,237.0,183.0
HBL,5/2/2016,1430.0,1435.0,1410.0,1410.0,-1.4,6554.0,237.0,183.0
HBL,5/3/2016,1410.0,1411.0,1390.0,1410.0,0.0,4489.0,237.0,183.0
HBL,5/4/2016,1410.0,1411.0,1396.0,1410.0,0.0,6724.0,237.0,183.0
HBL,5/5/2016,1410.0,1430.0,1366.0,1430.0,1.42,10974.0,237.0,183.0
HBL,5/8/2016,1430.0,1460.0,1412.0,1440.0,0.7,15653.0,237.0,183.0
HBL,5/9/2016,1440.0,1455.0,1440.0,1440.0,0.0,8418.0,237.0,183.0
HBL,5/10/2016,1440.0,1454.0,1449.0,1450.0,0.69,4935.0,237.0,183.0
HBL,5/11/2016,1450.0,1457.0,1416.0,1425.0,-1.72,7053.0,237.0,183.0
HBL,5/12/2016,1425.0,1445.0,1427.0,1433.0,0.56,6613.0,237.0,183.0
HBL,5/15/2016,1433.0,1440.0,1410.0,1440.0,0.49,6498.0,237.0,183.0
HBL,5/16/2016,1440.0,1430.0,1420.0,1430.0,-0.69,10352.0,237.0,183.0
HBL,5/17/2016,1430.0,1450.0,1428.0,1448.0,1.26,8853.0,237.0,183.0
HBL,5/18/2016,1448.0,1504.0,1450.0,1504.0,3.87,11250.0,237.0,183.0
HBL,5/19/2016,1504.0,1510.0,1490.0,1490.0,-0.93,9486.0,237.0,183.0
HBL,5/22/2016,1490.0,1490.0,1451.0,1465.0,-1.68,7292.0,237.0,183.0
HBL,5/23/2016,1465.0,1485.0,1457.0,1480.0,1.02,12618.0,237.0,183.0
HBL,5/24/2016,1480.0,1512.0,1483.0,1512.0,2.16,12135.0,237.0,183.0
HBL,5/25/2016,1512.0,1503.0,1461.0,1471.0,-2.71,21450.0,237.0,183.0
HBL,5/26/2016,1471.0,1500.0,1440.0,1460.0,-0.75,14736.0,237.0,183.0
HBL,5/29/2016,1460.0,1455.0,1438.0,1455.0,-0.34,8164.0,237.0,183.0
HBL,5/30/2016,1455.0,1483.0,1445.0,1483.0,1.92,6201.0,237.0,183.0
HBL,5/31/2016,1483.0,1495.0,1470.0,1478.0,-0.34,8858.0,237.0,183.0
HBL,6/1/2016,1478.0,1475.0,1435.0,1448.0,-2.03,4795.0,237.0,183.0
HBL,6/2/2016,1448.0,1450.0,1410.0,1432.0,-1.1,4680.0,237.0,183.0
HBL,6/5/2016,1432.0,1435.0,1392.0,1392.0,-2.79,6049.0,237.0,183.0
HBL,6/6/2016,1392.0,1458.0,1419.0,1429.0,2.66,12559.0,237.0,183.0
HBL,6/7/2016,1429.0,1465.0,1425.0,1440.0,0.77,8253.0,237.0,183.0
HBL,6/8/2016,1440.0,1468.0,1441.0,1441.0,0.07,6234.0,237.0,183.0
HBL,6/9/2016,1441.0,1460.0,1425.0,1450.0,0.62,5525.0,237.0,183.0
HBL,6/12/2016,1450.0,1510.0,1445.0,1509.0,4.07,16282.0,237.0,183.0
HBL,6/13/2016,1509.0,1539.0,1498.0,1500.0,-0.6,19367.0,237.0,183.0
HBL,6/14/2016,1500.0,1505.0,1481.0,1491.0,-0.6,8494.0,237.0,183.0
HBL,6/15/2016,1491.0,1493.0,1450.0,1489.0,-0.13,5781.0,237.0,183.0
HBL,6/16/2016,1489.0,1500.0,1470.0,1495.0,0.4,10962.0,237.0,183.0
HBL,6/19/2016,1495.0,1496.0,1470.0,1470.0,-1.67,4952.0,237.0,183.0
HBL,6/20/2016,1470.0,1490.0,1461.0,1465.0,-0.34,1621.0,237.0,183.0
HBL,6/21/2016,1465.0,1487.0,1431.0,1487.0,1.5,6757.0,237.0,183.0
HBL,6/22/2016,1487.0,1500.0,1467.0,1474.0,-0.87,8399.0,237.0,183.0
HBL,6/23/2016,1474.0,1500.0,1477.0,1490.0,1.09,5012.0,237.0,183.0
HBL,6/26/2016,1490.0,1530.0,1461.0,1530.0,2.68,22528.0,237.0,183.0
HBL,6/27/2016,1530.0,1570.0,1530.0,1570.0,2.61,14000.0,237.0,183.0
HBL,6/28/2016,1570.0,1632.0,1555.0,1590.0,1.27,17601.0,237.0,183.0
HBL,6/29/2016,1590.0,1590.0,1550.0,1590.0,0.0,10783.0,237.0,183.0
HBL,6/30/2016,1590.0,1600.0,1530.0,1585.0,-0.31,10204.0,237.0,183.0
HBL,7/3/2016,1585.0,1590.0,1560.0,1572.0,-0.82,5289.0,237.0,183.0
HBL,7/4/2016,1572.0,1580.0,1549.0,1560.0,-0.76,4876.0,237.0,183.0
HBL,7/5/2016,1560.0,1565.0,1535.0,1556.0,-0.26,6636.0,237.0,183.0
HBL,7/6/2016,1556.0,1606.0,1540.0,1546.0,-0.64,7010.0,237.0,183.0
HBL,7/10/2016,1546.0,1570.0,1541.0,1550.0,0.26,3724.0,237.0,183.0
HBL,7/11/2016,1550.0,1555.0,1530.0,1535.0,-0.97,4425.0,237.0,183.0
HBL,7/12/2016,1535.0,1535.0,1490.0,1510.0,-1.63,11982.0,237.0,183.0
HBL,7/13/2016,1510.0,1511.0,1480.0,1510.0,0.0,7678.0,237.0,183.0
HBL,7/14/2016,1510.0,1550.0,1485.0,1500.0,-0.66,3693.0,237.0,183.0
HBL,7/17/2016,1500.0,1580.0,1525.0,1565.0,4.33,10008.0,237.0,183.0
HBL,7/18/2016,1565.0,1625.0,1590.0,1608.0,2.75,13911.0,237.0,183.0
HBL,7/19/2016,1608.0,1650.0,1590.0,1610.0,0.12,11032.0,237.0,183.0
HBL,7/20/2016,1610.0,1642.0,1599.0,1600.0,-0.62,6295.0,237.0,183.0
HBL,7/21/2016,1600.0,1630.0,1585.0,1625.0,1.56,9712.0,237.0,183.0
HBL,7/25/2016,1625.0,1655.0,1632.0,1649.0,1.48,11607.0,237.0,183.0
HBL,7/26/2016,1649.0,1688.0,1650.0,1660.0,0.67,22725.0,237.0,183.0
HBL,7/27/2016,1660.0,1691.0,1665.0,1690.0,1.81,18447.0,237.0,183.0
HBL,7/28/2016,1690.0,1700.0,1657.0,1673.0,-1.01,10699.0,237.0,183.0
HBL,7/31/2016,1673.0,1688.0,1645.0,1645.0,-1.67,11870.0,237.0,183.0
HBL,8/1/2016,1645.0,1650.0,1566.0,1620.0,-1.52,6030.0,237.0,183.0
HBL,8/2/2016,1620.0,1600.0,1590.0,1592.0,-1.73,5297.0,237.0,183.0
HBL,8/3/2016,1592.0,1600.0,1552.0,1580.0,-0.75,6408.0,237.0,183.0
HBL,8/4/2016,1580.0,1600.0,1520.0,1550.0,-1.9,5036.0,237.0,183.0
HBL,8/7/2016,1550.0,1589.0,1500.0,1505.0,-2.9,5884.0,237.0,183.0
HBL,8/8/2016,1505.0,1500.0,1393.0,1393.0,-7.44,4736.0,237.0,183.0
HBL,8/9/2016,1393.0,1532.0,1420.0,1532.0,9.98,4075.0,237.0,183.0
HBL,8/10/2016,1532.0,1575.0,1502.0,1574.0,2.74,12653.0,237.0,183.0
HBL,8/11/2016,1574.0,1564.0,1550.0,1550.0,-1.52,6013.0,237.0,183.0
HBL,8/14/2016,1550.0,1590.0,1535.0,1535.0,-0.97,18466.0,237.0,183.0
HBL,8/15/2016,1535.0,1531.0,1485.0,1506.0,-1.89,9995.0,237.0,183.0
HBL,8/16/2016,1506.0,1560.0,1500.0,1550.0,2.92,8249.0,237.0,183.0
HBL,8/17/2016,1550.0,1599.0,1570.0,1570.0,1.29,8022.0,237.0,183.0
HBL,8/21/2016,1570.0,1660.0,1587.0,1594.0,1.53,15404.0,237.0,183.0
HBL,8/22/2016,1594.0,1580.0,1551.0,1555.0,-2.45,7361.0,237.0,183.0
HBL,8/23/2016,1555.0,1596.0,1540.0,1540.0,-0.96,14006.0,237.0,183.0
HBL,8/24/2016,1540.0,1601.0,1538.0,1575.0,2.27,4685.0,237.0,183.0
HBL,8/28/2016,1575.0,1606.0,1570.0,1570.0,-0.32,4826.0,237.0,183.0
HBL,8/29/2016,1570.0,1590.0,1575.0,1583.0,0.83,3328.0,237.0,183.0
HBL,8/30/2016,1583.0,1650.0,1599.0,1641.0,3.66,16574.0,237.0,183.0
HBL,8/31/2016,1641.0,1660.0,1642.0,1650.0,0.55,5238.0,237.0,183.0
HBL,9/1/2016,1650.0,1674.0,1647.0,1648.0,-0.12,8558.0,237.0,183.0
HBL,9/3/2016,1648.0,1679.0,1650.0,1670.0,1.33,7484.0,237.0,183.0
HBL,9/4/2016,1648.0,1679.0,1650.0,1670.0,0.0,7484.0,237.0,183.0
HBL,9/5/2016,1670.0,1705.0,1689.0,1695.0,1.5,6245.0,237.0,183.0
HBL,9/6/2016,1695.0,1714.0,1674.0,1680.0,-0.88,13273.0,237.0,183.0
HBL,9/7/2016,1680.0,1693.0,1660.0,1685.0,0.3,8270.0,237.0,183.0
HBL,9/8/2016,1685.0,1685.0,1672.0,1675.0,-0.59,4172.0,237.0,183.0
HBL,9/11/2016,1675.0,1695.0,1655.0,1680.0,0.3,5402.0,237.0,183.0
HBL,9/12/2016,1680.0,1671.0,1634.0,1670.0,-0.6,3070.0,237.0,183.0
HBL,9/14/2016,1670.0,1665.0,1650.0,1654.0,-0.96,3592.0,237.0,183.0
HBL,9/18/2016,1654.0,1648.0,1620.0,1639.0,-0.91,2827.0,237.0,183.0
HBL,9/20/2016,1639.0,1640.0,1607.0,1620.0,-1.16,300.0,237.0,183.0
HBL,9/21/2016,1620.0,1608.0,1580.0,1605.0,-0.93,1665.0,237.0,183.0
HBL,9/22/2016,1605.0,1609.0,1570.0,1590.0,-0.93,2131.0,237.0,183.0
HBL,9/25/2016,1590.0,1590.0,1530.0,1550.0,-2.52,2948.0,237.0,183.0
HBL,9/26/2016,1550.0,1585.0,1550.0,1575.0,1.61,1675.0,237.0,183.0
HBL,9/27/2016,1575.0,1600.0,1550.0,1572.0,-0.19,2255.0,237.0,183.0
HBL,9/28/2016,1572.0,1564.0,1550.0,1560.0,-0.76,1264.0,237.0,183.0
HBL,9/29/2016,1560.0,1570.0,1560.0,1570.0,0.64,1760.0,237.0,183.0
HBL,10/2/2016,1570.0,1580.0,1560.0,1580.0,0.64,4026.0,237.0,183.0
HBL,10/3/2016,1580.0,1604.0,1590.0,1599.0,1.2,3502.0,237.0,183.0
HBL,10/4/2016,1599.0,1608.0,1578.0,1600.0,0.06,3504.0,237.0,183.0
HBL,10/5/2016,1600.0,1614.0,1600.0,1610.0,0.63,1549.0,237.0,183.0
HBL,10/6/2016,1610.0,1634.0,1602.0,1621.0,0.68,2217.0,237.0,183.0
HBL,10/16/2016,1621.0,1640.0,1610.0,1622.0,0.06,5899.0,237.0,183.0
HBL,10/17/2016,1622.0,1620.0,1595.0,1608.0,-0.86,2088.0,237.0,183.0
HBL,10/18/2016,1608.0,1610.0,1600.0,1600.0,-0.5,1328.0,237.0,183.0
HBL,10/19/2016,1600.0,1605.0,1592.0,1600.0,0.0,2241.0,237.0,183.0
HBL,10/20/2016,1600.0,1619.0,1605.0,1617.0,1.06,4888.0,237.0,183.0
HBL,10/23/2016,1617.0,1633.0,1617.0,1631.0,0.87,6742.0,237.0,183.0
HBL,10/24/2016,1631.0,1623.0,1600.0,1608.0,-1.41,10259.0,237.0,183.0
HBL,10/25/2016,1608.0,1600.0,1582.0,1595.0,-0.81,9089.0,237.0,183.0
HBL,10/27/2016,1408.0,1425.0,1382.0,1400.0,-12.23,2464.0,237.0,183.0
HBL,11/3/2016,1400.0,1380.0,1380.0,1380.0,-1.43,100.0,237.0,183.0
HBL,11/7/2016,1380.0,1400.0,1380.0,1400.0,1.45,1320.0,237.0,183.0
HBL,11/8/2016,1400.0,1395.0,1370.0,1380.0,-1.43,1632.0,237.0,183.0
HBL,11/9/2016,1380.0,1385.0,1350.0,1360.0,-1.45,3178.0,237.0,183.0
HBL,11/10/2016,1360.0,1380.0,1340.0,1375.0,1.1,2713.0,237.0,183.0
HBL,11/13/2016,1375.0,1370.0,1348.0,1355.0,-1.45,3903.0,237.0,183.0
HBL,11/14/2016,1355.0,1365.0,1350.0,1355.0,0.0,2737.0,237.0,183.0
HBL,11/15/2016,1355.0,1370.0,1330.0,1340.0,-1.11,1307.0,237.0,183.0
HBL,11/16/2016,1340.0,1350.0,1321.0,1350.0,0.75,886.0,237.0,183.0
HBL,11/17/2016,1350.0,1335.0,1301.0,1306.0,-3.26,4058.0,237.0,183.0
HBL,11/20/2016,1306.0,1286.0,1192.0,1200.0,-8.12,9708.0,237.0,183.0
HBL,11/21/2016,1200.0,1248.0,1176.0,1220.0,1.67,3913.0,237.0,183.0
HBL,11/22/2016,1220.0,1224.0,1170.0,1190.0,-2.46,8278.0,237.0,183.0
HBL,11/23/2016,1190.0,1180.0,1137.0,1137.0,-4.45,9872.0,237.0,183.0
HBL,11/24/2016,1137.0,1200.0,1135.0,1146.0,0.79,7176.0,237.0,183.0
HBL,11/27/2016,1146.0,1150.0,1100.0,1106.0,-3.49,6029.0,237.0,183.0
HBL,11/28/2016,1106.0,1144.0,1000.0,1144.0,3.44,5423.0,237.0,183.0
HBL,11/29/2016,1144.0,1198.0,1100.0,1198.0,4.72,8419.0,237.0,183.0
HBL,11/30/2016,1198.0,1296.0,1221.0,1290.0,7.68,15778.0,237.0,183.0
HBL,12/1/2016,1290.0,1360.0,1280.0,1315.0,1.94,13842.0,237.0,183.0
HBL,12/4/2016,1315.0,1300.0,1265.0,1280.0,-2.66,4317.0,237.0,183.0
HBL,12/5/2016,1280.0,1260.0,1227.0,1239.0,-3.2,3712.0,237.0,183.0
HBL,12/6/2016,1239.0,1245.0,1220.0,1237.0,-0.16,5003.0,237.0,183.0
HBL,12/7/2016,1237.0,1240.0,1226.0,1226.0,-0.89,2187.0,237.0,183.0
HBL,12/8/2016,1226.0,1234.0,1220.0,1234.0,0.65,4256.0,237.0,183.0
HBL,12/11/2016,1234.0,1234.0,1204.0,1225.0,-0.73,1893.0,237.0,183.0
HBL,12/12/2016,1225.0,1208.0,1200.0,1202.0,-1.88,4700.0,237.0,183.0
HBL,12/14/2016,1202.0,1225.0,1200.0,1208.0,0.5,701.0,237.0,183.0
HBL,12/15/2016,1208.0,1218.0,1200.0,1210.0,0.17,1910.0,237.0,183.0
HBL,12/18/2016,1210.0,1240.0,1210.0,1228.0,1.49,5427.0,237.0,183.0
HBL,12/19/2016,1228.0,1240.0,1201.0,1208.0,-1.63,8369.0,237.0,183.0
HBL,12/20/2016,1208.0,1210.0,1199.0,1199.0,-0.75,16718.0,237.0,183.0
HBL,12/21/2016,950.0,931.0,890.0,900.0,-24.94,6539.0,237.0,183.0
HBL,12/22/2016,900.0,900.0,890.0,890.0,-1.11,1973.0,237.0,183.0
HBL,12/26/2016,890.0,890.0,840.0,855.0,-3.93,2779.0,237.0,183.0
HBL,12/27/2016,855.0,841.0,806.0,810.0,-5.26,4366.0,237.0,183.0
HBL,12/28/2016,810.0,818.0,790.0,805.0,-0.62,5987.0,237.0,183.0
HBL,12/29/2016,805.0,825.0,800.0,820.0,1.86,2122.0,237.0,183.0
HBL,1/1/2017,820.0,860.0,826.0,850.0,3.66,2347.0,237.0,183.0
HBL,1/2/2017,850.0,897.0,861.0,890.0,4.71,4431.0,237.0,183.0
HBL,1/3/2017,890.0,886.0,870.0,876.0,-1.57,4384.0,237.0,183.0
HBL,1/4/2017,876.0,890.0,860.0,890.0,1.6,1840.0,237.0,183.0
HBL,1/5/2017,890.0,881.0,865.0,865.0,-2.81,1090.0,237.0,183.0
HBL,1/8/2017,865.0,875.0,862.0,865.0,0.0,1880.0,237.0,183.0
HBL,1/9/2017,865.0,881.0,864.0,876.0,1.27,1866.0,237.0,183.0
HBL,1/10/2017,876.0,890.0,875.0,888.0,1.37,2571.0,237.0,183.0
HBL,1/11/2017,888.0,905.0,895.0,900.0,1.35,2778.0,237.0,183.0
HBL,1/12/2017,900.0,915.0,900.0,902.0,0.22,1055.0,237.0,183.0
HBL,1/15/2017,902.0,911.0,900.0,909.0,0.78,1738.0,237.0,183.0
HBL,1/16/2017,909.0,910.0,900.0,910.0,0.11,2037.0,237.0,183.0
HBL,1/17/2017,910.0,905.0,900.0,905.0,-0.55,370.0,237.0,183.0
HBL,1/18/2017,905.0,901.0,890.0,900.0,-0.55,2609.0,237.0,183.0
HBL,1/19/2017,900.0,903.0,890.0,890.0,-1.11,874.0,237.0,183.0
HBL,1/22/2017,890.0,893.0,880.0,890.0,0.0,1277.0,237.0,183.0
HBL,1/23/2017,890.0,895.0,880.0,887.0,-0.34,1809.0,237.0,183.0
HBL,1/24/2017,887.0,890.0,867.0,867.0,-2.25,2411.0,237.0,183.0
HBL,1/25/2017,867.0,867.0,850.0,850.0,-1.96,1415.0,237.0,183.0
HBL,1/26/2017,850.0,857.0,824.0,850.0,0.0,2789.0,237.0,183.0
HBL,1/30/2017,850.0,840.0,816.0,816.0,-4.0,3311.0,237.0,183.0
HBL,1/31/2017,816.0,840.0,814.0,833.0,2.08,3612.0,237.0,183.0
HBL,2/1/2017,833.0,875.0,825.0,875.0,5.04,1598.0,237.0,183.0
HBL,2/2/2017,875.0,880.0,860.0,870.0,-0.57,2196.0,237.0,183.0
HBL,2/5/2017,870.0,869.0,837.0,869.0,-0.11,1322.0,237.0,183.0
HBL,2/6/2017,869.0,870.0,835.0,851.0,-2.07,720.0,237.0,183.0
HBL,2/7/2017,851.0,859.0,835.0,835.0,-1.88,2852.0,237.0,183.0
HBL,2/8/2017,835.0,840.0,830.0,835.0,0.0,2082.0,237.0,183.0
HBL,2/9/2017,835.0,837.0,819.0,820.0,-1.8,1670.0,237.0,183.0
HBL,2/12/2017,820.0,816.0,776.0,781.0,-4.76,3651.0,237.0,183.0
HBL,2/13/2017,781.0,780.0,735.0,780.0,-0.13,4143.0,237.0,183.0
HBL,2/14/2017,780.0,822.0,780.0,800.0,2.56,4272.0,237.0,183.0
HBL,2/15/2017,800.0,850.0,800.0,835.0,4.37,1972.0,237.0,183.0
HBL,2/16/2017,835.0,868.0,849.0,865.0,3.59,2540.0,237.0,183.0
HBL,2/19/2017,865.0,880.0,848.0,875.0,1.16,3474.0,237.0,183.0
HBL,2/20/2017,875.0,890.0,870.0,870.0,-0.57,5368.0,237.0,183.0
HBL,2/21/2017,870.0,882.0,860.0,870.0,0.0,1825.0,237.0,183.0
HBL,2/22/2017,870.0,870.0,841.0,855.0,-1.72,1056.0,237.0,183.0
HBL,2/23/2017,855.0,852.0,841.0,849.0,-0.7,1090.0,237.0,183.0
HBL,2/26/2017,849.0,850.0,838.0,838.0,-1.3,140.0,237.0,183.0
HBL,2/28/2017,838.0,840.0,810.0,815.0,-2.74,1090.0,237.0,183.0
HBL,3/1/2017,815.0,830.0,815.0,830.0,1.84,88.0,237.0,183.0
HBL,3/2/2017,830.0,858.0,831.0,858.0,3.37,621.0,237.0,183.0
HBL,3/5/2017,858.0,880.0,862.0,879.0,2.45,3429.0,237.0,183.0
HBL,3/6/2017,879.0,890.0,872.0,878.0,-0.11,4010.0,237.0,183.0
HBL,3/7/2017,878.0,870.0,843.0,843.0,-3.99,1110.0,237.0,183.0
HBL,3/9/2017,843.0,850.0,830.0,842.0,-0.12,577.0,237.0,183.0
HBL,3/13/2017,842.0,860.0,833.0,860.0,2.14,3558.0,237.0,183.0
HBL,3/14/2017,860.0,860.0,855.0,855.0,-0.58,277.0,237.0,183.0
HBL,3/15/2017,855.0,860.0,860.0,860.0,0.58,300.0,237.0,183.0
HBL,3/16/2017,860.0,852.0,843.0,851.0,-1.05,1910.0,237.0,183.0
HBL,3/19/2017,851.0,860.0,850.0,857.0,0.71,3373.0,237.0,183.0
HBL,3/20/2017,857.0,890.0,873.0,881.0,2.8,1090.0,237.0,183.0
HBL,3/21/2017,881.0,905.0,866.0,905.0,2.72,3074.0,237.0,183.0
HBL,3/22/2017,905.0,957.0,920.0,957.0,5.75,3426.0,237.0,183.0
HBL,3/23/2017,957.0,980.0,927.0,950.0,-0.73,4085.0,237.0,183.0
HBL,3/26/2017,950.0,1000.0,955.0,970.0,2.11,5097.0,237.0,183.0
HBL,3/28/2017,970.0,1020.0,978.0,1020.0,5.15,3407.0,237.0,183.0
HBL,3/29/2017,1020.0,1039.0,985.0,985.0,-3.43,6573.0,237.0,183.0
HBL,3/30/2017,985.0,999.0,971.0,980.0,-0.51,2507.0,237.0,183.0
HBL,4/2/2017,980.0,1040.0,999.0,1040.0,6.12,4495.0,237.0,183.0
HBL,4/3/2017,1040.0,1144.0,1020.0,1030.0,-0.96,18494.0,237.0,183.0
HBL,4/4/2017,1030.0,1030.0,1005.0,1009.0,-2.04,4928.0,237.0,183.0
HBL,4/6/2017,1009.0,1040.0,1000.0,1000.0,-0.89,4815.0,237.0,183.0
HBL,4/9/2017,1000.0,1010.0,996.0,1005.0,0.5,4155.0,237.0,183.0
HBL,4/10/2017,1005.0,1030.0,1000.0,1020.0,1.49,4206.0,237.0,183.0
HBL,4/11/2017,1020.0,1060.0,1010.0,1040.0,1.96,14714.0,237.0,183.0
HBL,4/12/2017,1040.0,1064.0,1020.0,1020.0,-1.92,9995.0,237.0,183.0
HBL,4/13/2017,1020.0,1035.0,1000.0,1018.0,-0.2,979.0,237.0,183.0
HBL,4/16/2017,1018.0,1018.0,998.0,1000.0,-1.77,1549.0,237.0,183.0
HBL,4/18/2017,1000.0,1000.0,980.0,990.0,-1.0,3368.0,237.0,183.0
HBL,4/19/2017,990.0,1000.0,971.0,980.0,-1.01,4475.0,237.0,183.0
HBL,4/20/2017,980.0,1005.0,990.0,1005.0,2.55,2772.0,237.0,183.0
HBL,4/23/2017,1005.0,1035.0,1011.0,1011.0,0.6,4250.0,237.0,183.0
HBL,4/24/2017,1011.0,1015.0,990.0,1000.0,-1.09,3088.0,237.0,183.0
HBL,4/25/2017,1000.0,1005.0,985.0,985.0,-1.5,5483.0,237.0,183.0
HBL,4/26/2017,985.0,990.0,975.0,990.0,0.51,1257.0,237.0,183.0
HBL,4/27/2017,990.0,990.0,972.0,976.0,-1.41,3395.0,237.0,183.0
HBL,4/30/2017,976.0,975.0,955.0,974.0,-0.2,1970.0,237.0,183.0
HBL,5/2/2017,974.0,990.0,960.0,990.0,1.64,1215.0,237.0,183.0
HBL,5/3/2017,990.0,999.0,980.0,990.0,0.0,1682.0,237.0,183.0
HBL,5/4/2017,990.0,977.0,971.0,975.0,-1.52,1050.0,237.0,183.0
HBL,5/7/2017,975.0,960.0,952.0,952.0,-2.36,2629.0,237.0,183.0
HBL,5/8/2017,952.0,994.0,950.0,988.0,3.78,1305.0,237.0,183.0
HBL,5/9/2017,988.0,975.0,970.0,975.0,-1.32,1100.0,237.0,183.0
HBL,5/11/2017,975.0,990.0,961.0,961.0,-1.44,2025.0,237.0,183.0
HBL,5/15/2017,961.0,998.0,965.0,970.0,0.94,870.0,237.0,183.0
HBL,5/16/2017,970.0,970.0,951.0,951.0,-1.96,3781.0,237.0,183.0
HBL,5/17/2017,951.0,965.0,958.0,960.0,0.95,787.0,237.0,183.0
HBL,5/18/2017,960.0,960.0,954.0,960.0,0.0,1200.0,237.0,183.0
HBL,5/21/2017,960.0,960.0,950.0,960.0,0.0,700.0,237.0,183.0
HBL,5/22/2017,960.0,955.0,940.0,940.0,-2.08,1939.0,237.0,183.0
HBL,5/23/2017,940.0,960.0,950.0,960.0,2.13,3670.0,237.0,183.0
HBL,5/24/2017,960.0,955.0,943.0,950.0,-1.04,1100.0,237.0,183.0
HBL,5/28/2017,950.0,943.0,932.0,938.0,-1.26,3395.0,237.0,183.0
HBL,5/30/2017,938.0,930.0,915.0,925.0,-1.39,4819.0,237.0,183.0
HBL,5/31/2017,925.0,935.0,912.0,926.0,0.11,4144.0,237.0,183.0
HBL,6/1/2017,926.0,941.0,926.0,926.0,0.0,1231.0,237.0,183.0
HBL,6/4/2017,926.0,934.0,925.0,925.0,-0.11,2126.0,237.0,183.0
HBL,6/5/2017,925.0,932.0,921.0,925.0,0.0,3252.0,237.0,183.0
HBL,6/6/2017,925.0,948.0,925.0,948.0,2.49,3071.0,237.0,183.0
HBL,6/7/2017,948.0,960.0,940.0,940.0,-0.84,3018.0,237.0,183.0
HBL,6/8/2017,940.0,933.0,915.0,928.0,-1.28,2762.0,237.0,183.0
HBL,6/11/2017,928.0,920.0,907.0,910.0,-1.94,5836.0,237.0,183.0
HBL,6/12/2017,910.0,918.0,904.0,910.0,0.0,4101.0,237.0,183.0
HBL,6/13/2017,910.0,911.0,896.0,906.0,-0.44,4956.0,237.0,183.0
HBL,6/14/2017,906.0,907.0,900.0,907.0,0.11,1794.0,237.0,183.0
HBL,6/15/2017,907.0,924.0,892.0,920.0,1.43,1433.0,237.0,183.0
HBL,6/18/2017,920.0,915.0,890.0,910.0,-1.09,3120.0,237.0,183.0
HBL,6/19/2017,910.0,895.0,885.0,895.0,-1.65,2696.0,237.0,183.0
HBL,6/20/2017,895.0,888.0,870.0,878.0,-1.9,3885.0,237.0,183.0
HBL,6/21/2017,878.0,880.0,866.0,870.0,-0.91,5741.0,237.0,183.0
HBL,6/22/2017,870.0,888.0,875.0,886.0,1.84,1443.0,237.0,183.0
HBL,6/25/2017,886.0,889.0,880.0,883.0,-0.34,2029.0,237.0,183.0
HBL,6/27/2017,883.0,895.0,885.0,886.0,0.34,2930.0,237.0,183.0
HBL,6/28/2017,886.0,900.0,865.0,890.0,0.45,2580.0,237.0,183.0
HBL,7/2/2017,890.0,890.0,862.0,870.0,-2.25,1928.0,237.0,183.0
HBL,7/3/2017,870.0,885.0,870.0,885.0,1.72,1980.0,237.0,183.0
HBL,7/4/2017,885.0,887.0,881.0,881.0,-0.45,2737.0,237.0,183.0
HBL,7/5/2017,881.0,888.0,872.0,888.0,0.79,591.0,237.0,183.0
HBL,7/6/2017,888.0,900.0,880.0,900.0,1.35,3027.0,237.0,183.0
HBL,7/9/2017,900.0,920.0,895.0,900.0,0.0,7511.0,237.0,183.0
HBL,7/10/2017,900.0,900.0,890.0,893.0,-0.78,1135.0,237.0,183.0
HBL,7/11/2017,893.0,904.0,895.0,900.0,0.78,3212.0,237.0,183.0
HBL,7/12/2017,900.0,904.0,895.0,904.0,0.44,998.0,237.0,183.0
HBL,7/13/2017,904.0,910.0,886.0,886.0,-1.99,3825.0,237.0,183.0
HBL,7/16/2017,886.0,900.0,890.0,890.0,0.45,3565.0,237.0,183.0
HBL,7/17/2017,890.0,910.0,899.0,905.0,1.69,2995.0,237.0,183.0
HBL,7/18/2017,905.0,924.0,900.0,924.0,2.1,4981.0,237.0,183.0
HBL,7/19/2017,924.0,930.0,912.0,912.0,-1.3,8485.0,237.0,183.0
HBL,7/20/2017,912.0,925.0,903.0,907.0,-0.55,5246.0,237.0,183.0
HBL,7/23/2017,907.0,922.0,907.0,913.0,0.66,2435.0,237.0,183.0
HBL,7/24/2017,913.0,915.0,905.0,910.0,-0.33,2162.0,237.0,183.0
HBL,7/25/2017,910.0,925.0,900.0,900.0,-1.1,3308.0,237.0,183.0
HBL,7/26/2017,900.0,910.0,900.0,903.0,0.33,1908.0,237.0,183.0
HBL,7/27/2017,903.0,918.0,902.0,913.0,1.11,2315.0,237.0,183.0
HBL,7/30/2017,913.0,912.0,905.0,910.0,-0.33,2872.0,237.0,183.0
HBL,7/31/2017,910.0,926.0,905.0,914.0,0.44,4057.0,237.0,183.0
HBL,8/1/2017,914.0,925.0,901.0,909.0,-0.55,2555.0,237.0,183.0
HBL,8/2/2017,909.0,915.0,905.0,905.0,-0.44,4731.0,237.0,183.0
HBL,8/3/2017,905.0,910.0,904.0,905.0,0.0,7273.0,237.0,183.0
HBL,8/6/2017,905.0,911.0,900.0,911.0,0.66,5593.0,237.0,183.0
HBL,8/7/2017,911.0,921.0,915.0,915.0,0.44,2973.0,237.0,183.0
HBL,8/9/2017,915.0,918.0,914.0,914.0,-0.11,3463.0,237.0,183.0
HBL,8/10/2017,914.0,920.0,904.0,915.0,0.11,2452.0,237.0,183.0
HBL,8/13/2017,915.0,932.0,906.0,906.0,-0.98,6336.0,237.0,183.0
HBL,8/15/2017,906.0,913.0,905.0,906.0,0.0,2219.0,237.0,183.0
HBL,8/16/2017,906.0,919.0,900.0,915.0,0.99,3021.0,237.0,183.0
HBL,8/17/2017,915.0,925.0,912.0,925.0,1.09,3894.0,237.0,183.0
HBL,8/20/2017,925.0,925.0,901.0,902.0,-2.49,3812.0,237.0,183.0
HBL,8/21/2017,902.0,910.0,900.0,910.0,0.89,3204.0,237.0,183.0
HBL,8/22/2017,910.0,915.0,900.0,901.0,-0.99,5148.0,237.0,183.0
HBL,8/23/2017,901.0,910.0,900.0,904.0,0.33,1830.0,237.0,183.0
HBL,8/24/2017,904.0,908.0,898.0,898.0,-0.66,5837.0,237.0,183.0
HBL,8/27/2017,898.0,910.0,900.0,905.0,0.78,4709.0,237.0,183.0
HBL,8/28/2017,905.0,901.0,897.0,900.0,-0.55,5378.0,237.0,183.0
HBL,8/30/2017,900.0,900.0,892.0,892.0,-0.89,2675.0,237.0,183.0
HBL,8/31/2017,892.0,895.0,880.0,885.0,-0.78,2870.0,237.0,183.0
HBL,9/4/2017,885.0,886.0,856.0,864.0,-2.37,5104.0,237.0,183.0
HBL,9/6/2017,864.0,880.0,860.0,880.0,1.85,1904.0,237.0,183.0
HBL,9/7/2017,880.0,885.0,868.0,875.0,-0.57,2333.0,237.0,183.0
HBL,9/10/2017,875.0,871.0,850.0,850.0,-2.86,4135.0,237.0,183.0
HBL,9/11/2017,850.0,870.0,850.0,853.0,0.35,2220.0,237.0,183.0
HBL,9/12/2017,853.0,852.0,833.0,835.0,-2.11,4468.0,237.0,183.0
HBL,9/13/2017,835.0,868.0,820.0,820.0,-1.8,3474.0,237.0,183.0
HBL,9/14/2017,820.0,858.0,830.0,855.0,4.27,4335.0,237.0,183.0
HBL,9/17/2017,855.0,890.0,850.0,890.0,4.09,1872.0,237.0,183.0
HBL,9/18/2017,890.0,900.0,882.0,883.0,-0.79,2875.0,237.0,183.0
HBL,9/20/2017,883.0,891.0,870.0,890.0,0.79,2919.0,237.0,183.0
HBL,9/24/2017,890.0,891.0,888.0,890.0,0.0,3103.0,237.0,183.0
HBL,9/25/2017,890.0,907.0,880.0,896.0,0.67,2014.0,237.0,183.0
HBL,9/26/2017,896.0,900.0,890.0,891.0,-0.56,308.0,237.0,183.0
HBL,10/3/2017,891.0,898.0,891.0,898.0,0.79,317.0,237.0,183.0
HBL,10/4/2017,898.0,900.0,876.0,895.0,-0.33,1849.0,237.0,183.0
HBL,10/8/2017,895.0,884.0,847.0,855.0,-4.47,2087.0,237.0,183.0
HBL,10/9/2017,855.0,855.0,850.0,855.0,0.0,3487.0,237.0,183.0
HBL,10/10/2017,855.0,860.0,850.0,860.0,0.58,625.0,237.0,183.0
HBL,10/11/2017,860.0,874.0,856.0,857.0,-0.35,1691.0,237.0,183.0
HBL,10/12/2017,857.0,861.0,850.0,855.0,-0.23,5936.0,237.0,183.0
HBL,10/15/2017,855.0,865.0,852.0,865.0,1.17,921.0,237.0,183.0
HBL,10/16/2017,865.0,880.0,867.0,880.0,1.73,553.0,237.0,183.0
HBL,10/17/2017,880.0,893.0,876.0,893.0,1.48,3355.0,237.0,183.0
HBL,10/18/2017,893.0,900.0,883.0,886.0,-0.78,2488.0,237.0,183.0
HBL,10/22/2017,886.0,900.0,880.0,890.0,0.45,2146.0,237.0,183.0
HBL,10/23/2017,890.0,892.0,890.0,890.0,0.0,2462.0,237.0,183.0
HBL,10/24/2017,890.0,885.0,871.0,871.0,-2.13,1592.0,237.0,183.0
HBL,10/25/2017,871.0,871.0,861.0,867.0,-0.46,1839.0,237.0,183.0
HBL,10/29/2017,867.0,867.0,857.0,865.0,-0.23,2612.0,237.0,183.0
HBL,10/30/2017,865.0,869.0,850.0,860.0,-0.58,1670.0,237.0,183.0
HBL,10/31/2017,860.0,870.0,851.0,857.0,-0.35,1559.0,237.0,183.0
HBL,11/1/2017,857.0,886.0,867.0,884.0,3.15,10450.0,237.0,183.0
HBL,11/2/2017,884.0,886.0,864.0,868.0,-1.81,8089.0,237.0,183.0
HBL,11/5/2017,868.0,868.0,835.0,845.0,-2.65,11622.0,237.0,183.0
HBL,11/6/2017,845.0,859.0,840.0,850.0,0.59,5555.0,237.0,183.0
HBL,11/7/2017,850.0,860.0,848.0,850.0,0.0,3544.0,237.0,183.0
HBL,11/8/2017,850.0,848.0,835.0,840.0,-1.18,4171.0,237.0,183.0
HBL,11/9/2017,840.0,842.0,827.0,836.0,-0.48,4124.0,237.0,183.0
HBL,11/12/2017,836.0,850.0,844.0,848.0,1.44,1630.0,237.0,183.0
HBL,11/13/2017,848.0,860.0,846.0,849.0,0.12,3979.0,237.0,183.0
HBL,11/14/2017,849.0,882.0,860.0,870.0,2.47,4209.0,237.0,183.0
HBL,11/15/2017,870.0,880.0,860.0,860.0,-1.15,3895.0,237.0,183.0
HBL,11/16/2017,860.0,855.0,850.0,850.0,-1.16,1454.0,237.0,183.0
HBL,11/19/2017,850.0,850.0,843.0,847.0,-0.35,1482.0,237.0,183.0
HBL,11/20/2017,847.0,847.0,836.0,836.0,-1.3,1794.0,237.0,183.0
HBL,11/21/2017,836.0,852.0,836.0,837.0,0.12,796.0,237.0,183.0
HBL,11/22/2017,837.0,853.0,840.0,840.0,0.36,2105.0,237.0,183.0
HBL,11/23/2017,840.0,868.0,850.0,850.0,1.19,572.0,237.0,183.0
HBL,11/26/2017,850.0,864.0,852.0,863.0,1.53,998.0,237.0,183.0
HBL,11/27/2017,863.0,868.0,860.0,866.0,0.35,2641.0,237.0,183.0
HBL,11/28/2017,866.0,870.0,858.0,870.0,0.46,1266.0,237.0,183.0
HBL,11/29/2017,870.0,885.0,875.0,883.0,1.49,2647.0,237.0,183.0
HBL,11/30/2017,883.0,888.0,876.0,880.0,-0.34,1347.0,237.0,183.0
HBL,12/4/2017,880.0,878.0,875.0,878.0,-0.23,1222.0,237.0,183.0
HBL,12/5/2017,878.0,880.0,865.0,871.0,-0.8,1760.0,237.0,183.0
HBL,12/6/2017,871.0,878.0,860.0,873.0,0.23,2679.0,237.0,183.0
HBL,12/10/2017,873.0,873.0,860.0,862.0,-1.26,2995.0,237.0,183.0
HBL,12/11/2017,862.0,865.0,855.0,862.0,0.0,1200.0,237.0,183.0
HBL,12/12/2017,862.0,872.0,850.0,850.0,-1.39,1221.0,237.0,183.0
HBL,12/13/2017,850.0,850.0,840.0,844.0,-0.71,2030.0,237.0,183.0
HBL,12/14/2017,844.0,848.0,840.0,840.0,-0.47,2498.0,237.0,183.0
HBL,12/17/2017,840.0,843.0,831.0,835.0,-0.6,8227.0,237.0,183.0
HBL,12/18/2017,835.0,841.0,835.0,840.0,0.6,4773.0,237.0,183.0
HBL,12/19/2017,840.0,850.0,838.0,838.0,-0.24,2799.0,237.0,183.0
HBL,12/20/2017,838.0,842.0,835.0,839.0,0.12,3826.0,237.0,183.0
HBL,12/21/2017,839.0,845.0,840.0,844.0,0.6,2309.0,237.0,183.0
HBL,12/24/2017,844.0,860.0,838.0,839.0,-0.59,14541.0,237.0,183.0
HBL,12/26/2017,671.0,665.0,648.0,649.0,-22.65,8318.0,237.0,183.0
HBL,12/27/2017,649.0,642.0,630.0,630.0,-2.93,3017.0,237.0,183.0
HBL,12/28/2017,630.0,628.0,608.0,608.0,-3.49,9812.0,237.0,183.0
HBL,12/31/2017,608.0,605.0,590.0,590.0,-2.96,6729.0,237.0,183.0
HBL,1/1/2018,590.0,637.0,600.0,636.0,7.8,3385.0,237.0,183.0
HBL,1/2/2018,636.0,655.0,637.0,650.0,2.2,6209.0,237.0,183.0
HBL,1/3/2018,650.0,661.0,645.0,648.0,-0.31,962.0,237.0,183.0
HBL,1/4/2018,648.0,648.0,635.0,644.0,-0.62,2920.0,237.0,183.0
HBL,1/7/2018,644.0,656.0,650.0,652.0,1.24,2390.0,237.0,183.0
HBL,1/8/2018,652.0,666.0,650.0,651.0,-0.15,1927.0,237.0,183.0
HBL,1/9/2018,651.0,662.0,655.0,660.0,1.38,1401.0,237.0,183.0
HBL,1/10/2018,660.0,686.0,660.0,663.0,0.45,2427.0,237.0,183.0
HBL,1/14/2018,663.0,671.0,651.0,660.0,-0.45,970.0,237.0,183.0
HBL,1/16/2018,660.0,673.0,648.0,659.0,-0.15,1873.0,237.0,183.0
HBL,1/17/2018,659.0,655.0,650.0,653.0,-0.91,1689.0,237.0,183.0
HBL,1/21/2018,653.0,660.0,651.0,651.0,-0.31,1112.0,237.0,183.0
HBL,1/22/2018,651.0,660.0,653.0,656.0,0.77,3510.0,237.0,183.0
HBL,1/23/2018,656.0,669.0,655.0,658.0,0.3,489.0,237.0,183.0
HBL,1/24/2018,658.0,671.0,652.0,658.0,0.0,2025.0,237.0,183.0
HBL,1/25/2018,658.0,656.0,652.0,656.0,-0.3,4604.0,237.0,183.0
HBL,1/28/2018,656.0,668.0,655.0,657.0,0.15,3982.0,237.0,183.0
HBL,1/29/2018,657.0,665.0,655.0,661.0,0.61,4151.0,237.0,183.0
HBL,1/31/2018,661.0,674.0,655.0,660.0,-0.15,1071.0,237.0,183.0
HBL,2/1/2018,660.0,660.0,655.0,660.0,0.0,1383.0,237.0,183.0
HBL,2/4/2018,660.0,667.0,663.0,664.0,0.61,728.0,237.0,183.0
HBL,2/5/2018,664.0,663.0,656.0,656.0,-1.2,1888.0,237.0,183.0
HBL,2/6/2018,656.0,657.0,652.0,652.0,-0.61,2708.0,237.0,183.0
HBL,2/8/2018,652.0,658.0,650.0,656.0,0.61,1395.0,237.0,183.0
HBL,2/11/2018,656.0,660.0,656.0,656.0,0.0,1515.0,237.0,183.0
HBL,2/12/2018,656.0,660.0,650.0,658.0,0.3,1550.0,237.0,183.0
HBL,2/14/2018,658.0,656.0,651.0,653.0,-0.76,1970.0,237.0,183.0
HBL,2/15/2018,653.0,675.0,660.0,667.0,2.14,7399.0,237.0,183.0
HBL,2/18/2018,680.0,681.0,665.0,665.0,-0.3,3754.0,237.0,183.0
HBL,2/20/2018,678.0,678.0,662.0,663.0,-0.3,1072.0,237.0,183.0
HBL,2/21/2018,663.0,667.0,661.0,665.0,0.3,2000.0,237.0,183.0
HBL,2/22/2018,652.0,663.0,652.0,656.0,-1.35,1886.0,237.0,183.0
HBL,2/25/2018,660.0,660.0,653.0,653.0,-0.46,907.0,237.0,183.0
HBL,2/26/2018,650.0,660.0,640.0,640.0,-1.99,2200.0,237.0,183.0
HBL,2/27/2018,640.0,650.0,640.0,646.0,0.94,712.0,237.0,183.0
HBL,2/28/2018,641.0,648.0,637.0,637.0,-1.39,1000.0,237.0,183.0
HBL,3/4/2018,625.0,625.0,605.0,610.0,-4.24,3676.0,237.0,183.0
HBL,3/5/2018,615.0,618.0,583.0,583.0,-4.43,9912.0,237.0,183.0
HBL,3/6/2018,586.0,601.0,585.0,593.0,1.72,12471.0,237.0,183.0
HBL,3/7/2018,595.0,607.0,595.0,600.0,1.18,13122.0,237.0,183.0
HBL,3/11/2018,600.0,603.0,590.0,590.0,-1.67,4270.0,237.0,183.0
HBL,3/12/2018,585.0,599.0,585.0,588.0,-0.34,11097.0,237.0,183.0
HBL,3/13/2018,590.0,592.0,583.0,592.0,0.68,10231.0,237.0,183.0
HBL,3/14/2018,600.0,600.0,595.0,596.0,0.68,910.0,237.0,183.0
HBL,3/15/2018,600.0,612.0,600.0,612.0,2.68,1108.0,237.0,183.0
HBL,3/18/2018,611.0,613.0,601.0,603.0,-1.47,1035.0,237.0,183.0
HBL,3/19/2018,595.0,606.0,595.0,596.0,-1.16,1062.0,237.0,183.0
HBL,3/20/2018,594.0,598.0,590.0,598.0,0.34,1569.0,237.0,183.0
HBL,3/21/2018,598.0,598.0,587.0,593.0,-0.84,1554.0,237.0,183.0
HBL,3/22/2018,586.0,601.0,575.0,600.0,1.18,2332.0,237.0,183.0
HBL,3/26/2018,588.0,588.0,567.0,572.0,-4.67,2698.0,237.0,183.0
HBL,3/27/2018,567.0,585.0,560.0,580.0,1.4,3266.0,237.0,183.0
HBL,3/28/2018,591.0,591.0,564.0,570.0,-1.72,8958.0,237.0,183.0
HBL,3/29/2018,571.0,595.0,571.0,595.0,4.39,3853.0,237.0,183.0
HBL,4/1/2018,590.0,590.0,575.0,585.0,-1.68,1530.0,237.0,183.0
HBL,4/2/2018,582.0,586.0,582.0,585.0,0.0,1360.0,237.0,183.0
HBL,4/3/2018,585.0,590.0,583.0,584.0,-0.17,2620.0,237.0,183.0
HBL,4/4/2018,587.0,594.0,585.0,590.0,1.03,1910.0,237.0,183.0
HBL,4/5/2018,600.0,600.0,594.0,597.0,1.19,1070.0,237.0,183.0
HBL,4/8/2018,598.0,622.0,590.0,610.0,2.18,11841.0,237.0,183.0
HBL,4/9/2018,615.0,622.0,605.0,610.0,0.0,11529.0,237.0,183.0
HBL,4/10/2018,598.0,620.0,598.0,608.0,-0.33,3032.0,237.0,183.0
HBL,4/11/2018,613.0,614.0,606.0,612.0,0.66,1097.0,237.0,183.0
HBL,4/12/2018,615.0,615.0,606.0,610.0,-0.33,3928.0,237.0,183.0
HBL,4/15/2018,600.0,610.0,598.0,601.0,-1.48,1019.0,237.0,183.0
HBL,4/16/2018,602.0,614.0,600.0,605.0,0.67,1908.0,237.0,183.0
HBL,4/17/2018,600.0,612.0,600.0,610.0,0.83,2523.0,237.0,183.0
HBL,4/18/2018,605.0,652.0,605.0,652.0,6.89,5636.0,237.0,183.0
HBL,4/19/2018,642.0,660.0,640.0,652.0,0.0,10234.0,237.0,183.0
HBL,4/22/2018,665.0,680.0,665.0,673.0,3.22,1947.0,237.0,183.0
HBL,4/23/2018,682.0,682.0,650.0,653.0,-2.97,4326.0,237.0,183.0
HBL,4/24/2018,640.0,653.0,630.0,633.0,-3.06,4948.0,237.0,183.0
HBL,4/25/2018,640.0,640.0,627.0,635.0,0.32,2292.0,237.0,183.0
HBL,4/26/2018,635.0,635.0,616.0,616.0,-2.99,9882.0,237.0,183.0
HBL,4/29/2018,625.0,625.0,601.0,610.0,-0.97,2179.0,237.0,183.0
HBL,5/2/2018,610.0,621.0,610.0,621.0,1.8,971.0,237.0,183.0
HBL,5/3/2018,622.0,626.0,615.0,620.0,-0.16,1638.0,237.0,183.0
HBL,5/6/2018,620.0,620.0,604.0,605.0,-2.42,1465.0,237.0,183.0
HBL,5/7/2018,605.0,610.0,600.0,603.0,-0.33,1880.0,237.0,183.0
HBL,5/8/2018,604.0,615.0,604.0,615.0,1.99,1218.0,237.0,183.0
HBL,5/9/2018,605.0,620.0,605.0,620.0,0.81,450.0,237.0,183.0
HBL,5/14/2018,618.0,618.0,590.0,600.0,-3.23,1765.0,237.0,183.0
HBL,5/15/2018,600.0,605.0,595.0,596.0,-0.67,878.0,237.0,183.0
HBL,5/16/2018,590.0,600.0,590.0,600.0,0.67,377.0,237.0,183.0
HBL,5/17/2018,600.0,620.0,600.0,620.0,3.33,1626.0,237.0,183.0
HBL,5/20/2018,620.0,620.0,600.0,610.0,-1.61,1373.0,237.0,183.0
HBL,5/21/2018,605.0,606.0,600.0,602.0,-1.31,825.0,237.0,183.0
HBL,5/22/2018,602.0,605.0,600.0,600.0,-0.33,1639.0,237.0,183.0
HBL,5/23/2018,595.0,606.0,595.0,606.0,1.0,185.0,237.0,183.0
HBL,5/24/2018,606.0,606.0,594.0,600.0,-0.99,5148.0,237.0,183.0
HBL,5/27/2018,600.0,600.0,590.0,596.0,-0.67,2686.0,237.0,183.0
HBL,5/28/2018,595.0,609.0,589.0,607.0,1.85,5033.0,237.0,183.0
HBL,5/29/2018,605.0,610.0,599.0,603.0,-0.66,555.0,237.0,183.0
HBL,5/30/2018,603.0,603.0,595.0,603.0,0.0,630.0,237.0,183.0
HBL,5/31/2018,605.0,605.0,597.0,600.0,-0.5,375.0,237.0,183.0
HBL,6/3/2018,588.0,595.0,585.0,585.0,-2.5,2368.0,237.0,183.0
HBL,6/4/2018,590.0,595.0,584.0,584.0,-0.17,1252.0,237.0,183.0
HBL,6/6/2018,586.0,592.0,586.0,588.0,0.68,360.0,237.0,183.0
HBL,6/7/2018,590.0,590.0,578.0,578.0,-1.7,2695.0,237.0,183.0
HBL,6/10/2018,577.0,578.0,565.0,566.0,-2.08,936.0,237.0,183.0
HBL,6/11/2018,565.0,575.0,560.0,560.0,-1.06,7682.0,237.0,183.0
HBL,6/12/2018,560.0,560.0,560.0,560.0,0.0,1068.0,237.0,183.0
HBL,6/13/2018,560.0,560.0,555.0,558.0,-0.36,965.0,237.0,183.0
HBL,6/14/2018,560.0,562.0,552.0,560.0,0.36,1392.0,237.0,183.0
HBL,6/17/2018,560.0,560.0,555.0,558.0,-0.36,648.0,237.0,183.0
HBL,6/18/2018,547.0,558.0,547.0,553.0,-0.9,375.0,237.0,183.0
HBL,6/19/2018,551.0,566.0,545.0,566.0,2.35,2093.0,237.0,183.0
HBL,6/20/2018,565.0,566.0,556.0,556.0,-1.77,555.0,237.0,183.0
HBL,6/21/2018,550.0,556.0,545.0,553.0,-0.54,1542.0,237.0,183.0
HBL,6/24/2018,558.0,558.0,550.0,558.0,0.9,795.0,237.0,183.0
HBL,6/25/2018,555.0,555.0,548.0,549.0,-1.61,878.0,237.0,183.0
HBL,6/26/2018,540.0,549.0,538.0,540.0,-1.64,2640.0,237.0,183.0
HBL,6/27/2018,536.0,544.0,535.0,540.0,0.0,1453.0,237.0,183.0
HBL,6/28/2018,542.0,543.0,540.0,542.0,0.37,1387.0,237.0,183.0
HBL,7/1/2018,543.0,545.0,542.0,545.0,0.55,1010.0,237.0,183.0
HBL,7/2/2018,540.0,542.0,536.0,536.0,-1.65,850.0,237.0,183.0
HBL,7/3/2018,537.0,540.0,537.0,540.0,0.75,291.0,237.0,183.0
HBL,7/4/2018,543.0,544.0,541.0,544.0,0.74,1035.0,237.0,183.0
HBL,7/5/2018,547.0,555.0,545.0,555.0,2.02,1415.0,237.0,183.0
HBL,7/8/2018,564.0,579.0,557.0,563.0,1.44,1671.0,237.0,183.0
HBL,7/9/2018,560.0,560.0,549.0,549.0,-2.49,1440.0,237.0,183.0
HBL,7/10/2018,549.0,549.0,544.0,544.0,-0.91,1657.0,237.0,183.0
HBL,7/11/2018,548.0,554.0,544.0,550.0,1.1,1851.0,237.0,183.0
HBL,7/12/2018,550.0,550.0,544.0,547.0,-0.55,948.0,237.0,183.0
HBL,7/15/2018,545.0,551.0,545.0,550.0,0.55,260.0,237.0,183.0
HBL,7/16/2018,552.0,552.0,550.0,551.0,0.18,400.0,237.0,183.0
HBL,7/17/2018,552.0,552.0,550.0,551.0,0.0,800.0,237.0,183.0
HBL,7/18/2018,550.0,550.0,542.0,542.0,-1.63,1155.0,237.0,183.0
HBL,7/19/2018,548.0,548.0,540.0,542.0,0.0,1055.0,237.0,183.0
HBL,7/22/2018,542.0,542.0,525.0,526.0,-2.95,1979.0,237.0,183.0
HBL,7/23/2018,525.0,559.0,525.0,559.0,6.27,250.0,237.0,183.0
HBL,7/24/2018,568.0,571.0,558.0,563.0,0.72,3265.0,237.0,183.0
HBL,7/25/2018,560.0,560.0,558.0,558.0,-0.89,400.0,237.0,183.0
HBL,7/26/2018,558.0,559.0,555.0,555.0,-0.54,1062.0,237.0,183.0
HBL,7/29/2018,550.0,571.0,550.0,557.0,0.36,1072.0,237.0,183.0
HBL,7/30/2018,557.0,567.0,553.0,567.0,1.8,756.0,237.0,183.0
HBL,7/31/2018,556.0,557.0,550.0,555.0,-2.12,1710.0,237.0,183.0
HBL,8/1/2018,556.0,562.0,556.0,562.0,1.26,1200.0,237.0,183.0
HBL,8/2/2018,562.0,562.0,557.0,557.0,-0.89,532.0,237.0,183.0
HBL,8/5/2018,560.0,560.0,550.0,551.0,-1.08,2008.0,237.0,183.0
HBL,8/6/2018,551.0,556.0,551.0,555.0,0.73,265.0,237.0,183.0
HBL,8/7/2018,555.0,560.0,554.0,554.0,-0.18,1700.0,237.0,183.0
HBL,8/8/2018,555.0,559.0,554.0,559.0,0.9,988.0,237.0,183.0
HBL,8/9/2018,560.0,560.0,555.0,560.0,0.18,620.0,237.0,183.0
HBL,8/12/2018,560.0,560.0,555.0,555.0,-0.89,1502.0,237.0,183.0
HBL,8/13/2018,550.0,555.0,550.0,555.0,0.0,1149.0,237.0,183.0
HBL,8/14/2018,557.0,563.0,555.0,555.0,0.0,190.0,237.0,183.0
HBL,8/15/2018,555.0,576.0,555.0,576.0,3.78,2652.0,237.0,183.0
HBL,8/16/2018,576.0,578.0,565.0,575.0,-0.17,2812.0,237.0,183.0
HBL,8/19/2018,567.0,570.0,549.0,551.0,-4.17,1487.0,237.0,183.0
HBL,8/20/2018,550.0,553.0,550.0,550.0,-0.18,264.0,237.0,183.0
HBL,8/21/2018,550.0,550.0,540.0,549.0,-0.18,2684.0,237.0,183.0
HBL,8/22/2018,545.0,545.0,536.0,540.0,-1.64,1049.0,237.0,183.0
HBL,8/23/2018,532.0,535.0,530.0,532.0,-1.48,3259.0,237.0,183.0
HBL,8/26/2018,535.0,535.0,532.0,533.0,0.19,1509.0,237.0,183.0
HBL,8/28/2018,540.0,540.0,533.0,533.0,0.0,1661.0,237.0,183.0
HBL,8/29/2018,538.0,538.0,530.0,530.0,-0.56,3403.0,237.0,183.0
HBL,8/30/2018,535.0,535.0,530.0,533.0,0.57,771.0,237.0,183.0
HBL,9/2/2018,525.0,536.0,525.0,536.0,0.56,1397.0,237.0,183.0
HBL,9/3/2018,531.0,550.0,531.0,544.0,1.49,3323.0,237.0,183.0
HBL,9/4/2018,545.0,550.0,544.0,544.0,0.0,1496.0,237.0,183.0
HBL,9/5/2018,540.0,566.0,540.0,565.0,3.86,3342.0,237.0,183.0
HBL,9/6/2018,565.0,577.0,559.0,565.0,0.0,4240.0,237.0,183.0
HBL,9/9/2018,565.0,565.0,550.0,552.0,-2.3,872.0,237.0,183.0
HBL,9/10/2018,548.0,549.0,543.0,543.0,-1.63,1216.0,237.0,183.0
HBL,9/11/2018,536.0,546.0,536.0,545.0,0.37,358.0,237.0,183.0
HBL,9/12/2018,545.0,551.0,545.0,550.0,0.92,1846.0,237.0,183.0
HBL,9/13/2018,550.0,563.0,550.0,563.0,2.36,1010.0,237.0,183.0
HBL,9/16/2018,563.0,574.0,563.0,567.0,0.71,5087.0,237.0,183.0
HBL,9/17/2018,564.0,567.0,564.0,566.0,-0.18,1633.0,237.0,183.0
HBL,9/18/2018,566.0,570.0,560.0,564.0,-0.35,9873.0,237.0,183.0
HBL,9/20/2018,561.0,565.0,554.0,560.0,-0.71,3036.0,237.0,183.0
HBL,9/23/2018,560.0,567.0,560.0,560.0,0.0,130.0,237.0,183.0
HBL,9/25/2018,562.0,571.0,562.0,565.0,0.89,3335.0,237.0,183.0
HBL,9/26/2018,565.0,570.0,558.0,565.0,0.0,2082.0,237.0,183.0
HBL,9/27/2018,569.0,569.0,550.0,558.0,-1.24,1453.0,237.0,183.0
HBL,9/30/2018,560.0,560.0,550.0,559.0,0.18,801.0,237.0,183.0
HBL,10/1/2018,560.0,560.0,545.0,545.0,-2.5,2660.0,237.0,183.0
HBL,10/2/2018,545.0,555.0,540.0,540.0,-0.92,2746.0,237.0,183.0
HBL,10/3/2018,540.0,542.0,535.0,535.0,-0.93,2450.0,237.0,183.0
HBL,10/4/2018,533.0,546.0,533.0,540.0,0.93,2710.0,237.0,183.0
HBL,10/7/2018,549.0,549.0,530.0,530.0,-1.85,6654.0,237.0,183.0
HBL,10/8/2018,535.0,540.0,527.0,527.0,-0.57,6920.0,237.0,183.0
HBL,10/9/2018,525.0,530.0,525.0,526.0,-0.19,3083.0,237.0,183.0
HBL,10/10/2018,528.0,528.0,524.0,528.0,0.38,2039.0,237.0,183.0
HBL,10/11/2018,526.0,538.0,526.0,528.0,0.0,2006.0,237.0,183.0
HBL,10/14/2018,533.0,543.0,533.0,540.0,2.27,362.0,237.0,183.0
HBL,10/15/2018,544.0,550.0,544.0,550.0,1.85,1461.0,237.0,183.0
HBL,10/21/2018,555.0,560.0,552.0,552.0,0.36,1797.0,237.0,183.0
HBL,10/22/2018,550.0,550.0,542.0,550.0,-0.36,1085.0,237.0,183.0
HBL,10/23/2018,551.0,551.0,543.0,550.0,0.0,859.0,237.0,183.0
HBL,10/24/2018,552.0,566.0,551.0,566.0,2.91,1610.0,237.0,183.0
HBL,10/25/2018,558.0,558.0,550.0,551.0,-2.65,1689.0,237.0,183.0
HBL,10/28/2018,552.0,552.0,545.0,545.0,-1.09,2775.0,237.0,183.0
HBL,10/29/2018,540.0,545.0,540.0,542.0,-0.55,1205.0,237.0,183.0
HBL,10/30/2018,540.0,542.0,538.0,542.0,0.0,2537.0,237.0,183.0
HBL,10/31/2018,552.0,552.0,536.0,536.0,-1.11,820.0,237.0,183.0
HBL,11/1/2018,540.0,550.0,540.0,549.0,2.43,1032.0,237.0,183.0
HBL,11/4/2018,545.0,545.0,532.0,532.0,-3.1,2110.0,237.0,183.0
HBL,11/5/2018,535.0,545.0,534.0,535.0,0.56,1681.0,237.0,183.0
HBL,11/6/2018,535.0,532.0,532.0,542.0,1.31,147.0,237.0,183.0
HBL,11/11/2018,542.0,542.0,532.0,532.0,-1.85,1030.0,237.0,183.0
HBL,11/12/2018,529.0,532.0,524.0,524.0,-1.5,1674.0,237.0,183.0
HBL,11/13/2018,533.0,533.0,523.0,528.0,0.76,1315.0,237.0,183.0
HBL,11/14/2018,525.0,530.0,525.0,530.0,0.38,1011.0,237.0,183.0
HBL,11/15/2018,530.0,535.0,530.0,535.0,0.94,975.0,237.0,183.0
HBL,11/18/2018,535.0,536.0,530.0,531.0,-0.75,922.0,237.0,183.0
HBL,11/19/2018,530.0,531.0,525.0,525.0,-1.13,552.0,237.0,183.0
HBL,11/20/2018,524.0,527.0,521.0,522.0,-0.57,1087.0,237.0,183.0
HBL,11/21/2018,512.0,522.0,512.0,520.0,-0.38,2177.0,237.0,183.0
HBL,11/22/2018,520.0,520.0,513.0,513.0,-1.35,930.0,237.0,183.0
HBL,11/25/2018,511.0,513.0,508.0,510.0,-0.58,680.0,237.0,183.0
HBL,11/26/2018,509.0,509.0,502.0,505.0,-0.98,1477.0,237.0,183.0
HBL,11/27/2018,510.0,510.0,505.0,505.0,0.0,1475.0,237.0,183.0
HBL,11/28/2018,502.0,510.0,502.0,510.0,0.99,4234.0,237.0,183.0
HBL,11/29/2018,500.0,510.0,500.0,500.0,-1.96,2341.0,237.0,183.0
HBL,12/2/2018,491.0,498.0,488.0,490.0,-2.0,8693.0,237.0,183.0
HBL,12/3/2018,499.0,500.0,486.0,486.0,-0.82,5300.0,237.0,183.0
HBL,12/4/2018,491.0,491.0,483.0,483.0,-0.62,3302.0,237.0,183.0
HBL,12/5/2018,486.0,498.0,479.0,479.0,-0.83,2146.0,237.0,183.0
HBL,12/6/2018,477.0,485.0,477.0,477.0,-0.42,1308.0,237.0,183.0
HBL,12/9/2018,481.0,481.0,477.0,480.0,0.63,976.0,237.0,183.0
HBL,12/10/2018,475.0,499.0,475.0,499.0,3.96,791.0,237.0,183.0
HBL,12/11/2018,500.0,506.0,500.0,504.0,1.0,1207.0,237.0,183.0
HBL,12/12/2018,505.0,511.0,505.0,511.0,1.39,774.0,237.0,183.0
HBL,12/13/2018,511.0,515.0,506.0,506.0,-0.98,955.0,237.0,183.0
HBL,12/16/2018,510.0,529.0,510.0,528.0,4.35,516.0,237.0,183.0
HBL,12/17/2018,529.0,537.0,526.0,527.0,-0.19,933.0,237.0,183.0
HBL,12/18/2018,530.0,530.0,526.0,526.0,-0.19,2950.0,237.0,183.0
HBL,12/19/2018,520.0,520.0,485.0,490.0,-6.84,6806.0,237.0,183.0
HBL,12/20/2018,490.0,495.0,485.0,495.0,1.02,1867.0,237.0,183.0
HBL,12/23/2018,500.0,503.0,495.0,503.0,1.62,2473.0,237.0,183.0
HBL,12/24/2018,508.0,508.0,502.0,506.0,0.6,1022.0,237.0,183.0
HBL,12/25/2018,501.0,504.0,500.0,502.0,-0.79,3571.0,237.0,183.0
HBL,12/26/2018,510.0,518.0,508.0,516.0,2.79,535.0,237.0,183.0
HBL,12/27/2018,525.0,525.0,517.0,520.0,0.78,1670.0,237.0,183.0
HBL,12/30/2018,524.0,528.0,514.0,514.0,-1.15,6168.0,237.0,183.0
HBL,12/31/2018,485.0,485.0,476.0,479.0,-6.81,1926.0,237.0,183.0
HBL,1/1/2019,482.0,482.0,473.0,475.0,-0.84,1610.0,237.0,183.0
HBL,1/2/2019,480.0,480.0,475.0,476.0,0.21,1280.0,237.0,183.0
HBL,1/3/2019,475.0,475.0,473.0,474.0,-0.42,1975.0,237.0,183.0
HBL,1/6/2019,474.0,474.0,470.0,472.0,-0.42,784.0,237.0,183.0
HBL,1/7/2019,465.0,465.0,458.0,458.0,-2.97,2585.0,237.0,183.0
HBL,1/8/2019,465.0,467.0,458.0,458.0,0.0,2671.0,237.0,183.0
HBL,1/9/2019,460.0,464.0,455.0,460.0,0.44,1090.0,237.0,183.0
HBL,1/10/2019,460.0,460.0,458.0,460.0,0.0,957.0,237.0,183.0
HBL,1/13/2019,460.0,460.0,458.0,458.0,-0.43,760.0,237.0,183.0
HBL,1/14/2019,455.0,457.0,449.0,456.0,-0.44,513.0,237.0,183.0
HBL,1/15/2019,450.0,465.0,450.0,460.0,0.88,1754.0,237.0,183.0
HBL,1/16/2019,462.0,468.0,461.0,461.0,0.22,325.0,237.0,183.0
HBL,1/17/2019,464.0,464.0,455.0,455.0,-1.3,1001.0,237.0,183.0
HBL,1/20/2019,450.0,450.0,448.0,448.0,-1.54,335.0,237.0,183.0
HBL,1/21/2019,450.0,450.0,449.0,449.0,0.22,879.0,237.0,183.0
HBL,1/22/2019,450.0,455.0,447.0,449.0,0.0,2053.0,237.0,183.0
HBL,1/23/2019,450.0,452.0,449.0,451.0,0.45,1657.0,237.0,183.0
HBL,1/24/2019,450.0,452.0,450.0,452.0,0.22,478.0,237.0,183.0
HBL,1/27/2019,449.0,450.0,447.0,450.0,-0.44,358.0,237.0,183.0
HBL,1/28/2019,443.0,447.0,443.0,447.0,-0.67,1975.0,237.0,183.0
HBL,1/29/2019,443.0,445.0,442.0,443.0,-0.89,5134.0,237.0,183.0
HBL,1/30/2019,443.0,443.0,443.0,443.0,0.0,306.0,237.0,183.0
HBL,1/31/2019,450.0,450.0,448.0,448.0,1.13,1716.0,237.0,183.0
HBL,2/3/2019,447.0,447.0,438.0,443.0,-1.12,813.0,237.0,183.0
HBL,2/4/2019,438.0,442.0,438.0,442.0,-0.23,1105.0,237.0,183.0
HBL,2/5/2019,442.0,443.0,436.0,436.0,-1.36,1540.0,237.0,183.0
HBL,2/6/2019,436.0,436.0,429.0,431.0,-1.15,5344.0,237.0,183.0
HBL,2/7/2019,435.0,435.0,430.0,431.0,0.0,454.0,237.0,183.0
HBL,2/10/2019,425.0,430.0,425.0,430.0,-0.23,425.0,237.0,183.0
HBL,2/11/2019,430.0,430.0,425.0,430.0,0.0,782.0,237.0,183.0
HBL,2/12/2019,438.0,438.0,425.0,426.0,-0.93,884.0,237.0,183.0
HBL,2/13/2019,430.0,430.0,423.0,423.0,-0.7,663.0,237.0,183.0
HBL,2/14/2019,420.0,425.0,418.0,425.0,0.47,2721.0,237.0,183.0
HBL,2/17/2019,446.0,462.0,424.0,430.0,1.18,6632.0,237.0,183.0
HBL,2/18/2019,430.0,431.0,427.0,428.0,-0.47,1600.0,237.0,183.0
HBL,2/19/2019,429.0,436.0,428.0,436.0,1.87,1108.0,237.0,183.0
HBL,2/20/2019,433.0,433.0,427.0,431.0,-1.15,786.0,237.0,183.0
HBL,2/21/2019,425.0,435.0,425.0,435.0,0.93,1280.0,237.0,183.0
HBL,2/24/2019,435.0,438.0,428.0,430.0,-1.15,1119.0,237.0,183.0
HBL,2/25/2019,430.0,430.0,428.0,430.0,0.0,930.0,237.0,183.0
HBL,2/26/2019,430.0,430.0,428.0,428.0,-0.47,195.0,237.0,183.0
HBL,2/27/2019,428.0,432.0,426.0,432.0,0.93,1784.0,237.0,183.0
HBL,3/3/2019,430.0,430.0,425.0,425.0,-1.62,3796.0,237.0,183.0
HBL,3/5/2019,422.0,428.0,422.0,428.0,0.71,2262.0,237.0,183.0
HBL,3/6/2019,423.0,427.0,423.0,427.0,-0.23,1113.0,237.0,183.0
HBL,3/7/2019,429.0,434.0,429.0,433.0,1.41,4304.0,237.0,183.0
HBL,3/10/2019,430.0,431.0,430.0,431.0,-0.46,358.0,237.0,183.0
HBL,3/11/2019,432.0,443.0,432.0,437.0,1.39,1102.0,237.0,183.0
HBL,3/12/2019,440.0,456.0,440.0,448.0,2.52,3201.0,237.0,183.0
HBL,3/13/2019,460.0,469.0,450.0,452.0,0.89,2922.0,237.0,183.0
HBL,3/14/2019,460.0,470.0,460.0,468.0,3.54,3540.0,237.0,183.0
HBL,3/17/2019,476.0,482.0,468.0,474.0,1.28,7321.0,237.0,183.0
HBL,3/18/2019,480.0,480.0,470.0,470.0,-0.84,6508.0,237.0,183.0
HBL,3/19/2019,479.0,479.0,465.0,465.0,-1.06,2489.0,237.0,183.0
HBL,3/21/2019,471.0,471.0,454.0,462.0,-0.65,2333.0,237.0,183.0
HBL,3/24/2019,456.0,461.0,456.0,460.0,-0.43,904.0,237.0,183.0
HBL,3/25/2019,455.0,464.0,453.0,459.0,-0.22,999.0,237.0,183.0
HBL,3/26/2019,459.0,464.0,450.0,461.0,0.44,2948.0,237.0,183.0
HBL,3/27/2019,460.0,460.0,455.0,455.0,-1.3,1452.0,237.0,183.0
HBL,3/28/2019,453.0,465.0,453.0,460.0,1.1,1683.0,237.0,183.0
HBL,3/31/2019,460.0,461.0,451.0,458.0,-0.43,5187.0,237.0,183.0
HBL,4/1/2019,458.0,462.0,458.0,458.0,0.0,1716.0,237.0,183.0
HBL,4/2/2019,458.0,471.0,458.0,470.0,2.62,3156.0,237.0,183.0
HBL,4/3/2019,471.0,479.0,467.0,472.0,0.43,5982.0,237.0,183.0
HBL,4/4/2019,467.0,477.0,464.0,475.0,0.64,4395.0,237.0,183.0
HBL,4/7/2019,475.0,483.0,473.0,483.0,1.68,7566.0,237.0,183.0
HBL,4/8/2019,492.0,500.0,483.0,490.0,1.45,9737.0,237.0,183.0
HBL,4/9/2019,490.0,500.0,481.0,488.0,-0.41,11599.0,237.0,183.0
HBL,4/10/2019,490.0,493.0,480.0,480.0,-1.64,4146.0,237.0,183.0
HBL,4/11/2019,480.0,491.0,480.0,490.0,2.08,3593.0,237.0,183.0
HBL,4/15/2019,491.0,496.0,488.0,495.0,1.02,2386.0,237.0,183.0
HBL,4/16/2019,499.0,512.0,491.0,510.0,3.03,13526.0,237.0,183.0
HBL,4/17/2019,520.0,520.0,510.0,510.0,0.0,4090.0,237.0,183.0
HBL,4/18/2019,505.0,534.0,505.0,532.0,4.31,10924.0,237.0,183.0
HBL,4/21/2019,530.0,581.0,515.0,580.0,9.02,19425.0,237.0,183.0
HBL,4/22/2019,581.0,581.0,546.0,560.0,-3.45,15117.0,237.0,183.0
HBL,4/23/2019,564.0,565.0,550.0,562.0,0.36,9409.0,237.0,183.0
HBL,4/24/2019,562.0,573.0,561.0,569.0,1.25,9467.0,237.0,183.0
HBL,4/25/2019,568.0,580.0,559.0,570.0,0.18,8861.0,237.0,183.0
HBL,4/28/2019,575.0,580.0,564.0,565.0,-0.88,6338.0,237.0,183.0
HBL,4/29/2019,564.0,592.0,554.0,584.0,3.36,23268.0,237.0,183.0
HBL,4/30/2019,590.0,590.0,580.0,581.0,-0.51,16277.0,237.0,183.0
HBL,5/2/2019,576.0,595.0,576.0,595.0,2.41,10775.0,237.0,183.0
HBL,5/5/2019,584.0,596.0,584.0,588.0,-1.18,14843.0,237.0,183.0
HBL,5/6/2019,578.0,592.0,577.0,590.0,0.34,9123.0,237.0,183.0
HBL,5/7/2019,591.0,593.0,585.0,588.0,-0.34,7373.0,237.0,183.0
HBL,5/8/2019,577.0,587.0,577.0,585.0,-0.51,5439.0,237.0,183.0
HBL,5/9/2019,580.0,586.0,578.0,578.0,-1.2,5208.0,237.0,183.0
HBL,5/12/2019,575.0,590.0,572.0,589.0,1.9,10878.0,237.0,183.0
HBL,5/13/2019,583.0,590.0,583.0,588.0,-0.17,5847.0,237.0,183.0
HBL,5/14/2019,580.0,591.0,580.0,587.0,-0.17,2302.0,237.0,183.0
HBL,5/15/2019,589.0,644.0,589.0,615.0,4.77,52761.0,237.0,183.0
HBL,5/16/2019,621.0,623.0,612.0,612.0,-0.49,12179.0,237.0,183.0
HBL,5/19/2019,612.0,624.0,610.0,610.0,-0.33,19659.0,237.0,183.0
HBL,5/20/2019,615.0,615.0,591.0,600.0,-1.64,8212.0,237.0,183.0
HBL,5/21/2019,590.0,608.0,590.0,595.0,-0.83,2975.0,237.0,183.0
HBL,5/22/2019,605.0,605.0,590.0,590.0,-0.84,4813.0,237.0,183.0
HBL,5/23/2019,600.0,601.0,591.0,592.0,0.34,3740.0,237.0,183.0
HBL,5/26/2019,590.0,590.0,580.0,580.0,-2.03,5388.0,237.0,183.0
HBL,5/27/2019,571.0,585.0,569.0,583.0,0.52,3499.0,237.0,183.0
HBL,5/28/2019,576.0,577.0,575.0,576.0,-1.2,2486.0,237.0,183.0
HBL,5/29/2019,578.0,591.0,578.0,590.0,2.43,16084.0,237.0,183.0
HBL,5/30/2019,607.0,607.0,586.0,586.0,-0.68,21329.0,237.0,183.0
HBL,6/2/2019,583.0,583.0,575.0,575.0,-1.88,5405.0,237.0,183.0
HBL,6/3/2019,575.0,578.0,566.0,573.0,-0.35,1936.0,237.0,183.0
HBL,6/4/2019,575.0,580.0,566.0,569.0,-0.7,5041.0,237.0,183.0
HBL,6/6/2019,570.0,575.0,565.0,565.0,-0.7,18242.0,237.0,183.0
HBL,6/10/2019,565.0,565.0,556.0,565.0,0.0,1063.0,237.0,183.0
HBL,6/11/2019,576.0,576.0,566.0,570.0,0.88,1587.0,237.0,183.0
HBL,6/12/2019,565.0,565.0,556.0,560.0,-1.75,2018.0,237.0,183.0
HBL,6/13/2019,555.0,560.0,549.0,560.0,0.0,800.0,237.0,183.0
HBL,6/16/2019,556.0,557.0,555.0,556.0,-0.71,3945.0,237.0,183.0
HBL,6/17/2019,556.0,560.0,555.0,558.0,0.36,3605.0,237.0,183.0
HBL,6/18/2019,569.0,569.0,556.0,560.0,0.36,3433.0,237.0,183.0
HBL,6/19/2019,555.0,555.0,552.0,555.0,-0.89,1990.0,237.0,183.0
HBL,6/20/2019,557.0,562.0,540.0,557.0,0.36,6113.0,237.0,183.0
HBL,6/23/2019,557.0,560.0,555.0,555.0,-0.36,2225.0,237.0,183.0
HBL,6/24/2019,556.0,556.0,555.0,555.0,0.0,801.0,237.0,183.0
HBL,6/25/2019,553.0,560.0,552.0,560.0,0.9,5107.0,237.0,183.0
HBL,6/26/2019,555.0,559.0,552.0,552.0,-1.43,5610.0,237.0,183.0
HBL,6/27/2019,556.0,557.0,552.0,553.0,0.18,13015.0,237.0,183.0
HBL,6/30/2019,553.0,553.0,548.0,548.0,-0.9,1398.0,237.0,183.0
HBL,7/1/2019,548.0,550.0,548.0,550.0,0.36,715.0,237.0,183.0
HBL,7/2/2019,541.0,555.0,540.0,553.0,0.55,2308.0,237.0,183.0
HBL,7/3/2019,549.0,560.0,548.0,560.0,1.27,1244.0,237.0,183.0
HBL,7/4/2019,560.0,565.0,556.0,556.0,-0.71,903.0,237.0,183.0
HBL,7/7/2019,550.0,551.0,545.0,545.0,-1.98,3163.0,237.0,183.0
HBL,7/8/2019,540.0,543.0,534.0,534.0,-2.02,2779.0,237.0,183.0
HBL,7/9/2019,534.0,540.0,530.0,532.0,-0.37,2165.0,237.0,183.0
HBL,7/10/2019,534.0,542.0,534.0,535.0,0.56,1600.0,237.0,183.0
HBL,7/11/2019,539.0,543.0,537.0,541.0,1.12,1266.0,237.0,183.0
HBL,7/14/2019,534.0,542.0,534.0,542.0,0.18,254.0,237.0,183.0
HBL,7/15/2019,547.0,547.0,537.0,547.0,0.92,3459.0,237.0,183.0
HBL,7/16/2019,574.0,574.0,543.0,552.0,0.91,669.0,237.0,183.0
HBL,7/17/2019,552.0,566.0,552.0,566.0,2.54,3540.0,237.0,183.0
HBL,7/18/2019,566.0,567.0,559.0,559.0,-1.24,1540.0,237.0,183.0
HBL,7/21/2019,555.0,566.0,550.0,566.0,1.25,2504.0,237.0,183.0
HBL,7/22/2019,560.0,564.0,555.0,562.0,-0.71,6930.0,237.0,183.0
HBL,7/23/2019,562.0,562.0,555.0,560.0,-0.36,72.0,237.0,183.0
HBL,7/24/2019,560.0,568.0,560.0,560.0,0.0,3096.0,237.0,183.0
HBL,7/25/2019,555.0,560.0,555.0,560.0,0.0,4106.0,237.0,183.0
HBL,7/28/2019,550.0,554.0,545.0,546.0,-2.5,1529.0,237.0,183.0
HBL,7/29/2019,546.0,551.0,546.0,550.0,0.73,2313.0,237.0,183.0
HBL,7/30/2019,550.0,552.0,547.0,547.0,-0.55,750.0,237.0,183.0
HBL,7/31/2019,547.0,554.0,547.0,554.0,1.28,1432.0,237.0,183.0
HBL,8/1/2019,550.0,550.0,543.0,545.0,-1.62,1636.0,237.0,183.0
HBL,8/4/2019,540.0,548.0,540.0,548.0,0.55,1414.0,237.0,183.0
HBL,8/5/2019,548.0,548.0,545.0,548.0,0.0,800.0,237.0,183.0
HBL,8/6/2019,549.0,550.0,545.0,548.0,0.0,8894.0,237.0,183.0
HBL,8/7/2019,543.0,558.0,543.0,558.0,1.82,1212.0,237.0,183.0
HBL,8/8/2019,554.0,554.0,548.0,548.0,-1.79,5956.0,237.0,183.0
HBL,8/11/2019,543.0,549.0,543.0,547.0,-0.18,8287.0,237.0,183.0
HBL,8/12/2019,543.0,555.0,543.0,546.0,-0.18,2823.0,237.0,183.0
HBL,8/13/2019,545.0,554.0,540.0,554.0,1.47,1463.0,237.0,183.0
HBL,8/14/2019,546.0,550.0,544.0,545.0,-1.62,3549.0,237.0,183.0
HBL,8/15/2019,555.0,555.0,540.0,540.0,-0.92,838.0,237.0,183.0
HBL,8/18/2019,540.0,549.0,538.0,548.0,1.48,3010.0,237.0,183.0
HBL,8/19/2019,555.0,557.0,548.0,549.0,0.18,5231.0,237.0,183.0
HBL,8/20/2019,545.0,555.0,545.0,555.0,1.09,1051.0,237.0,183.0
HBL,8/21/2019,554.0,563.0,551.0,557.0,0.36,3492.0,237.0,183.0
HBL,8/22/2019,557.0,561.0,555.0,560.0,0.54,5862.0,237.0,183.0
HBL,8/25/2019,555.0,555.0,540.0,555.0,-0.89,1935.0,237.0,183.0
HBL,8/26/2019,545.0,551.0,545.0,550.0,-0.9,4732.0,237.0,183.0
HBL,8/27/2019,545.0,555.0,545.0,552.0,0.36,1233.0,237.0,183.0
HBL,8/28/2019,553.0,553.0,547.0,547.0,-0.91,2436.0,237.0,183.0
HBL,8/29/2019,540.0,548.0,540.0,542.0,-0.91,775.0,237.0,183.0
HBL,9/1/2019,533.0,539.0,532.0,536.0,-1.11,3942.0,237.0,183.0
HBL,9/2/2019,530.0,530.0,522.0,522.0,-2.61,2132.0,237.0,183.0
HBL,9/3/2019,512.0,524.0,510.0,523.0,0.19,3846.0,237.0,183.0
HBL,9/4/2019,524.0,539.0,520.0,539.0,3.06,1774.0,237.0,183.0
HBL,9/5/2019,537.0,540.0,535.0,535.0,-0.74,830.0,237.0,183.0
HBL,9/8/2019,525.0,530.0,524.0,530.0,-0.93,2138.0,237.0,183.0
HBL,9/9/2019,530.0,535.0,526.0,526.0,-0.75,1906.0,237.0,183.0
HBL,9/10/2019,525.0,527.0,525.0,526.0,0.0,4981.0,237.0,183.0
HBL,9/11/2019,526.0,526.0,520.0,520.0,-1.14,3014.0,237.0,183.0
HBL,9/12/2019,517.0,527.0,517.0,518.0,-0.38,438.0,237.0,183.0
HBL,9/15/2019,518.0,518.0,507.0,507.0,-2.12,1900.0,237.0,183.0
HBL,9/16/2019,507.0,507.0,495.0,496.0,-2.17,3121.0,237.0,183.0
HBL,9/17/2019,499.0,510.0,499.0,500.0,0.81,3180.0,237.0,183.0
HBL,9/18/2019,510.0,520.0,505.0,515.0,3.0,4747.0,237.0,183.0
HBL,9/19/2019,514.0,515.0,510.0,514.0,-0.19,783.0,237.0,183.0
HBL,9/22/2019,507.0,507.0,495.0,498.0,-3.11,1447.0,237.0,183.0
HBL,9/23/2019,502.0,507.0,498.0,500.0,0.4,717.0,237.0,183.0
HBL,9/24/2019,499.0,499.0,494.0,494.0,-1.2,1061.0,237.0,183.0
HBL,9/25/2019,494.0,498.0,489.0,490.0,-0.81,1469.0,237.0,183.0
HBL,9/26/2019,489.0,490.0,485.0,487.0,-0.61,2114.0,237.0,183.0
HBL,9/29/2019,487.0,490.0,481.0,481.0,-1.23,2149.0,237.0,183.0
HBL,9/30/2019,479.0,480.0,479.0,480.0,-0.21,30.0,237.0,183.0
HBL,10/1/2019,486.0,500.0,485.0,500.0,4.17,913.0,237.0,183.0
HBL,10/2/2019,500.0,510.0,498.0,498.0,-0.4,2631.0,237.0,183.0
HBL,10/3/2019,504.0,506.0,504.0,506.0,1.61,310.0,237.0,183.0
HBL,10/14/2019,501.0,501.0,493.0,493.0,-2.57,1254.0,237.0,183.0
HBL,10/15/2019,492.0,495.0,492.0,493.0,0.0,8135.0,237.0,183.0
HBL,10/16/2019,495.0,495.0,492.0,493.0,0.0,2052.0,237.0,183.0
HBL,10/17/2019,500.0,502.0,500.0,502.0,1.83,380.0,237.0,183.0
HBL,10/20/2019,496.0,500.0,495.0,500.0,-0.4,899.0,237.0,183.0
HBL,10/21/2019,500.0,501.0,483.0,490.0,-2.0,3366.0,237.0,183.0
HBL,10/22/2019,490.0,494.0,490.0,494.0,0.82,3572.0,237.0,183.0
HBL,10/23/2019,501.0,505.0,500.0,505.0,2.23,1508.0,237.0,183.0
HBL,10/24/2019,509.0,509.0,505.0,507.0,0.4,1920.0,237.0,183.0
HBL,10/31/2019,507.0,507.0,497.0,504.0,-0.59,1800.0,237.0,183.0
HBL,11/3/2019,495.0,496.0,495.0,496.0,-1.59,2422.0,237.0,183.0
HBL,11/4/2019,494.0,494.0,489.0,494.0,-0.4,2316.0,237.0,183.0
HBL,11/5/2019,491.0,497.0,491.0,492.0,-0.4,11102.0,237.0,183.0
HBL,11/6/2019,492.0,492.0,485.0,485.0,-1.42,6073.0,237.0,183.0
HBL,11/7/2019,485.0,485.0,478.0,480.0,-1.03,3259.0,237.0,183.0
HBL,11/10/2019,480.0,482.0,480.0,480.0,0.0,3296.0,237.0,183.0
HBL,11/11/2019,485.0,487.0,484.0,487.0,1.46,4799.0,237.0,183.0
HBL,11/12/2019,496.0,496.0,479.0,484.0,-0.62,1666.0,237.0,183.0
HBL,11/13/2019,480.0,490.0,475.0,490.0,1.24,1635.0,237.0,183.0
HBL,11/14/2019,495.0,495.0,484.0,484.0,-1.22,3179.0,237.0,183.0
HBL,11/17/2019,484.0,485.0,480.0,480.0,-0.83,806.0,237.0,183.0
HBL,11/18/2019,480.0,485.0,478.0,480.0,0.0,929.0,237.0,183.0
HBL,11/19/2019,478.0,486.0,478.0,486.0,1.25,299.0,237.0,183.0
HBL,11/20/2019,486.0,494.0,482.0,490.0,0.82,2180.0,237.0,183.0
HBL,11/21/2019,481.0,481.0,476.0,476.0,-2.86,127.0,237.0,183.0
HBL,11/24/2019,477.0,477.0,470.0,471.0,-1.05,2981.0,237.0,183.0
HBL,11/25/2019,471.0,471.0,467.0,469.0,-0.42,1310.0,237.0,183.0
HBL,11/26/2019,471.0,475.0,470.0,470.0,0.21,1469.0,237.0,183.0
HBL,11/27/2019,479.0,479.0,474.0,474.0,0.85,3335.0,237.0,183.0
HBL,11/28/2019,479.0,480.0,474.0,478.0,0.84,2677.0,237.0,183.0
HBL,12/1/2019,478.0,489.0,478.0,478.0,0.0,1242.0,237.0,183.0
HBL,12/2/2019,478.0,488.0,478.0,479.0,0.21,4228.0,237.0,183.0
HBL,12/3/2019,479.0,485.0,477.0,485.0,1.25,3637.0,237.0,183.0
HBL,12/4/2019,479.0,494.0,479.0,494.0,1.86,565.0,237.0,183.0
HBL,12/5/2019,494.0,499.0,486.0,490.0,-0.81,1058.0,237.0,183.0
HBL,12/8/2019,490.0,490.0,484.0,485.0,-1.02,767.0,237.0,183.0
HBL,12/9/2019,487.0,494.0,487.0,492.0,1.44,135.0,237.0,183.0
HBL,12/10/2019,491.0,498.0,491.0,498.0,1.22,3454.0,237.0,183.0
HBL,12/11/2019,499.0,505.0,497.0,501.0,0.6,1712.0,237.0,183.0
HBL,12/12/2019,504.0,505.0,500.0,504.0,0.6,1212.0,237.0,183.0
HBL,12/15/2019,510.0,510.0,500.0,503.0,-0.2,2784.0,237.0,183.0
HBL,12/16/2019,505.0,507.0,499.0,499.0,-0.8,6925.0,237.0,183.0
HBL,12/17/2019,496.0,505.0,496.0,500.0,0.2,589.0,237.0,183.0
HBL,12/18/2019,492.0,496.0,490.0,491.0,-1.8,3330.0,237.0,183.0
HBL,12/19/2019,493.0,498.0,491.0,491.0,0.0,376.0,237.0,183.0
HBL,12/22/2019,493.0,499.0,493.0,499.0,1.63,1730.0,237.0,183.0
HBL,12/23/2019,501.0,501.0,491.0,491.0,-1.6,2129.0,237.0,183.0
HBL,12/24/2019,500.0,500.0,495.0,498.0,1.43,3789.0,237.0,183.0
HBL,12/25/2019,507.0,525.0,505.0,515.0,3.41,14143.0,237.0,183.0
HBL,12/26/2019,515.0,515.0,506.0,506.0,-1.75,11829.0,237.0,183.0
HBL,12/29/2019,506.0,510.0,504.0,505.0,-0.2,4431.0,237.0,183.0
HBL,12/30/2019,502.0,507.0,501.0,507.0,0.4,6598.0,237.0,183.0
HBL,12/31/2019,510.0,510.0,504.0,507.0,0.0,2227.0,237.0,183.0
HBL,1/1/2020,503.0,509.0,503.0,509.0,0.39,2523.0,237.0,183.0
HBL,1/2/2020,509.0,509.0,501.0,501.0,-1.57,8539.0,237.0,183.0
HBL,1/5/2020,503.0,515.0,500.0,504.0,0.6,5933.0,237.0,183.0
HBL,1/6/2020,510.0,528.0,510.0,528.0,4.76,15044.0,237.0,183.0
HBL,1/7/2020,530.0,546.0,530.0,540.0,2.27,16947.0,237.0,183.0
HBL,1/8/2020,540.0,548.0,533.0,541.0,0.19,8376.0,237.0,183.0
HBL,1/9/2020,550.0,551.0,538.0,544.0,0.55,7882.0,237.0,183.0
HBL,1/12/2020,549.0,557.0,545.0,556.0,2.21,10909.0,237.0,183.0
HBL,1/13/2020,567.0,578.0,557.0,569.0,2.34,16939.0,237.0,183.0
HBL,1/14/2020,560.0,568.0,560.0,562.0,-1.23,9347.0,237.0,183.0
HBL,1/15/2020,555.0,580.0,555.0,575.0,2.31,11898.0,237.0,183.0
HBL,1/16/2020,580.0,590.0,569.0,579.0,0.7,29406.0,237.0,183.0
HBL,1/19/2020,579.0,586.0,564.0,576.0,-0.52,12859.0,237.0,183.0
HBL,1/20/2020,586.0,590.0,561.0,566.0,-1.74,9358.0,237.0,183.0
HBL,1/21/2020,566.0,595.0,564.0,579.0,2.3,22733.0,237.0,183.0
HBL,1/22/2020,585.0,585.0,571.0,578.0,-0.17,13040.0,237.0,183.0
HBL,1/23/2020,567.0,570.0,555.0,567.0,-1.9,9205.0,237.0,183.0
HBL,1/26/2020,576.0,576.0,555.0,565.0,-0.35,31001.0,237.0,183.0
HBL,1/27/2020,511.0,521.0,510.0,514.0,-9.03,1954.0,237.0,183.0
HBL,1/28/2020,510.0,517.0,506.0,510.0,-0.78,10252.0,237.0,183.0
HBL,1/29/2020,520.0,520.0,498.0,498.0,-2.35,4433.0,237.0,183.0
HBL,1/30/2020,500.0,510.0,500.0,509.0,2.21,3878.0,237.0,183.0
HBL,2/2/2020,515.0,522.0,512.0,522.0,2.55,6991.0,237.0,183.0
HBL,2/3/2020,526.0,526.0,516.0,522.0,0.0,3205.0,237.0,183.0
HBL,2/4/2020,520.0,520.0,515.0,515.0,-1.34,4350.0,237.0,183.0
HBL,2/5/2020,525.0,540.0,520.0,532.0,3.3,22691.0,237.0,183.0
HBL,2/6/2020,532.0,532.0,525.0,529.0,-0.56,7952.0,237.0,183.0
HBL,2/9/2020,527.0,527.0,520.0,522.0,-1.32,5785.0,237.0,183.0
HBL,2/10/2020,522.0,525.0,514.0,520.0,-0.38,1480.0,237.0,183.0
HBL,2/11/2020,524.0,530.0,520.0,528.0,1.54,2199.0,237.0,183.0
HBL,2/12/2020,524.0,532.0,524.0,532.0,0.76,5421.0,237.0,183.0
HBL,2/13/2020,542.0,542.0,528.0,528.0,-0.75,3060.0,237.0,183.0
HBL,2/16/2020,523.0,534.0,520.0,525.0,-0.57,14978.0,237.0,183.0
HBL,2/17/2020,535.0,566.0,528.0,564.0,7.43,15454.0,237.0,183.0
HBL,2/18/2020,570.0,580.0,562.0,569.0,0.89,26483.0,237.0,183.0
HBL,2/19/2020,558.0,579.0,558.0,574.0,0.88,23150.0,237.0,183.0
HBL,2/20/2020,575.0,578.0,573.0,574.0,0.0,20277.0,237.0,183.0
HBL,2/23/2020,584.0,618.0,581.0,615.0,7.14,18546.0,237.0,183.0
HBL,2/24/2020,627.0,627.0,600.0,610.0,-0.81,24042.0,237.0,183.0
HBL,2/25/2020,598.0,619.0,596.0,614.0,0.66,18759.0,237.0,183.0
HBL,2/26/2020,626.0,635.0,604.0,635.0,3.42,36251.0,237.0,183.0
HBL,2/27/2020,623.0,698.0,611.0,698.0,9.92,49030.0,237.0,183.0
HBL,3/1/2020,710.0,735.0,679.0,681.0,-2.44,54624.0,237.0,183.0
HBL,3/2/2020,670.0,681.0,655.0,655.0,-3.82,18521.0,237.0,183.0
HBL,3/3/2020,643.0,679.0,597.0,650.0,-0.76,33908.0,237.0,183.0
HBL,3/4/2020,637.0,650.0,610.0,610.0,-6.15,26865.0,237.0,183.0
HBL,3/5/2020,599.0,632.0,590.0,604.0,-0.98,16434.0,237.0,183.0
HBL,3/10/2020,592.0,610.0,573.0,573.0,-5.13,18450.0,237.0,183.0
HBL,3/11/2020,565.0,596.0,555.0,596.0,4.01,16790.0,237.0,183.0
HBL,3/12/2020,606.0,606.0,580.0,584.0,-2.01,22879.0,237.0,183.0
HBL,3/15/2020,575.0,575.0,549.0,549.0,-5.99,17378.0,237.0,183.0
HBL,3/16/2020,549.0,556.0,529.0,548.0,-0.18,14743.0,237.0,183.0
HBL,3/17/2020,545.0,545.0,525.0,525.0,-4.2,10908.0,237.0,183.0
HBL,3/18/2020,525.0,525.0,505.0,512.0,-2.48,8533.0,237.0,183.0
HBL,3/19/2020,502.0,530.0,485.0,520.0,1.56,10473.0,237.0,183.0
HBL,3/22/2020,510.0,510.0,500.0,500.0,-3.85,1158.0,237.0,183.0
HBL,5/12/2020,490.0,490.0,485.0,485.0,-3.0,120.0,237.0,183.0
HBL,5/13/2020,476.0,476.0,471.0,471.0,-2.89,150.0,237.0,183.0
HBL,6/29/2020,462.0,462.0,452.0,453.0,-3.82,3103.0,237.0,183.0
HBL,6/30/2020,462.0,489.0,462.0,489.0,7.95,250.0,237.0,183.0
HBL,7/1/2020,498.0,537.0,498.0,537.0,9.82,299.0,237.0,183.0
HBL,7/2/2020,547.0,557.0,514.0,514.0,-4.28,2755.0,237.0,183.0
HBL,7/5/2020,510.0,524.0,505.0,515.0,0.19,4945.0,237.0,183.0
HBL,7/6/2020,515.0,523.0,510.0,516.0,0.19,7073.0,237.0,183.0
HBL,7/7/2020,523.0,540.0,522.0,530.0,2.71,12928.0,237.0,183.0
HBL,7/8/2020,521.0,530.0,510.0,521.0,-1.7,8052.0,237.0,183.0
HBL,7/9/2020,515.0,520.0,511.0,516.0,-0.96,4929.0,237.0,183.0
HBL,7/12/2020,525.0,525.0,508.0,510.0,-1.16,8352.0,237.0,183.0
HBL,7/13/2020,520.0,520.0,507.0,511.0,0.2,9047.0,237.0,183.0
HBL,7/14/2020,515.0,516.0,508.0,512.0,0.2,7693.0,237.0,183.0
HBL,7/15/2020,518.0,540.0,518.0,540.0,5.47,6269.0,237.0,183.0
HBL,7/16/2020,545.0,558.0,541.0,558.0,3.33,12763.0,237.0,183.0
HBL,7/19/2020,569.0,569.0,569.0,569.0,1.97,10.0,237.0,183.0
HBL,7/20/2020,597.0,625.0,582.0,590.0,3.69,33673.0,237.0,183.0
HBL,7/21/2020,590.0,601.0,570.0,588.0,-0.34,11525.0,237.0,183.0
HBL,7/22/2020,581.0,588.0,570.0,575.0,-2.21,6418.0,237.0,183.0
HBL,7/23/2020,566.0,574.0,556.0,572.0,-0.52,8502.0,237.0,183.0
HBL,7/26/2020,573.0,583.0,571.0,572.0,0.0,14497.0,237.0,183.0
HBL,7/27/2020,583.0,585.0,574.0,576.0,0.7,15785.0,237.0,183.0
HBL,7/28/2020,576.0,580.0,570.0,575.0,-0.17,5347.0,237.0,183.0
HBL,7/29/2020,575.0,575.0,556.0,564.0,-1.91,11387.0,237.0,183.0
HBL,7/30/2020,575.0,575.0,554.0,565.0,0.18,9856.0,237.0,183.0
HBL,8/2/2020,561.0,561.0,544.0,547.0,-3.19,18707.0,237.0,183.0
HBL,8/3/2020,555.0,556.0,541.0,547.0,0.0,4777.0,237.0,183.0
HBL,8/5/2020,542.0,547.0,538.0,540.0,-1.28,5840.0,237.0,183.0
HBL,8/6/2020,549.0,549.0,535.0,541.0,0.19,7599.0,237.0,183.0
HBL,8/9/2020,533.0,540.0,531.0,540.0,-0.18,4710.0,237.0,183.0
HBL,8/10/2020,550.0,560.0,541.0,560.0,3.7,6628.0,237.0,183.0
HBL,8/11/2020,571.0,571.0,551.0,557.0,-0.54,2950.0,237.0,183.0
HBL,8/12/2020,556.0,568.0,550.0,562.0,0.9,2751.0,237.0,183.0
HBL,8/13/2020,555.0,556.0,552.0,552.0,-1.78,470.0,237.0,183.0
HBL,8/16/2020,550.0,550.0,539.0,542.0,-1.81,5152.0,237.0,183.0
HBL,8/17/2020,550.0,550.0,534.0,550.0,1.48,5739.0,237.0,183.0
HBL,8/18/2020,555.0,555.0,541.0,550.0,0.0,5635.0,237.0,183.0
HBL,8/19/2020,542.0,547.0,539.0,539.0,-2.0,3381.0,237.0,183.0
HBL,8/20/2020,539.0,560.0,539.0,550.0,2.04,2122.0,237.0,183.0
HBL,8/23/2020,550.0,555.0,542.0,548.0,-0.36,750.0,237.0,183.0
HBL,8/24/2020,550.0,555.0,548.0,552.0,0.73,6273.0,237.0,183.0
HBL,8/25/2020,550.0,555.0,550.0,554.0,0.36,7727.0,237.0,183.0
HBL,8/26/2020,550.0,577.0,550.0,568.0,2.53,13756.0,237.0,183.0
HBL,8/27/2020,570.0,580.0,567.0,568.0,0.0,12311.0,237.0,183.0
HBL,8/30/2020,558.0,574.0,557.0,565.0,-0.53,7404.0,237.0,183.0
HBL,8/31/2020,558.0,569.0,558.0,567.0,0.35,5448.0,237.0,183.0
HBL,9/2/2020,575.0,575.0,561.0,572.0,0.88,12589.0,237.0,183.0
HBL,9/3/2020,573.0,574.0,561.0,565.0,-1.22,6510.0,237.0,183.0
HBL,9/6/2020,570.0,572.0,557.0,568.0,0.53,4803.0,237.0,183.0
HBL,9/7/2020,558.0,560.0,555.0,555.0,-2.29,5417.0,237.0,183.0
HBL,9/8/2020,552.0,555.0,551.0,553.0,-0.36,2600.0,237.0,183.0
HBL,9/9/2020,551.0,551.0,546.0,549.0,-0.72,4124.0,237.0,183.0
HBL,9/10/2020,544.0,566.0,544.0,553.0,0.73,4770.0,237.0,183.0
HBL,9/13/2020,554.0,554.0,540.0,548.0,-0.9,18059.0,237.0,183.0
HBL,9/14/2020,558.0,566.0,552.0,565.0,3.1,18286.0,237.0,183.0
HBL,9/15/2020,565.0,569.0,561.0,566.0,0.18,11213.0,237.0,183.0
HBL,9/16/2020,570.0,570.0,560.0,565.0,-0.18,11962.0,237.0,183.0
HBL,9/17/2020,560.0,582.0,560.0,574.0,1.59,15075.0,237.0,183.0
HBL,9/20/2020,572.0,584.0,572.0,575.0,0.17,6540.0,237.0,183.0
HBL,9/21/2020,603.0,603.0,570.0,573.0,-0.35,9745.0,237.0,183.0
HBL,9/22/2020,601.0,601.0,565.0,568.0,-0.87,7034.0,237.0,183.0
HBL,9/23/2020,565.0,567.0,557.0,567.0,-0.18,7495.0,237.0,183.0
HBL,9/24/2020,570.0,570.0,562.0,566.0,-0.18,3009.0,237.0,183.0
HBL,9/27/2020,570.0,572.0,562.0,569.0,0.53,3608.0,237.0,183.0
HBL,9/28/2020,563.0,565.0,561.0,564.0,-0.88,1392.0,237.0,183.0
HBL,9/29/2020,560.0,563.0,560.0,561.0,-0.53,1466.0,237.0,183.0
HBL,9/30/2020,589.0,589.0,554.0,556.0,-0.89,4804.0,237.0,183.0
HBL,10/1/2020,563.0,567.0,559.0,565.0,1.62,6860.0,237.0,183.0
HBL,10/4/2020,572.0,572.0,565.0,569.0,0.71,10092.0,237.0,183.0
HBL,10/5/2020,568.0,597.0,568.0,572.0,0.53,9061.0,237.0,183.0
HBL,10/6/2020,572.0,576.0,569.0,576.0,0.7,8972.0,237.0,183.0
HBL,10/7/2020,585.0,585.0,571.0,575.0,-0.17,8405.0,237.0,183.0
HBL,10/8/2020,584.0,584.0,560.0,565.0,-1.74,20627.0,237.0,183.0
HBL,10/11/2020,560.0,565.0,555.0,561.0,-0.71,5688.0,237.0,183.0
HBL,10/12/2020,561.0,565.0,551.0,562.0,0.18,8389.0,237.0,183.0
HBL,10/13/2020,560.0,560.0,556.0,557.0,-0.89,4106.0,237.0,183.0
HBL,10/14/2020,552.0,561.0,552.0,556.0,-0.18,4031.0,237.0,183.0
HBL,10/15/2020,558.0,562.0,555.0,561.0,0.9,7973.0,237.0,183.0
HBL,10/18/2020,560.0,560.0,554.0,558.0,-0.53,4823.0,237.0,183.0
HBL,10/19/2020,550.0,564.0,550.0,561.0,0.54,5025.0,237.0,183.0
HBL,10/20/2020,568.0,570.0,560.0,570.0,1.6,6409.0,237.0,183.0
HBL,10/21/2020,581.0,581.0,565.0,581.0,1.93,13951.0,237.0,183.0
HBL,10/22/2020,584.0,592.0,583.0,588.0,1.2,30263.0,237.0,183.0
HBL,10/28/2020,599.0,619.0,589.0,614.0,4.42,32010.0,237.0,183.0
HBL,10/29/2020,625.0,625.0,612.0,615.0,0.16,23007.0,237.0,183.0
HBL,11/1/2020,608.0,612.0,603.0,607.0,-1.3,16691.0,237.0,183.0
HBL,11/2/2020,607.0,610.0,597.0,600.0,-1.15,10197.0,237.0,183.0
HBL,11/3/2020,598.0,598.0,589.0,593.0,-1.17,5442.0,237.0,183.0
HBL,11/4/2020,593.0,593.0,586.0,589.0,-0.67,8402.0,237.0,183.0
HBL,11/5/2020,600.0,600.0,580.0,583.0,-1.02,7476.0,237.0,183.0
HBL,11/8/2020,612.0,612.0,586.0,586.0,0.51,25605.0,237.0,183.0
HBL,11/9/2020,583.0,588.0,583.0,583.0,-0.51,10187.0,237.0,183.0
HBL,11/10/2020,581.0,590.0,581.0,586.0,0.51,5460.0,237.0,183.0
HBL,11/11/2020,584.0,588.0,584.0,587.0,0.17,12068.0,237.0,183.0
HBL,11/12/2020,588.0,605.0,585.0,599.0,2.04,19430.0,237.0,183.0
HBL,11/18/2020,590.0,590.0,569.0,587.0,-2.0,29829.0,237.0,183.0
HBL,11/19/2020,579.0,598.0,579.0,598.0,1.87,20880.0,237.0,183.0
HBL,11/22/2020,593.0,602.0,587.0,596.0,-0.33,16399.0,237.0,183.0
HBL,11/23/2020,595.0,603.0,593.0,599.0,0.5,14290.0,237.0,183.0
HBL,11/24/2020,600.0,600.0,590.0,590.0,-1.5,11176.0,237.0,183.0
HBL,11/25/2020,599.0,600.0,590.0,598.0,1.36,38103.0,237.0,183.0
HBL,11/26/2020,605.0,625.0,603.0,619.0,3.51,70481.0,237.0,183.0
HBL,11/29/2020,630.0,679.0,625.0,679.0,9.69,90922.0,237.0,183.0
HBL,11/30/2020,712.0,746.0,711.0,728.0,7.22,147226.0,237.0,183.0
HBL,12/1/2020,740.0,749.0,708.0,716.0,-1.65,61991.0,237.0,183.0
HBL,12/2/2020,730.0,730.0,700.0,710.0,-0.84,41240.0,237.0,183.0
HBL,12/3/2020,725.0,725.0,691.0,699.0,-1.55,135413.0,237.0,183.0
HBL,12/6/2020,686.0,693.0,659.0,659.0,-5.72,59348.0,237.0,183.0
HBL,12/7/2020,646.0,675.0,646.0,664.0,0.76,36036.0,237.0,183.0
HBL,12/8/2020,677.0,679.0,657.0,660.0,-0.6,25799.0,237.0,183.0
HBL,12/9/2020,660.0,660.0,640.0,648.0,-1.82,19082.0,237.0,183.0
HBL,12/10/2020,644.0,655.0,637.0,653.0,0.77,35861.0,237.0,183.0
HBL,12/13/2020,653.0,665.0,645.0,665.0,1.84,20122.0,237.0,183.0
HBL,12/14/2020,665.0,678.0,656.0,663.0,-0.3,40876.0,237.0,183.0
HBL,12/15/2020,670.0,675.0,652.0,656.0,-1.06,22882.0,237.0,183.0
HBL,12/16/2020,660.0,660.0,638.0,640.0,-2.44,32814.0,237.0,183.0
HBL,12/17/2020,635.0,645.0,632.0,640.0,0.0,21347.0,237.0,183.0
HBL,12/20/2020,645.0,645.0,614.0,618.0,-3.44,34232.0,237.0,183.0
HBL,12/21/2020,608.0,629.0,585.0,629.0,1.78,21790.0,237.0,183.0
HBL,12/22/2020,632.0,660.0,632.0,643.0,2.23,36309.0,237.0,183.0
HBL,12/23/2020,655.0,665.0,648.0,650.0,1.09,39136.0,237.0,183.0
HBL,12/24/2020,650.0,650.0,635.0,635.0,-2.31,12783.0,237.0,183.0
HBL,12/27/2020,635.0,635.0,626.0,634.0,-0.16,14109.0,237.0,183.0
HBL,12/28/2020,625.0,641.0,625.0,639.0,0.79,47210.0,237.0,183.0
HBL,12/29/2020,562.0,562.0,545.0,545.0,-14.71,21198.0,237.0,183.0
HBL,12/30/2020,550.0,554.0,548.0,549.0,0.73,8046.0,237.0,183.0
HBL,12/31/2020,554.0,570.0,546.0,558.0,1.64,25243.0,237.0,183.0
HBL,1/3/2021,569.0,585.0,569.0,575.0,3.05,17966.0,237.0,183.0
HBL,1/4/2021,586.0,586.0,568.0,573.0,-0.35,12567.0,237.0,183.0
HBL,1/5/2021,563.0,568.0,563.0,565.0,-1.4,8552.0,237.0,183.0
HBL,1/6/2021,565.0,568.0,562.0,562.0,-0.53,4659.0,237.0,183.0
HBL,1/7/2021,564.0,570.0,562.0,562.0,0.0,17747.0,237.0,183.0
HBL,1/10/2021,565.0,570.0,561.0,567.0,0.89,26156.0,237.0,183.0
HBL,1/11/2021,595.0,595.0,571.0,573.0,1.06,14791.0,237.0,183.0
HBL,1/12/2021,601.0,601.0,573.0,575.0,0.35,15549.0,237.0,183.0
HBL,1/13/2021,586.0,586.0,575.0,576.0,0.17,9642.0,237.0,183.0
HBL,1/17/2021,578.0,580.0,570.0,574.0,-0.35,17837.0,237.0,183.0
HBL,1/18/2021,574.0,579.0,572.0,574.0,0.0,32934.0,237.0,183.0
HBL,1/19/2021,583.0,583.0,566.0,567.0,-1.22,13474.0,237.0,183.0
HBL,1/20/2021,567.0,570.0,561.0,563.0,-0.71,17808.0,237.0,183.0
HBL,1/21/2021,591.0,591.0,561.0,563.0,0.0,22917.0,237.0,183.0
HBL,1/24/2021,571.0,574.0,564.0,566.0,0.53,19097.0,237.0,183.0
HBL,1/25/2021,571.0,571.0,560.0,561.0,-0.88,25523.0,237.0,183.0
HBL,1/26/2021,560.0,569.0,559.0,560.0,-0.18,34260.0,237.0,183.0
HBL,1/27/2021,560.0,569.0,560.0,560.0,0.0,26678.0,237.0,183.0
HBL,1/28/2021,550.0,554.0,540.0,548.0,-2.14,32910.0,237.0,183.0
HBL,1/31/2021,541.0,541.0,525.0,535.0,-2.37,25664.0,237.0,183.0
HBL,2/1/2021,545.0,550.0,538.0,538.0,0.56,16753.0,237.0,183.0
HBL,2/2/2021,548.0,548.0,535.0,538.0,0.0,25254.0,237.0,183.0
HBL,2/3/2021,538.0,544.0,538.0,539.0,0.19,25565.0,237.0,183.0
HBL,2/4/2021,538.0,540.0,536.0,538.0,-0.19,15064.0,237.0,183.0
HBL,2/7/2021,538.0,538.0,528.0,530.0,-1.49,26936.0,237.0,183.0
HBL,2/8/2021,540.0,548.0,526.0,548.0,3.4,34182.0,237.0,183.0
HBL,2/9/2021,558.0,578.0,555.0,556.0,1.46,32061.0,237.0,183.0
HBL,2/10/2021,550.0,555.0,547.0,555.0,-0.18,16175.0,237.0,183.0
HBL,2/11/2021,556.0,564.0,556.0,559.0,0.72,23306.0,237.0,183.0
HBL,2/14/2021,555.0,562.0,540.0,546.0,-2.33,24965.0,237.0,183.0
HBL,2/15/2021,550.0,554.0,542.0,549.0,0.55,22159.0,237.0,183.0
HBL,2/16/2021,543.0,557.0,543.0,553.0,0.73,28859.0,237.0,183.0
HBL,2/17/2021,555.0,560.0,551.0,553.0,0.0,14946.0,237.0,183.0
HBL,2/18/2021,562.0,567.0,548.0,566.0,2.35,62716.0,237.0,183.0
HBL,2/21/2021,570.0,573.0,561.0,568.0,0.35,29486.0,237.0,183.0
HBL,2/22/2021,568.0,570.0,551.0,555.0,-2.29,19710.0,237.0,183.0
HBL,2/23/2021,550.0,557.0,540.0,550.0,-0.9,19051.0,237.0,183.0
HBL,2/24/2021,542.0,560.0,542.0,553.0,0.55,11177.0,237.0,183.0
HBL,2/25/2021,580.0,580.0,544.0,544.0,-1.63,12663.0,237.0,183.0
HBL,2/28/2021,535.0,553.0,534.0,535.0,-1.65,16025.0,237.0,183.0
HBL,3/1/2021,535.0,548.0,528.0,540.0,0.93,10822.0,237.0,183.0
HBL,3/2/2021,544.0,544.0,530.0,534.0,-1.11,14528.0,237.0,183.0
HBL,3/3/2021,544.0,544.0,517.0,523.0,-2.06,13506.0,237.0,183.0
HBL,3/4/2021,533.0,533.0,523.0,529.0,1.15,7344.0,237.0,183.0
HBL,3/7/2021,535.0,535.0,528.0,529.0,0.0,8809.0,237.0,183.0
HBL,3/9/2021,530.0,530.0,523.0,528.0,-0.19,5515.0,237.0,183.0
HBL,3/10/2021,525.0,527.0,523.0,525.0,-0.57,6638.0,237.0,183.0
HBL,3/14/2021,522.0,525.0,503.0,507.0,-3.43,20552.0,237.0,183.0
HBL,3/15/2021,503.0,506.0,498.0,499.0,-1.58,15052.0,237.0,183.0
HBL,3/16/2021,508.0,508.0,490.0,497.0,-0.4,12078.0,237.0,183.0
HBL,3/17/2021,500.0,500.0,495.0,498.0,0.2,11352.0,237.0,183.0
HBL,3/18/2021,500.0,505.0,499.0,504.0,1.2,10853.0,237.0,183.0
HBL,3/21/2021,510.0,521.0,503.0,505.0,0.2,24201.0,237.0,183.0
HBL,3/22/2021,510.0,514.0,500.0,503.0,-0.4,18180.0,237.0,183.0
HBL,3/23/2021,500.0,502.0,494.0,496.0,-1.39,14903.0,237.0,183.0
HBL,3/24/2021,500.0,500.0,496.0,500.0,0.81,12970.0,237.0,183.0
HBL,3/25/2021,503.0,510.0,498.0,498.0,-0.4,15765.0,237.0,183.0
HBL,3/29/2021,500.0,502.0,495.0,495.0,-0.6,9701.0,237.0,183.0
HBL,3/30/2021,500.0,503.0,495.0,496.0,0.2,9997.0,237.0,183.0
HBL,3/31/2021,500.0,514.0,496.0,500.0,0.81,22364.0,237.0,183.0
HBL,4/1/2021,506.0,506.0,503.0,505.0,1.0,16113.0,237.0,183.0
HBL,4/4/2021,505.0,515.0,501.0,510.0,0.99,22753.0,237.0,183.0
HBL,4/5/2021,510.0,510.0,505.0,505.0,-0.98,11609.0,237.0,183.0
HBL,4/6/2021,505.0,505.0,500.0,503.0,-0.4,7816.0,237.0,183.0
HBL,4/7/2021,503.0,507.0,503.0,505.0,0.4,13871.0,237.0,183.0
HBL,4/8/2021,509.0,510.0,505.0,506.0,0.2,15353.0,237.0,183.0
HBL,4/12/2021,506.0,507.0,502.0,505.0,-0.2,15384.0,237.0,183.0
HBL,4/13/2021,501.0,520.0,500.0,520.0,2.97,30096.0,237.0,183.0
HBL,4/15/2021,530.0,544.0,530.0,542.0,4.23,44681.0,237.0,183.0
HBL,4/18/2021,560.0,560.0,532.0,532.0,-1.85,33426.0,237.0,183.0
HBL,4/19/2021,532.0,532.0,516.0,516.0,-3.01,18123.0,237.0,183.0
HBL,4/20/2021,508.0,532.0,506.0,524.0,1.55,16148.0,237.0,183.0
HBL,4/21/2021,528.0,528.0,514.0,516.0,-1.53,7415.0,237.0,183.0
HBL,4/22/2021,516.0,516.0,510.0,512.0,-0.78,16950.0,237.0,183.0
HBL,4/25/2021,512.0,525.0,500.0,502.0,-1.95,21891.0,237.0,183.0
HBL,4/26/2021,496.0,503.0,490.0,491.0,-2.19,20403.0,237.0,183.0
HBL,4/27/2021,485.0,500.0,480.0,495.0,0.81,18708.0,237.0,183.0
HBL,4/28/2021,515.0,515.0,491.0,493.0,-0.4,8446.0,237.0,183.0
HBL,4/29/2021,494.0,494.0,489.0,492.0,-0.2,17480.0,237.0,183.0
HBL,5/2/2021,500.0,500.0,487.0,494.0,0.41,27905.0,237.0,183.0
HBL,5/3/2021,500.0,500.0,490.0,491.0,-0.61,15460.0,237.0,183.0
HBL,5/4/2021,491.0,495.0,487.0,490.0,-0.2,9099.0,237.0,183.0
HBL,5/5/2021,491.0,491.0,485.0,487.0,-0.61,15308.0,237.0,183.0
HBL,5/6/2021,487.0,487.0,481.0,487.0,0.0,14787.0,237.0,183.0
HBL,5/9/2021,500.0,500.0,480.0,489.0,0.41,18987.0,237.0,183.0
HBL,5/10/2021,497.0,497.0,485.0,488.0,-0.2,7237.0,237.0,183.0
HBL,5/11/2021,493.0,493.0,487.0,488.0,0.0,8880.0,237.0,183.0
HBL,5/12/2021,488.0,493.0,484.0,487.0,-0.2,12580.0,237.0,183.0
HBL,6/6/2022,390.8,390.8,358.9,358.9,-26.3,1710.0,237.0,183.0
HBL,6/7/2022,351.8,351.8,323.1,323.1,-9.97,3809.0,237.0,183.0
HBL,6/8/2022,316.7,324.0,290.8,320.0,-0.96,68657.0,237.0,183.0
HBL,6/9/2022,320.0,330.0,313.6,316.0,-1.25,24390.0,237.0,183.0
HBL,6/10/2022,311.1,318.0,311.0,316.5,0.16,10122.0,237.0,183.0
HBL,6/13/2022,315.1,315.1,303.0,304.0,-3.95,15214.0,237.0,183.0
HBL,6/14/2022,310.0,505.0,297.0,303.0,-0.33,21356.0,237.0,183.0
HBL,6/15/2022,298.0,302.6,294.0,302.6,-0.13,11490.0,237.0,183.0
HBL,6/16/2022,300.0,303.0,295.0,300.0,-0.86,12957.0,237.0,183.0
HBL,6/17/2022,300.0,304.0,298.0,300.0,0.0,5355.0,237.0,183.0
HBL,6/19/2022,300.0,304.8,295.1,300.0,0.0,9304.0,237.0,183.0
HBL,6/20/2022,300.0,300.0,294.0,296.1,-1.3,9292.0,237.0,183.0
HBL,6/21/2022,296.0,305.0,296.0,303.0,2.33,7650.0,237.0,183.0
HBL,6/22/2022,303.0,303.0,293.0,299.5,-1.16,14215.0,237.0,183.0
HBL,6/23/2022,296.0,374.62,295.0,296.2,-1.1,10130.0,237.0,183.0
HBL,6/24/2022,296.0,299.0,292.0,298.0,0.61,4569.0,237.0,183.0
HBL,6/26/2022,303.0,308.5,300.0,308.5,3.52,9104.0,237.0,183.0
HBL,6/27/2022,310.0,316.0,303.0,303.0,-1.78,9751.0,237.0,183.0
HBL,6/28/2022,300.3,306.0,300.1,300.1,-0.96,5029.0,237.0,183.0
HBL,6/29/2022,302.0,304.0,300.0,302.0,0.63,4693.0,237.0,183.0
HBL,6/30/2022,303.0,309.0,303.0,306.0,1.32,17335.0,237.0,183.0
HBL,7/1/2022,310.9,312.0,305.5,310.0,1.31,4920.0,237.0,183.0
HBL,7/3/2022,316.0,316.0,311.0,313.5,1.13,5537.0,237.0,183.0
HBL,7/4/2022,315.0,318.0,313.0,314.0,0.16,10747.0,237.0,183.0
HBL,7/5/2022,310.0,315.0,302.0,308.0,-1.91,10821.0,237.0,183.0
HBL,7/6/2022,305.0,305.0,296.1,302.0,-1.95,19138.0,237.0,183.0
HBL,7/7/2022,300.0,301.5,296.5,301.5,-0.17,9089.0,237.0,183.0
HBL,7/8/2022,301.0,304.9,298.1,301.9,0.13,3800.0,237.0,183.0
HBL,7/11/2022,302.0,302.0,292.5,293.0,-2.95,16701.0,237.0,183.0
HBL,7/12/2022,290.0,302.8,290.0,299.9,2.35,5629.0,237.0,183.0
HBL,7/13/2022,300.0,302.0,294.5,296.0,-1.3,12714.0,237.0,183.0
HBL,7/14/2022,300.0,304.5,298.0,300.0,1.35,5047.0,237.0,183.0
HBL,7/15/2022,301.0,301.0,297.0,299.2,-0.27,2225.0,237.0,183.0
HBL,7/17/2022,301.0,305.0,298.0,305.0,1.94,9368.0,237.0,183.0
HBL,7/18/2022,310.0,311.0,301.2,308.0,0.98,8542.0,237.0,183.0
HBL,7/19/2022,308.0,310.0,305.0,308.0,0.0,8560.0,237.0,183.0
HBL,7/20/2022,306.0,306.0,304.0,305.5,-0.81,8028.0,237.0,183.0
HBL,7/21/2022,305.0,310.0,302.0,305.0,-0.16,4773.0,237.0,183.0
HBL,7/22/2022,300.1,306.0,300.0,304.1,-0.3,1605.0,237.0,183.0
HBL,7/24/2022,309.0,312.0,300.3,306.0,0.62,5935.0,237.0,183.0
HBL,7/25/2022,308.0,310.0,304.0,306.0,0.0,9217.0,237.0,183.0
HBL,7/26/2022,305.1,308.5,304.0,305.7,-0.1,6396.0,237.0,183.0
HBL,7/27/2022,308.0,308.0,303.0,306.0,0.1,4904.0,237.0,183.0
HBL,7/28/2022,300.0,307.0,300.0,305.0,-0.33,8228.0,237.0,183.0
HBL,7/29/2022,305.0,309.2,305.0,306.0,0.33,2845.0,237.0,183.0
HBL,7/31/2022,306.0,312.0,305.1,312.0,1.96,10935.0,237.0,183.0
HBL,8/1/2022,318.1,328.7,313.0,327.0,4.81,15090.0,237.0,183.0
HBL,8/2/2022,330.0,335.0,329.0,332.0,1.53,10969.0,237.0,183.0
HBL,8/3/2022,338.0,365.1,338.0,353.0,6.33,25525.0,237.0,183.0
HBL,8/4/2022,358.0,358.0,344.5,347.0,-1.7,16404.0,237.0,183.0
HBL,8/5/2022,342.0,344.0,335.0,340.0,-2.02,7872.0,237.0,183.0
HBL,8/7/2022,346.8,347.0,339.0,342.0,0.59,5293.0,237.0,183.0
HBL,8/8/2022,348.0,348.0,336.1,336.1,-1.73,6107.0,237.0,183.0
HBL,8/9/2022,337.0,337.0,326.0,326.0,-3.01,10571.0,237.0,183.0
HBL,8/10/2022,323.0,333.5,322.1,330.0,1.23,5530.0,237.0,183.0
HBL,8/11/2022,325.0,331.0,320.0,323.0,-2.12,13132.0,237.0,183.0
HBL,8/14/2022,323.0,323.0,313.6,313.6,-2.91,13686.0,237.0,183.0
HBL,8/15/2022,313.0,318.0,308.0,315.5,0.61,13038.0,237.0,183.0
HBL,8/16/2022,316.0,325.0,315.0,321.5,1.9,11487.0,237.0,183.0
HBL,8/17/2022,326.0,326.0,319.5,321.0,-0.16,8356.0,237.0,183.0
HBL,8/18/2022,327.0,327.0,322.3,323.1,0.65,5060.0,237.0,183.0
HBL,8/21/2022,329.0,330.0,324.2,327.0,1.21,15429.0,237.0,183.0
HBL,8/22/2022,321.0,327.0,321.0,322.8,-1.28,6849.0,237.0,183.0
HBL,8/23/2022,328.0,335.0,325.3,333.0,3.16,12123.0,237.0,183.0
HBL,8/24/2022,339.6,356.0,331.0,345.0,3.6,19050.0,237.0,183.0
HBL,8/25/2022,349.0,352.0,345.0,345.1,0.03,19617.0,237.0,183.0
HBL,8/26/2022,342.0,342.0,331.1,334.1,-3.19,13410.0,237.0,183.0
HBL,8/28/2022,338.9,338.9,327.5,328.1,-1.8,10827.0,237.0,183.0
HBL,8/29/2022,325.0,331.5,325.0,331.4,1.01,9969.0,237.0,183.0
HBL,8/30/2022,331.9,332.0,327.0,329.0,-0.72,4660.0,237.0,183.0
HBL,8/31/2022,326.0,327.9,325.0,325.0,-1.22,2746.0,237.0,183.0
HBL,9/1/2022,322.0,505.0,321.0,322.0,-0.92,10589.0,237.0,183.0
HBL,9/2/2022,320.1,324.9,320.1,324.0,0.62,1725.0,237.0,183.0
HBL,9/4/2022,320.0,328.0,320.0,325.1,0.34,3215.0,237.0,183.0
HBL,9/5/2022,331.0,341.0,329.0,329.0,1.2,5422.0,237.0,183.0
HBL,9/6/2022,326.0,330.0,324.0,329.8,0.24,8237.0,237.0,183.0
HBL,9/7/2022,330.0,333.0,325.5,327.1,-0.82,10355.0,237.0,183.0
HBL,9/8/2022,324.0,330.0,323.0,327.0,-0.03,2383.0,237.0,183.0
HBL,9/11/2022,330.0,330.9,324.0,325.0,-0.61,8532.0,237.0,183.0
HBL,9/12/2022,331.4,331.4,320.5,320.5,-1.38,8773.0,237.0,183.0
HBL,9/13/2022,326.5,326.9,321.0,322.0,0.47,4694.0,237.0,183.0
HBL,9/14/2022,327.0,330.0,326.0,329.0,2.17,4932.0,237.0,183.0
HBL,9/15/2022,335.0,335.0,324.0,325.0,-1.22,5274.0,237.0,183.0
HBL,9/16/2022,319.0,329.9,315.0,322.0,-0.92,2885.0,237.0,183.0
HBL,9/18/2022,318.2,321.9,315.8,320.2,-0.56,4311.0,237.0,183.0
HBL,9/20/2022,319.0,323.7,313.1,314.0,-1.94,8991.0,237.0,183.0
HBL,9/21/2022,315.0,318.0,314.1,315.0,0.32,4518.0,237.0,183.0
HBL,9/22/2022,319.0,321.0,312.1,313.0,-0.63,4888.0,237.0,183.0
HBL,9/25/2022,310.5,314.0,310.0,311.0,-0.64,6378.0,237.0,183.0
HBL,9/27/2022,315.0,320.0,310.0,313.2,0.71,3822.0,237.0,183.0
HBL,9/28/2022,314.0,325.0,314.0,321.0,2.49,2117.0,237.0,183.0
HBL,9/29/2022,322.0,325.0,317.0,320.0,-0.31,2885.0,237.0,183.0
HBL,10/9/2022,322.0,336.0,322.0,336.0,5.0,4435.0,237.0,183.0
HBL,10/10/2022,334.0,335.0,326.0,326.0,-2.98,5144.0,237.0,183.0
HBL,10/11/2022,330.0,330.0,315.0,318.0,-2.45,3465.0,237.0,183.0
HBL,10/12/2022,316.0,325.3,316.0,324.4,2.01,3492.0,237.0,183.0
HBL,10/13/2022,324.0,326.0,316.1,317.1,-2.25,7221.0,237.0,183.0
HBL,10/16/2022,323.0,323.0,316.1,323.0,1.86,5333.0,237.0,183.0
HBL,10/17/2022,325.0,328.8,322.2,326.8,1.18,4734.0,237.0,183.0
HBL,10/19/2022,326.1,330.0,324.0,328.0,0.37,2776.0,237.0,183.0
HBL,10/20/2022,321.8,329.2,321.8,327.0,-0.3,3378.0,237.0,183.0
HBL,10/23/2022,332.0,333.3,323.0,333.3,1.93,5461.0,237.0,183.0
HBL,10/31/2022,330.0,330.1,323.4,328.0,-1.59,10852.0,237.0,183.0
HBL,11/1/2022,328.0,340.0,328.0,340.0,3.66,10758.0,237.0,183.0
HBL,11/2/2022,335.2,344.7,334.1,336.2,-1.12,9808.0,237.0,183.0
HBL,11/3/2022,330.3,340.0,330.2,338.0,0.54,12746.0,237.0,183.0
HBL,11/6/2022,332.0,342.9,331.5,340.5,0.74,13631.0,237.0,183.0
HBL,11/7/2022,340.5,346.0,340.1,340.9,0.12,5153.0,237.0,183.0
HBL,11/8/2022,347.7,347.7,334.2,343.0,0.62,2734.0,237.0,183.0
HBL,11/9/2022,342.0,343.0,335.0,335.0,-2.33,4379.0,237.0,183.0
HBL,11/10/2022,335.0,340.0,328.5,329.0,-1.79,9056.0,237.0,183.0
HBL,11/13/2022,328.0,332.9,328.0,330.0,0.3,4758.0,237.0,183.0
HBL,11/14/2022,328.0,330.0,326.0,328.0,-0.61,2255.0,237.0,183.0
HBL,11/15/2022,334.4,334.4,328.0,330.0,0.61,3276.0,237.0,183.0
HBL,11/16/2022,330.0,333.6,327.0,333.0,0.91,2906.0,237.0,183.0
HBL,11/17/2022,334.9,335.0,330.0,332.5,-0.15,6092.0,237.0,183.0
HBL,11/22/2022,332.0,339.0,332.0,333.0,0.15,1262.0,237.0,183.0
HBL,11/23/2022,328.0,333.0,325.0,326.0,-2.1,3425.0,237.0,183.0
HBL,11/24/2022,326.0,331.0,321.0,330.7,1.44,1889.0,237.0,183.0
HBL,11/27/2022,326.0,332.3,324.0,332.0,0.39,7723.0,237.0,183.0
HBL,11/28/2022,332.0,337.0,327.5,332.2,0.06,10357.0,237.0,183.0
HBL,11/29/2022,331.0,334.5,328.0,330.0,-0.66,7313.0,237.0,183.0
HBL,11/30/2022,330.0,330.0,327.2,328.0,-0.61,2319.0,237.0,183.0
HBL,12/1/2022,328.0,330.0,325.0,325.5,-0.76,8338.0,237.0,183.0
HBL,12/4/2022,325.0,328.0,325.0,326.0,0.15,2591.0,237.0,183.0
HBL,12/5/2022,326.0,332.0,320.0,325.0,-0.31,4592.0,237.0,183.0
HBL,12/6/2022,321.0,338.5,319.0,338.5,4.15,5479.0,237.0,183.0
HBL,12/7/2022,331.9,331.9,319.0,329.7,-2.6,2853.0,237.0,183.0
HBL,12/11/2022,329.8,329.8,320.5,323.9,-1.76,5376.0,237.0,183.0
HBL,12/12/2022,323.0,324.0,317.6,323.7,-0.06,4618.0,237.0,183.0
HBL,12/13/2022,323.0,325.0,321.0,322.0,-0.53,3670.0,237.0,183.0
HBL,12/14/2022,325.0,328.0,320.7,320.7,-0.4,3549.0,237.0,183.0
HBL,12/15/2022,318.0,326.0,318.0,323.0,0.72,7648.0,237.0,183.0
HBL,12/18/2022,321.0,325.0,318.0,319.0,-1.24,4033.0,237.0,183.0
HBL,12/19/2022,322.0,325.0,318.0,318.0,-0.31,3927.0,237.0,183.0
HBL,12/20/2022,324.3,330.0,320.0,322.0,1.26,50468.0,237.0,183.0
HBL,12/21/2022,326.0,334.6,325.0,328.8,2.11,8514.0,237.0,183.0
HBL,12/22/2022,326.0,330.0,326.0,329.9,0.33,8924.0,237.0,183.0
HBL,12/26/2022,335.0,340.9,330.0,340.0,3.06,30271.0,237.0,183.0
HBL,12/27/2022,345.0,352.0,335.0,350.8,3.18,30183.0,237.0,183.0
HBL,12/28/2022,345.0,353.0,342.0,349.7,-0.31,23963.0,237.0,183.0
HBL,12/29/2022,350.0,357.0,342.8,355.0,1.52,27541.0,237.0,183.0
HBL,1/1/2023,362.0,369.3,355.1,365.1,2.85,49119.0,237.0,183.0
HBL,1/2/2023,338.1,338.1,328.0,331.0,-9.34,15231.0,237.0,183.0
HBL,1/3/2023,333.0,337.6,319.2,320.0,-3.32,14072.0,237.0,183.0
HBL,1/4/2023,320.0,332.2,320.0,325.0,1.56,11376.0,237.0,183.0
HBL,1/5/2023,331.5,331.5,320.0,320.0,-1.54,9089.0,237.0,183.0
HBL,1/8/2023,314.0,322.0,313.6,316.0,-1.25,20587.0,237.0,183.0
HBL,1/9/2023,313.0,317.0,310.0,315.9,-0.03,20959.0,237.0,183.0
HBL,1/10/2023,315.0,334.0,315.0,320.0,1.3,25020.0,237.0,183.0
HBL,1/12/2023,325.0,326.4,311.0,315.0,-1.56,12501.0,237.0,183.0
HBL,1/17/2023,315.5,318.0,304.0,312.7,-0.73,13648.0,237.0,183.0
HBL,1/18/2023,308.0,318.0,305.0,305.0,-2.46,18348.0,237.0,183.0
HBL,1/19/2023,305.0,310.0,301.0,306.0,0.33,9570.0,237.0,183.0
HBL,1/23/2023,312.1,331.0,307.0,313.5,2.45,25499.0,237.0,183.0
HBL,1/24/2023,308.0,314.1,308.0,310.0,-1.12,5272.0,237.0,183.0
HBL,1/25/2023,316.1,316.2,307.7,308.0,-0.65,18678.0,237.0,183.0
HBL,1/26/2023,310.0,310.9,307.0,308.0,0.0,2876.0,237.0,183.0
HBL,1/29/2023,304.0,310.0,303.1,306.0,-0.65,12986.0,237.0,183.0
HBL,1/30/2023,302.5,305.0,300.0,300.0,-1.96,5360.0,237.0,183.0
HBL,1/31/2023,301.0,301.0,295.5,299.9,-0.03,4818.0,237.0,183.0
HBL,2/1/2023,300.0,300.0,293.0,294.0,-1.97,8226.0,237.0,183.0
HBL,2/2/2023,291.0,294.0,289.0,290.0,-1.36,11047.0,237.0,183.0
HBL,2/5/2023,290.0,295.0,289.0,289.0,-0.34,6260.0,237.0,183.0
HBL,2/6/2023,291.0,291.0,284.5,286.0,-1.04,8687.0,237.0,183.0
HBL,2/7/2023,285.0,299.9,284.0,299.8,4.83,5321.0,237.0,183.0
HBL,2/8/2023,300.0,305.0,295.0,300.0,0.07,4000.0,237.0,183.0
HBL,2/9/2023,300.0,304.0,294.0,299.0,-0.33,5531.0,237.0,183.0
HBL,2/12/2023,295.0,297.0,289.1,291.0,-2.68,9166.0,237.0,183.0
HBL,2/14/2023,290.0,296.8,286.0,286.0,-1.72,5598.0,237.0,183.0
HBL,2/15/2023,286.0,290.0,284.5,285.9,-0.03,6989.0,237.0,183.0
HBL,2/16/2023,291.0,291.5,284.0,285.0,-0.31,11295.0,237.0,183.0
HBL,2/20/2023,280.0,290.0,275.0,282.0,-1.05,15636.0,237.0,183.0
HBL,2/22/2023,280.0,299.7,268.0,293.0,3.9,10683.0,237.0,183.0
HBL,2/23/2023,293.0,293.0,281.0,284.0,-3.07,5003.0,237.0,183.0
HBL,2/26/2023,284.1,284.1,272.0,280.4,-1.27,4292.0,237.0,183.0
HBL,2/27/2023,286.0,286.0,275.0,275.1,-1.89,7598.0,237.0,183.0
HBL,2/28/2023,280.6,280.6,271.2,275.0,-0.04,5331.0,237.0,183.0
HBL,3/1/2023,275.0,275.0,270.3,272.0,-1.09,6387.0,237.0,183.0
HBL,3/2/2023,276.0,276.0,268.0,268.0,-1.47,4873.0,237.0,183.0
HBL,3/5/2023,268.0,270.0,262.6,263.0,-1.87,13052.0,237.0,183.0
HBL,3/7/2023,265.0,267.0,262.0,263.0,0.0,5962.0,237.0,183.0
HBL,3/9/2023,265.0,270.2,265.0,267.0,1.52,7229.0,237.0,183.0
HBL,3/12/2023,262.0,262.0,249.0,250.0,-6.37,106306.0,237.0,183.0
HBL,3/13/2023,245.1,246.0,236.2,236.8,-5.28,103550.0,237.0,183.0
HBL,3/14/2023,241.5,246.3,230.6,232.2,-1.94,112626.0,237.0,183.0
HBL,3/15/2023,236.8,236.8,230.0,235.0,1.21,68992.0,237.0,183.0
HBL,3/16/2023,231.0,238.0,225.7,236.0,0.43,18022.0,237.0,183.0
HBL,3/19/2023,233.0,239.0,232.0,236.0,0.0,15414.0,237.0,183.0
HBL,3/20/2023,233.0,240.0,233.0,239.0,1.27,36318.0,237.0,183.0
HBL,3/22/2023,242.0,242.0,233.3,236.0,-1.26,31158.0,237.0,183.0
HBL,3/23/2023,233.0,236.0,228.0,230.0,-2.54,49382.0,237.0,183.0
HBL,3/26/2023,228.0,234.0,226.1,227.0,-1.3,22478.0,237.0,183.0
HBL,3/27/2023,230.0,230.0,221.0,225.0,-0.88,64668.0,237.0,183.0
HBL,3/28/2023,228.5,232.9,226.6,227.1,0.93,22130.0,237.0,183.0
HBL,3/29/2023,230.9,230.9,225.0,226.9,-0.09,28441.0,237.0,183.0
HBL,3/30/2023,230.0,230.0,223.0,225.0,-0.84,23758.0,237.0,183.0
HBL,4/2/2023,228.5,228.5,220.0,221.5,-1.56,35049.0,237.0,183.0
HBL,4/3/2023,221.0,221.9,217.4,219.8,-0.77,39069.0,237.0,183.0
HBL,4/4/2023,217.0,221.0,213.2,214.1,-2.59,119020.0,237.0,183.0
HBL,4/5/2023,213.5,217.9,212.0,216.5,1.12,35179.0,237.0,183.0
HBL,4/6/2023,220.0,220.0,216.0,219.6,1.43,25004.0,237.0,183.0
HBL,4/9/2023,220.5,220.5,215.3,216.0,-1.64,35937.0,237.0,183.0
HBL,4/10/2023,216.0,221.0,215.0,218.5,1.16,20244.0,237.0,183.0
HBL,4/11/2023,219.0,222.5,218.1,222.3,1.74,33480.0,237.0,183.0
HBL,4/12/2023,225.0,236.0,222.7,235.0,5.71,48115.0,237.0,183.0
HBL,4/13/2023,237.7,239.7,231.0,231.0,-1.7,83922.0,237.0,183.0
HBL,4/16/2023,234.0,234.0,227.7,232.7,0.74,21878.0,237.0,183.0
HBL,4/17/2023,234.0,234.0,227.3,227.3,-2.32,18972.0,237.0,183.0
HBL,4/18/2023,225.0,228.0,223.0,228.0,0.31,8529.0,237.0,183.0
HBL,4/19/2023,228.0,230.0,226.2,227.2,-0.35,27477.0,237.0,183.0
HBL,4/20/2023,231.0,231.0,225.5,225.5,-0.75,26539.0,237.0,183.0
HBL,4/23/2023,224.0,228.0,219.2,223.5,-0.89,31353.0,237.0,183.0
HBL,4/24/2023,220.5,223.0,216.3,221.9,-0.72,15853.0,237.0,183.0
HBL,4/25/2023,225.0,225.0,220.9,222.0,0.05,19314.0,237.0,183.0
HBL,4/26/2023,220.1,225.0,220.1,220.1,-0.86,20167.0,237.0,183.0
HBL,4/27/2023,221.0,242.0,218.0,221.5,0.64,17179.0,237.0,183.0
HBL,4/30/2023,221.5,238.6,221.0,223.0,0.68,64767.0,237.0,183.0
HBL,5/2/2023,226.0,227.0,218.0,221.9,-0.49,31718.0,237.0,183.0
HBL,5/3/2023,218.5,222.2,218.5,220.0,-0.86,14160.0,237.0,183.0
HBL,5/4/2023,224.0,224.0,217.4,224.0,1.82,23693.0,237.0,183.0
HBL,5/7/2023,225.0,226.0,218.0,219.0,-2.23,10154.0,237.0,183.0
HBL,5/8/2023,219.9,219.9,217.0,217.0,-0.91,18909.0,237.0,183.0
HBL,5/9/2023,218.0,220.0,216.1,218.0,0.46,11317.0,237.0,183.0
HBL,5/10/2023,220.0,220.0,216.2,217.0,-0.46,24724.0,237.0,183.0
HBL,5/11/2023,217.0,219.2,216.0,218.0,0.46,14531.0,237.0,183.0
HBL,5/14/2023,221.0,221.0,216.0,218.0,0.0,48991.0,237.0,183.0
HBL,5/15/2023,216.0,220.0,215.0,216.1,-0.87,47829.0,237.0,183.0
HBL,5/16/2023,214.1,219.0,213.0,217.0,0.42,76081.0,237.0,183.0
HBL,5/17/2023,220.0,220.4,216.3,218.1,0.51,36503.0,237.0,183.0
HBL,5/18/2023,216.6,220.3,216.0,220.0,0.87,29286.0,237.0,183.0
HBL,5/21/2023,222.0,222.9,218.0,219.0,-0.45,30542.0,237.0,183.0
HBL,5/22/2023,220.0,220.0,215.0,218.0,-0.46,39778.0,237.0,183.0
HBL,5/23/2023,220.0,222.0,218.0,222.0,1.83,70135.0,237.0,183.0
HBL,5/24/2023,223.0,225.0,220.2,222.0,0.0,42736.0,237.0,183.0
HBL,5/28/2023,221.0,243.1,220.1,224.0,0.9,61725.0,237.0,183.0
HBL,5/30/2023,224.0,224.0,215.0,216.2,-3.48,47558.0,237.0,183.0
HBL,5/31/2023,215.0,219.0,212.0,215.0,-0.56,56079.0,237.0,183.0
HBL,6/1/2023,217.9,217.9,210.8,213.0,-0.93,31677.0,237.0,183.0
HBL,6/4/2023,215.0,221.9,215.0,217.0,1.88,23636.0,237.0,183.0
HBL,6/5/2023,221.3,221.3,214.2,214.2,-1.29,24536.0,237.0,183.0
HBL,6/6/2023,217.0,217.0,212.7,215.0,0.37,55213.0,237.0,183.0
HBL,6/7/2023,214.1,217.0,214.0,214.1,-0.42,45588.0,237.0,183.0
HBL,6/8/2023,214.0,215.0,212.3,213.9,-0.09,36335.0,237.0,183.0
HBL,6/11/2023,215.0,216.9,214.0,215.0,0.51,53625.0,237.0,183.0
HBL,6/12/2023,217.2,217.2,213.1,214.8,-0.09,33137.0,237.0,183.0
HBL,6/13/2023,216.0,219.0,213.0,218.4,1.68,48169.0,237.0,183.0
HBL,6/14/2023,216.1,222.0,216.0,220.0,0.73,65176.0,237.0,183.0
HBL,6/15/2023,219.0,221.9,217.0,218.0,-0.91,49960.0,237.0,183.0
HBL,6/18/2023,219.0,219.0,214.9,217.5,-0.23,91602.0,237.0,183.0
HBL,6/19/2023,217.0,220.0,215.8,216.9,-0.28,29716.0,237.0,183.0
HBL,6/20/2023,219.0,219.0,213.1,215.3,-0.74,38329.0,237.0,183.0
HBL,6/21/2023,215.0,216.0,213.1,214.0,-0.6,33020.0,237.0,183.0
HBL,6/22/2023,217.0,217.0,211.0,212.0,-0.93,37402.0,237.0,183.0
HBL,6/25/2023,212.5,214.0,209.0,212.0,0.0,100702.0,237.0,183.0
HBL,6/26/2023,213.7,217.0,211.0,211.0,-0.47,60631.0,237.0,183.0
HBL,6/27/2023,213.9,221.0,211.8,220.0,4.27,117218.0,237.0,183.0
HBL,6/28/2023,221.0,223.0,215.0,215.0,-2.27,61985.0,237.0,183.0
HBL,7/2/2023,216.0,216.9,211.0,211.6,-1.58,38932.0,237.0,183.0
HBL,7/3/2023,212.0,213.0,209.1,210.0,-0.76,54560.0,237.0,183.0
HBL,7/4/2023,211.0,213.0,208.6,209.8,-0.1,44303.0,237.0,183.0
HBL,7/5/2023,212.0,212.9,208.3,209.0,-0.38,52219.0,237.0,183.0
HBL,7/6/2023,210.0,210.0,206.5,206.5,-1.2,30411.0,237.0,183.0
HBL,7/9/2023,207.0,210.0,207.0,208.1,0.77,21628.0,237.0,183.0
HBL,7/10/2023,208.1,212.0,208.1,209.0,0.43,30893.0,237.0,183.0
HBL,7/11/2023,208.1,209.7,206.2,207.0,-0.96,38804.0,237.0,183.0
HBL,7/12/2023,211.0,211.0,206.0,208.0,0.48,37502.0,237.0,183.0
HBL,7/13/2023,209.0,212.0,208.9,208.9,0.43,19046.0,237.0,183.0
HBL,7/16/2023,211.9,213.0,208.0,212.8,1.87,24838.0,237.0,183.0
HBL,7/17/2023,213.0,219.0,210.0,217.0,1.97,49453.0,237.0,183.0
HBL,7/18/2023,220.0,223.0,219.0,221.0,1.84,66991.0,237.0,183.0
HBL,7/19/2023,223.0,230.0,217.0,226.5,2.49,118096.0,237.0,183.0
HBL,7/20/2023,231.0,231.0,223.0,223.9,-1.15,76892.0,237.0,183.0
HBL,7/23/2023,226.0,240.0,224.9,239.0,6.74,148639.0,237.0,183.0
HBL,7/24/2023,240.0,240.0,225.4,231.0,-3.35,124468.0,237.0,183.0
HBL,7/25/2023,230.0,230.0,221.7,223.0,-3.46,52982.0,237.0,183.0
HBL,7/26/2023,222.1,226.0,221.2,223.9,0.4,47565.0,237.0,183.0
HBL,7/27/2023,226.0,226.0,220.0,221.8,-0.94,70499.0,237.0,183.0
HBL,7/30/2023,222.0,224.0,215.0,221.8,0.0,50083.0,237.0,183.0
HBL,7/31/2023,217.4,226.4,217.4,223.0,0.54,77234.0,237.0,183.0
HBL,8/1/2023,220.0,225.0,217.0,218.0,-2.24,29601.0,237.0,183.0
HBL,8/2/2023,218.0,221.9,216.8,219.0,0.46,41444.0,237.0,183.0
HBL,8/3/2023,215.0,227.0,215.0,223.0,1.83,46852.0,237.0,183.0
HBL,8/6/2023,219.0,219.0,209.0,212.0,-4.93,128136.0,237.0,183.0
HBL,8/7/2023,212.0,212.0,205.2,207.0,-2.36,86896.0,237.0,183.0
HBL,8/8/2023,207.0,209.0,204.3,205.0,-0.97,45616.0,237.0,183.0
HBL,8/9/2023,203.1,206.1,202.0,205.0,0.0,39039.0,237.0,183.0
HBL,8/10/2023,206.0,208.0,204.0,207.5,1.22,31528.0,237.0,183.0
HBL,8/13/2023,209.0,212.7,209.0,210.4,1.4,116300.0,237.0,183.0
HBL,8/14/2023,212.6,215.8,207.3,214.0,1.71,48709.0,237.0,183.0
HBL,8/15/2023,213.5,215.0,208.0,214.9,0.42,39865.0,237.0,183.0
HBL,8/16/2023,212.0,212.0,205.3,208.1,-3.16,11988.0,237.0,183.0
HBL,8/17/2023,210.0,211.0,207.0,208.0,-0.05,38470.0,237.0,183.0
HBL,8/20/2023,208.0,209.0,204.0,205.2,-1.35,42722.0,237.0,183.0
HBL,8/21/2023,204.5,206.9,204.1,206.0,0.39,39980.0,237.0,183.0
HBL,8/22/2023,209.0,209.0,203.0,206.3,0.15,17324.0,237.0,183.0
HBL,8/23/2023,209.0,212.5,206.3,209.9,1.75,29147.0,237.0,183.0
HBL,8/24/2023,210.0,211.3,206.6,208.0,-0.91,21966.0,237.0,183.0
HBL,8/27/2023,208.0,208.0,205.0,206.0,-0.96,19371.0,237.0,183.0
HBL,8/28/2023,206.0,207.8,204.1,206.7,0.34,16197.0,237.0,183.0
HBL,8/29/2023,206.0,207.0,203.0,204.5,-1.06,21504.0,237.0,183.0
HBL,8/30/2023,206.0,212.1,204.0,207.0,1.22,31648.0,237.0,183.0
HBL,9/3/2023,209.5,209.5,204.0,204.2,-1.35,25188.0,237.0,183.0
HBL,9/4/2023,204.2,207.0,203.0,204.5,0.15,25570.0,237.0,183.0
HBL,9/5/2023,204.0,205.9,203.0,203.2,-0.64,25567.0,237.0,183.0
HBL,9/7/2023,202.0,203.0,200.0,200.7,-1.23,29794.0,237.0,183.0
HBL,9/10/2023,200.7,204.0,200.7,203.0,1.15,21275.0,237.0,183.0
HBL,9/11/2023,203.0,206.9,203.0,206.5,1.72,21205.0,237.0,183.0
HBL,9/12/2023,207.3,207.9,205.0,206.9,0.19,21943.0,237.0,183.0
HBL,9/13/2023,207.0,208.9,204.2,206.0,-0.43,20550.0,237.0,183.0
HBL,9/17/2023,209.0,209.0,204.2,204.2,-0.87,18424.0,237.0,183.0
HBL,9/18/2023,202.0,204.9,200.0,203.0,-0.59,20127.0,237.0,183.0
HBL,9/19/2023,203.5,204.0,202.1,203.6,0.3,10496.0,237.0,183.0
HBL,9/21/2023,206.0,209.0,205.7,207.5,1.92,43682.0,237.0,183.0
HBL,9/24/2023,207.0,209.0,205.0,205.3,-1.06,26117.0,237.0,183.0
HBL,9/25/2023,203.0,206.9,202.0,206.0,0.34,49269.0,237.0,183.0
HBL,9/26/2023,207.4,209.0,205.0,206.5,0.24,30937.0,237.0,183.0
HBL,9/27/2023,209.0,209.0,203.6,204.8,-0.82,31050.0,237.0,183.0
HBL,10/1/2023,204.0,205.5,201.4,203.8,-0.49,29652.0,237.0,183.0
HBL,10/2/2023,200.1,205.0,200.1,204.0,0.1,31354.0,237.0,183.0
HBL,10/3/2023,202.0,205.0,202.0,203.0,-0.49,24192.0,237.0,183.0
HBL,10/4/2023,202.0,205.6,200.7,203.5,0.25,40489.0,237.0,183.0
HBL,10/5/2023,204.5,204.5,203.0,203.8,0.15,34442.0,237.0,183.0
HBL,10/8/2023,204.0,204.3,201.0,203.0,-0.39,36272.0,237.0,183.0
HBL,10/9/2023,202.0,203.0,200.0,201.9,-0.54,32454.0,237.0,183.0
HBL,10/10/2023,200.0,202.9,199.7,200.2,-0.84,31945.0,237.0,183.0
HBL,10/11/2023,202.4,202.4,199.5,202.0,0.9,21752.0,237.0,183.0
HBL,10/12/2023,201.0,203.0,199.0,200.1,-0.94,31001.0,237.0,183.0
HBL,10/16/2023,199.1,200.0,198.5,199.0,-0.55,16355.0,237.0,183.0
HBL,10/17/2023,200.0,200.9,193.0,200.9,0.95,70472.0,237.0,183.0
HBL,10/18/2023,200.9,204.9,199.0,203.3,1.19,21236.0,237.0,183.0
HBL,10/19/2023,205.9,205.9,200.0,204.6,0.64,31250.0,237.0,183.0
HBL,10/29/2023,203.8,203.8,200.2,200.2,-2.15,12410.0,237.0,183.0
HBL,10/30/2023,199.1,201.0,198.5,200.0,-0.1,27696.0,237.0,183.0
HBL,10/31/2023,198.0,200.0,198.0,199.0,-0.5,12374.0,237.0,183.0
HBL,11/1/2023,200.0,200.0,197.0,198.8,-0.1,14778.0,237.0,183.0
HBL,11/2/2023,199.0,199.0,196.0,197.4,-0.7,16464.0,237.0,183.0
HBL,11/5/2023,198.0,200.0,193.6,195.0,-1.22,42761.0,237.0,183.0
HBL,11/6/2023,197.9,214.0,194.1,198.0,1.54,22725.0,237.0,183.0
HBL,11/7/2023,200.9,201.0,195.1,197.9,-0.05,19292.0,237.0,183.0
HBL,11/8/2023,196.0,215.2,195.2,198.1,0.1,18278.0,237.0,183.0
HBL,11/9/2023,200.0,201.3,196.0,198.2,0.05,25161.0,237.0,183.0
HBL,11/20/2023,202.0,202.0,199.0,199.6,0.71,11853.0,237.0,183.0
HBL,11/21/2023,200.0,200.0,196.0,199.0,-0.3,13041.0,237.0,183.0
HBL,11/22/2023,199.7,199.9,197.0,198.0,-0.5,17526.0,237.0,183.0
HBL,11/23/2023,199.0,199.0,196.0,198.0,0.0,17391.0,237.0,183.0
HBL,11/26/2023,200.0,205.5,197.5,205.5,3.79,30912.0,237.0,183.0
HBL,11/27/2023,206.0,208.0,201.1,204.0,-0.73,26379.0,237.0,183.0
HBL,11/28/2023,204.0,204.0,199.0,199.6,-2.16,17432.0,237.0,183.0
HBL,11/29/2023,202.0,202.0,198.1,199.6,0.0,9913.0,237.0,183.0
HBL,11/30/2023,199.0,199.6,196.0,198.4,-0.6,20933.0,237.0,183.0
HBL,12/3/2023,198.0,198.1,195.9,197.0,-0.71,20400.0,237.0,183.0
HBL,12/4/2023,197.0,200.0,196.0,199.5,1.27,27732.0,237.0,183.0
HBL,12/5/2023,198.1,201.0,196.1,199.8,0.15,11461.0,237.0,183.0
HBL,12/6/2023,197.5,199.9,196.1,198.5,-0.65,11914.0,237.0,183.0
HBL,12/7/2023,200.9,200.9,196.3,198.9,0.2,15581.0,237.0,183.0
HBL,12/10/2023,198.0,207.1,198.0,207.1,4.12,1740.0,237.0,183.0
HBL,12/11/2023,211.2,215.0,205.0,207.2,0.05,53328.0,237.0,183.0
HBL,12/12/2023,207.0,208.0,204.0,206.5,-0.34,36739.0,237.0,183.0
HBL,12/13/2023,209.9,210.0,206.0,209.8,1.6,32115.0,237.0,183.0
HBL,12/14/2023,208.0,209.9,207.0,207.7,-1.0,15409.0,237.0,183.0
HBL,12/17/2023,203.6,208.0,199.6,206.0,-0.82,23306.0,237.0,183.0
HBL,12/18/2023,208.0,211.0,202.0,209.0,1.46,88797.0,237.0,183.0
HBL,12/19/2023,210.0,219.8,210.0,218.9,4.74,99719.0,237.0,183.0
HBL,12/20/2023,223.0,223.0,210.2,216.4,-1.14,91596.0,237.0,183.0
HBL,12/21/2023,215.2,217.0,210.8,212.0,-2.03,83847.0,237.0,183.0
HBL,12/24/2023,213.0,220.0,209.5,210.8,-0.57,61806.0,237.0,183.0
HBL,12/27/2023,210.0,214.0,210.0,210.1,-0.33,79857.0,237.0,183.0
HBL,12/28/2023,210.0,211.0,208.2,209.6,-0.24,68124.0,237.0,183.0
HBL,1/1/2024,209.5,212.0,209.0,210.0,0.19,65494.0,237.0,183.0
HBL,1/2/2024,208.0,210.0,201.4,206.0,-1.9,46926.0,237.0,183.0
HBL,1/3/2024,206.9,206.9,203.1,206.0,0.0,25666.0,237.0,183.0
HBL,1/4/2024,210.0,210.9,203.2,209.0,1.46,63260.0,237.0,183.0
HBL,1/7/2024,209.0,209.0,201.0,201.0,-3.83,46539.0,237.0,183.0
HBL,1/8/2024,200.0,205.0,200.0,201.4,0.2,38483.0,237.0,183.0
HBL,1/9/2024,203.0,206.0,202.0,204.0,1.29,47559.0,237.0,183.0
HBL,1/10/2024,206.0,210.1,204.5,205.0,0.49,39360.0,237.0,183.0
HBL,1/11/2024,204.4,207.9,204.0,205.0,0.0,22127.0,237.0,183.0
HBL,1/14/2024,205.0,209.4,202.5,209.0,1.95,30095.0,237.0,183.0
HBL,1/16/2024,211.1,215.1,208.7,214.5,2.63,75822.0,237.0,183.0
HBL,1/17/2024,215.0,220.0,214.5,219.0,2.1,102684.0,237.0,183.0
HBL,1/18/2024,215.0,218.0,212.0,215.0,-1.83,50335.0,237.0,183.0
HBL,1/21/2024,219.0,219.0,206.8,208.5,-3.02,146622.0,237.0,183.0
HBL,1/22/2024,207.0,209.0,204.4,205.0,-1.68,63822.0,237.0,183.0
HBL,1/23/2024,209.1,209.1,203.1,205.5,0.24,30645.0,237.0,183.0
HBL,1/24/2024,206.0,209.0,204.0,205.0,-0.24,23644.0,237.0,183.0
HBL,1/25/2024,209.0,209.0,203.1,205.0,0.0,18818.0,237.0,183.0
HBL,1/28/2024,205.0,207.0,201.0,202.4,-1.27,51185.0,237.0,183.0
HBL,1/29/2024,202.4,222.6,202.4,203.0,0.3,45091.0,237.0,183.0
HBL,1/30/2024,204.0,206.0,202.2,203.0,0.0,31810.0,237.0,183.0
HBL,1/31/2024,204.0,205.8,201.8,202.5,-0.25,20790.0,237.0,183.0
HBL,2/1/2024,201.0,202.4,199.2,200.0,-1.23,32715.0,237.0,183.0
HBL,2/4/2024,200.0,201.9,199.1,199.4,-0.3,33360.0,237.0,183.0
HBL,2/5/2024,203.3,203.3,198.7,200.9,0.75,22357.0,237.0,183.0
HBL,2/6/2024,202.0,202.0,199.0,201.0,0.05,24371.0,237.0,183.0
HBL,2/7/2024,205.0,205.0,199.4,200.0,-0.5,41884.0,237.0,183.0
HBL,2/8/2024,198.7,201.0,198.7,200.9,0.45,20407.0,237.0,183.0
HBL,2/11/2024,200.0,203.0,198.3,199.0,-0.95,32974.0,237.0,183.0
HBL,2/12/2024,201.0,201.0,197.5,199.9,0.45,26851.0,237.0,183.0
HBL,2/13/2024,199.0,199.0,194.1,195.0,-2.45,69621.0,237.0,183.0
HBL,2/14/2024,195.1,196.9,193.0,193.0,-1.03,64524.0,237.0,183.0
HBL,2/15/2024,193.0,195.0,192.5,192.5,-0.26,23587.0,237.0,183.0
HBL,2/18/2024,192.0,195.0,189.0,192.0,-0.26,54867.0,237.0,183.0
HBL,2/20/2024,195.8,198.0,190.0,191.1,-0.47,23755.0,237.0,183.0
HBL,2/21/2024,191.1,194.0,190.3,190.5,-0.31,18311.0,237.0,183.0
HBL,2/22/2024,188.0,191.8,186.8,188.0,-1.31,39980.0,237.0,183.0
HBL,2/25/2024,187.9,187.9,185.1,186.2,-0.96,31773.0,237.0,183.0
HBL,2/26/2024,187.0,189.0,186.1,188.0,0.97,27615.0,237.0,183.0
HBL,2/27/2024,188.0,189.0,186.0,188.5,0.27,32101.0,237.0,183.0
HBL,2/28/2024,188.0,189.9,187.0,187.5,-0.53,24799.0,237.0,183.0
HBL,2/29/2024,187.6,188.9,186.1,187.0,-0.27,57479.0,237.0,183.0
HBL,3/3/2024,185.0,187.5,184.0,186.8,-0.11,50166.0,237.0,183.0
HBL,3/4/2024,187.0,190.5,187.0,190.5,1.98,1150.0,237.0,183.0
HBL,3/5/2024,194.3,198.0,189.0,190.9,0.21,59296.0,237.0,183.0
HBL,3/6/2024,194.0,194.0,189.0,191.0,0.05,36268.0,237.0,183.0
HBL,3/7/2024,192.0,193.0,189.0,190.0,-0.52,26590.0,237.0,183.0
HBL,3/10/2024,190.8,196.6,190.8,194.2,2.21,26033.0,237.0,183.0
HBL,3/12/2024,198.0,199.9,194.2,198.3,2.11,46432.0,237.0,183.0
HBL,3/13/2024,200.0,201.8,196.0,196.3,-1.01,32410.0,237.0,183.0
HBL,3/14/2024,197.0,198.9,193.0,193.7,-1.32,9785.0,237.0,183.0
HBL,3/17/2024,192.4,195.0,192.0,193.0,-0.36,29858.0,237.0,183.0
HBL,3/18/2024,190.1,204.9,184.0,197.8,2.49,37648.0,237.0,183.0
HBL,3/19/2024,198.0,199.0,192.2,195.9,-0.96,13519.0,237.0,183.0
HBL,3/20/2024,195.0,195.0,192.0,194.0,-0.97,27258.0,237.0,183.0
HBL,3/21/2024,197.6,197.6,191.0,193.0,-0.52,9939.0,237.0,183.0
HBL,3/25/2024,191.0,192.0,190.1,191.0,-1.04,13808.0,237.0,183.0
HBL,3/26/2024,191.0,192.0,190.0,191.8,0.42,12495.0,237.0,183.0
HBL,3/27/2024,192.0,192.0,189.0,191.0,-0.42,14148.0,237.0,183.0
HBL,3/28/2024,189.0,191.0,188.2,189.5,-0.79,16801.0,237.0,183.0
HBL,3/31/2024,187.3,190.0,187.3,188.0,-0.79,26610.0,237.0,183.0
HBL,4/1/2024,187.1,188.0,185.0,186.0,-1.06,30813.0,237.0,183.0
HBL,4/2/2024,185.0,188.0,185.0,186.9,0.48,14676.0,237.0,183.0
HBL,4/3/2024,187.0,187.0,184.1,184.6,-1.23,22480.0,237.0,183.0
HBL,4/4/2024,184.3,186.0,183.0,184.0,-0.33,30072.0,237.0,183.0
HBL,4/7/2024,183.0,184.0,179.6,184.0,0.0,35250.0,237.0,183.0
HBL,4/9/2024,186.0,189.0,185.2,186.9,1.58,14416.0,237.0,183.0
HBL,4/10/2024,187.1,188.4,182.3,184.0,-1.55,21117.0,237.0,183.0
HBL,4/14/2024,185.0,185.0,181.5,183.0,-0.54,12241.0,237.0,183.0
HBL,4/15/2024,180.3,183.0,180.3,182.0,-0.55,16775.0,237.0,183.0
HBL,4/16/2024,180.1,182.0,179.5,181.0,-0.55,18609.0,237.0,183.0
HBL,4/18/2024,180.5,181.0,178.8,179.6,-0.77,19573.0,237.0,183.0
HBL,4/21/2024,179.0,179.0,174.0,176.0,-2.0,25043.0,237.0,183.0
HBL,4/22/2024,179.5,179.5,174.0,175.0,-0.57,15515.0,237.0,183.0
HBL,4/24/2024,175.0,177.0,174.0,177.0,1.14,32688.0,237.0,183.0
HBL,4/25/2024,177.0,178.0,175.2,178.0,0.56,11206.0,237.0,183.0
HBL,4/28/2024,178.0,178.0,176.0,176.0,-1.12,15877.0,237.0,183.0
HBL,4/29/2024,179.5,179.5,175.5,176.9,0.51,25542.0,237.0,183.0
HBL,4/30/2024,180.4,180.4,177.0,177.6,0.4,32234.0,237.0,183.0
HBL,5/2/2024,181.1,181.1,174.5,176.0,-0.9,22945.0,237.0,183.0
HBL,5/5/2024,177.8,177.9,168.5,171.2,-2.73,51020.0,237.0,183.0
HBL,5/6/2024,170.0,173.9,168.6,170.0,-0.7,14849.0,237.0,183.0
HBL,5/7/2024,169.0,173.4,167.1,172.0,1.18,8083.0,237.0,183.0
HBL,5/8/2024,175.2,175.2,168.0,170.0,-1.16,27080.0,237.0,183.0
HBL,5/9/2024,168.0,170.5,168.0,170.5,0.29,23939.0,237.0,183.0
HBL,5/12/2024,173.9,173.9,169.5,173.0,1.47,15033.0,237.0,183.0
HBL,5/13/2024,173.0,181.5,172.1,180.8,4.51,38458.0,237.0,183.0
HBL,5/14/2024,181.0,182.5,176.1,180.0,-0.44,14319.0,237.0,183.0
HBL,5/15/2024,180.0,185.6,178.0,178.0,-1.11,15048.0,237.0,183.0
HBL,5/16/2024,181.5,181.5,175.1,175.6,-1.35,43319.0,237.0,183.0
HBL,5/19/2024,179.1,182.0,175.7,181.0,3.08,31768.0,237.0,183.0
HBL,5/20/2024,181.0,195.5,180.0,191.0,5.52,80489.0,237.0,183.0
HBL,5/21/2024,194.8,196.4,188.2,193.0,1.05,38869.0,237.0,183.0
HBL,5/22/2024,190.2,203.9,190.0,201.9,4.61,96061.0,237.0,183.0
HBL,5/26/2024,205.0,205.0,195.5,198.0,-1.93,70759.0,237.0,183.0
HBL,5/27/2024,198.9,199.0,192.1,196.0,-1.01,22745.0,237.0,183.0
HBL,5/29/2024,199.9,211.0,194.7,194.7,-0.66,92492.0,237.0,183.0
HBL,5/30/2024,194.9,195.9,191.6,191.6,-1.59,29396.0,237.0,183.0
HBL,6/2/2024,189.2,195.0,189.0,193.3,0.89,19445.0,237.0,183.0
HBL,6/3/2024,197.1,197.1,191.0,193.3,0.0,12229.0,237.0,183.0
HBL,6/4/2024,193.5,193.5,190.0,191.0,-1.19,15110.0,237.0,183.0
HBL,6/5/2024,190.1,190.7,188.6,189.5,-0.79,15703.0,237.0,183.0
HBL,6/6/2024,190.0,190.0,185.0,187.5,-1.06,27461.0,237.0,183.0
HBL,6/9/2024,191.2,191.2,182.0,182.0,-2.93,30635.0,237.0,183.0
HBL,6/10/2024,185.0,185.0,181.3,182.3,0.16,27776.0,237.0,183.0
HBL,6/11/2024,185.9,187.6,180.1,183.0,0.38,28684.0,237.0,183.0
HBL,6/12/2024,186.5,192.0,183.0,183.0,0.0,41677.0,237.0,183.0
HBL,6/13/2024,183.0,184.4,181.3,184.0,0.55,32660.0,237.0,183.0
HBL,6/16/2024,182.0,186.3,182.0,184.0,0.0,17657.0,237.0,183.0
HBL,6/18/2024,181.3,183.4,180.5,182.0,-1.09,8236.0,237.0,183.0
HBL,6/19/2024,184.9,185.0,180.0,181.0,-0.55,16006.0,237.0,183.0
HBL,6/20/2024,184.6,184.6,177.0,177.5,-1.93,33240.0,237.0,183.0
HBL,6/23/2024,179.0,179.0,174.1,176.5,-0.56,28415.0,237.0,183.0
HBL,6/24/2024,175.4,177.0,172.3,173.0,-1.98,62246.0,237.0,183.0
HBL,6/25/2024,173.0,175.4,172.1,174.7,0.98,23123.0,237.0,183.0
HBL,6/26/2024,174.0,176.4,173.0,174.2,-0.29,31909.0,237.0,183.0
HBL,6/27/2024,173.0,175.5,173.0,174.0,-0.11,22614.0,237.0,183.0
HBL,6/30/2024,175.0,175.0,173.0,174.0,0.0,13947.0,237.0,183.0
HBL,7/1/2024,173.0,180.5,172.1,180.0,3.45,40875.0,237.0,183.0
HBL,7/2/2024,183.6,195.0,180.5,183.0,1.67,54143.0,237.0,183.0
HBL,7/3/2024,184.0,186.5,179.4,186.0,1.64,49082.0,237.0,183.0
HBL,7/4/2024,188.0,189.5,184.5,185.0,-0.54,36619.0,237.0,183.0
HBL,7/7/2024,188.7,189.5,184.1,186.4,0.76,50352.0,237.0,183.0
HBL,7/8/2024,188.0,188.0,184.2,186.0,-0.21,24265.0,237.0,183.0
HBL,7/9/2024,185.0,188.5,185.0,186.1,0.05,46386.0,237.0,183.0
HBL,7/10/2024,189.8,191.0,186.4,191.0,2.63,61431.0,237.0,183.0
HBL,7/11/2024,194.8,201.7,191.0,201.6,5.55,95935.0,237.0,183.0
HBL,7/14/2024,205.6,212.0,203.0,211.0,4.66,81778.0,237.0,183.0
HBL,7/15/2024,215.2,215.2,203.9,204.2,-3.22,101206.0,237.0,183.0
HBL,7/16/2024,204.0,210.1,203.0,209.5,2.6,63008.0,237.0,183.0
HBL,7/17/2024,213.0,213.4,207.8,211.0,0.72,92701.0,237.0,183.0
HBL,7/18/2024,215.0,232.1,212.2,226.3,7.25,330463.0,237.0,183.0
HBL,7/21/2024,230.0,248.9,225.4,248.9,9.99,340632.0,237.0,183.0
HBL,7/22/2024,253.0,262.0,244.0,252.0,1.25,385243.0,237.0,183.0
HBL,7/23/2024,250.0,255.0,245.1,254.0,0.79,255069.0,237.0,183.0
HBL,7/24/2024,259.0,259.0,244.7,249.0,-1.97,177199.0,237.0,183.0
HBL,7/25/2024,250.0,254.5,241.0,253.5,1.81,257789.0,237.0,183.0
HBL,7/28/2024,258.5,278.8,258.5,278.8,9.98,401317.0,237.0,183.0
HBL,7/29/2024,284.3,299.0,273.0,276.0,-1.0,403882.0,237.0,183.0
HBL,7/30/2024,275.0,276.0,260.0,270.0,-2.17,265681.0,237.0,183.0
HBL,7/31/2024,269.8,276.0,266.0,272.0,0.74,185777.0,237.0,183.0
HBL,8/1/2024,275.0,276.0,264.0,266.0,-2.21,169849.0,237.0,183.0
HBL,8/5/2024,270.0,272.0,257.8,260.0,-2.26,299670.0,237.0,183.0
HBL,8/6/2024,259.9,260.0,235.5,236.3,-9.12,275813.0,237.0,183.0
HBL,8/7/2024,240.0,247.0,233.0,243.0,2.84,143516.0,237.0,183.0
HBL,8/8/2024,247.0,251.9,241.0,242.0,-0.41,138115.0,237.0,183.0
HBL,8/11/2024,246.0,260.0,242.0,257.6,6.45,260303.0,237.0,183.0
HBL,8/12/2024,262.0,272.3,262.0,266.1,3.3,251891.0,237.0,183.0
HBL,8/13/2024,270.0,271.0,261.0,266.0,-0.04,186361.0,237.0,183.0
HBL,8/14/2024,266.0,267.0,258.0,266.9,0.34,158425.0,237.0,183.0
HBL,8/15/2024,266.9,293.5,266.9,289.0,8.28,584117.0,237.0,183.0
HBL,8/18/2024,289.0,312.1,289.0,298.8,3.39,638621.0,237.0,183.0
HBL,8/21/2024,304.0,310.0,288.0,302.0,1.07,425259.0,237.0,183.0
HBL,8/22/2024,307.0,310.0,294.5,300.0,-0.66,265872.0,237.0,183.0
HBL,8/25/2024,303.0,303.0,285.0,286.3,-4.57,265181.0,237.0,183.0
HBL,8/27/2024,281.0,281.0,266.1,267.0,-6.74,306650.0,237.0,183.0
HBL,8/28/2024,272.0,283.0,261.7,267.0,0.0,173325.0,237.0,183.0
HBL,8/29/2024,272.0,272.0,256.0,261.0,-2.25,101801.0,237.0,183.0
HBL,9/1/2024,256.0,271.3,254.0,254.1,-2.64,126122.0,237.0,183.0
HBL,9/2/2024,259.0,273.3,250.1,272.0,7.04,205405.0,237.0,183.0
HBL,9/3/2024,275.0,280.0,265.1,270.0,-0.74,105689.0,237.0,183.0
HBL,9/4/2024,275.0,275.0,246.9,257.0,-4.81,157253.0,237.0,183.0
HBL,9/5/2024,259.5,266.3,248.0,258.0,0.39,148034.0,237.0,183.0
HBL,9/8/2024,263.1,265.9,250.0,251.0,-2.71,113480.0,237.0,183.0
HBL,9/9/2024,251.0,254.0,242.5,249.8,-0.48,122679.0,237.0,183.0
HBL,9/10/2024,250.0,255.0,244.0,246.0,-1.52,92420.0,237.0,183.0
HBL,9/11/2024,246.0,249.0,242.2,245.9,-0.04,67152.0,237.0,183.0
HBL,9/12/2024,250.8,251.4,242.2,251.3,2.2,69379.0,237.0,183.0
HBL,9/15/2024,253.0,258.0,246.3,247.0,-1.71,107738.0,237.0,183.0
HBL,9/16/2024,245.0,248.0,240.1,240.6,-2.59,59798.0,237.0,183.0
HBL,9/18/2024,244.0,247.0,238.6,240.0,-0.25,131212.0,237.0,183.0
HBL,9/22/2024,240.0,249.0,240.0,247.0,2.92,72775.0,237.0,183.0
HBL,9/23/2024,251.9,251.9,242.0,245.0,-0.81,99561.0,237.0,183.0
HBL,9/24/2024,243.5,248.2,239.0,242.0,-1.22,72513.0,237.0,183.0
HBL,9/25/2024,242.0,246.8,238.0,246.0,1.65,97519.0,237.0,183.0
HBL,9/26/2024,246.0,249.8,239.3,241.8,-1.71,49182.0,237.0,183.0
HBL,9/29/2024,244.0,245.0,239.3,240.0,-0.74,46758.0,237.0,183.0
HBL,9/30/2024,242.0,245.0,240.1,245.0,2.08,43206.0,237.0,183.0
HBL,10/1/2024,247.1,255.0,244.2,254.6,3.92,146838.0,237.0,183.0
HBL,10/2/2024,259.0,259.0,246.2,250.0,-1.81,69748.0,237.0,183.0
HBL,10/6/2024,250.0,257.4,248.0,257.0,2.8,60056.0,237.0,183.0
HBL,10/7/2024,257.0,263.0,257.0,259.9,1.13,99084.0,237.0,183.0
HBL,10/8/2024,260.0,264.8,256.0,257.6,-0.88,60120.0,237.0,183.0
HBL,10/9/2024,252.7,262.0,252.7,261.5,1.51,44262.0,237.0,183.0
HBL,10/15/2024,261.0,274.0,261.0,274.0,4.78,83124.0,237.0,183.0
HBL,10/16/2024,279.4,280.0,273.5,277.0,1.09,95074.0,237.0,183.0
HBL,10/17/2024,282.5,284.5,271.0,278.8,0.65,196132.0,237.0,183.0
HBL,10/20/2024,275.0,286.0,270.2,275.0,-1.36,214843.0,237.0,183.0
HBL,10/21/2024,274.0,274.9,266.0,267.0,-2.91,96297.0,237.0,183.0
HBL,10/22/2024,265.0,274.0,264.1,273.0,2.25,84499.0,237.0,183.0
HBL,10/23/2024,267.6,270.5,259.5,261.9,-4.07,188103.0,237.0,183.0
HBL,10/24/2024,264.9,264.9,252.4,254.0,-3.02,79229.0,237.0,183.0
HBL,10/27/2024,258.0,258.0,247.0,250.0,-1.57,74606.0,237.0,183.0
HBL,10/28/2024,255.0,255.0,248.0,249.0,-0.4,81412.0,237.0,183.0
HBL,10/29/2024,253.9,257.0,251.0,256.1,2.85,92277.0,237.0,183.0
HBL,10/30/2024,261.0,261.0,252.1,253.0,-1.21,42818.0,237.0,183.0
HBL,11/5/2024,252.0,258.0,250.0,252.0,-0.4,36012.0,237.0,183.0
HBL,11/6/2024,256.0,256.0,250.0,251.0,-0.4,45315.0,237.0,183.0
HBL,11/10/2024,255.0,259.0,252.0,259.0,3.19,88527.0,237.0,183.0
HBL,11/11/2024,259.0,267.0,257.1,260.9,0.73,97224.0,237.0,183.0
HBL,11/12/2024,261.2,266.0,259.0,262.0,0.42,62438.0,237.0,183.0
HBL,11/13/2024,258.0,261.9,255.0,256.0,-2.29,41799.0,237.0,183.0
HBL,11/14/2024,261.1,263.0,250.0,262.0,2.34,125488.0,237.0,183.0
HBL,11/17/2024,265.0,265.1,258.1,259.0,-1.15,78793.0,237.0,183.0
HBL,11/19/2024,260.0,263.0,255.5,259.9,0.35,109169.0,237.0,183.0
HBL,11/20/2024,260.0,260.1,255.0,256.0,-1.5,40329.0,237.0,183.0
HBL,11/21/2024,257.0,257.0,252.3,254.0,-0.78,60610.0,237.0,183.0
HBL,11/24/2024,259.0,259.0,250.0,252.0,-0.79,50060.0,237.0,183.0
HBL,11/25/2024,257.0,257.0,249.5,252.0,0.0,25522.0,237.0,183.0
HBL,11/26/2024,257.0,257.0,250.8,255.6,1.43,50325.0,237.0,183.0
HBL,11/27/2024,256.0,261.0,255.0,256.0,0.16,76768.0,237.0,183.0
HBL,11/28/2024,257.0,264.0,256.1,259.6,1.41,84663.0,237.0,183.0
HBL,12/1/2024,264.7,264.7,252.0,258.0,-0.62,59246.0,237.0,183.0
HBL,12/2/2024,263.1,263.1,251.4,256.3,-0.66,86175.0,237.0,183.0
HBL,12/3/2024,261.4,261.4,251.0,253.8,-0.98,67438.0,237.0,183.0
HBL,12/4/2024,253.8,256.0,249.0,250.0,-1.5,48581.0,237.0,183.0
HBL,12/5/2024,245.0,254.0,245.0,250.0,0.0,55975.0,237.0,183.0
HBL,12/8/2024,254.9,254.9,241.6,245.2,-1.92,64583.0,237.0,183.0
HBL,12/9/2024,240.3,250.0,240.3,241.8,-1.39,40618.0,237.0,183.0
HBL,12/10/2024,237.0,245.0,237.0,239.8,-0.83,29822.0,237.0,183.0
HBL,12/11/2024,244.5,248.0,235.0,248.0,3.42,39926.0,237.0,183.0
HBL,12/12/2024,252.9,252.9,241.0,247.0,-0.4,28762.0,237.0,183.0
HBL,12/16/2024,248.0,250.0,239.0,239.9,-2.87,36159.0,237.0,183.0
HBL,12/17/2024,238.0,242.0,236.0,240.0,0.04,41553.0,237.0,183.0
HBL,12/18/2024,240.0,241.8,235.6,236.0,-1.67,43424.0,237.0,183.0
HBL,12/19/2024,232.0,239.8,230.5,232.0,-1.69,63726.0,237.0,183.0
HBL,12/22/2024,227.4,232.0,226.0,229.0,-1.29,51171.0,237.0,183.0
HBL,12/23/2024,229.0,234.0,228.0,234.0,2.18,39514.0,237.0,183.0
HBL,12/24/2024,229.4,237.0,229.4,237.0,1.28,39695.0,237.0,183.0
HBL,12/26/2024,233.0,247.0,232.0,241.9,2.07,82325.0,237.0,183.0
HBL,12/29/2024,242.0,245.0,237.0,239.1,-1.16,50005.0,237.0,183.0
HBL,12/31/2024,234.4,240.5,234.4,239.0,-0.04,43032.0,237.0,183.0
HBL,1/1/2025,236.0,240.0,235.0,238.0,-0.42,23755.0,237.0,183.0
HBL,1/2/2025,235.0,242.0,234.1,242.0,1.68,32859.0,237.0,183.0
HBL,1/5/2025,237.2,240.0,237.2,240.0,-0.83,48522.0,237.0,183.0
HBL,1/6/2025,236.1,243.0,236.1,242.9,1.21,38448.0,237.0,183.0
HBL,1/7/2025,240.0,242.0,239.0,241.9,-0.41,33053.0,237.0,183.0
HBL,1/8/2025,246.7,246.7,238.0,240.8,-0.45,21201.0,237.0,183.0
HBL,1/9/2025,240.7,241.4,234.0,239.8,-0.42,46824.0,237.0,183.0
HBL,1/12/2025,244.5,244.5,236.0,239.0,-0.33,13059.0,237.0,183.0
HBL,1/13/2025,239.9,239.9,232.0,233.6,-2.26,20331.0,237.0,183.0
HBL,1/15/2025,233.6,235.0,227.6,232.7,-0.39,32959.0,237.0,183.0
HBL,1/16/2025,236.0,236.0,224.7,229.6,-1.33,67113.0,237.0,183.0
HBL,1/19/2025,225.1,229.4,225.0,227.9,-0.74,20980.0,237.0,183.0
HBL,1/20/2025,230.0,234.5,225.4,227.0,-0.39,29215.0,237.0,183.0
HBL,1/21/2025,225.6,229.0,223.0,227.0,0.0,20167.0,237.0,183.0
HBL,1/22/2025,223.1,235.0,222.5,229.0,0.88,63623.0,237.0,183.0
HBL,1/23/2025,232.0,233.0,221.0,229.0,0.0,66296.0,237.0,183.0
HBL,1/26/2025,227.7,227.7,221.0,224.0,-2.18,28132.0,237.0,183.0
HBL,1/27/2025,228.0,228.0,221.0,223.0,-0.45,37967.0,237.0,183.0
HBL,1/28/2025,222.9,224.0,220.1,223.0,0.0,62008.0,237.0,183.0
HBL,2/2/2025,219.0,237.3,219.0,237.3,6.41,89930.0,237.0,183.0
HBL,2/3/2025,237.0,241.3,234.0,234.0,-1.39,95737.0,237.0,183.0
HBL,2/4/2025,232.3,238.0,231.0,232.2,-0.77,42350.0,237.0,183.0
HBL,2/5/2025,229.1,236.0,229.1,232.0,-0.09,29232.0,237.0,183.0
HBL,2/6/2025,233.0,234.0,228.0,232.0,0.0,42283.0,237.0,183.0
HBL,2/9/2025,227.4,233.0,227.4,231.7,-0.13,40057.0,237.0,183.0
HBL,2/10/2025,231.6,232.0,226.0,228.7,-1.29,36233.0,237.0,183.0
HBL,2/11/2025,224.2,230.5,224.2,227.9,-0.35,23245.0,237.0,183.0
HBL,2/12/2025,227.3,231.0,224.0,226.1,-0.79,43126.0,237.0,183.0
HBL,2/13/2025,226.1,228.0,223.9,226.1,0.0,35149.0,237.0,183.0
HBL,2/16/2025,228.0,232.0,225.0,231.0,2.17,49866.0,237.0,183.0
HBL,2/17/2025,231.0,239.0,230.9,237.5,2.81,63404.0,237.0,183.0
HBL,2/18/2025,241.8,242.2,233.5,237.8,0.13,34238.0,237.0,183.0
HBL,2/20/2025,238.0,239.0,234.0,235.6,-0.93,50714.0,237.0,183.0
HBL,2/23/2025,231.0,243.0,226.5,237.9,0.98,94609.0,237.0,183.0
HBL,2/24/2025,233.2,243.6,233.2,237.9,0.0,47156.0,237.0,183.0
HBL,2/25/2025,242.0,242.0,233.3,236.0,-0.8,44532.0,237.0,183.0
HBL,2/27/2025,240.7,250.8,240.7,250.0,5.93,217800.0,237.0,183.0
HBL,3/2/2025,255.0,258.0,251.4,254.1,1.64,118646.0,237.0,183.0
HBL,3/3/2025,259.1,259.1,245.0,248.0,-2.4,119094.0,237.0,183.0
HBL,3/4/2025,252.9,252.9,245.0,246.1,-0.77,219869.0,237.0,183.0
HBL,3/5/2025,242.3,247.9,242.0,243.2,-1.18,133436.0,237.0,183.0
HBL,3/6/2025,248.0,248.0,241.2,244.9,0.7,50984.0,237.0,183.0
HBL,3/9/2025,242.2,244.0,241.0,242.4,-1.02,51706.0,237.0,183.0
HBL,3/10/2025,245.0,245.0,237.7,238.8,-1.49,34471.0,237.0,183.0
HBL,3/11/2025,240.9,255.5,235.0,239.0,0.08,60859.0,237.0,183.0
HBL,3/12/2025,236.2,258.0,236.1,241.0,0.84,44719.0,237.0,183.0
HBL,3/16/2025,245.7,245.7,236.2,239.0,-0.83,44568.0,237.0,183.0
HBL,3/17/2025,235.0,243.6,235.0,237.0,-0.84,29255.0,237.0,183.0
HBL,3/18/2025,241.7,241.7,234.1,237.8,0.34,33406.0,237.0,183.0
HBL,3/19/2025,234.1,256.0,234.1,237.0,-0.34,62110.0,237.0,183.0
HBL,3/20/2025,236.0,237.9,234.3,235.79,-0.51,59337.0,237.0,183.0
HBL,3/23/2025,235.5,236.5,230.0,232.94,-1.21,57240.0,237.0,183.0
HBL,3/24/2025,229.3,235.6,229.3,234.42,0.64,25860.0,237.0,183.0
HBL,3/25/2025,231.0,232.0,229.8,230.25,-1.78,27566.0,237.0,183.0
HBL,3/26/2025,226.5,234.5,226.5,232.82,1.12,39852.0,237.0,183.0
HBL,3/27/2025,237.4,237.4,232.7,234.59,0.76,31463.0,237.0,183.0
HBL,3/30/2025,234.5,241.9,234.5,237.98,1.45,84069.0,237.0,183.0
HBL,4/1/2025,235.0,239.0,231.6,233.23,-2.0,33602.0,237.0,183.0
HBL,4/2/2025,237.8,238.0,229.5,235.01,0.76,57567.0,237.0,183.0
HBL,4/3/2025,236.0,257.0,231.3,238.92,1.66,72614.0,237.0,183.0
HBL,4/7/2025,241.0,241.0,234.0,236.9,-0.85,41007.0,237.0,183.0
HBL,4/8/2025,233.0,240.0,230.1,238.92,0.85,97962.0,237.0,183.0
HBL,4/9/2025,243.0,243.0,234.0,235.28,-1.52,40070.0,237.0,183.0
HBL,4/10/2025,230.9,237.0,230.9,234.32,-0.41,51849.0,237.0,183.0
HBL,4/13/2025,231.5,238.0,230.0,231.07,-1.39,40805.0,237.0,183.0
HBL,4/15/2025,235.0,239.0,232.0,233.01,0.84,37690.0,237.0,183.0
HBL,4/16/2025,237.0,237.6,230.3,232.38,-0.27,42385.0,237.0,183.0
HBL,4/17/2025,233.0,239.0,233.0,237.79,2.33,72607.0,237.0,183.0
HBL,4/20/2025,233.1,236.0,230.8,233.62,-1.75,67924.0,237.0,183.0
HBL,4/21/2025,229.0,233.9,228.3,229.15,-1.91,62257.0,237.0,183.0
HBL,4/22/2025,233.0,233.0,225.0,225.47,-1.61,54447.0,237.0,183.0
HBL,4/23/2025,224.0,227.0,220.1,221.43,-1.79,61545.0,237.0,183.0
HBL,4/24/2025,222.0,236.5,219.5,225.04,1.63,74528.0,237.0,183.0
HBL,4/27/2025,225.04,228.2,220.0,225.25,0.09,104862.0,237.0,183.0
HBL,4/28/2025,228.9,229.0,218.0,219.38,-2.61,40629.0,237.0,183.0
HBL,4/29/2025,220.0,221.1,215.5,216.35,-1.38,83748.0,237.0,183.0
HBL,4/30/2025,215.5,216.1,212.1,215.05,-0.6,80923.0,237.0,183.0
HBL,5/4/2025,215.5,220.3,211.3,216.26,0.56,53522.0,237.0,183.0
HBL,5/5/2025,216.26,218.9,214.1,215.09,-0.54,22873.0,237.0,183.0
HBL,5/6/2025,215.0,218.0,214.0,214.23,-0.4,41525.0,237.0,183.0
HBL,5/7/2025,218.0,230.9,210.8,223.89,4.51,63816.0,237.0,183.0
HBL,5/8/2025,227.0,227.0,215.3,220.32,-1.59,46503.0,237.0,183.0
HBL,5/11/2025,216.0,224.7,215.7,217.13,-1.45,49540.0,237.0,183.0
HBL,5/13/2025,221.0,223.0,216.0,216.66,-0.22,49964.0,237.0,183.0
HBL,5/14/2025,217.0,219.0,215.2,216.9,0.11,134870.0,237.0,183.0
HBL,5/15/2025,221.2,221.2,210.0,215.05,-0.85,28513.0,237.0,183.0
HBL,5/18/2025,213.0,216.0,213.0,213.79,-0.59,134731.0,237.0,183.0
HBL,5/19/2025,217.0,219.8,212.0,216.69,1.36,27441.0,237.0,183.0
HBL,5/20/2025,213.0,228.0,213.0,222.77,2.81,37576.0,237.0,183.0
HBL,5/21/2025,227.2,235.0,222.0,222.33,-0.2,109585.0,237.0,183.0
HBL,5/22/2025,224.0,232.5,220.3,231.23,4.0,172087.0,237.0,183.0
HBL,5/25/2025,231.0,233.8,225.1,229.7,-0.66,131205.0,237.0,183.0
HBL,5/26/2025,234.2,238.0,225.0,228.3,-0.61,111719.0,237.0,183.0
HBL,5/27/2025,225.0,232.4,224.0,231.09,1.22,47755.0,237.0,183.0
HBL,5/28/2025,234.0,239.0,228.0,236.25,2.23,91764.0,237.0,183.0
HBL,6/2/2025,237.0,237.7,226.2,230.77,-2.32,105438.0,237.0,183.0
HBL,6/3/2025,234.9,234.9,222.6,224.22,-2.84,91110.0,237.0,183.0
HBL,6/4/2025,219.8,246.0,219.5,224.98,0.34,89010.0,237.0,183.0
HBL,6/5/2025,223.1,246.8,220.4,221.98,-1.33,77160.0,237.0,183.0
HBL,6/8/2025,222.0,225.0,215.1,219.7,-1.03,91179.0,237.0,183.0
HBL,6/9/2025,219.7,220.0,216.2,218.4,-0.59,63035.0,237.0,183.0
HBL,6/10/2025,219.0,224.0,218.0,221.37,1.36,110386.0,237.0,183.0
HBL,6/11/2025,224.9,228.9,219.0,220.4,-0.44,38844.0,237.0,183.0
HBL,6/12/2025,224.0,224.9,219.0,220.15,-0.11,37740.0,237.0,183.0
HBL,6/15/2025,220.0,222.0,218.0,219.43,-0.33,150377.0,237.0,183.0
HBL,6/16/2025,217.1,221.0,217.1,219.58,0.07,29582.0,237.0,183.0
HBL,6/17/2025,221.0,222.8,216.2,218.0,-0.72,41425.0,237.0,183.0
HBL,6/18/2025,215.0,219.3,214.7,216.32,-0.77,73499.0,237.0,183.0
HBL,6/19/2025,220.6,220.6,215.0,215.29,-0.48,51276.0,237.0,183.0
HBL,6/22/2025,215.0,223.0,212.1,214.31,-0.46,41914.0,237.0,183.0
HBL,6/23/2025,211.0,218.3,211.0,213.16,-0.54,28107.0,237.0,183.0
HBL,6/24/2025,213.6,217.9,212.1,214.33,0.55,30098.0,237.0,183.0
HBL,6/25/2025,217.0,217.0,213.0,213.41,-0.43,24124.0,237.0,183.0
HBL,6/26/2025,212.0,215.0,212.0,213.05,-0.17,30544.0,237.0,183.0
HBL,6/29/2025,215.0,219.3,213.0,218.69,2.65,64547.0,237.0,183.0
HBL,6/30/2025,218.0,221.9,216.5,217.05,-0.75,11301.0,237.0,183.0
HBL,7/1/2025,216.0,227.4,216.0,223.46,2.95,80574.0,237.0,183.0
HBL,7/2/2025,223.0,225.6,220.6,224.86,0.63,73146.0,237.0,183.0
HBL,7/3/2025,229.3,229.3,220.4,223.04,-0.81,67336.0,237.0,183.0
HBL,7/6/2025,226.0,227.5,220.0,222.04,-0.45,43206.0,237.0,183.0
HBL,7/7/2025,223.0,224.0,216.0,219.93,-0.95,117039.0,237.0,183.0
HBL,7/8/2025,220.0,222.0,215.9,220.64,0.32,72379.0,237.0,183.0
HBL,7/9/2025,221.0,230.0,216.3,223.46,1.28,120054.0,237.0,183.0
HBL,7/10/2025,223.0,235.0,223.0,228.72,2.35,206935.0,237.0,183.0
HBL,7/13/2025,233.2,242.0,230.0,234.72,2.62,333991.0,237.0,183.0
HBL,7/14/2025,238.9,238.9,227.0,228.6,-2.61,131774.0,237.0,183.0
HBL,7/15/2025,233.1,234.0,226.4,233.05,1.95,84776.0,237.0,183.0
HBL,7/16/2025,237.7,241.9,230.3,237.3,1.82,514356.0,237.0,183.0
HBL,7/17/2025,241.0,261.0,236.0,248.56,4.75,407528.0,237.0,183.0
HBL,7/20/2025,250.0,255.0,243.6,244.55,-1.61,319717.0,237.0,183.0
HBL,7/21/2025,245.0,255.0,241.1,248.1,1.45,244277.0,237.0,183.0
HBL,7/22/2025,250.0,252.0,246.1,249.98,0.76,326382.0,237.0,183.0
HBL,7/23/2025,245.0,254.8,245.0,249.55,-0.17,217897.0,237.0,183.0
HBL,7/24/2025,249.6,250.7,245.0,245.72,-1.53,100215.0,237.0,183.0
HBL,7/27/2025,248.2,248.3,238.5,238.95,-2.76,200360.0,237.0,183.0
HBL,7/28/2025,239.6,249.0,229.4,237.74,-0.51,305519.0,237.0,183.0
HBL,7/29/2025,242.0,250.9,237.5,241.78,1.7,362259.0,237.0,183.0
HBL,7/30/2025,246.0,246.0,237.7,238.13,-1.51,127551.0,237.0,183.0
HBL,7/31/2025,236.0,239.0,233.0,233.36,-2.0,94880.0,237.0,183.0
HBL,8/3/2025,238.0,238.0,226.7,227.16,-2.66,71440.0,237.0,183.0
HBL,8/4/2025,227.0,239.8,225.1,232.99,2.57,90076.0,237.0,183.0
HBL,8/5/2025,236.0,239.8,228.2,228.55,-1.91,49397.0,237.0,183.0
HBL,8/6/2025,232.0,232.0,228.2,228.92,0.16,32132.0,237.0,183.0
HBL,8/7/2025,233.0,233.0,228.0,228.44,-0.21,45870.0,237.0,183.0
HBL,8/11/2025,225.0,237.2,225.0,226.1,-1.02,41959.0,237.0,183.0
HBL,8/12/2025,224.5,225.0,219.4,221.07,-2.22,104854.0,237.0,183.0
HBL,8/13/2025,220.0,221.3,217.0,217.55,-1.59,66853.0,237.0,183.0
HBL,8/14/2025,217.0,219.9,214.0,216.11,-0.66,53565.0,237.0,183.0
HBL,8/17/2025,214.4,218.0,213.0,213.44,-1.24,57487.0,237.0,183.0
HBL,8/18/2025,213.0,216.4,212.4,213.81,0.17,54658.0,237.0,183.0
HBL,8/19/2025,216.8,217.5,213.5,216.12,1.08,46548.0,237.0,183.0
HBL,8/20/2025,217.0,217.8,212.1,214.23,-0.87,30520.0,237.0,183.0
HBL,8/21/2025,218.0,218.0,211.0,213.02,-0.56,59211.0,237.0,183.0
HBL,8/24/2025,214.0,214.0,209.0,210.03,-1.4,86346.0,237.0,183.0
HBL,8/25/2025,212.0,213.0,208.0,210.16,0.06,38734.0,237.0,183.0
HBL,8/26/2025,214.0,214.0,207.7,208.48,-0.8,63587.0,237.0,183.0
HBL,8/27/2025,212.6,212.6,207.9,211.27,1.34,74048.0,237.0,183.0
HBL,8/28/2025,213.0,213.0,207.5,209.59,-0.8,80057.0,237.0,183.0
HBL,8/31/2025,209.59,210.8,203.5,205.24,-2.08,98290.0,237.0,183.0
HBL,9/1/2025,209.3,209.3,202.0,206.09,0.41,71529.0,237.0,183.0
HBL,9/2/2025,202.0,206.0,198.0,202.43,-1.78,480490.0,237.0,183.0
HBL,9/3/2025,204.0,204.2,200.1,202.56,0.06,175909.0,237.0,183.0
HBL,9/4/2025,200.0,206.7,200.0,203.83,0.63,119713.0,237.0,183.0
HBL,9/7/2025,200.0,203.5,200.0,202.38,-0.71,155852.0,237.0,183.0
HBL,9/8/2025,200.0,203.0,200.0,200.55,-0.9,116012.0,237.0,183.0
HBL,9/18/2025,196.6,196.6,186.3,187.0,-6.76,13981.0,237.0,183.0
HBL,9/21/2025,184.0,204.0,184.0,198.29,6.04,138336.0,237.0,183.0
HBL,9/23/2025,198.0,201.0,198.0,200.1,0.91,81131.0,237.0,183.0
HBL,9/24/2025,196.2,200.0,196.2,198.7,-0.7,60114.0,237.0,183.0
HBL,9/25/2025,194.8,201.9,194.8,201.5,1.41,60322.0,237.0,183.0
HBL,9/28/2025,201.0,203.8,199.1,203.8,1.14,63549.0,237.0,183.0
HBL,10/7/2025,203.8,203.8,199.9,201.9,-0.93,60463.0,237.0,183.0
HBL,10/8/2025,200.0,201.0,196.1,198.0,-1.93,53301.0,237.0,183.0
HBL,10/9/2025,201.0,207.9,198.1,200.0,1.01,77343.0,237.0,183.0
HBL,10/12/2025,198.0,199.0,192.4,198.0,-1.0,107237.0,237.0,183.0
HBL,10/13/2025,198.0,198.0,195.0,197.9,-0.05,44259.0,237.0,183.0
HBL,10/14/2025,196.0,198.0,195.1,196.9,-0.51,38479.0,237.0,183.0
HBL,10/15/2025,195.0,198.9,194.0,194.0,-1.47,44924.0,237.0,183.0
HBL,10/16/2025,194.0,196.0,192.1,194.8,0.41,34884.0,237.0,183.0
HBL,10/19/2025,194.0,199.9,192.0,199.0,2.16,54531.0,237.0,183.0
HBL,10/26/2025,195.1,198.8,192.0,198.7,-0.15,22809.0,237.0,183.0
HBL,10/28/2025,194.8,202.2,194.8,201.6,1.46,74637.0,237.0,183.0
HBL,10/29/2025,198.3,203.0,198.3,198.9,-1.34,63281.0,237.0,183.0
HBL,10/30/2025,199.0,200.7,197.2,199.5,0.3,43901.0,237.0,183.0
HBL,11/2/2025,199.0,202.4,198.0,200.0,0.25,72555.0,237.0,183.0
HBL,11/3/2025,198.0,202.0,197.0,199.0,-0.5,49743.0,237.0,183.0
HBL,11/4/2025,197.0,199.0,197.0,199.0,0.0,67980.0,237.0,183.0
HBL,11/5/2025,196.5,200.0,196.3,199.0,0.0,50104.0,237.0,183.0
HBL,11/6/2025,195.1,202.7,195.1,200.0,0.5,84074.0,237.0,183.0
HBL,11/9/2025,204.0,204.0,192.8,193.5,-3.25,69290.0,237.0,183.0
HBL,11/10/2025,193.0,195.0,190.6,193.0,-0.26,150598.0,237.0,183.0
HBL,11/11/2025,190.1,193.4,190.1,193.4,0.21,36302.0,237.0,183.0
HBL,11/12/2025,191.0,192.0,189.8,190.3,-1.6,95427.0,237.0,183.0
HBL,11/13/2025,189.8,191.0,186.3,189.0,-0.68,103061.0,237.0,183.0
HBL,11/16/2025,186.0,188.0,186.0,187.8,-0.63,45026.0,237.0,183.0
HBL,11/17/2025,187.0,190.0,184.3,186.9,-0.48,44806.0,237.0,183.0
HBL,11/18/2025,185.0,189.5,185.0,187.2,0.16,42111.0,237.0,183.0
HBL,11/19/2025,190.9,190.9,185.9,186.6,-0.32,53277.0,237.0,183.0
HBL,11/20/2025,185.9,190.0,185.9,187.9,0.7,70636.0,237.0,183.0
HBL,11/23/2025,186.0,190.0,185.3,188.3,0.21,39605.0,237.0,183.0
HBL,11/24/2025,184.6,193.3,184.6,192.9,2.44,77323.0,237.0,183.0
HBL,11/25/2025,193.0,196.0,190.1,192.9,0.0,68073.0,237.0,183.0
HBL,11/26/2025,190.0,195.8,189.3,193.0,0.05,113085.0,237.0,183.0
HBL,11/27/2025,193.0,200.0,190.2,198.9,3.06,101590.0,237.0,183.0
HBL,11/30/2025,195.0,198.5,193.3,196.5,-1.21,73933.0,237.0,183.0
HBL,12/1/2025,193.0,203.0,190.4,196.5,0.0,92905.0,237.0,183.0
HBL,12/2/2025,194.0,194.9,192.7,193.9,-1.32,36363.0,237.0,183.0
HBL,12/3/2025,193.0,194.9,190.0,190.6,-1.7,47380.0,237.0,183.0
HBL,12/7/2025,190.0,190.2,186.9,187.7,-1.52,89161.0,237.0,183.0
HBL,12/8/2025,186.3,188.0,186.0,186.8,-0.48,49847.0,237.0,183.0
HBL,12/9/2025,186.8,188.4,184.0,187.8,0.54,77438.0,237.0,183.0
HBL,12/10/2025,185.0,189.8,185.0,187.0,-0.43,59137.0,237.0,183.0
HBL,12/11/2025,185.0,188.1,185.0,187.1,0.05,44937.0,237.0,183.0
HBL,12/14/2025,187.1,189.0,185.3,186.6,-0.27,51940.0,237.0,183.0
HBL,12/15/2025,186.0,189.0,185.6,187.5,0.48,103967.0,237.0,183.0
HBL,12/16/2025,186.0,189.9,186.0,188.7,0.64,54014.0,237.0,183.0
HBL,12/17/2025,188.7,190.0,186.8,187.2,-0.79,57684.0,237.0,183.0
HBL,12/18/2025,190.9,190.9,187.1,187.9,0.37,72071.0,237.0,183.0
HBL,12/21/2025,191.6,191.6,186.5,187.1,-0.43,69777.0,237.0,183.0
HBL,12/22/2025,187.0,187.9,186.0,187.1,0.0,47707.0,237.0,183.0
HBL,12/23/2025,186.0,188.0,185.5,186.6,-0.27,58725.0,237.0,183.0
HBL,12/24/2025,186.0,188.7,185.0,187.9,0.7,52856.0,237.0,183.0
HBL,12/28/2025,186.0,191.9,186.0,191.9,2.13,82306.0,237.0,183.0
HBL,12/29/2025,191.9,192.9,188.4,189.1,-1.46,68558.0,237.0,183.0
HBL,12/31/2025,189.0,192.0,187.0,190.6,0.79,42947.0,237.0,183.0
HBL,1/1/2026,187.0,190.6,187.0,190.5,-0.05,87568.0,237.0,183.0
HBL,1/4/2026,188.0,191.5,187.2,190.1,-0.21,100490.0,237.0,183.0
HBL,1/5/2026,186.3,192.0,186.3,190.8,0.37,54088.0,237.0,183.0
HBL,1/6/2026,190.8,193.7,188.0,190.7,-0.05,114369.0,237.0,183.0
HBL,1/7/2026,186.9,191.6,186.9,189.8,-0.47,47883.0,237.0,183.0
HBL,1/8/2026,189.0,191.0,187.7,190.1,0.16,96293.0,237.0,183.0
HBL,1/12/2026,190.1,193.8,187.6,190.0,-0.05,120983.0,237.0,183.0
HBL,1/13/2026,187.1,191.6,187.1,190.0,0.0,83806.0,237.0,183.0
HBL,1/14/2026,193.0,193.0,187.5,190.0,0.0,52988.0,237.0,183.0
HBL,1/18/2026,188.0,192.0,188.0,192.0,1.05,78760.0,237.0,183.0
HBL,1/20/2026,193.0,195.0,191.1,194.6,1.35,128298.0,237.0,183.0
HBL,1/21/2026,195.0,197.0,192.0,193.9,-0.36,85335.0,237.0,183.0
HBL,1/22/2026,191.0,194.0,191.0,193.8,-0.05,57526.0,237.0,183.0
HBL,1/25/2026,192.0,198.5,192.0,198.5,2.43,113192.0,237.0,183.0
HBL,1/26/2026,198.5,202.3,195.5,198.0,-0.25,177144.0,237.0,183.0
HBL,1/27/2026,198.0,200.2,193.6,193.7,-2.17,105271.0,237.0,183.0
HBL,1/28/2026,192.0,197.8,190.3,193.0,-0.36,82923.0,237.0,183.0
HBL,1/29/2026,195.0,195.0,190.1,193.9,0.47,112991.0,237.0,183.0
HBL,2/1/2026,192.0,193.0,190.4,191.9,-1.03,68331.0,237.0,183.0
HBL,2/2/2026,188.1,191.0,188.1,188.8,-1.62,68648.0,237.0,183.0
HBL,2/3/2026,187.0,190.0,187.0,189.0,0.11,44736.0,237.0,183.0
HBL,2/4/2026,186.0,191.0,186.0,189.0,0.0,94517.0,237.0,183.0
HBL,2/5/2026,187.0,190.0,187.0,190.0,0.53,80635.0,237.0,183.0
HBL,2/8/2026,190.0,192.5,188.9,189.8,-0.11,101487.0,237.0,183.0
HBL,2/9/2026,188.8,190.0,187.0,188.2,-0.84,100260.0,237.0,183.0
HBL,2/10/2026,188.0,189.0,187.2,188.5,0.16,81485.0,237.0,183.0
HBL,2/11/2026,186.0,193.8,186.0,189.9,0.74,136358.0,237.0,183.0
HBL,2/12/2026,188.0,191.0,188.0,190.0,0.05,68377.0,237.0,183.0
HBL,2/16/2026,190.0,190.5,188.0,188.5,-0.79,55564.0,237.0,183.0
HBL,2/17/2026,185.0,190.0,185.0,188.6,0.05,74582.0,237.0,183.0
HBL,2/22/2026,188.0,189.0,185.5,186.9,-0.9,60032.0,237.0,183.0
HBL,2/23/2026,184.4,187.5,184.4,186.0,-0.48,44160.0,237.0,183.0
HBL,2/24/2026,185.5,189.0,185.5,187.6,0.86,37752.0,237.0,183.0
HBL,2/25/2026,187.0,189.9,187.0,187.5,-0.05,39655.0,237.0,183.0
HBL,2/26/2026,191.2,191.2,187.4,188.5,0.53,52592.0,237.0,183.0
HBL,2/27/2026,191.2,191.2,187.4,188.5,0.0,52592.0,237.0,183.0
HBL,2/28/2026,191.2,191.2,187.4,188.5,0.0,52592.0,237.0,183.0
HBL,3/2/2026,189.0,191.7,186.0,191.4,1.54,83135.0,237.0,183.0
HBL,3/3/2026,195.2,197.6,188.0,196.1,2.46,96785.0,237.0,183.0
HBL,3/4/2026,195.2,197.6,188.0,196.1,0.0,96785.0,237.0,183.0
HBL,3/5/2026,195.2,197.6,188.0,196.1,0.0,96785.0,237.0,183.0
HBL,3/6/2026,195.2,197.6,188.0,196.1,0.0,96785.0,237.0,183.0
HBL,3/7/2026,195.2,197.6,188.0,196.1,0.0,96785.0,237.0,183.0
HBL,3/8/2026,195.2,197.6,188.0,196.1,0.0,96785.0,237.0,183.0
HBL,3/9/2026,200.0,212.1,200.0,212.0,8.11,2792.0,237.0,183.0
HBL,3/10/2026,216.2,220.5,206.0,212.8,0.38,497301.0,237.0,183.0
HBL,3/11/2026,213.0,214.9,205.9,207.0,-2.73,180713.0,237.0,183.0
HBL,3/12/2026,211.1,217.0,205.0,216.3,4.49,311114.0,237.0,183.0
HBL,3/13/2026,211.1,217.0,205.0,216.3,0.0,311114.0,237.0,183.0
HBL,3/14/2026,211.1,217.0,205.0,216.3,0.0,311114.0,237.0,183.0
HBL,3/15/2026,216.0,219.9,214.0,217.0,0.32,308398.0,237.0,183.0
HBL,3/16/2026,215.0,216.0,210.0,211.9,-2.35,121248.0,237.0,183.0
HBL,3/17/2026,210.0,218.8,206.0,217.0,2.41,182724.0,237.0,183.0
HBL,3/18/2026,210.0,218.8,206.0,217.0,0.0,182724.0,237.0,183.0
HBL,3/19/2026,217.0,230.4,217.0,225.8,4.06,543241.0,237.0,183.0
HBL,3/20/2026,217.0,230.4,217.0,225.8,0.0,543241.0,237.0,183.0
HBL,3/21/2026,217.0,230.4,217.0,225.8,0.0,543241.0,237.0,183.0
HBL,3/22/2026,230.3,237.0,229.0,234.2,3.72,568194.0,237.0,183.0
HBL,3/23/2026,235.0,237.0,228.6,232.0,-0.94,285064.0,237.0,183.0
HBL,3/24/2026,236.6,236.6,229.0,231.9,-0.04,205436.0,237.0,183.0
HBL,3/25/2026,227.5,231.9,226.0,226.1,-2.5,159094.0,237.0,183.0
HBL,3/26/2026,223.0,229.0,222.0,228.5,2.47,170739.0,237.0,183.0
HBL,3/29/2026,230.0,230.0,218.1,219.0,-4.78,300854.0,237.0,183.0
HBL,3/30/2026,221.0,221.0,210.0,211.9,-4.12,289156.0,237.0,183.0
HBL,3/31/2026,208.0,216.0,207.8,214.7,3.22,161902.0,237.0,183.0
HBL,4/1/2026,218.0,218.0,206.8,208.9,-4.17,145294.0,237.0,183.0
HBL,4/2/2026,208.0,211.9,205.0,207.5,-0.24,115804.0,237.0,183.0
HBL,4/5/2026,205.0,207.0,197.0,198.0,-3.41,233747.0,237.0,183.0
HBL,4/6/2026,198.0,209.9,198.0,208.9,5.51,184639.0,237.0,183.0
HBL,4/7/2026,210.0,212.0,205.2,206.2,-1.81,95783.0,237.0,183.0
HBL,4/8/2026,205.2,209.9,205.0,209.2,1.95,96297.0,237.0,183.0
HBL,4/9/2026,211.0,214.2,208.0,212.0,0.47,148030.0,237.0,183.0
HBL,4/10/2026,211.0,213.0,208.1,210.2,-0.38,91913.0,237.0,183.0
HBL,4/13/2026,210.0,212.5,208.0,208.5,-0.71,119698.0,237.0,183.0
HBL,4/15/2026,204.4,216.0,204.4,215.0,5.19,142604.0,237.0,183.0
HBL,4/16/2026,215.0,217.0,211.2,213.5,-0.7,119447.0,237.0,183.0
HBL,4/17/2026,210.0,213.3,209.1,213.0,1.43,79588.0,237.0,183.0
HBL,4/20/2026,213.0,213.0,209.0,211.2,-0.85,50010.0,237.0,183.0
HBL,4/21/2026,211.0,211.0,208.1,208.8,-1.04,54692.0,237.0,183.0
HBL,4/22/2026,208.8,210.0,203.1,206.0,-1.34,108744.0,237.0,183.0
HBL,4/23/2026,206.0,209.9,204.5,209.0,1.46,68265.0,237.0,183.0
HBL,4/24/2026,204.0,209.9,204.0,206.4,1.18,32258.0,237.0,183.0
HBL,4/27/2026,203.0,208.1,203.0,207.1,2.02,46633.0,237.0,183.0
HBL,4/28/2026,207.1,210.0,203.0,206.8,-0.14,135988.0,237.0,183.0
HBL,4/29/2026,206.8,206.8,200.0,202.9,-1.89,58366.0,237.0,183.0
HBL,4/30/2026,202.9,204.9,200.0,202.0,-0.44,51271.0,237.0,183.0
HBL,5/4/2026,202.0,204.0,199.9,200.1,-0.94,43935.0,237.0,183.0
HBL,5/5/2026,200.0,203.0,197.3,202.5,1.25,57044.0,237.0,183.0
HBL,5/6/2026,202.5,204.9,200.1,200.8,-0.84,29562.0,237.0,183.0
HBL,5/7/2026,200.1,204.8,200.0,204.8,2.35,32152.0,237.0,183.0
HBL,5/8/2026,200.0,205.0,200.0,205.0,2.5,39652.0,237.0,183.0
HBL,5/11/2026,205.5,209.0,205.0,208.0,1.22,66664.0,237.0,183.0
HBL,5/12/2026,208.0,210.0,203.0,203.9,-1.97,36045.0,237.0,183.0
HBL,5/13/2026,203.0,205.0,201.7,203.7,0.34,30178.0,237.0,183.0
HBL,5/14/2026,203.0,203.7,202.0,203.7,0.34,26926.0,237.0,183.0
HBL,5/15/2026,201.5,203.9,201.1,203.9,1.19,28410.0,237.0,183.0
HBL,5/18/2026,203.9,205.0,202.0,203.9,0.0,21361.0,237.0,183.0
HBL,5/19/2026,202.0,205.0,201.0,202.1,0.05,23295.0,237.0,183.0
HBL,5/20/2026,201.5,204.5,200.1,203.5,0.99,27534.0,237.0,183.0
HBL,5/21/2026,203.6,204.8,202.1,204.8,0.59,27662.0,237.0,183.0
HBL,5/22/2026,204.8,206.0,200.0,203.0,-0.88,68976.0,237.0,183.0
HBL,5/25/2026,202.0,207.0,200.8,206.0,1.98,60732.0,237.0,183.0
HBL,5/26/2026,202.0,207.0,199.9,204.9,1.44,264075.0,237.0,183.0
HBL,5/27/2026,202.1,204.9,202.1,204.9,1.39,42132.0,237.0,183.0
HBL,6/1/2026,200.0,204.0,200.0,200.5,0.25,56188.0,237.0,183.0
HBL,6/2/2026,200.0,203.0,200.0,201.2,0.6,48899.0,237.0,183.0
HBL,6/3/2026,200.0,202.1,200.0,200.6,0.3,55348.0,237.0,183.0
HBL,6/4/2026,200.0,202.0,200.0,201.0,0.5,42303.0,237.0,183.0
HBL,6/5/2026,201.0,202.0,200.0,201.0,0.0,54217.0,237.0,183.0
HBL,6/8/2026,200.0,201.9,199.4,200.4,0.2,33623.0,237.0,183.0
HBL,6/9/2026,202.0,202.0,198.0,201.0,-0.5,42099.0,237.0,183.0
HBL,6/10/2026,195.0,203.8,195.0,199.0,2.05,31083.0,237.0,183.0
HBL,6/11/2026,199.0,201.0,198.0,198.5,-0.25,34989.0,237.0,183.0
HBL,6/12/2026,197.6,199.5,197.1,198.1,0.25,22061.0,237.0,183.0
HBL,6/15/2026,200.0,202.0,196.8,197.1,-1.45,36992.0,237.0,183.0
HBL,6/16/2026,197.2,199.0,197.0,197.1,-0.05,26019.0,237.0,183.0
HBL,6/17/2026,187.3,199.5,187.3,197.0,5.18,41380.0,237.0,183.0
HBL,6/18/2026,196.0,197.9,195.2,196.0,0.0,18322.0,237.0,183.0
HBL,6/19/2026,196.0,198.0,196.0,196.0,0.0,17160.0,237.0,183.0
HBL,6/22/2026,186.2,200.0,186.2,195.5,4.99,34276.0,237.0,183.0
HBL,6/23/2026,200.0,200.0,193.0,195.9,-2.05,50965.0,237.0,183.0
HBL,6/24/2026,205.6,205.6,191.3,193.8,-5.74,48449.0,237.0,183.0
HBL,6/26/2026,193.0,195.5,192.1,193.0,0.0,25765.0,237.0,183.0
HBL,6/29/2026,193.0,193.0,191.1,192.7,-0.16,22982.0,237.0,183.0
HBL,6/30/2026,192.0,193.0,191.0,191.1,-0.47,25063.0,237.0,183.0
HBL,7/1/2026,190.0,196.2,190.0,194.0,2.11,30343.0,237.0,183.0
HBL,7/2/2026,194.0,223.0,194.0,200.0,3.09,48210.0,237.0,183.0
HBL,7/3/2026,200.0,200.0,197.0,198.3,-0.85,26139.0,237.0,183.0
HBL,7/6/2026,198.3,198.3,192.1,196.5,-0.91,34660.0,237.0,183.0
HBL,7/7/2026,196.0,200.0,193.0,200.0,2.04,40248.0,237.0,183.0
HBL,7/8/2026,200.0,200.0,193.1,196.0,-2.0,47539.0,237.0,183.0
HBL,7/9/2026,191.1,196.9,191.1,194.0,1.52,29763.0,237.0,183.0
HBL,7/10/2026,190.0,197.0,190.0,192.8,1.47,42614.0,237.0,183.0
HBL,7/13/2026,192.8,193.0,189.6,190.8,-1.04,60904.0,237.0,183.0
HBL,7/14/2026,195.0,195.0,188.9,191.8,-1.64,35099.0,237.0,183.0
HBL,7/15/2026,190.0,198.7,190.0,193.0,1.58,27955.0,237.0,183.0
HBL,7/16/2026,193.0,197.0,191.0,194.5,0.78,24590.0,237.0,183.0
HBL,7/17/2026,192.5,200.3,192.0,199.5,3.64,56571.0,237.0,183.0
HBL,7/20/2026,190.0,202.2,190.0,200.7,5.63,28825.0,237.0,183.0
HBL,7/21/2026,200.0,202.5,198.2,202.0,1.0,74503.0,237.0,183.0
HBL,7/22/2026,199.2,202.4,198.0,200.9,0.85,29548.0,237.0,183.0
HBL,7/23/2026,200.0,203.0,194.0,202.8,1.4,44740.0,237.0,183.0
HBL,7/24/2026,192.7,216.4,192.7,206.0,6.9,144301.0,237.0,183.0
HBL,7/27/2026,206.0,210.0,201.4,201.9,-1.99,92763.0,237.0,183.0
HBL,7/28/2026,201.9,205.0,199.0,200.8,-0.54,45079.0,237.0,183.0
HBL,7/29/2026,200.8,201.9,198.0,198.0,-1.39,49632.0,237.0,183.0
HBL,7/30/2026,188.1,202.0,188.1,199.0,5.79,33687.0,237.0,183.0
HBL,7/31/2026,197.0,216.0,195.8,202.0,2.54,61738.0,237.0,183.0
HBL,8/3/2026,192.5,206.0,192.5,202.9,5.4,86099.0,237.0,183.0
HBL,8/4/2026,202.0,204.9,198.0,200.0,-0.99,50421.0,237.0,183.0
HBL,8/5/2026,200.0,200.0,196.5,197.3,-1.35,42244.0,237.0,183.0
HBL,8/6/2026,187.5,199.0,187.5,194.9,3.95,146075.0,237.0,183.0
HBL,8/7/2026,194.0,197.0,193.0,194.8,0.41,33399.0,237.0,183.0
HBL,8/10/2026,194.0,196.0,193.1,194.8,0.41,45300.0,237.0,183.0
HBL,8/11/2026,190.0,197.0,190.0,194.0,2.11,57231.0,237.0,183.0
HBL,8/12/2026,194.0,201.0,193.4,195.0,0.52,118391.0,237.0,183.0
HBL,8/13/2026,193.3,197.8,192.0,195.0,0.88,42981.0,237.0,183.0
HBL,8/14/2026,200.0,200.0,192.5,194.8,-2.6,47292.0,237.0,183.0
HBL,8/17/2026,194.0,194.8,190.0,193.9,-0.05,88824.0,237.0,183.0
HBL,8/18/2026,195.0,195.0,190.0,192.9,-1.08,60814.0,237.0,183.0
HBL,8/19/2026,196.0,196.0,189.2,191.5,-2.3,24983.0,237.0,183.0
HBL,8/20/2026,192.0,193.0,190.0,191.4,-0.31,21684.0,237.0,183.0
HBL,8/21/2026,192.0,192.0,188.5,191.4,-0.31,59408.0,237.0,183.0
HBL,8/24/2026,192.0,192.0,188.5,189.8,-1.15,36563.0,237.0,183.0
HBL,8/25/2026,189.8,191.0,188.0,190.0,0.11,40866.0,237.0,183.0
HBL,8/26/2026,190.0,190.0,186.0,189.5,-0.26,37365.0,237.0,183.0
HBL,8/27/2026,189.0,190.9,185.0,188.7,-0.16,43589.0,237.0,183.0
HBL,8/31/2026,187.0,188.0,185.4,186.8,-0.11,43451.0,237.0,183.0
HBL,9/1/2026,185.5,188.0,185.5,186.8,0.7,36459.0,237.0,183.0
HBL,9/2/2026,186.0,188.9,183.0,187.5,0.81,71755.0,237.0,183.0
HBL,9/3/2026,185.0,187.9,184.0,187.6,1.41,34664.0,237.0,183.0
HBL,9/7/2026,188.0,189.0,186.0,189.0,0.53,78585.0,237.0,183.0
HBL,9/9/2026,188.0,188.0,185.1,186.0,-1.06,44416.0,237.0,183.0
HBL,9/10/2026,187.0,188.0,185.0,185.2,-0.96,51294.0,237.0,183.0
HBL,9/11/2026,185.2,188.0,185.0,188.0,1.51,49771.0,237.0,183.0
HBL,9/14/2026,188.0,191.0,187.0,190.0,1.06,39261.0,237.0,183.0
HBL,9/15/2026,195.0,205.0,193.0,195.1,0.05,111185.0,237.0,183.0
HBL,9/16/2026,190.0,199.8,190.0,193.9,2.05,70051.0,237.0,183.0
HBL,9/17/2026,196.0,197.9,193.7,194.4,-0.82,45993.0,237.0,183.0
HBL,9/18/2026,194.0,199.5,192.7,198.0,2.06,108485.0,237.0,183.0
HBL,9/22/2026,198.0,202.0,197.0,200.0,1.01,116095.0,237.0,183.0
HBL,9/23/2026,190.0,201.9,190.0,197.0,3.68,61761.0,237.0,183.0
HBL,9/24/2026,195.0,196.9,192.0,195.5,0.26,73193.0,237.0,183.0
HBL,9/28/2026,195.5,195.5,192.5,194.2,-0.66,98702.0,237.0,183.0
HBL,9/29/2026,193.0,195.0,190.0,0.0,-100.0,44540.0,237.0,183.0
HBL,9/30/2026,190.0,195.6,190.0,193.1,1.63,27740.0,237.0,183.0
HBL,10/1/2026,193.0,195.9,190.8,193.3,0.16,54941.0,237.0,183.0
HBL,10/2/2026,192.0,194.0,191.1,191.3,-0.36,33995.0,237.0,183.0
HBLD83,12/23/2025,1077.0,1077.0,1077.0,1077.0,,25.0,1111.0,1000.0
HBLD83,12/28/2025,1075.0,1075.0,1075.0,1075.0,-0.19,500.0,1111.0,1000.0
HBLD83,1/27/2026,1054.0,1054.0,1054.0,1054.0,-1.95,250.0,1111.0,1000.0
HBLD83,2/4/2026,1033.0,1033.0,1033.0,1033.0,-1.99,50.0,1111.0,1000.0
HBLD83,2/17/2026,1025.4,1025.4,1024.3,1024.0,-0.87,56.0,1111.0,1000.0
HBLD83,3/2/2026,1030.0,1030.0,1030.0,1030.0,0.59,25.0,1111.0,1000.0
HBLD83,3/12/2026,1030.1,1050.6,1030.1,1050.6,2.0,30.0,1111.0,1000.0
HBLD83,3/13/2026,1030.1,1050.6,1030.1,1050.6,0.0,30.0,1111.0,1000.0
HBLD83,3/14/2026,1030.1,1050.6,1030.1,1050.6,0.0,30.0,1111.0,1000.0
HBLD83,3/15/2026,1031.0,1031.0,1029.6,1029.6,-2.0,150.0,1111.0,1000.0
HBLD83,3/16/2026,1040.0,1040.0,1040.0,1040.0,1.01,30.0,1111.0,1000.0
HBLD83,3/17/2026,1030.0,1030.0,1020.0,1020.0,-1.92,150.0,1111.0,1000.0
HBLD83,3/18/2026,1030.0,1030.0,1020.0,1020.0,0.0,150.0,1111.0,1000.0
HBLD83,3/19/2026,1040.0,1040.0,1040.0,1040.0,1.96,50.0,1111.0,1000.0
HBLD83,3/20/2026,1040.0,1040.0,1040.0,1040.0,0.0,50.0,1111.0,1000.0
HBLD83,3/21/2026,1040.0,1040.0,1040.0,1040.0,0.0,50.0,1111.0,1000.0
HBLD83,3/24/2026,1030.0,1030.0,1030.0,1030.0,-0.96,25.0,1111.0,1000.0
HBLD83,3/30/2026,1050.0,1050.0,1050.0,1050.0,0.0,10.0,1111.0,1000.0
HBLD83,4/1/2026,1029.6,1031.0,1029.0,1031.0,0.14,75.0,1111.0,1000.0
HBLD83,4/8/2026,1050.0,1051.6,1050.0,1051.6,0.15,85.0,1111.0,1000.0
HBLD83,4/15/2026,1033.0,1033.0,1033.0,1033.0,0.0,25.0,1111.0,1000.0
HBLD83,4/22/2026,1033.3,1060.0,1033.3,1060.0,2.58,60.0,1111.0,1000.0
HBLD83,4/27/2026,1060.0,1060.0,1060.0,1075.0,1.42,5.0,1111.0,1000.0
HBLD83,4/30/2026,1075.0,1075.0,1075.0,1043.0,-2.98,2.0,1111.0,1000.0
HBLD83,5/4/2026,1034.0,1034.0,1034.0,1034.0,0.0,25.0,1111.0,1000.0
HBLD83,5/15/2026,1036.0,1036.0,1036.0,1036.0,0.0,50.0,1111.0,1000.0
HBLD83,5/25/2026,1036.0,1065.0,1036.0,1065.0,2.8,45.0,1111.0,1000.0
HBLD83,6/2/2026,1036.0,1036.0,1036.0,1036.0,0.0,25.0,1111.0,1000.0
HBLD83,6/4/2026,1034.1,1035.0,1034.1,1035.0,0.09,30.0,1111.0,1000.0
HBLD83,6/5/2026,1035.0,1035.0,1035.0,1036.1,0.11,3.0,1111.0,1000.0
HBLD83,6/8/2026,1036.2,1036.2,1036.2,1036.2,0.0,25.0,1111.0,1000.0
HBLD83,6/11/2026,1037.0,1037.0,1036.1,1034.5,-0.24,100.0,1111.0,1000.0
HBLD83,6/22/2026,1050.0,1050.0,1050.0,1050.0,0.0,10075.0,1111.0,1000.0
HBLD83,6/23/2026,1050.0,1050.0,1050.0,1035.0,-1.43,2.0,1111.0,1000.0
HBLD83,7/9/2026,1030.7,1030.7,1000.0,1030.0,-0.07,39380.0,1111.0,1000.0
HBLD83,7/10/2026,1021.0,1021.0,1017.0,1017.0,-0.39,620.0,1111.0,1000.0
HBLD83,7/13/2026,1022.0,1052.0,1022.0,1052.0,2.94,40025.0,1111.0,1000.0
HBLD83,7/14/2026,1051.0,1051.0,1050.0,1050.0,-0.1,69125.0,1111.0,1000.0
HBLD83,7/15/2026,1052.0,1052.0,1050.1,1050.1,-0.18,420000.0,1111.0,1000.0
HBLD83,7/20/2026,1019.0,1019.0,1019.0,1019.0,0.0,100.0,1111.0,1000.0
HBLD83,7/31/2026,1018.0,1018.0,1013.1,1013.1,-0.48,155.0,1111.0,1000.0
HBLD83,8/3/2026,1005.0,1007.2,1005.0,1007.2,0.22,65.0,1111.0,1000.0
HBLD83,8/4/2026,1019.9,1027.0,1019.9,1027.0,0.7,400.0,1111.0,1000.0
HBLD86,12/24/2025,1181.0,1181.0,1181.0,1181.0,,25.0,1220.0,1112.0
HBLD86,12/31/2025,1181.0,1181.0,1181.0,1181.0,0.0,50.0,1220.0,1112.0
HBLD86,1/1/2026,1162.2,1162.2,1162.2,1162.2,-1.59,25.0,1220.0,1112.0
HBLD86,1/6/2026,1165.9,1165.9,1165.9,1165.9,0.32,25.0,1220.0,1112.0
HBLD86,1/8/2026,1156.0,1156.0,1155.0,1155.0,-0.93,50.0,1220.0,1112.0
HBLD86,1/12/2026,1155.0,1155.0,1155.0,1155.0,0.0,25.0,1220.0,1112.0
HBLD86,1/13/2026,1153.9,1167.1,1153.9,1167.1,1.05,85.0,1220.0,1112.0
HBLD86,1/18/2026,1145.0,1145.0,1145.0,1145.0,-1.89,100.0,1220.0,1112.0
HBLD86,1/20/2026,1140.0,1140.0,1140.0,1140.0,-0.44,11.0,1220.0,1112.0
HBLD86,1/28/2026,1140.0,1140.0,1120.0,1120.0,-1.75,50.0,1220.0,1112.0
HBLD86,1/29/2026,1130.0,1130.0,1130.0,1130.0,0.89,25.0,1220.0,1112.0
HBLD86,2/11/2026,1130.0,1130.0,1130.0,1130.0,0.0,25.0,1220.0,1112.0
HBLD86,2/12/2026,1152.5,1152.5,1152.5,1152.5,1.99,25.0,1220.0,1112.0
HBLD86,2/23/2026,1150.0,1150.0,1150.0,1150.0,-0.22,100.0,1220.0,1112.0
HBLD86,2/24/2026,1160.0,1174.0,1160.0,1174.0,2.09,191.0,1220.0,1112.0
HBLD86,2/25/2026,1170.0,1170.0,1170.0,1170.0,-0.34,25.0,1220.0,1112.0
HBLD86,3/15/2026,1146.7,1169.6,1146.7,1169.6,-0.03,50.0,1220.0,1112.0
HBLD86,3/22/2026,1169.6,1191.8,1169.6,1191.8,1.9,125.0,1220.0,1112.0
HBLD86,3/29/2026,1168.7,1168.7,1124.8,1124.8,-3.76,125.0,1220.0,1112.0
HBLD86,3/30/2026,1127.0,1127.0,1125.0,1126.4,-0.05,241.0,1220.0,1112.0
HBLD86,4/1/2026,1127.9,1127.9,1127.9,1127.9,0.0,25.0,1220.0,1112.0
HBLD86,4/7/2026,1130.0,1130.0,1130.0,1130.0,0.0,30.0,1220.0,1112.0
HBLD86,4/10/2026,1152.6,1175.6,1152.6,1175.6,2.0,100.0,1220.0,1112.0
HBLD86,4/13/2026,1193.0,1194.0,1193.0,1194.0,0.08,115.0,1220.0,1112.0
HBLD86,4/16/2026,1170.2,1170.2,1170.2,1170.2,0.0,25.0,1220.0,1112.0
HBLD86,4/22/2026,1197.5,1197.5,1162.0,1162.0,-2.96,65.0,1220.0,1112.0
HBLD86,4/24/2026,1162.0,1162.0,1140.5,1140.0,-1.89,35.0,1220.0,1112.0
HBLD86,4/27/2026,1140.0,1140.0,1140.0,1100.0,-3.51,5.0,1220.0,1112.0
HBLD86,4/28/2026,1100.0,1166.0,1133.0,1152.1,4.74,57.0,1220.0,1112.0
HBLD86,4/29/2026,1152.1,1152.1,1152.1,1115.0,-3.22,2.0,1220.0,1112.0
HBLD86,4/30/2026,1148.4,1148.4,1148.4,1148.4,0.0,25.0,1220.0,1112.0
HBLD86,5/12/2026,1140.5,1140.5,1140.5,1140.5,0.0,20.0,1220.0,1112.0
HBLD86,5/13/2026,1153.0,1190.0,1153.0,1190.0,3.21,65.0,1220.0,1112.0
HBLD86,5/14/2026,1189.0,1189.0,1189.0,1189.0,0.0,40.0,1220.0,1112.0
HBLD86,5/18/2026,1156.0,1156.0,1156.0,1156.0,0.0,15.0,1220.0,1112.0
HBLD86,5/21/2026,1185.0,1190.0,1180.0,1190.0,0.42,260.0,1220.0,1112.0
HBLD86,5/27/2026,1177.0,1177.0,1154.3,1154.3,-1.93,5380.0,1220.0,1112.0
HBLD86,6/2/2026,1188.9,1188.9,1188.9,1188.9,0.0,25.0,1220.0,1112.0
HBLD86,6/4/2026,1199.7,1207.9,1199.7,1207.9,0.68,23310.0,1220.0,1112.0
HBLD86,6/9/2026,1207.9,1207.9,1120.0,1120.0,-7.28,30002.0,1220.0,1112.0
HBLD86,6/11/2026,1132.2,1132.2,1132.1,1132.1,-0.01,25.0,1220.0,1112.0
HBLD86,6/12/2026,1164.0,1164.0,1164.0,1164.0,0.0,29957.0,1220.0,1112.0
HBLD86,6/17/2026,1198.0,1200.0,1198.0,1200.0,0.17,70.0,1220.0,1112.0
HBLD86,6/22/2026,1164.0,1164.0,1164.0,1164.0,0.0,28.0,1220.0,1112.0
HBLD86,6/23/2026,1166.0,1166.0,1166.0,1166.0,0.0,11.0,1220.0,1112.0
HBLD86,6/26/2026,1200.0,1200.0,1200.0,1200.0,0.0,15.0,1220.0,1112.0
HBLD86,6/30/2026,1200.0,1200.1,1200.0,1200.0,0.0,245.0,1220.0,1112.0
HBLD86,7/2/2026,1200.0,1200.0,1183.0,1183.0,-1.42,50025.0,1220.0,1112.0
HBLD86,7/3/2026,1183.0,1183.0,1183.0,1183.0,0.0,19975.0,1220.0,1112.0
HBLD86,7/7/2026,1205.0,1205.0,1205.0,1205.0,0.0,25.0,1220.0,1112.0
HBLD86,7/8/2026,1210.0,1210.0,1210.0,1210.0,0.0,15.0,1220.0,1112.0
HBLD86,7/9/2026,1205.0,1205.0,1205.0,1205.0,0.0,50.0,1220.0,1112.0
HBLD86,7/10/2026,1210.0,1210.0,1210.0,1210.0,0.0,170.0,1220.0,1112.0
HBLD86,7/14/2026,1197.0,1197.0,1197.0,1197.0,0.0,30000.0,1220.0,1112.0
HBLD86,7/15/2026,1193.0,1193.0,1193.0,1193.0,0.0,50000.0,1220.0,1112.0
HBLD86,7/16/2026,1215.0,1220.0,1215.0,1220.0,0.41,65.0,1220.0,1112.0
HBLD86,8/21/2026,1220.0,1220.0,1220.0,1170.0,-4.1,4.0,1220.0,1112.0
HBLD86,8/25/2026,1170.0,1170.0,1170.0,1136.1,-2.9,1.0,1220.0,1112.0
HBLD86,8/26/2026,1136.1,1136.1,1136.1,1080.0,-4.94,1.0,1220.0,1112.0
HBLD86,8/27/2026,1112.4,1112.4,1112.4,1112.4,0.0,25.0,1220.0,1112.0
HBLD86,9/2/2026,1145.0,1155.0,1145.0,1155.0,0.87,2510.0,1220.0,1112.0
HBLD86,9/7/2026,1157.4,1157.4,1157.4,1157.4,0.0,7500.0,1220.0,1112.0
HBLD86,9/11/2026,1185.0,1198.0,1185.0,1198.0,1.1,10166.0,1220.0,1112.0
HBLPO,12/31/2025,131.0,131.0,131.0,131.0,,39493.0,131.0,111.6
HBLPO,4/30/2026,128.0,128.0,128.0,128.0,0.0,105823.0,131.0,111.6
HBLPO,5/5/2026,127.0,127.0,127.0,127.0,0.0,5288.0,131.0,111.6
HBLPO,5/7/2026,123.2,123.2,115.0,115.0,-6.66,155559.0,131.0,111.6
HBLPO,5/19/2026,115.0,115.0,115.0,115.0,0.0,217473.0,131.0,111.6
HBLPO,5/26/2026,115.0,115.0,115.0,115.0,0.0,217473.0,131.0,111.6
HBLPO,6/3/2026,111.6,111.6,111.6,111.6,0.0,29625.0,131.0,111.6
HBLPO,9/1/2026,102.0,102.0,102.0,102.0,0.0,100.0,131.0,111.6
HDHPC,3/12/2020,96.0,96.0,88.0,88.0,,1390.0,274.0,165.1
HDHPC,3/15/2020,87.0,87.0,87.0,87.0,-1.14,50.0,274.0,165.1
HDHPC,3/16/2020,86.0,86.0,86.0,86.0,-1.15,80.0,274.0,165.1
HDHPC,3/18/2020,85.0,85.0,85.0,85.0,-1.16,40.0,274.0,165.1
HDHPC,3/22/2020,84.0,84.0,82.0,82.0,-3.53,220.0,274.0,165.1
HDHPC,6/29/2020,86.0,87.0,85.0,86.0,4.88,2190.0,274.0,165.1
HDHPC,6/30/2020,85.0,88.0,85.0,88.0,2.33,1800.0,274.0,165.1
HDHPC,7/1/2020,92.0,93.0,92.0,93.0,5.68,70.0,274.0,165.1
HDHPC,7/2/2020,92.0,92.0,92.0,92.0,-1.08,10.0,274.0,165.1
HDHPC,7/5/2020,91.0,91.0,89.0,91.0,-1.09,350.0,274.0,165.1
HDHPC,7/6/2020,90.0,90.0,90.0,90.0,-1.1,70.0,274.0,165.1
HDHPC,7/7/2020,89.0,89.0,89.0,89.0,-1.11,100.0,274.0,165.1
HDHPC,7/8/2020,93.0,93.0,90.0,90.0,1.12,190.0,274.0,165.1
HDHPC,7/9/2020,94.0,96.0,89.0,95.0,5.56,6340.0,274.0,165.1
HDHPC,7/12/2020,99.0,99.0,94.0,98.0,3.16,3520.0,274.0,165.1
HDHPC,7/13/2020,102.0,102.0,98.0,98.0,0.0,180.0,274.0,165.1
HDHPC,7/14/2020,102.0,107.0,98.0,102.0,4.08,3800.0,274.0,165.1
HDHPC,7/15/2020,107.0,112.0,102.0,106.0,3.92,3680.0,274.0,165.1
HDHPC,7/16/2020,104.0,104.0,104.0,104.0,-1.89,30.0,274.0,165.1
HDHPC,7/20/2020,102.0,102.0,102.0,102.0,-1.92,100.0,274.0,165.1
HDHPC,7/21/2020,100.0,100.0,92.0,92.0,-9.8,206160.0,274.0,165.1
HDHPC,7/22/2020,92.0,98.0,86.0,97.0,5.43,1910.0,274.0,165.1
HDHPC,7/23/2020,96.0,96.0,96.0,96.0,-1.03,20.0,274.0,165.1
HDHPC,7/26/2020,95.0,102.0,94.0,95.0,-1.04,11360.0,274.0,165.1
HDHPC,7/27/2020,94.0,94.0,93.0,93.0,-2.11,60.0,274.0,165.1
HDHPC,7/28/2020,92.0,92.0,88.0,91.0,-2.15,540.0,274.0,165.1
HDHPC,7/29/2020,95.0,96.0,91.0,91.0,0.0,900.0,274.0,165.1
HDHPC,7/30/2020,91.0,94.0,90.0,91.0,0.0,800.0,274.0,165.1
HDHPC,8/2/2020,90.0,98.0,88.0,97.0,6.59,7960.0,274.0,165.1
HDHPC,8/3/2020,101.0,101.0,95.0,95.0,-2.06,13940.0,274.0,165.1
HDHPC,8/6/2020,94.0,94.0,86.0,90.0,-5.26,1770.0,274.0,165.1
HDHPC,8/9/2020,89.0,92.0,89.0,89.0,-1.11,500.0,274.0,165.1
HDHPC,8/10/2020,88.0,93.0,81.0,92.0,3.37,5060.0,274.0,165.1
HDHPC,8/11/2020,96.0,97.0,94.0,94.0,2.17,280.0,274.0,165.1
HDHPC,8/12/2020,93.0,93.0,91.0,91.0,-3.19,40.0,274.0,165.1
HDHPC,8/13/2020,90.0,90.0,87.0,87.0,-4.4,570.0,274.0,165.1
HDHPC,8/16/2020,86.0,93.0,86.0,92.0,5.75,1080.0,274.0,165.1
HDHPC,8/17/2020,96.0,96.0,95.0,95.0,3.26,100.0,274.0,165.1
HDHPC,8/18/2020,99.0,99.0,93.0,93.0,-2.11,200.0,274.0,165.1
HDHPC,8/19/2020,92.0,92.0,90.0,90.0,-3.23,220.0,274.0,165.1
HDHPC,8/20/2020,89.0,91.0,85.0,90.0,0.0,1760.0,274.0,165.1
HDHPC,8/24/2020,94.0,94.0,90.0,92.0,2.22,250.0,274.0,165.1
HDHPC,8/25/2020,96.0,96.0,96.0,96.0,4.35,40.0,274.0,165.1
HDHPC,8/26/2020,96.0,98.0,95.0,97.0,1.04,2152.0,274.0,165.1
HDHPC,8/27/2020,101.0,105.0,88.0,95.0,-2.06,41140.0,274.0,165.1
HDHPC,8/30/2020,99.0,99.0,96.0,96.0,1.05,40.0,274.0,165.1
HDHPC,8/31/2020,100.0,100.0,87.0,89.0,-7.29,13068.0,274.0,165.1
HDHPC,9/2/2020,93.0,97.0,89.0,97.0,8.99,15150.0,274.0,165.1
HDHPC,9/3/2020,101.0,102.0,92.0,99.0,2.06,51010.0,274.0,165.1
HDHPC,9/6/2020,103.0,103.0,90.0,95.0,-4.04,13220.0,274.0,165.1
HDHPC,9/7/2020,99.0,99.0,96.0,96.0,1.05,1480.0,274.0,165.1
HDHPC,9/8/2020,100.0,100.0,90.0,94.0,-2.08,5840.0,274.0,165.1
HDHPC,9/9/2020,93.0,93.0,90.0,92.0,-2.13,4080.0,274.0,165.1
HDHPC,9/10/2020,96.0,96.0,89.0,91.0,-1.09,7560.0,274.0,165.1
HDHPC,9/13/2020,90.0,92.0,89.0,92.0,1.1,5010.0,274.0,165.1
HDHPC,9/14/2020,91.0,98.0,90.0,96.0,4.35,11890.0,274.0,165.1
HDHPC,9/15/2020,97.0,99.0,90.0,96.0,0.0,40080.0,274.0,165.1
HDHPC,9/16/2020,95.0,104.0,89.0,100.0,4.17,184325.0,274.0,165.1
HDHPC,9/17/2020,105.0,110.0,98.0,110.0,10.0,435991.0,274.0,165.1
HDHPC,9/20/2020,115.0,118.0,99.0,99.0,-10.0,116385.0,274.0,165.1
HDHPC,9/21/2020,99.0,103.0,97.0,97.0,-2.02,75870.0,274.0,165.1
HDHPC,9/22/2020,101.0,101.0,93.0,94.0,-3.09,38150.0,274.0,165.1
HDHPC,9/23/2020,97.0,100.0,92.0,93.0,-1.06,82984.0,274.0,165.1
HDHPC,9/24/2020,97.0,102.0,97.0,102.0,9.68,152597.0,274.0,165.1
HDHPC,9/27/2020,105.0,112.0,100.0,108.0,5.88,1358565.0,274.0,165.1
HDHPC,9/28/2020,110.0,115.0,106.0,109.0,0.93,869603.0,274.0,165.1
HDHPC,9/29/2020,109.0,119.0,109.0,119.0,9.17,930009.0,274.0,165.1
HDHPC,9/30/2020,124.0,130.0,122.0,130.0,9.24,651062.0,274.0,165.1
HDHPC,10/1/2020,130.0,142.0,123.0,125.0,-3.85,360149.0,274.0,165.1
HDHPC,10/4/2020,123.0,125.0,113.0,118.0,-5.6,734939.0,274.0,165.1
HDHPC,10/5/2020,123.0,129.0,116.0,127.0,7.63,593558.0,274.0,165.1
HDHPC,10/6/2020,129.0,139.0,127.0,136.0,7.09,670394.0,274.0,165.1
HDHPC,10/7/2020,136.0,149.0,135.0,149.0,9.56,752462.0,274.0,165.1
HDHPC,10/8/2020,152.0,154.0,135.0,143.0,-4.03,489272.0,274.0,165.1
HDHPC,10/11/2020,141.0,145.0,133.0,136.0,-4.9,514551.0,274.0,165.1
HDHPC,10/12/2020,134.0,140.0,133.0,135.0,-0.74,205483.0,274.0,165.1
HDHPC,10/13/2020,135.0,140.0,126.0,131.0,-2.96,255970.0,274.0,165.1
HDHPC,10/14/2020,137.0,137.0,124.0,128.0,-2.29,224477.0,274.0,165.1
HDHPC,10/15/2020,125.0,133.0,125.0,125.0,-2.34,140114.0,274.0,165.1
HDHPC,10/20/2020,127.0,137.0,127.0,137.0,9.6,253736.0,274.0,165.1
HDHPC,10/21/2020,143.0,145.0,136.0,140.0,2.19,474192.0,274.0,165.1
HDHPC,10/22/2020,140.0,142.0,136.0,137.0,-2.14,235638.0,274.0,165.1
HDHPC,10/28/2020,139.0,139.0,134.0,137.0,0.0,89007.0,274.0,165.1
HDHPC,10/29/2020,136.0,144.0,136.0,140.0,2.19,263536.0,274.0,165.1
HDHPC,11/1/2020,141.0,146.0,139.0,143.0,2.14,411789.0,274.0,165.1
HDHPC,11/2/2020,150.0,150.0,141.0,142.0,-0.7,136345.0,274.0,165.1
HDHPC,11/3/2020,144.0,144.0,139.0,142.0,0.0,114057.0,274.0,165.1
HDHPC,11/4/2020,142.0,144.0,141.0,142.0,0.0,141312.0,274.0,165.1
HDHPC,11/5/2020,144.0,147.0,141.0,146.0,2.82,341199.0,274.0,165.1
HDHPC,11/8/2020,148.0,157.0,146.0,156.0,6.85,616319.0,274.0,165.1
HDHPC,11/9/2020,160.0,160.0,150.0,151.0,-3.21,392716.0,274.0,165.1
HDHPC,11/10/2020,154.0,157.0,151.0,154.0,1.99,285649.0,274.0,165.1
HDHPC,11/11/2020,154.0,156.0,152.0,153.0,-0.65,144374.0,274.0,165.1
HDHPC,11/12/2020,153.0,154.0,150.0,152.0,-0.65,263841.0,274.0,165.1
HDHPC,11/18/2020,150.0,152.0,146.0,148.0,-2.63,194776.0,274.0,165.1
HDHPC,11/19/2020,148.0,152.0,146.0,150.0,1.35,345262.0,274.0,165.1
HDHPC,11/22/2020,157.0,157.0,144.0,147.0,-2.0,187775.0,274.0,165.1
HDHPC,11/23/2020,147.0,149.0,144.0,146.0,-0.68,199885.0,274.0,165.1
HDHPC,11/24/2020,145.0,152.0,145.0,149.0,2.05,192666.0,274.0,165.1
HDHPC,11/25/2020,151.0,153.0,146.0,147.0,-1.34,251175.0,274.0,165.1
HDHPC,11/26/2020,149.0,152.0,146.0,146.0,-0.68,257289.0,274.0,165.1
HDHPC,11/29/2020,146.0,148.0,144.0,146.0,0.0,135290.0,274.0,165.1
HDHPC,11/30/2020,144.0,157.0,144.0,154.0,5.48,301922.0,274.0,165.1
HDHPC,12/1/2020,155.0,157.0,147.0,149.0,-3.25,97118.0,274.0,165.1
HDHPC,12/2/2020,151.0,154.0,145.0,150.0,0.67,242590.0,274.0,165.1
HDHPC,12/3/2020,150.0,150.0,144.0,146.0,-2.67,125037.0,274.0,165.1
HDHPC,12/6/2020,145.0,147.0,137.0,137.0,-6.16,95859.0,274.0,165.1
HDHPC,12/7/2020,137.0,144.0,134.0,139.0,1.46,119280.0,274.0,165.1
HDHPC,12/8/2020,141.0,148.0,139.0,144.0,3.6,183969.0,274.0,165.1
HDHPC,12/9/2020,151.0,151.0,140.0,141.0,-2.08,81931.0,274.0,165.1
HDHPC,12/10/2020,143.0,143.0,138.0,139.0,-1.42,77587.0,274.0,165.1
HDHPC,12/13/2020,140.0,140.0,136.0,139.0,0.0,78757.0,274.0,165.1
HDHPC,12/14/2020,140.0,140.0,136.0,136.0,-2.16,69145.0,274.0,165.1
HDHPC,12/15/2020,138.0,139.0,134.0,134.0,-1.47,102224.0,274.0,165.1
HDHPC,12/16/2020,134.0,139.0,133.0,134.0,0.0,42525.0,274.0,165.1
HDHPC,12/17/2020,140.0,140.0,131.0,131.0,-2.24,109962.0,274.0,165.1
HDHPC,12/20/2020,133.0,133.0,121.0,122.0,-6.87,128344.0,274.0,165.1
HDHPC,12/21/2020,128.0,128.0,114.0,122.0,0.0,88193.0,274.0,165.1
HDHPC,12/22/2020,124.0,128.0,120.0,127.0,4.1,43147.0,274.0,165.1
HDHPC,12/23/2020,129.0,130.0,123.0,126.0,-0.79,70840.0,274.0,165.1
HDHPC,12/24/2020,132.0,132.0,123.0,124.0,-1.59,35935.0,274.0,165.1
HDHPC,12/27/2020,122.0,125.0,119.0,120.0,-3.23,70889.0,274.0,165.1
HDHPC,12/28/2020,119.0,124.0,117.0,120.0,0.0,84275.0,274.0,165.1
HDHPC,12/29/2020,120.0,122.0,117.0,119.0,-0.83,32850.0,274.0,165.1
HDHPC,12/30/2020,117.0,119.0,116.0,118.0,-0.84,65398.0,274.0,165.1
HDHPC,12/31/2020,123.0,123.0,116.0,117.0,-0.85,42623.0,274.0,165.1
HDHPC,1/3/2021,117.0,124.0,116.0,121.0,3.42,52368.0,274.0,165.1
HDHPC,1/4/2021,121.0,125.0,121.0,122.0,0.83,94028.0,274.0,165.1
HDHPC,1/5/2021,121.0,134.0,121.0,134.0,9.84,290990.0,274.0,165.1
HDHPC,1/6/2021,140.0,142.0,130.0,132.0,-1.49,118761.0,274.0,165.1
HDHPC,1/7/2021,134.0,134.0,128.0,134.0,1.52,73810.0,274.0,165.1
HDHPC,1/10/2021,140.0,140.0,128.0,130.0,-2.99,49505.0,274.0,165.1
HDHPC,1/11/2021,128.0,133.0,127.0,130.0,0.0,60117.0,274.0,165.1
HDHPC,1/12/2021,130.0,134.0,128.0,130.0,0.0,41500.0,274.0,165.1
HDHPC,1/13/2021,131.0,136.0,130.0,132.0,1.54,106120.0,274.0,165.1
HDHPC,1/17/2021,130.0,135.0,128.0,133.0,0.76,71714.0,274.0,165.1
HDHPC,1/18/2021,131.0,133.0,129.0,131.0,-1.5,50500.0,274.0,165.1
HDHPC,1/19/2021,133.0,135.0,126.0,126.0,-3.82,71734.0,274.0,165.1
HDHPC,1/20/2021,126.0,131.0,126.0,129.0,2.38,42798.0,274.0,165.1
HDHPC,1/21/2021,130.0,139.0,129.0,136.0,5.43,137983.0,274.0,165.1
HDHPC,1/24/2021,136.0,140.0,135.0,136.0,0.0,149017.0,274.0,165.1
HDHPC,1/25/2021,136.0,140.0,134.0,136.0,0.0,130524.0,274.0,165.1
HDHPC,1/26/2021,135.0,142.0,134.0,138.0,1.47,234536.0,274.0,165.1
HDHPC,1/27/2021,140.0,144.0,137.0,141.0,2.17,165625.0,274.0,165.1
HDHPC,1/28/2021,140.0,142.0,134.0,138.0,-2.13,65720.0,274.0,165.1
HDHPC,1/31/2021,136.0,140.0,132.0,136.0,-1.45,99035.0,274.0,165.1
HDHPC,2/1/2021,134.0,138.0,132.0,134.0,-1.47,82826.0,274.0,165.1
HDHPC,2/2/2021,136.0,140.0,132.0,133.0,-0.75,67549.0,274.0,165.1
HDHPC,2/3/2021,132.0,143.0,132.0,137.0,3.01,140351.0,274.0,165.1
HDHPC,2/4/2021,135.0,143.0,132.0,143.0,4.38,272500.0,274.0,165.1
HDHPC,2/7/2021,150.0,150.0,141.0,144.0,0.7,306082.0,274.0,165.1
HDHPC,2/8/2021,144.0,150.0,138.0,139.0,-3.47,153388.0,274.0,165.1
HDHPC,2/9/2021,145.0,145.0,135.0,137.0,-1.44,107123.0,274.0,165.1
HDHPC,2/10/2021,143.0,143.0,136.0,136.0,-0.73,38540.0,274.0,165.1
HDHPC,2/11/2021,136.0,139.0,134.0,136.0,0.0,37673.0,274.0,165.1
HDHPC,2/14/2021,135.0,137.0,133.0,134.0,-1.47,38360.0,274.0,165.1
HDHPC,2/15/2021,140.0,140.0,134.0,136.0,1.49,69940.0,274.0,165.1
HDHPC,2/16/2021,142.0,142.0,132.0,133.0,-2.21,75156.0,274.0,165.1
HDHPC,2/17/2021,136.0,136.0,132.0,134.0,0.75,30423.0,274.0,165.1
HDHPC,2/18/2021,132.0,138.0,132.0,133.0,-0.75,43718.0,274.0,165.1
HDHPC,2/21/2021,132.0,140.0,132.0,139.0,4.51,108882.0,274.0,165.1
HDHPC,2/22/2021,140.0,141.0,135.0,135.0,-2.88,103455.0,274.0,165.1
HDHPC,2/23/2021,137.0,140.0,130.0,136.0,0.74,120664.0,274.0,165.1
HDHPC,2/24/2021,136.0,140.0,134.0,136.0,0.0,58045.0,274.0,165.1
HDHPC,2/25/2021,136.0,137.0,131.0,134.0,-1.47,121248.0,274.0,165.1
HDHPC,2/28/2021,132.0,133.0,127.0,128.0,-4.48,95170.0,274.0,165.1
HDHPC,3/1/2021,126.0,132.0,126.0,130.0,1.56,76029.0,274.0,165.1
HDHPC,3/2/2021,128.0,133.0,125.0,126.0,-3.08,55981.0,274.0,165.1
HDHPC,3/3/2021,125.0,127.0,123.0,125.0,-0.79,52520.0,274.0,165.1
HDHPC,3/4/2021,127.0,134.0,127.0,131.0,4.8,81295.0,274.0,165.1
HDHPC,3/7/2021,130.0,133.0,128.0,129.0,-1.53,28567.0,274.0,165.1
HDHPC,3/9/2021,129.0,135.0,127.0,131.0,1.55,79162.0,274.0,165.1
HDHPC,3/10/2021,132.0,133.0,128.0,129.0,-1.53,79227.0,274.0,165.1
HDHPC,3/14/2021,127.0,132.0,127.0,129.0,0.0,91567.0,274.0,165.1
HDHPC,3/15/2021,129.0,138.0,128.0,133.0,3.1,197628.0,274.0,165.1
HDHPC,3/16/2021,134.0,136.0,131.0,134.0,0.75,122446.0,274.0,165.1
HDHPC,3/17/2021,140.0,140.0,133.0,137.0,2.24,165261.0,274.0,165.1
HDHPC,3/18/2021,135.0,141.0,135.0,135.0,-1.46,167849.0,274.0,165.1
HDHPC,3/21/2021,140.0,140.0,132.0,134.0,-0.74,124319.0,274.0,165.1
HDHPC,3/22/2021,132.0,136.0,132.0,135.0,0.75,57907.0,274.0,165.1
HDHPC,3/23/2021,137.0,138.0,133.0,135.0,0.0,117173.0,274.0,165.1
HDHPC,3/24/2021,136.0,144.0,133.0,142.0,5.19,365535.0,274.0,165.1
HDHPC,3/25/2021,142.0,144.0,134.0,137.0,-3.52,205041.0,274.0,165.1
HDHPC,3/29/2021,139.0,139.0,134.0,135.0,-1.46,55887.0,274.0,165.1
HDHPC,3/30/2021,129.0,139.0,129.0,136.0,0.74,79883.0,274.0,165.1
HDHPC,3/31/2021,138.0,138.0,133.0,134.0,-1.47,73160.0,274.0,165.1
HDHPC,4/1/2021,140.0,140.0,133.0,135.0,0.75,102223.0,274.0,165.1
HDHPC,4/4/2021,136.0,140.0,135.0,135.0,0.0,118688.0,274.0,165.1
HDHPC,4/5/2021,135.0,138.0,133.0,134.0,-0.74,94723.0,274.0,165.1
HDHPC,4/6/2021,128.0,144.0,128.0,143.0,6.72,490165.0,274.0,165.1
HDHPC,4/7/2021,147.0,157.0,145.0,152.0,6.29,1032526.0,274.0,165.1
HDHPC,4/8/2021,159.0,159.0,151.0,152.0,0.0,290158.0,274.0,165.1
HDHPC,4/12/2021,155.0,155.0,144.0,146.0,-3.95,196149.0,274.0,165.1
HDHPC,4/13/2021,139.0,151.0,139.0,147.0,0.68,154336.0,274.0,165.1
HDHPC,4/15/2021,149.0,154.0,147.0,149.0,1.36,171832.0,274.0,165.1
HDHPC,4/18/2021,150.0,152.0,147.0,147.0,-1.34,116090.0,274.0,165.1
HDHPC,4/19/2021,149.0,151.0,146.0,148.0,0.68,139545.0,274.0,165.1
HDHPC,4/20/2021,148.0,155.0,146.0,153.0,3.38,264002.0,274.0,165.1
HDHPC,4/21/2021,156.0,168.0,153.0,168.0,9.8,1337112.0,274.0,165.1
HDHPC,4/22/2021,170.0,176.0,163.0,164.0,-2.38,432853.0,274.0,165.1
HDHPC,4/25/2021,172.0,172.0,154.0,156.0,-4.88,247137.0,274.0,165.1
HDHPC,4/26/2021,154.0,162.0,150.0,151.0,-3.21,264218.0,274.0,165.1
HDHPC,4/27/2021,158.0,162.0,152.0,162.0,7.28,162050.0,274.0,165.1
HDHPC,4/28/2021,164.0,164.0,154.0,157.0,-3.09,119992.0,274.0,165.1
HDHPC,4/29/2021,159.0,171.0,157.0,166.0,5.73,253288.0,274.0,165.1
HDHPC,5/2/2021,172.0,172.0,163.0,167.0,0.6,206143.0,274.0,165.1
HDHPC,5/3/2021,175.0,175.0,167.0,169.0,1.2,428426.0,274.0,165.1
HDHPC,5/4/2021,177.0,181.0,165.0,176.0,4.14,556712.0,274.0,165.1
HDHPC,5/5/2021,184.0,190.0,173.0,183.0,3.98,424569.0,274.0,165.1
HDHPC,5/6/2021,190.0,190.0,175.0,177.0,-3.28,350713.0,274.0,165.1
HDHPC,5/9/2021,177.0,177.0,169.0,172.0,-2.82,254382.0,274.0,165.1
HDHPC,5/10/2021,164.0,177.0,164.0,172.0,0.0,104678.0,274.0,165.1
HDHPC,5/11/2021,164.0,180.0,164.0,178.0,3.49,211882.0,274.0,165.1
HDHPC,5/12/2021,179.0,190.0,176.0,190.0,6.74,728986.0,274.0,165.1
HDHPC,5/13/2021,195.0,209.0,190.0,207.0,8.95,947773.0,274.0,165.1
HDHPC,5/16/2021,210.0,212.0,198.0,201.0,-2.9,693810.0,274.0,165.1
HDHPC,5/17/2021,203.0,216.0,201.0,210.0,4.48,659277.0,274.0,165.1
HDHPC,5/18/2021,220.0,231.0,211.0,231.0,10.0,698429.0,274.0,165.1
HDHPC,5/19/2021,240.0,240.0,209.0,221.0,-4.33,615264.0,274.0,165.1
HDHPC,5/20/2021,220.0,223.0,213.0,217.0,-1.81,381407.0,274.0,165.1
HDHPC,5/23/2021,207.0,228.0,207.0,221.0,1.84,400623.0,274.0,165.1
HDHPC,5/24/2021,232.0,232.0,217.0,219.0,-0.9,259946.0,274.0,165.1
HDHPC,5/25/2021,229.0,235.0,218.0,233.0,6.39,585162.0,274.0,165.1
HDHPC,5/27/2021,230.0,256.0,227.0,256.0,9.87,875462.0,274.0,165.1
HDHPC,5/30/2021,267.0,281.0,257.0,270.0,5.47,1203347.0,274.0,165.1
HDHPC,5/31/2021,270.0,270.0,250.0,251.0,-7.04,680939.0,274.0,165.1
HDHPC,6/1/2021,239.0,260.0,239.0,245.0,-2.39,357734.0,274.0,165.1
HDHPC,6/2/2021,233.0,267.0,233.0,260.0,6.12,627007.0,274.0,165.1
HDHPC,6/3/2021,260.0,272.0,242.0,258.0,-0.77,527626.0,274.0,165.1
HDHPC,6/6/2021,246.0,264.0,245.0,264.0,2.33,576977.0,274.0,165.1
HDHPC,6/7/2021,264.0,290.0,259.0,284.0,7.58,831313.0,274.0,165.1
HDHPC,6/8/2021,286.0,300.0,274.0,276.0,-2.82,540712.0,274.0,165.1
HDHPC,6/9/2021,280.0,295.0,265.0,275.0,-0.36,521870.0,274.0,165.1
HDHPC,6/10/2021,279.0,301.0,279.0,297.0,8.0,850066.0,274.0,165.1
HDHPC,6/13/2021,302.0,326.0,302.0,326.0,9.76,923852.0,274.0,165.1
HDHPC,6/14/2021,342.0,350.0,310.0,332.0,1.84,712159.0,274.0,165.1
HDHPC,6/15/2021,335.0,340.0,313.0,313.0,-5.72,534405.0,274.0,165.1
HDHPC,6/16/2021,313.0,319.0,282.0,288.0,-7.99,556353.0,274.0,165.1
HDHPC,6/17/2021,275.0,311.0,275.0,296.0,2.78,351064.0,274.0,165.1
HDHPC,6/20/2021,300.0,302.0,276.0,290.0,-2.03,306548.0,274.0,165.1
HDHPC,6/21/2021,290.0,294.0,264.0,265.0,-8.62,242596.0,274.0,165.1
HDHPC,6/22/2021,278.0,291.0,260.0,291.0,9.81,273961.0,274.0,165.1
HDHPC,6/23/2021,305.0,314.0,281.0,285.0,-2.06,334094.0,274.0,165.1
HDHPC,6/24/2021,271.0,300.0,271.0,285.0,0.0,263992.0,274.0,165.1
HDHPC,6/27/2021,290.0,295.0,284.0,286.0,0.35,160100.0,274.0,165.1
HDHPC,6/28/2021,287.0,293.0,276.0,278.0,-2.8,119004.0,274.0,165.1
HDHPC,6/29/2021,280.0,285.0,265.0,267.0,-3.96,153227.0,274.0,165.1
HDHPC,6/30/2021,263.0,269.0,250.0,266.0,-0.37,216439.0,274.0,165.1
HDHPC,7/1/2021,265.0,282.0,265.0,274.0,3.01,196626.0,274.0,165.1
HDHPC,7/4/2021,274.0,280.0,271.0,272.0,-0.73,105005.0,274.0,165.1
HDHPC,7/5/2021,277.0,277.0,264.0,266.0,-2.21,85330.0,274.0,165.1
HDHPC,7/6/2021,279.0,279.0,260.0,260.0,-2.26,58049.0,274.0,165.1
HDHPC,7/7/2021,255.0,263.0,247.0,252.0,-3.08,145917.0,274.0,165.1
HDHPC,7/8/2021,252.0,263.0,249.0,262.0,3.97,153860.0,274.0,165.1
HDHPC,7/11/2021,267.0,288.0,263.0,288.0,9.92,157571.0,274.0,165.1
HDHPC,7/12/2021,290.0,295.0,269.0,276.0,-4.17,219498.0,274.0,165.1
HDHPC,7/13/2021,275.0,286.0,272.0,277.0,0.36,61655.0,274.0,165.1
HDHPC,7/14/2021,282.0,290.0,275.0,290.0,4.69,175102.0,274.0,165.1
HDHPC,7/15/2021,292.0,302.0,287.0,292.0,0.69,288506.0,274.0,165.1
HDHPC,7/18/2021,297.0,306.0,293.0,294.0,0.68,222242.0,274.0,165.1
HDHPC,7/19/2021,299.0,299.8,291.0,293.7,-0.1,130799.0,274.0,165.1
HDHPC,7/20/2021,297.0,302.0,290.0,298.0,1.46,278606.0,274.0,165.1
HDHPC,7/22/2021,295.0,310.0,295.0,303.0,1.68,281327.0,274.0,165.1
HDHPC,7/25/2021,305.0,320.0,305.0,318.0,4.95,329727.0,274.0,165.1
HDHPC,7/26/2021,318.0,324.0,310.0,318.0,0.0,278720.0,274.0,165.1
HDHPC,7/27/2021,318.0,346.0,312.0,337.0,5.97,550901.0,274.0,165.1
HDHPC,7/28/2021,337.0,356.7,325.0,327.0,-2.97,556881.0,274.0,165.1
HDHPC,7/29/2021,327.0,331.0,317.0,329.0,0.61,230827.0,274.0,165.1
HDHPC,8/1/2021,331.0,360.0,326.0,356.0,8.21,726993.0,274.0,165.1
HDHPC,8/2/2021,363.1,378.0,358.0,363.0,1.97,611502.0,274.0,165.1
HDHPC,8/3/2021,370.0,375.0,355.0,372.0,2.48,383977.0,274.0,165.1
HDHPC,8/4/2021,378.0,396.0,373.0,388.0,4.3,604670.0,274.0,165.1
HDHPC,8/5/2021,395.0,395.0,367.9,370.0,-4.64,460269.0,274.0,165.1
HDHPC,8/8/2021,370.0,397.0,356.0,387.0,4.59,509954.0,274.0,165.1
HDHPC,8/9/2021,394.0,413.9,387.0,406.9,5.14,675890.0,274.0,165.1
HDHPC,8/10/2021,410.0,419.0,392.0,394.0,-3.17,443863.0,274.0,165.1
HDHPC,8/11/2021,395.0,410.0,385.0,407.0,3.3,420042.0,274.0,165.1
HDHPC,8/12/2021,415.1,415.1,396.0,397.0,-2.46,302559.0,274.0,165.1
HDHPC,8/15/2021,389.1,400.0,361.0,379.0,-4.53,399214.0,274.0,165.1
HDHPC,8/16/2021,385.9,415.0,378.0,400.0,5.54,433941.0,274.0,165.1
HDHPC,8/17/2021,405.0,440.0,405.0,440.0,10.0,529373.0,274.0,165.1
HDHPC,8/18/2021,448.8,478.9,428.0,439.0,-0.23,653184.0,274.0,165.1
HDHPC,8/19/2021,439.0,439.0,406.0,409.8,-6.65,523980.0,274.0,165.1
HDHPC,8/24/2021,401.7,401.7,368.9,374.0,-8.74,476758.0,274.0,165.1
HDHPC,8/25/2021,366.6,394.9,347.0,375.0,0.27,244919.0,274.0,165.1
HDHPC,8/26/2021,375.0,411.0,373.0,407.0,8.53,362753.0,274.0,165.1
HDHPC,8/29/2021,415.0,415.2,395.0,398.0,-2.21,319950.0,274.0,165.1
HDHPC,8/31/2021,405.0,405.0,377.0,378.0,-5.03,213923.0,274.0,165.1
HDHPC,9/1/2021,385.0,393.0,369.0,378.0,0.0,199011.0,274.0,165.1
HDHPC,9/2/2021,380.0,386.0,363.0,365.0,-3.44,134772.0,274.0,165.1
HDHPC,9/5/2021,357.7,360.0,328.5,330.0,-9.59,199920.0,274.0,165.1
HDHPC,9/6/2021,330.0,363.0,320.0,363.0,10.0,209804.0,274.0,165.1
HDHPC,9/7/2021,370.2,390.0,356.0,376.0,3.58,196977.0,274.0,165.1
HDHPC,9/8/2021,378.0,380.0,359.0,367.0,-2.39,105354.0,274.0,165.1
HDHPC,9/9/2021,372.0,385.5,364.6,380.9,3.79,226365.0,274.0,165.1
HDHPC,9/12/2021,388.5,410.0,385.0,406.0,6.59,284579.0,274.0,165.1
HDHPC,9/13/2021,414.1,416.0,394.0,395.0,-2.71,321809.0,274.0,165.1
HDHPC,9/14/2021,393.0,401.0,380.0,384.0,-2.78,145520.0,274.0,165.1
HDHPC,9/15/2021,390.0,390.0,375.0,377.0,-1.82,130689.0,274.0,165.1
HDHPC,9/16/2021,377.0,377.0,355.8,366.0,-2.92,192535.0,274.0,165.1
HDHPC,9/20/2021,366.0,366.0,331.0,332.0,-9.29,177756.0,274.0,165.1
HDHPC,9/21/2021,332.0,364.0,306.9,335.0,0.9,166137.0,274.0,165.1
HDHPC,9/22/2021,341.0,368.5,341.0,368.5,10.0,154112.0,274.0,165.1
HDHPC,9/23/2021,375.8,382.5,353.1,355.0,-3.66,142754.0,274.0,165.1
HDHPC,9/26/2021,355.0,355.0,334.0,335.0,-5.63,104440.0,274.0,165.1
HDHPC,9/27/2021,340.0,353.7,320.0,322.0,-3.88,119476.0,274.0,165.1
HDHPC,9/28/2021,322.0,335.0,300.6,305.0,-5.28,129479.0,274.0,165.1
HDHPC,9/29/2021,305.0,328.0,294.0,324.0,6.23,97085.0,274.0,165.1
HDHPC,9/30/2021,329.0,330.0,311.2,314.0,-3.09,71756.0,274.0,165.1
HDHPC,10/3/2021,314.0,315.0,291.1,295.0,-6.05,85691.0,274.0,165.1
HDHPC,10/4/2021,292.0,309.0,278.0,282.0,-4.41,59338.0,274.0,165.1
HDHPC,10/5/2021,287.0,298.0,285.0,293.0,3.9,54052.0,274.0,165.1
HDHPC,10/6/2021,298.0,309.0,297.1,303.9,3.72,53428.0,274.0,165.1
HDHPC,10/10/2021,308.9,315.0,294.0,296.0,-2.6,37106.0,274.0,165.1
HDHPC,10/11/2021,296.0,300.5,290.2,299.0,1.01,31635.0,274.0,165.1
HDHPC,10/17/2021,304.8,304.9,290.0,304.0,1.67,14846.0,274.0,165.1
HDHPC,10/18/2021,298.0,299.0,286.0,289.9,-4.64,32234.0,274.0,165.1
HDHPC,10/19/2021,284.2,284.5,264.0,273.0,-5.83,89210.0,274.0,165.1
HDHPC,10/20/2021,278.4,289.5,278.0,288.0,5.49,35809.0,274.0,165.1
HDHPC,10/21/2021,293.0,297.8,273.0,280.0,-2.78,31117.0,274.0,165.1
HDHPC,10/24/2021,285.0,295.0,277.4,289.0,3.21,70884.0,274.0,165.1
HDHPC,10/25/2021,294.0,317.9,290.0,317.9,10.0,110442.0,274.0,165.1
HDHPC,10/26/2021,324.0,343.0,319.0,334.0,5.06,141356.0,274.0,165.1
HDHPC,10/27/2021,335.0,343.0,320.0,328.1,-1.77,113837.0,274.0,165.1
HDHPC,10/28/2021,332.0,350.0,318.0,345.0,5.15,176900.0,274.0,165.1
HDHPC,10/31/2021,350.0,379.3,345.0,376.0,8.99,157360.0,274.0,165.1
HDHPC,11/1/2021,380.0,383.0,356.0,362.0,-3.72,143982.0,274.0,165.1
HDHPC,11/2/2021,362.0,369.0,347.9,363.0,0.28,77383.0,274.0,165.1
HDHPC,11/3/2021,370.0,377.0,355.8,356.0,-1.93,67941.0,274.0,165.1
HDHPC,11/8/2021,363.0,370.0,351.9,360.0,1.12,48407.0,274.0,165.1
HDHPC,11/9/2021,353.0,359.0,330.0,341.0,-5.28,103822.0,274.0,165.1
HDHPC,11/11/2021,334.2,340.0,322.1,324.0,-4.99,79548.0,274.0,165.1
HDHPC,11/14/2021,330.0,335.0,320.0,325.0,0.31,51728.0,274.0,165.1
HDHPC,11/15/2021,325.0,339.6,325.0,336.0,3.38,60800.0,274.0,165.1
HDHPC,11/16/2021,342.6,368.9,332.0,366.5,9.08,177636.0,274.0,165.1
HDHPC,11/17/2021,373.0,399.8,370.0,383.0,4.5,482484.0,274.0,165.1
HDHPC,11/18/2021,382.0,390.0,374.1,375.0,-2.09,215880.0,274.0,165.1
HDHPC,11/21/2021,375.0,410.0,367.5,399.0,6.4,543746.0,274.0,165.1
HDHPC,11/22/2021,405.0,418.0,402.0,402.8,0.95,348850.0,274.0,165.1
HDHPC,11/23/2021,403.0,410.0,387.0,393.0,-2.43,243305.0,274.0,165.1
HDHPC,11/24/2021,386.0,402.0,379.0,390.0,-0.76,282217.0,274.0,165.1
HDHPC,11/25/2021,397.8,397.8,375.0,375.1,-3.82,107373.0,274.0,165.1
HDHPC,11/28/2021,375.1,382.0,356.0,359.0,-4.29,223246.0,274.0,165.1
HDHPC,11/29/2021,359.0,372.0,350.0,353.0,-1.67,127220.0,274.0,165.1
HDHPC,11/30/2021,360.0,374.0,348.1,374.0,5.95,143662.0,274.0,165.1
HDHPC,12/1/2021,380.0,381.0,363.0,363.0,-2.94,120526.0,274.0,165.1
HDHPC,12/2/2021,369.0,369.0,349.0,352.0,-3.03,102959.0,274.0,165.1
HDHPC,12/5/2021,345.0,353.0,336.2,341.0,-3.12,117199.0,274.0,165.1
HDHPC,12/6/2021,335.1,360.0,322.5,355.0,4.11,183652.0,274.0,165.1
HDHPC,12/7/2021,361.0,366.0,339.1,340.0,-4.23,86332.0,274.0,165.1
HDHPC,12/8/2021,334.0,346.0,325.0,328.0,-3.53,80060.0,274.0,165.1
HDHPC,12/9/2021,325.0,339.7,319.0,333.0,1.52,124049.0,274.0,165.1
HDHPC,12/12/2021,326.4,329.9,300.0,307.0,-7.81,112032.0,274.0,165.1
HDHPC,12/13/2021,300.9,312.0,284.0,285.0,-7.17,130899.0,274.0,165.1
HDHPC,12/14/2021,290.0,313.5,289.0,313.0,9.82,119468.0,274.0,165.1
HDHPC,12/15/2021,319.0,339.9,305.2,315.0,0.64,203007.0,274.0,165.1
HDHPC,12/16/2021,315.0,315.0,299.0,303.0,-3.81,75870.0,274.0,165.1
HDHPC,12/20/2021,303.0,304.9,290.0,293.0,-3.3,53032.0,274.0,165.1
HDHPC,12/21/2021,298.8,311.0,295.0,307.0,4.78,59338.0,274.0,165.1
HDHPC,12/22/2021,313.0,337.7,313.0,335.5,9.28,169610.0,274.0,165.1
HDHPC,12/23/2021,341.0,345.0,324.0,327.0,-2.53,110289.0,274.0,165.1
HDHPC,12/26/2021,327.0,334.0,315.0,319.0,-2.45,126648.0,274.0,165.1
HDHPC,12/27/2021,325.0,325.0,300.0,301.0,-5.64,158546.0,274.0,165.1
HDHPC,12/28/2021,298.0,311.0,293.0,304.0,1.0,131747.0,274.0,165.1
HDHPC,12/29/2021,302.0,311.0,300.0,307.0,0.99,61676.0,274.0,165.1
HDHPC,1/2/2022,313.0,313.0,303.0,307.0,0.0,33074.0,274.0,165.1
HDHPC,1/3/2022,312.0,314.8,303.8,308.0,0.33,111192.0,274.0,165.1
HDHPC,1/4/2022,303.1,313.0,303.1,311.0,0.97,84846.0,274.0,165.1
HDHPC,1/5/2022,314.0,330.0,312.0,318.0,2.25,161050.0,274.0,165.1
HDHPC,1/6/2022,311.7,323.9,311.7,320.3,0.72,70181.0,274.0,165.1
HDHPC,1/9/2022,326.0,345.0,326.0,340.0,6.15,181361.0,274.0,165.1
HDHPC,1/10/2022,346.0,354.9,336.4,344.0,1.18,198254.0,274.0,165.1
HDHPC,1/11/2022,343.0,353.9,340.0,345.0,0.29,102701.0,274.0,165.1
HDHPC,1/12/2022,350.0,365.0,340.0,346.9,0.55,246795.0,274.0,165.1
HDHPC,1/13/2022,341.0,362.9,341.0,361.0,4.06,181274.0,274.0,165.1
HDHPC,1/16/2022,367.0,377.0,362.8,364.0,0.83,161482.0,274.0,165.1
HDHPC,1/17/2022,357.3,370.0,355.2,362.0,-0.55,183513.0,274.0,165.1
HDHPC,1/18/2022,354.8,375.0,354.0,360.0,-0.55,202786.0,274.0,165.1
HDHPC,1/19/2022,360.0,367.0,350.0,350.1,-2.75,130991.0,274.0,165.1
HDHPC,1/20/2022,357.0,363.0,347.0,363.0,3.68,94559.0,274.0,165.1
HDHPC,1/23/2022,369.0,370.0,352.0,353.2,-2.7,78201.0,274.0,165.1
HDHPC,1/24/2022,346.2,353.9,332.0,336.9,-4.61,195149.0,274.0,165.1
HDHPC,1/25/2022,340.0,343.0,321.1,333.5,-1.01,91442.0,274.0,165.1
HDHPC,1/26/2022,333.0,337.0,321.0,324.0,-2.85,94064.0,274.0,165.1
HDHPC,1/27/2022,329.0,332.0,321.2,325.0,0.31,60833.0,274.0,165.1
HDHPC,1/30/2022,331.0,352.9,331.0,352.0,8.31,173785.0,274.0,165.1
HDHPC,1/31/2022,359.0,359.0,337.2,345.0,-1.99,72424.0,274.0,165.1
HDHPC,2/1/2022,351.0,365.0,338.0,361.0,4.64,205198.0,274.0,165.1
HDHPC,2/3/2022,368.2,373.9,357.0,360.0,-0.28,322163.0,274.0,165.1
HDHPC,2/6/2022,367.2,367.2,347.1,354.0,-1.67,115962.0,274.0,165.1
HDHPC,2/7/2022,350.0,360.0,344.0,355.0,0.28,77487.0,274.0,165.1
HDHPC,2/8/2022,362.0,369.3,342.0,345.0,-2.82,133190.0,274.0,165.1
HDHPC,2/9/2022,340.0,350.0,337.0,344.0,-0.29,57625.0,274.0,165.1
HDHPC,2/10/2022,348.0,348.0,336.0,339.0,-1.45,57256.0,274.0,165.1
HDHPC,2/13/2022,332.3,336.0,319.5,321.1,-5.28,119029.0,274.0,165.1
HDHPC,2/14/2022,325.0,330.0,320.1,325.0,1.21,73336.0,274.0,165.1
HDHPC,2/15/2022,329.0,346.0,324.0,342.0,5.23,58574.0,274.0,165.1
HDHPC,2/16/2022,342.0,345.0,330.5,332.1,-2.89,55613.0,274.0,165.1
HDHPC,2/17/2022,337.0,340.0,326.4,333.0,0.27,32273.0,274.0,165.1
HDHPC,2/20/2022,339.6,339.6,315.0,330.0,-0.9,66949.0,274.0,165.1
HDHPC,2/21/2022,332.0,337.5,328.0,336.0,1.82,68400.0,274.0,165.1
HDHPC,2/22/2022,340.0,343.0,334.1,335.9,-0.03,80383.0,274.0,165.1
HDHPC,2/23/2022,340.0,350.0,335.0,340.0,1.22,77336.0,274.0,165.1
HDHPC,2/24/2022,345.0,345.0,328.0,330.0,-2.94,66077.0,274.0,165.1
HDHPC,2/27/2022,334.0,342.7,330.1,338.0,2.42,61189.0,274.0,165.1
HDHPC,2/28/2022,344.0,350.0,322.0,326.0,-3.55,87245.0,274.0,165.1
HDHPC,3/2/2022,320.0,332.0,307.4,308.0,-5.52,120432.0,274.0,165.1
HDHPC,3/6/2022,312.0,318.0,302.1,307.0,-0.32,35418.0,274.0,165.1
HDHPC,3/7/2022,312.0,312.0,298.0,300.0,-2.28,72794.0,274.0,165.1
HDHPC,3/9/2022,302.0,305.0,290.0,295.0,-1.67,66004.0,274.0,165.1
HDHPC,3/10/2022,295.0,311.0,290.1,309.0,4.75,57687.0,274.0,165.1
HDHPC,3/13/2022,313.0,321.0,309.0,316.0,2.27,70768.0,274.0,165.1
HDHPC,3/14/2022,320.0,320.0,309.8,315.0,-0.32,17666.0,274.0,165.1
HDHPC,3/15/2022,315.0,320.0,308.0,308.0,-2.22,51206.0,274.0,165.1
HDHPC,3/16/2022,314.0,314.0,302.0,304.0,-1.3,52542.0,274.0,165.1
HDHPC,3/20/2022,310.0,310.0,300.0,300.1,-1.28,36112.0,274.0,165.1
HDHPC,3/21/2022,305.0,315.0,300.0,313.0,4.3,36940.0,274.0,165.1
HDHPC,3/22/2022,319.0,319.0,308.0,312.0,-0.32,31156.0,274.0,165.1
HDHPC,3/23/2022,318.0,318.0,306.0,306.1,-1.89,15307.0,274.0,165.1
HDHPC,3/24/2022,306.2,309.0,301.2,304.0,-0.69,23567.0,274.0,165.1
HDHPC,3/27/2022,303.4,303.4,290.0,293.4,-3.49,76722.0,274.0,165.1
HDHPC,3/28/2022,294.0,298.9,286.2,286.2,-2.45,45597.0,274.0,165.1
HDHPC,3/29/2022,289.0,294.0,277.4,283.9,-0.8,42809.0,274.0,165.1
HDHPC,3/30/2022,286.5,298.0,279.0,298.0,4.97,41995.0,274.0,165.1
HDHPC,3/31/2022,296.1,298.0,285.0,286.5,-3.86,31071.0,274.0,165.1
HDHPC,4/3/2022,285.0,288.0,278.4,282.9,-1.26,17428.0,274.0,165.1
HDHPC,4/4/2022,285.0,286.0,277.3,280.0,-1.03,26190.0,274.0,165.1
HDHPC,4/5/2022,280.0,280.0,266.6,272.0,-2.86,54944.0,274.0,165.1
HDHPC,4/6/2022,268.0,276.0,265.9,270.0,-0.74,21141.0,274.0,165.1
HDHPC,4/7/2022,270.0,278.0,268.0,273.0,1.11,34296.0,274.0,165.1
HDHPC,4/11/2022,278.4,283.0,261.0,264.1,-3.26,24502.0,274.0,165.1
HDHPC,4/12/2022,266.0,266.0,248.0,250.0,-5.34,77551.0,274.0,165.1
HDHPC,4/13/2022,250.0,259.9,241.0,256.0,2.4,32947.0,274.0,165.1
HDHPC,4/17/2022,258.0,258.0,242.0,243.1,-5.04,30910.0,274.0,165.1
HDHPC,4/18/2022,247.0,247.0,229.0,233.5,-3.95,47932.0,274.0,165.1
HDHPC,4/19/2022,238.0,242.8,222.1,233.0,-0.21,37410.0,274.0,165.1
HDHPC,4/20/2022,234.0,236.0,220.0,223.0,-4.29,24087.0,274.0,165.1
HDHPC,4/21/2022,219.0,228.0,208.0,218.0,-2.24,82229.0,274.0,165.1
HDHPC,4/24/2022,222.0,239.8,221.1,239.8,10.0,70961.0,274.0,165.1
HDHPC,4/25/2022,240.0,260.0,235.3,243.0,1.33,97713.0,274.0,165.1
HDHPC,4/26/2022,239.0,258.0,234.0,236.0,-2.88,47688.0,274.0,165.1
HDHPC,4/27/2022,236.0,246.3,231.5,241.7,2.42,23871.0,274.0,165.1
HDHPC,4/28/2022,242.0,249.9,239.0,240.0,-0.7,38201.0,274.0,165.1
HDHPC,5/2/2022,235.5,236.0,225.0,227.0,-5.42,33413.0,274.0,165.1
HDHPC,5/4/2022,231.0,233.0,216.0,224.0,-1.32,38727.0,274.0,165.1
HDHPC,5/5/2022,224.1,227.5,214.0,220.0,-1.79,27612.0,274.0,165.1
HDHPC,5/8/2022,221.0,231.5,212.0,230.0,4.55,40331.0,274.0,165.1
HDHPC,5/9/2022,233.0,238.6,226.0,227.0,-1.3,36237.0,274.0,165.1
HDHPC,5/10/2022,231.0,244.0,225.1,238.0,4.85,30395.0,274.0,165.1
HDHPC,5/11/2022,240.0,258.0,236.0,257.0,7.98,66546.0,274.0,165.1
HDHPC,5/12/2022,262.0,266.0,247.5,250.0,-2.72,54762.0,274.0,165.1
HDHPC,5/17/2022,245.0,245.0,232.0,232.0,-7.2,44900.0,274.0,165.1
HDHPC,5/18/2022,234.0,250.0,226.4,243.2,4.83,36255.0,274.0,165.1
HDHPC,5/19/2022,242.0,250.0,233.8,236.0,-2.96,41880.0,274.0,165.1
HDHPC,5/20/2022,231.3,242.0,231.3,234.5,-0.64,22923.0,274.0,165.1
HDHPC,5/23/2022,235.0,239.0,227.0,230.0,-1.92,26355.0,274.0,165.1
HDHPC,5/24/2022,228.1,238.0,226.0,233.0,1.3,20815.0,274.0,165.1
HDHPC,5/25/2022,237.6,241.0,232.2,236.0,1.29,20643.0,274.0,165.1
HDHPC,5/26/2022,239.0,239.0,231.3,238.0,0.85,13669.0,274.0,165.1
HDHPC,5/27/2022,242.7,242.7,229.0,229.1,-3.74,30120.0,274.0,165.1
HDHPC,5/30/2022,233.6,233.6,221.0,224.9,-1.83,22871.0,274.0,165.1
HDHPC,5/31/2022,220.5,229.0,217.0,220.0,-2.18,40301.0,274.0,165.1
HDHPC,6/1/2022,220.5,227.8,216.1,219.2,-0.36,12784.0,274.0,165.1
HDHPC,6/2/2022,223.0,227.4,218.0,220.0,0.36,17323.0,274.0,165.1
HDHPC,6/3/2022,215.7,224.0,213.0,213.0,-3.18,29988.0,274.0,165.1
HDHPC,6/6/2022,217.0,222.0,212.2,214.7,0.8,38545.0,274.0,165.1
HDHPC,6/7/2022,215.0,220.0,210.0,212.9,-0.84,49942.0,274.0,165.1
HDHPC,6/8/2022,216.0,227.9,214.0,222.0,4.27,41895.0,274.0,165.1
HDHPC,6/9/2022,226.0,227.2,215.0,217.9,-1.85,25904.0,274.0,165.1
HDHPC,6/10/2022,218.0,221.3,213.7,217.2,-0.32,21057.0,274.0,165.1
HDHPC,6/13/2022,221.0,221.0,213.0,213.0,-1.93,7822.0,274.0,165.1
HDHPC,6/14/2022,211.9,215.0,204.0,208.0,-2.35,39638.0,274.0,165.1
HDHPC,6/15/2022,205.1,205.1,199.0,202.0,-2.88,37969.0,274.0,165.1
HDHPC,6/16/2022,205.0,211.9,202.0,205.0,1.49,22665.0,274.0,165.1
HDHPC,6/17/2022,209.1,213.2,200.0,203.0,-0.98,22585.0,274.0,165.1
HDHPC,6/19/2022,207.0,207.0,188.3,188.3,-7.24,30583.0,274.0,165.1
HDHPC,6/20/2022,192.0,192.0,171.7,179.8,-4.51,60952.0,274.0,165.1
HDHPC,6/21/2022,179.0,197.0,176.3,193.9,7.84,61671.0,274.0,165.1
HDHPC,6/22/2022,196.0,196.0,182.5,183.0,-5.62,24347.0,274.0,165.1
HDHPC,6/23/2022,179.4,180.4,171.0,174.3,-4.75,40518.0,274.0,165.1
HDHPC,6/24/2022,170.9,188.0,168.0,178.1,2.18,38568.0,274.0,165.1
HDHPC,6/26/2022,180.0,195.9,180.0,195.9,9.99,76533.0,274.0,165.1
HDHPC,6/27/2022,199.0,206.9,190.0,192.0,-1.99,80918.0,274.0,165.1
HDHPC,6/28/2022,192.0,195.8,184.3,187.9,-2.14,32973.0,274.0,165.1
HDHPC,6/29/2022,185.0,202.0,185.0,202.0,7.5,50061.0,274.0,165.1
HDHPC,6/30/2022,205.0,214.0,201.0,208.5,3.22,95148.0,274.0,165.1
HDHPC,7/1/2022,212.0,212.0,204.5,207.0,-0.72,44417.0,274.0,165.1
HDHPC,7/3/2022,207.0,219.5,204.0,219.0,5.8,94529.0,274.0,165.1
HDHPC,7/4/2022,222.0,229.7,207.0,212.0,-3.2,157071.0,274.0,165.1
HDHPC,7/5/2022,216.2,218.0,205.0,208.0,-1.89,84936.0,274.0,165.1
HDHPC,7/6/2022,205.1,214.2,201.0,213.1,2.45,50437.0,274.0,165.1
HDHPC,7/7/2022,217.3,220.0,206.0,211.0,-0.99,44788.0,274.0,165.1
HDHPC,7/8/2022,215.0,215.0,200.0,200.9,-4.79,40093.0,274.0,165.1
HDHPC,7/11/2022,197.0,197.0,188.3,188.3,-6.27,59649.0,274.0,165.1
HDHPC,7/12/2022,192.0,198.0,185.0,193.8,2.92,80716.0,274.0,165.1
HDHPC,7/13/2022,193.4,208.0,193.4,206.2,6.4,45456.0,274.0,165.1
HDHPC,7/14/2022,209.0,212.0,202.0,205.1,-0.53,36573.0,274.0,165.1
HDHPC,7/15/2022,206.0,206.0,200.0,204.0,-0.54,40746.0,274.0,165.1
HDHPC,7/17/2022,201.0,206.0,198.0,201.0,-1.47,26948.0,274.0,165.1
HDHPC,7/18/2022,200.0,204.0,199.5,203.0,1.0,22158.0,274.0,165.1
HDHPC,7/19/2022,207.0,209.4,203.0,203.0,0.0,46402.0,274.0,165.1
HDHPC,7/20/2022,199.4,207.0,199.4,203.0,0.0,23611.0,274.0,165.1
HDHPC,7/21/2022,205.0,205.0,200.3,203.5,0.25,18530.0,274.0,165.1
HDHPC,7/22/2022,200.0,203.0,195.2,196.0,-3.69,30324.0,274.0,165.1
HDHPC,7/24/2022,199.9,207.0,197.0,207.0,5.61,54078.0,274.0,165.1
HDHPC,7/25/2022,210.0,224.9,208.0,222.0,7.25,116986.0,274.0,165.1
HDHPC,7/26/2022,218.1,226.4,213.0,215.0,-3.15,116878.0,274.0,165.1
HDHPC,7/27/2022,213.0,226.0,210.0,225.5,4.88,100050.0,274.0,165.1
HDHPC,7/28/2022,227.0,238.5,222.5,233.0,3.33,191769.0,274.0,165.1
HDHPC,7/29/2022,228.4,235.0,224.0,231.8,-0.52,76550.0,274.0,165.1
HDHPC,8/2/2022,236.0,254.9,236.0,254.9,9.97,66289.0,274.0,165.1
HDHPC,8/3/2022,259.9,280.3,259.0,264.0,3.57,423681.0,274.0,165.1
HDHPC,8/4/2022,266.0,266.0,250.0,250.0,-5.3,259735.0,274.0,165.1
HDHPC,8/5/2022,251.0,252.0,239.0,240.9,-3.64,87661.0,274.0,165.1
HDHPC,8/7/2022,245.0,248.0,238.1,240.0,-0.37,77554.0,274.0,165.1
HDHPC,8/8/2022,237.1,245.0,236.0,236.5,-1.46,80146.0,274.0,165.1
HDHPC,8/9/2022,241.0,242.0,226.1,227.0,-4.02,84242.0,274.0,165.1
HDHPC,8/10/2022,225.0,234.0,224.0,225.0,-0.88,65558.0,274.0,165.1
HDHPC,8/11/2022,224.0,230.0,224.0,227.0,0.89,55737.0,274.0,165.1
HDHPC,8/14/2022,226.9,228.0,218.0,218.9,-3.57,41504.0,274.0,165.1
HDHPC,8/15/2022,217.0,231.0,215.0,231.0,5.53,146665.0,274.0,165.1
HDHPC,8/16/2022,235.6,236.5,222.5,222.6,-3.64,44691.0,274.0,165.1
HDHPC,8/17/2022,221.0,227.0,221.0,223.0,0.18,20830.0,274.0,165.1
HDHPC,8/18/2022,225.0,232.9,225.0,229.0,2.69,44473.0,274.0,165.1
HDHPC,8/21/2022,232.0,234.0,224.0,225.9,-1.35,26305.0,274.0,165.1
HDHPC,8/22/2022,222.3,243.7,222.0,235.0,4.03,1229219.0,274.0,165.1
HDHPC,8/23/2022,239.7,239.7,229.0,232.0,-1.28,611516.0,274.0,165.1
HDHPC,8/24/2022,233.0,236.0,228.0,228.5,-1.51,43511.0,274.0,165.1
HDHPC,8/25/2022,230.0,231.0,222.5,223.7,-2.1,497112.0,274.0,165.1
HDHPC,8/26/2022,222.7,224.0,215.0,216.0,-3.44,305524.0,274.0,165.1
HDHPC,8/28/2022,220.0,224.0,208.6,210.0,-2.78,192332.0,274.0,165.1
HDHPC,8/29/2022,212.0,212.1,204.1,205.0,-2.38,164458.0,274.0,165.1
HDHPC,8/30/2022,207.0,210.0,203.0,204.0,-0.49,103660.0,274.0,165.1
HDHPC,8/31/2022,205.0,207.0,199.0,201.9,-1.03,128055.0,274.0,165.1
HDHPC,9/1/2022,200.0,204.0,196.5,202.0,0.05,89181.0,274.0,165.1
HDHPC,9/2/2022,203.0,205.0,201.3,201.9,-0.05,42757.0,274.0,165.1
HDHPC,9/4/2022,204.0,206.7,202.1,204.9,1.49,60246.0,274.0,165.1
HDHPC,9/5/2022,206.9,208.9,203.5,203.5,-0.68,38759.0,274.0,165.1
HDHPC,9/6/2022,205.9,205.9,198.2,199.5,-1.97,35569.0,274.0,165.1
HDHPC,9/7/2022,200.0,200.0,195.7,199.0,-0.25,30223.0,274.0,165.1
HDHPC,9/8/2022,196.0,202.9,196.0,200.0,0.5,29721.0,274.0,165.1
HDHPC,9/11/2022,198.0,202.0,194.0,194.9,-2.55,43368.0,274.0,165.1
HDHPC,9/12/2022,194.9,197.0,190.1,192.0,-1.49,49932.0,274.0,165.1
HDHPC,9/13/2022,193.9,196.7,190.8,191.7,-0.16,58320.0,274.0,165.1
HDHPC,9/14/2022,192.0,202.0,191.2,199.1,3.86,123641.0,274.0,165.1
HDHPC,9/15/2022,202.0,202.0,189.2,189.5,-4.82,105363.0,274.0,165.1
HDHPC,9/16/2022,186.0,188.8,179.0,187.9,-0.84,31259.0,274.0,165.1
HDHPC,9/18/2022,185.0,188.7,179.1,179.9,-4.26,56813.0,274.0,165.1
HDHPC,9/20/2022,179.9,182.0,170.0,171.0,-4.95,53854.0,274.0,165.1
HDHPC,9/21/2022,173.8,178.0,172.0,174.9,2.28,35176.0,274.0,165.1
HDHPC,9/22/2022,172.0,176.4,170.0,170.0,-2.8,70621.0,274.0,165.1
HDHPC,9/25/2022,170.0,170.0,162.4,163.7,-3.71,63653.0,274.0,165.1
HDHPC,9/27/2022,166.9,172.3,165.0,170.9,4.4,63427.0,274.0,165.1
HDHPC,9/28/2022,172.0,177.5,170.9,175.0,2.4,42157.0,274.0,165.1
HDHPC,9/29/2022,175.0,176.0,172.6,175.1,0.06,34043.0,274.0,165.1
HDHPC,10/9/2022,176.0,179.9,174.1,178.0,1.66,34323.0,274.0,165.1
HDHPC,10/10/2022,179.0,181.0,173.0,175.8,-1.24,53176.0,274.0,165.1
HDHPC,10/11/2022,175.0,175.0,168.1,171.0,-2.73,26448.0,274.0,165.1
HDHPC,10/12/2022,170.2,175.4,168.5,170.1,-0.53,57286.0,274.0,165.1
HDHPC,10/13/2022,173.0,174.0,170.0,171.2,0.65,54500.0,274.0,165.1
HDHPC,10/16/2022,173.0,173.0,168.9,170.9,-0.18,59263.0,274.0,165.1
HDHPC,10/17/2022,168.0,171.5,167.5,170.0,-0.53,41969.0,274.0,165.1
HDHPC,10/19/2022,168.0,170.0,163.4,164.0,-3.53,42859.0,274.0,165.1
HDHPC,10/20/2022,161.1,165.8,161.0,164.0,0.0,15639.0,274.0,165.1
HDHPC,10/23/2022,166.0,166.4,162.0,164.0,0.0,16647.0,274.0,165.1
HDHPC,10/31/2022,165.0,166.0,161.0,161.2,-1.71,35819.0,274.0,165.1
HDHPC,11/1/2022,162.5,173.0,161.8,172.8,7.2,100268.0,274.0,165.1
HDHPC,11/2/2022,175.0,178.0,170.0,174.0,0.69,79270.0,274.0,165.1
HDHPC,11/3/2022,172.0,176.8,171.0,172.7,-0.75,29157.0,274.0,165.1
HDHPC,11/6/2022,173.0,180.0,165.7,177.0,2.49,394586.0,274.0,165.1
HDHPC,11/7/2022,180.5,187.0,178.5,178.8,1.02,235243.0,274.0,165.1
HDHPC,11/8/2022,175.4,182.3,171.8,178.0,-0.45,166697.0,274.0,165.1
HDHPC,11/9/2022,178.0,181.0,172.0,173.0,-2.81,201924.0,274.0,165.1
HDHPC,11/10/2022,173.0,174.5,168.0,168.0,-2.89,103253.0,274.0,165.1
HDHPC,11/13/2022,168.0,170.0,163.9,165.0,-1.79,34509.0,274.0,165.1
HDHPC,11/14/2022,165.0,170.0,164.0,169.9,2.97,66824.0,274.0,165.1
HDHPC,11/15/2022,171.0,173.0,166.6,167.1,-1.65,83080.0,274.0,165.1
HDHPC,11/16/2022,169.0,173.0,168.2,171.0,2.33,37846.0,274.0,165.1
HDHPC,11/17/2022,173.0,178.0,172.4,176.2,3.04,113111.0,274.0,165.1
HDHPC,11/22/2022,179.7,181.6,172.1,173.5,-1.53,128113.0,274.0,165.1
HDHPC,11/23/2022,175.9,175.9,170.0,172.8,-0.4,52767.0,274.0,165.1
HDHPC,11/24/2022,171.0,175.0,170.4,172.5,-0.17,30558.0,274.0,165.1
HDHPC,11/27/2022,175.9,176.9,172.5,175.9,1.97,92202.0,274.0,165.1
HDHPC,11/28/2022,175.0,178.7,173.6,173.6,-1.31,57284.0,274.0,165.1
HDHPC,11/29/2022,175.0,179.4,172.5,179.4,3.34,90385.0,274.0,165.1
HDHPC,11/30/2022,176.1,182.3,176.1,179.7,0.17,121438.0,274.0,165.1
HDHPC,12/1/2022,179.0,190.3,179.0,187.1,4.12,418242.0,274.0,165.1
HDHPC,12/4/2022,190.8,190.8,184.0,184.9,-1.18,248077.0,274.0,165.1
HDHPC,12/5/2022,181.3,187.9,177.1,178.0,-3.73,159365.0,274.0,165.1
HDHPC,12/6/2022,181.5,181.5,174.6,179.0,0.56,55892.0,274.0,165.1
HDHPC,12/7/2022,182.0,182.0,176.0,177.0,-1.12,53776.0,274.0,165.1
HDHPC,12/11/2022,176.0,176.0,170.5,172.0,-2.82,63160.0,274.0,165.1
HDHPC,12/12/2022,175.4,176.9,170.5,174.0,1.16,58397.0,274.0,165.1
HDHPC,12/13/2022,173.0,174.9,172.1,173.0,-0.57,51032.0,274.0,165.1
HDHPC,12/14/2022,176.0,178.5,172.1,175.0,1.16,67421.0,274.0,165.1
HDHPC,12/15/2022,172.1,176.4,172.1,172.7,-1.31,36738.0,274.0,165.1
HDHPC,12/18/2022,170.0,171.0,166.4,166.8,-3.42,74443.0,274.0,165.1
HDHPC,12/19/2022,165.5,170.0,165.5,170.0,1.92,120059.0,274.0,165.1
HDHPC,12/20/2022,169.1,174.0,169.0,170.2,0.12,34868.0,274.0,165.1
HDHPC,12/21/2022,171.0,172.0,167.0,169.5,-0.41,39734.0,274.0,165.1
HDHPC,12/22/2022,169.0,171.0,166.6,170.0,0.29,141307.0,274.0,165.1
HDHPC,12/26/2022,173.0,180.5,171.0,178.0,4.71,166568.0,274.0,165.1
HDHPC,12/27/2022,180.5,190.6,178.5,186.4,4.72,421993.0,274.0,165.1
HDHPC,12/28/2022,190.1,190.1,180.0,183.0,-1.82,156940.0,274.0,165.1
HDHPC,12/29/2022,185.0,195.0,181.6,195.0,6.56,222448.0,274.0,165.1
HDHPC,1/1/2023,197.0,204.0,191.1,196.5,0.77,312136.0,274.0,165.1
HDHPC,1/2/2023,193.0,202.8,189.2,200.7,2.14,281925.0,274.0,165.1
HDHPC,1/3/2023,203.0,213.0,198.0,210.0,4.63,398206.0,274.0,165.1
HDHPC,1/4/2023,212.0,219.0,207.0,213.0,1.43,393874.0,274.0,165.1
HDHPC,1/5/2023,217.0,223.0,211.8,223.0,4.69,546637.0,274.0,165.1
HDHPC,1/8/2023,223.0,231.4,216.0,227.0,1.79,527185.0,274.0,165.1
HDHPC,1/9/2023,224.0,244.0,223.0,243.9,7.44,441253.0,274.0,165.1
HDHPC,1/10/2023,245.0,264.0,238.5,242.0,-0.78,544129.0,274.0,165.1
HDHPC,1/12/2023,246.8,258.0,230.0,232.0,-4.13,431635.0,274.0,165.1
HDHPC,1/17/2023,236.6,248.8,230.5,246.5,6.25,317343.0,274.0,165.1
HDHPC,1/18/2023,250.0,257.0,245.0,247.0,0.2,383128.0,274.0,165.1
HDHPC,1/19/2023,247.0,254.9,245.3,250.0,1.21,228690.0,274.0,165.1
HDHPC,1/23/2023,255.0,255.0,238.1,240.0,-4.0,196625.0,274.0,165.1
HDHPC,1/24/2023,235.2,245.0,231.0,244.0,1.67,191321.0,274.0,165.1
HDHPC,1/25/2023,239.2,253.0,239.2,251.9,3.24,369247.0,274.0,165.1
HDHPC,1/26/2023,246.9,256.9,246.9,254.0,0.83,226357.0,274.0,165.1
HDHPC,1/29/2023,254.0,255.3,245.2,248.0,-2.36,261267.0,274.0,165.1
HDHPC,1/30/2023,243.1,250.0,237.4,239.6,-3.39,183730.0,274.0,165.1
HDHPC,1/31/2023,238.0,245.0,234.1,239.9,0.13,143844.0,274.0,165.1
HDHPC,2/1/2023,244.6,244.6,236.1,241.0,0.46,66749.0,274.0,165.1
HDHPC,2/2/2023,245.8,245.8,230.1,233.0,-3.32,112690.0,274.0,165.1
HDHPC,2/5/2023,229.1,238.5,229.1,232.9,-0.04,95204.0,274.0,165.1
HDHPC,2/6/2023,233.0,235.0,229.5,232.5,-0.17,51146.0,274.0,165.1
HDHPC,2/7/2023,227.9,247.6,227.9,247.6,6.49,220001.0,274.0,165.1
HDHPC,2/8/2023,250.0,255.9,242.5,244.0,-1.45,255568.0,274.0,165.1
HDHPC,2/9/2023,242.0,249.0,242.0,248.0,1.64,111955.0,274.0,165.1
HDHPC,2/12/2023,243.1,243.1,235.0,236.6,-4.6,156810.0,274.0,165.1
HDHPC,2/14/2023,233.0,239.0,231.3,233.2,-1.44,69910.0,274.0,165.1
HDHPC,2/15/2023,233.0,237.6,229.8,229.8,-1.46,111183.0,274.0,165.1
HDHPC,2/16/2023,230.1,232.5,226.0,227.0,-1.22,100355.0,274.0,165.1
HDHPC,2/20/2023,230.5,231.5,222.4,223.0,-1.76,82582.0,274.0,165.1
HDHPC,2/22/2023,225.0,239.2,225.0,237.0,6.28,118126.0,274.0,165.1
HDHPC,2/23/2023,233.0,235.0,227.0,229.0,-3.38,95679.0,274.0,165.1
HDHPC,2/26/2023,225.0,231.0,216.6,229.0,0.0,114975.0,274.0,165.1
HDHPC,2/27/2023,232.0,232.5,222.0,229.0,0.0,109608.0,274.0,165.1
HDHPC,2/28/2023,227.5,232.5,227.0,228.7,-0.13,55381.0,274.0,165.1
HDHPC,3/1/2023,227.2,230.0,225.0,225.0,-1.62,34596.0,274.0,165.1
HDHPC,3/2/2023,222.1,226.5,219.9,220.0,-2.22,80942.0,274.0,165.1
HDHPC,3/5/2023,216.0,224.0,213.8,213.8,-2.82,82953.0,274.0,165.1
HDHPC,3/7/2023,216.9,220.3,214.0,216.0,1.03,87502.0,274.0,165.1
HDHPC,3/9/2023,219.0,229.0,219.0,228.0,5.56,76327.0,274.0,165.1
HDHPC,3/12/2023,230.1,232.5,220.0,225.0,-1.32,143793.0,274.0,165.1
HDHPC,3/13/2023,225.0,225.0,221.0,223.0,-0.89,37047.0,274.0,165.1
HDHPC,3/14/2023,223.5,227.4,221.0,225.0,0.9,47260.0,274.0,165.1
HDHPC,3/15/2023,228.4,229.0,222.0,224.4,-0.27,38362.0,274.0,165.1
HDHPC,3/16/2023,228.8,228.8,221.1,226.0,0.71,56011.0,274.0,165.1
HDHPC,3/19/2023,228.0,229.0,224.2,224.6,-0.62,49869.0,274.0,165.1
HDHPC,3/20/2023,228.0,231.9,226.0,230.0,2.4,62328.0,274.0,165.1
HDHPC,3/22/2023,231.2,233.4,226.5,228.5,-0.65,75075.0,274.0,165.1
HDHPC,3/23/2023,225.1,228.0,224.5,225.0,-1.53,29315.0,274.0,165.1
HDHPC,3/26/2023,225.0,225.0,220.2,221.5,-1.56,46895.0,274.0,165.1
HDHPC,3/27/2023,219.0,226.3,218.1,224.8,1.49,76550.0,274.0,165.1
HDHPC,3/28/2023,229.2,229.2,222.0,224.0,-0.36,75320.0,274.0,165.1
HDHPC,3/29/2023,219.6,226.9,219.6,222.8,-0.54,49528.0,274.0,165.1
HDHPC,3/30/2023,223.2,224.9,220.0,220.2,-1.17,52320.0,274.0,165.1
HDHPC,4/2/2023,223.6,225.6,217.0,217.0,-1.45,44554.0,274.0,165.1
HDHPC,4/3/2023,219.0,219.0,215.0,215.0,-0.92,67507.0,274.0,165.1
HDHPC,4/4/2023,213.7,218.0,211.0,216.5,0.7,66827.0,274.0,165.1
HDHPC,4/5/2023,216.0,217.5,213.9,217.5,0.46,35730.0,274.0,165.1
HDHPC,4/6/2023,217.5,219.8,213.0,214.0,-1.61,43816.0,274.0,165.1
HDHPC,4/9/2023,210.3,213.0,206.0,208.0,-2.8,69292.0,274.0,165.1
HDHPC,4/10/2023,209.9,211.0,205.0,207.0,-0.48,37850.0,274.0,165.1
HDHPC,4/11/2023,208.0,212.1,206.4,212.0,2.42,77852.0,274.0,165.1
HDHPC,4/12/2023,216.2,227.0,212.1,227.0,7.08,175977.0,274.0,165.1
HDHPC,4/13/2023,227.0,229.4,219.0,220.0,-3.08,121033.0,274.0,165.1
HDHPC,4/16/2023,216.0,222.9,216.0,220.0,0.0,37283.0,274.0,165.1
HDHPC,4/17/2023,220.8,220.8,215.6,215.8,-1.91,32026.0,274.0,165.1
HDHPC,4/18/2023,218.0,218.0,211.0,214.0,-0.83,41101.0,274.0,165.1
HDHPC,4/19/2023,215.0,218.2,214.4,217.3,1.54,39142.0,274.0,165.1
HDHPC,4/20/2023,217.3,220.0,212.0,213.9,-1.56,34127.0,274.0,165.1
HDHPC,4/23/2023,211.5,215.0,211.5,213.0,-0.42,38458.0,274.0,165.1
HDHPC,4/24/2023,212.1,215.5,211.0,213.0,0.0,25929.0,274.0,165.1
HDHPC,4/25/2023,216.0,219.0,214.0,215.0,0.94,98885.0,274.0,165.1
HDHPC,4/26/2023,218.0,218.0,210.0,210.2,-2.23,67964.0,274.0,165.1
HDHPC,4/27/2023,214.4,220.0,212.6,214.8,2.19,121091.0,274.0,165.1
HDHPC,4/30/2023,215.0,217.8,208.2,208.9,-2.75,122770.0,274.0,165.1
HDHPC,5/2/2023,210.1,213.0,204.2,206.2,-1.29,84002.0,274.0,165.1
HDHPC,5/3/2023,208.0,208.0,197.0,199.9,-3.06,114592.0,274.0,165.1
HDHPC,5/4/2023,201.0,204.9,193.1,200.0,0.05,92972.0,274.0,165.1
HDHPC,5/7/2023,203.0,203.0,192.5,192.5,-3.75,67181.0,274.0,165.1
HDHPC,5/8/2023,195.0,195.0,183.1,187.9,-2.39,120806.0,274.0,165.1
HDHPC,5/9/2023,188.0,195.0,185.5,189.5,0.85,365501.0,274.0,165.1
HDHPC,5/10/2023,154.1,166.2,154.1,163.6,-13.67,219552.0,274.0,165.1
HDHPC,5/11/2023,165.0,166.3,156.8,160.0,-2.2,111003.0,274.0,165.1
HDHPC,5/14/2023,161.5,162.0,156.8,158.0,-1.25,61983.0,274.0,165.1
HDHPC,5/15/2023,157.0,164.0,155.0,157.4,-0.38,56637.0,274.0,165.1
HDHPC,5/16/2023,159.0,162.0,158.0,158.8,0.89,45159.0,274.0,165.1
HDHPC,5/17/2023,160.0,162.0,159.0,161.7,1.83,69010.0,274.0,165.1
HDHPC,5/18/2023,160.0,169.5,160.0,169.1,4.58,154667.0,274.0,165.1
HDHPC,5/21/2023,172.4,175.4,168.8,170.6,0.89,187849.0,274.0,165.1
HDHPC,5/22/2023,170.0,171.9,166.5,169.9,-0.41,62732.0,274.0,165.1
HDHPC,5/23/2023,171.8,175.4,170.0,175.0,3.0,94249.0,274.0,165.1
HDHPC,5/24/2023,175.0,180.0,172.1,174.0,-0.57,97370.0,274.0,165.1
HDHPC,5/28/2023,175.5,176.9,169.6,171.2,-1.61,100632.0,274.0,165.1
HDHPC,5/30/2023,174.6,174.6,165.0,166.0,-3.04,126004.0,274.0,165.1
HDHPC,5/31/2023,166.0,168.3,160.0,161.0,-3.01,69951.0,274.0,165.1
HDHPC,6/1/2023,163.0,167.0,159.7,164.0,1.86,77480.0,274.0,165.1
HDHPC,6/4/2023,167.2,176.3,167.0,171.0,4.27,67860.0,274.0,165.1
HDHPC,6/5/2023,172.9,174.0,167.0,167.6,-1.99,63921.0,274.0,165.1
HDHPC,6/6/2023,168.0,169.0,165.0,167.9,0.18,61372.0,274.0,165.1
HDHPC,6/7/2023,169.0,171.2,165.3,166.0,-1.13,86245.0,274.0,165.1
HDHPC,6/8/2023,166.1,168.0,163.0,164.0,-1.2,91765.0,274.0,165.1
HDHPC,6/11/2023,167.0,167.5,164.1,167.0,1.83,92576.0,274.0,165.1
HDHPC,6/12/2023,169.0,169.9,165.0,166.0,-0.6,92163.0,274.0,165.1
HDHPC,6/13/2023,166.0,170.0,165.0,166.3,0.18,159069.0,274.0,165.1
HDHPC,6/14/2023,167.0,174.0,167.0,169.0,1.62,220825.0,274.0,165.1
HDHPC,6/15/2023,171.0,171.0,165.7,167.0,-1.18,76251.0,274.0,165.1
HDHPC,6/18/2023,170.3,170.3,166.9,169.5,1.5,150126.0,274.0,165.1
HDHPC,6/19/2023,171.0,172.3,165.8,166.0,-2.06,121560.0,274.0,165.1
HDHPC,6/20/2023,168.0,169.3,163.7,163.9,-1.27,104304.0,274.0,165.1
HDHPC,6/21/2023,164.0,166.0,160.8,162.0,-1.16,77277.0,274.0,165.1
HDHPC,6/22/2023,164.0,165.2,160.0,160.1,-1.17,78946.0,274.0,165.1
HDHPC,6/25/2023,162.0,163.0,159.0,163.0,1.81,125917.0,274.0,165.1
HDHPC,6/26/2023,166.0,168.0,163.0,163.9,0.55,97597.0,274.0,165.1
HDHPC,6/27/2023,164.0,166.6,163.0,166.1,1.34,89179.0,274.0,165.1
HDHPC,6/28/2023,167.0,169.4,163.0,163.0,-1.87,84492.0,274.0,165.1
HDHPC,7/2/2023,162.0,164.0,155.0,158.0,-3.07,123446.0,274.0,165.1
HDHPC,7/3/2023,156.0,159.0,151.0,153.0,-3.16,122674.0,274.0,165.1
HDHPC,7/4/2023,150.5,153.0,150.0,151.0,-1.31,131384.0,274.0,165.1
HDHPC,7/5/2023,153.9,156.0,148.0,148.9,-1.39,83136.0,274.0,165.1
HDHPC,7/6/2023,150.0,150.0,144.9,147.9,-0.67,82863.0,274.0,165.1
HDHPC,7/9/2023,149.0,151.0,144.0,144.0,-2.64,137236.0,274.0,165.1
HDHPC,7/10/2023,145.0,149.7,144.6,145.0,0.69,55734.0,274.0,165.1
HDHPC,7/11/2023,142.1,150.0,142.1,147.0,1.38,54955.0,274.0,165.1
HDHPC,7/12/2023,149.8,159.9,147.1,159.0,8.16,107724.0,274.0,165.1
HDHPC,7/13/2023,161.0,164.0,153.0,153.9,-3.21,113729.0,274.0,165.1
HDHPC,7/16/2023,156.9,156.9,150.0,152.0,-1.23,36334.0,274.0,165.1
HDHPC,7/17/2023,152.0,156.0,149.0,155.0,1.97,39357.0,274.0,165.1
HDHPC,7/18/2023,156.9,157.0,153.0,153.6,-0.9,36086.0,274.0,165.1
HDHPC,7/19/2023,153.0,153.0,150.1,150.5,-2.02,60610.0,274.0,165.1
HDHPC,7/20/2023,152.0,156.5,151.1,153.9,2.26,65551.0,274.0,165.1
HDHPC,7/23/2023,155.0,158.0,154.0,156.8,1.88,72874.0,274.0,165.1
HDHPC,7/24/2023,159.9,159.9,154.1,156.9,0.06,103921.0,274.0,165.1
HDHPC,7/25/2023,155.0,156.8,153.1,154.1,-1.78,44170.0,274.0,165.1
HDHPC,7/26/2023,156.0,157.1,152.0,152.7,-0.91,40821.0,274.0,165.1
HDHPC,7/27/2023,154.0,154.0,150.1,150.1,-1.7,42760.0,274.0,165.1
HDHPC,7/30/2023,150.1,152.8,146.6,148.7,-0.93,71504.0,274.0,165.1
HDHPC,7/31/2023,150.0,151.0,148.0,148.0,-0.47,16998.0,274.0,165.1
HDHPC,8/1/2023,149.0,150.4,145.0,145.3,-1.82,39345.0,274.0,165.1
HDHPC,8/2/2023,146.0,147.0,143.0,145.6,0.21,44937.0,274.0,165.1
HDHPC,8/3/2023,146.0,148.0,144.0,144.0,-1.1,44890.0,274.0,165.1
HDHPC,8/6/2023,144.9,145.0,142.0,142.5,-1.04,27145.0,274.0,165.1
HDHPC,8/7/2023,144.0,144.9,140.0,140.0,-1.75,40154.0,274.0,165.1
HDHPC,8/8/2023,140.9,142.7,137.8,139.0,-0.71,40415.0,274.0,165.1
HDHPC,8/9/2023,139.0,142.4,136.3,142.4,2.45,34669.0,274.0,165.1
HDHPC,8/10/2023,142.4,143.8,139.5,141.4,-0.7,26395.0,274.0,165.1
HDHPC,8/13/2023,143.0,144.0,139.0,140.0,-0.99,26764.0,274.0,165.1
HDHPC,8/14/2023,141.8,141.8,137.5,138.9,-0.79,43804.0,274.0,165.1
HDHPC,8/15/2023,140.0,140.0,136.3,137.0,-1.37,33014.0,274.0,165.1
HDHPC,8/16/2023,136.2,138.7,136.0,138.0,0.73,38323.0,274.0,165.1
HDHPC,8/17/2023,138.0,139.6,136.5,136.6,-1.01,19991.0,274.0,165.1
HDHPC,8/20/2023,137.0,137.8,134.0,135.6,-0.73,20361.0,274.0,165.1
HDHPC,8/21/2023,135.6,135.6,128.4,132.5,-2.29,65769.0,274.0,165.1
HDHPC,8/22/2023,132.5,134.0,130.0,133.9,1.06,21809.0,274.0,165.1
HDHPC,8/23/2023,135.0,140.0,133.2,140.0,4.56,56063.0,274.0,165.1
HDHPC,8/24/2023,142.8,142.8,135.0,136.9,-2.21,39902.0,274.0,165.1
HDHPC,8/27/2023,135.0,138.0,133.0,133.2,-2.7,22761.0,274.0,165.1
HDHPC,8/28/2023,134.0,139.3,132.0,137.0,2.85,21176.0,274.0,165.1
HDHPC,8/29/2023,138.0,138.0,134.5,135.3,-1.24,8677.0,274.0,165.1
HDHPC,8/30/2023,137.0,138.0,135.0,136.0,0.52,30262.0,274.0,165.1
HDHPC,9/3/2023,136.0,136.0,130.8,133.0,-2.21,27507.0,274.0,165.1
HDHPC,9/4/2023,134.0,135.0,131.0,131.2,-1.35,19991.0,274.0,165.1
HDHPC,9/5/2023,132.0,133.0,130.0,130.0,-0.91,21200.0,274.0,165.1
HDHPC,9/7/2023,130.0,131.0,127.7,128.0,-1.54,37441.0,274.0,165.1
HDHPC,9/10/2023,125.5,125.5,116.0,118.0,-7.81,714759.0,274.0,165.1
HDHPC,9/11/2023,119.0,122.0,118.0,120.8,2.37,238766.0,274.0,165.1
HDHPC,9/12/2023,121.9,123.0,116.4,117.1,-3.06,134400.0,274.0,165.1
HDHPC,9/13/2023,118.0,123.0,117.0,122.7,4.78,239089.0,274.0,165.1
HDHPC,9/17/2023,120.5,122.6,117.7,118.0,-3.83,215964.0,274.0,165.1
HDHPC,9/18/2023,120.0,120.0,117.0,118.0,0.0,132290.0,274.0,165.1
HDHPC,9/19/2023,120.3,121.8,116.1,121.0,2.54,201015.0,274.0,165.1
HDHPC,9/21/2023,123.0,133.1,123.0,133.1,10.0,729232.0,274.0,165.1
HDHPC,9/24/2023,134.0,140.0,128.0,132.0,-0.83,571460.0,274.0,165.1
HDHPC,9/25/2023,133.0,135.2,129.5,132.9,0.68,257994.0,274.0,165.1
HDHPC,9/26/2023,133.0,140.0,133.0,138.9,4.51,414850.0,274.0,165.1
HDHPC,9/27/2023,141.0,141.0,134.0,135.5,-2.45,305260.0,274.0,165.1
HDHPC,10/1/2023,137.0,138.2,130.3,131.0,-3.32,215100.0,274.0,165.1
HDHPC,10/2/2023,133.5,133.9,128.0,131.6,0.46,194384.0,274.0,165.1
HDHPC,10/3/2023,133.0,133.7,130.5,131.0,-0.46,78751.0,274.0,165.1
HDHPC,10/4/2023,132.0,134.6,131.0,132.3,0.99,167236.0,274.0,165.1
HDHPC,10/5/2023,130.0,136.0,130.0,131.0,-0.98,148885.0,274.0,165.1
HDHPC,10/8/2023,133.6,133.6,127.7,128.0,-2.29,167235.0,274.0,165.1
HDHPC,10/9/2023,127.7,131.0,126.0,128.0,0.0,109338.0,274.0,165.1
HDHPC,10/10/2023,129.5,129.5,125.0,126.0,-1.56,109348.0,274.0,165.1
HDHPC,10/11/2023,124.1,127.2,123.0,124.0,-1.59,166729.0,274.0,165.1
HDHPC,10/12/2023,125.0,126.4,121.4,121.6,-1.94,165426.0,274.0,165.1
HDHPC,10/16/2023,121.7,123.0,119.0,120.0,-1.32,129605.0,274.0,165.1
HDHPC,10/17/2023,122.4,126.0,121.0,122.0,1.67,90468.0,274.0,165.1
HDHPC,10/18/2023,123.0,126.5,123.0,124.2,1.8,86485.0,274.0,165.1
HDHPC,10/19/2023,125.0,125.9,121.9,122.8,-1.13,99133.0,274.0,165.1
HDHPC,10/29/2023,124.0,124.0,120.0,120.8,-1.63,67704.0,274.0,165.1
HDHPC,10/30/2023,120.1,123.4,120.0,123.0,1.82,73088.0,274.0,165.1
HDHPC,10/31/2023,120.8,124.0,120.8,122.0,-0.81,110820.0,274.0,165.1
HDHPC,11/1/2023,123.7,123.7,120.7,121.0,-0.82,27383.0,274.0,165.1
HDHPC,11/2/2023,120.2,122.0,120.0,121.9,0.74,66998.0,274.0,165.1
HDHPC,11/5/2023,120.0,122.0,119.4,120.5,-1.15,50118.0,274.0,165.1
HDHPC,11/6/2023,121.9,122.0,119.5,122.0,1.24,51157.0,274.0,165.1
HDHPC,11/7/2023,123.0,124.0,120.0,120.0,-1.64,51811.0,274.0,165.1
HDHPC,11/8/2023,121.4,123.0,119.6,121.0,0.83,72507.0,274.0,165.1
HDHPC,11/9/2023,120.0,121.3,119.0,120.0,-0.83,74251.0,274.0,165.1
HDHPC,11/20/2023,121.0,123.4,120.0,120.8,0.67,63733.0,274.0,165.1
HDHPC,11/21/2023,121.9,121.9,118.0,118.5,-1.9,52648.0,274.0,165.1
HDHPC,11/22/2023,118.0,120.2,118.0,118.6,0.08,63273.0,274.0,165.1
HDHPC,11/23/2023,119.0,124.1,118.5,122.7,3.46,114453.0,274.0,165.1
HDHPC,11/26/2023,122.7,128.5,122.0,128.0,4.32,183301.0,274.0,165.1
HDHPC,11/27/2023,126.0,130.7,122.7,124.0,-3.12,234606.0,274.0,165.1
HDHPC,11/28/2023,125.0,126.4,122.5,123.0,-0.81,86699.0,274.0,165.1
HDHPC,11/29/2023,122.0,124.0,121.0,121.6,-1.14,135179.0,274.0,165.1
HDHPC,11/30/2023,121.6,123.0,119.6,121.2,-0.33,80259.0,274.0,165.1
HDHPC,12/3/2023,122.5,122.5,119.2,122.0,0.66,125792.0,274.0,165.1
HDHPC,12/4/2023,122.0,123.5,121.0,122.0,0.0,162678.0,274.0,165.1
HDHPC,12/5/2023,123.0,123.9,120.6,122.5,0.41,72985.0,274.0,165.1
HDHPC,12/6/2023,121.7,123.7,120.7,121.5,-0.82,54841.0,274.0,165.1
HDHPC,12/7/2023,122.0,124.0,121.1,123.3,1.48,187062.0,274.0,165.1
HDHPC,12/10/2023,124.0,133.5,124.0,133.5,8.27,48653.0,274.0,165.1
HDHPC,12/11/2023,136.0,136.0,125.1,129.0,-3.37,552798.0,274.0,165.1
HDHPC,12/12/2023,130.0,133.0,128.6,130.2,0.93,273831.0,274.0,165.1
HDHPC,12/13/2023,132.8,135.6,130.6,132.0,1.38,497210.0,274.0,165.1
HDHPC,12/14/2023,133.0,134.8,131.0,133.2,0.91,399913.0,274.0,165.1
HDHPC,12/17/2023,130.6,146.5,130.6,146.0,9.61,1780635.0,274.0,165.1
HDHPC,12/18/2023,148.9,157.4,148.0,149.1,2.12,1715578.0,274.0,165.1
HDHPC,12/19/2023,152.0,155.0,147.0,153.0,2.62,848384.0,274.0,165.1
HDHPC,12/20/2023,153.0,160.0,149.1,156.0,1.96,1164559.0,274.0,165.1
HDHPC,12/21/2023,156.0,159.1,151.0,153.8,-1.41,696629.0,274.0,165.1
HDHPC,12/24/2023,156.8,156.8,144.5,146.0,-5.07,666643.0,274.0,165.1
HDHPC,12/27/2023,148.0,153.0,140.4,140.9,-3.49,507775.0,274.0,165.1
HDHPC,12/28/2023,142.0,145.5,139.7,142.6,1.21,413154.0,274.0,165.1
HDHPC,1/1/2024,143.0,146.7,139.9,144.0,0.98,381860.0,274.0,165.1
HDHPC,1/2/2024,142.4,145.0,141.0,142.1,-1.32,417088.0,274.0,165.1
HDHPC,1/3/2024,144.4,149.0,142.5,148.0,4.15,408204.0,274.0,165.1
HDHPC,1/4/2024,149.0,154.0,147.0,147.1,-0.61,616055.0,274.0,165.1
HDHPC,1/7/2024,149.0,153.0,143.6,144.0,-2.11,401311.0,274.0,165.1
HDHPC,1/8/2024,145.0,149.0,143.5,144.2,0.14,302582.0,274.0,165.1
HDHPC,1/9/2024,145.0,148.5,143.0,143.1,-0.76,429769.0,274.0,165.1
HDHPC,1/10/2024,144.0,145.9,140.7,142.4,-0.49,273791.0,274.0,165.1
HDHPC,1/11/2024,145.2,145.2,141.0,143.0,0.42,233831.0,274.0,165.1
HDHPC,1/14/2024,144.0,149.4,143.6,147.0,2.8,390116.0,274.0,165.1
HDHPC,1/16/2024,149.9,157.0,148.0,154.5,5.1,1150134.0,274.0,165.1
HDHPC,1/17/2024,156.0,159.7,150.1,151.0,-2.27,928140.0,274.0,165.1
HDHPC,1/18/2024,151.0,155.5,148.0,153.5,1.66,545403.0,274.0,165.1
HDHPC,1/21/2024,153.5,163.3,151.2,157.8,2.8,1436151.0,274.0,165.1
HDHPC,1/22/2024,160.9,164.4,156.0,157.8,0.0,733949.0,274.0,165.1
HDHPC,1/23/2024,160.9,160.9,155.2,156.1,-1.08,335708.0,274.0,165.1
HDHPC,1/24/2024,158.0,160.9,152.2,153.0,-1.99,366210.0,274.0,165.1
HDHPC,1/25/2024,153.0,157.0,151.0,152.0,-0.65,344454.0,274.0,165.1
HDHPC,1/28/2024,153.0,155.0,150.1,153.3,0.86,298902.0,274.0,165.1
HDHPC,1/29/2024,156.3,156.3,153.0,154.1,0.52,324949.0,274.0,165.1
HDHPC,1/30/2024,155.9,156.9,153.0,153.5,-0.39,261661.0,274.0,165.1
HDHPC,1/31/2024,155.0,155.4,150.1,151.0,-1.63,285546.0,274.0,165.1
HDHPC,2/1/2024,151.7,151.9,147.0,147.1,-2.58,343222.0,274.0,165.1
HDHPC,2/4/2024,148.1,150.9,145.4,146.0,-0.75,182310.0,274.0,165.1
HDHPC,2/5/2024,148.1,150.0,145.1,146.6,0.41,169090.0,274.0,165.1
HDHPC,2/6/2024,148.0,150.8,147.0,148.5,1.3,103062.0,274.0,165.1
HDHPC,2/7/2024,150.0,151.4,148.2,148.9,0.27,124207.0,274.0,165.1
HDHPC,2/8/2024,148.0,150.9,148.0,148.4,-0.34,114227.0,274.0,165.1
HDHPC,2/11/2024,150.0,153.9,148.0,149.0,0.4,160057.0,274.0,165.1
HDHPC,2/12/2024,150.8,151.9,147.7,149.3,0.2,119922.0,274.0,165.1
HDHPC,2/13/2024,150.0,150.9,146.0,147.4,-1.27,240120.0,274.0,165.1
HDHPC,2/14/2024,147.5,148.0,146.0,146.7,-0.47,117953.0,274.0,165.1
HDHPC,2/15/2024,149.0,149.4,145.2,145.6,-0.75,184950.0,274.0,165.1
HDHPC,2/18/2024,147.0,147.0,142.5,144.0,-1.1,217754.0,274.0,165.1
HDHPC,2/20/2024,145.0,146.8,143.0,144.0,0.0,156631.0,274.0,165.1
HDHPC,2/21/2024,145.9,146.0,141.2,141.2,-1.94,90474.0,274.0,165.1
HDHPC,2/22/2024,141.2,143.5,139.0,140.0,-0.85,177116.0,274.0,165.1
HDHPC,2/25/2024,140.1,142.0,137.3,137.8,-1.57,149879.0,274.0,165.1
HDHPC,2/26/2024,138.0,140.5,136.2,138.0,0.15,123028.0,274.0,165.1
HDHPC,2/27/2024,139.0,141.0,138.1,139.2,0.87,81828.0,274.0,165.1
HDHPC,2/28/2024,139.0,142.0,138.8,139.0,-0.14,84636.0,274.0,165.1
HDHPC,2/29/2024,139.0,140.0,135.0,135.1,-2.81,157306.0,274.0,165.1
HDHPC,3/3/2024,137.0,138.1,135.0,136.5,1.04,84066.0,274.0,165.1
HDHPC,3/4/2024,139.2,150.1,139.2,150.0,9.89,19601.0,274.0,165.1
HDHPC,3/5/2024,150.0,152.9,141.0,143.5,-4.33,269931.0,274.0,165.1
HDHPC,3/6/2024,144.0,146.0,139.2,142.8,-0.49,139035.0,274.0,165.1
HDHPC,3/7/2024,144.0,146.6,142.2,142.4,-0.28,81314.0,274.0,165.1
HDHPC,3/10/2024,144.0,146.8,142.0,143.0,0.42,92812.0,274.0,165.1
HDHPC,3/12/2024,145.8,148.9,144.0,145.6,1.82,115533.0,274.0,165.1
HDHPC,3/13/2024,147.0,149.0,144.5,145.8,0.14,87201.0,274.0,165.1
HDHPC,3/14/2024,145.0,147.9,143.0,144.3,-1.03,91044.0,274.0,165.1
HDHPC,3/17/2024,147.1,147.1,142.0,142.6,-1.18,89838.0,274.0,165.1
HDHPC,3/18/2024,145.4,145.4,141.0,141.9,-0.49,86704.0,274.0,165.1
HDHPC,3/19/2024,143.0,144.3,139.4,140.5,-0.99,132495.0,274.0,165.1
HDHPC,3/20/2024,142.9,142.9,139.7,140.0,-0.36,108028.0,274.0,165.1
HDHPC,3/21/2024,140.1,141.7,138.5,138.8,-0.86,74232.0,274.0,165.1
HDHPC,3/25/2024,141.5,141.5,137.4,137.7,-0.79,57724.0,274.0,165.1
HDHPC,3/26/2024,138.0,139.9,136.8,138.5,0.58,60276.0,274.0,165.1
HDHPC,3/27/2024,138.5,139.9,137.0,137.0,-1.08,58402.0,274.0,165.1
HDHPC,3/28/2024,138.0,138.0,134.5,136.2,-0.58,187474.0,274.0,165.1
HDHPC,3/31/2024,137.7,137.7,135.0,135.7,-0.37,69755.0,274.0,165.1
HDHPC,4/1/2024,136.0,136.9,134.0,134.5,-0.88,73447.0,274.0,165.1
HDHPC,4/2/2024,136.0,136.1,133.0,133.0,-1.12,78860.0,274.0,165.1
HDHPC,4/3/2024,134.9,135.1,132.5,133.1,0.08,60814.0,274.0,165.1
HDHPC,4/4/2024,135.0,135.0,132.4,133.9,0.6,70870.0,274.0,165.1
HDHPC,4/7/2024,136.5,136.5,132.7,135.0,0.82,72489.0,274.0,165.1
HDHPC,4/9/2024,135.0,137.8,135.0,135.2,0.15,112635.0,274.0,165.1
HDHPC,4/10/2024,137.0,137.9,134.1,135.0,-0.15,79490.0,274.0,165.1
HDHPC,4/14/2024,136.0,136.1,133.0,133.6,-1.04,99000.0,274.0,165.1
HDHPC,4/15/2024,131.1,135.0,131.1,132.2,-1.05,53595.0,274.0,165.1
HDHPC,4/16/2024,131.2,133.0,130.5,130.8,-1.06,66249.0,274.0,165.1
HDHPC,4/18/2024,129.2,132.9,129.2,130.0,-0.61,51942.0,274.0,165.1
HDHPC,4/21/2024,132.5,132.5,128.8,130.5,0.38,60893.0,274.0,165.1
HDHPC,4/22/2024,133.0,135.0,130.0,131.5,0.77,67918.0,274.0,165.1
HDHPC,4/24/2024,132.8,132.8,129.5,130.2,-0.99,49379.0,274.0,165.1
HDHPC,4/25/2024,129.4,132.0,129.1,129.1,-0.84,79496.0,274.0,165.1
HDHPC,4/28/2024,131.0,132.0,129.6,130.0,0.7,86818.0,274.0,165.1
HDHPC,4/29/2024,131.1,131.9,130.0,130.0,0.0,33335.0,274.0,165.1
HDHPC,4/30/2024,129.0,141.5,129.0,133.1,2.38,118820.0,274.0,165.1
HDHPC,5/2/2024,135.0,135.0,132.0,132.1,-0.75,77490.0,274.0,165.1
HDHPC,5/5/2024,129.8,134.0,129.1,130.1,-1.51,65567.0,274.0,165.1
HDHPC,5/6/2024,127.5,132.5,127.5,130.0,-0.08,45870.0,274.0,165.1
HDHPC,5/7/2024,132.6,132.6,129.5,130.0,0.0,33161.0,274.0,165.1
HDHPC,5/8/2024,132.0,132.0,128.5,129.5,-0.38,53327.0,274.0,165.1
HDHPC,5/9/2024,132.0,132.0,128.0,130.9,1.08,58107.0,274.0,165.1
HDHPC,5/12/2024,132.0,132.0,129.0,131.0,0.08,64116.0,274.0,165.1
HDHPC,5/13/2024,128.5,132.8,128.5,131.5,0.38,61139.0,274.0,165.1
HDHPC,5/14/2024,133.1,134.5,131.2,133.6,1.6,81367.0,274.0,165.1
HDHPC,5/15/2024,135.0,137.0,133.0,133.1,-0.37,80808.0,274.0,165.1
HDHPC,5/16/2024,133.5,134.2,131.3,133.4,0.23,51010.0,274.0,165.1
HDHPC,5/19/2024,136.0,136.0,132.3,133.0,-0.3,73495.0,274.0,165.1
HDHPC,5/20/2024,133.0,137.4,133.0,134.2,0.9,89907.0,274.0,165.1
HDHPC,5/21/2024,134.5,136.0,132.0,135.0,0.6,96640.0,274.0,165.1
HDHPC,5/22/2024,137.0,137.0,133.0,133.6,-1.04,121239.0,274.0,165.1
HDHPC,5/26/2024,135.6,135.6,132.0,132.0,-1.2,66848.0,274.0,165.1
HDHPC,5/27/2024,133.9,134.5,131.9,132.9,0.68,78181.0,274.0,165.1
HDHPC,5/29/2024,135.5,136.0,130.1,130.5,-1.81,100615.0,274.0,165.1
HDHPC,5/30/2024,133.1,133.1,129.8,130.2,-0.23,118272.0,274.0,165.1
HDHPC,6/2/2024,130.0,132.5,130.0,130.4,0.15,47833.0,274.0,165.1
HDHPC,6/3/2024,129.1,131.4,129.1,129.8,-0.46,84281.0,274.0,165.1
HDHPC,6/4/2024,131.8,131.8,128.5,129.0,-0.62,87451.0,274.0,165.1
HDHPC,6/5/2024,126.5,130.5,126.5,128.7,-0.23,94671.0,274.0,165.1
HDHPC,6/6/2024,129.0,129.5,127.0,127.8,-0.7,83147.0,274.0,165.1
HDHPC,6/9/2024,129.7,130.0,126.5,127.7,-0.08,66898.0,274.0,165.1
HDHPC,6/10/2024,126.5,131.3,126.5,130.4,2.11,143999.0,274.0,165.1
HDHPC,6/11/2024,132.0,133.5,130.0,132.0,1.23,127953.0,274.0,165.1
HDHPC,6/12/2024,134.0,134.0,131.6,132.5,0.38,81407.0,274.0,165.1
HDHPC,6/13/2024,132.5,132.5,129.1,129.1,-2.57,79683.0,274.0,165.1
HDHPC,6/16/2024,130.9,134.4,127.5,132.0,2.25,212187.0,274.0,165.1
HDHPC,6/18/2024,130.1,132.5,130.0,130.0,-1.52,65516.0,274.0,165.1
HDHPC,6/19/2024,131.7,131.7,129.3,129.5,-0.38,36215.0,274.0,165.1
HDHPC,6/20/2024,129.5,130.0,128.0,128.1,-1.08,114673.0,274.0,165.1
HDHPC,6/23/2024,128.0,129.8,127.3,127.9,-0.16,72538.0,274.0,165.1
HDHPC,6/24/2024,129.7,129.7,127.0,127.9,0.0,87198.0,274.0,165.1
HDHPC,6/25/2024,127.2,129.5,127.2,127.9,0.0,53977.0,274.0,165.1
HDHPC,6/26/2024,129.3,129.3,127.0,127.0,-0.7,54796.0,274.0,165.1
HDHPC,6/27/2024,128.3,128.3,125.8,125.8,-0.94,73174.0,274.0,165.1
HDHPC,6/30/2024,123.3,128.0,123.3,124.8,-0.79,66139.0,274.0,165.1
HDHPC,7/1/2024,125.0,126.4,123.9,125.0,0.16,69351.0,274.0,165.1
HDHPC,7/2/2024,127.5,137.0,127.5,131.5,5.2,258025.0,274.0,165.1
HDHPC,7/3/2024,134.1,134.1,129.0,130.3,-0.91,78093.0,274.0,165.1
HDHPC,7/4/2024,131.0,132.0,129.0,130.0,-0.23,88650.0,274.0,165.1
HDHPC,7/7/2024,130.0,131.3,129.0,130.8,0.62,104232.0,274.0,165.1
HDHPC,7/8/2024,130.1,131.9,129.7,130.1,-0.54,67611.0,274.0,165.1
HDHPC,7/9/2024,130.1,131.9,128.0,130.0,-0.08,84322.0,274.0,165.1
HDHPC,7/10/2024,130.5,131.6,130.1,131.1,0.85,77845.0,274.0,165.1
HDHPC,7/11/2024,132.9,133.7,131.5,132.9,1.37,156549.0,274.0,165.1
HDHPC,7/14/2024,135.5,146.1,135.5,146.1,9.93,523297.0,274.0,165.1
HDHPC,7/15/2024,149.0,158.0,147.2,149.0,1.98,747260.0,274.0,165.1
HDHPC,7/16/2024,151.9,160.0,147.1,159.9,7.32,810209.0,274.0,165.1
HDHPC,7/17/2024,162.0,167.0,158.0,166.6,4.19,1229884.0,274.0,165.1
HDHPC,7/18/2024,169.9,171.0,163.6,166.2,-0.24,868353.0,274.0,165.1
HDHPC,7/21/2024,163.0,172.3,162.0,166.2,0.0,873502.0,274.0,165.1
HDHPC,7/22/2024,168.0,171.0,161.7,168.9,1.62,637091.0,274.0,165.1
HDHPC,7/23/2024,168.9,182.0,167.0,182.0,7.76,1071826.0,274.0,165.1
HDHPC,7/24/2024,185.5,193.0,179.7,185.0,1.65,1234364.0,274.0,165.1
HDHPC,7/25/2024,185.0,190.0,180.0,184.6,-0.22,615615.0,274.0,165.1
HDHPC,7/28/2024,188.0,200.9,182.3,186.0,0.76,687623.0,274.0,165.1
HDHPC,7/29/2024,187.1,191.0,183.0,184.5,-0.81,653454.0,274.0,165.1
HDHPC,7/30/2024,188.1,188.1,179.2,185.0,0.27,699870.0,274.0,165.1
HDHPC,7/31/2024,187.0,197.5,185.0,192.0,3.78,1123010.0,274.0,165.1
HDHPC,8/1/2024,195.8,197.0,189.0,190.3,-0.89,863508.0,274.0,165.1
HDHPC,8/5/2024,194.1,196.5,188.0,191.0,0.37,753037.0,274.0,165.1
HDHPC,8/6/2024,194.8,194.8,177.3,177.5,-7.07,823872.0,274.0,165.1
HDHPC,8/7/2024,177.0,189.5,174.0,188.0,5.92,611083.0,274.0,165.1
HDHPC,8/8/2024,189.0,194.0,184.0,184.8,-1.7,655414.0,274.0,165.1
HDHPC,8/11/2024,185.0,203.2,184.0,203.2,9.96,2037542.0,274.0,165.1
HDHPC,8/12/2024,207.2,223.5,207.2,223.5,9.99,1725865.0,274.0,165.1
HDHPC,8/13/2024,227.9,241.5,227.9,237.2,6.13,1428652.0,274.0,165.1
HDHPC,8/14/2024,241.0,260.0,227.0,249.9,5.35,1338673.0,274.0,165.1
HDHPC,8/15/2024,254.0,273.0,250.0,265.1,6.08,1457144.0,274.0,165.1
HDHPC,8/18/2024,265.5,267.4,248.0,251.0,-5.32,1505717.0,274.0,165.1
HDHPC,8/21/2024,251.0,260.0,242.0,243.5,-2.99,928790.0,274.0,165.1
HDHPC,8/22/2024,247.0,252.0,237.0,248.0,1.85,876328.0,274.0,165.1
HDHPC,8/25/2024,250.0,253.0,233.4,235.0,-5.24,751220.0,274.0,165.1
HDHPC,8/27/2024,230.3,239.0,215.1,220.0,-6.38,1195311.0,274.0,165.1
HDHPC,8/28/2024,221.4,241.5,215.6,228.5,3.86,1018970.0,274.0,165.1
HDHPC,8/29/2024,233.0,233.4,222.5,225.0,-1.53,499827.0,274.0,165.1
HDHPC,9/1/2024,228.0,228.0,213.7,217.0,-3.56,672268.0,274.0,165.1
HDHPC,9/2/2024,217.0,237.0,213.0,236.0,8.76,831403.0,274.0,165.1
HDHPC,9/3/2024,240.0,249.2,236.0,240.0,1.69,712129.0,274.0,165.1
HDHPC,9/4/2024,242.0,243.7,225.9,226.9,-5.46,537217.0,274.0,165.1
HDHPC,9/5/2024,228.0,231.0,219.0,223.5,-1.5,514724.0,274.0,165.1
HDHPC,9/8/2024,227.9,229.0,220.0,220.1,-1.52,331410.0,274.0,165.1
HDHPC,9/9/2024,224.0,225.0,214.0,215.5,-2.09,371016.0,274.0,165.1
HDHPC,9/10/2024,217.8,222.0,210.7,212.8,-1.25,287990.0,274.0,165.1
HDHPC,9/11/2024,212.0,216.0,203.2,205.5,-3.43,415019.0,274.0,165.1
HDHPC,9/12/2024,205.5,221.0,203.0,217.0,5.6,468829.0,274.0,165.1
HDHPC,9/15/2024,221.1,225.8,210.5,213.0,-1.84,515198.0,274.0,165.1
HDHPC,9/16/2024,210.6,214.0,205.0,207.0,-2.82,303563.0,274.0,165.1
HDHPC,9/18/2024,209.0,210.0,203.1,205.0,-0.97,234379.0,274.0,165.1
HDHPC,9/22/2024,209.1,221.3,205.0,210.0,2.44,250627.0,274.0,165.1
HDHPC,9/23/2024,210.0,210.0,201.0,203.0,-3.33,261283.0,274.0,165.1
HDHPC,9/24/2024,201.0,206.0,192.0,193.3,-4.78,372258.0,274.0,165.1
HDHPC,9/25/2024,194.0,199.8,187.0,198.0,2.43,289154.0,274.0,165.1
HDHPC,9/26/2024,198.0,202.9,190.1,191.6,-3.23,211850.0,274.0,165.1
HDHPC,9/29/2024,187.8,190.7,185.0,186.0,-2.92,217500.0,274.0,165.1
HDHPC,9/30/2024,185.0,191.0,184.0,190.2,2.26,207399.0,274.0,165.1
HDHPC,10/1/2024,193.0,209.2,192.0,209.2,9.99,483372.0,274.0,165.1
HDHPC,10/2/2024,213.0,218.0,206.0,207.3,-0.91,398345.0,274.0,165.1
HDHPC,10/6/2024,209.0,214.5,201.5,213.1,2.8,233482.0,274.0,165.1
HDHPC,10/7/2024,216.0,221.9,215.0,217.0,1.83,253225.0,274.0,165.1
HDHPC,10/8/2024,218.6,218.6,210.0,212.7,-1.98,109785.0,274.0,165.1
HDHPC,10/9/2024,213.9,215.0,209.0,212.1,-0.28,124306.0,274.0,165.1
HDHPC,10/15/2024,215.0,218.0,212.2,216.8,2.22,78953.0,274.0,165.1
HDHPC,10/16/2024,221.1,226.0,217.5,222.0,2.4,288601.0,274.0,165.1
HDHPC,10/17/2024,224.0,227.0,218.6,218.9,-1.4,302277.0,274.0,165.1
HDHPC,10/20/2024,215.0,222.7,209.0,212.5,-2.92,355249.0,274.0,165.1
HDHPC,10/21/2024,212.0,215.0,205.2,210.0,-1.18,321122.0,274.0,165.1
HDHPC,10/22/2024,206.0,214.0,206.0,212.9,1.38,206319.0,274.0,165.1
HDHPC,10/23/2024,215.9,216.0,208.7,208.8,-1.93,130905.0,274.0,165.1
HDHPC,10/24/2024,206.1,211.0,206.1,207.9,-0.43,118184.0,274.0,165.1
HDHPC,10/27/2024,210.0,211.0,205.0,207.7,-0.1,102852.0,274.0,165.1
HDHPC,10/28/2024,203.6,212.8,203.6,211.5,1.83,114406.0,274.0,165.1
HDHPC,10/29/2024,214.0,216.9,213.5,216.0,2.13,209329.0,274.0,165.1
HDHPC,10/30/2024,220.0,220.0,214.0,214.1,-0.88,134341.0,274.0,165.1
HDHPC,11/5/2024,213.0,216.2,212.3,213.4,-0.33,75834.0,274.0,165.1
HDHPC,11/6/2024,213.5,216.0,211.3,213.0,-0.19,93688.0,274.0,165.1
HDHPC,11/10/2024,215.0,224.0,214.0,222.0,4.23,347949.0,274.0,165.1
HDHPC,11/11/2024,225.0,228.8,217.6,221.9,-0.05,352726.0,274.0,165.1
HDHPC,11/12/2024,220.0,225.0,217.7,218.0,-1.76,133631.0,274.0,165.1
HDHPC,11/13/2024,219.0,219.5,214.0,214.9,-1.42,126478.0,274.0,165.1
HDHPC,11/14/2024,215.0,219.7,214.0,216.0,0.51,210916.0,274.0,165.1
HDHPC,11/17/2024,220.3,224.7,217.0,217.0,0.46,249732.0,274.0,165.1
HDHPC,11/19/2024,216.1,219.7,212.1,213.3,-1.71,204463.0,274.0,165.1
HDHPC,11/20/2024,214.0,215.0,210.0,214.9,0.75,163176.0,274.0,165.1
HDHPC,11/21/2024,214.9,217.0,209.0,210.5,-2.05,205029.0,274.0,165.1
HDHPC,11/24/2024,209.1,213.0,207.0,207.3,-1.52,131436.0,274.0,165.1
HDHPC,11/25/2024,210.0,211.4,206.0,208.0,0.34,115730.0,274.0,165.1
HDHPC,11/26/2024,211.0,215.0,210.0,213.0,2.4,147725.0,274.0,165.1
HDHPC,11/27/2024,215.0,217.9,213.0,215.5,1.17,136758.0,274.0,165.1
HDHPC,11/28/2024,217.5,218.6,212.0,212.5,-1.39,118283.0,274.0,165.1
HDHPC,12/1/2024,209.0,211.9,206.0,210.0,-1.18,106088.0,274.0,165.1
HDHPC,12/2/2024,212.0,216.0,210.0,211.0,0.48,133597.0,274.0,165.1
HDHPC,12/3/2024,212.9,217.0,211.0,212.5,0.71,211563.0,274.0,165.1
HDHPC,12/4/2024,215.0,221.0,212.5,216.0,1.65,377685.0,274.0,165.1
HDHPC,12/5/2024,217.0,217.9,211.8,212.0,-1.85,176101.0,274.0,165.1
HDHPC,12/8/2024,211.1,212.0,207.1,208.8,-1.51,171185.0,274.0,165.1
HDHPC,12/9/2024,209.0,212.5,207.0,208.0,-0.38,134912.0,274.0,165.1
HDHPC,12/10/2024,208.0,212.0,207.0,208.0,0.0,81783.0,274.0,165.1
HDHPC,12/11/2024,208.0,212.2,207.1,212.1,1.97,109697.0,274.0,165.1
HDHPC,12/12/2024,213.0,213.0,207.2,207.5,-2.17,118002.0,274.0,165.1
HDHPC,12/16/2024,207.5,207.9,202.0,202.9,-2.22,153889.0,274.0,165.1
HDHPC,12/17/2024,204.0,204.9,200.3,202.0,-0.44,123315.0,274.0,165.1
HDHPC,12/18/2024,203.9,204.9,200.0,201.0,-0.5,108059.0,274.0,165.1
HDHPC,12/19/2024,201.1,202.5,197.0,198.0,-1.49,134390.0,274.0,165.1
HDHPC,12/22/2024,198.1,200.0,193.0,194.8,-1.62,103240.0,274.0,165.1
HDHPC,12/23/2024,196.0,204.0,196.0,204.0,4.72,175196.0,274.0,165.1
HDHPC,12/24/2024,205.9,206.8,202.1,204.0,0.0,91390.0,274.0,165.1
HDHPC,12/26/2024,203.0,204.0,200.1,200.1,-1.91,65258.0,274.0,165.1
HDHPC,12/29/2024,199.0,200.0,196.0,196.4,-1.85,87959.0,274.0,165.1
HDHPC,12/31/2024,196.4,196.4,191.5,194.0,-1.22,132900.0,274.0,165.1
HDHPC,1/1/2025,194.0,196.0,193.0,195.0,0.52,47886.0,274.0,165.1
HDHPC,1/2/2025,195.0,196.2,192.0,193.5,-0.77,56043.0,274.0,165.1
HDHPC,1/5/2025,195.0,198.0,193.4,195.9,1.24,71429.0,274.0,165.1
HDHPC,1/6/2025,197.5,204.0,194.0,203.8,4.03,157401.0,274.0,165.1
HDHPC,1/7/2025,206.0,206.8,201.0,204.0,0.1,103157.0,274.0,165.1
HDHPC,1/8/2025,207.0,207.0,201.0,202.0,-0.98,62920.0,274.0,165.1
HDHPC,1/9/2025,201.0,203.0,199.0,200.0,-0.99,94552.0,274.0,165.1
HDHPC,1/12/2025,200.5,202.0,197.1,197.5,-1.25,70363.0,274.0,165.1
HDHPC,1/13/2025,196.0,200.0,196.0,197.5,0.0,69911.0,274.0,165.1
HDHPC,1/15/2025,197.5,199.9,194.8,195.0,-1.27,74772.0,274.0,165.1
HDHPC,1/16/2025,194.0,197.9,193.3,194.1,-0.46,82645.0,274.0,165.1
HDHPC,1/19/2025,194.1,198.9,194.1,196.0,0.98,76797.0,274.0,165.1
HDHPC,1/20/2025,196.0,198.9,195.0,195.0,-0.51,70611.0,274.0,165.1
HDHPC,1/21/2025,196.0,197.0,194.0,194.0,-0.51,52104.0,274.0,165.1
HDHPC,1/22/2025,193.0,200.0,193.0,199.0,2.58,162636.0,274.0,165.1
HDHPC,1/23/2025,200.9,202.5,197.1,197.3,-0.85,102706.0,274.0,165.1
HDHPC,1/26/2025,197.0,199.2,196.0,197.0,-0.15,94563.0,274.0,165.1
HDHPC,1/27/2025,196.0,199.4,194.3,195.8,-0.61,88629.0,274.0,165.1
HDHPC,1/28/2025,199.6,199.6,194.3,196.0,0.1,108326.0,274.0,165.1
HDHPC,2/2/2025,197.9,207.5,197.9,205.5,4.85,278060.0,274.0,165.1
HDHPC,2/3/2025,207.0,211.2,205.1,205.5,0.0,259488.0,274.0,165.1
HDHPC,2/4/2025,204.0,207.9,203.0,204.0,-0.73,153544.0,274.0,165.1
HDHPC,2/5/2025,206.0,207.9,204.0,206.0,0.98,181201.0,274.0,165.1
HDHPC,2/6/2025,204.0,208.0,203.1,204.0,-0.97,181564.0,274.0,165.1
HDHPC,2/9/2025,206.0,207.0,202.0,202.0,-0.98,110046.0,274.0,165.1
HDHPC,2/10/2025,201.1,204.8,199.0,201.0,-0.5,158487.0,274.0,165.1
HDHPC,2/11/2025,198.0,202.8,198.0,200.2,-0.4,79187.0,274.0,165.1
HDHPC,2/12/2025,200.1,202.2,199.0,200.0,-0.1,92677.0,274.0,165.1
HDHPC,2/13/2025,200.0,202.0,198.2,199.0,-0.5,91198.0,274.0,165.1
HDHPC,2/16/2025,199.1,204.0,195.1,203.0,2.01,214248.0,274.0,165.1
HDHPC,2/17/2025,205.0,205.0,200.0,200.9,-1.03,131568.0,274.0,165.1
HDHPC,2/18/2025,204.9,204.9,199.5,200.0,-0.45,126934.0,274.0,165.1
HDHPC,2/20/2025,201.0,203.0,198.0,198.2,-0.9,100432.0,274.0,165.1
HDHPC,2/23/2025,199.0,200.0,194.1,198.1,-0.05,153068.0,274.0,165.1
HDHPC,2/24/2025,202.0,202.0,198.1,199.9,0.91,152007.0,274.0,165.1
HDHPC,2/25/2025,199.0,201.7,198.5,199.2,-0.35,79751.0,274.0,165.1
HDHPC,2/27/2025,203.1,215.0,198.0,213.0,6.93,567564.0,274.0,165.1
HDHPC,3/2/2025,215.0,220.4,214.0,220.0,3.29,492107.0,274.0,165.1
HDHPC,3/3/2025,221.0,225.9,213.7,213.7,-2.86,321290.0,274.0,165.1
HDHPC,3/4/2025,215.0,225.0,212.0,216.8,1.45,708166.0,274.0,165.1
HDHPC,3/5/2025,216.8,221.0,214.0,215.9,-0.42,269732.0,274.0,165.1
HDHPC,3/6/2025,216.0,218.0,213.1,215.0,-0.42,163931.0,274.0,165.1
HDHPC,3/9/2025,215.0,215.0,206.6,209.0,-2.79,318487.0,274.0,165.1
HDHPC,3/10/2025,211.0,212.9,206.5,207.0,-0.96,157042.0,274.0,165.1
HDHPC,3/11/2025,209.0,209.0,202.0,203.2,-1.84,166446.0,274.0,165.1
HDHPC,3/12/2025,205.0,206.0,202.0,204.9,0.84,117619.0,274.0,165.1
HDHPC,3/16/2025,206.0,208.0,201.1,202.9,-0.98,100525.0,274.0,165.1
HDHPC,3/17/2025,202.1,205.8,202.0,202.9,0.0,97850.0,274.0,165.1
HDHPC,3/18/2025,204.9,205.0,201.7,202.1,-0.39,88357.0,274.0,165.1
HDHPC,3/19/2025,202.0,204.0,199.8,200.0,-1.04,116815.0,274.0,165.1
HDHPC,3/20/2025,200.0,201.2,199.0,199.43,-0.29,100488.0,274.0,165.1
HDHPC,3/23/2025,201.2,201.2,195.0,195.56,-1.94,173390.0,274.0,165.1
HDHPC,3/24/2025,195.0,202.0,194.0,199.81,2.17,128034.0,274.0,165.1
HDHPC,3/25/2025,197.0,198.8,194.0,194.63,-2.59,145802.0,274.0,165.1
HDHPC,3/26/2025,193.0,200.1,193.0,197.11,1.27,103478.0,274.0,165.1
HDHPC,3/27/2025,201.0,201.0,195.5,199.34,1.13,81164.0,274.0,165.1
HDHPC,3/30/2025,200.0,205.9,199.0,201.92,1.29,186167.0,274.0,165.1
HDHPC,4/1/2025,205.9,205.9,199.0,199.73,-1.08,80789.0,274.0,165.1
HDHPC,4/2/2025,203.7,203.7,199.0,199.99,0.13,62350.0,274.0,165.1
HDHPC,4/3/2025,201.9,203.0,199.0,199.17,-0.41,86879.0,274.0,165.1
HDHPC,4/7/2025,201.5,201.5,196.0,196.33,-1.43,91119.0,274.0,165.1
HDHPC,4/8/2025,196.0,198.0,195.0,197.34,0.51,71717.0,274.0,165.1
HDHPC,4/9/2025,199.0,200.0,196.5,197.09,-0.13,53617.0,274.0,165.1
HDHPC,4/10/2025,199.0,199.0,196.1,196.59,-0.25,60117.0,274.0,165.1
HDHPC,4/13/2025,196.0,198.0,195.0,195.33,-0.64,65952.0,274.0,165.1
HDHPC,4/15/2025,197.0,199.9,196.0,197.44,1.08,68089.0,274.0,165.1
HDHPC,4/16/2025,201.3,205.0,197.0,204.41,3.53,161135.0,274.0,165.1
HDHPC,4/17/2025,208.0,210.4,204.0,207.13,1.33,326405.0,274.0,165.1
HDHPC,4/20/2025,203.0,207.9,202.1,203.04,-1.97,101226.0,274.0,165.1
HDHPC,4/21/2025,199.0,209.0,199.0,205.09,1.01,188193.0,274.0,165.1
HDHPC,4/22/2025,201.0,207.0,201.0,201.83,-1.59,96076.0,274.0,165.1
HDHPC,4/23/2025,197.8,202.9,197.8,198.57,-1.62,93765.0,274.0,165.1
HDHPC,4/24/2025,194.6,200.9,194.6,199.26,0.35,117786.0,274.0,165.1
HDHPC,4/27/2025,195.3,204.0,195.3,201.26,1.0,165163.0,274.0,165.1
HDHPC,4/28/2025,197.3,209.0,197.3,202.56,0.65,305860.0,274.0,165.1
HDHPC,4/29/2025,198.6,204.9,198.6,201.86,-0.35,93840.0,274.0,165.1
HDHPC,4/30/2025,197.9,206.9,197.9,205.7,1.9,233640.0,274.0,165.1
HDHPC,5/4/2025,206.0,208.0,203.5,203.94,-0.86,203757.0,274.0,165.1
HDHPC,5/5/2025,201.3,204.0,200.0,200.33,-1.77,141836.0,274.0,165.1
HDHPC,5/6/2025,196.4,204.0,196.4,201.9,0.78,99436.0,274.0,165.1
HDHPC,5/7/2025,204.0,215.0,201.2,211.24,4.63,729084.0,274.0,165.1
HDHPC,5/8/2025,207.1,222.0,207.1,215.72,2.12,828594.0,274.0,165.1
HDHPC,5/11/2025,218.0,220.0,210.0,210.46,-2.44,350407.0,274.0,165.1
HDHPC,5/13/2025,206.3,215.0,205.0,205.4,-2.4,260403.0,274.0,165.1
HDHPC,5/14/2025,201.3,208.0,201.3,202.58,-1.37,153911.0,274.0,165.1
HDHPC,5/15/2025,198.6,204.0,198.6,202.17,-0.2,286724.0,274.0,165.1
HDHPC,5/18/2025,198.2,205.0,197.0,199.77,-1.19,261885.0,274.0,165.1
HDHPC,5/19/2025,195.8,203.0,195.8,201.19,0.71,196811.0,274.0,165.1
HDHPC,5/20/2025,200.1,211.0,199.2,207.12,2.95,189919.0,274.0,165.1
HDHPC,5/21/2025,211.2,216.0,203.0,203.96,-1.53,284614.0,274.0,165.1
HDHPC,5/22/2025,199.9,206.0,199.9,202.52,-0.71,142495.0,274.0,165.1
HDHPC,5/25/2025,204.5,205.5,201.5,202.27,-0.12,150397.0,274.0,165.1
HDHPC,5/26/2025,206.3,210.4,201.8,202.19,-0.04,172983.0,274.0,165.1
HDHPC,5/27/2025,202.1,203.0,200.8,201.67,-0.26,93260.0,274.0,165.1
HDHPC,5/28/2025,197.7,204.0,197.7,202.51,0.42,156058.0,274.0,165.1
HDHPC,6/2/2025,204.5,207.0,202.1,202.97,0.23,135328.0,274.0,165.1
HDHPC,6/3/2025,200.6,203.0,200.5,200.86,-1.04,95193.0,274.0,165.1
HDHPC,6/4/2025,200.2,203.2,200.0,200.7,-0.08,88756.0,274.0,165.1
HDHPC,6/5/2025,200.1,203.0,200.0,200.47,-0.11,126319.0,274.0,165.1
HDHPC,6/8/2025,202.0,202.0,199.7,200.0,-0.23,97955.0,274.0,165.1
HDHPC,6/9/2025,204.0,204.0,200.0,203.37,1.69,136827.0,274.0,165.1
HDHPC,6/10/2025,204.0,205.7,201.2,202.53,-0.41,120198.0,274.0,165.1
HDHPC,6/11/2025,206.5,206.5,200.1,204.3,0.87,170037.0,274.0,165.1
HDHPC,6/12/2025,208.2,209.0,203.1,203.44,-0.42,263031.0,274.0,165.1
HDHPC,6/15/2025,207.4,207.4,201.1,202.53,-0.45,188155.0,274.0,165.1
HDHPC,6/16/2025,204.9,207.0,202.0,202.21,-0.16,229265.0,274.0,165.1
HDHPC,6/17/2025,202.4,204.0,200.1,200.93,-0.63,118635.0,274.0,165.1
HDHPC,6/18/2025,204.9,204.9,199.9,201.51,0.29,174444.0,274.0,165.1
HDHPC,6/19/2025,201.0,206.0,200.3,202.05,0.27,346123.0,274.0,165.1
HDHPC,6/22/2025,206.0,206.0,199.0,199.44,-1.29,173713.0,274.0,165.1
HDHPC,6/23/2025,199.0,201.0,197.4,197.82,-0.81,143133.0,274.0,165.1
HDHPC,6/24/2025,199.7,202.8,198.0,198.27,0.23,78675.0,274.0,165.1
HDHPC,6/25/2025,200.0,200.0,197.0,197.89,-0.19,87327.0,274.0,165.1
HDHPC,6/26/2025,199.0,200.0,196.6,196.96,-0.47,134752.0,274.0,165.1
HDHPC,6/29/2025,197.8,199.3,195.0,197.06,0.05,149378.0,274.0,165.1
HDHPC,6/30/2025,201.0,201.0,196.5,196.96,-0.05,53879.0,274.0,165.1
HDHPC,7/1/2025,198.0,201.0,196.1,199.98,1.53,114327.0,274.0,165.1
HDHPC,7/2/2025,203.9,203.9,198.0,198.99,-0.5,135817.0,274.0,165.1
HDHPC,7/3/2025,200.0,201.8,198.0,200.61,0.81,147576.0,274.0,165.1
HDHPC,7/6/2025,204.6,204.6,198.2,198.75,-0.93,88735.0,274.0,165.1
HDHPC,7/7/2025,197.0,199.5,197.0,197.19,-0.78,83192.0,274.0,165.1
HDHPC,7/8/2025,196.0,198.0,195.6,197.05,-0.07,89854.0,274.0,165.1
HDHPC,7/9/2025,195.6,199.0,195.6,197.37,0.16,60198.0,274.0,165.1
HDHPC,7/10/2025,199.9,201.0,197.1,197.52,0.08,124618.0,274.0,165.1
HDHPC,7/13/2025,201.4,208.0,196.9,197.06,-0.23,283609.0,274.0,165.1
HDHPC,7/14/2025,201.0,201.0,196.0,197.52,0.23,194961.0,274.0,165.1
HDHPC,7/15/2025,201.4,201.4,195.8,196.33,-0.6,169534.0,274.0,165.1
HDHPC,7/16/2025,196.0,199.7,196.0,197.76,0.73,206335.0,274.0,165.1
HDHPC,7/17/2025,197.0,207.0,197.0,204.92,3.62,598465.0,274.0,165.1
HDHPC,7/20/2025,207.0,213.0,204.1,205.97,0.51,597672.0,274.0,165.1
HDHPC,7/21/2025,210.0,210.0,202.0,204.82,-0.56,306239.0,274.0,165.1
HDHPC,7/22/2025,205.0,209.5,205.0,208.47,1.78,306812.0,274.0,165.1
HDHPC,7/23/2025,211.0,217.9,208.4,213.86,2.59,834117.0,274.0,165.1
HDHPC,7/24/2025,214.0,217.0,212.6,214.57,0.33,526249.0,274.0,165.1
HDHPC,7/27/2025,215.0,218.0,207.5,208.85,-2.67,661700.0,274.0,165.1
HDHPC,7/28/2025,213.0,213.0,205.3,210.25,0.67,352528.0,274.0,165.1
HDHPC,7/29/2025,212.0,214.4,210.0,212.2,0.93,368253.0,274.0,165.1
HDHPC,7/30/2025,212.2,216.3,212.2,213.13,0.44,655650.0,274.0,165.1
HDHPC,7/31/2025,208.9,215.5,208.9,210.22,-1.37,356059.0,274.0,165.1
HDHPC,8/3/2025,210.0,212.0,206.0,206.67,-1.69,229607.0,274.0,165.1
HDHPC,8/4/2025,202.6,209.5,202.6,207.6,0.45,225165.0,274.0,165.1
HDHPC,8/5/2025,209.0,209.0,202.5,203.5,-1.97,188845.0,274.0,165.1
HDHPC,8/6/2025,199.5,205.0,199.5,202.4,-0.54,113693.0,274.0,165.1
HDHPC,8/7/2025,198.4,207.7,198.4,205.23,1.4,191045.0,274.0,165.1
HDHPC,8/11/2025,201.2,209.9,201.2,203.82,-0.69,154252.0,274.0,165.1
HDHPC,8/12/2025,199.8,205.5,199.8,202.89,-0.46,140228.0,274.0,165.1
HDHPC,8/13/2025,198.9,205.9,198.9,202.03,-0.42,105522.0,274.0,165.1
HDHPC,8/14/2025,198.0,205.0,198.0,201.41,-0.31,113108.0,274.0,165.1
HDHPC,8/17/2025,203.0,204.0,200.0,200.34,-0.53,113219.0,274.0,165.1
HDHPC,8/18/2025,197.0,203.0,197.0,201.26,0.46,108318.0,274.0,165.1
HDHPC,8/19/2025,205.2,205.2,200.0,200.9,-0.18,64648.0,274.0,165.1
HDHPC,8/20/2025,201.5,202.0,199.1,199.79,-0.55,81370.0,274.0,165.1
HDHPC,8/21/2025,200.0,202.0,198.8,198.99,-0.4,90809.0,274.0,165.1
HDHPC,8/24/2025,195.1,201.0,195.1,197.27,-0.86,88037.0,274.0,165.1
HDHPC,8/25/2025,199.0,199.0,196.1,197.32,0.03,57674.0,274.0,165.1
HDHPC,8/26/2025,197.1,199.9,196.5,197.0,-0.16,211491.0,274.0,165.1
HDHPC,8/27/2025,198.0,199.7,197.5,198.55,0.79,123716.0,274.0,165.1
HDHPC,8/28/2025,199.2,200.0,196.0,196.32,-1.12,122214.0,274.0,165.1
HDHPC,8/31/2025,196.0,197.0,193.5,193.74,-1.31,225008.0,274.0,165.1
HDHPC,9/1/2025,195.5,195.5,193.1,193.67,-0.04,84252.0,274.0,165.1
HDHPC,9/2/2025,195.0,195.0,190.0,190.3,-1.74,127273.0,274.0,165.1
HDHPC,9/3/2025,192.0,192.0,188.1,188.76,-0.81,104592.0,274.0,165.1
HDHPC,9/4/2025,189.0,189.6,186.0,187.33,-0.76,99329.0,274.0,165.1
HDHPC,9/7/2025,189.0,190.0,185.0,185.28,-1.09,95682.0,274.0,165.1
HDHPC,9/8/2025,185.6,186.9,180.4,181.46,-2.06,120363.0,274.0,165.1
HDHPC,9/18/2025,178.0,178.0,163.5,165.0,-9.07,13693.0,274.0,165.1
HDHPC,9/21/2025,162.0,181.5,162.0,181.5,10.0,222341.0,274.0,165.1
HDHPC,9/23/2025,185.1,192.5,185.0,190.8,5.12,156227.0,274.0,165.1
HDHPC,9/24/2025,191.0,191.8,187.0,188.0,-1.47,56639.0,274.0,165.1
HDHPC,9/25/2025,187.0,189.0,185.0,186.0,-1.06,59039.0,274.0,165.1
HDHPC,9/28/2025,187.0,188.9,184.1,186.8,0.43,37041.0,274.0,165.1
HDHPC,10/7/2025,184.0,184.0,177.0,179.6,-3.85,107883.0,274.0,165.1
HDHPC,10/8/2025,179.6,179.6,172.9,175.0,-2.56,157778.0,274.0,165.1
HDHPC,10/9/2025,178.5,190.9,178.5,179.9,2.8,128047.0,274.0,165.1
HDHPC,10/12/2025,180.0,181.0,173.5,175.1,-2.67,92329.0,274.0,165.1
HDHPC,10/13/2025,178.5,178.5,172.0,176.9,1.03,44660.0,274.0,165.1
HDHPC,10/14/2025,174.0,178.5,172.7,173.1,-2.15,46107.0,274.0,165.1
HDHPC,10/15/2025,175.0,175.0,170.1,171.0,-1.21,48385.0,274.0,165.1
HDHPC,10/16/2025,171.0,173.0,168.1,169.9,-0.64,48285.0,274.0,165.1
HDHPC,10/19/2025,173.0,173.0,170.0,171.5,0.94,17526.0,274.0,165.1
HDHPC,10/26/2025,171.0,172.5,165.1,170.0,-0.87,34251.0,274.0,165.1
HDHPC,10/28/2025,170.0,178.0,170.0,177.4,4.35,47611.0,274.0,165.1
HDHPC,10/29/2025,177.5,180.9,175.0,176.7,-0.39,74040.0,274.0,165.1
HDHPC,10/30/2025,178.0,180.5,174.0,178.0,0.74,49299.0,274.0,165.1
HDHPC,11/2/2025,179.9,183.3,177.0,182.5,2.53,106136.0,274.0,165.1
HDHPC,11/3/2025,183.0,185.4,180.1,181.0,-0.82,77014.0,274.0,165.1
HDHPC,11/4/2025,183.0,183.0,176.4,176.9,-2.27,26805.0,274.0,165.1
HDHPC,11/5/2025,176.9,178.0,175.0,178.0,0.62,26155.0,274.0,165.1
HDHPC,11/6/2025,177.5,180.0,176.9,177.0,-0.56,36548.0,274.0,165.1
HDHPC,11/9/2025,175.0,179.0,173.0,175.0,-1.13,41795.0,274.0,165.1
HDHPC,11/10/2025,176.9,177.5,173.1,174.0,-0.57,26000.0,274.0,165.1
HDHPC,11/11/2025,173.0,175.0,172.4,174.8,0.46,22409.0,274.0,165.1
HDHPC,11/12/2025,174.8,174.9,173.0,173.0,-1.03,15565.0,274.0,165.1
HDHPC,11/13/2025,172.0,175.0,171.0,172.0,-0.58,75817.0,274.0,165.1
HDHPC,11/16/2025,173.0,174.0,169.0,169.5,-1.45,43589.0,274.0,165.1
HDHPC,11/17/2025,170.0,176.0,170.0,173.2,2.18,41871.0,274.0,165.1
HDHPC,11/18/2025,175.0,176.0,173.1,173.9,0.4,38553.0,274.0,165.1
HDHPC,11/19/2025,175.0,175.0,172.0,172.0,-1.09,24900.0,274.0,165.1
HDHPC,11/20/2025,172.0,174.0,170.0,171.5,-0.29,49490.0,274.0,165.1
HDHPC,11/23/2025,173.0,177.4,173.0,176.0,2.62,57661.0,274.0,165.1
HDHPC,11/24/2025,178.0,179.8,177.1,178.8,1.59,68665.0,274.0,165.1
HDHPC,11/25/2025,182.3,182.3,176.3,179.0,0.11,42962.0,274.0,165.1
HDHPC,11/26/2025,176.4,186.0,176.0,186.0,3.91,227264.0,274.0,165.1
HDHPC,11/27/2025,189.0,197.0,182.6,196.8,5.81,433031.0,274.0,165.1
HDHPC,11/30/2025,193.0,195.9,185.8,185.8,-5.59,200013.0,274.0,165.1
HDHPC,12/1/2025,185.0,187.9,182.0,185.0,-0.43,104642.0,274.0,165.1
HDHPC,12/2/2025,185.0,186.0,181.5,184.0,-0.54,64462.0,274.0,165.1
HDHPC,12/3/2025,183.5,186.0,181.0,181.8,-1.2,69433.0,274.0,165.1
HDHPC,12/7/2025,180.6,182.0,179.1,179.5,-1.27,47065.0,274.0,165.1
HDHPC,12/8/2025,178.6,186.0,177.5,178.5,-0.56,73345.0,274.0,165.1
HDHPC,12/9/2025,179.0,182.0,176.7,177.8,-0.39,53868.0,274.0,165.1
HDHPC,12/10/2025,179.0,179.9,175.7,176.9,-0.51,60767.0,274.0,165.1
HDHPC,12/11/2025,175.0,179.4,175.0,177.0,0.06,27080.0,274.0,165.1
HDHPC,12/14/2025,180.4,180.4,175.0,175.0,-1.13,48415.0,274.0,165.1
HDHPC,12/15/2025,176.0,177.0,174.4,176.0,0.57,46593.0,274.0,165.1
HDHPC,12/16/2025,177.0,179.9,176.0,178.7,1.53,46634.0,274.0,165.1
HDHPC,12/17/2025,180.0,180.0,177.0,177.8,-0.5,37965.0,274.0,165.1
HDHPC,12/18/2025,176.5,177.7,176.3,176.3,-0.84,41810.0,274.0,165.1
HDHPC,12/21/2025,174.1,177.4,174.0,175.0,-0.74,66930.0,274.0,165.1
HDHPC,12/22/2025,174.0,175.0,173.0,174.0,-0.57,39728.0,274.0,165.1
HDHPC,12/23/2025,177.4,177.4,172.0,174.1,0.06,25960.0,274.0,165.1
HDHPC,12/24/2025,172.3,175.8,172.0,173.6,-0.29,28312.0,274.0,165.1
HDHPC,12/28/2025,175.0,180.4,175.0,180.1,3.74,77504.0,274.0,165.1
HDHPC,12/29/2025,182.0,183.0,172.0,177.0,-1.72,94731.0,274.0,165.1
HDHPC,12/31/2025,174.0,179.6,174.0,177.1,0.06,42014.0,274.0,165.1
HDHPC,1/1/2026,180.0,180.5,173.4,175.0,-1.19,42974.0,274.0,165.1
HDHPC,1/4/2026,175.1,175.8,173.2,174.6,-0.23,41546.0,274.0,165.1
HDHPC,1/5/2026,175.9,177.1,174.0,177.1,1.43,69925.0,274.0,165.1
HDHPC,1/6/2026,175.3,179.4,175.3,175.9,-0.68,57996.0,274.0,165.1
HDHPC,1/7/2026,175.0,177.7,173.7,175.0,-0.51,36125.0,274.0,165.1
HDHPC,1/8/2026,175.0,188.0,173.1,180.0,2.86,185607.0,274.0,165.1
HDHPC,1/12/2026,180.0,182.5,176.4,176.8,-1.78,46478.0,274.0,165.1
HDHPC,1/13/2026,178.0,178.9,175.5,176.0,-0.45,74780.0,274.0,165.1
HDHPC,1/14/2026,177.0,179.4,175.4,176.0,0.0,93752.0,274.0,165.1
HDHPC,1/18/2026,177.0,184.0,177.0,183.5,4.26,211269.0,274.0,165.1
HDHPC,1/20/2026,185.0,193.8,183.0,191.4,4.31,323700.0,274.0,165.1
HDHPC,1/21/2026,193.0,194.8,186.5,187.0,-2.3,213970.0,274.0,165.1
HDHPC,1/22/2026,185.6,194.9,185.6,194.8,4.17,331753.0,274.0,165.1
HDHPC,1/25/2026,198.4,206.0,196.0,202.0,3.7,500550.0,274.0,165.1
HDHPC,1/26/2026,206.0,206.0,196.0,200.0,-0.99,657766.0,274.0,165.1
HDHPC,1/27/2026,200.0,202.0,192.1,194.1,-2.95,349220.0,274.0,165.1
HDHPC,1/28/2026,195.0,198.8,188.8,195.0,0.46,254986.0,274.0,165.1
HDHPC,1/29/2026,198.9,214.5,198.0,213.0,9.23,1462951.0,274.0,165.1
HDHPC,2/1/2026,215.0,223.0,204.1,210.0,-1.41,899086.0,274.0,165.1
HDHPC,2/2/2026,205.8,216.6,203.0,204.3,-2.71,384572.0,274.0,165.1
HDHPC,2/3/2026,204.3,209.4,196.0,197.0,-3.57,566265.0,274.0,165.1
HDHPC,2/4/2026,193.1,205.8,193.1,205.7,4.42,493640.0,274.0,165.1
HDHPC,2/5/2026,205.7,216.0,203.4,208.5,1.36,767296.0,274.0,165.1
HDHPC,2/8/2026,212.0,217.0,206.5,207.9,-0.29,625420.0,274.0,165.1
HDHPC,2/9/2026,208.0,218.4,204.2,211.5,1.73,777735.0,274.0,165.1
HDHPC,2/10/2026,215.0,217.9,207.1,208.9,-1.23,505899.0,274.0,165.1
HDHPC,2/11/2026,210.0,213.0,206.4,211.5,1.24,254307.0,274.0,165.1
HDHPC,2/12/2026,213.9,216.0,208.0,209.9,-0.76,631121.0,274.0,165.1
HDHPC,2/16/2026,207.0,212.0,203.1,203.9,-2.86,325538.0,274.0,165.1
HDHPC,2/17/2026,204.9,205.9,195.0,195.1,-4.32,452811.0,274.0,165.1
HDHPC,2/22/2026,195.0,198.0,191.2,192.0,-1.59,183989.0,274.0,165.1
HDHPC,2/23/2026,194.0,195.0,190.0,191.1,-0.47,142513.0,274.0,165.1
HDHPC,2/24/2026,194.0,194.0,190.0,192.0,0.47,118305.0,274.0,165.1
HDHPC,2/25/2026,194.0,195.7,191.0,193.0,0.52,112114.0,274.0,165.1
HDHPC,2/26/2026,195.0,196.7,192.2,193.9,0.47,85128.0,274.0,165.1
HDHPC,2/27/2026,195.0,196.7,192.2,193.9,0.0,85128.0,274.0,165.1
HDHPC,2/28/2026,195.0,196.7,192.2,193.9,0.0,85128.0,274.0,165.1
HDHPC,3/2/2026,194.0,195.0,188.0,194.1,0.1,147733.0,274.0,165.1
HDHPC,3/3/2026,195.1,203.0,193.0,201.9,4.02,170346.0,274.0,165.1
HDHPC,3/4/2026,195.1,203.0,193.0,201.9,0.0,170346.0,274.0,165.1
HDHPC,3/5/2026,195.1,203.0,193.0,201.9,0.0,170346.0,274.0,165.1
HDHPC,3/6/2026,195.1,203.0,193.0,201.9,0.0,170346.0,274.0,165.1
HDHPC,3/7/2026,195.1,203.0,193.0,201.9,0.0,170346.0,274.0,165.1
HDHPC,3/8/2026,195.1,203.0,193.0,201.9,0.0,170346.0,274.0,165.1
HDHPC,3/9/2026,205.9,222.0,205.9,221.9,9.91,21708.0,274.0,165.1
HDHPC,3/10/2026,226.0,226.0,208.4,216.0,-2.66,852972.0,274.0,165.1
HDHPC,3/11/2026,220.3,233.0,213.0,224.0,3.7,1310408.0,274.0,165.1
HDHPC,3/12/2026,227.0,243.5,225.0,240.0,7.14,1842076.0,274.0,165.1
HDHPC,3/13/2026,227.0,243.5,225.0,240.0,0.0,1842076.0,274.0,165.1
HDHPC,3/14/2026,227.0,243.5,225.0,240.0,0.0,1842076.0,274.0,165.1
HDHPC,3/15/2026,244.0,255.0,240.0,249.0,3.75,2233382.0,274.0,165.1
HDHPC,3/16/2026,249.0,253.0,238.4,241.5,-3.01,1262453.0,274.0,165.1
HDHPC,3/17/2026,245.0,258.0,235.9,255.0,5.59,1843233.0,274.0,165.1
HDHPC,3/18/2026,245.0,258.0,235.9,255.0,0.0,1843233.0,274.0,165.1
HDHPC,3/19/2026,257.5,264.0,252.0,253.4,-0.63,1822131.0,274.0,165.1
HDHPC,3/20/2026,257.5,264.0,252.0,253.4,0.0,1822131.0,274.0,165.1
HDHPC,3/21/2026,257.5,264.0,252.0,253.4,0.0,1822131.0,274.0,165.1
HDHPC,3/22/2026,255.0,274.0,250.2,265.0,4.58,2729307.0,274.0,165.1
HDHPC,3/23/2026,270.3,270.3,259.2,264.0,-0.38,1070651.0,274.0,165.1
HDHPC,3/24/2026,264.0,267.0,256.0,257.7,-2.39,1008890.0,274.0,165.1
HDHPC,3/25/2026,257.7,258.7,245.2,246.6,-4.31,1057134.0,274.0,165.1
HDHPC,3/26/2026,246.6,254.4,242.1,253.0,2.6,763484.0,274.0,165.1
HDHPC,3/29/2026,253.0,256.0,239.2,239.2,-5.45,747274.0,274.0,165.1
HDHPC,3/30/2026,239.2,245.5,231.0,232.0,-3.01,743072.0,274.0,165.1
HDHPC,3/31/2026,232.0,239.9,224.5,232.4,0.17,840144.0,274.0,165.1
HDHPC,4/1/2026,232.4,236.0,215.0,217.5,-6.41,744682.0,274.0,165.1
HDHPC,4/2/2026,215.0,230.0,211.5,220.5,2.56,698152.0,274.0,165.1
HDHPC,4/5/2026,220.0,220.0,204.0,207.0,-5.91,786751.0,274.0,165.1
HDHPC,4/6/2026,211.0,227.0,205.5,226.0,7.11,780886.0,274.0,165.1
HDHPC,4/7/2026,230.5,230.5,221.0,226.0,-1.95,575821.0,274.0,165.1
HDHPC,4/8/2026,226.0,230.9,224.0,227.1,0.49,397054.0,274.0,165.1
HDHPC,4/9/2026,231.0,238.5,224.5,237.0,2.6,842683.0,274.0,165.1
HDHPC,4/10/2026,237.0,243.7,234.6,237.0,0.0,898933.0,274.0,165.1
HDHPC,4/13/2026,237.0,251.1,233.2,249.3,5.19,1002588.0,274.0,165.1
HDHPC,4/15/2026,254.0,260.5,246.1,250.0,-1.57,1172317.0,274.0,165.1
HDHPC,4/16/2026,250.0,250.0,237.0,239.0,-4.4,798301.0,274.0,165.1
HDHPC,4/17/2026,240.0,248.0,234.0,246.0,2.5,1039020.0,274.0,165.1
HDHPC,4/20/2026,246.0,249.6,238.1,238.9,-2.89,284512.0,274.0,165.1
HDHPC,4/21/2026,250.1,250.1,230.1,231.0,-7.64,438219.0,274.0,165.1
HDHPC,4/22/2026,220.0,242.9,220.0,235.9,7.23,619305.0,274.0,165.1
HDHPC,4/23/2026,225.0,242.0,225.0,230.5,2.44,360324.0,274.0,165.1
HDHPC,4/24/2026,242.0,242.0,225.0,229.8,-5.04,469482.0,274.0,165.1
HDHPC,4/27/2026,229.8,232.9,228.0,228.0,-0.78,255599.0,274.0,165.1
HDHPC,4/28/2026,228.0,234.6,223.5,225.0,-1.32,488683.0,274.0,165.1
HDHPC,4/29/2026,225.0,226.4,219.3,220.9,-1.82,296196.0,274.0,165.1
HDHPC,4/30/2026,220.1,225.0,214.0,222.8,1.23,369448.0,274.0,165.1
HDHPC,5/4/2026,233.0,233.0,214.0,216.1,-7.25,294886.0,274.0,165.1
HDHPC,5/5/2026,216.1,222.0,214.1,219.6,1.62,291143.0,274.0,165.1
HDHPC,5/6/2026,223.0,225.9,216.0,218.0,-2.24,118378.0,274.0,165.1
HDHPC,5/7/2026,218.0,222.7,215.0,216.5,-0.69,189470.0,274.0,165.1
HDHPC,5/8/2026,217.9,222.9,216.7,222.5,2.11,189059.0,274.0,165.1
HDHPC,5/11/2026,224.9,231.0,222.6,231.0,2.71,350447.0,274.0,165.1
HDHPC,5/12/2026,234.0,234.0,222.5,222.7,-4.83,276473.0,274.0,165.1
HDHPC,5/13/2026,222.7,224.0,219.0,221.0,-0.76,169483.0,274.0,165.1
HDHPC,5/14/2026,222.0,224.0,218.2,221.0,-0.45,104669.0,274.0,165.1
HDHPC,5/15/2026,223.9,225.0,220.3,221.5,-1.07,117608.0,274.0,165.1
HDHPC,5/18/2026,214.0,225.0,214.0,221.0,3.27,80139.0,274.0,165.1
HDHPC,5/19/2026,221.0,223.0,219.0,219.5,-0.68,104258.0,274.0,165.1
HDHPC,5/20/2026,221.9,228.6,215.6,228.0,2.75,210224.0,274.0,165.1
HDHPC,5/21/2026,239.4,239.4,224.2,227.7,-4.89,265663.0,274.0,165.1
HDHPC,5/22/2026,239.0,239.0,222.0,230.7,-3.47,288421.0,274.0,165.1
HDHPC,5/25/2026,230.7,236.0,230.7,232.0,0.56,252594.0,274.0,165.1
HDHPC,5/26/2026,234.0,234.9,226.2,227.7,-2.69,182820.0,274.0,165.1
HDHPC,5/27/2026,228.1,232.5,222.5,230.8,1.18,337758.0,274.0,165.1
HDHPC,6/1/2026,231.0,231.0,222.0,224.2,-2.94,272012.0,274.0,165.1
HDHPC,6/2/2026,224.2,228.0,223.0,224.0,-0.09,171384.0,274.0,165.1
HDHPC,6/3/2026,213.0,232.6,213.0,223.5,4.93,215551.0,274.0,165.1
HDHPC,6/4/2026,212.4,226.0,212.4,221.0,4.05,205035.0,274.0,165.1
HDHPC,6/5/2026,224.0,224.0,218.2,218.9,-2.28,151845.0,274.0,165.1
HDHPC,6/8/2026,218.9,220.0,216.0,216.4,-1.14,125996.0,274.0,165.1
HDHPC,6/9/2026,219.0,219.8,212.2,218.0,-0.46,197780.0,274.0,165.1
HDHPC,6/10/2026,218.0,222.9,216.0,216.1,-0.87,81589.0,274.0,165.1
HDHPC,6/11/2026,216.2,219.0,214.0,215.0,-0.56,124804.0,274.0,165.1
HDHPC,6/12/2026,215.0,234.0,214.0,223.6,4.0,604139.0,274.0,165.1
HDHPC,6/15/2026,227.6,227.6,218.3,218.9,-3.82,92621.0,274.0,165.1
HDHPC,6/16/2026,218.9,222.0,217.1,218.5,-0.18,75100.0,274.0,165.1
HDHPC,6/17/2026,220.0,244.0,216.8,219.3,-0.32,257957.0,274.0,165.1
HDHPC,6/18/2026,220.0,222.0,217.0,217.9,-0.95,105932.0,274.0,165.1
HDHPC,6/19/2026,220.0,220.0,216.4,217.2,-1.27,100976.0,274.0,165.1
HDHPC,6/22/2026,220.0,220.0,215.3,216.3,-1.68,127934.0,274.0,165.1
HDHPC,6/23/2026,216.3,216.3,212.5,213.1,-1.48,156533.0,274.0,165.1
HDHPC,6/24/2026,213.1,214.9,206.8,211.5,-0.75,191131.0,274.0,165.1
HDHPC,6/26/2026,209.0,211.8,206.7,207.8,-0.57,86401.0,274.0,165.1
HDHPC,6/29/2026,197.5,213.9,197.5,204.0,3.29,103095.0,274.0,165.1
HDHPC,6/30/2026,206.0,207.0,202.0,202.5,-1.7,74856.0,274.0,165.1
HDHPC,7/1/2026,202.0,209.9,202.0,208.5,3.22,103329.0,274.0,165.1
HDHPC,7/2/2026,209.0,209.0,205.0,207.5,-0.72,90283.0,274.0,165.1
HDHPC,7/3/2026,197.2,209.9,197.2,206.3,4.61,84162.0,274.0,165.1
HDHPC,7/6/2026,209.0,209.0,203.0,204.0,-2.39,73594.0,274.0,165.1
HDHPC,7/7/2026,193.8,212.2,193.8,209.0,7.84,188012.0,274.0,165.1
HDHPC,7/8/2026,198.6,210.0,198.6,206.7,4.08,84690.0,274.0,165.1
HDHPC,7/9/2026,206.7,207.0,204.0,205.8,-0.44,67537.0,274.0,165.1
HDHPC,7/10/2026,203.1,210.0,203.1,205.0,0.94,87148.0,274.0,165.1
HDHPC,7/13/2026,205.3,205.5,201.0,202.9,-1.17,92734.0,274.0,165.1
HDHPC,7/14/2026,192.8,207.0,192.8,206.0,6.85,74524.0,274.0,165.1
HDHPC,7/15/2026,195.7,209.9,195.7,206.0,5.26,74341.0,274.0,165.1
HDHPC,7/16/2026,206.0,208.0,201.3,203.0,-1.46,91767.0,274.0,165.1
HDHPC,7/17/2026,206.0,217.0,206.0,216.1,4.9,208257.0,274.0,165.1
HDHPC,7/20/2026,215.0,225.5,214.0,222.0,3.26,259206.0,274.0,165.1
HDHPC,7/21/2026,222.0,225.5,217.2,220.5,-0.68,351246.0,274.0,165.1
HDHPC,7/22/2026,218.0,222.0,217.1,221.0,1.38,181769.0,274.0,165.1
HDHPC,7/23/2026,218.1,221.0,216.8,220.8,1.24,123561.0,274.0,165.1
HDHPC,7/24/2026,217.0,222.9,217.0,218.6,0.74,145917.0,274.0,165.1
HDHPC,7/27/2026,220.6,222.0,212.5,214.0,-2.99,180860.0,274.0,165.1
HDHPC,7/28/2026,212.0,217.7,211.5,215.9,1.84,133774.0,274.0,165.1
HDHPC,7/29/2026,217.7,218.0,212.0,214.5,-1.47,77244.0,274.0,165.1
HDHPC,7/30/2026,212.0,215.0,210.5,213.5,0.71,76132.0,274.0,165.1
HDHPC,7/31/2026,214.0,215.0,208.0,213.7,-0.14,106601.0,274.0,165.1
HDHPC,8/3/2026,210.1,217.0,210.1,212.5,1.14,99278.0,274.0,165.1
HDHPC,8/4/2026,210.0,213.8,210.0,211.9,0.9,83757.0,274.0,165.1
HDHPC,8/5/2026,213.8,213.8,209.0,211.5,-1.08,96936.0,274.0,165.1
HDHPC,8/6/2026,213.9,215.0,209.9,209.9,-1.87,80586.0,274.0,165.1
HDHPC,8/7/2026,210.0,210.7,208.0,208.0,-0.95,71273.0,274.0,165.1
HDHPC,8/10/2026,198.0,210.5,198.0,207.0,4.55,76396.0,274.0,165.1
HDHPC,8/11/2026,207.0,211.0,205.0,207.9,0.43,63863.0,274.0,165.1
HDHPC,8/12/2026,197.6,210.9,197.6,207.0,4.76,51851.0,274.0,165.1
HDHPC,8/13/2026,208.8,217.0,207.2,213.5,2.25,211893.0,274.0,165.1
HDHPC,8/14/2026,213.5,215.9,211.0,212.0,-0.7,104124.0,274.0,165.1
HDHPC,8/17/2026,201.4,212.9,201.4,208.3,3.43,62668.0,274.0,165.1
HDHPC,8/18/2026,197.9,211.4,197.9,207.5,4.85,59660.0,274.0,165.1
HDHPC,8/19/2026,207.5,209.0,205.1,207.9,0.19,61131.0,274.0,165.1
HDHPC,8/20/2026,210.0,210.0,205.0,209.0,-0.48,49580.0,274.0,165.1
HDHPC,8/21/2026,209.0,210.0,206.1,207.8,-0.57,66065.0,274.0,165.1
HDHPC,8/24/2026,208.5,208.5,205.0,205.5,-1.44,85141.0,274.0,165.1
HDHPC,8/25/2026,204.8,207.5,204.1,204.1,-0.34,44706.0,274.0,165.1
HDHPC,8/26/2026,203.0,204.1,197.0,199.9,-1.53,239107.0,274.0,165.1
HDHPC,8/27/2026,199.9,205.0,190.8,202.0,1.05,72503.0,274.0,165.1
HDHPC,8/31/2026,200.0,200.0,195.0,195.5,-2.25,111889.0,274.0,165.1
HDHPC,9/1/2026,198.0,200.0,194.0,196.5,-0.76,84217.0,274.0,165.1
HDHPC,9/2/2026,196.1,199.4,195.6,198.7,1.33,52761.0,274.0,165.1
HDHPC,9/3/2026,200.9,201.7,198.0,198.3,-1.29,51411.0,274.0,165.1
HDHPC,9/7/2026,199.8,202.0,198.2,200.8,0.5,50657.0,274.0,165.1
HDHPC,9/9/2026,200.8,203.7,197.0,197.0,-1.89,65850.0,274.0,165.1
HDHPC,9/10/2026,187.2,207.1,187.2,205.0,9.51,163051.0,274.0,165.1
HDHPC,9/11/2026,207.0,215.0,203.7,213.8,3.29,292330.0,274.0,165.1
HDHPC,9/14/2026,213.8,217.0,210.1,211.5,-1.08,93016.0,274.0,165.1
HDHPC,9/15/2026,222.0,225.0,214.0,216.5,-2.48,225624.0,274.0,165.1
HDHPC,9/16/2026,216.0,233.5,210.6,228.0,5.56,1663890.0,274.0,165.1
HDHPC,9/17/2026,230.0,230.0,222.0,224.2,-2.52,267565.0,274.0,165.1
HDHPC,9/18/2026,226.0,227.0,220.0,220.5,-2.43,292304.0,274.0,165.1
HDHPC,9/22/2026,220.0,230.0,219.1,226.0,2.73,487382.0,274.0,165.1
HDHPC,9/23/2026,214.7,228.5,214.7,220.0,2.47,237880.0,274.0,165.1
HDHPC,9/24/2026,219.5,223.0,218.0,220.3,0.36,239506.0,274.0,165.1
HDHPC,9/28/2026,220.3,224.0,215.5,217.5,-1.27,196239.0,274.0,165.1
HDHPC,9/29/2026,206.7,219.9,206.7,0.0,-100.0,80902.0,274.0,165.1
HDHPC,9/30/2026,218.0,222.0,215.1,218.0,0.0,240203.0,274.0,165.1
HDHPC,10/1/2026,221.8,226.8,218.0,223.5,0.77,483139.0,274.0,165.1
HDHPC,10/2/2026,217.0,230.0,217.0,220.0,1.38,233867.0,274.0,165.1
HDL,12/21/2025,1155.0,1158.0,1140.2,1146.0,,28304.0,1415.7,1097.6
HDL,12/22/2025,1140.0,1148.5,1138.0,1139.0,-0.61,23952.0,1415.7,1097.6
HDL,12/23/2025,1139.0,1159.0,1130.0,1132.1,-0.61,21938.0,1415.7,1097.6
HDL,12/24/2025,1154.0,1154.0,1130.1,1132.2,0.01,18381.0,1415.7,1097.6
HDL,12/28/2025,1140.0,1166.0,1136.0,1166.0,2.99,41346.0,1415.7,1097.6
HDL,12/29/2025,1170.0,1174.0,1150.0,1150.0,-1.37,31197.0,1415.7,1097.6
HDL,12/31/2025,1160.0,1165.0,1151.0,1164.0,1.22,32838.0,1415.7,1097.6
HDL,1/1/2026,1164.0,1170.0,1155.0,1156.1,-0.68,35545.0,1415.7,1097.6
HDL,1/4/2026,1150.0,1156.0,1136.0,1144.0,-1.05,69641.0,1415.7,1097.6
HDL,1/5/2026,1140.0,1169.0,1140.0,1160.0,1.4,71070.0,1415.7,1097.6
HDL,1/6/2026,1183.2,1206.0,1160.0,1165.2,0.45,137438.0,1415.7,1097.6
HDL,1/7/2026,1179.7,1179.7,1155.0,1155.5,-0.83,39284.0,1415.7,1097.6
HDL,1/8/2026,1170.0,1170.0,1149.0,1152.0,-0.3,48898.0,1415.7,1097.6
HDL,1/12/2026,1152.0,1160.0,1142.9,1145.9,-0.53,77408.0,1415.7,1097.6
HDL,1/13/2026,1147.0,1157.0,1140.0,1143.0,-0.25,48165.0,1415.7,1097.6
HDL,1/14/2026,1150.0,1150.0,1135.0,1139.0,-0.35,75998.0,1415.7,1097.6
HDL,1/18/2026,1150.0,1158.0,1135.0,1139.0,0.0,103115.0,1415.7,1097.6
HDL,1/20/2026,1160.0,1168.5,1149.0,1161.9,2.01,124358.0,1415.7,1097.6
HDL,1/21/2026,1161.1,1179.0,1150.2,1158.0,-0.34,83212.0,1415.7,1097.6
HDL,1/22/2026,1155.0,1164.0,1148.0,1152.2,-0.5,71904.0,1415.7,1097.6
HDL,1/25/2026,1175.2,1175.2,1155.0,1164.0,1.02,109081.0,1415.7,1097.6
HDL,1/26/2026,1170.0,1180.0,1162.0,1169.0,0.43,119682.0,1415.7,1097.6
HDL,1/27/2026,1145.7,1178.9,1145.7,1152.0,-1.45,87901.0,1415.7,1097.6
HDL,1/28/2026,1152.0,1161.0,1146.0,1155.0,0.26,77360.0,1415.7,1097.6
HDL,1/29/2026,1161.1,1161.1,1150.4,1151.0,-0.35,81821.0,1415.7,1097.6
HDL,2/1/2026,1151.0,1160.0,1150.0,1151.0,0.0,65968.0,1415.7,1097.6
HDL,2/2/2026,1163.0,1163.0,1145.0,1148.0,-0.26,61474.0,1415.7,1097.6
HDL,2/3/2026,1148.0,1154.0,1135.2,1139.0,-0.78,81053.0,1415.7,1097.6
HDL,2/4/2026,1150.0,1150.0,1135.0,1136.0,-0.26,58378.0,1415.7,1097.6
HDL,2/5/2026,1140.0,1149.0,1138.0,1141.0,0.44,50174.0,1415.7,1097.6
HDL,2/8/2026,1163.8,1163.8,1140.0,1143.0,0.18,66291.0,1415.7,1097.6
HDL,2/9/2026,1150.0,1150.0,1135.0,1139.0,-0.35,50110.0,1415.7,1097.6
HDL,2/10/2026,1150.0,1150.0,1133.5,1136.0,-0.26,42723.0,1415.7,1097.6
HDL,2/11/2026,1143.0,1146.8,1135.0,1136.1,0.01,35684.0,1415.7,1097.6
HDL,2/12/2026,1140.0,1145.0,1130.0,1137.5,0.12,52164.0,1415.7,1097.6
HDL,2/16/2026,1150.0,1150.0,1136.0,1137.7,0.02,43826.0,1415.7,1097.6
HDL,2/17/2026,1137.7,1145.0,1133.0,1134.0,-0.33,56083.0,1415.7,1097.6
HDL,2/22/2026,1134.0,1144.5,1128.0,1135.0,0.09,80601.0,1415.7,1097.6
HDL,2/23/2026,1135.0,1141.0,1131.0,1133.1,-0.17,27013.0,1415.7,1097.6
HDL,2/24/2026,1132.0,1140.0,1132.0,1135.4,0.2,30055.0,1415.7,1097.6
HDL,2/25/2026,1146.0,1149.0,1135.0,1138.0,0.23,26569.0,1415.7,1097.6
HDL,2/26/2026,1147.0,1148.0,1139.1,1141.1,0.27,29740.0,1415.7,1097.6
HDL,2/27/2026,1147.0,1148.0,1139.1,1141.1,0.0,29740.0,1415.7,1097.6
HDL,2/28/2026,1147.0,1148.0,1139.1,1141.1,0.0,29740.0,1415.7,1097.6
HDL,3/2/2026,1163.9,1163.9,1130.0,1144.0,0.25,71379.0,1415.7,1097.6
HDL,3/3/2026,1166.8,1166.8,1140.0,1158.8,1.29,52058.0,1415.7,1097.6
HDL,3/4/2026,1166.8,1166.8,1140.0,1158.8,0.0,52058.0,1415.7,1097.6
HDL,3/5/2026,1166.8,1166.8,1140.0,1158.8,0.0,52058.0,1415.7,1097.6
HDL,3/6/2026,1166.8,1166.8,1140.0,1158.8,0.0,52058.0,1415.7,1097.6
HDL,3/7/2026,1166.8,1166.8,1140.0,1158.8,0.0,52058.0,1415.7,1097.6
HDL,3/8/2026,1166.8,1166.8,1140.0,1158.8,0.0,52058.0,1415.7,1097.6
HDL,3/9/2026,1181.9,1274.0,1181.9,1270.0,9.6,2492.0,1415.7,1097.6
HDL,3/10/2026,1290.0,1292.0,1198.0,1225.0,-3.54,269114.0,1415.7,1097.6
HDL,3/11/2026,1249.5,1249.5,1194.0,1195.0,-2.45,93653.0,1415.7,1097.6
HDL,3/12/2026,1200.0,1208.0,1190.0,1200.0,0.42,76166.0,1415.7,1097.6
HDL,3/13/2026,1200.0,1208.0,1190.0,1200.0,0.0,76166.0,1415.7,1097.6
HDL,3/14/2026,1200.0,1208.0,1190.0,1200.0,0.0,76166.0,1415.7,1097.6
HDL,3/15/2026,1200.0,1210.0,1195.0,1200.0,0.0,69070.0,1415.7,1097.6
HDL,3/16/2026,1210.0,1210.0,1188.0,1190.0,-0.83,54304.0,1415.7,1097.6
HDL,3/17/2026,1186.1,1197.0,1180.1,1182.0,-0.67,49794.0,1415.7,1097.6
HDL,3/18/2026,1186.1,1197.0,1180.1,1182.0,0.0,49794.0,1415.7,1097.6
HDL,3/19/2026,1182.0,1198.9,1182.0,1195.0,1.1,98089.0,1415.7,1097.6
HDL,3/20/2026,1182.0,1198.9,1182.0,1195.0,0.0,98089.0,1415.7,1097.6
HDL,3/21/2026,1182.0,1198.9,1182.0,1195.0,0.0,98089.0,1415.7,1097.6
HDL,3/22/2026,1218.9,1220.0,1201.0,1215.5,1.72,129587.0,1415.7,1097.6
HDL,3/23/2026,1220.0,1240.4,1210.0,1239.0,1.93,158313.0,1415.7,1097.6
HDL,3/24/2026,1263.7,1263.7,1235.0,1253.0,1.13,144026.0,1415.7,1097.6
HDL,3/25/2026,1254.0,1260.0,1232.0,1235.0,-1.44,113050.0,1415.7,1097.6
HDL,3/26/2026,1235.0,1239.9,1215.2,1226.0,-0.73,64395.0,1415.7,1097.6
HDL,3/29/2026,1230.0,1230.0,1200.0,1204.0,-2.11,123947.0,1415.7,1097.6
HDL,3/30/2026,1200.0,1205.0,1181.2,1183.0,-1.42,105356.0,1415.7,1097.6
HDL,3/31/2026,1190.0,1195.0,1165.1,1185.0,-0.42,84969.0,1415.7,1097.6
HDL,4/1/2026,1185.0,1200.0,1160.1,1170.0,-1.27,66565.0,1415.7,1097.6
HDL,4/2/2026,1170.0,1183.0,1150.0,1169.8,-0.02,58074.0,1415.7,1097.6
HDL,4/5/2026,1161.0,1161.0,1130.0,1139.0,-1.89,105334.0,1415.7,1097.6
HDL,4/6/2026,1140.0,1180.0,1137.0,1159.9,1.75,71773.0,1415.7,1097.6
HDL,4/7/2026,1182.0,1182.0,1159.0,1162.0,-1.69,55019.0,1415.7,1097.6
HDL,4/8/2026,1170.0,1180.0,1160.0,1171.0,0.09,41179.0,1415.7,1097.6
HDL,4/9/2026,1175.0,1185.0,1175.0,1181.0,0.51,44366.0,1415.7,1097.6
HDL,4/10/2026,1195.0,1200.0,1170.0,1175.5,-1.63,46840.0,1415.7,1097.6
HDL,4/13/2026,1175.0,1185.0,1166.0,1167.9,-0.6,68863.0,1415.7,1097.6
HDL,4/15/2026,1189.9,1189.9,1170.0,1180.0,-0.83,36725.0,1415.7,1097.6
HDL,4/16/2026,1180.0,1181.0,1168.0,1170.0,-0.85,33385.0,1415.7,1097.6
HDL,4/17/2026,1175.0,1175.0,1161.0,1170.0,-0.43,28015.0,1415.7,1097.6
HDL,4/20/2026,1181.0,1181.0,1160.0,1162.0,-1.61,30135.0,1415.7,1097.6
HDL,4/21/2026,1174.0,1174.0,1155.0,1157.0,-1.45,29804.0,1415.7,1097.6
HDL,4/22/2026,1168.0,1168.0,1145.0,1156.0,-1.03,44490.0,1415.7,1097.6
HDL,4/23/2026,1166.0,1166.0,1141.1,1149.0,-1.46,22104.0,1415.7,1097.6
HDL,4/24/2026,1148.0,1150.0,1135.0,1146.0,-0.17,54300.0,1415.7,1097.6
HDL,4/27/2026,1146.0,1152.0,1140.0,1149.0,0.26,34572.0,1415.7,1097.6
HDL,4/28/2026,1206.4,1206.4,1148.0,1148.2,-4.82,27342.0,1415.7,1097.6
HDL,4/29/2026,1148.2,1150.0,1142.2,1143.0,-0.45,23521.0,1415.7,1097.6
HDL,4/30/2026,1140.0,1148.0,1135.2,1146.0,0.53,28379.0,1415.7,1097.6
HDL,5/4/2026,1169.0,1169.0,1145.1,1146.1,-1.96,37897.0,1415.7,1097.6
HDL,5/5/2026,1147.0,1155.0,1142.0,1150.0,0.26,24143.0,1415.7,1097.6
HDL,5/6/2026,1153.0,1156.5,1150.0,1151.0,-0.17,24454.0,1415.7,1097.6
HDL,5/7/2026,1153.0,1160.0,1148.0,1149.8,-0.28,21996.0,1415.7,1097.6
HDL,5/8/2026,1149.8,1157.0,1149.8,1155.0,0.45,20725.0,1415.7,1097.6
HDL,5/11/2026,1160.0,1180.0,1155.0,1175.1,1.3,27821.0,1415.7,1097.6
HDL,5/12/2026,1180.0,1180.0,1155.2,1157.0,-1.95,37387.0,1415.7,1097.6
HDL,5/13/2026,1169.0,1169.0,1150.0,1158.0,-0.94,22343.0,1415.7,1097.6
HDL,5/14/2026,1150.0,1164.9,1148.0,1157.0,0.61,18335.0,1415.7,1097.6
HDL,5/15/2026,1151.0,1164.8,1151.0,1158.0,0.61,16978.0,1415.7,1097.6
HDL,5/18/2026,1151.0,1160.0,1151.0,1155.0,0.35,30376.0,1415.7,1097.6
HDL,5/19/2026,1160.0,1169.0,1152.2,1158.0,-0.17,13296.0,1415.7,1097.6
HDL,5/20/2026,1159.0,1163.0,1157.0,1161.0,0.17,22273.0,1415.7,1097.6
HDL,5/21/2026,1162.0,1171.0,1160.0,1161.0,-0.09,21877.0,1415.7,1097.6
HDL,5/22/2026,1180.0,1180.0,1160.0,1167.9,-1.03,25296.0,1415.7,1097.6
HDL,5/25/2026,1180.0,1180.0,1168.0,1168.0,-1.02,27247.0,1415.7,1097.6
HDL,5/26/2026,1170.0,1176.9,1162.0,1173.8,0.32,21622.0,1415.7,1097.6
HDL,5/27/2026,1173.8,1176.9,1168.0,1175.0,0.1,25377.0,1415.7,1097.6
HDL,6/1/2026,1175.0,1179.9,1165.0,1165.0,-0.85,24220.0,1415.7,1097.6
HDL,6/2/2026,1165.0,1173.0,1164.0,1167.0,0.17,15844.0,1415.7,1097.6
HDL,6/3/2026,1175.0,1232.0,1170.0,1179.0,0.34,35741.0,1415.7,1097.6
HDL,6/4/2026,1170.0,1180.0,1170.0,1176.0,0.51,9882.0,1415.7,1097.6
HDL,6/5/2026,1175.0,1177.0,1166.0,1168.0,-0.6,20224.0,1415.7,1097.6
HDL,6/8/2026,1184.0,1236.0,1164.0,1165.0,-1.6,29919.0,1415.7,1097.6
HDL,6/9/2026,1223.2,1223.2,1158.0,1162.0,-5.0,33038.0,1415.7,1097.6
HDL,6/10/2026,1176.9,1176.9,1160.1,1161.1,-1.34,15623.0,1415.7,1097.6
HDL,6/11/2026,1165.0,1167.9,1157.0,1158.0,-0.6,20611.0,1415.7,1097.6
HDL,6/12/2026,1160.1,1166.0,1155.0,1155.3,-0.41,19450.0,1415.7,1097.6
HDL,6/15/2026,1097.6,1165.2,1097.6,1154.0,5.14,19152.0,1415.7,1097.6
HDL,6/16/2026,1097.7,1170.0,1097.7,1151.5,4.9,15106.0,1415.7,1097.6
HDL,6/17/2026,1155.0,1155.0,1151.4,1154.0,-0.09,13923.0,1415.7,1097.6
HDL,6/18/2026,1155.0,1161.0,1150.3,1152.1,-0.25,15769.0,1415.7,1097.6
HDL,6/19/2026,1154.0,1155.0,1150.1,1151.0,-0.26,15403.0,1415.7,1097.6
HDL,6/22/2026,1153.0,1156.0,1150.1,1150.5,-0.22,16820.0,1415.7,1097.6
HDL,6/23/2026,1150.0,1152.0,1145.2,1145.5,-0.39,20850.0,1415.7,1097.6
HDL,6/24/2026,1146.0,1150.0,1137.1,1140.2,-0.51,28211.0,1415.7,1097.6
HDL,6/26/2026,1147.0,1156.9,1145.0,1147.0,0.0,17608.0,1415.7,1097.6
HDL,6/29/2026,1150.9,1151.0,1140.0,1143.5,-0.64,16527.0,1415.7,1097.6
HDL,6/30/2026,1154.0,1154.0,1140.0,1141.0,-1.13,18147.0,1415.7,1097.6
HDL,7/1/2026,1142.0,1150.0,1142.0,1147.0,0.44,13221.0,1415.7,1097.6
HDL,7/2/2026,1150.0,1150.0,1139.0,1150.0,0.0,16574.0,1415.7,1097.6
HDL,7/3/2026,1160.0,1160.0,1150.0,1153.0,-0.6,20232.0,1415.7,1097.6
HDL,7/6/2026,1153.7,1158.9,1145.2,1146.0,-0.67,17396.0,1415.7,1097.6
HDL,7/7/2026,1147.1,1153.0,1146.5,1150.0,0.25,19454.0,1415.7,1097.6
HDL,7/8/2026,1150.0,1153.5,1145.0,1147.0,-0.26,20807.0,1415.7,1097.6
HDL,7/9/2026,1148.0,1149.9,1143.2,1144.0,-0.35,25218.0,1415.7,1097.6
HDL,7/10/2026,1145.0,1147.5,1142.0,1142.6,-0.21,17488.0,1415.7,1097.6
HDL,7/13/2026,1145.0,1146.0,1140.0,1142.0,-0.26,34920.0,1415.7,1097.6
HDL,7/14/2026,1149.0,1149.0,1138.0,1145.0,-0.35,31356.0,1415.7,1097.6
HDL,7/15/2026,1145.0,1152.0,1143.0,1143.0,-0.17,23382.0,1415.7,1097.6
HDL,7/16/2026,1143.2,1147.2,1135.0,1140.0,-0.28,36014.0,1415.7,1097.6
HDL,7/17/2026,1148.0,1163.9,1148.0,1163.0,1.31,20089.0,1415.7,1097.6
HDL,7/20/2026,1191.0,1191.0,1159.0,1179.9,-0.93,32918.0,1415.7,1097.6
HDL,7/21/2026,1180.0,1199.0,1178.0,1188.5,0.72,48777.0,1415.7,1097.6
HDL,7/22/2026,1181.0,1189.9,1170.2,1178.0,-0.25,30326.0,1415.7,1097.6
HDL,7/23/2026,1189.0,1190.0,1165.1,1179.0,-0.84,19870.0,1415.7,1097.6
HDL,7/24/2026,1180.0,1188.0,1166.0,1166.0,-1.19,24277.0,1415.7,1097.6
HDL,7/27/2026,1199.0,1199.0,1161.0,1164.8,-2.85,20739.0,1415.7,1097.6
HDL,7/28/2026,1177.9,1177.9,1160.0,1167.5,-0.88,18727.0,1415.7,1097.6
HDL,7/29/2026,1125.8,1171.0,1125.8,1165.0,3.48,12341.0,1415.7,1097.6
HDL,7/30/2026,1170.0,1170.0,1160.0,1161.2,-0.75,17763.0,1415.7,1097.6
HDL,7/31/2026,1167.0,1167.0,1160.3,1164.0,-0.26,18896.0,1415.7,1097.6
HDL,8/3/2026,1170.0,1175.3,1165.0,1171.0,0.09,33432.0,1415.7,1097.6
HDL,8/4/2026,1170.0,1172.0,1167.0,1167.3,-0.23,12403.0,1415.7,1097.6
HDL,8/5/2026,1170.0,1172.9,1165.0,1172.0,0.17,15030.0,1415.7,1097.6
HDL,8/6/2026,1174.0,1174.0,1167.0,1167.0,-0.6,15131.0,1415.7,1097.6
HDL,8/7/2026,1170.0,1175.0,1165.1,1167.0,-0.26,12427.0,1415.7,1097.6
HDL,8/10/2026,1175.0,1175.0,1165.0,1165.1,-0.84,16464.0,1415.7,1097.6
HDL,8/11/2026,1164.0,1174.0,1161.0,1162.0,-0.17,17397.0,1415.7,1097.6
HDL,8/12/2026,1120.0,1185.0,1120.0,1166.0,4.11,17422.0,1415.7,1097.6
HDL,8/13/2026,1124.3,1185.0,1124.3,1166.0,3.71,11207.0,1415.7,1097.6
HDL,8/14/2026,1120.0,1183.0,1120.0,1175.0,4.91,31231.0,1415.7,1097.6
HDL,8/17/2026,1175.0,1185.0,1175.0,1179.0,0.34,23412.0,1415.7,1097.6
HDL,8/18/2026,1182.0,1184.6,1179.0,1180.9,-0.09,22481.0,1415.7,1097.6
HDL,8/19/2026,1185.0,1185.0,1175.0,1178.2,-0.57,17260.0,1415.7,1097.6
HDL,8/20/2026,1184.0,1184.0,1173.0,1177.0,-0.59,11771.0,1415.7,1097.6
HDL,8/21/2026,1178.0,1182.0,1172.5,1172.5,-0.47,10688.0,1415.7,1097.6
HDL,8/24/2026,1174.0,1181.0,1169.0,1170.9,-0.26,21859.0,1415.7,1097.6
HDL,8/25/2026,1170.0,1177.9,1169.0,1169.0,-0.09,12827.0,1415.7,1097.6
HDL,8/26/2026,1170.0,1170.0,1155.2,1162.0,-0.68,21254.0,1415.7,1097.6
HDL,8/27/2026,1162.0,1169.0,1151.0,1163.0,0.09,27280.0,1415.7,1097.6
HDL,8/31/2026,1169.0,1169.9,1150.2,1157.0,-1.03,18704.0,1415.7,1097.6
HDL,9/1/2026,1160.0,1163.5,1156.0,1157.9,-0.18,14685.0,1415.7,1097.6
HDL,9/2/2026,1177.0,1177.0,1155.0,1164.0,-1.1,7157.0,1415.7,1097.6
HDL,9/3/2026,1164.0,1178.9,1162.0,1170.3,0.54,16547.0,1415.7,1097.6
HDL,9/7/2026,1170.0,1195.0,1170.0,1187.0,1.45,24480.0,1415.7,1097.6
HDL,9/9/2026,1188.0,1191.0,1183.0,1187.0,-0.08,28507.0,1415.7,1097.6
HDL,9/10/2026,1193.8,1193.8,1180.3,1183.0,-0.9,14197.0,1415.7,1097.6
HDL,9/11/2026,1189.0,1192.0,1180.2,1192.0,0.25,28552.0,1415.7,1097.6
HDL,9/14/2026,1192.0,1205.9,1190.0,1201.0,0.76,59826.0,1415.7,1097.6
HDL,9/15/2026,1251.0,1251.0,1205.9,1217.9,-2.65,68142.0,1415.7,1097.6
HDL,9/16/2026,1220.0,1220.0,1200.0,1204.0,-1.31,37178.0,1415.7,1097.6
HDL,9/17/2026,1215.0,1220.0,1209.0,1217.0,0.16,30134.0,1415.7,1097.6
HDL,9/18/2026,1218.0,1232.0,1211.5,1224.0,0.49,47540.0,1415.7,1097.6
HDL,9/22/2026,1230.0,1285.0,1230.0,1284.0,4.39,318660.0,1415.7,1097.6
HDL,9/23/2026,1284.0,1290.0,1270.2,1278.3,-0.44,160407.0,1415.7,1097.6
HDL,9/24/2026,1280.0,1320.0,1270.2,1312.0,2.5,269776.0,1415.7,1097.6
HDL,9/28/2026,1312.0,1363.2,1305.1,1323.0,0.84,269117.0,1415.7,1097.6
HDL,9/29/2026,1323.0,1329.0,1285.0,0.0,-100.0,121577.0,1415.7,1097.6
HDL,9/30/2026,1261.0,1296.0,1261.0,1292.0,2.46,106521.0,1415.7,1097.6
HDL,10/1/2026,1292.0,1298.9,1283.0,1286.0,-0.46,78978.0,1415.7,1097.6
HDL,10/2/2026,1350.0,1350.0,1285.0,1293.0,-4.22,102165.0,1415.7,1097.6
HEI,12/21/2025,488.1,503.9,482.1,503.9,,12659.0,596.0,418.0
HEI,12/22/2025,494.0,496.9,485.0,496.9,-1.39,4436.0,596.0,418.0
HEI,12/23/2025,500.0,501.0,490.0,501.0,0.83,7964.0,596.0,418.0
HEI,12/24/2025,491.0,501.0,491.0,500.0,-0.2,5555.0,596.0,418.0
HEI,12/28/2025,500.0,510.0,495.0,510.0,2.0,24244.0,596.0,418.0
HEI,12/29/2025,504.0,511.0,501.0,510.0,0.0,17159.0,596.0,418.0
HEI,12/31/2025,506.5,515.0,506.5,514.0,0.78,10985.0,596.0,418.0
HEI,1/1/2026,512.7,512.7,504.2,507.0,-1.36,8509.0,596.0,418.0
HEI,1/4/2026,513.0,513.0,502.5,506.0,-0.2,15209.0,596.0,418.0
HEI,1/5/2026,500.0,507.0,500.0,506.0,0.0,1475.0,596.0,418.0
HEI,1/6/2026,514.9,514.9,504.0,507.0,0.2,13087.0,596.0,418.0
HEI,1/7/2026,507.0,507.0,500.1,506.0,-0.2,7187.0,596.0,418.0
HEI,1/8/2026,506.0,509.0,500.0,508.9,0.57,5181.0,596.0,418.0
HEI,1/12/2026,508.9,512.0,500.1,507.5,-0.28,5763.0,596.0,418.0
HEI,1/13/2026,500.0,507.0,499.0,504.0,-0.69,3510.0,596.0,418.0
HEI,1/14/2026,498.0,505.0,497.0,504.9,0.18,2451.0,596.0,418.0
HEI,1/18/2026,514.7,514.7,498.0,514.7,1.94,11010.0,596.0,418.0
HEI,1/20/2026,515.0,529.9,505.1,526.0,2.2,19072.0,596.0,418.0
HEI,1/21/2026,520.1,525.0,515.0,523.0,-0.57,7735.0,596.0,418.0
HEI,1/22/2026,517.0,525.0,516.5,523.9,0.17,5507.0,596.0,418.0
HEI,1/25/2026,524.0,539.0,520.1,535.0,2.12,11493.0,596.0,418.0
HEI,1/26/2026,540.0,540.0,525.2,530.0,-0.93,10483.0,596.0,418.0
HEI,1/27/2026,521.5,530.0,515.0,516.0,-2.64,13235.0,596.0,418.0
HEI,1/28/2026,515.0,519.9,512.5,519.9,0.76,5375.0,596.0,418.0
HEI,1/29/2026,510.1,525.0,510.1,513.6,-1.21,11453.0,596.0,418.0
HEI,2/1/2026,513.0,520.0,513.0,517.0,0.66,14696.0,596.0,418.0
HEI,2/2/2026,507.3,516.8,506.1,513.0,-0.77,11162.0,596.0,418.0
HEI,2/3/2026,513.0,515.0,502.0,511.0,-0.39,8760.0,596.0,418.0
HEI,2/4/2026,518.9,518.9,503.5,510.0,-0.2,3827.0,596.0,418.0
HEI,2/5/2026,510.0,516.1,505.2,516.0,1.18,4584.0,596.0,418.0
HEI,2/8/2026,523.0,524.0,515.0,515.0,-0.19,9317.0,596.0,418.0
HEI,2/9/2026,510.0,511.0,503.0,505.0,-1.94,6936.0,596.0,418.0
HEI,2/10/2026,495.1,507.0,495.1,506.0,0.2,8753.0,596.0,418.0
HEI,2/11/2026,505.0,508.0,500.0,507.0,0.2,9456.0,596.0,418.0
HEI,2/12/2026,506.9,507.8,500.0,502.0,-0.99,12055.0,596.0,418.0
HEI,2/16/2026,502.0,506.9,495.5,506.4,0.88,15134.0,596.0,418.0
HEI,2/17/2026,498.0,505.0,490.0,495.0,-2.25,33994.0,596.0,418.0
HEI,2/22/2026,495.0,511.0,495.0,507.0,2.42,23194.0,596.0,418.0
HEI,2/23/2026,513.8,513.8,502.0,508.0,0.2,5213.0,596.0,418.0
HEI,2/24/2026,505.9,515.0,504.7,509.8,0.35,3216.0,596.0,418.0
HEI,2/25/2026,514.7,514.7,503.0,504.7,-1.0,9104.0,596.0,418.0
HEI,2/26/2026,501.2,513.0,501.2,512.0,1.45,6456.0,596.0,418.0
HEI,2/27/2026,501.2,513.0,501.2,512.0,0.0,6456.0,596.0,418.0
HEI,2/28/2026,501.2,513.0,501.2,512.0,0.0,6456.0,596.0,418.0
HEI,3/2/2026,504.1,518.0,504.1,517.7,1.11,9176.0,596.0,418.0
HEI,3/3/2026,508.0,525.0,507.4,522.7,0.97,6019.0,596.0,418.0
HEI,3/4/2026,508.0,525.0,507.4,522.7,0.0,6019.0,596.0,418.0
HEI,3/5/2026,508.0,525.0,507.4,522.7,0.0,6019.0,596.0,418.0
HEI,3/6/2026,508.0,525.0,507.4,522.7,0.0,6019.0,596.0,418.0
HEI,3/7/2026,508.0,525.0,507.4,522.7,0.0,6019.0,596.0,418.0
HEI,3/8/2026,508.0,525.0,507.4,522.7,0.0,6019.0,596.0,418.0
HEI,3/9/2026,533.1,534.0,533.1,534.0,2.16,764.0,596.0,418.0
HEI,3/10/2026,544.6,555.4,532.0,534.2,0.04,29121.0,596.0,418.0
HEI,3/11/2026,540.0,540.0,531.1,531.1,-0.58,17430.0,596.0,418.0
HEI,3/12/2026,531.1,535.2,525.1,534.1,0.56,8410.0,596.0,418.0
HEI,3/13/2026,531.1,535.2,525.1,534.1,0.0,8410.0,596.0,418.0
HEI,3/14/2026,531.1,535.2,525.1,534.1,0.0,8410.0,596.0,418.0
HEI,3/15/2026,538.0,542.0,535.0,542.0,1.48,14190.0,596.0,418.0
HEI,3/16/2026,537.0,540.0,532.0,534.9,-1.31,8666.0,596.0,418.0
HEI,3/17/2026,540.0,540.0,530.0,540.0,0.95,6679.0,596.0,418.0
HEI,3/18/2026,540.0,540.0,530.0,540.0,0.0,6679.0,596.0,418.0
HEI,3/19/2026,545.0,565.0,539.5,555.0,2.78,42847.0,596.0,418.0
HEI,3/20/2026,545.0,565.0,539.5,555.0,0.0,42847.0,596.0,418.0
HEI,3/21/2026,545.0,565.0,539.5,555.0,0.0,42847.0,596.0,418.0
HEI,3/22/2026,552.0,576.0,552.0,576.0,3.78,29229.0,596.0,418.0
HEI,3/23/2026,564.5,573.9,560.0,569.8,-1.08,13637.0,596.0,418.0
HEI,3/24/2026,570.9,580.8,555.7,569.2,-0.11,24869.0,596.0,418.0
HEI,3/25/2026,560.0,579.0,560.0,563.0,-1.09,23512.0,596.0,418.0
HEI,3/26/2026,557.09,568.0,557.09,568.0,1.96,19539.0,596.0,418.0
HEI,3/29/2026,557.0,567.0,550.1,551.0,-1.08,25343.0,596.0,418.0
HEI,3/30/2026,540.1,549.0,529.5,536.0,-0.76,7904.0,596.0,418.0
HEI,3/31/2026,540.0,546.9,520.0,546.9,1.28,21181.0,596.0,418.0
HEI,4/1/2026,545.5,545.5,526.0,526.0,-3.57,18057.0,596.0,418.0
HEI,4/2/2026,520.5,540.0,515.6,530.0,1.83,12360.0,596.0,418.0
HEI,4/5/2026,519.5,519.5,509.0,514.0,-1.06,22078.0,596.0,418.0
HEI,4/6/2026,520.0,523.7,507.0,522.4,0.46,16593.0,596.0,418.0
HEI,4/7/2026,528.9,528.9,510.0,518.0,-2.06,13279.0,596.0,418.0
HEI,4/8/2026,515.0,523.0,513.0,522.2,1.4,9566.0,596.0,418.0
HEI,4/9/2026,532.5,532.5,515.0,525.1,-1.39,8207.0,596.0,418.0
HEI,4/10/2026,524.0,524.0,519.0,521.0,-0.57,6789.0,596.0,418.0
HEI,4/13/2026,530.9,530.9,518.1,523.0,-1.49,5015.0,596.0,418.0
HEI,4/15/2026,520.0,532.0,520.0,531.0,2.12,9798.0,596.0,418.0
HEI,4/16/2026,525.0,525.2,520.0,524.0,-0.19,5265.0,596.0,418.0
HEI,4/17/2026,528.0,528.0,516.0,524.9,-0.59,2523.0,596.0,418.0
HEI,4/20/2026,517.5,523.9,515.1,523.9,1.24,4941.0,596.0,418.0
HEI,4/21/2026,550.0,550.0,515.0,518.0,-5.82,2523.0,596.0,418.0
HEI,4/22/2026,510.0,525.0,502.5,525.0,2.94,21995.0,596.0,418.0
HEI,4/23/2026,520.0,529.0,514.0,514.0,-1.15,5136.0,596.0,418.0
HEI,4/24/2026,514.0,517.1,503.1,515.0,0.19,3067.0,596.0,418.0
HEI,4/27/2026,515.0,516.0,505.0,515.0,0.0,6158.0,596.0,418.0
HEI,4/28/2026,515.0,516.0,502.0,516.0,0.19,3388.0,596.0,418.0
HEI,4/29/2026,516.0,517.0,506.2,507.0,-1.74,4790.0,596.0,418.0
HEI,4/30/2026,503.3,516.0,503.2,516.0,2.52,2081.0,596.0,418.0
HEI,5/4/2026,510.0,520.0,510.0,519.0,1.76,4502.0,596.0,418.0
HEI,5/5/2026,519.1,523.6,510.1,518.0,-0.21,660.0,596.0,418.0
HEI,5/6/2026,520.0,520.0,509.0,519.0,-0.19,4595.0,596.0,418.0
HEI,5/7/2026,530.0,530.0,515.1,520.0,-1.89,1186.0,596.0,418.0
HEI,5/8/2026,533.0,533.0,521.0,529.9,-0.58,9504.0,596.0,418.0
HEI,5/11/2026,536.4,540.0,530.0,539.4,0.56,7386.0,596.0,418.0
HEI,5/12/2026,524.0,553.6,520.0,529.0,0.95,14005.0,596.0,418.0
HEI,5/13/2026,516.2,530.0,516.2,529.7,2.62,4086.0,596.0,418.0
HEI,5/14/2026,537.0,538.0,527.0,536.5,-0.09,8671.0,596.0,418.0
HEI,5/15/2026,545.0,545.0,530.1,532.0,-2.39,4815.0,596.0,418.0
HEI,5/18/2026,539.9,540.0,522.0,530.0,-1.83,1980.0,596.0,418.0
HEI,5/19/2026,530.0,530.0,520.2,526.0,-0.75,2346.0,596.0,418.0
HEI,5/20/2026,522.0,530.9,515.1,530.9,1.7,7904.0,596.0,418.0
HEI,5/21/2026,532.0,537.0,528.0,531.8,-0.04,4946.0,596.0,418.0
HEI,5/22/2026,530.0,536.0,528.0,535.9,1.11,2872.0,596.0,418.0
HEI,5/25/2026,535.0,583.0,533.0,535.0,0.0,8439.0,596.0,418.0
HEI,5/26/2026,535.0,535.0,531.3,532.8,-0.41,3179.0,596.0,418.0
HEI,5/27/2026,547.6,547.6,530.5,536.0,-2.12,8271.0,596.0,418.0
HEI,6/1/2026,540.0,570.0,540.0,548.0,1.48,31857.0,596.0,418.0
HEI,6/2/2026,545.0,575.0,544.0,563.9,3.47,38402.0,596.0,418.0
HEI,6/3/2026,590.0,592.0,566.9,586.0,-0.68,89400.0,596.0,418.0
HEI,6/4/2026,585.0,589.8,568.0,570.0,-2.56,26991.0,596.0,418.0
HEI,6/5/2026,570.0,573.9,550.0,565.0,-0.88,13972.0,596.0,418.0
HEI,6/8/2026,555.3,569.0,550.0,560.0,0.85,27228.0,596.0,418.0
HEI,6/9/2026,550.0,568.0,548.6,564.0,2.55,15779.0,596.0,418.0
HEI,6/10/2026,570.0,570.0,558.2,562.0,-1.4,3787.0,596.0,418.0
HEI,6/11/2026,590.1,590.1,553.1,561.5,-4.85,6505.0,596.0,418.0
HEI,6/12/2026,553.4,596.0,552.0,569.0,2.82,18277.0,596.0,418.0
HEI,6/15/2026,569.0,584.0,553.0,563.0,-1.05,5031.0,596.0,418.0
HEI,6/16/2026,563.0,565.0,557.1,560.0,-0.53,3771.0,596.0,418.0
HEI,6/17/2026,550.0,555.1,547.0,554.0,0.73,14855.0,596.0,418.0
HEI,6/18/2026,569.8,569.8,544.0,549.0,-3.65,19580.0,596.0,418.0
HEI,6/19/2026,565.0,580.0,546.2,550.0,-2.65,13499.0,596.0,418.0
HEI,6/22/2026,565.0,565.0,545.8,551.0,-2.48,7666.0,596.0,418.0
HEI,6/23/2026,565.0,565.0,548.0,550.0,-2.65,15597.0,596.0,418.0
HEI,6/24/2026,547.0,556.2,535.1,543.0,-0.73,12780.0,596.0,418.0
HEI,6/26/2026,553.0,553.0,538.0,538.0,-2.71,3859.0,596.0,418.0
HEI,6/29/2026,532.1,545.0,530.4,537.0,0.92,5403.0,596.0,418.0
HEI,6/30/2026,525.0,550.0,525.0,535.0,1.9,8078.0,596.0,418.0
HEI,7/1/2026,551.0,567.5,538.0,541.2,-1.78,1744.0,596.0,418.0
HEI,7/2/2026,535.5,550.0,535.2,545.0,1.77,5623.0,596.0,418.0
HEI,7/3/2026,554.0,554.0,542.1,543.0,-1.99,7399.0,596.0,418.0
HEI,7/6/2026,559.0,559.0,536.6,540.1,-3.38,7969.0,596.0,418.0
HEI,7/7/2026,536.0,542.0,525.0,541.0,0.93,8569.0,596.0,418.0
HEI,7/8/2026,526.0,554.0,526.0,530.5,0.86,30261.0,596.0,418.0
HEI,7/9/2026,530.1,530.1,513.1,518.0,-2.28,21577.0,596.0,418.0
HEI,7/10/2026,518.0,533.0,510.0,510.0,-1.54,16277.0,596.0,418.0
HEI,7/13/2026,509.0,515.0,503.0,510.0,0.2,19501.0,596.0,418.0
HEI,7/14/2026,507.0,515.0,489.9,512.9,1.16,33367.0,596.0,418.0
HEI,7/15/2026,512.0,522.0,501.0,510.9,-0.21,6421.0,596.0,418.0
HEI,7/16/2026,526.0,526.0,510.0,520.0,-1.14,7317.0,596.0,418.0
HEI,7/17/2026,534.9,540.0,526.0,535.0,0.02,7861.0,596.0,418.0
HEI,7/20/2026,523.0,544.0,523.0,540.0,3.25,4950.0,596.0,418.0
HEI,7/21/2026,541.0,548.9,527.1,539.9,-0.2,6688.0,596.0,418.0
HEI,7/22/2026,535.0,542.0,528.1,532.0,-0.56,8219.0,596.0,418.0
HEI,7/23/2026,533.0,536.0,528.0,535.9,0.54,2561.0,596.0,418.0
HEI,7/24/2026,530.3,545.0,530.2,544.0,2.58,7482.0,596.0,418.0
HEI,7/27/2026,545.0,548.0,530.7,542.0,-0.55,9478.0,596.0,418.0
HEI,7/28/2026,540.0,540.0,535.0,537.0,-0.56,4498.0,596.0,418.0
HEI,7/29/2026,542.0,548.4,535.2,542.8,0.15,1764.0,596.0,418.0
HEI,7/30/2026,533.0,536.0,530.0,536.0,0.56,4626.0,596.0,418.0
HEI,7/31/2026,543.9,543.9,530.0,539.0,-0.9,3856.0,596.0,418.0
HEI,8/3/2026,552.0,552.0,535.8,540.0,-2.17,6507.0,596.0,418.0
HEI,8/4/2026,525.1,536.0,525.1,535.0,1.89,3773.0,596.0,418.0
HEI,8/5/2026,544.9,544.9,535.0,538.8,-1.12,4197.0,596.0,418.0
HEI,8/6/2026,539.9,539.9,530.6,537.0,-0.54,2732.0,596.0,418.0
HEI,8/7/2026,532.2,538.7,532.1,534.0,0.34,2186.0,596.0,418.0
HEI,8/10/2026,532.0,534.0,522.2,531.0,-0.19,2214.0,596.0,418.0
HEI,8/11/2026,542.9,542.9,531.0,534.7,-1.51,5131.0,596.0,418.0
HEI,8/12/2026,525.0,540.0,525.0,537.9,2.46,341.0,596.0,418.0
HEI,8/13/2026,537.0,541.0,526.3,532.0,-0.93,7966.0,596.0,418.0
HEI,8/14/2026,532.0,535.0,529.0,535.0,0.56,681.0,596.0,418.0
HEI,8/17/2026,531.0,535.0,529.0,529.6,-0.26,12330.0,596.0,418.0
HEI,8/18/2026,529.0,530.0,516.0,524.0,-0.95,10697.0,596.0,418.0
HEI,8/19/2026,529.0,529.0,524.0,529.0,0.0,412.0,596.0,418.0
HEI,8/20/2026,523.0,531.2,516.0,529.0,1.15,18340.0,596.0,418.0
HEI,8/21/2026,524.1,530.0,523.1,527.0,0.55,7521.0,596.0,418.0
HEI,8/24/2026,523.5,529.9,515.5,519.7,-0.73,4901.0,596.0,418.0
HEI,8/25/2026,520.1,524.7,520.0,524.0,0.75,6967.0,596.0,418.0
HEI,8/26/2026,515.0,524.7,495.0,505.0,-1.94,24828.0,596.0,418.0
HEI,8/27/2026,491.0,500.0,475.0,489.9,-0.22,30286.0,596.0,418.0
HEI,8/31/2026,488.0,488.0,456.0,459.0,-5.94,17668.0,596.0,418.0
HEI,9/1/2026,450.0,463.4,418.0,453.0,0.67,22009.0,596.0,418.0
HEI,9/2/2026,440.4,465.7,440.4,465.7,5.74,34761.0,596.0,418.0
HEI,9/3/2026,474.0,474.0,452.0,464.7,-1.96,14341.0,596.0,418.0
HEI,9/7/2026,477.0,477.4,461.4,469.9,-1.49,9749.0,596.0,418.0
HEI,9/9/2026,462.0,480.0,453.1,460.0,-0.43,6900.0,596.0,418.0
HEI,9/10/2026,461.1,461.1,446.5,450.0,-2.41,13299.0,596.0,418.0
HEI,9/11/2026,442.0,460.0,437.1,460.0,4.07,11718.0,596.0,418.0
HEI,9/14/2026,460.0,473.0,455.0,471.9,2.59,9682.0,596.0,418.0
HEI,9/15/2026,495.0,495.0,479.0,488.7,-1.27,15034.0,596.0,418.0
HEI,9/16/2026,477.0,490.5,475.0,477.0,0.0,19915.0,596.0,418.0
HEI,9/17/2026,478.0,482.0,477.7,481.5,0.73,11127.0,596.0,418.0
HEI,9/18/2026,472.0,483.9,472.0,483.0,2.33,7211.0,596.0,418.0
HEI,9/22/2026,475.0,488.3,474.2,478.9,0.82,15554.0,596.0,418.0
HEI,9/23/2026,470.0,482.0,463.2,474.7,1.0,6649.0,596.0,418.0
HEI,9/24/2026,474.5,474.5,465.0,473.0,-0.32,5740.0,596.0,418.0
HEI,9/28/2026,486.0,486.0,465.0,466.0,-4.12,1213.0,596.0,418.0
HEI,9/29/2026,466.0,466.0,460.0,0.0,-100.0,10879.0,596.0,418.0
HEI,9/30/2026,460.0,460.0,448.5,454.8,-1.13,13148.0,596.0,418.0
HEI,10/1/2026,455.0,455.0,448.0,448.6,-1.41,4182.0,596.0,418.0
HEI,10/2/2026,448.6,454.0,442.1,444.1,-1.0,11340.0,596.0,418.0
HEIP,1/26/2026,312.1,324.0,311.7,324.0,,1818.0,378.0,288.0
HEIP,1/27/2026,320.0,320.0,311.4,313.9,-3.12,11090.0,378.0,288.0
HEIP,1/28/2026,309.0,319.9,302.0,319.9,1.91,4397.0,378.0,288.0
HEIP,1/29/2026,321.9,322.0,316.0,317.0,-0.91,7600.0,378.0,288.0
HEIP,2/1/2026,317.0,323.0,317.0,323.0,1.89,1421.0,378.0,288.0
HEIP,2/2/2026,317.0,317.0,310.7,310.7,-3.81,1110.0,378.0,288.0
HEIP,2/3/2026,312.1,312.1,304.5,304.5,-2.0,3000.0,378.0,288.0
HEIP,2/4/2026,310.5,310.5,305.2,305.2,0.23,113.0,378.0,288.0
HEIP,2/5/2026,304.1,304.1,304.1,304.1,-0.36,300.0,378.0,288.0
HEIP,2/9/2026,307.1,307.1,307.1,307.1,0.99,18.0,378.0,288.0
HEIP,2/10/2026,305.1,305.1,305.0,305.0,-0.68,110.0,378.0,288.0
HEIP,2/11/2026,311.0,311.1,308.0,308.0,0.98,1127.0,378.0,288.0
HEIP,2/12/2026,309.0,312.5,305.0,305.0,-0.97,3290.0,378.0,288.0
HEIP,2/16/2026,305.3,305.3,305.3,305.3,0.1,200.0,378.0,288.0
HEIP,2/17/2026,305.1,316.0,302.5,316.0,3.5,2215.0,378.0,288.0
HEIP,2/22/2026,318.9,318.9,306.4,317.0,0.32,610.0,378.0,288.0
HEIP,2/23/2026,311.0,316.8,293.1,316.8,-0.06,5270.0,378.0,288.0
HEIP,2/24/2026,321.0,321.0,310.0,313.4,-1.07,230.0,378.0,288.0
HEIP,2/25/2026,314.9,314.9,314.9,314.9,0.48,10.0,378.0,288.0
HEIP,2/26/2026,320.0,320.0,304.9,304.9,-3.18,2240.0,378.0,288.0
HEIP,2/27/2026,320.0,320.0,304.9,304.9,0.0,2240.0,378.0,288.0
HEIP,2/28/2026,320.0,320.0,304.9,304.9,0.0,2240.0,378.0,288.0
HEIP,3/2/2026,310.9,310.9,304.7,304.7,-0.07,1030.0,378.0,288.0
HEIP,3/3/2026,308.0,313.0,308.0,313.0,2.72,1293.0,378.0,288.0
HEIP,3/4/2026,308.0,313.0,308.0,313.0,0.0,1293.0,378.0,288.0
HEIP,3/5/2026,308.0,313.0,308.0,313.0,0.0,1293.0,378.0,288.0
HEIP,3/6/2026,308.0,313.0,308.0,313.0,0.0,1293.0,378.0,288.0
HEIP,3/7/2026,308.0,313.0,308.0,313.0,0.0,1293.0,378.0,288.0
HEIP,3/8/2026,308.0,313.0,308.0,313.0,0.0,1293.0,378.0,288.0
HEIP,3/9/2026,319.2,319.2,319.2,319.2,1.98,500.0,378.0,288.0
HEIP,3/10/2026,325.5,325.5,315.6,323.9,1.47,2187.0,378.0,288.0
HEIP,3/11/2026,317.5,317.5,317.5,317.5,-1.98,10.0,378.0,288.0
HEIP,3/12/2026,316.1,323.2,316.0,323.0,1.73,1180.0,378.0,288.0
HEIP,3/13/2026,316.1,323.2,316.0,323.0,0.0,1180.0,378.0,288.0
HEIP,3/14/2026,316.1,323.2,316.0,323.0,0.0,1180.0,378.0,288.0
HEIP,3/15/2026,316.6,325.0,311.3,325.0,0.62,3278.0,378.0,288.0
HEIP,3/16/2026,318.5,321.3,315.0,321.3,-1.14,573.0,378.0,288.0
HEIP,3/17/2026,314.9,320.9,303.4,320.8,-0.16,5062.0,378.0,288.0
HEIP,3/18/2026,314.9,320.9,303.4,320.8,0.0,5062.0,378.0,288.0
HEIP,3/19/2026,315.0,323.0,314.4,323.0,0.69,6370.0,378.0,288.0
HEIP,3/20/2026,315.0,323.0,314.4,323.0,0.0,6370.0,378.0,288.0
HEIP,3/21/2026,315.0,323.0,314.4,323.0,0.0,6370.0,378.0,288.0
HEIP,3/22/2026,329.4,338.6,316.6,338.6,4.83,12629.0,378.0,288.0
HEIP,3/23/2026,333.0,337.9,324.6,331.1,-2.22,2155.0,378.0,288.0
HEIP,3/24/2026,327.0,330.0,319.5,329.0,-0.63,4115.0,378.0,288.0
HEIP,3/25/2026,329.0,331.7,326.1,326.6,-0.73,4831.0,378.0,288.0
HEIP,3/26/2026,333.1,333.1,323.6,324.0,-2.73,1243.0,378.0,288.0
HEIP,3/29/2026,320.2,330.4,320.2,323.5,1.03,4235.0,378.0,288.0
HEIP,3/30/2026,322.0,328.0,310.0,328.0,1.86,4944.0,378.0,288.0
HEIP,3/31/2026,325.0,334.5,325.0,331.0,1.85,5131.0,378.0,288.0
HEIP,4/1/2026,324.4,334.5,324.0,330.0,1.73,12570.0,378.0,288.0
HEIP,4/2/2026,330.0,336.6,323.5,329.9,-0.03,2715.0,378.0,288.0
HEIP,4/5/2026,323.4,323.4,317.0,317.0,-1.98,300.0,378.0,288.0
HEIP,4/6/2026,323.3,338.0,323.3,331.2,2.44,5618.0,378.0,288.0
HEIP,4/7/2026,331.0,344.5,331.0,337.1,1.84,5750.0,378.0,288.0
HEIP,4/8/2026,338.0,338.0,338.0,338.0,0.0,1675.0,378.0,288.0
HEIP,4/9/2026,333.1,339.0,333.1,339.0,1.77,2230.0,378.0,288.0
HEIP,4/10/2026,345.7,352.6,343.0,343.1,-0.75,34988.0,378.0,288.0
HEIP,4/13/2026,340.1,340.1,340.0,340.0,-0.03,1854.0,378.0,288.0
HEIP,4/15/2026,340.0,340.0,340.0,340.0,0.0,1610.0,378.0,288.0
HEIP,4/16/2026,340.0,358.0,340.0,349.0,2.65,5364.0,378.0,288.0
HEIP,4/17/2026,349.0,349.0,349.0,349.0,0.0,800.0,378.0,288.0
HEIP,4/20/2026,355.9,355.9,349.0,349.0,-1.94,1035.0,378.0,288.0
HEIP,4/21/2026,338.6,348.7,338.6,348.7,2.98,2120.0,378.0,288.0
HEIP,4/22/2026,348.0,348.0,328.1,347.0,-0.29,152.0,378.0,288.0
HEIP,4/23/2026,337.0,337.0,334.0,335.0,-0.59,249.0,378.0,288.0
HEIP,4/24/2026,335.0,335.0,334.5,335.0,0.0,210.0,378.0,288.0
HEIP,4/28/2026,335.0,325.9,316.5,322.1,-3.85,529.0,378.0,288.0
HEIP,4/29/2026,322.1,326.8,315.0,326.8,1.46,488.0,378.0,288.0
HEIP,4/30/2026,317.1,317.1,317.1,317.1,0.0,100.0,378.0,288.0
HEIP,5/4/2026,317.1,330.0,317.1,329.0,3.75,870.0,378.0,288.0
HEIP,5/5/2026,319.2,328.0,319.2,320.1,0.28,220.0,378.0,288.0
HEIP,5/6/2026,320.1,320.1,317.1,317.1,-0.94,350.0,378.0,288.0
HEIP,5/7/2026,309.1,309.1,309.1,309.1,0.0,10.0,378.0,288.0
HEIP,5/8/2026,318.0,320.2,312.3,320.2,0.69,1899.0,378.0,288.0
HEIP,5/11/2026,320.0,325.0,313.1,325.0,1.56,3110.0,378.0,288.0
HEIP,5/12/2026,315.5,318.0,315.5,318.0,0.79,784.0,378.0,288.0
HEIP,5/13/2026,309.2,318.4,309.2,318.4,2.98,350.0,378.0,288.0
HEIP,5/14/2026,311.0,320.0,311.0,320.0,2.89,1558.0,378.0,288.0
HEIP,5/15/2026,319.9,320.0,319.9,320.0,0.03,1000.0,378.0,288.0
HEIP,5/18/2026,313.0,313.0,313.0,313.0,0.0,103.0,378.0,288.0
HEIP,5/19/2026,305.0,314.1,305.0,314.1,2.98,119.0,378.0,288.0
HEIP,5/20/2026,317.0,320.5,317.0,320.5,1.1,644.0,378.0,288.0
HEIP,5/22/2026,320.0,320.0,320.0,320.0,0.0,500.0,378.0,288.0
HEIP,5/25/2026,328.9,328.9,326.0,326.0,-0.88,599.0,378.0,288.0
HEIP,5/26/2026,317.0,331.0,317.0,331.0,4.42,530.0,378.0,288.0
HEIP,5/27/2026,323.0,323.0,323.0,323.0,0.0,80.0,378.0,288.0
HEIP,6/1/2026,332.5,337.7,323.0,337.7,1.56,1638.0,378.0,288.0
HEIP,6/2/2026,340.0,340.0,340.0,340.0,0.0,20.0,378.0,288.0
HEIP,6/3/2026,340.0,371.0,336.9,347.0,2.06,2992.0,378.0,288.0
HEIP,6/4/2026,357.4,364.9,342.5,358.0,0.17,14909.0,378.0,288.0
HEIP,6/5/2026,360.0,360.0,352.0,352.0,-2.22,20.0,378.0,288.0
HEIP,6/8/2026,341.5,341.5,341.5,341.5,0.0,20.0,378.0,288.0
HEIP,6/9/2026,340.0,340.0,330.0,340.0,0.0,847.0,378.0,288.0
HEIP,6/10/2026,340.0,345.0,334.7,338.0,-0.59,474.0,378.0,288.0
HEIP,6/11/2026,342.0,345.0,338.0,338.0,-1.17,2028.0,378.0,288.0
HEIP,6/12/2026,337.0,337.0,327.9,327.9,-2.7,1015.0,378.0,288.0
HEIP,6/15/2026,320.5,320.5,320.1,320.1,-0.12,390.0,378.0,288.0
HEIP,6/16/2026,329.7,339.5,328.9,328.9,-0.24,672.0,378.0,288.0
HEIP,6/17/2026,328.0,328.0,319.0,319.0,-2.74,1020.0,378.0,288.0
HEIP,6/19/2026,316.0,316.0,316.0,316.0,0.0,23.0,378.0,288.0
HEIP,6/22/2026,316.0,325.0,316.0,325.0,2.85,500.0,378.0,288.0
HEIP,6/24/2026,333.0,333.0,333.0,333.0,0.0,51.0,378.0,288.0
HEIP,6/26/2026,344.0,350.0,327.9,327.9,-4.68,2045.0,378.0,288.0
HEIP,6/29/2026,330.0,330.0,330.0,330.0,0.0,500.0,378.0,288.0
HEIP,6/30/2026,320.7,322.0,320.7,321.0,0.09,540.0,378.0,288.0
HEIP,7/1/2026,330.6,330.6,320.7,320.7,-2.99,21.0,378.0,288.0
HEIP,7/2/2026,320.0,320.0,320.0,320.0,0.0,60.0,378.0,288.0
HEIP,7/3/2026,321.0,347.0,321.0,328.7,2.4,475.0,378.0,288.0
HEIP,7/6/2026,325.0,338.2,318.0,338.2,4.06,3010.0,378.0,288.0
HEIP,7/8/2026,329.0,329.0,329.0,329.0,0.0,35.0,378.0,288.0
HEIP,7/9/2026,337.0,337.0,327.0,327.0,-2.97,55.0,378.0,288.0
HEIP,7/10/2026,336.7,336.7,319.0,328.3,-2.49,1846.0,378.0,288.0
HEIP,7/13/2026,319.0,319.0,311.1,311.1,-2.48,711.0,378.0,288.0
HEIP,7/14/2026,311.0,320.0,311.0,320.0,2.89,35.0,378.0,288.0
HEIP,7/15/2026,311.0,329.0,311.0,329.0,5.79,54.0,378.0,288.0
HEIP,7/16/2026,325.0,378.0,315.3,378.0,16.31,7180.0,378.0,288.0
HEIP,7/17/2026,366.7,366.7,342.0,342.0,-6.74,550.0,378.0,288.0
HEIP,7/20/2026,340.0,340.0,340.0,340.0,0.0,23.0,378.0,288.0
HEIP,7/21/2026,330.0,353.0,330.0,340.0,3.03,3747.0,378.0,288.0
HEIP,7/23/2026,335.0,335.0,335.0,335.0,0.0,500.0,378.0,288.0
HEIP,7/24/2026,335.0,335.0,328.0,328.0,-2.09,500.0,378.0,288.0
HEIP,7/27/2026,337.8,342.0,337.8,342.0,1.24,491.0,378.0,288.0
HEIP,7/28/2026,347.0,352.2,332.0,332.0,-4.32,2781.0,378.0,288.0
HEIP,7/29/2026,341.9,341.9,341.9,341.9,0.0,10.0,378.0,288.0
HEIP,7/30/2026,335.0,343.0,321.9,340.0,1.49,817.0,378.0,288.0
HEIP,8/3/2026,332.0,338.0,329.8,338.0,1.81,694.0,378.0,288.0
HEIP,8/6/2026,337.5,337.5,337.5,337.5,0.0,10.0,378.0,288.0
HEIP,8/7/2026,337.9,339.0,332.0,332.0,-1.75,3160.0,378.0,288.0
HEIP,8/10/2026,330.0,337.8,330.0,337.8,2.36,20.0,378.0,288.0
HEIP,8/12/2026,328.0,328.0,328.0,328.0,0.0,10.0,378.0,288.0
HEIP,8/13/2026,318.2,330.0,318.2,330.0,3.71,26174.0,378.0,288.0
HEIP,8/14/2026,320.1,320.1,320.1,320.1,0.0,10.0,378.0,288.0
HEIP,8/17/2026,329.6,339.5,329.6,339.5,3.0,2830.0,378.0,288.0
HEIP,8/18/2026,333.0,340.0,333.0,340.0,2.1,3200.0,378.0,288.0
HEIP,8/19/2026,340.0,340.0,320.1,320.5,-5.74,1260.0,378.0,288.0
HEIP,8/20/2026,322.0,322.0,322.0,322.0,0.0,354.0,378.0,288.0
HEIP,8/21/2026,322.0,345.0,322.0,329.8,2.42,7986.0,378.0,288.0
HEIP,8/24/2026,339.0,345.0,330.1,330.1,-2.63,18110.0,378.0,288.0
HEIP,8/25/2026,326.0,339.0,326.0,339.0,3.99,6390.0,378.0,288.0
HEIP,8/26/2026,328.9,338.7,300.9,338.7,2.98,14087.0,378.0,288.0
HEIP,8/27/2026,328.6,328.6,300.3,309.3,-5.87,5010.0,378.0,288.0
HEIP,8/31/2026,304.0,318.0,303.0,318.0,4.61,2010.0,378.0,288.0
HEIP,9/1/2026,308.5,308.5,300.0,300.1,-2.72,3080.0,378.0,288.0
HEIP,9/2/2026,308.9,308.9,299.6,300.2,-2.82,1015.0,378.0,288.0
HEIP,9/3/2026,308.8,312.5,303.4,303.4,-1.75,2155.0,378.0,288.0
HEIP,9/7/2026,304.0,304.0,304.0,304.0,0.0,400.0,378.0,288.0
HEIP,9/9/2026,300.0,300.0,297.7,297.7,-0.77,310.0,378.0,288.0
HEIP,9/10/2026,306.0,306.0,289.5,292.0,-4.58,71.0,378.0,288.0
HEIP,9/11/2026,292.0,308.8,288.0,308.8,5.75,1719.0,378.0,288.0
HEIP,9/14/2026,301.0,315.0,301.0,313.0,3.99,230.0,378.0,288.0
HEIP,9/15/2026,320.0,322.0,312.0,313.0,-2.19,7350.0,378.0,288.0
HEIP,9/16/2026,322.2,322.3,320.0,320.0,-0.68,910.0,378.0,288.0
HEIP,9/17/2026,325.0,325.0,303.1,304.0,-6.46,545.0,378.0,288.0
HEIP,9/18/2026,313.0,322.0,313.0,321.0,2.56,1658.0,378.0,288.0
HEIP,9/22/2026,318.0,318.0,314.1,314.1,-1.23,110.0,378.0,288.0
HEIP,9/23/2026,323.5,323.5,304.8,310.1,-4.14,350.0,378.0,288.0
HEIP,9/24/2026,319.4,319.4,319.4,319.4,0.0,702.0,378.0,288.0
HEIP,9/28/2026,312.1,312.1,312.1,312.1,0.0,83.0,378.0,288.0
HEIP,9/29/2026,303.0,303.0,303.0,0.0,-100.0,14.0,378.0,288.0
HEIP,9/30/2026,317.2,317.2,317.2,317.2,0.0,500.0,378.0,288.0
HEIP,10/1/2026,322.0,326.0,322.0,326.0,1.24,500.0,378.0,288.0
HEIP,10/2/2026,317.0,317.0,308.4,308.4,-2.71,338.0,378.0,288.0
HFIN,3/12/2026,101.7,111.8,101.7,111.8,,150.0,1450.6,101.7
HFIN,3/13/2026,101.7,111.8,101.7,111.8,0.0,150.0,1450.6,101.7
HFIN,3/14/2026,101.7,111.8,101.7,111.8,0.0,150.0,1450.6,101.7
HFIN,3/15/2026,110.7,122.9,110.7,122.9,9.93,140.0,1450.6,101.7
HFIN,3/16/2026,121.7,135.1,121.7,135.1,9.93,150.0,1450.6,101.7
HFIN,3/17/2026,137.8,148.6,137.8,148.6,9.99,90.0,1450.6,101.7
HFIN,3/18/2026,137.8,148.6,137.8,148.6,0.0,90.0,1450.6,101.7
HFIN,3/19/2026,147.0,163.4,147.0,163.4,9.96,190.0,1450.6,101.7
HFIN,3/20/2026,147.0,163.4,147.0,163.4,0.0,190.0,1450.6,101.7
HFIN,3/21/2026,147.0,163.4,147.0,163.4,0.0,190.0,1450.6,101.7
HFIN,3/22/2026,166.5,179.7,166.5,179.7,9.98,300.0,1450.6,101.7
HFIN,3/23/2026,176.4,197.6,176.4,197.6,9.96,250.0,1450.6,101.7
HFIN,3/24/2026,195.7,217.3,195.7,217.3,9.97,200.0,1450.6,101.7
HFIN,3/25/2026,215.0,239.0,215.0,239.0,9.99,270.0,1450.6,101.7
HFIN,3/26/2026,237.3,262.9,237.3,262.9,10.79,208.0,1450.6,101.7
HFIN,3/29/2026,264.6,289.1,264.6,289.1,9.26,410.0,1450.6,101.7
HFIN,3/30/2026,289.1,318.0,289.1,318.0,10.0,470.0,1450.6,101.7
HFIN,3/31/2026,316.0,349.8,316.0,349.8,10.7,370.0,1450.6,101.7
HFIN,4/1/2026,356.0,384.7,356.0,384.7,8.06,450.0,1450.6,101.7
HFIN,4/2/2026,381.7,423.1,381.7,423.1,10.85,590.0,1450.6,101.7
HFIN,4/5/2026,423.1,465.4,423.1,465.4,10.0,960.0,1450.6,101.7
HFIN,4/6/2026,474.7,511.9,474.7,511.9,7.84,1310.0,1450.6,101.7
HFIN,4/7/2026,513.7,563.0,513.7,563.0,9.6,1090.0,1450.6,101.7
HFIN,4/8/2026,574.2,619.3,574.2,619.3,7.85,1220.0,1450.6,101.7
HFIN,4/9/2026,610.7,681.2,610.7,681.2,11.54,2390.0,1450.6,101.7
HFIN,4/10/2026,694.8,749.3,694.8,749.3,7.84,2140.0,1450.6,101.7
HFIN,4/13/2026,764.2,824.2,764.2,824.2,7.85,4160.0,1450.6,101.7
HFIN,4/15/2026,840.6,906.6,840.6,906.6,7.85,3760.0,1450.6,101.7
HFIN,4/16/2026,924.7,997.2,924.7,997.2,7.84,5250.0,1450.6,101.7
HFIN,4/17/2026,1017.1,1096.9,1017.1,1096.9,7.85,11840.0,1450.6,101.7
HFIN,4/20/2026,1151.7,1261.4,1151.7,1261.4,9.53,292797.0,1450.6,101.7
HFIN,4/21/2026,1323.0,1450.6,1286.0,1386.0,4.76,159134.0,1450.6,101.7
HFIN,4/22/2026,1400.0,1404.0,1208.1,1237.0,-11.64,228942.0,1450.6,101.7
HFIN,4/23/2026,1237.0,1237.0,1142.0,1180.0,-4.61,188547.0,1450.6,101.7
HFIN,4/24/2026,1180.0,1225.0,1111.0,1195.0,1.27,111477.0,1450.6,101.7
HFIN,4/27/2026,1195.0,1225.0,1148.0,1148.0,-3.93,105359.0,1450.6,101.7
HFIN,4/28/2026,1191.0,1191.0,1038.0,1060.0,-11.0,189770.0,1450.6,101.7
HFIN,4/29/2026,1060.0,1065.2,995.1,1005.0,-5.19,119051.0,1450.6,101.7
HFIN,4/30/2026,975.1,1045.0,956.6,1024.0,5.01,94735.0,1450.6,101.7
HFIN,5/4/2026,994.0,1020.0,980.0,1000.0,0.6,51713.0,1450.6,101.7
HFIN,5/5/2026,1000.0,1019.0,972.0,994.0,-0.6,58778.0,1450.6,101.7
HFIN,5/6/2026,1000.0,1020.0,982.0,988.0,-1.2,51679.0,1450.6,101.7
HFIN,5/7/2026,988.0,1004.0,986.0,994.4,0.65,37729.0,1450.6,101.7
HFIN,5/8/2026,1000.0,1076.0,995.3,1073.0,7.3,132782.0,1450.6,101.7
HFIN,5/11/2026,1020.0,1107.0,1020.0,1065.0,4.41,90355.0,1450.6,101.7
HFIN,5/12/2026,1065.0,1077.0,999.0,1000.0,-6.1,104518.0,1450.6,101.7
HFIN,5/13/2026,981.1,999.0,981.1,989.0,0.81,44049.0,1450.6,101.7
HFIN,5/14/2026,988.0,988.0,951.0,968.9,-1.93,73005.0,1450.6,101.7
HFIN,5/15/2026,970.0,1005.0,963.5,985.1,1.56,51961.0,1450.6,101.7
HFIN,5/18/2026,966.0,997.0,966.0,975.0,0.93,25347.0,1450.6,101.7
HFIN,5/19/2026,980.0,980.0,956.0,958.0,-2.24,34277.0,1450.6,101.7
HFIN,5/20/2026,957.0,986.7,950.0,976.0,1.99,42355.0,1450.6,101.7
HFIN,5/21/2026,970.0,989.0,955.0,960.0,-1.03,49850.0,1450.6,101.7
HFIN,5/22/2026,970.0,1002.0,957.1,1000.0,3.09,86018.0,1450.6,101.7
HFIN,5/25/2026,985.0,1042.0,985.0,1022.1,3.77,81719.0,1450.6,101.7
HFIN,5/26/2026,971.0,1028.9,971.0,1008.7,3.88,63585.0,1450.6,101.7
HFIN,5/27/2026,1010.0,1010.0,986.0,988.1,-2.17,41839.0,1450.6,101.7
HFIN,6/1/2026,988.1,988.1,953.1,955.0,-3.35,51409.0,1450.6,101.7
HFIN,6/2/2026,955.0,965.0,950.0,958.0,0.31,30739.0,1450.6,101.7
HFIN,6/3/2026,958.0,975.9,955.0,960.1,0.22,23972.0,1450.6,101.7
HFIN,6/4/2026,960.1,965.0,920.0,925.0,-3.66,64479.0,1450.6,101.7
HFIN,6/5/2026,925.0,925.0,875.3,886.0,-4.22,97790.0,1450.6,101.7
HFIN,6/8/2026,875.0,885.0,856.3,859.0,-1.83,54037.0,1450.6,101.7
HFIN,6/9/2026,850.0,882.9,835.2,865.9,1.87,47734.0,1450.6,101.7
HFIN,6/10/2026,829.0,884.0,829.0,880.0,6.15,28533.0,1450.6,101.7
HFIN,6/11/2026,882.0,882.0,857.0,857.0,-2.83,26041.0,1450.6,101.7
HFIN,6/12/2026,899.8,899.8,839.0,842.0,-6.42,35600.0,1450.6,101.7
HFIN,6/15/2026,830.0,859.9,830.0,839.0,1.08,32534.0,1450.6,101.7
HFIN,6/16/2026,830.0,858.0,825.0,839.0,1.08,32869.0,1450.6,101.7
HFIN,6/17/2026,836.0,839.0,822.0,823.0,-1.56,20375.0,1450.6,101.7
HFIN,6/18/2026,815.1,829.9,811.0,820.0,0.6,25099.0,1450.6,101.7
HFIN,6/19/2026,815.0,824.0,805.0,815.3,0.04,19548.0,1450.6,101.7
HFIN,6/22/2026,815.3,835.0,805.0,815.0,-0.04,25638.0,1450.6,101.7
HFIN,6/23/2026,806.0,810.0,770.0,775.0,-3.85,48894.0,1450.6,101.7
HFIN,6/24/2026,761.1,785.0,741.1,756.0,-0.67,51168.0,1450.6,101.7
HFIN,6/26/2026,755.0,765.0,748.1,755.0,0.0,27566.0,1450.6,101.7
HFIN,6/29/2026,750.0,750.0,730.1,730.1,-2.65,28578.0,1450.6,101.7
HFIN,6/30/2026,729.0,743.8,721.0,721.0,-1.1,20249.0,1450.6,101.7
HFIN,7/1/2026,703.1,745.0,703.1,738.2,4.99,34966.0,1450.6,101.7
HFIN,7/2/2026,738.2,745.0,722.0,735.0,-0.43,14536.0,1450.6,101.7
HFIN,7/3/2026,771.7,771.7,723.1,727.0,-5.79,24307.0,1450.6,101.7
HFIN,7/6/2026,722.0,730.0,698.0,700.0,-3.05,27090.0,1450.6,101.7
HFIN,7/7/2026,700.0,714.8,686.2,700.0,0.0,24822.0,1450.6,101.7
HFIN,7/8/2026,700.0,700.0,665.0,669.1,-4.41,25742.0,1450.6,101.7
HFIN,7/9/2026,650.2,669.0,650.1,658.9,1.34,16585.0,1450.6,101.7
HFIN,7/10/2026,658.9,677.0,650.1,654.0,-0.74,22186.0,1450.6,101.7
HFIN,7/13/2026,654.0,660.0,632.0,635.0,-2.91,19731.0,1450.6,101.7
HFIN,7/14/2026,605.0,655.0,605.0,643.0,6.28,24763.0,1450.6,101.7
HFIN,7/15/2026,650.0,668.9,641.1,650.0,0.0,15443.0,1450.6,101.7
HFIN,7/16/2026,650.0,662.8,640.0,644.0,-0.92,20044.0,1450.6,101.7
HFIN,7/17/2026,650.0,699.0,650.0,696.2,7.11,44863.0,1450.6,101.7
HFIN,7/20/2026,730.0,730.0,681.0,725.0,-0.68,48601.0,1450.6,101.7
HFIN,7/21/2026,722.0,745.0,710.0,721.0,-0.14,47746.0,1450.6,101.7
HFIN,7/22/2026,685.0,721.0,685.0,706.9,3.2,33081.0,1450.6,101.7
HFIN,7/23/2026,680.0,770.0,680.0,760.0,11.76,73698.0,1450.6,101.7
HFIN,7/24/2026,760.0,810.0,760.0,779.0,2.5,88069.0,1450.6,101.7
HFIN,7/27/2026,757.0,780.0,715.0,720.0,-4.89,53676.0,1450.6,101.7
HFIN,7/28/2026,719.0,745.0,702.0,724.1,0.71,41783.0,1450.6,101.7
HFIN,7/29/2026,725.0,740.0,715.0,717.0,-1.1,30574.0,1450.6,101.7
HFIN,7/30/2026,717.0,729.8,696.7,704.0,-1.81,28853.0,1450.6,101.7
HFIN,7/31/2026,668.8,722.0,668.8,720.0,7.66,22713.0,1450.6,101.7
HFIN,8/3/2026,715.0,738.0,715.0,725.0,1.4,22860.0,1450.6,101.7
HFIN,8/4/2026,761.2,761.2,703.0,710.0,-6.73,20399.0,1450.6,101.7
HFIN,8/5/2026,700.1,716.0,700.1,712.0,1.7,20376.0,1450.6,101.7
HFIN,8/6/2026,702.5,721.9,702.5,709.0,0.93,16550.0,1450.6,101.7
HFIN,8/7/2026,701.0,708.9,692.0,699.0,-0.29,21761.0,1450.6,101.7
HFIN,8/10/2026,690.1,698.0,682.0,686.3,-0.55,21606.0,1450.6,101.7
HFIN,8/11/2026,687.0,698.0,676.2,679.5,-1.09,19448.0,1450.6,101.7
HFIN,8/12/2026,676.0,688.0,665.5,669.0,-1.04,14769.0,1450.6,101.7
HFIN,8/13/2026,669.0,691.0,665.6,679.0,1.49,18355.0,1450.6,101.7
HFIN,8/14/2026,679.0,688.0,673.0,680.0,0.15,16249.0,1450.6,101.7
HFIN,8/17/2026,675.0,680.0,670.0,670.1,-0.73,12723.0,1450.6,101.7
HFIN,8/18/2026,669.0,687.0,666.0,679.8,1.61,31276.0,1450.6,101.7
HFIN,8/19/2026,680.0,700.0,670.1,679.1,-0.13,13819.0,1450.6,101.7
HFIN,8/20/2026,670.0,679.0,669.0,674.0,0.6,15445.0,1450.6,101.7
HFIN,8/21/2026,640.3,687.0,640.3,662.0,3.39,34171.0,1450.6,101.7
HFIN,8/24/2026,662.0,669.0,645.1,646.0,-2.42,15132.0,1450.6,101.7
HFIN,8/25/2026,645.0,653.0,625.7,633.0,-1.86,30301.0,1450.6,101.7
HFIN,8/26/2026,627.0,633.0,613.0,616.0,-1.75,27117.0,1450.6,101.7
HFIN,8/27/2026,602.0,640.0,602.0,628.0,4.32,18504.0,1450.6,101.7
HFIN,8/31/2026,625.0,625.0,611.5,612.0,-2.08,15409.0,1450.6,101.7
HFIN,9/1/2026,610.0,632.0,605.0,617.9,1.3,15514.0,1450.6,101.7
HFIN,9/2/2026,617.0,629.9,612.0,618.0,0.16,8779.0,1450.6,101.7
HFIN,9/3/2026,615.0,630.0,613.6,622.9,1.28,28307.0,1450.6,101.7
HFIN,9/7/2026,622.0,639.0,619.0,629.0,1.13,21542.0,1450.6,101.7
HFIN,9/9/2026,625.0,638.0,615.0,620.0,-0.8,19129.0,1450.6,101.7
HFIN,9/10/2026,620.0,620.0,605.0,612.9,-1.15,23400.0,1450.6,101.7
HFIN,9/11/2026,612.9,627.0,605.1,621.0,1.32,20671.0,1450.6,101.7
HFIN,9/14/2026,621.0,632.9,615.0,631.0,1.61,20361.0,1450.6,101.7
HFIN,9/15/2026,640.0,670.0,640.0,649.0,1.41,44107.0,1450.6,101.7
HFIN,9/16/2026,662.0,662.0,627.0,627.9,-5.15,24103.0,1450.6,101.7
HFIN,9/17/2026,627.0,645.0,625.3,626.0,-0.16,25027.0,1450.6,101.7
HFIN,9/18/2026,626.0,637.0,621.1,631.0,0.8,21953.0,1450.6,101.7
HFIN,9/22/2026,631.0,640.0,628.1,628.4,-0.41,16421.0,1450.6,101.7
HFIN,9/23/2026,627.0,629.0,613.0,613.0,-2.23,18042.0,1450.6,101.7
HFIN,9/24/2026,613.0,620.0,609.0,617.5,0.73,20826.0,1450.6,101.7
HFIN,9/28/2026,610.1,620.0,608.1,613.0,0.48,20889.0,1450.6,101.7
HFIN,9/29/2026,610.0,613.0,595.0,0.0,-100.0,17672.0,1450.6,101.7
HFIN,9/30/2026,602.0,605.0,584.0,584.0,-2.99,22443.0,1450.6,101.7
HFIN,10/1/2026,584.0,590.2,580.0,581.9,-0.36,17768.0,1450.6,101.7
HFIN,10/2/2026,587.0,588.0,555.4,560.0,-4.6,36625.0,1450.6,101.7
HHL,12/21/2025,318.2,327.0,318.2,322.0,,21580.0,416.6,309.0
HHL,12/22/2025,318.0,325.0,318.0,321.0,-0.31,14238.0,416.6,309.0
HHL,12/23/2025,326.0,326.0,318.1,322.9,0.59,12520.0,416.6,309.0
HHL,12/24/2025,328.9,328.9,320.0,320.7,-0.68,30436.0,416.6,309.0
HHL,12/28/2025,322.6,326.5,321.1,325.8,1.59,31920.0,416.6,309.0
HHL,12/29/2025,319.5,329.0,319.5,324.0,-0.55,81719.0,416.6,309.0
HHL,12/31/2025,324.2,329.8,324.0,324.9,0.28,37574.0,416.6,309.0
HHL,1/1/2026,321.6,328.1,321.6,324.0,-0.28,23358.0,416.6,309.0
HHL,1/4/2026,323.0,323.0,319.0,321.0,-0.93,13483.0,416.6,309.0
HHL,1/5/2026,321.0,327.0,319.1,327.0,1.87,20939.0,416.6,309.0
HHL,1/6/2026,330.0,330.0,323.0,323.0,-1.22,25360.0,416.6,309.0
HHL,1/7/2026,321.3,326.0,321.3,324.9,0.59,15885.0,416.6,309.0
HHL,1/8/2026,318.5,325.5,318.5,324.0,-0.28,18756.0,416.6,309.0
HHL,1/12/2026,330.0,330.0,320.2,321.0,-0.93,20353.0,416.6,309.0
HHL,1/13/2026,321.9,325.9,320.3,325.0,1.25,32599.0,416.6,309.0
HHL,1/14/2026,323.0,338.0,323.0,330.0,1.54,84649.0,416.6,309.0
HHL,1/18/2026,335.0,335.0,330.0,332.0,0.61,28548.0,416.6,309.0
HHL,1/20/2026,332.0,339.9,332.0,337.0,1.51,54090.0,416.6,309.0
HHL,1/21/2026,341.0,341.0,334.0,336.0,-0.3,30321.0,416.6,309.0
HHL,1/22/2026,332.5,340.0,332.5,336.9,0.27,26303.0,416.6,309.0
HHL,1/25/2026,339.0,348.0,339.0,344.2,2.17,63526.0,416.6,309.0
HHL,1/26/2026,344.0,352.0,341.1,349.8,1.63,85862.0,416.6,309.0
HHL,1/27/2026,351.0,353.1,339.1,340.0,-2.8,91464.0,416.6,309.0
HHL,1/28/2026,338.0,346.0,336.1,344.0,1.18,55952.0,416.6,309.0
HHL,1/29/2026,341.0,355.0,341.0,346.0,0.58,100416.0,416.6,309.0
HHL,2/1/2026,352.0,352.0,337.2,338.0,-2.31,37160.0,416.6,309.0
HHL,2/2/2026,336.1,342.7,333.0,333.0,-1.48,45211.0,416.6,309.0
HHL,2/3/2026,339.0,344.6,330.0,338.0,1.5,84344.0,416.6,309.0
HHL,2/4/2026,344.7,344.7,334.3,340.0,0.59,31795.0,416.6,309.0
HHL,2/5/2026,345.9,348.0,337.0,341.6,0.47,104790.0,416.6,309.0
HHL,2/8/2026,348.4,375.0,348.4,360.0,5.39,323353.0,416.6,309.0
HHL,2/9/2026,367.2,367.2,350.0,353.0,-1.94,96804.0,416.6,309.0
HHL,2/10/2026,360.0,360.0,345.0,346.0,-1.98,66151.0,416.6,309.0
HHL,2/11/2026,352.0,352.0,341.1,343.0,-0.87,45656.0,416.6,309.0
HHL,2/12/2026,342.2,354.9,342.2,346.0,0.87,102170.0,416.6,309.0
HHL,2/16/2026,351.0,353.0,342.5,343.0,-0.87,42599.0,416.6,309.0
HHL,2/17/2026,344.0,347.0,335.0,336.0,-2.04,50761.0,416.6,309.0
HHL,2/22/2026,337.0,337.0,324.5,331.0,-1.49,81810.0,416.6,309.0
HHL,2/23/2026,328.0,334.0,326.1,328.0,-0.91,18208.0,416.6,309.0
HHL,2/24/2026,329.0,333.9,329.0,333.0,1.52,15630.0,416.6,309.0
HHL,2/25/2026,330.0,336.0,330.0,334.8,0.54,13769.0,416.6,309.0
HHL,2/26/2026,334.5,336.6,333.0,335.9,0.33,14901.0,416.6,309.0
HHL,2/27/2026,334.5,336.6,333.0,335.9,0.0,14901.0,416.6,309.0
HHL,2/28/2026,334.5,336.6,333.0,335.9,0.0,14901.0,416.6,309.0
HHL,3/2/2026,337.0,338.6,330.0,335.2,-0.21,21041.0,416.6,309.0
HHL,3/3/2026,332.2,343.0,332.2,342.9,2.3,22239.0,416.6,309.0
HHL,3/4/2026,332.2,343.0,332.2,342.9,0.0,22239.0,416.6,309.0
HHL,3/5/2026,332.2,343.0,332.2,342.9,0.0,22239.0,416.6,309.0
HHL,3/6/2026,332.2,343.0,332.2,342.9,0.0,22239.0,416.6,309.0
HHL,3/7/2026,332.2,343.0,332.2,342.9,0.0,22239.0,416.6,309.0
HHL,3/8/2026,332.2,343.0,332.2,342.9,0.0,22239.0,416.6,309.0
HHL,3/9/2026,349.7,356.6,349.7,356.6,4.0,350.0,416.6,309.0
HHL,3/10/2026,363.7,377.0,350.0,363.0,1.79,163589.0,416.6,309.0
HHL,3/11/2026,370.2,370.2,354.1,356.5,-1.79,54839.0,416.6,309.0
HHL,3/12/2026,351.5,374.0,351.5,371.0,4.07,195376.0,416.6,309.0
HHL,3/13/2026,351.5,374.0,351.5,371.0,0.0,195376.0,416.6,309.0
HHL,3/14/2026,351.5,374.0,351.5,371.0,0.0,195376.0,416.6,309.0
HHL,3/15/2026,378.4,388.0,366.7,387.0,4.31,203741.0,416.6,309.0
HHL,3/16/2026,387.0,392.0,375.5,376.0,-2.84,134777.0,416.6,309.0
HHL,3/17/2026,370.0,385.0,370.0,383.1,1.89,96461.0,416.6,309.0
HHL,3/18/2026,370.0,385.0,370.0,383.1,0.0,96461.0,416.6,309.0
HHL,3/19/2026,390.7,400.0,383.5,389.0,1.54,243831.0,416.6,309.0
HHL,3/20/2026,390.7,400.0,383.5,389.0,0.0,243831.0,416.6,309.0
HHL,3/21/2026,390.7,400.0,383.5,389.0,0.0,243831.0,416.6,309.0
HHL,3/22/2026,396.1,396.1,379.3,381.0,-2.06,139087.0,416.6,309.0
HHL,3/23/2026,388.6,388.6,373.0,379.1,-0.5,112500.0,416.6,309.0
HHL,3/24/2026,377.0,387.0,375.0,383.1,1.06,59378.0,416.6,309.0
HHL,3/25/2026,383.0,383.0,375.0,376.1,-1.83,84671.0,416.6,309.0
HHL,3/26/2026,374.0,380.0,372.1,379.8,1.55,43342.0,416.6,309.0
HHL,3/29/2026,380.0,380.1,360.0,362.0,-4.74,95701.0,416.6,309.0
HHL,3/30/2026,362.0,367.9,352.0,352.7,-2.57,65889.0,416.6,309.0
HHL,3/31/2026,350.0,359.9,348.0,357.0,2.0,65542.0,416.6,309.0
HHL,4/1/2026,364.0,364.0,341.1,343.1,-5.74,61241.0,416.6,309.0
HHL,4/2/2026,349.8,349.9,338.6,344.1,-1.63,53262.0,416.6,309.0
HHL,4/5/2026,340.0,341.0,326.1,329.7,-3.03,71532.0,416.6,309.0
HHL,4/6/2026,335.0,349.7,331.5,349.0,4.18,54706.0,416.6,309.0
HHL,4/7/2026,353.0,354.5,340.3,344.0,-2.55,41646.0,416.6,309.0
HHL,4/8/2026,344.0,352.7,344.0,349.0,1.45,26227.0,416.6,309.0
HHL,4/9/2026,345.1,361.8,345.0,358.6,3.91,71987.0,416.6,309.0
HHL,4/10/2026,360.0,389.0,352.2,389.0,8.06,266225.0,416.6,309.0
HHL,4/13/2026,390.0,408.0,385.0,398.0,2.05,469961.0,416.6,309.0
HHL,4/15/2026,405.0,411.0,388.0,396.0,-2.22,325697.0,416.6,309.0
HHL,4/16/2026,398.0,416.0,391.0,408.5,2.64,554028.0,416.6,309.0
HHL,4/17/2026,416.6,416.6,400.8,404.0,-3.02,189285.0,416.6,309.0
HHL,4/20/2026,415.0,415.0,395.1,398.0,-4.1,157137.0,416.6,309.0
HHL,4/21/2026,378.1,408.0,378.1,390.0,3.15,214695.0,416.6,309.0
HHL,4/22/2026,409.0,409.0,379.0,395.0,-3.42,167609.0,416.6,309.0
HHL,4/23/2026,395.0,398.0,384.0,386.0,-2.28,80382.0,416.6,309.0
HHL,4/24/2026,383.0,391.5,379.1,388.0,1.31,76435.0,416.6,309.0
HHL,4/27/2026,407.4,407.4,381.3,383.0,-5.99,67369.0,416.6,309.0
HHL,4/28/2026,364.0,403.0,364.0,388.0,6.59,208071.0,416.6,309.0
HHL,4/29/2026,390.0,394.0,382.3,383.7,-1.62,65381.0,416.6,309.0
HHL,4/30/2026,389.5,389.5,379.0,384.0,-1.41,81781.0,416.6,309.0
HHL,5/4/2026,380.0,389.8,363.0,366.0,-3.68,88165.0,416.6,309.0
HHL,5/5/2026,374.0,376.4,367.0,368.0,-1.6,30159.0,416.6,309.0
HHL,5/6/2026,369.0,375.9,367.1,369.0,0.0,23493.0,416.6,309.0
HHL,5/7/2026,368.2,372.8,366.1,368.0,-0.05,26160.0,416.6,309.0
HHL,5/8/2026,366.3,375.0,366.3,373.5,1.97,32503.0,416.6,309.0
HHL,5/11/2026,375.0,387.0,372.0,387.0,3.2,59289.0,416.6,309.0
HHL,5/12/2026,368.0,397.0,368.0,377.0,2.45,83123.0,416.6,309.0
HHL,5/13/2026,359.0,384.1,359.0,373.2,3.96,16468.0,416.6,309.0
HHL,5/14/2026,355.0,375.0,355.0,372.0,4.79,17965.0,416.6,309.0
HHL,5/15/2026,378.8,378.8,367.0,368.0,-2.85,20210.0,416.6,309.0
HHL,5/18/2026,375.0,375.0,366.0,367.0,-2.13,23216.0,416.6,309.0
HHL,5/19/2026,368.0,373.0,364.1,365.0,-0.82,23687.0,416.6,309.0
HHL,5/20/2026,365.0,373.3,362.5,373.3,2.27,25416.0,416.6,309.0
HHL,5/21/2026,372.1,372.4,366.0,369.4,-0.73,21519.0,416.6,309.0
HHL,5/22/2026,365.2,378.0,360.0,378.0,3.5,68486.0,416.6,309.0
HHL,5/25/2026,396.9,396.9,376.0,378.0,-4.76,72116.0,416.6,309.0
HHL,5/26/2026,375.1,379.9,366.0,370.0,-1.36,46235.0,416.6,309.0
HHL,5/27/2026,351.5,372.9,351.5,369.0,4.98,56335.0,416.6,309.0
HHL,6/1/2026,365.0,370.0,364.0,364.0,-0.27,35351.0,416.6,309.0
HHL,6/2/2026,364.1,368.0,363.0,363.8,-0.08,31824.0,416.6,309.0
HHL,6/3/2026,358.2,373.9,358.2,365.6,2.07,37024.0,416.6,309.0
HHL,6/4/2026,365.7,369.0,360.0,364.8,-0.25,32599.0,416.6,309.0
HHL,6/5/2026,360.0,367.0,355.0,358.3,-0.47,38690.0,416.6,309.0
HHL,6/8/2026,355.3,359.9,352.0,353.0,-0.65,32346.0,416.6,309.0
HHL,6/9/2026,351.0,359.0,349.0,359.0,2.28,37778.0,416.6,309.0
HHL,6/10/2026,359.0,368.0,357.7,365.8,1.89,33618.0,416.6,309.0
HHL,6/11/2026,364.0,368.8,355.6,367.5,0.96,26077.0,416.6,309.0
HHL,6/12/2026,367.0,385.0,362.0,375.0,2.18,117476.0,416.6,309.0
HHL,6/15/2026,357.0,385.0,357.0,370.0,3.64,30692.0,416.6,309.0
HHL,6/16/2026,363.0,370.0,361.1,369.0,1.65,13573.0,416.6,309.0
HHL,6/17/2026,377.0,377.0,359.1,364.0,-3.45,39137.0,416.6,309.0
HHL,6/18/2026,365.8,365.8,357.5,357.8,-2.19,17302.0,416.6,309.0
HHL,6/19/2026,359.1,367.0,351.6,352.8,-1.75,23024.0,416.6,309.0
HHL,6/22/2026,354.0,361.5,350.1,357.0,0.85,31471.0,416.6,309.0
HHL,6/23/2026,350.1,355.0,347.0,347.0,-0.89,39758.0,416.6,309.0
HHL,6/24/2026,345.0,353.9,337.1,342.9,-0.61,31585.0,416.6,309.0
HHL,6/26/2026,324.9,346.9,324.9,342.0,5.26,29544.0,416.6,309.0
HHL,6/29/2026,342.0,342.0,336.0,338.0,-1.17,14576.0,416.6,309.0
HHL,6/30/2026,336.0,345.0,330.0,332.0,-1.19,24009.0,416.6,309.0
HHL,7/1/2026,330.0,344.6,330.0,340.0,3.03,14697.0,416.6,309.0
HHL,7/2/2026,340.0,349.6,333.0,339.8,-0.06,11457.0,416.6,309.0
HHL,7/3/2026,335.0,340.5,334.0,338.0,0.9,10272.0,416.6,309.0
HHL,7/6/2026,348.1,358.5,330.3,333.0,-4.34,13285.0,416.6,309.0
HHL,7/7/2026,335.0,349.9,333.0,345.0,2.99,24816.0,416.6,309.0
HHL,7/8/2026,339.0,344.0,332.0,336.5,-0.74,19983.0,416.6,309.0
HHL,7/9/2026,330.6,338.6,330.6,335.9,1.6,13407.0,416.6,309.0
HHL,7/10/2026,333.2,340.0,330.6,333.8,0.18,21448.0,416.6,309.0
HHL,7/13/2026,330.2,331.0,325.1,328.0,-0.67,25692.0,416.6,309.0
HHL,7/14/2026,326.0,330.0,317.0,325.0,-0.31,28026.0,416.6,309.0
HHL,7/15/2026,309.0,336.0,309.0,332.8,7.7,23305.0,416.6,309.0
HHL,7/16/2026,332.0,336.5,320.1,323.0,-2.71,16728.0,416.6,309.0
HHL,7/17/2026,330.0,346.0,330.0,346.0,4.85,44564.0,416.6,309.0
HHL,7/20/2026,341.0,350.0,340.0,349.0,2.35,23637.0,416.6,309.0
HHL,7/21/2026,350.0,356.0,345.0,350.0,0.0,39913.0,416.6,309.0
HHL,7/22/2026,340.0,355.0,340.0,352.0,3.53,56199.0,416.6,309.0
HHL,7/23/2026,342.0,362.0,342.0,350.5,2.49,46686.0,416.6,309.0
HHL,7/24/2026,346.3,356.0,346.3,349.0,0.78,22309.0,416.6,309.0
HHL,7/27/2026,350.0,355.9,343.0,344.3,-1.63,23699.0,416.6,309.0
HHL,7/28/2026,354.6,354.6,337.1,340.0,-4.12,24027.0,416.6,309.0
HHL,7/29/2026,339.0,345.0,337.0,340.0,0.29,22933.0,416.6,309.0
HHL,7/30/2026,336.1,345.0,336.0,338.0,0.57,14272.0,416.6,309.0
HHL,7/31/2026,347.0,347.0,336.3,340.0,-2.02,9428.0,416.6,309.0
HHL,8/3/2026,340.0,345.0,336.0,337.5,-0.74,9114.0,416.6,309.0
HHL,8/4/2026,335.0,343.6,333.2,334.0,-0.3,11712.0,416.6,309.0
HHL,8/5/2026,344.0,344.0,334.0,337.0,-2.03,9684.0,416.6,309.0
HHL,8/6/2026,344.9,344.9,335.0,336.4,-2.46,31851.0,416.6,309.0
HHL,8/7/2026,340.0,344.0,335.0,337.0,-0.88,8753.0,416.6,309.0
HHL,8/10/2026,334.0,340.0,330.0,334.9,0.27,9345.0,416.6,309.0
HHL,8/11/2026,344.0,344.0,331.0,332.1,-3.46,15566.0,416.6,309.0
HHL,8/12/2026,330.0,339.7,329.0,332.1,0.64,20260.0,416.6,309.0
HHL,8/13/2026,332.0,341.0,332.0,339.0,2.11,16549.0,416.6,309.0
HHL,8/14/2026,340.1,345.0,340.1,343.5,1.0,24251.0,416.6,309.0
HHL,8/17/2026,330.0,348.0,330.0,337.0,2.12,8981.0,416.6,309.0
HHL,8/18/2026,335.0,339.8,331.0,332.9,-0.63,10590.0,416.6,309.0
HHL,8/19/2026,329.2,333.9,327.1,332.0,0.85,12993.0,416.6,309.0
HHL,8/20/2026,332.0,335.0,328.1,329.1,-0.87,8910.0,416.6,309.0
HHL,8/21/2026,325.5,338.0,325.0,334.8,2.86,23293.0,416.6,309.0
HHL,8/24/2026,326.3,333.9,326.3,332.0,1.75,53783.0,416.6,309.0
HHL,8/25/2026,333.0,334.0,325.0,328.0,-1.5,27990.0,416.6,309.0
HHL,8/26/2026,323.0,325.0,316.0,325.0,0.62,50492.0,416.6,309.0
HHL,8/27/2026,320.0,329.9,316.1,326.8,2.13,9662.0,416.6,309.0
HHL,8/31/2026,323.0,324.0,315.0,317.0,-1.86,15130.0,416.6,309.0
HHL,9/1/2026,311.1,319.0,311.1,318.0,2.22,7869.0,416.6,309.0
HHL,9/2/2026,317.0,323.0,315.0,320.0,0.95,13737.0,416.6,309.0
HHL,9/3/2026,321.0,323.0,316.5,319.9,-0.34,10206.0,416.6,309.0
HHL,9/7/2026,323.0,323.9,315.0,315.0,-2.48,19609.0,416.6,309.0
HHL,9/9/2026,315.0,322.0,315.0,319.0,1.27,9220.0,416.6,309.0
HHL,9/10/2026,319.0,319.0,310.0,319.0,0.0,23017.0,416.6,309.0
HHL,9/11/2026,322.0,328.9,315.0,328.0,1.86,18982.0,416.6,309.0
HHL,9/14/2026,326.0,337.7,326.0,336.0,3.07,11785.0,416.6,309.0
HHL,9/15/2026,352.0,352.0,336.1,338.0,-3.98,37735.0,416.6,309.0
HHL,9/16/2026,330.0,337.9,329.0,333.0,0.91,20420.0,416.6,309.0
HHL,9/17/2026,333.0,338.0,332.0,334.8,0.54,11117.0,416.6,309.0
HHL,9/18/2026,328.0,343.8,328.0,340.9,3.93,38833.0,416.6,309.0
HHL,9/22/2026,323.9,344.0,323.9,342.0,5.59,22895.0,416.6,309.0
HHL,9/23/2026,337.0,341.0,336.0,340.0,0.89,36977.0,416.6,309.0
HHL,9/24/2026,338.0,342.0,335.0,342.0,1.18,35781.0,416.6,309.0
HHL,9/28/2026,340.0,342.0,335.0,341.0,0.29,40911.0,416.6,309.0
HHL,9/29/2026,341.0,342.0,338.2,0.0,-100.0,21603.0,416.6,309.0
HHL,9/30/2026,341.0,353.9,341.0,350.0,2.64,95223.0,416.6,309.0
HHL,10/1/2026,347.0,350.0,346.0,346.6,-0.12,27731.0,416.6,309.0
HHL,10/2/2026,345.0,347.0,337.2,341.5,-1.01,14350.0,416.6,309.0
HIDCL,8/24/2016,325.0,339.0,325.0,335.0,,20017.0,307.0,232.6
HIDCL,8/28/2016,335.0,346.0,330.0,331.0,-1.19,16833.0,307.0,232.6
HIDCL,8/29/2016,331.0,334.0,321.0,326.0,-1.51,25024.0,307.0,232.6
HIDCL,8/30/2016,326.0,338.0,326.0,331.0,1.53,28564.0,307.0,232.6
HIDCL,8/31/2016,331.0,333.0,320.0,325.0,-1.81,18569.0,307.0,232.6
HIDCL,9/1/2016,325.0,328.0,320.0,325.0,0.0,19977.0,307.0,232.6
HIDCL,9/3/2016,325.0,325.0,317.0,320.0,-1.54,18682.0,307.0,232.6
HIDCL,9/4/2016,325.0,325.0,317.0,320.0,0.0,18682.0,307.0,232.6
HIDCL,9/5/2016,320.0,324.0,312.0,324.0,1.25,20849.0,307.0,232.6
HIDCL,9/6/2016,324.0,326.0,316.0,320.0,-1.23,23174.0,307.0,232.6
HIDCL,9/7/2016,320.0,325.0,314.0,321.0,0.31,13664.0,307.0,232.6
HIDCL,9/8/2016,321.0,329.0,317.0,324.0,0.93,22517.0,307.0,232.6
HIDCL,9/11/2016,324.0,330.0,315.0,316.0,-2.47,28696.0,307.0,232.6
HIDCL,9/12/2016,316.0,319.0,311.0,313.0,-0.95,31672.0,307.0,232.6
HIDCL,9/14/2016,313.0,314.0,303.0,305.0,-2.56,33290.0,307.0,232.6
HIDCL,9/18/2016,305.0,315.0,303.0,305.0,0.0,28671.0,307.0,232.6
HIDCL,9/20/2016,305.0,306.0,298.0,299.0,-1.97,22726.0,307.0,232.6
HIDCL,9/21/2016,299.0,303.0,295.0,301.0,0.67,29742.0,307.0,232.6
HIDCL,9/22/2016,301.0,307.0,296.0,300.0,-0.33,22034.0,307.0,232.6
HIDCL,9/25/2016,300.0,304.0,289.0,295.0,-1.67,12975.0,307.0,232.6
HIDCL,9/26/2016,295.0,300.0,295.0,298.0,1.02,20918.0,307.0,232.6
HIDCL,9/27/2016,298.0,303.0,295.0,300.0,0.67,45477.0,307.0,232.6
HIDCL,9/28/2016,300.0,301.0,295.0,301.0,0.33,19123.0,307.0,232.6
HIDCL,9/29/2016,301.0,302.0,297.0,297.0,-1.33,24587.0,307.0,232.6
HIDCL,10/2/2016,297.0,310.0,295.0,308.0,3.7,10053.0,307.0,232.6
HIDCL,10/3/2016,308.0,311.0,301.0,305.0,-0.97,7688.0,307.0,232.6
HIDCL,10/4/2016,305.0,309.0,297.0,300.0,-1.64,12183.0,307.0,232.6
HIDCL,10/5/2016,300.0,304.0,299.0,300.0,0.0,11360.0,307.0,232.6
HIDCL,10/6/2016,300.0,305.0,298.0,300.0,0.0,16601.0,307.0,232.6
HIDCL,10/16/2016,300.0,303.0,295.0,299.0,-0.33,16068.0,307.0,232.6
HIDCL,10/17/2016,299.0,300.0,292.0,299.0,0.0,8452.0,307.0,232.6
HIDCL,10/18/2016,299.0,300.0,291.0,300.0,0.33,12086.0,307.0,232.6
HIDCL,10/19/2016,300.0,303.0,294.0,297.0,-1.0,20664.0,307.0,232.6
HIDCL,10/20/2016,297.0,299.0,296.0,298.0,0.34,16334.0,307.0,232.6
HIDCL,10/23/2016,298.0,300.0,294.0,300.0,0.67,17264.0,307.0,232.6
HIDCL,10/24/2016,300.0,299.0,293.0,296.0,-1.33,6900.0,307.0,232.6
HIDCL,10/25/2016,296.0,299.0,284.0,293.0,-1.01,10061.0,307.0,232.6
HIDCL,10/26/2016,293.0,291.0,281.0,283.0,-3.41,14748.0,307.0,232.6
HIDCL,10/27/2016,283.0,287.0,280.0,286.0,1.06,13510.0,307.0,232.6
HIDCL,11/3/2016,286.0,286.0,280.0,284.0,-0.7,3562.0,307.0,232.6
HIDCL,11/7/2016,284.0,285.0,278.0,280.0,-1.41,9702.0,307.0,232.6
HIDCL,11/8/2016,280.0,285.0,278.0,284.0,1.43,15000.0,307.0,232.6
HIDCL,11/9/2016,284.0,289.0,271.0,275.0,-3.17,22637.0,307.0,232.6
HIDCL,11/10/2016,275.0,292.0,275.0,282.0,2.55,24708.0,307.0,232.6
HIDCL,11/13/2016,282.0,281.0,270.0,277.0,-1.77,23973.0,307.0,232.6
HIDCL,11/14/2016,277.0,284.0,268.0,279.0,0.72,21791.0,307.0,232.6
HIDCL,11/15/2016,279.0,281.0,272.0,281.0,0.72,43991.0,307.0,232.6
HIDCL,11/16/2016,281.0,290.0,277.0,283.0,0.71,20539.0,307.0,232.6
HIDCL,11/17/2016,283.0,280.0,273.0,278.0,-1.77,18364.0,307.0,232.6
HIDCL,11/20/2016,278.0,282.0,265.0,272.0,-2.16,24936.0,307.0,232.6
HIDCL,11/21/2016,272.0,277.0,260.0,274.0,0.74,13058.0,307.0,232.6
HIDCL,11/22/2016,274.0,279.0,269.0,275.0,0.36,27376.0,307.0,232.6
HIDCL,11/23/2016,275.0,278.0,270.0,272.0,-1.09,10423.0,307.0,232.6
HIDCL,11/24/2016,272.0,275.0,260.0,269.0,-1.1,13798.0,307.0,232.6
HIDCL,11/27/2016,269.0,264.0,248.0,257.0,-4.46,13181.0,307.0,232.6
HIDCL,11/28/2016,257.0,257.0,236.0,257.0,0.0,13709.0,307.0,232.6
HIDCL,11/29/2016,257.0,265.0,250.0,260.0,1.17,13035.0,307.0,232.6
HIDCL,11/30/2016,260.0,270.0,260.0,265.0,1.92,13682.0,307.0,232.6
HIDCL,12/1/2016,265.0,273.0,255.0,267.0,0.75,28307.0,307.0,232.6
HIDCL,12/4/2016,267.0,268.0,256.0,261.0,-2.25,23562.0,307.0,232.6
HIDCL,12/5/2016,261.0,264.0,251.0,258.0,-1.15,7517.0,307.0,232.6
HIDCL,12/6/2016,258.0,260.0,250.0,259.0,0.39,7627.0,307.0,232.6
HIDCL,12/7/2016,259.0,264.0,255.0,260.0,0.39,7991.0,307.0,232.6
HIDCL,12/8/2016,260.0,257.0,249.0,251.0,-3.46,6283.0,307.0,232.6
HIDCL,12/11/2016,251.0,252.0,248.0,251.0,0.0,15506.0,307.0,232.6
HIDCL,12/12/2016,251.0,252.0,244.0,250.0,-0.4,8927.0,307.0,232.6
HIDCL,12/14/2016,250.0,253.0,245.0,250.0,0.0,5816.0,307.0,232.6
HIDCL,12/15/2016,250.0,255.0,245.0,253.0,1.2,8147.0,307.0,232.6
HIDCL,12/18/2016,253.0,252.0,247.0,249.0,-1.58,5913.0,307.0,232.6
HIDCL,12/19/2016,249.0,253.0,245.0,245.0,-1.61,14559.0,307.0,232.6
HIDCL,12/20/2016,245.0,246.0,237.0,242.0,-1.22,5947.0,307.0,232.6
HIDCL,12/21/2016,242.0,241.0,234.0,238.0,-1.65,14245.0,307.0,232.6
HIDCL,12/22/2016,238.0,241.0,234.0,238.0,0.0,15147.0,307.0,232.6
HIDCL,12/26/2016,238.0,238.0,225.0,225.0,-5.46,8283.0,307.0,232.6
HIDCL,12/27/2016,225.0,229.0,219.0,222.0,-1.33,14116.0,307.0,232.6
HIDCL,12/28/2016,222.0,227.0,216.0,223.0,0.45,20996.0,307.0,232.6
HIDCL,12/29/2016,223.0,227.0,222.0,226.0,1.35,19211.0,307.0,232.6
HIDCL,1/1/2017,226.0,232.0,224.0,227.0,0.44,25955.0,307.0,232.6
HIDCL,1/2/2017,227.0,235.0,224.0,229.0,0.88,13338.0,307.0,232.6
HIDCL,1/3/2017,229.0,232.0,224.0,228.0,-0.44,10266.0,307.0,232.6
HIDCL,1/4/2017,228.0,232.0,222.0,226.0,-0.88,4710.0,307.0,232.6
HIDCL,1/5/2017,226.0,228.0,222.0,223.0,-1.33,9327.0,307.0,232.6
HIDCL,1/8/2017,223.0,224.0,219.0,220.0,-1.35,17194.0,307.0,232.6
HIDCL,1/9/2017,220.0,224.0,220.0,222.0,0.91,8076.0,307.0,232.6
HIDCL,1/10/2017,222.0,226.0,221.0,224.0,0.9,10500.0,307.0,232.6
HIDCL,1/11/2017,224.0,229.0,221.0,228.0,1.79,8740.0,307.0,232.6
HIDCL,1/12/2017,228.0,228.0,223.0,224.0,-1.75,8031.0,307.0,232.6
HIDCL,1/15/2017,224.0,226.0,223.0,225.0,0.45,13424.0,307.0,232.6
HIDCL,1/16/2017,225.0,226.0,220.0,222.0,-1.33,6113.0,307.0,232.6
HIDCL,1/17/2017,222.0,230.0,219.0,222.0,0.0,9206.0,307.0,232.6
HIDCL,1/18/2017,222.0,225.0,220.0,221.0,-0.45,13628.0,307.0,232.6
HIDCL,1/19/2017,221.0,225.0,220.0,220.0,-0.45,8139.0,307.0,232.6
HIDCL,1/22/2017,220.0,225.0,220.0,220.0,0.0,14419.0,307.0,232.6
HIDCL,1/23/2017,220.0,222.0,218.0,219.0,-0.45,13617.0,307.0,232.6
HIDCL,1/24/2017,219.0,220.0,215.0,218.0,-0.46,10942.0,307.0,232.6
HIDCL,1/25/2017,218.0,219.0,210.0,211.0,-3.21,5407.0,307.0,232.6
HIDCL,1/26/2017,211.0,211.0,200.0,201.0,-4.74,10929.0,307.0,232.6
HIDCL,1/30/2017,201.0,209.0,195.0,196.0,-2.49,4776.0,307.0,232.6
HIDCL,1/31/2017,196.0,204.0,192.0,200.0,2.04,10171.0,307.0,232.6
HIDCL,2/1/2017,200.0,214.0,190.0,214.0,7.0,193980.0,307.0,232.6
HIDCL,2/2/2017,214.0,222.0,200.0,201.0,-6.07,37939.0,307.0,232.6
HIDCL,2/5/2017,201.0,208.0,195.0,198.0,-1.49,44526.0,307.0,232.6
HIDCL,2/6/2017,198.0,201.0,194.0,195.0,-1.52,35319.0,307.0,232.6
HIDCL,2/7/2017,195.0,199.0,191.0,193.0,-1.03,45932.0,307.0,232.6
HIDCL,2/8/2017,193.0,203.0,188.0,192.0,-0.52,27062.0,307.0,232.6
HIDCL,2/9/2017,192.0,195.0,186.0,186.0,-3.12,41582.0,307.0,232.6
HIDCL,2/12/2017,186.0,190.0,182.0,183.0,-1.61,24596.0,307.0,232.6
HIDCL,2/13/2017,183.0,188.0,179.0,187.0,2.19,11578.0,307.0,232.6
HIDCL,2/14/2017,187.0,190.0,183.0,190.0,1.6,12310.0,307.0,232.6
HIDCL,2/15/2017,190.0,195.0,186.0,192.0,1.05,14656.0,307.0,232.6
HIDCL,2/16/2017,192.0,196.0,187.0,194.0,1.04,22651.0,307.0,232.6
HIDCL,2/19/2017,194.0,196.0,189.0,193.0,-0.52,22076.0,307.0,232.6
HIDCL,2/20/2017,193.0,200.0,189.0,193.0,0.0,23968.0,307.0,232.6
HIDCL,2/21/2017,193.0,196.0,192.0,194.0,0.52,14751.0,307.0,232.6
HIDCL,2/22/2017,194.0,200.0,188.0,191.0,-1.55,8747.0,307.0,232.6
HIDCL,2/23/2017,191.0,193.0,186.0,193.0,1.05,15424.0,307.0,232.6
HIDCL,2/26/2017,193.0,193.0,185.0,188.0,-2.59,12241.0,307.0,232.6
HIDCL,2/28/2017,188.0,191.0,184.0,188.0,0.0,9290.0,307.0,232.6
HIDCL,3/1/2017,188.0,192.0,185.0,190.0,1.06,9066.0,307.0,232.6
HIDCL,3/2/2017,190.0,190.0,186.0,190.0,0.0,10018.0,307.0,232.6
HIDCL,3/5/2017,190.0,195.0,186.0,194.0,2.11,12980.0,307.0,232.6
HIDCL,3/6/2017,194.0,199.0,191.0,195.0,0.52,14352.0,307.0,232.6
HIDCL,3/7/2017,195.0,195.0,190.0,193.0,-1.03,5221.0,307.0,232.6
HIDCL,3/9/2017,193.0,195.0,188.0,191.0,-1.04,8036.0,307.0,232.6
HIDCL,3/13/2017,191.0,193.0,188.0,192.0,0.52,3704.0,307.0,232.6
HIDCL,3/14/2017,192.0,193.0,188.0,189.0,-1.56,8449.0,307.0,232.6
HIDCL,3/15/2017,189.0,195.0,185.0,192.0,1.59,8089.0,307.0,232.6
HIDCL,3/16/2017,192.0,195.0,192.0,194.0,1.04,4591.0,307.0,232.6
HIDCL,3/19/2017,194.0,195.0,192.0,195.0,0.52,5845.0,307.0,232.6
HIDCL,3/20/2017,195.0,202.0,195.0,198.0,1.54,80792.0,307.0,232.6
HIDCL,3/21/2017,198.0,205.0,198.0,205.0,3.54,18415.0,307.0,232.6
HIDCL,3/22/2017,205.0,219.0,203.0,210.0,2.44,29752.0,307.0,232.6
HIDCL,3/23/2017,210.0,212.0,202.0,208.0,-0.95,11022.0,307.0,232.6
HIDCL,3/26/2017,208.0,220.0,208.0,215.0,3.37,19926.0,307.0,232.6
HIDCL,3/28/2017,215.0,235.0,215.0,231.0,7.44,33691.0,307.0,232.6
HIDCL,3/29/2017,231.0,243.0,225.0,227.0,-1.73,43038.0,307.0,232.6
HIDCL,3/30/2017,227.0,230.0,219.0,223.0,-1.76,29275.0,307.0,232.6
HIDCL,4/2/2017,223.0,235.0,223.0,235.0,5.38,2837.0,307.0,232.6
HIDCL,4/3/2017,235.0,256.0,227.0,227.0,-3.4,33826.0,307.0,232.6
HIDCL,4/4/2017,227.0,231.0,218.0,224.0,-1.32,26160.0,307.0,232.6
HIDCL,4/6/2017,224.0,225.0,217.0,218.0,-2.68,13207.0,307.0,232.6
HIDCL,4/9/2017,218.0,225.0,215.0,222.0,1.83,13034.0,307.0,232.6
HIDCL,4/10/2017,222.0,225.0,218.0,225.0,1.35,8311.0,307.0,232.6
HIDCL,4/11/2017,225.0,225.0,219.0,224.0,-0.44,13906.0,307.0,232.6
HIDCL,4/12/2017,224.0,230.0,219.0,219.0,-2.23,22368.0,307.0,232.6
HIDCL,4/13/2017,219.0,223.0,212.0,218.0,-0.46,11327.0,307.0,232.6
HIDCL,4/16/2017,218.0,221.0,214.0,217.0,-0.46,9327.0,307.0,232.6
HIDCL,4/18/2017,217.0,217.0,208.0,208.0,-4.15,10670.0,307.0,232.6
HIDCL,4/19/2017,208.0,218.0,208.0,212.0,1.92,10706.0,307.0,232.6
HIDCL,4/20/2017,212.0,218.0,210.0,212.0,0.0,10259.0,307.0,232.6
HIDCL,4/23/2017,212.0,228.0,216.0,218.0,2.83,23829.0,307.0,232.6
HIDCL,4/24/2017,218.0,220.0,213.0,215.0,-1.38,7878.0,307.0,232.6
HIDCL,4/25/2017,215.0,215.0,210.0,212.0,-1.4,6658.0,307.0,232.6
HIDCL,4/26/2017,212.0,214.0,210.0,211.0,-0.47,11309.0,307.0,232.6
HIDCL,4/27/2017,211.0,213.0,210.0,210.0,-0.47,8707.0,307.0,232.6
HIDCL,4/30/2017,210.0,216.0,209.0,215.0,2.38,9421.0,307.0,232.6
HIDCL,5/2/2017,215.0,213.0,210.0,211.0,-1.86,5402.0,307.0,232.6
HIDCL,5/3/2017,211.0,216.0,210.0,212.0,0.47,7383.0,307.0,232.6
HIDCL,5/4/2017,212.0,215.0,209.0,210.0,-0.94,8192.0,307.0,232.6
HIDCL,5/7/2017,210.0,214.0,209.0,209.0,-0.48,9208.0,307.0,232.6
HIDCL,5/8/2017,209.0,210.0,208.0,209.0,0.0,4687.0,307.0,232.6
HIDCL,5/9/2017,209.0,213.0,206.0,210.0,0.48,13468.0,307.0,232.6
HIDCL,5/11/2017,210.0,218.0,210.0,215.0,2.38,17070.0,307.0,232.6
HIDCL,5/15/2017,215.0,220.0,209.0,210.0,-2.33,10617.0,307.0,232.6
HIDCL,5/16/2017,210.0,210.0,208.0,209.0,-0.48,13642.0,307.0,232.6
HIDCL,5/17/2017,209.0,216.0,209.0,216.0,3.35,24992.0,307.0,232.6
HIDCL,5/18/2017,216.0,215.0,210.0,213.0,-1.39,8684.0,307.0,232.6
HIDCL,5/21/2017,213.0,213.0,207.0,210.0,-1.41,15792.0,307.0,232.6
HIDCL,5/22/2017,210.0,212.0,207.0,210.0,0.0,9806.0,307.0,232.6
HIDCL,5/23/2017,210.0,213.0,207.0,208.0,-0.95,10447.0,307.0,232.6
HIDCL,5/24/2017,208.0,211.0,207.0,211.0,1.44,11348.0,307.0,232.6
HIDCL,5/28/2017,211.0,210.0,207.0,209.0,-0.95,11732.0,307.0,232.6
HIDCL,5/30/2017,209.0,209.0,205.0,206.0,-1.44,11133.0,307.0,232.6
HIDCL,5/31/2017,206.0,210.0,204.0,207.0,0.49,10490.0,307.0,232.6
HIDCL,6/1/2017,207.0,209.0,205.0,205.0,-0.97,6772.0,307.0,232.6
HIDCL,6/4/2017,205.0,207.0,200.0,205.0,0.0,8067.0,307.0,232.6
HIDCL,6/5/2017,205.0,217.0,201.0,207.0,0.98,10116.0,307.0,232.6
HIDCL,6/6/2017,207.0,214.0,207.0,210.0,1.45,9069.0,307.0,232.6
HIDCL,6/7/2017,210.0,211.0,207.0,208.0,-0.95,8243.0,307.0,232.6
HIDCL,6/8/2017,208.0,208.0,202.0,204.0,-1.92,12652.0,307.0,232.6
HIDCL,6/11/2017,204.0,208.0,196.0,201.0,-1.47,15794.0,307.0,232.6
HIDCL,6/12/2017,201.0,205.0,196.0,201.0,0.0,13283.0,307.0,232.6
HIDCL,6/13/2017,201.0,202.0,196.0,200.0,-0.5,8527.0,307.0,232.6
HIDCL,6/14/2017,200.0,205.0,198.0,199.0,-0.5,9275.0,307.0,232.6
HIDCL,6/15/2017,199.0,202.0,197.0,200.0,0.5,13595.0,307.0,232.6
HIDCL,6/18/2017,200.0,200.0,194.0,197.0,-1.5,8776.0,307.0,232.6
HIDCL,6/19/2017,197.0,198.0,193.0,193.0,-2.03,11597.0,307.0,232.6
HIDCL,6/20/2017,193.0,196.0,189.0,192.0,-0.52,9376.0,307.0,232.6
HIDCL,6/21/2017,192.0,200.0,190.0,196.0,2.08,10391.0,307.0,232.6
HIDCL,6/22/2017,196.0,199.0,195.0,195.0,-0.51,4933.0,307.0,232.6
HIDCL,6/25/2017,195.0,199.0,192.0,198.0,1.54,4918.0,307.0,232.6
HIDCL,6/27/2017,198.0,199.0,195.0,197.0,-0.51,7643.0,307.0,232.6
HIDCL,6/28/2017,197.0,198.0,193.0,195.0,-1.02,3029.0,307.0,232.6
HIDCL,7/2/2017,195.0,198.0,190.0,195.0,0.0,13821.0,307.0,232.6
HIDCL,7/3/2017,195.0,198.0,192.0,193.0,-1.03,6510.0,307.0,232.6
HIDCL,7/4/2017,193.0,193.0,190.0,193.0,0.0,5320.0,307.0,232.6
HIDCL,7/5/2017,193.0,196.0,191.0,193.0,0.0,6548.0,307.0,232.6
HIDCL,7/6/2017,193.0,199.0,190.0,199.0,3.11,24434.0,307.0,232.6
HIDCL,7/9/2017,199.0,202.0,192.0,197.0,-1.01,23216.0,307.0,232.6
HIDCL,7/10/2017,197.0,196.0,192.0,196.0,-0.51,15012.0,307.0,232.6
HIDCL,7/11/2017,196.0,197.0,194.0,197.0,0.51,3524.0,307.0,232.6
HIDCL,7/12/2017,197.0,195.0,191.0,193.0,-2.03,8745.0,307.0,232.6
HIDCL,7/13/2017,193.0,197.0,190.0,197.0,2.07,131416.0,307.0,232.6
HIDCL,7/16/2017,197.0,196.0,193.0,195.0,-1.02,5966.0,307.0,232.6
HIDCL,7/17/2017,195.0,198.0,195.0,197.0,1.03,10345.0,307.0,232.6
HIDCL,7/18/2017,197.0,204.0,195.0,201.0,2.03,133581.0,307.0,232.6
HIDCL,7/19/2017,201.0,204.0,198.0,200.0,-0.5,17772.0,307.0,232.6
HIDCL,7/20/2017,200.0,201.0,194.0,198.0,-1.0,11183.0,307.0,232.6
HIDCL,7/23/2017,198.0,196.0,193.0,195.0,-1.52,15373.0,307.0,232.6
HIDCL,7/24/2017,195.0,196.0,193.0,194.0,-0.51,17002.0,307.0,232.6
HIDCL,7/25/2017,194.0,195.0,192.0,193.0,-0.52,4309.0,307.0,232.6
HIDCL,7/26/2017,193.0,194.0,192.0,193.0,0.0,11280.0,307.0,232.6
HIDCL,7/27/2017,193.0,195.0,191.0,194.0,0.52,6470.0,307.0,232.6
HIDCL,7/30/2017,194.0,195.0,191.0,192.0,-1.03,6376.0,307.0,232.6
HIDCL,7/31/2017,192.0,196.0,189.0,195.0,1.56,25079.0,307.0,232.6
HIDCL,8/1/2017,195.0,198.0,192.0,195.0,0.0,14918.0,307.0,232.6
HIDCL,8/2/2017,195.0,195.0,192.0,194.0,-0.51,3254.0,307.0,232.6
HIDCL,8/3/2017,194.0,196.0,192.0,192.0,-1.03,11875.0,307.0,232.6
HIDCL,8/6/2017,192.0,194.0,189.0,193.0,0.52,15005.0,307.0,232.6
HIDCL,8/7/2017,193.0,193.0,190.0,190.0,-1.55,7369.0,307.0,232.6
HIDCL,8/9/2017,190.0,192.0,188.0,189.0,-0.53,10954.0,307.0,232.6
HIDCL,8/10/2017,189.0,192.0,186.0,190.0,0.53,54669.0,307.0,232.6
HIDCL,8/13/2017,190.0,193.0,187.0,193.0,1.58,13061.0,307.0,232.6
HIDCL,8/15/2017,193.0,193.0,188.0,189.0,-2.07,14028.0,307.0,232.6
HIDCL,8/16/2017,189.0,191.0,180.0,188.0,-0.53,12165.0,307.0,232.6
HIDCL,8/17/2017,188.0,190.0,183.0,185.0,-1.6,20201.0,307.0,232.6
HIDCL,8/20/2017,185.0,191.0,182.0,183.0,-1.08,8786.0,307.0,232.6
HIDCL,8/21/2017,183.0,187.0,182.0,184.0,0.55,6878.0,307.0,232.6
HIDCL,8/22/2017,184.0,190.0,181.0,185.0,0.54,13376.0,307.0,232.6
HIDCL,8/23/2017,185.0,185.0,182.0,183.0,-1.08,11297.0,307.0,232.6
HIDCL,8/24/2017,183.0,188.0,183.0,188.0,2.73,21321.0,307.0,232.6
HIDCL,8/27/2017,188.0,186.0,180.0,183.0,-2.66,11247.0,307.0,232.6
HIDCL,8/28/2017,183.0,188.0,180.0,184.0,0.55,13806.0,307.0,232.6
HIDCL,8/30/2017,184.0,186.0,178.0,183.0,-0.54,9954.0,307.0,232.6
HIDCL,8/31/2017,183.0,184.0,180.0,180.0,-1.64,14266.0,307.0,232.6
HIDCL,9/4/2017,180.0,183.0,178.0,179.0,-0.56,8635.0,307.0,232.6
HIDCL,9/6/2017,179.0,184.0,176.0,183.0,2.23,11595.0,307.0,232.6
HIDCL,9/7/2017,183.0,183.0,178.0,179.0,-2.19,14173.0,307.0,232.6
HIDCL,9/10/2017,179.0,180.0,174.0,180.0,0.56,9682.0,307.0,232.6
HIDCL,9/11/2017,180.0,180.0,173.0,175.0,-2.78,15549.0,307.0,232.6
HIDCL,9/12/2017,175.0,175.0,171.0,172.0,-1.71,11525.0,307.0,232.6
HIDCL,9/13/2017,172.0,175.0,167.0,172.0,0.0,8941.0,307.0,232.6
HIDCL,9/14/2017,172.0,177.0,171.0,175.0,1.74,5667.0,307.0,232.6
HIDCL,9/17/2017,175.0,183.0,172.0,180.0,2.86,12139.0,307.0,232.6
HIDCL,9/18/2017,180.0,183.0,177.0,180.0,0.0,6749.0,307.0,232.6
HIDCL,9/20/2017,180.0,185.0,175.0,185.0,2.78,10125.0,307.0,232.6
HIDCL,9/24/2017,185.0,184.0,181.0,182.0,-1.62,5196.0,307.0,232.6
HIDCL,9/25/2017,182.0,185.0,180.0,180.0,-1.1,8135.0,307.0,232.6
HIDCL,9/26/2017,180.0,183.0,177.0,180.0,0.0,4650.0,307.0,232.6
HIDCL,10/3/2017,180.0,181.0,178.0,178.0,-1.11,587.0,307.0,232.6
HIDCL,10/4/2017,178.0,181.0,177.0,180.0,1.12,1758.0,307.0,232.6
HIDCL,10/8/2017,180.0,180.0,172.0,180.0,0.0,8290.0,307.0,232.6
HIDCL,10/9/2017,180.0,182.0,177.0,178.0,-1.11,3985.0,307.0,232.6
HIDCL,10/10/2017,178.0,180.0,176.0,178.0,0.0,3665.0,307.0,232.6
HIDCL,10/11/2017,178.0,182.0,173.0,177.0,-0.56,4787.0,307.0,232.6
HIDCL,10/12/2017,177.0,182.0,174.0,178.0,0.56,12975.0,307.0,232.6
HIDCL,10/15/2017,178.0,181.0,176.0,181.0,1.69,5282.0,307.0,232.6
HIDCL,10/16/2017,181.0,183.0,177.0,183.0,1.1,5572.0,307.0,232.6
HIDCL,10/17/2017,183.0,183.0,180.0,182.0,-0.55,1373.0,307.0,232.6
HIDCL,10/18/2017,182.0,183.0,178.0,183.0,0.55,6680.0,307.0,232.6
HIDCL,10/22/2017,183.0,186.0,180.0,183.0,0.0,5530.0,307.0,232.6
HIDCL,10/23/2017,183.0,183.0,179.0,180.0,-1.64,16993.0,307.0,232.6
HIDCL,10/24/2017,180.0,190.0,177.0,185.0,2.78,31003.0,307.0,232.6
HIDCL,10/25/2017,185.0,186.0,183.0,183.0,-1.08,23915.0,307.0,232.6
HIDCL,10/29/2017,183.0,186.0,181.0,181.0,-1.09,10439.0,307.0,232.6
HIDCL,10/30/2017,181.0,184.0,179.0,182.0,0.55,8833.0,307.0,232.6
HIDCL,10/31/2017,182.0,187.0,183.0,186.0,2.2,25164.0,307.0,232.6
HIDCL,11/1/2017,186.0,196.0,185.0,196.0,5.38,36856.0,307.0,232.6
HIDCL,11/2/2017,196.0,196.0,188.0,193.0,-1.53,26318.0,307.0,232.6
HIDCL,11/5/2017,193.0,190.0,184.0,188.0,-2.59,8057.0,307.0,232.6
HIDCL,11/6/2017,188.0,190.0,181.0,185.0,-1.6,37966.0,307.0,232.6
HIDCL,11/7/2017,185.0,186.0,181.0,182.0,-1.62,24092.0,307.0,232.6
HIDCL,11/8/2017,182.0,181.0,178.0,180.0,-1.1,6888.0,307.0,232.6
HIDCL,11/9/2017,180.0,181.0,173.0,179.0,-0.56,6429.0,307.0,232.6
HIDCL,11/12/2017,179.0,182.0,178.0,179.0,0.0,24126.0,307.0,232.6
HIDCL,11/13/2017,179.0,181.0,176.0,181.0,1.12,13124.0,307.0,232.6
HIDCL,11/14/2017,181.0,184.0,179.0,184.0,1.66,25690.0,307.0,232.6
HIDCL,11/15/2017,184.0,185.0,177.0,182.0,-1.09,17272.0,307.0,232.6
HIDCL,11/16/2017,182.0,182.0,179.0,180.0,-1.1,12197.0,307.0,232.6
HIDCL,11/19/2017,180.0,180.0,177.0,177.0,-1.67,13884.0,307.0,232.6
HIDCL,11/20/2017,177.0,179.0,177.0,179.0,1.13,4741.0,307.0,232.6
HIDCL,11/21/2017,179.0,179.0,176.0,177.0,-1.12,15132.0,307.0,232.6
HIDCL,11/22/2017,177.0,178.0,176.0,177.0,0.0,10675.0,307.0,232.6
HIDCL,11/23/2017,177.0,180.0,177.0,178.0,0.56,11463.0,307.0,232.6
HIDCL,11/26/2017,178.0,185.0,178.0,179.0,0.56,7347.0,307.0,232.6
HIDCL,11/27/2017,179.0,182.0,179.0,181.0,1.12,39992.0,307.0,232.6
HIDCL,11/28/2017,181.0,185.0,181.0,185.0,2.21,19330.0,307.0,232.6
HIDCL,11/29/2017,185.0,187.0,183.0,186.0,0.54,14021.0,307.0,232.6
HIDCL,11/30/2017,186.0,189.0,182.0,186.0,0.0,7991.0,307.0,232.6
HIDCL,12/4/2017,186.0,184.0,180.0,181.0,-2.69,9488.0,307.0,232.6
HIDCL,12/5/2017,181.0,185.0,179.0,185.0,2.21,3315.0,307.0,232.6
HIDCL,12/6/2017,185.0,186.0,182.0,185.0,0.0,10272.0,307.0,232.6
HIDCL,12/10/2017,185.0,188.0,180.0,181.0,-2.16,6844.0,307.0,232.6
HIDCL,12/11/2017,181.0,184.0,180.0,181.0,0.0,12289.0,307.0,232.6
HIDCL,12/12/2017,181.0,181.0,179.0,180.0,-0.55,4110.0,307.0,232.6
HIDCL,12/13/2017,180.0,182.0,180.0,180.0,0.0,9538.0,307.0,232.6
HIDCL,12/14/2017,180.0,183.0,179.0,181.0,0.56,4861.0,307.0,232.6
HIDCL,12/17/2017,181.0,182.0,179.0,181.0,0.0,2870.0,307.0,232.6
HIDCL,12/18/2017,181.0,182.0,179.0,181.0,0.0,12023.0,307.0,232.6
HIDCL,12/19/2017,181.0,182.0,178.0,178.0,-1.66,8838.0,307.0,232.6
HIDCL,12/20/2017,178.0,181.0,177.0,180.0,1.12,23674.0,307.0,232.6
HIDCL,12/21/2017,180.0,180.0,178.0,179.0,-0.56,4424.0,307.0,232.6
HIDCL,12/24/2017,179.0,181.0,178.0,180.0,0.56,14550.0,307.0,232.6
HIDCL,12/26/2017,180.0,180.0,175.0,177.0,-1.67,19399.0,307.0,232.6
HIDCL,12/27/2017,177.0,177.0,168.0,173.0,-2.26,11549.0,307.0,232.6
HIDCL,12/28/2017,173.0,174.0,169.0,169.0,-2.31,6145.0,307.0,232.6
HIDCL,12/31/2017,169.0,171.0,166.0,170.0,0.59,7498.0,307.0,232.6
HIDCL,1/1/2018,170.0,173.0,168.0,173.0,1.76,5846.0,307.0,232.6
HIDCL,1/2/2018,173.0,174.0,170.0,170.0,-1.73,6256.0,307.0,232.6
HIDCL,1/3/2018,170.0,174.0,168.0,168.0,-1.18,6303.0,307.0,232.6
HIDCL,1/4/2018,168.0,170.0,167.0,170.0,1.19,11902.0,307.0,232.6
HIDCL,1/7/2018,170.0,171.0,168.0,170.0,0.0,2909.0,307.0,232.6
HIDCL,1/8/2018,170.0,172.0,167.0,172.0,1.18,3712.0,307.0,232.6
HIDCL,1/9/2018,172.0,173.0,168.0,168.0,-2.33,5071.0,307.0,232.6
HIDCL,1/10/2018,168.0,170.0,168.0,168.0,0.0,5085.0,307.0,232.6
HIDCL,1/14/2018,168.0,171.0,164.0,168.0,0.0,12212.0,307.0,232.6
HIDCL,1/16/2018,168.0,170.0,165.0,170.0,1.19,7234.0,307.0,232.6
HIDCL,1/17/2018,170.0,170.0,166.0,167.0,-1.76,1431.0,307.0,232.6
HIDCL,1/21/2018,167.0,167.0,165.0,166.0,-0.6,4425.0,307.0,232.6
HIDCL,1/22/2018,166.0,167.0,164.0,164.0,-1.2,5789.0,307.0,232.6
HIDCL,1/23/2018,164.0,167.0,163.0,167.0,1.83,2845.0,307.0,232.6
HIDCL,1/24/2018,167.0,167.0,165.0,167.0,0.0,1199.0,307.0,232.6
HIDCL,1/25/2018,167.0,168.0,162.0,164.0,-1.8,5003.0,307.0,232.6
HIDCL,1/28/2018,164.0,168.0,164.0,165.0,0.61,6493.0,307.0,232.6
HIDCL,1/29/2018,165.0,165.0,160.0,162.0,-1.82,45030.0,307.0,232.6
HIDCL,1/31/2018,162.0,165.0,160.0,164.0,1.23,3363.0,307.0,232.6
HIDCL,2/1/2018,164.0,169.0,162.0,168.0,2.44,5978.0,307.0,232.6
HIDCL,2/4/2018,168.0,170.0,165.0,167.0,-0.6,3216.0,307.0,232.6
HIDCL,2/5/2018,167.0,169.0,164.0,165.0,-1.2,7220.0,307.0,232.6
HIDCL,2/6/2018,165.0,166.0,163.0,165.0,0.0,2579.0,307.0,232.6
HIDCL,2/7/2018,165.0,165.0,163.0,163.0,-1.21,3546.0,307.0,232.6
HIDCL,2/8/2018,163.0,164.0,160.0,163.0,0.0,2522.0,307.0,232.6
HIDCL,2/11/2018,163.0,166.0,163.0,163.0,0.0,3282.0,307.0,232.6
HIDCL,2/12/2018,163.0,168.0,163.0,166.0,1.84,5376.0,307.0,232.6
HIDCL,2/14/2018,166.0,165.0,162.0,165.0,-0.6,2459.0,307.0,232.6
HIDCL,2/15/2018,165.0,169.0,165.0,169.0,2.42,3154.0,307.0,232.6
HIDCL,2/18/2018,168.0,171.0,165.0,165.0,-2.37,3381.0,307.0,232.6
HIDCL,2/20/2018,166.0,168.0,164.0,168.0,1.82,4060.0,307.0,232.6
HIDCL,2/21/2018,165.0,167.0,163.0,165.0,-1.79,9371.0,307.0,232.6
HIDCL,2/22/2018,162.0,164.0,162.0,163.0,-1.21,15214.0,307.0,232.6
HIDCL,2/25/2018,160.0,165.0,160.0,163.0,0.0,4447.0,307.0,232.6
HIDCL,2/26/2018,161.0,163.0,161.0,163.0,0.0,5759.0,307.0,232.6
HIDCL,2/27/2018,161.0,166.0,161.0,166.0,1.84,6332.0,307.0,232.6
HIDCL,2/28/2018,166.0,166.0,160.0,163.0,-1.81,5026.0,307.0,232.6
HIDCL,3/4/2018,160.0,161.0,150.0,157.0,-3.68,23142.0,307.0,232.6
HIDCL,3/5/2018,156.0,158.0,154.0,156.0,-0.64,5671.0,307.0,232.6
HIDCL,3/6/2018,154.0,159.0,148.0,156.0,0.0,16763.0,307.0,232.6
HIDCL,3/7/2018,157.0,159.0,154.0,156.0,0.0,7300.0,307.0,232.6
HIDCL,3/11/2018,154.0,157.0,147.0,154.0,-1.28,15664.0,307.0,232.6
HIDCL,3/12/2018,156.0,156.0,149.0,150.0,-2.6,7732.0,307.0,232.6
HIDCL,3/13/2018,150.0,155.0,150.0,152.0,1.33,3889.0,307.0,232.6
HIDCL,3/14/2018,150.0,154.0,150.0,153.0,0.66,1891.0,307.0,232.6
HIDCL,3/15/2018,153.0,157.0,150.0,153.0,0.0,9713.0,307.0,232.6
HIDCL,3/18/2018,152.0,155.0,151.0,151.0,-1.31,7326.0,307.0,232.6
HIDCL,3/19/2018,151.0,153.0,150.0,151.0,0.0,10949.0,307.0,232.6
HIDCL,3/20/2018,149.0,150.0,145.0,148.0,-1.99,14484.0,307.0,232.6
HIDCL,3/21/2018,147.0,147.0,144.0,146.0,-1.35,6365.0,307.0,232.6
HIDCL,3/22/2018,148.0,149.0,140.0,146.0,0.0,10432.0,307.0,232.6
HIDCL,3/26/2018,144.0,144.0,135.0,142.0,-2.74,7292.0,307.0,232.6
HIDCL,3/27/2018,140.0,146.0,137.0,146.0,2.82,15621.0,307.0,232.6
HIDCL,3/28/2018,145.0,145.0,142.0,143.0,-2.05,4322.0,307.0,232.6
HIDCL,3/29/2018,141.0,145.0,139.0,143.0,0.0,6407.0,307.0,232.6
HIDCL,4/1/2018,144.0,144.0,135.0,135.0,-5.59,37639.0,307.0,232.6
HIDCL,4/2/2018,134.0,141.0,134.0,139.0,2.96,1785.0,307.0,232.6
HIDCL,4/3/2018,138.0,142.0,137.0,142.0,2.16,9529.0,307.0,232.6
HIDCL,4/4/2018,144.0,145.0,142.0,145.0,2.11,1976.0,307.0,232.6
HIDCL,4/5/2018,145.0,146.0,143.0,146.0,0.69,5613.0,307.0,232.6
HIDCL,4/8/2018,148.0,154.0,145.0,154.0,5.48,23754.0,307.0,232.6
HIDCL,4/9/2018,156.0,158.0,148.0,148.0,-3.9,25028.0,307.0,232.6
HIDCL,4/10/2018,148.0,151.0,147.0,149.0,0.68,19414.0,307.0,232.6
HIDCL,4/11/2018,151.0,151.0,146.0,150.0,0.67,1992.0,307.0,232.6
HIDCL,4/12/2018,151.0,151.0,148.0,149.0,-0.67,4993.0,307.0,232.6
HIDCL,4/15/2018,148.0,151.0,146.0,148.0,-0.67,5620.0,307.0,232.6
HIDCL,4/16/2018,150.0,153.0,147.0,148.0,0.0,7468.0,307.0,232.6
HIDCL,4/17/2018,148.0,162.0,148.0,162.0,9.46,34216.0,307.0,232.6
HIDCL,4/18/2018,165.0,178.0,157.0,170.0,4.94,58604.0,307.0,232.6
HIDCL,4/19/2018,173.0,179.0,168.0,170.0,0.0,63451.0,307.0,232.6
HIDCL,4/22/2018,173.0,180.0,169.0,178.0,4.71,38482.0,307.0,232.6
HIDCL,4/23/2018,181.0,181.0,168.0,171.0,-3.93,37464.0,307.0,232.6
HIDCL,4/24/2018,168.0,174.0,163.0,168.0,-1.75,15495.0,307.0,232.6
HIDCL,4/25/2018,165.0,170.0,162.0,162.0,-3.57,13284.0,307.0,232.6
HIDCL,4/26/2018,159.0,165.0,159.0,164.0,1.23,17201.0,307.0,232.6
HIDCL,4/29/2018,162.0,165.0,158.0,165.0,0.61,7292.0,307.0,232.6
HIDCL,5/2/2018,165.0,171.0,160.0,171.0,3.64,8923.0,307.0,232.6
HIDCL,5/3/2018,172.0,172.0,166.0,166.0,-2.92,15297.0,307.0,232.6
HIDCL,5/6/2018,167.0,170.0,162.0,170.0,2.41,8955.0,307.0,232.6
HIDCL,5/7/2018,167.0,167.0,162.0,165.0,-2.94,15006.0,307.0,232.6
HIDCL,5/8/2018,166.0,170.0,162.0,166.0,0.61,14020.0,307.0,232.6
HIDCL,5/9/2018,163.0,169.0,163.0,165.0,-0.6,4798.0,307.0,232.6
HIDCL,5/10/2018,162.0,168.0,162.0,165.0,0.0,5212.0,307.0,232.6
HIDCL,5/14/2018,167.0,170.0,165.0,168.0,1.82,28108.0,307.0,232.6
HIDCL,5/15/2018,169.0,169.0,166.0,166.0,-1.19,2835.0,307.0,232.6
HIDCL,5/16/2018,167.0,167.0,164.0,164.0,-1.2,2567.0,307.0,232.6
HIDCL,5/17/2018,163.0,169.0,162.0,165.0,0.61,6471.0,307.0,232.6
HIDCL,5/20/2018,165.0,171.0,163.0,164.0,-0.61,3423.0,307.0,232.6
HIDCL,5/21/2018,163.0,168.0,163.0,168.0,2.44,4935.0,307.0,232.6
HIDCL,5/22/2018,170.0,170.0,164.0,164.0,-2.38,7817.0,307.0,232.6
HIDCL,5/23/2018,165.0,165.0,162.0,164.0,0.0,2150.0,307.0,232.6
HIDCL,5/24/2018,161.0,165.0,161.0,162.0,-1.22,6203.0,307.0,232.6
HIDCL,5/27/2018,162.0,164.0,159.0,162.0,0.0,7787.0,307.0,232.6
HIDCL,5/28/2018,160.0,168.0,160.0,168.0,3.7,5783.0,307.0,232.6
HIDCL,5/29/2018,171.0,171.0,161.0,165.0,-1.79,5689.0,307.0,232.6
HIDCL,5/30/2018,163.0,167.0,163.0,167.0,1.21,2459.0,307.0,232.6
HIDCL,5/31/2018,168.0,168.0,162.0,163.0,-2.4,2671.0,307.0,232.6
HIDCL,6/3/2018,160.0,162.0,156.0,162.0,-0.61,8276.0,307.0,232.6
HIDCL,6/4/2018,159.0,162.0,156.0,160.0,-1.23,3979.0,307.0,232.6
HIDCL,6/6/2018,162.0,165.0,162.0,162.0,1.25,329.0,307.0,232.6
HIDCL,6/7/2018,163.0,163.0,157.0,159.0,-1.85,7627.0,307.0,232.6
HIDCL,6/10/2018,162.0,162.0,156.0,157.0,-1.26,4111.0,307.0,232.6
HIDCL,6/11/2018,158.0,161.0,155.0,155.0,-1.27,6424.0,307.0,232.6
HIDCL,6/12/2018,155.0,161.0,154.0,161.0,3.87,9378.0,307.0,232.6
HIDCL,6/13/2018,158.0,160.0,154.0,160.0,-0.62,7631.0,307.0,232.6
HIDCL,6/14/2018,158.0,162.0,158.0,160.0,0.0,11463.0,307.0,232.6
HIDCL,6/17/2018,159.0,160.0,156.0,156.0,-2.5,3523.0,307.0,232.6
HIDCL,6/18/2018,157.0,158.0,155.0,158.0,1.28,3411.0,307.0,232.6
HIDCL,6/19/2018,158.0,158.0,154.0,157.0,-0.63,5394.0,307.0,232.6
HIDCL,6/20/2018,156.0,160.0,156.0,156.0,-0.64,5612.0,307.0,232.6
HIDCL,6/21/2018,156.0,159.0,155.0,158.0,1.28,7130.0,307.0,232.6
HIDCL,6/24/2018,155.0,159.0,155.0,159.0,0.63,5141.0,307.0,232.6
HIDCL,6/25/2018,159.0,160.0,154.0,154.0,-3.14,4710.0,307.0,232.6
HIDCL,6/26/2018,152.0,156.0,152.0,152.0,-1.3,10442.0,307.0,232.6
HIDCL,6/27/2018,152.0,158.0,151.0,156.0,2.63,4890.0,307.0,232.6
HIDCL,6/28/2018,156.0,156.0,153.0,153.0,-1.92,1621.0,307.0,232.6
HIDCL,7/1/2018,153.0,154.0,150.0,150.0,-1.96,14859.0,307.0,232.6
HIDCL,7/2/2018,150.0,152.0,145.0,149.0,-0.67,21338.0,307.0,232.6
HIDCL,7/3/2018,148.0,155.0,148.0,153.0,2.68,7654.0,307.0,232.6
HIDCL,7/4/2018,153.0,153.0,150.0,153.0,0.0,10380.0,307.0,232.6
HIDCL,7/5/2018,153.0,158.0,151.0,158.0,3.27,6018.0,307.0,232.6
HIDCL,7/8/2018,158.0,160.0,152.0,155.0,-1.9,7306.0,307.0,232.6
HIDCL,7/9/2018,156.0,156.0,150.0,152.0,-1.94,10910.0,307.0,232.6
HIDCL,7/10/2018,154.0,154.0,150.0,150.0,-1.32,14751.0,307.0,232.6
HIDCL,7/11/2018,150.0,156.0,150.0,153.0,2.0,2516.0,307.0,232.6
HIDCL,7/12/2018,150.0,153.0,149.0,153.0,0.0,4603.0,307.0,232.6
HIDCL,7/15/2018,153.0,157.0,150.0,157.0,2.61,11618.0,307.0,232.6
HIDCL,7/16/2018,154.0,157.0,150.0,155.0,-1.27,22791.0,307.0,232.6
HIDCL,7/17/2018,155.0,157.0,152.0,154.0,-0.65,17111.0,307.0,232.6
HIDCL,7/18/2018,154.0,157.0,152.0,157.0,1.95,11666.0,307.0,232.6
HIDCL,7/19/2018,154.0,158.0,152.0,155.0,-1.27,5866.0,307.0,232.6
HIDCL,7/22/2018,154.0,158.0,153.0,158.0,1.94,14799.0,307.0,232.6
HIDCL,7/23/2018,155.0,170.0,155.0,170.0,7.59,34091.0,307.0,232.6
HIDCL,7/24/2018,167.0,173.0,164.0,169.0,-0.59,30101.0,307.0,232.6
HIDCL,7/25/2018,171.0,174.0,165.0,166.0,-1.78,7382.0,307.0,232.6
HIDCL,7/26/2018,166.0,170.0,161.0,168.0,1.2,28187.0,307.0,232.6
HIDCL,7/29/2018,169.0,179.0,169.0,177.0,5.36,72076.0,307.0,232.6
HIDCL,7/30/2018,179.0,181.0,170.0,172.0,-2.82,85433.0,307.0,232.6
HIDCL,7/31/2018,170.0,171.0,166.0,167.0,-2.91,24824.0,307.0,232.6
HIDCL,8/1/2018,168.0,168.0,162.0,167.0,0.0,9505.0,307.0,232.6
HIDCL,8/2/2018,164.0,165.0,163.0,163.0,-2.4,15133.0,307.0,232.6
HIDCL,8/5/2018,163.0,164.0,160.0,162.0,-0.61,10148.0,307.0,232.6
HIDCL,8/6/2018,164.0,165.0,160.0,161.0,-0.62,7440.0,307.0,232.6
HIDCL,8/7/2018,160.0,165.0,160.0,163.0,1.24,5889.0,307.0,232.6
HIDCL,8/8/2018,160.0,166.0,160.0,162.0,-0.61,6634.0,307.0,232.6
HIDCL,8/9/2018,163.0,164.0,160.0,164.0,1.23,11993.0,307.0,232.6
HIDCL,8/12/2018,167.0,167.0,161.0,164.0,0.0,7815.0,307.0,232.6
HIDCL,8/13/2018,163.0,164.0,160.0,164.0,0.0,3830.0,307.0,232.6
HIDCL,8/14/2018,167.0,167.0,161.0,163.0,-0.61,5122.0,307.0,232.6
HIDCL,8/15/2018,161.0,169.0,161.0,169.0,3.68,9450.0,307.0,232.6
HIDCL,8/16/2018,170.0,171.0,163.0,167.0,-1.18,19449.0,307.0,232.6
HIDCL,8/19/2018,164.0,166.0,160.0,160.0,-4.19,16240.0,307.0,232.6
HIDCL,8/20/2018,163.0,163.0,160.0,161.0,0.63,6588.0,307.0,232.6
HIDCL,8/21/2018,160.0,162.0,160.0,160.0,-0.62,4808.0,307.0,232.6
HIDCL,8/22/2018,160.0,162.0,160.0,161.0,0.63,1400.0,307.0,232.6
HIDCL,8/23/2018,163.0,163.0,160.0,160.0,-0.62,2804.0,307.0,232.6
HIDCL,8/26/2018,160.0,161.0,159.0,159.0,-0.62,2365.0,307.0,232.6
HIDCL,8/28/2018,160.0,162.0,157.0,162.0,1.89,4581.0,307.0,232.6
HIDCL,8/29/2018,159.0,160.0,157.0,159.0,-1.85,5227.0,307.0,232.6
HIDCL,8/30/2018,161.0,161.0,158.0,161.0,1.26,1992.0,307.0,232.6
HIDCL,9/2/2018,164.0,164.0,158.0,160.0,-0.62,5169.0,307.0,232.6
HIDCL,9/3/2018,161.0,164.0,158.0,162.0,1.25,11787.0,307.0,232.6
HIDCL,9/4/2018,162.0,164.0,160.0,161.0,-0.62,7295.0,307.0,232.6
HIDCL,9/5/2018,163.0,165.0,160.0,163.0,1.24,12568.0,307.0,232.6
HIDCL,9/6/2018,161.0,164.0,161.0,162.0,-0.61,8261.0,307.0,232.6
HIDCL,9/9/2018,161.0,161.0,158.0,159.0,-1.85,5229.0,307.0,232.6
HIDCL,9/10/2018,158.0,159.0,156.0,156.0,-1.89,7363.0,307.0,232.6
HIDCL,9/11/2018,155.0,159.0,155.0,157.0,0.64,4398.0,307.0,232.6
HIDCL,9/12/2018,157.0,161.0,156.0,160.0,1.91,7465.0,307.0,232.6
HIDCL,9/13/2018,157.0,163.0,157.0,163.0,1.88,31531.0,307.0,232.6
HIDCL,9/16/2018,166.0,166.0,160.0,165.0,1.23,21111.0,307.0,232.6
HIDCL,9/17/2018,163.0,164.0,161.0,162.0,-1.82,12356.0,307.0,232.6
HIDCL,9/18/2018,160.0,166.0,160.0,164.0,1.23,22342.0,307.0,232.6
HIDCL,9/20/2018,161.0,164.0,161.0,162.0,-1.22,6118.0,307.0,232.6
HIDCL,9/23/2018,159.0,165.0,159.0,160.0,-1.23,4973.0,307.0,232.6
HIDCL,9/25/2018,163.0,166.0,157.0,159.0,-0.62,42587.0,307.0,232.6
HIDCL,9/26/2018,160.0,164.0,160.0,161.0,1.26,21993.0,307.0,232.6
HIDCL,9/27/2018,158.0,165.0,158.0,165.0,2.48,22094.0,307.0,232.6
HIDCL,9/30/2018,162.0,165.0,160.0,161.0,-2.42,22435.0,307.0,232.6
HIDCL,10/1/2018,160.0,164.0,160.0,160.0,-0.62,13918.0,307.0,232.6
HIDCL,10/2/2018,159.0,162.0,158.0,160.0,0.0,5269.0,307.0,232.6
HIDCL,10/3/2018,159.0,161.0,159.0,160.0,0.0,6193.0,307.0,232.6
HIDCL,10/4/2018,160.0,160.0,158.0,159.0,-0.62,7676.0,307.0,232.6
HIDCL,10/7/2018,157.0,158.0,156.0,157.0,-1.26,4061.0,307.0,232.6
HIDCL,10/8/2018,155.0,160.0,155.0,158.0,0.64,6848.0,307.0,232.6
HIDCL,10/9/2018,157.0,161.0,157.0,158.0,0.0,4835.0,307.0,232.6
HIDCL,10/10/2018,157.0,162.0,156.0,158.0,0.0,3349.0,307.0,232.6
HIDCL,10/11/2018,157.0,159.0,157.0,157.0,-0.63,5283.0,307.0,232.6
HIDCL,10/14/2018,159.0,162.0,158.0,158.0,0.64,2979.0,307.0,232.6
HIDCL,10/15/2018,157.0,159.0,157.0,158.0,0.0,2316.0,307.0,232.6
HIDCL,10/21/2018,158.0,159.0,158.0,158.0,0.0,1142.0,307.0,232.6
HIDCL,10/22/2018,158.0,161.0,158.0,161.0,1.9,2263.0,307.0,232.6
HIDCL,10/23/2018,163.0,163.0,158.0,159.0,-1.24,831.0,307.0,232.6
HIDCL,10/24/2018,158.0,162.0,157.0,159.0,0.0,3857.0,307.0,232.6
HIDCL,10/25/2018,159.0,160.0,157.0,158.0,-0.63,6827.0,307.0,232.6
HIDCL,10/28/2018,157.0,161.0,156.0,159.0,0.63,2305.0,307.0,232.6
HIDCL,10/29/2018,160.0,160.0,155.0,156.0,-1.89,5547.0,307.0,232.6
HIDCL,10/30/2018,155.0,162.0,155.0,162.0,3.85,3656.0,307.0,232.6
HIDCL,10/31/2018,161.0,161.0,155.0,156.0,-3.7,2259.0,307.0,232.6
HIDCL,11/1/2018,155.0,159.0,155.0,159.0,1.92,1680.0,307.0,232.6
HIDCL,11/4/2018,157.0,160.0,154.0,158.0,-0.63,3774.0,307.0,232.6
HIDCL,11/5/2018,156.0,160.0,156.0,160.0,1.27,1213.0,307.0,232.6
HIDCL,11/6/2018,160.0,158.0,158.0,161.0,0.63,56.0,307.0,232.6
HIDCL,11/11/2018,161.0,161.0,158.0,158.0,-1.86,910.0,307.0,232.6
HIDCL,11/12/2018,158.0,158.0,154.0,154.0,-2.53,5150.0,307.0,232.6
HIDCL,11/13/2018,154.0,158.0,154.0,155.0,0.65,10587.0,307.0,232.6
HIDCL,11/14/2018,154.0,157.0,154.0,156.0,0.65,1208.0,307.0,232.6
HIDCL,11/15/2018,154.0,156.0,154.0,155.0,-0.64,4376.0,307.0,232.6
HIDCL,11/18/2018,157.0,157.0,153.0,153.0,-1.29,5863.0,307.0,232.6
HIDCL,11/19/2018,152.0,153.0,152.0,152.0,-0.65,5642.0,307.0,232.6
HIDCL,11/20/2018,153.0,154.0,152.0,154.0,1.32,4428.0,307.0,232.6
HIDCL,11/21/2018,153.0,155.0,152.0,152.0,-1.3,8396.0,307.0,232.6
HIDCL,11/22/2018,152.0,153.0,151.0,152.0,0.0,6414.0,307.0,232.6
HIDCL,11/25/2018,153.0,153.0,150.0,153.0,0.66,13501.0,307.0,232.6
HIDCL,11/26/2018,151.0,152.0,150.0,151.0,-1.31,2896.0,307.0,232.6
HIDCL,11/27/2018,154.0,154.0,151.0,153.0,1.32,2952.0,307.0,232.6
HIDCL,11/28/2018,152.0,153.0,150.0,152.0,-0.65,7494.0,307.0,232.6
HIDCL,11/29/2018,152.0,152.0,149.0,150.0,-1.32,5040.0,307.0,232.6
HIDCL,12/2/2018,151.0,151.0,147.0,148.0,-1.33,8491.0,307.0,232.6
HIDCL,12/3/2018,149.0,151.0,147.0,151.0,2.03,6074.0,307.0,232.6
HIDCL,12/4/2018,150.0,152.0,146.0,148.0,-1.99,3712.0,307.0,232.6
HIDCL,12/5/2018,146.0,150.0,146.0,146.0,-1.35,5212.0,307.0,232.6
HIDCL,12/6/2018,147.0,148.0,145.0,147.0,0.68,6395.0,307.0,232.6
HIDCL,12/9/2018,145.0,149.0,145.0,149.0,1.36,3775.0,307.0,232.6
HIDCL,12/10/2018,149.0,149.0,144.0,145.0,-2.68,8896.0,307.0,232.6
HIDCL,12/11/2018,146.0,148.0,146.0,147.0,1.38,5855.0,307.0,232.6
HIDCL,12/12/2018,145.0,147.0,145.0,146.0,-0.68,3478.0,307.0,232.6
HIDCL,12/13/2018,144.0,150.0,144.0,147.0,0.68,7879.0,307.0,232.6
HIDCL,12/16/2018,147.0,157.0,147.0,147.0,0.0,805.0,307.0,232.6
HIDCL,12/17/2018,145.0,149.0,145.0,148.0,0.68,3156.0,307.0,232.6
HIDCL,12/18/2018,147.0,148.0,146.0,148.0,0.0,12729.0,307.0,232.6
HIDCL,12/19/2018,146.0,148.0,144.0,146.0,-1.35,1944.0,307.0,232.6
HIDCL,12/20/2018,146.0,147.0,146.0,146.0,0.0,2615.0,307.0,232.6
HIDCL,12/23/2018,148.0,154.0,148.0,152.0,4.11,13599.0,307.0,232.6
HIDCL,12/24/2018,155.0,167.0,155.0,167.0,9.87,58066.0,307.0,232.6
HIDCL,12/25/2018,175.0,176.0,167.0,169.0,1.2,94717.0,307.0,232.6
HIDCL,12/26/2018,170.0,174.0,170.0,172.0,1.78,45206.0,307.0,232.6
HIDCL,12/27/2018,175.0,178.0,168.0,169.0,-1.74,46463.0,307.0,232.6
HIDCL,12/30/2018,170.0,171.0,168.0,170.0,0.59,23003.0,307.0,232.6
HIDCL,12/31/2018,173.0,173.0,168.0,169.0,-0.59,40393.0,307.0,232.6
HIDCL,1/1/2019,157.0,160.0,151.0,152.0,-10.06,6502.0,307.0,232.6
HIDCL,1/2/2019,150.0,152.0,150.0,151.0,-0.66,6001.0,307.0,232.6
HIDCL,1/3/2019,150.0,154.0,150.0,151.0,0.0,1970.0,307.0,232.6
HIDCL,1/6/2019,151.0,153.0,150.0,150.0,-0.66,2125.0,307.0,232.6
HIDCL,1/7/2019,153.0,153.0,150.0,150.0,0.0,1955.0,307.0,232.6
HIDCL,1/8/2019,151.0,153.0,150.0,152.0,1.33,1575.0,307.0,232.6
HIDCL,1/9/2019,152.0,154.0,151.0,153.0,0.66,44634.0,307.0,232.6
HIDCL,1/10/2019,153.0,154.0,149.0,152.0,-0.65,14329.0,307.0,232.6
HIDCL,1/13/2019,149.0,151.0,149.0,150.0,-1.32,1073.0,307.0,232.6
HIDCL,1/14/2019,150.0,153.0,147.0,150.0,0.0,9416.0,307.0,232.6
HIDCL,1/15/2019,149.0,152.0,149.0,151.0,0.67,27657.0,307.0,232.6
HIDCL,1/16/2019,151.0,153.0,149.0,150.0,-0.66,11245.0,307.0,232.6
HIDCL,1/17/2019,150.0,152.0,149.0,149.0,-0.67,6184.0,307.0,232.6
HIDCL,1/20/2019,151.0,151.0,147.0,148.0,-0.67,2037.0,307.0,232.6
HIDCL,1/21/2019,148.0,148.0,146.0,147.0,-0.68,2966.0,307.0,232.6
HIDCL,1/22/2019,147.0,147.0,145.0,145.0,-1.36,17683.0,307.0,232.6
HIDCL,1/23/2019,143.0,148.0,143.0,145.0,0.0,6089.0,307.0,232.6
HIDCL,1/24/2019,140.0,148.0,140.0,146.0,0.69,78827.0,307.0,232.6
HIDCL,1/27/2019,146.0,148.0,140.0,144.0,-1.37,17291.0,307.0,232.6
HIDCL,1/28/2019,146.0,146.0,142.0,142.0,-1.39,2682.0,307.0,232.6
HIDCL,1/29/2019,141.0,146.0,141.0,143.0,0.7,7452.0,307.0,232.6
HIDCL,1/30/2019,141.0,144.0,141.0,143.0,0.0,5239.0,307.0,232.6
HIDCL,1/31/2019,142.0,143.0,140.0,142.0,-0.7,10316.0,307.0,232.6
HIDCL,2/3/2019,140.0,142.0,139.0,141.0,-0.7,11793.0,307.0,232.6
HIDCL,2/4/2019,140.0,140.0,138.0,138.0,-2.13,14968.0,307.0,232.6
HIDCL,2/5/2019,137.0,142.0,137.0,139.0,0.72,10281.0,307.0,232.6
HIDCL,2/6/2019,137.0,140.0,137.0,137.0,-1.44,8791.0,307.0,232.6
HIDCL,2/7/2019,137.0,140.0,136.0,138.0,0.73,3619.0,307.0,232.6
HIDCL,2/10/2019,136.0,138.0,134.0,135.0,-2.17,8711.0,307.0,232.6
HIDCL,2/11/2019,134.0,138.0,134.0,138.0,2.22,4163.0,307.0,232.6
HIDCL,2/12/2019,136.0,137.0,134.0,134.0,-2.9,7306.0,307.0,232.6
HIDCL,2/13/2019,134.0,136.0,134.0,136.0,1.49,2586.0,307.0,232.6
HIDCL,2/14/2019,136.0,136.0,132.0,132.0,-2.94,17185.0,307.0,232.6
HIDCL,2/17/2019,134.0,136.0,132.0,133.0,0.76,5651.0,307.0,232.6
HIDCL,2/18/2019,133.0,133.0,130.0,131.0,-1.5,8653.0,307.0,232.6
HIDCL,2/19/2019,132.0,134.0,129.0,134.0,2.29,4907.0,307.0,232.6
HIDCL,2/20/2019,134.0,136.0,131.0,132.0,-1.49,22990.0,307.0,232.6
HIDCL,2/21/2019,133.0,133.0,130.0,133.0,0.76,1311.0,307.0,232.6
HIDCL,2/24/2019,131.0,133.0,130.0,130.0,-2.26,5297.0,307.0,232.6
HIDCL,2/25/2019,129.0,133.0,129.0,131.0,0.77,5235.0,307.0,232.6
HIDCL,2/26/2019,129.0,134.0,129.0,131.0,0.0,5274.0,307.0,232.6
HIDCL,2/27/2019,133.0,133.0,130.0,133.0,1.53,6773.0,307.0,232.6
HIDCL,3/3/2019,133.0,133.0,129.0,130.0,-2.26,5610.0,307.0,232.6
HIDCL,3/5/2019,130.0,132.0,129.0,130.0,0.0,9627.0,307.0,232.6
HIDCL,3/6/2019,129.0,131.0,128.0,130.0,0.0,3255.0,307.0,232.6
HIDCL,3/7/2019,130.0,133.0,128.0,133.0,2.31,8555.0,307.0,232.6
HIDCL,3/10/2019,131.0,132.0,130.0,130.0,-2.26,722.0,307.0,232.6
HIDCL,3/11/2019,131.0,133.0,129.0,130.0,0.0,12477.0,307.0,232.6
HIDCL,3/12/2019,131.0,139.0,131.0,135.0,3.85,14368.0,307.0,232.6
HIDCL,3/13/2019,135.0,136.0,134.0,135.0,0.0,3472.0,307.0,232.6
HIDCL,3/14/2019,133.0,138.0,130.0,134.0,-0.74,4519.0,307.0,232.6
HIDCL,3/17/2019,134.0,138.0,134.0,134.0,0.0,3926.0,307.0,232.6
HIDCL,3/18/2019,134.0,135.0,133.0,133.0,-0.75,5685.0,307.0,232.6
HIDCL,3/19/2019,132.0,134.0,131.0,133.0,0.0,5412.0,307.0,232.6
HIDCL,3/21/2019,133.0,133.0,130.0,132.0,-0.75,7326.0,307.0,232.6
HIDCL,3/24/2019,131.0,132.0,130.0,132.0,0.0,2449.0,307.0,232.6
HIDCL,3/25/2019,130.0,132.0,129.0,131.0,-0.76,14739.0,307.0,232.6
HIDCL,3/26/2019,131.0,132.0,130.0,131.0,0.0,3501.0,307.0,232.6
HIDCL,3/27/2019,131.0,133.0,131.0,131.0,0.0,2691.0,307.0,232.6
HIDCL,3/28/2019,130.0,132.0,130.0,131.0,0.0,7123.0,307.0,232.6
HIDCL,3/31/2019,132.0,135.0,131.0,134.0,2.29,8566.0,307.0,232.6
HIDCL,4/1/2019,132.0,135.0,132.0,134.0,0.0,4756.0,307.0,232.6
HIDCL,4/2/2019,132.0,140.0,132.0,136.0,1.49,15312.0,307.0,232.6
HIDCL,4/3/2019,135.0,142.0,135.0,139.0,2.21,25017.0,307.0,232.6
HIDCL,4/4/2019,138.0,140.0,138.0,138.0,-0.72,4828.0,307.0,232.6
HIDCL,4/7/2019,138.0,140.0,134.0,138.0,0.0,2371.0,307.0,232.6
HIDCL,4/8/2019,138.0,140.0,138.0,138.0,0.0,14757.0,307.0,232.6
HIDCL,4/9/2019,139.0,139.0,135.0,136.0,-1.45,7171.0,307.0,232.6
HIDCL,4/10/2019,134.0,140.0,134.0,139.0,2.21,7144.0,307.0,232.6
HIDCL,4/11/2019,139.0,139.0,135.0,139.0,0.0,4201.0,307.0,232.6
HIDCL,4/15/2019,137.0,138.0,135.0,138.0,-0.72,1274.0,307.0,232.6
HIDCL,4/16/2019,140.0,140.0,136.0,138.0,0.0,3307.0,307.0,232.6
HIDCL,4/17/2019,138.0,142.0,137.0,140.0,1.45,6645.0,307.0,232.6
HIDCL,4/18/2019,138.0,142.0,137.0,137.0,-2.14,7192.0,307.0,232.6
HIDCL,4/21/2019,137.0,142.0,136.0,138.0,0.73,16943.0,307.0,232.6
HIDCL,4/22/2019,140.0,141.0,138.0,139.0,0.72,25156.0,307.0,232.6
HIDCL,4/23/2019,138.0,138.0,136.0,136.0,-2.16,5901.0,307.0,232.6
HIDCL,4/24/2019,135.0,141.0,135.0,138.0,1.47,9932.0,307.0,232.6
HIDCL,4/25/2019,136.0,139.0,136.0,139.0,0.72,21189.0,307.0,232.6
HIDCL,4/28/2019,139.0,148.0,139.0,146.0,5.04,43827.0,307.0,232.6
HIDCL,4/29/2019,145.0,147.0,140.0,144.0,-1.37,23093.0,307.0,232.6
HIDCL,4/30/2019,144.0,151.0,140.0,145.0,0.69,24508.0,307.0,232.6
HIDCL,5/2/2019,143.0,147.0,141.0,142.0,-2.07,9996.0,307.0,232.6
HIDCL,5/5/2019,141.0,142.0,140.0,140.0,-1.41,7669.0,307.0,232.6
HIDCL,5/6/2019,140.0,142.0,139.0,141.0,0.71,4157.0,307.0,232.6
HIDCL,5/7/2019,140.0,144.0,140.0,142.0,0.71,6890.0,307.0,232.6
HIDCL,5/8/2019,141.0,143.0,141.0,141.0,-0.7,4193.0,307.0,232.6
HIDCL,5/9/2019,141.0,145.0,141.0,143.0,1.42,6752.0,307.0,232.6
HIDCL,5/12/2019,142.0,146.0,139.0,146.0,2.1,11824.0,307.0,232.6
HIDCL,5/13/2019,146.0,160.0,145.0,160.0,9.59,160063.0,307.0,232.6
HIDCL,5/14/2019,163.0,172.0,152.0,155.0,-3.12,101891.0,307.0,232.6
HIDCL,5/15/2019,152.0,170.0,152.0,163.0,5.16,81467.0,307.0,232.6
HIDCL,5/16/2019,165.0,167.0,161.0,161.0,-1.23,36536.0,307.0,232.6
HIDCL,5/19/2019,158.0,161.0,153.0,159.0,-1.24,30293.0,307.0,232.6
HIDCL,5/20/2019,160.0,162.0,157.0,158.0,-0.63,27247.0,307.0,232.6
HIDCL,5/21/2019,156.0,168.0,156.0,166.0,5.06,74352.0,307.0,232.6
HIDCL,5/22/2019,168.0,182.0,165.0,179.0,7.83,213727.0,307.0,232.6
HIDCL,5/23/2019,180.0,180.0,165.0,167.0,-6.7,109932.0,307.0,232.6
HIDCL,5/26/2019,170.0,173.0,164.0,166.0,-0.6,58898.0,307.0,232.6
HIDCL,5/27/2019,158.0,169.0,158.0,167.0,0.6,20504.0,307.0,232.6
HIDCL,5/28/2019,164.0,169.0,164.0,164.0,-1.8,17325.0,307.0,232.6
HIDCL,5/29/2019,167.0,171.0,163.0,169.0,3.05,30751.0,307.0,232.6
HIDCL,5/30/2019,172.0,175.0,165.0,168.0,-0.59,60103.0,307.0,232.6
HIDCL,6/2/2019,169.0,170.0,164.0,167.0,-0.6,21249.0,307.0,232.6
HIDCL,6/3/2019,166.0,166.0,160.0,163.0,-2.4,23039.0,307.0,232.6
HIDCL,6/4/2019,165.0,165.0,161.0,162.0,-0.61,14769.0,307.0,232.6
HIDCL,6/6/2019,160.0,165.0,160.0,161.0,-0.62,15805.0,307.0,232.6
HIDCL,6/10/2019,153.0,165.0,153.0,161.0,0.0,31225.0,307.0,232.6
HIDCL,6/11/2019,162.0,165.0,161.0,161.0,0.0,10689.0,307.0,232.6
HIDCL,6/12/2019,161.0,164.0,160.0,162.0,0.62,26282.0,307.0,232.6
HIDCL,6/13/2019,162.0,164.0,161.0,163.0,0.62,17942.0,307.0,232.6
HIDCL,6/16/2019,163.0,163.0,159.0,160.0,-1.84,9599.0,307.0,232.6
HIDCL,6/17/2019,158.0,163.0,158.0,161.0,0.63,18051.0,307.0,232.6
HIDCL,6/18/2019,160.0,162.0,159.0,159.0,-1.24,8706.0,307.0,232.6
HIDCL,6/19/2019,159.0,162.0,159.0,159.0,0.0,3005.0,307.0,232.6
HIDCL,6/20/2019,159.0,163.0,159.0,161.0,1.26,10481.0,307.0,232.6
HIDCL,6/23/2019,160.0,161.0,158.0,158.0,-1.86,8440.0,307.0,232.6
HIDCL,6/24/2019,158.0,162.0,157.0,162.0,2.53,11416.0,307.0,232.6
HIDCL,6/25/2019,160.0,161.0,159.0,159.0,-1.85,13001.0,307.0,232.6
HIDCL,6/26/2019,158.0,163.0,158.0,160.0,0.63,60371.0,307.0,232.6
HIDCL,6/27/2019,163.0,165.0,161.0,161.0,0.63,58207.0,307.0,232.6
HIDCL,6/30/2019,159.0,162.0,158.0,158.0,-1.86,9018.0,307.0,232.6
HIDCL,7/1/2019,160.0,160.0,156.0,157.0,-0.63,8779.0,307.0,232.6
HIDCL,7/2/2019,155.0,159.0,155.0,159.0,1.27,6932.0,307.0,232.6
HIDCL,7/3/2019,159.0,163.0,158.0,163.0,2.52,10470.0,307.0,232.6
HIDCL,7/4/2019,163.0,163.0,158.0,161.0,-1.23,12667.0,307.0,232.6
HIDCL,7/7/2019,160.0,162.0,160.0,162.0,0.62,12640.0,307.0,232.6
HIDCL,7/8/2019,163.0,163.0,161.0,161.0,-0.62,7768.0,307.0,232.6
HIDCL,7/9/2019,163.0,172.0,161.0,162.0,0.62,20790.0,307.0,232.6
HIDCL,7/10/2019,160.0,161.0,159.0,159.0,-1.85,16834.0,307.0,232.6
HIDCL,7/11/2019,159.0,161.0,159.0,159.0,0.0,13308.0,307.0,232.6
HIDCL,7/14/2019,158.0,163.0,158.0,161.0,1.26,6143.0,307.0,232.6
HIDCL,7/15/2019,161.0,162.0,160.0,161.0,0.0,14272.0,307.0,232.6
HIDCL,7/16/2019,164.0,164.0,160.0,161.0,0.0,9159.0,307.0,232.6
HIDCL,7/17/2019,159.0,164.0,159.0,162.0,0.62,7615.0,307.0,232.6
HIDCL,7/18/2019,162.0,165.0,161.0,162.0,0.0,9392.0,307.0,232.6
HIDCL,7/21/2019,162.0,162.0,159.0,161.0,-0.62,9133.0,307.0,232.6
HIDCL,7/22/2019,160.0,163.0,159.0,162.0,0.62,12524.0,307.0,232.6
HIDCL,7/23/2019,163.0,164.0,160.0,161.0,-0.62,38882.0,307.0,232.6
HIDCL,7/24/2019,161.0,164.0,159.0,164.0,1.86,12730.0,307.0,232.6
HIDCL,7/25/2019,161.0,161.0,159.0,160.0,-2.44,7203.0,307.0,232.6
HIDCL,7/28/2019,162.0,164.0,155.0,157.0,-1.88,21487.0,307.0,232.6
HIDCL,7/29/2019,158.0,163.0,156.0,156.0,-0.64,8994.0,307.0,232.6
HIDCL,7/30/2019,155.0,158.0,155.0,158.0,1.28,8285.0,307.0,232.6
HIDCL,7/31/2019,155.0,159.0,155.0,158.0,0.0,6497.0,307.0,232.6
HIDCL,8/1/2019,159.0,159.0,156.0,158.0,0.0,12241.0,307.0,232.6
HIDCL,8/4/2019,155.0,160.0,154.0,155.0,-1.9,6477.0,307.0,232.6
HIDCL,8/5/2019,154.0,159.0,153.0,156.0,0.65,5186.0,307.0,232.6
HIDCL,8/6/2019,155.0,157.0,153.0,153.0,-1.92,5174.0,307.0,232.6
HIDCL,8/7/2019,150.0,159.0,150.0,156.0,1.96,9808.0,307.0,232.6
HIDCL,8/8/2019,159.0,162.0,153.0,154.0,-1.28,2381.0,307.0,232.6
HIDCL,8/11/2019,157.0,159.0,152.0,155.0,0.65,15486.0,307.0,232.6
HIDCL,8/12/2019,155.0,157.0,153.0,156.0,0.65,3214.0,307.0,232.6
HIDCL,8/13/2019,156.0,159.0,150.0,152.0,-2.56,21491.0,307.0,232.6
HIDCL,8/14/2019,152.0,154.0,150.0,152.0,0.0,16035.0,307.0,232.6
HIDCL,8/15/2019,150.0,153.0,148.0,149.0,-1.97,7264.0,307.0,232.6
HIDCL,8/18/2019,148.0,153.0,147.0,147.0,-1.34,4101.0,307.0,232.6
HIDCL,8/19/2019,146.0,154.0,146.0,150.0,2.04,7349.0,307.0,232.6
HIDCL,8/20/2019,147.0,149.0,147.0,149.0,-0.67,4129.0,307.0,232.6
HIDCL,8/21/2019,147.0,149.0,147.0,148.0,-0.67,15657.0,307.0,232.6
HIDCL,8/22/2019,146.0,148.0,146.0,147.0,-0.68,4184.0,307.0,232.6
HIDCL,8/25/2019,146.0,150.0,144.0,147.0,0.0,21795.0,307.0,232.6
HIDCL,8/26/2019,145.0,147.0,143.0,147.0,0.0,1726.0,307.0,232.6
HIDCL,8/27/2019,148.0,149.0,144.0,148.0,0.68,4401.0,307.0,232.6
HIDCL,8/28/2019,146.0,146.0,143.0,145.0,-2.03,3015.0,307.0,232.6
HIDCL,8/29/2019,146.0,147.0,142.0,143.0,-1.38,7785.0,307.0,232.6
HIDCL,9/1/2019,142.0,144.0,138.0,142.0,-0.7,15149.0,307.0,232.6
HIDCL,9/2/2019,144.0,146.0,138.0,140.0,-1.41,3712.0,307.0,232.6
HIDCL,9/3/2019,142.0,146.0,136.0,146.0,4.29,9281.0,307.0,232.6
HIDCL,9/4/2019,146.0,146.0,141.0,141.0,-3.42,5782.0,307.0,232.6
HIDCL,9/5/2019,142.0,143.0,138.0,139.0,-1.42,7147.0,307.0,232.6
HIDCL,9/8/2019,138.0,139.0,137.0,139.0,0.0,5690.0,307.0,232.6
HIDCL,9/9/2019,140.0,140.0,136.0,137.0,-1.44,3188.0,307.0,232.6
HIDCL,9/10/2019,137.0,139.0,135.0,137.0,0.0,4586.0,307.0,232.6
HIDCL,9/11/2019,137.0,138.0,135.0,138.0,0.73,5720.0,307.0,232.6
HIDCL,9/12/2019,140.0,140.0,133.0,134.0,-2.9,7346.0,307.0,232.6
HIDCL,9/15/2019,134.0,135.0,131.0,131.0,-2.24,4926.0,307.0,232.6
HIDCL,9/16/2019,130.0,133.0,130.0,130.0,-0.76,5901.0,307.0,232.6
HIDCL,9/17/2019,132.0,138.0,130.0,136.0,4.62,6438.0,307.0,232.6
HIDCL,9/18/2019,138.0,139.0,133.0,139.0,2.21,10065.0,307.0,232.6
HIDCL,9/19/2019,137.0,139.0,134.0,139.0,0.0,811.0,307.0,232.6
HIDCL,9/22/2019,134.0,135.0,131.0,131.0,-5.76,4285.0,307.0,232.6
HIDCL,9/23/2019,131.0,134.0,131.0,132.0,0.76,3467.0,307.0,232.6
HIDCL,9/24/2019,132.0,133.0,130.0,130.0,-1.52,5858.0,307.0,232.6
HIDCL,9/25/2019,130.0,132.0,130.0,131.0,0.77,3038.0,307.0,232.6
HIDCL,9/26/2019,131.0,135.0,130.0,130.0,-0.76,6199.0,307.0,232.6
HIDCL,9/29/2019,129.0,133.0,129.0,131.0,0.77,3164.0,307.0,232.6
HIDCL,9/30/2019,131.0,132.0,130.0,132.0,0.76,2980.0,307.0,232.6
HIDCL,10/1/2019,131.0,135.0,131.0,134.0,1.52,3125.0,307.0,232.6
HIDCL,10/2/2019,136.0,136.0,133.0,135.0,0.75,6057.0,307.0,232.6
HIDCL,10/3/2019,134.0,134.0,133.0,134.0,-0.74,181.0,307.0,232.6
HIDCL,10/10/2019,133.0,133.0,131.0,133.0,-0.75,3107.0,307.0,232.6
HIDCL,10/14/2019,135.0,140.0,135.0,139.0,4.51,9003.0,307.0,232.6
HIDCL,10/15/2019,138.0,141.0,137.0,138.0,-0.72,6305.0,307.0,232.6
HIDCL,10/16/2019,137.0,140.0,136.0,137.0,-0.72,3300.0,307.0,232.6
HIDCL,10/17/2019,137.0,140.0,136.0,140.0,2.19,4198.0,307.0,232.6
HIDCL,10/20/2019,139.0,139.0,136.0,136.0,-2.86,5804.0,307.0,232.6
HIDCL,10/21/2019,134.0,139.0,134.0,137.0,0.74,1561.0,307.0,232.6
HIDCL,10/22/2019,136.0,137.0,135.0,137.0,0.0,873.0,307.0,232.6
HIDCL,10/23/2019,135.0,138.0,133.0,138.0,0.73,4299.0,307.0,232.6
HIDCL,10/24/2019,138.0,138.0,136.0,137.0,-0.72,4724.0,307.0,232.6
HIDCL,10/31/2019,137.0,137.0,134.0,135.0,-1.46,5261.0,307.0,232.6
HIDCL,11/3/2019,133.0,136.0,132.0,132.0,-2.22,7756.0,307.0,232.6
HIDCL,11/4/2019,131.0,139.0,130.0,138.0,4.55,12838.0,307.0,232.6
HIDCL,11/5/2019,136.0,140.0,134.0,136.0,-1.45,3357.0,307.0,232.6
HIDCL,11/6/2019,135.0,137.0,134.0,134.0,-1.47,2555.0,307.0,232.6
HIDCL,11/7/2019,135.0,135.0,131.0,131.0,-2.24,10354.0,307.0,232.6
HIDCL,11/10/2019,131.0,134.0,131.0,131.0,0.0,16912.0,307.0,232.6
HIDCL,11/11/2019,131.0,135.0,131.0,134.0,2.29,3814.0,307.0,232.6
HIDCL,11/12/2019,132.0,133.0,131.0,133.0,-0.75,5397.0,307.0,232.6
HIDCL,11/13/2019,133.0,133.0,130.0,131.0,-1.5,16900.0,307.0,232.6
HIDCL,11/14/2019,131.0,134.0,130.0,131.0,0.0,5145.0,307.0,232.6
HIDCL,11/17/2019,131.0,132.0,130.0,131.0,0.0,5735.0,307.0,232.6
HIDCL,11/18/2019,130.0,131.0,130.0,130.0,-0.76,9439.0,307.0,232.6
HIDCL,11/19/2019,130.0,132.0,130.0,131.0,0.77,3949.0,307.0,232.6
HIDCL,11/20/2019,132.0,135.0,130.0,130.0,-0.76,6567.0,307.0,232.6
HIDCL,11/21/2019,130.0,131.0,130.0,131.0,0.77,8206.0,307.0,232.6
HIDCL,11/24/2019,129.0,130.0,129.0,130.0,-0.76,7696.0,307.0,232.6
HIDCL,11/25/2019,132.0,132.0,129.0,131.0,0.77,13037.0,307.0,232.6
HIDCL,11/26/2019,130.0,134.0,130.0,133.0,1.53,17855.0,307.0,232.6
HIDCL,11/27/2019,135.0,135.0,131.0,133.0,0.0,9275.0,307.0,232.6
HIDCL,11/28/2019,132.0,133.0,131.0,133.0,0.0,4516.0,307.0,232.6
HIDCL,12/1/2019,133.0,133.0,131.0,132.0,-0.75,3947.0,307.0,232.6
HIDCL,12/2/2019,131.0,133.0,129.0,129.0,-2.27,10364.0,307.0,232.6
HIDCL,12/3/2019,128.0,134.0,128.0,134.0,3.88,8648.0,307.0,232.6
HIDCL,12/4/2019,132.0,135.0,131.0,135.0,0.75,7878.0,307.0,232.6
HIDCL,12/5/2019,136.0,136.0,132.0,134.0,-0.74,2262.0,307.0,232.6
HIDCL,12/8/2019,135.0,135.0,130.0,133.0,-0.75,2294.0,307.0,232.6
HIDCL,12/9/2019,131.0,137.0,131.0,135.0,1.5,7365.0,307.0,232.6
HIDCL,12/10/2019,133.0,135.0,130.0,133.0,-1.48,6159.0,307.0,232.6
HIDCL,12/11/2019,133.0,137.0,132.0,134.0,0.75,5406.0,307.0,232.6
HIDCL,12/12/2019,132.0,140.0,131.0,139.0,3.73,16115.0,307.0,232.6
HIDCL,12/15/2019,139.0,139.0,133.0,133.0,-4.32,4854.0,307.0,232.6
HIDCL,12/16/2019,135.0,135.0,131.0,133.0,0.0,4213.0,307.0,232.6
HIDCL,12/17/2019,132.0,134.0,132.0,132.0,-0.75,5235.0,307.0,232.6
HIDCL,12/18/2019,131.0,134.0,131.0,134.0,1.52,2483.0,307.0,232.6
HIDCL,12/19/2019,135.0,135.0,132.0,134.0,0.0,6434.0,307.0,232.6
HIDCL,12/22/2019,133.0,133.0,131.0,131.0,-2.24,3613.0,307.0,232.6
HIDCL,12/23/2019,133.0,144.0,133.0,144.0,9.92,23058.0,307.0,232.6
HIDCL,12/24/2019,151.0,158.0,143.0,143.0,-0.69,119918.0,307.0,232.6
HIDCL,12/25/2019,143.0,149.0,143.0,146.0,2.1,28421.0,307.0,232.6
HIDCL,12/26/2019,146.0,148.0,145.0,147.0,0.68,21053.0,307.0,232.6
HIDCL,12/29/2019,146.0,146.0,144.0,145.0,-1.36,10588.0,307.0,232.6
HIDCL,12/30/2019,146.0,146.0,143.0,144.0,-0.69,8585.0,307.0,232.6
HIDCL,12/31/2019,144.0,145.0,143.0,144.0,0.0,11492.0,307.0,232.6
HIDCL,1/1/2020,143.0,149.0,142.0,145.0,0.69,63112.0,307.0,232.6
HIDCL,1/2/2020,143.0,143.0,132.0,134.0,-7.59,12371.0,307.0,232.6
HIDCL,1/5/2020,132.0,136.0,132.0,135.0,0.75,10433.0,307.0,232.6
HIDCL,1/6/2020,135.0,139.0,134.0,136.0,0.74,10450.0,307.0,232.6
HIDCL,1/7/2020,134.0,137.0,134.0,135.0,-0.74,9486.0,307.0,232.6
HIDCL,1/8/2020,135.0,135.0,132.0,134.0,-0.74,10869.0,307.0,232.6
HIDCL,1/9/2020,133.0,136.0,132.0,135.0,0.75,4941.0,307.0,232.6
HIDCL,1/12/2020,133.0,140.0,133.0,140.0,3.7,24325.0,307.0,232.6
HIDCL,1/13/2020,140.0,147.0,138.0,140.0,0.0,40687.0,307.0,232.6
HIDCL,1/14/2020,142.0,143.0,139.0,140.0,0.0,17740.0,307.0,232.6
HIDCL,1/15/2020,140.0,148.0,139.0,141.0,0.71,21596.0,307.0,232.6
HIDCL,1/16/2020,143.0,145.0,141.0,145.0,2.84,19349.0,307.0,232.6
HIDCL,1/19/2020,144.0,147.0,144.0,146.0,0.69,33360.0,307.0,232.6
HIDCL,1/20/2020,148.0,150.0,139.0,141.0,-3.42,51032.0,307.0,232.6
HIDCL,1/21/2020,143.0,143.0,140.0,142.0,0.71,21088.0,307.0,232.6
HIDCL,1/22/2020,140.0,140.0,137.0,140.0,-1.41,15328.0,307.0,232.6
HIDCL,1/23/2020,140.0,142.0,137.0,137.0,-2.14,9815.0,307.0,232.6
HIDCL,1/26/2020,143.0,143.0,134.0,135.0,-1.46,23755.0,307.0,232.6
HIDCL,1/27/2020,134.0,139.0,134.0,136.0,0.74,14862.0,307.0,232.6
HIDCL,1/28/2020,138.0,139.0,135.0,137.0,0.74,8557.0,307.0,232.6
HIDCL,1/29/2020,137.0,137.0,134.0,134.0,-2.19,11615.0,307.0,232.6
HIDCL,1/30/2020,136.0,140.0,136.0,137.0,2.24,30658.0,307.0,232.6
HIDCL,2/2/2020,137.0,140.0,136.0,138.0,0.73,19042.0,307.0,232.6
HIDCL,2/3/2020,138.0,144.0,136.0,142.0,2.9,17888.0,307.0,232.6
HIDCL,2/4/2020,141.0,142.0,138.0,139.0,-2.11,21522.0,307.0,232.6
HIDCL,2/5/2020,141.0,142.0,137.0,137.0,-1.44,29436.0,307.0,232.6
HIDCL,2/6/2020,137.0,141.0,137.0,137.0,0.0,10296.0,307.0,232.6
HIDCL,2/9/2020,136.0,142.0,136.0,139.0,1.46,13971.0,307.0,232.6
HIDCL,2/10/2020,140.0,140.0,138.0,140.0,0.72,4090.0,307.0,232.6
HIDCL,2/11/2020,138.0,142.0,138.0,141.0,0.71,14172.0,307.0,232.6
HIDCL,2/12/2020,139.0,141.0,137.0,139.0,-1.42,14073.0,307.0,232.6
HIDCL,2/13/2020,141.0,141.0,136.0,139.0,0.0,19565.0,307.0,232.6
HIDCL,2/16/2020,137.0,139.0,136.0,136.0,-2.16,12817.0,307.0,232.6
HIDCL,2/17/2020,136.0,143.0,136.0,140.0,2.94,40432.0,307.0,232.6
HIDCL,2/18/2020,139.0,141.0,137.0,139.0,-0.71,21385.0,307.0,232.6
HIDCL,2/19/2020,137.0,142.0,135.0,139.0,0.0,6374.0,307.0,232.6
HIDCL,2/20/2020,138.0,143.0,137.0,139.0,0.0,40714.0,307.0,232.6
HIDCL,2/23/2020,141.0,152.0,139.0,146.0,5.04,95419.0,307.0,232.6
HIDCL,2/24/2020,148.0,150.0,142.0,142.0,-2.74,23935.0,307.0,232.6
HIDCL,2/25/2020,149.0,156.0,141.0,155.0,9.15,146913.0,307.0,232.6
HIDCL,2/26/2020,158.0,165.0,150.0,157.0,1.29,84944.0,307.0,232.6
HIDCL,2/27/2020,157.0,160.0,150.0,150.0,-4.46,60040.0,307.0,232.6
HIDCL,3/1/2020,152.0,154.0,147.0,148.0,-1.33,74157.0,307.0,232.6
HIDCL,3/2/2020,146.0,151.0,140.0,142.0,-4.05,17069.0,307.0,232.6
HIDCL,3/3/2020,140.0,146.0,136.0,143.0,0.7,25668.0,307.0,232.6
HIDCL,3/4/2020,141.0,143.0,137.0,138.0,-3.5,28307.0,307.0,232.6
HIDCL,3/5/2020,137.0,141.0,136.0,138.0,0.0,31980.0,307.0,232.6
HIDCL,3/10/2020,136.0,136.0,133.0,133.0,-3.62,7979.0,307.0,232.6
HIDCL,3/11/2020,135.0,141.0,133.0,140.0,5.26,18688.0,307.0,232.6
HIDCL,3/12/2020,138.0,142.0,135.0,135.0,-3.57,17800.0,307.0,232.6
HIDCL,3/15/2020,133.0,137.0,130.0,132.0,-2.22,34042.0,307.0,232.6
HIDCL,3/16/2020,132.0,135.0,131.0,134.0,1.52,10700.0,307.0,232.6
HIDCL,3/17/2020,134.0,134.0,130.0,131.0,-2.24,21088.0,307.0,232.6
HIDCL,3/18/2020,129.0,131.0,127.0,130.0,-0.76,23462.0,307.0,232.6
HIDCL,3/19/2020,128.0,132.0,126.0,130.0,0.0,19063.0,307.0,232.6
HIDCL,3/22/2020,128.0,130.0,126.0,129.0,-0.77,1200.0,307.0,232.6
HIDCL,5/12/2020,127.0,127.0,126.0,126.0,-2.33,1140.0,307.0,232.6
HIDCL,5/13/2020,124.0,124.0,124.0,124.0,-1.59,20.0,307.0,232.6
HIDCL,6/29/2020,122.0,122.0,116.0,120.0,-3.23,9570.0,307.0,232.6
HIDCL,6/30/2020,121.0,124.0,121.0,124.0,3.33,852.0,307.0,232.6
HIDCL,7/1/2020,126.0,132.0,126.0,130.0,4.84,2903.0,307.0,232.6
HIDCL,7/2/2020,132.0,134.0,118.0,118.0,-9.23,2583.0,307.0,232.6
HIDCL,7/5/2020,120.0,125.0,118.0,123.0,4.24,7171.0,307.0,232.6
HIDCL,7/6/2020,123.0,130.0,123.0,128.0,4.07,6437.0,307.0,232.6
HIDCL,7/7/2020,126.0,135.0,126.0,135.0,5.47,13370.0,307.0,232.6
HIDCL,7/8/2020,133.0,133.0,127.0,128.0,-5.19,11583.0,307.0,232.6
HIDCL,7/9/2020,126.0,132.0,126.0,127.0,-0.78,5182.0,307.0,232.6
HIDCL,7/12/2020,126.0,134.0,126.0,134.0,5.51,5549.0,307.0,232.6
HIDCL,7/13/2020,132.0,132.0,128.0,131.0,-2.24,9799.0,307.0,232.6
HIDCL,7/14/2020,130.0,131.0,127.0,131.0,0.0,6323.0,307.0,232.6
HIDCL,7/15/2020,129.0,133.0,129.0,133.0,1.53,9448.0,307.0,232.6
HIDCL,7/16/2020,131.0,135.0,131.0,133.0,0.0,8460.0,307.0,232.6
HIDCL,7/19/2020,135.0,135.0,135.0,135.0,1.5,60.0,307.0,232.6
HIDCL,7/20/2020,141.0,147.0,135.0,138.0,2.22,24982.0,307.0,232.6
HIDCL,7/21/2020,138.0,138.0,132.0,132.0,-4.35,15838.0,307.0,232.6
HIDCL,7/22/2020,132.0,134.0,131.0,132.0,0.0,14894.0,307.0,232.6
HIDCL,7/23/2020,130.0,133.0,129.0,130.0,-1.52,19312.0,307.0,232.6
HIDCL,7/26/2020,130.0,132.0,129.0,131.0,0.77,23023.0,307.0,232.6
HIDCL,7/27/2020,131.0,133.0,129.0,132.0,0.76,23496.0,307.0,232.6
HIDCL,7/28/2020,130.0,132.0,129.0,131.0,-0.76,11175.0,307.0,232.6
HIDCL,7/29/2020,129.0,131.0,129.0,129.0,-1.53,14209.0,307.0,232.6
HIDCL,7/30/2020,128.0,135.0,128.0,130.0,0.78,10681.0,307.0,232.6
HIDCL,8/2/2020,130.0,130.0,128.0,129.0,-0.77,15767.0,307.0,232.6
HIDCL,8/3/2020,128.0,130.0,128.0,129.0,0.0,7388.0,307.0,232.6
HIDCL,8/5/2020,129.0,130.0,127.0,127.0,-1.55,12165.0,307.0,232.6
HIDCL,8/6/2020,127.0,131.0,126.0,128.0,0.79,10598.0,307.0,232.6
HIDCL,8/9/2020,127.0,128.0,126.0,128.0,0.0,15625.0,307.0,232.6
HIDCL,8/10/2020,127.0,130.0,126.0,128.0,0.0,19848.0,307.0,232.6
HIDCL,8/11/2020,127.0,131.0,127.0,128.0,0.0,14327.0,307.0,232.6
HIDCL,8/12/2020,126.0,131.0,126.0,129.0,0.78,5646.0,307.0,232.6
HIDCL,8/13/2020,127.0,131.0,127.0,128.0,-0.78,16980.0,307.0,232.6
HIDCL,8/16/2020,126.0,128.0,125.0,127.0,-0.78,8589.0,307.0,232.6
HIDCL,8/17/2020,126.0,131.0,126.0,131.0,3.15,8551.0,307.0,232.6
HIDCL,8/18/2020,129.0,130.0,125.0,129.0,-1.53,31517.0,307.0,232.6
HIDCL,8/19/2020,127.0,129.0,125.0,129.0,0.0,43739.0,307.0,232.6
HIDCL,8/20/2020,127.0,128.0,125.0,128.0,-0.78,40100.0,307.0,232.6
HIDCL,8/23/2020,126.0,127.0,125.0,127.0,-0.78,21040.0,307.0,232.6
HIDCL,8/24/2020,127.0,131.0,126.0,129.0,1.57,12057.0,307.0,232.6
HIDCL,8/25/2020,127.0,130.0,127.0,128.0,-0.78,10837.0,307.0,232.6
HIDCL,8/26/2020,134.0,134.0,127.0,130.0,1.56,23680.0,307.0,232.6
HIDCL,8/27/2020,130.0,133.0,129.0,132.0,1.54,32492.0,307.0,232.6
HIDCL,8/30/2020,130.0,135.0,130.0,135.0,2.27,12682.0,307.0,232.6
HIDCL,8/31/2020,129.0,146.0,129.0,142.0,5.19,125488.0,307.0,232.6
HIDCL,9/2/2020,144.0,156.0,141.0,154.0,8.45,249064.0,307.0,232.6
HIDCL,9/3/2020,161.0,163.0,145.0,146.0,-5.19,169967.0,307.0,232.6
HIDCL,9/6/2020,153.0,153.0,142.0,144.0,-1.37,47111.0,307.0,232.6
HIDCL,9/7/2020,146.0,148.0,141.0,143.0,-0.69,42601.0,307.0,232.6
HIDCL,9/8/2020,141.0,147.0,141.0,146.0,2.1,30435.0,307.0,232.6
HIDCL,9/9/2020,148.0,153.0,144.0,146.0,0.0,35979.0,307.0,232.6
HIDCL,9/10/2020,148.0,149.0,143.0,143.0,-2.05,20267.0,307.0,232.6
HIDCL,9/13/2020,145.0,151.0,142.0,148.0,3.5,47124.0,307.0,232.6
HIDCL,9/14/2020,150.0,162.0,150.0,157.0,6.08,159593.0,307.0,232.6
HIDCL,9/15/2020,160.0,160.0,151.0,151.0,-3.82,51913.0,307.0,232.6
HIDCL,9/16/2020,150.0,160.0,150.0,156.0,3.31,72814.0,307.0,232.6
HIDCL,9/17/2020,163.0,171.0,156.0,171.0,9.62,294529.0,307.0,232.6
HIDCL,9/20/2020,179.0,183.0,160.0,162.0,-5.26,81377.0,307.0,232.6
HIDCL,9/21/2020,170.0,170.0,156.0,160.0,-1.23,75515.0,307.0,232.6
HIDCL,9/22/2020,168.0,168.0,156.0,158.0,-1.25,87048.0,307.0,232.6
HIDCL,9/23/2020,165.0,165.0,156.0,161.0,1.9,57795.0,307.0,232.6
HIDCL,9/24/2020,169.0,176.0,161.0,176.0,9.32,282507.0,307.0,232.6
HIDCL,9/27/2020,177.0,192.0,170.0,181.0,2.84,270660.0,307.0,232.6
HIDCL,9/28/2020,180.0,184.0,176.0,178.0,-1.66,189724.0,307.0,232.6
HIDCL,9/29/2020,177.0,181.0,175.0,180.0,1.12,256468.0,307.0,232.6
HIDCL,9/30/2020,178.0,182.0,175.0,178.0,-1.11,99446.0,307.0,232.6
HIDCL,10/1/2020,179.0,180.0,172.0,174.0,-2.25,137147.0,307.0,232.6
HIDCL,10/4/2020,174.0,177.0,170.0,171.0,-1.72,101969.0,307.0,232.6
HIDCL,10/5/2020,173.0,180.0,171.0,176.0,2.92,190846.0,307.0,232.6
HIDCL,10/6/2020,184.0,188.0,177.0,186.0,5.68,265832.0,307.0,232.6
HIDCL,10/7/2020,178.0,204.0,178.0,204.0,9.68,535400.0,307.0,232.6
HIDCL,10/8/2020,205.0,214.0,194.0,197.0,-3.43,275958.0,307.0,232.6
HIDCL,10/11/2020,194.0,199.0,185.0,189.0,-4.06,167644.0,307.0,232.6
HIDCL,10/12/2020,187.0,192.0,185.0,188.0,-0.53,105875.0,307.0,232.6
HIDCL,10/13/2020,188.0,192.0,184.0,186.0,-1.06,105510.0,307.0,232.6
HIDCL,10/14/2020,184.0,186.0,180.0,180.0,-3.23,78306.0,307.0,232.6
HIDCL,10/15/2020,182.0,188.0,179.0,181.0,0.56,109387.0,307.0,232.6
HIDCL,10/18/2020,179.0,182.0,178.0,181.0,0.0,43854.0,307.0,232.6
HIDCL,10/19/2020,182.0,191.0,181.0,190.0,4.97,109163.0,307.0,232.6
HIDCL,10/20/2020,193.0,200.0,190.0,199.0,4.74,306510.0,307.0,232.6
HIDCL,10/21/2020,202.0,202.0,193.0,194.0,-2.51,86447.0,307.0,232.6
HIDCL,10/22/2020,203.0,203.0,189.0,194.0,0.0,91790.0,307.0,232.6
HIDCL,10/28/2020,197.0,200.0,193.0,198.0,2.06,148213.0,307.0,232.6
HIDCL,10/29/2020,196.0,212.0,196.0,205.0,3.54,230651.0,307.0,232.6
HIDCL,11/1/2020,209.0,225.0,206.0,225.0,9.76,559361.0,307.0,232.6
HIDCL,11/2/2020,236.0,238.0,218.0,226.0,0.44,348039.0,307.0,232.6
HIDCL,11/3/2020,229.0,233.0,221.0,229.0,1.33,280004.0,307.0,232.6
HIDCL,11/4/2020,228.0,234.0,226.0,234.0,2.18,187796.0,307.0,232.6
HIDCL,11/5/2020,235.0,240.0,232.0,235.0,0.43,306889.0,307.0,232.6
HIDCL,11/8/2020,246.0,248.0,235.0,245.0,4.26,254552.0,307.0,232.6
HIDCL,11/9/2020,250.0,253.0,236.0,237.0,-3.27,244020.0,307.0,232.6
HIDCL,11/10/2020,239.0,243.0,235.0,239.0,0.84,199944.0,307.0,232.6
HIDCL,11/11/2020,242.0,243.0,236.0,237.0,-0.84,123645.0,307.0,232.6
HIDCL,11/12/2020,240.0,240.0,232.0,235.0,-0.84,166657.0,307.0,232.6
HIDCL,11/18/2020,233.0,240.0,229.0,231.0,-1.7,115394.0,307.0,232.6
HIDCL,11/19/2020,234.0,245.0,229.0,242.0,4.76,222214.0,307.0,232.6
HIDCL,11/22/2020,232.0,258.0,232.0,252.0,4.13,372816.0,307.0,232.6
HIDCL,11/23/2020,256.0,277.0,249.0,277.0,9.92,453337.0,307.0,232.6
HIDCL,11/24/2020,282.0,300.0,278.0,294.0,6.14,308358.0,307.0,232.6
HIDCL,11/25/2020,299.0,304.0,285.0,290.0,-1.36,251529.0,307.0,232.6
HIDCL,11/26/2020,292.0,295.0,281.0,281.0,-3.1,281370.0,307.0,232.6
HIDCL,11/29/2020,290.0,290.0,275.0,276.0,-1.78,271798.0,307.0,232.6
HIDCL,11/30/2020,280.0,299.0,271.0,289.0,4.71,271568.0,307.0,232.6
HIDCL,12/1/2020,285.0,298.0,283.0,286.0,-1.04,188311.0,307.0,232.6
HIDCL,12/2/2020,289.0,307.0,287.0,293.0,2.45,213356.0,307.0,232.6
HIDCL,12/3/2020,307.0,307.0,282.0,282.0,-3.75,170107.0,307.0,232.6
HIDCL,12/6/2020,296.0,296.0,266.0,267.0,-5.32,137857.0,307.0,232.6
HIDCL,12/7/2020,272.0,291.0,262.0,289.0,8.24,161554.0,307.0,232.6
HIDCL,12/8/2020,303.0,309.0,283.0,294.0,1.73,378971.0,307.0,232.6
HIDCL,12/9/2020,299.0,299.0,284.0,285.0,-3.06,143155.0,307.0,232.6
HIDCL,12/10/2020,285.0,288.0,280.0,284.0,-0.35,77211.0,307.0,232.6
HIDCL,12/13/2020,285.0,291.0,280.0,284.0,0.0,111216.0,307.0,232.6
HIDCL,12/14/2020,286.0,303.0,286.0,289.0,1.76,165837.0,307.0,232.6
HIDCL,12/15/2020,294.0,294.0,285.0,287.0,-0.69,114674.0,307.0,232.6
HIDCL,12/16/2020,285.0,287.0,282.0,284.0,-1.05,74756.0,307.0,232.6
HIDCL,12/17/2020,282.0,285.0,277.0,281.0,-1.06,126368.0,307.0,232.6
HIDCL,12/20/2020,285.0,285.0,256.0,256.0,-8.9,250767.0,307.0,232.6
HIDCL,12/21/2020,251.0,272.0,244.0,262.0,2.34,189395.0,307.0,232.6
HIDCL,12/22/2020,266.0,288.0,266.0,281.0,7.25,80813.0,307.0,232.6
HIDCL,12/23/2020,286.0,290.0,271.0,272.0,-3.2,49037.0,307.0,232.6
HIDCL,12/24/2020,273.0,278.0,260.0,266.0,-2.21,174205.0,307.0,232.6
HIDCL,12/27/2020,266.0,270.0,258.0,265.0,-0.38,69571.0,307.0,232.6
HIDCL,12/28/2020,265.0,270.0,255.0,260.0,-1.89,57638.0,307.0,232.6
HIDCL,12/29/2020,257.0,260.0,250.0,254.0,-2.31,77168.0,307.0,232.6
HIDCL,12/30/2020,251.0,260.0,249.0,254.0,0.0,85978.0,307.0,232.6
HIDCL,12/31/2020,254.0,265.0,251.0,255.0,0.39,80776.0,307.0,232.6
HIDCL,1/3/2021,251.0,263.0,251.0,261.0,2.35,47854.0,307.0,232.6
HIDCL,1/4/2021,265.0,269.0,262.0,264.0,1.15,61954.0,307.0,232.6
HIDCL,1/5/2021,261.0,278.0,253.0,266.0,0.76,95256.0,307.0,232.6
HIDCL,1/6/2021,269.0,274.0,265.0,267.0,0.38,53446.0,307.0,232.6
HIDCL,1/7/2021,267.0,272.0,264.0,267.0,0.0,62562.0,307.0,232.6
HIDCL,1/10/2021,268.0,280.0,264.0,269.0,0.75,61723.0,307.0,232.6
HIDCL,1/11/2021,274.0,274.0,265.0,269.0,0.0,41977.0,307.0,232.6
HIDCL,1/12/2021,269.0,275.0,265.0,275.0,2.23,151940.0,307.0,232.6
HIDCL,1/13/2021,280.0,280.0,273.0,277.0,0.73,81788.0,307.0,232.6
HIDCL,1/17/2021,285.0,304.0,285.0,304.0,9.75,150570.0,307.0,232.6
HIDCL,1/18/2021,319.0,334.0,319.0,334.0,9.87,112843.0,307.0,232.6
HIDCL,1/19/2021,350.0,367.0,315.0,327.0,-2.1,710266.0,307.0,232.6
HIDCL,1/20/2021,343.0,343.0,319.0,325.0,-0.61,134530.0,307.0,232.6
HIDCL,1/21/2021,341.0,341.0,323.0,325.0,0.0,157738.0,307.0,232.6
HIDCL,1/24/2021,331.0,357.0,323.0,357.0,9.85,551286.0,307.0,232.6
HIDCL,1/25/2021,357.0,387.0,357.0,364.0,1.96,265518.0,307.0,232.6
HIDCL,1/26/2021,370.0,377.0,356.0,356.0,-2.2,134657.0,307.0,232.6
HIDCL,1/27/2021,373.0,373.0,352.0,354.0,-0.56,138446.0,307.0,232.6
HIDCL,1/28/2021,371.0,371.0,340.0,345.0,-2.54,177362.0,307.0,232.6
HIDCL,1/31/2021,345.0,348.0,331.0,334.0,-3.19,127421.0,307.0,232.6
HIDCL,2/1/2021,340.0,356.0,336.0,347.0,3.89,196330.0,307.0,232.6
HIDCL,2/2/2021,353.0,358.0,346.0,350.0,0.86,94953.0,307.0,232.6
HIDCL,2/3/2021,367.0,367.0,344.0,347.0,-0.86,151099.0,307.0,232.6
HIDCL,2/4/2021,350.0,350.0,342.0,346.0,-0.29,113692.0,307.0,232.6
HIDCL,2/7/2021,363.0,363.0,345.0,353.0,2.02,162260.0,307.0,232.6
HIDCL,2/8/2021,355.0,357.0,346.0,352.0,-0.28,103177.0,307.0,232.6
HIDCL,2/9/2021,360.0,360.0,339.0,347.0,-1.42,162782.0,307.0,232.6
HIDCL,2/10/2021,343.0,350.0,341.0,345.0,-0.58,72185.0,307.0,232.6
HIDCL,2/11/2021,342.0,351.0,339.0,340.0,-1.45,96142.0,307.0,232.6
HIDCL,2/14/2021,340.0,340.0,330.0,332.0,-2.35,174247.0,307.0,232.6
HIDCL,2/15/2021,338.0,350.0,337.0,343.0,3.31,118086.0,307.0,232.6
HIDCL,2/16/2021,343.0,343.0,325.0,329.0,-4.08,438177.0,307.0,232.6
HIDCL,2/17/2021,320.0,330.0,320.0,325.0,-1.22,270761.0,307.0,232.6
HIDCL,2/18/2021,325.0,333.0,322.0,331.0,1.85,114631.0,307.0,232.6
HIDCL,2/21/2021,334.0,335.0,322.0,330.0,-0.3,135740.0,307.0,232.6
HIDCL,2/22/2021,326.0,341.0,326.0,328.0,-0.61,112031.0,307.0,232.6
HIDCL,2/23/2021,332.0,334.0,322.0,327.0,-0.3,109012.0,307.0,232.6
HIDCL,2/24/2021,327.0,337.0,327.0,331.0,1.22,115103.0,307.0,232.6
HIDCL,2/25/2021,346.0,346.0,326.0,328.0,-0.91,81175.0,307.0,232.6
HIDCL,2/28/2021,312.0,334.0,312.0,318.0,-3.05,134571.0,307.0,232.6
HIDCL,3/1/2021,303.0,325.0,303.0,322.0,1.26,88292.0,307.0,232.6
HIDCL,3/2/2021,338.0,338.0,324.0,329.0,2.17,274979.0,307.0,232.6
HIDCL,3/3/2021,335.0,335.0,321.0,325.0,-1.22,89315.0,307.0,232.6
HIDCL,3/4/2021,329.0,332.0,324.0,328.0,0.92,65016.0,307.0,232.6
HIDCL,3/7/2021,315.0,340.0,315.0,332.0,1.22,136384.0,307.0,232.6
HIDCL,3/9/2021,348.0,348.0,330.0,334.0,0.6,197945.0,307.0,232.6
HIDCL,3/10/2021,350.0,350.0,331.0,334.0,0.0,87543.0,307.0,232.6
HIDCL,3/14/2021,333.0,338.0,329.0,331.0,-0.9,80594.0,307.0,232.6
HIDCL,3/15/2021,330.0,335.0,328.0,328.0,-0.91,51194.0,307.0,232.6
HIDCL,3/16/2021,344.0,360.0,331.0,350.0,6.71,308438.0,307.0,232.6
HIDCL,3/17/2021,355.0,370.0,350.0,369.0,5.43,453907.0,307.0,232.6
HIDCL,3/18/2021,387.0,387.0,358.0,362.0,-1.9,239331.0,307.0,232.6
HIDCL,3/21/2021,365.0,365.0,353.0,355.0,-1.93,131831.0,307.0,232.6
HIDCL,3/22/2021,365.0,365.0,350.0,352.0,-0.85,111852.0,307.0,232.6
HIDCL,3/23/2021,335.0,370.0,335.0,361.0,2.56,180992.0,307.0,232.6
HIDCL,3/24/2021,365.0,397.0,365.0,397.0,9.97,647762.0,307.0,232.6
HIDCL,3/25/2021,416.0,420.0,386.0,392.0,-1.26,380340.0,307.0,232.6
HIDCL,3/29/2021,392.0,412.0,382.0,400.0,2.04,323037.0,307.0,232.6
HIDCL,3/30/2021,405.0,438.0,400.0,432.0,8.0,667128.0,307.0,232.6
HIDCL,3/31/2021,452.0,475.0,440.0,470.0,8.8,799253.0,307.0,232.6
HIDCL,4/1/2021,475.0,475.0,440.0,444.0,-5.53,540389.0,307.0,232.6
HIDCL,4/4/2021,444.0,444.0,422.0,426.0,-4.05,419108.0,307.0,232.6
HIDCL,4/5/2021,430.0,450.0,421.0,437.0,2.58,187868.0,307.0,232.6
HIDCL,4/6/2021,440.0,440.0,431.0,433.0,-0.92,132280.0,307.0,232.6
HIDCL,4/7/2021,435.0,437.0,423.0,425.0,-1.85,175291.0,307.0,232.6
HIDCL,4/8/2021,425.0,433.0,421.0,423.0,-0.47,141383.0,307.0,232.6
HIDCL,4/12/2021,423.0,432.0,420.0,425.0,0.47,178866.0,307.0,232.6
HIDCL,4/13/2021,429.0,432.0,420.0,422.0,-0.71,136255.0,307.0,232.6
HIDCL,4/15/2021,426.0,445.0,419.0,444.0,5.21,314322.0,307.0,232.6
HIDCL,4/18/2021,450.0,463.0,444.0,457.0,2.93,473531.0,307.0,232.6
HIDCL,4/19/2021,460.0,487.0,451.0,479.0,4.81,519856.0,307.0,232.6
HIDCL,4/20/2021,479.0,485.0,469.0,470.0,-1.88,227487.0,307.0,232.6
HIDCL,4/21/2021,468.0,477.0,461.0,461.0,-1.91,232028.0,307.0,232.6
HIDCL,4/22/2021,465.0,484.0,455.0,482.0,4.56,413156.0,307.0,232.6
HIDCL,4/25/2021,482.0,485.0,451.0,458.0,-4.98,252554.0,307.0,232.6
HIDCL,4/26/2021,440.0,462.0,438.0,440.0,-3.93,335457.0,307.0,232.6
HIDCL,4/27/2021,445.0,469.0,438.0,467.0,6.14,230968.0,307.0,232.6
HIDCL,4/28/2021,469.0,486.0,458.0,475.0,1.71,304141.0,307.0,232.6
HIDCL,4/29/2021,475.0,480.0,470.0,473.0,-0.42,165628.0,307.0,232.6
HIDCL,5/2/2021,480.0,480.0,463.0,474.0,0.21,196277.0,307.0,232.6
HIDCL,5/3/2021,480.0,495.0,480.0,485.0,2.32,555755.0,307.0,232.6
HIDCL,5/4/2021,490.0,495.0,485.0,489.0,0.82,247295.0,307.0,232.6
HIDCL,5/5/2021,500.0,500.0,486.0,487.0,-0.41,120971.0,307.0,232.6
HIDCL,5/6/2021,487.0,527.0,487.0,525.0,7.8,917265.0,307.0,232.6
HIDCL,5/9/2021,532.0,538.0,505.0,510.0,-2.86,460356.0,307.0,232.6
HIDCL,5/10/2021,512.0,522.0,501.0,517.0,1.37,351692.0,307.0,232.6
HIDCL,5/11/2021,518.0,527.0,513.0,525.0,1.55,306829.0,307.0,232.6
HIDCL,5/12/2021,527.0,552.0,521.0,546.0,4.0,499655.0,307.0,232.6
HIDCL,5/13/2021,572.0,572.0,536.0,541.0,-0.92,306784.0,307.0,232.6
HIDCL,5/16/2021,545.0,565.0,531.0,556.0,2.77,467423.0,307.0,232.6
HIDCL,5/17/2021,530.0,570.0,530.0,556.0,0.0,261338.0,307.0,232.6
HIDCL,5/18/2021,559.0,569.0,555.0,561.0,0.9,370996.0,307.0,232.6
HIDCL,5/19/2021,570.0,570.0,542.0,552.0,-1.6,341168.0,307.0,232.6
HIDCL,5/20/2021,550.0,553.0,540.0,541.0,-1.99,213018.0,307.0,232.6
HIDCL,5/23/2021,514.0,555.0,514.0,549.0,1.48,286684.0,307.0,232.6
HIDCL,5/24/2021,576.0,603.0,576.0,588.0,7.1,2109907.0,307.0,232.6
HIDCL,5/25/2021,599.0,599.0,572.0,574.0,-2.38,522263.0,307.0,232.6
HIDCL,5/27/2021,555.0,601.0,555.0,578.0,0.7,350418.0,307.0,232.6
HIDCL,5/30/2021,606.0,606.0,566.0,569.0,-1.56,324796.0,307.0,232.6
HIDCL,5/31/2021,590.0,590.0,565.0,567.0,-0.35,572141.0,307.0,232.6
HIDCL,6/1/2021,580.0,580.0,555.0,558.0,-1.59,269611.0,307.0,232.6
HIDCL,6/2/2021,560.0,567.0,555.0,561.0,0.54,269580.0,307.0,232.6
HIDCL,6/3/2021,570.0,570.0,552.0,553.0,-1.43,335355.0,307.0,232.6
HIDCL,6/6/2021,555.0,564.0,535.0,542.0,-1.99,327432.0,307.0,232.6
HIDCL,6/7/2021,516.0,559.0,516.0,552.0,1.85,264601.0,307.0,232.6
HIDCL,6/8/2021,577.0,577.0,548.0,549.0,-0.54,274026.0,307.0,232.6
HIDCL,6/9/2021,555.0,555.0,542.0,544.0,-0.91,315170.0,307.0,232.6
HIDCL,6/10/2021,550.0,595.0,546.0,586.0,7.72,1720476.0,307.0,232.6
HIDCL,6/13/2021,360.0,377.0,360.0,377.0,-35.67,27779.0,307.0,232.6
HIDCL,6/14/2021,395.0,414.0,395.0,414.0,9.81,20527.0,307.0,232.6
HIDCL,6/15/2021,434.0,455.0,398.0,438.0,5.8,1192113.0,307.0,232.6
HIDCL,6/16/2021,417.0,439.0,400.0,412.0,-5.94,482114.0,307.0,232.6
HIDCL,6/17/2021,430.0,430.0,401.0,412.0,0.0,218704.0,307.0,232.6
HIDCL,6/20/2021,412.0,418.0,385.0,393.0,-4.61,248841.0,307.0,232.6
HIDCL,6/21/2021,394.0,421.0,368.0,410.0,4.33,780819.0,307.0,232.6
HIDCL,6/22/2021,410.0,451.0,410.0,451.0,10.0,733036.0,307.0,232.6
HIDCL,6/23/2021,473.0,494.0,454.0,465.0,3.1,638880.0,307.0,232.6
HIDCL,6/24/2021,470.0,475.0,456.0,459.0,-1.29,426734.0,307.0,232.6
HIDCL,6/27/2021,465.0,486.0,450.0,472.0,2.83,550764.0,307.0,232.6
HIDCL,6/28/2021,490.0,508.0,455.0,508.0,7.63,555372.0,307.0,232.6
HIDCL,6/29/2021,508.0,508.0,458.0,467.0,-8.07,632510.0,307.0,232.6
HIDCL,6/30/2021,490.0,490.0,438.0,447.0,-4.28,208634.0,307.0,232.6
HIDCL,7/1/2021,469.0,469.0,446.0,458.0,2.46,155835.0,307.0,232.6
HIDCL,7/4/2021,470.0,470.0,443.0,453.0,-1.09,253270.0,307.0,232.6
HIDCL,7/5/2021,445.0,471.0,436.0,470.0,3.75,240368.0,307.0,232.6
HIDCL,7/6/2021,472.0,472.0,441.0,444.0,-5.53,228709.0,307.0,232.6
HIDCL,7/7/2021,449.0,449.0,430.0,440.0,-0.9,158859.0,307.0,232.6
HIDCL,7/8/2021,432.0,460.0,428.0,446.0,1.36,205021.0,307.0,232.6
HIDCL,7/11/2021,450.0,459.0,441.0,455.0,2.02,262524.0,307.0,232.6
HIDCL,7/12/2021,455.0,460.0,436.0,436.0,-4.18,198250.0,307.0,232.6
HIDCL,7/13/2021,436.0,446.0,436.0,443.0,1.61,146928.0,307.0,232.6
HIDCL,7/14/2021,440.0,458.0,437.0,450.0,1.58,208009.0,307.0,232.6
HIDCL,7/15/2021,450.0,456.0,440.0,449.0,-0.22,173313.0,307.0,232.6
HIDCL,7/18/2021,452.0,464.1,441.0,464.0,3.34,414880.0,307.0,232.6
HIDCL,7/19/2021,473.0,473.0,449.4,455.0,-1.94,269532.0,307.0,232.6
HIDCL,7/20/2021,464.1,464.1,428.5,443.0,-2.64,241996.0,307.0,232.6
HIDCL,7/22/2021,442.5,447.7,435.0,438.1,-1.11,177640.0,307.0,232.6
HIDCL,7/25/2021,436.0,443.0,429.0,435.1,-0.68,264723.0,307.0,232.6
HIDCL,7/26/2021,435.0,441.0,433.0,435.2,0.02,122261.0,307.0,232.6
HIDCL,7/27/2021,436.0,469.0,435.0,450.0,3.4,351094.0,307.0,232.6
HIDCL,7/28/2021,450.0,476.0,441.0,469.0,4.22,348396.0,307.0,232.6
HIDCL,7/29/2021,469.0,469.0,451.0,454.0,-3.2,226366.0,307.0,232.6
HIDCL,8/1/2021,445.0,465.0,445.0,459.9,1.3,377233.0,307.0,232.6
HIDCL,8/2/2021,469.0,469.0,452.0,458.0,-0.41,186176.0,307.0,232.6
HIDCL,8/3/2021,455.0,465.0,454.2,463.9,1.29,328895.0,307.0,232.6
HIDCL,8/4/2021,473.0,473.0,454.0,462.5,-0.3,551249.0,307.0,232.6
HIDCL,8/5/2021,470.0,479.2,454.0,455.0,-1.62,565870.0,307.0,232.6
HIDCL,8/8/2021,460.0,463.5,450.0,455.0,0.0,361976.0,307.0,232.6
HIDCL,8/9/2021,455.0,459.0,445.0,459.0,0.88,391360.0,307.0,232.6
HIDCL,8/10/2021,460.0,504.0,444.0,487.0,6.1,420292.0,307.0,232.6
HIDCL,8/11/2021,477.5,479.4,458.7,470.5,-3.39,808372.0,307.0,232.6
HIDCL,8/12/2021,473.0,508.0,470.0,498.9,6.04,896875.0,307.0,232.6
HIDCL,8/15/2021,498.9,538.5,461.0,529.2,6.07,505639.0,307.0,232.6
HIDCL,8/16/2021,518.7,570.0,499.0,570.0,7.71,1063540.0,307.0,232.6
HIDCL,8/17/2021,558.6,575.0,530.0,574.9,0.86,1101861.0,307.0,232.6
HIDCL,8/18/2021,563.5,575.0,535.0,574.0,-0.16,597928.0,307.0,232.6
HIDCL,8/19/2021,570.0,570.0,516.6,516.6,-10.0,917069.0,307.0,232.6
HIDCL,8/24/2021,507.0,507.0,465.3,465.3,-9.93,530542.0,307.0,232.6
HIDCL,8/25/2021,457.0,484.5,431.0,450.0,-3.29,339914.0,307.0,232.6
HIDCL,8/26/2021,455.0,480.2,443.0,450.0,0.0,416165.0,307.0,232.6
HIDCL,8/29/2021,450.0,468.1,438.1,443.0,-1.56,228216.0,307.0,232.6
HIDCL,8/31/2021,443.0,451.0,429.1,430.0,-2.93,204576.0,307.0,232.6
HIDCL,9/1/2021,430.0,446.0,421.4,424.2,-1.35,184206.0,307.0,232.6
HIDCL,9/2/2021,416.0,440.0,403.0,404.0,-4.76,224322.0,307.0,232.6
HIDCL,9/5/2021,405.0,405.0,363.6,370.0,-8.42,308916.0,307.0,232.6
HIDCL,9/6/2021,370.0,407.0,369.0,407.0,10.0,293834.0,307.0,232.6
HIDCL,9/7/2021,415.1,438.9,406.0,428.0,5.16,244903.0,307.0,232.6
HIDCL,9/8/2021,436.5,436.5,411.0,415.0,-3.04,129635.0,307.0,232.6
HIDCL,9/9/2021,415.0,430.0,410.0,417.0,0.48,81086.0,307.0,232.6
HIDCL,9/12/2021,425.3,440.0,420.0,436.9,4.77,151730.0,307.0,232.6
HIDCL,9/13/2021,445.6,463.5,427.0,432.0,-1.12,197615.0,307.0,232.6
HIDCL,9/14/2021,434.0,439.0,422.4,427.0,-1.16,70867.0,307.0,232.6
HIDCL,9/15/2021,435.0,435.0,412.0,413.0,-3.28,85018.0,307.0,232.6
HIDCL,9/16/2021,413.0,413.0,397.0,400.0,-3.15,196773.0,307.0,232.6
HIDCL,9/20/2021,392.0,406.8,371.0,372.0,-7.0,168208.0,307.0,232.6
HIDCL,9/21/2021,370.0,401.0,343.0,372.0,0.0,164735.0,307.0,232.6
HIDCL,9/22/2021,379.4,402.0,375.0,396.0,6.45,107879.0,307.0,232.6
HIDCL,9/23/2021,403.0,411.0,382.2,382.5,-3.41,88875.0,307.0,232.6
HIDCL,9/26/2021,387.0,388.0,364.0,364.0,-4.84,96245.0,307.0,232.6
HIDCL,9/27/2021,371.2,377.9,348.0,351.0,-3.57,99924.0,307.0,232.6
HIDCL,9/28/2021,351.0,358.0,323.0,327.0,-6.84,121880.0,307.0,232.6
HIDCL,9/29/2021,327.0,344.0,317.0,335.9,2.72,90791.0,307.0,232.6
HIDCL,9/30/2021,336.0,353.0,331.5,332.0,-1.16,74228.0,307.0,232.6
HIDCL,10/3/2021,332.0,333.0,306.0,307.0,-7.53,97113.0,307.0,232.6
HIDCL,10/4/2021,305.0,321.0,295.0,304.0,-0.98,74816.0,307.0,232.6
HIDCL,10/5/2021,310.0,316.0,295.0,307.0,0.99,52176.0,307.0,232.6
HIDCL,10/6/2021,310.0,319.0,310.0,313.0,1.95,72362.0,307.0,232.6
HIDCL,10/10/2021,311.0,326.0,302.0,307.0,-1.92,73988.0,307.0,232.6
HIDCL,10/11/2021,313.0,313.0,299.0,304.0,-0.98,79381.0,307.0,232.6
HIDCL,10/17/2021,310.0,316.2,301.0,306.0,0.66,27476.0,307.0,232.6
HIDCL,10/18/2021,306.0,308.0,298.5,300.0,-1.96,36299.0,307.0,232.6
HIDCL,10/19/2021,300.0,300.0,285.0,292.0,-2.67,57485.0,307.0,232.6
HIDCL,10/20/2021,297.8,309.0,295.0,296.0,1.37,51738.0,307.0,232.6
HIDCL,10/21/2021,298.0,305.0,294.0,300.0,1.35,79071.0,307.0,232.6
HIDCL,10/24/2021,301.0,305.0,295.0,303.0,1.0,53269.0,307.0,232.6
HIDCL,10/25/2021,305.0,324.0,304.0,322.0,6.27,86645.0,307.0,232.6
HIDCL,10/26/2021,328.0,354.2,328.0,353.0,9.63,117513.0,307.0,232.6
HIDCL,10/27/2021,360.0,373.3,348.9,351.9,-0.31,162562.0,307.0,232.6
HIDCL,10/28/2021,353.0,370.2,342.0,363.0,3.15,103111.0,307.0,232.6
HIDCL,10/31/2021,363.0,392.0,360.0,391.0,7.71,128593.0,307.0,232.6
HIDCL,11/1/2021,398.0,413.0,390.0,402.0,2.81,205685.0,307.0,232.6
HIDCL,11/2/2021,410.0,410.0,392.5,400.0,-0.5,106020.0,307.0,232.6
HIDCL,11/3/2021,408.0,412.0,392.0,394.0,-1.5,82285.0,307.0,232.6
HIDCL,11/8/2021,401.8,405.8,380.0,384.9,-2.31,65434.0,307.0,232.6
HIDCL,11/9/2021,380.0,387.0,361.2,362.0,-5.95,106724.0,307.0,232.6
HIDCL,11/11/2021,369.2,370.0,347.0,350.0,-3.31,82721.0,307.0,232.6
HIDCL,11/14/2021,343.0,343.0,315.0,315.0,-10.0,343216.0,307.0,232.6
HIDCL,11/15/2021,308.7,336.9,291.0,329.5,4.6,898671.0,307.0,232.6
HIDCL,11/16/2021,330.0,338.0,323.0,334.7,1.58,459926.0,307.0,232.6
HIDCL,11/17/2021,339.0,341.2,329.0,329.4,-1.58,311568.0,307.0,232.6
HIDCL,11/18/2021,329.4,330.0,317.0,319.0,-3.16,297282.0,307.0,232.6
HIDCL,11/21/2021,320.0,325.0,313.6,315.0,-1.25,367319.0,307.0,232.6
HIDCL,11/22/2021,319.0,324.0,314.0,315.0,0.0,231811.0,307.0,232.6
HIDCL,11/23/2021,315.0,319.0,308.0,311.0,-1.27,214206.0,307.0,232.6
HIDCL,11/24/2021,311.0,322.3,303.0,315.0,1.29,216738.0,307.0,232.6
HIDCL,11/25/2021,320.0,321.0,310.0,310.5,-1.43,163409.0,307.0,232.6
HIDCL,11/28/2021,305.0,312.9,298.0,300.0,-3.38,415029.0,307.0,232.6
HIDCL,11/29/2021,304.0,310.0,296.0,299.0,-0.33,273145.0,307.0,232.6
HIDCL,11/30/2021,303.0,303.0,292.0,297.9,-0.37,200522.0,307.0,232.6
HIDCL,12/1/2021,299.0,303.0,295.0,296.0,-0.64,212673.0,307.0,232.6
HIDCL,12/2/2021,296.1,300.9,287.7,288.0,-2.7,229651.0,307.0,232.6
HIDCL,12/5/2021,290.0,290.0,275.4,277.5,-3.65,266176.0,307.0,232.6
HIDCL,12/6/2021,277.0,293.7,261.0,286.0,3.06,340949.0,307.0,232.6
HIDCL,12/7/2021,289.0,300.0,285.0,287.9,0.66,322797.0,307.0,232.6
HIDCL,12/8/2021,290.0,292.0,272.0,280.0,-2.74,161989.0,307.0,232.6
HIDCL,12/9/2021,282.0,282.0,271.0,279.0,-0.36,152380.0,307.0,232.6
HIDCL,12/12/2021,279.0,280.0,264.6,266.0,-4.66,209323.0,307.0,232.6
HIDCL,12/13/2021,263.0,270.9,247.0,249.0,-6.39,297972.0,307.0,232.6
HIDCL,12/14/2021,253.0,273.9,253.0,273.9,10.0,171233.0,307.0,232.6
HIDCL,12/15/2021,279.0,300.9,268.0,277.1,1.17,372481.0,307.0,232.6
HIDCL,12/16/2021,277.0,280.0,267.0,268.2,-3.21,174820.0,307.0,232.6
HIDCL,12/20/2021,253.1,256.0,244.1,250.0,-6.79,216548.0,307.0,232.6
HIDCL,12/21/2021,252.0,259.0,249.5,256.0,2.4,212459.0,307.0,232.6
HIDCL,12/22/2021,256.0,272.0,256.0,271.0,5.86,338586.0,307.0,232.6
HIDCL,12/23/2021,275.0,275.0,265.0,268.9,-0.77,200159.0,307.0,232.6
HIDCL,12/26/2021,274.0,274.2,266.0,267.3,-0.6,130267.0,307.0,232.6
HIDCL,12/27/2021,272.6,272.6,255.0,255.0,-4.6,250316.0,307.0,232.6
HIDCL,12/28/2021,255.0,258.0,246.2,255.0,0.0,129634.0,307.0,232.6
HIDCL,12/29/2021,256.0,258.8,251.0,255.0,0.0,79887.0,307.0,232.6
HIDCL,1/2/2022,255.0,259.5,252.0,255.9,0.35,103935.0,307.0,232.6
HIDCL,1/3/2022,259.9,262.0,256.0,256.0,0.04,97521.0,307.0,232.6
HIDCL,1/4/2022,261.0,265.0,252.9,264.0,3.12,143713.0,307.0,232.6
HIDCL,1/5/2022,269.2,279.0,265.0,268.2,1.59,390859.0,307.0,232.6
HIDCL,1/6/2022,268.2,276.0,266.0,274.0,2.16,217480.0,307.0,232.6
HIDCL,1/9/2022,274.0,299.5,274.0,299.4,9.27,543960.0,307.0,232.6
HIDCL,1/10/2022,305.0,318.0,301.0,313.9,4.84,677824.0,307.0,232.6
HIDCL,1/11/2022,320.0,320.0,306.0,314.5,0.19,341447.0,307.0,232.6
HIDCL,1/12/2022,314.5,340.0,309.0,324.0,3.02,844610.0,307.0,232.6
HIDCL,1/13/2022,330.0,339.5,321.0,337.6,4.2,660248.0,307.0,232.6
HIDCL,1/16/2022,344.3,355.0,339.0,344.0,1.9,668394.0,307.0,232.6
HIDCL,1/17/2022,344.0,349.0,335.1,340.5,-1.02,458636.0,307.0,232.6
HIDCL,1/18/2022,340.5,345.0,320.1,330.0,-3.08,464935.0,307.0,232.6
HIDCL,1/19/2022,333.0,333.0,318.0,321.5,-2.58,473565.0,307.0,232.6
HIDCL,1/20/2022,327.0,336.8,316.3,336.5,4.67,397574.0,307.0,232.6
HIDCL,1/23/2022,340.0,342.5,325.9,328.0,-2.53,374635.0,307.0,232.6
HIDCL,1/24/2022,326.0,328.0,312.0,317.0,-3.35,589611.0,307.0,232.6
HIDCL,1/25/2022,323.3,324.0,311.0,314.6,-0.76,363571.0,307.0,232.6
HIDCL,1/26/2022,320.0,320.0,306.1,308.0,-2.1,317925.0,307.0,232.6
HIDCL,1/27/2022,310.0,314.0,309.0,310.0,0.65,271564.0,307.0,232.6
HIDCL,1/30/2022,316.2,334.0,316.2,332.5,7.26,703616.0,307.0,232.6
HIDCL,1/31/2022,339.1,365.0,335.0,357.0,7.37,1636783.0,307.0,232.6
HIDCL,2/1/2022,362.0,366.0,349.0,358.5,0.42,833880.0,307.0,232.6
HIDCL,2/3/2022,360.0,366.0,350.0,350.0,-2.37,681834.0,307.0,232.6
HIDCL,2/6/2022,355.0,355.0,336.0,336.9,-3.74,601352.0,307.0,232.6
HIDCL,2/7/2022,330.2,354.0,330.2,350.1,3.92,618812.0,307.0,232.6
HIDCL,2/8/2022,357.1,361.9,336.0,340.0,-2.88,862340.0,307.0,232.6
HIDCL,2/9/2022,338.0,342.0,331.0,335.1,-1.44,329960.0,307.0,232.6
HIDCL,2/10/2022,341.8,343.7,330.1,335.0,-0.03,409300.0,307.0,232.6
HIDCL,2/13/2022,328.3,328.4,312.0,317.9,-5.1,527946.0,307.0,232.6
HIDCL,2/14/2022,318.0,326.9,315.0,318.2,0.09,326690.0,307.0,232.6
HIDCL,2/15/2022,324.0,330.0,319.0,329.6,3.58,289771.0,307.0,232.6
HIDCL,2/16/2022,330.0,336.0,318.7,322.0,-2.31,224170.0,307.0,232.6
HIDCL,2/17/2022,326.0,328.0,317.0,318.5,-1.09,153727.0,307.0,232.6
HIDCL,2/20/2022,312.2,320.9,306.0,314.1,-1.38,293998.0,307.0,232.6
HIDCL,2/21/2022,319.7,320.0,313.0,316.0,0.6,160337.0,307.0,232.6
HIDCL,2/22/2022,319.9,322.0,314.0,315.0,-0.32,219278.0,307.0,232.6
HIDCL,2/23/2022,315.0,320.5,314.0,315.0,0.0,255502.0,307.0,232.6
HIDCL,2/24/2022,315.0,315.0,305.0,307.0,-2.54,343057.0,307.0,232.6
HIDCL,2/27/2022,302.0,315.0,302.0,309.2,0.72,195628.0,307.0,232.6
HIDCL,2/28/2022,315.3,322.0,299.9,302.0,-2.33,276018.0,307.0,232.6
HIDCL,3/2/2022,305.0,305.0,288.0,289.0,-4.3,293199.0,307.0,232.6
HIDCL,3/6/2022,290.0,298.0,284.6,289.0,0.0,190840.0,307.0,232.6
HIDCL,3/7/2022,290.0,295.0,285.5,285.9,-1.07,135130.0,307.0,232.6
HIDCL,3/9/2022,291.6,291.6,275.5,278.1,-2.73,147490.0,307.0,232.6
HIDCL,3/10/2022,281.0,295.5,275.0,295.0,6.08,187987.0,307.0,232.6
HIDCL,3/13/2022,300.0,308.0,295.1,307.0,4.07,267687.0,307.0,232.6
HIDCL,3/14/2022,313.1,313.1,298.0,304.0,-0.98,66296.0,307.0,232.6
HIDCL,3/15/2022,304.0,308.0,299.0,300.0,-1.32,129717.0,307.0,232.6
HIDCL,3/16/2022,300.0,306.0,295.0,296.0,-1.33,86403.0,307.0,232.6
HIDCL,3/20/2022,301.6,306.0,295.0,296.0,0.0,76270.0,307.0,232.6
HIDCL,3/21/2022,300.0,306.0,293.0,302.0,2.03,134483.0,307.0,232.6
HIDCL,3/22/2022,307.0,308.0,300.0,301.1,-0.3,102825.0,307.0,232.6
HIDCL,3/23/2022,302.0,302.0,297.3,298.1,-1.0,54842.0,307.0,232.6
HIDCL,3/24/2022,296.5,300.0,291.0,291.8,-2.11,112781.0,307.0,232.6
HIDCL,3/27/2022,294.1,300.0,282.4,283.8,-2.74,160678.0,307.0,232.6
HIDCL,3/28/2022,284.0,286.5,279.0,279.6,-1.48,129474.0,307.0,232.6
HIDCL,3/29/2022,281.0,285.0,277.0,279.3,-0.11,92772.0,307.0,232.6
HIDCL,3/30/2022,281.0,294.2,278.0,291.0,4.19,167666.0,307.0,232.6
HIDCL,3/31/2022,295.0,296.8,283.0,283.0,-2.75,87544.0,307.0,232.6
HIDCL,4/3/2022,283.0,283.0,275.0,279.0,-1.41,79627.0,307.0,232.6
HIDCL,4/4/2022,280.0,284.0,274.0,276.1,-1.04,67259.0,307.0,232.6
HIDCL,4/5/2022,276.0,276.0,268.0,271.0,-1.85,149681.0,307.0,232.6
HIDCL,4/6/2022,270.0,276.0,264.0,266.2,-1.77,88976.0,307.0,232.6
HIDCL,4/7/2022,269.0,275.0,264.0,270.0,1.43,156189.0,307.0,232.6
HIDCL,4/11/2022,275.0,280.8,264.1,264.3,-2.11,141827.0,307.0,232.6
HIDCL,4/12/2022,269.0,269.0,255.0,257.0,-2.76,98943.0,307.0,232.6
HIDCL,4/13/2022,260.0,261.0,252.0,260.0,1.17,93614.0,307.0,232.6
HIDCL,4/17/2022,263.0,265.0,252.0,253.0,-2.69,101241.0,307.0,232.6
HIDCL,4/18/2022,253.1,256.0,245.0,246.0,-2.77,116538.0,307.0,232.6
HIDCL,4/19/2022,250.0,255.0,239.3,247.9,0.77,77125.0,307.0,232.6
HIDCL,4/20/2022,250.0,251.9,241.0,242.0,-2.38,73988.0,307.0,232.6
HIDCL,4/21/2022,242.0,246.5,236.2,242.0,0.0,71656.0,307.0,232.6
HIDCL,4/24/2022,246.0,266.2,242.1,264.0,9.09,192612.0,307.0,232.6
HIDCL,4/25/2022,266.0,270.0,254.0,259.0,-1.89,173353.0,307.0,232.6
HIDCL,4/26/2022,256.0,263.8,253.2,254.0,-1.93,62261.0,307.0,232.6
HIDCL,4/27/2022,254.0,257.0,250.0,257.0,1.18,97593.0,307.0,232.6
HIDCL,4/28/2022,260.0,262.0,252.0,253.0,-1.56,70526.0,307.0,232.6
HIDCL,5/2/2022,249.0,250.0,244.1,247.0,-2.37,82139.0,307.0,232.6
HIDCL,5/4/2022,247.0,249.0,239.0,241.0,-2.43,74916.0,307.0,232.6
HIDCL,5/5/2022,240.0,245.0,235.5,236.5,-1.87,86208.0,307.0,232.6
HIDCL,5/8/2022,240.0,247.0,229.5,239.0,1.06,77882.0,307.0,232.6
HIDCL,5/9/2022,242.0,246.0,238.3,240.0,0.42,69848.0,307.0,232.6
HIDCL,5/10/2022,243.0,250.9,238.0,249.0,3.75,94304.0,307.0,232.6
HIDCL,5/11/2022,251.0,259.9,250.0,259.9,4.38,122944.0,307.0,232.6
HIDCL,5/12/2022,265.0,266.0,252.9,253.0,-2.65,113243.0,307.0,232.6
HIDCL,5/17/2022,248.0,252.0,238.0,240.0,-5.14,119012.0,307.0,232.6
HIDCL,5/18/2022,240.0,247.8,235.2,244.5,1.88,52973.0,307.0,232.6
HIDCL,5/19/2022,244.5,247.5,239.0,239.1,-2.21,51206.0,307.0,232.6
HIDCL,5/20/2022,238.0,243.0,237.0,238.5,-0.25,44255.0,307.0,232.6
HIDCL,5/23/2022,240.0,240.0,228.7,234.9,-1.51,68273.0,307.0,232.6
HIDCL,5/24/2022,234.3,241.9,230.0,236.0,0.47,54485.0,307.0,232.6
HIDCL,5/25/2022,240.7,241.0,236.5,237.5,0.64,34804.0,307.0,232.6
HIDCL,5/26/2022,236.0,240.0,235.2,236.1,-0.59,41079.0,307.0,232.6
HIDCL,5/27/2022,231.4,244.0,231.4,235.0,-0.47,55146.0,307.0,232.6
HIDCL,5/30/2022,238.0,239.7,230.0,231.0,-1.7,54334.0,307.0,232.6
HIDCL,5/31/2022,230.0,235.6,225.5,227.0,-1.73,77877.0,307.0,232.6
HIDCL,6/1/2022,231.5,232.1,223.0,226.0,-0.44,47196.0,307.0,232.6
HIDCL,6/2/2022,227.0,230.0,225.0,227.0,0.44,53609.0,307.0,232.6
HIDCL,6/3/2022,227.0,227.2,222.0,222.1,-2.16,55559.0,307.0,232.6
HIDCL,6/6/2022,226.3,230.0,220.1,221.5,-0.27,50403.0,307.0,232.6
HIDCL,6/7/2022,219.1,224.0,215.0,216.0,-2.48,76840.0,307.0,232.6
HIDCL,6/8/2022,216.0,230.0,215.0,223.0,3.24,65921.0,307.0,232.6
HIDCL,6/9/2022,226.0,229.8,219.0,221.0,-0.9,64569.0,307.0,232.6
HIDCL,6/10/2022,225.0,225.0,216.2,218.0,-1.36,45356.0,307.0,232.6
HIDCL,6/13/2022,218.0,220.8,215.7,216.1,-0.87,27696.0,307.0,232.6
HIDCL,6/14/2022,216.0,216.0,209.8,211.9,-1.94,55652.0,307.0,232.6
HIDCL,6/15/2022,211.9,211.9,202.9,205.0,-3.26,74253.0,307.0,232.6
HIDCL,6/16/2022,205.0,209.0,198.0,202.0,-1.46,93122.0,307.0,232.6
HIDCL,6/17/2022,205.0,206.0,200.5,202.0,0.0,35993.0,307.0,232.6
HIDCL,6/19/2022,202.0,202.0,195.1,195.1,-3.42,59564.0,307.0,232.6
HIDCL,6/20/2022,195.0,195.0,185.1,186.0,-4.66,131527.0,307.0,232.6
HIDCL,6/21/2022,184.0,200.0,181.0,193.0,3.76,101311.0,307.0,232.6
HIDCL,6/22/2022,193.0,195.0,188.0,190.0,-1.55,48776.0,307.0,232.6
HIDCL,6/23/2022,186.2,189.0,180.0,181.0,-4.74,114989.0,307.0,232.6
HIDCL,6/24/2022,179.0,189.0,173.0,182.0,0.55,62827.0,307.0,232.6
HIDCL,6/26/2022,185.0,200.2,185.0,200.2,10.0,188008.0,307.0,232.6
HIDCL,6/27/2022,204.2,212.1,197.0,200.3,0.05,214337.0,307.0,232.6
HIDCL,6/28/2022,200.3,200.3,192.4,195.2,-2.55,66602.0,307.0,232.6
HIDCL,6/29/2022,199.1,208.0,190.0,205.0,5.02,100964.0,307.0,232.6
HIDCL,6/30/2022,209.0,214.9,201.0,212.0,3.41,173254.0,307.0,232.6
HIDCL,7/1/2022,212.0,216.0,206.0,209.8,-1.04,73187.0,307.0,232.6
HIDCL,7/3/2022,206.0,217.0,206.0,214.9,2.43,125158.0,307.0,232.6
HIDCL,7/4/2022,219.0,235.0,212.7,217.5,1.21,285855.0,307.0,232.6
HIDCL,7/5/2022,221.8,224.4,208.0,209.0,-3.91,130522.0,307.0,232.6
HIDCL,7/6/2022,213.1,213.5,202.1,209.0,0.0,114594.0,307.0,232.6
HIDCL,7/7/2022,213.1,219.9,206.8,206.8,-1.05,94290.0,307.0,232.6
HIDCL,7/8/2022,210.9,213.0,202.0,204.0,-1.35,64813.0,307.0,232.6
HIDCL,7/11/2022,204.0,204.0,190.0,192.0,-5.88,151090.0,307.0,232.6
HIDCL,7/12/2022,190.0,199.0,190.0,193.9,0.99,88495.0,307.0,232.6
HIDCL,7/13/2022,197.7,203.0,194.1,203.0,4.69,125437.0,307.0,232.6
HIDCL,7/14/2022,207.0,210.0,199.5,202.0,-0.49,104381.0,307.0,232.6
HIDCL,7/15/2022,205.9,205.9,198.0,200.0,-0.99,51048.0,307.0,232.6
HIDCL,7/17/2022,204.0,204.0,197.0,201.0,0.5,46819.0,307.0,232.6
HIDCL,7/18/2022,201.5,205.0,198.2,202.9,0.95,50434.0,307.0,232.6
HIDCL,7/19/2022,198.9,208.8,198.9,203.1,0.1,96075.0,307.0,232.6
HIDCL,7/20/2022,203.0,207.0,200.0,204.5,0.69,70942.0,307.0,232.6
HIDCL,7/21/2022,204.5,205.0,201.0,202.4,-1.03,51236.0,307.0,232.6
HIDCL,7/22/2022,200.0,202.5,198.0,199.0,-1.68,84964.0,307.0,232.6
HIDCL,7/24/2022,202.9,209.1,200.2,208.0,4.52,164387.0,307.0,232.6
HIDCL,7/25/2022,212.0,216.2,209.1,216.0,3.85,166133.0,307.0,232.6
HIDCL,7/26/2022,217.0,220.0,208.0,208.1,-3.66,188378.0,307.0,232.6
HIDCL,7/27/2022,210.0,212.1,203.9,211.0,1.39,159697.0,307.0,232.6
HIDCL,7/28/2022,214.9,219.0,210.0,212.0,0.47,248450.0,307.0,232.6
HIDCL,7/29/2022,212.0,215.0,210.0,210.3,-0.8,66384.0,307.0,232.6
HIDCL,7/31/2022,214.0,225.0,210.0,224.7,6.85,363358.0,307.0,232.6
HIDCL,8/1/2022,229.0,243.3,220.2,236.1,5.07,586248.0,307.0,232.6
HIDCL,8/2/2022,236.1,242.0,232.5,236.0,-0.04,248278.0,307.0,232.6
HIDCL,8/3/2022,240.0,245.0,235.0,236.7,0.3,303899.0,307.0,232.6
HIDCL,8/4/2022,239.0,240.0,227.4,228.0,-3.68,266957.0,307.0,232.6
HIDCL,8/5/2022,230.0,230.0,219.0,220.1,-3.46,179298.0,307.0,232.6
HIDCL,8/7/2022,217.0,227.0,217.0,222.0,0.86,170693.0,307.0,232.6
HIDCL,8/8/2022,223.0,224.9,215.0,217.0,-2.25,245436.0,307.0,232.6
HIDCL,8/9/2022,220.0,220.0,208.1,209.4,-3.5,219380.0,307.0,232.6
HIDCL,8/10/2022,211.9,212.0,204.0,207.9,-0.72,103559.0,307.0,232.6
HIDCL,8/11/2022,211.0,212.0,204.0,205.0,-1.39,120233.0,307.0,232.6
HIDCL,8/14/2022,206.0,210.0,200.0,201.9,-1.51,160174.0,307.0,232.6
HIDCL,8/15/2022,201.9,214.0,201.0,214.0,5.99,153670.0,307.0,232.6
HIDCL,8/16/2022,218.2,222.0,208.0,209.0,-2.34,165060.0,307.0,232.6
HIDCL,8/17/2022,213.0,213.0,206.1,207.9,-0.53,58107.0,307.0,232.6
HIDCL,8/18/2022,208.0,213.0,208.0,212.6,2.26,99406.0,307.0,232.6
HIDCL,8/21/2022,212.0,215.0,208.9,209.0,-1.69,74996.0,307.0,232.6
HIDCL,8/22/2022,212.0,212.0,206.1,207.5,-0.72,55244.0,307.0,232.6
HIDCL,8/23/2022,206.0,210.0,206.0,208.0,0.24,43207.0,307.0,232.6
HIDCL,8/24/2022,208.0,211.0,207.0,207.0,-0.48,49715.0,307.0,232.6
HIDCL,8/25/2022,207.0,211.0,204.1,205.0,-0.97,68338.0,307.0,232.6
HIDCL,8/26/2022,205.0,205.0,200.0,202.5,-1.22,78494.0,307.0,232.6
HIDCL,8/28/2022,202.5,203.8,196.0,196.0,-3.21,139016.0,307.0,232.6
HIDCL,8/29/2022,196.0,198.0,192.0,195.9,-0.05,121607.0,307.0,232.6
HIDCL,8/30/2022,199.8,201.0,196.0,196.8,0.46,62915.0,307.0,232.6
HIDCL,8/31/2022,198.0,199.0,193.0,193.6,-1.63,49682.0,307.0,232.6
HIDCL,9/1/2022,193.0,196.0,190.6,194.1,0.26,72459.0,307.0,232.6
HIDCL,9/2/2022,191.5,197.8,191.5,193.9,-0.1,22787.0,307.0,232.6
HIDCL,9/4/2022,196.0,198.0,192.5,194.9,0.52,44319.0,307.0,232.6
HIDCL,9/5/2022,197.0,197.0,192.5,193.0,-0.97,40174.0,307.0,232.6
HIDCL,9/6/2022,194.0,195.0,189.5,191.0,-1.04,77559.0,307.0,232.6
HIDCL,9/7/2022,193.0,193.0,188.0,189.0,-1.05,35974.0,307.0,232.6
HIDCL,9/8/2022,191.9,191.9,185.1,189.0,0.0,62587.0,307.0,232.6
HIDCL,9/11/2022,191.0,192.7,185.5,186.0,-1.59,41781.0,307.0,232.6
HIDCL,9/12/2022,186.0,189.0,183.0,184.1,-1.02,41751.0,307.0,232.6
HIDCL,9/13/2022,183.0,190.0,181.0,188.0,2.12,52919.0,307.0,232.6
HIDCL,9/14/2022,190.0,197.4,190.0,196.8,4.68,84374.0,307.0,232.6
HIDCL,9/15/2022,196.8,199.5,186.4,187.8,-4.57,92120.0,307.0,232.6
HIDCL,9/16/2022,188.0,188.0,177.0,184.5,-1.76,62380.0,307.0,232.6
HIDCL,9/18/2022,187.0,188.0,178.0,179.9,-2.49,95219.0,307.0,232.6
HIDCL,9/20/2022,179.9,179.9,173.0,174.5,-3.0,85875.0,307.0,232.6
HIDCL,9/21/2022,174.0,180.0,174.0,175.8,0.74,57815.0,307.0,232.6
HIDCL,9/22/2022,175.0,177.6,172.4,173.5,-1.31,46079.0,307.0,232.6
HIDCL,9/25/2022,173.0,173.0,166.9,168.0,-3.17,79516.0,307.0,232.6
HIDCL,9/27/2022,170.0,173.4,167.0,167.3,-0.42,37389.0,307.0,232.6
HIDCL,9/28/2022,166.0,173.0,165.1,166.5,-0.48,37012.0,307.0,232.6
HIDCL,9/29/2022,169.0,171.0,167.5,170.0,2.1,34696.0,307.0,232.6
HIDCL,10/9/2022,168.0,177.9,168.0,175.0,2.94,69205.0,307.0,232.6
HIDCL,10/10/2022,178.5,180.0,170.6,172.0,-1.71,38002.0,307.0,232.6
HIDCL,10/11/2022,169.0,171.0,168.8,169.1,-1.69,29151.0,307.0,232.6
HIDCL,10/12/2022,172.0,172.0,168.0,170.0,0.53,38888.0,307.0,232.6
HIDCL,10/13/2022,172.0,173.0,170.0,172.0,1.18,42807.0,307.0,232.6
HIDCL,10/16/2022,175.0,175.0,168.0,168.9,-1.8,44649.0,307.0,232.6
HIDCL,10/17/2022,170.0,170.0,167.0,167.9,-0.59,27392.0,307.0,232.6
HIDCL,10/19/2022,168.0,170.9,164.0,164.0,-2.32,58408.0,307.0,232.6
HIDCL,10/20/2022,167.2,167.2,161.8,164.0,0.0,46511.0,307.0,232.6
HIDCL,10/23/2022,164.0,165.9,163.0,165.5,0.91,19794.0,307.0,232.6
HIDCL,10/31/2022,166.0,168.0,159.8,164.0,-0.91,66214.0,307.0,232.6
HIDCL,11/1/2022,167.0,172.1,162.5,172.0,4.88,137208.0,307.0,232.6
HIDCL,11/2/2022,174.8,177.4,170.0,173.0,0.58,83174.0,307.0,232.6
HIDCL,11/3/2022,175.9,175.9,170.0,173.0,0.0,27549.0,307.0,232.6
HIDCL,11/6/2022,172.0,177.0,168.6,176.9,2.25,78892.0,307.0,232.6
HIDCL,11/7/2022,175.0,184.6,175.0,177.0,0.06,101984.0,307.0,232.6
HIDCL,11/8/2022,179.9,180.0,175.0,177.0,0.0,54593.0,307.0,232.6
HIDCL,11/9/2022,179.0,179.0,170.0,170.1,-3.9,57750.0,307.0,232.6
HIDCL,11/10/2022,172.0,173.0,165.5,167.0,-1.82,60158.0,307.0,232.6
HIDCL,11/13/2022,164.1,169.0,164.1,166.1,-0.54,39588.0,307.0,232.6
HIDCL,11/14/2022,166.1,170.0,165.0,169.0,1.75,27196.0,307.0,232.6
HIDCL,11/15/2022,169.0,172.9,167.0,168.5,-0.3,41220.0,307.0,232.6
HIDCL,11/16/2022,168.5,172.0,168.0,170.9,1.42,38237.0,307.0,232.6
HIDCL,11/17/2022,173.0,178.5,171.0,175.0,2.4,84346.0,307.0,232.6
HIDCL,11/22/2022,175.1,181.9,172.0,173.3,-0.97,39559.0,307.0,232.6
HIDCL,11/23/2022,173.0,173.0,170.0,172.8,-0.29,24409.0,307.0,232.6
HIDCL,11/24/2022,172.8,175.0,170.0,175.0,1.27,66493.0,307.0,232.6
HIDCL,11/27/2022,174.0,176.0,172.2,174.9,-0.06,40751.0,307.0,232.6
HIDCL,11/28/2022,176.0,178.0,171.9,172.0,-1.66,52479.0,307.0,232.6
HIDCL,11/29/2022,170.0,173.0,170.0,172.0,0.0,36455.0,307.0,232.6
HIDCL,11/30/2022,175.0,175.0,170.3,171.8,-0.12,20463.0,307.0,232.6
HIDCL,12/1/2022,172.0,174.0,170.5,170.5,-0.76,34471.0,307.0,232.6
HIDCL,12/4/2022,171.0,173.0,170.0,170.5,0.0,40562.0,307.0,232.6
HIDCL,12/5/2022,173.0,173.0,168.0,169.0,-0.88,41412.0,307.0,232.6
HIDCL,12/6/2022,169.0,170.0,166.2,167.5,-0.89,44694.0,307.0,232.6
HIDCL,12/7/2022,167.5,169.0,166.2,167.0,-0.3,24352.0,307.0,232.6
HIDCL,12/11/2022,169.9,169.9,164.0,165.0,-1.2,40509.0,307.0,232.6
HIDCL,12/12/2022,168.0,168.0,162.0,166.0,0.61,49906.0,307.0,232.6
HIDCL,12/13/2022,167.0,168.0,165.0,165.5,-0.3,23059.0,307.0,232.6
HIDCL,12/14/2022,166.0,166.9,163.0,165.1,-0.24,22831.0,307.0,232.6
HIDCL,12/15/2022,168.0,172.0,164.3,164.9,-0.12,50857.0,307.0,232.6
HIDCL,12/18/2022,165.0,167.0,161.0,162.2,-1.64,38811.0,307.0,232.6
HIDCL,12/19/2022,160.0,165.0,160.0,163.0,0.49,29109.0,307.0,232.6
HIDCL,12/20/2022,165.0,165.4,162.5,164.7,1.04,21607.0,307.0,232.6
HIDCL,12/21/2022,164.0,165.0,163.1,163.5,-0.73,27880.0,307.0,232.6
HIDCL,12/22/2022,163.5,163.9,161.9,163.0,-0.31,31662.0,307.0,232.6
HIDCL,12/26/2022,166.2,173.9,166.0,172.5,5.83,97343.0,307.0,232.6
HIDCL,12/27/2022,173.0,189.7,173.0,188.6,9.33,281854.0,307.0,232.6
HIDCL,12/28/2022,192.3,195.0,183.1,186.0,-1.38,249723.0,307.0,232.6
HIDCL,12/29/2022,180.0,185.0,177.0,184.9,-0.59,150670.0,307.0,232.6
HIDCL,1/1/2023,188.5,192.0,186.1,189.0,2.22,171337.0,307.0,232.6
HIDCL,1/2/2023,190.0,190.0,185.3,188.4,-0.32,99582.0,307.0,232.6
HIDCL,1/3/2023,192.0,192.0,184.5,186.0,-1.27,98804.0,307.0,232.6
HIDCL,1/4/2023,188.0,198.0,184.7,195.4,5.05,177605.0,307.0,232.6
HIDCL,1/5/2023,199.3,207.0,196.0,200.0,2.35,182922.0,307.0,232.6
HIDCL,1/8/2023,204.0,215.0,196.0,206.0,3.0,324727.0,307.0,232.6
HIDCL,1/9/2023,203.0,220.0,203.0,219.9,6.75,385318.0,307.0,232.6
HIDCL,1/10/2023,224.0,240.0,210.8,224.0,1.86,628555.0,307.0,232.6
HIDCL,1/12/2023,228.0,236.1,211.5,215.5,-3.79,429072.0,307.0,232.6
HIDCL,1/17/2023,216.0,224.0,209.0,222.1,3.06,319642.0,307.0,232.6
HIDCL,1/18/2023,222.0,228.0,217.0,218.1,-1.8,248127.0,307.0,232.6
HIDCL,1/19/2023,219.0,224.0,215.0,221.0,1.33,211450.0,307.0,232.6
HIDCL,1/23/2023,224.0,224.0,214.0,215.4,-2.53,165290.0,307.0,232.6
HIDCL,1/24/2023,216.0,216.0,208.1,214.0,-0.65,147360.0,307.0,232.6
HIDCL,1/25/2023,215.0,218.0,212.0,212.1,-0.89,126659.0,307.0,232.6
HIDCL,1/26/2023,214.0,216.1,211.1,212.0,-0.05,117657.0,307.0,232.6
HIDCL,1/29/2023,212.0,215.0,208.0,209.0,-1.42,151096.0,307.0,232.6
HIDCL,1/30/2023,211.0,211.0,200.1,202.0,-3.35,170459.0,307.0,232.6
HIDCL,1/31/2023,200.0,205.0,197.0,200.0,-0.99,169986.0,307.0,232.6
HIDCL,2/1/2023,202.0,202.0,197.3,198.5,-0.75,85114.0,307.0,232.6
HIDCL,2/2/2023,200.0,202.0,195.0,195.3,-1.61,110421.0,307.0,232.6
HIDCL,2/5/2023,197.9,203.0,195.4,197.0,0.87,136600.0,307.0,232.6
HIDCL,2/6/2023,198.0,200.0,196.0,197.0,0.0,81439.0,307.0,232.6
HIDCL,2/7/2023,199.9,214.0,199.0,214.0,8.63,255789.0,307.0,232.6
HIDCL,2/8/2023,218.0,224.0,211.7,214.9,0.42,316114.0,307.0,232.6
HIDCL,2/9/2023,216.0,218.0,211.0,217.1,1.02,155488.0,307.0,232.6
HIDCL,2/12/2023,215.0,215.0,203.0,204.9,-5.62,267723.0,307.0,232.6
HIDCL,2/14/2023,204.9,208.0,203.0,203.8,-0.54,96273.0,307.0,232.6
HIDCL,2/15/2023,203.0,207.5,202.0,203.5,-0.15,95852.0,307.0,232.6
HIDCL,2/16/2023,203.0,206.0,198.9,199.0,-2.21,133965.0,307.0,232.6
HIDCL,2/20/2023,197.5,202.0,197.0,199.0,0.0,114440.0,307.0,232.6
HIDCL,2/22/2023,200.0,207.0,200.0,205.0,3.02,88963.0,307.0,232.6
HIDCL,2/23/2023,202.5,204.0,198.6,200.0,-2.44,107177.0,307.0,232.6
HIDCL,2/26/2023,198.9,201.8,190.0,199.0,-0.5,151085.0,307.0,232.6
HIDCL,2/27/2023,202.9,205.0,193.2,196.0,-1.51,141095.0,307.0,232.6
HIDCL,2/28/2023,199.8,202.0,196.3,199.0,1.53,85293.0,307.0,232.6
HIDCL,3/1/2023,199.3,201.0,195.0,196.0,-1.51,57755.0,307.0,232.6
HIDCL,3/2/2023,195.5,196.5,193.0,194.1,-0.97,75535.0,307.0,232.6
HIDCL,3/5/2023,195.0,197.0,189.1,191.0,-1.6,88721.0,307.0,232.6
HIDCL,3/7/2023,192.6,195.0,191.0,193.0,1.05,50558.0,307.0,232.6
HIDCL,3/9/2023,196.8,202.0,195.5,202.0,4.66,100659.0,307.0,232.6
HIDCL,3/12/2023,205.0,206.1,196.0,197.0,-2.48,107184.0,307.0,232.6
HIDCL,3/13/2023,196.1,198.0,193.7,194.0,-1.52,48468.0,307.0,232.6
HIDCL,3/14/2023,197.4,198.0,194.0,194.5,0.26,55336.0,307.0,232.6
HIDCL,3/15/2023,195.0,197.0,193.0,193.3,-0.62,47993.0,307.0,232.6
HIDCL,3/16/2023,193.4,196.8,192.0,196.5,1.66,51327.0,307.0,232.6
HIDCL,3/19/2023,197.0,198.0,195.4,196.0,-0.25,54230.0,307.0,232.6
HIDCL,3/20/2023,196.0,199.6,195.0,199.0,1.53,53938.0,307.0,232.6
HIDCL,3/22/2023,201.0,202.0,196.0,196.1,-1.46,63760.0,307.0,232.6
HIDCL,3/23/2023,196.0,197.8,193.1,194.0,-1.07,54671.0,307.0,232.6
HIDCL,3/26/2023,191.1,194.9,191.1,192.0,-1.03,43630.0,307.0,232.6
HIDCL,3/27/2023,192.0,196.9,190.0,194.8,1.46,73914.0,307.0,232.6
HIDCL,3/28/2023,197.5,199.7,195.0,197.0,1.13,89408.0,307.0,232.6
HIDCL,3/29/2023,197.0,197.0,194.0,196.0,-0.51,27643.0,307.0,232.6
HIDCL,3/30/2023,192.2,197.8,192.2,193.9,-1.07,40214.0,307.0,232.6
HIDCL,4/2/2023,197.7,199.0,191.2,192.9,-0.52,58378.0,307.0,232.6
HIDCL,4/3/2023,192.9,192.9,189.6,190.2,-1.4,61676.0,307.0,232.6
HIDCL,4/4/2023,190.0,193.0,188.0,189.9,-0.16,48313.0,307.0,232.6
HIDCL,4/5/2023,193.5,193.5,187.0,190.0,0.05,42309.0,307.0,232.6
HIDCL,4/6/2023,192.0,192.9,187.0,187.1,-1.53,52021.0,307.0,232.6
HIDCL,4/9/2023,185.1,188.5,184.0,185.0,-1.12,71080.0,307.0,232.6
HIDCL,4/10/2023,183.0,187.0,181.5,184.0,-0.54,45696.0,307.0,232.6
HIDCL,4/11/2023,187.6,188.0,183.2,187.9,2.12,48895.0,307.0,232.6
HIDCL,4/12/2023,191.6,201.0,190.0,200.5,6.71,141930.0,307.0,232.6
HIDCL,4/13/2023,204.5,204.5,194.0,195.0,-2.74,96331.0,307.0,232.6
HIDCL,4/16/2023,192.0,198.9,192.0,193.0,-1.03,50821.0,307.0,232.6
HIDCL,4/17/2023,195.0,195.0,189.0,189.0,-2.07,58534.0,307.0,232.6
HIDCL,4/18/2023,190.0,191.9,188.3,190.0,0.53,29567.0,307.0,232.6
HIDCL,4/19/2023,192.5,194.0,189.6,191.2,0.63,41986.0,307.0,232.6
HIDCL,4/20/2023,191.0,193.0,189.0,189.1,-1.1,37539.0,307.0,232.6
HIDCL,4/23/2023,192.8,192.8,186.2,187.0,-1.11,45675.0,307.0,232.6
HIDCL,4/24/2023,186.0,190.0,186.0,186.3,-0.37,31120.0,307.0,232.6
HIDCL,4/25/2023,185.0,190.8,185.0,190.7,2.36,40056.0,307.0,232.6
HIDCL,4/26/2023,194.5,194.5,187.1,187.9,-1.47,34664.0,307.0,232.6
HIDCL,4/27/2023,187.9,188.0,186.0,186.1,-0.96,34873.0,307.0,232.6
HIDCL,4/30/2023,186.0,188.0,184.1,184.3,-0.97,52998.0,307.0,232.6
HIDCL,5/2/2023,185.0,187.0,184.0,184.1,-0.11,34361.0,307.0,232.6
HIDCL,5/3/2023,184.0,184.2,182.0,182.2,-1.03,32787.0,307.0,232.6
HIDCL,5/4/2023,184.0,185.0,180.5,182.5,0.16,46675.0,307.0,232.6
HIDCL,5/7/2023,181.0,184.0,179.8,179.9,-1.42,27927.0,307.0,232.6
HIDCL,5/8/2023,180.0,182.0,176.0,178.0,-1.06,44879.0,307.0,232.6
HIDCL,5/9/2023,179.0,182.5,177.0,179.0,0.56,57494.0,307.0,232.6
HIDCL,5/10/2023,179.0,181.0,177.7,178.0,-0.56,27599.0,307.0,232.6
HIDCL,5/11/2023,180.0,182.0,178.6,180.0,1.12,63390.0,307.0,232.6
HIDCL,5/14/2023,179.0,185.0,177.2,177.8,-1.22,46515.0,307.0,232.6
HIDCL,5/15/2023,177.0,181.5,175.2,178.0,0.11,40510.0,307.0,232.6
HIDCL,5/16/2023,178.5,181.5,177.0,179.0,0.56,32604.0,307.0,232.6
HIDCL,5/17/2023,180.9,183.9,180.0,182.0,1.68,42787.0,307.0,232.6
HIDCL,5/18/2023,181.1,188.0,181.0,186.0,2.2,74077.0,307.0,232.6
HIDCL,5/21/2023,187.0,192.0,184.0,184.0,-1.08,94728.0,307.0,232.6
HIDCL,5/22/2023,187.0,187.6,182.5,186.4,1.3,45132.0,307.0,232.6
HIDCL,5/23/2023,189.5,192.5,185.8,192.0,3.0,107626.0,307.0,232.6
HIDCL,5/24/2023,193.0,193.9,188.3,190.1,-0.99,58968.0,307.0,232.6
HIDCL,5/28/2023,190.1,198.9,188.1,189.0,-0.58,148678.0,307.0,232.6
HIDCL,5/30/2023,189.0,193.0,183.0,184.0,-2.65,173178.0,307.0,232.6
HIDCL,5/31/2023,184.0,187.6,178.4,180.4,-1.96,78797.0,307.0,232.6
HIDCL,6/1/2023,184.0,185.6,179.1,182.8,1.33,68826.0,307.0,232.6
HIDCL,6/4/2023,186.4,195.0,186.0,189.0,3.39,98595.0,307.0,232.6
HIDCL,6/5/2023,190.0,193.5,185.3,185.3,-1.96,75638.0,307.0,232.6
HIDCL,6/6/2023,185.0,189.0,184.0,188.0,1.46,66274.0,307.0,232.6
HIDCL,6/7/2023,190.0,192.7,187.0,187.7,-0.16,98147.0,307.0,232.6
HIDCL,6/8/2023,188.0,189.3,185.0,186.5,-0.64,52792.0,307.0,232.6
HIDCL,6/11/2023,188.0,191.7,186.3,190.5,2.14,111872.0,307.0,232.6
HIDCL,6/12/2023,190.0,194.5,188.6,194.0,1.84,193168.0,307.0,232.6
HIDCL,6/13/2023,196.0,202.0,193.2,201.0,3.61,306016.0,307.0,232.6
HIDCL,6/14/2023,197.0,203.8,195.0,196.0,-2.49,228210.0,307.0,232.6
HIDCL,6/15/2023,198.0,199.9,193.0,196.8,0.41,97600.0,307.0,232.6
HIDCL,6/18/2023,200.0,200.7,194.1,198.0,0.61,192538.0,307.0,232.6
HIDCL,6/19/2023,199.0,212.0,195.5,206.0,4.04,340614.0,307.0,232.6
HIDCL,6/20/2023,210.0,210.0,198.0,205.0,-0.49,246773.0,307.0,232.6
HIDCL,6/21/2023,209.1,209.1,197.0,199.0,-2.93,127403.0,307.0,232.6
HIDCL,6/22/2023,202.9,202.9,194.3,198.5,-0.25,134627.0,307.0,232.6
HIDCL,6/25/2023,194.6,200.7,194.6,199.0,0.25,200673.0,307.0,232.6
HIDCL,6/26/2023,195.4,204.8,195.4,198.9,-0.05,178294.0,307.0,232.6
HIDCL,6/27/2023,201.5,202.8,198.1,200.0,0.55,163843.0,307.0,232.6
HIDCL,6/28/2023,204.0,204.0,193.0,193.0,-3.5,178353.0,307.0,232.6
HIDCL,7/2/2023,196.0,196.0,186.0,186.5,-3.37,146223.0,307.0,232.6
HIDCL,7/3/2023,182.8,189.0,182.8,183.5,-1.61,140903.0,307.0,232.6
HIDCL,7/4/2023,186.9,187.1,183.1,184.9,0.76,73138.0,307.0,232.6
HIDCL,7/5/2023,185.0,188.5,180.0,180.5,-2.38,94863.0,307.0,232.6
HIDCL,7/6/2023,180.5,183.0,178.2,180.4,-0.06,103755.0,307.0,232.6
HIDCL,7/9/2023,184.0,185.0,182.0,184.0,2.0,73062.0,307.0,232.6
HIDCL,7/10/2023,185.0,187.4,180.1,181.0,-1.63,114817.0,307.0,232.6
HIDCL,7/11/2023,182.0,182.0,177.0,180.0,-0.55,82598.0,307.0,232.6
HIDCL,7/12/2023,181.0,187.0,180.0,184.0,2.22,86099.0,307.0,232.6
HIDCL,7/13/2023,187.6,189.0,180.8,183.9,-0.05,112548.0,307.0,232.6
HIDCL,7/16/2023,186.0,186.0,181.1,184.0,0.05,152816.0,307.0,232.6
HIDCL,7/17/2023,181.1,190.0,181.1,188.1,2.23,131978.0,307.0,232.6
HIDCL,7/18/2023,191.0,191.0,186.0,187.0,-0.58,102160.0,307.0,232.6
HIDCL,7/19/2023,190.7,190.7,184.2,186.0,-0.53,59909.0,307.0,232.6
HIDCL,7/20/2023,188.0,188.8,183.0,184.8,-0.65,99199.0,307.0,232.6
HIDCL,7/23/2023,183.5,194.0,183.5,194.0,4.98,150869.0,307.0,232.6
HIDCL,7/24/2023,192.0,197.9,188.2,188.2,-2.99,277079.0,307.0,232.6
HIDCL,7/25/2023,191.9,191.9,185.1,187.0,-0.64,46739.0,307.0,232.6
HIDCL,7/26/2023,190.6,190.6,184.9,185.0,-1.07,47571.0,307.0,232.6
HIDCL,7/27/2023,186.0,186.0,181.7,182.0,-1.62,90043.0,307.0,232.6
HIDCL,7/30/2023,182.1,185.1,181.0,181.7,-0.16,63039.0,307.0,232.6
HIDCL,7/31/2023,182.0,185.9,181.0,181.2,-0.28,47875.0,307.0,232.6
HIDCL,8/1/2023,184.0,184.0,179.0,179.9,-0.72,51147.0,307.0,232.6
HIDCL,8/2/2023,180.0,180.9,177.2,178.5,-0.78,53444.0,307.0,232.6
HIDCL,8/3/2023,180.0,182.0,175.5,178.5,0.0,137298.0,307.0,232.6
HIDCL,8/6/2023,179.0,180.0,175.5,176.5,-1.12,48359.0,307.0,232.6
HIDCL,8/7/2023,178.0,178.9,174.2,175.1,-0.79,41383.0,307.0,232.6
HIDCL,8/8/2023,171.6,177.0,171.6,174.8,-0.17,55493.0,307.0,232.6
HIDCL,8/9/2023,174.8,182.4,171.0,181.9,4.06,50556.0,307.0,232.6
HIDCL,8/10/2023,178.6,182.0,176.1,178.5,-1.87,51146.0,307.0,232.6
HIDCL,8/13/2023,178.5,180.0,176.1,176.5,-1.12,36704.0,307.0,232.6
HIDCL,8/14/2023,176.0,179.5,175.1,175.1,-0.79,32195.0,307.0,232.6
HIDCL,8/15/2023,175.0,179.0,173.0,174.0,-0.63,89884.0,307.0,232.6
HIDCL,8/16/2023,171.1,173.0,169.0,170.2,-2.18,77185.0,307.0,232.6
HIDCL,8/17/2023,173.6,173.9,170.5,171.5,0.76,41053.0,307.0,232.6
HIDCL,8/20/2023,172.0,174.0,168.0,168.3,-1.87,59629.0,307.0,232.6
HIDCL,8/21/2023,166.1,171.6,166.1,166.6,-1.01,50802.0,307.0,232.6
HIDCL,8/22/2023,169.0,170.5,166.6,170.0,2.04,36565.0,307.0,232.6
HIDCL,8/23/2023,172.0,175.0,169.6,174.3,2.53,55437.0,307.0,232.6
HIDCL,8/24/2023,172.0,175.4,169.8,169.8,-2.58,58029.0,307.0,232.6
HIDCL,8/27/2023,170.9,170.9,167.1,167.5,-1.35,37613.0,307.0,232.6
HIDCL,8/28/2023,167.0,170.1,166.0,168.0,0.3,35009.0,307.0,232.6
HIDCL,8/29/2023,170.0,170.9,167.1,168.0,0.0,20319.0,307.0,232.6
HIDCL,8/30/2023,170.0,171.0,167.1,168.0,0.0,28282.0,307.0,232.6
HIDCL,9/3/2023,168.0,168.7,166.0,166.3,-1.01,32688.0,307.0,232.6
HIDCL,9/4/2023,168.0,169.6,165.0,166.5,0.12,28695.0,307.0,232.6
HIDCL,9/5/2023,168.0,168.0,165.4,166.3,-0.12,15976.0,307.0,232.6
HIDCL,9/7/2023,168.0,168.0,164.0,164.5,-1.08,37836.0,307.0,232.6
HIDCL,9/10/2023,165.0,167.3,163.3,164.9,0.24,22707.0,307.0,232.6
HIDCL,9/11/2023,168.1,169.8,163.0,169.8,2.97,41592.0,307.0,232.6
HIDCL,9/12/2023,170.0,171.5,166.5,167.0,-1.65,22918.0,307.0,232.6
HIDCL,9/13/2023,169.0,171.9,167.0,171.1,2.46,45686.0,307.0,232.6
HIDCL,9/17/2023,170.0,170.9,165.0,165.9,-3.04,43738.0,307.0,232.6
HIDCL,9/18/2023,164.0,167.0,163.0,166.9,0.6,19120.0,307.0,232.6
HIDCL,9/19/2023,170.2,170.2,165.4,168.0,0.66,19087.0,307.0,232.6
HIDCL,9/21/2023,170.0,178.0,170.0,176.0,4.76,119813.0,307.0,232.6
HIDCL,9/24/2023,178.0,179.4,173.0,174.0,-1.14,69007.0,307.0,232.6
HIDCL,9/25/2023,174.0,175.0,171.0,171.0,-1.72,48172.0,307.0,232.6
HIDCL,9/26/2023,173.0,178.5,173.0,176.0,2.92,68784.0,307.0,232.6
HIDCL,9/27/2023,177.5,177.9,172.1,172.1,-2.22,36090.0,307.0,232.6
HIDCL,10/1/2023,170.0,170.0,166.0,167.0,-2.96,78001.0,307.0,232.6
HIDCL,10/2/2023,166.0,169.7,165.0,169.0,1.2,36006.0,307.0,232.6
HIDCL,10/3/2023,167.5,170.0,167.0,167.2,-1.07,18854.0,307.0,232.6
HIDCL,10/4/2023,169.9,170.5,167.2,167.5,0.18,33181.0,307.0,232.6
HIDCL,10/5/2023,166.1,170.8,166.1,167.0,-0.3,46779.0,307.0,232.6
HIDCL,10/8/2023,170.0,170.0,164.5,164.5,-1.5,47196.0,307.0,232.6
HIDCL,10/9/2023,163.0,166.9,163.0,164.4,-0.06,27392.0,307.0,232.6
HIDCL,10/10/2023,167.6,167.6,163.3,163.9,-0.3,30840.0,307.0,232.6
HIDCL,10/11/2023,163.9,165.0,162.5,162.6,-0.79,25332.0,307.0,232.6
HIDCL,10/12/2023,161.1,163.0,161.0,161.5,-0.68,49137.0,307.0,232.6
HIDCL,10/16/2023,161.5,163.0,159.0,161.0,-0.31,46776.0,307.0,232.6
HIDCL,10/17/2023,162.0,164.9,161.5,163.0,1.24,20439.0,307.0,232.6
HIDCL,10/18/2023,164.9,168.0,162.0,165.9,1.78,27652.0,307.0,232.6
HIDCL,10/19/2023,166.0,167.0,163.3,165.1,-0.48,15663.0,307.0,232.6
HIDCL,10/29/2023,165.0,166.0,161.9,162.5,-1.57,26666.0,307.0,232.6
HIDCL,10/30/2023,162.5,164.0,160.6,163.0,0.31,23163.0,307.0,232.6
HIDCL,10/31/2023,164.0,164.0,161.0,162.0,-0.61,15541.0,307.0,232.6
HIDCL,11/1/2023,162.0,163.9,160.0,160.7,-0.8,31883.0,307.0,232.6
HIDCL,11/2/2023,158.1,161.0,158.1,159.3,-0.87,27586.0,307.0,232.6
HIDCL,11/5/2023,157.6,160.0,156.3,157.9,-0.88,29051.0,307.0,232.6
HIDCL,11/6/2023,160.0,162.0,157.0,159.0,0.7,25331.0,307.0,232.6
HIDCL,11/7/2023,159.0,163.0,157.0,163.0,2.52,34837.0,307.0,232.6
HIDCL,11/8/2023,162.0,162.7,159.0,161.0,-1.23,19947.0,307.0,232.6
HIDCL,11/9/2023,163.0,163.0,158.3,159.5,-0.93,18711.0,307.0,232.6
HIDCL,11/20/2023,161.0,164.0,161.0,162.0,1.57,31064.0,307.0,232.6
HIDCL,11/21/2023,164.0,164.0,156.0,157.0,-3.09,42644.0,307.0,232.6
HIDCL,11/22/2023,158.0,159.9,154.0,158.9,1.21,30739.0,307.0,232.6
HIDCL,11/23/2023,157.0,162.0,156.0,158.9,0.0,33224.0,307.0,232.6
HIDCL,11/26/2023,160.0,163.0,160.0,162.0,1.95,40159.0,307.0,232.6
HIDCL,11/27/2023,162.0,164.9,161.0,161.5,-0.31,33115.0,307.0,232.6
HIDCL,11/28/2023,160.0,163.2,159.1,160.0,-0.93,31963.0,307.0,232.6
HIDCL,11/29/2023,160.0,162.0,158.0,159.0,-0.62,10954.0,307.0,232.6
HIDCL,11/30/2023,159.0,159.9,157.0,157.9,-0.69,21348.0,307.0,232.6
HIDCL,12/3/2023,158.0,160.0,155.9,157.3,-0.38,28109.0,307.0,232.6
HIDCL,12/4/2023,156.0,159.4,155.1,158.0,0.45,16478.0,307.0,232.6
HIDCL,12/5/2023,161.0,161.1,156.3,157.0,-0.63,18237.0,307.0,232.6
HIDCL,12/6/2023,156.0,157.0,155.7,156.6,-0.25,28652.0,307.0,232.6
HIDCL,12/7/2023,156.0,158.5,156.0,158.0,0.89,39187.0,307.0,232.6
HIDCL,12/10/2023,161.1,172.0,161.1,172.0,8.86,17114.0,307.0,232.6
HIDCL,12/11/2023,175.4,178.0,166.6,170.0,-1.16,110581.0,307.0,232.6
HIDCL,12/12/2023,170.0,175.0,168.5,175.0,2.94,113111.0,307.0,232.6
HIDCL,12/13/2023,175.0,177.0,171.0,173.4,-0.91,139704.0,307.0,232.6
HIDCL,12/14/2023,171.0,174.4,170.0,171.0,-1.38,51601.0,307.0,232.6
HIDCL,12/17/2023,167.6,183.0,167.6,182.1,6.49,191892.0,307.0,232.6
HIDCL,12/18/2023,182.2,194.0,180.1,190.0,4.34,243899.0,307.0,232.6
HIDCL,12/19/2023,190.0,193.0,185.1,189.5,-0.26,120754.0,307.0,232.6
HIDCL,12/20/2023,190.0,206.0,187.5,199.4,5.22,395506.0,307.0,232.6
HIDCL,12/21/2023,203.3,206.0,196.2,196.9,-1.25,364808.0,307.0,232.6
HIDCL,12/24/2023,197.0,200.8,187.5,188.0,-4.52,247365.0,307.0,232.6
HIDCL,12/27/2023,187.5,199.0,183.1,184.1,-2.07,133856.0,307.0,232.6
HIDCL,12/28/2023,184.1,186.0,182.0,183.2,-0.49,105151.0,307.0,232.6
HIDCL,1/1/2024,186.0,189.9,182.3,183.0,-0.11,109322.0,307.0,232.6
HIDCL,1/2/2024,183.0,185.9,182.0,182.8,-0.11,132299.0,307.0,232.6
HIDCL,1/3/2024,180.0,188.1,175.5,186.9,2.24,178448.0,307.0,232.6
HIDCL,1/4/2024,187.0,191.7,183.2,184.0,-1.55,190270.0,307.0,232.6
HIDCL,1/7/2024,187.6,191.1,182.0,182.3,-0.92,113064.0,307.0,232.6
HIDCL,1/8/2024,182.5,185.6,182.0,183.0,0.38,109271.0,307.0,232.6
HIDCL,1/9/2024,185.0,192.0,184.3,187.5,2.46,204272.0,307.0,232.6
HIDCL,1/10/2024,191.2,195.8,186.6,187.4,-0.05,210857.0,307.0,232.6
HIDCL,1/11/2024,186.2,189.0,183.2,185.0,-1.28,111011.0,307.0,232.6
HIDCL,1/14/2024,187.0,188.0,185.0,185.3,0.16,139619.0,307.0,232.6
HIDCL,1/16/2024,186.0,198.0,186.0,196.1,5.83,335687.0,307.0,232.6
HIDCL,1/17/2024,199.0,204.0,194.3,194.3,-0.92,561788.0,307.0,232.6
HIDCL,1/18/2024,194.3,198.0,189.0,195.0,0.36,214459.0,307.0,232.6
HIDCL,1/21/2024,191.1,202.0,191.1,196.0,0.51,390359.0,307.0,232.6
HIDCL,1/22/2024,199.0,203.0,193.2,195.9,-0.05,431216.0,307.0,232.6
HIDCL,1/23/2024,195.1,200.1,195.1,200.1,2.14,273487.0,307.0,232.6
HIDCL,1/24/2024,204.0,204.0,196.0,196.0,-2.05,295762.0,307.0,232.6
HIDCL,1/25/2024,199.8,199.8,190.2,192.0,-2.04,156809.0,307.0,232.6
HIDCL,1/28/2024,195.7,196.0,189.0,191.0,-0.52,171456.0,307.0,232.6
HIDCL,1/29/2024,194.8,195.8,190.0,191.5,0.26,184326.0,307.0,232.6
HIDCL,1/30/2024,195.0,195.0,190.5,191.5,0.0,137324.0,307.0,232.6
HIDCL,1/31/2024,194.8,195.0,189.0,189.9,-0.84,128184.0,307.0,232.6
HIDCL,2/1/2024,188.1,189.9,185.2,188.0,-1.0,180650.0,307.0,232.6
HIDCL,2/4/2024,189.0,189.3,185.5,185.5,-1.33,87347.0,307.0,232.6
HIDCL,2/5/2024,189.0,189.0,185.0,185.3,-0.11,76322.0,307.0,232.6
HIDCL,2/6/2024,188.9,188.9,185.0,185.0,-0.16,40882.0,307.0,232.6
HIDCL,2/7/2024,188.7,191.9,185.3,185.3,0.16,48837.0,307.0,232.6
HIDCL,2/8/2024,187.0,188.8,185.0,187.4,1.13,72682.0,307.0,232.6
HIDCL,2/11/2024,188.3,191.8,186.0,186.5,-0.48,100636.0,307.0,232.6
HIDCL,2/12/2024,188.0,189.0,187.1,188.0,0.8,45967.0,307.0,232.6
HIDCL,2/13/2024,190.0,190.0,182.9,183.0,-2.66,86253.0,307.0,232.6
HIDCL,2/14/2024,183.0,185.0,180.0,183.4,0.22,55055.0,307.0,232.6
HIDCL,2/15/2024,183.0,186.0,181.5,182.0,-0.76,43903.0,307.0,232.6
HIDCL,2/18/2024,182.0,184.0,178.7,179.0,-1.65,56426.0,307.0,232.6
HIDCL,2/20/2024,177.6,181.5,177.2,178.5,-0.28,63678.0,307.0,232.6
HIDCL,2/21/2024,178.0,184.6,177.5,177.7,-0.45,49539.0,307.0,232.6
HIDCL,2/22/2024,177.7,179.0,174.5,174.6,-1.74,70913.0,307.0,232.6
HIDCL,2/25/2024,174.6,175.0,169.1,170.0,-2.63,79976.0,307.0,232.6
HIDCL,2/26/2024,169.1,173.5,169.0,171.5,0.88,35757.0,307.0,232.6
HIDCL,2/27/2024,172.0,173.5,170.0,171.0,-0.29,42072.0,307.0,232.6
HIDCL,2/28/2024,172.0,172.5,169.0,170.0,-0.58,39073.0,307.0,232.6
HIDCL,2/29/2024,170.0,170.0,167.5,167.9,-1.24,36612.0,307.0,232.6
HIDCL,3/3/2024,168.0,170.3,165.2,168.9,0.6,35112.0,307.0,232.6
HIDCL,3/4/2024,172.2,179.1,172.2,179.1,6.04,132.0,307.0,232.6
HIDCL,3/5/2024,182.6,185.0,174.0,174.5,-2.57,112568.0,307.0,232.6
HIDCL,3/6/2024,175.0,177.9,171.0,174.0,-0.29,73204.0,307.0,232.6
HIDCL,3/7/2024,174.0,180.0,174.0,174.2,0.11,46878.0,307.0,232.6
HIDCL,3/10/2024,177.6,180.0,175.3,177.0,1.61,46257.0,307.0,232.6
HIDCL,3/12/2024,180.0,183.9,178.0,182.5,3.11,85180.0,307.0,232.6
HIDCL,3/13/2024,183.0,185.4,180.0,182.1,-0.22,58157.0,307.0,232.6
HIDCL,3/14/2024,181.6,183.5,179.0,179.0,-1.7,73327.0,307.0,232.6
HIDCL,3/17/2024,178.6,182.0,176.6,180.0,0.56,41857.0,307.0,232.6
HIDCL,3/18/2024,178.5,180.0,177.0,177.0,-1.67,34722.0,307.0,232.6
HIDCL,3/19/2024,177.0,180.5,177.0,177.3,0.17,27194.0,307.0,232.6
HIDCL,3/20/2024,177.2,179.0,175.4,175.9,-0.79,32637.0,307.0,232.6
HIDCL,3/21/2024,175.0,178.0,173.0,173.1,-1.59,43678.0,307.0,232.6
HIDCL,3/25/2024,173.1,174.0,169.7,171.0,-1.21,47443.0,307.0,232.6
HIDCL,3/26/2024,171.0,172.0,169.6,170.3,-0.41,41890.0,307.0,232.6
HIDCL,3/27/2024,167.1,171.0,167.1,169.4,-0.53,30609.0,307.0,232.6
HIDCL,3/28/2024,170.0,170.0,168.7,168.9,-0.3,33579.0,307.0,232.6
HIDCL,3/31/2024,171.0,172.0,167.0,168.0,-0.53,60145.0,307.0,232.6
HIDCL,4/1/2024,166.5,169.5,165.2,167.5,-0.3,66879.0,307.0,232.6
HIDCL,4/2/2024,168.0,168.0,167.0,167.0,-0.3,33134.0,307.0,232.6
HIDCL,4/3/2024,169.9,169.9,165.3,167.0,0.0,26270.0,307.0,232.6
HIDCL,4/4/2024,165.5,168.5,165.5,166.6,-0.24,32582.0,307.0,232.6
HIDCL,4/7/2024,169.9,169.9,166.0,167.5,0.54,47396.0,307.0,232.6
HIDCL,4/9/2024,169.0,170.0,167.2,168.5,0.6,56455.0,307.0,232.6
HIDCL,4/10/2024,170.0,170.0,167.2,167.4,-0.65,27432.0,307.0,232.6
HIDCL,4/14/2024,167.1,169.0,166.0,166.0,-0.84,32168.0,307.0,232.6
HIDCL,4/15/2024,166.0,167.0,165.0,165.1,-0.54,35609.0,307.0,232.6
HIDCL,4/16/2024,161.8,166.0,161.8,163.9,-0.73,25664.0,307.0,232.6
HIDCL,4/18/2024,163.1,163.2,161.5,162.0,-1.16,28053.0,307.0,232.6
HIDCL,4/21/2024,162.0,164.9,160.0,163.1,0.68,48272.0,307.0,232.6
HIDCL,4/22/2024,164.0,164.9,162.0,163.0,-0.06,19982.0,307.0,232.6
HIDCL,4/24/2024,162.1,164.5,162.0,163.0,0.0,14588.0,307.0,232.6
HIDCL,4/25/2024,162.5,164.2,162.0,162.5,-0.31,22841.0,307.0,232.6
HIDCL,4/28/2024,165.7,165.7,161.8,163.0,0.31,28642.0,307.0,232.6
HIDCL,4/29/2024,166.2,166.2,161.5,162.0,-0.61,63767.0,307.0,232.6
HIDCL,4/30/2024,158.8,167.0,158.8,166.4,2.72,50462.0,307.0,232.6
HIDCL,5/2/2024,169.7,172.0,165.0,165.5,-0.54,44631.0,307.0,232.6
HIDCL,5/5/2024,162.3,165.0,159.1,162.5,-1.81,70903.0,307.0,232.6
HIDCL,5/6/2024,164.7,164.7,160.0,161.0,-0.92,44526.0,307.0,232.6
HIDCL,5/7/2024,162.1,163.0,160.0,160.0,-0.62,37114.0,307.0,232.6
HIDCL,5/8/2024,163.0,164.0,159.0,159.5,-0.31,60317.0,307.0,232.6
HIDCL,5/9/2024,162.5,162.5,160.0,161.0,0.94,39700.0,307.0,232.6
HIDCL,5/12/2024,161.0,162.5,159.5,160.6,-0.25,29365.0,307.0,232.6
HIDCL,5/13/2024,160.0,165.0,160.0,164.0,2.12,47063.0,307.0,232.6
HIDCL,5/14/2024,162.0,166.5,162.0,166.0,1.22,41364.0,307.0,232.6
HIDCL,5/15/2024,168.5,170.0,164.0,165.4,-0.36,44942.0,307.0,232.6
HIDCL,5/16/2024,162.5,166.0,162.5,163.1,-1.39,26617.0,307.0,232.6
HIDCL,5/19/2024,166.3,168.0,163.0,166.8,2.27,53863.0,307.0,232.6
HIDCL,5/20/2024,169.9,173.5,166.0,169.4,1.56,146675.0,307.0,232.6
HIDCL,5/21/2024,167.0,172.0,167.0,170.8,0.83,69367.0,307.0,232.6
HIDCL,5/22/2024,168.1,170.7,168.0,170.0,-0.47,43001.0,307.0,232.6
HIDCL,5/26/2024,172.0,172.0,167.0,167.3,-1.59,61689.0,307.0,232.6
HIDCL,5/27/2024,168.0,170.6,165.4,169.5,1.32,63202.0,307.0,232.6
HIDCL,5/29/2024,171.5,178.3,166.8,167.0,-1.47,56468.0,307.0,232.6
HIDCL,5/30/2024,165.0,168.0,164.0,165.0,-1.2,32986.0,307.0,232.6
HIDCL,6/2/2024,163.0,167.0,163.0,164.2,-0.48,42430.0,307.0,232.6
HIDCL,6/3/2024,164.0,165.0,162.4,162.6,-0.97,58273.0,307.0,232.6
HIDCL,6/4/2024,164.5,166.0,162.2,165.0,1.48,48235.0,307.0,232.6
HIDCL,6/5/2024,164.0,166.0,162.6,163.9,-0.67,30504.0,307.0,232.6
HIDCL,6/6/2024,166.0,167.1,161.8,164.5,0.37,38599.0,307.0,232.6
HIDCL,6/9/2024,167.7,167.7,163.0,163.5,-0.61,48530.0,307.0,232.6
HIDCL,6/10/2024,166.7,166.7,161.3,163.0,-0.31,40377.0,307.0,232.6
HIDCL,6/11/2024,166.2,166.2,162.2,165.0,1.23,65590.0,307.0,232.6
HIDCL,6/12/2024,166.2,167.9,164.4,165.0,0.0,37120.0,307.0,232.6
HIDCL,6/13/2024,165.0,165.9,163.5,164.0,-0.61,54969.0,307.0,232.6
HIDCL,6/16/2024,162.6,167.0,162.2,165.0,0.61,58125.0,307.0,232.6
HIDCL,6/18/2024,166.9,166.9,162.3,163.1,-1.15,43125.0,307.0,232.6
HIDCL,6/19/2024,163.1,165.0,162.0,162.0,-0.67,35638.0,307.0,232.6
HIDCL,6/20/2024,165.2,165.2,160.0,160.9,-0.68,65686.0,307.0,232.6
HIDCL,6/23/2024,160.9,161.5,159.0,159.0,-1.18,85209.0,307.0,232.6
HIDCL,6/24/2024,159.1,160.0,158.1,158.5,-0.31,48797.0,307.0,232.6
HIDCL,6/25/2024,159.0,174.3,158.5,163.0,2.84,81919.0,307.0,232.6
HIDCL,6/26/2024,162.5,165.0,159.3,160.6,-1.47,102908.0,307.0,232.6
HIDCL,6/27/2024,159.0,163.0,158.7,162.9,1.43,57147.0,307.0,232.6
HIDCL,6/30/2024,161.2,163.5,160.1,160.3,-1.6,84405.0,307.0,232.6
HIDCL,7/1/2024,160.3,162.7,160.0,162.7,1.5,37886.0,307.0,232.6
HIDCL,7/2/2024,165.9,177.0,163.0,164.4,1.04,94708.0,307.0,232.6
HIDCL,7/3/2024,163.3,165.0,161.6,162.9,-0.91,54244.0,307.0,232.6
HIDCL,7/4/2024,163.0,164.9,162.2,163.7,0.49,54880.0,307.0,232.6
HIDCL,7/7/2024,165.0,173.0,163.2,167.8,2.5,184278.0,307.0,232.6
HIDCL,7/8/2024,170.0,174.3,169.0,170.0,1.31,145757.0,307.0,232.6
HIDCL,7/9/2024,170.0,172.0,168.6,169.6,-0.24,62624.0,307.0,232.6
HIDCL,7/10/2024,172.9,172.9,168.0,170.0,0.24,71568.0,307.0,232.6
HIDCL,7/11/2024,173.4,173.4,170.0,172.0,1.18,96957.0,307.0,232.6
HIDCL,7/14/2024,175.4,182.4,172.0,177.0,2.91,220091.0,307.0,232.6
HIDCL,7/15/2024,180.5,183.7,174.7,179.0,1.13,211964.0,307.0,232.6
HIDCL,7/16/2024,180.0,196.0,180.0,191.6,7.04,347816.0,307.0,232.6
HIDCL,7/17/2024,195.4,199.0,188.2,192.1,0.26,281041.0,307.0,232.6
HIDCL,7/18/2024,192.9,197.0,188.3,193.0,0.47,354258.0,307.0,232.6
HIDCL,7/21/2024,196.8,199.8,190.1,198.0,2.59,336550.0,307.0,232.6
HIDCL,7/22/2024,200.0,201.0,193.0,196.1,-0.96,228386.0,307.0,232.6
HIDCL,7/23/2024,200.0,208.3,194.1,207.9,6.02,459616.0,307.0,232.6
HIDCL,7/24/2024,212.0,216.0,203.0,205.4,-1.2,394331.0,307.0,232.6
HIDCL,7/25/2024,205.0,208.0,200.0,203.5,-0.93,248268.0,307.0,232.6
HIDCL,7/28/2024,207.5,220.0,203.0,217.0,6.63,599834.0,307.0,232.6
HIDCL,7/29/2024,220.0,225.0,211.0,211.2,-2.67,484876.0,307.0,232.6
HIDCL,7/30/2024,210.0,217.0,206.0,214.5,1.56,370816.0,307.0,232.6
HIDCL,7/31/2024,215.0,235.9,215.0,234.0,9.09,1181663.0,307.0,232.6
HIDCL,8/1/2024,238.6,257.4,238.5,257.4,10.0,1382626.0,307.0,232.6
HIDCL,8/5/2024,262.5,270.1,250.0,264.1,2.6,1304724.0,307.0,232.6
HIDCL,8/6/2024,263.0,265.0,238.1,239.0,-9.5,1183948.0,307.0,232.6
HIDCL,8/7/2024,235.0,259.0,235.0,255.0,6.69,662929.0,307.0,232.6
HIDCL,8/8/2024,258.0,280.0,250.0,271.1,6.31,1438661.0,307.0,232.6
HIDCL,8/11/2024,276.5,298.2,267.6,298.2,10.0,1285215.0,307.0,232.6
HIDCL,8/12/2024,303.0,316.0,296.0,297.0,-0.4,1327783.0,307.0,232.6
HIDCL,8/13/2024,302.0,308.9,290.0,301.0,1.35,1006406.0,307.0,232.6
HIDCL,8/14/2024,301.0,331.1,296.0,331.1,10.0,1367804.0,307.0,232.6
HIDCL,8/15/2024,337.7,360.0,337.7,344.5,4.05,1158014.0,307.0,232.6
HIDCL,8/18/2024,346.0,346.0,317.8,324.0,-5.95,1601120.0,307.0,232.6
HIDCL,8/21/2024,330.0,336.6,317.2,319.0,-1.54,846160.0,307.0,232.6
HIDCL,8/22/2024,320.0,325.9,315.0,316.0,-0.94,735848.0,307.0,232.6
HIDCL,8/25/2024,322.0,322.0,300.1,301.0,-4.75,809587.0,307.0,232.6
HIDCL,8/27/2024,303.1,305.0,280.0,283.0,-5.98,1124687.0,307.0,232.6
HIDCL,8/28/2024,283.0,307.8,283.0,299.0,5.65,1060284.0,307.0,232.6
HIDCL,8/29/2024,304.0,304.0,290.2,294.0,-1.67,550107.0,307.0,232.6
HIDCL,9/1/2024,295.0,301.0,283.0,287.8,-2.11,523515.0,307.0,232.6
HIDCL,9/2/2024,290.0,308.0,283.0,307.0,6.67,739621.0,307.0,232.6
HIDCL,9/3/2024,313.1,313.1,302.9,305.0,-0.65,519581.0,307.0,232.6
HIDCL,9/4/2024,311.1,311.1,288.2,291.0,-4.59,458558.0,307.0,232.6
HIDCL,9/5/2024,290.9,293.9,280.3,285.6,-1.86,423428.0,307.0,232.6
HIDCL,9/8/2024,286.0,290.0,280.0,280.3,-1.86,318337.0,307.0,232.6
HIDCL,9/9/2024,280.3,283.0,270.5,271.0,-3.32,369988.0,307.0,232.6
HIDCL,9/10/2024,271.0,283.0,267.3,269.5,-0.55,349678.0,307.0,232.6
HIDCL,9/11/2024,270.1,274.0,260.0,261.0,-3.15,265361.0,307.0,232.6
HIDCL,9/12/2024,266.0,286.5,260.0,285.0,9.2,383488.0,307.0,232.6
HIDCL,9/15/2024,290.0,292.0,272.1,274.0,-3.86,611503.0,307.0,232.6
HIDCL,9/16/2024,274.0,275.9,265.0,266.6,-2.7,293602.0,307.0,232.6
HIDCL,9/18/2024,268.0,268.5,260.0,265.0,-0.6,187764.0,307.0,232.6
HIDCL,9/22/2024,270.0,280.9,265.0,268.0,1.13,227976.0,307.0,232.6
HIDCL,9/23/2024,270.0,270.0,257.0,257.5,-3.92,218571.0,307.0,232.6
HIDCL,9/24/2024,255.0,265.0,249.0,249.0,-3.3,365175.0,307.0,232.6
HIDCL,9/25/2024,253.0,258.4,241.1,256.3,2.93,241348.0,307.0,232.6
HIDCL,9/26/2024,253.0,262.0,251.0,252.9,-1.33,193007.0,307.0,232.6
HIDCL,9/29/2024,247.9,252.0,243.0,246.0,-2.73,143572.0,307.0,232.6
HIDCL,9/30/2024,246.0,255.0,246.0,252.2,2.52,126740.0,307.0,232.6
HIDCL,10/1/2024,257.2,272.9,253.0,272.9,8.21,353269.0,307.0,232.6
HIDCL,10/2/2024,273.0,278.4,265.1,267.9,-1.83,258425.0,307.0,232.6
HIDCL,10/6/2024,270.0,279.4,266.0,278.0,3.77,148964.0,307.0,232.6
HIDCL,10/7/2024,283.0,289.0,279.0,282.1,1.47,192663.0,307.0,232.6
HIDCL,10/8/2024,287.4,287.4,272.0,274.0,-2.87,181550.0,307.0,232.6
HIDCL,10/9/2024,270.6,278.9,269.0,274.0,0.0,83357.0,307.0,232.6
HIDCL,10/15/2024,277.9,280.0,273.0,278.6,1.68,44386.0,307.0,232.6
HIDCL,10/16/2024,280.0,286.9,279.0,283.5,1.76,155697.0,307.0,232.6
HIDCL,10/17/2024,281.0,296.7,280.2,288.1,1.62,345740.0,307.0,232.6
HIDCL,10/20/2024,282.4,291.9,278.0,282.9,-1.8,277743.0,307.0,232.6
HIDCL,10/21/2024,277.3,283.0,270.1,270.3,-4.45,216873.0,307.0,232.6
HIDCL,10/22/2024,271.0,278.0,269.8,274.8,1.66,174707.0,307.0,232.6
HIDCL,10/23/2024,275.1,280.0,270.2,272.0,-1.02,122361.0,307.0,232.6
HIDCL,10/24/2024,272.0,275.0,268.0,269.5,-0.92,163770.0,307.0,232.6
HIDCL,10/27/2024,274.8,274.8,266.1,269.0,-0.19,99887.0,307.0,232.6
HIDCL,10/28/2024,273.0,276.9,271.0,274.0,1.86,95243.0,307.0,232.6
HIDCL,10/29/2024,274.0,280.0,273.0,279.1,1.86,137397.0,307.0,232.6
HIDCL,10/30/2024,284.0,284.0,273.8,274.6,-1.61,104149.0,307.0,232.6
HIDCL,11/5/2024,271.0,280.0,271.0,274.9,0.11,60229.0,307.0,232.6
HIDCL,11/6/2024,275.0,275.0,272.3,273.0,-0.69,67161.0,307.0,232.6
HIDCL,11/10/2024,278.0,283.0,273.3,283.0,3.66,229963.0,307.0,232.6
HIDCL,11/11/2024,277.4,292.0,277.4,284.0,0.35,254169.0,307.0,232.6
HIDCL,11/12/2024,289.0,289.0,280.1,283.0,-0.35,123454.0,307.0,232.6
HIDCL,11/13/2024,288.0,288.0,277.0,278.0,-1.77,92524.0,307.0,232.6
HIDCL,11/14/2024,282.0,282.0,275.0,277.0,-0.36,120893.0,307.0,232.6
HIDCL,11/17/2024,271.5,284.0,271.5,277.0,0.0,171677.0,307.0,232.6
HIDCL,11/19/2024,282.0,282.0,266.6,270.0,-2.53,226502.0,307.0,232.6
HIDCL,11/20/2024,275.0,275.0,265.0,267.2,-1.04,161816.0,307.0,232.6
HIDCL,11/21/2024,268.1,272.4,262.5,263.0,-1.57,136605.0,307.0,232.6
HIDCL,11/24/2024,268.2,268.2,259.0,260.0,-1.14,130444.0,307.0,232.6
HIDCL,11/25/2024,265.2,265.2,257.0,261.0,0.38,86962.0,307.0,232.6
HIDCL,11/26/2024,265.0,271.5,262.0,267.0,2.3,151628.0,307.0,232.6
HIDCL,11/27/2024,261.7,274.3,261.7,272.1,1.91,144323.0,307.0,232.6
HIDCL,11/28/2024,275.0,275.0,267.1,268.0,-1.51,146197.0,307.0,232.6
HIDCL,12/1/2024,273.3,273.3,257.6,260.4,-2.84,126602.0,307.0,232.6
HIDCL,12/2/2024,265.0,265.0,259.0,259.4,-0.38,141548.0,307.0,232.6
HIDCL,12/3/2024,264.0,264.0,257.5,259.1,-0.12,154867.0,307.0,232.6
HIDCL,12/4/2024,264.2,265.0,257.6,258.6,-0.19,113115.0,307.0,232.6
HIDCL,12/5/2024,258.0,260.0,253.2,254.0,-1.78,144582.0,307.0,232.6
HIDCL,12/8/2024,254.0,257.0,248.5,248.6,-2.13,138694.0,307.0,232.6
HIDCL,12/9/2024,253.0,254.0,248.2,251.0,0.97,65432.0,307.0,232.6
HIDCL,12/10/2024,252.0,253.0,248.0,248.5,-1.0,59090.0,307.0,232.6
HIDCL,12/11/2024,248.5,254.0,246.7,254.0,2.21,326528.0,307.0,232.6
HIDCL,12/12/2024,257.0,257.0,249.9,249.9,-1.61,79664.0,307.0,232.6
HIDCL,12/16/2024,248.0,250.0,243.1,244.0,-2.36,102083.0,307.0,232.6
HIDCL,12/17/2024,244.0,246.8,241.7,243.0,-0.41,91884.0,307.0,232.6
HIDCL,12/18/2024,244.0,245.0,240.0,241.0,-0.82,90082.0,307.0,232.6
HIDCL,12/19/2024,240.2,243.1,234.0,234.1,-2.86,90144.0,307.0,232.6
HIDCL,12/22/2024,229.5,240.0,229.5,232.8,-0.56,86622.0,307.0,232.6
HIDCL,12/23/2024,232.0,239.9,230.0,237.4,1.98,67190.0,307.0,232.6
HIDCL,12/24/2024,238.0,242.1,238.0,239.5,0.88,78642.0,307.0,232.6
HIDCL,12/26/2024,243.9,243.9,236.4,242.7,1.34,93504.0,307.0,232.6
HIDCL,12/29/2024,238.0,240.0,233.3,234.9,-3.21,93411.0,307.0,232.6
HIDCL,12/31/2024,232.0,232.5,226.0,229.9,-2.13,93920.0,307.0,232.6
HIDCL,1/1/2025,225.4,234.3,225.4,232.0,0.91,42754.0,307.0,232.6
HIDCL,1/2/2025,234.5,234.5,228.4,231.0,-0.43,49251.0,307.0,232.6
HIDCL,1/5/2025,234.0,234.0,229.1,233.0,0.87,59306.0,307.0,232.6
HIDCL,1/6/2025,237.6,242.0,232.5,242.0,3.86,112178.0,307.0,232.6
HIDCL,1/7/2025,242.0,246.8,240.0,242.9,0.37,76468.0,307.0,232.6
HIDCL,1/8/2025,247.7,247.7,240.2,245.6,1.11,88707.0,307.0,232.6
HIDCL,1/9/2025,247.8,247.8,241.5,242.5,-1.26,98600.0,307.0,232.6
HIDCL,1/12/2025,247.3,247.3,237.0,240.4,-0.87,59964.0,307.0,232.6
HIDCL,1/13/2025,241.0,241.0,233.0,235.0,-2.25,76132.0,307.0,232.6
HIDCL,1/15/2025,237.0,238.0,232.1,232.1,-1.23,41208.0,307.0,232.6
HIDCL,1/16/2025,233.0,236.0,227.0,231.7,-0.17,100292.0,307.0,232.6
HIDCL,1/19/2025,231.7,240.0,229.2,233.6,0.82,85116.0,307.0,232.6
HIDCL,1/20/2025,238.0,238.2,233.0,234.9,0.56,37747.0,307.0,232.6
HIDCL,1/21/2025,231.0,240.0,231.0,236.9,0.85,59830.0,307.0,232.6
HIDCL,1/22/2025,240.0,257.8,237.0,257.0,8.48,359894.0,307.0,232.6
HIDCL,1/23/2025,257.0,264.9,252.0,252.8,-1.63,216378.0,307.0,232.6
HIDCL,1/26/2025,257.8,257.8,248.0,249.0,-1.5,148144.0,307.0,232.6
HIDCL,1/27/2025,251.0,253.2,243.0,243.9,-2.05,125084.0,307.0,232.6
HIDCL,1/28/2025,243.0,252.0,243.0,249.0,2.09,146352.0,307.0,232.6
HIDCL,2/2/2025,250.0,268.0,250.0,264.5,6.22,298050.0,307.0,232.6
HIDCL,2/3/2025,266.0,284.0,261.7,265.0,0.19,428830.0,307.0,232.6
HIDCL,2/4/2025,270.3,270.3,261.0,262.1,-1.09,168102.0,307.0,232.6
HIDCL,2/5/2025,262.2,264.3,259.0,260.0,-0.8,168019.0,307.0,232.6
HIDCL,2/6/2025,263.0,265.0,259.0,261.9,0.73,121772.0,307.0,232.6
HIDCL,2/9/2025,263.0,265.5,257.0,257.9,-1.53,100044.0,307.0,232.6
HIDCL,2/10/2025,256.0,260.0,253.1,255.9,-0.78,113917.0,307.0,232.6
HIDCL,2/11/2025,256.0,258.0,251.4,254.0,-0.74,86887.0,307.0,232.6
HIDCL,2/12/2025,254.0,258.0,253.0,256.0,0.79,130832.0,307.0,232.6
HIDCL,2/13/2025,254.0,265.0,254.0,263.0,2.73,351110.0,307.0,232.6
HIDCL,2/16/2025,263.0,276.0,262.9,271.0,3.04,522847.0,307.0,232.6
HIDCL,2/17/2025,272.0,278.1,270.0,270.0,-0.37,319163.0,307.0,232.6
HIDCL,2/18/2025,270.0,274.3,265.3,268.0,-0.74,198103.0,307.0,232.6
HIDCL,2/20/2025,262.7,270.0,262.7,264.0,-1.49,151316.0,307.0,232.6
HIDCL,2/23/2025,269.0,283.0,255.1,274.0,3.79,421597.0,307.0,232.6
HIDCL,2/24/2025,276.0,289.0,276.0,285.5,4.2,1087247.0,307.0,232.6
HIDCL,2/25/2025,286.0,302.0,286.0,298.0,4.38,1003779.0,307.0,232.6
HIDCL,2/27/2025,301.0,310.0,292.1,299.0,0.34,614915.0,307.0,232.6
HIDCL,3/2/2025,304.9,304.9,290.1,298.0,-0.33,565551.0,307.0,232.6
HIDCL,3/3/2025,303.9,306.0,298.0,299.0,0.34,723046.0,307.0,232.6
HIDCL,3/4/2025,299.0,304.0,292.0,292.3,-2.24,450812.0,307.0,232.6
HIDCL,3/5/2025,292.0,295.0,285.0,290.0,-0.79,500149.0,307.0,232.6
HIDCL,3/6/2025,292.9,292.9,286.0,288.0,-0.69,248935.0,307.0,232.6
HIDCL,3/9/2025,288.0,289.0,278.4,279.0,-3.12,305110.0,307.0,232.6
HIDCL,3/10/2025,274.0,285.0,272.0,274.0,-1.79,237950.0,307.0,232.6
HIDCL,3/11/2025,279.4,279.4,268.0,268.0,-2.19,278347.0,307.0,232.6
HIDCL,3/12/2025,268.0,277.3,266.7,277.3,3.47,220117.0,307.0,232.6
HIDCL,3/16/2025,271.8,278.0,270.0,271.7,-2.02,215254.0,307.0,232.6
HIDCL,3/17/2025,268.0,278.0,268.0,273.5,0.66,191405.0,307.0,232.6
HIDCL,3/18/2025,278.9,278.9,270.0,271.0,-0.91,121492.0,307.0,232.6
HIDCL,3/19/2025,274.3,274.3,265.0,266.0,-1.85,132074.0,307.0,232.6
HIDCL,3/20/2025,260.7,268.5,260.7,266.4,0.15,147825.0,307.0,232.6
HIDCL,3/23/2025,266.4,268.0,257.1,257.92,-3.18,182324.0,307.0,232.6
HIDCL,3/24/2025,252.8,266.9,252.8,264.8,2.67,161450.0,307.0,232.6
HIDCL,3/25/2025,264.8,264.8,255.3,257.36,-2.81,150982.0,307.0,232.6
HIDCL,3/26/2025,252.3,265.0,252.3,263.45,2.37,170794.0,307.0,232.6
HIDCL,3/27/2025,263.0,272.0,262.0,270.63,2.73,236780.0,307.0,232.6
HIDCL,3/30/2025,270.0,283.0,270.0,276.91,2.32,351548.0,307.0,232.6
HIDCL,4/1/2025,271.4,280.0,270.0,273.42,-1.26,283267.0,307.0,232.6
HIDCL,4/2/2025,268.0,278.9,268.0,275.03,0.59,140359.0,307.0,232.6
HIDCL,4/3/2025,272.1,279.1,272.0,274.99,-0.01,231903.0,307.0,232.6
HIDCL,4/7/2025,273.0,278.9,270.0,271.7,-1.2,208865.0,307.0,232.6
HIDCL,4/8/2025,266.3,273.0,266.3,271.23,-0.17,152730.0,307.0,232.6
HIDCL,4/9/2025,265.9,279.1,265.9,276.66,2.0,253367.0,307.0,232.6
HIDCL,4/10/2025,277.0,279.9,275.0,276.79,0.05,148266.0,307.0,232.6
HIDCL,4/13/2025,278.5,289.9,275.0,288.18,4.12,579092.0,307.0,232.6
HIDCL,4/15/2025,293.0,300.0,287.2,294.75,2.28,777416.0,307.0,232.6
HIDCL,4/16/2025,300.0,302.0,290.2,293.1,-0.56,387969.0,307.0,232.6
HIDCL,4/17/2025,294.9,318.3,291.1,313.1,6.82,1608899.0,307.0,232.6
HIDCL,4/20/2025,319.3,326.0,314.0,317.29,1.34,1090237.0,307.0,232.6
HIDCL,4/21/2025,315.0,329.4,315.0,325.19,2.49,1341570.0,307.0,232.6
HIDCL,4/22/2025,325.0,328.0,311.0,312.87,-3.79,831789.0,307.0,232.6
HIDCL,4/23/2025,312.0,312.9,300.0,303.88,-2.87,1044422.0,307.0,232.6
HIDCL,4/24/2025,300.2,320.0,295.0,315.74,3.9,919186.0,307.0,232.6
HIDCL,4/27/2025,315.0,335.0,315.0,330.8,4.77,1604962.0,307.0,232.6
HIDCL,4/28/2025,330.8,340.0,318.0,319.06,-3.55,907767.0,307.0,232.6
HIDCL,4/29/2025,325.4,328.0,315.1,317.78,-0.4,743497.0,307.0,232.6
HIDCL,4/30/2025,320.0,325.9,314.1,319.49,0.54,761583.0,307.0,232.6
HIDCL,5/4/2025,323.5,325.0,306.0,307.59,-3.72,746760.0,307.0,232.6
HIDCL,5/5/2025,305.0,310.0,301.0,304.38,-1.04,624608.0,307.0,232.6
HIDCL,5/6/2025,298.3,311.0,298.3,303.95,-0.14,551624.0,307.0,232.6
HIDCL,5/7/2025,303.95,311.0,299.1,305.61,0.55,693958.0,307.0,232.6
HIDCL,5/8/2025,305.0,318.9,304.1,311.43,1.9,970157.0,307.0,232.6
HIDCL,5/11/2025,317.6,317.6,296.0,299.05,-3.98,813386.0,307.0,232.6
HIDCL,5/13/2025,293.1,303.5,292.0,292.5,-2.19,569699.0,307.0,232.6
HIDCL,5/14/2025,286.7,296.5,284.8,285.83,-2.28,359414.0,307.0,232.6
HIDCL,5/15/2025,288.0,291.0,285.0,288.79,1.04,311585.0,307.0,232.6
HIDCL,5/18/2025,289.0,294.0,287.3,288.26,-0.18,229807.0,307.0,232.6
HIDCL,5/19/2025,282.5,295.5,282.5,292.03,1.31,232221.0,307.0,232.6
HIDCL,5/20/2025,286.2,310.0,286.2,302.8,3.69,322114.0,307.0,232.6
HIDCL,5/21/2025,308.8,319.0,300.0,301.03,-0.58,526134.0,307.0,232.6
HIDCL,5/22/2025,295.1,308.0,295.1,300.11,-0.31,307238.0,307.0,232.6
HIDCL,5/25/2025,294.2,303.9,294.0,295.38,-1.58,244603.0,307.0,232.6
HIDCL,5/26/2025,301.2,307.0,293.3,295.19,-0.06,393349.0,307.0,232.6
HIDCL,5/27/2025,297.0,300.0,292.0,295.96,0.26,229154.0,307.0,232.6
HIDCL,5/28/2025,298.0,301.9,294.1,296.45,0.17,354811.0,307.0,232.6
HIDCL,6/2/2025,302.3,316.0,300.3,314.62,6.13,1199802.0,307.0,232.6
HIDCL,6/3/2025,320.9,320.9,306.2,307.82,-2.16,378399.0,307.0,232.6
HIDCL,6/4/2025,301.7,314.9,301.7,308.57,0.24,386005.0,307.0,232.6
HIDCL,6/5/2025,302.4,314.0,302.4,311.7,1.01,462000.0,307.0,232.6
HIDCL,6/8/2025,312.0,317.0,309.6,311.08,-0.2,744969.0,307.0,232.6
HIDCL,6/9/2025,304.9,315.0,304.9,310.48,-0.19,391739.0,307.0,232.6
HIDCL,6/10/2025,305.5,323.0,305.5,315.31,1.56,834832.0,307.0,232.6
HIDCL,6/11/2025,309.1,319.0,309.1,311.15,-1.32,441373.0,307.0,232.6
HIDCL,6/12/2025,305.0,314.0,305.0,307.49,-1.18,314896.0,307.0,232.6
HIDCL,6/15/2025,305.0,313.9,302.0,304.08,-1.11,511875.0,307.0,232.6
HIDCL,6/16/2025,298.0,309.0,298.0,300.03,-1.33,460874.0,307.0,232.6
HIDCL,6/17/2025,295.0,304.0,295.0,297.27,-0.92,261826.0,307.0,232.6
HIDCL,6/18/2025,291.4,304.5,291.4,301.6,1.46,301193.0,307.0,232.6
HIDCL,6/19/2025,304.5,304.5,295.0,295.9,-1.89,361070.0,307.0,232.6
HIDCL,6/22/2025,294.0,299.6,287.3,288.08,-2.64,346558.0,307.0,232.6
HIDCL,6/23/2025,284.0,293.9,284.0,292.53,1.54,219563.0,307.0,232.6
HIDCL,6/24/2025,298.3,298.3,290.0,290.17,-0.81,175791.0,307.0,232.6
HIDCL,6/25/2025,289.0,290.0,285.0,285.67,-1.55,213052.0,307.0,232.6
HIDCL,6/26/2025,285.0,289.8,283.2,284.37,-0.46,227498.0,307.0,232.6
HIDCL,6/29/2025,284.2,286.9,282.0,283.98,-0.14,299476.0,307.0,232.6
HIDCL,6/30/2025,285.0,288.0,283.0,284.39,0.14,210365.0,307.0,232.6
HIDCL,7/1/2025,278.8,299.9,278.8,297.39,4.57,332209.0,307.0,232.6
HIDCL,7/2/2025,303.3,303.3,293.1,293.91,-1.17,179721.0,307.0,232.6
HIDCL,7/3/2025,288.1,304.9,288.1,291.2,-0.92,162900.0,307.0,232.6
HIDCL,7/6/2025,285.4,298.0,285.4,293.62,0.83,290983.0,307.0,232.6
HIDCL,7/7/2025,293.6,297.8,290.6,292.09,-0.52,162411.0,307.0,232.6
HIDCL,7/8/2025,286.5,295.0,286.5,291.49,-0.21,124860.0,307.0,232.6
HIDCL,7/9/2025,285.7,299.0,285.7,295.02,1.21,393796.0,307.0,232.6
HIDCL,7/10/2025,289.2,299.8,289.2,296.59,0.53,218803.0,307.0,232.6
HIDCL,7/13/2025,302.5,307.0,295.7,296.67,0.03,289421.0,307.0,232.6
HIDCL,7/14/2025,290.8,296.6,290.0,290.26,-2.16,206794.0,307.0,232.6
HIDCL,7/15/2025,285.0,296.5,285.0,292.79,0.87,247287.0,307.0,232.6
HIDCL,7/16/2025,287.4,298.9,287.4,292.61,-0.06,390367.0,307.0,232.6
HIDCL,7/17/2025,292.0,310.0,292.0,306.09,4.61,470440.0,307.0,232.6
HIDCL,7/20/2025,307.0,319.0,306.9,307.32,0.4,781600.0,307.0,232.6
HIDCL,7/21/2025,301.2,312.0,301.2,309.75,0.79,392558.0,307.0,232.6
HIDCL,7/22/2025,312.0,326.5,310.0,322.88,4.24,1150088.0,307.0,232.6
HIDCL,7/23/2025,325.0,329.4,317.2,323.89,0.31,846769.0,307.0,232.6
HIDCL,7/24/2025,330.3,330.3,318.3,320.84,-0.94,500892.0,307.0,232.6
HIDCL,7/27/2025,322.0,325.0,308.0,310.18,-3.32,695153.0,307.0,232.6
HIDCL,7/28/2025,304.0,314.7,304.0,313.67,1.13,459931.0,307.0,232.6
HIDCL,7/29/2025,309.0,324.8,309.0,312.18,-0.48,499824.0,307.0,232.6
HIDCL,7/30/2025,312.0,316.0,306.0,306.74,-1.74,332023.0,307.0,232.6
HIDCL,7/31/2025,300.7,309.8,299.0,300.7,-1.97,488131.0,307.0,232.6
HIDCL,8/3/2025,294.7,305.0,294.7,295.48,-1.74,313020.0,307.0,232.6
HIDCL,8/4/2025,289.6,300.7,289.6,295.63,0.05,290388.0,307.0,232.6
HIDCL,8/5/2025,295.0,298.0,289.0,289.69,-2.01,298941.0,307.0,232.6
HIDCL,8/6/2025,283.9,293.5,283.9,290.49,0.28,163840.0,307.0,232.6
HIDCL,8/7/2025,290.0,295.0,289.0,294.19,1.27,164637.0,307.0,232.6
HIDCL,8/11/2025,298.9,298.9,288.0,288.56,-1.91,290368.0,307.0,232.6
HIDCL,8/12/2025,282.8,292.0,282.8,288.04,-0.18,164752.0,307.0,232.6
HIDCL,8/13/2025,282.3,292.0,282.3,288.33,0.1,137270.0,307.0,232.6
HIDCL,8/14/2025,290.0,291.8,285.0,289.29,0.33,193740.0,307.0,232.6
HIDCL,8/17/2025,288.0,291.4,284.0,285.27,-1.39,181589.0,307.0,232.6
HIDCL,8/18/2025,290.0,290.0,282.1,286.48,0.42,169780.0,307.0,232.6
HIDCL,8/19/2025,280.8,292.0,280.8,288.18,0.59,177968.0,307.0,232.6
HIDCL,8/20/2025,282.5,290.0,282.5,286.37,-0.63,273321.0,307.0,232.6
HIDCL,8/21/2025,285.0,288.6,284.2,285.97,-0.14,218215.0,307.0,232.6
HIDCL,8/24/2025,280.3,289.0,280.3,284.12,-0.65,100316.0,307.0,232.6
HIDCL,8/25/2025,280.0,286.9,280.0,286.07,0.69,78353.0,307.0,232.6
HIDCL,8/26/2025,282.5,288.0,282.5,285.14,-0.33,137054.0,307.0,232.6
HIDCL,8/27/2025,279.8,296.0,279.8,294.41,3.25,184316.0,307.0,232.6
HIDCL,8/28/2025,291.0,296.0,287.0,287.56,-2.33,151856.0,307.0,232.6
HIDCL,8/31/2025,285.1,288.8,282.3,283.14,-1.54,170986.0,307.0,232.6
HIDCL,9/1/2025,277.5,287.0,277.5,283.29,0.05,83065.0,307.0,232.6
HIDCL,9/2/2025,283.0,284.9,280.2,281.66,-0.58,144639.0,307.0,232.6
HIDCL,9/3/2025,287.0,287.0,279.29,280.22,-0.51,128999.0,307.0,232.6
HIDCL,9/4/2025,279.3,283.0,275.7,278.06,-0.77,134860.0,307.0,232.6
HIDCL,9/7/2025,272.5,282.5,272.5,276.17,-0.68,94277.0,307.0,232.6
HIDCL,9/8/2025,270.7,281.5,269.0,270.26,-2.14,127024.0,307.0,232.6
HIDCL,9/18/2025,265.0,265.0,245.0,250.3,-7.39,22665.0,307.0,232.6
HIDCL,9/21/2025,245.3,275.3,245.3,273.91,9.43,268607.0,307.0,232.6
HIDCL,9/23/2025,279.3,285.0,274.0,281.0,2.59,189939.0,307.0,232.6
HIDCL,9/24/2025,281.0,281.0,270.0,274.0,-2.49,167531.0,307.0,232.6
HIDCL,9/25/2025,275.6,279.4,268.8,273.0,-0.36,108839.0,307.0,232.6
HIDCL,9/28/2025,274.0,276.0,270.0,274.4,0.51,76227.0,307.0,232.6
HIDCL,10/7/2025,270.0,273.0,263.0,266.5,-2.88,148622.0,307.0,232.6
HIDCL,10/8/2025,266.5,267.0,258.0,264.7,-0.68,145358.0,307.0,232.6
HIDCL,10/9/2025,269.9,283.0,265.1,265.1,0.15,219448.0,307.0,232.6
HIDCL,10/12/2025,263.0,265.0,256.7,258.0,-2.68,149094.0,307.0,232.6
HIDCL,10/13/2025,263.0,265.0,254.2,265.0,2.71,188193.0,307.0,232.6
HIDCL,10/14/2025,261.4,269.0,257.1,258.0,-2.64,70606.0,307.0,232.6
HIDCL,10/15/2025,260.0,263.0,255.4,255.4,-1.01,60991.0,307.0,232.6
HIDCL,10/16/2025,259.0,259.0,250.5,251.5,-1.53,126265.0,307.0,232.6
HIDCL,10/19/2025,254.0,256.8,249.0,254.2,1.07,65336.0,307.0,232.6
HIDCL,10/26/2025,254.2,256.0,250.0,256.0,0.71,59330.0,307.0,232.6
HIDCL,10/28/2025,258.7,269.8,258.0,267.5,4.49,156242.0,307.0,232.6
HIDCL,10/29/2025,272.0,277.0,262.3,270.0,0.93,199404.0,307.0,232.6
HIDCL,10/30/2025,274.0,276.0,265.0,275.0,1.85,178501.0,307.0,232.6
HIDCL,11/2/2025,280.5,280.5,273.0,277.7,0.98,155658.0,307.0,232.6
HIDCL,11/3/2025,279.9,281.9,272.3,273.8,-1.4,127510.0,307.0,232.6
HIDCL,11/4/2025,271.7,275.0,267.0,268.0,-2.12,112866.0,307.0,232.6
HIDCL,11/5/2025,267.0,270.5,263.6,269.0,0.37,124525.0,307.0,232.6
HIDCL,11/6/2025,274.3,274.3,266.3,271.0,0.74,175613.0,307.0,232.6
HIDCL,11/9/2025,271.0,273.9,264.0,264.9,-2.25,83521.0,307.0,232.6
HIDCL,11/10/2025,260.0,275.5,260.0,265.0,0.04,62413.0,307.0,232.6
HIDCL,11/11/2025,260.0,266.0,260.0,264.0,-0.38,60539.0,307.0,232.6
HIDCL,11/12/2025,265.0,265.0,261.2,261.2,-1.06,96442.0,307.0,232.6
HIDCL,11/13/2025,256.1,277.1,256.1,261.0,-0.08,96415.0,307.0,232.6
HIDCL,11/16/2025,260.0,263.9,258.9,260.4,-0.23,85249.0,307.0,232.6
HIDCL,11/17/2025,260.0,263.9,258.0,263.8,1.31,65432.0,307.0,232.6
HIDCL,11/18/2025,269.0,272.8,260.2,267.7,1.48,158170.0,307.0,232.6
HIDCL,11/19/2025,269.0,272.0,262.8,267.0,-0.26,70697.0,307.0,232.6
HIDCL,11/20/2025,261.7,269.0,261.7,262.9,-1.54,54871.0,307.0,232.6
HIDCL,11/23/2025,268.1,271.4,266.0,271.4,3.23,160089.0,307.0,232.6
HIDCL,11/24/2025,267.0,279.8,267.0,278.0,2.43,183106.0,307.0,232.6
HIDCL,11/25/2025,279.0,283.2,276.5,282.0,1.44,324409.0,307.0,232.6
HIDCL,11/26/2025,285.0,285.0,279.0,280.0,-0.71,140395.0,307.0,232.6
HIDCL,11/27/2025,277.4,281.8,277.0,278.0,-0.71,234751.0,307.0,232.6
HIDCL,11/30/2025,278.0,281.9,273.0,273.9,-1.47,195403.0,307.0,232.6
HIDCL,12/1/2025,276.4,276.4,271.5,273.0,-0.33,162358.0,307.0,232.6
HIDCL,12/2/2025,270.0,273.9,270.0,273.0,0.0,71159.0,307.0,232.6
HIDCL,12/3/2025,272.5,274.5,268.8,269.0,-1.47,86398.0,307.0,232.6
HIDCL,12/7/2025,270.0,270.0,265.8,266.7,-0.86,84953.0,307.0,232.6
HIDCL,12/8/2025,267.0,270.0,265.0,266.5,-0.07,61726.0,307.0,232.6
HIDCL,12/9/2025,262.0,270.0,262.0,268.0,0.56,53043.0,307.0,232.6
HIDCL,12/10/2025,263.0,269.9,263.0,266.9,-0.41,57771.0,307.0,232.6
HIDCL,12/11/2025,263.0,268.2,263.0,267.8,0.34,88467.0,307.0,232.6
HIDCL,12/14/2025,268.0,268.0,262.0,264.8,-1.12,108582.0,307.0,232.6
HIDCL,12/15/2025,262.5,264.0,260.1,262.9,-0.72,76582.0,307.0,232.6
HIDCL,12/16/2025,263.0,266.5,263.0,266.3,1.29,126754.0,307.0,232.6
HIDCL,12/17/2025,266.3,268.6,265.2,266.0,-0.11,63425.0,307.0,232.6
HIDCL,12/18/2025,266.0,267.0,262.2,264.7,-0.49,83618.0,307.0,232.6
HIDCL,12/21/2025,262.0,265.5,261.1,263.0,-0.64,137022.0,307.0,232.6
HIDCL,12/22/2025,268.2,268.2,258.0,259.0,-1.52,111105.0,307.0,232.6
HIDCL,12/23/2025,250.1,258.9,250.1,255.1,-1.51,78597.0,307.0,232.6
HIDCL,12/24/2025,258.0,258.0,253.4,254.5,-0.24,46345.0,307.0,232.6
HIDCL,12/28/2025,257.0,262.0,255.9,261.7,2.83,130510.0,307.0,232.6
HIDCL,12/29/2025,266.9,266.9,258.0,260.0,-0.65,96932.0,307.0,232.6
HIDCL,12/31/2025,260.0,262.9,258.1,261.9,0.73,83344.0,307.0,232.6
HIDCL,1/1/2026,259.0,262.2,256.0,258.9,-1.15,114299.0,307.0,232.6
HIDCL,1/4/2026,259.0,260.0,255.3,255.4,-1.35,34111.0,307.0,232.6
HIDCL,1/5/2026,255.1,258.9,255.1,258.0,1.02,73772.0,307.0,232.6
HIDCL,1/6/2026,260.6,263.5,259.0,263.0,1.94,119456.0,307.0,232.6
HIDCL,1/7/2026,260.5,262.0,257.0,258.0,-1.9,84259.0,307.0,232.6
HIDCL,1/8/2026,256.1,258.0,256.0,257.9,-0.04,76408.0,307.0,232.6
HIDCL,1/12/2026,256.2,259.9,255.6,255.9,-0.78,87905.0,307.0,232.6
HIDCL,1/13/2026,257.0,257.9,254.8,256.7,0.31,90995.0,307.0,232.6
HIDCL,1/14/2026,252.0,258.0,252.0,255.2,-0.58,83682.0,307.0,232.6
HIDCL,1/18/2026,258.0,263.0,258.0,259.2,1.57,92708.0,307.0,232.6
HIDCL,1/20/2026,264.3,268.2,262.0,266.7,2.89,237371.0,307.0,232.6
HIDCL,1/21/2026,266.0,270.0,263.2,264.1,-0.97,187219.0,307.0,232.6
HIDCL,1/22/2026,262.0,266.0,262.0,265.3,0.45,110713.0,307.0,232.6
HIDCL,1/25/2026,265.0,275.3,265.0,275.0,3.66,264830.0,307.0,232.6
HIDCL,1/26/2026,275.0,279.0,266.0,270.0,-1.82,291578.0,307.0,232.6
HIDCL,1/27/2026,270.0,273.9,262.7,263.0,-2.59,165589.0,307.0,232.6
HIDCL,1/28/2026,263.0,267.5,258.1,260.5,-0.95,233329.0,307.0,232.6
HIDCL,1/29/2026,263.0,275.0,261.5,266.6,2.34,311455.0,307.0,232.6
HIDCL,2/1/2026,269.0,270.9,263.2,265.0,-0.6,171572.0,307.0,232.6
HIDCL,2/2/2026,265.0,268.0,262.1,262.9,-0.79,73258.0,307.0,232.6
HIDCL,2/3/2026,263.1,266.3,260.2,261.9,-0.38,139891.0,307.0,232.6
HIDCL,2/4/2026,260.0,264.9,257.5,260.0,-0.73,107188.0,307.0,232.6
HIDCL,2/5/2026,262.8,266.0,258.2,263.7,1.42,121177.0,307.0,232.6
HIDCL,2/8/2026,263.1,268.5,260.0,260.2,-1.33,179081.0,307.0,232.6
HIDCL,2/9/2026,261.5,265.0,259.0,262.0,0.69,136674.0,307.0,232.6
HIDCL,2/10/2026,263.0,267.0,260.0,263.0,0.38,134163.0,307.0,232.6
HIDCL,2/11/2026,265.0,266.3,262.5,264.0,0.38,157755.0,307.0,232.6
HIDCL,2/12/2026,267.0,269.7,264.0,266.5,0.95,218225.0,307.0,232.6
HIDCL,2/16/2026,269.0,269.8,264.0,265.0,-0.56,60177.0,307.0,232.6
HIDCL,2/17/2026,263.1,264.0,259.7,259.9,-1.92,129492.0,307.0,232.6
HIDCL,2/22/2026,260.0,260.0,254.6,255.0,-1.89,133171.0,307.0,232.6
HIDCL,2/23/2026,255.0,260.0,255.0,256.9,0.75,72501.0,307.0,232.6
HIDCL,2/24/2026,258.0,260.0,256.5,259.9,1.17,94267.0,307.0,232.6
HIDCL,2/25/2026,262.9,263.0,258.0,259.2,-0.27,58412.0,307.0,232.6
HIDCL,2/26/2026,264.3,264.3,259.2,261.2,0.77,80779.0,307.0,232.6
HIDCL,2/27/2026,264.3,264.3,259.2,261.2,0.0,80779.0,307.0,232.6
HIDCL,2/28/2026,264.3,264.3,259.2,261.2,0.0,80779.0,307.0,232.6
HIDCL,3/2/2026,266.4,266.4,255.0,261.9,0.27,93456.0,307.0,232.6
HIDCL,3/3/2026,267.1,267.1,260.5,266.4,1.72,88409.0,307.0,232.6
HIDCL,3/4/2026,267.1,267.1,260.5,266.4,0.0,88409.0,307.0,232.6
HIDCL,3/5/2026,267.1,267.1,260.5,266.4,0.0,88409.0,307.0,232.6
HIDCL,3/6/2026,267.1,267.1,260.5,266.4,0.0,88409.0,307.0,232.6
HIDCL,3/7/2026,267.1,267.1,260.5,266.4,0.0,88409.0,307.0,232.6
HIDCL,3/8/2026,267.1,267.1,260.5,266.4,0.0,88409.0,307.0,232.6
HIDCL,3/9/2026,271.7,292.0,271.7,292.0,9.61,2844.0,307.0,232.6
HIDCL,3/10/2026,295.0,296.0,278.0,291.0,-0.34,717710.0,307.0,232.6
HIDCL,3/11/2026,293.0,297.5,287.0,288.1,-1.0,634950.0,307.0,232.6
HIDCL,3/12/2026,289.0,303.0,288.0,298.5,3.61,651160.0,307.0,232.6
HIDCL,3/13/2026,289.0,303.0,288.0,298.5,0.0,651160.0,307.0,232.6
HIDCL,3/14/2026,289.0,303.0,288.0,298.5,0.0,651160.0,307.0,232.6
HIDCL,3/15/2026,300.0,304.4,293.0,294.9,-1.21,425094.0,307.0,232.6
HIDCL,3/16/2026,300.0,300.0,284.7,287.3,-2.58,419979.0,307.0,232.6
HIDCL,3/17/2026,287.0,292.7,282.0,292.5,1.81,297248.0,307.0,232.6
HIDCL,3/18/2026,287.0,292.7,282.0,292.5,0.0,297248.0,307.0,232.6
HIDCL,3/19/2026,292.5,300.0,292.5,299.0,2.22,677725.0,307.0,232.6
HIDCL,3/20/2026,292.5,300.0,292.5,299.0,0.0,677725.0,307.0,232.6
HIDCL,3/21/2026,292.5,300.0,292.5,299.0,0.0,677725.0,307.0,232.6
HIDCL,3/22/2026,301.0,304.5,296.1,298.9,-0.03,583067.0,307.0,232.6
HIDCL,3/23/2026,300.0,301.2,293.1,296.6,-0.77,284958.0,307.0,232.6
HIDCL,3/24/2026,297.0,300.0,292.6,295.1,-0.51,325583.0,307.0,232.6
HIDCL,3/25/2026,298.0,307.0,296.0,301.0,2.0,1205668.0,307.0,232.6
HIDCL,3/26/2026,307.0,307.0,296.2,298.0,-2.93,351659.0,307.0,232.6
HIDCL,3/29/2026,298.0,299.9,286.0,287.2,-3.62,522390.0,307.0,232.6
HIDCL,3/30/2026,290.0,290.0,277.6,278.0,-4.14,523775.0,307.0,232.6
HIDCL,3/31/2026,282.0,284.0,271.2,283.8,0.64,243430.0,307.0,232.6
HIDCL,4/1/2026,283.8,283.8,270.0,271.0,-4.51,357309.0,307.0,232.6
HIDCL,4/2/2026,275.0,276.0,266.0,272.0,-1.09,215576.0,307.0,232.6
HIDCL,4/5/2026,267.0,270.0,261.0,262.4,-1.72,272116.0,307.0,232.6
HIDCL,4/6/2026,262.0,284.0,260.3,275.2,5.04,301255.0,307.0,232.6
HIDCL,4/7/2026,278.5,279.9,271.0,275.9,-0.93,168351.0,307.0,232.6
HIDCL,4/8/2026,278.0,279.8,273.3,279.8,0.65,142941.0,307.0,232.6
HIDCL,4/9/2026,280.0,284.9,276.1,282.8,1.0,148662.0,307.0,232.6
HIDCL,4/10/2026,288.4,288.4,274.1,277.0,-3.95,166218.0,307.0,232.6
HIDCL,4/13/2026,275.0,280.0,275.0,277.0,0.73,106753.0,307.0,232.6
HIDCL,4/15/2026,280.0,288.6,277.1,284.7,1.68,199644.0,307.0,232.6
HIDCL,4/16/2026,284.7,284.9,276.0,277.2,-2.63,156344.0,307.0,232.6
HIDCL,4/17/2026,282.7,282.7,275.0,278.0,-1.66,158094.0,307.0,232.6
HIDCL,4/20/2026,278.1,280.0,273.0,274.1,-1.44,58134.0,307.0,232.6
HIDCL,4/21/2026,274.1,277.0,271.0,271.6,-0.91,75315.0,307.0,232.6
HIDCL,4/22/2026,271.0,278.0,268.0,272.1,0.41,92938.0,307.0,232.6
HIDCL,4/23/2026,273.5,275.0,269.2,270.7,-1.02,65713.0,307.0,232.6
HIDCL,4/24/2026,270.7,272.0,266.0,270.8,0.04,92605.0,307.0,232.6
HIDCL,4/27/2026,270.8,273.9,268.0,271.8,0.37,111885.0,307.0,232.6
HIDCL,4/28/2026,285.3,285.3,267.7,269.9,-5.4,77336.0,307.0,232.6
HIDCL,4/29/2026,269.9,270.0,265.5,267.0,-1.07,53958.0,307.0,232.6
HIDCL,4/30/2026,267.0,268.7,262.0,265.7,-0.49,126205.0,307.0,232.6
HIDCL,5/4/2026,265.0,268.0,261.8,262.5,-0.94,66976.0,307.0,232.6
HIDCL,5/5/2026,262.0,267.0,260.6,263.0,0.38,60873.0,307.0,232.6
HIDCL,5/6/2026,276.1,276.1,261.5,263.9,-4.42,55036.0,307.0,232.6
HIDCL,5/7/2026,266.0,266.8,262.0,264.8,-0.45,42077.0,307.0,232.6
HIDCL,5/8/2026,267.8,269.0,265.0,267.0,-0.3,44067.0,307.0,232.6
HIDCL,5/11/2026,255.0,274.5,255.0,274.0,7.45,62384.0,307.0,232.6
HIDCL,5/12/2026,277.0,278.5,266.8,268.0,-3.25,117629.0,307.0,232.6
HIDCL,5/13/2026,268.0,269.5,264.2,268.1,0.04,36062.0,307.0,232.6
HIDCL,5/14/2026,268.0,269.0,265.0,267.3,-0.26,35732.0,307.0,232.6
HIDCL,5/15/2026,270.0,270.0,264.0,267.0,-1.11,57522.0,307.0,232.6
HIDCL,5/18/2026,270.0,271.0,265.5,268.4,-0.59,52363.0,307.0,232.6
HIDCL,5/19/2026,268.4,270.0,267.0,269.0,0.22,50762.0,307.0,232.6
HIDCL,5/20/2026,270.0,272.9,268.0,272.0,0.74,54971.0,307.0,232.6
HIDCL,5/21/2026,272.0,274.0,268.6,269.7,-0.85,45794.0,307.0,232.6
HIDCL,5/22/2026,270.0,272.0,268.3,271.5,0.56,49025.0,307.0,232.6
HIDCL,5/25/2026,270.0,276.8,270.0,276.0,2.22,85842.0,307.0,232.6
HIDCL,5/26/2026,272.0,277.7,272.0,272.9,0.33,51063.0,307.0,232.6
HIDCL,5/27/2026,275.0,276.8,272.4,274.0,-0.36,92338.0,307.0,232.6
HIDCL,6/1/2026,270.0,274.0,265.1,266.2,-1.41,114009.0,307.0,232.6
HIDCL,6/2/2026,268.0,270.0,265.6,269.0,0.37,53695.0,307.0,232.6
HIDCL,6/3/2026,270.0,274.0,266.0,269.5,-0.19,54895.0,307.0,232.6
HIDCL,6/4/2026,270.0,270.0,265.9,266.2,-1.41,42315.0,307.0,232.6
HIDCL,6/5/2026,265.5,269.5,264.0,265.0,-0.19,61544.0,307.0,232.6
HIDCL,6/8/2026,270.8,270.8,260.0,262.9,-2.92,54591.0,307.0,232.6
HIDCL,6/9/2026,250.0,267.0,250.0,264.5,5.8,61597.0,307.0,232.6
HIDCL,6/10/2026,265.5,265.5,262.0,263.6,-0.72,22769.0,307.0,232.6
HIDCL,6/11/2026,263.0,264.5,262.0,263.5,0.19,30657.0,307.0,232.6
HIDCL,6/12/2026,262.0,264.9,261.3,262.5,0.19,53874.0,307.0,232.6
HIDCL,6/15/2026,262.5,264.0,260.3,261.0,-0.57,46623.0,307.0,232.6
HIDCL,6/16/2026,262.0,263.0,260.0,260.6,-0.53,53425.0,307.0,232.6
HIDCL,6/17/2026,261.0,262.0,259.8,260.9,-0.04,32297.0,307.0,232.6
HIDCL,6/18/2026,260.0,261.0,259.8,260.4,0.15,28866.0,307.0,232.6
HIDCL,6/19/2026,260.3,263.0,258.5,260.5,0.08,40945.0,307.0,232.6
HIDCL,6/22/2026,262.0,262.2,259.0,260.0,-0.76,27460.0,307.0,232.6
HIDCL,6/23/2026,258.1,260.0,257.0,258.0,-0.04,23664.0,307.0,232.6
HIDCL,6/24/2026,255.1,259.9,252.0,256.0,0.35,84472.0,307.0,232.6
HIDCL,6/26/2026,253.0,257.0,253.0,254.9,0.75,47991.0,307.0,232.6
HIDCL,6/29/2026,254.0,254.0,250.0,252.8,-0.47,49719.0,307.0,232.6
HIDCL,6/30/2026,252.8,252.8,248.9,250.0,-1.11,36176.0,307.0,232.6
HIDCL,7/1/2026,250.0,255.0,250.0,254.0,1.6,31442.0,307.0,232.6
HIDCL,7/2/2026,256.0,256.0,250.0,255.5,-0.2,53596.0,307.0,232.6
HIDCL,7/3/2026,255.6,256.0,252.0,253.0,-1.02,36904.0,307.0,232.6
HIDCL,7/6/2026,253.0,254.9,250.1,250.9,-0.83,38105.0,307.0,232.6
HIDCL,7/7/2026,251.1,254.8,249.2,253.0,0.76,35413.0,307.0,232.6
HIDCL,7/8/2026,250.0,253.0,249.0,252.4,0.96,45619.0,307.0,232.6
HIDCL,7/9/2026,250.2,252.9,248.2,248.2,-0.8,33072.0,307.0,232.6
HIDCL,7/10/2026,246.8,251.9,246.7,247.4,0.24,72974.0,307.0,232.6
HIDCL,7/13/2026,247.0,249.0,246.0,246.6,-0.16,32749.0,307.0,232.6
HIDCL,7/14/2026,249.4,250.0,245.0,250.0,0.24,62329.0,307.0,232.6
HIDCL,7/15/2026,253.0,253.0,247.1,248.0,-1.98,42075.0,307.0,232.6
HIDCL,7/16/2026,250.0,252.5,248.3,250.0,0.0,62953.0,307.0,232.6
HIDCL,7/17/2026,254.0,264.8,253.0,264.8,4.25,61980.0,307.0,232.6
HIDCL,7/20/2026,265.0,270.0,260.0,267.0,0.75,109486.0,307.0,232.6
HIDCL,7/21/2026,280.3,280.3,262.0,268.8,-4.1,75633.0,307.0,232.6
HIDCL,7/22/2026,262.6,267.8,261.2,266.0,1.29,64784.0,307.0,232.6
HIDCL,7/23/2026,266.0,267.0,261.1,263.6,-0.9,46621.0,307.0,232.6
HIDCL,7/24/2026,262.0,268.8,262.0,263.7,0.65,70195.0,307.0,232.6
HIDCL,7/27/2026,261.3,267.0,260.0,262.0,0.27,55059.0,307.0,232.6
HIDCL,7/28/2026,260.0,263.9,258.2,260.0,0.0,28585.0,307.0,232.6
HIDCL,7/29/2026,260.1,262.9,258.2,260.0,-0.04,31911.0,307.0,232.6
HIDCL,7/30/2026,260.0,262.8,256.1,258.0,-0.77,44775.0,307.0,232.6
HIDCL,7/31/2026,260.0,260.0,256.1,258.8,-0.46,17829.0,307.0,232.6
HIDCL,8/3/2026,271.7,271.7,258.0,259.2,-4.6,37351.0,307.0,232.6
HIDCL,8/4/2026,250.0,259.6,250.0,255.9,2.36,48490.0,307.0,232.6
HIDCL,8/5/2026,255.9,257.7,252.0,255.0,-0.35,52595.0,307.0,232.6
HIDCL,8/6/2026,259.0,259.0,253.5,254.6,-1.7,20967.0,307.0,232.6
HIDCL,8/7/2026,252.1,258.0,252.1,254.0,0.75,20564.0,307.0,232.6
HIDCL,8/10/2026,252.6,254.0,251.0,253.0,0.16,45099.0,307.0,232.6
HIDCL,8/11/2026,265.5,265.5,252.0,252.5,-4.9,24870.0,307.0,232.6
HIDCL,8/12/2026,251.8,265.0,250.0,265.0,5.24,163995.0,307.0,232.6
HIDCL,8/13/2026,267.0,267.0,255.0,258.8,-3.07,50911.0,307.0,232.6
HIDCL,8/14/2026,245.9,265.0,245.9,256.0,4.11,66258.0,307.0,232.6
HIDCL,8/17/2026,256.0,258.0,251.1,253.9,-0.82,33360.0,307.0,232.6
HIDCL,8/18/2026,254.0,254.5,249.5,251.0,-1.18,60397.0,307.0,232.6
HIDCL,8/19/2026,263.1,263.1,248.2,251.0,-4.6,27953.0,307.0,232.6
HIDCL,8/20/2026,252.9,253.8,249.0,253.8,0.36,17179.0,307.0,232.6
HIDCL,8/21/2026,250.0,254.8,248.2,249.0,-0.4,50980.0,307.0,232.6
HIDCL,8/24/2026,249.0,249.5,246.1,248.0,-0.4,76586.0,307.0,232.6
HIDCL,8/25/2026,248.0,249.0,244.6,247.0,-0.4,65423.0,307.0,232.6
HIDCL,8/26/2026,246.0,246.8,240.7,242.0,-1.63,78589.0,307.0,232.6
HIDCL,8/27/2026,238.5,242.0,234.0,242.0,1.47,87588.0,307.0,232.6
HIDCL,8/31/2026,240.0,241.0,236.7,236.8,-1.33,45104.0,307.0,232.6
HIDCL,9/1/2026,235.1,239.9,235.0,236.2,0.47,92472.0,307.0,232.6
HIDCL,9/2/2026,232.6,239.4,232.6,239.4,2.92,49951.0,307.0,232.6
HIDCL,9/3/2026,239.6,241.0,237.4,239.0,-0.25,29189.0,307.0,232.6
HIDCL,9/7/2026,240.5,244.6,239.0,243.0,1.04,72026.0,307.0,232.6
HIDCL,9/9/2026,255.1,255.1,239.2,240.0,-5.92,30539.0,307.0,232.6
HIDCL,9/10/2026,237.5,242.0,237.5,240.0,1.05,23479.0,307.0,232.6
HIDCL,9/11/2026,240.0,246.9,239.1,245.0,2.08,47609.0,307.0,232.6
HIDCL,9/14/2026,245.0,250.0,242.5,246.5,0.61,56429.0,307.0,232.6
HIDCL,9/15/2026,258.8,263.0,248.1,257.6,-0.46,211629.0,307.0,232.6
HIDCL,9/16/2026,260.0,261.0,250.0,255.0,-1.92,106152.0,307.0,232.6
HIDCL,9/17/2026,267.7,267.7,252.3,253.2,-5.42,62869.0,307.0,232.6
HIDCL,9/18/2026,253.2,261.6,251.1,258.9,2.25,128092.0,307.0,232.6
HIDCL,9/22/2026,258.0,264.0,258.0,262.0,1.55,121068.0,307.0,232.6
HIDCL,9/23/2026,265.0,265.0,256.1,256.3,-3.28,121254.0,307.0,232.6
HIDCL,9/24/2026,269.0,269.0,253.7,256.0,-4.83,32118.0,307.0,232.6
HIDCL,9/28/2026,256.0,256.5,252.0,252.5,-1.37,72487.0,307.0,232.6
HIDCL,9/29/2026,250.2,253.0,250.0,0.0,-100.0,38657.0,307.0,232.6
HIDCL,9/30/2026,251.5,254.9,249.2,252.0,0.2,26388.0,307.0,232.6
HIDCL,10/1/2026,254.0,254.0,248.3,250.0,-1.57,39784.0,307.0,232.6
HIDCL,10/2/2026,250.0,252.0,248.6,249.5,-0.2,32068.0,307.0,232.6
HIDCLP,1/26/2026,196.0,203.0,195.2,196.0,,425862.0,230.6,174.4
HIDCLP,1/27/2026,192.1,199.0,188.0,190.8,-2.65,375749.0,230.6,174.4
HIDCLP,1/28/2026,190.7,193.7,187.5,190.5,-0.16,311436.0,230.6,174.4
HIDCLP,1/29/2026,192.5,208.0,192.0,197.0,3.41,880865.0,230.6,174.4
HIDCLP,2/1/2026,200.0,200.9,191.8,193.5,-1.78,377648.0,230.6,174.4
HIDCLP,2/2/2026,195.0,198.8,191.3,192.0,-0.78,175968.0,230.6,174.4
HIDCLP,2/3/2026,191.2,193.8,188.2,189.0,-1.56,189406.0,230.6,174.4
HIDCLP,2/4/2026,191.7,192.0,187.0,188.9,-0.05,162130.0,230.6,174.4
HIDCLP,2/5/2026,191.0,193.6,188.0,193.0,2.17,237703.0,230.6,174.4
HIDCLP,2/8/2026,194.0,196.8,190.1,191.2,-0.93,213211.0,230.6,174.4
HIDCLP,2/9/2026,191.1,200.6,189.1,194.0,1.46,698340.0,230.6,174.4
HIDCLP,2/10/2026,193.0,199.0,192.6,194.8,0.41,175294.0,230.6,174.4
HIDCLP,2/11/2026,198.0,198.0,193.1,195.0,0.1,121724.0,230.6,174.4
HIDCLP,2/12/2026,197.0,198.9,193.0,193.3,-0.87,302919.0,230.6,174.4
HIDCLP,2/16/2026,195.0,195.0,188.0,188.0,-2.74,241562.0,230.6,174.4
HIDCLP,2/17/2026,190.0,192.0,189.0,189.5,0.8,324656.0,230.6,174.4
HIDCLP,2/22/2026,190.0,193.0,186.2,186.2,-1.74,119198.0,230.6,174.4
HIDCLP,2/23/2026,186.0,192.0,185.0,188.1,1.02,328997.0,230.6,174.4
HIDCLP,2/24/2026,189.0,193.5,188.1,191.0,1.54,179876.0,230.6,174.4
HIDCLP,2/25/2026,190.0,193.8,190.0,191.8,0.42,96234.0,230.6,174.4
HIDCLP,2/26/2026,191.2,192.0,190.0,191.5,-0.16,149353.0,230.6,174.4
HIDCLP,2/27/2026,191.2,192.0,190.0,191.5,0.0,149353.0,230.6,174.4
HIDCLP,2/28/2026,191.2,192.0,190.0,191.5,0.0,149353.0,230.6,174.4
HIDCLP,3/2/2026,189.0,191.0,186.1,190.5,-0.52,332947.0,230.6,174.4
HIDCLP,3/3/2026,189.0,195.6,189.0,195.0,2.36,262182.0,230.6,174.4
HIDCLP,3/4/2026,189.0,195.6,189.0,195.0,0.0,262182.0,230.6,174.4
HIDCLP,3/5/2026,189.0,195.6,189.0,195.0,0.0,262182.0,230.6,174.4
HIDCLP,3/6/2026,189.0,195.6,189.0,195.0,0.0,262182.0,230.6,174.4
HIDCLP,3/7/2026,189.0,195.6,189.0,195.0,0.0,262182.0,230.6,174.4
HIDCLP,3/8/2026,189.0,195.6,189.0,195.0,0.0,262182.0,230.6,174.4
HIDCLP,3/9/2026,198.9,214.0,198.9,211.0,8.21,25520.0,230.6,174.4
HIDCLP,3/10/2026,215.0,215.0,200.0,205.7,-2.51,1257263.0,230.6,174.4
HIDCLP,3/11/2026,207.6,210.2,203.5,205.5,-0.1,897744.0,230.6,174.4
HIDCLP,3/12/2026,205.5,221.0,205.0,220.0,7.06,2625732.0,230.6,174.4
HIDCLP,3/13/2026,205.5,221.0,205.0,220.0,0.0,2625732.0,230.6,174.4
HIDCLP,3/14/2026,205.5,221.0,205.0,220.0,0.0,2625732.0,230.6,174.4
HIDCLP,3/15/2026,224.4,224.4,218.5,222.5,1.14,1806786.0,230.6,174.4
HIDCLP,3/16/2026,226.0,226.0,214.0,216.0,-2.92,1458987.0,230.6,174.4
HIDCLP,3/17/2026,216.0,222.0,215.0,221.7,2.64,1779427.0,230.6,174.4
HIDCLP,3/18/2026,216.0,222.0,215.0,221.7,0.0,1779427.0,230.6,174.4
HIDCLP,3/19/2026,221.7,227.9,220.0,225.0,1.49,1707601.0,230.6,174.4
HIDCLP,3/20/2026,221.7,227.9,220.0,225.0,0.0,1707601.0,230.6,174.4
HIDCLP,3/21/2026,221.7,227.9,220.0,225.0,0.0,1707601.0,230.6,174.4
HIDCLP,3/22/2026,229.0,229.0,219.0,224.0,-0.44,1290560.0,230.6,174.4
HIDCLP,3/23/2026,225.0,225.0,218.7,221.0,-1.34,854117.0,230.6,174.4
HIDCLP,3/24/2026,222.0,229.5,219.3,229.0,3.62,2027992.0,230.6,174.4
HIDCLP,3/25/2026,229.0,230.6,225.0,226.0,-1.31,1035673.0,230.6,174.4
HIDCLP,3/26/2026,227.0,228.6,222.7,225.0,-0.88,913073.0,230.6,174.4
HIDCLP,3/29/2026,225.0,227.0,217.0,217.7,-3.24,1041542.0,230.6,174.4
HIDCLP,3/30/2026,213.4,220.9,212.3,212.6,-0.37,1235691.0,230.6,174.4
HIDCLP,3/31/2026,208.4,216.0,208.4,214.8,3.07,571702.0,230.6,174.4
HIDCLP,4/1/2026,219.0,219.0,200.0,204.0,-6.85,974896.0,230.6,174.4
HIDCLP,4/2/2026,203.0,210.5,200.5,208.0,2.46,525487.0,230.6,174.4
HIDCLP,4/5/2026,204.3,208.0,196.0,199.9,-2.15,809460.0,230.6,174.4
HIDCLP,4/6/2026,199.0,209.1,198.1,209.1,5.08,717692.0,230.6,174.4
HIDCLP,4/7/2026,212.0,212.0,204.1,208.9,-1.46,432882.0,230.6,174.4
HIDCLP,4/8/2026,211.0,212.0,205.0,212.0,0.47,627092.0,230.6,174.4
HIDCLP,4/9/2026,216.2,216.2,209.2,213.9,-1.06,365794.0,230.6,174.4
HIDCLP,4/10/2026,218.1,218.1,210.0,212.0,-2.8,236620.0,230.6,174.4
HIDCLP,4/13/2026,216.2,216.2,210.0,211.0,-2.41,213039.0,230.6,174.4
HIDCLP,4/15/2026,206.8,218.3,206.8,216.6,4.74,1008444.0,230.6,174.4
HIDCLP,4/16/2026,217.0,219.0,210.8,211.6,-2.49,343025.0,230.6,174.4
HIDCLP,4/17/2026,213.9,215.0,209.1,211.4,-1.17,257751.0,230.6,174.4
HIDCLP,4/20/2026,211.0,211.4,206.6,207.7,-1.56,194373.0,230.6,174.4
HIDCLP,4/21/2026,198.0,210.0,198.0,205.5,3.79,249661.0,230.6,174.4
HIDCLP,4/22/2026,203.0,209.0,202.0,206.0,1.48,420969.0,230.6,174.4
HIDCLP,4/23/2026,207.9,208.0,201.6,203.0,-2.36,279495.0,230.6,174.4
HIDCLP,4/24/2026,205.0,205.8,200.1,204.9,-0.05,297322.0,230.6,174.4
HIDCLP,4/27/2026,204.9,206.5,203.6,204.3,-0.29,217093.0,230.6,174.4
HIDCLP,4/28/2026,204.3,207.0,202.0,203.0,-0.64,177620.0,230.6,174.4
HIDCLP,4/29/2026,203.0,205.0,200.0,201.0,-0.99,201683.0,230.6,174.4
HIDCLP,4/30/2026,199.0,205.0,193.2,205.0,3.02,329808.0,230.6,174.4
HIDCLP,5/4/2026,204.0,204.0,200.0,200.0,-1.96,182133.0,230.6,174.4
HIDCLP,5/5/2026,200.0,203.0,198.0,200.0,0.0,207086.0,230.6,174.4
HIDCLP,5/6/2026,200.0,202.6,199.2,199.7,-0.15,166632.0,230.6,174.4
HIDCLP,5/7/2026,201.7,202.0,199.1,200.7,-0.5,130437.0,230.6,174.4
HIDCLP,5/8/2026,200.7,205.3,200.7,204.7,1.99,164691.0,230.6,174.4
HIDCLP,5/11/2026,200.0,207.8,200.0,207.4,3.7,270354.0,230.6,174.4
HIDCLP,5/12/2026,209.4,209.7,204.0,204.5,-2.34,164636.0,230.6,174.4
HIDCLP,5/13/2026,204.5,205.5,201.7,204.0,-0.24,67595.0,230.6,174.4
HIDCLP,5/14/2026,203.2,204.0,202.3,202.3,-0.44,99590.0,230.6,174.4
HIDCLP,5/15/2026,202.0,206.6,201.8,206.6,2.28,153984.0,230.6,174.4
HIDCLP,5/18/2026,206.5,206.5,204.1,205.0,-0.73,47857.0,230.6,174.4
HIDCLP,5/19/2026,205.5,205.5,203.0,203.6,-0.92,54280.0,230.6,174.4
HIDCLP,5/20/2026,213.0,213.0,203.5,207.0,-2.82,69140.0,230.6,174.4
HIDCLP,5/21/2026,205.0,209.0,205.0,206.0,0.49,62866.0,230.6,174.4
HIDCLP,5/22/2026,205.0,207.5,204.6,207.3,1.12,71261.0,230.6,174.4
HIDCLP,5/25/2026,209.2,210.7,207.4,209.0,-0.1,196436.0,230.6,174.4
HIDCLP,5/26/2026,209.0,210.8,206.8,207.0,-0.96,240707.0,230.6,174.4
HIDCLP,5/27/2026,207.0,209.8,206.0,208.8,0.87,135621.0,230.6,174.4
HIDCLP,6/1/2026,210.0,210.0,202.0,205.0,-2.38,243393.0,230.6,174.4
HIDCLP,6/2/2026,205.8,205.8,203.0,204.1,-0.83,166497.0,230.6,174.4
HIDCLP,6/3/2026,205.0,205.6,202.5,205.0,0.0,103824.0,230.6,174.4
HIDCLP,6/4/2026,204.4,204.4,201.2,202.6,-0.88,112345.0,230.6,174.4
HIDCLP,6/5/2026,202.0,202.7,200.0,201.4,-0.3,114201.0,230.6,174.4
HIDCLP,6/8/2026,201.0,201.9,199.0,200.0,-0.5,106336.0,230.6,174.4
HIDCLP,6/9/2026,210.0,210.0,198.5,200.0,-4.76,314193.0,230.6,174.4
HIDCLP,6/10/2026,201.0,202.0,199.0,200.2,-0.4,119049.0,230.6,174.4
HIDCLP,6/11/2026,199.6,201.0,199.1,199.7,0.05,47436.0,230.6,174.4
HIDCLP,6/12/2026,200.0,201.0,198.3,200.6,0.3,76267.0,230.6,174.4
HIDCLP,6/15/2026,200.6,200.8,198.3,198.3,-1.15,111450.0,230.6,174.4
HIDCLP,6/16/2026,198.5,199.7,197.3,197.3,-0.6,96630.0,230.6,174.4
HIDCLP,6/17/2026,207.1,207.1,197.7,197.8,-4.49,72200.0,230.6,174.4
HIDCLP,6/18/2026,192.0,199.0,192.0,196.0,2.08,109542.0,230.6,174.4
HIDCLP,6/19/2026,197.0,197.9,194.7,195.5,-0.76,80162.0,230.6,174.4
HIDCLP,6/22/2026,196.1,197.0,194.5,195.0,-0.56,58645.0,230.6,174.4
HIDCLP,6/23/2026,194.5,194.6,190.1,190.8,-1.9,193563.0,230.6,174.4
HIDCLP,6/24/2026,190.0,193.7,188.1,189.2,-0.42,159694.0,230.6,174.4
HIDCLP,6/26/2026,191.8,192.9,188.0,189.0,-1.46,82361.0,230.6,174.4
HIDCLP,6/29/2026,187.6,190.0,186.5,186.9,-0.37,66313.0,230.6,174.4
HIDCLP,6/30/2026,186.0,188.0,185.1,185.1,-0.48,122586.0,230.6,174.4
HIDCLP,7/1/2026,186.0,191.9,186.0,189.0,1.61,138036.0,230.6,174.4
HIDCLP,7/2/2026,190.0,190.5,187.7,189.9,-0.05,118833.0,230.6,174.4
HIDCLP,7/3/2026,191.7,191.8,189.0,189.3,-1.25,69977.0,230.6,174.4
HIDCLP,7/6/2026,189.6,190.0,184.1,185.7,-2.06,92367.0,230.6,174.4
HIDCLP,7/7/2026,188.0,190.0,185.0,188.9,0.48,117104.0,230.6,174.4
HIDCLP,7/8/2026,188.0,188.0,185.0,185.9,-1.12,87706.0,230.6,174.4
HIDCLP,7/9/2026,185.9,186.9,183.2,184.4,-0.81,107229.0,230.6,174.4
HIDCLP,7/10/2026,186.6,187.5,184.4,184.5,-1.13,103028.0,230.6,174.4
HIDCLP,7/13/2026,186.0,187.0,182.5,183.0,-1.61,137569.0,230.6,174.4
HIDCLP,7/14/2026,182.8,186.4,182.0,185.4,1.42,109196.0,230.6,174.4
HIDCLP,7/15/2026,186.0,190.0,186.0,188.0,1.08,135821.0,230.6,174.4
HIDCLP,7/16/2026,197.4,197.4,187.0,188.0,-4.76,133299.0,230.6,174.4
HIDCLP,7/17/2026,190.9,196.5,190.1,195.3,2.3,105167.0,230.6,174.4
HIDCLP,7/20/2026,198.0,200.0,193.0,199.5,0.76,212296.0,230.6,174.4
HIDCLP,7/21/2026,209.4,209.4,195.2,198.0,-5.44,126820.0,230.6,174.4
HIDCLP,7/22/2026,198.0,198.7,194.8,195.0,-1.52,89847.0,230.6,174.4
HIDCLP,7/23/2026,193.5,198.0,193.0,197.5,2.07,63494.0,230.6,174.4
HIDCLP,7/24/2026,197.9,199.7,195.9,195.9,-1.01,85315.0,230.6,174.4
HIDCLP,7/27/2026,195.0,199.0,191.0,194.0,-0.51,133068.0,230.6,174.4
HIDCLP,7/28/2026,192.9,195.0,191.6,194.0,0.57,43675.0,230.6,174.4
HIDCLP,7/29/2026,203.7,203.7,190.7,190.8,-6.33,56625.0,230.6,174.4
HIDCLP,7/30/2026,193.9,193.9,189.0,189.5,-2.27,51694.0,230.6,174.4
HIDCLP,7/31/2026,189.0,192.8,188.9,192.8,2.01,70013.0,230.6,174.4
HIDCLP,8/3/2026,193.9,195.0,190.1,191.9,-1.03,63867.0,230.6,174.4
HIDCLP,8/4/2026,191.0,191.0,188.5,189.0,-1.05,62315.0,230.6,174.4
HIDCLP,8/5/2026,188.5,190.9,187.2,189.0,0.27,41447.0,230.6,174.4
HIDCLP,8/6/2026,191.4,191.4,188.3,189.9,-0.78,33728.0,230.6,174.4
HIDCLP,8/7/2026,189.9,189.9,187.0,187.5,-1.26,54196.0,230.6,174.4
HIDCLP,8/10/2026,186.3,189.8,186.0,187.0,0.38,51015.0,230.6,174.4
HIDCLP,8/11/2026,189.5,189.5,186.6,187.9,-0.84,68190.0,230.6,174.4
HIDCLP,8/12/2026,188.1,188.9,186.1,187.5,-0.32,26415.0,230.6,174.4
HIDCLP,8/13/2026,182.0,191.8,182.0,189.4,4.07,56677.0,230.6,174.4
HIDCLP,8/14/2026,192.8,192.8,189.1,189.2,-1.87,23278.0,230.6,174.4
HIDCLP,8/17/2026,188.1,188.9,187.1,188.0,-0.05,26089.0,230.6,174.4
HIDCLP,8/18/2026,188.0,188.0,184.3,185.0,-1.6,130806.0,230.6,174.4
HIDCLP,8/19/2026,185.0,186.5,184.7,185.9,0.49,50184.0,230.6,174.4
HIDCLP,8/20/2026,188.0,188.0,184.0,184.2,-2.02,93293.0,230.6,174.4
HIDCLP,8/21/2026,187.0,187.0,184.0,184.5,-1.34,47435.0,230.6,174.4
HIDCLP,8/24/2026,183.5,185.1,182.7,183.9,0.22,54602.0,230.6,174.4
HIDCLP,8/25/2026,183.7,184.8,182.0,182.2,-0.82,37296.0,230.6,174.4
HIDCLP,8/26/2026,182.1,183.0,180.2,180.2,-1.04,51643.0,230.6,174.4
HIDCLP,8/27/2026,180.1,181.9,179.0,181.4,0.72,48874.0,230.6,174.4
HIDCLP,8/31/2026,181.4,181.4,177.5,179.0,-1.32,48073.0,230.6,174.4
HIDCLP,9/1/2026,181.0,181.2,178.3,179.0,-1.1,60184.0,230.6,174.4
HIDCLP,9/2/2026,182.4,183.9,178.5,180.7,-0.93,43912.0,230.6,174.4
HIDCLP,9/3/2026,180.0,181.0,179.0,179.5,-0.28,30426.0,230.6,174.4
HIDCLP,9/7/2026,179.5,182.9,179.5,181.9,1.34,30638.0,230.6,174.4
HIDCLP,9/9/2026,181.0,183.6,179.7,180.0,-0.55,51586.0,230.6,174.4
HIDCLP,9/10/2026,180.0,181.3,178.1,178.5,-0.83,42303.0,230.6,174.4
HIDCLP,9/11/2026,180.0,186.7,178.5,186.5,3.61,181912.0,230.6,174.4
HIDCLP,9/14/2026,189.1,189.1,186.8,188.3,-0.42,112984.0,230.6,174.4
HIDCLP,9/15/2026,195.0,197.0,190.2,193.9,-0.56,308640.0,230.6,174.4
HIDCLP,9/16/2026,203.3,203.3,189.2,190.0,-6.54,147130.0,230.6,174.4
HIDCLP,9/17/2026,193.9,194.5,190.5,192.0,-0.98,56183.0,230.6,174.4
HIDCLP,9/18/2026,194.0,194.3,190.1,192.6,-0.72,128125.0,230.6,174.4
HIDCLP,9/22/2026,192.0,196.2,192.0,194.2,1.15,99369.0,230.6,174.4
HIDCLP,9/23/2026,194.0,194.1,191.2,191.9,-1.08,90304.0,230.6,174.4
HIDCLP,9/24/2026,193.5,193.5,190.0,190.6,-1.5,75425.0,230.6,174.4
HIDCLP,9/28/2026,193.0,194.0,188.0,190.0,-1.55,134502.0,230.6,174.4
HIDCLP,9/29/2026,191.0,191.8,189.1,0.0,-100.0,28038.0,230.6,174.4
HIDCLP,9/30/2026,190.9,190.9,187.0,187.3,-1.89,98109.0,230.6,174.4
HIDCLP,10/1/2026,187.0,191.0,187.0,188.3,0.7,42924.0,230.6,174.4
HIDCLP,10/2/2026,190.5,190.5,186.9,186.9,-1.89,45078.0,230.6,174.4
HIMSTAR,12/21/2025,831.1,873.0,831.1,840.0,,14274.0,1264.0,585.0
HIMSTAR,12/22/2025,825.4,840.0,803.1,803.1,-4.39,22903.0,1264.0,585.0
HIMSTAR,12/23/2025,787.1,826.0,787.1,825.4,2.78,19025.0,1264.0,585.0
HIMSTAR,12/24/2025,808.9,881.2,808.9,860.0,4.19,50360.0,1264.0,585.0
HIMSTAR,12/28/2025,860.0,895.0,830.0,885.0,2.91,34201.0,1264.0,585.0
HIMSTAR,12/29/2025,885.0,900.0,846.0,863.0,-2.49,33092.0,1264.0,585.0
HIMSTAR,12/31/2025,850.0,878.0,841.0,841.0,-2.55,27418.0,1264.0,585.0
HIMSTAR,1/1/2026,824.2,924.0,824.2,909.0,8.09,61540.0,1264.0,585.0
HIMSTAR,1/4/2026,909.0,909.0,878.0,902.0,-0.77,32730.0,1264.0,585.0
HIMSTAR,1/5/2026,884.0,992.0,884.0,979.0,8.54,81879.0,1264.0,585.0
HIMSTAR,1/6/2026,985.0,1005.0,924.0,935.3,-4.46,41564.0,1264.0,585.0
HIMSTAR,1/7/2026,916.6,949.0,899.0,944.0,0.93,24634.0,1264.0,585.0
HIMSTAR,1/8/2026,925.2,1000.0,913.0,947.0,0.32,37445.0,1264.0,585.0
HIMSTAR,1/12/2026,928.1,972.0,910.0,935.0,-1.27,46198.0,1264.0,585.0
HIMSTAR,1/13/2026,922.0,957.0,905.0,913.0,-2.35,42562.0,1264.0,585.0
HIMSTAR,1/14/2026,913.0,919.0,891.0,899.0,-1.53,21208.0,1264.0,585.0
HIMSTAR,1/18/2026,882.0,930.0,882.0,919.0,2.22,26544.0,1264.0,585.0
HIMSTAR,1/20/2026,934.9,936.0,902.0,919.0,0.0,32744.0,1264.0,585.0
HIMSTAR,1/21/2026,920.0,925.0,895.0,900.0,-2.07,23726.0,1264.0,585.0
HIMSTAR,1/22/2026,900.0,955.0,891.0,950.0,5.56,63128.0,1264.0,585.0
HIMSTAR,1/25/2026,931.0,1045.0,931.0,1045.0,10.0,96219.0,1264.0,585.0
HIMSTAR,1/26/2026,1065.9,1149.5,1045.0,1149.5,10.0,82463.0,1264.0,585.0
HIMSTAR,1/27/2026,1170.0,1264.0,1158.0,1171.0,1.87,63815.0,1264.0,585.0
HIMSTAR,1/28/2026,1147.6,1213.0,1061.8,1150.0,-1.79,63226.0,1264.0,585.0
HIMSTAR,1/29/2026,1150.0,1174.0,1035.0,1050.0,-8.7,67887.0,1264.0,585.0
HIMSTAR,2/1/2026,1029.0,1050.0,980.0,980.2,-6.65,34438.0,1264.0,585.0
HIMSTAR,2/2/2026,960.6,1078.2,960.6,1078.2,10.0,47789.0,1264.0,585.0
HIMSTAR,2/3/2026,1056.7,1143.0,1041.0,1068.0,-0.95,32280.0,1264.0,585.0
HIMSTAR,2/4/2026,1046.7,1100.0,990.1,1037.5,-2.86,22088.0,1264.0,585.0
HIMSTAR,2/5/2026,1050.0,1050.0,989.8,1009.0,-2.75,28766.0,1264.0,585.0
HIMSTAR,2/8/2026,1010.0,1034.0,990.0,1000.0,-0.89,22446.0,1264.0,585.0
HIMSTAR,2/9/2026,1000.0,1015.0,936.0,958.0,-4.2,30313.0,1264.0,585.0
HIMSTAR,2/10/2026,938.9,1024.9,938.9,985.0,2.82,29986.0,1264.0,585.0
HIMSTAR,2/11/2026,1000.0,1004.7,940.0,958.0,-2.74,17687.0,1264.0,585.0
HIMSTAR,2/12/2026,950.0,978.0,935.2,956.0,-0.21,14019.0,1264.0,585.0
HIMSTAR,2/16/2026,941.0,978.0,937.0,957.0,0.1,17505.0,1264.0,585.0
HIMSTAR,2/17/2026,950.0,975.0,930.0,937.9,-2.0,17947.0,1264.0,585.0
HIMSTAR,2/22/2026,919.2,940.0,903.6,905.0,-3.51,12777.0,1264.0,585.0
HIMSTAR,2/23/2026,886.9,969.0,886.9,958.9,5.96,27929.0,1264.0,585.0
HIMSTAR,2/24/2026,939.8,979.2,939.8,970.2,1.18,21992.0,1264.0,585.0
HIMSTAR,2/25/2026,970.2,1005.0,951.0,1000.0,3.07,22686.0,1264.0,585.0
HIMSTAR,2/26/2026,980.0,1060.0,965.0,1060.0,6.0,24397.0,1264.0,585.0
HIMSTAR,2/27/2026,980.0,1060.0,965.0,1060.0,0.0,24397.0,1264.0,585.0
HIMSTAR,2/28/2026,980.0,1060.0,965.0,1060.0,0.0,24397.0,1264.0,585.0
HIMSTAR,3/2/2026,1038.8,1038.8,960.4,1015.9,-4.16,25784.0,1264.0,585.0
HIMSTAR,3/3/2026,995.6,1044.0,976.1,1016.0,0.01,32609.0,1264.0,585.0
HIMSTAR,3/4/2026,995.6,1044.0,976.1,1016.0,0.0,32609.0,1264.0,585.0
HIMSTAR,3/5/2026,995.6,1044.0,976.1,1016.0,0.0,32609.0,1264.0,585.0
HIMSTAR,3/6/2026,995.6,1044.0,976.1,1016.0,0.0,32609.0,1264.0,585.0
HIMSTAR,3/7/2026,995.6,1044.0,976.1,1016.0,0.0,32609.0,1264.0,585.0
HIMSTAR,3/8/2026,995.6,1044.0,976.1,1016.0,0.0,32609.0,1264.0,585.0
HIMSTAR,3/9/2026,1036.3,1117.0,1036.3,1117.0,9.94,1605.0,1264.0,585.0
HIMSTAR,3/10/2026,1117.0,1117.0,1029.0,1046.0,-6.36,39493.0,1264.0,585.0
HIMSTAR,3/11/2026,1050.0,1050.0,990.0,1014.0,-3.06,36524.0,1264.0,585.0
HIMSTAR,3/12/2026,995.0,1028.0,977.0,999.0,-1.48,25383.0,1264.0,585.0
HIMSTAR,3/13/2026,995.0,1028.0,977.0,999.0,0.0,25383.0,1264.0,585.0
HIMSTAR,3/14/2026,995.0,1028.0,977.0,999.0,0.0,25383.0,1264.0,585.0
HIMSTAR,3/15/2026,1014.9,1018.0,963.0,966.0,-3.3,21244.0,1264.0,585.0
HIMSTAR,3/16/2026,966.0,971.0,941.0,941.0,-2.59,14001.0,1264.0,585.0
HIMSTAR,3/17/2026,946.0,995.0,943.0,967.9,2.86,9350.0,1264.0,585.0
HIMSTAR,3/18/2026,946.0,995.0,943.0,967.9,0.0,9350.0,1264.0,585.0
HIMSTAR,3/19/2026,979.0,985.0,956.0,970.0,0.22,11510.0,1264.0,585.0
HIMSTAR,3/20/2026,979.0,985.0,956.0,970.0,0.0,11510.0,1264.0,585.0
HIMSTAR,3/21/2026,979.0,985.0,956.0,970.0,0.0,11510.0,1264.0,585.0
HIMSTAR,3/22/2026,970.0,985.0,950.7,962.0,-0.82,15667.0,1264.0,585.0
HIMSTAR,3/23/2026,950.0,969.0,940.1,958.0,-0.42,15172.0,1264.0,585.0
HIMSTAR,3/24/2026,958.0,976.0,940.0,945.0,-1.36,8388.0,1264.0,585.0
HIMSTAR,3/25/2026,935.1,985.0,935.1,980.0,3.7,19591.0,1264.0,585.0
HIMSTAR,3/26/2026,980.0,1032.0,975.0,1025.0,4.59,39897.0,1264.0,585.0
HIMSTAR,3/29/2026,1005.0,1009.0,975.0,975.0,-2.99,26565.0,1264.0,585.0
HIMSTAR,3/30/2026,972.0,990.0,937.0,961.0,-1.13,14315.0,1264.0,585.0
HIMSTAR,3/31/2026,960.0,965.0,928.0,959.0,-0.1,10433.0,1264.0,585.0
HIMSTAR,4/1/2026,942.0,944.0,910.0,931.0,-1.17,11755.0,1264.0,585.0
HIMSTAR,4/2/2026,914.0,928.0,880.2,910.0,-0.44,8341.0,1264.0,585.0
HIMSTAR,4/5/2026,892.0,892.0,819.0,827.0,-7.29,15686.0,1264.0,585.0
HIMSTAR,4/6/2026,810.5,894.8,805.0,873.0,7.71,9777.0,1264.0,585.0
HIMSTAR,4/7/2026,890.0,904.9,848.0,849.0,-4.61,7834.0,1264.0,585.0
HIMSTAR,4/8/2026,865.0,918.0,850.0,906.6,4.81,12632.0,1264.0,585.0
HIMSTAR,4/9/2026,888.5,994.0,888.5,994.0,11.87,32701.0,1264.0,585.0
HIMSTAR,4/10/2026,974.2,1057.0,955.0,995.0,2.14,24426.0,1264.0,585.0
HIMSTAR,4/13/2026,990.0,990.0,951.7,975.0,-1.52,10445.0,1264.0,585.0
HIMSTAR,4/15/2026,955.5,1013.0,950.0,979.0,2.46,25974.0,1264.0,585.0
HIMSTAR,4/16/2026,959.5,972.5,925.0,948.0,-1.2,13924.0,1264.0,585.0
HIMSTAR,4/17/2026,929.1,953.0,918.0,938.9,1.05,6846.0,1264.0,585.0
HIMSTAR,4/20/2026,935.0,964.0,911.1,947.0,1.28,15455.0,1264.0,585.0
HIMSTAR,4/21/2026,940.0,960.0,920.0,944.0,0.43,11239.0,1264.0,585.0
HIMSTAR,4/22/2026,941.0,941.0,910.1,928.0,-1.38,10904.0,1264.0,585.0
HIMSTAR,4/23/2026,920.0,937.0,905.0,905.0,-1.63,8868.0,1264.0,585.0
HIMSTAR,4/24/2026,881.0,905.5,881.0,892.9,1.35,6686.0,1264.0,585.0
HIMSTAR,4/27/2026,892.9,916.0,881.0,898.0,0.57,3683.0,1264.0,585.0
HIMSTAR,4/28/2026,898.0,898.0,870.5,872.0,-2.9,6367.0,1264.0,585.0
HIMSTAR,4/29/2026,872.0,874.9,828.0,829.0,-4.93,17202.0,1264.0,585.0
HIMSTAR,4/30/2026,805.0,865.0,805.0,840.0,4.35,14834.0,1264.0,585.0
HIMSTAR,5/4/2026,846.0,850.0,825.0,827.1,-2.23,4461.0,1264.0,585.0
HIMSTAR,5/5/2026,830.0,850.0,820.0,850.0,2.41,4523.0,1264.0,585.0
HIMSTAR,5/6/2026,832.0,863.0,832.0,840.0,0.96,4389.0,1264.0,585.0
HIMSTAR,5/7/2026,836.1,875.0,836.1,867.0,3.7,4595.0,1264.0,585.0
HIMSTAR,5/8/2026,865.0,910.0,855.1,909.9,5.19,10188.0,1264.0,585.0
HIMSTAR,5/11/2026,924.0,940.0,910.0,920.0,-0.43,9674.0,1264.0,585.0
HIMSTAR,5/12/2026,925.0,925.0,870.0,871.0,-5.84,12133.0,1264.0,585.0
HIMSTAR,5/13/2026,845.0,887.0,845.0,887.0,4.97,5322.0,1264.0,585.0
HIMSTAR,5/14/2026,866.7,885.0,866.7,870.0,0.38,2852.0,1264.0,585.0
HIMSTAR,5/15/2026,870.0,880.0,860.0,878.0,0.92,3280.0,1264.0,585.0
HIMSTAR,5/18/2026,856.0,884.0,856.0,880.0,2.8,3151.0,1264.0,585.0
HIMSTAR,5/19/2026,860.0,895.0,858.0,873.5,1.57,5369.0,1264.0,585.0
HIMSTAR,5/20/2026,870.0,902.0,862.3,898.0,3.22,9456.0,1264.0,585.0
HIMSTAR,5/21/2026,898.0,900.0,873.0,880.0,-2.0,3076.0,1264.0,585.0
HIMSTAR,5/22/2026,875.0,924.0,875.0,918.0,4.91,17233.0,1264.0,585.0
HIMSTAR,5/25/2026,900.0,929.5,894.0,910.0,1.11,10076.0,1264.0,585.0
HIMSTAR,5/26/2026,900.0,918.0,880.0,894.0,-0.67,7204.0,1264.0,585.0
HIMSTAR,5/27/2026,894.0,898.9,870.1,884.9,-1.02,7842.0,1264.0,585.0
HIMSTAR,6/1/2026,858.4,911.0,852.1,860.0,0.19,5836.0,1264.0,585.0
HIMSTAR,6/2/2026,855.0,870.0,855.0,863.2,0.96,2551.0,1264.0,585.0
HIMSTAR,6/3/2026,856.0,883.0,855.0,865.0,1.05,5234.0,1264.0,585.0
HIMSTAR,6/4/2026,865.0,880.0,851.0,860.0,-0.58,5220.0,1264.0,585.0
HIMSTAR,6/5/2026,860.0,860.0,837.0,846.0,-1.63,6098.0,1264.0,585.0
HIMSTAR,6/8/2026,835.1,848.0,835.1,847.9,1.53,3244.0,1264.0,585.0
HIMSTAR,6/9/2026,840.4,859.0,830.0,849.0,1.02,4585.0,1264.0,585.0
HIMSTAR,6/10/2026,835.0,875.0,835.0,860.0,2.99,5020.0,1264.0,585.0
HIMSTAR,6/11/2026,852.0,865.0,850.0,861.0,1.06,2716.0,1264.0,585.0
HIMSTAR,6/12/2026,850.0,860.0,837.3,847.9,-0.25,2649.0,1264.0,585.0
HIMSTAR,6/15/2026,837.0,845.0,824.0,834.0,-0.36,4786.0,1264.0,585.0
HIMSTAR,6/16/2026,834.0,845.0,820.0,845.0,1.32,6313.0,1264.0,585.0
HIMSTAR,6/17/2026,830.0,847.0,830.0,840.0,1.2,3023.0,1264.0,585.0
HIMSTAR,6/18/2026,830.0,843.9,827.0,837.9,0.95,1649.0,1264.0,585.0
HIMSTAR,6/19/2026,823.2,839.0,822.1,833.8,1.29,1771.0,1264.0,585.0
HIMSTAR,6/22/2026,840.0,840.0,818.0,818.3,-2.58,2189.0,1264.0,585.0
HIMSTAR,6/23/2026,805.2,827.0,800.0,807.0,0.22,8001.0,1264.0,585.0
HIMSTAR,6/24/2026,810.0,810.0,770.0,793.0,-2.1,8482.0,1264.0,585.0
HIMSTAR,6/26/2026,753.1,785.0,750.0,750.0,-0.41,3483.0,1264.0,585.0
HIMSTAR,6/29/2026,712.5,755.8,712.5,745.0,4.56,5977.0,1264.0,585.0
HIMSTAR,6/30/2026,740.0,795.0,739.2,751.0,1.49,6351.0,1264.0,585.0
HIMSTAR,7/1/2026,741.0,818.0,741.0,794.0,7.15,6088.0,1264.0,585.0
HIMSTAR,7/2/2026,816.0,816.0,761.2,780.0,-4.41,5357.0,1264.0,585.0
HIMSTAR,7/3/2026,761.0,798.0,758.0,773.0,1.58,3050.0,1264.0,585.0
HIMSTAR,7/6/2026,761.0,761.0,722.0,743.0,-2.37,7139.0,1264.0,585.0
HIMSTAR,7/7/2026,721.1,742.0,721.1,740.0,2.62,3798.0,1264.0,585.0
HIMSTAR,7/8/2026,724.0,737.9,713.1,713.1,-1.51,3085.0,1264.0,585.0
HIMSTAR,7/9/2026,712.0,713.0,659.6,678.0,-4.78,9538.0,1264.0,585.0
HIMSTAR,7/10/2026,677.9,696.9,660.1,670.0,-1.17,2758.0,1264.0,585.0
HIMSTAR,7/13/2026,680.0,680.0,610.2,627.0,-7.79,8541.0,1264.0,585.0
HIMSTAR,7/14/2026,625.0,655.0,596.1,644.0,3.04,8078.0,1264.0,585.0
HIMSTAR,7/15/2026,650.0,655.0,627.0,649.9,-0.02,3845.0,1264.0,585.0
HIMSTAR,7/16/2026,634.0,650.0,633.5,648.5,2.29,3549.0,1264.0,585.0
HIMSTAR,7/17/2026,653.0,719.0,653.0,714.0,9.34,8444.0,1264.0,585.0
HIMSTAR,7/20/2026,714.0,770.0,693.0,762.0,6.72,10958.0,1264.0,585.0
HIMSTAR,7/21/2026,770.0,784.0,745.0,774.9,0.64,15018.0,1264.0,585.0
HIMSTAR,7/22/2026,755.0,760.0,730.1,751.0,-0.53,8786.0,1264.0,585.0
HIMSTAR,7/23/2026,731.0,760.0,717.0,759.0,3.83,10128.0,1264.0,585.0
HIMSTAR,7/24/2026,775.0,794.9,753.0,770.0,-0.65,11420.0,1264.0,585.0
HIMSTAR,7/27/2026,748.0,780.0,721.1,728.0,-2.67,7989.0,1264.0,585.0
HIMSTAR,7/28/2026,749.7,749.8,727.4,739.0,-1.43,6080.0,1264.0,585.0
HIMSTAR,7/29/2026,722.7,745.1,722.7,742.9,2.8,4500.0,1264.0,585.0
HIMSTAR,7/30/2026,728.1,732.0,715.0,725.0,-0.43,3315.0,1264.0,585.0
HIMSTAR,7/31/2026,710.0,740.0,710.0,740.0,4.23,1586.0,1264.0,585.0
HIMSTAR,8/3/2026,760.5,760.5,726.2,738.7,-2.87,2599.0,1264.0,585.0
HIMSTAR,8/4/2026,737.0,737.0,721.0,730.0,-0.95,3316.0,1264.0,585.0
HIMSTAR,8/5/2026,721.0,730.0,706.1,727.0,0.83,2432.0,1264.0,585.0
HIMSTAR,8/6/2026,709.0,720.0,706.0,708.0,-0.14,2781.0,1264.0,585.0
HIMSTAR,8/7/2026,696.0,707.8,690.0,696.0,0.0,4565.0,1264.0,585.0
HIMSTAR,8/10/2026,690.0,694.0,685.0,693.0,0.43,2624.0,1264.0,585.0
HIMSTAR,8/11/2026,682.1,719.5,682.0,718.9,5.4,5620.0,1264.0,585.0
HIMSTAR,8/12/2026,724.9,734.7,707.1,715.0,-1.37,3402.0,1264.0,585.0
HIMSTAR,8/13/2026,702.3,714.9,697.1,701.3,-0.14,2030.0,1264.0,585.0
HIMSTAR,8/14/2026,691.1,728.9,680.1,690.0,-0.16,7840.0,1264.0,585.0
HIMSTAR,8/17/2026,690.0,701.5,683.3,692.0,0.29,2615.0,1264.0,585.0
HIMSTAR,8/18/2026,692.0,700.0,682.2,698.0,0.87,1146.0,1264.0,585.0
HIMSTAR,8/19/2026,680.1,698.9,680.1,686.4,0.93,2640.0,1264.0,585.0
HIMSTAR,8/20/2026,671.0,690.0,671.0,688.7,2.64,1570.0,1264.0,585.0
HIMSTAR,8/21/2026,685.0,699.9,670.0,670.0,-2.19,3560.0,1264.0,585.0
HIMSTAR,8/24/2026,670.0,675.0,652.1,655.0,-2.24,6689.0,1264.0,585.0
HIMSTAR,8/25/2026,665.0,665.0,655.0,658.0,-1.05,3400.0,1264.0,585.0
HIMSTAR,8/26/2026,651.0,658.9,641.0,655.0,0.61,2520.0,1264.0,585.0
HIMSTAR,8/27/2026,655.0,665.0,628.0,659.9,0.75,4618.0,1264.0,585.0
HIMSTAR,8/31/2026,650.0,650.0,625.0,640.0,-1.54,4645.0,1264.0,585.0
HIMSTAR,9/1/2026,623.0,659.0,623.0,638.9,2.55,3691.0,1264.0,585.0
HIMSTAR,9/2/2026,621.1,638.5,620.0,638.5,2.8,1447.0,1264.0,585.0
HIMSTAR,9/3/2026,654.0,654.0,626.1,632.0,-3.36,2279.0,1264.0,585.0
HIMSTAR,9/7/2026,632.0,650.0,623.2,649.0,2.69,4379.0,1264.0,585.0
HIMSTAR,9/9/2026,645.9,675.0,640.0,650.0,0.63,3536.0,1264.0,585.0
HIMSTAR,9/10/2026,650.0,650.0,630.5,648.9,-0.17,1155.0,1264.0,585.0
HIMSTAR,9/11/2026,649.0,664.0,642.2,659.0,1.54,1280.0,1264.0,585.0
HIMSTAR,9/14/2026,650.0,680.0,645.5,655.1,0.78,3566.0,1264.0,585.0
HIMSTAR,9/15/2026,687.0,700.0,665.0,676.0,-1.6,2732.0,1264.0,585.0
HIMSTAR,9/16/2026,680.0,680.0,655.0,663.5,-2.43,1935.0,1264.0,585.0
HIMSTAR,9/17/2026,663.0,680.0,645.0,660.0,-0.45,2425.0,1264.0,585.0
HIMSTAR,9/18/2026,650.0,665.0,646.3,665.0,2.31,3903.0,1264.0,585.0
HIMSTAR,9/22/2026,680.0,680.0,648.2,656.0,-3.53,1709.0,1264.0,585.0
HIMSTAR,9/23/2026,644.0,650.0,635.1,645.5,0.23,3065.0,1264.0,585.0
HIMSTAR,9/24/2026,640.0,650.0,628.1,644.0,0.62,1392.0,1264.0,585.0
HIMSTAR,9/28/2026,635.0,645.0,625.0,631.1,-0.61,2444.0,1264.0,585.0
HIMSTAR,9/29/2026,625.09,634.9,625.0,0.0,-100.0,929.0,1264.0,585.0
HIMSTAR,9/30/2026,628.0,628.0,610.1,623.9,-0.65,4681.0,1264.0,585.0
HIMSTAR,10/1/2026,623.9,635.0,612.1,624.0,0.02,3455.0,1264.0,585.0
HIMSTAR,10/2/2026,620.0,625.0,615.0,619.0,-0.16,1635.0,1264.0,585.0
HLBSL,12/21/2025,925.1,927.0,915.3,927.0,,210.0,1005.0,830.0
HLBSL,12/22/2025,915.0,929.0,909.0,928.0,0.11,1275.0,1005.0,830.0
HLBSL,12/23/2025,910.0,928.0,910.0,927.0,-0.11,1701.0,1005.0,830.0
HLBSL,12/24/2025,911.1,929.5,911.1,917.4,-1.04,2342.0,1005.0,830.0
HLBSL,12/28/2025,917.4,933.0,917.4,925.0,0.83,2425.0,1005.0,830.0
HLBSL,12/29/2025,940.0,940.0,917.5,929.0,0.43,3581.0,1005.0,830.0
HLBSL,12/31/2025,934.9,944.5,923.1,944.0,1.61,2305.0,1005.0,830.0
HLBSL,1/1/2026,935.0,938.0,926.8,930.0,-1.48,4909.0,1005.0,830.0
HLBSL,1/4/2026,875.0,877.0,870.0,875.0,-5.91,1861.0,1005.0,830.0
HLBSL,1/5/2026,889.9,889.9,868.0,887.5,1.43,3489.0,1005.0,830.0
HLBSL,1/6/2026,905.0,905.0,876.0,881.0,-0.73,1887.0,1005.0,830.0
HLBSL,1/7/2026,881.0,900.0,881.0,900.0,2.16,1986.0,1005.0,830.0
HLBSL,1/8/2026,900.0,903.0,886.0,902.7,0.3,648.0,1005.0,830.0
HLBSL,1/12/2026,888.1,943.0,888.1,900.0,-0.3,4260.0,1005.0,830.0
HLBSL,1/13/2026,886.0,905.0,886.0,893.5,-0.72,1154.0,1005.0,830.0
HLBSL,1/14/2026,884.0,888.2,884.0,888.1,-0.6,523.0,1005.0,830.0
HLBSL,1/18/2026,900.0,914.5,900.0,913.0,2.8,2485.0,1005.0,830.0
HLBSL,1/20/2026,906.0,940.0,906.0,932.0,2.08,2569.0,1005.0,830.0
HLBSL,1/21/2026,940.0,940.0,913.5,913.7,-1.96,2026.0,1005.0,830.0
HLBSL,1/22/2026,910.0,922.0,910.0,915.0,0.14,845.0,1005.0,830.0
HLBSL,1/25/2026,933.3,939.8,922.0,939.4,2.67,3686.0,1005.0,830.0
HLBSL,1/26/2026,940.0,943.0,926.2,938.9,-0.05,4832.0,1005.0,830.0
HLBSL,1/27/2026,922.1,935.0,922.0,925.0,-1.48,4918.0,1005.0,830.0
HLBSL,1/28/2026,925.0,938.0,921.5,921.5,-0.38,4115.0,1005.0,830.0
HLBSL,1/29/2026,929.0,929.0,916.0,918.1,-0.37,3120.0,1005.0,830.0
HLBSL,2/1/2026,907.0,915.0,907.0,914.0,-0.45,3871.0,1005.0,830.0
HLBSL,2/2/2026,930.0,932.0,916.4,918.0,0.44,2290.0,1005.0,830.0
HLBSL,2/3/2026,905.0,923.9,905.0,923.9,0.64,2111.0,1005.0,830.0
HLBSL,2/4/2026,906.5,925.0,906.5,920.0,-0.42,1855.0,1005.0,830.0
HLBSL,2/5/2026,930.0,930.0,915.5,930.0,1.09,1752.0,1005.0,830.0
HLBSL,2/8/2026,930.0,940.0,906.0,910.0,-2.15,4485.0,1005.0,830.0
HLBSL,2/9/2026,910.0,910.0,900.1,910.0,0.0,5301.0,1005.0,830.0
HLBSL,2/10/2026,910.0,910.0,896.2,909.0,-0.11,2082.0,1005.0,830.0
HLBSL,2/11/2026,925.9,925.9,891.2,905.0,-0.44,1076.0,1005.0,830.0
HLBSL,2/12/2026,900.0,909.0,892.4,905.0,0.0,2234.0,1005.0,830.0
HLBSL,2/16/2026,905.0,905.0,900.0,901.0,-0.44,198.0,1005.0,830.0
HLBSL,2/17/2026,892.5,937.3,892.5,905.1,0.46,9740.0,1005.0,830.0
HLBSL,2/22/2026,900.7,911.5,900.5,911.0,0.65,1674.0,1005.0,830.0
HLBSL,2/23/2026,893.0,919.9,893.0,904.0,-0.77,2051.0,1005.0,830.0
HLBSL,2/24/2026,904.0,915.0,903.0,915.0,1.22,2835.0,1005.0,830.0
HLBSL,2/25/2026,901.3,929.0,901.3,908.1,-0.75,803.0,1005.0,830.0
HLBSL,2/26/2026,905.0,920.0,905.0,920.0,1.31,1708.0,1005.0,830.0
HLBSL,2/27/2026,905.0,920.0,905.0,920.0,0.0,1708.0,1005.0,830.0
HLBSL,2/28/2026,905.0,920.0,905.0,920.0,0.0,1708.0,1005.0,830.0
HLBSL,3/2/2026,918.0,920.0,903.3,920.0,0.0,3087.0,1005.0,830.0
HLBSL,3/3/2026,930.0,930.0,911.4,930.0,1.09,1852.0,1005.0,830.0
HLBSL,3/4/2026,930.0,930.0,911.4,930.0,0.0,1852.0,1005.0,830.0
HLBSL,3/5/2026,930.0,930.0,911.4,930.0,0.0,1852.0,1005.0,830.0
HLBSL,3/6/2026,930.0,930.0,911.4,930.0,0.0,1852.0,1005.0,830.0
HLBSL,3/7/2026,930.0,930.0,911.4,930.0,0.0,1852.0,1005.0,830.0
HLBSL,3/8/2026,930.0,930.0,911.4,930.0,0.0,1852.0,1005.0,830.0
HLBSL,3/9/2026,948.6,948.6,948.6,948.6,2.0,10.0,1005.0,830.0
HLBSL,3/10/2026,967.5,970.0,930.0,950.0,0.15,9030.0,1005.0,830.0
HLBSL,3/11/2026,941.0,950.0,931.0,944.0,-0.63,3163.0,1005.0,830.0
HLBSL,3/12/2026,944.0,953.9,929.0,950.0,0.64,33591.0,1005.0,830.0
HLBSL,3/13/2026,944.0,953.9,929.0,950.0,0.0,33591.0,1005.0,830.0
HLBSL,3/14/2026,944.0,953.9,929.0,950.0,0.0,33591.0,1005.0,830.0
HLBSL,3/15/2026,955.0,955.0,935.0,940.1,-1.04,6338.0,1005.0,830.0
HLBSL,3/16/2026,941.0,950.0,930.2,946.0,0.63,2732.0,1005.0,830.0
HLBSL,3/17/2026,930.2,947.5,930.2,947.5,0.16,1552.0,1005.0,830.0
HLBSL,3/18/2026,930.2,947.5,930.2,947.5,0.0,1552.0,1005.0,830.0
HLBSL,3/19/2026,949.5,955.0,931.2,950.0,0.26,3859.0,1005.0,830.0
HLBSL,3/20/2026,949.5,955.0,931.2,950.0,0.0,3859.0,1005.0,830.0
HLBSL,3/21/2026,949.5,955.0,931.2,950.0,0.0,3859.0,1005.0,830.0
HLBSL,3/22/2026,960.0,998.9,955.2,970.1,2.12,14686.0,1005.0,830.0
HLBSL,3/23/2026,989.5,998.0,970.0,987.0,1.74,17932.0,1005.0,830.0
HLBSL,3/24/2026,970.0,1005.0,970.0,994.0,0.71,3239.0,1005.0,830.0
HLBSL,3/25/2026,994.0,994.0,959.6,960.0,-3.42,15125.0,1005.0,830.0
HLBSL,3/26/2026,947.6,979.2,947.6,968.0,2.15,3394.0,1005.0,830.0
HLBSL,3/29/2026,985.0,985.0,938.0,938.0,-4.77,7419.0,1005.0,830.0
HLBSL,3/30/2026,921.0,956.0,910.0,930.0,0.98,9185.0,1005.0,830.0
HLBSL,3/31/2026,916.0,944.6,915.5,940.0,2.62,2777.0,1005.0,830.0
HLBSL,4/1/2026,928.0,938.1,910.0,920.0,-0.86,4471.0,1005.0,830.0
HLBSL,4/2/2026,918.5,925.0,907.1,923.0,0.49,1128.0,1005.0,830.0
HLBSL,4/5/2026,904.6,912.0,885.0,897.0,-0.84,13238.0,1005.0,830.0
HLBSL,4/6/2026,914.9,914.9,885.0,902.0,-1.41,4396.0,1005.0,830.0
HLBSL,4/7/2026,905.0,919.8,895.0,899.0,-0.66,824.0,1005.0,830.0
HLBSL,4/8/2026,899.0,919.0,899.0,919.0,2.22,3265.0,1005.0,830.0
HLBSL,4/9/2026,932.0,936.0,906.0,933.0,0.11,1438.0,1005.0,830.0
HLBSL,4/10/2026,918.0,929.0,900.0,925.0,0.76,1733.0,1005.0,830.0
HLBSL,4/13/2026,935.0,936.0,909.0,924.9,-1.08,3692.0,1005.0,830.0
HLBSL,4/15/2026,920.0,943.0,912.1,914.0,-0.65,1153.0,1005.0,830.0
HLBSL,4/16/2026,923.0,923.0,906.1,918.0,-0.54,2591.0,1005.0,830.0
HLBSL,4/17/2026,900.4,918.0,900.0,915.0,1.62,1398.0,1005.0,830.0
HLBSL,4/20/2026,897.2,905.0,893.5,900.0,0.31,1156.0,1005.0,830.0
HLBSL,4/21/2026,877.0,903.0,877.0,903.0,2.96,1316.0,1005.0,830.0
HLBSL,4/22/2026,881.0,910.0,868.0,910.0,3.29,3998.0,1005.0,830.0
HLBSL,4/23/2026,920.0,920.0,885.2,907.0,-1.41,485.0,1005.0,830.0
HLBSL,4/24/2026,907.0,900.0,884.1,900.0,-0.77,477.0,1005.0,830.0
HLBSL,4/27/2026,900.0,923.9,873.0,880.3,-2.19,3555.0,1005.0,830.0
HLBSL,4/28/2026,880.3,881.0,878.2,880.3,0.0,716.0,1005.0,830.0
HLBSL,4/29/2026,880.3,880.0,870.1,876.1,-0.48,944.0,1005.0,830.0
HLBSL,4/30/2026,900.0,900.0,873.0,889.0,-1.22,762.0,1005.0,830.0
HLBSL,5/4/2026,870.0,898.0,870.0,898.0,3.22,1097.0,1005.0,830.0
HLBSL,5/5/2026,871.5,900.0,871.5,900.0,3.27,1713.0,1005.0,830.0
HLBSL,5/6/2026,900.0,908.0,895.0,895.0,-0.56,320.0,1005.0,830.0
HLBSL,5/7/2026,872.6,898.0,872.3,890.0,1.99,496.0,1005.0,830.0
HLBSL,5/8/2026,872.2,899.8,872.2,899.8,3.16,1134.0,1005.0,830.0
HLBSL,5/11/2026,904.0,908.0,895.1,907.0,0.33,738.0,1005.0,830.0
HLBSL,5/12/2026,911.0,911.0,886.7,904.0,-0.77,1095.0,1005.0,830.0
HLBSL,5/13/2026,883.0,900.0,880.0,890.0,0.79,1284.0,1005.0,830.0
HLBSL,5/14/2026,870.0,896.0,870.0,890.0,2.3,895.0,1005.0,830.0
HLBSL,5/15/2026,880.2,892.0,880.2,890.0,1.11,1472.0,1005.0,830.0
HLBSL,5/18/2026,890.0,890.0,877.1,877.3,-1.43,596.0,1005.0,830.0
HLBSL,5/19/2026,877.3,877.3,873.0,873.5,-0.43,978.0,1005.0,830.0
HLBSL,5/20/2026,873.5,894.0,873.5,894.0,2.35,136.0,1005.0,830.0
HLBSL,5/21/2026,894.0,894.0,880.0,880.0,-1.57,1115.0,1005.0,830.0
HLBSL,5/22/2026,877.2,898.0,877.2,898.0,2.37,396.0,1005.0,830.0
HLBSL,5/25/2026,910.0,920.0,893.0,905.0,-0.55,632.0,1005.0,830.0
HLBSL,5/26/2026,883.1,887.0,883.1,887.0,0.44,146.0,1005.0,830.0
HLBSL,5/27/2026,889.0,903.0,880.0,881.0,-0.9,197.0,1005.0,830.0
HLBSL,6/1/2026,860.0,890.0,857.0,890.0,3.49,1248.0,1005.0,830.0
HLBSL,6/2/2026,890.0,901.0,865.0,901.0,1.24,507.0,1005.0,830.0
HLBSL,6/3/2026,880.0,901.0,878.0,894.1,1.6,395.0,1005.0,830.0
HLBSL,6/4/2026,914.0,914.0,887.0,887.0,-2.95,925.0,1005.0,830.0
HLBSL,6/5/2026,887.0,899.9,883.3,899.9,1.45,125.0,1005.0,830.0
HLBSL,6/8/2026,881.0,890.0,875.5,890.0,1.02,1253.0,1005.0,830.0
HLBSL,6/9/2026,870.1,894.2,870.1,892.9,2.62,736.0,1005.0,830.0
HLBSL,6/10/2026,899.0,900.0,881.0,887.0,-1.33,1100.0,1005.0,830.0
HLBSL,6/11/2026,887.0,887.0,876.0,876.1,-1.23,3402.0,1005.0,830.0
HLBSL,6/12/2026,876.1,876.1,865.1,870.0,-0.7,764.0,1005.0,830.0
HLBSL,6/15/2026,851.5,895.9,850.1,895.9,5.21,223.0,1005.0,830.0
HLBSL,6/16/2026,895.0,895.0,869.2,888.0,-0.78,604.0,1005.0,830.0
HLBSL,6/17/2026,888.0,888.9,876.0,876.1,-1.34,672.0,1005.0,830.0
HLBSL,6/18/2026,880.0,883.9,855.0,883.9,0.44,630.0,1005.0,830.0
HLBSL,6/19/2026,860.1,895.0,860.1,895.0,4.06,1409.0,1005.0,830.0
HLBSL,6/22/2026,895.0,895.0,870.0,894.5,-0.06,224.0,1005.0,830.0
HLBSL,6/23/2026,872.0,890.8,868.0,880.0,0.92,1631.0,1005.0,830.0
HLBSL,6/24/2026,856.0,874.9,856.0,865.0,1.05,280.0,1005.0,830.0
HLBSL,6/26/2026,884.0,884.8,860.0,875.0,-1.02,1808.0,1005.0,830.0
HLBSL,6/29/2026,875.0,875.0,850.5,874.5,-0.06,830.0,1005.0,830.0
HLBSL,6/30/2026,849.1,886.0,849.1,873.9,2.92,1743.0,1005.0,830.0
HLBSL,7/1/2026,879.9,880.0,858.0,875.5,-0.5,172.0,1005.0,830.0
HLBSL,7/2/2026,853.6,887.9,840.0,887.9,4.02,2262.0,1005.0,830.0
HLBSL,7/3/2026,861.3,883.5,860.0,869.0,0.89,1733.0,1005.0,830.0
HLBSL,7/6/2026,856.0,861.0,856.0,860.0,0.47,859.0,1005.0,830.0
HLBSL,7/7/2026,858.1,883.8,858.1,880.0,2.55,1335.0,1005.0,830.0
HLBSL,7/8/2026,882.0,882.0,844.0,875.0,-0.79,1764.0,1005.0,830.0
HLBSL,7/9/2026,850.0,869.0,850.0,869.0,2.24,4231.0,1005.0,830.0
HLBSL,7/10/2026,865.0,873.3,848.5,871.9,0.8,311.0,1005.0,830.0
HLBSL,7/13/2026,852.0,863.0,830.0,863.0,1.29,2172.0,1005.0,830.0
HLBSL,7/14/2026,841.0,880.0,838.0,853.0,1.43,558.0,1005.0,830.0
HLBSL,7/15/2026,868.9,868.9,843.0,855.0,-1.6,828.0,1005.0,830.0
HLBSL,7/16/2026,836.1,869.4,836.1,869.4,3.98,61.0,1005.0,830.0
HLBSL,7/17/2026,882.9,883.0,879.0,883.0,0.01,274.0,1005.0,830.0
HLBSL,7/20/2026,899.0,909.0,880.1,895.0,-0.44,1241.0,1005.0,830.0
HLBSL,7/21/2026,899.6,910.0,885.1,905.9,0.7,2614.0,1005.0,830.0
HLBSL,7/22/2026,890.0,905.0,890.0,900.0,1.12,259.0,1005.0,830.0
HLBSL,7/23/2026,899.9,903.0,873.0,903.0,0.34,1375.0,1005.0,830.0
HLBSL,7/24/2026,905.0,905.0,880.7,900.9,-0.45,3413.0,1005.0,830.0
HLBSL,7/27/2026,900.9,900.9,883.1,883.6,-1.92,817.0,1005.0,830.0
HLBSL,7/28/2026,899.8,899.8,880.1,887.0,-1.42,1675.0,1005.0,830.0
HLBSL,7/29/2026,890.0,901.0,876.3,880.0,-1.12,719.0,1005.0,830.0
HLBSL,7/30/2026,897.9,897.9,871.0,880.0,-1.99,780.0,1005.0,830.0
HLBSL,7/31/2026,880.0,885.0,860.2,881.9,0.22,274.0,1005.0,830.0
HLBSL,8/3/2026,900.0,900.0,888.2,894.0,-0.67,2098.0,1005.0,830.0
HLBSL,8/4/2026,895.0,895.0,875.0,884.0,-1.23,1052.0,1005.0,830.0
HLBSL,8/5/2026,868.0,890.0,868.0,890.0,2.53,734.0,1005.0,830.0
HLBSL,8/6/2026,870.0,880.0,869.0,880.0,1.15,1816.0,1005.0,830.0
HLBSL,8/7/2026,870.0,874.9,870.0,870.0,0.0,217.0,1005.0,830.0
HLBSL,8/10/2026,870.0,884.0,870.0,884.0,1.61,310.0,1005.0,830.0
HLBSL,8/11/2026,883.0,885.0,870.0,884.9,0.22,664.0,1005.0,830.0
HLBSL,8/12/2026,863.0,875.0,861.4,875.0,1.39,737.0,1005.0,830.0
HLBSL,8/13/2026,887.0,890.0,872.0,879.0,-0.9,262.0,1005.0,830.0
HLBSL,8/14/2026,865.0,865.0,853.0,856.1,-1.03,294.0,1005.0,830.0
HLBSL,8/17/2026,870.0,894.9,860.1,894.9,2.86,2618.0,1005.0,830.0
HLBSL,8/18/2026,870.2,875.0,870.0,875.0,0.55,313.0,1005.0,830.0
HLBSL,8/19/2026,875.0,875.0,870.0,875.0,0.0,82.0,1005.0,830.0
HLBSL,8/20/2026,875.0,875.0,850.0,874.0,-0.11,1291.0,1005.0,830.0
HLBSL,8/21/2026,856.0,870.0,856.0,870.0,1.64,634.0,1005.0,830.0
HLBSL,8/24/2026,870.0,888.8,850.0,875.5,0.63,565.0,1005.0,830.0
HLBSL,8/25/2026,858.0,871.0,857.0,871.0,1.52,523.0,1005.0,830.0
HLBSL,8/26/2026,857.0,863.0,856.5,863.0,0.7,517.0,1005.0,830.0
HLBSL,8/27/2026,859.9,859.9,849.0,850.0,-1.15,1520.0,1005.0,830.0
HLBSL,8/31/2026,849.0,850.0,840.0,850.0,0.12,426.0,1005.0,830.0
HLBSL,9/1/2026,851.0,860.0,835.0,859.4,0.99,1427.0,1005.0,830.0
HLBSL,9/2/2026,849.0,858.9,847.0,858.9,1.17,1798.0,1005.0,830.0
HLBSL,9/3/2026,841.2,855.0,841.2,855.0,1.64,226.0,1005.0,830.0
HLBSL,9/7/2026,855.0,865.0,851.7,855.0,0.0,635.0,1005.0,830.0
HLBSL,9/9/2026,854.0,869.9,837.7,869.9,1.86,250.0,1005.0,830.0
HLBSL,9/10/2026,846.1,859.0,845.1,859.0,1.52,254.0,1005.0,830.0
HLBSL,9/11/2026,836.2,859.0,835.1,859.0,2.73,1651.0,1005.0,830.0
HLBSL,9/14/2026,855.0,874.0,855.0,871.0,1.87,670.0,1005.0,830.0
HLBSL,9/15/2026,914.0,914.0,863.0,879.9,-3.73,722.0,1005.0,830.0
HLBSL,9/16/2026,870.0,870.0,859.0,867.0,-0.34,826.0,1005.0,830.0
HLBSL,9/17/2026,867.1,867.1,860.0,865.0,-0.24,634.0,1005.0,830.0
HLBSL,9/18/2026,874.9,883.6,874.9,882.0,0.81,1259.0,1005.0,830.0
HLBSL,9/22/2026,878.0,889.6,870.0,889.6,1.32,713.0,1005.0,830.0
HLBSL,9/23/2026,880.0,882.5,863.4,865.2,-1.68,1173.0,1005.0,830.0
HLBSL,9/24/2026,865.2,878.6,865.2,869.0,0.44,601.0,1005.0,830.0
HLBSL,9/28/2026,852.5,895.0,852.0,878.9,3.1,910.0,1005.0,830.0
HLBSL,9/29/2026,878.9,878.9,854.5,0.0,-100.0,188.0,1005.0,830.0
HLBSL,9/30/2026,887.0,887.0,865.2,875.0,-1.35,245.0,1005.0,830.0
HLBSL,10/1/2026,870.0,881.9,860.2,879.9,1.14,224.0,1005.0,830.0
HLBSL,10/2/2026,879.9,900.0,860.0,870.0,-1.13,902.0,1005.0,830.0
HLI,12/21/2025,375.0,375.0,370.4,371.0,,44132.0,412.9,284.3
HLI,12/22/2025,370.0,371.4,365.0,366.6,-1.19,39500.0,412.9,284.3
HLI,12/23/2025,365.0,369.0,362.0,364.5,-0.57,39012.0,412.9,284.3
HLI,12/24/2025,362.2,370.0,362.2,368.0,0.96,20961.0,412.9,284.3
HLI,12/28/2025,372.0,377.0,370.0,377.0,2.45,47346.0,412.9,284.3
HLI,12/29/2025,377.0,377.0,372.0,372.5,-1.19,33068.0,412.9,284.3
HLI,12/31/2025,365.2,385.0,365.2,370.9,-0.43,41736.0,412.9,284.3
HLI,1/1/2026,371.0,375.0,367.3,369.1,-0.49,23436.0,412.9,284.3
HLI,1/4/2026,367.0,370.0,366.1,369.9,0.22,29183.0,412.9,284.3
HLI,1/5/2026,367.0,371.0,367.0,371.0,0.3,44697.0,412.9,284.3
HLI,1/6/2026,371.0,376.0,369.0,370.0,-0.27,35765.0,412.9,284.3
HLI,1/7/2026,368.2,373.0,368.0,370.0,0.0,28978.0,412.9,284.3
HLI,1/8/2026,370.0,372.9,368.0,371.1,0.3,16784.0,412.9,284.3
HLI,1/12/2026,367.0,369.0,366.0,366.3,-1.29,54953.0,412.9,284.3
HLI,1/13/2026,373.6,373.6,363.1,367.0,0.19,24355.0,412.9,284.3
HLI,1/14/2026,365.0,369.7,361.6,364.9,-0.57,85359.0,412.9,284.3
HLI,1/18/2026,365.0,370.0,362.5,367.8,0.79,117425.0,412.9,284.3
HLI,1/20/2026,373.5,380.9,370.0,378.4,2.88,107711.0,412.9,284.3
HLI,1/21/2026,380.0,382.9,375.1,376.0,-0.63,42993.0,412.9,284.3
HLI,1/22/2026,372.0,376.0,371.0,375.0,-0.27,57181.0,412.9,284.3
HLI,1/25/2026,380.0,384.0,376.0,383.2,2.19,128998.0,412.9,284.3
HLI,1/26/2026,385.0,385.0,378.0,381.0,-0.57,97084.0,412.9,284.3
HLI,1/27/2026,380.0,383.0,368.5,372.0,-2.36,68289.0,412.9,284.3
HLI,1/28/2026,371.0,374.5,368.5,371.2,-0.22,55058.0,412.9,284.3
HLI,1/29/2026,370.0,374.9,368.0,370.0,-0.32,81108.0,412.9,284.3
HLI,2/1/2026,369.0,373.0,365.0,366.3,-1.0,66162.0,412.9,284.3
HLI,2/2/2026,366.3,371.0,366.0,367.0,0.19,43210.0,412.9,284.3
HLI,2/3/2026,368.0,369.8,365.0,365.1,-0.52,38681.0,412.9,284.3
HLI,2/4/2026,357.8,372.4,357.8,365.0,-0.03,32001.0,412.9,284.3
HLI,2/5/2026,364.0,370.0,364.0,369.9,1.34,55084.0,412.9,284.3
HLI,2/8/2026,372.0,374.0,366.0,366.2,-1.0,52247.0,412.9,284.3
HLI,2/9/2026,366.0,366.4,362.5,364.1,-0.57,74223.0,412.9,284.3
HLI,2/10/2026,363.6,366.9,363.0,363.1,-0.27,44028.0,412.9,284.3
HLI,2/11/2026,370.3,370.3,362.1,362.1,-0.28,43711.0,412.9,284.3
HLI,2/12/2026,362.1,366.0,360.0,362.1,0.0,66545.0,412.9,284.3
HLI,2/16/2026,362.1,370.0,362.1,365.0,0.8,57230.0,412.9,284.3
HLI,2/17/2026,363.2,364.5,361.0,361.0,-1.1,62974.0,412.9,284.3
HLI,2/22/2026,360.0,365.0,359.0,361.0,0.0,71552.0,412.9,284.3
HLI,2/23/2026,358.0,362.0,358.0,358.9,-0.58,38914.0,412.9,284.3
HLI,2/24/2026,359.0,361.0,359.0,360.0,0.31,20106.0,412.9,284.3
HLI,2/25/2026,361.0,377.0,360.2,366.3,1.75,63534.0,412.9,284.3
HLI,2/26/2026,373.6,373.6,365.0,365.0,-0.35,24328.0,412.9,284.3
HLI,2/27/2026,373.6,373.6,365.0,365.0,0.0,24328.0,412.9,284.3
HLI,2/28/2026,373.6,373.6,365.0,365.0,0.0,24328.0,412.9,284.3
HLI,3/2/2026,360.1,367.9,360.0,367.5,0.68,32625.0,412.9,284.3
HLI,3/3/2026,374.8,374.8,364.0,373.0,1.5,41127.0,412.9,284.3
HLI,3/4/2026,374.8,374.8,364.0,373.0,0.0,41127.0,412.9,284.3
HLI,3/5/2026,374.8,374.8,364.0,373.0,0.0,41127.0,412.9,284.3
HLI,3/6/2026,374.8,374.8,364.0,373.0,0.0,41127.0,412.9,284.3
HLI,3/7/2026,374.8,374.8,364.0,373.0,0.0,41127.0,412.9,284.3
HLI,3/8/2026,374.8,374.8,364.0,373.0,0.0,41127.0,412.9,284.3
HLI,3/9/2026,380.4,397.8,380.4,397.8,6.65,1622.0,412.9,284.3
HLI,3/10/2026,405.0,405.0,382.0,396.0,-0.45,208688.0,412.9,284.3
HLI,3/11/2026,396.0,396.0,381.9,383.0,-3.28,86907.0,412.9,284.3
HLI,3/12/2026,380.0,388.0,378.0,386.5,0.91,92659.0,412.9,284.3
HLI,3/13/2026,380.0,388.0,378.0,386.5,0.0,92659.0,412.9,284.3
HLI,3/14/2026,380.0,388.0,378.0,386.5,0.0,92659.0,412.9,284.3
HLI,3/15/2026,388.0,392.0,383.6,387.0,0.13,70977.0,412.9,284.3
HLI,3/16/2026,383.0,387.0,380.0,382.7,-1.11,85362.0,412.9,284.3
HLI,3/17/2026,380.0,386.0,378.0,385.0,0.6,51348.0,412.9,284.3
HLI,3/18/2026,380.0,386.0,378.0,385.0,0.0,51348.0,412.9,284.3
HLI,3/19/2026,390.0,396.0,386.0,396.0,2.86,204604.0,412.9,284.3
HLI,3/20/2026,390.0,396.0,386.0,396.0,0.0,204604.0,412.9,284.3
HLI,3/21/2026,390.0,396.0,386.0,396.0,0.0,204604.0,412.9,284.3
HLI,3/22/2026,398.0,409.2,397.0,409.0,3.28,302510.0,412.9,284.3
HLI,3/23/2026,412.0,412.9,398.0,404.9,-1.0,160317.0,412.9,284.3
HLI,3/24/2026,404.9,406.9,398.0,402.5,-0.59,93133.0,412.9,284.3
HLI,3/25/2026,399.0,401.0,389.9,393.9,-2.14,187578.0,412.9,284.3
HLI,3/26/2026,390.0,394.0,388.1,393.5,0.9,118315.0,412.9,284.3
HLI,3/29/2026,395.0,395.0,383.0,383.2,-2.99,166180.0,412.9,284.3
HLI,3/30/2026,383.2,386.9,375.0,376.0,-1.88,144203.0,412.9,284.3
HLI,3/31/2026,376.0,381.0,368.5,377.0,0.27,92057.0,412.9,284.3
HLI,4/1/2026,370.0,374.0,360.0,365.0,-1.35,230832.0,412.9,284.3
HLI,4/2/2026,360.0,368.0,360.0,365.9,1.64,67259.0,412.9,284.3
HLI,4/5/2026,358.6,361.0,349.0,349.0,-2.68,222790.0,412.9,284.3
HLI,4/6/2026,345.0,360.0,343.2,359.0,4.06,168871.0,412.9,284.3
HLI,4/7/2026,364.2,364.2,351.4,355.1,-2.5,85251.0,412.9,284.3
HLI,4/8/2026,360.0,360.0,350.5,358.3,-0.47,109243.0,412.9,284.3
HLI,4/9/2026,357.0,364.1,355.0,363.0,1.68,97161.0,412.9,284.3
HLI,4/10/2026,363.0,365.9,359.8,360.2,-0.77,113941.0,412.9,284.3
HLI,4/13/2026,360.0,363.7,358.1,361.1,0.31,31746.0,412.9,284.3
HLI,4/15/2026,361.0,366.0,360.2,362.0,0.28,68816.0,412.9,284.3
HLI,4/16/2026,360.0,363.0,356.4,357.0,-0.83,61449.0,412.9,284.3
HLI,4/17/2026,356.0,362.9,354.3,356.0,0.0,40908.0,412.9,284.3
HLI,4/20/2026,372.0,372.0,352.8,355.9,-4.33,33704.0,412.9,284.3
HLI,4/21/2026,354.0,359.9,353.0,354.0,0.0,29084.0,412.9,284.3
HLI,4/22/2026,350.0,354.0,346.0,351.4,0.4,71452.0,412.9,284.3
HLI,4/23/2026,355.0,355.0,349.0,349.1,-1.66,45253.0,412.9,284.3
HLI,4/24/2026,350.0,350.5,347.0,348.4,-0.46,39050.0,412.9,284.3
HLI,4/27/2026,348.4,352.0,346.0,347.4,-0.29,49517.0,412.9,284.3
HLI,4/28/2026,347.4,350.0,344.0,345.0,-0.69,78714.0,412.9,284.3
HLI,4/29/2026,345.0,346.0,341.8,341.8,-0.93,42620.0,412.9,284.3
HLI,4/30/2026,341.2,342.0,337.0,340.0,-0.35,55779.0,412.9,284.3
HLI,5/4/2026,338.1,341.0,335.1,336.5,-0.47,48916.0,412.9,284.3
HLI,5/5/2026,335.3,339.9,335.3,337.0,0.51,42837.0,412.9,284.3
HLI,5/6/2026,338.0,339.9,334.0,335.0,-0.89,46111.0,412.9,284.3
HLI,5/7/2026,338.0,338.0,335.0,337.0,-0.3,41805.0,412.9,284.3
HLI,5/8/2026,341.0,341.0,336.1,339.0,-0.59,48756.0,412.9,284.3
HLI,5/11/2026,341.0,345.9,339.0,344.5,1.03,54708.0,412.9,284.3
HLI,5/12/2026,348.9,348.9,339.8,341.0,-2.26,35603.0,412.9,284.3
HLI,5/13/2026,338.0,341.0,338.0,339.9,0.56,20570.0,412.9,284.3
HLI,5/14/2026,339.9,341.0,336.1,336.9,-0.88,18822.0,412.9,284.3
HLI,5/15/2026,339.9,339.9,336.4,337.5,-0.71,36311.0,412.9,284.3
HLI,5/18/2026,337.3,341.9,337.0,337.0,-0.09,16419.0,412.9,284.3
HLI,5/19/2026,337.0,339.0,336.0,336.0,-0.3,19040.0,412.9,284.3
HLI,5/20/2026,335.0,340.7,335.0,340.5,1.64,25123.0,412.9,284.3
HLI,5/21/2026,341.0,342.5,336.5,337.0,-1.17,22149.0,412.9,284.3
HLI,5/22/2026,338.0,339.9,337.4,339.8,0.53,32647.0,412.9,284.3
HLI,5/25/2026,344.0,344.3,340.0,344.0,0.0,44591.0,412.9,284.3
HLI,5/26/2026,345.0,345.0,340.2,341.8,-0.93,24916.0,412.9,284.3
HLI,5/27/2026,342.0,345.0,341.0,342.6,0.18,30755.0,412.9,284.3
HLI,6/1/2026,343.0,348.0,340.0,341.0,-0.58,29026.0,412.9,284.3
HLI,6/2/2026,344.9,344.9,337.1,343.5,-0.41,36187.0,412.9,284.3
HLI,6/3/2026,342.0,354.9,340.0,348.6,1.93,77619.0,412.9,284.3
HLI,6/4/2026,348.6,352.0,345.0,345.0,-1.03,27787.0,412.9,284.3
HLI,6/5/2026,344.0,348.0,340.5,341.9,-0.61,38829.0,412.9,284.3
HLI,6/8/2026,341.9,342.1,338.3,341.0,-0.26,40920.0,412.9,284.3
HLI,6/9/2026,339.0,341.0,338.0,340.0,0.29,37199.0,412.9,284.3
HLI,6/10/2026,340.0,344.0,339.3,340.9,0.26,25874.0,412.9,284.3
HLI,6/11/2026,338.0,341.8,336.9,339.0,0.3,16832.0,412.9,284.3
HLI,6/12/2026,337.5,340.0,337.0,338.0,0.15,20691.0,412.9,284.3
HLI,6/15/2026,336.9,338.0,335.0,336.0,-0.27,44820.0,412.9,284.3
HLI,6/16/2026,336.0,339.0,335.6,336.0,0.0,20287.0,412.9,284.3
HLI,6/17/2026,335.6,338.0,334.7,335.4,-0.06,28805.0,412.9,284.3
HLI,6/18/2026,334.0,338.0,334.0,335.0,0.3,17356.0,412.9,284.3
HLI,6/19/2026,335.0,338.0,334.0,336.0,0.3,24461.0,412.9,284.3
HLI,6/22/2026,319.2,340.7,319.2,335.0,4.95,14024.0,412.9,284.3
HLI,6/23/2026,333.0,335.0,332.7,334.0,0.3,16010.0,412.9,284.3
HLI,6/24/2026,333.8,334.0,326.7,329.5,-1.29,28924.0,412.9,284.3
HLI,6/26/2026,334.6,334.6,328.6,328.9,-1.7,14972.0,412.9,284.3
HLI,6/29/2026,330.0,330.0,321.4,324.8,-1.58,46741.0,412.9,284.3
HLI,6/30/2026,322.5,324.0,318.0,319.8,-0.84,40405.0,412.9,284.3
HLI,7/1/2026,316.0,329.9,316.0,329.0,4.11,27314.0,412.9,284.3
HLI,7/2/2026,331.0,331.0,321.0,326.6,-1.33,26346.0,412.9,284.3
HLI,7/3/2026,326.0,328.7,324.0,324.0,-0.61,18804.0,412.9,284.3
HLI,7/6/2026,322.0,327.0,320.0,320.3,-0.53,24197.0,412.9,284.3
HLI,7/7/2026,325.0,325.8,321.0,324.0,-0.31,17720.0,412.9,284.3
HLI,7/8/2026,329.4,329.4,320.0,322.0,-2.25,22294.0,412.9,284.3
HLI,7/9/2026,318.0,324.0,318.0,320.0,0.63,21648.0,412.9,284.3
HLI,7/10/2026,320.0,324.9,318.0,318.2,-0.56,20729.0,412.9,284.3
HLI,7/13/2026,322.8,322.8,316.1,317.0,-1.8,18680.0,412.9,284.3
HLI,7/14/2026,317.0,320.9,313.6,318.0,0.32,21753.0,412.9,284.3
HLI,7/15/2026,321.0,323.0,317.0,318.0,-0.93,14073.0,412.9,284.3
HLI,7/16/2026,333.9,333.9,313.1,321.8,-3.62,113119.0,412.9,284.3
HLI,7/17/2026,323.0,329.9,323.0,328.0,1.55,30096.0,412.9,284.3
HLI,7/20/2026,344.4,344.4,329.2,335.5,-2.58,46358.0,412.9,284.3
HLI,7/21/2026,331.5,338.4,331.0,334.0,0.75,41122.0,412.9,284.3
HLI,7/22/2026,334.0,340.0,331.2,335.0,0.3,43991.0,412.9,284.3
HLI,7/23/2026,330.0,338.8,330.0,334.8,1.45,27177.0,412.9,284.3
HLI,7/24/2026,330.2,337.7,330.2,333.5,1.0,25210.0,412.9,284.3
HLI,7/27/2026,330.0,336.0,329.0,329.5,-0.15,31849.0,412.9,284.3
HLI,7/28/2026,328.0,330.0,325.3,328.0,0.0,22668.0,412.9,284.3
HLI,7/29/2026,327.9,330.0,325.0,325.8,-0.64,13625.0,412.9,284.3
HLI,7/30/2026,325.8,329.0,323.2,324.3,-0.46,16248.0,412.9,284.3
HLI,7/31/2026,324.0,326.0,320.6,325.0,0.31,25031.0,412.9,284.3
HLI,8/3/2026,325.0,329.9,321.3,324.0,-0.31,27460.0,412.9,284.3
HLI,8/4/2026,320.3,326.7,320.3,321.1,0.25,19057.0,412.9,284.3
HLI,8/5/2026,323.0,323.0,320.0,321.8,-0.37,19847.0,412.9,284.3
HLI,8/6/2026,320.0,324.1,319.0,319.9,-0.03,26906.0,412.9,284.3
HLI,8/7/2026,319.0,322.0,318.0,319.7,0.22,14437.0,412.9,284.3
HLI,8/10/2026,319.0,320.0,316.2,317.0,-0.63,24202.0,412.9,284.3
HLI,8/11/2026,316.1,320.0,316.1,318.0,0.6,18830.0,412.9,284.3
HLI,8/12/2026,318.0,319.8,316.0,317.0,-0.31,9096.0,412.9,284.3
HLI,8/13/2026,317.0,321.0,316.1,319.9,0.91,14374.0,412.9,284.3
HLI,8/14/2026,319.9,324.0,319.9,320.8,0.28,21915.0,412.9,284.3
HLI,8/17/2026,320.0,320.0,317.0,318.0,-0.62,27559.0,412.9,284.3
HLI,8/18/2026,317.0,317.8,315.0,315.5,-0.47,23119.0,412.9,284.3
HLI,8/19/2026,315.0,317.0,313.2,315.0,0.0,16202.0,412.9,284.3
HLI,8/20/2026,315.0,316.0,313.4,316.0,0.32,25393.0,412.9,284.3
HLI,8/21/2026,321.0,321.0,313.8,314.0,-2.18,27356.0,412.9,284.3
HLI,8/24/2026,315.0,315.0,310.0,311.0,-1.27,55510.0,412.9,284.3
HLI,8/25/2026,310.0,313.0,307.0,307.0,-0.97,23966.0,412.9,284.3
HLI,8/26/2026,307.0,310.0,304.0,305.0,-0.65,25215.0,412.9,284.3
HLI,8/27/2026,301.0,305.0,295.9,300.0,-0.33,34374.0,412.9,284.3
HLI,8/31/2026,301.0,301.0,284.3,287.0,-4.65,48460.0,412.9,284.3
HLI,9/1/2026,290.1,297.0,286.2,294.0,1.34,28792.0,412.9,284.3
HLI,9/2/2026,295.0,296.0,290.3,293.0,-0.68,17370.0,412.9,284.3
HLI,9/3/2026,296.0,297.8,293.2,295.0,-0.34,20749.0,412.9,284.3
HLI,9/7/2026,295.0,300.0,295.0,296.6,0.54,18552.0,412.9,284.3
HLI,9/9/2026,296.6,297.1,295.9,296.0,-0.2,8925.0,412.9,284.3
HLI,9/10/2026,296.0,296.0,288.7,290.3,-1.93,17464.0,412.9,284.3
HLI,9/11/2026,292.0,295.7,290.0,294.0,0.68,23094.0,412.9,284.3
HLI,9/14/2026,295.0,306.0,294.0,304.0,3.05,31870.0,412.9,284.3
HLI,9/15/2026,319.0,323.0,307.0,315.1,-1.22,53593.0,412.9,284.3
HLI,9/16/2026,315.0,318.0,308.0,309.5,-1.75,32390.0,412.9,284.3
HLI,9/17/2026,313.0,314.0,309.0,311.9,-0.35,33092.0,412.9,284.3
HLI,9/18/2026,315.5,318.0,309.0,317.0,0.48,30564.0,412.9,284.3
HLI,9/22/2026,314.0,318.0,308.8,314.5,0.16,60624.0,412.9,284.3
HLI,9/23/2026,314.0,314.4,306.2,306.9,-2.26,40726.0,412.9,284.3
HLI,9/24/2026,306.0,310.0,304.0,309.2,1.05,29469.0,412.9,284.3
HLI,9/28/2026,308.0,312.0,305.0,305.5,-0.81,33903.0,412.9,284.3
HLI,9/29/2026,304.0,305.5,301.0,0.0,-100.0,13297.0,412.9,284.3
HLI,9/30/2026,300.9,305.0,300.9,302.0,0.37,14389.0,412.9,284.3
HLI,10/1/2026,302.0,307.0,301.2,304.0,0.66,16940.0,412.9,284.3
HLI,10/2/2026,305.0,305.0,300.0,300.0,-1.64,26046.0,412.9,284.3
HLICF,12/21/2025,9.28,9.28,8.94,8.99,,2100.0,10.55,7.88
HLICF,12/22/2025,8.83,9.18,8.83,8.96,-0.33,3650.0,10.55,7.88
HLICF,12/23/2025,8.8,8.96,8.8,8.91,-0.56,5430.0,10.55,7.88
HLICF,12/24/2025,8.76,9.25,8.76,9.25,3.82,6500.0,10.55,7.88
HLICF,12/28/2025,9.1,9.4,9.05,9.38,1.41,15470.0,10.55,7.88
HLICF,12/29/2025,9.2,9.3,9.2,9.25,-1.39,2400.0,10.55,7.88
HLICF,12/31/2025,9.1,9.29,9.1,9.29,0.43,507620.0,10.55,7.88
HLICF,1/1/2026,9.11,9.11,9.11,9.11,-1.94,2000.0,10.55,7.88
HLICF,1/4/2026,9.0,9.2,9.0,9.05,-0.66,4200.0,10.55,7.88
HLICF,1/5/2026,9.0,9.18,9.0,9.1,0.55,2550.0,10.55,7.88
HLICF,1/6/2026,8.92,9.2,8.92,9.2,1.1,4700.0,10.55,7.88
HLICF,1/7/2026,9.2,9.22,9.2,9.22,0.22,1250.0,10.55,7.88
HLICF,1/8/2026,9.05,9.06,9.05,9.06,-1.74,900.0,10.55,7.88
HLICF,1/12/2026,8.93,9.11,8.93,9.0,-0.66,4000.0,10.55,7.88
HLICF,1/13/2026,8.82,9.25,8.82,9.15,1.67,4100.0,10.55,7.88
HLICF,1/14/2026,8.98,9.0,8.98,9.0,-1.64,2400.0,10.55,7.88
HLICF,1/18/2026,8.97,9.22,8.97,9.22,2.44,3900.0,10.55,7.88
HLICF,1/20/2026,9.05,9.77,8.9,9.77,5.97,20350.0,10.55,7.88
HLICF,1/21/2026,9.94,9.94,9.33,9.33,-4.5,5650.0,10.55,7.88
HLICF,1/22/2026,9.15,9.33,9.0,9.3,-0.32,3400.0,10.55,7.88
HLICF,1/25/2026,9.4,9.77,9.02,9.61,3.33,13600.0,10.55,7.88
HLICF,1/26/2026,9.42,9.47,9.24,9.4,-2.19,2500.0,10.55,7.88
HLICF,1/27/2026,9.4,9.59,9.4,9.41,0.11,3600.0,10.55,7.88
HLICF,1/28/2026,9.24,9.4,9.24,9.24,-1.81,1000.0,10.55,7.88
HLICF,1/29/2026,9.24,9.59,9.23,9.4,1.73,8450.0,10.55,7.88
HLICF,2/1/2026,9.25,9.62,9.07,9.43,0.32,17000.0,10.55,7.88
HLICF,2/2/2026,9.25,9.4,9.07,9.35,-0.85,6400.0,10.55,7.88
HLICF,2/3/2026,9.17,10.28,9.17,10.28,9.95,104600.0,10.55,7.88
HLICF,2/4/2026,10.08,10.17,9.61,9.71,-5.54,34550.0,10.55,7.88
HLICF,2/5/2026,9.53,10.55,9.53,9.82,1.13,10211440.0,10.55,7.88
HLICF,2/8/2026,9.63,9.85,9.63,9.69,-1.32,6090.0,10.55,7.88
HLICF,2/9/2026,9.52,9.72,9.52,9.72,0.31,3140.0,10.55,7.88
HLICF,2/10/2026,9.6,9.72,9.55,9.55,-1.75,1100.0,10.55,7.88
HLICF,2/11/2026,9.55,9.55,9.4,9.4,-1.57,1300.0,10.55,7.88
HLICF,2/12/2026,9.23,9.41,9.23,9.25,-1.6,2380.0,10.55,7.88
HLICF,2/16/2026,9.07,9.26,9.07,9.26,0.11,1900.0,10.55,7.88
HLICF,2/17/2026,9.08,9.61,9.08,9.61,3.78,5709.0,10.55,7.88
HLICF,2/22/2026,9.43,9.43,9.3,9.3,-3.23,699.0,10.55,7.88
HLICF,2/23/2026,9.29,9.29,9.12,9.17,-1.4,1710.0,10.55,7.88
HLICF,2/24/2026,8.99,9.15,8.99,9.15,-0.22,1000.0,10.55,7.88
HLICF,2/25/2026,9.0,9.33,9.0,9.15,0.0,1730.0,10.55,7.88
HLICF,2/26/2026,8.97,9.08,8.97,9.08,-0.77,1410.0,10.55,7.88
HLICF,2/27/2026,8.97,9.08,8.97,9.08,0.0,1410.0,10.55,7.88
HLICF,2/28/2026,8.97,9.08,8.97,9.08,0.0,1410.0,10.55,7.88
HLICF,3/2/2026,9.26,9.26,9.09,9.09,0.11,300.0,10.55,7.88
HLICF,3/3/2026,9.2,9.2,9.02,9.18,0.99,800.0,10.55,7.88
HLICF,3/4/2026,9.2,9.2,9.02,9.18,0.0,800.0,10.55,7.88
HLICF,3/5/2026,9.2,9.2,9.02,9.18,0.0,800.0,10.55,7.88
HLICF,3/6/2026,9.2,9.2,9.02,9.18,0.0,800.0,10.55,7.88
HLICF,3/7/2026,9.2,9.2,9.02,9.18,0.0,800.0,10.55,7.88
HLICF,3/8/2026,9.2,9.2,9.02,9.18,0.0,800.0,10.55,7.88
HLICF,3/10/2026,9.36,9.5,9.18,9.45,2.94,2520.0,10.55,7.88
HLICF,3/11/2026,9.45,9.5,9.45,9.5,0.53,13800.0,10.55,7.88
HLICF,3/12/2026,9.5,9.54,9.35,9.54,0.42,1200.0,10.55,7.88
HLICF,3/13/2026,9.5,9.54,9.35,9.54,0.0,1200.0,10.55,7.88
HLICF,3/14/2026,9.5,9.54,9.35,9.54,0.0,1200.0,10.55,7.88
HLICF,3/15/2026,9.35,9.5,9.31,9.38,-1.68,8190.0,10.55,7.88
HLICF,3/16/2026,9.2,9.25,9.2,9.25,-1.39,700.0,10.55,7.88
HLICF,3/17/2026,9.2,9.48,9.2,9.48,2.49,2300.0,10.55,7.88
HLICF,3/18/2026,9.2,9.48,9.2,9.48,0.0,2300.0,10.55,7.88
HLICF,3/19/2026,9.32,9.51,9.32,9.34,-1.48,1700.0,10.55,7.88
HLICF,3/20/2026,9.32,9.51,9.32,9.34,0.0,1700.0,10.55,7.88
HLICF,3/21/2026,9.32,9.51,9.32,9.34,0.0,1700.0,10.55,7.88
HLICF,3/22/2026,9.28,9.64,9.28,9.45,1.18,3420.0,10.55,7.88
HLICF,3/23/2026,9.35,9.91,9.35,9.91,4.87,5630.0,10.55,7.88
HLICF,3/24/2026,9.72,9.8,9.72,9.72,-1.92,100800.0,10.55,7.88
HLICF,3/25/2026,9.53,9.79,9.53,9.79,0.72,53700.0,10.55,7.88
HLICF,3/26/2026,9.6,9.6,9.6,9.6,0.0,3000.0,10.55,7.88
HLICF,3/29/2026,9.41,9.61,9.41,9.61,2.13,1400.0,10.55,7.88
HLICF,3/30/2026,9.42,9.44,9.42,9.44,0.21,1800.0,10.55,7.88
HLICF,3/31/2026,9.26,9.67,9.26,9.67,4.43,5460.0,10.55,7.88
HLICF,4/1/2026,9.5,9.6,9.32,9.33,-1.79,1910.0,10.55,7.88
HLICF,4/2/2026,9.16,9.49,9.16,9.49,3.6,1600.0,10.55,7.88
HLICF,4/5/2026,9.32,9.5,9.32,9.32,0.0,7100.0,10.55,7.88
HLICF,4/6/2026,9.14,9.32,9.14,9.2,0.66,6600.0,10.55,7.88
HLICF,4/7/2026,9.11,9.2,9.11,9.15,0.44,3000.0,10.55,7.88
HLICF,4/8/2026,9.05,9.35,9.05,9.35,3.31,1120.0,10.55,7.88
HLICF,4/9/2026,9.17,9.53,9.07,9.35,1.96,4000.0,10.55,7.88
HLICF,4/10/2026,9.18,9.49,9.0,9.23,0.54,67000.0,10.55,7.88
HLICF,4/13/2026,9.23,9.4,9.06,9.4,1.84,2600.0,10.55,7.88
HLICF,4/15/2026,9.22,9.49,9.07,9.49,2.93,41300.0,10.55,7.88
HLICF,4/16/2026,9.31,9.49,9.31,9.38,0.75,2300.0,10.55,7.88
HLICF,4/17/2026,9.2,9.38,9.05,9.09,-1.2,1500.0,10.55,7.88
HLICF,4/20/2026,9.09,9.36,9.09,9.33,2.64,2500.0,10.55,7.88
HLICF,4/21/2026,9.07,9.41,9.04,9.2,1.43,4750.0,10.55,7.88
HLICF,4/22/2026,9.0,9.2,9.0,9.15,1.67,9405.0,10.55,7.88
HLICF,4/23/2026,9.0,9.3,9.0,9.04,0.44,2940.0,10.55,7.88
HLICF,4/24/2026,9.04,9.3,8.87,9.3,2.88,2100.0,10.55,7.88
HLICF,4/27/2026,9.3,9.03,8.9,9.03,-2.9,1400.0,10.55,7.88
HLICF,4/28/2026,9.03,9.3,8.91,9.02,-0.11,6600.0,10.55,7.88
HLICF,4/29/2026,9.02,9.02,8.82,8.96,-0.67,3800.0,10.55,7.88
HLICF,4/30/2026,8.8,9.2,8.8,8.93,1.48,6000.0,10.55,7.88
HLICF,5/4/2026,8.93,9.3,8.82,9.03,1.12,9770.0,10.55,7.88
HLICF,5/5/2026,8.81,9.1,8.81,9.1,3.29,1000.0,10.55,7.88
HLICF,5/6/2026,8.83,9.25,8.83,9.2,4.19,2245.0,10.55,7.88
HLICF,5/7/2026,9.0,9.3,9.0,9.2,2.22,7680.0,10.55,7.88
HLICF,5/8/2026,9.2,9.25,9.2,9.2,0.0,2200.0,10.55,7.88
HLICF,5/11/2026,9.2,9.35,9.03,9.1,-1.09,17030.0,10.55,7.88
HLICF,5/12/2026,8.95,9.3,8.95,9.3,3.91,2500.0,10.55,7.88
HLICF,5/13/2026,9.1,9.37,9.1,9.12,0.22,2330.0,10.55,7.88
HLICF,5/14/2026,9.1,9.27,8.77,9.27,1.87,262500.0,10.55,7.88
HLICF,5/15/2026,9.35,9.35,9.0,9.0,-3.74,1100.0,10.55,7.88
HLICF,5/18/2026,8.9,9.1,8.9,9.01,1.24,1650.0,10.55,7.88
HLICF,5/19/2026,9.27,9.27,8.83,9.0,-2.91,7084.0,10.55,7.88
HLICF,5/20/2026,9.0,9.25,8.79,9.04,0.44,21700.0,10.55,7.88
HLICF,5/21/2026,8.9,8.99,8.85,8.99,1.01,24820.0,10.55,7.88
HLICF,5/22/2026,8.9,9.0,8.82,8.87,-0.34,77427.0,10.55,7.88
HLICF,5/25/2026,9.1,9.12,8.9,8.96,-1.54,50360.0,10.55,7.88
HLICF,5/26/2026,8.96,9.0,8.83,8.9,-0.67,5450.0,10.55,7.88
HLICF,5/27/2026,8.8,9.0,8.8,9.0,2.27,24670.0,10.55,7.88
HLICF,6/1/2026,9.0,9.0,8.85,8.9,-1.11,7200.0,10.55,7.88
HLICF,6/2/2026,8.75,9.0,8.75,8.99,2.74,8925.0,10.55,7.88
HLICF,6/3/2026,8.74,9.25,8.74,9.05,3.55,93710.0,10.55,7.88
HLICF,6/4/2026,8.8,9.19,8.8,9.18,4.32,11000.0,10.55,7.88
HLICF,6/5/2026,9.0,9.37,9.0,9.35,3.89,17100.0,10.55,7.88
HLICF,6/8/2026,9.6,9.88,8.85,9.04,-5.83,3150.0,10.55,7.88
HLICF,6/9/2026,9.0,9.2,9.0,9.0,0.0,605.0,10.55,7.88
HLICF,6/10/2026,9.0,9.0,8.81,9.0,0.0,3686.0,10.55,7.88
HLICF,6/11/2026,9.0,9.0,8.73,9.0,0.0,1850.0,10.55,7.88
HLICF,6/12/2026,8.75,9.01,8.75,9.01,2.97,800.0,10.55,7.88
HLICF,6/15/2026,8.75,9.0,8.75,9.0,2.86,7700.0,10.55,7.88
HLICF,6/16/2026,8.87,9.2,8.87,9.2,3.72,11600.0,10.55,7.88
HLICF,6/17/2026,9.2,9.2,9.0,9.0,-2.17,11000.0,10.55,7.88
HLICF,6/18/2026,8.76,9.0,8.76,8.82,0.68,3200.0,10.55,7.88
HLICF,6/19/2026,8.82,9.0,8.8,8.83,0.11,961.0,10.55,7.88
HLICF,6/22/2026,8.7,8.96,8.7,8.73,0.34,2700.0,10.55,7.88
HLICF,6/23/2026,8.6,8.88,8.6,8.88,3.26,4895.0,10.55,7.88
HLICF,6/24/2026,8.88,9.0,8.62,8.88,0.0,4100.0,10.55,7.88
HLICF,6/26/2026,9.0,9.26,8.73,8.92,-0.89,942.0,10.55,7.88
HLICF,6/29/2026,8.7,8.9,8.7,8.9,2.3,950.0,10.55,7.88
HLICF,6/30/2026,8.7,8.95,8.5,8.69,-0.11,2000.0,10.55,7.88
HLICF,7/1/2026,8.69,9.0,8.69,8.76,0.81,5500.0,10.55,7.88
HLICF,7/2/2026,8.76,9.08,8.5,8.92,1.83,900.0,10.55,7.88
HLICF,7/3/2026,8.66,8.8,8.66,8.8,1.62,4400.0,10.55,7.88
HLICF,7/6/2026,9.06,9.1,8.9,8.9,-1.77,3584.0,10.55,7.88
HLICF,7/7/2026,9.0,9.0,8.9,8.9,-1.11,700.0,10.55,7.88
HLICF,7/8/2026,9.16,9.16,8.9,9.16,0.0,3400.0,10.55,7.88
HLICF,7/9/2026,9.16,9.16,8.63,8.75,-4.48,4200.0,10.55,7.88
HLICF,7/10/2026,8.49,9.01,8.49,8.73,2.83,2832.0,10.55,7.88
HLICF,7/13/2026,8.73,8.8,8.48,8.75,0.23,1700.0,10.55,7.88
HLICF,7/14/2026,8.7,8.75,8.7,8.75,0.57,1082.0,10.55,7.88
HLICF,7/15/2026,8.75,8.75,8.55,8.7,-0.57,700.0,10.55,7.88
HLICF,7/16/2026,8.7,8.8,8.67,8.7,0.0,4360.0,10.55,7.88
HLICF,7/17/2026,8.7,8.9,8.64,8.64,-0.69,800.0,10.55,7.88
HLICF,7/20/2026,8.42,8.74,8.25,8.74,3.8,10620.0,10.55,7.88
HLICF,7/21/2026,8.74,8.99,8.73,8.73,-0.11,1525.0,10.55,7.88
HLICF,7/22/2026,8.48,8.95,8.48,8.95,5.54,1300.0,10.55,7.88
HLICF,7/23/2026,8.69,8.95,8.69,8.92,2.65,2320.0,10.55,7.88
HLICF,7/24/2026,8.66,8.78,8.45,8.75,1.04,7601.0,10.55,7.88
HLICF,7/27/2026,8.49,8.6,8.25,8.6,1.3,2750.0,10.55,7.88
HLICF,7/28/2026,8.35,8.41,8.35,8.41,0.72,500.0,10.55,7.88
HLICF,7/29/2026,8.43,8.92,8.3,8.69,3.08,4195.0,10.55,7.88
HLICF,7/30/2026,8.7,8.7,8.5,8.69,-0.11,1300.0,10.55,7.88
HLICF,7/31/2026,8.7,8.95,8.47,8.55,-1.72,1800.0,10.55,7.88
HLICF,8/3/2026,8.43,8.51,8.43,8.51,0.95,2083.0,10.55,7.88
HLICF,8/4/2026,8.76,9.02,8.53,8.66,-1.14,12475.0,10.55,7.88
HLICF,8/5/2026,8.66,8.66,8.66,8.66,0.0,1300.0,10.55,7.88
HLICF,8/6/2026,8.66,8.66,8.41,8.5,-1.85,1770.0,10.55,7.88
HLICF,8/7/2026,8.25,8.95,8.25,8.94,8.36,2934.0,10.55,7.88
HLICF,8/10/2026,9.0,9.0,8.27,8.72,-3.11,5750.0,10.55,7.88
HLICF,8/11/2026,8.47,8.75,8.47,8.5,0.35,3200.0,10.55,7.88
HLICF,8/12/2026,8.5,8.75,8.5,8.53,0.35,1500.0,10.55,7.88
HLICF,8/13/2026,8.78,8.78,8.27,8.41,-4.21,700.0,10.55,7.88
HLICF,8/14/2026,8.5,8.9,8.5,8.6,1.18,1834.0,10.55,7.88
HLICF,8/17/2026,8.5,8.5,8.4,8.4,-1.18,700.0,10.55,7.88
HLICF,8/18/2026,8.3,8.7,8.3,8.7,4.82,1000.0,10.55,7.88
HLICF,8/19/2026,8.44,8.61,8.25,8.61,2.01,2300.0,10.55,7.88
HLICF,8/20/2026,8.61,8.61,8.37,8.37,-2.79,1400.0,10.55,7.88
HLICF,8/21/2026,8.0,8.56,8.0,8.55,6.88,2050.0,10.55,7.88
HLICF,8/24/2026,8.4,8.55,8.31,8.5,1.19,700.0,10.55,7.88
HLICF,8/25/2026,8.35,8.5,8.06,8.3,-0.6,3270.0,10.55,7.88
HLICF,8/26/2026,8.23,8.54,8.23,8.3,0.85,4000.0,10.55,7.88
HLICF,8/27/2026,8.2,8.51,8.2,8.28,0.98,2600.0,10.55,7.88
HLICF,8/31/2026,8.3,8.74,8.3,8.5,2.41,6673.0,10.55,7.88
HLICF,9/1/2026,8.3,8.55,8.3,8.55,3.01,600.0,10.55,7.88
HLICF,9/2/2026,8.55,8.55,8.3,8.3,-2.92,950.0,10.55,7.88
HLICF,9/3/2026,8.5,8.54,8.3,8.31,-2.24,1000.0,10.55,7.88
HLICF,9/7/2026,8.3,8.51,7.88,8.51,2.53,2100.0,10.55,7.88
HLICF,9/9/2026,8.26,8.4,8.2,8.21,-0.61,950.0,10.55,7.88
HLICF,9/10/2026,8.21,8.6,8.2,8.44,2.8,2450.0,10.55,7.88
HLICF,9/11/2026,8.2,8.35,8.2,8.35,1.83,1400.0,10.55,7.88
HLICF,9/14/2026,8.2,8.35,8.2,8.24,0.49,300.0,10.55,7.88
HLICF,9/15/2026,8.23,8.47,8.23,8.26,0.36,6610.0,10.55,7.88
HLICF,9/16/2026,8.24,8.26,8.24,8.26,0.24,700.0,10.55,7.88
HLICF,9/17/2026,8.26,8.5,8.26,8.4,1.69,1500.0,10.55,7.88
HLICF,9/18/2026,8.24,8.65,8.24,8.4,1.94,3001967.0,10.55,7.88
HLICF,9/22/2026,8.22,8.46,8.16,8.24,0.24,3000700.0,10.55,7.88
HLICF,9/23/2026,8.25,8.81,8.25,8.41,1.94,5011650.0,10.55,7.88
HLICF,9/24/2026,8.41,8.77,8.36,8.66,2.97,3900250.0,10.55,7.88
HLICF,9/28/2026,8.45,8.45,8.42,8.42,-0.36,400.0,10.55,7.88
HLICF,9/29/2026,8.25,8.32,8.25,0.0,-100.0,2850.0,10.55,7.88
HLICF,9/30/2026,8.5,8.5,8.3,8.33,-2.0,1400.0,10.55,7.88
HLICF,10/1/2026,8.2,8.33,8.2,8.33,1.59,700.0,10.55,7.88
HLICF,10/2/2026,8.33,8.56,8.32,8.5,2.04,2850.0,10.55,7.88
HPPL,9/17/2017,391.0,400.0,386.0,389.0,,6660.0,605.0,340.1
HPPL,9/18/2017,389.0,399.0,377.0,392.0,0.77,9581.0,605.0,340.1
HPPL,9/20/2017,392.0,393.0,385.0,386.0,-1.53,5430.0,605.0,340.1
HPPL,9/24/2017,386.0,395.0,376.0,395.0,2.33,1960.0,605.0,340.1
HPPL,9/25/2017,395.0,395.0,382.0,386.0,-2.28,4750.0,605.0,340.1
HPPL,9/26/2017,386.0,393.0,379.0,388.0,0.52,7880.0,605.0,340.1
HPPL,10/3/2017,388.0,393.0,384.0,386.0,-0.52,1230.0,605.0,340.1
HPPL,10/4/2017,386.0,393.0,384.0,385.0,-0.26,3080.0,605.0,340.1
HPPL,10/8/2017,385.0,386.0,372.0,372.0,-3.38,9597.0,605.0,340.1
HPPL,10/9/2017,372.0,376.0,370.0,375.0,0.81,3430.0,605.0,340.1
HPPL,10/10/2017,375.0,382.0,368.0,380.0,1.33,6975.0,605.0,340.1
HPPL,10/11/2017,380.0,380.0,369.0,369.0,-2.89,7330.0,605.0,340.1
HPPL,10/12/2017,369.0,376.0,362.0,375.0,1.63,4390.0,605.0,340.1
HPPL,10/15/2017,375.0,380.0,366.0,370.0,-1.33,1058.0,605.0,340.1
HPPL,10/16/2017,370.0,377.0,364.0,371.0,0.27,9849.0,605.0,340.1
HPPL,10/17/2017,371.0,375.0,369.0,370.0,-0.27,5769.0,605.0,340.1
HPPL,10/18/2017,370.0,377.0,365.0,375.0,1.35,1430.0,605.0,340.1
HPPL,10/22/2017,375.0,384.0,368.0,370.0,-1.33,2500.0,605.0,340.1
HPPL,10/23/2017,370.0,371.0,365.0,369.0,-0.27,1885.0,605.0,340.1
HPPL,10/24/2017,369.0,377.0,366.0,371.0,0.54,4140.0,605.0,340.1
HPPL,10/25/2017,371.0,375.0,365.0,368.0,-0.81,10720.0,605.0,340.1
HPPL,10/29/2017,368.0,375.0,361.0,366.0,-0.54,4050.0,605.0,340.1
HPPL,10/30/2017,366.0,370.0,360.0,365.0,-0.27,2470.0,605.0,340.1
HPPL,10/31/2017,365.0,366.0,360.0,363.0,-0.55,2930.0,605.0,340.1
HPPL,11/1/2017,363.0,366.0,358.0,361.0,-0.55,3300.0,605.0,340.1
HPPL,11/2/2017,361.0,365.0,355.0,365.0,1.11,1630.0,605.0,340.1
HPPL,11/5/2017,365.0,366.0,350.0,360.0,-1.37,3500.0,605.0,340.1
HPPL,11/6/2017,360.0,366.0,353.0,355.0,-1.39,2690.0,605.0,340.1
HPPL,11/7/2017,355.0,357.0,352.0,353.0,-0.56,1560.0,605.0,340.1
HPPL,11/8/2017,353.0,352.0,343.0,346.0,-1.98,4549.0,605.0,340.1
HPPL,11/9/2017,346.0,345.0,336.0,337.0,-2.6,5280.0,605.0,340.1
HPPL,11/12/2017,337.0,342.0,331.0,340.0,0.89,2260.0,605.0,340.1
HPPL,11/13/2017,340.0,356.0,340.0,348.0,2.35,4710.0,605.0,340.1
HPPL,11/14/2017,348.0,360.0,342.0,355.0,2.01,1830.0,605.0,340.1
HPPL,11/15/2017,355.0,360.0,345.0,351.0,-1.13,2920.0,605.0,340.1
HPPL,11/16/2017,351.0,351.0,338.0,342.0,-2.56,6260.0,605.0,340.1
HPPL,11/19/2017,342.0,348.0,337.0,347.0,1.46,7211.0,605.0,340.1
HPPL,11/20/2017,347.0,348.0,343.0,347.0,0.0,2130.0,605.0,340.1
HPPL,11/21/2017,347.0,353.0,344.0,350.0,0.86,3550.0,605.0,340.1
HPPL,11/22/2017,350.0,355.0,345.0,348.0,-0.57,4160.0,605.0,340.1
HPPL,11/23/2017,348.0,371.0,348.0,371.0,6.61,4600.0,605.0,340.1
HPPL,11/26/2017,371.0,385.0,358.0,385.0,3.77,6509.0,605.0,340.1
HPPL,11/27/2017,385.0,380.0,370.0,375.0,-2.6,7067.0,605.0,340.1
HPPL,11/28/2017,375.0,380.0,368.0,371.0,-1.07,1370.0,605.0,340.1
HPPL,11/29/2017,371.0,400.0,375.0,388.0,4.58,22939.0,605.0,340.1
HPPL,11/30/2017,388.0,410.0,381.0,402.0,3.61,22390.0,605.0,340.1
HPPL,12/4/2017,402.0,435.0,400.0,428.0,6.47,37403.0,605.0,340.1
HPPL,12/5/2017,428.0,435.0,410.0,425.0,-0.7,23689.0,605.0,340.1
HPPL,12/6/2017,425.0,425.0,409.0,415.0,-2.35,7690.0,605.0,340.1
HPPL,12/10/2017,415.0,428.0,407.0,409.0,-1.45,5700.0,605.0,340.1
HPPL,12/11/2017,409.0,413.0,398.0,402.0,-1.71,5431.0,605.0,340.1
HPPL,12/12/2017,402.0,405.0,390.0,391.0,-2.74,9340.0,605.0,340.1
HPPL,12/13/2017,391.0,405.0,383.0,398.0,1.79,3900.0,605.0,340.1
HPPL,12/14/2017,398.0,400.0,395.0,397.0,-0.25,700.0,605.0,340.1
HPPL,12/17/2017,397.0,400.0,393.0,394.0,-0.76,4410.0,605.0,340.1
HPPL,12/18/2017,394.0,399.0,390.0,397.0,0.76,6884.0,605.0,340.1
HPPL,12/19/2017,397.0,394.0,387.0,390.0,-1.76,3548.0,605.0,340.1
HPPL,12/20/2017,390.0,391.0,384.0,385.0,-1.28,3840.0,605.0,340.1
HPPL,12/21/2017,385.0,403.0,379.0,386.0,0.26,3480.0,605.0,340.1
HPPL,12/24/2017,386.0,390.0,383.0,386.0,0.0,4104.0,605.0,340.1
HPPL,12/26/2017,386.0,386.0,366.0,380.0,-1.55,5265.0,605.0,340.1
HPPL,12/27/2017,380.0,380.0,367.0,374.0,-1.58,4330.0,605.0,340.1
HPPL,12/28/2017,374.0,378.0,361.0,370.0,-1.07,6611.0,605.0,340.1
HPPL,12/31/2017,370.0,369.0,358.0,367.0,-0.81,1450.0,605.0,340.1
HPPL,1/1/2018,367.0,382.0,362.0,375.0,2.18,2951.0,605.0,340.1
HPPL,1/2/2018,375.0,384.0,368.0,376.0,0.27,5340.0,605.0,340.1
HPPL,1/3/2018,376.0,373.0,367.0,371.0,-1.33,770.0,605.0,340.1
HPPL,1/4/2018,371.0,374.0,366.0,369.0,-0.54,1680.0,605.0,340.1
HPPL,1/7/2018,369.0,380.0,369.0,372.0,0.81,2950.0,605.0,340.1
HPPL,1/8/2018,372.0,382.0,365.0,382.0,2.69,2470.0,605.0,340.1
HPPL,1/9/2018,382.0,385.0,377.0,380.0,-0.52,1991.0,605.0,340.1
HPPL,1/10/2018,380.0,381.0,370.0,373.0,-1.84,2660.0,605.0,340.1
HPPL,1/14/2018,373.0,379.0,363.0,368.0,-1.34,8540.0,605.0,340.1
HPPL,1/16/2018,368.0,370.0,362.0,370.0,0.54,3721.0,605.0,340.1
HPPL,1/17/2018,370.0,370.0,362.0,365.0,-1.35,6830.0,605.0,340.1
HPPL,1/21/2018,365.0,372.0,362.0,367.0,0.55,1238.0,605.0,340.1
HPPL,1/22/2018,367.0,374.0,365.0,365.0,-0.54,2430.0,605.0,340.1
HPPL,1/23/2018,365.0,369.0,365.0,365.0,0.0,420.0,605.0,340.1
HPPL,1/24/2018,365.0,369.0,360.0,367.0,0.55,2600.0,605.0,340.1
HPPL,1/25/2018,367.0,373.0,363.0,373.0,1.63,2650.0,605.0,340.1
HPPL,1/28/2018,373.0,375.0,365.0,367.0,-1.61,35899.0,605.0,340.1
HPPL,1/29/2018,367.0,368.0,364.0,367.0,0.0,590.0,605.0,340.1
HPPL,1/31/2018,367.0,374.0,364.0,370.0,0.82,1220.0,605.0,340.1
HPPL,2/1/2018,370.0,376.0,369.0,375.0,1.35,800.0,605.0,340.1
HPPL,2/4/2018,375.0,375.0,369.0,371.0,-1.07,3800.0,605.0,340.1
HPPL,2/5/2018,371.0,371.0,365.0,366.0,-1.35,3630.0,605.0,340.1
HPPL,2/6/2018,366.0,369.0,362.0,364.0,-0.55,2480.0,605.0,340.1
HPPL,2/7/2018,364.0,367.0,357.0,364.0,0.0,1290.0,605.0,340.1
HPPL,2/8/2018,364.0,366.0,359.0,365.0,0.27,2300.0,605.0,340.1
HPPL,2/11/2018,365.0,365.0,360.0,364.0,-0.27,820.0,605.0,340.1
HPPL,2/12/2018,364.0,360.0,358.0,360.0,-1.1,1600.0,605.0,340.1
HPPL,2/14/2018,360.0,367.0,354.0,367.0,1.94,3750.0,605.0,340.1
HPPL,2/15/2018,367.0,374.0,361.0,372.0,1.36,5880.0,605.0,340.1
HPPL,2/18/2018,370.0,370.0,356.0,359.0,-3.49,600.0,605.0,340.1
HPPL,2/20/2018,360.0,361.0,357.0,357.0,-0.56,810.0,605.0,340.1
HPPL,2/21/2018,353.0,356.0,353.0,355.0,-0.56,1480.0,605.0,340.1
HPPL,2/22/2018,356.0,358.0,351.0,351.0,-1.13,2220.0,605.0,340.1
HPPL,2/25/2018,351.0,353.0,348.0,349.0,-0.57,4530.0,605.0,340.1
HPPL,2/26/2018,346.0,349.0,345.0,345.0,-1.15,2370.0,605.0,340.1
HPPL,2/27/2018,339.0,351.0,334.0,351.0,1.74,7860.0,605.0,340.1
HPPL,2/28/2018,344.0,344.0,330.0,334.0,-4.84,4430.0,605.0,340.1
HPPL,3/4/2018,335.0,335.0,315.0,317.0,-5.09,3475.0,605.0,340.1
HPPL,3/5/2018,323.0,325.0,303.0,303.0,-4.42,4934.0,605.0,340.1
HPPL,3/6/2018,303.0,315.0,298.0,304.0,0.33,4640.0,605.0,340.1
HPPL,3/7/2018,300.0,316.0,295.0,316.0,3.95,290.0,605.0,340.1
HPPL,3/11/2018,322.0,322.0,302.0,316.0,0.0,840.0,605.0,340.1
HPPL,3/12/2018,310.0,310.0,296.0,302.0,-4.43,870.0,605.0,340.1
HPPL,3/13/2018,297.0,305.0,297.0,302.0,0.0,300.0,605.0,340.1
HPPL,3/14/2018,308.0,311.0,305.0,309.0,2.32,730.0,605.0,340.1
HPPL,3/15/2018,310.0,311.0,307.0,311.0,0.65,330.0,605.0,340.1
HPPL,3/18/2018,306.0,306.0,302.0,302.0,-2.89,1237.0,605.0,340.1
HPPL,3/19/2018,297.0,307.0,297.0,307.0,1.66,570.0,605.0,340.1
HPPL,3/20/2018,308.0,308.0,290.0,295.0,-3.91,1850.0,605.0,340.1
HPPL,3/21/2018,290.0,293.0,288.0,291.0,-1.36,2500.0,605.0,340.1
HPPL,3/22/2018,292.0,292.0,284.0,285.0,-2.06,4305.0,605.0,340.1
HPPL,3/26/2018,280.0,280.0,260.0,261.0,-8.42,3300.0,605.0,340.1
HPPL,3/27/2018,257.0,286.0,238.0,285.0,9.2,2040.0,605.0,340.1
HPPL,3/28/2018,290.0,290.0,266.0,275.0,-3.51,2010.0,605.0,340.1
HPPL,3/29/2018,280.0,285.0,265.0,285.0,3.64,1045.0,605.0,340.1
HPPL,4/1/2018,280.0,280.0,268.0,272.0,-4.56,1870.0,605.0,340.1
HPPL,4/2/2018,270.0,272.0,270.0,270.0,-0.74,600.0,605.0,340.1
HPPL,4/3/2018,265.0,280.0,251.0,268.0,-0.74,790.0,605.0,340.1
HPPL,4/4/2018,268.0,278.0,267.0,278.0,3.73,280.0,605.0,340.1
HPPL,4/5/2018,280.0,295.0,277.0,290.0,4.32,3400.0,605.0,340.1
HPPL,4/8/2018,291.0,301.0,290.0,297.0,2.41,7900.0,605.0,340.1
HPPL,4/9/2018,292.0,302.0,289.0,290.0,-2.36,6570.0,605.0,340.1
HPPL,4/10/2018,290.0,292.0,280.0,282.0,-2.76,1250.0,605.0,340.1
HPPL,4/11/2018,279.0,286.0,279.0,286.0,1.42,470.0,605.0,340.1
HPPL,4/12/2018,286.0,290.0,280.0,287.0,0.35,990.0,605.0,340.1
HPPL,4/15/2018,288.0,288.0,279.0,285.0,-0.7,420.0,605.0,340.1
HPPL,4/16/2018,280.0,286.0,276.0,286.0,0.35,1530.0,605.0,340.1
HPPL,4/17/2018,290.0,300.0,281.0,290.0,1.4,4980.0,605.0,340.1
HPPL,4/18/2018,285.0,319.0,285.0,319.0,10.0,22008.0,605.0,340.1
HPPL,4/19/2018,320.0,343.0,316.0,338.0,5.96,16230.0,605.0,340.1
HPPL,4/22/2018,344.0,370.0,341.0,370.0,9.47,11090.0,605.0,340.1
HPPL,4/23/2018,365.0,365.0,336.0,350.0,-5.41,13437.0,605.0,340.1
HPPL,4/24/2018,343.0,356.0,331.0,345.0,-1.43,4440.0,605.0,340.1
HPPL,4/25/2018,339.0,347.0,330.0,338.0,-2.03,3620.0,605.0,340.1
HPPL,4/26/2018,338.0,338.0,327.0,329.0,-2.66,2210.0,605.0,340.1
HPPL,4/29/2018,323.0,335.0,312.0,329.0,0.0,850.0,605.0,340.1
HPPL,5/2/2018,335.0,335.0,318.0,333.0,1.22,3536.0,605.0,340.1
HPPL,5/3/2018,334.0,340.0,328.0,331.0,-0.6,4369.0,605.0,340.1
HPPL,5/6/2018,332.0,332.0,320.0,324.0,-2.11,1270.0,605.0,340.1
HPPL,5/7/2018,323.0,330.0,320.0,325.0,0.31,1450.0,605.0,340.1
HPPL,5/8/2018,326.0,333.0,321.0,333.0,2.46,2230.0,605.0,340.1
HPPL,5/9/2018,327.0,331.0,326.0,327.0,-1.8,1830.0,605.0,340.1
HPPL,5/10/2018,326.0,329.0,326.0,326.0,-0.31,2799.0,605.0,340.1
HPPL,5/14/2018,320.0,331.0,320.0,331.0,1.53,5070.0,605.0,340.1
HPPL,5/15/2018,325.0,331.0,322.0,331.0,0.0,720.0,605.0,340.1
HPPL,5/16/2018,327.0,328.0,320.0,320.0,-3.32,2880.0,605.0,340.1
HPPL,5/17/2018,322.0,327.0,322.0,327.0,2.19,545.0,605.0,340.1
HPPL,5/20/2018,323.0,328.0,323.0,326.0,-0.31,600.0,605.0,340.1
HPPL,5/21/2018,328.0,327.0,323.0,325.0,-0.31,2130.0,605.0,340.1
HPPL,5/22/2018,326.0,326.0,323.0,325.0,0.0,1320.0,605.0,340.1
HPPL,5/23/2018,325.0,325.0,320.0,324.0,-0.31,1990.0,605.0,340.1
HPPL,5/24/2018,329.0,329.0,322.0,323.0,-0.31,240.0,605.0,340.1
HPPL,5/27/2018,323.0,326.0,312.0,312.0,-3.41,1440.0,605.0,340.1
HPPL,5/28/2018,307.0,330.0,300.0,330.0,5.77,560.0,605.0,340.1
HPPL,5/29/2018,324.0,324.0,318.0,320.0,-3.03,2720.0,605.0,340.1
HPPL,5/30/2018,316.0,325.0,308.0,308.0,-3.75,1960.0,605.0,340.1
HPPL,5/31/2018,310.0,316.0,308.0,312.0,1.3,495.0,605.0,340.1
HPPL,6/3/2018,306.0,314.0,306.0,308.0,-1.28,680.0,605.0,340.1
HPPL,6/4/2018,305.0,308.0,300.0,302.0,-1.95,290.0,605.0,340.1
HPPL,6/6/2018,305.0,308.0,305.0,308.0,1.99,110.0,605.0,340.1
HPPL,6/7/2018,310.0,310.0,295.0,302.0,-1.95,1960.0,605.0,340.1
HPPL,6/10/2018,305.0,305.0,300.0,301.0,-0.33,2366.0,605.0,340.1
HPPL,6/11/2018,302.0,302.0,292.0,302.0,0.33,2710.0,605.0,340.1
HPPL,6/12/2018,302.0,302.0,296.0,300.0,-0.66,1170.0,605.0,340.1
HPPL,6/13/2018,296.0,306.0,296.0,301.0,0.33,1035.0,605.0,340.1
HPPL,6/14/2018,301.0,310.0,300.0,308.0,2.33,5990.0,605.0,340.1
HPPL,6/17/2018,302.0,305.0,298.0,299.0,-2.92,3150.0,605.0,340.1
HPPL,6/18/2018,294.0,306.0,294.0,306.0,2.34,460.0,605.0,340.1
HPPL,6/19/2018,301.0,306.0,297.0,306.0,0.0,1940.0,605.0,340.1
HPPL,6/20/2018,301.0,301.0,296.0,297.0,-2.94,567.0,605.0,340.1
HPPL,6/21/2018,293.0,300.0,293.0,298.0,0.34,1780.0,605.0,340.1
HPPL,6/24/2018,293.0,298.0,293.0,294.0,-1.34,650.0,605.0,340.1
HPPL,6/25/2018,296.0,296.0,290.0,292.0,-0.68,520.0,605.0,340.1
HPPL,6/26/2018,287.0,288.0,287.0,287.0,-1.71,970.0,605.0,340.1
HPPL,6/27/2018,282.0,290.0,280.0,290.0,1.05,100.0,605.0,340.1
HPPL,6/28/2018,285.0,290.0,285.0,288.0,-0.69,250.0,605.0,340.1
HPPL,7/1/2018,285.0,291.0,278.0,278.0,-3.47,570.0,605.0,340.1
HPPL,7/2/2018,278.0,281.0,273.0,281.0,1.08,250.0,605.0,340.1
HPPL,7/3/2018,279.0,285.0,269.0,272.0,-3.2,262.0,605.0,340.1
HPPL,7/4/2018,270.0,280.0,270.0,278.0,2.21,410.0,605.0,340.1
HPPL,7/5/2018,280.0,300.0,276.0,287.0,3.24,955.0,605.0,340.1
HPPL,7/8/2018,282.0,286.0,277.0,282.0,-1.74,1400.0,605.0,340.1
HPPL,7/9/2018,284.0,284.0,273.0,279.0,-1.06,400.0,605.0,340.1
HPPL,7/10/2018,274.0,282.0,273.0,277.0,-0.72,2920.0,605.0,340.1
HPPL,7/11/2018,277.0,282.0,272.0,278.0,0.36,1297.0,605.0,340.1
HPPL,7/12/2018,275.0,280.0,269.0,270.0,-2.88,2580.0,605.0,340.1
HPPL,7/15/2018,270.0,272.0,270.0,272.0,0.74,230.0,605.0,340.1
HPPL,7/16/2018,270.0,284.0,269.0,284.0,4.41,530.0,605.0,340.1
HPPL,7/17/2018,279.0,280.0,273.0,280.0,-1.41,260.0,605.0,340.1
HPPL,7/18/2018,275.0,280.0,275.0,276.0,-1.43,120.0,605.0,340.1
HPPL,7/19/2018,273.0,277.0,272.0,277.0,0.36,350.0,605.0,340.1
HPPL,7/22/2018,275.0,278.0,271.0,274.0,-1.08,340.0,605.0,340.1
HPPL,7/23/2018,270.0,276.0,270.0,274.0,0.0,210.0,605.0,340.1
HPPL,7/24/2018,274.0,279.0,270.0,273.0,-0.36,420.0,605.0,340.1
HPPL,7/25/2018,270.0,275.0,270.0,273.0,0.0,350.0,605.0,340.1
HPPL,7/26/2018,271.0,278.0,271.0,278.0,1.83,1440.0,605.0,340.1
HPPL,7/29/2018,275.0,277.0,273.0,277.0,-0.36,1140.0,605.0,340.1
HPPL,7/30/2018,273.0,277.0,273.0,274.0,-1.08,370.0,605.0,340.1
HPPL,7/31/2018,274.0,276.0,270.0,276.0,0.73,660.0,605.0,340.1
HPPL,8/1/2018,281.0,281.0,271.0,273.0,-1.09,1170.0,605.0,340.1
HPPL,8/2/2018,271.0,275.0,270.0,270.0,-1.1,260.0,605.0,340.1
HPPL,8/5/2018,270.0,271.0,269.0,270.0,0.0,260.0,605.0,340.1
HPPL,8/6/2018,266.0,272.0,266.0,272.0,0.74,950.0,605.0,340.1
HPPL,8/7/2018,267.0,270.0,266.0,270.0,-0.74,740.0,605.0,340.1
HPPL,8/8/2018,266.0,270.0,259.0,260.0,-3.7,1760.0,605.0,340.1
HPPL,8/9/2018,260.0,261.0,254.0,254.0,-2.31,1500.0,605.0,340.1
HPPL,8/12/2018,255.0,256.0,244.0,256.0,0.79,2090.0,605.0,340.1
HPPL,8/13/2018,256.0,256.0,248.0,254.0,-0.78,330.0,605.0,340.1
HPPL,8/14/2018,259.0,259.0,247.0,249.0,-1.97,500.0,605.0,340.1
HPPL,8/15/2018,249.0,265.0,247.0,265.0,6.43,860.0,605.0,340.1
HPPL,8/16/2018,270.0,275.0,257.0,270.0,1.89,2310.0,605.0,340.1
HPPL,8/20/2018,265.0,265.0,248.0,250.0,-7.41,520.0,605.0,340.1
HPPL,8/21/2018,246.0,253.0,246.0,251.0,0.4,590.0,605.0,340.1
HPPL,8/22/2018,246.0,250.0,246.0,250.0,-0.4,300.0,605.0,340.1
HPPL,8/23/2018,245.0,255.0,245.0,255.0,2.0,380.0,605.0,340.1
HPPL,8/26/2018,254.0,254.0,246.0,250.0,-1.96,140.0,605.0,340.1
HPPL,8/28/2018,250.0,250.0,242.0,248.0,-0.8,530.0,605.0,340.1
HPPL,8/29/2018,245.0,248.0,244.0,246.0,-0.81,1240.0,605.0,340.1
HPPL,8/30/2018,250.0,250.0,245.0,245.0,-0.41,390.0,605.0,340.1
HPPL,9/2/2018,241.0,245.0,241.0,243.0,-0.82,200.0,605.0,340.1
HPPL,9/3/2018,241.0,249.0,241.0,246.0,1.23,430.0,605.0,340.1
HPPL,9/4/2018,243.0,260.0,243.0,247.0,0.41,340.0,605.0,340.1
HPPL,9/5/2018,247.0,271.0,247.0,271.0,9.72,1430.0,605.0,340.1
HPPL,9/9/2018,266.0,266.0,251.0,252.0,-7.01,220.0,605.0,340.1
HPPL,9/10/2018,252.0,255.0,248.0,249.0,-1.19,1010.0,605.0,340.1
HPPL,9/11/2018,248.0,263.0,248.0,250.0,0.4,330.0,605.0,340.1
HPPL,9/12/2018,250.0,260.0,248.0,260.0,4.0,570.0,605.0,340.1
HPPL,9/13/2018,255.0,260.0,252.0,252.0,-3.08,780.0,605.0,340.1
HPPL,9/16/2018,248.0,262.0,248.0,254.0,0.79,530.0,605.0,340.1
HPPL,9/17/2018,259.0,263.0,252.0,252.0,-0.79,460.0,605.0,340.1
HPPL,9/18/2018,255.0,270.0,250.0,270.0,7.14,680.0,605.0,340.1
HPPL,9/20/2018,271.0,271.0,255.0,257.0,-4.81,2150.0,605.0,340.1
HPPL,9/23/2018,257.0,259.0,254.0,257.0,0.0,850.0,605.0,340.1
HPPL,9/25/2018,257.0,267.0,254.0,267.0,3.89,710.0,605.0,340.1
HPPL,9/26/2018,262.0,271.0,255.0,271.0,1.5,1970.0,605.0,340.1
HPPL,9/27/2018,266.0,266.0,254.0,255.0,-5.9,2590.0,605.0,340.1
HPPL,9/30/2018,250.0,256.0,250.0,255.0,0.0,1517.0,605.0,340.1
HPPL,10/1/2018,252.0,255.0,252.0,254.0,-0.39,420.0,605.0,340.1
HPPL,10/2/2018,254.0,254.0,251.0,253.0,-0.39,550.0,605.0,340.1
HPPL,10/3/2018,250.0,257.0,249.0,252.0,-0.4,1710.0,605.0,340.1
HPPL,10/4/2018,252.0,252.0,249.0,252.0,0.0,150.0,605.0,340.1
HPPL,10/7/2018,247.0,252.0,244.0,251.0,-0.4,430.0,605.0,340.1
HPPL,10/8/2018,246.0,252.0,246.0,249.0,-0.8,465.0,605.0,340.1
HPPL,10/9/2018,253.0,253.0,245.0,247.0,-0.8,930.0,605.0,340.1
HPPL,10/10/2018,243.0,244.0,240.0,242.0,-2.02,1230.0,605.0,340.1
HPPL,10/11/2018,239.0,246.0,238.0,244.0,0.83,280.0,605.0,340.1
HPPL,10/14/2018,248.0,248.0,240.0,240.0,-1.64,200.0,605.0,340.1
HPPL,10/15/2018,243.0,244.0,240.0,244.0,1.67,210.0,605.0,340.1
HPPL,10/21/2018,243.0,243.0,240.0,241.0,-1.23,80.0,605.0,340.1
HPPL,10/22/2018,237.0,242.0,235.0,242.0,0.41,1207.0,605.0,340.1
HPPL,10/23/2018,238.0,242.0,235.0,238.0,-1.65,770.0,605.0,340.1
HPPL,10/24/2018,235.0,242.0,235.0,240.0,0.84,1370.0,605.0,340.1
HPPL,10/25/2018,238.0,249.0,238.0,249.0,3.75,430.0,605.0,340.1
HPPL,10/28/2018,245.0,245.0,236.0,241.0,-3.21,160.0,605.0,340.1
HPPL,10/29/2018,237.0,245.0,233.0,245.0,1.66,400.0,605.0,340.1
HPPL,10/30/2018,245.0,245.0,233.0,237.0,-3.27,1230.0,605.0,340.1
HPPL,10/31/2018,233.0,234.0,230.0,230.0,-2.95,970.0,605.0,340.1
HPPL,11/1/2018,230.0,230.0,226.0,229.0,-0.43,340.0,605.0,340.1
HPPL,11/4/2018,225.0,230.0,225.0,230.0,0.44,250.0,605.0,340.1
HPPL,11/5/2018,226.0,227.0,222.0,227.0,-1.3,580.0,605.0,340.1
HPPL,11/6/2018,227.0,230.0,230.0,226.0,-0.44,10.0,605.0,340.1
HPPL,11/11/2018,226.0,226.0,218.0,223.0,-1.33,270.0,605.0,340.1
HPPL,11/13/2018,219.0,223.0,210.0,210.0,-5.83,680.0,605.0,340.1
HPPL,11/14/2018,206.0,210.0,200.0,205.0,-2.38,1869.0,605.0,340.1
HPPL,11/15/2018,202.0,208.0,202.0,207.0,0.98,201.0,605.0,340.1
HPPL,11/18/2018,206.0,210.0,205.0,205.0,-0.97,1650.0,605.0,340.1
HPPL,11/19/2018,202.0,207.0,202.0,202.0,-1.46,400.0,605.0,340.1
HPPL,11/20/2018,198.0,202.0,195.0,199.0,-1.49,970.0,605.0,340.1
HPPL,11/21/2018,196.0,196.0,190.0,190.0,-4.52,1510.0,605.0,340.1
HPPL,11/22/2018,191.0,193.0,188.0,188.0,-1.05,2410.0,605.0,340.1
HPPL,11/25/2018,187.0,187.0,181.0,181.0,-3.72,1700.0,605.0,340.1
HPPL,11/26/2018,179.0,181.0,175.0,176.0,-2.76,1365.0,605.0,340.1
HPPL,11/27/2018,178.0,181.0,175.0,178.0,1.14,6230.0,605.0,340.1
HPPL,11/28/2018,180.0,184.0,180.0,180.0,1.12,6710.0,605.0,340.1
HPPL,11/29/2018,183.0,183.0,175.0,176.0,-2.22,5510.0,605.0,340.1
HPPL,12/2/2018,174.0,174.0,165.0,170.0,-3.41,1600.0,605.0,340.1
HPPL,12/3/2018,173.0,174.0,170.0,170.0,0.0,1640.0,605.0,340.1
HPPL,12/4/2018,170.0,175.0,170.0,175.0,2.94,938.0,605.0,340.1
HPPL,12/5/2018,172.0,174.0,172.0,172.0,-1.71,510.0,605.0,340.1
HPPL,12/6/2018,175.0,175.0,172.0,172.0,0.0,900.0,605.0,340.1
HPPL,12/9/2018,172.0,174.0,170.0,174.0,1.16,420.0,605.0,340.1
HPPL,12/10/2018,172.0,182.0,172.0,180.0,3.45,1171.0,605.0,340.1
HPPL,12/11/2018,177.0,180.0,177.0,178.0,-1.11,545.0,605.0,340.1
HPPL,12/12/2018,178.0,185.0,178.0,184.0,3.37,320.0,605.0,340.1
HPPL,12/13/2018,185.0,197.0,185.0,189.0,2.72,770.0,605.0,340.1
HPPL,12/16/2018,190.0,196.0,189.0,194.0,2.65,1575.0,605.0,340.1
HPPL,12/17/2018,193.0,196.0,193.0,194.0,0.0,160.0,605.0,340.1
HPPL,12/18/2018,193.0,193.0,185.0,188.0,-3.09,1189.0,605.0,340.1
HPPL,12/19/2018,187.0,191.0,187.0,187.0,-0.53,410.0,605.0,340.1
HPPL,12/20/2018,184.0,187.0,181.0,187.0,0.0,210.0,605.0,340.1
HPPL,12/23/2018,188.0,188.0,184.0,186.0,-0.53,2250.0,605.0,340.1
HPPL,12/24/2018,187.0,190.0,186.0,188.0,1.08,3780.0,605.0,340.1
HPPL,12/25/2018,185.0,187.0,184.0,184.0,-2.13,820.0,605.0,340.1
HPPL,12/26/2018,183.0,195.0,183.0,195.0,5.98,2720.0,605.0,340.1
HPPL,12/27/2018,197.0,197.0,191.0,194.0,-0.51,5310.0,605.0,340.1
HPPL,12/30/2018,191.0,194.0,186.0,187.0,-3.61,570.0,605.0,340.1
HPPL,12/31/2018,184.0,187.0,184.0,184.0,-1.6,400.0,605.0,340.1
HPPL,1/1/2019,183.0,188.0,183.0,184.0,0.0,380.0,605.0,340.1
HPPL,1/2/2019,182.0,186.0,182.0,186.0,1.09,390.0,605.0,340.1
HPPL,1/3/2019,189.0,189.0,186.0,186.0,0.0,140.0,605.0,340.1
HPPL,1/6/2019,189.0,189.0,183.0,185.0,-0.54,520.0,605.0,340.1
HPPL,1/7/2019,188.0,188.0,182.0,184.0,-0.54,940.0,605.0,340.1
HPPL,1/8/2019,184.0,188.0,182.0,182.0,-1.09,1510.0,605.0,340.1
HPPL,1/9/2019,182.0,191.0,182.0,191.0,4.95,610.0,605.0,340.1
HPPL,1/10/2019,188.0,190.0,185.0,187.0,-2.09,320.0,605.0,340.1
HPPL,1/13/2019,184.0,186.0,184.0,186.0,-0.53,1280.0,605.0,340.1
HPPL,1/14/2019,186.0,191.0,183.0,190.0,2.15,730.0,605.0,340.1
HPPL,1/15/2019,187.0,199.0,185.0,199.0,4.74,1301.0,605.0,340.1
HPPL,1/16/2019,198.0,198.0,189.0,191.0,-4.02,1100.0,605.0,340.1
HPPL,1/17/2019,188.0,189.0,185.0,185.0,-3.14,810.0,605.0,340.1
HPPL,1/20/2019,182.0,185.0,182.0,183.0,-1.08,170.0,605.0,340.1
HPPL,1/21/2019,182.0,185.0,180.0,180.0,-1.64,970.0,605.0,340.1
HPPL,1/22/2019,180.0,183.0,178.0,180.0,0.0,500.0,605.0,340.1
HPPL,1/23/2019,180.0,187.0,180.0,182.0,1.11,350.0,605.0,340.1
HPPL,1/24/2019,182.0,188.0,182.0,185.0,1.65,560.0,605.0,340.1
HPPL,1/27/2019,185.0,185.0,182.0,183.0,-1.08,500.0,605.0,340.1
HPPL,1/28/2019,182.0,182.0,180.0,181.0,-1.09,250.0,605.0,340.1
HPPL,1/29/2019,180.0,182.0,180.0,181.0,0.0,500.0,605.0,340.1
HPPL,1/30/2019,178.0,183.0,178.0,181.0,0.0,900.0,605.0,340.1
HPPL,1/31/2019,180.0,188.0,180.0,187.0,3.31,1360.0,605.0,340.1
HPPL,2/3/2019,187.0,187.0,181.0,182.0,-2.67,280.0,605.0,340.1
HPPL,2/4/2019,179.0,181.0,179.0,180.0,-1.1,960.0,605.0,340.1
HPPL,2/5/2019,178.0,182.0,178.0,179.0,-0.56,270.0,605.0,340.1
HPPL,2/6/2019,179.0,181.0,179.0,180.0,0.56,724.0,605.0,340.1
HPPL,2/7/2019,183.0,183.0,180.0,180.0,0.0,560.0,605.0,340.1
HPPL,2/10/2019,181.0,181.0,172.0,172.0,-4.44,1710.0,605.0,340.1
HPPL,2/11/2019,170.0,178.0,170.0,172.0,0.0,827.0,605.0,340.1
HPPL,2/12/2019,171.0,178.0,170.0,175.0,1.74,850.0,605.0,340.1
HPPL,2/13/2019,172.0,177.0,170.0,177.0,1.14,1697.0,605.0,340.1
HPPL,2/14/2019,174.0,174.0,170.0,170.0,-3.95,305.0,605.0,340.1
HPPL,2/17/2019,169.0,173.0,168.0,169.0,-0.59,1720.0,605.0,340.1
HPPL,2/18/2019,168.0,171.0,165.0,170.0,0.59,630.0,605.0,340.1
HPPL,2/19/2019,170.0,175.0,164.0,175.0,2.94,1800.0,605.0,340.1
HPPL,2/20/2019,172.0,175.0,169.0,169.0,-3.43,230.0,605.0,340.1
HPPL,2/21/2019,169.0,174.0,169.0,171.0,1.18,430.0,605.0,340.1
HPPL,2/24/2019,174.0,174.0,163.0,166.0,-2.92,280.0,605.0,340.1
HPPL,2/25/2019,164.0,172.0,163.0,172.0,3.61,470.0,605.0,340.1
HPPL,2/26/2019,169.0,172.0,169.0,169.0,-1.74,510.0,605.0,340.1
HPPL,2/27/2019,169.0,173.0,168.0,170.0,0.59,823.0,605.0,340.1
HPPL,3/3/2019,167.0,173.0,167.0,170.0,0.0,1160.0,605.0,340.1
HPPL,3/5/2019,170.0,179.0,170.0,173.0,1.76,2180.0,605.0,340.1
HPPL,3/6/2019,170.0,174.0,170.0,172.0,-0.58,200.0,605.0,340.1
HPPL,3/7/2019,172.0,182.0,169.0,170.0,-1.16,1105.0,605.0,340.1
HPPL,3/10/2019,178.0,178.0,167.0,174.0,2.35,920.0,605.0,340.1
HPPL,3/11/2019,170.0,186.0,170.0,178.0,2.3,2495.0,605.0,340.1
HPPL,3/12/2019,180.0,195.0,179.0,195.0,9.55,4835.0,605.0,340.1
HPPL,3/13/2019,195.0,204.0,189.0,196.0,0.51,4035.0,605.0,340.1
HPPL,3/14/2019,191.0,194.0,188.0,188.0,-4.08,330.0,605.0,340.1
HPPL,3/17/2019,187.0,193.0,187.0,193.0,2.66,3420.0,605.0,340.1
HPPL,3/18/2019,190.0,192.0,187.0,190.0,-1.55,440.0,605.0,340.1
HPPL,3/19/2019,190.0,190.0,187.0,190.0,0.0,160.0,605.0,340.1
HPPL,3/21/2019,187.0,187.0,182.0,185.0,-2.63,1200.0,605.0,340.1
HPPL,3/24/2019,182.0,185.0,176.0,182.0,-1.62,1150.0,605.0,340.1
HPPL,3/25/2019,179.0,182.0,178.0,179.0,-1.65,1010.0,605.0,340.1
HPPL,3/26/2019,176.0,183.0,176.0,180.0,0.56,2180.0,605.0,340.1
HPPL,3/27/2019,179.0,183.0,179.0,183.0,1.67,1850.0,605.0,340.1
HPPL,3/28/2019,180.0,188.0,180.0,183.0,0.0,1090.0,605.0,340.1
HPPL,3/31/2019,183.0,185.0,182.0,183.0,0.0,1750.0,605.0,340.1
HPPL,4/1/2019,183.0,192.0,182.0,192.0,4.92,620.0,605.0,340.1
HPPL,4/2/2019,189.0,194.0,183.0,190.0,-1.04,810.0,605.0,340.1
HPPL,4/3/2019,187.0,193.0,181.0,183.0,-3.68,1140.0,605.0,340.1
HPPL,4/4/2019,182.0,187.0,182.0,184.0,0.55,890.0,605.0,340.1
HPPL,4/7/2019,184.0,188.0,182.0,188.0,2.17,1175.0,605.0,340.1
HPPL,4/8/2019,185.0,185.0,182.0,183.0,-2.66,3240.0,605.0,340.1
HPPL,4/9/2019,183.0,186.0,182.0,183.0,0.0,8666.0,605.0,340.1
HPPL,4/10/2019,180.0,183.0,178.0,181.0,-1.09,2060.0,605.0,340.1
HPPL,4/11/2019,180.0,182.0,179.0,180.0,-0.55,1804.0,605.0,340.1
HPPL,4/15/2019,178.0,186.0,177.0,181.0,0.56,575.0,605.0,340.1
HPPL,4/16/2019,178.0,184.0,178.0,184.0,1.66,1370.0,605.0,340.1
HPPL,4/17/2019,184.0,187.0,180.0,187.0,1.63,1656.0,605.0,340.1
HPPL,4/18/2019,184.0,184.0,178.0,181.0,-3.21,320.0,605.0,340.1
HPPL,4/21/2019,181.0,184.0,176.0,184.0,1.66,4645.0,605.0,340.1
HPPL,4/22/2019,181.0,181.0,177.0,177.0,-3.8,760.0,605.0,340.1
HPPL,4/23/2019,174.0,180.0,173.0,176.0,-0.56,791.0,605.0,340.1
HPPL,4/24/2019,173.0,180.0,171.0,174.0,-1.14,2850.0,605.0,340.1
HPPL,4/25/2019,172.0,176.0,171.0,176.0,1.15,2100.0,605.0,340.1
HPPL,4/28/2019,179.0,191.0,175.0,191.0,8.52,2697.0,605.0,340.1
HPPL,4/29/2019,188.0,188.0,176.0,181.0,-5.24,1850.0,605.0,340.1
HPPL,4/30/2019,178.0,196.0,176.0,190.0,4.97,3206.0,605.0,340.1
HPPL,5/2/2019,187.0,187.0,183.0,184.0,-3.16,2919.0,605.0,340.1
HPPL,5/5/2019,181.0,183.0,179.0,183.0,-0.54,670.0,605.0,340.1
HPPL,5/6/2019,180.0,182.0,176.0,180.0,-1.64,1030.0,605.0,340.1
HPPL,5/7/2019,178.0,184.0,177.0,184.0,2.22,1050.0,605.0,340.1
HPPL,5/8/2019,181.0,181.0,178.0,179.0,-2.72,685.0,605.0,340.1
HPPL,5/9/2019,177.0,182.0,175.0,178.0,-0.56,2220.0,605.0,340.1
HPPL,5/12/2019,175.0,177.0,173.0,175.0,-1.69,1294.0,605.0,340.1
HPPL,5/13/2019,178.0,186.0,178.0,186.0,6.29,1990.0,605.0,340.1
HPPL,5/14/2019,184.0,185.0,179.0,185.0,-0.54,3790.0,605.0,340.1
HPPL,5/15/2019,182.0,183.0,179.0,181.0,-2.16,3606.0,605.0,340.1
HPPL,5/16/2019,178.0,184.0,178.0,179.0,-1.1,734.0,605.0,340.1
HPPL,5/19/2019,178.0,184.0,178.0,178.0,-0.56,8604.0,605.0,340.1
HPPL,5/20/2019,178.0,181.0,178.0,181.0,1.69,410.0,605.0,340.1
HPPL,5/21/2019,179.0,190.0,179.0,188.0,3.87,6451.0,605.0,340.1
HPPL,5/22/2019,185.0,206.0,185.0,206.0,9.57,21860.0,605.0,340.1
HPPL,5/23/2019,210.0,210.0,186.0,186.0,-9.71,10575.0,605.0,340.1
HPPL,5/26/2019,183.0,188.0,180.0,186.0,0.0,1418.0,605.0,340.1
HPPL,5/27/2019,185.0,188.0,182.0,184.0,-1.08,340.0,605.0,340.1
HPPL,5/28/2019,184.0,190.0,182.0,190.0,3.26,2274.0,605.0,340.1
HPPL,5/29/2019,187.0,193.0,186.0,190.0,0.0,895.0,605.0,340.1
HPPL,5/30/2019,190.0,196.0,184.0,189.0,-0.53,6410.0,605.0,340.1
HPPL,6/2/2019,186.0,194.0,183.0,183.0,-3.17,1680.0,605.0,340.1
HPPL,6/3/2019,182.0,186.0,180.0,182.0,-0.55,2550.0,605.0,340.1
HPPL,6/4/2019,179.0,190.0,179.0,181.0,-0.55,720.0,605.0,340.1
HPPL,6/6/2019,181.0,184.0,180.0,182.0,0.55,5360.0,605.0,340.1
HPPL,6/10/2019,179.0,182.0,179.0,180.0,-1.1,460.0,605.0,340.1
HPPL,6/11/2019,183.0,183.0,176.0,177.0,-1.67,1871.0,605.0,340.1
HPPL,6/12/2019,178.0,180.0,176.0,178.0,0.56,1495.0,605.0,340.1
HPPL,6/13/2019,176.0,180.0,176.0,180.0,1.12,2416.0,605.0,340.1
HPPL,6/16/2019,180.0,181.0,175.0,179.0,-0.56,560.0,605.0,340.1
HPPL,6/17/2019,176.0,179.0,174.0,177.0,-1.12,440.0,605.0,340.1
HPPL,6/18/2019,175.0,179.0,175.0,179.0,1.13,580.0,605.0,340.1
HPPL,6/19/2019,176.0,180.0,176.0,180.0,0.56,350.0,605.0,340.1
HPPL,6/20/2019,177.0,180.0,174.0,179.0,-0.56,350.0,605.0,340.1
HPPL,6/23/2019,176.0,180.0,174.0,180.0,0.56,430.0,605.0,340.1
HPPL,6/24/2019,177.0,180.0,175.0,177.0,-1.67,410.0,605.0,340.1
HPPL,6/25/2019,175.0,180.0,175.0,178.0,0.56,1120.0,605.0,340.1
HPPL,6/26/2019,177.0,179.0,175.0,179.0,0.56,2728.0,605.0,340.1
HPPL,6/27/2019,176.0,182.0,175.0,182.0,1.68,240.0,605.0,340.1
HPPL,6/30/2019,179.0,180.0,176.0,177.0,-2.75,521.0,605.0,340.1
HPPL,7/1/2019,175.0,178.0,175.0,176.0,-0.56,1050.0,605.0,340.1
HPPL,7/2/2019,176.0,179.0,176.0,177.0,0.57,583.0,605.0,340.1
HPPL,7/3/2019,174.0,181.0,174.0,181.0,2.26,312.0,605.0,340.1
HPPL,7/4/2019,178.0,178.0,175.0,175.0,-3.31,40.0,605.0,340.1
HPPL,7/7/2019,175.0,179.0,175.0,175.0,0.0,1535.0,605.0,340.1
HPPL,7/8/2019,172.0,178.0,172.0,175.0,0.0,390.0,605.0,340.1
HPPL,7/9/2019,173.0,176.0,172.0,174.0,-0.57,340.0,605.0,340.1
HPPL,7/10/2019,173.0,176.0,172.0,172.0,-1.15,2920.0,605.0,340.1
HPPL,7/11/2019,171.0,176.0,171.0,175.0,1.74,930.0,605.0,340.1
HPPL,7/14/2019,172.0,173.0,171.0,172.0,-1.71,410.0,605.0,340.1
HPPL,7/15/2019,172.0,176.0,171.0,176.0,2.33,1124.0,605.0,340.1
HPPL,7/16/2019,173.0,174.0,173.0,174.0,-1.14,370.0,605.0,340.1
HPPL,7/17/2019,172.0,177.0,171.0,177.0,1.72,290.0,605.0,340.1
HPPL,7/18/2019,174.0,177.0,174.0,176.0,-0.56,500.0,605.0,340.1
HPPL,7/21/2019,175.0,176.0,173.0,175.0,-0.57,170.0,605.0,340.1
HPPL,7/22/2019,178.0,178.0,170.0,178.0,1.71,2094.0,605.0,340.1
HPPL,7/23/2019,175.0,175.0,173.0,173.0,-2.81,260.0,605.0,340.1
HPPL,7/24/2019,173.0,177.0,173.0,175.0,1.16,500.0,605.0,340.1
HPPL,7/25/2019,172.0,174.0,172.0,172.0,-1.71,370.0,605.0,340.1
HPPL,7/28/2019,170.0,171.0,169.0,170.0,-1.16,634.0,605.0,340.1
HPPL,7/29/2019,168.0,172.0,168.0,170.0,0.0,430.0,605.0,340.1
HPPL,7/30/2019,167.0,174.0,167.0,174.0,2.35,940.0,605.0,340.1
HPPL,7/31/2019,171.0,177.0,168.0,177.0,1.72,220.0,605.0,340.1
HPPL,8/1/2019,178.0,178.0,178.0,178.0,0.56,40.0,605.0,340.1
HPPL,8/4/2019,180.0,180.0,167.0,169.0,-5.06,820.0,605.0,340.1
HPPL,8/5/2019,168.0,172.0,168.0,170.0,0.59,341.0,605.0,340.1
HPPL,8/6/2019,168.0,168.0,164.0,164.0,-3.53,1370.0,605.0,340.1
HPPL,8/7/2019,162.0,175.0,162.0,175.0,6.71,410.0,605.0,340.1
HPPL,8/8/2019,172.0,172.0,172.0,172.0,-1.71,10.0,605.0,340.1
HPPL,8/11/2019,170.0,170.0,167.0,168.0,-2.33,678.0,605.0,340.1
HPPL,8/12/2019,165.0,171.0,163.0,166.0,-1.19,180.0,605.0,340.1
HPPL,8/13/2019,164.0,169.0,162.0,163.0,-1.81,805.0,605.0,340.1
HPPL,8/14/2019,163.0,167.0,163.0,164.0,0.61,1120.0,605.0,340.1
HPPL,8/15/2019,162.0,163.0,161.0,162.0,-1.22,2293.0,605.0,340.1
HPPL,8/18/2019,164.0,164.0,157.0,158.0,-2.47,3310.0,605.0,340.1
HPPL,8/19/2019,155.0,162.0,155.0,162.0,2.53,2040.0,605.0,340.1
HPPL,8/20/2019,159.0,159.0,154.0,154.0,-4.94,490.0,605.0,340.1
HPPL,8/21/2019,152.0,155.0,152.0,154.0,0.0,1430.0,605.0,340.1
HPPL,8/22/2019,154.0,156.0,152.0,154.0,0.0,700.0,605.0,340.1
HPPL,8/25/2019,152.0,154.0,152.0,152.0,-1.3,410.0,605.0,340.1
HPPL,8/26/2019,151.0,152.0,149.0,149.0,-1.97,840.0,605.0,340.1
HPPL,8/27/2019,150.0,150.0,145.0,148.0,-0.67,260.0,605.0,340.1
HPPL,8/28/2019,146.0,153.0,146.0,153.0,3.38,830.0,605.0,340.1
HPPL,8/29/2019,150.0,150.0,147.0,148.0,-3.27,850.0,605.0,340.1
HPPL,9/1/2019,146.0,146.0,139.0,140.0,-5.41,880.0,605.0,340.1
HPPL,9/2/2019,139.0,143.0,139.0,139.0,-0.71,580.0,605.0,340.1
HPPL,9/3/2019,138.0,142.0,137.0,142.0,2.16,550.0,605.0,340.1
HPPL,9/4/2019,140.0,148.0,140.0,144.0,1.41,2470.0,605.0,340.1
HPPL,9/5/2019,144.0,147.0,143.0,143.0,-0.69,1140.0,605.0,340.1
HPPL,9/8/2019,143.0,143.0,142.0,143.0,0.0,700.0,605.0,340.1
HPPL,9/9/2019,141.0,143.0,141.0,141.0,-1.4,380.0,605.0,340.1
HPPL,9/10/2019,141.0,143.0,140.0,143.0,1.42,700.0,605.0,340.1
HPPL,9/11/2019,143.0,143.0,137.0,137.0,-4.2,1230.0,605.0,340.1
HPPL,9/12/2019,135.0,137.0,133.0,135.0,-1.46,675.0,605.0,340.1
HPPL,9/15/2019,133.0,135.0,133.0,135.0,0.0,340.0,605.0,340.1
HPPL,9/16/2019,133.0,134.0,131.0,131.0,-2.96,230.0,605.0,340.1
HPPL,9/17/2019,130.0,136.0,130.0,136.0,3.82,1854.0,605.0,340.1
HPPL,9/18/2019,138.0,138.0,136.0,136.0,0.0,150.0,605.0,340.1
HPPL,9/19/2019,134.0,137.0,134.0,137.0,0.74,170.0,605.0,340.1
HPPL,9/22/2019,132.0,132.0,128.0,130.0,-5.11,250.0,605.0,340.1
HPPL,9/23/2019,128.0,134.0,128.0,134.0,3.08,510.0,605.0,340.1
HPPL,9/24/2019,132.0,132.0,128.0,130.0,-2.99,140.0,605.0,340.1
HPPL,9/25/2019,128.0,131.0,128.0,131.0,0.77,630.0,605.0,340.1
HPPL,9/26/2019,129.0,138.0,129.0,136.0,3.82,1770.0,605.0,340.1
HPPL,9/29/2019,134.0,140.0,133.0,140.0,2.94,980.0,605.0,340.1
HPPL,9/30/2019,138.0,145.0,126.0,145.0,3.57,4500.0,605.0,340.1
HPPL,10/1/2019,145.0,149.0,143.0,149.0,2.76,230.0,605.0,340.1
HPPL,10/2/2019,150.0,150.0,141.0,141.0,-5.37,60.0,605.0,340.1
HPPL,10/3/2019,139.0,141.0,139.0,141.0,0.0,30.0,605.0,340.1
HPPL,10/10/2019,142.0,144.0,140.0,144.0,2.13,60.0,605.0,340.1
HPPL,10/14/2019,146.0,148.0,142.0,144.0,0.0,320.0,605.0,340.1
HPPL,10/15/2019,145.0,145.0,139.0,139.0,-3.47,260.0,605.0,340.1
HPPL,10/16/2019,141.0,141.0,140.0,141.0,1.44,140.0,605.0,340.1
HPPL,10/17/2019,139.0,141.0,138.0,138.0,-2.13,2420.0,605.0,340.1
HPPL,10/21/2019,140.0,140.0,139.0,139.0,0.72,350.0,605.0,340.1
HPPL,10/22/2019,140.0,140.0,137.0,138.0,-0.72,370.0,605.0,340.1
HPPL,10/23/2019,138.0,146.0,138.0,146.0,5.8,1650.0,605.0,340.1
HPPL,10/24/2019,148.0,150.0,147.0,148.0,1.37,380.0,605.0,340.1
HPPL,10/31/2019,146.0,146.0,138.0,139.0,-6.08,110.0,605.0,340.1
HPPL,11/3/2019,137.0,139.0,137.0,137.0,-1.44,330.0,605.0,340.1
HPPL,11/4/2019,139.0,141.0,139.0,141.0,2.92,140.0,605.0,340.1
HPPL,11/5/2019,139.0,140.0,137.0,138.0,-2.13,310.0,605.0,340.1
HPPL,11/6/2019,138.0,140.0,138.0,139.0,0.72,70.0,605.0,340.1
HPPL,11/7/2019,138.0,140.0,136.0,136.0,-2.16,3100.0,605.0,340.1
HPPL,11/10/2019,135.0,139.0,135.0,136.0,0.0,410.0,605.0,340.1
HPPL,11/11/2019,135.0,136.0,135.0,135.0,-0.74,160.0,605.0,340.1
HPPL,11/12/2019,135.0,137.0,135.0,137.0,1.48,290.0,605.0,340.1
HPPL,11/13/2019,135.0,135.0,135.0,135.0,-1.46,120.0,605.0,340.1
HPPL,11/14/2019,136.0,143.0,135.0,143.0,5.93,1250.0,605.0,340.1
HPPL,11/17/2019,141.0,141.0,139.0,139.0,-2.8,30.0,605.0,340.1
HPPL,11/18/2019,137.0,137.0,134.0,134.0,-3.6,1104.0,605.0,340.1
HPPL,11/19/2019,134.0,135.0,134.0,134.0,0.0,170.0,605.0,340.1
HPPL,11/20/2019,134.0,136.0,133.0,133.0,-0.75,500.0,605.0,340.1
HPPL,11/21/2019,133.0,135.0,133.0,133.0,0.0,640.0,605.0,340.1
HPPL,11/24/2019,133.0,135.0,132.0,132.0,-0.75,700.0,605.0,340.1
HPPL,11/25/2019,132.0,133.0,132.0,133.0,0.76,370.0,605.0,340.1
HPPL,11/26/2019,132.0,134.0,132.0,133.0,0.0,600.0,605.0,340.1
HPPL,11/27/2019,132.0,138.0,132.0,136.0,2.26,930.0,605.0,340.1
HPPL,11/28/2019,138.0,140.0,136.0,136.0,0.0,750.0,605.0,340.1
HPPL,12/1/2019,134.0,134.0,132.0,133.0,-2.21,180.0,605.0,340.1
HPPL,12/2/2019,131.0,134.0,131.0,132.0,-0.75,700.0,605.0,340.1
HPPL,12/3/2019,132.0,134.0,132.0,133.0,0.76,170.0,605.0,340.1
HPPL,12/4/2019,132.0,133.0,132.0,133.0,0.0,200.0,605.0,340.1
HPPL,12/5/2019,133.0,135.0,132.0,134.0,0.75,120.0,605.0,340.1
HPPL,12/8/2019,132.0,133.0,132.0,133.0,-0.75,120.0,605.0,340.1
HPPL,12/9/2019,135.0,139.0,135.0,139.0,4.51,340.0,605.0,340.1
HPPL,12/10/2019,137.0,143.0,136.0,143.0,2.88,1190.0,605.0,340.1
HPPL,12/11/2019,145.0,147.0,141.0,147.0,2.8,280.0,605.0,340.1
HPPL,12/12/2019,145.0,161.0,143.0,161.0,9.52,480.0,605.0,340.1
HPPL,12/15/2019,164.0,164.0,156.0,158.0,-1.86,720.0,605.0,340.1
HPPL,12/16/2019,155.0,155.0,143.0,143.0,-9.49,2359.0,605.0,340.1
HPPL,12/17/2019,141.0,141.0,134.0,137.0,-4.2,350.0,605.0,340.1
HPPL,12/18/2019,135.0,137.0,134.0,134.0,-2.19,1170.0,605.0,340.1
HPPL,12/19/2019,133.0,135.0,133.0,133.0,-0.75,690.0,605.0,340.1
HPPL,12/22/2019,131.0,135.0,131.0,135.0,1.5,370.0,605.0,340.1
HPPL,12/23/2019,133.0,136.0,132.0,134.0,-0.74,280.0,605.0,340.1
HPPL,12/24/2019,135.0,143.0,135.0,143.0,6.72,3300.0,605.0,340.1
HPPL,12/25/2019,141.0,145.0,136.0,145.0,1.4,1640.0,605.0,340.1
HPPL,12/26/2019,144.0,144.0,138.0,138.0,-4.83,460.0,605.0,340.1
HPPL,12/29/2019,139.0,140.0,138.0,139.0,0.72,990.0,605.0,340.1
HPPL,12/30/2019,139.0,140.0,137.0,137.0,-1.44,1742.0,605.0,340.1
HPPL,12/31/2019,138.0,138.0,137.0,137.0,0.0,250.0,605.0,340.1
HPPL,1/1/2020,137.0,144.0,137.0,144.0,5.11,2280.0,605.0,340.1
HPPL,1/2/2020,144.0,148.0,142.0,144.0,0.0,1520.0,605.0,340.1
HPPL,1/5/2020,142.0,147.0,142.0,146.0,1.39,3650.0,605.0,340.1
HPPL,1/6/2020,144.0,149.0,143.0,146.0,0.0,2420.0,605.0,340.1
HPPL,1/7/2020,146.0,151.0,146.0,149.0,2.05,5649.0,605.0,340.1
HPPL,1/8/2020,147.0,150.0,145.0,150.0,0.67,1810.0,605.0,340.1
HPPL,1/9/2020,147.0,147.0,145.0,146.0,-2.67,675.0,605.0,340.1
HPPL,1/12/2020,146.0,153.0,146.0,151.0,3.42,1805.0,605.0,340.1
HPPL,1/13/2020,154.0,163.0,151.0,160.0,5.96,11278.0,605.0,340.1
HPPL,1/14/2020,157.0,157.0,146.0,157.0,-1.88,930.0,605.0,340.1
HPPL,1/15/2020,160.0,160.0,149.0,157.0,0.0,491.0,605.0,340.1
HPPL,1/16/2020,154.0,160.0,153.0,160.0,1.91,780.0,605.0,340.1
HPPL,1/19/2020,157.0,170.0,152.0,170.0,6.25,7258.0,605.0,340.1
HPPL,1/20/2020,170.0,170.0,153.0,154.0,-9.41,2200.0,605.0,340.1
HPPL,1/21/2020,151.0,158.0,151.0,155.0,0.65,540.0,605.0,340.1
HPPL,1/22/2020,152.0,158.0,152.0,155.0,0.0,1159.0,605.0,340.1
HPPL,1/23/2020,154.0,156.0,149.0,149.0,-3.87,2890.0,605.0,340.1
HPPL,1/26/2020,148.0,149.0,143.0,143.0,-4.03,1249.0,605.0,340.1
HPPL,1/27/2020,142.0,147.0,142.0,143.0,0.0,375.0,605.0,340.1
HPPL,1/28/2020,143.0,149.0,143.0,149.0,4.2,750.0,605.0,340.1
HPPL,1/29/2020,147.0,147.0,144.0,144.0,-3.36,340.0,605.0,340.1
HPPL,1/30/2020,142.0,150.0,142.0,150.0,4.17,858.0,605.0,340.1
HPPL,2/2/2020,147.0,153.0,145.0,147.0,-2.0,2760.0,605.0,340.1
HPPL,2/3/2020,147.0,160.0,146.0,152.0,3.4,2004.0,605.0,340.1
HPPL,2/4/2020,155.0,160.0,147.0,154.0,1.32,948.0,605.0,340.1
HPPL,2/5/2020,151.0,157.0,147.0,148.0,-3.9,1940.0,605.0,340.1
HPPL,2/6/2020,147.0,154.0,147.0,154.0,4.05,1276.0,605.0,340.1
HPPL,2/9/2020,151.0,151.0,147.0,148.0,-3.9,660.0,605.0,340.1
HPPL,2/10/2020,150.0,150.0,145.0,148.0,0.0,3308.0,605.0,340.1
HPPL,2/11/2020,147.0,150.0,146.0,149.0,0.68,1329.0,605.0,340.1
HPPL,2/12/2020,149.0,149.0,147.0,147.0,-1.34,990.0,605.0,340.1
HPPL,2/13/2020,145.0,149.0,145.0,146.0,-0.68,620.0,605.0,340.1
HPPL,2/16/2020,148.0,150.0,145.0,146.0,0.0,1200.0,605.0,340.1
HPPL,2/17/2020,146.0,157.0,146.0,157.0,7.53,1844.0,605.0,340.1
HPPL,2/18/2020,159.0,163.0,152.0,152.0,-3.18,1100.0,605.0,340.1
HPPL,2/19/2020,151.0,158.0,151.0,153.0,0.66,2501.0,605.0,340.1
HPPL,2/20/2020,153.0,160.0,153.0,159.0,3.92,18980.0,605.0,340.1
HPPL,2/23/2020,162.0,171.0,160.0,171.0,7.55,1605.0,605.0,340.1
HPPL,2/24/2020,168.0,168.0,156.0,167.0,-2.34,480.0,605.0,340.1
HPPL,2/25/2020,164.0,170.0,155.0,169.0,1.2,2090.0,605.0,340.1
HPPL,2/26/2020,177.0,177.0,161.0,165.0,-2.37,2555.0,605.0,340.1
HPPL,2/27/2020,162.0,162.0,157.0,162.0,-1.82,2140.0,605.0,340.1
HPPL,3/1/2020,164.0,165.0,159.0,159.0,-1.85,4050.0,605.0,340.1
HPPL,3/2/2020,156.0,156.0,150.0,150.0,-5.66,1802.0,605.0,340.1
HPPL,3/3/2020,147.0,150.0,147.0,148.0,-1.33,1980.0,605.0,340.1
HPPL,3/4/2020,146.0,150.0,145.0,147.0,-0.68,1390.0,605.0,340.1
HPPL,3/5/2020,145.0,147.0,142.0,145.0,-1.36,1080.0,605.0,340.1
HPPL,3/10/2020,143.0,143.0,137.0,137.0,-5.52,1460.0,605.0,340.1
HPPL,3/11/2020,135.0,143.0,135.0,143.0,4.38,2790.0,605.0,340.1
HPPL,3/12/2020,141.0,143.0,140.0,143.0,0.0,1700.0,605.0,340.1
HPPL,3/15/2020,141.0,143.0,140.0,140.0,-2.1,3008.0,605.0,340.1
HPPL,3/16/2020,140.0,144.0,138.0,142.0,1.43,2524.0,605.0,340.1
HPPL,3/17/2020,142.0,142.0,135.0,135.0,-4.93,2480.0,605.0,340.1
HPPL,3/18/2020,133.0,139.0,133.0,137.0,1.48,522.0,605.0,340.1
HPPL,3/19/2020,135.0,138.0,133.0,136.0,-0.73,360.0,605.0,340.1
HPPL,5/12/2020,134.0,134.0,132.0,132.0,-2.94,40.0,605.0,340.1
HPPL,5/13/2020,130.0,130.0,129.0,129.0,-2.27,265.0,605.0,340.1
HPPL,6/29/2020,127.0,131.0,120.0,133.0,3.1,1817.0,605.0,340.1
HPPL,7/1/2020,135.0,137.0,135.0,137.0,3.01,70.0,605.0,340.1
HPPL,7/5/2020,135.0,135.0,129.0,134.0,-2.19,7029.0,605.0,340.1
HPPL,7/6/2020,132.0,136.0,132.0,133.0,-0.75,1704.0,605.0,340.1
HPPL,7/7/2020,133.0,140.0,133.0,139.0,4.51,8457.0,605.0,340.1
HPPL,7/8/2020,137.0,137.0,131.0,135.0,-2.88,3198.0,605.0,340.1
HPPL,7/9/2020,133.0,135.0,133.0,135.0,0.0,2169.0,605.0,340.1
HPPL,7/12/2020,133.0,137.0,129.0,132.0,-2.22,2872.0,605.0,340.1
HPPL,7/13/2020,130.0,138.0,130.0,138.0,4.55,1498.0,605.0,340.1
HPPL,7/14/2020,136.0,136.0,131.0,133.0,-3.62,3134.0,605.0,340.1
HPPL,7/15/2020,133.0,134.0,131.0,132.0,-0.75,2087.0,605.0,340.1
HPPL,7/16/2020,130.0,136.0,130.0,132.0,0.0,2718.0,605.0,340.1
HPPL,7/19/2020,134.0,134.0,134.0,134.0,1.52,20.0,605.0,340.1
HPPL,7/20/2020,140.0,140.0,136.0,136.0,1.49,151.0,605.0,340.1
HPPL,7/21/2020,134.0,138.0,130.0,132.0,-2.94,3137.0,605.0,340.1
HPPL,7/22/2020,132.0,134.0,131.0,131.0,-0.76,2123.0,605.0,340.1
HPPL,7/23/2020,129.0,133.0,129.0,133.0,1.53,1204.0,605.0,340.1
HPPL,7/26/2020,132.0,134.0,130.0,132.0,-0.75,4399.0,605.0,340.1
HPPL,7/27/2020,130.0,136.0,130.0,132.0,0.0,6389.0,605.0,340.1
HPPL,7/28/2020,134.0,145.0,132.0,139.0,5.3,4121.0,605.0,340.1
HPPL,7/29/2020,139.0,141.0,134.0,137.0,-1.44,1949.0,605.0,340.1
HPPL,7/30/2020,135.0,147.0,135.0,147.0,7.3,5116.0,605.0,340.1
HPPL,8/2/2020,145.0,145.0,136.0,141.0,-4.08,954.0,605.0,340.1
HPPL,8/3/2020,139.0,143.0,134.0,135.0,-4.26,2251.0,605.0,340.1
HPPL,8/5/2020,133.0,137.0,130.0,137.0,1.48,4004.0,605.0,340.1
HPPL,8/6/2020,135.0,141.0,133.0,141.0,2.92,1299.0,605.0,340.1
HPPL,8/9/2020,139.0,139.0,133.0,136.0,-3.55,3267.0,605.0,340.1
HPPL,8/10/2020,134.0,138.0,134.0,134.0,-1.47,3918.0,605.0,340.1
HPPL,8/11/2020,132.0,136.0,132.0,135.0,0.75,1790.0,605.0,340.1
HPPL,8/12/2020,133.0,139.0,133.0,134.0,-0.74,954.0,605.0,340.1
HPPL,8/13/2020,132.0,135.0,132.0,134.0,0.0,2015.0,605.0,340.1
HPPL,8/16/2020,135.0,137.0,134.0,135.0,0.75,2414.0,605.0,340.1
HPPL,8/17/2020,133.0,136.0,133.0,133.0,-1.48,3535.0,605.0,340.1
HPPL,8/18/2020,132.0,135.0,132.0,134.0,0.75,3154.0,605.0,340.1
HPPL,8/19/2020,132.0,134.0,132.0,133.0,-0.75,577.0,605.0,340.1
HPPL,8/20/2020,132.0,133.0,132.0,133.0,0.0,695.0,605.0,340.1
HPPL,8/23/2020,133.0,135.0,133.0,135.0,1.5,1410.0,605.0,340.1
HPPL,8/24/2020,135.0,138.0,135.0,137.0,1.48,7553.0,605.0,340.1
HPPL,8/25/2020,137.0,141.0,136.0,138.0,0.73,5750.0,605.0,340.1
HPPL,8/26/2020,137.0,140.0,137.0,139.0,0.72,2401.0,605.0,340.1
HPPL,8/27/2020,139.0,148.0,139.0,144.0,3.6,15108.0,605.0,340.1
HPPL,8/30/2020,142.0,158.0,142.0,155.0,7.64,1971.0,605.0,340.1
HPPL,8/31/2020,157.0,167.0,155.0,161.0,3.87,10881.0,605.0,340.1
HPPL,9/2/2020,164.0,177.0,164.0,177.0,9.94,18348.0,605.0,340.1
HPPL,9/3/2020,180.0,186.0,163.0,166.0,-6.21,14286.0,605.0,340.1
HPPL,9/6/2020,169.0,178.0,166.0,170.0,2.41,12974.0,605.0,340.1
HPPL,9/7/2020,167.0,167.0,158.0,160.0,-5.88,7372.0,605.0,340.1
HPPL,9/8/2020,157.0,164.0,153.0,159.0,-0.62,4585.0,605.0,340.1
HPPL,9/9/2020,160.0,169.0,158.0,163.0,2.52,5888.0,605.0,340.1
HPPL,9/10/2020,163.0,166.0,162.0,164.0,0.61,3657.0,605.0,340.1
HPPL,9/13/2020,165.0,175.0,160.0,175.0,6.71,10425.0,605.0,340.1
HPPL,9/14/2020,175.0,177.0,170.0,173.0,-1.14,11599.0,605.0,340.1
HPPL,9/15/2020,176.0,182.0,167.0,182.0,5.2,16963.0,605.0,340.1
HPPL,9/16/2020,179.0,199.0,167.0,195.0,7.14,13111.0,605.0,340.1
HPPL,9/17/2020,198.0,204.0,185.0,202.0,3.59,39580.0,605.0,340.1
HPPL,9/20/2020,198.0,198.0,183.0,187.0,-7.43,12782.0,605.0,340.1
HPPL,9/21/2020,178.0,192.0,178.0,191.0,2.14,11751.0,605.0,340.1
HPPL,9/22/2020,188.0,193.0,185.0,185.0,-3.14,11983.0,605.0,340.1
HPPL,9/23/2020,184.0,199.0,179.0,199.0,7.57,28409.0,605.0,340.1
HPPL,9/24/2020,196.0,206.0,188.0,205.0,3.02,41573.0,605.0,340.1
HPPL,9/27/2020,205.0,209.0,194.0,198.0,-3.41,28291.0,605.0,340.1
HPPL,9/28/2020,201.0,204.0,191.0,203.0,2.53,14554.0,605.0,340.1
HPPL,9/29/2020,193.0,206.0,193.0,205.0,0.99,48882.0,605.0,340.1
HPPL,9/30/2020,201.0,211.0,201.0,203.0,-0.98,15163.0,605.0,340.1
HPPL,10/1/2020,200.0,200.0,195.0,195.0,-3.94,13037.0,605.0,340.1
HPPL,10/4/2020,192.0,203.0,190.0,199.0,2.05,16395.0,605.0,340.1
HPPL,10/5/2020,196.0,208.0,194.0,202.0,1.51,16595.0,605.0,340.1
HPPL,10/6/2020,205.0,215.0,195.0,213.0,5.45,74090.0,605.0,340.1
HPPL,10/7/2020,204.0,234.0,204.0,232.0,8.92,71002.0,605.0,340.1
HPPL,10/8/2020,228.0,232.0,217.0,219.0,-5.6,39991.0,605.0,340.1
HPPL,10/11/2020,215.0,227.0,211.0,220.0,0.46,30161.0,605.0,340.1
HPPL,10/12/2020,216.0,220.0,213.0,214.0,-2.73,16457.0,605.0,340.1
HPPL,10/13/2020,210.0,222.0,207.0,210.0,-1.87,22007.0,605.0,340.1
HPPL,10/14/2020,210.0,217.0,204.0,205.0,-2.38,19067.0,605.0,340.1
HPPL,10/15/2020,209.0,213.0,202.0,203.0,-0.98,8900.0,605.0,340.1
HPPL,10/18/2020,200.0,205.0,199.0,205.0,0.99,8495.0,605.0,340.1
HPPL,10/19/2020,201.0,217.0,197.0,213.0,3.9,5166.0,605.0,340.1
HPPL,10/20/2020,210.0,221.0,208.0,218.0,2.35,16809.0,605.0,340.1
HPPL,10/21/2020,214.0,221.0,212.0,215.0,-1.38,10224.0,605.0,340.1
HPPL,10/22/2020,212.0,218.0,212.0,216.0,0.47,7024.0,605.0,340.1
HPPL,10/28/2020,212.0,216.0,212.0,214.0,-0.93,2236.0,605.0,340.1
HPPL,10/29/2020,212.0,218.0,212.0,215.0,0.47,14024.0,605.0,340.1
HPPL,11/1/2020,213.0,219.0,213.0,216.0,0.47,12787.0,605.0,340.1
HPPL,11/2/2020,220.0,220.0,210.0,213.0,-1.39,12894.0,605.0,340.1
HPPL,11/3/2020,212.0,215.0,209.0,214.0,0.47,11590.0,605.0,340.1
HPPL,11/4/2020,210.0,215.0,210.0,215.0,0.47,4501.0,605.0,340.1
HPPL,11/5/2020,211.0,224.0,211.0,223.0,3.72,33977.0,605.0,340.1
HPPL,11/8/2020,227.0,234.0,223.0,234.0,4.93,23745.0,605.0,340.1
HPPL,11/9/2020,230.0,239.0,225.0,225.0,-3.85,17977.0,605.0,340.1
HPPL,11/10/2020,225.0,231.0,223.0,230.0,2.22,6367.0,605.0,340.1
HPPL,11/11/2020,230.0,233.0,224.0,225.0,-2.17,10744.0,605.0,340.1
HPPL,11/12/2020,223.0,228.0,222.0,223.0,-0.89,6940.0,605.0,340.1
HPPL,11/18/2020,222.0,226.0,210.0,220.0,-1.35,10244.0,605.0,340.1
HPPL,11/19/2020,231.0,231.0,214.0,227.0,3.18,24578.0,605.0,340.1
HPPL,11/22/2020,216.0,232.0,216.0,218.0,-3.96,15075.0,605.0,340.1
HPPL,11/23/2020,215.0,230.0,215.0,227.0,4.13,17554.0,605.0,340.1
HPPL,11/24/2020,223.0,239.0,219.0,238.0,4.85,34481.0,605.0,340.1
HPPL,11/25/2020,242.0,242.0,225.0,239.0,0.42,22386.0,605.0,340.1
HPPL,11/26/2020,250.0,250.0,227.0,231.0,-3.35,21647.0,605.0,340.1
HPPL,11/29/2020,231.0,240.0,225.0,237.0,2.6,21049.0,605.0,340.1
HPPL,11/30/2020,248.0,248.0,229.0,240.0,1.27,24119.0,605.0,340.1
HPPL,12/1/2020,244.0,248.0,233.0,246.0,2.5,34754.0,605.0,340.1
HPPL,12/2/2020,258.0,258.0,236.0,251.0,2.03,16773.0,605.0,340.1
HPPL,12/3/2020,263.0,263.0,241.0,243.0,-3.19,15423.0,605.0,340.1
HPPL,12/6/2020,239.0,244.0,230.0,233.0,-4.12,16866.0,605.0,340.1
HPPL,12/7/2020,229.0,246.0,229.0,245.0,5.15,13487.0,605.0,340.1
HPPL,12/8/2020,241.0,258.0,237.0,248.0,1.22,30201.0,605.0,340.1
HPPL,12/9/2020,244.0,251.0,236.0,239.0,-3.63,20601.0,605.0,340.1
HPPL,12/10/2020,235.0,247.0,232.0,241.0,0.84,9391.0,605.0,340.1
HPPL,12/13/2020,241.0,245.0,225.0,241.0,0.0,7902.0,605.0,340.1
HPPL,12/14/2020,241.0,249.0,238.0,242.0,0.41,18856.0,605.0,340.1
HPPL,12/15/2020,240.0,242.0,232.0,237.0,-2.07,14229.0,605.0,340.1
HPPL,12/16/2020,233.0,237.0,232.0,232.0,-2.11,7076.0,605.0,340.1
HPPL,12/17/2020,229.0,236.0,226.0,230.0,-0.86,12674.0,605.0,340.1
HPPL,12/20/2020,226.0,227.0,218.0,218.0,-5.22,15590.0,605.0,340.1
HPPL,12/21/2020,214.0,224.0,206.0,219.0,0.46,8135.0,605.0,340.1
HPPL,12/22/2020,223.0,237.0,222.0,237.0,8.22,7872.0,605.0,340.1
HPPL,12/23/2020,248.0,248.0,220.0,235.0,-0.84,6120.0,605.0,340.1
HPPL,12/24/2020,235.0,235.0,226.0,227.0,-3.4,6260.0,605.0,340.1
HPPL,12/27/2020,223.0,231.0,221.0,222.0,-2.2,8349.0,605.0,340.1
HPPL,12/28/2020,219.0,226.0,219.0,222.0,0.0,9984.0,605.0,340.1
HPPL,12/29/2020,218.0,228.0,218.0,228.0,2.7,11247.0,605.0,340.1
HPPL,12/30/2020,224.0,224.0,220.0,223.0,-2.19,2474.0,605.0,340.1
HPPL,12/31/2020,219.0,225.0,218.0,221.0,-0.9,4817.0,605.0,340.1
HPPL,1/3/2021,220.0,224.0,219.0,224.0,1.36,10432.0,605.0,340.1
HPPL,1/4/2021,220.0,232.0,219.0,222.0,-0.89,6210.0,605.0,340.1
HPPL,1/5/2021,222.0,233.0,220.0,229.0,3.15,4286.0,605.0,340.1
HPPL,1/6/2021,229.0,233.0,221.0,224.0,-2.18,5542.0,605.0,340.1
HPPL,1/7/2021,220.0,228.0,220.0,223.0,-0.45,4400.0,605.0,340.1
HPPL,1/10/2021,221.0,226.0,221.0,225.0,0.9,4395.0,605.0,340.1
HPPL,1/11/2021,222.0,233.0,222.0,224.0,-0.44,12219.0,605.0,340.1
HPPL,1/12/2021,222.0,228.0,222.0,226.0,0.89,5387.0,605.0,340.1
HPPL,1/13/2021,225.0,230.0,225.0,229.0,1.33,13236.0,605.0,340.1
HPPL,1/17/2021,225.0,231.0,225.0,231.0,0.87,5121.0,605.0,340.1
HPPL,1/18/2021,235.0,235.0,225.0,230.0,-0.43,7747.0,605.0,340.1
HPPL,1/19/2021,226.0,240.0,226.0,231.0,0.43,3325.0,605.0,340.1
HPPL,1/20/2021,235.0,235.0,226.0,230.0,-0.43,6337.0,605.0,340.1
HPPL,1/21/2021,226.0,244.0,226.0,240.0,4.35,13504.0,605.0,340.1
HPPL,1/24/2021,244.0,257.0,244.0,256.0,6.67,47881.0,605.0,340.1
HPPL,1/25/2021,256.0,280.0,253.0,280.0,9.38,20265.0,605.0,340.1
HPPL,1/26/2021,285.0,308.0,270.0,297.0,6.07,50777.0,605.0,340.1
HPPL,1/27/2021,292.0,302.0,282.0,286.0,-3.7,32539.0,605.0,340.1
HPPL,1/28/2021,281.0,281.0,261.0,268.0,-6.29,24953.0,605.0,340.1
HPPL,1/31/2021,263.0,273.0,258.0,260.0,-2.99,18736.0,605.0,340.1
HPPL,2/1/2021,260.0,270.0,260.0,267.0,2.69,12280.0,605.0,340.1
HPPL,2/2/2021,264.0,291.0,264.0,283.0,5.99,14134.0,605.0,340.1
HPPL,2/3/2021,281.0,296.0,281.0,287.0,1.41,48336.0,605.0,340.1
HPPL,2/4/2021,283.0,311.0,283.0,304.0,5.92,58322.0,605.0,340.1
HPPL,2/7/2021,310.0,334.0,304.0,334.0,9.87,61785.0,605.0,340.1
HPPL,2/8/2021,340.0,351.0,327.0,343.0,2.69,52452.0,605.0,340.1
HPPL,2/9/2021,348.0,350.0,322.0,350.0,2.04,29860.0,605.0,340.1
HPPL,2/10/2021,344.0,368.0,334.0,368.0,5.14,39736.0,605.0,340.1
HPPL,2/11/2021,361.0,363.0,348.0,350.0,-4.89,32192.0,605.0,340.1
HPPL,2/14/2021,345.0,350.0,331.0,335.0,-4.29,15370.0,605.0,340.1
HPPL,2/15/2021,339.0,352.0,333.0,336.0,0.3,14289.0,605.0,340.1
HPPL,2/16/2021,336.0,345.0,330.0,330.0,-1.79,15685.0,605.0,340.1
HPPL,2/17/2021,325.0,330.0,321.0,325.0,-1.52,8777.0,605.0,340.1
HPPL,2/18/2021,330.0,357.0,318.0,352.0,8.31,15246.0,605.0,340.1
HPPL,2/21/2021,350.0,354.0,332.0,344.0,-2.27,24927.0,605.0,340.1
HPPL,2/22/2021,339.0,354.0,337.0,344.0,0.0,21395.0,605.0,340.1
HPPL,2/23/2021,343.0,378.0,333.0,377.0,9.59,62754.0,605.0,340.1
HPPL,2/24/2021,377.0,392.0,361.0,369.0,-2.12,25361.0,605.0,340.1
HPPL,2/25/2021,370.0,370.0,356.0,356.0,-3.52,15218.0,605.0,340.1
HPPL,2/28/2021,356.0,356.0,337.0,340.0,-4.49,22637.0,605.0,340.1
HPPL,3/1/2021,340.0,371.0,329.0,360.0,5.88,27432.0,605.0,340.1
HPPL,3/2/2021,360.0,396.0,350.0,392.0,8.89,150852.0,605.0,340.1
HPPL,3/3/2021,385.0,425.0,365.0,424.0,8.16,67254.0,605.0,340.1
HPPL,3/4/2021,403.0,465.0,403.0,465.0,9.67,231620.0,605.0,340.1
HPPL,3/7/2021,474.0,492.0,441.0,483.0,3.87,95640.0,605.0,340.1
HPPL,3/9/2021,507.0,507.0,452.0,488.0,1.04,49256.0,605.0,340.1
HPPL,3/10/2021,485.0,506.0,444.0,497.0,1.84,79910.0,605.0,340.1
HPPL,3/14/2021,488.0,488.0,448.0,448.0,-9.86,88300.0,605.0,340.1
HPPL,3/15/2021,440.0,441.0,414.0,420.0,-6.25,90449.0,605.0,340.1
HPPL,3/16/2021,421.0,428.0,399.0,404.0,-3.81,34951.0,605.0,340.1
HPPL,3/17/2021,412.0,412.0,395.0,407.0,0.74,18510.0,605.0,340.1
HPPL,3/18/2021,399.0,419.0,397.0,413.0,1.47,27747.0,605.0,340.1
HPPL,3/21/2021,415.0,429.0,394.0,429.0,3.87,31050.0,605.0,340.1
HPPL,3/22/2021,421.0,423.0,411.0,415.0,-3.26,14315.0,605.0,340.1
HPPL,3/23/2021,435.0,435.0,401.0,402.0,-3.13,34961.0,605.0,340.1
HPPL,3/24/2021,402.0,417.0,402.0,410.0,1.99,24003.0,605.0,340.1
HPPL,3/25/2021,420.0,420.0,398.0,398.0,-2.93,26652.0,605.0,340.1
HPPL,3/29/2021,395.0,405.0,390.0,390.0,-2.01,18622.0,605.0,340.1
HPPL,3/30/2021,397.0,400.0,390.0,395.0,1.28,16988.0,605.0,340.1
HPPL,3/31/2021,414.0,414.0,390.0,393.0,-0.51,15132.0,605.0,340.1
HPPL,4/1/2021,388.0,394.0,386.0,391.0,-0.51,34749.0,605.0,340.1
HPPL,4/4/2021,398.0,402.0,390.0,398.0,1.79,20617.0,605.0,340.1
HPPL,4/5/2021,398.0,398.0,390.0,396.0,-0.5,16329.0,605.0,340.1
HPPL,4/6/2021,391.0,420.0,391.0,420.0,6.06,53149.0,605.0,340.1
HPPL,4/7/2021,425.0,433.0,400.0,403.0,-4.05,22791.0,605.0,340.1
HPPL,4/8/2021,423.0,423.0,398.0,402.0,-0.25,17178.0,605.0,340.1
HPPL,4/12/2021,395.0,405.0,394.0,400.0,-0.5,7316.0,605.0,340.1
HPPL,4/13/2021,392.0,401.0,392.0,398.0,-0.5,9362.0,605.0,340.1
HPPL,4/15/2021,391.0,408.0,386.0,398.0,0.0,21794.0,605.0,340.1
HPPL,4/18/2021,400.0,413.0,398.0,401.0,0.75,44155.0,605.0,340.1
HPPL,4/19/2021,421.0,421.0,389.0,399.0,-0.5,46744.0,605.0,340.1
HPPL,4/20/2021,392.0,437.0,392.0,430.0,7.77,132236.0,605.0,340.1
HPPL,4/21/2021,440.0,440.0,412.0,412.0,-4.19,33301.0,605.0,340.1
HPPL,4/22/2021,408.0,420.0,407.0,412.0,0.0,18205.0,605.0,340.1
HPPL,4/25/2021,412.0,412.0,389.0,391.0,-5.1,25740.0,605.0,340.1
HPPL,4/26/2021,384.0,405.0,376.0,376.0,-3.84,37263.0,605.0,340.1
HPPL,4/27/2021,376.0,401.0,376.0,395.0,5.05,36606.0,605.0,340.1
HPPL,4/28/2021,395.0,400.0,370.0,384.0,-2.78,95361.0,605.0,340.1
HPPL,4/29/2021,391.0,417.0,370.0,412.0,7.29,434319.0,605.0,340.1
HPPL,5/2/2021,412.0,434.0,412.0,425.0,3.16,229003.0,605.0,340.1
HPPL,5/3/2021,425.0,427.0,406.0,411.0,-3.29,135705.0,605.0,340.1
HPPL,5/4/2021,391.0,419.0,391.0,411.0,0.0,143985.0,605.0,340.1
HPPL,5/5/2021,410.0,422.0,408.0,412.0,0.24,183976.0,605.0,340.1
HPPL,5/6/2021,419.0,421.0,407.0,411.0,-0.24,129263.0,605.0,340.1
HPPL,5/9/2021,431.0,431.0,404.0,408.0,-0.73,124919.0,605.0,340.1
HPPL,5/10/2021,405.0,410.0,395.0,408.0,0.0,169632.0,605.0,340.1
HPPL,5/11/2021,410.0,413.0,402.0,409.0,0.25,84330.0,605.0,340.1
HPPL,5/12/2021,412.0,443.0,405.0,438.0,7.09,245868.0,605.0,340.1
HPPL,5/13/2021,459.0,459.0,431.0,433.0,-1.14,193508.0,605.0,340.1
HPPL,5/16/2021,437.0,439.0,417.0,423.0,-2.31,180524.0,605.0,340.1
HPPL,5/17/2021,444.0,444.0,422.0,435.0,2.84,117756.0,605.0,340.1
HPPL,5/18/2021,442.0,448.0,432.0,444.0,2.07,162956.0,605.0,340.1
HPPL,5/19/2021,446.0,450.0,422.0,427.0,-3.83,128927.0,605.0,340.1
HPPL,5/20/2021,426.0,430.0,418.0,423.0,-0.94,65531.0,605.0,340.1
HPPL,5/23/2021,415.0,438.0,408.0,426.0,0.71,75793.0,605.0,340.1
HPPL,5/24/2021,447.0,447.0,426.0,436.0,2.35,161572.0,605.0,340.1
HPPL,5/25/2021,435.0,442.0,428.0,436.0,0.0,63595.0,605.0,340.1
HPPL,5/27/2021,444.0,475.0,425.0,456.0,4.59,223442.0,605.0,340.1
HPPL,5/30/2021,478.0,478.0,433.0,439.0,-3.73,164280.0,605.0,340.1
HPPL,5/31/2021,447.0,447.0,414.0,416.0,-5.24,115695.0,605.0,340.1
HPPL,6/1/2021,416.0,424.0,407.0,418.0,0.48,53377.0,605.0,340.1
HPPL,6/2/2021,415.0,435.0,410.0,432.0,3.35,48746.0,605.0,340.1
HPPL,6/3/2021,433.0,438.0,414.0,416.0,-3.7,58732.0,605.0,340.1
HPPL,6/6/2021,415.0,421.0,412.0,413.0,-0.72,59100.0,605.0,340.1
HPPL,6/7/2021,410.0,426.0,410.0,423.0,2.42,41356.0,605.0,340.1
HPPL,6/8/2021,444.0,444.0,421.0,425.0,0.47,72838.0,605.0,340.1
HPPL,6/9/2021,420.0,428.0,414.0,416.0,-2.12,59698.0,605.0,340.1
HPPL,6/10/2021,396.0,437.0,396.0,431.0,3.61,95449.0,605.0,340.1
HPPL,6/13/2021,431.0,474.0,425.0,474.0,9.98,405165.0,605.0,340.1
HPPL,6/14/2021,497.0,515.0,481.0,513.0,8.23,379005.0,605.0,340.1
HPPL,6/15/2021,520.0,545.0,503.0,505.0,-1.56,231291.0,605.0,340.1
HPPL,6/16/2021,480.0,507.0,455.0,459.0,-9.11,197036.0,605.0,340.1
HPPL,6/17/2021,456.0,465.0,436.0,447.0,-2.61,122632.0,605.0,340.1
HPPL,6/20/2021,455.0,455.0,415.0,422.0,-5.59,125189.0,605.0,340.1
HPPL,6/21/2021,422.0,432.0,393.0,393.0,-6.87,70842.0,605.0,340.1
HPPL,6/22/2021,400.0,432.0,395.0,432.0,9.92,95938.0,605.0,340.1
HPPL,6/23/2021,432.0,440.0,403.0,412.0,-4.63,71320.0,605.0,340.1
HPPL,6/24/2021,415.0,429.0,404.0,408.0,-0.97,45985.0,605.0,340.1
HPPL,6/27/2021,410.0,430.0,410.0,413.0,1.23,30218.0,605.0,340.1
HPPL,6/28/2021,421.0,429.0,410.0,412.0,-0.24,32821.0,605.0,340.1
HPPL,6/29/2021,404.0,415.0,400.0,400.0,-2.91,22120.0,605.0,340.1
HPPL,6/30/2021,392.0,418.0,392.0,407.0,1.75,30981.0,605.0,340.1
HPPL,7/1/2021,405.0,420.0,405.0,410.0,0.74,23774.0,605.0,340.1
HPPL,7/4/2021,410.0,418.0,403.0,407.0,-0.73,12640.0,605.0,340.1
HPPL,7/5/2021,407.0,409.0,403.0,404.0,-0.74,9621.0,605.0,340.1
HPPL,7/6/2021,420.0,420.0,399.0,400.0,-0.99,23179.0,605.0,340.1
HPPL,7/7/2021,408.0,408.0,393.0,393.0,-1.75,16939.0,605.0,340.1
HPPL,7/8/2021,395.0,402.0,390.0,393.0,0.0,16833.0,605.0,340.1
HPPL,7/11/2021,400.0,417.0,396.0,417.0,6.11,34054.0,605.0,340.1
HPPL,7/12/2021,419.0,422.0,397.0,402.0,-3.6,47017.0,605.0,340.1
HPPL,7/13/2021,398.0,420.0,398.0,420.0,4.48,28826.0,605.0,340.1
HPPL,7/14/2021,421.0,462.0,404.0,454.0,8.1,140773.0,605.0,340.1
HPPL,7/15/2021,450.0,474.0,445.0,449.0,-1.1,104279.0,605.0,340.1
HPPL,7/18/2021,457.0,493.9,450.0,493.9,10.0,208970.0,605.0,340.1
HPPL,7/19/2021,503.7,540.0,501.0,519.0,5.08,303405.0,605.0,340.1
HPPL,7/20/2021,519.0,545.0,515.0,540.0,4.05,164582.0,605.0,340.1
HPPL,7/22/2021,549.9,549.9,515.1,518.0,-4.07,103251.0,605.0,340.1
HPPL,7/25/2021,525.0,550.0,518.1,545.0,5.21,216565.0,605.0,340.1
HPPL,7/26/2021,545.0,581.4,540.0,581.4,6.68,183305.0,605.0,340.1
HPPL,7/27/2021,576.0,639.0,569.0,639.0,9.91,217935.0,605.0,340.1
HPPL,7/28/2021,609.0,644.0,589.0,612.0,-4.23,148418.0,605.0,340.1
HPPL,7/29/2021,624.2,649.0,577.0,624.3,2.01,129919.0,605.0,340.1
HPPL,8/1/2021,625.0,626.0,598.0,622.9,-0.22,175195.0,605.0,340.1
HPPL,8/2/2021,629.0,652.0,593.0,593.0,-4.8,83744.0,605.0,340.1
HPPL,8/3/2021,600.0,620.0,581.5,596.0,0.51,51410.0,605.0,340.1
HPPL,8/4/2021,605.0,642.0,598.0,630.0,5.7,161613.0,605.0,340.1
HPPL,8/5/2021,630.0,631.0,592.0,609.0,-3.33,129174.0,605.0,340.1
HPPL,8/8/2021,597.0,640.0,595.0,628.0,3.12,143417.0,605.0,340.1
HPPL,8/9/2021,640.0,690.8,625.0,690.8,10.0,315382.0,605.0,340.1
HPPL,8/10/2021,703.0,739.5,674.0,705.0,2.06,156404.0,605.0,340.1
HPPL,8/11/2021,705.0,742.7,678.1,711.0,0.85,90313.0,605.0,340.1
HPPL,8/12/2021,700.0,725.0,675.0,725.0,1.97,116551.0,605.0,340.1
HPPL,8/15/2021,710.5,710.5,652.5,700.0,-3.45,192987.0,605.0,340.1
HPPL,8/16/2021,710.0,710.0,672.0,681.0,-2.71,63709.0,605.0,340.1
HPPL,8/17/2021,693.0,749.1,679.0,705.0,3.52,328848.0,605.0,340.1
HPPL,8/18/2021,691.0,730.0,691.0,726.0,2.98,250972.0,605.0,340.1
HPPL,8/19/2021,735.0,735.0,680.0,681.0,-6.2,83529.0,605.0,340.1
HPPL,8/24/2021,667.4,668.0,612.9,613.0,-9.99,129228.0,605.0,340.1
HPPL,8/25/2021,600.8,600.8,568.0,579.0,-5.55,95637.0,605.0,340.1
HPPL,8/26/2021,575.0,621.9,575.0,610.0,5.35,67328.0,605.0,340.1
HPPL,8/29/2021,605.0,617.0,575.3,582.9,-4.44,78682.0,605.0,340.1
HPPL,8/31/2021,573.0,582.0,532.0,554.0,-4.96,87939.0,605.0,340.1
HPPL,9/1/2021,560.0,602.8,543.1,573.0,3.43,63827.0,605.0,340.1
HPPL,9/2/2021,573.0,584.0,545.0,550.0,-4.01,41062.0,605.0,340.1
HPPL,9/5/2021,539.0,545.0,495.0,500.0,-9.09,54102.0,605.0,340.1
HPPL,9/6/2021,490.0,550.0,490.0,550.0,10.0,54002.0,605.0,340.1
HPPL,9/7/2021,560.0,560.0,525.1,538.0,-2.18,61098.0,605.0,340.1
HPPL,9/8/2021,527.3,552.4,516.8,532.0,-1.12,25670.0,605.0,340.1
HPPL,9/9/2021,540.0,585.2,529.0,585.2,10.0,344427.0,605.0,340.1
HPPL,9/12/2021,596.9,643.7,596.9,643.6,9.98,218226.0,605.0,340.1
HPPL,9/13/2021,656.4,656.4,610.0,634.0,-1.49,188417.0,605.0,340.1
HPPL,9/14/2021,625.0,645.0,618.0,632.0,-0.32,67791.0,605.0,340.1
HPPL,9/15/2021,644.6,644.6,602.0,630.0,-0.32,73260.0,605.0,340.1
HPPL,9/16/2021,620.0,620.0,579.2,603.8,-4.16,114717.0,605.0,340.1
HPPL,9/20/2021,615.8,615.8,543.5,543.5,-9.99,76626.0,605.0,340.1
HPPL,9/21/2021,532.7,585.0,490.0,530.2,-2.45,84403.0,605.0,340.1
HPPL,9/22/2021,540.8,570.0,531.1,570.0,7.51,46079.0,605.0,340.1
HPPL,9/23/2021,580.0,580.0,537.1,541.0,-5.09,36824.0,605.0,340.1
HPPL,9/26/2021,551.8,551.8,508.3,519.0,-4.07,44334.0,605.0,340.1
HPPL,9/27/2021,529.0,539.5,485.0,486.2,-6.32,55063.0,605.0,340.1
HPPL,9/28/2021,478.0,499.3,437.6,437.6,-10.0,102099.0,605.0,340.1
HPPL,9/29/2021,438.0,473.7,404.2,469.2,7.22,37524.0,605.0,340.1
HPPL,9/30/2021,460.0,473.9,438.1,440.0,-6.22,43092.0,605.0,340.1
HPPL,10/3/2021,442.0,448.8,406.7,406.7,-7.57,35302.0,605.0,340.1
HPPL,10/4/2021,414.0,414.0,385.0,392.0,-3.61,32313.0,605.0,340.1
HPPL,10/5/2021,392.0,431.2,390.0,431.2,10.0,30523.0,605.0,340.1
HPPL,10/6/2021,425.0,443.0,423.0,440.0,2.04,22614.0,605.0,340.1
HPPL,10/10/2021,448.0,456.9,420.0,420.0,-4.55,39170.0,605.0,340.1
HPPL,10/11/2021,416.0,417.0,405.0,416.0,-0.95,16064.0,605.0,340.1
HPPL,10/17/2021,424.0,429.0,409.0,428.8,3.08,7942.0,605.0,340.1
HPPL,10/18/2021,420.3,428.4,395.0,400.0,-6.72,62437.0,605.0,340.1
HPPL,10/19/2021,393.0,400.0,371.0,380.0,-5.0,23681.0,605.0,340.1
HPPL,10/20/2021,372.5,409.0,372.5,405.0,6.58,19071.0,605.0,340.1
HPPL,10/21/2021,413.1,421.0,390.0,391.0,-3.46,17519.0,605.0,340.1
HPPL,10/24/2021,391.0,414.0,391.0,406.0,3.84,15638.0,605.0,340.1
HPPL,10/25/2021,414.0,446.6,410.1,446.6,10.0,36073.0,605.0,340.1
HPPL,10/26/2021,455.5,491.2,455.0,489.0,9.49,59686.0,605.0,340.1
HPPL,10/27/2021,481.0,529.3,463.0,476.0,-2.66,53026.0,605.0,340.1
HPPL,10/28/2021,476.0,520.0,476.0,520.0,9.24,75830.0,605.0,340.1
HPPL,10/31/2021,523.0,564.1,513.0,558.9,7.48,41932.0,605.0,340.1
HPPL,11/1/2021,560.0,570.0,526.0,528.0,-5.53,87276.0,605.0,340.1
HPPL,11/2/2021,518.0,545.0,512.0,535.0,1.33,36486.0,605.0,340.1
HPPL,11/3/2021,545.7,545.7,520.0,525.0,-1.87,37753.0,605.0,340.1
HPPL,11/8/2021,535.0,535.0,509.6,516.0,-1.71,11112.0,605.0,340.1
HPPL,11/9/2021,507.1,519.8,472.6,486.0,-5.81,51243.0,605.0,340.1
HPPL,11/11/2021,477.0,480.0,460.0,466.0,-4.12,36058.0,605.0,340.1
HPPL,11/14/2021,457.0,488.0,453.0,475.1,1.95,20000.0,605.0,340.1
HPPL,11/15/2021,484.0,503.3,484.0,485.0,2.08,32122.0,605.0,340.1
HPPL,11/16/2021,486.0,510.0,486.0,505.0,4.12,17666.0,605.0,340.1
HPPL,11/17/2021,515.1,529.9,510.0,514.0,1.78,30591.0,605.0,340.1
HPPL,11/18/2021,505.0,525.0,490.5,491.0,-4.47,20831.0,605.0,340.1
HPPL,11/21/2021,490.0,510.0,490.0,499.0,1.63,18753.0,605.0,340.1
HPPL,11/22/2021,498.0,503.0,491.0,492.0,-1.4,11961.0,605.0,340.1
HPPL,11/23/2021,490.0,501.8,470.9,481.0,-2.24,24901.0,605.0,340.1
HPPL,11/24/2021,473.0,499.0,467.1,490.0,1.87,14875.0,605.0,340.1
HPPL,11/25/2021,490.0,499.9,484.0,484.1,-1.2,11000.0,605.0,340.1
HPPL,11/28/2021,475.0,480.0,435.7,443.0,-8.49,52120.0,605.0,340.1
HPPL,11/29/2021,443.0,467.0,443.0,458.0,3.39,23624.0,605.0,340.1
HPPL,11/30/2021,467.0,467.0,441.2,455.0,-0.66,15457.0,605.0,340.1
HPPL,12/1/2021,464.0,464.0,446.0,454.9,-0.02,17884.0,605.0,340.1
HPPL,12/2/2021,461.0,461.0,425.4,435.0,-4.37,22117.0,605.0,340.1
HPPL,12/5/2021,434.0,443.0,410.5,421.4,-3.13,19426.0,605.0,340.1
HPPL,12/6/2021,428.0,452.8,402.0,440.0,4.41,29408.0,605.0,340.1
HPPL,12/7/2021,448.0,452.0,412.0,414.0,-5.91,35135.0,605.0,340.1
HPPL,12/8/2021,407.1,422.0,400.0,400.0,-3.38,20879.0,605.0,340.1
HPPL,12/9/2021,400.0,415.0,395.0,408.0,2.0,9149.0,605.0,340.1
HPPL,12/12/2021,404.0,404.0,394.0,395.0,-3.19,15845.0,605.0,340.1
HPPL,12/13/2021,387.1,398.0,365.0,383.8,-2.84,33197.0,605.0,340.1
HPPL,12/14/2021,391.0,420.0,391.0,420.0,9.43,12895.0,605.0,340.1
HPPL,12/15/2021,428.0,445.0,403.0,410.0,-2.38,37826.0,605.0,340.1
HPPL,12/16/2021,410.0,417.0,381.0,381.0,-7.07,19435.0,605.0,340.1
HPPL,12/20/2021,375.0,404.0,375.0,380.0,-0.26,12584.0,605.0,340.1
HPPL,12/21/2021,387.6,396.0,382.0,395.5,4.08,11960.0,605.0,340.1
HPPL,12/22/2021,395.5,426.2,392.0,426.0,7.71,35255.0,605.0,340.1
HPPL,12/23/2021,430.0,430.9,405.0,420.0,-1.41,50197.0,605.0,340.1
HPPL,12/26/2021,428.0,436.0,411.2,426.4,1.52,39447.0,605.0,340.1
HPPL,12/27/2021,420.0,451.0,416.1,416.2,-2.39,59861.0,605.0,340.1
HPPL,12/28/2021,420.0,428.0,408.0,423.0,1.63,12964.0,605.0,340.1
HPPL,12/29/2021,430.0,430.0,414.6,416.3,-1.58,14175.0,605.0,340.1
HPPL,1/2/2022,424.6,426.0,419.0,422.3,1.44,15483.0,605.0,340.1
HPPL,1/3/2022,427.0,433.0,422.0,424.0,0.4,26596.0,605.0,340.1
HPPL,1/4/2022,430.0,440.0,424.0,440.0,3.77,42762.0,605.0,340.1
HPPL,1/5/2022,448.8,476.1,440.0,450.0,2.27,71677.0,605.0,340.1
HPPL,1/6/2022,442.0,478.3,441.0,470.9,4.64,35142.0,605.0,340.1
HPPL,1/9/2022,470.0,505.9,465.0,482.0,2.36,61705.0,605.0,340.1
HPPL,1/10/2022,483.2,499.0,481.2,494.0,2.49,50354.0,605.0,340.1
HPPL,1/11/2022,503.8,523.0,484.0,515.0,4.25,58024.0,605.0,340.1
HPPL,1/12/2022,514.0,528.0,496.0,515.0,0.0,112637.0,605.0,340.1
HPPL,1/13/2022,505.0,530.0,503.0,525.0,1.94,53270.0,605.0,340.1
HPPL,1/16/2022,535.0,540.0,525.1,533.0,1.52,46613.0,605.0,340.1
HPPL,1/17/2022,543.6,543.6,515.0,534.9,0.36,24419.0,605.0,340.1
HPPL,1/18/2022,530.0,536.0,501.8,514.0,-3.91,34133.0,605.0,340.1
HPPL,1/19/2022,524.0,524.0,502.0,504.0,-1.95,21094.0,605.0,340.1
HPPL,1/20/2022,494.1,514.0,494.1,513.5,1.88,33376.0,605.0,340.1
HPPL,1/23/2022,515.0,534.1,500.1,508.0,-1.07,24308.0,605.0,340.1
HPPL,1/24/2022,501.0,507.9,481.2,485.0,-4.53,70165.0,605.0,340.1
HPPL,1/25/2022,476.0,494.7,476.0,476.0,-1.86,28939.0,605.0,340.1
HPPL,1/26/2022,482.0,482.0,456.0,461.0,-3.15,22474.0,605.0,340.1
HPPL,1/27/2022,456.0,479.0,456.0,470.0,1.95,31319.0,605.0,340.1
HPPL,1/30/2022,479.4,508.0,479.4,507.0,7.87,23068.0,605.0,340.1
HPPL,1/31/2022,508.0,508.0,491.0,502.0,-0.99,25171.0,605.0,340.1
HPPL,2/1/2022,500.0,527.0,491.0,520.0,3.59,75030.0,605.0,340.1
HPPL,2/3/2022,530.0,540.0,517.0,517.1,-0.56,82449.0,605.0,340.1
HPPL,2/6/2022,510.0,519.0,501.0,509.0,-1.57,24220.0,605.0,340.1
HPPL,2/7/2022,500.0,517.0,499.0,511.0,0.39,13864.0,605.0,340.1
HPPL,2/8/2022,515.0,535.0,496.0,496.2,-2.9,20501.0,605.0,340.1
HPPL,2/9/2022,488.0,500.0,488.0,499.0,0.56,6497.0,605.0,340.1
HPPL,2/10/2022,490.0,500.0,490.0,491.0,-1.6,9713.0,605.0,340.1
HPPL,2/13/2022,481.2,481.2,460.2,469.0,-4.48,11940.0,605.0,340.1
HPPL,2/14/2022,477.0,480.0,465.0,465.0,-0.85,9352.0,605.0,340.1
HPPL,2/15/2022,468.0,488.0,468.0,486.0,4.52,8608.0,605.0,340.1
HPPL,2/16/2022,487.0,490.6,470.4,475.0,-2.26,10890.0,605.0,340.1
HPPL,2/17/2022,484.5,489.0,464.0,479.0,0.84,9508.0,605.0,340.1
HPPL,2/20/2022,469.5,490.6,460.2,468.0,-2.3,12325.0,605.0,340.1
HPPL,2/21/2022,477.3,490.0,469.0,487.0,4.06,11709.0,605.0,340.1
HPPL,2/22/2022,495.5,496.9,485.0,486.0,-0.21,14856.0,605.0,340.1
HPPL,2/23/2022,490.0,499.9,486.0,490.0,0.82,12620.0,605.0,340.1
HPPL,2/24/2022,481.0,481.0,465.0,472.0,-3.67,12727.0,605.0,340.1
HPPL,2/27/2022,472.0,489.0,469.0,484.0,2.54,13109.0,605.0,340.1
HPPL,2/28/2022,493.1,502.0,463.0,468.9,-3.12,25112.0,605.0,340.1
HPPL,3/2/2022,468.0,468.0,445.0,449.9,-4.05,18214.0,605.0,340.1
HPPL,3/6/2022,451.0,460.0,449.5,449.6,-0.07,10761.0,605.0,340.1
HPPL,3/7/2022,458.0,458.0,438.2,440.0,-2.14,9941.0,605.0,340.1
HPPL,3/9/2022,438.0,440.0,419.0,423.9,-3.66,14105.0,605.0,340.1
HPPL,3/10/2022,425.0,459.0,421.1,459.0,8.28,12382.0,605.0,340.1
HPPL,3/13/2022,460.0,473.0,458.0,468.5,2.07,11378.0,605.0,340.1
HPPL,3/14/2022,463.0,469.0,453.0,463.0,-1.17,3177.0,605.0,340.1
HPPL,3/15/2022,461.0,464.0,446.1,462.0,-0.22,6068.0,605.0,340.1
HPPL,3/16/2022,471.0,471.0,448.1,450.0,-2.6,11491.0,605.0,340.1
HPPL,3/20/2022,455.0,459.0,446.0,450.0,0.0,5420.0,605.0,340.1
HPPL,3/21/2022,445.0,474.0,445.0,465.0,3.33,14960.0,605.0,340.1
HPPL,3/22/2022,470.0,476.0,467.0,467.0,0.43,20813.0,605.0,340.1
HPPL,3/23/2022,460.0,469.0,455.0,457.0,-2.14,3472.0,605.0,340.1
HPPL,3/24/2022,450.0,459.0,447.0,448.0,-1.97,7600.0,605.0,340.1
HPPL,3/27/2022,443.0,456.0,432.0,432.0,-3.57,13186.0,605.0,340.1
HPPL,3/28/2022,425.0,439.9,423.0,423.0,-2.08,9138.0,605.0,340.1
HPPL,3/29/2022,431.4,448.0,419.0,423.0,0.0,8495.0,605.0,340.1
HPPL,3/30/2022,417.0,443.9,417.0,438.0,3.55,5085.0,605.0,340.1
HPPL,3/31/2022,446.7,455.0,423.0,423.0,-3.42,4611.0,605.0,340.1
HPPL,4/3/2022,418.0,430.0,418.0,427.0,0.95,3076.0,605.0,340.1
HPPL,4/4/2022,420.0,427.0,411.6,422.0,-1.17,8270.0,605.0,340.1
HPPL,4/5/2022,421.0,428.4,413.0,420.0,-0.47,10570.0,605.0,340.1
HPPL,4/6/2022,412.0,426.0,412.0,420.0,0.0,18658.0,605.0,340.1
HPPL,4/7/2022,428.0,462.0,417.0,462.0,10.0,23783.0,605.0,340.1
HPPL,4/11/2022,455.0,470.0,436.0,436.0,-5.63,21804.0,605.0,340.1
HPPL,4/12/2022,427.3,444.0,423.0,435.0,-0.23,9190.0,605.0,340.1
HPPL,4/13/2022,435.0,450.0,420.1,450.0,3.45,10698.0,605.0,340.1
HPPL,4/17/2022,441.0,448.0,432.0,432.0,-4.0,12677.0,605.0,340.1
HPPL,4/18/2022,424.0,424.0,401.9,407.0,-5.79,12288.0,605.0,340.1
HPPL,4/19/2022,399.0,428.0,396.0,409.2,0.54,9164.0,605.0,340.1
HPPL,4/20/2022,403.0,421.0,400.0,400.0,-2.25,6803.0,605.0,340.1
HPPL,4/21/2022,397.0,415.1,389.4,410.0,2.5,23333.0,605.0,340.1
HPPL,4/24/2022,406.0,447.0,405.2,439.0,7.07,13585.0,605.0,340.1
HPPL,4/25/2022,439.0,444.0,418.0,444.0,1.14,11356.0,605.0,340.1
HPPL,4/26/2022,435.2,435.2,413.6,420.0,-5.41,5989.0,605.0,340.1
HPPL,4/27/2022,420.0,437.0,412.0,420.6,0.14,1195.0,605.0,340.1
HPPL,4/28/2022,420.0,437.5,408.0,412.0,-2.04,6518.0,605.0,340.1
HPPL,5/2/2022,404.0,407.0,399.0,401.0,-2.67,6344.0,605.0,340.1
HPPL,5/4/2022,405.0,409.0,393.0,394.0,-1.75,3623.0,605.0,340.1
HPPL,5/5/2022,390.0,394.0,371.0,378.0,-4.06,13484.0,605.0,340.1
HPPL,5/8/2022,378.0,401.0,367.5,393.0,3.97,14298.0,605.0,340.1
HPPL,5/9/2022,400.0,400.0,388.1,389.0,-1.02,6128.0,605.0,340.1
HPPL,5/10/2022,385.0,409.0,385.0,406.0,4.37,5810.0,605.0,340.1
HPPL,5/11/2022,407.9,422.0,397.0,421.0,3.69,19291.0,605.0,340.1
HPPL,5/12/2022,422.0,422.0,402.0,402.0,-4.51,8949.0,605.0,340.1
HPPL,5/17/2022,402.0,402.0,383.0,383.0,-4.73,3785.0,605.0,340.1
HPPL,5/18/2022,376.0,402.0,365.1,391.5,2.22,10718.0,605.0,340.1
HPPL,5/19/2022,384.0,397.0,380.2,380.2,-2.89,7278.0,605.0,340.1
HPPL,5/20/2022,387.0,389.0,378.0,378.0,-0.58,3909.0,605.0,340.1
HPPL,5/23/2022,373.3,388.0,373.3,376.0,-0.53,5818.0,605.0,340.1
HPPL,5/24/2022,380.0,390.6,380.0,387.0,2.93,1887.0,605.0,340.1
HPPL,5/25/2022,388.1,396.9,382.2,384.3,-0.7,5159.0,605.0,340.1
HPPL,5/26/2022,383.0,390.0,383.0,383.0,-0.34,1513.0,605.0,340.1
HPPL,5/27/2022,379.0,383.0,376.0,377.0,-1.57,3554.0,605.0,340.1
HPPL,5/30/2022,370.0,380.4,370.0,373.2,-1.01,1650.0,605.0,340.1
HPPL,5/31/2022,370.0,380.0,360.7,361.0,-3.27,8296.0,605.0,340.1
HPPL,6/1/2022,368.2,368.2,361.2,364.0,0.83,2582.0,605.0,340.1
HPPL,6/2/2022,371.2,383.0,364.0,364.0,0.0,4110.0,605.0,340.1
HPPL,6/3/2022,364.0,364.0,350.0,355.0,-2.47,6224.0,605.0,340.1
HPPL,6/6/2022,350.0,369.0,349.0,359.0,1.13,2625.0,605.0,340.1
HPPL,6/7/2022,352.0,355.0,346.2,351.0,-2.23,4980.0,605.0,340.1
HPPL,6/8/2022,351.0,375.0,351.0,365.0,3.99,12011.0,605.0,340.1
HPPL,6/9/2022,372.3,372.3,345.1,366.1,0.3,30370.0,605.0,340.1
HPPL,6/10/2022,358.8,370.0,351.7,369.0,0.79,5766.0,605.0,340.1
HPPL,6/13/2022,375.0,382.5,353.0,382.5,3.66,6751.0,605.0,340.1
HPPL,6/14/2022,374.9,374.9,344.3,344.3,-9.99,30104.0,605.0,340.1
HPPL,6/15/2022,342.0,343.0,309.9,340.0,-1.25,22716.0,605.0,340.1
HPPL,6/16/2022,333.2,344.0,313.7,333.0,-2.06,6485.0,605.0,340.1
HPPL,6/17/2022,339.0,339.0,325.0,326.0,-2.1,923.0,605.0,340.1
HPPL,6/19/2022,326.0,326.0,308.8,310.1,-4.88,12134.0,605.0,340.1
HPPL,6/20/2022,305.0,305.0,289.1,294.0,-5.19,19621.0,605.0,340.1
HPPL,6/21/2022,288.2,310.0,284.0,298.0,1.36,4689.0,605.0,340.1
HPPL,6/22/2022,292.1,303.7,290.0,299.7,0.57,4525.0,605.0,340.1
HPPL,6/23/2022,293.8,293.8,272.2,280.0,-6.57,9700.0,605.0,340.1
HPPL,6/24/2022,276.0,291.0,259.0,283.9,1.39,9978.0,605.0,340.1
HPPL,6/26/2022,289.5,312.2,289.5,312.2,9.97,26652.0,605.0,340.1
HPPL,6/27/2022,317.8,338.0,306.8,313.0,0.26,20844.0,605.0,340.1
HPPL,6/28/2022,306.8,318.0,296.2,300.0,-4.15,9448.0,605.0,340.1
HPPL,6/29/2022,295.5,312.0,290.3,310.0,3.33,11562.0,605.0,340.1
HPPL,6/30/2022,314.8,331.0,308.7,318.2,2.65,17378.0,605.0,340.1
HPPL,7/1/2022,320.0,324.5,312.0,316.0,-0.69,3379.0,605.0,340.1
HPPL,7/3/2022,322.3,347.6,309.0,347.6,10.0,32152.0,605.0,340.1
HPPL,7/4/2022,341.0,368.9,331.3,360.0,3.57,45501.0,605.0,340.1
HPPL,7/5/2022,353.1,374.0,335.0,344.8,-4.22,27986.0,605.0,340.1
HPPL,7/6/2022,339.0,350.0,331.3,345.0,0.06,14996.0,605.0,340.1
HPPL,7/7/2022,338.1,358.6,332.4,333.0,-3.48,22877.0,605.0,340.1
HPPL,7/8/2022,327.1,333.5,317.6,329.0,-1.2,9120.0,605.0,340.1
HPPL,7/11/2022,322.5,322.5,296.1,299.1,-9.09,28196.0,605.0,340.1
HPPL,7/12/2022,305.0,312.1,294.2,302.0,0.97,26271.0,605.0,340.1
HPPL,7/13/2022,308.0,326.9,306.0,326.9,8.25,14453.0,605.0,340.1
HPPL,7/14/2022,321.0,330.0,314.0,320.0,-2.11,5753.0,605.0,340.1
HPPL,7/15/2022,314.1,323.0,312.0,322.0,0.63,26855.0,605.0,340.1
HPPL,7/17/2022,315.6,325.0,310.0,313.0,-2.8,10357.0,605.0,340.1
HPPL,7/18/2022,306.8,320.0,306.8,319.0,1.92,5598.0,605.0,340.1
HPPL,7/19/2022,319.0,335.5,319.0,329.0,3.13,23649.0,605.0,340.1
HPPL,7/20/2022,335.0,338.0,324.0,332.0,0.91,14045.0,605.0,340.1
HPPL,7/21/2022,338.0,338.0,323.4,327.1,-1.48,10431.0,605.0,340.1
HPPL,7/22/2022,321.0,328.0,312.1,328.0,0.28,17430.0,605.0,340.1
HPPL,7/24/2022,334.0,338.0,325.0,338.0,3.05,18583.0,605.0,340.1
HPPL,7/25/2022,344.7,357.0,338.0,354.9,5.0,32673.0,605.0,340.1
HPPL,7/26/2022,347.9,355.0,334.2,344.5,-2.93,27488.0,605.0,340.1
HPPL,7/27/2022,345.0,358.0,327.4,358.0,3.92,47903.0,605.0,340.1
HPPL,7/28/2022,365.0,393.8,352.0,393.0,9.78,99421.0,605.0,340.1
HPPL,7/29/2022,400.0,416.0,380.0,396.0,0.76,27509.0,605.0,340.1
HPPL,7/31/2022,398.0,411.0,392.0,401.0,1.26,34480.0,605.0,340.1
HPPL,8/1/2022,405.0,405.0,382.0,390.0,-2.74,21250.0,605.0,340.1
HPPL,8/2/2022,382.2,397.8,380.0,392.7,0.69,12157.0,605.0,340.1
HPPL,8/3/2022,385.0,407.0,385.0,407.0,3.64,51085.0,605.0,340.1
HPPL,8/4/2022,400.0,418.0,384.2,418.0,2.7,49456.0,605.0,340.1
HPPL,8/5/2022,409.7,416.0,396.0,397.1,-5.0,30298.0,605.0,340.1
HPPL,8/7/2022,405.0,405.0,396.9,399.0,0.48,11450.0,605.0,340.1
HPPL,8/8/2022,400.0,406.8,388.0,388.0,-2.76,11044.0,605.0,340.1
HPPL,8/9/2022,387.0,409.0,374.0,394.7,1.73,16912.0,605.0,340.1
HPPL,8/10/2022,393.0,396.0,380.0,380.0,-3.72,8077.0,605.0,340.1
HPPL,8/11/2022,386.0,392.8,377.5,392.8,3.37,15938.0,605.0,340.1
HPPL,8/14/2022,390.0,390.0,371.8,387.6,-1.32,8780.0,605.0,340.1
HPPL,8/15/2022,395.2,402.0,382.5,402.0,3.72,16126.0,605.0,340.1
HPPL,8/16/2022,403.0,403.0,378.0,387.0,-3.73,25512.0,605.0,340.1
HPPL,8/17/2022,380.0,393.0,380.0,380.0,-1.81,2910.0,605.0,340.1
HPPL,8/18/2022,375.1,389.0,375.1,382.0,0.53,9846.0,605.0,340.1
HPPL,8/21/2022,384.0,389.5,373.7,373.7,-2.17,9944.0,605.0,340.1
HPPL,8/22/2022,370.0,380.0,370.0,380.0,1.69,5779.0,605.0,340.1
HPPL,8/23/2022,372.5,379.0,370.0,370.0,-2.63,6788.0,605.0,340.1
HPPL,8/24/2022,377.0,384.4,370.0,372.0,0.54,4794.0,605.0,340.1
HPPL,8/25/2022,377.9,385.0,365.1,366.1,-1.59,4445.0,605.0,340.1
HPPL,8/26/2022,360.0,370.0,358.8,365.0,-0.3,2762.0,605.0,340.1
HPPL,8/28/2022,360.1,364.0,351.1,354.0,-3.01,7750.0,605.0,340.1
HPPL,8/29/2022,361.0,368.2,342.0,354.0,0.0,3359.0,605.0,340.1
HPPL,8/30/2022,360.0,363.1,347.0,363.1,2.57,2379.0,605.0,340.1
HPPL,8/31/2022,370.3,370.3,338.2,338.2,-6.86,3555.0,605.0,340.1
HPPL,9/1/2022,344.9,346.8,332.0,345.9,2.28,4865.0,605.0,340.1
HPPL,9/2/2022,339.0,345.0,339.0,339.0,-1.99,2070.0,605.0,340.1
HPPL,9/4/2022,336.0,350.9,336.0,350.8,3.48,3135.0,605.0,340.1
HPPL,9/5/2022,345.1,352.0,345.1,348.1,-0.77,3330.0,605.0,340.1
HPPL,9/6/2022,354.0,354.0,334.9,345.0,-0.89,3240.0,605.0,340.1
HPPL,9/7/2022,338.2,350.0,327.0,343.0,-0.58,1492.0,605.0,340.1
HPPL,9/8/2022,339.0,345.0,327.2,337.1,-1.72,1560.0,605.0,340.1
HPPL,9/11/2022,337.0,343.0,330.0,330.0,-2.11,2732.0,605.0,340.1
HPPL,9/12/2022,336.0,336.0,321.5,325.0,-1.52,7558.0,605.0,340.1
HPPL,9/13/2022,320.0,331.5,320.0,322.0,-0.92,1792.0,605.0,340.1
HPPL,9/14/2022,328.0,339.0,328.0,336.0,4.35,5510.0,605.0,340.1
HPPL,9/15/2022,340.0,340.0,319.5,325.0,-3.27,9236.0,605.0,340.1
HPPL,9/16/2022,319.0,325.0,317.0,320.0,-1.54,2045.0,605.0,340.1
HPPL,9/18/2022,319.0,320.0,312.0,313.6,-2.0,3198.0,605.0,340.1
HPPL,9/20/2022,308.1,308.1,298.0,302.0,-3.7,6040.0,605.0,340.1
HPPL,9/21/2022,308.0,308.0,299.0,304.0,0.66,5885.0,605.0,340.1
HPPL,9/22/2022,309.0,316.2,291.1,310.0,1.97,9719.0,605.0,340.1
HPPL,9/25/2022,310.0,310.0,290.0,299.0,-3.55,4700.0,605.0,340.1
HPPL,9/27/2022,293.1,316.9,287.3,316.9,5.99,3425.0,605.0,340.1
HPPL,9/28/2022,310.6,310.6,298.0,298.0,-5.96,1872.0,605.0,340.1
HPPL,9/29/2022,294.1,297.9,287.0,287.0,-3.69,1815.0,605.0,340.1
HPPL,10/9/2022,292.6,298.4,289.0,297.0,3.48,2310.0,605.0,340.1
HPPL,10/10/2022,291.3,307.9,282.3,298.0,0.34,57954.0,605.0,340.1
HPPL,10/11/2022,295.0,302.9,285.1,302.9,1.64,75660.0,605.0,340.1
HPPL,10/12/2022,297.5,305.0,297.0,304.0,0.36,25503.0,605.0,340.1
HPPL,10/13/2022,309.0,309.0,292.2,298.1,-1.94,59590.0,605.0,340.1
HPPL,10/16/2022,304.0,309.0,281.4,301.0,0.97,69822.0,605.0,340.1
HPPL,10/17/2022,295.0,301.0,284.2,301.0,0.0,12098.0,605.0,340.1
HPPL,10/19/2022,295.0,295.8,280.3,295.8,-1.73,8983.0,605.0,340.1
HPPL,10/20/2022,289.9,289.9,278.8,279.2,-5.61,8347.0,605.0,340.1
HPPL,10/23/2022,275.1,284.7,273.8,274.0,-1.86,3407.0,605.0,340.1
HPPL,10/31/2022,279.0,284.1,269.0,270.0,-1.46,3769.0,605.0,340.1
HPPL,11/1/2022,270.0,284.9,270.0,282.0,4.44,3512.0,605.0,340.1
HPPL,11/2/2022,286.9,299.9,280.3,282.0,0.0,15395.0,605.0,340.1
HPPL,11/3/2022,286.5,290.0,274.0,274.0,-2.84,4705.0,605.0,340.1
HPPL,11/6/2022,268.6,292.0,268.6,292.0,6.57,7100.0,605.0,340.1
HPPL,11/7/2022,297.5,303.0,283.0,283.0,-3.08,10336.0,605.0,340.1
HPPL,11/8/2022,288.0,295.0,284.3,289.0,2.12,8505.0,605.0,340.1
HPPL,11/9/2022,294.0,294.0,265.0,270.2,-6.51,55705.0,605.0,340.1
HPPL,11/10/2022,275.6,280.0,254.2,275.0,1.78,45775.0,605.0,340.1
HPPL,11/13/2022,270.8,272.9,255.0,270.0,-1.82,87832.0,605.0,340.1
HPPL,11/14/2022,265.0,268.7,254.6,268.1,-0.7,53479.0,605.0,340.1
HPPL,11/15/2022,271.0,271.0,249.9,258.0,-3.77,64733.0,605.0,340.1
HPPL,11/16/2022,260.0,263.0,244.1,255.0,-1.16,60157.0,605.0,340.1
HPPL,11/17/2022,260.0,272.0,249.0,269.0,5.49,238215.0,605.0,340.1
HPPL,11/22/2022,270.0,279.0,260.0,264.0,-1.86,29768.0,605.0,340.1
HPPL,11/23/2022,260.1,267.0,254.0,256.0,-3.03,30326.0,605.0,340.1
HPPL,11/24/2022,255.0,263.0,253.1,262.0,2.34,27286.0,605.0,340.1
HPPL,11/27/2022,266.0,266.0,260.0,264.3,0.88,37229.0,605.0,340.1
HPPL,11/28/2022,269.0,269.0,257.0,261.0,-1.25,43467.0,605.0,340.1
HPPL,11/29/2022,255.8,263.0,255.0,258.1,-1.11,28874.0,605.0,340.1
HPPL,11/30/2022,262.2,262.2,255.0,256.2,-0.74,10840.0,605.0,340.1
HPPL,12/1/2022,255.0,262.0,253.2,259.0,1.09,20884.0,605.0,340.1
HPPL,12/4/2022,264.0,264.0,254.0,257.0,-0.77,17064.0,605.0,340.1
HPPL,12/5/2022,253.1,262.0,249.0,250.0,-2.72,32373.0,605.0,340.1
HPPL,12/6/2022,255.0,255.0,243.8,250.0,0.0,17142.0,605.0,340.1
HPPL,12/7/2022,245.0,250.0,245.0,247.4,-1.04,7062.0,605.0,340.1
HPPL,12/11/2022,245.0,249.0,242.2,242.3,-2.06,12287.0,605.0,340.1
HPPL,12/12/2022,240.1,249.9,240.1,248.7,2.64,9416.0,605.0,340.1
HPPL,12/13/2022,244.0,252.0,244.0,249.5,0.32,7248.0,605.0,340.1
HPPL,12/14/2022,244.6,249.9,242.2,246.6,-1.16,6113.0,605.0,340.1
HPPL,12/15/2022,241.8,244.0,237.2,237.4,-3.73,20265.0,605.0,340.1
HPPL,12/18/2022,235.1,239.0,230.6,232.4,-2.11,17675.0,605.0,340.1
HPPL,12/19/2022,232.0,236.6,229.0,230.0,-1.03,12630.0,605.0,340.1
HPPL,12/20/2022,234.6,238.8,229.6,230.0,0.0,10050.0,605.0,340.1
HPPL,12/21/2022,227.5,238.0,224.1,224.1,-2.57,13506.0,605.0,340.1
HPPL,12/22/2022,228.5,229.0,217.6,217.9,-2.77,23423.0,605.0,340.1
HPPL,12/26/2022,222.0,239.6,222.0,239.6,9.96,49380.0,605.0,340.1
HPPL,12/27/2022,244.2,263.5,239.5,260.0,8.51,110881.0,605.0,340.1
HPPL,12/28/2022,254.8,265.0,250.0,259.0,-0.38,41972.0,605.0,340.1
HPPL,12/29/2022,264.0,272.0,253.4,271.9,4.98,53075.0,605.0,340.1
HPPL,1/1/2023,273.0,285.6,262.2,279.9,2.94,93862.0,605.0,340.1
HPPL,1/2/2023,278.0,291.1,271.0,287.9,2.86,49840.0,605.0,340.1
HPPL,1/3/2023,283.0,291.7,277.4,283.0,-1.7,33020.0,605.0,340.1
HPPL,1/4/2023,280.0,299.0,278.7,296.0,4.59,49086.0,605.0,340.1
HPPL,1/5/2023,300.0,306.0,284.4,295.1,-0.3,79534.0,605.0,340.1
HPPL,1/8/2023,292.0,315.7,290.0,305.9,3.66,62908.0,605.0,340.1
HPPL,1/9/2023,311.0,336.4,305.1,336.0,9.84,91045.0,605.0,340.1
HPPL,1/10/2023,342.0,358.0,322.0,327.9,-2.41,146081.0,605.0,340.1
HPPL,1/12/2023,331.0,347.0,303.9,312.0,-4.85,79294.0,605.0,340.1
HPPL,1/17/2023,314.0,330.0,307.0,324.0,3.85,64118.0,605.0,340.1
HPPL,1/18/2023,329.9,337.0,322.3,322.5,-0.46,53179.0,605.0,340.1
HPPL,1/19/2023,317.0,334.0,317.0,327.0,1.4,33209.0,605.0,340.1
HPPL,1/23/2023,330.0,330.0,313.4,325.0,-0.61,34843.0,605.0,340.1
HPPL,1/24/2023,326.9,327.0,312.6,323.0,-0.62,20716.0,605.0,340.1
HPPL,1/25/2023,324.5,355.3,320.1,342.1,5.91,111229.0,605.0,340.1
HPPL,1/26/2023,348.0,365.0,341.2,352.0,2.89,131687.0,605.0,340.1
HPPL,1/29/2023,359.0,361.0,344.0,348.0,-1.14,61460.0,605.0,340.1
HPPL,1/30/2023,353.0,354.9,330.0,340.5,-2.16,60164.0,605.0,340.1
HPPL,1/31/2023,334.0,344.0,327.6,333.0,-2.2,71315.0,605.0,340.1
HPPL,2/1/2023,333.0,345.0,333.0,342.0,2.7,41176.0,605.0,340.1
HPPL,2/2/2023,340.1,343.0,331.3,334.9,-2.08,32231.0,605.0,340.1
HPPL,2/5/2023,333.0,340.0,325.0,326.4,-2.54,11047.0,605.0,340.1
HPPL,2/6/2023,326.5,331.9,322.1,331.9,1.69,17375.0,605.0,340.1
HPPL,2/7/2023,328.0,353.9,328.0,353.9,6.63,43227.0,605.0,340.1
HPPL,2/8/2023,360.9,360.9,341.0,343.0,-3.08,57530.0,605.0,340.1
HPPL,2/9/2023,344.5,348.8,334.0,348.0,1.46,26635.0,605.0,340.1
HPPL,2/12/2023,341.1,341.1,325.6,325.6,-6.44,52124.0,605.0,340.1
HPPL,2/14/2023,320.1,326.0,315.0,320.0,-1.72,35761.0,605.0,340.1
HPPL,2/15/2023,326.0,326.0,313.0,316.0,-1.25,29322.0,605.0,340.1
HPPL,2/16/2023,310.0,320.0,307.1,311.0,-1.58,21477.0,605.0,340.1
HPPL,2/20/2023,317.0,317.0,305.1,312.0,0.32,14129.0,605.0,340.1
HPPL,2/22/2023,318.0,329.0,310.1,324.0,3.85,7504.0,605.0,340.1
HPPL,2/23/2023,318.1,318.1,310.0,312.2,-3.64,9997.0,605.0,340.1
HPPL,2/26/2023,306.0,317.9,299.9,315.0,0.9,13898.0,605.0,340.1
HPPL,2/27/2023,312.1,320.0,307.1,318.0,0.95,15522.0,605.0,340.1
HPPL,2/28/2023,314.0,320.0,312.1,317.0,-0.31,6608.0,605.0,340.1
HPPL,3/1/2023,322.9,322.9,307.0,312.0,-1.58,7620.0,605.0,340.1
HPPL,3/2/2023,316.0,316.0,299.0,304.1,-2.53,15235.0,605.0,340.1
HPPL,3/5/2023,300.0,306.0,290.0,295.0,-2.99,13379.0,605.0,340.1
HPPL,3/7/2023,290.1,306.8,290.1,299.0,1.36,4856.0,605.0,340.1
HPPL,3/9/2023,304.9,316.9,303.0,311.1,4.05,12850.0,605.0,340.1
HPPL,3/12/2023,310.0,316.1,301.1,304.9,-1.99,6218.0,605.0,340.1
HPPL,3/13/2023,300.0,305.0,300.0,304.0,-0.3,9225.0,605.0,340.1
HPPL,3/14/2023,303.0,306.0,298.8,300.0,-1.32,10675.0,605.0,340.1
HPPL,3/15/2023,306.0,306.0,296.0,300.0,0.0,7392.0,605.0,340.1
HPPL,3/16/2023,306.0,306.0,294.0,297.4,-0.87,6355.0,605.0,340.1
HPPL,3/19/2023,292.0,304.0,292.0,300.5,1.04,7584.0,605.0,340.1
HPPL,3/20/2023,305.8,312.0,298.0,312.0,3.83,5458.0,605.0,340.1
HPPL,3/22/2023,315.0,315.0,300.2,300.2,-3.78,10419.0,605.0,340.1
HPPL,3/23/2023,306.0,306.0,297.1,298.0,-0.73,8526.0,605.0,340.1
HPPL,3/26/2023,303.9,303.9,287.3,293.5,-1.51,13874.0,605.0,340.1
HPPL,3/27/2023,296.0,302.0,291.0,302.0,2.9,7948.0,605.0,340.1
HPPL,3/28/2023,308.0,311.0,300.0,300.0,-0.66,11468.0,605.0,340.1
HPPL,3/29/2023,294.6,303.0,294.6,300.0,0.0,2748.0,605.0,340.1
HPPL,3/30/2023,297.2,305.0,297.1,297.2,-0.93,3965.0,605.0,340.1
HPPL,4/2/2023,302.9,305.9,294.4,294.4,-0.94,7615.0,605.0,340.1
HPPL,4/3/2023,294.0,294.0,285.0,287.0,-2.51,7480.0,605.0,340.1
HPPL,4/4/2023,292.0,297.0,281.5,289.0,0.7,5620.0,605.0,340.1
HPPL,4/5/2023,288.0,293.7,284.2,289.0,0.0,4292.0,605.0,340.1
HPPL,4/6/2023,294.7,294.7,277.5,278.0,-3.81,33831.0,605.0,340.1
HPPL,4/9/2023,280.0,293.7,273.1,274.0,-1.44,8555.0,605.0,340.1
HPPL,4/10/2023,275.0,282.7,275.0,278.0,1.46,3629.0,605.0,340.1
HPPL,4/11/2023,283.5,289.0,277.0,285.0,2.52,7052.0,605.0,340.1
HPPL,4/12/2023,290.7,308.0,290.7,306.9,7.68,14442.0,605.0,340.1
HPPL,4/13/2023,301.0,319.0,296.5,297.0,-3.23,10023.0,605.0,340.1
HPPL,4/16/2023,301.5,301.5,295.0,295.0,-0.67,5460.0,605.0,340.1
HPPL,4/17/2023,299.9,300.0,289.1,295.0,0.0,8035.0,605.0,340.1
HPPL,4/18/2023,298.0,298.0,284.4,285.1,-3.36,5316.0,605.0,340.1
HPPL,4/19/2023,289.1,311.7,289.1,292.7,2.67,5584.0,605.0,340.1
HPPL,4/20/2023,298.5,309.0,283.0,283.5,-3.14,11408.0,605.0,340.1
HPPL,4/23/2023,278.1,283.0,278.1,282.9,-0.21,3220.0,605.0,340.1
HPPL,4/24/2023,280.0,288.6,275.0,277.5,-1.91,9974.0,605.0,340.1
HPPL,4/25/2023,276.0,288.5,276.0,285.5,2.88,3850.0,605.0,340.1
HPPL,4/26/2023,281.0,288.7,281.0,281.1,-1.54,1488.0,605.0,340.1
HPPL,4/27/2023,279.0,284.5,278.0,280.1,-0.36,2347.0,605.0,340.1
HPPL,4/30/2023,285.0,285.0,272.0,272.0,-2.89,5099.0,605.0,340.1
HPPL,5/2/2023,275.0,280.5,270.0,273.0,0.37,3029.0,605.0,340.1
HPPL,5/3/2023,269.0,272.2,267.0,272.2,-0.29,4066.0,605.0,340.1
HPPL,5/4/2023,271.0,278.7,264.2,278.7,2.39,9127.0,605.0,340.1
HPPL,5/7/2023,273.2,282.9,269.0,273.5,-1.87,4666.0,605.0,340.1
HPPL,5/8/2023,273.0,276.0,268.0,273.0,-0.18,4221.0,605.0,340.1
HPPL,5/9/2023,270.0,279.4,268.0,274.0,0.37,6629.0,605.0,340.1
HPPL,5/10/2023,275.0,279.0,271.0,271.0,-1.09,3529.0,605.0,340.1
HPPL,5/11/2023,269.0,274.0,268.0,273.3,0.85,1470.0,605.0,340.1
HPPL,5/14/2023,278.7,278.7,263.0,263.5,-3.59,2727.0,605.0,340.1
HPPL,5/15/2023,258.5,268.7,255.1,260.1,-1.29,8320.0,605.0,340.1
HPPL,5/16/2023,265.0,265.0,255.3,263.1,1.15,1968.0,605.0,340.1
HPPL,5/17/2023,268.0,278.7,263.0,269.0,2.24,4057.0,605.0,340.1
HPPL,5/18/2023,274.3,281.7,264.0,281.0,4.46,7588.0,605.0,340.1
HPPL,5/21/2023,282.0,286.0,278.0,278.0,-1.07,9062.0,605.0,340.1
HPPL,5/22/2023,273.0,288.8,270.0,285.9,2.84,13469.0,605.0,340.1
HPPL,5/23/2023,280.3,301.0,280.3,292.0,2.13,10798.0,605.0,340.1
HPPL,5/24/2023,296.0,296.0,286.1,291.5,-0.17,12614.0,605.0,340.1
HPPL,5/28/2023,285.7,295.0,280.1,281.6,-3.4,14121.0,605.0,340.1
HPPL,5/30/2023,280.0,285.0,271.5,272.5,-3.23,9996.0,605.0,340.1
HPPL,5/31/2023,268.0,278.7,259.1,270.0,-0.92,19997.0,605.0,340.1
HPPL,6/1/2023,270.0,285.0,260.7,270.0,0.0,4260.0,605.0,340.1
HPPL,6/4/2023,275.0,280.7,275.0,280.0,3.7,14399.0,605.0,340.1
HPPL,6/5/2023,275.3,284.0,270.1,273.2,-2.43,8208.0,605.0,340.1
HPPL,6/6/2023,278.0,286.0,260.0,285.9,4.65,88734.0,605.0,340.1
HPPL,6/7/2023,291.6,295.0,283.0,287.0,0.38,17253.0,605.0,340.1
HPPL,6/8/2023,281.5,292.0,280.0,292.0,1.74,13905.0,605.0,340.1
HPPL,6/11/2023,288.0,300.0,281.3,298.0,2.05,96848.0,605.0,340.1
HPPL,6/12/2023,299.9,303.0,285.2,290.2,-2.62,18242.0,605.0,340.1
HPPL,6/13/2023,286.1,299.9,285.0,295.0,1.65,24750.0,605.0,340.1
HPPL,6/14/2023,295.0,301.0,285.0,290.0,-1.69,67627.0,605.0,340.1
HPPL,6/15/2023,291.0,292.8,284.4,287.9,-0.72,40496.0,605.0,340.1
HPPL,6/18/2023,285.0,303.9,284.0,296.0,2.81,27397.0,605.0,340.1
HPPL,6/19/2023,292.0,300.0,286.0,291.0,-1.69,38591.0,605.0,340.1
HPPL,6/20/2023,296.7,302.0,285.0,289.5,-0.52,124915.0,605.0,340.1
HPPL,6/21/2023,284.2,295.0,280.0,281.0,-2.94,17323.0,605.0,340.1
HPPL,6/22/2023,279.2,283.0,271.6,272.0,-3.2,27799.0,605.0,340.1
HPPL,6/25/2023,272.0,285.6,271.0,274.3,0.85,18497.0,605.0,340.1
HPPL,6/26/2023,279.7,282.0,270.0,276.0,0.62,26582.0,605.0,340.1
HPPL,6/27/2023,271.6,295.0,271.6,285.0,3.26,26534.0,605.0,340.1
HPPL,6/28/2023,280.0,283.5,271.5,274.9,-3.54,22422.0,605.0,340.1
HPPL,7/2/2023,270.1,280.3,267.6,269.0,-2.15,21511.0,605.0,340.1
HPPL,7/3/2023,272.0,275.0,264.0,264.0,-1.86,13472.0,605.0,340.1
HPPL,7/4/2023,264.0,274.3,261.3,270.0,2.27,6673.0,605.0,340.1
HPPL,7/5/2023,265.0,269.0,263.0,263.0,-2.59,7680.0,605.0,340.1
HPPL,7/6/2023,267.0,278.0,260.0,268.0,1.9,17998.0,605.0,340.1
HPPL,7/9/2023,263.2,271.3,263.2,265.0,-1.12,4819.0,605.0,340.1
HPPL,7/10/2023,270.0,275.0,262.1,267.0,0.75,21647.0,605.0,340.1
HPPL,7/11/2023,262.0,293.7,258.0,293.7,10.0,47846.0,605.0,340.1
HPPL,7/12/2023,287.9,309.0,278.0,309.0,5.21,107843.0,605.0,340.1
HPPL,7/13/2023,309.0,309.0,291.0,291.0,-5.83,41421.0,605.0,340.1
HPPL,7/16/2023,295.0,296.8,281.6,285.9,-1.75,12709.0,605.0,340.1
HPPL,7/17/2023,284.0,300.0,284.0,289.0,1.08,11553.0,605.0,340.1
HPPL,7/18/2023,294.0,294.6,280.0,284.9,-1.42,8938.0,605.0,340.1
HPPL,7/19/2023,290.0,290.0,278.0,280.0,-1.72,13730.0,605.0,340.1
HPPL,7/20/2023,285.6,289.0,264.3,284.0,1.43,134398.0,605.0,340.1
HPPL,7/23/2023,285.0,296.9,278.7,291.0,2.46,21428.0,605.0,340.1
HPPL,7/24/2023,290.0,295.0,280.0,282.0,-3.09,25433.0,605.0,340.1
HPPL,7/25/2023,286.9,286.9,274.6,278.0,-1.42,15598.0,605.0,340.1
HPPL,7/26/2023,282.9,285.0,267.6,272.4,-2.01,29192.0,605.0,340.1
HPPL,7/27/2023,269.2,275.0,262.8,271.0,-0.51,30034.0,605.0,340.1
HPPL,7/30/2023,265.6,274.0,260.5,265.1,-2.18,31284.0,605.0,340.1
HPPL,7/31/2023,262.2,272.0,262.2,262.7,-0.91,11050.0,605.0,340.1
HPPL,8/1/2023,261.1,267.0,249.0,254.2,-3.24,59010.0,605.0,340.1
HPPL,8/2/2023,252.0,260.0,245.1,253.0,-0.47,75267.0,605.0,340.1
HPPL,8/3/2023,258.0,260.0,252.2,256.7,1.46,6130.0,605.0,340.1
HPPL,8/6/2023,252.1,257.0,247.1,252.0,-1.83,5757.0,605.0,340.1
HPPL,8/7/2023,247.0,257.0,243.0,247.0,-1.98,7385.0,605.0,340.1
HPPL,8/8/2023,251.9,264.0,235.0,248.0,0.4,11616.0,605.0,340.1
HPPL,8/9/2023,243.1,255.0,234.0,253.0,2.02,8309.0,605.0,340.1
HPPL,8/10/2023,248.1,257.0,247.1,254.0,0.4,5226.0,605.0,340.1
HPPL,8/13/2023,249.0,252.0,245.0,250.0,-1.57,3215.0,605.0,340.1
HPPL,8/14/2023,250.0,250.0,235.5,248.0,-0.8,20259.0,605.0,340.1
HPPL,8/15/2023,248.0,248.0,239.0,244.0,-1.61,67987.0,605.0,340.1
HPPL,8/16/2023,239.3,242.0,234.5,234.5,-3.89,9894.0,605.0,340.1
HPPL,8/17/2023,235.0,243.0,232.0,243.0,3.62,11426.0,605.0,340.1
HPPL,8/20/2023,238.3,243.0,233.7,242.7,-0.12,10235.0,605.0,340.1
HPPL,8/21/2023,237.9,242.0,228.7,228.7,-5.77,9485.0,605.0,340.1
HPPL,8/22/2023,230.0,238.0,229.0,234.1,2.36,8131.0,605.0,340.1
HPPL,8/23/2023,234.1,242.0,234.0,239.9,2.48,4653.0,605.0,340.1
HPPL,8/24/2023,235.2,242.8,230.0,234.6,-2.21,9362.0,605.0,340.1
HPPL,8/27/2023,231.0,235.0,225.5,228.0,-2.81,5935.0,605.0,340.1
HPPL,8/28/2023,225.0,237.1,223.5,232.5,1.97,3660.0,605.0,340.1
HPPL,8/29/2023,227.9,231.0,226.5,231.0,-0.65,3230.0,605.0,340.1
HPPL,8/30/2023,234.0,234.0,223.5,228.0,-1.3,2266.0,605.0,340.1
HPPL,9/3/2023,223.9,223.9,220.0,220.0,-3.51,2914.0,605.0,340.1
HPPL,9/4/2023,223.0,223.0,217.0,220.0,0.0,2770.0,605.0,340.1
HPPL,9/5/2023,216.0,220.3,212.0,214.0,-2.73,7167.0,605.0,340.1
HPPL,9/7/2023,214.0,214.0,211.0,211.0,-1.4,5772.0,605.0,340.1
HPPL,9/10/2023,215.0,215.0,211.1,215.0,1.9,5015.0,605.0,340.1
HPPL,9/11/2023,214.0,227.0,214.0,223.0,3.72,3980.0,605.0,340.1
HPPL,9/12/2023,219.1,224.4,212.3,212.3,-4.8,9724.0,605.0,340.1
HPPL,9/13/2023,213.1,224.0,213.1,224.0,5.51,12274.0,605.0,340.1
HPPL,9/17/2023,227.0,227.0,210.0,210.5,-6.03,6917.0,605.0,340.1
HPPL,9/18/2023,214.7,222.0,213.7,216.0,2.61,2955.0,605.0,340.1
HPPL,9/19/2023,214.0,229.0,214.0,229.0,6.02,14810.0,605.0,340.1
HPPL,9/21/2023,232.0,247.1,229.3,239.0,4.37,21271.0,605.0,340.1
HPPL,9/24/2023,234.7,243.6,230.2,236.9,-0.88,13339.0,605.0,340.1
HPPL,9/25/2023,232.2,238.5,228.0,238.0,0.46,8475.0,605.0,340.1
HPPL,9/26/2023,235.0,246.8,235.0,246.0,3.36,20636.0,605.0,340.1
HPPL,9/27/2023,244.0,244.0,226.1,238.0,-3.25,12769.0,605.0,340.1
HPPL,10/1/2023,233.3,233.3,225.6,228.0,-4.2,7079.0,605.0,340.1
HPPL,10/2/2023,224.0,241.3,221.0,231.0,1.32,4697.0,605.0,340.1
HPPL,10/3/2023,234.6,234.6,226.0,229.0,-0.87,2238.0,605.0,340.1
HPPL,10/4/2023,233.5,243.0,229.2,232.9,1.7,7501.0,605.0,340.1
HPPL,10/5/2023,234.0,237.5,225.5,233.0,0.04,4716.0,605.0,340.1
HPPL,10/8/2023,233.0,233.0,220.8,224.0,-3.86,2795.0,605.0,340.1
HPPL,10/9/2023,221.0,243.3,219.8,233.8,4.37,6199.0,605.0,340.1
HPPL,10/10/2023,230.0,234.0,221.1,222.2,-4.96,5684.0,605.0,340.1
HPPL,10/11/2023,217.8,229.0,217.8,227.0,2.16,5299.0,605.0,340.1
HPPL,10/12/2023,222.5,227.0,218.5,219.0,-3.52,8286.0,605.0,340.1
HPPL,10/16/2023,223.0,223.0,206.8,218.7,-0.14,5633.0,605.0,340.1
HPPL,10/17/2023,218.7,231.0,215.0,219.0,0.14,1580.0,605.0,340.1
HPPL,10/18/2023,223.3,226.0,214.9,220.0,0.46,2884.0,605.0,340.1
HPPL,10/19/2023,220.0,224.0,215.5,223.0,1.36,750.0,605.0,340.1
HPPL,10/29/2023,218.6,222.8,211.0,222.0,-0.45,10820.0,605.0,340.1
HPPL,10/30/2023,217.6,220.0,208.0,220.0,-0.9,12010.0,605.0,340.1
HPPL,10/31/2023,224.4,233.3,208.0,213.0,-3.18,24284.0,605.0,340.1
HPPL,11/1/2023,209.1,213.2,203.9,209.5,-1.64,12496.0,605.0,340.1
HPPL,11/2/2023,209.0,209.0,202.7,202.7,-3.25,3183.0,605.0,340.1
HPPL,11/5/2023,203.0,205.0,199.0,203.0,0.15,8500.0,605.0,340.1
HPPL,11/6/2023,199.0,208.5,199.0,207.8,2.36,10981.0,605.0,340.1
HPPL,11/7/2023,203.7,211.5,203.1,208.8,0.48,10350.0,605.0,340.1
HPPL,11/8/2023,204.7,209.0,201.0,201.0,-3.74,8275.0,605.0,340.1
HPPL,11/9/2023,203.0,209.0,202.0,204.9,1.94,7038.0,605.0,340.1
HPPL,11/20/2023,206.5,207.0,201.0,205.0,0.05,4219.0,605.0,340.1
HPPL,11/21/2023,202.0,202.0,199.0,199.0,-2.93,4940.0,605.0,340.1
HPPL,11/22/2023,202.0,207.5,199.0,202.0,1.51,3810.0,605.0,340.1
HPPL,11/23/2023,202.0,210.0,200.5,206.0,1.98,5121.0,605.0,340.1
HPPL,11/26/2023,207.8,212.0,203.7,212.0,2.91,10070.0,605.0,340.1
HPPL,11/27/2023,212.0,212.0,208.0,210.0,-0.94,7430.0,605.0,340.1
HPPL,11/28/2023,211.0,212.2,206.2,209.0,-0.48,1143.0,605.0,340.1
HPPL,11/29/2023,212.9,212.9,202.5,203.1,-2.82,1997.0,605.0,340.1
HPPL,11/30/2023,207.1,207.1,200.0,203.6,0.25,8039.0,605.0,340.1
HPPL,12/3/2023,200.0,205.0,200.0,203.0,-0.29,7725.0,605.0,340.1
HPPL,12/4/2023,200.4,211.0,200.4,208.9,2.91,13965.0,605.0,340.1
HPPL,12/5/2023,204.8,210.3,200.8,201.0,-3.78,5438.0,605.0,340.1
HPPL,12/6/2023,205.0,209.1,201.0,202.0,0.5,4339.0,605.0,340.1
HPPL,12/7/2023,206.0,206.0,199.0,200.3,-0.84,11855.0,605.0,340.1
HPPL,12/10/2023,204.3,220.0,204.3,220.0,9.84,4084.0,605.0,340.1
HPPL,12/11/2023,224.4,226.0,211.7,219.0,-0.45,32647.0,605.0,340.1
HPPL,12/12/2023,218.0,232.0,215.0,229.9,4.98,42190.0,605.0,340.1
HPPL,12/13/2023,225.5,243.0,225.5,230.8,0.39,24675.0,605.0,340.1
HPPL,12/14/2023,231.0,237.0,226.2,234.5,1.6,20390.0,605.0,340.1
HPPL,12/17/2023,230.0,249.3,221.0,249.3,6.31,62079.0,605.0,340.1
HPPL,12/18/2023,252.0,259.0,229.7,229.7,-7.86,56752.0,605.0,340.1
HPPL,12/19/2023,234.2,245.0,232.2,243.0,5.79,46513.0,605.0,340.1
HPPL,12/20/2023,242.0,255.0,237.3,249.9,2.84,38141.0,605.0,340.1
HPPL,12/21/2023,250.0,253.0,238.0,238.0,-4.76,20265.0,605.0,340.1
HPPL,12/24/2023,242.0,252.4,233.3,244.0,2.52,37069.0,605.0,340.1
HPPL,12/27/2023,248.0,248.0,225.5,229.5,-5.94,20827.0,605.0,340.1
HPPL,12/28/2023,234.0,238.5,225.0,232.0,1.09,27238.0,605.0,340.1
HPPL,1/1/2024,234.0,242.5,229.4,230.0,-0.86,16758.0,605.0,340.1
HPPL,1/2/2024,234.0,234.0,225.7,227.8,-0.96,14717.0,605.0,340.1
HPPL,1/3/2024,232.3,236.5,224.5,233.5,2.5,15433.0,605.0,340.1
HPPL,1/4/2024,234.0,245.0,230.0,237.0,1.5,60659.0,605.0,340.1
HPPL,1/7/2024,241.7,245.0,234.1,238.0,0.42,23217.0,605.0,340.1
HPPL,1/8/2024,242.7,251.0,235.0,244.0,2.52,36918.0,605.0,340.1
HPPL,1/9/2024,247.0,252.0,243.0,243.0,-0.41,47875.0,605.0,340.1
HPPL,1/10/2024,247.8,248.0,232.0,233.1,-4.07,35330.0,605.0,340.1
HPPL,1/11/2024,235.0,247.2,234.0,240.0,2.96,23954.0,605.0,340.1
HPPL,1/14/2024,244.8,264.0,242.1,264.0,10.0,101688.0,605.0,340.1
HPPL,1/16/2024,269.2,290.4,269.2,290.4,10.0,166823.0,605.0,340.1
HPPL,1/17/2024,296.2,304.0,275.0,276.0,-4.96,131110.0,605.0,340.1
HPPL,1/18/2024,270.7,300.9,270.5,290.0,5.07,127950.0,605.0,340.1
HPPL,1/21/2024,286.0,315.0,286.0,307.0,5.86,136295.0,605.0,340.1
HPPL,1/22/2024,305.0,307.0,296.0,301.0,-1.95,94782.0,605.0,340.1
HPPL,1/23/2024,298.0,301.0,283.0,288.0,-4.32,39960.0,605.0,340.1
HPPL,1/24/2024,293.0,300.0,279.0,279.0,-3.12,25161.0,605.0,340.1
HPPL,1/25/2024,284.0,284.0,272.1,279.8,0.29,31662.0,605.0,340.1
HPPL,1/28/2024,277.0,288.0,277.0,283.0,1.14,30060.0,605.0,340.1
HPPL,1/29/2024,288.6,290.0,282.9,283.0,0.0,11019.0,605.0,340.1
HPPL,1/30/2024,288.0,296.0,283.1,292.9,3.5,54975.0,605.0,340.1
HPPL,1/31/2024,298.0,298.0,281.3,286.1,-2.32,15893.0,605.0,340.1
HPPL,2/1/2024,281.0,285.0,276.0,279.0,-2.48,25974.0,605.0,340.1
HPPL,2/4/2024,279.9,285.0,275.3,279.0,0.0,11472.0,605.0,340.1
HPPL,2/5/2024,275.1,284.6,273.7,277.5,-0.54,9907.0,605.0,340.1
HPPL,2/6/2024,283.0,288.6,277.6,282.0,1.62,12625.0,605.0,340.1
HPPL,2/7/2024,287.6,288.0,276.7,279.1,-1.03,29009.0,605.0,340.1
HPPL,2/8/2024,284.4,292.7,279.3,291.0,4.26,30927.0,605.0,340.1
HPPL,2/11/2024,296.8,296.8,285.0,285.0,-2.06,20967.0,605.0,340.1
HPPL,2/12/2024,290.7,300.0,280.0,298.0,4.56,65749.0,605.0,340.1
HPPL,2/13/2024,298.0,322.0,287.2,314.0,5.37,176218.0,605.0,340.1
HPPL,2/14/2024,314.0,318.0,309.0,314.5,0.16,54767.0,605.0,340.1
HPPL,2/15/2024,316.0,316.0,299.0,299.0,-4.93,64023.0,605.0,340.1
HPPL,2/18/2024,294.7,300.0,287.2,289.0,-3.34,28761.0,605.0,340.1
HPPL,2/20/2024,292.0,297.0,286.2,295.0,2.08,26768.0,605.0,340.1
HPPL,2/21/2024,300.9,306.8,285.0,290.0,-1.69,24034.0,605.0,340.1
HPPL,2/22/2024,285.0,295.8,279.0,279.1,-3.76,24097.0,605.0,340.1
HPPL,2/25/2024,284.0,288.0,263.0,263.0,-5.77,13817.0,605.0,340.1
HPPL,2/26/2024,268.2,278.0,266.0,270.0,2.66,17529.0,605.0,340.1
HPPL,2/27/2024,271.0,287.0,267.8,287.0,6.3,23319.0,605.0,340.1
HPPL,2/28/2024,292.7,292.7,278.4,284.0,-1.05,20345.0,605.0,340.1
HPPL,2/29/2024,287.4,287.4,267.0,267.0,-5.99,32104.0,605.0,340.1
HPPL,3/3/2024,267.0,272.3,258.1,264.5,-0.94,15284.0,605.0,340.1
HPPL,3/4/2024,269.7,290.9,269.7,288.0,8.88,8500.0,605.0,340.1
HPPL,3/5/2024,288.0,288.7,269.1,271.9,-5.59,27234.0,605.0,340.1
HPPL,3/6/2024,277.0,277.0,267.0,276.5,1.69,38782.0,605.0,340.1
HPPL,3/7/2024,280.0,282.0,271.2,277.0,0.18,32872.0,605.0,340.1
HPPL,3/10/2024,278.0,286.0,275.0,286.0,3.25,113878.0,605.0,340.1
HPPL,3/12/2024,286.0,289.0,282.3,289.0,1.05,20207.0,605.0,340.1
HPPL,3/13/2024,285.3,289.8,280.1,289.8,0.28,20418.0,605.0,340.1
HPPL,3/14/2024,285.0,289.3,278.3,278.3,-3.97,11205.0,605.0,340.1
HPPL,3/17/2024,272.9,283.0,270.0,271.1,-2.59,9511.0,605.0,340.1
HPPL,3/18/2024,267.0,282.0,267.0,276.9,2.14,21272.0,605.0,340.1
HPPL,3/19/2024,280.0,280.0,272.0,275.0,-0.69,3624.0,605.0,340.1
HPPL,3/20/2024,279.0,279.0,271.0,272.0,-1.09,4400.0,605.0,340.1
HPPL,3/21/2024,276.9,276.9,268.0,270.8,-0.44,5383.0,605.0,340.1
HPPL,3/25/2024,266.0,275.0,260.7,263.0,-2.88,31255.0,605.0,340.1
HPPL,3/26/2024,258.2,275.8,258.2,273.9,4.14,11684.0,605.0,340.1
HPPL,3/27/2024,275.0,275.0,268.7,272.0,-0.69,6196.0,605.0,340.1
HPPL,3/28/2024,268.1,268.1,261.7,266.7,-1.95,18803.0,605.0,340.1
HPPL,3/31/2024,268.9,277.4,266.1,272.1,2.02,20341.0,605.0,340.1
HPPL,4/1/2024,267.0,275.0,267.0,273.9,0.66,17298.0,605.0,340.1
HPPL,4/2/2024,272.9,278.5,266.6,270.8,-1.13,18151.0,605.0,340.1
HPPL,4/3/2024,272.8,272.8,267.1,270.0,-0.3,14799.0,605.0,340.1
HPPL,4/4/2024,272.0,274.0,266.0,273.0,1.11,49318.0,605.0,340.1
HPPL,4/7/2024,273.0,273.5,265.0,271.0,-0.73,15550.0,605.0,340.1
HPPL,4/9/2024,272.0,275.5,267.0,274.8,1.4,58050.0,605.0,340.1
HPPL,4/10/2024,275.0,280.0,268.0,273.0,-0.66,31658.0,605.0,340.1
HPPL,4/14/2024,268.1,278.4,268.1,272.8,-0.07,50701.0,605.0,340.1
HPPL,4/15/2024,270.0,272.0,262.8,270.0,-1.03,15925.0,605.0,340.1
HPPL,4/16/2024,267.0,268.0,261.7,264.0,-2.22,25328.0,605.0,340.1
HPPL,4/18/2024,259.0,264.0,256.0,257.1,-2.61,7110.0,605.0,340.1
HPPL,4/21/2024,262.0,270.0,254.8,255.0,-0.82,11127.0,605.0,340.1
HPPL,4/22/2024,260.1,265.3,250.0,257.1,0.82,19614.0,605.0,340.1
HPPL,4/24/2024,262.0,262.0,255.0,259.0,0.74,5179.0,605.0,340.1
HPPL,4/25/2024,255.2,260.2,250.0,255.0,-1.54,24375.0,605.0,340.1
HPPL,4/28/2024,252.0,259.0,250.4,259.0,1.57,9081.0,605.0,340.1
HPPL,4/29/2024,257.0,257.0,253.9,253.9,-1.97,3648.0,605.0,340.1
HPPL,4/30/2024,258.7,268.4,251.0,264.0,3.98,16951.0,605.0,340.1
HPPL,5/2/2024,269.0,269.2,258.0,260.0,-1.52,7719.0,605.0,340.1
HPPL,5/5/2024,254.8,259.0,251.1,252.0,-3.08,7633.0,605.0,340.1
HPPL,5/6/2024,247.0,256.9,247.0,253.7,0.67,6723.0,605.0,340.1
HPPL,5/7/2024,258.0,258.0,244.0,250.9,-1.1,10263.0,605.0,340.1
HPPL,5/8/2024,250.9,254.0,245.2,245.2,-2.27,7130.0,605.0,340.1
HPPL,5/9/2024,245.0,254.0,245.0,250.0,1.96,6400.0,605.0,340.1
HPPL,5/12/2024,250.0,255.0,245.1,248.0,-0.8,9085.0,605.0,340.1
HPPL,5/13/2024,248.0,255.0,244.1,254.0,2.42,3615.0,605.0,340.1
HPPL,5/14/2024,249.0,263.0,249.0,262.9,3.5,8592.0,605.0,340.1
HPPL,5/15/2024,268.1,268.1,254.2,261.0,-0.72,18635.0,605.0,340.1
HPPL,5/16/2024,260.0,263.0,251.0,256.2,-1.84,5851.0,605.0,340.1
HPPL,5/19/2024,261.3,261.3,252.0,259.0,1.09,9827.0,605.0,340.1
HPPL,5/20/2024,262.4,262.4,257.1,262.0,1.16,16649.0,605.0,340.1
HPPL,5/21/2024,264.9,266.9,259.7,264.0,0.76,15330.0,605.0,340.1
HPPL,5/22/2024,265.0,266.0,259.5,261.9,-0.8,11286.0,605.0,340.1
HPPL,5/26/2024,257.2,263.9,252.0,257.5,-1.68,9444.0,605.0,340.1
HPPL,5/27/2024,254.0,262.4,254.0,260.0,0.97,9622.0,605.0,340.1
HPPL,5/29/2024,265.2,265.2,253.7,254.0,-2.31,12777.0,605.0,340.1
HPPL,5/30/2024,252.0,263.5,251.0,257.0,1.18,9630.0,605.0,340.1
HPPL,6/2/2024,254.0,260.0,254.0,257.0,0.0,7500.0,605.0,340.1
HPPL,6/3/2024,257.0,261.9,250.0,260.0,1.17,28280.0,605.0,340.1
HPPL,6/4/2024,258.0,260.0,253.0,257.0,-1.15,8972.0,605.0,340.1
HPPL,6/5/2024,252.8,255.5,250.0,251.1,-2.3,8551.0,605.0,340.1
HPPL,6/6/2024,251.1,258.0,250.4,253.9,1.12,11048.0,605.0,340.1
HPPL,6/9/2024,258.9,269.0,250.0,251.2,-1.06,13920.0,605.0,340.1
HPPL,6/10/2024,256.2,265.0,254.0,260.0,3.5,29122.0,605.0,340.1
HPPL,6/11/2024,263.8,268.0,258.0,265.0,1.92,50381.0,605.0,340.1
HPPL,6/12/2024,270.0,270.0,260.8,265.0,0.0,20813.0,605.0,340.1
HPPL,6/13/2024,265.0,265.0,260.0,260.0,-1.89,11140.0,605.0,340.1
HPPL,6/16/2024,255.2,270.0,255.2,263.9,1.5,19521.0,605.0,340.1
HPPL,6/18/2024,260.0,269.1,260.0,267.5,1.36,49918.0,605.0,340.1
HPPL,6/19/2024,271.7,271.7,265.1,267.9,0.15,18776.0,605.0,340.1
HPPL,6/20/2024,269.0,269.0,263.1,265.0,-1.08,20033.0,605.0,340.1
HPPL,6/23/2024,270.0,280.0,267.1,277.0,4.53,80245.0,605.0,340.1
HPPL,6/24/2024,279.0,285.6,272.1,279.0,0.72,37455.0,605.0,340.1
HPPL,6/25/2024,276.0,296.0,273.6,293.0,5.02,101545.0,605.0,340.1
HPPL,6/26/2024,295.0,297.0,285.4,295.8,0.96,112739.0,605.0,340.1
HPPL,6/27/2024,301.0,308.0,290.1,307.0,3.79,240614.0,605.0,340.1
HPPL,6/30/2024,307.0,308.0,295.0,299.0,-2.61,85773.0,605.0,340.1
HPPL,7/1/2024,304.9,304.9,293.7,300.0,0.33,49635.0,605.0,340.1
HPPL,7/2/2024,306.0,318.2,294.0,300.0,0.0,59703.0,605.0,340.1
HPPL,7/3/2024,305.0,305.0,285.2,290.0,-3.33,57405.0,605.0,340.1
HPPL,7/4/2024,284.2,294.0,284.2,288.0,-0.69,64823.0,605.0,340.1
HPPL,7/7/2024,293.7,293.7,285.0,291.0,1.04,63454.0,605.0,340.1
HPPL,7/8/2024,296.8,296.8,282.0,282.7,-2.85,28783.0,605.0,340.1
HPPL,7/9/2024,288.0,288.0,280.5,282.5,-0.07,13154.0,605.0,340.1
HPPL,7/10/2024,288.0,288.0,280.7,286.0,1.24,45428.0,605.0,340.1
HPPL,7/11/2024,290.0,295.0,285.0,293.9,2.76,41121.0,605.0,340.1
HPPL,7/14/2024,299.7,300.0,290.0,299.0,1.74,68113.0,605.0,340.1
HPPL,7/15/2024,300.0,306.0,293.2,306.0,2.34,133035.0,605.0,340.1
HPPL,7/16/2024,305.0,329.0,300.0,323.0,5.56,166216.0,605.0,340.1
HPPL,7/17/2024,329.4,329.4,314.0,324.0,0.31,118041.0,605.0,340.1
HPPL,7/18/2024,327.0,340.0,315.0,325.0,0.31,155948.0,605.0,340.1
HPPL,7/21/2024,329.0,330.0,316.0,327.0,0.62,151562.0,605.0,340.1
HPPL,7/22/2024,333.5,339.3,321.0,335.5,2.6,82327.0,605.0,340.1
HPPL,7/23/2024,330.0,345.0,330.0,339.0,1.04,82514.0,605.0,340.1
HPPL,7/24/2024,344.8,344.8,325.0,325.2,-4.07,95831.0,605.0,340.1
HPPL,7/25/2024,331.7,331.7,320.1,326.0,0.25,54174.0,605.0,340.1
HPPL,7/28/2024,332.5,342.0,319.5,342.0,4.91,87059.0,605.0,340.1
HPPL,7/29/2024,348.8,367.0,336.0,353.0,3.22,192635.0,605.0,340.1
HPPL,7/30/2024,360.0,372.3,347.0,367.0,3.97,108293.0,605.0,340.1
HPPL,7/31/2024,374.3,389.0,362.0,370.0,0.82,94697.0,605.0,340.1
HPPL,8/1/2024,370.0,377.0,359.2,370.0,0.0,159636.0,605.0,340.1
HPPL,8/5/2024,370.0,372.9,354.0,371.0,0.27,108838.0,605.0,340.1
HPPL,8/6/2024,374.9,374.9,341.0,342.0,-7.82,66223.0,605.0,340.1
HPPL,8/7/2024,347.0,363.0,336.3,360.0,5.26,84767.0,605.0,340.1
HPPL,8/8/2024,367.2,369.9,349.0,351.1,-2.47,63904.0,605.0,340.1
HPPL,8/11/2024,358.1,386.2,353.8,370.0,5.38,103927.0,605.0,340.1
HPPL,8/12/2024,370.0,400.0,370.0,374.0,1.08,102756.0,605.0,340.1
HPPL,8/13/2024,375.0,401.1,371.4,391.0,4.55,269292.0,605.0,340.1
HPPL,8/14/2024,398.0,420.0,398.0,419.0,7.16,199452.0,605.0,340.1
HPPL,8/15/2024,427.0,440.0,405.0,420.0,0.24,127646.0,605.0,340.1
HPPL,8/18/2024,428.4,428.4,389.1,393.0,-6.43,133377.0,605.0,340.1
HPPL,8/21/2024,395.0,411.9,375.0,395.0,0.51,111672.0,605.0,340.1
HPPL,8/22/2024,398.9,427.6,385.0,416.0,5.32,312667.0,605.0,340.1
HPPL,8/25/2024,424.0,424.0,402.0,403.0,-3.12,102294.0,605.0,340.1
HPPL,8/27/2024,395.0,410.0,395.0,396.4,-1.64,161717.0,605.0,340.1
HPPL,8/28/2024,390.0,413.0,389.5,394.0,-0.61,89577.0,605.0,340.1
HPPL,8/29/2024,394.0,403.0,385.0,385.0,-2.28,54286.0,605.0,340.1
HPPL,9/1/2024,390.0,423.0,385.5,423.0,9.87,108046.0,605.0,340.1
HPPL,9/2/2024,414.6,463.0,398.3,463.0,9.46,281504.0,605.0,340.1
HPPL,9/3/2024,453.8,453.8,416.7,422.0,-8.86,434939.0,605.0,340.1
HPPL,9/4/2024,415.0,415.0,380.3,389.8,-7.63,283396.0,605.0,340.1
HPPL,9/5/2024,383.0,390.0,370.5,372.0,-4.57,102226.0,605.0,340.1
HPPL,9/8/2024,377.0,388.0,372.0,375.0,0.81,185323.0,605.0,340.1
HPPL,9/9/2024,375.0,403.0,359.0,360.0,-4.0,120362.0,605.0,340.1
HPPL,9/10/2024,367.0,373.0,341.2,346.0,-3.89,60201.0,605.0,340.1
HPPL,9/11/2024,351.0,352.0,334.0,337.0,-2.6,42871.0,605.0,340.1
HPPL,9/12/2024,343.7,359.8,336.4,353.6,4.93,153973.0,605.0,340.1
HPPL,9/15/2024,360.6,364.0,336.0,339.0,-4.13,62683.0,605.0,340.1
HPPL,9/16/2024,345.7,345.7,321.1,328.0,-3.24,39767.0,605.0,340.1
HPPL,9/18/2024,322.1,334.0,319.5,319.5,-2.59,22432.0,605.0,340.1
HPPL,9/22/2024,319.5,338.0,316.1,317.0,-0.78,35234.0,605.0,340.1
HPPL,9/23/2024,322.0,323.3,300.1,301.3,-4.95,42019.0,605.0,340.1
HPPL,9/24/2024,307.3,310.0,296.0,296.0,-1.76,42656.0,605.0,340.1
HPPL,9/25/2024,301.9,310.0,296.0,307.8,3.99,27442.0,605.0,340.1
HPPL,9/26/2024,312.0,314.0,295.0,295.0,-4.16,24449.0,605.0,340.1
HPPL,9/29/2024,300.0,300.0,290.1,293.0,-0.68,16477.0,605.0,340.1
HPPL,9/30/2024,294.0,301.7,294.0,298.0,1.71,15658.0,605.0,340.1
HPPL,10/1/2024,303.0,318.9,303.0,318.9,7.01,37776.0,605.0,340.1
HPPL,10/2/2024,313.0,320.0,308.0,313.0,-1.85,28114.0,605.0,340.1
HPPL,10/6/2024,306.8,322.0,306.8,321.5,2.72,15733.0,605.0,340.1
HPPL,10/7/2024,315.1,337.8,315.1,325.0,1.09,44009.0,605.0,340.1
HPPL,10/8/2024,325.0,331.5,319.6,319.6,-1.66,22954.0,605.0,340.1
HPPL,10/9/2024,315.3,340.1,315.3,326.0,2.0,16766.0,605.0,340.1
HPPL,10/15/2024,332.5,337.0,325.0,334.9,2.73,19174.0,605.0,340.1
HPPL,10/16/2024,332.0,354.8,330.2,348.0,3.91,28062.0,605.0,340.1
HPPL,10/17/2024,348.0,352.9,343.0,344.0,-1.15,20675.0,605.0,340.1
HPPL,10/20/2024,344.0,346.0,328.1,328.1,-4.62,34573.0,605.0,340.1
HPPL,10/21/2024,329.0,334.5,315.1,315.1,-3.96,31986.0,605.0,340.1
HPPL,10/22/2024,318.0,327.8,313.0,319.9,1.52,41376.0,605.0,340.1
HPPL,10/23/2024,326.2,326.2,310.1,316.3,-1.13,23882.0,605.0,340.1
HPPL,10/24/2024,316.5,330.0,310.0,324.2,2.5,23528.0,605.0,340.1
HPPL,10/27/2024,321.0,333.0,314.7,325.0,0.25,71556.0,605.0,340.1
HPPL,10/28/2024,320.3,341.0,320.3,334.7,2.98,27132.0,605.0,340.1
HPPL,10/29/2024,341.3,347.9,335.0,339.0,1.28,20505.0,605.0,340.1
HPPL,10/30/2024,341.0,341.0,330.1,332.0,-2.06,45716.0,605.0,340.1
HPPL,11/5/2024,338.0,338.0,331.4,333.0,0.3,17119.0,605.0,340.1
HPPL,11/6/2024,335.0,339.1,332.5,335.0,0.6,26830.0,605.0,340.1
HPPL,11/10/2024,338.2,353.0,338.1,348.0,3.88,51111.0,605.0,340.1
HPPL,11/11/2024,352.0,357.9,348.0,357.0,2.59,69394.0,605.0,340.1
HPPL,11/12/2024,360.0,361.9,350.9,351.0,-1.68,30717.0,605.0,340.1
HPPL,11/13/2024,350.1,377.9,348.0,364.9,3.96,54509.0,605.0,340.1
HPPL,11/14/2024,370.0,398.7,358.0,388.0,6.33,189698.0,605.0,340.1
HPPL,11/17/2024,395.7,418.0,395.7,407.0,4.9,174221.0,605.0,340.1
HPPL,11/19/2024,415.1,415.1,386.2,394.0,-3.19,193331.0,605.0,340.1
HPPL,11/20/2024,401.8,404.9,388.2,401.0,1.78,67262.0,605.0,340.1
HPPL,11/21/2024,405.0,408.0,393.1,395.0,-1.5,31846.0,605.0,340.1
HPPL,11/24/2024,402.9,410.0,386.0,386.0,-2.28,66332.0,605.0,340.1
HPPL,11/25/2024,393.7,398.0,380.3,389.0,0.78,71232.0,605.0,340.1
HPPL,11/26/2024,396.7,404.9,392.2,400.1,2.85,93376.0,605.0,340.1
HPPL,11/27/2024,400.1,432.0,400.1,428.0,6.97,242664.0,605.0,340.1
HPPL,11/28/2024,436.5,436.5,408.1,425.1,-0.68,290363.0,605.0,340.1
HPPL,12/1/2024,433.6,433.6,414.0,419.3,-1.36,116623.0,605.0,340.1
HPPL,12/2/2024,425.0,431.0,419.1,425.0,1.36,114632.0,605.0,340.1
HPPL,12/3/2024,430.0,430.0,417.0,417.9,-1.67,79780.0,605.0,340.1
HPPL,12/4/2024,425.0,429.0,416.0,418.0,0.02,72156.0,605.0,340.1
HPPL,12/5/2024,426.3,426.3,409.0,416.0,-0.48,79420.0,605.0,340.1
HPPL,12/8/2024,419.0,424.0,413.6,416.8,0.19,76972.0,605.0,340.1
HPPL,12/9/2024,424.0,424.0,414.0,416.4,-0.1,34675.0,605.0,340.1
HPPL,12/10/2024,419.5,419.5,410.0,411.0,-1.3,46164.0,605.0,340.1
HPPL,12/11/2024,413.0,414.0,409.0,413.0,0.49,31425.0,605.0,340.1
HPPL,12/12/2024,415.0,418.8,408.0,408.0,-1.21,56982.0,605.0,340.1
HPPL,12/16/2024,410.0,410.0,388.0,388.0,-4.9,99248.0,605.0,340.1
HPPL,12/17/2024,388.0,394.4,380.1,386.0,-0.52,171973.0,605.0,340.1
HPPL,12/18/2024,393.0,396.0,384.0,384.2,-0.47,51673.0,605.0,340.1
HPPL,12/19/2024,389.9,402.8,379.2,389.0,1.25,158217.0,605.0,340.1
HPPL,12/22/2024,394.0,397.7,388.0,393.9,1.26,46374.0,605.0,340.1
HPPL,12/23/2024,393.0,420.0,393.0,409.0,3.83,89993.0,605.0,340.1
HPPL,12/24/2024,410.0,414.9,402.0,409.9,0.22,49116.0,605.0,340.1
HPPL,12/26/2024,415.0,415.0,397.0,398.0,-2.9,35092.0,605.0,340.1
HPPL,12/29/2024,396.0,403.0,388.0,388.1,-2.49,35333.0,605.0,340.1
HPPL,12/31/2024,384.2,399.0,380.5,399.0,2.81,84614.0,605.0,340.1
HPPL,1/1/2025,405.0,415.0,390.0,399.0,0.0,90722.0,605.0,340.1
HPPL,1/2/2025,391.1,403.9,391.1,401.9,0.73,47977.0,605.0,340.1
HPPL,1/5/2025,395.0,408.0,395.0,405.5,0.9,49087.0,605.0,340.1
HPPL,1/6/2025,402.0,417.0,402.0,415.0,2.34,77741.0,605.0,340.1
HPPL,1/7/2025,415.0,421.1,411.0,416.7,0.41,102978.0,605.0,340.1
HPPL,1/8/2025,422.9,422.9,410.0,413.0,-0.89,93096.0,605.0,340.1
HPPL,1/9/2025,404.8,454.3,404.8,454.3,10.0,444725.0,605.0,340.1
HPPL,1/12/2025,445.3,499.7,445.3,474.0,4.34,281515.0,605.0,340.1
HPPL,1/13/2025,483.4,483.4,456.0,461.0,-2.74,337371.0,605.0,340.1
HPPL,1/15/2025,461.0,479.4,457.0,462.0,0.22,140482.0,605.0,340.1
HPPL,1/16/2025,462.0,470.0,457.0,457.0,-1.08,134719.0,605.0,340.1
HPPL,1/19/2025,463.9,467.0,458.2,461.0,0.88,92765.0,605.0,340.1
HPPL,1/20/2025,461.0,507.0,461.0,487.0,5.64,377646.0,605.0,340.1
HPPL,1/21/2025,488.0,525.0,480.0,514.0,5.54,282077.0,605.0,340.1
HPPL,1/22/2025,514.0,528.9,505.0,505.0,-1.75,325186.0,605.0,340.1
HPPL,1/23/2025,494.9,523.0,494.9,517.0,2.38,228930.0,605.0,340.1
HPPL,1/26/2025,527.3,564.0,520.0,544.0,5.22,367098.0,605.0,340.1
HPPL,1/27/2025,554.8,576.0,540.0,555.5,2.11,388938.0,605.0,340.1
HPPL,1/28/2025,544.4,585.0,544.4,581.0,4.59,338045.0,605.0,340.1
HPPL,2/2/2025,592.0,603.0,569.0,569.0,-2.07,516476.0,605.0,340.1
HPPL,2/3/2025,580.0,596.9,563.1,589.0,3.51,324084.0,605.0,340.1
HPPL,2/4/2025,595.59,600.7,562.0,579.0,-1.7,243224.0,605.0,340.1
HPPL,2/5/2025,579.0,613.0,579.0,605.0,4.49,457187.0,605.0,340.1
HPPL,2/6/2025,592.9,615.0,587.1,599.0,-0.99,247722.0,605.0,340.1
HPPL,2/9/2025,587.1,635.0,587.1,592.0,-1.17,224657.0,605.0,340.1
HPPL,2/10/2025,590.0,600.0,582.2,589.5,-0.42,195896.0,605.0,340.1
HPPL,2/11/2025,589.0,594.0,580.1,588.0,-0.25,124926.0,605.0,340.1
HPPL,2/12/2025,588.0,611.0,584.1,599.0,1.87,273017.0,605.0,340.1
HPPL,2/13/2025,607.0,618.0,600.0,602.0,0.5,209333.0,605.0,340.1
HPPL,2/16/2025,608.0,656.0,606.0,627.3,4.2,491268.0,605.0,340.1
HPPL,2/17/2025,628.0,639.0,611.0,611.1,-2.58,233431.0,605.0,340.1
HPPL,2/18/2025,598.9,624.7,598.9,613.0,0.31,156894.0,605.0,340.1
HPPL,2/20/2025,614.0,619.9,605.1,619.0,0.98,148962.0,605.0,340.1
HPPL,2/23/2025,607.0,613.0,595.1,600.0,-3.07,154681.0,605.0,340.1
HPPL,2/24/2025,588.0,614.0,586.0,593.0,-1.17,210501.0,605.0,340.1
HPPL,2/25/2025,603.0,603.0,580.0,590.0,-0.51,168915.0,605.0,340.1
HPPL,2/27/2025,600.0,607.0,583.2,590.0,0.0,195087.0,605.0,340.1
HPPL,3/2/2025,600.0,610.0,592.0,603.9,2.36,93709.0,605.0,340.1
HPPL,3/3/2025,615.5,615.5,591.5,595.0,-1.47,116812.0,605.0,340.1
HPPL,3/4/2025,606.9,620.2,594.0,615.0,3.36,265259.0,605.0,340.1
HPPL,3/5/2025,615.0,665.0,610.0,640.0,4.07,425400.0,605.0,340.1
HPPL,3/6/2025,649.0,652.0,625.1,630.2,-1.53,151262.0,605.0,340.1
HPPL,3/9/2025,618.0,649.0,613.3,615.0,-2.41,266713.0,605.0,340.1
HPPL,3/10/2025,627.0,627.0,600.0,615.0,0.0,138274.0,605.0,340.1
HPPL,3/11/2025,608.5,609.5,580.0,586.0,-4.72,128097.0,605.0,340.1
HPPL,3/12/2025,580.0,601.7,576.0,600.0,2.39,118444.0,605.0,340.1
HPPL,3/16/2025,588.0,605.0,580.0,590.0,-1.67,87166.0,605.0,340.1
HPPL,3/17/2025,579.0,598.0,575.0,576.0,-2.37,68309.0,605.0,340.1
HPPL,3/18/2025,587.0,633.0,577.0,633.0,9.9,113172.0,605.0,340.1
HPPL,3/19/2025,620.4,644.0,574.0,604.4,-4.52,226339.0,605.0,340.1
HPPL,3/20/2025,616.0,616.0,593.3,608.61,0.7,123709.0,605.0,340.1
HPPL,3/23/2025,617.9,617.9,583.1,584.67,-3.93,121843.0,605.0,340.1
HPPL,3/24/2025,596.0,596.0,574.2,585.12,0.08,43277.0,605.0,340.1
HPPL,3/25/2025,573.5,585.9,563.0,569.47,-2.67,77647.0,605.0,340.1
HPPL,3/26/2025,580.0,592.5,570.0,586.58,3.0,40801.0,605.0,340.1
HPPL,3/27/2025,588.0,594.0,580.0,588.7,0.36,74237.0,605.0,340.1
HPPL,3/30/2025,594.8,618.0,580.7,601.16,2.12,197076.0,605.0,340.1
HPPL,4/1/2025,613.0,627.9,597.9,619.59,3.07,347130.0,605.0,340.1
HPPL,4/2/2025,630.1,644.5,608.0,640.92,3.44,355885.0,605.0,340.1
HPPL,4/3/2025,645.0,670.0,632.0,652.93,1.87,530423.0,605.0,340.1
HPPL,4/7/2025,651.0,655.0,618.0,624.75,-4.32,334081.0,605.0,340.1
HPPL,4/8/2025,637.2,637.2,605.0,620.99,-0.6,178590.0,605.0,340.1
HPPL,4/9/2025,625.0,630.0,615.0,617.56,-0.55,281745.0,605.0,340.1
HPPL,4/10/2025,619.0,620.1,596.9,600.78,-2.72,177939.0,605.0,340.1
HPPL,4/13/2025,593.2,614.8,593.2,602.57,0.3,257854.0,605.0,340.1
HPPL,4/15/2025,612.0,630.0,611.5,625.56,3.82,482328.0,605.0,340.1
HPPL,4/16/2025,638.0,670.0,626.0,661.99,5.82,486024.0,605.0,340.1
HPPL,4/17/2025,663.0,711.0,600.0,667.89,0.89,2531957.0,605.0,340.1
HPPL,4/20/2025,655.0,655.0,616.0,618.91,-7.33,330336.0,605.0,340.1
HPPL,4/21/2025,606.6,620.0,599.9,601.78,-2.77,586127.0,605.0,340.1
HPPL,4/22/2025,600.0,606.0,580.0,581.41,-3.38,694617.0,605.0,340.1
HPPL,4/23/2025,589.5,589.5,570.0,578.11,-0.57,129854.0,605.0,340.1
HPPL,4/24/2025,589.0,591.6,567.0,574.23,-0.67,156035.0,605.0,340.1
HPPL,4/27/2025,585.7,585.7,568.4,570.61,-0.63,293488.0,605.0,340.1
HPPL,4/28/2025,575.0,576.0,559.0,561.41,-1.61,165041.0,605.0,340.1
HPPL,4/29/2025,565.0,601.0,563.6,564.69,0.58,168346.0,605.0,340.1
HPPL,4/30/2025,573.0,621.0,568.1,604.56,7.06,619165.0,605.0,340.1
HPPL,5/4/2025,592.5,660.0,577.0,645.85,6.83,422606.0,605.0,340.1
HPPL,5/5/2025,633.0,633.0,581.3,581.3,-9.99,207695.0,605.0,340.1
HPPL,5/6/2025,570.0,573.0,547.5,551.17,-5.18,281487.0,605.0,340.1
HPPL,5/7/2025,540.2,570.1,540.0,543.39,-1.41,206098.0,605.0,340.1
HPPL,5/8/2025,543.0,553.0,521.4,525.22,-3.34,266969.0,605.0,340.1
HPPL,5/11/2025,533.9,533.9,505.0,508.14,-3.25,168426.0,605.0,340.1
HPPL,5/13/2025,505.6,542.0,505.6,526.1,3.53,382303.0,605.0,340.1
HPPL,5/14/2025,534.2,534.2,503.0,506.93,-3.64,123884.0,605.0,340.1
HPPL,5/15/2025,501.0,511.0,497.0,499.71,-1.42,94355.0,605.0,340.1
HPPL,5/18/2025,507.0,507.0,488.0,488.9,-2.16,89145.0,605.0,340.1
HPPL,5/19/2025,489.0,500.0,489.0,492.95,0.83,86795.0,605.0,340.1
HPPL,5/20/2025,490.0,520.0,490.0,508.99,3.25,90807.0,605.0,340.1
HPPL,5/21/2025,519.1,538.0,500.0,501.65,-1.44,62905.0,605.0,340.1
HPPL,5/22/2025,510.0,510.0,490.1,492.47,-1.83,86013.0,605.0,340.1
HPPL,5/25/2025,490.0,514.0,488.1,494.71,0.45,431164.0,605.0,340.1
HPPL,5/26/2025,500.0,507.5,491.0,491.97,-0.55,68786.0,605.0,340.1
HPPL,5/27/2025,490.1,494.7,483.1,486.79,-1.05,104997.0,605.0,340.1
HPPL,5/28/2025,483.1,502.0,481.3,489.66,0.59,97071.0,605.0,340.1
HPPL,6/2/2025,499.4,509.3,486.1,487.63,-0.41,93136.0,605.0,340.1
HPPL,6/3/2025,488.0,497.0,480.1,481.0,-1.36,52257.0,605.0,340.1
HPPL,6/4/2025,483.0,490.0,477.1,485.67,0.97,77949.0,605.0,340.1
HPPL,6/5/2025,492.0,500.0,483.0,497.08,2.35,127089.0,605.0,340.1
HPPL,6/8/2025,492.0,540.0,487.4,536.61,7.95,253584.0,605.0,340.1
HPPL,6/9/2025,536.0,566.1,519.2,544.86,1.54,232084.0,605.0,340.1
HPPL,6/10/2025,555.0,576.3,546.1,559.51,2.69,420234.0,605.0,340.1
HPPL,6/11/2025,551.0,562.1,535.5,540.34,-3.43,189009.0,605.0,340.1
HPPL,6/12/2025,535.0,563.8,535.0,557.1,3.1,317586.0,605.0,340.1
HPPL,6/15/2025,546.0,580.0,546.0,568.36,2.02,306315.0,605.0,340.1
HPPL,6/16/2025,578.0,590.0,559.0,568.45,0.02,366715.0,605.0,340.1
HPPL,6/17/2025,561.2,575.0,558.0,572.24,0.67,138213.0,605.0,340.1
HPPL,6/18/2025,561.0,580.0,559.0,560.47,-2.06,155738.0,605.0,340.1
HPPL,6/19/2025,565.0,570.0,546.0,554.18,-1.12,141197.0,605.0,340.1
HPPL,6/22/2025,550.0,564.0,545.0,559.08,0.88,172388.0,605.0,340.1
HPPL,6/23/2025,570.1,575.0,550.0,560.49,0.25,477746.0,605.0,340.1
HPPL,6/24/2025,550.0,613.0,550.0,604.58,7.87,412718.0,605.0,340.1
HPPL,6/25/2025,592.5,592.5,549.0,550.03,-9.02,201131.0,605.0,340.1
HPPL,6/26/2025,558.0,558.0,530.0,540.51,-1.73,480771.0,605.0,340.1
HPPL,6/29/2025,530.0,540.6,524.0,527.86,-2.34,79765.0,605.0,340.1
HPPL,6/30/2025,527.0,534.9,515.2,518.65,-1.74,67735.0,605.0,340.1
HPPL,7/1/2025,528.9,533.0,517.1,524.62,1.15,107568.0,605.0,340.1
HPPL,7/2/2025,523.0,536.0,518.2,522.53,-0.4,96033.0,605.0,340.1
HPPL,7/3/2025,520.0,530.0,519.4,520.02,-0.48,101913.0,605.0,340.1
HPPL,7/6/2025,530.4,530.4,512.1,513.02,-1.35,52287.0,605.0,340.1
HPPL,7/7/2025,522.0,522.9,500.0,502.11,-2.13,175053.0,605.0,340.1
HPPL,7/8/2025,501.0,508.0,496.3,500.97,-0.23,42603.0,605.0,340.1
HPPL,7/9/2025,496.4,514.9,496.4,506.56,1.12,45173.0,605.0,340.1
HPPL,7/10/2025,502.0,524.0,502.0,505.81,-0.15,45584.0,605.0,340.1
HPPL,7/13/2025,515.9,525.0,496.0,498.15,-1.51,52581.0,605.0,340.1
HPPL,7/14/2025,500.1,505.0,493.0,494.77,-0.68,95900.0,605.0,340.1
HPPL,7/15/2025,501.0,509.0,495.1,503.3,1.72,81044.0,605.0,340.1
HPPL,7/16/2025,509.0,509.0,494.1,496.29,-1.39,221705.0,605.0,340.1
HPPL,7/17/2025,500.0,526.0,500.0,524.19,5.62,161458.0,605.0,340.1
HPPL,7/20/2025,527.0,532.0,516.6,518.31,-1.12,102351.0,605.0,340.1
HPPL,7/21/2025,515.0,521.4,510.0,514.65,-0.71,72958.0,605.0,340.1
HPPL,7/22/2025,516.0,543.5,516.0,539.6,4.85,173055.0,605.0,340.1
HPPL,7/23/2025,550.3,554.9,538.0,543.04,0.64,73724.0,605.0,340.1
HPPL,7/24/2025,542.0,551.0,535.0,544.15,0.2,82374.0,605.0,340.1
HPPL,7/27/2025,552.0,560.0,533.0,538.72,-1.0,151268.0,605.0,340.1
HPPL,7/28/2025,533.0,540.0,528.7,535.83,-0.54,64291.0,605.0,340.1
HPPL,7/29/2025,545.0,546.5,531.6,534.62,-0.23,59065.0,605.0,340.1
HPPL,7/30/2025,535.0,541.0,514.0,517.11,-3.28,88642.0,605.0,340.1
HPPL,7/31/2025,520.0,525.4,511.0,514.91,-0.43,57006.0,605.0,340.1
HPPL,8/3/2025,507.5,520.0,507.5,508.94,-1.16,41501.0,605.0,340.1
HPPL,8/4/2025,509.0,518.0,507.1,513.22,0.84,39837.0,605.0,340.1
HPPL,8/5/2025,513.0,520.0,506.0,507.43,-1.13,33563.0,605.0,340.1
HPPL,8/6/2025,509.9,510.0,502.0,503.04,-0.87,26019.0,605.0,340.1
HPPL,8/7/2025,505.0,510.0,502.2,504.7,0.33,29459.0,605.0,340.1
HPPL,8/11/2025,504.5,535.3,499.8,514.31,1.9,107824.0,605.0,340.1
HPPL,8/12/2025,510.0,518.8,507.0,510.08,-0.82,41442.0,605.0,340.1
HPPL,8/13/2025,509.0,519.0,509.0,512.13,0.4,61160.0,605.0,340.1
HPPL,8/14/2025,513.0,528.9,510.0,513.17,0.2,150830.0,605.0,340.1
HPPL,8/17/2025,523.0,523.0,498.9,506.6,-1.28,32524.0,605.0,340.1
HPPL,8/18/2025,501.0,514.0,500.0,502.36,-0.84,56576.0,605.0,340.1
HPPL,8/19/2025,511.8,512.4,501.1,502.91,0.11,23188.0,605.0,340.1
HPPL,8/20/2025,500.1,507.0,496.1,497.01,-1.17,73187.0,605.0,340.1
HPPL,8/21/2025,504.0,504.0,495.0,495.15,-0.37,38557.0,605.0,340.1
HPPL,8/24/2025,488.0,502.9,487.1,488.07,-1.43,26001.0,605.0,340.1
HPPL,8/25/2025,489.0,495.0,485.1,489.54,0.3,33823.0,605.0,340.1
HPPL,8/26/2025,485.3,495.0,485.3,490.84,0.27,14700.0,605.0,340.1
HPPL,8/27/2025,490.0,504.9,490.0,501.18,2.11,149640.0,605.0,340.1
HPPL,8/28/2025,502.0,509.0,493.0,494.85,-1.26,36715.0,605.0,340.1
HPPL,8/31/2025,490.0,497.5,488.0,489.89,-1.0,44461.0,605.0,340.1
HPPL,9/1/2025,497.0,497.0,484.0,491.9,0.41,182826.0,605.0,340.1
HPPL,9/2/2025,501.7,501.7,483.1,484.69,-1.47,21896.0,605.0,340.1
HPPL,9/3/2025,484.0,489.9,480.5,483.87,-0.17,18349.0,605.0,340.1
HPPL,9/4/2025,480.0,487.7,476.1,483.71,-0.03,20713.0,605.0,340.1
HPPL,9/7/2025,482.0,491.0,477.0,478.38,-1.1,20974.0,605.0,340.1
HPPL,9/8/2025,475.1,479.0,465.0,465.92,-2.6,44269.0,605.0,340.1
HPPL,9/18/2025,456.7,458.1,419.4,419.4,-9.98,7220.0,605.0,340.1
HPPL,9/21/2025,411.1,460.0,411.1,453.64,8.16,52651.0,605.0,340.1
HPPL,9/23/2025,459.0,469.9,455.0,465.1,2.53,26640.0,605.0,340.1
HPPL,9/24/2025,463.0,471.0,460.1,462.2,-0.62,27749.0,605.0,340.1
HPPL,9/25/2025,457.0,466.9,453.0,455.0,-1.56,18872.0,605.0,340.1
HPPL,9/28/2025,460.0,466.0,458.5,466.0,2.42,17636.0,605.0,340.1
HPPL,10/7/2025,457.2,465.0,447.0,448.0,-3.86,147548.0,605.0,340.1
HPPL,10/8/2025,450.0,451.9,429.3,439.0,-2.01,75720.0,605.0,340.1
HPPL,10/9/2025,447.7,465.0,435.0,439.0,0.0,43541.0,605.0,340.1
HPPL,10/12/2025,435.0,435.0,411.1,432.0,-1.59,65000.0,605.0,340.1
HPPL,10/13/2025,432.0,446.0,412.0,443.4,2.64,30330.0,605.0,340.1
HPPL,10/14/2025,435.0,439.6,427.0,430.0,-3.02,12142.0,605.0,340.1
HPPL,10/15/2025,423.0,430.0,421.8,423.0,-1.63,16611.0,605.0,340.1
HPPL,10/16/2025,423.0,465.0,416.5,465.0,9.93,39564.0,605.0,340.1
HPPL,10/19/2025,455.7,511.0,432.5,511.0,9.89,86371.0,605.0,340.1
HPPL,10/26/2025,500.8,557.0,465.0,550.0,7.63,220333.0,605.0,340.1
HPPL,10/28/2025,540.0,605.0,495.0,515.0,-6.36,485109.0,605.0,340.1
HPPL,10/29/2025,514.0,566.0,505.1,560.0,8.74,278169.0,605.0,340.1
HPPL,10/30/2025,548.8,592.0,518.0,539.0,-3.75,316678.0,605.0,340.1
HPPL,11/2/2025,539.0,539.0,510.1,518.9,-3.73,196715.0,605.0,340.1
HPPL,11/3/2025,513.1,518.0,495.5,506.9,-2.31,146250.0,605.0,340.1
HPPL,11/4/2025,496.9,509.3,490.0,490.0,-3.33,104316.0,605.0,340.1
HPPL,11/5/2025,497.9,499.0,480.0,491.0,0.2,99437.0,605.0,340.1
HPPL,11/6/2025,497.0,497.0,478.5,484.0,-1.43,104770.0,605.0,340.1
HPPL,11/9/2025,493.6,493.6,461.0,464.5,-4.03,112257.0,605.0,340.1
HPPL,11/10/2025,466.3,472.8,458.2,460.4,-0.88,51406.0,605.0,340.1
HPPL,11/11/2025,464.0,476.0,459.0,470.2,2.13,58547.0,605.0,340.1
HPPL,11/12/2025,460.8,487.0,460.8,485.0,3.15,132491.0,605.0,340.1
HPPL,11/13/2025,475.3,528.0,475.3,499.0,2.89,339036.0,605.0,340.1
HPPL,11/16/2025,491.0,506.9,479.0,489.0,-2.0,145676.0,605.0,340.1
HPPL,11/17/2025,480.0,535.0,480.0,489.6,0.12,158530.0,605.0,340.1
HPPL,11/18/2025,490.2,494.0,474.0,476.0,-2.78,106544.0,605.0,340.1
HPPL,11/19/2025,480.0,483.8,470.0,477.1,0.23,81500.0,605.0,340.1
HPPL,11/20/2025,468.0,478.9,468.0,478.0,0.19,71986.0,605.0,340.1
HPPL,11/23/2025,480.0,489.5,479.0,479.4,0.29,79642.0,605.0,340.1
HPPL,11/24/2025,474.0,487.0,474.0,482.0,0.54,58466.0,605.0,340.1
HPPL,11/25/2025,481.0,488.0,479.6,480.0,-0.41,54061.0,605.0,340.1
HPPL,11/26/2025,480.0,485.0,477.3,478.1,-0.4,72212.0,605.0,340.1
HPPL,11/27/2025,468.9,515.0,468.9,480.3,0.46,102213.0,605.0,340.1
HPPL,11/30/2025,486.9,518.0,480.0,480.0,-0.06,98871.0,605.0,340.1
HPPL,12/1/2025,480.0,489.6,479.1,489.0,1.88,64112.0,605.0,340.1
HPPL,12/2/2025,493.9,494.0,480.1,484.9,-0.84,80082.0,605.0,340.1
HPPL,12/3/2025,488.0,488.0,478.0,478.2,-1.38,65413.0,605.0,340.1
HPPL,12/7/2025,483.9,483.9,470.0,470.3,-1.65,48991.0,605.0,340.1
HPPL,12/8/2025,475.0,475.0,466.0,468.0,-0.49,45962.0,605.0,340.1
HPPL,12/9/2025,468.2,472.9,466.0,466.0,-0.43,33188.0,605.0,340.1
HPPL,12/10/2025,474.5,474.5,464.1,468.0,0.43,18744.0,605.0,340.1
HPPL,12/11/2025,469.7,469.9,461.0,461.0,-1.5,41855.0,605.0,340.1
HPPL,12/14/2025,466.0,468.8,458.0,459.0,-0.43,62661.0,605.0,340.1
HPPL,12/15/2025,459.1,462.9,455.2,456.6,-0.52,24531.0,605.0,340.1
HPPL,12/16/2025,455.0,465.5,455.0,465.0,1.84,33377.0,605.0,340.1
HPPL,12/17/2025,466.0,473.0,466.0,467.3,0.49,22766.0,605.0,340.1
HPPL,12/18/2025,465.0,468.5,461.0,461.0,-1.35,31475.0,605.0,340.1
HPPL,12/21/2025,462.0,468.4,461.1,465.4,0.95,51507.0,605.0,340.1
HPPL,12/22/2025,465.4,484.0,465.0,481.8,3.52,152778.0,605.0,340.1
HPPL,12/23/2025,485.0,488.0,476.0,480.0,-0.37,79877.0,605.0,340.1
HPPL,12/24/2025,475.0,483.0,471.0,472.0,-1.67,63811.0,605.0,340.1
HPPL,12/28/2025,472.0,480.0,472.0,476.0,0.85,51670.0,605.0,340.1
HPPL,12/29/2025,475.1,475.9,466.2,468.0,-1.68,50563.0,605.0,340.1
HPPL,12/31/2025,476.0,476.8,466.0,469.0,0.21,35011.0,605.0,340.1
HPPL,1/1/2026,478.0,478.0,462.0,462.1,-1.47,32947.0,605.0,340.1
HPPL,1/4/2026,462.1,466.0,460.0,461.0,-0.24,30328.0,605.0,340.1
HPPL,1/5/2026,465.0,469.0,460.0,468.0,1.52,35668.0,605.0,340.1
HPPL,1/6/2026,468.0,473.1,460.1,466.5,-0.32,61712.0,605.0,340.1
HPPL,1/7/2026,462.0,469.7,460.3,461.4,-1.09,35679.0,605.0,340.1
HPPL,1/8/2026,470.6,470.6,458.2,461.5,0.02,47766.0,605.0,340.1
HPPL,1/12/2026,459.6,465.0,456.5,457.0,-0.98,39288.0,605.0,340.1
HPPL,1/13/2026,458.0,477.0,458.0,474.0,3.72,121159.0,605.0,340.1
HPPL,1/14/2026,473.0,489.3,471.0,478.5,0.95,126745.0,605.0,340.1
HPPL,1/18/2026,472.2,488.0,472.2,484.0,1.15,163636.0,605.0,340.1
HPPL,1/20/2026,488.0,493.0,479.3,480.1,-0.81,150196.0,605.0,340.1
HPPL,1/21/2026,481.0,488.0,475.0,475.1,-1.04,89167.0,605.0,340.1
HPPL,1/22/2026,470.1,484.0,470.1,477.1,0.42,62608.0,605.0,340.1
HPPL,1/25/2026,480.0,492.0,480.0,485.0,1.66,142491.0,605.0,340.1
HPPL,1/26/2026,485.0,523.0,460.1,505.0,4.12,1378983.0,605.0,340.1
HPPL,1/27/2026,505.0,512.0,488.0,488.0,-3.37,140522.0,605.0,340.1
HPPL,1/28/2026,488.0,492.0,473.0,475.0,-2.66,180238.0,605.0,340.1
HPPL,1/29/2026,476.0,483.0,471.0,473.0,-0.42,325567.0,605.0,340.1
HPPL,2/1/2026,481.8,481.8,468.1,470.0,-0.63,136096.0,605.0,340.1
HPPL,2/2/2026,472.1,479.0,470.0,470.2,0.04,106235.0,605.0,340.1
HPPL,2/3/2026,472.1,477.0,471.0,472.0,0.38,81527.0,605.0,340.1
HPPL,2/4/2026,478.4,478.4,470.1,472.0,0.0,96626.0,605.0,340.1
HPPL,2/5/2026,462.6,479.7,462.6,475.0,0.64,102278.0,605.0,340.1
HPPL,2/8/2026,480.0,483.9,472.0,473.0,-0.42,134090.0,605.0,340.1
HPPL,2/9/2026,482.4,482.4,465.0,466.0,-1.48,77738.0,605.0,340.1
HPPL,2/10/2026,465.0,481.1,464.1,473.7,1.65,108086.0,605.0,340.1
HPPL,2/11/2026,483.1,483.1,463.1,469.0,-0.99,93926.0,605.0,340.1
HPPL,2/12/2026,470.4,476.0,465.0,468.0,-0.21,103001.0,605.0,340.1
HPPL,2/16/2026,469.1,473.0,466.0,469.0,0.21,39752.0,605.0,340.1
HPPL,2/17/2026,467.0,470.0,461.3,461.4,-1.62,66233.0,605.0,340.1
HPPL,2/22/2026,464.0,465.0,459.0,460.0,-0.3,63676.0,605.0,340.1
HPPL,2/23/2026,461.0,464.5,458.5,459.9,-0.02,37482.0,605.0,340.1
HPPL,2/24/2026,457.0,502.0,456.1,502.0,9.15,75407.0,605.0,340.1
HPPL,2/25/2026,500.0,500.0,464.0,472.0,-5.98,197826.0,605.0,340.1
HPPL,2/26/2026,472.0,472.9,459.2,463.0,-1.91,128179.0,605.0,340.1
HPPL,2/27/2026,472.0,472.9,459.2,463.0,0.0,128179.0,605.0,340.1
HPPL,2/28/2026,472.0,472.9,459.2,463.0,0.0,128179.0,605.0,340.1
HPPL,3/2/2026,462.5,466.1,454.0,465.0,0.43,64699.0,605.0,340.1
HPPL,3/3/2026,455.7,478.9,455.7,478.9,2.99,56334.0,605.0,340.1
HPPL,3/4/2026,455.7,478.9,455.7,478.9,0.0,56334.0,605.0,340.1
HPPL,3/5/2026,455.7,478.9,455.7,478.9,0.0,56334.0,605.0,340.1
HPPL,3/6/2026,455.7,478.9,455.7,478.9,0.0,56334.0,605.0,340.1
HPPL,3/7/2026,455.7,478.9,455.7,478.9,0.0,56334.0,605.0,340.1
HPPL,3/8/2026,455.7,478.9,455.7,478.9,0.0,56334.0,605.0,340.1
HPPL,3/9/2026,488.4,510.0,488.4,505.0,5.45,13424.0,605.0,340.1
HPPL,3/10/2026,515.0,527.0,495.0,523.0,3.56,608028.0,605.0,340.1
HPPL,3/11/2026,523.0,529.8,515.0,516.0,-1.34,221900.0,605.0,340.1
HPPL,3/12/2026,516.5,522.0,510.0,518.0,0.39,292661.0,605.0,340.1
HPPL,3/13/2026,516.5,522.0,510.0,518.0,0.0,292661.0,605.0,340.1
HPPL,3/14/2026,516.5,522.0,510.0,518.0,0.0,292661.0,605.0,340.1
HPPL,3/15/2026,528.3,528.3,516.0,517.0,-0.19,264655.0,605.0,340.1
HPPL,3/16/2026,517.0,557.0,510.0,510.1,-1.33,288627.0,605.0,340.1
HPPL,3/17/2026,510.1,514.0,499.5,508.0,-0.41,264029.0,605.0,340.1
HPPL,3/18/2026,510.1,514.0,499.5,508.0,0.0,264029.0,605.0,340.1
HPPL,3/19/2026,498.0,521.0,498.0,510.0,0.39,326016.0,605.0,340.1
HPPL,3/20/2026,498.0,521.0,498.0,510.0,0.0,326016.0,605.0,340.1
HPPL,3/21/2026,498.0,521.0,498.0,510.0,0.0,326016.0,605.0,340.1
HPPL,3/22/2026,520.0,520.0,509.0,513.9,0.76,476637.0,605.0,340.1
HPPL,3/23/2026,520.0,525.0,512.0,522.0,1.58,564569.0,605.0,340.1
HPPL,3/24/2026,388.9,419.4,388.9,419.4,-19.66,237588.0,605.0,340.1
HPPL,3/25/2026,427.7,444.0,412.0,418.2,-0.29,479027.0,605.0,340.1
HPPL,3/26/2026,420.0,420.0,408.3,410.9,-2.17,174045.0,605.0,340.1
HPPL,3/29/2026,411.0,412.0,395.1,399.0,-2.92,171787.0,605.0,340.1
HPPL,3/30/2026,392.3,404.8,384.0,387.0,-1.35,145945.0,605.0,340.1
HPPL,3/31/2026,388.0,398.8,387.0,396.0,2.06,100374.0,605.0,340.1
HPPL,4/1/2026,396.0,397.0,383.0,390.6,-1.36,138405.0,605.0,340.1
HPPL,4/2/2026,383.0,393.0,380.2,383.0,0.0,80731.0,605.0,340.1
HPPL,4/5/2026,386.0,386.0,360.0,380.0,-1.55,153612.0,605.0,340.1
HPPL,4/6/2026,373.0,387.9,365.6,383.0,2.68,87503.0,605.0,340.1
HPPL,4/7/2026,383.1,390.6,379.0,385.7,0.68,74340.0,605.0,340.1
HPPL,4/8/2026,380.0,392.7,380.0,392.7,3.34,59135.0,605.0,340.1
HPPL,4/9/2026,388.0,398.8,388.0,398.8,2.78,79113.0,605.0,340.1
HPPL,4/10/2026,394.0,402.0,390.1,402.0,2.03,66397.0,605.0,340.1
HPPL,4/13/2026,398.0,405.9,395.0,405.9,1.98,87376.0,605.0,340.1
HPPL,4/15/2026,398.0,411.0,398.0,409.9,2.99,120884.0,605.0,340.1
HPPL,4/16/2026,409.0,413.0,394.0,413.0,0.98,157117.0,605.0,340.1
HPPL,4/17/2026,410.0,411.9,400.0,410.0,0.0,111827.0,605.0,340.1
HPPL,4/20/2026,390.0,424.3,390.0,424.3,8.79,123366.0,605.0,340.1
HPPL,4/21/2026,443.0,443.0,400.0,404.0,-8.8,71033.0,605.0,340.1
HPPL,4/22/2026,404.0,409.9,393.0,409.9,1.46,70623.0,605.0,340.1
HPPL,4/23/2026,430.3,430.3,388.0,391.0,-9.13,82327.0,605.0,340.1
HPPL,4/24/2026,388.0,391.0,380.0,382.0,-1.55,55568.0,605.0,340.1
HPPL,4/27/2026,382.0,403.0,382.0,392.9,2.85,66864.0,605.0,340.1
HPPL,4/28/2026,392.9,392.8,380.5,387.3,-1.43,56621.0,605.0,340.1
HPPL,4/29/2026,387.3,390.0,371.0,373.0,-3.69,45068.0,605.0,340.1
HPPL,4/30/2026,373.0,375.0,362.0,366.6,-1.72,42793.0,605.0,340.1
HPPL,5/4/2026,375.0,375.0,361.0,361.0,-3.73,33705.0,605.0,340.1
HPPL,5/5/2026,360.2,368.0,355.1,368.0,2.17,32691.0,605.0,340.1
HPPL,5/6/2026,357.0,370.0,357.0,365.0,2.24,10408.0,605.0,340.1
HPPL,5/7/2026,358.0,370.0,358.0,370.0,3.35,33180.0,605.0,340.1
HPPL,5/8/2026,361.0,379.8,361.0,379.8,5.21,31358.0,605.0,340.1
HPPL,5/11/2026,389.9,389.9,378.0,382.8,-1.82,23480.0,605.0,340.1
HPPL,5/12/2026,375.0,382.8,371.4,373.0,-0.53,28232.0,605.0,340.1
HPPL,5/13/2026,362.0,373.7,362.0,373.7,3.23,14981.0,605.0,340.1
HPPL,5/14/2026,363.0,379.8,363.0,372.0,2.48,10536.0,605.0,340.1
HPPL,5/15/2026,366.0,375.0,365.0,371.0,1.37,18183.0,605.0,340.1
HPPL,5/18/2026,365.0,375.0,365.0,373.9,2.44,17437.0,605.0,340.1
HPPL,5/19/2026,368.0,378.3,365.1,377.0,2.45,23945.0,605.0,340.1
HPPL,5/20/2026,377.0,382.5,373.0,381.0,1.06,17029.0,605.0,340.1
HPPL,5/21/2026,380.2,381.9,377.2,377.9,-0.6,26175.0,605.0,340.1
HPPL,5/22/2026,373.1,381.5,373.1,381.0,2.12,29364.0,605.0,340.1
HPPL,5/25/2026,381.3,388.0,381.0,386.0,1.23,16114.0,605.0,340.1
HPPL,5/26/2026,387.0,387.0,382.2,384.9,-0.54,17119.0,605.0,340.1
HPPL,5/27/2026,389.5,389.5,383.0,385.0,-1.16,34466.0,605.0,340.1
HPPL,6/1/2026,383.9,385.0,373.0,376.5,-1.93,26528.0,605.0,340.1
HPPL,6/2/2026,375.1,379.8,374.3,379.5,1.17,25297.0,605.0,340.1
HPPL,6/3/2026,379.0,383.0,373.6,376.0,-0.79,24879.0,605.0,340.1
HPPL,6/4/2026,380.0,382.0,374.0,379.5,-0.13,35336.0,605.0,340.1
HPPL,6/5/2026,373.0,380.0,373.0,374.2,0.32,32920.0,605.0,340.1
HPPL,6/8/2026,386.0,386.0,370.0,375.0,-2.85,30809.0,605.0,340.1
HPPL,6/9/2026,378.0,378.0,367.1,373.9,-1.08,19676.0,605.0,340.1
HPPL,6/10/2026,365.0,374.3,365.0,368.2,0.88,20529.0,605.0,340.1
HPPL,6/11/2026,366.0,369.9,366.0,366.5,0.14,22293.0,605.0,340.1
HPPL,6/12/2026,363.1,369.0,363.1,367.0,1.07,15077.0,605.0,340.1
HPPL,6/15/2026,366.9,370.0,366.9,367.2,0.08,11383.0,605.0,340.1
HPPL,6/16/2026,366.5,369.8,366.5,367.0,0.14,17970.0,605.0,340.1
HPPL,6/17/2026,367.0,371.9,366.5,371.7,1.28,36621.0,605.0,340.1
HPPL,6/18/2026,370.0,373.0,369.0,371.0,0.27,26816.0,605.0,340.1
HPPL,6/19/2026,371.0,373.0,366.0,367.0,-1.08,15080.0,605.0,340.1
HPPL,6/22/2026,370.0,370.0,365.0,369.0,-0.27,19508.0,605.0,340.1
HPPL,6/23/2026,360.1,369.0,360.1,369.0,2.47,17289.0,605.0,340.1
HPPL,6/24/2026,358.0,368.4,358.0,364.0,1.68,16382.0,605.0,340.1
HPPL,6/26/2026,365.0,365.0,358.6,360.5,-1.23,23227.0,605.0,340.1
HPPL,6/29/2026,355.1,359.0,354.2,357.0,0.54,19196.0,605.0,340.1
HPPL,6/30/2026,355.0,359.8,353.0,358.0,0.85,31914.0,605.0,340.1
HPPL,7/1/2026,358.0,371.0,358.0,362.0,1.12,14075.0,605.0,340.1
HPPL,7/2/2026,366.0,366.0,358.4,363.8,-0.6,9926.0,605.0,340.1
HPPL,7/3/2026,360.0,367.0,359.2,362.9,0.81,11019.0,605.0,340.1
HPPL,7/6/2026,357.0,366.0,357.0,358.8,0.5,23643.0,605.0,340.1
HPPL,7/7/2026,359.0,363.5,359.0,361.9,0.81,24662.0,605.0,340.1
HPPL,7/8/2026,358.0,368.0,357.3,362.0,1.12,23084.0,605.0,340.1
HPPL,7/9/2026,352.5,367.0,352.5,365.1,3.57,54567.0,605.0,340.1
HPPL,7/10/2026,363.0,366.0,357.5,365.0,0.55,29137.0,605.0,340.1
HPPL,7/13/2026,356.0,359.9,347.0,348.5,-2.11,168161.0,605.0,340.1
HPPL,7/14/2026,342.1,363.0,340.1,350.9,2.57,85585.0,605.0,340.1
HPPL,7/15/2026,346.3,355.0,343.0,343.1,-0.92,88643.0,605.0,340.1
HPPL,7/16/2026,344.0,350.0,341.6,344.0,0.0,92919.0,605.0,340.1
HPPL,7/17/2026,349.9,364.8,349.0,364.8,4.26,123594.0,605.0,340.1
HPPL,7/20/2026,360.0,374.9,360.0,373.1,3.64,139567.0,605.0,340.1
HPPL,7/21/2026,382.0,382.0,369.9,371.5,-2.75,116926.0,605.0,340.1
HPPL,7/22/2026,360.0,381.6,360.0,370.0,2.78,91191.0,605.0,340.1
HPPL,7/23/2026,360.0,381.9,360.0,381.0,5.83,106938.0,605.0,340.1
HPPL,7/24/2026,370.0,385.8,370.0,380.0,2.7,127177.0,605.0,340.1
HPPL,7/27/2026,370.0,385.0,370.0,379.0,2.43,155350.0,605.0,340.1
HPPL,7/28/2026,370.0,385.0,370.0,381.9,3.22,216411.0,605.0,340.1
HPPL,7/29/2026,378.0,400.0,378.0,394.7,4.42,573369.0,605.0,340.1
HPPL,7/30/2026,389.0,399.9,380.1,388.0,-0.26,214904.0,605.0,340.1
HPPL,7/31/2026,388.0,388.0,377.0,383.0,-1.29,172178.0,605.0,340.1
HPPL,8/3/2026,384.0,385.0,376.0,377.0,-1.82,84917.0,605.0,340.1
HPPL,8/4/2026,375.0,384.8,372.6,384.8,2.61,88753.0,605.0,340.1
HPPL,8/5/2026,372.0,386.9,372.0,386.5,3.9,137172.0,605.0,340.1
HPPL,8/6/2026,385.1,388.0,376.5,388.0,0.75,110658.0,605.0,340.1
HPPL,8/7/2026,384.0,387.5,373.1,380.0,-1.04,165076.0,605.0,340.1
HPPL,8/10/2026,377.1,382.0,373.4,382.0,1.3,83031.0,605.0,340.1
HPPL,8/11/2026,370.0,390.0,370.0,385.4,4.16,139819.0,605.0,340.1
HPPL,8/12/2026,373.0,395.0,373.0,379.0,1.61,113217.0,605.0,340.1
HPPL,8/13/2026,373.0,383.9,373.0,380.5,2.01,66373.0,605.0,340.1
HPPL,8/14/2026,373.0,384.0,373.0,383.5,2.82,126149.0,605.0,340.1
HPPL,8/17/2026,377.0,382.0,375.0,380.0,0.8,42112.0,605.0,340.1
HPPL,8/18/2026,376.0,380.0,373.0,380.0,1.06,80641.0,605.0,340.1
HPPL,8/19/2026,373.0,383.0,373.0,383.0,2.68,90182.0,605.0,340.1
HPPL,8/20/2026,378.0,384.0,374.0,379.3,0.34,103853.0,605.0,340.1
HPPL,8/21/2026,370.0,384.9,370.0,380.0,2.7,115323.0,605.0,340.1
HPPL,8/24/2026,375.0,380.0,373.7,379.9,1.31,63912.0,605.0,340.1
HPPL,8/25/2026,375.0,378.0,371.0,378.0,0.8,100522.0,605.0,340.1
HPPL,8/26/2026,371.1,375.0,366.0,375.0,1.05,92831.0,605.0,340.1
HPPL,8/27/2026,366.2,373.0,365.0,369.0,0.76,92389.0,605.0,340.1
HPPL,8/31/2026,372.2,372.2,354.1,358.0,-3.82,51754.0,605.0,340.1
HPPL,9/1/2026,367.7,367.7,356.0,359.0,-2.37,45731.0,605.0,340.1
HPPL,9/2/2026,356.0,365.0,356.0,363.8,2.19,66936.0,605.0,340.1
HPPL,9/3/2026,367.0,367.0,363.1,363.1,-1.06,41254.0,605.0,340.1
HPPL,9/7/2026,380.0,380.0,366.1,370.5,-2.5,60500.0,605.0,340.1
HPPL,9/9/2026,367.3,372.8,367.0,367.2,-0.03,49823.0,605.0,340.1
HPPL,9/10/2026,365.0,367.0,363.6,367.0,0.55,42742.0,605.0,340.1
HPPL,9/11/2026,363.6,378.0,363.6,375.0,3.14,110915.0,605.0,340.1
HPPL,9/14/2026,381.0,386.0,378.0,379.5,-0.39,76245.0,605.0,340.1
HPPL,9/15/2026,398.0,398.4,383.0,383.9,-3.54,118948.0,605.0,340.1
HPPL,9/16/2026,380.0,388.0,378.0,385.0,1.32,89853.0,605.0,340.1
HPPL,9/17/2026,383.9,388.9,380.0,387.0,0.81,96798.0,605.0,340.1
HPPL,9/18/2026,387.0,395.0,381.0,387.0,0.0,152034.0,605.0,340.1
HPPL,9/22/2026,384.0,388.0,379.1,381.0,-0.78,91552.0,605.0,340.1
HPPL,9/23/2026,380.0,380.5,372.2,372.2,-2.05,94175.0,605.0,340.1
HPPL,9/24/2026,377.0,380.0,372.0,380.0,0.8,79505.0,605.0,340.1
HPPL,9/28/2026,376.1,386.0,376.1,381.8,1.52,93901.0,605.0,340.1
HPPL,9/29/2026,381.0,384.4,377.0,0.0,-100.0,25395.0,605.0,340.1
HPPL,9/30/2026,377.0,382.9,377.0,378.0,0.27,33149.0,605.0,340.1
HPPL,10/1/2026,359.9,385.0,359.9,379.9,5.56,64896.0,605.0,340.1
HPPL,10/2/2026,398.0,398.0,380.0,380.9,-4.3,154438.0,605.0,340.1
HRL,12/21/2025,815.3,847.0,815.0,818.0,,103517.0,950.0,485.0
HRL,12/22/2025,801.7,835.0,801.7,814.0,-0.49,71060.0,950.0,485.0
HRL,12/23/2025,800.0,832.0,800.0,816.1,0.26,60158.0,950.0,485.0
HRL,12/24/2025,810.0,828.5,810.0,817.0,0.11,66894.0,950.0,485.0
HRL,12/28/2025,820.0,845.0,820.0,842.0,3.06,166848.0,950.0,485.0
HRL,12/29/2025,842.0,865.0,831.0,836.0,-0.71,129486.0,950.0,485.0
HRL,12/31/2025,836.0,854.0,830.1,846.1,1.21,152430.0,950.0,485.0
HRL,1/1/2026,863.0,863.0,838.1,838.7,-0.87,114531.0,950.0,485.0
HRL,1/4/2026,822.0,855.0,822.0,831.1,-0.91,79995.0,950.0,485.0
HRL,1/5/2026,840.0,845.0,825.0,839.5,1.01,116151.0,950.0,485.0
HRL,1/6/2026,856.2,856.2,839.0,845.0,0.66,146436.0,950.0,485.0
HRL,1/7/2026,861.9,861.9,833.0,834.0,-1.3,59371.0,950.0,485.0
HRL,1/8/2026,830.0,839.8,830.0,838.0,0.48,59321.0,950.0,485.0
HRL,1/12/2026,838.0,846.0,833.0,838.0,0.0,106238.0,950.0,485.0
HRL,1/13/2026,821.3,850.0,821.3,842.0,0.48,131035.0,950.0,485.0
HRL,1/14/2026,825.2,855.0,825.2,840.5,-0.18,115863.0,950.0,485.0
HRL,1/18/2026,835.0,852.0,835.0,850.8,1.23,125287.0,950.0,485.0
HRL,1/20/2026,850.8,880.0,850.8,877.5,3.14,274826.0,950.0,485.0
HRL,1/21/2026,895.0,909.5,870.6,889.9,1.41,372212.0,950.0,485.0
HRL,1/22/2026,873.0,899.9,873.0,894.9,0.56,145601.0,950.0,485.0
HRL,1/25/2026,899.0,920.0,899.0,909.9,1.68,295352.0,950.0,485.0
HRL,1/26/2026,928.0,928.0,891.9,896.1,-1.52,240244.0,950.0,485.0
HRL,1/27/2026,900.0,900.0,872.1,873.0,-2.58,254686.0,950.0,485.0
HRL,1/28/2026,873.0,885.0,864.0,877.2,0.48,161861.0,950.0,485.0
HRL,1/29/2026,885.9,886.0,865.1,866.0,-1.28,136022.0,950.0,485.0
HRL,2/1/2026,866.0,873.9,850.0,853.0,-1.5,135423.0,950.0,485.0
HRL,2/2/2026,836.0,865.0,836.0,846.2,-0.8,142544.0,950.0,485.0
HRL,2/3/2026,863.1,863.1,845.0,846.0,-0.02,156814.0,950.0,485.0
HRL,2/4/2026,846.0,860.0,845.5,847.0,0.12,108005.0,950.0,485.0
HRL,2/5/2026,854.0,874.0,848.0,870.0,2.72,191837.0,950.0,485.0
HRL,2/8/2026,887.3,887.3,857.0,857.0,-1.49,241328.0,950.0,485.0
HRL,2/9/2026,874.1,874.1,847.0,849.0,-0.93,117445.0,950.0,485.0
HRL,2/10/2026,850.0,865.5,842.0,846.0,-0.35,113805.0,950.0,485.0
HRL,2/11/2026,846.0,861.0,838.0,840.0,-0.71,113689.0,950.0,485.0
HRL,2/12/2026,856.8,856.8,840.0,843.3,0.39,122931.0,950.0,485.0
HRL,2/16/2026,860.1,860.1,839.0,839.6,-0.44,71745.0,950.0,485.0
HRL,2/17/2026,840.0,848.0,833.0,836.0,-0.43,113608.0,950.0,485.0
HRL,2/22/2026,835.0,837.0,827.0,827.9,-0.97,105641.0,950.0,485.0
HRL,2/23/2026,825.1,832.0,825.1,827.0,-0.11,61825.0,950.0,485.0
HRL,2/24/2026,827.0,835.9,827.0,833.0,0.73,52083.0,950.0,485.0
HRL,2/25/2026,833.0,846.0,830.0,837.0,0.48,32452.0,950.0,485.0
HRL,2/26/2026,853.7,853.7,837.0,838.9,0.23,71368.0,950.0,485.0
HRL,2/27/2026,853.7,853.7,837.0,838.9,0.0,71368.0,950.0,485.0
HRL,2/28/2026,853.7,853.7,837.0,838.9,0.0,71368.0,950.0,485.0
HRL,3/2/2026,822.2,850.0,822.2,845.0,0.73,61655.0,950.0,485.0
HRL,3/3/2026,861.9,861.9,830.0,858.9,1.64,106558.0,950.0,485.0
HRL,3/4/2026,861.9,861.9,830.0,858.9,0.0,106558.0,950.0,485.0
HRL,3/5/2026,861.9,861.9,830.0,858.9,0.0,106558.0,950.0,485.0
HRL,3/6/2026,861.9,861.9,830.0,858.9,0.0,106558.0,950.0,485.0
HRL,3/7/2026,861.9,861.9,830.0,858.9,0.0,106558.0,950.0,485.0
HRL,3/8/2026,861.9,861.9,830.0,858.9,0.0,106558.0,950.0,485.0
HRL,3/9/2026,876.0,944.7,876.0,944.7,9.99,8620.0,950.0,485.0
HRL,3/10/2026,950.0,950.0,885.0,906.0,-4.1,506231.0,950.0,485.0
HRL,3/11/2026,906.0,909.0,885.1,886.0,-2.21,189772.0,950.0,485.0
HRL,3/12/2026,903.7,903.7,876.0,888.0,0.23,128475.0,950.0,485.0
HRL,3/13/2026,903.7,903.7,876.0,888.0,0.0,128475.0,950.0,485.0
HRL,3/14/2026,903.7,903.7,876.0,888.0,0.0,128475.0,950.0,485.0
HRL,3/15/2026,890.0,899.1,880.0,882.0,-0.68,119343.0,950.0,485.0
HRL,3/16/2026,899.0,899.0,875.0,878.0,-0.45,112801.0,950.0,485.0
HRL,3/17/2026,895.5,895.5,869.1,870.0,-0.91,104162.0,950.0,485.0
HRL,3/18/2026,895.5,895.5,869.1,870.0,0.0,104162.0,950.0,485.0
HRL,3/19/2026,887.0,894.9,870.0,887.9,2.06,201643.0,950.0,485.0
HRL,3/20/2026,887.0,894.9,870.0,887.9,0.0,201643.0,950.0,485.0
HRL,3/21/2026,887.0,894.9,870.0,887.9,0.0,201643.0,950.0,485.0
HRL,3/22/2026,887.9,920.0,887.9,910.0,2.49,261691.0,950.0,485.0
HRL,3/23/2026,928.0,928.0,895.0,905.0,-0.55,157192.0,950.0,485.0
HRL,3/24/2026,923.0,923.0,892.0,898.1,-0.76,155496.0,950.0,485.0
HRL,3/25/2026,900.0,902.0,876.2,876.2,-2.44,209679.0,950.0,485.0
HRL,3/26/2026,858.7,888.4,858.7,882.0,2.71,151387.0,950.0,485.0
HRL,3/29/2026,885.0,885.0,851.0,856.0,-3.28,365880.0,950.0,485.0
HRL,3/30/2026,855.0,866.9,842.0,846.9,-0.95,183555.0,950.0,485.0
HRL,3/31/2026,850.0,850.0,818.3,835.0,-1.76,361889.0,950.0,485.0
HRL,4/1/2026,819.0,827.0,785.0,786.9,-3.92,889897.0,950.0,485.0
HRL,4/2/2026,786.9,798.9,745.0,783.0,-0.5,380411.0,950.0,485.0
HRL,4/5/2026,767.4,767.4,704.7,704.7,-8.17,811186.0,950.0,485.0
HRL,4/6/2026,691.0,747.0,665.0,720.0,4.2,788078.0,950.0,485.0
HRL,4/7/2026,728.0,744.0,720.0,727.0,-0.14,244100.0,950.0,485.0
HRL,4/8/2026,740.0,740.0,710.0,716.0,-3.24,230400.0,950.0,485.0
HRL,4/9/2026,720.0,784.0,720.0,769.9,6.93,531040.0,950.0,485.0
HRL,4/10/2026,769.0,782.2,750.8,756.0,-1.69,222552.0,950.0,485.0
HRL,4/13/2026,750.0,756.0,739.9,742.0,-1.07,154179.0,950.0,485.0
HRL,4/15/2026,740.0,747.0,725.2,732.1,-1.07,270193.0,950.0,485.0
HRL,4/16/2026,730.0,730.0,712.0,713.0,-2.33,256498.0,950.0,485.0
HRL,4/17/2026,705.0,720.0,701.0,715.2,1.45,190793.0,950.0,485.0
HRL,4/20/2026,715.0,716.0,701.0,705.0,-1.4,123104.0,950.0,485.0
HRL,4/21/2026,680.0,715.0,680.0,703.0,3.38,86062.0,950.0,485.0
HRL,4/22/2026,738.0,738.0,679.0,695.2,-5.8,237378.0,950.0,485.0
HRL,4/23/2026,670.0,709.0,670.0,685.0,2.24,97271.0,950.0,485.0
HRL,4/24/2026,680.0,690.0,665.1,683.0,0.44,123903.0,950.0,485.0
HRL,4/27/2026,683.0,687.0,675.0,677.1,-0.86,90198.0,950.0,485.0
HRL,4/28/2026,677.0,691.0,677.0,685.5,1.26,87233.0,950.0,485.0
HRL,4/29/2026,685.5,685.0,676.1,679.2,-0.92,74867.0,950.0,485.0
HRL,4/30/2026,677.0,679.0,666.0,671.1,-0.87,104696.0,950.0,485.0
HRL,5/4/2026,671.1,678.9,655.0,660.0,-1.65,93369.0,950.0,485.0
HRL,5/5/2026,627.0,669.5,627.0,655.4,4.53,77067.0,950.0,485.0
HRL,5/6/2026,688.0,688.0,640.4,654.2,-4.91,48547.0,950.0,485.0
HRL,5/7/2026,650.0,662.0,650.0,661.1,1.71,47335.0,950.0,485.0
HRL,5/8/2026,694.1,694.1,660.0,678.0,-2.32,54949.0,950.0,485.0
HRL,5/11/2026,680.0,705.0,680.0,704.0,3.53,112914.0,950.0,485.0
HRL,5/12/2026,709.0,715.0,681.0,682.0,-3.81,118376.0,950.0,485.0
HRL,5/13/2026,680.0,687.0,671.0,677.1,-0.43,37540.0,950.0,485.0
HRL,5/14/2026,643.3,650.0,584.0,626.0,-2.69,600022.0,950.0,485.0
HRL,5/15/2026,626.0,648.5,626.0,631.0,0.8,129221.0,950.0,485.0
HRL,5/18/2026,631.0,644.0,631.0,636.9,0.94,44963.0,950.0,485.0
HRL,5/19/2026,631.0,635.0,629.5,633.0,0.32,94579.0,950.0,485.0
HRL,5/20/2026,630.0,646.9,630.0,645.0,2.38,62593.0,950.0,485.0
HRL,5/21/2026,660.0,660.0,631.09,640.0,-3.03,45270.0,950.0,485.0
HRL,5/22/2026,635.0,645.0,630.0,641.4,1.01,50050.0,950.0,485.0
HRL,5/25/2026,641.0,661.0,640.5,653.8,2.0,111322.0,950.0,485.0
HRL,5/26/2026,659.9,660.0,647.0,653.9,-0.91,44432.0,950.0,485.0
HRL,5/27/2026,659.8,659.8,648.0,650.0,-1.49,66358.0,950.0,485.0
HRL,6/1/2026,645.0,719.0,635.0,674.4,4.56,379125.0,950.0,485.0
HRL,6/2/2026,675.0,699.7,660.0,693.0,2.67,223778.0,950.0,485.0
HRL,6/3/2026,693.0,697.0,668.0,669.5,-3.39,138255.0,950.0,485.0
HRL,6/4/2026,670.0,679.9,663.0,664.3,-0.85,81024.0,950.0,485.0
HRL,6/5/2026,631.1,679.0,631.1,661.0,4.74,79072.0,950.0,485.0
HRL,6/8/2026,661.0,663.0,642.0,647.0,-2.12,102326.0,950.0,485.0
HRL,6/9/2026,646.0,654.9,633.2,646.0,0.0,110360.0,950.0,485.0
HRL,6/10/2026,645.0,653.7,635.0,644.0,-0.16,42478.0,950.0,485.0
HRL,6/11/2026,644.0,645.0,635.0,638.7,-0.82,57304.0,950.0,485.0
HRL,6/12/2026,638.0,640.0,635.0,636.9,-0.17,69283.0,950.0,485.0
HRL,6/15/2026,633.0,639.8,630.0,633.0,0.0,47015.0,950.0,485.0
HRL,6/16/2026,663.0,663.0,628.3,630.0,-4.98,55529.0,950.0,485.0
HRL,6/17/2026,658.0,658.0,631.0,632.0,-3.95,49120.0,950.0,485.0
HRL,6/18/2026,632.0,635.4,629.5,630.2,-0.28,38234.0,950.0,485.0
HRL,6/19/2026,630.0,644.0,628.0,630.0,0.0,51618.0,950.0,485.0
HRL,6/22/2026,661.0,661.0,621.1,622.0,-5.9,63187.0,950.0,485.0
HRL,6/23/2026,623.0,623.0,604.1,607.0,-2.57,118257.0,950.0,485.0
HRL,6/24/2026,577.0,605.0,577.0,594.0,2.95,111805.0,950.0,485.0
HRL,6/26/2026,585.0,594.0,585.0,586.0,0.17,38211.0,950.0,485.0
HRL,6/29/2026,586.0,589.0,579.1,581.0,-0.85,56082.0,950.0,485.0
HRL,6/30/2026,610.0,610.0,570.0,571.0,-6.39,60645.0,950.0,485.0
HRL,7/1/2026,568.2,589.8,568.2,585.0,2.96,41670.0,950.0,485.0
HRL,7/2/2026,594.0,594.0,578.1,584.0,-1.68,32398.0,950.0,485.0
HRL,7/3/2026,570.0,592.9,570.0,583.0,2.28,27782.0,950.0,485.0
HRL,7/6/2026,578.1,589.0,575.0,578.5,0.07,29470.0,950.0,485.0
HRL,7/7/2026,575.0,582.0,570.0,579.0,0.7,50356.0,950.0,485.0
HRL,7/8/2026,585.0,585.0,565.0,569.5,-2.65,39826.0,950.0,485.0
HRL,7/9/2026,564.0,569.0,558.1,560.0,-0.71,48029.0,950.0,485.0
HRL,7/10/2026,561.1,570.3,559.0,561.0,-0.02,36765.0,950.0,485.0
HRL,7/13/2026,561.0,568.0,555.6,556.0,-0.89,45767.0,950.0,485.0
HRL,7/14/2026,555.0,564.0,545.0,554.0,-0.18,61911.0,950.0,485.0
HRL,7/15/2026,560.0,564.0,555.0,557.0,-0.54,33156.0,950.0,485.0
HRL,7/16/2026,584.8,584.8,552.0,553.0,-5.44,43458.0,950.0,485.0
HRL,7/17/2026,568.0,582.0,560.2,581.9,2.45,93740.0,950.0,485.0
HRL,7/20/2026,582.0,625.0,580.0,616.0,5.84,185510.0,950.0,485.0
HRL,7/21/2026,624.0,657.0,624.0,645.0,3.37,341552.0,950.0,485.0
HRL,7/22/2026,677.2,677.2,635.0,636.2,-6.05,151511.0,950.0,485.0
HRL,7/23/2026,636.2,645.0,625.1,641.0,0.75,90968.0,950.0,485.0
HRL,7/24/2026,641.0,644.8,629.0,629.0,-1.87,98378.0,950.0,485.0
HRL,7/27/2026,635.0,635.0,602.0,603.9,-4.9,168162.0,950.0,485.0
HRL,7/28/2026,601.0,605.0,595.1,596.0,-0.83,95625.0,950.0,485.0
HRL,7/29/2026,600.0,613.0,600.0,601.1,0.18,66078.0,950.0,485.0
HRL,7/30/2026,610.0,610.0,595.5,597.0,-2.13,42529.0,950.0,485.0
HRL,7/31/2026,597.0,604.0,590.0,603.0,1.01,69303.0,950.0,485.0
HRL,8/3/2026,605.0,609.9,595.0,595.0,-1.65,62706.0,950.0,485.0
HRL,8/4/2026,605.0,605.0,585.0,586.0,-3.14,50862.0,950.0,485.0
HRL,8/5/2026,615.0,615.0,577.0,588.0,-4.39,48792.0,950.0,485.0
HRL,8/6/2026,617.0,617.0,581.1,584.0,-5.35,37238.0,950.0,485.0
HRL,8/7/2026,604.3,604.3,580.0,583.0,-3.52,32994.0,950.0,485.0
HRL,8/10/2026,612.0,612.0,575.0,578.0,-5.56,31026.0,950.0,485.0
HRL,8/11/2026,583.0,587.0,578.0,579.0,-0.69,33470.0,950.0,485.0
HRL,8/12/2026,596.3,596.3,575.0,581.0,-2.57,32750.0,950.0,485.0
HRL,8/13/2026,581.1,588.0,578.0,583.0,0.33,37628.0,950.0,485.0
HRL,8/14/2026,590.0,590.0,578.3,579.0,-1.86,26117.0,950.0,485.0
HRL,8/17/2026,562.0,587.8,562.0,585.0,4.09,32184.0,950.0,485.0
HRL,8/18/2026,570.0,585.0,570.0,579.0,1.58,32717.0,950.0,485.0
HRL,8/19/2026,575.0,580.0,571.0,574.8,-0.03,28865.0,950.0,485.0
HRL,8/20/2026,560.0,574.7,560.0,570.0,1.79,32868.0,950.0,485.0
HRL,8/21/2026,570.0,574.9,565.0,565.0,-0.88,33333.0,950.0,485.0
HRL,8/24/2026,565.0,565.0,560.0,561.0,-0.71,41925.0,950.0,485.0
HRL,8/25/2026,561.0,566.0,557.0,559.4,-0.29,33395.0,950.0,485.0
HRL,8/26/2026,556.09,559.0,545.1,549.0,-1.27,82424.0,950.0,485.0
HRL,8/27/2026,535.0,555.0,530.0,537.4,0.45,72553.0,950.0,485.0
HRL,8/31/2026,537.4,537.4,506.0,515.0,-4.17,95707.0,950.0,485.0
HRL,9/1/2026,520.0,525.0,504.0,516.0,-0.77,55431.0,950.0,485.0
HRL,9/2/2026,490.2,519.4,490.2,519.0,5.88,38965.0,950.0,485.0
HRL,9/3/2026,515.0,524.0,515.0,519.9,0.95,41825.0,950.0,485.0
HRL,9/7/2026,520.0,521.9,514.0,516.0,-0.77,50365.0,950.0,485.0
HRL,9/9/2026,516.0,517.0,502.1,502.1,-2.69,49983.0,950.0,485.0
HRL,9/10/2026,487.1,503.0,487.1,499.9,2.63,62893.0,950.0,485.0
HRL,9/11/2026,485.0,507.0,485.0,503.9,3.9,52280.0,950.0,485.0
HRL,9/14/2026,505.0,521.0,500.0,516.9,2.36,47769.0,950.0,485.0
HRL,9/15/2026,542.0,542.0,525.0,530.0,-2.21,114291.0,950.0,485.0
HRL,9/16/2026,525.0,537.0,520.0,520.2,-0.91,59164.0,950.0,485.0
HRL,9/17/2026,520.0,536.0,516.7,519.0,-0.19,49239.0,950.0,485.0
HRL,9/18/2026,519.0,522.0,516.0,520.0,0.19,45942.0,950.0,485.0
HRL,9/22/2026,520.0,531.0,515.1,517.2,-0.54,57192.0,950.0,485.0
HRL,9/23/2026,517.0,518.0,505.0,506.0,-2.13,79602.0,950.0,485.0
HRL,9/24/2026,490.9,516.8,490.9,510.0,3.89,38302.0,950.0,485.0
HRL,9/28/2026,510.0,510.0,500.0,500.3,-1.9,54093.0,950.0,485.0
HRL,9/29/2026,503.0,510.0,499.1,0.0,-100.0,42181.0,950.0,485.0
HRL,9/30/2026,501.0,504.5,500.0,501.0,0.0,26463.0,950.0,485.0
HRL,10/1/2026,501.0,504.0,498.6,500.4,-0.12,61646.0,950.0,485.0
HRL,10/2/2026,475.4,504.8,475.4,499.0,4.96,60757.0,950.0,485.0
HURJA,5/22/2019,160.0,160.0,144.0,144.0,,8556.0,312.1,204.6
HURJA,5/23/2019,145.0,145.0,130.0,130.0,-9.72,3400.0,312.1,204.6
HURJA,5/26/2019,124.0,134.0,117.0,134.0,3.08,54300.0,312.1,204.6
HURJA,5/27/2019,132.0,132.0,123.0,131.0,-2.24,8888.0,312.1,204.6
HURJA,5/28/2019,131.0,133.0,128.0,133.0,1.53,11700.0,312.1,204.6
HURJA,5/29/2019,131.0,146.0,131.0,146.0,9.77,18950.0,312.1,204.6
HURJA,5/30/2019,148.0,160.0,148.0,160.0,9.59,16414.0,312.1,204.6
HURJA,6/2/2019,163.0,168.0,147.0,152.0,-5.0,36836.0,312.1,204.6
HURJA,6/3/2019,152.0,155.0,144.0,155.0,1.97,14610.0,312.1,204.6
HURJA,6/4/2019,156.0,157.0,149.0,149.0,-3.87,6100.0,312.1,204.6
HURJA,6/6/2019,151.0,154.0,148.0,149.0,0.0,3810.0,312.1,204.6
HURJA,6/10/2019,150.0,154.0,146.0,147.0,-1.34,9085.0,312.1,204.6
HURJA,6/11/2019,149.0,155.0,147.0,148.0,0.68,5020.0,312.1,204.6
HURJA,6/12/2019,147.0,155.0,144.0,148.0,0.0,3430.0,312.1,204.6
HURJA,6/13/2019,146.0,150.0,145.0,146.0,-1.35,4250.0,312.1,204.6
HURJA,6/16/2019,148.0,152.0,145.0,152.0,4.11,3470.0,312.1,204.6
HURJA,6/17/2019,149.0,152.0,143.0,148.0,-2.63,3990.0,312.1,204.6
HURJA,6/18/2019,146.0,146.0,142.0,146.0,-1.35,1190.0,312.1,204.6
HURJA,6/19/2019,144.0,153.0,144.0,144.0,-1.37,810.0,312.1,204.6
HURJA,6/20/2019,146.0,148.0,142.0,146.0,1.39,1580.0,312.1,204.6
HURJA,6/23/2019,148.0,148.0,143.0,143.0,-2.05,800.0,312.1,204.6
HURJA,6/24/2019,141.0,144.0,141.0,142.0,-0.7,1270.0,312.1,204.6
HURJA,6/25/2019,140.0,144.0,140.0,142.0,0.0,866.0,312.1,204.6
HURJA,6/26/2019,140.0,146.0,140.0,146.0,2.82,1950.0,312.1,204.6
HURJA,6/27/2019,144.0,148.0,143.0,144.0,-1.37,2020.0,312.1,204.6
HURJA,6/30/2019,142.0,145.0,142.0,142.0,-1.39,3730.0,312.1,204.6
HURJA,7/1/2019,141.0,144.0,139.0,141.0,-0.7,6390.0,312.1,204.6
HURJA,7/2/2019,139.0,143.0,139.0,141.0,0.0,721.0,312.1,204.6
HURJA,7/3/2019,139.0,142.0,139.0,140.0,-0.71,1100.0,312.1,204.6
HURJA,7/4/2019,140.0,142.0,139.0,140.0,0.0,1410.0,312.1,204.6
HURJA,7/7/2019,142.0,142.0,139.0,140.0,0.0,1340.0,312.1,204.6
HURJA,7/8/2019,142.0,150.0,139.0,140.0,0.0,1830.0,312.1,204.6
HURJA,7/9/2019,140.0,142.0,139.0,141.0,0.71,2186.0,312.1,204.6
HURJA,7/10/2019,140.0,142.0,139.0,140.0,-0.71,1615.0,312.1,204.6
HURJA,7/11/2019,140.0,140.0,139.0,139.0,-0.71,1720.0,312.1,204.6
HURJA,7/14/2019,140.0,140.0,138.0,139.0,0.0,1200.0,312.1,204.6
HURJA,7/15/2019,139.0,141.0,138.0,139.0,0.0,3030.0,312.1,204.6
HURJA,7/16/2019,139.0,142.0,139.0,139.0,0.0,1340.0,312.1,204.6
HURJA,7/17/2019,138.0,141.0,138.0,140.0,0.72,2630.0,312.1,204.6
HURJA,7/18/2019,140.0,143.0,140.0,142.0,1.43,680.0,312.1,204.6
HURJA,7/21/2019,144.0,145.0,144.0,145.0,2.11,40.0,312.1,204.6
HURJA,7/22/2019,143.0,143.0,139.0,143.0,-1.38,1450.0,312.1,204.6
HURJA,7/23/2019,141.0,141.0,138.0,139.0,-2.8,1230.0,312.1,204.6
HURJA,7/24/2019,140.0,142.0,138.0,138.0,-0.72,2060.0,312.1,204.6
HURJA,7/25/2019,138.0,140.0,138.0,138.0,0.0,1335.0,312.1,204.6
HURJA,7/28/2019,136.0,138.0,131.0,136.0,-1.45,11417.0,312.1,204.6
HURJA,7/29/2019,138.0,138.0,134.0,134.0,-1.47,3748.0,312.1,204.6
HURJA,7/30/2019,132.0,138.0,132.0,135.0,0.75,1610.0,312.1,204.6
HURJA,7/31/2019,133.0,138.0,133.0,136.0,0.74,990.0,312.1,204.6
HURJA,8/1/2019,136.0,142.0,136.0,140.0,2.94,830.0,312.1,204.6
HURJA,8/4/2019,140.0,140.0,134.0,136.0,-2.86,730.0,312.1,204.6
HURJA,8/5/2019,137.0,138.0,134.0,137.0,0.74,650.0,312.1,204.6
HURJA,8/6/2019,135.0,136.0,133.0,134.0,-2.19,690.0,312.1,204.6
HURJA,8/7/2019,132.0,136.0,131.0,131.0,-2.24,3450.0,312.1,204.6
HURJA,8/8/2019,130.0,134.0,130.0,133.0,1.53,1900.0,312.1,204.6
HURJA,8/11/2019,132.0,132.0,130.0,132.0,-0.75,1080.0,312.1,204.6
HURJA,8/12/2019,130.0,132.0,130.0,130.0,-1.52,1385.0,312.1,204.6
HURJA,8/13/2019,128.0,132.0,127.0,128.0,-1.54,1320.0,312.1,204.6
HURJA,8/14/2019,127.0,132.0,127.0,131.0,2.34,1030.0,312.1,204.6
HURJA,8/15/2019,129.0,130.0,128.0,129.0,-1.53,896.0,312.1,204.6
HURJA,8/18/2019,129.0,131.0,126.0,127.0,-1.55,760.0,312.1,204.6
HURJA,8/19/2019,125.0,130.0,125.0,128.0,0.79,1510.0,312.1,204.6
HURJA,8/20/2019,128.0,128.0,125.0,127.0,-0.78,720.0,312.1,204.6
HURJA,8/21/2019,125.0,128.0,123.0,126.0,-0.79,2420.0,312.1,204.6
HURJA,8/22/2019,124.0,126.0,124.0,125.0,-0.79,1470.0,312.1,204.6
HURJA,8/25/2019,123.0,123.0,121.0,123.0,-1.6,390.0,312.1,204.6
HURJA,8/26/2019,121.0,125.0,121.0,124.0,0.81,3150.0,312.1,204.6
HURJA,8/27/2019,122.0,126.0,122.0,124.0,0.0,640.0,312.1,204.6
HURJA,8/28/2019,124.0,125.0,122.0,122.0,-1.61,1440.0,312.1,204.6
HURJA,8/29/2019,120.0,123.0,120.0,123.0,0.82,950.0,312.1,204.6
HURJA,9/1/2019,121.0,121.0,117.0,119.0,-3.25,750.0,312.1,204.6
HURJA,9/2/2019,117.0,118.0,116.0,116.0,-2.52,700.0,312.1,204.6
HURJA,9/3/2019,114.0,118.0,114.0,116.0,0.0,730.0,312.1,204.6
HURJA,9/4/2019,114.0,121.0,114.0,119.0,2.59,640.0,312.1,204.6
HURJA,9/5/2019,120.0,125.0,118.0,119.0,0.0,820.0,312.1,204.6
HURJA,9/8/2019,117.0,117.0,113.0,114.0,-4.2,890.0,312.1,204.6
HURJA,9/9/2019,112.0,120.0,112.0,119.0,4.39,490.0,312.1,204.6
HURJA,9/10/2019,121.0,127.0,121.0,127.0,6.72,50.0,312.1,204.6
HURJA,9/11/2019,125.0,125.0,123.0,123.0,-3.15,20.0,312.1,204.6
HURJA,9/12/2019,121.0,121.0,112.0,115.0,-6.5,3310.0,312.1,204.6
HURJA,9/15/2019,113.0,113.0,107.0,108.0,-6.09,1840.0,312.1,204.6
HURJA,9/16/2019,106.0,109.0,105.0,105.0,-2.78,2030.0,312.1,204.6
HURJA,9/17/2019,106.0,112.0,106.0,112.0,6.67,986.0,312.1,204.6
HURJA,9/18/2019,112.0,112.0,108.0,112.0,0.0,840.0,312.1,204.6
HURJA,9/19/2019,110.0,114.0,110.0,112.0,0.0,360.0,312.1,204.6
HURJA,9/22/2019,108.0,112.0,106.0,112.0,0.0,240.0,312.1,204.6
HURJA,9/23/2019,112.0,114.0,109.0,109.0,-2.68,190.0,312.1,204.6
HURJA,9/24/2019,108.0,109.0,102.0,106.0,-2.75,1370.0,312.1,204.6
HURJA,9/25/2019,104.0,106.0,104.0,106.0,0.0,310.0,312.1,204.6
HURJA,9/26/2019,104.0,112.0,102.0,112.0,5.66,460.0,312.1,204.6
HURJA,9/29/2019,110.0,110.0,103.0,103.0,-8.04,310.0,312.1,204.6
HURJA,9/30/2019,102.0,109.0,102.0,104.0,0.97,850.0,312.1,204.6
HURJA,10/1/2019,105.0,108.0,105.0,107.0,2.88,460.0,312.1,204.6
HURJA,10/2/2019,106.0,106.0,106.0,106.0,-0.93,90.0,312.1,204.6
HURJA,10/10/2019,106.0,106.0,105.0,106.0,0.0,40.0,312.1,204.6
HURJA,10/14/2019,104.0,104.0,104.0,104.0,-1.89,140.0,312.1,204.6
HURJA,10/15/2019,104.0,105.0,104.0,105.0,0.96,670.0,312.1,204.6
HURJA,10/16/2019,104.0,107.0,104.0,107.0,1.9,80.0,312.1,204.6
HURJA,10/17/2019,107.0,107.0,105.0,105.0,-1.87,740.0,312.1,204.6
HURJA,10/21/2019,103.0,105.0,102.0,103.0,-1.9,270.0,312.1,204.6
HURJA,10/22/2019,105.0,105.0,103.0,103.0,0.0,690.0,312.1,204.6
HURJA,10/23/2019,103.0,103.0,101.0,102.0,-0.97,50.0,312.1,204.6
HURJA,10/24/2019,102.0,105.0,102.0,105.0,2.94,220.0,312.1,204.6
HURJA,10/31/2019,105.0,106.0,103.0,103.0,-1.9,920.0,312.1,204.6
HURJA,11/3/2019,101.0,102.0,101.0,102.0,-0.97,430.0,312.1,204.6
HURJA,11/4/2019,102.0,104.0,101.0,104.0,1.96,580.0,312.1,204.6
HURJA,11/5/2019,102.0,104.0,101.0,102.0,-1.92,490.0,312.1,204.6
HURJA,11/6/2019,101.0,103.0,101.0,103.0,0.98,190.0,312.1,204.6
HURJA,11/7/2019,101.0,102.0,100.0,101.0,-1.94,650.0,312.1,204.6
HURJA,11/10/2019,101.0,103.0,101.0,103.0,1.98,165.0,312.1,204.6
HURJA,11/11/2019,101.0,102.0,100.0,101.0,-1.94,240.0,312.1,204.6
HURJA,11/12/2019,101.0,103.0,99.0,102.0,0.99,1510.0,312.1,204.6
HURJA,11/13/2019,102.0,102.0,100.0,102.0,0.0,490.0,312.1,204.6
HURJA,11/14/2019,102.0,102.0,100.0,100.0,-1.96,1940.0,312.1,204.6
HURJA,11/17/2019,100.0,100.0,99.0,99.0,-1.0,260.0,312.1,204.6
HURJA,11/18/2019,99.0,101.0,99.0,100.0,1.01,410.0,312.1,204.6
HURJA,11/19/2019,99.0,99.0,98.0,99.0,-1.0,480.0,312.1,204.6
HURJA,11/20/2019,99.0,103.0,98.0,101.0,2.02,510.0,312.1,204.6
HURJA,11/21/2019,99.0,102.0,98.0,101.0,0.0,680.0,312.1,204.6
HURJA,11/24/2019,99.0,100.0,99.0,99.0,-1.98,260.0,312.1,204.6
HURJA,11/25/2019,100.0,99.0,100.0,99.0,0.0,470.0,312.1,204.6
HURJA,11/26/2019,100.0,100.0,97.0,98.0,-1.01,1490.0,312.1,204.6
HURJA,11/27/2019,99.0,99.0,98.0,99.0,1.02,110.0,312.1,204.6
HURJA,11/28/2019,98.0,99.0,96.0,99.0,0.0,1445.0,312.1,204.6
HURJA,12/1/2019,99.0,99.0,97.0,97.0,-2.02,830.0,312.1,204.6
HURJA,12/2/2019,98.0,98.0,97.0,97.0,0.0,2190.0,312.1,204.6
HURJA,12/3/2019,97.0,100.0,97.0,100.0,3.09,275.0,312.1,204.6
HURJA,12/4/2019,102.0,102.0,99.0,99.0,-1.0,320.0,312.1,204.6
HURJA,12/5/2019,99.0,100.0,99.0,100.0,1.01,260.0,312.1,204.6
HURJA,12/8/2019,98.0,98.0,97.0,97.0,-3.0,200.0,312.1,204.6
HURJA,12/9/2019,96.0,98.0,96.0,96.0,-1.03,820.0,312.1,204.6
HURJA,12/10/2019,97.0,100.0,97.0,100.0,4.17,490.0,312.1,204.6
HURJA,12/11/2019,100.0,104.0,100.0,102.0,2.0,1220.0,312.1,204.6
HURJA,12/12/2019,101.0,112.0,99.0,112.0,9.8,6510.0,312.1,204.6
HURJA,12/15/2019,114.0,114.0,107.0,107.0,-4.46,364.0,312.1,204.6
HURJA,12/16/2019,106.0,109.0,105.0,105.0,-1.87,580.0,312.1,204.6
HURJA,12/17/2019,104.0,105.0,102.0,102.0,-2.86,580.0,312.1,204.6
HURJA,12/18/2019,102.0,103.0,101.0,103.0,0.98,260.0,312.1,204.6
HURJA,12/19/2019,105.0,105.0,101.0,105.0,1.94,475.0,312.1,204.6
HURJA,12/22/2019,103.0,103.0,101.0,101.0,-3.81,200.0,312.1,204.6
HURJA,12/23/2019,100.0,104.0,100.0,102.0,0.99,410.0,312.1,204.6
HURJA,12/24/2019,103.0,106.0,100.0,104.0,1.96,1720.0,312.1,204.6
HURJA,12/25/2019,104.0,104.0,100.0,100.0,-3.85,945.0,312.1,204.6
HURJA,12/26/2019,101.0,104.0,101.0,102.0,2.0,510.0,312.1,204.6
HURJA,12/29/2019,102.0,102.0,100.0,102.0,0.0,330.0,312.1,204.6
HURJA,12/30/2019,101.0,102.0,101.0,101.0,-0.98,340.0,312.1,204.6
HURJA,12/31/2019,101.0,104.0,100.0,104.0,2.97,6694.0,312.1,204.6
HURJA,1/1/2020,102.0,103.0,101.0,102.0,-1.92,320.0,312.1,204.6
HURJA,1/2/2020,101.0,104.0,101.0,101.0,-0.98,340.0,312.1,204.6
HURJA,1/5/2020,100.0,107.0,100.0,107.0,5.94,700.0,312.1,204.6
HURJA,1/6/2020,105.0,109.0,103.0,103.0,-3.74,1620.0,312.1,204.6
HURJA,1/7/2020,101.0,106.0,101.0,104.0,0.97,1385.0,312.1,204.6
HURJA,1/8/2020,102.0,104.0,102.0,104.0,0.0,470.0,312.1,204.6
HURJA,1/9/2020,104.0,106.0,103.0,104.0,0.0,1120.0,312.1,204.6
HURJA,1/12/2020,102.0,108.0,102.0,108.0,3.85,2521.0,312.1,204.6
HURJA,1/13/2020,106.0,118.0,102.0,112.0,3.7,3180.0,312.1,204.6
HURJA,1/14/2020,110.0,110.0,108.0,108.0,-3.57,2690.0,312.1,204.6
HURJA,1/15/2020,108.0,116.0,106.0,113.0,4.63,3405.0,312.1,204.6
HURJA,1/16/2020,114.0,118.0,112.0,116.0,2.65,3390.0,312.1,204.6
HURJA,1/19/2020,118.0,120.0,114.0,120.0,3.45,2260.0,312.1,204.6
HURJA,1/20/2020,118.0,118.0,110.0,110.0,-8.33,4320.0,312.1,204.6
HURJA,1/21/2020,108.0,112.0,103.0,112.0,1.82,8640.0,312.1,204.6
HURJA,1/22/2020,114.0,114.0,110.0,112.0,0.0,2090.0,312.1,204.6
HURJA,1/23/2020,110.0,110.0,104.0,106.0,-5.36,626.0,312.1,204.6
HURJA,1/26/2020,104.0,109.0,104.0,109.0,2.83,2600.0,312.1,204.6
HURJA,1/27/2020,107.0,111.0,105.0,108.0,-0.92,891.0,312.1,204.6
HURJA,1/28/2020,106.0,110.0,106.0,110.0,1.85,600.0,312.1,204.6
HURJA,1/29/2020,110.0,112.0,106.0,112.0,1.82,1160.0,312.1,204.6
HURJA,1/30/2020,110.0,110.0,104.0,106.0,-5.36,6300.0,312.1,204.6
HURJA,2/2/2020,106.0,110.0,106.0,110.0,3.77,1760.0,312.1,204.6
HURJA,2/3/2020,108.0,114.0,107.0,110.0,0.0,1834.0,312.1,204.6
HURJA,2/4/2020,108.0,110.0,107.0,107.0,-2.73,2856.0,312.1,204.6
HURJA,2/5/2020,105.0,109.0,105.0,107.0,0.0,830.0,312.1,204.6
HURJA,2/6/2020,109.0,109.0,105.0,106.0,-0.93,460.0,312.1,204.6
HURJA,2/9/2020,106.0,106.0,104.0,105.0,-0.94,330.0,312.1,204.6
HURJA,2/10/2020,105.0,110.0,104.0,107.0,1.9,1640.0,312.1,204.6
HURJA,2/11/2020,105.0,111.0,105.0,110.0,2.8,2795.0,312.1,204.6
HURJA,2/12/2020,110.0,110.0,106.0,107.0,-2.73,630.0,312.1,204.6
HURJA,2/13/2020,106.0,107.0,104.0,105.0,-1.87,2758.0,312.1,204.6
HURJA,2/16/2020,103.0,109.0,103.0,109.0,3.81,1030.0,312.1,204.6
HURJA,2/17/2020,109.0,112.0,107.0,112.0,2.75,4830.0,312.1,204.6
HURJA,2/18/2020,110.0,110.0,108.0,108.0,-3.57,1550.0,312.1,204.6
HURJA,2/19/2020,106.0,110.0,106.0,110.0,1.85,1210.0,312.1,204.6
HURJA,2/20/2020,110.0,110.0,108.0,109.0,-0.91,750.0,312.1,204.6
HURJA,2/23/2020,109.0,113.0,109.0,111.0,1.83,1875.0,312.1,204.6
HURJA,2/24/2020,111.0,113.0,108.0,108.0,-2.7,3030.0,312.1,204.6
HURJA,2/25/2020,108.0,117.0,106.0,115.0,6.48,3580.0,312.1,204.6
HURJA,2/26/2020,113.0,116.0,111.0,113.0,-1.74,718.0,312.1,204.6
HURJA,2/27/2020,111.0,113.0,109.0,110.0,-2.65,2660.0,312.1,204.6
HURJA,3/1/2020,110.0,111.0,108.0,111.0,0.91,1730.0,312.1,204.6
HURJA,3/2/2020,109.0,109.0,107.0,108.0,-2.7,1210.0,312.1,204.6
HURJA,3/3/2020,106.0,110.0,106.0,109.0,0.93,1907.0,312.1,204.6
HURJA,3/4/2020,107.0,107.0,102.0,102.0,-6.42,2499.0,312.1,204.6
HURJA,3/5/2020,101.0,108.0,100.0,108.0,5.88,2280.0,312.1,204.6
HURJA,3/10/2020,106.0,106.0,104.0,104.0,-3.7,1010.0,312.1,204.6
HURJA,3/11/2020,106.0,106.0,102.0,103.0,-0.96,1500.0,312.1,204.6
HURJA,3/12/2020,101.0,102.0,100.0,101.0,-1.94,2060.0,312.1,204.6
HURJA,3/15/2020,100.0,102.0,99.0,99.0,-1.98,3290.0,312.1,204.6
HURJA,3/16/2020,99.0,100.0,96.0,99.0,0.0,2435.0,312.1,204.6
HURJA,3/17/2020,98.0,98.0,96.0,96.0,-3.03,1930.0,312.1,204.6
HURJA,3/18/2020,95.0,96.0,94.0,95.0,-1.04,960.0,312.1,204.6
HURJA,3/19/2020,94.0,95.0,93.0,94.0,-1.05,6310.0,312.1,204.6
HURJA,6/29/2020,93.0,93.0,93.0,93.0,-1.06,80.0,312.1,204.6
HURJA,6/30/2020,93.0,93.0,93.0,93.0,0.0,40.0,312.1,204.6
HURJA,7/1/2020,94.0,94.0,94.0,94.0,1.08,20.0,312.1,204.6
HURJA,7/5/2020,93.0,94.0,90.0,90.0,-4.26,260.0,312.1,204.6
HURJA,7/6/2020,89.0,89.0,85.0,87.0,-3.33,990.0,312.1,204.6
HURJA,7/7/2020,88.0,88.0,87.0,88.0,1.15,280.0,312.1,204.6
HURJA,7/8/2020,88.0,90.0,88.0,89.0,1.14,841.0,312.1,204.6
HURJA,7/9/2020,88.0,92.0,88.0,91.0,2.25,370.0,312.1,204.6
HURJA,7/12/2020,90.0,92.0,90.0,91.0,0.0,610.0,312.1,204.6
HURJA,7/13/2020,90.0,91.0,88.0,91.0,0.0,1415.0,312.1,204.6
HURJA,7/14/2020,90.0,91.0,89.0,90.0,-1.1,1210.0,312.1,204.6
HURJA,7/15/2020,89.0,89.0,86.0,87.0,-3.33,620.0,312.1,204.6
HURJA,7/16/2020,87.0,90.0,87.0,90.0,3.45,5540.0,312.1,204.6
HURJA,7/20/2020,91.0,99.0,91.0,98.0,8.89,2820.0,312.1,204.6
HURJA,7/21/2020,102.0,102.0,92.0,99.0,1.02,1470.0,312.1,204.6
HURJA,7/22/2020,98.0,98.0,98.0,98.0,-1.01,320.0,312.1,204.6
HURJA,7/23/2020,97.0,97.0,93.0,93.0,-5.1,2250.0,312.1,204.6
HURJA,7/26/2020,92.0,93.0,91.0,91.0,-2.15,7410.0,312.1,204.6
HURJA,7/27/2020,90.0,94.0,88.0,92.0,1.1,1050.0,312.1,204.6
HURJA,7/28/2020,91.0,92.0,90.0,92.0,0.0,1920.0,312.1,204.6
HURJA,7/29/2020,91.0,93.0,91.0,93.0,1.09,520.0,312.1,204.6
HURJA,7/30/2020,93.0,99.0,100.0,102.0,9.68,1600.0,312.1,204.6
HURJA,8/2/2020,100.0,100.0,92.0,94.0,-7.84,1485.0,312.1,204.6
HURJA,8/3/2020,93.0,99.0,93.0,96.0,2.13,700.0,312.1,204.6
HURJA,8/5/2020,95.0,95.0,91.0,92.0,-4.17,950.0,312.1,204.6
HURJA,8/6/2020,92.0,96.0,92.0,94.0,2.17,2991.0,312.1,204.6
HURJA,8/9/2020,93.0,95.0,93.0,93.0,-1.06,1000.0,312.1,204.6
HURJA,8/10/2020,92.0,95.0,92.0,94.0,1.08,1600.0,312.1,204.6
HURJA,8/11/2020,93.0,94.0,93.0,94.0,0.0,670.0,312.1,204.6
HURJA,8/12/2020,93.0,94.0,93.0,93.0,-1.06,600.0,312.1,204.6
HURJA,8/13/2020,92.0,94.0,92.0,93.0,0.0,630.0,312.1,204.6
HURJA,8/16/2020,92.0,92.0,90.0,90.0,-3.23,1090.0,312.1,204.6
HURJA,8/17/2020,90.0,91.0,88.0,90.0,0.0,2580.0,312.1,204.6
HURJA,8/18/2020,89.0,92.0,89.0,91.0,1.11,2940.0,312.1,204.6
HURJA,8/19/2020,90.0,91.0,89.0,90.0,-1.1,515.0,312.1,204.6
HURJA,8/20/2020,90.0,91.0,89.0,91.0,1.11,1330.0,312.1,204.6
HURJA,8/23/2020,91.0,92.0,90.0,91.0,0.0,650.0,312.1,204.6
HURJA,8/24/2020,91.0,93.0,90.0,90.0,-1.1,980.0,312.1,204.6
HURJA,8/25/2020,89.0,98.0,89.0,94.0,4.44,1770.0,312.1,204.6
HURJA,8/26/2020,94.0,95.0,91.0,95.0,1.06,1060.0,312.1,204.6
HURJA,8/27/2020,95.0,95.0,92.0,93.0,-2.11,976.0,312.1,204.6
HURJA,8/30/2020,92.0,94.0,91.0,94.0,1.08,1820.0,312.1,204.6
HURJA,8/31/2020,93.0,100.0,93.0,98.0,4.26,2040.0,312.1,204.6
HURJA,9/2/2020,98.0,107.0,98.0,107.0,9.18,8295.0,312.1,204.6
HURJA,9/3/2020,109.0,112.0,102.0,103.0,-3.74,9050.0,312.1,204.6
HURJA,9/6/2020,103.0,105.0,101.0,103.0,0.0,6340.0,312.1,204.6
HURJA,9/7/2020,101.0,109.0,100.0,100.0,-2.91,5380.0,312.1,204.6
HURJA,9/8/2020,101.0,106.0,99.0,103.0,3.0,1800.0,312.1,204.6
HURJA,9/9/2020,101.0,107.0,99.0,107.0,3.88,3100.0,312.1,204.6
HURJA,9/10/2020,105.0,106.0,103.0,105.0,-1.87,2260.0,312.1,204.6
HURJA,9/13/2020,104.0,115.0,100.0,108.0,2.86,6420.0,312.1,204.6
HURJA,9/14/2020,106.0,118.0,106.0,115.0,6.48,14940.0,312.1,204.6
HURJA,9/15/2020,120.0,126.0,116.0,119.0,3.48,11350.0,312.1,204.6
HURJA,9/16/2020,117.0,130.0,114.0,129.0,8.4,22585.0,312.1,204.6
HURJA,9/17/2020,135.0,141.0,129.0,141.0,9.3,26543.0,312.1,204.6
HURJA,9/20/2020,140.0,141.0,127.0,127.0,-9.93,6765.0,312.1,204.6
HURJA,9/21/2020,125.0,127.0,116.0,121.0,-4.72,15160.0,312.1,204.6
HURJA,9/22/2020,123.0,123.0,115.0,121.0,0.0,9270.0,312.1,204.6
HURJA,9/23/2020,119.0,125.0,116.0,121.0,0.0,6741.0,312.1,204.6
HURJA,9/24/2020,119.0,133.0,119.0,129.0,6.61,20040.0,312.1,204.6
HURJA,9/27/2020,130.0,141.0,129.0,140.0,8.53,50037.0,312.1,204.6
HURJA,9/28/2020,140.0,142.0,134.0,141.0,0.71,16265.0,312.1,204.6
HURJA,9/29/2020,139.0,155.0,137.0,155.0,9.93,36438.0,312.1,204.6
HURJA,9/30/2020,152.0,161.0,149.0,157.0,1.29,24486.0,312.1,204.6
HURJA,10/1/2020,154.0,161.0,147.0,147.0,-6.37,23647.0,312.1,204.6
HURJA,10/4/2020,145.0,147.0,138.0,143.0,-2.72,8777.0,312.1,204.6
HURJA,10/5/2020,141.0,153.0,141.0,147.0,2.8,8680.0,312.1,204.6
HURJA,10/6/2020,145.0,161.0,143.0,159.0,8.16,25345.0,312.1,204.6
HURJA,10/7/2020,157.0,174.0,157.0,174.0,9.43,69180.0,312.1,204.6
HURJA,10/8/2020,174.0,174.0,160.0,165.0,-5.17,32600.0,312.1,204.6
HURJA,10/11/2020,162.0,168.0,153.0,162.0,-1.82,20245.0,312.1,204.6
HURJA,10/12/2020,160.0,167.0,159.0,162.0,0.0,10500.0,312.1,204.6
HURJA,10/13/2020,162.0,168.0,158.0,159.0,-1.85,16130.0,312.1,204.6
HURJA,10/14/2020,159.0,159.0,155.0,155.0,-2.52,5905.0,312.1,204.6
HURJA,10/15/2020,155.0,157.0,154.0,154.0,-0.65,7590.0,312.1,204.6
HURJA,10/18/2020,152.0,157.0,148.0,157.0,1.95,7030.0,312.1,204.6
HURJA,10/19/2020,155.0,165.0,155.0,165.0,5.1,3620.0,312.1,204.6
HURJA,10/20/2020,167.0,180.0,164.0,171.0,3.64,23121.0,312.1,204.6
HURJA,10/21/2020,172.0,179.0,169.0,171.0,0.0,30620.0,312.1,204.6
HURJA,10/22/2020,168.0,178.0,168.0,175.0,2.34,19070.0,312.1,204.6
HURJA,10/28/2020,172.0,178.0,169.0,172.0,-1.71,7370.0,312.1,204.6
HURJA,10/29/2020,170.0,181.0,170.0,180.0,4.65,13936.0,312.1,204.6
HURJA,11/1/2020,180.0,198.0,180.0,198.0,10.0,29522.0,312.1,204.6
HURJA,11/2/2020,200.0,212.0,193.0,196.0,-1.01,27601.0,312.1,204.6
HURJA,11/3/2020,195.0,202.0,194.0,195.0,-0.51,29725.0,312.1,204.6
HURJA,11/4/2020,196.0,208.0,195.0,198.0,1.54,11491.0,312.1,204.6
HURJA,11/5/2020,200.0,213.0,200.0,207.0,4.55,39474.0,312.1,204.6
HURJA,11/8/2020,206.0,220.0,203.0,214.0,3.38,25412.0,312.1,204.6
HURJA,11/9/2020,218.0,218.0,202.0,211.0,-1.4,13912.0,312.1,204.6
HURJA,11/10/2020,207.0,214.0,201.0,209.0,-0.95,12245.0,312.1,204.6
HURJA,11/11/2020,205.0,213.0,201.0,206.0,-1.44,16360.0,312.1,204.6
HURJA,11/12/2020,204.0,206.0,201.0,203.0,-1.46,9893.0,312.1,204.6
HURJA,11/18/2020,199.0,200.0,194.0,197.0,-2.96,5949.0,312.1,204.6
HURJA,11/19/2020,194.0,212.0,194.0,203.0,3.05,10930.0,312.1,204.6
HURJA,11/22/2020,199.0,201.0,195.0,199.0,-1.97,5950.0,312.1,204.6
HURJA,11/23/2020,196.0,200.0,196.0,196.0,-1.51,2065.0,312.1,204.6
HURJA,11/24/2020,190.0,203.0,190.0,197.0,0.51,10335.0,312.1,204.6
HURJA,11/25/2020,200.0,201.0,194.0,194.0,-1.52,6620.0,312.1,204.6
HURJA,11/26/2020,191.0,213.0,191.0,213.0,9.79,40120.0,312.1,204.6
HURJA,11/29/2020,217.0,234.0,217.0,229.0,7.51,25314.0,312.1,204.6
HURJA,11/30/2020,225.0,239.0,221.0,228.0,-0.44,32208.0,312.1,204.6
HURJA,12/1/2020,224.0,228.0,220.0,222.0,-2.63,5940.0,312.1,204.6
HURJA,12/2/2020,222.0,234.0,220.0,220.0,-0.9,9930.0,312.1,204.6
HURJA,12/3/2020,220.0,226.0,215.0,215.0,-2.27,22450.0,312.1,204.6
HURJA,12/6/2020,211.0,213.0,198.0,202.0,-6.05,17702.0,312.1,204.6
HURJA,12/7/2020,202.0,212.0,198.0,212.0,4.95,11982.0,312.1,204.6
HURJA,12/8/2020,210.0,221.0,205.0,220.0,3.77,9710.0,312.1,204.6
HURJA,12/9/2020,216.0,220.0,209.0,209.0,-5.0,2240.0,312.1,204.6
HURJA,12/10/2020,205.0,213.0,205.0,207.0,-0.96,3120.0,312.1,204.6
HURJA,12/13/2020,205.0,211.0,199.0,211.0,1.93,7928.0,312.1,204.6
HURJA,12/14/2020,214.0,214.0,203.0,206.0,-2.37,2820.0,312.1,204.6
HURJA,12/15/2020,204.0,208.0,204.0,207.0,0.49,1775.0,312.1,204.6
HURJA,12/16/2020,204.0,214.0,202.0,210.0,1.45,10130.0,312.1,204.6
HURJA,12/17/2020,206.0,216.0,204.0,206.0,-1.9,6550.0,312.1,204.6
HURJA,12/20/2020,202.0,202.0,190.0,191.0,-7.28,6275.0,312.1,204.6
HURJA,12/21/2020,188.0,198.0,182.0,195.0,2.09,4750.0,312.1,204.6
HURJA,12/22/2020,195.0,201.0,195.0,197.0,1.03,3530.0,312.1,204.6
HURJA,12/23/2020,196.0,198.0,193.0,195.0,-1.02,3050.0,312.1,204.6
HURJA,12/24/2020,192.0,194.0,189.0,193.0,-1.03,2440.0,312.1,204.6
HURJA,12/27/2020,190.0,193.0,188.0,190.0,-1.55,3514.0,312.1,204.6
HURJA,12/28/2020,187.0,193.0,185.0,190.0,0.0,2380.0,312.1,204.6
HURJA,12/29/2020,188.0,193.0,188.0,188.0,-1.05,1480.0,312.1,204.6
HURJA,12/30/2020,186.0,191.0,186.0,188.0,0.0,1770.0,312.1,204.6
HURJA,12/31/2020,187.0,192.0,187.0,192.0,2.13,1835.0,312.1,204.6
HURJA,1/3/2021,189.0,201.0,189.0,195.0,1.56,3070.0,312.1,204.6
HURJA,1/4/2021,192.0,198.0,191.0,191.0,-2.05,970.0,312.1,204.6
HURJA,1/5/2021,190.0,204.0,189.0,198.0,3.66,3310.0,312.1,204.6
HURJA,1/6/2021,198.0,210.0,196.0,196.0,-1.01,3985.0,312.1,204.6
HURJA,1/7/2021,193.0,198.0,193.0,196.0,0.0,6040.0,312.1,204.6
HURJA,1/10/2021,196.0,196.0,193.0,195.0,-0.51,2830.0,312.1,204.6
HURJA,1/11/2021,195.0,205.0,192.0,195.0,0.0,1570.0,312.1,204.6
HURJA,1/12/2021,192.0,199.0,192.0,199.0,2.05,2255.0,312.1,204.6
HURJA,1/13/2021,200.0,204.0,195.0,200.0,0.5,4215.0,312.1,204.6
HURJA,1/17/2021,198.0,200.0,196.0,197.0,-1.5,1460.0,312.1,204.6
HURJA,1/18/2021,197.0,198.0,194.0,196.0,-0.51,3140.0,312.1,204.6
HURJA,1/19/2021,193.0,200.0,193.0,200.0,2.04,5830.0,312.1,204.6
HURJA,1/20/2021,198.0,202.0,196.0,200.0,0.0,23780.0,312.1,204.6
HURJA,1/21/2021,204.0,220.0,204.0,219.0,9.5,32766.0,312.1,204.6
HURJA,1/24/2021,222.0,230.0,214.0,218.0,-0.46,10052.0,312.1,204.6
HURJA,1/25/2021,215.0,218.0,212.0,213.0,-2.29,5365.0,312.1,204.6
HURJA,1/26/2021,209.0,217.0,207.0,208.0,-2.35,4710.0,312.1,204.6
HURJA,1/27/2021,208.0,208.0,202.0,207.0,-0.48,3360.0,312.1,204.6
HURJA,1/28/2021,207.0,211.0,203.0,206.0,-0.48,4850.0,312.1,204.6
HURJA,1/31/2021,202.0,214.0,202.0,205.0,-0.49,2905.0,312.1,204.6
HURJA,2/1/2021,205.0,215.0,199.0,205.0,0.0,11180.0,312.1,204.6
HURJA,2/2/2021,205.0,210.0,202.0,205.0,0.0,9498.0,312.1,204.6
HURJA,2/3/2021,206.0,215.0,206.0,212.0,3.41,8100.0,312.1,204.6
HURJA,2/4/2021,208.0,218.0,204.0,216.0,1.89,5860.0,312.1,204.6
HURJA,2/7/2021,216.0,236.0,215.0,236.0,9.26,97483.0,312.1,204.6
HURJA,2/8/2021,239.0,241.0,220.0,220.0,-6.78,27250.0,312.1,204.6
HURJA,2/9/2021,220.0,228.0,219.0,223.0,1.36,12865.0,312.1,204.6
HURJA,2/10/2021,220.0,234.0,220.0,231.0,3.59,24239.0,312.1,204.6
HURJA,2/11/2021,234.0,245.0,229.0,229.0,-0.87,75212.0,312.1,204.6
HURJA,2/14/2021,218.0,251.0,218.0,245.0,6.99,38181.0,312.1,204.6
HURJA,2/15/2021,243.0,269.0,243.0,269.0,9.8,30609.0,312.1,204.6
HURJA,2/16/2021,274.0,295.0,274.0,295.0,9.67,69857.0,312.1,204.6
HURJA,2/17/2021,285.0,324.0,285.0,324.0,9.83,56703.0,312.1,204.6
HURJA,2/18/2021,340.0,340.0,298.0,312.0,-3.7,30468.0,312.1,204.6
HURJA,2/21/2021,315.0,342.0,298.0,332.0,6.41,39700.0,312.1,204.6
HURJA,2/22/2021,348.0,348.0,309.0,323.0,-2.71,30129.0,312.1,204.6
HURJA,2/23/2021,320.0,328.0,300.0,319.0,-1.24,30995.0,312.1,204.6
HURJA,2/24/2021,320.0,325.0,310.0,316.0,-0.94,5672.0,312.1,204.6
HURJA,2/25/2021,331.0,331.0,302.0,309.0,-2.22,12069.0,312.1,204.6
HURJA,2/28/2021,303.0,303.0,294.0,298.0,-3.56,7832.0,312.1,204.6
HURJA,3/1/2021,293.0,308.0,288.0,303.0,1.68,9351.0,312.1,204.6
HURJA,3/2/2021,302.0,307.0,285.0,290.0,-4.29,10390.0,312.1,204.6
HURJA,3/3/2021,286.0,307.0,284.0,301.0,3.79,7640.0,312.1,204.6
HURJA,3/4/2021,306.0,320.0,300.0,310.0,2.99,13390.0,312.1,204.6
HURJA,3/7/2021,312.0,334.0,312.0,321.0,3.55,24695.0,312.1,204.6
HURJA,3/9/2021,327.0,353.0,320.0,353.0,9.97,67289.0,312.1,204.6
HURJA,3/10/2021,360.0,374.0,331.0,352.0,-0.28,34276.0,312.1,204.6
HURJA,3/14/2021,345.0,364.0,323.0,348.0,-1.14,30845.0,312.1,204.6
HURJA,3/15/2021,348.0,354.0,332.0,338.0,-2.87,10305.0,312.1,204.6
HURJA,3/16/2021,338.0,349.0,332.0,337.0,-0.3,11680.0,312.1,204.6
HURJA,3/17/2021,340.0,348.0,331.0,332.0,-1.48,14563.0,312.1,204.6
HURJA,3/18/2021,338.0,352.0,326.0,340.0,2.41,28535.0,312.1,204.6
HURJA,3/21/2021,335.0,340.0,323.0,327.0,-3.82,9203.0,312.1,204.6
HURJA,3/22/2021,327.0,351.0,315.0,338.0,3.36,17538.0,312.1,204.6
HURJA,3/23/2021,335.0,348.0,327.0,345.0,2.07,22830.0,312.1,204.6
HURJA,3/24/2021,348.0,352.0,338.0,345.0,0.0,35482.0,312.1,204.6
HURJA,3/25/2021,340.0,341.0,330.0,330.0,-4.35,21910.0,312.1,204.6
HURJA,3/29/2021,330.0,349.0,330.0,348.0,5.45,26072.0,312.1,204.6
HURJA,3/30/2021,350.0,351.0,338.0,347.0,-0.29,17315.0,312.1,204.6
HURJA,3/31/2021,342.0,347.0,336.0,338.0,-2.59,22301.0,312.1,204.6
HURJA,4/1/2021,336.0,344.0,331.0,334.0,-1.18,17855.0,312.1,204.6
HURJA,4/4/2021,338.0,340.0,328.0,338.0,1.2,10499.0,312.1,204.6
HURJA,4/5/2021,332.0,350.0,330.0,336.0,-0.59,14470.0,312.1,204.6
HURJA,4/6/2021,340.0,346.0,332.0,339.0,0.89,11986.0,312.1,204.6
HURJA,4/7/2021,342.0,345.0,335.0,337.0,-0.59,19755.0,312.1,204.6
HURJA,4/8/2021,335.0,340.0,331.0,333.0,-1.19,8645.0,312.1,204.6
HURJA,4/12/2021,339.0,339.0,327.0,330.0,-0.9,7066.0,312.1,204.6
HURJA,4/13/2021,330.0,336.0,326.0,330.0,0.0,8644.0,312.1,204.6
HURJA,4/15/2021,336.0,337.0,327.0,333.0,0.91,17122.0,312.1,204.6
HURJA,4/18/2021,333.0,351.0,330.0,338.0,1.5,46847.0,312.1,204.6
HURJA,4/19/2021,338.0,344.0,333.0,335.0,-0.89,13110.0,312.1,204.6
HURJA,4/20/2021,329.0,368.0,329.0,368.0,9.85,104322.0,312.1,204.6
HURJA,4/21/2021,368.0,396.0,361.0,378.0,2.72,73395.0,312.1,204.6
HURJA,4/22/2021,371.0,385.0,364.0,365.0,-3.44,27048.0,312.1,204.6
HURJA,4/25/2021,361.0,368.0,348.0,358.0,-1.92,55055.0,312.1,204.6
HURJA,4/26/2021,351.0,356.0,345.0,345.0,-3.63,17621.0,312.1,204.6
HURJA,4/27/2021,345.0,379.0,344.0,374.0,8.41,83713.0,312.1,204.6
HURJA,4/28/2021,374.0,411.0,353.0,390.0,4.28,94465.0,312.1,204.6
HURJA,4/29/2021,390.0,391.0,373.0,389.0,-0.26,34668.0,312.1,204.6
HURJA,5/2/2021,390.0,406.0,376.0,391.0,0.51,113349.0,312.1,204.6
HURJA,5/3/2021,397.0,397.0,376.0,377.0,-3.58,41021.0,312.1,204.6
HURJA,5/4/2021,384.0,384.0,369.0,377.0,0.0,35036.0,312.1,204.6
HURJA,5/5/2021,384.0,384.0,370.0,379.0,0.53,30816.0,312.1,204.6
HURJA,5/6/2021,386.0,386.0,367.0,368.0,-2.9,29390.0,312.1,204.6
HURJA,5/9/2021,368.0,374.0,363.0,363.0,-1.36,9263.0,312.1,204.6
HURJA,5/10/2021,363.0,367.0,357.0,363.0,0.0,12752.0,312.1,204.6
HURJA,5/11/2021,370.0,383.0,365.0,373.0,2.75,20075.0,312.1,204.6
HURJA,5/12/2021,380.0,383.0,366.0,377.0,1.07,48098.0,312.1,204.6
HURJA,5/13/2021,370.0,391.0,370.0,391.0,3.71,55759.0,312.1,204.6
HURJA,5/16/2021,410.0,410.0,379.0,387.0,-1.02,68541.0,312.1,204.6
HURJA,5/17/2021,406.0,406.0,384.0,399.0,3.1,66019.0,312.1,204.6
HURJA,5/18/2021,406.0,414.0,397.0,410.0,2.76,49930.0,312.1,204.6
HURJA,5/19/2021,416.0,416.0,390.0,396.0,-3.41,37250.0,312.1,204.6
HURJA,5/20/2021,389.0,395.0,381.0,387.0,-2.27,23921.0,312.1,204.6
HURJA,5/23/2021,380.0,406.0,380.0,386.0,-0.26,44601.0,312.1,204.6
HURJA,5/24/2021,393.0,400.0,387.0,390.0,1.04,31358.0,312.1,204.6
HURJA,5/25/2021,390.0,399.0,385.0,398.0,2.05,46619.0,312.1,204.6
HURJA,5/27/2021,417.0,437.0,390.0,431.0,8.29,134644.0,312.1,204.6
HURJA,5/30/2021,431.0,444.0,404.0,404.0,-6.26,52810.0,312.1,204.6
HURJA,5/31/2021,406.0,410.0,376.0,378.0,-6.44,66369.0,312.1,204.6
HURJA,6/1/2021,378.0,389.0,366.0,375.0,-0.79,23340.0,312.1,204.6
HURJA,6/2/2021,380.0,408.0,369.0,398.0,6.13,25540.0,312.1,204.6
HURJA,6/3/2021,417.0,417.0,386.0,386.0,-3.02,23079.0,312.1,204.6
HURJA,6/6/2021,379.0,381.0,365.0,371.0,-3.89,23194.0,312.1,204.6
HURJA,6/7/2021,375.0,400.0,375.0,387.0,4.31,26796.0,312.1,204.6
HURJA,6/8/2021,387.0,398.0,383.0,387.0,0.0,36707.0,312.1,204.6
HURJA,6/9/2021,388.0,403.0,376.0,386.0,-0.26,20672.0,312.1,204.6
HURJA,6/10/2021,386.0,415.0,382.0,400.0,3.63,52799.0,312.1,204.6
HURJA,6/13/2021,405.0,426.0,390.0,422.0,5.5,108768.0,312.1,204.6
HURJA,6/14/2021,443.0,443.0,399.0,411.0,-2.61,64520.0,312.1,204.6
HURJA,6/15/2021,410.0,413.0,390.0,391.0,-4.87,41255.0,312.1,204.6
HURJA,6/16/2021,372.0,387.0,352.0,359.0,-8.18,38891.0,312.1,204.6
HURJA,6/17/2021,352.0,375.0,343.0,369.0,2.79,22804.0,312.1,204.6
HURJA,6/20/2021,370.0,373.0,341.0,352.0,-4.61,21093.0,312.1,204.6
HURJA,6/21/2021,352.0,352.0,325.0,325.0,-7.67,19410.0,312.1,204.6
HURJA,6/22/2021,325.0,357.0,319.0,357.0,9.85,24012.0,312.1,204.6
HURJA,6/23/2021,365.0,375.0,339.0,350.0,-1.96,15984.0,312.1,204.6
HURJA,6/24/2021,344.0,367.0,344.0,352.0,0.57,11466.0,312.1,204.6
HURJA,6/27/2021,351.0,372.0,345.0,358.0,1.7,7981.0,312.1,204.6
HURJA,6/28/2021,351.0,357.0,350.0,352.0,-1.68,10925.0,312.1,204.6
HURJA,6/29/2021,359.0,359.0,343.0,346.0,-1.7,5280.0,312.1,204.6
HURJA,6/30/2021,340.0,341.0,334.0,338.0,-2.31,5808.0,312.1,204.6
HURJA,7/1/2021,343.0,362.0,338.0,342.0,1.18,6218.0,312.1,204.6
HURJA,7/4/2021,336.0,350.0,336.0,344.0,0.58,5787.0,312.1,204.6
HURJA,7/5/2021,341.0,350.0,339.0,341.0,-0.87,7696.0,312.1,204.6
HURJA,7/6/2021,340.0,345.0,336.0,342.0,0.29,9495.0,312.1,204.6
HURJA,7/7/2021,342.0,345.0,334.0,335.0,-2.05,2223.0,312.1,204.6
HURJA,7/8/2021,329.0,338.0,329.0,338.0,0.9,3790.0,312.1,204.6
HURJA,7/11/2021,337.0,367.0,337.0,367.0,8.58,13734.0,312.1,204.6
HURJA,7/12/2021,367.0,367.0,350.0,361.0,-1.63,10731.0,312.1,204.6
HURJA,7/13/2021,359.0,362.0,350.0,358.0,-0.83,2695.0,312.1,204.6
HURJA,7/14/2021,351.0,374.0,351.0,366.0,2.23,11632.0,312.1,204.6
HURJA,7/15/2021,371.0,387.0,359.0,360.0,-1.64,27384.0,312.1,204.6
HURJA,7/18/2021,355.0,375.0,355.0,368.0,2.22,19152.0,312.1,204.6
HURJA,7/19/2021,373.0,390.0,366.1,390.0,5.98,50738.0,312.1,204.6
HURJA,7/20/2021,397.8,400.0,382.1,386.6,-0.87,11642.0,312.1,204.6
HURJA,7/22/2021,391.0,405.0,385.0,393.0,1.66,42253.0,312.1,204.6
HURJA,7/25/2021,400.5,432.3,400.5,432.3,10.0,128390.0,312.1,204.6
HURJA,7/26/2021,440.9,475.5,433.0,475.5,9.99,131990.0,312.1,204.6
HURJA,7/27/2021,475.5,523.0,472.0,523.0,9.99,65681.0,312.1,204.6
HURJA,7/28/2021,533.4,560.0,499.8,503.0,-3.82,89453.0,312.1,204.6
HURJA,7/29/2021,513.0,513.0,479.1,498.0,-0.99,78859.0,312.1,204.6
HURJA,8/1/2021,500.0,547.8,498.0,535.0,7.43,68389.0,312.1,204.6
HURJA,8/2/2021,543.0,543.0,509.6,523.0,-2.24,96691.0,312.1,204.6
HURJA,8/3/2021,513.0,556.0,513.0,538.0,2.87,69580.0,312.1,204.6
HURJA,8/4/2021,535.0,565.0,535.0,550.0,2.23,46735.0,312.1,204.6
HURJA,8/5/2021,552.0,552.1,525.0,527.0,-4.18,38848.0,312.1,204.6
HURJA,8/8/2021,527.0,555.0,517.0,538.0,2.09,63134.0,312.1,204.6
HURJA,8/9/2021,548.0,591.8,528.0,590.0,9.67,158360.0,312.1,204.6
HURJA,8/10/2021,590.0,624.0,568.4,603.0,2.2,72396.0,312.1,204.6
HURJA,8/11/2021,615.0,615.0,558.6,592.0,-1.82,45061.0,312.1,204.6
HURJA,8/12/2021,592.0,603.0,576.0,576.0,-2.7,39123.0,312.1,204.6
HURJA,8/15/2021,587.0,587.0,520.0,556.0,-3.47,30295.0,312.1,204.6
HURJA,8/16/2021,552.0,611.6,537.1,607.0,9.17,106017.0,312.1,204.6
HURJA,8/17/2021,619.0,661.0,606.7,639.9,5.42,65416.0,312.1,204.6
HURJA,8/18/2021,652.0,685.4,618.0,623.0,-2.64,46165.0,312.1,204.6
HURJA,8/19/2021,635.4,635.4,568.5,587.9,-5.63,36654.0,312.1,204.6
HURJA,8/24/2021,576.2,576.2,529.2,532.0,-9.51,17815.0,312.1,204.6
HURJA,8/25/2021,525.0,543.0,480.2,518.0,-2.63,28457.0,312.1,204.6
HURJA,8/26/2021,528.3,550.0,515.0,544.0,5.02,18372.0,312.1,204.6
HURJA,8/29/2021,544.0,555.0,521.1,535.0,-1.65,65323.0,312.1,204.6
HURJA,8/31/2021,535.0,535.0,497.0,498.0,-6.92,74740.0,312.1,204.6
HURJA,9/1/2021,507.9,547.0,507.9,528.0,6.02,34374.0,312.1,204.6
HURJA,9/2/2021,521.0,575.0,506.0,529.0,0.19,18485.0,312.1,204.6
HURJA,9/5/2021,539.5,539.5,476.1,476.1,-10.0,22978.0,312.1,204.6
HURJA,9/6/2021,485.6,523.6,459.7,515.0,8.17,43569.0,312.1,204.6
HURJA,9/7/2021,520.0,520.0,490.0,507.0,-1.55,10523.0,312.1,204.6
HURJA,9/8/2021,517.1,517.1,480.3,485.0,-4.34,10080.0,312.1,204.6
HURJA,9/9/2021,489.0,510.0,487.0,502.0,3.51,12955.0,312.1,204.6
HURJA,9/12/2021,512.0,547.0,512.0,540.0,7.57,35669.0,312.1,204.6
HURJA,9/13/2021,550.0,572.0,520.5,529.0,-2.04,12825.0,312.1,204.6
HURJA,9/14/2021,539.5,550.0,515.0,515.0,-2.65,15028.0,312.1,204.6
HURJA,9/15/2021,520.0,520.0,485.0,485.0,-5.83,31403.0,312.1,204.6
HURJA,9/16/2021,494.7,494.7,460.0,470.0,-3.09,18381.0,312.1,204.6
HURJA,9/20/2021,472.0,473.0,423.0,423.0,-10.0,18935.0,312.1,204.6
HURJA,9/21/2021,423.0,461.0,398.6,432.0,2.13,12736.0,312.1,204.6
HURJA,9/22/2021,440.6,475.2,440.6,474.0,9.72,13994.0,312.1,204.6
HURJA,9/23/2021,475.0,498.6,443.0,465.0,-1.9,12159.0,312.1,204.6
HURJA,9/26/2021,456.0,456.0,435.0,435.0,-6.45,9296.0,312.1,204.6
HURJA,9/27/2021,443.7,450.0,415.0,420.0,-3.45,10024.0,312.1,204.6
HURJA,9/28/2021,412.0,428.4,389.0,395.0,-5.95,7909.0,312.1,204.6
HURJA,9/29/2021,392.0,434.5,389.1,432.5,9.49,10550.0,312.1,204.6
HURJA,9/30/2021,433.0,448.8,420.0,420.0,-2.89,8887.0,312.1,204.6
HURJA,10/3/2021,411.6,429.0,392.0,417.0,-0.71,12288.0,312.1,204.6
HURJA,10/4/2021,409.0,420.0,392.0,398.0,-4.56,7421.0,312.1,204.6
HURJA,10/5/2021,391.0,415.0,390.1,403.9,1.48,3360.0,312.1,204.6
HURJA,10/6/2021,411.0,420.0,411.0,415.5,2.87,3915.0,312.1,204.6
HURJA,10/10/2021,410.0,413.0,400.1,400.1,-3.71,3425.0,312.1,204.6
HURJA,10/11/2021,392.1,400.0,385.0,395.0,-1.27,1703.0,312.1,204.6
HURJA,10/17/2021,402.0,418.0,383.1,415.0,5.06,2117.0,312.1,204.6
HURJA,10/18/2021,422.9,423.0,385.0,404.0,-2.65,4025.0,312.1,204.6
HURJA,10/19/2021,412.0,420.2,375.0,383.0,-5.2,7574.0,312.1,204.6
HURJA,10/20/2021,390.6,405.0,390.6,404.0,5.48,2518.0,312.1,204.6
HURJA,10/21/2021,412.0,420.0,395.0,405.0,0.25,9005.0,312.1,204.6
HURJA,10/24/2021,405.0,408.0,397.0,405.0,0.0,5647.0,312.1,204.6
HURJA,10/25/2021,413.1,435.0,412.0,435.0,7.41,10386.0,312.1,204.6
HURJA,10/26/2021,443.7,452.0,435.0,450.0,3.45,16818.0,312.1,204.6
HURJA,10/27/2021,452.0,467.1,433.2,448.9,-0.24,16947.0,312.1,204.6
HURJA,10/28/2021,442.0,463.0,440.1,463.0,3.14,8071.0,312.1,204.6
HURJA,10/31/2021,465.1,509.3,465.1,509.3,10.0,16958.0,312.1,204.6
HURJA,11/1/2021,512.0,535.5,490.0,499.0,-2.02,28768.0,312.1,204.6
HURJA,11/2/2021,490.0,540.6,480.2,515.0,3.21,30469.0,312.1,204.6
HURJA,11/3/2021,515.0,535.8,510.0,512.0,-0.58,5768.0,312.1,204.6
HURJA,11/8/2021,503.0,507.0,484.6,490.0,-4.3,12320.0,312.1,204.6
HURJA,11/9/2021,481.0,489.0,459.0,465.0,-5.1,16429.0,312.1,204.6
HURJA,11/11/2021,459.0,485.0,449.0,454.0,-2.37,8450.0,312.1,204.6
HURJA,11/14/2021,445.0,469.0,445.0,469.0,3.3,3110.0,312.1,204.6
HURJA,11/15/2021,474.0,497.0,474.0,484.0,3.2,7317.0,312.1,204.6
HURJA,11/16/2021,493.0,499.0,474.0,491.0,1.45,5085.0,312.1,204.6
HURJA,11/17/2021,491.0,510.0,485.1,491.9,0.18,13392.0,312.1,204.6
HURJA,11/18/2021,483.0,493.0,470.0,470.0,-4.45,9089.0,312.1,204.6
HURJA,11/21/2021,475.0,496.0,468.0,470.0,0.0,2685.0,312.1,204.6
HURJA,11/22/2021,472.0,488.0,465.0,471.0,0.21,3090.0,312.1,204.6
HURJA,11/23/2021,465.0,475.0,444.0,454.0,-3.61,6602.0,312.1,204.6
HURJA,11/24/2021,445.0,473.3,442.0,456.0,0.44,8004.0,312.1,204.6
HURJA,11/25/2021,465.0,465.0,450.0,451.4,-1.01,2823.0,312.1,204.6
HURJA,11/28/2021,443.0,460.0,421.0,424.0,-6.07,13514.0,312.1,204.6
HURJA,11/29/2021,424.0,442.0,422.5,429.0,1.18,5245.0,312.1,204.6
HURJA,11/30/2021,437.0,445.0,426.0,440.0,2.56,4782.0,312.1,204.6
HURJA,12/1/2021,442.0,447.0,430.0,437.9,-0.48,8170.0,312.1,204.6
HURJA,12/2/2021,430.0,430.5,414.0,422.0,-3.63,6015.0,312.1,204.6
HURJA,12/5/2021,422.0,422.0,400.0,405.0,-4.03,9770.0,312.1,204.6
HURJA,12/6/2021,396.9,429.0,389.0,416.0,2.72,5380.0,312.1,204.6
HURJA,12/7/2021,423.0,444.9,407.0,410.0,-1.44,9555.0,312.1,204.6
HURJA,12/8/2021,410.0,421.0,401.8,403.1,-1.68,5210.0,312.1,204.6
HURJA,12/9/2021,395.1,410.0,395.1,401.0,-0.52,4525.0,312.1,204.6
HURJA,12/12/2021,393.0,393.0,386.0,390.0,-2.74,4636.0,312.1,204.6
HURJA,12/13/2021,390.0,395.0,360.1,370.5,-5.0,8437.0,312.1,204.6
HURJA,12/14/2021,377.9,405.0,377.9,404.0,9.04,1928.0,312.1,204.6
HURJA,12/15/2021,412.0,429.8,397.0,410.0,1.49,6986.0,312.1,204.6
HURJA,12/16/2021,418.0,418.0,405.0,414.0,0.98,4726.0,312.1,204.6
HURJA,12/20/2021,406.0,415.0,398.0,413.0,-0.24,2571.0,312.1,204.6
HURJA,12/21/2021,405.0,415.0,404.8,414.9,0.46,5796.0,312.1,204.6
HURJA,12/22/2021,423.0,429.0,415.0,426.9,2.89,5760.0,312.1,204.6
HURJA,12/23/2021,435.4,435.4,411.0,411.0,-3.72,2230.0,312.1,204.6
HURJA,12/26/2021,411.0,426.0,402.0,405.5,-1.34,5000.0,312.1,204.6
HURJA,12/27/2021,405.0,415.0,400.0,405.0,-0.12,9063.0,312.1,204.6
HURJA,12/28/2021,405.0,413.0,405.0,413.0,1.98,3638.0,312.1,204.6
HURJA,12/29/2021,420.0,420.0,407.0,408.0,-1.21,1490.0,312.1,204.6
HURJA,1/2/2022,416.0,420.0,407.0,415.0,1.72,690.0,312.1,204.6
HURJA,1/3/2022,423.3,423.3,407.0,412.6,-0.58,600.0,312.1,204.6
HURJA,1/4/2022,420.0,435.0,406.1,412.0,-0.15,2880.0,312.1,204.6
HURJA,1/5/2022,420.2,428.5,407.0,418.0,1.46,10613.0,312.1,204.6
HURJA,1/6/2022,425.0,425.0,408.7,419.0,0.24,2248.0,312.1,204.6
HURJA,1/9/2022,427.0,460.9,420.0,460.9,10.0,21432.0,312.1,204.6
HURJA,1/10/2022,455.0,506.9,455.0,498.0,8.05,52320.0,312.1,204.6
HURJA,1/11/2022,489.0,518.0,485.0,497.9,-0.02,17519.0,312.1,204.6
HURJA,1/12/2022,507.8,507.8,467.0,467.0,-6.21,24626.0,312.1,204.6
HURJA,1/13/2022,474.0,492.0,465.0,479.0,2.57,6713.0,312.1,204.6
HURJA,1/16/2022,488.0,526.9,481.1,514.0,7.31,68039.0,312.1,204.6
HURJA,1/17/2022,505.0,544.6,502.0,544.6,5.95,26457.0,312.1,204.6
HURJA,1/18/2022,540.0,541.0,516.0,524.1,-3.76,28415.0,312.1,204.6
HURJA,1/19/2022,513.7,534.0,500.0,505.0,-3.64,20866.0,312.1,204.6
HURJA,1/20/2022,505.0,539.8,500.0,531.0,5.15,23347.0,312.1,204.6
HURJA,1/23/2022,541.6,550.0,530.0,532.0,0.19,28286.0,312.1,204.6
HURJA,1/24/2022,521.4,521.4,502.1,504.0,-5.26,13530.0,312.1,204.6
HURJA,1/25/2022,495.0,514.0,488.0,495.0,-1.79,12676.0,312.1,204.6
HURJA,1/26/2022,500.0,500.0,477.0,480.0,-3.03,5998.0,312.1,204.6
HURJA,1/27/2022,489.6,505.0,480.5,482.3,0.48,2488.0,312.1,204.6
HURJA,1/30/2022,491.9,525.0,491.9,525.0,8.85,13189.0,312.1,204.6
HURJA,1/31/2022,520.0,520.0,511.0,520.0,-0.95,7247.0,312.1,204.6
HURJA,2/1/2022,509.6,550.8,500.0,540.0,3.85,32164.0,312.1,204.6
HURJA,2/3/2022,550.0,554.8,530.0,554.8,2.74,38061.0,312.1,204.6
HURJA,2/6/2022,543.8,545.7,531.0,531.3,-4.24,13551.0,312.1,204.6
HURJA,2/7/2022,524.0,539.9,520.7,528.0,-0.62,6689.0,312.1,204.6
HURJA,2/8/2022,538.5,550.0,517.6,529.0,0.19,7434.0,312.1,204.6
HURJA,2/9/2022,518.5,527.0,508.2,518.0,-2.08,1980.0,312.1,204.6
HURJA,2/10/2022,507.7,537.0,507.7,517.0,-0.19,4280.0,312.1,204.6
HURJA,2/13/2022,510.0,510.0,480.4,487.0,-5.8,6788.0,312.1,204.6
HURJA,2/14/2022,494.0,495.0,482.6,482.6,-0.9,1950.0,312.1,204.6
HURJA,2/15/2022,478.0,525.0,477.0,520.0,7.75,3967.0,312.1,204.6
HURJA,2/16/2022,513.0,515.0,502.0,503.2,-3.23,6021.0,312.1,204.6
HURJA,2/17/2022,494.1,520.0,490.0,507.0,0.76,4305.0,312.1,204.6
HURJA,2/20/2022,496.9,514.9,490.0,495.0,-2.37,4103.0,312.1,204.6
HURJA,2/21/2022,495.0,514.0,495.0,504.2,1.86,3345.0,312.1,204.6
HURJA,2/22/2022,504.5,515.0,494.3,504.9,0.14,10053.0,312.1,204.6
HURJA,2/23/2022,513.9,524.0,499.8,505.0,0.02,6101.0,312.1,204.6
HURJA,2/24/2022,510.0,510.0,490.0,496.0,-1.78,2406.0,312.1,204.6
HURJA,2/27/2022,486.1,520.0,486.1,506.0,2.02,4216.0,312.1,204.6
HURJA,2/28/2022,514.0,524.0,485.0,485.0,-4.15,7785.0,312.1,204.6
HURJA,3/2/2022,478.0,479.9,462.0,465.5,-4.02,4081.0,312.1,204.6
HURJA,3/6/2022,467.0,469.2,442.0,463.0,-0.54,5409.0,312.1,204.6
HURJA,3/7/2022,453.8,470.0,453.8,461.0,-0.43,2661.0,312.1,204.6
HURJA,3/9/2022,452.1,452.1,442.0,442.0,-4.12,2120.0,312.1,204.6
HURJA,3/10/2022,442.0,462.0,442.0,462.0,4.52,5814.0,312.1,204.6
HURJA,3/13/2022,462.0,508.0,462.0,499.0,8.01,4550.0,312.1,204.6
HURJA,3/14/2022,500.0,500.0,481.0,490.0,-1.8,1270.0,312.1,204.6
HURJA,3/15/2022,482.1,487.0,476.0,485.0,-1.02,1952.0,312.1,204.6
HURJA,3/16/2022,475.3,484.8,470.0,475.0,-2.06,1971.0,312.1,204.6
HURJA,3/20/2022,466.0,494.1,457.1,466.0,-1.89,1302.0,312.1,204.6
HURJA,3/21/2022,466.0,475.0,457.0,474.0,1.72,740.0,312.1,204.6
HURJA,3/22/2022,475.0,483.0,467.0,473.9,-0.02,804.0,312.1,204.6
HURJA,3/23/2022,481.9,481.9,466.0,466.0,-1.67,577.0,312.1,204.6
HURJA,3/24/2022,460.1,465.0,450.0,459.9,-1.31,4232.0,312.1,204.6
HURJA,3/27/2022,451.0,466.0,433.0,455.0,-1.07,6165.0,312.1,204.6
HURJA,3/28/2022,454.0,454.0,446.0,446.0,-1.98,1990.0,312.1,204.6
HURJA,3/29/2022,438.0,446.7,433.0,439.0,-1.57,1822.0,312.1,204.6
HURJA,3/30/2022,441.0,465.0,430.0,457.0,4.1,2699.0,312.1,204.6
HURJA,3/31/2022,450.0,450.0,440.0,449.0,-1.75,1182.0,312.1,204.6
HURJA,4/3/2022,457.0,457.0,424.0,430.0,-4.23,2650.0,312.1,204.6
HURJA,4/4/2022,425.0,437.0,425.0,429.1,-0.21,1507.0,312.1,204.6
HURJA,4/5/2022,421.0,430.0,410.0,420.0,-2.12,4080.0,312.1,204.6
HURJA,4/6/2022,428.0,462.0,406.5,416.0,-0.95,1473.0,312.1,204.6
HURJA,4/7/2022,424.3,450.1,410.0,419.0,0.72,8305.0,312.1,204.6
HURJA,4/11/2022,415.0,419.0,404.0,404.0,-3.58,4559.0,312.1,204.6
HURJA,4/12/2022,400.0,405.0,385.0,391.0,-3.22,5417.0,312.1,204.6
HURJA,4/13/2022,390.0,411.0,377.0,405.0,3.58,3257.0,312.1,204.6
HURJA,4/17/2022,400.0,403.0,364.5,364.5,-10.0,56919.0,312.1,204.6
HURJA,4/18/2022,357.3,357.3,329.1,336.9,-7.57,36825.0,312.1,204.6
HURJA,4/19/2022,335.0,357.0,303.3,350.0,3.89,41298.0,312.1,204.6
HURJA,4/20/2022,343.0,343.0,317.0,328.0,-6.29,20699.0,312.1,204.6
HURJA,4/21/2022,322.0,328.0,309.0,320.0,-2.44,11875.0,312.1,204.6
HURJA,4/24/2022,326.0,343.9,314.0,343.0,7.19,21009.0,312.1,204.6
HURJA,4/25/2022,349.0,349.0,327.0,328.1,-4.34,18647.0,312.1,204.6
HURJA,4/26/2022,333.7,333.7,320.6,320.6,-2.29,9424.0,312.1,204.6
HURJA,4/27/2022,315.0,335.0,309.0,326.0,1.68,13375.0,312.1,204.6
HURJA,4/28/2022,331.0,331.0,317.0,317.0,-2.76,12128.0,312.1,204.6
HURJA,5/2/2022,323.0,323.0,304.0,310.0,-2.21,8118.0,312.1,204.6
HURJA,5/4/2022,304.1,315.0,290.0,294.0,-5.16,17607.0,312.1,204.6
HURJA,5/5/2022,288.2,298.0,275.5,285.0,-3.06,11134.0,312.1,204.6
HURJA,5/8/2022,280.0,306.6,270.0,306.6,7.58,12359.0,312.1,204.6
HURJA,5/9/2022,310.0,316.2,294.0,295.0,-3.78,13949.0,312.1,204.6
HURJA,5/10/2022,290.0,317.0,290.0,305.0,3.39,12031.0,312.1,204.6
HURJA,5/11/2022,305.0,333.0,305.0,325.0,6.56,21885.0,312.1,204.6
HURJA,5/12/2022,320.0,331.0,315.0,317.0,-2.46,20857.0,312.1,204.6
HURJA,5/17/2022,310.8,313.0,294.0,303.0,-4.42,11090.0,312.1,204.6
HURJA,5/18/2022,298.0,315.0,287.6,308.5,1.82,10323.0,312.1,204.6
HURJA,5/19/2022,309.0,309.0,287.0,294.0,-4.7,8205.0,312.1,204.6
HURJA,5/20/2022,288.2,311.8,288.2,292.0,-0.68,3713.0,312.1,204.6
HURJA,5/23/2022,286.3,288.0,275.0,279.0,-4.45,15382.0,312.1,204.6
HURJA,5/24/2022,276.0,295.0,276.0,291.1,4.34,4527.0,312.1,204.6
HURJA,5/25/2022,296.0,301.0,285.8,286.0,-1.75,9789.0,312.1,204.6
HURJA,5/26/2022,290.0,291.0,280.0,284.0,-0.7,7479.0,312.1,204.6
HURJA,5/27/2022,284.0,284.0,274.4,279.9,-1.44,6370.0,312.1,204.6
HURJA,5/30/2022,275.0,279.8,266.5,267.2,-4.54,3954.0,312.1,204.6
HURJA,5/31/2022,264.1,277.0,261.0,265.0,-0.82,8837.0,312.1,204.6
HURJA,6/1/2022,265.0,273.3,255.0,271.0,2.26,6950.0,312.1,204.6
HURJA,6/2/2022,276.4,276.4,250.0,260.0,-4.06,19098.0,312.1,204.6
HURJA,6/3/2022,259.0,264.9,255.0,263.0,1.15,4756.0,312.1,204.6
HURJA,6/6/2022,267.0,272.0,260.0,263.0,0.0,3544.0,312.1,204.6
HURJA,6/7/2022,258.0,260.0,255.0,257.0,-2.28,4910.0,312.1,204.6
HURJA,6/8/2022,252.0,272.0,252.0,267.0,3.89,5444.0,312.1,204.6
HURJA,6/9/2022,265.0,271.0,261.0,261.0,-2.25,5519.0,312.1,204.6
HURJA,6/10/2022,261.0,265.0,254.0,258.0,-1.15,3948.0,312.1,204.6
HURJA,6/13/2022,254.0,259.0,250.0,252.0,-2.33,4980.0,312.1,204.6
HURJA,6/14/2022,252.0,252.0,244.0,244.0,-3.17,4840.0,312.1,204.6
HURJA,6/15/2022,242.0,242.0,234.5,236.5,-3.07,3120.0,312.1,204.6
HURJA,6/16/2022,233.0,245.0,233.0,236.9,0.17,3744.0,312.1,204.6
HURJA,6/17/2022,238.0,239.0,233.0,235.0,-0.8,950.0,312.1,204.6
HURJA,6/19/2022,231.0,231.0,220.0,220.0,-6.38,6053.0,312.1,204.6
HURJA,6/20/2022,220.0,222.0,206.0,206.0,-6.36,8518.0,312.1,204.6
HURJA,6/21/2022,208.0,221.3,201.9,220.0,6.8,4635.0,312.1,204.6
HURJA,6/22/2022,217.0,217.0,208.0,208.0,-5.45,2126.0,312.1,204.6
HURJA,6/23/2022,205.0,205.0,197.0,200.0,-3.85,8683.0,312.1,204.6
HURJA,6/24/2022,196.0,211.0,194.0,202.2,1.1,3599.0,312.1,204.6
HURJA,6/26/2022,206.2,222.3,203.1,222.3,9.94,9770.0,312.1,204.6
HURJA,6/27/2022,226.7,230.0,216.0,216.1,-2.79,7020.0,312.1,204.6
HURJA,6/28/2022,220.0,220.0,207.0,210.5,-2.59,3146.0,312.1,204.6
HURJA,6/29/2022,210.5,226.5,210.0,223.9,6.37,8474.0,312.1,204.6
HURJA,6/30/2022,220.0,239.7,220.0,237.4,6.03,20985.0,312.1,204.6
HURJA,7/1/2022,232.8,244.9,228.2,238.0,0.25,7981.0,312.1,204.6
HURJA,7/3/2022,242.0,254.0,234.0,250.0,5.04,8938.0,312.1,204.6
HURJA,7/4/2022,255.0,265.2,244.0,245.0,-2.0,24882.0,312.1,204.6
HURJA,7/5/2022,241.0,253.0,235.0,238.0,-2.86,9975.0,312.1,204.6
HURJA,7/6/2022,233.6,242.7,229.1,242.0,1.68,10778.0,312.1,204.6
HURJA,7/7/2022,244.0,253.4,236.0,239.0,-1.24,12516.0,312.1,204.6
HURJA,7/8/2022,240.0,241.0,226.0,226.0,-5.44,9864.0,312.1,204.6
HURJA,7/11/2022,225.0,225.0,213.0,217.9,-3.58,9049.0,312.1,204.6
HURJA,7/12/2022,222.2,225.0,213.7,216.0,-0.87,8180.0,312.1,204.6
HURJA,7/13/2022,220.0,233.5,218.0,228.3,5.69,7755.0,312.1,204.6
HURJA,7/14/2022,232.0,240.7,228.3,234.5,2.72,12865.0,312.1,204.6
HURJA,7/15/2022,230.0,233.0,229.0,229.0,-2.35,5805.0,312.1,204.6
HURJA,7/17/2022,229.0,233.5,229.0,232.0,1.31,4657.0,312.1,204.6
HURJA,7/18/2022,227.4,236.6,223.1,236.6,1.98,990.0,312.1,204.6
HURJA,7/19/2022,233.0,251.0,233.0,238.0,0.59,9054.0,312.1,204.6
HURJA,7/20/2022,235.0,243.9,235.0,243.8,2.44,11989.0,312.1,204.6
HURJA,7/21/2022,245.5,246.0,235.0,239.7,-1.68,4045.0,312.1,204.6
HURJA,7/22/2022,235.0,235.0,228.0,230.0,-4.05,8291.0,312.1,204.6
HURJA,7/24/2022,234.6,240.6,231.1,240.6,4.61,9329.0,312.1,204.6
HURJA,7/25/2022,243.9,264.6,240.1,262.0,8.89,42222.0,312.1,204.6
HURJA,7/26/2022,260.0,273.0,255.0,261.0,-0.38,30335.0,312.1,204.6
HURJA,7/27/2022,264.0,278.0,256.1,274.0,4.98,20816.0,312.1,204.6
HURJA,7/28/2022,270.1,286.0,268.0,274.9,0.33,29559.0,312.1,204.6
HURJA,7/29/2022,279.5,284.5,273.0,284.4,3.46,14428.0,312.1,204.6
HURJA,7/31/2022,290.0,300.0,290.0,296.9,4.4,25124.0,312.1,204.6
HURJA,8/1/2022,292.0,300.0,281.3,293.0,-1.31,37111.0,312.1,204.6
HURJA,8/2/2022,287.2,295.8,282.7,289.0,-1.37,15411.0,312.1,204.6
HURJA,8/3/2022,294.6,299.8,285.0,289.9,0.31,12273.0,312.1,204.6
HURJA,8/4/2022,285.0,299.0,280.0,287.0,-1.0,12136.0,312.1,204.6
HURJA,8/5/2022,281.3,291.0,274.5,280.0,-2.44,15904.0,312.1,204.6
HURJA,8/7/2022,280.0,294.9,278.1,289.0,3.21,20631.0,312.1,204.6
HURJA,8/8/2022,294.0,304.0,290.0,292.0,1.04,47150.0,312.1,204.6
HURJA,8/9/2022,287.1,293.0,270.8,282.0,-3.42,12294.0,312.1,204.6
HURJA,8/10/2022,276.4,282.0,266.0,275.0,-2.48,5630.0,312.1,204.6
HURJA,8/11/2022,280.5,280.5,260.0,264.0,-4.0,13958.0,312.1,204.6
HURJA,8/14/2022,260.0,265.0,255.0,257.0,-2.65,17536.0,312.1,204.6
HURJA,8/15/2022,257.0,282.0,257.0,282.0,9.73,7298.0,312.1,204.6
HURJA,8/16/2022,284.0,289.0,267.0,267.0,-5.32,17355.0,312.1,204.6
HURJA,8/17/2022,265.0,275.0,263.0,271.8,1.8,2642.0,312.1,204.6
HURJA,8/18/2022,266.4,278.5,266.4,273.0,0.44,8245.0,312.1,204.6
HURJA,8/21/2022,273.0,274.0,263.8,269.9,-1.14,14290.0,312.1,204.6
HURJA,8/22/2022,264.6,270.0,260.2,268.0,-0.7,8622.0,312.1,204.6
HURJA,8/23/2022,270.0,270.0,258.8,266.0,-0.75,4110.0,312.1,204.6
HURJA,8/24/2022,271.0,273.0,262.3,267.0,0.38,4975.0,312.1,204.6
HURJA,8/25/2022,272.3,280.0,257.5,259.0,-3.0,6849.0,312.1,204.6
HURJA,8/26/2022,254.0,262.1,250.0,252.3,-2.59,2584.0,312.1,204.6
HURJA,8/28/2022,248.0,249.9,235.4,240.0,-4.88,9441.0,312.1,204.6
HURJA,8/29/2022,243.0,244.0,234.8,240.5,0.21,2035.0,312.1,204.6
HURJA,8/30/2022,245.3,249.9,240.1,244.0,1.46,5474.0,312.1,204.6
HURJA,8/31/2022,240.1,240.7,233.0,235.0,-3.69,5703.0,312.1,204.6
HURJA,9/1/2022,230.3,243.7,226.3,239.9,2.09,6564.0,312.1,204.6
HURJA,9/2/2022,241.0,242.0,232.0,240.0,0.04,2423.0,312.1,204.6
HURJA,9/4/2022,236.0,243.0,236.0,240.0,0.0,1179.0,312.1,204.6
HURJA,9/5/2022,235.3,244.0,235.2,241.0,0.42,4760.0,312.1,204.6
HURJA,9/6/2022,236.2,237.2,233.0,234.1,-2.86,2131.0,312.1,204.6
HURJA,9/7/2022,230.0,234.6,226.0,230.0,-1.75,1802.0,312.1,204.6
HURJA,9/8/2022,230.0,234.0,222.0,230.0,0.0,8570.0,312.1,204.6
HURJA,9/11/2022,232.0,232.0,226.0,230.9,0.39,1425.0,312.1,204.6
HURJA,9/12/2022,231.0,231.0,223.0,223.0,-3.42,2135.0,312.1,204.6
HURJA,9/13/2022,225.0,236.0,222.4,229.0,2.69,5336.0,312.1,204.6
HURJA,9/14/2022,233.5,244.0,231.5,239.5,4.59,10164.0,312.1,204.6
HURJA,9/15/2022,242.0,244.0,221.5,229.5,-4.18,6747.0,312.1,204.6
HURJA,9/16/2022,225.0,225.4,216.2,221.1,-3.66,3385.0,312.1,204.6
HURJA,9/18/2022,218.1,221.0,213.7,217.5,-1.63,5535.0,312.1,204.6
HURJA,9/20/2022,213.2,213.2,202.0,204.0,-6.21,10425.0,312.1,204.6
HURJA,9/21/2022,208.0,216.2,207.0,207.0,1.47,1469.0,312.1,204.6
HURJA,9/22/2022,203.1,215.0,203.0,205.2,-0.87,3157.0,312.1,204.6
HURJA,9/25/2022,201.3,209.9,201.1,202.5,-1.32,1563.0,312.1,204.6
HURJA,9/27/2022,200.1,208.0,200.0,204.1,0.79,3130.0,312.1,204.6
HURJA,9/28/2022,204.1,207.0,202.1,202.1,-0.98,1265.0,312.1,204.6
HURJA,9/29/2022,206.0,213.0,206.0,207.0,2.42,1023.0,312.1,204.6
HURJA,10/9/2022,211.0,215.0,207.0,214.0,3.38,3108.0,312.1,204.6
HURJA,10/10/2022,215.0,215.9,205.0,206.0,-3.74,2997.0,312.1,204.6
HURJA,10/11/2022,202.3,207.0,202.1,206.0,0.0,1398.0,312.1,204.6
HURJA,10/12/2022,202.1,213.0,202.1,210.0,1.94,3371.0,312.1,204.6
HURJA,10/13/2022,213.9,213.9,205.8,210.0,0.0,2164.0,312.1,204.6
HURJA,10/16/2022,214.2,218.4,204.9,207.0,-1.43,1330.0,312.1,204.6
HURJA,10/17/2022,203.0,204.2,203.0,203.0,-1.93,1540.0,312.1,204.6
HURJA,10/19/2022,200.0,203.0,199.0,200.0,-1.48,1425.0,312.1,204.6
HURJA,10/20/2022,198.0,201.9,198.0,200.0,0.0,1945.0,312.1,204.6
HURJA,10/23/2022,200.0,204.0,200.0,204.0,2.0,270.0,312.1,204.6
HURJA,10/31/2022,203.0,206.0,203.0,206.0,0.98,200.0,312.1,204.6
HURJA,11/1/2022,204.0,222.0,204.0,216.9,5.29,5242.0,312.1,204.6
HURJA,11/2/2022,218.0,225.4,213.7,213.7,-1.48,2490.0,312.1,204.6
HURJA,11/3/2022,209.5,219.3,209.0,211.0,-1.26,1310.0,312.1,204.6
HURJA,11/6/2022,210.0,221.0,207.9,220.3,4.41,2438.0,312.1,204.6
HURJA,11/7/2022,221.0,232.8,220.0,221.5,0.54,4407.0,312.1,204.6
HURJA,11/8/2022,217.1,230.0,217.1,218.0,-1.58,3355.0,312.1,204.6
HURJA,11/9/2022,214.0,223.6,203.0,214.0,-1.83,16528.0,312.1,204.6
HURJA,11/10/2022,215.0,215.0,207.0,209.0,-2.34,1333.0,312.1,204.6
HURJA,11/13/2022,207.0,207.0,204.0,204.0,-2.39,1334.0,312.1,204.6
HURJA,11/14/2022,203.0,208.0,201.0,208.0,1.96,12610.0,312.1,204.6
HURJA,11/15/2022,212.1,212.1,202.0,202.0,-2.88,745.0,312.1,204.6
HURJA,11/16/2022,205.0,209.0,204.9,207.9,2.92,170.0,312.1,204.6
HURJA,11/17/2022,207.0,216.0,207.0,209.5,0.77,9956.0,312.1,204.6
HURJA,11/22/2022,207.0,211.0,207.0,211.0,0.72,2435.0,312.1,204.6
HURJA,11/23/2022,209.9,209.9,209.9,209.9,-0.52,50.0,312.1,204.6
HURJA,11/24/2022,212.0,212.0,208.0,212.0,1.0,2470.0,312.1,204.6
HURJA,11/27/2022,212.0,215.0,209.2,215.0,1.42,2599.0,312.1,204.6
HURJA,11/28/2022,217.0,217.0,208.5,209.0,-2.79,2395.0,312.1,204.6
HURJA,11/29/2022,209.0,215.0,206.2,213.9,2.34,2786.0,312.1,204.6
HURJA,11/30/2022,214.0,214.0,211.0,211.0,-1.36,2260.0,312.1,204.6
HURJA,12/1/2022,207.0,220.0,207.0,213.0,0.95,5547.0,312.1,204.6
HURJA,12/4/2022,209.0,217.0,209.0,211.0,-0.94,3129.0,312.1,204.6
HURJA,12/5/2022,210.0,210.0,204.0,209.0,-0.95,2613.0,312.1,204.6
HURJA,12/6/2022,209.0,209.0,201.0,204.0,-2.39,4883.0,312.1,204.6
HURJA,12/7/2022,203.0,207.9,202.0,203.0,-0.49,945.0,312.1,204.6
HURJA,12/11/2022,199.0,200.0,197.0,197.0,-2.96,4444.0,312.1,204.6
HURJA,12/12/2022,200.0,203.0,196.4,203.0,3.05,2275.0,312.1,204.6
HURJA,12/13/2022,203.0,203.0,199.0,200.0,-1.48,1052.0,312.1,204.6
HURJA,12/14/2022,200.0,205.9,196.0,202.0,1.0,6020.0,312.1,204.6
HURJA,12/15/2022,200.0,202.0,198.0,201.5,-0.25,2411.0,312.1,204.6
HURJA,12/18/2022,197.5,198.0,194.0,194.0,-3.72,1974.0,312.1,204.6
HURJA,12/19/2022,190.5,199.9,190.5,196.0,1.03,2238.0,312.1,204.6
HURJA,12/20/2022,198.0,203.0,198.0,200.0,2.04,7704.0,312.1,204.6
HURJA,12/21/2022,196.0,199.0,196.0,197.2,-1.4,505.0,312.1,204.6
HURJA,12/22/2022,194.0,200.0,193.5,200.0,1.42,2186.0,312.1,204.6
HURJA,12/26/2022,204.0,208.0,201.0,207.0,3.5,7084.0,312.1,204.6
HURJA,12/27/2022,211.1,218.2,211.1,215.0,3.86,13362.0,312.1,204.6
HURJA,12/28/2022,211.0,216.5,211.0,213.0,-0.93,6276.0,312.1,204.6
HURJA,12/29/2022,210.0,234.3,209.0,234.3,10.0,31882.0,312.1,204.6
HURJA,1/1/2023,234.0,251.0,234.0,241.0,2.86,36783.0,312.1,204.6
HURJA,1/2/2023,236.2,253.0,236.2,250.9,4.11,16897.0,312.1,204.6
HURJA,1/3/2023,251.0,255.0,243.0,245.0,-2.35,8602.0,312.1,204.6
HURJA,1/4/2023,246.0,260.0,241.6,258.9,5.67,13949.0,312.1,204.6
HURJA,1/5/2023,254.1,284.7,254.1,284.7,9.97,57903.0,312.1,204.6
HURJA,1/8/2023,290.0,313.1,285.0,308.0,8.18,52494.0,312.1,204.6
HURJA,1/9/2023,311.0,338.8,302.0,338.8,10.0,59520.0,312.1,204.6
HURJA,1/10/2023,345.5,372.5,338.1,344.0,1.53,79600.0,312.1,204.6
HURJA,1/12/2023,350.8,371.3,348.1,357.0,3.78,85216.0,312.1,204.6
HURJA,1/17/2023,360.0,382.0,343.0,369.5,3.5,41065.0,312.1,204.6
HURJA,1/18/2023,376.8,406.4,376.8,406.4,9.99,144144.0,312.1,204.6
HURJA,1/19/2023,414.5,425.0,405.0,411.2,1.18,52471.0,312.1,204.6
HURJA,1/23/2023,403.0,411.0,396.0,399.0,-2.97,67492.0,312.1,204.6
HURJA,1/24/2023,399.0,428.0,397.2,412.0,3.26,69259.0,312.1,204.6
HURJA,1/25/2023,420.0,438.6,407.0,415.0,0.73,38748.0,312.1,204.6
HURJA,1/26/2023,407.0,435.0,407.0,410.0,-1.2,63042.0,312.1,204.6
HURJA,1/29/2023,418.0,443.4,406.0,410.0,0.0,221609.0,312.1,204.6
HURJA,1/30/2023,416.0,416.0,391.1,393.0,-4.15,63919.0,312.1,204.6
HURJA,1/31/2023,400.0,408.0,384.2,393.0,0.0,26348.0,312.1,204.6
HURJA,2/1/2023,393.1,395.0,385.0,385.0,-2.04,21416.0,312.1,204.6
HURJA,2/2/2023,392.7,392.7,372.4,373.0,-3.12,24181.0,312.1,204.6
HURJA,2/5/2023,380.0,390.0,370.0,380.0,1.88,13805.0,312.1,204.6
HURJA,2/6/2023,380.0,380.5,372.5,379.0,-0.26,4585.0,312.1,204.6
HURJA,2/7/2023,386.0,399.8,380.0,399.8,5.49,30991.0,312.1,204.6
HURJA,2/8/2023,406.6,414.7,394.0,400.0,0.05,30856.0,312.1,204.6
HURJA,2/9/2023,400.0,407.0,384.2,403.0,0.75,23617.0,312.1,204.6
HURJA,2/12/2023,395.0,395.0,379.7,384.0,-4.71,17525.0,312.1,204.6
HURJA,2/14/2023,377.1,384.0,375.0,380.0,-1.04,8914.0,312.1,204.6
HURJA,2/15/2023,375.0,386.0,371.0,373.0,-1.84,14392.0,312.1,204.6
HURJA,2/16/2023,372.0,378.0,360.0,362.0,-2.95,8260.0,312.1,204.6
HURJA,2/20/2023,358.0,368.0,356.0,358.5,-0.97,8438.0,312.1,204.6
HURJA,2/22/2023,364.0,386.0,357.0,377.9,5.41,10801.0,312.1,204.6
HURJA,2/23/2023,385.0,385.0,363.0,380.0,0.56,9426.0,312.1,204.6
HURJA,2/26/2023,372.4,381.0,357.7,375.0,-1.32,10685.0,312.1,204.6
HURJA,2/27/2023,381.5,390.0,366.0,374.8,-0.05,9489.0,312.1,204.6
HURJA,2/28/2023,368.2,376.0,367.5,371.1,-0.99,8045.0,312.1,204.6
HURJA,3/1/2023,370.0,370.0,364.0,364.0,-1.91,6555.0,312.1,204.6
HURJA,3/2/2023,358.6,370.0,358.6,358.6,-1.48,13264.0,312.1,204.6
HURJA,3/5/2023,353.0,357.0,345.2,357.0,-0.45,10147.0,312.1,204.6
HURJA,3/7/2023,355.0,362.1,355.0,358.1,0.31,3755.0,312.1,204.6
HURJA,3/9/2023,364.2,379.2,362.0,376.3,5.08,4454.0,312.1,204.6
HURJA,3/12/2023,376.0,378.0,361.7,368.0,-2.21,4405.0,312.1,204.6
HURJA,3/13/2023,361.0,362.0,353.0,359.0,-2.45,3795.0,312.1,204.6
HURJA,3/14/2023,365.0,365.0,356.0,362.0,0.84,2288.0,312.1,204.6
HURJA,3/15/2023,356.0,358.0,355.0,356.1,-1.63,3944.0,312.1,204.6
HURJA,3/16/2023,350.0,360.0,349.0,360.0,1.1,4170.0,312.1,204.6
HURJA,3/19/2023,354.0,363.0,354.0,363.0,0.83,3185.0,312.1,204.6
HURJA,3/20/2023,365.0,365.0,360.0,360.0,-0.83,6922.0,312.1,204.6
HURJA,3/22/2023,357.1,364.9,353.0,353.0,-1.94,7200.0,312.1,204.6
HURJA,3/23/2023,347.0,353.0,346.0,351.0,-0.57,4421.0,312.1,204.6
HURJA,3/26/2023,345.1,346.0,339.0,341.0,-2.85,4292.0,312.1,204.6
HURJA,3/27/2023,335.0,342.0,325.4,342.0,0.29,6188.0,312.1,204.6
HURJA,3/28/2023,342.9,349.6,336.1,336.2,-1.7,8933.0,312.1,204.6
HURJA,3/29/2023,330.1,339.9,330.0,339.9,1.1,4447.0,312.1,204.6
HURJA,3/30/2023,340.0,340.0,333.2,338.0,-0.56,3947.0,312.1,204.6
HURJA,4/2/2023,338.0,338.0,326.0,326.0,-3.55,7170.0,312.1,204.6
HURJA,4/3/2023,331.5,331.5,313.0,314.0,-3.68,6512.0,312.1,204.6
HURJA,4/4/2023,309.0,312.0,306.0,309.0,-1.59,7526.0,312.1,204.6
HURJA,4/5/2023,314.0,321.4,308.0,314.9,1.91,11285.0,312.1,204.6
HURJA,4/6/2023,310.6,316.0,306.0,312.0,-0.92,8096.0,312.1,204.6
HURJA,4/9/2023,306.0,306.0,298.0,300.0,-3.85,6027.0,312.1,204.6
HURJA,4/10/2023,305.0,305.0,294.0,297.1,-0.97,8282.0,312.1,204.6
HURJA,4/11/2023,303.0,306.0,298.0,305.0,2.66,8830.0,312.1,204.6
HURJA,4/12/2023,311.0,330.0,311.0,330.0,8.2,15219.0,312.1,204.6
HURJA,4/13/2023,334.6,334.6,323.4,323.4,-2.0,10016.0,312.1,204.6
HURJA,4/16/2023,320.1,325.0,320.0,321.1,-0.71,5269.0,312.1,204.6
HURJA,4/17/2023,327.5,334.0,310.0,313.0,-2.52,2470.0,312.1,204.6
HURJA,4/18/2023,315.0,315.0,303.0,307.0,-1.92,7887.0,312.1,204.6
HURJA,4/19/2023,301.0,314.0,301.0,314.0,2.28,7660.0,312.1,204.6
HURJA,4/20/2023,311.0,311.0,302.2,305.2,-2.8,3528.0,312.1,204.6
HURJA,4/23/2023,302.0,305.0,300.0,300.0,-1.7,4617.0,312.1,204.6
HURJA,4/24/2023,294.0,299.0,293.0,296.5,-1.17,2102.0,312.1,204.6
HURJA,4/25/2023,300.0,300.8,295.0,300.0,1.18,4620.0,312.1,204.6
HURJA,4/26/2023,301.0,304.0,300.0,300.0,0.0,994.0,312.1,204.6
HURJA,4/27/2023,298.0,300.0,298.0,299.0,-0.33,2444.0,312.1,204.6
HURJA,4/30/2023,303.0,303.0,285.0,285.0,-4.68,5440.0,312.1,204.6
HURJA,5/2/2023,286.0,286.8,269.2,277.0,-2.81,7660.0,312.1,204.6
HURJA,5/3/2023,272.0,280.0,266.6,271.0,-2.17,4667.0,312.1,204.6
HURJA,5/4/2023,267.0,276.4,250.0,275.0,1.48,10643.0,312.1,204.6
HURJA,5/7/2023,277.0,277.0,250.0,260.7,-5.2,3419.0,312.1,204.6
HURJA,5/8/2023,260.7,264.0,245.0,260.0,-0.27,14500.0,312.1,204.6
HURJA,5/9/2023,260.0,263.9,251.1,258.8,-0.46,4566.0,312.1,204.6
HURJA,5/10/2023,255.0,255.0,250.0,254.8,-1.55,6680.0,312.1,204.6
HURJA,5/11/2023,250.1,251.0,241.1,243.9,-4.28,7644.0,312.1,204.6
HURJA,5/14/2023,243.0,248.5,223.9,230.0,-5.7,14522.0,312.1,204.6
HURJA,5/15/2023,230.0,234.0,229.0,233.5,1.52,5983.0,312.1,204.6
HURJA,5/16/2023,236.9,250.1,236.9,246.0,5.35,19269.0,312.1,204.6
HURJA,5/17/2023,242.0,256.5,242.0,256.0,4.07,10436.0,312.1,204.6
HURJA,5/18/2023,255.0,281.6,251.0,281.6,10.0,49175.0,312.1,204.6
HURJA,5/21/2023,286.0,309.7,280.0,288.0,2.27,34132.0,312.1,204.6
HURJA,5/22/2023,283.0,300.0,277.5,290.0,0.69,36301.0,312.1,204.6
HURJA,5/23/2023,294.0,306.0,291.0,302.0,4.14,26533.0,312.1,204.6
HURJA,5/24/2023,297.0,303.0,293.0,297.0,-1.66,14879.0,312.1,204.6
HURJA,5/28/2023,300.0,300.0,277.1,278.0,-6.4,14608.0,312.1,204.6
HURJA,5/30/2023,279.0,280.0,259.8,261.1,-6.08,25420.0,312.1,204.6
HURJA,5/31/2023,256.0,272.0,250.8,263.0,0.73,34685.0,312.1,204.6
HURJA,6/1/2023,266.0,275.9,258.1,268.0,1.9,23591.0,312.1,204.6
HURJA,6/4/2023,273.3,288.0,273.3,281.2,4.93,18783.0,312.1,204.6
HURJA,6/5/2023,281.0,283.0,268.1,273.0,-2.92,18161.0,312.1,204.6
HURJA,6/6/2023,275.0,278.4,270.0,278.0,1.83,30835.0,312.1,204.6
HURJA,6/7/2023,283.0,291.0,280.1,284.0,2.16,44235.0,312.1,204.6
HURJA,6/8/2023,284.0,291.0,281.0,283.0,-0.35,13082.0,312.1,204.6
HURJA,6/11/2023,288.6,306.0,284.0,306.0,8.13,55030.0,312.1,204.6
HURJA,6/12/2023,309.0,312.0,296.0,297.1,-2.91,34119.0,312.1,204.6
HURJA,6/13/2023,301.0,305.0,295.0,295.0,-0.71,47087.0,312.1,204.6
HURJA,6/14/2023,300.0,312.0,281.4,290.0,-1.69,54016.0,312.1,204.6
HURJA,6/15/2023,295.0,295.8,284.0,284.0,-2.07,20793.0,312.1,204.6
HURJA,6/18/2023,289.0,294.2,284.3,287.4,1.2,22181.0,312.1,204.6
HURJA,6/19/2023,292.0,295.0,280.0,287.7,0.1,24869.0,312.1,204.6
HURJA,6/20/2023,293.0,293.0,273.2,274.5,-4.59,22377.0,312.1,204.6
HURJA,6/21/2023,279.0,280.0,264.0,269.2,-1.93,29154.0,312.1,204.6
HURJA,6/22/2023,264.1,272.0,260.0,265.0,-1.56,22434.0,312.1,204.6
HURJA,6/25/2023,265.0,290.9,257.8,290.9,9.77,40159.0,312.1,204.6
HURJA,6/26/2023,294.0,305.0,280.1,285.0,-2.03,44541.0,312.1,204.6
HURJA,6/27/2023,290.0,296.0,275.0,287.0,0.7,37700.0,312.1,204.6
HURJA,6/28/2023,285.1,290.0,272.0,272.0,-5.23,35456.0,312.1,204.6
HURJA,7/2/2023,268.7,277.4,268.0,274.0,0.74,22783.0,312.1,204.6
HURJA,7/3/2023,275.0,285.9,267.0,268.5,-2.01,18316.0,312.1,204.6
HURJA,7/4/2023,273.0,273.0,261.2,264.6,-1.45,12283.0,312.1,204.6
HURJA,7/5/2023,260.1,269.8,255.2,260.0,-1.74,16846.0,312.1,204.6
HURJA,7/6/2023,256.0,262.0,255.0,256.0,-1.54,14854.0,312.1,204.6
HURJA,7/9/2023,260.0,265.0,256.0,261.0,1.95,9005.0,312.1,204.6
HURJA,7/10/2023,265.0,266.0,255.0,258.0,-1.15,8130.0,312.1,204.6
HURJA,7/11/2023,258.0,259.0,251.9,253.5,-1.74,10779.0,312.1,204.6
HURJA,7/12/2023,256.0,278.8,256.0,270.0,6.51,48144.0,312.1,204.6
HURJA,7/13/2023,274.0,290.5,272.0,272.0,0.74,52759.0,312.1,204.6
HURJA,7/16/2023,272.0,277.0,257.1,274.0,0.74,21990.0,312.1,204.6
HURJA,7/17/2023,269.0,283.9,263.0,274.0,0.0,27770.0,312.1,204.6
HURJA,7/18/2023,270.0,275.4,260.1,264.0,-3.65,17799.0,312.1,204.6
HURJA,7/19/2023,259.5,267.9,259.5,261.9,-0.8,12651.0,312.1,204.6
HURJA,7/20/2023,256.7,270.0,256.7,264.0,0.8,22870.0,312.1,204.6
HURJA,7/23/2023,263.0,274.0,263.0,274.0,3.79,16340.0,312.1,204.6
HURJA,7/24/2023,274.0,275.0,264.8,269.0,-1.82,20027.0,312.1,204.6
HURJA,7/25/2023,263.8,267.9,263.7,267.9,-0.41,9103.0,312.1,204.6
HURJA,7/26/2023,264.1,269.3,264.1,265.0,-1.08,6858.0,312.1,204.6
HURJA,7/27/2023,259.7,265.0,257.1,263.9,-0.42,8139.0,312.1,204.6
HURJA,7/30/2023,259.0,273.3,256.1,263.7,-0.08,10923.0,312.1,204.6
HURJA,7/31/2023,264.0,264.0,259.0,263.0,-0.27,3859.0,312.1,204.6
HURJA,8/1/2023,264.0,264.0,253.0,255.0,-3.04,11156.0,312.1,204.6
HURJA,8/2/2023,251.0,252.9,244.0,246.9,-3.18,20985.0,312.1,204.6
HURJA,8/3/2023,248.0,249.9,240.0,242.0,-1.98,12607.0,312.1,204.6
HURJA,8/6/2023,240.0,242.9,239.2,242.9,0.37,3457.0,312.1,204.6
HURJA,8/7/2023,241.0,257.0,235.1,249.9,2.88,5632.0,312.1,204.6
HURJA,8/8/2023,246.1,247.9,238.3,238.3,-4.64,2780.0,312.1,204.6
HURJA,8/9/2023,234.0,252.0,229.5,252.0,5.75,16813.0,312.1,204.6
HURJA,8/10/2023,247.0,257.0,242.1,248.1,-1.55,17989.0,312.1,204.6
HURJA,8/13/2023,246.0,255.0,245.0,254.0,2.38,9417.0,312.1,204.6
HURJA,8/14/2023,250.1,255.0,240.4,243.1,-4.29,8431.0,312.1,204.6
HURJA,8/15/2023,242.0,243.0,238.5,238.6,-1.85,158294.0,312.1,204.6
HURJA,8/16/2023,237.0,238.6,225.7,232.0,-2.77,15621.0,312.1,204.6
HURJA,8/17/2023,232.0,235.0,229.0,230.1,-0.82,8622.0,312.1,204.6
HURJA,8/20/2023,227.0,233.5,223.0,223.0,-3.09,6002.0,312.1,204.6
HURJA,8/21/2023,220.0,225.4,211.0,215.0,-3.59,7944.0,312.1,204.6
HURJA,8/22/2023,212.0,219.3,212.0,219.0,1.86,7129.0,312.1,204.6
HURJA,8/23/2023,220.0,232.0,220.0,231.0,5.48,11744.0,312.1,204.6
HURJA,8/24/2023,231.0,235.6,220.0,224.8,-2.68,10830.0,312.1,204.6
HURJA,8/27/2023,228.0,228.0,215.0,220.0,-2.14,3105.0,312.1,204.6
HURJA,8/28/2023,215.6,225.0,214.2,220.5,0.23,2314.0,312.1,204.6
HURJA,8/29/2023,217.0,220.0,217.0,219.5,-0.45,485.0,312.1,204.6
HURJA,8/30/2023,219.9,224.2,210.5,219.0,-0.23,12263.0,312.1,204.6
HURJA,9/3/2023,220.0,220.0,212.5,213.1,-2.69,7191.0,312.1,204.6
HURJA,9/4/2023,213.5,217.5,210.0,217.5,2.06,3915.0,312.1,204.6
HURJA,9/5/2023,215.0,219.0,211.1,218.0,0.23,5283.0,312.1,204.6
HURJA,9/7/2023,214.0,214.0,206.0,210.0,-3.67,4555.0,312.1,204.6
HURJA,9/10/2023,213.0,213.9,208.8,213.1,1.48,4550.0,312.1,204.6
HURJA,9/11/2023,211.1,224.4,211.0,222.0,4.18,5579.0,312.1,204.6
HURJA,9/12/2023,217.7,217.7,206.6,206.6,-6.94,10795.0,312.1,204.6
HURJA,9/13/2023,209.0,218.9,207.2,218.5,5.76,11460.0,312.1,204.6
HURJA,9/17/2023,220.0,220.0,206.1,208.0,-4.81,22958.0,312.1,204.6
HURJA,9/18/2023,205.0,217.0,205.0,216.9,4.28,5720.0,312.1,204.6
HURJA,9/19/2023,221.2,234.5,213.0,234.5,8.11,44510.0,312.1,204.6
HURJA,9/21/2023,239.1,248.0,236.2,247.0,5.33,46450.0,312.1,204.6
HURJA,9/24/2023,242.1,244.0,231.1,234.9,-4.9,41489.0,312.1,204.6
HURJA,9/25/2023,230.3,258.3,229.0,258.3,9.96,26786.0,312.1,204.6
HURJA,9/26/2023,258.3,273.9,244.2,273.9,6.04,48790.0,312.1,204.6
HURJA,9/27/2023,268.5,268.5,250.2,253.0,-7.63,70063.0,312.1,204.6
HURJA,10/1/2023,253.0,253.0,236.4,239.8,-5.22,23143.0,312.1,204.6
HURJA,10/2/2023,236.1,257.0,236.0,257.0,7.17,33998.0,312.1,204.6
HURJA,10/3/2023,255.0,255.0,241.1,241.5,-6.03,10188.0,312.1,204.6
HURJA,10/4/2023,246.3,247.1,242.1,243.0,0.62,10100.0,312.1,204.6
HURJA,10/5/2023,241.1,252.9,240.2,242.9,-0.04,11049.0,312.1,204.6
HURJA,10/8/2023,245.0,245.0,230.5,233.0,-4.08,15673.0,312.1,204.6
HURJA,10/9/2023,237.0,237.0,227.0,230.3,-1.16,11735.0,312.1,204.6
HURJA,10/10/2023,226.4,227.0,223.0,227.0,-1.43,15285.0,312.1,204.6
HURJA,10/11/2023,231.0,231.4,223.6,231.0,1.76,13150.0,312.1,204.6
HURJA,10/12/2023,227.0,231.0,223.0,223.5,-3.25,9338.0,312.1,204.6
HURJA,10/16/2023,226.0,226.0,215.0,215.5,-3.58,8115.0,312.1,204.6
HURJA,10/17/2023,219.8,228.5,216.0,216.1,0.28,7995.0,312.1,204.6
HURJA,10/18/2023,217.0,225.0,217.0,225.0,4.12,12524.0,312.1,204.6
HURJA,10/19/2023,224.0,229.5,220.6,228.8,1.69,9088.0,312.1,204.6
HURJA,10/29/2023,226.0,226.1,219.1,221.0,-3.41,7382.0,312.1,204.6
HURJA,10/30/2023,221.0,230.0,220.0,229.9,4.03,11370.0,312.1,204.6
HURJA,10/31/2023,225.4,229.3,220.0,228.0,-0.83,6150.0,312.1,204.6
HURJA,11/1/2023,229.0,229.0,220.0,220.0,-3.51,1807.0,312.1,204.6
HURJA,11/2/2023,219.0,219.0,215.0,218.0,-0.91,16797.0,312.1,204.6
HURJA,11/5/2023,222.3,222.3,212.2,214.0,-1.83,7643.0,312.1,204.6
HURJA,11/6/2023,218.2,222.3,215.0,219.9,2.76,5131.0,312.1,204.6
HURJA,11/7/2023,224.0,227.5,214.0,221.5,0.73,6021.0,312.1,204.6
HURJA,11/8/2023,221.5,224.5,217.1,217.1,-1.99,2420.0,312.1,204.6
HURJA,11/9/2023,216.0,219.0,216.0,219.0,0.88,9654.0,312.1,204.6
HURJA,11/20/2023,221.0,222.9,214.0,218.2,-0.37,6941.0,312.1,204.6
HURJA,11/21/2023,218.5,218.5,210.5,210.5,-3.53,8253.0,312.1,204.6
HURJA,11/22/2023,210.0,217.0,209.0,216.0,2.61,5364.0,312.1,204.6
HURJA,11/23/2023,218.0,221.0,214.7,219.0,1.39,13093.0,312.1,204.6
HURJA,11/26/2023,220.0,227.0,219.0,226.9,3.61,15227.0,312.1,204.6
HURJA,11/27/2023,227.0,227.5,221.0,225.9,-0.44,10669.0,312.1,204.6
HURJA,11/28/2023,222.0,226.0,213.0,222.0,-1.73,10881.0,312.1,204.6
HURJA,11/29/2023,220.0,225.0,217.0,219.0,-1.35,5247.0,312.1,204.6
HURJA,11/30/2023,219.0,222.7,215.0,215.0,-1.83,6190.0,312.1,204.6
HURJA,12/3/2023,212.1,220.0,210.7,217.9,1.35,3752.0,312.1,204.6
HURJA,12/4/2023,214.1,221.0,214.0,216.0,-0.87,11716.0,312.1,204.6
HURJA,12/5/2023,216.0,216.0,212.0,213.9,-0.97,14006.0,312.1,204.6
HURJA,12/6/2023,215.0,215.0,212.1,213.7,-0.09,1272.0,312.1,204.6
HURJA,12/7/2023,214.0,220.0,212.0,219.0,2.48,10733.0,312.1,204.6
HURJA,12/10/2023,222.0,240.7,222.0,240.7,9.91,3680.0,312.1,204.6
HURJA,12/11/2023,245.5,250.0,230.0,235.0,-2.37,51539.0,312.1,204.6
HURJA,12/12/2023,235.0,246.0,230.3,243.0,3.4,65795.0,312.1,204.6
HURJA,12/13/2023,247.8,261.0,242.9,258.0,6.17,74595.0,312.1,204.6
HURJA,12/14/2023,253.5,275.8,253.0,270.0,4.65,82408.0,312.1,204.6
HURJA,12/17/2023,264.6,280.0,260.0,277.0,2.59,95422.0,312.1,204.6
HURJA,12/18/2023,280.0,282.0,265.1,268.5,-3.07,126011.0,312.1,204.6
HURJA,12/19/2023,268.9,270.0,256.8,264.0,-1.68,39421.0,312.1,204.6
HURJA,12/20/2023,269.0,274.0,258.0,266.9,1.1,57740.0,312.1,204.6
HURJA,12/21/2023,261.6,266.9,253.2,253.3,-5.1,38514.0,312.1,204.6
HURJA,12/24/2023,253.0,267.7,252.0,259.5,2.45,46823.0,312.1,204.6
HURJA,12/27/2023,259.0,263.5,252.0,255.0,-1.73,30894.0,312.1,204.6
HURJA,12/28/2023,260.1,260.1,249.5,251.8,-1.25,41049.0,312.1,204.6
HURJA,1/1/2024,256.0,257.0,250.0,250.0,-0.71,28557.0,312.1,204.6
HURJA,1/2/2024,246.0,249.9,240.0,243.9,-2.44,18916.0,312.1,204.6
HURJA,1/3/2024,244.0,257.0,241.0,251.0,2.91,40513.0,312.1,204.6
HURJA,1/4/2024,256.0,273.0,256.0,263.2,4.86,149228.0,312.1,204.6
HURJA,1/7/2024,268.4,277.0,260.0,266.8,1.37,92863.0,312.1,204.6
HURJA,1/8/2024,271.5,285.0,268.3,279.9,4.91,183221.0,312.1,204.6
HURJA,1/9/2024,285.0,296.8,284.0,287.0,2.54,148119.0,312.1,204.6
HURJA,1/10/2024,292.0,292.0,273.0,277.6,-3.28,69217.0,312.1,204.6
HURJA,1/11/2024,280.0,287.6,270.5,285.0,2.67,96836.0,312.1,204.6
HURJA,1/14/2024,290.0,310.9,288.5,308.9,8.39,217455.0,312.1,204.6
HURJA,1/16/2024,305.0,326.0,300.0,309.0,0.03,155397.0,312.1,204.6
HURJA,1/17/2024,310.0,314.0,287.5,291.0,-5.83,119072.0,312.1,204.6
HURJA,1/18/2024,291.0,306.0,281.0,295.0,1.37,71772.0,312.1,204.6
HURJA,1/21/2024,296.1,318.0,296.1,300.0,1.69,169380.0,312.1,204.6
HURJA,1/22/2024,300.0,310.0,290.1,295.0,-1.67,67199.0,312.1,204.6
HURJA,1/23/2024,300.0,303.0,287.1,290.0,-1.69,42975.0,312.1,204.6
HURJA,1/24/2024,295.0,298.0,280.3,284.0,-2.07,31533.0,312.1,204.6
HURJA,1/25/2024,289.0,293.0,282.0,283.6,-0.14,48704.0,312.1,204.6
HURJA,1/28/2024,284.0,299.0,283.6,294.0,3.67,50443.0,312.1,204.6
HURJA,1/29/2024,294.0,302.0,294.0,297.4,1.16,44387.0,312.1,204.6
HURJA,1/30/2024,296.0,309.3,296.0,307.0,3.23,63598.0,312.1,204.6
HURJA,1/31/2024,310.0,332.1,307.0,315.0,2.61,196373.0,312.1,204.6
HURJA,2/1/2024,315.0,316.9,303.0,307.0,-2.54,78257.0,312.1,204.6
HURJA,2/4/2024,301.0,312.8,296.6,299.0,-2.61,38835.0,312.1,204.6
HURJA,2/5/2024,304.8,306.0,300.5,302.9,1.3,29723.0,312.1,204.6
HURJA,2/6/2024,297.0,307.6,297.0,305.0,0.69,27999.0,312.1,204.6
HURJA,2/7/2024,305.0,312.0,304.0,309.9,1.61,44654.0,312.1,204.6
HURJA,2/8/2024,315.0,315.0,303.8,311.0,0.35,38087.0,312.1,204.6
HURJA,2/11/2024,315.0,315.0,306.0,306.4,-1.48,57479.0,312.1,204.6
HURJA,2/12/2024,307.0,310.0,304.3,308.9,0.82,41074.0,312.1,204.6
HURJA,2/13/2024,304.0,310.0,300.0,301.0,-2.56,60828.0,312.1,204.6
HURJA,2/14/2024,305.0,310.0,302.0,307.0,1.99,66157.0,312.1,204.6
HURJA,2/15/2024,301.0,330.0,301.0,321.0,4.56,268203.0,312.1,204.6
HURJA,2/18/2024,318.0,322.0,309.0,312.9,-2.52,88718.0,312.1,204.6
HURJA,2/20/2024,314.4,314.4,303.0,305.0,-2.52,36266.0,312.1,204.6
HURJA,2/21/2024,310.0,335.5,301.1,335.5,10.0,66929.0,312.1,204.6
HURJA,2/22/2024,329.0,329.0,305.2,310.0,-7.6,139287.0,312.1,204.6
HURJA,2/25/2024,304.0,335.0,302.1,303.5,-2.1,48214.0,312.1,204.6
HURJA,2/26/2024,309.0,309.0,296.9,300.0,-1.15,34269.0,312.1,204.6
HURJA,2/27/2024,298.5,302.0,296.0,298.8,-0.4,27840.0,312.1,204.6
HURJA,2/28/2024,296.1,298.7,291.0,297.0,-0.6,37944.0,312.1,204.6
HURJA,2/29/2024,302.9,302.9,279.3,283.9,-4.41,41782.0,312.1,204.6
HURJA,3/3/2024,278.5,289.0,278.5,281.6,-0.81,21365.0,312.1,204.6
HURJA,3/4/2024,287.2,307.0,287.2,307.0,9.02,2360.0,312.1,204.6
HURJA,3/5/2024,310.0,311.0,292.2,294.0,-4.23,59755.0,312.1,204.6
HURJA,3/6/2024,290.0,308.0,289.0,304.9,3.71,57591.0,312.1,204.6
HURJA,3/7/2024,300.1,311.1,300.0,302.0,-0.95,43432.0,312.1,204.6
HURJA,3/10/2024,308.0,309.0,297.0,303.0,0.33,40682.0,312.1,204.6
HURJA,3/12/2024,306.0,306.0,300.0,301.0,-0.66,42644.0,312.1,204.6
HURJA,3/13/2024,306.0,309.0,298.0,299.0,-0.66,25756.0,312.1,204.6
HURJA,3/14/2024,303.0,304.0,298.0,298.0,-0.33,42527.0,312.1,204.6
HURJA,3/17/2024,296.0,304.9,296.0,300.0,0.67,28802.0,312.1,204.6
HURJA,3/18/2024,303.0,303.0,296.0,299.7,-0.1,13548.0,312.1,204.6
HURJA,3/19/2024,305.0,305.0,295.0,295.0,-1.57,18000.0,312.1,204.6
HURJA,3/20/2024,295.0,299.7,291.0,292.0,-1.02,12250.0,312.1,204.6
HURJA,3/21/2024,296.0,296.9,290.0,290.0,-0.68,31855.0,312.1,204.6
HURJA,3/25/2024,285.1,291.0,285.0,288.0,-0.69,15117.0,312.1,204.6
HURJA,3/26/2024,289.9,301.9,284.0,294.9,2.4,23781.0,312.1,204.6
HURJA,3/27/2024,296.0,297.0,286.0,287.0,-2.68,6314.0,312.1,204.6
HURJA,3/28/2024,282.5,315.7,282.5,315.7,10.0,34823.0,312.1,204.6
HURJA,3/31/2024,309.4,324.8,301.0,315.0,-0.22,240030.0,312.1,204.6
HURJA,4/1/2024,310.0,333.9,300.9,313.0,-0.63,107267.0,312.1,204.6
HURJA,4/2/2024,310.0,330.0,299.1,309.9,-0.99,111460.0,312.1,204.6
HURJA,4/3/2024,304.0,322.5,297.0,300.0,-3.19,46756.0,312.1,204.6
HURJA,4/4/2024,297.0,300.8,292.2,295.0,-1.67,39218.0,312.1,204.6
HURJA,4/7/2024,290.6,296.8,290.6,293.0,-0.68,32129.0,312.1,204.6
HURJA,4/9/2024,298.8,304.0,294.0,295.1,0.72,26594.0,312.1,204.6
HURJA,4/10/2024,301.0,301.0,289.1,292.9,-0.75,28600.0,312.1,204.6
HURJA,4/14/2024,294.1,300.0,288.0,289.2,-1.26,19864.0,312.1,204.6
HURJA,4/15/2024,291.0,308.7,288.2,292.0,0.97,29514.0,312.1,204.6
HURJA,4/16/2024,292.0,294.9,289.0,289.8,-0.75,13747.0,312.1,204.6
HURJA,4/18/2024,288.0,288.0,280.0,283.0,-2.35,19905.0,312.1,204.6
HURJA,4/21/2024,288.0,290.7,282.1,290.0,2.47,18370.0,312.1,204.6
HURJA,4/22/2024,294.9,294.9,282.0,282.0,-2.76,20482.0,312.1,204.6
HURJA,4/24/2024,286.5,287.0,281.5,285.0,1.06,7858.0,312.1,204.6
HURJA,4/25/2024,289.9,292.0,281.3,281.3,-1.3,17404.0,312.1,204.6
HURJA,4/28/2024,279.2,296.3,279.2,290.1,3.13,32739.0,312.1,204.6
HURJA,4/29/2024,295.9,307.0,288.0,289.5,-0.21,14562.0,312.1,204.6
HURJA,4/30/2024,285.1,294.9,283.9,290.8,0.45,24542.0,312.1,204.6
HURJA,5/2/2024,296.6,296.6,283.0,287.6,-1.1,25925.0,312.1,204.6
HURJA,5/5/2024,285.0,285.0,280.0,284.0,-1.25,22690.0,312.1,204.6
HURJA,5/6/2024,289.0,289.0,277.0,277.0,-2.46,8850.0,312.1,204.6
HURJA,5/7/2024,280.0,288.0,276.0,279.0,0.72,17274.0,312.1,204.6
HURJA,5/8/2024,284.0,284.0,274.0,275.0,-1.43,8096.0,312.1,204.6
HURJA,5/9/2024,275.1,286.0,275.0,276.0,0.36,8123.0,312.1,204.6
HURJA,5/12/2024,273.0,287.0,271.0,276.5,0.18,7866.0,312.1,204.6
HURJA,5/13/2024,273.0,304.1,273.0,304.1,9.98,22391.0,312.1,204.6
HURJA,5/14/2024,298.1,298.1,280.0,290.0,-4.64,79562.0,312.1,204.6
HURJA,5/15/2024,291.1,293.0,285.2,286.0,-1.38,25375.0,312.1,204.6
HURJA,5/16/2024,282.0,286.0,280.0,283.6,-0.84,16561.0,312.1,204.6
HURJA,5/19/2024,289.2,290.0,280.1,283.8,0.07,22068.0,312.1,204.6
HURJA,5/20/2024,286.0,289.4,282.0,286.0,0.78,45814.0,312.1,204.6
HURJA,5/21/2024,286.0,291.5,282.2,287.3,0.45,35327.0,312.1,204.6
HURJA,5/22/2024,288.0,291.9,282.6,284.0,-1.15,16495.0,312.1,204.6
HURJA,5/26/2024,282.0,286.6,280.0,280.0,-1.41,16101.0,312.1,204.6
HURJA,5/27/2024,284.0,284.0,278.0,279.0,-0.36,20079.0,312.1,204.6
HURJA,5/29/2024,284.0,288.9,279.3,282.2,1.15,122147.0,312.1,204.6
HURJA,5/30/2024,280.0,286.9,277.0,280.0,-0.78,23529.0,312.1,204.6
HURJA,6/2/2024,284.5,284.5,279.1,280.0,0.0,12200.0,312.1,204.6
HURJA,6/3/2024,284.5,284.5,276.0,277.0,-1.07,16973.0,312.1,204.6
HURJA,6/4/2024,280.0,281.0,276.0,276.0,-0.36,8620.0,312.1,204.6
HURJA,6/5/2024,276.0,281.5,275.5,275.5,-0.18,13059.0,312.1,204.6
HURJA,6/6/2024,275.1,279.5,274.0,276.0,0.18,11390.0,312.1,204.6
HURJA,6/9/2024,280.0,280.0,270.0,273.8,-0.8,13275.0,312.1,204.6
HURJA,6/10/2024,274.9,279.8,274.9,275.0,0.44,15418.0,312.1,204.6
HURJA,6/11/2024,275.0,288.6,275.0,284.0,3.27,53074.0,312.1,204.6
HURJA,6/12/2024,288.9,312.0,287.1,287.1,1.09,34950.0,312.1,204.6
HURJA,6/13/2024,284.2,297.9,284.2,292.0,1.71,83251.0,312.1,204.6
HURJA,6/16/2024,296.0,312.0,293.6,304.0,4.11,164348.0,312.1,204.6
HURJA,6/18/2024,304.0,315.9,298.6,299.0,-1.64,100632.0,312.1,204.6
HURJA,6/19/2024,304.6,305.0,297.4,298.1,-0.3,26988.0,312.1,204.6
HURJA,6/20/2024,296.0,302.0,294.1,296.0,-0.7,25544.0,312.1,204.6
HURJA,6/23/2024,301.9,315.1,301.9,308.0,4.05,175655.0,312.1,204.6
HURJA,6/24/2024,301.9,326.6,301.0,307.0,-0.32,49822.0,312.1,204.6
HURJA,6/25/2024,312.0,312.0,291.0,298.8,-2.67,137206.0,312.1,204.6
HURJA,6/26/2024,294.0,295.0,280.0,283.1,-5.25,101858.0,312.1,204.6
HURJA,6/27/2024,284.0,284.0,275.0,276.5,-2.33,160802.0,312.1,204.6
HURJA,6/30/2024,276.0,279.0,266.5,273.0,-1.27,76457.0,312.1,204.6
HURJA,7/1/2024,267.6,299.6,267.6,299.6,9.74,72846.0,312.1,204.6
HURJA,7/2/2024,303.5,303.5,277.0,281.0,-6.21,201706.0,312.1,204.6
HURJA,7/3/2024,284.0,284.0,265.0,269.0,-4.27,220771.0,312.1,204.6
HURJA,7/4/2024,188.1,201.9,188.1,195.0,-27.51,193657.0,312.1,204.6
HURJA,7/7/2024,198.9,198.9,186.6,188.0,-3.59,119494.0,312.1,204.6
HURJA,7/8/2024,190.0,190.8,184.5,187.0,-0.53,44295.0,312.1,204.6
HURJA,7/9/2024,189.0,189.0,183.6,185.0,-1.07,45724.0,312.1,204.6
HURJA,7/10/2024,186.8,196.5,186.0,190.0,2.7,41692.0,312.1,204.6
HURJA,7/11/2024,190.1,191.4,188.0,188.2,-0.95,66170.0,312.1,204.6
HURJA,7/14/2024,191.9,203.5,188.2,196.1,4.2,63369.0,312.1,204.6
HURJA,7/15/2024,200.0,204.0,191.7,195.0,-0.56,62766.0,312.1,204.6
HURJA,7/16/2024,198.0,213.2,196.0,213.0,9.23,155545.0,312.1,204.6
HURJA,7/17/2024,217.2,221.0,207.8,213.0,0.0,188204.0,312.1,204.6
HURJA,7/18/2024,217.2,219.8,211.0,213.0,0.0,95734.0,312.1,204.6
HURJA,7/21/2024,217.0,225.4,214.0,224.9,5.59,222645.0,312.1,204.6
HURJA,7/22/2024,225.0,229.0,220.0,225.9,0.44,109356.0,312.1,204.6
HURJA,7/23/2024,225.8,248.4,223.0,248.4,9.96,156465.0,312.1,204.6
HURJA,7/24/2024,253.3,258.9,240.0,242.0,-2.58,159291.0,312.1,204.6
HURJA,7/25/2024,244.0,244.0,232.0,235.0,-2.89,124584.0,312.1,204.6
HURJA,7/28/2024,239.7,248.8,225.6,235.0,0.0,88833.0,312.1,204.6
HURJA,7/29/2024,235.0,239.0,228.9,229.0,-2.55,65463.0,312.1,204.6
HURJA,7/30/2024,225.1,235.4,225.1,233.0,1.75,86120.0,312.1,204.6
HURJA,7/31/2024,237.5,245.0,234.0,236.0,1.29,155823.0,312.1,204.6
HURJA,8/1/2024,240.0,241.0,234.0,234.0,-0.85,78199.0,312.1,204.6
HURJA,8/5/2024,235.0,238.0,227.0,233.0,-0.43,89993.0,312.1,204.6
HURJA,8/6/2024,237.0,237.0,219.0,219.0,-6.01,73900.0,312.1,204.6
HURJA,8/7/2024,218.5,226.4,217.0,225.0,2.74,78529.0,312.1,204.6
HURJA,8/8/2024,229.5,240.0,229.0,232.5,3.33,117955.0,312.1,204.6
HURJA,8/11/2024,235.0,250.0,228.4,243.2,4.6,218863.0,312.1,204.6
HURJA,8/12/2024,248.0,260.0,248.0,260.0,6.91,243657.0,312.1,204.6
HURJA,8/13/2024,265.0,265.2,251.9,260.0,0.0,145788.0,312.1,204.6
HURJA,8/14/2024,265.2,265.2,249.8,265.0,1.92,176289.0,312.1,204.6
HURJA,8/15/2024,270.0,290.0,266.0,286.0,7.92,292042.0,312.1,204.6
HURJA,8/18/2024,291.7,291.7,270.0,275.7,-3.6,182699.0,312.1,204.6
HURJA,8/21/2024,281.2,281.2,262.0,265.0,-3.88,139655.0,312.1,204.6
HURJA,8/22/2024,270.3,272.0,260.8,264.0,-0.38,121366.0,312.1,204.6
HURJA,8/25/2024,269.2,269.2,252.0,252.5,-4.36,94164.0,312.1,204.6
HURJA,8/27/2024,257.5,257.5,230.3,235.0,-6.93,114277.0,312.1,204.6
HURJA,8/28/2024,239.0,258.0,236.0,241.0,2.55,89452.0,312.1,204.6
HURJA,8/29/2024,236.2,250.7,233.4,244.0,1.24,77076.0,312.1,204.6
HURJA,9/1/2024,240.0,253.0,235.6,239.0,-2.05,52290.0,312.1,204.6
HURJA,9/2/2024,235.0,257.3,235.0,253.0,5.86,91854.0,312.1,204.6
HURJA,9/3/2024,258.0,259.0,245.0,247.6,-2.13,79943.0,312.1,204.6
HURJA,9/4/2024,247.6,249.9,235.0,240.0,-3.07,51158.0,312.1,204.6
HURJA,9/5/2024,236.0,240.0,230.0,236.0,-1.67,42405.0,312.1,204.6
HURJA,9/8/2024,240.5,240.5,231.0,231.7,-1.82,19997.0,312.1,204.6
HURJA,9/9/2024,232.0,234.0,223.5,227.0,-2.03,44504.0,312.1,204.6
HURJA,9/10/2024,230.9,231.5,220.0,221.8,-2.29,34711.0,312.1,204.6
HURJA,9/11/2024,217.4,224.0,217.4,219.5,-1.04,22367.0,312.1,204.6
HURJA,9/12/2024,220.0,231.5,217.0,231.5,5.47,32759.0,312.1,204.6
HURJA,9/15/2024,232.0,238.1,224.0,225.0,-2.81,54059.0,312.1,204.6
HURJA,9/16/2024,222.0,225.0,218.0,219.0,-2.67,36453.0,312.1,204.6
HURJA,9/18/2024,219.0,233.3,215.0,223.1,1.87,51193.0,312.1,204.6
HURJA,9/22/2024,227.0,232.0,222.0,224.0,0.4,24673.0,312.1,204.6
HURJA,9/23/2024,224.0,225.0,210.0,210.0,-6.25,49737.0,312.1,204.6
HURJA,9/24/2024,211.5,223.0,207.0,207.0,-1.43,30895.0,312.1,204.6
HURJA,9/25/2024,211.1,215.0,203.0,210.0,1.45,23075.0,312.1,204.6
HURJA,9/26/2024,214.2,218.0,205.8,209.0,-0.48,19962.0,312.1,204.6
HURJA,9/29/2024,209.0,209.0,200.0,201.0,-3.83,20722.0,312.1,204.6
HURJA,9/30/2024,198.0,205.0,198.0,202.2,0.6,13538.0,312.1,204.6
HURJA,10/1/2024,206.1,218.5,206.1,218.0,7.81,31773.0,312.1,204.6
HURJA,10/2/2024,222.0,222.0,213.0,215.0,-1.38,25164.0,312.1,204.6
HURJA,10/6/2024,215.0,219.0,212.0,218.1,1.44,19618.0,312.1,204.6
HURJA,10/7/2024,222.0,233.0,222.0,225.8,3.53,33989.0,312.1,204.6
HURJA,10/8/2024,225.1,226.0,219.7,222.6,-1.42,13182.0,312.1,204.6
HURJA,10/9/2024,227.0,227.0,219.5,220.0,-1.17,15256.0,312.1,204.6
HURJA,10/15/2024,224.0,224.0,218.0,222.0,0.91,30046.0,312.1,204.6
HURJA,10/16/2024,224.0,228.1,224.0,228.0,2.7,54515.0,312.1,204.6
HURJA,10/17/2024,229.9,230.0,225.3,228.0,0.0,43769.0,312.1,204.6
HURJA,10/20/2024,225.0,227.0,219.0,224.0,-1.75,49370.0,312.1,204.6
HURJA,10/21/2024,219.7,227.9,216.2,219.0,-2.23,21927.0,312.1,204.6
HURJA,10/22/2024,218.0,226.0,218.0,224.6,2.56,16279.0,312.1,204.6
HURJA,10/23/2024,229.0,229.0,219.0,220.0,-2.05,24044.0,312.1,204.6
HURJA,10/24/2024,217.6,222.0,217.6,218.3,-0.77,18895.0,312.1,204.6
HURJA,10/27/2024,218.0,222.0,218.0,220.9,1.19,9559.0,312.1,204.6
HURJA,10/28/2024,225.0,225.0,220.0,222.0,0.5,5843.0,312.1,204.6
HURJA,10/29/2024,223.0,228.0,221.0,225.0,1.35,29821.0,312.1,204.6
HURJA,10/30/2024,220.5,220.5,207.0,217.0,-3.56,697916.0,312.1,204.6
HURJA,11/5/2024,218.0,220.0,214.0,215.1,-0.88,120512.0,312.1,204.6
HURJA,11/6/2024,215.1,217.8,214.3,214.6,-0.23,63676.0,312.1,204.6
HURJA,11/10/2024,210.4,226.0,210.4,223.0,3.91,501354.0,312.1,204.6
HURJA,11/11/2024,227.4,234.0,225.0,225.5,1.12,419230.0,312.1,204.6
HURJA,11/12/2024,229.0,230.4,220.0,221.0,-2.0,221982.0,312.1,204.6
HURJA,11/13/2024,222.0,225.0,219.0,220.6,-0.18,83534.0,312.1,204.6
HURJA,11/14/2024,220.6,234.0,219.0,224.0,1.54,346232.0,312.1,204.6
HURJA,11/17/2024,228.4,242.0,228.4,235.0,4.91,902054.0,312.1,204.6
HURJA,11/19/2024,239.0,246.8,231.4,243.0,3.4,874253.0,312.1,204.6
HURJA,11/20/2024,247.8,257.0,239.0,254.9,4.9,764519.0,312.1,204.6
HURJA,11/21/2024,259.9,259.9,248.0,248.0,-2.71,725097.0,312.1,204.6
HURJA,11/24/2024,245.0,249.6,238.0,240.0,-3.23,483802.0,312.1,204.6
HURJA,11/25/2024,244.0,244.0,235.6,239.1,-0.38,315981.0,312.1,204.6
HURJA,11/26/2024,243.7,251.8,240.0,248.1,3.76,265043.0,312.1,204.6
HURJA,11/27/2024,252.0,260.0,249.0,259.5,4.59,650676.0,312.1,204.6
HURJA,11/28/2024,260.0,263.0,251.5,252.7,-2.62,387264.0,312.1,204.6
HURJA,12/1/2024,247.7,253.9,243.0,250.0,-1.07,331471.0,312.1,204.6
HURJA,12/2/2024,250.0,258.0,247.0,249.0,-0.4,369556.0,312.1,204.6
HURJA,12/3/2024,253.9,255.0,248.0,248.3,-0.28,242745.0,312.1,204.6
HURJA,12/4/2024,249.0,259.5,248.3,255.0,2.7,393873.0,312.1,204.6
HURJA,12/5/2024,256.0,258.1,247.7,249.0,-2.35,226474.0,312.1,204.6
HURJA,12/8/2024,250.0,255.0,240.1,243.0,-2.41,218250.0,312.1,204.6
HURJA,12/9/2024,239.0,248.1,238.3,239.1,-1.6,143905.0,312.1,204.6
HURJA,12/10/2024,240.0,244.0,236.5,238.8,-0.13,116921.0,312.1,204.6
HURJA,12/11/2024,241.0,246.0,237.4,246.0,3.02,117992.0,312.1,204.6
HURJA,12/12/2024,246.0,248.0,239.0,241.3,-1.91,143021.0,312.1,204.6
HURJA,12/16/2024,237.3,239.9,232.0,234.0,-3.03,158036.0,312.1,204.6
HURJA,12/17/2024,237.0,237.0,229.6,232.0,-0.85,113002.0,312.1,204.6
HURJA,12/18/2024,236.6,236.6,229.0,230.0,-0.86,144823.0,312.1,204.6
HURJA,12/19/2024,234.0,234.0,223.6,223.6,-2.78,118536.0,312.1,204.6
HURJA,12/22/2024,228.0,229.0,222.0,225.0,0.63,107737.0,312.1,204.6
HURJA,12/23/2024,229.5,231.0,225.0,231.0,2.67,86207.0,312.1,204.6
HURJA,12/24/2024,228.0,236.6,228.0,232.6,0.69,115125.0,312.1,204.6
HURJA,12/26/2024,228.3,235.0,228.3,229.9,-1.16,71820.0,312.1,204.6
HURJA,12/29/2024,226.5,230.9,224.0,224.4,-2.39,113721.0,312.1,204.6
HURJA,12/31/2024,228.8,228.8,218.0,220.9,-1.56,111521.0,312.1,204.6
HURJA,1/1/2025,222.0,224.0,220.0,221.6,0.32,70895.0,312.1,204.6
HURJA,1/2/2025,225.0,225.0,221.0,224.0,1.08,45049.0,312.1,204.6
HURJA,1/5/2025,220.1,229.6,220.1,229.6,2.5,115688.0,312.1,204.6
HURJA,1/6/2025,233.0,237.4,227.0,237.0,3.22,159855.0,312.1,204.6
HURJA,1/7/2025,240.0,240.0,232.0,236.0,-0.42,151110.0,312.1,204.6
HURJA,1/8/2025,240.0,240.0,233.0,235.0,-0.42,78658.0,312.1,204.6
HURJA,1/9/2025,239.7,239.7,230.0,235.9,0.38,277759.0,312.1,204.6
HURJA,1/12/2025,236.0,236.5,231.0,234.0,-0.81,68317.0,312.1,204.6
HURJA,1/13/2025,234.0,234.0,227.0,228.6,-2.31,98787.0,312.1,204.6
HURJA,1/15/2025,229.0,235.6,227.0,229.9,0.57,88011.0,312.1,204.6
HURJA,1/16/2025,233.0,233.0,226.0,227.0,-1.26,74636.0,312.1,204.6
HURJA,1/19/2025,231.0,231.0,225.0,226.9,-0.04,83041.0,312.1,204.6
HURJA,1/20/2025,231.3,232.8,228.0,231.5,2.03,119722.0,312.1,204.6
HURJA,1/21/2025,236.1,236.1,228.1,229.9,-0.69,94577.0,312.1,204.6
HURJA,1/22/2025,232.8,238.0,230.0,236.0,2.65,188784.0,312.1,204.6
HURJA,1/23/2025,238.0,239.0,234.0,235.0,-0.42,153273.0,312.1,204.6
HURJA,1/26/2025,237.7,238.9,231.4,234.0,-0.43,131175.0,312.1,204.6
HURJA,1/27/2025,238.0,238.0,231.1,234.5,0.21,134848.0,312.1,204.6
HURJA,1/28/2025,232.0,242.5,232.0,241.3,2.9,229415.0,312.1,204.6
HURJA,2/2/2025,246.1,254.0,246.1,253.3,4.97,505095.0,312.1,204.6
HURJA,2/3/2025,250.3,258.4,246.3,252.9,-0.16,397667.0,312.1,204.6
HURJA,2/4/2025,253.4,272.8,248.5,268.7,6.25,973479.0,312.1,204.6
HURJA,2/5/2025,273.0,279.8,270.0,270.6,0.71,725007.0,312.1,204.6
HURJA,2/6/2025,276.0,276.0,268.0,269.9,-0.26,465257.0,312.1,204.6
HURJA,2/9/2025,275.2,275.2,259.9,260.5,-3.48,446197.0,312.1,204.6
HURJA,2/10/2025,265.7,265.7,252.0,254.0,-2.5,335705.0,312.1,204.6
HURJA,2/11/2025,255.0,257.9,251.0,254.9,0.35,268719.0,312.1,204.6
HURJA,2/12/2025,255.0,266.0,254.1,260.1,2.04,264418.0,312.1,204.6
HURJA,2/13/2025,263.0,265.0,255.1,255.1,-1.92,195294.0,312.1,204.6
HURJA,2/16/2025,250.0,260.0,250.0,255.9,0.31,171036.0,312.1,204.6
HURJA,2/17/2025,251.0,259.8,251.0,253.6,-0.9,182779.0,312.1,204.6
HURJA,2/18/2025,248.7,263.0,248.7,252.9,-0.28,275873.0,312.1,204.6
HURJA,2/20/2025,247.9,256.0,247.9,249.0,-1.54,188310.0,312.1,204.6
HURJA,2/23/2025,244.1,251.0,243.0,246.6,-0.96,175466.0,312.1,204.6
HURJA,2/24/2025,249.9,254.2,246.0,251.0,1.78,230363.0,312.1,204.6
HURJA,2/25/2025,251.0,254.0,248.9,251.3,0.12,151789.0,312.1,204.6
HURJA,2/27/2025,254.9,262.8,251.0,261.9,4.22,360274.0,312.1,204.6
HURJA,3/2/2025,266.0,268.8,260.1,268.0,2.33,309970.0,312.1,204.6
HURJA,3/3/2025,269.2,273.0,260.0,260.2,-2.91,252809.0,312.1,204.6
HURJA,3/4/2025,263.0,268.2,256.0,258.4,-0.69,291280.0,312.1,204.6
HURJA,3/5/2025,258.0,264.1,255.1,257.6,-0.31,177834.0,312.1,204.6
HURJA,3/6/2025,259.9,261.0,253.0,260.0,0.93,198622.0,312.1,204.6
HURJA,3/9/2025,260.0,260.0,252.1,252.3,-2.96,132313.0,312.1,204.6
HURJA,3/10/2025,256.3,256.3,247.3,249.5,-1.11,146041.0,312.1,204.6
HURJA,3/11/2025,250.0,251.0,243.0,245.0,-1.8,158659.0,312.1,204.6
HURJA,3/12/2025,249.9,252.0,245.5,249.6,1.88,154256.0,312.1,204.6
HURJA,3/16/2025,250.0,253.0,245.1,246.0,-1.44,113599.0,312.1,204.6
HURJA,3/17/2025,249.8,249.8,243.1,246.0,0.0,100337.0,312.1,204.6
HURJA,3/18/2025,247.0,250.0,243.1,243.5,-1.02,66553.0,312.1,204.6
HURJA,3/19/2025,244.0,247.8,240.0,241.9,-0.66,69185.0,312.1,204.6
HURJA,3/20/2025,244.9,244.9,237.5,238.43,-1.43,81378.0,312.1,204.6
HURJA,3/23/2025,243.0,243.0,228.0,229.3,-3.83,177445.0,312.1,204.6
HURJA,3/24/2025,229.0,237.9,227.0,234.61,2.32,109888.0,312.1,204.6
HURJA,3/25/2025,230.0,233.9,227.1,227.47,-3.04,121168.0,312.1,204.6
HURJA,3/26/2025,232.0,235.0,227.5,232.75,2.32,59757.0,312.1,204.6
HURJA,3/27/2025,237.4,237.4,233.0,236.1,1.44,94911.0,312.1,204.6
HURJA,3/30/2025,236.0,250.0,234.3,245.32,3.91,184871.0,312.1,204.6
HURJA,4/1/2025,248.9,250.0,240.2,242.4,-1.19,87082.0,312.1,204.6
HURJA,4/2/2025,240.0,245.9,240.0,241.97,-0.18,57220.0,312.1,204.6
HURJA,4/3/2025,245.0,245.5,238.1,240.3,-0.69,77170.0,312.1,204.6
HURJA,4/7/2025,238.0,240.9,235.0,235.5,-2.0,63277.0,312.1,204.6
HURJA,4/8/2025,234.0,240.0,226.7,234.56,-0.4,178655.0,312.1,204.6
HURJA,4/9/2025,236.9,238.8,233.5,235.78,0.52,32627.0,312.1,204.6
HURJA,4/10/2025,238.9,240.7,233.1,235.73,-0.02,77678.0,312.1,204.6
HURJA,4/13/2025,238.0,238.0,232.1,234.29,-0.61,62746.0,312.1,204.6
HURJA,4/15/2025,233.0,241.0,233.0,238.79,1.92,60118.0,312.1,204.6
HURJA,4/16/2025,234.1,250.0,234.1,245.76,2.92,123129.0,312.1,204.6
HURJA,4/17/2025,250.6,252.0,246.0,248.37,1.06,273509.0,312.1,204.6
HURJA,4/20/2025,247.1,248.0,240.0,241.59,-2.73,61928.0,312.1,204.6
HURJA,4/21/2025,245.0,252.0,240.1,247.28,2.36,206088.0,312.1,204.6
HURJA,4/22/2025,250.0,254.0,245.0,245.13,-0.87,159239.0,312.1,204.6
HURJA,4/23/2025,245.0,247.0,236.0,238.97,-2.51,78001.0,312.1,204.6
HURJA,4/24/2025,238.0,244.0,236.0,240.58,0.67,70032.0,312.1,204.6
HURJA,4/27/2025,241.0,248.0,240.0,245.05,1.86,136505.0,312.1,204.6
HURJA,4/28/2025,248.8,258.9,248.5,250.41,2.19,447909.0,312.1,204.6
HURJA,4/29/2025,255.3,255.3,245.1,247.61,-1.12,137464.0,312.1,204.6
HURJA,4/30/2025,242.7,264.9,242.7,260.89,5.36,622571.0,312.1,204.6
HURJA,5/4/2025,266.1,269.5,259.2,260.63,-0.1,519836.0,312.1,204.6
HURJA,5/5/2025,265.8,265.8,250.0,251.7,-3.43,228137.0,312.1,204.6
HURJA,5/6/2025,256.0,264.1,251.0,261.25,3.79,327670.0,312.1,204.6
HURJA,5/7/2025,264.9,268.0,260.1,263.31,0.79,449443.0,312.1,204.6
HURJA,5/8/2025,267.8,279.0,258.0,271.56,3.13,936912.0,312.1,204.6
HURJA,5/11/2025,276.9,283.4,274.0,275.27,1.37,783352.0,312.1,204.6
HURJA,5/13/2025,280.0,280.0,263.0,264.26,-4.0,469558.0,312.1,204.6
HURJA,5/14/2025,269.0,269.0,257.0,257.72,-2.47,283373.0,312.1,204.6
HURJA,5/15/2025,253.1,259.9,253.0,255.37,-0.91,225606.0,312.1,204.6
HURJA,5/18/2025,255.0,259.5,247.0,249.71,-2.22,248621.0,312.1,204.6
HURJA,5/19/2025,254.3,255.1,250.0,250.84,0.45,145337.0,312.1,204.6
HURJA,5/20/2025,250.0,263.9,248.0,260.52,3.86,200922.0,312.1,204.6
HURJA,5/21/2025,265.7,271.0,254.0,255.48,-1.93,273232.0,312.1,204.6
HURJA,5/22/2025,259.0,259.0,250.0,250.46,-1.96,215798.0,312.1,204.6
HURJA,5/25/2025,255.0,255.0,248.0,249.73,-0.29,75134.0,312.1,204.6
HURJA,5/26/2025,254.7,259.0,246.0,247.32,-0.97,189484.0,312.1,204.6
HURJA,5/27/2025,245.0,250.0,242.1,246.42,-0.36,166290.0,312.1,204.6
HURJA,5/28/2025,249.5,258.0,244.9,253.03,2.68,208383.0,312.1,204.6
HURJA,6/2/2025,258.0,262.9,248.1,249.51,-1.39,145177.0,312.1,204.6
HURJA,6/3/2025,244.6,253.8,244.6,246.11,-1.36,96483.0,312.1,204.6
HURJA,6/4/2025,245.0,248.0,244.5,245.66,-0.18,70589.0,312.1,204.6
HURJA,6/5/2025,250.0,250.0,244.0,249.15,1.42,142561.0,312.1,204.6
HURJA,6/8/2025,250.0,256.0,246.3,254.3,2.07,215574.0,312.1,204.6
HURJA,6/9/2025,257.0,260.0,253.9,256.4,0.83,238988.0,312.1,204.6
HURJA,6/10/2025,257.2,265.3,255.2,260.98,1.79,333227.0,312.1,204.6
HURJA,6/11/2025,266.0,266.0,255.5,259.55,-0.55,169627.0,312.1,204.6
HURJA,6/12/2025,264.0,269.0,257.0,259.8,0.1,445273.0,312.1,204.6
HURJA,6/15/2025,260.0,263.0,253.0,255.16,-1.79,245743.0,312.1,204.6
HURJA,6/16/2025,260.2,275.0,258.0,266.1,4.29,1063942.0,312.1,204.6
HURJA,6/17/2025,271.0,274.0,260.1,261.92,-1.57,227243.0,312.1,204.6
HURJA,6/18/2025,266.0,270.0,262.0,268.9,2.66,367476.0,312.1,204.6
HURJA,6/19/2025,274.0,281.9,270.0,271.8,1.08,1074351.0,312.1,204.6
HURJA,6/22/2025,270.0,270.0,256.7,257.32,-5.33,343615.0,312.1,204.6
HURJA,6/23/2025,253.3,262.1,250.0,254.89,-0.94,241963.0,312.1,204.6
HURJA,6/24/2025,259.8,263.0,253.0,253.27,-0.64,184761.0,312.1,204.6
HURJA,6/25/2025,257.0,257.0,250.0,254.17,0.36,176852.0,312.1,204.6
HURJA,6/26/2025,255.0,262.0,253.0,253.43,-0.29,226320.0,312.1,204.6
HURJA,6/29/2025,258.4,258.4,252.0,254.17,0.29,106296.0,312.1,204.6
HURJA,6/30/2025,257.0,262.0,252.6,253.35,-0.32,164123.0,312.1,204.6
HURJA,7/1/2025,248.3,257.8,248.3,256.34,1.18,150501.0,312.1,204.6
HURJA,7/2/2025,255.0,260.0,254.0,254.39,-0.76,154281.0,312.1,204.6
HURJA,7/3/2025,257.0,257.0,252.0,252.9,-0.59,185220.0,312.1,204.6
HURJA,7/6/2025,252.0,254.0,250.4,251.8,-0.43,151655.0,312.1,204.6
HURJA,7/7/2025,249.6,253.8,248.0,249.51,-0.91,127441.0,312.1,204.6
HURJA,7/8/2025,254.0,254.0,247.0,250.05,0.22,91884.0,312.1,204.6
HURJA,7/9/2025,246.5,255.0,246.5,250.41,0.14,84244.0,312.1,204.6
HURJA,7/10/2025,251.3,254.0,247.0,247.53,-1.15,157315.0,312.1,204.6
HURJA,7/13/2025,252.4,260.0,249.0,249.02,0.6,105766.0,312.1,204.6
HURJA,7/14/2025,254.0,254.0,247.0,247.96,-0.43,99100.0,312.1,204.6
HURJA,7/15/2025,252.0,253.4,247.5,251.52,1.44,120612.0,312.1,204.6
HURJA,7/16/2025,253.0,254.0,250.0,250.92,-0.24,158034.0,312.1,204.6
HURJA,7/17/2025,254.5,263.0,250.1,260.41,3.78,276140.0,312.1,204.6
HURJA,7/20/2025,263.6,266.4,256.8,257.67,-1.05,282100.0,312.1,204.6
HURJA,7/21/2025,256.0,259.7,254.0,258.03,0.14,139380.0,312.1,204.6
HURJA,7/22/2025,260.0,264.3,257.2,262.55,1.75,244543.0,312.1,204.6
HURJA,7/23/2025,267.8,275.0,260.0,268.59,2.3,403931.0,312.1,204.6
HURJA,7/24/2025,269.0,274.0,267.2,269.37,0.29,333661.0,312.1,204.6
HURJA,7/27/2025,274.0,275.4,263.1,264.6,-1.77,412978.0,312.1,204.6
HURJA,7/28/2025,264.9,265.0,260.3,264.11,-0.19,189108.0,312.1,204.6
HURJA,7/29/2025,269.0,270.0,262.6,263.64,-0.18,187497.0,312.1,204.6
HURJA,7/30/2025,265.0,265.0,256.0,257.35,-2.39,158430.0,312.1,204.6
HURJA,7/31/2025,256.0,260.0,253.0,254.25,-1.2,138100.0,312.1,204.6
HURJA,8/3/2025,249.2,256.4,249.2,251.31,-1.16,158974.0,312.1,204.6
HURJA,8/4/2025,254.0,254.0,248.6,251.23,-0.03,125568.0,312.1,204.6
HURJA,8/5/2025,254.0,254.0,247.1,247.66,-1.42,94055.0,312.1,204.6
HURJA,8/6/2025,242.8,251.0,242.8,247.26,-0.16,64416.0,312.1,204.6
HURJA,8/7/2025,242.4,253.0,242.4,250.7,1.39,96856.0,312.1,204.6
HURJA,8/11/2025,250.0,254.0,245.0,245.52,-2.07,78422.0,312.1,204.6
HURJA,8/12/2025,250.4,250.4,242.0,242.3,-1.31,99332.0,312.1,204.6
HURJA,8/13/2025,237.5,246.0,237.5,239.82,-1.02,99229.0,312.1,204.6
HURJA,8/14/2025,243.9,243.9,238.0,238.86,-0.4,78653.0,312.1,204.6
HURJA,8/17/2025,234.1,243.0,234.1,237.97,-0.37,43559.0,312.1,204.6
HURJA,8/18/2025,233.3,242.6,233.3,237.59,-0.16,108452.0,312.1,204.6
HURJA,8/19/2025,242.3,246.9,235.1,239.55,0.82,36770.0,312.1,204.6
HURJA,8/20/2025,243.0,243.0,238.0,238.87,-0.28,33862.0,312.1,204.6
HURJA,8/21/2025,234.1,241.4,234.1,236.17,-1.13,48911.0,312.1,204.6
HURJA,8/24/2025,237.0,239.9,233.1,234.34,-0.77,51817.0,312.1,204.6
HURJA,8/25/2025,235.9,237.7,233.4,235.51,0.5,53409.0,312.1,204.6
HURJA,8/26/2025,239.8,239.8,234.2,234.79,-0.31,18095.0,312.1,204.6
HURJA,8/27/2025,230.1,242.0,230.1,241.35,2.79,48699.0,312.1,204.6
HURJA,8/28/2025,243.0,244.0,237.0,237.78,-1.48,61625.0,312.1,204.6
HURJA,8/31/2025,242.5,242.5,233.5,233.78,-1.68,40411.0,312.1,204.6
HURJA,9/1/2025,238.4,238.4,230.0,233.49,-0.12,22503.0,312.1,204.6
HURJA,9/2/2025,228.9,237.9,228.9,230.31,-1.36,41621.0,312.1,204.6
HURJA,9/3/2025,225.8,234.6,225.8,230.29,-0.01,50750.0,312.1,204.6
HURJA,9/4/2025,225.7,232.5,222.9,229.1,-0.52,79459.0,312.1,204.6
HURJA,9/7/2025,224.6,230.5,224.6,225.6,-1.53,50208.0,312.1,204.6
HURJA,9/8/2025,226.0,228.0,221.1,221.99,-1.6,62290.0,312.1,204.6
HURJA,9/18/2025,217.6,219.8,207.0,210.0,-5.4,5403.0,312.1,204.6
HURJA,9/21/2025,206.0,227.7,206.0,226.87,8.03,108067.0,312.1,204.6
HURJA,9/23/2025,229.0,234.0,226.0,233.8,3.05,58360.0,312.1,204.6
HURJA,9/24/2025,235.0,235.0,225.4,225.6,-3.51,40715.0,312.1,204.6
HURJA,9/25/2025,223.4,228.8,223.4,227.0,0.62,18227.0,312.1,204.6
HURJA,9/28/2025,228.9,233.4,227.2,230.2,1.41,15696.0,312.1,204.6
HURJA,10/7/2025,226.1,228.0,220.1,222.9,-3.17,41341.0,312.1,204.6
HURJA,10/8/2025,224.0,224.0,214.0,215.5,-3.32,69271.0,312.1,204.6
HURJA,10/9/2025,219.8,233.0,219.4,220.0,2.09,46142.0,312.1,204.6
HURJA,10/12/2025,217.0,219.0,212.0,213.0,-3.18,66128.0,312.1,204.6
HURJA,10/13/2025,213.0,219.0,213.0,217.5,2.11,39970.0,312.1,204.6
HURJA,10/14/2025,217.5,217.5,213.0,213.5,-1.84,31014.0,312.1,204.6
HURJA,10/15/2025,211.0,214.9,210.5,210.5,-1.41,25233.0,312.1,204.6
HURJA,10/16/2025,211.0,211.5,205.0,206.0,-2.14,74855.0,312.1,204.6
HURJA,10/19/2025,209.8,209.8,205.8,208.7,1.31,15244.0,312.1,204.6
HURJA,10/26/2025,208.7,209.0,204.6,209.0,0.14,24783.0,312.1,204.6
HURJA,10/28/2025,208.0,218.8,208.0,217.0,3.83,35989.0,312.1,204.6
HURJA,10/29/2025,220.0,221.3,213.0,216.0,-0.46,106999.0,312.1,204.6
HURJA,10/30/2025,220.3,224.0,214.2,223.8,3.61,62806.0,312.1,204.6
HURJA,11/2/2025,220.0,239.8,220.0,237.0,5.9,191320.0,312.1,204.6
HURJA,11/3/2025,232.3,239.9,230.3,231.0,-2.53,117836.0,312.1,204.6
HURJA,11/4/2025,235.6,235.6,223.0,227.0,-1.73,73461.0,312.1,204.6
HURJA,11/5/2025,222.6,229.0,221.0,228.0,0.44,72801.0,312.1,204.6
HURJA,11/6/2025,226.0,230.5,223.0,223.5,-1.97,60058.0,312.1,204.6
HURJA,11/9/2025,220.0,224.4,220.0,220.0,-1.57,41489.0,312.1,204.6
HURJA,11/10/2025,222.0,222.0,217.0,220.0,0.0,25181.0,312.1,204.6
HURJA,11/11/2025,222.0,224.0,218.0,222.7,1.23,28445.0,312.1,204.6
HURJA,11/12/2025,227.1,227.1,218.9,222.0,-0.31,35376.0,312.1,204.6
HURJA,11/13/2025,225.8,225.8,218.6,220.0,-0.9,38886.0,312.1,204.6
HURJA,11/16/2025,224.4,224.4,217.0,222.5,1.14,28597.0,312.1,204.6
HURJA,11/17/2025,223.5,225.5,218.3,224.2,0.76,42267.0,312.1,204.6
HURJA,11/18/2025,225.5,229.5,225.3,227.2,1.34,139208.0,312.1,204.6
HURJA,11/19/2025,230.0,230.0,223.8,224.0,-1.41,34319.0,312.1,204.6
HURJA,11/20/2025,222.0,228.0,220.2,222.5,-0.67,49941.0,312.1,204.6
HURJA,11/23/2025,226.0,233.4,221.5,230.3,3.51,144227.0,312.1,204.6
HURJA,11/24/2025,234.9,237.0,230.3,233.0,1.17,106480.0,312.1,204.6
HURJA,11/25/2025,236.0,236.0,230.3,234.7,0.73,60653.0,312.1,204.6
HURJA,11/26/2025,239.3,239.3,230.5,230.9,-1.62,109746.0,312.1,204.6
HURJA,11/27/2025,230.1,232.5,230.0,231.7,0.35,64456.0,312.1,204.6
HURJA,11/30/2025,230.0,235.0,227.1,227.7,-1.73,120657.0,312.1,204.6
HURJA,12/1/2025,230.0,231.7,226.6,227.1,-0.26,33459.0,312.1,204.6
HURJA,12/2/2025,231.5,231.5,226.5,227.5,0.18,27514.0,312.1,204.6
HURJA,12/3/2025,223.1,231.5,223.1,226.2,-0.57,24060.0,312.1,204.6
HURJA,12/7/2025,230.7,230.7,222.4,224.0,-0.97,31479.0,312.1,204.6
HURJA,12/8/2025,227.9,227.9,220.2,222.0,-0.89,19145.0,312.1,204.6
HURJA,12/9/2025,219.4,225.0,219.3,222.8,0.36,58406.0,312.1,204.6
HURJA,12/10/2025,222.1,223.8,220.8,222.5,-0.13,14083.0,312.1,204.6
HURJA,12/11/2025,222.0,222.9,221.0,222.0,-0.22,23487.0,312.1,204.6
HURJA,12/14/2025,222.0,223.0,219.2,221.0,-0.45,30873.0,312.1,204.6
HURJA,12/15/2025,218.6,221.5,218.5,221.0,0.0,22220.0,312.1,204.6
HURJA,12/16/2025,222.0,223.0,220.5,222.0,0.45,30714.0,312.1,204.6
HURJA,12/17/2025,223.0,225.9,223.0,224.7,1.22,36445.0,312.1,204.6
HURJA,12/18/2025,226.0,227.0,222.0,222.0,-1.2,36719.0,312.1,204.6
HURJA,12/21/2025,222.0,222.0,218.1,219.0,-1.35,34050.0,312.1,204.6
HURJA,12/22/2025,219.0,220.0,216.0,218.0,-0.46,32430.0,312.1,204.6
HURJA,12/23/2025,218.0,218.0,215.0,218.0,0.0,25739.0,312.1,204.6
HURJA,12/24/2025,216.3,220.9,216.2,219.7,0.78,16640.0,312.1,204.6
HURJA,12/28/2025,222.9,225.8,221.0,225.8,2.78,50244.0,312.1,204.6
HURJA,12/29/2025,224.6,227.0,220.2,224.0,-0.8,43596.0,312.1,204.6
HURJA,12/31/2025,226.9,229.9,224.0,224.5,0.22,53497.0,312.1,204.6
HURJA,1/1/2026,227.9,227.9,221.1,221.1,-1.51,21852.0,312.1,204.6
HURJA,1/4/2026,220.0,221.9,218.7,219.9,-0.54,29391.0,312.1,204.6
HURJA,1/5/2026,221.0,223.0,218.3,223.0,1.41,37302.0,312.1,204.6
HURJA,1/6/2026,220.0,224.6,220.0,222.8,-0.09,48330.0,312.1,204.6
HURJA,1/7/2026,227.0,227.0,220.2,221.0,-0.81,33621.0,312.1,204.6
HURJA,1/8/2026,220.0,224.0,219.7,223.5,1.13,91038.0,312.1,204.6
HURJA,1/12/2026,221.1,224.6,221.1,223.0,-0.22,18840.0,312.1,204.6
HURJA,1/13/2026,224.0,224.1,219.1,221.1,-0.85,46908.0,312.1,204.6
HURJA,1/14/2026,224.0,224.0,220.7,222.0,0.41,53330.0,312.1,204.6
HURJA,1/18/2026,224.2,228.0,221.5,225.8,1.71,63070.0,312.1,204.6
HURJA,1/20/2026,230.0,233.0,226.1,231.5,2.52,129625.0,312.1,204.6
HURJA,1/21/2026,233.0,234.9,228.7,229.9,-0.69,98683.0,312.1,204.6
HURJA,1/22/2026,232.0,237.6,228.6,237.5,3.31,199696.0,312.1,204.6
HURJA,1/25/2026,241.9,247.7,239.0,246.0,3.58,212365.0,312.1,204.6
HURJA,1/26/2026,247.1,247.5,239.0,242.9,-1.26,255299.0,312.1,204.6
HURJA,1/27/2026,247.1,247.1,233.5,234.2,-3.58,177624.0,312.1,204.6
HURJA,1/28/2026,232.0,238.8,230.6,237.0,1.2,100584.0,312.1,204.6
HURJA,1/29/2026,239.9,256.4,234.8,248.0,4.64,596962.0,312.1,204.6
HURJA,2/1/2026,249.0,261.0,245.4,257.0,3.63,476144.0,312.1,204.6
HURJA,2/2/2026,258.0,259.79,250.0,255.0,-0.78,198093.0,312.1,204.6
HURJA,2/3/2026,260.1,260.1,244.7,244.7,-4.04,145944.0,312.1,204.6
HURJA,2/4/2026,249.5,249.5,237.4,244.0,-0.29,192774.0,312.1,204.6
HURJA,2/5/2026,240.1,260.9,239.5,255.1,4.55,460252.0,312.1,204.6
HURJA,2/8/2026,259.0,266.9,258.0,259.6,1.76,571043.0,312.1,204.6
HURJA,2/9/2026,263.0,274.9,259.9,268.9,3.58,895478.0,312.1,204.6
HURJA,2/10/2026,270.0,276.0,263.0,269.9,0.37,627560.0,312.1,204.6
HURJA,2/11/2026,275.2,282.3,266.3,281.3,4.22,804102.0,312.1,204.6
HURJA,2/12/2026,276.5,295.0,276.0,283.9,0.92,1085097.0,312.1,204.6
HURJA,2/16/2026,284.0,284.0,269.7,271.2,-4.47,650748.0,312.1,204.6
HURJA,2/17/2026,276.6,278.0,261.0,263.0,-3.02,429569.0,312.1,204.6
HURJA,2/22/2026,264.0,264.0,251.0,252.0,-4.18,231914.0,312.1,204.6
HURJA,2/23/2026,252.0,256.8,245.0,247.8,-1.67,166121.0,312.1,204.6
HURJA,2/24/2026,243.0,255.3,243.0,254.0,2.5,106794.0,312.1,204.6
HURJA,2/25/2026,255.0,257.4,253.0,256.8,1.1,101469.0,312.1,204.6
HURJA,2/26/2026,259.0,259.0,253.2,255.0,-0.7,97906.0,312.1,204.6
HURJA,2/27/2026,259.0,259.0,253.2,255.0,0.0,97906.0,312.1,204.6
HURJA,2/28/2026,259.0,259.0,253.2,255.0,0.0,97906.0,312.1,204.6
HURJA,3/2/2026,260.1,264.9,247.0,260.3,2.08,197710.0,312.1,204.6
HURJA,3/3/2026,260.3,269.9,256.0,266.8,2.5,232691.0,312.1,204.6
HURJA,3/4/2026,260.3,269.9,256.0,266.8,0.0,232691.0,312.1,204.6
HURJA,3/5/2026,260.3,269.9,256.0,266.8,0.0,232691.0,312.1,204.6
HURJA,3/6/2026,260.3,269.9,256.0,266.8,0.0,232691.0,312.1,204.6
HURJA,3/7/2026,260.3,269.9,256.0,266.8,0.0,232691.0,312.1,204.6
HURJA,3/8/2026,260.3,269.9,256.0,266.8,0.0,232691.0,312.1,204.6
HURJA,3/9/2026,272.1,292.0,272.1,282.5,5.88,22772.0,312.1,204.6
HURJA,3/10/2026,288.0,291.9,274.5,285.1,0.92,761115.0,312.1,204.6
HURJA,3/11/2026,290.0,297.0,281.0,286.4,0.46,691898.0,312.1,204.6
HURJA,3/12/2026,285.0,310.0,285.0,302.0,5.45,989760.0,312.1,204.6
HURJA,3/13/2026,285.0,310.0,285.0,302.0,0.0,989760.0,312.1,204.6
HURJA,3/14/2026,285.0,310.0,285.0,302.0,0.0,989760.0,312.1,204.6
HURJA,3/15/2026,308.0,308.0,297.0,304.7,0.89,592671.0,312.1,204.6
HURJA,3/16/2026,299.0,306.2,293.0,294.3,-3.41,450009.0,312.1,204.6
HURJA,3/17/2026,290.0,305.0,290.0,302.7,2.85,471775.0,312.1,204.6
HURJA,3/18/2026,290.0,305.0,290.0,302.7,0.0,471775.0,312.1,204.6
HURJA,3/19/2026,297.0,312.1,297.0,305.0,0.76,619385.0,312.1,204.6
HURJA,3/20/2026,297.0,312.1,297.0,305.0,0.0,619385.0,312.1,204.6
HURJA,3/21/2026,297.0,312.1,297.0,305.0,0.0,619385.0,312.1,204.6
HURJA,3/22/2026,305.0,311.0,295.0,299.0,-1.97,887634.0,312.1,204.6
HURJA,3/23/2026,299.0,300.3,291.0,294.9,-1.37,263231.0,312.1,204.6
HURJA,3/24/2026,299.9,300.0,292.1,296.0,0.37,335627.0,312.1,204.6
HURJA,3/25/2026,294.1,298.0,290.0,293.0,-1.01,289733.0,312.1,204.6
HURJA,3/26/2026,294.0,294.7,289.0,294.0,0.0,158119.0,312.1,204.6
HURJA,3/29/2026,294.0,295.0,284.2,286.0,-2.72,329041.0,312.1,204.6
HURJA,3/30/2026,287.0,302.0,285.0,294.5,2.61,1065534.0,312.1,204.6
HURJA,3/31/2026,300.0,301.0,291.2,295.9,-1.37,910465.0,312.1,204.6
HURJA,4/1/2026,296.0,296.0,276.1,277.0,-6.42,503961.0,312.1,204.6
HURJA,4/2/2026,274.0,285.0,268.8,274.0,0.0,295047.0,312.1,204.6
HURJA,4/5/2026,270.0,270.0,255.3,256.5,-5.0,520171.0,312.1,204.6
HURJA,4/6/2026,261.0,276.8,256.1,275.6,5.59,380753.0,312.1,204.6
HURJA,4/7/2026,270.1,286.0,268.1,274.0,1.44,185614.0,312.1,204.6
HURJA,4/8/2026,276.9,281.5,272.6,279.0,0.76,175801.0,312.1,204.6
HURJA,4/9/2026,282.8,286.0,275.0,280.0,-0.99,269791.0,312.1,204.6
HURJA,4/10/2026,274.4,285.0,274.4,279.0,1.68,306144.0,312.1,204.6
HURJA,4/13/2026,275.1,287.8,275.1,287.0,4.33,385970.0,312.1,204.6
HURJA,4/15/2026,292.0,294.6,284.0,290.9,-0.38,502919.0,312.1,204.6
HURJA,4/16/2026,296.7,296.7,275.0,280.0,-5.63,470931.0,312.1,204.6
HURJA,4/17/2026,279.1,283.9,273.0,279.5,0.14,209037.0,312.1,204.6
HURJA,4/20/2026,280.0,280.0,270.1,272.0,-2.86,130566.0,312.1,204.6
HURJA,4/21/2026,258.4,276.9,258.4,264.0,2.17,189362.0,312.1,204.6
HURJA,4/22/2026,262.0,275.0,258.0,271.0,3.44,196862.0,312.1,204.6
HURJA,4/23/2026,257.5,272.0,257.5,264.4,2.68,174063.0,312.1,204.6
HURJA,4/24/2026,263.0,263.9,257.0,262.0,-0.38,103513.0,312.1,204.6
HURJA,4/27/2026,262.0,264.0,260.5,262.9,0.34,71965.0,312.1,204.6
HURJA,4/28/2026,262.9,264.8,255.0,260.0,-1.1,182035.0,312.1,204.6
HURJA,4/29/2026,260.0,260.0,252.2,254.9,-1.96,104043.0,312.1,204.6
HURJA,4/30/2026,242.2,257.8,242.2,255.0,5.28,90951.0,312.1,204.6
HURJA,5/4/2026,253.0,255.0,246.0,246.9,-2.41,132765.0,312.1,204.6
HURJA,5/5/2026,245.1,254.9,245.1,250.0,2.0,93338.0,312.1,204.6
HURJA,5/6/2026,253.0,253.0,246.0,246.9,-2.41,53115.0,312.1,204.6
HURJA,5/7/2026,249.0,249.4,246.0,247.5,-0.6,34333.0,312.1,204.6
HURJA,5/8/2026,250.0,253.0,247.6,253.0,1.2,67475.0,312.1,204.6
HURJA,5/11/2026,256.0,263.0,254.0,263.0,2.73,94510.0,312.1,204.6
HURJA,5/12/2026,264.8,265.9,255.1,256.0,-3.32,105283.0,312.1,204.6
HURJA,5/13/2026,254.9,254.9,252.4,253.7,-0.47,54445.0,312.1,204.6
HURJA,5/14/2026,253.0,254.5,250.6,252.0,-0.4,33692.0,312.1,204.6
HURJA,5/15/2026,253.0,256.5,252.0,252.9,-0.04,29928.0,312.1,204.6
HURJA,5/18/2026,255.0,257.0,252.0,252.5,-0.98,20798.0,312.1,204.6
HURJA,5/19/2026,252.6,253.2,248.2,250.0,-1.03,52874.0,312.1,204.6
HURJA,5/20/2026,248.2,257.0,248.2,257.0,3.55,46715.0,312.1,204.6
HURJA,5/21/2026,254.7,258.9,254.6,257.4,1.06,65868.0,312.1,204.6
HURJA,5/22/2026,254.6,263.0,254.6,263.0,3.3,57523.0,312.1,204.6
HURJA,5/25/2026,262.0,269.0,262.0,267.0,1.91,89844.0,312.1,204.6
HURJA,5/26/2026,269.0,270.0,259.0,262.1,-2.57,97135.0,312.1,204.6
HURJA,5/27/2026,262.1,264.0,260.1,262.4,0.11,78902.0,312.1,204.6
HURJA,6/1/2026,260.0,262.0,255.0,255.3,-1.81,102023.0,312.1,204.6
HURJA,6/2/2026,256.0,259.0,253.3,257.7,0.66,23981.0,312.1,204.6
HURJA,6/3/2026,257.7,259.0,256.0,257.2,-0.19,30098.0,312.1,204.6
HURJA,6/4/2026,256.0,258.0,254.0,255.0,-0.39,42604.0,312.1,204.6
HURJA,6/5/2026,255.1,257.5,250.1,252.5,-1.02,42526.0,312.1,204.6
HURJA,6/8/2026,250.0,254.0,250.0,250.8,0.32,44563.0,312.1,204.6
HURJA,6/9/2026,238.3,252.0,238.3,250.0,4.91,81152.0,312.1,204.6
HURJA,6/10/2026,248.0,253.0,248.0,250.0,0.81,26793.0,312.1,204.6
HURJA,6/11/2026,254.0,254.0,248.0,249.7,-1.69,38778.0,312.1,204.6
HURJA,6/12/2026,248.0,252.0,247.0,249.6,0.65,33699.0,312.1,204.6
HURJA,6/15/2026,249.6,249.6,246.2,247.9,-0.68,34018.0,312.1,204.6
HURJA,6/16/2026,247.0,247.0,246.1,247.0,0.0,30125.0,312.1,204.6
HURJA,6/17/2026,246.5,249.9,245.5,246.9,0.16,24156.0,312.1,204.6
HURJA,6/18/2026,247.0,247.0,244.0,245.0,-0.81,29344.0,312.1,204.6
HURJA,6/19/2026,245.0,245.1,241.2,243.0,-0.82,40313.0,312.1,204.6
HURJA,6/22/2026,243.3,246.0,242.0,243.0,-0.12,23429.0,312.1,204.6
HURJA,6/23/2026,240.1,244.9,240.0,241.0,0.37,37267.0,312.1,204.6
HURJA,6/24/2026,241.0,241.0,234.0,237.7,-1.37,52364.0,312.1,204.6
HURJA,6/26/2026,235.0,236.9,234.3,234.3,-0.3,25750.0,312.1,204.6
HURJA,6/29/2026,236.0,236.0,228.0,231.3,-1.99,39810.0,312.1,204.6
HURJA,6/30/2026,226.1,232.0,225.1,229.0,1.28,33676.0,312.1,204.6
HURJA,7/1/2026,231.0,238.7,231.0,237.0,2.6,47776.0,312.1,204.6
HURJA,7/2/2026,237.0,238.7,230.3,234.2,-1.18,31435.0,312.1,204.6
HURJA,7/3/2026,234.9,236.0,233.0,233.3,-0.68,22810.0,312.1,204.6
HURJA,7/6/2026,231.0,235.0,228.0,230.4,-0.26,25766.0,312.1,204.6
HURJA,7/7/2026,228.0,233.0,228.0,231.9,1.71,28024.0,312.1,204.6
HURJA,7/8/2026,229.1,232.0,228.9,230.0,0.39,37804.0,312.1,204.6
HURJA,7/9/2026,230.0,230.0,226.0,227.4,-1.13,32493.0,312.1,204.6
HURJA,7/10/2026,230.0,231.0,225.0,226.0,-1.74,56263.0,312.1,204.6
HURJA,7/13/2026,226.0,226.0,222.0,222.1,-1.73,52638.0,312.1,204.6
HURJA,7/14/2026,224.0,228.0,219.1,226.0,0.89,43280.0,312.1,204.6
HURJA,7/15/2026,229.9,230.0,226.7,227.0,-1.26,18128.0,312.1,204.6
HURJA,7/16/2026,229.0,230.0,225.1,226.5,-1.09,24506.0,312.1,204.6
HURJA,7/17/2026,229.0,238.8,229.0,238.0,3.93,54855.0,312.1,204.6
HURJA,7/20/2026,239.0,248.0,239.0,247.4,3.51,89500.0,312.1,204.6
HURJA,7/21/2026,253.0,253.0,242.1,245.1,-3.12,64980.0,312.1,204.6
HURJA,7/22/2026,245.1,247.5,239.0,240.0,-2.08,62330.0,312.1,204.6
HURJA,7/23/2026,240.0,243.7,236.2,242.8,1.17,53462.0,312.1,204.6
HURJA,7/24/2026,245.0,245.8,240.0,241.0,-1.63,51790.0,312.1,204.6
HURJA,7/27/2026,241.3,246.0,235.0,237.0,-1.78,71050.0,312.1,204.6
HURJA,7/28/2026,237.0,238.0,233.0,234.1,-1.22,56571.0,312.1,204.6
HURJA,7/29/2026,232.0,238.0,232.0,234.2,0.95,16960.0,312.1,204.6
HURJA,7/30/2026,237.0,237.0,230.4,232.0,-2.11,36584.0,312.1,204.6
HURJA,7/31/2026,230.5,238.0,230.1,236.1,2.43,30589.0,312.1,204.6
HURJA,8/3/2026,240.0,242.0,236.3,237.9,-0.87,48508.0,312.1,204.6
HURJA,8/4/2026,236.0,239.2,233.0,239.0,1.27,36183.0,312.1,204.6
HURJA,8/5/2026,241.0,241.9,236.5,239.9,-0.46,52381.0,312.1,204.6
HURJA,8/6/2026,245.0,245.0,239.0,239.1,-2.41,34513.0,312.1,204.6
HURJA,8/7/2026,238.0,239.8,237.0,238.0,0.0,29557.0,312.1,204.6
HURJA,8/10/2026,239.7,240.0,236.2,239.0,-0.29,28025.0,312.1,204.6
HURJA,8/11/2026,240.5,241.8,237.5,238.0,-1.04,33750.0,312.1,204.6
HURJA,8/12/2026,237.0,240.8,236.0,237.0,0.0,23768.0,312.1,204.6
HURJA,8/13/2026,240.0,249.0,238.2,245.8,2.42,158691.0,312.1,204.6
HURJA,8/14/2026,249.9,249.9,243.3,244.4,-2.2,65095.0,312.1,204.6
HURJA,8/17/2026,245.0,246.0,240.0,241.0,-1.63,34390.0,312.1,204.6
HURJA,8/18/2026,241.0,241.0,235.1,235.6,-2.24,44585.0,312.1,204.6
HURJA,8/19/2026,235.6,238.0,232.7,235.5,-0.04,39189.0,312.1,204.6
HURJA,8/20/2026,233.3,238.5,233.3,237.9,1.97,18279.0,312.1,204.6
HURJA,8/21/2026,238.0,241.9,234.1,234.1,-1.64,29860.0,312.1,204.6
HURJA,8/24/2026,238.0,238.0,233.0,233.5,-1.89,41095.0,312.1,204.6
HURJA,8/25/2026,236.9,236.9,231.1,233.5,-1.44,31529.0,312.1,204.6
HURJA,8/26/2026,234.0,234.1,226.6,228.0,-2.56,77058.0,312.1,204.6
HURJA,8/27/2026,225.0,233.0,220.0,230.0,2.22,41082.0,312.1,204.6
HURJA,8/31/2026,231.0,231.0,225.0,226.0,-2.16,45909.0,312.1,204.6
HURJA,9/1/2026,225.9,231.0,225.9,229.0,1.37,34665.0,312.1,204.6
HURJA,9/2/2026,226.1,231.0,225.5,230.0,1.72,16174.0,312.1,204.6
HURJA,9/3/2026,232.0,232.0,225.0,228.0,-1.72,36438.0,312.1,204.6
HURJA,9/7/2026,230.0,234.3,229.3,233.5,1.52,44635.0,312.1,204.6
HURJA,9/9/2026,231.1,235.0,231.1,232.0,0.39,39646.0,312.1,204.6
HURJA,9/10/2026,231.0,238.0,228.0,235.0,1.73,45230.0,312.1,204.6
HURJA,9/11/2026,234.9,247.0,234.9,247.0,5.15,149139.0,312.1,204.6
HURJA,9/14/2026,249.0,255.0,247.0,252.0,1.2,213347.0,312.1,204.6
HURJA,9/15/2026,264.0,265.0,253.1,263.0,-0.38,308689.0,312.1,204.6
HURJA,9/16/2026,265.0,266.0,256.0,257.0,-3.02,235007.0,312.1,204.6
HURJA,9/17/2026,262.0,270.8,262.0,266.9,1.87,346261.0,312.1,204.6
HURJA,9/18/2026,265.0,269.8,261.0,264.0,-0.38,123680.0,312.1,204.6
HURJA,9/22/2026,259.0,268.0,258.2,260.0,0.39,121112.0,312.1,204.6
HURJA,9/23/2026,259.0,260.0,251.0,252.0,-2.7,111584.0,312.1,204.6
HURJA,9/24/2026,252.1,257.9,250.6,257.0,1.94,80862.0,312.1,204.6
HURJA,9/28/2026,256.0,260.0,250.1,252.5,-1.37,82384.0,312.1,204.6
HURJA,9/29/2026,252.0,254.5,251.2,0.0,-100.0,23380.0,312.1,204.6
HURJA,9/30/2026,258.6,260.0,251.1,256.0,-1.01,65519.0,312.1,204.6
HURJA,10/1/2026,259.0,266.0,256.7,260.0,0.39,226689.0,312.1,204.6
HURJA,10/2/2026,260.0,265.0,255.0,257.0,-1.15,134386.0,312.1,204.6
ICFC,5/16/2011,165.0,165.0,162.0,162.0,,150.0,715.0,567.6
ICFC,5/18/2011,162.0,160.0,160.0,160.0,-1.23,30.0,715.0,567.6
ICFC,5/19/2011,160.0,157.0,157.0,157.0,-1.88,20.0,715.0,567.6
ICFC,5/23/2011,157.0,154.0,150.0,150.0,-4.46,306.0,715.0,567.6
ICFC,5/24/2011,150.0,147.0,147.0,147.0,-2.0,100.0,715.0,567.6
ICFC,5/25/2011,147.0,149.0,147.0,149.0,1.36,570.0,715.0,567.6
ICFC,5/26/2011,149.0,151.0,151.0,151.0,1.34,10.0,715.0,567.6
ICFC,5/30/2011,151.0,157.0,154.0,157.0,3.97,40.0,715.0,567.6
ICFC,5/31/2011,157.0,154.0,151.0,151.0,-3.82,88.0,715.0,567.6
ICFC,6/1/2011,151.0,148.0,143.0,143.0,-5.3,402.0,715.0,567.6
ICFC,6/2/2011,143.0,144.0,144.0,144.0,0.7,264.0,715.0,567.6
ICFC,6/5/2011,144.0,142.0,142.0,142.0,-1.39,55.0,715.0,567.6
ICFC,6/7/2011,142.0,140.0,138.0,140.0,-1.41,208.0,715.0,567.6
ICFC,6/16/2011,140.0,142.0,138.0,142.0,1.43,278.0,715.0,567.6
ICFC,6/21/2011,156.0,171.0,159.0,171.0,20.42,50.0,715.0,567.6
ICFC,6/23/2011,171.0,180.0,174.0,180.0,5.26,363.0,715.0,567.6
ICFC,6/26/2011,180.0,180.0,180.0,180.0,0.0,100.0,715.0,567.6
ICFC,6/30/2011,180.0,177.0,177.0,177.0,-1.67,50.0,715.0,567.6
ICFC,7/3/2011,177.0,175.0,169.0,169.0,-4.52,254.0,715.0,567.6
ICFC,7/5/2011,169.0,166.0,166.0,166.0,-1.78,100.0,715.0,567.6
ICFC,7/6/2011,166.0,164.0,156.0,156.0,-6.02,1285.0,715.0,567.6
ICFC,7/7/2011,156.0,156.0,146.0,146.0,-6.41,566.0,715.0,567.6
ICFC,7/11/2011,146.0,153.0,148.0,153.0,4.79,348.0,715.0,567.6
ICFC,7/12/2011,153.0,153.0,150.0,153.0,0.0,112.0,715.0,567.6
ICFC,7/13/2011,153.0,162.0,156.0,159.0,3.92,650.0,715.0,567.6
ICFC,7/14/2011,159.0,171.0,162.0,165.0,3.77,909.0,715.0,567.6
ICFC,7/18/2011,165.0,168.0,168.0,168.0,1.82,164.0,715.0,567.6
ICFC,7/19/2011,168.0,165.0,165.0,165.0,-1.79,100.0,715.0,567.6
ICFC,7/20/2011,165.0,168.0,168.0,168.0,1.82,240.0,715.0,567.6
ICFC,7/21/2011,168.0,168.0,168.0,168.0,0.0,88.0,715.0,567.6
ICFC,7/27/2011,168.0,165.0,161.0,161.0,-4.17,488.0,715.0,567.6
ICFC,7/31/2011,161.0,164.0,161.0,161.0,0.0,140.0,715.0,567.6
ICFC,8/8/2011,161.0,160.0,157.0,157.0,-2.48,308.0,715.0,567.6
ICFC,8/9/2011,157.0,154.0,151.0,151.0,-3.82,200.0,715.0,567.6
ICFC,8/10/2011,151.0,148.0,142.0,142.0,-5.96,1330.0,715.0,567.6
ICFC,8/11/2011,142.0,142.0,142.0,142.0,0.0,1344.0,715.0,567.6
ICFC,8/16/2011,142.0,142.0,142.0,142.0,0.0,324.0,715.0,567.6
ICFC,8/17/2011,142.0,140.0,140.0,140.0,-1.41,400.0,715.0,567.6
ICFC,8/18/2011,140.0,142.0,142.0,142.0,1.43,176.0,715.0,567.6
ICFC,8/22/2011,142.0,143.0,141.0,141.0,-0.7,710.0,715.0,567.6
ICFC,8/23/2011,141.0,142.0,142.0,142.0,0.71,2552.0,715.0,567.6
ICFC,8/24/2011,142.0,140.0,140.0,140.0,-1.41,404.0,715.0,567.6
ICFC,9/1/2011,140.0,140.0,140.0,140.0,0.0,150.0,715.0,567.6
ICFC,9/13/2011,140.0,138.0,133.0,133.0,-5.0,354.0,715.0,567.6
ICFC,9/14/2011,133.0,134.0,134.0,134.0,0.75,88.0,715.0,567.6
ICFC,9/18/2011,134.0,132.0,130.0,130.0,-2.99,240.0,715.0,567.6
ICFC,9/19/2011,130.0,131.0,131.0,131.0,0.77,50.0,715.0,567.6
ICFC,9/21/2011,131.0,131.0,129.0,129.0,-1.53,468.0,715.0,567.6
ICFC,9/25/2011,129.0,130.0,130.0,130.0,0.78,1012.0,715.0,567.6
ICFC,9/26/2011,130.0,128.0,119.0,119.0,-8.46,4809.0,715.0,567.6
ICFC,9/27/2011,119.0,121.0,115.0,121.0,1.68,6204.0,715.0,567.6
ICFC,10/2/2011,121.0,127.0,123.0,127.0,4.96,264.0,715.0,567.6
ICFC,10/9/2011,127.0,129.0,129.0,129.0,1.57,110.0,715.0,567.6
ICFC,10/10/2011,129.0,138.0,131.0,138.0,6.98,11442.0,715.0,567.6
ICFC,10/12/2011,138.0,144.0,137.0,144.0,4.35,4745.0,715.0,567.6
ICFC,10/16/2011,144.0,144.0,142.0,143.0,-0.69,400.0,715.0,567.6
ICFC,10/17/2011,143.0,146.0,144.0,146.0,2.1,3246.0,715.0,567.6
ICFC,10/19/2011,146.0,146.0,146.0,146.0,0.0,1408.0,715.0,567.6
ICFC,10/23/2011,146.0,144.0,144.0,144.0,-1.37,200.0,715.0,567.6
ICFC,10/30/2011,144.0,145.0,144.0,145.0,0.69,3956.0,715.0,567.6
ICFC,11/2/2011,145.0,159.0,147.0,159.0,9.66,426.0,715.0,567.6
ICFC,11/3/2011,159.0,156.0,144.0,144.0,-9.43,1240.0,715.0,567.6
ICFC,11/6/2011,144.0,146.0,144.0,146.0,1.39,1088.0,715.0,567.6
ICFC,11/8/2011,146.0,144.0,140.0,140.0,-4.11,942.0,715.0,567.6
ICFC,11/10/2011,140.0,142.0,142.0,142.0,1.43,59.0,715.0,567.6
ICFC,11/13/2011,142.0,141.0,141.0,141.0,-0.7,44.0,715.0,567.6
ICFC,11/14/2011,141.0,140.0,135.0,135.0,-4.26,248.0,715.0,567.6
ICFC,11/16/2011,135.0,135.0,131.0,135.0,0.0,268.0,715.0,567.6
ICFC,11/17/2011,135.0,136.0,134.0,134.0,-0.74,888.0,715.0,567.6
ICFC,11/20/2011,134.0,136.0,135.0,135.0,0.75,716.0,715.0,567.6
ICFC,11/21/2011,135.0,135.0,134.0,135.0,0.0,448.0,715.0,567.6
ICFC,11/23/2011,135.0,137.0,135.0,135.0,0.0,316.0,715.0,567.6
ICFC,11/24/2011,135.0,136.0,134.0,136.0,0.74,256.0,715.0,567.6
ICFC,11/27/2011,136.0,135.0,134.0,135.0,-0.74,580.0,715.0,567.6
ICFC,12/1/2011,135.0,135.0,135.0,135.0,0.0,440.0,715.0,567.6
ICFC,12/4/2011,135.0,135.0,135.0,135.0,0.0,500.0,715.0,567.6
ICFC,12/5/2011,135.0,135.0,133.0,133.0,-1.48,1300.0,715.0,567.6
ICFC,12/6/2011,133.0,133.0,130.0,130.0,-2.26,1230.0,715.0,567.6
ICFC,12/7/2011,130.0,130.0,130.0,130.0,0.0,240.0,715.0,567.6
ICFC,12/8/2011,130.0,131.0,131.0,131.0,0.77,200.0,715.0,567.6
ICFC,12/11/2011,131.0,130.0,130.0,130.0,-0.76,220.0,715.0,567.6
ICFC,12/12/2011,130.0,128.0,127.0,127.0,-2.31,194.0,715.0,567.6
ICFC,12/15/2011,127.0,128.0,128.0,128.0,0.79,60.0,715.0,567.6
ICFC,12/19/2011,128.0,132.0,130.0,130.0,1.56,450.0,715.0,567.6
ICFC,12/21/2011,130.0,131.0,129.0,131.0,0.77,408.0,715.0,567.6
ICFC,12/22/2011,131.0,130.0,130.0,130.0,-0.76,480.0,715.0,567.6
ICFC,12/26/2011,130.0,130.0,126.0,127.0,-2.31,1046.0,715.0,567.6
ICFC,12/28/2011,127.0,125.0,120.0,120.0,-5.51,1464.0,715.0,567.6
ICFC,1/1/2012,120.0,101.0,101.0,101.0,-15.83,1000.0,715.0,567.6
ICFC,1/2/2012,101.0,115.0,115.0,115.0,13.86,972.0,715.0,567.6
ICFC,1/4/2012,115.0,113.0,113.0,113.0,-1.74,40.0,715.0,567.6
ICFC,1/5/2012,113.0,111.0,109.0,109.0,-3.54,510.0,715.0,567.6
ICFC,1/8/2012,109.0,107.0,105.0,105.0,-3.67,671.0,715.0,567.6
ICFC,1/10/2012,109.0,115.0,107.0,115.0,9.52,390.0,715.0,567.6
ICFC,1/12/2012,115.0,116.0,115.0,115.0,0.0,530.0,715.0,567.6
ICFC,1/16/2012,115.0,115.0,115.0,115.0,0.0,132.0,715.0,567.6
ICFC,1/17/2012,115.0,115.0,113.0,113.0,-1.74,1936.0,715.0,567.6
ICFC,1/22/2012,113.0,116.0,115.0,116.0,2.65,654.0,715.0,567.6
ICFC,1/23/2012,116.0,114.0,112.0,112.0,-3.45,88.0,715.0,567.6
ICFC,1/26/2012,112.0,112.0,110.0,110.0,-1.79,4290.0,715.0,567.6
ICFC,1/29/2012,110.0,113.0,112.0,112.0,1.82,923.0,715.0,567.6
ICFC,1/31/2012,112.0,114.0,114.0,114.0,1.79,40.0,715.0,567.6
ICFC,2/1/2012,114.0,115.0,114.0,114.0,0.0,110.0,715.0,567.6
ICFC,2/2/2012,114.0,114.0,112.0,112.0,-1.75,410.0,715.0,567.6
ICFC,2/6/2012,112.0,110.0,108.0,108.0,-3.57,2260.0,715.0,567.6
ICFC,2/7/2012,108.0,110.0,110.0,110.0,1.85,42.0,715.0,567.6
ICFC,2/12/2012,110.0,109.0,109.0,109.0,-0.91,300.0,715.0,567.6
ICFC,2/13/2012,109.0,108.0,106.0,106.0,-2.75,1438.0,715.0,567.6
ICFC,2/23/2012,106.0,108.0,108.0,108.0,1.89,264.0,715.0,567.6
ICFC,2/26/2012,108.0,106.0,105.0,105.0,-2.78,414.0,715.0,567.6
ICFC,2/27/2012,105.0,107.0,105.0,106.0,0.95,2080.0,715.0,567.6
ICFC,2/29/2012,106.0,106.0,106.0,106.0,0.0,100.0,715.0,567.6
ICFC,3/1/2012,106.0,108.0,108.0,108.0,1.89,200.0,715.0,567.6
ICFC,3/6/2012,108.0,112.0,110.0,112.0,3.7,1360.0,715.0,567.6
ICFC,3/11/2012,112.0,110.0,107.0,107.0,-4.46,1791.0,715.0,567.6
ICFC,3/12/2012,107.0,108.0,106.0,107.0,0.0,1345.0,715.0,567.6
ICFC,3/18/2012,107.0,107.0,106.0,106.0,-0.93,152.0,715.0,567.6
ICFC,3/25/2012,106.0,108.0,108.0,108.0,1.89,250.0,715.0,567.6
ICFC,3/26/2012,108.0,111.0,106.0,107.0,-0.93,1550.0,715.0,567.6
ICFC,3/27/2012,107.0,107.0,107.0,107.0,0.0,3000.0,715.0,567.6
ICFC,3/28/2012,107.0,108.0,107.0,108.0,0.93,3729.0,715.0,567.6
ICFC,3/29/2012,108.0,106.0,106.0,106.0,-1.85,360.0,715.0,567.6
ICFC,4/2/2012,106.0,108.0,108.0,108.0,1.89,690.0,715.0,567.6
ICFC,4/4/2012,108.0,110.0,110.0,110.0,1.85,176.0,715.0,567.6
ICFC,4/5/2012,110.0,110.0,110.0,110.0,0.0,142.0,715.0,567.6
ICFC,4/8/2012,110.0,108.0,105.0,105.0,-4.55,1110.0,715.0,567.6
ICFC,4/10/2012,105.0,104.0,104.0,104.0,-0.95,3916.0,715.0,567.6
ICFC,4/12/2012,104.0,102.0,102.0,102.0,-1.92,248.0,715.0,567.6
ICFC,4/16/2012,102.0,107.0,107.0,107.0,4.9,70.0,715.0,567.6
ICFC,4/19/2012,107.0,111.0,109.0,111.0,3.74,20.0,715.0,567.6
ICFC,4/22/2012,111.0,117.0,113.0,117.0,5.41,30.0,715.0,567.6
ICFC,4/26/2012,117.0,128.0,119.0,128.0,9.4,4870.0,715.0,567.6
ICFC,4/29/2012,128.0,136.0,130.0,136.0,6.25,360.0,715.0,567.6
ICFC,4/30/2012,136.0,138.0,138.0,138.0,1.47,10.0,715.0,567.6
ICFC,5/2/2012,138.0,151.0,140.0,147.0,6.52,3794.0,715.0,567.6
ICFC,5/3/2012,147.0,154.0,149.0,154.0,4.76,60.0,715.0,567.6
ICFC,5/8/2012,154.0,169.0,154.0,169.0,9.74,4290.0,715.0,567.6
ICFC,5/9/2012,169.0,185.0,172.0,184.0,8.88,7434.0,715.0,567.6
ICFC,5/10/2012,184.0,186.0,166.0,169.0,-8.15,1586.0,715.0,567.6
ICFC,5/13/2012,169.0,166.0,163.0,163.0,-3.55,232.0,715.0,567.6
ICFC,5/14/2012,163.0,165.0,155.0,155.0,-4.91,502.0,715.0,567.6
ICFC,5/15/2012,155.0,170.0,158.0,170.0,9.68,1454.0,715.0,567.6
ICFC,5/16/2012,170.0,167.0,167.0,167.0,-1.76,514.0,715.0,567.6
ICFC,5/17/2012,167.0,170.0,167.0,167.0,0.0,1510.0,715.0,567.6
ICFC,5/20/2012,167.0,170.0,161.0,164.0,-1.8,268.0,715.0,567.6
ICFC,5/21/2012,164.0,168.0,164.0,168.0,2.44,2108.0,715.0,567.6
ICFC,5/24/2012,168.0,171.0,165.0,171.0,1.79,200.0,715.0,567.6
ICFC,5/27/2012,171.0,168.0,165.0,165.0,-3.51,100.0,715.0,567.6
ICFC,5/29/2012,165.0,162.0,159.0,159.0,-3.64,510.0,715.0,567.6
ICFC,6/3/2012,159.0,156.0,156.0,156.0,-1.89,210.0,715.0,567.6
ICFC,6/4/2012,156.0,155.0,153.0,153.0,-1.92,56.0,715.0,567.6
ICFC,6/5/2012,153.0,155.0,155.0,155.0,1.31,166.0,715.0,567.6
ICFC,6/6/2012,155.0,158.0,155.0,155.0,0.0,30.0,715.0,567.6
ICFC,6/17/2012,155.0,152.0,152.0,152.0,-1.94,80.0,715.0,567.6
ICFC,6/19/2012,152.0,149.0,145.0,145.0,-4.61,270.0,715.0,567.6
ICFC,6/21/2012,145.0,143.0,143.0,143.0,-1.38,100.0,715.0,567.6
ICFC,6/25/2012,143.0,141.0,138.0,140.0,-2.1,894.0,715.0,567.6
ICFC,6/26/2012,140.0,138.0,127.0,131.0,-6.43,2859.0,715.0,567.6
ICFC,6/27/2012,131.0,134.0,129.0,134.0,2.29,2300.0,715.0,567.6
ICFC,6/28/2012,134.0,138.0,136.0,138.0,2.99,190.0,715.0,567.6
ICFC,7/1/2012,138.0,136.0,134.0,134.0,-2.9,276.0,715.0,567.6
ICFC,7/3/2012,134.0,138.0,136.0,138.0,2.99,769.0,715.0,567.6
ICFC,7/5/2012,138.0,137.0,135.0,135.0,-2.17,344.0,715.0,567.6
ICFC,7/8/2012,135.0,137.0,133.0,137.0,1.48,296.0,715.0,567.6
ICFC,7/10/2012,137.0,141.0,139.0,139.0,1.46,68.0,715.0,567.6
ICFC,7/11/2012,139.0,137.0,135.0,137.0,-1.44,357.0,715.0,567.6
ICFC,7/12/2012,137.0,135.0,135.0,135.0,-1.46,30.0,715.0,567.6
ICFC,7/15/2012,135.0,134.0,134.0,134.0,-0.74,110.0,715.0,567.6
ICFC,7/16/2012,134.0,132.0,132.0,132.0,-1.49,44.0,715.0,567.6
ICFC,7/17/2012,132.0,130.0,127.0,129.0,-2.27,2006.0,715.0,567.6
ICFC,7/18/2012,129.0,131.0,129.0,131.0,1.55,1041.0,715.0,567.6
ICFC,7/19/2012,131.0,137.0,132.0,137.0,4.58,1298.0,715.0,567.6
ICFC,7/22/2012,137.0,141.0,138.0,140.0,2.19,2603.0,715.0,567.6
ICFC,7/23/2012,140.0,142.0,140.0,142.0,1.43,104.0,715.0,567.6
ICFC,7/24/2012,142.0,138.0,138.0,138.0,-2.82,96.0,715.0,567.6
ICFC,7/25/2012,138.0,136.0,136.0,136.0,-1.45,100.0,715.0,567.6
ICFC,8/1/2012,136.0,134.0,131.0,131.0,-3.68,1016.0,715.0,567.6
ICFC,8/5/2012,131.0,129.0,129.0,129.0,-1.53,104.0,715.0,567.6
ICFC,8/12/2012,129.0,129.0,127.0,129.0,0.0,279.0,715.0,567.6
ICFC,8/14/2012,129.0,127.0,127.0,127.0,-1.55,1046.0,715.0,567.6
ICFC,8/15/2012,127.0,128.0,128.0,128.0,0.79,381.0,715.0,567.6
ICFC,8/19/2012,128.0,126.0,123.0,123.0,-3.91,306.0,715.0,567.6
ICFC,8/21/2012,123.0,121.0,121.0,121.0,-1.63,223.0,715.0,567.6
ICFC,8/22/2012,121.0,123.0,123.0,123.0,1.65,48.0,715.0,567.6
ICFC,8/23/2012,123.0,126.0,125.0,126.0,2.44,232.0,715.0,567.6
ICFC,8/28/2012,126.0,125.0,122.0,122.0,-3.17,1519.0,715.0,567.6
ICFC,8/29/2012,122.0,126.0,120.0,125.0,2.46,1791.0,715.0,567.6
ICFC,8/30/2012,125.0,124.0,124.0,124.0,-0.8,370.0,715.0,567.6
ICFC,9/2/2012,124.0,126.0,120.0,126.0,1.61,2096.0,715.0,567.6
ICFC,9/3/2012,126.0,124.0,124.0,124.0,-1.59,182.0,715.0,567.6
ICFC,9/4/2012,124.0,126.0,124.0,124.0,0.0,1688.0,715.0,567.6
ICFC,9/6/2012,124.0,122.0,120.0,120.0,-3.23,6167.0,715.0,567.6
ICFC,9/9/2012,120.0,122.0,122.0,122.0,1.67,17.0,715.0,567.6
ICFC,9/10/2012,122.0,123.0,121.0,123.0,0.82,113.0,715.0,567.6
ICFC,9/11/2012,123.0,127.0,125.0,127.0,3.25,562.0,715.0,567.6
ICFC,9/12/2012,127.0,134.0,129.0,131.0,3.15,1517.0,715.0,567.6
ICFC,9/13/2012,131.0,132.0,131.0,132.0,0.76,192.0,715.0,567.6
ICFC,9/16/2012,132.0,130.0,128.0,128.0,-3.03,744.0,715.0,567.6
ICFC,9/17/2012,128.0,128.0,126.0,128.0,0.0,455.0,715.0,567.6
ICFC,9/19/2012,128.0,128.0,128.0,128.0,0.0,300.0,715.0,567.6
ICFC,9/20/2012,128.0,128.0,126.0,128.0,0.0,68.0,715.0,567.6
ICFC,9/23/2012,128.0,130.0,130.0,130.0,1.56,136.0,715.0,567.6
ICFC,9/26/2012,130.0,128.0,128.0,128.0,-1.54,54.0,715.0,567.6
ICFC,9/30/2012,123.0,121.0,121.0,121.0,-5.47,200.0,715.0,567.6
ICFC,10/1/2012,121.0,123.0,122.0,122.0,0.83,538.0,715.0,567.6
ICFC,10/2/2012,122.0,125.0,121.0,125.0,2.46,652.0,715.0,567.6
ICFC,10/3/2012,125.0,126.0,122.0,122.0,-2.4,863.0,715.0,567.6
ICFC,10/4/2012,122.0,124.0,122.0,124.0,1.64,416.0,715.0,567.6
ICFC,10/7/2012,124.0,124.0,123.0,124.0,0.0,179.0,715.0,567.6
ICFC,10/8/2012,124.0,124.0,124.0,124.0,0.0,400.0,715.0,567.6
ICFC,10/9/2012,124.0,125.0,123.0,125.0,0.81,259.0,715.0,567.6
ICFC,10/11/2012,125.0,127.0,127.0,127.0,1.6,20.0,715.0,567.6
ICFC,10/14/2012,127.0,129.0,125.0,125.0,-1.57,458.0,715.0,567.6
ICFC,10/30/2012,125.0,125.0,123.0,125.0,0.0,11962.0,715.0,567.6
ICFC,10/31/2012,125.0,128.0,127.0,128.0,2.4,419.0,715.0,567.6
ICFC,11/1/2012,128.0,130.0,128.0,130.0,1.56,68.0,715.0,567.6
ICFC,11/4/2012,130.0,130.0,130.0,130.0,0.0,62.0,715.0,567.6
ICFC,11/5/2012,130.0,132.0,132.0,132.0,1.54,430.0,715.0,567.6
ICFC,11/6/2012,132.0,139.0,134.0,138.0,4.55,646.0,715.0,567.6
ICFC,11/7/2012,138.0,139.0,136.0,139.0,0.72,2005.0,715.0,567.6
ICFC,11/8/2012,139.0,141.0,141.0,141.0,1.44,200.0,715.0,567.6
ICFC,11/11/2012,141.0,140.0,134.0,134.0,-4.96,967.0,715.0,567.6
ICFC,11/12/2012,134.0,132.0,130.0,130.0,-2.99,980.0,715.0,567.6
ICFC,11/18/2012,130.0,134.0,132.0,134.0,3.08,306.0,715.0,567.6
ICFC,11/20/2012,134.0,136.0,134.0,134.0,0.0,411.0,715.0,567.6
ICFC,11/21/2012,134.0,132.0,132.0,132.0,-1.49,300.0,715.0,567.6
ICFC,11/22/2012,132.0,132.0,130.0,132.0,0.0,1236.0,715.0,567.6
ICFC,11/25/2012,132.0,133.0,133.0,133.0,0.76,4609.0,715.0,567.6
ICFC,11/26/2012,133.0,135.0,133.0,135.0,1.5,341.0,715.0,567.6
ICFC,11/27/2012,135.0,138.0,136.0,136.0,0.74,945.0,715.0,567.6
ICFC,11/28/2012,136.0,134.0,132.0,134.0,-1.47,1651.0,715.0,567.6
ICFC,11/29/2012,134.0,135.0,135.0,135.0,0.75,124.0,715.0,567.6
ICFC,12/2/2012,135.0,139.0,137.0,139.0,2.96,1525.0,715.0,567.6
ICFC,12/3/2012,139.0,137.0,130.0,130.0,-6.47,1199.0,715.0,567.6
ICFC,12/4/2012,130.0,137.0,132.0,137.0,5.38,1033.0,715.0,567.6
ICFC,12/5/2012,137.0,139.0,137.0,139.0,1.46,276.0,715.0,567.6
ICFC,12/6/2012,139.0,137.0,137.0,137.0,-1.44,176.0,715.0,567.6
ICFC,12/12/2012,137.0,135.0,135.0,135.0,-1.46,100.0,715.0,567.6
ICFC,12/24/2012,135.0,133.0,130.0,132.0,-2.22,1710.0,715.0,567.6
ICFC,12/26/2012,132.0,133.0,131.0,131.0,-0.76,215.0,715.0,567.6
ICFC,12/27/2012,131.0,132.0,127.0,129.0,-1.53,2189.0,715.0,567.6
ICFC,12/31/2012,129.0,133.0,129.0,133.0,3.1,3004.0,715.0,567.6
ICFC,1/1/2013,133.0,134.0,132.0,132.0,-0.75,1517.0,715.0,567.6
ICFC,1/2/2013,132.0,132.0,132.0,132.0,0.0,150.0,715.0,567.6
ICFC,1/3/2013,132.0,132.0,130.0,132.0,0.0,248.0,715.0,567.6
ICFC,1/6/2013,132.0,132.0,129.0,129.0,-2.27,850.0,715.0,567.6
ICFC,1/9/2013,129.0,128.0,125.0,125.0,-3.1,341.0,715.0,567.6
ICFC,1/17/2013,125.0,123.0,123.0,123.0,-1.6,138.0,715.0,567.6
ICFC,1/30/2013,123.0,122.0,119.0,120.0,-2.44,4501.0,715.0,567.6
ICFC,1/31/2013,120.0,119.0,118.0,118.0,-1.67,1678.0,715.0,567.6
ICFC,2/3/2013,118.0,120.0,118.0,118.0,0.0,153.0,715.0,567.6
ICFC,2/5/2013,118.0,120.0,116.0,120.0,1.69,1076.0,715.0,567.6
ICFC,2/6/2013,120.0,120.0,119.0,120.0,0.0,306.0,715.0,567.6
ICFC,2/7/2013,120.0,119.0,119.0,119.0,-0.83,135.0,715.0,567.6
ICFC,2/12/2013,119.0,127.0,121.0,127.0,6.72,552.0,715.0,567.6
ICFC,2/14/2013,127.0,125.0,125.0,125.0,-1.57,684.0,715.0,567.6
ICFC,2/20/2013,125.0,134.0,125.0,134.0,7.2,2096.0,715.0,567.6
ICFC,2/21/2013,134.0,132.0,132.0,132.0,-1.49,438.0,715.0,567.6
ICFC,2/24/2013,132.0,131.0,129.0,129.0,-2.27,326.0,715.0,567.6
ICFC,2/26/2013,129.0,130.0,130.0,130.0,0.78,191.0,715.0,567.6
ICFC,2/27/2013,130.0,130.0,128.0,130.0,0.0,1702.0,715.0,567.6
ICFC,2/28/2013,130.0,128.0,128.0,128.0,-1.54,1545.0,715.0,567.6
ICFC,3/3/2013,128.0,128.0,128.0,128.0,0.0,346.0,715.0,567.6
ICFC,3/4/2013,128.0,128.0,128.0,128.0,0.0,40.0,715.0,567.6
ICFC,3/5/2013,128.0,130.0,126.0,130.0,1.56,2369.0,715.0,567.6
ICFC,3/7/2013,130.0,132.0,129.0,130.0,0.0,340.0,715.0,567.6
ICFC,3/11/2013,130.0,128.0,126.0,126.0,-3.08,698.0,715.0,567.6
ICFC,3/13/2013,126.0,128.0,128.0,128.0,1.59,108.0,715.0,567.6
ICFC,3/14/2013,128.0,130.0,130.0,130.0,1.56,144.0,715.0,567.6
ICFC,3/17/2013,130.0,130.0,126.0,126.0,-3.08,1486.0,715.0,567.6
ICFC,3/18/2013,126.0,128.0,126.0,126.0,0.0,262.0,715.0,567.6
ICFC,3/19/2013,126.0,125.0,125.0,125.0,-0.79,290.0,715.0,567.6
ICFC,3/20/2013,125.0,125.0,125.0,125.0,0.0,40.0,715.0,567.6
ICFC,3/24/2013,125.0,124.0,124.0,124.0,-0.8,200.0,715.0,567.6
ICFC,3/25/2013,124.0,126.0,122.0,124.0,0.0,628.0,715.0,567.6
ICFC,3/27/2013,124.0,122.0,122.0,122.0,-1.61,340.0,715.0,567.6
ICFC,3/28/2013,122.0,120.0,120.0,120.0,-1.64,242.0,715.0,567.6
ICFC,3/31/2013,120.0,119.0,119.0,119.0,-0.83,33.0,715.0,567.6
ICFC,4/1/2013,119.0,123.0,121.0,123.0,3.36,88.0,715.0,567.6
ICFC,4/8/2013,123.0,122.0,122.0,122.0,-0.81,22.0,715.0,567.6
ICFC,4/15/2013,122.0,122.0,122.0,122.0,0.0,442.0,715.0,567.6
ICFC,4/16/2013,122.0,124.0,118.0,124.0,1.64,658.0,715.0,567.6
ICFC,4/17/2013,124.0,126.0,126.0,126.0,1.61,48.0,715.0,567.6
ICFC,4/18/2013,126.0,125.0,125.0,125.0,-0.79,38.0,715.0,567.6
ICFC,4/21/2013,125.0,123.0,123.0,123.0,-1.6,140.0,715.0,567.6
ICFC,4/22/2013,123.0,125.0,122.0,125.0,1.63,990.0,715.0,567.6
ICFC,4/25/2013,125.0,124.0,124.0,124.0,-0.8,239.0,715.0,567.6
ICFC,4/28/2013,124.0,122.0,122.0,122.0,-1.61,648.0,715.0,567.6
ICFC,4/29/2013,122.0,123.0,121.0,123.0,0.82,311.0,715.0,567.6
ICFC,4/30/2013,123.0,121.0,118.0,121.0,-1.63,2506.0,715.0,567.6
ICFC,5/2/2013,121.0,123.0,123.0,123.0,1.65,143.0,715.0,567.6
ICFC,5/5/2013,123.0,124.0,123.0,123.0,0.0,1668.0,715.0,567.6
ICFC,5/6/2013,123.0,122.0,119.0,119.0,-3.25,5264.0,715.0,567.6
ICFC,5/7/2013,119.0,125.0,121.0,123.0,3.36,3245.0,715.0,567.6
ICFC,5/8/2013,123.0,122.0,120.0,120.0,-2.44,2204.0,715.0,567.6
ICFC,5/9/2013,120.0,120.0,118.0,119.0,-0.83,5383.0,715.0,567.6
ICFC,5/12/2013,119.0,120.0,117.0,117.0,-1.68,610.0,715.0,567.6
ICFC,5/13/2013,117.0,120.0,117.0,120.0,2.56,854.0,715.0,567.6
ICFC,5/20/2013,120.0,118.0,118.0,118.0,-1.67,555.0,715.0,567.6
ICFC,5/21/2013,118.0,118.0,118.0,118.0,0.0,346.0,715.0,567.6
ICFC,5/22/2013,118.0,120.0,120.0,120.0,1.69,88.0,715.0,567.6
ICFC,5/23/2013,120.0,122.0,122.0,122.0,1.67,96.0,715.0,567.6
ICFC,6/4/2013,122.0,122.0,122.0,122.0,0.0,33.0,715.0,567.6
ICFC,6/6/2013,122.0,120.0,117.0,117.0,-4.1,1605.0,715.0,567.6
ICFC,6/9/2013,117.0,117.0,115.0,115.0,-1.71,502.0,715.0,567.6
ICFC,6/10/2013,115.0,121.0,115.0,121.0,5.22,1051.0,715.0,567.6
ICFC,6/11/2013,121.0,119.0,119.0,119.0,-1.65,15.0,715.0,567.6
ICFC,6/17/2013,119.0,120.0,120.0,120.0,0.84,477.0,715.0,567.6
ICFC,6/20/2013,120.0,120.0,113.0,113.0,-5.83,6625.0,715.0,567.6
ICFC,6/23/2013,113.0,115.0,110.0,112.0,-0.88,2219.0,715.0,567.6
ICFC,6/24/2013,112.0,112.0,110.0,112.0,0.0,1590.0,715.0,567.6
ICFC,6/25/2013,112.0,112.0,110.0,111.0,-0.89,1526.0,715.0,567.6
ICFC,6/26/2013,111.0,113.0,110.0,113.0,1.8,984.0,715.0,567.6
ICFC,6/27/2013,113.0,117.0,115.0,117.0,3.54,598.0,715.0,567.6
ICFC,7/1/2013,117.0,115.0,115.0,115.0,-1.71,38.0,715.0,567.6
ICFC,7/2/2013,115.0,115.0,113.0,114.0,-0.87,1170.0,715.0,567.6
ICFC,7/3/2013,114.0,116.0,116.0,116.0,1.75,464.0,715.0,567.6
ICFC,7/4/2013,116.0,116.0,114.0,116.0,0.0,619.0,715.0,567.6
ICFC,7/7/2013,116.0,124.0,118.0,122.0,5.17,152.0,715.0,567.6
ICFC,7/8/2013,122.0,120.0,114.0,120.0,-1.64,2456.0,715.0,567.6
ICFC,7/9/2013,120.0,122.0,120.0,122.0,1.67,90.0,715.0,567.6
ICFC,7/10/2013,122.0,120.0,120.0,120.0,-1.64,10.0,715.0,567.6
ICFC,7/14/2013,120.0,118.0,118.0,118.0,-1.67,100.0,715.0,567.6
ICFC,7/15/2013,118.0,128.0,120.0,128.0,8.47,170.0,715.0,567.6
ICFC,7/16/2013,128.0,126.0,126.0,126.0,-1.56,170.0,715.0,567.6
ICFC,7/18/2013,126.0,124.0,124.0,124.0,-1.59,10.0,715.0,567.6
ICFC,7/21/2013,124.0,122.0,122.0,122.0,-1.61,100.0,715.0,567.6
ICFC,7/22/2013,122.0,120.0,114.0,117.0,-4.1,1526.0,715.0,567.6
ICFC,7/23/2013,117.0,119.0,117.0,118.0,0.85,3019.0,715.0,567.6
ICFC,7/28/2013,118.0,119.0,117.0,119.0,0.85,269.0,715.0,567.6
ICFC,7/29/2013,119.0,120.0,118.0,120.0,0.84,516.0,715.0,567.6
ICFC,7/30/2013,120.0,119.0,117.0,117.0,-2.5,570.0,715.0,567.6
ICFC,7/31/2013,117.0,118.0,116.0,116.0,-0.85,218.0,715.0,567.6
ICFC,8/1/2013,116.0,118.0,116.0,116.0,0.0,310.0,715.0,567.6
ICFC,8/4/2013,116.0,127.0,118.0,127.0,9.48,1196.0,715.0,567.6
ICFC,8/5/2013,127.0,134.0,128.0,131.0,3.15,5917.0,715.0,567.6
ICFC,8/6/2013,131.0,134.0,132.0,134.0,2.29,1393.0,715.0,567.6
ICFC,8/7/2013,134.0,136.0,133.0,136.0,1.49,7306.0,715.0,567.6
ICFC,8/8/2013,136.0,136.0,135.0,136.0,0.0,908.0,715.0,567.6
ICFC,8/11/2013,136.0,136.0,134.0,136.0,0.0,321.0,715.0,567.6
ICFC,8/12/2013,136.0,145.0,135.0,142.0,4.41,2649.0,715.0,567.6
ICFC,8/13/2013,142.0,143.0,141.0,142.0,0.0,960.0,715.0,567.6
ICFC,8/14/2013,142.0,140.0,138.0,138.0,-2.82,203.0,715.0,567.6
ICFC,8/15/2013,138.0,139.0,136.0,139.0,0.72,1039.0,715.0,567.6
ICFC,8/18/2013,139.0,141.0,140.0,141.0,1.44,357.0,715.0,567.6
ICFC,8/19/2013,141.0,140.0,140.0,140.0,-0.71,200.0,715.0,567.6
ICFC,8/20/2013,140.0,150.0,142.0,147.0,5.0,1914.0,715.0,567.6
ICFC,8/25/2013,147.0,149.0,146.0,146.0,-0.68,2027.0,715.0,567.6
ICFC,8/26/2013,146.0,144.0,142.0,142.0,-2.74,744.0,715.0,567.6
ICFC,8/27/2013,142.0,142.0,139.0,140.0,-1.41,1658.0,715.0,567.6
ICFC,9/1/2013,140.0,140.0,138.0,138.0,-1.43,5050.0,715.0,567.6
ICFC,9/2/2013,138.0,142.0,138.0,142.0,2.9,4464.0,715.0,567.6
ICFC,9/3/2013,142.0,143.0,140.0,143.0,0.7,205.0,715.0,567.6
ICFC,9/4/2013,143.0,142.0,140.0,141.0,-1.4,7224.0,715.0,567.6
ICFC,9/5/2013,141.0,143.0,143.0,143.0,1.42,60.0,715.0,567.6
ICFC,9/8/2013,143.0,153.0,145.0,150.0,4.9,2423.0,715.0,567.6
ICFC,9/9/2013,150.0,155.0,150.0,153.0,2.0,2677.0,715.0,567.6
ICFC,9/10/2013,153.0,153.0,147.0,147.0,-3.92,2721.0,715.0,567.6
ICFC,9/11/2013,147.0,145.0,145.0,145.0,-1.36,200.0,715.0,567.6
ICFC,9/12/2013,145.0,143.0,143.0,143.0,-1.38,20.0,715.0,567.6
ICFC,9/15/2013,143.0,142.0,140.0,142.0,-0.7,676.0,715.0,567.6
ICFC,9/16/2013,142.0,142.0,141.0,142.0,0.0,403.0,715.0,567.6
ICFC,9/19/2013,142.0,141.0,140.0,140.0,-1.41,762.0,715.0,567.6
ICFC,9/22/2013,140.0,144.0,140.0,141.0,0.71,1316.0,715.0,567.6
ICFC,9/23/2013,141.0,140.0,138.0,138.0,-2.13,728.0,715.0,567.6
ICFC,9/24/2013,138.0,140.0,135.0,135.0,-2.17,2895.0,715.0,567.6
ICFC,10/20/2013,129.0,130.0,128.0,128.0,-5.19,289.0,715.0,567.6
ICFC,10/21/2013,128.0,130.0,120.0,120.0,-6.25,6317.0,715.0,567.6
ICFC,10/22/2013,120.0,122.0,120.0,122.0,1.67,5326.0,715.0,567.6
ICFC,10/23/2013,122.0,130.0,124.0,130.0,6.56,66.0,715.0,567.6
ICFC,10/29/2013,130.0,130.0,130.0,130.0,0.0,335.0,715.0,567.6
ICFC,10/30/2013,130.0,128.0,128.0,128.0,-1.54,238.0,715.0,567.6
ICFC,11/7/2013,128.0,126.0,126.0,126.0,-1.56,476.0,715.0,567.6
ICFC,11/11/2013,124.0,126.0,125.0,126.0,0.0,3771.0,715.0,567.6
ICFC,11/12/2013,126.0,129.0,127.0,127.0,0.79,4155.0,715.0,567.6
ICFC,11/13/2013,127.0,135.0,129.0,131.0,3.15,5463.0,715.0,567.6
ICFC,11/14/2013,131.0,138.0,133.0,137.0,4.58,2776.0,715.0,567.6
ICFC,11/24/2013,137.0,143.0,139.0,143.0,4.38,1268.0,715.0,567.6
ICFC,11/25/2013,143.0,146.0,142.0,143.0,0.0,4703.0,715.0,567.6
ICFC,11/26/2013,143.0,145.0,145.0,145.0,1.4,20.0,715.0,567.6
ICFC,11/27/2013,145.0,153.0,145.0,153.0,5.52,3564.0,715.0,567.6
ICFC,11/28/2013,153.0,162.0,156.0,159.0,3.92,547.0,715.0,567.6
ICFC,12/1/2013,159.0,174.0,162.0,174.0,9.43,1694.0,715.0,567.6
ICFC,12/2/2013,174.0,188.0,177.0,185.0,6.32,4168.0,715.0,567.6
ICFC,12/3/2013,185.0,198.0,188.0,198.0,7.03,7767.0,715.0,567.6
ICFC,12/4/2013,198.0,209.0,201.0,209.0,5.56,1856.0,715.0,567.6
ICFC,12/5/2013,209.0,229.0,213.0,220.0,5.26,3502.0,715.0,567.6
ICFC,12/8/2013,220.0,230.0,224.0,226.0,2.73,2105.0,715.0,567.6
ICFC,12/9/2013,226.0,222.0,215.0,218.0,-3.54,3528.0,715.0,567.6
ICFC,12/10/2013,218.0,214.0,214.0,214.0,-1.83,600.0,715.0,567.6
ICFC,12/11/2013,214.0,218.0,210.0,218.0,1.87,700.0,715.0,567.6
ICFC,12/12/2013,218.0,214.0,214.0,214.0,-1.83,100.0,715.0,567.6
ICFC,12/15/2013,214.0,225.0,214.0,224.0,4.67,9666.0,715.0,567.6
ICFC,12/16/2013,224.0,228.0,228.0,228.0,1.79,217.0,715.0,567.6
ICFC,12/18/2013,228.0,232.0,232.0,232.0,1.75,1265.0,715.0,567.6
ICFC,12/19/2013,232.0,228.0,224.0,224.0,-3.45,1157.0,715.0,567.6
ICFC,12/22/2013,224.0,232.0,224.0,232.0,3.57,5559.0,715.0,567.6
ICFC,12/23/2013,232.0,228.0,224.0,228.0,-1.72,1650.0,715.0,567.6
ICFC,12/24/2013,228.0,232.0,220.0,220.0,-3.51,3086.0,715.0,567.6
ICFC,12/26/2013,220.0,230.0,224.0,230.0,4.55,5977.0,715.0,567.6
ICFC,12/29/2013,230.0,233.0,223.0,233.0,1.3,2954.0,715.0,567.6
ICFC,12/31/2013,233.0,230.0,230.0,230.0,-1.29,100.0,715.0,567.6
ICFC,1/1/2014,230.0,228.0,222.0,222.0,-3.48,2054.0,715.0,567.6
ICFC,1/2/2014,222.0,222.0,218.0,220.0,-0.9,2041.0,715.0,567.6
ICFC,1/5/2014,220.0,224.0,220.0,224.0,1.82,416.0,715.0,567.6
ICFC,1/6/2014,224.0,220.0,220.0,220.0,-1.79,214.0,715.0,567.6
ICFC,1/7/2014,220.0,220.0,216.0,216.0,-1.82,693.0,715.0,567.6
ICFC,1/9/2014,216.0,216.0,212.0,215.0,-0.46,1772.0,715.0,567.6
ICFC,1/12/2014,215.0,223.0,219.0,223.0,3.72,1277.0,715.0,567.6
ICFC,1/13/2014,223.0,230.0,226.0,230.0,3.14,578.0,715.0,567.6
ICFC,1/14/2014,230.0,230.0,228.0,230.0,0.0,899.0,715.0,567.6
ICFC,1/16/2014,230.0,227.0,223.0,226.0,-1.74,1488.0,715.0,567.6
ICFC,1/19/2014,226.0,222.0,218.0,222.0,-1.77,794.0,715.0,567.6
ICFC,1/20/2014,222.0,226.0,222.0,222.0,0.0,302.0,715.0,567.6
ICFC,1/21/2014,222.0,226.0,226.0,226.0,1.8,600.0,715.0,567.6
ICFC,1/22/2014,226.0,230.0,226.0,226.0,0.0,991.0,715.0,567.6
ICFC,1/23/2014,226.0,225.0,223.0,223.0,-1.33,400.0,715.0,567.6
ICFC,1/26/2014,223.0,226.0,222.0,222.0,-0.45,3265.0,715.0,567.6
ICFC,1/27/2014,222.0,228.0,223.0,223.0,0.45,3238.0,715.0,567.6
ICFC,1/28/2014,223.0,222.0,221.0,222.0,-0.45,2015.0,715.0,567.6
ICFC,2/3/2014,222.0,220.0,220.0,220.0,-0.9,1000.0,715.0,567.6
ICFC,2/4/2014,220.0,218.0,215.0,215.0,-2.27,2000.0,715.0,567.6
ICFC,2/6/2014,211.0,215.0,215.0,215.0,0.0,19.0,715.0,567.6
ICFC,2/9/2014,215.0,219.0,216.0,216.0,0.47,477.0,715.0,567.6
ICFC,2/12/2014,216.0,215.0,215.0,215.0,-0.46,384.0,715.0,567.6
ICFC,2/13/2014,215.0,216.0,216.0,216.0,0.47,500.0,715.0,567.6
ICFC,2/16/2014,216.0,215.0,215.0,215.0,-0.46,328.0,715.0,567.6
ICFC,2/17/2014,215.0,219.0,215.0,216.0,0.47,3451.0,715.0,567.6
ICFC,2/18/2014,216.0,219.0,215.0,219.0,1.39,7702.0,715.0,567.6
ICFC,2/20/2014,219.0,222.0,220.0,222.0,1.37,1544.0,715.0,567.6
ICFC,2/23/2014,222.0,226.0,219.0,222.0,0.0,3441.0,715.0,567.6
ICFC,2/24/2014,222.0,238.0,226.0,234.0,5.41,1874.0,715.0,567.6
ICFC,2/25/2014,234.0,237.0,230.0,234.0,0.0,1246.0,715.0,567.6
ICFC,2/26/2014,234.0,235.0,235.0,235.0,0.43,88.0,715.0,567.6
ICFC,3/3/2014,235.0,231.0,230.0,230.0,-2.13,730.0,715.0,567.6
ICFC,3/4/2014,230.0,226.0,226.0,226.0,-1.74,432.0,715.0,567.6
ICFC,3/5/2014,226.0,225.0,222.0,225.0,-0.44,265.0,715.0,567.6
ICFC,3/6/2014,225.0,221.0,221.0,221.0,-1.78,476.0,715.0,567.6
ICFC,3/9/2014,221.0,226.0,218.0,226.0,2.26,1593.0,715.0,567.6
ICFC,3/10/2014,226.0,235.0,230.0,235.0,3.98,2439.0,715.0,567.6
ICFC,3/11/2014,235.0,233.0,229.0,230.0,-2.13,2313.0,715.0,567.6
ICFC,3/12/2014,230.0,226.0,222.0,222.0,-3.48,125.0,715.0,567.6
ICFC,3/13/2014,222.0,221.0,221.0,221.0,-0.45,580.0,715.0,567.6
ICFC,3/17/2014,221.0,233.0,220.0,233.0,5.43,3596.0,715.0,567.6
ICFC,3/19/2014,233.0,229.0,229.0,229.0,-1.72,461.0,715.0,567.6
ICFC,3/20/2014,229.0,251.0,230.0,251.0,9.61,1606.0,715.0,567.6
ICFC,3/23/2014,251.0,247.0,238.0,238.0,-5.18,741.0,715.0,567.6
ICFC,3/24/2014,238.0,238.0,230.0,235.0,-1.26,1966.0,715.0,567.6
ICFC,3/25/2014,235.0,239.0,231.0,235.0,0.0,1122.0,715.0,567.6
ICFC,3/26/2014,235.0,239.0,231.0,231.0,-1.7,538.0,715.0,567.6
ICFC,3/27/2014,231.0,243.0,230.0,243.0,5.19,4317.0,715.0,567.6
ICFC,3/31/2014,243.0,240.0,240.0,240.0,-1.23,65.0,715.0,567.6
ICFC,4/1/2014,240.0,240.0,236.0,240.0,0.0,1439.0,715.0,567.6
ICFC,4/2/2014,240.0,236.0,229.0,229.0,-4.58,2659.0,715.0,567.6
ICFC,4/3/2014,229.0,233.0,228.0,232.0,1.31,849.0,715.0,567.6
ICFC,4/6/2014,232.0,240.0,224.0,228.0,-1.72,2574.0,715.0,567.6
ICFC,4/7/2014,228.0,236.0,232.0,232.0,1.75,3175.0,715.0,567.6
ICFC,4/9/2014,232.0,232.0,228.0,232.0,0.0,1789.0,715.0,567.6
ICFC,4/10/2014,232.0,240.0,233.0,240.0,3.45,1752.0,715.0,567.6
ICFC,4/13/2014,240.0,244.0,236.0,244.0,1.67,2122.0,715.0,567.6
ICFC,4/15/2014,244.0,252.0,240.0,249.0,2.05,1642.0,715.0,567.6
ICFC,4/17/2014,249.0,251.0,240.0,240.0,-3.61,6762.0,715.0,567.6
ICFC,4/20/2014,240.0,242.0,237.0,242.0,0.83,1531.0,715.0,567.6
ICFC,4/21/2014,242.0,238.0,238.0,238.0,-1.65,103.0,715.0,567.6
ICFC,4/22/2014,238.0,237.0,233.0,233.0,-2.1,2557.0,715.0,567.6
ICFC,4/23/2014,233.0,236.0,231.0,236.0,1.29,330.0,715.0,567.6
ICFC,4/27/2014,236.0,234.0,232.0,234.0,-0.85,293.0,715.0,567.6
ICFC,4/28/2014,234.0,235.0,231.0,231.0,-1.28,692.0,715.0,567.6
ICFC,4/29/2014,231.0,228.0,228.0,228.0,-1.3,136.0,715.0,567.6
ICFC,4/30/2014,228.0,231.0,231.0,231.0,1.32,250.0,715.0,567.6
ICFC,5/4/2014,231.0,231.0,230.0,230.0,-0.43,119.0,715.0,567.6
ICFC,5/6/2014,230.0,234.0,234.0,234.0,1.74,44.0,715.0,567.6
ICFC,5/7/2014,234.0,240.0,238.0,240.0,2.56,350.0,715.0,567.6
ICFC,5/8/2014,240.0,250.0,243.0,250.0,4.17,3921.0,715.0,567.6
ICFC,5/11/2014,250.0,255.0,246.0,250.0,0.0,1341.0,715.0,567.6
ICFC,5/12/2014,250.0,254.0,250.0,250.0,0.0,2735.0,715.0,567.6
ICFC,5/13/2014,250.0,250.0,245.0,245.0,-2.0,1412.0,715.0,567.6
ICFC,5/18/2014,245.0,241.0,237.0,237.0,-3.27,65.0,715.0,567.6
ICFC,5/20/2014,237.0,235.0,231.0,235.0,-0.84,613.0,715.0,567.6
ICFC,5/25/2014,235.0,238.0,238.0,238.0,1.28,23.0,715.0,567.6
ICFC,5/26/2014,238.0,235.0,235.0,235.0,-1.26,71.0,715.0,567.6
ICFC,5/27/2014,235.0,239.0,239.0,239.0,1.7,400.0,715.0,567.6
ICFC,5/28/2014,239.0,240.0,236.0,236.0,-1.26,1427.0,715.0,567.6
ICFC,6/1/2014,236.0,242.0,240.0,242.0,2.54,1324.0,715.0,567.6
ICFC,6/2/2014,242.0,245.0,245.0,245.0,1.24,1000.0,715.0,567.6
ICFC,6/3/2014,245.0,249.0,245.0,249.0,1.63,195.0,715.0,567.6
ICFC,6/5/2014,249.0,245.0,242.0,242.0,-2.81,1321.0,715.0,567.6
ICFC,6/8/2014,242.0,239.0,238.0,238.0,-1.65,298.0,715.0,567.6
ICFC,6/9/2014,238.0,240.0,240.0,240.0,0.84,58.0,715.0,567.6
ICFC,6/10/2014,240.0,248.0,240.0,248.0,3.33,1487.0,715.0,567.6
ICFC,6/11/2014,248.0,252.0,250.0,250.0,0.81,926.0,715.0,567.6
ICFC,6/15/2014,250.0,265.0,255.0,261.0,4.4,9430.0,715.0,567.6
ICFC,6/16/2014,261.0,260.0,260.0,260.0,-0.38,12.0,715.0,567.6
ICFC,6/17/2014,260.0,265.0,260.0,261.0,0.38,410.0,715.0,567.6
ICFC,6/18/2014,261.0,256.0,256.0,256.0,-1.92,500.0,715.0,567.6
ICFC,6/19/2014,256.0,253.0,248.0,248.0,-3.12,679.0,715.0,567.6
ICFC,6/23/2014,248.0,244.0,244.0,244.0,-1.61,34.0,715.0,567.6
ICFC,6/24/2014,244.0,247.0,244.0,245.0,0.41,3152.0,715.0,567.6
ICFC,6/25/2014,245.0,262.0,249.0,262.0,6.94,2929.0,715.0,567.6
ICFC,6/26/2014,262.0,262.0,262.0,262.0,0.0,80.0,715.0,567.6
ICFC,6/29/2014,262.0,267.0,257.0,262.0,0.0,843.0,715.0,567.6
ICFC,6/30/2014,262.0,270.0,262.0,270.0,3.05,1393.0,715.0,567.6
ICFC,7/1/2014,270.0,283.0,275.0,281.0,4.07,3693.0,715.0,567.6
ICFC,7/2/2014,281.0,286.0,286.0,286.0,1.78,300.0,715.0,567.6
ICFC,7/3/2014,286.0,288.0,284.0,284.0,-0.7,391.0,715.0,567.6
ICFC,7/6/2014,284.0,281.0,280.0,280.0,-1.41,1161.0,715.0,567.6
ICFC,7/7/2014,280.0,300.0,285.0,300.0,7.14,371.0,715.0,567.6
ICFC,7/8/2014,300.0,330.0,306.0,330.0,10.0,861.0,715.0,567.6
ICFC,7/9/2014,330.0,336.0,330.0,336.0,1.82,1181.0,715.0,567.6
ICFC,7/10/2014,336.0,342.0,335.0,342.0,1.79,510.0,715.0,567.6
ICFC,7/13/2014,342.0,348.0,348.0,348.0,1.75,69.0,715.0,567.6
ICFC,7/14/2014,348.0,342.0,318.0,318.0,-8.62,599.0,715.0,567.6
ICFC,7/15/2014,318.0,314.0,306.0,306.0,-3.77,3874.0,715.0,567.6
ICFC,7/16/2014,306.0,311.0,300.0,310.0,1.31,997.0,715.0,567.6
ICFC,7/17/2014,310.0,315.0,312.0,315.0,1.61,2308.0,715.0,567.6
ICFC,7/20/2014,315.0,333.0,321.0,328.0,4.13,925.0,715.0,567.6
ICFC,7/21/2014,328.0,344.0,325.0,329.0,0.3,5642.0,715.0,567.6
ICFC,7/22/2014,329.0,335.0,323.0,328.0,-0.3,5137.0,715.0,567.6
ICFC,7/23/2014,328.0,350.0,325.0,350.0,6.71,8734.0,715.0,567.6
ICFC,7/24/2014,350.0,361.0,350.0,361.0,3.14,4786.0,715.0,567.6
ICFC,7/27/2014,361.0,386.0,361.0,386.0,6.93,6643.0,715.0,567.6
ICFC,7/30/2014,386.0,379.0,360.0,360.0,-6.74,1118.0,715.0,567.6
ICFC,7/31/2014,360.0,360.0,354.0,360.0,0.0,3198.0,715.0,567.6
ICFC,8/3/2014,360.0,374.0,350.0,367.0,1.94,8199.0,715.0,567.6
ICFC,8/4/2014,367.0,375.0,365.0,365.0,-0.54,307.0,715.0,567.6
ICFC,8/5/2014,365.0,367.0,355.0,355.0,-2.74,902.0,715.0,567.6
ICFC,8/6/2014,355.0,350.0,340.0,340.0,-4.23,296.0,715.0,567.6
ICFC,8/7/2014,340.0,340.0,335.0,335.0,-1.47,604.0,715.0,567.6
ICFC,8/12/2014,335.0,330.0,317.0,317.0,-5.37,2742.0,715.0,567.6
ICFC,8/13/2014,317.0,334.0,301.0,330.0,4.1,5663.0,715.0,567.6
ICFC,8/14/2014,330.0,330.0,320.0,324.0,-1.82,1416.0,715.0,567.6
ICFC,8/18/2014,324.0,336.0,318.0,321.0,-0.93,2233.0,715.0,567.6
ICFC,8/19/2014,321.0,320.0,305.0,305.0,-4.98,2109.0,715.0,567.6
ICFC,8/20/2014,305.0,317.0,300.0,305.0,0.0,5088.0,715.0,567.6
ICFC,8/21/2014,305.0,311.0,300.0,310.0,1.64,3976.0,715.0,567.6
ICFC,8/24/2014,310.0,314.0,310.0,310.0,0.0,334.0,715.0,567.6
ICFC,8/26/2014,310.0,305.0,299.0,299.0,-3.55,113.0,715.0,567.6
ICFC,8/27/2014,299.0,316.0,300.0,300.0,0.33,3797.0,715.0,567.6
ICFC,8/28/2014,300.0,307.0,291.0,300.0,0.0,7700.0,715.0,567.6
ICFC,8/31/2014,300.0,303.0,297.0,303.0,1.0,2991.0,715.0,567.6
ICFC,9/1/2014,303.0,298.0,295.0,295.0,-2.64,356.0,715.0,567.6
ICFC,9/3/2014,295.0,303.0,295.0,295.0,0.0,3277.0,715.0,567.6
ICFC,9/4/2014,295.0,295.0,290.0,294.0,-0.34,4896.0,715.0,567.6
ICFC,9/7/2014,294.0,290.0,275.0,275.0,-6.46,2030.0,715.0,567.6
ICFC,9/9/2014,275.0,284.0,275.0,284.0,3.27,1699.0,715.0,567.6
ICFC,9/10/2014,284.0,295.0,279.0,280.0,-1.41,4337.0,715.0,567.6
ICFC,9/14/2014,280.0,280.0,270.0,270.0,-3.57,221.0,715.0,567.6
ICFC,9/15/2014,270.0,280.0,275.0,280.0,3.7,176.0,715.0,567.6
ICFC,9/16/2014,280.0,290.0,278.0,290.0,3.57,2727.0,715.0,567.6
ICFC,9/17/2014,290.0,295.0,285.0,285.0,-1.72,3864.0,715.0,567.6
ICFC,9/18/2014,285.0,280.0,279.0,279.0,-2.11,1069.0,715.0,567.6
ICFC,9/21/2014,279.0,275.0,270.0,270.0,-3.23,1501.0,715.0,567.6
ICFC,9/22/2014,270.0,275.0,265.0,274.0,1.48,5264.0,715.0,567.6
ICFC,9/23/2014,274.0,280.0,279.0,280.0,2.19,3041.0,715.0,567.6
ICFC,9/28/2014,280.0,275.0,275.0,275.0,-1.79,70.0,715.0,567.6
ICFC,9/29/2014,275.0,280.0,275.0,280.0,1.82,594.0,715.0,567.6
ICFC,9/30/2014,280.0,300.0,285.0,299.0,6.79,1642.0,715.0,567.6
ICFC,10/12/2014,299.0,301.0,294.0,294.0,-1.67,613.0,715.0,567.6
ICFC,10/16/2014,294.0,295.0,285.0,295.0,0.34,508.0,715.0,567.6
ICFC,10/21/2014,295.0,298.0,298.0,298.0,1.02,701.0,715.0,567.6
ICFC,10/30/2014,298.0,293.0,270.0,270.0,-9.4,3161.0,715.0,567.6
ICFC,11/2/2014,270.0,274.0,264.0,265.0,-1.85,469.0,715.0,567.6
ICFC,11/3/2014,265.0,265.0,260.0,265.0,0.0,2168.0,715.0,567.6
ICFC,11/4/2014,265.0,275.0,260.0,270.0,1.89,2514.0,715.0,567.6
ICFC,11/5/2014,270.0,284.0,265.0,284.0,5.19,6023.0,715.0,567.6
ICFC,11/6/2014,284.0,294.0,288.0,294.0,3.52,616.0,715.0,567.6
ICFC,11/9/2014,294.0,310.0,291.0,300.0,2.04,15193.0,715.0,567.6
ICFC,11/10/2014,300.0,300.0,289.0,299.0,-0.33,5766.0,715.0,567.6
ICFC,11/11/2014,299.0,310.0,288.0,292.0,-2.34,4546.0,715.0,567.6
ICFC,11/12/2014,292.0,295.0,289.0,295.0,1.03,2376.0,715.0,567.6
ICFC,11/13/2014,295.0,295.0,285.0,288.0,-2.37,4429.0,715.0,567.6
ICFC,12/9/2014,253.0,257.0,257.0,257.0,-10.76,119.0,715.0,567.6
ICFC,12/14/2014,257.0,252.0,252.0,252.0,-1.95,150.0,715.0,567.6
ICFC,12/15/2014,252.0,251.0,248.0,248.0,-1.59,1825.0,715.0,567.6
ICFC,12/16/2014,248.0,244.0,240.0,240.0,-3.23,175.0,715.0,567.6
ICFC,12/18/2014,240.0,236.0,232.0,236.0,-1.67,505.0,715.0,567.6
ICFC,12/31/2014,236.0,244.0,240.0,244.0,3.39,112.0,715.0,567.6
ICFC,1/1/2015,244.0,240.0,237.0,237.0,-2.87,830.0,715.0,567.6
ICFC,1/4/2015,237.0,235.0,235.0,235.0,-0.84,1267.0,715.0,567.6
ICFC,1/7/2015,235.0,239.0,239.0,239.0,1.7,717.0,715.0,567.6
ICFC,1/11/2015,239.0,243.0,243.0,243.0,1.67,1054.0,715.0,567.6
ICFC,1/12/2015,243.0,245.0,243.0,245.0,0.82,382.0,715.0,567.6
ICFC,1/13/2015,245.0,253.0,249.0,253.0,3.27,907.0,715.0,567.6
ICFC,1/14/2015,253.0,250.0,248.0,250.0,-1.19,876.0,715.0,567.6
ICFC,1/18/2015,250.0,255.0,251.0,255.0,2.0,880.0,715.0,567.6
ICFC,1/19/2015,255.0,265.0,260.0,265.0,3.92,400.0,715.0,567.6
ICFC,1/20/2015,265.0,260.0,260.0,260.0,-1.89,203.0,715.0,567.6
ICFC,1/22/2015,260.0,265.0,265.0,265.0,1.92,546.0,715.0,567.6
ICFC,1/25/2015,265.0,280.0,265.0,276.0,4.15,489.0,715.0,567.6
ICFC,1/26/2015,276.0,281.0,272.0,281.0,1.81,1575.0,715.0,567.6
ICFC,1/27/2015,281.0,291.0,286.0,288.0,2.49,1273.0,715.0,567.6
ICFC,1/28/2015,288.0,286.0,284.0,285.0,-1.04,1111.0,715.0,567.6
ICFC,1/29/2015,285.0,292.0,285.0,285.0,0.0,1699.0,715.0,567.6
ICFC,2/1/2015,285.0,286.0,276.0,276.0,-3.16,868.0,715.0,567.6
ICFC,2/2/2015,276.0,276.0,276.0,276.0,0.0,88.0,715.0,567.6
ICFC,2/3/2015,276.0,275.0,269.0,269.0,-2.54,3889.0,715.0,567.6
ICFC,2/4/2015,269.0,275.0,270.0,275.0,2.23,4140.0,715.0,567.6
ICFC,2/5/2015,275.0,281.0,275.0,275.0,0.0,2772.0,715.0,567.6
ICFC,2/8/2015,275.0,280.0,280.0,280.0,1.82,50.0,715.0,567.6
ICFC,2/9/2015,280.0,276.0,271.0,276.0,-1.43,1750.0,715.0,567.6
ICFC,2/10/2015,276.0,276.0,271.0,276.0,0.0,1551.0,715.0,567.6
ICFC,2/11/2015,276.0,281.0,280.0,280.0,1.45,800.0,715.0,567.6
ICFC,2/12/2015,280.0,285.0,280.0,285.0,1.79,350.0,715.0,567.6
ICFC,2/15/2015,285.0,280.0,275.0,275.0,-3.51,1000.0,715.0,567.6
ICFC,2/16/2015,275.0,285.0,275.0,285.0,3.64,6049.0,715.0,567.6
ICFC,2/18/2015,285.0,300.0,290.0,291.0,2.11,6196.0,715.0,567.6
ICFC,2/22/2015,291.0,286.0,280.0,280.0,-3.78,1786.0,715.0,567.6
ICFC,2/23/2015,280.0,285.0,280.0,285.0,1.79,235.0,715.0,567.6
ICFC,2/24/2015,285.0,280.0,280.0,280.0,-1.75,712.0,715.0,567.6
ICFC,2/25/2015,280.0,290.0,282.0,286.0,2.14,1370.0,715.0,567.6
ICFC,2/26/2015,286.0,286.0,281.0,286.0,0.0,1338.0,715.0,567.6
ICFC,3/2/2015,286.0,291.0,286.0,290.0,1.4,656.0,715.0,567.6
ICFC,3/3/2015,290.0,290.0,286.0,286.0,-1.38,2490.0,715.0,567.6
ICFC,3/9/2015,286.0,287.0,285.0,287.0,0.35,1306.0,715.0,567.6
ICFC,3/10/2015,287.0,289.0,280.0,289.0,0.7,1072.0,715.0,567.6
ICFC,3/11/2015,289.0,290.0,286.0,288.0,-0.35,3935.0,715.0,567.6
ICFC,3/12/2015,288.0,285.0,279.0,284.0,-1.39,1821.0,715.0,567.6
ICFC,3/15/2015,284.0,290.0,285.0,290.0,2.11,531.0,715.0,567.6
ICFC,3/16/2015,290.0,291.0,278.0,280.0,-3.45,4975.0,715.0,567.6
ICFC,3/17/2015,280.0,285.0,278.0,278.0,-0.71,1047.0,715.0,567.6
ICFC,3/18/2015,278.0,280.0,273.0,280.0,0.72,2560.0,715.0,567.6
ICFC,3/19/2015,280.0,283.0,281.0,281.0,0.36,202.0,715.0,567.6
ICFC,3/22/2015,281.0,285.0,276.0,276.0,-1.78,2974.0,715.0,567.6
ICFC,3/23/2015,276.0,281.0,280.0,280.0,1.45,283.0,715.0,567.6
ICFC,3/24/2015,280.0,280.0,280.0,280.0,0.0,200.0,715.0,567.6
ICFC,3/25/2015,280.0,275.0,275.0,275.0,-1.79,201.0,715.0,567.6
ICFC,3/26/2015,275.0,270.0,265.0,269.0,-2.18,1962.0,715.0,567.6
ICFC,3/29/2015,269.0,265.0,264.0,264.0,-1.86,496.0,715.0,567.6
ICFC,3/30/2015,264.0,265.0,260.0,262.0,-0.76,2475.0,715.0,567.6
ICFC,3/31/2015,262.0,269.0,260.0,269.0,2.67,2562.0,715.0,567.6
ICFC,4/1/2015,269.0,268.0,267.0,268.0,-0.37,1217.0,715.0,567.6
ICFC,4/9/2015,268.0,275.0,270.0,275.0,2.61,1750.0,715.0,567.6
ICFC,4/16/2015,275.0,270.0,270.0,270.0,-1.82,500.0,715.0,567.6
ICFC,4/19/2015,270.0,267.0,265.0,267.0,-1.11,428.0,715.0,567.6
ICFC,4/20/2015,267.0,266.0,265.0,265.0,-0.75,535.0,715.0,567.6
ICFC,4/21/2015,265.0,270.0,270.0,270.0,1.89,12.0,715.0,567.6
ICFC,4/22/2015,270.0,265.0,262.0,262.0,-2.96,407.0,715.0,567.6
ICFC,4/23/2015,262.0,267.0,267.0,267.0,1.91,79.0,715.0,567.6
ICFC,5/31/2015,267.0,272.0,272.0,272.0,1.87,19.0,715.0,567.6
ICFC,6/8/2015,272.0,267.0,267.0,267.0,-1.84,100.0,715.0,567.6
ICFC,6/9/2015,267.0,279.0,268.0,277.0,3.75,4675.0,715.0,567.6
ICFC,6/10/2015,277.0,272.0,260.0,263.0,-5.05,3091.0,715.0,567.6
ICFC,6/11/2015,263.0,268.0,258.0,261.0,-0.76,1511.0,715.0,567.6
ICFC,6/14/2015,261.0,264.0,264.0,264.0,1.15,173.0,715.0,567.6
ICFC,6/16/2015,264.0,259.0,251.0,258.0,-2.27,2400.0,715.0,567.6
ICFC,6/17/2015,258.0,256.0,250.0,256.0,-0.78,6175.0,715.0,567.6
ICFC,6/21/2015,256.0,251.0,246.0,250.0,-2.34,2400.0,715.0,567.6
ICFC,6/22/2015,250.0,250.0,245.0,250.0,0.0,230.0,715.0,567.6
ICFC,6/23/2015,250.0,250.0,247.0,247.0,-1.2,1658.0,715.0,567.6
ICFC,6/24/2015,247.0,256.0,250.0,250.0,1.21,1303.0,715.0,567.6
ICFC,6/25/2015,250.0,250.0,246.0,250.0,0.0,2124.0,715.0,567.6
ICFC,6/28/2015,250.0,260.0,252.0,260.0,4.0,504.0,715.0,567.6
ICFC,6/29/2015,260.0,264.0,256.0,258.0,-0.77,1960.0,715.0,567.6
ICFC,6/30/2015,258.0,260.0,250.0,252.0,-2.33,1461.0,715.0,567.6
ICFC,7/1/2015,252.0,252.0,252.0,252.0,0.0,295.0,715.0,567.6
ICFC,7/2/2015,252.0,247.0,244.0,245.0,-2.78,1053.0,715.0,567.6
ICFC,7/5/2015,245.0,253.0,249.0,253.0,3.27,562.0,715.0,567.6
ICFC,7/6/2015,253.0,262.0,253.0,262.0,3.56,4117.0,715.0,567.6
ICFC,7/7/2015,262.0,265.0,259.0,259.0,-1.15,1351.0,715.0,567.6
ICFC,7/8/2015,259.0,255.0,254.0,255.0,-1.54,164.0,715.0,567.6
ICFC,7/12/2015,255.0,251.0,250.0,251.0,-1.57,1919.0,715.0,567.6
ICFC,7/13/2015,251.0,255.0,252.0,255.0,1.59,353.0,715.0,567.6
ICFC,7/14/2015,255.0,256.0,251.0,256.0,0.39,82.0,715.0,567.6
ICFC,7/15/2015,256.0,255.0,255.0,255.0,-0.39,620.0,715.0,567.6
ICFC,7/16/2015,255.0,254.0,252.0,254.0,-0.39,1648.0,715.0,567.6
ICFC,7/22/2015,254.0,260.0,254.0,260.0,2.36,2797.0,715.0,567.6
ICFC,7/23/2015,260.0,280.0,265.0,280.0,7.69,527.0,715.0,567.6
ICFC,7/26/2015,280.0,290.0,285.0,290.0,3.57,72.0,715.0,567.6
ICFC,7/27/2015,290.0,300.0,290.0,300.0,3.45,2226.0,715.0,567.6
ICFC,7/28/2015,300.0,294.0,276.0,276.0,-8.0,1206.0,715.0,567.6
ICFC,7/29/2015,276.0,271.0,266.0,266.0,-3.62,3766.0,715.0,567.6
ICFC,7/30/2015,266.0,271.0,263.0,263.0,-1.13,1744.0,715.0,567.6
ICFC,8/2/2015,263.0,260.0,258.0,258.0,-1.9,1277.0,715.0,567.6
ICFC,8/3/2015,258.0,271.0,255.0,271.0,5.04,5006.0,715.0,567.6
ICFC,8/4/2015,271.0,271.0,266.0,270.0,-0.37,1994.0,715.0,567.6
ICFC,8/5/2015,270.0,269.0,260.0,265.0,-1.85,959.0,715.0,567.6
ICFC,8/6/2015,265.0,276.0,262.0,272.0,2.64,6591.0,715.0,567.6
ICFC,8/9/2015,272.0,270.0,265.0,265.0,-2.57,215.0,715.0,567.6
ICFC,8/10/2015,265.0,270.0,269.0,269.0,1.51,1052.0,715.0,567.6
ICFC,8/11/2015,269.0,265.0,265.0,265.0,-1.49,35.0,715.0,567.6
ICFC,8/12/2015,265.0,270.0,265.0,270.0,1.89,1300.0,715.0,567.6
ICFC,8/17/2015,270.0,265.0,265.0,265.0,-1.85,1000.0,715.0,567.6
ICFC,8/18/2015,265.0,280.0,270.0,280.0,5.66,443.0,715.0,567.6
ICFC,8/19/2015,280.0,290.0,285.0,285.0,1.79,771.0,715.0,567.6
ICFC,8/23/2015,285.0,290.0,285.0,290.0,1.75,700.0,715.0,567.6
ICFC,8/24/2015,290.0,318.0,285.0,318.0,9.66,2794.0,715.0,567.6
ICFC,8/25/2015,318.0,332.0,318.0,330.0,3.77,2020.0,715.0,567.6
ICFC,8/26/2015,330.0,324.0,313.0,313.0,-5.15,2335.0,715.0,567.6
ICFC,8/27/2015,313.0,315.0,310.0,310.0,-0.96,243.0,715.0,567.6
ICFC,8/31/2015,310.0,316.0,310.0,315.0,1.61,1313.0,715.0,567.6
ICFC,9/1/2015,315.0,332.0,320.0,332.0,5.4,1333.0,715.0,567.6
ICFC,9/2/2015,332.0,326.0,314.0,314.0,-5.42,412.0,715.0,567.6
ICFC,9/3/2015,314.0,315.0,310.0,310.0,-1.27,871.0,715.0,567.6
ICFC,9/6/2015,310.0,310.0,310.0,310.0,0.0,500.0,715.0,567.6
ICFC,9/8/2015,310.0,312.0,310.0,310.0,0.0,2000.0,715.0,567.6
ICFC,9/9/2015,310.0,307.0,307.0,307.0,-0.97,42.0,715.0,567.6
ICFC,9/10/2015,307.0,329.0,310.0,325.0,5.86,8937.0,715.0,567.6
ICFC,9/13/2015,325.0,322.0,319.0,320.0,-1.54,1400.0,715.0,567.6
ICFC,9/14/2015,320.0,332.0,315.0,316.0,-1.25,1025.0,715.0,567.6
ICFC,9/15/2015,316.0,322.0,316.0,317.0,0.32,4445.0,715.0,567.6
ICFC,9/16/2015,317.0,325.0,323.0,323.0,1.89,1200.0,715.0,567.6
ICFC,9/17/2015,323.0,320.0,314.0,314.0,-2.79,1176.0,715.0,567.6
ICFC,9/22/2015,314.0,310.0,296.0,298.0,-5.1,2202.0,715.0,567.6
ICFC,9/23/2015,298.0,315.0,303.0,309.0,3.69,307.0,715.0,567.6
ICFC,9/24/2015,309.0,315.0,309.0,309.0,0.0,239.0,715.0,567.6
ICFC,9/28/2015,309.0,310.0,298.0,300.0,-2.91,2479.0,715.0,567.6
ICFC,9/29/2015,300.0,306.0,303.0,303.0,1.0,1019.0,715.0,567.6
ICFC,9/30/2015,303.0,309.0,298.0,309.0,1.98,1435.0,715.0,567.6
ICFC,10/1/2015,309.0,331.0,310.0,330.0,6.8,5923.0,715.0,567.6
ICFC,10/4/2015,330.0,336.0,318.0,334.0,1.21,6579.0,715.0,567.6
ICFC,10/5/2015,334.0,328.0,328.0,328.0,-1.8,100.0,715.0,567.6
ICFC,10/6/2015,328.0,322.0,322.0,322.0,-1.83,100.0,715.0,567.6
ICFC,10/8/2015,322.0,319.0,319.0,319.0,-0.93,500.0,715.0,567.6
ICFC,10/11/2015,319.0,337.0,311.0,311.0,-2.51,10013.0,715.0,567.6
ICFC,10/15/2015,311.0,317.0,312.0,312.0,0.32,651.0,715.0,567.6
ICFC,10/18/2015,312.0,316.0,316.0,316.0,1.28,200.0,715.0,567.6
ICFC,10/19/2015,316.0,322.0,311.0,311.0,-1.58,79.0,715.0,567.6
ICFC,10/25/2015,311.0,315.0,309.0,309.0,-0.64,2855.0,715.0,567.6
ICFC,10/27/2015,309.0,303.0,284.0,289.0,-6.47,8255.0,715.0,567.6
ICFC,10/28/2015,289.0,291.0,280.0,285.0,-1.38,3177.0,715.0,567.6
ICFC,11/1/2015,223.0,223.0,223.0,223.0,-21.75,19.0,715.0,567.6
ICFC,11/10/2015,223.0,227.0,227.0,227.0,1.79,10.0,715.0,567.6
ICFC,11/16/2015,227.0,227.0,225.0,225.0,-0.88,670.0,715.0,567.6
ICFC,11/18/2015,225.0,225.0,225.0,225.0,0.0,100.0,715.0,567.6
ICFC,11/19/2015,225.0,225.0,225.0,225.0,0.0,35.0,715.0,567.6
ICFC,11/24/2015,225.0,221.0,221.0,221.0,-1.78,85.0,715.0,567.6
ICFC,11/25/2015,221.0,217.0,217.0,217.0,-1.81,100.0,715.0,567.6
ICFC,11/26/2015,217.0,213.0,210.0,210.0,-3.23,400.0,715.0,567.6
ICFC,11/30/2015,210.0,206.0,198.0,198.0,-5.71,1773.0,715.0,567.6
ICFC,12/6/2015,198.0,201.0,201.0,201.0,1.52,70.0,715.0,567.6
ICFC,12/7/2015,201.0,215.0,201.0,211.0,4.98,3263.0,715.0,567.6
ICFC,12/8/2015,211.0,208.0,208.0,208.0,-1.42,116.0,715.0,567.6
ICFC,12/10/2015,208.0,214.0,212.0,214.0,2.88,383.0,715.0,567.6
ICFC,12/13/2015,214.0,218.0,211.0,211.0,-1.4,1210.0,715.0,567.6
ICFC,12/14/2015,211.0,208.0,207.0,207.0,-1.9,63.0,715.0,567.6
ICFC,12/16/2015,207.0,206.0,205.0,206.0,-0.48,405.0,715.0,567.6
ICFC,12/17/2015,206.0,206.0,205.0,206.0,0.0,300.0,715.0,567.6
ICFC,12/21/2015,206.0,206.0,202.0,202.0,-1.94,1525.0,715.0,567.6
ICFC,12/22/2015,202.0,206.0,203.0,203.0,0.5,1027.0,715.0,567.6
ICFC,12/24/2015,203.0,204.0,200.0,204.0,0.49,800.0,715.0,567.6
ICFC,12/27/2015,204.0,203.0,202.0,202.0,-0.98,1000.0,715.0,567.6
ICFC,12/28/2015,202.0,202.0,199.0,202.0,0.0,640.0,715.0,567.6
ICFC,12/29/2015,202.0,210.0,202.0,210.0,3.96,3435.0,715.0,567.6
ICFC,12/31/2015,210.0,210.0,208.0,208.0,-0.95,214.0,715.0,567.6
ICFC,1/3/2016,208.0,204.0,204.0,204.0,-1.92,120.0,715.0,567.6
ICFC,1/4/2016,204.0,204.0,204.0,204.0,0.0,500.0,715.0,567.6
ICFC,1/5/2016,204.0,205.0,204.0,205.0,0.49,280.0,715.0,567.6
ICFC,1/6/2016,205.0,209.0,206.0,209.0,1.95,1320.0,715.0,567.6
ICFC,1/7/2016,209.0,205.0,205.0,205.0,-1.91,348.0,715.0,567.6
ICFC,1/10/2016,205.0,209.0,209.0,209.0,1.95,53.0,715.0,567.6
ICFC,1/12/2016,209.0,208.0,208.0,208.0,-0.48,1000.0,715.0,567.6
ICFC,1/13/2016,208.0,205.0,205.0,205.0,-1.44,27.0,715.0,567.6
ICFC,1/14/2016,205.0,202.0,202.0,202.0,-1.46,65.0,715.0,567.6
ICFC,1/17/2016,202.0,218.0,206.0,218.0,7.92,2545.0,715.0,567.6
ICFC,1/18/2016,218.0,220.0,215.0,216.0,-0.92,1240.0,715.0,567.6
ICFC,1/19/2016,216.0,214.0,206.0,214.0,-0.93,664.0,715.0,567.6
ICFC,1/20/2016,214.0,225.0,217.0,222.0,3.74,13903.0,715.0,567.6
ICFC,1/21/2016,222.0,228.0,225.0,228.0,2.7,4486.0,715.0,567.6
ICFC,1/24/2016,228.0,238.0,232.0,236.0,3.51,2751.0,715.0,567.6
ICFC,1/25/2016,236.0,237.0,237.0,237.0,0.42,100.0,715.0,567.6
ICFC,1/26/2016,237.0,235.0,228.0,228.0,-3.8,1345.0,715.0,567.6
ICFC,1/27/2016,228.0,246.0,231.0,231.0,1.32,4196.0,715.0,567.6
ICFC,1/28/2016,231.0,239.0,231.0,231.0,0.0,1830.0,715.0,567.6
ICFC,1/31/2016,231.0,250.0,235.0,250.0,8.23,9359.0,715.0,567.6
ICFC,2/1/2016,250.0,257.0,245.0,250.0,0.0,8968.0,715.0,567.6
ICFC,2/2/2016,250.0,262.0,250.0,259.0,3.6,12844.0,715.0,567.6
ICFC,2/3/2016,259.0,260.0,249.0,260.0,0.39,4849.0,715.0,567.6
ICFC,2/4/2016,260.0,278.0,257.0,268.0,3.08,8885.0,715.0,567.6
ICFC,2/7/2016,268.0,265.0,253.0,260.0,-2.99,4017.0,715.0,567.6
ICFC,2/8/2016,260.0,269.0,257.0,260.0,0.0,3339.0,715.0,567.6
ICFC,2/11/2016,260.0,265.0,247.0,251.0,-3.46,3045.0,715.0,567.6
ICFC,2/14/2016,251.0,261.0,256.0,258.0,2.79,1527.0,715.0,567.6
ICFC,2/15/2016,258.0,255.0,250.0,253.0,-1.94,624.0,715.0,567.6
ICFC,2/16/2016,253.0,258.0,252.0,258.0,1.98,1775.0,715.0,567.6
ICFC,2/17/2016,258.0,264.0,259.0,260.0,0.78,2589.0,715.0,567.6
ICFC,2/18/2016,260.0,265.0,250.0,260.0,0.0,17983.0,715.0,567.6
ICFC,2/21/2016,260.0,261.0,253.0,260.0,0.0,3360.0,715.0,567.6
ICFC,2/22/2016,260.0,262.0,257.0,260.0,0.0,3851.0,715.0,567.6
ICFC,2/23/2016,260.0,265.0,257.0,260.0,0.0,3193.0,715.0,567.6
ICFC,2/24/2016,260.0,256.0,256.0,256.0,-1.54,500.0,715.0,567.6
ICFC,2/25/2016,256.0,261.0,256.0,261.0,1.95,270.0,715.0,567.6
ICFC,2/28/2016,261.0,266.0,266.0,266.0,1.92,50.0,715.0,567.6
ICFC,2/29/2016,266.0,265.0,263.0,263.0,-1.13,990.0,715.0,567.6
ICFC,3/1/2016,263.0,264.0,258.0,260.0,-1.14,2970.0,715.0,567.6
ICFC,3/2/2016,260.0,267.0,260.0,267.0,2.69,5317.0,715.0,567.6
ICFC,3/3/2016,267.0,282.0,272.0,280.0,4.87,5480.0,715.0,567.6
ICFC,3/6/2016,280.0,285.0,276.0,276.0,-1.43,1660.0,715.0,567.6
ICFC,3/13/2016,276.0,271.0,271.0,271.0,-1.81,120.0,715.0,567.6
ICFC,3/15/2016,271.0,266.0,258.0,258.0,-4.8,320.0,715.0,567.6
ICFC,3/16/2016,258.0,259.0,253.0,259.0,0.39,800.0,715.0,567.6
ICFC,3/17/2016,259.0,277.0,259.0,277.0,6.95,8567.0,715.0,567.6
ICFC,3/20/2016,277.0,278.0,273.0,276.0,-0.36,1878.0,715.0,567.6
ICFC,3/21/2016,276.0,283.0,278.0,280.0,1.45,8556.0,715.0,567.6
ICFC,3/23/2016,280.0,280.0,270.0,270.0,-3.57,8300.0,715.0,567.6
ICFC,3/24/2016,270.0,275.0,265.0,265.0,-1.85,10039.0,715.0,567.6
ICFC,3/27/2016,265.0,280.0,267.0,276.0,4.15,18079.0,715.0,567.6
ICFC,3/28/2016,258.0,268.0,253.0,255.0,-7.61,16257.0,715.0,567.6
ICFC,3/29/2016,255.0,255.0,245.0,250.0,-1.96,1829.0,715.0,567.6
ICFC,3/30/2016,250.0,260.0,245.0,260.0,4.0,3520.0,715.0,567.6
ICFC,3/31/2016,260.0,255.0,247.0,247.0,-5.0,1035.0,715.0,567.6
ICFC,4/3/2016,247.0,245.0,240.0,242.0,-2.02,5026.0,715.0,567.6
ICFC,4/4/2016,242.0,250.0,245.0,250.0,3.31,1813.0,715.0,567.6
ICFC,4/5/2016,250.0,249.0,244.0,249.0,-0.4,1112.0,715.0,567.6
ICFC,4/6/2016,249.0,253.0,247.0,247.0,-0.8,2666.0,715.0,567.6
ICFC,4/10/2016,247.0,252.0,248.0,250.0,1.21,4720.0,715.0,567.6
ICFC,4/11/2016,250.0,255.0,249.0,250.0,0.0,2064.0,715.0,567.6
ICFC,4/12/2016,250.0,255.0,255.0,255.0,2.0,500.0,715.0,567.6
ICFC,4/14/2016,255.0,265.0,250.0,265.0,3.92,5603.0,715.0,567.6
ICFC,4/17/2016,265.0,271.0,264.0,271.0,2.26,9661.0,715.0,567.6
ICFC,4/18/2016,271.0,297.0,272.0,290.0,7.01,17033.0,715.0,567.6
ICFC,4/19/2016,290.0,290.0,275.0,275.0,-5.17,5877.0,715.0,567.6
ICFC,4/20/2016,275.0,280.0,272.0,280.0,1.82,2871.0,715.0,567.6
ICFC,4/21/2016,280.0,285.0,275.0,278.0,-0.71,38138.0,715.0,567.6
ICFC,4/24/2016,278.0,294.0,275.0,290.0,4.32,8285.0,715.0,567.6
ICFC,4/25/2016,290.0,300.0,281.0,281.0,-3.1,840.0,715.0,567.6
ICFC,4/26/2016,281.0,294.0,285.0,290.0,3.2,25561.0,715.0,567.6
ICFC,4/27/2016,290.0,286.0,280.0,281.0,-3.1,1685.0,715.0,567.6
ICFC,4/28/2016,281.0,286.0,280.0,285.0,1.42,4401.0,715.0,567.6
ICFC,5/2/2016,285.0,284.0,282.0,282.0,-1.05,1502.0,715.0,567.6
ICFC,5/3/2016,282.0,277.0,275.0,275.0,-2.48,1150.0,715.0,567.6
ICFC,5/4/2016,275.0,275.0,270.0,275.0,0.0,1612.0,715.0,567.6
ICFC,5/5/2016,275.0,275.0,272.0,274.0,-0.36,4351.0,715.0,567.6
ICFC,5/8/2016,274.0,299.0,279.0,295.0,7.66,27608.0,715.0,567.6
ICFC,5/9/2016,295.0,294.0,288.0,290.0,-1.69,7395.0,715.0,567.6
ICFC,5/10/2016,290.0,289.0,280.0,289.0,-0.34,8974.0,715.0,567.6
ICFC,5/11/2016,289.0,286.0,279.0,279.0,-3.46,7563.0,715.0,567.6
ICFC,5/12/2016,279.0,283.0,275.0,278.0,-0.36,11776.0,715.0,567.6
ICFC,5/15/2016,278.0,288.0,269.0,288.0,3.6,7179.0,715.0,567.6
ICFC,5/16/2016,288.0,293.0,275.0,275.0,-4.51,8356.0,715.0,567.6
ICFC,5/17/2016,275.0,287.0,280.0,287.0,4.36,6955.0,715.0,567.6
ICFC,5/18/2016,287.0,288.0,285.0,288.0,0.35,6561.0,715.0,567.6
ICFC,5/19/2016,288.0,292.0,284.0,288.0,0.0,4665.0,715.0,567.6
ICFC,5/22/2016,288.0,290.0,283.0,288.0,0.0,738.0,715.0,567.6
ICFC,5/23/2016,288.0,286.0,284.0,285.0,-1.04,3219.0,715.0,567.6
ICFC,5/24/2016,285.0,297.0,289.0,293.0,2.81,8472.0,715.0,567.6
ICFC,5/25/2016,293.0,310.0,290.0,296.0,1.02,30154.0,715.0,567.6
ICFC,5/26/2016,296.0,313.0,290.0,308.0,4.05,25149.0,715.0,567.6
ICFC,5/29/2016,308.0,323.0,310.0,310.0,0.65,30969.0,715.0,567.6
ICFC,5/30/2016,310.0,317.0,311.0,314.0,1.29,6625.0,715.0,567.6
ICFC,5/31/2016,314.0,311.0,305.0,310.0,-1.27,15214.0,715.0,567.6
ICFC,6/1/2016,310.0,310.0,300.0,305.0,-1.61,5925.0,715.0,567.6
ICFC,6/2/2016,305.0,304.0,299.0,300.0,-1.64,309.0,715.0,567.6
ICFC,6/5/2016,300.0,298.0,285.0,285.0,-5.0,13253.0,715.0,567.6
ICFC,6/6/2016,285.0,294.0,289.0,290.0,1.75,2574.0,715.0,567.6
ICFC,6/7/2016,290.0,295.0,288.0,293.0,1.03,1370.0,715.0,567.6
ICFC,6/8/2016,293.0,298.0,290.0,291.0,-0.68,1299.0,715.0,567.6
ICFC,6/9/2016,291.0,294.0,287.0,287.0,-1.37,5827.0,715.0,567.6
ICFC,6/12/2016,287.0,300.0,292.0,296.0,3.14,7840.0,715.0,567.6
ICFC,6/13/2016,296.0,307.0,296.0,298.0,0.68,3700.0,715.0,567.6
ICFC,6/14/2016,298.0,307.0,292.0,300.0,0.67,7480.0,715.0,567.6
ICFC,6/15/2016,300.0,306.0,300.0,303.0,1.0,7381.0,715.0,567.6
ICFC,6/16/2016,303.0,306.0,293.0,305.0,0.66,6824.0,715.0,567.6
ICFC,6/19/2016,305.0,305.0,289.0,289.0,-5.25,3163.0,715.0,567.6
ICFC,6/20/2016,289.0,317.0,292.0,310.0,7.27,30617.0,715.0,567.6
ICFC,6/21/2016,310.0,320.0,308.0,308.0,-0.65,9368.0,715.0,567.6
ICFC,6/22/2016,308.0,324.0,310.0,320.0,3.9,22880.0,715.0,567.6
ICFC,6/23/2016,320.0,345.0,320.0,320.0,0.0,19968.0,715.0,567.6
ICFC,6/26/2016,320.0,330.0,320.0,327.0,2.19,18820.0,715.0,567.6
ICFC,6/27/2016,327.0,335.0,326.0,327.0,0.0,31580.0,715.0,567.6
ICFC,6/28/2016,327.0,338.0,330.0,333.0,1.83,15555.0,715.0,567.6
ICFC,6/29/2016,333.0,345.0,330.0,338.0,1.5,14679.0,715.0,567.6
ICFC,6/30/2016,338.0,351.0,327.0,351.0,3.85,9194.0,715.0,567.6
ICFC,7/3/2016,351.0,351.0,338.0,338.0,-3.7,2912.0,715.0,567.6
ICFC,7/4/2016,338.0,350.0,336.0,340.0,0.59,9065.0,715.0,567.6
ICFC,7/5/2016,340.0,338.0,328.0,336.0,-1.18,10997.0,715.0,567.6
ICFC,7/6/2016,336.0,358.0,339.0,350.0,4.17,31697.0,715.0,567.6
ICFC,7/10/2016,350.0,364.0,350.0,357.0,2.0,17021.0,715.0,567.6
ICFC,7/11/2016,357.0,381.0,364.0,370.0,3.64,19787.0,715.0,567.6
ICFC,7/12/2016,370.0,370.0,350.0,370.0,0.0,9051.0,715.0,567.6
ICFC,7/13/2016,370.0,364.0,352.0,358.0,-3.24,7047.0,715.0,567.6
ICFC,7/14/2016,358.0,379.0,360.0,365.0,1.96,11151.0,715.0,567.6
ICFC,7/17/2016,365.0,387.0,372.0,380.0,4.11,24750.0,715.0,567.6
ICFC,7/18/2016,380.0,381.0,369.0,375.0,-1.32,3793.0,715.0,567.6
ICFC,7/19/2016,375.0,382.0,366.0,378.0,0.8,14000.0,715.0,567.6
ICFC,7/20/2016,378.0,380.0,368.0,370.0,-2.12,6891.0,715.0,567.6
ICFC,7/21/2016,370.0,383.0,369.0,375.0,1.35,5539.0,715.0,567.6
ICFC,7/25/2016,375.0,399.0,377.0,391.0,4.27,26880.0,715.0,567.6
ICFC,7/26/2016,391.0,430.0,398.0,430.0,9.97,46225.0,715.0,567.6
ICFC,7/27/2016,430.0,473.0,438.0,438.0,1.86,48410.0,715.0,567.6
ICFC,7/28/2016,438.0,450.0,414.0,435.0,-0.68,22590.0,715.0,567.6
ICFC,7/31/2016,435.0,440.0,421.0,426.0,-2.07,10480.0,715.0,567.6
ICFC,8/1/2016,426.0,440.0,401.0,420.0,-1.41,45590.0,715.0,567.6
ICFC,8/2/2016,420.0,428.0,414.0,416.0,-0.95,18571.0,715.0,567.6
ICFC,8/3/2016,416.0,438.0,407.0,417.0,0.24,43825.0,715.0,567.6
ICFC,8/4/2016,417.0,420.0,405.0,412.0,-1.2,29918.0,715.0,567.6
ICFC,8/7/2016,412.0,428.0,406.0,414.0,0.49,22832.0,715.0,567.6
ICFC,8/8/2016,414.0,411.0,381.0,381.0,-7.97,7009.0,715.0,567.6
ICFC,8/9/2016,381.0,402.0,388.0,402.0,5.51,610.0,715.0,567.6
ICFC,8/10/2016,402.0,418.0,397.0,405.0,0.75,12139.0,715.0,567.6
ICFC,8/11/2016,405.0,413.0,401.0,404.0,-0.25,8816.0,715.0,567.6
ICFC,8/14/2016,404.0,404.0,393.0,397.0,-1.73,8641.0,715.0,567.6
ICFC,8/15/2016,397.0,397.0,375.0,380.0,-4.28,16476.0,715.0,567.6
ICFC,8/16/2016,380.0,418.0,385.0,418.0,10.0,6561.0,715.0,567.6
ICFC,8/17/2016,418.0,430.0,400.0,408.0,-2.39,43544.0,715.0,567.6
ICFC,8/21/2016,408.0,406.0,392.0,393.0,-3.68,4845.0,715.0,567.6
ICFC,8/22/2016,393.0,395.0,380.0,380.0,-3.31,5866.0,715.0,567.6
ICFC,8/23/2016,380.0,386.0,366.0,380.0,0.0,12228.0,715.0,567.6
ICFC,8/24/2016,380.0,387.0,380.0,384.0,1.05,3535.0,715.0,567.6
ICFC,8/28/2016,384.0,391.0,378.0,383.0,-0.26,4190.0,715.0,567.6
ICFC,8/29/2016,383.0,385.0,379.0,380.0,-0.78,3754.0,715.0,567.6
ICFC,8/30/2016,380.0,394.0,380.0,382.0,0.53,4204.0,715.0,567.6
ICFC,8/31/2016,382.0,386.0,380.0,386.0,1.05,6509.0,715.0,567.6
ICFC,9/1/2016,386.0,394.0,388.0,394.0,2.07,3505.0,715.0,567.6
ICFC,9/3/2016,394.0,400.0,389.0,395.0,0.25,5591.0,715.0,567.6
ICFC,9/4/2016,394.0,400.0,389.0,395.0,0.0,5591.0,715.0,567.6
ICFC,9/5/2016,395.0,408.0,389.0,396.0,0.25,1695.0,715.0,567.6
ICFC,9/6/2016,396.0,402.0,388.0,390.0,-1.52,9653.0,715.0,567.6
ICFC,9/7/2016,390.0,390.0,384.0,384.0,-1.54,1636.0,715.0,567.6
ICFC,9/8/2016,384.0,390.0,383.0,383.0,-0.26,2893.0,715.0,567.6
ICFC,9/11/2016,383.0,383.0,383.0,383.0,0.0,487.0,715.0,567.6
ICFC,9/12/2016,383.0,381.0,376.0,380.0,-0.78,15338.0,715.0,567.6
ICFC,9/14/2016,380.0,380.0,373.0,380.0,0.0,2636.0,715.0,567.6
ICFC,9/18/2016,380.0,380.0,368.0,375.0,-1.32,5064.0,715.0,567.6
ICFC,9/20/2016,375.0,374.0,370.0,370.0,-1.33,3971.0,715.0,567.6
ICFC,9/21/2016,370.0,377.0,360.0,373.0,0.81,3658.0,715.0,567.6
ICFC,9/22/2016,373.0,374.0,360.0,374.0,0.27,3302.0,715.0,567.6
ICFC,9/25/2016,374.0,375.0,366.0,367.0,-1.87,2956.0,715.0,567.6
ICFC,9/26/2016,367.0,378.0,360.0,375.0,2.18,7221.0,715.0,567.6
ICFC,9/27/2016,375.0,368.0,360.0,366.0,-2.4,10290.0,715.0,567.6
ICFC,9/28/2016,366.0,382.0,359.0,382.0,4.37,14085.0,715.0,567.6
ICFC,10/2/2016,326.0,320.0,303.0,303.0,-20.68,29711.0,715.0,567.6
ICFC,10/3/2016,303.0,310.0,300.0,303.0,0.0,5934.0,715.0,567.6
ICFC,10/4/2016,303.0,310.0,305.0,306.0,0.99,1812.0,715.0,567.6
ICFC,10/5/2016,306.0,305.0,300.0,305.0,-0.33,3923.0,715.0,567.6
ICFC,10/6/2016,305.0,311.0,305.0,311.0,1.97,1071.0,715.0,567.6
ICFC,10/17/2016,311.0,308.0,297.0,300.0,-3.54,1262.0,715.0,567.6
ICFC,10/18/2016,300.0,311.0,299.0,304.0,1.33,2124.0,715.0,567.6
ICFC,10/19/2016,304.0,303.0,293.0,303.0,-0.33,4838.0,715.0,567.6
ICFC,10/20/2016,303.0,300.0,298.0,300.0,-0.99,1060.0,715.0,567.6
ICFC,10/23/2016,300.0,302.0,300.0,300.0,0.0,4654.0,715.0,567.6
ICFC,10/24/2016,300.0,300.0,295.0,300.0,0.0,2523.0,715.0,567.6
ICFC,10/25/2016,300.0,297.0,294.0,295.0,-1.67,1300.0,715.0,567.6
ICFC,10/26/2016,295.0,309.0,295.0,295.0,0.0,8736.0,715.0,567.6
ICFC,10/27/2016,295.0,310.0,300.0,300.0,1.69,7854.0,715.0,567.6
ICFC,11/3/2016,300.0,318.0,305.0,305.0,1.67,3503.0,715.0,567.6
ICFC,11/7/2016,305.0,305.0,300.0,301.0,-1.31,6683.0,715.0,567.6
ICFC,11/8/2016,301.0,300.0,294.0,300.0,-0.33,4755.0,715.0,567.6
ICFC,11/9/2016,300.0,295.0,288.0,290.0,-3.33,7542.0,715.0,567.6
ICFC,11/10/2016,290.0,295.0,288.0,290.0,0.0,2147.0,715.0,567.6
ICFC,11/13/2016,290.0,295.0,285.0,290.0,0.0,3921.0,715.0,567.6
ICFC,11/14/2016,290.0,295.0,290.0,290.0,0.0,1438.0,715.0,567.6
ICFC,11/15/2016,290.0,295.0,291.0,292.0,0.69,763.0,715.0,567.6
ICFC,11/16/2016,292.0,295.0,284.0,284.0,-2.74,1997.0,715.0,567.6
ICFC,11/17/2016,284.0,285.0,275.0,275.0,-3.17,2650.0,715.0,567.6
ICFC,11/20/2016,275.0,274.0,260.0,269.0,-2.18,4872.0,715.0,567.6
ICFC,11/21/2016,269.0,269.0,259.0,269.0,0.0,3279.0,715.0,567.6
ICFC,11/22/2016,269.0,280.0,265.0,270.0,0.37,5109.0,715.0,567.6
ICFC,11/23/2016,270.0,270.0,264.0,264.0,-2.22,13446.0,715.0,567.6
ICFC,11/24/2016,264.0,270.0,260.0,260.0,-1.52,5290.0,715.0,567.6
ICFC,11/27/2016,260.0,255.0,245.0,245.0,-5.77,6814.0,715.0,567.6
ICFC,11/28/2016,245.0,268.0,237.0,268.0,9.39,3506.0,715.0,567.6
ICFC,11/29/2016,268.0,272.0,250.0,270.0,0.75,9381.0,715.0,567.6
ICFC,11/30/2016,270.0,284.0,266.0,274.0,1.48,6744.0,715.0,567.6
ICFC,12/1/2016,274.0,277.0,263.0,270.0,-1.46,8138.0,715.0,567.6
ICFC,12/4/2016,270.0,270.0,260.0,260.0,-3.7,6915.0,715.0,567.6
ICFC,12/5/2016,260.0,261.0,255.0,260.0,0.0,4858.0,715.0,567.6
ICFC,12/6/2016,260.0,265.0,260.0,260.0,0.0,1200.0,715.0,567.6
ICFC,12/7/2016,260.0,260.0,255.0,255.0,-1.92,2270.0,715.0,567.6
ICFC,12/8/2016,255.0,261.0,255.0,255.0,0.0,9564.0,715.0,567.6
ICFC,12/11/2016,255.0,255.0,251.0,251.0,-1.57,308.0,715.0,567.6
ICFC,12/12/2016,251.0,256.0,251.0,255.0,1.59,2201.0,715.0,567.6
ICFC,12/14/2016,255.0,259.0,254.0,254.0,-0.39,2846.0,715.0,567.6
ICFC,12/15/2016,254.0,267.0,253.0,260.0,2.36,22390.0,715.0,567.6
ICFC,12/18/2016,260.0,261.0,255.0,260.0,0.0,6040.0,715.0,567.6
ICFC,12/19/2016,260.0,257.0,255.0,255.0,-1.92,1512.0,715.0,567.6
ICFC,12/20/2016,255.0,255.0,250.0,250.0,-1.96,15190.0,715.0,567.6
ICFC,12/21/2016,250.0,263.0,245.0,255.0,2.0,4223.0,715.0,567.6
ICFC,12/22/2016,255.0,260.0,255.0,256.0,0.39,6633.0,715.0,567.6
ICFC,12/26/2016,256.0,258.0,250.0,250.0,-2.34,5863.0,715.0,567.6
ICFC,12/27/2016,250.0,249.0,241.0,247.0,-1.2,4635.0,715.0,567.6
ICFC,12/28/2016,247.0,253.0,240.0,253.0,2.43,1520.0,715.0,567.6
ICFC,12/29/2016,253.0,260.0,255.0,258.0,1.98,1261.0,715.0,567.6
ICFC,1/1/2017,258.0,265.0,255.0,255.0,-1.16,947.0,715.0,567.6
ICFC,1/2/2017,255.0,265.0,258.0,261.0,2.35,6775.0,715.0,567.6
ICFC,1/3/2017,261.0,261.0,251.0,253.0,-3.07,3886.0,715.0,567.6
ICFC,1/4/2017,253.0,258.0,253.0,258.0,1.98,2300.0,715.0,567.6
ICFC,1/5/2017,258.0,258.0,254.0,254.0,-1.55,1974.0,715.0,567.6
ICFC,1/8/2017,254.0,263.0,254.0,255.0,0.39,3655.0,715.0,567.6
ICFC,1/9/2017,255.0,260.0,257.0,257.0,0.78,1808.0,715.0,567.6
ICFC,1/10/2017,257.0,260.0,259.0,260.0,1.17,137.0,715.0,567.6
ICFC,1/12/2017,260.0,260.0,260.0,260.0,0.0,200.0,715.0,567.6
ICFC,1/15/2017,260.0,265.0,260.0,265.0,1.92,228.0,715.0,567.6
ICFC,1/16/2017,265.0,268.0,256.0,256.0,-3.4,2091.0,715.0,567.6
ICFC,1/17/2017,256.0,260.0,255.0,260.0,1.56,1714.0,715.0,567.6
ICFC,1/18/2017,260.0,256.0,253.0,255.0,-1.92,1524.0,715.0,567.6
ICFC,1/19/2017,255.0,255.0,251.0,255.0,0.0,2446.0,715.0,567.6
ICFC,1/22/2017,255.0,265.0,255.0,260.0,1.96,5363.0,715.0,567.6
ICFC,1/23/2017,260.0,264.0,255.0,260.0,0.0,1109.0,715.0,567.6
ICFC,1/24/2017,260.0,260.0,255.0,257.0,-1.15,1211.0,715.0,567.6
ICFC,1/25/2017,257.0,252.0,247.0,250.0,-2.72,2635.0,715.0,567.6
ICFC,1/26/2017,250.0,255.0,238.0,248.0,-0.8,2259.0,715.0,567.6
ICFC,1/30/2017,248.0,244.0,225.0,228.0,-8.06,6750.0,715.0,567.6
ICFC,1/31/2017,228.0,245.0,224.0,229.0,0.44,3558.0,715.0,567.6
ICFC,2/1/2017,229.0,250.0,230.0,250.0,9.17,1445.0,715.0,567.6
ICFC,2/2/2017,250.0,255.0,242.0,242.0,-3.2,6590.0,715.0,567.6
ICFC,2/5/2017,242.0,238.0,226.0,237.0,-2.07,6170.0,715.0,567.6
ICFC,2/6/2017,237.0,241.0,226.0,238.0,0.42,2570.0,715.0,567.6
ICFC,2/7/2017,238.0,241.0,234.0,241.0,1.26,2110.0,715.0,567.6
ICFC,2/8/2017,241.0,241.0,237.0,241.0,0.0,2854.0,715.0,567.6
ICFC,2/9/2017,241.0,240.0,234.0,234.0,-2.9,9531.0,715.0,567.6
ICFC,2/12/2017,234.0,230.0,220.0,220.0,-5.98,5536.0,715.0,567.6
ICFC,2/13/2017,220.0,226.0,213.0,218.0,-0.91,11018.0,715.0,567.6
ICFC,2/14/2017,218.0,226.0,217.0,221.0,1.38,9111.0,715.0,567.6
ICFC,2/15/2017,221.0,233.0,220.0,225.0,1.81,7922.0,715.0,567.6
ICFC,2/16/2017,225.0,232.0,223.0,232.0,3.11,6561.0,715.0,567.6
ICFC,2/19/2017,232.0,243.0,228.0,240.0,3.45,1512.0,715.0,567.6
ICFC,2/20/2017,240.0,244.0,234.0,234.0,-2.5,5688.0,715.0,567.6
ICFC,2/21/2017,234.0,242.0,228.0,228.0,-2.56,4313.0,715.0,567.6
ICFC,2/22/2017,228.0,232.0,226.0,232.0,1.75,3202.0,715.0,567.6
ICFC,2/23/2017,232.0,238.0,235.0,235.0,1.29,784.0,715.0,567.6
ICFC,2/28/2017,235.0,232.0,227.0,227.0,-3.4,610.0,715.0,567.6
ICFC,3/1/2017,227.0,235.0,223.0,235.0,3.52,2191.0,715.0,567.6
ICFC,3/2/2017,235.0,234.0,232.0,232.0,-1.28,2658.0,715.0,567.6
ICFC,3/5/2017,232.0,244.0,236.0,240.0,3.45,4148.0,715.0,567.6
ICFC,3/6/2017,240.0,244.0,238.0,240.0,0.0,4059.0,715.0,567.6
ICFC,3/7/2017,240.0,237.0,233.0,235.0,-2.08,418.0,715.0,567.6
ICFC,3/9/2017,235.0,236.0,235.0,236.0,0.43,400.0,715.0,567.6
ICFC,3/14/2017,236.0,233.0,233.0,233.0,-1.27,104.0,715.0,567.6
ICFC,3/16/2017,233.0,235.0,231.0,233.0,0.0,2680.0,715.0,567.6
ICFC,3/19/2017,233.0,238.0,235.0,236.0,1.29,616.0,715.0,567.6
ICFC,3/20/2017,236.0,259.0,236.0,252.0,6.78,3320.0,715.0,567.6
ICFC,3/21/2017,252.0,260.0,244.0,260.0,3.17,8498.0,715.0,567.6
ICFC,3/22/2017,260.0,275.0,255.0,260.0,0.0,9862.0,715.0,567.6
ICFC,3/23/2017,260.0,274.0,255.0,261.0,0.38,3786.0,715.0,567.6
ICFC,3/26/2017,261.0,270.0,260.0,261.0,0.0,8322.0,715.0,567.6
ICFC,3/28/2017,261.0,276.0,266.0,270.0,3.45,4854.0,715.0,567.6
ICFC,3/29/2017,270.0,295.0,269.0,268.0,-0.74,24591.0,715.0,567.6
ICFC,3/30/2017,268.0,275.0,260.0,275.0,2.61,18251.0,715.0,567.6
ICFC,4/2/2017,275.0,295.0,272.0,295.0,7.27,5142.0,715.0,567.6
ICFC,4/3/2017,295.0,318.0,276.0,281.0,-4.75,18032.0,715.0,567.6
ICFC,4/4/2017,281.0,296.0,272.0,280.0,-0.36,14449.0,715.0,567.6
ICFC,4/6/2017,280.0,285.0,272.0,275.0,-1.79,10976.0,715.0,567.6
ICFC,4/9/2017,275.0,280.0,270.0,277.0,0.73,3824.0,715.0,567.6
ICFC,4/10/2017,277.0,295.0,279.0,295.0,6.5,15662.0,715.0,567.6
ICFC,4/11/2017,295.0,324.0,290.0,324.0,9.83,65521.0,715.0,567.6
ICFC,4/12/2017,324.0,345.0,311.0,315.0,-2.78,46805.0,715.0,567.6
ICFC,4/13/2017,315.0,329.0,300.0,324.0,2.86,34578.0,715.0,567.6
ICFC,4/16/2017,324.0,329.0,306.0,312.0,-3.7,17160.0,715.0,567.6
ICFC,4/18/2017,312.0,342.0,318.0,320.0,2.56,44055.0,715.0,567.6
ICFC,4/19/2017,320.0,345.0,321.0,342.0,6.88,61455.0,715.0,567.6
ICFC,4/20/2017,342.0,361.0,330.0,335.0,-2.05,36994.0,715.0,567.6
ICFC,4/23/2017,335.0,360.0,335.0,340.0,1.49,15620.0,715.0,567.6
ICFC,4/24/2017,340.0,340.0,323.0,323.0,-5.0,14182.0,715.0,567.6
ICFC,4/25/2017,323.0,334.0,318.0,330.0,2.17,17943.0,715.0,567.6
ICFC,4/26/2017,330.0,340.0,331.0,338.0,2.42,19669.0,715.0,567.6
ICFC,4/27/2017,338.0,342.0,334.0,338.0,0.0,13291.0,715.0,567.6
ICFC,4/30/2017,338.0,337.0,328.0,331.0,-2.07,2062.0,715.0,567.6
ICFC,5/2/2017,331.0,337.0,326.0,334.0,0.91,4547.0,715.0,567.6
ICFC,5/3/2017,334.0,339.0,324.0,326.0,-2.4,5742.0,715.0,567.6
ICFC,5/4/2017,326.0,332.0,320.0,325.0,-0.31,1516.0,715.0,567.6
ICFC,5/7/2017,325.0,323.0,315.0,323.0,-0.62,1923.0,715.0,567.6
ICFC,5/8/2017,323.0,331.0,320.0,325.0,0.62,2710.0,715.0,567.6
ICFC,5/9/2017,325.0,330.0,325.0,326.0,0.31,3260.0,715.0,567.6
ICFC,5/11/2017,326.0,328.0,320.0,323.0,-0.92,6791.0,715.0,567.6
ICFC,5/15/2017,323.0,329.0,315.0,329.0,1.86,5703.0,715.0,567.6
ICFC,5/16/2017,329.0,323.0,318.0,323.0,-1.82,4604.0,715.0,567.6
ICFC,5/17/2017,323.0,318.0,313.0,316.0,-2.17,1535.0,715.0,567.6
ICFC,5/18/2017,316.0,321.0,311.0,318.0,0.63,3944.0,715.0,567.6
ICFC,5/21/2017,318.0,320.0,316.0,316.0,-0.63,905.0,715.0,567.6
ICFC,5/22/2017,316.0,322.0,315.0,318.0,0.63,700.0,715.0,567.6
ICFC,5/23/2017,318.0,318.0,309.0,315.0,-0.94,1519.0,715.0,567.6
ICFC,5/24/2017,315.0,321.0,313.0,320.0,1.59,4065.0,715.0,567.6
ICFC,5/28/2017,320.0,325.0,315.0,315.0,-1.56,996.0,715.0,567.6
ICFC,5/30/2017,315.0,316.0,310.0,311.0,-1.27,1769.0,715.0,567.6
ICFC,5/31/2017,311.0,329.0,300.0,329.0,5.79,3900.0,715.0,567.6
ICFC,6/1/2017,329.0,323.0,320.0,320.0,-2.74,2260.0,715.0,567.6
ICFC,6/4/2017,320.0,320.0,314.0,314.0,-1.88,128.0,715.0,567.6
ICFC,6/5/2017,314.0,310.0,305.0,309.0,-1.59,8494.0,715.0,567.6
ICFC,6/6/2017,309.0,315.0,305.0,310.0,0.32,7871.0,715.0,567.6
ICFC,6/7/2017,310.0,311.0,305.0,309.0,-0.32,9549.0,715.0,567.6
ICFC,6/8/2017,309.0,305.0,300.0,303.0,-1.94,14059.0,715.0,567.6
ICFC,6/11/2017,303.0,307.0,297.0,300.0,-0.99,7850.0,715.0,567.6
ICFC,6/12/2017,300.0,306.0,295.0,296.0,-1.33,6229.0,715.0,567.6
ICFC,6/13/2017,296.0,298.0,293.0,298.0,0.68,4237.0,715.0,567.6
ICFC,6/14/2017,298.0,303.0,293.0,294.0,-1.34,3396.0,715.0,567.6
ICFC,6/15/2017,294.0,300.0,290.0,300.0,2.04,12909.0,715.0,567.6
ICFC,6/18/2017,300.0,300.0,290.0,290.0,-3.33,5544.0,715.0,567.6
ICFC,6/19/2017,290.0,296.0,295.0,295.0,1.72,700.0,715.0,567.6
ICFC,6/20/2017,295.0,290.0,282.0,282.0,-4.41,8285.0,715.0,567.6
ICFC,6/21/2017,282.0,287.0,280.0,285.0,1.06,6588.0,715.0,567.6
ICFC,6/22/2017,285.0,285.0,279.0,280.0,-1.75,2802.0,715.0,567.6
ICFC,6/25/2017,280.0,284.0,280.0,284.0,1.43,5739.0,715.0,567.6
ICFC,6/27/2017,284.0,282.0,278.0,278.0,-2.11,4010.0,715.0,567.6
ICFC,6/28/2017,278.0,281.0,275.0,281.0,1.08,7730.0,715.0,567.6
ICFC,7/2/2017,281.0,276.0,270.0,276.0,-1.78,2845.0,715.0,567.6
ICFC,7/3/2017,276.0,281.0,276.0,276.0,0.0,4489.0,715.0,567.6
ICFC,7/4/2017,276.0,276.0,271.0,271.0,-1.81,2273.0,715.0,567.6
ICFC,7/5/2017,271.0,275.0,270.0,275.0,1.48,2500.0,715.0,567.6
ICFC,7/6/2017,275.0,288.0,275.0,284.0,3.27,4724.0,715.0,567.6
ICFC,7/9/2017,284.0,297.0,279.0,279.0,-1.76,6710.0,715.0,567.6
ICFC,7/10/2017,279.0,284.0,281.0,281.0,0.72,674.0,715.0,567.6
ICFC,7/11/2017,281.0,294.0,275.0,286.0,1.78,26786.0,715.0,567.6
ICFC,7/12/2017,286.0,295.0,285.0,295.0,3.15,2905.0,715.0,567.6
ICFC,7/13/2017,295.0,290.0,286.0,288.0,-2.37,1248.0,715.0,567.6
ICFC,7/16/2017,288.0,285.0,283.0,284.0,-1.39,1980.0,715.0,567.6
ICFC,7/17/2017,284.0,292.0,285.0,292.0,2.82,4162.0,715.0,567.6
ICFC,7/18/2017,292.0,307.0,290.0,298.0,2.05,4186.0,715.0,567.6
ICFC,7/19/2017,298.0,297.0,293.0,297.0,-0.34,1456.0,715.0,567.6
ICFC,7/20/2017,297.0,297.0,287.0,287.0,-3.37,5285.0,715.0,567.6
ICFC,7/23/2017,287.0,292.0,281.0,281.0,-2.09,2192.0,715.0,567.6
ICFC,7/24/2017,281.0,294.0,280.0,280.0,-0.36,4542.0,715.0,567.6
ICFC,7/25/2017,280.0,291.0,280.0,290.0,3.57,4315.0,715.0,567.6
ICFC,7/26/2017,290.0,294.0,285.0,285.0,-1.72,1293.0,715.0,567.6
ICFC,7/27/2017,285.0,285.0,280.0,284.0,-0.35,834.0,715.0,567.6
ICFC,7/30/2017,284.0,289.0,280.0,289.0,1.76,3560.0,715.0,567.6
ICFC,7/31/2017,289.0,290.0,285.0,290.0,0.35,3796.0,715.0,567.6
ICFC,8/1/2017,290.0,307.0,290.0,294.0,1.38,16250.0,715.0,567.6
ICFC,8/2/2017,294.0,295.0,290.0,290.0,-1.36,5365.0,715.0,567.6
ICFC,8/3/2017,290.0,290.0,285.0,285.0,-1.72,3324.0,715.0,567.6
ICFC,8/6/2017,285.0,285.0,281.0,281.0,-1.4,855.0,715.0,567.6
ICFC,8/7/2017,281.0,290.0,277.0,290.0,3.2,7293.0,715.0,567.6
ICFC,8/9/2017,290.0,285.0,285.0,285.0,-1.72,192.0,715.0,567.6
ICFC,8/10/2017,285.0,290.0,281.0,281.0,-1.4,3994.0,715.0,567.6
ICFC,8/13/2017,281.0,286.0,281.0,281.0,0.0,2908.0,715.0,567.6
ICFC,8/15/2017,281.0,278.0,271.0,278.0,-1.07,1568.0,715.0,567.6
ICFC,8/16/2017,278.0,288.0,273.0,280.0,0.72,3617.0,715.0,567.6
ICFC,8/20/2017,280.0,280.0,276.0,276.0,-1.43,698.0,715.0,567.6
ICFC,8/21/2017,276.0,281.0,281.0,281.0,1.81,20.0,715.0,567.6
ICFC,8/22/2017,281.0,281.0,275.0,275.0,-2.14,1859.0,715.0,567.6
ICFC,8/23/2017,275.0,275.0,274.0,275.0,0.0,754.0,715.0,567.6
ICFC,8/24/2017,275.0,279.0,275.0,275.0,0.0,2054.0,715.0,567.6
ICFC,8/27/2017,275.0,280.0,275.0,278.0,1.09,2614.0,715.0,567.6
ICFC,8/28/2017,278.0,279.0,276.0,279.0,0.36,701.0,715.0,567.6
ICFC,8/30/2017,279.0,279.0,272.0,272.0,-2.51,2194.0,715.0,567.6
ICFC,8/31/2017,272.0,271.0,270.0,270.0,-0.74,249.0,715.0,567.6
ICFC,9/4/2017,270.0,270.0,265.0,269.0,-0.37,4188.0,715.0,567.6
ICFC,9/6/2017,269.0,273.0,270.0,270.0,0.37,499.0,715.0,567.6
ICFC,9/7/2017,270.0,270.0,261.0,268.0,-0.74,3592.0,715.0,567.6
ICFC,9/10/2017,268.0,275.0,267.0,268.0,0.0,8638.0,715.0,567.6
ICFC,9/11/2017,268.0,273.0,265.0,270.0,0.75,3854.0,715.0,567.6
ICFC,9/12/2017,270.0,270.0,266.0,266.0,-1.48,2203.0,715.0,567.6
ICFC,9/13/2017,266.0,276.0,268.0,268.0,0.75,2359.0,715.0,567.6
ICFC,9/14/2017,268.0,272.0,265.0,270.0,0.75,4241.0,715.0,567.6
ICFC,9/17/2017,270.0,273.0,266.0,273.0,1.11,1520.0,715.0,567.6
ICFC,9/18/2017,273.0,270.0,270.0,270.0,-1.1,304.0,715.0,567.6
ICFC,9/20/2017,270.0,275.0,265.0,275.0,1.85,604.0,715.0,567.6
ICFC,9/24/2017,275.0,271.0,270.0,270.0,-1.82,1147.0,715.0,567.6
ICFC,9/25/2017,270.0,275.0,266.0,266.0,-1.48,1600.0,715.0,567.6
ICFC,9/26/2017,266.0,275.0,266.0,270.0,1.5,1468.0,715.0,567.6
ICFC,10/4/2017,270.0,271.0,267.0,267.0,-1.11,2750.0,715.0,567.6
ICFC,10/8/2017,267.0,267.0,263.0,263.0,-1.5,100.0,715.0,567.6
ICFC,10/9/2017,263.0,273.0,258.0,266.0,1.14,1718.0,715.0,567.6
ICFC,10/10/2017,266.0,271.0,265.0,271.0,1.88,14395.0,715.0,567.6
ICFC,10/11/2017,246.0,242.0,234.0,234.0,-13.65,1183.0,715.0,567.6
ICFC,10/12/2017,234.0,232.0,223.0,230.0,-1.71,4778.0,715.0,567.6
ICFC,10/15/2017,230.0,230.0,230.0,230.0,0.0,300.0,715.0,567.6
ICFC,10/16/2017,230.0,242.0,230.0,242.0,5.22,3652.0,715.0,567.6
ICFC,10/17/2017,242.0,246.0,238.0,238.0,-1.65,1550.0,715.0,567.6
ICFC,10/18/2017,238.0,236.0,234.0,236.0,-0.84,200.0,715.0,567.6
ICFC,10/22/2017,236.0,240.0,236.0,239.0,1.27,1999.0,715.0,567.6
ICFC,10/23/2017,239.0,241.0,237.0,238.0,-0.42,2365.0,715.0,567.6
ICFC,10/24/2017,238.0,239.0,234.0,234.0,-1.68,550.0,715.0,567.6
ICFC,10/25/2017,234.0,238.0,226.0,234.0,0.0,1481.0,715.0,567.6
ICFC,10/29/2017,234.0,234.0,231.0,231.0,-1.28,210.0,715.0,567.6
ICFC,10/30/2017,231.0,234.0,230.0,234.0,1.3,1808.0,715.0,567.6
ICFC,10/31/2017,234.0,230.0,230.0,230.0,-1.71,782.0,715.0,567.6
ICFC,11/1/2017,230.0,232.0,227.0,230.0,0.0,5108.0,715.0,567.6
ICFC,11/2/2017,230.0,233.0,230.0,231.0,0.43,3051.0,715.0,567.6
ICFC,11/5/2017,231.0,227.0,224.0,224.0,-3.03,2998.0,715.0,567.6
ICFC,11/6/2017,224.0,229.0,217.0,217.0,-3.12,8650.0,715.0,567.6
ICFC,11/7/2017,217.0,221.0,221.0,221.0,1.84,1117.0,715.0,567.6
ICFC,11/8/2017,221.0,220.0,217.0,220.0,-0.45,837.0,715.0,567.6
ICFC,11/9/2017,220.0,220.0,215.0,219.0,-0.45,1483.0,715.0,567.6
ICFC,11/12/2017,219.0,218.0,212.0,218.0,-0.46,2437.0,715.0,567.6
ICFC,11/13/2017,218.0,222.0,215.0,222.0,1.83,1301.0,715.0,567.6
ICFC,11/14/2017,222.0,225.0,224.0,224.0,0.9,1544.0,715.0,567.6
ICFC,11/15/2017,224.0,221.0,217.0,219.0,-2.23,1373.0,715.0,567.6
ICFC,11/16/2017,219.0,223.0,219.0,219.0,0.0,520.0,715.0,567.6
ICFC,11/19/2017,219.0,219.0,216.0,216.0,-1.37,535.0,715.0,567.6
ICFC,11/20/2017,216.0,216.0,215.0,215.0,-0.46,156.0,715.0,567.6
ICFC,11/21/2017,215.0,219.0,215.0,218.0,1.4,3554.0,715.0,567.6
ICFC,11/22/2017,218.0,221.0,216.0,221.0,1.38,2195.0,715.0,567.6
ICFC,11/23/2017,221.0,222.0,217.0,218.0,-1.36,2048.0,715.0,567.6
ICFC,11/26/2017,218.0,222.0,222.0,222.0,1.83,300.0,715.0,567.6
ICFC,11/27/2017,222.0,226.0,221.0,221.0,-0.45,3050.0,715.0,567.6
ICFC,11/28/2017,221.0,219.0,219.0,219.0,-0.9,690.0,715.0,567.6
ICFC,11/29/2017,219.0,234.0,218.0,226.0,3.2,11165.0,715.0,567.6
ICFC,11/30/2017,226.0,225.0,223.0,223.0,-1.33,314.0,715.0,567.6
ICFC,12/5/2017,223.0,225.0,220.0,224.0,0.45,10666.0,715.0,567.6
ICFC,12/6/2017,224.0,225.0,225.0,225.0,0.45,4408.0,715.0,567.6
ICFC,12/10/2017,225.0,221.0,217.0,220.0,-2.22,2896.0,715.0,567.6
ICFC,12/11/2017,220.0,217.0,217.0,217.0,-1.36,42.0,715.0,567.6
ICFC,12/12/2017,217.0,219.0,218.0,218.0,0.46,133.0,715.0,567.6
ICFC,12/13/2017,218.0,220.0,218.0,218.0,0.0,270.0,715.0,567.6
ICFC,12/17/2017,218.0,217.0,216.0,216.0,-0.92,638.0,715.0,567.6
ICFC,12/18/2017,216.0,216.0,212.0,215.0,-0.46,3513.0,715.0,567.6
ICFC,12/19/2017,215.0,215.0,213.0,213.0,-0.93,1154.0,715.0,567.6
ICFC,12/20/2017,213.0,217.0,210.0,210.0,-1.41,2770.0,715.0,567.6
ICFC,12/21/2017,210.0,214.0,210.0,210.0,0.0,2260.0,715.0,567.6
ICFC,12/24/2017,210.0,212.0,206.0,212.0,0.95,1060.0,715.0,567.6
ICFC,12/26/2017,212.0,212.0,209.0,210.0,-0.94,1970.0,715.0,567.6
ICFC,12/27/2017,210.0,214.0,205.0,208.0,-0.95,3640.0,715.0,567.6
ICFC,12/28/2017,208.0,210.0,202.0,210.0,0.96,8049.0,715.0,567.6
ICFC,1/1/2018,210.0,215.0,206.0,215.0,2.38,3659.0,715.0,567.6
ICFC,1/2/2018,215.0,216.0,211.0,216.0,0.47,1850.0,715.0,567.6
ICFC,1/3/2018,216.0,213.0,207.0,207.0,-4.17,2017.0,715.0,567.6
ICFC,1/4/2018,207.0,210.0,208.0,208.0,0.48,1086.0,715.0,567.6
ICFC,1/7/2018,208.0,212.0,204.0,212.0,1.92,2430.0,715.0,567.6
ICFC,1/8/2018,212.0,212.0,210.0,212.0,0.0,513.0,715.0,567.6
ICFC,1/9/2018,212.0,211.0,211.0,211.0,-0.47,136.0,715.0,567.6
ICFC,1/10/2018,211.0,210.0,210.0,210.0,-0.47,117.0,715.0,567.6
ICFC,1/14/2018,210.0,206.0,206.0,206.0,-1.9,1218.0,715.0,567.6
ICFC,1/16/2018,206.0,210.0,206.0,207.0,0.49,1260.0,715.0,567.6
ICFC,1/21/2018,207.0,209.0,208.0,209.0,0.97,581.0,715.0,567.6
ICFC,1/22/2018,209.0,210.0,205.0,210.0,0.48,3070.0,715.0,567.6
ICFC,1/23/2018,210.0,210.0,207.0,210.0,0.0,1010.0,715.0,567.6
ICFC,1/24/2018,210.0,207.0,206.0,206.0,-1.9,1832.0,715.0,567.6
ICFC,1/25/2018,206.0,208.0,206.0,208.0,0.97,201.0,715.0,567.6
ICFC,1/28/2018,208.0,209.0,207.0,208.0,0.0,2046.0,715.0,567.6
ICFC,1/29/2018,208.0,209.0,205.0,206.0,-0.96,1482.0,715.0,567.6
ICFC,1/31/2018,206.0,206.0,204.0,206.0,0.0,1272.0,715.0,567.6
ICFC,2/1/2018,206.0,209.0,205.0,206.0,0.0,1700.0,715.0,567.6
ICFC,2/4/2018,206.0,207.0,206.0,207.0,0.49,2100.0,715.0,567.6
ICFC,2/5/2018,207.0,204.0,203.0,203.0,-1.93,2559.0,715.0,567.6
ICFC,2/6/2018,203.0,203.0,202.0,202.0,-0.49,387.0,715.0,567.6
ICFC,2/7/2018,202.0,205.0,202.0,205.0,1.49,362.0,715.0,567.6
ICFC,2/8/2018,205.0,203.0,203.0,203.0,-0.98,4700.0,715.0,567.6
ICFC,2/11/2018,203.0,203.0,201.0,203.0,0.0,1251.0,715.0,567.6
ICFC,2/12/2018,203.0,203.0,202.0,202.0,-0.49,2500.0,715.0,567.6
ICFC,2/14/2018,202.0,207.0,206.0,207.0,2.48,60.0,715.0,567.6
ICFC,2/15/2018,207.0,215.0,203.0,211.0,1.93,3669.0,715.0,567.6
ICFC,2/18/2018,210.0,210.0,207.0,208.0,-1.42,932.0,715.0,567.6
ICFC,2/20/2018,206.0,208.0,206.0,208.0,0.0,440.0,715.0,567.6
ICFC,2/21/2018,204.0,205.0,204.0,205.0,-1.44,4487.0,715.0,567.6
ICFC,2/22/2018,205.0,207.0,205.0,205.0,0.0,600.0,715.0,567.6
ICFC,2/25/2018,203.0,208.0,200.0,208.0,1.46,6690.0,715.0,567.6
ICFC,2/26/2018,204.0,204.0,200.0,200.0,-3.85,380.0,715.0,567.6
ICFC,2/27/2018,200.0,205.0,200.0,201.0,0.5,3640.0,715.0,567.6
ICFC,2/28/2018,201.0,201.0,199.0,199.0,-1.0,6538.0,715.0,567.6
ICFC,3/4/2018,202.0,202.0,192.0,192.0,-3.52,4083.0,715.0,567.6
ICFC,3/5/2018,190.0,190.0,190.0,190.0,-1.04,1700.0,715.0,567.6
ICFC,3/6/2018,188.0,196.0,188.0,196.0,3.16,1941.0,715.0,567.6
ICFC,3/7/2018,193.0,202.0,193.0,202.0,3.06,2610.0,715.0,567.6
ICFC,3/11/2018,200.0,200.0,199.0,199.0,-1.49,150.0,715.0,567.6
ICFC,3/12/2018,199.0,199.0,199.0,199.0,0.0,100.0,715.0,567.6
ICFC,3/13/2018,196.0,198.0,196.0,198.0,-0.5,7194.0,715.0,567.6
ICFC,3/14/2018,195.0,197.0,195.0,195.0,-1.52,3225.0,715.0,567.6
ICFC,3/15/2018,195.0,200.0,195.0,195.0,0.0,967.0,715.0,567.6
ICFC,3/18/2018,196.0,200.0,195.0,196.0,0.51,12097.0,715.0,567.6
ICFC,3/19/2018,196.0,196.0,195.0,195.0,-0.51,4316.0,715.0,567.6
ICFC,3/20/2018,195.0,195.0,190.0,193.0,-1.03,3049.0,715.0,567.6
ICFC,3/21/2018,191.0,191.0,187.0,187.0,-3.11,2287.0,715.0,567.6
ICFC,3/22/2018,190.0,190.0,183.0,187.0,0.0,5080.0,715.0,567.6
ICFC,3/27/2018,184.0,191.0,181.0,191.0,2.14,2322.0,715.0,567.6
ICFC,3/28/2018,191.0,191.0,184.0,186.0,-2.62,3262.0,715.0,567.6
ICFC,3/29/2018,188.0,190.0,188.0,190.0,2.15,2025.0,715.0,567.6
ICFC,4/1/2018,187.0,187.0,181.0,182.0,-4.21,3125.0,715.0,567.6
ICFC,4/2/2018,184.0,184.0,184.0,184.0,1.1,1000.0,715.0,567.6
ICFC,4/3/2018,182.0,184.0,180.0,181.0,-1.63,4332.0,715.0,567.6
ICFC,4/4/2018,184.0,189.0,180.0,188.0,3.87,9398.0,715.0,567.6
ICFC,4/5/2018,191.0,194.0,185.0,186.0,-1.06,4333.0,715.0,567.6
ICFC,4/8/2018,187.0,194.0,187.0,191.0,2.69,5772.0,715.0,567.6
ICFC,4/9/2018,190.0,195.0,187.0,189.0,-1.05,5877.0,715.0,567.6
ICFC,4/11/2018,186.0,186.0,186.0,186.0,-1.59,35.0,715.0,567.6
ICFC,4/12/2018,189.0,189.0,183.0,183.0,-1.61,1714.0,715.0,567.6
ICFC,4/15/2018,186.0,189.0,186.0,189.0,3.28,564.0,715.0,567.6
ICFC,4/16/2018,186.0,191.0,183.0,191.0,1.06,1834.0,715.0,567.6
ICFC,4/17/2018,188.0,194.0,188.0,194.0,1.57,2960.0,715.0,567.6
ICFC,4/18/2018,197.0,204.0,195.0,200.0,3.09,9392.0,715.0,567.6
ICFC,4/19/2018,201.0,208.0,198.0,200.0,0.0,13762.0,715.0,567.6
ICFC,4/22/2018,204.0,216.0,204.0,215.0,7.5,30036.0,715.0,567.6
ICFC,4/23/2018,219.0,219.0,207.0,211.0,-1.86,13477.0,715.0,567.6
ICFC,4/24/2018,211.0,211.0,207.0,207.0,-1.9,1454.0,715.0,567.6
ICFC,4/25/2018,211.0,211.0,206.0,209.0,0.97,941.0,715.0,567.6
ICFC,4/26/2018,207.0,207.0,201.0,201.0,-3.83,826.0,715.0,567.6
ICFC,4/29/2018,197.0,201.0,195.0,195.0,-2.99,1477.0,715.0,567.6
ICFC,5/2/2018,193.0,198.0,192.0,198.0,1.54,1496.0,715.0,567.6
ICFC,5/3/2018,196.0,201.0,196.0,196.0,-1.01,1410.0,715.0,567.6
ICFC,5/6/2018,194.0,194.0,194.0,194.0,-1.02,593.0,715.0,567.6
ICFC,5/7/2018,192.0,196.0,192.0,194.0,0.0,977.0,715.0,567.6
ICFC,5/8/2018,192.0,194.0,191.0,194.0,0.0,3637.0,715.0,567.6
ICFC,5/9/2018,197.0,197.0,194.0,194.0,0.0,1660.0,715.0,567.6
ICFC,5/10/2018,195.0,195.0,191.0,191.0,-1.55,3778.0,715.0,567.6
ICFC,5/14/2018,190.0,190.0,188.0,190.0,-0.52,1591.0,715.0,567.6
ICFC,5/15/2018,193.0,193.0,188.0,189.0,-0.53,1889.0,715.0,567.6
ICFC,5/17/2018,189.0,189.0,189.0,189.0,0.0,346.0,715.0,567.6
ICFC,5/20/2018,192.0,192.0,190.0,190.0,0.53,250.0,715.0,567.6
ICFC,5/21/2018,191.0,191.0,188.0,188.0,-1.05,421.0,715.0,567.6
ICFC,5/22/2018,185.0,188.0,185.0,188.0,0.0,976.0,715.0,567.6
ICFC,5/23/2018,187.0,187.0,184.0,184.0,-2.13,2407.0,715.0,567.6
ICFC,5/24/2018,185.0,190.0,183.0,183.0,-0.54,3436.0,715.0,567.6
ICFC,5/27/2018,186.0,186.0,183.0,183.0,0.0,126.0,715.0,567.6
ICFC,5/28/2018,184.0,189.0,182.0,189.0,3.28,5054.0,715.0,567.6
ICFC,5/29/2018,186.0,187.0,185.0,187.0,-1.06,1469.0,715.0,567.6
ICFC,5/30/2018,190.0,190.0,188.0,190.0,1.6,1830.0,715.0,567.6
ICFC,5/31/2018,190.0,190.0,190.0,190.0,0.0,60.0,715.0,567.6
ICFC,6/4/2018,190.0,190.0,181.0,181.0,-4.74,709.0,715.0,567.6
ICFC,6/7/2018,178.0,179.0,176.0,176.0,-2.76,4200.0,715.0,567.6
ICFC,6/10/2018,175.0,175.0,173.0,173.0,-1.7,75.0,715.0,567.6
ICFC,6/11/2018,171.0,172.0,171.0,172.0,-0.58,297.0,715.0,567.6
ICFC,6/12/2018,175.0,175.0,175.0,175.0,1.74,300.0,715.0,567.6
ICFC,6/13/2018,175.0,181.0,175.0,181.0,3.43,1132.0,715.0,567.6
ICFC,6/14/2018,178.0,178.0,178.0,178.0,-1.66,46.0,715.0,567.6
ICFC,6/17/2018,175.0,175.0,175.0,175.0,-1.69,43.0,715.0,567.6
ICFC,6/18/2018,176.0,176.0,176.0,176.0,0.57,1000.0,715.0,567.6
ICFC,6/19/2018,179.0,179.0,173.0,173.0,-1.7,1674.0,715.0,567.6
ICFC,6/20/2018,170.0,172.0,170.0,172.0,-0.58,700.0,715.0,567.6
ICFC,6/21/2018,170.0,176.0,170.0,174.0,1.16,1093.0,715.0,567.6
ICFC,6/24/2018,175.0,177.0,174.0,174.0,0.0,1762.0,715.0,567.6
ICFC,6/25/2018,175.0,175.0,172.0,172.0,-1.15,5853.0,715.0,567.6
ICFC,6/26/2018,171.0,171.0,170.0,170.0,-1.16,3480.0,715.0,567.6
ICFC,6/27/2018,170.0,170.0,167.0,167.0,-1.76,259.0,715.0,567.6
ICFC,6/28/2018,166.0,176.0,165.0,176.0,5.39,2717.0,715.0,567.6
ICFC,7/2/2018,173.0,173.0,167.0,170.0,-3.41,2004.0,715.0,567.6
ICFC,7/3/2018,173.0,173.0,173.0,173.0,1.76,2000.0,715.0,567.6
ICFC,7/4/2018,173.0,175.0,173.0,173.0,0.0,1389.0,715.0,567.6
ICFC,7/5/2018,176.0,182.0,176.0,179.0,3.47,470.0,715.0,567.6
ICFC,7/8/2018,182.0,182.0,176.0,176.0,-1.68,1811.0,715.0,567.6
ICFC,7/9/2018,179.0,179.0,173.0,173.0,-1.7,1600.0,715.0,567.6
ICFC,7/10/2018,172.0,173.0,170.0,173.0,0.0,2210.0,715.0,567.6
ICFC,7/11/2018,176.0,179.0,176.0,179.0,3.47,473.0,715.0,567.6
ICFC,7/12/2018,180.0,180.0,171.0,172.0,-3.91,1019.0,715.0,567.6
ICFC,7/15/2018,172.0,172.0,171.0,172.0,0.0,954.0,715.0,567.6
ICFC,7/16/2018,173.0,173.0,172.0,172.0,0.0,547.0,715.0,567.6
ICFC,7/17/2018,169.0,172.0,169.0,172.0,0.0,702.0,715.0,567.6
ICFC,7/19/2018,172.0,172.0,169.0,169.0,-1.74,2000.0,715.0,567.6
ICFC,7/22/2018,167.0,173.0,167.0,168.0,-0.59,2673.0,715.0,567.6
ICFC,7/23/2018,171.0,171.0,168.0,168.0,0.0,7250.0,715.0,567.6
ICFC,7/24/2018,171.0,174.0,168.0,170.0,1.19,12200.0,715.0,567.6
ICFC,7/25/2018,168.0,168.0,166.0,168.0,-1.18,1447.0,715.0,567.6
ICFC,7/26/2018,167.0,167.0,166.0,167.0,-0.6,2500.0,715.0,567.6
ICFC,7/29/2018,168.0,168.0,164.0,164.0,-1.8,3119.0,715.0,567.6
ICFC,7/30/2018,165.0,167.0,165.0,166.0,1.22,11034.0,715.0,567.6
ICFC,7/31/2018,167.0,170.0,162.0,162.0,-2.41,2360.0,715.0,567.6
ICFC,8/1/2018,160.0,163.0,160.0,163.0,0.62,1417.0,715.0,567.6
ICFC,8/2/2018,162.0,163.0,161.0,163.0,0.0,1235.0,715.0,567.6
ICFC,8/5/2018,161.0,164.0,161.0,163.0,0.0,1913.0,715.0,567.6
ICFC,8/6/2018,165.0,165.0,163.0,165.0,1.23,891.0,715.0,567.6
ICFC,8/7/2018,165.0,166.0,162.0,166.0,0.61,3947.0,715.0,567.6
ICFC,8/8/2018,163.0,163.0,160.0,161.0,-3.01,78.0,715.0,567.6
ICFC,8/9/2018,160.0,161.0,158.0,158.0,-1.86,406.0,715.0,567.6
ICFC,8/12/2018,161.0,161.0,159.0,160.0,1.27,3819.0,715.0,567.6
ICFC,8/13/2018,159.0,159.0,158.0,159.0,-0.62,374.0,715.0,567.6
ICFC,8/14/2018,162.0,168.0,161.0,164.0,3.14,2964.0,715.0,567.6
ICFC,8/15/2018,167.0,170.0,164.0,170.0,3.66,3002.0,715.0,567.6
ICFC,8/16/2018,173.0,173.0,168.0,169.0,-0.59,9710.0,715.0,567.6
ICFC,8/19/2018,166.0,166.0,157.0,160.0,-5.33,2598.0,715.0,567.6
ICFC,8/20/2018,158.0,160.0,157.0,158.0,-1.25,1110.0,715.0,567.6
ICFC,8/21/2018,157.0,158.0,157.0,157.0,-0.63,337.0,715.0,567.6
ICFC,8/22/2018,158.0,158.0,158.0,158.0,0.64,715.0,715.0,567.6
ICFC,8/23/2018,156.0,158.0,156.0,157.0,-0.63,1712.0,715.0,567.6
ICFC,8/26/2018,156.0,157.0,155.0,155.0,-1.27,1020.0,715.0,567.6
ICFC,8/28/2018,155.0,157.0,154.0,157.0,1.29,1820.0,715.0,567.6
ICFC,8/29/2018,156.0,156.0,155.0,155.0,-1.27,1700.0,715.0,567.6
ICFC,8/30/2018,155.0,159.0,155.0,159.0,2.58,598.0,715.0,567.6
ICFC,9/2/2018,162.0,162.0,160.0,162.0,1.89,1066.0,715.0,567.6
ICFC,9/3/2018,161.0,163.0,160.0,163.0,0.62,1867.0,715.0,567.6
ICFC,9/4/2018,162.0,166.0,162.0,166.0,1.84,810.0,715.0,567.6
ICFC,9/5/2018,166.0,175.0,166.0,175.0,5.42,2738.0,715.0,567.6
ICFC,9/6/2018,172.0,172.0,168.0,168.0,-4.0,880.0,715.0,567.6
ICFC,9/9/2018,166.0,168.0,165.0,168.0,0.0,600.0,715.0,567.6
ICFC,9/10/2018,168.0,168.0,165.0,165.0,-1.79,1009.0,715.0,567.6
ICFC,9/11/2018,165.0,173.0,163.0,173.0,4.85,3948.0,715.0,567.6
ICFC,9/12/2018,170.0,170.0,160.0,163.0,-5.78,3680.0,715.0,567.6
ICFC,9/13/2018,163.0,169.0,163.0,166.0,1.84,881.0,715.0,567.6
ICFC,9/16/2018,165.0,168.0,165.0,165.0,-0.6,14720.0,715.0,567.6
ICFC,9/18/2018,166.0,166.0,166.0,166.0,0.61,332.0,715.0,567.6
ICFC,9/23/2018,163.0,163.0,163.0,163.0,-1.81,400.0,715.0,567.6
ICFC,9/25/2018,162.0,166.0,160.0,166.0,1.84,6091.0,715.0,567.6
ICFC,9/26/2018,163.0,167.0,161.0,161.0,-3.01,5272.0,715.0,567.6
ICFC,9/27/2018,161.0,164.0,160.0,164.0,1.86,4198.0,715.0,567.6
ICFC,9/30/2018,161.0,161.0,159.0,159.0,-3.05,3803.0,715.0,567.6
ICFC,10/1/2018,159.0,159.0,158.0,158.0,-0.63,2551.0,715.0,567.6
ICFC,10/2/2018,156.0,158.0,156.0,157.0,-0.63,902.0,715.0,567.6
ICFC,10/3/2018,157.0,157.0,155.0,155.0,-1.27,2090.0,715.0,567.6
ICFC,10/4/2018,152.0,156.0,152.0,154.0,-0.65,4198.0,715.0,567.6
ICFC,10/7/2018,152.0,152.0,150.0,150.0,-2.6,2770.0,715.0,567.6
ICFC,10/8/2018,150.0,153.0,150.0,153.0,2.0,3072.0,715.0,567.6
ICFC,10/9/2018,150.0,153.0,150.0,153.0,0.0,1065.0,715.0,567.6
ICFC,10/11/2018,151.0,151.0,151.0,151.0,-1.31,25.0,715.0,567.6
ICFC,10/14/2018,150.0,150.0,150.0,150.0,-0.66,1500.0,715.0,567.6
ICFC,10/15/2018,152.0,153.0,152.0,153.0,2.0,65.0,715.0,567.6
ICFC,10/21/2018,156.0,156.0,156.0,156.0,1.96,100.0,715.0,567.6
ICFC,10/22/2018,153.0,157.0,153.0,157.0,0.64,1355.0,715.0,567.6
ICFC,10/23/2018,158.0,159.0,158.0,159.0,1.27,160.0,715.0,567.6
ICFC,10/25/2018,156.0,156.0,156.0,156.0,-1.89,200.0,715.0,567.6
ICFC,10/28/2018,153.0,153.0,152.0,152.0,-2.56,1074.0,715.0,567.6
ICFC,10/29/2018,152.0,154.0,151.0,154.0,1.32,550.0,715.0,567.6
ICFC,10/30/2018,154.0,157.0,154.0,157.0,1.95,994.0,715.0,567.6
ICFC,11/1/2018,157.0,157.0,152.0,152.0,-3.18,1919.0,715.0,567.6
ICFC,11/4/2018,152.0,155.0,152.0,155.0,1.97,413.0,715.0,567.6
ICFC,11/11/2018,155.0,160.0,155.0,157.0,1.29,824.0,715.0,567.6
ICFC,11/12/2018,156.0,159.0,156.0,159.0,1.27,400.0,715.0,567.6
ICFC,11/13/2018,156.0,161.0,156.0,161.0,1.26,1913.0,715.0,567.6
ICFC,11/14/2018,161.0,161.0,158.0,158.0,-1.86,726.0,715.0,567.6
ICFC,11/15/2018,156.0,158.0,156.0,158.0,0.0,1110.0,715.0,567.6
ICFC,11/18/2018,158.0,158.0,151.0,151.0,-4.43,1294.0,715.0,567.6
ICFC,11/19/2018,152.0,153.0,151.0,152.0,0.66,1023.0,715.0,567.6
ICFC,11/20/2018,149.0,152.0,152.0,149.0,-1.97,9.0,715.0,567.6
ICFC,11/21/2018,151.0,151.0,151.0,151.0,1.34,129.0,715.0,567.6
ICFC,11/22/2018,153.0,158.0,152.0,158.0,4.64,2776.0,715.0,567.6
ICFC,11/25/2018,158.0,158.0,150.0,150.0,-5.06,12558.0,715.0,567.6
ICFC,11/26/2018,151.0,154.0,151.0,154.0,2.67,1362.0,715.0,567.6
ICFC,11/27/2018,152.0,152.0,151.0,151.0,-1.95,2106.0,715.0,567.6
ICFC,11/28/2018,154.0,154.0,154.0,154.0,1.99,685.0,715.0,567.6
ICFC,11/29/2018,156.0,159.0,154.0,157.0,1.95,4979.0,715.0,567.6
ICFC,12/2/2018,155.0,155.0,150.0,152.0,-3.18,2106.0,715.0,567.6
ICFC,12/3/2018,153.0,153.0,152.0,152.0,0.0,3445.0,715.0,567.6
ICFC,12/4/2018,152.0,155.0,151.0,155.0,1.97,2486.0,715.0,567.6
ICFC,12/6/2018,154.0,155.0,153.0,154.0,-0.65,4241.0,715.0,567.6
ICFC,12/9/2018,155.0,155.0,153.0,153.0,-0.65,2110.0,715.0,567.6
ICFC,12/10/2018,154.0,154.0,153.0,153.0,0.0,13690.0,715.0,567.6
ICFC,12/11/2018,153.0,153.0,152.0,152.0,-0.65,2700.0,715.0,567.6
ICFC,12/12/2018,153.0,153.0,153.0,153.0,0.66,12000.0,715.0,567.6
ICFC,12/13/2018,154.0,155.0,154.0,155.0,1.31,3100.0,715.0,567.6
ICFC,12/16/2018,155.0,155.0,155.0,155.0,0.0,1000.0,715.0,567.6
ICFC,12/17/2018,157.0,160.0,157.0,160.0,3.23,420.0,715.0,567.6
ICFC,12/19/2018,162.0,162.0,160.0,160.0,0.0,159.0,715.0,567.6
ICFC,12/20/2018,160.0,160.0,151.0,151.0,-5.63,223.0,715.0,567.6
ICFC,12/23/2018,154.0,160.0,154.0,159.0,5.3,1933.0,715.0,567.6
ICFC,12/24/2018,156.0,159.0,156.0,157.0,-1.26,1813.0,715.0,567.6
ICFC,12/25/2018,154.0,154.0,153.0,153.0,-2.55,347.0,715.0,567.6
ICFC,12/26/2018,154.0,159.0,150.0,156.0,1.96,3441.0,715.0,567.6
ICFC,12/27/2018,158.0,161.0,156.0,156.0,0.0,5431.0,715.0,567.6
ICFC,12/30/2018,158.0,158.0,156.0,156.0,0.0,1410.0,715.0,567.6
ICFC,12/31/2018,156.0,156.0,154.0,154.0,-1.28,483.0,715.0,567.6
ICFC,1/1/2019,155.0,155.0,152.0,152.0,-1.3,1259.0,715.0,567.6
ICFC,1/2/2019,152.0,155.0,150.0,155.0,1.97,6421.0,715.0,567.6
ICFC,1/3/2019,154.0,154.0,153.0,153.0,-1.29,182.0,715.0,567.6
ICFC,1/6/2019,150.0,154.0,150.0,153.0,0.0,1192.0,715.0,567.6
ICFC,1/7/2019,155.0,155.0,154.0,155.0,1.31,330.0,715.0,567.6
ICFC,1/8/2019,155.0,156.0,155.0,156.0,0.65,1620.0,715.0,567.6
ICFC,1/9/2019,157.0,157.0,152.0,152.0,-2.56,2580.0,715.0,567.6
ICFC,1/10/2019,153.0,158.0,153.0,157.0,3.29,250.0,715.0,567.6
ICFC,1/13/2019,155.0,155.0,153.0,153.0,-2.55,1000.0,715.0,567.6
ICFC,1/14/2019,153.0,156.0,153.0,154.0,0.65,3037.0,715.0,567.6
ICFC,1/15/2019,155.0,156.0,154.0,156.0,1.3,3042.0,715.0,567.6
ICFC,1/16/2019,155.0,155.0,154.0,155.0,-0.64,1750.0,715.0,567.6
ICFC,1/17/2019,156.0,156.0,156.0,156.0,0.65,100.0,715.0,567.6
ICFC,1/22/2019,154.0,154.0,151.0,154.0,-1.28,1337.0,715.0,567.6
ICFC,1/23/2019,152.0,156.0,152.0,155.0,0.65,1350.0,715.0,567.6
ICFC,1/24/2019,158.0,158.0,152.0,153.0,-1.29,576.0,715.0,567.6
ICFC,1/27/2019,150.0,153.0,150.0,151.0,-1.31,1200.0,715.0,567.6
ICFC,1/28/2019,151.0,152.0,151.0,152.0,0.66,137.0,715.0,567.6
ICFC,1/29/2019,152.0,152.0,150.0,152.0,0.0,1588.0,715.0,567.6
ICFC,1/30/2019,151.0,152.0,150.0,150.0,-1.32,2299.0,715.0,567.6
ICFC,1/31/2019,151.0,154.0,151.0,151.0,0.67,955.0,715.0,567.6
ICFC,2/3/2019,150.0,151.0,150.0,150.0,-0.66,2001.0,715.0,567.6
ICFC,2/4/2019,150.0,150.0,149.0,149.0,-0.67,929.0,715.0,567.6
ICFC,2/5/2019,149.0,151.0,149.0,151.0,1.34,614.0,715.0,567.6
ICFC,2/6/2019,150.0,150.0,150.0,150.0,-0.66,1397.0,715.0,567.6
ICFC,2/7/2019,150.0,150.0,148.0,148.0,-1.33,2239.0,715.0,567.6
ICFC,2/10/2019,148.0,148.0,146.0,148.0,0.0,1501.0,715.0,567.6
ICFC,2/12/2019,147.0,150.0,147.0,150.0,1.35,368.0,715.0,567.6
ICFC,2/13/2019,147.0,147.0,147.0,147.0,-2.0,150.0,715.0,567.6
ICFC,2/14/2019,146.0,147.0,145.0,147.0,0.0,851.0,715.0,567.6
ICFC,2/17/2019,145.0,147.0,143.0,147.0,0.0,4380.0,715.0,567.6
ICFC,2/19/2019,148.0,148.0,146.0,146.0,-0.68,219.0,715.0,567.6
ICFC,2/20/2019,148.0,148.0,148.0,148.0,1.37,327.0,715.0,567.6
ICFC,2/24/2019,147.0,147.0,147.0,147.0,-0.68,266.0,715.0,567.6
ICFC,2/26/2019,148.0,148.0,145.0,146.0,-0.68,1898.0,715.0,567.6
ICFC,2/27/2019,148.0,148.0,146.0,146.0,0.0,748.0,715.0,567.6
ICFC,3/3/2019,146.0,146.0,144.0,145.0,-0.68,3594.0,715.0,567.6
ICFC,3/6/2019,143.0,147.0,143.0,147.0,1.38,228.0,715.0,567.6
ICFC,3/7/2019,147.0,150.0,147.0,150.0,2.04,725.0,715.0,567.6
ICFC,3/11/2019,148.0,151.0,148.0,151.0,0.67,1733.0,715.0,567.6
ICFC,3/12/2019,148.0,154.0,148.0,150.0,-0.66,7425.0,715.0,567.6
ICFC,3/13/2019,150.0,153.0,150.0,151.0,0.67,3050.0,715.0,567.6
ICFC,3/14/2019,154.0,154.0,154.0,154.0,1.99,710.0,715.0,567.6
ICFC,3/18/2019,152.0,157.0,152.0,153.0,-0.65,4530.0,715.0,567.6
ICFC,3/19/2019,151.0,151.0,151.0,151.0,-1.31,126.0,715.0,567.6
ICFC,3/21/2019,150.0,150.0,150.0,150.0,-0.66,17.0,715.0,567.6
ICFC,3/24/2019,150.0,150.0,150.0,150.0,0.0,17.0,715.0,567.6
ICFC,3/25/2019,150.0,150.0,148.0,150.0,0.0,6004.0,715.0,567.6
ICFC,3/26/2019,148.0,150.0,148.0,150.0,0.0,1490.0,715.0,567.6
ICFC,3/28/2019,147.0,152.0,147.0,151.0,0.67,5979.0,715.0,567.6
ICFC,3/31/2019,151.0,154.0,151.0,153.0,1.32,1671.0,715.0,567.6
ICFC,4/1/2019,152.0,155.0,152.0,155.0,1.31,671.0,715.0,567.6
ICFC,4/2/2019,155.0,158.0,152.0,156.0,0.65,19131.0,715.0,567.6
ICFC,4/3/2019,154.0,155.0,152.0,152.0,-2.56,5079.0,715.0,567.6
ICFC,4/4/2019,151.0,151.0,151.0,151.0,-0.66,40.0,715.0,567.6
ICFC,4/7/2019,153.0,157.0,151.0,157.0,3.97,3570.0,715.0,567.6
ICFC,4/8/2019,157.0,157.0,154.0,154.0,-1.91,1250.0,715.0,567.6
ICFC,4/9/2019,154.0,154.0,153.0,153.0,-0.65,359.0,715.0,567.6
ICFC,4/10/2019,152.0,154.0,152.0,154.0,0.65,5201.0,715.0,567.6
ICFC,4/11/2019,153.0,153.0,152.0,153.0,-0.65,6815.0,715.0,567.6
ICFC,4/15/2019,153.0,154.0,153.0,154.0,0.65,362.0,715.0,567.6
ICFC,4/16/2019,152.0,159.0,150.0,159.0,3.25,5929.0,715.0,567.6
ICFC,4/17/2019,156.0,156.0,153.0,154.0,-3.14,2805.0,715.0,567.6
ICFC,4/18/2019,153.0,155.0,152.0,154.0,0.0,6880.0,715.0,567.6
ICFC,4/21/2019,155.0,157.0,151.0,157.0,1.95,3441.0,715.0,567.6
ICFC,4/22/2019,155.0,156.0,155.0,155.0,-1.27,8500.0,715.0,567.6
ICFC,4/23/2019,155.0,157.0,155.0,157.0,1.29,2454.0,715.0,567.6
ICFC,4/24/2019,155.0,162.0,155.0,162.0,3.18,6712.0,715.0,567.6
ICFC,4/25/2019,163.0,165.0,157.0,160.0,-1.23,6774.0,715.0,567.6
ICFC,4/28/2019,163.0,164.0,161.0,164.0,2.5,2258.0,715.0,567.6
ICFC,4/29/2019,163.0,163.0,158.0,159.0,-3.05,6030.0,715.0,567.6
ICFC,4/30/2019,158.0,163.0,155.0,163.0,2.52,3267.0,715.0,567.6
ICFC,5/2/2019,161.0,163.0,159.0,162.0,-0.61,7851.0,715.0,567.6
ICFC,5/5/2019,160.0,160.0,155.0,155.0,-4.32,5714.0,715.0,567.6
ICFC,5/6/2019,155.0,155.0,155.0,155.0,0.0,64.0,715.0,567.6
ICFC,5/7/2019,153.0,158.0,153.0,156.0,0.65,2569.0,715.0,567.6
ICFC,5/8/2019,156.0,159.0,155.0,159.0,1.92,2306.0,715.0,567.6
ICFC,5/9/2019,156.0,156.0,155.0,155.0,-2.52,666.0,715.0,567.6
ICFC,5/12/2019,153.0,153.0,153.0,153.0,-1.29,221.0,715.0,567.6
ICFC,5/14/2019,156.0,158.0,156.0,156.0,1.96,1534.0,715.0,567.6
ICFC,5/15/2019,158.0,162.0,156.0,156.0,0.0,5763.0,715.0,567.6
ICFC,5/16/2019,155.0,166.0,155.0,163.0,4.49,10314.0,715.0,567.6
ICFC,5/19/2019,161.0,171.0,158.0,171.0,4.91,13931.0,715.0,567.6
ICFC,5/20/2019,168.0,170.0,165.0,165.0,-3.51,6110.0,715.0,567.6
ICFC,5/21/2019,166.0,166.0,161.0,161.0,-2.42,5451.0,715.0,567.6
ICFC,5/22/2019,164.0,164.0,164.0,164.0,1.86,32.0,715.0,567.6
ICFC,5/23/2019,165.0,168.0,162.0,162.0,-1.22,2921.0,715.0,567.6
ICFC,5/26/2019,165.0,165.0,161.0,161.0,-0.62,3346.0,715.0,567.6
ICFC,5/27/2019,164.0,164.0,163.0,163.0,1.24,800.0,715.0,567.6
ICFC,5/28/2019,163.0,164.0,162.0,162.0,-0.61,509.0,715.0,567.6
ICFC,5/29/2019,161.0,167.0,160.0,167.0,3.09,6931.0,715.0,567.6
ICFC,5/30/2019,164.0,166.0,164.0,166.0,-0.6,1271.0,715.0,567.6
ICFC,6/2/2019,166.0,166.0,165.0,165.0,-0.6,1250.0,715.0,567.6
ICFC,6/3/2019,165.0,165.0,162.0,162.0,-1.82,544.0,715.0,567.6
ICFC,6/4/2019,159.0,162.0,159.0,159.0,-1.85,432.0,715.0,567.6
ICFC,6/6/2019,159.0,164.0,159.0,164.0,3.14,11921.0,715.0,567.6
ICFC,6/10/2019,167.0,172.0,167.0,167.0,1.83,2259.0,715.0,567.6
ICFC,6/11/2019,166.0,166.0,164.0,164.0,-1.8,1893.0,715.0,567.6
ICFC,6/12/2019,165.0,167.0,164.0,164.0,0.0,2247.0,715.0,567.6
ICFC,6/13/2019,167.0,167.0,162.0,162.0,-1.22,11311.0,715.0,567.6
ICFC,6/16/2019,159.0,160.0,159.0,159.0,-1.85,1361.0,715.0,567.6
ICFC,6/17/2019,156.0,160.0,156.0,160.0,0.63,794.0,715.0,567.6
ICFC,6/18/2019,159.0,159.0,159.0,159.0,-0.62,27.0,715.0,567.6
ICFC,6/19/2019,157.0,163.0,157.0,163.0,2.52,185.0,715.0,567.6
ICFC,6/20/2019,166.0,166.0,161.0,162.0,-0.61,840.0,715.0,567.6
ICFC,6/23/2019,162.0,162.0,162.0,162.0,0.0,100.0,715.0,567.6
ICFC,6/24/2019,165.0,165.0,165.0,165.0,1.85,23.0,715.0,567.6
ICFC,6/25/2019,165.0,165.0,162.0,162.0,-1.82,1027.0,715.0,567.6
ICFC,6/26/2019,160.0,161.0,160.0,161.0,-0.62,971.0,715.0,567.6
ICFC,6/27/2019,162.0,165.0,161.0,161.0,0.0,7582.0,715.0,567.6
ICFC,6/30/2019,160.0,162.0,160.0,160.0,-0.62,555.0,715.0,567.6
ICFC,7/1/2019,159.0,160.0,158.0,160.0,0.0,3686.0,715.0,567.6
ICFC,7/2/2019,160.0,160.0,158.0,158.0,-1.25,1600.0,715.0,567.6
ICFC,7/3/2019,160.0,161.0,157.0,159.0,0.63,2301.0,715.0,567.6
ICFC,7/4/2019,159.0,159.0,159.0,159.0,0.0,291.0,715.0,567.6
ICFC,7/7/2019,162.0,163.0,160.0,160.0,0.63,800.0,715.0,567.6
ICFC,7/8/2019,168.0,168.0,160.0,161.0,0.63,2928.0,715.0,567.6
ICFC,7/9/2019,163.0,164.0,163.0,164.0,1.86,3310.0,715.0,567.6
ICFC,7/10/2019,164.0,165.0,162.0,162.0,-1.22,2400.0,715.0,567.6
ICFC,7/11/2019,165.0,168.0,162.0,163.0,0.62,9790.0,715.0,567.6
ICFC,7/14/2019,163.0,163.0,163.0,163.0,0.0,500.0,715.0,567.6
ICFC,7/16/2019,171.0,171.0,165.0,168.0,3.07,120.0,715.0,567.6
ICFC,7/17/2019,169.0,169.0,163.0,163.0,-2.98,200.0,715.0,567.6
ICFC,7/18/2019,164.0,164.0,164.0,164.0,0.61,1900.0,715.0,567.6
ICFC,7/21/2019,164.0,166.0,164.0,166.0,1.22,1143.0,715.0,567.6
ICFC,7/22/2019,165.0,166.0,165.0,166.0,0.0,2173.0,715.0,567.6
ICFC,7/23/2019,169.0,169.0,166.0,166.0,0.0,3127.0,715.0,567.6
ICFC,7/24/2019,165.0,169.0,164.0,169.0,1.81,4739.0,715.0,567.6
ICFC,7/25/2019,169.0,169.0,163.0,163.0,-3.55,2881.0,715.0,567.6
ICFC,7/28/2019,162.0,162.0,160.0,160.0,-1.84,3462.0,715.0,567.6
ICFC,7/29/2019,160.0,169.0,160.0,161.0,0.63,4873.0,715.0,567.6
ICFC,7/30/2019,161.0,164.0,161.0,164.0,1.86,49.0,715.0,567.6
ICFC,7/31/2019,161.0,164.0,161.0,164.0,0.0,506.0,715.0,567.6
ICFC,8/1/2019,164.0,166.0,164.0,164.0,0.0,280.0,715.0,567.6
ICFC,8/4/2019,164.0,164.0,164.0,164.0,0.0,44.0,715.0,567.6
ICFC,8/5/2019,167.0,170.0,164.0,164.0,0.0,10266.0,715.0,567.6
ICFC,8/6/2019,162.0,162.0,160.0,162.0,-1.22,11958.0,715.0,567.6
ICFC,8/7/2019,159.0,163.0,159.0,163.0,0.62,3103.0,715.0,567.6
ICFC,8/8/2019,163.0,163.0,160.0,161.0,-1.23,276.0,715.0,567.6
ICFC,8/11/2019,160.0,160.0,160.0,160.0,-0.62,2215.0,715.0,567.6
ICFC,8/12/2019,161.0,161.0,161.0,161.0,0.63,150.0,715.0,567.6
ICFC,8/13/2019,161.0,162.0,161.0,161.0,0.0,660.0,715.0,567.6
ICFC,8/14/2019,161.0,161.0,161.0,161.0,0.0,199.0,715.0,567.6
ICFC,8/18/2019,161.0,161.0,161.0,161.0,0.0,530.0,715.0,567.6
ICFC,8/19/2019,163.0,165.0,161.0,161.0,0.0,1101.0,715.0,567.6
ICFC,8/20/2019,163.0,164.0,163.0,164.0,1.86,121.0,715.0,567.6
ICFC,8/21/2019,161.0,162.0,161.0,162.0,-1.22,1050.0,715.0,567.6
ICFC,8/22/2019,163.0,163.0,160.0,160.0,-1.23,1510.0,715.0,567.6
ICFC,8/25/2019,162.0,162.0,160.0,160.0,0.0,1250.0,715.0,567.6
ICFC,8/26/2019,161.0,162.0,160.0,160.0,0.0,2120.0,715.0,567.6
ICFC,8/27/2019,162.0,162.0,162.0,162.0,1.25,10.0,715.0,567.6
ICFC,8/28/2019,159.0,159.0,159.0,159.0,-1.85,200.0,715.0,567.6
ICFC,8/29/2019,162.0,162.0,159.0,159.0,0.0,260.0,715.0,567.6
ICFC,9/1/2019,158.0,161.0,158.0,161.0,1.26,1433.0,715.0,567.6
ICFC,9/2/2019,160.0,160.0,157.0,157.0,-2.48,2972.0,715.0,567.6
ICFC,9/3/2019,157.0,163.0,157.0,163.0,3.82,2815.0,715.0,567.6
ICFC,9/4/2019,164.0,165.0,164.0,165.0,1.23,50.0,715.0,567.6
ICFC,9/5/2019,165.0,165.0,162.0,162.0,-1.82,250.0,715.0,567.6
ICFC,9/8/2019,162.0,162.0,160.0,161.0,-0.62,4296.0,715.0,567.6
ICFC,9/9/2019,160.0,161.0,158.0,159.0,-1.24,1550.0,715.0,567.6
ICFC,9/10/2019,156.0,161.0,156.0,161.0,1.26,1390.0,715.0,567.6
ICFC,9/11/2019,158.0,158.0,158.0,158.0,-1.86,53.0,715.0,567.6
ICFC,9/12/2019,159.0,159.0,156.0,156.0,-1.27,904.0,715.0,567.6
ICFC,9/15/2019,155.0,156.0,153.0,153.0,-1.92,3610.0,715.0,567.6
ICFC,9/16/2019,153.0,154.0,153.0,153.0,0.0,1170.0,715.0,567.6
ICFC,9/17/2019,155.0,158.0,155.0,156.0,1.96,1854.0,715.0,567.6
ICFC,9/18/2019,159.0,159.0,159.0,159.0,1.92,100.0,715.0,567.6
ICFC,9/22/2019,157.0,157.0,154.0,154.0,-3.14,1265.0,715.0,567.6
ICFC,9/23/2019,152.0,152.0,152.0,152.0,-1.3,10.0,715.0,567.6
ICFC,9/24/2019,152.0,152.0,152.0,152.0,0.0,62.0,715.0,567.6
ICFC,9/25/2019,151.0,153.0,151.0,153.0,0.66,327.0,715.0,567.6
ICFC,9/26/2019,153.0,153.0,153.0,153.0,0.0,200.0,715.0,567.6
ICFC,9/29/2019,155.0,155.0,155.0,155.0,1.31,10.0,715.0,567.6
ICFC,9/30/2019,155.0,155.0,155.0,155.0,0.0,436.0,715.0,567.6
ICFC,10/1/2019,158.0,161.0,158.0,161.0,3.87,20.0,715.0,567.6
ICFC,10/2/2019,158.0,158.0,158.0,158.0,-1.86,308.0,715.0,567.6
ICFC,10/3/2019,158.0,160.0,158.0,160.0,1.27,656.0,715.0,567.6
ICFC,10/14/2019,159.0,159.0,159.0,159.0,-0.62,49.0,715.0,567.6
ICFC,10/20/2019,159.0,160.0,159.0,160.0,0.63,430.0,715.0,567.6
ICFC,10/21/2019,160.0,160.0,158.0,158.0,-1.25,620.0,715.0,567.6
ICFC,10/22/2019,160.0,160.0,160.0,160.0,1.27,70.0,715.0,567.6
ICFC,10/23/2019,157.0,160.0,157.0,160.0,0.0,2700.0,715.0,567.6
ICFC,10/24/2019,162.0,163.0,160.0,163.0,1.88,417.0,715.0,567.6
ICFC,10/31/2019,163.0,163.0,162.0,162.0,-0.61,280.0,715.0,567.6
ICFC,11/3/2019,160.0,160.0,160.0,160.0,-1.23,296.0,715.0,567.6
ICFC,11/4/2019,162.0,164.0,162.0,162.0,1.25,1265.0,715.0,567.6
ICFC,11/5/2019,160.0,160.0,160.0,160.0,-1.23,100.0,715.0,567.6
ICFC,11/6/2019,163.0,163.0,160.0,160.0,0.0,140.0,715.0,567.6
ICFC,11/7/2019,158.0,161.0,158.0,158.0,-1.25,992.0,715.0,567.6
ICFC,11/10/2019,155.0,158.0,155.0,158.0,0.0,161.0,715.0,567.6
ICFC,11/11/2019,156.0,161.0,155.0,161.0,1.9,1561.0,715.0,567.6
ICFC,11/12/2019,161.0,161.0,160.0,160.0,-0.62,800.0,715.0,567.6
ICFC,11/13/2019,160.0,163.0,159.0,159.0,-0.62,1570.0,715.0,567.6
ICFC,11/14/2019,162.0,165.0,162.0,162.0,1.89,4674.0,715.0,567.6
ICFC,11/17/2019,160.0,160.0,160.0,160.0,-1.23,13376.0,715.0,567.6
ICFC,11/18/2019,160.0,163.0,160.0,163.0,1.88,550.0,715.0,567.6
ICFC,11/20/2019,162.0,162.0,160.0,160.0,-1.84,299.0,715.0,567.6
ICFC,11/21/2019,160.0,160.0,160.0,160.0,0.0,125.0,715.0,567.6
ICFC,11/24/2019,157.0,157.0,157.0,157.0,-1.88,550.0,715.0,567.6
ICFC,11/25/2019,156.0,156.0,156.0,156.0,-0.64,636.0,715.0,567.6
ICFC,11/26/2019,155.0,155.0,155.0,155.0,-0.64,27.0,715.0,567.6
ICFC,11/27/2019,155.0,158.0,155.0,158.0,1.94,5040.0,715.0,567.6
ICFC,11/28/2019,159.0,160.0,157.0,157.0,-0.63,410.0,715.0,567.6
ICFC,12/1/2019,157.0,157.0,156.0,156.0,-0.64,1050.0,715.0,567.6
ICFC,12/3/2019,157.0,157.0,157.0,157.0,0.64,499.0,715.0,567.6
ICFC,12/4/2019,159.0,159.0,159.0,159.0,1.27,31.0,715.0,567.6
ICFC,12/5/2019,160.0,160.0,159.0,159.0,0.0,5904.0,715.0,567.6
ICFC,12/9/2019,161.0,164.0,158.0,164.0,3.14,1120.0,715.0,567.6
ICFC,12/10/2019,164.0,164.0,162.0,162.0,-1.22,489.0,715.0,567.6
ICFC,12/11/2019,162.0,165.0,162.0,165.0,1.85,2152.0,715.0,567.6
ICFC,12/12/2019,163.0,163.0,162.0,162.0,-1.82,352.0,715.0,567.6
ICFC,12/15/2019,161.0,161.0,160.0,160.0,-1.23,1049.0,715.0,567.6
ICFC,12/16/2019,161.0,162.0,160.0,160.0,0.0,3124.0,715.0,567.6
ICFC,12/17/2019,160.0,160.0,160.0,160.0,0.0,87.0,715.0,567.6
ICFC,12/19/2019,157.0,159.0,157.0,159.0,-0.62,2338.0,715.0,567.6
ICFC,12/22/2019,156.0,159.0,156.0,158.0,-0.63,388.0,715.0,567.6
ICFC,12/23/2019,158.0,162.0,158.0,160.0,1.27,1344.0,715.0,567.6
ICFC,12/24/2019,160.0,163.0,160.0,162.0,1.25,6088.0,715.0,567.6
ICFC,12/25/2019,162.0,162.0,161.0,161.0,-0.62,4358.0,715.0,567.6
ICFC,12/26/2019,161.0,163.0,161.0,163.0,1.24,5752.0,715.0,567.6
ICFC,12/29/2019,160.0,162.0,155.0,160.0,-1.84,40010.0,715.0,567.6
ICFC,12/30/2019,160.0,162.0,157.0,160.0,0.0,18111.0,715.0,567.6
ICFC,12/31/2019,150.0,150.0,145.0,146.0,-8.75,3156.0,715.0,567.6
ICFC,1/1/2020,145.0,146.0,145.0,146.0,0.0,1100.0,715.0,567.6
ICFC,1/2/2020,146.0,151.0,146.0,151.0,3.42,3321.0,715.0,567.6
ICFC,1/5/2020,150.0,150.0,149.0,150.0,-0.66,128.0,715.0,567.6
ICFC,1/6/2020,151.0,151.0,150.0,150.0,0.0,1470.0,715.0,567.6
ICFC,1/7/2020,150.0,152.0,149.0,151.0,0.67,1040.0,715.0,567.6
ICFC,1/8/2020,149.0,152.0,149.0,152.0,0.66,4115.0,715.0,567.6
ICFC,1/9/2020,151.0,152.0,151.0,152.0,0.0,2525.0,715.0,567.6
ICFC,1/12/2020,155.0,161.0,155.0,160.0,5.26,8042.0,715.0,567.6
ICFC,1/13/2020,157.0,161.0,157.0,161.0,0.63,600.0,715.0,567.6
ICFC,1/14/2020,160.0,161.0,159.0,160.0,-0.62,5640.0,715.0,567.6
ICFC,1/15/2020,163.0,173.0,162.0,170.0,6.25,20283.0,715.0,567.6
ICFC,1/16/2020,173.0,187.0,173.0,187.0,10.0,25498.0,715.0,567.6
ICFC,1/19/2020,190.0,196.0,182.0,195.0,4.28,18635.0,715.0,567.6
ICFC,1/20/2020,195.0,195.0,178.0,181.0,-7.18,14220.0,715.0,567.6
ICFC,1/21/2020,181.0,181.0,170.0,170.0,-6.08,8003.0,715.0,567.6
ICFC,1/22/2020,173.0,176.0,172.0,173.0,1.76,4607.0,715.0,567.6
ICFC,1/23/2020,173.0,173.0,170.0,171.0,-1.16,2652.0,715.0,567.6
ICFC,1/26/2020,170.0,173.0,168.0,172.0,0.58,3832.0,715.0,567.6
ICFC,1/27/2020,173.0,173.0,172.0,172.0,0.0,1911.0,715.0,567.6
ICFC,1/28/2020,174.0,178.0,171.0,175.0,1.74,7912.0,715.0,567.6
ICFC,1/29/2020,175.0,175.0,172.0,175.0,0.0,5755.0,715.0,567.6
ICFC,1/30/2020,172.0,175.0,172.0,172.0,-1.71,4815.0,715.0,567.6
ICFC,2/2/2020,175.0,181.0,175.0,176.0,2.33,13157.0,715.0,567.6
ICFC,2/3/2020,174.0,185.0,174.0,179.0,1.7,39356.0,715.0,567.6
ICFC,2/4/2020,179.0,182.0,176.0,179.0,0.0,11765.0,715.0,567.6
ICFC,2/5/2020,178.0,179.0,176.0,177.0,-1.12,4088.0,715.0,567.6
ICFC,2/6/2020,176.0,178.0,176.0,177.0,0.0,5662.0,715.0,567.6
ICFC,2/9/2020,175.0,179.0,175.0,178.0,0.56,5709.0,715.0,567.6
ICFC,2/10/2020,176.0,178.0,176.0,177.0,-0.56,3411.0,715.0,567.6
ICFC,2/11/2020,179.0,184.0,179.0,180.0,1.69,6796.0,715.0,567.6
ICFC,2/12/2020,182.0,183.0,179.0,180.0,0.0,14986.0,715.0,567.6
ICFC,2/13/2020,178.0,183.0,178.0,181.0,0.56,7164.0,715.0,567.6
ICFC,2/16/2020,180.0,184.0,180.0,184.0,1.66,6280.0,715.0,567.6
ICFC,2/17/2020,187.0,187.0,182.0,185.0,0.54,6140.0,715.0,567.6
ICFC,2/18/2020,184.0,188.0,182.0,182.0,-1.62,9136.0,715.0,567.6
ICFC,2/19/2020,184.0,187.0,182.0,185.0,1.65,5562.0,715.0,567.6
ICFC,2/20/2020,185.0,188.0,184.0,188.0,1.62,10869.0,715.0,567.6
ICFC,2/23/2020,191.0,206.0,191.0,206.0,9.57,67950.0,715.0,567.6
ICFC,2/24/2020,210.0,210.0,200.0,201.0,-2.43,44277.0,715.0,567.6
ICFC,2/25/2020,197.0,217.0,197.0,217.0,7.96,33720.0,715.0,567.6
ICFC,2/26/2020,217.0,224.0,214.0,216.0,-0.46,26403.0,715.0,567.6
ICFC,2/27/2020,214.0,215.0,207.0,207.0,-4.17,11644.0,715.0,567.6
ICFC,3/1/2020,205.0,212.0,203.0,203.0,-1.93,19582.0,715.0,567.6
ICFC,3/2/2020,199.0,206.0,196.0,199.0,-1.97,9487.0,715.0,567.6
ICFC,3/3/2020,196.0,206.0,196.0,200.0,0.5,13126.0,715.0,567.6
ICFC,3/4/2020,196.0,196.0,188.0,189.0,-5.5,21330.0,715.0,567.6
ICFC,3/5/2020,186.0,198.0,183.0,188.0,-0.53,9457.0,715.0,567.6
ICFC,3/10/2020,185.0,186.0,182.0,182.0,-3.19,5570.0,715.0,567.6
ICFC,3/11/2020,185.0,189.0,180.0,189.0,3.85,14828.0,715.0,567.6
ICFC,3/12/2020,187.0,188.0,180.0,182.0,-3.7,7706.0,715.0,567.6
ICFC,3/15/2020,181.0,183.0,176.0,176.0,-3.3,28375.0,715.0,567.6
ICFC,3/16/2020,173.0,175.0,172.0,175.0,-0.57,4798.0,715.0,567.6
ICFC,3/17/2020,177.0,178.0,165.0,165.0,-5.71,15285.0,715.0,567.6
ICFC,3/18/2020,165.0,169.0,163.0,164.0,-0.61,10447.0,715.0,567.6
ICFC,3/19/2020,161.0,172.0,158.0,172.0,4.88,20403.0,715.0,567.6
ICFC,3/22/2020,169.0,169.0,169.0,169.0,-1.74,110.0,715.0,567.6
ICFC,6/29/2020,166.0,166.0,163.0,165.0,-2.37,791.0,715.0,567.6
ICFC,7/1/2020,163.0,164.0,163.0,163.0,-1.21,720.0,715.0,567.6
ICFC,7/2/2020,166.0,170.0,163.0,163.0,0.0,2864.0,715.0,567.6
ICFC,7/5/2020,163.0,170.0,161.0,167.0,2.45,1469.0,715.0,567.6
ICFC,7/6/2020,164.0,167.0,164.0,164.0,-1.8,1557.0,715.0,567.6
ICFC,7/7/2020,165.0,179.0,165.0,177.0,7.93,6886.0,715.0,567.6
ICFC,7/8/2020,177.0,180.0,171.0,180.0,1.69,6907.0,715.0,567.6
ICFC,7/9/2020,180.0,183.0,178.0,180.0,0.0,10679.0,715.0,567.6
ICFC,7/12/2020,179.0,180.0,179.0,180.0,0.0,3140.0,715.0,567.6
ICFC,7/13/2020,183.0,183.0,177.0,179.0,-0.56,4883.0,715.0,567.6
ICFC,7/14/2020,179.0,179.0,173.0,174.0,-2.79,4713.0,715.0,567.6
ICFC,7/15/2020,171.0,178.0,169.0,173.0,-0.57,1722.0,715.0,567.6
ICFC,7/16/2020,175.0,181.0,175.0,178.0,2.89,10991.0,715.0,567.6
ICFC,7/20/2020,186.0,195.0,184.0,189.0,6.18,14078.0,715.0,567.6
ICFC,7/21/2020,186.0,189.0,184.0,186.0,-1.59,5883.0,715.0,567.6
ICFC,7/22/2020,186.0,187.0,184.0,187.0,0.54,7061.0,715.0,567.6
ICFC,7/23/2020,185.0,192.0,185.0,188.0,0.53,3926.0,715.0,567.6
ICFC,7/26/2020,190.0,195.0,187.0,192.0,2.13,3467.0,715.0,567.6
ICFC,7/27/2020,194.0,194.0,187.0,190.0,-1.04,10844.0,715.0,567.6
ICFC,7/28/2020,190.0,190.0,188.0,188.0,-1.05,3940.0,715.0,567.6
ICFC,7/29/2020,189.0,189.0,185.0,185.0,-1.6,6764.0,715.0,567.6
ICFC,7/30/2020,185.0,190.0,183.0,190.0,2.7,6967.0,715.0,567.6
ICFC,8/2/2020,187.0,187.0,180.0,180.0,-5.26,5201.0,715.0,567.6
ICFC,8/3/2020,180.0,186.0,180.0,184.0,2.22,219.0,715.0,567.6
ICFC,8/5/2020,181.0,181.0,179.0,180.0,-2.17,5034.0,715.0,567.6
ICFC,8/6/2020,180.0,187.0,179.0,187.0,3.89,1287.0,715.0,567.6
ICFC,8/9/2020,184.0,187.0,182.0,182.0,-2.67,3152.0,715.0,567.6
ICFC,8/10/2020,182.0,184.0,181.0,184.0,1.1,4409.0,715.0,567.6
ICFC,8/11/2020,187.0,187.0,180.0,183.0,-0.54,5247.0,715.0,567.6
ICFC,8/12/2020,180.0,180.0,177.0,179.0,-2.19,5498.0,715.0,567.6
ICFC,8/13/2020,178.0,178.0,177.0,177.0,-1.12,1451.0,715.0,567.6
ICFC,8/16/2020,176.0,176.0,170.0,176.0,-0.56,6095.0,715.0,567.6
ICFC,8/17/2020,174.0,175.0,172.0,172.0,-2.27,3559.0,715.0,567.6
ICFC,8/18/2020,171.0,173.0,170.0,172.0,0.0,6915.0,715.0,567.6
ICFC,8/19/2020,172.0,172.0,170.0,172.0,0.0,1907.0,715.0,567.6
ICFC,8/20/2020,174.0,175.0,173.0,175.0,1.74,807.0,715.0,567.6
ICFC,8/23/2020,172.0,173.0,170.0,173.0,-1.14,5542.0,715.0,567.6
ICFC,8/24/2020,175.0,176.0,172.0,176.0,1.73,3486.0,715.0,567.6
ICFC,8/25/2020,179.0,179.0,177.0,178.0,1.14,5130.0,715.0,567.6
ICFC,8/26/2020,179.0,179.0,172.0,176.0,-1.12,8096.0,715.0,567.6
ICFC,8/27/2020,179.0,179.0,175.0,175.0,-0.57,2826.0,715.0,567.6
ICFC,8/31/2020,173.0,179.0,173.0,178.0,1.71,8460.0,715.0,567.6
ICFC,9/2/2020,180.0,183.0,177.0,180.0,1.12,12433.0,715.0,567.6
ICFC,9/3/2020,183.0,183.0,177.0,178.0,-1.11,8251.0,715.0,567.6
ICFC,9/6/2020,181.0,181.0,174.0,174.0,-2.25,11914.0,715.0,567.6
ICFC,9/7/2020,172.0,177.0,170.0,170.0,-2.3,17073.0,715.0,567.6
ICFC,9/8/2020,170.0,177.0,170.0,173.0,1.76,3131.0,715.0,567.6
ICFC,9/9/2020,176.0,176.0,170.0,173.0,0.0,13806.0,715.0,567.6
ICFC,9/10/2020,175.0,176.0,174.0,176.0,1.73,5909.0,715.0,567.6
ICFC,9/13/2020,177.0,177.0,175.0,175.0,-0.57,812.0,715.0,567.6
ICFC,9/14/2020,177.0,177.0,174.0,176.0,0.57,8893.0,715.0,567.6
ICFC,9/15/2020,174.0,177.0,173.0,174.0,-1.14,1810.0,715.0,567.6
ICFC,9/16/2020,172.0,174.0,172.0,174.0,0.0,8880.0,715.0,567.6
ICFC,9/17/2020,176.0,191.0,175.0,190.0,9.2,53170.0,715.0,567.6
ICFC,9/20/2020,193.0,209.0,193.0,199.0,4.74,43590.0,715.0,567.6
ICFC,9/21/2020,208.0,208.0,191.0,192.0,-3.52,18780.0,715.0,567.6
ICFC,9/22/2020,194.0,195.0,185.0,185.0,-3.65,17636.0,715.0,567.6
ICFC,9/23/2020,188.0,191.0,188.0,190.0,2.7,9767.0,715.0,567.6
ICFC,9/24/2020,199.0,199.0,190.0,193.0,1.58,17890.0,715.0,567.6
ICFC,9/27/2020,190.0,199.0,190.0,194.0,0.52,11027.0,715.0,567.6
ICFC,9/28/2020,196.0,200.0,193.0,195.0,0.52,17982.0,715.0,567.6
ICFC,9/29/2020,197.0,198.0,190.0,191.0,-2.05,18013.0,715.0,567.6
ICFC,9/30/2020,191.0,204.0,190.0,197.0,3.14,13942.0,715.0,567.6
ICFC,10/1/2020,200.0,204.0,197.0,200.0,1.52,26367.0,715.0,567.6
ICFC,10/4/2020,204.0,204.0,197.0,200.0,0.0,17525.0,715.0,567.6
ICFC,10/5/2020,210.0,210.0,199.0,204.0,2.0,29068.0,715.0,567.6
ICFC,10/6/2020,201.0,205.0,201.0,204.0,0.0,9992.0,715.0,567.6
ICFC,10/7/2020,202.0,213.0,201.0,210.0,2.94,28573.0,715.0,567.6
ICFC,10/8/2020,213.0,230.0,210.0,224.0,6.67,95494.0,715.0,567.6
ICFC,10/11/2020,235.0,246.0,230.0,246.0,9.82,205798.0,715.0,567.6
ICFC,10/12/2020,258.0,263.0,246.0,258.0,4.88,157823.0,715.0,567.6
ICFC,10/13/2020,270.0,270.0,252.0,262.0,1.55,154727.0,715.0,567.6
ICFC,10/14/2020,275.0,275.0,260.0,265.0,1.15,111089.0,715.0,567.6
ICFC,10/15/2020,269.0,271.0,259.0,266.0,0.38,94130.0,715.0,567.6
ICFC,10/18/2020,271.0,285.0,263.0,280.0,5.26,145116.0,715.0,567.6
ICFC,10/19/2020,290.0,290.0,277.0,289.0,3.21,87188.0,715.0,567.6
ICFC,10/20/2020,293.0,294.0,284.0,294.0,1.73,58430.0,715.0,567.6
ICFC,10/21/2020,297.0,298.0,287.0,298.0,1.36,83503.0,715.0,567.6
ICFC,10/22/2020,296.0,300.0,290.0,292.0,-2.01,50604.0,715.0,567.6
ICFC,10/28/2020,296.0,299.0,288.0,295.0,1.03,71534.0,715.0,567.6
ICFC,10/29/2020,290.0,302.0,290.0,298.0,1.02,43027.0,715.0,567.6
ICFC,11/1/2020,298.0,302.0,293.0,298.0,0.0,24481.0,715.0,567.6
ICFC,11/2/2020,295.0,311.0,295.0,310.0,4.03,73851.0,715.0,567.6
ICFC,11/3/2020,310.0,317.0,310.0,313.0,0.97,26898.0,715.0,567.6
ICFC,11/4/2020,311.0,313.0,309.0,310.0,-0.96,12450.0,715.0,567.6
ICFC,11/5/2020,310.0,315.0,308.0,308.0,-0.65,34433.0,715.0,567.6
ICFC,11/8/2020,310.0,316.0,308.0,313.0,1.62,73945.0,715.0,567.6
ICFC,11/9/2020,309.0,314.0,309.0,312.0,-0.32,63704.0,715.0,567.6
ICFC,11/10/2020,315.0,317.0,311.0,314.0,0.64,39090.0,715.0,567.6
ICFC,11/11/2020,325.0,325.0,296.0,299.0,-4.78,114192.0,715.0,567.6
ICFC,11/12/2020,304.0,308.0,289.0,290.0,-3.01,70483.0,715.0,567.6
ICFC,11/18/2020,292.0,306.0,288.0,293.0,1.03,35289.0,715.0,567.6
ICFC,11/19/2020,297.0,300.0,285.0,290.0,-1.02,43488.0,715.0,567.6
ICFC,11/22/2020,295.0,302.0,285.0,285.0,-1.72,30055.0,715.0,567.6
ICFC,11/23/2020,290.0,290.0,282.0,286.0,0.35,19908.0,715.0,567.6
ICFC,11/24/2020,290.0,292.0,283.0,288.0,0.7,39675.0,715.0,567.6
ICFC,11/25/2020,287.0,303.0,287.0,298.0,3.47,77070.0,715.0,567.6
ICFC,11/26/2020,300.0,306.0,293.0,295.0,-1.01,57942.0,715.0,567.6
ICFC,11/29/2020,294.0,303.0,290.0,300.0,1.69,56321.0,715.0,567.6
ICFC,11/30/2020,315.0,315.0,290.0,296.0,-1.33,50952.0,715.0,567.6
ICFC,12/1/2020,300.0,300.0,292.0,293.0,-1.01,25813.0,715.0,567.6
ICFC,12/2/2020,295.0,301.0,290.0,295.0,0.68,19255.0,715.0,567.6
ICFC,12/3/2020,300.0,302.0,290.0,298.0,1.02,55978.0,715.0,567.6
ICFC,12/6/2020,300.0,300.0,284.0,284.0,-4.7,10697.0,715.0,567.6
ICFC,12/7/2020,287.0,300.0,287.0,295.0,3.87,42863.0,715.0,567.6
ICFC,12/8/2020,300.0,305.0,291.0,294.0,-0.34,33449.0,715.0,567.6
ICFC,12/9/2020,296.0,296.0,286.0,290.0,-1.36,15025.0,715.0,567.6
ICFC,12/10/2020,285.0,292.0,285.0,286.0,-1.38,15706.0,715.0,567.6
ICFC,12/13/2020,291.0,292.0,287.0,290.0,1.4,10936.0,715.0,567.6
ICFC,12/14/2020,295.0,299.0,291.0,293.0,1.03,31242.0,715.0,567.6
ICFC,12/15/2020,298.0,298.0,289.0,295.0,0.68,17900.0,715.0,567.6
ICFC,12/16/2020,295.0,300.0,290.0,292.0,-1.02,14899.0,715.0,567.6
ICFC,12/17/2020,296.0,296.0,281.0,289.0,-1.03,34899.0,715.0,567.6
ICFC,12/20/2020,287.0,289.0,275.0,284.0,-1.73,14731.0,715.0,567.6
ICFC,12/21/2020,279.0,285.0,264.0,281.0,-1.06,7996.0,715.0,567.6
ICFC,12/22/2020,281.0,295.0,281.0,284.0,1.07,26068.0,715.0,567.6
ICFC,12/23/2020,289.0,294.0,279.0,280.0,-1.41,27155.0,715.0,567.6
ICFC,12/24/2020,282.0,287.0,280.0,283.0,1.07,11858.0,715.0,567.6
ICFC,12/27/2020,287.0,287.0,282.0,284.0,0.35,10797.0,715.0,567.6
ICFC,12/28/2020,280.0,284.0,280.0,280.0,-1.41,6773.0,715.0,567.6
ICFC,12/29/2020,284.0,284.0,279.0,279.0,-0.36,4177.0,715.0,567.6
ICFC,12/30/2020,279.0,284.0,279.0,280.0,0.36,18829.0,715.0,567.6
ICFC,12/31/2020,285.0,290.0,283.0,290.0,3.57,31359.0,715.0,567.6
ICFC,1/3/2021,267.0,272.0,265.0,266.0,-8.28,28248.0,715.0,567.6
ICFC,1/4/2021,269.0,270.0,265.0,267.0,0.38,9272.0,715.0,567.6
ICFC,1/5/2021,267.0,267.0,261.0,261.0,-2.25,8429.0,715.0,567.6
ICFC,1/6/2021,262.0,266.0,259.0,259.0,-0.77,12671.0,715.0,567.6
ICFC,1/7/2021,262.0,262.0,255.0,260.0,0.39,48002.0,715.0,567.6
ICFC,1/10/2021,265.0,275.0,257.0,263.0,1.15,24284.0,715.0,567.6
ICFC,1/11/2021,268.0,270.0,264.0,268.0,1.9,40421.0,715.0,567.6
ICFC,1/12/2021,281.0,281.0,266.0,270.0,0.75,13735.0,715.0,567.6
ICFC,1/13/2021,267.0,280.0,267.0,278.0,2.96,36658.0,715.0,567.6
ICFC,1/17/2021,283.0,290.0,283.0,289.0,3.96,64212.0,715.0,567.6
ICFC,1/18/2021,294.0,310.0,294.0,300.0,3.81,105896.0,715.0,567.6
ICFC,1/19/2021,315.0,315.0,300.0,311.0,3.67,134881.0,715.0,567.6
ICFC,1/20/2021,315.0,323.0,311.0,316.0,1.61,73270.0,715.0,567.6
ICFC,1/21/2021,318.0,326.0,309.0,314.0,-0.63,70839.0,715.0,567.6
ICFC,1/24/2021,329.0,329.0,308.0,313.0,-0.32,83997.0,715.0,567.6
ICFC,1/25/2021,314.0,314.0,306.0,308.0,-1.6,40178.0,715.0,567.6
ICFC,1/26/2021,312.0,313.0,305.0,308.0,0.0,49839.0,715.0,567.6
ICFC,1/27/2021,311.0,312.0,301.0,307.0,-0.32,29536.0,715.0,567.6
ICFC,1/28/2021,322.0,322.0,289.0,295.0,-3.91,80392.0,715.0,567.6
ICFC,1/31/2021,295.0,296.0,279.0,279.0,-5.42,59292.0,715.0,567.6
ICFC,2/1/2021,284.0,294.0,280.0,294.0,5.38,53388.0,715.0,567.6
ICFC,2/2/2021,299.0,304.0,292.0,296.0,0.68,29379.0,715.0,567.6
ICFC,2/3/2021,297.0,300.0,288.0,294.0,-0.68,30251.0,715.0,567.6
ICFC,2/4/2021,289.0,294.0,287.0,293.0,-0.34,26369.0,715.0,567.6
ICFC,2/7/2021,293.0,297.0,288.0,295.0,0.68,44819.0,715.0,567.6
ICFC,2/8/2021,309.0,309.0,296.0,302.0,2.37,83386.0,715.0,567.6
ICFC,2/9/2021,306.0,306.0,297.0,297.0,-1.66,18228.0,715.0,567.6
ICFC,2/10/2021,283.0,326.0,283.0,326.0,9.76,196008.0,715.0,567.6
ICFC,2/11/2021,332.0,335.0,316.0,320.0,-1.84,80530.0,715.0,567.6
ICFC,2/14/2021,316.0,320.0,310.0,310.0,-3.12,59341.0,715.0,567.6
ICFC,2/15/2021,325.0,325.0,311.0,316.0,1.94,37237.0,715.0,567.6
ICFC,2/16/2021,331.0,331.0,315.0,326.0,3.16,102084.0,715.0,567.6
ICFC,2/17/2021,327.0,327.0,318.0,322.0,-1.23,40291.0,715.0,567.6
ICFC,2/18/2021,322.0,327.0,318.0,321.0,-0.31,44115.0,715.0,567.6
ICFC,2/21/2021,324.0,325.0,318.0,323.0,0.62,39907.0,715.0,567.6
ICFC,2/22/2021,320.0,321.0,316.0,316.0,-2.17,30417.0,715.0,567.6
ICFC,2/23/2021,301.0,318.0,301.0,315.0,-0.32,44739.0,715.0,567.6
ICFC,2/24/2021,316.0,321.0,314.0,315.0,0.0,18499.0,715.0,567.6
ICFC,2/25/2021,310.0,315.0,304.0,307.0,-2.54,41125.0,715.0,567.6
ICFC,2/28/2021,292.0,308.0,292.0,302.0,-1.63,41029.0,715.0,567.6
ICFC,3/1/2021,300.0,307.0,295.0,306.0,1.32,22881.0,715.0,567.6
ICFC,3/2/2021,305.0,305.0,293.0,296.0,-3.27,27964.0,715.0,567.6
ICFC,3/3/2021,292.0,295.0,286.0,295.0,-0.34,39406.0,715.0,567.6
ICFC,3/4/2021,297.0,303.0,293.0,303.0,2.71,19748.0,715.0,567.6
ICFC,3/7/2021,309.0,309.0,298.0,299.0,-1.32,12327.0,715.0,567.6
ICFC,3/9/2021,300.0,300.0,296.0,297.0,-0.67,10444.0,715.0,567.6
ICFC,3/10/2021,302.0,307.0,296.0,296.0,-0.34,20677.0,715.0,567.6
ICFC,3/14/2021,296.0,296.0,289.0,290.0,-2.03,14356.0,715.0,567.6
ICFC,3/15/2021,286.0,291.0,286.0,287.0,-1.03,20220.0,715.0,567.6
ICFC,3/16/2021,285.0,295.0,285.0,289.0,0.7,5302.0,715.0,567.6
ICFC,3/17/2021,294.0,295.0,289.0,294.0,1.73,9187.0,715.0,567.6
ICFC,3/18/2021,308.0,308.0,292.0,300.0,2.04,22909.0,715.0,567.6
ICFC,3/21/2021,305.0,305.0,298.0,304.0,1.33,27258.0,715.0,567.6
ICFC,3/22/2021,304.0,304.0,298.0,300.0,-1.32,18647.0,715.0,567.6
ICFC,3/23/2021,306.0,306.0,296.0,297.0,-1.0,7172.0,715.0,567.6
ICFC,3/24/2021,297.0,302.0,297.0,299.0,0.67,16028.0,715.0,567.6
ICFC,3/25/2021,303.0,304.0,296.0,297.0,-0.67,28666.0,715.0,567.6
ICFC,3/29/2021,300.0,300.0,296.0,296.0,-0.34,7703.0,715.0,567.6
ICFC,3/30/2021,296.0,303.0,296.0,300.0,1.35,5189.0,715.0,567.6
ICFC,3/31/2021,303.0,303.0,298.0,302.0,0.67,16793.0,715.0,567.6
ICFC,4/1/2021,300.0,319.0,300.0,306.0,1.32,66516.0,715.0,567.6
ICFC,4/4/2021,310.0,315.0,308.0,310.0,1.31,26113.0,715.0,567.6
ICFC,4/5/2021,314.0,322.0,308.0,312.0,0.65,28801.0,715.0,567.6
ICFC,4/6/2021,311.0,315.0,307.0,311.0,-0.32,17532.0,715.0,567.6
ICFC,4/7/2021,314.0,314.0,306.0,308.0,-0.96,27311.0,715.0,567.6
ICFC,4/8/2021,308.0,325.0,308.0,323.0,4.87,125239.0,715.0,567.6
ICFC,4/12/2021,323.0,331.0,317.0,323.0,0.0,70016.0,715.0,567.6
ICFC,4/13/2021,323.0,342.0,319.0,336.0,4.02,115136.0,715.0,567.6
ICFC,4/15/2021,336.0,346.0,334.0,340.0,1.19,77489.0,715.0,567.6
ICFC,4/18/2021,323.0,345.0,323.0,330.0,-2.94,58086.0,715.0,567.6
ICFC,4/19/2021,328.0,342.0,323.0,332.0,0.61,83403.0,715.0,567.6
ICFC,4/20/2021,330.0,334.0,326.0,332.0,0.0,25801.0,715.0,567.6
ICFC,4/21/2021,338.0,338.0,320.0,320.0,-3.61,33078.0,715.0,567.6
ICFC,4/22/2021,320.0,326.0,316.0,326.0,1.88,26862.0,715.0,567.6
ICFC,4/25/2021,328.0,328.0,308.0,310.0,-4.91,48514.0,715.0,567.6
ICFC,4/26/2021,307.0,316.0,299.0,304.0,-1.94,47384.0,715.0,567.6
ICFC,4/27/2021,307.0,315.0,304.0,313.0,2.96,26628.0,715.0,567.6
ICFC,4/28/2021,311.0,313.0,305.0,308.0,-1.6,17589.0,715.0,567.6
ICFC,4/29/2021,309.0,312.0,302.0,309.0,0.32,18731.0,715.0,567.6
ICFC,5/2/2021,310.0,319.0,308.0,315.0,1.94,22693.0,715.0,567.6
ICFC,5/3/2021,315.0,318.0,310.0,314.0,-0.32,22075.0,715.0,567.6
ICFC,5/4/2021,314.0,314.0,310.0,311.0,-0.96,13958.0,715.0,567.6
ICFC,5/5/2021,312.0,314.0,310.0,312.0,0.32,14054.0,715.0,567.6
ICFC,5/6/2021,315.0,320.0,312.0,317.0,1.6,48102.0,715.0,567.6
ICFC,5/9/2021,314.0,319.0,314.0,314.0,-0.95,25554.0,715.0,567.6
ICFC,5/10/2021,310.0,319.0,308.0,315.0,0.32,15642.0,715.0,567.6
ICFC,5/11/2021,315.0,317.0,314.0,316.0,0.32,10769.0,715.0,567.6
ICFC,5/12/2021,319.0,320.0,313.0,319.0,0.95,30826.0,715.0,567.6
ICFC,5/13/2021,320.0,337.0,319.0,334.0,4.7,128090.0,715.0,567.6
ICFC,5/16/2021,336.0,352.0,335.0,338.0,1.2,65710.0,715.0,567.6
ICFC,5/17/2021,338.0,339.0,331.0,333.0,-1.48,69589.0,715.0,567.6
ICFC,5/18/2021,332.0,352.0,331.0,350.0,5.11,184621.0,715.0,567.6
ICFC,5/19/2021,367.0,367.0,346.0,349.0,-0.29,145586.0,715.0,567.6
ICFC,5/20/2021,351.0,383.0,348.0,378.0,8.31,227884.0,715.0,567.6
ICFC,5/23/2021,378.0,415.0,358.0,415.0,9.79,398098.0,715.0,567.6
ICFC,5/24/2021,430.0,431.0,395.0,404.0,-2.65,265471.0,715.0,567.6
ICFC,5/25/2021,408.0,413.0,395.0,403.0,-0.25,145937.0,715.0,567.6
ICFC,5/27/2021,400.0,421.0,385.0,417.0,3.47,160856.0,715.0,567.6
ICFC,5/30/2021,419.0,452.0,411.0,439.0,5.28,200853.0,715.0,567.6
ICFC,5/31/2021,447.0,447.0,415.0,415.0,-5.47,141886.0,715.0,567.6
ICFC,6/1/2021,416.0,430.0,407.0,417.0,0.48,125904.0,715.0,567.6
ICFC,6/2/2021,424.0,458.0,417.0,458.0,9.83,319396.0,715.0,567.6
ICFC,6/3/2021,460.0,495.0,453.0,462.0,0.87,340901.0,715.0,567.6
ICFC,6/6/2021,467.0,489.0,445.0,480.0,3.9,187743.0,715.0,567.6
ICFC,6/7/2021,490.0,528.0,480.0,528.0,10.0,444391.0,715.0,567.6
ICFC,6/8/2021,540.0,580.0,540.0,580.0,9.85,121201.0,715.0,567.6
ICFC,6/9/2021,609.0,638.0,550.0,589.0,1.55,404090.0,715.0,567.6
ICFC,6/10/2021,600.0,637.0,574.0,620.0,5.26,285367.0,715.0,567.6
ICFC,6/13/2021,620.0,682.0,620.0,682.0,10.0,405007.0,715.0,567.6
ICFC,6/14/2021,716.0,735.0,670.0,696.0,2.05,272197.0,715.0,567.6
ICFC,6/15/2021,696.0,698.0,649.0,655.0,-5.89,226153.0,715.0,567.6
ICFC,6/16/2021,640.0,676.0,590.0,615.0,-6.11,266706.0,715.0,567.6
ICFC,6/17/2021,620.0,655.0,593.0,632.0,2.76,164615.0,715.0,567.6
ICFC,6/20/2021,640.0,640.0,585.0,605.0,-4.27,141887.0,715.0,567.6
ICFC,6/21/2021,610.0,619.0,562.0,566.0,-6.45,162527.0,715.0,567.6
ICFC,6/22/2021,560.0,610.0,559.0,600.0,6.01,121221.0,715.0,567.6
ICFC,6/23/2021,610.0,622.0,575.0,579.0,-3.5,108889.0,715.0,567.6
ICFC,6/24/2021,607.0,607.0,552.0,567.0,-2.07,78683.0,715.0,567.6
ICFC,6/27/2021,578.0,589.0,550.0,552.0,-2.65,77542.0,715.0,567.6
ICFC,6/28/2021,563.0,563.0,527.0,527.0,-4.53,91899.0,715.0,567.6
ICFC,6/29/2021,537.0,538.0,495.0,501.0,-4.93,139623.0,715.0,567.6
ICFC,6/30/2021,501.0,545.0,488.0,540.0,7.78,127895.0,715.0,567.6
ICFC,7/1/2021,540.0,566.0,540.0,554.0,2.59,117924.0,715.0,567.6
ICFC,7/4/2021,567.0,567.0,540.0,544.0,-1.81,66004.0,715.0,567.6
ICFC,7/5/2021,550.0,550.0,528.0,528.0,-2.94,49812.0,715.0,567.6
ICFC,7/6/2021,530.0,545.0,526.0,530.0,0.38,30397.0,715.0,567.6
ICFC,7/7/2021,530.0,540.0,515.0,515.0,-2.83,33787.0,715.0,567.6
ICFC,7/8/2021,519.0,542.0,519.0,530.0,2.91,54169.0,715.0,567.6
ICFC,7/11/2021,540.0,583.0,540.0,583.0,10.0,163839.0,715.0,567.6
ICFC,7/12/2021,590.0,621.0,556.0,583.0,0.0,272307.0,715.0,567.6
ICFC,7/13/2021,583.0,635.0,576.0,621.0,6.52,141043.0,715.0,567.6
ICFC,7/14/2021,625.0,640.0,615.0,631.0,1.61,96739.0,715.0,567.6
ICFC,7/15/2021,631.0,654.0,620.0,640.0,1.43,141170.0,715.0,567.6
ICFC,7/18/2021,650.0,665.0,628.0,661.0,3.28,140667.0,715.0,567.6
ICFC,7/19/2021,674.0,674.0,640.0,653.0,-1.21,145300.0,715.0,567.6
ICFC,7/20/2021,655.0,655.0,635.0,638.0,-2.3,88460.0,715.0,567.6
ICFC,7/22/2021,640.0,644.0,630.0,631.0,-1.1,82974.0,715.0,567.6
ICFC,7/25/2021,643.0,668.0,638.0,645.0,2.22,95388.0,715.0,567.6
ICFC,7/26/2021,650.0,651.0,633.0,646.5,0.23,74325.0,715.0,567.6
ICFC,7/27/2021,646.0,661.0,629.0,660.0,2.09,134627.0,715.0,567.6
ICFC,7/28/2021,673.2,709.9,673.0,690.0,4.55,220981.0,715.0,567.6
ICFC,7/29/2021,703.0,703.0,676.0,677.1,-1.87,89709.0,715.0,567.6
ICFC,8/1/2021,680.0,702.0,675.0,682.0,0.72,156622.0,715.0,567.6
ICFC,8/2/2021,682.0,689.0,670.0,672.0,-1.47,54046.0,715.0,567.6
ICFC,8/3/2021,684.0,684.0,661.1,662.0,-1.49,61945.0,715.0,567.6
ICFC,8/4/2021,672.0,695.0,656.0,688.1,3.94,177892.0,715.0,567.6
ICFC,8/5/2021,695.0,700.0,676.0,677.9,-1.48,118141.0,715.0,567.6
ICFC,8/8/2021,682.0,689.0,672.0,672.0,-0.87,88128.0,715.0,567.6
ICFC,8/9/2021,680.0,739.2,668.0,739.2,10.0,452942.0,715.0,567.6
ICFC,8/10/2021,753.9,813.1,753.9,813.1,10.0,158696.0,715.0,567.6
ICFC,8/11/2021,829.3,894.4,826.4,894.4,10.0,603261.0,715.0,567.6
ICFC,8/12/2021,894.4,969.0,859.0,931.0,4.09,292458.0,715.0,567.6
ICFC,8/15/2021,913.0,1020.0,850.0,1020.0,9.56,590872.0,715.0,567.6
ICFC,8/16/2021,999.7,1019.6,951.0,956.0,-6.27,383799.0,715.0,567.6
ICFC,8/17/2021,956.0,1038.3,956.0,1038.0,8.58,314116.0,715.0,567.6
ICFC,8/18/2021,1017.3,1109.7,980.0,1109.7,6.91,363865.0,715.0,567.6
ICFC,8/19/2021,1100.0,1100.0,1030.0,1030.0,-7.18,236692.0,715.0,567.6
ICFC,8/24/2021,1020.0,1076.1,980.0,1069.9,3.87,380797.0,715.0,567.6
ICFC,8/25/2021,1069.9,1176.8,1003.0,1176.8,9.99,329750.0,715.0,567.6
ICFC,8/26/2021,1153.3,1161.0,1078.1,1159.0,-1.51,253146.0,715.0,567.6
ICFC,8/29/2021,1135.9,1135.9,1065.0,1112.0,-4.06,349098.0,715.0,567.6
ICFC,8/31/2021,1089.8,1089.8,1035.0,1068.9,-3.88,218108.0,715.0,567.6
ICFC,9/1/2021,1050.0,1058.0,1007.5,1012.5,-5.28,124605.0,715.0,567.6
ICFC,9/2/2021,992.3,1020.0,961.0,961.0,-5.09,140822.0,715.0,567.6
ICFC,9/5/2021,941.8,951.0,864.9,864.9,-10.0,163404.0,715.0,567.6
ICFC,9/6/2021,847.7,951.3,830.8,951.3,9.99,219074.0,715.0,567.6
ICFC,9/7/2021,970.3,987.8,918.0,960.0,0.91,102309.0,715.0,567.6
ICFC,9/8/2021,940.8,969.0,908.1,969.0,0.94,94776.0,715.0,567.6
ICFC,9/9/2021,988.0,988.0,912.4,930.0,-4.02,171168.0,715.0,567.6
ICFC,9/12/2021,930.0,955.0,912.0,954.7,2.66,154148.0,715.0,567.6
ICFC,9/13/2021,960.0,975.0,940.8,944.0,-1.12,165794.0,715.0,567.6
ICFC,9/14/2021,944.0,950.0,888.4,948.0,0.42,113984.0,715.0,567.6
ICFC,9/15/2021,953.0,953.0,885.0,908.9,-4.12,169198.0,715.0,567.6
ICFC,9/16/2021,891.0,892.5,845.0,845.0,-7.03,213300.0,715.0,567.6
ICFC,9/20/2021,861.9,861.9,760.5,760.5,-10.0,163142.0,715.0,567.6
ICFC,9/21/2021,760.0,816.0,707.6,746.0,-1.91,144352.0,715.0,567.6
ICFC,9/22/2021,760.9,820.6,760.9,820.6,10.0,124334.0,715.0,567.6
ICFC,9/23/2021,837.0,870.0,818.0,835.0,1.75,116860.0,715.0,567.6
ICFC,9/26/2021,838.0,851.7,755.6,760.0,-8.98,156489.0,715.0,567.6
ICFC,9/27/2021,761.0,768.0,713.0,725.0,-4.61,103599.0,715.0,567.6
ICFC,9/28/2021,712.0,734.0,652.5,666.0,-8.14,229815.0,715.0,567.6
ICFC,9/29/2021,665.0,726.9,620.0,691.0,3.75,227194.0,715.0,567.6
ICFC,9/30/2021,704.0,717.0,658.0,667.0,-3.47,84942.0,715.0,567.6
ICFC,10/3/2021,667.0,679.0,635.0,640.0,-4.05,83726.0,715.0,567.6
ICFC,10/4/2021,652.0,652.0,607.6,617.5,-3.52,61328.0,715.0,567.6
ICFC,10/5/2021,620.0,655.0,620.0,651.0,5.43,45172.0,715.0,567.6
ICFC,10/6/2021,664.0,704.8,650.8,700.0,7.53,95946.0,715.0,567.6
ICFC,10/10/2021,714.0,731.0,681.9,698.0,-0.29,97911.0,715.0,567.6
ICFC,10/11/2021,686.0,694.0,660.0,688.0,-1.43,67716.0,715.0,567.6
ICFC,10/17/2021,679.0,715.0,647.0,670.2,-2.59,96066.0,715.0,567.6
ICFC,10/18/2021,670.0,670.0,643.0,645.0,-3.76,44108.0,715.0,567.6
ICFC,10/19/2021,633.0,633.0,588.0,600.0,-6.98,73116.0,715.0,567.6
ICFC,10/20/2021,612.0,652.0,612.0,648.0,8.0,85525.0,715.0,567.6
ICFC,10/21/2021,660.9,675.3,621.0,675.3,4.21,69157.0,715.0,567.6
ICFC,10/24/2021,676.0,709.0,645.0,709.0,4.99,238437.0,715.0,567.6
ICFC,10/25/2021,723.0,763.0,700.0,763.0,7.62,124624.0,715.0,567.6
ICFC,10/26/2021,775.0,814.0,764.0,814.0,6.68,121795.0,715.0,567.6
ICFC,10/27/2021,815.0,823.2,771.0,800.0,-1.72,261755.0,715.0,567.6
ICFC,10/28/2021,784.0,805.0,765.0,790.0,-1.25,61163.0,715.0,567.6
ICFC,10/31/2021,798.0,850.0,775.0,844.0,6.84,159987.0,715.0,567.6
ICFC,11/1/2021,859.0,911.4,824.0,872.1,3.33,197651.0,715.0,567.6
ICFC,11/2/2021,854.7,953.7,838.0,878.6,0.75,170399.0,715.0,567.6
ICFC,11/3/2021,872.0,966.4,865.1,966.4,9.99,141668.0,715.0,567.6
ICFC,11/8/2021,947.1,1063.0,890.0,1063.0,10.0,241944.0,715.0,567.6
ICFC,11/9/2021,1041.8,1041.8,956.7,956.7,-10.0,134685.0,715.0,567.6
ICFC,11/11/2021,937.6,937.6,861.1,861.1,-9.99,335961.0,715.0,567.6
ICFC,11/14/2021,861.1,947.2,812.1,862.0,0.1,282027.0,715.0,567.6
ICFC,11/15/2021,879.0,897.0,862.0,881.0,2.2,146918.0,715.0,567.6
ICFC,11/16/2021,870.0,922.7,870.0,893.0,1.36,127434.0,715.0,567.6
ICFC,11/17/2021,910.8,910.8,875.0,899.9,0.77,203706.0,715.0,567.6
ICFC,11/18/2021,899.9,973.3,864.4,900.0,0.01,152420.0,715.0,567.6
ICFC,11/21/2021,891.0,891.0,865.0,865.0,-3.89,71030.0,715.0,567.6
ICFC,11/22/2021,882.0,936.1,853.0,870.0,0.58,40091.0,715.0,567.6
ICFC,11/23/2021,853.0,870.0,815.0,819.2,-5.84,105823.0,715.0,567.6
ICFC,11/24/2021,819.3,864.9,794.0,849.0,3.64,224881.0,715.0,567.6
ICFC,11/25/2021,845.0,865.0,820.0,849.0,0.0,48998.0,715.0,567.6
ICFC,11/28/2021,833.0,933.9,800.7,932.0,9.78,119938.0,715.0,567.6
ICFC,11/29/2021,913.4,913.4,838.8,838.8,-10.0,148044.0,715.0,567.6
ICFC,11/30/2021,828.9,922.6,809.0,890.0,6.1,194972.0,715.0,567.6
ICFC,12/1/2021,872.2,872.2,825.0,840.0,-5.62,61193.0,715.0,567.6
ICFC,12/2/2021,840.0,843.0,800.0,816.0,-2.86,69193.0,715.0,567.6
ICFC,12/5/2021,799.7,814.0,745.0,748.1,-8.32,120943.0,715.0,567.6
ICFC,12/6/2021,735.0,780.0,686.0,771.0,3.06,110785.0,715.0,567.6
ICFC,12/7/2021,785.0,800.0,700.0,712.0,-7.65,151495.0,715.0,567.6
ICFC,12/8/2021,712.0,716.0,680.0,703.8,-1.15,84765.0,715.0,567.6
ICFC,12/9/2021,628.0,652.0,610.0,627.0,-10.91,64734.0,715.0,567.6
ICFC,12/12/2021,622.0,622.0,579.0,580.0,-7.5,71638.0,715.0,567.6
ICFC,12/13/2021,568.4,576.3,525.5,527.0,-9.14,102587.0,715.0,567.6
ICFC,12/14/2021,537.5,579.7,537.5,579.7,10.0,89460.0,715.0,567.6
ICFC,12/15/2021,591.2,637.0,588.0,618.0,6.61,165033.0,715.0,567.6
ICFC,12/16/2021,620.0,620.0,588.0,588.0,-4.85,80572.0,715.0,567.6
ICFC,12/20/2021,598.0,599.0,566.0,572.0,-2.72,33434.0,715.0,567.6
ICFC,12/21/2021,583.0,599.0,560.6,590.0,3.15,89390.0,715.0,567.6
ICFC,12/22/2021,600.0,620.0,590.0,612.0,3.73,107062.0,715.0,567.6
ICFC,12/23/2021,624.2,624.2,589.0,599.8,-1.99,62716.0,715.0,567.6
ICFC,12/26/2021,610.0,610.0,589.0,590.0,-1.63,67201.0,715.0,567.6
ICFC,12/27/2021,601.0,608.0,569.0,570.0,-3.39,75043.0,715.0,567.6
ICFC,12/28/2021,567.0,595.0,560.0,585.0,2.63,60864.0,715.0,567.6
ICFC,12/29/2021,587.0,594.0,576.1,585.3,0.05,26209.0,715.0,567.6
ICFC,1/2/2022,585.0,593.0,580.0,589.0,0.63,35465.0,715.0,567.6
ICFC,1/3/2022,599.0,607.9,587.1,595.0,1.02,65710.0,715.0,567.6
ICFC,1/4/2022,595.1,609.0,585.0,607.0,2.02,61815.0,715.0,567.6
ICFC,1/5/2022,619.0,629.0,601.0,605.2,-0.3,86845.0,715.0,567.6
ICFC,1/6/2022,597.1,617.0,595.0,614.0,1.45,45566.0,715.0,567.6
ICFC,1/9/2022,623.0,674.0,620.0,671.0,9.28,138748.0,715.0,567.6
ICFC,1/10/2022,684.4,700.0,670.0,690.0,2.83,105159.0,715.0,567.6
ICFC,1/11/2022,690.0,745.0,676.2,723.0,4.78,94467.0,715.0,567.6
ICFC,1/12/2022,725.0,759.9,711.0,714.0,-1.24,157172.0,715.0,567.6
ICFC,1/13/2022,700.1,775.0,700.1,775.0,8.54,123926.0,715.0,567.6
ICFC,1/16/2022,780.0,800.0,777.0,794.0,2.45,131599.0,715.0,567.6
ICFC,1/17/2022,794.0,798.0,775.0,781.0,-1.64,72049.0,715.0,567.6
ICFC,1/18/2022,769.0,785.0,740.0,754.0,-3.46,117714.0,715.0,567.6
ICFC,1/19/2022,754.0,767.8,732.1,737.0,-2.25,85558.0,715.0,567.6
ICFC,1/20/2022,740.0,774.0,723.0,773.0,4.88,80682.0,715.0,567.6
ICFC,1/23/2022,773.0,785.0,744.0,745.1,-3.61,61634.0,715.0,567.6
ICFC,1/24/2022,730.2,742.0,697.0,705.0,-5.38,157192.0,715.0,567.6
ICFC,1/25/2022,705.0,736.0,678.0,705.0,0.0,82597.0,715.0,567.6
ICFC,1/26/2022,705.0,719.0,681.1,693.0,-1.7,56224.0,715.0,567.6
ICFC,1/27/2022,704.0,715.0,690.0,690.0,-0.43,43322.0,715.0,567.6
ICFC,1/30/2022,703.8,734.0,703.8,732.0,6.09,118879.0,715.0,567.6
ICFC,1/31/2022,740.0,744.9,716.0,718.0,-1.91,45853.0,715.0,567.6
ICFC,2/1/2022,717.5,740.0,705.0,734.9,2.35,78230.0,715.0,567.6
ICFC,2/3/2022,743.0,760.0,730.0,732.0,-0.39,135297.0,715.0,567.6
ICFC,2/6/2022,725.0,732.0,712.0,713.0,-2.6,63071.0,715.0,567.6
ICFC,2/7/2022,705.0,721.0,705.0,712.0,-0.14,41628.0,715.0,567.6
ICFC,2/8/2022,726.2,754.8,705.0,710.0,-0.28,113731.0,715.0,567.6
ICFC,2/9/2022,710.0,714.0,695.8,698.0,-1.69,28915.0,715.0,567.6
ICFC,2/10/2022,705.0,720.0,690.0,712.0,2.01,78979.0,715.0,567.6
ICFC,2/13/2022,698.0,698.0,665.0,672.0,-5.62,108062.0,715.0,567.6
ICFC,2/14/2022,672.0,697.0,666.5,679.0,1.04,43805.0,715.0,567.6
ICFC,2/15/2022,690.0,703.0,675.2,703.0,3.53,29067.0,715.0,567.6
ICFC,2/16/2022,700.0,705.0,677.0,688.0,-2.13,73217.0,715.0,567.6
ICFC,2/17/2022,688.0,698.0,676.0,681.0,-1.02,43478.0,715.0,567.6
ICFC,2/20/2022,667.4,680.0,651.0,670.0,-1.62,65281.0,715.0,567.6
ICFC,2/21/2022,670.0,685.0,660.0,682.0,1.79,73053.0,715.0,567.6
ICFC,2/22/2022,695.0,719.0,680.0,715.0,4.84,146213.0,715.0,567.6
ICFC,2/23/2022,729.0,730.0,706.0,720.0,0.7,82445.0,715.0,567.6
ICFC,2/24/2022,706.0,706.0,681.1,685.0,-4.86,147526.0,715.0,567.6
ICFC,2/27/2022,684.0,699.0,675.0,689.9,0.72,119050.0,715.0,567.6
ICFC,2/28/2022,699.9,699.9,670.0,678.0,-1.72,71566.0,715.0,567.6
ICFC,3/2/2022,667.0,679.0,652.7,656.0,-3.24,54412.0,715.0,567.6
ICFC,3/6/2022,658.0,668.0,638.0,642.0,-2.13,38426.0,715.0,567.6
ICFC,3/7/2022,652.0,652.0,625.0,625.0,-2.65,32589.0,715.0,567.6
ICFC,3/9/2022,630.0,649.7,590.1,649.7,3.95,98397.0,715.0,567.6
ICFC,3/10/2022,636.8,669.9,614.7,669.9,3.11,62388.0,715.0,567.6
ICFC,3/13/2022,680.0,680.0,669.0,669.5,-0.06,317775.0,715.0,567.6
ICFC,3/14/2022,669.5,678.0,657.0,666.2,-0.49,27410.0,715.0,567.6
ICFC,3/15/2022,667.0,673.0,649.8,656.0,-1.53,45407.0,715.0,567.6
ICFC,3/16/2022,656.0,663.0,640.0,650.0,-0.91,43842.0,715.0,567.6
ICFC,3/20/2022,637.0,660.0,637.0,641.0,-1.38,25751.0,715.0,567.6
ICFC,3/21/2022,653.0,660.0,640.0,652.0,1.72,41920.0,715.0,567.6
ICFC,3/22/2022,665.0,665.0,654.0,659.8,1.2,23761.0,715.0,567.6
ICFC,3/23/2022,650.1,657.5,640.0,647.0,-1.94,46402.0,715.0,567.6
ICFC,3/24/2022,655.0,657.0,636.0,644.9,-0.32,34926.0,715.0,567.6
ICFC,3/27/2022,640.0,657.7,613.7,657.7,1.98,82467.0,715.0,567.6
ICFC,3/28/2022,644.6,644.6,625.1,626.0,-4.82,24984.0,715.0,567.6
ICFC,3/29/2022,638.0,638.0,608.0,613.9,-1.93,30334.0,715.0,567.6
ICFC,3/30/2022,624.9,630.0,607.0,628.0,2.3,31471.0,715.0,567.6
ICFC,3/31/2022,630.0,636.1,607.0,609.0,-3.03,26266.0,715.0,567.6
ICFC,4/3/2022,609.0,612.2,595.0,596.0,-2.13,32003.0,715.0,567.6
ICFC,4/4/2022,604.0,605.0,583.0,583.0,-2.18,22189.0,715.0,567.6
ICFC,4/5/2022,583.0,585.0,553.0,558.0,-4.29,49757.0,715.0,567.6
ICFC,4/6/2022,556.0,569.0,540.0,541.0,-3.05,41182.0,715.0,567.6
ICFC,4/7/2022,541.0,560.0,540.0,546.9,1.09,39687.0,715.0,567.6
ICFC,4/11/2022,557.0,568.0,530.4,532.0,-2.72,33717.0,715.0,567.6
ICFC,4/12/2022,540.0,540.0,515.0,518.0,-2.63,25020.0,715.0,567.6
ICFC,4/13/2022,512.0,532.0,512.0,527.0,1.74,33626.0,715.0,567.6
ICFC,4/17/2022,536.0,536.0,510.0,510.0,-3.23,19821.0,715.0,567.6
ICFC,4/18/2022,505.0,508.9,495.0,495.0,-2.94,32287.0,715.0,567.6
ICFC,4/19/2022,490.0,512.0,485.0,505.0,2.02,23470.0,715.0,567.6
ICFC,4/20/2022,495.2,515.0,486.0,488.0,-3.37,20079.0,715.0,567.6
ICFC,4/21/2022,488.0,495.0,462.2,487.0,-0.2,34570.0,715.0,567.6
ICFC,4/24/2022,495.0,535.4,488.0,525.0,7.8,26004.0,715.0,567.6
ICFC,4/25/2022,535.5,540.0,507.0,509.0,-3.05,32653.0,715.0,567.6
ICFC,4/26/2022,509.0,520.0,498.0,506.1,-0.57,21224.0,715.0,567.6
ICFC,4/27/2022,500.0,513.0,496.0,506.0,-0.02,16370.0,715.0,567.6
ICFC,4/28/2022,507.0,510.1,493.0,498.0,-1.58,19205.0,715.0,567.6
ICFC,5/2/2022,500.0,507.9,472.0,476.0,-4.42,19741.0,715.0,567.6
ICFC,5/4/2022,476.0,485.0,465.0,466.0,-2.1,19723.0,715.0,567.6
ICFC,5/5/2022,460.0,475.0,446.0,452.0,-3.0,29662.0,715.0,567.6
ICFC,5/8/2022,452.0,466.0,440.0,464.0,2.65,21920.0,715.0,567.6
ICFC,5/9/2022,471.9,477.0,456.0,459.9,-0.88,22227.0,715.0,567.6
ICFC,5/10/2022,462.0,474.3,458.2,465.0,1.11,20556.0,715.0,567.6
ICFC,5/11/2022,472.5,490.0,468.0,489.0,5.16,32120.0,715.0,567.6
ICFC,5/12/2022,498.7,513.0,490.0,495.0,1.23,56544.0,715.0,567.6
ICFC,5/17/2022,495.0,495.0,470.0,470.0,-5.05,22162.0,715.0,567.6
ICFC,5/18/2022,466.0,484.5,452.0,475.1,1.09,19205.0,715.0,567.6
ICFC,5/19/2022,475.0,484.5,455.0,462.0,-2.76,24485.0,715.0,567.6
ICFC,5/20/2022,471.0,471.1,452.0,453.0,-1.95,13521.0,715.0,567.6
ICFC,5/23/2022,450.0,455.0,445.0,445.0,-1.77,19117.0,715.0,567.6
ICFC,5/24/2022,445.0,462.9,440.0,453.0,1.8,19905.0,715.0,567.6
ICFC,5/25/2022,462.0,471.2,454.0,460.0,1.55,16820.0,715.0,567.6
ICFC,5/26/2022,465.0,471.0,452.0,459.9,-0.02,11228.0,715.0,567.6
ICFC,5/27/2022,450.8,465.9,445.1,449.0,-2.37,42163.0,715.0,567.6
ICFC,5/30/2022,450.0,451.0,427.8,433.0,-3.56,32735.0,715.0,567.6
ICFC,5/31/2022,430.0,443.3,426.0,428.0,-1.15,15815.0,715.0,567.6
ICFC,6/1/2022,433.0,437.0,424.0,429.0,0.23,15306.0,715.0,567.6
ICFC,6/2/2022,434.5,437.5,423.0,425.0,-0.93,16837.0,715.0,567.6
ICFC,6/3/2022,425.0,429.0,416.7,423.9,-0.26,15728.0,715.0,567.6
ICFC,6/6/2022,432.0,440.0,424.1,427.0,0.73,16114.0,715.0,567.6
ICFC,6/7/2022,433.0,433.0,420.0,424.7,-0.54,20577.0,715.0,567.6
ICFC,6/8/2022,428.0,467.0,423.0,453.0,6.66,36952.0,715.0,567.6
ICFC,6/9/2022,462.0,464.0,437.1,439.0,-3.09,50223.0,715.0,567.6
ICFC,6/10/2022,432.0,445.0,428.0,432.0,-1.59,35202.0,715.0,567.6
ICFC,6/13/2022,439.0,439.0,422.0,425.0,-1.62,14617.0,715.0,567.6
ICFC,6/14/2022,430.0,430.0,416.6,419.0,-1.41,17836.0,715.0,567.6
ICFC,6/15/2022,419.0,423.0,408.2,415.0,-0.95,16567.0,715.0,567.6
ICFC,6/16/2022,408.0,430.0,408.0,418.0,0.72,10899.0,715.0,567.6
ICFC,6/17/2022,411.1,426.0,411.1,415.0,-0.72,3958.0,715.0,567.6
ICFC,6/19/2022,415.0,415.0,398.6,399.0,-3.86,18942.0,715.0,567.6
ICFC,6/20/2022,396.0,398.1,379.0,381.0,-4.51,29430.0,715.0,567.6
ICFC,6/21/2022,381.0,402.0,381.0,396.5,4.07,22589.0,715.0,567.6
ICFC,6/22/2022,400.0,402.0,386.0,390.0,-1.64,19387.0,715.0,567.6
ICFC,6/23/2022,383.0,389.0,373.0,378.0,-3.08,19923.0,715.0,567.6
ICFC,6/24/2022,378.0,399.8,363.0,388.0,2.65,16526.0,715.0,567.6
ICFC,6/26/2022,395.0,415.1,391.0,413.0,6.44,36003.0,715.0,567.6
ICFC,6/27/2022,415.0,433.5,401.8,406.8,-1.5,39906.0,715.0,567.6
ICFC,6/28/2022,400.0,412.3,394.0,400.0,-1.67,11954.0,715.0,567.6
ICFC,6/29/2022,404.0,419.9,400.0,414.0,3.5,20811.0,715.0,567.6
ICFC,6/30/2022,422.2,447.9,415.0,441.0,6.52,49017.0,715.0,567.6
ICFC,7/1/2022,449.0,455.0,430.0,443.5,0.57,32829.0,715.0,567.6
ICFC,7/3/2022,436.0,471.0,435.0,468.1,5.55,43667.0,715.0,567.6
ICFC,7/4/2022,476.0,500.0,448.0,455.0,-2.8,71351.0,715.0,567.6
ICFC,7/5/2022,456.1,472.0,429.0,437.2,-3.91,66947.0,715.0,567.6
ICFC,7/6/2022,444.0,457.9,422.2,453.0,3.61,56934.0,715.0,567.6
ICFC,7/7/2022,462.0,471.0,445.0,451.0,-0.44,42385.0,715.0,567.6
ICFC,7/8/2022,443.0,450.8,435.0,435.4,-3.46,12793.0,715.0,567.6
ICFC,7/11/2022,426.7,433.5,410.0,413.0,-5.14,36587.0,715.0,567.6
ICFC,7/12/2022,419.9,423.6,404.9,416.0,0.73,26276.0,715.0,567.6
ICFC,7/13/2022,423.9,447.0,417.0,440.0,5.77,32802.0,715.0,567.6
ICFC,7/14/2022,448.8,459.0,439.0,450.0,2.27,39116.0,715.0,567.6
ICFC,7/15/2022,450.0,455.0,444.0,450.0,0.0,21585.0,715.0,567.6
ICFC,7/17/2022,447.0,459.0,446.0,448.0,-0.44,15822.0,715.0,567.6
ICFC,7/18/2022,449.0,457.0,440.3,455.0,1.56,17294.0,715.0,567.6
ICFC,7/19/2022,461.0,487.5,456.0,479.0,5.27,109006.0,715.0,567.6
ICFC,7/20/2022,486.0,505.0,476.1,494.0,3.13,107059.0,715.0,567.6
ICFC,7/21/2022,503.0,504.0,488.0,490.0,-0.81,36217.0,715.0,567.6
ICFC,7/22/2022,494.0,494.0,475.0,483.0,-1.43,52426.0,715.0,567.6
ICFC,7/24/2022,492.0,514.0,484.0,514.0,6.42,88375.0,715.0,567.6
ICFC,7/25/2022,521.0,559.0,512.0,558.9,8.74,131024.0,715.0,567.6
ICFC,7/26/2022,560.0,565.0,534.0,535.0,-4.28,117732.0,715.0,567.6
ICFC,7/27/2022,533.0,558.0,519.0,552.0,3.18,104565.0,715.0,567.6
ICFC,7/28/2022,559.0,585.0,550.0,566.0,2.54,142113.0,715.0,567.6
ICFC,7/29/2022,574.1,576.0,561.0,566.1,0.02,59558.0,715.0,567.6
ICFC,7/31/2022,576.0,576.0,551.0,553.0,-2.31,90251.0,715.0,567.6
ICFC,8/1/2022,553.0,577.0,546.0,558.0,0.9,88757.0,715.0,567.6
ICFC,8/2/2022,567.0,575.0,553.1,562.0,0.72,37437.0,715.0,567.6
ICFC,8/3/2022,570.0,573.0,555.1,558.0,-0.71,93323.0,715.0,567.6
ICFC,8/4/2022,550.1,569.0,540.0,541.0,-3.05,87770.0,715.0,567.6
ICFC,8/5/2022,530.2,550.0,519.0,520.0,-3.88,77183.0,715.0,567.6
ICFC,8/7/2022,514.1,535.0,514.1,528.0,1.54,50518.0,715.0,567.6
ICFC,8/8/2022,528.0,549.0,524.0,539.0,2.08,61805.0,715.0,567.6
ICFC,8/9/2022,548.0,548.0,521.0,526.0,-2.41,78651.0,715.0,567.6
ICFC,8/10/2022,526.0,530.0,516.0,520.0,-1.14,47222.0,715.0,567.6
ICFC,8/11/2022,520.0,527.0,511.2,511.2,-1.69,19140.0,715.0,567.6
ICFC,8/14/2022,504.0,520.0,492.0,495.0,-3.17,38493.0,715.0,567.6
ICFC,8/15/2022,486.0,544.0,486.0,540.0,9.09,69564.0,715.0,567.6
ICFC,8/16/2022,549.0,555.0,520.0,530.0,-1.85,75238.0,715.0,567.6
ICFC,8/17/2022,520.1,540.0,519.6,528.0,-0.38,68943.0,715.0,567.6
ICFC,8/18/2022,521.1,547.5,521.1,541.0,2.46,98719.0,715.0,567.6
ICFC,8/21/2022,541.0,552.0,531.0,534.0,-1.29,30901.0,715.0,567.6
ICFC,8/22/2022,524.0,539.0,520.1,533.0,-0.19,50668.0,715.0,567.6
ICFC,8/23/2022,540.0,540.0,525.1,527.5,-1.03,30388.0,715.0,567.6
ICFC,8/24/2022,538.0,538.0,523.2,525.0,-0.47,26077.0,715.0,567.6
ICFC,8/25/2022,525.0,535.0,515.0,517.9,-1.35,35246.0,715.0,567.6
ICFC,8/26/2022,516.6,526.0,501.0,503.0,-2.88,50004.0,715.0,567.6
ICFC,8/28/2022,493.0,513.0,483.0,483.0,-3.98,78933.0,715.0,567.6
ICFC,8/29/2022,481.0,498.0,476.0,491.0,1.66,31086.0,715.0,567.6
ICFC,8/30/2022,490.0,502.5,485.0,485.0,-1.22,25777.0,715.0,567.6
ICFC,8/31/2022,484.0,495.0,475.5,476.2,-1.81,19092.0,715.0,567.6
ICFC,9/1/2022,471.0,485.0,462.0,484.0,1.64,37702.0,715.0,567.6
ICFC,9/2/2022,476.0,494.0,476.0,486.9,0.6,14505.0,715.0,567.6
ICFC,9/4/2022,478.0,496.0,478.0,487.0,0.02,16325.0,715.0,567.6
ICFC,9/5/2022,478.1,495.0,478.1,479.3,-1.58,21062.0,715.0,567.6
ICFC,9/6/2022,478.0,480.0,467.0,467.0,-2.57,17789.0,715.0,567.6
ICFC,9/7/2022,474.0,474.0,455.0,463.0,-0.86,21004.0,715.0,567.6
ICFC,9/8/2022,465.0,476.3,454.0,465.0,0.43,35136.0,715.0,567.6
ICFC,9/11/2022,460.1,472.0,456.1,457.1,-1.7,16367.0,715.0,567.6
ICFC,9/12/2022,451.1,460.0,451.1,454.0,-0.68,13702.0,715.0,567.6
ICFC,9/13/2022,462.0,469.0,460.0,465.0,2.42,14319.0,715.0,567.6
ICFC,9/14/2022,470.0,497.0,470.0,496.0,6.67,48244.0,715.0,567.6
ICFC,9/15/2022,495.0,499.9,465.7,470.0,-5.24,51061.0,715.0,567.6
ICFC,9/16/2022,461.0,466.0,442.0,462.0,-1.7,27045.0,715.0,567.6
ICFC,9/18/2022,460.0,463.0,445.0,450.0,-2.6,34200.0,715.0,567.6
ICFC,9/20/2022,441.0,446.0,430.4,430.4,-4.36,22812.0,715.0,567.6
ICFC,9/21/2022,439.0,446.0,431.0,435.0,1.07,16011.0,715.0,567.6
ICFC,9/22/2022,434.0,438.6,427.0,428.0,-1.61,12274.0,715.0,567.6
ICFC,9/25/2022,420.0,428.0,411.6,412.0,-3.74,16625.0,715.0,567.6
ICFC,9/27/2022,412.0,428.0,406.0,423.0,2.67,14423.0,715.0,567.6
ICFC,9/28/2022,429.0,430.0,415.0,421.0,-0.47,9494.0,715.0,567.6
ICFC,9/29/2022,428.0,428.7,417.0,420.0,-0.24,9689.0,715.0,567.6
ICFC,10/9/2022,428.0,449.5,422.0,447.0,6.43,19165.0,715.0,567.6
ICFC,10/10/2022,450.1,450.1,431.3,439.0,-1.79,17693.0,715.0,567.6
ICFC,10/11/2022,431.0,441.0,428.0,440.0,0.23,11099.0,715.0,567.6
ICFC,10/12/2022,440.0,459.0,432.0,455.0,3.41,18015.0,715.0,567.6
ICFC,10/13/2022,458.0,462.0,447.1,455.9,0.2,15678.0,715.0,567.6
ICFC,10/16/2022,463.0,463.0,439.0,442.0,-3.05,17613.0,715.0,567.6
ICFC,10/17/2022,450.8,450.8,431.4,438.0,-0.9,12598.0,715.0,567.6
ICFC,10/19/2022,437.0,437.9,422.4,424.2,-3.15,14833.0,715.0,567.6
ICFC,10/20/2022,417.0,428.4,417.0,426.0,0.42,13490.0,715.0,567.6
ICFC,10/23/2022,421.0,433.0,421.0,430.0,0.94,4454.0,715.0,567.6
ICFC,10/31/2022,434.0,434.0,426.2,430.0,0.0,7025.0,715.0,567.6
ICFC,11/1/2022,430.0,450.0,422.1,444.0,3.26,25004.0,715.0,567.6
ICFC,11/2/2022,452.5,457.0,440.2,449.0,1.13,27136.0,715.0,567.6
ICFC,11/3/2022,449.0,455.9,440.0,441.2,-1.74,6646.0,715.0,567.6
ICFC,11/6/2022,442.0,461.0,441.5,461.0,4.49,25998.0,715.0,567.6
ICFC,11/7/2022,465.0,479.4,454.0,458.0,-0.65,30745.0,715.0,567.6
ICFC,11/8/2022,465.0,467.0,451.0,457.0,-0.22,14813.0,715.0,567.6
ICFC,11/9/2022,450.0,464.0,440.0,440.1,-3.7,29072.0,715.0,567.6
ICFC,11/10/2022,448.0,448.0,425.0,426.0,-3.2,25253.0,715.0,567.6
ICFC,11/13/2022,422.0,442.0,421.0,427.0,0.23,13459.0,715.0,567.6
ICFC,11/14/2022,421.0,441.0,421.0,435.0,1.87,11671.0,715.0,567.6
ICFC,11/15/2022,432.0,445.0,431.0,431.0,-0.92,12936.0,715.0,567.6
ICFC,11/16/2022,432.0,442.9,429.0,439.0,1.86,25079.0,715.0,567.6
ICFC,11/17/2022,432.0,455.0,432.0,451.0,2.73,20852.0,715.0,567.6
ICFC,11/22/2022,460.0,468.0,441.0,447.9,-0.69,17662.0,715.0,567.6
ICFC,11/23/2022,440.0,448.9,440.0,448.0,0.02,7852.0,715.0,567.6
ICFC,11/24/2022,446.8,452.5,441.1,448.0,0.0,12437.0,715.0,567.6
ICFC,11/27/2022,442.1,459.0,442.1,457.0,2.01,39588.0,715.0,567.6
ICFC,11/28/2022,460.0,466.1,452.1,452.1,-1.07,21445.0,715.0,567.6
ICFC,11/29/2022,446.8,458.9,446.8,455.0,0.64,8137.0,715.0,567.6
ICFC,11/30/2022,445.9,463.0,445.9,448.1,-1.52,11202.0,715.0,567.6
ICFC,12/1/2022,457.0,457.0,437.0,445.0,-0.69,19860.0,715.0,567.6
ICFC,12/4/2022,442.0,452.0,442.0,443.9,-0.25,10202.0,715.0,567.6
ICFC,12/5/2022,436.8,450.8,431.0,435.0,-2.0,12742.0,715.0,567.6
ICFC,12/6/2022,440.0,440.0,426.3,430.0,-1.15,10511.0,715.0,567.6
ICFC,12/7/2022,435.0,435.0,424.0,424.0,-1.4,8130.0,715.0,567.6
ICFC,12/11/2022,420.1,425.0,415.0,416.1,-1.86,14028.0,715.0,567.6
ICFC,12/12/2022,421.0,426.0,416.1,426.0,2.38,12536.0,715.0,567.6
ICFC,12/13/2022,434.5,434.5,423.0,425.0,-0.23,7919.0,715.0,567.6
ICFC,12/14/2022,417.5,433.5,417.5,426.6,0.38,3671.0,715.0,567.6
ICFC,12/15/2022,419.1,427.6,419.1,419.5,-1.66,8212.0,715.0,567.6
ICFC,12/18/2022,419.0,419.0,412.0,416.0,-0.83,11073.0,715.0,567.6
ICFC,12/19/2022,413.5,423.0,413.5,416.8,0.19,7082.0,715.0,567.6
ICFC,12/20/2022,418.3,424.8,418.3,420.1,0.79,4461.0,715.0,567.6
ICFC,12/21/2022,420.0,420.0,411.0,411.0,-2.17,4914.0,715.0,567.6
ICFC,12/22/2022,410.0,416.9,400.7,402.0,-2.19,9969.0,715.0,567.6
ICFC,12/26/2022,410.0,435.0,410.0,433.0,7.71,28760.0,715.0,567.6
ICFC,12/27/2022,441.5,464.0,440.0,450.0,3.93,45874.0,715.0,567.6
ICFC,12/28/2022,450.0,460.0,438.9,439.0,-2.44,35738.0,715.0,567.6
ICFC,12/29/2022,440.0,467.0,436.1,465.8,6.1,33641.0,715.0,567.6
ICFC,1/1/2023,474.4,480.0,450.0,450.0,-3.39,51278.0,715.0,567.6
ICFC,1/2/2023,458.8,468.0,451.2,468.0,4.0,74758.0,715.0,567.6
ICFC,1/3/2023,446.0,462.5,445.0,451.0,-3.63,35976.0,715.0,567.6
ICFC,1/4/2023,443.8,470.0,443.8,466.0,3.33,37773.0,715.0,567.6
ICFC,1/5/2023,475.3,486.0,464.0,478.8,2.75,90588.0,715.0,567.6
ICFC,1/8/2023,478.8,492.0,469.3,479.0,0.04,54672.0,715.0,567.6
ICFC,1/9/2023,487.9,505.9,481.2,505.0,5.43,50260.0,715.0,567.6
ICFC,1/10/2023,515.1,532.0,490.0,499.0,-1.19,159401.0,715.0,567.6
ICFC,1/12/2023,508.9,525.0,473.5,480.0,-3.81,73865.0,715.0,567.6
ICFC,1/17/2023,485.0,502.0,472.7,498.0,3.75,41570.0,715.0,567.6
ICFC,1/18/2023,498.8,514.0,489.0,492.0,-1.2,48047.0,715.0,567.6
ICFC,1/19/2023,490.0,498.0,486.0,486.0,-1.22,29669.0,715.0,567.6
ICFC,1/23/2023,482.7,495.0,472.2,472.2,-2.84,28562.0,715.0,567.6
ICFC,1/24/2023,464.0,496.7,463.0,494.0,4.62,59410.0,715.0,567.6
ICFC,1/25/2023,502.9,502.9,485.1,490.0,-0.81,28449.0,715.0,567.6
ICFC,1/26/2023,481.0,499.8,481.0,486.0,-0.82,19328.0,715.0,567.6
ICFC,1/29/2023,483.0,488.0,471.0,479.8,-1.28,28819.0,715.0,567.6
ICFC,1/30/2023,480.8,481.0,460.0,465.0,-3.08,36595.0,715.0,567.6
ICFC,1/31/2023,473.9,473.9,456.0,456.0,-1.94,26568.0,715.0,567.6
ICFC,2/1/2023,464.0,465.0,447.0,460.0,0.88,25096.0,715.0,567.6
ICFC,2/2/2023,452.0,466.0,451.0,453.0,-1.52,24341.0,715.0,567.6
ICFC,2/5/2023,450.0,467.0,448.0,456.9,0.86,18235.0,715.0,567.6
ICFC,2/6/2023,450.1,463.0,450.1,457.2,0.07,15005.0,715.0,567.6
ICFC,2/7/2023,459.0,488.0,459.0,488.0,6.74,40394.0,715.0,567.6
ICFC,2/8/2023,490.6,497.0,475.0,475.0,-2.66,28759.0,715.0,567.6
ICFC,2/9/2023,471.0,483.0,470.0,483.0,1.68,21245.0,715.0,567.6
ICFC,2/12/2023,485.0,485.0,462.0,467.0,-3.31,27118.0,715.0,567.6
ICFC,2/14/2023,457.7,465.0,457.7,463.0,-0.86,18716.0,715.0,567.6
ICFC,2/15/2023,454.0,469.0,454.0,460.0,-0.65,22656.0,715.0,567.6
ICFC,2/16/2023,455.0,464.1,451.0,451.0,-1.96,18621.0,715.0,567.6
ICFC,2/20/2023,455.0,455.0,440.0,444.0,-1.55,13631.0,715.0,567.6
ICFC,2/22/2023,444.8,461.7,444.8,456.7,2.86,17468.0,715.0,567.6
ICFC,2/23/2023,448.0,450.0,436.2,442.1,-3.2,29981.0,715.0,567.6
ICFC,2/26/2023,433.3,460.0,420.0,459.9,4.03,36798.0,715.0,567.6
ICFC,2/27/2023,460.0,460.0,436.0,448.3,-2.52,14770.0,715.0,567.6
ICFC,2/28/2023,457.0,457.0,440.0,444.0,-0.96,7952.0,715.0,567.6
ICFC,3/1/2023,441.0,448.7,436.0,439.9,-0.92,10757.0,715.0,567.6
ICFC,3/2/2023,435.0,436.0,429.0,431.0,-2.02,11723.0,715.0,567.6
ICFC,3/5/2023,433.5,434.0,420.2,420.2,-2.51,13860.0,715.0,567.6
ICFC,3/7/2023,428.6,430.0,417.0,423.8,0.86,15942.0,715.0,567.6
ICFC,3/9/2023,432.0,439.9,430.0,439.0,3.59,12433.0,715.0,567.6
ICFC,3/12/2023,439.9,446.9,430.0,434.8,-0.96,28252.0,715.0,567.6
ICFC,3/13/2023,430.0,435.0,426.0,432.7,-0.48,15355.0,715.0,567.6
ICFC,3/14/2023,437.0,437.0,427.0,429.5,-0.74,17393.0,715.0,567.6
ICFC,3/15/2023,438.0,438.0,426.8,429.0,-0.12,10304.0,715.0,567.6
ICFC,3/16/2023,434.0,434.0,425.6,428.0,-0.23,6168.0,715.0,567.6
ICFC,3/19/2023,430.0,432.0,420.0,427.0,-0.23,9319.0,715.0,567.6
ICFC,3/20/2023,433.8,435.0,428.0,433.0,1.41,7496.0,715.0,567.6
ICFC,3/22/2023,430.0,441.0,424.0,429.0,-0.92,12264.0,715.0,567.6
ICFC,3/23/2023,426.0,431.0,416.0,418.3,-2.49,11106.0,715.0,567.6
ICFC,3/26/2023,426.6,426.6,415.0,416.2,-0.5,9569.0,715.0,567.6
ICFC,3/27/2023,416.2,425.0,407.7,425.0,2.11,13378.0,715.0,567.6
ICFC,3/28/2023,430.0,432.0,420.0,422.0,-0.71,26273.0,715.0,567.6
ICFC,3/29/2023,420.0,425.0,414.0,423.0,0.24,10368.0,715.0,567.6
ICFC,3/30/2023,429.9,429.9,414.3,414.4,-2.03,12908.0,715.0,567.6
ICFC,4/2/2023,418.3,424.0,405.0,406.7,-1.86,14519.0,715.0,567.6
ICFC,4/3/2023,410.0,414.8,400.0,403.9,-0.69,13807.0,715.0,567.6
ICFC,4/4/2023,395.9,410.0,395.9,409.0,1.26,6330.0,715.0,567.6
ICFC,4/5/2023,410.0,411.7,404.0,407.1,-0.46,5911.0,715.0,567.6
ICFC,4/6/2023,412.0,412.0,400.3,405.0,-0.52,7660.0,715.0,567.6
ICFC,4/9/2023,400.0,406.9,393.0,397.2,-1.93,7890.0,715.0,567.6
ICFC,4/10/2023,395.0,400.0,391.0,395.0,-0.55,4923.0,715.0,567.6
ICFC,4/11/2023,400.0,409.5,395.0,406.0,2.78,17938.0,715.0,567.6
ICFC,4/12/2023,410.0,442.0,410.0,438.0,7.88,23511.0,715.0,567.6
ICFC,4/13/2023,446.0,447.0,425.0,429.0,-2.05,26247.0,715.0,567.6
ICFC,4/16/2023,428.0,437.0,422.3,429.0,0.0,8078.0,715.0,567.6
ICFC,4/17/2023,421.0,429.9,417.0,417.0,-2.8,6352.0,715.0,567.6
ICFC,4/18/2023,409.5,425.3,409.5,412.0,-1.2,6126.0,715.0,567.6
ICFC,4/19/2023,420.2,426.0,414.1,419.5,1.82,4165.0,715.0,567.6
ICFC,4/20/2023,416.9,420.0,412.6,414.0,-1.31,5697.0,715.0,567.6
ICFC,4/23/2023,408.0,418.0,408.0,410.0,-0.97,9934.0,715.0,567.6
ICFC,4/24/2023,418.2,418.2,403.0,414.8,1.17,9315.0,715.0,567.6
ICFC,4/25/2023,411.0,420.0,410.0,420.0,1.25,5756.0,715.0,567.6
ICFC,4/26/2023,412.0,427.0,410.0,413.0,-1.67,3775.0,715.0,567.6
ICFC,4/27/2023,414.0,415.0,408.9,412.9,-0.02,5935.0,715.0,567.6
ICFC,4/30/2023,412.0,414.0,405.0,408.0,-1.19,6477.0,715.0,567.6
ICFC,5/2/2023,408.0,410.0,402.2,405.0,-0.74,7761.0,715.0,567.6
ICFC,5/3/2023,397.0,407.0,397.0,404.0,-0.25,4862.0,715.0,567.6
ICFC,5/4/2023,408.0,412.9,401.0,412.9,2.2,5488.0,715.0,567.6
ICFC,5/7/2023,406.0,414.0,403.0,406.0,-1.67,2772.0,715.0,567.6
ICFC,5/8/2023,399.1,414.0,399.0,403.0,-0.74,6715.0,715.0,567.6
ICFC,5/9/2023,395.0,410.0,395.0,405.9,0.72,3995.0,715.0,567.6
ICFC,5/10/2023,398.1,414.0,398.1,404.0,-0.47,5397.0,715.0,567.6
ICFC,5/11/2023,399.1,405.9,399.1,403.6,-0.1,3967.0,715.0,567.6
ICFC,5/14/2023,402.3,410.0,400.2,400.2,-0.84,6743.0,715.0,567.6
ICFC,5/15/2023,400.0,408.0,397.0,401.0,0.2,6124.0,715.0,567.6
ICFC,5/16/2023,403.0,407.0,400.0,405.0,1.0,6074.0,715.0,567.6
ICFC,5/17/2023,409.9,411.0,402.0,410.0,1.23,7607.0,715.0,567.6
ICFC,5/18/2023,416.9,425.0,402.2,415.0,1.22,11949.0,715.0,567.6
ICFC,5/21/2023,410.4,422.0,408.6,415.0,0.0,12139.0,715.0,567.6
ICFC,5/22/2023,420.0,432.9,410.0,419.0,0.96,12191.0,715.0,567.6
ICFC,5/23/2023,420.0,435.0,419.0,434.0,3.58,25385.0,715.0,567.6
ICFC,5/24/2023,434.0,442.0,425.4,434.2,0.05,21437.0,715.0,567.6
ICFC,5/28/2023,430.0,442.8,417.0,419.1,-3.48,18685.0,715.0,567.6
ICFC,5/30/2023,419.0,427.0,406.0,407.0,-2.89,22782.0,715.0,567.6
ICFC,5/31/2023,410.0,419.0,400.0,402.4,-1.13,22891.0,715.0,567.6
ICFC,6/1/2023,410.4,414.0,397.0,405.0,0.65,15126.0,715.0,567.6
ICFC,6/4/2023,413.0,421.2,409.0,419.0,3.46,16486.0,715.0,567.6
ICFC,6/5/2023,424.0,424.0,409.0,411.0,-1.91,12832.0,715.0,567.6
ICFC,6/6/2023,414.0,418.0,408.0,417.5,1.58,15932.0,715.0,567.6
ICFC,6/7/2023,423.9,423.9,414.7,417.0,-0.12,9881.0,715.0,567.6
ICFC,6/8/2023,424.0,437.9,408.7,436.9,4.77,65511.0,715.0,567.6
ICFC,6/11/2023,437.0,470.0,437.0,465.0,6.43,116344.0,715.0,567.6
ICFC,6/12/2023,465.0,470.0,455.0,467.0,0.43,73987.0,715.0,567.6
ICFC,6/13/2023,460.0,485.3,460.0,477.6,2.27,63616.0,715.0,567.6
ICFC,6/14/2023,487.0,487.0,457.0,469.8,-1.63,65134.0,715.0,567.6
ICFC,6/15/2023,465.0,472.0,455.0,460.0,-2.09,34029.0,715.0,567.6
ICFC,6/18/2023,469.2,474.9,460.0,473.9,3.02,52532.0,715.0,567.6
ICFC,6/19/2023,483.3,499.4,470.0,488.0,2.98,87454.0,715.0,567.6
ICFC,6/20/2023,496.0,499.8,461.0,466.0,-4.51,57358.0,715.0,567.6
ICFC,6/21/2023,470.0,483.0,461.8,462.0,-0.86,45860.0,715.0,567.6
ICFC,6/22/2023,460.0,475.0,458.0,461.1,-0.19,36688.0,715.0,567.6
ICFC,6/25/2023,465.0,496.0,458.1,494.5,7.24,84332.0,715.0,567.6
ICFC,6/26/2023,504.3,530.0,495.0,515.9,4.33,143692.0,715.0,567.6
ICFC,6/27/2023,526.0,538.5,518.0,530.0,2.73,122600.0,715.0,567.6
ICFC,6/28/2023,540.0,540.0,510.0,513.0,-3.21,75291.0,715.0,567.6
ICFC,7/2/2023,513.0,530.0,505.0,508.0,-0.97,87143.0,715.0,567.6
ICFC,7/3/2023,508.0,517.9,490.0,499.8,-1.61,57375.0,715.0,567.6
ICFC,7/4/2023,508.0,515.0,500.0,510.4,2.12,30353.0,715.0,567.6
ICFC,7/5/2023,518.0,520.0,497.0,500.0,-2.04,42676.0,715.0,567.6
ICFC,7/6/2023,510.0,510.0,492.0,498.0,-0.4,41381.0,715.0,567.6
ICFC,7/9/2023,507.9,519.9,506.0,518.0,4.02,41937.0,715.0,567.6
ICFC,7/10/2023,528.3,533.9,521.0,527.0,1.74,78747.0,715.0,567.6
ICFC,7/11/2023,530.0,550.0,527.0,541.7,2.79,104545.0,715.0,567.6
ICFC,7/12/2023,542.3,552.0,530.0,534.0,-1.42,68768.0,715.0,567.6
ICFC,7/13/2023,538.0,542.9,521.0,524.0,-1.87,53621.0,715.0,567.6
ICFC,7/16/2023,515.2,534.0,515.2,525.0,0.19,25300.0,715.0,567.6
ICFC,7/17/2023,535.5,540.0,520.0,538.0,2.48,26265.0,715.0,567.6
ICFC,7/18/2023,548.7,548.7,533.6,538.0,0.0,20416.0,715.0,567.6
ICFC,7/19/2023,535.0,540.0,525.1,529.0,-1.67,21328.0,715.0,567.6
ICFC,7/20/2023,539.5,539.5,525.0,528.0,-0.19,18051.0,715.0,567.6
ICFC,7/23/2023,538.5,541.0,525.0,535.8,1.48,42793.0,715.0,567.6
ICFC,7/24/2023,546.5,546.5,523.0,527.0,-1.64,45558.0,715.0,567.6
ICFC,7/25/2023,537.5,537.5,514.0,514.0,-2.47,25172.0,715.0,567.6
ICFC,7/26/2023,524.2,524.2,513.0,514.8,0.16,13703.0,715.0,567.6
ICFC,7/27/2023,525.0,525.0,496.0,499.0,-3.07,34129.0,715.0,567.6
ICFC,7/30/2023,508.9,508.9,480.0,482.0,-3.41,47679.0,715.0,567.6
ICFC,7/31/2023,491.0,496.5,482.0,490.0,1.66,26130.0,715.0,567.6
ICFC,8/1/2023,481.0,504.9,479.0,481.9,-1.65,29933.0,715.0,567.6
ICFC,8/2/2023,475.1,496.7,475.1,496.7,3.07,27791.0,715.0,567.6
ICFC,8/3/2023,500.0,503.0,475.1,478.0,-3.76,103331.0,715.0,567.6
ICFC,8/6/2023,487.5,493.0,460.0,463.9,-2.95,32953.0,715.0,567.6
ICFC,8/7/2023,473.1,476.7,455.0,473.8,2.13,24708.0,715.0,567.6
ICFC,8/8/2023,473.0,480.0,456.0,461.0,-2.7,16336.0,715.0,567.6
ICFC,8/9/2023,470.2,476.0,457.0,476.0,3.25,17618.0,715.0,567.6
ICFC,8/10/2023,484.0,485.0,473.0,479.9,0.82,11651.0,715.0,567.6
ICFC,8/13/2023,470.5,488.4,469.0,481.9,0.42,26280.0,715.0,567.6
ICFC,8/14/2023,489.0,489.0,475.1,479.1,-0.58,12216.0,715.0,567.6
ICFC,8/15/2023,488.0,488.0,466.0,466.0,-2.73,19008.0,715.0,567.6
ICFC,8/16/2023,457.0,475.3,457.0,460.0,-1.29,19734.0,715.0,567.6
ICFC,8/17/2023,469.2,475.0,460.1,472.0,2.61,18531.0,715.0,567.6
ICFC,8/20/2023,481.0,481.0,464.0,467.0,-1.06,8939.0,715.0,567.6
ICFC,8/21/2023,476.0,476.0,458.1,463.5,-0.75,8660.0,715.0,567.6
ICFC,8/22/2023,472.0,472.0,464.1,471.5,1.73,7144.0,715.0,567.6
ICFC,8/23/2023,480.9,484.8,474.0,480.9,1.99,10150.0,715.0,567.6
ICFC,8/24/2023,490.5,490.5,463.2,464.0,-3.51,21801.0,715.0,567.6
ICFC,8/27/2023,473.1,473.1,457.0,463.5,-0.11,22495.0,715.0,567.6
ICFC,8/28/2023,462.0,471.0,462.0,469.0,1.19,9940.0,715.0,567.6
ICFC,8/29/2023,465.0,478.0,465.0,467.0,-0.43,14627.0,715.0,567.6
ICFC,8/30/2023,476.0,476.0,465.0,465.0,-0.43,8049.0,715.0,567.6
ICFC,9/3/2023,473.0,473.0,460.6,464.0,-0.22,24855.0,715.0,567.6
ICFC,9/4/2023,473.2,473.2,457.0,467.9,0.84,12753.0,715.0,567.6
ICFC,9/5/2023,470.0,470.0,463.0,463.0,-1.05,7888.0,715.0,567.6
ICFC,9/7/2023,470.0,470.0,452.1,455.0,-1.73,20919.0,715.0,567.6
ICFC,9/10/2023,457.0,463.0,453.0,453.0,-0.44,6209.0,715.0,567.6
ICFC,9/11/2023,462.0,470.0,453.0,469.0,3.53,13795.0,715.0,567.6
ICFC,9/12/2023,478.2,478.2,462.0,469.0,0.0,13815.0,715.0,567.6
ICFC,9/13/2023,471.0,480.0,470.0,478.9,2.11,25879.0,715.0,567.6
ICFC,9/17/2023,479.8,479.8,463.0,464.0,-3.11,18851.0,715.0,567.6
ICFC,9/18/2023,473.1,473.1,462.0,468.0,0.86,5395.0,715.0,567.6
ICFC,9/19/2023,476.9,476.9,466.0,476.9,1.9,6044.0,715.0,567.6
ICFC,9/21/2023,486.4,500.0,486.4,494.5,3.69,30520.0,715.0,567.6
ICFC,9/24/2023,500.0,500.0,484.4,487.0,-1.52,24368.0,715.0,567.6
ICFC,9/25/2023,490.0,490.0,483.0,485.0,-0.41,10318.0,715.0,567.6
ICFC,9/26/2023,494.7,504.0,486.0,490.0,1.03,13277.0,715.0,567.6
ICFC,9/27/2023,480.2,495.0,480.2,487.9,-0.43,17292.0,715.0,567.6
ICFC,10/1/2023,497.6,497.6,475.0,479.0,-1.82,10922.0,715.0,567.6
ICFC,10/2/2023,480.0,483.4,472.0,480.0,0.21,11568.0,715.0,567.6
ICFC,10/3/2023,487.0,487.0,470.0,472.9,-1.48,10469.0,715.0,567.6
ICFC,10/4/2023,480.0,480.1,473.1,475.2,0.49,6748.0,715.0,567.6
ICFC,10/5/2023,484.6,484.6,471.1,472.0,-0.67,4092.0,715.0,567.6
ICFC,10/8/2023,481.4,481.4,456.1,461.0,-2.33,18581.0,715.0,567.6
ICFC,10/9/2023,455.0,471.0,452.0,463.0,0.43,8273.0,715.0,567.6
ICFC,10/10/2023,470.0,470.0,455.0,457.9,-1.1,12867.0,715.0,567.6
ICFC,10/11/2023,467.0,467.0,453.2,458.3,0.09,10740.0,715.0,567.6
ICFC,10/12/2023,467.4,467.4,452.5,454.1,-0.92,6958.0,715.0,567.6
ICFC,10/16/2023,461.0,461.0,446.1,448.0,-1.34,12668.0,715.0,567.6
ICFC,10/17/2023,454.0,468.0,452.0,457.0,2.01,6779.0,715.0,567.6
ICFC,10/18/2023,466.0,466.0,458.0,464.0,1.53,9673.0,715.0,567.6
ICFC,10/19/2023,469.0,469.0,460.0,462.5,-0.32,9870.0,715.0,567.6
ICFC,10/29/2023,453.4,462.0,448.3,455.0,-1.62,6740.0,715.0,567.6
ICFC,10/30/2023,447.5,459.0,447.5,456.0,0.22,7625.0,715.0,567.6
ICFC,10/31/2023,449.1,456.0,447.1,450.0,-1.32,2876.0,715.0,567.6
ICFC,11/1/2023,459.0,459.0,448.0,453.9,0.87,5653.0,715.0,567.6
ICFC,11/2/2023,450.0,450.0,445.0,446.9,-1.54,9062.0,715.0,567.6
ICFC,11/5/2023,440.0,444.8,431.0,438.9,-1.79,9813.0,715.0,567.6
ICFC,11/6/2023,440.0,450.0,430.2,438.1,-0.18,9591.0,715.0,567.6
ICFC,11/7/2023,446.8,447.0,435.1,442.0,0.89,5652.0,715.0,567.6
ICFC,11/8/2023,442.0,446.0,440.0,446.0,0.9,4389.0,715.0,567.6
ICFC,11/9/2023,454.0,454.0,428.4,430.0,-3.59,10529.0,715.0,567.6
ICFC,11/20/2023,438.6,447.3,431.0,431.0,0.23,3219.0,715.0,567.6
ICFC,11/21/2023,439.0,439.0,425.0,430.0,-0.23,6294.0,715.0,567.6
ICFC,11/22/2023,423.0,438.0,423.0,432.0,0.47,3386.0,715.0,567.6
ICFC,11/23/2023,440.0,440.0,423.0,434.0,0.46,12789.0,715.0,567.6
ICFC,11/26/2023,439.0,454.0,439.0,452.0,4.15,10844.0,715.0,567.6
ICFC,11/27/2023,460.0,466.8,443.1,444.0,-1.77,10772.0,715.0,567.6
ICFC,11/28/2023,435.5,470.0,435.5,453.9,2.23,3167.0,715.0,567.6
ICFC,11/29/2023,462.9,470.0,450.0,452.0,-0.42,5656.0,715.0,567.6
ICFC,11/30/2023,461.0,461.0,442.0,448.0,-0.88,3396.0,715.0,567.6
ICFC,12/3/2023,451.9,451.9,438.0,444.0,-0.89,3319.0,715.0,567.6
ICFC,12/4/2023,438.0,450.0,436.0,447.5,0.79,6495.0,715.0,567.6
ICFC,12/5/2023,446.0,450.0,436.1,440.0,-1.68,6459.0,715.0,567.6
ICFC,12/6/2023,438.1,445.0,438.0,440.1,0.02,3319.0,715.0,567.6
ICFC,12/7/2023,448.0,448.9,439.0,443.0,0.66,6417.0,715.0,567.6
ICFC,12/10/2023,443.0,474.0,443.0,474.0,7.0,2332.0,715.0,567.6
ICFC,12/11/2023,483.4,483.4,451.0,462.0,-2.53,26770.0,715.0,567.6
ICFC,12/12/2023,462.0,480.0,458.0,478.9,3.66,34611.0,715.0,567.6
ICFC,12/13/2023,471.0,508.0,471.0,482.0,0.65,24945.0,715.0,567.6
ICFC,12/14/2023,490.0,490.0,475.6,482.0,0.0,9666.0,715.0,567.6
ICFC,12/17/2023,472.5,490.0,472.0,487.9,1.22,21096.0,715.0,567.6
ICFC,12/18/2023,497.0,511.0,495.0,505.0,3.5,51980.0,715.0,567.6
ICFC,12/19/2023,514.7,514.7,492.1,506.0,0.2,27737.0,715.0,567.6
ICFC,12/20/2023,506.0,522.0,498.1,512.0,1.19,45244.0,715.0,567.6
ICFC,12/21/2023,522.0,522.0,491.0,499.0,-2.54,51473.0,715.0,567.6
ICFC,12/24/2023,499.0,499.0,484.0,485.4,-2.73,35347.0,715.0,567.6
ICFC,12/27/2023,485.0,490.0,475.0,481.0,-0.91,16825.0,715.0,567.6
ICFC,12/28/2023,482.0,489.0,475.1,484.0,0.62,21002.0,715.0,567.6
ICFC,1/1/2024,493.6,502.9,475.0,476.0,-1.65,10289.0,715.0,567.6
ICFC,1/2/2024,475.0,482.0,463.1,465.0,-2.31,23736.0,715.0,567.6
ICFC,1/3/2024,460.0,475.0,459.0,468.1,0.67,17599.0,715.0,567.6
ICFC,1/4/2024,477.4,477.4,461.0,463.9,-0.9,13049.0,715.0,567.6
ICFC,1/7/2024,473.0,473.0,455.0,459.5,-0.95,18742.0,715.0,567.6
ICFC,1/8/2024,468.6,470.0,460.0,469.9,2.26,11227.0,715.0,567.6
ICFC,1/9/2024,479.0,494.7,471.0,490.0,4.28,51019.0,715.0,567.6
ICFC,1/10/2024,499.8,508.0,495.0,499.9,2.02,71702.0,715.0,567.6
ICFC,1/11/2024,507.0,507.0,496.5,497.0,-0.58,33892.0,715.0,567.6
ICFC,1/14/2024,506.0,506.0,499.1,502.9,1.19,27630.0,715.0,567.6
ICFC,1/16/2024,510.0,522.0,506.0,515.0,2.41,52361.0,715.0,567.6
ICFC,1/17/2024,524.2,525.3,490.3,495.1,-3.86,43187.0,715.0,567.6
ICFC,1/18/2024,495.0,500.0,485.0,499.9,0.97,54665.0,715.0,567.6
ICFC,1/21/2024,490.0,501.0,485.0,486.1,-2.76,25854.0,715.0,567.6
ICFC,1/22/2024,480.1,495.0,478.5,482.0,-0.84,26682.0,715.0,567.6
ICFC,1/23/2024,483.0,489.0,475.1,482.0,0.0,14598.0,715.0,567.6
ICFC,1/24/2024,487.0,495.0,481.1,482.0,0.0,17251.0,715.0,567.6
ICFC,1/25/2024,486.0,486.1,470.0,479.9,-0.44,31090.0,715.0,567.6
ICFC,1/28/2024,480.0,483.0,473.2,480.0,0.02,13469.0,715.0,567.6
ICFC,1/29/2024,471.0,487.0,471.0,485.0,1.04,8258.0,715.0,567.6
ICFC,1/30/2024,480.1,488.0,480.1,486.0,0.21,12193.0,715.0,567.6
ICFC,1/31/2024,477.0,494.0,476.1,479.0,-1.44,12215.0,715.0,567.6
ICFC,2/1/2024,470.0,490.0,470.0,479.9,0.19,24385.0,715.0,567.6
ICFC,2/4/2024,471.0,484.0,471.0,482.0,0.44,10794.0,715.0,567.6
ICFC,2/5/2024,491.5,491.5,476.1,477.6,-0.91,9689.0,715.0,567.6
ICFC,2/6/2024,485.0,486.1,482.0,484.0,1.34,8390.0,715.0,567.6
ICFC,2/7/2024,489.0,489.0,483.0,487.0,0.62,13458.0,715.0,567.6
ICFC,2/8/2024,483.5,489.0,478.0,484.5,-0.51,9491.0,715.0,567.6
ICFC,2/11/2024,483.0,494.0,481.0,481.0,-0.72,12010.0,715.0,567.6
ICFC,2/12/2024,477.0,489.9,475.1,488.0,1.46,9460.0,715.0,567.6
ICFC,2/13/2024,485.0,488.0,472.1,477.0,-2.25,17652.0,715.0,567.6
ICFC,2/14/2024,486.0,519.0,485.0,507.2,6.33,147892.0,715.0,567.6
ICFC,2/15/2024,511.0,513.3,496.0,500.0,-1.42,37050.0,715.0,567.6
ICFC,2/18/2024,510.0,510.0,475.3,475.3,-4.94,54349.0,715.0,567.6
ICFC,2/20/2024,484.0,489.9,477.0,481.0,1.2,23955.0,715.0,567.6
ICFC,2/21/2024,490.0,494.0,483.0,485.0,0.83,11414.0,715.0,567.6
ICFC,2/22/2024,493.8,509.0,484.0,489.9,1.01,58163.0,715.0,567.6
ICFC,2/25/2024,499.6,507.0,489.0,493.5,0.73,56596.0,715.0,567.6
ICFC,2/26/2024,483.7,503.9,483.7,499.9,1.3,22820.0,715.0,567.6
ICFC,2/27/2024,509.8,509.8,489.0,493.5,-1.28,14058.0,715.0,567.6
ICFC,2/28/2024,499.4,503.2,485.0,485.0,-1.72,11988.0,715.0,567.6
ICFC,2/29/2024,490.0,490.0,470.0,471.6,-2.76,32334.0,715.0,567.6
ICFC,3/3/2024,480.0,480.0,462.0,464.0,-1.61,23620.0,715.0,567.6
ICFC,3/4/2024,473.2,501.0,473.2,501.0,7.97,3418.0,715.0,567.6
ICFC,3/5/2024,511.0,511.0,482.2,484.0,-3.39,16990.0,715.0,567.6
ICFC,3/6/2024,492.9,492.9,474.5,479.0,-1.03,17342.0,715.0,567.6
ICFC,3/7/2024,488.5,498.2,480.5,482.9,0.81,16757.0,715.0,567.6
ICFC,3/10/2024,492.0,497.7,486.0,493.0,2.09,12889.0,715.0,567.6
ICFC,3/12/2024,496.0,506.0,492.2,506.0,2.64,30314.0,715.0,567.6
ICFC,3/13/2024,505.0,518.0,500.1,513.0,1.38,50610.0,715.0,567.6
ICFC,3/14/2024,511.0,522.0,500.0,502.0,-2.14,37294.0,715.0,567.6
ICFC,3/17/2024,508.9,515.0,500.0,504.5,0.5,29808.0,715.0,567.6
ICFC,3/18/2024,513.0,513.0,502.8,505.0,0.1,15105.0,715.0,567.6
ICFC,3/19/2024,513.0,530.0,513.0,520.9,3.15,126483.0,715.0,567.6
ICFC,3/20/2024,520.0,529.9,510.0,512.0,-1.71,35619.0,715.0,567.6
ICFC,3/21/2024,515.0,527.3,514.0,519.0,1.37,68424.0,715.0,567.6
ICFC,3/25/2024,520.5,524.9,512.0,514.3,-0.91,15951.0,715.0,567.6
ICFC,3/26/2024,523.0,523.0,515.0,515.6,0.25,20888.0,715.0,567.6
ICFC,3/27/2024,525.0,525.0,507.0,507.0,-1.67,19911.0,715.0,567.6
ICFC,3/28/2024,516.9,516.9,500.1,505.4,-0.32,20726.0,715.0,567.6
ICFC,3/31/2024,509.8,509.8,496.0,497.0,-1.66,25134.0,715.0,567.6
ICFC,4/1/2024,506.8,506.8,489.1,492.5,-0.91,17224.0,715.0,567.6
ICFC,4/2/2024,493.0,499.0,488.2,494.0,0.3,19189.0,715.0,567.6
ICFC,4/3/2024,495.0,500.0,492.0,494.0,0.0,7045.0,715.0,567.6
ICFC,4/4/2024,495.0,500.0,490.4,492.0,-0.4,18993.0,715.0,567.6
ICFC,4/7/2024,501.3,525.0,496.3,518.2,5.33,63998.0,715.0,567.6
ICFC,4/9/2024,525.0,539.9,521.5,532.9,2.84,111871.0,715.0,567.6
ICFC,4/10/2024,532.0,540.0,513.0,515.0,-3.36,48937.0,715.0,567.6
ICFC,4/14/2024,507.2,520.0,507.1,513.0,-0.39,19488.0,715.0,567.6
ICFC,4/15/2024,508.3,523.0,506.1,508.0,-0.97,23165.0,715.0,567.6
ICFC,4/16/2024,507.0,511.0,500.1,502.0,-1.18,20323.0,715.0,567.6
ICFC,4/18/2024,506.9,506.9,498.0,498.0,-0.8,15704.0,715.0,567.6
ICFC,4/21/2024,497.1,504.6,490.0,504.6,1.33,20622.0,715.0,567.6
ICFC,4/22/2024,505.0,510.0,491.3,492.0,-2.5,10026.0,715.0,567.6
ICFC,4/24/2024,492.0,514.0,488.0,496.0,0.81,23133.0,715.0,567.6
ICFC,4/25/2024,496.0,515.0,496.0,505.0,1.81,37979.0,715.0,567.6
ICFC,4/28/2024,510.0,528.0,507.0,517.0,2.38,53337.0,715.0,567.6
ICFC,4/29/2024,527.0,550.0,515.0,540.0,4.45,104168.0,715.0,567.6
ICFC,4/30/2024,545.0,580.0,538.0,551.0,2.04,222743.0,715.0,567.6
ICFC,5/2/2024,551.0,562.0,534.1,534.1,-3.07,100732.0,715.0,567.6
ICFC,5/5/2024,535.0,540.0,512.0,514.0,-3.76,48643.0,715.0,567.6
ICFC,5/6/2024,517.0,532.0,515.0,516.0,0.39,50709.0,715.0,567.6
ICFC,5/7/2024,508.6,529.9,508.6,515.0,-0.19,26801.0,715.0,567.6
ICFC,5/8/2024,524.0,524.0,512.0,524.0,1.75,19887.0,715.0,567.6
ICFC,5/9/2024,530.9,532.0,519.0,521.0,-0.57,34012.0,715.0,567.6
ICFC,5/12/2024,522.5,526.0,517.5,521.0,0.0,26915.0,715.0,567.6
ICFC,5/13/2024,523.9,527.8,517.0,517.0,-0.77,24096.0,715.0,567.6
ICFC,5/14/2024,517.0,523.0,516.0,518.0,0.19,18918.0,715.0,567.6
ICFC,5/15/2024,518.0,524.5,513.2,513.2,-0.93,27404.0,715.0,567.6
ICFC,5/16/2024,515.9,519.0,507.0,511.0,-0.43,21974.0,715.0,567.6
ICFC,5/19/2024,521.2,521.2,507.1,514.0,0.59,35803.0,715.0,567.6
ICFC,5/20/2024,519.0,519.9,509.0,510.0,-0.78,32450.0,715.0,567.6
ICFC,5/21/2024,513.0,540.0,510.0,524.9,2.92,43232.0,715.0,567.6
ICFC,5/22/2024,525.0,530.0,517.0,517.8,-1.35,29658.0,715.0,567.6
ICFC,5/26/2024,516.0,523.0,511.1,511.2,-1.27,22990.0,715.0,567.6
ICFC,5/27/2024,512.0,522.0,511.0,515.0,0.74,24524.0,715.0,567.6
ICFC,5/29/2024,525.0,525.0,506.1,511.0,-0.78,21058.0,715.0,567.6
ICFC,5/30/2024,520.0,520.0,507.5,510.0,-0.2,23514.0,715.0,567.6
ICFC,6/2/2024,512.0,527.0,510.0,519.0,1.76,39314.0,715.0,567.6
ICFC,6/3/2024,525.0,529.2,515.0,518.9,-0.02,28268.0,715.0,567.6
ICFC,6/4/2024,527.4,527.4,510.0,515.0,-0.75,16496.0,715.0,567.6
ICFC,6/5/2024,515.0,520.0,512.0,512.1,-0.56,22104.0,715.0,567.6
ICFC,6/6/2024,515.0,517.5,508.0,510.0,-0.41,30986.0,715.0,567.6
ICFC,6/9/2024,510.0,517.0,504.1,511.8,0.35,28465.0,715.0,567.6
ICFC,6/10/2024,515.0,516.9,509.2,512.0,0.04,24004.0,715.0,567.6
ICFC,6/11/2024,511.0,520.0,511.0,517.9,1.15,32735.0,715.0,567.6
ICFC,6/12/2024,520.0,526.0,515.2,523.9,1.16,45892.0,715.0,567.6
ICFC,6/13/2024,523.9,565.0,523.9,534.0,1.93,131365.0,715.0,567.6
ICFC,6/16/2024,537.0,545.0,525.4,525.4,-1.61,45884.0,715.0,567.6
ICFC,6/18/2024,525.3,527.7,516.0,519.0,-1.22,36956.0,715.0,567.6
ICFC,6/19/2024,519.0,530.4,513.1,527.0,1.54,37439.0,715.0,567.6
ICFC,6/20/2024,527.0,545.0,527.0,530.0,0.57,66423.0,715.0,567.6
ICFC,6/23/2024,539.0,565.0,532.0,558.2,5.32,124491.0,715.0,567.6
ICFC,6/24/2024,569.3,575.0,548.0,555.0,-0.57,122421.0,715.0,567.6
ICFC,6/25/2024,554.0,571.0,540.1,547.9,-1.28,68990.0,715.0,567.6
ICFC,6/26/2024,549.0,555.0,540.0,546.3,-0.29,72661.0,715.0,567.6
ICFC,6/27/2024,544.0,554.8,542.1,542.2,-0.75,36957.0,715.0,567.6
ICFC,6/30/2024,542.2,571.0,540.0,559.0,3.1,119612.0,715.0,567.6
ICFC,7/1/2024,569.9,569.9,553.0,554.0,-0.89,53135.0,715.0,567.6
ICFC,7/2/2024,565.0,587.5,560.0,566.0,2.17,45100.0,715.0,567.6
ICFC,7/3/2024,577.3,622.6,561.1,622.6,10.0,288240.0,715.0,567.6
ICFC,7/4/2024,635.0,673.0,612.0,643.0,3.28,193415.0,715.0,567.6
ICFC,7/7/2024,631.0,649.2,612.5,616.1,-4.18,107555.0,715.0,567.6
ICFC,7/8/2024,620.0,639.4,618.1,621.9,0.94,104986.0,715.0,567.6
ICFC,7/9/2024,630.0,630.0,615.0,617.2,-0.76,62313.0,715.0,567.6
ICFC,7/10/2024,627.0,634.0,619.0,623.9,1.09,53787.0,715.0,567.6
ICFC,7/11/2024,630.0,637.0,620.0,620.0,-0.63,73077.0,715.0,567.6
ICFC,7/14/2024,632.4,650.0,623.0,623.0,0.48,53314.0,715.0,567.6
ICFC,7/15/2024,635.4,635.4,615.0,619.0,-0.64,81071.0,715.0,567.6
ICFC,7/16/2024,617.0,636.4,612.0,630.0,1.78,60256.0,715.0,567.6
ICFC,7/17/2024,642.0,689.9,630.0,681.0,8.1,135044.0,715.0,567.6
ICFC,7/18/2024,682.0,700.0,667.0,668.0,-1.91,150815.0,715.0,567.6
ICFC,7/21/2024,681.3,699.9,657.0,674.0,0.9,138523.0,715.0,567.6
ICFC,7/22/2024,686.9,695.0,665.0,683.5,1.41,94528.0,715.0,567.6
ICFC,7/23/2024,697.1,706.0,685.1,700.0,2.41,93314.0,715.0,567.6
ICFC,7/24/2024,713.9,725.0,690.9,702.9,0.41,154596.0,715.0,567.6
ICFC,7/25/2024,706.0,728.0,705.0,707.1,0.6,108258.0,715.0,567.6
ICFC,7/28/2024,721.2,721.2,690.0,703.0,-0.58,91311.0,715.0,567.6
ICFC,7/29/2024,717.0,717.0,689.1,700.0,-0.43,145638.0,715.0,567.6
ICFC,7/30/2024,714.0,755.0,700.0,743.0,6.14,182228.0,715.0,567.6
ICFC,7/31/2024,757.8,798.0,744.0,777.1,4.59,160147.0,715.0,567.6
ICFC,8/1/2024,777.1,798.0,758.6,767.0,-1.3,171819.0,715.0,567.6
ICFC,8/5/2024,767.0,775.0,731.0,742.0,-3.26,139363.0,715.0,567.6
ICFC,8/6/2024,727.2,734.9,677.0,679.0,-8.49,221383.0,715.0,567.6
ICFC,8/7/2024,676.0,739.9,656.0,723.0,6.48,119754.0,715.0,567.6
ICFC,8/8/2024,736.9,751.0,703.0,710.0,-1.8,87699.0,715.0,567.6
ICFC,8/11/2024,724.2,738.0,711.0,725.0,2.11,108187.0,715.0,567.6
ICFC,8/12/2024,725.0,790.0,725.0,756.0,4.28,177910.0,715.0,567.6
ICFC,8/13/2024,769.0,800.0,758.0,781.0,3.31,181708.0,715.0,567.6
ICFC,8/14/2024,796.0,850.0,781.0,838.0,7.3,202548.0,715.0,567.6
ICFC,8/15/2024,854.7,890.0,794.0,821.0,-2.03,180405.0,715.0,567.6
ICFC,8/18/2024,804.6,870.0,775.0,814.1,-0.84,251906.0,715.0,567.6
ICFC,8/21/2024,825.0,856.0,820.3,833.0,2.32,163185.0,715.0,567.6
ICFC,8/22/2024,835.0,910.0,835.0,880.0,5.64,280949.0,715.0,567.6
ICFC,8/25/2024,897.0,897.0,830.0,833.0,-5.34,175465.0,715.0,567.6
ICFC,8/27/2024,830.0,859.0,795.2,804.0,-3.48,145502.0,715.0,567.6
ICFC,8/28/2024,804.0,835.0,788.1,792.0,-1.49,129664.0,715.0,567.6
ICFC,8/29/2024,792.0,802.0,776.2,776.2,-1.99,86933.0,715.0,567.6
ICFC,9/1/2024,778.1,789.5,756.0,757.0,-2.47,68245.0,715.0,567.6
ICFC,9/2/2024,771.0,824.9,747.1,817.0,7.93,115818.0,715.0,567.6
ICFC,9/3/2024,833.3,844.7,795.0,805.0,-1.47,99325.0,715.0,567.6
ICFC,9/4/2024,811.0,818.0,757.1,769.0,-4.47,81527.0,715.0,567.6
ICFC,9/5/2024,760.0,780.3,747.1,761.0,-1.04,64676.0,715.0,567.6
ICFC,9/8/2024,771.0,783.0,750.0,753.5,-0.99,43617.0,715.0,567.6
ICFC,9/9/2024,753.5,760.0,726.2,727.0,-3.52,73622.0,715.0,567.6
ICFC,9/10/2024,740.0,749.0,716.5,723.0,-0.55,66897.0,715.0,567.6
ICFC,9/11/2024,736.0,744.9,721.5,732.9,1.37,61063.0,715.0,567.6
ICFC,9/12/2024,739.0,770.0,737.0,760.2,3.72,60602.0,715.0,567.6
ICFC,9/15/2024,774.0,784.9,739.9,739.9,-2.67,80241.0,715.0,567.6
ICFC,9/16/2024,730.0,743.9,700.7,708.0,-4.31,65921.0,715.0,567.6
ICFC,9/18/2024,721.0,722.1,685.0,692.0,-2.26,51569.0,715.0,567.6
ICFC,9/22/2024,705.8,724.0,682.0,690.0,-0.29,32395.0,715.0,567.6
ICFC,9/23/2024,700.1,700.1,639.1,654.0,-5.22,55540.0,715.0,567.6
ICFC,9/24/2024,667.0,670.0,626.0,636.9,-2.61,52099.0,715.0,567.6
ICFC,9/25/2024,640.0,677.0,625.0,675.0,5.98,51062.0,715.0,567.6
ICFC,9/26/2024,675.0,684.9,637.0,648.0,-4.0,34570.0,715.0,567.6
ICFC,9/29/2024,640.0,659.0,635.0,640.0,-1.23,15801.0,715.0,567.6
ICFC,9/30/2024,652.0,672.9,645.0,664.0,3.75,21283.0,715.0,567.6
ICFC,10/1/2024,677.0,730.4,673.2,730.4,10.0,79659.0,715.0,567.6
ICFC,10/2/2024,745.0,758.8,716.0,730.0,-0.05,70104.0,715.0,567.6
ICFC,10/6/2024,730.0,763.0,726.0,758.0,3.84,48195.0,715.0,567.6
ICFC,10/7/2024,769.0,782.0,743.1,750.0,-1.06,52061.0,715.0,567.6
ICFC,10/8/2024,763.9,763.9,726.0,728.0,-2.93,33701.0,715.0,567.6
ICFC,10/9/2024,725.0,738.9,722.0,728.7,0.1,26422.0,715.0,567.6
ICFC,10/15/2024,725.0,800.0,725.0,772.0,5.94,39580.0,715.0,567.6
ICFC,10/16/2024,787.0,789.0,775.0,788.0,2.07,39454.0,715.0,567.6
ICFC,10/17/2024,795.0,799.0,766.0,784.0,-0.51,52794.0,715.0,567.6
ICFC,10/20/2024,771.0,780.0,750.0,753.0,-3.95,83146.0,715.0,567.6
ICFC,10/21/2024,753.0,754.8,730.0,731.0,-2.92,51414.0,715.0,567.6
ICFC,10/22/2024,737.0,755.0,737.0,749.0,2.46,33513.0,715.0,567.6
ICFC,10/23/2024,763.9,823.9,750.0,823.9,10.0,534448.0,715.0,567.6
ICFC,10/24/2024,840.3,872.0,831.0,833.0,1.1,294357.0,715.0,567.6
ICFC,10/27/2024,816.4,830.0,784.1,801.1,-3.83,404892.0,715.0,567.6
ICFC,10/28/2024,801.0,828.0,801.0,827.0,3.23,141357.0,715.0,567.6
ICFC,10/29/2024,839.0,851.0,815.0,818.1,-1.08,121743.0,715.0,567.6
ICFC,10/30/2024,818.1,825.0,780.0,794.5,-2.88,173378.0,715.0,567.6
ICFC,11/5/2024,810.3,810.3,784.0,785.0,-1.2,45101.0,715.0,567.6
ICFC,11/6/2024,800.7,804.4,780.0,793.0,1.02,80631.0,715.0,567.6
ICFC,11/10/2024,795.0,810.5,795.0,805.0,1.51,83059.0,715.0,567.6
ICFC,11/11/2024,821.1,821.1,793.6,804.7,-0.04,93820.0,715.0,567.6
ICFC,11/12/2024,820.7,820.7,791.0,798.0,-0.83,61849.0,715.0,567.6
ICFC,11/13/2024,798.1,814.0,788.0,806.3,1.04,117191.0,715.0,567.6
ICFC,11/14/2024,814.0,818.0,798.0,800.0,-0.78,92291.0,715.0,567.6
ICFC,11/17/2024,810.0,812.0,791.0,791.0,-1.12,91830.0,715.0,567.6
ICFC,11/19/2024,792.0,800.0,765.0,766.0,-3.16,117948.0,715.0,567.6
ICFC,11/20/2024,773.0,779.9,758.4,767.0,0.13,77100.0,715.0,567.6
ICFC,11/21/2024,779.0,779.0,750.0,752.0,-1.96,62613.0,715.0,567.6
ICFC,11/24/2024,754.0,765.0,750.0,750.0,-0.27,56287.0,715.0,567.6
ICFC,11/25/2024,755.2,778.1,755.1,769.0,2.53,36978.0,715.0,567.6
ICFC,11/26/2024,774.0,783.8,773.0,777.0,1.04,37066.0,715.0,567.6
ICFC,11/27/2024,780.1,784.9,773.0,775.0,-0.26,45516.0,715.0,567.6
ICFC,11/28/2024,780.0,780.0,757.0,761.0,-1.81,71364.0,715.0,567.6
ICFC,12/1/2024,764.0,764.0,748.0,752.1,-1.17,47763.0,715.0,567.6
ICFC,12/2/2024,757.9,760.3,740.0,745.0,-0.94,56999.0,715.0,567.6
ICFC,12/3/2024,750.0,779.0,747.2,760.5,2.08,44762.0,715.0,567.6
ICFC,12/4/2024,764.0,769.9,752.0,753.0,-0.99,30452.0,715.0,567.6
ICFC,12/5/2024,753.0,760.0,734.0,738.0,-1.99,56214.0,715.0,567.6
ICFC,12/8/2024,730.6,735.0,722.0,723.1,-2.02,39686.0,715.0,567.6
ICFC,12/9/2024,723.2,735.9,705.0,715.0,-1.12,38740.0,715.0,567.6
ICFC,12/10/2024,715.0,720.0,700.0,703.0,-1.68,28402.0,715.0,567.6
ICFC,12/11/2024,703.0,726.0,702.0,720.0,2.42,31062.0,715.0,567.6
ICFC,12/12/2024,720.0,734.4,708.0,717.9,-0.29,24891.0,715.0,567.6
ICFC,12/16/2024,704.0,708.9,686.0,691.9,-3.62,36234.0,715.0,567.6
ICFC,12/17/2024,686.1,705.0,683.0,696.0,0.59,20919.0,715.0,567.6
ICFC,12/18/2024,708.0,708.0,695.0,697.0,0.14,16235.0,715.0,567.6
ICFC,12/19/2024,692.0,697.0,678.0,678.0,-2.73,29981.0,715.0,567.6
ICFC,12/22/2024,675.1,680.0,663.0,671.0,-1.03,37960.0,715.0,567.6
ICFC,12/23/2024,684.4,684.4,656.6,671.1,0.01,24607.0,715.0,567.6
ICFC,12/24/2024,680.0,688.1,663.5,682.0,1.62,24058.0,715.0,567.6
ICFC,12/26/2024,682.0,685.0,665.0,665.0,-2.49,13666.0,715.0,567.6
ICFC,12/29/2024,651.7,670.9,651.7,652.1,-1.94,27551.0,715.0,567.6
ICFC,12/31/2024,653.0,653.0,617.5,640.0,-1.86,53837.0,715.0,567.6
ICFC,1/1/2025,645.1,656.7,633.0,648.0,1.25,25608.0,715.0,567.6
ICFC,1/2/2025,650.0,660.0,641.0,656.0,1.23,22615.0,715.0,567.6
ICFC,1/5/2025,656.0,669.0,650.0,655.0,-0.15,27737.0,715.0,567.6
ICFC,1/6/2025,660.0,666.0,655.2,666.0,1.68,22427.0,715.0,567.6
ICFC,1/7/2025,675.0,683.0,667.0,676.0,1.5,21623.0,715.0,567.6
ICFC,1/8/2025,662.5,726.2,662.5,708.0,4.73,51199.0,715.0,567.6
ICFC,1/9/2025,700.2,711.0,685.0,685.0,-3.25,30849.0,715.0,567.6
ICFC,1/12/2025,695.0,697.8,660.0,660.0,-3.65,18683.0,715.0,567.6
ICFC,1/13/2025,650.0,672.0,650.0,655.0,-0.76,30625.0,715.0,567.6
ICFC,1/15/2025,655.0,656.0,641.9,642.0,-1.98,30959.0,715.0,567.6
ICFC,1/16/2025,645.0,649.0,620.0,622.0,-3.12,44191.0,715.0,567.6
ICFC,1/19/2025,622.0,647.0,622.0,638.0,2.57,21222.0,715.0,567.6
ICFC,1/20/2025,645.0,645.0,624.3,624.3,-2.15,42201.0,715.0,567.6
ICFC,1/21/2025,636.0,636.0,620.0,626.9,0.42,14249.0,715.0,567.6
ICFC,1/22/2025,630.0,645.0,630.0,640.0,2.09,25440.0,715.0,567.6
ICFC,1/23/2025,642.0,654.5,630.0,634.5,-0.86,31946.0,715.0,567.6
ICFC,1/26/2025,627.0,632.0,609.0,617.0,-2.76,56328.0,715.0,567.6
ICFC,1/27/2025,608.0,641.0,608.0,629.0,1.94,26924.0,715.0,567.6
ICFC,1/28/2025,640.0,640.0,618.5,631.0,0.32,32780.0,715.0,567.6
ICFC,2/2/2025,632.0,655.0,632.0,653.0,3.49,62513.0,715.0,567.6
ICFC,2/3/2025,660.0,670.0,650.0,650.0,-0.46,55060.0,715.0,567.6
ICFC,2/4/2025,663.0,663.0,640.0,650.0,0.0,25789.0,715.0,567.6
ICFC,2/5/2025,650.0,675.0,642.0,671.0,3.23,53581.0,715.0,567.6
ICFC,2/6/2025,672.0,689.0,665.4,672.0,0.15,58490.0,715.0,567.6
ICFC,2/9/2025,670.0,678.3,650.0,665.0,-1.04,29731.0,715.0,567.6
ICFC,2/10/2025,673.0,676.0,655.7,658.0,-1.05,24196.0,715.0,567.6
ICFC,2/11/2025,650.0,671.0,647.1,652.0,-0.91,14376.0,715.0,567.6
ICFC,2/12/2025,653.1,660.0,647.3,654.0,0.31,17450.0,715.0,567.6
ICFC,2/13/2025,660.0,669.0,652.0,656.0,0.31,26594.0,715.0,567.6
ICFC,2/16/2025,667.0,690.0,661.3,685.5,4.5,73480.0,715.0,567.6
ICFC,2/17/2025,698.0,700.0,674.6,676.0,-1.39,41057.0,715.0,567.6
ICFC,2/18/2025,689.5,689.5,669.0,670.0,-0.89,18624.0,715.0,567.6
ICFC,2/20/2025,660.0,680.0,660.0,662.0,-1.19,19947.0,715.0,567.6
ICFC,2/23/2025,655.0,665.8,650.1,660.0,-0.3,26006.0,715.0,567.6
ICFC,2/24/2025,670.0,670.0,653.2,653.5,-0.98,19370.0,715.0,567.6
ICFC,2/25/2025,663.0,663.0,650.0,651.0,-0.38,16797.0,715.0,567.6
ICFC,2/27/2025,664.0,677.0,651.0,655.0,0.61,17721.0,715.0,567.6
ICFC,3/2/2025,660.0,677.0,660.0,675.8,3.18,29568.0,715.0,567.6
ICFC,3/3/2025,689.0,699.0,676.0,678.0,0.33,43171.0,715.0,567.6
ICFC,3/4/2025,676.0,683.0,661.5,663.0,-2.21,17911.0,715.0,567.6
ICFC,3/5/2025,674.8,674.8,650.1,654.0,-1.36,20991.0,715.0,567.6
ICFC,3/6/2025,666.5,667.0,650.1,651.0,-0.46,17944.0,715.0,567.6
ICFC,3/9/2025,649.0,655.0,640.0,644.0,-1.08,38999.0,715.0,567.6
ICFC,3/10/2025,650.0,650.0,638.0,640.0,-0.62,18416.0,715.0,567.6
ICFC,3/11/2025,652.5,652.5,638.0,639.1,-0.14,14759.0,715.0,567.6
ICFC,3/12/2025,644.9,644.9,633.0,638.9,-0.03,23165.0,715.0,567.6
ICFC,3/16/2025,633.0,639.9,626.0,632.0,-1.08,21673.0,715.0,567.6
ICFC,3/17/2025,641.0,641.0,628.0,629.0,-0.47,11042.0,715.0,567.6
ICFC,3/18/2025,639.0,639.0,626.3,630.0,0.16,10669.0,715.0,567.6
ICFC,3/19/2025,639.9,639.9,625.1,627.0,-0.48,9652.0,715.0,567.6
ICFC,3/20/2025,627.0,628.0,618.0,619.77,-1.15,25026.0,715.0,567.6
ICFC,3/23/2025,620.0,625.0,602.0,607.53,-1.97,22317.0,715.0,567.6
ICFC,3/24/2025,607.0,624.0,601.0,615.5,1.31,18731.0,715.0,567.6
ICFC,3/25/2025,611.0,614.0,594.0,594.96,-3.34,34968.0,715.0,567.6
ICFC,3/26/2025,603.9,603.9,587.0,598.71,0.63,16692.0,715.0,567.6
ICFC,3/27/2025,600.0,608.0,595.3,607.41,1.45,12485.0,715.0,567.6
ICFC,3/30/2025,605.0,625.0,605.0,620.44,2.15,17145.0,715.0,567.6
ICFC,4/1/2025,616.0,625.0,597.0,608.11,-1.99,15632.0,715.0,567.6
ICFC,4/2/2025,609.0,624.9,605.1,617.01,1.46,22712.0,715.0,567.6
ICFC,4/3/2025,625.0,625.8,605.3,609.8,-1.17,13323.0,715.0,567.6
ICFC,4/7/2025,620.0,620.0,596.5,599.45,-1.7,19416.0,715.0,567.6
ICFC,4/8/2025,600.1,601.0,589.2,600.03,0.1,17999.0,715.0,567.6
ICFC,4/9/2025,601.0,608.0,598.0,601.88,0.31,7519.0,715.0,567.6
ICFC,4/10/2025,603.0,608.0,595.0,595.72,-1.02,16428.0,715.0,567.6
ICFC,4/13/2025,596.5,600.0,590.3,594.34,-0.23,8483.0,715.0,567.6
ICFC,4/15/2025,605.0,606.0,594.0,600.64,1.06,12031.0,715.0,567.6
ICFC,4/16/2025,611.9,611.9,598.0,599.71,-0.15,7002.0,715.0,567.6
ICFC,4/17/2025,597.2,606.9,597.2,603.74,0.67,19854.0,715.0,567.6
ICFC,4/20/2025,606.2,606.2,598.1,598.33,-0.9,11819.0,715.0,567.6
ICFC,4/21/2025,599.1,604.0,593.2,595.97,-0.39,28870.0,715.0,567.6
ICFC,4/22/2025,607.0,607.0,599.0,600.0,0.68,17648.0,715.0,567.6
ICFC,4/23/2025,608.0,608.0,591.1,597.14,-0.48,14479.0,715.0,567.6
ICFC,4/24/2025,598.0,598.0,587.5,590.99,-1.03,14317.0,715.0,567.6
ICFC,4/27/2025,595.0,602.8,585.0,589.09,-0.32,23406.0,715.0,567.6
ICFC,4/28/2025,580.1,608.9,580.1,593.75,0.79,26992.0,715.0,567.6
ICFC,4/29/2025,605.0,605.0,585.0,585.55,-1.38,13729.0,715.0,567.6
ICFC,4/30/2025,597.0,597.0,580.0,581.63,-0.67,12093.0,715.0,567.6
ICFC,5/4/2025,592.0,592.0,575.2,576.22,-0.93,12567.0,715.0,567.6
ICFC,5/5/2025,587.0,587.0,566.0,568.72,-1.3,17946.0,715.0,567.6
ICFC,5/6/2025,580.0,591.6,563.0,565.16,-0.63,15162.0,715.0,567.6
ICFC,5/7/2025,576.4,596.0,555.0,595.11,5.3,28459.0,715.0,567.6
ICFC,5/8/2025,596.0,654.6,585.0,653.1,9.74,116283.0,715.0,567.6
ICFC,5/11/2025,660.0,660.0,625.4,626.82,-4.02,45028.0,715.0,567.6
ICFC,5/13/2025,622.0,623.6,606.0,610.27,-2.64,31103.0,715.0,567.6
ICFC,5/14/2025,604.0,635.0,604.0,611.83,0.26,29112.0,715.0,567.6
ICFC,5/15/2025,600.1,622.3,600.0,611.23,-0.1,21692.0,715.0,567.6
ICFC,5/18/2025,612.0,619.0,607.0,607.39,-0.63,12366.0,715.0,567.6
ICFC,5/19/2025,619.0,619.0,603.0,607.2,-0.03,13373.0,715.0,567.6
ICFC,5/20/2025,614.5,632.9,603.0,628.21,3.46,23990.0,715.0,567.6
ICFC,5/21/2025,640.7,673.0,618.0,622.48,-0.91,46453.0,715.0,567.6
ICFC,5/22/2025,612.1,630.0,610.0,617.7,-0.77,27044.0,715.0,567.6
ICFC,5/25/2025,625.0,625.0,611.6,614.51,-0.52,10132.0,715.0,567.6
ICFC,5/26/2025,626.0,635.0,610.0,611.43,-0.5,20966.0,715.0,567.6
ICFC,5/27/2025,623.6,623.6,606.2,613.91,0.41,14064.0,715.0,567.6
ICFC,5/28/2025,626.1,626.1,603.5,610.53,-0.55,11661.0,715.0,567.6
ICFC,6/2/2025,622.7,624.9,610.4,612.16,0.27,17038.0,715.0,567.6
ICFC,6/3/2025,624.4,624.4,606.6,608.4,-0.61,6218.0,715.0,567.6
ICFC,6/4/2025,610.0,612.0,600.0,600.77,-1.25,16645.0,715.0,567.6
ICFC,6/5/2025,605.0,608.0,594.0,602.2,0.24,20616.0,715.0,567.6
ICFC,6/8/2025,603.0,607.9,596.2,600.2,-0.33,17995.0,715.0,567.6
ICFC,6/9/2025,602.0,609.0,599.0,601.76,0.26,16566.0,715.0,567.6
ICFC,6/10/2025,605.0,625.0,601.6,622.57,3.46,34279.0,715.0,567.6
ICFC,6/11/2025,625.0,630.0,613.0,614.09,-1.36,15870.0,715.0,567.6
ICFC,6/12/2025,613.0,632.0,610.0,617.2,0.51,26235.0,715.0,567.6
ICFC,6/15/2025,620.2,641.4,620.0,623.82,1.07,35779.0,715.0,567.6
ICFC,6/16/2025,636.0,636.0,613.7,614.99,-1.42,23218.0,715.0,567.6
ICFC,6/17/2025,624.0,624.0,613.0,619.74,0.77,17955.0,715.0,567.6
ICFC,6/18/2025,626.9,626.9,610.0,613.62,-0.99,9622.0,715.0,567.6
ICFC,6/19/2025,613.6,615.0,607.4,608.43,-0.85,16297.0,715.0,567.6
ICFC,6/22/2025,600.1,609.0,588.0,598.7,-1.6,25023.0,715.0,567.6
ICFC,6/23/2025,590.0,616.0,590.0,606.16,1.25,18632.0,715.0,567.6
ICFC,6/24/2025,600.1,612.0,598.0,599.68,-1.07,15160.0,715.0,567.6
ICFC,6/25/2025,610.0,610.0,595.0,598.62,-0.18,10562.0,715.0,567.6
ICFC,6/26/2025,600.0,601.8,590.2,594.52,-0.68,10950.0,715.0,567.6
ICFC,6/29/2025,591.0,603.0,591.0,599.68,0.87,12106.0,715.0,567.6
ICFC,6/30/2025,611.5,611.6,602.0,602.2,0.42,10334.0,715.0,567.6
ICFC,7/1/2025,613.9,613.9,605.2,606.53,0.72,6957.0,715.0,567.6
ICFC,7/2/2025,616.9,616.9,607.0,614.96,1.39,21460.0,715.0,567.6
ICFC,7/3/2025,617.0,640.0,615.9,627.98,2.12,49472.0,715.0,567.6
ICFC,7/6/2025,627.0,650.0,627.0,634.3,1.01,60032.0,715.0,567.6
ICFC,7/7/2025,643.8,643.8,616.0,617.25,-2.69,23549.0,715.0,567.6
ICFC,7/8/2025,620.0,626.0,614.0,623.21,0.97,13828.0,715.0,567.6
ICFC,7/9/2025,628.0,628.0,618.6,622.03,-0.19,10060.0,715.0,567.6
ICFC,7/10/2025,627.5,634.0,623.0,623.81,0.29,16690.0,715.0,567.6
ICFC,7/13/2025,636.2,655.0,632.2,635.37,1.85,27450.0,715.0,567.6
ICFC,7/14/2025,630.0,638.5,624.0,625.16,-1.61,25869.0,715.0,567.6
ICFC,7/15/2025,637.0,637.0,626.5,630.8,0.9,13546.0,715.0,567.6
ICFC,7/16/2025,640.0,645.0,638.1,640.57,1.55,22406.0,715.0,567.6
ICFC,7/17/2025,653.0,676.0,648.0,661.93,3.33,66814.0,715.0,567.6
ICFC,7/20/2025,663.0,683.0,651.0,656.8,-0.78,84507.0,715.0,567.6
ICFC,7/21/2025,669.1,670.1,643.2,668.49,1.78,70987.0,715.0,567.6
ICFC,7/22/2025,681.0,687.0,670.0,681.0,1.87,65748.0,715.0,567.6
ICFC,7/23/2025,690.0,706.0,681.0,701.99,3.08,112488.0,715.0,567.6
ICFC,7/24/2025,705.0,719.0,697.0,701.13,-0.12,78983.0,715.0,567.6
ICFC,7/27/2025,712.8,720.0,686.2,691.6,-1.36,88074.0,715.0,567.6
ICFC,7/28/2025,687.0,717.5,676.0,712.62,3.04,109711.0,715.0,567.6
ICFC,7/29/2025,726.0,730.9,707.0,715.56,0.41,71475.0,715.0,567.6
ICFC,7/30/2025,725.0,725.0,688.4,690.76,-3.47,59168.0,715.0,567.6
ICFC,7/31/2025,690.0,710.5,680.1,694.65,0.56,94215.0,715.0,567.6
ICFC,8/3/2025,691.0,701.0,671.5,672.82,-3.14,43044.0,715.0,567.6
ICFC,8/4/2025,679.0,683.0,665.0,667.11,-0.85,49962.0,715.0,567.6
ICFC,8/5/2025,680.0,680.4,660.0,660.55,-0.98,27905.0,715.0,567.6
ICFC,8/6/2025,669.0,669.0,654.0,662.87,0.35,20194.0,715.0,567.6
ICFC,8/7/2025,664.0,701.0,660.1,692.22,4.43,72045.0,715.0,567.6
ICFC,8/11/2025,704.0,705.9,683.1,685.84,-0.92,48861.0,715.0,567.6
ICFC,8/12/2025,699.0,699.0,665.0,669.1,-2.44,25450.0,715.0,567.6
ICFC,8/13/2025,670.0,681.4,663.0,665.02,-0.61,26214.0,715.0,567.6
ICFC,8/14/2025,678.3,684.5,672.0,672.75,1.16,35879.0,715.0,567.6
ICFC,8/17/2025,680.0,691.0,663.0,666.77,-0.89,38123.0,715.0,567.6
ICFC,8/18/2025,680.0,680.0,661.5,668.02,0.19,10854.0,715.0,567.6
ICFC,8/19/2025,680.0,680.0,667.0,668.72,0.1,11114.0,715.0,567.6
ICFC,8/20/2025,674.0,674.7,662.4,663.63,-0.76,20808.0,715.0,567.6
ICFC,8/21/2025,668.0,672.8,660.0,662.12,-0.23,11579.0,715.0,567.6
ICFC,8/24/2025,669.0,675.0,663.7,664.93,0.42,15378.0,715.0,567.6
ICFC,8/25/2025,664.93,674.0,664.5,669.97,0.76,14672.0,715.0,567.6
ICFC,8/26/2025,670.0,678.0,668.1,676.65,1.0,18610.0,715.0,567.6
ICFC,8/27/2025,676.6,689.8,675.0,686.42,1.44,32411.0,715.0,567.6
ICFC,8/28/2025,690.0,690.1,669.7,670.46,-2.33,28273.0,715.0,567.6
ICFC,8/31/2025,670.0,680.0,662.0,662.38,-1.21,18194.0,715.0,567.6
ICFC,9/1/2025,672.0,672.0,657.0,666.05,0.55,9817.0,715.0,567.6
ICFC,9/2/2025,675.0,675.0,660.2,661.11,-0.74,10611.0,715.0,567.6
ICFC,9/3/2025,670.0,670.0,657.0,657.04,-0.62,13233.0,715.0,567.6
ICFC,9/4/2025,660.0,667.0,653.3,661.66,0.7,11353.0,715.0,567.6
ICFC,9/7/2025,670.0,670.0,657.0,659.57,-0.32,7287.0,715.0,567.6
ICFC,9/8/2025,656.0,664.0,643.0,647.52,-1.83,20383.0,715.0,567.6
ICFC,9/18/2025,634.6,634.6,633.0,633.0,-2.24,225.0,715.0,567.6
ICFC,9/21/2025,620.4,665.0,619.0,661.6,4.52,24503.0,715.0,567.6
ICFC,9/23/2025,667.0,675.0,660.0,675.0,2.03,14613.0,715.0,567.6
ICFC,9/24/2025,665.0,670.0,658.0,658.5,-2.44,7176.0,715.0,567.6
ICFC,9/25/2025,663.0,668.0,647.0,661.0,0.38,5859.0,715.0,567.6
ICFC,9/28/2025,651.0,670.0,650.2,661.0,0.0,6377.0,715.0,567.6
ICFC,10/7/2025,662.0,662.0,642.0,650.0,-1.66,11943.0,715.0,567.6
ICFC,10/8/2025,645.0,649.0,630.1,632.5,-2.69,11220.0,715.0,567.6
ICFC,10/9/2025,645.1,684.0,637.0,637.0,0.71,8545.0,715.0,567.6
ICFC,10/12/2025,637.0,639.9,614.0,614.0,-3.61,32237.0,715.0,567.6
ICFC,10/13/2025,606.1,626.0,605.0,625.0,1.79,6822.0,715.0,567.6
ICFC,10/14/2025,622.0,624.7,612.6,621.0,-0.64,7574.0,715.0,567.6
ICFC,10/15/2025,615.0,621.0,609.0,615.0,-0.97,8132.0,715.0,567.6
ICFC,10/16/2025,615.0,615.0,605.0,606.0,-1.46,9717.0,715.0,567.6
ICFC,10/19/2025,595.0,615.0,595.0,610.0,0.66,9138.0,715.0,567.6
ICFC,10/26/2025,602.0,606.0,595.4,606.0,-0.66,3747.0,715.0,567.6
ICFC,10/28/2025,618.1,628.0,605.8,620.4,2.38,6011.0,715.0,567.6
ICFC,10/29/2025,625.0,640.0,615.0,615.0,-0.87,7698.0,715.0,567.6
ICFC,10/30/2025,627.0,638.0,610.0,630.0,2.44,13382.0,715.0,567.6
ICFC,11/2/2025,640.0,660.0,635.0,656.0,4.13,29119.0,715.0,567.6
ICFC,11/3/2025,660.0,665.0,648.2,660.0,0.61,16333.0,715.0,567.6
ICFC,11/4/2025,667.9,667.9,645.0,645.0,-2.27,11558.0,715.0,567.6
ICFC,11/5/2025,638.1,668.0,635.0,668.0,3.57,28316.0,715.0,567.6
ICFC,11/6/2025,675.0,675.0,651.8,652.0,-2.4,8398.0,715.0,567.6
ICFC,11/9/2025,655.0,660.0,632.0,632.0,-3.07,21599.0,715.0,567.6
ICFC,11/10/2025,635.0,644.0,620.1,627.9,-0.65,9232.0,715.0,567.6
ICFC,11/11/2025,640.0,640.0,620.0,622.5,-0.86,9335.0,715.0,567.6
ICFC,11/12/2025,620.0,630.0,610.3,610.3,-1.96,7287.0,715.0,567.6
ICFC,11/13/2025,622.5,622.5,611.0,615.0,0.77,7338.0,715.0,567.6
ICFC,11/16/2025,615.1,621.0,611.0,612.0,-0.49,4203.0,715.0,567.6
ICFC,11/17/2025,613.0,620.0,612.4,617.0,0.82,3504.0,715.0,567.6
ICFC,11/18/2025,624.0,634.0,620.0,630.0,2.11,6682.0,715.0,567.6
ICFC,11/19/2025,640.0,640.0,620.2,621.0,-1.43,2475.0,715.0,567.6
ICFC,11/20/2025,618.0,627.4,618.0,624.0,0.48,3737.0,715.0,567.6
ICFC,11/23/2025,634.0,634.9,627.0,633.9,1.59,4194.0,715.0,567.6
ICFC,11/24/2025,635.1,644.9,635.0,643.0,1.44,14217.0,715.0,567.6
ICFC,11/25/2025,647.0,650.5,640.0,645.0,0.31,9045.0,715.0,567.6
ICFC,11/26/2025,640.5,649.8,631.0,645.0,0.0,11571.0,715.0,567.6
ICFC,11/27/2025,641.0,644.0,640.0,643.0,-0.31,5242.0,715.0,567.6
ICFC,11/30/2025,652.9,654.0,635.0,639.0,-0.62,22531.0,715.0,567.6
ICFC,12/1/2025,638.0,645.0,636.0,644.9,0.92,8942.0,715.0,567.6
ICFC,12/2/2025,638.0,649.9,638.0,646.8,0.29,4898.0,715.0,567.6
ICFC,12/3/2025,654.0,665.0,642.0,653.7,1.07,126954.0,715.0,567.6
ICFC,12/7/2025,640.7,640.8,626.3,630.0,-3.63,25688.0,715.0,567.6
ICFC,12/8/2025,630.0,633.0,620.0,630.0,0.0,14428.0,715.0,567.6
ICFC,12/9/2025,635.0,635.0,618.0,627.0,-0.48,4844.0,715.0,567.6
ICFC,12/10/2025,639.0,639.0,614.5,625.0,-0.32,5871.0,715.0,567.6
ICFC,12/11/2025,630.0,630.0,612.0,617.0,-1.28,9058.0,715.0,567.6
ICFC,12/14/2025,610.0,624.9,610.0,620.0,0.49,9140.0,715.0,567.6
ICFC,12/15/2025,620.0,623.9,616.0,620.0,0.0,6091.0,715.0,567.6
ICFC,12/16/2025,630.0,630.0,615.0,619.7,-0.05,20058.0,715.0,567.6
ICFC,12/17/2025,619.0,635.0,618.0,633.0,2.15,21119.0,715.0,567.6
ICFC,12/18/2025,629.1,640.0,622.1,624.0,-1.42,23554.0,715.0,567.6
ICFC,12/21/2025,617.0,624.0,616.1,624.0,0.0,20301.0,715.0,567.6
ICFC,12/22/2025,629.9,636.0,617.6,620.0,-0.64,12930.0,715.0,567.6
ICFC,12/23/2025,628.9,628.9,611.0,621.0,0.16,19627.0,715.0,567.6
ICFC,12/24/2025,629.0,629.0,618.1,620.0,-0.16,14173.0,715.0,567.6
ICFC,12/28/2025,620.0,640.0,620.0,640.0,3.23,29989.0,715.0,567.6
ICFC,12/29/2025,641.0,650.0,636.0,636.5,-0.55,28969.0,715.0,567.6
ICFC,12/31/2025,640.0,646.9,630.0,635.0,-0.24,27004.0,715.0,567.6
ICFC,1/1/2026,633.0,635.0,625.0,627.0,-1.26,50782.0,715.0,567.6
ICFC,1/4/2026,634.9,635.0,627.0,630.0,0.48,10986.0,715.0,567.6
ICFC,1/5/2026,639.0,640.0,628.2,629.2,-0.13,23087.0,715.0,567.6
ICFC,1/6/2026,629.2,652.0,629.2,651.0,3.46,78242.0,715.0,567.6
ICFC,1/7/2026,658.9,665.0,645.0,651.9,0.14,71798.0,715.0,567.6
ICFC,1/8/2026,648.1,652.8,648.0,649.0,-0.44,17446.0,715.0,567.6
ICFC,1/12/2026,656.0,656.0,641.9,644.0,-0.77,26321.0,715.0,567.6
ICFC,1/13/2026,651.0,651.0,642.6,642.8,-0.19,21173.0,715.0,567.6
ICFC,1/14/2026,642.2,667.0,640.1,660.0,2.68,82524.0,715.0,567.6
ICFC,1/18/2026,671.9,700.1,661.1,696.0,5.45,141531.0,715.0,567.6
ICFC,1/20/2026,709.8,715.0,695.0,698.4,0.34,147123.0,715.0,567.6
ICFC,1/21/2026,699.0,700.0,680.0,691.0,-1.06,52858.0,715.0,567.6
ICFC,1/22/2026,690.0,703.0,680.2,695.0,0.58,103245.0,715.0,567.6
ICFC,1/25/2026,705.0,714.0,697.0,702.9,1.14,126730.0,715.0,567.6
ICFC,1/26/2026,700.1,707.0,685.0,700.0,-0.41,74157.0,715.0,567.6
ICFC,1/27/2026,695.0,700.0,684.0,684.1,-2.27,56524.0,715.0,567.6
ICFC,1/28/2026,684.1,693.8,670.0,685.6,0.22,47133.0,715.0,567.6
ICFC,1/29/2026,680.0,688.9,670.0,672.0,-1.98,36291.0,715.0,567.6
ICFC,2/1/2026,679.0,683.0,665.0,670.0,-0.3,45603.0,715.0,567.6
ICFC,2/2/2026,671.1,674.0,660.0,660.0,-1.49,20854.0,715.0,567.6
ICFC,2/3/2026,671.0,672.0,653.0,655.0,-0.76,16290.0,715.0,567.6
ICFC,2/4/2026,651.2,668.0,651.2,658.1,0.47,21428.0,715.0,567.6
ICFC,2/5/2026,658.0,667.0,657.0,661.0,0.44,24109.0,715.0,567.6
ICFC,2/8/2026,665.0,676.0,660.2,664.9,0.59,26210.0,715.0,567.6
ICFC,2/9/2026,675.0,675.0,653.0,654.5,-1.56,20240.0,715.0,567.6
ICFC,2/10/2026,655.0,664.7,645.0,645.3,-1.41,15514.0,715.0,567.6
ICFC,2/11/2026,658.2,658.2,647.0,649.0,0.57,13256.0,715.0,567.6
ICFC,2/12/2026,650.0,658.9,645.0,651.2,0.34,13587.0,715.0,567.6
ICFC,2/16/2026,646.5,664.2,645.1,654.9,0.57,14242.0,715.0,567.6
ICFC,2/17/2026,655.0,656.0,640.2,640.2,-2.24,20215.0,715.0,567.6
ICFC,2/22/2026,650.0,650.9,625.0,625.0,-2.37,18672.0,715.0,567.6
ICFC,2/23/2026,630.0,638.0,620.4,630.6,0.9,10469.0,715.0,567.6
ICFC,2/24/2026,635.0,649.0,631.0,648.0,2.76,4963.0,715.0,567.6
ICFC,2/25/2026,644.0,652.0,640.0,645.0,-0.46,5923.0,715.0,567.6
ICFC,2/26/2026,650.0,650.0,640.0,650.0,0.78,6214.0,715.0,567.6
ICFC,2/27/2026,650.0,650.0,640.0,650.0,0.0,6214.0,715.0,567.6
ICFC,2/28/2026,650.0,650.0,640.0,650.0,0.0,6214.0,715.0,567.6
ICFC,3/2/2026,638.0,660.0,633.0,654.1,0.63,12001.0,715.0,567.6
ICFC,3/3/2026,652.0,666.0,652.0,664.4,1.57,12682.0,715.0,567.6
ICFC,3/4/2026,652.0,666.0,652.0,664.4,0.0,12682.0,715.0,567.6
ICFC,3/5/2026,652.0,666.0,652.0,664.4,0.0,12682.0,715.0,567.6
ICFC,3/6/2026,652.0,666.0,652.0,664.4,0.0,12682.0,715.0,567.6
ICFC,3/7/2026,652.0,666.0,652.0,664.4,0.0,12682.0,715.0,567.6
ICFC,3/8/2026,652.0,666.0,652.0,664.4,0.0,12682.0,715.0,567.6
ICFC,3/9/2026,677.6,691.1,677.6,691.1,4.02,40.0,715.0,567.6
ICFC,3/10/2026,704.0,704.0,670.0,679.9,-1.62,51856.0,715.0,567.6
ICFC,3/11/2026,680.0,684.0,670.0,670.0,-1.46,28013.0,715.0,567.6
ICFC,3/12/2026,660.1,680.0,657.0,675.0,0.75,21870.0,715.0,567.6
ICFC,3/13/2026,660.1,680.0,657.0,675.0,0.0,21870.0,715.0,567.6
ICFC,3/14/2026,660.1,680.0,657.0,675.0,0.0,21870.0,715.0,567.6
ICFC,3/15/2026,667.3,680.0,667.3,672.2,-0.41,14914.0,715.0,567.6
ICFC,3/16/2026,663.0,674.2,661.0,669.9,-0.34,20313.0,715.0,567.6
ICFC,3/17/2026,670.0,670.0,655.0,662.9,-1.04,19197.0,715.0,567.6
ICFC,3/18/2026,670.0,670.0,655.0,662.9,0.0,19197.0,715.0,567.6
ICFC,3/19/2026,668.0,680.0,658.1,675.0,1.83,34873.0,715.0,567.6
ICFC,3/20/2026,668.0,680.0,658.1,675.0,0.0,34873.0,715.0,567.6
ICFC,3/21/2026,668.0,680.0,658.1,675.0,0.0,34873.0,715.0,567.6
ICFC,3/22/2026,687.0,690.0,676.2,687.0,1.78,32298.0,715.0,567.6
ICFC,3/23/2026,691.0,695.0,681.1,689.9,0.42,26720.0,715.0,567.6
ICFC,3/24/2026,690.0,693.0,677.0,690.0,0.01,25961.0,715.0,567.6
ICFC,3/25/2026,690.0,690.0,676.0,683.0,-1.01,20944.0,715.0,567.6
ICFC,3/26/2026,675.0,684.9,670.0,678.0,0.44,32176.0,715.0,567.6
ICFC,3/29/2026,678.0,678.0,655.0,657.0,-3.1,19267.0,715.0,567.6
ICFC,3/30/2026,655.0,665.0,644.3,646.9,-1.24,25020.0,715.0,567.6
ICFC,3/31/2026,650.0,655.0,637.0,654.0,0.62,11045.0,715.0,567.6
ICFC,4/1/2026,654.2,654.6,633.1,642.0,-1.86,22068.0,715.0,567.6
ICFC,4/2/2026,631.1,644.0,622.3,636.0,0.78,32671.0,715.0,567.6
ICFC,4/5/2026,635.0,635.0,607.0,611.0,-3.78,35709.0,715.0,567.6
ICFC,4/6/2026,620.0,630.0,615.0,627.9,1.27,18395.0,715.0,567.6
ICFC,4/7/2026,635.0,635.0,619.8,624.0,-1.73,9955.0,715.0,567.6
ICFC,4/8/2026,631.0,643.5,629.0,637.0,0.95,9414.0,715.0,567.6
ICFC,4/9/2026,632.5,661.0,631.0,651.2,2.96,24183.0,715.0,567.6
ICFC,4/10/2026,659.0,659.0,644.2,649.9,-1.38,15070.0,715.0,567.6
ICFC,4/13/2026,650.0,654.8,644.5,649.0,-0.15,5015.0,715.0,567.6
ICFC,4/15/2026,649.0,658.0,648.1,649.9,0.14,19781.0,715.0,567.6
ICFC,4/16/2026,640.0,649.0,635.1,642.0,0.31,11043.0,715.0,567.6
ICFC,4/17/2026,650.0,654.0,626.3,635.0,-2.31,18836.0,715.0,567.6
ICFC,4/20/2026,622.1,635.0,622.1,625.0,0.47,11608.0,715.0,567.6
ICFC,4/21/2026,639.9,639.9,622.0,622.0,-2.8,8915.0,715.0,567.6
ICFC,4/22/2026,625.1,638.0,616.2,634.0,1.42,10832.0,715.0,567.6
ICFC,4/23/2026,620.2,633.0,620.0,629.5,1.5,4905.0,715.0,567.6
ICFC,4/24/2026,629.5,626.5,621.2,622.0,-1.19,8339.0,715.0,567.6
ICFC,4/27/2026,622.0,630.0,622.0,625.8,0.61,3170.0,715.0,567.6
ICFC,4/28/2026,625.8,630.0,625.0,625.0,-0.13,6653.0,715.0,567.6
ICFC,4/29/2026,625.0,642.0,620.1,623.5,-0.24,5578.0,715.0,567.6
ICFC,4/30/2026,618.0,628.5,615.0,622.1,0.66,5496.0,715.0,567.6
ICFC,5/4/2026,610.1,620.0,610.1,619.5,1.54,3269.0,715.0,567.6
ICFC,5/5/2026,619.5,620.0,610.0,618.0,-0.24,8204.0,715.0,567.6
ICFC,5/6/2026,618.0,628.9,618.0,623.0,0.81,5651.0,715.0,567.6
ICFC,5/7/2026,620.0,627.7,620.0,624.0,0.65,3591.0,715.0,567.6
ICFC,5/8/2026,623.0,635.0,622.0,635.0,1.93,8380.0,715.0,567.6
ICFC,5/11/2026,640.0,643.0,632.2,635.1,-0.77,3033.0,715.0,567.6
ICFC,5/12/2026,636.1,636.1,620.4,620.4,-2.47,12376.0,715.0,567.6
ICFC,5/13/2026,625.0,625.0,620.0,620.2,-0.77,8107.0,715.0,567.6
ICFC,5/14/2026,625.0,625.0,620.0,621.9,-0.5,4302.0,715.0,567.6
ICFC,5/15/2026,620.0,628.0,615.0,620.0,0.0,5794.0,715.0,567.6
ICFC,5/18/2026,620.0,629.0,614.3,624.0,0.65,24412.0,715.0,567.6
ICFC,5/19/2026,624.0,626.9,620.0,620.0,-0.64,3051.0,715.0,567.6
ICFC,5/20/2026,636.0,636.0,615.0,627.8,-1.29,10660.0,715.0,567.6
ICFC,5/21/2026,635.0,635.0,624.5,631.4,-0.57,6384.0,715.0,567.6
ICFC,5/22/2026,637.9,637.9,622.0,631.0,-1.08,3634.0,715.0,567.6
ICFC,5/25/2026,631.0,639.5,629.0,635.0,0.63,7574.0,715.0,567.6
ICFC,5/26/2026,640.0,640.0,621.0,632.0,-1.25,10589.0,715.0,567.6
ICFC,5/27/2026,623.0,632.0,620.4,629.7,1.08,8482.0,715.0,567.6
ICFC,6/1/2026,631.0,631.0,619.0,622.0,-1.43,8303.0,715.0,567.6
ICFC,6/2/2026,630.9,650.0,628.0,645.0,2.23,45620.0,715.0,567.6
ICFC,6/3/2026,645.1,647.9,637.0,643.0,-0.33,13324.0,715.0,567.6
ICFC,6/4/2026,643.0,650.0,635.0,640.0,-0.47,7878.0,715.0,567.6
ICFC,6/5/2026,642.9,657.7,642.9,649.0,0.95,45301.0,715.0,567.6
ICFC,6/8/2026,658.8,658.8,640.2,643.5,-2.32,9048.0,715.0,567.6
ICFC,6/9/2026,643.0,643.0,625.0,637.0,-0.93,18814.0,715.0,567.6
ICFC,6/10/2026,645.0,645.0,632.6,636.0,-1.4,5607.0,715.0,567.6
ICFC,6/11/2026,638.0,638.0,628.0,628.0,-1.57,5068.0,715.0,567.6
ICFC,6/12/2026,596.6,634.8,596.6,626.6,5.03,5961.0,715.0,567.6
ICFC,6/15/2026,630.0,630.0,621.1,621.1,-1.41,6650.0,715.0,567.6
ICFC,6/16/2026,622.0,631.0,620.2,625.0,0.48,7727.0,715.0,567.6
ICFC,6/17/2026,629.9,629.9,625.0,628.0,-0.3,1067.0,715.0,567.6
ICFC,6/18/2026,629.9,630.0,622.0,626.9,-0.48,3104.0,715.0,567.6
ICFC,6/19/2026,627.0,627.0,621.2,623.0,-0.64,3285.0,715.0,567.6
ICFC,6/22/2026,622.1,628.0,620.0,621.5,-0.1,9895.0,715.0,567.6
ICFC,6/23/2026,617.0,622.0,617.0,622.0,0.81,11468.0,715.0,567.6
ICFC,6/24/2026,621.0,623.9,613.1,619.0,-0.32,20016.0,715.0,567.6
ICFC,6/26/2026,617.0,625.0,615.0,625.0,1.3,2028.0,715.0,567.6
ICFC,6/29/2026,623.0,623.0,607.0,615.0,-1.28,7224.0,715.0,567.6
ICFC,6/30/2026,609.0,612.0,601.2,605.0,-0.66,11261.0,715.0,567.6
ICFC,7/1/2026,612.0,621.9,612.0,613.2,0.2,5327.0,715.0,567.6
ICFC,7/2/2026,617.0,618.0,610.0,615.0,-0.32,2927.0,715.0,567.6
ICFC,7/3/2026,629.0,629.0,615.0,615.0,-2.23,11779.0,715.0,567.6
ICFC,7/6/2026,614.0,626.0,610.3,611.0,-0.49,3761.0,715.0,567.6
ICFC,7/7/2026,615.3,617.0,610.0,616.0,0.11,1063.0,715.0,567.6
ICFC,7/8/2026,605.5,615.9,605.5,608.0,0.41,5875.0,715.0,567.6
ICFC,7/9/2026,604.2,608.0,590.0,605.0,0.13,9895.0,715.0,567.6
ICFC,7/10/2026,605.0,608.0,597.2,598.0,-1.16,8273.0,715.0,567.6
ICFC,7/13/2026,592.0,597.9,588.0,588.0,-0.68,10251.0,715.0,567.6
ICFC,7/14/2026,588.0,597.0,580.0,596.6,1.46,10105.0,715.0,567.6
ICFC,7/15/2026,600.0,605.0,591.0,600.0,0.0,5568.0,715.0,567.6
ICFC,7/16/2026,592.0,600.0,585.0,589.0,-0.51,9136.0,715.0,567.6
ICFC,7/17/2026,605.0,609.8,595.1,608.5,0.58,10767.0,715.0,567.6
ICFC,7/20/2026,609.0,621.0,609.0,619.5,1.72,4928.0,715.0,567.6
ICFC,7/21/2026,619.1,625.0,614.0,622.0,0.47,7446.0,715.0,567.6
ICFC,7/22/2026,620.0,622.0,615.0,618.0,-0.32,5520.0,715.0,567.6
ICFC,7/23/2026,611.5,622.0,611.5,620.0,1.39,5166.0,715.0,567.6
ICFC,7/24/2026,611.1,629.0,611.1,628.0,2.77,9051.0,715.0,567.6
ICFC,7/27/2026,628.0,628.0,613.0,613.0,-2.39,4344.0,715.0,567.6
ICFC,7/28/2026,615.0,619.9,610.2,613.1,-0.31,3418.0,715.0,567.6
ICFC,7/29/2026,619.9,625.0,610.1,618.0,-0.31,10039.0,715.0,567.6
ICFC,7/30/2026,618.0,618.0,612.7,613.0,-0.81,1785.0,715.0,567.6
ICFC,7/31/2026,610.1,614.1,607.0,613.0,0.48,3306.0,715.0,567.6
ICFC,8/3/2026,612.0,614.0,610.0,611.0,-0.16,7604.0,715.0,567.6
ICFC,8/4/2026,611.0,611.0,601.2,605.0,-0.98,8100.0,715.0,567.6
ICFC,8/5/2026,606.0,609.5,600.0,609.5,0.58,5758.0,715.0,567.6
ICFC,8/6/2026,606.1,610.0,602.1,605.0,-0.18,3311.0,715.0,567.6
ICFC,8/7/2026,601.1,605.0,600.0,603.0,0.32,7627.0,715.0,567.6
ICFC,8/10/2026,598.0,608.0,595.0,599.0,0.17,2931.0,715.0,567.6
ICFC,8/11/2026,614.9,614.9,597.0,597.0,-2.91,10186.0,715.0,567.6
ICFC,8/12/2026,598.0,613.7,595.0,595.0,-0.5,8451.0,715.0,567.6
ICFC,8/13/2026,595.0,611.0,595.0,603.0,1.34,4175.0,715.0,567.6
ICFC,8/14/2026,604.0,604.0,595.0,600.0,-0.66,11549.0,715.0,567.6
ICFC,8/17/2026,600.0,600.0,594.0,595.0,-0.83,4909.0,715.0,567.6
ICFC,8/18/2026,595.0,595.0,591.4,593.8,-0.2,4156.0,715.0,567.6
ICFC,8/19/2026,591.0,597.0,590.1,593.0,0.34,5204.0,715.0,567.6
ICFC,8/20/2026,590.3,597.0,590.0,597.0,1.14,6162.0,715.0,567.6
ICFC,8/21/2026,600.0,605.0,591.0,596.0,-0.67,6122.0,715.0,567.6
ICFC,8/24/2026,592.3,597.0,590.5,591.0,-0.22,4101.0,715.0,567.6
ICFC,8/25/2026,591.0,599.0,588.0,590.0,-0.17,4378.0,715.0,567.6
ICFC,8/26/2026,585.2,585.2,580.0,585.1,-0.02,8938.0,715.0,567.6
ICFC,8/27/2026,577.0,600.0,567.6,590.0,2.25,4898.0,715.0,567.6
ICFC,8/31/2026,580.5,589.0,580.5,580.5,0.0,3428.0,715.0,567.6
ICFC,9/1/2026,578.0,595.1,578.0,586.0,1.38,8561.0,715.0,567.6
ICFC,9/2/2026,587.0,588.9,582.1,583.6,-0.58,3860.0,715.0,567.6
ICFC,9/3/2026,585.5,586.5,584.0,585.0,-0.09,3923.0,715.0,567.6
ICFC,9/7/2026,598.5,599.0,582.0,582.1,-2.74,3470.0,715.0,567.6
ICFC,9/9/2026,585.0,589.0,577.3,582.8,-0.38,4677.0,715.0,567.6
ICFC,9/10/2026,583.0,588.0,578.0,580.5,-0.43,3709.0,715.0,567.6
ICFC,9/11/2026,578.0,595.0,578.0,586.8,1.52,1001.0,715.0,567.6
ICFC,9/14/2026,590.0,595.0,586.6,586.6,-0.58,5533.0,715.0,567.6
ICFC,9/15/2026,598.0,616.0,595.0,602.0,0.67,16644.0,715.0,567.6
ICFC,9/16/2026,605.0,605.0,598.0,602.4,-0.43,6921.0,715.0,567.6
ICFC,9/17/2026,610.0,610.0,600.1,603.0,-1.15,4890.0,715.0,567.6
ICFC,9/18/2026,609.0,618.0,602.0,606.0,-0.49,8460.0,715.0,567.6
ICFC,9/22/2026,606.0,607.9,593.2,599.8,-1.02,5100.0,715.0,567.6
ICFC,9/23/2026,595.1,596.0,590.0,591.9,-0.54,10309.0,715.0,567.6
ICFC,9/24/2026,590.0,597.0,590.0,595.0,0.85,4084.0,715.0,567.6
ICFC,9/28/2026,595.0,607.0,592.0,593.5,-0.25,9329.0,715.0,567.6
ICFC,9/29/2026,620.0,620.0,589.0,0.0,-100.0,3279.0,715.0,567.6
ICFC,9/30/2026,590.1,594.0,590.1,591.1,0.17,4727.0,715.0,567.6
ICFC,10/1/2026,592.1,596.0,592.1,593.0,0.15,4790.0,715.0,567.6
ICFC,10/2/2026,622.0,622.0,585.4,592.0,-4.82,12591.0,715.0,567.6
ICFCD83,1/6/2026,1193.4,1241.4,1193.4,1241.4,,540.0,1272.2,843.2
ICFCD83,1/7/2026,1217.0,1217.0,1217.0,1217.0,-1.97,120.0,1272.2,843.2
ICFCD83,1/13/2026,1195.0,1196.0,1195.0,1195.1,-1.8,50.0,1272.2,843.2
ICFCD83,1/14/2026,1200.5,1200.5,1165.0,1165.0,-2.52,423.0,1272.2,843.2
ICFCD83,1/18/2026,1141.7,1142.0,1141.7,1142.0,-1.97,280.0,1272.2,843.2
ICFCD83,1/20/2026,1120.0,1120.0,1120.0,1120.0,-1.93,60.0,1272.2,843.2
ICFCD83,1/22/2026,1120.0,1120.0,1119.0,1119.0,-0.09,110.0,1272.2,843.2
ICFCD83,1/26/2026,1119.0,1119.0,1119.0,1119.0,0.0,89.0,1272.2,843.2
ICFCD83,1/28/2026,1119.9,1119.9,1119.9,1119.9,0.08,190.0,1272.2,843.2
ICFCD83,2/8/2026,1122.0,1122.0,1122.0,1122.0,0.19,60.0,1272.2,843.2
ICFCD83,2/23/2026,1135.0,1135.0,1135.0,1135.0,1.16,50.0,1272.2,843.2
ICFCD83,2/25/2026,1113.0,1113.0,1113.0,1113.0,-1.94,190.0,1272.2,843.2
ICFCD83,3/16/2026,1135.2,1135.2,1135.2,1135.2,1.99,10.0,1272.2,843.2
ICFCD83,3/22/2026,1115.0,1115.0,1115.0,1115.0,-1.78,570.0,1272.2,843.2
ICFCD83,3/23/2026,1100.0,1100.0,1100.0,1100.0,-1.35,190.0,1272.2,843.2
ICFCD83,3/25/2026,1091.5,1091.5,1088.5,1088.5,-1.05,70.0,1272.2,843.2
ICFCD83,3/26/2026,1105.0,1110.2,1105.0,1110.2,0.47,200.0,1272.2,843.2
ICFCD83,3/29/2026,1089.6,1089.6,1089.0,1089.0,-0.06,155.0,1272.2,843.2
ICFCD83,3/30/2026,1110.0,1110.0,1089.0,1089.0,-1.89,406.0,1272.2,843.2
ICFCD83,3/31/2026,1110.0,1110.0,1110.0,1110.0,0.0,70.0,1272.2,843.2
ICFCD83,4/1/2026,1092.1,1095.0,1090.0,1095.0,0.27,430.0,1272.2,843.2
ICFCD83,4/5/2026,1116.0,1116.9,1079.1,1100.0,-1.43,581.0,1272.2,843.2
ICFCD83,4/6/2026,1100.0,1116.0,1100.0,1116.0,1.45,50.0,1272.2,843.2
ICFCD83,4/9/2026,1123.9,1124.0,1105.0,1105.0,-1.68,225.0,1272.2,843.2
ICFCD83,4/16/2026,1086.9,1086.9,1086.0,1086.0,-0.08,106.0,1272.2,843.2
ICFCD83,4/20/2026,1086.0,1086.0,1086.0,1086.0,0.0,190.0,1272.2,843.2
ICFCD83,4/21/2026,1084.8,1084.8,1084.7,1084.7,-0.01,100.0,1272.2,843.2
ICFCD83,4/23/2026,1086.9,1086.9,1086.9,1086.9,0.0,50.0,1272.2,843.2
ICFCD83,4/29/2026,1086.9,1119.5,1119.0,1119.5,3.0,140.0,1272.2,843.2
ICFCD83,5/15/2026,1100.0,1100.0,1100.0,1100.0,0.0,100.0,1272.2,843.2
ICFCD83,5/18/2026,1100.0,1110.0,1082.1,1082.0,-1.64,137.0,1272.2,843.2
ICFCD83,5/19/2026,1082.0,1082.0,1082.0,1082.0,0.0,25.0,1272.2,843.2
ICFCD83,6/1/2026,1114.0,1114.0,1114.0,1114.0,0.0,27.0,1272.2,843.2
ICFCD83,6/2/2026,1126.0,1128.0,1126.0,1128.0,0.18,211.0,1272.2,843.2
ICFCD83,6/8/2026,1094.3,1094.3,1079.6,1079.6,-1.34,105.0,1272.2,843.2
ICFCD83,6/11/2026,1078.4,1078.4,1078.3,1100.0,2.0,50.0,1272.2,843.2
ICFCD83,6/16/2026,1103.0,1103.0,1103.0,1103.0,0.0,100.0,1272.2,843.2
ICFCD83,6/17/2026,1103.0,1128.0,1103.0,1120.0,1.54,138.0,1272.2,843.2
ICFCD83,6/24/2026,1119.9,1120.0,1119.9,1120.0,0.01,100.0,1272.2,843.2
ICFCD83,6/26/2026,1120.0,1120.0,1120.0,1120.0,0.0,333.0,1272.2,843.2
ICFCD83,7/2/2026,1086.4,1086.4,1086.4,1086.4,0.0,190.0,1272.2,843.2
ICFCD83,7/14/2026,1100.0,1100.0,1100.0,1100.0,0.0,50.0,1272.2,843.2
ICFCD83,7/15/2026,1100.0,1140.0,1100.0,1140.0,3.64,51.0,1272.2,843.2
ICFCD83,7/16/2026,1140.0,1140.0,1140.0,1154.0,1.23,6.0,1272.2,843.2
ICFCD83,7/17/2026,1154.0,1154.0,1154.0,1211.7,5.0,1.0,1272.2,843.2
ICFCD83,7/20/2026,1211.7,1211.7,1211.7,1272.2,4.99,1.0,1272.2,843.2
ICFCD83,8/4/2026,1272.2,1272.2,1272.2,1234.1,-2.99,1.0,1272.2,843.2
ICFCD83,8/12/2026,1234.1,1234.1,1049.0,1049.0,-15.0,42.0,1272.2,843.2
ICFCD83,8/14/2026,1032.0,1032.0,1032.0,1032.0,0.0,26.0,1272.2,843.2
ICFCD83,8/17/2026,1032.0,1032.0,1032.0,1040.0,0.78,15.0,1272.2,843.2
ICFCD83,8/18/2026,1035.0,1035.0,1035.0,1035.0,0.0,10.0,1272.2,843.2
ICFCD83,8/19/2026,1035.0,1035.0,1035.0,983.3,-5.0,1.0,1272.2,843.2
ICFCD83,8/20/2026,983.3,983.3,983.3,934.2,-4.99,1.0,1272.2,843.2
ICFCD83,8/21/2026,934.2,934.2,934.2,887.5,-5.0,1.0,1272.2,843.2
ICFCD83,8/24/2026,887.5,887.5,887.5,843.2,-4.99,1.0,1272.2,843.2
ICFCD83,9/3/2026,843.2,843.2,843.2,868.4,2.99,1.0,1272.2,843.2
ICFCD83,9/16/2026,868.4,868.4,868.4,921.2,6.08,2.0,1272.2,843.2
ICFCD83,9/24/2026,921.2,921.2,921.2,967.2,4.99,1.0,1272.2,843.2
ICFCD83,9/29/2026,996.2,1056.0,996.2,0.0,-100.0,110.0,1272.2,843.2
ICFCD83,9/30/2026,1082.0,1088.0,1082.0,1085.0,0.28,56.0,1272.2,843.2
ICFCD83,10/1/2026,1085.0,1085.0,1085.0,1055.0,-2.76,15.0,1272.2,843.2
ICFCD88,12/21/2025,1136.0,1208.7,1136.0,1208.7,,264.0,1216.0,1083.9
ICFCD88,12/22/2025,1200.0,1215.0,1200.0,1216.0,0.6,405.0,1216.0,1083.9
ICFCD88,12/24/2025,1216.0,1216.0,1216.0,1191.7,-2.0,1.0,1216.0,1083.9
ICFCD88,12/28/2025,1167.9,1174.0,1150.0,1151.0,-3.42,125.0,1216.0,1083.9
ICFCD88,12/29/2025,1151.0,1162.0,1151.0,1162.0,0.96,130.0,1216.0,1083.9
ICFCD88,12/31/2025,1170.0,1170.0,1170.0,1170.0,0.69,60.0,1216.0,1083.9
ICFCD88,1/1/2026,1157.0,1179.0,1156.0,1179.0,0.77,35.0,1216.0,1083.9
ICFCD88,1/4/2026,1160.0,1179.9,1160.0,1179.9,0.08,44.0,1216.0,1083.9
ICFCD88,1/6/2026,1156.4,1156.4,1156.4,1156.4,-1.99,50.0,1216.0,1083.9
ICFCD88,1/7/2026,1142.0,1150.0,1142.0,1149.0,-0.64,75.0,1216.0,1083.9
ICFCD88,1/8/2026,1150.0,1165.0,1150.0,1165.0,1.39,50.0,1216.0,1083.9
ICFCD88,1/12/2026,1165.0,1167.9,1145.0,1167.9,0.25,80.0,1216.0,1083.9
ICFCD88,1/13/2026,1170.0,1180.0,1170.0,1180.0,1.04,225.0,1216.0,1083.9
ICFCD88,1/14/2026,1160.0,1160.0,1141.1,1141.1,-3.3,100.0,1216.0,1083.9
ICFCD88,1/18/2026,1130.0,1130.0,1110.0,1110.0,-2.73,100.0,1216.0,1083.9
ICFCD88,1/20/2026,1106.0,1111.0,1083.9,1100.0,-0.9,490.0,1216.0,1083.9
ICFCD88,1/22/2026,1100.0,1110.0,1100.0,1110.0,0.91,75.0,1216.0,1083.9
ICFCD88,1/25/2026,1103.0,1103.1,1103.0,1103.1,-0.62,48.0,1216.0,1083.9
ICFCD88,1/26/2026,1115.0,1115.0,1107.0,1107.0,0.35,62.0,1216.0,1083.9
ICFCD88,1/27/2026,1115.0,1137.0,1115.0,1137.0,2.71,150.0,1216.0,1083.9
ICFCD88,1/28/2026,1137.0,1137.0,1137.0,1137.0,0.0,50.0,1216.0,1083.9
ICFCD88,1/29/2026,1115.0,1115.0,1103.0,1125.0,-1.06,51.0,1216.0,1083.9
ICFCD88,2/3/2026,1125.0,1125.0,1120.0,1120.0,-0.44,50.0,1216.0,1083.9
ICFCD88,2/4/2026,1115.0,1120.0,1115.0,1120.0,0.0,75.0,1216.0,1083.9
ICFCD88,2/5/2026,1120.0,1120.0,1120.0,1120.0,0.0,50.0,1216.0,1083.9
ICFCD88,2/8/2026,1120.1,1120.1,1120.1,1120.1,0.01,25.0,1216.0,1083.9
ICFCD88,2/9/2026,1118.0,1120.5,1118.0,1120.5,0.04,125.0,1216.0,1083.9
ICFCD88,2/10/2026,1121.5,1129.0,1121.5,1125.0,0.4,109.0,1216.0,1083.9
ICFCD88,2/11/2026,1125.0,1125.0,1120.0,1121.6,-0.3,150.0,1216.0,1083.9
ICFCD88,2/12/2026,1125.7,1125.8,1125.6,1125.7,0.37,200.0,1216.0,1083.9
ICFCD88,2/16/2026,1120.0,1141.0,1120.0,1130.0,0.38,209.0,1216.0,1083.9
ICFCD88,2/17/2026,1130.0,1143.0,1130.0,1141.0,0.97,218.0,1216.0,1083.9
ICFCD88,2/22/2026,1125.1,1125.1,1125.1,1125.1,-1.39,25.0,1216.0,1083.9
ICFCD88,2/23/2026,1147.6,1167.2,1147.6,1167.2,3.74,123.0,1216.0,1083.9
ICFCD88,2/24/2026,1164.0,1164.0,1140.9,1140.9,-2.25,125.0,1216.0,1083.9
ICFCD88,2/25/2026,1138.0,1138.0,1138.0,1138.0,-0.25,25.0,1216.0,1083.9
ICFCD88,2/26/2026,1145.0,1150.0,1140.0,1150.0,1.05,75.0,1216.0,1083.9
ICFCD88,2/27/2026,1145.0,1150.0,1140.0,1150.0,0.0,75.0,1216.0,1083.9
ICFCD88,2/28/2026,1145.0,1150.0,1140.0,1150.0,0.0,75.0,1216.0,1083.9
ICFCD88,3/1/2026,1145.0,1150.0,1140.0,1150.0,0.0,75.0,1216.0,1083.9
ICFCD88,3/3/2026,1130.0,1160.0,1130.0,1160.0,0.87,155.0,1216.0,1083.9
ICFCD88,3/4/2026,1130.0,1160.0,1130.0,1160.0,0.0,155.0,1216.0,1083.9
ICFCD88,3/5/2026,1130.0,1160.0,1130.0,1160.0,0.0,155.0,1216.0,1083.9
ICFCD88,3/6/2026,1130.0,1160.0,1130.0,1160.0,0.0,155.0,1216.0,1083.9
ICFCD88,3/7/2026,1130.0,1160.0,1130.0,1160.0,0.0,155.0,1216.0,1083.9
ICFCD88,3/8/2026,1130.0,1160.0,1130.0,1160.0,0.0,155.0,1216.0,1083.9
ICFCD88,3/10/2026,1137.2,1140.7,1137.2,1140.7,-1.66,35.0,1216.0,1083.9
ICFCD88,3/11/2026,1147.2,1163.0,1147.2,1163.0,1.95,200.0,1216.0,1083.9
ICFCD88,3/12/2026,1143.0,1143.0,1143.0,1143.0,-1.72,25.0,1216.0,1083.9
ICFCD88,3/13/2026,1143.0,1143.0,1143.0,1143.0,0.0,25.0,1216.0,1083.9
ICFCD88,3/14/2026,1143.0,1143.0,1143.0,1143.0,0.0,25.0,1216.0,1083.9
ICFCD88,3/15/2026,1140.0,1140.0,1140.0,1140.0,-0.26,25.0,1216.0,1083.9
ICFCD88,3/16/2026,1145.0,1149.0,1135.1,1149.0,0.79,75.0,1216.0,1083.9
ICFCD88,3/17/2026,1130.7,1170.0,1130.7,1170.0,1.83,200.0,1216.0,1083.9
ICFCD88,3/18/2026,1130.7,1170.0,1130.7,1170.0,0.0,200.0,1216.0,1083.9
ICFCD88,3/19/2026,1184.9,1184.9,1161.3,1169.0,-0.09,375.0,1216.0,1083.9
ICFCD88,3/20/2026,1184.9,1184.9,1161.3,1169.0,0.0,375.0,1216.0,1083.9
ICFCD88,3/21/2026,1184.9,1184.9,1161.3,1169.0,0.0,375.0,1216.0,1083.9
ICFCD88,3/22/2026,1159.0,1159.0,1142.0,1142.0,-2.31,75.0,1216.0,1083.9
ICFCD88,3/23/2026,1152.0,1155.0,1138.1,1155.0,1.14,125.0,1216.0,1083.9
ICFCD88,3/24/2026,1150.0,1173.0,1149.6,1173.0,1.56,259.0,1216.0,1083.9
ICFCD88,3/25/2026,1150.0,1150.0,1150.0,1171.0,-0.17,51.0,1216.0,1083.9
ICFCD88,3/26/2026,1155.0,1165.0,1155.0,1165.0,0.87,124.0,1216.0,1083.9
ICFCD88,3/30/2026,1150.0,1168.0,1150.0,1168.0,1.57,125.0,1216.0,1083.9
ICFCD88,3/31/2026,1150.0,1150.0,1150.0,1150.0,0.0,125.0,1216.0,1083.9
ICFCD88,4/1/2026,1164.0,1199.0,1164.0,1199.0,3.01,894.0,1216.0,1083.9
ICFCD88,4/6/2026,1176.0,1195.0,1176.0,1180.0,0.34,275.0,1216.0,1083.9
ICFCD88,4/7/2026,1157.2,1157.2,1157.1,1157.1,-0.01,75.0,1216.0,1083.9
ICFCD88,4/8/2026,1155.0,1165.0,1150.0,1165.0,0.87,75.0,1216.0,1083.9
ICFCD88,4/10/2026,1170.0,1190.0,1170.0,1190.0,1.71,160.0,1216.0,1083.9
ICFCD88,4/13/2026,1170.0,1170.0,1170.0,1170.0,0.0,25.0,1216.0,1083.9
ICFCD88,4/16/2026,1147.0,1147.0,1147.0,1147.0,0.0,25.0,1216.0,1083.9
ICFCD88,4/17/2026,1152.5,1175.0,1152.5,1175.0,1.95,100.0,1216.0,1083.9
ICFCD88,4/20/2026,1150.0,1184.0,1150.0,1184.0,2.96,50.0,1216.0,1083.9
ICFCD88,4/21/2026,1186.0,1190.0,1185.0,1190.0,0.34,383.0,1216.0,1083.9
ICFCD88,4/23/2026,1157.0,1160.0,1157.0,1159.0,0.17,65.0,1216.0,1083.9
ICFCD88,4/24/2026,1159.0,1185.0,1156.1,1185.0,2.24,120.0,1216.0,1083.9
ICFCD88,4/27/2026,1185.0,1200.0,1165.0,1165.0,-1.69,50.0,1216.0,1083.9
ICFCD88,4/28/2026,1165.0,1200.0,1138.0,1200.0,3.0,125.0,1216.0,1083.9
ICFCD88,4/29/2026,1200.0,1167.0,1167.0,1167.0,-2.75,25.0,1216.0,1083.9
ICFCD88,4/30/2026,1200.0,1201.0,1200.0,1201.0,0.08,100.0,1216.0,1083.9
ICFCD88,5/4/2026,1169.0,1169.0,1169.0,1169.0,0.0,25.0,1216.0,1083.9
ICFCD88,5/5/2026,1170.0,1170.0,1170.0,1170.0,0.0,50.0,1216.0,1083.9
ICFCD88,5/7/2026,1142.0,1142.0,1142.0,1142.0,0.0,25.0,1216.0,1083.9
ICFCD88,5/8/2026,1155.0,1155.0,1155.0,1155.0,0.0,25.0,1216.0,1083.9
ICFCD88,5/11/2026,1160.0,1160.0,1160.0,1160.0,0.0,25.0,1216.0,1083.9
ICFCD88,5/12/2026,1135.0,1145.0,1135.0,1145.0,0.88,50.0,1216.0,1083.9
ICFCD88,5/13/2026,1115.0,1148.0,1115.0,1137.0,1.97,75.0,1216.0,1083.9
ICFCD88,5/14/2026,1133.0,1133.0,1133.0,1133.0,0.0,50.0,1216.0,1083.9
ICFCD88,5/15/2026,1133.0,1133.1,1133.0,1133.1,0.01,50.0,1216.0,1083.9
ICFCD88,5/18/2026,1135.1,1137.1,1135.0,1137.1,0.18,75.0,1216.0,1083.9
ICFCD88,5/20/2026,1130.0,1130.0,1130.0,1130.0,0.0,25.0,1216.0,1083.9
ICFCD88,5/21/2026,1150.0,1163.0,1135.0,1135.0,-1.3,60.0,1216.0,1083.9
ICFCD88,5/22/2026,1150.0,1150.0,1150.0,1150.0,0.0,25.0,1216.0,1083.9
ICFCD88,5/25/2026,1145.0,1145.0,1145.0,1145.0,0.0,25.0,1216.0,1083.9
ICFCD88,5/26/2026,1134.0,1135.0,1134.0,1135.0,0.09,50.0,1216.0,1083.9
ICFCD88,5/27/2026,1145.0,1145.0,1145.0,1145.0,0.0,25.0,1216.0,1083.9
ICFCD88,6/1/2026,1145.0,1145.0,1145.0,1145.0,0.0,25.0,1216.0,1083.9
ICFCD88,6/2/2026,1130.2,1150.0,1130.2,1150.0,1.75,100.0,1216.0,1083.9
ICFCD88,6/3/2026,1150.5,1156.0,1150.5,1156.0,0.48,90.0,1216.0,1083.9
ICFCD88,6/4/2026,1156.0,1160.0,1156.0,1160.0,0.35,75.0,1216.0,1083.9
ICFCD88,6/5/2026,1157.0,1157.0,1157.0,1157.0,0.0,25.0,1216.0,1083.9
ICFCD88,6/8/2026,1160.0,1160.0,1160.0,1160.0,0.0,50.0,1216.0,1083.9
ICFCD88,6/9/2026,1160.0,1161.0,1155.0,1161.0,0.09,100.0,1216.0,1083.9
ICFCD88,6/10/2026,1155.0,1165.0,1155.0,1165.0,0.87,50.0,1216.0,1083.9
ICFCD88,6/11/2026,1165.0,1165.0,1145.0,1150.0,-1.29,75.0,1216.0,1083.9
ICFCD88,6/12/2026,1160.0,1160.0,1150.0,1150.0,-0.86,75.0,1216.0,1083.9
ICFCD88,6/15/2026,1150.1,1150.1,1150.1,1150.1,0.0,25.0,1216.0,1083.9
ICFCD88,6/17/2026,1150.0,1150.0,1150.0,1150.0,0.0,25.0,1216.0,1083.9
ICFCD88,6/18/2026,1115.5,1115.5,1115.5,1115.5,0.0,25.0,1216.0,1083.9
ICFCD88,6/19/2026,1140.0,1140.0,1140.0,1140.0,0.0,10.0,1216.0,1083.9
ICFCD88,6/22/2026,1140.0,1140.0,1121.0,1121.0,-1.67,40.0,1216.0,1083.9
ICFCD88,6/24/2026,1115.1,1148.0,1115.1,1148.0,2.95,75.0,1216.0,1083.9
ICFCD88,6/26/2026,1140.0,1140.0,1140.0,1140.0,0.0,25.0,1216.0,1083.9
ICFCD88,6/29/2026,1140.0,1140.0,1140.0,1140.0,0.0,50.0,1216.0,1083.9
ICFCD88,6/30/2026,1143.0,1143.0,1143.0,1143.0,0.0,10.0,1216.0,1083.9
ICFCD88,7/1/2026,1130.1,1138.0,1130.1,1138.0,0.7,50.0,1216.0,1083.9
ICFCD88,7/2/2026,1138.0,1138.0,1138.0,1138.0,0.0,25.0,1216.0,1083.9
ICFCD88,7/6/2026,1132.0,1132.0,1132.0,1132.0,0.0,25.0,1216.0,1083.9
ICFCD88,7/8/2026,1140.0,1140.0,1140.0,1140.0,0.0,25.0,1216.0,1083.9
ICFCD88,7/9/2026,1120.0,1150.0,1120.0,1150.0,2.68,175.0,1216.0,1083.9
ICFCD88,7/14/2026,1165.0,1215.0,1165.0,1178.6,1.17,120550.0,1216.0,1083.9
ICFCD88,7/16/2026,1178.6,1178.6,1164.0,1164.0,-1.24,30.0,1216.0,1083.9
ICFCD88,7/17/2026,1164.0,1164.0,1155.0,1155.0,-0.77,25.0,1216.0,1083.9
ICFCD88,7/21/2026,1123.0,1123.0,1123.0,1123.0,0.0,25.0,1216.0,1083.9
ICFCD88,7/22/2026,1123.0,1123.0,1115.0,1121.0,-0.18,75.0,1216.0,1083.9
ICFCD88,7/23/2026,1125.0,1158.9,1124.2,1124.2,-0.07,150.0,1216.0,1083.9
ICFCD88,7/27/2026,1125.0,1125.0,1125.0,1125.0,0.0,25.0,1216.0,1083.9
ICFCD88,7/28/2026,1125.0,1140.0,1125.0,1140.0,1.33,50.0,1216.0,1083.9
ICFCD88,7/30/2026,1140.0,1140.0,1140.0,1140.0,0.0,75.0,1216.0,1083.9
ICFCD88,8/3/2026,1165.0,1170.0,1165.0,1170.0,0.43,125.0,1216.0,1083.9
ICFCD88,8/10/2026,1164.0,1164.0,1134.9,1134.9,-2.5,175.0,1216.0,1083.9
ICFCD88,8/12/2026,1115.0,1130.0,1115.0,1130.0,1.35,75.0,1216.0,1083.9
ICFCD88,8/13/2026,1105.0,1125.0,1105.0,1125.0,1.81,50.0,1216.0,1083.9
ICFCD88,8/21/2026,1110.1,1110.1,1110.0,1110.0,-0.01,50.0,1216.0,1083.9
ICFCD88,8/31/2026,1091.2,1091.2,1091.1,1091.1,-0.01,25.0,1216.0,1083.9
ICFCD88,9/2/2026,1123.8,1123.8,1123.8,1123.8,0.0,25.0,1216.0,1083.9
ICFCD88,9/3/2026,1105.1,1105.1,1105.1,1105.1,0.0,25.0,1216.0,1083.9
ICFCD88,9/7/2026,1119.0,1119.0,1118.0,1118.0,-0.09,50.0,1216.0,1083.9
ICFCD88,9/9/2026,1120.0,1120.0,1091.3,1112.0,-0.71,75.0,1216.0,1083.9
ICFCD88,9/14/2026,1092.3,1125.0,1092.3,1125.0,2.99,50.0,1216.0,1083.9
ICFCD88,9/15/2026,1118.0,1118.0,1118.0,1118.0,0.0,15.0,1216.0,1083.9
ICFCD88,9/16/2026,1121.0,1121.0,1121.0,1121.0,0.0,25.0,1216.0,1083.9
ICFCD88,9/17/2026,1120.0,1120.0,1120.0,1120.0,0.0,25.0,1216.0,1083.9
ICFCD88,9/18/2026,1129.0,1129.0,1129.0,1129.0,0.0,25.0,1216.0,1083.9
ICFCD88,9/22/2026,1154.0,1160.0,1154.0,1160.0,0.52,75.0,1216.0,1083.9
ICFCD88,9/23/2026,1127.0,1130.0,1127.0,1130.0,0.27,125.0,1216.0,1083.9
ICFCD88,9/24/2026,1130.0,1154.0,1119.4,1119.4,-0.94,75.0,1216.0,1083.9
ICFCD88,9/28/2026,1120.0,1138.0,1120.0,1138.0,1.61,99.0,1216.0,1083.9
ICFCD88,9/29/2026,1138.0,1138.0,1138.0,0.0,-100.0,25.0,1216.0,1083.9
ICFCD88,10/1/2026,1130.1,1130.1,1130.1,1130.1,0.0,25.0,1216.0,1083.9
ICFCD88,10/2/2026,1156.0,1156.0,1143.0,1150.0,-0.52,185.0,1216.0,1083.9
ICFCD89,4/8/2026,1020.0,1100.0,1020.0,1100.0,7.84,2326.0,1140.0,1020.0
ICFCD89,4/9/2026,1078.0,1101.0,1078.0,1090.0,1.11,2200.0,1140.0,1020.0
ICFCD89,4/10/2026,1080.0,1095.0,1080.0,1091.0,1.02,835.0,1140.0,1020.0
ICFCD89,4/13/2026,1084.0,1091.5,1084.0,1087.8,0.35,1176.0,1140.0,1020.0
ICFCD89,4/15/2026,1087.0,1095.0,1087.0,1090.0,0.28,930.0,1140.0,1020.0
ICFCD89,4/16/2026,1089.0,1110.0,1080.5,1090.0,0.09,2301.0,1140.0,1020.0
ICFCD89,4/17/2026,1082.1,1099.9,1082.1,1090.0,0.73,775.0,1140.0,1020.0
ICFCD89,4/20/2026,1083.0,1089.0,1083.0,1085.5,0.23,275.0,1140.0,1020.0
ICFCD89,4/21/2026,1076.6,1090.9,1076.6,1084.1,0.7,425.0,1140.0,1020.0
ICFCD89,4/22/2026,1085.0,1085.0,1073.1,1084.0,-0.09,350.0,1140.0,1020.0
ICFCD89,4/23/2026,1081.2,1083.6,1081.2,1083.6,0.22,275.0,1140.0,1020.0
ICFCD89,4/24/2026,1100.0,1100.0,1082.0,1083.1,-1.54,2425.0,1140.0,1020.0
ICFCD89,4/27/2026,1083.1,1110.0,1085.1,1098.9,1.46,1200.0,1140.0,1020.0
ICFCD89,4/28/2026,1115.0,1115.0,1090.0,1090.0,-2.24,1150.0,1140.0,1020.0
ICFCD89,4/29/2026,1090.0,1100.0,1086.0,1096.0,0.55,365.0,1140.0,1020.0
ICFCD89,4/30/2026,1098.0,1098.0,1085.0,1087.1,-0.99,375.0,1140.0,1020.0
ICFCD89,5/4/2026,1086.6,1087.0,1085.0,1085.0,-0.15,225.0,1140.0,1020.0
ICFCD89,5/5/2026,1090.0,1090.0,1085.0,1085.5,-0.41,270.0,1140.0,1020.0
ICFCD89,5/6/2026,1076.2,1087.0,1076.2,1085.1,0.83,342.0,1140.0,1020.0
ICFCD89,5/7/2026,1084.1,1090.0,1083.1,1083.1,-0.09,220.0,1140.0,1020.0
ICFCD89,5/8/2026,1086.4,1086.4,1081.1,1085.0,-0.13,259.0,1140.0,1020.0
ICFCD89,5/11/2026,1085.0,1090.0,1084.0,1085.0,0.0,190.0,1140.0,1020.0
ICFCD89,5/12/2026,1094.0,1095.0,1085.0,1085.0,-0.82,130.0,1140.0,1020.0
ICFCD89,5/13/2026,1085.0,1086.0,1080.0,1084.0,-0.09,225.0,1140.0,1020.0
ICFCD89,5/14/2026,1081.0,1100.0,1081.0,1083.1,0.19,652.0,1140.0,1020.0
ICFCD89,5/15/2026,1099.0,1099.0,1083.1,1087.0,-1.09,270.0,1140.0,1020.0
ICFCD89,5/18/2026,1087.0,1100.0,1084.1,1085.0,-0.18,420.0,1140.0,1020.0
ICFCD89,5/19/2026,1085.0,1097.9,1075.8,1090.0,0.46,384.0,1140.0,1020.0
ICFCD89,5/20/2026,1090.0,1099.0,1090.0,1090.0,0.0,385.0,1140.0,1020.0
ICFCD89,5/21/2026,1083.0,1100.0,1083.0,1099.9,1.56,536.0,1140.0,1020.0
ICFCD89,5/22/2026,1080.3,1099.0,1080.2,1099.0,1.73,125.0,1140.0,1020.0
ICFCD89,5/25/2026,1081.0,1099.0,1081.0,1099.0,1.67,200.0,1140.0,1020.0
ICFCD89,5/26/2026,1090.0,1100.0,1083.0,1100.0,0.92,350.0,1140.0,1020.0
ICFCD89,5/27/2026,1095.0,1095.0,1090.0,1090.0,-0.46,80.0,1140.0,1020.0
ICFCD89,6/1/2026,1085.0,1098.0,1085.0,1098.0,1.2,375.0,1140.0,1020.0
ICFCD89,6/2/2026,1088.0,1098.0,1088.0,1098.0,0.92,280.0,1140.0,1020.0
ICFCD89,6/3/2026,1080.0,1099.7,1080.0,1098.0,1.67,395.0,1140.0,1020.0
ICFCD89,6/4/2026,1095.0,1100.0,1090.0,1097.0,0.18,290.0,1140.0,1020.0
ICFCD89,6/5/2026,1095.0,1097.0,1090.0,1105.0,0.91,50.0,1140.0,1020.0
ICFCD89,6/8/2026,1084.0,1095.0,1084.0,1088.5,0.42,185.0,1140.0,1020.0
ICFCD89,6/9/2026,1080.1,1102.0,1080.1,1085.5,0.5,270.0,1140.0,1020.0
ICFCD89,6/10/2026,1090.0,1090.0,1090.0,1090.0,0.0,50.0,1140.0,1020.0
ICFCD89,6/11/2026,1098.0,1099.0,1085.1,1085.1,-1.17,125.0,1140.0,1020.0
ICFCD89,6/12/2026,1100.0,1100.0,1086.1,1086.2,-1.25,125.0,1140.0,1020.0
ICFCD89,6/15/2026,1087.3,1087.3,1087.0,1087.0,-0.03,100.0,1140.0,1020.0
ICFCD89,6/16/2026,1087.0,1095.0,1087.0,1095.0,0.74,125.0,1140.0,1020.0
ICFCD89,6/17/2026,1090.1,1099.0,1087.0,1099.0,0.82,100.0,1140.0,1020.0
ICFCD89,6/18/2026,1087.2,1087.2,1087.2,1087.2,0.0,25.0,1140.0,1020.0
ICFCD89,6/19/2026,1087.5,1087.5,1086.2,1086.5,-0.09,75.0,1140.0,1020.0
ICFCD89,6/22/2026,1100.0,1105.0,1097.0,1098.1,-0.17,680.0,1140.0,1020.0
ICFCD89,6/23/2026,1095.0,1110.0,1087.0,1087.0,-0.73,300.0,1140.0,1020.0
ICFCD89,6/24/2026,1095.1,1118.0,1095.1,1114.9,1.81,930.0,1140.0,1020.0
ICFCD89,6/26/2026,1100.0,1110.0,1097.6,1113.8,1.25,218.0,1140.0,1020.0
ICFCD89,6/29/2026,1094.2,1110.0,1094.2,1096.5,0.21,110.0,1140.0,1020.0
ICFCD89,6/30/2026,1095.0,1135.0,1095.0,1098.3,0.3,565.0,1140.0,1020.0
ICFCD89,7/1/2026,1094.1,1110.0,1094.1,1100.0,0.54,200.0,1140.0,1020.0
ICFCD89,7/2/2026,1086.1,1109.0,1086.1,1109.0,2.11,375.0,1140.0,1020.0
ICFCD89,7/3/2026,1116.0,1140.0,1105.8,1110.0,-0.54,20658.0,1140.0,1020.0
ICFCD89,7/6/2026,1091.2,1111.0,1091.2,1100.0,0.81,650.0,1140.0,1020.0
ICFCD89,7/7/2026,1100.3,1100.3,1100.3,1100.3,0.0,25.0,1140.0,1020.0
ICFCD89,7/8/2026,1101.0,1115.0,1100.0,1115.0,1.27,470.0,1140.0,1020.0
ICFCD89,7/9/2026,1100.5,1100.5,1100.5,1113.0,1.14,80.0,1140.0,1020.0
ICFCD89,7/10/2026,1113.0,1113.0,1113.0,1113.0,0.0,25.0,1140.0,1020.0
ICFCD89,7/13/2026,1113.0,1113.0,1101.5,1112.0,-0.09,158.0,1140.0,1020.0
ICFCD89,7/14/2026,1110.0,1120.0,1105.1,1120.0,0.9,636.0,1140.0,1020.0
ICFCD89,7/15/2026,1120.0,1120.0,1108.1,1108.3,-1.04,133.0,1140.0,1020.0
ICFCD89,7/16/2026,1108.3,1109.0,1107.3,1119.0,0.97,128.0,1140.0,1020.0
ICFCD89,7/17/2026,1105.0,1108.0,1085.0,1106.0,0.09,619.0,1140.0,1020.0
ICFCD89,7/20/2026,1090.1,1100.0,1089.1,1100.0,0.91,200.0,1140.0,1020.0
ICFCD89,7/21/2026,1100.0,1107.0,1086.1,1090.0,-0.91,634.0,1140.0,1020.0
ICFCD89,7/22/2026,1090.0,1103.0,1088.0,1091.0,0.09,491.0,1140.0,1020.0
ICFCD89,7/23/2026,1106.0,1123.7,1106.0,1120.0,1.27,385.0,1140.0,1020.0
ICFCD89,7/24/2026,1100.0,1101.0,1100.0,1101.0,0.09,99.0,1140.0,1020.0
ICFCD89,7/27/2026,1100.0,1101.0,1097.0,1097.6,-0.22,95.0,1140.0,1020.0
ICFCD89,7/28/2026,1086.0,1097.0,1086.0,1098.0,1.1,170.0,1140.0,1020.0
ICFCD89,7/29/2026,1092.7,1100.0,1092.7,1100.0,0.67,170.0,1140.0,1020.0
ICFCD89,7/30/2026,1099.0,1100.0,1090.6,1092.3,-0.61,225.0,1140.0,1020.0
ICFCD89,7/31/2026,1092.3,1093.2,1091.1,1093.2,0.08,60.0,1140.0,1020.0
ICFCD89,8/3/2026,1095.0,1101.0,1085.0,1101.0,0.55,200.0,1140.0,1020.0
ICFCD89,8/4/2026,1100.0,1100.0,1092.0,1092.0,-0.73,50.0,1140.0,1020.0
ICFCD89,8/5/2026,1082.0,1082.0,1082.0,1082.0,0.0,25.0,1140.0,1020.0
ICFCD89,8/6/2026,1081.1,1090.0,1081.1,1090.0,0.82,150.0,1140.0,1020.0
ICFCD89,8/7/2026,1085.0,1092.0,1085.0,1092.0,0.65,222.0,1140.0,1020.0
ICFCD89,8/10/2026,1064.2,1064.2,1064.2,1064.2,0.0,25.0,1140.0,1020.0
ICFCD89,8/12/2026,1077.1,1077.4,1077.1,1077.4,0.03,50.0,1140.0,1020.0
ICFCD89,8/13/2026,1077.4,1100.0,1077.4,1092.0,1.36,275.0,1140.0,1020.0
ICFCD89,8/14/2026,1080.0,1092.0,1080.0,1092.0,1.11,100.0,1140.0,1020.0
ICFCD89,8/17/2026,1092.0,1092.0,1082.0,1082.0,-0.92,50.0,1140.0,1020.0
ICFCD89,8/18/2026,1080.0,1083.0,1076.0,1083.0,0.28,75.0,1140.0,1020.0
ICFCD89,8/19/2026,1085.0,1085.0,1085.0,1085.0,0.0,20.0,1140.0,1020.0
ICFCD89,8/20/2026,1090.0,1090.0,1085.0,1090.0,0.0,60.0,1140.0,1020.0
ICFCD89,8/21/2026,1090.0,1099.0,1081.0,1100.0,0.92,180.0,1140.0,1020.0
ICFCD89,8/24/2026,1085.0,1097.0,1085.0,1097.0,1.11,40.0,1140.0,1020.0
ICFCD89,8/25/2026,1066.2,1104.0,1066.2,1099.0,3.08,295.0,1140.0,1020.0
ICFCD89,8/26/2026,1074.6,1100.0,1074.6,1100.0,2.36,150.0,1140.0,1020.0
ICFCD89,8/27/2026,1100.0,1100.0,1085.0,1086.1,-1.26,100.0,1140.0,1020.0
ICFCD89,9/1/2026,1090.0,1105.0,1083.3,1101.0,1.01,209.0,1140.0,1020.0
ICFCD89,9/2/2026,1081.6,1100.0,1081.6,1088.0,0.59,200.0,1140.0,1020.0
ICFCD89,9/7/2026,1090.0,1095.0,1090.0,1095.0,0.46,50.0,1140.0,1020.0
ICFCD89,9/9/2026,1065.8,1119.68,1065.8,1086.1,1.9,240.0,1140.0,1020.0
ICFCD89,9/10/2026,1110.0,1110.0,1095.0,1089.0,-1.89,50.0,1140.0,1020.0
ICFCD89,9/11/2026,1100.0,1100.0,1091.0,1093.1,-0.63,90.0,1140.0,1020.0
ICFCD89,9/14/2026,1090.0,1100.0,1090.0,1099.9,0.91,138.0,1140.0,1020.0
ICFCD89,9/15/2026,1085.4,1095.0,1085.4,1095.0,0.88,100.0,1140.0,1020.0
ICFCD89,9/16/2026,1081.8,1095.0,1081.8,1095.0,1.22,105.0,1140.0,1020.0
ICFCD89,9/18/2026,1099.1,1105.0,1099.1,1109.0,0.9,75.0,1140.0,1020.0
ICFCD89,9/22/2026,1107.0,1108.0,1090.1,1090.1,-1.53,100.0,1140.0,1020.0
ICFCD89,9/23/2026,1076.68,1101.0,1076.68,1093.0,1.52,305.0,1140.0,1020.0
ICFCD89,9/24/2026,1080.6,1086.0,1080.6,1086.0,0.5,100.0,1140.0,1020.0
ICFCD89,9/28/2026,1094.0,1094.0,1092.0,1092.0,-0.18,100.0,1140.0,1020.0
ICFCD89,9/29/2026,1088.7,1100.0,1088.7,0.0,-100.0,500.0,1140.0,1020.0
ICFCD89,9/30/2026,1100.0,1100.0,1100.0,1100.0,0.0,125.0,1140.0,1020.0
ICFCD89,10/1/2026,1110.0,1110.5,1097.6,1107.1,-0.26,930.0,1140.0,1020.0
ICFCD89,10/2/2026,1118.0,1130.0,1105.0,1111.0,-0.63,790.0,1140.0,1020.0
IGI,12/21/2025,413.2,414.9,408.5,410.9,,8879.0,501.0,355.1
IGI,12/22/2025,411.0,419.0,408.5,419.0,1.97,13122.0,501.0,355.1
IGI,12/23/2025,414.2,415.0,410.0,412.5,-1.55,7705.0,501.0,355.1
IGI,12/24/2025,416.8,416.8,410.0,414.0,0.36,8163.0,501.0,355.1
IGI,12/28/2025,415.0,423.0,415.0,422.9,2.15,7583.0,501.0,355.1
IGI,12/29/2025,429.5,429.5,417.0,417.5,-1.28,18766.0,501.0,355.1
IGI,12/31/2025,422.5,423.7,416.0,419.0,0.36,7459.0,501.0,355.1
IGI,1/1/2026,415.0,420.0,415.0,415.0,-0.95,8655.0,501.0,355.1
IGI,1/4/2026,415.0,419.9,413.6,414.0,-0.24,9823.0,501.0,355.1
IGI,1/5/2026,413.5,419.0,413.0,417.3,0.8,11783.0,501.0,355.1
IGI,1/6/2026,420.0,422.8,418.5,419.0,0.41,6978.0,501.0,355.1
IGI,1/7/2026,421.9,424.5,416.2,416.2,-0.67,10275.0,501.0,355.1
IGI,1/8/2026,417.0,422.0,416.0,420.0,0.91,7135.0,501.0,355.1
IGI,1/12/2026,423.0,423.0,417.1,419.9,-0.02,9653.0,501.0,355.1
IGI,1/13/2026,416.0,422.0,415.1,419.0,-0.21,10542.0,501.0,355.1
IGI,1/14/2026,423.0,423.0,416.0,420.9,0.45,10470.0,501.0,355.1
IGI,1/18/2026,425.0,425.0,420.0,420.0,-0.21,15048.0,501.0,355.1
IGI,1/20/2026,427.0,440.0,423.5,436.0,3.81,30894.0,501.0,355.1
IGI,1/21/2026,440.7,440.7,428.0,430.0,-1.38,16602.0,501.0,355.1
IGI,1/22/2026,429.0,438.0,427.0,436.0,1.4,20687.0,501.0,355.1
IGI,1/25/2026,444.0,455.0,438.2,454.1,4.15,46341.0,501.0,355.1
IGI,1/26/2026,454.0,454.0,443.0,444.0,-2.22,36072.0,501.0,355.1
IGI,1/27/2026,440.0,449.0,428.0,437.0,-1.58,37122.0,501.0,355.1
IGI,1/28/2026,432.7,439.0,427.0,437.0,0.0,24690.0,501.0,355.1
IGI,1/29/2026,435.2,445.0,431.0,434.8,-0.5,20807.0,501.0,355.1
IGI,2/1/2026,439.0,440.0,428.2,430.0,-1.1,20239.0,501.0,355.1
IGI,2/2/2026,430.1,435.0,425.0,430.0,0.0,18429.0,501.0,355.1
IGI,2/3/2026,435.0,435.0,426.7,429.0,-0.23,6909.0,501.0,355.1
IGI,2/4/2026,437.5,437.5,423.1,425.0,-0.93,15386.0,501.0,355.1
IGI,2/5/2026,423.0,440.0,421.0,440.0,3.53,28111.0,501.0,355.1
IGI,2/8/2026,448.7,448.7,434.0,439.9,-0.02,28998.0,501.0,355.1
IGI,2/9/2026,437.1,437.1,430.0,430.3,-2.18,15706.0,501.0,355.1
IGI,2/10/2026,431.0,437.0,426.1,427.0,-0.77,9571.0,501.0,355.1
IGI,2/11/2026,435.5,435.5,426.5,427.6,0.14,9363.0,501.0,355.1
IGI,2/12/2026,427.4,430.0,423.4,425.6,-0.47,17513.0,501.0,355.1
IGI,2/16/2026,425.0,429.0,420.0,424.6,-0.23,26094.0,501.0,355.1
IGI,2/17/2026,420.5,427.4,412.2,419.7,-1.15,39014.0,501.0,355.1
IGI,2/22/2026,419.0,420.0,410.0,416.0,-0.88,21807.0,501.0,355.1
IGI,2/23/2026,412.0,420.0,412.0,419.0,0.72,8103.0,501.0,355.1
IGI,2/24/2026,421.9,421.9,415.0,419.0,0.0,14501.0,501.0,355.1
IGI,2/25/2026,422.0,422.0,415.1,420.0,0.24,5994.0,501.0,355.1
IGI,2/26/2026,418.0,430.0,418.0,428.5,2.02,21859.0,501.0,355.1
IGI,2/27/2026,418.0,430.0,418.0,428.5,0.0,21859.0,501.0,355.1
IGI,2/28/2026,418.0,430.0,418.0,428.5,0.0,21859.0,501.0,355.1
IGI,3/2/2026,422.0,428.0,422.0,427.9,-0.14,14659.0,501.0,355.1
IGI,3/3/2026,436.4,436.4,427.7,434.9,1.64,15814.0,501.0,355.1
IGI,3/4/2026,436.4,436.4,427.7,434.9,0.0,15814.0,501.0,355.1
IGI,3/5/2026,436.4,436.4,427.7,434.9,0.0,15814.0,501.0,355.1
IGI,3/6/2026,436.4,436.4,427.7,434.9,0.0,15814.0,501.0,355.1
IGI,3/7/2026,436.4,436.4,427.7,434.9,0.0,15814.0,501.0,355.1
IGI,3/8/2026,436.4,436.4,427.7,434.9,0.0,15814.0,501.0,355.1
IGI,3/9/2026,443.5,470.0,443.5,470.0,8.07,430.0,501.0,355.1
IGI,3/10/2026,479.0,479.0,450.0,463.0,-1.49,54813.0,501.0,355.1
IGI,3/11/2026,471.0,471.0,451.0,460.0,-0.65,33160.0,501.0,355.1
IGI,3/12/2026,469.2,469.2,445.0,455.1,-1.07,28820.0,501.0,355.1
IGI,3/13/2026,469.2,469.2,445.0,455.1,0.0,28820.0,501.0,355.1
IGI,3/14/2026,469.2,469.2,445.0,455.1,0.0,28820.0,501.0,355.1
IGI,3/15/2026,457.0,460.0,449.0,457.0,0.42,22992.0,501.0,355.1
IGI,3/16/2026,459.0,459.0,448.0,454.0,-0.66,35012.0,501.0,355.1
IGI,3/17/2026,447.0,462.9,447.0,454.0,0.0,17386.0,501.0,355.1
IGI,3/18/2026,447.0,462.9,447.0,454.0,0.0,17386.0,501.0,355.1
IGI,3/19/2026,453.0,468.2,447.0,461.3,1.61,65623.0,501.0,355.1
IGI,3/20/2026,453.0,468.2,447.0,461.3,0.0,65623.0,501.0,355.1
IGI,3/21/2026,453.0,468.2,447.0,461.3,0.0,65623.0,501.0,355.1
IGI,3/22/2026,470.0,494.0,470.0,493.0,6.87,94034.0,501.0,355.1
IGI,3/23/2026,498.0,498.0,485.0,492.0,-0.2,55743.0,501.0,355.1
IGI,3/24/2026,501.0,501.0,484.9,490.9,-0.22,19564.0,501.0,355.1
IGI,3/25/2026,490.9,490.9,475.0,478.0,-2.63,42668.0,501.0,355.1
IGI,3/26/2026,471.0,492.0,470.0,486.0,3.18,31932.0,501.0,355.1
IGI,3/29/2026,486.0,486.0,466.0,470.0,-3.29,27836.0,501.0,355.1
IGI,3/30/2026,461.3,470.0,454.0,459.9,-0.3,25568.0,501.0,355.1
IGI,3/31/2026,465.0,465.0,446.9,460.0,-1.08,25838.0,501.0,355.1
IGI,4/1/2026,451.1,457.8,443.0,448.0,-0.69,33732.0,501.0,355.1
IGI,4/2/2026,441.0,449.9,437.1,445.0,0.91,17783.0,501.0,355.1
IGI,4/5/2026,437.0,449.9,421.1,421.1,-3.64,25776.0,501.0,355.1
IGI,4/6/2026,422.0,439.0,422.0,435.0,3.08,19379.0,501.0,355.1
IGI,4/7/2026,437.0,448.0,432.0,434.5,-0.57,26514.0,501.0,355.1
IGI,4/8/2026,443.0,445.0,435.1,438.4,-1.04,29291.0,501.0,355.1
IGI,4/9/2026,440.0,455.0,436.0,453.0,2.95,29426.0,501.0,355.1
IGI,4/10/2026,446.0,451.0,437.0,449.8,0.85,28697.0,501.0,355.1
IGI,4/13/2026,450.0,450.0,440.0,443.0,-1.56,6693.0,501.0,355.1
IGI,4/15/2026,445.0,456.0,445.0,449.0,0.9,22656.0,501.0,355.1
IGI,4/16/2026,453.5,453.5,440.1,442.1,-2.51,26128.0,501.0,355.1
IGI,4/17/2026,437.0,445.7,436.2,440.0,0.69,8197.0,501.0,355.1
IGI,4/20/2026,450.0,450.0,438.2,447.8,-0.49,7041.0,501.0,355.1
IGI,4/21/2026,439.1,450.0,439.0,441.1,0.46,13706.0,501.0,355.1
IGI,4/22/2026,441.1,445.0,433.1,442.0,0.2,36818.0,501.0,355.1
IGI,4/23/2026,449.9,449.9,433.0,435.0,-3.31,11954.0,501.0,355.1
IGI,4/24/2026,430.0,432.0,422.5,430.0,0.0,24970.0,501.0,355.1
IGI,4/27/2026,430.0,437.5,425.1,434.0,0.93,3406.0,501.0,355.1
IGI,4/28/2026,434.0,440.3,427.3,430.0,-0.92,9844.0,501.0,355.1
IGI,4/29/2026,430.0,430.0,424.0,424.0,-1.4,9495.0,501.0,355.1
IGI,4/30/2026,421.0,429.0,418.0,428.9,1.88,16627.0,501.0,355.1
IGI,5/4/2026,428.0,428.0,418.0,424.5,-0.82,16867.0,501.0,355.1
IGI,5/5/2026,421.0,425.0,418.0,424.9,0.93,9111.0,501.0,355.1
IGI,5/6/2026,434.9,434.9,422.2,424.5,-2.39,3079.0,501.0,355.1
IGI,5/7/2026,422.5,430.0,422.0,425.0,0.59,5736.0,501.0,355.1
IGI,5/8/2026,421.2,428.0,419.0,427.0,1.38,8599.0,501.0,355.1
IGI,5/11/2026,434.9,435.0,422.9,432.0,-0.67,5617.0,501.0,355.1
IGI,5/12/2026,443.9,443.9,421.1,426.8,-3.85,14889.0,501.0,355.1
IGI,5/13/2026,427.0,427.0,420.1,425.0,-0.47,6988.0,501.0,355.1
IGI,5/14/2026,421.0,424.9,418.0,421.0,0.0,6106.0,501.0,355.1
IGI,5/15/2026,428.5,428.5,420.0,423.0,-1.28,5390.0,501.0,355.1
IGI,5/18/2026,444.1,444.1,418.9,421.9,-5.0,12513.0,501.0,355.1
IGI,5/19/2026,421.9,427.9,420.0,425.0,0.73,4707.0,501.0,355.1
IGI,5/20/2026,429.0,431.9,422.2,431.9,0.68,12313.0,501.0,355.1
IGI,5/21/2026,430.0,433.0,427.0,432.9,0.67,7394.0,501.0,355.1
IGI,5/22/2026,431.0,431.0,426.1,430.0,-0.23,2635.0,501.0,355.1
IGI,5/25/2026,439.9,439.9,431.8,439.8,-0.02,11345.0,501.0,355.1
IGI,5/26/2026,440.0,440.0,433.5,438.5,-0.34,6083.0,501.0,355.1
IGI,5/27/2026,444.0,450.0,436.0,440.0,-0.9,11046.0,501.0,355.1
IGI,6/1/2026,450.0,465.0,439.0,449.5,-0.11,44348.0,501.0,355.1
IGI,6/2/2026,459.0,459.0,447.1,455.1,-0.85,24862.0,501.0,355.1
IGI,6/3/2026,455.2,478.9,455.1,470.0,3.25,76760.0,501.0,355.1
IGI,6/4/2026,470.0,475.0,461.0,461.0,-1.91,47486.0,501.0,355.1
IGI,6/5/2026,461.0,474.8,460.0,460.7,-0.07,14420.0,501.0,355.1
IGI,6/8/2026,470.0,470.0,456.0,459.0,-2.34,20584.0,501.0,355.1
IGI,6/9/2026,452.1,465.6,446.1,461.5,2.08,39852.0,501.0,355.1
IGI,6/10/2026,473.9,473.9,451.4,457.0,-3.57,7422.0,501.0,355.1
IGI,6/11/2026,451.0,468.8,450.9,458.0,1.55,16280.0,501.0,355.1
IGI,6/12/2026,452.2,461.8,451.8,459.8,1.68,10427.0,501.0,355.1
IGI,6/15/2026,452.1,462.4,451.4,456.0,0.86,9870.0,501.0,355.1
IGI,6/16/2026,458.0,458.0,449.4,451.0,-1.53,5915.0,501.0,355.1
IGI,6/17/2026,451.0,459.0,448.1,450.0,-0.22,39325.0,501.0,355.1
IGI,6/18/2026,450.0,458.8,446.0,451.0,0.22,5177.0,501.0,355.1
IGI,6/19/2026,455.0,455.0,443.1,449.8,-1.14,2489.0,501.0,355.1
IGI,6/22/2026,452.9,452.9,442.2,443.0,-2.19,14563.0,501.0,355.1
IGI,6/23/2026,440.1,444.0,439.2,442.5,0.55,13639.0,501.0,355.1
IGI,6/24/2026,439.0,444.8,430.3,436.0,-0.68,11010.0,501.0,355.1
IGI,6/26/2026,447.5,447.5,434.0,439.9,-1.7,2990.0,501.0,355.1
IGI,6/29/2026,431.0,437.0,431.0,435.0,0.93,5246.0,501.0,355.1
IGI,6/30/2026,446.5,446.5,428.1,431.9,-3.27,7898.0,501.0,355.1
IGI,7/1/2026,441.0,441.0,433.0,438.0,-0.68,4239.0,501.0,355.1
IGI,7/2/2026,438.0,438.0,429.0,431.1,-1.58,10304.0,501.0,355.1
IGI,7/3/2026,432.0,434.9,429.2,430.0,-0.46,6848.0,501.0,355.1
IGI,7/6/2026,430.0,431.0,428.2,428.2,-0.42,4065.0,501.0,355.1
IGI,7/7/2026,430.3,434.8,430.0,434.0,0.86,2905.0,501.0,355.1
IGI,7/8/2026,430.0,434.0,428.0,430.0,0.0,6707.0,501.0,355.1
IGI,7/9/2026,427.2,430.0,423.1,429.5,0.54,6957.0,501.0,355.1
IGI,7/10/2026,440.0,440.0,426.0,427.8,-2.77,8062.0,501.0,355.1
IGI,7/13/2026,440.0,440.0,417.2,417.2,-5.18,8425.0,501.0,355.1
IGI,7/14/2026,424.0,425.0,418.1,425.0,0.24,4666.0,501.0,355.1
IGI,7/15/2026,429.9,430.0,421.0,428.0,-0.44,5084.0,501.0,355.1
IGI,7/16/2026,449.4,449.4,425.0,449.0,-0.09,12210.0,501.0,355.1
IGI,7/17/2026,435.6,450.0,435.0,445.1,2.18,19263.0,501.0,355.1
IGI,7/20/2026,450.0,458.0,444.0,457.0,1.56,18566.0,501.0,355.1
IGI,7/21/2026,444.1,457.0,444.1,452.7,1.94,13205.0,501.0,355.1
IGI,7/22/2026,444.4,452.3,441.0,450.0,1.26,16061.0,501.0,355.1
IGI,7/23/2026,448.0,450.0,441.0,450.0,0.45,12648.0,501.0,355.1
IGI,7/24/2026,448.1,457.7,442.0,449.8,0.38,8830.0,501.0,355.1
IGI,7/27/2026,455.0,455.0,441.0,443.0,-2.64,6780.0,501.0,355.1
IGI,7/28/2026,441.0,442.9,437.0,442.8,0.41,6866.0,501.0,355.1
IGI,7/29/2026,441.0,441.0,436.0,441.0,0.0,2536.0,501.0,355.1
IGI,7/30/2026,449.5,449.5,435.0,437.0,-2.78,4283.0,501.0,355.1
IGI,7/31/2026,432.3,440.0,432.0,437.5,1.2,10048.0,501.0,355.1
IGI,8/3/2026,448.0,449.9,432.0,432.0,-3.57,3670.0,501.0,355.1
IGI,8/4/2026,432.0,441.2,429.0,438.0,1.39,4408.0,501.0,355.1
IGI,8/5/2026,432.1,438.9,428.1,436.7,1.06,1664.0,501.0,355.1
IGI,8/6/2026,439.0,439.5,428.0,429.0,-2.28,5369.0,501.0,355.1
IGI,8/7/2026,429.0,432.0,427.0,430.0,0.23,7761.0,501.0,355.1
IGI,8/10/2026,430.0,430.0,426.0,428.0,-0.47,5760.0,501.0,355.1
IGI,8/11/2026,428.0,430.1,427.2,427.2,-0.19,3218.0,501.0,355.1
IGI,8/12/2026,428.0,431.5,427.0,427.1,-0.21,2967.0,501.0,355.1
IGI,8/13/2026,427.0,430.0,427.0,430.0,0.7,7975.0,501.0,355.1
IGI,8/14/2026,430.0,435.9,425.0,429.0,-0.23,2259.0,501.0,355.1
IGI,8/17/2026,435.0,435.0,423.0,430.0,-1.15,3265.0,501.0,355.1
IGI,8/18/2026,424.0,429.0,422.3,428.0,0.94,2695.0,501.0,355.1
IGI,8/19/2026,420.0,425.0,420.0,425.0,1.19,5470.0,501.0,355.1
IGI,8/20/2026,428.0,428.0,421.0,422.5,-1.29,2790.0,501.0,355.1
IGI,8/21/2026,422.4,424.0,419.0,420.0,-0.57,8518.0,501.0,355.1
IGI,8/24/2026,418.0,420.0,413.0,416.7,-0.31,15382.0,501.0,355.1
IGI,8/25/2026,418.0,420.0,409.0,417.0,-0.24,12399.0,501.0,355.1
IGI,8/26/2026,412.0,412.0,395.1,403.0,-2.18,23461.0,501.0,355.1
IGI,8/27/2026,391.0,400.7,375.0,392.9,0.49,16845.0,501.0,355.1
IGI,8/31/2026,398.9,398.9,370.0,374.0,-6.24,21350.0,501.0,355.1
IGI,9/1/2026,365.1,387.1,355.1,377.9,3.51,17217.0,501.0,355.1
IGI,9/2/2026,382.0,385.0,372.1,380.1,-0.5,12385.0,501.0,355.1
IGI,9/3/2026,380.1,384.0,375.1,377.0,-0.82,5529.0,501.0,355.1
IGI,9/7/2026,380.0,384.8,378.8,378.8,-0.32,19276.0,501.0,355.1
IGI,9/9/2026,376.0,384.0,376.0,380.0,1.06,6421.0,501.0,355.1
IGI,9/10/2026,384.9,386.0,371.0,383.5,-0.36,10917.0,501.0,355.1
IGI,9/11/2026,384.4,389.0,380.1,389.0,1.2,11236.0,501.0,355.1
IGI,9/14/2026,390.0,395.0,390.0,395.0,1.28,4359.0,501.0,355.1
IGI,9/15/2026,406.8,419.0,400.0,404.0,-0.69,13075.0,501.0,355.1
IGI,9/16/2026,400.0,409.6,397.0,402.0,0.5,6954.0,501.0,355.1
IGI,9/17/2026,411.7,414.0,392.0,402.0,-2.36,16951.0,501.0,355.1
IGI,9/18/2026,397.0,412.0,396.0,408.0,2.77,13716.0,501.0,355.1
IGI,9/22/2026,400.0,407.0,397.0,403.0,0.75,8564.0,501.0,355.1
IGI,9/23/2026,404.0,404.0,390.0,392.3,-2.9,15622.0,501.0,355.1
IGI,9/24/2026,399.7,399.7,385.0,393.0,-1.68,7378.0,501.0,355.1
IGI,9/28/2026,395.0,395.0,384.5,391.9,-0.78,9181.0,501.0,355.1
IGI,9/29/2026,386.0,390.0,381.5,0.0,-100.0,1430.0,501.0,355.1
IGI,9/30/2026,388.0,388.0,383.0,387.9,-0.03,727.0,501.0,355.1
IGI,10/1/2026,385.3,386.7,382.2,386.6,0.34,9275.0,501.0,355.1
IGI,10/2/2026,390.0,394.4,383.1,384.5,-1.41,3127.0,501.0,355.1
IGIPO,9/18/2026,227.6,241.0,227.6,241.0,5.89,94797.0,340.0,340.0
IHL,12/21/2025,611.1,619.8,594.5,605.0,,40395.0,638.0,282.5
IHL,12/22/2025,592.9,628.0,588.0,604.0,-0.17,30945.0,638.0,282.5
IHL,12/23/2025,592.1,612.0,580.2,595.0,-1.49,19649.0,638.0,282.5
IHL,12/24/2025,584.0,619.0,575.4,589.9,-0.86,13567.0,638.0,282.5
IHL,12/28/2025,589.0,599.9,575.1,593.0,0.53,20662.0,638.0,282.5
IHL,12/29/2025,600.0,600.0,575.0,581.0,-2.02,8714.0,638.0,282.5
IHL,12/31/2025,590.9,604.0,555.1,560.0,-3.61,26572.0,638.0,282.5
IHL,1/1/2026,548.8,579.0,548.8,565.2,0.93,15551.0,638.0,282.5
IHL,1/4/2026,557.0,574.0,545.0,565.0,-0.04,26136.0,638.0,282.5
IHL,1/5/2026,560.0,595.0,553.7,589.5,4.34,27507.0,638.0,282.5
IHL,1/6/2026,577.8,588.9,562.1,578.7,-1.83,21669.0,638.0,282.5
IHL,1/7/2026,578.7,588.9,558.0,564.0,-2.54,8909.0,638.0,282.5
IHL,1/8/2026,554.0,562.0,543.0,548.7,-2.71,34045.0,638.0,282.5
IHL,1/12/2026,559.0,559.0,530.0,535.0,-2.5,26772.0,638.0,282.5
IHL,1/13/2026,543.9,543.9,524.3,533.8,-0.22,27288.0,638.0,282.5
IHL,1/14/2026,544.0,554.3,529.2,547.0,2.47,21955.0,638.0,282.5
IHL,1/18/2026,553.8,553.8,540.0,541.0,-1.1,12684.0,638.0,282.5
IHL,1/20/2026,551.7,551.8,542.4,547.0,1.11,17118.0,638.0,282.5
IHL,1/21/2026,549.0,555.0,540.0,548.0,0.18,14851.0,638.0,282.5
IHL,1/22/2026,538.0,550.0,538.0,545.0,-0.55,18513.0,638.0,282.5
IHL,1/25/2026,546.0,568.0,540.0,562.0,3.12,28072.0,638.0,282.5
IHL,1/26/2026,562.0,573.2,555.0,558.0,-0.71,29472.0,638.0,282.5
IHL,1/27/2026,555.0,566.0,551.4,561.0,0.54,23057.0,638.0,282.5
IHL,1/28/2026,550.0,575.0,550.0,575.0,2.5,48767.0,638.0,282.5
IHL,1/29/2026,563.6,594.0,563.6,587.0,2.09,35796.0,638.0,282.5
IHL,2/1/2026,575.3,586.9,567.1,568.0,-3.24,22199.0,638.0,282.5
IHL,2/2/2026,556.9,569.0,555.0,556.6,-2.01,15766.0,638.0,282.5
IHL,2/3/2026,545.5,564.8,545.5,558.8,0.4,9506.0,638.0,282.5
IHL,2/4/2026,547.8,569.0,547.8,552.1,-1.2,20288.0,638.0,282.5
IHL,2/5/2026,563.0,569.0,547.0,551.4,-0.13,22227.0,638.0,282.5
IHL,2/8/2026,554.0,559.0,541.0,547.0,-0.8,24328.0,638.0,282.5
IHL,2/9/2026,540.2,545.0,534.1,544.0,-0.55,10564.0,638.0,282.5
IHL,2/10/2026,533.2,544.3,533.2,535.0,-1.65,5552.0,638.0,282.5
IHL,2/11/2026,537.0,538.9,517.1,517.1,-3.35,17291.0,638.0,282.5
IHL,2/12/2026,527.4,530.0,508.0,511.0,-1.18,24005.0,638.0,282.5
IHL,2/16/2026,511.0,520.5,504.0,510.0,-0.2,12245.0,638.0,282.5
IHL,2/17/2026,506.6,514.7,505.0,506.0,-0.78,9678.0,638.0,282.5
IHL,2/22/2026,504.0,522.2,496.0,520.0,2.77,37292.0,638.0,282.5
IHL,2/23/2026,530.4,530.4,512.0,515.0,-0.96,2319.0,638.0,282.5
IHL,2/24/2026,508.0,522.7,507.2,519.0,0.78,5884.0,638.0,282.5
IHL,2/25/2026,517.0,521.0,509.5,515.0,-0.77,8870.0,638.0,282.5
IHL,2/26/2026,510.0,514.5,505.0,507.6,-1.44,7857.0,638.0,282.5
IHL,2/27/2026,510.0,514.5,505.0,507.6,0.0,7857.0,638.0,282.5
IHL,2/28/2026,510.0,514.5,505.0,507.6,0.0,7857.0,638.0,282.5
IHL,3/2/2026,499.0,514.0,499.0,509.9,0.45,6026.0,638.0,282.5
IHL,3/3/2026,510.0,528.8,510.0,526.0,3.16,6457.0,638.0,282.5
IHL,3/4/2026,510.0,528.8,510.0,526.0,0.0,6457.0,638.0,282.5
IHL,3/5/2026,510.0,528.8,510.0,526.0,0.0,6457.0,638.0,282.5
IHL,3/6/2026,510.0,528.8,510.0,526.0,0.0,6457.0,638.0,282.5
IHL,3/7/2026,510.0,528.8,510.0,526.0,0.0,6457.0,638.0,282.5
IHL,3/8/2026,510.0,528.8,510.0,526.0,0.0,6457.0,638.0,282.5
IHL,3/9/2026,536.5,547.2,536.5,547.2,4.03,20.0,638.0,282.5
IHL,3/10/2026,558.1,569.2,526.0,530.0,-3.14,19805.0,638.0,282.5
IHL,3/11/2026,525.0,540.6,525.0,540.0,1.89,9708.0,638.0,282.5
IHL,3/12/2026,541.1,550.0,526.3,538.9,-0.2,13227.0,638.0,282.5
IHL,3/13/2026,541.1,550.0,526.3,538.9,0.0,13227.0,638.0,282.5
IHL,3/14/2026,541.1,550.0,526.3,538.9,0.0,13227.0,638.0,282.5
IHL,3/15/2026,538.9,542.5,530.0,536.0,-0.54,15004.0,638.0,282.5
IHL,3/16/2026,530.0,534.9,524.3,525.0,-2.05,8845.0,638.0,282.5
IHL,3/17/2026,522.0,524.9,515.0,523.5,-0.29,10143.0,638.0,282.5
IHL,3/18/2026,522.0,524.9,515.0,523.5,0.0,10143.0,638.0,282.5
IHL,3/19/2026,525.0,544.0,520.5,530.0,1.24,19052.0,638.0,282.5
IHL,3/20/2026,525.0,544.0,520.5,530.0,0.0,19052.0,638.0,282.5
IHL,3/21/2026,525.0,544.0,520.5,530.0,0.0,19052.0,638.0,282.5
IHL,3/22/2026,531.0,531.0,521.3,524.0,-1.13,20607.0,638.0,282.5
IHL,3/23/2026,534.0,534.0,523.5,524.0,0.0,7369.0,638.0,282.5
IHL,3/24/2026,529.9,530.0,520.0,524.0,0.0,9232.0,638.0,282.5
IHL,3/25/2026,524.0,527.0,520.0,521.0,-0.57,13943.0,638.0,282.5
IHL,3/26/2026,518.0,522.0,515.2,519.0,0.19,12866.0,638.0,282.5
IHL,3/29/2026,520.0,521.0,511.0,514.6,-1.04,7044.0,638.0,282.5
IHL,3/30/2026,509.0,517.9,498.7,498.7,-2.02,13654.0,638.0,282.5
IHL,3/31/2026,508.6,508.6,492.3,507.9,-0.14,14740.0,638.0,282.5
IHL,4/1/2026,500.0,507.9,499.4,499.6,-0.08,7197.0,638.0,282.5
IHL,4/2/2026,492.6,504.0,492.6,496.9,0.87,2252.0,638.0,282.5
IHL,4/5/2026,490.4,490.4,452.0,460.0,-6.2,12562.0,638.0,282.5
IHL,4/6/2026,468.9,480.0,458.1,478.9,2.13,8394.0,638.0,282.5
IHL,4/7/2026,488.0,497.0,469.4,471.8,-3.32,3446.0,638.0,282.5
IHL,4/8/2026,480.0,480.0,471.1,479.0,-0.21,2262.0,638.0,282.5
IHL,4/9/2026,470.1,486.9,470.0,479.9,2.08,13203.0,638.0,282.5
IHL,4/10/2026,471.1,480.0,471.1,473.2,0.45,5475.0,638.0,282.5
IHL,4/13/2026,479.0,479.5,472.4,472.4,-1.38,9295.0,638.0,282.5
IHL,4/15/2026,473.0,480.0,473.0,480.0,1.48,10566.0,638.0,282.5
IHL,4/16/2026,477.0,480.0,472.0,475.0,-0.42,3715.0,638.0,282.5
IHL,4/17/2026,475.0,476.0,470.0,474.5,-0.11,7059.0,638.0,282.5
IHL,4/20/2026,470.1,475.0,470.1,474.0,0.83,2893.0,638.0,282.5
IHL,4/21/2026,472.0,475.0,461.0,472.0,0.0,6530.0,638.0,282.5
IHL,4/22/2026,458.5,465.0,458.4,462.0,0.76,4358.0,638.0,282.5
IHL,4/23/2026,462.0,471.0,448.3,450.1,-2.58,5678.0,638.0,282.5
IHL,4/24/2026,450.0,451.0,439.1,440.6,-2.09,7989.0,638.0,282.5
IHL,4/27/2026,440.6,466.1,430.0,437.0,-0.82,4771.0,638.0,282.5
IHL,4/28/2026,437.0,448.0,426.1,426.1,-2.49,9114.0,638.0,282.5
IHL,4/29/2026,426.1,426.5,410.0,410.0,-3.78,4341.0,638.0,282.5
IHL,4/30/2026,406.0,406.0,395.0,395.0,-2.71,13138.0,638.0,282.5
IHL,5/4/2026,391.0,401.5,390.1,397.0,1.53,5482.0,638.0,282.5
IHL,5/5/2026,390.0,421.2,388.1,409.9,5.1,4339.0,638.0,282.5
IHL,5/6/2026,406.9,406.9,395.0,397.8,-2.24,2555.0,638.0,282.5
IHL,5/7/2026,390.0,399.9,390.0,398.0,2.05,2314.0,638.0,282.5
IHL,5/8/2026,390.0,400.0,390.0,394.2,1.08,9482.0,638.0,282.5
IHL,5/11/2026,385.0,397.0,365.0,397.0,3.12,62537.0,638.0,282.5
IHL,5/12/2026,400.0,408.6,390.0,393.0,-1.75,17687.0,638.0,282.5
IHL,5/13/2026,388.1,397.8,388.0,390.5,0.62,2875.0,638.0,282.5
IHL,5/14/2026,390.1,402.2,378.0,396.0,1.51,46178.0,638.0,282.5
IHL,5/15/2026,397.9,404.0,394.0,404.0,1.53,51178.0,638.0,282.5
IHL,5/18/2026,410.0,450.0,405.0,438.0,6.83,46331.0,638.0,282.5
IHL,5/19/2026,440.0,440.0,421.0,433.3,-1.52,33250.0,638.0,282.5
IHL,5/20/2026,436.0,436.0,418.1,428.9,-1.63,22388.0,638.0,282.5
IHL,5/21/2026,440.9,440.9,415.0,420.0,-4.74,27695.0,638.0,282.5
IHL,5/22/2026,415.0,445.0,415.0,442.0,6.51,56504.0,638.0,282.5
IHL,5/25/2026,442.0,451.1,425.0,447.0,1.13,129656.0,638.0,282.5
IHL,5/26/2026,448.0,455.0,439.0,443.0,-1.12,32222.0,638.0,282.5
IHL,5/27/2026,447.0,447.0,422.2,428.0,-4.25,57727.0,638.0,282.5
IHL,6/1/2026,428.0,428.0,408.5,410.9,-4.0,36340.0,638.0,282.5
IHL,6/2/2026,409.0,414.5,405.1,414.0,1.22,13062.0,638.0,282.5
IHL,6/3/2026,408.0,420.0,408.0,409.0,0.25,19600.0,638.0,282.5
IHL,6/4/2026,410.5,415.0,400.0,409.9,-0.15,31370.0,638.0,282.5
IHL,6/5/2026,402.0,408.9,400.5,402.0,0.0,17286.0,638.0,282.5
IHL,6/8/2026,400.0,402.0,394.5,398.5,-0.38,19108.0,638.0,282.5
IHL,6/9/2026,396.2,407.0,395.0,400.0,0.96,27493.0,638.0,282.5
IHL,6/10/2026,400.0,402.0,390.0,400.0,0.0,23802.0,638.0,282.5
IHL,6/11/2026,393.0,400.0,392.5,392.5,-0.13,12090.0,638.0,282.5
IHL,6/12/2026,391.0,415.0,390.0,406.0,3.84,22640.0,638.0,282.5
IHL,6/15/2026,401.0,406.0,396.0,399.0,-0.5,26334.0,638.0,282.5
IHL,6/16/2026,393.0,404.7,393.0,399.0,1.53,18035.0,638.0,282.5
IHL,6/17/2026,402.0,402.0,396.0,396.5,-1.37,8545.0,638.0,282.5
IHL,6/18/2026,393.4,396.0,393.0,395.9,0.64,8810.0,638.0,282.5
IHL,6/19/2026,392.0,395.0,391.2,392.0,0.0,8372.0,638.0,282.5
IHL,6/22/2026,392.0,392.0,387.0,389.0,-0.77,8069.0,638.0,282.5
IHL,6/23/2026,384.1,385.1,378.0,383.0,-0.29,12655.0,638.0,282.5
IHL,6/24/2026,375.0,378.1,365.1,372.0,-0.8,18578.0,638.0,282.5
IHL,6/26/2026,375.0,379.0,370.0,375.0,0.0,3804.0,638.0,282.5
IHL,6/29/2026,375.0,375.0,365.0,365.0,-2.67,7366.0,638.0,282.5
IHL,6/30/2026,365.0,365.0,350.0,353.0,-3.29,11861.0,638.0,282.5
IHL,7/1/2026,363.0,375.9,358.0,372.6,2.64,9407.0,638.0,282.5
IHL,7/2/2026,367.1,374.0,364.0,373.5,1.74,3021.0,638.0,282.5
IHL,7/3/2026,373.0,379.8,370.0,373.0,0.0,5349.0,638.0,282.5
IHL,7/6/2026,368.0,374.5,364.0,364.0,-1.09,3997.0,638.0,282.5
IHL,7/7/2026,370.0,374.4,355.0,358.0,-3.24,3395.0,638.0,282.5
IHL,7/8/2026,358.0,365.0,351.3,357.2,-0.22,10481.0,638.0,282.5
IHL,7/9/2026,350.0,364.9,340.0,348.0,-0.57,10822.0,638.0,282.5
IHL,7/10/2026,350.0,351.5,343.0,345.0,-1.43,6784.0,638.0,282.5
IHL,7/13/2026,340.1,345.0,337.0,337.5,-0.76,8814.0,638.0,282.5
IHL,7/14/2026,329.0,345.0,329.0,340.0,3.34,4313.0,638.0,282.5
IHL,7/15/2026,345.0,353.0,340.1,345.2,0.06,5293.0,638.0,282.5
IHL,7/16/2026,340.0,348.5,340.0,343.8,1.12,5430.0,638.0,282.5
IHL,7/17/2026,354.0,359.9,347.0,359.0,1.41,19613.0,638.0,282.5
IHL,7/20/2026,369.0,375.1,361.0,367.0,-0.54,15807.0,638.0,282.5
IHL,7/21/2026,362.2,375.0,362.2,370.0,2.15,10216.0,638.0,282.5
IHL,7/22/2026,360.0,378.9,360.0,366.0,1.67,2901.0,638.0,282.5
IHL,7/23/2026,370.0,370.0,360.2,367.5,-0.68,3367.0,638.0,282.5
IHL,7/24/2026,365.0,367.9,355.0,362.5,-0.68,13063.0,638.0,282.5
IHL,7/27/2026,356.1,363.0,350.2,358.8,0.76,6088.0,638.0,282.5
IHL,7/28/2026,350.0,357.0,350.0,354.8,1.37,2786.0,638.0,282.5
IHL,7/29/2026,348.1,357.9,348.0,350.0,0.55,5569.0,638.0,282.5
IHL,7/30/2026,355.0,355.0,345.2,347.1,-2.23,1314.0,638.0,282.5
IHL,7/31/2026,350.0,352.8,347.6,350.0,0.0,2315.0,638.0,282.5
IHL,8/3/2026,352.0,363.0,350.0,358.0,1.7,5772.0,638.0,282.5
IHL,8/4/2026,350.0,356.0,348.6,350.1,0.03,2277.0,638.0,282.5
IHL,8/5/2026,350.0,356.0,348.3,349.0,-0.29,3162.0,638.0,282.5
IHL,8/6/2026,354.0,355.0,348.0,348.0,-1.69,5844.0,638.0,282.5
IHL,8/7/2026,348.0,353.0,345.1,346.0,-0.57,4109.0,638.0,282.5
IHL,8/10/2026,350.0,350.0,337.0,345.0,-1.43,4586.0,638.0,282.5
IHL,8/11/2026,344.0,344.0,338.0,340.4,-1.05,6470.0,638.0,282.5
IHL,8/12/2026,337.0,343.0,337.0,341.0,1.19,1410.0,638.0,282.5
IHL,8/13/2026,346.0,350.0,344.0,344.4,-0.46,7700.0,638.0,282.5
IHL,8/14/2026,344.1,345.0,339.2,343.0,-0.32,9094.0,638.0,282.5
IHL,8/17/2026,349.9,350.0,332.1,339.0,-3.12,12297.0,638.0,282.5
IHL,8/18/2026,339.0,339.0,326.5,328.0,-3.24,14020.0,638.0,282.5
IHL,8/19/2026,328.0,328.0,320.1,323.5,-1.37,9623.0,638.0,282.5
IHL,8/20/2026,322.0,329.0,321.9,326.0,1.24,9482.0,638.0,282.5
IHL,8/21/2026,326.0,329.8,321.0,325.0,-0.31,3066.0,638.0,282.5
IHL,8/24/2026,325.0,325.0,311.0,315.0,-3.08,11408.0,638.0,282.5
IHL,8/25/2026,322.0,322.0,310.0,312.5,-2.95,9223.0,638.0,282.5
IHL,8/26/2026,304.0,320.0,298.0,300.0,-1.32,12790.0,638.0,282.5
IHL,8/27/2026,300.0,304.0,282.5,300.0,0.0,7597.0,638.0,282.5
IHL,8/31/2026,291.0,308.6,291.0,295.0,1.37,4452.0,638.0,282.5
IHL,9/1/2026,295.0,303.5,291.0,297.0,0.68,5561.0,638.0,282.5
IHL,9/2/2026,294.0,302.0,285.2,299.5,1.87,7760.0,638.0,282.5
IHL,9/3/2026,299.0,305.0,295.0,304.0,1.67,5362.0,638.0,282.5
IHL,9/7/2026,299.0,308.0,292.2,292.2,-2.27,9160.0,638.0,282.5
IHL,9/9/2026,295.0,303.9,293.0,302.9,2.68,8838.0,638.0,282.5
IHL,9/10/2026,305.0,311.0,291.0,299.6,-1.77,6621.0,638.0,282.5
IHL,9/11/2026,304.9,306.0,300.0,306.0,0.36,2432.0,638.0,282.5
IHL,9/14/2026,304.0,310.0,303.0,310.0,1.97,10149.0,638.0,282.5
IHL,9/15/2026,318.0,326.5,315.0,326.5,2.67,16907.0,638.0,282.5
IHL,9/16/2026,324.0,327.0,321.0,327.0,0.93,9160.0,638.0,282.5
IHL,9/17/2026,329.0,332.6,317.0,324.3,-1.43,4035.0,638.0,282.5
IHL,9/18/2026,319.0,342.8,319.0,338.1,5.99,24905.0,638.0,282.5
IHL,9/22/2026,338.0,345.0,330.0,343.0,1.48,10810.0,638.0,282.5
IHL,9/23/2026,360.0,360.0,325.0,325.1,-9.69,9830.0,638.0,282.5
IHL,9/24/2026,341.0,341.0,320.2,327.2,-4.05,4332.0,638.0,282.5
IHL,9/28/2026,336.0,336.0,321.3,322.0,-4.17,12460.0,638.0,282.5
IHL,9/29/2026,330.0,330.0,313.5,0.0,-100.0,1571.0,638.0,282.5
IHL,9/30/2026,314.5,324.4,310.0,316.3,0.57,6280.0,638.0,282.5
IHL,10/1/2026,321.0,323.0,319.0,319.8,-0.37,4994.0,638.0,282.5
IHL,10/2/2026,312.3,320.0,312.3,315.5,1.02,5274.0,638.0,282.5
ILBS,12/21/2025,946.4,963.8,940.1,945.6,,7336.0,1246.0,800.0
ILBS,12/22/2025,937.0,945.0,915.4,926.7,-2.0,8841.0,1246.0,800.0
ILBS,12/23/2025,942.9,942.9,910.1,939.0,1.33,2433.0,1246.0,800.0
ILBS,12/24/2025,925.0,995.0,925.0,989.0,5.32,10624.0,1246.0,800.0
ILBS,12/28/2025,999.7,1028.0,984.0,1024.0,3.54,8584.0,1246.0,800.0
ILBS,12/29/2025,1029.0,1038.4,1000.0,1024.9,0.09,13202.0,1246.0,800.0
ILBS,12/31/2025,1004.5,1064.0,986.0,998.0,-2.62,25402.0,1246.0,800.0
ILBS,1/1/2026,978.1,1035.0,945.0,971.9,-2.62,16080.0,1246.0,800.0
ILBS,1/4/2026,952.5,1019.0,952.5,1011.0,4.02,11927.0,1246.0,800.0
ILBS,1/5/2026,990.8,1029.0,990.8,1025.1,1.39,11720.0,1246.0,800.0
ILBS,1/6/2026,1004.6,1064.0,1004.6,1048.0,2.23,17458.0,1246.0,800.0
ILBS,1/7/2026,1027.1,1047.0,996.0,1020.0,-2.67,11959.0,1246.0,800.0
ILBS,1/8/2026,999.6,1025.0,999.0,1014.0,-0.59,10135.0,1246.0,800.0
ILBS,1/12/2026,993.8,1014.0,981.4,996.0,-1.78,6979.0,1246.0,800.0
ILBS,1/13/2026,976.1,999.5,976.1,994.0,-0.2,5924.0,1246.0,800.0
ILBS,1/14/2026,974.2,993.6,974.2,980.1,-1.4,4955.0,1246.0,800.0
ILBS,1/18/2026,994.0,1000.0,983.2,995.0,1.52,9032.0,1246.0,800.0
ILBS,1/20/2026,996.0,1025.0,995.0,1013.0,1.81,12649.0,1246.0,800.0
ILBS,1/21/2026,1015.0,1015.0,995.0,1010.0,-0.3,3591.0,1246.0,800.0
ILBS,1/22/2026,991.5,1005.5,989.0,1001.0,-0.89,9919.0,1246.0,800.0
ILBS,1/25/2026,1012.0,1019.0,1000.2,1007.0,0.6,11061.0,1246.0,800.0
ILBS,1/26/2026,1015.0,1018.0,990.0,1015.0,0.79,14800.0,1246.0,800.0
ILBS,1/27/2026,1000.1,1019.0,986.0,999.0,-1.58,13003.0,1246.0,800.0
ILBS,1/28/2026,979.1,1045.0,979.1,1036.0,3.7,28952.0,1246.0,800.0
ILBS,1/29/2026,1015.3,1046.0,1001.0,1013.0,-2.22,10657.0,1246.0,800.0
ILBS,2/1/2026,1000.0,1016.0,974.0,999.0,-1.38,8094.0,1246.0,800.0
ILBS,2/2/2026,1009.9,1009.9,975.0,975.0,-2.4,6611.0,1246.0,800.0
ILBS,2/3/2026,976.0,994.0,976.0,992.8,1.83,836.0,1246.0,800.0
ILBS,2/4/2026,1000.0,1000.0,974.0,983.0,-0.99,2217.0,1246.0,800.0
ILBS,2/5/2026,975.0,989.0,973.0,980.0,-0.31,9825.0,1246.0,800.0
ILBS,2/8/2026,965.0,990.0,965.0,966.1,-1.42,6573.0,1246.0,800.0
ILBS,2/9/2026,956.1,977.0,945.0,960.0,-0.63,4427.0,1246.0,800.0
ILBS,2/10/2026,951.3,960.0,938.0,956.0,-0.42,5415.0,1246.0,800.0
ILBS,2/11/2026,956.0,975.0,943.0,957.0,0.1,3557.0,1246.0,800.0
ILBS,2/12/2026,957.0,967.0,915.0,956.0,-0.1,8691.0,1246.0,800.0
ILBS,2/16/2026,951.0,970.0,930.0,934.8,-2.22,5571.0,1246.0,800.0
ILBS,2/17/2026,953.0,991.0,917.3,940.0,0.56,5294.0,1246.0,800.0
ILBS,2/22/2026,940.0,940.0,920.3,938.0,-0.21,4181.0,1246.0,800.0
ILBS,2/23/2026,920.1,945.0,915.0,924.9,-1.4,6025.0,1246.0,800.0
ILBS,2/24/2026,917.0,935.0,917.0,934.9,1.08,5610.0,1246.0,800.0
ILBS,2/25/2026,917.0,944.0,917.0,934.9,0.0,1754.0,1246.0,800.0
ILBS,2/26/2026,930.0,938.0,916.7,918.0,-1.81,1648.0,1246.0,800.0
ILBS,2/27/2026,930.0,938.0,916.7,918.0,0.0,1648.0,1246.0,800.0
ILBS,2/28/2026,930.0,938.0,916.7,918.0,0.0,1648.0,1246.0,800.0
ILBS,3/2/2026,917.0,934.0,891.0,929.0,1.2,1976.0,1246.0,800.0
ILBS,3/3/2026,943.0,943.0,925.0,930.2,0.13,2696.0,1246.0,800.0
ILBS,3/4/2026,943.0,943.0,925.0,930.2,0.0,2696.0,1246.0,800.0
ILBS,3/5/2026,943.0,943.0,925.0,930.2,0.0,2696.0,1246.0,800.0
ILBS,3/6/2026,943.0,943.0,925.0,930.2,0.0,2696.0,1246.0,800.0
ILBS,3/7/2026,943.0,943.0,925.0,930.2,0.0,2696.0,1246.0,800.0
ILBS,3/8/2026,943.0,943.0,925.0,930.2,0.0,2696.0,1246.0,800.0
ILBS,3/9/2026,948.8,987.0,948.8,987.0,6.11,631.0,1246.0,800.0
ILBS,3/10/2026,1000.0,1000.0,935.1,986.7,-0.03,16162.0,1246.0,800.0
ILBS,3/11/2026,967.0,986.6,951.0,963.9,-2.31,10349.0,1246.0,800.0
ILBS,3/12/2026,950.0,999.0,950.0,967.0,0.32,5682.0,1246.0,800.0
ILBS,3/13/2026,950.0,999.0,950.0,967.0,0.0,5682.0,1246.0,800.0
ILBS,3/14/2026,950.0,999.0,950.0,967.0,0.0,5682.0,1246.0,800.0
ILBS,3/15/2026,947.7,991.0,947.7,970.0,0.31,14175.0,1246.0,800.0
ILBS,3/16/2026,952.0,980.0,951.6,970.5,0.05,4147.0,1246.0,800.0
ILBS,3/17/2026,951.1,985.0,951.1,969.9,-0.06,4069.0,1246.0,800.0
ILBS,3/18/2026,951.1,985.0,951.1,969.9,0.0,4069.0,1246.0,800.0
ILBS,3/19/2026,952.0,986.0,952.0,971.1,0.12,7155.0,1246.0,800.0
ILBS,3/20/2026,952.0,986.0,952.0,971.1,0.0,7155.0,1246.0,800.0
ILBS,3/21/2026,952.0,986.0,952.0,971.1,0.0,7155.0,1246.0,800.0
ILBS,3/22/2026,955.0,1050.0,955.0,1038.0,6.89,44498.0,1246.0,800.0
ILBS,3/23/2026,1018.0,1090.0,1018.0,1080.0,4.05,25407.0,1246.0,800.0
ILBS,3/24/2026,1060.0,1100.0,1060.0,1075.0,-0.46,10103.0,1246.0,800.0
ILBS,3/25/2026,1055.0,1065.0,1029.0,1049.0,-2.42,11378.0,1246.0,800.0
ILBS,3/26/2026,1057.0,1057.0,1026.1,1035.0,-2.08,7429.0,1246.0,800.0
ILBS,3/29/2026,1015.0,1082.5,994.7,998.0,-1.67,10473.0,1246.0,800.0
ILBS,3/30/2026,990.0,1029.9,990.0,994.0,0.4,7163.0,1246.0,800.0
ILBS,3/31/2026,995.0,1025.0,977.0,1025.0,3.02,8368.0,1246.0,800.0
ILBS,4/1/2026,1005.0,1020.0,972.0,989.0,-1.59,4766.0,1246.0,800.0
ILBS,4/2/2026,989.0,1000.0,975.0,975.0,-1.42,3649.0,1246.0,800.0
ILBS,4/5/2026,975.0,975.0,920.0,938.0,-3.79,9837.0,1246.0,800.0
ILBS,4/6/2026,956.0,989.0,951.0,987.0,3.24,3906.0,1246.0,800.0
ILBS,4/7/2026,998.0,1000.0,955.0,973.0,-2.51,5155.0,1246.0,800.0
ILBS,4/8/2026,986.6,999.0,956.6,979.0,-0.77,2058.0,1246.0,800.0
ILBS,4/9/2026,992.0,999.0,947.0,993.0,0.1,7066.0,1246.0,800.0
ILBS,4/10/2026,1012.0,1012.8,956.0,969.3,-4.22,4429.0,1246.0,800.0
ILBS,4/13/2026,954.0,979.9,954.0,968.0,1.47,2363.0,1246.0,800.0
ILBS,4/15/2026,985.0,1005.0,953.0,971.0,-1.42,2600.0,1246.0,800.0
ILBS,4/16/2026,971.0,980.0,962.0,969.9,-0.11,1530.0,1246.0,800.0
ILBS,4/17/2026,969.0,985.0,952.0,972.0,0.31,7971.0,1246.0,800.0
ILBS,4/20/2026,951.0,973.0,948.0,948.0,-0.32,3897.0,1246.0,800.0
ILBS,4/21/2026,960.0,960.0,936.4,958.9,-0.11,1629.0,1246.0,800.0
ILBS,4/22/2026,935.0,959.0,935.0,959.0,2.57,9817.0,1246.0,800.0
ILBS,4/23/2026,911.1,1020.0,911.1,952.0,4.49,4826.0,1246.0,800.0
ILBS,4/24/2026,904.4,1028.0,904.4,957.0,5.82,9268.0,1246.0,800.0
ILBS,4/27/2026,957.0,984.0,940.0,965.9,0.93,8996.0,1246.0,800.0
ILBS,4/28/2026,965.9,985.0,940.0,942.0,-2.47,3318.0,1246.0,800.0
ILBS,4/29/2026,923.0,1030.0,923.0,942.0,2.06,8908.0,1246.0,800.0
ILBS,4/30/2026,894.9,966.0,894.9,944.0,5.49,967.0,1246.0,800.0
ILBS,5/4/2026,920.0,944.5,920.0,936.9,1.84,1568.0,1246.0,800.0
ILBS,5/5/2026,949.0,949.0,925.0,936.9,-1.28,1753.0,1246.0,800.0
ILBS,5/6/2026,944.0,944.0,922.0,926.0,-1.91,3206.0,1246.0,800.0
ILBS,5/7/2026,952.9,952.9,931.0,944.0,-0.93,3326.0,1246.0,800.0
ILBS,5/8/2026,954.0,969.9,926.5,945.0,-0.94,841.0,1246.0,800.0
ILBS,5/11/2026,992.2,992.2,935.1,949.9,-4.26,2376.0,1246.0,800.0
ILBS,5/12/2026,925.0,976.0,925.0,933.0,0.86,4300.0,1246.0,800.0
ILBS,5/13/2026,954.0,954.0,920.1,935.0,-1.99,348.0,1246.0,800.0
ILBS,5/14/2026,900.0,950.0,900.0,935.0,3.89,183.0,1246.0,800.0
ILBS,5/15/2026,910.0,940.0,910.0,922.5,1.37,1793.0,1246.0,800.0
ILBS,5/18/2026,915.0,936.0,915.0,921.5,0.71,1684.0,1246.0,800.0
ILBS,5/19/2026,947.0,947.0,918.6,931.0,-1.69,2128.0,1246.0,800.0
ILBS,5/20/2026,911.0,940.0,911.0,940.0,3.18,2196.0,1246.0,800.0
ILBS,5/21/2026,922.0,945.0,922.0,938.9,1.83,555.0,1246.0,800.0
ILBS,5/22/2026,921.0,940.0,921.0,939.9,2.05,4645.0,1246.0,800.0
ILBS,5/25/2026,935.0,947.2,920.1,928.0,-0.75,3308.0,1246.0,800.0
ILBS,5/26/2026,900.0,949.0,900.0,938.0,4.22,408.0,1246.0,800.0
ILBS,5/27/2026,938.0,944.0,905.0,938.0,0.0,8101.0,1246.0,800.0
ILBS,6/1/2026,900.0,954.8,900.0,924.9,2.77,1842.0,1246.0,800.0
ILBS,6/2/2026,910.0,965.0,910.0,920.0,1.1,974.0,1246.0,800.0
ILBS,6/3/2026,947.6,947.6,916.2,928.8,-1.98,3000.0,1246.0,800.0
ILBS,6/4/2026,930.0,930.0,920.0,926.5,-0.38,977.0,1246.0,800.0
ILBS,6/5/2026,915.1,929.6,914.0,916.0,0.1,6592.0,1246.0,800.0
ILBS,6/8/2026,915.0,934.9,902.7,916.3,0.14,1875.0,1246.0,800.0
ILBS,6/9/2026,927.0,927.4,905.0,906.0,-2.27,2916.0,1246.0,800.0
ILBS,6/10/2026,924.5,924.6,903.5,922.9,-0.17,1220.0,1246.0,800.0
ILBS,6/11/2026,900.0,954.8,900.0,915.0,1.67,1263.0,1246.0,800.0
ILBS,6/12/2026,908.1,924.0,903.1,918.9,1.19,2692.0,1246.0,800.0
ILBS,6/15/2026,926.0,926.0,902.1,917.0,-0.97,239.0,1246.0,800.0
ILBS,6/16/2026,929.0,929.0,898.0,916.8,-1.31,2293.0,1246.0,800.0
ILBS,6/17/2026,900.3,919.9,900.2,916.9,1.84,136.0,1246.0,800.0
ILBS,6/18/2026,905.0,919.0,901.1,909.0,0.44,929.0,1246.0,800.0
ILBS,6/19/2026,920.0,920.0,893.0,915.0,-0.54,927.0,1246.0,800.0
ILBS,6/22/2026,900.0,919.8,900.0,919.8,2.2,1898.0,1246.0,800.0
ILBS,6/23/2026,922.0,922.0,900.0,908.0,-1.52,1333.0,1246.0,800.0
ILBS,6/24/2026,895.0,909.8,890.0,909.8,1.65,2458.0,1246.0,800.0
ILBS,6/26/2026,901.0,901.0,890.1,890.1,-1.21,643.0,1246.0,800.0
ILBS,6/29/2026,875.0,914.0,875.0,892.0,1.94,1016.0,1246.0,800.0
ILBS,6/30/2026,871.0,885.0,866.0,884.0,1.49,2911.0,1246.0,800.0
ILBS,7/1/2026,884.0,937.8,878.0,897.0,1.47,3317.0,1246.0,800.0
ILBS,7/2/2026,900.0,900.0,873.2,896.8,-0.36,1391.0,1246.0,800.0
ILBS,7/3/2026,875.9,899.0,875.9,886.3,1.19,467.0,1246.0,800.0
ILBS,7/6/2026,850.0,927.7,844.0,870.0,2.35,2153.0,1246.0,800.0
ILBS,7/7/2026,895.0,895.0,850.0,870.0,-2.79,869.0,1246.0,800.0
ILBS,7/8/2026,896.1,949.0,850.0,875.0,-2.35,799.0,1246.0,800.0
ILBS,7/9/2026,831.3,908.2,831.3,865.0,4.05,1053.0,1246.0,800.0
ILBS,7/10/2026,900.0,900.0,847.0,847.0,-5.89,3353.0,1246.0,800.0
ILBS,7/13/2026,821.0,897.0,821.0,843.5,2.74,2867.0,1246.0,800.0
ILBS,7/14/2026,816.0,859.0,816.0,840.0,2.94,1517.0,1246.0,800.0
ILBS,7/15/2026,815.0,888.0,815.0,840.1,3.08,1182.0,1246.0,800.0
ILBS,7/16/2026,817.0,892.0,817.0,864.0,5.75,481.0,1246.0,800.0
ILBS,7/17/2026,825.0,898.8,825.0,874.0,5.94,1332.0,1246.0,800.0
ILBS,7/20/2026,917.0,917.0,871.0,891.0,-2.84,2345.0,1246.0,800.0
ILBS,7/21/2026,935.0,935.0,874.1,883.0,-5.56,1208.0,1246.0,800.0
ILBS,7/22/2026,840.0,940.0,840.0,890.0,5.95,1399.0,1246.0,800.0
ILBS,7/23/2026,850.0,927.0,850.0,891.9,4.93,1447.0,1246.0,800.0
ILBS,7/24/2026,850.0,900.0,850.0,884.0,4.0,1485.0,1246.0,800.0
ILBS,7/27/2026,860.0,930.0,860.0,883.9,2.78,2658.0,1246.0,800.0
ILBS,7/28/2026,865.0,915.6,865.0,892.0,3.12,513.0,1246.0,800.0
ILBS,7/29/2026,870.1,888.0,870.0,887.0,1.94,78.0,1246.0,800.0
ILBS,7/30/2026,842.7,893.8,842.7,883.9,4.89,812.0,1246.0,800.0
ILBS,7/31/2026,850.0,955.0,850.0,883.8,3.98,3205.0,1246.0,800.0
ILBS,8/3/2026,860.0,898.0,860.0,898.0,4.42,895.0,1246.0,800.0
ILBS,8/4/2026,871.0,924.0,871.0,890.0,2.18,1583.0,1246.0,800.0
ILBS,8/5/2026,865.0,890.0,865.0,883.8,2.17,1029.0,1246.0,800.0
ILBS,8/6/2026,870.0,896.0,859.0,879.0,1.03,1129.0,1246.0,800.0
ILBS,8/7/2026,878.9,886.0,860.0,876.9,-0.23,1049.0,1246.0,800.0
ILBS,8/10/2026,851.0,880.0,851.0,865.0,1.65,1894.0,1246.0,800.0
ILBS,8/11/2026,840.0,890.0,840.0,878.0,4.52,1610.0,1246.0,800.0
ILBS,8/12/2026,885.0,885.0,861.0,875.0,-1.13,88.0,1246.0,800.0
ILBS,8/13/2026,888.0,895.0,869.0,893.0,0.56,5108.0,1246.0,800.0
ILBS,8/14/2026,904.0,904.0,877.0,894.0,-1.11,1655.0,1246.0,800.0
ILBS,8/17/2026,869.0,880.0,862.1,874.0,0.58,434.0,1246.0,800.0
ILBS,8/18/2026,885.0,885.0,860.0,860.5,-2.77,2228.0,1246.0,800.0
ILBS,8/19/2026,850.0,874.9,850.0,860.0,1.18,2090.0,1246.0,800.0
ILBS,8/20/2026,860.0,870.0,836.0,860.0,0.0,1619.0,1246.0,800.0
ILBS,8/21/2026,840.0,860.0,840.0,858.8,2.24,691.0,1246.0,800.0
ILBS,8/24/2026,841.0,860.0,840.0,859.0,2.14,1591.0,1246.0,800.0
ILBS,8/25/2026,833.0,855.0,833.0,849.9,2.03,242.0,1246.0,800.0
ILBS,8/26/2026,830.0,850.0,830.0,844.9,1.8,1501.0,1246.0,800.0
ILBS,8/27/2026,820.0,840.0,820.0,838.0,2.2,1506.0,1246.0,800.0
ILBS,8/31/2026,820.0,849.0,815.5,834.9,1.82,756.0,1246.0,800.0
ILBS,9/1/2026,811.1,844.5,811.1,836.0,3.07,1691.0,1246.0,800.0
ILBS,9/2/2026,830.0,830.0,821.0,829.0,-0.12,213.0,1246.0,800.0
ILBS,9/3/2026,800.0,844.0,800.0,837.0,4.62,1697.0,1246.0,800.0
ILBS,9/7/2026,815.0,839.0,815.0,836.9,2.69,1029.0,1246.0,800.0
ILBS,9/9/2026,835.0,841.0,820.0,833.0,-0.24,1568.0,1246.0,800.0
ILBS,9/10/2026,815.0,857.0,815.0,857.0,5.15,815.0,1246.0,800.0
ILBS,9/11/2026,836.3,870.0,822.1,870.0,4.03,8884.0,1246.0,800.0
ILBS,9/14/2026,830.0,925.9,830.0,925.9,11.55,9175.0,1246.0,800.0
ILBS,9/15/2026,880.1,960.0,880.1,948.0,7.72,8375.0,1246.0,800.0
ILBS,9/16/2026,921.0,960.0,921.0,957.9,4.01,12507.0,1246.0,800.0
ILBS,9/17/2026,925.0,980.0,925.0,969.9,4.85,7385.0,1246.0,800.0
ILBS,9/18/2026,930.0,1065.0,930.0,1065.0,14.52,6363.0,1246.0,800.0
ILBS,9/22/2026,1118.0,1118.0,976.1,1004.9,-10.12,13965.0,1246.0,800.0
ILBS,9/23/2026,965.0,995.0,939.0,968.0,0.31,15245.0,1246.0,800.0
ILBS,9/24/2026,940.0,1005.0,925.1,950.0,1.06,7482.0,1246.0,800.0
ILBS,9/28/2026,927.0,1025.0,920.6,939.0,1.29,5105.0,1246.0,800.0
ILBS,9/29/2026,915.0,945.0,910.0,0.0,-100.0,943.0,1246.0,800.0
ILBS,9/30/2026,900.0,965.0,900.0,944.8,4.98,4847.0,1246.0,800.0
ILBS,10/1/2026,905.0,990.0,901.0,947.9,4.74,1316.0,1246.0,800.0
ILBS,10/2/2026,902.0,950.0,902.0,917.0,1.66,4448.0,1246.0,800.0
ILBSP,12/31/2025,624.0,624.0,624.0,624.0,,5000.0,624.0,439.4
ILBSP,4/24/2026,527.0,527.0,527.0,527.0,0.0,12000.0,624.0,439.4
ILBSP,5/8/2026,512.0,512.0,512.0,512.0,0.0,5000.0,624.0,439.4
ILBSP,5/11/2026,500.0,500.0,500.0,500.0,0.0,5000.0,624.0,439.4
ILBSP,7/1/2026,485.0,485.0,485.0,485.0,0.0,9629.0,624.0,439.4
ILBSP,7/6/2026,470.5,470.5,470.5,470.5,0.0,24000.0,624.0,439.4
ILBSP,7/31/2026,470.5,470.5,470.5,470.5,0.0,750.0,624.0,439.4
ILBSP,8/25/2026,460.0,460.0,460.0,460.0,0.0,6000.0,624.0,439.4
ILBSP,9/17/2026,455.0,455.0,455.0,455.0,0.0,5000.0,624.0,439.4
ILBSP,9/23/2026,450.0,450.0,450.0,450.0,0.0,8258.0,624.0,439.4
ILI,1/26/2026,453.2,461.8,453.2,457.7,,29993.0,489.6,396.3
ILI,1/27/2026,452.3,459.7,451.1,452.0,-1.25,37020.0,489.6,396.3
ILI,1/28/2026,450.0,452.0,445.0,452.0,0.0,28301.0,489.6,396.3
ILI,1/29/2026,460.0,460.0,446.3,447.1,-1.08,13933.0,489.6,396.3
ILI,2/1/2026,447.1,449.0,444.4,445.0,-0.47,15822.0,489.6,396.3
ILI,2/2/2026,445.0,446.0,441.2,442.2,-0.63,22047.0,489.6,396.3
ILI,2/3/2026,442.2,445.0,440.6,441.0,-0.27,13390.0,489.6,396.3
ILI,2/4/2026,444.0,444.0,431.0,437.5,-0.79,53066.0,489.6,396.3
ILI,2/5/2026,433.0,441.0,433.0,440.7,0.73,18569.0,489.6,396.3
ILI,2/8/2026,442.0,445.9,441.0,441.0,0.07,15706.0,489.6,396.3
ILI,2/9/2026,441.5,443.0,437.3,437.4,-0.82,12729.0,489.6,396.3
ILI,2/10/2026,435.5,440.0,435.5,435.7,-0.39,14373.0,489.6,396.3
ILI,2/11/2026,437.0,443.0,435.3,439.8,0.94,20575.0,489.6,396.3
ILI,2/12/2026,436.0,443.9,436.0,437.3,-0.57,14488.0,489.6,396.3
ILI,2/16/2026,436.2,440.0,436.2,436.2,-0.25,11578.0,489.6,396.3
ILI,2/17/2026,436.0,438.0,434.0,434.5,-0.39,17162.0,489.6,396.3
ILI,2/22/2026,434.0,442.6,431.0,433.1,-0.32,12131.0,489.6,396.3
ILI,2/23/2026,430.2,437.0,430.2,433.1,0.0,9557.0,489.6,396.3
ILI,2/24/2026,433.1,437.0,430.4,435.0,0.44,11527.0,489.6,396.3
ILI,2/25/2026,435.0,442.8,435.0,442.7,1.77,11690.0,489.6,396.3
ILI,2/26/2026,442.0,443.9,436.6,441.5,-0.27,14112.0,489.6,396.3
ILI,2/27/2026,442.0,443.9,436.6,441.5,0.0,14112.0,489.6,396.3
ILI,2/28/2026,442.0,443.9,436.6,441.5,0.0,14112.0,489.6,396.3
ILI,3/2/2026,436.0,444.9,435.0,442.0,0.11,13801.0,489.6,396.3
ILI,3/3/2026,450.8,450.8,439.0,447.0,1.13,20483.0,489.6,396.3
ILI,3/4/2026,450.8,450.8,439.0,447.0,0.0,20483.0,489.6,396.3
ILI,3/5/2026,450.8,450.8,439.0,447.0,0.0,20483.0,489.6,396.3
ILI,3/6/2026,450.8,450.8,439.0,447.0,0.0,20483.0,489.6,396.3
ILI,3/7/2026,450.8,450.8,439.0,447.0,0.0,20483.0,489.6,396.3
ILI,3/8/2026,450.8,450.8,439.0,447.0,0.0,20483.0,489.6,396.3
ILI,3/9/2026,447.0,474.3,447.0,465.0,4.03,2164.0,489.6,396.3
ILI,3/10/2026,470.0,474.0,456.0,462.2,-0.6,83945.0,489.6,396.3
ILI,3/11/2026,458.1,466.0,456.3,456.3,-1.28,35020.0,489.6,396.3
ILI,3/12/2026,451.0,462.0,451.0,461.0,1.03,24078.0,489.6,396.3
ILI,3/13/2026,451.0,462.0,451.0,461.0,0.0,24078.0,489.6,396.3
ILI,3/14/2026,451.0,462.0,451.0,461.0,0.0,24078.0,489.6,396.3
ILI,3/15/2026,468.0,469.8,456.5,458.0,-0.65,18521.0,489.6,396.3
ILI,3/16/2026,454.0,458.0,451.6,453.0,-1.09,22016.0,489.6,396.3
ILI,3/17/2026,453.0,454.0,448.0,452.0,-0.22,15015.0,489.6,396.3
ILI,3/18/2026,453.0,454.0,448.0,452.0,0.0,15015.0,489.6,396.3
ILI,3/19/2026,455.0,465.1,451.0,463.9,2.63,44887.0,489.6,396.3
ILI,3/20/2026,455.0,465.1,451.0,463.9,0.0,44887.0,489.6,396.3
ILI,3/21/2026,455.0,465.1,451.0,463.9,0.0,44887.0,489.6,396.3
ILI,3/22/2026,466.0,483.0,465.0,480.0,3.47,112150.0,489.6,396.3
ILI,3/23/2026,483.0,483.0,470.0,477.0,-0.62,57744.0,489.6,396.3
ILI,3/24/2026,475.0,477.0,470.5,474.6,-0.5,22247.0,489.6,396.3
ILI,3/25/2026,475.0,475.0,466.0,467.0,-1.6,28857.0,489.6,396.3
ILI,3/26/2026,460.1,469.0,460.1,468.0,1.72,24419.0,489.6,396.3
ILI,3/29/2026,468.0,468.0,455.2,458.0,-2.14,27644.0,489.6,396.3
ILI,3/30/2026,453.3,459.8,450.3,450.7,-0.57,21873.0,489.6,396.3
ILI,3/31/2026,450.1,455.5,443.0,453.7,0.8,28333.0,489.6,396.3
ILI,4/1/2026,453.8,453.8,443.0,443.2,-2.34,22514.0,489.6,396.3
ILI,4/2/2026,442.0,448.0,436.4,446.0,0.9,20977.0,489.6,396.3
ILI,4/5/2026,442.0,442.0,433.0,434.0,-1.81,35434.0,489.6,396.3
ILI,4/6/2026,430.1,446.0,430.0,445.0,3.46,16990.0,489.6,396.3
ILI,4/7/2026,448.0,449.9,437.0,440.0,-1.79,13093.0,489.6,396.3
ILI,4/8/2026,440.0,450.0,440.0,447.0,1.59,14768.0,489.6,396.3
ILI,4/9/2026,449.0,451.5,441.0,451.0,0.45,21809.0,489.6,396.3
ILI,4/10/2026,443.0,451.0,443.0,445.0,0.45,22493.0,489.6,396.3
ILI,4/13/2026,451.0,453.9,442.8,446.0,-1.11,18643.0,489.6,396.3
ILI,4/15/2026,442.0,451.0,442.0,450.0,1.81,18445.0,489.6,396.3
ILI,4/16/2026,453.0,453.0,444.0,445.0,-1.77,8284.0,489.6,396.3
ILI,4/17/2026,442.0,446.0,439.0,442.0,0.0,13039.0,489.6,396.3
ILI,4/20/2026,440.0,444.0,435.0,439.5,-0.11,14504.0,489.6,396.3
ILI,4/21/2026,437.0,442.0,435.2,437.0,0.0,7489.0,489.6,396.3
ILI,4/22/2026,435.0,440.0,430.0,438.0,0.69,21872.0,489.6,396.3
ILI,4/23/2026,435.1,438.0,432.4,436.4,0.3,8556.0,489.6,396.3
ILI,4/24/2026,432.0,438.0,430.1,437.8,1.34,8418.0,489.6,396.3
ILI,4/27/2026,437.8,438.0,435.0,436.0,-0.41,11235.0,489.6,396.3
ILI,4/28/2026,436.0,440.0,432.1,435.7,-0.07,9926.0,489.6,396.3
ILI,4/29/2026,435.7,437.0,431.1,434.0,-0.39,23573.0,489.6,396.3
ILI,4/30/2026,431.1,439.0,429.0,433.5,0.56,17474.0,489.6,396.3
ILI,5/4/2026,431.2,440.0,431.0,431.0,-0.05,9614.0,489.6,396.3
ILI,5/5/2026,436.0,439.9,426.1,432.0,-0.92,5517.0,489.6,396.3
ILI,5/6/2026,442.0,442.0,427.1,433.0,-2.04,4130.0,489.6,396.3
ILI,5/7/2026,432.0,435.9,430.0,434.5,0.58,4757.0,489.6,396.3
ILI,5/8/2026,434.0,440.8,434.0,437.5,0.81,7597.0,489.6,396.3
ILI,5/11/2026,438.0,443.0,437.0,443.0,1.14,11365.0,489.6,396.3
ILI,5/12/2026,450.0,450.0,435.0,436.1,-3.09,14367.0,489.6,396.3
ILI,5/13/2026,436.0,439.0,431.0,436.0,0.0,5929.0,489.6,396.3
ILI,5/14/2026,432.0,436.0,431.5,434.9,0.67,3681.0,489.6,396.3
ILI,5/15/2026,433.1,440.0,432.0,436.0,0.67,13051.0,489.6,396.3
ILI,5/18/2026,433.4,437.0,433.4,434.6,0.28,6568.0,489.6,396.3
ILI,5/19/2026,430.5,435.0,430.5,434.9,1.02,6275.0,489.6,396.3
ILI,5/20/2026,433.1,440.0,433.1,439.0,1.36,4028.0,489.6,396.3
ILI,5/21/2026,439.0,440.0,435.6,440.0,0.23,6328.0,489.6,396.3
ILI,5/22/2026,434.0,440.0,434.0,439.9,1.36,6297.0,489.6,396.3
ILI,5/25/2026,437.0,444.0,437.0,441.3,0.98,8064.0,489.6,396.3
ILI,5/26/2026,438.3,442.9,438.3,442.0,0.84,19235.0,489.6,396.3
ILI,5/27/2026,440.0,447.0,440.0,447.0,1.59,13287.0,489.6,396.3
ILI,6/1/2026,445.0,445.0,440.0,444.0,-0.22,5253.0,489.6,396.3
ILI,6/2/2026,438.0,447.0,438.0,443.0,1.14,5268.0,489.6,396.3
ILI,6/3/2026,440.3,454.9,440.3,448.4,1.84,30806.0,489.6,396.3
ILI,6/4/2026,448.0,450.0,442.2,444.1,-0.87,7710.0,489.6,396.3
ILI,6/5/2026,448.9,449.0,441.0,441.5,-1.65,8650.0,489.6,396.3
ILI,6/8/2026,440.1,440.2,437.3,438.0,-0.48,6534.0,489.6,396.3
ILI,6/9/2026,435.2,436.0,430.7,435.0,-0.05,25994.0,489.6,396.3
ILI,6/10/2026,431.0,439.6,431.0,433.3,0.53,19635.0,489.6,396.3
ILI,6/11/2026,454.9,454.9,430.5,431.3,-5.19,21274.0,489.6,396.3
ILI,6/12/2026,431.3,440.0,431.2,431.5,0.05,10503.0,489.6,396.3
ILI,6/15/2026,438.0,451.1,425.0,431.6,-1.46,8642.0,489.6,396.3
ILI,6/16/2026,431.6,434.0,430.1,433.0,0.32,6811.0,489.6,396.3
ILI,6/17/2026,428.1,434.0,428.1,432.0,0.91,5199.0,489.6,396.3
ILI,6/18/2026,428.9,432.0,428.9,432.0,0.72,5087.0,489.6,396.3
ILI,6/19/2026,432.0,433.0,430.0,432.8,0.19,8516.0,489.6,396.3
ILI,6/22/2026,430.0,434.0,430.0,430.0,0.0,9432.0,489.6,396.3
ILI,6/23/2026,430.0,430.0,425.0,426.0,-0.93,9083.0,489.6,396.3
ILI,6/24/2026,426.1,429.0,417.0,424.0,-0.49,28992.0,489.6,396.3
ILI,6/26/2026,423.0,426.0,420.0,421.0,-0.47,12328.0,489.6,396.3
ILI,6/29/2026,418.0,421.0,415.0,417.3,-0.17,11216.0,489.6,396.3
ILI,6/30/2026,415.0,420.0,415.0,419.0,0.96,4671.0,489.6,396.3
ILI,7/1/2026,410.0,426.9,410.0,423.0,3.17,6912.0,489.6,396.3
ILI,7/2/2026,424.0,430.6,418.5,421.0,-0.71,4849.0,489.6,396.3
ILI,7/3/2026,417.0,429.0,417.0,422.0,1.2,4982.0,489.6,396.3
ILI,7/6/2026,420.0,421.0,416.0,417.1,-0.69,7305.0,489.6,396.3
ILI,7/7/2026,415.0,424.0,415.0,420.0,1.2,6687.0,489.6,396.3
ILI,7/8/2026,399.0,424.0,399.0,418.0,4.76,7754.0,489.6,396.3
ILI,7/9/2026,413.6,417.0,413.6,415.9,0.56,3206.0,489.6,396.3
ILI,7/10/2026,415.9,419.4,414.0,415.0,-0.22,8894.0,489.6,396.3
ILI,7/13/2026,413.1,415.0,409.0,409.0,-0.99,15316.0,489.6,396.3
ILI,7/14/2026,409.0,414.0,406.0,411.2,0.54,6293.0,489.6,396.3
ILI,7/15/2026,410.0,415.0,400.0,401.0,-2.2,14014.0,489.6,396.3
ILI,7/16/2026,401.2,411.0,401.2,408.0,1.69,6793.0,489.6,396.3
ILI,7/17/2026,408.0,424.0,408.0,424.0,3.92,5127.0,489.6,396.3
ILI,7/20/2026,423.1,428.5,421.0,427.7,1.09,10159.0,489.6,396.3
ILI,7/21/2026,427.7,430.0,421.0,424.3,-0.79,13660.0,489.6,396.3
ILI,7/22/2026,404.0,429.5,404.0,424.0,4.95,3020.0,489.6,396.3
ILI,7/23/2026,420.1,428.5,420.0,425.0,1.17,8383.0,489.6,396.3
ILI,7/24/2026,421.1,430.0,421.1,425.0,0.93,4515.0,489.6,396.3
ILI,7/27/2026,422.0,429.9,420.0,420.4,-0.38,7541.0,489.6,396.3
ILI,7/28/2026,423.0,423.0,416.0,419.0,-0.95,9777.0,489.6,396.3
ILI,7/29/2026,415.0,423.0,415.0,418.0,0.72,3086.0,489.6,396.3
ILI,7/30/2026,415.5,420.0,415.2,420.0,1.08,4553.0,489.6,396.3
ILI,7/31/2026,420.0,420.0,415.1,418.0,-0.48,4115.0,489.6,396.3
ILI,8/3/2026,418.0,425.0,415.1,416.3,-0.41,5878.0,489.6,396.3
ILI,8/4/2026,415.0,420.0,415.0,418.0,0.72,7475.0,489.6,396.3
ILI,8/5/2026,415.0,418.5,415.0,415.8,0.19,5145.0,489.6,396.3
ILI,8/6/2026,415.8,419.9,409.0,411.2,-1.11,13476.0,489.6,396.3
ILI,8/7/2026,409.0,414.0,409.0,412.4,0.83,5178.0,489.6,396.3
ILI,8/10/2026,410.0,412.4,408.2,408.2,-0.44,8756.0,489.6,396.3
ILI,8/11/2026,408.0,414.0,406.1,410.0,0.49,7939.0,489.6,396.3
ILI,8/12/2026,407.0,414.0,407.0,413.0,1.47,3607.0,489.6,396.3
ILI,8/13/2026,413.0,416.8,412.0,416.0,0.73,5766.0,489.6,396.3
ILI,8/14/2026,413.1,424.9,413.1,417.0,0.94,3619.0,489.6,396.3
ILI,8/17/2026,417.0,420.0,415.0,416.4,-0.14,3734.0,489.6,396.3
ILI,8/18/2026,415.0,417.0,410.0,413.0,-0.48,9526.0,489.6,396.3
ILI,8/19/2026,415.0,415.0,408.1,413.0,-0.48,3462.0,489.6,396.3
ILI,8/20/2026,412.0,417.0,410.0,415.0,0.73,7178.0,489.6,396.3
ILI,8/21/2026,409.3,415.0,409.3,413.3,0.98,4845.0,489.6,396.3
ILI,8/24/2026,410.3,414.0,410.2,411.0,0.17,6424.0,489.6,396.3
ILI,8/25/2026,410.1,416.9,410.1,411.0,0.22,5781.0,489.6,396.3
ILI,8/26/2026,410.0,410.0,400.1,405.2,-1.17,12430.0,489.6,396.3
ILI,8/27/2026,400.0,406.0,397.3,403.2,0.8,6097.0,489.6,396.3
ILI,8/31/2026,403.0,403.0,397.0,399.0,-0.99,11181.0,489.6,396.3
ILI,9/1/2026,399.0,403.0,396.3,400.0,0.25,5416.0,489.6,396.3
ILI,9/2/2026,400.1,402.0,397.9,398.7,-0.35,4772.0,489.6,396.3
ILI,9/3/2026,400.0,408.9,399.0,404.9,1.22,9663.0,489.6,396.3
ILI,9/7/2026,404.0,408.0,404.0,405.0,0.25,7460.0,489.6,396.3
ILI,9/9/2026,405.0,410.0,403.0,408.0,0.74,7144.0,489.6,396.3
ILI,9/10/2026,405.0,412.5,402.7,405.0,0.0,9718.0,489.6,396.3
ILI,9/11/2026,402.5,414.0,401.5,409.1,1.64,5168.0,489.6,396.3
ILI,9/14/2026,410.0,420.0,410.0,418.0,1.95,7926.0,489.6,396.3
ILI,9/15/2026,438.9,439.0,420.1,425.8,-2.98,20369.0,489.6,396.3
ILI,9/16/2026,425.0,425.0,413.1,418.9,-1.44,7165.0,489.6,396.3
ILI,9/17/2026,422.2,426.0,419.0,420.0,-0.52,11648.0,489.6,396.3
ILI,9/18/2026,419.1,430.0,419.1,429.9,2.58,12831.0,489.6,396.3
ILI,9/22/2026,408.5,437.7,408.5,435.0,6.49,18941.0,489.6,396.3
ILI,9/23/2026,435.0,435.0,424.0,427.0,-1.84,13889.0,489.6,396.3
ILI,9/24/2026,425.0,429.8,420.2,428.0,0.71,9122.0,489.6,396.3
ILI,9/28/2026,428.0,430.0,422.0,422.1,-1.38,12187.0,489.6,396.3
ILI,9/29/2026,422.1,424.0,420.0,0.0,-100.0,4206.0,489.6,396.3
ILI,9/30/2026,420.0,424.0,420.0,422.5,0.6,4432.0,489.6,396.3
ILI,10/1/2026,422.5,429.0,416.0,422.1,-0.09,9276.0,489.6,396.3
ILI,10/2/2026,422.0,423.9,420.1,423.6,0.38,9118.0,489.6,396.3
JBBD87,12/21/2025,1161.3,1179.0,1161.3,1179.0,,274.0,1289.0,1095.0
JBBD87,1/1/2026,1162.1,1162.1,1162.1,1162.1,-1.43,36.0,1289.0,1095.0
JBBD87,1/4/2026,1151.0,1151.0,1151.0,1151.0,-0.96,25.0,1289.0,1095.0
JBBD87,1/12/2026,1151.0,1151.0,1142.0,1142.0,-0.78,55.0,1289.0,1095.0
JBBD87,1/13/2026,1131.0,1131.0,1131.0,1131.0,-0.96,25.0,1289.0,1095.0
JBBD87,1/20/2026,1112.1,1112.1,1112.0,1112.0,-1.68,275.0,1289.0,1095.0
JBBD87,1/27/2026,1110.0,1110.0,1106.1,1106.1,-0.53,50.0,1289.0,1095.0
JBBD87,1/28/2026,1106.0,1110.0,1106.0,1110.0,0.35,55.0,1289.0,1095.0
JBBD87,2/1/2026,1130.0,1135.0,1116.0,1135.0,2.25,210.0,1289.0,1095.0
JBBD87,2/2/2026,1121.0,1121.0,1105.0,1105.0,-2.64,60.0,1289.0,1095.0
JBBD87,2/3/2026,1113.0,1113.0,1113.0,1113.0,0.72,50.0,1289.0,1095.0
JBBD87,2/4/2026,1110.0,1120.0,1110.0,1120.0,0.63,75.0,1289.0,1095.0
JBBD87,2/8/2026,1142.4,1143.0,1142.4,1143.0,2.05,782.0,1289.0,1095.0
JBBD87,2/11/2026,1126.0,1126.0,1126.0,1126.0,-1.49,25.0,1289.0,1095.0
JBBD87,2/26/2026,1128.0,1128.0,1128.0,1128.0,0.18,50.0,1289.0,1095.0
JBBD87,2/27/2026,1128.0,1128.0,1128.0,1128.0,0.0,50.0,1289.0,1095.0
JBBD87,2/28/2026,1128.0,1128.0,1128.0,1128.0,0.0,50.0,1289.0,1095.0
JBBD87,3/2/2026,1131.0,1135.0,1131.0,1135.0,0.62,40.0,1289.0,1095.0
JBBD87,3/10/2026,1136.8,1136.8,1136.8,1136.8,0.16,25.0,1289.0,1095.0
JBBD87,3/15/2026,1135.0,1135.0,1135.0,1135.0,-0.16,25.0,1289.0,1095.0
JBBD87,3/16/2026,1130.7,1130.7,1130.7,1130.7,-0.38,25.0,1289.0,1095.0
JBBD87,3/22/2026,1151.0,1151.0,1151.0,1151.0,1.8,75.0,1289.0,1095.0
JBBD87,3/24/2026,1140.0,1140.0,1140.0,1140.0,-0.96,25.0,1289.0,1095.0
JBBD87,3/25/2026,1162.8,1162.8,1162.8,1162.8,2.0,10.0,1289.0,1095.0
JBBD87,3/30/2026,1153.7,1153.7,1153.7,1153.7,0.0,25.0,1289.0,1095.0
JBBD87,3/31/2026,1155.0,1155.0,1155.0,1155.0,0.0,25.0,1289.0,1095.0
JBBD87,4/1/2026,1145.0,1145.0,1145.0,1145.0,0.0,25.0,1289.0,1095.0
JBBD87,4/8/2026,1140.0,1140.0,1140.0,1140.0,0.0,25.0,1289.0,1095.0
JBBD87,4/10/2026,1140.0,1140.0,1140.0,1140.0,0.0,25.0,1289.0,1095.0
JBBD87,4/16/2026,1143.0,1143.0,1143.0,1143.0,0.0,25.0,1289.0,1095.0
JBBD87,4/20/2026,1140.0,1140.0,1140.0,1140.0,0.0,25.0,1289.0,1095.0
JBBD87,4/24/2026,1140.0,1140.0,1140.0,1140.0,0.0,25.0,1289.0,1095.0
JBBD87,4/28/2026,1140.0,1140.0,1140.0,1140.0,0.0,55.0,1289.0,1095.0
JBBD87,5/4/2026,1133.0,1133.0,1133.0,1133.0,0.0,25.0,1289.0,1095.0
JBBD87,5/5/2026,1132.0,1132.1,1132.0,1132.1,0.01,50.0,1289.0,1095.0
JBBD87,5/12/2026,1130.0,1130.0,1130.0,1130.0,0.0,25.0,1289.0,1095.0
JBBD87,5/13/2026,1115.1,1115.1,1115.1,1115.1,0.0,25.0,1289.0,1095.0
JBBD87,6/3/2026,1135.0,1135.0,1135.0,1135.0,0.0,25.0,1289.0,1095.0
JBBD87,6/4/2026,1165.1,1165.1,1165.1,1165.1,0.0,416.0,1289.0,1095.0
JBBD87,6/15/2026,1135.0,1135.0,1135.0,1135.0,0.0,30.0,1289.0,1095.0
JBBD87,6/16/2026,1125.0,1125.0,1125.0,1125.0,0.0,25.0,1289.0,1095.0
JBBD87,6/17/2026,1120.0,1120.0,1108.8,1108.8,-1.0,50.0,1289.0,1095.0
JBBD87,6/18/2026,1119.0,1119.0,1118.0,1118.0,-0.09,75.0,1289.0,1095.0
JBBD87,6/19/2026,1109.7,1109.7,1109.7,1109.7,0.0,25.0,1289.0,1095.0
JBBD87,6/30/2026,1122.0,1122.0,1122.0,1122.0,0.0,100.0,1289.0,1095.0
JBBD87,7/2/2026,1118.0,1118.0,1118.0,1118.0,0.0,50.0,1289.0,1095.0
JBBD87,7/9/2026,1132.0,1132.0,1130.0,1131.0,-0.09,20050.0,1289.0,1095.0
JBBD87,7/10/2026,1130.0,1130.0,1130.0,1130.0,0.0,10000.0,1289.0,1095.0
JBBD87,7/13/2026,1135.0,1135.0,1110.0,1110.0,-2.2,59400.0,1289.0,1095.0
JBBD87,7/14/2026,1143.3,1208.0,1143.3,1195.0,4.52,8769.0,1289.0,1095.0
JBBD87,7/20/2026,1162.0,1162.0,1150.0,1150.0,-1.03,55.0,1289.0,1095.0
JBBD87,7/21/2026,1140.0,1140.0,1105.8,1105.8,-3.0,49010.0,1289.0,1095.0
JBBD87,7/22/2026,1111.2,1111.2,1111.2,1111.2,0.0,25.0,1289.0,1095.0
JBBD87,7/24/2026,1121.0,1121.0,1121.0,1121.0,0.0,25.0,1289.0,1095.0
JBBD87,7/29/2026,1113.0,1113.0,1112.0,1112.0,-0.09,229.0,1289.0,1095.0
JBBD87,7/30/2026,1111.0,1111.0,1111.0,1111.0,0.0,25.0,1289.0,1095.0
JBBD87,8/3/2026,1111.0,1111.0,1111.0,1111.0,0.0,50.0,1289.0,1095.0
JBBD87,8/6/2026,1108.0,1111.0,1108.0,1111.0,0.27,105.0,1289.0,1095.0
JBBD87,8/10/2026,1140.0,1140.0,1140.0,1140.0,0.0,50.0,1289.0,1095.0
JBBD87,8/13/2026,1106.1,1106.1,1106.1,1106.1,0.0,25.0,1289.0,1095.0
JBBD87,8/19/2026,1100.1,1100.1,1100.1,1100.1,0.0,25.0,1289.0,1095.0
JBBD87,8/26/2026,1100.1,1100.1,1100.1,1100.1,0.0,25.0,1289.0,1095.0
JBBD87,8/31/2026,1133.0,1133.0,1133.0,1133.0,0.0,25.0,1289.0,1095.0
JBBD87,9/3/2026,1154.9,1170.0,1154.9,1170.0,1.31,435.0,1289.0,1095.0
JBBD87,9/24/2026,1135.0,1135.0,1135.0,1135.0,0.0,25.0,1289.0,1095.0
JBBD87,9/28/2026,1101.6,1101.6,1101.6,1101.6,0.0,25.0,1289.0,1095.0
JBBL,3/24/2011,110.0,114.0,110.0,114.0,,9740.0,395.0,295.0
JBBL,3/25/2011,114.0,114.0,108.0,110.0,-3.51,10000.0,395.0,295.0
JBBL,3/27/2011,110.0,113.0,108.0,111.0,0.91,1440.0,395.0,295.0
JBBL,3/28/2011,111.0,111.0,103.0,104.0,-6.31,1640.0,395.0,295.0
JBBL,3/29/2011,104.0,107.0,104.0,104.0,0.0,2730.0,395.0,295.0
JBBL,3/30/2011,104.0,107.0,103.0,105.0,0.96,4220.0,395.0,295.0
JBBL,3/31/2011,105.0,110.0,103.0,108.0,2.86,7920.0,395.0,295.0
JBBL,4/4/2011,108.0,110.0,106.0,107.0,-0.93,7970.0,395.0,295.0
JBBL,4/5/2011,107.0,109.0,107.0,107.0,0.0,5430.0,395.0,295.0
JBBL,4/6/2011,107.0,109.0,106.0,107.0,0.0,5010.0,395.0,295.0
JBBL,4/7/2011,107.0,109.0,106.0,106.0,-0.93,7140.0,395.0,295.0
JBBL,4/10/2011,106.0,110.0,105.0,108.0,1.89,7220.0,395.0,295.0
JBBL,4/11/2011,108.0,106.0,103.0,106.0,-1.85,3860.0,395.0,295.0
JBBL,4/13/2011,106.0,109.0,107.0,109.0,2.83,670.0,395.0,295.0
JBBL,4/17/2011,109.0,109.0,104.0,107.0,-1.83,3200.0,395.0,295.0
JBBL,4/18/2011,107.0,108.0,104.0,105.0,-1.87,2240.0,395.0,295.0
JBBL,4/19/2011,105.0,105.0,101.0,105.0,0.0,1460.0,395.0,295.0
JBBL,4/20/2011,105.0,107.0,105.0,107.0,1.9,8550.0,395.0,295.0
JBBL,4/21/2011,107.0,107.0,101.0,107.0,0.0,9110.0,395.0,295.0
JBBL,4/25/2011,107.0,107.0,104.0,104.0,-2.8,2560.0,395.0,295.0
JBBL,4/26/2011,104.0,105.0,104.0,105.0,0.96,130.0,395.0,295.0
JBBL,4/27/2011,105.0,107.0,105.0,107.0,1.9,8820.0,395.0,295.0
JBBL,4/28/2011,107.0,109.0,103.0,106.0,-0.93,6950.0,395.0,295.0
JBBL,5/2/2011,106.0,106.0,103.0,104.0,-1.89,5090.0,395.0,295.0
JBBL,5/3/2011,104.0,103.0,100.0,103.0,-0.96,7820.0,395.0,295.0
JBBL,5/4/2011,103.0,104.0,100.0,102.0,-0.97,3430.0,395.0,295.0
JBBL,5/5/2011,102.0,103.0,100.0,100.0,-1.96,4330.0,395.0,295.0
JBBL,5/8/2011,100.0,104.0,99.0,101.0,1.0,6690.0,395.0,295.0
JBBL,5/9/2011,101.0,101.0,99.0,101.0,0.0,3550.0,395.0,295.0
JBBL,5/10/2011,101.0,104.0,100.0,102.0,0.99,5660.0,395.0,295.0
JBBL,5/11/2011,102.0,107.0,101.0,106.0,3.92,5630.0,395.0,295.0
JBBL,5/12/2011,106.0,104.0,102.0,104.0,-1.89,1150.0,395.0,295.0
JBBL,5/15/2011,104.0,105.0,102.0,105.0,0.96,5110.0,395.0,295.0
JBBL,5/16/2011,105.0,108.0,103.0,104.0,-0.95,7770.0,395.0,295.0
JBBL,5/18/2011,104.0,108.0,104.0,106.0,1.92,5010.0,395.0,295.0
JBBL,5/19/2011,106.0,106.0,100.0,105.0,-0.94,5430.0,395.0,295.0
JBBL,5/22/2011,105.0,106.0,100.0,100.0,-4.76,3750.0,395.0,295.0
JBBL,5/23/2011,100.0,103.0,100.0,101.0,1.0,3520.0,395.0,295.0
JBBL,5/24/2011,101.0,105.0,100.0,104.0,2.97,11100.0,395.0,295.0
JBBL,5/25/2011,104.0,106.0,99.0,99.0,-4.81,5630.0,395.0,295.0
JBBL,5/26/2011,99.0,104.0,100.0,102.0,3.03,7280.0,395.0,295.0
JBBL,5/30/2011,102.0,105.0,102.0,105.0,2.94,2590.0,395.0,295.0
JBBL,5/31/2011,105.0,107.0,101.0,107.0,1.9,1440.0,395.0,295.0
JBBL,6/1/2011,107.0,107.0,105.0,105.0,-1.87,480.0,395.0,295.0
JBBL,6/2/2011,105.0,106.0,100.0,104.0,-0.95,3180.0,395.0,295.0
JBBL,6/5/2011,104.0,104.0,98.0,98.0,-5.77,2940.0,395.0,295.0
JBBL,6/6/2011,98.0,100.0,97.0,100.0,2.04,3210.0,395.0,295.0
JBBL,6/7/2011,100.0,102.0,95.0,102.0,2.0,1240.0,395.0,295.0
JBBL,6/8/2011,102.0,100.0,99.0,99.0,-2.94,510.0,395.0,295.0
JBBL,6/9/2011,99.0,102.0,94.0,102.0,3.03,840.0,395.0,295.0
JBBL,6/12/2011,102.0,100.0,100.0,100.0,-1.96,1000.0,395.0,295.0
JBBL,6/13/2011,100.0,98.0,90.0,98.0,-2.0,590.0,395.0,295.0
JBBL,6/14/2011,98.0,97.0,92.0,92.0,-6.12,2240.0,395.0,295.0
JBBL,6/15/2011,92.0,92.0,88.0,88.0,-4.35,730.0,395.0,295.0
JBBL,6/16/2011,88.0,88.0,85.0,88.0,0.0,930.0,395.0,295.0
JBBL,6/19/2011,88.0,96.0,89.0,96.0,9.09,990.0,395.0,295.0
JBBL,6/20/2011,88.0,96.0,89.0,96.0,0.0,990.0,395.0,295.0
JBBL,6/21/2011,105.0,106.0,103.0,105.0,9.38,3130.0,395.0,295.0
JBBL,6/23/2011,105.0,113.0,107.0,112.0,6.67,910.0,395.0,295.0
JBBL,6/26/2011,112.0,111.0,109.0,109.0,-2.68,150.0,395.0,295.0
JBBL,6/29/2011,109.0,107.0,99.0,99.0,-9.17,2630.0,395.0,295.0
JBBL,6/30/2011,99.0,98.0,94.0,96.0,-3.03,3260.0,395.0,295.0
JBBL,7/3/2011,96.0,96.0,90.0,96.0,0.0,2570.0,395.0,295.0
JBBL,7/4/2011,96.0,96.0,90.0,90.0,-6.25,1020.0,395.0,295.0
JBBL,7/5/2011,90.0,96.0,91.0,96.0,6.67,1640.0,395.0,295.0
JBBL,7/6/2011,96.0,99.0,96.0,98.0,2.08,2590.0,395.0,295.0
JBBL,7/7/2011,98.0,99.0,97.0,98.0,0.0,2000.0,395.0,295.0
JBBL,7/10/2011,98.0,97.0,96.0,97.0,-1.02,1100.0,395.0,295.0
JBBL,7/11/2011,97.0,100.0,98.0,98.0,1.03,1820.0,395.0,295.0
JBBL,7/12/2011,98.0,99.0,99.0,99.0,1.02,270.0,395.0,295.0
JBBL,7/13/2011,99.0,102.0,99.0,99.0,0.0,490.0,395.0,295.0
JBBL,7/14/2011,99.0,104.0,97.0,104.0,5.05,3510.0,395.0,295.0
JBBL,7/17/2011,104.0,114.0,106.0,114.0,9.62,140.0,395.0,295.0
JBBL,7/18/2011,114.0,116.0,103.0,103.0,-9.65,1880.0,395.0,295.0
JBBL,7/19/2011,103.0,105.0,102.0,105.0,1.94,2220.0,395.0,295.0
JBBL,7/20/2011,105.0,111.0,103.0,109.0,3.81,950.0,395.0,295.0
JBBL,7/21/2011,109.0,110.0,104.0,104.0,-4.59,620.0,395.0,295.0
JBBL,7/24/2011,104.0,105.0,102.0,103.0,-0.96,2150.0,395.0,295.0
JBBL,7/25/2011,103.0,103.0,99.0,100.0,-2.91,850.0,395.0,295.0
JBBL,7/26/2011,100.0,104.0,100.0,104.0,4.0,1160.0,395.0,295.0
JBBL,7/27/2011,104.0,107.0,103.0,104.0,0.0,2250.0,395.0,295.0
JBBL,7/28/2011,104.0,104.0,101.0,103.0,-0.96,7170.0,395.0,295.0
JBBL,7/31/2011,103.0,104.0,100.0,101.0,-1.94,3080.0,395.0,295.0
JBBL,8/1/2011,101.0,101.0,98.0,99.0,-1.98,8470.0,395.0,295.0
JBBL,8/2/2011,99.0,102.0,99.0,100.0,1.01,5820.0,395.0,295.0
JBBL,8/3/2011,100.0,104.0,100.0,104.0,4.0,8340.0,395.0,295.0
JBBL,8/4/2011,104.0,105.0,100.0,103.0,-0.96,9540.0,395.0,295.0
JBBL,8/7/2011,103.0,103.0,99.0,101.0,-1.94,8580.0,395.0,295.0
JBBL,8/8/2011,101.0,100.0,99.0,100.0,-0.99,960.0,395.0,295.0
JBBL,8/9/2011,100.0,100.0,97.0,97.0,-3.0,6380.0,395.0,295.0
JBBL,8/10/2011,97.0,99.0,95.0,99.0,2.06,13110.0,395.0,295.0
JBBL,8/11/2011,99.0,99.0,97.0,97.0,-2.02,5030.0,395.0,295.0
JBBL,8/15/2011,97.0,98.0,97.0,97.0,0.0,12520.0,395.0,295.0
JBBL,8/16/2011,97.0,98.0,95.0,98.0,1.03,6100.0,395.0,295.0
JBBL,8/17/2011,98.0,98.0,98.0,98.0,0.0,110.0,395.0,295.0
JBBL,8/18/2011,98.0,107.0,97.0,107.0,9.18,1930.0,395.0,295.0
JBBL,8/22/2011,107.0,105.0,97.0,97.0,-9.35,3630.0,395.0,295.0
JBBL,8/23/2011,97.0,100.0,96.0,98.0,1.03,7710.0,395.0,295.0
JBBL,8/24/2011,98.0,100.0,95.0,98.0,0.0,5000.0,395.0,295.0
JBBL,8/25/2011,98.0,99.0,96.0,98.0,0.0,1770.0,395.0,295.0
JBBL,8/28/2011,98.0,99.0,96.0,96.0,-2.04,1410.0,395.0,295.0
JBBL,8/29/2011,96.0,97.0,95.0,97.0,1.04,1780.0,395.0,295.0
JBBL,8/30/2011,97.0,98.0,96.0,98.0,1.03,960.0,395.0,295.0
JBBL,9/1/2011,98.0,100.0,97.0,98.0,0.0,1160.0,395.0,295.0
JBBL,9/4/2011,98.0,98.0,96.0,96.0,-2.04,2370.0,395.0,295.0
JBBL,9/5/2011,96.0,96.0,94.0,96.0,0.0,2770.0,395.0,295.0
JBBL,9/6/2011,96.0,96.0,93.0,93.0,-3.12,1730.0,395.0,295.0
JBBL,9/7/2011,93.0,96.0,92.0,96.0,3.23,1500.0,395.0,295.0
JBBL,9/8/2011,96.0,95.0,93.0,93.0,-3.12,540.0,395.0,295.0
JBBL,9/12/2011,93.0,94.0,92.0,94.0,1.08,1550.0,395.0,295.0
JBBL,9/13/2011,94.0,94.0,90.0,93.0,-1.06,2940.0,395.0,295.0
JBBL,9/14/2011,93.0,94.0,92.0,93.0,0.0,1450.0,395.0,295.0
JBBL,9/15/2011,93.0,93.0,92.0,93.0,0.0,1300.0,395.0,295.0
JBBL,9/18/2011,93.0,93.0,92.0,93.0,0.0,980.0,395.0,295.0
JBBL,9/19/2011,93.0,93.0,91.0,91.0,-2.15,1750.0,395.0,295.0
JBBL,9/20/2011,91.0,92.0,90.0,92.0,1.1,7910.0,395.0,295.0
JBBL,9/21/2011,92.0,92.0,91.0,92.0,0.0,1300.0,395.0,295.0
JBBL,9/22/2011,92.0,94.0,92.0,92.0,0.0,1410.0,395.0,295.0
JBBL,9/25/2011,92.0,93.0,90.0,93.0,1.09,310.0,395.0,295.0
JBBL,9/26/2011,93.0,93.0,92.0,93.0,0.0,750.0,395.0,295.0
JBBL,9/27/2011,93.0,100.0,94.0,99.0,6.45,2280.0,395.0,295.0
JBBL,9/29/2011,99.0,102.0,98.0,99.0,0.0,330.0,395.0,295.0
JBBL,10/2/2011,99.0,100.0,96.0,98.0,-1.01,920.0,395.0,295.0
JBBL,10/9/2011,98.0,98.0,97.0,97.0,-1.02,490.0,395.0,295.0
JBBL,10/10/2011,97.0,99.0,97.0,99.0,2.06,2930.0,395.0,295.0
JBBL,10/12/2011,99.0,102.0,97.0,99.0,0.0,920.0,395.0,295.0
JBBL,10/13/2011,99.0,101.0,98.0,101.0,2.02,2890.0,395.0,295.0
JBBL,10/16/2011,101.0,101.0,98.0,98.0,-2.97,2280.0,395.0,295.0
JBBL,10/17/2011,98.0,99.0,97.0,98.0,0.0,1560.0,395.0,295.0
JBBL,10/18/2011,98.0,99.0,97.0,99.0,1.02,4650.0,395.0,295.0
JBBL,10/19/2011,99.0,99.0,97.0,97.0,-2.02,100.0,395.0,295.0
JBBL,10/20/2011,97.0,97.0,97.0,97.0,0.0,150.0,395.0,295.0
JBBL,10/23/2011,97.0,98.0,96.0,96.0,-1.03,1910.0,395.0,295.0
JBBL,10/24/2011,96.0,97.0,95.0,95.0,-1.04,940.0,395.0,295.0
JBBL,10/25/2011,95.0,97.0,94.0,96.0,1.05,9400.0,395.0,295.0
JBBL,10/30/2011,96.0,96.0,95.0,96.0,0.0,450.0,395.0,295.0
JBBL,10/31/2011,96.0,97.0,95.0,96.0,0.0,2140.0,395.0,295.0
JBBL,11/2/2011,96.0,105.0,96.0,105.0,9.38,2910.0,395.0,295.0
JBBL,11/3/2011,105.0,107.0,98.0,100.0,-4.76,4460.0,395.0,295.0
JBBL,11/6/2011,100.0,101.0,98.0,98.0,-2.0,1370.0,395.0,295.0
JBBL,11/8/2011,98.0,97.0,96.0,96.0,-2.04,1090.0,395.0,295.0
JBBL,11/9/2011,96.0,96.0,94.0,94.0,-2.08,620.0,395.0,295.0
JBBL,11/10/2011,94.0,95.0,94.0,95.0,1.06,590.0,395.0,295.0
JBBL,11/13/2011,95.0,95.0,93.0,95.0,0.0,4260.0,395.0,295.0
JBBL,11/14/2011,95.0,97.0,94.0,97.0,2.11,1210.0,395.0,295.0
JBBL,11/15/2011,97.0,98.0,96.0,98.0,1.03,340.0,395.0,295.0
JBBL,11/16/2011,98.0,98.0,95.0,95.0,-3.06,1300.0,395.0,295.0
JBBL,11/17/2011,95.0,97.0,95.0,97.0,2.11,230.0,395.0,295.0
JBBL,11/20/2011,97.0,99.0,96.0,96.0,-1.03,4010.0,395.0,295.0
JBBL,11/21/2011,96.0,99.0,96.0,98.0,2.08,6380.0,395.0,295.0
JBBL,11/22/2011,98.0,98.0,97.0,98.0,0.0,1570.0,395.0,295.0
JBBL,11/23/2011,98.0,98.0,96.0,97.0,-1.02,1230.0,395.0,295.0
JBBL,11/24/2011,97.0,99.0,97.0,99.0,2.06,4170.0,395.0,295.0
JBBL,11/27/2011,99.0,99.0,97.0,97.0,-2.02,1170.0,395.0,295.0
JBBL,11/28/2011,97.0,98.0,96.0,98.0,1.03,1840.0,395.0,295.0
JBBL,12/1/2011,98.0,98.0,96.0,96.0,-2.04,1400.0,395.0,295.0
JBBL,12/4/2011,96.0,96.0,95.0,95.0,-1.04,1660.0,395.0,295.0
JBBL,12/5/2011,95.0,98.0,95.0,97.0,2.11,4110.0,395.0,295.0
JBBL,12/6/2011,97.0,99.0,96.0,98.0,1.03,7650.0,395.0,295.0
JBBL,12/7/2011,98.0,98.0,96.0,97.0,-1.02,4640.0,395.0,295.0
JBBL,12/8/2011,97.0,100.0,95.0,98.0,1.03,5730.0,395.0,295.0
JBBL,12/13/2011,98.0,97.0,95.0,95.0,-3.06,30.0,395.0,295.0
JBBL,12/15/2011,95.0,94.0,92.0,92.0,-3.16,650.0,395.0,295.0
JBBL,12/18/2011,92.0,91.0,90.0,90.0,-2.17,130.0,395.0,295.0
JBBL,12/19/2011,90.0,89.0,88.0,88.0,-2.22,120.0,395.0,295.0
JBBL,12/20/2011,88.0,88.0,86.0,86.0,-2.27,760.0,395.0,295.0
JBBL,12/21/2011,86.0,88.0,86.0,87.0,1.16,930.0,395.0,295.0
JBBL,12/22/2011,87.0,88.0,86.0,87.0,0.0,1120.0,395.0,295.0
JBBL,12/27/2011,87.0,86.0,84.0,84.0,-3.45,1800.0,395.0,295.0
JBBL,12/28/2011,84.0,84.0,83.0,84.0,0.0,430.0,395.0,295.0
JBBL,12/29/2011,84.0,83.0,81.0,82.0,-2.38,2870.0,395.0,295.0
JBBL,1/1/2012,82.0,85.0,82.0,84.0,2.44,3920.0,395.0,295.0
JBBL,1/2/2012,84.0,89.0,84.0,89.0,5.95,3030.0,395.0,295.0
JBBL,1/3/2012,89.0,92.0,89.0,89.0,0.0,1410.0,395.0,295.0
JBBL,1/4/2012,89.0,91.0,87.0,87.0,-2.25,2030.0,395.0,295.0
JBBL,1/5/2012,87.0,90.0,88.0,89.0,2.3,2070.0,395.0,295.0
JBBL,1/8/2012,89.0,90.0,88.0,90.0,1.12,1740.0,395.0,295.0
JBBL,1/9/2012,90.0,91.0,88.0,89.0,-1.11,1710.0,395.0,295.0
JBBL,1/10/2012,89.0,89.0,89.0,89.0,0.0,250.0,395.0,295.0
JBBL,1/11/2012,89.0,89.0,88.0,89.0,0.0,2750.0,395.0,295.0
JBBL,1/12/2012,89.0,90.0,87.0,88.0,-1.12,1980.0,395.0,295.0
JBBL,1/16/2012,88.0,89.0,87.0,89.0,1.14,1090.0,395.0,295.0
JBBL,1/17/2012,89.0,89.0,85.0,86.0,-3.37,1120.0,395.0,295.0
JBBL,1/18/2012,86.0,88.0,85.0,88.0,2.33,1000.0,395.0,295.0
JBBL,1/19/2012,88.0,88.0,87.0,87.0,-1.14,2380.0,395.0,295.0
JBBL,1/22/2012,87.0,90.0,86.0,87.0,0.0,2510.0,395.0,295.0
JBBL,1/23/2012,87.0,88.0,86.0,87.0,0.0,3000.0,395.0,295.0
JBBL,1/25/2012,87.0,88.0,85.0,87.0,0.0,1830.0,395.0,295.0
JBBL,1/26/2012,87.0,87.0,86.0,86.0,-1.15,2780.0,395.0,295.0
JBBL,1/29/2012,86.0,87.0,86.0,86.0,0.0,1010.0,395.0,295.0
JBBL,1/31/2012,86.0,86.0,84.0,86.0,0.0,1480.0,395.0,295.0
JBBL,2/1/2012,86.0,89.0,85.0,85.0,-1.16,1020.0,395.0,295.0
JBBL,2/2/2012,85.0,87.0,85.0,85.0,0.0,920.0,395.0,295.0
JBBL,2/5/2012,85.0,85.0,83.0,85.0,0.0,760.0,395.0,295.0
JBBL,2/6/2012,85.0,85.0,83.0,83.0,-2.35,780.0,395.0,295.0
JBBL,2/7/2012,83.0,84.0,81.0,81.0,-2.41,2410.0,395.0,295.0
JBBL,2/8/2012,81.0,83.0,78.0,81.0,0.0,3090.0,395.0,295.0
JBBL,2/9/2012,81.0,81.0,79.0,80.0,-1.23,4950.0,395.0,295.0
JBBL,2/12/2012,80.0,82.0,79.0,79.0,-1.25,2570.0,395.0,295.0
JBBL,2/13/2012,79.0,80.0,76.0,80.0,1.27,1610.0,395.0,295.0
JBBL,2/14/2012,80.0,81.0,76.0,79.0,-1.25,2030.0,395.0,295.0
JBBL,2/15/2012,79.0,81.0,78.0,78.0,-1.27,540.0,395.0,295.0
JBBL,2/16/2012,78.0,79.0,77.0,79.0,1.28,360.0,395.0,295.0
JBBL,2/21/2012,79.0,80.0,76.0,76.0,-3.8,950.0,395.0,295.0
JBBL,2/23/2012,76.0,78.0,76.0,76.0,0.0,1620.0,395.0,295.0
JBBL,2/26/2012,76.0,78.0,73.0,77.0,1.32,1070.0,395.0,295.0
JBBL,2/27/2012,77.0,78.0,76.0,76.0,-1.3,2040.0,395.0,295.0
JBBL,2/28/2012,76.0,78.0,77.0,77.0,1.32,1060.0,395.0,295.0
JBBL,2/29/2012,77.0,79.0,73.0,77.0,0.0,23220.0,395.0,295.0
JBBL,3/1/2012,77.0,80.0,75.0,78.0,1.3,3590.0,395.0,295.0
JBBL,3/4/2012,78.0,80.0,79.0,79.0,1.28,1270.0,395.0,295.0
JBBL,3/5/2012,79.0,79.0,78.0,78.0,-1.27,2870.0,395.0,295.0
JBBL,3/6/2012,78.0,78.0,76.0,77.0,-1.28,3310.0,395.0,295.0
JBBL,3/11/2012,77.0,77.0,75.0,76.0,-1.3,1050.0,395.0,295.0
JBBL,3/12/2012,76.0,78.0,74.0,76.0,0.0,980.0,395.0,295.0
JBBL,3/13/2012,76.0,79.0,75.0,75.0,-1.32,7340.0,395.0,295.0
JBBL,3/14/2012,75.0,78.0,76.0,76.0,1.33,4080.0,395.0,295.0
JBBL,3/15/2012,76.0,77.0,75.0,76.0,0.0,640.0,395.0,295.0
JBBL,3/18/2012,76.0,78.0,75.0,77.0,1.32,3800.0,395.0,295.0
JBBL,3/19/2012,77.0,79.0,77.0,79.0,2.6,2800.0,395.0,295.0
JBBL,3/20/2012,79.0,80.0,74.0,79.0,0.0,2140.0,395.0,295.0
JBBL,3/21/2012,79.0,78.0,75.0,76.0,-3.8,1500.0,395.0,295.0
JBBL,3/25/2012,76.0,78.0,76.0,78.0,2.63,1510.0,395.0,295.0
JBBL,3/26/2012,78.0,77.0,74.0,76.0,-2.56,2360.0,395.0,295.0
JBBL,3/27/2012,76.0,79.0,75.0,77.0,1.32,2230.0,395.0,295.0
JBBL,3/28/2012,77.0,76.0,76.0,76.0,-1.3,100.0,395.0,295.0
JBBL,3/29/2012,76.0,78.0,76.0,77.0,1.32,1230.0,395.0,295.0
JBBL,4/1/2012,77.0,79.0,76.0,77.0,0.0,1780.0,395.0,295.0
JBBL,4/2/2012,77.0,79.0,77.0,79.0,2.6,1720.0,395.0,295.0
JBBL,4/3/2012,79.0,82.0,78.0,80.0,1.27,880.0,395.0,295.0
JBBL,4/4/2012,80.0,83.0,77.0,79.0,-1.25,1680.0,395.0,295.0
JBBL,4/5/2012,79.0,83.0,79.0,81.0,2.53,2890.0,395.0,295.0
JBBL,4/8/2012,81.0,83.0,80.0,82.0,1.23,3450.0,395.0,295.0
JBBL,4/9/2012,82.0,83.0,81.0,83.0,1.22,1220.0,395.0,295.0
JBBL,4/10/2012,83.0,82.0,79.0,80.0,-3.61,1480.0,395.0,295.0
JBBL,4/11/2012,80.0,84.0,81.0,84.0,5.0,2480.0,395.0,295.0
JBBL,4/12/2012,84.0,90.0,85.0,89.0,5.95,2010.0,395.0,295.0
JBBL,4/15/2012,89.0,97.0,90.0,97.0,8.99,3850.0,395.0,295.0
JBBL,4/16/2012,97.0,106.0,98.0,106.0,9.28,870.0,395.0,295.0
JBBL,4/17/2012,106.0,116.0,108.0,108.0,1.89,3720.0,395.0,295.0
JBBL,4/18/2012,108.0,106.0,100.0,101.0,-6.48,7870.0,395.0,295.0
JBBL,4/19/2012,101.0,105.0,100.0,101.0,0.0,5670.0,395.0,295.0
JBBL,4/22/2012,101.0,104.0,101.0,104.0,2.97,2750.0,395.0,295.0
JBBL,4/24/2012,104.0,110.0,106.0,110.0,5.77,190.0,395.0,295.0
JBBL,4/25/2012,110.0,120.0,112.0,120.0,9.09,390.0,395.0,295.0
JBBL,4/26/2012,120.0,124.0,118.0,120.0,0.0,7335.0,395.0,295.0
JBBL,4/29/2012,120.0,126.0,116.0,118.0,-1.67,8340.0,395.0,295.0
JBBL,4/30/2012,118.0,118.0,108.0,108.0,-8.47,1220.0,395.0,295.0
JBBL,5/2/2012,108.0,106.0,106.0,106.0,-1.85,100.0,395.0,295.0
JBBL,5/3/2012,106.0,108.0,108.0,108.0,1.89,50.0,395.0,295.0
JBBL,5/7/2012,108.0,112.0,110.0,112.0,3.7,380.0,395.0,295.0
JBBL,5/8/2012,112.0,115.0,110.0,110.0,-1.79,4590.0,395.0,295.0
JBBL,5/9/2012,110.0,111.0,104.0,104.0,-5.45,6160.0,395.0,295.0
JBBL,5/10/2012,104.0,105.0,100.0,103.0,-0.96,2810.0,395.0,295.0
JBBL,5/13/2012,103.0,101.0,98.0,98.0,-4.85,2490.0,395.0,295.0
JBBL,5/14/2012,98.0,97.0,93.0,93.0,-5.1,3780.0,395.0,295.0
JBBL,5/15/2012,93.0,102.0,94.0,102.0,9.68,630.0,395.0,295.0
JBBL,5/16/2012,102.0,104.0,104.0,104.0,1.96,30.0,395.0,295.0
JBBL,5/17/2012,104.0,108.0,105.0,105.0,0.96,6440.0,395.0,295.0
JBBL,5/20/2012,105.0,107.0,103.0,107.0,1.9,200.0,395.0,295.0
JBBL,5/21/2012,107.0,106.0,101.0,104.0,-2.8,4320.0,395.0,295.0
JBBL,5/22/2012,104.0,104.0,100.0,101.0,-2.88,2340.0,395.0,295.0
JBBL,5/23/2012,101.0,99.0,99.0,99.0,-1.98,80.0,395.0,295.0
JBBL,5/24/2012,99.0,100.0,97.0,99.0,0.0,1900.0,395.0,295.0
JBBL,5/27/2012,99.0,107.0,98.0,106.0,7.07,2290.0,395.0,295.0
JBBL,6/4/2012,106.0,104.0,96.0,97.0,-8.49,2120.0,395.0,295.0
JBBL,6/5/2012,97.0,96.0,91.0,92.0,-5.15,720.0,395.0,295.0
JBBL,6/6/2012,92.0,92.0,88.0,88.0,-4.35,4340.0,395.0,295.0
JBBL,6/7/2012,88.0,91.0,86.0,87.0,-1.14,3190.0,395.0,295.0
JBBL,6/10/2012,87.0,87.0,85.0,87.0,0.0,1570.0,395.0,295.0
JBBL,6/11/2012,87.0,91.0,88.0,90.0,3.45,880.0,395.0,295.0
JBBL,6/12/2012,90.0,90.0,87.0,87.0,-3.33,630.0,395.0,295.0
JBBL,6/13/2012,87.0,88.0,85.0,87.0,0.0,1290.0,395.0,295.0
JBBL,6/14/2012,87.0,89.0,86.0,89.0,2.3,1710.0,395.0,295.0
JBBL,6/17/2012,89.0,90.0,88.0,89.0,0.0,2380.0,395.0,295.0
JBBL,6/18/2012,89.0,88.0,87.0,88.0,-1.12,1200.0,395.0,295.0
JBBL,6/19/2012,88.0,88.0,87.0,87.0,-1.14,130.0,395.0,295.0
JBBL,6/20/2012,87.0,88.0,87.0,87.0,0.0,280.0,395.0,295.0
JBBL,6/21/2012,87.0,88.0,87.0,87.0,0.0,460.0,395.0,295.0
JBBL,6/25/2012,87.0,89.0,86.0,89.0,2.3,2130.0,395.0,295.0
JBBL,6/26/2012,89.0,88.0,87.0,87.0,-2.25,490.0,395.0,295.0
JBBL,6/27/2012,87.0,90.0,88.0,90.0,3.45,1010.0,395.0,295.0
JBBL,6/28/2012,90.0,91.0,90.0,90.0,0.0,1020.0,395.0,295.0
JBBL,7/1/2012,90.0,91.0,90.0,91.0,1.11,710.0,395.0,295.0
JBBL,7/2/2012,91.0,90.0,86.0,90.0,-1.1,2200.0,395.0,295.0
JBBL,7/3/2012,90.0,90.0,88.0,88.0,-2.22,410.0,395.0,295.0
JBBL,7/4/2012,88.0,90.0,89.0,90.0,2.27,820.0,395.0,295.0
JBBL,7/5/2012,90.0,91.0,89.0,90.0,0.0,3760.0,395.0,295.0
JBBL,7/8/2012,90.0,89.0,88.0,89.0,-1.11,1960.0,395.0,295.0
JBBL,7/9/2012,89.0,88.0,87.0,87.0,-2.25,1640.0,395.0,295.0
JBBL,7/10/2012,87.0,91.0,88.0,89.0,2.3,780.0,395.0,295.0
JBBL,7/11/2012,89.0,88.0,86.0,86.0,-3.37,1120.0,395.0,295.0
JBBL,7/12/2012,86.0,87.0,85.0,86.0,0.0,900.0,395.0,295.0
JBBL,7/15/2012,86.0,91.0,85.0,91.0,5.81,230.0,395.0,295.0
JBBL,7/16/2012,91.0,92.0,86.0,86.0,-5.49,460.0,395.0,295.0
JBBL,7/17/2012,86.0,88.0,85.0,88.0,2.33,520.0,395.0,295.0
JBBL,7/18/2012,88.0,88.0,85.0,88.0,0.0,1520.0,395.0,295.0
JBBL,7/19/2012,88.0,91.0,89.0,91.0,3.41,2050.0,395.0,295.0
JBBL,7/22/2012,91.0,93.0,91.0,92.0,1.1,1010.0,395.0,295.0
JBBL,7/23/2012,92.0,97.0,93.0,93.0,1.09,1740.0,395.0,295.0
JBBL,7/24/2012,93.0,94.0,91.0,93.0,0.0,2140.0,395.0,295.0
JBBL,7/25/2012,93.0,102.0,94.0,96.0,3.23,2730.0,395.0,295.0
JBBL,7/26/2012,96.0,96.0,93.0,94.0,-2.08,2880.0,395.0,295.0
JBBL,7/29/2012,94.0,93.0,91.0,92.0,-2.13,1430.0,395.0,295.0
JBBL,7/30/2012,92.0,95.0,92.0,94.0,2.17,5100.0,395.0,295.0
JBBL,7/31/2012,94.0,94.0,92.0,92.0,-2.13,1540.0,395.0,295.0
JBBL,8/1/2012,92.0,93.0,91.0,91.0,-1.09,1790.0,395.0,295.0
JBBL,8/5/2012,91.0,92.0,90.0,90.0,-1.1,6530.0,395.0,295.0
JBBL,8/6/2012,90.0,91.0,89.0,91.0,1.11,1090.0,395.0,295.0
JBBL,8/7/2012,91.0,92.0,90.0,92.0,1.1,330.0,395.0,295.0
JBBL,8/8/2012,92.0,93.0,93.0,93.0,1.09,910.0,395.0,295.0
JBBL,8/12/2012,93.0,92.0,91.0,91.0,-2.15,100.0,395.0,295.0
JBBL,8/13/2012,91.0,90.0,88.0,88.0,-3.3,180.0,395.0,295.0
JBBL,8/14/2012,88.0,89.0,87.0,89.0,1.14,1090.0,395.0,295.0
JBBL,8/15/2012,89.0,89.0,87.0,89.0,0.0,530.0,395.0,295.0
JBBL,8/16/2012,89.0,90.0,88.0,90.0,1.12,1900.0,395.0,295.0
JBBL,8/19/2012,90.0,89.0,87.0,87.0,-3.33,1020.0,395.0,295.0
JBBL,8/21/2012,87.0,89.0,88.0,88.0,1.15,500.0,395.0,295.0
JBBL,8/22/2012,88.0,87.0,86.0,87.0,-1.14,2570.0,395.0,295.0
JBBL,8/23/2012,87.0,88.0,86.0,88.0,1.15,1080.0,395.0,295.0
JBBL,8/26/2012,88.0,89.0,87.0,88.0,0.0,3120.0,395.0,295.0
JBBL,8/27/2012,88.0,88.0,87.0,88.0,0.0,260.0,395.0,295.0
JBBL,8/28/2012,88.0,89.0,87.0,88.0,0.0,380.0,395.0,295.0
JBBL,8/29/2012,88.0,90.0,89.0,89.0,1.14,1650.0,395.0,295.0
JBBL,8/30/2012,89.0,91.0,88.0,89.0,0.0,2080.0,395.0,295.0
JBBL,9/2/2012,89.0,91.0,90.0,91.0,2.25,2640.0,395.0,295.0
JBBL,9/3/2012,91.0,91.0,90.0,91.0,0.0,12320.0,395.0,295.0
JBBL,9/4/2012,91.0,92.0,92.0,92.0,1.1,2930.0,395.0,295.0
JBBL,9/5/2012,92.0,92.0,91.0,92.0,0.0,5300.0,395.0,295.0
JBBL,9/6/2012,92.0,92.0,90.0,90.0,-2.17,720.0,395.0,295.0
JBBL,9/9/2012,90.0,91.0,89.0,91.0,1.11,910.0,395.0,295.0
JBBL,9/10/2012,91.0,91.0,90.0,90.0,-1.1,720.0,395.0,295.0
JBBL,9/11/2012,90.0,91.0,89.0,90.0,0.0,1210.0,395.0,295.0
JBBL,9/12/2012,90.0,91.0,89.0,90.0,0.0,880.0,395.0,295.0
JBBL,9/13/2012,90.0,92.0,89.0,90.0,0.0,750.0,395.0,295.0
JBBL,9/16/2012,90.0,91.0,90.0,90.0,0.0,80.0,395.0,295.0
JBBL,9/17/2012,90.0,89.0,88.0,88.0,-2.22,280.0,395.0,295.0
JBBL,9/18/2012,88.0,91.0,88.0,91.0,3.41,710.0,395.0,295.0
JBBL,9/19/2012,91.0,93.0,91.0,93.0,2.2,3730.0,395.0,295.0
JBBL,9/20/2012,93.0,93.0,90.0,91.0,-2.15,1520.0,395.0,295.0
JBBL,9/23/2012,91.0,91.0,90.0,91.0,0.0,160.0,395.0,295.0
JBBL,9/24/2012,91.0,90.0,89.0,90.0,-1.1,490.0,395.0,295.0
JBBL,9/25/2012,90.0,92.0,89.0,91.0,1.11,3790.0,395.0,295.0
JBBL,9/26/2012,91.0,90.0,89.0,90.0,-1.1,910.0,395.0,295.0
JBBL,9/30/2012,93.0,92.0,90.0,90.0,0.0,1230.0,395.0,295.0
JBBL,10/1/2012,90.0,90.0,88.0,88.0,-2.22,840.0,395.0,295.0
JBBL,10/2/2012,88.0,90.0,88.0,90.0,2.27,1240.0,395.0,295.0
JBBL,10/3/2012,90.0,90.0,88.0,88.0,-2.22,1240.0,395.0,295.0
JBBL,10/4/2012,88.0,89.0,88.0,89.0,1.14,1680.0,395.0,295.0
JBBL,10/7/2012,89.0,90.0,87.0,89.0,0.0,810.0,395.0,295.0
JBBL,10/8/2012,89.0,90.0,88.0,90.0,1.12,1470.0,395.0,295.0
JBBL,10/9/2012,90.0,90.0,88.0,88.0,-2.22,270.0,395.0,295.0
JBBL,10/10/2012,88.0,91.0,89.0,90.0,2.27,2370.0,395.0,295.0
JBBL,10/11/2012,90.0,95.0,90.0,91.0,1.11,2460.0,395.0,295.0
JBBL,10/14/2012,91.0,90.0,90.0,90.0,-1.1,230.0,395.0,295.0
JBBL,10/15/2012,90.0,90.0,89.0,89.0,-1.11,420.0,395.0,295.0
JBBL,10/17/2012,89.0,94.0,93.0,93.0,4.49,660.0,395.0,295.0
JBBL,10/18/2012,93.0,94.0,92.0,92.0,-1.08,490.0,395.0,295.0
JBBL,10/30/2012,92.0,91.0,91.0,91.0,-1.09,20.0,395.0,295.0
JBBL,10/31/2012,91.0,94.0,90.0,93.0,2.2,1070.0,395.0,295.0
JBBL,11/1/2012,93.0,93.0,93.0,93.0,0.0,210.0,395.0,295.0
JBBL,11/4/2012,93.0,92.0,90.0,91.0,-2.15,500.0,395.0,295.0
JBBL,11/5/2012,91.0,94.0,92.0,94.0,3.3,270.0,395.0,295.0
JBBL,11/6/2012,94.0,95.0,94.0,94.0,0.0,650.0,395.0,295.0
JBBL,11/7/2012,94.0,99.0,95.0,99.0,5.32,5300.0,395.0,295.0
JBBL,11/8/2012,99.0,100.0,98.0,98.0,-1.01,500.0,395.0,295.0
JBBL,11/11/2012,98.0,98.0,94.0,94.0,-4.08,1550.0,395.0,295.0
JBBL,11/12/2012,94.0,94.0,92.0,94.0,0.0,200.0,395.0,295.0
JBBL,11/18/2012,94.0,97.0,93.0,97.0,3.19,880.0,395.0,295.0
JBBL,11/20/2012,97.0,100.0,98.0,99.0,2.06,2780.0,395.0,295.0
JBBL,11/21/2012,99.0,98.0,97.0,97.0,-2.02,70.0,395.0,295.0
JBBL,11/22/2012,97.0,97.0,95.0,97.0,0.0,1760.0,395.0,295.0
JBBL,11/26/2012,97.0,98.0,96.0,97.0,0.0,230.0,395.0,295.0
JBBL,11/27/2012,97.0,96.0,91.0,94.0,-3.09,7250.0,395.0,295.0
JBBL,11/28/2012,94.0,93.0,92.0,92.0,-2.13,130.0,395.0,295.0
JBBL,12/2/2012,92.0,91.0,90.0,90.0,-2.17,490.0,395.0,295.0
JBBL,12/3/2012,90.0,90.0,88.0,89.0,-1.11,660.0,395.0,295.0
JBBL,12/4/2012,89.0,91.0,89.0,91.0,2.25,860.0,395.0,295.0
JBBL,12/5/2012,91.0,92.0,90.0,91.0,0.0,1620.0,395.0,295.0
JBBL,12/6/2012,91.0,90.0,88.0,90.0,-1.1,420.0,395.0,295.0
JBBL,12/9/2012,90.0,90.0,88.0,89.0,-1.11,1670.0,395.0,295.0
JBBL,12/10/2012,89.0,90.0,88.0,88.0,-1.12,2640.0,395.0,295.0
JBBL,12/11/2012,88.0,89.0,88.0,89.0,1.14,320.0,395.0,295.0
JBBL,12/12/2012,89.0,88.0,86.0,86.0,-3.37,2260.0,395.0,295.0
JBBL,12/13/2012,86.0,87.0,86.0,86.0,0.0,730.0,395.0,295.0
JBBL,12/16/2012,86.0,89.0,87.0,89.0,3.49,790.0,395.0,295.0
JBBL,12/17/2012,89.0,90.0,88.0,90.0,1.12,1050.0,395.0,295.0
JBBL,12/18/2012,90.0,89.0,88.0,88.0,-2.22,170.0,395.0,295.0
JBBL,12/19/2012,88.0,88.0,87.0,87.0,-1.14,860.0,395.0,295.0
JBBL,12/20/2012,87.0,86.0,86.0,86.0,-1.15,300.0,395.0,295.0
JBBL,12/23/2012,86.0,86.0,84.0,84.0,-2.33,720.0,395.0,295.0
JBBL,12/24/2012,84.0,89.0,85.0,89.0,5.95,3100.0,395.0,295.0
JBBL,12/27/2012,89.0,88.0,88.0,88.0,-1.12,40.0,395.0,295.0
JBBL,1/2/2013,88.0,87.0,85.0,85.0,-3.41,170.0,395.0,295.0
JBBL,1/3/2013,85.0,84.0,81.0,81.0,-4.71,940.0,395.0,295.0
JBBL,1/6/2013,81.0,82.0,78.0,80.0,-1.23,3440.0,395.0,295.0
JBBL,1/7/2013,80.0,82.0,81.0,81.0,1.25,1390.0,395.0,295.0
JBBL,1/8/2013,81.0,80.0,79.0,79.0,-2.47,460.0,395.0,295.0
JBBL,1/9/2013,79.0,79.0,78.0,78.0,-1.27,750.0,395.0,295.0
JBBL,1/10/2013,78.0,80.0,79.0,80.0,2.56,120.0,395.0,295.0
JBBL,1/13/2013,80.0,79.0,78.0,78.0,-2.5,1170.0,395.0,295.0
JBBL,1/15/2013,78.0,78.0,77.0,78.0,0.0,1000.0,395.0,295.0
JBBL,1/16/2013,78.0,81.0,77.0,80.0,2.56,2010.0,395.0,295.0
JBBL,1/17/2013,80.0,82.0,77.0,80.0,0.0,2780.0,395.0,295.0
JBBL,1/20/2013,80.0,81.0,81.0,81.0,1.25,60.0,395.0,295.0
JBBL,1/21/2013,81.0,80.0,78.0,78.0,-3.7,360.0,395.0,295.0
JBBL,1/22/2013,78.0,79.0,78.0,78.0,0.0,670.0,395.0,295.0
JBBL,1/23/2013,78.0,77.0,76.0,77.0,-1.28,610.0,395.0,295.0
JBBL,1/24/2013,77.0,76.0,73.0,74.0,-3.9,1680.0,395.0,295.0
JBBL,1/27/2013,74.0,75.0,72.0,74.0,0.0,3700.0,395.0,295.0
JBBL,1/28/2013,74.0,75.0,72.0,74.0,0.0,1940.0,395.0,295.0
JBBL,1/30/2013,74.0,76.0,72.0,73.0,-1.35,1910.0,395.0,295.0
JBBL,1/31/2013,73.0,75.0,73.0,75.0,2.74,1400.0,395.0,295.0
JBBL,2/3/2013,75.0,81.0,76.0,80.0,6.67,1510.0,395.0,295.0
JBBL,2/4/2013,80.0,81.0,80.0,81.0,1.25,1320.0,395.0,295.0
JBBL,2/5/2013,81.0,83.0,81.0,82.0,1.23,660.0,395.0,295.0
JBBL,2/6/2013,82.0,84.0,82.0,83.0,1.22,1110.0,395.0,295.0
JBBL,2/7/2013,83.0,83.0,81.0,83.0,0.0,3530.0,395.0,295.0
JBBL,2/10/2013,83.0,83.0,82.0,83.0,0.0,200.0,395.0,295.0
JBBL,2/12/2013,83.0,83.0,82.0,83.0,0.0,210.0,395.0,295.0
JBBL,2/13/2013,83.0,82.0,79.0,80.0,-3.61,2330.0,395.0,295.0
JBBL,2/14/2013,80.0,85.0,81.0,85.0,6.25,1110.0,395.0,295.0
JBBL,2/17/2013,85.0,86.0,86.0,86.0,1.18,360.0,395.0,295.0
JBBL,2/19/2013,86.0,88.0,86.0,87.0,1.16,1160.0,395.0,295.0
JBBL,2/20/2013,87.0,86.0,83.0,83.0,-4.6,1220.0,395.0,295.0
JBBL,2/21/2013,83.0,83.0,82.0,82.0,-1.2,260.0,395.0,295.0
JBBL,2/24/2013,82.0,82.0,80.0,80.0,-2.44,230.0,395.0,295.0
JBBL,2/25/2013,80.0,81.0,79.0,81.0,1.25,320.0,395.0,295.0
JBBL,2/26/2013,81.0,82.0,81.0,82.0,1.23,1370.0,395.0,295.0
JBBL,2/27/2013,82.0,81.0,80.0,81.0,-1.22,1320.0,395.0,295.0
JBBL,2/28/2013,81.0,83.0,80.0,83.0,2.47,2430.0,395.0,295.0
JBBL,3/3/2013,83.0,83.0,82.0,83.0,0.0,1490.0,395.0,295.0
JBBL,3/4/2013,83.0,83.0,80.0,83.0,0.0,580.0,395.0,295.0
JBBL,3/5/2013,83.0,83.0,82.0,83.0,0.0,340.0,395.0,295.0
JBBL,3/6/2013,83.0,82.0,81.0,82.0,-1.2,1340.0,395.0,295.0
JBBL,3/7/2013,82.0,82.0,81.0,81.0,-1.22,640.0,395.0,295.0
JBBL,3/11/2013,81.0,83.0,82.0,83.0,2.47,590.0,395.0,295.0
JBBL,3/13/2013,83.0,84.0,83.0,83.0,0.0,570.0,395.0,295.0
JBBL,3/14/2013,83.0,85.0,84.0,84.0,1.2,1250.0,395.0,295.0
JBBL,3/17/2013,84.0,86.0,83.0,83.0,-1.19,2280.0,395.0,295.0
JBBL,3/18/2013,83.0,84.0,82.0,83.0,0.0,2190.0,395.0,295.0
JBBL,3/19/2013,83.0,84.0,83.0,84.0,1.2,430.0,395.0,295.0
JBBL,3/20/2013,84.0,83.0,81.0,81.0,-3.57,800.0,395.0,295.0
JBBL,3/21/2013,81.0,81.0,79.0,79.0,-2.47,830.0,395.0,295.0
JBBL,3/24/2013,79.0,81.0,78.0,79.0,0.0,1370.0,395.0,295.0
JBBL,3/25/2013,79.0,81.0,78.0,81.0,2.53,580.0,395.0,295.0
JBBL,3/27/2013,81.0,81.0,78.0,78.0,-3.7,190.0,395.0,295.0
JBBL,3/28/2013,78.0,80.0,78.0,78.0,0.0,730.0,395.0,295.0
JBBL,3/31/2013,78.0,78.0,77.0,78.0,0.0,880.0,395.0,295.0
JBBL,4/1/2013,78.0,77.0,76.0,76.0,-2.56,70.0,395.0,295.0
JBBL,4/2/2013,76.0,77.0,76.0,77.0,1.32,910.0,395.0,295.0
JBBL,4/3/2013,77.0,81.0,77.0,80.0,3.9,1170.0,395.0,295.0
JBBL,4/4/2013,80.0,82.0,78.0,78.0,-2.5,1100.0,395.0,295.0
JBBL,4/7/2013,78.0,78.0,77.0,78.0,0.0,650.0,395.0,295.0
JBBL,4/8/2013,78.0,78.0,77.0,77.0,-1.28,1180.0,395.0,295.0
JBBL,4/9/2013,77.0,79.0,76.0,79.0,2.6,1920.0,395.0,295.0
JBBL,4/11/2013,79.0,81.0,79.0,79.0,0.0,2370.0,395.0,295.0
JBBL,4/15/2013,79.0,80.0,78.0,80.0,1.27,840.0,395.0,295.0
JBBL,4/16/2013,80.0,80.0,78.0,79.0,-1.25,2060.0,395.0,295.0
JBBL,4/17/2013,79.0,78.0,78.0,78.0,-1.27,10.0,395.0,295.0
JBBL,4/18/2013,78.0,80.0,78.0,80.0,2.56,1210.0,395.0,295.0
JBBL,4/23/2013,80.0,80.0,79.0,79.0,-1.25,1660.0,395.0,295.0
JBBL,4/28/2013,79.0,79.0,78.0,78.0,-1.27,700.0,395.0,295.0
JBBL,4/30/2013,78.0,77.0,75.0,76.0,-2.56,1600.0,395.0,295.0
JBBL,5/2/2013,76.0,76.0,75.0,75.0,-1.32,1240.0,395.0,295.0
JBBL,5/5/2013,75.0,74.0,72.0,72.0,-4.0,170.0,395.0,295.0
JBBL,5/6/2013,72.0,72.0,72.0,72.0,0.0,60.0,395.0,295.0
JBBL,5/7/2013,72.0,73.0,71.0,73.0,1.39,970.0,395.0,295.0
JBBL,5/8/2013,73.0,75.0,74.0,74.0,1.37,800.0,395.0,295.0
JBBL,5/9/2013,74.0,75.0,74.0,74.0,0.0,790.0,395.0,295.0
JBBL,5/12/2013,74.0,76.0,74.0,75.0,1.35,1240.0,395.0,295.0
JBBL,5/13/2013,75.0,78.0,74.0,78.0,4.0,1090.0,395.0,295.0
JBBL,5/14/2013,78.0,79.0,76.0,76.0,-2.56,400.0,395.0,295.0
JBBL,5/15/2013,76.0,78.0,77.0,78.0,2.63,1210.0,395.0,295.0
JBBL,5/16/2013,78.0,79.0,77.0,79.0,1.28,930.0,395.0,295.0
JBBL,5/20/2013,79.0,79.0,77.0,77.0,-2.53,390.0,395.0,295.0
JBBL,5/21/2013,77.0,76.0,75.0,75.0,-2.6,80.0,395.0,295.0
JBBL,5/22/2013,75.0,74.0,73.0,73.0,-2.67,2580.0,395.0,295.0
JBBL,5/23/2013,73.0,73.0,70.0,73.0,0.0,850.0,395.0,295.0
JBBL,5/26/2013,73.0,72.0,70.0,71.0,-2.74,1220.0,395.0,295.0
JBBL,5/27/2013,71.0,72.0,70.0,71.0,0.0,500.0,395.0,295.0
JBBL,5/28/2013,71.0,72.0,71.0,71.0,0.0,660.0,395.0,295.0
JBBL,5/30/2013,71.0,72.0,71.0,72.0,1.41,80.0,395.0,295.0
JBBL,6/2/2013,72.0,74.0,72.0,72.0,0.0,250.0,395.0,295.0
JBBL,6/3/2013,72.0,75.0,72.0,75.0,4.17,870.0,395.0,295.0
JBBL,6/4/2013,75.0,77.0,76.0,77.0,2.67,140.0,395.0,295.0
JBBL,6/5/2013,77.0,79.0,78.0,78.0,1.3,1030.0,395.0,295.0
JBBL,6/6/2013,78.0,79.0,77.0,78.0,0.0,1990.0,395.0,295.0
JBBL,6/9/2013,78.0,79.0,77.0,79.0,1.28,660.0,395.0,295.0
JBBL,6/10/2013,79.0,79.0,78.0,79.0,0.0,650.0,395.0,295.0
JBBL,6/11/2013,79.0,80.0,77.0,77.0,-2.53,1510.0,395.0,295.0
JBBL,6/12/2013,77.0,79.0,76.0,79.0,2.6,3010.0,395.0,295.0
JBBL,6/13/2013,79.0,80.0,76.0,76.0,-3.8,3580.0,395.0,295.0
JBBL,6/16/2013,76.0,77.0,77.0,77.0,1.32,980.0,395.0,295.0
JBBL,6/17/2013,77.0,77.0,76.0,76.0,-1.3,1550.0,395.0,295.0
JBBL,6/18/2013,76.0,77.0,76.0,77.0,1.32,1330.0,395.0,295.0
JBBL,6/19/2013,77.0,78.0,76.0,77.0,0.0,1490.0,395.0,295.0
JBBL,6/20/2013,77.0,80.0,76.0,79.0,2.6,10310.0,395.0,295.0
JBBL,6/23/2013,79.0,78.0,76.0,76.0,-3.8,1760.0,395.0,295.0
JBBL,6/24/2013,76.0,76.0,76.0,76.0,0.0,630.0,395.0,295.0
JBBL,6/25/2013,76.0,79.0,75.0,77.0,1.32,2800.0,395.0,295.0
JBBL,6/26/2013,77.0,80.0,75.0,80.0,3.9,10990.0,395.0,295.0
JBBL,6/27/2013,80.0,79.0,78.0,79.0,-1.25,330.0,395.0,295.0
JBBL,6/30/2013,79.0,78.0,77.0,77.0,-2.53,1300.0,395.0,295.0
JBBL,7/1/2013,77.0,77.0,75.0,75.0,-2.6,1130.0,395.0,295.0
JBBL,7/2/2013,75.0,77.0,74.0,76.0,1.33,1140.0,395.0,295.0
JBBL,7/3/2013,76.0,77.0,76.0,77.0,1.32,900.0,395.0,295.0
JBBL,7/4/2013,77.0,78.0,76.0,78.0,1.3,2170.0,395.0,295.0
JBBL,7/7/2013,78.0,79.0,78.0,78.0,0.0,230.0,395.0,295.0
JBBL,7/8/2013,78.0,80.0,78.0,80.0,2.56,720.0,395.0,295.0
JBBL,7/9/2013,80.0,81.0,79.0,81.0,1.25,220.0,395.0,295.0
JBBL,7/10/2013,81.0,81.0,78.0,78.0,-3.7,370.0,395.0,295.0
JBBL,7/11/2013,78.0,78.0,76.0,76.0,-2.56,620.0,395.0,295.0
JBBL,7/14/2013,76.0,78.0,76.0,78.0,2.63,290.0,395.0,295.0
JBBL,7/15/2013,78.0,79.0,76.0,76.0,-2.56,2090.0,395.0,295.0
JBBL,7/16/2013,76.0,80.0,77.0,79.0,3.95,400.0,395.0,295.0
JBBL,7/17/2013,79.0,80.0,80.0,80.0,1.27,1480.0,395.0,295.0
JBBL,7/18/2013,80.0,79.0,79.0,79.0,-1.25,100.0,395.0,295.0
JBBL,7/21/2013,79.0,80.0,80.0,80.0,1.27,30.0,395.0,295.0
JBBL,7/22/2013,80.0,80.0,79.0,79.0,-1.25,500.0,395.0,295.0
JBBL,7/23/2013,79.0,79.0,75.0,75.0,-5.06,1490.0,395.0,295.0
JBBL,7/24/2013,75.0,76.0,73.0,76.0,1.33,740.0,395.0,295.0
JBBL,7/25/2013,76.0,76.0,76.0,76.0,0.0,170.0,395.0,295.0
JBBL,7/28/2013,76.0,79.0,74.0,78.0,2.63,1360.0,395.0,295.0
JBBL,7/29/2013,78.0,80.0,78.0,79.0,1.28,830.0,395.0,295.0
JBBL,7/30/2013,79.0,80.0,78.0,79.0,0.0,810.0,395.0,295.0
JBBL,7/31/2013,79.0,81.0,80.0,80.0,1.27,1320.0,395.0,295.0
JBBL,8/1/2013,80.0,79.0,78.0,78.0,-2.5,780.0,395.0,295.0
JBBL,8/4/2013,78.0,80.0,76.0,77.0,-1.28,3740.0,395.0,295.0
JBBL,8/5/2013,77.0,78.0,76.0,78.0,1.3,650.0,395.0,295.0
JBBL,8/6/2013,78.0,78.0,77.0,78.0,0.0,170.0,395.0,295.0
JBBL,8/7/2013,78.0,80.0,79.0,80.0,2.56,260.0,395.0,295.0
JBBL,8/8/2013,80.0,81.0,79.0,81.0,1.25,850.0,395.0,295.0
JBBL,8/11/2013,81.0,80.0,80.0,80.0,-1.23,1150.0,395.0,295.0
JBBL,8/12/2013,80.0,79.0,77.0,77.0,-3.75,830.0,395.0,295.0
JBBL,8/13/2013,77.0,80.0,75.0,80.0,3.9,2520.0,395.0,295.0
JBBL,8/14/2013,80.0,82.0,79.0,82.0,2.5,1400.0,395.0,295.0
JBBL,8/15/2013,82.0,84.0,81.0,81.0,-1.22,5190.0,395.0,295.0
JBBL,8/18/2013,81.0,83.0,81.0,82.0,1.23,360.0,395.0,295.0
JBBL,8/19/2013,82.0,82.0,81.0,82.0,0.0,1030.0,395.0,295.0
JBBL,8/20/2013,82.0,82.0,81.0,81.0,-1.22,2970.0,395.0,295.0
JBBL,8/25/2013,81.0,83.0,80.0,81.0,0.0,1470.0,395.0,295.0
JBBL,8/26/2013,81.0,84.0,80.0,84.0,3.7,2500.0,395.0,295.0
JBBL,8/27/2013,84.0,87.0,82.0,87.0,3.57,2310.0,395.0,295.0
JBBL,8/29/2013,87.0,89.0,85.0,88.0,1.15,3560.0,395.0,295.0
JBBL,9/1/2013,88.0,88.0,85.0,88.0,0.0,1320.0,395.0,295.0
JBBL,9/2/2013,88.0,88.0,87.0,87.0,-1.14,420.0,395.0,295.0
JBBL,9/3/2013,87.0,86.0,82.0,82.0,-5.75,410.0,395.0,295.0
JBBL,9/4/2013,82.0,83.0,80.0,81.0,-1.22,2440.0,395.0,295.0
JBBL,9/5/2013,81.0,80.0,77.0,79.0,-2.47,4180.0,395.0,295.0
JBBL,9/8/2013,79.0,80.0,79.0,80.0,1.27,2520.0,395.0,295.0
JBBL,9/9/2013,80.0,81.0,80.0,80.0,0.0,550.0,395.0,295.0
JBBL,9/10/2013,80.0,80.0,79.0,80.0,0.0,470.0,395.0,295.0
JBBL,9/11/2013,80.0,80.0,79.0,80.0,0.0,190.0,395.0,295.0
JBBL,9/12/2013,80.0,80.0,80.0,80.0,0.0,600.0,395.0,295.0
JBBL,9/15/2013,80.0,79.0,78.0,79.0,-1.25,880.0,395.0,295.0
JBBL,9/16/2013,79.0,82.0,80.0,80.0,1.27,1590.0,395.0,295.0
JBBL,9/17/2013,80.0,79.0,79.0,79.0,-1.25,630.0,395.0,295.0
JBBL,9/19/2013,79.0,79.0,78.0,79.0,0.0,640.0,395.0,295.0
JBBL,9/23/2013,79.0,79.0,78.0,78.0,-1.27,110.0,395.0,295.0
JBBL,9/24/2013,78.0,77.0,75.0,76.0,-2.56,1120.0,395.0,295.0
JBBL,9/25/2013,76.0,78.0,75.0,77.0,1.32,1100.0,395.0,295.0
JBBL,9/26/2013,77.0,77.0,76.0,77.0,0.0,3020.0,395.0,295.0
JBBL,9/29/2013,77.0,78.0,76.0,77.0,0.0,4140.0,395.0,295.0
JBBL,9/30/2013,77.0,79.0,77.0,79.0,2.6,1170.0,395.0,295.0
JBBL,10/1/2013,79.0,79.0,77.0,77.0,-2.53,1640.0,395.0,295.0
JBBL,10/2/2013,77.0,78.0,77.0,77.0,0.0,980.0,395.0,295.0
JBBL,10/3/2013,77.0,77.0,76.0,76.0,-1.3,160.0,395.0,295.0
JBBL,10/6/2013,76.0,77.0,76.0,76.0,0.0,240.0,395.0,295.0
JBBL,10/7/2013,76.0,78.0,75.0,78.0,2.63,1890.0,395.0,295.0
JBBL,10/8/2013,78.0,79.0,79.0,79.0,1.28,150.0,395.0,295.0
JBBL,10/17/2013,79.0,79.0,78.0,78.0,-1.27,90.0,395.0,295.0
JBBL,10/20/2013,78.0,80.0,79.0,80.0,2.56,50.0,395.0,295.0
JBBL,10/21/2013,80.0,84.0,81.0,84.0,5.0,1860.0,395.0,295.0
JBBL,10/22/2013,84.0,83.0,82.0,82.0,-2.38,350.0,395.0,295.0
JBBL,10/23/2013,82.0,81.0,76.0,76.0,-7.32,11460.0,395.0,295.0
JBBL,10/24/2013,77.0,78.0,76.0,77.0,1.32,2930.0,395.0,295.0
JBBL,10/27/2013,77.0,79.0,77.0,77.0,0.0,1360.0,395.0,295.0
JBBL,10/28/2013,77.0,80.0,78.0,80.0,3.9,150.0,395.0,295.0
JBBL,10/29/2013,80.0,81.0,80.0,80.0,0.0,1050.0,395.0,295.0
JBBL,10/30/2013,80.0,81.0,79.0,81.0,1.25,170.0,395.0,295.0
JBBL,10/31/2013,81.0,83.0,80.0,83.0,2.47,2310.0,395.0,295.0
JBBL,11/7/2013,83.0,82.0,81.0,82.0,-1.2,500.0,395.0,295.0
JBBL,11/11/2013,81.0,80.0,79.0,80.0,-2.44,1550.0,395.0,295.0
JBBL,11/12/2013,80.0,85.0,80.0,81.0,1.25,10260.0,395.0,295.0
JBBL,11/13/2013,81.0,84.0,82.0,83.0,2.47,1840.0,395.0,295.0
JBBL,11/14/2013,83.0,85.0,83.0,84.0,1.2,2720.0,395.0,295.0
JBBL,11/24/2013,84.0,89.0,85.0,87.0,3.57,2760.0,395.0,295.0
JBBL,11/25/2013,87.0,91.0,88.0,90.0,3.45,11350.0,395.0,295.0
JBBL,11/26/2013,90.0,98.0,90.0,98.0,8.89,2750.0,395.0,295.0
JBBL,11/27/2013,98.0,97.0,94.0,94.0,-4.08,2020.0,395.0,295.0
JBBL,11/28/2013,94.0,93.0,90.0,93.0,-1.06,3210.0,395.0,295.0
JBBL,12/1/2013,93.0,95.0,92.0,95.0,2.15,3310.0,395.0,295.0
JBBL,12/2/2013,95.0,104.0,96.0,104.0,9.47,7110.0,395.0,295.0
JBBL,12/3/2013,104.0,114.0,106.0,114.0,9.62,21950.0,395.0,295.0
JBBL,12/4/2013,114.0,125.0,116.0,125.0,9.65,5980.0,395.0,295.0
JBBL,12/5/2013,125.0,137.0,127.0,135.0,8.0,31800.0,395.0,295.0
JBBL,12/8/2013,135.0,139.0,127.0,127.0,-5.93,16110.0,395.0,295.0
JBBL,12/9/2013,127.0,126.0,122.0,125.0,-1.57,10070.0,395.0,295.0
JBBL,12/10/2013,125.0,123.0,113.0,113.0,-9.6,5610.0,395.0,295.0
JBBL,12/11/2013,113.0,121.0,113.0,120.0,6.19,5584.0,395.0,295.0
JBBL,12/12/2013,120.0,120.0,114.0,120.0,0.0,3690.0,395.0,295.0
JBBL,12/15/2013,120.0,122.0,112.0,120.0,0.0,7304.0,395.0,295.0
JBBL,12/16/2013,120.0,128.0,122.0,128.0,6.67,3650.0,395.0,295.0
JBBL,12/18/2013,128.0,132.0,129.0,132.0,3.12,3540.0,395.0,295.0
JBBL,12/19/2013,132.0,132.0,122.0,122.0,-7.58,4580.0,395.0,295.0
JBBL,12/22/2013,124.0,129.0,124.0,126.0,3.28,12210.0,395.0,295.0
JBBL,12/23/2013,126.0,125.0,118.0,119.0,-5.56,16480.0,395.0,295.0
JBBL,12/24/2013,119.0,121.0,115.0,116.0,-2.52,8520.0,395.0,295.0
JBBL,12/26/2013,116.0,125.0,114.0,125.0,7.76,9680.0,395.0,295.0
JBBL,12/29/2013,125.0,127.0,117.0,124.0,-0.8,21690.0,395.0,295.0
JBBL,12/31/2013,124.0,126.0,122.0,123.0,-0.81,4310.0,395.0,295.0
JBBL,1/1/2014,123.0,123.0,113.0,114.0,-7.32,6536.0,395.0,295.0
JBBL,1/2/2014,114.0,116.0,111.0,114.0,0.0,2650.0,395.0,295.0
JBBL,1/5/2014,114.0,121.0,112.0,121.0,6.14,5220.0,395.0,295.0
JBBL,1/6/2014,121.0,120.0,116.0,117.0,-3.31,5820.0,395.0,295.0
JBBL,1/7/2014,117.0,118.0,112.0,118.0,0.85,15260.0,395.0,295.0
JBBL,1/8/2014,118.0,121.0,115.0,117.0,-0.85,7470.0,395.0,295.0
JBBL,1/9/2014,117.0,125.0,114.0,120.0,2.56,5260.0,395.0,295.0
JBBL,1/12/2014,120.0,125.0,115.0,124.0,3.33,12410.0,395.0,295.0
JBBL,1/13/2014,124.0,136.0,126.0,136.0,9.68,13590.0,395.0,295.0
JBBL,1/14/2014,136.0,149.0,138.0,140.0,2.94,42080.0,395.0,295.0
JBBL,1/16/2014,140.0,141.0,134.0,139.0,-0.71,9600.0,395.0,295.0
JBBL,1/19/2014,139.0,137.0,130.0,132.0,-5.04,9610.0,395.0,295.0
JBBL,1/20/2014,132.0,138.0,133.0,136.0,3.03,27650.0,395.0,295.0
JBBL,1/21/2014,136.0,142.0,134.0,138.0,1.47,19170.0,395.0,295.0
JBBL,1/22/2014,138.0,139.0,134.0,138.0,0.0,17360.0,395.0,295.0
JBBL,1/23/2014,138.0,140.0,134.0,136.0,-1.45,11100.0,395.0,295.0
JBBL,1/26/2014,136.0,137.0,134.0,135.0,-0.74,5934.0,395.0,295.0
JBBL,1/27/2014,135.0,144.0,135.0,142.0,5.19,42600.0,395.0,295.0
JBBL,1/28/2014,142.0,156.0,140.0,150.0,5.63,27760.0,395.0,295.0
JBBL,1/29/2014,150.0,153.0,148.0,150.0,0.0,21980.0,395.0,295.0
JBBL,2/2/2014,150.0,150.0,146.0,148.0,-1.33,3670.0,395.0,295.0
JBBL,2/3/2014,148.0,147.0,142.0,145.0,-2.03,6210.0,395.0,295.0
JBBL,2/4/2014,145.0,143.0,139.0,141.0,-2.76,1220.0,395.0,295.0
JBBL,2/6/2014,137.0,144.0,133.0,144.0,2.13,3640.0,395.0,295.0
JBBL,2/9/2014,144.0,142.0,138.0,141.0,-2.08,8770.0,395.0,295.0
JBBL,2/10/2014,141.0,150.0,143.0,147.0,4.26,7460.0,395.0,295.0
JBBL,2/11/2014,147.0,147.0,143.0,143.0,-2.72,3080.0,395.0,295.0
JBBL,2/12/2014,143.0,144.0,139.0,140.0,-2.1,2830.0,395.0,295.0
JBBL,2/13/2014,140.0,142.0,138.0,142.0,1.43,17030.0,395.0,295.0
JBBL,2/16/2014,142.0,144.0,140.0,144.0,1.41,2560.0,395.0,295.0
JBBL,2/17/2014,144.0,144.0,140.0,142.0,-1.39,2700.0,395.0,295.0
JBBL,2/18/2014,142.0,142.0,140.0,142.0,0.0,4960.0,395.0,295.0
JBBL,2/20/2014,142.0,144.0,141.0,141.0,-0.7,1940.0,395.0,295.0
JBBL,2/23/2014,141.0,142.0,138.0,140.0,-0.71,7940.0,395.0,295.0
JBBL,2/24/2014,140.0,148.0,140.0,143.0,2.14,5850.0,395.0,295.0
JBBL,2/25/2014,143.0,142.0,138.0,138.0,-3.5,5090.0,395.0,295.0
JBBL,2/26/2014,138.0,146.0,136.0,140.0,1.45,13670.0,395.0,295.0
JBBL,3/3/2014,140.0,142.0,136.0,139.0,-0.71,3140.0,395.0,295.0
JBBL,3/4/2014,139.0,137.0,133.0,135.0,-2.88,1650.0,395.0,295.0
JBBL,3/5/2014,135.0,141.0,131.0,141.0,4.44,5410.0,395.0,295.0
JBBL,3/6/2014,141.0,141.0,136.0,141.0,0.0,9640.0,395.0,295.0
JBBL,3/9/2014,141.0,143.0,139.0,139.0,-1.42,5340.0,395.0,295.0
JBBL,3/10/2014,139.0,137.0,134.0,135.0,-2.88,2220.0,395.0,295.0
JBBL,3/11/2014,135.0,135.0,131.0,135.0,0.0,3280.0,395.0,295.0
JBBL,3/12/2014,135.0,134.0,132.0,132.0,-2.22,2890.0,395.0,295.0
JBBL,3/13/2014,132.0,134.0,130.0,134.0,1.52,4080.0,395.0,295.0
JBBL,3/17/2014,134.0,134.0,130.0,132.0,-1.49,510.0,395.0,295.0
JBBL,3/18/2014,132.0,133.0,130.0,130.0,-1.52,2330.0,395.0,295.0
JBBL,3/19/2014,130.0,134.0,127.0,132.0,1.54,2070.0,395.0,295.0
JBBL,3/20/2014,132.0,132.0,130.0,132.0,0.0,2330.0,395.0,295.0
JBBL,3/23/2014,132.0,134.0,130.0,133.0,0.76,3150.0,395.0,295.0
JBBL,3/24/2014,133.0,134.0,131.0,134.0,0.75,2040.0,395.0,295.0
JBBL,3/25/2014,134.0,134.0,132.0,134.0,0.0,980.0,395.0,295.0
JBBL,3/26/2014,134.0,135.0,131.0,133.0,-0.75,400.0,395.0,295.0
JBBL,3/27/2014,133.0,138.0,131.0,134.0,0.75,810.0,395.0,295.0
JBBL,3/31/2014,134.0,136.0,130.0,132.0,-1.49,5470.0,395.0,295.0
JBBL,4/1/2014,132.0,137.0,132.0,136.0,3.03,1430.0,395.0,295.0
JBBL,4/2/2014,136.0,136.0,134.0,134.0,-1.47,3190.0,395.0,295.0
JBBL,4/3/2014,134.0,140.0,136.0,137.0,2.24,5040.0,395.0,295.0
JBBL,4/6/2014,137.0,140.0,136.0,140.0,2.19,15240.0,395.0,295.0
JBBL,4/7/2014,140.0,144.0,138.0,144.0,2.86,16080.0,395.0,295.0
JBBL,4/9/2014,144.0,145.0,142.0,143.0,-0.69,4330.0,395.0,295.0
JBBL,4/10/2014,143.0,149.0,143.0,145.0,1.4,5640.0,395.0,295.0
JBBL,4/13/2014,145.0,151.0,144.0,149.0,2.76,14510.0,395.0,295.0
JBBL,4/15/2014,149.0,147.0,145.0,145.0,-2.68,5590.0,395.0,295.0
JBBL,4/16/2014,145.0,148.0,143.0,148.0,2.07,4350.0,395.0,295.0
JBBL,4/17/2014,148.0,149.0,145.0,148.0,0.0,3989.0,395.0,295.0
JBBL,4/20/2014,148.0,147.0,141.0,144.0,-2.7,8990.0,395.0,295.0
JBBL,4/21/2014,144.0,145.0,142.0,143.0,-0.69,3640.0,395.0,295.0
JBBL,4/22/2014,143.0,142.0,138.0,138.0,-3.5,200.0,395.0,295.0
JBBL,4/23/2014,138.0,139.0,136.0,139.0,0.72,800.0,395.0,295.0
JBBL,4/27/2014,139.0,141.0,139.0,139.0,0.0,2480.0,395.0,295.0
JBBL,4/28/2014,139.0,143.0,138.0,143.0,2.88,4720.0,395.0,295.0
JBBL,4/29/2014,143.0,147.0,141.0,144.0,0.7,5300.0,395.0,295.0
JBBL,4/30/2014,144.0,149.0,143.0,147.0,2.08,6200.0,395.0,295.0
JBBL,5/4/2014,147.0,149.0,146.0,146.0,-0.68,3910.0,395.0,295.0
JBBL,5/5/2014,146.0,147.0,145.0,147.0,0.68,4090.0,395.0,295.0
JBBL,5/6/2014,147.0,150.0,145.0,146.0,-0.68,13910.0,395.0,295.0
JBBL,5/7/2014,146.0,152.0,145.0,152.0,4.11,12470.0,395.0,295.0
JBBL,5/8/2014,152.0,151.0,147.0,147.0,-3.29,1660.0,395.0,295.0
JBBL,5/11/2014,147.0,147.0,144.0,146.0,-0.68,4800.0,395.0,295.0
JBBL,5/12/2014,146.0,149.0,145.0,147.0,0.68,14980.0,395.0,295.0
JBBL,5/13/2014,147.0,149.0,145.0,149.0,1.36,2530.0,395.0,295.0
JBBL,5/15/2014,149.0,149.0,147.0,149.0,0.0,840.0,395.0,295.0
JBBL,5/18/2014,149.0,156.0,147.0,151.0,1.34,17719.0,395.0,295.0
JBBL,5/19/2014,151.0,152.0,148.0,151.0,0.0,12820.0,395.0,295.0
JBBL,5/20/2014,151.0,156.0,148.0,156.0,3.31,19676.0,395.0,295.0
JBBL,5/21/2014,156.0,156.0,152.0,152.0,-2.56,12180.0,395.0,295.0
JBBL,5/22/2014,152.0,163.0,150.0,160.0,5.26,19601.0,395.0,295.0
JBBL,5/25/2014,160.0,169.0,160.0,165.0,3.12,13150.0,395.0,295.0
JBBL,5/26/2014,165.0,169.0,161.0,164.0,-0.61,14950.0,395.0,295.0
JBBL,5/27/2014,164.0,165.0,161.0,162.0,-1.22,4080.0,395.0,295.0
JBBL,5/28/2014,162.0,165.0,159.0,165.0,1.85,5540.0,395.0,295.0
JBBL,6/1/2014,165.0,166.0,162.0,162.0,-1.82,7050.0,395.0,295.0
JBBL,6/2/2014,162.0,163.0,159.0,163.0,0.62,7400.0,395.0,295.0
JBBL,6/3/2014,163.0,175.0,162.0,169.0,3.68,9960.0,395.0,295.0
JBBL,6/4/2014,169.0,174.0,169.0,170.0,0.59,8590.0,395.0,295.0
JBBL,6/5/2014,170.0,174.0,169.0,172.0,1.18,6290.0,395.0,295.0
JBBL,6/8/2014,172.0,172.0,169.0,169.0,-1.74,8450.0,395.0,295.0
JBBL,6/9/2014,169.0,168.0,160.0,160.0,-5.33,8730.0,395.0,295.0
JBBL,6/10/2014,160.0,168.0,157.0,165.0,3.12,7210.0,395.0,295.0
JBBL,6/11/2014,165.0,168.0,161.0,161.0,-2.42,11910.0,395.0,295.0
JBBL,6/12/2014,161.0,176.0,161.0,170.0,5.59,12300.0,395.0,295.0
JBBL,6/15/2014,170.0,174.0,167.0,172.0,1.18,11530.0,395.0,295.0
JBBL,6/16/2014,172.0,180.0,170.0,175.0,1.74,12560.0,395.0,295.0
JBBL,6/17/2014,175.0,175.0,170.0,173.0,-1.14,8390.0,395.0,295.0
JBBL,6/18/2014,173.0,173.0,170.0,171.0,-1.16,6880.0,395.0,295.0
JBBL,6/19/2014,171.0,171.0,168.0,170.0,-0.58,2700.0,395.0,295.0
JBBL,6/23/2014,170.0,168.0,167.0,167.0,-1.76,640.0,395.0,295.0
JBBL,6/24/2014,167.0,170.0,163.0,164.0,-1.8,4330.0,395.0,295.0
JBBL,6/25/2014,164.0,172.0,161.0,172.0,4.88,5090.0,395.0,295.0
JBBL,6/26/2014,172.0,189.0,175.0,189.0,9.88,33350.0,395.0,295.0
JBBL,6/29/2014,189.0,193.0,187.0,190.0,0.53,22410.0,395.0,295.0
JBBL,6/30/2014,190.0,187.0,175.0,180.0,-5.26,13860.0,395.0,295.0
JBBL,7/1/2014,180.0,188.0,179.0,183.0,1.67,44346.0,395.0,295.0
JBBL,7/2/2014,171.0,176.0,174.0,176.0,-3.83,280.0,395.0,295.0
JBBL,7/3/2014,176.0,179.0,176.0,176.0,0.0,1380.0,395.0,295.0
JBBL,7/6/2014,176.0,179.0,179.0,179.0,1.7,200.0,395.0,295.0
JBBL,7/7/2014,179.0,182.0,177.0,177.0,-1.12,1340.0,395.0,295.0
JBBL,7/8/2014,177.0,189.0,180.0,189.0,6.78,2260.0,395.0,295.0
JBBL,7/9/2014,189.0,196.0,190.0,195.0,3.17,6440.0,395.0,295.0
JBBL,7/10/2014,195.0,200.0,190.0,200.0,2.56,3410.0,395.0,295.0
JBBL,7/13/2014,200.0,210.0,196.0,208.0,4.0,4920.0,395.0,295.0
JBBL,7/14/2014,208.0,210.0,201.0,207.0,-0.48,3790.0,395.0,295.0
JBBL,7/15/2014,207.0,207.0,200.0,205.0,-0.97,4090.0,395.0,295.0
JBBL,7/16/2014,205.0,207.0,200.0,207.0,0.98,8970.0,395.0,295.0
JBBL,7/17/2014,207.0,218.0,207.0,210.0,1.45,9480.0,395.0,295.0
JBBL,7/20/2014,210.0,218.0,210.0,214.0,1.9,3960.0,395.0,295.0
JBBL,7/21/2014,214.0,233.0,215.0,233.0,8.88,5800.0,395.0,295.0
JBBL,7/22/2014,233.0,234.0,226.0,232.0,-0.43,6310.0,395.0,295.0
JBBL,7/23/2014,232.0,247.0,229.0,247.0,6.47,4910.0,395.0,295.0
JBBL,7/24/2014,247.0,248.0,236.0,242.0,-2.02,8080.0,395.0,295.0
JBBL,7/27/2014,242.0,240.0,235.0,239.0,-1.24,5660.0,395.0,295.0
JBBL,7/28/2014,239.0,239.0,235.0,239.0,0.0,1860.0,395.0,295.0
JBBL,7/30/2014,239.0,242.0,236.0,241.0,0.84,2230.0,395.0,295.0
JBBL,7/31/2014,241.0,246.0,235.0,246.0,2.07,12940.0,395.0,295.0
JBBL,8/3/2014,246.0,245.0,238.0,242.0,-1.63,2000.0,395.0,295.0
JBBL,8/4/2014,242.0,240.0,236.0,236.0,-2.48,550.0,395.0,295.0
JBBL,8/5/2014,236.0,232.0,232.0,232.0,-1.69,350.0,395.0,295.0
JBBL,8/6/2014,232.0,228.0,210.0,210.0,-9.48,7490.0,395.0,295.0
JBBL,8/7/2014,210.0,210.0,205.0,210.0,0.0,2730.0,395.0,295.0
JBBL,8/12/2014,210.0,209.0,196.0,196.0,-6.67,2620.0,395.0,295.0
JBBL,8/13/2014,196.0,199.0,190.0,196.0,0.0,3600.0,395.0,295.0
JBBL,8/14/2014,196.0,199.0,193.0,196.0,0.0,4490.0,395.0,295.0
JBBL,8/18/2014,196.0,196.0,188.0,190.0,-3.06,4420.0,395.0,295.0
JBBL,8/19/2014,190.0,193.0,184.0,187.0,-1.58,3400.0,395.0,295.0
JBBL,8/20/2014,187.0,185.0,177.0,180.0,-3.74,2050.0,395.0,295.0
JBBL,8/21/2014,180.0,183.0,174.0,183.0,1.67,630.0,395.0,295.0
JBBL,8/24/2014,183.0,183.0,174.0,178.0,-2.73,3090.0,395.0,295.0
JBBL,8/25/2014,178.0,178.0,162.0,162.0,-8.99,1650.0,395.0,295.0
JBBL,8/26/2014,162.0,168.0,162.0,162.0,0.0,3260.0,395.0,295.0
JBBL,8/27/2014,162.0,178.0,165.0,178.0,9.88,2790.0,395.0,295.0
JBBL,8/28/2014,178.0,195.0,181.0,195.0,9.55,8040.0,395.0,295.0
JBBL,8/31/2014,195.0,201.0,190.0,190.0,-2.56,6410.0,395.0,295.0
JBBL,9/1/2014,190.0,187.0,182.0,182.0,-4.21,1470.0,395.0,295.0
JBBL,9/3/2014,182.0,179.0,176.0,178.0,-2.2,370.0,395.0,295.0
JBBL,9/4/2014,178.0,175.0,166.0,168.0,-5.62,2210.0,395.0,295.0
JBBL,9/7/2014,168.0,165.0,156.0,157.0,-6.55,1020.0,395.0,295.0
JBBL,9/9/2014,157.0,172.0,160.0,172.0,9.55,3450.0,395.0,295.0
JBBL,9/10/2014,172.0,182.0,166.0,171.0,-0.58,6650.0,395.0,295.0
JBBL,9/11/2014,171.0,168.0,162.0,166.0,-2.92,1070.0,395.0,295.0
JBBL,9/14/2014,166.0,168.0,163.0,165.0,-0.6,1310.0,395.0,295.0
JBBL,9/15/2014,165.0,170.0,166.0,170.0,3.03,840.0,395.0,295.0
JBBL,9/16/2014,170.0,176.0,168.0,175.0,2.94,1850.0,395.0,295.0
JBBL,9/17/2014,175.0,179.0,174.0,176.0,0.57,4270.0,395.0,295.0
JBBL,9/18/2014,176.0,178.0,167.0,170.0,-3.41,2150.0,395.0,295.0
JBBL,9/21/2014,170.0,169.0,167.0,169.0,-0.59,230.0,395.0,295.0
JBBL,9/22/2014,169.0,166.0,161.0,161.0,-4.73,230.0,395.0,295.0
JBBL,9/23/2014,161.0,166.0,161.0,165.0,2.48,1800.0,395.0,295.0
JBBL,9/24/2014,165.0,173.0,165.0,171.0,3.64,1480.0,395.0,295.0
JBBL,9/28/2014,171.0,179.0,168.0,179.0,4.68,1290.0,395.0,295.0
JBBL,9/29/2014,179.0,196.0,176.0,196.0,9.5,540.0,395.0,295.0
JBBL,9/30/2014,196.0,199.0,190.0,190.0,-3.06,650.0,395.0,295.0
JBBL,10/8/2014,190.0,187.0,181.0,181.0,-4.74,130.0,395.0,295.0
JBBL,10/9/2014,181.0,199.0,184.0,191.0,5.52,250.0,395.0,295.0
JBBL,10/12/2014,191.0,194.0,174.0,176.0,-7.85,1170.0,395.0,295.0
JBBL,10/13/2014,176.0,181.0,178.0,181.0,2.84,320.0,395.0,295.0
JBBL,10/14/2014,181.0,178.0,166.0,174.0,-3.87,1230.0,395.0,295.0
JBBL,10/15/2014,174.0,178.0,172.0,175.0,0.57,440.0,395.0,295.0
JBBL,10/16/2014,175.0,175.0,169.0,170.0,-2.86,2560.0,395.0,295.0
JBBL,10/19/2014,170.0,173.0,167.0,169.0,-0.59,1390.0,395.0,295.0
JBBL,10/20/2014,169.0,169.0,166.0,168.0,-0.59,3020.0,395.0,295.0
JBBL,10/21/2014,168.0,172.0,162.0,172.0,2.38,2520.0,395.0,295.0
JBBL,10/22/2014,172.0,171.0,166.0,169.0,-1.74,1020.0,395.0,295.0
JBBL,10/27/2014,169.0,170.0,170.0,170.0,0.59,140.0,395.0,295.0
JBBL,10/30/2014,170.0,167.0,164.0,164.0,-3.53,2370.0,395.0,295.0
JBBL,11/2/2014,164.0,165.0,161.0,164.0,0.0,1800.0,395.0,295.0
JBBL,11/3/2014,164.0,164.0,158.0,158.0,-3.66,4050.0,395.0,295.0
JBBL,11/4/2014,158.0,156.0,151.0,152.0,-3.8,2130.0,395.0,295.0
JBBL,11/5/2014,152.0,160.0,155.0,155.0,1.97,5180.0,395.0,295.0
JBBL,11/6/2014,155.0,164.0,158.0,162.0,4.52,550.0,395.0,295.0
JBBL,11/9/2014,162.0,165.0,162.0,162.0,0.0,690.0,395.0,295.0
JBBL,11/10/2014,162.0,160.0,159.0,159.0,-1.85,1140.0,395.0,295.0
JBBL,11/11/2014,159.0,156.0,150.0,150.0,-5.66,970.0,395.0,295.0
JBBL,11/12/2014,150.0,159.0,150.0,156.0,4.0,2500.0,395.0,295.0
JBBL,11/13/2014,156.0,165.0,153.0,165.0,5.77,2640.0,395.0,295.0
JBBL,11/16/2014,165.0,162.0,162.0,162.0,-1.82,90.0,395.0,295.0
JBBL,11/17/2014,162.0,159.0,159.0,159.0,-1.85,50.0,395.0,295.0
JBBL,11/19/2014,159.0,160.0,155.0,155.0,-2.52,430.0,395.0,295.0
JBBL,11/20/2014,155.0,166.0,152.0,163.0,5.16,1320.0,395.0,295.0
JBBL,11/23/2014,163.0,165.0,152.0,163.0,0.0,950.0,395.0,295.0
JBBL,11/24/2014,163.0,160.0,151.0,152.0,-6.75,4990.0,395.0,295.0
JBBL,11/25/2014,152.0,155.0,150.0,155.0,1.97,810.0,395.0,295.0
JBBL,11/30/2014,155.0,153.0,146.0,150.0,-3.23,1290.0,395.0,295.0
JBBL,12/1/2014,150.0,150.0,145.0,149.0,-0.67,1690.0,395.0,295.0
JBBL,12/2/2014,149.0,148.0,140.0,140.0,-6.04,726.0,395.0,295.0
JBBL,12/3/2014,140.0,151.0,141.0,146.0,4.29,2196.0,395.0,295.0
JBBL,12/4/2014,146.0,146.0,145.0,145.0,-0.68,410.0,395.0,295.0
JBBL,12/7/2014,145.0,151.0,145.0,148.0,2.07,1100.0,395.0,295.0
JBBL,12/8/2014,148.0,148.0,146.0,148.0,0.0,360.0,395.0,295.0
JBBL,12/9/2014,148.0,150.0,148.0,148.0,0.0,1090.0,395.0,295.0
JBBL,12/11/2014,148.0,150.0,146.0,150.0,1.35,740.0,395.0,295.0
JBBL,12/14/2014,150.0,163.0,153.0,163.0,8.67,130.0,395.0,295.0
JBBL,12/15/2014,163.0,174.0,159.0,161.0,-1.23,3760.0,395.0,295.0
JBBL,12/16/2014,161.0,164.0,161.0,161.0,0.0,80.0,395.0,295.0
JBBL,12/17/2014,161.0,160.0,155.0,158.0,-1.86,3500.0,395.0,295.0
JBBL,12/18/2014,158.0,160.0,155.0,160.0,1.27,1140.0,395.0,295.0
JBBL,12/21/2014,160.0,157.0,152.0,155.0,-3.12,1030.0,395.0,295.0
JBBL,12/22/2014,155.0,152.0,150.0,152.0,-1.94,280.0,395.0,295.0
JBBL,12/23/2014,152.0,155.0,150.0,154.0,1.32,540.0,395.0,295.0
JBBL,12/24/2014,154.0,154.0,148.0,154.0,0.0,1430.0,395.0,295.0
JBBL,12/28/2014,154.0,157.0,154.0,154.0,0.0,870.0,395.0,295.0
JBBL,12/29/2014,154.0,151.0,148.0,150.0,-2.6,397.0,395.0,295.0
JBBL,12/31/2014,150.0,152.0,150.0,150.0,0.0,230.0,395.0,295.0
JBBL,1/1/2015,150.0,150.0,144.0,149.0,-0.67,4292.0,395.0,295.0
JBBL,1/4/2015,149.0,154.0,146.0,154.0,3.36,1140.0,395.0,295.0
JBBL,1/5/2015,154.0,156.0,155.0,155.0,0.65,830.0,395.0,295.0
JBBL,1/6/2015,155.0,152.0,147.0,152.0,-1.94,2010.0,395.0,295.0
JBBL,1/7/2015,152.0,153.0,150.0,153.0,0.66,430.0,395.0,295.0
JBBL,1/8/2015,153.0,153.0,148.0,148.0,-3.27,430.0,395.0,295.0
JBBL,1/11/2015,148.0,150.0,145.0,150.0,1.35,2670.0,395.0,295.0
JBBL,1/12/2015,150.0,152.0,146.0,152.0,1.33,3452.0,395.0,295.0
JBBL,1/13/2015,152.0,153.0,149.0,149.0,-1.97,860.0,395.0,295.0
JBBL,1/14/2015,149.0,160.0,151.0,156.0,4.7,2360.0,395.0,295.0
JBBL,1/18/2015,156.0,155.0,153.0,153.0,-1.92,2450.0,395.0,295.0
JBBL,1/19/2015,153.0,162.0,155.0,160.0,4.58,2360.0,395.0,295.0
JBBL,1/20/2015,160.0,160.0,157.0,158.0,-1.25,1690.0,395.0,295.0
JBBL,1/22/2015,158.0,163.0,150.0,160.0,1.27,2084.0,395.0,295.0
JBBL,1/25/2015,160.0,169.0,155.0,169.0,5.62,6020.0,395.0,295.0
JBBL,1/26/2015,169.0,175.0,163.0,163.0,-3.55,5924.0,395.0,295.0
JBBL,1/27/2015,163.0,167.0,160.0,167.0,2.45,1500.0,395.0,295.0
JBBL,1/28/2015,167.0,179.0,170.0,175.0,4.79,5610.0,395.0,295.0
JBBL,1/29/2015,175.0,178.0,171.0,177.0,1.14,7250.0,395.0,295.0
JBBL,2/1/2015,177.0,189.0,177.0,187.0,5.65,2740.0,395.0,295.0
JBBL,2/2/2015,187.0,186.0,180.0,184.0,-1.6,8080.0,395.0,295.0
JBBL,2/3/2015,184.0,182.0,176.0,176.0,-4.35,1426.0,395.0,295.0
JBBL,2/4/2015,176.0,183.0,179.0,181.0,2.84,5640.0,395.0,295.0
JBBL,2/5/2015,181.0,180.0,177.0,180.0,-0.55,3680.0,395.0,295.0
JBBL,2/8/2015,180.0,178.0,173.0,178.0,-1.11,4820.0,395.0,295.0
JBBL,2/9/2015,178.0,175.0,170.0,175.0,-1.69,1860.0,395.0,295.0
JBBL,2/10/2015,175.0,173.0,170.0,170.0,-2.86,603.0,395.0,295.0
JBBL,2/11/2015,170.0,185.0,171.0,183.0,7.65,8410.0,395.0,295.0
JBBL,2/12/2015,183.0,186.0,180.0,182.0,-0.55,5630.0,395.0,295.0
JBBL,2/15/2015,182.0,185.0,180.0,185.0,1.65,12670.0,395.0,295.0
JBBL,2/16/2015,185.0,190.0,182.0,189.0,2.16,9984.0,395.0,295.0
JBBL,2/18/2015,189.0,192.0,185.0,185.0,-2.12,6704.0,395.0,295.0
JBBL,2/22/2015,185.0,187.0,182.0,182.0,-1.62,5340.0,395.0,295.0
JBBL,2/23/2015,182.0,184.0,176.0,184.0,1.1,1290.0,395.0,295.0
JBBL,2/24/2015,184.0,189.0,181.0,189.0,2.72,4660.0,395.0,295.0
JBBL,2/25/2015,189.0,196.0,180.0,190.0,0.53,17828.0,395.0,295.0
JBBL,2/26/2015,190.0,196.0,189.0,193.0,1.58,10817.0,395.0,295.0
JBBL,3/1/2015,193.0,199.0,190.0,199.0,3.11,9218.0,395.0,295.0
JBBL,3/2/2015,199.0,208.0,196.0,207.0,4.02,9666.0,395.0,295.0
JBBL,3/3/2015,207.0,226.0,194.0,226.0,9.18,4824.0,395.0,295.0
JBBL,3/4/2015,226.0,222.0,204.0,204.0,-9.73,9020.0,395.0,295.0
JBBL,3/9/2015,204.0,208.0,200.0,202.0,-0.98,11832.0,395.0,295.0
JBBL,3/10/2015,202.0,205.0,200.0,202.0,0.0,9575.0,395.0,295.0
JBBL,3/11/2015,202.0,211.0,200.0,211.0,4.46,15115.0,395.0,295.0
JBBL,3/12/2015,211.0,215.0,203.0,210.0,-0.47,10386.0,395.0,295.0
JBBL,3/15/2015,210.0,208.0,202.0,203.0,-3.33,2118.0,395.0,295.0
JBBL,3/16/2015,203.0,207.0,196.0,198.0,-2.46,11006.0,395.0,295.0
JBBL,3/17/2015,198.0,200.0,195.0,198.0,0.0,2935.0,395.0,295.0
JBBL,3/18/2015,198.0,201.0,194.0,196.0,-1.01,2789.0,395.0,295.0
JBBL,3/19/2015,196.0,201.0,198.0,198.0,1.02,3834.0,395.0,295.0
JBBL,3/22/2015,198.0,200.0,194.0,195.0,-1.52,9805.0,395.0,295.0
JBBL,3/23/2015,195.0,196.0,193.0,193.0,-1.03,2092.0,395.0,295.0
JBBL,3/24/2015,193.0,196.0,187.0,196.0,1.55,1071.0,395.0,295.0
JBBL,3/25/2015,196.0,196.0,190.0,190.0,-3.06,2421.0,395.0,295.0
JBBL,3/26/2015,190.0,191.0,186.0,189.0,-0.53,1765.0,395.0,295.0
JBBL,3/29/2015,189.0,187.0,183.0,185.0,-2.12,1885.0,395.0,295.0
JBBL,3/30/2015,185.0,190.0,182.0,187.0,1.08,571.0,395.0,295.0
JBBL,3/31/2015,187.0,193.0,179.0,193.0,3.21,955.0,395.0,295.0
JBBL,4/1/2015,193.0,191.0,188.0,191.0,-1.04,425.0,395.0,295.0
JBBL,4/2/2015,191.0,194.0,188.0,191.0,0.0,1062.0,395.0,295.0
JBBL,4/5/2015,191.0,190.0,188.0,190.0,-0.52,1536.0,395.0,295.0
JBBL,4/6/2015,190.0,189.0,182.0,187.0,-1.58,1256.0,395.0,295.0
JBBL,4/7/2015,187.0,188.0,181.0,188.0,0.53,1066.0,395.0,295.0
JBBL,4/8/2015,188.0,191.0,184.0,187.0,-0.53,4446.0,395.0,295.0
JBBL,4/9/2015,187.0,190.0,180.0,182.0,-2.67,7004.0,395.0,295.0
JBBL,4/12/2015,170.0,179.0,173.0,174.0,-4.4,375.0,395.0,295.0
JBBL,4/13/2015,174.0,173.0,170.0,173.0,-0.57,558.0,395.0,295.0
JBBL,4/15/2015,173.0,176.0,173.0,173.0,0.0,73.0,395.0,295.0
JBBL,4/19/2015,173.0,170.0,161.0,167.0,-3.47,937.0,395.0,295.0
JBBL,4/20/2015,167.0,170.0,164.0,170.0,1.8,922.0,395.0,295.0
JBBL,4/21/2015,170.0,174.0,170.0,172.0,1.18,2126.0,395.0,295.0
JBBL,4/22/2015,172.0,169.0,164.0,164.0,-4.65,103.0,395.0,295.0
JBBL,4/23/2015,164.0,164.0,157.0,162.0,-1.22,1240.0,395.0,295.0
JBBL,5/24/2015,162.0,162.0,162.0,162.0,0.0,10.0,395.0,295.0
JBBL,5/27/2015,162.0,159.0,159.0,159.0,-1.85,34.0,395.0,295.0
JBBL,5/28/2015,159.0,156.0,156.0,156.0,-1.89,10.0,395.0,295.0
JBBL,5/31/2015,156.0,158.0,151.0,156.0,0.0,1537.0,395.0,295.0
JBBL,6/1/2015,156.0,157.0,151.0,156.0,0.0,873.0,395.0,295.0
JBBL,6/2/2015,156.0,157.0,155.0,157.0,0.64,206.0,395.0,295.0
JBBL,6/3/2015,157.0,163.0,157.0,157.0,0.0,1361.0,395.0,295.0
JBBL,6/4/2015,157.0,162.0,160.0,160.0,1.91,1405.0,395.0,295.0
JBBL,6/7/2015,160.0,160.0,157.0,158.0,-1.25,1047.0,395.0,295.0
JBBL,6/8/2015,158.0,167.0,156.0,166.0,5.06,809.0,395.0,295.0
JBBL,6/9/2015,166.0,178.0,169.0,178.0,7.23,1999.0,395.0,295.0
JBBL,6/10/2015,178.0,181.0,176.0,178.0,0.0,1295.0,395.0,295.0
JBBL,6/11/2015,178.0,180.0,177.0,177.0,-0.56,1562.0,395.0,295.0
JBBL,6/14/2015,177.0,177.0,174.0,174.0,-1.69,1309.0,395.0,295.0
JBBL,6/15/2015,174.0,171.0,168.0,168.0,-3.45,353.0,395.0,295.0
JBBL,6/16/2015,168.0,168.0,162.0,162.0,-3.57,234.0,395.0,295.0
JBBL,6/17/2015,162.0,165.0,159.0,165.0,1.85,642.0,395.0,295.0
JBBL,6/18/2015,165.0,168.0,161.0,161.0,-2.42,1504.0,395.0,295.0
JBBL,6/21/2015,161.0,164.0,163.0,163.0,1.24,180.0,395.0,295.0
JBBL,6/22/2015,163.0,169.0,165.0,169.0,3.68,1240.0,395.0,295.0
JBBL,6/23/2015,169.0,167.0,165.0,165.0,-2.37,1169.0,395.0,295.0
JBBL,6/24/2015,165.0,164.0,162.0,163.0,-1.21,1799.0,395.0,295.0
JBBL,6/25/2015,163.0,166.0,160.0,166.0,1.84,526.0,395.0,295.0
JBBL,6/28/2015,166.0,165.0,156.0,159.0,-4.22,583.0,395.0,295.0
JBBL,6/29/2015,159.0,165.0,158.0,165.0,3.77,565.0,395.0,295.0
JBBL,6/30/2015,165.0,165.0,162.0,165.0,0.0,608.0,395.0,295.0
JBBL,7/1/2015,165.0,163.0,160.0,161.0,-2.42,1331.0,395.0,295.0
JBBL,7/2/2015,161.0,164.0,158.0,161.0,0.0,559.0,395.0,295.0
JBBL,7/5/2015,161.0,162.0,158.0,160.0,-0.62,2719.0,395.0,295.0
JBBL,7/6/2015,160.0,160.0,157.0,158.0,-1.25,717.0,395.0,295.0
JBBL,7/7/2015,158.0,160.0,155.0,158.0,0.0,5263.0,395.0,295.0
JBBL,7/8/2015,158.0,162.0,158.0,161.0,1.9,2798.0,395.0,295.0
JBBL,7/9/2015,161.0,172.0,164.0,172.0,6.83,1323.0,395.0,295.0
JBBL,7/12/2015,172.0,169.0,165.0,165.0,-4.07,835.0,395.0,295.0
JBBL,7/13/2015,165.0,163.0,158.0,161.0,-2.42,321.0,395.0,295.0
JBBL,7/14/2015,161.0,164.0,158.0,164.0,1.86,593.0,395.0,295.0
JBBL,7/15/2015,164.0,161.0,161.0,161.0,-1.83,278.0,395.0,295.0
JBBL,7/16/2015,161.0,167.0,161.0,164.0,1.86,2812.0,395.0,295.0
JBBL,7/22/2015,164.0,175.0,166.0,173.0,5.49,3996.0,395.0,295.0
JBBL,7/23/2015,173.0,190.0,170.0,190.0,9.83,1525.0,395.0,295.0
JBBL,7/26/2015,190.0,209.0,193.0,209.0,10.0,650.0,395.0,295.0
JBBL,7/27/2015,209.0,217.0,190.0,190.0,-9.09,3829.0,395.0,295.0
JBBL,7/28/2015,190.0,195.0,176.0,180.0,-5.26,1801.0,395.0,295.0
JBBL,7/29/2015,180.0,180.0,172.0,172.0,-4.44,1654.0,395.0,295.0
JBBL,7/30/2015,172.0,178.0,169.0,178.0,3.49,3484.0,395.0,295.0
JBBL,8/2/2015,178.0,175.0,171.0,173.0,-2.81,711.0,395.0,295.0
JBBL,8/3/2015,173.0,180.0,173.0,176.0,1.73,2138.0,395.0,295.0
JBBL,8/4/2015,176.0,180.0,172.0,180.0,2.27,4727.0,395.0,295.0
JBBL,8/5/2015,180.0,178.0,168.0,172.0,-4.44,3874.0,395.0,295.0
JBBL,8/6/2015,172.0,178.0,168.0,175.0,1.74,16054.0,395.0,295.0
JBBL,8/9/2015,175.0,189.0,178.0,189.0,8.0,510.0,395.0,295.0
JBBL,8/10/2015,189.0,192.0,192.0,192.0,1.59,20.0,395.0,295.0
JBBL,8/11/2015,192.0,192.0,186.0,186.0,-3.12,807.0,395.0,295.0
JBBL,8/13/2015,186.0,183.0,183.0,183.0,-1.61,53.0,395.0,295.0
JBBL,8/16/2015,183.0,186.0,185.0,185.0,1.09,1032.0,395.0,295.0
JBBL,8/17/2015,185.0,182.0,182.0,182.0,-1.62,128.0,395.0,295.0
JBBL,8/18/2015,182.0,194.0,184.0,192.0,5.49,4414.0,395.0,295.0
JBBL,8/19/2015,192.0,200.0,191.0,200.0,4.17,2443.0,395.0,295.0
JBBL,8/20/2015,200.0,216.0,204.0,216.0,8.0,782.0,395.0,295.0
JBBL,8/23/2015,216.0,212.0,208.0,208.0,-3.7,1813.0,395.0,295.0
JBBL,8/24/2015,208.0,228.0,212.0,220.0,5.77,1867.0,395.0,295.0
JBBL,8/25/2015,220.0,216.0,212.0,212.0,-3.64,700.0,395.0,295.0
JBBL,8/26/2015,212.0,216.0,208.0,208.0,-1.89,4320.0,395.0,295.0
JBBL,8/27/2015,208.0,216.0,208.0,208.0,0.0,2931.0,395.0,295.0
JBBL,8/31/2015,208.0,219.0,210.0,210.0,0.96,1203.0,395.0,295.0
JBBL,9/1/2015,210.0,214.0,210.0,211.0,0.48,2535.0,395.0,295.0
JBBL,9/2/2015,211.0,210.0,200.0,200.0,-5.21,1516.0,395.0,295.0
JBBL,9/3/2015,200.0,211.0,204.0,211.0,5.5,832.0,395.0,295.0
JBBL,9/6/2015,211.0,210.0,210.0,210.0,-0.47,603.0,395.0,295.0
JBBL,9/7/2015,210.0,208.0,204.0,204.0,-2.86,258.0,395.0,295.0
JBBL,9/8/2015,204.0,208.0,206.0,208.0,1.96,1132.0,395.0,295.0
JBBL,9/9/2015,208.0,204.0,204.0,204.0,-1.92,200.0,395.0,295.0
JBBL,9/10/2015,204.0,202.0,200.0,201.0,-1.47,2800.0,395.0,295.0
JBBL,9/13/2015,201.0,205.0,205.0,205.0,1.99,711.0,395.0,295.0
JBBL,9/14/2015,205.0,212.0,204.0,211.0,2.93,2962.0,395.0,295.0
JBBL,9/15/2015,211.0,219.0,214.0,215.0,1.9,1773.0,395.0,295.0
JBBL,9/16/2015,215.0,215.0,211.0,215.0,0.0,2574.0,395.0,295.0
JBBL,9/17/2015,215.0,219.0,215.0,215.0,0.0,2008.0,395.0,295.0
JBBL,9/22/2015,215.0,211.0,198.0,200.0,-6.98,3193.0,395.0,295.0
JBBL,9/23/2015,200.0,204.0,204.0,204.0,2.0,10.0,395.0,295.0
JBBL,9/24/2015,204.0,208.0,200.0,208.0,1.96,1944.0,395.0,295.0
JBBL,9/28/2015,208.0,204.0,200.0,203.0,-2.4,3027.0,395.0,295.0
JBBL,9/29/2015,203.0,203.0,201.0,201.0,-0.99,1123.0,395.0,295.0
JBBL,9/30/2015,201.0,208.0,202.0,208.0,3.48,2971.0,395.0,295.0
JBBL,10/1/2015,208.0,207.0,201.0,201.0,-3.37,1083.0,395.0,295.0
JBBL,10/4/2015,201.0,205.0,201.0,204.0,1.49,2944.0,395.0,295.0
JBBL,10/5/2015,204.0,205.0,198.0,205.0,0.49,2007.0,395.0,295.0
JBBL,10/6/2015,205.0,205.0,199.0,199.0,-2.93,1892.0,395.0,295.0
JBBL,10/7/2015,199.0,199.0,195.0,198.0,-0.5,770.0,395.0,295.0
JBBL,10/8/2015,198.0,200.0,198.0,199.0,0.51,1165.0,395.0,295.0
JBBL,10/11/2015,199.0,199.0,194.0,194.0,-2.51,4242.0,395.0,295.0
JBBL,10/15/2015,194.0,191.0,190.0,191.0,-1.55,353.0,395.0,295.0
JBBL,10/18/2015,191.0,190.0,190.0,190.0,-0.52,35.0,395.0,295.0
JBBL,10/25/2015,174.0,177.0,177.0,177.0,-6.84,44.0,395.0,295.0
JBBL,10/27/2015,177.0,174.0,162.0,165.0,-6.78,1619.0,395.0,295.0
JBBL,10/28/2015,165.0,163.0,162.0,162.0,-1.82,766.0,395.0,295.0
JBBL,10/29/2015,162.0,178.0,165.0,178.0,9.88,589.0,395.0,295.0
JBBL,11/1/2015,178.0,175.0,175.0,175.0,-1.69,896.0,395.0,295.0
JBBL,11/2/2015,175.0,172.0,172.0,172.0,-1.71,163.0,395.0,295.0
JBBL,11/3/2015,172.0,175.0,172.0,172.0,0.0,432.0,395.0,295.0
JBBL,11/4/2015,172.0,180.0,175.0,180.0,4.65,410.0,395.0,295.0
JBBL,11/5/2015,180.0,183.0,180.0,180.0,0.0,60.0,395.0,295.0
JBBL,11/9/2015,180.0,177.0,175.0,175.0,-2.78,540.0,395.0,295.0
JBBL,11/10/2015,175.0,175.0,175.0,175.0,0.0,203.0,395.0,295.0
JBBL,11/15/2015,175.0,172.0,172.0,172.0,-1.71,400.0,395.0,295.0
JBBL,11/16/2015,172.0,175.0,174.0,175.0,1.74,45.0,395.0,295.0
JBBL,11/26/2015,175.0,172.0,169.0,169.0,-3.43,151.0,395.0,295.0
JBBL,9/27/2016,169.0,184.0,172.0,184.0,8.88,50.0,395.0,295.0
JBBL,9/28/2016,184.0,202.0,193.0,202.0,9.78,40.0,395.0,295.0
JBBL,9/29/2016,202.0,222.0,212.0,222.0,9.9,40.0,395.0,295.0
JBBL,10/2/2016,222.0,244.0,233.0,244.0,9.91,40.0,395.0,295.0
JBBL,10/3/2016,244.0,268.0,256.0,268.0,9.84,40.0,395.0,295.0
JBBL,10/4/2016,268.0,293.0,273.0,293.0,9.33,50.0,395.0,295.0
JBBL,10/5/2016,293.0,322.0,307.0,322.0,9.9,47.0,395.0,295.0
JBBL,10/6/2016,322.0,354.0,328.0,354.0,9.94,3919.0,395.0,295.0
JBBL,10/16/2016,354.0,389.0,350.0,389.0,9.89,56824.0,395.0,295.0
JBBL,10/17/2016,389.0,407.0,387.0,399.0,2.57,118840.0,395.0,295.0
JBBL,10/18/2016,399.0,410.0,389.0,410.0,2.76,42584.0,395.0,295.0
JBBL,10/19/2016,410.0,420.0,402.0,420.0,2.44,58914.0,395.0,295.0
JBBL,10/20/2016,420.0,436.0,412.0,418.0,-0.48,41731.0,395.0,295.0
JBBL,10/23/2016,418.0,442.0,418.0,422.0,0.96,99491.0,395.0,295.0
JBBL,10/24/2016,422.0,430.0,406.0,406.0,-3.79,23427.0,395.0,295.0
JBBL,10/25/2016,406.0,415.0,400.0,404.0,-0.49,13863.0,395.0,295.0
JBBL,10/26/2016,404.0,408.0,392.0,399.0,-1.24,10156.0,395.0,295.0
JBBL,10/27/2016,399.0,410.0,397.0,400.0,0.25,14787.0,395.0,295.0
JBBL,11/3/2016,400.0,402.0,392.0,392.0,-2.0,1566.0,395.0,295.0
JBBL,11/7/2016,392.0,392.0,380.0,382.0,-2.55,5686.0,395.0,295.0
JBBL,11/8/2016,382.0,379.0,368.0,372.0,-2.62,3109.0,395.0,295.0
JBBL,11/9/2016,372.0,379.0,353.0,363.0,-2.42,21067.0,395.0,295.0
JBBL,11/10/2016,363.0,377.0,366.0,370.0,1.93,12994.0,395.0,295.0
JBBL,11/13/2016,370.0,374.0,365.0,373.0,0.81,1823.0,395.0,295.0
JBBL,11/14/2016,373.0,388.0,375.0,384.0,2.95,6924.0,395.0,295.0
JBBL,11/15/2016,384.0,387.0,377.0,381.0,-0.78,5083.0,395.0,295.0
JBBL,11/16/2016,381.0,383.0,372.0,378.0,-0.79,1938.0,395.0,295.0
JBBL,11/17/2016,378.0,373.0,357.0,358.0,-5.29,6659.0,395.0,295.0
JBBL,11/20/2016,358.0,360.0,324.0,335.0,-6.42,14727.0,395.0,295.0
JBBL,11/21/2016,335.0,346.0,313.0,321.0,-4.18,13793.0,395.0,295.0
JBBL,11/22/2016,321.0,339.0,315.0,330.0,2.8,8026.0,395.0,295.0
JBBL,11/23/2016,330.0,330.0,314.0,320.0,-3.03,7456.0,395.0,295.0
JBBL,11/24/2016,320.0,337.0,320.0,326.0,1.88,5704.0,395.0,295.0
JBBL,11/27/2016,326.0,329.0,304.0,312.0,-4.29,12822.0,395.0,295.0
JBBL,11/28/2016,312.0,324.0,291.0,324.0,3.85,15585.0,395.0,295.0
JBBL,11/29/2016,324.0,338.0,312.0,332.0,2.47,14147.0,395.0,295.0
JBBL,11/30/2016,332.0,341.0,326.0,335.0,0.9,15342.0,395.0,295.0
JBBL,12/1/2016,335.0,341.0,324.0,331.0,-1.19,5035.0,395.0,295.0
JBBL,12/4/2016,331.0,335.0,325.0,327.0,-1.21,4900.0,395.0,295.0
JBBL,12/5/2016,327.0,333.0,321.0,321.0,-1.83,4187.0,395.0,295.0
JBBL,12/6/2016,321.0,331.0,318.0,331.0,3.12,3893.0,395.0,295.0
JBBL,12/7/2016,331.0,331.0,320.0,331.0,0.0,4532.0,395.0,295.0
JBBL,12/8/2016,331.0,340.0,328.0,337.0,1.81,10151.0,395.0,295.0
JBBL,12/11/2016,337.0,346.0,335.0,337.0,0.0,6236.0,395.0,295.0
JBBL,12/12/2016,337.0,331.0,320.0,323.0,-4.15,2478.0,395.0,295.0
JBBL,12/14/2016,323.0,331.0,318.0,331.0,2.48,3046.0,395.0,295.0
JBBL,12/15/2016,331.0,337.0,325.0,330.0,-0.3,2275.0,395.0,295.0
JBBL,12/18/2016,330.0,342.0,321.0,340.0,3.03,5634.0,395.0,295.0
JBBL,12/19/2016,340.0,340.0,335.0,335.0,-1.47,7245.0,395.0,295.0
JBBL,12/20/2016,335.0,334.0,324.0,330.0,-1.49,2557.0,395.0,295.0
JBBL,12/21/2016,330.0,330.0,320.0,322.0,-2.42,3553.0,395.0,295.0
JBBL,12/22/2016,322.0,330.0,318.0,330.0,2.48,2938.0,395.0,295.0
JBBL,12/26/2016,330.0,327.0,318.0,318.0,-3.64,6191.0,395.0,295.0
JBBL,12/27/2016,318.0,315.0,300.0,301.0,-5.35,25458.0,395.0,295.0
JBBL,12/28/2016,301.0,307.0,297.0,300.0,-0.33,40000.0,395.0,295.0
JBBL,12/29/2016,269.0,277.0,265.0,276.0,-8.0,2995.0,395.0,295.0
JBBL,1/1/2017,276.0,285.0,278.0,285.0,3.26,2829.0,395.0,295.0
JBBL,1/2/2017,285.0,290.0,285.0,286.0,0.35,1313.0,395.0,295.0
JBBL,1/3/2017,286.0,287.0,282.0,287.0,0.35,1391.0,395.0,295.0
JBBL,1/4/2017,287.0,285.0,275.0,275.0,-4.18,1083.0,395.0,295.0
JBBL,1/5/2017,275.0,280.0,276.0,276.0,0.36,1391.0,395.0,295.0
JBBL,1/8/2017,276.0,271.0,261.0,261.0,-5.43,606.0,395.0,295.0
JBBL,1/9/2017,261.0,276.0,266.0,270.0,3.45,3878.0,395.0,295.0
JBBL,1/10/2017,270.0,272.0,265.0,269.0,-0.37,2070.0,395.0,295.0
JBBL,1/11/2017,269.0,274.0,269.0,270.0,0.37,4376.0,395.0,295.0
JBBL,1/12/2017,270.0,280.0,273.0,280.0,3.7,322.0,395.0,295.0
JBBL,1/15/2017,280.0,294.0,280.0,285.0,1.79,5173.0,395.0,295.0
JBBL,1/16/2017,285.0,294.0,285.0,285.0,0.0,2583.0,395.0,295.0
JBBL,1/17/2017,285.0,290.0,280.0,290.0,1.75,1352.0,395.0,295.0
JBBL,1/18/2017,290.0,290.0,282.0,285.0,-1.72,852.0,395.0,295.0
JBBL,1/19/2017,285.0,293.0,280.0,280.0,-1.75,2048.0,395.0,295.0
JBBL,1/22/2017,280.0,290.0,281.0,286.0,2.14,4163.0,395.0,295.0
JBBL,1/23/2017,286.0,286.0,270.0,280.0,-2.1,1134.0,395.0,295.0
JBBL,1/24/2017,280.0,285.0,274.0,274.0,-2.14,635.0,395.0,295.0
JBBL,1/25/2017,274.0,275.0,260.0,264.0,-3.65,1389.0,395.0,295.0
JBBL,1/26/2017,264.0,259.0,240.0,252.0,-4.55,9611.0,395.0,295.0
JBBL,1/30/2017,252.0,247.0,235.0,235.0,-6.75,1123.0,395.0,295.0
JBBL,1/31/2017,235.0,245.0,238.0,243.0,3.4,2957.0,395.0,295.0
JBBL,2/1/2017,243.0,264.0,247.0,260.0,7.0,8461.0,395.0,295.0
JBBL,2/2/2017,260.0,270.0,255.0,257.0,-1.15,5622.0,395.0,295.0
JBBL,2/5/2017,257.0,263.0,252.0,258.0,0.39,3333.0,395.0,295.0
JBBL,2/6/2017,258.0,258.0,253.0,258.0,0.0,1040.0,395.0,295.0
JBBL,2/7/2017,258.0,260.0,255.0,258.0,0.0,885.0,395.0,295.0
JBBL,2/8/2017,258.0,261.0,252.0,261.0,1.16,1502.0,395.0,295.0
JBBL,2/9/2017,261.0,262.0,245.0,247.0,-5.36,2414.0,395.0,295.0
JBBL,2/12/2017,247.0,243.0,230.0,235.0,-4.86,4931.0,395.0,295.0
JBBL,2/13/2017,235.0,237.0,223.0,237.0,0.85,2009.0,395.0,295.0
JBBL,2/14/2017,237.0,248.0,240.0,244.0,2.95,1695.0,395.0,295.0
JBBL,2/15/2017,244.0,265.0,238.0,265.0,8.61,6291.0,395.0,295.0
JBBL,2/16/2017,265.0,271.0,256.0,260.0,-1.89,1371.0,395.0,295.0
JBBL,2/19/2017,260.0,258.0,250.0,258.0,-0.77,2003.0,395.0,295.0
JBBL,2/20/2017,258.0,263.0,250.0,250.0,-3.1,3564.0,395.0,295.0
JBBL,2/21/2017,250.0,255.0,247.0,247.0,-1.2,4670.0,395.0,295.0
JBBL,2/22/2017,247.0,247.0,243.0,247.0,0.0,1398.0,395.0,295.0
JBBL,2/23/2017,247.0,248.0,243.0,247.0,0.0,763.0,395.0,295.0
JBBL,2/26/2017,247.0,251.0,243.0,243.0,-1.62,1105.0,395.0,295.0
JBBL,2/28/2017,243.0,250.0,240.0,250.0,2.88,7356.0,395.0,295.0
JBBL,3/1/2017,250.0,255.0,250.0,253.0,1.2,516.0,395.0,295.0
JBBL,3/2/2017,253.0,258.0,253.0,253.0,0.0,1024.0,395.0,295.0
JBBL,3/5/2017,253.0,260.0,253.0,255.0,0.79,1615.0,395.0,295.0
JBBL,3/6/2017,255.0,255.0,249.0,255.0,0.0,4042.0,395.0,295.0
JBBL,3/7/2017,255.0,255.0,251.0,251.0,-1.57,1142.0,395.0,295.0
JBBL,3/9/2017,251.0,260.0,246.0,253.0,0.8,1280.0,395.0,295.0
JBBL,3/13/2017,253.0,259.0,253.0,255.0,0.79,3468.0,395.0,295.0
JBBL,3/14/2017,255.0,255.0,248.0,248.0,-2.75,1374.0,395.0,295.0
JBBL,3/15/2017,248.0,248.0,244.0,246.0,-0.81,2224.0,395.0,295.0
JBBL,3/16/2017,246.0,256.0,247.0,256.0,4.07,3194.0,395.0,295.0
JBBL,3/19/2017,256.0,261.0,253.0,254.0,-0.78,544.0,395.0,295.0
JBBL,3/20/2017,254.0,271.0,255.0,271.0,6.69,1778.0,395.0,295.0
JBBL,3/21/2017,271.0,284.0,263.0,284.0,4.8,6180.0,395.0,295.0
JBBL,3/22/2017,284.0,300.0,280.0,281.0,-1.06,6163.0,395.0,295.0
JBBL,3/23/2017,281.0,291.0,277.0,283.0,0.71,4884.0,395.0,295.0
JBBL,3/26/2017,283.0,311.0,287.0,289.0,2.12,11020.0,395.0,295.0
JBBL,3/28/2017,289.0,317.0,294.0,310.0,7.27,9009.0,395.0,295.0
JBBL,3/29/2017,310.0,328.0,306.0,306.0,-1.29,11716.0,395.0,295.0
JBBL,3/30/2017,306.0,330.0,294.0,330.0,7.84,15914.0,395.0,295.0
JBBL,4/2/2017,330.0,363.0,324.0,358.0,8.48,19483.0,395.0,295.0
JBBL,4/3/2017,358.0,393.0,360.0,366.0,2.23,48872.0,395.0,295.0
JBBL,4/4/2017,366.0,384.0,354.0,375.0,2.46,22415.0,395.0,295.0
JBBL,4/6/2017,375.0,389.0,370.0,379.0,1.07,19375.0,395.0,295.0
JBBL,4/9/2017,379.0,397.0,375.0,386.0,1.85,15465.0,395.0,295.0
JBBL,4/10/2017,386.0,400.0,375.0,384.0,-0.52,14889.0,395.0,295.0
JBBL,4/11/2017,384.0,405.0,385.0,405.0,5.47,21109.0,395.0,295.0
JBBL,4/12/2017,405.0,434.0,410.0,414.0,2.22,48269.0,395.0,295.0
JBBL,4/13/2017,414.0,419.0,404.0,404.0,-2.42,15304.0,395.0,295.0
JBBL,4/16/2017,404.0,420.0,392.0,400.0,-0.99,14251.0,395.0,295.0
JBBL,4/18/2017,400.0,414.0,397.0,401.0,0.25,36363.0,395.0,295.0
JBBL,4/19/2017,401.0,420.0,405.0,408.0,1.75,20943.0,395.0,295.0
JBBL,4/20/2017,408.0,421.0,402.0,411.0,0.74,51519.0,395.0,295.0
JBBL,4/23/2017,411.0,443.0,406.0,409.0,-0.49,45926.0,395.0,295.0
JBBL,4/24/2017,409.0,412.0,401.0,405.0,-0.98,43914.0,395.0,295.0
JBBL,4/25/2017,405.0,410.0,395.0,397.0,-1.98,43965.0,395.0,295.0
JBBL,4/26/2017,397.0,405.0,390.0,394.0,-0.76,82292.0,395.0,295.0
JBBL,4/27/2017,247.0,266.0,251.0,259.0,-34.26,22463.0,395.0,295.0
JBBL,4/30/2017,259.0,262.0,250.0,252.0,-2.7,4388.0,395.0,295.0
JBBL,5/2/2017,252.0,261.0,247.0,255.0,1.19,9000.0,395.0,295.0
JBBL,5/3/2017,255.0,265.0,251.0,254.0,-0.39,6884.0,395.0,295.0
JBBL,5/4/2017,254.0,258.0,250.0,252.0,-0.79,6011.0,395.0,295.0
JBBL,5/7/2017,252.0,250.0,246.0,246.0,-2.38,9684.0,395.0,295.0
JBBL,5/8/2017,246.0,250.0,246.0,249.0,1.22,2730.0,395.0,295.0
JBBL,5/9/2017,249.0,250.0,245.0,249.0,0.0,940.0,395.0,295.0
JBBL,5/11/2017,249.0,247.0,241.0,246.0,-1.2,8601.0,395.0,295.0
JBBL,5/15/2017,246.0,250.0,245.0,250.0,1.63,1938.0,395.0,295.0
JBBL,5/16/2017,250.0,250.0,245.0,249.0,-0.4,1292.0,395.0,295.0
JBBL,5/17/2017,249.0,250.0,245.0,245.0,-1.61,2397.0,395.0,295.0
JBBL,5/18/2017,245.0,245.0,240.0,244.0,-0.41,2826.0,395.0,295.0
JBBL,5/21/2017,244.0,245.0,238.0,240.0,-1.64,1219.0,395.0,295.0
JBBL,5/22/2017,240.0,242.0,238.0,238.0,-0.83,1800.0,395.0,295.0
JBBL,5/23/2017,238.0,242.0,236.0,238.0,0.0,1766.0,395.0,295.0
JBBL,5/24/2017,238.0,242.0,234.0,238.0,0.0,2425.0,395.0,295.0
JBBL,5/28/2017,238.0,238.0,227.0,231.0,-2.94,2350.0,395.0,295.0
JBBL,5/30/2017,231.0,233.0,225.0,225.0,-2.6,6122.0,395.0,295.0
JBBL,5/31/2017,225.0,233.0,227.0,232.0,3.11,4145.0,395.0,295.0
JBBL,6/1/2017,232.0,236.0,230.0,232.0,0.0,6264.0,395.0,295.0
JBBL,6/4/2017,232.0,231.0,228.0,231.0,-0.43,1487.0,395.0,295.0
JBBL,6/5/2017,231.0,231.0,222.0,227.0,-1.73,5170.0,395.0,295.0
JBBL,6/6/2017,227.0,234.0,224.0,233.0,2.64,3824.0,395.0,295.0
JBBL,6/7/2017,233.0,240.0,227.0,227.0,-2.58,3707.0,395.0,295.0
JBBL,6/8/2017,227.0,230.0,226.0,227.0,0.0,1564.0,395.0,295.0
JBBL,6/11/2017,227.0,225.0,220.0,224.0,-1.32,4150.0,395.0,295.0
JBBL,6/12/2017,224.0,225.0,220.0,222.0,-0.89,2568.0,395.0,295.0
JBBL,6/13/2017,222.0,224.0,218.0,222.0,0.0,3340.0,395.0,295.0
JBBL,6/14/2017,222.0,226.0,218.0,218.0,-1.8,3487.0,395.0,295.0
JBBL,6/15/2017,218.0,227.0,215.0,219.0,0.46,9444.0,395.0,295.0
JBBL,6/18/2017,219.0,221.0,213.0,213.0,-2.74,2953.0,395.0,295.0
JBBL,6/19/2017,213.0,214.0,210.0,213.0,0.0,2264.0,395.0,295.0
JBBL,6/20/2017,213.0,216.0,206.0,212.0,-0.47,5443.0,395.0,295.0
JBBL,6/21/2017,212.0,215.0,210.0,211.0,-0.47,1537.0,395.0,295.0
JBBL,6/22/2017,211.0,213.0,210.0,213.0,0.95,2440.0,395.0,295.0
JBBL,6/25/2017,213.0,220.0,213.0,217.0,1.88,919.0,395.0,295.0
JBBL,6/27/2017,217.0,217.0,210.0,210.0,-3.23,3803.0,395.0,295.0
JBBL,6/28/2017,210.0,213.0,208.0,213.0,1.43,623.0,395.0,295.0
JBBL,7/2/2017,213.0,210.0,200.0,201.0,-5.63,3220.0,395.0,295.0
JBBL,7/3/2017,201.0,210.0,201.0,205.0,1.99,2673.0,395.0,295.0
JBBL,7/4/2017,205.0,205.0,200.0,202.0,-1.46,1034.0,395.0,295.0
JBBL,7/5/2017,202.0,204.0,202.0,203.0,0.5,834.0,395.0,295.0
JBBL,7/6/2017,203.0,214.0,204.0,213.0,4.93,1921.0,395.0,295.0
JBBL,7/9/2017,213.0,220.0,210.0,210.0,-1.41,9221.0,395.0,295.0
JBBL,7/10/2017,210.0,212.0,202.0,205.0,-2.38,13843.0,395.0,295.0
JBBL,7/11/2017,205.0,208.0,202.0,204.0,-0.49,7489.0,395.0,295.0
JBBL,7/12/2017,204.0,212.0,206.0,210.0,2.94,7484.0,395.0,295.0
JBBL,7/13/2017,210.0,211.0,207.0,207.0,-1.43,5256.0,395.0,295.0
JBBL,7/16/2017,207.0,211.0,205.0,208.0,0.48,3452.0,395.0,295.0
JBBL,7/17/2017,208.0,215.0,207.0,213.0,2.4,32137.0,395.0,295.0
JBBL,7/18/2017,213.0,217.0,210.0,217.0,1.88,14795.0,395.0,295.0
JBBL,7/19/2017,217.0,217.0,213.0,217.0,0.0,3773.0,395.0,295.0
JBBL,7/20/2017,217.0,221.0,212.0,213.0,-1.84,2872.0,395.0,295.0
JBBL,7/23/2017,213.0,217.0,206.0,208.0,-2.35,10504.0,395.0,295.0
JBBL,7/24/2017,208.0,209.0,203.0,205.0,-1.44,15145.0,395.0,295.0
JBBL,7/25/2017,205.0,210.0,203.0,205.0,0.0,20309.0,395.0,295.0
JBBL,7/26/2017,205.0,208.0,203.0,204.0,-0.49,10388.0,395.0,295.0
JBBL,7/27/2017,204.0,205.0,202.0,205.0,0.49,7179.0,395.0,295.0
JBBL,7/30/2017,205.0,209.0,203.0,207.0,0.98,12433.0,395.0,295.0
JBBL,7/31/2017,207.0,207.0,203.0,204.0,-1.45,20771.0,395.0,295.0
JBBL,8/1/2017,204.0,209.0,205.0,209.0,2.45,22401.0,395.0,295.0
JBBL,8/2/2017,209.0,210.0,203.0,206.0,-1.44,24507.0,395.0,295.0
JBBL,8/3/2017,206.0,210.0,203.0,205.0,-0.49,23055.0,395.0,295.0
JBBL,8/6/2017,205.0,212.0,204.0,205.0,0.0,13456.0,395.0,295.0
JBBL,8/7/2017,205.0,207.0,203.0,205.0,0.0,7322.0,395.0,295.0
JBBL,8/9/2017,205.0,206.0,203.0,203.0,-0.98,6158.0,395.0,295.0
JBBL,8/10/2017,203.0,205.0,200.0,202.0,-0.49,12497.0,395.0,295.0
JBBL,8/13/2017,202.0,206.0,199.0,201.0,-0.5,8105.0,395.0,295.0
JBBL,8/15/2017,201.0,202.0,199.0,199.0,-1.0,4116.0,395.0,295.0
JBBL,8/16/2017,199.0,204.0,197.0,201.0,1.01,9009.0,395.0,295.0
JBBL,8/17/2017,201.0,202.0,198.0,198.0,-1.49,7154.0,395.0,295.0
JBBL,8/20/2017,198.0,201.0,196.0,196.0,-1.01,9685.0,395.0,295.0
JBBL,8/21/2017,196.0,199.0,190.0,191.0,-2.55,8338.0,395.0,295.0
JBBL,8/22/2017,191.0,200.0,193.0,199.0,4.19,8963.0,395.0,295.0
JBBL,8/23/2017,199.0,199.0,197.0,199.0,0.0,7926.0,395.0,295.0
JBBL,8/24/2017,199.0,200.0,196.0,200.0,0.5,3436.0,395.0,295.0
JBBL,8/27/2017,200.0,199.0,192.0,193.0,-3.5,5118.0,395.0,295.0
JBBL,8/28/2017,193.0,197.0,190.0,190.0,-1.55,11620.0,395.0,295.0
JBBL,8/30/2017,190.0,196.0,189.0,191.0,0.53,3856.0,395.0,295.0
JBBL,8/31/2017,191.0,193.0,188.0,190.0,-0.52,6901.0,395.0,295.0
JBBL,9/4/2017,190.0,191.0,184.0,186.0,-2.11,10130.0,395.0,295.0
JBBL,9/6/2017,186.0,193.0,185.0,185.0,-0.54,6646.0,395.0,295.0
JBBL,9/7/2017,185.0,187.0,183.0,183.0,-1.08,4366.0,395.0,295.0
JBBL,9/10/2017,183.0,185.0,180.0,181.0,-1.09,6350.0,395.0,295.0
JBBL,9/11/2017,181.0,186.0,178.0,178.0,-1.66,13930.0,395.0,295.0
JBBL,9/12/2017,178.0,181.0,177.0,178.0,0.0,5382.0,395.0,295.0
JBBL,9/13/2017,178.0,181.0,175.0,179.0,0.56,9238.0,395.0,295.0
JBBL,9/14/2017,179.0,187.0,177.0,186.0,3.91,8105.0,395.0,295.0
JBBL,9/17/2017,186.0,191.0,183.0,186.0,0.0,5377.0,395.0,295.0
JBBL,9/18/2017,186.0,189.0,184.0,186.0,0.0,5036.0,395.0,295.0
JBBL,9/20/2017,186.0,188.0,183.0,185.0,-0.54,19821.0,395.0,295.0
JBBL,9/24/2017,185.0,185.0,182.0,183.0,-1.08,1794.0,395.0,295.0
JBBL,9/25/2017,183.0,188.0,180.0,185.0,1.09,11142.0,395.0,295.0
JBBL,9/26/2017,185.0,187.0,183.0,185.0,0.0,16299.0,395.0,295.0
JBBL,10/3/2017,185.0,187.0,180.0,187.0,1.08,4117.0,395.0,295.0
JBBL,10/4/2017,187.0,187.0,183.0,183.0,-2.14,2153.0,395.0,295.0
JBBL,10/8/2017,183.0,182.0,175.0,182.0,-0.55,7102.0,395.0,295.0
JBBL,10/9/2017,182.0,184.0,176.0,181.0,-0.55,3978.0,395.0,295.0
JBBL,10/10/2017,181.0,183.0,180.0,181.0,0.0,5428.0,395.0,295.0
JBBL,10/11/2017,181.0,186.0,180.0,186.0,2.76,2986.0,395.0,295.0
JBBL,10/12/2017,186.0,187.0,183.0,183.0,-1.61,2761.0,395.0,295.0
JBBL,10/15/2017,183.0,182.0,181.0,181.0,-1.09,2278.0,395.0,295.0
JBBL,10/16/2017,181.0,190.0,182.0,190.0,4.97,3254.0,395.0,295.0
JBBL,10/17/2017,190.0,191.0,185.0,191.0,0.53,7365.0,395.0,295.0
JBBL,10/18/2017,191.0,196.0,188.0,196.0,2.62,2096.0,395.0,295.0
JBBL,10/22/2017,196.0,198.0,193.0,193.0,-1.53,1704.0,395.0,295.0
JBBL,10/23/2017,193.0,196.0,188.0,193.0,0.0,2941.0,395.0,295.0
JBBL,10/24/2017,193.0,193.0,186.0,190.0,-1.55,2039.0,395.0,295.0
JBBL,10/25/2017,190.0,193.0,184.0,185.0,-2.63,4676.0,395.0,295.0
JBBL,10/29/2017,185.0,188.0,183.0,186.0,0.54,4960.0,395.0,295.0
JBBL,10/30/2017,186.0,188.0,183.0,184.0,-1.08,3492.0,395.0,295.0
JBBL,10/31/2017,184.0,186.0,180.0,184.0,0.0,3504.0,395.0,295.0
JBBL,11/1/2017,184.0,185.0,180.0,180.0,-2.17,6228.0,395.0,295.0
JBBL,11/2/2017,180.0,182.0,179.0,180.0,0.0,5713.0,395.0,295.0
JBBL,11/5/2017,180.0,181.0,177.0,180.0,0.0,5788.0,395.0,295.0
JBBL,11/6/2017,180.0,182.0,177.0,179.0,-0.56,3536.0,395.0,295.0
JBBL,11/7/2017,179.0,182.0,179.0,180.0,0.56,4420.0,395.0,295.0
JBBL,11/8/2017,180.0,180.0,178.0,179.0,-0.56,4571.0,395.0,295.0
JBBL,11/9/2017,179.0,181.0,176.0,178.0,-0.56,4086.0,395.0,295.0
JBBL,11/12/2017,178.0,179.0,174.0,175.0,-1.69,8868.0,395.0,295.0
JBBL,11/13/2017,175.0,179.0,175.0,179.0,2.29,2956.0,395.0,295.0
JBBL,11/14/2017,179.0,183.0,179.0,183.0,2.23,7136.0,395.0,295.0
JBBL,11/15/2017,183.0,185.0,180.0,181.0,-1.09,2219.0,395.0,295.0
JBBL,11/16/2017,181.0,178.0,175.0,175.0,-3.31,5773.0,395.0,295.0
JBBL,11/19/2017,175.0,181.0,174.0,175.0,0.0,2739.0,395.0,295.0
JBBL,11/20/2017,175.0,178.0,173.0,173.0,-1.14,7433.0,395.0,295.0
JBBL,11/21/2017,173.0,178.0,173.0,178.0,2.89,5555.0,395.0,295.0
JBBL,11/22/2017,178.0,182.0,175.0,180.0,1.12,1664.0,395.0,295.0
JBBL,11/23/2017,180.0,183.0,178.0,183.0,1.67,1295.0,395.0,295.0
JBBL,11/26/2017,183.0,193.0,182.0,188.0,2.73,12867.0,395.0,295.0
JBBL,11/27/2017,188.0,190.0,185.0,185.0,-1.6,9859.0,395.0,295.0
JBBL,11/28/2017,185.0,186.0,181.0,186.0,0.54,3894.0,395.0,295.0
JBBL,11/29/2017,186.0,188.0,185.0,185.0,-0.54,2245.0,395.0,295.0
JBBL,11/30/2017,185.0,186.0,181.0,186.0,0.54,5013.0,395.0,295.0
JBBL,12/4/2017,186.0,185.0,181.0,185.0,-0.54,1795.0,395.0,295.0
JBBL,12/5/2017,185.0,185.0,182.0,184.0,-0.54,1100.0,395.0,295.0
JBBL,12/6/2017,184.0,185.0,182.0,183.0,-0.54,3669.0,395.0,295.0
JBBL,12/10/2017,183.0,188.0,181.0,188.0,2.73,4149.0,395.0,295.0
JBBL,12/11/2017,188.0,188.0,185.0,186.0,-1.06,4695.0,395.0,295.0
JBBL,12/12/2017,186.0,185.0,180.0,181.0,-2.69,4881.0,395.0,295.0
JBBL,12/13/2017,181.0,185.0,180.0,182.0,0.55,3629.0,395.0,295.0
JBBL,12/14/2017,182.0,183.0,180.0,181.0,-0.55,1486.0,395.0,295.0
JBBL,12/17/2017,181.0,182.0,178.0,178.0,-1.66,6681.0,395.0,295.0
JBBL,12/18/2017,178.0,181.0,177.0,179.0,0.56,2548.0,395.0,295.0
JBBL,12/19/2017,179.0,179.0,177.0,178.0,-0.56,1039.0,395.0,295.0
JBBL,12/20/2017,178.0,180.0,175.0,180.0,1.12,2762.0,395.0,295.0
JBBL,12/21/2017,180.0,180.0,175.0,177.0,-1.67,4608.0,395.0,295.0
JBBL,12/24/2017,177.0,183.0,174.0,176.0,-0.56,5703.0,395.0,295.0
JBBL,12/26/2017,176.0,178.0,171.0,171.0,-2.84,4830.0,395.0,295.0
JBBL,12/27/2017,171.0,178.0,167.0,174.0,1.75,6125.0,395.0,295.0
JBBL,12/28/2017,174.0,178.0,169.0,178.0,2.3,23731.0,395.0,295.0
JBBL,1/1/2018,162.0,167.0,159.0,167.0,-6.18,5186.0,395.0,295.0
JBBL,1/2/2018,167.0,167.0,160.0,164.0,-1.8,5086.0,395.0,295.0
JBBL,1/3/2018,164.0,165.0,159.0,159.0,-3.05,3002.0,395.0,295.0
JBBL,1/4/2018,159.0,159.0,157.0,157.0,-1.26,3380.0,395.0,295.0
JBBL,1/7/2018,157.0,161.0,154.0,160.0,1.91,3916.0,395.0,295.0
JBBL,1/8/2018,160.0,160.0,157.0,160.0,0.0,1431.0,395.0,295.0
JBBL,1/9/2018,160.0,164.0,160.0,161.0,0.63,2872.0,395.0,295.0
JBBL,1/10/2018,161.0,163.0,158.0,160.0,-0.62,4231.0,395.0,295.0
JBBL,1/14/2018,160.0,158.0,157.0,157.0,-1.88,1418.0,395.0,295.0
JBBL,1/16/2018,157.0,159.0,155.0,159.0,1.27,5032.0,395.0,295.0
JBBL,1/17/2018,159.0,157.0,155.0,155.0,-2.52,4954.0,395.0,295.0
JBBL,1/21/2018,155.0,156.0,153.0,155.0,0.0,2161.0,395.0,295.0
JBBL,1/22/2018,155.0,156.0,153.0,153.0,-1.29,2732.0,395.0,295.0
JBBL,1/23/2018,153.0,156.0,152.0,155.0,1.31,3982.0,395.0,295.0
JBBL,1/24/2018,155.0,160.0,152.0,160.0,3.23,4578.0,395.0,295.0
JBBL,1/25/2018,160.0,158.0,156.0,157.0,-1.88,1329.0,395.0,295.0
JBBL,1/28/2018,157.0,160.0,154.0,158.0,0.64,4425.0,395.0,295.0
JBBL,1/29/2018,158.0,157.0,155.0,155.0,-1.9,1875.0,395.0,295.0
JBBL,1/31/2018,155.0,158.0,153.0,157.0,1.29,4221.0,395.0,295.0
JBBL,2/1/2018,157.0,158.0,156.0,157.0,0.0,1912.0,395.0,295.0
JBBL,2/4/2018,157.0,163.0,157.0,158.0,0.64,4039.0,395.0,295.0
JBBL,2/5/2018,158.0,160.0,155.0,155.0,-1.9,3309.0,395.0,295.0
JBBL,2/6/2018,155.0,156.0,153.0,154.0,-0.65,3053.0,395.0,295.0
JBBL,2/7/2018,154.0,156.0,153.0,154.0,0.0,4152.0,395.0,295.0
JBBL,2/8/2018,154.0,159.0,154.0,156.0,1.3,7158.0,395.0,295.0
JBBL,2/11/2018,156.0,159.0,156.0,156.0,0.0,988.0,395.0,295.0
JBBL,2/12/2018,156.0,157.0,153.0,155.0,-0.64,6033.0,395.0,295.0
JBBL,2/14/2018,155.0,158.0,155.0,158.0,1.94,2719.0,395.0,295.0
JBBL,2/15/2018,158.0,167.0,157.0,166.0,5.06,7837.0,395.0,295.0
JBBL,2/18/2018,167.0,167.0,160.0,160.0,-3.61,15600.0,395.0,295.0
JBBL,2/20/2018,163.0,163.0,155.0,158.0,-1.25,5028.0,395.0,295.0
JBBL,2/21/2018,156.0,158.0,156.0,156.0,-1.27,1009.0,395.0,295.0
JBBL,2/22/2018,155.0,158.0,155.0,155.0,-0.64,1723.0,395.0,295.0
JBBL,2/25/2018,158.0,159.0,153.0,153.0,-1.29,2355.0,395.0,295.0
JBBL,2/26/2018,154.0,155.0,152.0,152.0,-0.65,2285.0,395.0,295.0
JBBL,2/27/2018,153.0,158.0,151.0,158.0,3.95,4154.0,395.0,295.0
JBBL,2/28/2018,156.0,157.0,149.0,154.0,-2.53,29543.0,395.0,295.0
JBBL,3/4/2018,151.0,152.0,145.0,147.0,-4.55,3455.0,395.0,295.0
JBBL,3/5/2018,151.0,151.0,143.0,144.0,-2.04,5327.0,395.0,295.0
JBBL,3/6/2018,144.0,147.0,142.0,147.0,2.08,4755.0,395.0,295.0
JBBL,3/7/2018,148.0,152.0,148.0,150.0,2.04,16361.0,395.0,295.0
JBBL,3/11/2018,153.0,153.0,145.0,148.0,-1.33,3836.0,395.0,295.0
JBBL,3/12/2018,146.0,153.0,144.0,144.0,-2.7,7710.0,395.0,295.0
JBBL,3/13/2018,145.0,149.0,145.0,147.0,2.08,1231.0,395.0,295.0
JBBL,3/14/2018,149.0,149.0,147.0,148.0,0.68,1150.0,395.0,295.0
JBBL,3/15/2018,147.0,150.0,145.0,148.0,0.0,2218.0,395.0,295.0
JBBL,3/18/2018,150.0,150.0,144.0,146.0,-1.35,4471.0,395.0,295.0
JBBL,3/19/2018,148.0,150.0,143.0,145.0,-0.68,5349.0,395.0,295.0
JBBL,3/20/2018,143.0,146.0,143.0,146.0,0.69,4164.0,395.0,295.0
JBBL,3/21/2018,144.0,144.0,138.0,140.0,-4.11,6329.0,395.0,295.0
JBBL,3/22/2018,140.0,143.0,139.0,141.0,0.71,6009.0,395.0,295.0
JBBL,3/26/2018,140.0,141.0,136.0,137.0,-2.84,4450.0,395.0,295.0
JBBL,3/27/2018,135.0,144.0,133.0,144.0,5.11,4444.0,395.0,295.0
JBBL,3/28/2018,144.0,145.0,140.0,141.0,-2.08,4003.0,395.0,295.0
JBBL,3/29/2018,141.0,145.0,138.0,145.0,2.84,10192.0,395.0,295.0
JBBL,4/1/2018,147.0,147.0,140.0,141.0,-2.76,3559.0,395.0,295.0
JBBL,4/2/2018,143.0,143.0,139.0,140.0,-0.71,1203.0,395.0,295.0
JBBL,4/3/2018,142.0,142.0,140.0,142.0,1.43,1124.0,395.0,295.0
JBBL,4/4/2018,144.0,149.0,142.0,142.0,0.0,2253.0,395.0,295.0
JBBL,4/5/2018,142.0,146.0,142.0,145.0,2.11,10857.0,395.0,295.0
JBBL,4/8/2018,145.0,150.0,142.0,144.0,-0.69,17035.0,395.0,295.0
JBBL,4/9/2018,146.0,149.0,144.0,144.0,0.0,5685.0,395.0,295.0
JBBL,4/10/2018,144.0,147.0,144.0,144.0,0.0,3573.0,395.0,295.0
JBBL,4/11/2018,142.0,143.0,140.0,143.0,-0.69,1841.0,395.0,295.0
JBBL,4/12/2018,143.0,147.0,143.0,143.0,0.0,5281.0,395.0,295.0
JBBL,4/15/2018,143.0,147.0,141.0,145.0,1.4,3259.0,395.0,295.0
JBBL,4/16/2018,147.0,151.0,145.0,147.0,1.38,5716.0,395.0,295.0
JBBL,4/17/2018,149.0,157.0,147.0,152.0,3.4,16308.0,395.0,295.0
JBBL,4/18/2018,153.0,166.0,150.0,160.0,5.26,14382.0,395.0,295.0
JBBL,4/19/2018,157.0,166.0,157.0,165.0,3.12,19380.0,395.0,295.0
JBBL,4/22/2018,168.0,171.0,162.0,167.0,1.21,19298.0,395.0,295.0
JBBL,4/23/2018,170.0,172.0,158.0,161.0,-3.59,18647.0,395.0,295.0
JBBL,4/24/2018,158.0,160.0,155.0,157.0,-2.48,4556.0,395.0,295.0
JBBL,4/25/2018,156.0,158.0,156.0,156.0,-0.64,1837.0,395.0,295.0
JBBL,4/26/2018,156.0,158.0,154.0,154.0,-1.28,2834.0,395.0,295.0
JBBL,4/29/2018,153.0,157.0,152.0,156.0,1.3,3201.0,395.0,295.0
JBBL,5/2/2018,153.0,155.0,150.0,155.0,-0.64,6235.0,395.0,295.0
JBBL,5/3/2018,158.0,158.0,155.0,155.0,0.0,6161.0,395.0,295.0
JBBL,5/6/2018,153.0,156.0,152.0,156.0,0.65,1943.0,395.0,295.0
JBBL,5/7/2018,158.0,158.0,152.0,152.0,-2.56,4444.0,395.0,295.0
JBBL,5/8/2018,152.0,156.0,150.0,153.0,0.66,3015.0,395.0,295.0
JBBL,5/9/2018,150.0,154.0,150.0,153.0,0.0,2608.0,395.0,295.0
JBBL,5/10/2018,153.0,155.0,150.0,153.0,0.0,4695.0,395.0,295.0
JBBL,5/14/2018,150.0,150.0,147.0,148.0,-3.27,7626.0,395.0,295.0
JBBL,5/15/2018,150.0,150.0,147.0,147.0,-0.68,3435.0,395.0,295.0
JBBL,5/16/2018,149.0,149.0,145.0,147.0,0.0,1511.0,395.0,295.0
JBBL,5/17/2018,147.0,151.0,145.0,146.0,-0.68,2100.0,395.0,295.0
JBBL,5/20/2018,148.0,151.0,148.0,149.0,2.05,3242.0,395.0,295.0
JBBL,5/21/2018,148.0,148.0,147.0,148.0,-0.67,1016.0,395.0,295.0
JBBL,5/22/2018,150.0,150.0,145.0,147.0,-0.68,1036.0,395.0,295.0
JBBL,5/23/2018,147.0,147.0,147.0,147.0,0.0,692.0,395.0,295.0
JBBL,5/24/2018,147.0,148.0,145.0,145.0,-1.36,2226.0,395.0,295.0
JBBL,5/27/2018,143.0,146.0,143.0,144.0,-0.69,2039.0,395.0,295.0
JBBL,5/28/2018,142.0,149.0,142.0,149.0,3.47,4207.0,395.0,295.0
JBBL,5/29/2018,148.0,149.0,144.0,145.0,-2.68,5095.0,395.0,295.0
JBBL,5/30/2018,147.0,147.0,146.0,146.0,0.69,1817.0,395.0,295.0
JBBL,5/31/2018,145.0,146.0,143.0,146.0,0.0,1245.0,395.0,295.0
JBBL,6/3/2018,144.0,145.0,140.0,140.0,-4.11,3907.0,395.0,295.0
JBBL,6/4/2018,139.0,142.0,139.0,140.0,0.0,2319.0,395.0,295.0
JBBL,6/6/2018,142.0,144.0,141.0,143.0,2.14,3558.0,395.0,295.0
JBBL,6/7/2018,143.0,144.0,141.0,141.0,-1.4,3436.0,395.0,295.0
JBBL,6/10/2018,139.0,144.0,139.0,140.0,-0.71,4225.0,395.0,295.0
JBBL,6/11/2018,138.0,141.0,136.0,138.0,-1.43,6501.0,395.0,295.0
JBBL,6/12/2018,140.0,140.0,136.0,138.0,0.0,1384.0,395.0,295.0
JBBL,6/13/2018,136.0,140.0,136.0,137.0,-0.72,5430.0,395.0,295.0
JBBL,6/14/2018,137.0,141.0,137.0,138.0,0.73,3295.0,395.0,295.0
JBBL,6/17/2018,137.0,139.0,136.0,138.0,0.0,1182.0,395.0,295.0
JBBL,6/18/2018,138.0,138.0,134.0,138.0,0.0,3368.0,395.0,295.0
JBBL,6/19/2018,137.0,139.0,136.0,137.0,-0.72,3015.0,395.0,295.0
JBBL,6/20/2018,137.0,137.0,135.0,135.0,-1.46,3454.0,395.0,295.0
JBBL,6/21/2018,134.0,139.0,134.0,136.0,0.74,2291.0,395.0,295.0
JBBL,6/24/2018,134.0,138.0,134.0,136.0,0.0,497.0,395.0,295.0
JBBL,6/25/2018,136.0,136.0,134.0,136.0,0.0,1841.0,395.0,295.0
JBBL,6/26/2018,136.0,138.0,135.0,135.0,-0.74,1963.0,395.0,295.0
JBBL,6/27/2018,134.0,136.0,134.0,136.0,0.74,1784.0,395.0,295.0
JBBL,6/28/2018,134.0,136.0,134.0,135.0,-0.74,1793.0,395.0,295.0
JBBL,7/1/2018,133.0,136.0,133.0,135.0,0.0,908.0,395.0,295.0
JBBL,7/2/2018,136.0,136.0,132.0,134.0,-0.74,77238.0,395.0,295.0
JBBL,7/3/2018,134.0,138.0,134.0,136.0,1.49,2893.0,395.0,295.0
JBBL,7/4/2018,135.0,139.0,135.0,136.0,0.0,5421.0,395.0,295.0
JBBL,7/5/2018,137.0,144.0,137.0,142.0,4.41,8845.0,395.0,295.0
JBBL,7/8/2018,142.0,144.0,140.0,144.0,1.41,6193.0,395.0,295.0
JBBL,7/9/2018,142.0,142.0,138.0,140.0,-2.78,3658.0,395.0,295.0
JBBL,7/10/2018,141.0,144.0,139.0,139.0,-0.71,1833.0,395.0,295.0
JBBL,7/11/2018,140.0,140.0,136.0,139.0,0.0,861.0,395.0,295.0
JBBL,7/12/2018,139.0,139.0,135.0,136.0,-2.16,5756.0,395.0,295.0
JBBL,7/15/2018,138.0,138.0,135.0,136.0,0.0,2944.0,395.0,295.0
JBBL,7/16/2018,136.0,141.0,135.0,141.0,3.68,1720.0,395.0,295.0
JBBL,7/17/2018,140.0,140.0,140.0,140.0,-0.71,480.0,395.0,295.0
JBBL,7/18/2018,141.0,143.0,139.0,139.0,-0.71,630.0,395.0,295.0
JBBL,7/19/2018,138.0,142.0,137.0,142.0,2.16,1573.0,395.0,295.0
JBBL,7/22/2018,141.0,143.0,139.0,139.0,-2.11,1021.0,395.0,295.0
JBBL,7/23/2018,137.0,140.0,137.0,140.0,0.72,1289.0,395.0,295.0
JBBL,7/24/2018,140.0,142.0,140.0,140.0,0.0,5261.0,395.0,295.0
JBBL,7/25/2018,140.0,141.0,138.0,138.0,-1.43,413.0,395.0,295.0
JBBL,7/26/2018,139.0,140.0,138.0,140.0,1.45,3545.0,395.0,295.0
JBBL,7/29/2018,141.0,143.0,141.0,143.0,2.14,13558.0,395.0,295.0
JBBL,7/30/2018,142.0,142.0,140.0,140.0,-2.1,2553.0,395.0,295.0
JBBL,7/31/2018,141.0,143.0,139.0,141.0,0.71,3359.0,395.0,295.0
JBBL,8/1/2018,140.0,141.0,139.0,140.0,-0.71,2149.0,395.0,295.0
JBBL,8/2/2018,141.0,141.0,138.0,138.0,-1.43,3280.0,395.0,295.0
JBBL,8/5/2018,138.0,139.0,138.0,139.0,0.72,1111.0,395.0,295.0
JBBL,8/6/2018,140.0,140.0,137.0,138.0,-0.72,1020.0,395.0,295.0
JBBL,8/7/2018,138.0,138.0,137.0,138.0,0.0,1401.0,395.0,295.0
JBBL,8/8/2018,139.0,140.0,136.0,136.0,-1.45,5325.0,395.0,295.0
JBBL,8/9/2018,135.0,138.0,135.0,137.0,0.74,2481.0,395.0,295.0
JBBL,8/12/2018,137.0,137.0,135.0,136.0,-0.73,5539.0,395.0,295.0
JBBL,8/13/2018,134.0,139.0,134.0,139.0,2.21,2749.0,395.0,295.0
JBBL,8/14/2018,138.0,139.0,138.0,138.0,-0.72,4247.0,395.0,295.0
JBBL,8/15/2018,138.0,145.0,137.0,145.0,5.07,2992.0,395.0,295.0
JBBL,8/16/2018,143.0,148.0,143.0,148.0,2.07,29153.0,395.0,295.0
JBBL,8/19/2018,148.0,148.0,144.0,145.0,-2.03,9953.0,395.0,295.0
JBBL,8/20/2018,143.0,146.0,142.0,145.0,0.0,5236.0,395.0,295.0
JBBL,8/21/2018,143.0,146.0,143.0,144.0,-0.69,2219.0,395.0,295.0
JBBL,8/22/2018,144.0,145.0,144.0,144.0,0.0,2553.0,395.0,295.0
JBBL,8/23/2018,143.0,144.0,142.0,144.0,0.0,3225.0,395.0,295.0
JBBL,8/26/2018,142.0,143.0,140.0,141.0,-2.08,4515.0,395.0,295.0
JBBL,8/28/2018,141.0,141.0,140.0,141.0,0.0,2663.0,395.0,295.0
JBBL,8/29/2018,139.0,141.0,138.0,140.0,-0.71,2186.0,395.0,295.0
JBBL,8/30/2018,140.0,140.0,139.0,140.0,0.0,1223.0,395.0,295.0
JBBL,9/2/2018,138.0,142.0,137.0,142.0,1.43,7787.0,395.0,295.0
JBBL,9/3/2018,144.0,146.0,141.0,143.0,0.7,7261.0,395.0,295.0
JBBL,9/4/2018,143.0,144.0,142.0,142.0,-0.7,9907.0,395.0,295.0
JBBL,9/5/2018,143.0,149.0,141.0,146.0,2.82,23504.0,395.0,295.0
JBBL,9/6/2018,148.0,148.0,145.0,145.0,-0.68,9990.0,395.0,295.0
JBBL,9/9/2018,144.0,144.0,142.0,144.0,-0.69,3177.0,395.0,295.0
JBBL,9/10/2018,146.0,146.0,136.0,138.0,-4.17,11475.0,395.0,295.0
JBBL,9/11/2018,138.0,142.0,138.0,141.0,2.17,17179.0,395.0,295.0
JBBL,9/12/2018,141.0,141.0,139.0,141.0,0.0,8559.0,395.0,295.0
JBBL,9/13/2018,143.0,144.0,140.0,140.0,-0.71,11546.0,395.0,295.0
JBBL,9/16/2018,142.0,150.0,142.0,145.0,3.57,25072.0,395.0,295.0
JBBL,9/17/2018,145.0,147.0,144.0,145.0,0.0,7760.0,395.0,295.0
JBBL,9/18/2018,145.0,147.0,144.0,144.0,-0.69,7352.0,395.0,295.0
JBBL,9/20/2018,145.0,148.0,144.0,146.0,1.39,9174.0,395.0,295.0
JBBL,9/23/2018,146.0,148.0,142.0,145.0,-0.68,15538.0,395.0,295.0
JBBL,9/25/2018,147.0,154.0,147.0,152.0,4.83,31071.0,395.0,295.0
JBBL,9/26/2018,151.0,152.0,147.0,150.0,-1.32,17917.0,395.0,295.0
JBBL,9/27/2018,148.0,151.0,148.0,148.0,-1.33,9059.0,395.0,295.0
JBBL,9/30/2018,147.0,150.0,146.0,149.0,0.68,28310.0,395.0,295.0
JBBL,10/1/2018,148.0,148.0,139.0,140.0,-6.04,9598.0,395.0,295.0
JBBL,10/2/2018,140.0,142.0,139.0,139.0,-0.71,26615.0,395.0,295.0
JBBL,10/3/2018,139.0,139.0,138.0,138.0,-0.72,14098.0,395.0,295.0
JBBL,10/4/2018,137.0,139.0,136.0,138.0,0.0,4859.0,395.0,295.0
JBBL,10/7/2018,137.0,138.0,136.0,138.0,0.0,10663.0,395.0,295.0
JBBL,10/8/2018,138.0,139.0,137.0,139.0,0.72,9005.0,395.0,295.0
JBBL,10/9/2018,141.0,141.0,138.0,140.0,0.72,6308.0,395.0,295.0
JBBL,10/10/2018,140.0,141.0,138.0,139.0,-0.71,3256.0,395.0,295.0
JBBL,10/11/2018,138.0,140.0,138.0,138.0,-0.72,1732.0,395.0,295.0
JBBL,10/14/2018,139.0,142.0,138.0,142.0,2.9,3201.0,395.0,295.0
JBBL,10/15/2018,140.0,143.0,140.0,141.0,-0.7,6161.0,395.0,295.0
JBBL,10/21/2018,142.0,142.0,140.0,140.0,-0.71,246.0,395.0,295.0
JBBL,10/22/2018,140.0,141.0,138.0,140.0,0.0,2425.0,395.0,295.0
JBBL,10/23/2018,138.0,140.0,138.0,140.0,0.0,2052.0,395.0,295.0
JBBL,10/24/2018,140.0,141.0,138.0,138.0,-1.43,1467.0,395.0,295.0
JBBL,10/25/2018,138.0,141.0,138.0,140.0,1.45,5526.0,395.0,295.0
JBBL,10/28/2018,138.0,138.0,136.0,138.0,-1.43,1006.0,395.0,295.0
JBBL,10/29/2018,137.0,139.0,136.0,139.0,0.72,2421.0,395.0,295.0
JBBL,10/30/2018,138.0,138.0,137.0,137.0,-1.44,887.0,395.0,295.0
JBBL,10/31/2018,137.0,138.0,135.0,138.0,0.73,4331.0,395.0,295.0
JBBL,11/1/2018,138.0,140.0,136.0,139.0,0.72,12465.0,395.0,295.0
JBBL,11/4/2018,137.0,137.0,134.0,136.0,-2.16,2863.0,395.0,295.0
JBBL,11/5/2018,136.0,137.0,136.0,136.0,0.0,1752.0,395.0,295.0
JBBL,11/11/2018,136.0,138.0,136.0,138.0,1.47,2009.0,395.0,295.0
JBBL,11/12/2018,138.0,138.0,136.0,136.0,-1.45,3358.0,395.0,295.0
JBBL,11/13/2018,136.0,142.0,136.0,140.0,2.94,1640.0,395.0,295.0
JBBL,11/14/2018,140.0,140.0,137.0,138.0,-1.43,1315.0,395.0,295.0
JBBL,11/15/2018,140.0,140.0,138.0,138.0,0.0,540.0,395.0,295.0
JBBL,11/18/2018,140.0,140.0,136.0,138.0,0.0,1070.0,395.0,295.0
JBBL,11/19/2018,138.0,139.0,135.0,137.0,-0.72,3958.0,395.0,295.0
JBBL,11/20/2018,137.0,137.0,136.0,136.0,-0.73,3011.0,395.0,295.0
JBBL,11/21/2018,138.0,140.0,137.0,137.0,0.74,1562.0,395.0,295.0
JBBL,11/22/2018,135.0,138.0,135.0,138.0,0.73,1096.0,395.0,295.0
JBBL,11/25/2018,136.0,137.0,134.0,137.0,-0.72,2472.0,395.0,295.0
JBBL,11/26/2018,137.0,137.0,134.0,134.0,-2.19,2042.0,395.0,295.0
JBBL,11/27/2018,136.0,138.0,134.0,137.0,2.24,5032.0,395.0,295.0
JBBL,11/28/2018,135.0,137.0,135.0,136.0,-0.73,1952.0,395.0,295.0
JBBL,11/29/2018,134.0,136.0,134.0,134.0,-1.47,480.0,395.0,295.0
JBBL,12/2/2018,132.0,136.0,132.0,136.0,1.49,6709.0,395.0,295.0
JBBL,12/3/2018,134.0,136.0,133.0,136.0,0.0,3194.0,395.0,295.0
JBBL,12/4/2018,135.0,137.0,133.0,135.0,-0.74,2150.0,395.0,295.0
JBBL,12/5/2018,133.0,135.0,132.0,132.0,-2.22,7470.0,395.0,295.0
JBBL,12/6/2018,131.0,134.0,131.0,134.0,1.52,6436.0,395.0,295.0
JBBL,12/9/2018,133.0,135.0,133.0,135.0,0.75,6109.0,395.0,295.0
JBBL,12/10/2018,137.0,139.0,134.0,135.0,0.0,1747.0,395.0,295.0
JBBL,12/11/2018,135.0,136.0,133.0,133.0,-1.48,3364.0,395.0,295.0
JBBL,12/12/2018,134.0,138.0,134.0,134.0,0.75,903.0,395.0,295.0
JBBL,12/13/2018,134.0,135.0,133.0,135.0,0.75,2710.0,395.0,295.0
JBBL,12/16/2018,136.0,138.0,135.0,137.0,1.48,5159.0,395.0,295.0
JBBL,12/17/2018,138.0,138.0,138.0,138.0,0.73,824.0,395.0,295.0
JBBL,12/18/2018,137.0,138.0,135.0,135.0,-2.17,642.0,395.0,295.0
JBBL,12/19/2018,136.0,137.0,133.0,133.0,-1.48,3041.0,395.0,295.0
JBBL,12/20/2018,135.0,136.0,134.0,134.0,0.75,3619.0,395.0,295.0
JBBL,12/23/2018,136.0,140.0,136.0,138.0,2.99,7645.0,395.0,295.0
JBBL,12/24/2018,138.0,139.0,137.0,139.0,0.72,5469.0,395.0,295.0
JBBL,12/25/2018,137.0,138.0,135.0,136.0,-2.16,3306.0,395.0,295.0
JBBL,12/26/2018,136.0,142.0,136.0,140.0,2.94,7260.0,395.0,295.0
JBBL,12/27/2018,141.0,142.0,137.0,139.0,-0.71,14082.0,395.0,295.0
JBBL,12/30/2018,138.0,138.0,135.0,138.0,-0.72,3961.0,395.0,295.0
JBBL,12/31/2018,136.0,136.0,132.0,135.0,-2.17,6608.0,395.0,295.0
JBBL,1/1/2019,135.0,137.0,134.0,134.0,-0.74,1721.0,395.0,295.0
JBBL,1/2/2019,134.0,134.0,134.0,134.0,0.0,635.0,395.0,295.0
JBBL,1/3/2019,135.0,136.0,135.0,136.0,1.49,4663.0,395.0,295.0
JBBL,1/6/2019,136.0,138.0,134.0,138.0,1.47,3731.0,395.0,295.0
JBBL,1/7/2019,140.0,140.0,136.0,138.0,0.0,1294.0,395.0,295.0
JBBL,1/8/2019,136.0,140.0,136.0,138.0,0.0,4662.0,395.0,295.0
JBBL,1/9/2019,138.0,140.0,136.0,140.0,1.45,3619.0,395.0,295.0
JBBL,1/10/2019,139.0,141.0,136.0,138.0,-1.43,7527.0,395.0,295.0
JBBL,1/13/2019,136.0,139.0,136.0,137.0,-0.72,2199.0,395.0,295.0
JBBL,1/14/2019,138.0,138.0,137.0,138.0,0.73,1237.0,395.0,295.0
JBBL,1/15/2019,138.0,141.0,137.0,141.0,2.17,6529.0,395.0,295.0
JBBL,1/16/2019,139.0,140.0,139.0,139.0,-1.42,1810.0,395.0,295.0
JBBL,1/17/2019,139.0,139.0,137.0,139.0,0.0,579.0,395.0,295.0
JBBL,1/20/2019,137.0,140.0,136.0,140.0,0.72,3297.0,395.0,295.0
JBBL,1/21/2019,138.0,138.0,136.0,136.0,-2.86,842.0,395.0,295.0
JBBL,1/22/2019,136.0,137.0,136.0,137.0,0.74,2047.0,395.0,295.0
JBBL,1/23/2019,136.0,141.0,136.0,141.0,2.92,12521.0,395.0,295.0
JBBL,1/24/2019,142.0,142.0,138.0,141.0,0.0,10398.0,395.0,295.0
JBBL,1/27/2019,141.0,142.0,137.0,139.0,-1.42,8534.0,395.0,295.0
JBBL,1/28/2019,139.0,142.0,137.0,142.0,2.16,7393.0,395.0,295.0
JBBL,1/29/2019,140.0,140.0,136.0,140.0,-1.41,5091.0,395.0,295.0
JBBL,1/30/2019,138.0,139.0,137.0,137.0,-2.14,2366.0,395.0,295.0
JBBL,1/31/2019,136.0,140.0,136.0,140.0,2.19,4929.0,395.0,295.0
JBBL,2/3/2019,136.0,139.0,136.0,139.0,-0.71,3272.0,395.0,295.0
JBBL,2/4/2019,138.0,139.0,137.0,138.0,-0.72,3359.0,395.0,295.0
JBBL,2/5/2019,138.0,140.0,137.0,137.0,-0.72,1043.0,395.0,295.0
JBBL,2/6/2019,137.0,138.0,135.0,137.0,0.0,5572.0,395.0,295.0
JBBL,2/7/2019,136.0,138.0,136.0,138.0,0.73,1129.0,395.0,295.0
JBBL,2/10/2019,139.0,139.0,135.0,135.0,-2.17,3882.0,395.0,295.0
JBBL,2/11/2019,136.0,138.0,135.0,136.0,0.74,4049.0,395.0,295.0
JBBL,2/12/2019,136.0,137.0,135.0,136.0,0.0,1188.0,395.0,295.0
JBBL,2/13/2019,136.0,137.0,135.0,136.0,0.0,3972.0,395.0,295.0
JBBL,2/14/2019,136.0,139.0,134.0,137.0,0.74,2713.0,395.0,295.0
JBBL,2/17/2019,137.0,137.0,134.0,136.0,-0.73,3186.0,395.0,295.0
JBBL,2/18/2019,135.0,137.0,133.0,137.0,0.74,3582.0,395.0,295.0
JBBL,2/19/2019,135.0,139.0,133.0,139.0,1.46,2421.0,395.0,295.0
JBBL,2/20/2019,137.0,138.0,136.0,137.0,-1.44,806.0,395.0,295.0
JBBL,2/21/2019,136.0,137.0,135.0,136.0,-0.73,4309.0,395.0,295.0
JBBL,2/24/2019,134.0,135.0,134.0,134.0,-1.47,3051.0,395.0,295.0
JBBL,2/25/2019,135.0,135.0,134.0,134.0,0.0,2697.0,395.0,295.0
JBBL,2/26/2019,134.0,134.0,133.0,134.0,0.0,371.0,395.0,295.0
JBBL,2/27/2019,133.0,135.0,133.0,134.0,0.0,1894.0,395.0,295.0
JBBL,3/3/2019,134.0,136.0,133.0,134.0,0.0,4395.0,395.0,295.0
JBBL,3/5/2019,134.0,134.0,133.0,133.0,-0.75,3002.0,395.0,295.0
JBBL,3/6/2019,133.0,135.0,133.0,135.0,1.5,1327.0,395.0,295.0
JBBL,3/7/2019,135.0,135.0,133.0,135.0,0.0,3312.0,395.0,295.0
JBBL,3/10/2019,135.0,138.0,134.0,138.0,2.22,2187.0,395.0,295.0
JBBL,3/11/2019,137.0,140.0,137.0,140.0,1.45,21652.0,395.0,295.0
JBBL,3/12/2019,140.0,142.0,138.0,142.0,1.43,15550.0,395.0,295.0
JBBL,3/13/2019,140.0,142.0,139.0,139.0,-2.11,4257.0,395.0,295.0
JBBL,3/14/2019,139.0,141.0,138.0,141.0,1.44,3052.0,395.0,295.0
JBBL,3/17/2019,139.0,142.0,139.0,141.0,0.0,5593.0,395.0,295.0
JBBL,3/18/2019,141.0,141.0,139.0,139.0,-1.42,1944.0,395.0,295.0
JBBL,3/19/2019,137.0,139.0,137.0,137.0,-1.44,2610.0,395.0,295.0
JBBL,3/21/2019,137.0,138.0,136.0,137.0,0.0,1737.0,395.0,295.0
JBBL,3/24/2019,136.0,137.0,136.0,137.0,0.0,797.0,395.0,295.0
JBBL,3/25/2019,136.0,137.0,134.0,136.0,-0.73,13673.0,395.0,295.0
JBBL,3/26/2019,136.0,136.0,134.0,135.0,-0.74,9003.0,395.0,295.0
JBBL,3/27/2019,135.0,137.0,135.0,137.0,1.48,594.0,395.0,295.0
JBBL,3/28/2019,135.0,137.0,135.0,136.0,-0.73,3897.0,395.0,295.0
JBBL,3/31/2019,136.0,136.0,135.0,135.0,-0.74,3007.0,395.0,295.0
JBBL,4/1/2019,136.0,137.0,135.0,137.0,1.48,2535.0,395.0,295.0
JBBL,4/2/2019,139.0,140.0,136.0,136.0,-0.73,2149.0,395.0,295.0
JBBL,4/3/2019,136.0,139.0,136.0,138.0,1.47,3693.0,395.0,295.0
JBBL,4/4/2019,136.0,139.0,136.0,136.0,-1.45,13687.0,395.0,295.0
JBBL,4/7/2019,137.0,140.0,137.0,140.0,2.94,7571.0,395.0,295.0
JBBL,4/8/2019,142.0,145.0,140.0,141.0,0.71,21204.0,395.0,295.0
JBBL,4/9/2019,140.0,142.0,139.0,141.0,0.0,12202.0,395.0,295.0
JBBL,4/10/2019,141.0,141.0,137.0,141.0,0.0,14583.0,395.0,295.0
JBBL,4/11/2019,141.0,142.0,140.0,140.0,-0.71,6456.0,395.0,295.0
JBBL,4/15/2019,140.0,142.0,137.0,138.0,-1.43,1961.0,395.0,295.0
JBBL,4/16/2019,138.0,140.0,138.0,140.0,1.45,10705.0,395.0,295.0
JBBL,4/17/2019,141.0,143.0,138.0,141.0,0.71,9736.0,395.0,295.0
JBBL,4/18/2019,139.0,141.0,138.0,139.0,-1.42,5468.0,395.0,295.0
JBBL,4/21/2019,139.0,146.0,136.0,140.0,0.72,18829.0,395.0,295.0
JBBL,4/22/2019,145.0,145.0,139.0,139.0,-0.71,9929.0,395.0,295.0
JBBL,4/23/2019,139.0,141.0,138.0,138.0,-0.72,31501.0,395.0,295.0
JBBL,4/24/2019,137.0,147.0,136.0,145.0,5.07,35438.0,395.0,295.0
JBBL,4/25/2019,145.0,147.0,143.0,147.0,1.38,36553.0,395.0,295.0
JBBL,4/28/2019,149.0,150.0,143.0,147.0,0.0,34852.0,395.0,295.0
JBBL,4/29/2019,149.0,149.0,143.0,145.0,-1.36,11909.0,395.0,295.0
JBBL,4/30/2019,144.0,145.0,142.0,145.0,0.0,4889.0,395.0,295.0
JBBL,5/2/2019,143.0,145.0,141.0,142.0,-2.07,5470.0,395.0,295.0
JBBL,5/5/2019,140.0,142.0,138.0,140.0,-1.41,3901.0,395.0,295.0
JBBL,5/6/2019,141.0,142.0,138.0,142.0,1.43,5398.0,395.0,295.0
JBBL,5/7/2019,142.0,146.0,142.0,143.0,0.7,14582.0,395.0,295.0
JBBL,5/8/2019,144.0,144.0,141.0,142.0,-0.7,2137.0,395.0,295.0
JBBL,5/9/2019,142.0,142.0,140.0,141.0,-0.7,4648.0,395.0,295.0
JBBL,5/12/2019,139.0,141.0,139.0,141.0,0.0,6549.0,395.0,295.0
JBBL,5/13/2019,140.0,142.0,139.0,141.0,0.0,7009.0,395.0,295.0
JBBL,5/14/2019,142.0,144.0,141.0,143.0,1.42,8974.0,395.0,295.0
JBBL,5/15/2019,141.0,147.0,141.0,146.0,2.1,63748.0,395.0,295.0
JBBL,5/16/2019,146.0,153.0,145.0,153.0,4.79,99994.0,395.0,295.0
JBBL,5/19/2019,153.0,155.0,149.0,150.0,-1.96,39772.0,395.0,295.0
JBBL,5/20/2019,152.0,154.0,149.0,150.0,0.0,46351.0,395.0,295.0
JBBL,5/21/2019,148.0,150.0,148.0,148.0,-1.33,23674.0,395.0,295.0
JBBL,5/22/2019,150.0,153.0,148.0,151.0,2.03,33187.0,395.0,295.0
JBBL,5/23/2019,151.0,155.0,149.0,155.0,2.65,29405.0,395.0,295.0
JBBL,5/26/2019,155.0,155.0,152.0,154.0,-0.65,34805.0,395.0,295.0
JBBL,5/27/2019,151.0,152.0,148.0,150.0,-2.6,9759.0,395.0,295.0
JBBL,5/28/2019,150.0,165.0,150.0,165.0,10.0,163926.0,395.0,295.0
JBBL,5/29/2019,165.0,167.0,157.0,158.0,-4.24,76321.0,395.0,295.0
JBBL,5/30/2019,161.0,167.0,154.0,154.0,-2.53,38363.0,395.0,295.0
JBBL,6/2/2019,154.0,160.0,153.0,156.0,1.3,32872.0,395.0,295.0
JBBL,6/3/2019,156.0,156.0,152.0,154.0,-1.28,14667.0,395.0,295.0
JBBL,6/4/2019,154.0,154.0,152.0,152.0,-1.3,11668.0,395.0,295.0
JBBL,6/6/2019,152.0,156.0,151.0,154.0,1.32,15413.0,395.0,295.0
JBBL,6/10/2019,157.0,159.0,156.0,158.0,2.6,42881.0,395.0,295.0
JBBL,6/11/2019,159.0,160.0,157.0,158.0,0.0,18403.0,395.0,295.0
JBBL,6/12/2019,157.0,160.0,156.0,159.0,0.63,9513.0,395.0,295.0
JBBL,6/13/2019,159.0,159.0,157.0,157.0,-1.26,11175.0,395.0,295.0
JBBL,6/16/2019,155.0,156.0,154.0,154.0,-1.91,15508.0,395.0,295.0
JBBL,6/17/2019,153.0,156.0,153.0,156.0,1.3,9982.0,395.0,295.0
JBBL,6/18/2019,154.0,160.0,154.0,155.0,-0.64,8130.0,395.0,295.0
JBBL,6/19/2019,155.0,160.0,155.0,157.0,1.29,10715.0,395.0,295.0
JBBL,6/20/2019,159.0,159.0,156.0,157.0,0.0,6588.0,395.0,295.0
JBBL,6/23/2019,156.0,157.0,154.0,154.0,-1.91,6380.0,395.0,295.0
JBBL,6/24/2019,155.0,157.0,154.0,156.0,1.3,7426.0,395.0,295.0
JBBL,6/25/2019,155.0,157.0,155.0,156.0,0.0,2797.0,395.0,295.0
JBBL,6/26/2019,154.0,157.0,154.0,156.0,0.0,6768.0,395.0,295.0
JBBL,6/27/2019,156.0,157.0,155.0,155.0,-0.64,11076.0,395.0,295.0
JBBL,6/30/2019,155.0,155.0,154.0,154.0,-0.65,6355.0,395.0,295.0
JBBL,7/1/2019,153.0,155.0,153.0,155.0,0.65,6769.0,395.0,295.0
JBBL,7/2/2019,154.0,156.0,154.0,155.0,0.0,5949.0,395.0,295.0
JBBL,7/3/2019,155.0,159.0,155.0,158.0,1.94,8458.0,395.0,295.0
JBBL,7/4/2019,159.0,160.0,155.0,157.0,-0.63,26298.0,395.0,295.0
JBBL,7/7/2019,155.0,159.0,155.0,158.0,0.64,20468.0,395.0,295.0
JBBL,7/8/2019,157.0,159.0,157.0,158.0,0.0,20037.0,395.0,295.0
JBBL,7/9/2019,158.0,164.0,157.0,162.0,2.53,44539.0,395.0,295.0
JBBL,7/10/2019,161.0,163.0,160.0,161.0,-0.62,9424.0,395.0,295.0
JBBL,7/11/2019,161.0,162.0,160.0,161.0,0.0,11997.0,395.0,295.0
JBBL,7/14/2019,159.0,162.0,158.0,162.0,0.62,6882.0,395.0,295.0
JBBL,7/15/2019,161.0,163.0,160.0,163.0,0.62,16159.0,395.0,295.0
JBBL,7/16/2019,171.0,171.0,161.0,163.0,0.0,5731.0,395.0,295.0
JBBL,7/17/2019,161.0,170.0,161.0,170.0,4.29,15420.0,395.0,295.0
JBBL,7/18/2019,167.0,167.0,164.0,165.0,-2.94,5252.0,395.0,295.0
JBBL,7/21/2019,165.0,165.0,163.0,164.0,-0.61,5414.0,395.0,295.0
JBBL,7/22/2019,165.0,167.0,163.0,167.0,1.83,12696.0,395.0,295.0
JBBL,7/23/2019,165.0,167.0,164.0,166.0,-0.6,8186.0,395.0,295.0
JBBL,7/24/2019,168.0,168.0,163.0,166.0,0.0,11788.0,395.0,295.0
JBBL,7/25/2019,164.0,165.0,162.0,165.0,-0.6,18663.0,395.0,295.0
JBBL,7/28/2019,168.0,168.0,158.0,160.0,-3.03,8510.0,395.0,295.0
JBBL,7/29/2019,162.0,163.0,159.0,160.0,0.0,9556.0,395.0,295.0
JBBL,7/30/2019,163.0,163.0,160.0,160.0,0.0,7173.0,395.0,295.0
JBBL,7/31/2019,160.0,162.0,160.0,160.0,0.0,4997.0,395.0,295.0
JBBL,8/1/2019,161.0,163.0,161.0,161.0,0.63,10008.0,395.0,295.0
JBBL,8/4/2019,161.0,161.0,155.0,160.0,-0.62,26065.0,395.0,295.0
JBBL,8/5/2019,157.0,160.0,155.0,157.0,-1.88,7897.0,395.0,295.0
JBBL,8/6/2019,155.0,156.0,153.0,155.0,-1.27,7473.0,395.0,295.0
JBBL,8/7/2019,152.0,158.0,152.0,156.0,0.65,5377.0,395.0,295.0
JBBL,8/8/2019,155.0,157.0,154.0,157.0,0.64,8042.0,395.0,295.0
JBBL,8/11/2019,155.0,157.0,154.0,154.0,-1.91,3066.0,395.0,295.0
JBBL,8/12/2019,155.0,160.0,155.0,159.0,3.25,2818.0,395.0,295.0
JBBL,8/13/2019,159.0,159.0,154.0,154.0,-3.14,3235.0,395.0,295.0
JBBL,8/14/2019,154.0,155.0,153.0,155.0,0.65,5690.0,395.0,295.0
JBBL,8/15/2019,153.0,158.0,153.0,158.0,1.94,10213.0,395.0,295.0
JBBL,8/18/2019,159.0,159.0,155.0,156.0,-1.27,7027.0,395.0,295.0
JBBL,8/19/2019,156.0,161.0,155.0,158.0,1.28,13517.0,395.0,295.0
JBBL,8/20/2019,157.0,157.0,156.0,156.0,-1.27,4779.0,395.0,295.0
JBBL,8/21/2019,159.0,163.0,156.0,157.0,0.64,12363.0,395.0,295.0
JBBL,8/22/2019,159.0,162.0,159.0,162.0,3.18,19703.0,395.0,295.0
JBBL,8/25/2019,164.0,164.0,158.0,164.0,1.23,13661.0,395.0,295.0
JBBL,8/26/2019,161.0,162.0,156.0,161.0,-1.83,16150.0,395.0,295.0
JBBL,8/27/2019,161.0,163.0,161.0,162.0,0.62,27860.0,395.0,295.0
JBBL,8/28/2019,159.0,163.0,159.0,163.0,0.62,8469.0,395.0,295.0
JBBL,8/29/2019,164.0,164.0,160.0,162.0,-0.61,5560.0,395.0,295.0
JBBL,9/1/2019,160.0,164.0,160.0,164.0,1.23,6087.0,395.0,295.0
JBBL,9/2/2019,161.0,161.0,157.0,161.0,-1.83,8408.0,395.0,295.0
JBBL,9/3/2019,159.0,168.0,158.0,166.0,3.11,12320.0,395.0,295.0
JBBL,9/4/2019,163.0,165.0,160.0,163.0,-1.81,6439.0,395.0,295.0
JBBL,9/5/2019,161.0,165.0,160.0,165.0,1.23,4143.0,395.0,295.0
JBBL,9/8/2019,162.0,163.0,159.0,160.0,-3.03,7715.0,395.0,295.0
JBBL,9/9/2019,160.0,161.0,157.0,160.0,0.0,9865.0,395.0,295.0
JBBL,9/10/2019,158.0,160.0,157.0,160.0,0.0,4382.0,395.0,295.0
JBBL,9/11/2019,157.0,160.0,157.0,160.0,0.0,31743.0,395.0,295.0
JBBL,9/12/2019,162.0,162.0,156.0,159.0,-0.62,11347.0,395.0,295.0
JBBL,9/15/2019,158.0,158.0,156.0,157.0,-1.26,3754.0,395.0,295.0
JBBL,9/16/2019,156.0,156.0,153.0,155.0,-1.27,9002.0,395.0,295.0
JBBL,9/17/2019,156.0,161.0,155.0,159.0,2.58,10519.0,395.0,295.0
JBBL,9/18/2019,162.0,162.0,157.0,160.0,0.63,10602.0,395.0,295.0
JBBL,9/19/2019,159.0,161.0,157.0,160.0,0.0,1639.0,395.0,295.0
JBBL,9/22/2019,156.0,157.0,155.0,155.0,-3.12,3967.0,395.0,295.0
JBBL,9/23/2019,155.0,157.0,155.0,155.0,0.0,2210.0,395.0,295.0
JBBL,9/24/2019,154.0,157.0,153.0,156.0,0.65,3898.0,395.0,295.0
JBBL,9/25/2019,155.0,156.0,155.0,155.0,-0.64,2756.0,395.0,295.0
JBBL,9/26/2019,154.0,156.0,154.0,156.0,0.65,4122.0,395.0,295.0
JBBL,9/29/2019,156.0,156.0,154.0,155.0,-0.64,5256.0,395.0,295.0
JBBL,9/30/2019,155.0,157.0,153.0,157.0,1.29,9523.0,395.0,295.0
JBBL,10/1/2019,157.0,158.0,157.0,157.0,0.0,488.0,395.0,295.0
JBBL,10/2/2019,156.0,156.0,156.0,156.0,-0.64,33.0,395.0,295.0
JBBL,10/3/2019,156.0,160.0,156.0,160.0,2.56,2378.0,395.0,295.0
JBBL,10/10/2019,160.0,160.0,157.0,160.0,0.0,380.0,395.0,295.0
JBBL,10/14/2019,160.0,160.0,158.0,158.0,-1.25,3260.0,395.0,295.0
JBBL,10/15/2019,160.0,161.0,159.0,161.0,1.9,556.0,395.0,295.0
JBBL,10/16/2019,161.0,162.0,159.0,162.0,0.62,5066.0,395.0,295.0
JBBL,10/17/2019,162.0,162.0,157.0,159.0,-1.85,5109.0,395.0,295.0
JBBL,10/20/2019,159.0,159.0,156.0,157.0,-1.26,1479.0,395.0,295.0
JBBL,10/21/2019,155.0,156.0,155.0,156.0,-0.64,7263.0,395.0,295.0
JBBL,10/22/2019,155.0,157.0,155.0,156.0,0.0,1912.0,395.0,295.0
JBBL,10/23/2019,155.0,160.0,155.0,160.0,2.56,1644.0,395.0,295.0
JBBL,10/24/2019,159.0,160.0,157.0,160.0,0.0,3457.0,395.0,295.0
JBBL,10/31/2019,160.0,160.0,157.0,157.0,-1.88,3079.0,395.0,295.0
JBBL,11/3/2019,160.0,160.0,155.0,156.0,-0.64,4654.0,395.0,295.0
JBBL,11/4/2019,158.0,158.0,155.0,156.0,0.0,5172.0,395.0,295.0
JBBL,11/5/2019,156.0,158.0,156.0,158.0,1.28,2001.0,395.0,295.0
JBBL,11/6/2019,158.0,159.0,156.0,156.0,-1.27,3126.0,395.0,295.0
JBBL,11/7/2019,156.0,159.0,155.0,155.0,-0.64,6937.0,395.0,295.0
JBBL,11/10/2019,158.0,158.0,155.0,155.0,0.0,2861.0,395.0,295.0
JBBL,11/11/2019,158.0,158.0,152.0,158.0,1.94,4923.0,395.0,295.0
JBBL,11/12/2019,156.0,158.0,156.0,156.0,-1.27,515.0,395.0,295.0
JBBL,11/13/2019,155.0,155.0,152.0,154.0,-1.28,782.0,395.0,295.0
JBBL,11/14/2019,156.0,157.0,155.0,155.0,0.65,917.0,395.0,295.0
JBBL,11/17/2019,158.0,161.0,156.0,160.0,3.23,12701.0,395.0,295.0
JBBL,11/18/2019,160.0,162.0,160.0,161.0,0.63,6492.0,395.0,295.0
JBBL,11/19/2019,162.0,163.0,160.0,160.0,-0.62,10028.0,395.0,295.0
JBBL,11/20/2019,162.0,163.0,161.0,162.0,1.25,2027.0,395.0,295.0
JBBL,11/21/2019,162.0,162.0,158.0,159.0,-1.85,5392.0,395.0,295.0
JBBL,11/24/2019,159.0,160.0,158.0,158.0,-0.63,8540.0,395.0,295.0
JBBL,11/25/2019,157.0,160.0,156.0,158.0,0.0,5595.0,395.0,295.0
JBBL,11/26/2019,159.0,159.0,156.0,159.0,0.63,7454.0,395.0,295.0
JBBL,11/27/2019,156.0,158.0,156.0,158.0,-0.63,5603.0,395.0,295.0
JBBL,11/28/2019,157.0,160.0,157.0,158.0,0.0,337.0,395.0,295.0
JBBL,12/1/2019,158.0,159.0,155.0,155.0,-1.9,7495.0,395.0,295.0
JBBL,12/2/2019,158.0,160.0,157.0,157.0,1.29,2057.0,395.0,295.0
JBBL,12/3/2019,157.0,159.0,156.0,157.0,0.0,7904.0,395.0,295.0
JBBL,12/4/2019,155.0,161.0,155.0,161.0,2.55,9360.0,395.0,295.0
JBBL,12/5/2019,164.0,167.0,161.0,164.0,1.86,39528.0,395.0,295.0
JBBL,12/8/2019,163.0,164.0,161.0,164.0,0.0,6179.0,395.0,295.0
JBBL,12/9/2019,164.0,167.0,161.0,165.0,0.61,29172.0,395.0,295.0
JBBL,12/10/2019,165.0,167.0,164.0,167.0,1.21,17076.0,395.0,295.0
JBBL,12/11/2019,167.0,169.0,166.0,169.0,1.2,22083.0,395.0,295.0
JBBL,12/12/2019,170.0,170.0,167.0,169.0,0.0,29030.0,395.0,295.0
JBBL,12/15/2019,170.0,172.0,166.0,169.0,0.0,24266.0,395.0,295.0
JBBL,12/16/2019,172.0,172.0,166.0,167.0,-1.18,2823.0,395.0,295.0
JBBL,12/17/2019,165.0,168.0,164.0,168.0,0.6,3688.0,395.0,295.0
JBBL,12/18/2019,170.0,170.0,167.0,169.0,0.6,5397.0,395.0,295.0
JBBL,12/19/2019,166.0,168.0,166.0,168.0,-0.59,5671.0,395.0,295.0
JBBL,12/22/2019,169.0,170.0,166.0,169.0,0.6,14092.0,395.0,295.0
JBBL,12/23/2019,168.0,172.0,167.0,171.0,1.18,21770.0,395.0,295.0
JBBL,12/24/2019,173.0,173.0,168.0,170.0,-0.58,30002.0,395.0,295.0
JBBL,12/25/2019,169.0,171.0,169.0,170.0,0.0,17778.0,395.0,295.0
JBBL,12/26/2019,169.0,170.0,169.0,169.0,-0.59,21987.0,395.0,295.0
JBBL,12/29/2019,169.0,169.0,167.0,168.0,-0.59,18440.0,395.0,295.0
JBBL,12/30/2019,168.0,168.0,166.0,166.0,-1.19,17582.0,395.0,295.0
JBBL,12/31/2019,166.0,169.0,166.0,169.0,1.81,45573.0,395.0,295.0
JBBL,1/1/2020,149.0,154.0,149.0,152.0,-10.06,7860.0,395.0,295.0
JBBL,1/2/2020,151.0,151.0,149.0,149.0,-1.97,8603.0,395.0,295.0
JBBL,1/5/2020,148.0,153.0,148.0,152.0,2.01,15084.0,395.0,295.0
JBBL,1/6/2020,155.0,155.0,151.0,153.0,0.66,16614.0,395.0,295.0
JBBL,1/7/2020,152.0,156.0,152.0,156.0,1.96,20609.0,395.0,295.0
JBBL,1/8/2020,154.0,159.0,154.0,157.0,0.64,14524.0,395.0,295.0
JBBL,1/9/2020,160.0,160.0,154.0,156.0,-0.64,8685.0,395.0,295.0
JBBL,1/12/2020,155.0,164.0,155.0,164.0,5.13,28371.0,395.0,295.0
JBBL,1/13/2020,165.0,169.0,161.0,162.0,-1.22,39808.0,395.0,295.0
JBBL,1/14/2020,162.0,164.0,161.0,161.0,-0.62,11881.0,395.0,295.0
JBBL,1/15/2020,164.0,166.0,162.0,165.0,2.48,12519.0,395.0,295.0
JBBL,1/16/2020,165.0,175.0,165.0,175.0,6.06,45583.0,395.0,295.0
JBBL,1/19/2020,178.0,189.0,172.0,188.0,7.43,84118.0,395.0,295.0
JBBL,1/20/2020,188.0,188.0,175.0,178.0,-5.32,76826.0,395.0,295.0
JBBL,1/21/2020,178.0,180.0,173.0,178.0,0.0,29625.0,395.0,295.0
JBBL,1/22/2020,179.0,179.0,174.0,175.0,-1.69,13405.0,395.0,295.0
JBBL,1/23/2020,175.0,177.0,171.0,173.0,-1.14,15369.0,395.0,295.0
JBBL,1/26/2020,176.0,176.0,168.0,169.0,-2.31,19169.0,395.0,295.0
JBBL,1/27/2020,168.0,180.0,168.0,180.0,6.51,29967.0,395.0,295.0
JBBL,1/28/2020,180.0,181.0,175.0,180.0,0.0,60971.0,395.0,295.0
JBBL,1/29/2020,180.0,180.0,173.0,178.0,-1.11,24673.0,395.0,295.0
JBBL,1/30/2020,179.0,184.0,176.0,184.0,3.37,28876.0,395.0,295.0
JBBL,2/2/2020,184.0,193.0,184.0,189.0,2.72,135009.0,395.0,295.0
JBBL,2/3/2020,188.0,192.0,187.0,191.0,1.06,67375.0,395.0,295.0
JBBL,2/4/2020,192.0,206.0,189.0,201.0,5.24,220528.0,395.0,295.0
JBBL,2/5/2020,205.0,205.0,194.0,199.0,-1.0,19112.0,395.0,295.0
JBBL,2/6/2020,190.0,197.0,190.0,191.0,-4.02,59969.0,395.0,295.0
JBBL,2/9/2020,189.0,196.0,189.0,190.0,-0.52,43140.0,395.0,295.0
JBBL,2/10/2020,190.0,196.0,188.0,192.0,1.05,26320.0,395.0,295.0
JBBL,2/11/2020,195.0,196.0,191.0,195.0,1.56,28513.0,395.0,295.0
JBBL,2/12/2020,194.0,195.0,186.0,189.0,-3.08,84412.0,395.0,295.0
JBBL,2/13/2020,189.0,190.0,186.0,188.0,-0.53,30571.0,395.0,295.0
JBBL,2/16/2020,187.0,190.0,186.0,189.0,0.53,21928.0,395.0,295.0
JBBL,2/17/2020,190.0,195.0,189.0,194.0,2.65,28033.0,395.0,295.0
JBBL,2/18/2020,197.0,197.0,190.0,191.0,-1.55,18916.0,395.0,295.0
JBBL,2/19/2020,191.0,194.0,190.0,192.0,0.52,18685.0,395.0,295.0
JBBL,2/20/2020,191.0,192.0,189.0,192.0,0.0,30726.0,395.0,295.0
JBBL,2/23/2020,194.0,211.0,193.0,200.0,4.17,72821.0,395.0,295.0
JBBL,2/24/2020,204.0,205.0,195.0,195.0,-2.5,47809.0,395.0,295.0
JBBL,2/25/2020,193.0,204.0,192.0,204.0,4.62,68317.0,395.0,295.0
JBBL,2/26/2020,204.0,214.0,200.0,204.0,0.0,63094.0,395.0,295.0
JBBL,2/27/2020,200.0,218.0,199.0,214.0,4.9,122411.0,395.0,295.0
JBBL,3/1/2020,218.0,222.0,206.0,206.0,-3.74,74230.0,395.0,295.0
JBBL,3/2/2020,202.0,207.0,198.0,198.0,-3.88,36422.0,395.0,295.0
JBBL,3/3/2020,195.0,205.0,192.0,198.0,0.0,68993.0,395.0,295.0
JBBL,3/4/2020,198.0,200.0,189.0,191.0,-3.54,61137.0,395.0,295.0
JBBL,3/5/2020,188.0,194.0,185.0,189.0,-1.05,39548.0,395.0,295.0
JBBL,3/10/2020,186.0,186.0,180.0,180.0,-4.76,25687.0,395.0,295.0
JBBL,3/11/2020,180.0,190.0,179.0,190.0,5.56,49077.0,395.0,295.0
JBBL,3/12/2020,193.0,193.0,181.0,184.0,-3.16,24416.0,395.0,295.0
JBBL,3/15/2020,182.0,183.0,174.0,176.0,-4.35,43685.0,395.0,295.0
JBBL,3/16/2020,175.0,184.0,173.0,178.0,1.14,18392.0,395.0,295.0
JBBL,3/17/2020,175.0,175.0,167.0,170.0,-4.49,46373.0,395.0,295.0
JBBL,3/18/2020,167.0,175.0,159.0,175.0,2.94,28036.0,395.0,295.0
JBBL,3/19/2020,172.0,184.0,167.0,170.0,-2.86,35290.0,395.0,295.0
JBBL,3/22/2020,167.0,167.0,166.0,166.0,-2.35,322.0,395.0,295.0
JBBL,6/29/2020,163.0,163.0,157.0,157.0,-5.42,6431.0,395.0,295.0
JBBL,6/30/2020,159.0,165.0,159.0,165.0,5.1,3922.0,395.0,295.0
JBBL,7/1/2020,168.0,179.0,168.0,179.0,8.48,1521.0,395.0,295.0
JBBL,7/2/2020,177.0,177.0,167.0,167.0,-6.7,922.0,395.0,295.0
JBBL,7/5/2020,168.0,168.0,160.0,160.0,-4.19,31072.0,395.0,295.0
JBBL,7/6/2020,160.0,165.0,158.0,163.0,1.88,7721.0,395.0,295.0
JBBL,7/7/2020,166.0,172.0,161.0,168.0,3.07,25713.0,395.0,295.0
JBBL,7/8/2020,170.0,170.0,163.0,168.0,0.0,14130.0,395.0,295.0
JBBL,7/9/2020,167.0,167.0,161.0,166.0,-1.19,7318.0,395.0,295.0
JBBL,7/12/2020,165.0,167.0,162.0,165.0,-0.6,19115.0,395.0,295.0
JBBL,7/13/2020,165.0,168.0,165.0,166.0,0.61,8781.0,395.0,295.0
JBBL,7/14/2020,163.0,167.0,163.0,166.0,0.0,10578.0,395.0,295.0
JBBL,7/15/2020,165.0,167.0,162.0,166.0,0.0,15591.0,395.0,295.0
JBBL,7/16/2020,169.0,173.0,169.0,171.0,3.01,22776.0,395.0,295.0
JBBL,7/19/2020,174.0,188.0,174.0,188.0,9.94,60.0,395.0,295.0
JBBL,7/20/2020,197.0,206.0,174.0,184.0,-2.13,73677.0,395.0,295.0
JBBL,7/21/2020,184.0,186.0,181.0,181.0,-1.63,38542.0,395.0,295.0
JBBL,7/22/2020,179.0,183.0,179.0,183.0,1.1,15312.0,395.0,295.0
JBBL,7/23/2020,181.0,182.0,177.0,181.0,-1.09,21636.0,395.0,295.0
JBBL,7/26/2020,184.0,188.0,178.0,185.0,2.21,46197.0,395.0,295.0
JBBL,7/27/2020,188.0,188.0,180.0,183.0,-1.08,21184.0,395.0,295.0
JBBL,7/28/2020,174.0,185.0,174.0,184.0,0.55,11389.0,395.0,295.0
JBBL,7/29/2020,181.0,181.0,178.0,180.0,-2.17,17253.0,395.0,295.0
JBBL,7/30/2020,180.0,181.0,176.0,179.0,-0.56,13591.0,395.0,295.0
JBBL,8/2/2020,182.0,182.0,170.0,172.0,-3.91,27735.0,395.0,295.0
JBBL,8/3/2020,172.0,175.0,167.0,172.0,0.0,12235.0,395.0,295.0
JBBL,8/5/2020,172.0,172.0,167.0,168.0,-2.33,35527.0,395.0,295.0
JBBL,8/6/2020,168.0,172.0,167.0,171.0,1.79,11512.0,395.0,295.0
JBBL,8/9/2020,169.0,172.0,167.0,170.0,-0.58,13575.0,395.0,295.0
JBBL,8/10/2020,170.0,178.0,170.0,178.0,4.71,27111.0,395.0,295.0
JBBL,8/11/2020,179.0,179.0,173.0,175.0,-1.69,11103.0,395.0,295.0
JBBL,8/12/2020,172.0,174.0,169.0,173.0,-1.14,15656.0,395.0,295.0
JBBL,8/13/2020,172.0,175.0,172.0,172.0,-0.58,18372.0,395.0,295.0
JBBL,8/16/2020,170.0,172.0,166.0,170.0,-1.16,11136.0,395.0,295.0
JBBL,8/17/2020,169.0,170.0,167.0,170.0,0.0,11068.0,395.0,295.0
JBBL,8/18/2020,170.0,172.0,168.0,169.0,-0.59,6642.0,395.0,295.0
JBBL,8/19/2020,167.0,171.0,167.0,168.0,-0.59,13281.0,395.0,295.0
JBBL,8/20/2020,168.0,170.0,167.0,170.0,1.19,2926.0,395.0,295.0
JBBL,8/23/2020,168.0,170.0,168.0,169.0,-0.59,6959.0,395.0,295.0
JBBL,8/24/2020,167.0,172.0,167.0,170.0,0.59,18696.0,395.0,295.0
JBBL,8/25/2020,172.0,172.0,169.0,170.0,0.0,13233.0,395.0,295.0
JBBL,8/26/2020,170.0,175.0,168.0,175.0,2.94,20041.0,395.0,295.0
JBBL,8/27/2020,177.0,177.0,171.0,175.0,0.0,21993.0,395.0,295.0
JBBL,8/30/2020,172.0,175.0,169.0,175.0,0.0,10216.0,395.0,295.0
JBBL,8/31/2020,176.0,177.0,170.0,171.0,-2.29,28026.0,395.0,295.0
JBBL,9/2/2020,171.0,175.0,171.0,174.0,1.75,31381.0,395.0,295.0
JBBL,9/3/2020,174.0,174.0,172.0,174.0,0.0,19011.0,395.0,295.0
JBBL,9/6/2020,182.0,182.0,170.0,171.0,-1.72,21286.0,395.0,295.0
JBBL,9/7/2020,170.0,170.0,167.0,168.0,-1.75,46207.0,395.0,295.0
JBBL,9/8/2020,169.0,170.0,166.0,170.0,1.19,14704.0,395.0,295.0
JBBL,9/9/2020,170.0,170.0,167.0,170.0,0.0,10474.0,395.0,295.0
JBBL,9/10/2020,170.0,171.0,168.0,171.0,0.59,32823.0,395.0,295.0
JBBL,9/13/2020,168.0,171.0,167.0,169.0,-1.17,22464.0,395.0,295.0
JBBL,9/14/2020,168.0,173.0,168.0,171.0,1.18,41176.0,395.0,295.0
JBBL,9/15/2020,174.0,174.0,167.0,169.0,-1.17,35674.0,395.0,295.0
JBBL,9/16/2020,167.0,170.0,167.0,169.0,0.0,18424.0,395.0,295.0
JBBL,9/17/2020,171.0,185.0,170.0,180.0,6.51,154116.0,395.0,295.0
JBBL,9/20/2020,189.0,195.0,178.0,183.0,1.67,78082.0,395.0,295.0
JBBL,9/21/2020,182.0,189.0,178.0,180.0,-1.64,46101.0,395.0,295.0
JBBL,9/22/2020,181.0,181.0,174.0,175.0,-2.78,58117.0,395.0,295.0
JBBL,9/23/2020,175.0,179.0,174.0,178.0,1.71,34335.0,395.0,295.0
JBBL,9/24/2020,170.0,181.0,170.0,179.0,0.56,22153.0,395.0,295.0
JBBL,9/27/2020,179.0,183.0,178.0,180.0,0.56,38057.0,395.0,295.0
JBBL,9/28/2020,180.0,183.0,178.0,181.0,0.56,22546.0,395.0,295.0
JBBL,9/29/2020,181.0,181.0,177.0,179.0,-1.1,39606.0,395.0,295.0
JBBL,9/30/2020,177.0,191.0,176.0,184.0,2.79,111507.0,395.0,295.0
JBBL,10/1/2020,187.0,192.0,184.0,192.0,4.35,163647.0,395.0,295.0
JBBL,10/4/2020,200.0,200.0,189.0,193.0,0.52,99175.0,395.0,295.0
JBBL,10/5/2020,196.0,198.0,189.0,197.0,2.07,149297.0,395.0,295.0
JBBL,10/6/2020,197.0,199.0,194.0,198.0,0.51,131690.0,395.0,295.0
JBBL,10/7/2020,198.0,210.0,195.0,209.0,5.56,210924.0,395.0,295.0
JBBL,10/8/2020,213.0,214.0,200.0,203.0,-2.87,152702.0,395.0,295.0
JBBL,10/11/2020,202.0,209.0,199.0,200.0,-1.48,203352.0,395.0,295.0
JBBL,10/12/2020,210.0,211.0,195.0,207.0,3.5,207007.0,395.0,295.0
JBBL,10/13/2020,211.0,224.0,209.0,217.0,4.83,513026.0,395.0,295.0
JBBL,10/14/2020,220.0,222.0,210.0,213.0,-1.84,174068.0,395.0,295.0
JBBL,10/15/2020,214.0,215.0,208.0,208.0,-2.35,80235.0,395.0,295.0
JBBL,10/18/2020,207.0,208.0,202.0,204.0,-1.92,63245.0,395.0,295.0
JBBL,10/19/2020,205.0,208.0,204.0,206.0,0.98,44977.0,395.0,295.0
JBBL,10/20/2020,210.0,212.0,208.0,211.0,2.43,47141.0,395.0,295.0
JBBL,10/21/2020,213.0,213.0,208.0,213.0,0.95,59213.0,395.0,295.0
JBBL,10/22/2020,223.0,223.0,210.0,213.0,0.0,74426.0,395.0,295.0
JBBL,10/28/2020,215.0,218.0,211.0,218.0,2.35,112339.0,395.0,295.0
JBBL,10/29/2020,220.0,223.0,215.0,217.0,-0.46,129943.0,395.0,295.0
JBBL,11/1/2020,217.0,218.0,213.0,215.0,-0.92,51663.0,395.0,295.0
JBBL,11/2/2020,217.0,217.0,213.0,214.0,-0.47,72329.0,395.0,295.0
JBBL,11/3/2020,213.0,215.0,211.0,211.0,-1.4,46001.0,395.0,295.0
JBBL,11/4/2020,211.0,215.0,210.0,213.0,0.95,49607.0,395.0,295.0
JBBL,11/5/2020,214.0,214.0,209.0,211.0,-0.94,72443.0,395.0,295.0
JBBL,11/8/2020,210.0,212.0,209.0,210.0,-0.47,47949.0,395.0,295.0
JBBL,11/9/2020,213.0,213.0,208.0,208.0,-0.95,48528.0,395.0,295.0
JBBL,11/10/2020,212.0,212.0,207.0,209.0,0.48,55606.0,395.0,295.0
JBBL,11/11/2020,212.0,213.0,208.0,209.0,0.0,35323.0,395.0,295.0
JBBL,11/12/2020,210.0,217.0,210.0,211.0,0.96,73514.0,395.0,295.0
JBBL,11/18/2020,214.0,214.0,207.0,208.0,-1.42,69681.0,395.0,295.0
JBBL,11/19/2020,211.0,211.0,207.0,208.0,0.0,63766.0,395.0,295.0
JBBL,11/22/2020,212.0,217.0,208.0,209.0,0.48,47445.0,395.0,295.0
JBBL,11/23/2020,210.0,214.0,208.0,209.0,0.0,53542.0,395.0,295.0
JBBL,11/24/2020,219.0,219.0,208.0,211.0,0.96,82260.0,395.0,295.0
JBBL,11/25/2020,215.0,215.0,210.0,212.0,0.47,57851.0,395.0,295.0
JBBL,11/26/2020,222.0,222.0,212.0,214.0,0.94,156452.0,395.0,295.0
JBBL,11/29/2020,224.0,235.0,217.0,234.0,9.35,400135.0,395.0,295.0
JBBL,11/30/2020,240.0,253.0,225.0,228.0,-2.56,170282.0,395.0,295.0
JBBL,12/1/2020,230.0,234.0,219.0,224.0,-1.75,133763.0,395.0,295.0
JBBL,12/2/2020,224.0,228.0,219.0,223.0,-0.45,131829.0,395.0,295.0
JBBL,12/3/2020,227.0,230.0,223.0,229.0,2.69,236785.0,395.0,295.0
JBBL,12/6/2020,233.0,240.0,220.0,227.0,-0.87,224346.0,395.0,295.0
JBBL,12/7/2020,230.0,238.0,220.0,238.0,4.85,201102.0,395.0,295.0
JBBL,12/8/2020,240.0,240.0,227.0,229.0,-3.78,110423.0,395.0,295.0
JBBL,12/9/2020,229.0,229.0,220.0,226.0,-1.31,102183.0,395.0,295.0
JBBL,12/10/2020,224.0,228.0,222.0,226.0,0.0,73710.0,395.0,295.0
JBBL,12/13/2020,237.0,237.0,222.0,228.0,0.88,62164.0,395.0,295.0
JBBL,12/14/2020,239.0,239.0,225.0,230.0,0.88,102498.0,395.0,295.0
JBBL,12/15/2020,241.0,241.0,223.0,225.0,-2.17,76165.0,395.0,295.0
JBBL,12/16/2020,223.0,230.0,223.0,225.0,0.0,39251.0,395.0,295.0
JBBL,12/17/2020,222.0,233.0,217.0,229.0,1.78,244829.0,395.0,295.0
JBBL,12/20/2020,234.0,235.0,217.0,217.0,-5.24,149586.0,395.0,295.0
JBBL,12/21/2020,215.0,224.0,205.0,218.0,0.46,86531.0,395.0,295.0
JBBL,12/22/2020,218.0,234.0,218.0,234.0,7.34,110898.0,395.0,295.0
JBBL,12/23/2020,240.0,240.0,230.0,231.0,-1.28,211303.0,395.0,295.0
JBBL,12/24/2020,235.0,235.0,224.0,227.0,-1.73,85801.0,395.0,295.0
JBBL,12/27/2020,238.0,238.0,221.0,222.0,-2.2,47689.0,395.0,295.0
JBBL,12/28/2020,220.0,225.0,216.0,222.0,0.0,36529.0,395.0,295.0
JBBL,12/29/2020,233.0,233.0,220.0,221.0,-0.45,24243.0,395.0,295.0
JBBL,12/30/2020,220.0,221.0,218.0,219.0,-0.9,51972.0,395.0,295.0
JBBL,12/31/2020,215.0,223.0,215.0,221.0,0.91,42573.0,395.0,295.0
JBBL,1/3/2021,232.0,232.0,220.0,224.0,1.36,84198.0,395.0,295.0
JBBL,1/4/2021,235.0,235.0,227.0,229.0,2.23,138539.0,395.0,295.0
JBBL,1/5/2021,240.0,240.0,228.0,230.0,0.44,54833.0,395.0,295.0
JBBL,1/6/2021,224.0,236.0,224.0,232.0,0.87,64168.0,395.0,295.0
JBBL,1/7/2021,232.0,234.0,230.0,230.0,-0.86,114402.0,395.0,295.0
JBBL,1/10/2021,234.0,240.0,232.0,239.0,3.91,203617.0,395.0,295.0
JBBL,1/11/2021,245.0,246.0,238.0,239.0,0.0,190349.0,395.0,295.0
JBBL,1/12/2021,245.0,245.0,238.0,241.0,0.84,293332.0,395.0,295.0
JBBL,1/13/2021,223.0,226.0,222.0,224.0,-7.05,120682.0,395.0,295.0
JBBL,1/17/2021,225.0,233.0,221.0,228.0,1.79,111066.0,395.0,295.0
JBBL,1/18/2021,231.0,232.0,227.0,229.0,0.44,125377.0,395.0,295.0
JBBL,1/19/2021,230.0,234.0,222.0,226.0,-1.31,96220.0,395.0,295.0
JBBL,1/20/2021,225.0,227.0,223.0,225.0,-0.44,48897.0,395.0,295.0
JBBL,1/21/2021,225.0,229.0,223.0,225.0,0.0,115897.0,395.0,295.0
JBBL,1/24/2021,236.0,236.0,225.0,227.0,0.89,163202.0,395.0,295.0
JBBL,1/25/2021,238.0,238.0,225.0,226.0,-0.44,79958.0,395.0,295.0
JBBL,1/26/2021,237.0,237.0,223.0,224.0,-0.88,74651.0,395.0,295.0
JBBL,1/27/2021,228.0,228.0,221.0,224.0,0.0,110302.0,395.0,295.0
JBBL,1/28/2021,235.0,235.0,217.0,219.0,-2.23,107359.0,395.0,295.0
JBBL,1/31/2021,219.0,220.0,213.0,214.0,-2.28,122903.0,395.0,295.0
JBBL,2/1/2021,224.0,224.0,214.0,219.0,2.34,77107.0,395.0,295.0
JBBL,2/2/2021,220.0,225.0,219.0,221.0,0.91,75059.0,395.0,295.0
JBBL,2/3/2021,232.0,232.0,220.0,221.0,0.0,95863.0,395.0,295.0
JBBL,2/4/2021,221.0,223.0,219.0,222.0,0.45,61314.0,395.0,295.0
JBBL,2/7/2021,230.0,230.0,219.0,222.0,0.0,61406.0,395.0,295.0
JBBL,2/8/2021,222.0,227.0,221.0,226.0,1.8,94837.0,395.0,295.0
JBBL,2/9/2021,228.0,229.0,224.0,226.0,0.0,100158.0,395.0,295.0
JBBL,2/10/2021,227.0,228.0,219.0,226.0,0.0,159759.0,395.0,295.0
JBBL,2/11/2021,230.0,239.0,224.0,235.0,3.98,328012.0,395.0,295.0
JBBL,2/14/2021,235.0,243.0,233.0,236.0,0.43,175623.0,395.0,295.0
JBBL,2/15/2021,240.0,242.0,234.0,239.0,1.27,127954.0,395.0,295.0
JBBL,2/16/2021,240.0,241.0,233.0,235.0,-1.67,123552.0,395.0,295.0
JBBL,2/17/2021,246.0,246.0,232.0,233.0,-0.85,50368.0,395.0,295.0
JBBL,2/18/2021,233.0,247.0,233.0,244.0,4.72,218006.0,395.0,295.0
JBBL,2/21/2021,250.0,250.0,237.0,241.0,-1.23,127593.0,395.0,295.0
JBBL,2/22/2021,244.0,244.0,232.0,233.0,-3.32,97156.0,395.0,295.0
JBBL,2/23/2021,235.0,239.0,224.0,235.0,0.86,86526.0,395.0,295.0
JBBL,2/24/2021,238.0,240.0,232.0,235.0,0.0,57074.0,395.0,295.0
JBBL,2/25/2021,235.0,238.0,225.0,229.0,-2.55,64225.0,395.0,295.0
JBBL,2/28/2021,230.0,230.0,222.0,224.0,-2.18,63884.0,395.0,295.0
JBBL,3/1/2021,234.0,234.0,220.0,227.0,1.34,109194.0,395.0,295.0
JBBL,3/2/2021,228.0,228.0,219.0,224.0,-1.32,100514.0,395.0,295.0
JBBL,3/3/2021,220.0,220.0,216.0,218.0,-2.68,67856.0,395.0,295.0
JBBL,3/4/2021,218.0,226.0,217.0,223.0,2.29,57590.0,395.0,295.0
JBBL,3/7/2021,230.0,234.0,221.0,225.0,0.9,70727.0,395.0,295.0
JBBL,3/9/2021,224.0,229.0,220.0,222.0,-1.33,50159.0,395.0,295.0
JBBL,3/10/2021,222.0,226.0,219.0,220.0,-0.9,18795.0,395.0,295.0
JBBL,3/14/2021,220.0,222.0,216.0,219.0,-0.45,28419.0,395.0,295.0
JBBL,3/15/2021,222.0,222.0,215.0,219.0,0.0,29331.0,395.0,295.0
JBBL,3/16/2021,215.0,219.0,215.0,218.0,-0.46,38131.0,395.0,295.0
JBBL,3/17/2021,228.0,228.0,217.0,222.0,1.83,33126.0,395.0,295.0
JBBL,3/18/2021,222.0,224.0,220.0,224.0,0.9,32068.0,395.0,295.0
JBBL,3/21/2021,226.0,228.0,222.0,227.0,1.34,65304.0,395.0,295.0
JBBL,3/22/2021,230.0,230.0,221.0,222.0,-2.2,49493.0,395.0,295.0
JBBL,3/23/2021,221.0,223.0,220.0,223.0,0.45,30315.0,395.0,295.0
JBBL,3/24/2021,225.0,225.0,222.0,223.0,0.0,41473.0,395.0,295.0
JBBL,3/25/2021,225.0,225.0,220.0,222.0,-0.45,48624.0,395.0,295.0
JBBL,3/29/2021,225.0,225.0,220.0,221.0,-0.45,45380.0,395.0,295.0
JBBL,3/30/2021,219.0,224.0,217.0,221.0,0.0,42466.0,395.0,295.0
JBBL,3/31/2021,221.0,225.0,221.0,224.0,1.36,54088.0,395.0,295.0
JBBL,4/1/2021,225.0,241.0,221.0,232.0,3.57,186732.0,395.0,295.0
JBBL,4/4/2021,232.0,238.0,230.0,234.0,0.86,107934.0,395.0,295.0
JBBL,4/5/2021,235.0,242.0,235.0,237.0,1.28,218861.0,395.0,295.0
JBBL,4/6/2021,226.0,252.0,226.0,249.0,5.06,396586.0,395.0,295.0
JBBL,4/7/2021,255.0,267.0,251.0,263.0,5.62,450173.0,395.0,295.0
JBBL,4/8/2021,270.0,271.0,259.0,260.0,-1.14,384001.0,395.0,295.0
JBBL,4/12/2021,273.0,273.0,254.0,262.0,0.77,250286.0,395.0,295.0
JBBL,4/13/2021,258.0,268.0,258.0,266.0,1.53,277290.0,395.0,295.0
JBBL,4/15/2021,270.0,286.0,267.0,282.0,6.02,440859.0,395.0,295.0
JBBL,4/18/2021,287.0,287.0,268.0,270.0,-4.26,285227.0,395.0,295.0
JBBL,4/19/2021,283.0,283.0,259.0,265.0,-1.85,203385.0,395.0,295.0
JBBL,4/20/2021,265.0,274.0,258.0,267.0,0.75,157324.0,395.0,295.0
JBBL,4/21/2021,280.0,280.0,259.0,260.0,-2.62,105033.0,395.0,295.0
JBBL,4/22/2021,260.0,269.0,260.0,267.0,2.69,243701.0,395.0,295.0
JBBL,4/25/2021,270.0,270.0,258.0,261.0,-2.25,201478.0,395.0,295.0
JBBL,4/26/2021,260.0,260.0,249.0,250.0,-4.21,141666.0,395.0,295.0
JBBL,4/27/2021,250.0,262.0,250.0,259.0,3.6,89371.0,395.0,295.0
JBBL,4/28/2021,260.0,269.0,257.0,258.0,-0.39,105595.0,395.0,295.0
JBBL,4/29/2021,262.0,265.0,258.0,261.0,1.16,48654.0,395.0,295.0
JBBL,5/2/2021,262.0,268.0,261.0,267.0,2.3,116528.0,395.0,295.0
JBBL,5/3/2021,268.0,269.0,263.0,264.0,-1.12,118056.0,395.0,295.0
JBBL,5/4/2021,264.0,267.0,260.0,263.0,-0.38,86138.0,395.0,295.0
JBBL,5/5/2021,265.0,266.0,260.0,262.0,-0.38,35521.0,395.0,295.0
JBBL,5/6/2021,262.0,263.0,260.0,263.0,0.38,73354.0,395.0,295.0
JBBL,5/9/2021,262.0,270.0,258.0,265.0,0.76,171908.0,395.0,295.0
JBBL,5/10/2021,263.0,267.0,263.0,265.0,0.0,39620.0,395.0,295.0
JBBL,5/11/2021,264.0,268.0,264.0,266.0,0.38,83136.0,395.0,295.0
JBBL,5/12/2021,268.0,271.0,266.0,271.0,1.88,119494.0,395.0,295.0
JBBL,5/13/2021,271.0,280.0,270.0,278.0,2.58,276746.0,395.0,295.0
JBBL,5/16/2021,280.0,291.0,280.0,287.0,3.24,228085.0,395.0,295.0
JBBL,5/17/2021,290.0,291.0,281.0,282.0,-1.74,237655.0,395.0,295.0
JBBL,5/18/2021,285.0,300.0,282.0,299.0,6.03,400636.0,395.0,295.0
JBBL,5/19/2021,303.0,305.0,283.0,290.0,-3.01,324065.0,395.0,295.0
JBBL,5/20/2021,295.0,303.0,290.0,303.0,4.48,299436.0,395.0,295.0
JBBL,5/23/2021,299.0,329.0,293.0,326.0,7.59,752596.0,395.0,295.0
JBBL,5/24/2021,330.0,342.0,320.0,326.0,0.0,633845.0,395.0,295.0
JBBL,5/25/2021,330.0,334.0,320.0,324.0,-0.61,262158.0,395.0,295.0
JBBL,5/27/2021,320.0,339.0,310.0,330.0,1.85,407680.0,395.0,295.0
JBBL,5/30/2021,333.0,363.0,333.0,363.0,10.0,767158.0,395.0,295.0
JBBL,5/31/2021,380.0,398.0,365.0,372.0,2.48,810622.0,395.0,295.0
JBBL,6/1/2021,375.0,385.0,360.0,371.0,-0.27,426765.0,395.0,295.0
JBBL,6/2/2021,374.0,400.0,365.0,400.0,7.82,591742.0,395.0,295.0
JBBL,6/3/2021,408.0,432.0,400.0,410.0,2.5,720153.0,395.0,295.0
JBBL,6/6/2021,410.0,417.0,396.0,409.0,-0.24,630516.0,395.0,295.0
JBBL,6/7/2021,426.0,431.0,400.0,431.0,5.38,745359.0,395.0,295.0
JBBL,6/8/2021,435.0,474.0,435.0,474.0,9.98,512203.0,395.0,295.0
JBBL,6/9/2021,488.0,497.0,446.0,460.0,-2.95,767506.0,395.0,295.0
JBBL,6/10/2021,460.0,478.0,445.0,473.0,2.83,637627.0,395.0,295.0
JBBL,6/13/2021,475.0,520.0,474.0,519.0,9.73,900592.0,395.0,295.0
JBBL,6/14/2021,530.0,548.0,505.0,520.0,0.19,566911.0,395.0,295.0
JBBL,6/15/2021,520.0,528.0,489.0,498.0,-4.23,512644.0,395.0,295.0
JBBL,6/16/2021,499.0,515.0,454.0,472.0,-5.22,471005.0,395.0,295.0
JBBL,6/17/2021,480.0,499.0,461.0,482.0,2.12,380123.0,395.0,295.0
JBBL,6/20/2021,493.0,499.0,460.0,475.0,-1.45,406058.0,395.0,295.0
JBBL,6/21/2021,475.0,481.0,455.0,455.0,-4.21,428394.0,395.0,295.0
JBBL,6/22/2021,455.0,480.0,444.0,476.0,4.62,347027.0,395.0,295.0
JBBL,6/23/2021,485.0,490.0,456.0,458.0,-3.78,277177.0,395.0,295.0
JBBL,6/24/2021,466.0,466.0,447.0,448.0,-2.18,174252.0,395.0,295.0
JBBL,6/27/2021,450.0,455.0,435.0,438.0,-2.23,210217.0,395.0,295.0
JBBL,6/28/2021,420.0,450.0,420.0,430.0,-1.83,165661.0,395.0,295.0
JBBL,6/29/2021,409.0,440.0,405.0,407.0,-5.35,261937.0,395.0,295.0
JBBL,6/30/2021,390.0,430.0,390.0,423.0,3.93,339669.0,395.0,295.0
JBBL,7/1/2021,428.0,460.0,424.0,451.0,6.62,419370.0,395.0,295.0
JBBL,7/4/2021,460.0,466.0,448.0,448.0,-0.67,262845.0,395.0,295.0
JBBL,7/5/2021,448.0,450.0,432.0,436.0,-2.68,172572.0,395.0,295.0
JBBL,7/6/2021,436.0,440.0,428.0,433.0,-0.69,98136.0,395.0,295.0
JBBL,7/7/2021,433.0,440.0,429.0,435.0,0.46,92861.0,395.0,295.0
JBBL,7/8/2021,435.0,447.0,430.0,445.0,2.3,146546.0,395.0,295.0
JBBL,7/11/2021,453.0,489.0,447.0,489.0,9.89,361659.0,395.0,295.0
JBBL,7/12/2021,500.0,504.0,460.0,476.0,-2.66,493541.0,395.0,295.0
JBBL,7/13/2021,476.0,490.0,468.0,483.0,1.47,211444.0,395.0,295.0
JBBL,7/14/2021,490.0,491.0,475.0,479.0,-0.83,89668.0,395.0,295.0
JBBL,7/15/2021,456.0,492.0,456.0,478.0,-0.21,118918.0,395.0,295.0
JBBL,7/18/2021,487.5,500.0,483.0,493.0,3.14,291996.0,395.0,295.0
JBBL,7/19/2021,502.0,505.0,485.0,487.0,-1.22,210835.0,395.0,295.0
JBBL,7/20/2021,492.0,492.0,480.0,483.0,-0.82,129502.0,395.0,295.0
JBBL,7/22/2021,489.0,489.0,480.0,481.0,-0.41,139360.0,395.0,295.0
JBBL,7/25/2021,488.0,488.0,476.3,480.3,-0.15,229452.0,395.0,295.0
JBBL,7/26/2021,480.9,488.0,475.0,480.0,-0.06,172790.0,395.0,295.0
JBBL,7/27/2021,470.4,490.0,465.5,483.0,0.63,196826.0,395.0,295.0
JBBL,7/28/2021,492.6,495.0,485.0,486.0,0.62,163800.0,395.0,295.0
JBBL,7/29/2021,495.0,495.7,486.1,487.0,0.21,207815.0,395.0,295.0
JBBL,8/1/2021,496.7,500.0,484.0,485.1,-0.39,200687.0,395.0,295.0
JBBL,8/2/2021,491.0,492.0,479.0,479.0,-1.26,113463.0,395.0,295.0
JBBL,8/3/2021,488.5,488.5,476.0,478.0,-0.21,87781.0,395.0,295.0
JBBL,8/4/2021,485.0,490.0,479.0,486.0,1.67,205080.0,395.0,295.0
JBBL,8/5/2021,495.0,510.0,487.3,501.0,3.09,535487.0,395.0,295.0
JBBL,8/8/2021,505.0,517.0,505.0,510.6,1.92,397882.0,395.0,295.0
JBBL,8/9/2021,515.0,519.0,501.0,502.0,-1.68,229581.0,395.0,295.0
JBBL,8/10/2021,508.0,552.2,507.0,552.2,10.0,909450.0,395.0,295.0
JBBL,8/11/2021,563.2,585.8,540.4,549.0,-0.58,421948.0,395.0,295.0
JBBL,8/12/2021,559.0,598.0,546.0,576.0,4.92,700007.0,395.0,295.0
JBBL,8/15/2021,576.0,580.0,540.0,554.1,-3.8,700804.0,395.0,295.0
JBBL,8/16/2021,554.0,575.0,545.0,556.4,0.42,304645.0,395.0,295.0
JBBL,8/17/2021,560.0,601.0,560.0,586.0,5.32,540703.0,395.0,295.0
JBBL,8/18/2021,597.7,643.0,588.0,623.0,6.31,904576.0,395.0,295.0
JBBL,8/19/2021,635.0,649.9,605.0,610.5,-2.01,592879.0,395.0,295.0
JBBL,8/24/2021,611.0,623.0,580.0,582.0,-4.67,489277.0,395.0,295.0
JBBL,8/25/2021,580.0,591.0,564.0,567.8,-2.44,370301.0,395.0,295.0
JBBL,8/26/2021,567.0,608.0,567.0,596.0,4.97,386876.0,395.0,295.0
JBBL,8/29/2021,605.0,615.0,586.0,593.5,-0.42,392163.0,395.0,295.0
JBBL,8/31/2021,600.0,600.0,566.5,573.9,-3.3,271078.0,395.0,295.0
JBBL,9/1/2021,575.0,585.0,565.0,568.0,-1.03,180956.0,395.0,295.0
JBBL,9/2/2021,568.0,575.0,539.0,543.9,-4.24,225334.0,395.0,295.0
JBBL,9/5/2021,543.9,543.9,490.0,507.0,-6.78,398726.0,395.0,295.0
JBBL,9/6/2021,500.0,557.7,498.0,557.7,10.0,284986.0,395.0,295.0
JBBL,9/7/2021,568.8,578.5,535.0,564.9,1.29,312811.0,395.0,295.0
JBBL,9/8/2021,565.0,569.0,542.0,545.0,-3.52,179414.0,395.0,295.0
JBBL,9/9/2021,555.9,555.9,538.0,541.0,-0.73,130065.0,395.0,295.0
JBBL,9/12/2021,550.0,578.0,541.1,573.0,5.91,202169.0,395.0,295.0
JBBL,9/13/2021,584.4,593.9,565.0,569.0,-0.7,236578.0,395.0,295.0
JBBL,9/14/2021,570.0,577.0,556.0,560.0,-1.58,99704.0,395.0,295.0
JBBL,9/15/2021,571.0,571.0,543.0,548.0,-2.14,140843.0,395.0,295.0
JBBL,9/16/2021,544.0,544.0,520.0,526.0,-4.01,296146.0,395.0,295.0
JBBL,9/20/2021,526.0,535.0,495.0,500.0,-4.94,241952.0,395.0,295.0
JBBL,9/21/2021,490.0,533.1,480.2,507.0,1.4,206284.0,395.0,295.0
JBBL,9/22/2021,516.0,550.0,516.0,549.0,8.28,223966.0,395.0,295.0
JBBL,9/23/2021,559.9,561.0,535.0,536.0,-2.37,153447.0,395.0,295.0
JBBL,9/26/2021,546.7,557.0,516.5,517.0,-3.54,146819.0,395.0,295.0
JBBL,9/27/2021,517.5,524.0,497.0,502.0,-2.9,139594.0,395.0,295.0
JBBL,9/28/2021,500.0,515.0,485.2,490.0,-2.39,150615.0,395.0,295.0
JBBL,9/29/2021,499.0,510.0,475.0,503.0,2.65,118295.0,395.0,295.0
JBBL,9/30/2021,505.0,513.0,480.0,483.0,-3.98,79077.0,395.0,295.0
JBBL,10/3/2021,484.0,490.0,460.0,465.0,-3.73,112951.0,395.0,295.0
JBBL,10/4/2021,465.0,474.0,449.0,452.0,-2.8,92609.0,395.0,295.0
JBBL,10/5/2021,460.0,474.9,453.0,472.0,4.42,66166.0,395.0,295.0
JBBL,10/6/2021,468.0,498.0,468.0,495.0,4.87,83800.0,395.0,295.0
JBBL,10/10/2021,504.0,513.0,483.0,483.0,-2.42,95147.0,395.0,295.0
JBBL,10/11/2021,492.0,492.0,475.5,486.0,0.62,58785.0,395.0,295.0
JBBL,10/17/2021,494.0,500.0,485.0,491.0,1.03,14626.0,395.0,295.0
JBBL,10/18/2021,485.0,490.0,469.0,469.0,-4.48,48726.0,395.0,295.0
JBBL,10/19/2021,460.0,469.0,440.0,446.0,-4.9,115461.0,395.0,295.0
JBBL,10/20/2021,454.0,480.0,454.0,464.0,4.04,63267.0,395.0,295.0
JBBL,10/21/2021,470.0,472.0,450.0,451.0,-2.8,38521.0,395.0,295.0
JBBL,10/24/2021,451.0,463.0,447.0,456.2,1.15,65056.0,395.0,295.0
JBBL,10/25/2021,464.9,499.0,464.0,498.0,9.16,96813.0,395.0,295.0
JBBL,10/26/2021,507.0,525.0,501.0,520.0,4.42,138845.0,395.0,295.0
JBBL,10/27/2021,522.0,529.3,507.0,514.9,-0.98,123762.0,395.0,295.0
JBBL,10/28/2021,525.1,525.1,507.5,516.1,0.23,97522.0,395.0,295.0
JBBL,10/31/2021,526.0,560.0,525.0,560.0,8.51,180324.0,395.0,295.0
JBBL,11/1/2021,571.0,585.0,549.0,558.0,-0.36,210316.0,395.0,295.0
JBBL,11/2/2021,560.0,603.0,546.0,594.0,6.45,354813.0,395.0,295.0
JBBL,11/3/2021,600.0,610.0,580.0,587.0,-1.18,223282.0,395.0,295.0
JBBL,11/8/2021,587.0,594.0,574.0,575.0,-2.04,143366.0,395.0,295.0
JBBL,11/9/2021,575.0,575.0,543.9,549.0,-4.52,260212.0,395.0,295.0
JBBL,11/11/2021,538.1,558.0,532.1,545.0,-0.73,247695.0,395.0,295.0
JBBL,11/14/2021,545.0,565.0,536.2,560.0,2.75,191354.0,395.0,295.0
JBBL,11/15/2021,571.2,584.0,566.0,575.0,2.68,241870.0,395.0,295.0
JBBL,11/16/2021,580.0,580.0,567.0,573.0,-0.35,144590.0,395.0,295.0
JBBL,11/17/2021,580.0,589.9,567.0,567.0,-1.05,198306.0,395.0,295.0
JBBL,11/18/2021,556.2,575.0,552.0,555.0,-2.12,144551.0,395.0,295.0
JBBL,11/21/2021,543.9,570.0,543.9,558.0,0.54,93221.0,395.0,295.0
JBBL,11/22/2021,551.1,567.0,548.9,551.0,-1.25,75237.0,395.0,295.0
JBBL,11/23/2021,550.0,551.0,530.0,535.0,-2.9,142720.0,395.0,295.0
JBBL,11/24/2021,524.3,546.0,520.0,541.0,1.12,97006.0,395.0,295.0
JBBL,11/25/2021,545.0,550.0,521.5,531.0,-1.85,165659.0,395.0,295.0
JBBL,11/28/2021,531.0,531.0,500.0,502.0,-5.46,172392.0,395.0,295.0
JBBL,11/29/2021,502.0,516.1,488.0,494.2,-1.55,134473.0,395.0,295.0
JBBL,11/30/2021,494.2,504.0,487.0,492.0,-0.45,107614.0,395.0,295.0
JBBL,12/1/2021,482.2,510.0,482.2,495.0,0.61,57854.0,395.0,295.0
JBBL,12/2/2021,498.0,501.0,477.0,480.0,-3.03,76731.0,395.0,295.0
JBBL,12/5/2021,478.0,480.0,455.0,457.0,-4.79,100211.0,395.0,295.0
JBBL,12/6/2021,457.0,483.0,430.4,479.8,4.99,136322.0,395.0,295.0
JBBL,12/7/2021,482.0,499.9,460.0,462.0,-3.71,117521.0,395.0,295.0
JBBL,12/8/2021,462.0,469.0,442.0,446.0,-3.46,93025.0,395.0,295.0
JBBL,12/9/2021,446.0,452.0,435.0,444.0,-0.45,63852.0,395.0,295.0
JBBL,12/12/2021,445.0,445.0,412.0,413.0,-6.98,105027.0,395.0,295.0
JBBL,12/13/2021,404.8,415.0,390.0,396.0,-4.12,158753.0,395.0,295.0
JBBL,12/14/2021,403.0,435.6,395.0,435.6,10.0,80102.0,395.0,295.0
JBBL,12/15/2021,444.0,475.0,425.0,445.0,2.16,158063.0,395.0,295.0
JBBL,12/16/2021,447.0,447.0,430.0,430.2,-3.33,92565.0,395.0,295.0
JBBL,12/20/2021,431.0,438.0,414.0,422.0,-1.91,50355.0,395.0,295.0
JBBL,12/21/2021,429.0,443.0,422.0,434.9,3.06,38335.0,395.0,295.0
JBBL,12/22/2021,442.9,464.0,440.0,454.9,4.6,110057.0,395.0,295.0
JBBL,12/23/2021,463.9,468.0,447.0,447.5,-1.63,222948.0,395.0,295.0
JBBL,12/26/2021,403.0,418.0,403.0,412.0,-7.93,79955.0,395.0,295.0
JBBL,12/27/2021,412.0,414.0,390.1,390.8,-5.15,109515.0,395.0,295.0
JBBL,12/28/2021,390.0,398.0,381.0,391.0,0.05,66389.0,395.0,295.0
JBBL,12/29/2021,398.0,398.0,384.1,388.0,-0.77,39209.0,395.0,295.0
JBBL,1/2/2022,392.0,402.0,388.0,401.5,3.48,59180.0,395.0,295.0
JBBL,1/3/2022,409.0,412.0,397.0,402.0,0.12,83137.0,395.0,295.0
JBBL,1/4/2022,409.9,432.0,402.0,427.0,6.22,201959.0,395.0,295.0
JBBL,1/5/2022,427.0,439.0,414.0,418.0,-2.11,106997.0,395.0,295.0
JBBL,1/6/2022,418.0,428.0,412.2,426.0,1.91,81785.0,395.0,295.0
JBBL,1/9/2022,434.0,460.0,428.3,456.0,7.04,172629.0,395.0,295.0
JBBL,1/10/2022,465.0,469.0,445.1,452.0,-0.88,139090.0,395.0,295.0
JBBL,1/11/2022,452.0,469.0,447.0,459.5,1.66,116739.0,395.0,295.0
JBBL,1/12/2022,465.0,468.7,442.5,449.0,-2.29,145180.0,395.0,295.0
JBBL,1/13/2022,450.0,466.0,443.0,466.0,3.79,114665.0,395.0,295.0
JBBL,1/16/2022,475.3,493.9,475.0,483.0,3.65,180094.0,395.0,295.0
JBBL,1/17/2022,485.0,490.0,472.0,480.0,-0.62,100782.0,395.0,295.0
JBBL,1/18/2022,488.9,488.9,463.0,470.0,-2.08,105004.0,395.0,295.0
JBBL,1/19/2022,470.0,479.0,457.0,461.1,-1.89,104831.0,395.0,295.0
JBBL,1/20/2022,464.0,480.0,451.9,479.0,3.88,98065.0,395.0,295.0
JBBL,1/23/2022,487.0,487.0,461.0,465.0,-2.92,104207.0,395.0,295.0
JBBL,1/24/2022,460.0,462.0,437.0,442.0,-4.95,234761.0,395.0,295.0
JBBL,1/25/2022,448.0,450.0,430.0,440.0,-0.45,107439.0,395.0,295.0
JBBL,1/26/2022,445.0,445.0,427.0,428.5,-2.61,81465.0,395.0,295.0
JBBL,1/27/2022,425.0,437.0,424.0,428.0,-0.12,60366.0,395.0,295.0
JBBL,1/30/2022,436.5,460.0,436.5,460.0,7.48,137274.0,395.0,295.0
JBBL,1/31/2022,465.0,465.0,445.9,447.0,-2.83,78674.0,395.0,295.0
JBBL,2/1/2022,453.0,460.0,442.1,454.0,1.57,86368.0,395.0,295.0
JBBL,2/3/2022,458.0,469.9,444.0,447.0,-1.54,102236.0,395.0,295.0
JBBL,2/6/2022,447.0,450.0,436.3,436.3,-2.39,84569.0,395.0,295.0
JBBL,2/7/2022,436.4,445.0,430.0,441.0,1.08,49892.0,395.0,295.0
JBBL,2/8/2022,449.8,466.0,434.0,435.6,-1.22,100132.0,395.0,295.0
JBBL,2/9/2022,430.0,443.0,430.0,433.0,-0.6,46253.0,395.0,295.0
JBBL,2/10/2022,436.0,439.8,429.3,430.1,-0.67,59218.0,395.0,295.0
JBBL,2/13/2022,421.5,425.0,412.0,412.1,-4.19,109059.0,395.0,295.0
JBBL,2/14/2022,419.0,426.0,411.0,414.0,0.46,50096.0,395.0,295.0
JBBL,2/15/2022,418.0,428.0,411.3,427.0,3.14,71056.0,395.0,295.0
JBBL,2/16/2022,434.7,434.8,415.0,418.0,-2.11,54033.0,395.0,295.0
JBBL,2/17/2022,415.0,423.0,413.0,413.0,-1.2,30240.0,395.0,295.0
JBBL,2/20/2022,410.0,412.0,396.9,405.0,-1.94,71015.0,395.0,295.0
JBBL,2/21/2022,411.9,411.9,405.2,408.0,0.74,32922.0,395.0,295.0
JBBL,2/22/2022,416.0,418.0,411.0,413.0,1.23,56519.0,395.0,295.0
JBBL,2/23/2022,415.0,420.0,408.0,411.0,-0.48,32460.0,395.0,295.0
JBBL,2/24/2022,405.0,409.0,398.0,400.0,-2.68,91886.0,395.0,295.0
JBBL,2/27/2022,400.0,409.0,394.0,400.0,0.0,55926.0,395.0,295.0
JBBL,2/28/2022,408.0,415.9,395.0,395.0,-1.25,44901.0,395.0,295.0
JBBL,3/2/2022,401.0,409.0,380.0,384.0,-2.78,76723.0,395.0,295.0
JBBL,3/6/2022,390.0,398.0,380.1,392.0,2.08,73863.0,395.0,295.0
JBBL,3/7/2022,392.0,399.7,386.3,390.0,-0.51,46906.0,395.0,295.0
JBBL,3/9/2022,394.0,395.0,378.0,378.0,-3.08,48755.0,395.0,295.0
JBBL,3/10/2022,378.0,415.8,375.0,410.0,8.47,59103.0,395.0,295.0
JBBL,3/13/2022,415.0,427.0,412.0,425.0,3.66,125934.0,395.0,295.0
JBBL,3/14/2022,429.0,430.0,413.0,422.0,-0.71,24508.0,395.0,295.0
JBBL,3/15/2022,422.1,424.0,414.0,417.0,-1.18,52402.0,395.0,295.0
JBBL,3/16/2022,417.0,423.0,408.0,410.0,-1.68,42387.0,395.0,295.0
JBBL,3/20/2022,417.0,417.0,402.2,410.0,0.0,42933.0,395.0,295.0
JBBL,3/21/2022,418.0,422.9,406.0,420.0,2.44,64395.0,395.0,295.0
JBBL,3/22/2022,423.0,434.0,415.0,428.0,1.9,194369.0,395.0,295.0
JBBL,3/23/2022,425.0,428.0,420.1,422.0,-1.4,48338.0,395.0,295.0
JBBL,3/24/2022,420.0,422.0,409.3,409.3,-3.01,60590.0,395.0,295.0
JBBL,3/27/2022,416.9,417.0,398.0,399.0,-2.52,74811.0,395.0,295.0
JBBL,3/28/2022,396.1,399.0,390.0,393.0,-1.5,96866.0,395.0,295.0
JBBL,3/29/2022,397.0,399.0,388.5,389.0,-1.02,30800.0,395.0,295.0
JBBL,3/30/2022,385.0,406.0,385.0,405.0,4.11,60693.0,395.0,295.0
JBBL,3/31/2022,410.0,410.0,395.0,396.5,-2.1,29685.0,395.0,295.0
JBBL,4/3/2022,389.0,395.0,389.0,390.0,-1.64,24876.0,395.0,295.0
JBBL,4/4/2022,390.2,396.0,388.0,388.0,-0.51,31329.0,395.0,295.0
JBBL,4/5/2022,384.0,386.9,378.0,383.0,-1.29,47146.0,395.0,295.0
JBBL,4/6/2022,380.0,387.9,375.0,380.0,-0.78,64505.0,395.0,295.0
JBBL,4/7/2022,380.0,393.0,378.0,388.0,2.11,62131.0,395.0,295.0
JBBL,4/11/2022,395.0,402.9,378.0,380.0,-2.06,39945.0,395.0,295.0
JBBL,4/12/2022,375.0,378.1,370.0,373.0,-1.84,43222.0,395.0,295.0
JBBL,4/13/2022,375.0,385.5,369.0,381.0,2.14,41399.0,395.0,295.0
JBBL,4/17/2022,384.9,385.0,371.0,373.0,-2.1,29748.0,395.0,295.0
JBBL,4/18/2022,367.0,373.0,365.0,369.0,-1.07,37178.0,395.0,295.0
JBBL,4/19/2022,375.0,375.0,362.0,367.0,-0.54,27526.0,395.0,295.0
JBBL,4/20/2022,365.0,370.0,356.0,356.1,-2.97,36100.0,395.0,295.0
JBBL,4/21/2022,352.8,362.0,342.0,359.0,0.81,47770.0,395.0,295.0
JBBL,4/24/2022,366.1,390.0,360.1,380.0,5.85,50223.0,395.0,295.0
JBBL,4/25/2022,387.0,388.7,371.0,375.0,-1.32,40768.0,395.0,295.0
JBBL,4/26/2022,374.0,380.0,368.0,369.0,-1.6,24174.0,395.0,295.0
JBBL,4/27/2022,365.0,377.9,365.0,377.0,2.17,29299.0,395.0,295.0
JBBL,4/28/2022,378.0,382.0,366.6,366.6,-2.76,34882.0,395.0,295.0
JBBL,5/2/2022,361.8,364.0,350.1,355.0,-3.16,36232.0,395.0,295.0
JBBL,5/4/2022,350.0,359.0,346.0,349.0,-1.69,28520.0,395.0,295.0
JBBL,5/5/2022,344.0,350.0,341.0,345.0,-1.15,23440.0,395.0,295.0
JBBL,5/8/2022,342.0,360.0,336.3,355.0,2.9,24422.0,395.0,295.0
JBBL,5/9/2022,355.0,362.0,350.0,350.0,-1.41,29015.0,395.0,295.0
JBBL,5/10/2022,350.0,361.0,349.0,358.1,2.31,23436.0,395.0,295.0
JBBL,5/11/2022,360.0,377.0,357.0,375.0,4.72,56634.0,395.0,295.0
JBBL,5/12/2022,380.0,382.0,363.1,364.0,-2.93,48299.0,395.0,295.0
JBBL,5/17/2022,358.0,360.0,346.0,346.0,-4.95,31829.0,395.0,295.0
JBBL,5/18/2022,342.0,359.0,339.1,354.0,2.31,26316.0,395.0,295.0
JBBL,5/19/2022,354.0,359.9,346.1,346.1,-2.23,22105.0,395.0,295.0
JBBL,5/20/2022,340.1,352.9,339.1,339.2,-1.99,30882.0,395.0,295.0
JBBL,5/23/2022,340.0,342.0,327.0,328.0,-3.3,49774.0,395.0,295.0
JBBL,5/24/2022,328.0,340.0,327.2,333.2,1.59,13483.0,395.0,295.0
JBBL,5/25/2022,336.0,344.0,336.0,338.0,1.44,18264.0,395.0,295.0
JBBL,5/26/2022,338.0,341.0,332.0,340.0,0.59,23372.0,395.0,295.0
JBBL,5/27/2022,345.0,345.0,333.0,335.0,-1.47,18508.0,395.0,295.0
JBBL,5/30/2022,340.0,340.0,325.0,325.1,-2.96,36426.0,395.0,295.0
JBBL,5/31/2022,321.0,331.0,318.0,319.0,-1.88,45364.0,395.0,295.0
JBBL,6/1/2022,323.0,328.0,319.1,322.0,0.94,27463.0,395.0,295.0
JBBL,6/2/2022,325.0,327.0,318.5,320.0,-0.62,14955.0,395.0,295.0
JBBL,6/3/2022,322.1,324.0,307.9,315.0,-1.56,41488.0,395.0,295.0
JBBL,6/6/2022,321.3,321.3,313.6,313.6,-0.44,23091.0,395.0,295.0
JBBL,6/7/2022,315.0,315.0,300.0,305.0,-2.74,28798.0,395.0,295.0
JBBL,6/8/2022,301.0,319.0,300.0,316.5,3.77,59461.0,395.0,295.0
JBBL,6/9/2022,319.9,323.0,310.1,312.0,-1.42,43341.0,395.0,295.0
JBBL,6/10/2022,307.0,313.9,303.0,305.0,-2.24,25032.0,395.0,295.0
JBBL,6/13/2022,301.0,309.0,301.0,304.0,-0.33,11891.0,395.0,295.0
JBBL,6/14/2022,305.0,305.0,297.6,300.0,-1.32,17170.0,395.0,295.0
JBBL,6/15/2022,295.1,299.0,290.4,292.3,-2.57,29827.0,395.0,295.0
JBBL,6/16/2022,288.2,304.0,288.0,295.0,0.92,25969.0,395.0,295.0
JBBL,6/17/2022,291.0,300.0,291.0,292.0,-1.02,14987.0,395.0,295.0
JBBL,6/19/2022,291.0,293.0,281.3,281.3,-3.66,24339.0,395.0,295.0
JBBL,6/20/2022,278.0,280.0,266.0,270.0,-4.02,59176.0,395.0,295.0
JBBL,6/21/2022,264.6,287.0,264.6,281.0,4.07,40121.0,395.0,295.0
JBBL,6/22/2022,278.0,278.0,267.6,268.5,-4.45,35252.0,395.0,295.0
JBBL,6/23/2022,265.0,265.0,250.9,258.5,-3.72,54212.0,395.0,295.0
JBBL,6/24/2022,254.0,268.0,248.0,265.0,2.51,29474.0,395.0,295.0
JBBL,6/26/2022,270.0,290.0,265.1,290.0,9.43,81251.0,395.0,295.0
JBBL,6/27/2022,292.0,297.8,279.3,279.3,-3.69,73617.0,395.0,295.0
JBBL,6/28/2022,275.0,279.0,270.0,271.9,-2.65,26550.0,395.0,295.0
JBBL,6/29/2022,271.0,286.0,271.0,285.0,4.82,28558.0,395.0,295.0
JBBL,6/30/2022,281.0,305.0,281.0,302.0,5.96,67388.0,395.0,295.0
JBBL,7/1/2022,302.1,307.0,290.1,296.0,-1.99,38625.0,395.0,295.0
JBBL,7/3/2022,293.0,314.9,290.2,310.0,4.73,58035.0,395.0,295.0
JBBL,7/4/2022,315.0,331.0,301.0,309.0,-0.32,138825.0,395.0,295.0
JBBL,7/5/2022,304.0,318.0,296.2,297.0,-3.88,78547.0,395.0,295.0
JBBL,7/6/2022,302.0,310.0,290.0,305.0,2.69,63858.0,395.0,295.0
JBBL,7/7/2022,309.0,321.0,296.0,300.0,-1.64,42008.0,395.0,295.0
JBBL,7/8/2022,294.0,304.9,290.1,292.0,-2.67,26400.0,395.0,295.0
JBBL,7/11/2022,286.2,293.0,275.0,277.0,-5.14,60886.0,395.0,295.0
JBBL,7/12/2022,282.0,286.0,275.0,284.0,2.53,36989.0,395.0,295.0
JBBL,7/13/2022,289.0,304.9,278.4,304.9,7.36,46914.0,395.0,295.0
JBBL,7/14/2022,305.0,310.9,295.1,303.0,-0.62,48193.0,395.0,295.0
JBBL,7/15/2022,297.0,306.0,297.0,302.2,-0.26,31016.0,395.0,295.0
JBBL,7/17/2022,300.0,306.9,294.2,300.1,-0.69,39389.0,395.0,295.0
JBBL,7/18/2022,300.0,306.0,299.0,304.5,1.47,28105.0,395.0,295.0
JBBL,7/19/2022,298.5,310.1,298.5,307.0,0.82,59620.0,395.0,295.0
JBBL,7/20/2022,302.0,312.0,302.0,307.0,0.0,36527.0,395.0,295.0
JBBL,7/21/2022,305.1,309.0,301.0,301.0,-1.95,33311.0,395.0,295.0
JBBL,7/22/2022,298.5,300.0,296.6,299.0,-0.66,26096.0,395.0,295.0
JBBL,7/24/2022,293.1,316.9,293.1,316.0,5.69,66507.0,395.0,295.0
JBBL,7/25/2022,320.0,335.0,316.0,330.0,4.43,119870.0,395.0,295.0
JBBL,7/26/2022,330.0,338.8,320.0,320.0,-3.03,113097.0,395.0,295.0
JBBL,7/27/2022,318.0,328.0,316.0,327.5,2.34,60976.0,395.0,295.0
JBBL,7/28/2022,333.0,344.0,322.0,330.0,0.76,125620.0,395.0,295.0
JBBL,7/29/2022,336.0,347.0,327.0,342.0,3.64,96455.0,395.0,295.0
JBBL,7/31/2022,348.0,359.0,347.1,348.0,1.75,159562.0,395.0,295.0
JBBL,8/1/2022,348.0,350.0,338.0,344.0,-1.15,98156.0,395.0,295.0
JBBL,8/2/2022,344.0,345.0,336.0,340.2,-1.1,66820.0,395.0,295.0
JBBL,8/3/2022,343.0,348.0,338.0,340.0,-0.06,59083.0,395.0,295.0
JBBL,8/4/2022,335.0,341.8,327.0,329.0,-3.24,85746.0,395.0,295.0
JBBL,8/5/2022,330.0,330.0,317.0,318.0,-3.34,56144.0,395.0,295.0
JBBL,8/7/2022,323.0,326.5,319.2,324.0,1.89,56014.0,395.0,295.0
JBBL,8/8/2022,324.0,329.0,314.5,316.0,-2.47,58572.0,395.0,295.0
JBBL,8/9/2022,312.0,319.0,305.0,305.2,-3.42,70872.0,395.0,295.0
JBBL,8/10/2022,305.2,309.0,299.1,304.0,-0.39,81177.0,395.0,295.0
JBBL,8/11/2022,308.0,309.4,298.0,298.0,-1.97,44795.0,395.0,295.0
JBBL,8/14/2022,300.0,309.0,296.0,297.5,-0.17,39110.0,395.0,295.0
JBBL,8/15/2022,297.0,316.0,295.0,316.0,6.22,62933.0,395.0,295.0
JBBL,8/16/2022,320.0,322.3,304.0,305.0,-3.48,63783.0,395.0,295.0
JBBL,8/17/2022,307.0,311.1,301.2,305.2,0.07,32204.0,395.0,295.0
JBBL,8/18/2022,309.9,316.8,305.3,313.1,2.59,47362.0,395.0,295.0
JBBL,8/21/2022,314.0,323.0,311.0,313.0,-0.03,53504.0,395.0,295.0
JBBL,8/22/2022,310.1,315.0,309.1,310.0,-0.96,22796.0,395.0,295.0
JBBL,8/23/2022,314.0,314.0,305.3,309.2,-0.26,15152.0,395.0,295.0
JBBL,8/24/2022,313.9,315.0,307.0,311.0,0.58,19389.0,395.0,295.0
JBBL,8/25/2022,313.0,314.0,305.0,305.0,-1.93,32614.0,395.0,295.0
JBBL,8/26/2022,304.0,305.0,300.0,300.0,-1.64,27297.0,395.0,295.0
JBBL,8/28/2022,300.0,302.0,292.0,294.0,-2.0,54430.0,395.0,295.0
JBBL,8/29/2022,297.8,297.8,291.1,295.5,0.51,33014.0,395.0,295.0
JBBL,8/30/2022,298.0,299.0,294.5,294.8,-0.24,27605.0,395.0,295.0
JBBL,8/31/2022,292.0,295.5,286.0,286.0,-2.99,28142.0,395.0,295.0
JBBL,9/1/2022,285.5,292.0,282.3,288.9,1.01,33976.0,395.0,295.0
JBBL,9/2/2022,292.0,292.0,283.4,287.0,-0.66,12778.0,395.0,295.0
JBBL,9/4/2022,290.0,294.7,290.0,293.5,2.26,21458.0,395.0,295.0
JBBL,9/5/2022,295.0,298.0,293.0,294.0,0.17,16079.0,395.0,295.0
JBBL,9/6/2022,288.5,292.0,287.0,288.0,-2.04,24714.0,395.0,295.0
JBBL,9/7/2022,284.0,289.0,280.0,283.1,-1.7,22594.0,395.0,295.0
JBBL,9/8/2022,283.0,288.6,281.0,287.0,1.38,20444.0,395.0,295.0
JBBL,9/11/2022,289.0,289.8,284.0,286.0,-0.35,13477.0,395.0,295.0
JBBL,9/12/2022,286.0,287.0,280.5,283.0,-1.05,21389.0,395.0,295.0
JBBL,9/13/2022,283.0,291.9,283.0,288.0,1.77,18896.0,395.0,295.0
JBBL,9/14/2022,291.0,303.0,290.8,300.0,4.17,58141.0,395.0,295.0
JBBL,9/15/2022,294.0,301.0,283.0,284.0,-5.33,50061.0,395.0,295.0
JBBL,9/16/2022,279.0,286.0,273.5,281.3,-0.95,33149.0,395.0,295.0
JBBL,9/18/2022,281.0,281.0,274.5,276.5,-1.71,35760.0,395.0,295.0
JBBL,9/20/2022,273.0,274.0,265.0,266.9,-3.47,41461.0,395.0,295.0
JBBL,9/21/2022,270.0,278.0,266.0,269.0,0.79,29834.0,395.0,295.0
JBBL,9/22/2022,272.0,272.0,264.0,265.4,-1.34,26198.0,395.0,295.0
JBBL,9/25/2022,261.0,264.0,259.1,259.9,-2.07,23602.0,395.0,295.0
JBBL,9/27/2022,261.0,270.0,257.0,262.0,0.81,19968.0,395.0,295.0
JBBL,9/28/2022,265.0,270.0,263.1,264.0,0.76,9964.0,395.0,295.0
JBBL,9/29/2022,267.0,272.0,264.5,265.0,0.38,14918.0,395.0,295.0
JBBL,10/9/2022,268.0,283.0,268.0,283.0,6.79,22859.0,395.0,295.0
JBBL,10/10/2022,284.0,287.9,270.5,273.0,-3.53,32032.0,395.0,295.0
JBBL,10/11/2022,273.0,273.0,266.1,268.0,-1.83,22794.0,395.0,295.0
JBBL,10/12/2022,270.0,280.0,266.0,277.0,3.36,25833.0,395.0,295.0
JBBL,10/13/2022,278.0,281.0,276.0,279.0,0.72,16843.0,395.0,295.0
JBBL,10/16/2022,281.0,282.0,273.0,273.0,-2.15,16885.0,395.0,295.0
JBBL,10/17/2022,273.0,276.0,270.5,271.0,-0.73,10746.0,395.0,295.0
JBBL,10/19/2022,270.0,270.0,264.6,264.6,-2.36,24640.0,395.0,295.0
JBBL,10/20/2022,265.0,269.0,261.2,265.9,0.49,13491.0,395.0,295.0
JBBL,10/23/2022,263.0,270.0,263.0,270.0,1.54,12375.0,395.0,295.0
JBBL,10/31/2022,273.0,273.0,263.0,271.0,0.37,29625.0,395.0,295.0
JBBL,11/1/2022,274.0,287.0,269.0,285.1,5.2,39073.0,395.0,295.0
JBBL,11/2/2022,288.9,294.7,282.0,287.5,0.84,33104.0,395.0,295.0
JBBL,11/3/2022,285.0,288.0,280.5,282.0,-1.91,18286.0,395.0,295.0
JBBL,11/6/2022,285.0,295.0,280.0,295.0,4.61,45263.0,395.0,295.0
JBBL,11/7/2022,296.0,300.8,287.0,289.0,-2.03,56743.0,395.0,295.0
JBBL,11/8/2022,289.0,293.0,283.5,286.8,-0.76,24941.0,395.0,295.0
JBBL,11/9/2022,283.2,289.0,275.0,277.9,-3.1,29966.0,395.0,295.0
JBBL,11/10/2022,276.2,281.0,270.0,270.1,-2.81,27801.0,395.0,295.0
JBBL,11/13/2022,267.6,279.4,267.6,272.0,0.7,14946.0,395.0,295.0
JBBL,11/14/2022,269.0,280.5,269.0,279.3,2.68,11541.0,395.0,295.0
JBBL,11/15/2022,282.0,284.8,273.0,275.0,-1.54,16714.0,395.0,295.0
JBBL,11/16/2022,278.0,283.0,275.0,281.0,2.18,11850.0,395.0,295.0
JBBL,11/17/2022,284.0,294.0,283.0,289.0,2.85,27890.0,395.0,295.0
JBBL,11/22/2022,293.0,300.0,280.0,284.0,-1.73,18428.0,395.0,295.0
JBBL,11/23/2022,287.0,287.0,277.1,284.0,0.0,11008.0,395.0,295.0
JBBL,11/24/2022,280.0,288.0,280.0,288.0,1.41,11096.0,395.0,295.0
JBBL,11/27/2022,290.9,294.7,282.3,294.7,2.33,33680.0,395.0,295.0
JBBL,11/28/2022,298.0,299.9,287.0,289.0,-1.93,23778.0,395.0,295.0
JBBL,11/29/2022,285.0,294.0,284.0,292.9,1.35,16779.0,395.0,295.0
JBBL,11/30/2022,289.0,291.0,287.0,289.8,-1.06,19480.0,395.0,295.0
JBBL,12/1/2022,288.0,293.0,286.0,292.0,0.76,17724.0,395.0,295.0
JBBL,12/4/2022,290.0,294.0,288.0,291.0,-0.34,18047.0,395.0,295.0
JBBL,12/5/2022,285.2,290.9,283.0,284.0,-2.41,20141.0,395.0,295.0
JBBL,12/6/2022,281.0,284.0,280.1,282.0,-0.7,16262.0,395.0,295.0
JBBL,12/7/2022,278.1,282.0,277.0,277.0,-1.77,20065.0,395.0,295.0
JBBL,12/11/2022,276.0,277.0,271.0,271.1,-2.13,17041.0,395.0,295.0
JBBL,12/12/2022,272.0,280.0,272.0,280.0,3.28,24562.0,395.0,295.0
JBBL,12/13/2022,277.0,281.0,275.0,280.0,0.0,9550.0,395.0,295.0
JBBL,12/14/2022,280.0,280.0,275.0,275.0,-1.79,11900.0,395.0,295.0
JBBL,12/15/2022,270.0,276.5,270.0,274.0,-0.36,4740.0,395.0,295.0
JBBL,12/18/2022,273.0,273.0,268.0,269.0,-1.82,17210.0,395.0,295.0
JBBL,12/19/2022,270.0,272.9,266.2,269.0,0.0,12940.0,395.0,295.0
JBBL,12/20/2022,273.4,273.4,267.0,270.0,0.37,12409.0,395.0,295.0
JBBL,12/21/2022,266.0,271.7,266.0,266.0,-1.48,10149.0,395.0,295.0
JBBL,12/22/2022,265.0,268.5,264.6,266.9,0.34,11246.0,395.0,295.0
JBBL,12/26/2022,270.0,289.0,270.0,288.5,8.09,39312.0,395.0,295.0
JBBL,12/27/2022,292.0,299.9,290.0,295.0,2.25,71926.0,395.0,295.0
JBBL,12/28/2022,290.1,296.0,286.2,288.0,-2.37,44395.0,395.0,295.0
JBBL,12/29/2022,286.0,299.8,285.0,298.0,3.47,45156.0,395.0,295.0
JBBL,1/1/2023,302.8,310.0,296.1,300.0,0.67,96840.0,395.0,295.0
JBBL,1/2/2023,300.0,307.0,294.0,304.0,1.33,57474.0,395.0,295.0
JBBL,1/3/2023,300.1,308.0,300.1,302.0,-0.66,53436.0,395.0,295.0
JBBL,1/4/2023,297.0,315.0,297.0,313.0,3.64,82172.0,395.0,295.0
JBBL,1/5/2023,319.2,325.0,309.0,316.0,0.96,120222.0,395.0,295.0
JBBL,1/8/2023,309.7,323.0,305.0,315.0,-0.32,251437.0,395.0,295.0
JBBL,1/9/2023,309.0,326.0,309.0,324.5,3.02,182156.0,395.0,295.0
JBBL,1/10/2023,328.0,344.0,318.4,324.0,-0.15,228811.0,395.0,295.0
JBBL,1/12/2023,330.4,345.0,313.0,316.0,-2.47,192459.0,395.0,295.0
JBBL,1/17/2023,321.0,327.0,310.7,325.0,2.85,73575.0,395.0,295.0
JBBL,1/18/2023,326.9,337.0,322.1,324.0,-0.31,146615.0,395.0,295.0
JBBL,1/19/2023,320.3,329.6,320.3,323.0,-0.31,40098.0,395.0,295.0
JBBL,1/23/2023,317.0,318.0,306.8,308.0,-4.64,121384.0,395.0,295.0
JBBL,1/24/2023,308.0,310.0,300.5,309.0,0.32,57861.0,395.0,295.0
JBBL,1/25/2023,307.0,318.0,307.0,315.0,1.94,72540.0,395.0,295.0
JBBL,1/26/2023,318.8,318.9,308.7,310.0,-1.59,37417.0,395.0,295.0
JBBL,1/29/2023,305.4,311.0,304.0,304.2,-1.87,43287.0,395.0,295.0
JBBL,1/30/2023,304.0,306.0,296.0,297.0,-2.37,81518.0,395.0,295.0
JBBL,1/31/2023,301.8,302.0,294.0,295.2,-0.61,43162.0,395.0,295.0
JBBL,2/1/2023,293.1,306.0,292.2,305.0,3.32,66923.0,395.0,295.0
JBBL,2/2/2023,303.0,305.9,295.0,299.0,-1.97,28127.0,395.0,295.0
JBBL,2/5/2023,295.6,306.0,295.5,300.0,0.33,44750.0,395.0,295.0
JBBL,2/6/2023,300.0,305.0,296.0,299.0,-0.33,31339.0,395.0,295.0
JBBL,2/7/2023,301.0,315.0,300.0,314.0,5.02,76151.0,395.0,295.0
JBBL,2/8/2023,319.1,324.0,310.0,311.0,-0.96,78937.0,395.0,295.0
JBBL,2/9/2023,308.1,318.0,307.0,316.0,1.61,86123.0,395.0,295.0
JBBL,2/12/2023,300.7,305.0,294.0,296.0,-6.33,74700.0,395.0,295.0
JBBL,2/14/2023,296.0,296.9,292.0,292.0,-1.35,27166.0,395.0,295.0
JBBL,2/15/2023,290.0,295.0,286.2,287.0,-1.71,47428.0,395.0,295.0
JBBL,2/16/2023,287.1,290.0,281.0,283.0,-1.39,45652.0,395.0,295.0
JBBL,2/20/2023,280.1,284.0,277.0,279.0,-1.41,44420.0,395.0,295.0
JBBL,2/22/2023,279.0,287.9,279.0,287.0,2.87,29274.0,395.0,295.0
JBBL,2/23/2023,287.0,290.0,278.0,279.0,-2.79,36822.0,395.0,295.0
JBBL,2/26/2023,274.0,283.0,265.0,283.0,1.43,53488.0,395.0,295.0
JBBL,2/27/2023,283.0,285.0,272.6,278.0,-1.77,39516.0,395.0,295.0
JBBL,2/28/2023,279.0,282.0,275.0,275.0,-1.08,29164.0,395.0,295.0
JBBL,3/1/2023,276.0,279.0,271.7,272.5,-0.91,14745.0,395.0,295.0
JBBL,3/2/2023,272.0,274.0,269.0,271.5,-0.37,23561.0,395.0,295.0
JBBL,3/5/2023,275.0,276.0,269.0,270.0,-0.55,20908.0,395.0,295.0
JBBL,3/7/2023,270.0,277.0,269.5,273.5,1.3,22847.0,395.0,295.0
JBBL,3/9/2023,277.0,282.7,276.0,282.7,3.36,26122.0,395.0,295.0
JBBL,3/12/2023,287.2,287.2,276.4,277.9,-1.7,35019.0,395.0,295.0
JBBL,3/13/2023,272.5,275.0,271.0,273.7,-1.51,27940.0,395.0,295.0
JBBL,3/14/2023,274.0,277.3,271.0,274.0,0.11,13353.0,395.0,295.0
JBBL,3/15/2023,277.7,277.7,270.0,271.9,-0.77,22355.0,395.0,295.0
JBBL,3/16/2023,272.0,276.0,270.0,274.9,1.1,7598.0,395.0,295.0
JBBL,3/19/2023,274.0,275.0,270.0,274.0,-0.33,14125.0,395.0,295.0
JBBL,3/20/2023,274.0,279.9,274.0,279.9,2.15,15731.0,395.0,295.0
JBBL,3/22/2023,279.9,281.0,276.0,276.2,-1.32,10519.0,395.0,295.0
JBBL,3/23/2023,273.0,276.0,271.2,273.0,-1.16,16041.0,395.0,295.0
JBBL,3/26/2023,271.5,273.0,267.0,268.5,-1.65,22474.0,395.0,295.0
JBBL,3/27/2023,268.5,277.0,265.0,274.0,2.05,24352.0,395.0,295.0
JBBL,3/28/2023,278.4,278.4,269.1,272.9,-0.4,42886.0,395.0,295.0
JBBL,3/29/2023,268.1,272.0,268.0,270.0,-1.06,17332.0,395.0,295.0
JBBL,3/30/2023,270.0,274.6,270.0,272.1,0.78,7297.0,395.0,295.0
JBBL,4/2/2023,276.4,276.4,267.0,269.0,-1.14,12711.0,395.0,295.0
JBBL,4/3/2023,269.0,269.0,262.0,263.5,-2.04,18841.0,395.0,295.0
JBBL,4/4/2023,264.0,266.0,261.0,262.5,-0.38,17315.0,395.0,295.0
JBBL,4/5/2023,260.1,265.0,260.1,265.0,0.95,10639.0,395.0,295.0
JBBL,4/6/2023,265.0,265.0,260.0,261.5,-1.32,19175.0,395.0,295.0
JBBL,4/9/2023,259.0,261.0,255.0,256.0,-2.1,23844.0,395.0,295.0
JBBL,4/10/2023,261.1,266.3,256.0,258.8,1.09,10224.0,395.0,295.0
JBBL,4/11/2023,259.2,264.0,259.1,264.0,2.01,11082.0,395.0,295.0
JBBL,4/12/2023,267.9,281.8,267.9,281.8,6.74,34077.0,395.0,295.0
JBBL,4/13/2023,282.0,284.8,274.0,276.9,-1.74,27616.0,395.0,295.0
JBBL,4/16/2023,276.0,278.0,272.0,275.0,-0.69,7094.0,395.0,295.0
JBBL,4/17/2023,275.0,277.0,266.3,268.9,-2.22,16117.0,395.0,295.0
JBBL,4/18/2023,265.1,270.5,259.1,266.0,-1.08,20032.0,395.0,295.0
JBBL,4/19/2023,268.0,271.0,265.2,271.0,1.88,11835.0,395.0,295.0
JBBL,4/20/2023,267.0,269.9,265.0,266.0,-1.85,7307.0,395.0,295.0
JBBL,4/23/2023,264.0,264.0,258.0,258.0,-3.01,18848.0,395.0,295.0
JBBL,4/24/2023,263.0,263.1,258.3,262.0,1.55,7562.0,395.0,295.0
JBBL,4/25/2023,264.0,264.8,259.1,263.1,0.42,11905.0,395.0,295.0
JBBL,4/26/2023,263.0,264.1,259.0,261.0,-0.8,11559.0,395.0,295.0
JBBL,4/27/2023,260.0,261.0,258.1,259.1,-0.73,6337.0,395.0,295.0
JBBL,4/30/2023,262.0,262.0,256.0,257.0,-0.81,7890.0,395.0,295.0
JBBL,5/2/2023,260.5,260.5,255.1,255.1,-0.74,8264.0,395.0,295.0
JBBL,5/3/2023,255.1,258.0,253.0,254.4,-0.27,10159.0,395.0,295.0
JBBL,5/4/2023,255.1,262.0,253.0,258.0,1.42,14039.0,395.0,295.0
JBBL,5/7/2023,261.8,261.8,256.0,258.0,0.0,3005.0,395.0,295.0
JBBL,5/8/2023,256.0,259.0,254.0,256.0,-0.78,8128.0,395.0,295.0
JBBL,5/9/2023,253.1,260.0,252.0,256.0,0.0,14537.0,395.0,295.0
JBBL,5/10/2023,255.0,259.5,255.0,255.0,-0.39,7040.0,395.0,295.0
JBBL,5/11/2023,251.1,257.0,251.1,255.0,0.0,8434.0,395.0,295.0
JBBL,5/14/2023,254.0,256.0,251.8,252.8,-0.86,10677.0,395.0,295.0
JBBL,5/15/2023,250.0,254.0,249.1,254.0,0.47,15326.0,395.0,295.0
JBBL,5/16/2023,255.0,255.0,251.0,252.9,-0.43,7646.0,395.0,295.0
JBBL,5/17/2023,252.0,259.9,251.3,259.9,2.77,12789.0,395.0,295.0
JBBL,5/18/2023,259.9,272.9,259.1,267.0,2.73,38834.0,395.0,295.0
JBBL,5/21/2023,267.0,272.0,265.0,267.0,0.0,26340.0,395.0,295.0
JBBL,5/22/2023,262.1,268.7,262.0,265.1,-0.71,12701.0,395.0,295.0
JBBL,5/23/2023,268.0,275.5,267.1,273.5,3.17,32532.0,395.0,295.0
JBBL,5/24/2023,274.0,278.0,268.0,273.0,-0.18,23372.0,395.0,295.0
JBBL,5/28/2023,268.1,276.0,263.0,267.9,-1.87,45837.0,395.0,295.0
JBBL,5/30/2023,263.0,268.0,258.4,262.0,-2.2,25111.0,395.0,295.0
JBBL,5/31/2023,262.0,264.9,254.0,255.0,-2.67,21687.0,395.0,295.0
JBBL,6/1/2023,258.0,260.0,254.0,255.0,0.0,20076.0,395.0,295.0
JBBL,6/4/2023,255.0,267.0,255.0,265.5,4.12,15883.0,395.0,295.0
JBBL,6/5/2023,268.9,270.8,262.0,262.0,-1.32,16198.0,395.0,295.0
JBBL,6/6/2023,266.0,266.0,260.1,264.1,0.8,16796.0,395.0,295.0
JBBL,6/7/2023,258.9,271.0,258.9,267.0,1.1,39586.0,395.0,295.0
JBBL,6/8/2023,266.0,271.8,262.1,267.0,0.0,32210.0,395.0,295.0
JBBL,6/11/2023,265.0,286.6,265.0,283.0,5.99,106161.0,395.0,295.0
JBBL,6/12/2023,285.0,287.0,280.0,282.0,-0.35,69710.0,395.0,295.0
JBBL,6/13/2023,277.1,289.4,276.4,287.0,1.77,46367.0,395.0,295.0
JBBL,6/14/2023,289.9,293.3,278.6,286.0,-0.35,122910.0,395.0,295.0
JBBL,6/15/2023,282.0,288.0,282.0,285.0,-0.35,52100.0,395.0,295.0
JBBL,6/18/2023,283.0,292.4,282.3,291.0,2.11,71135.0,395.0,295.0
JBBL,6/19/2023,290.0,305.0,288.0,297.9,2.37,125635.0,395.0,295.0
JBBL,6/20/2023,303.8,309.0,295.3,299.0,0.37,169133.0,395.0,295.0
JBBL,6/21/2023,302.0,302.0,288.5,292.0,-2.34,59676.0,395.0,295.0
JBBL,6/22/2023,292.0,295.0,287.0,290.0,-0.68,39044.0,395.0,295.0
JBBL,6/25/2023,290.0,308.8,287.1,308.8,6.48,111544.0,395.0,295.0
JBBL,6/26/2023,314.9,314.9,302.0,306.0,-0.91,92173.0,395.0,295.0
JBBL,6/27/2023,311.0,314.1,305.0,313.7,2.52,97057.0,395.0,295.0
JBBL,6/28/2023,314.0,317.0,300.0,302.8,-3.47,69422.0,395.0,295.0
JBBL,7/2/2023,297.0,305.0,288.1,288.1,-4.85,70157.0,395.0,295.0
JBBL,7/3/2023,289.0,295.0,281.3,283.0,-1.77,71305.0,395.0,295.0
JBBL,7/4/2023,282.0,292.0,282.0,288.0,1.77,35552.0,395.0,295.0
JBBL,7/5/2023,288.3,293.5,283.9,284.8,-1.11,23102.0,395.0,295.0
JBBL,7/6/2023,281.2,288.0,281.2,286.1,0.46,33017.0,395.0,295.0
JBBL,7/9/2023,290.0,295.0,288.2,293.0,2.41,41174.0,395.0,295.0
JBBL,7/10/2023,296.0,298.0,288.8,288.8,-1.43,33660.0,395.0,295.0
JBBL,7/11/2023,286.0,307.0,286.0,302.0,4.57,98699.0,395.0,295.0
JBBL,7/12/2023,308.0,309.7,301.1,303.0,0.33,48767.0,395.0,295.0
JBBL,7/13/2023,308.0,308.0,296.0,297.0,-1.98,68272.0,395.0,295.0
JBBL,7/16/2023,301.0,302.0,290.3,298.0,0.34,29852.0,395.0,295.0
JBBL,7/17/2023,300.0,312.0,295.1,312.0,4.7,68872.0,395.0,295.0
JBBL,7/18/2023,314.0,315.8,306.0,308.0,-1.28,80300.0,395.0,295.0
JBBL,7/19/2023,305.1,324.2,305.0,321.6,4.42,227908.0,395.0,295.0
JBBL,7/20/2023,315.2,334.9,315.2,331.0,2.92,254598.0,395.0,295.0
JBBL,7/23/2023,335.0,357.0,329.1,353.0,6.65,402467.0,395.0,295.0
JBBL,7/24/2023,355.0,355.0,338.0,344.0,-2.55,282607.0,395.0,295.0
JBBL,7/25/2023,344.0,344.0,333.0,340.0,-1.16,186793.0,395.0,295.0
JBBL,7/26/2023,342.0,343.9,332.6,334.0,-1.76,119380.0,395.0,295.0
JBBL,7/27/2023,336.0,337.0,324.0,325.0,-2.69,108178.0,395.0,295.0
JBBL,7/30/2023,329.0,329.0,315.0,319.8,-1.6,104873.0,395.0,295.0
JBBL,7/31/2023,322.0,325.0,317.0,318.0,-0.56,60659.0,395.0,295.0
JBBL,8/1/2023,324.3,324.3,307.9,308.0,-3.14,160652.0,395.0,295.0
JBBL,8/2/2023,312.0,315.0,307.1,315.0,2.27,48854.0,395.0,295.0
JBBL,8/3/2023,317.9,322.0,314.0,318.0,0.95,71229.0,395.0,295.0
JBBL,8/6/2023,312.0,318.5,304.0,307.9,-3.18,70191.0,395.0,295.0
JBBL,8/7/2023,305.0,328.0,302.0,328.0,6.53,94769.0,395.0,295.0
JBBL,8/8/2023,322.0,322.0,308.2,309.0,-5.79,120426.0,395.0,295.0
JBBL,8/9/2023,307.0,319.2,303.4,318.0,2.91,76710.0,395.0,295.0
JBBL,8/10/2023,320.0,325.0,314.0,318.0,0.0,71750.0,395.0,295.0
JBBL,8/13/2023,319.0,338.0,314.0,318.5,0.16,207051.0,395.0,295.0
JBBL,8/14/2023,322.0,327.9,320.0,324.1,1.76,115944.0,395.0,295.0
JBBL,8/15/2023,328.0,349.0,317.0,317.3,-2.1,68202.0,395.0,295.0
JBBL,8/16/2023,323.6,323.6,312.0,315.0,-0.72,42724.0,395.0,295.0
JBBL,8/17/2023,312.0,321.8,312.0,315.0,0.0,60801.0,395.0,295.0
JBBL,8/20/2023,315.0,316.0,308.7,312.8,-0.7,144887.0,395.0,295.0
JBBL,8/21/2023,316.8,316.9,307.0,308.0,-1.53,33506.0,395.0,295.0
JBBL,8/22/2023,310.0,313.2,306.0,313.0,1.62,34913.0,395.0,295.0
JBBL,8/23/2023,310.0,318.9,310.0,316.0,0.96,36282.0,395.0,295.0
JBBL,8/24/2023,321.0,321.0,307.0,307.0,-2.85,43088.0,395.0,295.0
JBBL,8/27/2023,304.1,309.0,301.0,304.0,-0.98,31814.0,395.0,295.0
JBBL,8/28/2023,301.0,307.5,301.0,307.0,0.99,24685.0,395.0,295.0
JBBL,8/29/2023,305.1,307.5,302.0,303.0,-1.3,17182.0,395.0,295.0
JBBL,8/30/2023,303.0,305.0,300.0,303.0,0.0,35882.0,395.0,295.0
JBBL,9/3/2023,300.0,302.0,294.2,297.2,-1.91,20652.0,395.0,295.0
JBBL,9/4/2023,297.0,319.0,296.0,302.0,1.62,31959.0,395.0,295.0
JBBL,9/5/2023,302.0,303.0,297.0,297.2,-1.59,18926.0,395.0,295.0
JBBL,9/7/2023,294.0,297.2,288.0,291.0,-2.09,51430.0,395.0,295.0
JBBL,9/10/2023,292.0,294.5,290.0,293.7,0.93,14978.0,395.0,295.0
JBBL,9/11/2023,294.5,304.9,294.5,302.0,2.83,47768.0,395.0,295.0
JBBL,9/12/2023,303.0,305.5,296.0,296.0,-1.99,26710.0,395.0,295.0
JBBL,9/13/2023,300.0,312.0,297.5,310.0,4.73,53945.0,395.0,295.0
JBBL,9/17/2023,306.0,306.1,296.0,298.9,-3.58,36142.0,395.0,295.0
JBBL,9/18/2023,295.0,303.0,293.1,300.0,0.37,20179.0,395.0,295.0
JBBL,9/19/2023,300.0,305.0,299.0,304.9,1.63,16977.0,395.0,295.0
JBBL,9/21/2023,309.0,320.0,307.0,314.0,2.98,100660.0,395.0,295.0
JBBL,9/24/2023,308.0,316.7,308.0,311.0,-0.96,40314.0,395.0,295.0
JBBL,9/25/2023,304.8,323.5,304.1,309.7,-0.42,32381.0,395.0,295.0
JBBL,9/26/2023,314.0,315.8,309.0,309.0,-0.23,31845.0,395.0,295.0
JBBL,9/27/2023,309.0,310.0,298.0,308.0,-0.32,85070.0,395.0,295.0
JBBL,10/1/2023,302.2,304.1,298.0,300.0,-2.6,41814.0,395.0,295.0
JBBL,10/2/2023,299.0,306.0,297.0,303.0,1.0,29857.0,395.0,295.0
JBBL,10/3/2023,304.0,305.0,298.2,299.9,-1.02,25947.0,395.0,295.0
JBBL,10/4/2023,304.0,305.8,298.1,305.0,1.7,25303.0,395.0,295.0
JBBL,10/5/2023,300.5,304.9,299.0,301.0,-1.31,34589.0,395.0,295.0
JBBL,10/8/2023,301.0,301.0,293.1,293.1,-2.62,42024.0,395.0,295.0
JBBL,10/9/2023,290.2,297.0,290.1,292.0,-0.38,28556.0,395.0,295.0
JBBL,10/10/2023,296.0,296.0,289.3,289.7,-0.79,26848.0,395.0,295.0
JBBL,10/11/2023,290.9,295.0,287.0,293.0,1.14,26720.0,395.0,295.0
JBBL,10/12/2023,288.3,292.9,285.7,286.0,-2.39,75023.0,395.0,295.0
JBBL,10/16/2023,285.0,289.8,282.0,282.3,-1.29,14781.0,395.0,295.0
JBBL,10/17/2023,286.0,288.9,283.1,283.9,0.57,15929.0,395.0,295.0
JBBL,10/18/2023,286.0,310.0,282.0,310.0,9.19,41442.0,395.0,295.0
JBBL,10/19/2023,304.0,304.0,290.1,294.7,-4.94,44166.0,395.0,295.0
JBBL,10/29/2023,290.2,290.2,285.0,285.5,-3.12,16811.0,395.0,295.0
JBBL,10/30/2023,288.0,291.0,281.1,291.0,1.93,13170.0,395.0,295.0
JBBL,10/31/2023,294.0,294.0,283.0,288.6,-0.82,16699.0,395.0,295.0
JBBL,11/1/2023,285.0,289.9,282.0,284.0,-1.59,15316.0,395.0,295.0
JBBL,11/2/2023,282.0,287.0,281.0,281.0,-1.06,12072.0,395.0,295.0
JBBL,11/5/2023,275.4,279.0,270.0,274.9,-2.17,18649.0,395.0,295.0
JBBL,11/6/2023,275.0,281.0,275.0,278.9,1.46,14750.0,395.0,295.0
JBBL,11/7/2023,283.0,283.0,275.0,278.0,-0.32,16234.0,395.0,295.0
JBBL,11/8/2023,282.0,282.0,273.0,277.0,-0.36,10714.0,395.0,295.0
JBBL,11/9/2023,277.0,277.0,270.2,276.0,-0.36,23165.0,395.0,295.0
JBBL,11/20/2023,279.5,279.5,269.0,270.0,-2.17,36250.0,395.0,295.0
JBBL,11/21/2023,274.0,274.0,259.8,266.0,-1.48,29892.0,395.0,295.0
JBBL,11/22/2023,269.0,271.0,261.1,271.0,1.88,27160.0,395.0,295.0
JBBL,11/23/2023,274.9,281.0,266.0,279.0,2.95,28486.0,395.0,295.0
JBBL,11/26/2023,281.8,287.0,275.0,287.0,2.87,35423.0,395.0,295.0
JBBL,11/27/2023,285.0,292.0,280.0,280.0,-2.44,26427.0,395.0,295.0
JBBL,11/28/2023,281.0,284.9,276.0,279.0,-0.36,17715.0,395.0,295.0
JBBL,11/29/2023,273.5,281.3,271.0,274.0,-1.79,22225.0,395.0,295.0
JBBL,11/30/2023,270.0,274.0,269.0,273.0,-0.36,17088.0,395.0,295.0
JBBL,12/3/2023,278.4,278.4,268.0,273.0,0.0,9998.0,395.0,295.0
JBBL,12/4/2023,270.0,275.9,268.1,275.0,0.73,20590.0,395.0,295.0
JBBL,12/5/2023,270.2,274.0,265.0,270.9,-1.49,33368.0,395.0,295.0
JBBL,12/6/2023,267.1,272.9,267.1,270.0,-0.33,13178.0,395.0,295.0
JBBL,12/7/2023,272.9,274.0,267.5,274.0,1.48,24411.0,395.0,295.0
JBBL,12/10/2023,279.4,297.0,277.0,297.0,8.39,5212.0,395.0,295.0
JBBL,12/11/2023,297.0,300.0,281.0,287.0,-3.37,91054.0,395.0,295.0
JBBL,12/12/2023,290.0,295.9,287.0,294.9,2.75,76069.0,395.0,295.0
JBBL,12/13/2023,297.9,306.0,291.1,300.0,1.73,85161.0,395.0,295.0
JBBL,12/14/2023,300.0,305.7,298.0,302.0,0.67,70496.0,395.0,295.0
JBBL,12/17/2023,296.0,310.0,294.1,309.9,2.62,79139.0,395.0,295.0
JBBL,12/18/2023,306.0,328.0,306.0,321.9,3.87,211115.0,395.0,295.0
JBBL,12/19/2023,317.1,321.9,310.0,319.0,-0.9,88952.0,395.0,295.0
JBBL,12/20/2023,320.0,322.0,312.0,319.2,0.06,167618.0,395.0,295.0
JBBL,12/21/2023,324.0,324.0,305.0,305.8,-4.2,111050.0,395.0,295.0
JBBL,12/24/2023,304.0,311.0,296.6,296.6,-3.01,91077.0,395.0,295.0
JBBL,12/27/2023,296.0,307.0,293.0,294.0,-0.88,89280.0,395.0,295.0
JBBL,12/28/2023,297.9,302.0,293.0,294.9,0.31,46137.0,395.0,295.0
JBBL,1/1/2024,300.7,302.9,291.0,291.5,-1.15,57181.0,395.0,295.0
JBBL,1/2/2024,285.7,296.0,285.0,287.9,-1.23,70706.0,395.0,295.0
JBBL,1/3/2024,288.3,292.2,286.1,291.0,1.08,50490.0,395.0,295.0
JBBL,1/4/2024,292.0,295.1,288.1,288.5,-0.86,37621.0,395.0,295.0
JBBL,1/7/2024,287.0,292.9,285.0,285.0,-1.21,38264.0,395.0,295.0
JBBL,1/8/2024,289.0,294.0,285.0,293.0,2.81,40188.0,395.0,295.0
JBBL,1/9/2024,295.0,315.8,295.0,310.0,5.8,162070.0,395.0,295.0
JBBL,1/10/2024,310.0,322.0,307.0,308.0,-0.65,117830.0,395.0,295.0
JBBL,1/11/2024,308.0,311.9,303.1,306.4,-0.52,52001.0,395.0,295.0
JBBL,1/14/2024,312.5,316.0,307.0,312.5,1.99,117916.0,395.0,295.0
JBBL,1/16/2024,317.0,327.0,316.0,324.0,3.68,194806.0,395.0,295.0
JBBL,1/17/2024,328.0,338.6,320.0,322.1,-0.59,314130.0,395.0,295.0
JBBL,1/18/2024,318.1,326.0,315.7,316.8,-1.65,162731.0,395.0,295.0
JBBL,1/21/2024,311.0,317.0,306.8,308.0,-2.78,141866.0,395.0,295.0
JBBL,1/22/2024,307.0,312.9,299.0,301.0,-2.27,87521.0,395.0,295.0
JBBL,1/23/2024,305.0,307.0,299.3,302.0,0.33,59961.0,395.0,295.0
JBBL,1/24/2024,301.0,306.0,296.0,297.6,-1.46,46990.0,395.0,295.0
JBBL,1/25/2024,302.0,306.0,296.5,301.0,1.14,35171.0,395.0,295.0
JBBL,1/28/2024,297.5,307.0,297.0,305.0,1.33,34529.0,395.0,295.0
JBBL,1/29/2024,306.0,309.0,301.0,304.0,-0.33,39469.0,395.0,295.0
JBBL,1/30/2024,304.0,311.0,302.0,307.9,1.28,59211.0,395.0,295.0
JBBL,1/31/2024,311.9,312.0,300.0,300.0,-2.57,30328.0,395.0,295.0
JBBL,2/1/2024,300.0,300.0,295.3,296.0,-1.33,43126.0,395.0,295.0
JBBL,2/4/2024,300.0,300.0,290.1,298.9,0.98,43807.0,395.0,295.0
JBBL,2/5/2024,304.8,304.8,297.1,301.5,0.87,18174.0,395.0,295.0
JBBL,2/6/2024,303.9,303.9,297.3,300.7,-0.27,19801.0,395.0,295.0
JBBL,2/7/2024,301.0,304.0,300.9,301.0,0.1,27174.0,395.0,295.0
JBBL,2/8/2024,300.0,308.9,299.2,306.9,1.96,43503.0,395.0,295.0
JBBL,2/11/2024,310.0,313.0,304.3,308.0,0.36,45692.0,395.0,295.0
JBBL,2/12/2024,310.0,310.0,303.0,309.8,0.58,25938.0,395.0,295.0
JBBL,2/13/2024,304.0,305.9,299.3,300.9,-2.87,46911.0,395.0,295.0
JBBL,2/14/2024,297.0,315.0,297.0,309.0,2.69,82171.0,395.0,295.0
JBBL,2/15/2024,311.5,312.0,303.0,303.0,-1.94,23952.0,395.0,295.0
JBBL,2/18/2024,300.1,302.9,297.0,297.0,-1.98,43574.0,395.0,295.0
JBBL,2/20/2024,295.1,301.0,295.1,297.9,0.3,28134.0,395.0,295.0
JBBL,2/21/2024,300.0,302.9,295.4,297.8,-0.03,19513.0,395.0,295.0
JBBL,2/22/2024,295.1,300.0,295.0,295.0,-0.94,32178.0,395.0,295.0
JBBL,2/25/2024,299.9,299.9,291.3,294.0,-0.34,17727.0,395.0,295.0
JBBL,2/26/2024,297.8,297.8,288.0,293.0,-0.34,23228.0,395.0,295.0
JBBL,2/27/2024,293.0,295.5,288.5,293.0,0.0,19387.0,395.0,295.0
JBBL,2/28/2024,293.0,294.0,288.0,290.0,-1.02,15939.0,395.0,295.0
JBBL,2/29/2024,288.0,293.7,283.0,284.0,-2.07,21631.0,395.0,295.0
JBBL,3/3/2024,280.7,284.9,279.0,283.0,-0.35,27470.0,395.0,295.0
JBBL,3/4/2024,288.6,306.0,288.6,304.9,7.74,8975.0,395.0,295.0
JBBL,3/5/2024,305.0,305.0,290.7,291.0,-4.56,40959.0,395.0,295.0
JBBL,3/6/2024,291.0,298.0,288.1,292.9,0.65,43210.0,395.0,295.0
JBBL,3/7/2024,296.8,297.0,292.3,295.0,0.72,22246.0,395.0,295.0
JBBL,3/10/2024,295.0,301.0,295.0,298.0,1.02,32045.0,395.0,295.0
JBBL,3/12/2024,300.0,306.0,298.3,306.0,2.68,61236.0,395.0,295.0
JBBL,3/13/2024,312.1,315.0,303.3,304.0,-0.65,64001.0,395.0,295.0
JBBL,3/14/2024,305.9,306.0,298.0,298.1,-1.94,29728.0,395.0,295.0
JBBL,3/17/2024,300.0,313.0,298.1,303.4,1.78,65140.0,395.0,295.0
JBBL,3/18/2024,302.0,309.4,301.5,306.0,0.86,47349.0,395.0,295.0
JBBL,3/19/2024,306.1,311.0,304.0,307.0,0.33,48718.0,395.0,295.0
JBBL,3/20/2024,309.0,312.0,300.9,302.0,-1.63,37926.0,395.0,295.0
JBBL,3/21/2024,302.0,304.0,298.2,300.0,-0.66,40699.0,395.0,295.0
JBBL,3/25/2024,300.0,300.0,293.0,293.0,-2.33,19163.0,395.0,295.0
JBBL,3/26/2024,298.0,300.0,292.3,295.0,0.68,32009.0,395.0,295.0
JBBL,3/27/2024,293.1,304.0,291.0,292.9,-0.71,12823.0,395.0,295.0
JBBL,3/28/2024,292.9,296.3,288.6,292.0,-0.31,34604.0,395.0,295.0
JBBL,3/31/2024,292.0,293.0,289.0,289.3,-0.92,25088.0,395.0,295.0
JBBL,4/1/2024,291.9,291.9,287.0,288.9,-0.14,22956.0,395.0,295.0
JBBL,4/2/2024,290.0,292.7,286.2,290.0,0.38,23390.0,395.0,295.0
JBBL,4/3/2024,290.0,293.0,287.3,287.7,-0.79,12843.0,395.0,295.0
JBBL,4/4/2024,287.0,291.9,286.6,286.7,-0.35,30800.0,395.0,295.0
JBBL,4/7/2024,287.0,299.8,287.0,297.0,3.59,44481.0,395.0,295.0
JBBL,4/9/2024,300.0,303.0,297.6,299.0,0.67,55808.0,395.0,295.0
JBBL,4/10/2024,303.0,303.0,292.1,294.0,-1.67,26471.0,395.0,295.0
JBBL,4/14/2024,292.1,295.9,290.5,291.0,-1.02,18325.0,395.0,295.0
JBBL,4/15/2024,291.0,295.0,288.5,289.0,-0.69,60256.0,395.0,295.0
JBBL,4/16/2024,294.6,294.6,287.6,289.9,0.31,33050.0,395.0,295.0
JBBL,4/18/2024,285.0,286.0,280.3,281.0,-3.07,34244.0,395.0,295.0
JBBL,4/21/2024,280.0,285.9,280.0,285.0,1.42,25580.0,395.0,295.0
JBBL,4/22/2024,285.1,286.0,279.0,280.0,-1.75,29235.0,395.0,295.0
JBBL,4/24/2024,285.0,285.0,277.3,278.2,-0.64,20555.0,395.0,295.0
JBBL,4/25/2024,280.0,283.6,278.1,278.3,0.04,17781.0,395.0,295.0
JBBL,4/28/2024,277.1,292.0,275.0,285.0,2.41,51216.0,395.0,295.0
JBBL,4/29/2024,285.9,294.4,285.9,291.0,2.11,47538.0,395.0,295.0
JBBL,4/30/2024,296.8,311.0,292.0,305.0,4.81,228092.0,395.0,295.0
JBBL,5/2/2024,305.0,308.9,293.5,294.6,-3.41,86099.0,395.0,295.0
JBBL,5/5/2024,289.1,298.9,289.0,289.0,-1.9,35663.0,395.0,295.0
JBBL,5/6/2024,290.0,295.0,290.0,292.0,1.04,34252.0,395.0,295.0
JBBL,5/7/2024,295.5,295.5,286.5,288.0,-1.37,31858.0,395.0,295.0
JBBL,5/8/2024,286.0,289.8,285.0,287.0,-0.35,32437.0,395.0,295.0
JBBL,5/9/2024,285.1,292.0,285.1,292.0,1.74,48945.0,395.0,295.0
JBBL,5/12/2024,297.8,299.9,291.0,295.0,1.03,68136.0,395.0,295.0
JBBL,5/13/2024,299.0,299.4,295.0,297.0,0.68,39034.0,395.0,295.0
JBBL,5/14/2024,295.1,299.0,295.0,299.0,0.67,53712.0,395.0,295.0
JBBL,5/15/2024,299.0,306.0,295.6,298.0,-0.33,70669.0,395.0,295.0
JBBL,5/16/2024,298.0,300.0,292.3,295.9,-0.7,31917.0,395.0,295.0
JBBL,5/19/2024,301.8,301.8,292.6,296.9,0.34,64399.0,395.0,295.0
JBBL,5/20/2024,301.0,301.3,296.4,297.9,0.34,57990.0,395.0,295.0
JBBL,5/21/2024,302.0,303.0,296.1,297.2,-0.23,36633.0,395.0,295.0
JBBL,5/22/2024,300.0,302.5,296.5,298.0,0.27,54334.0,395.0,295.0
JBBL,5/26/2024,300.9,300.9,293.2,293.8,-1.41,34812.0,395.0,295.0
JBBL,5/27/2024,295.2,298.2,294.0,295.8,0.68,22155.0,395.0,295.0
JBBL,5/29/2024,296.0,299.4,292.0,294.0,-0.61,32983.0,395.0,295.0
JBBL,5/30/2024,291.0,292.0,288.8,291.0,-1.02,42063.0,395.0,295.0
JBBL,6/2/2024,289.1,293.2,289.0,292.0,0.34,31545.0,395.0,295.0
JBBL,6/3/2024,297.0,297.0,288.0,288.1,-1.34,31495.0,395.0,295.0
JBBL,6/4/2024,293.0,293.0,286.0,287.6,-0.17,37457.0,395.0,295.0
JBBL,6/5/2024,286.0,288.1,286.0,286.5,-0.38,17580.0,395.0,295.0
JBBL,6/6/2024,286.2,288.9,285.5,286.0,-0.17,22866.0,395.0,295.0
JBBL,6/9/2024,285.0,291.0,284.0,285.0,-0.35,22818.0,395.0,295.0
JBBL,6/10/2024,283.3,288.8,283.3,285.8,0.28,25552.0,395.0,295.0
JBBL,6/11/2024,285.5,290.6,285.3,289.5,1.29,33373.0,395.0,295.0
JBBL,6/12/2024,292.0,293.6,287.5,290.0,0.17,33673.0,395.0,295.0
JBBL,6/13/2024,295.8,302.9,285.1,293.1,1.07,121550.0,395.0,295.0
JBBL,6/16/2024,293.0,297.4,288.6,288.8,-1.47,39844.0,395.0,295.0
JBBL,6/18/2024,294.5,294.5,286.4,286.6,-0.76,26286.0,395.0,295.0
JBBL,6/19/2024,287.0,290.0,285.0,286.0,-0.21,25749.0,395.0,295.0
JBBL,6/20/2024,290.0,290.0,284.0,286.0,0.0,40739.0,395.0,295.0
JBBL,6/23/2024,290.1,290.1,283.1,284.7,-0.45,25048.0,395.0,295.0
JBBL,6/24/2024,285.0,288.0,283.0,287.0,0.81,37293.0,395.0,295.0
JBBL,6/25/2024,289.0,292.7,287.0,289.0,0.7,39151.0,395.0,295.0
JBBL,6/26/2024,284.2,289.8,284.1,284.2,-1.66,17090.0,395.0,295.0
JBBL,6/27/2024,289.7,289.7,281.0,284.0,-0.07,23428.0,395.0,295.0
JBBL,6/30/2024,284.0,284.0,279.1,282.5,-0.53,29237.0,395.0,295.0
JBBL,7/1/2024,285.9,285.9,280.0,285.0,0.88,18962.0,395.0,295.0
JBBL,7/2/2024,290.7,302.4,287.0,290.0,1.75,62522.0,395.0,295.0
JBBL,7/3/2024,290.0,300.0,284.6,299.9,3.41,101050.0,395.0,295.0
JBBL,7/4/2024,302.0,317.0,300.0,312.0,4.03,392122.0,395.0,295.0
JBBL,7/7/2024,312.0,318.8,311.5,314.0,0.64,171832.0,395.0,295.0
JBBL,7/8/2024,310.0,316.0,307.0,309.8,-1.34,69255.0,395.0,295.0
JBBL,7/9/2024,310.0,324.0,310.0,320.0,3.29,211039.0,395.0,295.0
JBBL,7/10/2024,323.0,323.0,315.0,317.0,-0.94,94930.0,395.0,295.0
JBBL,7/11/2024,322.2,322.2,316.3,317.5,0.16,71603.0,395.0,295.0
JBBL,7/14/2024,323.8,332.0,320.0,321.5,1.26,89671.0,395.0,295.0
JBBL,7/15/2024,327.0,327.9,312.7,314.0,-2.33,101825.0,395.0,295.0
JBBL,7/16/2024,317.1,327.9,309.0,327.0,4.14,212172.0,395.0,295.0
JBBL,7/17/2024,333.5,341.5,324.0,340.9,4.25,228398.0,395.0,295.0
JBBL,7/18/2024,342.9,352.5,335.1,339.0,-0.56,269946.0,395.0,295.0
JBBL,7/21/2024,345.0,346.9,335.0,342.7,1.09,235280.0,395.0,295.0
JBBL,7/22/2024,347.9,349.0,334.0,343.9,0.35,172320.0,395.0,295.0
JBBL,7/23/2024,343.0,355.9,337.5,355.0,3.23,205026.0,395.0,295.0
JBBL,7/24/2024,360.0,365.0,340.0,345.0,-2.82,270211.0,395.0,295.0
JBBL,7/25/2024,351.9,351.9,340.2,349.0,1.16,161475.0,395.0,295.0
JBBL,7/28/2024,355.9,378.4,353.0,378.0,8.31,315999.0,395.0,295.0
JBBL,7/29/2024,385.0,385.4,364.0,364.0,-3.7,208704.0,395.0,295.0
JBBL,7/30/2024,360.0,380.0,350.1,374.9,2.99,257019.0,395.0,295.0
JBBL,7/31/2024,375.1,403.9,373.0,393.0,4.83,382117.0,395.0,295.0
JBBL,8/1/2024,395.0,403.8,385.0,389.0,-1.02,285780.0,395.0,295.0
JBBL,8/5/2024,390.0,390.0,372.0,379.1,-2.54,243091.0,395.0,295.0
JBBL,8/6/2024,371.6,380.0,350.0,352.0,-7.15,280530.0,395.0,295.0
JBBL,8/7/2024,350.0,369.0,345.2,366.5,4.12,152510.0,395.0,295.0
JBBL,8/8/2024,373.8,373.8,358.0,360.0,-1.77,155424.0,395.0,295.0
JBBL,8/11/2024,367.0,374.3,360.0,374.0,3.89,214643.0,395.0,295.0
JBBL,8/12/2024,380.9,392.7,380.9,386.0,3.21,304897.0,395.0,295.0
JBBL,8/13/2024,390.0,397.0,378.0,381.0,-1.3,206128.0,395.0,295.0
JBBL,8/14/2024,385.0,397.0,378.0,394.0,3.41,204280.0,395.0,295.0
JBBL,8/15/2024,401.8,409.0,394.1,400.2,1.57,337636.0,395.0,295.0
JBBL,8/18/2024,403.6,403.6,381.0,385.3,-3.72,265486.0,395.0,295.0
JBBL,8/21/2024,390.0,390.0,379.5,380.0,-1.38,172063.0,395.0,295.0
JBBL,8/22/2024,387.5,418.0,387.5,418.0,10.0,907697.0,395.0,295.0
JBBL,8/25/2024,426.3,445.0,416.0,417.9,-0.02,707395.0,395.0,295.0
JBBL,8/27/2024,422.0,422.0,392.0,395.0,-5.48,362847.0,395.0,295.0
JBBL,8/28/2024,398.9,410.1,390.0,392.9,-0.53,180854.0,395.0,295.0
JBBL,8/29/2024,395.0,400.0,380.0,382.0,-2.77,201707.0,395.0,295.0
JBBL,9/1/2024,383.0,389.4,367.0,370.0,-3.14,156215.0,395.0,295.0
JBBL,9/2/2024,372.0,405.0,368.0,398.1,7.59,199428.0,395.0,295.0
JBBL,9/3/2024,402.0,417.0,390.0,403.5,1.36,293673.0,395.0,295.0
JBBL,9/4/2024,409.0,417.1,385.0,386.9,-4.11,318880.0,395.0,295.0
JBBL,9/5/2024,386.9,393.0,376.1,386.0,-0.23,164026.0,395.0,295.0
JBBL,9/8/2024,386.0,393.0,375.0,375.0,-2.85,111162.0,395.0,295.0
JBBL,9/9/2024,372.0,378.8,367.0,367.0,-2.13,145421.0,395.0,295.0
JBBL,9/10/2024,359.7,380.0,356.0,363.0,-1.09,145434.0,395.0,295.0
JBBL,9/11/2024,370.2,370.2,355.8,356.0,-1.93,74041.0,395.0,295.0
JBBL,9/12/2024,348.9,370.0,348.9,369.0,3.65,95150.0,395.0,295.0
JBBL,9/15/2024,371.0,375.8,352.0,354.0,-4.07,102585.0,395.0,295.0
JBBL,9/16/2024,355.0,357.9,345.0,346.0,-2.26,100878.0,395.0,295.0
JBBL,9/18/2024,346.0,355.0,340.3,343.0,-0.87,77605.0,395.0,295.0
JBBL,9/22/2024,348.0,358.8,340.4,345.0,0.58,68251.0,395.0,295.0
JBBL,9/23/2024,348.5,349.0,331.0,331.0,-4.06,77946.0,395.0,295.0
JBBL,9/24/2024,327.0,340.0,324.0,324.9,-1.84,62580.0,395.0,295.0
JBBL,9/25/2024,331.3,335.0,320.2,335.0,3.11,57282.0,395.0,295.0
JBBL,9/26/2024,339.0,339.8,330.0,330.5,-1.34,44431.0,395.0,295.0
JBBL,9/29/2024,324.0,333.5,321.5,322.1,-2.54,70852.0,395.0,295.0
JBBL,9/30/2024,328.5,330.0,323.6,329.5,2.3,36991.0,395.0,295.0
JBBL,10/1/2024,331.0,354.9,331.0,352.0,6.83,90077.0,395.0,295.0
JBBL,10/2/2024,359.0,359.0,341.4,342.5,-2.7,101902.0,395.0,295.0
JBBL,10/6/2024,349.3,358.0,342.7,358.0,4.53,67050.0,395.0,295.0
JBBL,10/7/2024,362.0,370.0,360.0,362.9,1.37,92575.0,395.0,295.0
JBBL,10/8/2024,367.0,367.0,353.0,356.0,-1.9,34917.0,395.0,295.0
JBBL,10/9/2024,359.0,359.8,352.0,355.0,-0.28,33397.0,395.0,295.0
JBBL,10/15/2024,355.0,361.0,355.0,361.0,1.69,29067.0,395.0,295.0
JBBL,10/16/2024,368.2,371.9,361.0,369.0,2.22,38754.0,395.0,295.0
JBBL,10/17/2024,376.3,376.3,363.0,365.0,-1.08,77097.0,395.0,295.0
JBBL,10/20/2024,357.8,370.0,351.0,355.0,-2.74,64076.0,395.0,295.0
JBBL,10/21/2024,362.1,362.1,345.0,347.0,-2.25,80320.0,395.0,295.0
JBBL,10/22/2024,347.0,356.0,347.0,354.1,2.05,42227.0,395.0,295.0
JBBL,10/23/2024,360.0,363.9,351.0,354.0,-0.03,64077.0,395.0,295.0
JBBL,10/24/2024,355.0,355.0,346.1,349.0,-1.41,57915.0,395.0,295.0
JBBL,10/27/2024,355.9,355.9,345.0,348.8,-0.06,27275.0,395.0,295.0
JBBL,10/28/2024,346.0,359.0,345.1,358.0,2.64,35981.0,395.0,295.0
JBBL,10/29/2024,358.0,364.8,358.0,364.0,1.68,43665.0,395.0,295.0
JBBL,10/30/2024,364.0,367.0,357.1,357.1,-1.9,35827.0,395.0,295.0
JBBL,11/5/2024,357.5,363.0,350.4,357.0,-0.03,17997.0,395.0,295.0
JBBL,11/6/2024,363.0,363.0,352.9,362.0,1.4,34298.0,395.0,295.0
JBBL,11/10/2024,362.0,380.0,361.9,377.0,4.14,119434.0,395.0,295.0
JBBL,11/11/2024,383.0,385.0,373.0,376.0,-0.27,77325.0,395.0,295.0
JBBL,11/12/2024,376.0,385.0,370.2,372.0,-1.06,71297.0,395.0,295.0
JBBL,11/13/2024,370.0,375.0,365.0,370.0,-0.54,78340.0,395.0,295.0
JBBL,11/14/2024,372.0,388.2,371.5,383.0,3.51,171030.0,395.0,295.0
JBBL,11/17/2024,384.0,398.0,383.8,389.0,1.57,160771.0,395.0,295.0
JBBL,11/19/2024,389.0,393.0,375.0,376.0,-3.34,139937.0,395.0,295.0
JBBL,11/20/2024,377.0,394.0,369.0,388.0,3.19,166429.0,395.0,295.0
JBBL,11/21/2024,390.0,395.5,378.4,378.5,-2.45,119168.0,395.0,295.0
JBBL,11/24/2024,380.0,382.0,373.1,374.0,-1.19,59921.0,395.0,295.0
JBBL,11/25/2024,375.0,386.0,372.0,379.0,1.34,62489.0,395.0,295.0
JBBL,11/26/2024,386.5,386.5,376.4,381.0,0.53,51808.0,395.0,295.0
JBBL,11/27/2024,381.0,391.0,379.0,387.2,1.63,138841.0,395.0,295.0
JBBL,11/28/2024,392.0,418.0,388.0,394.0,1.76,429847.0,395.0,295.0
JBBL,12/1/2024,393.9,419.0,381.1,417.0,5.84,497428.0,395.0,295.0
JBBL,12/2/2024,425.0,430.9,403.0,406.3,-2.57,402432.0,395.0,295.0
JBBL,12/3/2024,412.0,414.0,398.0,400.0,-1.55,132852.0,395.0,295.0
JBBL,12/4/2024,408.0,408.0,393.5,393.5,-1.62,152028.0,395.0,295.0
JBBL,12/5/2024,400.0,404.0,388.0,392.0,-0.38,202190.0,395.0,295.0
JBBL,12/8/2024,395.0,401.7,383.5,385.0,-1.79,178959.0,395.0,295.0
JBBL,12/9/2024,390.0,395.0,385.1,388.0,0.78,101933.0,395.0,295.0
JBBL,12/10/2024,395.0,395.0,380.0,380.1,-2.04,88287.0,395.0,295.0
JBBL,12/11/2024,381.0,390.0,377.0,389.9,2.58,71583.0,395.0,295.0
JBBL,12/12/2024,385.0,390.5,378.0,380.0,-2.54,78833.0,395.0,295.0
JBBL,12/16/2024,372.4,375.0,365.0,367.0,-3.42,100000.0,395.0,295.0
JBBL,12/17/2024,363.0,370.0,362.0,365.0,-0.54,64098.0,395.0,295.0
JBBL,12/18/2024,370.0,370.0,365.0,367.0,0.55,32977.0,395.0,295.0
JBBL,12/19/2024,366.0,369.0,355.3,356.9,-2.75,65566.0,395.0,295.0
JBBL,12/22/2024,354.0,362.0,354.0,356.8,-0.03,48357.0,395.0,295.0
JBBL,12/23/2024,360.0,365.0,357.0,365.0,2.3,38121.0,395.0,295.0
JBBL,12/24/2024,368.2,377.0,365.3,371.9,1.89,81398.0,395.0,295.0
JBBL,12/26/2024,364.5,370.0,361.5,368.0,-1.05,42226.0,395.0,295.0
JBBL,12/29/2024,361.1,366.9,356.0,359.9,-2.2,65841.0,395.0,295.0
JBBL,12/31/2024,355.3,355.3,347.0,353.9,-1.67,66335.0,395.0,295.0
JBBL,1/1/2025,360.9,360.9,347.0,357.5,1.02,46593.0,395.0,295.0
JBBL,1/2/2025,359.0,369.0,352.0,367.0,2.66,73816.0,395.0,295.0
JBBL,1/5/2025,374.3,374.3,362.1,369.0,0.54,46367.0,395.0,295.0
JBBL,1/6/2025,375.5,375.5,364.0,373.0,1.08,77445.0,395.0,295.0
JBBL,1/7/2025,380.0,380.0,365.7,369.0,-1.07,47034.0,395.0,295.0
JBBL,1/8/2025,375.9,379.0,366.6,377.0,2.17,73932.0,395.0,295.0
JBBL,1/9/2025,384.5,384.5,367.0,372.0,-1.33,58502.0,395.0,295.0
JBBL,1/12/2025,379.4,379.4,360.0,361.9,-2.72,46947.0,395.0,295.0
JBBL,1/13/2025,361.0,367.0,353.0,355.0,-1.91,70105.0,395.0,295.0
JBBL,1/15/2025,362.1,362.1,355.1,355.3,0.08,30643.0,395.0,295.0
JBBL,1/16/2025,362.4,362.4,349.1,349.3,-1.69,46606.0,395.0,295.0
JBBL,1/19/2025,356.2,356.2,345.2,345.2,-1.17,55480.0,395.0,295.0
JBBL,1/20/2025,342.1,353.0,342.1,351.9,1.94,48477.0,395.0,295.0
JBBL,1/21/2025,358.9,358.9,346.6,349.0,-0.82,48295.0,395.0,295.0
JBBL,1/22/2025,349.0,358.7,348.0,356.0,2.01,54109.0,395.0,295.0
JBBL,1/23/2025,363.1,363.1,350.5,352.0,-1.12,52912.0,395.0,295.0
JBBL,1/26/2025,359.0,359.0,346.0,348.1,-1.11,54846.0,395.0,295.0
JBBL,1/27/2025,355.0,355.0,346.0,348.5,0.11,41066.0,395.0,295.0
JBBL,1/28/2025,352.0,363.0,349.2,361.2,3.64,114922.0,395.0,295.0
JBBL,2/2/2025,361.2,373.0,359.0,369.0,2.16,118390.0,395.0,295.0
JBBL,2/3/2025,374.5,377.0,368.0,370.0,0.27,138345.0,395.0,295.0
JBBL,2/4/2025,374.0,374.0,364.0,365.0,-1.35,75499.0,395.0,295.0
JBBL,2/5/2025,366.0,370.0,362.0,363.9,-0.3,33852.0,395.0,295.0
JBBL,2/6/2025,361.3,367.0,358.2,360.0,-1.07,62795.0,395.0,295.0
JBBL,2/9/2025,363.0,365.0,354.2,355.0,-1.39,31929.0,395.0,295.0
JBBL,2/10/2025,355.0,360.0,351.2,351.2,-1.07,64573.0,395.0,295.0
JBBL,2/11/2025,352.0,357.0,351.0,357.0,1.65,41242.0,395.0,295.0
JBBL,2/12/2025,357.0,362.0,355.4,358.9,0.53,40373.0,395.0,295.0
JBBL,2/13/2025,353.2,360.2,353.2,357.9,-0.28,30066.0,395.0,295.0
JBBL,2/16/2025,357.9,360.0,353.0,359.0,0.31,54667.0,395.0,295.0
JBBL,2/17/2025,354.2,365.0,354.2,363.9,1.36,69017.0,395.0,295.0
JBBL,2/18/2025,365.4,365.4,358.0,359.1,-1.32,52678.0,395.0,295.0
JBBL,2/20/2025,357.1,357.9,354.0,357.9,-0.33,39056.0,395.0,295.0
JBBL,2/23/2025,351.0,358.0,351.0,354.0,-1.09,87231.0,395.0,295.0
JBBL,2/24/2025,354.0,360.0,352.5,353.9,-0.03,42932.0,395.0,295.0
JBBL,2/25/2025,356.0,356.9,353.0,353.7,-0.06,27378.0,395.0,295.0
JBBL,2/27/2025,358.0,362.0,354.0,360.2,1.84,79010.0,395.0,295.0
JBBL,3/2/2025,363.0,375.4,363.0,375.4,4.22,100230.0,395.0,295.0
JBBL,3/3/2025,375.0,381.0,367.0,367.0,-2.24,100692.0,395.0,295.0
JBBL,3/4/2025,359.7,376.0,359.7,366.0,-0.27,81883.0,395.0,295.0
JBBL,3/5/2025,362.0,369.8,361.1,362.5,-0.96,37628.0,395.0,295.0
JBBL,3/6/2025,362.5,375.0,362.5,371.0,2.34,131627.0,395.0,295.0
JBBL,3/9/2025,375.0,375.0,360.5,360.7,-2.78,59696.0,395.0,295.0
JBBL,3/10/2025,364.0,366.0,358.0,358.0,-0.75,52597.0,395.0,295.0
JBBL,3/11/2025,360.0,378.9,359.9,370.0,3.35,372254.0,395.0,295.0
JBBL,3/12/2025,376.0,376.9,366.2,367.9,-0.57,87807.0,395.0,295.0
JBBL,3/16/2025,367.0,367.0,358.0,358.0,-2.69,88680.0,395.0,295.0
JBBL,3/17/2025,357.0,363.5,356.0,356.2,-0.5,43773.0,395.0,295.0
JBBL,3/18/2025,363.3,363.3,352.0,353.3,-0.81,46945.0,395.0,295.0
JBBL,3/19/2025,357.0,357.0,348.1,352.0,-0.37,77194.0,395.0,295.0
JBBL,3/20/2025,350.0,354.5,347.0,347.59,-1.25,51643.0,395.0,295.0
JBBL,3/23/2025,350.0,350.0,340.0,340.17,-2.13,59925.0,395.0,295.0
JBBL,3/24/2025,343.0,348.0,338.0,343.11,0.86,43252.0,395.0,295.0
JBBL,3/25/2025,340.0,343.0,331.0,332.06,-3.22,84712.0,395.0,295.0
JBBL,3/26/2025,333.0,341.0,330.0,339.13,2.13,36669.0,395.0,295.0
JBBL,3/27/2025,336.0,344.4,335.1,341.82,0.79,31379.0,395.0,295.0
JBBL,3/30/2025,340.0,349.9,339.9,344.6,0.81,48913.0,395.0,295.0
JBBL,4/1/2025,344.6,345.0,338.1,340.41,-1.22,29266.0,395.0,295.0
JBBL,4/2/2025,338.0,347.0,338.0,342.17,0.52,19063.0,395.0,295.0
JBBL,4/3/2025,345.0,347.4,339.1,342.11,-0.02,31055.0,395.0,295.0
JBBL,4/7/2025,345.9,345.9,336.0,336.25,-1.71,30871.0,395.0,295.0
JBBL,4/8/2025,335.0,336.9,331.5,334.6,-0.49,40490.0,395.0,295.0
JBBL,4/9/2025,338.9,341.1,334.0,336.01,0.42,23343.0,395.0,295.0
JBBL,4/10/2025,336.1,339.0,336.0,336.72,0.21,19938.0,395.0,295.0
JBBL,4/13/2025,335.1,337.0,331.0,333.51,-0.95,25924.0,395.0,295.0
JBBL,4/15/2025,333.0,345.0,333.0,340.53,2.1,25673.0,395.0,295.0
JBBL,4/16/2025,344.8,344.9,338.1,342.0,0.43,18600.0,395.0,295.0
JBBL,4/17/2025,344.9,348.0,340.2,345.06,0.89,35599.0,395.0,295.0
JBBL,4/20/2025,351.9,351.9,339.0,339.88,-1.5,27739.0,395.0,295.0
JBBL,4/21/2025,340.0,345.0,337.0,338.66,-0.36,28841.0,395.0,295.0
JBBL,4/22/2025,335.0,342.0,334.0,334.87,-1.12,43197.0,395.0,295.0
JBBL,4/23/2025,335.0,335.0,324.8,325.84,-2.7,104915.0,395.0,295.0
JBBL,4/24/2025,325.0,330.0,323.5,327.78,0.6,38929.0,395.0,295.0
JBBL,4/27/2025,325.0,331.0,323.5,328.16,0.12,56078.0,395.0,295.0
JBBL,4/28/2025,329.0,333.0,324.0,324.18,-1.21,33030.0,395.0,295.0
JBBL,4/29/2025,325.0,328.6,319.0,320.27,-1.21,50255.0,395.0,295.0
JBBL,4/30/2025,321.0,323.9,318.2,319.11,-0.36,46576.0,395.0,295.0
JBBL,5/4/2025,324.0,325.4,319.1,319.51,0.13,35383.0,395.0,295.0
JBBL,5/5/2025,319.0,323.0,319.0,319.38,-0.04,30437.0,395.0,295.0
JBBL,5/6/2025,319.9,322.0,318.0,319.17,-0.07,30405.0,395.0,295.0
JBBL,5/7/2025,315.1,336.5,315.1,330.74,3.63,51932.0,395.0,295.0
JBBL,5/8/2025,333.0,337.3,325.1,329.27,-0.44,45446.0,395.0,295.0
JBBL,5/11/2025,326.0,338.4,325.0,332.41,0.95,48093.0,395.0,295.0
JBBL,5/13/2025,336.0,347.8,333.0,336.72,1.3,96712.0,395.0,295.0
JBBL,5/14/2025,335.0,350.0,330.0,339.75,0.9,84209.0,395.0,295.0
JBBL,5/15/2025,339.0,342.5,333.5,333.94,-1.71,38735.0,395.0,295.0
JBBL,5/18/2025,332.0,335.0,327.0,327.35,-1.97,34387.0,395.0,295.0
JBBL,5/19/2025,330.0,336.0,328.0,331.42,1.24,27085.0,395.0,295.0
JBBL,5/20/2025,330.0,340.0,327.6,338.93,2.27,31855.0,395.0,295.0
JBBL,5/21/2025,345.6,350.0,337.0,337.63,-0.38,102769.0,395.0,295.0
JBBL,5/22/2025,337.1,345.0,335.6,340.55,0.86,39493.0,395.0,295.0
JBBL,5/25/2025,342.0,344.0,335.1,337.19,-0.99,29521.0,395.0,295.0
JBBL,5/26/2025,343.9,350.0,332.0,334.18,-0.89,50312.0,395.0,295.0
JBBL,5/27/2025,334.18,339.0,330.0,334.79,0.18,24444.0,395.0,295.0
JBBL,5/28/2025,339.0,339.9,330.5,338.24,1.03,36271.0,395.0,295.0
JBBL,6/2/2025,345.0,345.0,332.5,333.99,-1.26,40461.0,395.0,295.0
JBBL,6/3/2025,339.7,339.7,328.9,329.48,-1.35,26470.0,395.0,295.0
JBBL,6/4/2025,325.4,330.0,325.4,327.71,-0.54,20076.0,395.0,295.0
JBBL,6/5/2025,325.2,329.9,324.0,326.04,-0.51,28345.0,395.0,295.0
JBBL,6/8/2025,326.0,327.0,323.3,325.66,-0.12,29831.0,395.0,295.0
JBBL,6/9/2025,323.3,330.0,323.3,327.78,0.65,31344.0,395.0,295.0
JBBL,6/10/2025,328.0,332.0,328.0,331.04,0.99,30406.0,395.0,295.0
JBBL,6/11/2025,327.2,331.9,325.5,326.7,-1.31,43858.0,395.0,295.0
JBBL,6/12/2025,325.0,330.0,324.1,324.71,-0.61,63150.0,395.0,295.0
JBBL,6/15/2025,323.1,329.0,323.1,325.46,0.23,35118.0,395.0,295.0
JBBL,6/16/2025,321.2,327.7,321.0,322.6,-0.88,40151.0,395.0,295.0
JBBL,6/17/2025,323.1,327.0,322.0,322.58,-0.01,26613.0,395.0,295.0
JBBL,6/18/2025,321.5,325.0,321.0,321.65,-0.29,30330.0,395.0,295.0
JBBL,6/19/2025,323.0,324.0,319.1,319.99,-0.52,55742.0,395.0,295.0
JBBL,6/22/2025,316.0,321.3,316.0,317.27,-0.85,47754.0,395.0,295.0
JBBL,6/23/2025,322.0,322.0,315.0,316.83,-0.14,18863.0,395.0,295.0
JBBL,6/24/2025,317.0,322.5,315.0,316.52,-0.1,31615.0,395.0,295.0
JBBL,6/25/2025,316.0,318.9,315.0,316.27,-0.08,17628.0,395.0,295.0
JBBL,6/26/2025,315.6,320.0,315.1,317.2,0.29,21484.0,395.0,295.0
JBBL,6/29/2025,317.2,322.0,317.2,320.09,0.91,27166.0,395.0,295.0
JBBL,6/30/2025,320.0,323.0,318.1,321.81,0.54,33815.0,395.0,295.0
JBBL,7/1/2025,323.8,327.9,318.4,325.92,1.28,60807.0,395.0,295.0
JBBL,7/2/2025,328.9,333.7,325.0,332.36,1.98,64447.0,395.0,295.0
JBBL,7/3/2025,335.0,348.0,329.0,337.49,1.54,112280.0,395.0,295.0
JBBL,7/6/2025,338.0,338.0,330.8,332.66,-1.43,34411.0,395.0,295.0
JBBL,7/7/2025,333.0,335.0,325.3,325.76,-2.07,47711.0,395.0,295.0
JBBL,7/8/2025,324.0,332.5,323.0,327.09,0.41,33841.0,395.0,295.0
JBBL,7/9/2025,333.5,333.5,327.0,331.21,1.26,33541.0,395.0,295.0
JBBL,7/10/2025,331.0,342.0,331.0,338.28,2.13,78368.0,395.0,295.0
JBBL,7/13/2025,345.0,355.0,339.0,344.87,1.95,97069.0,395.0,295.0
JBBL,7/14/2025,345.0,348.9,335.0,335.83,-2.62,54900.0,395.0,295.0
JBBL,7/15/2025,340.0,342.5,334.0,340.92,1.52,63371.0,395.0,295.0
JBBL,7/16/2025,343.0,357.0,341.2,351.54,3.12,254695.0,395.0,295.0
JBBL,7/17/2025,354.0,364.0,352.0,359.93,2.39,171474.0,395.0,295.0
JBBL,7/20/2025,363.5,375.0,355.0,360.33,0.11,346499.0,395.0,295.0
JBBL,7/21/2025,362.0,382.5,354.0,376.04,4.36,548302.0,395.0,295.0
JBBL,7/22/2025,380.0,395.0,379.0,393.71,4.7,372833.0,395.0,295.0
JBBL,7/23/2025,401.5,401.5,380.0,387.39,-1.61,292782.0,395.0,295.0
JBBL,7/24/2025,382.0,390.0,376.1,387.21,-0.05,274437.0,395.0,295.0
JBBL,7/27/2025,391.5,397.8,380.6,391.08,1.0,541006.0,395.0,295.0
JBBL,7/28/2025,391.0,411.0,387.9,404.7,3.48,741914.0,395.0,295.0
JBBL,7/29/2025,405.0,413.0,396.2,399.44,-1.3,272324.0,395.0,295.0
JBBL,7/30/2025,400.0,400.0,383.5,385.62,-3.46,264474.0,395.0,295.0
JBBL,7/31/2025,389.6,389.6,375.0,377.15,-2.2,237628.0,395.0,295.0
JBBL,8/3/2025,377.0,381.0,369.0,370.24,-1.83,187950.0,395.0,295.0
JBBL,8/4/2025,362.9,378.0,362.9,372.98,0.74,127323.0,395.0,295.0
JBBL,8/5/2025,365.6,386.0,362.0,363.1,-2.65,81486.0,395.0,295.0
JBBL,8/6/2025,370.3,370.3,358.7,359.41,-1.02,76749.0,395.0,295.0
JBBL,8/7/2025,361.0,365.0,360.0,362.26,0.79,71417.0,395.0,295.0
JBBL,8/11/2025,355.1,369.3,354.0,355.02,-2.0,82198.0,395.0,295.0
JBBL,8/12/2025,362.1,362.1,348.0,351.63,-0.95,81813.0,395.0,295.0
JBBL,8/13/2025,358.6,358.6,346.0,346.53,-1.45,73865.0,395.0,295.0
JBBL,8/14/2025,353.4,353.4,345.0,345.75,-0.23,58889.0,395.0,295.0
JBBL,8/17/2025,345.0,345.0,337.0,338.13,-2.2,114324.0,395.0,295.0
JBBL,8/18/2025,331.4,342.9,331.4,338.86,0.22,70200.0,395.0,295.0
JBBL,8/19/2025,332.1,347.6,332.1,340.24,0.41,45143.0,395.0,295.0
JBBL,8/20/2025,333.5,345.0,333.5,335.9,-1.28,37274.0,395.0,295.0
JBBL,8/21/2025,342.6,342.6,331.4,332.34,-1.06,90878.0,395.0,295.0
JBBL,8/24/2025,332.0,335.8,328.5,329.46,-0.87,49961.0,395.0,295.0
JBBL,8/25/2025,332.0,334.5,326.2,332.6,0.95,43032.0,395.0,295.0
JBBL,8/26/2025,332.7,335.0,330.0,331.87,-0.22,29434.0,395.0,295.0
JBBL,8/27/2025,334.0,348.5,332.0,347.68,4.76,91779.0,395.0,295.0
JBBL,8/28/2025,345.0,352.9,336.0,336.45,-3.23,70948.0,395.0,295.0
JBBL,8/31/2025,337.0,337.0,330.3,331.43,-1.49,40901.0,395.0,295.0
JBBL,9/1/2025,332.0,334.0,326.4,332.12,0.21,50710.0,395.0,295.0
JBBL,9/2/2025,335.0,335.0,329.0,330.53,-0.48,26056.0,395.0,295.0
JBBL,9/3/2025,327.1,333.0,327.1,329.15,-0.42,40374.0,395.0,295.0
JBBL,9/4/2025,330.0,333.0,326.0,328.78,-0.11,26039.0,395.0,295.0
JBBL,9/7/2025,326.0,338.0,324.6,330.56,0.54,34875.0,395.0,295.0
JBBL,9/8/2025,329.0,331.0,325.0,325.4,-1.56,33068.0,395.0,295.0
JBBL,9/18/2025,320.0,320.0,300.0,309.0,-5.04,1502.0,395.0,295.0
JBBL,9/21/2025,304.0,330.4,303.0,328.8,6.41,72830.0,395.0,295.0
JBBL,9/23/2025,330.0,337.6,328.0,332.0,0.97,38954.0,395.0,295.0
JBBL,9/24/2025,332.0,332.0,326.1,328.9,-0.93,17612.0,395.0,295.0
JBBL,9/25/2025,323.1,329.0,323.1,327.3,-0.49,17199.0,395.0,295.0
JBBL,9/28/2025,330.0,331.5,326.0,331.0,1.13,17043.0,395.0,295.0
JBBL,10/7/2025,326.0,332.0,321.0,322.9,-2.45,20961.0,395.0,295.0
JBBL,10/8/2025,323.0,323.0,313.0,316.3,-2.04,35821.0,395.0,295.0
JBBL,10/9/2025,322.6,339.9,320.1,320.2,1.23,33699.0,395.0,295.0
JBBL,10/12/2025,325.0,325.0,295.0,312.0,-2.56,90498.0,395.0,295.0
JBBL,10/13/2025,310.0,317.0,299.7,314.8,0.9,32062.0,395.0,295.0
JBBL,10/14/2025,317.9,317.9,304.0,309.9,-1.56,24463.0,395.0,295.0
JBBL,10/15/2025,306.0,311.0,304.2,306.0,-1.26,14454.0,395.0,295.0
JBBL,10/16/2025,312.0,312.0,300.0,305.0,-0.33,33979.0,395.0,295.0
JBBL,10/19/2025,300.0,309.9,299.0,307.9,0.95,18841.0,395.0,295.0
JBBL,10/26/2025,302.0,306.5,302.0,306.0,-0.62,12340.0,395.0,295.0
JBBL,10/28/2025,307.0,320.0,307.0,318.5,4.08,34548.0,395.0,295.0
JBBL,10/29/2025,318.5,325.9,315.0,317.9,-0.19,60024.0,395.0,295.0
JBBL,10/30/2025,319.0,328.3,313.6,327.0,2.86,32063.0,395.0,295.0
JBBL,11/2/2025,324.0,332.9,324.0,330.9,1.19,44610.0,395.0,295.0
JBBL,11/3/2025,337.5,337.5,324.1,326.0,-1.48,35235.0,395.0,295.0
JBBL,11/4/2025,319.5,329.4,319.0,322.0,-1.23,28459.0,395.0,295.0
JBBL,11/5/2025,315.6,327.8,315.6,324.0,0.62,23285.0,395.0,295.0
JBBL,11/6/2025,317.6,330.0,317.6,322.0,-0.62,29303.0,395.0,295.0
JBBL,11/9/2025,315.6,320.0,314.5,318.0,-1.24,13115.0,395.0,295.0
JBBL,11/10/2025,311.7,322.0,311.7,320.0,0.63,15893.0,395.0,295.0
JBBL,11/11/2025,313.6,319.8,313.6,319.8,-0.06,19811.0,395.0,295.0
JBBL,11/12/2025,313.5,319.0,313.5,316.3,-1.09,9341.0,395.0,295.0
JBBL,11/13/2025,310.0,321.0,310.0,315.3,-0.32,17575.0,395.0,295.0
JBBL,11/16/2025,309.0,314.0,308.1,309.5,-1.84,23020.0,395.0,295.0
JBBL,11/17/2025,303.4,315.0,303.4,311.7,0.71,25840.0,395.0,295.0
JBBL,11/18/2025,305.5,320.6,305.5,316.0,1.38,14091.0,395.0,295.0
JBBL,11/19/2025,309.7,318.0,309.7,313.3,-0.85,13409.0,395.0,295.0
JBBL,11/20/2025,307.1,314.9,307.1,313.0,-0.1,15137.0,395.0,295.0
JBBL,11/23/2025,318.0,321.0,313.0,321.0,2.56,35189.0,395.0,295.0
JBBL,11/24/2025,314.6,327.8,314.6,327.8,2.12,50800.0,395.0,295.0
JBBL,11/25/2025,321.3,328.0,319.0,323.9,-1.19,35509.0,395.0,295.0
JBBL,11/26/2025,317.5,327.4,317.5,324.5,0.19,40912.0,395.0,295.0
JBBL,11/27/2025,318.1,331.3,318.1,328.0,1.08,76573.0,395.0,295.0
JBBL,11/30/2025,321.5,335.8,321.5,324.7,-1.01,109194.0,395.0,295.0
JBBL,12/1/2025,318.3,328.8,318.3,326.8,0.65,61160.0,395.0,295.0
JBBL,12/2/2025,320.3,331.0,320.3,329.2,0.73,35854.0,395.0,295.0
JBBL,12/3/2025,322.7,329.1,322.7,325.9,-1.0,39429.0,395.0,295.0
JBBL,12/7/2025,319.4,327.3,318.6,320.0,-1.81,37990.0,395.0,295.0
JBBL,12/8/2025,313.6,323.9,313.6,320.4,0.12,29905.0,395.0,295.0
JBBL,12/9/2025,314.0,323.0,314.0,318.6,-0.56,26711.0,395.0,295.0
JBBL,12/10/2025,312.3,321.9,312.3,316.0,-0.82,30696.0,395.0,295.0
JBBL,12/11/2025,309.7,319.8,309.7,316.0,0.0,47125.0,395.0,295.0
JBBL,12/14/2025,309.7,319.8,309.7,313.0,-0.95,18437.0,395.0,295.0
JBBL,12/15/2025,306.8,325.0,306.8,321.5,2.72,70805.0,395.0,295.0
JBBL,12/16/2025,315.1,327.6,315.1,326.0,1.4,67484.0,395.0,295.0
JBBL,12/17/2025,319.5,329.5,319.5,326.0,0.0,37788.0,395.0,295.0
JBBL,12/18/2025,319.5,325.8,319.0,319.0,-2.15,40935.0,395.0,295.0
JBBL,12/21/2025,312.7,322.0,312.7,316.1,-0.91,34909.0,395.0,295.0
JBBL,12/22/2025,309.8,321.0,309.8,317.0,0.28,24134.0,395.0,295.0
JBBL,12/23/2025,311.5,321.4,311.5,319.5,0.79,18854.0,395.0,295.0
JBBL,12/24/2025,314.0,321.0,314.0,318.0,-0.47,8308.0,395.0,295.0
JBBL,12/28/2025,311.7,329.0,311.7,326.9,2.8,56946.0,395.0,295.0
JBBL,12/29/2025,328.0,330.0,321.5,323.9,-0.92,47207.0,395.0,295.0
JBBL,12/31/2025,317.5,331.0,317.5,326.3,0.74,56255.0,395.0,295.0
JBBL,1/1/2026,321.0,328.0,321.0,322.4,-1.2,18988.0,395.0,295.0
JBBL,1/4/2026,323.0,327.9,320.0,323.0,0.19,32052.0,395.0,295.0
JBBL,1/5/2026,324.0,336.1,321.0,335.0,3.72,157183.0,395.0,295.0
JBBL,1/6/2026,340.9,342.9,335.0,335.9,0.27,97912.0,395.0,295.0
JBBL,1/7/2026,333.0,338.0,331.1,331.4,-1.34,56022.0,395.0,295.0
JBBL,1/8/2026,330.1,335.0,329.1,334.0,0.78,33083.0,395.0,295.0
JBBL,1/12/2026,335.0,338.5,328.0,329.9,-1.23,65253.0,395.0,295.0
JBBL,1/13/2026,325.0,337.0,325.0,332.8,0.88,52253.0,395.0,295.0
JBBL,1/14/2026,326.2,346.5,326.2,339.9,2.13,188582.0,395.0,295.0
JBBL,1/18/2026,338.1,356.0,338.1,355.0,4.44,314937.0,395.0,295.0
JBBL,1/20/2026,362.1,368.0,355.0,358.2,0.9,203629.0,395.0,295.0
JBBL,1/21/2026,351.1,362.0,348.5,354.0,-1.17,168128.0,395.0,295.0
JBBL,1/22/2026,361.0,366.0,350.0,364.5,2.97,308564.0,395.0,295.0
JBBL,1/25/2026,357.3,372.0,357.3,369.9,1.48,189856.0,395.0,295.0
JBBL,1/26/2026,369.9,375.0,356.0,359.0,-2.95,216431.0,395.0,295.0
JBBL,1/27/2026,360.0,363.0,340.0,344.0,-4.18,202988.0,395.0,295.0
JBBL,1/28/2026,347.0,353.0,343.0,344.0,0.0,135726.0,395.0,295.0
JBBL,1/29/2026,349.0,349.5,338.0,340.0,-1.16,162845.0,395.0,295.0
JBBL,2/1/2026,340.0,346.4,337.0,340.0,0.0,121279.0,395.0,295.0
JBBL,2/2/2026,346.8,346.8,337.5,337.6,-0.71,72661.0,395.0,295.0
JBBL,2/3/2026,344.3,344.3,333.0,333.6,-1.18,54476.0,395.0,295.0
JBBL,2/4/2026,333.0,340.0,333.0,336.0,0.72,60493.0,395.0,295.0
JBBL,2/5/2026,335.0,344.0,333.0,338.0,0.6,76564.0,395.0,295.0
JBBL,2/8/2026,342.0,348.0,337.5,337.5,-0.15,46115.0,395.0,295.0
JBBL,2/9/2026,334.0,338.2,329.5,329.5,-2.37,101489.0,395.0,295.0
JBBL,2/10/2026,333.0,333.0,326.4,330.0,0.15,56556.0,395.0,295.0
JBBL,2/11/2026,333.5,340.0,329.0,330.0,0.0,55646.0,395.0,295.0
JBBL,2/12/2026,333.9,341.7,328.4,337.0,2.12,91669.0,395.0,295.0
JBBL,2/16/2026,341.0,342.9,334.0,334.0,-0.89,52522.0,395.0,295.0
JBBL,2/17/2026,337.0,337.0,331.0,332.0,-0.6,47315.0,395.0,295.0
JBBL,2/22/2026,329.0,334.5,325.0,325.2,-2.05,57147.0,395.0,295.0
JBBL,2/23/2026,328.5,328.5,322.6,325.9,0.22,33269.0,395.0,295.0
JBBL,2/24/2026,325.5,331.8,324.0,328.0,0.64,22618.0,395.0,295.0
JBBL,2/25/2026,332.0,332.0,326.0,328.6,0.18,36101.0,395.0,295.0
JBBL,2/26/2026,332.0,333.0,329.0,329.5,0.27,26520.0,395.0,295.0
JBBL,2/27/2026,332.0,333.0,329.0,329.5,0.0,26520.0,395.0,295.0
JBBL,2/28/2026,332.0,333.0,329.0,329.5,0.0,26520.0,395.0,295.0
JBBL,3/2/2026,327.1,334.0,326.0,333.9,1.34,44892.0,395.0,295.0
JBBL,3/3/2026,330.2,339.9,330.2,339.0,1.53,34933.0,395.0,295.0
JBBL,3/4/2026,330.2,339.9,330.2,339.0,0.0,34933.0,395.0,295.0
JBBL,3/5/2026,330.2,339.9,330.2,339.0,0.0,34933.0,395.0,295.0
JBBL,3/6/2026,330.2,339.9,330.2,339.0,0.0,34933.0,395.0,295.0
JBBL,3/7/2026,330.2,339.9,330.2,339.0,0.0,34933.0,395.0,295.0
JBBL,3/8/2026,330.2,339.9,330.2,339.0,0.0,34933.0,395.0,295.0
JBBL,3/9/2026,345.7,366.1,345.7,366.1,7.99,1570.0,395.0,295.0
JBBL,3/10/2026,366.1,366.1,346.0,359.0,-1.94,247438.0,395.0,295.0
JBBL,3/11/2026,354.0,360.0,344.0,347.0,-3.34,94163.0,395.0,295.0
JBBL,3/12/2026,345.1,359.0,345.1,356.0,2.59,70066.0,395.0,295.0
JBBL,3/13/2026,345.1,359.0,345.1,356.0,0.0,70066.0,395.0,295.0
JBBL,3/14/2026,345.1,359.0,345.1,356.0,0.0,70066.0,395.0,295.0
JBBL,3/15/2026,360.0,365.0,355.0,363.0,1.97,205012.0,395.0,295.0
JBBL,3/16/2026,370.0,370.0,350.0,356.9,-1.68,130577.0,395.0,295.0
JBBL,3/17/2026,352.0,362.0,352.0,359.1,0.62,72564.0,395.0,295.0
JBBL,3/18/2026,352.0,362.0,352.0,359.1,0.0,72564.0,395.0,295.0
JBBL,3/19/2026,359.1,378.0,359.1,375.0,4.43,394005.0,395.0,295.0
JBBL,3/20/2026,359.1,378.0,359.1,375.0,0.0,394005.0,395.0,295.0
JBBL,3/21/2026,359.1,378.0,359.1,375.0,0.0,394005.0,395.0,295.0
JBBL,3/22/2026,378.0,395.0,378.0,389.8,3.95,488161.0,395.0,295.0
JBBL,3/23/2026,390.0,393.7,381.3,390.0,0.05,296498.0,395.0,295.0
JBBL,3/24/2026,391.0,394.0,386.5,391.0,0.26,164064.0,395.0,295.0
JBBL,3/25/2026,389.0,390.0,377.3,378.0,-3.32,222192.0,395.0,295.0
JBBL,3/26/2026,374.0,385.0,374.0,384.9,2.91,142213.0,395.0,295.0
JBBL,3/29/2026,380.0,389.0,370.0,370.1,-2.61,271941.0,395.0,295.0
JBBL,3/30/2026,372.0,381.0,366.7,370.0,-0.54,306207.0,395.0,295.0
JBBL,3/31/2026,370.0,380.0,361.0,374.9,1.32,194185.0,395.0,295.0
JBBL,4/1/2026,375.0,375.0,356.8,361.0,-3.73,152348.0,395.0,295.0
JBBL,4/2/2026,363.0,370.1,356.2,364.0,0.28,188154.0,395.0,295.0
JBBL,4/5/2026,356.8,360.0,343.0,348.1,-2.44,152006.0,395.0,295.0
JBBL,4/6/2026,345.0,364.3,335.0,362.0,4.93,99118.0,395.0,295.0
JBBL,4/7/2026,355.9,374.0,355.0,356.0,0.03,57825.0,395.0,295.0
JBBL,4/8/2026,360.0,369.8,356.1,369.5,2.64,108329.0,395.0,295.0
JBBL,4/9/2026,369.5,378.9,368.0,378.5,2.44,175117.0,395.0,295.0
JBBL,4/10/2026,378.0,378.0,366.0,374.0,-1.06,104348.0,395.0,295.0
JBBL,4/13/2026,370.0,378.5,370.0,371.0,0.27,56117.0,395.0,295.0
JBBL,4/15/2026,372.0,383.0,371.1,379.9,2.12,139062.0,395.0,295.0
JBBL,4/16/2026,379.0,384.9,377.0,380.0,0.26,236826.0,395.0,295.0
JBBL,4/17/2026,380.0,386.9,376.1,385.0,1.32,154018.0,395.0,295.0
JBBL,4/20/2026,386.0,386.0,378.0,378.0,-2.07,94652.0,395.0,295.0
JBBL,4/21/2026,378.0,380.0,370.0,372.0,-1.59,55721.0,395.0,295.0
JBBL,4/22/2026,369.0,376.8,361.1,370.3,0.35,145991.0,395.0,295.0
JBBL,4/23/2026,367.0,373.9,365.0,366.0,-0.27,29307.0,395.0,295.0
JBBL,4/24/2026,360.2,375.0,358.0,372.0,3.28,219984.0,395.0,295.0
JBBL,4/27/2026,380.0,380.0,368.0,371.8,-2.16,119030.0,395.0,295.0
JBBL,4/28/2026,371.8,372.7,362.0,366.0,-1.56,72064.0,395.0,295.0
JBBL,4/29/2026,360.0,369.7,360.0,362.0,0.56,266481.0,395.0,295.0
JBBL,4/30/2026,380.1,380.1,357.0,360.1,-5.26,73257.0,395.0,295.0
JBBL,5/4/2026,360.1,366.7,350.0,353.8,-1.75,46360.0,395.0,295.0
JBBL,5/5/2026,350.0,360.0,345.2,354.0,1.14,30959.0,395.0,295.0
JBBL,5/6/2026,351.0,359.8,351.0,352.7,0.48,68359.0,395.0,295.0
JBBL,5/7/2026,356.0,356.1,352.5,354.9,-0.31,27042.0,395.0,295.0
JBBL,5/8/2026,353.0,362.0,352.1,359.1,1.73,19535.0,395.0,295.0
JBBL,5/11/2026,361.0,367.0,361.0,366.0,1.39,34299.0,395.0,295.0
JBBL,5/12/2026,369.0,369.0,357.5,358.0,-2.98,67191.0,395.0,295.0
JBBL,5/13/2026,354.0,357.9,352.1,357.9,1.1,21748.0,395.0,295.0
JBBL,5/14/2026,360.0,360.0,352.5,354.4,-1.56,20712.0,395.0,295.0
JBBL,5/15/2026,352.5,358.0,352.5,354.1,0.45,111184.0,395.0,295.0
JBBL,5/18/2026,336.4,363.0,336.4,357.6,6.3,149143.0,395.0,295.0
JBBL,5/19/2026,339.8,368.0,339.8,357.0,5.06,37468.0,395.0,295.0
JBBL,5/20/2026,355.2,362.0,355.0,361.9,1.89,22855.0,395.0,295.0
JBBL,5/21/2026,343.9,363.0,343.9,359.0,4.39,20102.0,395.0,295.0
JBBL,5/22/2026,362.0,362.0,357.0,361.5,-0.14,25261.0,395.0,295.0
JBBL,5/25/2026,343.5,368.0,343.5,367.6,7.02,36372.0,395.0,295.0
JBBL,5/26/2026,380.0,380.0,358.9,364.9,-3.97,22270.0,395.0,295.0
JBBL,5/27/2026,380.0,380.0,346.9,363.0,-4.47,39504.0,395.0,295.0
JBBL,6/1/2026,360.0,365.0,355.0,357.9,-0.58,32012.0,395.0,295.0
JBBL,6/2/2026,350.1,364.0,350.1,364.0,3.97,35724.0,395.0,295.0
JBBL,6/3/2026,371.0,372.0,362.3,365.0,-1.62,98385.0,395.0,295.0
JBBL,6/4/2026,380.0,380.0,361.0,361.0,-5.0,18172.0,395.0,295.0
JBBL,6/5/2026,355.0,364.7,355.0,359.9,1.38,38973.0,395.0,295.0
JBBL,6/8/2026,342.0,361.9,342.0,358.0,4.68,29279.0,395.0,295.0
JBBL,6/9/2026,355.0,360.0,353.1,357.0,0.56,36878.0,395.0,295.0
JBBL,6/10/2026,352.1,360.9,352.1,354.0,0.54,18696.0,395.0,295.0
JBBL,6/11/2026,353.0,355.2,350.0,354.0,0.28,36745.0,395.0,295.0
JBBL,6/12/2026,351.0,355.0,350.6,353.9,0.83,11765.0,395.0,295.0
JBBL,6/15/2026,351.2,356.9,349.0,352.0,0.23,36234.0,395.0,295.0
JBBL,6/16/2026,355.8,355.8,348.1,351.6,-1.18,12121.0,395.0,295.0
JBBL,6/17/2026,351.6,354.8,348.0,349.6,-0.57,19893.0,395.0,295.0
JBBL,6/18/2026,351.0,353.2,347.0,347.0,-1.14,25192.0,395.0,295.0
JBBL,6/19/2026,349.0,349.0,343.0,346.0,-0.86,34317.0,395.0,295.0
JBBL,6/22/2026,346.0,349.0,343.2,345.0,-0.29,20468.0,395.0,295.0
JBBL,6/23/2026,327.8,348.0,327.8,345.0,5.25,19777.0,395.0,295.0
JBBL,6/24/2026,347.5,347.5,336.1,341.0,-1.87,25321.0,395.0,295.0
JBBL,6/26/2026,343.0,343.0,337.0,338.0,-1.46,28817.0,395.0,295.0
JBBL,6/29/2026,335.3,340.0,333.0,336.0,0.21,27449.0,395.0,295.0
JBBL,6/30/2026,336.0,338.0,334.0,334.8,-0.36,16149.0,395.0,295.0
JBBL,7/1/2026,338.0,343.0,333.2,338.0,0.0,24688.0,395.0,295.0
JBBL,7/2/2026,336.0,342.0,335.1,339.0,0.89,17044.0,395.0,295.0
JBBL,7/3/2026,340.0,344.5,338.2,343.0,0.88,17138.0,395.0,295.0
JBBL,7/6/2026,340.0,340.0,335.0,335.0,-1.47,25632.0,395.0,295.0
JBBL,7/7/2026,339.0,345.0,336.4,345.0,1.77,26329.0,395.0,295.0
JBBL,7/8/2026,338.5,340.1,335.0,339.0,0.15,27611.0,395.0,295.0
JBBL,7/9/2026,335.0,338.0,333.0,335.0,0.0,29143.0,395.0,295.0
JBBL,7/10/2026,335.0,340.0,335.0,335.7,0.21,8670.0,395.0,295.0
JBBL,7/13/2026,340.0,341.9,332.2,333.0,-2.06,31072.0,395.0,295.0
JBBL,7/14/2026,335.0,342.0,328.2,337.5,0.75,23179.0,395.0,295.0
JBBL,7/15/2026,339.0,345.1,339.0,342.2,0.94,33725.0,395.0,295.0
JBBL,7/16/2026,343.0,345.9,338.2,339.0,-1.17,8028.0,395.0,295.0
JBBL,7/17/2026,336.0,351.9,335.0,349.7,4.08,23039.0,395.0,295.0
JBBL,7/20/2026,350.0,357.5,347.0,357.0,2.0,62902.0,395.0,295.0
JBBL,7/21/2026,357.0,357.0,351.0,354.0,-0.84,32674.0,395.0,295.0
JBBL,7/22/2026,355.0,355.0,349.0,349.0,-1.69,36222.0,395.0,295.0
JBBL,7/23/2026,354.0,359.0,346.1,359.0,1.41,28328.0,395.0,295.0
JBBL,7/24/2026,354.0,364.5,354.0,364.1,2.85,96275.0,395.0,295.0
JBBL,7/27/2026,360.1,366.0,346.0,348.0,-3.36,79116.0,395.0,295.0
JBBL,7/28/2026,352.0,354.5,348.0,349.6,-0.68,28138.0,395.0,295.0
JBBL,7/29/2026,345.4,354.0,345.4,347.2,0.52,26253.0,395.0,295.0
JBBL,7/30/2026,345.1,349.8,345.1,345.5,0.12,23798.0,395.0,295.0
JBBL,7/31/2026,344.0,348.0,343.0,347.1,0.9,23080.0,395.0,295.0
JBBL,8/3/2026,346.0,353.0,343.6,343.8,-0.64,26528.0,395.0,295.0
JBBL,8/4/2026,344.0,347.5,341.0,347.5,1.02,58926.0,395.0,295.0
JBBL,8/5/2026,342.3,350.0,342.3,345.0,0.79,18013.0,395.0,295.0
JBBL,8/6/2026,350.1,350.1,340.0,343.0,-2.03,46913.0,395.0,295.0
JBBL,8/7/2026,350.0,350.0,338.0,340.0,-2.86,31771.0,395.0,295.0
JBBL,8/10/2026,338.2,340.0,336.0,339.0,0.24,32729.0,395.0,295.0
JBBL,8/11/2026,330.0,341.7,330.0,337.2,2.18,17103.0,395.0,295.0
JBBL,8/12/2026,338.0,339.0,333.3,336.0,-0.59,33905.0,395.0,295.0
JBBL,8/13/2026,337.9,340.0,336.0,338.1,0.06,9349.0,395.0,295.0
JBBL,8/14/2026,322.0,342.0,322.0,338.0,4.97,26308.0,395.0,295.0
JBBL,8/17/2026,338.0,338.1,333.0,337.0,-0.3,29227.0,395.0,295.0
JBBL,8/18/2026,336.5,340.0,333.5,334.5,-0.59,11081.0,395.0,295.0
JBBL,8/19/2026,334.0,337.0,333.3,334.2,0.06,15663.0,395.0,295.0
JBBL,8/20/2026,334.2,335.0,333.3,334.0,-0.06,17330.0,395.0,295.0
JBBL,8/21/2026,333.0,336.0,330.0,333.9,0.27,20618.0,395.0,295.0
JBBL,8/24/2026,332.5,334.9,330.4,332.9,0.12,13717.0,395.0,295.0
JBBL,8/25/2026,333.0,335.0,328.7,333.0,0.0,25679.0,395.0,295.0
JBBL,8/26/2026,333.0,336.5,325.1,332.0,-0.3,188204.0,395.0,295.0
JBBL,8/27/2026,326.4,334.9,326.4,331.9,1.69,30488.0,395.0,295.0
JBBL,8/31/2026,327.0,332.0,320.1,325.0,-0.61,24411.0,395.0,295.0
JBBL,9/1/2026,325.0,329.5,324.1,324.7,-0.09,13819.0,395.0,295.0
JBBL,9/2/2026,323.0,328.0,322.5,327.0,1.24,15957.0,395.0,295.0
JBBL,9/3/2026,325.0,329.9,318.0,325.0,0.0,24532.0,395.0,295.0
JBBL,9/7/2026,323.0,337.0,323.0,334.9,3.68,43266.0,395.0,295.0
JBBL,9/9/2026,334.9,335.0,328.2,329.0,-1.76,28133.0,395.0,295.0
JBBL,9/10/2026,331.9,331.9,325.0,328.6,-0.99,17313.0,395.0,295.0
JBBL,9/11/2026,325.4,334.5,325.4,334.5,2.8,12564.0,395.0,295.0
JBBL,9/14/2026,337.0,345.0,335.0,340.0,0.89,35199.0,395.0,295.0
JBBL,9/15/2026,357.0,357.0,343.0,348.5,-2.38,105944.0,395.0,295.0
JBBL,9/16/2026,348.5,348.5,342.3,342.5,-1.72,25534.0,395.0,295.0
JBBL,9/17/2026,345.0,351.0,343.0,343.3,-0.49,104825.0,395.0,295.0
JBBL,9/18/2026,343.1,352.0,343.1,347.0,1.14,46565.0,395.0,295.0
JBBL,9/22/2026,364.3,364.3,350.0,356.0,-2.28,141988.0,395.0,295.0
JBBL,9/23/2026,354.1,355.0,348.3,348.3,-1.64,54465.0,395.0,295.0
JBBL,9/24/2026,347.5,351.9,346.0,351.9,1.27,33905.0,395.0,295.0
JBBL,9/28/2026,352.0,354.0,345.3,346.0,-1.7,19024.0,395.0,295.0
JBBL,9/29/2026,343.0,346.0,341.5,0.0,-100.0,22818.0,395.0,295.0
JBBL,9/30/2026,345.0,352.0,345.0,345.5,0.14,11533.0,395.0,295.0
JBBL,10/1/2026,345.0,348.9,343.3,344.9,-0.03,6901.0,395.0,295.0
JBBL,10/2/2026,350.0,350.0,342.0,343.0,-2.0,9419.0,395.0,295.0
JBBLPO,12/31/2025,187.0,187.0,187.0,187.0,,4278.0,187.0,179.0
JBBLPO,1/21/2026,187.0,187.0,187.0,187.0,0.0,13510.0,187.0,179.0
JBBLPO,2/25/2026,187.0,187.0,187.0,187.0,0.0,2437.0,187.0,179.0
JBBLPO,4/9/2026,187.0,187.0,187.0,187.0,0.0,5275.0,187.0,179.0
JBBLPO,5/8/2026,181.4,181.4,181.4,181.4,0.0,9000.0,187.0,179.0
JBBLPO,5/27/2026,181.4,181.4,181.4,181.4,0.0,12516.0,187.0,179.0
JBBLPO,9/7/2026,179.0,179.0,179.0,179.0,0.0,2006.0,187.0,179.0
JBBLPO,10/1/2026,179.0,179.0,179.0,179.0,0.0,23498.0,187.0,179.0
JBLB,12/21/2025,1430.0,1438.0,1400.0,1425.0,,12603.0,1644.0,1187.5
JBLB,12/22/2025,1400.1,1420.0,1385.0,1408.0,-1.19,7372.0,1644.0,1187.5
JBLB,12/23/2025,1401.0,1447.9,1401.0,1420.0,0.85,3764.0,1644.0,1187.5
JBLB,12/24/2025,1440.0,1444.0,1427.0,1430.0,0.7,6390.0,1644.0,1187.5
JBLB,12/28/2025,1448.0,1458.0,1435.3,1439.0,0.63,7431.0,1644.0,1187.5
JBLB,12/29/2025,1465.0,1470.0,1446.0,1456.0,1.18,13794.0,1644.0,1187.5
JBLB,12/31/2025,1476.0,1476.0,1450.0,1465.5,0.65,5268.0,1644.0,1187.5
JBLB,1/1/2026,1451.0,1480.0,1451.0,1470.1,0.31,8277.0,1644.0,1187.5
JBLB,1/4/2026,1477.0,1495.0,1470.0,1480.1,0.68,28239.0,1644.0,1187.5
JBLB,1/5/2026,1324.2,1324.2,1299.0,1324.0,-10.55,14938.0,1644.0,1187.5
JBLB,1/6/2026,1330.0,1456.0,1320.0,1456.0,9.97,34353.0,1644.0,1187.5
JBLB,1/7/2026,1426.9,1426.9,1344.0,1360.0,-6.59,38021.0,1644.0,1187.5
JBLB,1/8/2026,1367.0,1367.0,1340.0,1343.0,-1.25,5533.0,1644.0,1187.5
JBLB,1/12/2026,1355.0,1446.0,1331.0,1332.1,-0.81,6018.0,1644.0,1187.5
JBLB,1/13/2026,1344.0,1345.0,1321.0,1322.0,-0.76,5545.0,1644.0,1187.5
JBLB,1/14/2026,1322.0,1330.0,1300.0,1313.0,-0.68,10079.0,1644.0,1187.5
JBLB,1/18/2026,1313.0,1339.0,1313.0,1335.0,1.68,7160.0,1644.0,1187.5
JBLB,1/20/2026,1347.0,1359.8,1328.0,1340.0,0.37,12560.0,1644.0,1187.5
JBLB,1/21/2026,1340.0,1359.0,1327.0,1332.0,-0.6,4897.0,1644.0,1187.5
JBLB,1/22/2026,1330.0,1339.0,1305.6,1321.0,-0.83,10892.0,1644.0,1187.5
JBLB,1/25/2026,1322.1,1350.0,1322.1,1349.4,2.15,9893.0,1644.0,1187.5
JBLB,1/26/2026,1370.0,1370.0,1330.2,1343.0,-0.47,11152.0,1644.0,1187.5
JBLB,1/27/2026,1316.6,1350.0,1316.6,1330.0,-0.97,10791.0,1644.0,1187.5
JBLB,1/28/2026,1330.0,1344.9,1318.1,1326.1,-0.29,8068.0,1644.0,1187.5
JBLB,1/29/2026,1320.1,1344.7,1319.1,1322.1,-0.3,8941.0,1644.0,1187.5
JBLB,2/1/2026,1318.0,1335.0,1317.1,1325.0,0.22,6529.0,1644.0,1187.5
JBLB,2/2/2026,1325.0,1329.0,1318.0,1323.0,-0.15,3868.0,1644.0,1187.5
JBLB,2/3/2026,1335.0,1340.0,1310.0,1310.0,-0.98,6912.0,1644.0,1187.5
JBLB,2/4/2026,1310.0,1325.0,1310.0,1311.6,0.12,3204.0,1644.0,1187.5
JBLB,2/5/2026,1312.0,1320.0,1305.0,1307.4,-0.32,7226.0,1644.0,1187.5
JBLB,2/8/2026,1330.0,1345.0,1310.1,1317.8,0.8,5129.0,1644.0,1187.5
JBLB,2/9/2026,1344.1,1350.0,1307.0,1318.0,0.02,7777.0,1644.0,1187.5
JBLB,2/10/2026,1325.0,1342.0,1310.0,1313.0,-0.38,11665.0,1644.0,1187.5
JBLB,2/11/2026,1339.2,1339.2,1300.0,1315.0,0.15,8469.0,1644.0,1187.5
JBLB,2/12/2026,1312.0,1325.0,1307.0,1316.0,0.08,5937.0,1644.0,1187.5
JBLB,2/16/2026,1335.0,1335.0,1308.3,1313.0,-0.23,6230.0,1644.0,1187.5
JBLB,2/17/2026,1312.0,1315.0,1310.0,1313.9,0.07,5352.0,1644.0,1187.5
JBLB,2/22/2026,1313.9,1313.9,1295.1,1300.0,-1.06,21464.0,1644.0,1187.5
JBLB,2/23/2026,1294.0,1313.0,1294.0,1299.2,-0.06,6142.0,1644.0,1187.5
JBLB,2/24/2026,1299.2,1318.0,1296.5,1306.0,0.52,3905.0,1644.0,1187.5
JBLB,2/25/2026,1304.0,1320.0,1300.1,1320.0,1.07,3932.0,1644.0,1187.5
JBLB,2/26/2026,1320.0,1325.0,1300.0,1310.0,-0.76,8600.0,1644.0,1187.5
JBLB,2/27/2026,1320.0,1325.0,1300.0,1310.0,0.0,8600.0,1644.0,1187.5
JBLB,2/28/2026,1320.0,1325.0,1300.0,1310.0,0.0,8600.0,1644.0,1187.5
JBLB,3/2/2026,1315.0,1321.5,1300.0,1321.0,0.84,6173.0,1644.0,1187.5
JBLB,3/3/2026,1321.0,1344.9,1321.0,1339.0,1.36,5850.0,1644.0,1187.5
JBLB,3/4/2026,1321.0,1344.9,1321.0,1339.0,0.0,5850.0,1644.0,1187.5
JBLB,3/5/2026,1321.0,1344.9,1321.0,1339.0,0.0,5850.0,1644.0,1187.5
JBLB,3/6/2026,1321.0,1344.9,1321.0,1339.0,0.0,5850.0,1644.0,1187.5
JBLB,3/7/2026,1321.0,1344.9,1321.0,1339.0,0.0,5850.0,1644.0,1187.5
JBLB,3/8/2026,1321.0,1344.9,1321.0,1339.0,0.0,5850.0,1644.0,1187.5
JBLB,3/9/2026,1365.0,1419.0,1365.0,1419.0,5.97,145.0,1644.0,1187.5
JBLB,3/10/2026,1447.3,1476.2,1380.0,1393.0,-1.83,22381.0,1644.0,1187.5
JBLB,3/11/2026,1372.0,1390.0,1365.0,1365.5,-1.97,12256.0,1644.0,1187.5
JBLB,3/12/2026,1366.0,1370.0,1340.0,1370.0,0.33,6908.0,1644.0,1187.5
JBLB,3/13/2026,1366.0,1370.0,1340.0,1370.0,0.0,6908.0,1644.0,1187.5
JBLB,3/14/2026,1366.0,1370.0,1340.0,1370.0,0.0,6908.0,1644.0,1187.5
JBLB,3/15/2026,1375.0,1390.1,1370.0,1377.0,0.51,8744.0,1644.0,1187.5
JBLB,3/16/2026,1377.1,1379.0,1365.0,1365.0,-0.87,4070.0,1644.0,1187.5
JBLB,3/17/2026,1370.0,1370.0,1360.0,1366.0,0.07,5658.0,1644.0,1187.5
JBLB,3/18/2026,1370.0,1370.0,1360.0,1366.0,0.0,5658.0,1644.0,1187.5
JBLB,3/19/2026,1380.0,1390.0,1366.0,1371.5,0.4,9794.0,1644.0,1187.5
JBLB,3/20/2026,1380.0,1390.0,1366.0,1371.5,0.0,9794.0,1644.0,1187.5
JBLB,3/21/2026,1380.0,1390.0,1366.0,1371.5,0.0,9794.0,1644.0,1187.5
JBLB,3/22/2026,1379.0,1425.9,1379.0,1416.0,3.24,22181.0,1644.0,1187.5
JBLB,3/23/2026,1435.0,1439.9,1404.0,1410.1,-0.42,8305.0,1644.0,1187.5
JBLB,3/24/2026,1434.0,1434.0,1391.1,1398.9,-0.79,12592.0,1644.0,1187.5
JBLB,3/25/2026,1395.0,1395.0,1380.1,1384.0,-1.07,10449.0,1644.0,1187.5
JBLB,3/26/2026,1385.0,1390.0,1375.0,1382.5,-0.18,9718.0,1644.0,1187.5
JBLB,3/29/2026,1410.1,1410.1,1360.3,1365.0,-3.2,19838.0,1644.0,1187.5
JBLB,3/30/2026,1370.0,1374.1,1338.0,1339.1,-2.26,11568.0,1644.0,1187.5
JBLB,3/31/2026,1339.1,1346.0,1316.0,1345.0,0.44,11973.0,1644.0,1187.5
JBLB,4/1/2026,1346.0,1347.1,1304.0,1315.0,-2.3,11983.0,1644.0,1187.5
JBLB,4/2/2026,1300.1,1325.0,1290.0,1313.0,0.99,10006.0,1644.0,1187.5
JBLB,4/5/2026,1295.0,1305.0,1270.0,1273.0,-1.7,22084.0,1644.0,1187.5
JBLB,4/6/2026,1248.0,1312.9,1248.0,1307.0,4.73,12132.0,1644.0,1187.5
JBLB,4/7/2026,1285.0,1331.0,1285.0,1295.0,0.78,6572.0,1644.0,1187.5
JBLB,4/8/2026,1320.9,1338.0,1300.0,1315.0,-0.45,5118.0,1644.0,1187.5
JBLB,4/9/2026,1341.0,1341.0,1315.1,1339.0,-0.15,5940.0,1644.0,1187.5
JBLB,4/10/2026,1339.0,1339.0,1310.0,1317.0,-1.64,8367.0,1644.0,1187.5
JBLB,4/13/2026,1301.0,1328.0,1301.0,1307.0,0.46,9513.0,1644.0,1187.5
JBLB,4/15/2026,1280.9,1332.0,1280.9,1305.0,1.88,8253.0,1644.0,1187.5
JBLB,4/16/2026,1305.0,1310.0,1293.3,1296.0,-0.69,6741.0,1644.0,1187.5
JBLB,4/17/2026,1300.0,1300.0,1280.0,1295.0,-0.38,6864.0,1644.0,1187.5
JBLB,4/20/2026,1300.0,1300.0,1281.5,1289.9,-0.78,3969.0,1644.0,1187.5
JBLB,4/21/2026,1289.9,1303.1,1282.2,1288.0,-0.15,5204.0,1644.0,1187.5
JBLB,4/22/2026,1280.6,1290.0,1276.1,1280.0,-0.05,6682.0,1644.0,1187.5
JBLB,4/23/2026,1285.0,1290.0,1271.0,1275.7,-0.72,3643.0,1644.0,1187.5
JBLB,4/24/2026,1219.9,1285.0,1219.9,1273.0,4.35,3709.0,1644.0,1187.5
JBLB,4/27/2026,1273.0,1285.0,1273.0,1278.0,0.39,2192.0,1644.0,1187.5
JBLB,4/28/2026,1278.0,1290.0,1277.0,1277.0,-0.08,5198.0,1644.0,1187.5
JBLB,4/29/2026,1277.0,1280.0,1270.0,1270.1,-0.54,4917.0,1644.0,1187.5
JBLB,4/30/2026,1280.0,1280.9,1265.0,1268.0,-0.94,4483.0,1644.0,1187.5
JBLB,5/4/2026,1255.0,1285.0,1255.0,1255.0,0.0,6475.0,1644.0,1187.5
JBLB,5/5/2026,1275.0,1282.0,1248.0,1282.0,0.55,7246.0,1644.0,1187.5
JBLB,5/6/2026,1282.0,1299.9,1282.0,1299.0,1.33,4150.0,1644.0,1187.5
JBLB,5/7/2026,1300.0,1319.0,1295.0,1315.0,1.15,9221.0,1644.0,1187.5
JBLB,5/8/2026,1330.0,1334.0,1305.0,1309.0,-1.58,3969.0,1644.0,1187.5
JBLB,5/11/2026,1310.0,1320.0,1310.0,1320.0,0.76,5977.0,1644.0,1187.5
JBLB,5/12/2026,1321.0,1329.8,1302.0,1305.0,-1.21,8151.0,1644.0,1187.5
JBLB,5/13/2026,1295.0,1305.0,1291.0,1300.0,0.39,3488.0,1644.0,1187.5
JBLB,5/14/2026,1305.0,1375.0,1297.0,1315.0,0.77,5978.0,1644.0,1187.5
JBLB,5/15/2026,1315.0,1315.0,1297.0,1305.0,-0.76,5604.0,1644.0,1187.5
JBLB,5/18/2026,1296.0,1310.0,1296.0,1299.0,0.23,3992.0,1644.0,1187.5
JBLB,5/19/2026,1299.0,1323.0,1296.0,1303.0,0.31,3260.0,1644.0,1187.5
JBLB,5/20/2026,1298.0,1315.0,1298.0,1306.1,0.62,5803.0,1644.0,1187.5
JBLB,5/21/2026,1307.0,1309.0,1302.0,1302.0,-0.38,3818.0,1644.0,1187.5
JBLB,5/22/2026,1302.0,1305.0,1296.0,1302.0,0.0,5332.0,1644.0,1187.5
JBLB,5/25/2026,1305.0,1325.0,1305.0,1310.0,0.38,4118.0,1644.0,1187.5
JBLB,5/26/2026,1310.0,1317.9,1304.0,1309.0,-0.08,2993.0,1644.0,1187.5
JBLB,5/27/2026,1374.4,1374.4,1309.0,1313.8,-4.41,3953.0,1644.0,1187.5
JBLB,6/1/2026,1320.0,1320.0,1293.0,1295.0,-1.89,5971.0,1644.0,1187.5
JBLB,6/2/2026,1282.0,1305.0,1282.0,1295.0,1.01,3053.0,1644.0,1187.5
JBLB,6/3/2026,1295.0,1315.0,1291.1,1308.9,1.07,3324.0,1644.0,1187.5
JBLB,6/4/2026,1301.0,1310.0,1287.2,1300.0,-0.08,11598.0,1644.0,1187.5
JBLB,6/5/2026,1300.0,1310.0,1290.6,1297.0,-0.23,2616.0,1644.0,1187.5
JBLB,6/8/2026,1248.0,1296.0,1248.0,1290.0,3.37,4512.0,1644.0,1187.5
JBLB,6/9/2026,1260.0,1290.0,1260.0,1289.9,2.37,3705.0,1644.0,1187.5
JBLB,6/10/2026,1289.9,1300.0,1267.0,1276.0,-1.08,9902.0,1644.0,1187.5
JBLB,6/11/2026,1274.0,1289.9,1272.0,1278.0,0.31,2834.0,1644.0,1187.5
JBLB,6/12/2026,1265.0,1285.0,1265.0,1275.0,0.79,4966.0,1644.0,1187.5
JBLB,6/15/2026,1290.0,1290.0,1265.1,1269.0,-1.63,3797.0,1644.0,1187.5
JBLB,6/16/2026,1268.0,1271.0,1265.0,1269.0,0.08,4187.0,1644.0,1187.5
JBLB,6/17/2026,1260.0,1290.0,1260.0,1270.0,0.79,2190.0,1644.0,1187.5
JBLB,6/18/2026,1270.0,1289.0,1260.0,1263.0,-0.55,3010.0,1644.0,1187.5
JBLB,6/19/2026,1264.0,1285.0,1260.5,1265.0,0.08,2741.0,1644.0,1187.5
JBLB,6/22/2026,1266.3,1285.0,1265.0,1271.0,0.37,3762.0,1644.0,1187.5
JBLB,6/23/2026,1261.0,1280.0,1261.0,1264.0,0.24,2017.0,1644.0,1187.5
JBLB,6/24/2026,1220.0,1263.0,1220.0,1260.0,3.28,3544.0,1644.0,1187.5
JBLB,6/26/2026,1257.0,1265.0,1251.2,1261.0,0.32,2726.0,1644.0,1187.5
JBLB,6/29/2026,1261.0,1261.0,1250.0,1251.0,-0.79,4376.0,1644.0,1187.5
JBLB,6/30/2026,1244.1,1250.0,1236.0,1236.0,-0.65,5868.0,1644.0,1187.5
JBLB,7/1/2026,1236.0,1249.7,1225.1,1247.0,0.89,5400.0,1644.0,1187.5
JBLB,7/2/2026,1247.0,1258.0,1240.0,1253.0,0.48,2293.0,1644.0,1187.5
JBLB,7/3/2026,1240.0,1260.0,1240.0,1245.0,0.4,6043.0,1644.0,1187.5
JBLB,7/6/2026,1234.1,1244.0,1234.1,1236.0,0.15,3827.0,1644.0,1187.5
JBLB,7/7/2026,1249.9,1250.0,1235.3,1240.0,-0.79,4173.0,1644.0,1187.5
JBLB,7/8/2026,1235.7,1245.0,1235.0,1239.5,0.31,2922.0,1644.0,1187.5
JBLB,7/9/2026,1225.0,1240.0,1225.0,1231.0,0.49,3616.0,1644.0,1187.5
JBLB,7/10/2026,1240.0,1250.0,1232.0,1235.0,-0.4,3574.0,1644.0,1187.5
JBLB,7/13/2026,1230.0,1239.9,1225.1,1226.0,-0.33,4029.0,1644.0,1187.5
JBLB,7/14/2026,1220.0,1252.0,1220.0,1245.0,2.05,5613.0,1644.0,1187.5
JBLB,7/15/2026,1245.0,1261.0,1245.0,1250.0,0.4,1411.0,1644.0,1187.5
JBLB,7/16/2026,1230.0,1260.0,1230.0,1250.0,1.63,1473.0,1644.0,1187.5
JBLB,7/17/2026,1250.0,1300.0,1250.0,1296.9,3.75,6153.0,1644.0,1187.5
JBLB,7/20/2026,1278.0,1309.0,1278.0,1299.8,1.71,4938.0,1644.0,1187.5
JBLB,7/21/2026,1281.0,1309.0,1270.0,1289.0,0.62,4138.0,1644.0,1187.5
JBLB,7/22/2026,1255.1,1292.6,1255.0,1275.3,1.61,2109.0,1644.0,1187.5
JBLB,7/23/2026,1270.0,1293.0,1267.1,1289.0,1.5,2765.0,1644.0,1187.5
JBLB,7/24/2026,1255.0,1291.9,1255.0,1283.0,2.23,3348.0,1644.0,1187.5
JBLB,7/27/2026,1265.0,1290.0,1265.0,1280.0,1.19,2801.0,1644.0,1187.5
JBLB,7/28/2026,1270.0,1279.0,1265.1,1267.1,-0.23,1612.0,1644.0,1187.5
JBLB,7/29/2026,1260.0,1279.9,1260.0,1262.0,0.16,3416.0,1644.0,1187.5
JBLB,7/30/2026,1260.0,1269.0,1255.1,1255.1,-0.39,2062.0,1644.0,1187.5
JBLB,7/31/2026,1246.0,1283.8,1246.0,1282.0,2.89,1652.0,1644.0,1187.5
JBLB,8/3/2026,1260.0,1290.0,1260.0,1274.0,1.11,2776.0,1644.0,1187.5
JBLB,8/4/2026,1274.0,1274.0,1250.6,1262.1,-0.93,2190.0,1644.0,1187.5
JBLB,8/5/2026,1260.0,1263.0,1255.0,1261.0,0.08,3508.0,1644.0,1187.5
JBLB,8/6/2026,1260.0,1274.9,1251.0,1260.0,0.0,4808.0,1644.0,1187.5
JBLB,8/7/2026,1260.1,1268.0,1255.0,1260.8,0.06,2340.0,1644.0,1187.5
JBLB,8/10/2026,1257.0,1265.0,1250.0,1255.0,-0.16,2308.0,1644.0,1187.5
JBLB,8/11/2026,1255.0,1260.0,1252.0,1255.2,0.02,2740.0,1644.0,1187.5
JBLB,8/12/2026,1250.0,1270.0,1248.0,1270.0,1.6,1870.0,1644.0,1187.5
JBLB,8/13/2026,1254.1,1265.0,1254.1,1260.0,0.47,2685.0,1644.0,1187.5
JBLB,8/14/2026,1270.0,1279.8,1258.0,1263.4,-0.52,5810.0,1644.0,1187.5
JBLB,8/17/2026,1270.0,1281.0,1265.0,1276.0,0.47,7778.0,1644.0,1187.5
JBLB,8/18/2026,1275.0,1279.9,1265.0,1275.0,0.0,2915.0,1644.0,1187.5
JBLB,8/19/2026,1275.0,1280.0,1265.3,1273.2,-0.14,3319.0,1644.0,1187.5
JBLB,8/20/2026,1270.0,1282.0,1262.0,1264.1,-0.46,3407.0,1644.0,1187.5
JBLB,8/21/2026,1260.0,1270.0,1252.0,1256.1,-0.31,4817.0,1644.0,1187.5
JBLB,8/24/2026,1255.0,1255.0,1240.0,1249.0,-0.48,4043.0,1644.0,1187.5
JBLB,8/25/2026,1250.0,1257.0,1241.1,1246.2,-0.3,2853.0,1644.0,1187.5
JBLB,8/26/2026,1279.0,1279.0,1238.1,1242.2,-2.88,2561.0,1644.0,1187.5
JBLB,8/27/2026,1238.0,1258.6,1225.0,1249.2,0.9,2963.0,1644.0,1187.5
JBLB,8/31/2026,1245.0,1245.0,1236.1,1239.0,-0.48,2045.0,1644.0,1187.5
JBLB,9/1/2026,1236.1,1251.0,1236.1,1250.0,1.12,2441.0,1644.0,1187.5
JBLB,9/2/2026,1245.0,1257.9,1245.0,1249.0,0.32,2320.0,1644.0,1187.5
JBLB,9/3/2026,1248.0,1251.0,1245.0,1248.1,0.01,1790.0,1644.0,1187.5
JBLB,9/7/2026,1270.0,1270.0,1250.0,1252.0,-1.42,4936.0,1644.0,1187.5
JBLB,9/9/2026,1252.0,1260.0,1252.0,1254.2,0.18,5354.0,1644.0,1187.5
JBLB,9/10/2026,1254.0,1260.0,1235.1,1250.0,-0.32,2053.0,1644.0,1187.5
JBLB,9/11/2026,1187.5,1256.0,1187.5,1255.8,5.75,2379.0,1644.0,1187.5
JBLB,9/14/2026,1301.1,1301.1,1242.0,1267.0,-2.62,3277.0,1644.0,1187.5
JBLB,9/15/2026,1329.0,1329.0,1270.0,1285.0,-3.31,6948.0,1644.0,1187.5
JBLB,9/16/2026,1285.0,1289.4,1265.0,1279.0,-0.47,2036.0,1644.0,1187.5
JBLB,9/17/2026,1285.0,1297.0,1265.0,1267.0,-1.4,2589.0,1644.0,1187.5
JBLB,9/18/2026,1267.0,1282.8,1267.0,1272.0,0.39,2503.0,1644.0,1187.5
JBLB,9/22/2026,1270.0,1285.0,1270.0,1281.0,0.87,6069.0,1644.0,1187.5
JBLB,9/23/2026,1275.2,1284.0,1275.1,1275.1,-0.01,2707.0,1644.0,1187.5
JBLB,9/24/2026,1275.0,1284.0,1271.0,1278.8,0.3,3192.0,1644.0,1187.5
JBLB,9/28/2026,1279.0,1297.0,1279.0,1281.0,0.16,4583.0,1644.0,1187.5
JBLB,9/29/2026,1300.0,1300.0,1282.0,0.0,-100.0,2521.0,1644.0,1187.5
JBLB,9/30/2026,1290.0,1290.0,1280.0,1282.0,-0.62,2261.0,1644.0,1187.5
JBLB,10/1/2026,1275.0,1285.0,1272.1,1278.0,0.24,2802.0,1644.0,1187.5
JBLB,10/2/2026,1278.0,1280.0,1270.0,1278.0,0.0,1994.0,1644.0,1187.5
JBLBP,12/23/2025,100.0,100.0,100.0,100.0,,11750.0,716.0,100.0
JBLBP,12/24/2025,100.0,100.0,100.0,100.0,0.0,550.0,716.0,100.0
JBLBP,12/29/2025,100.0,100.0,100.0,100.0,0.0,250.0,716.0,100.0
JBLBP,2/12/2026,100.0,100.0,100.0,100.0,0.0,57386.0,716.0,100.0
JBLBP,2/17/2026,100.0,100.0,100.0,100.0,0.0,80000.0,716.0,100.0
JBLBP,5/26/2026,716.0,716.0,716.0,716.0,0.0,1140.0,716.0,100.0
JFL,5/15/2011,188.0,188.0,185.0,188.0,,141.0,492.0,250.1
JFL,5/18/2011,188.0,191.0,191.0,191.0,1.6,20.0,492.0,250.1
JFL,5/19/2011,191.0,190.0,188.0,190.0,-0.52,97.0,492.0,250.1
JFL,5/22/2011,190.0,188.0,188.0,188.0,-1.05,58.0,492.0,250.1
JFL,5/23/2011,188.0,186.0,186.0,186.0,-1.06,195.0,492.0,250.1
JFL,5/24/2011,186.0,183.0,183.0,183.0,-1.61,60.0,492.0,250.1
JFL,5/25/2011,183.0,189.0,186.0,188.0,2.73,60.0,492.0,250.1
JFL,6/5/2011,188.0,191.0,191.0,191.0,1.6,100.0,492.0,250.1
JFL,6/9/2011,191.0,191.0,191.0,191.0,0.0,48.0,492.0,250.1
JFL,6/15/2011,191.0,188.0,182.0,185.0,-3.14,2336.0,492.0,250.1
JFL,6/19/2011,185.0,184.0,184.0,184.0,-0.54,475.0,492.0,250.1
JFL,6/20/2011,185.0,184.0,184.0,184.0,0.0,475.0,492.0,250.1
JFL,6/21/2011,193.0,210.0,196.0,210.0,14.13,100.0,492.0,250.1
JFL,6/23/2011,210.0,218.0,212.0,218.0,3.81,121.0,492.0,250.1
JFL,6/26/2011,218.0,222.0,222.0,222.0,1.83,50.0,492.0,250.1
JFL,6/29/2011,222.0,225.0,206.0,206.0,-7.21,1145.0,492.0,250.1
JFL,6/30/2011,206.0,202.0,202.0,202.0,-1.94,30.0,492.0,250.1
JFL,7/3/2011,202.0,198.0,192.0,192.0,-4.95,149.0,492.0,250.1
JFL,7/4/2011,192.0,195.0,195.0,195.0,1.56,10.0,492.0,250.1
JFL,7/5/2011,195.0,192.0,192.0,192.0,-1.54,100.0,492.0,250.1
JFL,7/7/2011,192.0,189.0,183.0,183.0,-4.69,230.0,492.0,250.1
JFL,7/10/2011,183.0,186.0,186.0,186.0,1.64,20.0,492.0,250.1
JFL,7/12/2011,186.0,186.0,183.0,183.0,-1.61,87.0,492.0,250.1
JFL,7/13/2011,183.0,189.0,186.0,189.0,3.28,42.0,492.0,250.1
JFL,7/14/2011,189.0,195.0,189.0,195.0,3.17,158.0,492.0,250.1
JFL,7/19/2011,195.0,198.0,198.0,198.0,1.54,69.0,492.0,250.1
JFL,7/20/2011,198.0,195.0,195.0,195.0,-1.52,32.0,492.0,250.1
JFL,7/24/2011,195.0,192.0,186.0,188.0,-3.59,649.0,492.0,250.1
JFL,7/25/2011,188.0,185.0,185.0,185.0,-1.6,100.0,492.0,250.1
JFL,7/27/2011,185.0,182.0,182.0,182.0,-1.62,292.0,492.0,250.1
JFL,7/28/2011,182.0,190.0,182.0,188.0,3.3,315.0,492.0,250.1
JFL,7/31/2011,188.0,194.0,191.0,191.0,1.6,195.0,492.0,250.1
JFL,8/1/2011,191.0,193.0,189.0,189.0,-1.05,594.0,492.0,250.1
JFL,8/2/2011,189.0,192.0,192.0,192.0,1.59,20.0,492.0,250.1
JFL,8/3/2011,192.0,198.0,195.0,198.0,3.12,152.0,492.0,250.1
JFL,8/4/2011,198.0,212.0,201.0,212.0,7.07,835.0,492.0,250.1
JFL,8/7/2011,212.0,216.0,213.0,216.0,1.89,139.0,492.0,250.1
JFL,8/8/2011,216.0,220.0,216.0,218.0,0.93,768.0,492.0,250.1
JFL,8/10/2011,218.0,239.0,222.0,239.0,9.63,981.0,492.0,250.1
JFL,8/11/2011,239.0,262.0,240.0,262.0,9.62,1361.0,492.0,250.1
JFL,8/15/2011,262.0,271.0,257.0,258.0,-1.53,2917.0,492.0,250.1
JFL,8/16/2011,258.0,260.0,250.0,250.0,-3.1,458.0,492.0,250.1
JFL,8/17/2011,250.0,250.0,245.0,249.0,-0.4,451.0,492.0,250.1
JFL,8/23/2011,249.0,249.0,241.0,241.0,-3.21,716.0,492.0,250.1
JFL,8/24/2011,241.0,237.0,237.0,237.0,-1.66,100.0,492.0,250.1
JFL,8/25/2011,237.0,233.0,225.0,225.0,-5.06,977.0,492.0,250.1
JFL,8/28/2011,225.0,222.0,217.0,217.0,-3.56,345.0,492.0,250.1
JFL,8/29/2011,217.0,214.0,214.0,214.0,-1.38,1288.0,492.0,250.1
JFL,8/30/2011,214.0,214.0,214.0,214.0,0.0,2460.0,492.0,250.1
JFL,9/1/2011,214.0,230.0,218.0,230.0,7.48,67.0,492.0,250.1
JFL,9/4/2011,230.0,226.0,222.0,222.0,-3.48,62.0,492.0,250.1
JFL,9/5/2011,222.0,222.0,222.0,222.0,0.0,52.0,492.0,250.1
JFL,9/6/2011,222.0,222.0,222.0,222.0,0.0,98.0,492.0,250.1
JFL,9/12/2011,222.0,225.0,224.0,225.0,1.35,232.0,492.0,250.1
JFL,9/13/2011,225.0,229.0,221.0,229.0,1.78,322.0,492.0,250.1
JFL,9/14/2011,229.0,225.0,225.0,225.0,-1.75,100.0,492.0,250.1
JFL,9/15/2011,225.0,228.0,224.0,224.0,-0.44,350.0,492.0,250.1
JFL,9/18/2011,224.0,228.0,224.0,228.0,1.79,240.0,492.0,250.1
JFL,9/20/2011,228.0,224.0,220.0,220.0,-3.51,408.0,492.0,250.1
JFL,9/21/2011,220.0,216.0,211.0,215.0,-2.27,3111.0,492.0,250.1
JFL,9/22/2011,215.0,211.0,210.0,210.0,-2.33,2000.0,492.0,250.1
JFL,9/26/2011,210.0,222.0,214.0,222.0,5.71,558.0,492.0,250.1
JFL,9/27/2011,222.0,229.0,221.0,221.0,-0.45,766.0,492.0,250.1
JFL,9/29/2011,221.0,237.0,225.0,237.0,7.24,820.0,492.0,250.1
JFL,10/9/2011,237.0,233.0,233.0,233.0,-1.69,97.0,492.0,250.1
JFL,10/13/2011,233.0,230.0,230.0,230.0,-1.29,40.0,492.0,250.1
JFL,10/16/2011,230.0,226.0,226.0,226.0,-1.74,200.0,492.0,250.1
JFL,10/17/2011,226.0,222.0,222.0,222.0,-1.77,13.0,492.0,250.1
JFL,10/18/2011,222.0,222.0,222.0,222.0,0.0,800.0,492.0,250.1
JFL,10/20/2011,222.0,225.0,222.0,225.0,1.35,154.0,492.0,250.1
JFL,10/23/2011,225.0,229.0,229.0,229.0,1.78,30.0,492.0,250.1
JFL,10/24/2011,229.0,233.0,229.0,233.0,1.75,275.0,492.0,250.1
JFL,10/25/2011,233.0,234.0,233.0,234.0,0.43,148.0,492.0,250.1
JFL,10/31/2011,234.0,230.0,230.0,230.0,-1.71,100.0,492.0,250.1
JFL,11/3/2011,230.0,236.0,228.0,228.0,-0.87,800.0,492.0,250.1
JFL,11/9/2011,228.0,228.0,226.0,228.0,0.0,1119.0,492.0,250.1
JFL,11/10/2011,228.0,224.0,220.0,220.0,-3.51,2100.0,492.0,250.1
JFL,11/14/2011,220.0,220.0,220.0,220.0,0.0,700.0,492.0,250.1
JFL,11/15/2011,220.0,222.0,222.0,222.0,0.91,10.0,492.0,250.1
JFL,11/22/2011,222.0,218.0,218.0,218.0,-1.8,20.0,492.0,250.1
JFL,12/1/2011,218.0,222.0,222.0,222.0,1.83,515.0,492.0,250.1
JFL,12/4/2011,222.0,230.0,226.0,230.0,3.6,63.0,492.0,250.1
JFL,12/5/2011,230.0,230.0,226.0,228.0,-0.87,1123.0,492.0,250.1
JFL,12/7/2011,228.0,232.0,232.0,232.0,1.75,60.0,492.0,250.1
JFL,12/8/2011,232.0,230.0,226.0,226.0,-2.59,313.0,492.0,250.1
JFL,12/15/2011,226.0,222.0,222.0,222.0,-1.77,200.0,492.0,250.1
JFL,12/18/2011,222.0,220.0,220.0,220.0,-0.9,500.0,492.0,250.1
JFL,12/21/2011,220.0,220.0,220.0,220.0,0.0,100.0,492.0,250.1
JFL,12/22/2011,220.0,219.0,216.0,219.0,-0.45,460.0,492.0,250.1
JFL,12/26/2011,219.0,231.0,223.0,227.0,3.65,1100.0,492.0,250.1
JFL,12/27/2011,227.0,234.0,230.0,234.0,3.08,140.0,492.0,250.1
JFL,12/28/2011,234.0,230.0,230.0,230.0,-1.71,1047.0,492.0,250.1
JFL,12/29/2011,230.0,234.0,226.0,230.0,0.0,4233.0,492.0,250.1
JFL,1/2/2012,230.0,226.0,226.0,226.0,-1.74,50.0,492.0,250.1
JFL,1/12/2012,226.0,222.0,213.0,213.0,-5.75,648.0,492.0,250.1
JFL,1/18/2012,213.0,209.0,200.0,200.0,-6.1,239.0,492.0,250.1
JFL,1/22/2012,200.0,196.0,196.0,196.0,-2.0,500.0,492.0,250.1
JFL,1/23/2012,196.0,199.0,196.0,196.0,0.0,180.0,492.0,250.1
JFL,1/26/2012,196.0,194.0,191.0,191.0,-2.55,246.0,492.0,250.1
JFL,2/2/2012,191.0,191.0,191.0,191.0,0.0,123.0,492.0,250.1
JFL,2/9/2012,191.0,194.0,194.0,194.0,1.57,500.0,492.0,250.1
JFL,2/12/2012,194.0,191.0,188.0,188.0,-3.09,925.0,492.0,250.1
JFL,2/28/2012,188.0,191.0,191.0,191.0,1.6,49.0,492.0,250.1
JFL,3/1/2012,191.0,204.0,194.0,204.0,6.81,90.0,492.0,250.1
JFL,3/4/2012,204.0,208.0,208.0,208.0,1.96,20.0,492.0,250.1
JFL,3/5/2012,208.0,212.0,204.0,204.0,-1.92,130.0,492.0,250.1
JFL,3/6/2012,204.0,207.0,205.0,205.0,0.49,401.0,492.0,250.1
JFL,3/11/2012,205.0,205.0,205.0,205.0,0.0,10.0,492.0,250.1
JFL,3/12/2012,205.0,204.0,202.0,202.0,-1.46,359.0,492.0,250.1
JFL,3/13/2012,202.0,199.0,199.0,199.0,-1.49,200.0,492.0,250.1
JFL,3/14/2012,199.0,202.0,200.0,200.0,0.5,207.0,492.0,250.1
JFL,3/18/2012,200.0,204.0,204.0,204.0,2.0,1000.0,492.0,250.1
JFL,3/27/2012,204.0,200.0,199.0,199.0,-2.45,1750.0,492.0,250.1
JFL,3/29/2012,199.0,200.0,200.0,200.0,0.5,60.0,492.0,250.1
JFL,4/1/2012,200.0,202.0,202.0,202.0,1.0,130.0,492.0,250.1
JFL,4/15/2012,202.0,206.0,206.0,206.0,1.98,40.0,492.0,250.1
JFL,4/18/2012,206.0,210.0,136.0,210.0,1.94,2502.0,492.0,250.1
JFL,5/2/2012,210.0,214.0,214.0,214.0,1.9,50.0,492.0,250.1
JFL,5/7/2012,214.0,224.0,224.0,224.0,4.67,10.0,492.0,250.1
JFL,5/8/2012,224.0,228.0,228.0,228.0,1.79,40.0,492.0,250.1
JFL,5/9/2012,228.0,232.0,232.0,232.0,1.75,2844.0,492.0,250.1
JFL,5/13/2012,232.0,240.0,236.0,240.0,3.45,1060.0,492.0,250.1
JFL,5/14/2012,240.0,257.0,244.0,257.0,7.08,120.0,492.0,250.1
JFL,5/16/2012,257.0,267.0,262.0,262.0,1.95,1025.0,492.0,250.1
JFL,5/17/2012,262.0,287.0,267.0,287.0,9.54,1479.0,492.0,250.1
JFL,5/20/2012,287.0,297.0,292.0,297.0,3.48,41.0,492.0,250.1
JFL,5/21/2012,297.0,302.0,292.0,295.0,-0.67,3189.0,492.0,250.1
JFL,5/22/2012,295.0,290.0,280.0,280.0,-5.08,150.0,492.0,250.1
JFL,5/23/2012,280.0,280.0,275.0,280.0,0.0,78.0,492.0,250.1
JFL,5/24/2012,280.0,285.0,285.0,285.0,1.79,20.0,492.0,250.1
JFL,5/29/2012,285.0,280.0,257.0,257.0,-9.82,2159.0,492.0,250.1
JFL,5/30/2012,257.0,252.0,247.0,251.0,-2.33,490.0,492.0,250.1
JFL,6/4/2012,251.0,256.0,256.0,256.0,1.99,20.0,492.0,250.1
JFL,6/5/2012,256.0,255.0,251.0,252.0,-1.56,595.0,492.0,250.1
JFL,6/6/2012,252.0,250.0,249.0,250.0,-0.79,467.0,492.0,250.1
JFL,6/7/2012,250.0,260.0,255.0,255.0,2.0,45.0,492.0,250.1
JFL,6/10/2012,255.0,260.0,259.0,260.0,1.96,59.0,492.0,250.1
JFL,6/11/2012,260.0,270.0,265.0,270.0,3.85,470.0,492.0,250.1
JFL,6/12/2012,270.0,270.0,265.0,270.0,0.0,2669.0,492.0,250.1
JFL,6/13/2012,270.0,290.0,271.0,290.0,7.41,140.0,492.0,250.1
JFL,6/14/2012,290.0,285.0,270.0,275.0,-5.17,365.0,492.0,250.1
JFL,6/17/2012,275.0,271.0,270.0,270.0,-1.82,2196.0,492.0,250.1
JFL,6/18/2012,270.0,275.0,270.0,275.0,1.85,2957.0,492.0,250.1
JFL,6/26/2012,275.0,270.0,265.0,265.0,-3.64,118.0,492.0,250.1
JFL,6/27/2012,265.0,265.0,261.0,265.0,0.0,221.0,492.0,250.1
JFL,6/28/2012,265.0,270.0,270.0,270.0,1.89,1218.0,492.0,250.1
JFL,7/1/2012,270.0,270.0,270.0,270.0,0.0,67.0,492.0,250.1
JFL,7/2/2012,270.0,271.0,271.0,271.0,0.37,48.0,492.0,250.1
JFL,7/3/2012,271.0,276.0,276.0,276.0,1.85,10.0,492.0,250.1
JFL,7/4/2012,276.0,280.0,280.0,280.0,1.45,450.0,492.0,250.1
JFL,7/9/2012,280.0,275.0,275.0,275.0,-1.79,146.0,492.0,250.1
JFL,7/11/2012,275.0,280.0,280.0,280.0,1.82,18.0,492.0,250.1
JFL,7/12/2012,280.0,280.0,275.0,280.0,0.0,503.0,492.0,250.1
JFL,7/16/2012,280.0,285.0,285.0,285.0,1.79,25.0,492.0,250.1
JFL,7/17/2012,285.0,295.0,285.0,295.0,3.51,2339.0,492.0,250.1
JFL,7/18/2012,295.0,300.0,299.0,300.0,1.69,1517.0,492.0,250.1
JFL,7/19/2012,300.0,305.0,300.0,305.0,1.67,519.0,492.0,250.1
JFL,7/22/2012,305.0,329.0,311.0,329.0,7.87,665.0,492.0,250.1
JFL,7/23/2012,329.0,335.0,334.0,334.0,1.52,100.0,492.0,250.1
JFL,7/24/2012,334.0,328.0,327.0,327.0,-2.1,94.0,492.0,250.1
JFL,7/25/2012,327.0,325.0,321.0,321.0,-1.83,115.0,492.0,250.1
JFL,7/26/2012,321.0,333.0,314.0,323.0,0.62,4614.0,492.0,250.1
JFL,7/29/2012,323.0,318.0,317.0,318.0,-1.55,143.0,492.0,250.1
JFL,7/30/2012,318.0,315.0,312.0,315.0,-0.94,694.0,492.0,250.1
JFL,7/31/2012,315.0,321.0,321.0,321.0,1.9,100.0,492.0,250.1
JFL,8/1/2012,321.0,325.0,320.0,325.0,1.25,424.0,492.0,250.1
JFL,8/5/2012,325.0,325.0,324.0,325.0,0.0,325.0,492.0,250.1
JFL,8/6/2012,325.0,327.0,324.0,327.0,0.62,2400.0,492.0,250.1
JFL,8/7/2012,327.0,326.0,325.0,325.0,-0.61,400.0,492.0,250.1
JFL,8/12/2012,325.0,327.0,325.0,325.0,0.0,630.0,492.0,250.1
JFL,8/14/2012,325.0,331.0,319.0,319.0,-1.85,440.0,492.0,250.1
JFL,8/15/2012,319.0,313.0,313.0,313.0,-1.88,95.0,492.0,250.1
JFL,8/19/2012,313.0,319.0,319.0,319.0,1.92,100.0,492.0,250.1
JFL,8/21/2012,319.0,342.0,325.0,342.0,7.21,408.0,492.0,250.1
JFL,8/23/2012,342.0,336.0,336.0,336.0,-1.75,24.0,492.0,250.1
JFL,8/27/2012,336.0,330.0,320.0,329.0,-2.08,324.0,492.0,250.1
JFL,8/28/2012,329.0,323.0,323.0,323.0,-1.82,200.0,492.0,250.1
JFL,8/30/2012,323.0,322.0,316.0,316.0,-2.17,630.0,492.0,250.1
JFL,9/2/2012,316.0,326.0,320.0,326.0,3.16,1814.0,492.0,250.1
JFL,9/3/2012,326.0,338.0,325.0,336.0,3.07,2486.0,492.0,250.1
JFL,9/4/2012,336.0,342.0,330.0,330.0,-1.79,301.0,492.0,250.1
JFL,9/5/2012,330.0,328.0,318.0,328.0,-0.61,987.0,492.0,250.1
JFL,9/6/2012,328.0,322.0,315.0,321.0,-2.13,1151.0,492.0,250.1
JFL,9/10/2012,321.0,327.0,321.0,327.0,1.87,603.0,492.0,250.1
JFL,9/11/2012,327.0,325.0,316.0,325.0,-0.61,2656.0,492.0,250.1
JFL,9/12/2012,325.0,343.0,331.0,343.0,5.54,472.0,492.0,250.1
JFL,9/13/2012,343.0,343.0,337.0,337.0,-1.75,130.0,492.0,250.1
JFL,9/17/2012,337.0,361.0,343.0,357.0,5.93,3015.0,492.0,250.1
JFL,9/18/2012,357.0,392.0,364.0,392.0,9.8,1922.0,492.0,250.1
JFL,9/19/2012,392.0,414.0,376.0,383.0,-2.3,1385.0,492.0,250.1
JFL,9/20/2012,383.0,377.0,370.0,377.0,-1.57,292.0,492.0,250.1
JFL,9/23/2012,377.0,377.0,369.0,369.0,-2.12,2065.0,492.0,250.1
JFL,9/25/2012,369.0,365.0,362.0,365.0,-1.08,484.0,492.0,250.1
JFL,9/26/2012,365.0,369.0,369.0,369.0,1.1,300.0,492.0,250.1
JFL,9/30/2012,372.0,366.0,365.0,365.0,-1.08,350.0,492.0,250.1
JFL,10/1/2012,365.0,366.0,366.0,366.0,0.27,100.0,492.0,250.1
JFL,10/4/2012,366.0,359.0,359.0,359.0,-1.91,48.0,492.0,250.1
JFL,10/7/2012,359.0,361.0,359.0,359.0,0.0,170.0,492.0,250.1
JFL,10/8/2012,359.0,359.0,348.0,353.0,-1.67,1060.0,492.0,250.1
JFL,10/9/2012,353.0,360.0,350.0,350.0,-0.85,1650.0,492.0,250.1
JFL,10/10/2012,350.0,357.0,350.0,357.0,2.0,2225.0,492.0,250.1
JFL,10/11/2012,357.0,360.0,360.0,360.0,0.84,200.0,492.0,250.1
JFL,10/15/2012,360.0,377.0,367.0,377.0,4.72,931.0,492.0,250.1
JFL,10/18/2012,377.0,370.0,370.0,370.0,-1.86,200.0,492.0,250.1
JFL,10/31/2012,370.0,384.0,377.0,384.0,3.78,20.0,492.0,250.1
JFL,11/4/2012,384.0,391.0,380.0,380.0,-1.04,1259.0,492.0,250.1
JFL,11/5/2012,380.0,386.0,385.0,385.0,1.32,480.0,492.0,250.1
JFL,11/6/2012,385.0,390.0,390.0,390.0,1.3,40.0,492.0,250.1
JFL,11/8/2012,390.0,402.0,394.0,394.0,1.03,40.0,492.0,250.1
JFL,11/11/2012,394.0,387.0,380.0,380.0,-3.55,400.0,492.0,250.1
JFL,11/20/2012,380.0,397.0,386.0,397.0,4.47,540.0,492.0,250.1
JFL,11/25/2012,397.0,404.0,397.0,404.0,1.76,864.0,492.0,250.1
JFL,11/26/2012,404.0,404.0,385.0,385.0,-4.7,975.0,492.0,250.1
JFL,11/27/2012,385.0,378.0,371.0,378.0,-1.82,405.0,492.0,250.1
JFL,11/29/2012,378.0,392.0,380.0,381.0,0.79,1526.0,492.0,250.1
JFL,12/2/2012,381.0,417.0,388.0,395.0,3.67,2844.0,492.0,250.1
JFL,12/3/2012,395.0,400.0,393.0,393.0,-0.51,1031.0,492.0,250.1
JFL,12/4/2012,393.0,400.0,387.0,400.0,1.78,1325.0,492.0,250.1
JFL,12/5/2012,400.0,408.0,400.0,400.0,0.0,1200.0,492.0,250.1
JFL,12/6/2012,400.0,401.0,390.0,401.0,0.25,4792.0,492.0,250.1
JFL,12/9/2012,401.0,400.0,385.0,392.0,-2.24,1789.0,492.0,250.1
JFL,12/11/2012,392.0,390.0,390.0,390.0,-0.51,100.0,492.0,250.1
JFL,12/13/2012,390.0,266.0,266.0,266.0,-31.79,50.0,492.0,250.1
JFL,12/16/2012,266.0,275.0,270.0,274.0,3.01,900.0,492.0,250.1
JFL,12/17/2012,274.0,289.0,279.0,289.0,5.47,250.0,492.0,250.1
JFL,12/18/2012,289.0,284.0,270.0,275.0,-4.84,2600.0,492.0,250.1
JFL,12/19/2012,275.0,280.0,280.0,280.0,1.82,200.0,492.0,250.1
JFL,12/20/2012,280.0,280.0,275.0,275.0,-1.79,300.0,492.0,250.1
JFL,12/23/2012,275.0,274.0,272.0,272.0,-1.09,2220.0,492.0,250.1
JFL,12/24/2012,272.0,272.0,272.0,272.0,0.0,147.0,492.0,250.1
JFL,12/26/2012,272.0,272.0,272.0,272.0,0.0,100.0,492.0,250.1
JFL,1/3/2013,272.0,277.0,267.0,277.0,1.84,764.0,492.0,250.1
JFL,1/6/2013,277.0,272.0,272.0,272.0,-1.81,375.0,492.0,250.1
JFL,1/7/2013,272.0,272.0,270.0,270.0,-0.74,130.0,492.0,250.1
JFL,1/31/2013,270.0,265.0,265.0,265.0,-1.85,200.0,492.0,250.1
JFL,2/4/2013,265.0,270.0,260.0,265.0,0.0,1329.0,492.0,250.1
JFL,2/6/2013,265.0,265.0,255.0,255.0,-3.77,1100.0,492.0,250.1
JFL,2/13/2013,255.0,260.0,260.0,260.0,1.96,100.0,492.0,250.1
JFL,2/14/2013,260.0,255.0,255.0,255.0,-1.92,130.0,492.0,250.1
JFL,2/25/2013,255.0,260.0,256.0,256.0,0.39,30.0,492.0,250.1
JFL,2/26/2013,256.0,255.0,250.0,250.0,-2.34,279.0,492.0,250.1
JFL,2/27/2013,250.0,253.0,253.0,253.0,1.2,360.0,492.0,250.1
JFL,3/7/2013,253.0,250.0,250.0,250.0,-1.19,150.0,492.0,250.1
JFL,3/11/2013,250.0,245.0,245.0,245.0,-2.0,200.0,492.0,250.1
JFL,3/13/2013,245.0,241.0,231.0,233.0,-4.9,832.0,492.0,250.1
JFL,3/14/2013,233.0,237.0,230.0,230.0,-1.29,825.0,492.0,250.1
JFL,3/17/2013,230.0,235.0,228.0,228.0,-0.87,1350.0,492.0,250.1
JFL,3/18/2013,228.0,225.0,225.0,225.0,-1.32,20.0,492.0,250.1
JFL,3/20/2013,225.0,225.0,221.0,223.0,-0.89,492.0,492.0,250.1
JFL,3/21/2013,223.0,225.0,223.0,223.0,0.0,250.0,492.0,250.1
JFL,3/27/2013,223.0,227.0,227.0,227.0,1.79,20.0,492.0,250.1
JFL,3/28/2013,227.0,225.0,225.0,225.0,-0.88,210.0,492.0,250.1
JFL,3/31/2013,225.0,222.0,222.0,222.0,-1.33,200.0,492.0,250.1
JFL,4/1/2013,222.0,220.0,218.0,220.0,-0.9,448.0,492.0,250.1
JFL,4/2/2013,220.0,224.0,224.0,224.0,1.82,1000.0,492.0,250.1
JFL,4/3/2013,224.0,225.0,224.0,224.0,0.0,1680.0,492.0,250.1
JFL,4/4/2013,224.0,224.0,220.0,224.0,0.0,1273.0,492.0,250.1
JFL,4/7/2013,224.0,225.0,221.0,222.0,-0.89,830.0,492.0,250.1
JFL,4/8/2013,222.0,218.0,218.0,218.0,-1.8,250.0,492.0,250.1
JFL,4/11/2013,218.0,221.0,214.0,214.0,-1.83,3937.0,492.0,250.1
JFL,4/15/2013,214.0,215.0,210.0,210.0,-1.87,1400.0,492.0,250.1
JFL,4/18/2013,210.0,210.0,206.0,206.0,-1.9,2530.0,492.0,250.1
JFL,4/28/2013,206.0,203.0,200.0,200.0,-2.91,2239.0,492.0,250.1
JFL,4/30/2013,200.0,202.0,202.0,202.0,1.0,142.0,492.0,250.1
JFL,5/12/2013,202.0,206.0,206.0,206.0,1.98,3069.0,492.0,250.1
JFL,5/13/2013,206.0,210.0,210.0,210.0,1.94,50.0,492.0,250.1
JFL,5/15/2013,210.0,210.0,210.0,210.0,0.0,190.0,492.0,250.1
JFL,5/23/2013,210.0,210.0,210.0,210.0,0.0,40.0,492.0,250.1
JFL,5/30/2013,210.0,206.0,206.0,206.0,-1.9,96.0,492.0,250.1
JFL,6/2/2013,206.0,207.0,207.0,207.0,0.49,150.0,492.0,250.1
JFL,6/3/2013,207.0,206.0,206.0,206.0,-0.48,210.0,492.0,250.1
JFL,6/4/2013,206.0,205.0,205.0,205.0,-0.49,240.0,492.0,250.1
JFL,6/6/2013,205.0,209.0,209.0,209.0,1.95,50.0,492.0,250.1
JFL,6/9/2013,209.0,213.0,213.0,213.0,1.91,200.0,492.0,250.1
JFL,6/10/2013,213.0,214.0,210.0,214.0,0.47,531.0,492.0,250.1
JFL,6/17/2013,214.0,218.0,218.0,218.0,1.87,10.0,492.0,250.1
JFL,6/20/2013,218.0,222.0,220.0,222.0,1.83,110.0,492.0,250.1
JFL,6/23/2013,222.0,222.0,222.0,222.0,0.0,300.0,492.0,250.1
JFL,6/24/2013,222.0,230.0,225.0,230.0,3.6,716.0,492.0,250.1
JFL,6/25/2013,230.0,238.0,234.0,238.0,3.48,650.0,492.0,250.1
JFL,6/26/2013,238.0,240.0,234.0,238.0,0.0,671.0,492.0,250.1
JFL,6/27/2013,238.0,244.0,240.0,240.0,0.84,1550.0,492.0,250.1
JFL,7/2/2013,240.0,240.0,236.0,236.0,-1.67,147.0,492.0,250.1
JFL,7/3/2013,236.0,235.0,234.0,234.0,-0.85,785.0,492.0,250.1
JFL,7/4/2013,234.0,230.0,230.0,230.0,-1.71,50.0,492.0,250.1
JFL,7/8/2013,230.0,230.0,226.0,226.0,-1.74,791.0,492.0,250.1
JFL,7/11/2013,226.0,226.0,225.0,225.0,-0.44,1150.0,492.0,250.1
JFL,7/17/2013,225.0,222.0,220.0,220.0,-2.22,400.0,492.0,250.1
JFL,7/18/2013,220.0,226.0,224.0,226.0,2.73,400.0,492.0,250.1
JFL,7/21/2013,226.0,230.0,227.0,230.0,1.77,599.0,492.0,250.1
JFL,7/22/2013,230.0,230.0,230.0,230.0,0.0,466.0,492.0,250.1
JFL,7/23/2013,230.0,230.0,224.0,225.0,-2.17,2112.0,492.0,250.1
JFL,7/24/2013,225.0,225.0,222.0,225.0,0.0,275.0,492.0,250.1
JFL,7/25/2013,225.0,221.0,221.0,221.0,-1.78,172.0,492.0,250.1
JFL,7/29/2013,221.0,225.0,225.0,225.0,1.81,200.0,492.0,250.1
JFL,7/30/2013,225.0,228.0,226.0,228.0,1.33,700.0,492.0,250.1
JFL,7/31/2013,228.0,232.0,230.0,230.0,0.88,1389.0,492.0,250.1
JFL,8/1/2013,230.0,238.0,230.0,238.0,3.48,280.0,492.0,250.1
JFL,8/4/2013,238.0,235.0,234.0,234.0,-1.68,637.0,492.0,250.1
JFL,8/5/2013,234.0,231.0,231.0,231.0,-1.28,95.0,492.0,250.1
JFL,8/7/2013,231.0,232.0,232.0,232.0,0.43,50.0,492.0,250.1
JFL,8/12/2013,232.0,234.0,227.0,229.0,-1.29,4004.0,492.0,250.1
JFL,8/13/2013,229.0,228.0,220.0,220.0,-3.93,1093.0,492.0,250.1
JFL,8/14/2013,220.0,226.0,222.0,226.0,2.73,822.0,492.0,250.1
JFL,8/15/2013,226.0,230.0,227.0,227.0,0.44,774.0,492.0,250.1
JFL,8/18/2013,227.0,230.0,230.0,230.0,1.32,200.0,492.0,250.1
JFL,8/19/2013,230.0,230.0,230.0,230.0,0.0,531.0,492.0,250.1
JFL,8/20/2013,230.0,230.0,230.0,230.0,0.0,285.0,492.0,250.1
JFL,8/25/2013,230.0,230.0,230.0,230.0,0.0,500.0,492.0,250.1
JFL,8/26/2013,230.0,230.0,228.0,230.0,0.0,1400.0,492.0,250.1
JFL,8/27/2013,230.0,234.0,230.0,230.0,0.0,242.0,492.0,250.1
JFL,8/29/2013,230.0,234.0,222.0,222.0,-3.48,1697.0,492.0,250.1
JFL,9/2/2013,222.0,230.0,226.0,230.0,3.6,150.0,492.0,250.1
JFL,9/4/2013,230.0,234.0,230.0,230.0,0.0,2587.0,492.0,250.1
JFL,9/9/2013,230.0,238.0,230.0,238.0,3.48,1900.0,492.0,250.1
JFL,9/10/2013,238.0,260.0,242.0,260.0,9.24,160.0,492.0,250.1
JFL,9/11/2013,260.0,280.0,265.0,278.0,6.92,1433.0,492.0,250.1
JFL,9/15/2013,278.0,275.0,275.0,275.0,-1.08,10.0,492.0,250.1
JFL,9/17/2013,275.0,270.0,269.0,270.0,-1.82,622.0,492.0,250.1
JFL,9/19/2013,270.0,268.0,253.0,253.0,-6.3,691.0,492.0,250.1
JFL,9/22/2013,253.0,253.0,240.0,240.0,-5.14,302.0,492.0,250.1
JFL,9/23/2013,240.0,236.0,236.0,236.0,-1.67,250.0,492.0,250.1
JFL,9/24/2013,236.0,232.0,228.0,232.0,-1.69,1227.0,492.0,250.1
JFL,9/25/2013,232.0,250.0,228.0,250.0,7.76,1150.0,492.0,250.1
JFL,9/26/2013,250.0,260.0,250.0,260.0,4.0,2435.0,492.0,250.1
JFL,9/29/2013,260.0,255.0,255.0,255.0,-1.92,43.0,492.0,250.1
JFL,9/30/2013,255.0,250.0,250.0,250.0,-1.96,193.0,492.0,250.1
JFL,10/3/2013,250.0,252.0,248.0,250.0,0.0,506.0,492.0,250.1
JFL,10/6/2013,250.0,245.0,245.0,245.0,-2.0,58.0,492.0,250.1
JFL,10/10/2013,245.0,249.0,249.0,249.0,1.63,210.0,492.0,250.1
JFL,10/27/2013,249.0,245.0,245.0,245.0,-1.61,20.0,492.0,250.1
JFL,10/30/2013,245.0,241.0,241.0,241.0,-1.63,20.0,492.0,250.1
JFL,10/31/2013,241.0,241.0,237.0,237.0,-1.66,1222.0,492.0,250.1
JFL,11/6/2013,237.0,233.0,233.0,233.0,-1.69,100.0,492.0,250.1
JFL,11/11/2013,233.0,230.0,226.0,226.0,-3.0,295.0,492.0,250.1
JFL,11/13/2013,226.0,230.0,228.0,230.0,1.77,165.0,492.0,250.1
JFL,11/24/2013,230.0,234.0,234.0,234.0,1.74,145.0,492.0,250.1
JFL,11/25/2013,234.0,246.0,237.0,246.0,5.13,323.0,492.0,250.1
JFL,11/26/2013,246.0,250.0,250.0,250.0,1.63,110.0,492.0,250.1
JFL,11/27/2013,250.0,250.0,250.0,250.0,0.0,200.0,492.0,250.1
JFL,11/28/2013,250.0,245.0,245.0,245.0,-2.0,600.0,492.0,250.1
JFL,12/2/2013,245.0,248.0,248.0,248.0,1.22,20.0,492.0,250.1
JFL,12/3/2013,248.0,266.0,252.0,266.0,7.26,6168.0,492.0,250.1
JFL,12/4/2013,266.0,290.0,271.0,280.0,5.26,1855.0,492.0,250.1
JFL,12/5/2013,280.0,285.0,280.0,285.0,1.79,2290.0,492.0,250.1
JFL,12/8/2013,285.0,280.0,257.0,262.0,-8.07,1195.0,492.0,250.1
JFL,12/9/2013,262.0,257.0,245.0,250.0,-4.58,2088.0,492.0,250.1
JFL,12/10/2013,250.0,245.0,233.0,233.0,-6.8,5511.0,492.0,250.1
JFL,12/11/2013,233.0,230.0,229.0,230.0,-1.29,990.0,492.0,250.1
JFL,12/12/2013,230.0,234.0,230.0,234.0,1.74,515.0,492.0,250.1
JFL,12/15/2013,234.0,238.0,232.0,232.0,-0.85,568.0,492.0,250.1
JFL,12/16/2013,232.0,232.0,228.0,228.0,-1.72,240.0,492.0,250.1
JFL,12/22/2013,228.0,232.0,228.0,228.0,0.0,1351.0,492.0,250.1
JFL,12/23/2013,228.0,229.0,228.0,228.0,0.0,203.0,492.0,250.1
JFL,12/24/2013,228.0,232.0,230.0,230.0,0.88,1226.0,492.0,250.1
JFL,12/26/2013,230.0,232.0,226.0,232.0,0.87,1018.0,492.0,250.1
JFL,12/29/2013,232.0,230.0,230.0,230.0,-0.86,108.0,492.0,250.1
JFL,12/31/2013,230.0,235.0,230.0,235.0,2.17,446.0,492.0,250.1
JFL,1/1/2014,235.0,232.0,231.0,231.0,-1.7,700.0,492.0,250.1
JFL,1/2/2014,231.0,235.0,235.0,235.0,1.73,350.0,492.0,250.1
JFL,1/5/2014,235.0,239.0,235.0,236.0,0.43,285.0,492.0,250.1
JFL,1/6/2014,236.0,235.0,232.0,232.0,-1.69,355.0,492.0,250.1
JFL,1/7/2014,232.0,236.0,236.0,236.0,1.72,1219.0,492.0,250.1
JFL,1/9/2014,236.0,234.0,228.0,234.0,-0.85,2070.0,492.0,250.1
JFL,1/12/2014,234.0,237.0,235.0,235.0,0.43,36.0,492.0,250.1
JFL,1/13/2014,235.0,235.0,235.0,235.0,0.0,340.0,492.0,250.1
JFL,1/16/2014,235.0,243.0,239.0,243.0,3.4,484.0,492.0,250.1
JFL,1/19/2014,243.0,251.0,247.0,251.0,3.29,100.0,492.0,250.1
JFL,1/20/2014,251.0,272.0,255.0,268.0,6.77,1043.0,492.0,250.1
JFL,1/21/2014,268.0,273.0,273.0,273.0,1.87,52.0,492.0,250.1
JFL,1/22/2014,273.0,292.0,276.0,290.0,6.23,2583.0,492.0,250.1
JFL,1/23/2014,290.0,290.0,285.0,285.0,-1.72,460.0,492.0,250.1
JFL,1/26/2014,285.0,290.0,290.0,290.0,1.75,20.0,492.0,250.1
JFL,1/27/2014,290.0,291.0,286.0,286.0,-1.38,1048.0,492.0,250.1
JFL,1/28/2014,286.0,292.0,290.0,292.0,2.1,461.0,492.0,250.1
JFL,2/4/2014,292.0,287.0,272.0,272.0,-6.85,224.0,492.0,250.1
JFL,2/6/2014,257.0,262.0,257.0,257.0,-5.51,276.0,492.0,250.1
JFL,2/9/2014,257.0,260.0,250.0,250.0,-2.72,630.0,492.0,250.1
JFL,2/11/2014,250.0,255.0,246.0,250.0,0.0,600.0,492.0,250.1
JFL,2/12/2014,250.0,249.0,245.0,249.0,-0.4,590.0,492.0,250.1
JFL,2/13/2014,249.0,258.0,250.0,253.0,1.61,445.0,492.0,250.1
JFL,2/16/2014,253.0,249.0,247.0,247.0,-2.37,596.0,492.0,250.1
JFL,2/17/2014,247.0,243.0,243.0,243.0,-1.62,120.0,492.0,250.1
JFL,2/18/2014,243.0,249.0,240.0,249.0,2.47,4017.0,492.0,250.1
JFL,2/20/2014,249.0,245.0,245.0,245.0,-1.61,200.0,492.0,250.1
JFL,2/23/2014,245.0,249.0,245.0,249.0,1.63,448.0,492.0,250.1
JFL,2/24/2014,249.0,246.0,246.0,246.0,-1.2,351.0,492.0,250.1
JFL,3/3/2014,246.0,260.0,246.0,260.0,5.69,555.0,492.0,250.1
JFL,3/4/2014,260.0,270.0,260.0,260.0,0.0,1022.0,492.0,250.1
JFL,3/5/2014,260.0,265.0,265.0,265.0,1.92,1790.0,492.0,250.1
JFL,3/6/2014,265.0,276.0,261.0,276.0,4.15,5826.0,492.0,250.1
JFL,3/9/2014,276.0,291.0,281.0,290.0,5.07,2788.0,492.0,250.1
JFL,3/10/2014,290.0,300.0,294.0,300.0,3.45,4600.0,492.0,250.1
JFL,3/11/2014,300.0,306.0,295.0,301.0,0.33,3123.0,492.0,250.1
JFL,3/12/2014,301.0,305.0,295.0,300.0,-0.33,1947.0,492.0,250.1
JFL,3/13/2014,300.0,306.0,300.0,300.0,0.0,915.0,492.0,250.1
JFL,3/18/2014,300.0,300.0,290.0,290.0,-3.33,964.0,492.0,250.1
JFL,3/19/2014,290.0,290.0,290.0,290.0,0.0,443.0,492.0,250.1
JFL,3/20/2014,290.0,296.0,290.0,296.0,2.07,329.0,492.0,250.1
JFL,3/25/2014,296.0,305.0,301.0,305.0,3.04,336.0,492.0,250.1
JFL,3/26/2014,305.0,300.0,295.0,295.0,-3.28,891.0,492.0,250.1
JFL,3/27/2014,295.0,296.0,291.0,291.0,-1.36,955.0,492.0,250.1
JFL,3/31/2014,291.0,296.0,291.0,296.0,1.72,125.0,492.0,250.1
JFL,4/1/2014,296.0,300.0,295.0,295.0,-0.34,1420.0,492.0,250.1
JFL,4/2/2014,295.0,300.0,295.0,298.0,1.02,2252.0,492.0,250.1
JFL,4/3/2014,298.0,305.0,303.0,305.0,2.35,810.0,492.0,250.1
JFL,4/6/2014,305.0,301.0,300.0,301.0,-1.31,192.0,492.0,250.1
JFL,4/9/2014,301.0,295.0,295.0,295.0,-1.99,362.0,492.0,250.1
JFL,4/10/2014,295.0,300.0,295.0,296.0,0.34,515.0,492.0,250.1
JFL,4/13/2014,296.0,300.0,300.0,300.0,1.35,266.0,492.0,250.1
JFL,4/15/2014,300.0,300.0,297.0,297.0,-1.0,169.0,492.0,250.1
JFL,4/21/2014,297.0,295.0,295.0,295.0,-0.67,220.0,492.0,250.1
JFL,4/22/2014,295.0,300.0,298.0,300.0,1.69,704.0,492.0,250.1
JFL,4/28/2014,300.0,300.0,300.0,300.0,0.0,88.0,492.0,250.1
JFL,4/29/2014,300.0,300.0,300.0,300.0,0.0,80.0,492.0,250.1
JFL,5/4/2014,300.0,300.0,300.0,300.0,0.0,3481.0,492.0,250.1
JFL,5/6/2014,300.0,330.0,306.0,330.0,10.0,3554.0,492.0,250.1
JFL,5/7/2014,330.0,363.0,336.0,363.0,10.0,1830.0,492.0,250.1
JFL,5/8/2014,363.0,399.0,370.0,391.0,7.71,3218.0,492.0,250.1
JFL,5/11/2014,391.0,386.0,384.0,386.0,-1.28,310.0,492.0,250.1
JFL,5/12/2014,386.0,379.0,379.0,379.0,-1.81,100.0,492.0,250.1
JFL,5/13/2014,379.0,372.0,365.0,365.0,-3.69,565.0,492.0,250.1
JFL,5/15/2014,365.0,365.0,351.0,351.0,-3.84,820.0,492.0,250.1
JFL,5/18/2014,351.0,344.0,344.0,344.0,-1.99,501.0,492.0,250.1
JFL,5/19/2014,344.0,338.0,338.0,338.0,-1.74,300.0,492.0,250.1
JFL,5/20/2014,338.0,340.0,340.0,340.0,0.59,500.0,492.0,250.1
JFL,5/21/2014,340.0,350.0,345.0,350.0,2.94,2397.0,492.0,250.1
JFL,5/22/2014,350.0,364.0,350.0,364.0,4.0,2031.0,492.0,250.1
JFL,5/25/2014,364.0,391.0,371.0,391.0,7.42,682.0,492.0,250.1
JFL,5/26/2014,391.0,390.0,378.0,378.0,-3.32,700.0,492.0,250.1
JFL,5/27/2014,378.0,380.0,371.0,371.0,-1.85,2078.0,492.0,250.1
JFL,5/28/2014,371.0,371.0,364.0,371.0,0.0,389.0,492.0,250.1
JFL,6/1/2014,371.0,364.0,364.0,364.0,-1.89,58.0,492.0,250.1
JFL,6/3/2014,364.0,371.0,370.0,370.0,1.65,877.0,492.0,250.1
JFL,6/4/2014,370.0,363.0,358.0,358.0,-3.24,367.0,492.0,250.1
JFL,6/5/2014,358.0,353.0,353.0,353.0,-1.4,239.0,492.0,250.1
JFL,6/8/2014,353.0,350.0,350.0,350.0,-0.85,150.0,492.0,250.1
JFL,6/9/2014,350.0,355.0,355.0,355.0,1.43,60.0,492.0,250.1
JFL,6/11/2014,355.0,362.0,355.0,362.0,1.97,1017.0,492.0,250.1
JFL,6/16/2014,362.0,369.0,365.0,369.0,1.93,727.0,492.0,250.1
JFL,6/17/2014,369.0,362.0,362.0,362.0,-1.9,247.0,492.0,250.1
JFL,6/19/2014,362.0,370.0,356.0,356.0,-1.66,2305.0,492.0,250.1
JFL,6/23/2014,356.0,373.0,363.0,372.0,4.49,2617.0,492.0,250.1
JFL,6/24/2014,372.0,372.0,365.0,370.0,-0.54,2205.0,492.0,250.1
JFL,6/29/2014,370.0,377.0,373.0,377.0,1.89,180.0,492.0,250.1
JFL,6/30/2014,377.0,384.0,384.0,384.0,1.86,30.0,492.0,250.1
JFL,7/1/2014,384.0,391.0,391.0,391.0,1.82,37.0,492.0,250.1
JFL,7/2/2014,391.0,413.0,398.0,413.0,5.63,1075.0,492.0,250.1
JFL,7/3/2014,413.0,413.0,413.0,413.0,0.0,700.0,492.0,250.1
JFL,7/6/2014,413.0,442.0,418.0,442.0,7.02,980.0,492.0,250.1
JFL,7/7/2014,442.0,486.0,445.0,486.0,9.95,4502.0,492.0,250.1
JFL,7/8/2014,486.0,514.0,495.0,513.0,5.56,891.0,492.0,250.1
JFL,7/9/2014,513.0,505.0,495.0,495.0,-3.51,1082.0,492.0,250.1
JFL,7/10/2014,495.0,487.0,485.0,487.0,-1.62,423.0,492.0,250.1
JFL,7/13/2014,487.0,489.0,480.0,482.0,-1.03,1089.0,492.0,250.1
JFL,7/14/2014,482.0,480.0,475.0,478.0,-0.83,2289.0,492.0,250.1
JFL,7/15/2014,478.0,477.0,477.0,477.0,-0.21,702.0,492.0,250.1
JFL,7/16/2014,477.0,471.0,470.0,471.0,-1.26,803.0,492.0,250.1
JFL,7/17/2014,471.0,518.0,480.0,518.0,9.98,3201.0,492.0,250.1
JFL,7/20/2014,518.0,508.0,497.0,500.0,-3.47,2390.0,492.0,250.1
JFL,7/21/2014,500.0,510.0,500.0,500.0,0.0,3499.0,492.0,250.1
JFL,7/22/2014,500.0,510.0,491.0,502.0,0.4,1250.0,492.0,250.1
JFL,7/23/2014,502.0,495.0,492.0,495.0,-1.39,1350.0,492.0,250.1
JFL,7/24/2014,495.0,524.0,504.0,506.0,2.22,4119.0,492.0,250.1
JFL,7/27/2014,506.0,516.0,499.0,499.0,-1.38,1009.0,492.0,250.1
JFL,7/28/2014,499.0,505.0,498.0,505.0,1.2,2035.0,492.0,250.1
JFL,7/30/2014,505.0,555.0,515.0,555.0,9.9,881.0,492.0,250.1
JFL,7/31/2014,555.0,610.0,566.0,610.0,9.91,3650.0,492.0,250.1
JFL,8/3/2014,610.0,634.0,610.0,630.0,3.28,21373.0,492.0,250.1
JFL,8/4/2014,630.0,628.0,603.0,620.0,-1.59,7723.0,492.0,250.1
JFL,8/5/2014,620.0,632.0,620.0,622.0,0.32,3192.0,492.0,250.1
JFL,8/6/2014,622.0,622.0,616.0,620.0,-0.32,877.0,492.0,250.1
JFL,8/7/2014,620.0,611.0,610.0,610.0,-1.61,1874.0,492.0,250.1
JFL,8/12/2014,610.0,611.0,600.0,600.0,-1.64,1000.0,492.0,250.1
JFL,8/13/2014,600.0,600.0,595.0,595.0,-0.83,2113.0,492.0,250.1
JFL,8/14/2014,595.0,600.0,595.0,595.0,0.0,911.0,492.0,250.1
JFL,8/18/2014,595.0,599.0,585.0,585.0,-1.68,2697.0,492.0,250.1
JFL,8/19/2014,585.0,603.0,585.0,590.0,0.85,5725.0,492.0,250.1
JFL,8/20/2014,590.0,592.0,590.0,592.0,0.34,1236.0,492.0,250.1
JFL,8/21/2014,592.0,596.0,585.0,596.0,0.68,819.0,492.0,250.1
JFL,8/24/2014,596.0,607.0,607.0,607.0,1.85,146.0,492.0,250.1
JFL,8/25/2014,607.0,606.0,595.0,606.0,-0.16,892.0,492.0,250.1
JFL,8/26/2014,606.0,600.0,564.0,564.0,-6.93,1167.0,492.0,250.1
JFL,8/27/2014,564.0,586.0,575.0,586.0,3.9,128.0,492.0,250.1
JFL,8/28/2014,586.0,605.0,595.0,596.0,1.71,2178.0,492.0,250.1
JFL,8/31/2014,596.0,600.0,592.0,592.0,-0.67,392.0,492.0,250.1
JFL,9/1/2014,592.0,651.0,590.0,650.0,9.8,4965.0,492.0,250.1
JFL,9/3/2014,650.0,697.0,640.0,640.0,-1.54,14061.0,492.0,250.1
JFL,9/4/2014,640.0,640.0,618.0,619.0,-3.28,5636.0,492.0,250.1
JFL,9/7/2014,619.0,631.0,590.0,590.0,-4.68,2625.0,492.0,250.1
JFL,9/9/2014,590.0,613.0,594.0,611.0,3.56,4374.0,492.0,250.1
JFL,9/10/2014,611.0,617.0,587.0,587.0,-3.93,1341.0,492.0,250.1
JFL,9/11/2014,587.0,600.0,595.0,600.0,2.21,660.0,492.0,250.1
JFL,9/14/2014,600.0,600.0,595.0,595.0,-0.83,1965.0,492.0,250.1
JFL,9/15/2014,595.0,612.0,590.0,600.0,0.84,2285.0,492.0,250.1
JFL,9/16/2014,600.0,612.0,600.0,600.0,0.0,6011.0,492.0,250.1
JFL,9/17/2014,600.0,612.0,600.0,602.0,0.33,4551.0,492.0,250.1
JFL,9/18/2014,602.0,602.0,590.0,601.0,-0.17,3325.0,492.0,250.1
JFL,9/21/2014,601.0,600.0,588.0,590.0,-1.83,800.0,492.0,250.1
JFL,9/22/2014,590.0,601.0,585.0,601.0,1.86,2018.0,492.0,250.1
JFL,9/23/2014,601.0,658.0,606.0,638.0,6.16,11666.0,492.0,250.1
JFL,9/24/2014,638.0,676.0,650.0,664.0,4.08,7110.0,492.0,250.1
JFL,9/28/2014,664.0,666.0,658.0,661.0,-0.45,1600.0,492.0,250.1
JFL,9/29/2014,661.0,675.0,661.0,661.0,0.0,1110.0,492.0,250.1
JFL,9/30/2014,661.0,679.0,661.0,670.0,1.36,2059.0,492.0,250.1
JFL,10/8/2014,670.0,688.0,660.0,665.0,-0.75,1342.0,492.0,250.1
JFL,10/9/2014,665.0,666.0,655.0,666.0,0.15,1292.0,492.0,250.1
JFL,10/12/2014,666.0,665.0,660.0,660.0,-0.9,305.0,492.0,250.1
JFL,10/13/2014,660.0,660.0,647.0,647.0,-1.97,380.0,492.0,250.1
JFL,10/14/2014,647.0,637.0,624.0,637.0,-1.55,1905.0,492.0,250.1
JFL,10/15/2014,637.0,634.0,626.0,634.0,-0.47,600.0,492.0,250.1
JFL,10/16/2014,634.0,623.0,613.0,613.0,-3.31,251.0,492.0,250.1
JFL,10/19/2014,613.0,625.0,615.0,625.0,1.96,2837.0,492.0,250.1
JFL,10/20/2014,625.0,632.0,625.0,632.0,1.12,983.0,492.0,250.1
JFL,10/21/2014,632.0,640.0,632.0,640.0,1.27,230.0,492.0,250.1
JFL,10/22/2014,640.0,652.0,640.0,652.0,1.88,841.0,492.0,250.1
JFL,10/27/2014,652.0,660.0,647.0,652.0,0.0,680.0,492.0,250.1
JFL,10/30/2014,652.0,639.0,639.0,639.0,-1.99,308.0,492.0,250.1
JFL,11/2/2014,639.0,630.0,630.0,630.0,-1.41,500.0,492.0,250.1
JFL,11/3/2014,630.0,630.0,623.0,623.0,-1.11,700.0,492.0,250.1
JFL,11/4/2014,623.0,630.0,619.0,630.0,1.12,2475.0,492.0,250.1
JFL,11/5/2014,630.0,635.0,635.0,635.0,0.79,680.0,492.0,250.1
JFL,11/6/2014,635.0,630.0,612.0,630.0,-0.79,3053.0,492.0,250.1
JFL,11/9/2014,630.0,692.0,642.0,650.0,3.17,8534.0,492.0,250.1
JFL,11/10/2014,650.0,655.0,638.0,643.0,-1.08,2863.0,492.0,250.1
JFL,11/11/2014,643.0,641.0,620.0,630.0,-2.02,7788.0,492.0,250.1
JFL,11/12/2014,630.0,628.0,612.0,612.0,-2.86,5354.0,492.0,250.1
JFL,11/13/2014,612.0,615.0,594.0,605.0,-1.14,5575.0,492.0,250.1
JFL,11/16/2014,605.0,612.0,595.0,612.0,1.16,9649.0,492.0,250.1
JFL,12/9/2014,360.0,353.0,353.0,353.0,-42.32,150.0,492.0,250.1
JFL,12/10/2014,353.0,346.0,342.0,342.0,-3.12,707.0,492.0,250.1
JFL,12/11/2014,342.0,348.0,339.0,339.0,-0.88,1020.0,492.0,250.1
JFL,12/15/2014,339.0,357.0,345.0,357.0,5.31,595.0,492.0,250.1
JFL,12/18/2014,357.0,355.0,355.0,355.0,-0.56,150.0,492.0,250.1
JFL,12/21/2014,355.0,362.0,360.0,360.0,1.41,832.0,492.0,250.1
JFL,12/22/2014,360.0,367.0,365.0,365.0,1.39,131.0,492.0,250.1
JFL,12/23/2014,365.0,367.0,367.0,367.0,0.55,200.0,492.0,250.1
JFL,12/24/2014,367.0,381.0,374.0,381.0,3.81,110.0,492.0,250.1
JFL,12/28/2014,381.0,375.0,368.0,375.0,-1.57,176.0,492.0,250.1
JFL,12/31/2014,375.0,368.0,368.0,368.0,-1.87,100.0,492.0,250.1
JFL,1/1/2015,368.0,361.0,358.0,358.0,-2.72,525.0,492.0,250.1
JFL,1/4/2015,358.0,365.0,365.0,365.0,1.96,200.0,492.0,250.1
JFL,1/5/2015,365.0,358.0,355.0,358.0,-1.92,400.0,492.0,250.1
JFL,1/6/2015,358.0,351.0,351.0,351.0,-1.96,100.0,492.0,250.1
JFL,1/7/2015,351.0,358.0,358.0,358.0,1.99,20.0,492.0,250.1
JFL,1/8/2015,358.0,365.0,353.0,365.0,1.96,278.0,492.0,250.1
JFL,1/11/2015,365.0,373.0,370.0,373.0,2.19,680.0,492.0,250.1
JFL,1/18/2015,373.0,403.0,366.0,403.0,8.04,1895.0,492.0,250.1
JFL,1/19/2015,403.0,443.0,407.0,436.0,8.19,2882.0,492.0,250.1
JFL,1/20/2015,436.0,428.0,428.0,428.0,-1.83,200.0,492.0,250.1
JFL,1/26/2015,428.0,470.0,436.0,470.0,9.81,221.0,492.0,250.1
JFL,1/27/2015,470.0,461.0,435.0,435.0,-7.45,401.0,492.0,250.1
JFL,1/28/2015,435.0,429.0,412.0,419.0,-3.68,2941.0,492.0,250.1
JFL,1/29/2015,419.0,435.0,415.0,415.0,-0.95,2899.0,492.0,250.1
JFL,2/1/2015,415.0,420.0,400.0,419.0,0.96,4326.0,492.0,250.1
JFL,2/2/2015,419.0,411.0,410.0,410.0,-2.15,1275.0,492.0,250.1
JFL,2/3/2015,410.0,410.0,402.0,402.0,-1.95,345.0,492.0,250.1
JFL,2/4/2015,402.0,402.0,392.0,393.0,-2.24,2205.0,492.0,250.1
JFL,2/5/2015,393.0,404.0,386.0,404.0,2.8,606.0,492.0,250.1
JFL,2/8/2015,404.0,408.0,397.0,408.0,0.99,2869.0,492.0,250.1
JFL,2/10/2015,408.0,425.0,416.0,425.0,4.17,100.0,492.0,250.1
JFL,2/12/2015,425.0,417.0,393.0,399.0,-6.12,4295.0,492.0,250.1
JFL,2/15/2015,399.0,406.0,406.0,406.0,1.75,10.0,492.0,250.1
JFL,2/16/2015,406.0,430.0,414.0,430.0,5.91,60.0,492.0,250.1
JFL,2/18/2015,430.0,435.0,435.0,435.0,1.16,20.0,492.0,250.1
JFL,2/25/2015,435.0,428.0,400.0,400.0,-8.05,260.0,492.0,250.1
JFL,2/26/2015,400.0,405.0,398.0,398.0,-0.5,371.0,492.0,250.1
JFL,3/1/2015,398.0,413.0,405.0,413.0,3.77,40.0,492.0,250.1
JFL,3/2/2015,413.0,407.0,400.0,400.0,-3.15,120.0,492.0,250.1
JFL,3/3/2015,400.0,400.0,400.0,400.0,0.0,33.0,492.0,250.1
JFL,3/4/2015,400.0,408.0,408.0,408.0,2.0,20.0,492.0,250.1
JFL,3/9/2015,408.0,400.0,400.0,400.0,-1.96,50.0,492.0,250.1
JFL,3/10/2015,400.0,404.0,404.0,404.0,1.0,100.0,492.0,250.1
JFL,3/11/2015,404.0,396.0,389.0,390.0,-3.47,2538.0,492.0,250.1
JFL,3/12/2015,390.0,400.0,388.0,389.0,-0.26,699.0,492.0,250.1
JFL,3/17/2015,389.0,387.0,382.0,387.0,-0.51,209.0,492.0,250.1
JFL,3/18/2015,387.0,382.0,375.0,375.0,-3.1,925.0,492.0,250.1
JFL,3/19/2015,375.0,380.0,379.0,380.0,1.33,1491.0,492.0,250.1
JFL,3/22/2015,380.0,382.0,375.0,380.0,0.0,2240.0,492.0,250.1
JFL,3/23/2015,380.0,379.0,374.0,379.0,-0.26,991.0,492.0,250.1
JFL,3/24/2015,379.0,373.0,373.0,373.0,-1.58,101.0,492.0,250.1
JFL,3/25/2015,373.0,366.0,366.0,366.0,-1.88,515.0,492.0,250.1
JFL,3/29/2015,366.0,362.0,361.0,361.0,-1.37,200.0,492.0,250.1
JFL,4/1/2015,361.0,368.0,366.0,366.0,1.39,389.0,492.0,250.1
JFL,4/2/2015,366.0,402.0,361.0,402.0,9.84,653.0,492.0,250.1
JFL,4/5/2015,402.0,394.0,380.0,380.0,-5.47,137.0,492.0,250.1
JFL,4/6/2015,380.0,381.0,368.0,368.0,-3.16,500.0,492.0,250.1
JFL,4/8/2015,368.0,370.0,365.0,370.0,0.54,951.0,492.0,250.1
JFL,4/12/2015,370.0,398.0,377.0,398.0,7.57,75.0,492.0,250.1
JFL,4/15/2015,398.0,413.0,405.0,413.0,3.77,30.0,492.0,250.1
JFL,4/21/2015,413.0,405.0,405.0,405.0,-1.94,160.0,492.0,250.1
JFL,4/22/2015,405.0,397.0,397.0,397.0,-1.98,100.0,492.0,250.1
JFL,4/23/2015,397.0,400.0,400.0,400.0,0.76,345.0,492.0,250.1
JFL,5/25/2015,400.0,392.0,378.0,378.0,-5.5,43.0,492.0,250.1
JFL,5/26/2015,378.0,371.0,371.0,371.0,-1.85,15.0,492.0,250.1
JFL,5/28/2015,371.0,364.0,350.0,350.0,-5.66,269.0,492.0,250.1
JFL,6/1/2015,350.0,357.0,357.0,357.0,2.0,20.0,492.0,250.1
JFL,6/2/2015,357.0,350.0,337.0,345.0,-3.36,8698.0,492.0,250.1
JFL,6/3/2015,345.0,365.0,351.0,365.0,5.8,60.0,492.0,250.1
JFL,6/4/2015,365.0,393.0,372.0,373.0,2.19,880.0,492.0,250.1
JFL,6/7/2015,373.0,372.0,361.0,371.0,-0.54,1755.0,492.0,250.1
JFL,6/8/2015,371.0,405.0,371.0,404.0,8.89,2321.0,492.0,250.1
JFL,6/9/2015,404.0,428.0,412.0,420.0,3.96,1717.0,492.0,250.1
JFL,6/10/2015,420.0,420.0,412.0,420.0,0.0,496.0,492.0,250.1
JFL,6/14/2015,420.0,428.0,428.0,428.0,1.9,20.0,492.0,250.1
JFL,6/16/2015,428.0,420.0,404.0,404.0,-5.61,211.0,492.0,250.1
JFL,6/17/2015,404.0,426.0,410.0,426.0,5.45,73.0,492.0,250.1
JFL,6/18/2015,426.0,418.0,384.0,388.0,-8.92,7759.0,492.0,250.1
JFL,6/21/2015,388.0,382.0,376.0,376.0,-3.09,353.0,492.0,250.1
JFL,6/22/2015,376.0,383.0,383.0,383.0,1.86,139.0,492.0,250.1
JFL,6/24/2015,383.0,390.0,390.0,390.0,1.83,250.0,492.0,250.1
JFL,6/25/2015,390.0,388.0,388.0,388.0,-0.51,104.0,492.0,250.1
JFL,6/28/2015,388.0,381.0,381.0,381.0,-1.8,330.0,492.0,250.1
JFL,6/29/2015,381.0,402.0,388.0,398.0,4.46,275.0,492.0,250.1
JFL,6/30/2015,398.0,391.0,384.0,384.0,-3.52,550.0,492.0,250.1
JFL,7/1/2015,384.0,385.0,383.0,385.0,0.26,610.0,492.0,250.1
JFL,7/2/2015,385.0,379.0,378.0,378.0,-1.82,485.0,492.0,250.1
JFL,7/5/2015,378.0,377.0,366.0,366.0,-3.17,2499.0,492.0,250.1
JFL,7/6/2015,366.0,366.0,359.0,365.0,-0.27,3805.0,492.0,250.1
JFL,7/7/2015,365.0,369.0,368.0,369.0,1.1,150.0,492.0,250.1
JFL,7/8/2015,369.0,369.0,365.0,365.0,-1.08,596.0,492.0,250.1
JFL,7/9/2015,365.0,372.0,365.0,372.0,1.92,1405.0,492.0,250.1
JFL,7/13/2015,372.0,370.0,365.0,365.0,-1.88,606.0,492.0,250.1
JFL,7/14/2015,365.0,373.0,366.0,370.0,1.37,1613.0,492.0,250.1
JFL,7/15/2015,370.0,377.0,370.0,377.0,1.89,320.0,492.0,250.1
JFL,7/16/2015,377.0,371.0,370.0,370.0,-1.86,650.0,492.0,250.1
JFL,7/22/2015,370.0,377.0,370.0,375.0,1.35,2432.0,492.0,250.1
JFL,7/23/2015,375.0,408.0,382.0,408.0,8.8,3182.0,492.0,250.1
JFL,7/26/2015,408.0,440.0,416.0,440.0,7.84,471.0,492.0,250.1
JFL,7/27/2015,440.0,450.0,440.0,445.0,1.14,2771.0,492.0,250.1
JFL,7/28/2015,445.0,439.0,431.0,431.0,-3.15,612.0,492.0,250.1
JFL,8/6/2015,431.0,423.0,415.0,415.0,-3.71,290.0,492.0,250.1
JFL,8/9/2015,415.0,407.0,400.0,407.0,-1.93,1444.0,492.0,250.1
JFL,8/10/2015,407.0,400.0,374.0,396.0,-2.7,12937.0,492.0,250.1
JFL,8/11/2015,396.0,389.0,368.0,382.0,-3.54,2123.0,492.0,250.1
JFL,8/12/2015,382.0,375.0,370.0,374.0,-2.09,845.0,492.0,250.1
JFL,8/13/2015,374.0,381.0,374.0,381.0,1.87,214.0,492.0,250.1
JFL,8/16/2015,381.0,377.0,370.0,377.0,-1.05,1720.0,492.0,250.1
JFL,8/17/2015,377.0,374.0,370.0,373.0,-1.06,4171.0,492.0,250.1
JFL,8/18/2015,373.0,370.0,365.0,370.0,-0.8,1610.0,492.0,250.1
JFL,8/19/2015,370.0,398.0,377.0,398.0,7.57,760.0,492.0,250.1
JFL,8/20/2015,398.0,409.0,401.0,409.0,2.76,40.0,492.0,250.1
JFL,8/25/2015,409.0,418.0,410.0,418.0,2.2,134.0,492.0,250.1
JFL,8/27/2015,418.0,410.0,408.0,408.0,-2.39,237.0,492.0,250.1
JFL,9/1/2015,408.0,400.0,400.0,400.0,-1.96,300.0,492.0,250.1
JFL,9/3/2015,400.0,392.0,386.0,386.0,-3.5,240.0,492.0,250.1
JFL,9/6/2015,386.0,381.0,377.0,378.0,-2.07,2108.0,492.0,250.1
JFL,9/7/2015,378.0,385.0,375.0,375.0,-0.79,2759.0,492.0,250.1
JFL,9/8/2015,375.0,377.0,370.0,370.0,-1.33,1889.0,492.0,250.1
JFL,9/9/2015,370.0,371.0,353.0,365.0,-1.35,7181.0,492.0,250.1
JFL,9/10/2015,365.0,365.0,360.0,361.0,-1.1,2488.0,492.0,250.1
JFL,9/13/2015,361.0,388.0,365.0,377.0,4.43,4761.0,492.0,250.1
JFL,9/14/2015,377.0,392.0,380.0,392.0,3.98,1740.0,492.0,250.1
JFL,9/15/2015,392.0,392.0,385.0,392.0,0.0,2364.0,492.0,250.1
JFL,9/16/2015,392.0,392.0,385.0,385.0,-1.79,410.0,492.0,250.1
JFL,9/17/2015,385.0,386.0,380.0,386.0,0.26,1068.0,492.0,250.1
JFL,9/22/2015,386.0,386.0,379.0,379.0,-1.81,1244.0,492.0,250.1
JFL,9/23/2015,379.0,385.0,375.0,385.0,1.58,646.0,492.0,250.1
JFL,9/24/2015,385.0,385.0,378.0,385.0,0.0,2774.0,492.0,250.1
JFL,9/28/2015,385.0,390.0,383.0,383.0,-0.52,2193.0,492.0,250.1
JFL,9/29/2015,383.0,378.0,376.0,376.0,-1.83,515.0,492.0,250.1
JFL,9/30/2015,376.0,375.0,375.0,375.0,-0.27,100.0,492.0,250.1
JFL,10/1/2015,375.0,376.0,370.0,376.0,0.27,2083.0,492.0,250.1
JFL,10/4/2015,376.0,380.0,376.0,380.0,1.06,1812.0,492.0,250.1
JFL,10/6/2015,380.0,390.0,374.0,375.0,-1.32,6414.0,492.0,250.1
JFL,10/7/2015,375.0,375.0,360.0,365.0,-2.67,1885.0,492.0,250.1
JFL,10/8/2015,365.0,361.0,361.0,361.0,-1.1,140.0,492.0,250.1
JFL,10/14/2015,361.0,375.0,368.0,370.0,2.49,3152.0,492.0,250.1
JFL,10/15/2015,370.0,380.0,373.0,380.0,2.7,1239.0,492.0,250.1
JFL,10/18/2015,380.0,385.0,373.0,373.0,-1.84,2533.0,492.0,250.1
JFL,10/19/2015,373.0,387.0,374.0,380.0,1.88,2586.0,492.0,250.1
JFL,10/25/2015,380.0,417.0,377.0,417.0,9.74,293.0,492.0,250.1
JFL,10/27/2015,334.0,328.0,319.0,319.0,-23.5,1191.0,492.0,250.1
JFL,11/1/2015,319.0,315.0,300.0,300.0,-5.96,2689.0,492.0,250.1
JFL,11/2/2015,300.0,302.0,300.0,300.0,0.0,343.0,492.0,250.1
JFL,11/9/2015,300.0,306.0,306.0,306.0,2.0,40.0,492.0,250.1
JFL,12/1/2015,306.0,300.0,290.0,290.0,-5.23,6554.0,492.0,250.1
JFL,12/7/2015,290.0,296.0,295.0,296.0,2.07,265.0,492.0,250.1
JFL,12/8/2015,296.0,296.0,296.0,296.0,0.0,73.0,492.0,250.1
JFL,12/9/2015,296.0,307.0,301.0,305.0,3.04,811.0,492.0,250.1
JFL,12/10/2015,305.0,317.0,311.0,317.0,3.93,30.0,492.0,250.1
JFL,12/13/2015,317.0,322.0,317.0,322.0,1.58,79.0,492.0,250.1
JFL,12/14/2015,322.0,328.0,328.0,328.0,1.86,10.0,492.0,250.1
JFL,12/15/2015,328.0,334.0,334.0,334.0,1.83,20.0,492.0,250.1
JFL,12/16/2015,334.0,346.0,340.0,346.0,3.59,40.0,492.0,250.1
JFL,12/17/2015,346.0,359.0,345.0,345.0,-0.29,147.0,492.0,250.1
JFL,12/20/2015,345.0,358.0,351.0,358.0,3.77,40.0,492.0,250.1
JFL,12/21/2015,358.0,372.0,365.0,372.0,3.91,30.0,492.0,250.1
JFL,12/22/2015,372.0,379.0,379.0,379.0,1.88,10.0,492.0,250.1
JFL,12/23/2015,379.0,386.0,386.0,386.0,1.85,10.0,492.0,250.1
JFL,12/27/2015,386.0,393.0,393.0,393.0,1.81,22.0,492.0,250.1
JFL,1/3/2016,393.0,406.0,392.0,406.0,3.31,57.0,492.0,250.1
JFL,1/5/2016,406.0,398.0,378.0,378.0,-6.9,3330.0,492.0,250.1
JFL,1/6/2016,378.0,371.0,370.0,370.0,-2.12,6328.0,492.0,250.1
JFL,1/10/2016,370.0,376.0,362.0,376.0,1.62,9668.0,492.0,250.1
JFL,2/28/2016,376.0,390.0,346.0,346.0,-7.98,2184.0,492.0,250.1
JFL,2/29/2016,346.0,365.0,334.0,365.0,5.49,1551.0,492.0,250.1
JFL,3/1/2016,365.0,358.0,329.0,329.0,-9.86,2426.0,492.0,250.1
JFL,3/2/2016,329.0,353.0,335.0,345.0,4.86,3507.0,492.0,250.1
JFL,3/3/2016,345.0,351.0,335.0,335.0,-2.9,4250.0,492.0,250.1
JFL,3/6/2016,335.0,355.0,340.0,346.0,3.28,12225.0,492.0,250.1
JFL,3/10/2016,346.0,345.0,345.0,345.0,-0.29,500.0,492.0,250.1
JFL,3/13/2016,345.0,351.0,351.0,351.0,1.74,20.0,492.0,250.1
JFL,3/15/2016,351.0,344.0,344.0,344.0,-1.99,10.0,492.0,250.1
JFL,3/16/2016,344.0,344.0,338.0,338.0,-1.74,2330.0,492.0,250.1
JFL,3/17/2016,338.0,350.0,344.0,344.0,1.78,170.0,492.0,250.1
JFL,3/20/2016,344.0,344.0,329.0,331.0,-3.78,9963.0,492.0,250.1
JFL,3/21/2016,331.0,349.0,330.0,330.0,-0.3,1448.0,492.0,250.1
JFL,3/23/2016,330.0,335.0,330.0,331.0,0.3,4286.0,492.0,250.1
JFL,3/24/2016,331.0,349.0,332.0,338.0,2.11,1678.0,492.0,250.1
JFL,3/27/2016,338.0,332.0,331.0,331.0,-2.07,210.0,492.0,250.1
JFL,3/28/2016,331.0,337.0,318.0,320.0,-3.32,7310.0,492.0,250.1
JFL,3/29/2016,320.0,322.0,316.0,320.0,0.0,2390.0,492.0,250.1
JFL,3/30/2016,320.0,326.0,320.0,320.0,0.0,820.0,492.0,250.1
JFL,3/31/2016,320.0,320.0,315.0,315.0,-1.56,2550.0,492.0,250.1
JFL,4/3/2016,315.0,309.0,297.0,297.0,-5.71,90.0,492.0,250.1
JFL,4/4/2016,297.0,326.0,293.0,326.0,9.76,323.0,492.0,250.1
JFL,4/5/2016,326.0,349.0,326.0,327.0,0.31,6853.0,492.0,250.1
JFL,4/6/2016,327.0,330.0,327.0,330.0,0.92,880.0,492.0,250.1
JFL,4/10/2016,330.0,326.0,324.0,324.0,-1.82,513.0,492.0,250.1
JFL,4/11/2016,324.0,325.0,321.0,321.0,-0.93,437.0,492.0,250.1
JFL,4/14/2016,321.0,338.0,327.0,332.0,3.43,300.0,492.0,250.1
JFL,4/17/2016,332.0,333.0,329.0,332.0,0.0,1818.0,492.0,250.1
JFL,4/18/2016,332.0,326.0,326.0,326.0,-1.81,85.0,492.0,250.1
JFL,4/19/2016,326.0,330.0,310.0,330.0,1.23,1390.0,492.0,250.1
JFL,4/20/2016,330.0,332.0,324.0,324.0,-1.82,840.0,492.0,250.1
JFL,4/21/2016,324.0,330.0,330.0,330.0,1.85,570.0,492.0,250.1
JFL,4/24/2016,330.0,324.0,315.0,315.0,-4.55,2951.0,492.0,250.1
JFL,4/25/2016,315.0,326.0,308.0,326.0,3.49,830.0,492.0,250.1
JFL,4/26/2016,326.0,320.0,314.0,314.0,-3.68,852.0,492.0,250.1
JFL,4/27/2016,314.0,331.0,316.0,331.0,5.41,5474.0,492.0,250.1
JFL,4/28/2016,331.0,325.0,325.0,325.0,-1.81,100.0,492.0,250.1
JFL,5/2/2016,325.0,326.0,320.0,320.0,-1.54,2305.0,492.0,250.1
JFL,5/4/2016,320.0,326.0,314.0,326.0,1.88,495.0,492.0,250.1
JFL,5/5/2016,326.0,330.0,321.0,321.0,-1.53,1913.0,492.0,250.1
JFL,5/8/2016,321.0,320.0,320.0,320.0,-0.31,1000.0,492.0,250.1
JFL,5/9/2016,320.0,326.0,320.0,326.0,1.88,2630.0,492.0,250.1
JFL,5/10/2016,326.0,325.0,320.0,325.0,-0.31,2204.0,492.0,250.1
JFL,5/11/2016,325.0,331.0,319.0,319.0,-1.85,5260.0,492.0,250.1
JFL,5/12/2016,319.0,325.0,320.0,320.0,0.31,5429.0,492.0,250.1
JFL,5/15/2016,320.0,323.0,319.0,320.0,0.0,2802.0,492.0,250.1
JFL,5/16/2016,320.0,314.0,311.0,312.0,-2.5,899.0,492.0,250.1
JFL,5/17/2016,312.0,324.0,306.0,324.0,3.85,830.0,492.0,250.1
JFL,5/18/2016,324.0,330.0,330.0,330.0,1.85,100.0,492.0,250.1
JFL,5/19/2016,330.0,342.0,330.0,330.0,0.0,660.0,492.0,250.1
JFL,5/23/2016,330.0,330.0,330.0,330.0,0.0,300.0,492.0,250.1
JFL,5/30/2016,330.0,325.0,315.0,324.0,-1.82,3317.0,492.0,250.1
JFL,5/31/2016,324.0,326.0,322.0,326.0,0.62,2724.0,492.0,250.1
JFL,6/1/2016,326.0,326.0,317.0,325.0,-0.31,3684.0,492.0,250.1
JFL,6/2/2016,325.0,331.0,320.0,324.0,-0.31,6504.0,492.0,250.1
JFL,6/5/2016,324.0,330.0,324.0,324.0,0.0,1799.0,492.0,250.1
JFL,6/6/2016,324.0,330.0,319.0,329.0,1.54,6196.0,492.0,250.1
JFL,6/7/2016,329.0,345.0,332.0,340.0,3.34,4878.0,492.0,250.1
JFL,6/8/2016,340.0,349.0,330.0,336.0,-1.18,2752.0,492.0,250.1
JFL,6/9/2016,336.0,330.0,330.0,330.0,-1.79,100.0,492.0,250.1
JFL,6/12/2016,330.0,335.0,323.0,335.0,1.52,2294.0,492.0,250.1
JFL,6/13/2016,335.0,341.0,333.0,335.0,0.0,10804.0,492.0,250.1
JFL,6/14/2016,335.0,345.0,334.0,334.0,-0.3,4803.0,492.0,250.1
JFL,6/15/2016,334.0,344.0,330.0,344.0,2.99,4199.0,492.0,250.1
JFL,6/16/2016,344.0,345.0,340.0,340.0,-1.16,2555.0,492.0,250.1
JFL,6/19/2016,340.0,357.0,335.0,353.0,3.82,2828.0,492.0,250.1
JFL,6/21/2016,353.0,346.0,334.0,334.0,-5.38,1351.0,492.0,250.1
JFL,6/22/2016,334.0,337.0,329.0,337.0,0.9,763.0,492.0,250.1
JFL,6/23/2016,337.0,348.0,340.0,342.0,1.48,617.0,492.0,250.1
JFL,6/26/2016,342.0,340.0,335.0,340.0,-0.58,2238.0,492.0,250.1
JFL,6/27/2016,340.0,336.0,334.0,335.0,-1.47,2000.0,492.0,250.1
JFL,6/28/2016,335.0,349.0,339.0,344.0,2.69,2660.0,492.0,250.1
JFL,6/29/2016,344.0,350.0,339.0,340.0,-1.16,6299.0,492.0,250.1
JFL,6/30/2016,340.0,352.0,340.0,341.0,0.29,2353.0,492.0,250.1
JFL,7/3/2016,341.0,341.0,333.0,337.0,-1.17,5800.0,492.0,250.1
JFL,7/4/2016,337.0,344.0,338.0,340.0,0.89,1989.0,492.0,250.1
JFL,7/5/2016,340.0,347.0,340.0,345.0,1.47,2710.0,492.0,250.1
JFL,7/6/2016,345.0,366.0,350.0,362.0,4.93,3406.0,492.0,250.1
JFL,7/10/2016,362.0,398.0,355.0,395.0,9.12,17738.0,492.0,250.1
JFL,7/11/2016,395.0,411.0,385.0,385.0,-2.53,4777.0,492.0,250.1
JFL,7/12/2016,385.0,378.0,371.0,375.0,-2.6,1515.0,492.0,250.1
JFL,7/13/2016,375.0,373.0,366.0,366.0,-2.4,1850.0,492.0,250.1
JFL,7/14/2016,366.0,385.0,373.0,384.0,4.92,2477.0,492.0,250.1
JFL,7/17/2016,384.0,382.0,374.0,374.0,-2.6,1831.0,492.0,250.1
JFL,7/18/2016,374.0,382.0,378.0,379.0,1.34,3541.0,492.0,250.1
JFL,7/19/2016,379.0,400.0,380.0,400.0,5.54,2714.0,492.0,250.1
JFL,7/20/2016,400.0,392.0,385.0,385.0,-3.75,1317.0,492.0,250.1
JFL,7/21/2016,385.0,387.0,373.0,387.0,0.52,3851.0,492.0,250.1
JFL,7/25/2016,387.0,418.0,390.0,410.0,5.94,11769.0,492.0,250.1
JFL,7/26/2016,410.0,447.0,418.0,440.0,7.32,9389.0,492.0,250.1
JFL,7/27/2016,440.0,456.0,435.0,442.0,0.45,7046.0,492.0,250.1
JFL,7/28/2016,442.0,455.0,435.0,450.0,1.81,4192.0,492.0,250.1
JFL,7/31/2016,450.0,495.0,450.0,472.0,4.89,15137.0,492.0,250.1
JFL,8/1/2016,472.0,465.0,450.0,450.0,-4.66,4352.0,492.0,250.1
JFL,8/2/2016,450.0,445.0,437.0,437.0,-2.89,3261.0,492.0,250.1
JFL,8/3/2016,437.0,440.0,432.0,440.0,0.69,1875.0,492.0,250.1
JFL,8/4/2016,440.0,433.0,417.0,420.0,-4.55,5347.0,492.0,250.1
JFL,8/7/2016,420.0,436.0,402.0,402.0,-4.29,4864.0,492.0,250.1
JFL,8/8/2016,402.0,410.0,394.0,394.0,-1.99,1200.0,492.0,250.1
JFL,8/9/2016,394.0,409.0,401.0,409.0,3.81,400.0,492.0,250.1
JFL,8/10/2016,409.0,421.0,405.0,410.0,0.24,6662.0,492.0,250.1
JFL,8/11/2016,410.0,418.0,400.0,400.0,-2.44,896.0,492.0,250.1
JFL,8/14/2016,400.0,394.0,388.0,390.0,-2.5,804.0,492.0,250.1
JFL,8/15/2016,390.0,383.0,377.0,382.0,-2.05,669.0,492.0,250.1
JFL,8/16/2016,382.0,403.0,389.0,399.0,4.45,2405.0,492.0,250.1
JFL,8/17/2016,399.0,406.0,392.0,400.0,0.25,725.0,492.0,250.1
JFL,8/21/2016,400.0,392.0,392.0,392.0,-2.0,200.0,492.0,250.1
JFL,8/22/2016,392.0,385.0,382.0,382.0,-2.55,210.0,492.0,250.1
JFL,8/24/2016,382.0,376.0,376.0,376.0,-1.57,150.0,492.0,250.1
JFL,8/28/2016,376.0,383.0,376.0,376.0,0.0,545.0,492.0,250.1
JFL,8/29/2016,376.0,390.0,369.0,390.0,3.72,270.0,492.0,250.1
JFL,8/30/2016,390.0,405.0,390.0,405.0,3.85,2856.0,492.0,250.1
JFL,9/1/2016,405.0,413.0,405.0,405.0,0.0,210.0,492.0,250.1
JFL,9/3/2016,405.0,405.0,397.0,398.0,-1.73,1111.0,492.0,250.1
JFL,9/4/2016,405.0,405.0,397.0,398.0,0.0,1111.0,492.0,250.1
JFL,9/5/2016,398.0,414.0,400.0,402.0,1.01,5079.0,492.0,250.1
JFL,9/8/2016,402.0,410.0,394.0,394.0,-1.99,1376.0,492.0,250.1
JFL,9/11/2016,394.0,398.0,389.0,396.0,0.51,1800.0,492.0,250.1
JFL,9/12/2016,396.0,395.0,392.0,392.0,-1.01,1832.0,492.0,250.1
JFL,9/14/2016,392.0,391.0,380.0,380.0,-3.06,861.0,492.0,250.1
JFL,9/18/2016,380.0,401.0,387.0,401.0,5.53,1430.0,492.0,250.1
JFL,9/21/2016,401.0,393.0,393.0,393.0,-2.0,10.0,492.0,250.1
JFL,9/22/2016,393.0,402.0,386.0,386.0,-1.78,2365.0,492.0,250.1
JFL,9/25/2016,386.0,387.0,380.0,387.0,0.26,124.0,492.0,250.1
JFL,9/26/2016,387.0,393.0,390.0,393.0,1.55,1700.0,492.0,250.1
JFL,9/27/2016,393.0,400.0,395.0,400.0,1.78,173.0,492.0,250.1
JFL,9/29/2016,400.0,392.0,392.0,392.0,-2.0,11.0,492.0,250.1
JFL,10/2/2016,392.0,399.0,390.0,390.0,-0.51,922.0,492.0,250.1
JFL,10/3/2016,390.0,388.0,388.0,388.0,-0.51,100.0,492.0,250.1
JFL,10/4/2016,388.0,388.0,381.0,388.0,0.0,210.0,492.0,250.1
JFL,10/5/2016,388.0,395.0,385.0,395.0,1.8,170.0,492.0,250.1
JFL,10/6/2016,395.0,390.0,388.0,388.0,-1.77,700.0,492.0,250.1
JFL,10/16/2016,388.0,390.0,390.0,390.0,0.52,268.0,492.0,250.1
JFL,10/17/2016,390.0,390.0,390.0,390.0,0.0,150.0,492.0,250.1
JFL,10/19/2016,390.0,383.0,377.0,379.0,-2.82,827.0,492.0,250.1
JFL,10/20/2016,379.0,381.0,375.0,375.0,-1.06,863.0,492.0,250.1
JFL,10/23/2016,375.0,378.0,371.0,378.0,0.8,161.0,492.0,250.1
JFL,10/24/2016,378.0,385.0,385.0,385.0,1.85,10.0,492.0,250.1
JFL,10/25/2016,385.0,395.0,382.0,382.0,-0.78,1793.0,492.0,250.1
JFL,10/27/2016,382.0,385.0,384.0,384.0,0.52,280.0,492.0,250.1
JFL,11/7/2016,384.0,384.0,377.0,377.0,-1.82,320.0,492.0,250.1
JFL,11/8/2016,377.0,380.0,370.0,370.0,-1.86,200.0,492.0,250.1
JFL,11/9/2016,370.0,365.0,363.0,363.0,-1.89,950.0,492.0,250.1
JFL,11/10/2016,363.0,360.0,356.0,357.0,-1.65,410.0,492.0,250.1
JFL,11/14/2016,357.0,355.0,351.0,353.0,-1.12,400.0,492.0,250.1
JFL,11/15/2016,353.0,351.0,347.0,347.0,-1.7,3125.0,492.0,250.1
JFL,11/16/2016,347.0,352.0,350.0,352.0,1.44,1300.0,492.0,250.1
JFL,11/17/2016,352.0,345.0,345.0,345.0,-1.99,110.0,492.0,250.1
JFL,11/20/2016,345.0,345.0,325.0,325.0,-5.8,805.0,492.0,250.1
JFL,11/21/2016,325.0,330.0,313.0,313.0,-3.69,1288.0,492.0,250.1
JFL,11/22/2016,313.0,319.0,313.0,319.0,1.92,1007.0,492.0,250.1
JFL,11/24/2016,319.0,313.0,313.0,313.0,-1.88,10.0,492.0,250.1
JFL,11/27/2016,313.0,319.0,304.0,304.0,-2.88,1800.0,492.0,250.1
JFL,11/28/2016,304.0,315.0,298.0,315.0,3.62,962.0,492.0,250.1
JFL,11/29/2016,315.0,321.0,320.0,320.0,1.59,475.0,492.0,250.1
JFL,11/30/2016,320.0,337.0,324.0,335.0,4.69,3856.0,492.0,250.1
JFL,12/1/2016,335.0,335.0,329.0,330.0,-1.49,709.0,492.0,250.1
JFL,12/4/2016,330.0,324.0,324.0,324.0,-1.82,812.0,492.0,250.1
JFL,12/5/2016,324.0,325.0,308.0,308.0,-4.94,2504.0,492.0,250.1
JFL,12/6/2016,308.0,310.0,302.0,302.0,-1.95,1000.0,492.0,250.1
JFL,12/7/2016,302.0,308.0,300.0,300.0,-0.66,1250.0,492.0,250.1
JFL,12/8/2016,300.0,306.0,306.0,306.0,2.0,400.0,492.0,250.1
JFL,12/11/2016,306.0,306.0,296.0,299.0,-2.29,1650.0,492.0,250.1
JFL,12/12/2016,299.0,299.0,289.0,294.0,-1.67,3276.0,492.0,250.1
JFL,12/14/2016,294.0,300.0,290.0,294.0,0.0,930.0,492.0,250.1
JFL,12/15/2016,294.0,304.0,299.0,304.0,3.4,300.0,492.0,250.1
JFL,12/18/2016,304.0,298.0,292.0,292.0,-3.95,3562.0,492.0,250.1
JFL,12/19/2016,292.0,287.0,284.0,284.0,-2.74,503.0,492.0,250.1
JFL,12/20/2016,284.0,280.0,274.0,276.0,-2.82,1620.0,492.0,250.1
JFL,1/1/2017,251.0,250.0,250.0,250.0,-9.42,550.0,492.0,250.1
JFL,1/2/2017,250.0,254.0,245.0,254.0,1.6,862.0,492.0,250.1
JFL,1/4/2017,254.0,249.0,245.0,245.0,-3.54,310.0,492.0,250.1
JFL,1/5/2017,245.0,241.0,233.0,233.0,-4.9,1350.0,492.0,250.1
JFL,1/8/2017,233.0,231.0,226.0,226.0,-3.0,200.0,492.0,250.1
JFL,1/9/2017,226.0,233.0,223.0,227.0,0.44,1060.0,492.0,250.1
JFL,1/10/2017,227.0,238.0,226.0,238.0,4.85,374.0,492.0,250.1
JFL,1/11/2017,238.0,250.0,242.0,246.0,3.36,1290.0,492.0,250.1
JFL,1/12/2017,246.0,250.0,245.0,245.0,-0.41,900.0,492.0,250.1
JFL,1/15/2017,245.0,245.0,238.0,238.0,-2.86,850.0,492.0,250.1
JFL,1/16/2017,238.0,242.0,239.0,239.0,0.42,160.0,492.0,250.1
JFL,1/17/2017,239.0,242.0,240.0,242.0,1.26,640.0,492.0,250.1
JFL,1/18/2017,242.0,246.0,246.0,246.0,1.65,100.0,492.0,250.1
JFL,1/19/2017,246.0,249.0,246.0,249.0,1.22,400.0,492.0,250.1
JFL,1/24/2017,249.0,245.0,241.0,241.0,-3.21,760.0,492.0,250.1
JFL,1/25/2017,241.0,237.0,237.0,237.0,-1.66,200.0,492.0,250.1
JFL,1/26/2017,237.0,233.0,225.0,225.0,-5.06,200.0,492.0,250.1
JFL,1/30/2017,225.0,229.0,205.0,205.0,-8.89,1586.0,492.0,250.1
JFL,1/31/2017,205.0,210.0,209.0,210.0,2.44,145.0,492.0,250.1
JFL,2/1/2017,210.0,212.0,212.0,212.0,0.95,50.0,492.0,250.1
JFL,2/2/2017,212.0,229.0,215.0,229.0,8.02,990.0,492.0,250.1
JFL,2/5/2017,229.0,225.0,222.0,222.0,-3.06,662.0,492.0,250.1
JFL,2/6/2017,222.0,220.0,218.0,218.0,-1.8,106.0,492.0,250.1
JFL,2/7/2017,218.0,222.0,222.0,222.0,1.83,100.0,492.0,250.1
JFL,2/8/2017,222.0,225.0,224.0,224.0,0.9,30.0,492.0,250.1
JFL,2/12/2017,224.0,220.0,208.0,208.0,-7.14,960.0,492.0,250.1
JFL,2/13/2017,208.0,205.0,200.0,200.0,-3.85,520.0,492.0,250.1
JFL,2/14/2017,200.0,204.0,200.0,202.0,1.0,840.0,492.0,250.1
JFL,2/15/2017,202.0,214.0,205.0,210.0,3.96,710.0,492.0,250.1
JFL,2/16/2017,210.0,217.0,213.0,213.0,1.43,970.0,492.0,250.1
JFL,2/19/2017,213.0,210.0,209.0,209.0,-1.88,180.0,492.0,250.1
JFL,2/20/2017,209.0,225.0,213.0,213.0,1.91,405.0,492.0,250.1
JFL,2/21/2017,213.0,217.0,215.0,215.0,0.94,132.0,492.0,250.1
JFL,2/23/2017,215.0,215.0,215.0,215.0,0.0,100.0,492.0,250.1
JFL,2/26/2017,215.0,211.0,211.0,211.0,-1.86,200.0,492.0,250.1
JFL,2/28/2017,211.0,207.0,207.0,207.0,-1.9,187.0,492.0,250.1
JFL,3/1/2017,207.0,214.0,210.0,210.0,1.45,211.0,492.0,250.1
JFL,3/2/2017,210.0,206.0,206.0,206.0,-1.9,400.0,492.0,250.1
JFL,3/6/2017,206.0,217.0,210.0,217.0,5.34,300.0,492.0,250.1
JFL,3/7/2017,217.0,215.0,213.0,213.0,-1.84,829.0,492.0,250.1
JFL,3/13/2017,213.0,215.0,215.0,215.0,0.94,50.0,492.0,250.1
JFL,3/19/2017,215.0,217.0,217.0,217.0,0.93,1000.0,492.0,250.1
JFL,3/20/2017,217.0,238.0,221.0,238.0,9.68,742.0,492.0,250.1
JFL,3/21/2017,238.0,246.0,238.0,246.0,3.36,818.0,492.0,250.1
JFL,3/22/2017,246.0,255.0,238.0,255.0,3.66,1975.0,492.0,250.1
JFL,3/23/2017,255.0,250.0,245.0,245.0,-3.92,210.0,492.0,250.1
JFL,3/26/2017,245.0,254.0,245.0,253.0,3.27,4350.0,492.0,250.1
JFL,3/28/2017,253.0,269.0,255.0,269.0,6.32,3100.0,492.0,250.1
JFL,3/29/2017,269.0,274.0,265.0,265.0,-1.49,1900.0,492.0,250.1
JFL,3/30/2017,265.0,260.0,260.0,260.0,-1.89,100.0,492.0,250.1
JFL,4/2/2017,260.0,270.0,264.0,270.0,3.85,1143.0,492.0,250.1
JFL,4/3/2017,270.0,275.0,265.0,270.0,0.0,2182.0,492.0,250.1
JFL,4/4/2017,270.0,275.0,270.0,270.0,0.0,1250.0,492.0,250.1
JFL,4/6/2017,270.0,270.0,255.0,260.0,-3.7,2111.0,492.0,250.1
JFL,4/9/2017,260.0,261.0,256.0,256.0,-1.54,1458.0,492.0,250.1
JFL,4/10/2017,256.0,256.0,251.0,253.0,-1.17,1079.0,492.0,250.1
JFL,4/11/2017,253.0,270.0,252.0,270.0,6.72,2056.0,492.0,250.1
JFL,4/12/2017,270.0,297.0,270.0,292.0,8.15,5020.0,492.0,250.1
JFL,4/13/2017,292.0,287.0,277.0,277.0,-5.14,330.0,492.0,250.1
JFL,4/16/2017,277.0,277.0,262.0,262.0,-5.42,670.0,492.0,250.1
JFL,4/18/2017,262.0,260.0,255.0,260.0,-0.76,2714.0,492.0,250.1
JFL,4/19/2017,260.0,275.0,265.0,275.0,5.77,180.0,492.0,250.1
JFL,4/20/2017,275.0,282.0,274.0,274.0,-0.36,791.0,492.0,250.1
JFL,4/23/2017,274.0,279.0,279.0,279.0,1.82,500.0,492.0,250.1
JFL,4/24/2017,279.0,284.0,275.0,275.0,-1.43,1710.0,492.0,250.1
JFL,4/25/2017,275.0,280.0,275.0,275.0,0.0,510.0,492.0,250.1
JFL,4/27/2017,275.0,280.0,275.0,280.0,1.82,982.0,492.0,250.1
JFL,4/30/2017,280.0,275.0,275.0,275.0,-1.79,200.0,492.0,250.1
JFL,5/2/2017,275.0,275.0,265.0,275.0,0.0,665.0,492.0,250.1
JFL,5/3/2017,275.0,275.0,275.0,275.0,0.0,453.0,492.0,250.1
JFL,5/4/2017,275.0,285.0,276.0,279.0,1.45,4388.0,492.0,250.1
JFL,5/7/2017,279.0,276.0,273.0,273.0,-2.15,1240.0,492.0,250.1
JFL,5/8/2017,273.0,269.0,264.0,269.0,-1.47,230.0,492.0,250.1
JFL,5/9/2017,269.0,281.0,274.0,281.0,4.46,756.0,492.0,250.1
JFL,5/11/2017,281.0,300.0,285.0,295.0,4.98,2605.0,492.0,250.1
JFL,5/15/2017,295.0,290.0,290.0,290.0,-1.69,50.0,492.0,250.1
JFL,5/16/2017,290.0,285.0,285.0,285.0,-1.72,200.0,492.0,250.1
JFL,5/17/2017,285.0,280.0,276.0,276.0,-3.16,1100.0,492.0,250.1
JFL,5/18/2017,276.0,276.0,271.0,276.0,0.0,2010.0,492.0,250.1
JFL,5/21/2017,276.0,271.0,261.0,268.0,-2.9,5900.0,492.0,250.1
JFL,5/22/2017,268.0,263.0,263.0,263.0,-1.87,100.0,492.0,250.1
JFL,5/23/2017,263.0,265.0,262.0,265.0,0.76,762.0,492.0,250.1
JFL,5/24/2017,265.0,270.0,261.0,270.0,1.89,1077.0,492.0,250.1
JFL,5/28/2017,270.0,275.0,265.0,265.0,-1.85,1140.0,492.0,250.1
JFL,5/30/2017,265.0,264.0,256.0,260.0,-1.89,1397.0,492.0,250.1
JFL,5/31/2017,260.0,257.0,252.0,257.0,-1.15,800.0,492.0,250.1
JFL,6/1/2017,257.0,264.0,257.0,264.0,2.72,1970.0,492.0,250.1
JFL,6/4/2017,264.0,263.0,262.0,262.0,-0.76,250.0,492.0,250.1
JFL,6/5/2017,262.0,265.0,260.0,265.0,1.15,167.0,492.0,250.1
JFL,6/6/2017,265.0,265.0,261.0,265.0,0.0,813.0,492.0,250.1
JFL,6/7/2017,265.0,266.0,260.0,266.0,0.38,1140.0,492.0,250.1
JFL,6/11/2017,266.0,262.0,262.0,262.0,-1.5,100.0,492.0,250.1
JFL,6/12/2017,262.0,257.0,257.0,257.0,-1.91,145.0,492.0,250.1
JFL,6/18/2017,257.0,262.0,262.0,262.0,1.95,20.0,492.0,250.1
JFL,6/22/2017,262.0,265.0,265.0,265.0,1.15,200.0,492.0,250.1
JFL,6/25/2017,265.0,260.0,251.0,256.0,-3.4,1496.0,492.0,250.1
JFL,6/27/2017,256.0,261.0,258.0,258.0,0.78,99.0,492.0,250.1
JFL,6/28/2017,258.0,254.0,253.0,253.0,-1.94,800.0,492.0,250.1
JFL,7/2/2017,253.0,254.0,249.0,249.0,-1.58,1994.0,492.0,250.1
JFL,7/3/2017,249.0,248.0,241.0,245.0,-1.61,3960.0,492.0,250.1
JFL,7/4/2017,245.0,246.0,242.0,244.0,-0.41,180.0,492.0,250.1
JFL,7/6/2017,244.0,252.0,242.0,252.0,3.28,508.0,492.0,250.1
JFL,7/9/2017,252.0,262.0,253.0,256.0,1.59,2324.0,492.0,250.1
JFL,7/10/2017,256.0,255.0,250.0,251.0,-1.95,878.0,492.0,250.1
JFL,7/11/2017,251.0,261.0,251.0,261.0,3.98,206.0,492.0,250.1
JFL,7/12/2017,261.0,266.0,266.0,266.0,1.92,500.0,492.0,250.1
JFL,7/13/2017,266.0,270.0,261.0,269.0,1.13,1688.0,492.0,250.1
JFL,7/16/2017,269.0,275.0,270.0,272.0,1.12,2540.0,492.0,250.1
JFL,7/17/2017,272.0,271.0,269.0,271.0,-0.37,1775.0,492.0,250.1
JFL,7/18/2017,271.0,294.0,276.0,289.0,6.64,3412.0,492.0,250.1
JFL,7/19/2017,289.0,284.0,279.0,279.0,-3.46,1108.0,492.0,250.1
JFL,7/20/2017,279.0,280.0,277.0,277.0,-0.72,242.0,492.0,250.1
JFL,7/23/2017,277.0,279.0,267.0,267.0,-3.61,2728.0,492.0,250.1
JFL,7/24/2017,267.0,267.0,262.0,267.0,0.0,1700.0,492.0,250.1
JFL,7/25/2017,267.0,272.0,272.0,272.0,1.87,20.0,492.0,250.1
JFL,7/30/2017,272.0,272.0,272.0,272.0,0.0,10.0,492.0,250.1
JFL,8/1/2017,272.0,299.0,277.0,299.0,9.93,15629.0,492.0,250.1
JFL,8/2/2017,299.0,322.0,289.0,307.0,2.68,9754.0,492.0,250.1
JFL,8/3/2017,307.0,304.0,293.0,293.0,-4.56,3383.0,492.0,250.1
JFL,8/6/2017,293.0,302.0,290.0,290.0,-1.02,1819.0,492.0,250.1
JFL,8/7/2017,290.0,293.0,285.0,288.0,-0.69,697.0,492.0,250.1
JFL,8/9/2017,288.0,285.0,285.0,285.0,-1.04,20.0,492.0,250.1
JFL,8/10/2017,285.0,290.0,285.0,290.0,1.75,410.0,492.0,250.1
JFL,8/13/2017,290.0,285.0,282.0,282.0,-2.76,426.0,492.0,250.1
JFL,8/15/2017,282.0,280.0,275.0,280.0,-0.71,1153.0,492.0,250.1
JFL,8/16/2017,280.0,278.0,278.0,278.0,-0.71,10.0,492.0,250.1
JFL,8/17/2017,278.0,281.0,281.0,281.0,1.08,50.0,492.0,250.1
JFL,8/20/2017,281.0,283.0,283.0,283.0,0.71,200.0,492.0,250.1
JFL,8/21/2017,283.0,280.0,275.0,275.0,-2.83,1233.0,492.0,250.1
JFL,8/22/2017,275.0,280.0,280.0,280.0,1.82,20.0,492.0,250.1
JFL,8/23/2017,280.0,280.0,276.0,276.0,-1.43,779.0,492.0,250.1
JFL,8/24/2017,276.0,272.0,272.0,272.0,-1.45,10.0,492.0,250.1
JFL,8/27/2017,272.0,280.0,270.0,280.0,2.94,1995.0,492.0,250.1
JFL,8/28/2017,280.0,284.0,278.0,278.0,-0.71,4179.0,492.0,250.1
JFL,8/30/2017,278.0,278.0,267.0,267.0,-3.96,691.0,492.0,250.1
JFL,8/31/2017,267.0,267.0,262.0,267.0,0.0,4310.0,492.0,250.1
JFL,9/4/2017,267.0,272.0,263.0,263.0,-1.5,685.0,492.0,250.1
JFL,9/6/2017,263.0,265.0,258.0,259.0,-1.52,1596.0,492.0,250.1
JFL,9/7/2017,259.0,268.0,262.0,268.0,3.47,410.0,492.0,250.1
JFL,9/10/2017,268.0,266.0,263.0,263.0,-1.87,400.0,492.0,250.1
JFL,9/11/2017,263.0,272.0,260.0,272.0,3.42,2528.0,492.0,250.1
JFL,9/12/2017,272.0,267.0,263.0,263.0,-3.31,150.0,492.0,250.1
JFL,9/13/2017,263.0,268.0,258.0,268.0,1.9,338.0,492.0,250.1
JFL,9/14/2017,268.0,268.0,268.0,268.0,0.0,400.0,492.0,250.1
JFL,9/17/2017,268.0,270.0,270.0,270.0,0.75,10.0,492.0,250.1
JFL,9/18/2017,270.0,269.0,264.0,265.0,-1.85,1534.0,492.0,250.1
JFL,9/20/2017,265.0,265.0,261.0,261.0,-1.51,919.0,492.0,250.1
JFL,9/24/2017,261.0,274.0,266.0,274.0,4.98,613.0,492.0,250.1
JFL,9/25/2017,274.0,271.0,269.0,269.0,-1.82,1450.0,492.0,250.1
JFL,9/26/2017,269.0,274.0,266.0,271.0,0.74,1110.0,492.0,250.1
JFL,10/3/2017,271.0,275.0,275.0,275.0,1.48,1000.0,492.0,250.1
JFL,10/4/2017,275.0,271.0,270.0,270.0,-1.82,1000.0,492.0,250.1
JFL,10/8/2017,270.0,270.0,265.0,265.0,-1.85,631.0,492.0,250.1
JFL,10/9/2017,265.0,265.0,265.0,265.0,0.0,350.0,492.0,250.1
JFL,10/10/2017,265.0,275.0,265.0,275.0,3.77,1103.0,492.0,250.1
JFL,10/11/2017,275.0,279.0,271.0,278.0,1.09,299.0,492.0,250.1
JFL,10/12/2017,278.0,278.0,273.0,275.0,-1.08,1296.0,492.0,250.1
JFL,10/15/2017,275.0,274.0,270.0,270.0,-1.82,606.0,492.0,250.1
JFL,10/16/2017,270.0,275.0,266.0,275.0,1.85,5028.0,492.0,250.1
JFL,10/17/2017,275.0,276.0,271.0,271.0,-1.45,200.0,492.0,250.1
JFL,10/18/2017,271.0,275.0,270.0,274.0,1.11,1891.0,492.0,250.1
JFL,10/23/2017,274.0,278.0,270.0,278.0,1.46,94.0,492.0,250.1
JFL,10/24/2017,278.0,273.0,268.0,270.0,-2.88,106.0,492.0,250.1
JFL,10/29/2017,270.0,265.0,262.0,265.0,-1.85,1943.0,492.0,250.1
JFL,10/30/2017,265.0,266.0,256.0,266.0,0.38,570.0,492.0,250.1
JFL,11/1/2017,266.0,261.0,246.0,255.0,-4.14,4445.0,492.0,250.1
JFL,11/2/2017,255.0,260.0,244.0,251.0,-1.57,2783.0,492.0,250.1
JFL,11/5/2017,251.0,246.0,242.0,242.0,-3.59,225.0,492.0,250.1
JFL,11/6/2017,242.0,246.0,234.0,234.0,-3.31,2909.0,492.0,250.1
JFL,11/7/2017,234.0,234.0,230.0,231.0,-1.28,612.0,492.0,250.1
JFL,11/8/2017,231.0,230.0,226.0,230.0,-0.43,917.0,492.0,250.1
JFL,11/9/2017,230.0,230.0,222.0,226.0,-1.74,781.0,492.0,250.1
JFL,11/12/2017,226.0,226.0,222.0,226.0,0.0,702.0,492.0,250.1
JFL,11/14/2017,226.0,236.0,230.0,236.0,4.42,2060.0,492.0,250.1
JFL,11/15/2017,236.0,240.0,235.0,238.0,0.85,600.0,492.0,250.1
JFL,11/16/2017,238.0,255.0,242.0,245.0,2.94,170.0,492.0,250.1
JFL,11/19/2017,245.0,249.0,245.0,245.0,0.0,73.0,492.0,250.1
JFL,11/20/2017,245.0,242.0,237.0,242.0,-1.22,2069.0,492.0,250.1
JFL,11/22/2017,242.0,238.0,238.0,238.0,-1.65,50.0,492.0,250.1
JFL,11/26/2017,238.0,235.0,231.0,231.0,-2.94,650.0,492.0,250.1
JFL,11/27/2017,231.0,239.0,235.0,235.0,1.73,1676.0,492.0,250.1
JFL,11/28/2017,235.0,239.0,235.0,239.0,1.7,393.0,492.0,250.1
JFL,11/29/2017,239.0,247.0,243.0,247.0,3.35,580.0,492.0,250.1
JFL,11/30/2017,247.0,243.0,235.0,235.0,-4.86,1405.0,492.0,250.1
JFL,12/4/2017,235.0,239.0,232.0,236.0,0.43,2529.0,492.0,250.1
JFL,12/5/2017,236.0,240.0,236.0,236.0,0.0,142.0,492.0,250.1
JFL,12/6/2017,236.0,240.0,240.0,240.0,1.69,1010.0,492.0,250.1
JFL,12/10/2017,240.0,240.0,240.0,240.0,0.0,200.0,492.0,250.1
JFL,12/12/2017,240.0,244.0,244.0,244.0,1.67,50.0,492.0,250.1
JFL,12/17/2017,244.0,240.0,236.0,236.0,-3.28,42.0,492.0,250.1
JFL,12/18/2017,236.0,233.0,228.0,228.0,-3.39,420.0,492.0,250.1
JFL,12/19/2017,228.0,232.0,224.0,228.0,0.0,580.0,492.0,250.1
JFL,12/20/2017,228.0,228.0,224.0,228.0,0.0,300.0,492.0,250.1
JFL,12/21/2017,228.0,226.0,225.0,226.0,-0.88,1100.0,492.0,250.1
JFL,12/26/2017,226.0,223.0,220.0,220.0,-2.65,2434.0,492.0,250.1
JFL,12/27/2017,220.0,228.0,214.0,214.0,-2.73,6119.0,492.0,250.1
JFL,12/28/2017,214.0,222.0,217.0,217.0,1.4,2910.0,492.0,250.1
JFL,12/31/2017,217.0,221.0,216.0,217.0,0.0,1450.0,492.0,250.1
JFL,1/1/2018,217.0,222.0,218.0,222.0,2.3,4446.0,492.0,250.1
JFL,1/2/2018,222.0,225.0,219.0,220.0,-0.9,2057.0,492.0,250.1
JFL,1/3/2018,186.0,189.0,180.0,180.0,-18.18,1670.0,492.0,250.1
JFL,1/4/2018,180.0,177.0,177.0,177.0,-1.67,333.0,492.0,250.1
JFL,1/7/2018,177.0,175.0,174.0,175.0,-1.13,341.0,492.0,250.1
JFL,1/8/2018,175.0,178.0,178.0,178.0,1.71,330.0,492.0,250.1
JFL,1/9/2018,178.0,181.0,178.0,181.0,1.69,3301.0,492.0,250.1
JFL,1/14/2018,181.0,178.0,172.0,172.0,-4.97,2028.0,492.0,250.1
JFL,1/17/2018,172.0,171.0,169.0,171.0,-0.58,200.0,492.0,250.1
JFL,1/21/2018,171.0,177.0,174.0,174.0,1.75,266.0,492.0,250.1
JFL,1/22/2018,174.0,177.0,174.0,176.0,1.15,3917.0,492.0,250.1
JFL,1/23/2018,176.0,179.0,176.0,179.0,1.7,1545.0,492.0,250.1
JFL,1/24/2018,179.0,178.0,178.0,178.0,-0.56,150.0,492.0,250.1
JFL,1/25/2018,178.0,180.0,177.0,180.0,1.12,120.0,492.0,250.1
JFL,1/28/2018,180.0,179.0,178.0,178.0,-1.11,100.0,492.0,250.1
JFL,1/29/2018,178.0,178.0,175.0,175.0,-1.69,524.0,492.0,250.1
JFL,1/31/2018,175.0,183.0,178.0,182.0,4.0,1317.0,492.0,250.1
JFL,2/1/2018,182.0,185.0,185.0,185.0,1.65,550.0,492.0,250.1
JFL,2/4/2018,185.0,182.0,173.0,173.0,-6.49,2104.0,492.0,250.1
JFL,2/5/2018,173.0,173.0,173.0,173.0,0.0,1780.0,492.0,250.1
JFL,2/6/2018,173.0,176.0,172.0,172.0,-0.58,1056.0,492.0,250.1
JFL,2/7/2018,172.0,174.0,171.0,171.0,-0.58,3047.0,492.0,250.1
JFL,2/8/2018,171.0,170.0,170.0,170.0,-0.58,84.0,492.0,250.1
JFL,2/11/2018,170.0,170.0,170.0,170.0,0.0,110.0,492.0,250.1
JFL,2/12/2018,170.0,171.0,171.0,171.0,0.59,67.0,492.0,250.1
JFL,2/14/2018,171.0,175.0,172.0,175.0,2.34,389.0,492.0,250.1
JFL,2/15/2018,175.0,174.0,173.0,173.0,-1.14,300.0,492.0,250.1
JFL,2/20/2018,170.0,170.0,170.0,170.0,-1.73,200.0,492.0,250.1
JFL,2/21/2018,170.0,170.0,170.0,170.0,0.0,75.0,492.0,250.1
JFL,2/22/2018,170.0,170.0,170.0,170.0,0.0,493.0,492.0,250.1
JFL,2/26/2018,168.0,168.0,168.0,168.0,-1.18,30.0,492.0,250.1
JFL,2/27/2018,171.0,171.0,171.0,171.0,1.79,193.0,492.0,250.1
JFL,2/28/2018,168.0,169.0,167.0,168.0,-1.75,550.0,492.0,250.1
JFL,3/4/2018,165.0,166.0,162.0,162.0,-3.57,1030.0,492.0,250.1
JFL,3/6/2018,161.0,161.0,160.0,160.0,-1.23,1291.0,492.0,250.1
JFL,3/7/2018,159.0,159.0,159.0,159.0,-0.62,700.0,492.0,250.1
JFL,3/11/2018,156.0,156.0,153.0,155.0,-2.52,1500.0,492.0,250.1
JFL,3/12/2018,158.0,158.0,158.0,158.0,1.94,708.0,492.0,250.1
JFL,3/13/2018,160.0,160.0,158.0,160.0,1.27,144.0,492.0,250.1
JFL,3/19/2018,163.0,163.0,162.0,163.0,1.88,250.0,492.0,250.1
JFL,3/20/2018,161.0,162.0,160.0,160.0,-1.84,6613.0,492.0,250.1
JFL,3/21/2018,160.0,162.0,160.0,162.0,1.25,506.0,492.0,250.1
JFL,3/22/2018,159.0,159.0,159.0,159.0,-1.85,717.0,492.0,250.1
JFL,3/26/2018,156.0,159.0,156.0,156.0,-1.89,800.0,492.0,250.1
JFL,3/27/2018,153.0,153.0,150.0,150.0,-3.85,1725.0,492.0,250.1
JFL,4/2/2018,147.0,147.0,147.0,147.0,-2.0,10.0,492.0,250.1
JFL,4/3/2018,149.0,149.0,149.0,149.0,1.36,54.0,492.0,250.1
JFL,4/5/2018,151.0,154.0,151.0,154.0,3.36,747.0,492.0,250.1
JFL,4/8/2018,157.0,166.0,157.0,166.0,7.79,310.0,492.0,250.1
JFL,4/9/2018,169.0,175.0,169.0,170.0,2.41,2607.0,492.0,250.1
JFL,4/10/2018,170.0,170.0,168.0,168.0,-1.18,647.0,492.0,250.1
JFL,4/12/2018,171.0,171.0,171.0,171.0,1.79,500.0,492.0,250.1
JFL,4/15/2018,172.0,172.0,172.0,172.0,0.58,218.0,492.0,250.1
JFL,4/16/2018,175.0,175.0,173.0,175.0,1.74,510.0,492.0,250.1
JFL,4/17/2018,178.0,187.0,175.0,187.0,6.86,2530.0,492.0,250.1
JFL,4/18/2018,190.0,190.0,190.0,190.0,1.6,667.0,492.0,250.1
JFL,4/19/2018,187.0,187.0,187.0,187.0,-1.58,500.0,492.0,250.1
JFL,4/22/2018,184.0,199.0,181.0,199.0,6.42,4829.0,492.0,250.1
JFL,4/23/2018,202.0,201.0,194.0,197.0,-1.01,1243.0,492.0,250.1
JFL,4/24/2018,194.0,194.0,188.0,190.0,-3.55,206.0,492.0,250.1
JFL,4/25/2018,190.0,192.0,189.0,192.0,1.05,373.0,492.0,250.1
JFL,4/26/2018,189.0,189.0,179.0,182.0,-5.21,17323.0,492.0,250.1
JFL,4/29/2018,179.0,179.0,167.0,170.0,-6.59,2180.0,492.0,250.1
JFL,5/2/2018,167.0,167.0,165.0,165.0,-2.94,354.0,492.0,250.1
JFL,5/3/2018,168.0,171.0,165.0,170.0,3.03,1864.0,492.0,250.1
JFL,5/6/2018,170.0,170.0,169.0,170.0,0.0,217.0,492.0,250.1
JFL,5/7/2018,167.0,167.0,167.0,167.0,-1.76,200.0,492.0,250.1
JFL,5/8/2018,170.0,173.0,170.0,173.0,3.59,479.0,492.0,250.1
JFL,5/9/2018,175.0,176.0,175.0,176.0,1.73,427.0,492.0,250.1
JFL,5/10/2018,173.0,173.0,173.0,173.0,-1.7,116.0,492.0,250.1
JFL,5/14/2018,170.0,170.0,167.0,167.0,-3.47,955.0,492.0,250.1
JFL,5/15/2018,165.0,168.0,164.0,168.0,0.6,1896.0,492.0,250.1
JFL,5/16/2018,166.0,166.0,166.0,166.0,-1.19,1260.0,492.0,250.1
JFL,5/20/2018,169.0,169.0,166.0,166.0,0.0,820.0,492.0,250.1
JFL,5/21/2018,164.0,167.0,164.0,167.0,0.6,45.0,492.0,250.1
JFL,5/23/2018,166.0,166.0,164.0,164.0,-1.8,1372.0,492.0,250.1
JFL,5/24/2018,167.0,180.0,167.0,172.0,4.88,5575.0,492.0,250.1
JFL,5/27/2018,175.0,181.0,175.0,175.0,1.74,1204.0,492.0,250.1
JFL,5/28/2018,178.0,184.0,178.0,181.0,3.43,1677.0,492.0,250.1
JFL,5/29/2018,178.0,178.0,178.0,178.0,-1.66,64.0,492.0,250.1
JFL,5/30/2018,175.0,181.0,175.0,181.0,1.69,472.0,492.0,250.1
JFL,5/31/2018,181.0,184.0,181.0,184.0,1.66,242.0,492.0,250.1
JFL,6/3/2018,181.0,181.0,170.0,170.0,-7.61,989.0,492.0,250.1
JFL,6/4/2018,168.0,171.0,168.0,171.0,0.59,269.0,492.0,250.1
JFL,6/7/2018,174.0,177.0,166.0,166.0,-2.92,2734.0,492.0,250.1
JFL,6/10/2018,166.0,169.0,166.0,166.0,0.0,2340.0,492.0,250.1
JFL,6/11/2018,169.0,170.0,168.0,170.0,2.41,6190.0,492.0,250.1
JFL,6/12/2018,173.0,173.0,173.0,173.0,1.76,10.0,492.0,250.1
JFL,6/13/2018,173.0,176.0,173.0,176.0,1.73,1000.0,492.0,250.1
JFL,6/14/2018,173.0,173.0,170.0,173.0,-1.7,1060.0,492.0,250.1
JFL,6/17/2018,170.0,170.0,167.0,167.0,-3.47,1211.0,492.0,250.1
JFL,6/18/2018,165.0,168.0,165.0,168.0,0.6,494.0,492.0,250.1
JFL,6/20/2018,165.0,165.0,162.0,162.0,-3.57,800.0,492.0,250.1
JFL,6/21/2018,161.0,163.0,160.0,163.0,0.62,783.0,492.0,250.1
JFL,6/24/2018,165.0,168.0,165.0,167.0,2.45,3144.0,492.0,250.1
JFL,6/25/2018,165.0,165.0,165.0,165.0,-1.2,667.0,492.0,250.1
JFL,6/26/2018,164.0,164.0,164.0,164.0,-0.61,100.0,492.0,250.1
JFL,6/28/2018,167.0,167.0,167.0,167.0,1.83,200.0,492.0,250.1
JFL,7/2/2018,164.0,166.0,163.0,166.0,-0.6,1400.0,492.0,250.1
JFL,7/3/2018,166.0,167.0,166.0,167.0,0.6,2540.0,492.0,250.1
JFL,7/5/2018,170.0,170.0,167.0,167.0,0.0,501.0,492.0,250.1
JFL,7/10/2018,164.0,164.0,162.0,162.0,-2.99,1118.0,492.0,250.1
JFL,7/11/2018,160.0,160.0,160.0,160.0,-1.23,10.0,492.0,250.1
JFL,7/22/2018,160.0,169.0,160.0,169.0,5.62,1568.0,492.0,250.1
JFL,7/23/2018,166.0,172.0,166.0,170.0,0.59,1046.0,492.0,250.1
JFL,7/24/2018,170.0,173.0,170.0,173.0,1.76,1440.0,492.0,250.1
JFL,7/25/2018,170.0,170.0,170.0,170.0,-1.73,1190.0,492.0,250.1
JFL,7/26/2018,173.0,182.0,173.0,179.0,5.29,2002.0,492.0,250.1
JFL,7/29/2018,182.0,183.0,181.0,181.0,1.12,1967.0,492.0,250.1
JFL,7/30/2018,184.0,199.0,184.0,190.0,4.97,12393.0,492.0,250.1
JFL,7/31/2018,193.0,196.0,193.0,193.0,1.58,1360.0,492.0,250.1
JFL,8/1/2018,196.0,196.0,190.0,190.0,-1.55,4749.0,492.0,250.1
JFL,8/2/2018,187.0,194.0,187.0,191.0,0.53,3433.0,492.0,250.1
JFL,8/5/2018,192.0,192.0,192.0,192.0,0.52,20.0,492.0,250.1
JFL,8/6/2018,195.0,195.0,188.0,188.0,-2.08,2652.0,492.0,250.1
JFL,8/7/2018,185.0,185.0,181.0,183.0,-2.66,987.0,492.0,250.1
JFL,8/8/2018,180.0,185.0,180.0,185.0,1.09,320.0,492.0,250.1
JFL,8/9/2018,188.0,188.0,182.0,182.0,-1.62,2849.0,492.0,250.1
JFL,8/12/2018,185.0,188.0,185.0,185.0,1.65,6125.0,492.0,250.1
JFL,8/14/2018,188.0,188.0,188.0,188.0,1.62,10.0,492.0,250.1
JFL,8/15/2018,189.0,194.0,189.0,194.0,3.19,1253.0,492.0,250.1
JFL,8/16/2018,196.0,196.0,191.0,191.0,-1.55,2684.0,492.0,250.1
JFL,8/19/2018,188.0,188.0,188.0,188.0,-1.57,10.0,492.0,250.1
JFL,8/20/2018,191.0,195.0,191.0,195.0,3.72,1400.0,492.0,250.1
JFL,8/21/2018,192.0,196.0,186.0,190.0,-2.56,8858.0,492.0,250.1
JFL,8/22/2018,193.0,193.0,190.0,191.0,0.53,2520.0,492.0,250.1
JFL,8/23/2018,194.0,194.0,190.0,190.0,-0.52,910.0,492.0,250.1
JFL,8/26/2018,192.0,192.0,192.0,192.0,1.05,1218.0,492.0,250.1
JFL,8/28/2018,193.0,194.0,192.0,193.0,0.52,510.0,492.0,250.1
JFL,9/2/2018,195.0,196.0,195.0,195.0,1.04,800.0,492.0,250.1
JFL,9/3/2018,198.0,199.0,193.0,193.0,-1.03,2507.0,492.0,250.1
JFL,9/4/2018,196.0,196.0,195.0,196.0,1.55,1210.0,492.0,250.1
JFL,9/5/2018,195.0,200.0,195.0,200.0,2.04,5222.0,492.0,250.1
JFL,9/6/2018,200.0,200.0,198.0,198.0,-1.0,300.0,492.0,250.1
JFL,9/9/2018,201.0,217.0,201.0,217.0,9.6,23123.0,492.0,250.1
JFL,9/10/2018,221.0,235.0,217.0,219.0,0.92,22290.0,492.0,250.1
JFL,9/11/2018,223.0,223.0,215.0,217.0,-0.91,6533.0,492.0,250.1
JFL,9/12/2018,213.0,219.0,213.0,216.0,-0.46,1361.0,492.0,250.1
JFL,9/13/2018,220.0,220.0,216.0,216.0,0.0,2940.0,492.0,250.1
JFL,9/16/2018,213.0,222.0,209.0,218.0,0.93,4727.0,492.0,250.1
JFL,9/17/2018,218.0,218.0,216.0,216.0,-0.92,1158.0,492.0,250.1
JFL,9/18/2018,214.0,216.0,212.0,214.0,-0.93,1193.0,492.0,250.1
JFL,9/20/2018,217.0,218.0,217.0,217.0,1.4,604.0,492.0,250.1
JFL,9/23/2018,221.0,234.0,221.0,227.0,4.61,9939.0,492.0,250.1
JFL,9/25/2018,230.0,232.0,224.0,224.0,-1.32,3746.0,492.0,250.1
JFL,9/26/2018,228.0,228.0,224.0,225.0,0.45,5050.0,492.0,250.1
JFL,9/27/2018,221.0,227.0,221.0,224.0,-0.44,2466.0,492.0,250.1
JFL,9/30/2018,228.0,228.0,219.0,219.0,-2.23,21813.0,492.0,250.1
JFL,10/1/2018,216.0,225.0,216.0,220.0,0.46,12484.0,492.0,250.1
JFL,10/2/2018,182.0,182.0,173.0,173.0,-21.36,3676.0,492.0,250.1
JFL,10/3/2018,171.0,171.0,168.0,168.0,-2.89,1396.0,492.0,250.1
JFL,10/4/2018,165.0,170.0,165.0,170.0,1.19,2101.0,492.0,250.1
JFL,10/8/2018,167.0,170.0,167.0,170.0,0.0,250.0,492.0,250.1
JFL,10/9/2018,167.0,168.0,167.0,167.0,-1.76,1218.0,492.0,250.1
JFL,10/10/2018,165.0,165.0,160.0,165.0,-1.2,2790.0,492.0,250.1
JFL,10/11/2018,168.0,171.0,168.0,171.0,3.64,75.0,492.0,250.1
JFL,10/14/2018,172.0,173.0,170.0,173.0,1.17,995.0,492.0,250.1
JFL,10/15/2018,176.0,179.0,175.0,179.0,3.47,220.0,492.0,250.1
JFL,10/21/2018,179.0,179.0,178.0,178.0,-0.56,896.0,492.0,250.1
JFL,10/22/2018,178.0,178.0,170.0,170.0,-4.49,2727.0,492.0,250.1
JFL,10/23/2018,171.0,173.0,170.0,172.0,1.18,1659.0,492.0,250.1
JFL,10/24/2018,172.0,172.0,172.0,172.0,0.0,206.0,492.0,250.1
JFL,10/25/2018,172.0,175.0,172.0,172.0,0.0,1030.0,492.0,250.1
JFL,10/28/2018,170.0,173.0,168.0,173.0,0.58,3756.0,492.0,250.1
JFL,10/29/2018,170.0,170.0,168.0,170.0,-1.73,1050.0,492.0,250.1
JFL,10/30/2018,170.0,173.0,170.0,171.0,0.59,1900.0,492.0,250.1
JFL,10/31/2018,169.0,169.0,169.0,169.0,-1.17,900.0,492.0,250.1
JFL,11/1/2018,172.0,174.0,170.0,170.0,0.59,765.0,492.0,250.1
JFL,11/4/2018,167.0,167.0,167.0,167.0,-1.76,152.0,492.0,250.1
JFL,11/11/2018,167.0,170.0,167.0,170.0,1.8,275.0,492.0,250.1
JFL,11/13/2018,167.0,170.0,167.0,170.0,0.0,650.0,492.0,250.1
JFL,11/15/2018,167.0,167.0,167.0,167.0,-1.76,600.0,492.0,250.1
JFL,11/19/2018,165.0,167.0,164.0,165.0,-1.2,1202.0,492.0,250.1
JFL,11/20/2018,164.0,165.0,164.0,165.0,0.0,110.0,492.0,250.1
JFL,11/21/2018,163.0,163.0,163.0,163.0,-1.21,1000.0,492.0,250.1
JFL,11/22/2018,166.0,166.0,165.0,165.0,1.23,500.0,492.0,250.1
JFL,11/25/2018,165.0,165.0,165.0,165.0,0.0,631.0,492.0,250.1
JFL,11/26/2018,165.0,165.0,165.0,165.0,0.0,936.0,492.0,250.1
JFL,11/27/2018,166.0,166.0,166.0,166.0,0.61,100.0,492.0,250.1
JFL,11/28/2018,165.0,165.0,165.0,165.0,-0.6,100.0,492.0,250.1
JFL,11/29/2018,165.0,167.0,164.0,165.0,0.0,1067.0,492.0,250.1
JFL,12/2/2018,167.0,167.0,165.0,165.0,0.0,2927.0,492.0,250.1
JFL,12/3/2018,165.0,166.0,165.0,166.0,0.61,676.0,492.0,250.1
JFL,12/4/2018,169.0,169.0,169.0,169.0,1.81,800.0,492.0,250.1
JFL,12/5/2018,169.0,169.0,166.0,166.0,-1.78,900.0,492.0,250.1
JFL,12/6/2018,165.0,165.0,165.0,165.0,-0.6,301.0,492.0,250.1
JFL,12/9/2018,166.0,170.0,166.0,170.0,3.03,800.0,492.0,250.1
JFL,12/10/2018,173.0,179.0,173.0,179.0,5.29,1040.0,492.0,250.1
JFL,12/11/2018,182.0,182.0,176.0,176.0,-1.68,150.0,492.0,250.1
JFL,12/13/2018,173.0,173.0,173.0,173.0,-1.7,500.0,492.0,250.1
JFL,12/16/2018,170.0,170.0,170.0,170.0,-1.73,150.0,492.0,250.1
JFL,12/17/2018,169.0,170.0,169.0,170.0,0.0,1015.0,492.0,250.1
JFL,12/18/2018,168.0,168.0,167.0,167.0,-1.76,550.0,492.0,250.1
JFL,12/19/2018,169.0,170.0,169.0,170.0,1.8,1100.0,492.0,250.1
JFL,12/20/2018,170.0,170.0,169.0,169.0,-0.59,1100.0,492.0,250.1
JFL,12/23/2018,170.0,176.0,170.0,176.0,4.14,210.0,492.0,250.1
JFL,12/24/2018,177.0,177.0,173.0,173.0,-1.7,1662.0,492.0,250.1
JFL,12/26/2018,176.0,179.0,176.0,179.0,3.47,1689.0,492.0,250.1
JFL,12/27/2018,182.0,182.0,176.0,176.0,-1.68,750.0,492.0,250.1
JFL,12/30/2018,174.0,174.0,174.0,174.0,-1.14,600.0,492.0,250.1
JFL,12/31/2018,173.0,173.0,172.0,172.0,-1.15,600.0,492.0,250.1
JFL,1/1/2019,170.0,170.0,170.0,170.0,-1.16,2250.0,492.0,250.1
JFL,1/2/2019,167.0,170.0,167.0,170.0,0.0,951.0,492.0,250.1
JFL,1/3/2019,170.0,173.0,169.0,173.0,1.76,4477.0,492.0,250.1
JFL,1/7/2019,170.0,170.0,170.0,170.0,-1.73,1200.0,492.0,250.1
JFL,1/8/2019,173.0,173.0,170.0,170.0,0.0,107.0,492.0,250.1
JFL,1/9/2019,173.0,173.0,171.0,171.0,0.59,1257.0,492.0,250.1
JFL,1/10/2019,170.0,170.0,170.0,170.0,-0.58,1500.0,492.0,250.1
JFL,1/13/2019,173.0,173.0,172.0,172.0,1.18,207.0,492.0,250.1
JFL,1/17/2019,175.0,175.0,169.0,170.0,-1.16,5490.0,492.0,250.1
JFL,1/20/2019,168.0,168.0,168.0,168.0,-1.18,10000.0,492.0,250.1
JFL,1/22/2019,169.0,169.0,169.0,169.0,0.6,10.0,492.0,250.1
JFL,1/23/2019,166.0,170.0,166.0,170.0,0.59,2367.0,492.0,250.1
JFL,1/24/2019,168.0,170.0,168.0,170.0,0.0,29.0,492.0,250.1
JFL,1/27/2019,167.0,170.0,167.0,170.0,0.0,312.0,492.0,250.1
JFL,1/28/2019,170.0,170.0,165.0,168.0,-1.18,813.0,492.0,250.1
JFL,1/29/2019,170.0,171.0,169.0,169.0,0.6,560.0,492.0,250.1
JFL,1/30/2019,167.0,167.0,167.0,167.0,-1.18,84.0,492.0,250.1
JFL,1/31/2019,167.0,168.0,167.0,168.0,0.6,184.0,492.0,250.1
JFL,2/3/2019,167.0,167.0,166.0,166.0,-1.19,2041.0,492.0,250.1
JFL,2/4/2019,166.0,166.0,165.0,165.0,-0.6,2000.0,492.0,250.1
JFL,2/5/2019,168.0,171.0,168.0,169.0,2.42,18192.0,492.0,250.1
JFL,2/6/2019,168.0,168.0,168.0,168.0,-0.59,200.0,492.0,250.1
JFL,2/10/2019,168.0,168.0,163.0,163.0,-2.98,216.0,492.0,250.1
JFL,2/11/2019,163.0,163.0,163.0,163.0,0.0,2270.0,492.0,250.1
JFL,2/12/2019,163.0,166.0,162.0,166.0,1.84,1818.0,492.0,250.1
JFL,2/13/2019,164.0,164.0,163.0,163.0,-1.81,250.0,492.0,250.1
JFL,2/14/2019,164.0,164.0,164.0,164.0,0.61,20.0,492.0,250.1
JFL,2/17/2019,164.0,168.0,164.0,164.0,0.0,730.0,492.0,250.1
JFL,2/18/2019,161.0,163.0,161.0,163.0,-0.61,93.0,492.0,250.1
JFL,2/19/2019,161.0,163.0,160.0,163.0,0.0,903.0,492.0,250.1
JFL,2/20/2019,163.0,163.0,161.0,161.0,-1.23,143.0,492.0,250.1
JFL,2/24/2019,159.0,162.0,159.0,162.0,0.62,1395.0,492.0,250.1
JFL,2/25/2019,163.0,165.0,163.0,165.0,1.85,39.0,492.0,250.1
JFL,2/26/2019,162.0,163.0,162.0,162.0,-1.82,633.0,492.0,250.1
JFL,2/27/2019,162.0,162.0,162.0,162.0,0.0,789.0,492.0,250.1
JFL,3/3/2019,162.0,162.0,160.0,160.0,-1.23,1244.0,492.0,250.1
JFL,3/5/2019,160.0,160.0,160.0,160.0,0.0,54.0,492.0,250.1
JFL,3/6/2019,160.0,160.0,160.0,160.0,0.0,40.0,492.0,250.1
JFL,3/7/2019,160.0,163.0,160.0,162.0,1.25,6125.0,492.0,250.1
JFL,3/11/2019,163.0,164.0,163.0,164.0,1.23,2881.0,492.0,250.1
JFL,3/12/2019,164.0,165.0,164.0,165.0,0.61,1624.0,492.0,250.1
JFL,3/13/2019,164.0,165.0,164.0,165.0,0.0,765.0,492.0,250.1
JFL,3/14/2019,164.0,164.0,161.0,161.0,-2.42,329.0,492.0,250.1
JFL,3/17/2019,164.0,173.0,163.0,172.0,6.83,3166.0,492.0,250.1
JFL,3/18/2019,170.0,172.0,169.0,169.0,-1.74,686.0,492.0,250.1
JFL,3/19/2019,172.0,175.0,169.0,169.0,0.0,145.0,492.0,250.1
JFL,3/21/2019,172.0,177.0,166.0,169.0,0.0,510.0,492.0,250.1
JFL,3/24/2019,172.0,172.0,163.0,166.0,-1.78,5790.0,492.0,250.1
JFL,3/25/2019,169.0,169.0,166.0,166.0,0.0,140.0,492.0,250.1
JFL,3/26/2019,168.0,168.0,168.0,168.0,1.2,100.0,492.0,250.1
JFL,3/27/2019,165.0,168.0,164.0,164.0,-2.38,344.0,492.0,250.1
JFL,3/28/2019,167.0,167.0,164.0,164.0,0.0,36.0,492.0,250.1
JFL,3/31/2019,164.0,164.0,164.0,164.0,0.0,50.0,492.0,250.1
JFL,4/1/2019,164.0,164.0,164.0,164.0,0.0,167.0,492.0,250.1
JFL,4/2/2019,163.0,171.0,162.0,171.0,4.27,957.0,492.0,250.1
JFL,4/3/2019,173.0,173.0,168.0,168.0,-1.75,693.0,492.0,250.1
JFL,4/4/2019,165.0,174.0,165.0,174.0,3.57,770.0,492.0,250.1
JFL,4/7/2019,171.0,177.0,171.0,177.0,1.72,248.0,492.0,250.1
JFL,4/8/2019,175.0,178.0,175.0,176.0,-0.56,443.0,492.0,250.1
JFL,4/9/2019,173.0,173.0,173.0,173.0,-1.7,10.0,492.0,250.1
JFL,4/11/2019,173.0,173.0,165.0,165.0,-4.62,823.0,492.0,250.1
JFL,4/15/2019,165.0,168.0,165.0,168.0,1.82,1317.0,492.0,250.1
JFL,4/16/2019,170.0,176.0,170.0,176.0,4.76,161.0,492.0,250.1
JFL,4/17/2019,179.0,180.0,179.0,180.0,2.27,110.0,492.0,250.1
JFL,4/18/2019,180.0,180.0,177.0,177.0,-1.67,1225.0,492.0,250.1
JFL,4/21/2019,180.0,180.0,177.0,178.0,0.56,228.0,492.0,250.1
JFL,4/23/2019,181.0,181.0,178.0,178.0,0.0,210.0,492.0,250.1
JFL,4/24/2019,175.0,175.0,170.0,170.0,-4.49,1160.0,492.0,250.1
JFL,4/25/2019,171.0,174.0,167.0,174.0,2.35,1918.0,492.0,250.1
JFL,4/28/2019,177.0,180.0,175.0,175.0,0.57,2796.0,492.0,250.1
JFL,4/30/2019,176.0,176.0,175.0,175.0,0.0,267.0,492.0,250.1
JFL,5/5/2019,172.0,172.0,172.0,172.0,-1.71,255.0,492.0,250.1
JFL,5/6/2019,172.0,172.0,172.0,172.0,0.0,758.0,492.0,250.1
JFL,5/7/2019,169.0,172.0,169.0,169.0,-1.74,252.0,492.0,250.1
JFL,5/8/2019,168.0,168.0,167.0,167.0,-1.18,787.0,492.0,250.1
JFL,5/9/2019,170.0,179.0,170.0,179.0,7.19,1968.0,492.0,250.1
JFL,5/12/2019,176.0,176.0,173.0,173.0,-3.35,190.0,492.0,250.1
JFL,5/13/2019,170.0,173.0,168.0,173.0,0.0,2427.0,492.0,250.1
JFL,5/14/2019,175.0,175.0,171.0,171.0,-1.16,3122.0,492.0,250.1
JFL,5/15/2019,174.0,181.0,174.0,175.0,2.34,2054.0,492.0,250.1
JFL,5/16/2019,175.0,175.0,175.0,175.0,0.0,43.0,492.0,250.1
JFL,5/19/2019,172.0,172.0,170.0,170.0,-2.86,985.0,492.0,250.1
JFL,5/20/2019,172.0,173.0,171.0,173.0,1.76,4302.0,492.0,250.1
JFL,5/21/2019,171.0,176.0,171.0,176.0,1.73,41.0,492.0,250.1
JFL,5/22/2019,179.0,187.0,176.0,184.0,4.55,3757.0,492.0,250.1
JFL,5/23/2019,181.0,182.0,178.0,178.0,-3.26,4013.0,492.0,250.1
JFL,5/26/2019,180.0,181.0,178.0,178.0,0.0,2243.0,492.0,250.1
JFL,5/27/2019,181.0,181.0,178.0,180.0,1.12,63.0,492.0,250.1
JFL,5/29/2019,178.0,178.0,178.0,178.0,-1.11,127.0,492.0,250.1
JFL,5/30/2019,180.0,182.0,180.0,180.0,1.12,982.0,492.0,250.1
JFL,6/2/2019,178.0,181.0,178.0,181.0,0.56,975.0,492.0,250.1
JFL,6/3/2019,178.0,178.0,176.0,176.0,-2.76,910.0,492.0,250.1
JFL,6/4/2019,175.0,178.0,175.0,178.0,1.14,2095.0,492.0,250.1
JFL,6/6/2019,175.0,181.0,175.0,181.0,1.69,2270.0,492.0,250.1
JFL,6/10/2019,178.0,180.0,178.0,180.0,-0.55,796.0,492.0,250.1
JFL,6/11/2019,177.0,181.0,177.0,180.0,0.0,660.0,492.0,250.1
JFL,6/12/2019,180.0,180.0,178.0,178.0,-1.11,964.0,492.0,250.1
JFL,6/16/2019,176.0,176.0,175.0,175.0,-1.69,1734.0,492.0,250.1
JFL,6/17/2019,177.0,177.0,177.0,177.0,1.14,200.0,492.0,250.1
JFL,6/18/2019,174.0,178.0,174.0,178.0,0.56,1780.0,492.0,250.1
JFL,6/19/2019,176.0,180.0,176.0,180.0,1.12,643.0,492.0,250.1
JFL,6/20/2019,181.0,181.0,180.0,180.0,0.0,960.0,492.0,250.1
JFL,6/23/2019,179.0,179.0,178.0,179.0,-0.56,1389.0,492.0,250.1
JFL,6/24/2019,178.0,179.0,178.0,179.0,0.0,829.0,492.0,250.1
JFL,6/25/2019,178.0,178.0,175.0,175.0,-2.23,1249.0,492.0,250.1
JFL,6/26/2019,173.0,176.0,173.0,176.0,0.57,210.0,492.0,250.1
JFL,6/27/2019,175.0,175.0,174.0,175.0,-0.57,718.0,492.0,250.1
JFL,6/30/2019,174.0,174.0,174.0,174.0,-0.57,174.0,492.0,250.1
JFL,7/2/2019,175.0,176.0,175.0,176.0,1.15,861.0,492.0,250.1
JFL,7/3/2019,176.0,179.0,176.0,179.0,1.7,1706.0,492.0,250.1
JFL,7/4/2019,177.0,177.0,177.0,177.0,-1.12,100.0,492.0,250.1
JFL,7/7/2019,174.0,176.0,174.0,176.0,-0.56,1366.0,492.0,250.1
JFL,7/8/2019,175.0,179.0,175.0,179.0,1.7,333.0,492.0,250.1
JFL,7/9/2019,179.0,179.0,178.0,178.0,-0.56,495.0,492.0,250.1
JFL,7/10/2019,177.0,178.0,176.0,178.0,0.0,970.0,492.0,250.1
JFL,7/11/2019,180.0,180.0,180.0,180.0,1.12,693.0,492.0,250.1
JFL,7/15/2019,180.0,180.0,180.0,180.0,0.0,50.0,492.0,250.1
JFL,7/16/2019,180.0,180.0,180.0,180.0,0.0,100.0,492.0,250.1
JFL,7/17/2019,180.0,183.0,180.0,183.0,1.67,1300.0,492.0,250.1
JFL,7/18/2019,186.0,189.0,186.0,188.0,2.73,2179.0,492.0,250.1
JFL,7/21/2019,188.0,188.0,185.0,185.0,-1.6,373.0,492.0,250.1
JFL,7/22/2019,182.0,183.0,182.0,183.0,-1.08,407.0,492.0,250.1
JFL,7/23/2019,182.0,182.0,182.0,182.0,-0.55,35.0,492.0,250.1
JFL,7/24/2019,185.0,186.0,183.0,186.0,2.2,3452.0,492.0,250.1
JFL,7/25/2019,185.0,188.0,185.0,186.0,0.0,1090.0,492.0,250.1
JFL,7/28/2019,184.0,184.0,179.0,179.0,-3.76,282.0,492.0,250.1
JFL,7/29/2019,181.0,187.0,181.0,184.0,2.79,1017.0,492.0,250.1
JFL,7/30/2019,187.0,190.0,187.0,189.0,2.72,2691.0,492.0,250.1
JFL,7/31/2019,192.0,198.0,192.0,192.0,1.59,1699.0,492.0,250.1
JFL,8/1/2019,190.0,190.0,189.0,189.0,-1.56,260.0,492.0,250.1
JFL,8/4/2019,187.0,192.0,187.0,192.0,1.59,1482.0,492.0,250.1
JFL,8/5/2019,189.0,189.0,184.0,184.0,-4.17,1328.0,492.0,250.1
JFL,8/6/2019,184.0,184.0,182.0,182.0,-1.09,1250.0,492.0,250.1
JFL,8/7/2019,185.0,191.0,185.0,191.0,4.95,1577.0,492.0,250.1
JFL,8/8/2019,194.0,197.0,190.0,190.0,-0.52,270.0,492.0,250.1
JFL,8/11/2019,187.0,190.0,187.0,190.0,0.0,41.0,492.0,250.1
JFL,8/12/2019,193.0,193.0,190.0,190.0,0.0,100.0,492.0,250.1
JFL,8/13/2019,193.0,193.0,187.0,187.0,-1.58,1117.0,492.0,250.1
JFL,8/14/2019,190.0,190.0,189.0,190.0,1.6,985.0,492.0,250.1
JFL,8/15/2019,192.0,192.0,192.0,192.0,1.05,10.0,492.0,250.1
JFL,8/18/2019,192.0,196.0,190.0,190.0,-1.04,981.0,492.0,250.1
JFL,8/19/2019,191.0,196.0,190.0,190.0,0.0,1046.0,492.0,250.1
JFL,8/20/2019,190.0,190.0,187.0,187.0,-1.58,2200.0,492.0,250.1
JFL,8/21/2019,184.0,195.0,184.0,195.0,4.28,6374.0,492.0,250.1
JFL,8/22/2019,193.0,193.0,190.0,190.0,-2.56,750.0,492.0,250.1
JFL,8/25/2019,190.0,190.0,190.0,190.0,0.0,677.0,492.0,250.1
JFL,8/26/2019,187.0,190.0,184.0,190.0,0.0,1390.0,492.0,250.1
JFL,8/27/2019,187.0,190.0,186.0,186.0,-2.11,11100.0,492.0,250.1
JFL,8/28/2019,189.0,189.0,189.0,189.0,1.61,122.0,492.0,250.1
JFL,8/29/2019,192.0,195.0,190.0,193.0,2.12,5743.0,492.0,250.1
JFL,9/1/2019,191.0,191.0,187.0,187.0,-3.11,1078.0,492.0,250.1
JFL,9/2/2019,190.0,190.0,186.0,186.0,-0.53,2740.0,492.0,250.1
JFL,9/3/2019,187.0,189.0,187.0,189.0,1.61,511.0,492.0,250.1
JFL,9/4/2019,191.0,193.0,190.0,190.0,0.53,300.0,492.0,250.1
JFL,9/5/2019,191.0,191.0,189.0,190.0,0.0,2950.0,492.0,250.1
JFL,9/8/2019,193.0,207.0,193.0,200.0,5.26,24852.0,492.0,250.1
JFL,9/9/2019,200.0,202.0,197.0,200.0,0.0,14108.0,492.0,250.1
JFL,9/10/2019,199.0,201.0,197.0,200.0,0.0,16870.0,492.0,250.1
JFL,9/11/2019,200.0,200.0,197.0,198.0,-1.0,5370.0,492.0,250.1
JFL,9/12/2019,199.0,199.0,197.0,197.0,-0.51,4360.0,492.0,250.1
JFL,9/15/2019,196.0,197.0,195.0,195.0,-1.02,913.0,492.0,250.1
JFL,9/16/2019,198.0,198.0,190.0,192.0,-1.54,6205.0,492.0,250.1
JFL,9/17/2019,195.0,199.0,195.0,199.0,3.65,2720.0,492.0,250.1
JFL,9/18/2019,202.0,202.0,195.0,197.0,-1.01,3217.0,492.0,250.1
JFL,9/19/2019,199.0,199.0,194.0,194.0,-1.52,750.0,492.0,250.1
JFL,9/22/2019,196.0,199.0,193.0,198.0,2.06,470.0,492.0,250.1
JFL,9/23/2019,198.0,200.0,195.0,198.0,0.0,200.0,492.0,250.1
JFL,9/24/2019,195.0,195.0,192.0,194.0,-2.02,2965.0,492.0,250.1
JFL,9/25/2019,193.0,195.0,192.0,195.0,0.52,2124.0,492.0,250.1
JFL,9/26/2019,194.0,197.0,194.0,195.0,0.0,744.0,492.0,250.1
JFL,9/29/2019,193.0,194.0,193.0,194.0,-0.51,340.0,492.0,250.1
JFL,9/30/2019,195.0,198.0,195.0,197.0,1.55,125.0,492.0,250.1
JFL,10/1/2019,199.0,199.0,196.0,196.0,-0.51,1680.0,492.0,250.1
JFL,10/2/2019,195.0,195.0,193.0,195.0,-0.51,3910.0,492.0,250.1
JFL,10/3/2019,195.0,197.0,195.0,196.0,0.51,2210.0,492.0,250.1
JFL,10/10/2019,196.0,196.0,196.0,196.0,0.0,250.0,492.0,250.1
JFL,10/14/2019,196.0,196.0,193.0,193.0,-1.53,3995.0,492.0,250.1
JFL,10/15/2019,195.0,196.0,195.0,196.0,1.55,1151.0,492.0,250.1
JFL,10/16/2019,197.0,197.0,195.0,195.0,-0.51,1694.0,492.0,250.1
JFL,10/17/2019,198.0,198.0,196.0,196.0,0.51,220.0,492.0,250.1
JFL,10/22/2019,198.0,198.0,194.0,194.0,-1.02,2649.0,492.0,250.1
JFL,10/23/2019,196.0,196.0,192.0,193.0,-0.52,5458.0,492.0,250.1
JFL,10/24/2019,192.0,195.0,192.0,193.0,0.0,3210.0,492.0,250.1
JFL,10/31/2019,194.0,194.0,193.0,194.0,0.52,2000.0,492.0,250.1
JFL,11/3/2019,193.0,193.0,192.0,192.0,-1.03,1010.0,492.0,250.1
JFL,11/4/2019,193.0,193.0,192.0,193.0,0.52,1530.0,492.0,250.1
JFL,11/5/2019,195.0,195.0,193.0,195.0,1.04,1254.0,492.0,250.1
JFL,11/6/2019,195.0,195.0,192.0,192.0,-1.54,3551.0,492.0,250.1
JFL,11/7/2019,191.0,192.0,191.0,192.0,0.0,978.0,492.0,250.1
JFL,11/10/2019,192.0,195.0,192.0,195.0,1.56,2332.0,492.0,250.1
JFL,11/11/2019,197.0,197.0,195.0,195.0,0.0,87.0,492.0,250.1
JFL,11/12/2019,196.0,196.0,192.0,192.0,-1.54,1300.0,492.0,250.1
JFL,11/13/2019,195.0,195.0,193.0,194.0,1.04,2198.0,492.0,250.1
JFL,11/14/2019,195.0,195.0,193.0,193.0,-0.52,178.0,492.0,250.1
JFL,11/17/2019,195.0,195.0,195.0,195.0,1.04,210.0,492.0,250.1
JFL,11/18/2019,196.0,196.0,192.0,192.0,-1.54,3210.0,492.0,250.1
JFL,11/19/2019,192.0,192.0,191.0,192.0,0.0,1814.0,492.0,250.1
JFL,11/20/2019,195.0,195.0,193.0,194.0,1.04,40.0,492.0,250.1
JFL,11/21/2019,196.0,196.0,192.0,192.0,-1.03,330.0,492.0,250.1
JFL,11/24/2019,190.0,190.0,189.0,190.0,-1.04,3200.0,492.0,250.1
JFL,11/25/2019,187.0,192.0,187.0,192.0,1.05,1011.0,492.0,250.1
JFL,11/26/2019,194.0,194.0,188.0,188.0,-2.08,1812.0,492.0,250.1
JFL,11/27/2019,190.0,191.0,190.0,190.0,1.06,3995.0,492.0,250.1
JFL,11/28/2019,193.0,193.0,190.0,190.0,0.0,1211.0,492.0,250.1
JFL,12/1/2019,191.0,191.0,191.0,191.0,0.53,874.0,492.0,250.1
JFL,12/2/2019,192.0,193.0,190.0,191.0,0.0,1140.0,492.0,250.1
JFL,12/3/2019,191.0,192.0,191.0,192.0,0.52,636.0,492.0,250.1
JFL,12/4/2019,192.0,193.0,192.0,193.0,0.52,1588.0,492.0,250.1
JFL,12/5/2019,192.0,193.0,191.0,191.0,-1.04,1280.0,492.0,250.1
JFL,12/8/2019,190.0,190.0,188.0,188.0,-1.57,405.0,492.0,250.1
JFL,12/9/2019,188.0,194.0,188.0,194.0,3.19,820.0,492.0,250.1
JFL,12/10/2019,193.0,193.0,192.0,192.0,-1.03,1173.0,492.0,250.1
JFL,12/11/2019,193.0,202.0,192.0,198.0,3.12,10888.0,492.0,250.1
JFL,12/12/2019,201.0,201.0,194.0,196.0,-1.01,4438.0,492.0,250.1
JFL,12/15/2019,194.0,197.0,191.0,191.0,-2.55,2480.0,492.0,250.1
JFL,12/16/2019,194.0,194.0,191.0,191.0,0.0,3620.0,492.0,250.1
JFL,12/17/2019,193.0,194.0,191.0,191.0,0.0,3499.0,492.0,250.1
JFL,12/18/2019,191.0,194.0,189.0,192.0,0.52,2830.0,492.0,250.1
JFL,12/19/2019,195.0,200.0,195.0,198.0,3.12,8728.0,492.0,250.1
JFL,12/22/2019,199.0,200.0,198.0,198.0,0.0,2097.0,492.0,250.1
JFL,12/23/2019,201.0,201.0,197.0,200.0,1.01,2250.0,492.0,250.1
JFL,12/24/2019,204.0,204.0,196.0,196.0,-2.0,7780.0,492.0,250.1
JFL,12/25/2019,199.0,199.0,196.0,196.0,0.0,1690.0,492.0,250.1
JFL,12/26/2019,199.0,199.0,197.0,197.0,0.51,3230.0,492.0,250.1
JFL,12/29/2019,199.0,200.0,197.0,199.0,1.02,9395.0,492.0,250.1
JFL,12/30/2019,160.0,162.0,157.0,162.0,-18.59,1241.0,492.0,250.1
JFL,12/31/2019,165.0,165.0,162.0,162.0,0.0,275.0,492.0,250.1
JFL,1/1/2020,163.0,163.0,162.0,162.0,0.0,560.0,492.0,250.1
JFL,1/2/2020,162.0,162.0,160.0,162.0,0.0,850.0,492.0,250.1
JFL,1/5/2020,164.0,165.0,162.0,162.0,0.0,1128.0,492.0,250.1
JFL,1/6/2020,162.0,162.0,161.0,161.0,-0.62,964.0,492.0,250.1
JFL,1/7/2020,159.0,163.0,159.0,163.0,1.24,1709.0,492.0,250.1
JFL,1/8/2020,166.0,166.0,161.0,161.0,-1.23,1068.0,492.0,250.1
JFL,1/9/2020,158.0,163.0,158.0,163.0,1.24,433.0,492.0,250.1
JFL,1/12/2020,163.0,168.0,163.0,168.0,3.07,2725.0,492.0,250.1
JFL,1/13/2020,170.0,173.0,170.0,173.0,2.98,1380.0,492.0,250.1
JFL,1/14/2020,175.0,175.0,170.0,170.0,-1.73,1640.0,492.0,250.1
JFL,1/15/2020,170.0,177.0,170.0,173.0,1.76,2169.0,492.0,250.1
JFL,1/16/2020,176.0,180.0,175.0,180.0,4.05,3340.0,492.0,250.1
JFL,1/19/2020,180.0,198.0,180.0,198.0,10.0,13652.0,492.0,250.1
JFL,1/20/2020,201.0,201.0,185.0,185.0,-6.57,2650.0,492.0,250.1
JFL,1/21/2020,182.0,189.0,182.0,189.0,2.16,2213.0,492.0,250.1
JFL,1/22/2020,187.0,187.0,183.0,184.0,-2.65,1596.0,492.0,250.1
JFL,1/23/2020,187.0,187.0,180.0,187.0,1.63,6382.0,492.0,250.1
JFL,1/26/2020,190.0,190.0,169.0,171.0,-8.56,3038.0,492.0,250.1
JFL,1/27/2020,174.0,180.0,174.0,180.0,5.26,2262.0,492.0,250.1
JFL,1/28/2020,183.0,185.0,179.0,183.0,1.67,2330.0,492.0,250.1
JFL,1/29/2020,186.0,189.0,184.0,184.0,0.55,1907.0,492.0,250.1
JFL,1/30/2020,184.0,190.0,184.0,190.0,3.26,1508.0,492.0,250.1
JFL,2/2/2020,192.0,192.0,189.0,190.0,0.0,1530.0,492.0,250.1
JFL,2/3/2020,190.0,190.0,184.0,190.0,0.0,1391.0,492.0,250.1
JFL,2/4/2020,187.0,187.0,184.0,184.0,-3.16,358.0,492.0,250.1
JFL,2/5/2020,187.0,187.0,179.0,187.0,1.63,4650.0,492.0,250.1
JFL,2/6/2020,185.0,185.0,181.0,181.0,-3.21,2600.0,492.0,250.1
JFL,2/9/2020,183.0,183.0,178.0,178.0,-1.66,120.0,492.0,250.1
JFL,2/10/2020,181.0,181.0,176.0,176.0,-1.12,2860.0,492.0,250.1
JFL,2/11/2020,179.0,183.0,179.0,183.0,3.98,1562.0,492.0,250.1
JFL,2/12/2020,180.0,180.0,177.0,178.0,-2.73,3431.0,492.0,250.1
JFL,2/13/2020,178.0,180.0,178.0,179.0,0.56,864.0,492.0,250.1
JFL,2/16/2020,176.0,179.0,170.0,170.0,-5.03,9600.0,492.0,250.1
JFL,2/17/2020,173.0,182.0,173.0,177.0,4.12,3276.0,492.0,250.1
JFL,2/18/2020,177.0,183.0,177.0,178.0,0.56,3294.0,492.0,250.1
JFL,2/19/2020,181.0,181.0,176.0,176.0,-1.12,800.0,492.0,250.1
JFL,2/20/2020,178.0,178.0,175.0,178.0,1.14,6349.0,492.0,250.1
JFL,2/23/2020,180.0,190.0,178.0,189.0,6.18,7446.0,492.0,250.1
JFL,2/24/2020,192.0,201.0,186.0,189.0,0.0,7032.0,492.0,250.1
JFL,2/25/2020,186.0,189.0,185.0,189.0,0.0,1064.0,492.0,250.1
JFL,2/26/2020,192.0,195.0,188.0,189.0,0.0,4580.0,492.0,250.1
JFL,2/27/2020,189.0,193.0,189.0,189.0,0.0,5844.0,492.0,250.1
JFL,3/1/2020,186.0,191.0,186.0,190.0,0.53,5715.0,492.0,250.1
JFL,3/2/2020,187.0,187.0,181.0,181.0,-4.74,4250.0,492.0,250.1
JFL,3/3/2020,178.0,181.0,177.0,177.0,-2.21,3231.0,492.0,250.1
JFL,3/4/2020,177.0,180.0,176.0,176.0,-0.56,1620.0,492.0,250.1
JFL,3/5/2020,175.0,178.0,174.0,175.0,-0.57,2729.0,492.0,250.1
JFL,3/10/2020,174.0,174.0,172.0,172.0,-1.71,887.0,492.0,250.1
JFL,3/11/2020,171.0,183.0,168.0,180.0,4.65,4888.0,492.0,250.1
JFL,3/12/2020,179.0,179.0,172.0,172.0,-4.44,6195.0,492.0,250.1
JFL,3/15/2020,172.0,172.0,168.0,168.0,-2.33,5474.0,492.0,250.1
JFL,3/16/2020,170.0,173.0,167.0,170.0,1.19,380.0,492.0,250.1
JFL,3/17/2020,173.0,173.0,167.0,169.0,-0.59,1827.0,492.0,250.1
JFL,3/18/2020,169.0,170.0,163.0,169.0,0.0,2686.0,492.0,250.1
JFL,3/19/2020,166.0,167.0,164.0,166.0,-1.78,3879.0,492.0,250.1
JFL,6/29/2020,165.0,165.0,165.0,165.0,-0.6,10.0,492.0,250.1
JFL,7/2/2020,165.0,165.0,162.0,162.0,-1.82,110.0,492.0,250.1
JFL,7/5/2020,165.0,165.0,154.0,157.0,-3.09,2234.0,492.0,250.1
JFL,7/6/2020,158.0,159.0,154.0,156.0,-0.64,4363.0,492.0,250.1
JFL,7/7/2020,153.0,159.0,153.0,157.0,0.64,5882.0,492.0,250.1
JFL,7/8/2020,155.0,156.0,154.0,154.0,-1.91,4656.0,492.0,250.1
JFL,7/9/2020,155.0,156.0,154.0,154.0,0.0,4607.0,492.0,250.1
JFL,7/12/2020,156.0,159.0,154.0,156.0,1.3,2359.0,492.0,250.1
JFL,7/13/2020,155.0,160.0,155.0,157.0,0.64,1208.0,492.0,250.1
JFL,7/14/2020,159.0,163.0,159.0,162.0,3.18,2697.0,492.0,250.1
JFL,7/15/2020,162.0,162.0,161.0,162.0,0.0,1100.0,492.0,250.1
JFL,7/16/2020,163.0,170.0,161.0,170.0,4.94,4950.0,492.0,250.1
JFL,7/20/2020,173.0,178.0,173.0,175.0,2.94,3518.0,492.0,250.1
JFL,7/21/2020,174.0,174.0,171.0,171.0,-2.29,1150.0,492.0,250.1
JFL,7/22/2020,168.0,168.0,165.0,167.0,-2.34,1502.0,492.0,250.1
JFL,7/23/2020,170.0,170.0,164.0,165.0,-1.2,508.0,492.0,250.1
JFL,7/26/2020,164.0,172.0,164.0,170.0,3.03,3081.0,492.0,250.1
JFL,7/27/2020,170.0,172.0,170.0,170.0,0.0,816.0,492.0,250.1
JFL,7/28/2020,170.0,171.0,167.0,170.0,0.0,968.0,492.0,250.1
JFL,7/29/2020,169.0,170.0,166.0,166.0,-2.35,277.0,492.0,250.1
JFL,7/30/2020,166.0,168.0,165.0,168.0,1.2,1165.0,492.0,250.1
JFL,8/2/2020,166.0,168.0,165.0,165.0,-1.79,1706.0,492.0,250.1
JFL,8/3/2020,163.0,167.0,162.0,167.0,1.21,1860.0,492.0,250.1
JFL,8/5/2020,169.0,169.0,164.0,165.0,-1.2,2224.0,492.0,250.1
JFL,8/6/2020,164.0,164.0,163.0,164.0,-0.61,1153.0,492.0,250.1
JFL,8/9/2020,165.0,167.0,165.0,166.0,1.22,3954.0,492.0,250.1
JFL,8/10/2020,169.0,169.0,160.0,162.0,-2.41,9089.0,492.0,250.1
JFL,8/11/2020,164.0,165.0,163.0,163.0,0.62,3077.0,492.0,250.1
JFL,8/12/2020,163.0,164.0,160.0,164.0,0.61,3858.0,492.0,250.1
JFL,8/13/2020,165.0,167.0,162.0,162.0,-1.22,2724.0,492.0,250.1
JFL,8/16/2020,160.0,162.0,159.0,162.0,0.0,3375.0,492.0,250.1
JFL,8/17/2020,161.0,161.0,160.0,161.0,-0.62,1231.0,492.0,250.1
JFL,8/18/2020,163.0,164.0,160.0,160.0,-0.62,3077.0,492.0,250.1
JFL,8/19/2020,160.0,163.0,159.0,160.0,0.0,4439.0,492.0,250.1
JFL,8/20/2020,160.0,160.0,160.0,160.0,0.0,400.0,492.0,250.1
JFL,8/23/2020,162.0,163.0,160.0,163.0,1.88,802.0,492.0,250.1
JFL,8/24/2020,160.0,165.0,160.0,165.0,1.23,1139.0,492.0,250.1
JFL,8/25/2020,166.0,166.0,163.0,164.0,-0.61,934.0,492.0,250.1
JFL,8/26/2020,167.0,167.0,161.0,167.0,1.83,4774.0,492.0,250.1
JFL,8/27/2020,170.0,170.0,164.0,164.0,-1.8,1776.0,492.0,250.1
JFL,8/30/2020,162.0,166.0,161.0,163.0,-0.61,1291.0,492.0,250.1
JFL,8/31/2020,166.0,166.0,163.0,163.0,0.0,2338.0,492.0,250.1
JFL,9/2/2020,166.0,170.0,165.0,167.0,2.45,6777.0,492.0,250.1
JFL,9/3/2020,167.0,170.0,167.0,168.0,0.6,3774.0,492.0,250.1
JFL,9/6/2020,170.0,177.0,168.0,170.0,1.19,9232.0,492.0,250.1
JFL,9/7/2020,167.0,168.0,166.0,166.0,-2.35,1775.0,492.0,250.1
JFL,9/8/2020,166.0,170.0,166.0,170.0,2.41,6854.0,492.0,250.1
JFL,9/9/2020,169.0,169.0,167.0,167.0,-1.76,3524.0,492.0,250.1
JFL,9/10/2020,169.0,175.0,167.0,172.0,2.99,7523.0,492.0,250.1
JFL,9/13/2020,173.0,178.0,169.0,171.0,-0.58,10660.0,492.0,250.1
JFL,9/14/2020,172.0,173.0,170.0,173.0,1.17,4557.0,492.0,250.1
JFL,9/15/2020,174.0,174.0,171.0,173.0,0.0,2549.0,492.0,250.1
JFL,9/16/2020,172.0,179.0,172.0,178.0,2.89,6892.0,492.0,250.1
JFL,9/17/2020,180.0,192.0,179.0,190.0,6.74,32773.0,492.0,250.1
JFL,9/20/2020,199.0,204.0,195.0,195.0,2.63,28564.0,492.0,250.1
JFL,9/21/2020,195.0,200.0,187.0,188.0,-3.59,26338.0,492.0,250.1
JFL,9/22/2020,190.0,193.0,184.0,184.0,-2.13,28564.0,492.0,250.1
JFL,9/23/2020,186.0,192.0,184.0,188.0,2.17,18855.0,492.0,250.1
JFL,9/24/2020,186.0,192.0,186.0,190.0,1.06,8573.0,492.0,250.1
JFL,9/27/2020,193.0,203.0,193.0,200.0,5.26,35809.0,492.0,250.1
JFL,9/28/2020,208.0,208.0,200.0,200.0,0.0,28908.0,492.0,250.1
JFL,9/29/2020,200.0,204.0,200.0,202.0,1.0,17261.0,492.0,250.1
JFL,9/30/2020,204.0,204.0,199.0,200.0,-0.99,16532.0,492.0,250.1
JFL,10/1/2020,200.0,203.0,198.0,200.0,0.0,15967.0,492.0,250.1
JFL,10/4/2020,204.0,207.0,201.0,203.0,1.5,17610.0,492.0,250.1
JFL,10/5/2020,202.0,205.0,199.0,199.0,-1.97,11830.0,492.0,250.1
JFL,10/6/2020,199.0,201.0,199.0,200.0,0.5,15613.0,492.0,250.1
JFL,10/7/2020,204.0,212.0,201.0,209.0,4.5,32546.0,492.0,250.1
JFL,10/8/2020,213.0,218.0,213.0,215.0,2.87,53871.0,492.0,250.1
JFL,10/11/2020,217.0,235.0,215.0,229.0,6.51,86698.0,492.0,250.1
JFL,10/12/2020,230.0,230.0,218.0,220.0,-3.93,24689.0,492.0,250.1
JFL,10/13/2020,224.0,227.0,215.0,218.0,-0.91,22045.0,492.0,250.1
JFL,10/14/2020,214.0,218.0,212.0,217.0,-0.46,15410.0,492.0,250.1
JFL,10/15/2020,227.0,227.0,211.0,215.0,-0.92,8635.0,492.0,250.1
JFL,10/18/2020,217.0,217.0,211.0,211.0,-1.86,14040.0,492.0,250.1
JFL,10/19/2020,210.0,217.0,210.0,215.0,1.9,6285.0,492.0,250.1
JFL,10/20/2020,214.0,217.0,211.0,215.0,0.0,19432.0,492.0,250.1
JFL,10/21/2020,219.0,219.0,213.0,215.0,0.0,8498.0,492.0,250.1
JFL,10/22/2020,215.0,219.0,214.0,217.0,0.93,9042.0,492.0,250.1
JFL,10/28/2020,214.0,221.0,214.0,220.0,1.38,6993.0,492.0,250.1
JFL,10/29/2020,222.0,225.0,218.0,220.0,0.0,9506.0,492.0,250.1
JFL,11/1/2020,219.0,223.0,218.0,219.0,-0.45,6720.0,492.0,250.1
JFL,11/2/2020,229.0,229.0,217.0,219.0,0.0,17200.0,492.0,250.1
JFL,11/3/2020,220.0,222.0,218.0,220.0,0.46,7710.0,492.0,250.1
JFL,11/4/2020,220.0,221.0,217.0,219.0,-0.45,15139.0,492.0,250.1
JFL,11/5/2020,223.0,224.0,219.0,221.0,0.91,22224.0,492.0,250.1
JFL,11/8/2020,225.0,229.0,218.0,221.0,0.0,27975.0,492.0,250.1
JFL,11/9/2020,226.0,226.0,219.0,220.0,-0.45,29908.0,492.0,250.1
JFL,11/10/2020,220.0,230.0,220.0,226.0,2.73,52737.0,492.0,250.1
JFL,11/11/2020,228.0,234.0,225.0,230.0,1.77,31850.0,492.0,250.1
JFL,11/12/2020,227.0,231.0,225.0,225.0,-2.17,33641.0,492.0,250.1
JFL,11/18/2020,229.0,230.0,223.0,224.0,-0.44,24797.0,492.0,250.1
JFL,11/19/2020,228.0,230.0,225.0,228.0,1.79,22975.0,492.0,250.1
JFL,11/22/2020,232.0,250.0,229.0,249.0,9.21,114119.0,492.0,250.1
JFL,11/23/2020,261.0,266.0,256.0,264.0,6.02,57451.0,492.0,250.1
JFL,11/24/2020,264.0,269.0,244.0,257.0,-2.65,29566.0,492.0,250.1
JFL,11/25/2020,253.0,260.0,250.0,258.0,0.39,18671.0,492.0,250.1
JFL,11/26/2020,260.0,260.0,241.0,250.0,-3.1,33444.0,492.0,250.1
JFL,11/29/2020,250.0,250.0,244.0,248.0,-0.8,39627.0,492.0,250.1
JFL,11/30/2020,252.0,257.0,246.0,249.0,0.4,32299.0,492.0,250.1
JFL,12/1/2020,246.0,258.0,242.0,245.0,-1.61,27222.0,492.0,250.1
JFL,12/2/2020,245.0,250.0,244.0,247.0,0.82,17086.0,492.0,250.1
JFL,12/3/2020,250.0,250.0,242.0,243.0,-1.62,10728.0,492.0,250.1
JFL,12/6/2020,239.0,241.0,235.0,235.0,-3.29,9406.0,492.0,250.1
JFL,12/7/2020,237.0,243.0,233.0,241.0,2.55,7042.0,492.0,250.1
JFL,12/8/2020,245.0,258.0,245.0,249.0,3.32,25402.0,492.0,250.1
JFL,12/9/2020,250.0,255.0,244.0,246.0,-1.2,15711.0,492.0,250.1
JFL,12/10/2020,249.0,249.0,235.0,240.0,-2.44,3980.0,492.0,250.1
JFL,12/13/2020,237.0,244.0,237.0,244.0,1.67,4142.0,492.0,250.1
JFL,12/14/2020,248.0,249.0,240.0,245.0,0.41,10900.0,492.0,250.1
JFL,12/15/2020,249.0,249.0,240.0,245.0,0.0,6184.0,492.0,250.1
JFL,12/16/2020,243.0,252.0,240.0,252.0,2.86,15185.0,492.0,250.1
JFL,12/17/2020,257.0,257.0,241.0,245.0,-2.78,6185.0,492.0,250.1
JFL,12/20/2020,241.0,245.0,225.0,225.0,-8.16,21307.0,492.0,250.1
JFL,12/21/2020,222.0,233.0,217.0,232.0,3.11,17329.0,492.0,250.1
JFL,12/22/2020,236.0,247.0,234.0,245.0,5.6,10993.0,492.0,250.1
JFL,12/23/2020,245.0,248.0,234.0,240.0,-2.04,10791.0,492.0,250.1
JFL,12/24/2020,240.0,242.0,236.0,240.0,0.0,3281.0,492.0,250.1
JFL,12/27/2020,243.0,244.0,235.0,236.0,-1.67,2805.0,492.0,250.1
JFL,12/28/2020,235.0,236.0,233.0,234.0,-0.85,2976.0,492.0,250.1
JFL,12/29/2020,235.0,236.0,234.0,236.0,0.85,1572.0,492.0,250.1
JFL,12/30/2020,232.0,234.0,232.0,234.0,-0.85,3136.0,492.0,250.1
JFL,12/31/2020,230.0,237.0,230.0,231.0,-1.28,7554.0,492.0,250.1
JFL,1/3/2021,228.0,237.0,225.0,231.0,0.0,37396.0,492.0,250.1
JFL,1/4/2021,235.0,254.0,235.0,254.0,9.96,34592.0,492.0,250.1
JFL,1/5/2021,266.0,275.0,251.0,259.0,1.97,54254.0,492.0,250.1
JFL,1/6/2021,260.0,260.0,252.0,257.0,-0.77,17875.0,492.0,250.1
JFL,1/7/2021,262.0,262.0,251.0,251.0,-2.33,21406.0,492.0,250.1
JFL,1/10/2021,255.0,259.0,253.0,259.0,3.19,12958.0,492.0,250.1
JFL,1/11/2021,264.0,264.0,253.0,253.0,-2.32,4448.0,492.0,250.1
JFL,1/12/2021,250.0,254.0,249.0,254.0,0.4,5811.0,492.0,250.1
JFL,1/13/2021,257.0,260.0,253.0,259.0,1.97,19487.0,492.0,250.1
JFL,1/17/2021,265.0,270.0,257.0,260.0,0.39,24884.0,492.0,250.1
JFL,1/18/2021,265.0,283.0,264.0,274.0,5.38,46278.0,492.0,250.1
JFL,1/19/2021,287.0,301.0,277.0,301.0,9.85,76837.0,492.0,250.1
JFL,1/20/2021,316.0,316.0,291.0,297.0,-1.33,17902.0,492.0,250.1
JFL,1/21/2021,302.0,311.0,295.0,299.0,0.67,26794.0,492.0,250.1
JFL,1/24/2021,304.0,306.0,286.0,290.0,-3.01,35153.0,492.0,250.1
JFL,1/25/2021,294.0,294.0,280.0,283.0,-2.41,22043.0,492.0,250.1
JFL,1/26/2021,283.0,287.0,279.0,280.0,-1.06,36571.0,492.0,250.1
JFL,1/27/2021,285.0,285.0,280.0,282.0,0.71,14936.0,492.0,250.1
JFL,1/28/2021,287.0,287.0,276.0,277.0,-1.77,13842.0,492.0,250.1
JFL,1/31/2021,277.0,277.0,255.0,264.0,-4.69,38146.0,492.0,250.1
JFL,2/1/2021,264.0,278.0,264.0,275.0,4.17,22884.0,492.0,250.1
JFL,2/2/2021,277.0,277.0,265.0,270.0,-1.82,14482.0,492.0,250.1
JFL,2/3/2021,272.0,272.0,266.0,269.0,-0.37,12183.0,492.0,250.1
JFL,2/4/2021,269.0,271.0,265.0,267.0,-0.74,14779.0,492.0,250.1
JFL,2/7/2021,267.0,268.0,263.0,263.0,-1.5,15932.0,492.0,250.1
JFL,2/8/2021,268.0,268.0,260.0,267.0,1.52,18764.0,492.0,250.1
JFL,2/9/2021,280.0,280.0,260.0,269.0,0.75,22402.0,492.0,250.1
JFL,2/10/2021,270.0,270.0,260.0,268.0,-0.37,13596.0,492.0,250.1
JFL,2/11/2021,271.0,275.0,267.0,270.0,0.75,26167.0,492.0,250.1
JFL,2/14/2021,272.0,274.0,267.0,270.0,0.0,10997.0,492.0,250.1
JFL,2/15/2021,270.0,275.0,270.0,272.0,0.74,13834.0,492.0,250.1
JFL,2/16/2021,272.0,273.0,264.0,265.0,-2.57,24280.0,492.0,250.1
JFL,2/17/2021,265.0,269.0,265.0,269.0,1.51,22156.0,492.0,250.1
JFL,2/18/2021,273.0,275.0,270.0,274.0,1.86,24748.0,492.0,250.1
JFL,2/21/2021,279.0,298.0,277.0,282.0,2.92,54388.0,492.0,250.1
JFL,2/22/2021,286.0,289.0,274.0,275.0,-2.48,19041.0,492.0,250.1
JFL,2/23/2021,280.0,284.0,265.0,274.0,-0.36,10501.0,492.0,250.1
JFL,2/24/2021,272.0,281.0,272.0,277.0,1.09,8331.0,492.0,250.1
JFL,2/25/2021,275.0,278.0,269.0,269.0,-2.89,5106.0,492.0,250.1
JFL,2/28/2021,270.0,270.0,264.0,264.0,-1.86,18098.0,492.0,250.1
JFL,3/1/2021,259.0,275.0,259.0,267.0,1.14,7745.0,492.0,250.1
JFL,3/2/2021,267.0,267.0,257.0,257.0,-3.75,14123.0,492.0,250.1
JFL,3/3/2021,262.0,262.0,252.0,256.0,-0.39,10108.0,492.0,250.1
JFL,3/4/2021,255.0,275.0,255.0,261.0,1.95,9947.0,492.0,250.1
JFL,3/7/2021,263.0,278.0,263.0,268.0,2.68,18218.0,492.0,250.1
JFL,3/9/2021,268.0,274.0,266.0,267.0,-0.37,5446.0,492.0,250.1
JFL,3/10/2021,270.0,270.0,265.0,267.0,0.0,2992.0,492.0,250.1
JFL,3/14/2021,262.0,267.0,260.0,262.0,-1.87,3253.0,492.0,250.1
JFL,3/15/2021,260.0,263.0,260.0,260.0,-0.76,2350.0,492.0,250.1
JFL,3/16/2021,260.0,263.0,258.0,260.0,0.0,5637.0,492.0,250.1
JFL,3/17/2021,263.0,270.0,263.0,265.0,1.92,7489.0,492.0,250.1
JFL,3/18/2021,266.0,271.0,265.0,271.0,2.26,13426.0,492.0,250.1
JFL,3/21/2021,269.0,270.0,247.0,265.0,-2.21,37893.0,492.0,250.1
JFL,3/22/2021,265.0,265.0,254.0,259.0,-2.26,15616.0,492.0,250.1
JFL,3/23/2021,256.0,261.0,256.0,260.0,0.39,4314.0,492.0,250.1
JFL,3/24/2021,257.0,261.0,255.0,256.0,-1.54,14864.0,492.0,250.1
JFL,3/25/2021,251.0,261.0,251.0,261.0,1.95,16715.0,492.0,250.1
JFL,3/29/2021,258.0,263.0,256.0,259.0,-0.77,9111.0,492.0,250.1
JFL,3/30/2021,261.0,261.0,256.0,260.0,0.39,7281.0,492.0,250.1
JFL,3/31/2021,260.0,261.0,257.0,258.0,-0.77,13184.0,492.0,250.1
JFL,4/1/2021,260.0,265.0,259.0,261.0,1.16,16591.0,492.0,250.1
JFL,4/4/2021,262.0,271.0,260.0,267.0,2.3,23143.0,492.0,250.1
JFL,4/5/2021,270.0,272.0,260.0,265.0,-0.75,6640.0,492.0,250.1
JFL,4/6/2021,268.0,269.0,263.0,268.0,1.13,16122.0,492.0,250.1
JFL,4/7/2021,281.0,281.0,266.0,266.0,-0.75,9245.0,492.0,250.1
JFL,4/8/2021,262.0,272.0,262.0,271.0,1.88,27266.0,492.0,250.1
JFL,4/12/2021,271.0,276.0,268.0,269.0,-0.74,13833.0,492.0,250.1
JFL,4/13/2021,271.0,273.0,269.0,270.0,0.37,15849.0,492.0,250.1
JFL,4/15/2021,274.0,279.0,270.0,273.0,1.11,28124.0,492.0,250.1
JFL,4/18/2021,275.0,279.0,266.0,271.0,-0.73,19983.0,492.0,250.1
JFL,4/19/2021,270.0,270.0,266.0,266.0,-1.85,8728.0,492.0,250.1
JFL,4/20/2021,264.0,278.0,264.0,269.0,1.13,11561.0,492.0,250.1
JFL,4/21/2021,282.0,282.0,265.0,265.0,-1.49,6214.0,492.0,250.1
JFL,4/22/2021,263.0,265.0,263.0,265.0,0.0,5815.0,492.0,250.1
JFL,4/25/2021,265.0,265.0,255.0,258.0,-2.64,14234.0,492.0,250.1
JFL,4/26/2021,253.0,255.0,244.0,246.0,-4.65,18284.0,492.0,250.1
JFL,4/27/2021,250.0,264.0,250.0,258.0,4.88,7967.0,492.0,250.1
JFL,4/28/2021,253.0,261.0,246.0,254.0,-1.55,8202.0,492.0,250.1
JFL,4/29/2021,250.0,258.0,249.0,258.0,1.57,2647.0,492.0,250.1
JFL,5/2/2021,260.0,280.0,253.0,275.0,6.59,20038.0,492.0,250.1
JFL,5/3/2021,280.0,280.0,265.0,266.0,-3.27,20600.0,492.0,250.1
JFL,5/4/2021,263.0,268.0,261.0,263.0,-1.13,16444.0,492.0,250.1
JFL,5/5/2021,262.0,272.0,262.0,263.0,0.0,4420.0,492.0,250.1
JFL,5/6/2021,260.0,263.0,260.0,262.0,-0.38,4692.0,492.0,250.1
JFL,5/9/2021,258.0,264.0,258.0,260.0,-0.76,2952.0,492.0,250.1
JFL,5/10/2021,265.0,270.0,262.0,264.0,1.54,7635.0,492.0,250.1
JFL,5/11/2021,266.0,268.0,263.0,263.0,-0.38,4182.0,492.0,250.1
JFL,5/12/2021,264.0,267.0,262.0,265.0,0.76,12035.0,492.0,250.1
JFL,5/13/2021,252.0,280.0,252.0,278.0,4.91,90985.0,492.0,250.1
JFL,5/16/2021,291.0,291.0,277.0,279.0,0.36,62298.0,492.0,250.1
JFL,5/17/2021,292.0,292.0,273.0,279.0,0.0,44364.0,492.0,250.1
JFL,5/18/2021,266.0,306.0,266.0,306.0,9.68,141794.0,492.0,250.1
JFL,5/19/2021,312.0,330.0,300.0,307.0,0.33,106406.0,492.0,250.1
JFL,5/20/2021,313.0,337.0,305.0,337.0,9.77,145865.0,492.0,250.1
JFL,5/23/2021,337.0,369.0,319.0,362.0,7.42,140763.0,492.0,250.1
JFL,5/24/2021,380.0,380.0,339.0,349.0,-3.59,110873.0,492.0,250.1
JFL,5/25/2021,339.0,350.0,337.0,341.0,-2.29,88584.0,492.0,250.1
JFL,5/27/2021,338.0,364.0,320.0,343.0,0.59,51773.0,492.0,250.1
JFL,5/30/2021,326.0,372.0,326.0,356.0,3.79,142731.0,492.0,250.1
JFL,5/31/2021,363.0,369.0,341.0,341.0,-4.21,91061.0,492.0,250.1
JFL,6/1/2021,345.0,363.0,339.0,353.0,3.52,85395.0,492.0,250.1
JFL,6/2/2021,360.0,388.0,348.0,388.0,9.92,209384.0,492.0,250.1
JFL,6/3/2021,407.0,426.0,382.0,393.0,1.29,175033.0,492.0,250.1
JFL,6/6/2021,393.0,393.0,369.0,382.0,-2.8,104096.0,492.0,250.1
JFL,6/7/2021,389.0,420.0,382.0,420.0,9.95,240757.0,492.0,250.1
JFL,6/8/2021,440.0,462.0,432.0,462.0,10.0,141956.0,492.0,250.1
JFL,6/9/2021,470.0,488.0,435.0,438.0,-5.19,144498.0,492.0,250.1
JFL,6/10/2021,459.0,459.0,420.0,454.0,3.65,133698.0,492.0,250.1
JFL,6/13/2021,454.0,499.0,442.0,499.0,9.91,226001.0,492.0,250.1
JFL,6/14/2021,498.0,547.0,482.0,496.0,-0.6,125967.0,492.0,250.1
JFL,6/15/2021,501.0,506.0,466.0,475.0,-4.23,86488.0,492.0,250.1
JFL,6/16/2021,474.0,474.0,428.0,450.0,-5.26,76902.0,492.0,250.1
JFL,6/17/2021,450.0,467.0,422.0,460.0,2.22,69637.0,492.0,250.1
JFL,6/20/2021,460.0,461.0,419.0,431.0,-6.3,30966.0,492.0,250.1
JFL,6/21/2021,439.0,439.0,391.0,400.0,-7.19,52580.0,492.0,250.1
JFL,6/22/2021,420.0,440.0,392.0,440.0,10.0,59973.0,492.0,250.1
JFL,6/23/2021,445.0,480.0,430.0,440.0,0.0,79808.0,492.0,250.1
JFL,6/24/2021,440.0,445.0,427.0,427.0,-2.95,31657.0,492.0,250.1
JFL,6/27/2021,423.0,434.0,418.0,420.0,-1.64,28538.0,492.0,250.1
JFL,6/28/2021,426.0,436.0,407.0,408.0,-2.86,29724.0,492.0,250.1
JFL,6/29/2021,408.0,410.0,395.0,397.0,-2.7,33418.0,492.0,250.1
JFL,6/30/2021,400.0,425.0,369.0,420.0,5.79,58302.0,492.0,250.1
JFL,7/1/2021,428.0,432.0,412.0,425.0,1.19,54173.0,492.0,250.1
JFL,7/4/2021,433.0,440.0,419.0,423.0,-0.47,47646.0,492.0,250.1
JFL,7/5/2021,417.0,426.0,409.0,414.0,-2.13,29468.0,492.0,250.1
JFL,7/6/2021,434.0,434.0,400.0,407.0,-1.69,14134.0,492.0,250.1
JFL,7/7/2021,415.0,415.0,400.0,401.0,-1.47,22197.0,492.0,250.1
JFL,7/8/2021,400.0,420.0,400.0,409.0,2.0,25341.0,492.0,250.1
JFL,7/11/2021,417.0,449.0,415.0,449.0,9.78,72701.0,492.0,250.1
JFL,7/12/2021,453.0,469.0,434.0,437.0,-2.67,94468.0,492.0,250.1
JFL,7/13/2021,440.0,464.0,430.0,460.0,5.26,96011.0,492.0,250.1
JFL,7/14/2021,467.0,484.0,459.0,476.0,3.48,101105.0,492.0,250.1
JFL,7/15/2021,481.0,484.0,470.0,477.0,0.21,57710.0,492.0,250.1
JFL,7/18/2021,486.0,498.0,480.2,482.0,1.05,65674.0,492.0,250.1
JFL,7/19/2021,490.3,499.0,473.0,475.0,-1.45,57571.0,492.0,250.1
JFL,7/20/2021,475.0,480.0,466.0,468.0,-1.47,56358.0,492.0,250.1
JFL,7/22/2021,475.0,485.0,469.0,480.0,2.56,63218.0,492.0,250.1
JFL,7/25/2021,489.6,528.0,485.0,515.0,7.29,133684.0,492.0,250.1
JFL,7/26/2021,525.0,566.5,505.0,566.5,10.0,302053.0,492.0,250.1
JFL,7/27/2021,555.2,623.1,544.0,623.0,9.97,167423.0,492.0,250.1
JFL,7/28/2021,635.0,647.7,597.0,636.0,2.09,174810.0,492.0,250.1
JFL,7/29/2021,636.0,649.0,601.0,601.0,-5.5,153392.0,492.0,250.1
JFL,8/1/2021,606.0,607.0,577.3,584.0,-2.83,122821.0,492.0,250.1
JFL,8/2/2021,595.0,624.0,587.0,596.0,2.05,106226.0,492.0,250.1
JFL,8/3/2021,596.0,605.0,594.0,596.2,0.03,34499.0,492.0,250.1
JFL,8/4/2021,600.0,622.0,585.0,611.0,2.48,146609.0,492.0,250.1
JFL,8/5/2021,615.0,665.0,615.0,647.0,5.89,217198.0,492.0,250.1
JFL,8/8/2021,655.5,682.0,647.0,660.0,2.01,163491.0,492.0,250.1
JFL,8/9/2021,673.2,680.0,645.0,658.0,-0.3,88966.0,492.0,250.1
JFL,8/10/2021,670.0,720.0,668.0,696.0,5.78,195913.0,492.0,250.1
JFL,8/11/2021,709.9,723.0,660.6,667.0,-4.17,114082.0,492.0,250.1
JFL,8/12/2021,680.0,695.0,653.7,679.0,1.8,90992.0,492.0,250.1
JFL,8/15/2021,665.5,721.0,628.0,650.0,-4.27,170719.0,492.0,250.1
JFL,8/16/2021,663.0,676.0,635.0,653.1,0.48,69516.0,492.0,250.1
JFL,8/17/2021,666.1,680.0,664.0,672.0,2.89,64301.0,492.0,250.1
JFL,8/18/2021,685.0,730.0,685.0,713.0,6.1,176563.0,492.0,250.1
JFL,8/19/2021,727.2,769.0,726.0,742.0,4.07,186235.0,492.0,250.1
JFL,8/24/2021,742.0,785.0,700.0,742.0,0.0,163558.0,492.0,250.1
JFL,8/25/2021,756.0,756.0,685.0,697.0,-6.06,151589.0,492.0,250.1
JFL,8/26/2021,697.0,766.0,697.0,744.0,6.74,150883.0,492.0,250.1
JFL,8/29/2021,758.8,818.4,745.0,796.0,6.99,416301.0,492.0,250.1
JFL,8/31/2021,811.9,836.0,782.0,802.0,0.75,191415.0,492.0,250.1
JFL,9/1/2021,807.0,815.0,771.0,780.0,-2.74,64672.0,492.0,250.1
JFL,9/2/2021,780.0,806.8,757.0,762.0,-2.31,149211.0,492.0,250.1
JFL,9/5/2021,747.0,755.0,685.8,685.8,-10.0,108716.0,492.0,250.1
JFL,9/6/2021,686.0,754.3,646.0,754.3,9.99,99550.0,492.0,250.1
JFL,9/7/2021,769.3,769.3,715.0,735.0,-2.56,52326.0,492.0,250.1
JFL,9/8/2021,720.3,734.7,693.5,712.0,-3.13,45540.0,492.0,250.1
JFL,9/9/2021,710.0,724.0,705.0,708.5,-0.49,53071.0,492.0,250.1
JFL,9/12/2021,722.0,750.0,710.0,740.0,4.45,66497.0,492.0,250.1
JFL,9/13/2021,750.0,773.0,735.0,749.0,1.22,136813.0,492.0,250.1
JFL,9/14/2021,760.0,760.0,728.0,730.0,-2.54,18240.0,492.0,250.1
JFL,9/15/2021,744.5,744.5,708.0,713.0,-2.33,21542.0,492.0,250.1
JFL,9/16/2021,699.0,699.0,660.0,673.5,-5.54,64415.0,492.0,250.1
JFL,9/20/2021,685.0,685.0,606.2,614.0,-8.83,66096.0,492.0,250.1
JFL,9/21/2021,602.0,648.0,567.0,594.0,-3.26,55938.0,492.0,250.1
JFL,9/22/2021,605.8,650.0,605.8,645.0,8.59,48483.0,492.0,250.1
JFL,9/23/2021,657.4,685.0,650.0,664.0,2.95,45348.0,492.0,250.1
JFL,9/26/2021,655.0,666.0,621.0,622.0,-6.33,52467.0,492.0,250.1
JFL,9/27/2021,610.0,620.0,580.0,581.0,-6.59,46457.0,492.0,250.1
JFL,9/28/2021,570.0,582.0,527.0,530.0,-8.78,45036.0,492.0,250.1
JFL,9/29/2021,535.0,583.0,509.2,573.0,8.11,36554.0,492.0,250.1
JFL,9/30/2021,584.0,585.0,541.0,546.1,-4.69,23282.0,492.0,250.1
JFL,10/3/2021,546.1,550.0,506.0,523.0,-4.23,25278.0,492.0,250.1
JFL,10/4/2021,533.0,533.0,493.2,504.1,-3.61,26397.0,492.0,250.1
JFL,10/5/2021,514.1,550.0,508.0,536.0,6.33,31368.0,492.0,250.1
JFL,10/6/2021,546.0,587.9,543.1,580.0,8.21,30383.0,492.0,250.1
JFL,10/10/2021,591.0,626.0,568.0,579.5,-0.09,48741.0,492.0,250.1
JFL,10/11/2021,568.0,585.0,558.0,585.0,0.95,22877.0,492.0,250.1
JFL,10/17/2021,596.6,596.7,576.0,594.0,1.54,7970.0,492.0,250.1
JFL,10/18/2021,582.2,582.2,562.0,569.9,-4.06,12188.0,492.0,250.1
JFL,10/19/2021,570.0,570.0,528.0,540.0,-5.25,24277.0,492.0,250.1
JFL,10/20/2021,550.8,573.0,550.8,570.0,5.56,22969.0,492.0,250.1
JFL,10/21/2021,572.0,581.0,551.0,551.0,-3.33,8718.0,492.0,250.1
JFL,10/24/2021,549.9,580.0,549.9,565.0,2.54,16566.0,492.0,250.1
JFL,10/25/2021,555.0,610.0,555.0,607.0,7.43,43873.0,492.0,250.1
JFL,10/26/2021,617.0,638.0,617.0,637.0,4.94,47813.0,492.0,250.1
JFL,10/27/2021,639.0,670.0,604.0,645.0,1.26,45028.0,492.0,250.1
JFL,10/28/2021,655.0,655.0,628.0,640.1,-0.76,21742.0,492.0,250.1
JFL,10/31/2021,640.0,670.0,630.1,660.0,3.11,35025.0,492.0,250.1
JFL,11/1/2021,660.0,678.0,637.0,640.0,-3.03,26481.0,492.0,250.1
JFL,11/2/2021,639.0,671.0,629.0,660.0,3.12,33453.0,492.0,250.1
JFL,11/3/2021,673.2,687.0,673.0,674.0,2.12,40488.0,492.0,250.1
JFL,11/8/2021,687.4,730.0,687.0,722.0,7.12,83850.0,492.0,250.1
JFL,11/9/2021,732.0,736.0,686.0,712.2,-1.36,124684.0,492.0,250.1
JFL,11/11/2021,698.0,730.0,682.0,690.0,-3.12,85396.0,492.0,250.1
JFL,11/14/2021,682.0,715.0,677.0,710.0,2.9,48149.0,492.0,250.1
JFL,11/15/2021,723.0,749.7,716.2,742.9,4.63,117518.0,492.0,250.1
JFL,11/16/2021,745.0,803.9,731.0,760.2,2.33,181021.0,492.0,250.1
JFL,11/17/2021,775.0,775.0,745.0,745.0,-2.0,82022.0,492.0,250.1
JFL,11/18/2021,730.1,757.0,716.0,720.0,-3.36,70336.0,492.0,250.1
JFL,11/21/2021,730.0,743.9,716.0,722.0,0.28,24335.0,492.0,250.1
JFL,11/22/2021,730.0,730.0,707.7,708.0,-1.94,23678.0,492.0,250.1
JFL,11/23/2021,709.0,716.9,671.3,700.0,-1.13,63289.0,492.0,250.1
JFL,11/24/2021,690.0,714.0,673.3,695.0,-0.71,28736.0,492.0,250.1
JFL,11/25/2021,708.0,723.0,695.0,709.0,2.01,20093.0,492.0,250.1
JFL,11/28/2021,695.0,698.0,670.0,671.1,-5.35,38224.0,492.0,250.1
JFL,11/29/2021,657.7,694.0,657.7,673.0,0.28,18153.0,492.0,250.1
JFL,11/30/2021,686.4,690.0,663.0,666.0,-1.04,23811.0,492.0,250.1
JFL,12/1/2021,679.3,689.0,670.0,685.5,2.93,19871.0,492.0,250.1
JFL,12/2/2021,692.0,692.0,653.0,657.0,-4.16,24912.0,492.0,250.1
JFL,12/5/2021,657.0,657.0,620.0,621.0,-5.48,18635.0,492.0,250.1
JFL,12/6/2021,609.0,640.0,588.0,635.0,2.25,28651.0,492.0,250.1
JFL,12/7/2021,642.2,655.0,610.0,611.0,-3.78,14325.0,492.0,250.1
JFL,12/8/2021,599.1,610.9,564.5,575.0,-5.89,21918.0,492.0,250.1
JFL,12/9/2021,565.0,590.0,562.0,578.0,0.52,17782.0,492.0,250.1
JFL,12/12/2021,579.8,585.0,525.0,525.0,-9.17,31701.0,492.0,250.1
JFL,12/13/2021,515.0,525.0,477.5,485.0,-7.62,40750.0,492.0,250.1
JFL,12/14/2021,494.7,530.0,494.7,530.0,9.28,15468.0,492.0,250.1
JFL,12/15/2021,540.6,583.0,510.0,510.0,-3.77,51544.0,492.0,250.1
JFL,12/16/2021,520.0,536.5,512.0,513.6,0.71,35576.0,492.0,250.1
JFL,12/20/2021,510.0,534.0,500.2,520.0,1.25,19030.0,492.0,250.1
JFL,12/21/2021,530.0,571.0,530.0,571.0,9.81,21484.0,492.0,250.1
JFL,12/22/2021,582.4,622.0,559.7,614.9,7.69,51964.0,492.0,250.1
JFL,12/23/2021,616.0,621.1,595.0,605.0,-1.61,33571.0,492.0,250.1
JFL,12/26/2021,616.0,616.0,600.0,600.0,-0.83,22270.0,492.0,250.1
JFL,12/27/2021,612.0,620.0,555.0,557.0,-7.17,44893.0,492.0,250.1
JFL,12/28/2021,547.0,584.0,538.0,584.0,4.85,34002.0,492.0,250.1
JFL,12/29/2021,585.0,595.6,574.0,583.0,-0.17,11922.0,492.0,250.1
JFL,1/2/2022,575.0,594.0,572.0,586.0,0.51,8566.0,492.0,250.1
JFL,1/3/2022,587.0,610.0,580.0,598.0,2.05,34660.0,492.0,250.1
JFL,1/4/2022,588.1,615.0,588.0,608.0,1.67,27374.0,492.0,250.1
JFL,1/5/2022,620.0,625.0,603.0,615.0,1.15,39191.0,492.0,250.1
JFL,1/6/2022,605.0,624.8,602.7,622.0,1.14,18178.0,492.0,250.1
JFL,1/9/2022,634.0,650.0,626.0,650.0,4.5,38032.0,492.0,250.1
JFL,1/10/2022,655.0,675.0,639.0,663.0,2.0,42619.0,492.0,250.1
JFL,1/11/2022,656.0,722.0,650.0,692.0,4.37,55894.0,492.0,250.1
JFL,1/12/2022,705.8,747.0,692.0,696.0,0.58,112620.0,492.0,250.1
JFL,1/13/2022,700.0,711.9,695.0,711.0,2.16,55739.0,492.0,250.1
JFL,1/16/2022,725.0,730.0,713.0,715.0,0.56,45612.0,492.0,250.1
JFL,1/17/2022,711.0,719.0,703.0,704.0,-1.54,31276.0,492.0,250.1
JFL,1/18/2022,717.0,717.0,675.0,675.0,-4.12,43017.0,492.0,250.1
JFL,1/19/2022,680.0,701.7,667.1,682.0,1.04,63542.0,492.0,250.1
JFL,1/20/2022,673.1,700.0,673.0,700.0,2.64,26274.0,492.0,250.1
JFL,1/23/2022,700.0,713.0,682.0,683.0,-2.43,19593.0,492.0,250.1
JFL,1/24/2022,683.0,683.0,639.0,654.0,-4.25,64146.0,492.0,250.1
JFL,1/25/2022,665.0,674.0,641.0,654.0,0.0,32169.0,492.0,250.1
JFL,1/26/2022,644.0,667.0,641.0,648.0,-0.92,27651.0,492.0,250.1
JFL,1/27/2022,660.0,665.0,651.1,659.0,1.7,21938.0,492.0,250.1
JFL,1/30/2022,672.0,703.0,672.0,701.0,6.37,57610.0,492.0,250.1
JFL,1/31/2022,710.0,710.0,685.0,685.0,-2.28,32633.0,492.0,250.1
JFL,2/1/2022,694.4,700.0,682.0,692.1,1.04,24380.0,492.0,250.1
JFL,2/3/2022,705.0,710.0,690.9,692.0,-0.01,47288.0,492.0,250.1
JFL,2/6/2022,695.0,696.0,675.0,677.1,-2.15,45156.0,492.0,250.1
JFL,2/7/2022,600.5,600.5,589.0,595.0,-12.13,25058.0,492.0,250.1
JFL,2/8/2022,606.9,631.0,590.2,590.2,-0.81,33397.0,492.0,250.1
JFL,2/9/2022,599.0,599.0,566.5,576.0,-2.41,16666.0,492.0,250.1
JFL,2/10/2022,585.9,585.9,560.0,575.5,-0.09,19475.0,492.0,250.1
JFL,2/13/2022,564.0,566.0,540.0,544.0,-5.47,31246.0,492.0,250.1
JFL,2/14/2022,554.0,554.0,530.0,540.0,-0.74,26693.0,492.0,250.1
JFL,2/15/2022,542.0,559.0,540.0,557.0,3.15,15890.0,492.0,250.1
JFL,2/16/2022,559.0,565.0,550.0,554.6,-0.43,8722.0,492.0,250.1
JFL,2/17/2022,547.0,562.0,547.0,555.0,0.07,9457.0,492.0,250.1
JFL,2/20/2022,554.6,554.6,533.1,536.0,-3.42,18488.0,492.0,250.1
JFL,2/21/2022,542.5,544.0,534.1,540.2,0.78,8820.0,492.0,250.1
JFL,2/22/2022,550.9,556.0,545.0,545.2,0.93,10911.0,492.0,250.1
JFL,2/23/2022,556.0,563.0,545.0,546.0,0.15,8660.0,492.0,250.1
JFL,2/24/2022,555.0,555.0,528.0,534.0,-2.2,16453.0,492.0,250.1
JFL,2/27/2022,524.0,535.0,524.0,528.0,-1.12,7345.0,492.0,250.1
JFL,2/28/2022,538.0,538.0,508.0,509.0,-3.6,10207.0,492.0,250.1
JFL,3/2/2022,502.0,506.1,484.0,490.1,-3.71,16524.0,492.0,250.1
JFL,3/6/2022,495.0,499.9,485.0,492.0,0.39,9776.0,492.0,250.1
JFL,3/7/2022,498.0,498.0,488.0,489.2,-0.57,6247.0,492.0,250.1
JFL,3/9/2022,485.0,490.0,460.0,470.0,-3.92,9803.0,492.0,250.1
JFL,3/10/2022,461.1,495.5,461.0,494.9,5.3,15036.0,492.0,250.1
JFL,3/13/2022,502.0,520.0,502.0,519.0,4.87,19858.0,492.0,250.1
JFL,3/14/2022,526.0,529.3,510.0,521.0,0.39,5159.0,492.0,250.1
JFL,3/15/2022,520.0,520.0,511.0,515.0,-1.15,6246.0,492.0,250.1
JFL,3/16/2022,525.0,525.0,510.0,512.0,-0.58,6468.0,492.0,250.1
JFL,3/20/2022,519.0,519.0,505.0,508.0,-0.78,4556.0,492.0,250.1
JFL,3/21/2022,507.0,529.9,498.1,525.1,3.37,8077.0,492.0,250.1
JFL,3/22/2022,526.0,535.0,519.4,519.4,-1.09,7875.0,492.0,250.1
JFL,3/23/2022,520.0,520.0,509.0,511.0,-1.62,5052.0,492.0,250.1
JFL,3/24/2022,503.5,518.0,500.0,503.5,-1.47,9578.0,492.0,250.1
JFL,3/27/2022,505.0,505.0,481.0,487.2,-3.24,9926.0,492.0,250.1
JFL,3/28/2022,485.0,506.8,471.0,477.0,-2.09,7503.0,492.0,250.1
JFL,3/29/2022,478.0,486.5,470.0,472.2,-1.01,7408.0,492.0,250.1
JFL,3/30/2022,471.0,489.6,470.0,489.6,3.68,11546.0,492.0,250.1
JFL,3/31/2022,490.0,498.0,470.1,474.0,-3.19,5213.0,492.0,250.1
JFL,4/3/2022,465.1,477.3,465.0,476.8,0.59,9648.0,492.0,250.1
JFL,4/4/2022,486.3,486.3,469.0,469.0,-1.64,4681.0,492.0,250.1
JFL,4/5/2022,460.0,474.0,450.0,465.0,-0.85,12027.0,492.0,250.1
JFL,4/6/2022,455.8,465.0,446.6,456.0,-1.94,5650.0,492.0,250.1
JFL,4/7/2022,456.0,470.9,451.1,460.0,0.88,15229.0,492.0,250.1
JFL,4/11/2022,467.2,476.5,430.0,446.0,-3.04,18522.0,492.0,250.1
JFL,4/12/2022,441.0,441.0,430.0,431.0,-3.36,10318.0,492.0,250.1
JFL,4/13/2022,426.0,442.0,418.0,437.0,1.39,6840.0,492.0,250.1
JFL,4/17/2022,438.0,442.6,417.0,419.0,-4.12,9459.0,492.0,250.1
JFL,4/18/2022,419.0,422.0,404.0,404.0,-3.58,6199.0,492.0,250.1
JFL,4/19/2022,404.0,412.0,396.0,400.0,-0.99,4975.0,492.0,250.1
JFL,4/20/2022,408.0,408.0,376.0,379.0,-5.25,11392.0,492.0,250.1
JFL,4/21/2022,372.0,383.9,365.0,377.0,-0.53,10503.0,492.0,250.1
JFL,4/24/2022,384.5,414.7,382.0,414.7,10.0,11106.0,492.0,250.1
JFL,4/25/2022,422.9,436.5,410.0,417.0,0.55,19097.0,492.0,250.1
JFL,4/26/2022,425.3,425.3,412.0,416.0,-0.24,7972.0,492.0,250.1
JFL,4/27/2022,408.0,432.0,408.0,427.0,2.64,6007.0,492.0,250.1
JFL,4/28/2022,422.0,434.0,412.1,412.1,-3.49,6573.0,492.0,250.1
JFL,5/2/2022,403.9,405.0,394.0,396.0,-3.91,6551.0,492.0,250.1
JFL,5/4/2022,396.0,402.0,385.0,385.0,-2.78,4668.0,492.0,250.1
JFL,5/5/2022,379.0,385.0,363.0,369.0,-4.16,10058.0,492.0,250.1
JFL,5/8/2022,372.0,393.0,365.1,387.0,4.88,5544.0,492.0,250.1
JFL,5/9/2022,388.0,414.0,388.0,395.2,2.12,11689.0,492.0,250.1
JFL,5/10/2022,395.0,411.0,395.0,410.0,3.74,6722.0,492.0,250.1
JFL,5/11/2022,410.0,433.0,408.0,431.0,5.12,8095.0,492.0,250.1
JFL,5/12/2022,431.0,446.0,419.0,427.0,-0.93,14646.0,492.0,250.1
JFL,5/17/2022,418.6,423.0,395.0,395.0,-7.49,12348.0,492.0,250.1
JFL,5/18/2022,389.0,419.0,381.3,407.0,3.04,4883.0,492.0,250.1
JFL,5/19/2022,413.9,413.9,391.1,392.0,-3.69,4496.0,492.0,250.1
JFL,5/20/2022,399.8,400.0,390.0,393.0,0.26,7075.0,492.0,250.1
JFL,5/23/2022,390.0,390.6,383.0,385.0,-2.04,5820.0,492.0,250.1
JFL,5/24/2022,379.0,408.0,379.0,396.9,3.09,2756.0,492.0,250.1
JFL,5/25/2022,404.8,410.0,395.0,399.0,0.53,3634.0,492.0,250.1
JFL,5/26/2022,404.8,405.0,399.0,399.0,0.0,3408.0,492.0,250.1
JFL,5/27/2022,393.1,400.0,385.0,395.0,-1.0,6945.0,492.0,250.1
JFL,5/30/2022,402.9,405.0,383.0,387.0,-2.03,1910.0,492.0,250.1
JFL,5/31/2022,387.0,400.0,381.0,383.0,-1.03,5595.0,492.0,250.1
JFL,6/1/2022,390.6,398.4,384.1,389.0,1.57,2815.0,492.0,250.1
JFL,6/2/2022,392.0,392.0,380.0,384.0,-1.29,6558.0,492.0,250.1
JFL,6/3/2022,391.0,391.0,379.0,380.0,-1.04,7222.0,492.0,250.1
JFL,6/6/2022,382.1,389.0,382.1,383.0,0.79,6039.0,492.0,250.1
JFL,6/7/2022,381.0,386.0,375.0,375.0,-2.09,6071.0,492.0,250.1
JFL,6/8/2022,382.5,397.0,375.1,392.0,4.53,6035.0,492.0,250.1
JFL,6/9/2022,392.0,399.8,379.0,385.0,-1.79,7106.0,492.0,250.1
JFL,6/10/2022,378.0,382.0,375.3,375.4,-2.49,2952.0,492.0,250.1
JFL,6/13/2022,370.0,377.0,370.0,371.0,-1.17,1378.0,492.0,250.1
JFL,6/14/2022,377.9,377.9,363.7,365.0,-1.62,3111.0,492.0,250.1
JFL,6/15/2022,358.0,372.3,352.0,355.0,-2.74,5940.0,492.0,250.1
JFL,6/16/2022,348.0,378.0,348.0,357.0,0.56,5005.0,492.0,250.1
JFL,6/17/2022,364.1,371.3,350.0,350.0,-1.96,2949.0,492.0,250.1
JFL,6/19/2022,351.0,353.0,343.0,343.0,-2.0,6599.0,492.0,250.1
JFL,6/20/2022,337.0,338.0,330.0,336.0,-2.04,3444.0,492.0,250.1
JFL,6/21/2022,340.0,355.9,340.0,353.0,5.06,4390.0,492.0,250.1
JFL,6/22/2022,346.0,354.0,340.0,346.0,-1.98,4708.0,492.0,250.1
JFL,6/23/2022,340.0,340.0,319.0,325.3,-5.98,7898.0,492.0,250.1
JFL,6/24/2022,319.0,335.9,305.0,326.0,0.22,7144.0,492.0,250.1
JFL,6/26/2022,332.0,350.0,332.0,347.3,6.53,12685.0,492.0,250.1
JFL,6/27/2022,354.0,360.0,336.2,341.0,-1.81,8746.0,492.0,250.1
JFL,6/28/2022,334.2,343.0,329.3,335.0,-1.76,4946.0,492.0,250.1
JFL,6/29/2022,335.0,344.0,333.0,343.0,2.39,7147.0,492.0,250.1
JFL,6/30/2022,349.8,375.0,347.0,371.5,8.31,15767.0,492.0,250.1
JFL,7/1/2022,378.7,382.0,365.0,376.0,1.21,10480.0,492.0,250.1
JFL,7/3/2022,368.5,396.0,363.0,387.0,2.93,11142.0,492.0,250.1
JFL,7/4/2022,394.0,405.0,365.0,383.0,-1.03,33018.0,492.0,250.1
JFL,7/5/2022,377.0,390.0,364.0,370.0,-3.39,24516.0,492.0,250.1
JFL,7/6/2022,365.0,383.0,357.7,373.0,0.81,14097.0,492.0,250.1
JFL,7/7/2022,378.0,390.0,370.1,380.0,1.88,11431.0,492.0,250.1
JFL,7/8/2022,372.5,378.0,364.1,365.0,-3.95,4222.0,492.0,250.1
JFL,7/11/2022,357.7,357.7,340.0,341.1,-6.55,10472.0,492.0,250.1
JFL,7/12/2022,347.9,354.0,335.0,339.0,-0.62,10877.0,492.0,250.1
JFL,7/13/2022,345.7,365.0,345.7,364.7,7.58,7537.0,492.0,250.1
JFL,7/14/2022,369.0,375.5,360.0,370.0,1.45,9731.0,492.0,250.1
JFL,7/15/2022,363.0,375.0,363.0,372.0,0.54,6495.0,492.0,250.1
JFL,7/17/2022,365.0,380.0,365.0,368.0,-1.08,6865.0,492.0,250.1
JFL,7/18/2022,365.0,380.0,363.0,375.0,1.9,9483.0,492.0,250.1
JFL,7/19/2022,375.2,390.9,375.2,387.0,3.2,16735.0,492.0,250.1
JFL,7/20/2022,380.0,408.0,380.0,400.0,3.36,23614.0,492.0,250.1
JFL,7/21/2022,395.0,402.0,390.0,391.0,-2.25,9706.0,492.0,250.1
JFL,7/22/2022,391.0,391.0,378.3,380.0,-2.81,8167.0,492.0,250.1
JFL,7/24/2022,387.6,406.9,381.0,406.0,6.84,19173.0,492.0,250.1
JFL,7/25/2022,410.0,444.9,410.0,442.9,9.09,54249.0,492.0,250.1
JFL,7/26/2022,450.0,460.0,423.2,425.2,-4.0,46091.0,492.0,250.1
JFL,7/27/2022,425.0,467.7,417.0,467.7,10.0,111791.0,492.0,250.1
JFL,7/28/2022,477.0,505.0,460.6,485.0,3.7,53133.0,492.0,250.1
JFL,7/29/2022,485.0,527.0,482.0,498.0,2.68,29375.0,492.0,250.1
JFL,7/31/2022,507.9,507.9,483.0,487.0,-2.21,90071.0,492.0,250.1
JFL,8/1/2022,487.0,493.5,477.1,482.0,-1.03,38895.0,492.0,250.1
JFL,8/2/2022,474.0,495.0,471.0,483.5,0.31,17299.0,492.0,250.1
JFL,8/3/2022,493.0,498.0,476.1,483.0,-0.1,28819.0,492.0,250.1
JFL,8/4/2022,473.4,487.0,466.0,474.0,-1.86,36234.0,492.0,250.1
JFL,8/5/2022,482.8,482.8,447.0,455.0,-4.01,33073.0,492.0,250.1
JFL,8/7/2022,455.0,464.0,448.0,464.0,1.98,25851.0,492.0,250.1
JFL,8/8/2022,469.2,472.0,444.0,444.0,-4.31,18160.0,492.0,250.1
JFL,8/9/2022,440.0,459.0,425.0,426.0,-4.05,27767.0,492.0,250.1
JFL,8/10/2022,417.7,438.0,417.6,428.0,0.47,19167.0,492.0,250.1
JFL,8/11/2022,436.0,436.5,414.0,419.0,-2.1,8749.0,492.0,250.1
JFL,8/14/2022,412.0,420.2,398.3,399.0,-4.77,11619.0,492.0,250.1
JFL,8/15/2022,406.0,433.0,398.8,433.0,8.52,32920.0,492.0,250.1
JFL,8/16/2022,441.6,449.8,416.0,416.0,-3.93,26648.0,492.0,250.1
JFL,8/17/2022,419.0,428.0,410.0,417.0,0.24,13723.0,492.0,250.1
JFL,8/18/2022,425.3,435.0,419.0,427.0,2.4,19214.0,492.0,250.1
JFL,8/21/2022,435.5,444.0,417.5,422.0,-1.17,14272.0,492.0,250.1
JFL,8/22/2022,414.0,426.4,414.0,420.0,-0.47,9939.0,492.0,250.1
JFL,8/23/2022,414.0,429.9,414.0,418.9,-0.26,4847.0,492.0,250.1
JFL,8/24/2022,427.0,430.0,419.0,420.0,0.26,6175.0,492.0,250.1
JFL,8/25/2022,428.4,428.4,410.0,410.0,-2.38,10933.0,492.0,250.1
JFL,8/26/2022,401.9,405.0,395.1,403.5,-1.59,13629.0,492.0,250.1
JFL,8/28/2022,395.5,408.0,387.5,391.0,-3.1,23075.0,492.0,250.1
JFL,8/29/2022,383.2,405.0,383.2,397.5,1.66,9390.0,492.0,250.1
JFL,8/30/2022,398.0,405.4,393.5,395.0,-0.63,6801.0,492.0,250.1
JFL,8/31/2022,394.0,394.0,381.0,385.0,-2.53,7919.0,492.0,250.1
JFL,9/1/2022,391.0,396.0,379.0,389.9,1.27,4960.0,492.0,250.1
JFL,9/2/2022,382.2,403.0,382.2,390.0,0.03,4954.0,492.0,250.1
JFL,9/4/2022,397.8,402.9,390.0,391.0,0.26,7493.0,492.0,250.1
JFL,9/5/2022,395.0,395.0,390.2,391.0,0.0,2152.0,492.0,250.1
JFL,9/6/2022,388.1,388.1,381.1,385.0,-1.53,6127.0,492.0,250.1
JFL,9/7/2022,385.0,385.0,378.0,383.0,-0.52,3850.0,492.0,250.1
JFL,9/8/2022,382.0,393.0,382.0,389.0,1.57,4029.0,492.0,250.1
JFL,9/11/2022,382.0,391.0,382.0,383.0,-1.54,3372.0,492.0,250.1
JFL,9/12/2022,381.0,381.0,375.4,378.0,-1.31,3936.0,492.0,250.1
JFL,9/13/2022,384.0,397.0,382.0,386.0,2.12,6425.0,492.0,250.1
JFL,9/14/2022,392.9,410.0,390.0,410.0,6.22,17047.0,492.0,250.1
JFL,9/15/2022,414.0,415.0,381.0,383.1,-6.56,18383.0,492.0,250.1
JFL,9/16/2022,375.5,383.5,368.0,376.0,-1.85,3935.0,492.0,250.1
JFL,9/18/2022,375.0,376.0,358.0,358.0,-4.79,10160.0,492.0,250.1
JFL,9/20/2022,355.0,357.0,348.0,351.8,-1.73,6095.0,492.0,250.1
JFL,9/21/2022,358.8,371.0,355.0,360.0,2.33,5532.0,492.0,250.1
JFL,9/22/2022,360.0,360.0,350.0,353.0,-1.94,3342.0,492.0,250.1
JFL,9/25/2022,348.0,353.0,345.0,349.5,-0.99,6841.0,492.0,250.1
JFL,9/27/2022,349.5,362.0,349.0,354.0,1.29,4423.0,492.0,250.1
JFL,9/28/2022,350.0,355.0,349.0,351.0,-0.85,2701.0,492.0,250.1
JFL,9/29/2022,351.1,355.0,350.0,355.0,1.14,1970.0,492.0,250.1
JFL,10/9/2022,362.1,369.0,358.8,369.0,3.94,6170.0,492.0,250.1
JFL,10/10/2022,375.9,375.9,360.0,360.0,-2.44,8347.0,492.0,250.1
JFL,10/11/2022,355.1,355.1,350.0,352.0,-2.22,10056.0,492.0,250.1
JFL,10/12/2022,355.0,363.0,348.0,362.5,2.98,4876.0,492.0,250.1
JFL,10/13/2022,369.0,371.9,356.0,370.0,2.07,7028.0,492.0,250.1
JFL,10/16/2022,369.9,369.9,357.0,363.0,-1.89,2669.0,492.0,250.1
JFL,10/17/2022,363.0,363.0,355.8,355.8,-1.98,1480.0,492.0,250.1
JFL,10/19/2022,351.0,351.0,340.4,343.0,-3.6,4303.0,492.0,250.1
JFL,10/20/2022,348.9,349.0,338.2,346.8,1.11,3014.0,492.0,250.1
JFL,10/23/2022,345.0,350.0,345.0,350.0,0.92,1495.0,492.0,250.1
JFL,10/31/2022,350.4,350.4,340.0,350.0,0.0,2010.0,492.0,250.1
JFL,11/1/2022,350.0,370.0,350.0,368.0,5.14,7298.0,492.0,250.1
JFL,11/2/2022,374.0,375.0,361.0,366.0,-0.54,10496.0,492.0,250.1
JFL,11/3/2022,358.7,367.0,349.0,355.0,-3.01,12400.0,492.0,250.1
JFL,11/6/2022,355.0,369.0,352.0,368.0,3.66,11506.0,492.0,250.1
JFL,11/7/2022,370.0,375.1,358.0,360.0,-2.17,21055.0,492.0,250.1
JFL,11/8/2022,352.8,367.0,352.8,359.0,-0.28,3993.0,492.0,250.1
JFL,11/9/2022,352.0,362.0,344.0,350.0,-2.51,10700.0,492.0,250.1
JFL,11/10/2022,343.0,357.0,335.0,338.1,-3.4,12352.0,492.0,250.1
JFL,11/13/2022,332.2,345.0,332.2,340.0,0.56,1673.0,492.0,250.1
JFL,11/14/2022,334.0,350.0,334.0,350.0,2.94,3655.0,492.0,250.1
JFL,11/15/2022,344.0,355.0,340.1,343.0,-2.0,3688.0,492.0,250.1
JFL,11/16/2022,336.2,348.0,336.2,345.0,0.58,547.0,492.0,250.1
JFL,11/17/2022,339.0,355.9,339.0,353.0,2.32,5462.0,492.0,250.1
JFL,11/22/2022,360.0,375.0,360.0,375.0,6.23,37021.0,492.0,250.1
JFL,11/23/2022,367.7,396.0,367.7,396.0,5.6,26204.0,492.0,250.1
JFL,11/24/2022,388.1,397.9,385.0,390.0,-1.52,14669.0,492.0,250.1
JFL,11/27/2022,392.0,424.9,385.0,404.0,3.59,30438.0,492.0,250.1
JFL,11/28/2022,412.0,412.0,388.0,388.0,-3.96,18439.0,492.0,250.1
JFL,11/29/2022,380.5,400.0,380.4,399.0,2.84,20685.0,492.0,250.1
JFL,11/30/2022,391.1,397.0,390.0,391.1,-1.98,9703.0,492.0,250.1
JFL,12/1/2022,389.0,397.0,386.0,390.0,-0.28,9088.0,492.0,250.1
JFL,12/4/2022,383.0,395.9,383.0,390.0,0.0,5470.0,492.0,250.1
JFL,12/5/2022,396.5,396.5,373.0,376.0,-3.59,12997.0,492.0,250.1
JFL,12/6/2022,381.0,382.0,370.0,378.0,0.53,3887.0,492.0,250.1
JFL,12/7/2022,370.5,381.9,370.5,377.0,-0.26,4114.0,492.0,250.1
JFL,12/11/2022,369.5,372.0,364.2,364.2,-3.4,6029.0,492.0,250.1
JFL,12/12/2022,370.0,377.0,364.0,373.0,2.42,3217.0,492.0,250.1
JFL,12/13/2022,379.0,379.0,367.5,367.5,-1.47,2870.0,492.0,250.1
JFL,12/14/2022,374.8,389.0,365.2,375.0,2.04,1002.0,492.0,250.1
JFL,12/15/2022,380.5,380.5,364.1,373.0,-0.53,1082.0,492.0,250.1
JFL,12/18/2022,372.0,372.0,358.7,361.0,-3.22,8044.0,492.0,250.1
JFL,12/19/2022,368.0,374.0,359.1,359.5,-0.42,2475.0,492.0,250.1
JFL,12/20/2022,365.9,374.4,365.0,370.0,2.92,4595.0,492.0,250.1
JFL,12/21/2022,366.0,372.0,364.6,364.6,-1.46,2904.0,492.0,250.1
JFL,12/22/2022,365.0,365.0,353.0,360.0,-1.26,3674.0,492.0,250.1
JFL,12/26/2022,367.0,377.9,367.0,377.9,4.97,8993.0,492.0,250.1
JFL,12/27/2022,385.4,415.6,385.3,411.0,8.76,66916.0,492.0,250.1
JFL,12/28/2022,412.0,428.0,395.0,420.0,2.19,41213.0,492.0,250.1
JFL,12/29/2022,411.6,446.2,404.0,444.0,5.71,49584.0,492.0,250.1
JFL,1/1/2023,451.0,457.0,440.0,444.0,0.0,46691.0,492.0,250.1
JFL,1/2/2023,435.2,446.0,430.0,435.0,-2.03,36419.0,492.0,250.1
JFL,1/3/2023,442.8,442.8,425.0,427.0,-1.84,21734.0,492.0,250.1
JFL,1/4/2023,425.0,442.0,425.0,438.0,2.58,38833.0,492.0,250.1
JFL,1/5/2023,446.7,454.0,436.0,442.6,1.05,34003.0,492.0,250.1
JFL,1/8/2023,437.0,451.2,434.0,445.0,0.54,63346.0,492.0,250.1
JFL,1/9/2023,436.2,469.0,436.2,460.0,3.37,48913.0,492.0,250.1
JFL,1/10/2023,469.2,484.5,418.6,433.0,-5.87,46290.0,492.0,250.1
JFL,1/12/2023,441.6,459.4,418.3,425.3,-1.78,29271.0,492.0,250.1
JFL,1/17/2023,433.8,441.0,418.0,438.0,2.99,16561.0,492.0,250.1
JFL,1/18/2023,445.0,452.8,429.3,433.5,-1.03,35029.0,492.0,250.1
JFL,1/19/2023,440.0,440.0,418.0,426.0,-1.73,10422.0,492.0,250.1
JFL,1/23/2023,427.0,437.0,419.2,420.3,-1.34,18265.0,492.0,250.1
JFL,1/24/2023,411.9,440.0,406.0,440.0,4.69,40022.0,492.0,250.1
JFL,1/25/2023,431.2,444.0,422.0,423.0,-3.86,26079.0,492.0,250.1
JFL,1/26/2023,431.0,437.5,424.0,426.9,0.92,9571.0,492.0,250.1
JFL,1/29/2023,419.0,429.0,416.1,416.7,-2.39,9595.0,492.0,250.1
JFL,1/30/2023,415.0,417.0,391.0,398.0,-4.49,21665.0,492.0,250.1
JFL,1/31/2023,391.0,406.0,390.0,395.1,-0.73,17195.0,492.0,250.1
JFL,2/1/2023,403.0,403.0,395.0,395.0,-0.03,10261.0,492.0,250.1
JFL,2/2/2023,395.0,400.0,382.1,386.0,-2.28,15808.0,492.0,250.1
JFL,2/5/2023,386.0,402.0,386.0,402.0,4.15,19294.0,492.0,250.1
JFL,2/6/2023,405.0,413.0,400.0,413.0,2.74,13542.0,492.0,250.1
JFL,2/7/2023,418.0,440.0,415.0,440.0,6.54,48317.0,492.0,250.1
JFL,2/8/2023,432.0,447.0,424.4,437.5,-0.57,39378.0,492.0,250.1
JFL,2/9/2023,429.0,439.9,421.0,434.9,-0.59,15756.0,492.0,250.1
JFL,2/12/2023,426.3,426.3,409.0,417.0,-4.12,16837.0,492.0,250.1
JFL,2/14/2023,409.0,415.0,405.1,412.9,-0.98,8570.0,492.0,250.1
JFL,2/15/2023,410.0,412.0,397.1,398.6,-3.46,10337.0,492.0,250.1
JFL,2/16/2023,391.0,417.0,391.0,395.1,-0.88,15955.0,492.0,250.1
JFL,2/20/2023,390.0,403.0,390.0,393.0,-0.53,9004.0,492.0,250.1
JFL,2/22/2023,399.0,408.0,399.0,406.9,3.54,7521.0,492.0,250.1
JFL,2/23/2023,400.0,400.0,387.7,392.0,-3.66,11836.0,492.0,250.1
JFL,2/26/2023,384.2,401.8,375.0,397.0,1.28,13718.0,492.0,250.1
JFL,2/27/2023,404.0,408.9,383.0,395.0,-0.5,11078.0,492.0,250.1
JFL,2/28/2023,402.9,402.9,382.0,390.1,-1.24,6128.0,492.0,250.1
JFL,3/1/2023,396.0,396.0,385.0,387.9,-0.56,7771.0,492.0,250.1
JFL,3/2/2023,383.2,389.0,381.4,381.4,-1.68,3950.0,492.0,250.1
JFL,3/5/2023,389.0,389.0,370.2,375.0,-1.68,3355.0,492.0,250.1
JFL,3/7/2023,380.0,387.0,376.0,376.0,0.27,3871.0,492.0,250.1
JFL,3/9/2023,383.0,393.0,382.0,392.0,4.26,6220.0,492.0,250.1
JFL,3/12/2023,399.8,399.8,380.2,380.2,-3.01,8033.0,492.0,250.1
JFL,3/13/2023,380.3,395.6,375.0,379.0,-0.32,6628.0,492.0,250.1
JFL,3/14/2023,380.0,394.9,374.0,384.0,1.32,2166.0,492.0,250.1
JFL,3/15/2023,390.0,390.0,377.0,382.0,-0.52,2625.0,492.0,250.1
JFL,3/16/2023,389.0,389.0,378.0,378.0,-1.05,5744.0,492.0,250.1
JFL,3/19/2023,380.1,384.9,379.1,380.0,0.53,6859.0,492.0,250.1
JFL,3/20/2023,386.0,388.0,378.2,386.0,1.58,6417.0,492.0,250.1
JFL,3/22/2023,386.0,392.0,376.4,389.9,1.01,9691.0,492.0,250.1
JFL,3/23/2023,383.0,383.0,375.0,379.0,-2.8,10935.0,492.0,250.1
JFL,3/26/2023,372.0,379.0,372.0,373.5,-1.45,3634.0,492.0,250.1
JFL,3/27/2023,380.0,380.0,372.0,375.0,0.4,9313.0,492.0,250.1
JFL,3/28/2023,377.0,384.0,371.0,372.0,-0.8,7695.0,492.0,250.1
JFL,3/29/2023,370.1,373.0,368.0,368.0,-1.08,6550.0,492.0,250.1
JFL,3/30/2023,374.9,381.9,366.0,366.0,-0.54,6531.0,492.0,250.1
JFL,4/2/2023,370.0,375.0,359.0,359.5,-1.78,10191.0,492.0,250.1
JFL,4/3/2023,366.6,381.3,350.0,361.8,0.64,7816.0,492.0,250.1
JFL,4/4/2023,360.0,365.0,359.2,362.0,0.06,3045.0,492.0,250.1
JFL,4/5/2023,362.5,367.0,359.0,366.9,1.35,2216.0,492.0,250.1
JFL,4/6/2023,366.9,371.0,353.0,361.0,-1.61,5137.0,492.0,250.1
JFL,4/9/2023,355.0,361.0,350.0,357.0,-1.11,2399.0,492.0,250.1
JFL,4/10/2023,353.0,360.0,348.0,353.0,-1.12,3387.0,492.0,250.1
JFL,4/11/2023,360.0,360.0,353.0,359.4,1.81,3420.0,492.0,250.1
JFL,4/12/2023,366.5,392.9,365.0,392.9,9.32,10992.0,492.0,250.1
JFL,4/13/2023,400.0,400.0,377.0,377.0,-4.05,9075.0,492.0,250.1
JFL,4/16/2023,372.2,384.4,372.2,377.2,0.05,2325.0,492.0,250.1
JFL,4/17/2023,377.5,384.5,368.0,369.0,-2.17,4698.0,492.0,250.1
JFL,4/18/2023,376.3,376.3,361.7,369.2,0.05,2703.0,492.0,250.1
JFL,4/19/2023,376.0,391.6,367.0,368.1,-0.3,6035.0,492.0,250.1
JFL,4/20/2023,365.0,375.3,362.6,364.5,-0.98,2358.0,492.0,250.1
JFL,4/23/2023,360.0,363.0,357.6,361.0,-0.96,4711.0,492.0,250.1
JFL,4/24/2023,356.1,363.2,356.0,360.0,-0.28,3366.0,492.0,250.1
JFL,4/25/2023,355.1,365.0,355.1,362.1,0.58,2514.0,492.0,250.1
JFL,4/26/2023,362.0,369.0,355.5,362.6,0.14,3585.0,492.0,250.1
JFL,4/27/2023,369.8,379.0,359.1,363.5,0.25,3426.0,492.0,250.1
JFL,4/30/2023,363.5,363.5,353.0,354.1,-2.59,3954.0,492.0,250.1
JFL,5/2/2023,356.0,359.9,348.0,349.1,-1.41,4132.0,492.0,250.1
JFL,5/3/2023,343.0,364.6,343.0,350.0,0.26,2667.0,492.0,250.1
JFL,5/4/2023,350.0,355.0,349.6,353.9,1.11,2050.0,492.0,250.1
JFL,5/7/2023,353.0,353.0,345.0,345.0,-2.51,3861.0,492.0,250.1
JFL,5/8/2023,338.1,347.0,338.1,345.0,0.0,3523.0,492.0,250.1
JFL,5/9/2023,338.1,357.0,338.1,343.5,-0.43,4235.0,492.0,250.1
JFL,5/10/2023,349.0,350.0,343.0,350.0,1.89,4331.0,492.0,250.1
JFL,5/11/2023,355.0,363.0,342.0,348.0,-0.57,4210.0,492.0,250.1
JFL,5/14/2023,354.0,359.0,339.0,339.0,-2.59,4048.0,492.0,250.1
JFL,5/15/2023,336.0,350.0,336.0,350.0,3.24,686.0,492.0,250.1
JFL,5/16/2023,357.0,357.0,343.0,350.0,0.0,1057.0,492.0,250.1
JFL,5/17/2023,350.0,354.7,348.0,352.0,0.57,3580.0,492.0,250.1
JFL,5/18/2023,348.0,365.0,348.0,362.0,2.84,4511.0,492.0,250.1
JFL,5/21/2023,368.0,368.0,355.0,356.0,-1.66,5702.0,492.0,250.1
JFL,5/22/2023,362.0,362.0,353.0,353.0,-0.84,3767.0,492.0,250.1
JFL,5/23/2023,360.0,372.0,360.0,364.0,3.12,4150.0,492.0,250.1
JFL,5/24/2023,371.0,371.0,363.0,365.0,0.27,4358.0,492.0,250.1
JFL,5/28/2023,358.2,368.0,357.0,357.0,-2.19,8149.0,492.0,250.1
JFL,5/30/2023,357.0,357.0,346.6,354.0,-0.84,6795.0,492.0,250.1
JFL,5/31/2023,347.0,360.0,341.0,345.0,-2.54,8014.0,492.0,250.1
JFL,6/1/2023,351.0,358.0,346.0,346.0,0.29,4625.0,492.0,250.1
JFL,6/4/2023,352.9,360.0,352.9,354.1,2.34,2453.0,492.0,250.1
JFL,6/5/2023,361.1,365.0,353.0,357.0,0.82,7804.0,492.0,250.1
JFL,6/6/2023,351.0,360.0,351.0,360.0,0.84,2912.0,492.0,250.1
JFL,6/7/2023,364.0,365.8,353.4,357.0,-0.83,5437.0,492.0,250.1
JFL,6/8/2023,350.0,364.0,350.0,364.0,1.96,8946.0,492.0,250.1
JFL,6/11/2023,360.0,390.0,360.0,388.0,6.59,24412.0,492.0,250.1
JFL,6/12/2023,388.0,396.0,379.0,387.0,-0.26,18019.0,492.0,250.1
JFL,6/13/2023,387.0,397.0,384.9,391.2,1.09,21487.0,492.0,250.1
JFL,6/14/2023,395.0,405.0,376.0,390.0,-0.31,14859.0,492.0,250.1
JFL,6/15/2023,383.3,390.0,383.0,383.1,-1.77,5426.0,492.0,250.1
JFL,6/18/2023,389.9,394.9,383.0,390.0,1.8,19634.0,492.0,250.1
JFL,6/19/2023,383.0,423.0,382.2,417.9,7.15,33176.0,492.0,250.1
JFL,6/20/2023,424.9,425.0,395.0,396.0,-5.24,26942.0,492.0,250.1
JFL,6/21/2023,400.0,402.0,390.0,390.0,-1.52,14586.0,492.0,250.1
JFL,6/22/2023,390.0,400.0,385.0,385.1,-1.26,13976.0,492.0,250.1
JFL,6/25/2023,386.0,408.0,386.0,404.5,5.04,18018.0,492.0,250.1
JFL,6/26/2023,411.0,424.0,397.0,414.9,2.57,36168.0,492.0,250.1
JFL,6/27/2023,419.0,428.0,415.0,425.0,2.43,35006.0,492.0,250.1
JFL,6/28/2023,420.1,425.0,407.7,414.0,-2.59,31159.0,492.0,250.1
JFL,7/2/2023,422.0,422.0,390.0,396.0,-4.35,11165.0,492.0,250.1
JFL,7/3/2023,400.0,405.0,392.0,393.0,-0.76,14127.0,492.0,250.1
JFL,7/4/2023,400.0,408.0,391.0,398.0,1.27,6288.0,492.0,250.1
JFL,7/5/2023,400.0,413.6,387.1,388.0,-2.51,21172.0,492.0,250.1
JFL,7/6/2023,383.6,396.0,383.6,388.5,0.13,9740.0,492.0,250.1
JFL,7/9/2023,396.2,407.7,385.0,395.7,1.85,9690.0,492.0,250.1
JFL,7/10/2023,390.1,413.9,390.1,403.9,2.07,23734.0,492.0,250.1
JFL,7/11/2023,404.0,423.0,395.9,417.0,3.24,40998.0,492.0,250.1
JFL,7/12/2023,421.0,429.8,405.0,408.9,-1.94,14533.0,492.0,250.1
JFL,7/13/2023,404.0,418.0,403.0,404.0,-1.2,17384.0,492.0,250.1
JFL,7/16/2023,397.1,409.0,397.1,409.0,1.24,18009.0,492.0,250.1
JFL,7/17/2023,400.9,421.0,400.9,420.0,2.69,20857.0,492.0,250.1
JFL,7/18/2023,427.0,441.0,421.0,431.0,2.62,68122.0,492.0,250.1
JFL,7/19/2023,439.0,439.0,423.0,429.0,-0.46,19462.0,492.0,250.1
JFL,7/20/2023,430.0,430.0,417.0,417.0,-2.8,13237.0,492.0,250.1
JFL,7/23/2023,421.8,436.9,418.0,432.0,3.6,14607.0,492.0,250.1
JFL,7/24/2023,432.0,439.0,424.0,425.0,-1.62,22682.0,492.0,250.1
JFL,7/25/2023,417.3,424.3,404.1,408.0,-4.0,18331.0,492.0,250.1
JFL,7/26/2023,410.0,417.0,404.0,410.0,0.49,12283.0,492.0,250.1
JFL,7/27/2023,418.0,418.0,399.0,399.0,-2.68,14917.0,492.0,250.1
JFL,7/30/2023,400.0,400.0,390.3,393.0,-1.5,15546.0,492.0,250.1
JFL,7/31/2023,400.0,401.5,393.0,394.0,0.25,10570.0,492.0,250.1
JFL,8/1/2023,401.8,417.9,390.0,394.0,0.0,13865.0,492.0,250.1
JFL,8/2/2023,399.0,399.0,387.0,396.9,0.74,3889.0,492.0,250.1
JFL,8/3/2023,404.7,404.7,390.0,394.9,-0.5,4537.0,492.0,250.1
JFL,8/6/2023,395.2,395.2,380.0,382.0,-3.27,7050.0,492.0,250.1
JFL,8/7/2023,376.0,396.0,375.0,383.0,0.26,6260.0,492.0,250.1
JFL,8/8/2023,390.6,398.4,370.0,370.1,-3.37,12789.0,492.0,250.1
JFL,8/9/2023,366.1,379.4,365.0,379.4,2.51,9519.0,492.0,250.1
JFL,8/10/2023,372.0,384.5,371.9,379.0,-0.11,4916.0,492.0,250.1
JFL,8/13/2023,372.0,384.5,370.0,370.0,-2.37,6410.0,492.0,250.1
JFL,8/14/2023,364.1,383.2,364.1,375.0,1.35,2232.0,492.0,250.1
JFL,8/15/2023,367.5,380.0,364.0,370.0,-1.33,6926.0,492.0,250.1
JFL,8/16/2023,362.6,367.0,357.0,357.0,-3.51,6960.0,492.0,250.1
JFL,8/17/2023,363.0,370.2,359.0,360.0,0.84,6309.0,492.0,250.1
JFL,8/20/2023,353.2,366.9,350.0,366.9,1.92,8161.0,492.0,250.1
JFL,8/21/2023,360.0,365.0,358.0,358.0,-2.43,3327.0,492.0,250.1
JFL,8/22/2023,351.0,366.0,351.0,361.8,1.06,2553.0,492.0,250.1
JFL,8/23/2023,366.0,366.0,360.0,365.9,1.13,11056.0,492.0,250.1
JFL,8/24/2023,369.0,369.0,355.0,358.9,-1.91,4830.0,492.0,250.1
JFL,8/27/2023,365.0,365.0,352.5,354.0,-1.37,1069.0,492.0,250.1
JFL,8/28/2023,356.0,359.9,353.0,359.8,1.64,8887.0,492.0,250.1
JFL,8/29/2023,352.7,366.0,350.0,357.0,-0.78,3105.0,492.0,250.1
JFL,8/30/2023,350.2,357.1,350.1,354.0,-0.84,2177.0,492.0,250.1
JFL,9/3/2023,352.0,352.0,347.0,349.2,-1.36,4082.0,492.0,250.1
JFL,9/4/2023,356.0,356.0,342.0,343.0,-1.78,5498.0,492.0,250.1
JFL,9/5/2023,345.0,345.0,340.0,340.0,-0.87,5518.0,492.0,250.1
JFL,9/7/2023,337.0,342.8,336.0,338.0,-0.59,3435.0,492.0,250.1
JFL,9/10/2023,339.0,342.9,339.0,342.8,1.42,5169.0,492.0,250.1
JFL,9/11/2023,342.0,354.0,340.3,350.0,2.1,10275.0,492.0,250.1
JFL,9/12/2023,356.8,357.0,347.0,349.0,-0.29,2486.0,492.0,250.1
JFL,9/13/2023,349.6,357.0,349.0,355.0,1.72,4614.0,492.0,250.1
JFL,9/17/2023,356.0,360.0,343.0,347.0,-2.25,2858.0,492.0,250.1
JFL,9/18/2023,351.0,351.0,344.0,349.9,0.84,1122.0,492.0,250.1
JFL,9/19/2023,345.0,356.8,345.0,356.8,1.97,871.0,492.0,250.1
JFL,9/21/2023,363.9,371.1,363.9,371.0,3.98,6890.0,492.0,250.1
JFL,9/24/2023,371.0,373.8,357.2,367.0,-1.08,7342.0,492.0,250.1
JFL,9/25/2023,365.0,368.0,359.8,359.8,-1.96,2956.0,492.0,250.1
JFL,9/26/2023,366.0,373.0,362.0,366.0,1.72,6218.0,492.0,250.1
JFL,9/27/2023,360.0,367.2,359.0,363.0,-0.82,3481.0,492.0,250.1
JFL,10/1/2023,363.0,363.0,352.0,352.0,-3.03,1994.0,492.0,250.1
JFL,10/2/2023,355.0,355.0,348.0,350.4,-0.45,7977.0,492.0,250.1
JFL,10/3/2023,347.0,355.0,347.0,355.0,1.31,1833.0,492.0,250.1
JFL,10/4/2023,348.0,365.0,348.0,360.0,1.41,3690.0,492.0,250.1
JFL,10/5/2023,357.0,357.0,353.0,353.9,-1.69,1309.0,492.0,250.1
JFL,10/8/2023,349.1,362.0,342.2,342.2,-3.31,6892.0,492.0,250.1
JFL,10/9/2023,345.0,350.0,341.0,347.0,1.4,2342.0,492.0,250.1
JFL,10/10/2023,345.1,349.0,342.0,342.2,-1.38,5360.0,492.0,250.1
JFL,10/11/2023,348.9,348.9,341.0,342.7,0.15,2138.0,492.0,250.1
JFL,10/12/2023,340.0,344.0,337.0,343.0,0.09,3517.0,492.0,250.1
JFL,10/16/2023,339.0,342.0,338.2,341.0,-0.58,2346.0,492.0,250.1
JFL,10/17/2023,347.7,347.7,337.2,346.0,1.47,1947.0,492.0,250.1
JFL,10/18/2023,352.5,358.9,346.0,357.0,3.18,1852.0,492.0,250.1
JFL,10/19/2023,350.0,361.0,344.6,360.0,0.84,11794.0,492.0,250.1
JFL,10/29/2023,360.0,360.0,346.1,352.5,-2.08,424.0,492.0,250.1
JFL,10/30/2023,346.1,355.0,345.5,355.0,0.71,907.0,492.0,250.1
JFL,10/31/2023,355.0,355.0,342.3,348.0,-1.97,795.0,492.0,250.1
JFL,11/1/2023,343.0,371.0,343.0,350.0,0.57,195.0,492.0,250.1
JFL,11/2/2023,343.1,347.5,337.0,338.2,-3.37,5822.0,492.0,250.1
JFL,11/5/2023,332.0,338.0,326.0,329.0,-2.72,5417.0,492.0,250.1
JFL,11/6/2023,335.5,348.0,329.0,330.7,0.52,3150.0,492.0,250.1
JFL,11/7/2023,331.1,341.0,331.1,340.0,2.81,3449.0,492.0,250.1
JFL,11/8/2023,341.0,341.0,334.2,335.0,-1.47,671.0,492.0,250.1
JFL,11/9/2023,330.2,334.0,330.0,331.5,-1.04,2255.0,492.0,250.1
JFL,11/20/2023,335.0,337.0,323.5,323.5,-2.41,2969.0,492.0,250.1
JFL,11/21/2023,320.0,329.9,316.7,328.5,1.55,2787.0,492.0,250.1
JFL,11/22/2023,325.0,334.9,320.0,334.9,1.95,3049.0,492.0,250.1
JFL,11/23/2023,328.3,340.0,328.3,330.0,-1.46,4984.0,492.0,250.1
JFL,11/26/2023,336.6,343.0,336.1,338.5,2.58,3726.0,492.0,250.1
JFL,11/27/2023,333.0,343.0,333.0,340.1,0.47,3086.0,492.0,250.1
JFL,11/28/2023,343.9,343.9,334.0,334.0,-1.79,3239.0,492.0,250.1
JFL,11/29/2023,340.0,340.0,322.2,322.2,-3.53,2833.0,492.0,250.1
JFL,11/30/2023,328.6,334.0,325.0,326.0,1.18,2304.0,492.0,250.1
JFL,12/3/2023,320.0,334.9,320.0,334.9,2.73,5061.0,492.0,250.1
JFL,12/4/2023,334.8,339.0,333.0,335.0,0.03,2522.0,492.0,250.1
JFL,12/5/2023,336.0,336.0,330.0,333.5,-0.45,793.0,492.0,250.1
JFL,12/6/2023,330.0,333.0,330.0,330.0,-1.05,1565.0,492.0,250.1
JFL,12/7/2023,330.1,336.6,327.0,335.0,1.52,2515.0,492.0,250.1
JFL,12/10/2023,341.7,355.4,341.7,355.4,6.09,200.0,492.0,250.1
JFL,12/11/2023,362.0,362.0,343.1,349.0,-1.8,5958.0,492.0,250.1
JFL,12/12/2023,345.0,365.0,345.0,358.0,2.58,17371.0,492.0,250.1
JFL,12/13/2023,360.0,372.0,360.0,365.1,1.98,17225.0,492.0,250.1
JFL,12/14/2023,364.0,370.0,362.1,368.0,0.79,5585.0,492.0,250.1
JFL,12/17/2023,365.5,380.0,362.0,380.0,3.26,17055.0,492.0,250.1
JFL,12/18/2023,385.0,399.8,375.0,385.0,1.32,26478.0,492.0,250.1
JFL,12/19/2023,392.0,394.5,380.0,391.0,1.56,18037.0,492.0,250.1
JFL,12/20/2023,385.1,398.0,380.0,387.0,-1.02,13165.0,492.0,250.1
JFL,12/21/2023,387.0,394.6,369.0,369.0,-4.65,15973.0,492.0,250.1
JFL,12/24/2023,370.0,375.0,366.6,366.9,-0.57,10078.0,492.0,250.1
JFL,12/27/2023,366.9,370.0,355.5,362.9,-1.09,6172.0,492.0,250.1
JFL,12/28/2023,363.1,363.1,355.7,359.8,-0.85,16549.0,492.0,250.1
JFL,1/1/2024,366.0,370.0,358.0,358.0,-0.5,10336.0,492.0,250.1
JFL,1/2/2024,355.0,358.0,351.1,356.9,-0.31,3876.0,492.0,250.1
JFL,1/3/2024,359.0,364.0,355.0,360.0,0.87,5165.0,492.0,250.1
JFL,1/4/2024,360.0,365.0,341.0,341.0,-5.28,6956.0,492.0,250.1
JFL,1/7/2024,334.2,363.0,334.2,346.2,1.52,14016.0,492.0,250.1
JFL,1/8/2024,352.0,360.9,352.0,357.0,3.12,6772.0,492.0,250.1
JFL,1/9/2024,364.0,380.0,361.1,376.9,5.57,22260.0,492.0,250.1
JFL,1/10/2024,384.0,388.5,374.0,374.0,-0.77,15791.0,492.0,250.1
JFL,1/11/2024,378.0,380.0,360.0,365.0,-2.41,13724.0,492.0,250.1
JFL,1/14/2024,372.3,378.3,370.1,375.0,2.74,10645.0,492.0,250.1
JFL,1/16/2024,380.0,392.5,380.0,389.0,3.73,38519.0,492.0,250.1
JFL,1/17/2024,391.0,408.0,379.4,380.0,-2.31,55570.0,492.0,250.1
JFL,1/18/2024,375.0,385.0,373.6,379.5,-0.13,16028.0,492.0,250.1
JFL,1/21/2024,375.0,388.6,372.0,372.1,-1.95,13134.0,492.0,250.1
JFL,1/22/2024,367.5,379.0,361.0,361.1,-2.96,6811.0,492.0,250.1
JFL,1/23/2024,368.3,368.5,361.0,365.0,1.08,6440.0,492.0,250.1
JFL,1/24/2024,370.9,370.9,358.0,358.0,-1.92,8713.0,492.0,250.1
JFL,1/25/2024,352.8,362.9,352.8,362.9,1.37,8870.0,492.0,250.1
JFL,1/28/2024,363.9,370.0,359.0,364.9,0.55,5705.0,492.0,250.1
JFL,1/29/2024,370.0,370.0,362.6,367.0,0.58,3555.0,492.0,250.1
JFL,1/30/2024,360.0,374.0,360.0,372.0,1.36,4310.0,492.0,250.1
JFL,1/31/2024,366.1,373.0,360.0,360.0,-3.23,10674.0,492.0,250.1
JFL,2/1/2024,358.0,374.0,357.7,364.0,1.11,20454.0,492.0,250.1
JFL,2/4/2024,357.0,371.0,357.0,363.3,-0.19,5017.0,492.0,250.1
JFL,2/5/2024,360.3,371.2,360.3,369.0,1.57,5546.0,492.0,250.1
JFL,2/6/2024,362.0,375.0,362.0,371.0,0.54,2514.0,492.0,250.1
JFL,2/7/2024,375.8,375.8,368.0,368.0,-0.81,6322.0,492.0,250.1
JFL,2/8/2024,375.0,375.0,363.0,369.6,0.43,2072.0,492.0,250.1
JFL,2/11/2024,365.5,378.0,365.4,372.7,0.84,15485.0,492.0,250.1
JFL,2/12/2024,380.0,380.0,367.5,370.9,-0.48,4590.0,492.0,250.1
JFL,2/13/2024,377.0,377.0,363.0,363.0,-2.13,9212.0,492.0,250.1
JFL,2/14/2024,370.2,395.0,369.1,386.0,6.34,59521.0,492.0,250.1
JFL,2/15/2024,380.1,389.9,374.0,378.0,-2.07,9435.0,492.0,250.1
JFL,2/18/2024,380.0,385.0,365.6,369.0,-2.38,8427.0,492.0,250.1
JFL,2/20/2024,376.0,376.0,365.6,370.0,0.27,2840.0,492.0,250.1
JFL,2/21/2024,371.1,374.0,366.0,366.0,-1.08,5927.0,492.0,250.1
JFL,2/22/2024,373.0,383.5,361.2,363.0,-0.82,20151.0,492.0,250.1
JFL,2/25/2024,370.2,377.4,356.1,363.0,0.0,21450.0,492.0,250.1
JFL,2/26/2024,370.0,370.0,363.0,368.9,1.63,4493.0,492.0,250.1
JFL,2/27/2024,365.0,369.9,365.0,366.1,-0.76,1809.0,492.0,250.1
JFL,2/28/2024,365.0,370.6,362.0,363.0,-0.85,4731.0,492.0,250.1
JFL,2/29/2024,370.0,370.0,352.3,354.0,-2.48,13665.0,492.0,250.1
JFL,3/3/2024,350.0,355.0,350.0,351.0,-0.85,4219.0,492.0,250.1
JFL,3/4/2024,358.0,365.1,358.0,365.1,4.02,20.0,492.0,250.1
JFL,3/5/2024,372.4,379.8,360.1,370.2,1.4,9898.0,492.0,250.1
JFL,3/6/2024,376.0,376.0,355.0,368.0,-0.59,11204.0,492.0,250.1
JFL,3/7/2024,375.0,375.0,364.3,369.9,0.52,5165.0,492.0,250.1
JFL,3/10/2024,376.9,376.9,369.4,370.2,0.08,7392.0,492.0,250.1
JFL,3/12/2024,377.0,384.4,370.0,380.0,2.65,15511.0,492.0,250.1
JFL,3/13/2024,386.9,394.7,381.0,388.1,2.13,18982.0,492.0,250.1
JFL,3/14/2024,385.0,396.7,378.0,385.0,-0.8,17290.0,492.0,250.1
JFL,3/17/2024,385.0,391.9,382.1,385.0,0.0,5252.0,492.0,250.1
JFL,3/18/2024,390.0,408.0,386.3,389.5,1.17,14516.0,492.0,250.1
JFL,3/19/2024,397.0,413.0,397.0,399.3,2.52,61308.0,492.0,250.1
JFL,3/20/2024,406.0,406.0,387.1,390.0,-2.33,15117.0,492.0,250.1
JFL,3/21/2024,390.0,410.0,390.0,394.0,1.03,35417.0,492.0,250.1
JFL,3/25/2024,387.1,399.8,381.1,390.0,-1.02,10402.0,492.0,250.1
JFL,3/26/2024,396.0,396.0,384.2,388.0,-0.51,11080.0,492.0,250.1
JFL,3/27/2024,395.7,395.7,381.0,385.0,-0.77,10357.0,492.0,250.1
JFL,3/28/2024,379.0,389.5,378.1,386.9,0.49,7920.0,492.0,250.1
JFL,3/31/2024,385.0,389.5,380.2,383.9,-0.78,11690.0,492.0,250.1
JFL,4/1/2024,382.9,390.0,380.1,381.0,-0.76,7570.0,492.0,250.1
JFL,4/2/2024,387.8,396.2,383.2,386.0,1.31,5486.0,492.0,250.1
JFL,4/3/2024,392.0,392.0,381.0,382.0,-1.04,6074.0,492.0,250.1
JFL,4/4/2024,388.9,388.9,381.2,382.0,0.0,5941.0,492.0,250.1
JFL,4/7/2024,380.1,420.2,380.0,420.2,10.0,133480.0,492.0,250.1
JFL,4/9/2024,428.6,462.2,428.6,462.2,10.0,148118.0,492.0,250.1
JFL,4/10/2024,471.4,483.0,453.0,462.0,-0.04,96678.0,492.0,250.1
JFL,4/14/2024,471.0,471.0,455.0,459.0,-0.65,40416.0,492.0,250.1
JFL,4/15/2024,468.0,468.0,438.0,439.8,-4.18,31662.0,492.0,250.1
JFL,4/16/2024,432.0,440.6,426.6,429.0,-2.46,23822.0,492.0,250.1
JFL,4/18/2024,437.5,456.8,436.0,439.0,2.33,47518.0,492.0,250.1
JFL,4/21/2024,430.3,474.0,418.2,450.0,2.51,35479.0,492.0,250.1
JFL,4/22/2024,450.0,457.0,431.4,433.2,-3.73,19006.0,492.0,250.1
JFL,4/24/2024,441.0,460.0,426.0,447.6,3.32,46087.0,492.0,250.1
JFL,4/25/2024,455.0,471.0,448.5,455.0,1.65,68179.0,492.0,250.1
JFL,4/28/2024,464.1,478.0,455.2,470.0,3.3,62028.0,492.0,250.1
JFL,4/29/2024,479.4,517.0,458.9,517.0,10.0,187580.0,492.0,250.1
JFL,4/30/2024,527.3,568.0,520.0,535.0,3.48,164002.0,492.0,250.1
JFL,5/2/2024,540.0,558.0,521.1,545.0,1.87,94100.0,492.0,250.1
JFL,5/5/2024,545.0,552.5,510.0,514.0,-5.69,80133.0,492.0,250.1
JFL,5/6/2024,510.0,534.0,471.0,502.1,-2.32,120169.0,492.0,250.1
JFL,5/7/2024,495.0,517.0,486.0,497.9,-0.84,33109.0,492.0,250.1
JFL,5/8/2024,506.8,528.2,496.0,518.1,4.06,47934.0,492.0,250.1
JFL,5/9/2024,526.9,539.9,515.0,516.0,-0.41,76205.0,492.0,250.1
JFL,5/12/2024,516.0,528.0,509.0,511.0,-0.97,28449.0,492.0,250.1
JFL,5/13/2024,500.8,521.0,500.8,510.0,-0.2,31507.0,492.0,250.1
JFL,5/14/2024,500.0,520.0,500.0,512.7,0.53,40874.0,492.0,250.1
JFL,5/15/2024,512.7,526.3,503.0,516.0,0.64,50573.0,492.0,250.1
JFL,5/16/2024,505.7,550.0,500.0,510.0,-1.16,37934.0,492.0,250.1
JFL,5/19/2024,520.2,520.2,505.2,508.0,-0.39,23665.0,492.0,250.1
JFL,5/20/2024,502.0,512.0,490.2,491.0,-3.35,42445.0,492.0,250.1
JFL,5/21/2024,481.2,540.1,481.2,540.1,10.0,184552.0,492.0,250.1
JFL,5/22/2024,550.6,569.9,541.0,544.0,0.72,101732.0,492.0,250.1
JFL,5/26/2024,554.8,554.8,525.7,527.1,-3.11,42536.0,492.0,250.1
JFL,5/27/2024,519.0,544.0,519.0,530.0,0.55,30015.0,492.0,250.1
JFL,5/29/2024,540.6,570.0,532.2,548.7,3.53,112337.0,492.0,250.1
JFL,5/30/2024,554.9,571.2,544.1,559.9,2.04,242731.0,492.0,250.1
JFL,6/2/2024,560.0,576.1,540.0,569.9,1.79,138500.0,492.0,250.1
JFL,6/3/2024,581.2,581.2,550.0,561.0,-1.56,73393.0,492.0,250.1
JFL,6/4/2024,550.1,571.2,548.0,567.9,1.23,97138.0,492.0,250.1
JFL,6/5/2024,557.0,609.0,557.0,579.3,2.01,86293.0,492.0,250.1
JFL,6/6/2024,570.0,600.0,556.0,569.9,-1.62,87170.0,492.0,250.1
JFL,6/9/2024,559.0,617.0,548.0,617.0,8.26,106457.0,492.0,250.1
JFL,6/10/2024,605.0,605.0,555.3,563.5,-8.67,299651.0,492.0,250.1
JFL,6/11/2024,552.3,576.0,541.0,572.9,1.67,190124.0,492.0,250.1
JFL,6/12/2024,572.0,577.3,554.0,554.0,-3.3,143110.0,492.0,250.1
JFL,6/13/2024,543.0,563.0,540.0,540.0,-2.53,121220.0,492.0,250.1
JFL,6/16/2024,550.0,552.7,536.2,546.8,1.26,111072.0,492.0,250.1
JFL,6/18/2024,557.7,557.7,534.0,535.0,-2.16,36852.0,492.0,250.1
JFL,6/19/2024,524.3,565.0,524.3,555.0,3.74,123945.0,492.0,250.1
JFL,6/20/2024,543.9,566.4,543.9,555.0,0.0,74762.0,492.0,250.1
JFL,6/23/2024,566.0,575.7,555.0,570.0,2.7,100731.0,492.0,250.1
JFL,6/24/2024,581.0,612.0,565.0,599.0,5.09,218206.0,492.0,250.1
JFL,6/25/2024,587.1,615.9,577.0,577.0,-3.67,77650.0,492.0,250.1
JFL,6/26/2024,588.0,596.2,566.2,578.0,0.17,63462.0,492.0,250.1
JFL,6/27/2024,570.0,599.0,570.0,585.0,1.21,135665.0,492.0,250.1
JFL,6/30/2024,573.3,620.0,573.3,596.0,1.88,198254.0,492.0,250.1
JFL,7/1/2024,584.1,624.8,584.1,605.0,1.51,160641.0,492.0,250.1
JFL,7/2/2024,617.1,653.8,605.0,631.1,4.31,115372.0,492.0,250.1
JFL,7/3/2024,620.0,679.0,620.0,674.9,6.94,188866.0,492.0,250.1
JFL,7/4/2024,674.0,682.0,643.0,649.9,-3.7,134769.0,492.0,250.1
JFL,7/7/2024,649.0,680.2,635.1,680.2,4.66,132309.0,492.0,250.1
JFL,7/8/2024,693.8,693.8,641.0,671.9,-1.22,232869.0,492.0,250.1
JFL,7/9/2024,680.0,720.0,632.0,650.0,-3.26,203525.0,492.0,250.1
JFL,7/10/2024,663.0,700.0,663.0,694.9,6.91,216090.0,492.0,250.1
JFL,7/11/2024,681.1,755.8,681.1,755.8,8.76,164026.0,492.0,250.1
JFL,7/14/2024,750.0,831.0,700.0,825.0,9.16,327343.0,492.0,250.1
JFL,7/15/2024,808.5,808.5,742.5,742.5,-10.0,256658.0,492.0,250.1
JFL,7/16/2024,727.7,743.5,686.0,718.0,-3.3,238075.0,492.0,250.1
JFL,7/17/2024,703.7,765.0,703.7,746.0,3.9,179535.0,492.0,250.1
JFL,7/18/2024,731.1,777.7,710.6,724.0,-2.95,244049.0,492.0,250.1
JFL,7/21/2024,730.0,749.0,710.0,725.0,0.14,119184.0,492.0,250.1
JFL,7/22/2024,716.0,737.9,708.6,715.0,-1.38,150360.0,492.0,250.1
JFL,7/23/2024,715.0,730.0,701.0,718.2,0.45,129744.0,492.0,250.1
JFL,7/24/2024,730.0,739.0,718.0,719.0,0.11,129772.0,492.0,250.1
JFL,7/25/2024,732.0,733.0,717.0,717.5,-0.21,119520.0,492.0,250.1
JFL,7/28/2024,730.0,731.8,705.6,716.4,-0.15,65084.0,492.0,250.1
JFL,7/29/2024,727.0,782.0,715.0,765.1,6.8,288963.0,492.0,250.1
JFL,7/30/2024,780.4,819.9,765.0,808.0,5.61,166212.0,492.0,250.1
JFL,7/31/2024,815.0,880.0,808.0,855.0,5.82,154997.0,492.0,250.1
JFL,8/1/2024,855.0,879.0,799.7,815.0,-4.68,209170.0,492.0,250.1
JFL,8/5/2024,815.0,825.0,740.0,770.0,-5.52,217951.0,492.0,250.1
JFL,8/6/2024,754.6,755.0,700.0,705.0,-8.44,210782.0,492.0,250.1
JFL,8/7/2024,690.9,771.0,690.0,743.9,5.52,97769.0,492.0,250.1
JFL,8/8/2024,729.1,740.0,710.0,715.0,-3.88,153874.0,492.0,250.1
JFL,8/11/2024,720.0,740.0,714.1,720.0,0.7,107487.0,492.0,250.1
JFL,8/12/2024,734.4,770.0,730.0,751.9,4.43,133850.0,492.0,250.1
JFL,8/13/2024,766.9,782.0,740.0,754.0,0.28,130204.0,492.0,250.1
JFL,8/14/2024,769.0,816.0,745.1,790.5,4.84,220920.0,492.0,250.1
JFL,8/15/2024,806.0,820.0,755.0,763.0,-3.48,158060.0,492.0,250.1
JFL,8/18/2024,748.0,808.0,726.0,749.9,-1.72,158451.0,492.0,250.1
JFL,8/21/2024,764.8,790.0,764.0,789.0,5.21,153460.0,492.0,250.1
JFL,8/22/2024,804.0,815.0,777.0,778.0,-1.39,120611.0,492.0,250.1
JFL,8/25/2024,793.5,793.5,738.0,741.0,-4.76,66643.0,492.0,250.1
JFL,8/27/2024,755.0,755.0,695.0,702.0,-5.26,74284.0,492.0,250.1
JFL,8/28/2024,688.0,743.0,686.0,688.0,-1.99,64539.0,492.0,250.1
JFL,8/29/2024,700.0,714.0,670.0,670.0,-2.62,63963.0,492.0,250.1
JFL,9/1/2024,683.4,683.4,648.1,648.1,-3.27,49153.0,492.0,250.1
JFL,9/2/2024,650.0,704.0,645.0,700.0,8.01,95578.0,492.0,250.1
JFL,9/3/2024,714.0,721.0,689.0,695.0,-0.71,62757.0,492.0,250.1
JFL,9/4/2024,704.0,708.0,648.0,655.0,-5.76,55413.0,492.0,250.1
JFL,9/5/2024,650.0,668.1,638.1,649.9,-0.78,59155.0,492.0,250.1
JFL,9/8/2024,637.0,670.0,633.0,635.0,-2.29,32443.0,492.0,250.1
JFL,9/9/2024,644.0,644.0,622.0,623.5,-1.81,38855.0,492.0,250.1
JFL,9/10/2024,635.0,645.0,612.0,618.0,-0.88,33996.0,492.0,250.1
JFL,9/11/2024,630.0,630.3,611.0,615.0,-0.49,50928.0,492.0,250.1
JFL,9/12/2024,615.0,645.0,615.0,644.0,4.72,60948.0,492.0,250.1
JFL,9/15/2024,656.8,658.0,620.0,622.0,-3.42,41720.0,492.0,250.1
JFL,9/16/2024,633.0,633.0,583.5,585.0,-5.95,65225.0,492.0,250.1
JFL,9/18/2024,575.0,590.0,564.0,567.0,-3.08,37935.0,492.0,250.1
JFL,9/22/2024,578.3,600.0,569.0,576.0,1.59,25539.0,492.0,250.1
JFL,9/23/2024,577.0,577.0,525.0,535.0,-7.12,48695.0,492.0,250.1
JFL,9/24/2024,536.0,545.7,510.0,511.0,-4.49,34820.0,492.0,250.1
JFL,9/25/2024,520.0,540.0,500.0,535.5,4.79,27889.0,492.0,250.1
JFL,9/26/2024,546.2,553.5,518.0,521.0,-2.71,27144.0,492.0,250.1
JFL,9/29/2024,520.0,537.5,511.2,527.0,1.15,22822.0,492.0,250.1
JFL,9/30/2024,527.1,550.4,527.0,550.0,4.36,18608.0,492.0,250.1
JFL,10/1/2024,550.0,605.0,550.0,605.0,10.0,43390.0,492.0,250.1
JFL,10/2/2024,616.0,630.0,596.0,602.0,-0.5,76093.0,492.0,250.1
JFL,10/6/2024,610.0,647.0,600.0,641.0,6.48,39005.0,492.0,250.1
JFL,10/7/2024,652.0,675.0,618.5,640.0,-0.16,48350.0,492.0,250.1
JFL,10/8/2024,640.0,649.0,615.1,620.9,-2.98,19950.0,492.0,250.1
JFL,10/9/2024,630.0,631.9,611.3,616.0,-0.79,28170.0,492.0,250.1
JFL,10/15/2024,628.0,677.6,628.0,677.6,10.0,75093.0,492.0,250.1
JFL,10/16/2024,691.1,713.8,679.0,694.0,2.42,118924.0,492.0,250.1
JFL,10/17/2024,681.0,703.9,675.0,686.0,-1.15,53534.0,492.0,250.1
JFL,10/20/2024,672.3,688.0,650.0,656.0,-4.37,80543.0,492.0,250.1
JFL,10/21/2024,669.0,669.0,625.0,629.5,-4.04,46007.0,492.0,250.1
JFL,10/22/2024,640.0,655.0,630.1,649.0,3.1,28033.0,492.0,250.1
JFL,10/23/2024,650.0,680.0,642.4,660.0,1.69,43339.0,492.0,250.1
JFL,10/24/2024,673.2,699.0,661.0,666.0,0.91,71661.0,492.0,250.1
JFL,10/27/2024,679.3,727.0,679.0,705.3,5.9,189009.0,492.0,250.1
JFL,10/28/2024,710.1,775.8,710.0,775.8,10.0,220461.0,492.0,250.1
JFL,10/29/2024,791.3,823.0,787.1,789.5,1.77,174472.0,492.0,250.1
JFL,10/30/2024,775.0,785.0,750.0,750.8,-4.9,118125.0,492.0,250.1
JFL,11/5/2024,751.0,785.0,750.0,771.9,2.81,57607.0,492.0,250.1
JFL,11/6/2024,758.0,809.0,758.0,790.4,2.4,98919.0,492.0,250.1
JFL,11/10/2024,790.0,831.3,790.0,830.0,5.01,165421.0,492.0,250.1
JFL,11/11/2024,838.0,851.0,817.0,849.9,2.4,191070.0,492.0,250.1
JFL,11/12/2024,866.0,923.0,836.0,899.0,5.78,234336.0,492.0,250.1
JFL,11/13/2024,916.9,980.0,880.0,979.9,9.0,355310.0,492.0,250.1
JFL,11/14/2024,960.4,1038.0,955.0,984.9,0.51,359609.0,492.0,250.1
JFL,11/17/2024,970.0,1083.3,927.1,1062.0,7.83,363922.0,492.0,250.1
JFL,11/19/2024,1040.8,1040.8,955.8,974.9,-8.2,205179.0,492.0,250.1
JFL,11/20/2024,955.5,1072.3,918.3,1072.3,9.99,332130.0,492.0,250.1
JFL,11/21/2024,1050.9,1050.9,965.1,965.1,-10.0,117885.0,492.0,250.1
JFL,11/24/2024,945.8,1043.0,868.6,1043.0,8.07,649606.0,492.0,250.1
JFL,11/25/2024,1022.2,1022.2,944.0,1006.9,-3.46,137719.0,492.0,250.1
JFL,11/26/2024,986.8,1080.0,960.4,970.2,-3.64,221407.0,492.0,250.1
JFL,11/27/2024,950.8,990.0,877.3,941.0,-3.01,364475.0,492.0,250.1
JFL,11/28/2024,922.2,1035.1,856.9,1015.0,7.86,254625.0,492.0,250.1
JFL,12/1/2024,994.7,994.7,913.5,913.5,-10.0,103201.0,492.0,250.1
JFL,12/2/2024,895.3,967.5,822.2,948.6,3.84,325544.0,492.0,250.1
JFL,12/3/2024,929.7,972.0,855.0,885.1,-6.69,286824.0,492.0,250.1
JFL,12/4/2024,902.8,937.9,902.8,928.9,4.95,115740.0,492.0,250.1
JFL,12/5/2024,910.4,968.6,878.0,925.0,-0.42,153492.0,492.0,250.1
JFL,12/8/2024,925.0,925.0,890.4,899.9,-2.71,60273.0,492.0,250.1
JFL,12/9/2024,900.0,920.0,894.0,920.0,2.23,123032.0,492.0,250.1
JFL,12/10/2024,901.6,954.0,901.6,947.9,3.03,182953.0,492.0,250.1
JFL,12/11/2024,929.0,984.0,910.5,956.8,0.94,384553.0,492.0,250.1
JFL,12/12/2024,937.7,950.0,861.2,885.9,-7.41,293919.0,492.0,250.1
JFL,12/16/2024,869.0,869.0,798.1,801.0,-9.58,226682.0,492.0,250.1
JFL,12/17/2024,801.0,880.0,775.0,879.9,9.85,263008.0,492.0,250.1
JFL,12/18/2024,862.4,935.0,862.4,917.9,4.32,171486.0,492.0,250.1
JFL,12/19/2024,899.6,990.0,864.4,914.4,-0.38,195572.0,492.0,250.1
JFL,12/22/2024,913.4,932.0,837.0,932.0,1.92,146937.0,492.0,250.1
JFL,12/23/2024,913.4,987.0,864.4,987.0,5.9,209244.0,492.0,250.1
JFL,12/24/2024,967.3,967.3,888.3,908.0,-8.0,221576.0,492.0,250.1
JFL,12/26/2024,889.9,944.2,833.0,926.0,1.98,257873.0,492.0,250.1
JFL,12/29/2024,907.5,907.5,833.4,833.4,-10.0,192333.0,492.0,250.1
JFL,12/31/2024,816.8,816.8,750.1,750.1,-10.0,190607.0,492.0,250.1
JFL,1/1/2025,735.1,784.0,680.1,776.0,3.45,128389.0,492.0,250.1
JFL,1/2/2025,760.5,779.0,740.0,747.8,-3.63,65633.0,492.0,250.1
JFL,1/5/2025,750.0,762.0,695.8,700.0,-6.39,264538.0,492.0,250.1
JFL,1/6/2025,700.0,718.0,680.2,705.1,0.73,127759.0,492.0,250.1
JFL,1/7/2025,718.0,720.0,690.0,714.0,1.26,74122.0,492.0,250.1
JFL,1/8/2025,714.0,775.0,711.0,760.0,6.44,192352.0,492.0,250.1
JFL,1/9/2025,744.8,751.7,710.0,714.0,-6.05,170518.0,492.0,250.1
JFL,1/12/2025,700.0,710.0,683.3,695.0,-2.66,97645.0,492.0,250.1
JFL,1/13/2025,689.0,707.0,669.0,670.5,-3.53,100078.0,492.0,250.1
JFL,1/15/2025,657.1,668.0,614.0,618.0,-7.83,189591.0,492.0,250.1
JFL,1/16/2025,605.7,622.0,558.0,560.0,-9.39,230573.0,492.0,250.1
JFL,1/19/2025,570.0,597.0,545.0,588.0,5.0,112649.0,492.0,250.1
JFL,1/20/2025,597.0,598.0,545.0,547.0,-6.97,128528.0,492.0,250.1
JFL,1/21/2025,536.1,546.0,515.0,516.0,-5.67,126069.0,492.0,250.1
JFL,1/22/2025,514.0,529.0,498.0,509.0,-1.36,125874.0,492.0,250.1
JFL,1/23/2025,504.0,505.0,470.1,471.0,-7.47,175935.0,492.0,250.1
JFL,1/26/2025,471.0,471.0,423.9,423.9,-10.0,205495.0,492.0,250.1
JFL,1/27/2025,424.0,466.2,400.0,466.2,9.98,189414.0,492.0,250.1
JFL,1/28/2025,475.0,512.8,475.0,512.8,10.0,119169.0,492.0,250.1
JFL,2/2/2025,523.0,543.0,505.0,510.0,-0.55,146197.0,492.0,250.1
JFL,2/3/2025,520.2,520.2,495.0,495.0,-2.94,97697.0,492.0,250.1
JFL,2/4/2025,503.0,503.0,472.0,485.0,-2.02,52983.0,492.0,250.1
JFL,2/5/2025,493.0,521.0,477.0,518.0,6.8,97860.0,492.0,250.1
JFL,2/6/2025,528.3,557.0,508.0,525.0,1.35,120052.0,492.0,250.1
JFL,2/9/2025,520.5,548.7,511.0,524.0,-0.19,74138.0,492.0,250.1
JFL,2/10/2025,529.0,535.0,511.0,515.0,-1.72,54255.0,492.0,250.1
JFL,2/11/2025,525.0,525.0,511.7,513.0,-0.39,40391.0,492.0,250.1
JFL,2/12/2025,523.0,526.0,512.9,516.0,0.58,45920.0,492.0,250.1
JFL,2/13/2025,524.9,529.9,515.0,525.0,1.74,76571.0,492.0,250.1
JFL,2/16/2025,535.5,577.5,535.5,577.5,10.0,166619.0,492.0,250.1
JFL,2/17/2025,589.0,625.0,585.0,588.6,1.92,156811.0,492.0,250.1
JFL,2/18/2025,600.3,600.3,562.5,565.9,-3.86,79462.0,492.0,250.1
JFL,2/20/2025,570.0,595.0,546.0,564.0,-0.34,73912.0,492.0,250.1
JFL,2/23/2025,575.2,580.0,537.0,567.0,0.53,64630.0,492.0,250.1
JFL,2/24/2025,577.0,577.0,550.0,555.0,-2.12,47264.0,492.0,250.1
JFL,2/25/2025,566.1,566.1,543.0,544.0,-1.98,39289.0,492.0,250.1
JFL,2/27/2025,554.8,565.0,545.0,555.0,2.02,39120.0,492.0,250.1
JFL,3/2/2025,566.1,595.5,561.0,592.8,6.81,91666.0,492.0,250.1
JFL,3/3/2025,604.6,620.0,586.0,587.0,-0.98,93196.0,492.0,250.1
JFL,3/4/2025,598.7,598.7,569.0,574.0,-2.21,52822.0,492.0,250.1
JFL,3/5/2025,570.0,576.0,555.0,557.3,-2.91,41153.0,492.0,250.1
JFL,3/6/2025,568.0,573.0,557.0,572.0,2.64,31876.0,492.0,250.1
JFL,3/9/2025,583.4,583.4,553.4,560.0,-2.1,31146.0,492.0,250.1
JFL,3/10/2025,560.0,570.0,549.0,552.0,-1.43,43937.0,492.0,250.1
JFL,3/11/2025,559.0,560.0,539.0,540.5,-2.08,31293.0,492.0,250.1
JFL,3/12/2025,548.0,550.0,539.0,541.0,0.09,34120.0,492.0,250.1
JFL,3/16/2025,551.8,551.8,531.0,534.5,-1.2,34340.0,492.0,250.1
JFL,3/17/2025,535.0,543.0,529.0,538.0,0.65,19574.0,492.0,250.1
JFL,3/18/2025,540.0,540.0,528.5,529.9,-1.51,13846.0,492.0,250.1
JFL,3/19/2025,538.0,538.0,508.0,515.0,-2.81,44680.0,492.0,250.1
JFL,3/20/2025,515.0,520.0,507.8,512.08,-0.57,28334.0,492.0,250.1
JFL,3/23/2025,505.0,513.0,496.0,497.87,-2.77,25611.0,492.0,250.1
JFL,3/24/2025,507.8,524.0,489.3,515.88,3.62,55965.0,492.0,250.1
JFL,3/25/2025,505.6,515.0,496.0,496.86,-3.69,36561.0,492.0,250.1
JFL,3/26/2025,505.0,513.5,501.0,508.31,2.3,28172.0,492.0,250.1
JFL,3/27/2025,518.4,518.4,508.5,512.71,0.87,27288.0,492.0,250.1
JFL,3/30/2025,502.5,529.0,502.5,519.85,1.39,39776.0,492.0,250.1
JFL,4/1/2025,522.6,524.0,506.2,510.35,-1.83,24275.0,492.0,250.1
JFL,4/2/2025,508.1,540.0,507.1,523.59,2.59,34316.0,492.0,250.1
JFL,4/3/2025,525.2,532.2,511.0,514.07,-1.82,25057.0,492.0,250.1
JFL,4/7/2025,511.2,515.8,503.8,505.14,-1.74,23480.0,492.0,250.1
JFL,4/8/2025,510.0,513.0,500.0,511.12,1.18,18398.0,492.0,250.1
JFL,4/9/2025,513.0,521.0,510.2,512.92,0.35,21868.0,492.0,250.1
JFL,4/10/2025,521.0,521.0,505.0,507.33,-1.09,24043.0,492.0,250.1
JFL,4/13/2025,502.0,511.0,500.0,501.76,-1.1,32583.0,492.0,250.1
JFL,4/15/2025,505.0,513.9,505.0,507.51,1.15,24907.0,492.0,250.1
JFL,4/16/2025,507.0,516.0,501.6,505.16,-0.46,16253.0,492.0,250.1
JFL,4/17/2025,509.0,513.0,502.0,506.95,0.35,42656.0,492.0,250.1
JFL,4/20/2025,516.0,516.0,500.0,501.33,-1.11,28441.0,492.0,250.1
JFL,4/21/2025,504.0,506.8,495.0,498.69,-0.53,21215.0,492.0,250.1
JFL,4/22/2025,491.0,499.0,491.0,494.72,-0.8,26888.0,492.0,250.1
JFL,4/23/2025,500.0,500.0,485.0,487.16,-1.53,26933.0,492.0,250.1
JFL,4/24/2025,477.5,479.0,450.0,469.98,-3.53,89512.0,492.0,250.1
JFL,4/27/2025,460.6,484.0,460.6,470.33,0.07,34245.0,492.0,250.1
JFL,4/28/2025,479.7,480.0,463.0,463.97,-1.35,27385.0,492.0,250.1
JFL,4/29/2025,464.0,469.0,460.0,460.46,-0.76,15494.0,492.0,250.1
JFL,4/30/2025,469.6,469.6,447.0,448.3,-2.64,20143.0,492.0,250.1
JFL,5/4/2025,457.2,465.0,445.0,446.57,-0.39,18301.0,492.0,250.1
JFL,5/5/2025,449.0,450.0,437.0,438.27,-1.86,20076.0,492.0,250.1
JFL,5/6/2025,445.0,445.0,435.0,436.87,-0.32,17891.0,492.0,250.1
JFL,5/7/2025,435.0,478.0,435.0,476.15,8.99,42330.0,492.0,250.1
JFL,5/8/2025,485.6,515.0,461.0,501.29,5.28,61914.0,492.0,250.1
JFL,5/11/2025,510.0,511.0,485.0,487.3,-2.79,45106.0,492.0,250.1
JFL,5/13/2025,480.1,486.0,475.1,478.56,-1.79,17717.0,492.0,250.1
JFL,5/14/2025,475.0,500.1,465.5,476.02,-0.53,27625.0,492.0,250.1
JFL,5/15/2025,470.0,485.0,469.5,470.39,-1.18,10715.0,492.0,250.1
JFL,5/18/2025,463.5,481.4,463.5,466.55,-0.82,10473.0,492.0,250.1
JFL,5/19/2025,475.5,479.0,467.0,476.48,2.13,12207.0,492.0,250.1
JFL,5/20/2025,476.0,490.0,470.0,488.12,2.44,17814.0,492.0,250.1
JFL,5/21/2025,497.8,514.8,489.0,489.9,0.36,39551.0,492.0,250.1
JFL,5/22/2025,483.0,496.9,482.2,483.79,-1.25,14162.0,492.0,250.1
JFL,5/25/2025,490.0,490.0,476.0,478.19,-1.16,7619.0,492.0,250.1
JFL,5/26/2025,487.5,495.0,477.0,477.93,-0.05,10890.0,492.0,250.1
JFL,5/27/2025,477.9,482.0,468.5,474.53,-0.71,7785.0,492.0,250.1
JFL,5/28/2025,484.0,484.0,465.0,468.38,-1.3,14354.0,492.0,250.1
JFL,6/2/2025,477.7,483.0,470.0,474.92,1.4,9427.0,492.0,250.1
JFL,6/3/2025,478.0,479.0,469.0,469.26,-1.19,8815.0,492.0,250.1
JFL,6/4/2025,466.0,475.0,460.1,463.17,-1.3,10351.0,492.0,250.1
JFL,6/5/2025,472.0,472.0,460.0,462.2,-0.21,16298.0,492.0,250.1
JFL,6/8/2025,470.0,470.0,455.0,456.18,-1.3,18127.0,492.0,250.1
JFL,6/9/2025,448.0,465.0,448.0,458.66,0.54,9127.0,492.0,250.1
JFL,6/10/2025,467.0,492.0,460.0,490.37,6.91,45709.0,492.0,250.1
JFL,6/11/2025,500.0,501.0,477.0,478.83,-2.35,25481.0,492.0,250.1
JFL,6/12/2025,470.5,494.0,469.3,482.75,0.82,27658.0,492.0,250.1
JFL,6/15/2025,485.0,490.0,475.0,475.93,-1.41,17024.0,492.0,250.1
JFL,6/16/2025,476.0,485.0,471.0,475.05,-0.18,17315.0,492.0,250.1
JFL,6/17/2025,466.0,484.4,466.0,472.01,-0.64,16223.0,492.0,250.1
JFL,6/18/2025,481.4,481.4,463.1,465.64,-1.35,19597.0,492.0,250.1
JFL,6/19/2025,465.0,472.0,461.1,462.27,-0.72,17906.0,492.0,250.1
JFL,6/22/2025,469.0,469.0,460.0,461.3,-0.21,12078.0,492.0,250.1
JFL,6/23/2025,460.0,471.0,458.1,465.99,1.02,13932.0,492.0,250.1
JFL,6/24/2025,467.0,475.0,460.0,460.95,-1.08,8484.0,492.0,250.1
JFL,6/25/2025,462.0,462.0,455.5,458.88,-0.45,10044.0,492.0,250.1
JFL,6/26/2025,468.0,468.0,455.0,455.79,-0.67,13707.0,492.0,250.1
JFL,6/29/2025,454.0,464.0,451.1,460.9,1.12,12295.0,492.0,250.1
JFL,6/30/2025,465.1,468.0,458.1,459.09,-0.39,4718.0,492.0,250.1
JFL,7/1/2025,468.0,468.0,456.0,459.88,0.17,10045.0,492.0,250.1
JFL,7/2/2025,457.0,474.3,457.0,469.0,1.98,17696.0,492.0,250.1
JFL,7/3/2025,475.0,504.0,468.0,493.32,5.19,83872.0,492.0,250.1
JFL,7/6/2025,494.1,535.5,494.1,517.52,4.91,90353.0,492.0,250.1
JFL,7/7/2025,519.0,521.0,492.1,494.96,-4.36,40462.0,492.0,250.1
JFL,7/8/2025,494.0,509.9,485.1,501.89,1.4,32916.0,492.0,250.1
JFL,7/9/2025,501.0,505.0,495.6,499.86,-0.4,14175.0,492.0,250.1
JFL,7/10/2025,495.0,507.9,495.0,496.55,-0.66,25062.0,492.0,250.1
JFL,7/13/2025,506.4,523.0,501.1,502.6,1.22,32541.0,492.0,250.1
JFL,7/14/2025,500.0,507.0,492.0,492.84,-1.94,15816.0,492.0,250.1
JFL,7/15/2025,502.0,510.0,500.0,503.12,2.09,27666.0,492.0,250.1
JFL,7/16/2025,513.0,513.1,503.0,503.87,0.15,32977.0,492.0,250.1
JFL,7/17/2025,500.0,520.0,500.0,516.72,2.55,50424.0,492.0,250.1
JFL,7/20/2025,520.0,524.0,500.0,502.66,-2.72,68856.0,492.0,250.1
JFL,7/21/2025,502.0,510.0,499.0,503.43,0.15,47909.0,492.0,250.1
JFL,7/22/2025,508.9,517.0,501.0,511.13,1.53,64085.0,492.0,250.1
JFL,7/23/2025,520.9,552.8,515.0,541.33,5.91,125596.0,492.0,250.1
JFL,7/24/2025,552.1,558.0,535.0,542.14,0.15,62857.0,492.0,250.1
JFL,7/27/2025,543.0,543.0,520.2,523.92,-3.36,69716.0,492.0,250.1
JFL,7/28/2025,520.0,539.9,511.0,535.86,2.28,49460.0,492.0,250.1
JFL,7/29/2025,536.0,546.0,526.0,529.33,-1.22,37778.0,492.0,250.1
JFL,7/30/2025,539.8,539.8,515.0,516.93,-2.34,29418.0,492.0,250.1
JFL,7/31/2025,517.0,535.0,510.0,522.51,1.08,56093.0,492.0,250.1
JFL,8/3/2025,526.7,532.0,518.0,518.95,-0.68,43992.0,492.0,250.1
JFL,8/4/2025,524.0,525.0,507.0,511.6,-1.42,29175.0,492.0,250.1
JFL,8/5/2025,515.0,518.0,504.0,504.69,-1.35,13025.0,492.0,250.1
JFL,8/6/2025,500.5,510.0,495.1,498.67,-1.19,16159.0,492.0,250.1
JFL,8/7/2025,505.0,506.9,500.0,502.08,0.68,18411.0,492.0,250.1
JFL,8/11/2025,502.0,510.0,494.0,495.28,-1.35,15757.0,492.0,250.1
JFL,8/12/2025,505.0,505.0,485.5,486.21,-1.83,18776.0,492.0,250.1
JFL,8/13/2025,487.0,495.9,482.5,483.83,-0.49,12160.0,492.0,250.1
JFL,8/14/2025,490.0,490.0,475.1,478.13,-1.18,14544.0,492.0,250.1
JFL,8/17/2025,470.0,495.0,469.0,476.09,-0.43,17471.0,492.0,250.1
JFL,8/18/2025,477.0,479.5,471.2,477.21,0.24,14750.0,492.0,250.1
JFL,8/19/2025,478.0,480.0,471.1,475.31,-0.4,11179.0,492.0,250.1
JFL,8/20/2025,476.0,479.1,469.0,470.05,-1.11,17249.0,492.0,250.1
JFL,8/21/2025,470.0,475.0,466.1,468.78,-0.27,10365.0,492.0,250.1
JFL,8/24/2025,477.9,477.9,465.0,465.32,-0.74,6871.0,492.0,250.1
JFL,8/25/2025,470.0,470.0,462.0,465.06,-0.06,8860.0,492.0,250.1
JFL,8/26/2025,465.0,470.9,464.0,464.64,-0.09,11089.0,492.0,250.1
JFL,8/27/2025,465.0,479.9,461.0,476.99,2.66,9444.0,492.0,250.1
JFL,8/28/2025,480.0,485.0,467.0,468.03,-1.88,10725.0,492.0,250.1
JFL,8/31/2025,465.0,465.9,456.0,456.77,-2.41,13361.0,492.0,250.1
JFL,9/1/2025,457.0,461.0,456.5,459.59,0.62,9036.0,492.0,250.1
JFL,9/2/2025,460.0,465.0,449.5,449.97,-2.09,20718.0,492.0,250.1
JFL,9/3/2025,458.7,458.7,443.0,445.6,-0.97,10067.0,492.0,250.1
JFL,9/4/2025,450.0,451.0,440.1,446.73,0.25,10349.0,492.0,250.1
JFL,9/7/2025,455.6,455.6,445.5,447.71,0.22,9023.0,492.0,250.1
JFL,9/8/2025,442.0,445.0,441.0,443.26,-0.99,7414.0,492.0,250.1
JFL,9/18/2025,436.0,436.0,402.7,402.7,-9.15,1531.0,492.0,250.1
JFL,9/21/2025,403.0,441.0,395.0,438.02,8.77,22030.0,492.0,250.1
JFL,9/23/2025,445.7,469.0,445.7,452.0,3.19,13623.0,492.0,250.1
JFL,9/24/2025,461.0,463.0,449.0,452.0,0.0,6043.0,492.0,250.1
JFL,9/25/2025,446.0,451.0,446.0,448.9,-0.69,2036.0,492.0,250.1
JFL,9/28/2025,457.8,460.0,452.0,452.0,0.69,2722.0,492.0,250.1
JFL,10/7/2025,450.0,459.0,443.0,448.0,-0.88,2396.0,492.0,250.1
JFL,10/8/2025,440.1,449.0,426.0,440.0,-1.79,8130.0,492.0,250.1
JFL,10/9/2025,448.8,457.6,441.0,442.3,0.52,7832.0,492.0,250.1
JFL,10/12/2025,442.3,442.3,429.0,439.0,-0.75,8964.0,492.0,250.1
JFL,10/13/2025,435.0,444.9,431.0,440.0,0.23,6238.0,492.0,250.1
JFL,10/14/2025,445.0,445.0,430.0,434.0,-1.36,4448.0,492.0,250.1
JFL,10/15/2025,431.0,432.0,420.0,420.0,-3.23,7241.0,492.0,250.1
JFL,10/16/2025,420.0,428.4,416.0,420.0,0.0,5085.0,492.0,250.1
JFL,10/19/2025,412.5,420.1,412.1,418.0,-0.48,3359.0,492.0,250.1
JFL,10/26/2025,418.0,420.0,409.0,413.0,-1.2,6948.0,492.0,250.1
JFL,10/28/2025,421.0,434.0,419.0,434.0,5.08,4790.0,492.0,250.1
JFL,10/29/2025,442.0,450.0,427.0,430.0,-0.92,5457.0,492.0,250.1
JFL,10/30/2025,438.0,438.0,426.0,427.2,-0.65,7013.0,492.0,250.1
JFL,11/2/2025,423.0,450.0,423.0,448.0,4.87,20824.0,492.0,250.1
JFL,11/3/2025,456.0,457.0,438.1,445.0,-0.67,12152.0,492.0,250.1
JFL,11/4/2025,453.7,465.0,439.0,444.0,-0.22,11729.0,492.0,250.1
JFL,11/5/2025,444.0,454.0,438.6,453.0,2.03,9979.0,492.0,250.1
JFL,11/6/2025,462.0,468.9,453.1,455.0,0.44,21500.0,492.0,250.1
JFL,11/9/2025,450.0,450.0,437.0,438.0,-3.74,8853.0,492.0,250.1
JFL,11/10/2025,440.0,440.0,436.0,436.0,-0.46,5161.0,492.0,250.1
JFL,11/11/2025,433.0,441.0,432.2,437.0,0.23,4658.0,492.0,250.1
JFL,11/12/2025,440.0,445.0,430.0,430.0,-1.6,7252.0,492.0,250.1
JFL,11/13/2025,430.0,438.0,428.0,431.0,0.23,5929.0,492.0,250.1
JFL,11/16/2025,424.0,434.0,424.0,428.0,-0.7,3876.0,492.0,250.1
JFL,11/17/2025,430.0,433.0,424.0,429.8,0.42,5636.0,492.0,250.1
JFL,11/18/2025,437.9,438.2,425.1,430.2,0.09,5883.0,492.0,250.1
JFL,11/19/2025,430.0,435.0,425.0,425.0,-1.21,2839.0,492.0,250.1
JFL,11/20/2025,424.0,431.9,421.0,422.0,-0.71,5796.0,492.0,250.1
JFL,11/23/2025,430.4,430.4,425.0,427.0,1.18,4856.0,492.0,250.1
JFL,11/24/2025,435.5,435.5,428.0,430.0,0.7,11961.0,492.0,250.1
JFL,11/25/2025,438.0,438.0,428.4,435.0,1.16,7553.0,492.0,250.1
JFL,11/26/2025,430.0,438.6,429.0,433.0,-0.46,9297.0,492.0,250.1
JFL,11/27/2025,430.0,436.0,426.5,427.0,-1.39,10665.0,492.0,250.1
JFL,11/30/2025,424.0,432.9,423.1,423.3,-0.87,13043.0,492.0,250.1
JFL,12/1/2025,424.0,425.0,421.1,422.2,-0.26,11359.0,492.0,250.1
JFL,12/2/2025,430.0,430.0,420.0,422.1,-0.02,7680.0,492.0,250.1
JFL,12/3/2025,420.0,433.0,420.0,429.9,1.85,21554.0,492.0,250.1
JFL,12/7/2025,424.0,430.0,423.0,423.1,-1.58,8709.0,492.0,250.1
JFL,12/8/2025,429.0,429.0,416.2,421.0,-0.5,14382.0,492.0,250.1
JFL,12/9/2025,422.0,422.5,418.0,420.0,-0.24,7732.0,492.0,250.1
JFL,12/10/2025,420.0,424.9,417.0,417.0,-0.71,2750.0,492.0,250.1
JFL,12/11/2025,410.0,420.0,410.0,415.1,-0.46,7274.0,492.0,250.1
JFL,12/14/2025,423.0,423.0,413.0,414.5,-0.14,4448.0,492.0,250.1
JFL,12/15/2025,420.0,420.0,411.6,416.0,0.36,7260.0,492.0,250.1
JFL,12/16/2025,411.6,419.0,411.6,417.0,0.24,2656.0,492.0,250.1
JFL,12/17/2025,418.0,425.0,417.0,419.0,0.48,10233.0,492.0,250.1
JFL,12/18/2025,425.0,425.0,416.7,417.1,-0.45,6851.0,492.0,250.1
JFL,12/21/2025,412.7,416.9,411.2,414.7,-0.58,7723.0,492.0,250.1
JFL,12/22/2025,418.0,418.0,405.0,408.0,-1.62,15070.0,492.0,250.1
JFL,12/23/2025,410.0,413.4,401.4,413.4,1.32,25442.0,492.0,250.1
JFL,12/24/2025,413.0,413.0,400.0,405.0,-2.03,20166.0,492.0,250.1
JFL,12/28/2025,402.0,417.0,402.0,417.0,2.96,15106.0,492.0,250.1
JFL,12/29/2025,417.0,418.0,411.0,411.0,-1.44,8062.0,492.0,250.1
JFL,12/31/2025,409.1,417.0,409.1,412.0,0.24,5849.0,492.0,250.1
JFL,1/1/2026,407.0,414.4,407.0,410.8,-0.29,7459.0,492.0,250.1
JFL,1/4/2026,410.0,414.9,402.0,403.0,-1.9,14340.0,492.0,250.1
JFL,1/5/2026,411.0,411.0,403.0,408.0,1.24,8997.0,492.0,250.1
JFL,1/6/2026,400.1,435.0,400.1,431.8,5.83,54804.0,492.0,250.1
JFL,1/7/2026,424.0,437.9,423.0,433.5,0.39,20922.0,492.0,250.1
JFL,1/8/2026,438.5,438.5,424.0,435.0,0.35,17142.0,492.0,250.1
JFL,1/12/2026,440.0,452.5,418.0,430.0,-1.15,11407.0,492.0,250.1
JFL,1/13/2026,421.4,430.0,413.0,430.0,0.0,12142.0,492.0,250.1
JFL,1/14/2026,435.0,440.0,423.0,437.0,1.63,32419.0,492.0,250.1
JFL,1/18/2026,437.0,468.0,431.3,455.0,4.12,69276.0,492.0,250.1
JFL,1/20/2026,455.0,492.0,452.8,459.0,0.88,46697.0,492.0,250.1
JFL,1/21/2026,465.0,468.1,442.0,451.0,-1.74,40246.0,492.0,250.1
JFL,1/22/2026,442.0,466.0,442.0,458.0,1.55,23206.0,492.0,250.1
JFL,1/25/2026,463.0,489.0,460.0,472.0,3.06,67040.0,492.0,250.1
JFL,1/26/2026,466.0,475.0,456.2,469.2,-0.59,39792.0,492.0,250.1
JFL,1/27/2026,470.0,471.0,454.2,457.0,-2.6,25725.0,492.0,250.1
JFL,1/28/2026,448.1,465.0,441.0,457.0,0.0,32362.0,492.0,250.1
JFL,1/29/2026,465.8,465.8,442.0,443.0,-3.06,26389.0,492.0,250.1
JFL,2/1/2026,443.0,467.0,435.1,440.0,-0.68,18948.0,492.0,250.1
JFL,2/2/2026,442.1,445.0,433.9,440.0,0.0,15110.0,492.0,250.1
JFL,2/3/2026,448.0,448.0,425.0,436.4,-0.82,17882.0,492.0,250.1
JFL,2/4/2026,430.0,445.0,430.0,433.9,-0.57,14625.0,492.0,250.1
JFL,2/5/2026,425.3,440.0,425.3,440.0,1.41,16206.0,492.0,250.1
JFL,2/8/2026,440.0,443.7,432.1,440.1,0.02,20875.0,492.0,250.1
JFL,2/9/2026,435.0,435.2,425.0,431.5,-1.95,22052.0,492.0,250.1
JFL,2/10/2026,431.0,439.6,425.6,428.0,-0.81,5520.0,492.0,250.1
JFL,2/11/2026,431.0,439.6,426.0,428.4,0.09,8057.0,492.0,250.1
JFL,2/12/2026,430.0,434.0,425.0,425.0,-0.79,11212.0,492.0,250.1
JFL,2/16/2026,420.1,431.0,420.1,425.0,0.0,5187.0,492.0,250.1
JFL,2/17/2026,425.0,430.0,420.0,424.8,-0.05,8826.0,492.0,250.1
JFL,2/22/2026,424.0,424.0,417.0,419.3,-1.29,11892.0,492.0,250.1
JFL,2/23/2026,419.0,422.0,411.0,411.0,-1.98,18494.0,492.0,250.1
JFL,2/24/2026,419.0,419.0,411.4,418.7,1.87,9981.0,492.0,250.1
JFL,2/25/2026,421.0,423.9,415.0,416.2,-0.6,3596.0,492.0,250.1
JFL,2/26/2026,418.0,420.8,415.0,415.3,-0.22,9991.0,492.0,250.1
JFL,2/27/2026,418.0,420.8,415.0,415.3,0.0,9991.0,492.0,250.1
JFL,2/28/2026,418.0,420.8,415.0,415.3,0.0,9991.0,492.0,250.1
JFL,3/2/2026,415.3,434.0,412.0,430.0,3.54,13805.0,492.0,250.1
JFL,3/3/2026,429.9,436.0,428.0,435.0,1.16,6435.0,492.0,250.1
JFL,3/4/2026,429.9,436.0,428.0,435.0,0.0,6435.0,492.0,250.1
JFL,3/5/2026,429.9,436.0,428.0,435.0,0.0,6435.0,492.0,250.1
JFL,3/6/2026,429.9,436.0,428.0,435.0,0.0,6435.0,492.0,250.1
JFL,3/7/2026,429.9,436.0,428.0,435.0,0.0,6435.0,492.0,250.1
JFL,3/8/2026,429.9,436.0,428.0,435.0,0.0,6435.0,492.0,250.1
JFL,3/9/2026,443.7,443.7,443.7,443.7,2.0,10.0,492.0,250.1
JFL,3/10/2026,452.5,470.0,449.0,458.0,3.22,58423.0,492.0,250.1
JFL,3/11/2026,467.0,467.0,450.0,450.0,-1.75,20162.0,492.0,250.1
JFL,3/12/2026,459.0,459.0,449.1,452.0,0.44,12383.0,492.0,250.1
JFL,3/13/2026,459.0,459.0,449.1,452.0,0.0,12383.0,492.0,250.1
JFL,3/14/2026,459.0,459.0,449.1,452.0,0.0,12383.0,492.0,250.1
JFL,3/15/2026,455.0,461.0,449.0,450.0,-0.44,11451.0,492.0,250.1
JFL,3/16/2026,450.0,455.0,438.1,442.0,-1.78,15728.0,492.0,250.1
JFL,3/17/2026,442.0,448.0,434.1,444.7,0.61,12155.0,492.0,250.1
JFL,3/18/2026,442.0,448.0,434.1,444.7,0.0,12155.0,492.0,250.1
JFL,3/19/2026,453.1,462.0,450.0,455.0,2.32,23826.0,492.0,250.1
JFL,3/20/2026,453.1,462.0,450.0,455.0,0.0,23826.0,492.0,250.1
JFL,3/21/2026,453.1,462.0,450.0,455.0,0.0,23826.0,492.0,250.1
JFL,3/22/2026,464.0,470.0,458.0,470.0,3.3,53839.0,492.0,250.1
JFL,3/23/2026,474.0,474.0,459.0,464.0,-1.28,24881.0,492.0,250.1
JFL,3/24/2026,473.0,473.0,460.0,462.7,-0.28,14066.0,492.0,250.1
JFL,3/25/2026,468.0,468.0,452.0,453.0,-2.1,18769.0,492.0,250.1
JFL,3/26/2026,455.0,457.0,451.0,456.0,0.22,11158.0,492.0,250.1
JFL,3/29/2026,460.0,460.0,442.0,442.0,-3.91,14970.0,492.0,250.1
JFL,3/30/2026,442.0,448.0,435.0,436.0,-1.36,15823.0,492.0,250.1
JFL,3/31/2026,436.0,450.0,431.0,444.0,1.83,12936.0,492.0,250.1
JFL,4/1/2026,444.0,449.0,427.6,430.0,-3.15,8157.0,492.0,250.1
JFL,4/2/2026,421.5,435.0,413.0,420.0,-0.36,13813.0,492.0,250.1
JFL,4/5/2026,415.0,424.0,406.0,406.2,-2.12,26345.0,492.0,250.1
JFL,4/6/2026,407.0,426.0,407.0,426.0,4.67,15098.0,492.0,250.1
JFL,4/7/2026,426.0,437.0,419.0,419.0,-1.64,8712.0,492.0,250.1
JFL,4/8/2026,427.0,427.0,420.0,423.0,-0.94,3775.0,492.0,250.1
JFL,4/9/2026,415.7,434.0,415.7,430.0,3.44,8401.0,492.0,250.1
JFL,4/10/2026,431.0,431.0,422.0,422.6,-1.95,5585.0,492.0,250.1
JFL,4/13/2026,425.0,432.9,425.0,425.0,0.0,5527.0,492.0,250.1
JFL,4/15/2026,433.5,439.9,425.0,431.0,-0.58,6980.0,492.0,250.1
JFL,4/16/2026,426.0,431.6,420.0,422.0,-0.94,8551.0,492.0,250.1
JFL,4/17/2026,422.0,425.0,419.0,425.0,0.71,10800.0,492.0,250.1
JFL,4/20/2026,425.0,425.0,419.0,419.0,-1.41,8297.0,492.0,250.1
JFL,4/21/2026,429.0,429.0,416.3,417.5,-2.68,6366.0,492.0,250.1
JFL,4/22/2026,410.0,423.0,405.0,418.0,1.95,14504.0,492.0,250.1
JFL,4/23/2026,429.0,430.0,415.0,415.0,-3.26,4129.0,492.0,250.1
JFL,4/24/2026,415.0,418.5,413.0,413.1,-0.46,4147.0,492.0,250.1
JFL,4/27/2026,413.1,417.4,413.0,417.4,1.04,2295.0,492.0,250.1
JFL,4/28/2026,417.4,418.0,415.0,417.0,-0.1,6565.0,492.0,250.1
JFL,4/29/2026,417.0,419.0,410.0,411.5,-1.32,4307.0,492.0,250.1
JFL,4/30/2026,409.0,411.5,406.0,409.0,0.0,5862.0,492.0,250.1
JFL,5/4/2026,421.2,446.8,410.0,412.8,-1.99,7132.0,492.0,250.1
JFL,5/5/2026,406.0,415.0,406.0,412.1,1.5,2606.0,492.0,250.1
JFL,5/6/2026,416.0,416.0,405.0,408.0,-1.92,3235.0,492.0,250.1
JFL,5/7/2026,406.0,408.0,403.2,405.0,-0.25,6433.0,492.0,250.1
JFL,5/8/2026,407.0,413.0,406.2,412.0,1.23,1267.0,492.0,250.1
JFL,5/11/2026,424.3,424.3,412.0,415.0,-2.19,8249.0,492.0,250.1
JFL,5/12/2026,423.0,423.0,405.0,409.0,-3.31,7178.0,492.0,250.1
JFL,5/13/2026,405.1,409.0,405.1,407.0,0.47,1957.0,492.0,250.1
JFL,5/14/2026,408.0,412.0,407.0,407.0,-0.25,2839.0,492.0,250.1
JFL,5/15/2026,410.0,410.0,404.0,405.6,-1.07,3841.0,492.0,250.1
JFL,5/18/2026,385.4,430.0,385.4,408.0,5.86,2690.0,492.0,250.1
JFL,5/19/2026,387.6,410.0,387.6,408.0,5.26,4350.0,492.0,250.1
JFL,5/20/2026,408.0,417.0,408.0,411.0,0.74,4805.0,492.0,250.1
JFL,5/21/2026,414.9,414.9,408.0,408.0,-1.66,2650.0,492.0,250.1
JFL,5/22/2026,417.4,417.4,405.1,408.0,-2.25,4809.0,492.0,250.1
JFL,5/25/2026,409.0,414.9,409.0,413.1,1.0,3350.0,492.0,250.1
JFL,5/26/2026,413.2,418.9,408.0,408.0,-1.26,4388.0,492.0,250.1
JFL,5/27/2026,405.2,412.0,405.1,412.0,1.68,2094.0,492.0,250.1
JFL,6/1/2026,410.0,412.0,404.0,410.0,0.0,1067.0,492.0,250.1
JFL,6/2/2026,404.3,425.1,404.0,423.0,4.63,22709.0,492.0,250.1
JFL,6/3/2026,425.0,425.0,415.0,419.9,-1.2,6454.0,492.0,250.1
JFL,6/4/2026,427.0,427.0,414.2,415.0,-2.81,9167.0,492.0,250.1
JFL,6/5/2026,422.0,433.0,421.0,428.6,1.56,19852.0,492.0,250.1
JFL,6/8/2026,433.5,437.0,422.0,427.9,-1.29,13831.0,492.0,250.1
JFL,6/9/2026,425.1,430.0,412.0,418.0,-1.67,9410.0,492.0,250.1
JFL,6/10/2026,425.0,429.7,417.0,421.0,-0.94,7459.0,492.0,250.1
JFL,6/11/2026,416.0,425.0,414.3,414.5,-0.36,4568.0,492.0,250.1
JFL,6/12/2026,415.0,417.0,405.0,405.0,-2.41,8238.0,492.0,250.1
JFL,6/15/2026,425.2,425.2,405.0,406.0,-4.52,9095.0,492.0,250.1
JFL,6/16/2026,426.2,426.2,406.0,407.9,-4.29,5123.0,492.0,250.1
JFL,6/17/2026,414.0,416.0,405.0,405.0,-2.17,7995.0,492.0,250.1
JFL,6/18/2026,415.0,415.0,402.5,408.9,-1.47,6150.0,492.0,250.1
JFL,6/19/2026,390.0,413.7,390.0,405.2,3.9,5665.0,492.0,250.1
JFL,6/22/2026,405.1,415.0,405.0,409.7,1.14,6532.0,492.0,250.1
JFL,6/23/2026,403.0,406.0,400.0,405.0,0.5,4033.0,492.0,250.1
JFL,6/24/2026,405.0,405.0,400.0,403.0,-0.49,7024.0,492.0,250.1
JFL,6/26/2026,401.2,405.0,400.0,401.0,-0.05,6612.0,492.0,250.1
JFL,6/29/2026,401.0,401.0,399.0,400.2,-0.2,7025.0,492.0,250.1
JFL,6/30/2026,397.0,399.0,394.0,397.0,0.0,4720.0,492.0,250.1
JFL,7/1/2026,407.8,407.8,398.0,398.0,-2.4,2276.0,492.0,250.1
JFL,7/2/2026,398.0,401.0,394.0,396.0,-0.5,3236.0,492.0,250.1
JFL,7/3/2026,406.0,407.7,398.5,398.5,-1.85,2478.0,492.0,250.1
JFL,7/6/2026,400.0,400.0,395.0,395.1,-1.22,4189.0,492.0,250.1
JFL,7/7/2026,396.0,397.0,395.0,396.9,0.23,2444.0,492.0,250.1
JFL,7/8/2026,396.0,400.0,390.0,390.0,-1.52,8190.0,492.0,250.1
JFL,7/9/2026,390.0,396.9,385.0,385.1,-1.26,2671.0,492.0,250.1
JFL,7/10/2026,396.0,400.0,375.0,376.2,-5.0,6866.0,492.0,250.1
JFL,7/13/2026,387.0,387.4,377.0,381.0,-1.55,6869.0,492.0,250.1
JFL,7/14/2026,381.0,389.8,378.5,383.2,0.58,5939.0,492.0,250.1
JFL,7/15/2026,388.0,388.0,385.0,385.0,-0.77,3719.0,492.0,250.1
JFL,7/16/2026,390.0,390.0,383.0,383.0,-1.79,3435.0,492.0,250.1
JFL,7/17/2026,394.0,400.0,394.0,399.0,1.27,4090.0,492.0,250.1
JFL,7/20/2026,399.0,402.5,395.0,401.9,0.73,4910.0,492.0,250.1
JFL,7/21/2026,402.0,408.0,392.3,403.9,0.47,6318.0,492.0,250.1
JFL,7/22/2026,403.0,410.9,403.0,405.5,0.62,7555.0,492.0,250.1
JFL,7/23/2026,400.1,404.0,395.0,400.0,-0.02,5347.0,492.0,250.1
JFL,7/24/2026,400.1,405.0,395.0,404.0,0.97,4548.0,492.0,250.1
JFL,7/27/2026,404.0,412.0,399.0,400.0,-0.99,5971.0,492.0,250.1
JFL,7/28/2026,400.0,404.9,391.0,400.0,0.0,895.0,492.0,250.1
JFL,7/29/2026,405.0,405.0,395.2,401.0,-0.99,1989.0,492.0,250.1
JFL,7/30/2026,402.9,404.0,393.0,393.0,-2.46,3495.0,492.0,250.1
JFL,7/31/2026,393.0,394.0,390.0,394.0,0.25,3470.0,492.0,250.1
JFL,8/3/2026,400.0,403.0,390.0,396.0,-1.0,3464.0,492.0,250.1
JFL,8/4/2026,398.0,398.0,388.0,388.1,-2.49,7031.0,492.0,250.1
JFL,8/5/2026,387.1,398.0,387.1,389.1,0.52,3630.0,492.0,250.1
JFL,8/6/2026,391.1,391.1,385.0,391.0,-0.03,3205.0,492.0,250.1
JFL,8/7/2026,385.0,389.0,384.0,384.5,-0.13,6409.0,492.0,250.1
JFL,8/10/2026,385.0,389.0,378.0,388.0,0.78,4185.0,492.0,250.1
JFL,8/11/2026,385.0,387.0,384.0,386.9,0.49,3250.0,492.0,250.1
JFL,8/12/2026,385.0,388.0,379.0,388.0,0.78,4317.0,492.0,250.1
JFL,8/13/2026,385.0,387.0,380.0,386.9,0.49,7016.0,492.0,250.1
JFL,8/14/2026,391.0,391.0,380.3,380.3,-2.74,4569.0,492.0,250.1
JFL,8/17/2026,390.0,390.0,380.0,384.0,-1.54,3217.0,492.0,250.1
JFL,8/18/2026,390.0,390.0,380.0,383.9,-1.56,4430.0,492.0,250.1
JFL,8/19/2026,381.0,387.1,380.0,381.7,0.18,1949.0,492.0,250.1
JFL,8/20/2026,385.0,385.0,377.5,381.0,-1.04,2855.0,492.0,250.1
JFL,8/21/2026,380.0,380.0,378.0,380.0,0.0,3187.0,492.0,250.1
JFL,8/24/2026,375.0,379.0,374.0,378.0,0.8,3363.0,492.0,250.1
JFL,8/25/2026,374.3,380.0,374.1,379.0,1.26,3746.0,492.0,250.1
JFL,8/26/2026,378.0,378.9,370.0,378.5,0.13,4771.0,492.0,250.1
JFL,8/27/2026,367.2,388.3,367.2,384.8,4.79,1773.0,492.0,250.1
JFL,8/31/2026,374.0,375.0,371.0,372.0,-0.53,2323.0,492.0,250.1
JFL,9/1/2026,368.0,373.0,365.0,371.0,0.82,2514.0,492.0,250.1
JFL,9/2/2026,365.0,371.0,365.0,370.0,1.37,1645.0,492.0,250.1
JFL,9/3/2026,370.0,370.0,361.2,368.9,-0.3,6967.0,492.0,250.1
JFL,9/7/2026,361.0,361.0,313.6,313.6,-13.13,72312.0,492.0,250.1
JFL,9/9/2026,300.0,300.0,266.6,266.6,-11.13,125289.0,492.0,250.1
JFL,9/10/2026,260.0,285.3,250.1,278.0,6.92,46008.0,492.0,250.1
JFL,9/11/2026,278.0,317.9,278.0,280.0,0.72,43949.0,492.0,250.1
JFL,9/14/2026,280.0,280.0,270.0,273.0,-2.5,23657.0,492.0,250.1
JFL,9/15/2026,286.0,297.0,273.0,295.0,3.15,50407.0,492.0,250.1
JFL,9/16/2026,290.0,300.0,285.1,291.0,0.34,26738.0,492.0,250.1
JFL,9/17/2026,285.0,296.9,285.0,289.9,1.72,14565.0,492.0,250.1
JFL,9/18/2026,280.0,293.8,280.0,290.0,3.57,21424.0,492.0,250.1
JFL,9/22/2026,304.0,304.0,282.0,282.0,-7.24,14357.0,492.0,250.1
JFL,9/23/2026,270.0,287.0,270.0,279.1,3.37,13622.0,492.0,250.1
JFL,9/24/2026,270.0,294.9,270.0,285.0,5.56,9509.0,492.0,250.1
JFL,9/28/2026,275.0,285.0,275.0,279.2,1.53,4767.0,492.0,250.1
JFL,9/29/2026,285.9,285.9,276.0,0.0,-100.0,3010.0,492.0,250.1
JFL,9/30/2026,270.0,278.0,270.0,276.0,2.22,4515.0,492.0,250.1
JFL,10/1/2026,270.0,280.0,270.0,280.0,3.7,11151.0,492.0,250.1
JFL,10/2/2026,275.0,287.0,275.0,280.0,1.82,6040.0,492.0,250.1
JHAPA,12/21/2025,1230.0,1259.0,1221.0,1245.0,,17532.0,1929.0,293.4
JHAPA,12/22/2025,1231.0,1240.0,1220.2,1240.0,-0.4,9574.0,1929.0,293.4
JHAPA,12/23/2025,1220.0,1240.9,1216.1,1236.0,-0.32,12240.0,1929.0,293.4
JHAPA,12/24/2025,1215.0,1243.0,1215.0,1230.0,-0.49,4601.0,1929.0,293.4
JHAPA,12/28/2025,1230.0,1251.6,1221.5,1247.8,1.45,12649.0,1929.0,293.4
JHAPA,12/29/2025,1248.0,1271.9,1228.8,1263.9,1.29,18557.0,1929.0,293.4
JHAPA,12/31/2025,1263.1,1295.0,1250.0,1285.0,1.67,19484.0,1929.0,293.4
JHAPA,1/1/2026,1275.0,1369.0,1275.0,1320.0,2.72,27353.0,1929.0,293.4
JHAPA,1/4/2026,1300.0,1366.0,1300.0,1359.0,2.95,33460.0,1929.0,293.4
JHAPA,1/5/2026,1331.9,1396.0,1331.9,1384.0,1.84,34752.0,1929.0,293.4
JHAPA,1/6/2026,1397.0,1475.0,1363.0,1368.0,-1.16,30695.0,1929.0,293.4
JHAPA,1/7/2026,1345.0,1389.0,1340.7,1380.0,0.88,21373.0,1929.0,293.4
JHAPA,1/8/2026,1353.0,1401.0,1353.0,1400.0,1.45,14467.0,1929.0,293.4
JHAPA,1/12/2026,1400.0,1507.0,1386.1,1470.0,5.0,31391.0,1929.0,293.4
JHAPA,1/13/2026,1490.0,1495.0,1397.0,1425.0,-3.06,41790.0,1929.0,293.4
JHAPA,1/14/2026,1409.0,1450.0,1404.0,1422.0,-0.21,15101.0,1929.0,293.4
JHAPA,1/18/2026,1407.0,1486.0,1407.0,1444.0,1.55,24476.0,1929.0,293.4
JHAPA,1/20/2026,1415.2,1510.0,1415.2,1499.9,3.87,36403.0,1929.0,293.4
JHAPA,1/21/2026,1470.0,1518.0,1455.0,1475.0,-1.66,17270.0,1929.0,293.4
JHAPA,1/22/2026,1490.0,1622.0,1464.0,1599.9,8.47,48436.0,1929.0,293.4
JHAPA,1/25/2026,1630.0,1749.0,1590.0,1680.0,5.01,26056.0,1929.0,293.4
JHAPA,1/26/2026,1700.0,1705.0,1600.0,1648.0,-1.9,35321.0,1929.0,293.4
JHAPA,1/27/2026,1648.0,1665.0,1535.0,1545.0,-6.25,32137.0,1929.0,293.4
JHAPA,1/28/2026,1538.0,1580.0,1490.1,1554.0,0.58,12947.0,1929.0,293.4
JHAPA,1/29/2026,1570.0,1581.0,1450.0,1473.0,-5.21,17499.0,1929.0,293.4
JHAPA,2/1/2026,1460.0,1469.9,1404.4,1420.0,-3.6,11431.0,1929.0,293.4
JHAPA,2/2/2026,1420.0,1560.0,1420.0,1514.0,6.62,13808.0,1929.0,293.4
JHAPA,2/3/2026,1520.0,1544.2,1450.4,1465.0,-3.24,9305.0,1929.0,293.4
JHAPA,2/4/2026,1445.0,1490.0,1417.1,1440.0,-1.71,9170.0,1929.0,293.4
JHAPA,2/5/2026,1440.0,1458.0,1416.1,1436.0,-0.28,9240.0,1929.0,293.4
JHAPA,2/8/2026,1408.0,1487.0,1408.0,1445.0,0.63,7452.0,1929.0,293.4
JHAPA,2/9/2026,1422.0,1440.0,1395.0,1396.0,-3.39,9593.0,1929.0,293.4
JHAPA,2/10/2026,1396.0,1423.0,1358.0,1375.0,-1.5,7751.0,1929.0,293.4
JHAPA,2/11/2026,1402.0,1415.0,1320.0,1320.0,-4.0,9763.0,1929.0,293.4
JHAPA,2/12/2026,1305.3,1316.0,1285.0,1300.0,-1.52,9500.0,1929.0,293.4
JHAPA,2/16/2026,1300.1,1417.6,1300.1,1360.0,4.62,11124.0,1929.0,293.4
JHAPA,2/17/2026,1336.0,1360.0,1335.0,1345.0,-1.1,3246.0,1929.0,293.4
JHAPA,2/22/2026,1371.9,1372.0,1300.0,1324.0,-1.56,4374.0,1929.0,293.4
JHAPA,2/23/2026,1325.0,1325.0,1300.0,1305.0,-1.44,5144.0,1929.0,293.4
JHAPA,2/24/2026,1315.0,1389.0,1304.1,1368.0,4.83,6006.0,1929.0,293.4
JHAPA,2/25/2026,1393.9,1402.0,1366.1,1400.0,2.34,6660.0,1929.0,293.4
JHAPA,2/26/2026,1372.0,1455.0,1372.0,1455.0,3.93,10767.0,1929.0,293.4
JHAPA,2/27/2026,1372.0,1455.0,1372.0,1455.0,0.0,10767.0,1929.0,293.4
JHAPA,2/28/2026,1372.0,1455.0,1372.0,1455.0,0.0,10767.0,1929.0,293.4
JHAPA,3/2/2026,1445.0,1500.0,1398.1,1480.0,1.72,13699.0,1929.0,293.4
JHAPA,3/3/2026,1450.4,1500.0,1431.0,1470.0,-0.68,6862.0,1929.0,293.4
JHAPA,3/4/2026,1450.4,1500.0,1431.0,1470.0,0.0,6862.0,1929.0,293.4
JHAPA,3/5/2026,1450.4,1500.0,1431.0,1470.0,0.0,6862.0,1929.0,293.4
JHAPA,3/6/2026,1450.4,1500.0,1431.0,1470.0,0.0,6862.0,1929.0,293.4
JHAPA,3/7/2026,1450.4,1500.0,1431.0,1470.0,0.0,6862.0,1929.0,293.4
JHAPA,3/8/2026,1450.4,1500.0,1431.0,1470.0,0.0,6862.0,1929.0,293.4
JHAPA,3/9/2026,1499.4,1559.5,1499.4,1529.0,4.01,830.0,1929.0,293.4
JHAPA,3/10/2026,1530.0,1550.0,1460.0,1550.0,1.37,19718.0,1929.0,293.4
JHAPA,3/11/2026,1519.0,1600.0,1470.1,1498.0,-3.35,7023.0,1929.0,293.4
JHAPA,3/12/2026,1527.0,1527.0,1455.0,1464.0,-2.27,7086.0,1929.0,293.4
JHAPA,3/13/2026,1527.0,1527.0,1455.0,1464.0,0.0,7086.0,1929.0,293.4
JHAPA,3/14/2026,1527.0,1527.0,1455.0,1464.0,0.0,7086.0,1929.0,293.4
JHAPA,3/15/2026,1450.0,1508.0,1411.3,1508.0,3.01,17919.0,1929.0,293.4
JHAPA,3/16/2026,1477.9,1477.9,1419.5,1450.0,-3.85,4853.0,1929.0,293.4
JHAPA,3/17/2026,1440.0,1525.0,1415.6,1419.2,-2.12,11531.0,1929.0,293.4
JHAPA,3/18/2026,1440.0,1525.0,1415.6,1419.2,0.0,11531.0,1929.0,293.4
JHAPA,3/19/2026,1447.0,1447.0,1400.1,1417.0,-0.16,8468.0,1929.0,293.4
JHAPA,3/20/2026,1447.0,1447.0,1400.1,1417.0,0.0,8468.0,1929.0,293.4
JHAPA,3/21/2026,1447.0,1447.0,1400.1,1417.0,0.0,8468.0,1929.0,293.4
JHAPA,3/22/2026,1445.3,1500.0,1388.7,1417.0,0.0,18953.0,1929.0,293.4
JHAPA,3/23/2026,1417.0,1442.0,1397.0,1439.0,1.55,15857.0,1929.0,293.4
JHAPA,3/24/2026,1410.3,1439.0,1410.3,1437.5,-0.1,9919.0,1929.0,293.4
JHAPA,3/25/2026,1466.2,1494.0,1405.1,1430.0,-0.52,16859.0,1929.0,293.4
JHAPA,3/26/2026,1420.0,1473.7,1420.0,1445.0,1.76,11029.0,1929.0,293.4
JHAPA,3/29/2026,1425.0,1440.0,1388.0,1388.0,-2.6,10347.0,1929.0,293.4
JHAPA,3/30/2026,1363.0,1460.0,1363.0,1399.0,2.64,11404.0,1929.0,293.4
JHAPA,3/31/2026,1390.0,1400.0,1371.0,1387.9,-0.15,4181.0,1929.0,293.4
JHAPA,4/1/2026,1415.6,1440.0,1315.0,1415.0,-0.04,19401.0,1929.0,293.4
JHAPA,4/2/2026,1386.7,1414.0,1313.0,1382.0,-0.34,17621.0,1929.0,293.4
JHAPA,4/5/2026,1360.0,1360.0,1260.0,1299.1,-4.48,9399.0,1929.0,293.4
JHAPA,4/6/2026,1290.0,1410.0,1265.0,1338.0,3.72,23236.0,1929.0,293.4
JHAPA,4/7/2026,1315.0,1339.7,1285.0,1285.0,-2.28,13566.0,1929.0,293.4
JHAPA,4/8/2026,1310.7,1350.0,1301.2,1345.0,2.62,8394.0,1929.0,293.4
JHAPA,4/9/2026,1349.0,1380.0,1313.0,1350.0,0.07,9489.0,1929.0,293.4
JHAPA,4/10/2026,1323.0,1376.0,1307.0,1320.0,-0.23,9837.0,1929.0,293.4
JHAPA,4/13/2026,1305.0,1331.0,1300.1,1309.0,0.31,10937.0,1929.0,293.4
JHAPA,4/15/2026,1310.0,1323.7,1298.3,1318.0,0.61,9062.0,1929.0,293.4
JHAPA,4/16/2026,1310.0,1314.0,1285.0,1299.0,-0.84,6342.0,1929.0,293.4
JHAPA,4/17/2026,1280.0,1318.0,1275.0,1287.1,0.55,5068.0,1929.0,293.4
JHAPA,4/20/2026,1225.0,1443.0,1225.0,1440.0,17.55,37422.0,1929.0,293.4
JHAPA,4/21/2026,1440.0,1490.0,1385.0,1406.0,-2.36,25060.0,1929.0,293.4
JHAPA,4/22/2026,1363.9,1604.0,1363.9,1604.0,17.6,37502.0,1929.0,293.4
JHAPA,4/23/2026,1523.8,1692.0,1500.0,1612.0,5.79,40339.0,1929.0,293.4
JHAPA,4/24/2026,1610.0,1610.0,1510.0,1600.0,-0.62,23374.0,1929.0,293.4
JHAPA,4/27/2026,1520.0,1800.0,1520.0,1751.0,15.2,64704.0,1929.0,293.4
JHAPA,4/28/2026,1663.5,1738.6,1565.2,1731.0,4.06,40148.0,1929.0,293.4
JHAPA,4/29/2026,1731.0,1679.1,1506.5,1630.0,-5.83,24218.0,1929.0,293.4
JHAPA,4/30/2026,1700.0,1700.0,1483.0,1564.0,-8.0,38447.0,1929.0,293.4
JHAPA,5/4/2026,1564.0,1689.0,1551.1,1689.0,7.99,45429.0,1929.0,293.4
JHAPA,5/5/2026,1605.0,1800.0,1605.0,1770.0,10.28,34283.0,1929.0,293.4
JHAPA,5/6/2026,1681.5,1835.4,1681.5,1792.0,6.57,41486.0,1929.0,293.4
JHAPA,5/7/2026,1790.0,1810.0,1690.0,1795.0,0.28,43094.0,1929.0,293.4
JHAPA,5/8/2026,1705.3,1860.0,1705.3,1840.0,7.9,51604.0,1929.0,293.4
JHAPA,5/11/2026,1785.0,1929.0,1698.0,1799.0,0.78,32150.0,1929.0,293.4
JHAPA,5/12/2026,1883.0,1883.0,1590.0,1675.0,-11.05,27357.0,1929.0,293.4
JHAPA,5/13/2026,1592.0,1717.0,1459.1,1570.0,-1.38,44131.0,1929.0,293.4
JHAPA,5/14/2026,1648.5,1648.5,1468.0,1600.0,-2.94,46426.0,1929.0,293.4
JHAPA,5/15/2026,1520.0,1660.0,1520.0,1600.0,5.26,19253.0,1929.0,293.4
JHAPA,5/18/2026,1650.0,1650.0,1500.0,1578.9,-4.31,12271.0,1929.0,293.4
JHAPA,5/19/2026,1500.0,1578.9,1458.0,1509.0,0.6,6647.0,1929.0,293.4
JHAPA,5/20/2026,1433.6,1575.0,1433.6,1529.0,6.65,16253.0,1929.0,293.4
JHAPA,5/21/2026,1483.2,1550.0,1390.0,1405.0,-5.27,52638.0,1929.0,293.4
JHAPA,5/22/2026,1334.8,1500.0,1334.8,1499.0,12.3,15717.0,1929.0,293.4
JHAPA,5/25/2026,1480.0,1543.7,1438.0,1499.9,1.34,24488.0,1929.0,293.4
JHAPA,5/26/2026,1425.0,1563.0,1425.0,1500.0,5.26,23956.0,1929.0,293.4
JHAPA,5/27/2026,1480.0,1597.0,1471.0,1525.0,3.04,22792.0,1929.0,293.4
JHAPA,6/1/2026,1525.0,1529.9,1440.0,1480.0,-2.95,15545.0,1929.0,293.4
JHAPA,6/2/2026,1407.0,1471.9,1382.0,1418.0,0.78,28133.0,1929.0,293.4
JHAPA,6/3/2026,1418.0,1500.0,1378.0,1420.0,0.14,16999.0,1929.0,293.4
JHAPA,6/4/2026,1400.0,1470.0,1328.9,1389.8,-0.73,19972.0,1929.0,293.4
JHAPA,6/5/2026,1320.4,1391.0,1320.4,1380.0,4.51,19631.0,1929.0,293.4
JHAPA,6/8/2026,1360.0,1430.0,1305.0,1349.9,-0.74,13812.0,1929.0,293.4
JHAPA,6/9/2026,1309.5,1345.9,1300.0,1339.0,2.25,12839.0,1929.0,293.4
JHAPA,6/10/2026,1300.0,1410.0,1300.0,1378.0,6.0,15651.0,1929.0,293.4
JHAPA,6/11/2026,1310.0,1430.0,1310.0,1385.0,5.73,15182.0,1929.0,293.4
JHAPA,6/12/2026,1335.0,1419.0,1321.0,1340.0,0.37,10332.0,1929.0,293.4
JHAPA,6/15/2026,1273.0,1391.0,1273.0,1345.0,5.66,12556.0,1929.0,293.4
JHAPA,6/16/2026,1280.0,1360.0,1280.0,1322.0,3.28,6211.0,1929.0,293.4
JHAPA,6/17/2026,1315.0,1336.0,1300.0,1311.0,-0.3,8872.0,1929.0,293.4
JHAPA,6/18/2026,1370.0,1370.0,1291.3,1308.0,-4.53,7853.0,1929.0,293.4
JHAPA,6/19/2026,1305.0,1339.0,1300.0,1300.7,-0.33,9426.0,1929.0,293.4
JHAPA,6/22/2026,1300.0,1328.9,1295.1,1305.0,0.38,22415.0,1929.0,293.4
JHAPA,6/23/2026,1249.0,1319.5,1249.0,1296.9,3.84,5596.0,1929.0,293.4
JHAPA,6/24/2026,1250.0,1375.6,1220.0,1258.9,0.71,13865.0,1929.0,293.4
JHAPA,6/26/2026,1250.0,1326.0,1225.0,1308.0,4.64,13500.0,1929.0,293.4
JHAPA,6/29/2026,1295.0,1325.0,1255.0,1299.9,0.38,8925.0,1929.0,293.4
JHAPA,6/30/2026,1280.0,1317.0,1261.0,1287.0,0.55,2805.0,1929.0,293.4
JHAPA,7/1/2026,1280.0,1315.0,1232.4,1280.0,0.0,14193.0,1929.0,293.4
JHAPA,7/2/2026,1270.0,1339.0,1203.1,1268.9,-0.09,10147.0,1929.0,293.4
JHAPA,7/3/2026,1250.0,1324.0,1220.0,1269.0,1.52,10537.0,1929.0,293.4
JHAPA,7/6/2026,1260.0,1289.9,1203.0,1231.0,-2.3,13018.0,1929.0,293.4
JHAPA,7/7/2026,1200.0,1300.0,1181.0,1181.0,-1.58,12000.0,1929.0,293.4
JHAPA,7/8/2026,1180.0,1246.5,1110.7,1140.0,-3.39,13188.0,1929.0,293.4
JHAPA,7/9/2026,1083.0,1141.0,1021.5,1127.0,4.06,31997.0,1929.0,293.4
JHAPA,7/10/2026,1094.2,1128.0,1070.7,1077.0,-1.57,8329.0,1929.0,293.4
JHAPA,7/13/2026,1045.0,1141.0,1039.1,1039.1,-0.56,10573.0,1929.0,293.4
JHAPA,7/14/2026,1021.1,1135.0,1010.0,1020.0,-0.11,12719.0,1929.0,293.4
JHAPA,7/15/2026,1040.0,1071.0,1009.0,1048.0,0.77,11369.0,1929.0,293.4
JHAPA,7/16/2026,1000.0,1090.0,1000.0,1015.0,1.5,6912.0,1929.0,293.4
JHAPA,7/17/2026,1015.0,1135.0,1004.0,1111.0,9.46,19345.0,1929.0,293.4
JHAPA,7/20/2026,1120.0,1177.0,1078.0,1140.0,1.79,17738.0,1929.0,293.4
JHAPA,7/21/2026,1083.0,1218.0,1083.0,1148.0,6.0,11053.0,1929.0,293.4
JHAPA,7/22/2026,1126.0,1155.0,1111.0,1111.0,-1.33,11465.0,1929.0,293.4
JHAPA,7/23/2026,1100.0,1148.0,1100.0,1148.0,4.36,12509.0,1929.0,293.4
JHAPA,7/24/2026,1140.0,1235.9,1140.0,1211.1,6.24,22390.0,1929.0,293.4
JHAPA,7/27/2026,1201.1,1223.9,1130.3,1157.0,-3.67,13356.0,1929.0,293.4
JHAPA,7/28/2026,1199.2,1199.2,1121.1,1135.0,-5.35,6428.0,1929.0,293.4
JHAPA,7/29/2026,1136.0,1140.0,1120.0,1134.9,-0.1,3628.0,1929.0,293.4
JHAPA,7/30/2026,1131.0,1139.0,1104.0,1119.0,-1.06,5278.0,1929.0,293.4
JHAPA,7/31/2026,1111.0,1138.0,1101.1,1138.0,2.43,7234.0,1929.0,293.4
JHAPA,8/3/2026,1122.0,1171.0,1122.0,1139.0,1.52,3132.0,1929.0,293.4
JHAPA,8/4/2026,1125.0,1134.0,1115.0,1115.0,-0.89,4736.0,1929.0,293.4
JHAPA,8/5/2026,1104.1,1115.0,1090.0,1112.0,0.72,4866.0,1929.0,293.4
JHAPA,8/6/2026,1108.0,1112.0,1080.0,1098.0,-0.9,2330.0,1929.0,293.4
JHAPA,8/7/2026,1086.0,1096.9,1065.0,1090.0,0.37,4949.0,1929.0,293.4
JHAPA,8/10/2026,1075.0,1075.0,1058.0,1070.0,-0.47,5182.0,1929.0,293.4
JHAPA,8/11/2026,1070.0,1117.0,1070.0,1095.1,2.35,5184.0,1929.0,293.4
JHAPA,8/12/2026,1040.4,1100.0,1040.4,1087.9,4.57,3313.0,1929.0,293.4
JHAPA,8/13/2026,1077.2,1107.5,1075.0,1092.8,1.45,4422.0,1929.0,293.4
JHAPA,8/14/2026,1080.0,1093.7,1078.0,1084.9,0.45,2426.0,1929.0,293.4
JHAPA,8/17/2026,1084.9,1085.1,1070.5,1080.0,-0.45,3466.0,1929.0,293.4
JHAPA,8/18/2026,1071.0,1090.0,1051.1,1060.0,-1.03,4788.0,1929.0,293.4
JHAPA,8/19/2026,1065.0,1065.0,1037.0,1045.0,-1.88,3586.0,1929.0,293.4
JHAPA,8/20/2026,1045.0,1050.0,1016.1,1040.0,-0.48,5328.0,1929.0,293.4
JHAPA,8/21/2026,1037.0,1039.9,1020.0,1035.0,-0.19,4387.0,1929.0,293.4
JHAPA,8/24/2026,1035.0,1035.0,1022.0,1029.7,-0.51,2361.0,1929.0,293.4
JHAPA,8/25/2026,1030.0,1035.0,1012.0,1028.5,-0.15,2940.0,1929.0,293.4
JHAPA,8/26/2026,1015.0,1015.0,1000.0,1001.2,-1.36,3811.0,1929.0,293.4
JHAPA,8/27/2026,1000.0,1059.8,980.0,1013.0,1.3,4079.0,1929.0,293.4
JHAPA,8/31/2026,1010.0,1020.0,1000.0,1001.3,-0.86,2291.0,1929.0,293.4
JHAPA,9/1/2026,1000.0,1027.0,1000.0,1019.0,1.9,2665.0,1929.0,293.4
JHAPA,9/2/2026,1010.1,1020.1,1010.1,1019.5,0.93,1605.0,1929.0,293.4
JHAPA,9/3/2026,1010.0,1029.9,1010.0,1012.0,0.2,1683.0,1929.0,293.4
JHAPA,9/7/2026,1012.0,1033.8,1001.1,1021.0,0.89,2517.0,1929.0,293.4
JHAPA,9/9/2026,1016.1,1088.9,1016.1,1038.0,2.16,7788.0,1929.0,293.4
JHAPA,9/10/2026,1050.0,1081.0,1032.2,1038.0,-1.14,4331.0,1929.0,293.4
JHAPA,9/11/2026,1089.9,1089.9,1035.1,1050.0,-3.66,4190.0,1929.0,293.4
JHAPA,9/14/2026,1048.0,1079.0,1048.0,1058.0,0.95,2108.0,1929.0,293.4
JHAPA,9/15/2026,1110.0,1110.0,1074.0,1095.0,-1.35,7522.0,1929.0,293.4
JHAPA,9/16/2026,1090.0,1094.0,1051.2,1066.0,-2.2,3625.0,1929.0,293.4
JHAPA,9/17/2026,1077.0,1087.0,1051.3,1053.0,-2.23,2053.0,1929.0,293.4
JHAPA,9/18/2026,1066.0,1078.8,1053.0,1064.0,-0.19,1994.0,1929.0,293.4
JHAPA,9/22/2026,1053.0,1079.9,1050.0,1060.0,0.66,2710.0,1929.0,293.4
JHAPA,9/23/2026,1064.0,1064.0,1032.3,1033.2,-2.89,3446.0,1929.0,293.4
JHAPA,9/24/2026,1035.0,1049.0,1032.1,1038.0,0.29,1694.0,1929.0,293.4
JHAPA,9/28/2026,1010.1,1045.0,1010.1,1020.0,0.98,2639.0,1929.0,293.4
JHAPA,9/29/2026,1020.0,1034.9,1007.0,0.0,-100.0,2353.0,1929.0,293.4
JHAPA,9/30/2026,1002.0,1015.0,1002.0,1010.0,0.8,3180.0,1929.0,293.4
JHAPA,10/1/2026,1010.0,1017.0,1006.8,1017.0,0.69,1545.0,1929.0,293.4
JHAPA,10/2/2026,1017.0,1017.0,1009.2,1011.0,-0.59,2659.0,1929.0,293.4
JLI,4/25/2021,953.0,998.0,860.0,873.0,,366208.0,998.0,330.1
JLI,4/26/2021,873.0,873.0,820.0,822.0,-5.84,90977.0,998.0,330.1
JLI,4/27/2021,822.0,901.0,788.0,863.0,4.99,54524.0,998.0,330.1
JLI,4/28/2021,900.0,900.0,843.0,851.0,-1.39,25714.0,998.0,330.1
JLI,4/29/2021,889.0,889.0,828.0,842.0,-1.06,31245.0,998.0,330.1
JLI,5/2/2021,842.0,842.0,830.0,834.0,-0.95,41631.0,998.0,330.1
JLI,5/3/2021,834.0,845.0,828.0,829.0,-0.6,34916.0,998.0,330.1
JLI,5/4/2021,829.0,830.0,817.0,824.0,-0.6,24072.0,998.0,330.1
JLI,5/5/2021,824.0,830.0,817.0,819.0,-0.61,30354.0,998.0,330.1
JLI,5/6/2021,779.0,826.0,779.0,812.0,-0.85,28258.0,998.0,330.1
JLI,5/9/2021,812.0,812.0,795.0,798.0,-1.72,32208.0,998.0,330.1
JLI,5/10/2021,798.0,805.0,786.0,801.0,0.38,31266.0,998.0,330.1
JLI,5/11/2021,801.0,829.0,791.0,826.0,3.12,36055.0,998.0,330.1
JLI,5/12/2021,835.0,835.0,810.0,817.0,-1.09,14414.0,998.0,330.1
JLI,5/13/2021,817.0,820.0,810.0,811.0,-0.73,16586.0,998.0,330.1
JLI,5/16/2021,815.0,892.0,810.0,865.0,6.66,85168.0,998.0,330.1
JLI,5/17/2021,875.0,895.0,865.0,880.0,1.73,140611.0,998.0,330.1
JLI,5/18/2021,890.0,890.0,867.0,875.0,-0.57,61744.0,998.0,330.1
JLI,5/19/2021,875.0,880.0,849.0,859.0,-1.83,50782.0,998.0,330.1
JLI,5/20/2021,851.0,869.0,846.0,852.0,-0.81,43451.0,998.0,330.1
JLI,5/23/2021,810.0,870.0,810.0,851.0,-0.12,47156.0,998.0,330.1
JLI,5/24/2021,850.0,853.0,835.0,842.0,-1.06,28804.0,998.0,330.1
JLI,5/25/2021,800.0,877.0,800.0,853.0,1.31,56714.0,998.0,330.1
JLI,5/27/2021,812.0,860.0,812.0,842.0,-1.29,30760.0,998.0,330.1
JLI,5/30/2021,842.0,864.0,833.0,840.0,-0.24,40929.0,998.0,330.1
JLI,5/31/2021,850.0,858.0,833.0,833.0,-0.83,41409.0,998.0,330.1
JLI,6/1/2021,860.0,860.0,821.0,825.0,-0.96,17071.0,998.0,330.1
JLI,6/2/2021,866.0,866.0,810.0,827.0,0.24,31037.0,998.0,330.1
JLI,6/3/2021,822.0,846.0,822.0,824.0,-0.36,25325.0,998.0,330.1
JLI,6/6/2021,822.0,832.0,818.0,823.0,-0.12,23696.0,998.0,330.1
JLI,6/7/2021,822.0,835.0,819.0,821.0,-0.24,29435.0,998.0,330.1
JLI,6/8/2021,817.0,846.0,816.0,844.0,2.8,66308.0,998.0,330.1
JLI,6/9/2021,845.0,860.0,832.0,833.0,-1.3,33987.0,998.0,330.1
JLI,6/10/2021,835.0,850.0,825.0,827.0,-0.72,18758.0,998.0,330.1
JLI,6/13/2021,815.0,837.0,815.0,822.0,-0.6,30095.0,998.0,330.1
JLI,6/14/2021,822.0,840.0,819.0,823.0,0.12,28972.0,998.0,330.1
JLI,6/15/2021,840.0,840.0,818.0,820.0,-0.36,23191.0,998.0,330.1
JLI,6/16/2021,805.0,820.0,800.0,812.0,-0.98,29681.0,998.0,330.1
JLI,6/17/2021,812.0,820.0,801.0,812.0,0.0,18380.0,998.0,330.1
JLI,6/20/2021,820.0,820.0,794.0,799.0,-1.6,25125.0,998.0,330.1
JLI,6/21/2021,787.0,800.0,780.0,781.0,-2.25,23502.0,998.0,330.1
JLI,6/22/2021,790.0,795.0,779.0,793.0,1.54,14785.0,998.0,330.1
JLI,6/23/2021,800.0,800.0,778.0,778.0,-1.89,15007.0,998.0,330.1
JLI,6/24/2021,740.0,785.0,740.0,768.0,-1.29,16325.0,998.0,330.1
JLI,6/27/2021,768.0,783.0,760.0,768.0,0.0,16351.0,998.0,330.1
JLI,6/28/2021,760.0,777.0,760.0,763.0,-0.65,10425.0,998.0,330.1
JLI,6/29/2021,761.0,765.0,751.0,751.0,-1.57,13622.0,998.0,330.1
JLI,6/30/2021,747.0,750.0,728.0,744.0,-0.93,16555.0,998.0,330.1
JLI,7/1/2021,731.0,753.0,731.0,742.0,-0.27,15500.0,998.0,330.1
JLI,7/4/2021,750.0,755.0,735.0,742.0,0.0,14387.0,998.0,330.1
JLI,7/5/2021,742.0,745.0,731.0,733.0,-1.21,10028.0,998.0,330.1
JLI,7/6/2021,730.0,735.0,722.0,725.0,-1.09,12200.0,998.0,330.1
JLI,7/7/2021,722.0,725.0,717.0,723.0,-0.28,11568.0,998.0,330.1
JLI,7/8/2021,711.0,734.0,711.0,730.0,0.97,11506.0,998.0,330.1
JLI,7/11/2021,735.0,756.0,730.0,756.0,3.56,14994.0,998.0,330.1
JLI,7/12/2021,793.0,793.0,739.0,741.0,-1.98,15758.0,998.0,330.1
JLI,7/13/2021,740.0,755.0,730.0,744.0,0.4,8051.0,998.0,330.1
JLI,7/14/2021,781.0,781.0,736.0,744.0,0.0,5945.0,998.0,330.1
JLI,7/15/2021,744.0,755.0,731.0,745.0,0.13,10633.0,998.0,330.1
JLI,7/18/2021,745.0,775.0,740.0,774.5,3.96,15732.0,998.0,330.1
JLI,7/19/2021,789.9,790.0,755.0,770.0,-0.58,15381.0,998.0,330.1
JLI,7/20/2021,760.0,765.0,760.0,764.0,-0.78,10932.0,998.0,330.1
JLI,7/22/2021,760.0,765.0,755.0,765.0,0.13,14497.0,998.0,330.1
JLI,7/25/2021,754.0,774.0,754.0,771.0,0.78,20704.0,998.0,330.1
JLI,7/26/2021,770.0,790.0,770.0,784.0,1.69,24766.0,998.0,330.1
JLI,7/27/2021,790.0,794.0,781.0,790.0,0.77,19337.0,998.0,330.1
JLI,7/28/2021,780.0,806.0,780.0,806.0,2.03,27849.0,998.0,330.1
JLI,7/29/2021,806.0,826.2,793.9,803.0,-0.37,29078.0,998.0,330.1
JLI,8/1/2021,790.0,802.0,790.0,794.0,-1.12,21164.0,998.0,330.1
JLI,8/2/2021,790.0,795.0,778.0,781.7,-1.55,14897.0,998.0,330.1
JLI,8/3/2021,795.0,795.0,780.0,787.0,0.68,12078.0,998.0,330.1
JLI,8/4/2021,783.0,791.0,783.0,786.0,-0.13,15374.0,998.0,330.1
JLI,8/5/2021,780.0,810.0,780.0,780.1,-0.75,17390.0,998.0,330.1
JLI,8/8/2021,780.0,780.0,765.0,773.0,-0.91,19069.0,998.0,330.1
JLI,8/9/2021,761.0,775.0,761.0,765.5,-0.97,19113.0,998.0,330.1
JLI,8/10/2021,757.0,781.0,757.0,772.0,0.85,18101.0,998.0,330.1
JLI,8/11/2021,775.0,779.0,772.0,772.5,0.06,15725.0,998.0,330.1
JLI,8/12/2021,772.0,785.0,771.0,778.0,0.71,21094.0,998.0,330.1
JLI,8/15/2021,778.0,778.0,755.0,765.9,-1.56,16420.0,998.0,330.1
JLI,8/16/2021,780.0,780.0,755.5,758.0,-1.03,17079.0,998.0,330.1
JLI,8/17/2021,758.0,758.0,745.0,746.0,-1.58,22846.0,998.0,330.1
JLI,8/18/2021,750.0,757.8,732.0,748.1,0.28,18543.0,998.0,330.1
JLI,8/19/2021,750.0,800.0,741.0,770.0,2.93,34177.0,998.0,330.1
JLI,8/24/2021,785.4,799.9,772.0,780.0,1.3,28636.0,998.0,330.1
JLI,8/25/2021,780.0,785.0,756.6,761.0,-2.44,12267.0,998.0,330.1
JLI,8/26/2021,756.0,763.0,750.0,752.0,-1.18,14653.0,998.0,330.1
JLI,8/29/2021,752.0,752.0,736.0,743.0,-1.2,18899.0,998.0,330.1
JLI,8/31/2021,735.0,735.0,724.0,724.0,-2.56,16912.0,998.0,330.1
JLI,9/1/2021,720.0,738.4,713.0,719.0,-0.69,14686.0,998.0,330.1
JLI,9/2/2021,715.0,728.0,707.0,710.0,-1.25,16938.0,998.0,330.1
JLI,9/5/2021,697.8,700.0,648.0,678.2,-4.48,22148.0,998.0,330.1
JLI,9/6/2021,675.0,716.0,664.7,716.0,5.57,14863.0,998.0,330.1
JLI,9/7/2021,716.0,716.0,688.0,701.0,-2.09,10525.0,998.0,330.1
JLI,9/8/2021,691.0,700.0,682.1,686.0,-2.14,7230.0,998.0,330.1
JLI,9/9/2021,680.0,699.7,675.0,685.0,-0.15,7577.0,998.0,330.1
JLI,9/12/2021,676.1,690.0,676.1,685.1,0.01,11340.0,998.0,330.1
JLI,9/13/2021,685.1,697.0,682.0,688.5,0.5,10932.0,998.0,330.1
JLI,9/14/2021,690.0,695.0,681.0,689.0,0.07,11855.0,998.0,330.1
JLI,9/15/2021,688.0,692.0,669.0,670.0,-2.76,11318.0,998.0,330.1
JLI,9/16/2021,660.0,660.0,642.0,645.0,-3.73,17242.0,998.0,330.1
JLI,9/20/2021,633.0,645.0,589.5,602.0,-6.67,21082.0,998.0,330.1
JLI,9/21/2021,600.0,624.2,565.0,612.0,1.66,11840.0,998.0,330.1
JLI,9/22/2021,615.0,638.0,612.0,632.0,3.27,12920.0,998.0,330.1
JLI,9/23/2021,635.0,640.5,620.0,621.1,-1.72,13565.0,998.0,330.1
JLI,9/26/2021,621.1,621.1,602.0,605.0,-2.59,8700.0,998.0,330.1
JLI,9/27/2021,600.0,602.0,583.0,583.0,-3.64,11683.0,998.0,330.1
JLI,9/28/2021,574.0,585.0,563.0,566.0,-2.92,10954.0,998.0,330.1
JLI,9/29/2021,560.0,573.0,550.7,573.0,1.24,7905.0,998.0,330.1
JLI,9/30/2021,575.0,581.0,565.1,566.0,-1.22,9540.0,998.0,330.1
JLI,10/3/2021,566.0,566.0,550.0,555.0,-1.94,8519.0,998.0,330.1
JLI,10/4/2021,550.0,557.0,540.0,544.0,-1.98,7263.0,998.0,330.1
JLI,10/5/2021,544.0,567.0,537.0,551.1,1.31,6168.0,998.0,330.1
JLI,10/6/2021,551.1,572.0,551.1,571.0,3.61,6343.0,998.0,330.1
JLI,10/10/2021,571.1,579.0,561.0,569.0,-0.35,4590.0,998.0,330.1
JLI,10/11/2021,560.0,570.0,555.0,569.0,0.0,3234.0,998.0,330.1
JLI,10/17/2021,558.3,565.0,555.0,562.0,-1.23,2057.0,998.0,330.1
JLI,10/18/2021,555.0,566.0,553.0,555.5,-1.16,5338.0,998.0,330.1
JLI,10/19/2021,545.0,545.0,535.1,539.0,-2.97,6013.0,998.0,330.1
JLI,10/20/2021,541.0,562.0,530.1,543.5,0.83,4402.0,998.0,330.1
JLI,10/21/2021,552.0,552.0,541.1,545.0,0.28,2948.0,998.0,330.1
JLI,10/24/2021,545.0,545.0,535.0,538.5,-1.19,7079.0,998.0,330.1
JLI,10/25/2021,528.0,570.0,528.0,561.0,4.18,7237.0,998.0,330.1
JLI,10/26/2021,565.0,605.0,565.0,605.0,7.84,16269.0,998.0,330.1
JLI,10/27/2021,614.0,643.0,596.0,619.9,2.46,17150.0,998.0,330.1
JLI,10/28/2021,620.0,621.0,608.0,617.0,-0.47,7783.0,998.0,330.1
JLI,10/31/2021,605.0,642.0,605.0,634.0,2.76,10842.0,998.0,330.1
JLI,11/1/2021,634.0,659.5,634.0,648.0,2.21,21626.0,998.0,330.1
JLI,11/2/2021,640.0,650.0,635.1,643.0,-0.77,10799.0,998.0,330.1
JLI,11/3/2021,643.0,649.0,635.09,645.3,0.36,7425.0,998.0,330.1
JLI,11/8/2021,636.0,654.0,635.2,636.0,-1.44,9766.0,998.0,330.1
JLI,11/9/2021,633.0,633.1,601.0,615.0,-3.3,15904.0,998.0,330.1
JLI,11/11/2021,603.0,610.0,591.0,595.2,-3.22,7815.0,998.0,330.1
JLI,11/14/2021,600.0,600.0,578.2,585.0,-1.71,10052.0,998.0,330.1
JLI,11/15/2021,573.3,600.0,573.3,600.0,2.56,7007.0,998.0,330.1
JLI,11/16/2021,610.0,627.4,593.0,627.4,4.57,12739.0,998.0,330.1
JLI,11/17/2021,638.0,640.0,626.0,628.0,0.1,16600.0,998.0,330.1
JLI,11/18/2021,616.0,620.0,608.1,610.1,-2.85,7167.0,998.0,330.1
JLI,11/21/2021,600.0,609.0,598.2,600.0,-1.66,11721.0,998.0,330.1
JLI,11/22/2021,596.0,609.8,594.0,601.0,0.17,7899.0,998.0,330.1
JLI,11/23/2021,590.0,605.0,586.1,588.1,-2.15,10460.0,998.0,330.1
JLI,11/24/2021,578.0,595.0,578.0,589.0,0.15,8890.0,998.0,330.1
JLI,11/25/2021,590.0,590.0,582.0,587.0,-0.34,4593.0,998.0,330.1
JLI,11/28/2021,576.0,594.0,565.0,569.1,-3.05,10489.0,998.0,330.1
JLI,11/29/2021,558.0,572.0,558.0,560.0,-1.6,5388.0,998.0,330.1
JLI,11/30/2021,551.0,571.2,551.0,560.0,0.0,4833.0,998.0,330.1
JLI,12/1/2021,552.0,570.0,550.0,557.0,-0.54,10317.0,998.0,330.1
JLI,12/2/2021,555.0,555.0,549.1,549.1,-1.42,4991.0,998.0,330.1
JLI,12/5/2021,549.0,555.0,539.0,544.0,-0.93,9626.0,998.0,330.1
JLI,12/6/2021,535.5,556.0,530.0,556.0,2.21,10364.0,998.0,330.1
JLI,12/7/2021,555.0,580.0,546.0,565.0,1.62,8025.0,998.0,330.1
JLI,12/8/2021,564.0,564.0,543.0,544.0,-3.72,8090.0,998.0,330.1
JLI,12/9/2021,533.2,545.0,533.2,536.0,-1.47,5662.0,998.0,330.1
JLI,12/12/2021,532.0,535.0,522.0,522.0,-2.61,5904.0,998.0,330.1
JLI,12/13/2021,522.0,522.0,499.9,500.2,-4.18,10612.0,998.0,330.1
JLI,12/14/2021,500.0,545.7,500.0,540.0,7.96,3039.0,998.0,330.1
JLI,12/15/2021,540.0,560.0,520.0,530.1,-1.83,8502.0,998.0,330.1
JLI,12/16/2021,525.0,525.0,514.5,514.5,-2.94,3327.0,998.0,330.1
JLI,12/20/2021,507.0,512.0,505.0,508.0,-1.26,5636.0,998.0,330.1
JLI,12/21/2021,518.0,518.0,503.1,510.5,0.49,4796.0,998.0,330.1
JLI,12/22/2021,509.1,534.0,509.1,534.0,4.6,6557.0,998.0,330.1
JLI,12/23/2021,530.0,546.7,524.0,546.0,2.25,8227.0,998.0,330.1
JLI,12/26/2021,538.0,600.6,538.0,600.6,10.0,32644.0,998.0,330.1
JLI,12/27/2021,612.0,625.0,575.0,575.0,-4.26,26246.0,998.0,330.1
JLI,12/28/2021,563.5,576.0,553.0,572.0,-0.52,5200.0,998.0,330.1
JLI,12/29/2021,563.0,580.0,556.0,570.0,-0.35,5672.0,998.0,330.1
JLI,1/2/2022,580.0,622.0,560.0,605.0,6.14,28846.0,998.0,330.1
JLI,1/3/2022,608.0,633.0,595.2,622.0,2.81,37807.0,998.0,330.1
JLI,1/4/2022,611.1,656.0,611.1,656.0,5.47,46459.0,998.0,330.1
JLI,1/5/2022,644.0,656.0,628.0,640.1,-2.42,27285.0,998.0,330.1
JLI,1/6/2022,627.3,668.1,617.0,665.0,3.89,33471.0,998.0,330.1
JLI,1/9/2022,651.7,685.0,651.7,676.4,1.71,28227.0,998.0,330.1
JLI,1/10/2022,663.0,676.0,652.1,670.0,-0.95,16551.0,998.0,330.1
JLI,1/11/2022,669.0,690.0,660.0,679.0,1.34,25716.0,998.0,330.1
JLI,1/12/2022,680.0,695.0,655.1,655.3,-3.49,19211.0,998.0,330.1
JLI,1/13/2022,654.0,671.0,645.0,665.0,1.48,10628.0,998.0,330.1
JLI,1/16/2022,675.0,679.0,660.0,669.9,0.74,18575.0,998.0,330.1
JLI,1/17/2022,660.0,670.0,652.0,663.0,-1.03,16020.0,998.0,330.1
JLI,1/18/2022,650.1,662.0,647.0,648.0,-2.26,13772.0,998.0,330.1
JLI,1/19/2022,653.0,660.9,640.0,643.0,-0.77,9584.0,998.0,330.1
JLI,1/20/2022,631.0,661.0,631.0,661.0,2.8,17247.0,998.0,330.1
JLI,1/23/2022,674.2,705.2,674.2,705.2,6.69,88576.0,998.0,330.1
JLI,1/24/2022,710.0,730.0,702.0,718.0,1.82,121134.0,998.0,330.1
JLI,1/25/2022,715.0,738.0,705.0,731.9,1.94,49961.0,998.0,330.1
JLI,1/26/2022,734.0,734.0,705.0,725.0,-0.94,75251.0,998.0,330.1
JLI,1/27/2022,725.0,726.0,711.0,719.0,-0.83,35899.0,998.0,330.1
JLI,1/30/2022,733.3,744.0,716.1,724.9,0.82,31476.0,998.0,330.1
JLI,1/31/2022,725.0,725.0,712.0,717.0,-1.09,13497.0,998.0,330.1
JLI,2/1/2022,717.0,726.0,705.5,726.0,1.26,35775.0,998.0,330.1
JLI,2/3/2022,735.0,735.0,720.0,722.0,-0.55,39578.0,998.0,330.1
JLI,2/6/2022,722.0,735.0,708.3,715.0,-0.97,34492.0,998.0,330.1
JLI,2/7/2022,650.0,675.0,641.2,675.0,-5.59,41709.0,998.0,330.1
JLI,2/8/2022,688.5,691.0,662.0,665.0,-1.48,13556.0,998.0,330.1
JLI,2/9/2022,665.0,665.0,640.0,652.0,-1.95,7170.0,998.0,330.1
JLI,2/10/2022,652.0,655.0,640.0,646.0,-0.92,10120.0,998.0,330.1
JLI,2/13/2022,646.0,646.0,615.0,620.0,-4.02,13342.0,998.0,330.1
JLI,2/14/2022,609.0,618.0,609.0,613.5,-1.05,4590.0,998.0,330.1
JLI,2/15/2022,601.3,622.0,601.3,620.0,1.06,6385.0,998.0,330.1
JLI,2/16/2022,629.5,650.5,615.0,640.0,3.23,23840.0,998.0,330.1
JLI,2/17/2022,635.0,642.0,627.3,632.0,-1.25,6485.0,998.0,330.1
JLI,2/20/2022,619.4,620.1,610.0,612.0,-3.16,9705.0,998.0,330.1
JLI,2/21/2022,601.0,624.7,601.0,611.0,-0.16,4391.0,998.0,330.1
JLI,2/22/2022,608.0,625.0,608.0,625.0,2.29,13592.0,998.0,330.1
JLI,2/23/2022,615.0,622.0,610.0,614.0,-1.76,10719.0,998.0,330.1
JLI,2/24/2022,603.0,610.0,589.2,590.0,-3.91,18032.0,998.0,330.1
JLI,2/27/2022,590.0,620.0,584.0,584.0,-1.02,7271.0,998.0,330.1
JLI,2/28/2022,585.0,608.0,575.0,576.4,-1.3,8265.0,998.0,330.1
JLI,3/2/2022,573.8,573.8,556.1,556.7,-3.42,7373.0,998.0,330.1
JLI,3/6/2022,556.0,565.9,550.1,553.0,-0.66,5829.0,998.0,330.1
JLI,3/7/2022,550.0,564.0,550.0,550.0,-0.54,6080.0,998.0,330.1
JLI,3/9/2022,549.0,560.0,545.0,556.0,1.09,6802.0,998.0,330.1
JLI,3/10/2022,556.0,572.2,548.0,565.0,1.62,7101.0,998.0,330.1
JLI,3/13/2022,565.0,621.5,565.0,621.5,10.0,47425.0,998.0,330.1
JLI,3/14/2022,620.0,650.0,620.0,628.0,1.05,12916.0,998.0,330.1
JLI,3/15/2022,625.0,663.0,625.0,638.0,1.59,20465.0,998.0,330.1
JLI,3/16/2022,630.0,650.0,630.0,635.0,-0.47,10658.0,998.0,330.1
JLI,3/20/2022,635.0,640.0,620.1,625.0,-1.57,8097.0,998.0,330.1
JLI,3/21/2022,620.0,630.0,618.0,630.0,0.8,6511.0,998.0,330.1
JLI,3/22/2022,642.6,668.5,621.1,630.0,0.0,11712.0,998.0,330.1
JLI,3/23/2022,627.0,635.0,623.0,627.0,-0.48,4505.0,998.0,330.1
JLI,3/24/2022,620.0,675.0,620.0,660.0,5.26,45271.0,998.0,330.1
JLI,3/27/2022,660.0,724.0,660.0,670.0,1.52,84303.0,998.0,330.1
JLI,3/28/2022,660.1,670.0,640.1,640.2,-4.45,13572.0,998.0,330.1
JLI,3/29/2022,629.1,656.0,629.1,644.0,0.59,8628.0,998.0,330.1
JLI,3/30/2022,640.0,657.0,622.3,655.0,1.71,11689.0,998.0,330.1
JLI,3/31/2022,641.9,655.8,639.0,641.0,-2.14,7497.0,998.0,330.1
JLI,4/3/2022,630.0,640.0,623.0,623.4,-2.75,6492.0,998.0,330.1
JLI,4/4/2022,613.1,629.0,611.0,618.0,-0.87,11438.0,998.0,330.1
JLI,4/5/2022,607.0,619.0,583.0,592.0,-4.21,15949.0,998.0,330.1
JLI,4/6/2022,594.0,603.0,571.1,582.0,-1.69,18730.0,998.0,330.1
JLI,4/7/2022,571.5,619.0,571.5,601.0,3.26,18231.0,998.0,330.1
JLI,4/11/2022,610.0,622.0,580.0,588.0,-2.16,16122.0,998.0,330.1
JLI,4/12/2022,585.0,596.0,575.0,580.0,-1.36,5942.0,998.0,330.1
JLI,4/13/2022,575.0,608.9,570.0,587.9,1.36,10661.0,998.0,330.1
JLI,4/17/2022,595.0,595.0,568.0,569.0,-3.21,4842.0,998.0,330.1
JLI,4/18/2022,560.0,580.0,548.9,554.0,-2.64,9454.0,998.0,330.1
JLI,4/19/2022,565.0,566.0,546.0,564.0,1.81,3495.0,998.0,330.1
JLI,4/20/2022,555.0,574.0,545.0,547.0,-3.01,6276.0,998.0,330.1
JLI,4/21/2022,537.0,557.0,530.1,547.0,0.0,4617.0,998.0,330.1
JLI,4/24/2022,540.0,590.0,537.4,570.4,4.28,13895.0,998.0,330.1
JLI,4/25/2022,580.9,590.0,559.0,559.0,-2.0,6865.0,998.0,330.1
JLI,4/26/2022,559.0,565.0,549.0,551.0,-1.43,4906.0,998.0,330.1
JLI,4/27/2022,558.0,562.1,541.0,553.1,0.38,4235.0,998.0,330.1
JLI,4/28/2022,554.0,560.0,540.1,543.0,-1.83,6151.0,998.0,330.1
JLI,5/2/2022,537.0,538.0,518.0,525.0,-3.31,6965.0,998.0,330.1
JLI,5/4/2022,520.0,522.0,507.0,514.0,-2.1,5205.0,998.0,330.1
JLI,5/5/2022,505.0,508.0,494.0,499.0,-2.92,9985.0,998.0,330.1
JLI,5/8/2022,508.0,530.0,487.0,530.0,6.21,6430.0,998.0,330.1
JLI,5/9/2022,533.0,535.0,511.0,515.0,-2.83,8233.0,998.0,330.1
JLI,5/10/2022,506.1,535.3,506.1,527.0,2.33,1665.0,998.0,330.1
JLI,5/11/2022,530.0,545.0,522.0,545.0,3.42,4473.0,998.0,330.1
JLI,5/12/2022,545.0,550.0,525.0,545.0,0.0,7865.0,998.0,330.1
JLI,5/17/2022,543.0,544.0,493.8,496.0,-8.99,19369.0,998.0,330.1
JLI,5/18/2022,493.0,493.0,467.0,483.0,-2.62,14058.0,998.0,330.1
JLI,5/19/2022,474.5,497.0,470.0,472.5,-2.17,6719.0,998.0,330.1
JLI,5/20/2022,469.0,477.0,456.0,460.0,-2.65,8922.0,998.0,330.1
JLI,5/23/2022,455.0,455.0,438.1,448.0,-2.61,12515.0,998.0,330.1
JLI,5/24/2022,441.0,455.0,435.0,449.0,0.22,5711.0,998.0,330.1
JLI,5/25/2022,457.0,457.0,442.0,450.0,0.22,9712.0,998.0,330.1
JLI,5/26/2022,445.0,455.0,438.0,443.0,-1.56,12892.0,998.0,330.1
JLI,5/27/2022,445.0,445.0,434.0,435.0,-1.81,8644.0,998.0,330.1
JLI,5/30/2022,429.3,440.0,401.0,403.0,-7.36,30977.0,998.0,330.1
JLI,5/31/2022,400.0,419.0,389.0,405.0,0.5,25902.0,998.0,330.1
JLI,6/1/2022,405.0,409.0,393.0,404.0,-0.25,8616.0,998.0,330.1
JLI,6/2/2022,396.0,409.0,395.1,400.0,-0.99,5146.0,998.0,330.1
JLI,6/3/2022,396.0,400.0,388.0,391.0,-2.25,7088.0,998.0,330.1
JLI,6/6/2022,398.0,398.0,375.0,390.0,-0.26,18879.0,998.0,330.1
JLI,6/7/2022,383.0,396.7,383.0,391.0,0.26,4950.0,998.0,330.1
JLI,6/8/2022,384.0,414.0,383.3,414.0,5.88,10332.0,998.0,330.1
JLI,6/9/2022,406.0,421.0,399.0,405.0,-2.17,11116.0,998.0,330.1
JLI,6/10/2022,405.0,405.0,390.2,394.0,-2.72,4378.0,998.0,330.1
JLI,6/13/2022,392.0,394.0,385.0,389.0,-1.27,5536.0,998.0,330.1
JLI,6/14/2022,396.0,396.0,373.0,377.0,-3.08,8720.0,998.0,330.1
JLI,6/15/2022,384.0,384.0,358.0,374.0,-0.8,7846.0,998.0,330.1
JLI,6/16/2022,380.0,381.0,364.6,371.0,-0.8,14360.0,998.0,330.1
JLI,6/17/2022,371.0,374.9,368.0,371.0,0.0,3653.0,998.0,330.1
JLI,6/19/2022,367.0,371.0,365.5,365.5,-1.48,3953.0,998.0,330.1
JLI,6/20/2022,360.0,360.2,339.7,355.2,-2.82,23640.0,998.0,330.1
JLI,6/21/2022,348.1,367.2,342.1,362.0,1.91,4955.0,998.0,330.1
JLI,6/22/2022,362.0,366.0,350.0,357.9,-1.13,5435.0,998.0,330.1
JLI,6/23/2022,350.8,351.0,340.0,343.0,-4.16,10324.0,998.0,330.1
JLI,6/24/2022,336.2,362.1,330.1,339.1,-1.14,4859.0,998.0,330.1
JLI,6/26/2022,344.0,365.0,340.0,359.0,5.87,18874.0,998.0,330.1
JLI,6/27/2022,351.9,351.9,351.9,351.9,-1.98,726.0,998.0,330.1
JOSHI,1/17/2019,256.0,256.0,243.0,243.0,,70.0,388.6,245.0
JOSHI,1/23/2019,231.0,231.0,231.0,231.0,-4.94,500.0,388.6,245.0
JOSHI,1/29/2019,220.0,220.0,220.0,220.0,-4.76,20.0,388.6,245.0
JOSHI,2/7/2019,209.0,209.0,201.0,201.0,-8.64,60.0,388.6,245.0
JOSHI,2/10/2019,191.0,191.0,191.0,191.0,-4.98,20.0,388.6,245.0
JOSHI,2/26/2019,182.0,182.0,176.0,176.0,-7.85,60.0,388.6,245.0
JOSHI,3/3/2019,168.0,168.0,168.0,168.0,-4.55,10.0,388.6,245.0
JOSHI,3/5/2019,160.0,160.0,160.0,160.0,-4.76,20.0,388.6,245.0
JOSHI,4/9/2019,152.0,152.0,147.0,147.0,-8.13,50.0,388.6,245.0
JOSHI,5/13/2019,140.0,140.0,140.0,140.0,-4.76,20.0,388.6,245.0
JOSHI,5/14/2019,133.0,133.0,133.0,133.0,-5.0,50.0,388.6,245.0
JOSHI,5/23/2019,127.0,127.0,123.0,123.0,-7.52,70.0,388.6,245.0
JOSHI,5/26/2019,117.0,117.0,111.0,111.0,-9.76,210.0,388.6,245.0
JOSHI,5/28/2019,106.0,106.0,104.0,104.0,-6.31,20.0,388.6,245.0
JOSHI,5/29/2019,99.0,99.0,94.0,94.0,-9.62,2505.0,388.6,245.0
JOSHI,5/30/2019,95.0,98.0,93.0,94.0,0.0,4586.0,388.6,245.0
JOSHI,6/2/2019,95.0,95.0,91.0,95.0,1.06,1100.0,388.6,245.0
JOSHI,6/3/2019,94.0,94.0,94.0,94.0,-1.05,20.0,388.6,245.0
JOSHI,6/4/2019,93.0,93.0,88.0,88.0,-6.38,1800.0,388.6,245.0
JOSHI,6/6/2019,89.0,92.0,89.0,92.0,4.55,1820.0,388.6,245.0
JOSHI,6/11/2019,91.0,96.0,91.0,94.0,2.17,3610.0,388.6,245.0
JOSHI,6/12/2019,93.0,93.0,87.0,90.0,-4.26,790.0,388.6,245.0
JOSHI,6/13/2019,89.0,89.0,85.0,87.0,-3.33,600.0,388.6,245.0
JOSHI,6/16/2019,86.0,86.0,84.0,86.0,-1.15,660.0,388.6,245.0
JOSHI,6/17/2019,85.0,85.0,83.0,84.0,-2.33,480.0,388.6,245.0
JOSHI,6/18/2019,83.0,84.0,83.0,84.0,0.0,480.0,388.6,245.0
JOSHI,6/19/2019,83.0,85.0,83.0,84.0,0.0,260.0,388.6,245.0
JOSHI,6/20/2019,80.0,85.0,80.0,84.0,0.0,470.0,388.6,245.0
JOSHI,6/23/2019,83.0,84.0,82.0,83.0,-1.19,640.0,388.6,245.0
JOSHI,6/24/2019,82.0,83.0,80.0,83.0,0.0,760.0,388.6,245.0
JOSHI,6/25/2019,82.0,83.0,81.0,83.0,0.0,390.0,388.6,245.0
JOSHI,6/26/2019,82.0,83.0,81.0,82.0,-1.2,760.0,388.6,245.0
JOSHI,6/27/2019,81.0,84.0,81.0,83.0,1.22,480.0,388.6,245.0
JOSHI,6/30/2019,79.0,82.0,79.0,81.0,-2.41,860.0,388.6,245.0
JOSHI,7/1/2019,80.0,81.0,79.0,80.0,-1.23,950.0,388.6,245.0
JOSHI,7/2/2019,81.0,81.0,79.0,80.0,0.0,530.0,388.6,245.0
JOSHI,7/3/2019,79.0,80.0,78.0,78.0,-2.5,1030.0,388.6,245.0
JOSHI,7/4/2019,78.0,79.0,78.0,79.0,1.28,130.0,388.6,245.0
JOSHI,7/7/2019,78.0,80.0,78.0,79.0,0.0,180.0,388.6,245.0
JOSHI,7/8/2019,78.0,79.0,78.0,78.0,-1.27,250.0,388.6,245.0
JOSHI,7/9/2019,77.0,81.0,77.0,79.0,1.28,420.0,388.6,245.0
JOSHI,7/10/2019,78.0,79.0,78.0,79.0,0.0,220.0,388.6,245.0
JOSHI,7/11/2019,79.0,79.0,76.0,76.0,-3.8,1050.0,388.6,245.0
JOSHI,7/14/2019,75.0,77.0,75.0,77.0,1.32,290.0,388.6,245.0
JOSHI,7/15/2019,77.0,78.0,77.0,78.0,1.3,100.0,388.6,245.0
JOSHI,7/16/2019,77.0,79.0,77.0,77.0,-1.28,370.0,388.6,245.0
JOSHI,7/17/2019,78.0,80.0,78.0,79.0,2.6,450.0,388.6,245.0
JOSHI,7/18/2019,80.0,80.0,77.0,77.0,-2.53,170.0,388.6,245.0
JOSHI,7/21/2019,78.0,79.0,77.0,79.0,2.6,270.0,388.6,245.0
JOSHI,7/22/2019,79.0,79.0,77.0,79.0,0.0,520.0,388.6,245.0
JOSHI,7/23/2019,79.0,80.0,78.0,78.0,-1.27,280.0,388.6,245.0
JOSHI,7/24/2019,78.0,80.0,76.0,79.0,1.28,430.0,388.6,245.0
JOSHI,7/25/2019,79.0,80.0,79.0,79.0,0.0,380.0,388.6,245.0
JOSHI,7/28/2019,78.0,78.0,78.0,78.0,-1.27,190.0,388.6,245.0
JOSHI,7/29/2019,78.0,78.0,74.0,75.0,-3.85,160.0,388.6,245.0
JOSHI,7/30/2019,75.0,76.0,74.0,75.0,0.0,440.0,388.6,245.0
JOSHI,7/31/2019,74.0,76.0,74.0,75.0,0.0,330.0,388.6,245.0
JOSHI,8/1/2019,74.0,76.0,74.0,74.0,-1.33,330.0,388.6,245.0
JOSHI,8/4/2019,73.0,75.0,73.0,74.0,0.0,480.0,388.6,245.0
JOSHI,8/5/2019,74.0,74.0,73.0,73.0,-1.35,230.0,388.6,245.0
JOSHI,8/6/2019,74.0,75.0,73.0,75.0,2.74,650.0,388.6,245.0
JOSHI,8/7/2019,74.0,74.0,71.0,74.0,-1.33,200.0,388.6,245.0
JOSHI,8/8/2019,73.0,76.0,73.0,74.0,0.0,680.0,388.6,245.0
JOSHI,8/11/2019,73.0,73.0,68.0,68.0,-8.11,1450.0,388.6,245.0
JOSHI,8/12/2019,68.0,74.0,68.0,73.0,7.35,390.0,388.6,245.0
JOSHI,8/13/2019,73.0,73.0,71.0,71.0,-2.74,740.0,388.6,245.0
JOSHI,8/14/2019,70.0,72.0,70.0,71.0,0.0,370.0,388.6,245.0
JOSHI,8/15/2019,71.0,71.0,70.0,70.0,-1.41,220.0,388.6,245.0
JOSHI,8/18/2019,69.0,70.0,68.0,69.0,-1.43,610.0,388.6,245.0
JOSHI,8/19/2019,68.0,68.0,66.0,67.0,-2.9,330.0,388.6,245.0
JOSHI,8/20/2019,66.0,67.0,65.0,67.0,0.0,260.0,388.6,245.0
JOSHI,8/21/2019,66.0,68.0,66.0,68.0,1.49,670.0,388.6,245.0
JOSHI,8/22/2019,68.0,69.0,67.0,67.0,-1.47,600.0,388.6,245.0
JOSHI,8/25/2019,66.0,66.0,64.0,66.0,-1.49,370.0,388.6,245.0
JOSHI,8/26/2019,65.0,67.0,65.0,66.0,0.0,340.0,388.6,245.0
JOSHI,8/27/2019,65.0,68.0,65.0,67.0,1.52,340.0,388.6,245.0
JOSHI,8/28/2019,66.0,68.0,66.0,67.0,0.0,200.0,388.6,245.0
JOSHI,8/29/2019,68.0,69.0,66.0,66.0,-1.49,330.0,388.6,245.0
JOSHI,9/1/2019,65.0,66.0,64.0,64.0,-3.03,211.0,388.6,245.0
JOSHI,9/2/2019,63.0,63.0,62.0,62.0,-3.12,200.0,388.6,245.0
JOSHI,9/3/2019,62.0,63.0,61.0,62.0,0.0,50.0,388.6,245.0
JOSHI,9/4/2019,62.0,64.0,62.0,63.0,1.61,310.0,388.6,245.0
JOSHI,9/5/2019,62.0,64.0,62.0,64.0,1.59,360.0,388.6,245.0
JOSHI,9/8/2019,63.0,63.0,62.0,62.0,-3.12,50.0,388.6,245.0
JOSHI,9/9/2019,61.0,61.0,60.0,60.0,-3.23,400.0,388.6,245.0
JOSHI,9/10/2019,61.0,61.0,60.0,61.0,1.67,301.0,388.6,245.0
JOSHI,9/11/2019,61.0,62.0,60.0,62.0,1.64,120.0,388.6,245.0
JOSHI,9/12/2019,61.0,62.0,60.0,61.0,-1.61,300.0,388.6,245.0
JOSHI,9/16/2019,61.0,61.0,58.0,60.0,-1.64,780.0,388.6,245.0
JOSHI,9/17/2019,60.0,63.0,60.0,61.0,1.67,3194.0,388.6,245.0
JOSHI,9/18/2019,61.0,62.0,61.0,62.0,1.64,140.0,388.6,245.0
JOSHI,9/19/2019,61.0,62.0,60.0,62.0,0.0,290.0,388.6,245.0
JOSHI,9/22/2019,61.0,61.0,57.0,57.0,-8.06,320.0,388.6,245.0
JOSHI,9/23/2019,56.0,59.0,56.0,59.0,3.51,240.0,388.6,245.0
JOSHI,9/24/2019,58.0,59.0,58.0,58.0,-1.69,170.0,388.6,245.0
JOSHI,9/25/2019,58.0,58.0,57.0,57.0,-1.72,330.0,388.6,245.0
JOSHI,9/26/2019,56.0,57.0,54.0,54.0,-5.26,290.0,388.6,245.0
JOSHI,9/29/2019,53.0,54.0,53.0,54.0,0.0,200.0,388.6,245.0
JOSHI,9/30/2019,54.0,57.0,54.0,57.0,5.56,230.0,388.6,245.0
JOSHI,10/1/2019,56.0,57.0,56.0,56.0,-1.75,250.0,388.6,245.0
JOSHI,10/2/2019,55.0,56.0,55.0,56.0,0.0,60.0,388.6,245.0
JOSHI,10/3/2019,57.0,58.0,57.0,58.0,3.57,80.0,388.6,245.0
JOSHI,10/14/2019,58.0,60.0,58.0,60.0,3.45,130.0,388.6,245.0
JOSHI,10/15/2019,61.0,63.0,61.0,62.0,3.33,260.0,388.6,245.0
JOSHI,10/16/2019,61.0,62.0,61.0,62.0,0.0,30.0,388.6,245.0
JOSHI,10/17/2019,62.0,63.0,62.0,63.0,1.61,20.0,388.6,245.0
JOSHI,10/24/2019,63.0,63.0,62.0,63.0,0.0,90.0,388.6,245.0
JOSHI,10/31/2019,63.0,63.0,62.0,62.0,-1.59,100.0,388.6,245.0
JOSHI,11/3/2019,62.0,62.0,62.0,62.0,0.0,200.0,388.6,245.0
JOSHI,11/4/2019,61.0,61.0,59.0,59.0,-4.84,210.0,388.6,245.0
JOSHI,11/5/2019,58.0,58.0,58.0,58.0,-1.69,90.0,388.6,245.0
JOSHI,11/6/2019,57.0,60.0,57.0,60.0,3.45,320.0,388.6,245.0
JOSHI,11/7/2019,59.0,60.0,59.0,60.0,0.0,150.0,388.6,245.0
JOSHI,11/11/2019,59.0,59.0,59.0,59.0,-1.67,80.0,388.6,245.0
JOSHI,11/12/2019,58.0,58.0,56.0,56.0,-5.08,200.0,388.6,245.0
JOSHI,11/13/2019,55.0,56.0,55.0,55.0,-1.79,220.0,388.6,245.0
JOSHI,11/14/2019,55.0,56.0,53.0,53.0,-3.64,310.0,388.6,245.0
JOSHI,11/17/2019,52.0,54.0,52.0,53.0,0.0,290.0,388.6,245.0
JOSHI,11/18/2019,52.0,54.0,51.0,54.0,1.89,270.0,388.6,245.0
JOSHI,11/19/2019,55.0,57.0,55.0,57.0,5.56,990.0,388.6,245.0
JOSHI,11/20/2019,58.0,62.0,58.0,60.0,5.26,340.0,388.6,245.0
JOSHI,11/21/2019,59.0,61.0,58.0,61.0,1.67,440.0,388.6,245.0
JOSHI,11/24/2019,61.0,61.0,59.0,60.0,-1.64,120.0,388.6,245.0
JOSHI,11/25/2019,60.0,60.0,58.0,58.0,-3.33,80.0,388.6,245.0
JOSHI,11/26/2019,58.0,59.0,56.0,56.0,-3.45,490.0,388.6,245.0
JOSHI,11/27/2019,55.0,57.0,55.0,57.0,1.79,120.0,388.6,245.0
JOSHI,11/28/2019,57.0,57.0,55.0,55.0,-3.51,240.0,388.6,245.0
JOSHI,12/1/2019,54.0,55.0,54.0,54.0,-1.82,100.0,388.6,245.0
JOSHI,12/2/2019,53.0,53.0,51.0,52.0,-3.7,160.0,388.6,245.0
JOSHI,12/3/2019,51.0,53.0,51.0,53.0,1.92,440.0,388.6,245.0
JOSHI,12/4/2019,52.0,53.0,52.0,52.0,-1.89,140.0,388.6,245.0
JOSHI,12/5/2019,52.0,54.0,52.0,52.0,0.0,170.0,388.6,245.0
JOSHI,12/8/2019,52.0,52.0,51.0,52.0,0.0,180.0,388.6,245.0
JOSHI,12/9/2019,53.0,53.0,53.0,53.0,1.92,90.0,388.6,245.0
JOSHI,12/10/2019,53.0,53.0,52.0,53.0,0.0,210.0,388.6,245.0
JOSHI,12/11/2019,52.0,55.0,52.0,54.0,1.89,220.0,388.6,245.0
JOSHI,12/12/2019,53.0,56.0,52.0,56.0,3.7,190.0,388.6,245.0
JOSHI,12/15/2019,55.0,58.0,55.0,58.0,3.57,330.0,388.6,245.0
JOSHI,12/16/2019,57.0,58.0,57.0,57.0,-1.72,480.0,388.6,245.0
JOSHI,12/17/2019,56.0,56.0,55.0,55.0,-3.51,50.0,388.6,245.0
JOSHI,12/18/2019,54.0,57.0,54.0,57.0,3.64,100.0,388.6,245.0
JOSHI,12/19/2019,58.0,59.0,57.0,59.0,3.51,140.0,388.6,245.0
JOSHI,12/22/2019,59.0,60.0,58.0,60.0,1.69,1950.0,388.6,245.0
JOSHI,12/23/2019,61.0,61.0,60.0,60.0,0.0,240.0,388.6,245.0
JOSHI,12/24/2019,61.0,65.0,60.0,65.0,8.33,2060.0,388.6,245.0
JOSHI,12/25/2019,64.0,64.0,63.0,63.0,-3.08,90.0,388.6,245.0
JOSHI,12/26/2019,63.0,63.0,61.0,62.0,-1.59,690.0,388.6,245.0
JOSHI,12/29/2019,61.0,63.0,61.0,63.0,1.61,260.0,388.6,245.0
JOSHI,12/30/2019,62.0,63.0,60.0,60.0,-4.76,635.0,388.6,245.0
JOSHI,12/31/2019,61.0,62.0,59.0,61.0,1.67,460.0,388.6,245.0
JOSHI,1/1/2020,62.0,62.0,60.0,60.0,-1.64,260.0,388.6,245.0
JOSHI,1/2/2020,61.0,66.0,61.0,65.0,8.33,1840.0,388.6,245.0
JOSHI,1/5/2020,65.0,65.0,65.0,65.0,0.0,310.0,388.6,245.0
JOSHI,1/6/2020,64.0,65.0,62.0,65.0,0.0,750.0,388.6,245.0
JOSHI,1/7/2020,66.0,67.0,64.0,67.0,3.08,510.0,388.6,245.0
JOSHI,1/8/2020,67.0,68.0,63.0,68.0,1.49,410.0,388.6,245.0
JOSHI,1/12/2020,67.0,69.0,67.0,68.0,0.0,580.0,388.6,245.0
JOSHI,1/13/2020,67.0,68.0,65.0,65.0,-4.41,1040.0,388.6,245.0
JOSHI,1/14/2020,64.0,66.0,62.0,62.0,-4.62,530.0,388.6,245.0
JOSHI,1/15/2020,61.0,63.0,61.0,62.0,0.0,340.0,388.6,245.0
JOSHI,1/16/2020,62.0,67.0,62.0,67.0,8.06,1720.0,388.6,245.0
JOSHI,1/19/2020,67.0,68.0,64.0,64.0,-4.48,690.0,388.6,245.0
JOSHI,1/20/2020,65.0,66.0,63.0,64.0,0.0,560.0,388.6,245.0
JOSHI,1/21/2020,65.0,66.0,64.0,64.0,0.0,810.0,388.6,245.0
JOSHI,1/22/2020,63.0,63.0,60.0,63.0,-1.56,770.0,388.6,245.0
JOSHI,1/23/2020,64.0,64.0,63.0,63.0,0.0,250.0,388.6,245.0
JOSHI,1/26/2020,63.0,65.0,63.0,65.0,3.17,190.0,388.6,245.0
JOSHI,1/27/2020,64.0,65.0,62.0,63.0,-3.08,810.0,388.6,245.0
JOSHI,1/28/2020,62.0,64.0,62.0,63.0,0.0,760.0,388.6,245.0
JOSHI,1/29/2020,64.0,65.0,63.0,64.0,1.59,430.0,388.6,245.0
JOSHI,1/30/2020,63.0,63.0,63.0,63.0,-1.56,600.0,388.6,245.0
JOSHI,2/2/2020,62.0,64.0,62.0,63.0,0.0,430.0,388.6,245.0
JOSHI,2/3/2020,62.0,62.0,59.0,62.0,-1.59,750.0,388.6,245.0
JOSHI,2/4/2020,62.0,63.0,62.0,63.0,1.61,580.0,388.6,245.0
JOSHI,2/5/2020,62.0,63.0,62.0,63.0,0.0,320.0,388.6,245.0
JOSHI,2/6/2020,62.0,62.0,62.0,62.0,-1.59,290.0,388.6,245.0
JOSHI,2/9/2020,61.0,63.0,61.0,63.0,1.61,120.0,388.6,245.0
JOSHI,2/10/2020,62.0,62.0,59.0,60.0,-4.76,3380.0,388.6,245.0
JOSHI,2/11/2020,59.0,61.0,58.0,59.0,-1.67,473.0,388.6,245.0
JOSHI,2/12/2020,59.0,60.0,59.0,60.0,1.69,1470.0,388.6,245.0
JOSHI,2/13/2020,59.0,60.0,58.0,59.0,-1.67,670.0,388.6,245.0
JOSHI,2/16/2020,58.0,58.0,57.0,58.0,-1.69,330.0,388.6,245.0
JOSHI,2/17/2020,57.0,62.0,57.0,61.0,5.17,5480.0,388.6,245.0
JOSHI,2/18/2020,60.0,64.0,59.0,63.0,3.28,3250.0,388.6,245.0
JOSHI,2/19/2020,63.0,64.0,61.0,64.0,1.59,810.0,388.6,245.0
JOSHI,2/20/2020,65.0,67.0,63.0,65.0,1.56,2000.0,388.6,245.0
JOSHI,2/23/2020,64.0,66.0,63.0,64.0,-1.54,3160.0,388.6,245.0
JOSHI,2/24/2020,64.0,66.0,62.0,64.0,0.0,4020.0,388.6,245.0
JOSHI,2/25/2020,63.0,66.0,61.0,64.0,0.0,1670.0,388.6,245.0
JOSHI,2/26/2020,63.0,70.0,63.0,70.0,9.38,4420.0,388.6,245.0
JOSHI,2/27/2020,70.0,74.0,68.0,69.0,-1.43,3604.0,388.6,245.0
JOSHI,3/1/2020,68.0,69.0,64.0,64.0,-7.25,990.0,388.6,245.0
JOSHI,3/2/2020,63.0,64.0,63.0,63.0,-1.56,760.0,388.6,245.0
JOSHI,3/3/2020,62.0,64.0,62.0,62.0,-1.59,530.0,388.6,245.0
JOSHI,3/4/2020,61.0,62.0,60.0,61.0,-1.61,700.0,388.6,245.0
JOSHI,3/5/2020,60.0,61.0,59.0,61.0,0.0,490.0,388.6,245.0
JOSHI,3/10/2020,60.0,60.0,58.0,58.0,-4.92,90.0,388.6,245.0
JOSHI,3/11/2020,59.0,59.0,58.0,58.0,0.0,60.0,388.6,245.0
JOSHI,3/12/2020,58.0,59.0,57.0,57.0,-1.72,2020.0,388.6,245.0
JOSHI,3/15/2020,56.0,56.0,53.0,53.0,-7.02,440.0,388.6,245.0
JOSHI,3/16/2020,52.0,53.0,51.0,52.0,-1.89,1300.0,388.6,245.0
JOSHI,3/17/2020,51.0,56.0,51.0,56.0,7.69,660.0,388.6,245.0
JOSHI,3/18/2020,55.0,57.0,55.0,55.0,-1.79,500.0,388.6,245.0
JOSHI,3/19/2020,54.0,58.0,54.0,58.0,5.45,620.0,388.6,245.0
JOSHI,5/12/2020,57.0,57.0,57.0,57.0,-1.72,60.0,388.6,245.0
JOSHI,6/29/2020,57.0,57.0,57.0,56.0,-1.75,100.0,388.6,245.0
JOSHI,7/2/2020,55.0,55.0,55.0,55.0,-1.79,40.0,388.6,245.0
JOSHI,7/5/2020,54.0,54.0,51.0,51.0,-7.27,110.0,388.6,245.0
JOSHI,7/6/2020,50.0,50.0,49.0,49.0,-3.92,1090.0,388.6,245.0
JOSHI,7/7/2020,49.0,50.0,49.0,50.0,2.04,1840.0,388.6,245.0
JOSHI,7/8/2020,50.0,52.0,50.0,51.0,2.0,400.0,388.6,245.0
JOSHI,7/9/2020,50.0,54.0,50.0,54.0,5.88,1360.0,388.6,245.0
JOSHI,7/12/2020,53.0,53.0,50.0,51.0,-5.56,450.0,388.6,245.0
JOSHI,7/13/2020,50.0,51.0,50.0,50.0,-1.96,1200.0,388.6,245.0
JOSHI,7/14/2020,51.0,51.0,49.0,51.0,2.0,650.0,388.6,245.0
JOSHI,7/15/2020,50.0,51.0,49.0,50.0,-1.96,480.0,388.6,245.0
JOSHI,7/16/2020,50.0,51.0,49.0,50.0,0.0,505.0,388.6,245.0
JOSHI,7/20/2020,49.0,49.98,48.0,49.98,-0.04,340.0,388.6,245.0
JOSHI,7/21/2020,50.0,52.0,49.01,51.0,2.04,1440.0,388.6,245.0
JOSHI,7/22/2020,50.0,50.0,48.0,48.0,-5.88,910.0,388.6,245.0
JOSHI,7/23/2020,48.0,48.96,46.1,46.2,-3.75,2120.0,388.6,245.0
JOSHI,7/26/2020,45.28,50.0,45.28,50.0,8.23,1180.0,388.6,245.0
JOSHI,7/27/2020,51.0,55.0,51.0,55.0,10.0,3813.0,388.6,245.0
JOSHI,7/28/2020,56.0,60.0,56.0,60.0,9.09,2450.0,388.6,245.0
JOSHI,7/29/2020,61.0,66.0,61.0,66.0,10.0,5190.0,388.6,245.0
JOSHI,7/30/2020,69.0,72.0,69.0,72.0,9.09,3200.0,388.6,245.0
JOSHI,8/2/2020,75.0,76.0,65.0,65.0,-9.72,8085.0,388.6,245.0
JOSHI,8/3/2020,64.0,65.0,59.0,61.0,-6.15,2915.0,388.6,245.0
JOSHI,8/5/2020,60.0,61.0,57.0,57.0,-6.56,1631.0,388.6,245.0
JOSHI,8/6/2020,58.0,58.0,55.0,56.0,-1.75,1010.0,388.6,245.0
JOSHI,8/9/2020,55.0,59.0,55.0,59.0,5.36,900.0,388.6,245.0
JOSHI,8/10/2020,59.0,59.0,55.0,57.0,-3.39,3130.0,388.6,245.0
JOSHI,8/11/2020,56.0,58.0,54.0,58.0,1.75,1020.0,388.6,245.0
JOSHI,8/12/2020,57.0,57.0,55.0,56.0,-3.45,530.0,388.6,245.0
JOSHI,8/13/2020,56.0,61.0,55.0,61.0,8.93,3592.0,388.6,245.0
JOSHI,8/16/2020,60.0,60.0,57.0,59.0,-3.28,1425.0,388.6,245.0
JOSHI,8/17/2020,58.0,63.0,58.0,63.0,6.78,1260.0,388.6,245.0
JOSHI,8/18/2020,62.0,63.0,57.0,63.0,0.0,930.0,388.6,245.0
JOSHI,8/19/2020,62.0,64.0,57.0,62.0,-1.59,1070.0,388.6,245.0
JOSHI,8/20/2020,62.0,62.0,58.0,58.0,-6.45,230.0,388.6,245.0
JOSHI,8/23/2020,57.0,60.0,57.0,60.0,3.45,1127.0,388.6,245.0
JOSHI,8/24/2020,59.0,62.0,59.0,61.0,1.67,2400.0,388.6,245.0
JOSHI,8/25/2020,60.0,61.0,58.0,61.0,0.0,2010.0,388.6,245.0
JOSHI,8/26/2020,60.0,60.0,56.0,59.0,-3.28,1058.0,388.6,245.0
JOSHI,8/27/2020,58.0,61.0,58.0,59.0,0.0,2660.0,388.6,245.0
JOSHI,8/30/2020,58.0,60.0,57.0,59.0,0.0,480.0,388.6,245.0
JOSHI,8/31/2020,58.0,63.0,57.0,60.0,1.69,2200.0,388.6,245.0
JOSHI,9/2/2020,60.0,66.0,59.0,66.0,10.0,3381.0,388.6,245.0
JOSHI,9/3/2020,67.0,72.0,67.0,72.0,9.09,23834.0,388.6,245.0
JOSHI,9/6/2020,73.0,79.0,73.0,79.0,9.72,12268.0,388.6,245.0
JOSHI,9/7/2020,82.0,86.0,82.0,86.0,8.86,13835.0,388.6,245.0
JOSHI,9/8/2020,90.0,94.0,78.0,94.0,9.3,15521.0,388.6,245.0
JOSHI,9/9/2020,98.0,98.0,85.0,92.0,-2.13,8611.0,388.6,245.0
JOSHI,9/10/2020,96.0,96.0,88.0,90.0,-2.17,9587.0,388.6,245.0
JOSHI,9/13/2020,89.0,93.0,83.0,88.0,-2.22,9440.0,388.6,245.0
JOSHI,9/14/2020,89.0,96.0,86.0,94.0,6.82,18680.0,388.6,245.0
JOSHI,9/15/2020,94.0,97.0,88.0,94.0,0.0,7348.0,388.6,245.0
JOSHI,9/16/2020,93.0,103.0,89.0,103.0,9.57,19313.0,388.6,245.0
JOSHI,9/17/2020,108.0,113.0,106.0,113.0,9.71,22037.0,388.6,245.0
JOSHI,9/20/2020,115.0,115.0,102.0,102.0,-9.73,14426.0,388.6,245.0
JOSHI,9/21/2020,100.0,102.0,92.0,100.0,-1.96,12426.0,388.6,245.0
JOSHI,9/22/2020,105.0,105.0,94.0,96.0,-4.0,3430.0,388.6,245.0
JOSHI,9/23/2020,97.0,104.0,93.0,103.0,7.29,10672.0,388.6,245.0
JOSHI,9/24/2020,101.0,104.0,99.0,103.0,0.0,23993.0,388.6,245.0
JOSHI,9/27/2020,108.15,108.15,98.0,103.0,0.0,12001.0,388.6,245.0
JOSHI,9/28/2020,104.0,104.0,98.0,100.0,-2.91,6025.0,388.6,245.0
JOSHI,9/29/2020,100.0,110.0,99.0,110.0,10.0,29825.0,388.6,245.0
JOSHI,9/30/2020,115.0,121.0,107.0,121.0,10.0,59627.0,388.6,245.0
JOSHI,10/1/2020,125.0,133.0,118.0,119.0,-1.65,40465.0,388.6,245.0
JOSHI,10/4/2020,117.0,117.0,108.0,111.0,-6.72,37885.0,388.6,245.0
JOSHI,10/5/2020,109.0,118.0,107.0,115.0,3.6,12591.0,388.6,245.0
JOSHI,10/6/2020,113.0,126.0,113.0,125.0,8.7,25740.0,388.6,245.0
JOSHI,10/7/2020,123.0,137.0,123.0,137.0,9.6,48539.0,388.6,245.0
JOSHI,10/8/2020,136.0,148.0,126.0,130.0,-5.11,52348.0,388.6,245.0
JOSHI,10/11/2020,130.0,132.0,120.0,125.0,-3.85,12067.0,388.6,245.0
JOSHI,10/12/2020,124.0,131.0,117.0,124.0,-0.8,10860.0,388.6,245.0
JOSHI,10/13/2020,125.0,125.0,117.0,118.0,-4.84,15819.0,388.6,245.0
JOSHI,10/14/2020,116.0,126.0,110.0,117.0,-0.85,11515.0,388.6,245.0
JOSHI,10/15/2020,115.0,125.0,115.0,117.0,0.0,7901.0,388.6,245.0
JOSHI,10/20/2020,119.0,128.0,119.0,128.0,9.4,22405.0,388.6,245.0
JOSHI,10/21/2020,128.0,135.0,124.0,124.0,-3.12,14819.0,388.6,245.0
JOSHI,10/22/2020,123.0,126.0,121.0,124.0,0.0,9610.0,388.6,245.0
JOSHI,10/28/2020,122.0,124.0,119.0,124.0,0.0,6077.0,388.6,245.0
JOSHI,10/29/2020,124.0,126.0,118.0,123.0,-0.81,8025.0,388.6,245.0
JOSHI,11/1/2020,121.0,125.0,121.0,122.0,-0.81,12710.0,388.6,245.0
JOSHI,11/2/2020,120.0,128.0,118.0,128.0,4.92,11320.0,388.6,245.0
JOSHI,11/3/2020,126.0,126.0,122.0,125.0,-2.34,3560.0,388.6,245.0
JOSHI,11/4/2020,126.0,126.0,122.0,123.0,-1.6,2206.0,388.6,245.0
JOSHI,11/5/2020,121.0,125.0,121.0,125.0,1.63,8545.0,388.6,245.0
JOSHI,11/8/2020,123.0,132.0,123.0,130.0,4.0,30790.0,388.6,245.0
JOSHI,11/9/2020,130.0,134.0,126.0,130.0,0.0,15485.0,388.6,245.0
JOSHI,11/10/2020,128.0,129.0,126.0,128.0,-1.54,5220.0,388.6,245.0
JOSHI,11/11/2020,126.0,128.0,126.0,126.0,-1.56,4180.0,388.6,245.0
JOSHI,11/12/2020,125.0,130.0,123.0,129.0,2.38,16488.0,388.6,245.0
JOSHI,11/18/2020,127.0,127.0,122.0,123.0,-4.65,4140.0,388.6,245.0
JOSHI,11/19/2020,121.0,128.0,121.0,127.0,3.25,10065.0,388.6,245.0
JOSHI,11/22/2020,129.0,129.0,122.0,123.0,-3.15,8850.0,388.6,245.0
JOSHI,11/23/2020,129.0,129.0,122.0,123.0,0.0,6120.0,388.6,245.0
JOSHI,11/24/2020,123.0,128.0,121.0,127.0,3.25,15701.0,388.6,245.0
JOSHI,11/25/2020,129.0,133.0,122.0,130.0,2.36,10543.0,388.6,245.0
JOSHI,11/26/2020,130.0,132.0,125.0,128.0,-1.54,16047.0,388.6,245.0
JOSHI,11/29/2020,130.0,130.0,122.0,124.0,-3.12,19134.0,388.6,245.0
JOSHI,11/30/2020,122.0,131.0,122.0,126.0,1.61,13205.0,388.6,245.0
JOSHI,12/1/2020,125.0,127.0,124.0,126.0,0.0,10059.0,388.6,245.0
JOSHI,12/2/2020,124.0,126.0,122.0,123.0,-2.38,11250.0,388.6,245.0
JOSHI,12/3/2020,121.0,125.0,121.0,123.0,0.0,10269.0,388.6,245.0
JOSHI,12/6/2020,122.0,126.0,119.0,119.0,-3.25,5560.0,388.6,245.0
JOSHI,12/7/2020,118.0,124.0,115.0,120.0,0.84,9309.0,388.6,245.0
JOSHI,12/8/2020,120.0,130.0,120.0,123.0,2.5,25885.0,388.6,245.0
JOSHI,12/9/2020,121.0,123.0,119.0,121.0,-1.63,5818.0,388.6,245.0
JOSHI,12/10/2020,123.0,123.0,116.0,118.0,-2.48,11586.0,388.6,245.0
JOSHI,12/13/2020,118.0,120.0,116.0,118.0,0.0,14208.0,388.6,245.0
JOSHI,12/14/2020,120.0,126.0,117.0,120.0,1.69,7025.0,388.6,245.0
JOSHI,12/15/2020,119.0,120.0,117.0,120.0,0.0,4381.0,388.6,245.0
JOSHI,12/16/2020,118.0,122.0,116.0,120.0,0.0,7471.0,388.6,245.0
JOSHI,12/17/2020,118.0,118.0,116.0,116.0,-3.33,6162.0,388.6,245.0
JOSHI,12/20/2020,114.0,115.0,111.0,111.0,-4.31,6996.0,388.6,245.0
JOSHI,12/21/2020,109.0,115.0,107.0,114.0,2.7,11307.0,388.6,245.0
JOSHI,12/22/2020,112.0,115.0,111.0,114.0,0.0,12235.0,388.6,245.0
JOSHI,12/23/2020,113.0,113.0,110.0,111.0,-2.63,8175.0,388.6,245.0
JOSHI,12/24/2020,110.0,112.0,108.0,108.0,-2.7,3370.0,388.6,245.0
JOSHI,12/27/2020,106.0,111.0,106.0,110.0,1.85,5763.0,388.6,245.0
JOSHI,12/28/2020,108.0,110.0,106.0,107.0,-2.73,4904.0,388.6,245.0
JOSHI,12/29/2020,106.0,107.0,104.0,104.0,-2.8,6091.0,388.6,245.0
JOSHI,12/30/2020,102.0,107.0,102.0,105.0,0.96,5220.0,388.6,245.0
JOSHI,12/31/2020,103.0,106.0,102.0,106.0,0.95,15246.0,388.6,245.0
JOSHI,1/3/2021,108.0,110.0,102.0,108.0,1.89,6005.0,388.6,245.0
JOSHI,1/4/2021,106.0,107.0,104.0,107.0,-0.93,3803.0,388.6,245.0
JOSHI,1/5/2021,105.0,117.0,105.0,117.0,9.35,23543.0,388.6,245.0
JOSHI,1/6/2021,122.0,124.0,109.0,111.0,-5.13,11983.0,388.6,245.0
JOSHI,1/7/2021,109.0,118.0,109.0,115.0,3.6,6175.0,388.6,245.0
JOSHI,1/10/2021,115.0,115.0,111.0,114.0,-0.87,5460.0,388.6,245.0
JOSHI,1/11/2021,115.0,115.0,111.0,114.0,0.0,6316.0,388.6,245.0
JOSHI,1/12/2021,112.0,113.0,110.0,113.0,-0.88,6037.0,388.6,245.0
JOSHI,1/13/2021,111.0,115.0,111.0,114.0,0.88,4645.0,388.6,245.0
JOSHI,1/17/2021,112.0,115.0,112.0,114.0,0.0,2333.0,388.6,245.0
JOSHI,1/18/2021,112.0,115.0,112.0,113.0,-0.88,3538.0,388.6,245.0
JOSHI,1/19/2021,118.0,118.0,110.0,113.0,0.0,1610.0,388.6,245.0
JOSHI,1/20/2021,111.0,115.0,111.0,115.0,1.77,14302.0,388.6,245.0
JOSHI,1/21/2021,120.0,126.0,112.0,125.0,8.7,53865.0,388.6,245.0
JOSHI,1/24/2021,126.0,133.0,117.0,126.0,0.8,34755.0,388.6,245.0
JOSHI,1/25/2021,126.0,126.0,120.0,123.0,-2.38,11210.0,388.6,245.0
JOSHI,1/26/2021,121.0,123.0,119.0,120.0,-2.44,8599.0,388.6,245.0
JOSHI,1/27/2021,122.0,129.0,120.0,125.0,4.17,23145.0,388.6,245.0
JOSHI,1/28/2021,123.0,128.0,121.0,122.0,-2.4,15388.0,388.6,245.0
JOSHI,1/31/2021,122.0,122.0,116.0,119.0,-2.46,6145.0,388.6,245.0
JOSHI,2/1/2021,117.0,126.0,116.0,120.0,0.84,5699.0,388.6,245.0
JOSHI,2/2/2021,118.0,126.0,118.0,123.0,2.5,8284.0,388.6,245.0
JOSHI,2/3/2021,121.0,124.0,119.0,120.0,-2.44,12149.0,388.6,245.0
JOSHI,2/4/2021,125.0,125.0,119.0,122.0,1.67,9490.0,388.6,245.0
JOSHI,2/7/2021,121.0,126.0,120.0,124.0,1.64,9464.0,388.6,245.0
JOSHI,2/8/2021,122.0,124.0,119.0,121.0,-2.42,17770.0,388.6,245.0
JOSHI,2/9/2021,119.0,125.0,119.0,120.0,-0.83,5593.0,388.6,245.0
JOSHI,2/10/2021,120.0,122.0,118.0,119.0,-0.83,7835.0,388.6,245.0
JOSHI,2/11/2021,118.0,120.0,118.0,119.0,0.0,7050.0,388.6,245.0
JOSHI,2/14/2021,117.0,120.0,117.0,119.0,0.0,7371.0,388.6,245.0
JOSHI,2/15/2021,120.0,124.0,118.0,121.0,1.68,8355.0,388.6,245.0
JOSHI,2/16/2021,120.0,120.0,117.0,118.0,-2.48,5150.0,388.6,245.0
JOSHI,2/17/2021,117.0,119.0,116.0,119.0,0.85,5898.0,388.6,245.0
JOSHI,2/18/2021,117.0,122.0,117.0,118.0,-0.84,8072.0,388.6,245.0
JOSHI,2/21/2021,118.0,126.0,116.0,123.0,4.24,33795.0,388.6,245.0
JOSHI,2/22/2021,123.0,128.0,123.0,124.0,0.81,26557.0,388.6,245.0
JOSHI,2/23/2021,124.0,127.0,118.0,120.0,-3.23,8233.0,388.6,245.0
JOSHI,2/24/2021,122.0,124.0,119.0,120.0,0.0,11165.0,388.6,245.0
JOSHI,2/25/2021,126.0,126.0,118.0,120.0,0.0,10887.0,388.6,245.0
JOSHI,2/28/2021,120.0,120.0,116.0,117.0,-2.5,9091.0,388.6,245.0
JOSHI,3/1/2021,115.0,120.0,115.0,117.0,0.0,5330.0,388.6,245.0
JOSHI,3/2/2021,117.0,121.0,114.0,115.0,-1.71,14833.0,388.6,245.0
JOSHI,3/3/2021,113.0,119.0,113.0,114.0,-0.87,5775.0,388.6,245.0
JOSHI,3/4/2021,113.0,119.0,113.0,119.0,4.39,5949.0,388.6,245.0
JOSHI,3/7/2021,117.0,119.0,117.0,118.0,-0.84,1375.0,388.6,245.0
JOSHI,3/9/2021,116.0,122.0,115.0,117.0,-0.85,3863.0,388.6,245.0
JOSHI,3/10/2021,116.0,119.0,114.0,117.0,0.0,9424.0,388.6,245.0
JOSHI,3/14/2021,115.0,119.0,115.0,117.0,0.0,5515.0,388.6,245.0
JOSHI,3/15/2021,117.0,126.0,115.0,121.0,3.42,17792.0,388.6,245.0
JOSHI,3/16/2021,127.0,133.0,121.0,133.0,9.92,107965.0,388.6,245.0
JOSHI,3/17/2021,139.0,146.0,139.0,146.0,9.77,27553.0,388.6,245.0
JOSHI,3/18/2021,153.0,159.0,135.0,136.0,-6.85,49380.0,388.6,245.0
JOSHI,3/21/2021,140.0,140.0,126.0,129.0,-5.15,30366.0,388.6,245.0
JOSHI,3/22/2021,131.0,131.0,126.0,127.0,-1.55,10566.0,388.6,245.0
JOSHI,3/23/2021,125.0,137.0,125.0,131.0,3.15,25783.0,388.6,245.0
JOSHI,3/24/2021,131.0,136.0,128.0,128.0,-2.29,18941.0,388.6,245.0
JOSHI,3/25/2021,130.0,134.0,130.0,131.0,2.34,13163.0,388.6,245.0
JOSHI,3/29/2021,130.0,134.0,128.0,131.0,0.0,7435.0,388.6,245.0
JOSHI,3/30/2021,129.0,131.0,127.0,130.0,-0.76,8280.0,388.6,245.0
JOSHI,3/31/2021,130.0,130.0,128.0,130.0,0.0,6990.0,388.6,245.0
JOSHI,4/1/2021,130.0,131.0,128.0,130.0,0.0,10833.0,388.6,245.0
JOSHI,4/4/2021,130.0,130.0,128.0,128.0,-1.54,10300.0,388.6,245.0
JOSHI,4/5/2021,126.0,135.0,126.0,130.0,1.56,41378.0,388.6,245.0
JOSHI,4/6/2021,130.0,142.0,129.0,142.0,9.23,43957.0,388.6,245.0
JOSHI,4/7/2021,144.0,150.0,137.0,138.0,-2.82,41080.0,388.6,245.0
JOSHI,4/8/2021,140.0,142.0,136.0,138.0,0.0,9115.0,388.6,245.0
JOSHI,4/12/2021,140.0,140.0,134.0,137.0,-0.72,7479.0,388.6,245.0
JOSHI,4/13/2021,135.0,140.0,133.0,137.0,0.0,9947.0,388.6,245.0
JOSHI,4/15/2021,137.0,139.0,135.0,138.0,0.73,12728.0,388.6,245.0
JOSHI,4/18/2021,140.0,150.0,134.0,145.0,5.07,48648.0,388.6,245.0
JOSHI,4/19/2021,145.0,145.0,138.0,141.0,-2.76,20715.0,388.6,245.0
JOSHI,4/20/2021,141.0,141.0,138.0,140.0,-0.71,6805.0,388.6,245.0
JOSHI,4/21/2021,139.0,143.0,139.0,140.0,0.0,22822.0,388.6,245.0
JOSHI,4/22/2021,145.0,145.0,138.0,141.0,0.71,12902.0,388.6,245.0
JOSHI,4/25/2021,141.0,141.0,131.0,137.0,-2.84,21605.0,388.6,245.0
JOSHI,4/26/2021,138.0,139.0,130.0,130.0,-5.11,13988.0,388.6,245.0
JOSHI,4/27/2021,130.0,139.0,130.0,137.0,5.38,5135.0,388.6,245.0
JOSHI,4/28/2021,139.0,139.0,131.0,134.0,-2.19,10445.0,388.6,245.0
JOSHI,4/29/2021,136.0,140.0,134.0,136.0,1.49,6650.0,388.6,245.0
JOSHI,5/2/2021,138.0,140.0,134.0,137.0,0.74,5632.0,388.6,245.0
JOSHI,5/3/2021,143.0,143.0,135.0,137.0,0.0,13635.0,388.6,245.0
JOSHI,5/4/2021,135.0,145.0,134.0,144.0,5.11,39063.0,388.6,245.0
JOSHI,5/5/2021,151.0,158.0,143.0,158.0,9.72,78143.0,388.6,245.0
JOSHI,5/6/2021,165.0,173.0,165.0,173.0,9.49,121726.0,388.6,245.0
JOSHI,5/9/2021,174.0,182.0,159.0,170.0,-1.73,62000.0,388.6,245.0
JOSHI,5/10/2021,170.0,170.0,161.0,163.0,-4.12,19837.0,388.6,245.0
JOSHI,5/11/2021,163.0,170.0,163.0,168.0,3.07,23902.0,388.6,245.0
JOSHI,5/12/2021,169.0,184.0,166.0,184.0,9.52,67248.0,388.6,245.0
JOSHI,5/13/2021,189.0,202.0,189.0,202.0,9.78,102853.0,388.6,245.0
JOSHI,5/16/2021,206.0,210.0,186.0,196.0,-2.97,82461.0,388.6,245.0
JOSHI,5/17/2021,198.0,214.0,193.0,209.0,6.63,57796.0,388.6,245.0
JOSHI,5/18/2021,205.0,229.0,205.0,229.0,9.57,44216.0,388.6,245.0
JOSHI,5/19/2021,233.0,251.0,219.0,231.0,0.87,94636.0,388.6,245.0
JOSHI,5/20/2021,234.0,234.0,212.0,221.0,-4.33,47041.0,388.6,245.0
JOSHI,5/23/2021,217.0,234.0,207.0,227.0,2.71,38368.0,388.6,245.0
JOSHI,5/24/2021,229.0,231.0,218.0,222.0,-2.2,35375.0,388.6,245.0
JOSHI,5/25/2021,218.0,231.0,215.0,231.0,4.05,43174.0,388.6,245.0
JOSHI,5/27/2021,230.0,254.0,227.0,254.0,9.96,90450.0,388.6,245.0
JOSHI,5/30/2021,258.0,279.0,255.0,279.0,9.84,59432.0,388.6,245.0
JOSHI,5/31/2021,279.0,289.0,260.0,264.0,-5.38,103273.0,388.6,245.0
JOSHI,6/1/2021,264.0,264.0,245.0,253.0,-4.17,54166.0,388.6,245.0
JOSHI,6/2/2021,265.0,265.0,228.0,260.0,2.77,71661.0,388.6,245.0
JOSHI,6/3/2021,256.0,270.0,245.0,255.0,-1.92,35828.0,388.6,245.0
JOSHI,6/6/2021,255.0,255.0,231.0,244.0,-4.31,60750.0,388.6,245.0
JOSHI,6/7/2021,240.0,260.0,236.0,258.0,5.74,45081.0,388.6,245.0
JOSHI,6/8/2021,260.0,270.0,258.0,262.0,1.55,64453.0,388.6,245.0
JOSHI,6/9/2021,260.0,262.0,252.0,257.0,-1.91,27914.0,388.6,245.0
JOSHI,6/10/2021,257.0,282.0,250.0,282.0,9.73,141261.0,388.6,245.0
JOSHI,6/13/2021,296.0,310.0,290.0,310.0,9.93,100541.0,388.6,245.0
JOSHI,6/14/2021,312.0,341.0,306.0,341.0,10.0,151800.0,388.6,245.0
JOSHI,6/15/2021,355.0,368.0,330.0,342.0,0.29,79184.0,388.6,245.0
JOSHI,6/16/2021,342.0,342.0,308.0,308.0,-9.94,41107.0,388.6,245.0
JOSHI,6/17/2021,302.0,322.0,280.0,312.0,1.3,63199.0,388.6,245.0
JOSHI,6/20/2021,318.0,318.0,281.0,294.0,-5.77,33696.0,388.6,245.0
JOSHI,6/21/2021,308.0,308.0,265.0,271.0,-7.82,33139.0,388.6,245.0
JOSHI,6/22/2021,271.0,298.0,261.0,298.0,9.96,43066.0,388.6,245.0
JOSHI,6/23/2021,303.0,320.0,295.0,296.0,-0.67,29816.0,388.6,245.0
JOSHI,6/24/2021,294.0,315.0,284.0,295.0,-0.34,17175.0,388.6,245.0
JOSHI,6/27/2021,294.0,300.0,283.0,289.0,-2.03,24925.0,388.6,245.0
JOSHI,6/28/2021,303.0,303.0,276.0,280.0,-3.11,17524.0,388.6,245.0
JOSHI,6/29/2021,280.0,286.0,268.0,268.0,-4.29,16045.0,388.6,245.0
JOSHI,6/30/2021,263.0,278.0,253.0,271.0,1.12,24528.0,388.6,245.0
JOSHI,7/1/2021,276.0,298.0,276.0,291.0,7.38,28455.0,388.6,245.0
JOSHI,7/4/2021,296.0,296.0,275.0,280.0,-3.78,16332.0,388.6,245.0
JOSHI,7/5/2021,284.0,285.0,270.0,272.0,-2.86,11501.0,388.6,245.0
JOSHI,7/6/2021,270.0,273.0,262.0,263.0,-3.31,12073.0,388.6,245.0
JOSHI,7/7/2021,260.0,266.0,256.0,260.0,-1.14,8313.0,388.6,245.0
JOSHI,7/8/2021,255.0,284.0,253.0,275.0,5.77,24721.0,388.6,245.0
JOSHI,7/11/2021,280.0,295.0,270.0,295.0,7.27,23803.0,388.6,245.0
JOSHI,7/12/2021,295.0,300.0,276.0,285.0,-3.39,41301.0,388.6,245.0
JOSHI,7/13/2021,285.0,290.0,282.0,283.0,-0.7,4915.0,388.6,245.0
JOSHI,7/14/2021,285.0,288.0,280.0,286.0,1.06,8936.0,388.6,245.0
JOSHI,7/15/2021,300.0,300.0,283.0,294.0,2.8,34459.0,388.6,245.0
JOSHI,7/18/2021,294.0,303.0,292.0,295.0,0.34,21539.0,388.6,245.0
JOSHI,7/19/2021,299.0,303.0,288.0,289.5,-1.86,18525.0,388.6,245.0
JOSHI,7/20/2021,289.5,301.0,286.0,295.0,1.9,21415.0,388.6,245.0
JOSHI,7/22/2021,300.0,315.1,300.0,313.0,6.1,103641.0,388.6,245.0
JOSHI,7/25/2021,319.2,344.3,319.2,344.3,10.0,121549.0,388.6,245.0
JOSHI,7/26/2021,351.1,374.0,344.0,348.0,1.07,74092.0,388.6,245.0
JOSHI,7/27/2021,348.0,382.8,338.1,382.8,10.0,85267.0,388.6,245.0
JOSHI,7/28/2021,382.8,410.0,362.7,375.0,-2.04,75310.0,388.6,245.0
JOSHI,7/29/2021,368.0,368.0,346.5,361.0,-3.73,66293.0,388.6,245.0
JOSHI,8/1/2021,361.0,382.0,347.0,379.0,4.99,61325.0,388.6,245.0
JOSHI,8/2/2021,380.0,408.0,375.0,394.0,3.96,78216.0,388.6,245.0
JOSHI,8/3/2021,397.0,432.0,375.0,416.0,5.58,83219.0,388.6,245.0
JOSHI,8/4/2021,424.0,449.5,409.0,440.0,5.77,88530.0,388.6,245.0
JOSHI,8/5/2021,448.8,474.0,419.6,421.0,-4.32,82476.0,388.6,245.0
JOSHI,8/8/2021,429.0,455.0,406.0,430.0,2.14,65135.0,388.6,245.0
JOSHI,8/9/2021,430.1,447.0,426.0,438.0,1.86,73028.0,388.6,245.0
JOSHI,8/10/2021,446.0,446.0,413.0,421.9,-3.68,74509.0,388.6,245.0
JOSHI,8/11/2021,421.0,434.0,406.0,424.9,0.71,36179.0,388.6,245.0
JOSHI,8/12/2021,425.0,425.0,411.0,416.0,-2.09,35462.0,388.6,245.0
JOSHI,8/15/2021,416.0,416.0,377.3,405.0,-2.64,36600.0,388.6,245.0
JOSHI,8/16/2021,398.0,435.0,398.0,421.0,3.95,37057.0,388.6,245.0
JOSHI,8/17/2021,421.0,463.1,421.0,463.1,10.0,96293.0,388.6,245.0
JOSHI,8/18/2021,463.0,507.0,455.0,472.0,1.92,106947.0,388.6,245.0
JOSHI,8/19/2021,465.0,470.0,435.0,448.0,-5.08,45470.0,388.6,245.0
JOSHI,8/24/2021,439.1,439.1,403.2,403.2,-10.0,23190.0,388.6,245.0
JOSHI,8/25/2021,404.0,410.0,362.9,396.0,-1.79,33947.0,388.6,245.0
JOSHI,8/26/2021,400.0,430.0,396.0,427.0,7.83,29243.0,388.6,245.0
JOSHI,8/29/2021,429.0,456.0,409.0,428.0,0.23,29904.0,388.6,245.0
JOSHI,8/31/2021,427.0,427.0,394.0,410.0,-4.21,15583.0,388.6,245.0
JOSHI,9/1/2021,410.0,434.0,396.0,410.0,0.0,17153.0,388.6,245.0
JOSHI,9/2/2021,411.0,415.0,390.0,395.0,-3.66,17926.0,388.6,245.0
JOSHI,9/5/2021,387.1,390.0,355.5,370.0,-6.33,26106.0,388.6,245.0
JOSHI,9/6/2021,377.4,407.0,363.3,407.0,10.0,16911.0,388.6,245.0
JOSHI,9/7/2021,415.0,425.0,403.8,404.0,-0.74,16096.0,388.6,245.0
JOSHI,9/8/2021,404.0,404.0,387.1,390.0,-3.47,7595.0,388.6,245.0
JOSHI,9/9/2021,397.8,402.0,389.0,395.1,1.31,8995.0,388.6,245.0
JOSHI,9/12/2021,403.0,425.0,403.0,413.1,4.56,19241.0,388.6,245.0
JOSHI,9/13/2021,415.0,430.0,398.9,409.0,-0.99,17781.0,388.6,245.0
JOSHI,9/14/2021,405.0,410.0,397.0,401.0,-1.96,5347.0,388.6,245.0
JOSHI,9/15/2021,409.0,416.0,395.0,397.9,-0.77,5539.0,388.6,245.0
JOSHI,9/16/2021,390.0,390.0,376.0,383.0,-3.74,15052.0,388.6,245.0
JOSHI,9/20/2021,383.0,383.0,344.7,345.0,-9.92,15790.0,388.6,245.0
JOSHI,9/21/2021,340.0,375.0,324.8,355.0,2.9,13561.0,388.6,245.0
JOSHI,9/22/2021,362.1,387.6,362.1,387.6,9.18,10887.0,388.6,245.0
JOSHI,9/23/2021,395.0,396.0,370.0,374.0,-3.51,10139.0,388.6,245.0
JOSHI,9/26/2021,375.0,375.0,348.0,351.2,-6.1,5671.0,388.6,245.0
JOSHI,9/27/2021,358.2,362.0,333.0,334.0,-4.9,12072.0,388.6,245.0
JOSHI,9/28/2021,328.0,328.0,300.9,301.0,-9.88,20458.0,388.6,245.0
JOSHI,9/29/2021,304.9,327.0,300.0,327.0,8.64,12139.0,388.6,245.0
JOSHI,9/30/2021,333.0,339.0,315.0,318.1,-2.72,5310.0,388.6,245.0
JOSHI,10/3/2021,315.0,315.0,298.9,299.0,-6.0,7236.0,388.6,245.0
JOSHI,10/4/2021,293.1,304.0,280.0,293.0,-2.01,5607.0,388.6,245.0
JOSHI,10/5/2021,287.2,312.0,287.2,303.0,3.41,5511.0,388.6,245.0
JOSHI,10/6/2021,309.0,317.5,304.0,312.0,2.97,5949.0,388.6,245.0
JOSHI,10/10/2021,315.0,327.4,301.9,303.0,-2.88,4922.0,388.6,245.0
JOSHI,10/11/2021,297.0,308.0,297.0,305.0,0.66,2985.0,388.6,245.0
JOSHI,10/17/2021,311.1,311.1,295.5,304.9,-0.03,860.0,388.6,245.0
JOSHI,10/18/2021,301.0,301.0,295.0,296.0,-2.92,2995.0,388.6,245.0
JOSHI,10/19/2021,290.1,290.1,273.8,286.0,-3.38,5034.0,388.6,245.0
JOSHI,10/20/2021,286.0,304.0,286.0,299.6,4.76,2701.0,388.6,245.0
JOSHI,10/21/2021,305.5,311.6,282.0,282.0,-5.87,5501.0,388.6,245.0
JOSHI,10/24/2021,282.0,296.8,282.0,295.8,4.89,3687.0,388.6,245.0
JOSHI,10/25/2021,293.0,325.3,293.0,325.0,9.87,10307.0,388.6,245.0
JOSHI,10/26/2021,331.5,357.0,331.5,356.0,9.54,12686.0,388.6,245.0
JOSHI,10/27/2021,363.1,363.5,339.0,355.0,-0.28,11419.0,388.6,245.0
JOSHI,10/28/2021,350.0,360.0,342.0,356.0,0.28,10011.0,388.6,245.0
JOSHI,10/31/2021,363.1,385.0,350.0,383.0,7.58,10451.0,388.6,245.0
JOSHI,11/1/2021,390.0,390.6,365.0,376.0,-1.83,13710.0,388.6,245.0
JOSHI,11/2/2021,369.0,380.0,358.0,379.0,0.8,6717.0,388.6,245.0
JOSHI,11/3/2021,375.0,381.0,364.3,374.0,-1.32,8132.0,388.6,245.0
JOSHI,11/8/2021,381.0,381.0,358.0,358.0,-4.28,10479.0,388.6,245.0
JOSHI,11/9/2021,359.0,359.0,333.0,343.0,-4.19,5557.0,388.6,245.0
JOSHI,11/11/2021,340.0,353.6,326.0,328.3,-4.29,9054.0,388.6,245.0
JOSHI,11/14/2021,322.1,352.0,316.1,342.0,4.17,6886.0,388.6,245.0
JOSHI,11/15/2021,348.8,357.0,336.5,345.2,0.94,10782.0,388.6,245.0
JOSHI,11/16/2021,352.1,377.4,346.0,369.0,6.89,12311.0,388.6,245.0
JOSHI,11/17/2021,376.3,405.9,376.3,395.0,7.05,44975.0,388.6,245.0
JOSHI,11/18/2021,402.0,402.0,390.0,395.0,0.0,39109.0,388.6,245.0
JOSHI,11/21/2021,387.1,402.9,379.4,392.0,-0.76,19509.0,388.6,245.0
JOSHI,11/22/2021,385.0,399.0,385.0,385.6,-1.63,11660.0,388.6,245.0
JOSHI,11/23/2021,386.0,386.0,356.0,371.0,-3.79,16615.0,388.6,245.0
JOSHI,11/24/2021,363.6,396.7,356.6,389.0,4.85,15450.0,388.6,245.0
JOSHI,11/25/2021,395.0,416.1,389.1,404.0,3.86,56949.0,388.6,245.0
JOSHI,11/28/2021,396.0,403.0,370.0,375.0,-7.18,25735.0,388.6,245.0
JOSHI,11/29/2021,375.0,398.1,368.0,376.0,0.27,12218.0,388.6,245.0
JOSHI,11/30/2021,383.5,390.0,370.0,386.0,2.66,5774.0,388.6,245.0
JOSHI,12/1/2021,393.7,395.0,377.5,377.5,-2.2,6957.0,388.6,245.0
JOSHI,12/2/2021,370.1,391.0,358.1,380.0,0.66,8487.0,388.6,245.0
JOSHI,12/5/2021,372.4,383.0,353.0,365.0,-3.95,17687.0,388.6,245.0
JOSHI,12/6/2021,357.7,375.0,330.0,375.0,2.74,7883.0,388.6,245.0
JOSHI,12/7/2021,382.0,385.0,355.1,359.9,-4.03,6528.0,388.6,245.0
JOSHI,12/8/2021,352.8,358.0,330.0,358.0,-0.53,15150.0,388.6,245.0
JOSHI,12/9/2021,351.0,358.0,322.2,349.3,-2.43,21283.0,388.6,245.0
JOSHI,12/12/2021,348.0,348.0,318.0,318.0,-8.96,12396.0,388.6,245.0
JOSHI,12/13/2021,315.0,315.0,286.2,297.9,-6.32,18829.0,388.6,245.0
JOSHI,12/14/2021,301.1,321.5,301.1,320.2,7.49,10602.0,388.6,245.0
JOSHI,12/15/2021,326.6,347.0,321.0,321.0,0.25,20258.0,388.6,245.0
JOSHI,12/16/2021,314.6,320.7,303.9,304.0,-5.3,4620.0,388.6,245.0
JOSHI,12/20/2021,298.0,309.9,293.0,307.0,0.99,4938.0,388.6,245.0
JOSHI,12/21/2021,307.0,321.9,304.0,321.9,4.85,1460.0,388.6,245.0
JOSHI,12/22/2021,321.9,334.0,320.0,330.0,2.52,16423.0,388.6,245.0
JOSHI,12/23/2021,329.9,354.0,324.1,333.0,0.91,22618.0,388.6,245.0
JOSHI,12/26/2021,326.4,340.0,321.0,328.0,-1.5,58403.0,388.6,245.0
JOSHI,12/27/2021,328.2,347.9,298.0,300.0,-8.54,310912.0,388.6,245.0
JOSHI,12/28/2021,302.0,318.2,298.9,310.0,3.33,177049.0,388.6,245.0
JOSHI,12/29/2021,316.0,316.0,300.0,303.0,-2.26,53763.0,388.6,245.0
JOSHI,1/2/2022,304.0,306.0,298.0,301.9,-0.36,39788.0,388.6,245.0
JOSHI,1/3/2022,306.0,307.9,296.0,297.7,-1.39,48659.0,388.6,245.0
JOSHI,1/4/2022,296.0,302.0,293.0,298.0,0.1,72353.0,388.6,245.0
JOSHI,1/5/2022,300.0,313.0,295.0,300.1,0.7,145275.0,388.6,245.0
JOSHI,1/6/2022,298.0,307.0,295.0,306.0,1.97,73855.0,388.6,245.0
JOSHI,1/9/2022,312.1,319.9,306.0,319.0,4.25,166162.0,388.6,245.0
JOSHI,1/10/2022,325.3,347.0,321.0,340.0,6.58,189534.0,388.6,245.0
JOSHI,1/11/2022,345.0,349.0,330.0,346.0,1.76,83335.0,388.6,245.0
JOSHI,1/12/2022,340.0,348.8,326.1,327.0,-5.49,199335.0,388.6,245.0
JOSHI,1/13/2022,325.0,338.0,319.0,337.0,3.06,143123.0,388.6,245.0
JOSHI,1/16/2022,343.7,357.0,343.7,347.0,2.97,175513.0,388.6,245.0
JOSHI,1/17/2022,349.0,362.0,334.0,351.5,1.3,282297.0,388.6,245.0
JOSHI,1/18/2022,357.9,358.0,335.0,339.0,-3.56,84475.0,388.6,245.0
JOSHI,1/19/2022,345.0,345.0,327.0,328.0,-3.24,69806.0,388.6,245.0
JOSHI,1/20/2022,325.0,340.5,322.0,340.5,3.81,58680.0,388.6,245.0
JOSHI,1/23/2022,344.0,352.0,327.0,334.0,-1.91,103309.0,388.6,245.0
JOSHI,1/24/2022,334.0,334.0,315.1,318.0,-4.79,110505.0,388.6,245.0
JOSHI,1/25/2022,312.0,329.4,312.0,316.0,-0.63,42461.0,388.6,245.0
JOSHI,1/26/2022,321.0,321.0,305.4,310.0,-1.9,69071.0,388.6,245.0
JOSHI,1/27/2022,306.0,316.0,306.0,311.0,0.32,49547.0,388.6,245.0
JOSHI,1/30/2022,317.2,335.0,317.2,332.0,6.75,75791.0,388.6,245.0
JOSHI,1/31/2022,338.0,341.5,324.1,325.0,-2.11,37150.0,388.6,245.0
JOSHI,2/1/2022,326.0,336.6,320.0,335.0,3.08,61821.0,388.6,245.0
JOSHI,2/3/2022,341.7,349.8,333.2,334.0,-0.3,132280.0,388.6,245.0
JOSHI,2/6/2022,333.9,334.0,323.0,325.0,-2.69,39117.0,388.6,245.0
JOSHI,2/7/2022,320.0,332.5,319.1,328.0,0.92,25855.0,388.6,245.0
JOSHI,2/8/2022,334.5,346.0,322.0,323.0,-1.52,58928.0,388.6,245.0
JOSHI,2/9/2022,317.0,324.5,317.0,320.0,-0.93,29313.0,388.6,245.0
JOSHI,2/10/2022,324.9,325.0,318.0,319.0,-0.31,28171.0,388.6,245.0
JOSHI,2/13/2022,312.7,317.0,301.0,308.0,-3.45,40169.0,388.6,245.0
JOSHI,2/14/2022,313.0,317.0,309.0,311.0,0.97,27791.0,388.6,245.0
JOSHI,2/15/2022,316.9,328.0,310.0,326.0,4.82,27257.0,388.6,245.0
JOSHI,2/16/2022,332.0,332.0,312.0,315.1,-3.34,22136.0,388.6,245.0
JOSHI,2/17/2022,321.0,321.0,306.8,316.0,0.29,40947.0,388.6,245.0
JOSHI,2/20/2022,316.0,324.0,303.6,313.1,-0.92,33179.0,388.6,245.0
JOSHI,2/21/2022,319.3,321.3,312.0,317.5,1.41,17800.0,388.6,245.0
JOSHI,2/22/2022,321.5,328.0,317.0,322.0,1.42,43113.0,388.6,245.0
JOSHI,2/23/2022,322.7,350.3,322.7,337.0,4.66,151058.0,388.6,245.0
JOSHI,2/24/2022,343.0,344.0,323.0,325.5,-3.41,79358.0,388.6,245.0
JOSHI,2/27/2022,325.5,338.0,323.0,329.0,1.08,73093.0,388.6,245.0
JOSHI,2/28/2022,335.5,342.0,315.0,315.6,-4.07,51646.0,388.6,245.0
JOSHI,3/2/2022,315.0,315.0,305.0,306.0,-3.04,34565.0,388.6,245.0
JOSHI,3/6/2022,312.1,318.0,300.0,306.0,0.0,18976.0,388.6,245.0
JOSHI,3/7/2022,312.0,313.0,299.0,299.0,-2.29,28202.0,388.6,245.0
JOSHI,3/9/2022,300.0,312.0,285.4,287.0,-4.01,33999.0,388.6,245.0
JOSHI,3/10/2022,292.0,307.0,285.0,306.0,6.62,25613.0,388.6,245.0
JOSHI,3/13/2022,312.1,320.0,308.0,320.0,4.58,31535.0,388.6,245.0
JOSHI,3/14/2022,320.0,320.0,310.0,315.0,-1.56,9293.0,388.6,245.0
JOSHI,3/15/2022,310.0,314.5,306.1,310.0,-1.59,24791.0,388.6,245.0
JOSHI,3/16/2022,309.0,310.0,303.0,305.0,-1.61,19173.0,388.6,245.0
JOSHI,3/20/2022,305.0,309.0,299.1,299.1,-1.93,13906.0,388.6,245.0
JOSHI,3/21/2022,305.0,312.1,300.0,310.9,3.95,12952.0,388.6,245.0
JOSHI,3/22/2022,310.0,314.0,310.0,310.0,-0.29,19019.0,388.6,245.0
JOSHI,3/23/2022,308.0,308.0,299.0,300.0,-3.23,94183.0,388.6,245.0
JOSHI,3/24/2022,300.0,303.8,296.0,296.1,-1.3,27762.0,388.6,245.0
JOSHI,3/27/2022,296.1,300.0,288.0,288.0,-2.74,23885.0,388.6,245.0
JOSHI,3/28/2022,285.3,298.8,282.7,282.7,-1.84,34653.0,388.6,245.0
JOSHI,3/29/2022,288.3,290.0,278.4,280.6,-0.74,12762.0,388.6,245.0
JOSHI,3/30/2022,286.2,290.0,283.3,289.0,2.99,23642.0,388.6,245.0
JOSHI,3/31/2022,291.0,291.0,278.0,280.0,-3.11,23641.0,388.6,245.0
JOSHI,4/3/2022,282.0,283.0,274.4,279.1,-0.32,14338.0,388.6,245.0
JOSHI,4/4/2022,283.6,284.9,274.5,278.0,-0.39,16259.0,388.6,245.0
JOSHI,4/5/2022,275.0,280.0,265.0,267.0,-3.96,20333.0,388.6,245.0
JOSHI,4/6/2022,265.0,275.4,261.0,270.0,1.12,16059.0,388.6,245.0
JOSHI,4/7/2022,275.0,275.0,264.0,271.0,0.37,20753.0,388.6,245.0
JOSHI,4/11/2022,276.4,277.0,257.2,262.0,-3.32,30525.0,388.6,245.0
JOSHI,4/12/2022,257.0,260.0,251.9,257.0,-1.91,18290.0,388.6,245.0
JOSHI,4/13/2022,255.0,262.0,250.0,259.3,0.89,14176.0,388.6,245.0
JOSHI,4/17/2022,260.0,265.2,246.0,250.0,-3.59,13012.0,388.6,245.0
JOSHI,4/18/2022,248.0,248.0,238.0,240.0,-4.0,16705.0,388.6,245.0
JOSHI,4/19/2022,240.0,245.7,228.3,240.0,0.0,15115.0,388.6,245.0
JOSHI,4/20/2022,236.1,240.0,228.0,229.0,-4.58,9343.0,388.6,245.0
JOSHI,4/21/2022,224.5,230.0,215.0,229.0,0.0,21037.0,388.6,245.0
JOSHI,4/24/2022,233.5,251.9,229.0,250.0,9.17,23803.0,388.6,245.0
JOSHI,4/25/2022,253.0,259.9,240.0,241.0,-3.6,35154.0,388.6,245.0
JOSHI,4/26/2022,241.0,248.8,237.2,239.9,-0.46,14226.0,388.6,245.0
JOSHI,4/27/2022,236.1,244.0,234.0,244.0,1.71,10970.0,388.6,245.0
JOSHI,4/28/2022,245.0,245.0,235.7,237.0,-2.87,16869.0,388.6,245.0
JOSHI,5/2/2022,234.0,235.0,223.0,228.0,-3.8,14365.0,388.6,245.0
JOSHI,5/4/2022,228.0,228.0,217.0,221.5,-2.85,11718.0,388.6,245.0
JOSHI,5/5/2022,217.2,222.1,209.1,211.0,-4.74,17149.0,388.6,245.0
JOSHI,5/8/2022,209.9,229.0,200.0,224.0,6.16,22197.0,388.6,245.0
JOSHI,5/9/2022,224.0,228.0,219.0,223.5,-0.22,19238.0,388.6,245.0
JOSHI,5/10/2022,227.0,241.0,220.0,238.0,6.49,27204.0,388.6,245.0
JOSHI,5/11/2022,240.0,259.0,229.4,254.0,6.72,32255.0,388.6,245.0
JOSHI,5/12/2022,258.0,263.0,244.0,245.0,-3.54,26443.0,388.6,245.0
JOSHI,5/17/2022,241.0,244.0,227.0,231.8,-5.39,19823.0,388.6,245.0
JOSHI,5/18/2022,235.0,249.0,221.0,242.0,4.4,15333.0,388.6,245.0
JOSHI,5/19/2022,242.0,247.0,233.0,237.6,-1.82,7272.0,388.6,245.0
JOSHI,5/20/2022,233.1,238.0,229.4,230.0,-3.2,10463.0,388.6,245.0
JOSHI,5/23/2022,226.0,230.0,222.0,224.0,-2.61,12312.0,388.6,245.0
JOSHI,5/24/2022,221.2,236.9,219.7,230.0,2.68,8345.0,388.6,245.0
JOSHI,5/25/2022,234.0,235.0,230.0,230.9,0.39,8836.0,388.6,245.0
JOSHI,5/26/2022,234.9,235.5,228.5,231.0,0.04,8147.0,388.6,245.0
JOSHI,5/27/2022,230.0,230.0,225.0,226.5,-1.95,8270.0,388.6,245.0
JOSHI,5/30/2022,231.0,231.0,220.0,221.0,-2.43,8300.0,388.6,245.0
JOSHI,5/31/2022,217.2,225.0,216.0,221.0,0.0,6786.0,388.6,245.0
JOSHI,6/1/2022,217.0,226.0,217.0,222.4,0.63,9022.0,388.6,245.0
JOSHI,6/2/2022,222.0,226.8,222.0,224.8,1.08,5482.0,388.6,245.0
JOSHI,6/3/2022,224.0,224.0,219.0,221.0,-1.69,8575.0,388.6,245.0
JOSHI,6/6/2022,225.3,226.4,220.0,220.1,-0.41,5827.0,388.6,245.0
JOSHI,6/7/2022,219.2,220.0,215.0,215.0,-2.32,8040.0,388.6,245.0
JOSHI,6/8/2022,213.0,228.0,211.0,225.0,4.65,15537.0,388.6,245.0
JOSHI,6/9/2022,229.5,233.0,217.3,221.4,-1.6,5494.0,388.6,245.0
JOSHI,6/10/2022,217.0,221.3,217.0,217.0,-1.99,2100.0,388.6,245.0
JOSHI,6/13/2022,215.0,225.7,213.0,215.0,-0.92,4047.0,388.6,245.0
JOSHI,6/14/2022,214.0,215.0,208.0,210.0,-2.33,6378.0,388.6,245.0
JOSHI,6/15/2022,206.0,206.0,199.0,200.0,-4.76,9529.0,388.6,245.0
JOSHI,6/16/2022,198.0,214.0,198.0,202.0,1.0,6592.0,388.6,245.0
JOSHI,6/17/2022,204.0,206.0,202.0,205.0,1.49,2643.0,388.6,245.0
JOSHI,6/19/2022,203.0,203.0,195.3,196.0,-4.39,6559.0,388.6,245.0
JOSHI,6/20/2022,194.0,194.0,182.0,185.0,-5.61,16280.0,388.6,245.0
JOSHI,6/21/2022,181.4,195.7,181.4,190.0,2.7,13428.0,388.6,245.0
JOSHI,6/22/2022,193.0,193.0,183.0,186.0,-2.11,2610.0,388.6,245.0
JOSHI,6/23/2022,188.0,189.0,168.1,171.0,-8.06,13972.0,388.6,245.0
JOSHI,6/24/2022,170.0,180.0,164.8,172.9,1.11,8911.0,388.6,245.0
JOSHI,6/26/2022,176.0,190.1,176.0,190.1,9.95,25115.0,388.6,245.0
JOSHI,6/27/2022,193.9,202.0,190.0,190.0,-0.05,32611.0,388.6,245.0
JOSHI,6/28/2022,190.0,190.0,185.0,187.0,-1.58,6445.0,388.6,245.0
JOSHI,6/29/2022,190.0,197.5,186.0,194.0,3.74,13883.0,388.6,245.0
JOSHI,6/30/2022,195.0,208.0,195.0,204.0,5.15,27936.0,388.6,245.0
JOSHI,7/1/2022,200.0,214.0,196.0,205.0,0.49,14950.0,388.6,245.0
JOSHI,7/3/2022,208.0,218.0,202.1,215.0,4.88,15637.0,388.6,245.0
JOSHI,7/4/2022,218.0,229.0,208.0,215.0,0.0,38932.0,388.6,245.0
JOSHI,7/5/2022,215.0,219.9,203.0,203.0,-5.58,20120.0,388.6,245.0
JOSHI,7/6/2022,203.0,211.0,199.0,210.0,3.45,19748.0,388.6,245.0
JOSHI,7/7/2022,214.2,216.0,209.0,209.0,-0.48,7940.0,388.6,245.0
JOSHI,7/8/2022,205.0,205.0,201.2,203.0,-2.87,8783.0,388.6,245.0
JOSHI,7/11/2022,199.0,199.0,189.0,191.9,-5.47,13652.0,388.6,245.0
JOSHI,7/12/2022,191.0,201.8,190.0,194.0,1.09,18121.0,388.6,245.0
JOSHI,7/13/2022,197.8,213.0,197.8,208.0,7.22,11675.0,388.6,245.0
JOSHI,7/14/2022,212.0,212.0,199.0,208.0,0.0,8192.0,388.6,245.0
JOSHI,7/15/2022,205.0,207.9,200.1,203.0,-2.4,5882.0,388.6,245.0
JOSHI,7/17/2022,203.0,205.0,200.0,200.1,-1.43,3947.0,388.6,245.0
JOSHI,7/18/2022,200.1,205.0,200.1,204.0,1.95,8385.0,388.6,245.0
JOSHI,7/19/2022,200.0,210.0,200.0,202.4,-0.78,11039.0,388.6,245.0
JOSHI,7/20/2022,203.1,210.0,203.1,206.0,1.78,11202.0,388.6,245.0
JOSHI,7/21/2022,205.0,205.0,201.0,202.4,-1.75,11312.0,388.6,245.0
JOSHI,7/22/2022,201.0,201.0,198.0,198.0,-2.17,8415.0,388.6,245.0
JOSHI,7/24/2022,201.9,208.0,200.0,208.0,5.05,15083.0,388.6,245.0
JOSHI,7/25/2022,212.0,222.4,210.0,222.0,6.73,38499.0,388.6,245.0
JOSHI,7/26/2022,222.0,227.0,211.7,215.8,-2.79,28832.0,388.6,245.0
JOSHI,7/27/2022,214.0,226.5,206.8,226.0,4.73,54983.0,388.6,245.0
JOSHI,7/28/2022,230.0,240.0,224.5,234.0,3.54,66178.0,388.6,245.0
JOSHI,7/29/2022,230.0,236.9,228.0,228.0,-2.56,7946.0,388.6,245.0
JOSHI,7/31/2022,232.0,237.5,230.0,233.0,2.19,46261.0,388.6,245.0
JOSHI,8/1/2022,236.0,238.3,226.0,226.0,-3.0,46431.0,388.6,245.0
JOSHI,8/2/2022,229.0,240.7,228.0,237.0,4.87,52540.0,388.6,245.0
JOSHI,8/3/2022,241.7,247.0,239.0,242.5,2.32,36268.0,388.6,245.0
JOSHI,8/4/2022,242.0,251.0,237.3,245.5,1.24,125187.0,388.6,245.0
JOSHI,8/5/2022,245.0,263.9,245.0,260.0,5.91,144288.0,388.6,245.0
JOSHI,8/7/2022,261.0,268.0,251.0,254.9,-1.96,33204.0,388.6,245.0
JOSHI,8/8/2022,255.0,259.0,248.0,249.0,-2.31,26803.0,388.6,245.0
JOSHI,8/9/2022,244.1,246.0,232.0,235.0,-5.62,35254.0,388.6,245.0
JOSHI,8/10/2022,230.3,245.0,230.3,238.8,1.62,23536.0,388.6,245.0
JOSHI,8/11/2022,234.1,244.8,232.0,232.0,-2.85,7963.0,388.6,245.0
JOSHI,8/14/2022,233.0,235.0,221.0,222.0,-4.31,11316.0,388.6,245.0
JOSHI,8/15/2022,225.0,238.0,220.0,238.0,7.21,25356.0,388.6,245.0
JOSHI,8/16/2022,242.7,243.0,222.0,225.0,-5.46,32695.0,388.6,245.0
JOSHI,8/17/2022,225.0,234.0,223.6,225.2,0.09,8975.0,388.6,245.0
JOSHI,8/18/2022,229.7,236.0,226.0,234.0,3.91,18619.0,388.6,245.0
JOSHI,8/21/2022,238.6,238.6,226.5,229.0,-2.14,17124.0,388.6,245.0
JOSHI,8/22/2022,225.0,232.0,223.5,226.0,-1.31,13873.0,388.6,245.0
JOSHI,8/23/2022,226.1,230.5,224.0,228.0,0.88,15135.0,388.6,245.0
JOSHI,8/24/2022,230.0,232.0,225.4,226.1,-0.83,7055.0,388.6,245.0
JOSHI,8/25/2022,230.6,231.0,220.0,220.0,-2.7,15934.0,388.6,245.0
JOSHI,8/26/2022,217.0,221.3,213.0,216.0,-1.82,16911.0,388.6,245.0
JOSHI,8/28/2022,218.0,218.0,207.8,209.6,-2.96,12904.0,388.6,245.0
JOSHI,8/29/2022,205.5,213.0,205.5,210.0,0.19,10854.0,388.6,245.0
JOSHI,8/30/2022,212.8,217.0,206.0,208.0,-0.95,4890.0,388.6,245.0
JOSHI,8/31/2022,205.8,208.0,202.2,203.0,-2.4,4764.0,388.6,245.0
JOSHI,9/1/2022,207.0,209.1,201.0,207.0,1.97,9581.0,388.6,245.0
JOSHI,9/2/2022,211.0,211.0,205.0,207.0,0.0,2005.0,388.6,245.0
JOSHI,9/4/2022,203.1,223.8,203.1,223.8,8.12,5500.0,388.6,245.0
JOSHI,9/5/2022,222.0,222.0,212.1,217.0,-3.04,9441.0,388.6,245.0
JOSHI,9/6/2022,220.9,220.9,204.0,205.0,-5.53,8504.0,388.6,245.0
JOSHI,9/7/2022,209.0,209.0,202.1,207.0,0.98,5453.0,388.6,245.0
JOSHI,9/8/2022,206.0,212.0,203.0,210.0,1.45,9743.0,388.6,245.0
JOSHI,9/11/2022,207.0,211.0,205.1,205.1,-2.33,4683.0,388.6,245.0
JOSHI,9/12/2022,206.0,207.0,202.0,207.0,0.93,6780.0,388.6,245.0
JOSHI,9/13/2022,211.0,214.0,207.0,208.0,0.48,5084.0,388.6,245.0
JOSHI,9/14/2022,210.0,217.8,210.0,217.0,4.33,13188.0,388.6,245.0
JOSHI,9/15/2022,219.9,219.9,201.0,205.0,-5.53,43650.0,388.6,245.0
JOSHI,9/16/2022,203.0,207.9,195.0,201.1,-1.9,9775.0,388.6,245.0
JOSHI,9/18/2022,199.0,202.0,190.0,190.0,-5.52,14479.0,388.6,245.0
JOSHI,9/20/2022,187.0,187.0,178.0,184.0,-3.16,20111.0,388.6,245.0
JOSHI,9/21/2022,187.6,191.2,184.0,185.0,0.54,10597.0,388.6,245.0
JOSHI,9/22/2022,183.0,186.6,180.0,180.0,-2.7,8175.0,388.6,245.0
JOSHI,9/25/2022,180.0,186.6,176.5,183.6,2.0,19132.0,388.6,245.0
JOSHI,9/27/2022,187.2,188.0,179.8,181.3,-1.25,7886.0,388.6,245.0
JOSHI,9/28/2022,181.0,184.5,181.0,184.0,1.49,2021.0,388.6,245.0
JOSHI,9/29/2022,185.0,185.0,180.0,182.9,-0.6,7315.0,388.6,245.0
JOSHI,10/9/2022,186.5,189.0,183.0,185.6,1.48,5435.0,388.6,245.0
JOSHI,10/10/2022,185.0,189.0,180.4,182.0,-1.94,7255.0,388.6,245.0
JOSHI,10/11/2022,185.0,185.0,178.5,178.8,-1.76,3322.0,388.6,245.0
JOSHI,10/12/2022,180.0,187.0,180.0,187.0,4.59,7907.0,388.6,245.0
JOSHI,10/13/2022,185.0,190.0,182.2,183.0,-2.14,4760.0,388.6,245.0
JOSHI,10/16/2022,181.6,185.0,178.8,183.6,0.33,8772.0,388.6,245.0
JOSHI,10/17/2022,183.0,187.2,179.9,179.9,-2.02,2740.0,388.6,245.0
JOSHI,10/19/2022,177.1,179.5,175.0,175.0,-2.72,5620.0,388.6,245.0
JOSHI,10/20/2022,172.0,173.0,170.0,171.0,-2.29,1828.0,388.6,245.0
JOSHI,10/23/2022,171.0,176.4,170.0,171.1,0.06,2450.0,388.6,245.0
JOSHI,10/31/2022,168.0,177.0,168.0,172.0,0.53,3025.0,388.6,245.0
JOSHI,11/1/2022,172.0,185.9,172.0,185.9,8.08,15451.0,388.6,245.0
JOSHI,11/2/2022,186.0,197.0,183.3,197.0,5.97,22978.0,388.6,245.0
JOSHI,11/3/2022,195.0,197.0,190.0,193.8,-1.62,10510.0,388.6,245.0
JOSHI,11/6/2022,190.0,202.0,190.0,202.0,4.23,11769.0,388.6,245.0
JOSHI,11/7/2022,202.0,205.9,197.0,198.0,-1.98,20850.0,388.6,245.0
JOSHI,11/8/2022,195.1,201.9,192.0,196.0,-1.01,32266.0,388.6,245.0
JOSHI,11/9/2022,199.9,201.0,185.3,185.5,-5.36,10395.0,388.6,245.0
JOSHI,11/10/2022,185.4,189.0,178.0,179.1,-3.45,12103.0,388.6,245.0
JOSHI,11/13/2022,179.0,182.0,176.0,176.5,-1.45,3040.0,388.6,245.0
JOSHI,11/14/2022,176.5,183.2,173.0,182.0,3.12,6539.0,388.6,245.0
JOSHI,11/15/2022,185.0,187.9,178.0,178.0,-2.2,8185.0,388.6,245.0
JOSHI,11/16/2022,180.0,183.0,179.4,180.0,1.12,6160.0,388.6,245.0
JOSHI,11/17/2022,183.6,192.9,182.0,189.7,5.39,12945.0,388.6,245.0
JOSHI,11/22/2022,193.0,195.5,181.3,184.9,-2.53,13110.0,388.6,245.0
JOSHI,11/23/2022,185.0,192.4,182.0,192.0,3.84,8370.0,388.6,245.0
JOSHI,11/24/2022,193.0,195.8,187.2,192.0,0.0,14576.0,388.6,245.0
JOSHI,11/27/2022,195.0,196.0,190.0,194.0,1.04,8633.0,388.6,245.0
JOSHI,11/28/2022,197.0,201.0,187.3,190.0,-2.06,18692.0,388.6,245.0
JOSHI,11/29/2022,190.0,197.0,190.0,197.0,3.68,8209.0,388.6,245.0
JOSHI,11/30/2022,193.2,195.0,191.0,194.5,-1.27,782.0,388.6,245.0
JOSHI,12/1/2022,194.0,195.0,192.0,193.2,-0.67,3305.0,388.6,245.0
JOSHI,12/4/2022,194.0,196.0,190.0,190.0,-1.66,4579.0,388.6,245.0
JOSHI,12/5/2022,190.0,190.0,184.0,185.0,-2.63,6574.0,388.6,245.0
JOSHI,12/6/2022,182.0,187.2,182.0,187.0,1.08,6629.0,388.6,245.0
JOSHI,12/7/2022,190.0,193.9,180.0,183.5,-1.87,21469.0,388.6,245.0
JOSHI,12/11/2022,183.0,186.6,180.0,180.0,-1.91,8521.0,388.6,245.0
JOSHI,12/12/2022,183.0,188.0,178.3,188.0,4.44,9987.0,388.6,245.0
JOSHI,12/13/2022,185.0,191.0,185.0,188.7,0.37,3076.0,388.6,245.0
JOSHI,12/14/2022,192.0,192.0,185.0,189.0,0.16,10191.0,388.6,245.0
JOSHI,12/15/2022,187.0,187.0,183.0,185.0,-2.12,5962.0,388.6,245.0
JOSHI,12/18/2022,182.0,185.0,179.0,184.9,-0.05,5874.0,388.6,245.0
JOSHI,12/19/2022,184.0,185.0,182.0,185.0,0.05,2236.0,388.6,245.0
JOSHI,12/20/2022,185.0,187.0,182.0,184.0,-0.54,2035.0,388.6,245.0
JOSHI,12/21/2022,181.2,185.0,181.2,185.0,0.54,5286.0,388.6,245.0
JOSHI,12/22/2022,182.3,186.0,178.8,181.0,-2.16,6453.0,388.6,245.0
JOSHI,12/26/2022,184.6,195.0,182.1,195.0,7.73,11829.0,388.6,245.0
JOSHI,12/27/2022,198.9,202.8,192.0,196.0,0.51,49311.0,388.6,245.0
JOSHI,12/28/2022,195.2,201.9,193.0,193.0,-1.53,20504.0,388.6,245.0
JOSHI,12/29/2022,195.0,206.0,193.0,205.0,6.22,27481.0,388.6,245.0
JOSHI,1/1/2023,209.0,209.9,199.0,204.0,-0.49,28988.0,388.6,245.0
JOSHI,1/2/2023,200.0,211.0,200.0,205.0,0.49,49870.0,388.6,245.0
JOSHI,1/3/2023,205.0,218.0,202.0,203.0,-0.98,28213.0,388.6,245.0
JOSHI,1/4/2023,207.0,213.2,203.1,212.0,4.43,32201.0,388.6,245.0
JOSHI,1/5/2023,215.5,219.7,209.0,215.2,1.51,36430.0,388.6,245.0
JOSHI,1/8/2023,219.0,233.0,211.0,219.0,1.77,50354.0,388.6,245.0
JOSHI,1/9/2023,223.0,240.9,222.0,240.9,10.0,82662.0,388.6,245.0
JOSHI,1/10/2023,245.6,264.0,239.0,243.0,0.87,122414.0,388.6,245.0
JOSHI,1/12/2023,247.8,260.0,238.1,241.0,-0.82,103369.0,388.6,245.0
JOSHI,1/17/2023,244.0,265.1,240.3,260.0,7.88,62583.0,388.6,245.0
JOSHI,1/18/2023,255.1,274.5,255.1,260.0,0.0,84221.0,388.6,245.0
JOSHI,1/19/2023,265.2,265.2,250.0,257.0,-1.15,27299.0,388.6,245.0
JOSHI,1/23/2023,257.0,263.0,246.0,246.0,-4.28,41068.0,388.6,245.0
JOSHI,1/24/2023,242.0,252.0,235.0,249.9,1.59,23414.0,388.6,245.0
JOSHI,1/25/2023,245.0,264.8,245.0,252.0,0.84,14736.0,388.6,245.0
JOSHI,1/26/2023,256.5,258.0,249.1,253.0,0.4,33127.0,388.6,245.0
JOSHI,1/29/2023,250.0,272.0,248.0,263.9,4.31,122581.0,388.6,245.0
JOSHI,1/30/2023,265.0,269.0,256.0,264.0,0.04,53331.0,388.6,245.0
JOSHI,1/31/2023,264.0,270.0,254.0,264.0,0.0,71436.0,388.6,245.0
JOSHI,2/1/2023,269.2,269.2,258.7,266.0,0.76,57368.0,388.6,245.0
JOSHI,2/2/2023,271.3,271.3,255.1,260.0,-2.26,24282.0,388.6,245.0
JOSHI,2/5/2023,265.2,268.0,257.7,263.9,1.5,32775.0,388.6,245.0
JOSHI,2/6/2023,258.7,270.0,254.0,270.0,2.31,46126.0,388.6,245.0
JOSHI,2/7/2023,265.0,295.0,265.0,293.5,8.7,149525.0,388.6,245.0
JOSHI,2/8/2023,294.0,310.0,294.0,300.0,2.21,135456.0,388.6,245.0
JOSHI,2/9/2023,300.0,318.0,296.1,316.9,5.63,105628.0,388.6,245.0
JOSHI,2/12/2023,310.6,310.6,295.0,298.0,-5.96,189079.0,388.6,245.0
JOSHI,2/14/2023,303.9,303.9,288.2,298.0,0.0,71120.0,388.6,245.0
JOSHI,2/15/2023,292.1,297.9,286.3,291.9,-2.05,39802.0,388.6,245.0
JOSHI,2/16/2023,287.0,294.9,278.3,283.0,-3.05,65425.0,388.6,245.0
JOSHI,2/20/2023,278.0,290.1,276.5,280.0,-1.06,29596.0,388.6,245.0
JOSHI,2/22/2023,280.0,297.5,280.0,294.0,5.0,43919.0,388.6,245.0
JOSHI,2/23/2023,288.2,288.2,277.0,283.0,-3.74,55807.0,388.6,245.0
JOSHI,2/26/2023,277.4,280.5,267.6,280.0,-1.06,92904.0,388.6,245.0
JOSHI,2/27/2023,283.0,286.5,264.0,275.0,-1.79,74714.0,388.6,245.0
JOSHI,2/28/2023,278.9,287.0,272.1,275.0,0.0,21985.0,388.6,245.0
JOSHI,3/1/2023,280.4,281.0,268.2,273.0,-0.73,11612.0,388.6,245.0
JOSHI,3/2/2023,267.6,269.0,260.0,262.4,-3.88,22250.0,388.6,245.0
JOSHI,3/5/2023,259.1,260.0,250.0,250.2,-4.65,24594.0,388.6,245.0
JOSHI,3/7/2023,248.0,264.2,248.0,259.7,3.8,29831.0,388.6,245.0
JOSHI,3/9/2023,264.8,280.0,264.8,279.0,7.43,49487.0,388.6,245.0
JOSHI,3/12/2023,283.9,284.0,266.8,275.0,-1.43,51487.0,388.6,245.0
JOSHI,3/13/2023,275.0,275.0,265.1,273.3,-0.62,13398.0,388.6,245.0
JOSHI,3/14/2023,275.0,277.9,268.2,276.7,1.24,38274.0,388.6,245.0
JOSHI,3/15/2023,278.0,278.0,268.0,272.9,-1.37,17206.0,388.6,245.0
JOSHI,3/16/2023,267.6,280.9,263.1,280.9,2.93,29642.0,388.6,245.0
JOSHI,3/19/2023,275.3,285.0,270.0,278.9,-0.71,30992.0,388.6,245.0
JOSHI,3/20/2023,273.4,279.0,273.4,277.0,-0.68,26124.0,388.6,245.0
JOSHI,3/22/2023,281.0,281.0,270.1,273.0,-1.44,13725.0,388.6,245.0
JOSHI,3/23/2023,267.6,271.0,265.5,269.9,-1.14,14591.0,388.6,245.0
JOSHI,3/26/2023,271.0,274.9,260.1,269.0,-0.33,9952.0,388.6,245.0
JOSHI,3/27/2023,263.7,274.0,260.2,273.8,1.78,14030.0,388.6,245.0
JOSHI,3/28/2023,279.2,279.8,270.0,274.0,0.07,26831.0,388.6,245.0
JOSHI,3/29/2023,278.9,278.9,266.0,272.0,-0.73,12167.0,388.6,245.0
JOSHI,3/30/2023,267.1,275.0,265.0,265.0,-2.57,15946.0,388.6,245.0
JOSHI,4/2/2023,270.3,275.0,257.1,260.0,-1.89,17080.0,388.6,245.0
JOSHI,4/3/2023,255.0,260.9,255.0,260.0,0.0,7975.0,388.6,245.0
JOSHI,4/4/2023,265.0,265.0,254.8,256.0,-1.54,9719.0,388.6,245.0
JOSHI,4/5/2023,251.0,262.0,251.0,259.8,1.48,13438.0,388.6,245.0
JOSHI,4/6/2023,260.0,260.9,252.2,259.0,-0.31,13038.0,388.6,245.0
JOSHI,4/9/2023,254.1,259.0,251.0,255.0,-1.54,9924.0,388.6,245.0
JOSHI,4/10/2023,250.1,257.0,250.0,254.9,-0.04,13529.0,388.6,245.0
JOSHI,4/11/2023,259.9,268.0,253.0,268.0,5.14,17472.0,388.6,245.0
JOSHI,4/12/2023,273.0,287.5,266.0,284.0,5.97,47248.0,388.6,245.0
JOSHI,4/13/2023,289.0,289.0,273.5,275.0,-3.17,33942.0,388.6,245.0
JOSHI,4/16/2023,270.0,286.0,270.0,273.2,-0.65,22889.0,388.6,245.0
JOSHI,4/17/2023,270.0,274.9,267.8,272.8,-0.15,20082.0,388.6,245.0
JOSHI,4/18/2023,269.0,289.3,266.5,289.3,6.05,14216.0,388.6,245.0
JOSHI,4/19/2023,295.0,295.0,272.5,282.0,-2.52,49543.0,388.6,245.0
JOSHI,4/20/2023,279.0,284.0,276.0,282.5,0.18,39199.0,388.6,245.0
JOSHI,4/23/2023,278.0,278.0,271.8,277.0,-1.95,23843.0,388.6,245.0
JOSHI,4/24/2023,271.5,277.0,269.1,275.0,-0.72,15932.0,388.6,245.0
JOSHI,4/25/2023,269.5,280.0,264.2,278.0,1.09,11310.0,388.6,245.0
JOSHI,4/26/2023,272.5,283.5,270.3,279.0,0.36,32830.0,388.6,245.0
JOSHI,4/27/2023,273.5,277.0,268.1,273.5,-1.97,20942.0,388.6,245.0
JOSHI,4/30/2023,268.1,273.0,264.0,269.0,-1.65,11698.0,388.6,245.0
JOSHI,5/2/2023,269.0,271.3,260.0,263.8,-1.93,8676.0,388.6,245.0
JOSHI,5/3/2023,258.6,265.0,255.2,260.0,-1.44,9491.0,388.6,245.0
JOSHI,5/4/2023,255.1,265.0,255.1,264.0,1.54,14814.0,388.6,245.0
JOSHI,5/7/2023,258.8,262.5,253.7,259.6,-1.67,14030.0,388.6,245.0
JOSHI,5/8/2023,255.0,270.1,250.0,253.9,-2.2,18750.0,388.6,245.0
JOSHI,5/9/2023,250.2,267.2,250.2,258.0,1.61,10188.0,388.6,245.0
JOSHI,5/10/2023,252.9,263.0,252.9,258.0,0.0,11593.0,388.6,245.0
JOSHI,5/11/2023,252.9,257.9,250.1,255.5,-0.97,11327.0,388.6,245.0
JOSHI,5/14/2023,260.6,262.5,248.0,254.3,-0.47,9541.0,388.6,245.0
JOSHI,5/15/2023,259.0,259.0,245.1,253.9,-0.16,4929.0,388.6,245.0
JOSHI,5/16/2023,250.0,257.0,249.0,254.7,0.32,3820.0,388.6,245.0
JOSHI,5/17/2023,250.0,264.0,250.0,263.0,3.26,16858.0,388.6,245.0
JOSHI,5/18/2023,268.2,275.0,255.1,272.9,3.76,30598.0,388.6,245.0
JOSHI,5/21/2023,267.5,276.0,262.2,265.1,-2.86,30187.0,388.6,245.0
JOSHI,5/22/2023,260.0,272.0,260.0,267.0,0.72,15392.0,388.6,245.0
JOSHI,5/23/2023,262.5,282.4,262.5,278.0,4.12,48359.0,388.6,245.0
JOSHI,5/24/2023,278.0,281.5,273.1,275.0,-1.08,44404.0,388.6,245.0
JOSHI,5/28/2023,272.0,279.9,267.0,269.0,-2.18,22914.0,388.6,245.0
JOSHI,5/30/2023,265.0,279.6,258.1,279.6,3.94,39003.0,388.6,245.0
JOSHI,5/31/2023,274.1,274.2,254.0,268.0,-4.15,26890.0,388.6,245.0
JOSHI,6/1/2023,262.7,286.6,260.0,286.6,6.94,37135.0,388.6,245.0
JOSHI,6/4/2023,280.9,292.7,269.8,292.7,2.13,105416.0,388.6,245.0
JOSHI,6/5/2023,286.9,292.9,279.3,280.0,-4.34,52917.0,388.6,245.0
JOSHI,6/6/2023,275.0,284.9,275.0,284.0,1.43,18103.0,388.6,245.0
JOSHI,6/7/2023,278.4,289.5,278.4,278.5,-1.94,33767.0,388.6,245.0
JOSHI,6/8/2023,273.0,278.4,270.0,270.0,-3.05,25168.0,388.6,245.0
JOSHI,6/11/2023,275.4,280.5,272.1,279.8,3.63,39031.0,388.6,245.0
JOSHI,6/12/2023,280.0,280.0,273.2,278.0,-0.64,25716.0,388.6,245.0
JOSHI,6/13/2023,283.5,283.5,270.0,280.0,0.72,38747.0,388.6,245.0
JOSHI,6/14/2023,274.4,282.3,270.0,279.0,-0.36,56009.0,388.6,245.0
JOSHI,6/15/2023,273.5,284.0,265.0,282.0,1.08,84737.0,388.6,245.0
JOSHI,6/18/2023,283.8,296.0,280.7,294.6,4.47,100866.0,388.6,245.0
JOSHI,6/19/2023,290.0,298.9,285.0,286.0,-2.92,42477.0,388.6,245.0
JOSHI,6/20/2023,281.0,288.0,273.5,280.0,-2.1,33370.0,388.6,245.0
JOSHI,6/21/2023,274.4,281.5,270.0,273.9,-2.18,36596.0,388.6,245.0
JOSHI,6/22/2023,271.0,275.4,264.9,265.5,-3.07,42583.0,388.6,245.0
JOSHI,6/25/2023,265.0,273.9,261.0,273.9,3.16,39476.0,388.6,245.0
JOSHI,6/26/2023,268.5,280.0,259.0,270.0,-1.42,25713.0,388.6,245.0
JOSHI,6/27/2023,270.0,291.0,269.0,291.0,7.78,37237.0,388.6,245.0
JOSHI,6/28/2023,291.0,291.0,274.0,275.2,-5.43,59395.0,388.6,245.0
JOSHI,7/2/2023,270.0,274.0,262.2,267.0,-2.98,21598.0,388.6,245.0
JOSHI,7/3/2023,261.7,273.0,257.0,264.0,-1.12,32832.0,388.6,245.0
JOSHI,7/4/2023,260.0,268.5,258.9,265.0,0.38,10077.0,388.6,245.0
JOSHI,7/5/2023,260.0,265.0,254.0,254.0,-4.15,22283.0,388.6,245.0
JOSHI,7/6/2023,249.0,277.7,248.0,277.7,9.33,27669.0,388.6,245.0
JOSHI,7/9/2023,272.2,273.0,261.5,268.0,-3.49,20025.0,388.6,245.0
JOSHI,7/10/2023,262.7,270.0,255.0,258.0,-3.73,21451.0,388.6,245.0
JOSHI,7/11/2023,263.1,268.3,253.4,258.0,0.0,14437.0,388.6,245.0
JOSHI,7/12/2023,263.1,277.9,253.0,272.0,5.43,47571.0,388.6,245.0
JOSHI,7/13/2023,273.0,278.0,261.3,268.0,-1.47,18023.0,388.6,245.0
JOSHI,7/16/2023,263.0,273.3,263.0,269.0,0.37,10139.0,388.6,245.0
JOSHI,7/17/2023,264.0,270.3,264.0,268.0,-0.37,11151.0,388.6,245.0
JOSHI,7/18/2023,263.0,270.0,261.8,261.8,-2.31,9101.0,388.6,245.0
JOSHI,7/19/2023,257.0,265.0,257.0,260.0,-0.69,12077.0,388.6,245.0
JOSHI,7/20/2023,255.8,266.1,255.8,264.0,1.54,7415.0,388.6,245.0
JOSHI,7/23/2023,258.8,270.2,253.7,270.2,2.35,18183.0,388.6,245.0
JOSHI,7/24/2023,275.0,275.0,260.0,264.0,-2.29,10160.0,388.6,245.0
JOSHI,7/25/2023,260.0,268.0,260.0,261.3,-1.02,8157.0,388.6,245.0
JOSHI,7/26/2023,258.0,273.5,258.0,260.0,-0.5,12121.0,388.6,245.0
JOSHI,7/27/2023,258.0,263.0,253.9,254.0,-2.31,15303.0,388.6,245.0
JOSHI,7/30/2023,259.0,259.0,251.1,254.0,0.0,8533.0,388.6,245.0
JOSHI,7/31/2023,250.0,258.9,250.0,258.9,1.93,7715.0,388.6,245.0
JOSHI,8/1/2023,254.0,260.3,248.0,248.0,-4.21,20112.0,388.6,245.0
JOSHI,8/2/2023,251.0,255.0,246.1,249.0,0.4,12294.0,388.6,245.0
JOSHI,8/3/2023,248.0,254.0,246.0,249.0,0.0,8233.0,388.6,245.0
JOSHI,8/6/2023,250.0,250.0,238.0,244.8,-1.69,11777.0,388.6,245.0
JOSHI,8/7/2023,240.0,244.9,233.3,236.0,-3.59,8267.0,388.6,245.0
JOSHI,8/8/2023,240.5,240.7,226.0,226.0,-4.24,14539.0,388.6,245.0
JOSHI,8/9/2023,221.5,238.0,221.5,235.0,3.98,5111.0,388.6,245.0
JOSHI,8/10/2023,235.0,239.0,230.4,236.0,0.43,4051.0,388.6,245.0
JOSHI,8/13/2023,231.4,235.0,229.0,230.0,-2.54,7200.0,388.6,245.0
JOSHI,8/14/2023,226.0,238.0,226.0,226.5,-1.52,5145.0,388.6,245.0
JOSHI,8/15/2023,222.0,230.0,222.0,222.1,-1.94,7603.0,388.6,245.0
JOSHI,8/16/2023,217.7,227.0,215.0,220.0,-0.95,6335.0,388.6,245.0
JOSHI,8/17/2023,216.0,228.8,216.0,219.9,-0.05,9495.0,388.6,245.0
JOSHI,8/20/2023,215.7,220.0,212.4,213.0,-3.14,9156.0,388.6,245.0
JOSHI,8/21/2023,210.0,217.1,210.0,211.0,-0.94,6915.0,388.6,245.0
JOSHI,8/22/2023,210.8,216.0,210.0,212.5,0.71,3265.0,388.6,245.0
JOSHI,8/23/2023,216.7,222.0,216.7,222.0,4.47,7710.0,388.6,245.0
JOSHI,8/24/2023,222.5,222.5,213.8,213.8,-3.69,7421.0,388.6,245.0
JOSHI,8/27/2023,210.0,213.9,210.0,212.0,-0.84,11885.0,388.6,245.0
JOSHI,8/28/2023,208.0,213.8,205.6,211.5,-0.24,4464.0,388.6,245.0
JOSHI,8/29/2023,212.0,212.0,208.1,209.0,-1.18,3577.0,388.6,245.0
JOSHI,8/30/2023,212.0,212.0,207.0,208.5,-0.24,6701.0,388.6,245.0
JOSHI,9/3/2023,208.6,212.0,198.0,199.0,-4.56,6124.0,388.6,245.0
JOSHI,9/4/2023,202.9,214.0,194.0,197.0,-1.01,5027.0,388.6,245.0
JOSHI,9/5/2023,196.0,200.0,196.0,197.1,0.05,1648.0,388.6,245.0
JOSHI,9/7/2023,195.0,198.9,191.1,191.1,-3.04,3892.0,388.6,245.0
JOSHI,9/10/2023,194.9,199.9,189.6,195.0,2.04,2117.0,388.6,245.0
JOSHI,9/11/2023,198.9,202.8,195.0,200.0,2.56,4769.0,388.6,245.0
JOSHI,9/12/2023,204.0,208.0,195.0,198.0,-1.0,7946.0,388.6,245.0
JOSHI,9/13/2023,201.5,205.5,200.0,203.1,2.58,5519.0,388.6,245.0
JOSHI,9/17/2023,200.0,201.9,195.0,195.0,-3.99,5250.0,388.6,245.0
JOSHI,9/18/2023,195.0,199.0,193.0,198.9,2.0,3190.0,388.6,245.0
JOSHI,9/19/2023,198.0,208.0,196.0,207.0,4.07,10814.0,388.6,245.0
JOSHI,9/21/2023,211.1,227.7,210.0,224.0,8.21,23282.0,388.6,245.0
JOSHI,9/24/2023,219.6,232.5,213.3,219.3,-2.1,12879.0,388.6,245.0
JOSHI,9/25/2023,215.0,228.0,215.0,222.9,1.64,17816.0,388.6,245.0
JOSHI,9/26/2023,227.3,231.0,223.0,226.0,1.39,11419.0,388.6,245.0
JOSHI,9/27/2023,223.0,226.0,215.2,223.0,-1.33,6158.0,388.6,245.0
JOSHI,10/1/2023,218.6,218.6,210.1,213.0,-4.48,6635.0,388.6,245.0
JOSHI,10/2/2023,208.8,219.0,204.8,214.0,0.47,6790.0,388.6,245.0
JOSHI,10/3/2023,209.8,211.1,205.8,208.0,-2.8,5582.0,388.6,245.0
JOSHI,10/4/2023,205.1,219.4,205.1,212.1,1.97,7549.0,388.6,245.0
JOSHI,10/5/2023,208.1,215.0,208.1,213.0,0.42,4085.0,388.6,245.0
JOSHI,10/8/2023,213.0,213.0,205.0,208.0,-2.35,6135.0,388.6,245.0
JOSHI,10/9/2023,204.0,208.0,204.0,206.0,-0.96,2054.0,388.6,245.0
JOSHI,10/10/2023,201.9,210.1,201.9,201.9,-1.99,5144.0,388.6,245.0
JOSHI,10/11/2023,203.8,208.0,200.0,203.0,0.54,6508.0,388.6,245.0
JOSHI,10/12/2023,207.0,207.0,199.1,199.5,-1.72,3855.0,388.6,245.0
JOSHI,10/16/2023,199.6,203.5,195.7,197.0,-1.25,4313.0,388.6,245.0
JOSHI,10/17/2023,195.0,208.9,193.1,198.0,0.51,2110.0,388.6,245.0
JOSHI,10/18/2023,200.8,205.0,200.8,203.2,2.63,2170.0,388.6,245.0
JOSHI,10/19/2023,200.2,204.9,200.2,204.0,0.39,2304.0,388.6,245.0
JOSHI,10/29/2023,205.0,205.0,196.0,196.0,-3.92,1895.0,388.6,245.0
JOSHI,10/30/2023,192.5,206.5,192.5,204.1,4.13,5951.0,388.6,245.0
JOSHI,10/31/2023,200.1,204.0,196.0,196.6,-3.67,715.0,388.6,245.0
JOSHI,11/1/2023,198.0,204.8,195.0,195.0,-0.81,3939.0,388.6,245.0
JOSHI,11/2/2023,193.9,198.9,193.0,196.0,0.51,2425.0,388.6,245.0
JOSHI,11/5/2023,193.0,193.8,182.1,193.8,-1.12,3562.0,388.6,245.0
JOSHI,11/6/2023,193.0,196.0,191.0,196.0,1.14,3518.0,388.6,245.0
JOSHI,11/7/2023,192.2,203.8,192.2,192.3,-1.89,3142.0,388.6,245.0
JOSHI,11/8/2023,193.0,196.1,189.2,192.2,-0.05,753.0,388.6,245.0
JOSHI,11/9/2023,192.2,193.0,188.4,188.4,-1.98,5830.0,388.6,245.0
JOSHI,11/20/2023,189.0,193.7,189.0,190.0,0.85,4009.0,388.6,245.0
JOSHI,11/21/2023,188.0,188.0,183.1,185.2,-2.53,2129.0,388.6,245.0
JOSHI,11/22/2023,188.0,195.0,188.0,190.0,2.59,2560.0,388.6,245.0
JOSHI,11/23/2023,188.0,193.8,187.0,191.9,1.0,5685.0,388.6,245.0
JOSHI,11/26/2023,188.1,199.0,188.1,197.0,2.66,4796.0,388.6,245.0
JOSHI,11/27/2023,200.9,200.9,195.0,196.0,-0.51,6067.0,388.6,245.0
JOSHI,11/28/2023,193.1,197.0,190.0,195.0,-0.51,2073.0,388.6,245.0
JOSHI,11/29/2023,191.2,198.0,188.5,188.5,-3.33,3427.0,388.6,245.0
JOSHI,11/30/2023,185.0,192.2,184.8,184.8,-1.96,5447.0,388.6,245.0
JOSHI,12/3/2023,188.4,188.9,185.5,188.9,2.22,1253.0,388.6,245.0
JOSHI,12/4/2023,188.0,192.6,187.5,190.0,0.58,2396.0,388.6,245.0
JOSHI,12/5/2023,186.2,190.0,183.0,188.1,-1.0,1340.0,388.6,245.0
JOSHI,12/6/2023,188.0,191.7,185.0,185.6,-1.33,1883.0,388.6,245.0
JOSHI,12/7/2023,185.0,190.7,184.2,190.0,2.37,7606.0,388.6,245.0
JOSHI,12/10/2023,193.8,209.0,193.8,209.0,10.0,90.0,388.6,245.0
JOSHI,12/11/2023,213.1,218.5,210.0,210.1,0.53,28666.0,388.6,245.0
JOSHI,12/12/2023,205.9,219.9,201.8,219.0,4.24,16355.0,388.6,245.0
JOSHI,12/13/2023,220.0,227.4,219.0,220.0,0.46,18424.0,388.6,245.0
JOSHI,12/14/2023,220.0,237.3,216.1,225.0,2.27,9145.0,388.6,245.0
JOSHI,12/17/2023,220.5,240.0,220.1,238.9,6.18,45349.0,388.6,245.0
JOSHI,12/18/2023,243.6,245.8,230.0,230.1,-3.68,30470.0,388.6,245.0
JOSHI,12/19/2023,234.0,238.6,226.0,232.0,0.83,9394.0,388.6,245.0
JOSHI,12/20/2023,235.0,239.7,227.0,234.6,1.12,24845.0,388.6,245.0
JOSHI,12/21/2023,239.1,243.7,228.0,233.0,-0.68,37379.0,388.6,245.0
JOSHI,12/24/2023,233.0,243.5,228.5,230.5,-1.07,21597.0,388.6,245.0
JOSHI,12/27/2023,226.0,233.5,213.0,220.3,-4.43,18520.0,388.6,245.0
JOSHI,12/28/2023,216.0,233.0,216.0,222.0,0.77,15052.0,388.6,245.0
JOSHI,1/1/2024,226.4,230.9,218.1,218.1,-1.76,27263.0,388.6,245.0
JOSHI,1/2/2024,215.5,222.0,209.9,209.9,-3.76,18040.0,388.6,245.0
JOSHI,1/3/2024,213.9,215.3,207.8,214.0,1.95,21388.0,388.6,245.0
JOSHI,1/4/2024,209.8,222.3,209.8,214.0,0.0,24141.0,388.6,245.0
JOSHI,1/7/2024,215.1,226.0,212.1,217.0,1.4,31629.0,388.6,245.0
JOSHI,1/8/2024,219.9,227.0,213.0,227.0,4.61,24675.0,388.6,245.0
JOSHI,1/9/2024,223.0,236.0,222.0,227.0,0.0,43397.0,388.6,245.0
JOSHI,1/10/2024,225.0,235.0,223.0,229.0,0.88,24127.0,388.6,245.0
JOSHI,1/11/2024,224.5,233.5,221.0,232.0,1.31,16894.0,388.6,245.0
JOSHI,1/14/2024,236.0,242.0,230.0,239.6,3.28,61958.0,388.6,245.0
JOSHI,1/16/2024,237.0,259.0,237.0,255.0,6.43,61346.0,388.6,245.0
JOSHI,1/17/2024,258.0,259.0,237.2,238.2,-6.59,55362.0,388.6,245.0
JOSHI,1/18/2024,242.0,259.0,223.4,242.1,1.64,39781.0,388.6,245.0
JOSHI,1/21/2024,242.1,265.2,242.1,258.0,6.57,118064.0,388.6,245.0
JOSHI,1/22/2024,259.0,277.7,254.0,265.1,2.75,121276.0,388.6,245.0
JOSHI,1/23/2024,269.0,270.0,261.1,265.0,-0.04,37698.0,388.6,245.0
JOSHI,1/24/2024,269.9,275.2,261.0,263.0,-0.75,48568.0,388.6,245.0
JOSHI,1/25/2024,258.0,266.7,252.9,258.0,-1.9,39752.0,388.6,245.0
JOSHI,1/28/2024,263.0,266.0,253.9,260.0,0.78,28771.0,388.6,245.0
JOSHI,1/29/2024,254.8,275.0,254.8,264.7,1.81,25256.0,388.6,245.0
JOSHI,1/30/2024,259.5,274.0,255.0,264.0,-0.26,30369.0,388.6,245.0
JOSHI,1/31/2024,264.0,269.0,255.0,255.5,-3.22,38439.0,388.6,245.0
JOSHI,2/1/2024,251.0,255.0,246.0,247.0,-3.33,27023.0,388.6,245.0
JOSHI,2/4/2024,243.0,253.1,242.6,248.9,0.77,15732.0,388.6,245.0
JOSHI,2/5/2024,250.0,273.7,246.0,273.7,9.96,28860.0,388.6,245.0
JOSHI,2/6/2024,268.3,269.2,258.0,269.0,-1.72,24987.0,388.6,245.0
JOSHI,2/7/2024,264.0,273.0,264.0,269.9,0.33,32661.0,388.6,245.0
JOSHI,2/8/2024,274.9,277.5,267.6,274.0,1.52,53050.0,388.6,245.0
JOSHI,2/11/2024,269.0,283.0,269.0,274.5,0.18,44675.0,388.6,245.0
JOSHI,2/12/2024,279.4,301.9,270.0,300.0,9.29,149029.0,388.6,245.0
JOSHI,2/13/2024,300.0,325.0,290.1,324.9,8.3,277704.0,388.6,245.0
JOSHI,2/14/2024,324.0,357.3,320.0,357.3,9.97,316555.0,388.6,245.0
JOSHI,2/15/2024,364.4,387.6,364.4,384.0,7.47,282399.0,388.6,245.0
JOSHI,2/18/2024,391.6,400.5,361.0,364.0,-5.21,274907.0,388.6,245.0
JOSHI,2/20/2024,371.2,371.2,349.5,363.0,-0.27,227718.0,388.6,245.0
JOSHI,2/21/2024,355.8,384.9,355.8,375.0,3.31,135266.0,388.6,245.0
JOSHI,2/22/2024,375.0,412.0,368.0,412.0,9.87,230694.0,388.6,245.0
JOSHI,2/25/2024,404.0,412.0,380.0,380.0,-7.77,283198.0,388.6,245.0
JOSHI,2/26/2024,380.0,397.0,372.5,397.0,4.47,82854.0,388.6,245.0
JOSHI,2/27/2024,404.9,404.9,383.3,389.9,-1.79,70920.0,388.6,245.0
JOSHI,2/28/2024,382.2,395.0,375.1,389.9,0.0,142740.0,388.6,245.0
JOSHI,2/29/2024,397.6,397.6,350.9,350.9,-10.0,282383.0,388.6,245.0
JOSHI,3/3/2024,344.0,356.4,321.0,349.5,-0.4,147086.0,388.6,245.0
JOSHI,3/4/2024,356.4,384.4,355.4,384.4,9.99,15897.0,388.6,245.0
JOSHI,3/5/2024,388.0,388.0,346.0,346.0,-9.99,369561.0,388.6,245.0
JOSHI,3/6/2024,346.0,379.0,333.6,376.0,8.67,173733.0,388.6,245.0
JOSHI,3/7/2024,368.5,390.9,341.0,363.0,-3.46,206185.0,388.6,245.0
JOSHI,3/10/2024,355.8,362.0,336.7,342.0,-5.79,229675.0,388.6,245.0
JOSHI,3/12/2024,345.0,355.0,331.3,337.0,-1.46,225308.0,388.6,245.0
JOSHI,3/13/2024,333.0,338.6,328.0,329.0,-2.37,91881.0,388.6,245.0
JOSHI,3/14/2024,326.0,342.6,326.0,338.0,2.74,100689.0,388.6,245.0
JOSHI,3/17/2024,335.0,345.0,334.0,334.0,-1.18,63258.0,388.6,245.0
JOSHI,3/18/2024,339.9,342.0,333.0,336.0,0.6,72085.0,388.6,245.0
JOSHI,3/19/2024,334.0,353.9,334.0,345.0,2.68,156129.0,388.6,245.0
JOSHI,3/20/2024,351.9,352.9,337.6,338.0,-2.03,73610.0,388.6,245.0
JOSHI,3/21/2024,344.7,344.7,333.0,335.0,-0.89,43075.0,388.6,245.0
JOSHI,3/25/2024,340.9,340.9,326.5,335.0,0.0,67256.0,388.6,245.0
JOSHI,3/26/2024,335.0,364.0,333.2,354.0,5.67,234624.0,388.6,245.0
JOSHI,3/27/2024,361.0,375.0,350.0,359.0,1.41,230182.0,388.6,245.0
JOSHI,3/28/2024,356.7,359.8,345.0,347.0,-3.34,132372.0,388.6,245.0
JOSHI,3/31/2024,341.0,356.0,336.0,338.0,-2.59,125433.0,388.6,245.0
JOSHI,4/1/2024,338.0,344.0,332.0,333.0,-1.48,89350.0,388.6,245.0
JOSHI,4/2/2024,339.0,339.0,330.0,332.1,-0.27,72056.0,388.6,245.0
JOSHI,4/3/2024,336.0,336.0,330.0,332.8,0.21,36245.0,388.6,245.0
JOSHI,4/4/2024,339.4,339.4,328.0,329.0,-1.14,58184.0,388.6,245.0
JOSHI,4/7/2024,335.5,335.5,329.0,333.0,1.22,53526.0,388.6,245.0
JOSHI,4/9/2024,334.0,339.0,330.0,335.0,0.6,65789.0,388.6,245.0
JOSHI,4/10/2024,339.0,340.0,330.1,333.0,-0.6,60770.0,388.6,245.0
JOSHI,4/14/2024,333.0,346.8,330.0,338.0,1.5,75877.0,388.6,245.0
JOSHI,4/15/2024,333.4,350.0,333.4,335.5,-0.74,77188.0,388.6,245.0
JOSHI,4/16/2024,335.7,340.0,330.0,330.1,-1.61,36823.0,388.6,245.0
JOSHI,4/18/2024,332.0,350.0,319.5,345.0,4.51,72164.0,388.6,245.0
JOSHI,4/21/2024,338.1,379.5,330.0,355.0,2.9,119241.0,388.6,245.0
JOSHI,4/22/2024,362.0,369.0,350.0,359.0,1.13,279563.0,388.6,245.0
JOSHI,4/24/2024,351.9,366.0,347.9,348.0,-3.06,77488.0,388.6,245.0
JOSHI,4/25/2024,346.0,352.0,335.3,337.0,-3.16,81436.0,388.6,245.0
JOSHI,4/28/2024,337.0,347.9,333.9,339.0,0.59,57418.0,388.6,245.0
JOSHI,4/29/2024,332.3,345.6,328.3,340.0,0.29,139494.0,388.6,245.0
JOSHI,4/30/2024,335.0,344.0,334.0,335.1,-1.44,65110.0,388.6,245.0
JOSHI,5/2/2024,340.0,341.7,331.0,331.2,-1.16,63698.0,388.6,245.0
JOSHI,5/5/2024,331.4,336.0,325.0,326.0,-1.57,61428.0,388.6,245.0
JOSHI,5/6/2024,332.5,332.5,322.0,325.0,-0.31,35659.0,388.6,245.0
JOSHI,5/7/2024,323.0,330.0,320.0,321.9,-0.95,36218.0,388.6,245.0
JOSHI,5/8/2024,319.0,321.0,315.0,317.0,-1.52,51213.0,388.6,245.0
JOSHI,5/9/2024,313.0,323.1,313.0,315.0,-0.63,50743.0,388.6,245.0
JOSHI,5/12/2024,320.0,320.0,311.2,312.0,-0.95,37772.0,388.6,245.0
JOSHI,5/13/2024,315.0,317.0,309.0,310.0,-0.64,31210.0,388.6,245.0
JOSHI,5/14/2024,308.0,321.0,308.0,320.0,3.23,46638.0,388.6,245.0
JOSHI,5/15/2024,325.0,326.0,310.0,310.1,-3.09,59539.0,388.6,245.0
JOSHI,5/16/2024,309.0,317.0,305.0,308.0,-0.68,34065.0,388.6,245.0
JOSHI,5/19/2024,313.0,313.6,308.0,311.0,0.97,42409.0,388.6,245.0
JOSHI,5/20/2024,313.9,316.0,302.0,307.0,-1.29,56176.0,388.6,245.0
JOSHI,5/21/2024,313.1,314.0,301.9,312.0,1.63,45147.0,388.6,245.0
JOSHI,5/22/2024,310.0,314.5,304.0,305.2,-2.18,41704.0,388.6,245.0
JOSHI,5/26/2024,311.0,311.0,301.4,301.4,-1.25,35652.0,388.6,245.0
JOSHI,5/27/2024,305.0,307.0,300.5,306.0,1.53,35468.0,388.6,245.0
JOSHI,5/29/2024,311.5,317.7,302.1,303.0,-0.98,26501.0,388.6,245.0
JOSHI,5/30/2024,308.8,308.8,299.7,307.7,1.55,32654.0,388.6,245.0
JOSHI,6/2/2024,312.0,312.0,304.3,306.0,-0.55,36229.0,388.6,245.0
JOSHI,6/3/2024,311.0,311.0,304.0,305.0,-0.33,29636.0,388.6,245.0
JOSHI,6/4/2024,305.0,309.0,301.5,301.6,-1.11,22536.0,388.6,245.0
JOSHI,6/5/2024,307.6,307.6,299.0,300.0,-0.53,28900.0,388.6,245.0
JOSHI,6/6/2024,305.0,305.5,292.7,293.0,-2.33,42726.0,388.6,245.0
JOSHI,6/9/2024,294.9,297.0,285.0,289.0,-1.37,56354.0,388.6,245.0
JOSHI,6/10/2024,290.0,308.0,288.1,305.0,5.54,58093.0,388.6,245.0
JOSHI,6/11/2024,310.0,317.6,308.0,317.0,3.93,53489.0,388.6,245.0
JOSHI,6/12/2024,321.0,321.0,305.3,309.8,-2.27,38559.0,388.6,245.0
JOSHI,6/13/2024,308.0,309.5,301.1,303.2,-2.13,35726.0,388.6,245.0
JOSHI,6/16/2024,306.0,309.0,300.0,300.0,-1.06,31803.0,388.6,245.0
JOSHI,6/18/2024,300.0,305.0,296.2,300.0,0.0,32985.0,388.6,245.0
JOSHI,6/19/2024,297.0,306.0,297.0,300.1,0.03,7365.0,388.6,245.0
JOSHI,6/20/2024,300.0,304.0,294.5,294.6,-1.83,28870.0,388.6,245.0
JOSHI,6/23/2024,299.9,300.5,294.1,294.5,-0.03,30898.0,388.6,245.0
JOSHI,6/24/2024,295.0,300.0,293.0,298.0,1.19,30230.0,388.6,245.0
JOSHI,6/25/2024,300.0,303.0,295.4,295.4,-0.87,20471.0,388.6,245.0
JOSHI,6/26/2024,295.0,298.0,290.1,290.1,-1.79,24945.0,388.6,245.0
JOSHI,6/27/2024,290.0,294.0,285.1,286.1,-1.38,39411.0,388.6,245.0
JOSHI,6/30/2024,291.0,291.0,281.0,284.9,-0.42,36939.0,388.6,245.0
JOSHI,7/1/2024,281.0,287.9,281.0,283.9,-0.35,17558.0,388.6,245.0
JOSHI,7/2/2024,289.5,312.2,289.5,292.0,2.85,24506.0,388.6,245.0
JOSHI,7/3/2024,292.0,292.0,284.6,288.0,-1.37,32449.0,388.6,245.0
JOSHI,7/4/2024,292.0,295.0,287.0,294.0,2.08,37672.0,388.6,245.0
JOSHI,7/7/2024,295.0,301.0,293.0,297.8,1.29,29823.0,388.6,245.0
JOSHI,7/8/2024,300.0,300.0,292.2,293.5,-1.44,15752.0,388.6,245.0
JOSHI,7/9/2024,291.5,294.0,290.0,293.4,-0.03,21723.0,388.6,245.0
JOSHI,7/10/2024,294.9,295.0,290.0,291.6,-0.61,32136.0,388.6,245.0
JOSHI,7/11/2024,294.9,299.7,290.0,299.4,2.67,51749.0,388.6,245.0
JOSHI,7/14/2024,305.3,316.0,300.0,304.5,1.7,39966.0,388.6,245.0
JOSHI,7/15/2024,310.5,310.5,298.0,298.1,-2.1,39150.0,388.6,245.0
JOSHI,7/16/2024,304.0,320.0,298.0,319.0,7.01,121330.0,388.6,245.0
JOSHI,7/17/2024,320.0,336.0,315.0,327.2,2.57,99583.0,388.6,245.0
JOSHI,7/18/2024,333.0,333.0,317.0,326.0,-0.37,100223.0,388.6,245.0
JOSHI,7/21/2024,330.0,331.0,321.0,326.0,0.0,70323.0,388.6,245.0
JOSHI,7/22/2024,330.0,332.0,315.0,324.0,-0.61,88734.0,388.6,245.0
JOSHI,7/23/2024,325.0,343.8,322.1,338.0,4.32,122202.0,388.6,245.0
JOSHI,7/24/2024,343.9,344.9,330.0,331.0,-2.07,102557.0,388.6,245.0
JOSHI,7/25/2024,337.0,337.0,326.1,328.0,-0.91,67503.0,388.6,245.0
JOSHI,7/28/2024,333.0,347.0,323.0,325.3,-0.82,60601.0,388.6,245.0
JOSHI,7/29/2024,331.8,331.8,318.5,318.5,-2.09,59955.0,388.6,245.0
JOSHI,7/30/2024,318.5,329.3,318.0,322.0,1.1,87279.0,388.6,245.0
JOSHI,7/31/2024,323.0,341.0,322.0,330.2,2.55,111163.0,388.6,245.0
JOSHI,8/1/2024,336.8,345.0,332.0,336.0,1.76,169458.0,388.6,245.0
JOSHI,8/5/2024,330.0,346.7,330.0,342.8,2.02,131339.0,388.6,245.0
JOSHI,8/6/2024,343.0,354.0,322.0,324.0,-5.48,119527.0,388.6,245.0
JOSHI,8/7/2024,324.0,337.6,321.0,335.0,3.4,68698.0,388.6,245.0
JOSHI,8/8/2024,339.9,340.0,330.0,330.5,-1.34,68392.0,388.6,245.0
JOSHI,8/11/2024,323.9,346.0,323.9,341.0,3.18,117354.0,388.6,245.0
JOSHI,8/12/2024,334.2,375.1,334.2,375.1,10.0,182934.0,388.6,245.0
JOSHI,8/13/2024,382.6,405.0,375.8,389.0,3.71,199945.0,388.6,245.0
JOSHI,8/14/2024,392.0,406.0,368.1,389.0,0.0,105002.0,388.6,245.0
JOSHI,8/15/2024,390.1,405.7,375.1,381.0,-2.06,169852.0,388.6,245.0
JOSHI,8/18/2024,382.0,385.1,355.4,368.8,-3.2,169338.0,388.6,245.0
JOSHI,8/21/2024,362.0,379.0,356.0,363.5,-1.44,77500.0,388.6,245.0
JOSHI,8/22/2024,370.0,377.0,360.0,365.1,0.44,69380.0,388.6,245.0
JOSHI,8/25/2024,364.1,377.0,340.1,367.2,0.58,105746.0,388.6,245.0
JOSHI,8/27/2024,359.9,359.9,341.1,347.0,-5.5,82293.0,388.6,245.0
JOSHI,8/28/2024,348.0,354.0,335.0,338.9,-2.33,54223.0,388.6,245.0
JOSHI,8/29/2024,335.0,345.0,322.7,326.0,-3.81,60783.0,388.6,245.0
JOSHI,9/1/2024,332.0,332.0,315.0,319.0,-2.15,57202.0,388.6,245.0
JOSHI,9/2/2024,325.0,350.0,318.5,350.0,9.72,68554.0,388.6,245.0
JOSHI,9/3/2024,357.0,357.0,341.0,342.0,-2.29,65176.0,388.6,245.0
JOSHI,9/4/2024,340.4,347.0,325.0,327.9,-4.12,75978.0,388.6,245.0
JOSHI,9/5/2024,327.9,338.0,324.0,328.0,0.03,38523.0,388.6,245.0
JOSHI,9/8/2024,334.5,343.9,326.1,326.1,-0.58,31383.0,388.6,245.0
JOSHI,9/9/2024,321.0,334.5,321.0,324.0,-0.64,38286.0,388.6,245.0
JOSHI,9/10/2024,330.4,337.0,319.0,322.0,-0.62,26138.0,388.6,245.0
JOSHI,9/11/2024,322.0,328.0,318.0,320.0,-0.62,25507.0,388.6,245.0
JOSHI,9/12/2024,325.0,331.0,318.7,329.0,2.81,30747.0,388.6,245.0
JOSHI,9/15/2024,335.5,341.8,319.0,320.0,-2.74,20974.0,388.6,245.0
JOSHI,9/16/2024,326.3,326.3,305.9,314.9,-1.59,50464.0,388.6,245.0
JOSHI,9/18/2024,309.5,317.0,304.0,305.1,-3.11,35889.0,388.6,245.0
JOSHI,9/22/2024,311.0,323.4,306.0,313.5,2.75,14450.0,388.6,245.0
JOSHI,9/23/2024,309.5,310.0,299.0,302.0,-3.67,18480.0,388.6,245.0
JOSHI,9/24/2024,299.0,314.0,283.3,290.0,-3.97,34140.0,388.6,245.0
JOSHI,9/25/2024,284.3,295.8,284.3,294.8,1.66,19529.0,388.6,245.0
JOSHI,9/26/2024,300.0,300.0,272.4,285.0,-3.32,40025.0,388.6,245.0
JOSHI,9/29/2024,288.9,288.9,268.6,269.2,-5.54,25959.0,388.6,245.0
JOSHI,9/30/2024,274.5,277.8,265.0,275.0,2.15,23357.0,388.6,245.0
JOSHI,10/1/2024,277.9,291.0,272.8,290.0,5.45,20942.0,388.6,245.0
JOSHI,10/2/2024,295.8,299.0,284.0,286.0,-1.38,28203.0,388.6,245.0
JOSHI,10/6/2024,286.0,293.7,283.5,292.0,2.1,15998.0,388.6,245.0
JOSHI,10/7/2024,295.0,319.0,295.0,316.6,8.42,39887.0,388.6,245.0
JOSHI,10/8/2024,322.8,325.0,309.1,316.0,-0.19,30714.0,388.6,245.0
JOSHI,10/9/2024,322.3,326.9,307.4,318.0,0.63,39417.0,388.6,245.0
JOSHI,10/15/2024,324.3,337.0,308.3,321.0,0.94,8346.0,388.6,245.0
JOSHI,10/16/2024,327.4,333.0,301.8,325.0,1.25,18724.0,388.6,245.0
JOSHI,10/17/2024,331.5,331.5,318.0,320.0,-1.54,34488.0,388.6,245.0
JOSHI,10/20/2024,313.7,318.0,307.0,309.7,-3.22,31190.0,388.6,245.0
JOSHI,10/21/2024,315.8,322.0,299.0,302.0,-2.49,17015.0,388.6,245.0
JOSHI,10/22/2024,296.1,312.0,296.1,311.8,3.25,26331.0,388.6,245.0
JOSHI,10/23/2024,306.0,324.0,304.5,308.9,-0.93,18167.0,388.6,245.0
JOSHI,10/24/2024,315.0,315.0,302.7,305.0,-1.26,13485.0,388.6,245.0
JOSHI,10/27/2024,300.0,308.0,299.1,303.0,-0.66,16745.0,388.6,245.0
JOSHI,10/28/2024,301.7,310.0,301.7,309.0,1.98,14417.0,388.6,245.0
JOSHI,10/29/2024,314.0,317.0,307.8,316.0,2.27,26798.0,388.6,245.0
JOSHI,10/30/2024,309.7,321.9,303.7,315.0,-0.32,13453.0,388.6,245.0
JOSHI,11/5/2024,308.7,318.0,308.7,313.0,-0.63,15137.0,388.6,245.0
JOSHI,11/6/2024,308.0,317.0,308.0,310.0,-0.96,14664.0,388.6,245.0
JOSHI,11/10/2024,314.0,328.9,309.1,325.0,4.84,44146.0,388.6,245.0
JOSHI,11/11/2024,330.0,342.0,320.0,338.0,4.0,112501.0,388.6,245.0
JOSHI,11/12/2024,344.0,344.0,324.2,335.0,-0.89,23898.0,388.6,245.0
JOSHI,11/13/2024,329.0,335.0,322.6,335.0,0.0,38454.0,388.6,245.0
JOSHI,11/14/2024,338.9,345.0,323.1,338.2,0.96,63800.0,388.6,245.0
JOSHI,11/17/2024,343.7,360.0,342.1,344.0,1.71,132178.0,388.6,245.0
JOSHI,11/19/2024,350.8,350.8,327.6,329.4,-4.24,65887.0,388.6,245.0
JOSHI,11/20/2024,322.9,340.0,321.2,338.0,2.61,59750.0,388.6,245.0
JOSHI,11/21/2024,331.5,350.1,324.9,338.0,0.0,47168.0,388.6,245.0
JOSHI,11/24/2024,331.3,343.0,327.0,327.0,-3.25,25551.0,388.6,245.0
JOSHI,11/25/2024,322.1,336.0,322.1,330.0,0.92,23577.0,388.6,245.0
JOSHI,11/26/2024,336.6,343.0,330.0,341.9,3.61,72138.0,388.6,245.0
JOSHI,11/27/2024,348.7,348.7,341.1,344.9,0.88,44016.0,388.6,245.0
JOSHI,11/28/2024,350.0,350.0,334.5,344.5,-0.12,33699.0,388.6,245.0
JOSHI,12/1/2024,351.3,351.3,329.1,339.5,-1.45,36236.0,388.6,245.0
JOSHI,12/2/2024,345.7,373.4,333.0,373.4,9.99,207380.0,388.6,245.0
JOSHI,12/3/2024,380.8,410.7,380.8,410.7,9.99,135359.0,388.6,245.0
JOSHI,12/4/2024,418.9,451.7,418.9,451.7,9.98,685647.0,388.6,245.0
JOSHI,12/5/2024,460.7,490.0,447.0,475.0,5.16,296709.0,388.6,245.0
JOSHI,12/8/2024,476.0,476.0,427.5,427.5,-10.0,237245.0,388.6,245.0
JOSHI,12/9/2024,436.0,444.9,418.0,443.0,3.63,288268.0,388.6,245.0
JOSHI,12/10/2024,450.0,479.2,415.2,477.0,7.67,163312.0,388.6,245.0
JOSHI,12/11/2024,467.5,467.5,429.3,437.8,-8.22,227140.0,388.6,245.0
JOSHI,12/12/2024,429.1,464.1,406.9,414.0,-5.44,352579.0,388.6,245.0
JOSHI,12/16/2024,422.2,455.2,422.2,452.9,9.4,424322.0,388.6,245.0
JOSHI,12/17/2024,455.0,461.0,438.0,448.0,-1.08,101089.0,388.6,245.0
JOSHI,12/18/2024,456.9,457.0,441.0,454.1,1.36,118327.0,388.6,245.0
JOSHI,12/19/2024,463.0,463.0,442.0,459.9,1.28,169989.0,388.6,245.0
JOSHI,12/22/2024,455.0,461.9,441.1,450.1,-2.13,96812.0,388.6,245.0
JOSHI,12/23/2024,449.1,492.3,433.2,482.5,7.2,261529.0,388.6,245.0
JOSHI,12/24/2024,473.0,521.6,445.9,511.4,5.99,417753.0,388.6,245.0
JOSHI,12/26/2024,510.4,510.4,460.3,460.3,-9.99,202519.0,388.6,245.0
JOSHI,12/29/2024,451.1,451.1,414.3,420.0,-8.76,183594.0,388.6,245.0
JOSHI,12/31/2024,411.6,411.6,380.0,397.0,-5.48,144099.0,388.6,245.0
JOSHI,1/1/2025,404.9,434.7,395.0,433.9,9.29,101145.0,388.6,245.0
JOSHI,1/2/2025,432.9,449.8,425.3,442.8,2.05,141354.0,388.6,245.0
JOSHI,1/5/2025,445.0,447.0,428.0,433.0,-2.21,90170.0,388.6,245.0
JOSHI,1/6/2025,440.0,452.0,431.2,447.0,3.23,144073.0,388.6,245.0
JOSHI,1/7/2025,446.0,470.0,439.3,445.0,-0.45,205659.0,388.6,245.0
JOSHI,1/8/2025,444.0,444.0,423.4,429.0,-3.6,120658.0,388.6,245.0
JOSHI,1/9/2025,430.0,434.9,415.9,423.0,-1.4,61364.0,388.6,245.0
JOSHI,1/12/2025,430.0,430.0,418.2,424.1,0.26,42476.0,388.6,245.0
JOSHI,1/13/2025,420.0,427.9,413.6,420.0,-0.97,58987.0,388.6,245.0
JOSHI,1/15/2025,428.4,441.6,403.4,427.0,1.67,100995.0,388.6,245.0
JOSHI,1/16/2025,426.0,434.0,422.3,429.6,0.61,53908.0,388.6,245.0
JOSHI,1/19/2025,438.1,441.0,422.0,441.0,2.65,75596.0,388.6,245.0
JOSHI,1/20/2025,433.0,466.8,412.0,421.0,-4.54,216274.0,388.6,245.0
JOSHI,1/21/2025,421.0,424.0,407.0,411.3,-2.3,104895.0,388.6,245.0
JOSHI,1/22/2025,412.0,427.0,412.0,427.0,3.82,55513.0,388.6,245.0
JOSHI,1/23/2025,430.0,430.0,415.0,416.0,-2.58,58120.0,388.6,245.0
JOSHI,1/26/2025,424.3,424.3,408.0,408.0,-1.92,46909.0,388.6,245.0
JOSHI,1/27/2025,415.9,420.0,406.0,410.0,0.49,51728.0,388.6,245.0
JOSHI,1/28/2025,415.0,415.0,408.0,415.0,1.22,82890.0,388.6,245.0
JOSHI,2/2/2025,415.0,423.0,411.6,412.0,-0.72,83467.0,388.6,245.0
JOSHI,2/3/2025,420.2,420.2,406.1,410.8,-0.29,62884.0,388.6,245.0
JOSHI,2/4/2025,413.9,451.8,407.9,451.8,9.98,396385.0,388.6,245.0
JOSHI,2/5/2025,451.0,488.5,435.0,445.0,-1.51,394693.0,388.6,245.0
JOSHI,2/6/2025,436.1,455.0,435.9,436.0,-2.02,105491.0,388.6,245.0
JOSHI,2/9/2025,427.3,440.6,417.0,425.0,-2.52,134297.0,388.6,245.0
JOSHI,2/10/2025,425.0,429.9,418.1,421.0,-0.94,42276.0,388.6,245.0
JOSHI,2/11/2025,424.0,425.0,417.0,419.0,-0.48,61624.0,388.6,245.0
JOSHI,2/12/2025,419.5,435.7,419.5,422.0,0.72,72983.0,388.6,245.0
JOSHI,2/13/2025,420.1,425.0,417.0,419.5,-0.59,49436.0,388.6,245.0
JOSHI,2/16/2025,427.8,427.8,419.0,421.0,0.36,68817.0,388.6,245.0
JOSHI,2/17/2025,428.0,436.0,420.0,428.6,1.81,78210.0,388.6,245.0
JOSHI,2/18/2025,425.5,434.0,421.0,424.0,-1.07,52229.0,388.6,245.0
JOSHI,2/20/2025,420.0,425.0,416.0,417.0,-1.65,64071.0,388.6,245.0
JOSHI,2/23/2025,410.0,419.9,408.0,415.9,-0.26,58062.0,388.6,245.0
JOSHI,2/24/2025,423.0,423.0,410.0,416.9,0.24,45279.0,388.6,245.0
JOSHI,2/25/2025,415.0,421.0,411.0,415.0,-0.46,51874.0,388.6,245.0
JOSHI,2/27/2025,423.0,423.0,411.3,414.5,-0.12,40878.0,388.6,245.0
JOSHI,3/2/2025,407.0,425.0,407.0,424.9,2.51,60389.0,388.6,245.0
JOSHI,3/3/2025,417.0,435.0,417.0,419.0,-1.39,73223.0,388.6,245.0
JOSHI,3/4/2025,417.0,424.9,414.9,416.9,-0.5,59599.0,388.6,245.0
JOSHI,3/5/2025,420.0,420.0,410.6,411.0,-1.42,39940.0,388.6,245.0
JOSHI,3/6/2025,411.0,415.0,410.0,410.0,-0.24,34396.0,388.6,245.0
JOSHI,3/9/2025,410.6,415.0,405.0,405.3,-1.15,51569.0,388.6,245.0
JOSHI,3/10/2025,401.0,411.1,401.0,403.0,-0.57,35940.0,388.6,245.0
JOSHI,3/11/2025,403.0,407.0,395.0,396.0,-1.74,39060.0,388.6,245.0
JOSHI,3/12/2025,397.0,400.9,393.0,393.0,-0.76,36045.0,388.6,245.0
JOSHI,3/16/2025,393.0,397.8,383.1,383.1,-2.52,40067.0,388.6,245.0
JOSHI,3/17/2025,383.0,389.0,381.0,383.0,-0.03,34692.0,388.6,245.0
JOSHI,3/18/2025,390.6,390.6,378.0,380.0,-0.78,20380.0,388.6,245.0
JOSHI,3/19/2025,380.0,385.0,374.0,376.9,-0.82,32125.0,388.6,245.0
JOSHI,3/20/2025,384.4,384.4,372.0,372.52,-1.16,27408.0,388.6,245.0
JOSHI,3/23/2025,378.9,378.9,360.0,361.76,-2.89,45462.0,388.6,245.0
JOSHI,3/24/2025,367.9,372.1,358.9,364.51,0.76,24428.0,388.6,245.0
JOSHI,3/25/2025,360.0,361.0,340.0,344.54,-5.48,58034.0,388.6,245.0
JOSHI,3/26/2025,351.4,357.0,342.2,350.77,1.81,33137.0,388.6,245.0
JOSHI,3/27/2025,357.0,362.0,350.0,357.72,1.98,28647.0,388.6,245.0
JOSHI,3/30/2025,352.0,393.4,352.0,393.26,9.94,105225.0,388.6,245.0
JOSHI,4/1/2025,401.0,403.3,379.3,383.79,-2.41,84017.0,388.6,245.0
JOSHI,4/2/2025,391.0,398.0,379.1,382.09,-0.44,28363.0,388.6,245.0
JOSHI,4/3/2025,380.0,388.0,372.1,374.09,-2.09,40401.0,388.6,245.0
JOSHI,4/7/2025,381.5,396.8,367.5,371.45,-0.71,24690.0,388.6,245.0
JOSHI,4/8/2025,378.8,378.8,364.0,373.06,0.43,20698.0,388.6,245.0
JOSHI,4/9/2025,379.9,387.6,371.0,384.66,3.11,47006.0,388.6,245.0
JOSHI,4/10/2025,392.3,392.3,383.0,387.52,0.74,28900.0,388.6,245.0
JOSHI,4/13/2025,395.2,395.2,380.3,381.18,-1.64,17146.0,388.6,245.0
JOSHI,4/15/2025,381.0,389.8,379.3,380.02,-0.3,19935.0,388.6,245.0
JOSHI,4/16/2025,387.6,393.9,378.1,389.46,2.48,27418.0,388.6,245.0
JOSHI,4/17/2025,397.0,399.9,392.0,394.88,1.39,35987.0,388.6,245.0
JOSHI,4/20/2025,402.7,404.9,386.0,388.57,-1.6,18491.0,388.6,245.0
JOSHI,4/21/2025,396.3,396.3,384.0,389.43,0.22,19000.0,388.6,245.0
JOSHI,4/22/2025,397.2,397.2,383.0,385.95,-0.89,21837.0,388.6,245.0
JOSHI,4/23/2025,393.6,393.6,376.2,378.33,-1.97,14718.0,388.6,245.0
JOSHI,4/24/2025,385.8,385.8,370.0,375.24,-0.82,34605.0,388.6,245.0
JOSHI,4/27/2025,382.7,383.9,375.0,376.5,0.34,31877.0,388.6,245.0
JOSHI,4/28/2025,384.0,391.6,374.0,374.65,-0.49,19596.0,388.6,245.0
JOSHI,4/29/2025,382.1,382.1,363.6,367.25,-1.98,25567.0,388.6,245.0
JOSHI,4/30/2025,374.0,378.9,362.0,371.02,1.03,21205.0,388.6,245.0
JOSHI,5/4/2025,378.1,378.1,361.0,364.07,-1.87,13391.0,388.6,245.0
JOSHI,5/5/2025,370.0,370.0,356.1,361.12,-0.81,17680.0,388.6,245.0
JOSHI,5/6/2025,368.0,368.0,361.0,362.0,0.24,12138.0,388.6,245.0
JOSHI,5/7/2025,368.0,379.0,361.0,377.34,4.24,29473.0,388.6,245.0
JOSHI,5/8/2025,377.0,389.5,377.0,380.76,0.91,99756.0,388.6,245.0
JOSHI,5/11/2025,388.3,418.8,388.0,418.8,9.99,209699.0,388.6,245.0
JOSHI,5/13/2025,427.1,460.6,427.0,447.61,6.88,254603.0,388.6,245.0
JOSHI,5/14/2025,456.5,464.0,430.3,435.73,-2.65,189576.0,388.6,245.0
JOSHI,5/15/2025,436.0,444.4,397.1,404.95,-7.06,221166.0,388.6,245.0
JOSHI,5/18/2025,413.0,413.0,378.0,382.02,-5.66,115610.0,388.6,245.0
JOSHI,5/19/2025,382.0,394.7,376.3,381.91,-0.03,52020.0,388.6,245.0
JOSHI,5/20/2025,387.9,413.0,375.3,405.36,6.14,74529.0,388.6,245.0
JOSHI,5/21/2025,413.4,421.6,390.0,396.03,-2.3,67612.0,388.6,245.0
JOSHI,5/22/2025,401.0,407.0,389.0,390.24,-1.46,40452.0,388.6,245.0
JOSHI,5/25/2025,397.0,397.0,379.4,384.46,-1.48,41657.0,388.6,245.0
JOSHI,5/26/2025,392.1,407.8,380.3,384.5,0.01,35531.0,388.6,245.0
JOSHI,5/27/2025,392.1,392.1,376.7,386.3,0.47,29200.0,388.6,245.0
JOSHI,5/28/2025,393.9,400.0,381.5,393.26,1.8,44514.0,388.6,245.0
JOSHI,6/2/2025,401.0,402.0,390.0,392.57,-0.18,46490.0,388.6,245.0
JOSHI,6/3/2025,390.0,398.9,386.0,388.37,-1.07,31266.0,388.6,245.0
JOSHI,6/4/2025,396.0,396.0,384.5,386.84,-0.39,32052.0,388.6,245.0
JOSHI,6/5/2025,384.0,392.0,381.6,383.08,-0.97,39778.0,388.6,245.0
JOSHI,6/8/2025,381.0,400.0,381.0,386.76,0.96,36093.0,388.6,245.0
JOSHI,6/9/2025,390.0,399.0,390.0,395.44,2.24,35841.0,388.6,245.0
JOSHI,6/10/2025,403.3,433.0,403.3,418.65,5.87,146924.0,388.6,245.0
JOSHI,6/11/2025,425.0,425.0,405.0,411.0,-1.83,76367.0,388.6,245.0
JOSHI,6/12/2025,403.3,429.0,403.3,409.1,-0.46,87297.0,388.6,245.0
JOSHI,6/15/2025,413.0,424.0,409.0,410.12,0.25,95655.0,388.6,245.0
JOSHI,6/16/2025,418.3,418.3,409.0,410.09,-0.01,64954.0,388.6,245.0
JOSHI,6/17/2025,410.1,415.0,408.0,410.11,0.0,59191.0,388.6,245.0
JOSHI,6/18/2025,416.7,451.1,411.0,450.73,9.9,403299.0,388.6,245.0
JOSHI,6/19/2025,459.7,487.0,443.0,458.02,1.62,420637.0,388.6,245.0
JOSHI,6/22/2025,323.0,348.6,323.0,348.6,-23.89,61187.0,388.6,245.0
JOSHI,6/23/2025,355.5,383.4,339.0,383.4,9.98,434572.0,388.6,245.0
JOSHI,6/24/2025,391.0,421.7,376.4,401.07,4.61,358058.0,388.6,245.0
JOSHI,6/25/2025,393.1,393.1,361.0,362.92,-9.51,318484.0,388.6,245.0
JOSHI,6/26/2025,355.7,380.0,335.2,346.78,-4.45,353539.0,388.6,245.0
JOSHI,6/29/2025,339.9,339.9,314.0,327.47,-5.57,256351.0,388.6,245.0
JOSHI,6/30/2025,321.0,340.0,321.0,326.78,-0.21,82288.0,388.6,245.0
JOSHI,7/1/2025,332.0,348.0,322.1,342.0,4.66,80295.0,388.6,245.0
JOSHI,7/2/2025,346.0,351.0,334.1,338.35,-1.07,98983.0,388.6,245.0
JOSHI,7/3/2025,339.0,342.0,331.0,333.18,-1.53,84787.0,388.6,245.0
JOSHI,7/6/2025,336.0,336.0,325.0,325.27,-2.37,65555.0,388.6,245.0
JOSHI,7/7/2025,326.0,330.0,323.4,324.99,-0.09,46658.0,388.6,245.0
JOSHI,7/8/2025,325.0,330.9,323.0,325.56,0.18,42143.0,388.6,245.0
JOSHI,7/9/2025,323.2,332.0,323.2,326.68,0.34,40500.0,388.6,245.0
JOSHI,7/10/2025,326.0,332.0,326.0,326.41,-0.08,42004.0,388.6,245.0
JOSHI,7/13/2025,332.0,338.0,320.5,331.69,1.62,52107.0,388.6,245.0
JOSHI,7/14/2025,329.0,357.0,328.0,346.37,4.43,134623.0,388.6,245.0
JOSHI,7/15/2025,347.0,353.0,339.5,346.76,0.11,61669.0,388.6,245.0
JOSHI,7/16/2025,348.0,353.0,345.0,346.79,0.01,47309.0,388.6,245.0
JOSHI,7/17/2025,350.0,363.0,343.1,354.52,2.23,108886.0,388.6,245.0
JOSHI,7/20/2025,361.6,379.4,350.1,358.89,1.23,166588.0,388.6,245.0
JOSHI,7/21/2025,358.0,363.0,332.4,345.26,-3.8,145735.0,388.6,245.0
JOSHI,7/22/2025,346.0,357.0,333.0,352.84,2.2,101312.0,388.6,245.0
JOSHI,7/23/2025,352.0,358.9,337.0,343.06,-2.77,76847.0,388.6,245.0
JOSHI,7/24/2025,345.0,347.0,340.0,341.88,-0.34,61187.0,388.6,245.0
JOSHI,7/27/2025,336.0,349.0,336.0,337.63,-1.24,59712.0,388.6,245.0
JOSHI,7/28/2025,337.0,343.8,335.0,341.22,1.06,38214.0,388.6,245.0
JOSHI,7/29/2025,347.8,347.9,340.0,342.24,0.3,50293.0,388.6,245.0
JOSHI,7/30/2025,341.0,346.0,338.0,339.22,-0.88,46497.0,388.6,245.0
JOSHI,7/31/2025,345.7,352.8,340.0,345.7,1.91,79632.0,388.6,245.0
JOSHI,8/3/2025,347.0,352.0,335.5,336.48,-2.67,37858.0,388.6,245.0
JOSHI,8/4/2025,342.9,342.9,330.0,335.04,-0.43,28075.0,388.6,245.0
JOSHI,8/5/2025,335.2,339.8,322.0,324.29,-3.21,42473.0,388.6,245.0
JOSHI,8/6/2025,324.0,327.5,320.0,323.85,-0.14,29557.0,388.6,245.0
JOSHI,8/7/2025,317.4,344.0,317.4,331.33,2.31,34523.0,388.6,245.0
JOSHI,8/11/2025,337.9,338.0,322.6,323.67,-2.31,24330.0,388.6,245.0
JOSHI,8/12/2025,320.0,326.3,320.0,321.73,-0.6,12855.0,388.6,245.0
JOSHI,8/13/2025,327.0,327.0,320.0,320.88,-0.26,19307.0,388.6,245.0
JOSHI,8/14/2025,320.1,327.0,315.0,319.81,-0.33,18738.0,388.6,245.0
JOSHI,8/17/2025,324.8,326.0,318.0,320.62,0.25,14884.0,388.6,245.0
JOSHI,8/18/2025,319.0,323.0,316.0,316.89,-1.16,24199.0,388.6,245.0
JOSHI,8/19/2025,317.0,324.5,316.1,317.25,0.11,12429.0,388.6,245.0
JOSHI,8/20/2025,321.0,321.0,315.1,315.32,-0.61,8977.0,388.6,245.0
JOSHI,8/21/2025,315.2,319.5,309.0,310.04,-1.67,24823.0,388.6,245.0
JOSHI,8/24/2025,308.0,313.4,304.5,305.64,-1.42,17530.0,388.6,245.0
JOSHI,8/25/2025,305.0,310.0,300.2,307.02,0.45,18456.0,388.6,245.0
JOSHI,8/26/2025,310.0,310.0,302.0,304.66,-0.77,7600.0,388.6,245.0
JOSHI,8/27/2025,300.6,310.0,300.6,308.04,1.11,10224.0,388.6,245.0
JOSHI,8/28/2025,310.0,311.0,305.2,306.28,-0.57,15531.0,388.6,245.0
JOSHI,8/31/2025,310.0,312.4,301.0,301.7,-1.5,13813.0,388.6,245.0
JOSHI,9/1/2025,305.0,307.6,300.0,300.02,-0.56,12330.0,388.6,245.0
JOSHI,9/2/2025,306.0,306.0,296.0,296.42,-1.2,9856.0,388.6,245.0
JOSHI,9/3/2025,293.3,294.0,289.0,290.06,-2.15,17285.0,388.6,245.0
JOSHI,9/4/2025,288.0,290.0,280.0,285.48,-1.58,19077.0,388.6,245.0
JOSHI,9/7/2025,288.0,290.0,285.0,285.97,0.17,5565.0,388.6,245.0
JOSHI,9/8/2025,285.0,288.9,276.3,277.43,-2.99,12708.0,388.6,245.0
JOSHI,9/18/2025,272.0,272.0,261.0,261.0,-5.92,1370.0,388.6,245.0
JOSHI,9/21/2025,256.0,287.1,254.0,287.1,10.0,44557.0,388.6,245.0
JOSHI,9/23/2025,290.1,315.8,290.1,315.8,10.0,49780.0,388.6,245.0
JOSHI,9/24/2025,322.0,327.5,312.0,319.0,1.01,24094.0,388.6,245.0
JOSHI,9/25/2025,318.0,334.0,310.0,317.0,-0.63,27343.0,388.6,245.0
JOSHI,9/28/2025,320.0,325.9,310.7,314.0,-0.95,10427.0,388.6,245.0
JOSHI,10/7/2025,308.1,315.0,304.0,305.6,-2.68,7101.0,388.6,245.0
JOSHI,10/8/2025,301.0,305.0,291.0,299.0,-2.16,16495.0,388.6,245.0
JOSHI,10/9/2025,304.9,317.1,298.0,305.9,2.31,23556.0,388.6,245.0
JOSHI,10/12/2025,301.0,304.0,293.9,298.0,-2.58,22075.0,388.6,245.0
JOSHI,10/13/2025,293.0,303.9,292.1,301.2,1.07,10597.0,388.6,245.0
JOSHI,10/14/2025,307.0,307.0,292.1,296.0,-1.73,10822.0,388.6,245.0
JOSHI,10/15/2025,296.0,301.9,290.5,292.5,-1.18,7074.0,388.6,245.0
JOSHI,10/16/2025,298.0,298.0,285.0,285.0,-2.56,8056.0,388.6,245.0
JOSHI,10/19/2025,284.0,290.8,280.2,288.1,1.09,4577.0,388.6,245.0
JOSHI,10/26/2025,282.4,287.9,277.0,282.6,-1.91,5086.0,388.6,245.0
JOSHI,10/28/2025,285.0,310.8,280.0,304.9,7.89,18214.0,388.6,245.0
JOSHI,10/29/2025,305.0,310.9,295.0,297.3,-2.49,18363.0,388.6,245.0
JOSHI,10/30/2025,303.2,309.2,299.0,308.0,3.6,20309.0,388.6,245.0
JOSHI,11/2/2025,312.0,317.0,306.1,314.0,1.95,20078.0,388.6,245.0
JOSHI,11/3/2025,319.2,326.0,310.0,311.5,-0.8,24573.0,388.6,245.0
JOSHI,11/4/2025,317.7,324.1,312.0,320.0,2.73,49180.0,388.6,245.0
JOSHI,11/5/2025,323.4,324.0,312.2,320.5,0.16,17554.0,388.6,245.0
JOSHI,11/6/2025,323.0,326.1,316.8,319.9,-0.19,28740.0,388.6,245.0
JOSHI,11/9/2025,324.0,324.0,312.1,314.9,-1.56,9879.0,388.6,245.0
JOSHI,11/10/2025,309.9,318.0,303.0,307.0,-2.51,20875.0,388.6,245.0
JOSHI,11/11/2025,311.0,311.0,300.0,304.6,-0.78,14626.0,388.6,245.0
JOSHI,11/12/2025,298.6,318.0,298.6,307.7,1.02,11914.0,388.6,245.0
JOSHI,11/13/2025,305.0,328.4,305.0,316.9,2.99,36543.0,388.6,245.0
JOSHI,11/16/2025,316.9,322.9,311.0,319.0,0.66,40075.0,388.6,245.0
JOSHI,11/17/2025,313.0,345.0,313.0,344.0,7.84,220096.0,388.6,245.0
JOSHI,11/18/2025,345.0,363.1,340.0,347.0,0.87,166453.0,388.6,245.0
JOSHI,11/19/2025,347.0,353.0,335.3,343.0,-1.15,69901.0,388.6,245.0
JOSHI,11/20/2025,336.2,353.5,330.0,334.1,-2.59,59869.0,388.6,245.0
JOSHI,11/23/2025,340.0,356.9,332.3,353.9,5.93,153693.0,388.6,245.0
JOSHI,11/24/2025,353.9,388.6,346.9,380.9,7.63,196625.0,388.6,245.0
JOSHI,11/25/2025,373.3,373.3,350.0,362.0,-4.96,91915.0,388.6,245.0
JOSHI,11/26/2025,369.2,369.2,350.0,357.0,-1.38,86219.0,388.6,245.0
JOSHI,11/27/2025,349.9,377.6,337.2,344.1,-3.61,199337.0,388.6,245.0
JOSHI,11/30/2025,337.3,337.3,314.0,319.0,-7.29,673834.0,388.6,245.0
JOSHI,12/1/2025,313.0,326.0,300.7,316.0,-0.94,227233.0,388.6,245.0
JOSHI,12/2/2025,320.0,326.4,311.0,325.0,2.85,130791.0,388.6,245.0
JOSHI,12/3/2025,319.0,329.0,317.0,317.0,-2.46,111459.0,388.6,245.0
JOSHI,12/7/2025,311.2,319.9,307.0,310.7,-1.99,194161.0,388.6,245.0
JOSHI,12/8/2025,310.7,314.9,307.0,309.9,-0.26,72177.0,388.6,245.0
JOSHI,12/9/2025,309.2,314.0,308.0,308.0,-0.61,60991.0,388.6,245.0
JOSHI,12/10/2025,307.1,310.8,300.4,303.0,-1.62,136354.0,388.6,245.0
JOSHI,12/11/2025,303.0,305.0,298.1,300.0,-0.99,120494.0,388.6,245.0
JOSHI,12/14/2025,297.0,304.9,292.6,294.0,-2.0,83541.0,388.6,245.0
JOSHI,12/15/2025,294.0,298.0,290.0,292.2,-0.61,58986.0,388.6,245.0
JOSHI,12/16/2025,292.0,297.8,292.0,296.0,1.3,61402.0,388.6,245.0
JOSHI,12/17/2025,295.0,301.9,295.0,296.5,0.17,48903.0,388.6,245.0
JOSHI,12/18/2025,295.0,302.4,292.0,292.1,-1.48,41410.0,388.6,245.0
JOSHI,12/21/2025,288.0,290.0,275.2,280.9,-3.83,124736.0,388.6,245.0
JOSHI,12/22/2025,282.0,284.5,275.6,276.0,-1.74,60075.0,388.6,245.0
JOSHI,12/23/2025,280.8,280.8,271.0,272.2,-1.38,43081.0,388.6,245.0
JOSHI,12/24/2025,273.0,275.0,271.1,271.1,-0.4,30952.0,388.6,245.0
JOSHI,12/28/2025,276.3,291.0,273.0,290.0,6.97,72438.0,388.6,245.0
JOSHI,12/29/2025,290.0,297.0,286.4,286.4,-1.24,68125.0,388.6,245.0
JOSHI,12/31/2025,290.0,292.0,286.1,286.1,-0.1,27003.0,388.6,245.0
JOSHI,1/1/2026,285.0,285.0,280.0,281.0,-1.78,43706.0,388.6,245.0
JOSHI,1/4/2026,281.0,285.5,279.0,280.8,-0.07,24915.0,388.6,245.0
JOSHI,1/5/2026,280.0,286.5,279.0,286.5,2.03,48092.0,388.6,245.0
JOSHI,1/6/2026,287.0,294.0,284.0,289.0,0.87,59631.0,388.6,245.0
JOSHI,1/7/2026,290.0,290.2,283.0,284.0,-1.73,20376.0,388.6,245.0
JOSHI,1/8/2026,282.0,287.0,281.5,282.7,-0.46,28391.0,388.6,245.0
JOSHI,1/12/2026,288.2,288.2,280.0,281.9,-0.28,25023.0,388.6,245.0
JOSHI,1/13/2026,287.0,287.0,279.2,285.0,1.1,29585.0,388.6,245.0
JOSHI,1/14/2026,283.1,288.6,280.8,284.0,-0.35,46156.0,388.6,245.0
JOSHI,1/18/2026,288.0,288.9,283.0,285.0,0.35,34018.0,388.6,245.0
JOSHI,1/20/2026,290.7,294.0,285.9,290.0,1.75,67493.0,388.6,245.0
JOSHI,1/21/2026,290.0,294.0,285.6,286.7,-1.14,50257.0,388.6,245.0
JOSHI,1/22/2026,288.0,300.0,285.0,300.0,4.64,123773.0,388.6,245.0
JOSHI,1/25/2026,295.0,320.0,295.0,313.0,4.33,147817.0,388.6,245.0
JOSHI,1/26/2026,315.0,316.7,300.1,305.0,-2.56,143099.0,388.6,245.0
JOSHI,1/27/2026,309.0,315.0,293.0,295.0,-3.28,136486.0,388.6,245.0
JOSHI,1/28/2026,290.0,302.0,290.0,300.0,1.69,93792.0,388.6,245.0
JOSHI,1/29/2026,300.0,310.0,300.0,304.0,1.33,134687.0,388.6,245.0
JOSHI,2/1/2026,306.0,308.0,297.0,300.0,-1.32,60091.0,388.6,245.0
JOSHI,2/2/2026,296.0,302.0,295.0,296.0,-1.33,44017.0,388.6,245.0
JOSHI,2/3/2026,300.6,312.0,296.0,299.9,1.32,67472.0,388.6,245.0
JOSHI,2/4/2026,300.5,303.0,295.0,297.0,-0.97,32281.0,388.6,245.0
JOSHI,2/5/2026,298.0,311.0,297.1,305.3,2.79,133197.0,388.6,245.0
JOSHI,2/8/2026,310.0,326.0,308.4,319.0,4.49,369035.0,388.6,245.0
JOSHI,2/9/2026,319.0,319.0,308.7,310.3,-2.73,98456.0,388.6,245.0
JOSHI,2/10/2026,312.0,314.0,304.1,309.9,-0.13,105744.0,388.6,245.0
JOSHI,2/11/2026,310.0,314.0,305.1,309.0,-0.29,90567.0,388.6,245.0
JOSHI,2/12/2026,307.1,315.0,307.1,307.6,-0.45,128416.0,388.6,245.0
JOSHI,2/16/2026,308.0,313.5,301.0,301.0,-2.15,73831.0,388.6,245.0
JOSHI,2/17/2026,300.0,305.8,292.0,296.0,-1.66,79799.0,388.6,245.0
JOSHI,2/22/2026,295.0,295.1,283.0,287.0,-3.04,75383.0,388.6,245.0
JOSHI,2/23/2026,282.0,291.9,282.0,288.4,0.49,41037.0,388.6,245.0
JOSHI,2/24/2026,285.0,293.0,285.0,289.0,0.21,28192.0,388.6,245.0
JOSHI,2/25/2026,290.0,296.8,287.1,290.0,0.35,31405.0,388.6,245.0
JOSHI,2/26/2026,287.2,295.0,287.2,290.0,0.0,28516.0,388.6,245.0
JOSHI,2/27/2026,287.2,295.0,287.2,290.0,0.0,28516.0,388.6,245.0
JOSHI,2/28/2026,287.2,295.0,287.2,290.0,0.0,28516.0,388.6,245.0
JOSHI,3/2/2026,287.2,296.0,280.0,295.0,1.72,39879.0,388.6,245.0
JOSHI,3/3/2026,290.0,301.9,290.0,301.0,2.03,62296.0,388.6,245.0
JOSHI,3/4/2026,290.0,301.9,290.0,301.0,0.0,62296.0,388.6,245.0
JOSHI,3/5/2026,290.0,301.9,290.0,301.0,0.0,62296.0,388.6,245.0
JOSHI,3/6/2026,290.0,301.9,290.0,301.0,0.0,62296.0,388.6,245.0
JOSHI,3/7/2026,290.0,301.9,290.0,301.0,0.0,62296.0,388.6,245.0
JOSHI,3/8/2026,290.0,301.9,290.0,301.0,0.0,62296.0,388.6,245.0
JOSHI,3/9/2026,307.0,325.3,307.0,322.0,6.98,1745.0,388.6,245.0
JOSHI,3/10/2026,328.0,328.0,309.0,311.9,-3.14,177996.0,388.6,245.0
JOSHI,3/11/2026,312.0,318.0,308.1,310.0,-0.61,91991.0,388.6,245.0
JOSHI,3/12/2026,310.0,319.9,310.0,315.1,1.65,87084.0,388.6,245.0
JOSHI,3/13/2026,310.0,319.9,310.0,315.1,0.0,87084.0,388.6,245.0
JOSHI,3/14/2026,310.0,319.9,310.0,315.1,0.0,87084.0,388.6,245.0
JOSHI,3/15/2026,316.0,321.0,312.0,316.8,0.54,60047.0,388.6,245.0
JOSHI,3/16/2026,311.5,322.3,310.0,311.0,-1.83,77568.0,388.6,245.0
JOSHI,3/17/2026,310.0,316.1,305.2,316.0,1.61,62061.0,388.6,245.0
JOSHI,3/18/2026,310.0,316.1,305.2,316.0,0.0,62061.0,388.6,245.0
JOSHI,3/19/2026,320.0,332.5,316.1,325.0,2.85,249220.0,388.6,245.0
JOSHI,3/20/2026,320.0,332.5,316.1,325.0,0.0,249220.0,388.6,245.0
JOSHI,3/21/2026,320.0,332.5,316.1,325.0,0.0,249220.0,388.6,245.0
JOSHI,3/22/2026,330.0,330.0,315.0,320.9,-1.26,115825.0,388.6,245.0
JOSHI,3/23/2026,322.0,324.0,312.1,320.0,-0.28,107335.0,388.6,245.0
JOSHI,3/24/2026,315.3,323.0,315.3,320.0,0.0,68144.0,388.6,245.0
JOSHI,3/25/2026,325.0,325.0,314.0,314.9,-1.59,82312.0,388.6,245.0
JOSHI,3/26/2026,315.0,319.0,310.1,315.0,0.0,51422.0,388.6,245.0
JOSHI,3/29/2026,310.0,320.0,304.0,305.3,-1.52,94586.0,388.6,245.0
JOSHI,3/30/2026,308.9,308.9,295.1,296.0,-4.18,47911.0,388.6,245.0
JOSHI,3/31/2026,296.0,306.9,292.2,304.0,2.7,61196.0,388.6,245.0
JOSHI,4/1/2026,304.0,310.0,289.0,293.0,-3.62,69239.0,388.6,245.0
JOSHI,4/2/2026,293.0,297.0,282.0,288.2,-1.64,63948.0,388.6,245.0
JOSHI,4/5/2026,284.1,288.0,272.0,272.2,-4.19,94092.0,388.6,245.0
JOSHI,4/6/2026,273.0,289.0,273.0,288.0,5.49,51044.0,388.6,245.0
JOSHI,4/7/2026,292.0,293.0,284.0,284.0,-2.74,32938.0,388.6,245.0
JOSHI,4/8/2026,288.9,294.0,285.0,293.0,1.42,27168.0,388.6,245.0
JOSHI,4/9/2026,297.0,297.0,292.0,295.5,-0.51,46910.0,388.6,245.0
JOSHI,4/10/2026,295.0,296.0,289.0,292.0,-1.02,32312.0,388.6,245.0
JOSHI,4/13/2026,290.0,298.0,289.0,294.4,1.52,34192.0,388.6,245.0
JOSHI,4/15/2026,295.0,302.0,295.0,298.0,1.02,40326.0,388.6,245.0
JOSHI,4/16/2026,298.0,300.0,291.1,293.0,-1.68,20884.0,388.6,245.0
JOSHI,4/17/2026,297.0,297.0,289.0,295.0,-0.67,35938.0,388.6,245.0
JOSHI,4/20/2026,295.0,300.0,289.0,290.0,-1.69,40950.0,388.6,245.0
JOSHI,4/21/2026,295.0,295.5,285.1,290.0,-1.69,20456.0,388.6,245.0
JOSHI,4/22/2026,291.0,294.0,284.0,293.2,0.76,33447.0,388.6,245.0
JOSHI,4/23/2026,307.8,307.8,285.0,285.0,-7.41,18164.0,388.6,245.0
JOSHI,4/24/2026,285.0,288.0,282.1,286.9,0.67,27293.0,388.6,245.0
JOSHI,4/27/2026,286.9,295.0,284.0,288.0,0.38,18105.0,388.6,245.0
JOSHI,4/28/2026,288.0,292.0,282.3,287.8,-0.07,14173.0,388.6,245.0
JOSHI,4/29/2026,287.8,286.0,280.0,281.0,-2.36,30013.0,388.6,245.0
JOSHI,4/30/2026,277.0,284.0,277.0,277.0,0.0,23785.0,388.6,245.0
JOSHI,5/4/2026,278.0,282.0,275.0,275.0,-1.08,10590.0,388.6,245.0
JOSHI,5/5/2026,275.0,281.0,271.0,278.0,1.09,16151.0,388.6,245.0
JOSHI,5/6/2026,286.2,286.2,275.0,279.5,-2.34,11575.0,388.6,245.0
JOSHI,5/7/2026,282.0,284.0,275.1,279.8,-0.78,8895.0,388.6,245.0
JOSHI,5/8/2026,285.0,285.0,277.0,281.0,-1.4,9898.0,388.6,245.0
JOSHI,5/11/2026,284.0,288.0,281.2,284.4,0.14,20046.0,388.6,245.0
JOSHI,5/12/2026,292.5,294.0,280.0,281.0,-3.93,25325.0,388.6,245.0
JOSHI,5/13/2026,279.2,285.0,278.0,282.0,1.0,7512.0,388.6,245.0
JOSHI,5/14/2026,288.0,290.0,276.0,278.0,-3.47,4006.0,388.6,245.0
JOSHI,5/15/2026,278.0,284.7,277.0,277.0,-0.36,7339.0,388.6,245.0
JOSHI,5/18/2026,279.1,283.8,278.0,278.0,-0.39,8294.0,388.6,245.0
JOSHI,5/19/2026,275.0,281.9,275.0,280.0,1.82,8158.0,388.6,245.0
JOSHI,5/20/2026,282.0,285.0,279.0,283.5,0.53,16516.0,388.6,245.0
JOSHI,5/21/2026,287.0,287.0,282.0,283.5,-1.22,17668.0,388.6,245.0
JOSHI,5/22/2026,287.0,287.0,280.6,284.5,-0.87,14267.0,388.6,245.0
JOSHI,5/25/2026,282.1,290.0,282.1,288.1,2.13,16430.0,388.6,245.0
JOSHI,5/26/2026,293.8,293.8,283.6,286.0,-2.65,12959.0,388.6,245.0
JOSHI,5/27/2026,289.9,290.0,285.4,288.0,-0.66,8464.0,388.6,245.0
JOSHI,6/1/2026,284.29,289.0,280.4,282.0,-0.81,11960.0,388.6,245.0
JOSHI,6/2/2026,289.0,289.0,278.1,284.5,-1.56,7773.0,388.6,245.0
JOSHI,6/3/2026,285.0,286.9,281.0,283.0,-0.7,9278.0,388.6,245.0
JOSHI,6/4/2026,280.0,285.0,280.0,281.6,0.57,14936.0,388.6,245.0
JOSHI,6/5/2026,283.0,283.0,277.5,278.0,-1.77,11088.0,388.6,245.0
JOSHI,6/8/2026,278.0,285.0,276.8,277.0,-0.36,12822.0,388.6,245.0
JOSHI,6/9/2026,277.0,283.5,275.5,280.0,1.08,16614.0,388.6,245.0
JOSHI,6/10/2026,275.2,283.0,275.2,281.2,2.18,8471.0,388.6,245.0
JOSHI,6/11/2026,281.2,282.0,277.5,278.0,-1.14,17553.0,388.6,245.0
JOSHI,6/12/2026,270.5,282.9,270.5,276.0,2.03,12645.0,388.6,245.0
JOSHI,6/15/2026,280.0,280.0,275.0,278.0,-0.71,7532.0,388.6,245.0
JOSHI,6/16/2026,270.0,294.0,270.0,280.5,3.89,29043.0,388.6,245.0
JOSHI,6/17/2026,284.5,284.5,276.3,279.9,-1.62,4802.0,388.6,245.0
JOSHI,6/18/2026,280.0,280.0,276.8,279.0,-0.36,2705.0,388.6,245.0
JOSHI,6/19/2026,281.0,281.0,273.0,277.0,-1.42,12831.0,388.6,245.0
JOSHI,6/22/2026,280.0,280.0,270.1,272.9,-2.54,18451.0,388.6,245.0
JOSHI,6/23/2026,272.9,272.9,264.0,265.0,-2.89,23616.0,388.6,245.0
JOSHI,6/24/2026,265.0,265.0,259.2,265.0,0.0,9345.0,388.6,245.0
JOSHI,6/26/2026,265.0,270.0,262.0,267.0,0.75,2649.0,388.6,245.0
JOSHI,6/29/2026,269.0,269.0,258.1,260.0,-3.35,9097.0,388.6,245.0
JOSHI,6/30/2026,259.0,260.0,255.0,259.6,0.23,10309.0,388.6,245.0
JOSHI,7/1/2026,252.0,267.8,252.0,267.5,6.15,6827.0,388.6,245.0
JOSHI,7/2/2026,261.5,275.0,261.5,269.1,2.91,7924.0,388.6,245.0
JOSHI,7/3/2026,269.0,270.5,265.0,267.1,-0.71,5599.0,388.6,245.0
JOSHI,7/6/2026,265.0,265.0,261.6,262.9,-0.79,7473.0,388.6,245.0
JOSHI,7/7/2026,261.0,267.9,261.0,265.0,1.53,7356.0,388.6,245.0
JOSHI,7/8/2026,260.0,264.9,259.5,259.6,-0.15,5384.0,388.6,245.0
JOSHI,7/9/2026,259.0,260.0,252.0,254.0,-1.93,9239.0,388.6,245.0
JOSHI,7/10/2026,261.0,261.0,253.4,256.0,-1.92,6106.0,388.6,245.0
JOSHI,7/13/2026,258.0,260.0,250.0,250.1,-3.06,9270.0,388.6,245.0
JOSHI,7/14/2026,250.0,254.9,246.0,252.4,0.96,17207.0,388.6,245.0
JOSHI,7/15/2026,250.1,257.6,250.1,252.0,0.76,6015.0,388.6,245.0
JOSHI,7/16/2026,252.0,259.4,252.0,255.9,1.55,14122.0,388.6,245.0
JOSHI,7/17/2026,260.0,271.0,256.0,269.8,3.77,18183.0,388.6,245.0
JOSHI,7/20/2026,269.8,276.0,269.8,274.0,1.56,9640.0,388.6,245.0
JOSHI,7/21/2026,274.0,277.0,267.0,272.0,-0.73,24021.0,388.6,245.0
JOSHI,7/22/2026,270.0,270.0,266.2,267.8,-0.81,4831.0,388.6,245.0
JOSHI,7/23/2026,268.0,272.0,264.0,271.5,1.31,12059.0,388.6,245.0
JOSHI,7/24/2026,274.0,274.0,267.6,270.0,-1.46,10071.0,388.6,245.0
JOSHI,7/27/2026,276.9,276.9,265.7,267.0,-3.58,9360.0,388.6,245.0
JOSHI,7/28/2026,265.1,267.0,262.3,263.0,-0.79,11562.0,388.6,245.0
JOSHI,7/29/2026,260.1,271.0,260.1,264.0,1.5,7969.0,388.6,245.0
JOSHI,7/30/2026,269.5,269.5,265.0,265.0,-1.67,11532.0,388.6,245.0
JOSHI,7/31/2026,262.6,285.0,262.5,283.0,7.77,94932.0,388.6,245.0
JOSHI,8/3/2026,283.0,292.0,278.1,285.0,0.71,80370.0,388.6,245.0
JOSHI,8/4/2026,278.2,302.9,278.2,300.0,7.84,224868.0,388.6,245.0
JOSHI,8/5/2026,315.0,315.0,295.0,298.0,-5.4,112792.0,388.6,245.0
JOSHI,8/6/2026,305.9,305.9,283.0,284.0,-7.16,73622.0,388.6,245.0
JOSHI,8/7/2026,288.0,289.0,280.2,283.0,-1.74,73222.0,388.6,245.0
JOSHI,8/10/2026,287.0,287.0,275.0,277.9,-3.17,44277.0,388.6,245.0
JOSHI,8/11/2026,278.0,285.0,276.0,283.0,1.8,28480.0,388.6,245.0
JOSHI,8/12/2026,284.4,285.0,274.8,277.9,-2.29,39905.0,388.6,245.0
JOSHI,8/13/2026,279.0,287.5,275.0,284.9,2.11,36722.0,388.6,245.0
JOSHI,8/14/2026,290.0,290.0,276.0,280.0,-3.45,22086.0,388.6,245.0
JOSHI,8/17/2026,282.0,287.9,277.0,283.0,0.35,25583.0,388.6,245.0
JOSHI,8/18/2026,283.0,284.1,269.6,273.0,-3.53,55188.0,388.6,245.0
JOSHI,8/19/2026,259.4,283.0,259.4,273.0,5.24,12225.0,388.6,245.0
JOSHI,8/20/2026,270.0,270.0,260.0,267.7,-0.85,41056.0,388.6,245.0
JOSHI,8/21/2026,265.0,270.0,260.0,263.0,-0.75,27734.0,388.6,245.0
JOSHI,8/24/2026,263.0,267.8,259.0,259.0,-1.52,18100.0,388.6,245.0
JOSHI,8/25/2026,261.0,262.0,257.0,258.0,-1.15,20145.0,388.6,245.0
JOSHI,8/26/2026,256.0,260.9,251.0,251.0,-1.95,21174.0,388.6,245.0
JOSHI,8/27/2026,248.0,260.0,245.0,259.8,4.76,18387.0,388.6,245.0
JOSHI,8/31/2026,256.1,263.5,250.1,255.0,-0.43,10141.0,388.6,245.0
JOSHI,9/1/2026,252.5,261.5,252.0,258.5,2.38,5021.0,388.6,245.0
JOSHI,9/2/2026,252.0,259.0,252.0,258.9,2.74,8009.0,388.6,245.0
JOSHI,9/3/2026,257.0,257.0,253.0,256.0,-0.39,9860.0,388.6,245.0
JOSHI,9/7/2026,256.0,261.9,256.0,261.5,2.15,8714.0,388.6,245.0
JOSHI,9/9/2026,257.0,262.0,257.0,258.0,0.39,5452.0,388.6,245.0
JOSHI,9/10/2026,257.0,257.0,251.7,254.0,-1.17,8493.0,388.6,245.0
JOSHI,9/11/2026,251.1,262.0,250.2,261.9,4.3,19331.0,388.6,245.0
JOSHI,9/14/2026,260.0,265.9,256.1,256.1,-1.5,31717.0,388.6,245.0
JOSHI,9/15/2026,263.7,274.9,263.0,271.8,3.07,35338.0,388.6,245.0
JOSHI,9/16/2026,270.0,271.9,265.0,268.8,-0.44,16989.0,388.6,245.0
JOSHI,9/17/2026,269.0,270.0,265.5,270.0,0.37,16390.0,388.6,245.0
JOSHI,9/18/2026,265.0,270.0,265.0,269.0,1.51,11798.0,388.6,245.0
JOSHI,9/22/2026,267.1,274.8,267.1,269.0,0.71,6925.0,388.6,245.0
JOSHI,9/23/2026,269.0,270.0,263.0,263.2,-2.16,12173.0,388.6,245.0
JOSHI,9/24/2026,265.1,265.1,258.0,264.0,-0.41,11798.0,388.6,245.0
JOSHI,9/28/2026,260.0,263.0,256.5,257.9,-0.81,13473.0,388.6,245.0
JOSHI,9/29/2026,257.0,258.0,255.0,0.0,-100.0,5896.0,388.6,245.0
JOSHI,9/30/2026,262.1,264.8,258.0,261.0,-0.42,3843.0,388.6,245.0
JOSHI,10/1/2026,264.9,264.9,260.0,262.4,-0.94,15156.0,388.6,245.0
JOSHI,10/2/2026,262.0,264.2,260.0,260.0,-0.76,5170.0,388.6,245.0
JSLBB,12/21/2025,1200.0,1205.8,1160.0,1180.0,,1403.0,1308.0,905.2
JSLBB,12/22/2025,1161.0,1179.0,1133.9,1177.0,-0.25,137.0,1308.0,905.2
JSLBB,12/23/2025,1153.5,1175.0,1136.0,1174.8,-0.19,626.0,1308.0,905.2
JSLBB,12/24/2025,1152.0,1170.0,1140.0,1169.0,-0.49,965.0,1308.0,905.2
JSLBB,12/28/2025,1150.0,1178.0,1149.1,1177.0,0.68,734.0,1308.0,905.2
JSLBB,12/29/2025,1160.9,1179.0,1138.1,1179.0,0.17,410.0,1308.0,905.2
JSLBB,12/31/2025,1179.0,1194.0,1155.5,1179.9,0.08,1226.0,1308.0,905.2
JSLBB,1/1/2026,1156.4,1178.0,1156.0,1178.0,-0.16,164.0,1308.0,905.2
JSLBB,1/4/2026,1178.0,1178.0,1154.5,1177.0,-0.08,471.0,1308.0,905.2
JSLBB,1/5/2026,1156.0,1185.0,1150.0,1173.0,-0.34,923.0,1308.0,905.2
JSLBB,1/6/2026,1173.0,1189.0,1143.0,1180.0,0.6,876.0,1308.0,905.2
JSLBB,1/7/2026,1185.8,1186.0,1134.0,1180.0,0.0,1926.0,1308.0,905.2
JSLBB,1/8/2026,1179.0,1184.9,1156.0,1184.9,0.42,574.0,1308.0,905.2
JSLBB,1/12/2026,1169.0,1177.9,1146.0,1164.9,-1.69,1369.0,1308.0,905.2
JSLBB,1/13/2026,1145.0,1167.9,1143.2,1158.0,-0.59,563.0,1308.0,905.2
JSLBB,1/14/2026,1146.0,1159.0,1136.2,1159.0,0.09,2042.0,1308.0,905.2
JSLBB,1/18/2026,1167.0,1191.1,1165.0,1184.0,2.16,1220.0,1308.0,905.2
JSLBB,1/20/2026,1170.0,1207.0,1170.0,1180.0,-0.34,1065.0,1308.0,905.2
JSLBB,1/21/2026,1190.0,1200.0,1165.0,1179.0,-0.08,722.0,1308.0,905.2
JSLBB,1/22/2026,1170.0,1188.0,1162.1,1188.0,0.76,570.0,1308.0,905.2
JSLBB,1/25/2026,1200.0,1208.0,1181.3,1208.0,1.68,1920.0,1308.0,905.2
JSLBB,1/26/2026,1208.0,1208.0,1161.0,1205.0,-0.25,1489.0,1308.0,905.2
JSLBB,1/27/2026,1229.0,1229.0,1170.0,1180.0,-2.07,905.0,1308.0,905.2
JSLBB,1/28/2026,1180.0,1185.0,1170.0,1184.0,0.34,1293.0,1308.0,905.2
JSLBB,1/29/2026,1161.0,1195.0,1161.0,1189.9,0.5,1165.0,1308.0,905.2
JSLBB,2/1/2026,1170.1,1179.9,1167.0,1179.0,-0.92,1598.0,1308.0,905.2
JSLBB,2/2/2026,1174.5,1180.0,1165.3,1180.0,0.08,629.0,1308.0,905.2
JSLBB,2/3/2026,1179.5,1184.0,1164.1,1184.0,0.34,777.0,1308.0,905.2
JSLBB,2/4/2026,1160.4,1207.6,1160.1,1184.0,0.0,1419.0,1308.0,905.2
JSLBB,2/5/2026,1184.0,1184.0,1162.2,1178.0,-0.51,1906.0,1308.0,905.2
JSLBB,2/8/2026,1175.0,1180.0,1156.1,1165.0,-1.1,3177.0,1308.0,905.2
JSLBB,2/9/2026,1156.0,1179.0,1148.1,1170.0,0.43,914.0,1308.0,905.2
JSLBB,2/10/2026,1150.0,1165.0,1142.0,1165.0,-0.43,1192.0,1308.0,905.2
JSLBB,2/11/2026,1179.9,1179.9,1127.0,1130.0,-3.0,3850.0,1308.0,905.2
JSLBB,2/12/2026,1152.0,1152.0,1135.0,1135.0,0.44,246.0,1308.0,905.2
JSLBB,2/16/2026,1157.0,1170.0,1142.0,1142.0,0.62,165.0,1308.0,905.2
JSLBB,2/17/2026,1136.0,1142.0,1120.2,1124.0,-1.58,1303.0,1308.0,905.2
JSLBB,2/22/2026,1124.0,1124.0,1111.2,1111.2,-1.14,440.0,1308.0,905.2
JSLBB,2/23/2026,1103.6,1115.0,1103.5,1107.5,-0.33,746.0,1308.0,905.2
JSLBB,2/24/2026,1100.2,1120.0,1100.2,1120.0,1.13,165.0,1308.0,905.2
JSLBB,2/25/2026,1130.0,1135.0,1120.0,1120.0,0.0,469.0,1308.0,905.2
JSLBB,2/26/2026,1107.0,1157.9,1100.0,1102.4,-1.57,1252.0,1308.0,905.2
JSLBB,2/27/2026,1107.0,1157.9,1100.0,1102.4,0.0,1252.0,1308.0,905.2
JSLBB,2/28/2026,1107.0,1157.9,1100.0,1102.4,0.0,1252.0,1308.0,905.2
JSLBB,3/2/2026,1100.0,1122.0,1100.0,1116.0,1.23,424.0,1308.0,905.2
JSLBB,3/3/2026,1112.1,1133.0,1112.1,1133.0,1.52,214.0,1308.0,905.2
JSLBB,3/4/2026,1112.1,1133.0,1112.1,1133.0,0.0,214.0,1308.0,905.2
JSLBB,3/5/2026,1112.1,1133.0,1112.1,1133.0,0.0,214.0,1308.0,905.2
JSLBB,3/6/2026,1112.1,1133.0,1112.1,1133.0,0.0,214.0,1308.0,905.2
JSLBB,3/7/2026,1112.1,1133.0,1112.1,1133.0,0.0,214.0,1308.0,905.2
JSLBB,3/8/2026,1112.1,1133.0,1112.1,1133.0,0.0,214.0,1308.0,905.2
JSLBB,3/10/2026,1155.6,1200.0,1155.0,1174.9,3.7,3080.0,1308.0,905.2
JSLBB,3/11/2026,1170.0,1184.0,1167.0,1170.0,-0.42,2063.0,1308.0,905.2
JSLBB,3/12/2026,1162.0,1184.9,1162.0,1177.0,0.6,2262.0,1308.0,905.2
JSLBB,3/13/2026,1162.0,1184.9,1162.0,1177.0,0.0,2262.0,1308.0,905.2
JSLBB,3/14/2026,1162.0,1184.9,1162.0,1177.0,0.0,2262.0,1308.0,905.2
JSLBB,3/15/2026,1185.0,1194.0,1168.1,1193.5,1.4,1601.0,1308.0,905.2
JSLBB,3/16/2026,1213.0,1214.9,1170.0,1171.0,-1.89,758.0,1308.0,905.2
JSLBB,3/17/2026,1170.0,1171.0,1150.1,1165.0,-0.51,780.0,1308.0,905.2
JSLBB,3/18/2026,1170.0,1171.0,1150.1,1165.0,0.0,780.0,1308.0,905.2
JSLBB,3/19/2026,1164.0,1200.0,1156.2,1197.0,2.75,979.0,1308.0,905.2
JSLBB,3/20/2026,1164.0,1200.0,1156.2,1197.0,0.0,979.0,1308.0,905.2
JSLBB,3/21/2026,1164.0,1200.0,1156.2,1197.0,0.0,979.0,1308.0,905.2
JSLBB,3/22/2026,1205.0,1285.0,1200.0,1280.0,6.93,3633.0,1308.0,905.2
JSLBB,3/23/2026,1280.0,1303.0,1229.2,1252.0,-2.19,2300.0,1308.0,905.2
JSLBB,3/24/2026,1230.0,1250.0,1230.0,1245.0,-0.56,253.0,1308.0,905.2
JSLBB,3/25/2026,1245.0,1245.0,1230.0,1230.0,-1.2,1898.0,1308.0,905.2
JSLBB,3/26/2026,1220.0,1234.0,1202.0,1234.0,1.15,759.0,1308.0,905.2
JSLBB,3/29/2026,1258.6,1280.0,1205.4,1205.4,-4.23,2147.0,1308.0,905.2
JSLBB,3/30/2026,1205.4,1225.0,1177.2,1177.2,-2.34,746.0,1308.0,905.2
JSLBB,3/31/2026,1193.0,1193.0,1169.0,1190.0,-0.25,822.0,1308.0,905.2
JSLBB,4/1/2026,1166.9,1189.0,1160.0,1170.0,0.27,508.0,1308.0,905.2
JSLBB,4/2/2026,1168.8,1170.0,1150.0,1152.0,-1.44,475.0,1308.0,905.2
JSLBB,4/5/2026,1135.0,1135.0,1107.0,1107.5,-2.42,1422.0,1308.0,905.2
JSLBB,4/6/2026,1124.9,1150.0,1124.9,1140.0,1.34,448.0,1308.0,905.2
JSLBB,4/7/2026,1162.8,1162.8,1108.6,1125.0,-3.25,1509.0,1308.0,905.2
JSLBB,4/8/2026,1147.0,1169.9,1146.0,1146.0,-0.09,311.0,1308.0,905.2
JSLBB,4/9/2026,1146.0,1162.8,1137.0,1141.0,-0.44,361.0,1308.0,905.2
JSLBB,4/10/2026,1130.0,1153.7,1130.0,1136.4,0.57,137.0,1308.0,905.2
JSLBB,4/13/2026,1126.3,1167.0,1126.3,1145.0,1.66,578.0,1308.0,905.2
JSLBB,4/15/2026,1167.0,1167.0,1152.6,1154.0,-1.11,66.0,1308.0,905.2
JSLBB,4/16/2026,1135.1,1155.0,1134.5,1155.0,1.75,392.0,1308.0,905.2
JSLBB,4/17/2026,1155.0,1155.0,1133.0,1140.0,-1.3,407.0,1308.0,905.2
JSLBB,4/20/2026,1140.0,1140.0,1140.0,1140.0,0.0,50.0,1308.0,905.2
JSLBB,4/21/2026,1110.1,1143.2,1110.0,1143.2,2.98,213.0,1308.0,905.2
JSLBB,4/22/2026,1110.0,1135.0,1105.0,1105.0,-0.45,1021.0,1308.0,905.2
JSLBB,4/23/2026,1106.1,1107.1,1106.0,1107.1,0.09,124.0,1308.0,905.2
JSLBB,4/24/2026,1138.9,1138.9,1085.0,1117.0,-1.92,508.0,1308.0,905.2
JSLBB,4/27/2026,1117.0,1128.0,1100.0,1128.0,0.98,21.0,1308.0,905.2
JSLBB,4/28/2026,1128.0,1105.0,1097.0,1101.0,-2.39,631.0,1308.0,905.2
JSLBB,4/29/2026,1101.0,1101.0,1068.3,1094.0,-0.64,2097.0,1308.0,905.2
JSLBB,4/30/2026,1080.0,1093.0,1062.4,1093.0,1.2,279.0,1308.0,905.2
JSLBB,5/4/2026,1080.0,1080.0,1062.3,1062.3,-1.64,110.0,1308.0,905.2
JSLBB,5/5/2026,1070.0,1070.0,1061.1,1061.1,-0.83,160.0,1308.0,905.2
JSLBB,5/6/2026,1061.0,1065.0,1060.1,1060.1,-0.08,90.0,1308.0,905.2
JSLBB,5/7/2026,1065.0,1070.0,1065.0,1070.0,0.47,63.0,1308.0,905.2
JSLBB,5/8/2026,1080.0,1130.0,1080.0,1119.9,3.69,385.0,1308.0,905.2
JSLBB,5/11/2026,1130.0,1130.0,1100.0,1120.0,-0.88,1343.0,1308.0,905.2
JSLBB,5/12/2026,1111.0,1111.0,1085.0,1085.0,-2.34,695.0,1308.0,905.2
JSLBB,5/13/2026,1114.9,1147.9,1100.0,1100.0,-1.34,246.0,1308.0,905.2
JSLBB,5/14/2026,1072.3,1090.0,1072.3,1090.0,1.65,90.0,1308.0,905.2
JSLBB,5/15/2026,1102.0,1102.0,1102.0,1102.0,0.0,20.0,1308.0,905.2
JSLBB,5/19/2026,1075.0,1075.0,1075.0,1075.0,0.0,10.0,1308.0,905.2
JSLBB,5/20/2026,1103.0,1160.0,1100.0,1100.0,-0.27,345.0,1308.0,905.2
JSLBB,5/21/2026,1100.0,1100.0,1073.1,1075.1,-2.26,265.0,1308.0,905.2
JSLBB,5/22/2026,1089.1,1089.1,1089.1,1089.1,0.0,10.0,1308.0,905.2
JSLBB,5/25/2026,1078.5,1115.9,1078.1,1115.9,3.47,168.0,1308.0,905.2
JSLBB,5/26/2026,1084.0,1100.0,1083.1,1100.0,1.48,150.0,1308.0,905.2
JSLBB,5/27/2026,1080.2,1092.0,1080.0,1085.1,0.45,386.0,1308.0,905.2
JSLBB,6/1/2026,1076.2,1100.0,1076.2,1078.1,0.18,126.0,1308.0,905.2
JSLBB,6/2/2026,1080.0,1081.0,1080.0,1080.0,0.0,131.0,1308.0,905.2
JSLBB,6/3/2026,1080.0,1101.0,1076.0,1101.0,1.94,244.0,1308.0,905.2
JSLBB,6/4/2026,1120.0,1120.0,1095.0,1095.0,-2.23,64.0,1308.0,905.2
JSLBB,6/5/2026,1096.0,1096.0,1095.0,1095.0,-0.09,70.0,1308.0,905.2
JSLBB,6/8/2026,1078.0,1085.5,1075.6,1085.5,0.7,253.0,1308.0,905.2
JSLBB,6/9/2026,1082.0,1086.0,1050.0,1086.0,0.37,1991.0,1308.0,905.2
JSLBB,6/10/2026,1086.0,1086.0,1086.0,1086.0,0.0,29.0,1308.0,905.2
JSLBB,6/11/2026,1061.0,1090.0,1060.0,1090.0,2.73,281.0,1308.0,905.2
JSLBB,6/12/2026,1058.0,1089.6,1048.2,1089.6,2.99,1819.0,1308.0,905.2
JSLBB,6/15/2026,1089.6,1089.6,1059.0,1059.0,-2.81,48.0,1308.0,905.2
JSLBB,6/16/2026,1090.7,1123.0,1061.0,1065.0,-2.36,336.0,1308.0,905.2
JSLBB,6/17/2026,1067.0,1067.0,1067.0,1067.0,0.0,65.0,1308.0,905.2
JSLBB,6/18/2026,1059.0,1061.5,1058.0,1061.0,0.19,300.0,1308.0,905.2
JSLBB,6/19/2026,1057.1,1067.0,1029.2,1067.0,0.94,1451.0,1308.0,905.2
JSLBB,6/22/2026,1055.0,1099.0,1041.1,1050.1,-0.46,308.0,1308.0,905.2
JSLBB,6/23/2026,1035.1,1050.0,1030.0,1030.0,-0.49,686.0,1308.0,905.2
JSLBB,6/24/2026,1012.1,1045.0,1000.0,1045.0,3.25,562.0,1308.0,905.2
JSLBB,6/26/2026,1048.5,1048.5,1000.0,1031.0,-1.67,469.0,1308.0,905.2
JSLBB,6/29/2026,1005.0,1029.9,1000.1,1029.9,2.48,180.0,1308.0,905.2
JSLBB,6/30/2026,1000.2,1019.0,1000.1,1011.0,1.08,311.0,1308.0,905.2
JSLBB,7/1/2026,995.0,1020.0,995.0,1015.0,2.01,129.0,1308.0,905.2
JSLBB,7/2/2026,995.0,1019.0,986.0,1019.0,2.41,408.0,1308.0,905.2
JSLBB,7/3/2026,991.0,1020.0,991.0,1016.0,2.52,238.0,1308.0,905.2
JSLBB,7/6/2026,1000.0,1029.0,998.2,1025.0,2.5,113.0,1308.0,905.2
JSLBB,7/7/2026,1025.0,1025.0,985.6,985.6,-3.84,476.0,1308.0,905.2
JSLBB,7/8/2026,986.0,1005.0,970.0,970.0,-1.62,1176.0,1308.0,905.2
JSLBB,7/9/2026,970.0,1000.0,945.0,1000.0,3.09,70.0,1308.0,905.2
JSLBB,7/10/2026,999.0,1028.0,999.0,1028.0,2.9,271.0,1308.0,905.2
JSLBB,7/13/2026,997.2,1015.0,971.0,1015.0,1.78,343.0,1308.0,905.2
JSLBB,7/14/2026,1011.0,1011.0,961.0,989.8,-2.1,755.0,1308.0,905.2
JSLBB,7/15/2026,980.0,1016.0,970.0,970.0,-1.02,5689.0,1308.0,905.2
JSLBB,7/16/2026,970.0,999.0,941.0,999.0,2.99,1396.0,1308.0,905.2
JSLBB,7/17/2026,1009.9,1020.0,980.0,1020.0,1.0,748.0,1308.0,905.2
JSLBB,7/20/2026,994.1,1020.0,992.0,1020.0,2.61,993.0,1308.0,905.2
JSLBB,7/21/2026,1001.5,1010.0,1000.0,1010.0,0.85,785.0,1308.0,905.2
JSLBB,7/22/2026,1000.0,1030.0,1000.0,1027.0,2.7,1618.0,1308.0,905.2
JSLBB,7/23/2026,1010.0,1026.7,1010.0,1026.7,1.65,47.0,1308.0,905.2
JSLBB,7/24/2026,1026.7,1040.0,1010.0,1039.0,1.2,684.0,1308.0,905.2
JSLBB,7/27/2026,1045.0,1045.0,1020.0,1020.0,-2.39,201.0,1308.0,905.2
JSLBB,7/28/2026,1001.0,1010.0,982.0,1010.0,0.9,440.0,1308.0,905.2
JSLBB,7/29/2026,985.0,1013.9,985.0,1013.9,2.93,80.0,1308.0,905.2
JSLBB,7/30/2026,1000.0,1000.0,970.5,999.0,-0.1,264.0,1308.0,905.2
JSLBB,8/3/2026,991.0,1028.0,990.0,990.0,-0.1,847.0,1308.0,905.2
JSLBB,8/4/2026,965.0,988.8,962.0,988.8,2.47,957.0,1308.0,905.2
JSLBB,8/5/2026,985.0,985.0,985.0,985.0,0.0,50.0,1308.0,905.2
JSLBB,8/6/2026,1000.0,1000.0,970.0,990.0,-1.0,91.0,1308.0,905.2
JSLBB,8/7/2026,980.0,980.0,980.0,980.0,0.0,200.0,1308.0,905.2
JSLBB,8/10/2026,979.9,990.0,972.0,980.0,0.01,305.0,1308.0,905.2
JSLBB,8/12/2026,977.9,977.9,967.1,967.1,-1.1,58.0,1308.0,905.2
JSLBB,8/13/2026,962.0,989.9,960.0,960.0,-0.21,622.0,1308.0,905.2
JSLBB,8/14/2026,950.0,978.5,950.0,969.0,2.0,1685.0,1308.0,905.2
JSLBB,8/17/2026,974.9,992.8,950.0,992.8,1.84,423.0,1308.0,905.2
JSLBB,8/18/2026,990.0,990.0,960.1,970.0,-2.02,963.0,1308.0,905.2
JSLBB,8/19/2026,941.0,960.0,941.0,960.0,2.02,111.0,1308.0,905.2
JSLBB,8/20/2026,950.0,968.9,950.0,968.9,1.99,78.0,1308.0,905.2
JSLBB,8/21/2026,950.0,967.0,940.0,967.0,1.79,294.0,1308.0,905.2
JSLBB,8/24/2026,940.0,945.0,911.2,945.0,0.53,704.0,1308.0,905.2
JSLBB,8/25/2026,945.0,959.0,940.0,940.0,-0.53,105.0,1308.0,905.2
JSLBB,8/26/2026,920.0,942.0,912.0,942.0,2.39,206.0,1308.0,905.2
JSLBB,8/27/2026,942.0,960.0,921.0,960.0,1.91,137.0,1308.0,905.2
JSLBB,8/31/2026,933.0,933.0,933.0,933.0,0.0,10.0,1308.0,905.2
JSLBB,9/1/2026,910.1,947.9,910.1,947.9,4.15,685.0,1308.0,905.2
JSLBB,9/2/2026,920.0,925.0,919.6,925.0,0.54,108.0,1308.0,905.2
JSLBB,9/3/2026,925.0,949.8,925.0,949.8,2.68,40.0,1308.0,905.2
JSLBB,9/7/2026,924.2,944.0,924.1,944.0,2.14,188.0,1308.0,905.2
JSLBB,9/9/2026,949.0,949.0,935.0,935.0,-1.48,73.0,1308.0,905.2
JSLBB,9/10/2026,910.0,959.0,907.1,959.0,5.38,69.0,1308.0,905.2
JSLBB,9/11/2026,930.3,959.0,905.2,959.0,3.09,132.0,1308.0,905.2
JSLBB,9/14/2026,959.0,972.0,931.0,972.0,1.36,50.0,1308.0,905.2
JSLBB,9/15/2026,1020.0,1020.0,960.5,969.9,-4.91,442.0,1308.0,905.2
JSLBB,9/16/2026,950.0,986.0,950.0,986.0,3.79,332.0,1308.0,905.2
JSLBB,9/17/2026,956.5,979.7,956.5,979.7,2.43,111.0,1308.0,905.2
JSLBB,9/18/2026,965.0,988.0,960.0,988.0,2.38,549.0,1308.0,905.2
JSLBB,9/22/2026,962.0,970.0,962.0,963.0,0.1,462.0,1308.0,905.2
JSLBB,9/23/2026,984.0,984.0,956.2,970.0,-1.42,218.0,1308.0,905.2
JSLBB,9/24/2026,980.0,980.0,955.0,969.0,-1.12,153.0,1308.0,905.2
JSLBB,9/28/2026,983.8,983.8,954.3,954.3,-3.0,71.0,1308.0,905.2
JSLBB,9/29/2026,940.0,952.0,940.0,0.0,-100.0,320.0,1308.0,905.2
JSLBB,9/30/2026,975.0,975.0,945.8,945.8,-2.99,149.0,1308.0,905.2
JSLBB,10/1/2026,947.9,953.4,930.5,953.4,0.58,197.0,1308.0,905.2
JSLBB,10/2/2026,953.4,953.4,924.8,942.0,-1.2,324.0,1308.0,905.2
KAHL,7/2/2026,295.4,339.7,295.4,339.7,15.0,200.0,613.0,295.4
KAHL,7/3/2026,349.8,390.6,349.8,390.6,11.66,150.0,613.0,295.4
KAHL,7/6/2026,410.1,449.1,410.1,449.1,9.51,470.0,613.0,295.4
KAHL,7/7/2026,462.5,516.4,462.5,516.4,11.65,2530.0,613.0,295.4
KAHL,7/8/2026,542.2,542.2,485.0,487.0,-10.18,142982.0,613.0,295.4
KAHL,7/9/2026,480.0,480.0,463.0,477.0,-0.62,55910.0,613.0,295.4
KAHL,7/10/2026,477.0,535.6,465.0,510.0,6.92,51203.0,613.0,295.4
KAHL,7/13/2026,510.0,510.0,481.5,486.0,-4.71,38258.0,613.0,295.4
KAHL,7/14/2026,472.0,500.5,462.0,479.0,1.48,44088.0,613.0,295.4
KAHL,7/15/2026,479.0,495.2,475.0,479.9,0.19,22727.0,613.0,295.4
KAHL,7/16/2026,480.0,482.5,470.5,473.0,-1.46,20278.0,613.0,295.4
KAHL,7/17/2026,473.0,499.8,463.0,497.0,5.07,33606.0,613.0,295.4
KAHL,7/20/2026,497.0,512.0,485.6,508.0,2.21,51475.0,613.0,295.4
KAHL,7/21/2026,510.0,574.0,498.1,546.1,7.08,78927.0,613.0,295.4
KAHL,7/22/2026,547.0,580.0,530.0,560.0,2.38,52360.0,613.0,295.4
KAHL,7/23/2026,550.0,583.0,533.2,583.0,6.0,75792.0,613.0,295.4
KAHL,7/24/2026,583.0,613.0,575.0,601.2,3.12,88604.0,613.0,295.4
KAHL,7/27/2026,601.2,608.0,527.0,552.0,-8.18,71399.0,613.0,295.4
KAHL,7/28/2026,575.0,575.0,532.0,561.3,-2.38,62096.0,613.0,295.4
KAHL,7/29/2026,579.0,579.0,540.0,549.0,-5.18,48643.0,613.0,295.4
KAHL,7/30/2026,548.0,560.0,533.0,536.0,-2.19,40236.0,613.0,295.4
KAHL,7/31/2026,534.0,550.0,521.1,544.0,1.87,37097.0,613.0,295.4
KAHL,8/3/2026,541.0,576.0,533.0,537.1,-0.72,41714.0,613.0,295.4
KAHL,8/4/2026,527.1,537.0,521.2,526.0,-0.21,28617.0,613.0,295.4
KAHL,8/5/2026,521.0,537.0,518.0,530.0,1.73,38622.0,613.0,295.4
KAHL,8/6/2026,530.0,565.0,527.3,554.5,4.62,89655.0,613.0,295.4
KAHL,8/7/2026,554.5,555.0,537.2,542.2,-2.22,31077.0,613.0,295.4
KAHL,8/10/2026,533.1,550.0,533.1,542.0,1.67,28378.0,613.0,295.4
KAHL,8/11/2026,537.0,555.2,537.0,542.0,0.93,47780.0,613.0,295.4
KAHL,8/12/2026,539.0,550.0,531.0,532.0,-1.3,46191.0,613.0,295.4
KAHL,8/13/2026,508.0,539.0,508.0,539.0,6.1,23312.0,613.0,295.4
KAHL,8/14/2026,530.0,543.0,528.2,536.0,1.13,21868.0,613.0,295.4
KAHL,8/17/2026,530.0,553.0,528.0,550.0,3.77,58046.0,613.0,295.4
KAHL,8/18/2026,550.0,565.1,546.2,548.9,-0.2,76841.0,613.0,295.4
KAHL,8/19/2026,544.0,556.0,533.0,550.0,1.1,25463.0,613.0,295.4
KAHL,8/20/2026,540.0,549.0,536.0,540.0,0.0,22715.0,613.0,295.4
KAHL,8/21/2026,535.0,545.0,522.0,527.0,-1.5,49833.0,613.0,295.4
KAHL,8/24/2026,553.3,553.3,506.0,506.0,-8.55,48136.0,613.0,295.4
KAHL,8/25/2026,499.0,517.0,498.0,503.0,0.8,33972.0,613.0,295.4
KAHL,8/26/2026,500.0,503.0,488.1,490.8,-1.84,32048.0,613.0,295.4
KAHL,8/27/2026,480.0,512.0,478.0,502.5,4.69,26809.0,613.0,295.4
KAHL,8/31/2026,502.5,502.5,475.4,476.0,-5.27,24009.0,613.0,295.4
KAHL,9/1/2026,465.0,490.4,465.0,475.0,2.15,21230.0,613.0,295.4
KAHL,9/2/2026,475.0,487.0,471.3,484.0,1.89,15295.0,613.0,295.4
KAHL,9/3/2026,480.0,495.0,480.0,490.0,2.08,18961.0,613.0,295.4
KAHL,9/7/2026,490.0,502.0,485.2,493.0,0.61,15554.0,613.0,295.4
KAHL,9/9/2026,490.0,500.0,481.3,483.0,-1.43,26585.0,613.0,295.4
KAHL,9/10/2026,458.9,488.0,458.9,484.0,5.47,18972.0,613.0,295.4
KAHL,9/11/2026,471.1,495.0,471.1,493.0,4.65,18607.0,613.0,295.4
KAHL,9/14/2026,492.0,505.0,492.0,499.7,1.57,19318.0,613.0,295.4
KAHL,9/15/2026,510.0,520.0,500.2,506.0,-0.78,42865.0,613.0,295.4
KAHL,9/16/2026,490.9,509.0,490.9,493.5,0.53,22537.0,613.0,295.4
KAHL,9/17/2026,493.5,506.0,490.2,495.0,0.3,17165.0,613.0,295.4
KAHL,9/18/2026,492.0,508.0,485.0,503.0,2.24,33370.0,613.0,295.4
KAHL,9/22/2026,510.0,511.0,497.1,497.5,-2.45,21826.0,613.0,295.4
KAHL,9/23/2026,497.0,497.0,485.0,490.0,-1.41,20635.0,613.0,295.4
KAHL,9/24/2026,485.0,491.0,480.0,485.0,0.0,13771.0,613.0,295.4
KAHL,9/28/2026,485.0,485.0,474.1,477.2,-1.61,24221.0,613.0,295.4
KAHL,9/29/2026,475.0,477.6,467.4,0.0,-100.0,15275.0,613.0,295.4
KAHL,9/30/2026,446.6,475.0,446.6,469.9,5.22,16139.0,613.0,295.4
KAHL,10/1/2026,470.0,472.0,460.9,467.0,-0.64,14541.0,613.0,295.4
KAHL,10/2/2026,460.1,468.0,458.0,458.0,-0.46,23334.0,613.0,295.4
KBL,3/20/2011,260.0,270.0,260.0,270.0,,90.0,256.0,176.0
KBL,3/24/2011,260.0,261.0,256.0,261.0,-3.33,33.0,256.0,176.0
KBL,3/25/2011,261.0,266.0,260.0,260.0,-0.38,80.0,256.0,176.0
KBL,3/27/2011,260.0,256.0,255.0,255.0,-1.92,28.0,256.0,176.0
KBL,3/28/2011,255.0,260.0,260.0,260.0,1.96,77.0,256.0,176.0
KBL,3/29/2011,260.0,255.0,245.0,249.0,-4.23,338.0,256.0,176.0
KBL,3/30/2011,249.0,258.0,234.0,234.0,-6.02,809.0,256.0,176.0
KBL,3/31/2011,234.0,246.0,238.0,243.0,3.85,1868.0,256.0,176.0
KBL,4/4/2011,243.0,249.0,237.0,249.0,2.47,1301.0,256.0,176.0
KBL,4/5/2011,249.0,256.0,237.0,256.0,2.81,733.0,256.0,176.0
KBL,4/6/2011,256.0,257.0,243.0,243.0,-5.08,577.0,256.0,176.0
KBL,4/7/2011,243.0,267.0,243.0,266.0,9.47,505.0,256.0,176.0
KBL,4/10/2011,266.0,279.0,261.0,279.0,4.89,420.0,256.0,176.0
KBL,4/11/2011,279.0,274.0,264.0,264.0,-5.38,50.0,256.0,176.0
KBL,4/13/2011,264.0,290.0,268.0,290.0,9.85,160.0,256.0,176.0
KBL,4/19/2011,290.0,285.0,284.0,284.0,-2.07,171.0,256.0,176.0
KBL,4/21/2011,284.0,279.0,279.0,279.0,-1.76,10.0,256.0,176.0
KBL,4/25/2011,279.0,274.0,274.0,274.0,-1.79,34.0,256.0,176.0
KBL,4/27/2011,274.0,269.0,264.0,269.0,-1.82,102.0,256.0,176.0
KBL,4/28/2011,269.0,284.0,274.0,284.0,5.58,39.0,256.0,176.0
KBL,5/2/2011,284.0,279.0,274.0,274.0,-3.52,150.0,256.0,176.0
KBL,5/5/2011,274.0,269.0,269.0,269.0,-1.82,100.0,256.0,176.0
KBL,5/8/2011,269.0,264.0,243.0,243.0,-9.67,492.0,256.0,176.0
KBL,5/9/2011,243.0,239.0,230.0,234.0,-3.7,1048.0,256.0,176.0
KBL,5/10/2011,234.0,244.0,232.0,244.0,4.27,2005.0,256.0,176.0
KBL,5/11/2011,244.0,244.0,238.0,243.0,-0.41,731.0,256.0,176.0
KBL,5/12/2011,243.0,240.0,236.0,236.0,-2.88,461.0,256.0,176.0
KBL,5/15/2011,236.0,240.0,240.0,240.0,1.69,80.0,256.0,176.0
KBL,5/16/2011,240.0,244.0,233.0,244.0,1.67,563.0,256.0,176.0
KBL,5/18/2011,244.0,247.0,237.0,237.0,-2.87,645.0,256.0,176.0
KBL,5/19/2011,237.0,235.0,235.0,235.0,-0.84,101.0,256.0,176.0
KBL,5/22/2011,235.0,239.0,232.0,235.0,0.0,332.0,256.0,176.0
KBL,5/23/2011,235.0,239.0,239.0,239.0,1.7,241.0,256.0,176.0
KBL,5/25/2011,239.0,262.0,243.0,245.0,2.51,2217.0,256.0,176.0
KBL,5/26/2011,245.0,242.0,238.0,240.0,-2.04,206.0,256.0,176.0
KBL,5/30/2011,240.0,248.0,240.0,248.0,3.33,293.0,256.0,176.0
KBL,5/31/2011,248.0,244.0,233.0,237.0,-4.44,1095.0,256.0,176.0
KBL,6/1/2011,237.0,237.0,237.0,237.0,0.0,100.0,256.0,176.0
KBL,6/2/2011,237.0,241.0,237.0,238.0,0.42,783.0,256.0,176.0
KBL,6/5/2011,238.0,235.0,228.0,228.0,-4.2,597.0,256.0,176.0
KBL,6/6/2011,228.0,225.0,221.0,225.0,-1.32,601.0,256.0,176.0
KBL,6/7/2011,225.0,221.0,213.0,213.0,-5.33,279.0,256.0,176.0
KBL,6/8/2011,213.0,214.0,214.0,214.0,0.47,191.0,256.0,176.0
KBL,6/9/2011,214.0,215.0,200.0,200.0,-6.54,454.0,256.0,176.0
KBL,6/12/2011,200.0,200.0,196.0,196.0,-2.0,968.0,256.0,176.0
KBL,6/13/2011,196.0,194.0,188.0,190.0,-3.06,2329.0,256.0,176.0
KBL,6/14/2011,190.0,190.0,184.0,184.0,-3.16,2282.0,256.0,176.0
KBL,6/15/2011,184.0,187.0,176.0,177.0,-3.8,1124.0,256.0,176.0
KBL,6/16/2011,177.0,194.0,178.0,194.0,9.6,7523.0,256.0,176.0
KBL,6/19/2011,194.0,213.0,197.0,213.0,9.79,266.0,256.0,176.0
KBL,6/20/2011,194.0,213.0,197.0,213.0,0.0,266.0,256.0,176.0
KBL,6/21/2011,234.0,257.0,238.0,257.0,20.66,1767.0,256.0,176.0
KBL,6/23/2011,257.0,282.0,262.0,282.0,9.73,2468.0,256.0,176.0
KBL,6/26/2011,282.0,297.0,255.0,255.0,-9.57,4433.0,256.0,176.0
KBL,6/27/2011,255.0,250.0,230.0,230.0,-9.8,124.0,256.0,176.0
KBL,6/29/2011,230.0,230.0,212.0,230.0,0.0,1206.0,256.0,176.0
KBL,6/30/2011,230.0,227.0,220.0,220.0,-4.35,1505.0,256.0,176.0
KBL,7/3/2011,220.0,242.0,224.0,238.0,8.18,3128.0,256.0,176.0
KBL,7/4/2011,238.0,261.0,242.0,245.0,2.94,10648.0,256.0,176.0
KBL,7/5/2011,245.0,260.0,245.0,260.0,6.12,8658.0,256.0,176.0
KBL,7/6/2011,260.0,279.0,258.0,260.0,0.0,4890.0,256.0,176.0
KBL,7/7/2011,260.0,267.0,255.0,265.0,1.92,1308.0,256.0,176.0
KBL,7/10/2011,265.0,275.0,246.0,256.0,-3.4,1763.0,256.0,176.0
KBL,7/11/2011,256.0,264.0,256.0,259.0,1.17,1499.0,256.0,176.0
KBL,7/12/2011,259.0,269.0,259.0,264.0,1.93,1881.0,256.0,176.0
KBL,7/13/2011,264.0,289.0,269.0,270.0,2.27,2166.0,256.0,176.0
KBL,7/14/2011,270.0,275.0,265.0,266.0,-1.48,5049.0,256.0,176.0
KBL,7/18/2011,266.0,276.0,268.0,268.0,0.75,3013.0,256.0,176.0
KBL,7/19/2011,268.0,277.0,263.0,276.0,2.99,2553.0,256.0,176.0
KBL,7/20/2011,276.0,284.0,267.0,275.0,-0.36,5706.0,256.0,176.0
KBL,7/21/2011,275.0,277.0,270.0,273.0,-0.73,3397.0,256.0,176.0
KBL,7/25/2011,273.0,268.0,258.0,259.0,-5.13,823.0,256.0,176.0
KBL,7/26/2011,259.0,255.0,250.0,253.0,-2.32,1020.0,256.0,176.0
KBL,7/27/2011,253.0,270.0,249.0,265.0,4.74,1971.0,256.0,176.0
KBL,7/28/2011,265.0,264.0,260.0,264.0,-0.38,331.0,256.0,176.0
KBL,7/31/2011,264.0,259.0,259.0,259.0,-1.89,132.0,256.0,176.0
KBL,8/1/2011,259.0,254.0,245.0,250.0,-3.47,2050.0,256.0,176.0
KBL,8/2/2011,250.0,251.0,247.0,251.0,0.4,266.0,256.0,176.0
KBL,8/3/2011,251.0,260.0,248.0,260.0,3.59,2949.0,256.0,176.0
KBL,8/4/2011,260.0,260.0,250.0,250.0,-3.85,600.0,256.0,176.0
KBL,8/7/2011,250.0,251.0,250.0,250.0,0.0,767.0,256.0,176.0
KBL,8/8/2011,250.0,249.0,245.0,249.0,-0.4,202.0,256.0,176.0
KBL,8/9/2011,249.0,245.0,240.0,240.0,-3.61,1184.0,256.0,176.0
KBL,8/10/2011,240.0,248.0,244.0,248.0,3.33,866.0,256.0,176.0
KBL,8/11/2011,248.0,253.0,249.0,253.0,2.02,306.0,256.0,176.0
KBL,8/15/2011,253.0,262.0,253.0,262.0,3.56,354.0,256.0,176.0
KBL,8/16/2011,262.0,257.0,257.0,257.0,-1.91,104.0,256.0,176.0
KBL,8/17/2011,257.0,252.0,247.0,249.0,-3.11,212.0,256.0,176.0
KBL,8/18/2011,249.0,250.0,245.0,250.0,0.4,943.0,256.0,176.0
KBL,8/22/2011,250.0,245.0,245.0,245.0,-2.0,500.0,256.0,176.0
KBL,8/23/2011,245.0,245.0,238.0,243.0,-0.82,2363.0,256.0,176.0
KBL,8/24/2011,243.0,249.0,245.0,246.0,1.23,614.0,256.0,176.0
KBL,8/25/2011,246.0,243.0,241.0,243.0,-1.22,322.0,256.0,176.0
KBL,8/28/2011,243.0,239.0,231.0,236.0,-2.88,1071.0,256.0,176.0
KBL,8/29/2011,236.0,233.0,231.0,232.0,-1.69,1027.0,256.0,176.0
KBL,8/30/2011,232.0,240.0,236.0,240.0,3.45,127.0,256.0,176.0
KBL,9/1/2011,240.0,244.0,241.0,244.0,1.67,461.0,256.0,176.0
KBL,9/4/2011,244.0,250.0,245.0,245.0,0.41,233.0,256.0,176.0
KBL,9/5/2011,245.0,242.0,235.0,235.0,-4.08,391.0,256.0,176.0
KBL,9/6/2011,235.0,232.0,230.0,230.0,-2.13,221.0,256.0,176.0
KBL,9/7/2011,230.0,227.0,226.0,226.0,-1.74,177.0,256.0,176.0
KBL,9/8/2011,226.0,227.0,227.0,227.0,0.44,112.0,256.0,176.0
KBL,9/12/2011,227.0,233.0,228.0,233.0,2.64,163.0,256.0,176.0
KBL,9/13/2011,233.0,229.0,221.0,221.0,-5.15,518.0,256.0,176.0
KBL,9/14/2011,221.0,225.0,218.0,223.0,0.9,825.0,256.0,176.0
KBL,9/15/2011,223.0,220.0,216.0,216.0,-3.14,920.0,256.0,176.0
KBL,9/18/2011,216.0,218.0,214.0,215.0,-0.46,1467.0,256.0,176.0
KBL,9/19/2011,215.0,212.0,208.0,212.0,-1.4,842.0,256.0,176.0
KBL,9/20/2011,212.0,216.0,210.0,214.0,0.94,1649.0,256.0,176.0
KBL,9/21/2011,214.0,213.0,210.0,213.0,-0.47,30.0,256.0,176.0
KBL,9/22/2011,213.0,227.0,211.0,226.0,6.1,2566.0,256.0,176.0
KBL,9/25/2011,226.0,226.0,222.0,222.0,-1.77,574.0,256.0,176.0
KBL,9/26/2011,222.0,224.0,219.0,220.0,-0.9,3464.0,256.0,176.0
KBL,9/27/2011,220.0,224.0,224.0,224.0,1.82,93.0,256.0,176.0
KBL,10/2/2011,224.0,228.0,228.0,228.0,1.79,23.0,256.0,176.0
KBL,10/9/2011,228.0,229.0,229.0,229.0,0.44,16.0,256.0,176.0
KBL,10/10/2011,229.0,229.0,225.0,229.0,0.0,245.0,256.0,176.0
KBL,10/12/2011,229.0,229.0,225.0,225.0,-1.75,690.0,256.0,176.0
KBL,10/13/2011,225.0,225.0,221.0,221.0,-1.78,1758.0,256.0,176.0
KBL,10/16/2011,221.0,218.0,217.0,218.0,-1.36,230.0,256.0,176.0
KBL,10/17/2011,218.0,218.0,214.0,215.0,-1.38,196.0,256.0,176.0
KBL,10/18/2011,215.0,216.0,212.0,216.0,0.47,357.0,256.0,176.0
KBL,10/19/2011,216.0,220.0,212.0,216.0,0.0,1110.0,256.0,176.0
KBL,10/20/2011,216.0,221.0,212.0,216.0,0.0,531.0,256.0,176.0
KBL,10/24/2011,216.0,217.0,208.0,208.0,-3.7,1561.0,256.0,176.0
KBL,10/25/2011,208.0,226.0,212.0,226.0,8.65,2010.0,256.0,176.0
KBL,10/30/2011,226.0,226.0,226.0,226.0,0.0,561.0,256.0,176.0
KBL,10/31/2011,226.0,222.0,214.0,214.0,-5.31,126.0,256.0,176.0
KBL,11/3/2011,214.0,235.0,218.0,230.0,7.48,4656.0,256.0,176.0
KBL,11/6/2011,230.0,239.0,233.0,233.0,1.3,2159.0,256.0,176.0
KBL,11/8/2011,233.0,232.0,230.0,230.0,-1.29,574.0,256.0,176.0
KBL,11/9/2011,230.0,226.0,220.0,224.0,-2.61,3688.0,256.0,176.0
KBL,11/10/2011,224.0,228.0,221.0,228.0,1.79,698.0,256.0,176.0
KBL,11/13/2011,228.0,238.0,226.0,231.0,1.32,1314.0,256.0,176.0
KBL,11/14/2011,231.0,227.0,227.0,227.0,-1.73,200.0,256.0,176.0
KBL,11/15/2011,227.0,231.0,225.0,231.0,1.76,108.0,256.0,176.0
KBL,11/17/2011,231.0,228.0,223.0,224.0,-3.03,927.0,256.0,176.0
KBL,11/20/2011,224.0,220.0,214.0,220.0,-1.79,6400.0,256.0,176.0
KBL,11/21/2011,220.0,225.0,215.0,225.0,2.27,1081.0,256.0,176.0
KBL,11/22/2011,225.0,223.0,220.0,221.0,-1.78,1456.0,256.0,176.0
KBL,11/23/2011,221.0,220.0,218.0,219.0,-0.9,527.0,256.0,176.0
KBL,11/24/2011,219.0,223.0,220.0,220.0,0.46,407.0,256.0,176.0
KBL,11/27/2011,220.0,222.0,219.0,222.0,0.91,795.0,256.0,176.0
KBL,11/28/2011,222.0,222.0,218.0,222.0,0.0,1214.0,256.0,176.0
KBL,12/1/2011,218.0,218.0,214.0,214.0,-3.6,767.0,256.0,176.0
KBL,12/4/2011,214.0,212.0,212.0,212.0,-0.93,236.0,256.0,176.0
KBL,12/5/2011,212.0,215.0,215.0,215.0,1.42,20.0,256.0,176.0
KBL,12/6/2011,215.0,219.0,215.0,219.0,1.86,132.0,256.0,176.0
KBL,12/7/2011,219.0,217.0,215.0,217.0,-0.91,632.0,256.0,176.0
KBL,12/8/2011,217.0,215.0,213.0,213.0,-1.84,1102.0,256.0,176.0
KBL,12/11/2011,213.0,217.0,213.0,215.0,0.94,823.0,256.0,176.0
KBL,12/12/2011,215.0,214.0,209.0,209.0,-2.79,498.0,256.0,176.0
KBL,12/13/2011,209.0,210.0,210.0,210.0,0.48,34.0,256.0,176.0
KBL,12/14/2011,210.0,210.0,206.0,206.0,-1.9,1479.0,256.0,176.0
KBL,12/15/2011,206.0,210.0,207.0,208.0,0.97,1222.0,256.0,176.0
KBL,12/19/2011,208.0,212.0,210.0,212.0,1.92,126.0,256.0,176.0
KBL,12/20/2011,212.0,215.0,215.0,215.0,1.42,16.0,256.0,176.0
KBL,12/21/2011,215.0,212.0,209.0,211.0,-1.86,871.0,256.0,176.0
KBL,12/22/2011,211.0,213.0,209.0,209.0,-0.95,305.0,256.0,176.0
KBL,12/26/2011,209.0,209.0,206.0,208.0,-0.48,1551.0,256.0,176.0
KBL,12/27/2011,208.0,218.0,208.0,214.0,2.88,810.0,256.0,176.0
KBL,12/28/2011,214.0,214.0,210.0,210.0,-1.87,1538.0,256.0,176.0
KBL,12/29/2011,210.0,213.0,213.0,213.0,1.43,100.0,256.0,176.0
KBL,1/1/2012,213.0,217.0,217.0,217.0,1.88,99.0,256.0,176.0
KBL,1/2/2012,217.0,224.0,219.0,224.0,3.23,187.0,256.0,176.0
KBL,1/3/2012,224.0,233.0,216.0,220.0,-1.79,1602.0,256.0,176.0
KBL,1/4/2012,220.0,222.0,218.0,222.0,0.91,100.0,256.0,176.0
KBL,1/5/2012,222.0,218.0,210.0,211.0,-4.95,2247.0,256.0,176.0
KBL,1/8/2012,211.0,219.0,205.0,215.0,1.9,3488.0,256.0,176.0
KBL,1/9/2012,215.0,223.0,216.0,222.0,3.26,952.0,256.0,176.0
KBL,1/10/2012,211.0,225.0,212.0,213.0,-4.05,871.0,256.0,176.0
KBL,1/11/2012,213.0,218.0,212.0,212.0,-0.47,1832.0,256.0,176.0
KBL,1/12/2012,212.0,228.0,215.0,215.0,1.42,1043.0,256.0,176.0
KBL,1/17/2012,215.0,211.0,200.0,200.0,-6.98,510.0,256.0,176.0
KBL,1/18/2012,200.0,204.0,198.0,204.0,2.0,400.0,256.0,176.0
KBL,1/22/2012,204.0,201.0,200.0,200.0,-1.96,240.0,256.0,176.0
KBL,1/23/2012,200.0,199.0,195.0,199.0,-0.5,610.0,256.0,176.0
KBL,1/25/2012,199.0,202.0,202.0,202.0,1.51,49.0,256.0,176.0
KBL,1/26/2012,202.0,202.0,195.0,196.0,-2.97,466.0,256.0,176.0
KBL,1/29/2012,196.0,199.0,198.0,199.0,1.53,651.0,256.0,176.0
KBL,1/31/2012,199.0,200.0,195.0,195.0,-2.01,228.0,256.0,176.0
KBL,2/1/2012,195.0,196.0,193.0,195.0,0.0,1409.0,256.0,176.0
KBL,2/2/2012,195.0,195.0,180.0,184.0,-5.64,6590.0,256.0,176.0
KBL,2/5/2012,184.0,185.0,183.0,185.0,0.54,1647.0,256.0,176.0
KBL,2/6/2012,185.0,184.0,181.0,183.0,-1.08,1995.0,256.0,176.0
KBL,2/7/2012,183.0,184.0,180.0,184.0,0.55,1172.0,256.0,176.0
KBL,2/8/2012,184.0,192.0,186.0,190.0,3.26,745.0,256.0,176.0
KBL,2/9/2012,190.0,196.0,193.0,195.0,2.63,944.0,256.0,176.0
KBL,2/12/2012,195.0,197.0,189.0,195.0,0.0,1961.0,256.0,176.0
KBL,2/13/2012,195.0,196.0,192.0,194.0,-0.51,542.0,256.0,176.0
KBL,2/14/2012,194.0,195.0,193.0,195.0,0.52,627.0,256.0,176.0
KBL,2/15/2012,195.0,192.0,189.0,189.0,-3.08,146.0,256.0,176.0
KBL,2/16/2012,189.0,187.0,185.0,186.0,-1.59,366.0,256.0,176.0
KBL,2/21/2012,186.0,185.0,185.0,185.0,-0.54,47.0,256.0,176.0
KBL,2/23/2012,185.0,188.0,185.0,185.0,0.0,287.0,256.0,176.0
KBL,2/26/2012,185.0,185.0,184.0,185.0,0.0,1046.0,256.0,176.0
KBL,2/28/2012,185.0,193.0,185.0,187.0,1.08,605.0,256.0,176.0
KBL,2/29/2012,187.0,188.0,185.0,186.0,-0.53,1119.0,256.0,176.0
KBL,3/1/2012,186.0,188.0,186.0,186.0,0.0,1529.0,256.0,176.0
KBL,3/4/2012,186.0,187.0,186.0,187.0,0.54,939.0,256.0,176.0
KBL,3/5/2012,187.0,190.0,190.0,190.0,1.6,40.0,256.0,176.0
KBL,3/6/2012,190.0,187.0,185.0,185.0,-2.63,360.0,256.0,176.0
KBL,3/11/2012,185.0,184.0,180.0,180.0,-2.7,1405.0,256.0,176.0
KBL,3/12/2012,180.0,178.0,172.0,176.0,-2.22,1729.0,256.0,176.0
KBL,3/13/2012,176.0,179.0,175.0,178.0,1.14,2482.0,256.0,176.0
KBL,3/14/2012,178.0,175.0,170.0,174.0,-2.25,1340.0,256.0,176.0
KBL,3/18/2012,174.0,172.0,164.0,168.0,-3.45,1289.0,256.0,176.0
KBL,3/19/2012,168.0,174.0,171.0,174.0,3.57,548.0,256.0,176.0
KBL,3/20/2012,174.0,171.0,170.0,170.0,-2.3,630.0,256.0,176.0
KBL,3/21/2012,170.0,172.0,169.0,169.0,-0.59,532.0,256.0,176.0
KBL,3/25/2012,169.0,168.0,163.0,165.0,-2.37,2866.0,256.0,176.0
KBL,3/26/2012,165.0,165.0,162.0,165.0,0.0,748.0,256.0,176.0
KBL,3/27/2012,165.0,165.0,163.0,163.0,-1.21,795.0,256.0,176.0
KBL,3/29/2012,163.0,166.0,166.0,166.0,1.84,73.0,256.0,176.0
KBL,4/1/2012,166.0,169.0,165.0,168.0,1.2,771.0,256.0,176.0
KBL,4/2/2012,168.0,171.0,169.0,171.0,1.79,678.0,256.0,176.0
KBL,4/3/2012,171.0,174.0,170.0,170.0,-0.58,417.0,256.0,176.0
KBL,4/4/2012,170.0,172.0,169.0,172.0,1.18,209.0,256.0,176.0
KBL,4/5/2012,172.0,172.0,169.0,171.0,-0.58,510.0,256.0,176.0
KBL,4/9/2012,171.0,174.0,172.0,172.0,0.58,924.0,256.0,176.0
KBL,4/10/2012,172.0,178.0,170.0,175.0,1.74,1004.0,256.0,176.0
KBL,4/11/2012,175.0,187.0,176.0,182.0,4.0,1156.0,256.0,176.0
KBL,4/12/2012,182.0,194.0,185.0,189.0,3.85,4530.0,256.0,176.0
KBL,4/15/2012,189.0,207.0,192.0,207.0,9.52,230.0,256.0,176.0
KBL,4/16/2012,207.0,227.0,211.0,227.0,9.66,3085.0,256.0,176.0
KBL,4/17/2012,227.0,243.0,217.0,217.0,-4.41,5925.0,256.0,176.0
KBL,4/18/2012,217.0,236.0,205.0,224.0,3.23,3687.0,256.0,176.0
KBL,4/19/2012,224.0,236.0,215.0,229.0,2.23,3239.0,256.0,176.0
KBL,4/22/2012,229.0,251.0,228.0,251.0,9.61,9337.0,256.0,176.0
KBL,4/24/2012,251.0,256.0,256.0,256.0,1.99,174.0,256.0,176.0
KBL,4/25/2012,256.0,261.0,261.0,261.0,1.95,15.0,256.0,176.0
KBL,4/26/2012,261.0,287.0,250.0,287.0,9.96,25597.0,256.0,176.0
KBL,4/29/2012,287.0,300.0,262.0,285.0,-0.7,14147.0,256.0,176.0
KBL,4/30/2012,285.0,281.0,271.0,272.0,-4.56,4435.0,256.0,176.0
KBL,5/2/2012,272.0,267.0,257.0,257.0,-5.51,147.0,256.0,176.0
KBL,5/3/2012,257.0,267.0,262.0,267.0,3.89,170.0,256.0,176.0
KBL,5/7/2012,267.0,282.0,272.0,282.0,5.62,6585.0,256.0,176.0
KBL,5/8/2012,282.0,310.0,287.0,310.0,9.93,16326.0,256.0,176.0
KBL,5/9/2012,310.0,310.0,279.0,292.0,-5.81,12468.0,256.0,176.0
KBL,5/10/2012,292.0,287.0,267.0,281.0,-3.77,4928.0,256.0,176.0
KBL,5/13/2012,281.0,276.0,253.0,254.0,-9.61,3537.0,256.0,176.0
KBL,5/14/2012,254.0,249.0,229.0,233.0,-8.27,3514.0,256.0,176.0
KBL,5/15/2012,233.0,245.0,237.0,245.0,5.15,558.0,256.0,176.0
KBL,5/17/2012,245.0,269.0,249.0,269.0,9.8,5270.0,256.0,176.0
KBL,5/20/2012,269.0,285.0,254.0,271.0,0.74,6991.0,256.0,176.0
KBL,5/21/2012,271.0,283.0,263.0,276.0,1.85,4919.0,256.0,176.0
KBL,5/22/2012,276.0,274.0,266.0,266.0,-3.62,1603.0,256.0,176.0
KBL,5/23/2012,266.0,261.0,240.0,241.0,-9.4,1896.0,256.0,176.0
KBL,5/24/2012,241.0,263.0,237.0,261.0,8.3,3712.0,256.0,176.0
KBL,5/27/2012,261.0,287.0,266.0,275.0,5.36,3385.0,256.0,176.0
KBL,5/29/2012,275.0,270.0,248.0,248.0,-9.82,97.0,256.0,176.0
KBL,5/30/2012,248.0,244.0,224.0,224.0,-9.68,184.0,256.0,176.0
KBL,5/31/2012,224.0,230.0,204.0,226.0,0.89,8028.0,256.0,176.0
KBL,6/3/2012,226.0,248.0,230.0,246.0,8.85,3352.0,256.0,176.0
KBL,6/4/2012,246.0,247.0,233.0,233.0,-5.28,2013.0,256.0,176.0
KBL,6/5/2012,233.0,237.0,227.0,228.0,-2.15,1202.0,256.0,176.0
KBL,6/6/2012,228.0,224.0,215.0,218.0,-4.39,1476.0,256.0,176.0
KBL,6/7/2012,218.0,233.0,218.0,230.0,5.5,2250.0,256.0,176.0
KBL,6/10/2012,230.0,226.0,216.0,217.0,-5.65,675.0,256.0,176.0
KBL,6/11/2012,217.0,225.0,219.0,220.0,1.38,1219.0,256.0,176.0
KBL,6/12/2012,220.0,224.0,216.0,224.0,1.82,520.0,256.0,176.0
KBL,6/13/2012,224.0,223.0,219.0,222.0,-0.89,1541.0,256.0,176.0
KBL,6/14/2012,222.0,224.0,218.0,223.0,0.45,1135.0,256.0,176.0
KBL,6/17/2012,223.0,220.0,212.0,214.0,-4.04,1803.0,256.0,176.0
KBL,6/18/2012,214.0,222.0,212.0,222.0,3.74,1005.0,256.0,176.0
KBL,6/19/2012,222.0,226.0,219.0,226.0,1.8,335.0,256.0,176.0
KBL,6/20/2012,226.0,234.0,222.0,224.0,-0.88,802.0,256.0,176.0
KBL,6/21/2012,224.0,227.0,219.0,225.0,0.45,720.0,256.0,176.0
KBL,6/25/2012,225.0,237.0,222.0,237.0,5.33,3830.0,256.0,176.0
KBL,6/26/2012,237.0,233.0,233.0,233.0,-1.69,11.0,256.0,176.0
KBL,6/27/2012,233.0,234.0,226.0,234.0,0.43,1237.0,256.0,176.0
KBL,6/28/2012,234.0,236.0,230.0,234.0,0.0,1171.0,256.0,176.0
KBL,7/1/2012,234.0,235.0,222.0,222.0,-5.13,1382.0,256.0,176.0
KBL,7/2/2012,222.0,223.0,212.0,223.0,0.45,8469.0,256.0,176.0
KBL,7/3/2012,223.0,222.0,219.0,222.0,-0.45,1273.0,256.0,176.0
KBL,7/4/2012,222.0,229.0,226.0,229.0,3.15,479.0,256.0,176.0
KBL,7/5/2012,229.0,232.0,221.0,221.0,-3.49,4563.0,256.0,176.0
KBL,7/8/2012,221.0,233.0,225.0,225.0,1.81,1125.0,256.0,176.0
KBL,7/9/2012,225.0,227.0,221.0,221.0,-1.78,1167.0,256.0,176.0
KBL,7/10/2012,221.0,230.0,225.0,228.0,3.17,2966.0,256.0,176.0
KBL,7/11/2012,228.0,228.0,224.0,224.0,-1.75,1252.0,256.0,176.0
KBL,7/12/2012,224.0,228.0,224.0,224.0,0.0,575.0,256.0,176.0
KBL,7/15/2012,224.0,246.0,228.0,242.0,8.04,1889.0,256.0,176.0
KBL,7/16/2012,242.0,238.0,226.0,227.0,-6.2,1070.0,256.0,176.0
KBL,7/17/2012,227.0,230.0,224.0,226.0,-0.44,1761.0,256.0,176.0
KBL,7/18/2012,226.0,233.0,228.0,233.0,3.1,2928.0,256.0,176.0
KBL,7/19/2012,233.0,242.0,228.0,230.0,-1.29,6757.0,256.0,176.0
KBL,7/22/2012,230.0,253.0,234.0,242.0,5.22,6412.0,256.0,176.0
KBL,7/23/2012,242.0,259.0,246.0,250.0,3.31,7189.0,256.0,176.0
KBL,7/24/2012,250.0,247.0,239.0,240.0,-4.0,396.0,256.0,176.0
KBL,7/25/2012,240.0,246.0,241.0,241.0,0.42,6446.0,256.0,176.0
KBL,7/26/2012,241.0,240.0,237.0,240.0,-0.41,1035.0,256.0,176.0
KBL,7/29/2012,240.0,238.0,234.0,234.0,-2.5,225.0,256.0,176.0
KBL,7/30/2012,234.0,238.0,231.0,238.0,1.71,840.0,256.0,176.0
KBL,7/31/2012,238.0,243.0,240.0,241.0,1.26,1799.0,256.0,176.0
KBL,8/1/2012,241.0,247.0,240.0,245.0,1.66,3011.0,256.0,176.0
KBL,8/5/2012,245.0,246.0,246.0,246.0,0.41,100.0,256.0,176.0
KBL,8/6/2012,246.0,251.0,245.0,245.0,-0.41,1260.0,256.0,176.0
KBL,8/7/2012,245.0,249.0,241.0,249.0,1.63,3322.0,256.0,176.0
KBL,8/8/2012,249.0,246.0,238.0,241.0,-3.21,2344.0,256.0,176.0
KBL,8/12/2012,241.0,240.0,231.0,231.0,-4.15,936.0,256.0,176.0
KBL,8/13/2012,231.0,243.0,234.0,240.0,3.9,5554.0,256.0,176.0
KBL,8/14/2012,240.0,236.0,227.0,230.0,-4.17,1836.0,256.0,176.0
KBL,8/15/2012,230.0,230.0,222.0,230.0,0.0,1135.0,256.0,176.0
KBL,8/16/2012,230.0,237.0,231.0,237.0,3.04,1985.0,256.0,176.0
KBL,8/19/2012,237.0,234.0,232.0,232.0,-2.11,400.0,256.0,176.0
KBL,8/21/2012,232.0,230.0,229.0,229.0,-1.29,844.0,256.0,176.0
KBL,8/22/2012,229.0,232.0,225.0,230.0,0.44,2008.0,256.0,176.0
KBL,8/23/2012,230.0,230.0,227.0,227.0,-1.3,1317.0,256.0,176.0
KBL,8/26/2012,227.0,230.0,223.0,226.0,-0.44,1468.0,256.0,176.0
KBL,8/27/2012,226.0,242.0,227.0,238.0,5.31,5152.0,256.0,176.0
KBL,8/28/2012,238.0,238.0,234.0,238.0,0.0,4045.0,256.0,176.0
KBL,8/29/2012,238.0,242.0,238.0,240.0,0.84,1411.0,256.0,176.0
KBL,8/30/2012,240.0,240.0,236.0,239.0,-0.42,1394.0,256.0,176.0
KBL,9/2/2012,239.0,248.0,239.0,244.0,2.09,2454.0,256.0,176.0
KBL,9/3/2012,244.0,250.0,244.0,247.0,1.23,2990.0,256.0,176.0
KBL,9/4/2012,247.0,245.0,240.0,244.0,-1.21,1722.0,256.0,176.0
KBL,9/5/2012,244.0,240.0,240.0,240.0,-1.64,224.0,256.0,176.0
KBL,9/6/2012,240.0,242.0,238.0,242.0,0.83,899.0,256.0,176.0
KBL,9/9/2012,242.0,242.0,238.0,239.0,-1.24,548.0,256.0,176.0
KBL,9/10/2012,239.0,238.0,236.0,238.0,-0.42,890.0,256.0,176.0
KBL,9/11/2012,238.0,241.0,238.0,238.0,0.0,411.0,256.0,176.0
KBL,9/12/2012,238.0,238.0,234.0,238.0,0.0,2213.0,256.0,176.0
KBL,9/13/2012,238.0,246.0,236.0,240.0,0.84,789.0,256.0,176.0
KBL,9/16/2012,240.0,243.0,239.0,243.0,1.25,2508.0,256.0,176.0
KBL,9/17/2012,243.0,246.0,243.0,244.0,0.41,1517.0,256.0,176.0
KBL,9/18/2012,244.0,251.0,244.0,244.0,0.0,3860.0,256.0,176.0
KBL,9/19/2012,244.0,243.0,240.0,243.0,-0.41,798.0,256.0,176.0
KBL,9/20/2012,243.0,240.0,235.0,240.0,-1.23,1810.0,256.0,176.0
KBL,9/23/2012,240.0,240.0,232.0,234.0,-2.5,759.0,256.0,176.0
KBL,9/24/2012,234.0,231.0,230.0,230.0,-1.71,645.0,256.0,176.0
KBL,9/25/2012,230.0,235.0,234.0,235.0,2.17,1757.0,256.0,176.0
KBL,9/26/2012,235.0,237.0,235.0,237.0,0.85,1937.0,256.0,176.0
KBL,9/30/2012,235.0,235.0,231.0,234.0,-1.27,995.0,256.0,176.0
KBL,10/1/2012,234.0,236.0,230.0,233.0,-0.43,4663.0,256.0,176.0
KBL,10/2/2012,233.0,236.0,234.0,236.0,1.29,3342.0,256.0,176.0
KBL,10/3/2012,236.0,238.0,234.0,236.0,0.0,5770.0,256.0,176.0
KBL,10/4/2012,236.0,235.0,232.0,234.0,-0.85,1394.0,256.0,176.0
KBL,10/7/2012,234.0,237.0,230.0,230.0,-1.71,5071.0,256.0,176.0
KBL,10/8/2012,230.0,238.0,234.0,235.0,2.17,1184.0,256.0,176.0
KBL,10/9/2012,235.0,242.0,235.0,241.0,2.55,1488.0,256.0,176.0
KBL,10/10/2012,241.0,239.0,237.0,237.0,-1.66,686.0,256.0,176.0
KBL,10/11/2012,237.0,235.0,234.0,235.0,-0.84,885.0,256.0,176.0
KBL,10/14/2012,235.0,236.0,233.0,235.0,0.0,1783.0,256.0,176.0
KBL,10/15/2012,235.0,235.0,231.0,233.0,-0.85,1604.0,256.0,176.0
KBL,10/17/2012,233.0,239.0,233.0,239.0,2.58,2220.0,256.0,176.0
KBL,10/18/2012,239.0,243.0,242.0,243.0,1.67,343.0,256.0,176.0
KBL,10/30/2012,243.0,253.0,246.0,252.0,3.7,2870.0,256.0,176.0
KBL,10/31/2012,252.0,262.0,249.0,250.0,-0.79,2623.0,256.0,176.0
KBL,11/1/2012,250.0,252.0,250.0,250.0,0.0,1899.0,256.0,176.0
KBL,11/4/2012,250.0,255.0,250.0,254.0,1.6,2200.0,256.0,176.0
KBL,11/5/2012,254.0,263.0,255.0,259.0,1.97,6450.0,256.0,176.0
KBL,11/6/2012,259.0,265.0,255.0,265.0,2.32,4812.0,256.0,176.0
KBL,11/7/2012,265.0,282.0,267.0,273.0,3.02,5445.0,256.0,176.0
KBL,11/8/2012,273.0,283.0,268.0,275.0,0.73,6912.0,256.0,176.0
KBL,11/11/2012,275.0,275.0,260.0,260.0,-5.45,4820.0,256.0,176.0
KBL,11/12/2012,260.0,272.0,253.0,269.0,3.46,6807.0,256.0,176.0
KBL,11/18/2012,269.0,295.0,270.0,283.0,5.2,6896.0,256.0,176.0
KBL,11/20/2012,283.0,295.0,282.0,290.0,2.47,8997.0,256.0,176.0
KBL,11/21/2012,290.0,286.0,276.0,284.0,-2.07,11514.0,256.0,176.0
KBL,11/22/2012,284.0,282.0,272.0,280.0,-1.41,3878.0,256.0,176.0
KBL,11/25/2012,280.0,285.0,273.0,275.0,-1.79,6951.0,256.0,176.0
KBL,11/26/2012,275.0,275.0,265.0,273.0,-0.73,2945.0,256.0,176.0
KBL,11/27/2012,273.0,275.0,268.0,275.0,0.73,3154.0,256.0,176.0
KBL,11/28/2012,275.0,272.0,267.0,270.0,-1.82,1192.0,256.0,176.0
KBL,11/29/2012,270.0,267.0,266.0,266.0,-1.48,151.0,256.0,176.0
KBL,12/2/2012,266.0,261.0,250.0,251.0,-5.64,3820.0,256.0,176.0
KBL,12/3/2012,251.0,250.0,240.0,240.0,-4.38,3129.0,256.0,176.0
KBL,12/4/2012,240.0,262.0,244.0,257.0,7.08,3130.0,256.0,176.0
KBL,12/5/2012,257.0,268.0,258.0,268.0,4.28,3014.0,256.0,176.0
KBL,12/6/2012,268.0,263.0,255.0,263.0,-1.87,1999.0,256.0,176.0
KBL,12/9/2012,263.0,265.0,255.0,255.0,-3.04,777.0,256.0,176.0
KBL,12/10/2012,255.0,255.0,245.0,254.0,-0.39,1029.0,256.0,176.0
KBL,12/11/2012,254.0,264.0,252.0,252.0,-0.79,868.0,256.0,176.0
KBL,12/12/2012,252.0,257.0,253.0,257.0,1.98,1919.0,256.0,176.0
KBL,12/13/2012,257.0,255.0,253.0,254.0,-1.17,438.0,256.0,176.0
KBL,12/16/2012,254.0,270.0,259.0,270.0,6.3,3546.0,256.0,176.0
KBL,12/17/2012,270.0,280.0,264.0,264.0,-2.22,4049.0,256.0,176.0
KBL,12/18/2012,264.0,269.0,257.0,265.0,0.38,3676.0,256.0,176.0
KBL,12/19/2012,265.0,275.0,260.0,266.0,0.38,4054.0,256.0,176.0
KBL,12/20/2012,266.0,279.0,266.0,276.0,3.76,12985.0,256.0,176.0
KBL,12/23/2012,276.0,280.0,275.0,275.0,-0.36,2928.0,256.0,176.0
KBL,12/24/2012,275.0,285.0,280.0,280.0,1.82,4799.0,256.0,176.0
KBL,12/26/2012,280.0,295.0,284.0,290.0,3.57,11941.0,256.0,176.0
KBL,12/27/2012,290.0,301.0,295.0,300.0,3.45,6698.0,256.0,176.0
KBL,12/31/2012,300.0,294.0,277.0,281.0,-6.33,1554.0,256.0,176.0
KBL,1/1/2013,281.0,285.0,280.0,282.0,0.36,2487.0,256.0,176.0
KBL,1/2/2013,282.0,281.0,273.0,281.0,-0.35,1827.0,256.0,176.0
KBL,1/3/2013,281.0,285.0,280.0,283.0,0.71,1500.0,256.0,176.0
KBL,1/6/2013,283.0,282.0,276.0,282.0,-0.35,1771.0,256.0,176.0
KBL,1/7/2013,282.0,280.0,270.0,271.0,-3.9,3082.0,256.0,176.0
KBL,1/8/2013,271.0,270.0,267.0,267.0,-1.48,159.0,256.0,176.0
KBL,1/9/2013,267.0,273.0,270.0,273.0,2.25,591.0,256.0,176.0
KBL,1/10/2013,273.0,273.0,270.0,273.0,0.0,416.0,256.0,176.0
KBL,1/13/2013,273.0,274.0,265.0,274.0,0.37,521.0,256.0,176.0
KBL,1/15/2013,274.0,273.0,267.0,273.0,-0.36,2195.0,256.0,176.0
KBL,1/16/2013,273.0,273.0,267.0,273.0,0.0,2366.0,256.0,176.0
KBL,1/17/2013,273.0,280.0,265.0,265.0,-2.93,1635.0,256.0,176.0
KBL,1/20/2013,265.0,260.0,251.0,253.0,-4.53,917.0,256.0,176.0
KBL,1/21/2013,253.0,269.0,257.0,263.0,3.95,1632.0,256.0,176.0
KBL,1/22/2013,263.0,268.0,260.0,262.0,-0.38,1823.0,256.0,176.0
KBL,1/23/2013,262.0,261.0,259.0,259.0,-1.15,1637.0,256.0,176.0
KBL,1/27/2013,259.0,260.0,254.0,260.0,0.39,430.0,256.0,176.0
KBL,1/28/2013,260.0,255.0,250.0,250.0,-3.85,378.0,256.0,176.0
KBL,1/30/2013,250.0,255.0,246.0,250.0,0.0,839.0,256.0,176.0
KBL,1/31/2013,250.0,253.0,248.0,251.0,0.4,2797.0,256.0,176.0
KBL,2/3/2013,251.0,260.0,250.0,260.0,3.59,392.0,256.0,176.0
KBL,2/4/2013,260.0,260.0,260.0,260.0,0.0,230.0,256.0,176.0
KBL,2/5/2013,260.0,260.0,260.0,260.0,0.0,200.0,256.0,176.0
KBL,2/7/2013,260.0,261.0,259.0,261.0,0.38,1096.0,256.0,176.0
KBL,2/10/2013,261.0,262.0,260.0,260.0,-0.38,550.0,256.0,176.0
KBL,2/12/2013,260.0,283.0,265.0,280.0,7.69,1882.0,256.0,176.0
KBL,2/13/2013,280.0,277.0,275.0,277.0,-1.07,444.0,256.0,176.0
KBL,2/14/2013,277.0,287.0,277.0,280.0,1.08,1895.0,256.0,176.0
KBL,2/17/2013,280.0,300.0,285.0,300.0,7.14,212.0,256.0,176.0
KBL,2/19/2013,300.0,312.0,290.0,291.0,-3.0,2914.0,256.0,176.0
KBL,2/20/2013,291.0,287.0,283.0,287.0,-1.37,1760.0,256.0,176.0
KBL,2/21/2013,287.0,289.0,285.0,285.0,-0.7,31789.0,256.0,176.0
KBL,2/24/2013,285.0,281.0,280.0,281.0,-1.4,226.0,256.0,176.0
KBL,2/25/2013,281.0,291.0,284.0,288.0,2.49,2263.0,256.0,176.0
KBL,2/26/2013,288.0,292.0,284.0,284.0,-1.39,1159.0,256.0,176.0
KBL,2/27/2013,284.0,283.0,276.0,281.0,-1.06,4762.0,256.0,176.0
KBL,2/28/2013,281.0,286.0,276.0,286.0,1.78,1002.0,256.0,176.0
KBL,3/3/2013,286.0,289.0,284.0,289.0,1.05,3514.0,256.0,176.0
KBL,3/4/2013,289.0,285.0,281.0,282.0,-2.42,5880.0,256.0,176.0
KBL,3/5/2013,282.0,282.0,277.0,281.0,-0.35,2844.0,256.0,176.0
KBL,3/6/2013,281.0,290.0,277.0,280.0,-0.36,8236.0,256.0,176.0
KBL,3/7/2013,280.0,284.0,279.0,284.0,1.43,6013.0,256.0,176.0
KBL,3/11/2013,284.0,289.0,285.0,289.0,1.76,4630.0,256.0,176.0
KBL,3/13/2013,289.0,300.0,290.0,300.0,3.81,5468.0,256.0,176.0
KBL,3/14/2013,300.0,306.0,294.0,298.0,-0.67,6189.0,256.0,176.0
KBL,3/17/2013,298.0,293.0,283.0,288.0,-3.36,1907.0,256.0,176.0
KBL,3/18/2013,288.0,288.0,283.0,284.0,-1.39,11038.0,256.0,176.0
KBL,3/19/2013,284.0,294.0,288.0,288.0,1.41,770.0,256.0,176.0
KBL,3/20/2013,288.0,290.0,284.0,284.0,-1.39,2559.0,256.0,176.0
KBL,3/21/2013,284.0,284.0,279.0,281.0,-1.06,2484.0,256.0,176.0
KBL,3/24/2013,281.0,278.0,273.0,273.0,-2.85,411.0,256.0,176.0
KBL,3/25/2013,273.0,280.0,275.0,276.0,1.1,2209.0,256.0,176.0
KBL,3/27/2013,276.0,275.0,271.0,275.0,-0.36,6549.0,256.0,176.0
KBL,3/28/2013,275.0,280.0,275.0,277.0,0.73,996.0,256.0,176.0
KBL,3/31/2013,277.0,272.0,268.0,270.0,-2.53,2955.0,256.0,176.0
KBL,4/1/2013,270.0,275.0,265.0,275.0,1.85,1606.0,256.0,176.0
KBL,4/2/2013,275.0,283.0,275.0,283.0,2.91,1076.0,256.0,176.0
KBL,4/3/2013,283.0,279.0,275.0,275.0,-2.83,1242.0,256.0,176.0
KBL,4/4/2013,275.0,275.0,273.0,273.0,-0.73,4337.0,256.0,176.0
KBL,4/7/2013,273.0,279.0,273.0,279.0,2.2,1500.0,256.0,176.0
KBL,4/8/2013,279.0,278.0,275.0,278.0,-0.36,2033.0,256.0,176.0
KBL,4/9/2013,278.0,288.0,275.0,288.0,3.6,4085.0,256.0,176.0
KBL,4/11/2013,288.0,289.0,280.0,280.0,-2.78,1327.0,256.0,176.0
KBL,4/15/2013,280.0,280.0,280.0,280.0,0.0,1251.0,256.0,176.0
KBL,4/16/2013,280.0,278.0,273.0,275.0,-1.79,3642.0,256.0,176.0
KBL,4/17/2013,275.0,274.0,270.0,273.0,-0.73,1468.0,256.0,176.0
KBL,4/18/2013,273.0,276.0,270.0,276.0,1.1,2817.0,256.0,176.0
KBL,4/21/2013,276.0,271.0,266.0,269.0,-2.54,1663.0,256.0,176.0
KBL,4/22/2013,269.0,264.0,259.0,262.0,-2.6,775.0,256.0,176.0
KBL,4/23/2013,262.0,269.0,266.0,267.0,1.91,2628.0,256.0,176.0
KBL,4/25/2013,267.0,266.0,263.0,266.0,-0.37,709.0,256.0,176.0
KBL,4/28/2013,266.0,271.0,260.0,260.0,-2.26,1011.0,256.0,176.0
KBL,4/29/2013,260.0,264.0,255.0,259.0,-0.38,4158.0,256.0,176.0
KBL,4/30/2013,259.0,262.0,257.0,260.0,0.39,1435.0,256.0,176.0
KBL,5/2/2013,260.0,263.0,252.0,254.0,-2.31,1324.0,256.0,176.0
KBL,5/5/2013,254.0,251.0,250.0,250.0,-1.57,950.0,256.0,176.0
KBL,5/6/2013,250.0,246.0,246.0,246.0,-1.6,111.0,256.0,176.0
KBL,5/7/2013,246.0,255.0,246.0,255.0,3.66,369.0,256.0,176.0
KBL,5/8/2013,255.0,255.0,252.0,253.0,-0.78,538.0,256.0,176.0
KBL,5/9/2013,253.0,254.0,254.0,254.0,0.4,1224.0,256.0,176.0
KBL,5/12/2013,254.0,255.0,249.0,255.0,0.39,1553.0,256.0,176.0
KBL,5/13/2013,255.0,265.0,258.0,264.0,3.53,1549.0,256.0,176.0
KBL,5/14/2013,264.0,272.0,268.0,272.0,3.03,899.0,256.0,176.0
KBL,5/15/2013,272.0,275.0,265.0,270.0,-0.74,2836.0,256.0,176.0
KBL,5/16/2013,270.0,277.0,270.0,270.0,0.0,4958.0,256.0,176.0
KBL,5/19/2013,270.0,265.0,260.0,264.0,-2.22,749.0,256.0,176.0
KBL,5/20/2013,264.0,265.0,264.0,265.0,0.38,575.0,256.0,176.0
KBL,5/21/2013,265.0,267.0,265.0,265.0,0.0,541.0,256.0,176.0
KBL,5/22/2013,265.0,260.0,255.0,260.0,-1.89,2300.0,256.0,176.0
KBL,5/23/2013,260.0,260.0,257.0,257.0,-1.15,238.0,256.0,176.0
KBL,5/26/2013,257.0,260.0,254.0,260.0,1.17,359.0,256.0,176.0
KBL,5/27/2013,260.0,262.0,258.0,261.0,0.38,1664.0,256.0,176.0
KBL,5/28/2013,261.0,261.0,260.0,260.0,-0.38,869.0,256.0,176.0
KBL,5/30/2013,260.0,262.0,257.0,259.0,-0.38,1023.0,256.0,176.0
KBL,6/2/2013,259.0,258.0,245.0,247.0,-4.63,6921.0,256.0,176.0
KBL,6/3/2013,247.0,252.0,250.0,252.0,2.02,634.0,256.0,176.0
KBL,6/4/2013,252.0,254.0,249.0,250.0,-0.79,7882.0,256.0,176.0
KBL,6/5/2013,250.0,254.0,250.0,250.0,0.0,2171.0,256.0,176.0
KBL,6/6/2013,250.0,250.0,250.0,250.0,0.0,1818.0,256.0,176.0
KBL,6/9/2013,250.0,254.0,250.0,251.0,0.4,1197.0,256.0,176.0
KBL,6/10/2013,251.0,250.0,245.0,250.0,-0.4,3116.0,256.0,176.0
KBL,6/12/2013,250.0,253.0,248.0,248.0,-0.8,3080.0,256.0,176.0
KBL,6/13/2013,248.0,250.0,247.0,248.0,0.0,2044.0,256.0,176.0
KBL,6/16/2013,248.0,252.0,252.0,252.0,1.61,187.0,256.0,176.0
KBL,6/17/2013,252.0,249.0,248.0,248.0,-1.59,241.0,256.0,176.0
KBL,6/18/2013,248.0,249.0,243.0,246.0,-0.81,1084.0,256.0,176.0
KBL,6/20/2013,246.0,247.0,245.0,245.0,-0.41,1016.0,256.0,176.0
KBL,6/23/2013,245.0,246.0,241.0,246.0,0.41,296.0,256.0,176.0
KBL,6/24/2013,246.0,248.0,245.0,246.0,0.0,655.0,256.0,176.0
KBL,6/25/2013,246.0,255.0,250.0,252.0,2.44,2085.0,256.0,176.0
KBL,6/26/2013,252.0,258.0,252.0,255.0,1.19,3992.0,256.0,176.0
KBL,6/27/2013,255.0,258.0,250.0,258.0,1.18,2040.0,256.0,176.0
KBL,6/30/2013,258.0,253.0,253.0,253.0,-1.94,100.0,256.0,176.0
KBL,7/1/2013,253.0,258.0,251.0,258.0,1.98,423.0,256.0,176.0
KBL,7/2/2013,258.0,254.0,247.0,247.0,-4.26,1528.0,256.0,176.0
KBL,7/3/2013,247.0,251.0,249.0,249.0,0.81,560.0,256.0,176.0
KBL,7/4/2013,249.0,250.0,242.0,246.0,-1.2,2027.0,256.0,176.0
KBL,7/7/2013,246.0,249.0,243.0,249.0,1.22,1147.0,256.0,176.0
KBL,7/8/2013,249.0,252.0,250.0,250.0,0.4,763.0,256.0,176.0
KBL,7/9/2013,250.0,254.0,249.0,249.0,-0.4,1739.0,256.0,176.0
KBL,7/10/2013,249.0,255.0,250.0,253.0,1.61,3584.0,256.0,176.0
KBL,7/11/2013,253.0,250.0,250.0,250.0,-1.19,1088.0,256.0,176.0
KBL,7/14/2013,250.0,260.0,255.0,255.0,2.0,1150.0,256.0,176.0
KBL,7/15/2013,255.0,260.0,260.0,260.0,1.96,100.0,256.0,176.0
KBL,7/16/2013,260.0,256.0,255.0,255.0,-1.92,402.0,256.0,176.0
KBL,7/17/2013,255.0,255.0,253.0,255.0,0.0,416.0,256.0,176.0
KBL,7/18/2013,255.0,263.0,258.0,263.0,3.14,3319.0,256.0,176.0
KBL,7/21/2013,263.0,283.0,262.0,279.0,6.08,9287.0,256.0,176.0
KBL,7/22/2013,279.0,290.0,270.0,285.0,2.15,19448.0,256.0,176.0
KBL,7/23/2013,285.0,296.0,285.0,296.0,3.86,21924.0,256.0,176.0
KBL,7/24/2013,296.0,295.0,290.0,291.0,-1.69,3225.0,256.0,176.0
KBL,7/25/2013,291.0,292.0,285.0,290.0,-0.34,4578.0,256.0,176.0
KBL,7/28/2013,290.0,298.0,286.0,295.0,1.72,16862.0,256.0,176.0
KBL,7/29/2013,295.0,300.0,292.0,296.0,0.34,7384.0,256.0,176.0
KBL,7/30/2013,296.0,301.0,297.0,299.0,1.01,9875.0,256.0,176.0
KBL,7/31/2013,299.0,312.0,304.0,312.0,4.35,22715.0,256.0,176.0
KBL,8/1/2013,312.0,318.0,310.0,318.0,1.92,22327.0,256.0,176.0
KBL,8/4/2013,318.0,317.0,307.0,316.0,-0.63,17385.0,256.0,176.0
KBL,8/5/2013,316.0,310.0,294.0,300.0,-5.06,23968.0,256.0,176.0
KBL,8/6/2013,300.0,309.0,284.0,300.0,0.0,8186.0,256.0,176.0
KBL,8/7/2013,300.0,306.0,300.0,301.0,0.33,8502.0,256.0,176.0
KBL,8/8/2013,301.0,302.0,299.0,300.0,-0.33,5980.0,256.0,176.0
KBL,8/11/2013,300.0,297.0,294.0,297.0,-1.0,1865.0,256.0,176.0
KBL,8/12/2013,297.0,303.0,300.0,300.0,1.01,3703.0,256.0,176.0
KBL,8/13/2013,300.0,306.0,301.0,303.0,1.0,8006.0,256.0,176.0
KBL,8/14/2013,303.0,306.0,294.0,297.0,-1.98,16848.0,256.0,176.0
KBL,8/15/2013,297.0,304.0,299.0,299.0,0.67,11894.0,256.0,176.0
KBL,8/18/2013,299.0,305.0,299.0,300.0,0.33,9147.0,256.0,176.0
KBL,8/19/2013,300.0,316.0,301.0,315.0,5.0,20268.0,256.0,176.0
KBL,8/20/2013,315.0,334.0,316.0,327.0,3.81,31326.0,256.0,176.0
KBL,8/25/2013,327.0,333.0,324.0,327.0,0.0,28628.0,256.0,176.0
KBL,8/26/2013,327.0,331.0,323.0,327.0,0.0,23999.0,256.0,176.0
KBL,8/27/2013,327.0,331.0,325.0,330.0,0.92,38953.0,256.0,176.0
KBL,8/29/2013,330.0,330.0,320.0,326.0,-1.21,33042.0,256.0,176.0
KBL,9/1/2013,326.0,326.0,315.0,325.0,-0.31,27718.0,256.0,176.0
KBL,9/2/2013,325.0,325.0,318.0,318.0,-2.15,35721.0,256.0,176.0
KBL,9/3/2013,318.0,320.0,297.0,312.0,-1.89,63945.0,256.0,176.0
KBL,9/4/2013,312.0,316.0,301.0,306.0,-1.92,88878.0,256.0,176.0
KBL,9/5/2013,306.0,311.0,300.0,307.0,0.33,59861.0,256.0,176.0
KBL,9/8/2013,307.0,312.0,302.0,308.0,0.33,19410.0,256.0,176.0
KBL,9/9/2013,308.0,311.0,305.0,306.0,-0.65,11523.0,256.0,176.0
KBL,9/10/2013,306.0,310.0,301.0,305.0,-0.33,8046.0,256.0,176.0
KBL,9/11/2013,305.0,310.0,300.0,305.0,0.0,4395.0,256.0,176.0
KBL,9/12/2013,305.0,311.0,302.0,306.0,0.33,2762.0,256.0,176.0
KBL,9/15/2013,306.0,312.0,301.0,301.0,-1.63,1124.0,256.0,176.0
KBL,9/16/2013,301.0,301.0,279.0,279.0,-7.31,17522.0,256.0,176.0
KBL,9/17/2013,279.0,302.0,284.0,295.0,5.73,14692.0,256.0,176.0
KBL,9/19/2013,295.0,290.0,281.0,283.0,-4.07,13543.0,256.0,176.0
KBL,9/22/2013,283.0,288.0,280.0,284.0,0.35,5892.0,256.0,176.0
KBL,9/23/2013,284.0,282.0,280.0,280.0,-1.41,6875.0,256.0,176.0
KBL,9/24/2013,280.0,295.0,280.0,292.0,4.29,2195.0,256.0,176.0
KBL,9/25/2013,292.0,291.0,282.0,290.0,-0.68,4039.0,256.0,176.0
KBL,9/26/2013,290.0,292.0,285.0,289.0,-0.34,5185.0,256.0,176.0
KBL,9/29/2013,289.0,294.0,282.0,285.0,-1.38,21236.0,256.0,176.0
KBL,9/30/2013,285.0,291.0,284.0,285.0,0.0,6253.0,256.0,176.0
KBL,10/1/2013,285.0,287.0,285.0,286.0,0.35,597.0,256.0,176.0
KBL,10/2/2013,286.0,286.0,283.0,285.0,-0.35,481.0,256.0,176.0
KBL,10/3/2013,285.0,288.0,283.0,287.0,0.7,9644.0,256.0,176.0
KBL,10/6/2013,287.0,292.0,285.0,290.0,1.05,22434.0,256.0,176.0
KBL,10/7/2013,290.0,298.0,293.0,295.0,1.72,3543.0,256.0,176.0
KBL,10/8/2013,295.0,300.0,295.0,295.0,0.0,12915.0,256.0,176.0
KBL,10/9/2013,295.0,302.0,300.0,300.0,1.69,2604.0,256.0,176.0
KBL,10/10/2013,300.0,311.0,301.0,301.0,0.33,1018.0,256.0,176.0
KBL,10/17/2013,301.0,302.0,301.0,301.0,0.0,2500.0,256.0,176.0
KBL,10/20/2013,301.0,315.0,307.0,313.0,3.99,6151.0,256.0,176.0
KBL,10/21/2013,313.0,319.0,305.0,305.0,-2.56,9152.0,256.0,176.0
KBL,10/22/2013,305.0,310.0,304.0,304.0,-0.33,7988.0,256.0,176.0
KBL,10/23/2013,304.0,304.0,295.0,301.0,-0.99,13790.0,256.0,176.0
KBL,10/24/2013,301.0,301.0,295.0,300.0,-0.33,2683.0,256.0,176.0
KBL,10/27/2013,300.0,298.0,293.0,293.0,-2.33,4310.0,256.0,176.0
KBL,10/28/2013,293.0,300.0,292.0,300.0,2.39,3145.0,256.0,176.0
KBL,10/29/2013,300.0,296.0,291.0,295.0,-1.67,4210.0,256.0,176.0
KBL,10/30/2013,295.0,300.0,295.0,299.0,1.36,5608.0,256.0,176.0
KBL,10/31/2013,299.0,300.0,295.0,300.0,0.33,4365.0,256.0,176.0
KBL,11/6/2013,300.0,300.0,298.0,298.0,-0.67,202.0,256.0,176.0
KBL,11/7/2013,298.0,300.0,295.0,295.0,-1.01,4484.0,256.0,176.0
KBL,11/11/2013,293.0,302.0,295.0,302.0,2.37,18554.0,256.0,176.0
KBL,11/12/2013,302.0,312.0,296.0,308.0,1.99,11492.0,256.0,176.0
KBL,11/13/2013,308.0,314.0,296.0,314.0,1.95,22859.0,256.0,176.0
KBL,11/14/2013,314.0,310.0,304.0,309.0,-1.59,25646.0,256.0,176.0
KBL,11/21/2013,309.0,333.0,315.0,333.0,7.77,1243.0,256.0,176.0
KBL,11/24/2013,333.0,366.0,330.0,344.0,3.3,33424.0,256.0,176.0
KBL,11/25/2013,344.0,350.0,325.0,327.0,-4.94,14871.0,256.0,176.0
KBL,11/26/2013,327.0,339.0,325.0,325.0,-0.61,15410.0,256.0,176.0
KBL,11/27/2013,325.0,335.0,326.0,330.0,1.54,20561.0,256.0,176.0
KBL,11/28/2013,330.0,334.0,325.0,329.0,-0.3,13838.0,256.0,176.0
KBL,12/1/2013,329.0,336.0,328.0,329.0,0.0,20112.0,256.0,176.0
KBL,12/2/2013,329.0,351.0,334.0,350.0,6.38,59468.0,256.0,176.0
KBL,12/3/2013,350.0,367.0,348.0,363.0,3.71,53493.0,256.0,176.0
KBL,12/4/2013,363.0,399.0,370.0,399.0,9.92,31357.0,256.0,176.0
KBL,12/5/2013,399.0,428.0,388.0,399.0,0.0,36699.0,256.0,176.0
KBL,12/8/2013,399.0,413.0,396.0,404.0,1.25,31924.0,256.0,176.0
KBL,12/9/2013,404.0,410.0,399.0,410.0,1.49,29606.0,256.0,176.0
KBL,12/10/2013,410.0,425.0,405.0,423.0,3.17,56192.0,256.0,176.0
KBL,12/11/2013,423.0,460.0,431.0,450.0,6.38,42327.0,256.0,176.0
KBL,12/12/2013,450.0,475.0,445.0,470.0,4.44,42851.0,256.0,176.0
KBL,12/15/2013,470.0,501.0,469.0,495.0,5.32,43506.0,256.0,176.0
KBL,12/16/2013,495.0,544.0,504.0,543.0,9.7,20493.0,256.0,176.0
KBL,12/18/2013,543.0,564.0,545.0,552.0,1.66,23913.0,256.0,176.0
KBL,12/19/2013,552.0,560.0,497.0,535.0,-3.08,48121.0,256.0,176.0
KBL,12/22/2013,535.0,544.0,495.0,510.0,-4.67,39143.0,256.0,176.0
KBL,12/23/2013,510.0,517.0,485.0,485.0,-4.9,33042.0,256.0,176.0
KBL,12/24/2013,485.0,527.0,463.0,510.0,5.15,26957.0,256.0,176.0
KBL,12/26/2013,510.0,561.0,515.0,539.0,5.69,34313.0,256.0,176.0
KBL,12/29/2013,539.0,536.0,515.0,530.0,-1.67,30171.0,256.0,176.0
KBL,12/31/2013,530.0,535.0,510.0,510.0,-3.77,17538.0,256.0,176.0
KBL,1/1/2014,510.0,504.0,481.0,493.0,-3.33,21463.0,256.0,176.0
KBL,1/2/2014,493.0,530.0,478.0,525.0,6.49,48296.0,256.0,176.0
KBL,1/5/2014,525.0,539.0,510.0,516.0,-1.71,32736.0,256.0,176.0
KBL,1/6/2014,516.0,519.0,499.0,500.0,-3.1,38435.0,256.0,176.0
KBL,1/7/2014,500.0,521.0,510.0,521.0,4.2,35400.0,256.0,176.0
KBL,1/8/2014,521.0,532.0,510.0,519.0,-0.38,88815.0,256.0,176.0
KBL,1/9/2014,519.0,527.0,510.0,521.0,0.39,47903.0,256.0,176.0
KBL,1/12/2014,521.0,540.0,510.0,540.0,3.65,80374.0,256.0,176.0
KBL,1/13/2014,540.0,553.0,538.0,549.0,1.67,45672.0,256.0,176.0
KBL,1/14/2014,549.0,593.0,552.0,579.0,5.46,66738.0,256.0,176.0
KBL,1/16/2014,579.0,596.0,569.0,582.0,0.52,95296.0,256.0,176.0
KBL,1/19/2014,582.0,600.0,580.0,593.0,1.89,51027.0,256.0,176.0
KBL,1/20/2014,593.0,600.0,570.0,575.0,-3.04,34017.0,256.0,176.0
KBL,1/21/2014,575.0,582.0,570.0,570.0,-0.87,16041.0,256.0,176.0
KBL,1/22/2014,570.0,573.0,558.0,573.0,0.53,27151.0,256.0,176.0
KBL,1/23/2014,573.0,573.0,558.0,559.0,-2.44,16416.0,256.0,176.0
KBL,1/26/2014,559.0,575.0,558.0,561.0,0.36,17429.0,256.0,176.0
KBL,1/27/2014,561.0,569.0,550.0,550.0,-1.96,9962.0,256.0,176.0
KBL,1/28/2014,550.0,565.0,545.0,555.0,0.91,21350.0,256.0,176.0
KBL,1/29/2014,555.0,567.0,553.0,564.0,1.62,21716.0,256.0,176.0
KBL,2/2/2014,564.0,566.0,553.0,558.0,-1.06,7188.0,256.0,176.0
KBL,2/3/2014,558.0,556.0,540.0,542.0,-2.87,9335.0,256.0,176.0
KBL,2/4/2014,542.0,562.0,545.0,549.0,1.29,13843.0,256.0,176.0
KBL,2/6/2014,550.0,558.0,541.0,551.0,0.36,8241.0,256.0,176.0
KBL,2/9/2014,551.0,550.0,539.0,541.0,-1.81,9937.0,256.0,176.0
KBL,2/10/2014,541.0,595.0,550.0,554.0,2.4,23747.0,256.0,176.0
KBL,2/11/2014,554.0,553.0,545.0,547.0,-1.26,8883.0,256.0,176.0
KBL,2/12/2014,547.0,552.0,519.0,538.0,-1.65,8231.0,256.0,176.0
KBL,2/13/2014,538.0,540.0,521.0,530.0,-1.49,10250.0,256.0,176.0
KBL,2/16/2014,530.0,530.0,505.0,505.0,-4.72,9897.0,256.0,176.0
KBL,2/17/2014,505.0,529.0,505.0,524.0,3.76,28444.0,256.0,176.0
KBL,2/18/2014,524.0,535.0,525.0,530.0,1.15,10463.0,256.0,176.0
KBL,2/20/2014,530.0,559.0,531.0,547.0,3.21,13269.0,256.0,176.0
KBL,2/23/2014,547.0,555.0,538.0,540.0,-1.28,9723.0,256.0,176.0
KBL,2/24/2014,540.0,565.0,530.0,538.0,-0.37,11473.0,256.0,176.0
KBL,2/25/2014,538.0,542.0,520.0,535.0,-0.56,15989.0,256.0,176.0
KBL,2/26/2014,535.0,545.0,520.0,528.0,-1.31,18181.0,256.0,176.0
KBL,3/3/2014,528.0,528.0,506.0,510.0,-3.41,10224.0,256.0,176.0
KBL,3/4/2014,510.0,511.0,500.0,510.0,0.0,25026.0,256.0,176.0
KBL,3/5/2014,510.0,523.0,503.0,518.0,1.57,11757.0,256.0,176.0
KBL,3/6/2014,518.0,555.0,510.0,510.0,-1.54,44197.0,256.0,176.0
KBL,3/9/2014,510.0,530.0,508.0,508.0,-0.39,25290.0,256.0,176.0
KBL,3/10/2014,508.0,515.0,505.0,510.0,0.39,19137.0,256.0,176.0
KBL,3/11/2014,510.0,508.0,500.0,502.0,-1.57,15163.0,256.0,176.0
KBL,3/12/2014,502.0,503.0,490.0,490.0,-2.39,9423.0,256.0,176.0
KBL,3/13/2014,490.0,503.0,481.0,481.0,-1.84,12717.0,256.0,176.0
KBL,3/17/2014,481.0,487.0,466.0,482.0,0.21,9046.0,256.0,176.0
KBL,3/18/2014,482.0,484.0,464.0,476.0,-1.24,9875.0,256.0,176.0
KBL,3/19/2014,476.0,508.0,472.0,490.0,2.94,10258.0,256.0,176.0
KBL,3/20/2014,490.0,504.0,489.0,504.0,2.86,9022.0,256.0,176.0
KBL,3/23/2014,504.0,495.0,488.0,491.0,-2.58,3193.0,256.0,176.0
KBL,3/24/2014,491.0,498.0,490.0,497.0,1.22,14634.0,256.0,176.0
KBL,3/25/2014,497.0,500.0,488.0,489.0,-1.61,5856.0,256.0,176.0
KBL,3/26/2014,489.0,497.0,480.0,495.0,1.23,12920.0,256.0,176.0
KBL,3/27/2014,495.0,493.0,484.0,487.0,-1.62,9932.0,256.0,176.0
KBL,3/31/2014,490.0,491.0,485.0,489.0,0.41,6256.0,256.0,176.0
KBL,4/1/2014,489.0,501.0,490.0,499.0,2.04,12239.0,256.0,176.0
KBL,4/2/2014,499.0,500.0,485.0,490.0,-1.8,34013.0,256.0,176.0
KBL,4/3/2014,490.0,500.0,488.0,491.0,0.2,44365.0,256.0,176.0
KBL,4/6/2014,491.0,499.0,473.0,476.0,-3.05,34531.0,256.0,176.0
KBL,4/7/2014,476.0,488.0,475.0,478.0,0.42,33727.0,256.0,176.0
KBL,4/9/2014,419.0,443.0,425.0,433.0,-9.41,2965.0,256.0,176.0
KBL,4/10/2014,433.0,425.0,425.0,425.0,-1.85,286.0,256.0,176.0
KBL,4/13/2014,425.0,425.0,420.0,422.0,-0.71,2412.0,256.0,176.0
KBL,4/15/2014,422.0,430.0,421.0,425.0,0.71,4375.0,256.0,176.0
KBL,4/16/2014,425.0,423.0,417.0,423.0,-0.47,900.0,256.0,176.0
KBL,4/17/2014,423.0,427.0,412.0,413.0,-2.36,979.0,256.0,176.0
KBL,4/20/2014,413.0,412.0,402.0,402.0,-2.66,3029.0,256.0,176.0
KBL,4/21/2014,402.0,406.0,401.0,405.0,0.75,2913.0,256.0,176.0
KBL,4/22/2014,405.0,414.0,402.0,406.0,0.25,16713.0,256.0,176.0
KBL,4/23/2014,406.0,410.0,403.0,407.0,0.25,274.0,256.0,176.0
KBL,4/27/2014,407.0,402.0,400.0,402.0,-1.23,568.0,256.0,176.0
KBL,4/28/2014,402.0,404.0,395.0,395.0,-1.74,3740.0,256.0,176.0
KBL,4/29/2014,395.0,400.0,395.0,395.0,0.0,1203.0,256.0,176.0
KBL,4/30/2014,395.0,402.0,398.0,398.0,0.76,8067.0,256.0,176.0
KBL,5/4/2014,398.0,400.0,383.0,384.0,-3.52,1678.0,256.0,176.0
KBL,5/5/2014,384.0,408.0,385.0,408.0,6.25,1742.0,256.0,176.0
KBL,5/6/2014,408.0,428.0,416.0,422.0,3.43,8553.0,256.0,176.0
KBL,5/7/2014,422.0,447.0,430.0,441.0,4.5,5323.0,256.0,176.0
KBL,5/8/2014,441.0,436.0,421.0,428.0,-2.95,1800.0,256.0,176.0
KBL,5/11/2014,428.0,420.0,412.0,420.0,-1.87,1669.0,256.0,176.0
KBL,5/12/2014,420.0,420.0,412.0,412.0,-1.9,2167.0,256.0,176.0
KBL,5/13/2014,412.0,420.0,402.0,402.0,-2.43,6113.0,256.0,176.0
KBL,5/15/2014,402.0,420.0,410.0,418.0,3.98,2604.0,256.0,176.0
KBL,5/18/2014,418.0,425.0,414.0,418.0,0.0,9727.0,256.0,176.0
KBL,5/19/2014,418.0,420.0,414.0,418.0,0.0,4699.0,256.0,176.0
KBL,5/20/2014,418.0,416.0,405.0,405.0,-3.11,1190.0,256.0,176.0
KBL,5/21/2014,405.0,417.0,405.0,411.0,1.48,3038.0,256.0,176.0
KBL,5/22/2014,411.0,420.0,413.0,417.0,1.46,1395.0,256.0,176.0
KBL,5/25/2014,417.0,425.0,418.0,418.0,0.24,2500.0,256.0,176.0
KBL,5/26/2014,418.0,420.0,407.0,420.0,0.48,10854.0,256.0,176.0
KBL,5/27/2014,420.0,428.0,415.0,420.0,0.0,12703.0,256.0,176.0
KBL,5/28/2014,420.0,433.0,420.0,425.0,1.19,17303.0,256.0,176.0
KBL,6/1/2014,425.0,437.0,422.0,436.0,2.59,4512.0,256.0,176.0
KBL,6/2/2014,436.0,460.0,440.0,447.0,2.52,14930.0,256.0,176.0
KBL,6/3/2014,447.0,464.0,450.0,457.0,2.24,23479.0,256.0,176.0
KBL,6/4/2014,457.0,469.0,455.0,460.0,0.66,12571.0,256.0,176.0
KBL,6/5/2014,460.0,462.0,450.0,456.0,-0.87,7199.0,256.0,176.0
KBL,6/8/2014,456.0,465.0,450.0,450.0,-1.32,5122.0,256.0,176.0
KBL,6/9/2014,450.0,451.0,437.0,444.0,-1.33,8004.0,256.0,176.0
KBL,6/10/2014,444.0,458.0,445.0,455.0,2.48,7106.0,256.0,176.0
KBL,6/11/2014,455.0,470.0,455.0,465.0,2.2,13581.0,256.0,176.0
KBL,6/12/2014,465.0,470.0,460.0,461.0,-0.86,5713.0,256.0,176.0
KBL,6/15/2014,461.0,500.0,462.0,475.0,3.04,6590.0,256.0,176.0
KBL,6/16/2014,475.0,498.0,480.0,485.0,2.11,29535.0,256.0,176.0
KBL,6/17/2014,485.0,499.0,480.0,484.0,-0.21,28694.0,256.0,176.0
KBL,6/18/2014,484.0,497.0,480.0,480.0,-0.83,24740.0,256.0,176.0
KBL,6/19/2014,480.0,491.0,475.0,479.0,-0.21,7583.0,256.0,176.0
KBL,6/23/2014,479.0,480.0,467.0,473.0,-1.25,10400.0,256.0,176.0
KBL,6/24/2014,473.0,491.0,460.0,485.0,2.54,10404.0,256.0,176.0
KBL,6/25/2014,485.0,485.0,468.0,480.0,-1.03,12764.0,256.0,176.0
KBL,6/26/2014,480.0,483.0,473.0,473.0,-1.46,8350.0,256.0,176.0
KBL,6/29/2014,473.0,491.0,473.0,490.0,3.59,27625.0,256.0,176.0
KBL,6/30/2014,490.0,488.0,483.0,488.0,-0.41,7167.0,256.0,176.0
KBL,7/1/2014,488.0,500.0,490.0,499.0,2.25,23101.0,256.0,176.0
KBL,7/2/2014,499.0,502.0,495.0,499.0,0.0,26661.0,256.0,176.0
KBL,7/3/2014,499.0,508.0,499.0,499.0,0.0,19475.0,256.0,176.0
KBL,7/6/2014,499.0,503.0,496.0,502.0,0.6,18457.0,256.0,176.0
KBL,7/7/2014,502.0,530.0,502.0,525.0,4.58,19939.0,256.0,176.0
KBL,7/8/2014,525.0,545.0,525.0,540.0,2.86,29064.0,256.0,176.0
KBL,7/9/2014,540.0,535.0,525.0,534.0,-1.11,11044.0,256.0,176.0
KBL,7/10/2014,534.0,544.0,525.0,544.0,1.87,22315.0,256.0,176.0
KBL,7/13/2014,544.0,568.0,537.0,547.0,0.55,22890.0,256.0,176.0
KBL,7/14/2014,547.0,546.0,515.0,537.0,-1.83,9917.0,256.0,176.0
KBL,7/15/2014,537.0,535.0,521.0,530.0,-1.3,8022.0,256.0,176.0
KBL,7/16/2014,530.0,555.0,534.0,536.0,1.13,29586.0,256.0,176.0
KBL,7/17/2014,536.0,550.0,536.0,548.0,2.24,13147.0,256.0,176.0
KBL,7/20/2014,548.0,602.0,558.0,602.0,9.85,91212.0,256.0,176.0
KBL,7/21/2014,602.0,650.0,610.0,624.0,3.65,80308.0,256.0,176.0
KBL,7/22/2014,624.0,636.0,600.0,621.0,-0.48,38232.0,256.0,176.0
KBL,7/23/2014,621.0,632.0,610.0,622.0,0.16,34936.0,256.0,176.0
KBL,7/24/2014,622.0,625.0,605.0,610.0,-1.93,20745.0,256.0,176.0
KBL,7/27/2014,610.0,616.0,593.0,595.0,-2.46,14829.0,256.0,176.0
KBL,7/28/2014,595.0,602.0,584.0,600.0,0.84,10877.0,256.0,176.0
KBL,7/30/2014,600.0,602.0,582.0,586.0,-2.33,15912.0,256.0,176.0
KBL,7/31/2014,586.0,595.0,574.0,581.0,-0.85,21873.0,256.0,176.0
KBL,8/3/2014,581.0,598.0,573.0,582.0,0.17,6450.0,256.0,176.0
KBL,8/4/2014,582.0,593.0,561.0,561.0,-3.61,7688.0,256.0,176.0
KBL,8/5/2014,561.0,593.0,561.0,574.0,2.32,9506.0,256.0,176.0
KBL,8/6/2014,574.0,590.0,570.0,577.0,0.52,10254.0,256.0,176.0
KBL,8/7/2014,577.0,595.0,559.0,595.0,3.12,19523.0,256.0,176.0
KBL,8/12/2014,595.0,602.0,555.0,565.0,-5.04,9520.0,256.0,176.0
KBL,8/13/2014,565.0,580.0,549.0,565.0,0.0,17034.0,256.0,176.0
KBL,8/14/2014,565.0,579.0,560.0,563.0,-0.35,9076.0,256.0,176.0
KBL,8/18/2014,563.0,575.0,560.0,561.0,-0.36,29016.0,256.0,176.0
KBL,8/19/2014,561.0,580.0,552.0,563.0,0.36,21930.0,256.0,176.0
KBL,8/20/2014,563.0,570.0,545.0,559.0,-0.71,16435.0,256.0,176.0
KBL,8/21/2014,559.0,598.0,538.0,590.0,5.55,76420.0,256.0,176.0
KBL,8/24/2014,590.0,610.0,590.0,603.0,2.2,66708.0,256.0,176.0
KBL,8/25/2014,603.0,603.0,560.0,566.0,-6.14,36071.0,256.0,176.0
KBL,8/26/2014,566.0,600.0,541.0,576.0,1.77,34437.0,256.0,176.0
KBL,8/27/2014,576.0,599.0,566.0,590.0,2.43,69080.0,256.0,176.0
KBL,8/28/2014,590.0,609.0,580.0,586.0,-0.68,59409.0,256.0,176.0
KBL,8/31/2014,586.0,594.0,565.0,574.0,-2.05,31211.0,256.0,176.0
KBL,9/1/2014,574.0,590.0,540.0,572.0,-0.35,32368.0,256.0,176.0
KBL,9/3/2014,572.0,575.0,549.0,560.0,-2.1,22405.0,256.0,176.0
KBL,9/4/2014,560.0,565.0,520.0,554.0,-1.07,15122.0,256.0,176.0
KBL,9/7/2014,554.0,560.0,502.0,503.0,-9.21,27727.0,256.0,176.0
KBL,9/9/2014,503.0,550.0,513.0,549.0,9.15,23710.0,256.0,176.0
KBL,9/10/2014,549.0,570.0,522.0,540.0,-1.64,29595.0,256.0,176.0
KBL,9/11/2014,540.0,540.0,505.0,533.0,-1.3,7893.0,256.0,176.0
KBL,9/14/2014,533.0,550.0,525.0,534.0,0.19,17931.0,256.0,176.0
KBL,9/15/2014,534.0,566.0,527.0,566.0,5.99,31839.0,256.0,176.0
KBL,9/16/2014,566.0,622.0,565.0,622.0,9.89,170810.0,256.0,176.0
KBL,9/17/2014,622.0,672.0,600.0,600.0,-3.54,163286.0,256.0,176.0
KBL,9/18/2014,600.0,600.0,574.0,574.0,-4.33,53687.0,256.0,176.0
KBL,9/21/2014,574.0,591.0,550.0,565.0,-1.57,31276.0,256.0,176.0
KBL,9/22/2014,565.0,575.0,550.0,563.0,-0.35,28370.0,256.0,176.0
KBL,9/23/2014,563.0,585.0,565.0,570.0,1.24,36225.0,256.0,176.0
KBL,9/24/2014,570.0,585.0,560.0,579.0,1.58,35087.0,256.0,176.0
KBL,9/28/2014,579.0,592.0,569.0,587.0,1.38,35210.0,256.0,176.0
KBL,9/29/2014,587.0,595.0,576.0,590.0,0.51,28733.0,256.0,176.0
KBL,9/30/2014,590.0,600.0,590.0,596.0,1.02,28352.0,256.0,176.0
KBL,10/8/2014,596.0,593.0,575.0,588.0,-1.34,7916.0,256.0,176.0
KBL,10/9/2014,588.0,592.0,577.0,580.0,-1.36,11879.0,256.0,176.0
KBL,10/12/2014,580.0,586.0,575.0,575.0,-0.86,16079.0,256.0,176.0
KBL,10/13/2014,575.0,586.0,568.0,572.0,-0.52,46766.0,256.0,176.0
KBL,10/14/2014,572.0,591.0,570.0,575.0,0.52,12082.0,256.0,176.0
KBL,10/15/2014,575.0,591.0,570.0,585.0,1.74,30265.0,256.0,176.0
KBL,10/16/2014,585.0,600.0,580.0,596.0,1.88,26893.0,256.0,176.0
KBL,10/19/2014,596.0,600.0,580.0,580.0,-2.68,33907.0,256.0,176.0
KBL,10/20/2014,580.0,590.0,569.0,576.0,-0.69,44783.0,256.0,176.0
KBL,10/21/2014,576.0,591.0,565.0,570.0,-1.04,61238.0,256.0,176.0
KBL,10/22/2014,429.0,441.0,428.0,436.0,-23.51,2587.0,256.0,176.0
KBL,10/26/2014,436.0,444.0,436.0,436.0,0.0,520.0,256.0,176.0
KBL,10/27/2014,436.0,431.0,421.0,425.0,-2.52,1793.0,256.0,176.0
KBL,10/28/2014,425.0,418.0,415.0,418.0,-1.65,2159.0,256.0,176.0
KBL,10/30/2014,418.0,415.0,410.0,415.0,-0.72,6375.0,256.0,176.0
KBL,11/2/2014,415.0,407.0,400.0,400.0,-3.61,5024.0,256.0,176.0
KBL,11/3/2014,400.0,400.0,392.0,400.0,0.0,1272.0,256.0,176.0
KBL,11/4/2014,400.0,405.0,384.0,405.0,1.25,3265.0,256.0,176.0
KBL,11/5/2014,405.0,411.0,396.0,405.0,0.0,9149.0,256.0,176.0
KBL,11/6/2014,405.0,397.0,395.0,395.0,-2.47,2689.0,256.0,176.0
KBL,11/9/2014,395.0,391.0,383.0,390.0,-1.27,2238.0,256.0,176.0
KBL,11/10/2014,390.0,383.0,376.0,376.0,-3.59,1593.0,256.0,176.0
KBL,11/11/2014,376.0,401.0,382.0,394.0,4.79,1483.0,256.0,176.0
KBL,11/12/2014,394.0,397.0,387.0,390.0,-1.02,3619.0,256.0,176.0
KBL,11/13/2014,390.0,397.0,390.0,390.0,0.0,795.0,256.0,176.0
KBL,11/16/2014,390.0,384.0,377.0,377.0,-3.33,1592.0,256.0,176.0
KBL,11/17/2014,377.0,375.0,358.0,358.0,-5.04,6119.0,256.0,176.0
KBL,11/18/2014,358.0,367.0,340.0,361.0,0.84,8335.0,256.0,176.0
KBL,11/19/2014,361.0,369.0,355.0,367.0,1.66,2415.0,256.0,176.0
KBL,11/20/2014,367.0,382.0,370.0,371.0,1.09,4002.0,256.0,176.0
KBL,11/23/2014,371.0,385.0,367.0,370.0,-0.27,2251.0,256.0,176.0
KBL,11/24/2014,370.0,377.0,363.0,372.0,0.54,3501.0,256.0,176.0
KBL,11/25/2014,372.0,390.0,379.0,390.0,4.84,615.0,256.0,176.0
KBL,11/30/2014,390.0,383.0,372.0,372.0,-4.62,564.0,256.0,176.0
KBL,12/1/2014,372.0,379.0,354.0,361.0,-2.96,8606.0,256.0,176.0
KBL,12/2/2014,361.0,357.0,354.0,355.0,-1.66,664.0,256.0,176.0
KBL,12/3/2014,355.0,366.0,356.0,361.0,1.69,4159.0,256.0,176.0
KBL,12/4/2014,361.0,368.0,356.0,364.0,0.83,5131.0,256.0,176.0
KBL,12/7/2014,364.0,360.0,346.0,360.0,-1.1,18735.0,256.0,176.0
KBL,12/8/2014,360.0,365.0,350.0,360.0,0.0,2455.0,256.0,176.0
KBL,12/9/2014,360.0,359.0,351.0,354.0,-1.67,2243.0,256.0,176.0
KBL,12/10/2014,354.0,368.0,351.0,360.0,1.69,3019.0,256.0,176.0
KBL,12/11/2014,360.0,382.0,361.0,382.0,6.11,1167.0,256.0,176.0
KBL,12/14/2014,382.0,396.0,380.0,395.0,3.4,10771.0,256.0,176.0
KBL,12/15/2014,395.0,402.0,388.0,402.0,1.77,4694.0,256.0,176.0
KBL,12/16/2014,402.0,401.0,394.0,394.0,-1.99,5571.0,256.0,176.0
KBL,12/17/2014,394.0,398.0,390.0,390.0,-1.02,1183.0,256.0,176.0
KBL,12/18/2014,390.0,394.0,376.0,392.0,0.51,2764.0,256.0,176.0
KBL,12/21/2014,392.0,395.0,385.0,385.0,-1.79,1558.0,256.0,176.0
KBL,12/22/2014,385.0,378.0,370.0,370.0,-3.9,2318.0,256.0,176.0
KBL,12/23/2014,370.0,363.0,363.0,363.0,-1.89,200.0,256.0,176.0
KBL,12/24/2014,363.0,384.0,365.0,370.0,1.93,2494.0,256.0,176.0
KBL,12/28/2014,370.0,383.0,375.0,380.0,2.7,2754.0,256.0,176.0
KBL,12/29/2014,380.0,383.0,372.0,375.0,-1.32,3832.0,256.0,176.0
KBL,12/31/2014,375.0,375.0,365.0,365.0,-2.67,3010.0,256.0,176.0
KBL,1/1/2015,365.0,385.0,370.0,384.0,5.21,2293.0,256.0,176.0
KBL,1/4/2015,384.0,390.0,380.0,387.0,0.78,2132.0,256.0,176.0
KBL,1/5/2015,387.0,396.0,380.0,388.0,0.26,6772.0,256.0,176.0
KBL,1/6/2015,388.0,383.0,375.0,378.0,-2.58,6412.0,256.0,176.0
KBL,1/7/2015,378.0,385.0,371.0,373.0,-1.32,4210.0,256.0,176.0
KBL,1/8/2015,373.0,388.0,377.0,377.0,1.07,2267.0,256.0,176.0
KBL,1/11/2015,377.0,383.0,373.0,383.0,1.59,4349.0,256.0,176.0
KBL,1/12/2015,383.0,377.0,371.0,371.0,-3.13,3172.0,256.0,176.0
KBL,1/13/2015,371.0,382.0,368.0,380.0,2.43,5069.0,256.0,176.0
KBL,1/14/2015,380.0,382.0,369.0,375.0,-1.32,2965.0,256.0,176.0
KBL,1/18/2015,375.0,377.0,368.0,377.0,0.53,8341.0,256.0,176.0
KBL,1/19/2015,377.0,405.0,384.0,395.0,4.77,11395.0,256.0,176.0
KBL,1/20/2015,395.0,399.0,380.0,380.0,-3.8,10438.0,256.0,176.0
KBL,1/22/2015,380.0,375.0,373.0,375.0,-1.32,858.0,256.0,176.0
KBL,1/25/2015,375.0,395.0,371.0,375.0,0.0,14353.0,256.0,176.0
KBL,1/26/2015,375.0,401.0,382.0,397.0,5.87,26824.0,256.0,176.0
KBL,1/27/2015,397.0,408.0,400.0,406.0,2.27,14381.0,256.0,176.0
KBL,1/28/2015,406.0,421.0,408.0,417.0,2.71,4863.0,256.0,176.0
KBL,1/29/2015,417.0,437.0,415.0,420.0,0.72,16327.0,256.0,176.0
KBL,2/1/2015,420.0,429.0,420.0,422.0,0.48,9650.0,256.0,176.0
KBL,2/2/2015,422.0,421.0,415.0,417.0,-1.18,4988.0,256.0,176.0
KBL,2/3/2015,417.0,420.0,410.0,410.0,-1.68,10481.0,256.0,176.0
KBL,2/4/2015,410.0,418.0,406.0,406.0,-0.98,7476.0,256.0,176.0
KBL,2/5/2015,406.0,403.0,399.0,401.0,-1.23,13262.0,256.0,176.0
KBL,2/8/2015,401.0,415.0,399.0,405.0,1.0,7867.0,256.0,176.0
KBL,2/9/2015,405.0,408.0,404.0,404.0,-0.25,6790.0,256.0,176.0
KBL,2/10/2015,404.0,404.0,400.0,402.0,-0.5,5283.0,256.0,176.0
KBL,2/11/2015,402.0,408.0,400.0,403.0,0.25,9909.0,256.0,176.0
KBL,2/12/2015,403.0,410.0,392.0,403.0,0.0,7096.0,256.0,176.0
KBL,2/15/2015,403.0,408.0,405.0,405.0,0.5,6705.0,256.0,176.0
KBL,2/16/2015,405.0,405.0,397.0,398.0,-1.73,7869.0,256.0,176.0
KBL,2/18/2015,398.0,401.0,397.0,397.0,-0.25,6047.0,256.0,176.0
KBL,2/22/2015,397.0,397.0,388.0,394.0,-0.76,8972.0,256.0,176.0
KBL,2/23/2015,394.0,395.0,387.0,393.0,-0.25,10737.0,256.0,176.0
KBL,2/24/2015,393.0,393.0,385.0,392.0,-0.25,4249.0,256.0,176.0
KBL,2/25/2015,392.0,399.0,389.0,390.0,-0.51,1571.0,256.0,176.0
KBL,2/26/2015,390.0,391.0,390.0,391.0,0.26,1874.0,256.0,176.0
KBL,3/1/2015,391.0,392.0,384.0,392.0,0.26,7384.0,256.0,176.0
KBL,3/2/2015,392.0,405.0,391.0,401.0,2.3,5729.0,256.0,176.0
KBL,3/3/2015,401.0,395.0,390.0,390.0,-2.74,1139.0,256.0,176.0
KBL,3/4/2015,390.0,399.0,388.0,395.0,1.28,9278.0,256.0,176.0
KBL,3/9/2015,395.0,405.0,398.0,400.0,1.27,8374.0,256.0,176.0
KBL,3/10/2015,400.0,402.0,390.0,391.0,-2.25,5286.0,256.0,176.0
KBL,3/11/2015,391.0,391.0,385.0,388.0,-0.77,10210.0,256.0,176.0
KBL,3/12/2015,388.0,395.0,381.0,390.0,0.52,7225.0,256.0,176.0
KBL,3/15/2015,390.0,390.0,381.0,385.0,-1.28,6171.0,256.0,176.0
KBL,3/16/2015,385.0,388.0,378.0,378.0,-1.82,12146.0,256.0,176.0
KBL,3/17/2015,378.0,385.0,370.0,381.0,0.79,6449.0,256.0,176.0
KBL,3/18/2015,381.0,388.0,374.0,381.0,0.0,4936.0,256.0,176.0
KBL,3/19/2015,381.0,389.0,379.0,389.0,2.1,10451.0,256.0,176.0
KBL,3/22/2015,389.0,394.0,385.0,387.0,-0.51,15271.0,256.0,176.0
KBL,3/23/2015,387.0,383.0,375.0,377.0,-2.58,10730.0,256.0,176.0
KBL,3/24/2015,377.0,384.0,377.0,380.0,0.8,13842.0,256.0,176.0
KBL,3/25/2015,380.0,378.0,375.0,376.0,-1.05,4964.0,256.0,176.0
KBL,3/26/2015,376.0,377.0,370.0,377.0,0.27,8052.0,256.0,176.0
KBL,3/29/2015,377.0,385.0,375.0,385.0,2.12,7579.0,256.0,176.0
KBL,3/30/2015,385.0,385.0,368.0,375.0,-2.6,8277.0,256.0,176.0
KBL,3/31/2015,375.0,392.0,375.0,385.0,2.67,9528.0,256.0,176.0
KBL,4/1/2015,385.0,383.0,379.0,379.0,-1.56,601.0,256.0,176.0
KBL,4/2/2015,379.0,380.0,370.0,376.0,-0.79,8713.0,256.0,176.0
KBL,4/5/2015,376.0,375.0,372.0,375.0,-0.27,5081.0,256.0,176.0
KBL,4/6/2015,375.0,384.0,378.0,378.0,0.8,1814.0,256.0,176.0
KBL,4/7/2015,378.0,379.0,373.0,379.0,0.26,1214.0,256.0,176.0
KBL,4/8/2015,379.0,382.0,377.0,378.0,-0.26,4568.0,256.0,176.0
KBL,4/9/2015,378.0,394.0,378.0,382.0,1.06,2467.0,256.0,176.0
KBL,4/12/2015,382.0,392.0,380.0,385.0,0.79,9353.0,256.0,176.0
KBL,4/13/2015,385.0,382.0,374.0,380.0,-1.3,11327.0,256.0,176.0
KBL,4/15/2015,380.0,380.0,370.0,370.0,-2.63,4384.0,256.0,176.0
KBL,4/16/2015,370.0,403.0,371.0,390.0,5.41,9678.0,256.0,176.0
KBL,4/19/2015,390.0,391.0,380.0,385.0,-1.28,4154.0,256.0,176.0
KBL,4/20/2015,385.0,390.0,384.0,384.0,-0.26,6440.0,256.0,176.0
KBL,4/21/2015,384.0,388.0,384.0,384.0,0.0,2437.0,256.0,176.0
KBL,4/22/2015,384.0,382.0,380.0,380.0,-1.04,218.0,256.0,176.0
KBL,4/23/2015,380.0,385.0,377.0,380.0,0.0,5164.0,256.0,176.0
KBL,5/26/2015,380.0,373.0,342.0,342.0,-10.0,825.0,256.0,176.0
KBL,5/27/2015,342.0,336.0,308.0,308.0,-9.94,8997.0,256.0,176.0
KBL,5/28/2015,308.0,326.0,295.0,324.0,5.19,22946.0,256.0,176.0
KBL,5/31/2015,324.0,346.0,324.0,346.0,6.79,20824.0,256.0,176.0
KBL,6/1/2015,346.0,360.0,337.0,352.0,1.73,18772.0,256.0,176.0
KBL,6/2/2015,352.0,353.0,331.0,349.0,-0.85,7718.0,256.0,176.0
KBL,6/3/2015,349.0,370.0,348.0,368.0,5.44,11966.0,256.0,176.0
KBL,6/4/2015,368.0,381.0,361.0,367.0,-0.27,12321.0,256.0,176.0
KBL,6/7/2015,367.0,384.0,364.0,379.0,3.27,8805.0,256.0,176.0
KBL,6/8/2015,379.0,392.0,378.0,384.0,1.32,13049.0,256.0,176.0
KBL,6/9/2015,384.0,420.0,389.0,399.0,3.91,23922.0,256.0,176.0
KBL,6/10/2015,399.0,395.0,377.0,388.0,-2.76,7544.0,256.0,176.0
KBL,6/11/2015,388.0,383.0,377.0,377.0,-2.84,6220.0,256.0,176.0
KBL,6/14/2015,377.0,377.0,370.0,372.0,-1.33,7138.0,256.0,176.0
KBL,6/15/2015,372.0,385.0,373.0,375.0,0.81,4557.0,256.0,176.0
KBL,6/16/2015,375.0,380.0,367.0,370.0,-1.33,8268.0,256.0,176.0
KBL,6/17/2015,370.0,371.0,367.0,371.0,0.27,2364.0,256.0,176.0
KBL,6/18/2015,371.0,372.0,368.0,368.0,-0.81,11724.0,256.0,176.0
KBL,6/21/2015,368.0,377.0,362.0,373.0,1.36,10535.0,256.0,176.0
KBL,6/22/2015,373.0,380.0,365.0,365.0,-2.14,3175.0,256.0,176.0
KBL,6/23/2015,365.0,374.0,364.0,373.0,2.19,9818.0,256.0,176.0
KBL,6/24/2015,373.0,373.0,366.0,372.0,-0.27,4201.0,256.0,176.0
KBL,6/25/2015,372.0,380.0,370.0,373.0,0.27,11884.0,256.0,176.0
KBL,6/28/2015,373.0,380.0,370.0,371.0,-0.54,4128.0,256.0,176.0
KBL,6/29/2015,371.0,390.0,373.0,383.0,3.23,11944.0,256.0,176.0
KBL,6/30/2015,383.0,390.0,380.0,382.0,-0.26,2614.0,256.0,176.0
KBL,7/1/2015,382.0,385.0,373.0,380.0,-0.52,4454.0,256.0,176.0
KBL,7/2/2015,380.0,375.0,370.0,370.0,-2.63,2959.0,256.0,176.0
KBL,7/5/2015,370.0,384.0,369.0,371.0,0.27,6705.0,256.0,176.0
KBL,7/6/2015,371.0,374.0,366.0,374.0,0.81,4950.0,256.0,176.0
KBL,7/7/2015,374.0,385.0,370.0,382.0,2.14,5678.0,256.0,176.0
KBL,7/8/2015,382.0,389.0,370.0,370.0,-3.14,21541.0,256.0,176.0
KBL,7/9/2015,370.0,380.0,365.0,379.0,2.43,58368.0,256.0,176.0
KBL,7/12/2015,379.0,380.0,372.0,372.0,-1.85,2935.0,256.0,176.0
KBL,7/13/2015,372.0,383.0,375.0,375.0,0.81,2725.0,256.0,176.0
KBL,7/14/2015,375.0,378.0,373.0,375.0,0.0,980.0,256.0,176.0
KBL,7/15/2015,375.0,375.0,372.0,374.0,-0.27,2274.0,256.0,176.0
KBL,7/16/2015,374.0,395.0,375.0,395.0,5.61,1895.0,256.0,176.0
KBL,7/22/2015,395.0,388.0,378.0,380.0,-3.8,3744.0,256.0,176.0
KBL,7/23/2015,380.0,408.0,380.0,401.0,5.53,52091.0,256.0,176.0
KBL,7/26/2015,401.0,441.0,409.0,441.0,9.98,16386.0,256.0,176.0
KBL,7/27/2015,441.0,465.0,400.0,406.0,-7.94,60986.0,256.0,176.0
KBL,7/28/2015,406.0,424.0,393.0,405.0,-0.25,19991.0,256.0,176.0
KBL,7/29/2015,405.0,404.0,396.0,400.0,-1.23,16539.0,256.0,176.0
KBL,7/30/2015,400.0,413.0,396.0,405.0,1.25,33900.0,256.0,176.0
KBL,8/2/2015,405.0,415.0,400.0,414.0,2.22,13898.0,256.0,176.0
KBL,8/3/2015,414.0,407.0,395.0,404.0,-2.42,27936.0,256.0,176.0
KBL,8/4/2015,404.0,403.0,395.0,395.0,-2.23,17452.0,256.0,176.0
KBL,8/5/2015,395.0,398.0,385.0,394.0,-0.25,11027.0,256.0,176.0
KBL,8/6/2015,394.0,399.0,383.0,391.0,-0.76,31878.0,256.0,176.0
KBL,8/9/2015,391.0,413.0,390.0,399.0,2.05,17975.0,256.0,176.0
KBL,8/10/2015,399.0,408.0,390.0,392.0,-1.75,15615.0,256.0,176.0
KBL,8/11/2015,392.0,402.0,381.0,381.0,-2.81,14678.0,256.0,176.0
KBL,8/12/2015,381.0,388.0,375.0,380.0,-0.26,14045.0,256.0,176.0
KBL,8/13/2015,380.0,392.0,376.0,384.0,1.05,23479.0,256.0,176.0
KBL,8/16/2015,384.0,380.0,369.0,373.0,-2.86,28053.0,256.0,176.0
KBL,8/17/2015,373.0,410.0,380.0,410.0,9.92,35187.0,256.0,176.0
KBL,8/18/2015,410.0,442.0,405.0,414.0,0.98,25726.0,256.0,176.0
KBL,8/19/2015,414.0,443.0,409.0,435.0,5.07,17652.0,256.0,176.0
KBL,8/20/2015,435.0,455.0,428.0,435.0,0.0,32230.0,256.0,176.0
KBL,8/23/2015,435.0,430.0,420.0,420.0,-3.45,3903.0,256.0,176.0
KBL,8/24/2015,420.0,430.0,410.0,420.0,0.0,7084.0,256.0,176.0
KBL,8/25/2015,420.0,419.0,410.0,413.0,-1.67,9375.0,256.0,176.0
KBL,8/26/2015,413.0,413.0,405.0,412.0,-0.24,17895.0,256.0,176.0
KBL,8/27/2015,412.0,434.0,415.0,430.0,4.37,35640.0,256.0,176.0
KBL,8/31/2015,430.0,473.0,438.0,473.0,10.0,79525.0,256.0,176.0
KBL,9/1/2015,473.0,520.0,451.0,469.0,-0.85,146204.0,256.0,176.0
KBL,9/2/2015,469.0,478.0,439.0,444.0,-5.33,43089.0,256.0,176.0
KBL,9/3/2015,444.0,462.0,445.0,448.0,0.9,38043.0,256.0,176.0
KBL,9/6/2015,448.0,492.0,434.0,448.0,0.0,51829.0,256.0,176.0
KBL,9/7/2015,448.0,450.0,440.0,440.0,-1.79,22847.0,256.0,176.0
KBL,9/8/2015,440.0,450.0,445.0,446.0,1.36,19358.0,256.0,176.0
KBL,9/9/2015,446.0,455.0,446.0,454.0,1.79,26453.0,256.0,176.0
KBL,9/10/2015,454.0,459.0,447.0,447.0,-1.54,14424.0,256.0,176.0
KBL,9/13/2015,447.0,471.0,450.0,467.0,4.47,49857.0,256.0,176.0
KBL,9/14/2015,467.0,483.0,465.0,480.0,2.78,56252.0,256.0,176.0
KBL,9/15/2015,480.0,493.0,473.0,476.0,-0.83,31367.0,256.0,176.0
KBL,9/16/2015,476.0,475.0,467.0,470.0,-1.26,13591.0,256.0,176.0
KBL,9/17/2015,470.0,471.0,459.0,470.0,0.0,11184.0,256.0,176.0
KBL,9/22/2015,470.0,461.0,438.0,439.0,-6.6,18149.0,256.0,176.0
KBL,9/23/2015,439.0,460.0,447.0,460.0,4.78,13343.0,256.0,176.0
KBL,9/24/2015,460.0,468.0,453.0,456.0,-0.87,27227.0,256.0,176.0
KBL,9/28/2015,456.0,459.0,432.0,451.0,-1.1,21972.0,256.0,176.0
KBL,9/29/2015,451.0,460.0,452.0,458.0,1.55,20642.0,256.0,176.0
KBL,9/30/2015,458.0,466.0,458.0,459.0,0.22,16601.0,256.0,176.0
KBL,10/1/2015,459.0,465.0,455.0,462.0,0.65,14299.0,256.0,176.0
KBL,10/4/2015,462.0,470.0,460.0,467.0,1.08,40354.0,256.0,176.0
KBL,10/5/2015,467.0,465.0,451.0,460.0,-1.5,17838.0,256.0,176.0
KBL,10/6/2015,460.0,459.0,444.0,459.0,-0.22,10516.0,256.0,176.0
KBL,10/7/2015,459.0,453.0,442.0,447.0,-2.61,34130.0,256.0,176.0
KBL,10/8/2015,447.0,455.0,440.0,450.0,0.67,46412.0,256.0,176.0
KBL,10/11/2015,450.0,445.0,439.0,439.0,-2.44,9991.0,256.0,176.0
KBL,10/14/2015,439.0,442.0,434.0,435.0,-0.91,5045.0,256.0,176.0
KBL,10/15/2015,435.0,440.0,425.0,440.0,1.15,6620.0,256.0,176.0
KBL,10/18/2015,440.0,440.0,430.0,435.0,-1.14,3572.0,256.0,176.0
KBL,10/19/2015,435.0,440.0,437.0,440.0,1.15,11229.0,256.0,176.0
KBL,10/25/2015,440.0,432.0,424.0,430.0,-2.27,1903.0,256.0,176.0
KBL,10/27/2015,430.0,430.0,408.0,408.0,-5.12,3702.0,256.0,176.0
KBL,10/28/2015,408.0,416.0,392.0,416.0,1.96,11069.0,256.0,176.0
KBL,10/29/2015,416.0,424.0,410.0,410.0,-1.44,5788.0,256.0,176.0
KBL,11/1/2015,410.0,412.0,400.0,411.0,0.24,13695.0,256.0,176.0
KBL,11/2/2015,411.0,418.0,406.0,406.0,-1.22,6069.0,256.0,176.0
KBL,11/3/2015,406.0,404.0,400.0,404.0,-0.49,5689.0,256.0,176.0
KBL,11/4/2015,404.0,409.0,399.0,409.0,1.24,2556.0,256.0,176.0
KBL,11/5/2015,409.0,405.0,401.0,402.0,-1.71,5000.0,256.0,176.0
KBL,11/8/2015,402.0,406.0,400.0,406.0,1.0,7255.0,256.0,176.0
KBL,11/9/2015,406.0,430.0,402.0,418.0,2.96,14665.0,256.0,176.0
KBL,11/10/2015,418.0,418.0,400.0,413.0,-1.2,8399.0,256.0,176.0
KBL,11/15/2015,413.0,421.0,408.0,415.0,0.48,7733.0,256.0,176.0
KBL,11/16/2015,415.0,413.0,405.0,405.0,-2.41,6807.0,256.0,176.0
KBL,11/18/2015,405.0,415.0,406.0,406.0,0.25,4512.0,256.0,176.0
KBL,11/19/2015,406.0,406.0,400.0,406.0,0.0,5707.0,256.0,176.0
KBL,11/22/2015,406.0,399.0,390.0,392.0,-3.45,7194.0,256.0,176.0
KBL,11/23/2015,392.0,393.0,382.0,390.0,-0.51,8125.0,256.0,176.0
KBL,11/24/2015,390.0,390.0,385.0,390.0,0.0,7099.0,256.0,176.0
KBL,11/25/2015,390.0,390.0,380.0,380.0,-2.56,13232.0,256.0,176.0
KBL,11/26/2015,380.0,375.0,360.0,370.0,-2.63,10200.0,256.0,176.0
KBL,11/29/2015,370.0,379.0,353.0,357.0,-3.51,6359.0,256.0,176.0
KBL,11/30/2015,357.0,374.0,357.0,365.0,2.24,10426.0,256.0,176.0
KBL,12/1/2015,365.0,390.0,359.0,388.0,6.3,4791.0,256.0,176.0
KBL,12/2/2015,388.0,385.0,370.0,383.0,-1.29,6541.0,256.0,176.0
KBL,12/3/2015,383.0,402.0,380.0,390.0,1.83,7796.0,256.0,176.0
KBL,12/6/2015,390.0,402.0,390.0,397.0,1.79,7480.0,256.0,176.0
KBL,12/7/2015,397.0,402.0,387.0,399.0,0.5,16761.0,256.0,176.0
KBL,12/8/2015,399.0,400.0,385.0,390.0,-2.26,11245.0,256.0,176.0
KBL,12/9/2015,390.0,404.0,388.0,390.0,0.0,6629.0,256.0,176.0
KBL,12/10/2015,390.0,400.0,379.0,400.0,2.56,11198.0,256.0,176.0
KBL,12/13/2015,400.0,399.0,390.0,390.0,-2.5,7411.0,256.0,176.0
KBL,12/14/2015,390.0,400.0,393.0,400.0,2.56,10893.0,256.0,176.0
KBL,12/15/2015,400.0,400.0,392.0,392.0,-2.0,1564.0,256.0,176.0
KBL,12/16/2015,392.0,392.0,388.0,390.0,-0.51,2495.0,256.0,176.0
KBL,12/17/2015,390.0,390.0,380.0,385.0,-1.28,14776.0,256.0,176.0
KBL,12/20/2015,385.0,390.0,382.0,385.0,0.0,9215.0,256.0,176.0
KBL,12/21/2015,385.0,395.0,380.0,391.0,1.56,15523.0,256.0,176.0
KBL,12/22/2015,391.0,400.0,392.0,397.0,1.53,12835.0,256.0,176.0
KBL,12/23/2015,397.0,399.0,394.0,397.0,0.0,5415.0,256.0,176.0
KBL,12/24/2015,397.0,400.0,386.0,391.0,-1.51,12525.0,256.0,176.0
KBL,12/27/2015,391.0,399.0,391.0,399.0,2.05,2925.0,256.0,176.0
KBL,12/28/2015,399.0,399.0,391.0,398.0,-0.25,4288.0,256.0,176.0
KBL,12/29/2015,398.0,400.0,394.0,397.0,-0.25,9764.0,256.0,176.0
KBL,12/31/2015,397.0,404.0,397.0,399.0,0.5,8121.0,256.0,176.0
KBL,1/3/2016,399.0,399.0,395.0,398.0,-0.25,11854.0,256.0,176.0
KBL,1/4/2016,398.0,399.0,390.0,392.0,-1.51,6652.0,256.0,176.0
KBL,1/5/2016,392.0,393.0,385.0,389.0,-0.77,9339.0,256.0,176.0
KBL,1/6/2016,389.0,389.0,386.0,388.0,-0.26,3245.0,256.0,176.0
KBL,1/7/2016,388.0,395.0,390.0,392.0,1.03,7332.0,256.0,176.0
KBL,1/10/2016,392.0,392.0,370.0,381.0,-2.81,140742.0,256.0,176.0
KBL,1/11/2016,381.0,395.0,377.0,384.0,0.79,38102.0,256.0,176.0
KBL,1/12/2016,384.0,392.0,387.0,389.0,1.3,23779.0,256.0,176.0
KBL,1/13/2016,389.0,387.0,371.0,385.0,-1.03,87473.0,256.0,176.0
KBL,9/29/2016,347.0,381.0,353.0,381.0,-1.04,50.0,256.0,176.0
KBL,10/2/2016,381.0,418.0,388.0,418.0,9.71,20040.0,256.0,176.0
KBL,10/3/2016,418.0,459.0,426.0,459.0,9.81,50.0,256.0,176.0
KBL,10/4/2016,459.0,504.0,468.0,504.0,9.8,50.0,256.0,176.0
KBL,10/5/2016,504.0,554.0,514.0,554.0,9.92,108.0,256.0,176.0
KBL,10/6/2016,554.0,609.0,565.0,609.0,9.93,29523.0,256.0,176.0
KBL,10/16/2016,609.0,640.0,610.0,617.0,1.31,286231.0,256.0,176.0
KBL,10/17/2016,617.0,621.0,596.0,610.0,-1.13,125038.0,256.0,176.0
KBL,10/18/2016,610.0,611.0,602.0,610.0,0.0,78851.0,256.0,176.0
KBL,10/19/2016,610.0,615.0,609.0,615.0,0.82,83373.0,256.0,176.0
KBL,10/20/2016,615.0,617.0,612.0,617.0,0.33,54954.0,256.0,176.0
KBL,10/23/2016,617.0,635.0,617.0,626.0,1.46,106622.0,256.0,176.0
KBL,10/24/2016,626.0,627.0,615.0,619.0,-1.12,61539.0,256.0,176.0
KBL,10/25/2016,619.0,620.0,608.0,614.0,-0.81,44196.0,256.0,176.0
KBL,10/26/2016,614.0,617.0,607.0,615.0,0.16,41861.0,256.0,176.0
KBL,10/27/2016,615.0,625.0,618.0,620.0,0.81,57461.0,256.0,176.0
KBL,11/3/2016,620.0,620.0,611.0,620.0,0.0,11079.0,256.0,176.0
KBL,11/7/2016,620.0,620.0,609.0,610.0,-1.61,27324.0,256.0,176.0
KBL,11/8/2016,610.0,615.0,600.0,602.0,-1.31,30051.0,256.0,176.0
KBL,11/9/2016,602.0,605.0,580.0,600.0,-0.33,29668.0,256.0,176.0
KBL,11/10/2016,600.0,608.0,590.0,599.0,-0.17,39276.0,256.0,176.0
KBL,11/13/2016,599.0,605.0,586.0,601.0,0.33,34319.0,256.0,176.0
KBL,11/14/2016,601.0,608.0,601.0,605.0,0.67,25551.0,256.0,176.0
KBL,11/15/2016,605.0,618.0,608.0,610.0,0.83,54607.0,256.0,176.0
KBL,11/16/2016,610.0,616.0,602.0,606.0,-0.66,16542.0,256.0,176.0
KBL,11/17/2016,606.0,608.0,590.0,592.0,-2.31,43819.0,256.0,176.0
KBL,11/20/2016,592.0,597.0,560.0,573.0,-3.21,38196.0,256.0,176.0
KBL,11/21/2016,573.0,590.0,553.0,570.0,-0.52,25996.0,256.0,176.0
KBL,11/22/2016,570.0,570.0,530.0,561.0,-1.58,31279.0,256.0,176.0
KBL,11/23/2016,561.0,554.0,541.0,546.0,-2.67,49117.0,256.0,176.0
KBL,11/24/2016,546.0,575.0,545.0,552.0,1.1,29098.0,256.0,176.0
KBL,11/27/2016,552.0,554.0,531.0,534.0,-3.26,51386.0,256.0,176.0
KBL,11/28/2016,534.0,574.0,500.0,563.0,5.43,42202.0,256.0,176.0
KBL,11/29/2016,563.0,575.0,525.0,575.0,2.13,43033.0,256.0,176.0
KBL,11/30/2016,575.0,590.0,560.0,583.0,1.39,51779.0,256.0,176.0
KBL,12/1/2016,583.0,593.0,554.0,579.0,-0.69,63835.0,256.0,176.0
KBL,12/4/2016,579.0,580.0,557.0,570.0,-1.55,23542.0,256.0,176.0
KBL,12/5/2016,570.0,570.0,556.0,560.0,-1.75,13590.0,256.0,176.0
KBL,12/6/2016,560.0,566.0,555.0,563.0,0.54,12450.0,256.0,176.0
KBL,12/7/2016,563.0,570.0,561.0,566.0,0.53,10025.0,256.0,176.0
KBL,12/8/2016,566.0,572.0,556.0,557.0,-1.59,11342.0,256.0,176.0
KBL,12/11/2016,557.0,560.0,545.0,545.0,-2.15,14116.0,256.0,176.0
KBL,12/12/2016,545.0,550.0,530.0,550.0,0.92,14037.0,256.0,176.0
KBL,12/14/2016,550.0,561.0,540.0,547.0,-0.55,7758.0,256.0,176.0
KBL,12/15/2016,547.0,548.0,541.0,544.0,-0.55,14215.0,256.0,176.0
KBL,12/18/2016,544.0,550.0,540.0,545.0,0.18,14778.0,256.0,176.0
KBL,12/19/2016,545.0,550.0,532.0,542.0,-0.55,30345.0,256.0,176.0
KBL,12/20/2016,542.0,549.0,532.0,535.0,-1.29,12737.0,256.0,176.0
KBL,12/21/2016,535.0,530.0,521.0,523.0,-2.24,11913.0,256.0,176.0
KBL,12/22/2016,523.0,528.0,522.0,524.0,0.19,8329.0,256.0,176.0
KBL,12/26/2016,524.0,525.0,515.0,520.0,-0.76,15851.0,256.0,176.0
KBL,12/27/2016,520.0,520.0,500.0,507.0,-2.5,28122.0,256.0,176.0
KBL,12/28/2016,507.0,522.0,505.0,510.0,0.59,12648.0,256.0,176.0
KBL,12/29/2016,510.0,523.0,514.0,521.0,2.16,17618.0,256.0,176.0
KBL,1/1/2017,521.0,528.0,518.0,526.0,0.96,23672.0,256.0,176.0
KBL,1/2/2017,526.0,539.0,525.0,530.0,0.76,21122.0,256.0,176.0
KBL,1/3/2017,530.0,532.0,521.0,524.0,-1.13,16115.0,256.0,176.0
KBL,1/4/2017,524.0,547.0,527.0,539.0,2.86,61519.0,256.0,176.0
KBL,1/5/2017,539.0,553.0,537.0,547.0,1.48,44748.0,256.0,176.0
KBL,1/8/2017,547.0,545.0,539.0,543.0,-0.73,34039.0,256.0,176.0
KBL,1/9/2017,543.0,550.0,543.0,549.0,1.1,31046.0,256.0,176.0
KBL,1/10/2017,549.0,559.0,549.0,557.0,1.46,22120.0,256.0,176.0
KBL,1/11/2017,557.0,560.0,555.0,559.0,0.36,19633.0,256.0,176.0
KBL,1/12/2017,559.0,560.0,555.0,557.0,-0.36,15058.0,256.0,176.0
KBL,1/15/2017,557.0,560.0,554.0,560.0,0.54,10596.0,256.0,176.0
KBL,1/16/2017,560.0,562.0,547.0,547.0,-2.32,11250.0,256.0,176.0
KBL,1/17/2017,547.0,547.0,538.0,545.0,-0.37,6446.0,256.0,176.0
KBL,1/18/2017,545.0,548.0,543.0,545.0,0.0,9096.0,256.0,176.0
KBL,1/19/2017,545.0,550.0,545.0,545.0,0.0,2556.0,256.0,176.0
KBL,1/22/2017,545.0,552.0,538.0,540.0,-0.92,5419.0,256.0,176.0
KBL,1/23/2017,540.0,545.0,535.0,540.0,0.0,6026.0,256.0,176.0
KBL,1/24/2017,540.0,545.0,529.0,529.0,-2.04,6827.0,256.0,176.0
KBL,1/25/2017,529.0,534.0,518.0,534.0,0.95,12038.0,256.0,176.0
KBL,1/26/2017,534.0,535.0,507.0,515.0,-3.56,12612.0,256.0,176.0
KBL,1/30/2017,515.0,506.0,470.0,483.0,-6.21,27966.0,256.0,176.0
KBL,1/31/2017,483.0,498.0,456.0,490.0,1.45,16650.0,256.0,176.0
KBL,2/1/2017,490.0,520.0,485.0,520.0,6.12,16658.0,256.0,176.0
KBL,2/2/2017,520.0,540.0,511.0,523.0,0.58,25118.0,256.0,176.0
KBL,2/5/2017,523.0,533.0,505.0,519.0,-0.76,13078.0,256.0,176.0
KBL,2/6/2017,519.0,520.0,505.0,510.0,-1.73,5977.0,256.0,176.0
KBL,2/7/2017,510.0,515.0,506.0,515.0,0.98,8313.0,256.0,176.0
KBL,2/8/2017,515.0,513.0,501.0,508.0,-1.36,14937.0,256.0,176.0
KBL,2/9/2017,508.0,510.0,497.0,497.0,-2.17,19600.0,256.0,176.0
KBL,2/12/2017,497.0,495.0,465.0,466.0,-6.24,23576.0,256.0,176.0
KBL,2/13/2017,466.0,500.0,458.0,500.0,7.3,17480.0,256.0,176.0
KBL,2/14/2017,500.0,510.0,479.0,498.0,-0.4,18474.0,256.0,176.0
KBL,2/15/2017,498.0,516.0,497.0,513.0,3.01,28218.0,256.0,176.0
KBL,2/16/2017,513.0,533.0,509.0,524.0,2.14,22271.0,256.0,176.0
KBL,2/19/2017,524.0,530.0,515.0,524.0,0.0,19671.0,256.0,176.0
KBL,2/20/2017,524.0,539.0,520.0,520.0,-0.76,23135.0,256.0,176.0
KBL,2/21/2017,520.0,540.0,510.0,519.0,-0.19,18377.0,256.0,176.0
KBL,2/22/2017,519.0,524.0,505.0,508.0,-2.12,5062.0,256.0,176.0
KBL,2/23/2017,508.0,515.0,505.0,510.0,0.39,18919.0,256.0,176.0
KBL,2/26/2017,510.0,529.0,517.0,518.0,1.57,62139.0,256.0,176.0
KBL,2/28/2017,518.0,525.0,513.0,515.0,-0.58,62424.0,256.0,176.0
KBL,3/1/2017,515.0,517.0,511.0,513.0,-0.39,76778.0,256.0,176.0
KBL,3/2/2017,513.0,524.0,513.0,516.0,0.58,207349.0,256.0,176.0
KBL,3/5/2017,331.0,339.0,319.0,329.0,-36.24,22551.0,256.0,176.0
KBL,3/6/2017,329.0,335.0,324.0,329.0,0.0,17493.0,256.0,176.0
KBL,3/7/2017,329.0,330.0,322.0,323.0,-1.82,9356.0,256.0,176.0
KBL,3/9/2017,323.0,328.0,324.0,324.0,0.31,7870.0,256.0,176.0
KBL,3/13/2017,324.0,327.0,321.0,322.0,-0.62,7519.0,256.0,176.0
KBL,3/14/2017,322.0,327.0,322.0,322.0,0.0,3658.0,256.0,176.0
KBL,3/15/2017,322.0,324.0,318.0,323.0,0.31,6087.0,256.0,176.0
KBL,3/16/2017,323.0,326.0,320.0,324.0,0.31,3833.0,256.0,176.0
KBL,3/19/2017,324.0,329.0,321.0,325.0,0.31,13104.0,256.0,176.0
KBL,3/20/2017,325.0,332.0,324.0,330.0,1.54,20132.0,256.0,176.0
KBL,3/21/2017,330.0,337.0,324.0,337.0,2.12,15773.0,256.0,176.0
KBL,3/22/2017,337.0,357.0,343.0,345.0,2.37,32531.0,256.0,176.0
KBL,3/23/2017,345.0,350.0,340.0,348.0,0.87,14818.0,256.0,176.0
KBL,3/26/2017,348.0,365.0,352.0,355.0,2.01,21833.0,256.0,176.0
KBL,3/28/2017,355.0,390.0,362.0,379.0,6.76,23609.0,256.0,176.0
KBL,3/29/2017,379.0,408.0,376.0,376.0,-0.79,29680.0,256.0,176.0
KBL,3/30/2017,376.0,375.0,365.0,367.0,-2.39,10821.0,256.0,176.0
KBL,4/2/2017,367.0,395.0,367.0,395.0,7.63,10766.0,256.0,176.0
KBL,4/3/2017,395.0,434.0,385.0,385.0,-2.53,37560.0,256.0,176.0
KBL,4/4/2017,385.0,392.0,373.0,379.0,-1.56,16011.0,256.0,176.0
KBL,4/6/2017,379.0,387.0,375.0,379.0,0.0,14013.0,256.0,176.0
KBL,4/9/2017,379.0,387.0,371.0,371.0,-2.11,17298.0,256.0,176.0
KBL,4/10/2017,371.0,385.0,368.0,372.0,0.27,28563.0,256.0,176.0
KBL,4/11/2017,372.0,392.0,379.0,385.0,3.49,16281.0,256.0,176.0
KBL,4/12/2017,385.0,392.0,380.0,384.0,-0.26,35784.0,256.0,176.0
KBL,4/13/2017,384.0,385.0,375.0,382.0,-0.52,11295.0,256.0,176.0
KBL,4/16/2017,382.0,385.0,368.0,368.0,-3.66,8120.0,256.0,176.0
KBL,4/18/2017,368.0,365.0,345.0,350.0,-4.89,16777.0,256.0,176.0
KBL,4/19/2017,350.0,365.0,351.0,360.0,2.86,21358.0,256.0,176.0
KBL,4/20/2017,360.0,373.0,355.0,355.0,-1.39,25673.0,256.0,176.0
KBL,4/23/2017,355.0,376.0,362.0,368.0,3.66,29259.0,256.0,176.0
KBL,4/24/2017,368.0,380.0,359.0,360.0,-2.17,37958.0,256.0,176.0
KBL,4/25/2017,360.0,364.0,355.0,356.0,-1.11,11796.0,256.0,176.0
KBL,4/26/2017,356.0,360.0,353.0,360.0,1.12,14162.0,256.0,176.0
KBL,4/27/2017,360.0,360.0,354.0,356.0,-1.11,7491.0,256.0,176.0
KBL,4/30/2017,356.0,363.0,347.0,352.0,-1.12,13090.0,256.0,176.0
KBL,5/2/2017,352.0,355.0,345.0,352.0,0.0,11673.0,256.0,176.0
KBL,5/3/2017,352.0,355.0,346.0,348.0,-1.14,7119.0,256.0,176.0
KBL,5/4/2017,348.0,352.0,343.0,345.0,-0.86,11166.0,256.0,176.0
KBL,5/7/2017,345.0,345.0,322.0,328.0,-4.93,46168.0,256.0,176.0
KBL,5/8/2017,328.0,341.0,330.0,334.0,1.83,11436.0,256.0,176.0
KBL,5/9/2017,334.0,345.0,337.0,344.0,2.99,28901.0,256.0,176.0
KBL,5/11/2017,344.0,353.0,338.0,348.0,1.16,29282.0,256.0,176.0
KBL,5/15/2017,348.0,357.0,340.0,340.0,-2.3,5510.0,256.0,176.0
KBL,5/16/2017,340.0,340.0,332.0,338.0,-0.59,4610.0,256.0,176.0
KBL,5/17/2017,338.0,342.0,329.0,335.0,-0.89,6184.0,256.0,176.0
KBL,5/18/2017,335.0,338.0,330.0,335.0,0.0,11474.0,256.0,176.0
KBL,5/21/2017,335.0,340.0,329.0,332.0,-0.9,4827.0,256.0,176.0
KBL,5/22/2017,332.0,332.0,326.0,330.0,-0.6,10834.0,256.0,176.0
KBL,5/23/2017,330.0,342.0,330.0,330.0,0.0,5162.0,256.0,176.0
KBL,5/24/2017,330.0,336.0,331.0,335.0,1.52,10968.0,256.0,176.0
KBL,5/28/2017,335.0,334.0,326.0,326.0,-2.69,6890.0,256.0,176.0
KBL,5/30/2017,326.0,326.0,319.0,324.0,-0.61,8698.0,256.0,176.0
KBL,5/31/2017,324.0,333.0,320.0,332.0,2.47,13121.0,256.0,176.0
KBL,6/1/2017,332.0,334.0,328.0,328.0,-1.2,7855.0,256.0,176.0
KBL,6/4/2017,328.0,326.0,319.0,322.0,-1.83,66446.0,256.0,176.0
KBL,6/5/2017,322.0,335.0,322.0,330.0,2.48,34687.0,256.0,176.0
KBL,6/6/2017,330.0,347.0,330.0,346.0,4.85,53746.0,256.0,176.0
KBL,6/7/2017,346.0,355.0,338.0,340.0,-1.73,26612.0,256.0,176.0
KBL,6/8/2017,340.0,339.0,334.0,339.0,-0.29,10649.0,256.0,176.0
KBL,6/11/2017,339.0,335.0,330.0,334.0,-1.47,11100.0,256.0,176.0
KBL,6/12/2017,334.0,334.0,324.0,326.0,-2.4,15640.0,256.0,176.0
KBL,6/13/2017,326.0,332.0,325.0,326.0,0.0,14488.0,256.0,176.0
KBL,6/14/2017,326.0,329.0,320.0,327.0,0.31,15813.0,256.0,176.0
KBL,6/15/2017,327.0,336.0,324.0,329.0,0.61,14943.0,256.0,176.0
KBL,6/18/2017,329.0,328.0,323.0,323.0,-1.82,11540.0,256.0,176.0
KBL,6/19/2017,323.0,323.0,318.0,318.0,-1.55,13517.0,256.0,176.0
KBL,6/20/2017,318.0,326.0,315.0,324.0,1.89,12333.0,256.0,176.0
KBL,6/21/2017,324.0,325.0,319.0,325.0,0.31,12581.0,256.0,176.0
KBL,6/22/2017,325.0,329.0,320.0,322.0,-0.92,10696.0,256.0,176.0
KBL,6/25/2017,322.0,328.0,321.0,322.0,0.0,18712.0,256.0,176.0
KBL,6/27/2017,322.0,328.0,320.0,324.0,0.62,17754.0,256.0,176.0
KBL,6/28/2017,324.0,326.0,319.0,322.0,-0.62,30580.0,256.0,176.0
KBL,7/2/2017,322.0,323.0,316.0,321.0,-0.31,15041.0,256.0,176.0
KBL,7/3/2017,321.0,325.0,319.0,322.0,0.31,12361.0,256.0,176.0
KBL,7/4/2017,322.0,325.0,310.0,310.0,-3.73,51959.0,256.0,176.0
KBL,7/5/2017,310.0,316.0,309.0,310.0,0.0,89499.0,256.0,176.0
KBL,7/6/2017,310.0,328.0,309.0,326.0,5.16,62381.0,256.0,176.0
KBL,7/9/2017,326.0,338.0,321.0,328.0,0.61,79287.0,256.0,176.0
KBL,7/10/2017,328.0,329.0,322.0,323.0,-1.52,18289.0,256.0,176.0
KBL,7/11/2017,323.0,329.0,323.0,328.0,1.55,20561.0,256.0,176.0
KBL,7/12/2017,328.0,331.0,325.0,327.0,-0.3,19565.0,256.0,176.0
KBL,7/13/2017,327.0,332.0,320.0,327.0,0.0,36271.0,256.0,176.0
KBL,7/16/2017,327.0,334.0,322.0,332.0,1.53,35141.0,256.0,176.0
KBL,7/17/2017,332.0,336.0,330.0,335.0,0.9,28283.0,256.0,176.0
KBL,7/18/2017,335.0,341.0,334.0,338.0,0.9,26398.0,256.0,176.0
KBL,7/19/2017,338.0,341.0,330.0,330.0,-2.37,18660.0,256.0,176.0
KBL,7/20/2017,330.0,335.0,328.0,330.0,0.0,17206.0,256.0,176.0
KBL,7/23/2017,330.0,335.0,325.0,330.0,0.0,16559.0,256.0,176.0
KBL,7/24/2017,330.0,327.0,322.0,323.0,-2.12,13863.0,256.0,176.0
KBL,7/25/2017,323.0,326.0,323.0,323.0,0.0,13221.0,256.0,176.0
KBL,7/26/2017,323.0,325.0,322.0,325.0,0.62,26753.0,256.0,176.0
KBL,7/27/2017,325.0,325.0,321.0,325.0,0.0,21574.0,256.0,176.0
KBL,7/30/2017,325.0,330.0,321.0,326.0,0.31,15900.0,256.0,176.0
KBL,7/31/2017,326.0,329.0,323.0,325.0,-0.31,20850.0,256.0,176.0
KBL,8/1/2017,325.0,325.0,321.0,325.0,0.0,53727.0,256.0,176.0
KBL,8/2/2017,325.0,329.0,324.0,326.0,0.31,22165.0,256.0,176.0
KBL,8/3/2017,326.0,327.0,323.0,325.0,-0.31,12405.0,256.0,176.0
KBL,8/6/2017,325.0,330.0,322.0,322.0,-0.92,24359.0,256.0,176.0
KBL,8/7/2017,322.0,325.0,318.0,321.0,-0.31,22688.0,256.0,176.0
KBL,8/9/2017,321.0,324.0,319.0,321.0,0.0,22312.0,256.0,176.0
KBL,8/10/2017,321.0,323.0,317.0,318.0,-0.93,24375.0,256.0,176.0
KBL,8/13/2017,318.0,320.0,313.0,315.0,-0.94,26505.0,256.0,176.0
KBL,8/15/2017,315.0,317.0,309.0,317.0,0.63,22657.0,256.0,176.0
KBL,8/16/2017,317.0,320.0,313.0,317.0,0.0,25981.0,256.0,176.0
KBL,8/17/2017,317.0,315.0,311.0,312.0,-1.58,16743.0,256.0,176.0
KBL,8/20/2017,312.0,319.0,311.0,312.0,0.0,10860.0,256.0,176.0
KBL,8/21/2017,312.0,315.0,310.0,313.0,0.32,14138.0,256.0,176.0
KBL,8/22/2017,313.0,316.0,311.0,312.0,-0.32,10290.0,256.0,176.0
KBL,8/23/2017,312.0,313.0,310.0,312.0,0.0,18064.0,256.0,176.0
KBL,8/24/2017,312.0,314.0,310.0,312.0,0.0,14889.0,256.0,176.0
KBL,8/27/2017,312.0,312.0,308.0,310.0,-0.64,11765.0,256.0,176.0
KBL,8/28/2017,310.0,310.0,306.0,310.0,0.0,8414.0,256.0,176.0
KBL,8/30/2017,310.0,314.0,301.0,305.0,-1.61,20962.0,256.0,176.0
KBL,8/31/2017,305.0,310.0,300.0,300.0,-1.64,27593.0,256.0,176.0
KBL,9/4/2017,300.0,305.0,292.0,293.0,-2.33,27914.0,256.0,176.0
KBL,9/6/2017,293.0,304.0,290.0,300.0,2.39,12022.0,256.0,176.0
KBL,9/7/2017,300.0,304.0,290.0,295.0,-1.67,24863.0,256.0,176.0
KBL,9/10/2017,295.0,290.0,281.0,285.0,-3.39,38137.0,256.0,176.0
KBL,9/11/2017,285.0,292.0,280.0,286.0,0.35,22495.0,256.0,176.0
KBL,9/12/2017,286.0,289.0,284.0,289.0,1.05,26797.0,256.0,176.0
KBL,9/13/2017,289.0,289.0,282.0,285.0,-1.38,25694.0,256.0,176.0
KBL,9/14/2017,285.0,293.0,284.0,292.0,2.46,35873.0,256.0,176.0
KBL,9/17/2017,292.0,300.0,288.0,297.0,1.71,32237.0,256.0,176.0
KBL,9/18/2017,297.0,298.0,294.0,298.0,0.34,17257.0,256.0,176.0
KBL,9/20/2017,298.0,298.0,291.0,296.0,-0.67,14207.0,256.0,176.0
KBL,9/24/2017,296.0,296.0,292.0,296.0,0.0,16590.0,256.0,176.0
KBL,9/25/2017,296.0,297.0,294.0,295.0,-0.34,8688.0,256.0,176.0
KBL,9/26/2017,295.0,299.0,294.0,297.0,0.68,13289.0,256.0,176.0
KBL,10/3/2017,297.0,302.0,299.0,301.0,1.35,5860.0,256.0,176.0
KBL,10/4/2017,301.0,313.0,297.0,300.0,-0.33,9603.0,256.0,176.0
KBL,10/8/2017,300.0,294.0,285.0,290.0,-3.33,17911.0,256.0,176.0
KBL,10/9/2017,290.0,295.0,288.0,294.0,1.38,10381.0,256.0,176.0
KBL,10/10/2017,294.0,298.0,293.0,295.0,0.34,16284.0,256.0,176.0
KBL,10/11/2017,295.0,296.0,290.0,295.0,0.0,21811.0,256.0,176.0
KBL,10/12/2017,295.0,295.0,290.0,290.0,-1.69,61002.0,256.0,176.0
KBL,10/15/2017,290.0,300.0,291.0,295.0,1.72,49483.0,256.0,176.0
KBL,10/16/2017,295.0,315.0,298.0,315.0,6.78,35376.0,256.0,176.0
KBL,10/17/2017,315.0,316.0,300.0,308.0,-2.22,32144.0,256.0,176.0
KBL,10/18/2017,308.0,314.0,303.0,310.0,0.65,21189.0,256.0,176.0
KBL,10/22/2017,310.0,320.0,310.0,315.0,1.61,18570.0,256.0,176.0
KBL,10/23/2017,315.0,314.0,309.0,313.0,-0.63,15896.0,256.0,176.0
KBL,10/24/2017,313.0,315.0,309.0,310.0,-0.96,12661.0,256.0,176.0
KBL,10/25/2017,310.0,315.0,309.0,312.0,0.65,43801.0,256.0,176.0
KBL,10/29/2017,312.0,312.0,308.0,310.0,-0.64,14297.0,256.0,176.0
KBL,10/30/2017,310.0,314.0,305.0,308.0,-0.65,13844.0,256.0,176.0
KBL,10/31/2017,308.0,308.0,305.0,305.0,-0.97,18128.0,256.0,176.0
KBL,11/1/2017,305.0,306.0,300.0,306.0,0.33,18787.0,256.0,176.0
KBL,11/2/2017,306.0,309.0,303.0,304.0,-0.65,15322.0,256.0,176.0
KBL,11/5/2017,304.0,303.0,293.0,297.0,-2.3,39398.0,256.0,176.0
KBL,11/6/2017,297.0,301.0,292.0,292.0,-1.68,48547.0,256.0,176.0
KBL,11/7/2017,292.0,301.0,288.0,293.0,0.34,23733.0,256.0,176.0
KBL,11/8/2017,293.0,293.0,283.0,291.0,-0.68,16815.0,256.0,176.0
KBL,11/9/2017,291.0,296.0,287.0,292.0,0.34,28577.0,256.0,176.0
KBL,11/12/2017,292.0,296.0,288.0,295.0,1.03,11206.0,256.0,176.0
KBL,11/13/2017,295.0,305.0,294.0,295.0,0.0,12631.0,256.0,176.0
KBL,11/14/2017,295.0,304.0,292.0,303.0,2.71,24854.0,256.0,176.0
KBL,11/15/2017,303.0,302.0,297.0,302.0,-0.33,19768.0,256.0,176.0
KBL,11/16/2017,302.0,302.0,294.0,294.0,-2.65,14772.0,256.0,176.0
KBL,11/19/2017,294.0,298.0,292.0,293.0,-0.34,12232.0,256.0,176.0
KBL,11/20/2017,293.0,294.0,289.0,290.0,-1.02,29733.0,256.0,176.0
KBL,11/21/2017,290.0,297.0,289.0,294.0,1.38,16066.0,256.0,176.0
KBL,11/22/2017,294.0,297.0,291.0,291.0,-1.02,12603.0,256.0,176.0
KBL,11/23/2017,291.0,297.0,294.0,297.0,2.06,8720.0,256.0,176.0
KBL,11/26/2017,297.0,301.0,296.0,300.0,1.01,16167.0,256.0,176.0
KBL,11/27/2017,300.0,302.0,298.0,299.0,-0.33,17085.0,256.0,176.0
KBL,11/28/2017,299.0,299.0,295.0,297.0,-0.67,12803.0,256.0,176.0
KBL,11/29/2017,297.0,307.0,298.0,299.0,0.67,34621.0,256.0,176.0
KBL,11/30/2017,299.0,306.0,300.0,303.0,1.34,22335.0,256.0,176.0
KBL,12/4/2017,303.0,313.0,302.0,307.0,1.32,42630.0,256.0,176.0
KBL,12/5/2017,307.0,307.0,302.0,305.0,-0.65,15284.0,256.0,176.0
KBL,12/6/2017,305.0,311.0,305.0,306.0,0.33,18748.0,256.0,176.0
KBL,12/10/2017,306.0,308.0,303.0,307.0,0.33,9300.0,256.0,176.0
KBL,12/11/2017,307.0,306.0,301.0,306.0,-0.33,17037.0,256.0,176.0
KBL,12/12/2017,306.0,306.0,300.0,300.0,-1.96,13270.0,256.0,176.0
KBL,12/13/2017,300.0,306.0,294.0,306.0,2.0,12677.0,256.0,176.0
KBL,12/14/2017,306.0,309.0,300.0,301.0,-1.63,3364.0,256.0,176.0
KBL,12/17/2017,301.0,302.0,296.0,298.0,-1.0,11018.0,256.0,176.0
KBL,12/18/2017,298.0,304.0,296.0,299.0,0.34,17504.0,256.0,176.0
KBL,12/19/2017,299.0,300.0,294.0,294.0,-1.67,16527.0,256.0,176.0
KBL,12/20/2017,294.0,294.0,291.0,293.0,-0.34,9338.0,256.0,176.0
KBL,12/21/2017,293.0,295.0,292.0,292.0,-0.34,8196.0,256.0,176.0
KBL,12/24/2017,292.0,295.0,291.0,293.0,0.34,17224.0,256.0,176.0
KBL,12/26/2017,293.0,293.0,288.0,291.0,-0.68,11357.0,256.0,176.0
KBL,12/27/2017,291.0,291.0,285.0,288.0,-1.03,18894.0,256.0,176.0
KBL,12/28/2017,288.0,290.0,279.0,290.0,0.69,14904.0,256.0,176.0
KBL,12/31/2017,290.0,286.0,280.0,283.0,-2.41,12211.0,256.0,176.0
KBL,1/1/2018,283.0,293.0,283.0,291.0,2.83,11457.0,256.0,176.0
KBL,1/2/2018,291.0,295.0,283.0,289.0,-0.69,17781.0,256.0,176.0
KBL,1/3/2018,289.0,289.0,283.0,284.0,-1.73,14237.0,256.0,176.0
KBL,1/4/2018,284.0,285.0,282.0,283.0,-0.35,12369.0,256.0,176.0
KBL,1/7/2018,283.0,290.0,284.0,288.0,1.77,17206.0,256.0,176.0
KBL,1/8/2018,288.0,289.0,285.0,289.0,0.35,8451.0,256.0,176.0
KBL,1/9/2018,289.0,299.0,285.0,293.0,1.38,25124.0,256.0,176.0
KBL,1/10/2018,293.0,296.0,287.0,290.0,-1.02,5444.0,256.0,176.0
KBL,1/14/2018,290.0,290.0,284.0,285.0,-1.72,7206.0,256.0,176.0
KBL,1/16/2018,285.0,286.0,281.0,286.0,0.35,12159.0,256.0,176.0
KBL,1/17/2018,286.0,282.0,279.0,280.0,-2.1,32396.0,256.0,176.0
KBL,1/21/2018,280.0,284.0,275.0,275.0,-1.79,12024.0,256.0,176.0
KBL,1/22/2018,275.0,282.0,275.0,278.0,1.09,14403.0,256.0,176.0
KBL,1/23/2018,278.0,283.0,271.0,275.0,-1.08,14727.0,256.0,176.0
KBL,1/24/2018,275.0,276.0,271.0,276.0,0.36,3242.0,256.0,176.0
KBL,1/25/2018,276.0,278.0,271.0,278.0,0.72,15202.0,256.0,176.0
KBL,1/28/2018,278.0,285.0,277.0,279.0,0.36,15563.0,256.0,176.0
KBL,1/29/2018,279.0,281.0,271.0,275.0,-1.43,28018.0,256.0,176.0
KBL,1/31/2018,275.0,276.0,270.0,270.0,-1.82,24560.0,256.0,176.0
KBL,2/1/2018,270.0,279.0,270.0,270.0,0.0,81980.0,256.0,176.0
KBL,2/4/2018,270.0,276.0,270.0,275.0,1.85,109160.0,256.0,176.0
KBL,2/5/2018,275.0,275.0,270.0,270.0,-1.82,39245.0,256.0,176.0
KBL,2/6/2018,270.0,275.0,269.0,270.0,0.0,17403.0,256.0,176.0
KBL,2/7/2018,270.0,272.0,265.0,269.0,-0.37,16441.0,256.0,176.0
KBL,2/8/2018,269.0,274.0,266.0,269.0,0.0,20405.0,256.0,176.0
KBL,2/11/2018,269.0,270.0,265.0,268.0,-0.37,26242.0,256.0,176.0
KBL,2/12/2018,268.0,269.0,265.0,268.0,0.0,17934.0,256.0,176.0
KBL,2/14/2018,268.0,271.0,267.0,271.0,1.12,33759.0,256.0,176.0
KBL,2/15/2018,271.0,283.0,271.0,280.0,3.32,128814.0,256.0,176.0
KBL,2/18/2018,285.0,290.0,278.0,278.0,-0.71,54832.0,256.0,176.0
KBL,2/20/2018,283.0,283.0,272.0,273.0,-1.8,26929.0,256.0,176.0
KBL,2/21/2018,273.0,274.0,271.0,271.0,-0.73,14717.0,256.0,176.0
KBL,2/22/2018,271.0,276.0,270.0,275.0,1.48,20447.0,256.0,176.0
KBL,2/25/2018,274.0,275.0,270.0,270.0,-1.82,19652.0,256.0,176.0
KBL,2/26/2018,270.0,270.0,265.0,270.0,0.0,22989.0,256.0,176.0
KBL,2/27/2018,266.0,272.0,265.0,269.0,-0.37,23952.0,256.0,176.0
KBL,2/28/2018,269.0,269.0,265.0,268.0,-0.37,13165.0,256.0,176.0
KBL,3/4/2018,263.0,265.0,256.0,260.0,-2.99,53580.0,256.0,176.0
KBL,3/5/2018,265.0,265.0,258.0,258.0,-0.77,16754.0,256.0,176.0
KBL,3/6/2018,258.0,265.0,255.0,261.0,1.16,22585.0,256.0,176.0
KBL,3/7/2018,259.0,267.0,259.0,266.0,1.92,33327.0,256.0,176.0
KBL,3/11/2018,267.0,267.0,258.0,263.0,-1.13,20965.0,256.0,176.0
KBL,3/12/2018,260.0,263.0,259.0,263.0,0.0,20974.0,256.0,176.0
KBL,3/13/2018,264.0,267.0,261.0,263.0,0.0,7228.0,256.0,176.0
KBL,3/14/2018,260.0,268.0,260.0,268.0,1.9,10460.0,256.0,176.0
KBL,3/15/2018,263.0,268.0,263.0,265.0,-1.12,23349.0,256.0,176.0
KBL,3/18/2018,268.0,268.0,263.0,267.0,0.75,10392.0,256.0,176.0
KBL,3/19/2018,262.0,266.0,261.0,263.0,-1.5,24645.0,256.0,176.0
KBL,3/20/2018,260.0,260.0,255.0,255.0,-3.04,44571.0,256.0,176.0
KBL,3/21/2018,257.0,257.0,247.0,250.0,-1.96,47641.0,256.0,176.0
KBL,3/22/2018,250.0,252.0,240.0,243.0,-2.8,30433.0,256.0,176.0
KBL,3/26/2018,239.0,241.0,233.0,233.0,-4.12,27892.0,256.0,176.0
KBL,3/27/2018,230.0,241.0,219.0,240.0,3.0,29736.0,256.0,176.0
KBL,3/28/2018,244.0,244.0,228.0,233.0,-2.92,50717.0,256.0,176.0
KBL,3/29/2018,237.0,240.0,233.0,239.0,2.58,67919.0,256.0,176.0
KBL,4/1/2018,243.0,243.0,231.0,238.0,-0.42,19169.0,256.0,176.0
KBL,4/2/2018,235.0,236.0,233.0,235.0,-1.26,13127.0,256.0,176.0
KBL,4/3/2018,237.0,239.0,233.0,237.0,0.85,11011.0,256.0,176.0
KBL,4/4/2018,237.0,247.0,237.0,244.0,2.95,13773.0,256.0,176.0
KBL,4/5/2018,248.0,254.0,245.0,250.0,2.46,36931.0,256.0,176.0
KBL,4/8/2018,255.0,261.0,250.0,259.0,3.6,47190.0,256.0,176.0
KBL,4/9/2018,264.0,268.0,254.0,254.0,-1.93,47468.0,256.0,176.0
KBL,4/10/2018,259.0,259.0,249.0,249.0,-1.97,23785.0,256.0,176.0
KBL,4/11/2018,249.0,253.0,242.0,253.0,1.61,14263.0,256.0,176.0
KBL,4/12/2018,255.0,257.0,250.0,250.0,-1.19,21877.0,256.0,176.0
KBL,4/15/2018,255.0,255.0,248.0,253.0,1.2,26943.0,256.0,176.0
KBL,4/16/2018,253.0,257.0,250.0,254.0,0.4,68638.0,256.0,176.0
KBL,4/17/2018,255.0,259.0,250.0,259.0,1.97,120353.0,256.0,176.0
KBL,4/18/2018,261.0,279.0,253.0,268.0,3.47,94258.0,256.0,176.0
KBL,4/19/2018,273.0,277.0,264.0,270.0,0.75,113469.0,256.0,176.0
KBL,4/22/2018,266.0,287.0,266.0,287.0,6.3,193870.0,256.0,176.0
KBL,4/23/2018,256.0,275.0,254.0,261.0,-9.06,73206.0,256.0,176.0
KBL,4/24/2018,258.0,261.0,251.0,251.0,-3.83,21367.0,256.0,176.0
KBL,4/25/2018,256.0,256.0,250.0,252.0,0.4,17192.0,256.0,176.0
KBL,4/26/2018,255.0,255.0,245.0,250.0,-0.79,21782.0,256.0,176.0
KBL,4/29/2018,250.0,251.0,246.0,246.0,-1.6,25922.0,256.0,176.0
KBL,5/2/2018,247.0,247.0,240.0,245.0,-0.41,15724.0,256.0,176.0
KBL,5/3/2018,249.0,253.0,245.0,250.0,2.04,21529.0,256.0,176.0
KBL,5/6/2018,246.0,253.0,245.0,248.0,-0.8,9741.0,256.0,176.0
KBL,5/7/2018,247.0,248.0,245.0,245.0,-1.21,13686.0,256.0,176.0
KBL,5/8/2018,245.0,248.0,243.0,248.0,1.22,5915.0,256.0,176.0
KBL,5/9/2018,248.0,250.0,245.0,246.0,-0.81,12280.0,256.0,176.0
KBL,5/10/2018,245.0,247.0,244.0,246.0,0.0,10037.0,256.0,176.0
KBL,5/14/2018,246.0,246.0,241.0,241.0,-2.03,12771.0,256.0,176.0
KBL,5/15/2018,240.0,242.0,239.0,240.0,-0.41,12259.0,256.0,176.0
KBL,5/16/2018,241.0,242.0,240.0,242.0,0.83,5567.0,256.0,176.0
KBL,5/17/2018,243.0,246.0,240.0,243.0,0.41,11209.0,256.0,176.0
KBL,5/20/2018,247.0,247.0,240.0,240.0,-1.23,5526.0,256.0,176.0
KBL,5/21/2018,243.0,243.0,240.0,240.0,0.0,8947.0,256.0,176.0
KBL,5/22/2018,240.0,241.0,239.0,240.0,0.0,21001.0,256.0,176.0
KBL,5/23/2018,241.0,241.0,238.0,238.0,-0.83,2636.0,256.0,176.0
KBL,5/24/2018,240.0,240.0,235.0,237.0,-0.42,10444.0,256.0,176.0
KBL,5/27/2018,236.0,236.0,232.0,234.0,-1.27,25809.0,256.0,176.0
KBL,5/28/2018,234.0,241.0,233.0,241.0,2.99,17685.0,256.0,176.0
KBL,5/29/2018,244.0,244.0,236.0,238.0,-1.24,4617.0,256.0,176.0
KBL,5/30/2018,238.0,239.0,230.0,237.0,-0.42,8725.0,256.0,176.0
KBL,5/31/2018,238.0,238.0,230.0,230.0,-2.95,11241.0,256.0,176.0
KBL,6/3/2018,229.0,229.0,217.0,222.0,-3.48,26822.0,256.0,176.0
KBL,6/4/2018,226.0,226.0,221.0,222.0,0.0,13966.0,256.0,176.0
KBL,6/6/2018,225.0,227.0,224.0,224.0,0.9,3146.0,256.0,176.0
KBL,6/7/2018,227.0,227.0,217.0,217.0,-3.12,11895.0,256.0,176.0
KBL,6/10/2018,215.0,217.0,212.0,212.0,-2.3,23428.0,256.0,176.0
KBL,6/11/2018,210.0,219.0,210.0,216.0,1.89,9196.0,256.0,176.0
KBL,6/12/2018,215.0,216.0,210.0,214.0,-0.93,14273.0,256.0,176.0
KBL,6/13/2018,210.0,217.0,209.0,213.0,-0.47,23706.0,256.0,176.0
KBL,6/14/2018,211.0,215.0,211.0,215.0,0.94,5978.0,256.0,176.0
KBL,6/17/2018,218.0,218.0,210.0,213.0,-0.93,7045.0,256.0,176.0
KBL,6/18/2018,209.0,213.0,209.0,213.0,0.0,10032.0,256.0,176.0
KBL,6/19/2018,209.0,212.0,209.0,211.0,-0.94,5485.0,256.0,176.0
KBL,6/20/2018,210.0,212.0,209.0,210.0,-0.47,5483.0,256.0,176.0
KBL,6/21/2018,211.0,214.0,210.0,212.0,0.95,4195.0,256.0,176.0
KBL,6/24/2018,209.0,213.0,209.0,211.0,-0.47,7234.0,256.0,176.0
KBL,6/25/2018,211.0,212.0,209.0,210.0,-0.47,10097.0,256.0,176.0
KBL,6/26/2018,210.0,210.0,205.0,206.0,-1.9,34587.0,256.0,176.0
KBL,6/27/2018,206.0,210.0,206.0,208.0,0.97,6785.0,256.0,176.0
KBL,6/28/2018,210.0,210.0,207.0,209.0,0.48,5921.0,256.0,176.0
KBL,7/1/2018,206.0,206.0,202.0,202.0,-3.35,28144.0,256.0,176.0
KBL,7/2/2018,200.0,203.0,199.0,200.0,-0.99,19519.0,256.0,176.0
KBL,7/3/2018,200.0,202.0,198.0,200.0,0.0,29660.0,256.0,176.0
KBL,7/4/2018,200.0,203.0,198.0,200.0,0.0,36991.0,256.0,176.0
KBL,7/5/2018,198.0,206.0,198.0,205.0,2.5,21510.0,256.0,176.0
KBL,7/8/2018,206.0,207.0,204.0,204.0,-0.49,25664.0,256.0,176.0
KBL,7/9/2018,201.0,201.0,199.0,199.0,-2.45,18403.0,256.0,176.0
KBL,7/10/2018,200.0,200.0,198.0,200.0,0.5,36247.0,256.0,176.0
KBL,7/11/2018,199.0,200.0,195.0,196.0,-2.0,57832.0,256.0,176.0
KBL,7/12/2018,195.0,197.0,187.0,190.0,-3.06,63908.0,256.0,176.0
KBL,7/15/2018,193.0,198.0,193.0,198.0,4.21,16184.0,256.0,176.0
KBL,7/16/2018,198.0,200.0,193.0,199.0,0.51,31419.0,256.0,176.0
KBL,7/17/2018,197.0,200.0,197.0,198.0,-0.5,16737.0,256.0,176.0
KBL,7/18/2018,200.0,200.0,196.0,200.0,1.01,12511.0,256.0,176.0
KBL,7/19/2018,198.0,200.0,197.0,197.0,-1.5,18589.0,256.0,176.0
KBL,7/22/2018,199.0,199.0,193.0,195.0,-1.02,15669.0,256.0,176.0
KBL,7/23/2018,197.0,197.0,193.0,195.0,0.0,6133.0,256.0,176.0
KBL,7/24/2018,195.0,200.0,195.0,196.0,0.51,20089.0,256.0,176.0
KBL,7/25/2018,196.0,200.0,194.0,198.0,1.02,4644.0,256.0,176.0
KBL,7/26/2018,195.0,196.0,194.0,196.0,-1.01,5669.0,256.0,176.0
KBL,7/29/2018,197.0,199.0,196.0,198.0,1.02,8942.0,256.0,176.0
KBL,7/30/2018,198.0,199.0,197.0,198.0,0.0,10333.0,256.0,176.0
KBL,7/31/2018,200.0,200.0,197.0,198.0,0.0,4997.0,256.0,176.0
KBL,8/1/2018,198.0,201.0,198.0,201.0,1.52,15504.0,256.0,176.0
KBL,8/2/2018,199.0,200.0,199.0,200.0,-0.5,7845.0,256.0,176.0
KBL,8/5/2018,199.0,200.0,197.0,200.0,0.0,6464.0,256.0,176.0
KBL,8/6/2018,200.0,200.0,196.0,198.0,-1.0,7464.0,256.0,176.0
KBL,8/7/2018,201.0,201.0,196.0,199.0,0.51,4058.0,256.0,176.0
KBL,8/8/2018,199.0,199.0,198.0,198.0,-0.5,9271.0,256.0,176.0
KBL,8/9/2018,198.0,198.0,196.0,197.0,-0.51,6266.0,256.0,176.0
KBL,8/12/2018,195.0,195.0,191.0,193.0,-2.03,17835.0,256.0,176.0
KBL,8/13/2018,193.0,195.0,193.0,194.0,0.52,3800.0,256.0,176.0
KBL,8/14/2018,195.0,196.0,194.0,196.0,1.03,8357.0,256.0,176.0
KBL,8/15/2018,198.0,208.0,198.0,203.0,3.57,11522.0,256.0,176.0
KBL,8/16/2018,202.0,207.0,199.0,206.0,1.48,22443.0,256.0,176.0
KBL,8/19/2018,210.0,210.0,204.0,205.0,-0.49,15625.0,256.0,176.0
KBL,8/20/2018,203.0,205.0,202.0,203.0,-0.98,9197.0,256.0,176.0
KBL,8/21/2018,203.0,204.0,202.0,202.0,-0.49,5803.0,256.0,176.0
KBL,8/22/2018,202.0,203.0,200.0,203.0,0.5,7301.0,256.0,176.0
KBL,8/23/2018,203.0,205.0,201.0,205.0,0.99,7410.0,256.0,176.0
KBL,8/26/2018,205.0,205.0,201.0,202.0,-1.46,14167.0,256.0,176.0
KBL,8/28/2018,203.0,205.0,203.0,205.0,1.49,12743.0,256.0,176.0
KBL,8/29/2018,205.0,207.0,203.0,207.0,0.98,8945.0,256.0,176.0
KBL,8/30/2018,205.0,206.0,203.0,204.0,-1.45,7538.0,256.0,176.0
KBL,9/2/2018,202.0,213.0,202.0,208.0,1.96,21240.0,256.0,176.0
KBL,9/3/2018,205.0,212.0,204.0,209.0,0.48,78538.0,256.0,176.0
KBL,9/4/2018,209.0,220.0,209.0,216.0,3.35,114406.0,256.0,176.0
KBL,9/5/2018,216.0,237.0,215.0,234.0,8.33,214730.0,256.0,176.0
KBL,9/6/2018,238.0,238.0,228.0,232.0,-0.85,126368.0,256.0,176.0
KBL,9/9/2018,235.0,235.0,225.0,227.0,-2.16,83394.0,256.0,176.0
KBL,9/10/2018,227.0,227.0,221.0,223.0,-1.76,44879.0,256.0,176.0
KBL,9/11/2018,227.0,231.0,224.0,230.0,3.14,100635.0,256.0,176.0
KBL,9/12/2018,230.0,235.0,227.0,233.0,1.3,63490.0,256.0,176.0
KBL,9/13/2018,237.0,238.0,232.0,235.0,0.86,106434.0,256.0,176.0
KBL,9/16/2018,235.0,246.0,235.0,241.0,2.55,181606.0,256.0,176.0
KBL,9/17/2018,240.0,245.0,236.0,239.0,-0.83,91806.0,256.0,176.0
KBL,9/18/2018,238.0,242.0,235.0,241.0,0.84,46312.0,256.0,176.0
KBL,9/20/2018,239.0,244.0,238.0,243.0,0.83,51388.0,256.0,176.0
KBL,9/23/2018,240.0,250.0,240.0,248.0,2.06,89693.0,256.0,176.0
KBL,9/25/2018,250.0,262.0,246.0,260.0,4.84,163923.0,256.0,176.0
KBL,9/26/2018,260.0,268.0,255.0,260.0,0.0,241488.0,256.0,176.0
KBL,9/27/2018,262.0,262.0,256.0,259.0,-0.38,66468.0,256.0,176.0
KBL,9/30/2018,258.0,258.0,253.0,255.0,-1.54,58064.0,256.0,176.0
KBL,10/1/2018,255.0,255.0,248.0,248.0,-2.75,94789.0,256.0,176.0
KBL,10/2/2018,245.0,253.0,245.0,250.0,0.81,66358.0,256.0,176.0
KBL,10/3/2018,249.0,252.0,245.0,245.0,-2.0,49885.0,256.0,176.0
KBL,10/4/2018,245.0,246.0,238.0,243.0,-0.82,54809.0,256.0,176.0
KBL,10/7/2018,242.0,245.0,240.0,240.0,-1.23,37099.0,256.0,176.0
KBL,10/8/2018,240.0,246.0,240.0,246.0,2.5,15757.0,256.0,176.0
KBL,10/9/2018,244.0,247.0,243.0,246.0,0.0,47309.0,256.0,176.0
KBL,10/10/2018,245.0,246.0,242.0,245.0,-0.41,9592.0,256.0,176.0
KBL,10/11/2018,247.0,251.0,243.0,250.0,2.04,27290.0,256.0,176.0
KBL,10/14/2018,250.0,256.0,250.0,256.0,2.4,52356.0,256.0,176.0
KBL,10/15/2018,260.0,260.0,253.0,254.0,-0.78,53411.0,256.0,176.0
KBL,10/21/2018,257.0,258.0,254.0,255.0,0.39,12599.0,256.0,176.0
KBL,10/22/2018,255.0,259.0,254.0,257.0,0.78,22329.0,256.0,176.0
KBL,10/23/2018,259.0,259.0,255.0,257.0,0.0,39495.0,256.0,176.0
KBL,10/24/2018,257.0,260.0,255.0,260.0,1.17,39690.0,256.0,176.0
KBL,10/25/2018,258.0,259.0,255.0,255.0,-1.92,102418.0,256.0,176.0
KBL,10/28/2018,260.0,260.0,250.0,251.0,-1.57,38439.0,256.0,176.0
KBL,10/29/2018,250.0,250.0,247.0,247.0,-1.59,24273.0,256.0,176.0
KBL,10/30/2018,246.0,253.0,246.0,252.0,2.02,19591.0,256.0,176.0
KBL,10/31/2018,250.0,250.0,248.0,249.0,-1.19,10033.0,256.0,176.0
KBL,11/1/2018,249.0,252.0,248.0,248.0,-0.4,32614.0,256.0,176.0
KBL,11/4/2018,245.0,248.0,245.0,246.0,-0.81,18893.0,256.0,176.0
KBL,11/5/2018,247.0,253.0,247.0,253.0,2.85,30993.0,256.0,176.0
KBL,11/6/2018,253.0,253.0,246.0,253.0,0.0,3720.0,256.0,176.0
KBL,11/11/2018,253.0,256.0,250.0,251.0,-0.79,11390.0,256.0,176.0
KBL,11/12/2018,250.0,252.0,246.0,246.0,-1.99,16044.0,256.0,176.0
KBL,11/13/2018,244.0,254.0,244.0,252.0,2.44,6172.0,256.0,176.0
KBL,11/14/2018,257.0,261.0,250.0,254.0,0.79,42137.0,256.0,176.0
KBL,11/15/2018,253.0,256.0,253.0,254.0,0.0,30299.0,256.0,176.0
KBL,11/18/2018,251.0,254.0,250.0,250.0,-1.57,21835.0,256.0,176.0
KBL,11/19/2018,250.0,252.0,248.0,250.0,0.0,23917.0,256.0,176.0
KBL,11/20/2018,250.0,250.0,246.0,248.0,-0.8,10821.0,256.0,176.0
KBL,11/21/2018,252.0,253.0,248.0,252.0,1.61,13975.0,256.0,176.0
KBL,11/22/2018,251.0,253.0,250.0,251.0,-0.4,41861.0,256.0,176.0
KBL,11/25/2018,250.0,250.0,247.0,248.0,-1.2,7982.0,256.0,176.0
KBL,11/26/2018,248.0,249.0,244.0,244.0,-1.61,15677.0,256.0,176.0
KBL,11/27/2018,245.0,248.0,245.0,247.0,1.23,13282.0,256.0,176.0
KBL,11/28/2018,245.0,248.0,245.0,247.0,0.0,9089.0,256.0,176.0
KBL,11/29/2018,247.0,248.0,244.0,246.0,-0.4,23209.0,256.0,176.0
KBL,12/2/2018,246.0,246.0,240.0,243.0,-1.22,31827.0,256.0,176.0
KBL,12/3/2018,245.0,251.0,242.0,246.0,1.23,47852.0,256.0,176.0
KBL,12/4/2018,247.0,249.0,243.0,246.0,0.0,30539.0,256.0,176.0
KBL,12/5/2018,246.0,246.0,238.0,239.0,-2.85,47224.0,256.0,176.0
KBL,12/6/2018,237.0,242.0,237.0,240.0,0.42,35416.0,256.0,176.0
KBL,12/9/2018,240.0,249.0,240.0,249.0,3.75,16601.0,256.0,176.0
KBL,12/10/2018,249.0,251.0,245.0,247.0,-0.8,36792.0,256.0,176.0
KBL,12/11/2018,251.0,251.0,243.0,244.0,-1.21,8911.0,256.0,176.0
KBL,12/12/2018,244.0,247.0,243.0,247.0,1.23,4328.0,256.0,176.0
KBL,12/13/2018,244.0,250.0,244.0,249.0,0.81,19467.0,256.0,176.0
KBL,12/16/2018,250.0,255.0,246.0,251.0,0.8,37691.0,256.0,176.0
KBL,12/17/2018,250.0,254.0,248.0,250.0,-0.4,46926.0,256.0,176.0
KBL,12/18/2018,250.0,251.0,244.0,249.0,-0.4,31210.0,256.0,176.0
KBL,12/19/2018,245.0,248.0,245.0,247.0,-0.8,21870.0,256.0,176.0
KBL,12/20/2018,251.0,251.0,246.0,248.0,0.4,20550.0,256.0,176.0
KBL,12/23/2018,252.0,260.0,250.0,252.0,1.61,23235.0,256.0,176.0
KBL,12/24/2018,255.0,255.0,247.0,247.0,-1.98,27975.0,256.0,176.0
KBL,12/25/2018,249.0,249.0,245.0,246.0,-0.4,14323.0,256.0,176.0
KBL,12/26/2018,249.0,253.0,247.0,253.0,2.85,43448.0,256.0,176.0
KBL,12/27/2018,255.0,258.0,250.0,250.0,-1.19,75896.0,256.0,176.0
KBL,12/30/2018,255.0,255.0,247.0,248.0,-0.8,16952.0,256.0,176.0
KBL,12/31/2018,248.0,250.0,247.0,248.0,0.0,4217.0,256.0,176.0
KBL,1/1/2019,246.0,250.0,246.0,246.0,-0.81,13222.0,256.0,176.0
KBL,1/2/2019,245.0,245.0,244.0,245.0,-0.41,8803.0,256.0,176.0
KBL,1/3/2019,245.0,247.0,245.0,246.0,0.41,8358.0,256.0,176.0
KBL,1/6/2019,246.0,247.0,245.0,246.0,0.0,12980.0,256.0,176.0
KBL,1/7/2019,249.0,249.0,245.0,246.0,0.0,4706.0,256.0,176.0
KBL,1/8/2019,248.0,249.0,247.0,247.0,0.41,14460.0,256.0,176.0
KBL,1/9/2019,246.0,248.0,245.0,245.0,-0.81,10117.0,256.0,176.0
KBL,1/10/2019,249.0,258.0,249.0,253.0,3.27,74479.0,256.0,176.0
KBL,1/13/2019,258.0,258.0,251.0,252.0,-0.4,42732.0,256.0,176.0
KBL,1/14/2019,252.0,254.0,251.0,253.0,0.4,11301.0,256.0,176.0
KBL,1/15/2019,257.0,257.0,253.0,255.0,0.79,20065.0,256.0,176.0
KBL,1/16/2019,252.0,253.0,250.0,251.0,-1.57,12967.0,256.0,176.0
KBL,1/17/2019,248.0,251.0,248.0,251.0,0.0,10863.0,256.0,176.0
KBL,1/20/2019,256.0,256.0,247.0,247.0,-1.59,13168.0,256.0,176.0
KBL,1/21/2019,250.0,252.0,246.0,247.0,0.0,16015.0,256.0,176.0
KBL,1/22/2019,249.0,251.0,248.0,249.0,0.81,14738.0,256.0,176.0
KBL,1/23/2019,250.0,251.0,247.0,250.0,0.4,6674.0,256.0,176.0
KBL,1/24/2019,250.0,250.0,247.0,247.0,-1.2,11419.0,256.0,176.0
KBL,1/27/2019,245.0,247.0,244.0,246.0,-0.4,19934.0,256.0,176.0
KBL,1/28/2019,246.0,247.0,244.0,245.0,-0.41,14391.0,256.0,176.0
KBL,1/29/2019,245.0,248.0,244.0,245.0,0.0,7275.0,256.0,176.0
KBL,1/30/2019,245.0,247.0,244.0,245.0,0.0,15260.0,256.0,176.0
KBL,1/31/2019,244.0,245.0,244.0,245.0,0.0,11869.0,256.0,176.0
KBL,2/3/2019,246.0,246.0,242.0,245.0,0.0,21641.0,256.0,176.0
KBL,2/4/2019,244.0,244.0,242.0,242.0,-1.22,16294.0,256.0,176.0
KBL,2/5/2019,241.0,245.0,241.0,242.0,0.0,12122.0,256.0,176.0
KBL,2/6/2019,242.0,242.0,239.0,239.0,-1.24,25022.0,256.0,176.0
KBL,2/7/2019,238.0,239.0,237.0,238.0,-0.42,9317.0,256.0,176.0
KBL,2/10/2019,237.0,238.0,233.0,235.0,-1.26,8400.0,256.0,176.0
KBL,2/11/2019,232.0,237.0,232.0,235.0,0.0,10199.0,256.0,176.0
KBL,2/12/2019,234.0,239.0,234.0,238.0,1.28,3312.0,256.0,176.0
KBL,2/13/2019,236.0,240.0,236.0,237.0,-0.42,8560.0,256.0,176.0
KBL,2/14/2019,235.0,235.0,231.0,231.0,-2.53,9020.0,256.0,176.0
KBL,2/17/2019,233.0,234.0,230.0,230.0,-0.43,6078.0,256.0,176.0
KBL,2/18/2019,229.0,229.0,225.0,227.0,-1.3,5103.0,256.0,176.0
KBL,2/19/2019,228.0,236.0,226.0,236.0,3.96,11821.0,256.0,176.0
KBL,2/20/2019,233.0,233.0,230.0,230.0,-2.54,5444.0,256.0,176.0
KBL,2/21/2019,228.0,232.0,228.0,232.0,0.87,9786.0,256.0,176.0
KBL,2/24/2019,231.0,231.0,228.0,229.0,-1.29,2218.0,256.0,176.0
KBL,2/25/2019,229.0,234.0,227.0,230.0,0.44,6191.0,256.0,176.0
KBL,2/26/2019,230.0,232.0,229.0,229.0,-0.43,2110.0,256.0,176.0
KBL,2/27/2019,230.0,232.0,230.0,231.0,0.87,5523.0,256.0,176.0
KBL,3/3/2019,231.0,232.0,228.0,229.0,-0.87,9533.0,256.0,176.0
KBL,3/5/2019,227.0,230.0,226.0,228.0,-0.44,10904.0,256.0,176.0
KBL,3/6/2019,228.0,232.0,227.0,231.0,1.32,15777.0,256.0,176.0
KBL,3/7/2019,232.0,235.0,230.0,235.0,1.73,13185.0,256.0,176.0
KBL,3/10/2019,232.0,234.0,230.0,233.0,-0.85,5639.0,256.0,176.0
KBL,3/11/2019,235.0,238.0,233.0,238.0,2.15,12821.0,256.0,176.0
KBL,3/12/2019,242.0,244.0,236.0,241.0,1.26,15840.0,256.0,176.0
KBL,3/13/2019,243.0,245.0,239.0,240.0,-0.41,26630.0,256.0,176.0
KBL,3/14/2019,242.0,242.0,238.0,239.0,-0.42,5233.0,256.0,176.0
KBL,3/17/2019,239.0,241.0,237.0,238.0,-0.42,20224.0,256.0,176.0
KBL,3/18/2019,238.0,241.0,236.0,236.0,-0.84,11957.0,256.0,176.0
KBL,3/19/2019,238.0,238.0,234.0,235.0,-0.42,10206.0,256.0,176.0
KBL,3/21/2019,234.0,235.0,231.0,235.0,0.0,15221.0,256.0,176.0
KBL,3/24/2019,233.0,235.0,230.0,234.0,-0.43,6049.0,256.0,176.0
KBL,3/25/2019,231.0,234.0,231.0,234.0,0.0,10839.0,256.0,176.0
KBL,3/26/2019,234.0,235.0,232.0,235.0,0.43,4479.0,256.0,176.0
KBL,3/27/2019,238.0,239.0,236.0,236.0,0.43,7376.0,256.0,176.0
KBL,3/28/2019,233.0,238.0,233.0,238.0,0.85,5043.0,256.0,176.0
KBL,3/31/2019,240.0,240.0,235.0,237.0,-0.42,12560.0,256.0,176.0
KBL,4/1/2019,237.0,240.0,236.0,239.0,0.84,16762.0,256.0,176.0
KBL,4/2/2019,239.0,247.0,239.0,247.0,3.35,32889.0,256.0,176.0
KBL,4/3/2019,246.0,248.0,243.0,243.0,-1.62,25012.0,256.0,176.0
KBL,4/4/2019,241.0,246.0,240.0,241.0,-0.82,30676.0,256.0,176.0
KBL,4/7/2019,242.0,253.0,241.0,253.0,4.98,57138.0,256.0,176.0
KBL,4/8/2019,256.0,256.0,247.0,250.0,-1.19,73576.0,256.0,176.0
KBL,4/9/2019,252.0,260.0,248.0,254.0,1.6,96968.0,256.0,176.0
KBL,4/10/2019,259.0,265.0,256.0,259.0,1.97,220874.0,256.0,176.0
KBL,4/11/2019,262.0,262.0,258.0,259.0,0.0,139668.0,256.0,176.0
KBL,4/15/2019,262.0,266.0,260.0,262.0,1.16,74857.0,256.0,176.0
KBL,4/16/2019,266.0,266.0,259.0,260.0,-0.76,108970.0,256.0,176.0
KBL,4/17/2019,260.0,264.0,258.0,258.0,-0.77,149003.0,256.0,176.0
KBL,4/18/2019,260.0,269.0,259.0,269.0,4.26,325975.0,256.0,176.0
KBL,4/21/2019,225.0,232.0,225.0,230.0,-14.5,129211.0,256.0,176.0
KBL,4/22/2019,232.0,233.0,223.0,225.0,-2.17,37684.0,256.0,176.0
KBL,4/23/2019,228.0,230.0,220.0,226.0,0.44,28415.0,256.0,176.0
KBL,4/24/2019,229.0,238.0,225.0,235.0,3.98,69877.0,256.0,176.0
KBL,4/25/2019,236.0,240.0,231.0,234.0,-0.43,88185.0,256.0,176.0
KBL,4/28/2019,233.0,236.0,228.0,236.0,0.85,36443.0,256.0,176.0
KBL,4/29/2019,232.0,236.0,228.0,229.0,-2.97,36311.0,256.0,176.0
KBL,4/30/2019,230.0,232.0,220.0,226.0,-1.31,169434.0,256.0,176.0
KBL,5/2/2019,228.0,228.0,222.0,224.0,-0.88,31294.0,256.0,176.0
KBL,5/5/2019,223.0,226.0,219.0,221.0,-1.34,22173.0,256.0,176.0
KBL,5/6/2019,221.0,229.0,219.0,229.0,3.62,37254.0,256.0,176.0
KBL,5/7/2019,230.0,233.0,226.0,228.0,-0.44,47575.0,256.0,176.0
KBL,5/8/2019,226.0,227.0,224.0,225.0,-1.32,3453.0,256.0,176.0
KBL,5/9/2019,225.0,226.0,223.0,223.0,-0.89,9546.0,256.0,176.0
KBL,5/12/2019,224.0,224.0,220.0,221.0,-0.9,28828.0,256.0,176.0
KBL,5/13/2019,220.0,223.0,220.0,221.0,0.0,19156.0,256.0,176.0
KBL,5/14/2019,225.0,226.0,219.0,222.0,0.45,50393.0,256.0,176.0
KBL,5/15/2019,226.0,226.0,222.0,222.0,0.0,39068.0,256.0,176.0
KBL,5/16/2019,223.0,223.0,219.0,221.0,-0.45,43564.0,256.0,176.0
KBL,5/19/2019,220.0,225.0,219.0,221.0,0.0,43335.0,256.0,176.0
KBL,5/20/2019,221.0,222.0,217.0,218.0,-1.36,36182.0,256.0,176.0
KBL,5/21/2019,218.0,224.0,218.0,221.0,1.38,28505.0,256.0,176.0
KBL,5/22/2019,221.0,221.0,218.0,220.0,-0.45,13784.0,256.0,176.0
KBL,5/23/2019,218.0,221.0,217.0,218.0,-0.91,39582.0,256.0,176.0
KBL,5/26/2019,218.0,221.0,217.0,217.0,-0.46,29769.0,256.0,176.0
KBL,5/27/2019,216.0,219.0,216.0,217.0,0.0,11361.0,256.0,176.0
KBL,5/28/2019,221.0,221.0,217.0,218.0,0.46,7306.0,256.0,176.0
KBL,5/29/2019,218.0,221.0,217.0,219.0,0.46,23164.0,256.0,176.0
KBL,5/30/2019,223.0,229.0,219.0,219.0,0.0,58107.0,256.0,176.0
KBL,6/2/2019,220.0,221.0,217.0,218.0,-0.46,22171.0,256.0,176.0
KBL,6/3/2019,216.0,220.0,216.0,217.0,-0.46,10648.0,256.0,176.0
KBL,6/4/2019,218.0,218.0,215.0,216.0,-0.46,12058.0,256.0,176.0
KBL,6/6/2019,215.0,217.0,214.0,216.0,0.0,28791.0,256.0,176.0
KBL,6/10/2019,216.0,216.0,213.0,215.0,-0.46,21622.0,256.0,176.0
KBL,6/11/2019,215.0,216.0,211.0,212.0,-1.4,51449.0,256.0,176.0
KBL,6/12/2019,216.0,216.0,212.0,213.0,0.47,16979.0,256.0,176.0
KBL,6/13/2019,217.0,217.0,211.0,212.0,-0.47,33521.0,256.0,176.0
KBL,6/16/2019,213.0,213.0,208.0,210.0,-0.94,55060.0,256.0,176.0
KBL,6/17/2019,210.0,213.0,209.0,213.0,1.43,30058.0,256.0,176.0
KBL,6/18/2019,211.0,214.0,211.0,211.0,-0.94,16887.0,256.0,176.0
KBL,6/19/2019,211.0,212.0,211.0,211.0,0.0,8889.0,256.0,176.0
KBL,6/20/2019,210.0,215.0,210.0,215.0,1.9,19838.0,256.0,176.0
KBL,6/23/2019,214.0,214.0,210.0,212.0,-1.4,19053.0,256.0,176.0
KBL,6/24/2019,212.0,212.0,210.0,211.0,-0.47,28016.0,256.0,176.0
KBL,6/25/2019,211.0,214.0,211.0,211.0,0.0,32353.0,256.0,176.0
KBL,6/26/2019,211.0,213.0,211.0,212.0,0.47,6987.0,256.0,176.0
KBL,6/27/2019,213.0,214.0,212.0,212.0,0.0,8205.0,256.0,176.0
KBL,6/30/2019,210.0,213.0,210.0,212.0,0.0,28209.0,256.0,176.0
KBL,7/1/2019,209.0,211.0,208.0,210.0,-0.94,24984.0,256.0,176.0
KBL,7/2/2019,210.0,221.0,208.0,221.0,5.24,18749.0,256.0,176.0
KBL,7/3/2019,220.0,222.0,214.0,222.0,0.45,32719.0,256.0,176.0
KBL,7/4/2019,222.0,223.0,217.0,217.0,-2.25,39257.0,256.0,176.0
KBL,7/7/2019,219.0,226.0,219.0,220.0,1.38,114295.0,256.0,176.0
KBL,7/8/2019,221.0,223.0,218.0,218.0,-0.91,66793.0,256.0,176.0
KBL,7/9/2019,218.0,220.0,217.0,219.0,0.46,30914.0,256.0,176.0
KBL,7/10/2019,219.0,220.0,217.0,220.0,0.46,30952.0,256.0,176.0
KBL,7/11/2019,220.0,221.0,218.0,220.0,0.0,40333.0,256.0,176.0
KBL,7/14/2019,220.0,221.0,218.0,220.0,0.0,8994.0,256.0,176.0
KBL,7/15/2019,219.0,222.0,219.0,222.0,0.91,5177.0,256.0,176.0
KBL,7/16/2019,233.0,233.0,219.0,220.0,-0.9,11649.0,256.0,176.0
KBL,7/17/2019,219.0,223.0,219.0,222.0,0.91,22470.0,256.0,176.0
KBL,7/18/2019,223.0,227.0,223.0,224.0,0.9,19110.0,256.0,176.0
KBL,7/21/2019,223.0,223.0,219.0,221.0,-1.34,29072.0,256.0,176.0
KBL,7/22/2019,223.0,223.0,221.0,223.0,0.9,24172.0,256.0,176.0
KBL,7/23/2019,223.0,224.0,220.0,221.0,-0.9,9809.0,256.0,176.0
KBL,7/24/2019,222.0,225.0,221.0,224.0,1.36,29735.0,256.0,176.0
KBL,7/25/2019,221.0,223.0,220.0,221.0,-1.34,29360.0,256.0,176.0
KBL,7/28/2019,217.0,219.0,215.0,216.0,-2.26,36855.0,256.0,176.0
KBL,7/29/2019,216.0,219.0,215.0,216.0,0.0,20982.0,256.0,176.0
KBL,7/30/2019,218.0,218.0,215.0,215.0,-0.46,13910.0,256.0,176.0
KBL,7/31/2019,216.0,218.0,214.0,216.0,0.47,13205.0,256.0,176.0
KBL,8/1/2019,218.0,218.0,215.0,215.0,-0.46,18658.0,256.0,176.0
KBL,8/4/2019,216.0,216.0,214.0,215.0,0.0,12606.0,256.0,176.0
KBL,8/5/2019,225.0,225.0,213.0,214.0,-0.47,18997.0,256.0,176.0
KBL,8/6/2019,215.0,215.0,210.0,210.0,-1.87,28743.0,256.0,176.0
KBL,8/7/2019,211.0,213.0,208.0,211.0,0.48,28647.0,256.0,176.0
KBL,8/8/2019,212.0,212.0,209.0,211.0,0.0,14443.0,256.0,176.0
KBL,8/11/2019,210.0,210.0,207.0,207.0,-1.9,32958.0,256.0,176.0
KBL,8/12/2019,209.0,210.0,206.0,207.0,0.0,25266.0,256.0,176.0
KBL,8/13/2019,207.0,209.0,206.0,207.0,0.0,13683.0,256.0,176.0
KBL,8/14/2019,205.0,207.0,204.0,206.0,-0.48,26134.0,256.0,176.0
KBL,8/15/2019,207.0,207.0,203.0,204.0,-0.97,20667.0,256.0,176.0
KBL,8/18/2019,206.0,210.0,201.0,202.0,-0.98,16714.0,256.0,176.0
KBL,8/19/2019,203.0,210.0,203.0,205.0,1.49,33235.0,256.0,176.0
KBL,8/20/2019,206.0,206.0,204.0,205.0,0.0,6274.0,256.0,176.0
KBL,8/21/2019,205.0,205.0,203.0,204.0,-0.49,16764.0,256.0,176.0
KBL,8/22/2019,205.0,207.0,203.0,203.0,-0.49,17662.0,256.0,176.0
KBL,8/25/2019,202.0,205.0,200.0,203.0,0.0,26983.0,256.0,176.0
KBL,8/26/2019,201.0,203.0,200.0,202.0,-0.49,31534.0,256.0,176.0
KBL,8/27/2019,203.0,204.0,201.0,203.0,0.5,30937.0,256.0,176.0
KBL,8/28/2019,203.0,206.0,202.0,203.0,0.0,172453.0,256.0,176.0
KBL,8/29/2019,201.0,205.0,201.0,203.0,0.0,80214.0,256.0,176.0
KBL,9/1/2019,203.0,206.0,202.0,202.0,-0.49,46032.0,256.0,176.0
KBL,9/2/2019,203.0,204.0,200.0,201.0,-0.5,94195.0,256.0,176.0
KBL,9/3/2019,203.0,204.0,199.0,204.0,1.49,74299.0,256.0,176.0
KBL,9/4/2019,206.0,207.0,203.0,206.0,0.98,49704.0,256.0,176.0
KBL,9/5/2019,205.0,206.0,202.0,203.0,-1.46,32551.0,256.0,176.0
KBL,9/8/2019,202.0,205.0,202.0,203.0,0.0,45770.0,256.0,176.0
KBL,9/9/2019,203.0,205.0,202.0,203.0,0.0,58920.0,256.0,176.0
KBL,9/10/2019,203.0,204.0,200.0,203.0,0.0,62522.0,256.0,176.0
KBL,9/11/2019,204.0,204.0,202.0,204.0,0.49,26475.0,256.0,176.0
KBL,9/12/2019,203.0,207.0,203.0,203.0,-0.49,128013.0,256.0,176.0
KBL,9/15/2019,182.0,183.0,180.0,180.0,-11.33,35906.0,256.0,176.0
KBL,9/16/2019,181.0,181.0,177.0,178.0,-1.11,34022.0,256.0,176.0
KBL,9/17/2019,179.0,185.0,179.0,185.0,3.93,26263.0,256.0,176.0
KBL,9/18/2019,188.0,188.0,182.0,185.0,0.0,24288.0,256.0,176.0
KBL,9/19/2019,185.0,185.0,182.0,182.0,-1.62,15178.0,256.0,176.0
KBL,9/22/2019,177.0,179.0,176.0,178.0,-2.2,15629.0,256.0,176.0
KBL,9/23/2019,179.0,179.0,176.0,178.0,0.0,9475.0,256.0,176.0
KBL,9/24/2019,178.0,178.0,176.0,178.0,0.0,14341.0,256.0,176.0
KBL,9/25/2019,176.0,178.0,176.0,176.0,-1.12,8550.0,256.0,176.0
KBL,9/26/2019,176.0,177.0,175.0,175.0,-0.57,22371.0,256.0,176.0
KBL,9/29/2019,177.0,177.0,174.0,175.0,0.0,13929.0,256.0,176.0
KBL,9/30/2019,177.0,178.0,174.0,178.0,1.71,18312.0,256.0,176.0
KBL,10/1/2019,178.0,180.0,178.0,179.0,0.56,4502.0,256.0,176.0
KBL,10/2/2019,181.0,183.0,179.0,179.0,0.0,13743.0,256.0,176.0
KBL,10/3/2019,180.0,184.0,180.0,182.0,1.68,13802.0,256.0,176.0
KBL,10/10/2019,183.0,183.0,181.0,181.0,-0.55,1043.0,256.0,176.0
KBL,10/14/2019,179.0,181.0,178.0,179.0,-1.1,6658.0,256.0,176.0
KBL,10/15/2019,179.0,182.0,178.0,182.0,1.68,12951.0,256.0,176.0
KBL,10/16/2019,182.0,182.0,180.0,182.0,0.0,12313.0,256.0,176.0
KBL,10/17/2019,182.0,182.0,181.0,181.0,-0.55,9001.0,256.0,176.0
KBL,10/20/2019,180.0,181.0,178.0,178.0,-1.66,13076.0,256.0,176.0
KBL,10/21/2019,178.0,182.0,178.0,181.0,1.69,13163.0,256.0,176.0
KBL,10/22/2019,182.0,183.0,180.0,183.0,1.1,7833.0,256.0,176.0
KBL,10/23/2019,181.0,185.0,181.0,185.0,1.09,6205.0,256.0,176.0
KBL,10/24/2019,183.0,186.0,183.0,186.0,0.54,23280.0,256.0,176.0
KBL,10/31/2019,186.0,186.0,180.0,180.0,-3.23,11670.0,256.0,176.0
KBL,11/3/2019,180.0,183.0,178.0,180.0,0.0,11770.0,256.0,176.0
KBL,11/4/2019,178.0,182.0,178.0,182.0,1.11,5650.0,256.0,176.0
KBL,11/5/2019,182.0,184.0,181.0,182.0,0.0,7416.0,256.0,176.0
KBL,11/6/2019,182.0,182.0,181.0,181.0,-0.55,10457.0,256.0,176.0
KBL,11/7/2019,181.0,181.0,178.0,179.0,-1.1,21540.0,256.0,176.0
KBL,11/10/2019,185.0,185.0,176.0,179.0,0.0,11990.0,256.0,176.0
KBL,11/11/2019,179.0,185.0,178.0,185.0,3.35,47655.0,256.0,176.0
KBL,11/12/2019,184.0,184.0,180.0,180.0,-2.7,6783.0,256.0,176.0
KBL,11/13/2019,178.0,180.0,177.0,180.0,0.0,19355.0,256.0,176.0
KBL,11/14/2019,179.0,180.0,177.0,180.0,0.0,8145.0,256.0,176.0
KBL,11/17/2019,180.0,180.0,178.0,178.0,-1.11,18677.0,256.0,176.0
KBL,11/18/2019,177.0,179.0,177.0,179.0,0.56,13993.0,256.0,176.0
KBL,11/19/2019,179.0,180.0,177.0,179.0,0.0,17232.0,256.0,176.0
KBL,11/20/2019,180.0,182.0,178.0,179.0,0.0,11214.0,256.0,176.0
KBL,11/21/2019,178.0,179.0,176.0,177.0,-1.12,15749.0,256.0,176.0
KBL,11/24/2019,176.0,177.0,174.0,177.0,0.0,15046.0,256.0,176.0
KBL,11/25/2019,175.0,180.0,175.0,180.0,1.69,8432.0,256.0,176.0
KBL,11/26/2019,180.0,180.0,177.0,179.0,-0.56,7958.0,256.0,176.0
KBL,11/27/2019,177.0,180.0,176.0,180.0,0.56,8671.0,256.0,176.0
KBL,11/28/2019,178.0,179.0,177.0,179.0,-0.56,5912.0,256.0,176.0
KBL,12/1/2019,176.0,177.0,175.0,176.0,-1.68,17169.0,256.0,176.0
KBL,12/2/2019,176.0,178.0,176.0,178.0,1.14,5652.0,256.0,176.0
KBL,12/3/2019,178.0,180.0,177.0,180.0,1.12,13610.0,256.0,176.0
KBL,12/4/2019,180.0,180.0,177.0,179.0,-0.56,12868.0,256.0,176.0
KBL,12/5/2019,179.0,179.0,177.0,179.0,0.0,12129.0,256.0,176.0
KBL,12/8/2019,177.0,180.0,177.0,179.0,0.0,6702.0,256.0,176.0
KBL,12/9/2019,179.0,181.0,179.0,180.0,0.56,26059.0,256.0,176.0
KBL,12/10/2019,183.0,183.0,181.0,182.0,1.11,13700.0,256.0,176.0
KBL,12/11/2019,184.0,184.0,181.0,184.0,1.1,6123.0,256.0,176.0
KBL,12/12/2019,183.0,184.0,182.0,182.0,-1.09,8107.0,256.0,176.0
KBL,12/15/2019,183.0,187.0,182.0,183.0,0.55,42743.0,256.0,176.0
KBL,12/16/2019,186.0,186.0,181.0,181.0,-1.09,19515.0,256.0,176.0
KBL,12/17/2019,181.0,182.0,180.0,181.0,0.0,9702.0,256.0,176.0
KBL,12/18/2019,180.0,181.0,179.0,179.0,-1.1,4382.0,256.0,176.0
KBL,12/19/2019,182.0,182.0,177.0,179.0,0.0,10649.0,256.0,176.0
KBL,12/22/2019,179.0,181.0,178.0,178.0,-0.56,5710.0,256.0,176.0
KBL,12/23/2019,180.0,183.0,178.0,183.0,2.81,15903.0,256.0,176.0
KBL,12/24/2019,183.0,184.0,180.0,181.0,-1.09,8167.0,256.0,176.0
KBL,12/25/2019,181.0,182.0,178.0,179.0,-1.1,14375.0,256.0,176.0
KBL,12/26/2019,181.0,182.0,178.0,179.0,0.0,7241.0,256.0,176.0
KBL,12/29/2019,178.0,179.0,176.0,179.0,0.0,15662.0,256.0,176.0
KBL,12/30/2019,178.0,179.0,176.0,178.0,-0.56,65326.0,256.0,176.0
KBL,12/31/2019,178.0,178.0,176.0,177.0,-0.56,15870.0,256.0,176.0
KBL,1/1/2020,177.0,179.0,177.0,177.0,0.0,24061.0,256.0,176.0
KBL,1/2/2020,177.0,179.0,176.0,177.0,0.0,25982.0,256.0,176.0
KBL,1/5/2020,178.0,183.0,178.0,181.0,2.26,48210.0,256.0,176.0
KBL,1/6/2020,180.0,188.0,180.0,186.0,2.76,79056.0,256.0,176.0
KBL,1/7/2020,185.0,192.0,185.0,188.0,1.08,96470.0,256.0,176.0
KBL,1/8/2020,190.0,190.0,185.0,186.0,-1.06,39138.0,256.0,176.0
KBL,1/9/2020,185.0,186.0,185.0,186.0,0.0,27408.0,256.0,176.0
KBL,1/12/2020,188.0,193.0,186.0,193.0,3.76,109650.0,256.0,176.0
KBL,1/13/2020,196.0,200.0,192.0,192.0,-0.52,159169.0,256.0,176.0
KBL,1/14/2020,195.0,196.0,190.0,190.0,-1.04,79747.0,256.0,176.0
KBL,1/15/2020,191.0,203.0,191.0,196.0,3.16,71946.0,256.0,176.0
KBL,1/16/2020,199.0,203.0,196.0,203.0,3.57,201707.0,256.0,176.0
KBL,1/19/2020,207.0,208.0,202.0,204.0,0.49,140222.0,256.0,176.0
KBL,1/20/2020,208.0,208.0,200.0,201.0,-1.47,114230.0,256.0,176.0
KBL,1/21/2020,200.0,202.0,197.0,200.0,-0.5,52143.0,256.0,176.0
KBL,1/22/2020,200.0,200.0,196.0,198.0,-1.0,32223.0,256.0,176.0
KBL,1/23/2020,198.0,198.0,195.0,195.0,-1.52,41682.0,256.0,176.0
KBL,1/26/2020,192.0,194.0,189.0,189.0,-3.08,38192.0,256.0,176.0
KBL,1/27/2020,192.0,195.0,189.0,194.0,2.65,34708.0,256.0,176.0
KBL,1/28/2020,195.0,195.0,192.0,193.0,-0.52,29700.0,256.0,176.0
KBL,1/29/2020,192.0,195.0,190.0,193.0,0.0,23057.0,256.0,176.0
KBL,1/30/2020,192.0,204.0,191.0,196.0,1.55,44068.0,256.0,176.0
KBL,2/2/2020,195.0,202.0,195.0,198.0,1.02,120275.0,256.0,176.0
KBL,2/3/2020,200.0,205.0,200.0,202.0,2.02,166282.0,256.0,176.0
KBL,2/4/2020,203.0,203.0,198.0,199.0,-1.49,95987.0,256.0,176.0
KBL,2/5/2020,199.0,202.0,197.0,200.0,0.5,37266.0,256.0,176.0
KBL,2/6/2020,197.0,200.0,197.0,197.0,-1.5,43764.0,256.0,176.0
KBL,2/9/2020,197.0,198.0,193.0,195.0,-1.02,35905.0,256.0,176.0
KBL,2/10/2020,196.0,197.0,193.0,196.0,0.51,40579.0,256.0,176.0
KBL,2/11/2020,199.0,199.0,195.0,198.0,1.02,29137.0,256.0,176.0
KBL,2/12/2020,198.0,200.0,194.0,194.0,-2.02,53554.0,256.0,176.0
KBL,2/13/2020,195.0,195.0,192.0,193.0,-0.52,61169.0,256.0,176.0
KBL,2/16/2020,193.0,195.0,192.0,194.0,0.52,36607.0,256.0,176.0
KBL,2/17/2020,195.0,201.0,195.0,196.0,1.03,79048.0,256.0,176.0
KBL,2/18/2020,199.0,204.0,196.0,197.0,0.51,100782.0,256.0,176.0
KBL,2/19/2020,198.0,199.0,195.0,196.0,-0.51,60879.0,256.0,176.0
KBL,2/20/2020,196.0,197.0,195.0,196.0,0.0,77919.0,256.0,176.0
KBL,2/23/2020,198.0,215.0,198.0,212.0,8.16,285679.0,256.0,176.0
KBL,2/24/2020,215.0,219.0,208.0,208.0,-1.89,330551.0,256.0,176.0
KBL,2/25/2020,218.0,218.0,203.0,211.0,1.44,110559.0,256.0,176.0
KBL,2/26/2020,215.0,218.0,213.0,216.0,2.37,205774.0,256.0,176.0
KBL,2/27/2020,218.0,236.0,210.0,228.0,5.56,410685.0,256.0,176.0
KBL,3/1/2020,232.0,240.0,227.0,227.0,-0.44,385322.0,256.0,176.0
KBL,3/2/2020,231.0,231.0,217.0,217.0,-4.41,140502.0,256.0,176.0
KBL,3/3/2020,213.0,224.0,208.0,220.0,1.38,215512.0,256.0,176.0
KBL,3/4/2020,231.0,231.0,209.0,211.0,-4.09,151592.0,256.0,176.0
KBL,3/5/2020,207.0,215.0,205.0,210.0,-0.47,123635.0,256.0,176.0
KBL,3/10/2020,212.0,212.0,198.0,199.0,-5.24,72337.0,256.0,176.0
KBL,3/11/2020,197.0,212.0,197.0,207.0,4.02,90918.0,256.0,176.0
KBL,3/12/2020,207.0,209.0,199.0,200.0,-3.38,129172.0,256.0,176.0
KBL,3/15/2020,197.0,198.0,186.0,193.0,-3.5,140154.0,256.0,176.0
KBL,3/16/2020,193.0,197.0,188.0,192.0,-0.52,59460.0,256.0,176.0
KBL,3/17/2020,190.0,191.0,183.0,183.0,-4.69,73862.0,256.0,176.0
KBL,3/18/2020,182.0,186.0,178.0,184.0,0.55,68416.0,256.0,176.0
KBL,3/19/2020,181.0,189.0,172.0,185.0,0.54,76824.0,256.0,176.0
KBL,3/22/2020,184.0,184.0,176.0,177.0,-4.32,13858.0,256.0,176.0
KBL,5/12/2020,174.0,174.0,172.0,172.0,-2.82,270.0,256.0,176.0
KBL,5/13/2020,169.0,169.0,167.0,167.0,-2.91,520.0,256.0,176.0
KBL,6/29/2020,164.0,167.0,153.0,166.0,-0.6,25228.0,256.0,176.0
KBL,6/30/2020,168.0,178.0,168.0,177.0,6.63,7320.0,256.0,176.0
KBL,7/1/2020,180.0,192.0,180.0,191.0,7.91,22400.0,256.0,176.0
KBL,7/2/2020,200.0,200.0,176.0,176.0,-7.85,13334.0,256.0,176.0
KBL,7/5/2020,173.0,183.0,165.0,176.0,0.0,55434.0,256.0,176.0
KBL,7/6/2020,179.0,185.0,176.0,184.0,4.55,41914.0,256.0,176.0
KBL,7/7/2020,184.0,192.0,184.0,188.0,2.17,81152.0,256.0,176.0
KBL,7/8/2020,189.0,192.0,182.0,189.0,0.53,45047.0,256.0,176.0
KBL,7/9/2020,187.0,189.0,185.0,187.0,-1.06,46362.0,256.0,176.0
KBL,7/12/2020,189.0,190.0,184.0,184.0,-1.6,77001.0,256.0,176.0
KBL,7/13/2020,184.0,186.0,183.0,185.0,0.54,57193.0,256.0,176.0
KBL,7/14/2020,185.0,188.0,185.0,186.0,0.54,13199.0,256.0,176.0
KBL,7/15/2020,184.0,188.0,184.0,186.0,0.0,36728.0,256.0,176.0
KBL,7/16/2020,185.0,196.0,185.0,195.0,4.84,54294.0,256.0,176.0
KBL,7/19/2020,198.0,201.0,198.0,201.0,3.08,20.0,256.0,176.0
KBL,7/20/2020,211.0,221.0,199.0,204.0,1.49,195858.0,256.0,176.0
KBL,7/21/2020,204.0,207.0,198.0,205.0,0.49,118597.0,256.0,176.0
KBL,7/22/2020,205.0,206.0,199.0,199.0,-2.93,58467.0,256.0,176.0
KBL,7/23/2020,208.0,208.0,198.0,200.0,0.5,36053.0,256.0,176.0
KBL,7/26/2020,202.0,203.0,199.0,203.0,1.5,52209.0,256.0,176.0
KBL,7/27/2020,203.0,204.0,199.0,200.0,-1.48,61573.0,256.0,176.0
KBL,7/28/2020,198.0,202.0,197.0,201.0,0.5,55464.0,256.0,176.0
KBL,7/29/2020,200.0,201.0,198.0,198.0,-1.49,88038.0,256.0,176.0
KBL,7/30/2020,198.0,199.0,195.0,199.0,0.51,32696.0,256.0,176.0
KBL,8/2/2020,199.0,199.0,190.0,191.0,-4.02,90908.0,256.0,176.0
KBL,8/3/2020,190.0,197.0,190.0,193.0,1.05,34736.0,256.0,176.0
KBL,8/5/2020,193.0,193.0,187.0,189.0,-2.07,64846.0,256.0,176.0
KBL,8/6/2020,189.0,192.0,186.0,192.0,1.59,38730.0,256.0,176.0
KBL,8/9/2020,189.0,192.0,186.0,191.0,-0.52,34379.0,256.0,176.0
KBL,8/10/2020,194.0,195.0,189.0,193.0,1.05,43415.0,256.0,176.0
KBL,8/11/2020,196.0,197.0,192.0,193.0,0.0,32037.0,256.0,176.0
KBL,8/12/2020,191.0,193.0,190.0,193.0,0.0,58978.0,256.0,176.0
KBL,8/13/2020,191.0,194.0,191.0,192.0,-0.52,30879.0,256.0,176.0
KBL,8/16/2020,190.0,190.0,180.0,184.0,-4.17,268684.0,256.0,176.0
KBL,8/17/2020,184.0,188.0,181.0,186.0,1.09,195860.0,256.0,176.0
KBL,8/18/2020,186.0,187.0,183.0,186.0,0.0,102980.0,256.0,176.0
KBL,8/19/2020,184.0,185.0,181.0,182.0,-2.15,46782.0,256.0,176.0
KBL,8/20/2020,183.0,185.0,182.0,184.0,1.1,21027.0,256.0,176.0
KBL,8/23/2020,186.0,186.0,182.0,184.0,0.0,28875.0,256.0,176.0
KBL,8/24/2020,186.0,189.0,184.0,189.0,2.72,123869.0,256.0,176.0
KBL,8/25/2020,189.0,191.0,185.0,187.0,-1.06,74501.0,256.0,176.0
KBL,8/26/2020,189.0,191.0,186.0,189.0,1.07,169001.0,256.0,176.0
KBL,8/27/2020,192.0,195.0,189.0,192.0,1.59,194514.0,256.0,176.0
KBL,8/30/2020,195.0,195.0,188.0,191.0,-0.52,48089.0,256.0,176.0
KBL,8/31/2020,191.0,193.0,188.0,191.0,0.0,169620.0,256.0,176.0
KBL,9/2/2020,190.0,194.0,190.0,193.0,1.05,161571.0,256.0,176.0
KBL,9/3/2020,195.0,196.0,190.0,192.0,-0.52,97884.0,256.0,176.0
KBL,9/6/2020,201.0,201.0,187.0,190.0,-1.04,121778.0,256.0,176.0
KBL,9/7/2020,189.0,192.0,186.0,188.0,-1.05,56848.0,256.0,176.0
KBL,9/8/2020,189.0,189.0,186.0,188.0,0.0,59838.0,256.0,176.0
KBL,9/9/2020,191.0,191.0,185.0,186.0,-1.06,58968.0,256.0,176.0
KBL,9/10/2020,188.0,190.0,185.0,187.0,0.54,35399.0,256.0,176.0
KBL,9/13/2020,188.0,190.0,184.0,187.0,0.0,147312.0,256.0,176.0
KBL,9/14/2020,188.0,191.0,187.0,189.0,1.07,167236.0,256.0,176.0
KBL,9/15/2020,190.0,198.0,190.0,195.0,3.17,367027.0,256.0,176.0
KBL,9/16/2020,196.0,196.0,192.0,194.0,-0.51,110506.0,256.0,176.0
KBL,9/17/2020,196.0,205.0,193.0,203.0,4.64,346597.0,256.0,176.0
KBL,9/20/2020,213.0,213.0,204.0,210.0,3.45,294763.0,256.0,176.0
KBL,9/21/2020,220.0,220.0,205.0,208.0,-0.95,180415.0,256.0,176.0
KBL,9/22/2020,200.0,208.0,200.0,203.0,-2.4,220763.0,256.0,176.0
KBL,9/23/2020,193.0,207.0,193.0,205.0,0.99,199496.0,256.0,176.0
KBL,9/24/2020,205.0,208.0,204.0,206.0,0.49,176786.0,256.0,176.0
KBL,9/27/2020,208.0,218.0,206.0,215.0,4.37,615990.0,256.0,176.0
KBL,9/28/2020,215.0,221.0,213.0,214.0,-0.47,223596.0,256.0,176.0
KBL,9/29/2020,217.0,217.0,210.0,212.0,-0.93,159365.0,256.0,176.0
KBL,9/30/2020,215.0,215.0,208.0,212.0,0.0,96181.0,256.0,176.0
KBL,10/1/2020,202.0,220.0,202.0,217.0,2.36,312769.0,256.0,176.0
KBL,10/4/2020,220.0,221.0,216.0,217.0,0.0,451801.0,256.0,176.0
KBL,10/5/2020,219.0,224.0,219.0,222.0,2.3,445429.0,256.0,176.0
KBL,10/6/2020,225.0,227.0,223.0,226.0,1.8,269620.0,256.0,176.0
KBL,10/7/2020,237.0,237.0,225.0,228.0,0.88,245979.0,256.0,176.0
KBL,10/8/2020,239.0,239.0,224.0,230.0,0.88,372222.0,256.0,176.0
KBL,10/11/2020,232.0,233.0,227.0,228.0,-0.87,246446.0,256.0,176.0
KBL,10/12/2020,229.0,229.0,222.0,229.0,0.44,191686.0,256.0,176.0
KBL,10/13/2020,240.0,240.0,223.0,223.0,-2.62,80619.0,256.0,176.0
KBL,10/14/2020,220.0,225.0,220.0,221.0,-0.9,100656.0,256.0,176.0
KBL,10/15/2020,225.0,225.0,220.0,223.0,0.9,135389.0,256.0,176.0
KBL,10/18/2020,220.0,225.0,220.0,222.0,-0.45,106628.0,256.0,176.0
KBL,10/19/2020,221.0,225.0,221.0,225.0,1.35,69203.0,256.0,176.0
KBL,10/20/2020,223.0,229.0,223.0,227.0,0.89,117879.0,256.0,176.0
KBL,10/21/2020,230.0,236.0,228.0,236.0,3.96,360648.0,256.0,176.0
KBL,10/22/2020,245.0,245.0,235.0,237.0,0.42,595871.0,256.0,176.0
KBL,10/28/2020,240.0,246.0,235.0,246.0,3.8,382237.0,256.0,176.0
KBL,10/29/2020,250.0,250.0,238.0,239.0,-2.85,339092.0,256.0,176.0
KBL,11/1/2020,250.0,250.0,236.0,239.0,0.0,259335.0,256.0,176.0
KBL,11/2/2020,237.0,239.0,235.0,236.0,-1.26,144444.0,256.0,176.0
KBL,11/3/2020,233.0,238.0,233.0,236.0,0.0,77266.0,256.0,176.0
KBL,11/4/2020,236.0,237.0,234.0,235.0,-0.42,92248.0,256.0,176.0
KBL,11/5/2020,237.0,238.0,233.0,234.0,-0.43,115508.0,256.0,176.0
KBL,11/8/2020,240.0,242.0,234.0,238.0,1.71,244645.0,256.0,176.0
KBL,11/9/2020,241.0,241.0,236.0,238.0,0.0,263246.0,256.0,176.0
KBL,11/10/2020,245.0,245.0,235.0,237.0,-0.42,243648.0,256.0,176.0
KBL,11/11/2020,239.0,241.0,236.0,240.0,1.27,234803.0,256.0,176.0
KBL,11/12/2020,242.0,243.0,239.0,240.0,0.0,214772.0,256.0,176.0
KBL,11/18/2020,240.0,245.0,238.0,238.0,-0.83,250835.0,256.0,176.0
KBL,11/19/2020,242.0,242.0,236.0,239.0,0.42,276712.0,256.0,176.0
KBL,11/22/2020,243.0,249.0,242.0,245.0,2.51,519589.0,256.0,176.0
KBL,11/23/2020,248.0,253.0,246.0,249.0,1.63,347785.0,256.0,176.0
KBL,11/24/2020,261.0,261.0,250.0,251.0,0.8,207979.0,256.0,176.0
KBL,11/25/2020,253.0,259.0,251.0,259.0,3.19,327840.0,256.0,176.0
KBL,11/26/2020,258.0,277.0,258.0,276.0,6.56,650673.0,256.0,176.0
KBL,11/29/2020,280.0,303.0,277.0,303.0,9.78,1385744.0,256.0,176.0
KBL,11/30/2020,286.0,294.0,265.0,269.0,-11.22,803626.0,256.0,176.0
KBL,12/1/2020,275.0,275.0,254.0,257.0,-4.46,423840.0,256.0,176.0
KBL,12/2/2020,257.0,261.0,250.0,256.0,-0.39,294639.0,256.0,176.0
KBL,12/3/2020,260.0,260.0,246.0,247.0,-3.52,218004.0,256.0,176.0
KBL,12/6/2020,245.0,245.0,235.0,236.0,-4.45,234676.0,256.0,176.0
KBL,12/7/2020,236.0,246.0,231.0,241.0,2.12,209663.0,256.0,176.0
KBL,12/8/2020,253.0,253.0,236.0,239.0,-0.83,134141.0,256.0,176.0
KBL,12/9/2020,239.0,239.0,231.0,233.0,-2.51,118251.0,256.0,176.0
KBL,12/10/2020,232.0,234.0,228.0,231.0,-0.86,175082.0,256.0,176.0
KBL,12/13/2020,242.0,242.0,229.0,239.0,3.46,221280.0,256.0,176.0
KBL,12/14/2020,250.0,250.0,241.0,242.0,1.26,211953.0,256.0,176.0
KBL,12/15/2020,254.0,254.0,238.0,239.0,-1.24,129053.0,256.0,176.0
KBL,12/16/2020,250.0,250.0,233.0,238.0,-0.42,174014.0,256.0,176.0
KBL,12/17/2020,242.0,242.0,235.0,236.0,-0.84,151499.0,256.0,176.0
KBL,12/20/2020,240.0,240.0,226.0,226.0,-4.24,237480.0,256.0,176.0
KBL,12/21/2020,226.0,232.0,219.0,229.0,1.33,227510.0,256.0,176.0
KBL,12/22/2020,230.0,246.0,230.0,243.0,6.11,312715.0,256.0,176.0
KBL,12/23/2020,255.0,255.0,241.0,248.0,2.06,382728.0,256.0,176.0
KBL,12/24/2020,260.0,260.0,242.0,242.0,-2.42,117133.0,256.0,176.0
KBL,12/27/2020,254.0,254.0,235.0,236.0,-2.48,110466.0,256.0,176.0
KBL,12/28/2020,239.0,239.0,234.0,235.0,-0.42,221495.0,256.0,176.0
KBL,12/29/2020,236.0,242.0,233.0,235.0,0.0,117865.0,256.0,176.0
KBL,12/30/2020,235.0,238.0,233.0,236.0,0.43,158629.0,256.0,176.0
KBL,12/31/2020,237.0,246.0,236.0,241.0,2.12,323149.0,256.0,176.0
KBL,1/3/2021,245.0,265.0,244.0,263.0,9.13,524574.0,256.0,176.0
KBL,1/4/2021,276.0,276.0,252.0,257.0,-2.28,321350.0,256.0,176.0
KBL,1/5/2021,261.0,261.0,252.0,257.0,0.0,168987.0,256.0,176.0
KBL,1/6/2021,245.0,265.0,245.0,259.0,0.78,234784.0,256.0,176.0
KBL,1/7/2021,263.0,265.0,260.0,263.0,1.54,383394.0,256.0,176.0
KBL,1/10/2021,276.0,289.0,265.0,289.0,9.89,1070805.0,256.0,176.0
KBL,1/11/2021,300.0,300.0,281.0,287.0,-0.69,567522.0,256.0,176.0
KBL,1/12/2021,290.0,290.0,280.0,286.0,-0.35,225402.0,256.0,176.0
KBL,1/13/2021,286.0,290.0,283.0,284.0,-0.7,215619.0,256.0,176.0
KBL,1/17/2021,284.0,289.0,278.0,284.0,0.0,302304.0,256.0,176.0
KBL,1/18/2021,298.0,298.0,282.0,287.0,1.06,296428.0,256.0,176.0
KBL,1/19/2021,300.0,300.0,282.0,284.0,-1.05,318580.0,256.0,176.0
KBL,1/20/2021,294.0,294.0,279.0,283.0,-0.35,379667.0,256.0,176.0
KBL,1/21/2021,293.0,293.0,280.0,283.0,0.0,333107.0,256.0,176.0
KBL,1/24/2021,286.0,302.0,286.0,297.0,4.95,532355.0,256.0,176.0
KBL,1/25/2021,305.0,310.0,296.0,298.0,0.34,745468.0,256.0,176.0
KBL,1/26/2021,300.0,302.0,293.0,294.0,-1.34,356391.0,256.0,176.0
KBL,1/27/2021,295.0,297.0,289.0,291.0,-1.02,196409.0,256.0,176.0
KBL,1/28/2021,291.0,295.0,279.0,281.0,-3.44,308800.0,256.0,176.0
KBL,1/31/2021,285.0,285.0,274.0,278.0,-1.07,376713.0,256.0,176.0
KBL,2/1/2021,280.0,284.0,277.0,280.0,0.72,259312.0,256.0,176.0
KBL,2/2/2021,283.0,287.0,277.0,287.0,2.5,288792.0,256.0,176.0
KBL,2/3/2021,290.0,302.0,285.0,286.0,-0.35,267229.0,256.0,176.0
KBL,2/4/2021,286.0,288.0,281.0,285.0,-0.35,195018.0,256.0,176.0
KBL,2/7/2021,290.0,290.0,282.0,285.0,0.0,241899.0,256.0,176.0
KBL,2/8/2021,287.0,301.0,283.0,298.0,4.56,562481.0,256.0,176.0
KBL,2/9/2021,285.0,310.0,285.0,294.0,-1.34,470539.0,256.0,176.0
KBL,2/10/2021,295.0,316.0,289.0,313.0,6.46,1212434.0,256.0,176.0
KBL,2/11/2021,319.0,325.0,314.0,317.0,1.28,1008785.0,256.0,176.0
KBL,2/14/2021,325.0,325.0,308.0,313.0,-1.26,369662.0,256.0,176.0
KBL,2/15/2021,319.0,325.0,314.0,315.0,0.64,458905.0,256.0,176.0
KBL,2/16/2021,320.0,326.0,313.0,316.0,0.32,640413.0,256.0,176.0
KBL,2/17/2021,318.0,320.0,313.0,320.0,1.27,647964.0,256.0,176.0
KBL,2/18/2021,326.0,328.0,320.0,324.0,1.25,570665.0,256.0,176.0
KBL,2/21/2021,330.0,330.0,318.0,322.0,-0.62,413896.0,256.0,176.0
KBL,2/22/2021,325.0,325.0,310.0,312.0,-3.11,508718.0,256.0,176.0
KBL,2/23/2021,314.0,314.0,300.0,311.0,-0.32,386703.0,256.0,176.0
KBL,2/24/2021,310.0,321.0,310.0,312.0,0.32,309163.0,256.0,176.0
KBL,2/25/2021,314.0,315.0,305.0,307.0,-1.6,304746.0,256.0,176.0
KBL,2/28/2021,307.0,307.0,297.0,298.0,-2.93,424211.0,256.0,176.0
KBL,3/1/2021,299.0,313.0,296.0,307.0,3.02,352953.0,256.0,176.0
KBL,3/2/2021,308.0,309.0,298.0,299.0,-2.61,681097.0,256.0,176.0
KBL,3/3/2021,294.0,302.0,294.0,299.0,0.0,280030.0,256.0,176.0
KBL,3/4/2021,301.0,309.0,300.0,308.0,3.01,283144.0,256.0,176.0
KBL,3/7/2021,315.0,315.0,305.0,306.0,-0.65,155247.0,256.0,176.0
KBL,3/9/2021,302.0,307.0,300.0,303.0,-0.98,129850.0,256.0,176.0
KBL,3/10/2021,303.0,304.0,298.0,301.0,-0.66,120613.0,256.0,176.0
KBL,3/14/2021,299.0,300.0,294.0,296.0,-1.66,174658.0,256.0,176.0
KBL,3/15/2021,300.0,300.0,290.0,292.0,-1.35,119716.0,256.0,176.0
KBL,3/16/2021,291.0,296.0,290.0,293.0,0.34,101577.0,256.0,176.0
KBL,3/17/2021,291.0,297.0,291.0,296.0,1.02,72240.0,256.0,176.0
KBL,3/18/2021,282.0,305.0,282.0,303.0,2.36,175558.0,256.0,176.0
KBL,3/21/2021,310.0,310.0,302.0,306.0,0.99,113472.0,256.0,176.0
KBL,3/22/2021,308.0,310.0,301.0,301.0,-1.63,157456.0,256.0,176.0
KBL,3/23/2021,299.0,302.0,298.0,300.0,-0.33,81814.0,256.0,176.0
KBL,3/24/2021,301.0,305.0,300.0,304.0,1.33,239351.0,256.0,176.0
KBL,3/25/2021,310.0,310.0,299.0,300.0,-1.32,143653.0,256.0,176.0
KBL,3/29/2021,310.0,310.0,298.0,299.0,-0.33,110949.0,256.0,176.0
KBL,3/30/2021,300.0,305.0,297.0,305.0,2.01,152613.0,256.0,176.0
KBL,3/31/2021,305.0,310.0,304.0,309.0,1.31,171420.0,256.0,176.0
KBL,4/1/2021,310.0,320.0,306.0,317.0,2.59,424195.0,256.0,176.0
KBL,4/4/2021,332.0,332.0,312.0,314.0,-0.95,275456.0,256.0,176.0
KBL,4/5/2021,329.0,329.0,312.0,314.0,0.0,170308.0,256.0,176.0
KBL,4/6/2021,314.0,316.0,310.0,314.0,0.0,183428.0,256.0,176.0
KBL,4/7/2021,329.0,329.0,313.0,315.0,0.32,219395.0,256.0,176.0
KBL,4/8/2021,317.0,318.0,315.0,316.0,0.32,241833.0,256.0,176.0
KBL,4/12/2021,318.0,322.0,317.0,320.0,1.27,293239.0,256.0,176.0
KBL,4/13/2021,325.0,329.0,321.0,328.0,2.5,449146.0,256.0,176.0
KBL,4/15/2021,335.0,345.0,331.0,339.0,3.35,585860.0,256.0,176.0
KBL,4/18/2021,340.0,344.0,331.0,334.0,-1.47,430556.0,256.0,176.0
KBL,4/19/2021,334.0,334.0,321.0,324.0,-2.99,502860.0,256.0,176.0
KBL,4/20/2021,330.0,330.0,317.0,324.0,0.0,253322.0,256.0,176.0
KBL,4/21/2021,325.0,325.0,314.0,316.0,-2.47,256623.0,256.0,176.0
KBL,4/22/2021,312.0,323.0,312.0,319.0,0.95,209746.0,256.0,176.0
KBL,4/25/2021,325.0,330.0,315.0,318.0,-0.31,599174.0,256.0,176.0
KBL,4/26/2021,318.0,321.0,309.0,312.0,-1.89,290218.0,256.0,176.0
KBL,4/27/2021,310.0,320.0,310.0,319.0,2.24,163999.0,256.0,176.0
KBL,4/28/2021,321.0,323.0,314.0,314.0,-1.57,102619.0,256.0,176.0
KBL,4/29/2021,317.0,319.0,314.0,314.0,0.0,86121.0,256.0,176.0
KBL,5/2/2021,311.0,318.0,311.0,315.0,0.32,164531.0,256.0,176.0
KBL,5/3/2021,330.0,330.0,312.0,314.0,-0.32,121892.0,256.0,176.0
KBL,5/4/2021,320.0,320.0,311.0,312.0,-0.64,95516.0,256.0,176.0
KBL,5/5/2021,312.0,314.0,310.0,312.0,0.0,125112.0,256.0,176.0
KBL,5/6/2021,312.0,316.0,309.0,313.0,0.32,157199.0,256.0,176.0
KBL,5/9/2021,313.0,332.0,311.0,320.0,2.24,872214.0,256.0,176.0
KBL,5/10/2021,304.0,325.0,304.0,318.0,-0.62,131531.0,256.0,176.0
KBL,5/11/2021,333.0,333.0,317.0,317.0,-0.31,104194.0,256.0,176.0
KBL,5/12/2021,332.0,332.0,315.0,316.0,-0.32,133132.0,256.0,176.0
KBL,5/13/2021,316.0,319.0,315.0,319.0,0.95,129667.0,256.0,176.0
KBL,5/16/2021,320.0,325.0,319.0,325.0,1.88,221292.0,256.0,176.0
KBL,5/17/2021,328.0,328.0,322.0,326.0,0.31,238850.0,256.0,176.0
KBL,5/18/2021,330.0,330.0,323.0,327.0,0.31,242323.0,256.0,176.0
KBL,5/19/2021,330.0,334.0,325.0,328.0,0.31,373354.0,256.0,176.0
KBL,5/20/2021,330.0,336.0,330.0,334.0,1.83,336800.0,256.0,176.0
KBL,5/23/2021,334.0,341.0,322.0,341.0,2.1,373970.0,256.0,176.0
KBL,5/24/2021,342.0,354.0,340.0,344.0,0.88,633641.0,256.0,176.0
KBL,5/25/2021,345.0,348.0,335.0,337.0,-2.03,279444.0,256.0,176.0
KBL,5/27/2021,337.0,343.0,325.0,337.0,0.0,260162.0,256.0,176.0
KBL,5/30/2021,340.0,350.0,333.0,343.0,1.78,364839.0,256.0,176.0
KBL,5/31/2021,343.0,350.0,340.0,340.0,-0.87,363965.0,256.0,176.0
KBL,6/1/2021,340.0,342.0,336.0,338.0,-0.59,175329.0,256.0,176.0
KBL,6/2/2021,354.0,354.0,335.0,339.0,0.3,149580.0,256.0,176.0
KBL,6/3/2021,341.0,359.0,340.0,352.0,3.83,813270.0,256.0,176.0
KBL,6/6/2021,360.0,384.0,360.0,375.0,6.53,1252475.0,256.0,176.0
KBL,6/7/2021,385.0,385.0,359.0,365.0,-2.67,938914.0,256.0,176.0
KBL,6/8/2021,370.0,381.0,363.0,379.0,3.84,764581.0,256.0,176.0
KBL,6/9/2021,380.0,390.0,375.0,379.0,0.0,506932.0,256.0,176.0
KBL,6/10/2021,381.0,382.0,374.0,376.0,-0.79,316560.0,256.0,176.0
KBL,6/13/2021,387.0,387.0,374.0,380.0,1.06,485796.0,256.0,176.0
KBL,6/14/2021,383.0,402.0,382.0,394.0,3.68,762378.0,256.0,176.0
KBL,6/15/2021,400.0,404.0,392.0,395.0,0.25,624053.0,256.0,176.0
KBL,6/16/2021,395.0,400.0,384.0,391.0,-1.01,591856.0,256.0,176.0
KBL,6/17/2021,392.0,393.0,383.0,386.0,-1.28,363911.0,256.0,176.0
KBL,6/20/2021,405.0,405.0,368.0,374.0,-3.11,351888.0,256.0,176.0
KBL,6/21/2021,376.0,380.0,362.0,365.0,-2.41,384907.0,256.0,176.0
KBL,6/22/2021,360.0,378.0,360.0,377.0,3.29,397505.0,256.0,176.0
KBL,6/23/2021,395.0,395.0,365.0,366.0,-2.92,207020.0,256.0,176.0
KBL,6/24/2021,365.0,368.0,361.0,363.0,-0.82,197918.0,256.0,176.0
KBL,6/27/2021,370.0,383.0,361.0,371.0,2.2,277049.0,256.0,176.0
KBL,6/28/2021,376.0,384.0,370.0,372.0,0.27,181568.0,256.0,176.0
KBL,6/29/2021,376.0,376.0,363.0,365.0,-1.88,146089.0,256.0,176.0
KBL,6/30/2021,360.0,366.0,359.0,365.0,0.0,221360.0,256.0,176.0
KBL,7/1/2021,365.0,371.0,364.0,365.0,0.0,123394.0,256.0,176.0
KBL,7/4/2021,365.0,371.0,361.0,362.0,-0.82,130197.0,256.0,176.0
KBL,7/5/2021,362.0,365.0,358.0,360.0,-0.55,105515.0,256.0,176.0
KBL,7/6/2021,358.0,362.0,358.0,360.0,0.0,200575.0,256.0,176.0
KBL,7/7/2021,364.0,365.0,359.0,360.0,0.0,112366.0,256.0,176.0
KBL,7/8/2021,364.0,367.0,360.0,366.0,1.67,144647.0,256.0,176.0
KBL,7/11/2021,368.0,378.0,368.0,378.0,3.28,157037.0,256.0,176.0
KBL,7/12/2021,380.0,383.0,368.0,370.0,-2.12,235085.0,256.0,176.0
KBL,7/13/2021,370.0,378.0,368.0,373.0,0.81,159274.0,256.0,176.0
KBL,7/14/2021,373.0,375.0,370.0,372.0,-0.27,69138.0,256.0,176.0
KBL,7/15/2021,372.0,374.0,370.0,371.0,-0.27,148230.0,256.0,176.0
KBL,7/18/2021,375.0,396.5,375.0,391.0,5.39,528469.0,256.0,176.0
KBL,7/19/2021,398.0,400.0,386.0,390.0,-0.26,451064.0,256.0,176.0
KBL,7/20/2021,390.0,393.0,384.0,387.0,-0.77,191999.0,256.0,176.0
KBL,7/22/2021,387.0,396.9,386.0,392.7,1.47,335516.0,256.0,176.0
KBL,7/25/2021,398.0,409.9,394.1,409.8,4.35,700510.0,256.0,176.0
KBL,7/26/2021,412.0,413.0,398.0,398.8,-2.68,450987.0,256.0,176.0
KBL,7/27/2021,390.9,400.0,377.0,398.9,0.03,374418.0,256.0,176.0
KBL,7/28/2021,400.0,403.0,390.2,392.5,-1.6,185501.0,256.0,176.0
KBL,7/29/2021,393.0,394.0,389.0,391.5,-0.25,173746.0,256.0,176.0
KBL,8/1/2021,398.0,398.0,387.0,388.0,-0.89,176366.0,256.0,176.0
KBL,8/2/2021,388.0,402.9,387.0,389.0,0.26,235381.0,256.0,176.0
KBL,8/3/2021,391.0,392.0,387.0,388.9,-0.03,166370.0,256.0,176.0
KBL,8/4/2021,388.0,393.0,388.0,389.9,0.26,162290.0,256.0,176.0
KBL,8/5/2021,390.0,394.0,385.0,387.2,-0.69,214371.0,256.0,176.0
KBL,8/8/2021,389.0,390.9,385.1,386.5,-0.18,153077.0,256.0,176.0
KBL,8/9/2021,385.0,388.0,383.0,383.0,-0.91,146709.0,256.0,176.0
KBL,8/10/2021,390.0,399.0,381.0,396.0,3.39,240713.0,256.0,176.0
KBL,8/11/2021,399.0,402.0,389.0,390.0,-1.52,186242.0,256.0,176.0
KBL,8/12/2021,395.0,404.4,391.0,399.5,2.44,857151.0,256.0,176.0
KBL,8/15/2021,400.0,407.0,392.0,394.0,-1.38,310890.0,256.0,176.0
KBL,8/16/2021,395.0,396.0,387.0,388.5,-1.4,212058.0,256.0,176.0
KBL,8/17/2021,390.0,390.0,381.1,382.0,-1.67,235101.0,256.0,176.0
KBL,8/18/2021,389.6,394.0,375.0,387.0,1.31,264714.0,256.0,176.0
KBL,8/19/2021,387.0,390.0,379.3,380.0,-1.81,185044.0,256.0,176.0
KBL,8/24/2021,385.0,385.0,374.0,374.0,-1.58,183405.0,256.0,176.0
KBL,8/25/2021,374.0,374.0,362.0,370.0,-1.07,181717.0,256.0,176.0
KBL,8/26/2021,370.0,371.0,363.0,367.0,-0.81,199401.0,256.0,176.0
KBL,8/29/2021,370.0,370.0,361.0,362.0,-1.36,176112.0,256.0,176.0
KBL,8/31/2021,355.0,369.0,355.0,358.7,-0.91,181200.0,256.0,176.0
KBL,9/1/2021,360.0,365.0,351.6,361.0,0.64,262420.0,256.0,176.0
KBL,9/2/2021,364.0,364.9,354.0,354.1,-1.91,158911.0,256.0,176.0
KBL,9/5/2021,354.0,355.0,338.5,342.0,-3.42,217258.0,256.0,176.0
KBL,9/6/2021,340.0,360.0,338.0,359.0,4.97,196451.0,256.0,176.0
KBL,9/7/2021,366.0,366.0,347.0,352.0,-1.95,149247.0,256.0,176.0
KBL,9/8/2021,352.0,352.0,340.5,345.0,-1.99,88640.0,256.0,176.0
KBL,9/9/2021,346.0,349.0,340.1,343.0,-0.58,78144.0,256.0,176.0
KBL,9/12/2021,343.0,349.8,339.0,346.1,0.9,148229.0,256.0,176.0
KBL,9/13/2021,350.0,353.0,345.0,348.0,0.55,103226.0,256.0,176.0
KBL,9/14/2021,349.0,352.0,344.9,347.0,-0.29,85881.0,256.0,176.0
KBL,9/15/2021,347.0,347.0,338.2,340.0,-2.02,119690.0,256.0,176.0
KBL,9/16/2021,338.0,338.0,327.0,330.0,-2.94,247321.0,256.0,176.0
KBL,9/20/2021,332.0,332.0,316.1,316.1,-4.21,201987.0,256.0,176.0
KBL,9/21/2021,316.1,329.0,309.0,319.0,0.92,210262.0,256.0,176.0
KBL,9/22/2021,325.0,336.6,325.0,334.0,4.7,141329.0,256.0,176.0
KBL,9/23/2021,340.6,355.0,340.6,345.0,3.29,344594.0,256.0,176.0
KBL,9/26/2021,351.0,358.0,339.1,342.0,-0.87,186881.0,256.0,176.0
KBL,9/27/2021,340.0,340.0,327.1,329.0,-3.8,145335.0,256.0,176.0
KBL,9/28/2021,322.5,322.5,302.0,303.0,-7.9,611484.0,256.0,176.0
KBL,9/29/2021,300.0,305.0,293.1,298.0,-1.65,251273.0,256.0,176.0
KBL,9/30/2021,298.0,301.0,294.1,294.2,-1.28,187447.0,256.0,176.0
KBL,10/3/2021,296.0,300.0,285.5,285.5,-2.96,149749.0,256.0,176.0
KBL,10/4/2021,285.0,292.0,281.6,286.6,0.39,143736.0,256.0,176.0
KBL,10/5/2021,286.1,293.7,283.0,292.0,1.88,92280.0,256.0,176.0
KBL,10/6/2021,293.1,305.0,292.1,293.5,0.51,125352.0,256.0,176.0
KBL,10/10/2021,299.0,299.0,287.0,290.0,-1.19,109755.0,256.0,176.0
KBL,10/11/2021,289.0,290.0,285.0,290.0,0.0,63453.0,256.0,176.0
KBL,10/17/2021,290.0,293.0,281.0,288.0,-0.69,62243.0,256.0,176.0
KBL,10/18/2021,293.7,293.7,280.0,282.0,-2.08,97721.0,256.0,176.0
KBL,10/19/2021,282.0,282.0,269.5,275.0,-2.48,114269.0,256.0,176.0
KBL,10/20/2021,275.0,290.0,275.0,282.0,2.55,78390.0,256.0,176.0
KBL,10/21/2021,285.9,285.9,278.0,278.8,-1.13,53516.0,256.0,176.0
KBL,10/24/2021,283.0,283.0,277.6,280.0,0.43,170982.0,256.0,176.0
KBL,10/25/2021,260.0,274.1,260.0,273.0,-2.5,84865.0,256.0,176.0
KBL,10/26/2021,277.0,285.0,274.0,279.0,2.2,135988.0,256.0,176.0
KBL,10/27/2021,278.4,283.0,275.0,277.5,-0.54,103636.0,256.0,176.0
KBL,10/28/2021,275.1,277.5,273.0,275.6,-0.68,82753.0,256.0,176.0
KBL,10/31/2021,270.1,274.0,270.1,272.9,-0.98,129426.0,256.0,176.0
KBL,11/1/2021,273.0,277.0,271.0,272.0,-0.33,108460.0,256.0,176.0
KBL,11/2/2021,275.0,275.9,270.0,271.0,-0.37,83584.0,256.0,176.0
KBL,11/3/2021,271.0,275.0,270.0,271.7,0.26,78960.0,256.0,176.0
KBL,11/8/2021,275.0,276.9,270.0,271.0,-0.26,54546.0,256.0,176.0
KBL,11/9/2021,271.0,272.0,263.0,264.0,-2.58,96969.0,256.0,176.0
KBL,11/11/2021,258.8,268.0,258.8,261.0,-1.14,95732.0,256.0,176.0
KBL,11/14/2021,258.0,260.0,256.0,257.2,-1.46,79560.0,256.0,176.0
KBL,11/15/2021,257.0,262.0,257.0,258.2,0.39,65081.0,256.0,176.0
KBL,11/16/2021,260.0,268.0,257.0,268.0,3.8,75502.0,256.0,176.0
KBL,11/17/2021,271.0,271.0,265.0,266.0,-0.75,86920.0,256.0,176.0
KBL,11/18/2021,267.0,267.0,260.0,261.0,-1.88,54164.0,256.0,176.0
KBL,11/21/2021,259.0,262.0,259.0,260.0,-0.38,43026.0,256.0,176.0
KBL,11/22/2021,263.0,263.0,259.0,259.1,-0.35,72836.0,256.0,176.0
KBL,11/23/2021,255.0,262.9,255.0,258.5,-0.23,95171.0,256.0,176.0
KBL,11/24/2021,257.0,258.0,255.0,257.0,-0.58,53093.0,256.0,176.0
KBL,11/25/2021,258.0,275.0,252.1,267.5,4.09,172122.0,256.0,176.0
KBL,11/28/2021,268.0,268.9,255.0,260.0,-2.8,78512.0,256.0,176.0
KBL,11/29/2021,255.1,262.0,254.8,258.0,-0.77,67463.0,256.0,176.0
KBL,11/30/2021,258.0,258.9,252.9,254.5,-1.36,83196.0,256.0,176.0
KBL,12/1/2021,256.0,260.0,253.5,258.9,1.73,59617.0,256.0,176.0
KBL,12/2/2021,258.0,260.0,252.3,252.9,-2.32,58307.0,256.0,176.0
KBL,12/5/2021,255.0,255.0,243.0,245.0,-3.12,86229.0,256.0,176.0
KBL,12/6/2021,245.0,250.0,236.5,249.0,1.63,91442.0,256.0,176.0
KBL,12/7/2021,253.9,258.0,243.1,244.8,-1.69,61387.0,256.0,176.0
KBL,12/8/2021,245.0,245.0,240.1,243.0,-0.74,63315.0,256.0,176.0
KBL,12/9/2021,247.8,247.8,238.0,242.0,-0.41,43712.0,256.0,176.0
KBL,12/12/2021,242.0,242.0,232.3,236.0,-2.48,75856.0,256.0,176.0
KBL,12/13/2021,232.0,236.0,223.0,230.0,-2.54,101494.0,256.0,176.0
KBL,12/14/2021,234.0,240.0,230.1,240.0,4.35,32913.0,256.0,176.0
KBL,12/15/2021,244.0,245.0,234.0,237.0,-1.25,47348.0,256.0,176.0
KBL,12/16/2021,237.0,241.7,231.1,233.5,-1.48,48307.0,256.0,176.0
KBL,12/20/2021,238.1,238.1,228.0,230.0,-1.5,72660.0,256.0,176.0
KBL,12/21/2021,230.3,246.8,230.3,241.6,5.04,102311.0,256.0,176.0
KBL,12/22/2021,246.4,251.0,241.0,247.9,2.61,77292.0,256.0,176.0
KBL,12/23/2021,252.8,252.8,242.6,248.4,0.2,78964.0,256.0,176.0
KBL,12/26/2021,248.0,251.0,245.0,249.0,0.24,111358.0,256.0,176.0
KBL,12/27/2021,251.9,253.9,243.0,244.0,-2.01,140132.0,256.0,176.0
KBL,12/28/2021,239.5,244.0,238.0,241.0,-1.23,42094.0,256.0,176.0
KBL,12/29/2021,245.0,245.0,239.0,240.0,-0.41,49102.0,256.0,176.0
KBL,1/2/2022,244.8,246.0,237.0,245.8,2.42,69361.0,256.0,176.0
KBL,1/3/2022,250.7,257.0,245.8,252.0,2.52,183414.0,256.0,176.0
KBL,1/4/2022,250.0,268.0,250.0,266.9,5.91,170015.0,256.0,176.0
KBL,1/5/2022,272.2,272.2,258.0,261.0,-2.21,117357.0,256.0,176.0
KBL,1/6/2022,261.0,270.3,255.8,269.8,3.37,99590.0,256.0,176.0
KBL,1/9/2022,272.0,283.0,271.0,280.8,4.08,214888.0,256.0,176.0
KBL,1/10/2022,280.0,285.0,273.0,274.0,-2.42,178332.0,256.0,176.0
KBL,1/11/2022,279.4,279.4,273.0,276.0,0.73,85509.0,256.0,176.0
KBL,1/12/2022,281.5,281.5,268.0,269.0,-2.54,159987.0,256.0,176.0
KBL,1/13/2022,269.0,274.0,265.0,271.0,0.74,117582.0,256.0,176.0
KBL,1/16/2022,276.4,281.0,273.0,277.0,2.21,209490.0,256.0,176.0
KBL,1/17/2022,280.0,285.0,278.0,281.0,1.44,197433.0,256.0,176.0
KBL,1/18/2022,281.0,296.5,278.0,286.1,1.81,251918.0,256.0,176.0
KBL,1/19/2022,288.0,288.0,278.0,282.9,-1.12,163731.0,256.0,176.0
KBL,1/20/2022,285.0,285.0,277.0,283.0,0.04,123592.0,256.0,176.0
KBL,1/23/2022,280.0,280.0,273.0,274.0,-3.18,202751.0,256.0,176.0
KBL,1/24/2022,270.1,271.0,261.0,262.0,-4.38,182182.0,256.0,176.0
KBL,1/25/2022,267.2,267.2,255.2,260.0,-0.76,114343.0,256.0,176.0
KBL,1/26/2022,255.0,261.0,255.0,255.1,-1.88,85992.0,256.0,176.0
KBL,1/27/2022,257.5,262.0,254.0,254.2,-0.35,86704.0,256.0,176.0
KBL,1/30/2022,259.2,268.0,257.0,264.5,4.05,90954.0,256.0,176.0
KBL,1/31/2022,266.0,267.0,260.1,261.3,-1.21,64204.0,256.0,176.0
KBL,2/1/2022,260.0,265.0,260.0,263.0,0.65,75631.0,256.0,176.0
KBL,2/3/2022,264.0,270.2,262.0,263.0,0.0,110414.0,256.0,176.0
KBL,2/6/2022,261.0,262.0,257.0,259.5,-1.33,86540.0,256.0,176.0
KBL,2/7/2022,259.0,262.5,257.0,260.0,0.19,58355.0,256.0,176.0
KBL,2/8/2022,263.0,270.5,259.0,259.0,-0.38,108484.0,256.0,176.0
KBL,2/9/2022,256.1,261.2,256.0,258.0,-0.39,61987.0,256.0,176.0
KBL,2/10/2022,258.0,260.0,255.0,256.0,-0.78,49380.0,256.0,176.0
KBL,2/13/2022,255.0,255.0,246.0,247.0,-3.52,112468.0,256.0,176.0
KBL,2/14/2022,248.0,253.9,246.6,247.0,0.0,63132.0,256.0,176.0
KBL,2/15/2022,251.0,251.0,246.0,249.5,1.01,57782.0,256.0,176.0
KBL,2/16/2022,253.0,253.0,247.0,247.0,-1.0,38435.0,256.0,176.0
KBL,2/17/2022,247.0,250.0,246.4,247.1,0.04,26043.0,256.0,176.0
KBL,2/20/2022,243.0,247.0,243.0,244.0,-1.25,54083.0,256.0,176.0
KBL,2/21/2022,245.0,249.8,243.0,247.5,1.43,57180.0,256.0,176.0
KBL,2/22/2022,251.8,252.0,247.0,248.2,0.28,46657.0,256.0,176.0
KBL,2/23/2022,249.9,250.0,245.0,246.0,-0.89,40939.0,256.0,176.0
KBL,2/24/2022,246.0,246.0,241.2,241.5,-1.83,52186.0,256.0,176.0
KBL,2/27/2022,241.0,243.8,238.0,240.1,-0.58,55903.0,256.0,176.0
KBL,2/28/2022,243.0,243.0,236.0,237.0,-1.29,50134.0,256.0,176.0
KBL,3/2/2022,235.0,237.0,231.4,232.7,-1.81,123592.0,256.0,176.0
KBL,3/6/2022,235.0,236.0,232.0,233.1,0.17,52949.0,256.0,176.0
KBL,3/7/2022,235.0,236.7,233.0,234.0,0.39,32030.0,256.0,176.0
KBL,3/9/2022,237.0,237.0,230.2,232.0,-0.85,33303.0,256.0,176.0
KBL,3/10/2022,232.0,237.0,231.0,237.0,2.16,71390.0,256.0,176.0
KBL,3/13/2022,240.0,245.0,236.0,242.9,2.49,55587.0,256.0,176.0
KBL,3/14/2022,246.9,247.0,242.5,243.1,0.08,23173.0,256.0,176.0
KBL,3/15/2022,245.0,246.8,240.3,242.0,-0.45,75934.0,256.0,176.0
KBL,3/16/2022,242.0,243.0,239.3,239.5,-1.03,42539.0,256.0,176.0
KBL,3/20/2022,242.0,242.0,236.0,236.0,-1.46,51831.0,256.0,176.0
KBL,3/21/2022,239.0,239.0,232.5,239.0,1.27,55129.0,256.0,176.0
KBL,3/22/2022,242.9,242.9,239.0,241.0,0.84,53253.0,256.0,176.0
KBL,3/23/2022,243.0,243.0,236.0,237.1,-1.62,47872.0,256.0,176.0
KBL,3/24/2022,240.2,240.2,235.1,236.0,-0.46,39334.0,256.0,176.0
KBL,3/27/2022,235.0,236.0,232.1,234.0,-0.85,48909.0,256.0,176.0
KBL,3/28/2022,235.0,235.0,230.6,232.0,-0.85,24518.0,256.0,176.0
KBL,3/29/2022,230.5,234.0,230.0,231.0,-0.43,38358.0,256.0,176.0
KBL,3/30/2022,232.0,233.0,228.3,232.1,0.48,26162.0,256.0,176.0
KBL,3/31/2022,232.2,234.9,230.3,230.5,-0.69,30960.0,256.0,176.0
KBL,4/3/2022,229.5,231.0,226.0,226.6,-1.69,45764.0,256.0,176.0
KBL,4/4/2022,231.1,231.1,224.0,225.0,-0.71,47494.0,256.0,176.0
KBL,4/5/2022,229.5,229.5,220.8,223.0,-0.89,47837.0,256.0,176.0
KBL,4/6/2022,221.1,223.0,219.0,221.0,-0.9,28368.0,256.0,176.0
KBL,4/7/2022,221.0,226.0,220.0,223.0,0.9,55347.0,256.0,176.0
KBL,4/11/2022,225.0,230.0,220.0,221.0,-0.9,52979.0,256.0,176.0
KBL,4/12/2022,224.0,224.0,218.6,220.0,-0.45,32132.0,256.0,176.0
KBL,4/13/2022,220.0,222.9,217.0,222.0,0.91,28780.0,256.0,176.0
KBL,4/17/2022,226.4,227.4,220.2,220.2,-0.81,29934.0,256.0,176.0
KBL,4/18/2022,221.8,221.8,216.9,216.9,-1.5,50823.0,256.0,176.0
KBL,4/19/2022,221.0,221.0,215.1,218.9,0.92,36347.0,256.0,176.0
KBL,4/20/2022,223.2,223.2,217.0,217.9,-0.46,45045.0,256.0,176.0
KBL,4/21/2022,222.2,222.2,212.7,216.0,-0.87,54576.0,256.0,176.0
KBL,4/24/2022,220.3,226.5,216.0,226.0,4.63,51798.0,256.0,176.0
KBL,4/25/2022,226.0,228.0,221.0,222.0,-1.77,36797.0,256.0,176.0
KBL,4/26/2022,220.5,225.0,218.6,220.0,-0.9,42969.0,256.0,176.0
KBL,4/27/2022,223.0,223.0,218.0,220.0,0.0,25609.0,256.0,176.0
KBL,4/28/2022,224.4,224.4,220.0,221.0,0.45,26664.0,256.0,176.0
KBL,5/2/2022,221.0,224.0,218.0,218.0,-1.36,34161.0,256.0,176.0
KBL,5/4/2022,215.0,219.0,215.0,218.0,0.0,23947.0,256.0,176.0
KBL,5/5/2022,218.0,218.0,214.0,215.5,-1.15,31549.0,256.0,176.0
KBL,5/8/2022,215.0,215.5,212.4,215.5,0.0,22409.0,256.0,176.0
KBL,5/9/2022,219.8,220.3,216.0,218.0,1.16,25155.0,256.0,176.0
KBL,5/10/2022,221.0,222.5,217.0,222.5,2.06,26281.0,256.0,176.0
KBL,5/11/2022,224.9,224.9,217.6,224.5,0.9,30872.0,256.0,176.0
KBL,5/12/2022,228.0,228.0,221.0,226.0,0.67,60253.0,256.0,176.0
KBL,5/17/2022,222.0,225.0,220.0,220.0,-2.65,28640.0,256.0,176.0
KBL,5/18/2022,216.1,221.4,216.1,218.0,-0.91,39254.0,256.0,176.0
KBL,5/19/2022,218.0,221.9,216.0,218.8,0.37,47890.0,256.0,176.0
KBL,5/20/2022,221.0,221.0,214.5,215.9,-1.33,69407.0,256.0,176.0
KBL,5/23/2022,220.2,220.2,211.7,212.1,-1.76,46744.0,256.0,176.0
KBL,5/24/2022,213.5,216.0,210.1,214.0,0.9,18069.0,256.0,176.0
KBL,5/25/2022,214.0,218.0,214.0,217.0,1.4,26130.0,256.0,176.0
KBL,5/26/2022,217.5,224.0,215.0,223.8,3.13,65823.0,256.0,176.0
KBL,5/27/2022,224.0,225.0,217.0,217.2,-2.95,34178.0,256.0,176.0
KBL,5/30/2022,219.0,219.6,213.0,213.0,-1.93,36235.0,256.0,176.0
KBL,5/31/2022,210.6,213.0,208.8,209.0,-1.88,66232.0,256.0,176.0
KBL,6/1/2022,211.0,213.0,209.1,211.0,0.96,24671.0,256.0,176.0
KBL,6/2/2022,209.5,214.0,209.5,210.0,-0.47,15702.0,256.0,176.0
KBL,6/3/2022,212.0,213.0,204.0,205.0,-2.38,75334.0,256.0,176.0
KBL,6/6/2022,207.0,207.0,203.3,204.0,-0.49,41710.0,256.0,176.0
KBL,6/7/2022,204.0,205.0,200.0,201.5,-1.23,290713.0,256.0,176.0
KBL,6/8/2022,203.0,214.0,200.0,209.0,3.72,244408.0,256.0,176.0
KBL,6/9/2022,210.0,213.0,208.0,209.0,0.0,319938.0,256.0,176.0
KBL,6/10/2022,206.0,210.8,205.8,208.5,-0.24,243523.0,256.0,176.0
KBL,6/13/2022,209.0,209.9,201.0,201.9,-3.17,88463.0,256.0,176.0
KBL,6/14/2022,202.0,203.0,199.0,202.0,0.05,48900.0,256.0,176.0
KBL,6/15/2022,200.0,203.0,196.0,199.7,-1.14,49128.0,256.0,176.0
KBL,6/16/2022,199.0,208.0,199.0,203.9,2.1,41107.0,256.0,176.0
KBL,6/17/2022,205.0,205.5,200.0,203.0,-0.44,141027.0,256.0,176.0
KBL,6/19/2022,207.0,207.0,200.0,200.3,-1.33,42579.0,256.0,176.0
KBL,6/20/2022,198.1,199.0,196.2,197.2,-1.55,73270.0,256.0,176.0
KBL,6/21/2022,195.4,204.0,195.4,200.2,1.52,45365.0,256.0,176.0
KBL,6/22/2022,200.0,204.0,197.0,197.3,-1.45,75562.0,256.0,176.0
KBL,6/23/2022,198.0,199.0,194.0,194.0,-1.67,488195.0,256.0,176.0
KBL,6/24/2022,192.0,200.0,191.1,198.0,2.06,438851.0,256.0,176.0
KBL,6/26/2022,200.0,205.0,199.6,203.0,2.53,429501.0,256.0,176.0
KBL,6/27/2022,205.0,205.9,198.0,198.0,-2.46,104797.0,256.0,176.0
KBL,6/28/2022,201.0,203.9,197.1,197.9,-0.05,31787.0,256.0,176.0
KBL,6/29/2022,200.0,202.0,198.0,201.9,2.02,45997.0,256.0,176.0
KBL,6/30/2022,204.0,206.0,202.0,205.0,1.54,105373.0,256.0,176.0
KBL,7/1/2022,203.1,205.0,200.0,200.1,-2.39,50345.0,256.0,176.0
KBL,7/3/2022,200.0,204.0,198.0,201.0,0.45,40828.0,256.0,176.0
KBL,7/4/2022,203.0,205.0,199.2,200.2,-0.4,101052.0,256.0,176.0
KBL,7/5/2022,199.1,202.0,196.2,198.9,-0.65,71851.0,256.0,176.0
KBL,7/6/2022,201.0,201.0,196.6,198.8,-0.05,42878.0,256.0,176.0
KBL,7/7/2022,202.7,205.0,197.9,199.0,0.1,31644.0,256.0,176.0
KBL,7/8/2022,200.0,200.0,197.1,198.9,-0.05,14625.0,256.0,176.0
KBL,7/11/2022,197.0,197.0,190.3,190.5,-4.22,88744.0,256.0,176.0
KBL,7/12/2022,192.0,192.0,187.2,190.0,-0.26,65285.0,256.0,176.0
KBL,7/13/2022,193.1,193.1,189.6,190.5,0.26,112829.0,256.0,176.0
KBL,7/14/2022,194.0,196.0,190.6,191.6,0.58,45423.0,256.0,176.0
KBL,7/15/2022,195.0,196.8,190.2,191.0,-0.31,36825.0,256.0,176.0
KBL,7/17/2022,194.0,200.7,192.1,199.0,4.19,65052.0,256.0,176.0
KBL,7/18/2022,201.0,202.0,197.0,199.9,0.45,30039.0,256.0,176.0
KBL,7/19/2022,200.0,203.7,197.2,199.6,-0.15,52961.0,256.0,176.0
KBL,7/20/2022,202.0,202.0,198.0,199.0,-0.3,23330.0,256.0,176.0
KBL,7/21/2022,202.0,202.8,198.0,199.0,0.0,35180.0,256.0,176.0
KBL,7/22/2022,200.0,201.0,197.0,197.1,-0.95,25416.0,256.0,176.0
KBL,7/24/2022,200.0,203.0,196.3,203.0,2.99,76568.0,256.0,176.0
KBL,7/25/2022,205.0,208.0,203.0,205.0,0.99,104197.0,256.0,176.0
KBL,7/26/2022,205.0,205.8,200.1,200.1,-2.39,41568.0,256.0,176.0
KBL,7/27/2022,200.0,201.0,198.1,201.0,0.45,46021.0,256.0,176.0
KBL,7/28/2022,201.1,201.7,197.5,199.8,-0.6,105319.0,256.0,176.0
KBL,7/29/2022,200.0,200.0,197.5,197.7,-1.05,31809.0,256.0,176.0
KBL,7/31/2022,200.9,206.8,199.0,206.4,4.4,166214.0,256.0,176.0
KBL,8/1/2022,206.0,214.0,205.0,209.5,1.5,131373.0,256.0,176.0
KBL,8/2/2022,212.0,212.0,207.0,208.7,-0.38,65829.0,256.0,176.0
KBL,8/3/2022,212.8,219.8,212.8,216.7,3.83,396918.0,256.0,176.0
KBL,8/4/2022,217.0,217.0,212.0,213.0,-1.71,75857.0,256.0,176.0
KBL,8/5/2022,210.1,212.0,207.1,209.0,-1.88,50168.0,256.0,176.0
KBL,8/7/2022,209.0,211.0,207.0,207.5,-0.72,58759.0,256.0,176.0
KBL,8/8/2022,209.0,210.9,207.1,208.0,0.24,65301.0,256.0,176.0
KBL,8/9/2022,208.0,209.4,206.1,206.5,-0.72,54761.0,256.0,176.0
KBL,8/10/2022,206.0,206.0,203.3,203.7,-1.36,46351.0,256.0,176.0
KBL,8/11/2022,205.0,205.9,202.0,202.0,-0.83,42620.0,256.0,176.0
KBL,8/14/2022,205.0,205.0,200.1,201.4,-0.3,48388.0,256.0,176.0
KBL,8/15/2022,201.0,203.0,201.0,202.9,0.74,40193.0,256.0,176.0
KBL,8/16/2022,204.9,204.9,201.0,201.1,-0.89,45808.0,256.0,176.0
KBL,8/17/2022,200.0,203.0,200.0,201.9,0.4,31962.0,256.0,176.0
KBL,8/18/2022,201.9,203.0,200.1,201.9,0.0,80356.0,256.0,176.0
KBL,8/21/2022,201.0,203.5,201.0,202.0,0.05,70532.0,256.0,176.0
KBL,8/22/2022,202.0,203.0,199.5,201.0,-0.5,40883.0,256.0,176.0
KBL,8/23/2022,201.9,204.0,201.2,202.9,0.95,31300.0,256.0,176.0
KBL,8/24/2022,203.0,205.0,202.2,202.3,-0.3,51003.0,256.0,176.0
KBL,8/25/2022,202.0,204.9,201.3,201.4,-0.44,21633.0,256.0,176.0
KBL,8/26/2022,200.1,201.0,199.3,200.0,-0.7,24794.0,256.0,176.0
KBL,8/28/2022,200.0,201.5,198.0,198.9,-0.55,31292.0,256.0,176.0
KBL,8/29/2022,198.9,203.0,197.1,202.5,1.81,42065.0,256.0,176.0
KBL,8/30/2022,202.0,202.5,197.0,200.0,-1.23,19155.0,256.0,176.0
KBL,8/31/2022,200.0,201.0,198.0,198.0,-1.0,25492.0,256.0,176.0
KBL,9/1/2022,197.0,200.0,196.3,198.2,0.1,40468.0,256.0,176.0
KBL,9/2/2022,198.0,200.0,196.3,196.3,-0.96,31744.0,256.0,176.0
KBL,9/4/2022,198.0,200.0,196.0,197.0,0.36,40476.0,256.0,176.0
KBL,9/5/2022,194.0,200.9,194.0,198.0,0.51,18926.0,256.0,176.0
KBL,9/6/2022,198.9,199.0,195.0,196.9,-0.56,39717.0,256.0,176.0
KBL,9/7/2022,196.0,199.8,194.0,194.0,-1.47,26649.0,256.0,176.0
KBL,9/8/2022,194.0,196.8,193.0,195.2,0.62,29534.0,256.0,176.0
KBL,9/11/2022,195.0,197.8,194.0,195.0,-0.1,17937.0,256.0,176.0
KBL,9/12/2022,195.0,195.0,192.0,193.5,-0.77,19073.0,256.0,176.0
KBL,9/13/2022,195.0,195.0,193.1,195.0,0.78,28256.0,256.0,176.0
KBL,9/14/2022,193.0,198.9,193.0,198.9,2.0,35688.0,256.0,176.0
KBL,9/15/2022,200.8,201.0,193.5,195.0,-1.96,50526.0,256.0,176.0
KBL,9/16/2022,193.0,195.0,191.1,195.0,0.0,17623.0,256.0,176.0
KBL,9/18/2022,194.9,195.0,189.0,189.9,-2.62,50578.0,256.0,176.0
KBL,9/20/2022,190.0,190.0,185.0,185.0,-2.58,48698.0,256.0,176.0
KBL,9/21/2022,185.0,187.0,184.0,186.0,0.54,18788.0,256.0,176.0
KBL,9/22/2022,186.0,187.0,184.4,185.7,-0.16,18919.0,256.0,176.0
KBL,9/25/2022,184.0,186.0,180.0,186.0,0.16,53575.0,256.0,176.0
KBL,11/27/2022,189.7,204.6,189.7,198.6,6.77,114442.0,256.0,176.0
KBL,11/28/2022,198.6,200.0,193.6,194.0,-2.32,43012.0,256.0,176.0
KBL,11/29/2022,194.0,194.0,189.0,193.0,-0.52,48977.0,256.0,176.0
KBL,11/30/2022,194.0,194.0,186.6,190.0,-1.55,37479.0,256.0,176.0
KBL,12/1/2022,190.0,190.0,186.9,187.7,-1.21,30001.0,256.0,176.0
KBL,12/4/2022,187.0,191.0,186.2,187.5,-0.11,40718.0,256.0,176.0
KBL,12/5/2022,187.0,189.9,185.0,186.7,-0.43,41576.0,256.0,176.0
KBL,12/6/2022,185.0,186.8,183.1,184.7,-1.07,27995.0,256.0,176.0
KBL,12/7/2022,184.0,187.0,182.0,184.0,-0.38,32594.0,256.0,176.0
KBL,12/11/2022,184.0,187.4,182.5,183.0,-0.54,43691.0,256.0,176.0
KBL,12/12/2022,184.0,187.0,182.5,185.0,1.09,58040.0,256.0,176.0
KBL,12/13/2022,184.0,187.7,183.0,186.9,1.03,21351.0,256.0,176.0
KBL,12/14/2022,189.2,189.2,184.2,184.2,-1.44,15989.0,256.0,176.0
KBL,12/15/2022,185.0,185.5,182.6,183.3,-0.49,32506.0,256.0,176.0
KBL,12/18/2022,183.0,185.0,180.0,180.0,-1.8,39318.0,256.0,176.0
KBL,12/19/2022,180.0,182.4,176.5,180.1,0.06,17681.0,256.0,176.0
KBL,12/20/2022,180.5,184.0,179.1,182.0,1.05,22106.0,256.0,176.0
KBL,12/21/2022,182.0,183.9,180.1,182.0,0.0,25744.0,256.0,176.0
KBL,12/22/2022,183.0,184.3,180.0,181.0,-0.55,46868.0,256.0,176.0
KBL,12/26/2022,184.0,187.6,181.1,187.6,3.65,49925.0,256.0,176.0
KBL,12/27/2022,190.3,198.9,189.1,194.0,3.41,112675.0,256.0,176.0
KBL,12/28/2022,196.0,196.0,190.0,190.2,-1.96,37200.0,256.0,176.0
KBL,12/29/2022,193.0,193.0,187.0,190.0,-0.11,80472.0,256.0,176.0
KBL,1/23/2023,193.3,208.5,193.3,208.5,9.74,1325093.0,256.0,176.0
KBL,1/24/2023,208.0,211.6,201.0,203.9,-2.21,245691.0,256.0,176.0
KBL,1/25/2023,207.9,207.9,199.4,200.5,-1.67,247505.0,256.0,176.0
KBL,1/26/2023,201.0,201.0,197.0,197.1,-1.7,291107.0,256.0,176.0
KBL,1/29/2023,197.0,199.0,194.0,195.0,-1.07,172680.0,256.0,176.0
KBL,1/30/2023,191.5,197.8,191.5,193.0,-1.03,167032.0,256.0,176.0
KBL,1/31/2023,193.0,193.5,190.0,190.0,-1.55,135238.0,256.0,176.0
KBL,2/1/2023,190.0,192.0,189.0,190.0,0.0,106668.0,256.0,176.0
KBL,2/2/2023,190.0,192.0,189.0,189.7,-0.16,121654.0,256.0,176.0
KBL,2/5/2023,193.4,196.5,190.0,191.0,0.69,148187.0,256.0,176.0
KBL,2/6/2023,191.0,192.0,188.9,190.1,-0.47,92382.0,256.0,176.0
KBL,2/7/2023,190.1,195.0,190.0,195.0,2.58,148290.0,256.0,176.0
KBL,2/8/2023,195.6,198.9,193.0,194.0,-0.51,137301.0,256.0,176.0
KBL,2/9/2023,193.0,196.0,191.0,195.0,0.52,77621.0,256.0,176.0
KBL,2/12/2023,192.0,193.5,188.2,189.9,-2.62,162683.0,256.0,176.0
KBL,2/14/2023,190.0,190.0,187.0,189.0,-0.47,122452.0,256.0,176.0
KBL,2/15/2023,187.0,192.0,186.3,186.8,-1.16,76136.0,256.0,176.0
KBL,2/16/2023,189.4,189.4,184.0,185.3,-0.8,117176.0,256.0,176.0
KBL,2/20/2023,187.9,187.9,182.3,183.5,-0.97,91169.0,256.0,176.0
KBL,2/22/2023,186.0,187.0,183.0,185.0,0.82,127199.0,256.0,176.0
KBL,2/23/2023,185.0,185.0,181.0,181.2,-2.05,143920.0,256.0,176.0
KBL,2/26/2023,182.0,182.0,178.0,181.0,-0.11,108270.0,256.0,176.0
KBL,2/27/2023,183.0,183.6,179.0,180.4,-0.33,83091.0,256.0,176.0
KBL,2/28/2023,180.0,183.0,179.6,180.6,0.11,42844.0,256.0,176.0
KBL,3/1/2023,183.2,183.2,179.0,180.0,-0.33,54705.0,256.0,176.0
KBL,3/2/2023,178.4,180.8,178.0,179.0,-0.56,41960.0,256.0,176.0
KBL,3/5/2023,179.0,180.0,176.4,177.9,-0.61,61286.0,256.0,176.0
KBL,3/7/2023,177.0,180.1,177.0,179.0,0.62,51277.0,256.0,176.0
KBL,3/9/2023,180.0,182.5,178.1,181.0,1.12,97645.0,256.0,176.0
KBL,3/12/2023,181.0,183.5,177.5,178.9,-1.16,67873.0,256.0,176.0
KBL,3/13/2023,178.0,180.9,176.0,177.3,-0.89,53317.0,256.0,176.0
KBL,3/14/2023,179.8,180.0,176.0,178.0,0.39,53134.0,256.0,176.0
KBL,3/15/2023,178.0,179.0,175.0,178.0,0.0,92312.0,256.0,176.0
KBL,3/16/2023,175.0,179.0,175.0,178.5,0.28,49717.0,256.0,176.0
KBL,3/19/2023,179.5,179.5,175.9,178.0,-0.28,62024.0,256.0,176.0
KBL,3/20/2023,179.0,179.0,175.7,178.9,0.51,65466.0,256.0,176.0
KBL,3/22/2023,177.0,178.9,175.2,177.3,-0.89,45148.0,256.0,176.0
KBL,3/23/2023,175.2,180.8,173.5,177.0,-0.17,78303.0,256.0,176.0
KBL,3/26/2023,179.0,179.0,173.0,174.8,-1.24,58871.0,256.0,176.0
KBL,3/27/2023,175.0,175.9,172.0,174.6,-0.11,58177.0,256.0,176.0
KBL,3/28/2023,176.0,176.0,173.0,174.9,0.17,65652.0,256.0,176.0
KBL,3/29/2023,178.3,178.3,171.5,173.5,-0.8,59932.0,256.0,176.0
KBL,3/30/2023,176.0,176.0,172.0,173.9,0.23,25338.0,256.0,176.0
KBL,4/2/2023,176.0,176.3,170.0,171.0,-1.67,88246.0,256.0,176.0
KBL,4/3/2023,171.0,171.0,168.2,168.9,-1.23,65199.0,256.0,176.0
KBL,4/4/2023,171.2,171.2,166.1,167.0,-1.12,101726.0,256.0,176.0
KBL,4/5/2023,168.0,171.0,167.0,171.0,2.4,88453.0,256.0,176.0
KBL,4/6/2023,174.4,174.4,168.5,169.1,-1.11,65211.0,256.0,176.0
KBL,4/9/2023,169.1,170.0,166.0,168.0,-0.65,54808.0,256.0,176.0
KBL,4/10/2023,167.0,170.3,166.0,168.0,0.0,63176.0,256.0,176.0
KBL,4/11/2023,169.9,172.0,167.7,171.0,1.79,97508.0,256.0,176.0
KBL,4/12/2023,167.6,181.1,167.6,181.0,5.85,145056.0,256.0,176.0
KBL,4/13/2023,181.0,183.0,175.0,176.0,-2.76,78224.0,256.0,176.0
KBL,4/16/2023,176.0,176.9,172.0,173.9,-1.19,58929.0,256.0,176.0
KBL,4/17/2023,174.8,174.9,169.0,170.0,-2.24,115420.0,256.0,176.0
KBL,4/18/2023,171.0,172.0,169.3,170.0,0.0,54894.0,256.0,176.0
KBL,4/19/2023,170.0,172.9,169.5,170.6,0.35,47032.0,256.0,176.0
KBL,4/20/2023,169.8,170.5,168.0,169.4,-0.7,94980.0,256.0,176.0
KBL,4/23/2023,170.8,170.8,166.0,169.6,0.12,80406.0,256.0,176.0
KBL,4/24/2023,167.0,170.0,165.2,169.0,-0.35,51710.0,256.0,176.0
KBL,4/25/2023,170.0,170.9,168.1,170.0,0.59,71791.0,256.0,176.0
KBL,4/26/2023,170.0,170.9,168.0,169.0,-0.59,52210.0,256.0,176.0
KBL,4/27/2023,167.0,169.7,166.9,169.7,0.41,47252.0,256.0,176.0
KBL,4/30/2023,169.0,169.0,166.5,167.5,-1.3,62352.0,256.0,176.0
KBL,5/2/2023,168.0,168.5,164.3,167.0,-0.3,66204.0,256.0,176.0
KBL,5/3/2023,166.0,167.9,165.0,166.5,-0.3,99567.0,256.0,176.0
KBL,5/4/2023,168.0,168.0,164.7,166.0,-0.3,71306.0,256.0,176.0
KBL,5/7/2023,166.0,167.0,164.5,166.4,0.24,47153.0,256.0,176.0
KBL,5/8/2023,166.4,166.4,164.0,165.9,-0.3,47241.0,256.0,176.0
KBL,5/9/2023,166.0,168.0,164.0,166.0,0.06,65299.0,256.0,176.0
KBL,5/10/2023,166.0,166.0,164.0,164.8,-0.72,38864.0,256.0,176.0
KBL,5/11/2023,164.0,166.8,163.7,164.8,0.0,41798.0,256.0,176.0
KBL,5/14/2023,167.0,167.0,162.7,163.6,-0.73,74128.0,256.0,176.0
KBL,5/15/2023,163.1,164.0,162.1,164.0,0.24,55229.0,256.0,176.0
KBL,5/16/2023,162.2,164.8,162.2,163.5,-0.3,44363.0,256.0,176.0
KBL,5/17/2023,164.0,164.5,162.0,163.4,-0.06,65363.0,256.0,176.0
KBL,5/18/2023,166.6,168.0,163.1,166.7,2.02,123426.0,256.0,176.0
KBL,5/21/2023,166.7,168.0,164.2,165.5,-0.72,106543.0,256.0,176.0
KBL,5/22/2023,164.0,167.0,163.2,165.8,0.18,87722.0,256.0,176.0
KBL,5/23/2023,166.0,169.3,166.0,169.2,2.05,126022.0,256.0,176.0
KBL,5/24/2023,172.5,172.5,167.1,169.2,0.0,93761.0,256.0,176.0
KBL,5/28/2023,172.5,172.5,166.2,168.0,-0.71,122333.0,256.0,176.0
KBL,5/30/2023,166.0,167.7,163.8,164.8,-1.9,94586.0,256.0,176.0
KBL,5/31/2023,163.0,165.2,160.0,163.0,-1.09,155371.0,256.0,176.0
KBL,6/1/2023,163.0,164.0,159.8,162.0,-0.61,74251.0,256.0,176.0
KBL,6/4/2023,160.0,167.5,160.0,163.5,0.93,50186.0,256.0,176.0
KBL,6/5/2023,164.0,165.0,160.7,161.9,-0.98,50892.0,256.0,176.0
KBL,6/6/2023,164.0,164.0,159.2,161.7,-0.12,215643.0,256.0,176.0
KBL,6/7/2023,161.1,164.0,160.5,161.8,0.06,197747.0,256.0,176.0
KBL,6/8/2023,164.5,164.5,161.0,162.1,0.19,115970.0,256.0,176.0
KBL,6/11/2023,165.0,165.2,161.0,165.1,1.85,162974.0,256.0,176.0
KBL,6/12/2023,165.0,167.0,163.5,164.0,-0.67,120769.0,256.0,176.0
KBL,6/13/2023,163.9,165.7,162.0,164.8,0.49,154271.0,256.0,176.0
KBL,6/14/2023,164.8,170.2,162.1,167.0,1.33,261054.0,256.0,176.0
KBL,6/15/2023,165.0,168.0,165.0,166.7,-0.18,113464.0,256.0,176.0
KBL,6/18/2023,166.0,167.0,164.9,165.9,-0.48,158828.0,256.0,176.0
KBL,6/19/2023,167.9,167.9,163.0,163.8,-1.27,100955.0,256.0,176.0
KBL,6/20/2023,163.6,167.0,163.0,163.9,0.06,130904.0,256.0,176.0
KBL,6/21/2023,165.0,165.9,161.2,162.4,-0.92,122732.0,256.0,176.0
KBL,6/22/2023,163.0,163.0,160.0,161.0,-0.86,95852.0,256.0,176.0
KBL,6/25/2023,163.0,163.0,160.0,162.0,0.62,256573.0,256.0,176.0
KBL,6/26/2023,163.0,168.5,162.0,163.9,1.17,137301.0,256.0,176.0
KBL,6/27/2023,163.9,171.9,163.2,170.8,4.21,259663.0,256.0,176.0
KBL,6/28/2023,172.3,173.0,164.1,165.9,-2.87,178887.0,256.0,176.0
KBL,7/2/2023,167.0,167.0,161.1,161.5,-2.65,156299.0,256.0,176.0
KBL,7/3/2023,161.6,162.0,158.9,159.0,-1.55,224516.0,256.0,176.0
KBL,7/4/2023,159.0,161.9,157.9,158.1,-0.57,183423.0,256.0,176.0
KBL,7/5/2023,155.0,163.0,155.0,157.5,-0.38,160198.0,256.0,176.0
KBL,7/6/2023,157.6,159.0,156.1,158.0,0.32,132201.0,256.0,176.0
KBL,7/9/2023,159.9,160.0,156.0,157.8,-0.13,187692.0,256.0,176.0
KBL,7/10/2023,158.0,160.0,157.0,158.8,0.63,125621.0,256.0,176.0
KBL,7/11/2023,160.0,160.7,156.0,160.2,0.88,128742.0,256.0,176.0
KBL,7/12/2023,160.3,162.8,158.4,162.7,1.56,87200.0,256.0,176.0
KBL,7/13/2023,163.0,164.2,159.8,160.0,-1.66,115663.0,256.0,176.0
KBL,7/16/2023,161.0,166.1,160.0,165.0,3.12,178823.0,256.0,176.0
KBL,7/17/2023,165.0,173.0,164.0,170.7,3.45,221976.0,256.0,176.0
KBL,7/18/2023,171.0,174.0,170.0,171.8,0.64,208837.0,256.0,176.0
KBL,7/19/2023,172.0,181.0,169.0,179.8,4.66,453907.0,256.0,176.0
KBL,7/20/2023,181.0,182.0,176.0,178.9,-0.5,330135.0,256.0,176.0
KBL,7/23/2023,181.0,195.8,178.6,189.9,6.15,442805.0,256.0,176.0
KBL,7/24/2023,190.0,193.0,180.0,185.0,-2.58,698201.0,256.0,176.0
KBL,7/25/2023,185.0,186.0,176.5,176.9,-4.38,418208.0,256.0,176.0
KBL,7/26/2023,179.0,180.2,175.5,177.0,0.06,153024.0,256.0,176.0
KBL,7/27/2023,177.0,180.0,174.5,175.0,-1.13,215160.0,256.0,176.0
KBL,7/30/2023,176.0,176.0,171.6,172.5,-1.43,118915.0,256.0,176.0
KBL,7/31/2023,170.7,175.6,170.0,172.0,-0.29,188684.0,256.0,176.0
KBL,8/1/2023,174.0,174.9,168.6,169.8,-1.28,177555.0,256.0,176.0
KBL,8/2/2023,171.0,172.5,167.8,171.0,0.71,141679.0,256.0,176.0
KBL,8/3/2023,170.0,174.4,170.0,173.2,1.29,119412.0,256.0,176.0
KBL,8/6/2023,173.0,173.0,163.0,164.7,-4.91,449761.0,256.0,176.0
KBL,8/7/2023,165.0,165.0,160.2,163.0,-1.03,248575.0,256.0,176.0
KBL,8/8/2023,163.0,165.0,161.0,162.5,-0.31,113453.0,256.0,176.0
KBL,8/9/2023,160.0,165.0,159.3,165.0,1.54,171665.0,256.0,176.0
KBL,8/10/2023,164.0,164.0,161.4,161.5,-2.12,100579.0,256.0,176.0
KBL,8/13/2023,161.5,164.8,161.5,162.5,0.62,160269.0,256.0,176.0
KBL,8/14/2023,163.5,165.0,161.5,162.9,0.25,84610.0,256.0,176.0
KBL,8/15/2023,163.9,163.9,160.1,161.0,-1.17,66929.0,256.0,176.0
KBL,8/16/2023,162.8,164.0,159.9,160.4,-0.37,156455.0,256.0,176.0
KBL,8/17/2023,161.0,162.5,159.3,162.0,1.0,86747.0,256.0,176.0
KBL,8/20/2023,162.5,162.5,160.2,161.3,-0.43,88228.0,256.0,176.0
KBL,8/21/2023,160.0,161.9,159.2,159.6,-1.05,97626.0,256.0,176.0
KBL,8/22/2023,162.0,162.0,159.0,160.9,0.81,74921.0,256.0,176.0
KBL,8/23/2023,164.1,164.1,160.0,161.0,0.06,85417.0,256.0,176.0
KBL,8/24/2023,164.2,164.2,159.0,159.8,-0.75,87920.0,256.0,176.0
KBL,8/27/2023,160.0,160.0,157.0,157.0,-1.75,65908.0,256.0,176.0
KBL,8/28/2023,158.0,159.7,156.1,158.3,0.83,50652.0,256.0,176.0
KBL,8/29/2023,159.0,160.0,157.0,157.4,-0.57,42101.0,256.0,176.0
KBL,8/30/2023,160.0,160.0,156.2,157.0,-0.25,67256.0,256.0,176.0
KBL,9/3/2023,157.9,157.9,155.1,156.0,-0.64,71723.0,256.0,176.0
KBL,9/4/2023,157.9,159.9,155.5,157.9,1.22,56633.0,256.0,176.0
KBL,9/5/2023,161.0,161.0,155.1,155.6,-1.46,52392.0,256.0,176.0
KBL,9/7/2023,156.6,157.0,154.0,155.0,-0.39,89826.0,256.0,176.0
KBL,9/10/2023,158.0,158.0,155.0,156.5,0.97,73388.0,256.0,176.0
KBL,9/11/2023,157.0,162.0,156.0,159.0,1.6,52374.0,256.0,176.0
KBL,9/12/2023,162.0,162.0,158.0,158.1,-0.57,51252.0,256.0,176.0
KBL,9/13/2023,158.1,159.8,156.1,159.4,0.82,54797.0,256.0,176.0
KBL,9/17/2023,159.4,159.8,156.5,156.9,-1.57,51675.0,256.0,176.0
KBL,9/18/2023,157.0,158.5,155.2,156.8,-0.06,24146.0,256.0,176.0
KBL,9/19/2023,159.0,159.0,156.0,157.8,0.64,33745.0,256.0,176.0
KBL,9/21/2023,158.0,165.2,157.0,161.6,2.41,139151.0,256.0,176.0
KBL,9/24/2023,160.3,162.0,158.0,159.8,-1.11,96694.0,256.0,176.0
KBL,9/25/2023,162.5,162.5,158.0,159.0,-0.5,42032.0,256.0,176.0
KBL,9/26/2023,159.0,165.0,159.0,161.0,1.26,89670.0,256.0,176.0
KBL,9/27/2023,164.0,164.0,157.8,160.0,-0.62,122168.0,256.0,176.0
KBL,10/1/2023,160.0,160.0,157.3,159.0,-0.62,55341.0,256.0,176.0
KBL,10/2/2023,158.0,160.0,156.1,158.8,-0.13,76399.0,256.0,176.0
KBL,10/3/2023,160.0,160.0,157.1,159.0,0.13,76675.0,256.0,176.0
KBL,10/4/2023,158.1,161.5,158.1,161.0,1.26,69350.0,256.0,176.0
KBL,10/5/2023,161.0,161.0,158.0,159.4,-0.99,86626.0,256.0,176.0
KBL,10/8/2023,160.0,160.0,157.1,157.8,-1.0,41953.0,256.0,176.0
KBL,10/9/2023,158.0,160.0,156.7,159.0,0.76,46454.0,256.0,176.0
KBL,10/10/2023,160.0,160.0,156.4,157.0,-1.26,36152.0,256.0,176.0
KBL,10/11/2023,157.0,158.2,156.2,158.0,0.64,47695.0,256.0,176.0
KBL,10/12/2023,158.0,160.0,155.1,156.9,-0.7,125886.0,256.0,176.0
KBL,10/16/2023,156.9,156.9,153.4,154.0,-1.85,66521.0,256.0,176.0
KBL,10/17/2023,156.0,158.0,153.0,155.7,1.1,60186.0,256.0,176.0
KBL,10/18/2023,157.0,158.9,155.0,158.0,1.48,49301.0,256.0,176.0
KBL,10/19/2023,157.0,159.2,154.9,157.8,-0.13,28336.0,256.0,176.0
KBL,10/29/2023,155.5,157.0,155.0,156.7,-0.7,41634.0,256.0,176.0
KBL,10/30/2023,154.1,157.0,154.0,156.0,-0.45,44579.0,256.0,176.0
KBL,10/31/2023,155.0,156.8,154.0,155.5,-0.32,74528.0,256.0,176.0
KBL,11/1/2023,154.1,157.0,154.0,155.5,0.0,34148.0,256.0,176.0
KBL,11/2/2023,154.1,155.9,154.0,155.0,-0.32,25485.0,256.0,176.0
KBL,11/5/2023,153.7,154.9,151.7,151.7,-2.13,78815.0,256.0,176.0
KBL,11/6/2023,151.7,153.7,151.0,151.9,0.13,59314.0,256.0,176.0
KBL,11/7/2023,152.9,153.8,150.2,151.0,-0.59,60321.0,256.0,176.0
KBL,11/8/2023,150.0,152.7,150.0,151.0,0.0,34181.0,256.0,176.0
KBL,11/9/2023,151.0,152.0,150.0,151.7,0.46,37019.0,256.0,176.0
KBL,11/20/2023,153.0,154.6,151.0,152.4,0.46,29875.0,256.0,176.0
KBL,11/21/2023,151.5,151.5,150.0,150.9,-0.98,35108.0,256.0,176.0
KBL,11/22/2023,150.0,152.8,150.0,151.5,0.4,29095.0,256.0,176.0
KBL,11/23/2023,151.0,153.9,150.2,153.9,1.58,44849.0,256.0,176.0
KBL,11/26/2023,151.0,156.6,151.0,156.6,1.75,68959.0,256.0,176.0
KBL,11/27/2023,156.0,157.0,152.0,154.0,-1.66,84259.0,256.0,176.0
KBL,11/28/2023,153.0,154.0,151.0,152.0,-1.3,37925.0,256.0,176.0
KBL,11/29/2023,155.0,155.0,150.1,152.0,0.0,29197.0,256.0,176.0
KBL,11/30/2023,149.0,153.5,149.0,150.9,-0.72,71006.0,256.0,176.0
KBL,12/3/2023,151.9,151.9,149.0,150.1,-0.53,44446.0,256.0,176.0
KBL,12/4/2023,150.0,151.5,149.0,150.4,0.2,43873.0,256.0,176.0
KBL,12/5/2023,151.0,152.0,149.0,150.8,0.27,57332.0,256.0,176.0
KBL,12/6/2023,149.0,151.0,149.0,149.6,-0.8,33130.0,256.0,176.0
KBL,12/7/2023,149.0,151.7,148.2,151.0,0.94,64547.0,256.0,176.0
KBL,12/10/2023,153.0,161.0,153.0,161.0,6.62,26357.0,256.0,176.0
KBL,12/11/2023,164.2,164.2,156.0,160.0,-0.62,184179.0,256.0,176.0
KBL,12/12/2023,160.0,161.0,156.1,158.0,-1.25,124794.0,256.0,176.0
KBL,12/13/2023,160.0,161.0,156.2,157.5,-0.32,78908.0,256.0,176.0
KBL,12/14/2023,156.0,158.1,155.0,156.5,-0.63,52712.0,256.0,176.0
KBL,12/17/2023,153.6,156.9,150.6,156.0,-0.32,142199.0,256.0,176.0
KBL,12/18/2023,154.0,163.9,154.0,162.9,4.42,316567.0,256.0,176.0
KBL,12/19/2023,163.0,169.0,161.0,168.0,3.13,216179.0,256.0,176.0
KBL,12/20/2023,168.0,170.1,167.0,169.0,0.6,237103.0,256.0,176.0
KBL,12/21/2023,171.0,171.0,163.4,164.1,-2.9,243515.0,256.0,176.0
KBL,12/24/2023,164.1,167.0,161.5,162.0,-1.28,170471.0,256.0,176.0
KBL,12/27/2023,160.2,164.0,158.0,160.9,-0.68,234037.0,256.0,176.0
KBL,12/28/2023,158.0,161.9,158.0,160.0,-0.56,125725.0,256.0,176.0
KBL,1/1/2024,158.1,160.8,158.1,160.0,0.0,149150.0,256.0,176.0
KBL,1/2/2024,160.0,160.0,156.0,157.0,-1.88,102253.0,256.0,176.0
KBL,1/3/2024,156.0,158.0,155.2,157.4,0.25,64765.0,256.0,176.0
KBL,1/4/2024,157.1,158.9,155.2,157.9,0.32,110816.0,256.0,176.0
KBL,1/7/2024,160.0,160.0,154.1,155.0,-1.84,145702.0,256.0,176.0
KBL,1/8/2024,155.0,158.0,154.0,157.0,1.29,134103.0,256.0,176.0
KBL,1/9/2024,154.3,162.0,154.3,157.1,0.06,114145.0,256.0,176.0
KBL,1/10/2024,158.9,161.8,157.1,159.4,1.46,160937.0,256.0,176.0
KBL,1/11/2024,159.5,159.9,157.0,159.0,-0.25,54478.0,256.0,176.0
KBL,1/14/2024,157.5,160.6,157.0,159.4,0.25,100888.0,256.0,176.0
KBL,1/16/2024,158.0,164.0,158.0,163.0,2.26,185907.0,256.0,176.0
KBL,1/17/2024,163.0,167.0,161.0,163.0,0.0,435459.0,256.0,176.0
KBL,1/18/2024,164.9,164.9,160.1,162.9,-0.06,123783.0,256.0,176.0
KBL,1/21/2024,163.0,163.0,156.0,156.7,-3.81,229146.0,256.0,176.0
KBL,1/22/2024,156.7,157.0,153.6,155.5,-0.77,270053.0,256.0,176.0
KBL,1/23/2024,157.0,157.0,154.0,156.0,0.32,206278.0,256.0,176.0
KBL,1/24/2024,153.0,157.0,152.9,153.3,-1.73,120122.0,256.0,176.0
KBL,1/25/2024,154.9,156.0,151.9,154.3,0.65,210216.0,256.0,176.0
KBL,1/28/2024,154.9,155.0,152.0,153.0,-0.84,107134.0,256.0,176.0
KBL,1/29/2024,156.0,156.0,151.5,152.3,-0.46,148431.0,256.0,176.0
KBL,1/30/2024,149.3,153.0,149.3,152.9,0.39,195550.0,256.0,176.0
KBL,1/31/2024,153.8,153.8,150.0,151.8,-0.72,270719.0,256.0,176.0
KBL,2/1/2024,153.1,153.1,148.7,149.0,-1.84,178025.0,256.0,176.0
KBL,2/4/2024,151.9,151.9,148.0,149.0,0.0,140493.0,256.0,176.0
KBL,2/5/2024,151.8,151.8,148.0,149.0,0.0,133614.0,256.0,176.0
KBL,2/6/2024,151.8,151.8,148.2,150.4,0.94,171354.0,256.0,176.0
KBL,2/7/2024,152.2,152.2,149.0,149.8,-0.4,272374.0,256.0,176.0
KBL,2/8/2024,152.7,152.7,148.0,149.0,-0.53,196369.0,256.0,176.0
KBL,2/11/2024,151.9,151.9,148.2,148.2,-0.54,106437.0,256.0,176.0
KBL,2/12/2024,151.1,151.1,148.0,149.0,0.54,97547.0,256.0,176.0
KBL,2/13/2024,146.5,149.9,146.5,147.9,-0.74,99488.0,256.0,176.0
KBL,2/14/2024,150.8,150.8,147.0,147.9,0.0,107946.0,256.0,176.0
KBL,2/15/2024,150.8,150.8,146.0,147.8,-0.07,100556.0,256.0,176.0
KBL,2/18/2024,146.0,148.0,145.0,145.9,-1.29,140350.0,256.0,176.0
KBL,2/20/2024,148.8,148.8,144.9,145.0,-0.62,122037.0,256.0,176.0
KBL,2/21/2024,147.9,147.9,145.0,146.0,0.69,85709.0,256.0,176.0
KBL,2/22/2024,145.0,147.0,143.0,145.0,-0.68,185666.0,256.0,176.0
KBL,2/25/2024,147.9,147.9,142.5,142.8,-1.52,89207.0,256.0,176.0
KBL,2/26/2024,145.6,145.6,140.2,143.0,0.14,146323.0,256.0,176.0
KBL,2/27/2024,145.8,145.8,140.2,143.0,0.0,83887.0,256.0,176.0
KBL,2/28/2024,145.8,145.8,140.2,142.0,-0.7,96077.0,256.0,176.0
KBL,2/29/2024,144.8,144.8,140.0,140.6,-0.99,83686.0,256.0,176.0
KBL,3/3/2024,143.4,143.4,138.3,140.0,-0.43,61907.0,256.0,176.0
KBL,3/4/2024,142.8,150.8,142.8,150.0,7.14,15840.0,256.0,176.0
KBL,3/5/2024,150.0,150.9,141.2,142.8,-4.8,108552.0,256.0,176.0
KBL,3/6/2024,145.6,145.6,141.0,144.0,0.84,93007.0,256.0,176.0
KBL,3/7/2024,146.8,146.8,142.0,144.0,0.0,50150.0,256.0,176.0
KBL,3/10/2024,146.8,146.8,142.0,145.0,0.69,70727.0,256.0,176.0
KBL,3/12/2024,147.9,147.9,143.2,147.0,1.38,139814.0,256.0,176.0
KBL,3/13/2024,149.9,149.9,144.5,147.9,0.61,72252.0,256.0,176.0
KBL,3/14/2024,150.8,150.8,145.0,145.4,-1.69,74938.0,256.0,176.0
KBL,3/17/2024,148.3,148.3,142.6,143.5,-1.31,108788.0,256.0,176.0
KBL,3/18/2024,141.9,144.8,141.9,143.0,-0.35,221718.0,256.0,176.0
KBL,3/19/2024,145.8,145.8,141.1,142.3,-0.49,108661.0,256.0,176.0
KBL,3/20/2024,145.1,145.1,141.2,141.8,-0.35,72440.0,256.0,176.0
KBL,3/21/2024,144.6,144.6,140.0,140.6,-0.85,60669.0,256.0,176.0
KBL,3/25/2024,143.4,143.4,138.8,139.9,-0.5,85122.0,256.0,176.0
KBL,3/26/2024,142.6,142.6,138.8,140.3,0.29,158827.0,256.0,176.0
KBL,3/27/2024,143.1,143.1,138.8,139.1,-0.86,94353.0,256.0,176.0
KBL,3/28/2024,141.8,141.8,138.0,138.9,-0.14,138953.0,256.0,176.0
KBL,3/31/2024,141.6,141.6,137.5,138.0,-0.65,60818.0,256.0,176.0
KBL,4/1/2024,140.7,140.7,137.0,138.0,0.0,72735.0,256.0,176.0
KBL,4/2/2024,135.3,139.7,135.3,136.5,-1.09,55325.0,256.0,176.0
KBL,4/3/2024,139.2,139.2,135.1,136.8,0.22,75945.0,256.0,176.0
KBL,4/4/2024,139.5,139.5,135.2,136.0,-0.58,69314.0,256.0,176.0
KBL,4/7/2024,138.7,138.7,133.1,137.0,0.74,123403.0,256.0,176.0
KBL,4/9/2024,139.7,139.7,136.2,137.7,0.51,79523.0,256.0,176.0
KBL,4/10/2024,140.4,140.4,135.0,137.7,0.0,72729.0,256.0,176.0
KBL,4/14/2024,140.4,140.4,135.5,136.9,-0.58,59235.0,256.0,176.0
KBL,4/15/2024,139.6,139.6,135.0,135.1,-1.31,73450.0,256.0,176.0
KBL,4/16/2024,137.8,137.8,133.8,134.8,-0.22,102317.0,256.0,176.0
KBL,4/18/2024,137.4,137.4,132.8,135.0,0.15,85019.0,256.0,176.0
KBL,4/21/2024,136.8,136.8,132.0,133.5,-1.11,165637.0,256.0,176.0
KBL,4/22/2024,136.1,136.1,132.0,132.8,-0.52,83095.0,256.0,176.0
KBL,4/24/2024,135.4,135.4,131.0,132.9,0.08,94328.0,256.0,176.0
KBL,4/25/2024,135.5,135.5,132.0,134.0,0.83,102913.0,256.0,176.0
KBL,4/28/2024,136.6,136.6,131.5,135.0,0.75,117579.0,256.0,176.0
KBL,4/29/2024,137.0,137.0,131.5,133.3,-1.26,66731.0,256.0,176.0
KBL,4/30/2024,135.8,135.8,132.0,134.5,0.9,97158.0,256.0,176.0
KBL,5/2/2024,137.1,137.1,131.5,133.0,-1.12,121363.0,256.0,176.0
KBL,5/5/2024,135.5,135.5,131.0,132.0,-0.75,86711.0,256.0,176.0
KBL,5/6/2024,134.6,134.6,130.5,132.3,0.23,117819.0,256.0,176.0
KBL,5/7/2024,134.9,134.9,130.3,131.5,-0.6,74405.0,256.0,176.0
KBL,5/8/2024,134.1,134.1,129.6,130.4,-0.84,76565.0,256.0,176.0
KBL,5/9/2024,133.0,133.0,129.6,132.0,1.23,63506.0,256.0,176.0
KBL,5/12/2024,134.6,134.6,130.1,132.2,0.15,114108.0,256.0,176.0
KBL,5/13/2024,134.8,141.5,130.5,140.4,6.2,476129.0,256.0,176.0
KBL,5/14/2024,137.6,142.3,136.9,140.0,-0.28,110121.0,256.0,176.0
KBL,5/15/2024,142.0,142.0,137.2,139.0,-0.71,142190.0,256.0,176.0
KBL,5/16/2024,141.7,141.7,135.3,137.0,-1.44,124746.0,256.0,176.0
KBL,5/19/2024,139.7,141.0,136.5,138.8,1.31,106406.0,256.0,176.0
KBL,5/20/2024,141.5,148.5,136.5,144.3,3.96,443058.0,256.0,176.0
KBL,5/21/2024,144.3,148.0,143.6,146.0,1.18,185624.0,256.0,176.0
KBL,5/22/2024,144.0,157.0,144.0,154.0,5.48,447690.0,256.0,176.0
KBL,5/26/2024,155.0,155.0,149.0,150.2,-2.47,269078.0,256.0,176.0
KBL,5/27/2024,150.5,152.1,148.0,150.5,0.2,174877.0,256.0,176.0
KBL,5/29/2024,153.5,154.0,145.0,146.0,-2.99,163664.0,256.0,176.0
KBL,5/30/2024,148.9,148.9,142.0,143.0,-2.05,121392.0,256.0,176.0
KBL,6/2/2024,145.8,145.8,141.0,142.9,-0.07,89221.0,256.0,176.0
KBL,6/3/2024,145.7,145.7,141.5,142.2,-0.49,54207.0,256.0,176.0
KBL,6/4/2024,145.0,145.0,141.0,142.8,0.42,32331.0,256.0,176.0
KBL,6/5/2024,145.6,145.6,139.8,141.0,-1.26,52869.0,256.0,176.0
KBL,6/6/2024,143.8,143.8,138.3,140.0,-0.71,59331.0,256.0,176.0
KBL,6/9/2024,142.8,142.8,137.0,138.0,-1.43,86922.0,256.0,176.0
KBL,6/10/2024,140.7,140.7,135.5,138.9,0.65,66229.0,256.0,176.0
KBL,6/11/2024,141.6,141.6,135.1,141.0,1.51,104359.0,256.0,176.0
KBL,6/12/2024,142.0,143.9,140.8,142.0,0.71,87809.0,256.0,176.0
KBL,6/13/2024,144.8,144.8,139.0,142.0,0.0,70592.0,256.0,176.0
KBL,6/16/2024,139.2,141.4,139.0,140.0,-1.41,67091.0,256.0,176.0
KBL,6/18/2024,140.0,140.0,137.5,138.9,-0.79,73305.0,256.0,176.0
KBL,6/19/2024,141.6,141.6,137.1,138.0,-0.65,37616.0,256.0,176.0
KBL,6/20/2024,140.7,140.7,136.9,137.8,-0.14,162169.0,256.0,176.0
KBL,6/23/2024,140.5,140.5,136.5,137.0,-0.58,48800.0,256.0,176.0
KBL,6/24/2024,137.0,138.0,135.9,136.5,-0.36,56888.0,256.0,176.0
KBL,6/25/2024,139.2,139.2,134.5,136.5,0.0,76250.0,256.0,176.0
KBL,6/26/2024,136.5,138.0,134.1,134.3,-1.61,79930.0,256.0,176.0
KBL,6/27/2024,136.9,136.9,134.5,136.0,1.27,46232.0,256.0,176.0
KBL,6/30/2024,138.7,138.7,134.2,135.0,-0.74,83368.0,256.0,176.0
KBL,7/1/2024,137.6,138.0,133.2,138.0,2.22,105045.0,256.0,176.0
KBL,7/2/2024,140.7,150.0,140.0,141.5,2.54,165684.0,256.0,176.0
KBL,7/3/2024,141.0,143.0,137.7,142.0,0.35,81421.0,256.0,176.0
KBL,7/4/2024,143.0,143.5,140.1,142.0,0.0,174339.0,256.0,176.0
KBL,7/7/2024,144.8,144.8,141.0,142.8,0.56,115705.0,256.0,176.0
KBL,7/8/2024,140.0,145.0,140.0,143.0,0.14,71144.0,256.0,176.0
KBL,7/9/2024,145.8,145.8,140.0,143.5,0.35,130497.0,256.0,176.0
KBL,7/10/2024,140.7,147.0,140.7,147.0,2.44,212576.0,256.0,176.0
KBL,7/11/2024,147.0,150.2,145.2,147.0,0.0,372558.0,256.0,176.0
KBL,7/14/2024,149.9,158.1,149.9,156.2,6.26,379761.0,256.0,176.0
KBL,7/15/2024,159.3,162.0,153.0,153.7,-1.6,375066.0,256.0,176.0
KBL,7/16/2024,150.7,159.5,150.7,159.4,3.71,291266.0,256.0,176.0
KBL,7/17/2024,160.0,164.7,158.0,162.6,2.01,402147.0,256.0,176.0
KBL,7/18/2024,165.0,178.8,162.0,178.1,9.53,1370389.0,256.0,176.0
KBL,7/21/2024,180.0,194.8,176.6,194.5,9.21,1490550.0,256.0,176.0
KBL,7/22/2024,196.0,197.8,186.3,190.9,-1.85,1476657.0,256.0,176.0
KBL,7/23/2024,190.9,196.8,185.5,196.6,2.99,773314.0,256.0,176.0
KBL,7/24/2024,197.0,205.0,192.0,193.2,-1.73,927814.0,256.0,176.0
KBL,7/25/2024,189.7,195.4,189.7,193.1,-0.05,575420.0,256.0,176.0
KBL,7/28/2024,196.9,212.4,196.9,212.4,9.99,1706582.0,256.0,176.0
KBL,7/29/2024,216.6,233.5,216.6,222.0,4.52,2463069.0,256.0,176.0
KBL,7/30/2024,224.0,225.0,208.1,220.5,-0.68,1169528.0,256.0,176.0
KBL,7/31/2024,222.0,227.3,216.0,222.0,0.68,1035434.0,256.0,176.0
KBL,8/1/2024,226.4,226.4,216.0,216.1,-2.66,920507.0,256.0,176.0
KBL,8/5/2024,220.4,227.9,214.0,214.5,-0.74,1262747.0,256.0,176.0
KBL,8/6/2024,218.7,218.7,202.0,203.5,-5.13,1288798.0,256.0,176.0
KBL,8/7/2024,203.5,209.0,200.1,208.0,2.21,700896.0,256.0,176.0
KBL,8/8/2024,212.1,212.1,206.0,206.0,-0.96,569352.0,256.0,176.0
KBL,8/11/2024,210.0,215.0,205.1,213.0,3.4,1037422.0,256.0,176.0
KBL,8/12/2024,217.2,225.0,217.0,222.0,4.23,1605274.0,256.0,176.0
KBL,8/13/2024,223.4,229.9,221.4,226.0,1.8,1192459.0,256.0,176.0
KBL,8/14/2024,227.0,237.0,222.0,235.0,3.98,1296305.0,256.0,176.0
KBL,8/15/2024,237.2,258.5,237.2,256.0,8.94,2443832.0,256.0,176.0
KBL,8/18/2024,261.1,272.9,253.0,259.0,1.17,2489844.0,256.0,176.0
KBL,8/21/2024,264.0,264.0,251.0,258.9,-0.04,1294130.0,256.0,176.0
KBL,8/22/2024,258.9,264.0,256.0,256.9,-0.77,749854.0,256.0,176.0
KBL,8/25/2024,256.9,257.0,244.0,245.0,-4.63,1008179.0,256.0,176.0
KBL,8/27/2024,241.0,241.9,227.5,229.9,-6.16,1069125.0,256.0,176.0
KBL,8/28/2024,230.0,242.0,226.2,231.5,0.7,737384.0,256.0,176.0
KBL,8/29/2024,235.0,235.0,225.4,228.0,-1.51,575938.0,256.0,176.0
KBL,9/1/2024,229.0,231.8,218.5,219.9,-3.55,499194.0,256.0,176.0
KBL,9/2/2024,220.0,235.0,215.8,235.0,6.87,887073.0,256.0,176.0
KBL,9/3/2024,239.0,241.0,232.7,233.0,-0.85,585358.0,256.0,176.0
KBL,9/4/2024,237.6,237.6,223.5,224.5,-3.65,422193.0,256.0,176.0
KBL,9/5/2024,225.0,226.0,218.0,222.9,-0.71,501227.0,256.0,176.0
KBL,9/8/2024,225.2,227.2,218.0,218.0,-2.2,360031.0,256.0,176.0
KBL,9/9/2024,221.0,221.0,211.4,212.0,-2.75,401875.0,256.0,176.0
KBL,9/10/2024,216.2,219.0,210.3,214.0,0.94,361844.0,256.0,176.0
KBL,9/11/2024,218.2,218.2,209.4,211.4,-1.21,340061.0,256.0,176.0
KBL,9/12/2024,215.6,219.5,210.0,219.0,3.6,390210.0,256.0,176.0
KBL,9/15/2024,223.3,225.1,215.0,216.0,-1.37,467085.0,256.0,176.0
KBL,9/16/2024,220.0,220.0,208.0,209.4,-3.06,394514.0,256.0,176.0
KBL,9/18/2024,212.0,218.0,208.1,216.0,3.15,507270.0,256.0,176.0
KBL,9/22/2024,220.3,224.0,213.8,216.0,0.0,304116.0,256.0,176.0
KBL,9/23/2024,220.3,220.3,211.6,212.0,-1.85,258913.0,256.0,176.0
KBL,9/24/2024,212.0,216.0,205.0,205.9,-2.88,242918.0,256.0,176.0
KBL,9/25/2024,210.0,213.4,205.1,213.0,3.45,275334.0,256.0,176.0
KBL,9/26/2024,213.0,214.7,207.8,210.0,-1.41,212755.0,256.0,176.0
KBL,9/29/2024,210.0,211.0,205.0,206.5,-1.67,217662.0,256.0,176.0
KBL,9/30/2024,210.6,211.0,206.0,208.6,1.02,224063.0,256.0,176.0
KBL,10/1/2024,210.0,220.2,210.0,219.0,4.99,542232.0,256.0,176.0
KBL,10/2/2024,219.0,222.9,214.7,217.0,-0.91,357244.0,256.0,176.0
KBL,10/6/2024,217.0,224.0,213.8,223.0,2.76,475494.0,256.0,176.0
KBL,10/7/2024,224.0,232.0,224.0,228.0,2.24,565728.0,256.0,176.0
KBL,10/8/2024,231.0,232.5,225.8,226.1,-0.83,266648.0,256.0,176.0
KBL,10/9/2024,226.1,227.0,223.0,226.0,-0.04,326983.0,256.0,176.0
KBL,10/15/2024,229.0,231.8,224.8,231.5,2.43,185994.0,256.0,176.0
KBL,10/16/2024,233.1,239.5,230.1,237.0,2.38,424806.0,256.0,176.0
KBL,10/17/2024,237.2,251.9,236.2,243.0,2.53,1359024.0,256.0,176.0
KBL,10/20/2024,243.0,253.5,234.0,246.0,1.23,1536873.0,256.0,176.0
KBL,10/21/2024,246.0,247.0,240.1,240.1,-2.4,731741.0,256.0,176.0
KBL,10/22/2024,240.1,245.0,238.6,240.9,0.33,572846.0,256.0,176.0
KBL,10/23/2024,245.7,245.7,231.7,234.0,-2.86,1131167.0,256.0,176.0
KBL,10/24/2024,233.0,234.0,227.0,229.6,-1.88,488269.0,256.0,176.0
KBL,10/27/2024,234.1,234.1,226.0,228.0,-0.7,326710.0,256.0,176.0
KBL,10/28/2024,232.5,232.5,226.7,229.7,0.75,156973.0,256.0,176.0
KBL,10/29/2024,234.2,235.0,230.0,234.0,1.87,339249.0,256.0,176.0
KBL,10/30/2024,234.0,237.0,230.1,230.6,-1.45,176375.0,256.0,176.0
KBL,11/5/2024,233.9,234.0,228.2,228.9,-0.74,133493.0,256.0,176.0
KBL,11/6/2024,226.1,232.0,226.0,226.6,-1.0,169602.0,256.0,176.0
KBL,11/10/2024,230.0,235.0,228.2,231.5,2.16,363924.0,256.0,176.0
KBL,11/11/2024,230.0,239.5,230.0,234.8,1.43,476687.0,256.0,176.0
KBL,11/12/2024,237.5,238.6,232.7,233.0,-0.77,222417.0,256.0,176.0
KBL,11/13/2024,232.0,234.0,229.1,229.2,-1.63,157307.0,256.0,176.0
KBL,11/14/2024,233.7,234.6,228.0,228.8,-0.17,274053.0,256.0,176.0
KBL,11/17/2024,229.2,234.0,228.0,229.0,0.09,248566.0,256.0,176.0
KBL,11/19/2024,233.0,233.0,225.1,227.0,-0.87,280015.0,256.0,176.0
KBL,11/20/2024,228.5,228.5,223.3,224.0,-1.32,178974.0,256.0,176.0
KBL,11/21/2024,224.0,226.9,220.0,220.8,-1.43,272994.0,256.0,176.0
KBL,11/24/2024,225.2,225.2,218.0,218.0,-1.27,165546.0,256.0,176.0
KBL,11/25/2024,222.3,222.5,218.0,220.0,0.92,175979.0,256.0,176.0
KBL,11/26/2024,224.4,231.0,221.8,230.5,4.77,324080.0,256.0,176.0
KBL,11/27/2024,230.5,235.0,229.0,231.0,0.22,312401.0,256.0,176.0
KBL,11/28/2024,235.0,235.0,226.1,226.9,-1.77,171958.0,256.0,176.0
KBL,12/1/2024,231.4,231.4,222.0,222.6,-1.9,206417.0,256.0,176.0
KBL,12/2/2024,227.0,227.0,220.0,222.0,-0.27,259133.0,256.0,176.0
KBL,12/3/2024,226.4,226.4,219.5,222.7,0.32,306992.0,256.0,176.0
KBL,12/4/2024,227.1,231.0,219.0,223.4,0.31,241490.0,256.0,176.0
KBL,12/5/2024,227.8,227.8,220.0,221.0,-1.07,154089.0,256.0,176.0
KBL,12/8/2024,221.0,221.0,215.5,217.0,-1.81,331112.0,256.0,176.0
KBL,12/9/2024,219.9,221.3,215.0,217.0,0.0,181436.0,256.0,176.0
KBL,12/10/2024,221.3,221.3,215.0,215.2,-0.83,165563.0,256.0,176.0
KBL,12/11/2024,218.5,224.0,215.4,224.0,4.09,274900.0,256.0,176.0
KBL,12/12/2024,228.4,228.4,218.0,219.9,-1.83,230808.0,256.0,176.0
KBL,12/16/2024,219.9,219.9,215.0,215.6,-1.96,170151.0,256.0,176.0
KBL,12/17/2024,217.0,218.4,213.0,215.0,-0.28,137237.0,256.0,176.0
KBL,12/18/2024,215.1,218.0,213.0,213.7,-0.6,121161.0,256.0,176.0
KBL,12/19/2024,212.3,216.0,211.0,211.2,-1.17,123891.0,256.0,176.0
KBL,12/22/2024,207.0,214.9,207.0,209.1,-0.99,140012.0,256.0,176.0
KBL,12/23/2024,211.5,211.9,208.2,211.9,1.34,124211.0,256.0,176.0
KBL,12/24/2024,214.0,215.6,210.0,215.6,1.75,158037.0,256.0,176.0
KBL,12/26/2024,215.6,225.0,211.7,221.0,2.5,674638.0,256.0,176.0
KBL,12/29/2024,224.0,225.4,218.7,219.3,-0.77,496350.0,256.0,176.0
KBL,12/31/2024,223.6,223.6,212.1,214.9,-2.01,235656.0,256.0,176.0
KBL,1/1/2025,217.0,217.0,212.0,213.7,-0.56,148827.0,256.0,176.0
KBL,1/2/2025,217.9,217.9,212.0,212.6,-0.51,102194.0,256.0,176.0
KBL,1/5/2025,210.0,212.0,209.6,210.0,-1.22,173460.0,256.0,176.0
KBL,1/6/2025,214.0,217.0,209.8,215.0,2.38,204318.0,256.0,176.0
KBL,1/7/2025,217.0,217.5,211.0,212.0,-1.4,127488.0,256.0,176.0
KBL,1/8/2025,215.0,215.0,210.6,212.3,0.14,251308.0,256.0,176.0
KBL,1/9/2025,216.5,216.5,208.1,211.5,-0.38,174940.0,256.0,176.0
KBL,1/12/2025,211.0,213.8,209.2,209.7,-0.85,73162.0,256.0,176.0
KBL,1/13/2025,213.8,213.8,208.0,209.0,-0.33,201041.0,256.0,176.0
KBL,1/15/2025,209.0,210.0,207.0,207.5,-0.72,158741.0,256.0,176.0
KBL,1/16/2025,211.6,211.6,205.0,205.9,-0.77,174065.0,256.0,176.0
KBL,1/19/2025,205.0,207.6,202.2,205.8,-0.05,189118.0,256.0,176.0
KBL,1/20/2025,201.7,206.0,201.0,201.4,-2.14,340854.0,256.0,176.0
KBL,1/21/2025,200.0,201.5,196.0,196.0,-2.68,260501.0,256.0,176.0
KBL,1/22/2025,196.0,204.9,194.0,202.0,3.06,341439.0,256.0,176.0
KBL,1/23/2025,198.0,205.0,198.0,198.2,-1.88,173949.0,256.0,176.0
KBL,1/26/2025,197.2,201.9,195.1,196.4,-0.91,173539.0,256.0,176.0
KBL,1/27/2025,197.0,197.8,193.2,195.0,-0.71,148995.0,256.0,176.0
KBL,1/28/2025,196.0,198.0,193.1,196.3,0.67,173515.0,256.0,176.0
KBL,2/2/2025,198.2,203.7,198.2,203.2,3.52,304002.0,256.0,176.0
KBL,2/3/2025,207.0,209.9,203.5,203.8,0.3,250866.0,256.0,176.0
KBL,2/4/2025,207.8,207.8,201.1,202.5,-0.64,216456.0,256.0,176.0
KBL,2/5/2025,200.3,204.0,200.3,201.8,-0.35,134441.0,256.0,176.0
KBL,2/6/2025,201.1,203.5,199.2,200.0,-0.89,135811.0,256.0,176.0
KBL,2/9/2025,196.0,203.8,196.0,200.0,0.0,136675.0,256.0,176.0
KBL,2/10/2025,196.0,203.0,196.0,199.5,-0.25,138234.0,256.0,176.0
KBL,2/11/2025,202.4,202.4,198.1,199.1,-0.2,125142.0,256.0,176.0
KBL,2/12/2025,200.0,202.0,197.0,199.2,0.05,123869.0,256.0,176.0
KBL,2/13/2025,203.0,203.0,197.5,198.0,-0.6,117662.0,256.0,176.0
KBL,2/16/2025,198.0,201.0,198.0,200.8,1.41,176013.0,256.0,176.0
KBL,2/17/2025,201.0,210.5,201.0,207.2,3.19,416349.0,256.0,176.0
KBL,2/18/2025,207.2,212.2,207.0,207.9,0.34,467431.0,256.0,176.0
KBL,2/20/2025,203.8,209.9,203.8,206.3,-0.77,231140.0,256.0,176.0
KBL,2/23/2025,206.0,210.2,200.0,206.8,0.24,519845.0,256.0,176.0
KBL,2/24/2025,203.0,214.0,203.0,210.0,1.55,360413.0,256.0,176.0
KBL,2/25/2025,212.0,213.5,208.5,209.4,-0.29,274303.0,256.0,176.0
KBL,2/27/2025,213.5,224.4,213.5,219.0,4.58,931755.0,256.0,176.0
KBL,3/2/2025,221.0,223.2,217.0,222.8,1.74,495246.0,256.0,176.0
KBL,3/3/2025,227.2,227.2,218.0,219.5,-1.48,533229.0,256.0,176.0
KBL,3/4/2025,215.2,222.0,215.2,216.0,-1.59,400938.0,256.0,176.0
KBL,3/5/2025,218.3,219.0,214.0,215.1,-0.42,306634.0,256.0,176.0
KBL,3/6/2025,216.0,217.0,214.1,215.1,0.0,178603.0,256.0,176.0
KBL,3/9/2025,219.4,219.4,211.0,211.4,-1.72,250604.0,256.0,176.0
KBL,3/10/2025,210.0,215.0,210.0,211.0,-0.19,195478.0,256.0,176.0
KBL,3/11/2025,213.2,214.0,206.0,207.2,-1.8,205460.0,256.0,176.0
KBL,3/12/2025,203.1,213.0,203.1,210.0,1.35,168522.0,256.0,176.0
KBL,3/16/2025,214.1,214.1,206.2,207.0,-1.43,175967.0,256.0,176.0
KBL,3/17/2025,208.0,210.0,206.0,207.8,0.39,268263.0,256.0,176.0
KBL,3/18/2025,211.9,211.9,206.0,207.0,-0.38,80775.0,256.0,176.0
KBL,3/19/2025,207.0,208.6,205.3,206.0,-0.48,137595.0,256.0,176.0
KBL,3/20/2025,205.3,206.4,204.1,205.03,-0.47,163630.0,256.0,176.0
KBL,3/23/2025,206.0,206.0,200.0,200.99,-1.97,273583.0,256.0,176.0
KBL,3/24/2025,200.0,204.8,199.1,203.97,1.48,129357.0,256.0,176.0
KBL,3/25/2025,208.0,208.0,199.9,200.01,-1.94,148905.0,256.0,176.0
KBL,3/26/2025,200.0,204.1,200.0,203.1,1.54,173395.0,256.0,176.0
KBL,3/27/2025,207.1,207.1,203.0,204.72,0.8,156686.0,256.0,176.0
KBL,3/30/2025,206.0,211.1,203.1,207.41,1.31,226978.0,256.0,176.0
KBL,4/1/2025,208.0,208.0,205.0,206.1,-0.63,149603.0,256.0,176.0
KBL,4/2/2025,206.1,226.0,204.1,211.67,2.7,424024.0,256.0,176.0
KBL,4/3/2025,212.0,218.8,210.0,213.24,0.74,686230.0,256.0,176.0
KBL,4/7/2025,213.9,216.0,209.0,209.8,-1.61,208847.0,256.0,176.0
KBL,4/8/2025,207.0,210.0,205.0,209.24,-0.27,416723.0,256.0,176.0
KBL,4/9/2025,213.4,213.4,207.6,209.01,-0.11,117504.0,256.0,176.0
KBL,4/10/2025,210.0,211.8,207.8,208.39,-0.3,382250.0,256.0,176.0
KBL,4/13/2025,212.5,212.5,205.0,206.03,-1.13,244161.0,256.0,176.0
KBL,4/15/2025,210.0,210.0,205.9,208.22,1.06,191495.0,256.0,176.0
KBL,4/16/2025,212.0,212.0,207.5,208.36,0.07,215275.0,256.0,176.0
KBL,4/17/2025,209.9,213.0,208.0,211.03,1.28,218232.0,256.0,176.0
KBL,4/20/2025,211.0,211.0,204.0,205.96,-2.4,239347.0,256.0,176.0
KBL,4/21/2025,210.0,210.0,203.8,204.25,-0.83,297115.0,256.0,176.0
KBL,4/22/2025,204.0,205.0,202.0,202.1,-1.05,227022.0,256.0,176.0
KBL,4/23/2025,202.1,202.9,198.5,198.86,-1.6,547995.0,256.0,176.0
KBL,4/24/2025,202.8,210.9,197.0,203.81,2.49,328146.0,256.0,176.0
KBL,4/27/2025,203.9,205.0,199.8,200.12,-1.81,481197.0,256.0,176.0
KBL,4/28/2025,204.1,204.1,198.0,198.44,-0.84,226346.0,256.0,176.0
KBL,4/29/2025,202.4,202.4,197.0,197.76,-0.34,156396.0,256.0,176.0
KBL,4/30/2025,201.7,201.7,195.0,197.98,0.11,282874.0,256.0,176.0
KBL,5/4/2025,200.0,200.0,195.0,195.39,-1.31,280301.0,256.0,176.0
KBL,5/5/2025,196.9,198.0,195.0,196.01,0.32,118646.0,256.0,176.0
KBL,5/6/2025,196.4,198.0,195.0,195.5,-0.26,113982.0,256.0,176.0
KBL,5/7/2025,195.6,210.0,192.1,204.22,4.46,471302.0,256.0,176.0
KBL,5/8/2025,205.5,205.5,200.5,201.93,-1.12,171681.0,256.0,176.0
KBL,5/11/2025,203.0,205.0,198.6,198.81,-1.55,186134.0,256.0,176.0
KBL,5/13/2025,201.7,201.7,197.0,197.26,-0.78,130955.0,256.0,176.0
KBL,5/14/2025,196.4,198.2,195.4,195.96,-0.66,118123.0,256.0,176.0
KBL,5/15/2025,195.5,197.9,194.7,195.96,0.0,170436.0,256.0,176.0
KBL,5/18/2025,198.8,198.8,195.0,196.06,0.05,285532.0,256.0,176.0
KBL,5/19/2025,196.0,198.8,196.0,197.55,0.76,110963.0,256.0,176.0
KBL,5/20/2025,199.3,203.9,195.2,203.08,2.8,343769.0,256.0,176.0
KBL,5/21/2025,207.1,218.0,202.0,204.64,0.77,470621.0,256.0,176.0
KBL,5/22/2025,206.0,218.0,203.0,217.04,6.06,1996210.0,256.0,176.0
KBL,5/25/2025,221.3,221.3,212.7,216.86,-0.08,828069.0,256.0,176.0
KBL,5/26/2025,221.0,225.0,213.4,216.21,-0.3,1002514.0,256.0,176.0
KBL,5/27/2025,215.0,219.0,212.1,215.57,-0.3,428901.0,256.0,176.0
KBL,5/28/2025,214.1,224.0,213.0,222.07,3.02,985045.0,256.0,176.0
KBL,6/2/2025,226.5,231.0,219.7,221.5,-0.26,800057.0,256.0,176.0
KBL,6/3/2025,225.9,225.9,212.3,213.56,-3.58,513600.0,256.0,176.0
KBL,6/4/2025,213.5,214.9,210.0,213.57,0.0,380707.0,256.0,176.0
KBL,6/5/2025,214.0,223.1,210.0,212.93,-0.3,553708.0,256.0,176.0
KBL,6/8/2025,210.0,217.0,208.0,209.52,-1.6,496424.0,256.0,176.0
KBL,6/9/2025,209.0,211.0,207.5,208.22,-0.62,205988.0,256.0,176.0
KBL,6/10/2025,209.0,214.2,207.4,211.71,1.68,311581.0,256.0,176.0
KBL,6/11/2025,213.0,213.0,204.9,205.54,-2.91,790228.0,256.0,176.0
KBL,6/12/2025,201.5,209.0,201.5,206.2,0.32,628944.0,256.0,176.0
KBL,6/15/2025,203.0,207.0,203.0,204.17,-0.98,395249.0,256.0,176.0
KBL,6/16/2025,202.0,208.0,202.0,206.21,1.0,258987.0,256.0,176.0
KBL,6/17/2025,207.0,208.3,204.0,204.73,-0.72,209207.0,256.0,176.0
KBL,6/18/2025,205.0,206.0,204.0,204.53,-0.1,177913.0,256.0,176.0
KBL,6/19/2025,207.0,207.0,202.1,203.66,-0.43,218001.0,256.0,176.0
KBL,6/22/2025,203.3,205.0,200.0,201.89,-0.87,258603.0,256.0,176.0
KBL,6/23/2025,202.0,203.9,199.0,201.77,-0.06,232134.0,256.0,176.0
KBL,6/24/2025,203.8,205.7,201.6,201.99,0.11,127679.0,256.0,176.0
KBL,6/25/2025,203.9,203.9,201.0,201.64,-0.17,155468.0,256.0,176.0
KBL,6/26/2025,203.0,204.5,200.0,200.4,-0.61,148171.0,256.0,176.0
KBL,6/29/2025,200.1,207.3,200.0,206.26,2.92,254031.0,256.0,176.0
KBL,6/30/2025,210.3,210.3,204.8,208.29,0.98,252146.0,256.0,176.0
KBL,7/1/2025,209.0,211.0,206.0,209.88,0.76,181826.0,256.0,176.0
KBL,7/2/2025,208.0,213.1,208.0,212.67,1.33,326145.0,256.0,176.0
KBL,7/3/2025,212.0,213.0,209.3,210.65,-0.95,198287.0,256.0,176.0
KBL,7/6/2025,208.0,212.5,208.0,209.98,-0.32,319123.0,256.0,176.0
KBL,7/7/2025,214.1,214.1,208.6,208.84,-0.54,319414.0,256.0,176.0
KBL,7/8/2025,209.9,209.9,206.2,207.78,-0.51,103472.0,256.0,176.0
KBL,7/9/2025,206.2,213.0,206.0,212.31,2.18,238016.0,256.0,176.0
KBL,7/10/2025,215.0,221.3,212.6,218.63,2.98,833972.0,256.0,176.0
KBL,7/13/2025,223.0,230.0,219.5,220.34,0.78,980734.0,256.0,176.0
KBL,7/14/2025,221.0,221.5,213.6,214.39,-2.7,713970.0,256.0,176.0
KBL,7/15/2025,215.9,221.0,214.0,220.19,2.71,581356.0,256.0,176.0
KBL,7/16/2025,223.0,224.0,219.0,219.77,-0.19,620350.0,256.0,176.0
KBL,7/17/2025,224.0,226.0,220.1,221.77,0.91,684458.0,256.0,176.0
KBL,7/20/2025,225.0,225.0,216.8,217.19,-2.07,1127481.0,256.0,176.0
KBL,7/21/2025,218.0,221.0,215.2,219.33,0.99,530961.0,256.0,176.0
KBL,7/22/2025,223.7,230.5,218.0,226.75,3.38,1358885.0,256.0,176.0
KBL,7/23/2025,230.0,233.5,223.0,228.69,0.86,1025484.0,256.0,176.0
KBL,7/24/2025,230.0,231.0,224.0,226.01,-1.17,542864.0,256.0,176.0
KBL,7/27/2025,227.0,230.0,221.5,222.25,-1.66,697754.0,256.0,176.0
KBL,7/28/2025,226.0,226.0,219.0,223.42,0.53,687491.0,256.0,176.0
KBL,7/29/2025,227.8,232.5,223.4,226.87,1.54,1521165.0,256.0,176.0
KBL,7/30/2025,226.9,231.0,223.0,223.24,-1.6,656795.0,256.0,176.0
KBL,7/31/2025,222.1,225.0,220.0,220.44,-1.25,598713.0,256.0,176.0
KBL,8/3/2025,221.0,221.0,217.0,217.35,-1.4,482644.0,256.0,176.0
KBL,8/4/2025,221.6,222.0,216.0,220.45,1.43,355001.0,256.0,176.0
KBL,8/5/2025,224.8,224.8,215.0,215.89,-2.07,286139.0,256.0,176.0
KBL,8/6/2025,220.0,220.0,213.0,215.01,-0.41,198297.0,256.0,176.0
KBL,8/7/2025,219.3,223.6,214.2,216.09,0.5,963631.0,256.0,176.0
KBL,8/11/2025,218.0,219.9,210.1,211.39,-2.18,352633.0,256.0,176.0
KBL,8/12/2025,215.6,215.6,208.0,208.3,-1.46,317703.0,256.0,176.0
KBL,8/13/2025,208.4,210.5,205.3,205.94,-1.13,238996.0,256.0,176.0
KBL,8/14/2025,208.0,208.0,204.0,204.94,-0.49,297938.0,256.0,176.0
KBL,8/17/2025,203.1,207.0,200.9,201.43,-1.71,365423.0,256.0,176.0
KBL,8/18/2025,202.0,204.5,201.0,201.65,0.11,388329.0,256.0,176.0
KBL,8/19/2025,203.0,205.0,201.0,203.37,0.85,349147.0,256.0,176.0
KBL,8/20/2025,204.0,204.0,201.0,202.14,-0.6,277004.0,256.0,176.0
KBL,8/21/2025,203.0,203.0,201.0,201.85,-0.14,131855.0,256.0,176.0
KBL,8/24/2025,202.9,203.9,200.0,200.69,-0.57,223664.0,256.0,176.0
KBL,8/25/2025,202.0,202.4,200.0,201.39,0.35,155440.0,256.0,176.0
KBL,8/26/2025,205.0,205.0,200.5,201.07,-0.16,137337.0,256.0,176.0
KBL,8/27/2025,205.0,205.0,201.0,203.93,1.42,232096.0,256.0,176.0
KBL,8/28/2025,204.0,205.4,200.0,200.22,-1.82,388024.0,256.0,176.0
KBL,8/31/2025,200.0,202.0,196.0,196.83,-1.69,423341.0,256.0,176.0
KBL,9/1/2025,200.7,203.5,196.7,201.52,2.38,901547.0,256.0,176.0
KBL,9/2/2025,202.0,203.8,196.7,197.79,-1.85,338195.0,256.0,176.0
KBL,9/3/2025,199.0,201.4,197.0,197.58,-0.11,175097.0,256.0,176.0
KBL,9/4/2025,197.0,199.5,196.0,197.67,0.05,173662.0,256.0,176.0
KBL,9/7/2025,198.9,198.9,196.6,197.13,-0.27,149669.0,256.0,176.0
KBL,9/8/2025,197.3,198.0,194.0,194.38,-1.4,245866.0,256.0,176.0
KBL,9/18/2025,190.5,190.5,179.0,179.0,-7.91,136694.0,256.0,176.0
KBL,9/21/2025,175.5,192.6,175.5,189.75,6.01,914036.0,256.0,176.0
KBL,9/23/2025,192.0,193.9,189.5,193.5,1.98,329851.0,256.0,176.0
KBL,9/24/2025,197.3,197.3,186.2,187.6,-3.05,388127.0,256.0,176.0
KBL,9/25/2025,190.0,191.0,189.0,190.3,1.44,218413.0,256.0,176.0
KBL,9/28/2025,192.0,193.0,190.0,192.0,0.89,159082.0,256.0,176.0
KBL,10/7/2025,192.1,194.0,188.1,188.6,-1.77,399041.0,256.0,176.0
KBL,10/8/2025,189.9,190.0,185.0,187.3,-0.69,292841.0,256.0,176.0
KBL,10/9/2025,191.0,198.6,186.5,189.0,0.91,360402.0,256.0,176.0
KBL,10/12/2025,189.1,189.1,183.0,185.0,-2.12,263293.0,256.0,176.0
KBL,10/13/2025,188.7,188.7,180.2,186.5,0.81,117641.0,256.0,176.0
KBL,10/14/2025,187.9,187.9,184.1,185.0,-0.8,95242.0,256.0,176.0
KBL,10/15/2025,181.3,186.0,181.3,181.6,-1.84,107631.0,256.0,176.0
KBL,10/16/2025,183.0,183.0,180.2,181.4,-0.11,109025.0,256.0,176.0
KBL,10/19/2025,183.0,185.0,180.2,184.0,1.43,84453.0,256.0,176.0
KBL,10/26/2025,184.0,184.6,180.5,183.1,-0.49,67859.0,256.0,176.0
KBL,10/28/2025,184.0,187.9,182.0,187.2,2.24,99115.0,256.0,176.0
KBL,10/29/2025,187.0,189.0,185.0,185.8,-0.75,107229.0,256.0,176.0
KBL,10/30/2025,186.9,188.7,184.0,187.0,0.65,103557.0,256.0,176.0
KBL,11/2/2025,190.7,190.7,185.0,189.0,1.07,141890.0,256.0,176.0
KBL,11/3/2025,187.3,190.2,187.2,187.9,-0.58,113644.0,256.0,176.0
KBL,11/4/2025,186.3,189.0,185.5,185.9,-1.06,91705.0,256.0,176.0
KBL,11/5/2025,185.9,188.2,185.2,187.0,0.59,87323.0,256.0,176.0
KBL,11/6/2025,189.0,189.0,185.0,185.4,-0.86,95855.0,256.0,176.0
KBL,11/9/2025,185.0,185.0,182.5,183.4,-1.08,78332.0,256.0,176.0
KBL,11/10/2025,185.0,185.0,181.5,181.5,-1.04,69802.0,256.0,176.0
KBL,11/11/2025,183.0,184.0,180.0,183.1,0.88,106031.0,256.0,176.0
KBL,11/12/2025,184.0,184.0,180.4,181.9,-0.66,89467.0,256.0,176.0
KBL,11/13/2025,178.3,182.5,178.3,180.1,-0.99,148888.0,256.0,176.0
KBL,11/16/2025,180.0,181.5,178.0,178.5,-0.89,81940.0,256.0,176.0
KBL,11/17/2025,178.0,187.0,178.0,179.0,0.28,124259.0,256.0,176.0
KBL,11/18/2025,179.9,182.0,179.0,179.5,0.28,86784.0,256.0,176.0
KBL,11/19/2025,179.2,180.8,177.5,177.5,-1.11,87117.0,256.0,176.0
KBL,11/20/2025,176.5,178.9,176.0,176.5,-0.56,82544.0,256.0,176.0
KBL,11/23/2025,178.0,181.0,177.1,180.7,2.38,137485.0,256.0,176.0
KBL,11/24/2025,181.0,186.5,181.0,185.5,2.66,180214.0,256.0,176.0
KBL,11/25/2025,185.5,186.0,182.1,183.0,-1.35,111113.0,256.0,176.0
KBL,11/26/2025,183.0,193.0,182.0,185.9,1.58,161850.0,256.0,176.0
KBL,11/27/2025,188.0,191.0,184.0,190.0,2.21,264626.0,256.0,176.0
KBL,11/30/2025,191.0,192.0,185.5,185.9,-2.16,193793.0,256.0,176.0
KBL,12/1/2025,185.0,186.9,183.0,184.5,-0.75,108321.0,256.0,176.0
KBL,12/2/2025,182.2,185.0,182.2,183.0,-0.81,104348.0,256.0,176.0
KBL,12/3/2025,185.0,185.0,180.0,180.0,-1.64,203507.0,256.0,176.0
KBL,12/7/2025,180.0,181.5,179.0,180.2,0.11,66743.0,256.0,176.0
KBL,12/8/2025,178.6,181.7,178.3,179.0,-0.67,71849.0,256.0,176.0
KBL,12/9/2025,179.0,180.9,178.5,179.0,0.0,136155.0,256.0,176.0
KBL,12/10/2025,181.0,181.0,178.0,179.5,0.28,91697.0,256.0,176.0
KBL,12/11/2025,179.0,179.9,177.7,179.0,-0.28,130691.0,256.0,176.0
KBL,12/14/2025,179.9,180.9,178.0,178.8,-0.11,165162.0,256.0,176.0
KBL,12/15/2025,178.8,182.9,178.3,181.4,1.45,192234.0,256.0,176.0
KBL,12/16/2025,182.1,183.3,180.5,183.0,0.88,103122.0,256.0,176.0
KBL,12/17/2025,184.0,184.0,181.0,182.6,-0.22,65880.0,256.0,176.0
KBL,12/18/2025,186.2,186.2,179.5,180.5,-1.15,80055.0,256.0,176.0
KBL,12/21/2025,181.0,181.0,178.0,178.4,-1.16,88069.0,256.0,176.0
KBL,12/22/2025,178.5,179.6,177.6,178.2,-0.11,70572.0,256.0,176.0
KBL,12/23/2025,179.0,179.0,176.6,178.0,-0.11,75900.0,256.0,176.0
KBL,12/24/2025,177.0,180.5,176.6,178.4,0.22,129376.0,256.0,176.0
KBL,12/28/2025,180.0,183.0,179.3,183.0,2.58,119485.0,256.0,176.0
KBL,12/29/2025,186.6,186.6,180.0,180.0,-1.64,98969.0,256.0,176.0
KBL,12/31/2025,180.0,183.4,180.0,180.2,0.11,132673.0,256.0,176.0
KBL,1/1/2026,181.0,181.0,179.0,179.4,-0.44,70313.0,256.0,176.0
KBL,1/4/2026,180.8,181.0,177.8,178.9,-0.28,132583.0,256.0,176.0
KBL,1/5/2026,182.4,182.4,178.0,179.0,0.06,70693.0,256.0,176.0
KBL,1/6/2026,180.0,182.5,179.1,179.4,0.22,141904.0,256.0,176.0
KBL,1/7/2026,179.2,181.0,178.6,179.1,-0.17,105328.0,256.0,176.0
KBL,1/8/2026,180.1,180.1,178.2,179.0,-0.06,79005.0,256.0,176.0
KBL,1/12/2026,180.0,180.9,178.5,179.3,0.17,112093.0,256.0,176.0
KBL,1/13/2026,180.0,182.2,179.0,179.1,-0.11,99770.0,256.0,176.0
KBL,1/14/2026,180.0,180.0,178.0,179.0,-0.06,123698.0,256.0,176.0
KBL,1/18/2026,180.0,185.5,179.2,184.5,3.07,356981.0,256.0,176.0
KBL,1/20/2026,186.0,190.0,184.0,186.6,1.14,235250.0,256.0,176.0
KBL,1/21/2026,189.0,189.0,184.0,185.9,-0.38,150261.0,256.0,176.0
KBL,1/22/2026,188.0,188.0,181.5,184.8,-0.59,139385.0,256.0,176.0
KBL,1/25/2026,186.0,196.0,186.0,195.0,5.52,515634.0,256.0,176.0
KBL,1/26/2026,196.0,198.1,190.0,194.4,-0.31,383435.0,256.0,176.0
KBL,1/27/2026,192.6,195.4,186.5,188.1,-3.24,226088.0,256.0,176.0
KBL,1/28/2026,188.9,189.0,185.0,188.0,-0.05,202968.0,256.0,176.0
KBL,1/29/2026,190.0,193.8,187.0,189.0,0.53,517347.0,256.0,176.0
KBL,2/1/2026,190.0,192.5,188.0,189.0,0.0,223981.0,256.0,176.0
KBL,2/2/2026,186.0,190.6,186.0,186.7,-1.22,142438.0,256.0,176.0
KBL,2/3/2026,188.0,189.0,184.2,185.0,-0.91,184817.0,256.0,176.0
KBL,2/4/2026,182.0,187.6,182.0,184.1,-0.49,125642.0,256.0,176.0
KBL,2/5/2026,184.1,187.0,182.7,185.2,0.6,168355.0,256.0,176.0
KBL,2/8/2026,188.0,190.5,185.1,185.5,0.16,227052.0,256.0,176.0
KBL,2/9/2026,184.0,186.8,183.2,184.2,-0.7,302783.0,256.0,176.0
KBL,2/10/2026,187.0,187.0,182.5,183.8,-0.22,150129.0,256.0,176.0
KBL,2/11/2026,187.0,189.0,184.1,185.0,0.65,162046.0,256.0,176.0
KBL,2/12/2026,186.0,188.5,184.0,188.0,1.62,201565.0,256.0,176.0
KBL,2/16/2026,184.3,188.0,184.3,185.9,-1.12,88926.0,256.0,176.0
KBL,2/17/2026,182.2,186.9,182.2,183.0,-1.56,156416.0,256.0,176.0
KBL,2/22/2026,179.4,184.5,179.4,182.0,-0.55,182914.0,256.0,176.0
KBL,2/23/2026,178.4,183.0,178.4,182.3,0.16,149398.0,256.0,176.0
KBL,2/24/2026,180.2,184.4,180.2,183.5,0.66,78453.0,256.0,176.0
KBL,2/25/2026,182.6,184.9,182.5,184.0,0.27,292282.0,256.0,176.0
KBL,2/26/2026,184.0,187.2,183.6,187.0,1.63,192053.0,256.0,176.0
KBL,2/27/2026,184.0,187.2,183.6,187.0,0.0,192053.0,256.0,176.0
KBL,2/28/2026,184.0,187.2,183.6,187.0,0.0,192053.0,256.0,176.0
KBL,3/2/2026,187.0,192.0,184.0,192.0,2.67,459668.0,256.0,176.0
KBL,3/3/2026,193.0,204.9,190.1,199.8,4.06,796857.0,256.0,176.0
KBL,3/4/2026,193.0,204.9,190.1,199.8,0.0,796857.0,256.0,176.0
KBL,3/5/2026,193.0,204.9,190.1,199.8,0.0,796857.0,256.0,176.0
KBL,3/6/2026,193.0,204.9,190.1,199.8,0.0,796857.0,256.0,176.0
KBL,3/7/2026,193.0,204.9,190.1,199.8,0.0,796857.0,256.0,176.0
KBL,3/8/2026,193.0,204.9,190.1,199.8,0.0,796857.0,256.0,176.0
KBL,3/9/2026,203.7,219.7,203.7,216.1,8.16,25478.0,256.0,176.0
KBL,3/10/2026,220.4,220.4,206.0,213.8,-1.06,1974270.0,256.0,176.0
KBL,3/11/2026,216.0,218.0,207.3,211.0,-1.31,1190389.0,256.0,176.0
KBL,3/12/2026,209.0,224.0,208.1,223.0,5.69,2044894.0,256.0,176.0
KBL,3/13/2026,209.0,224.0,208.1,223.0,0.0,2044894.0,256.0,176.0
KBL,3/14/2026,209.0,224.0,208.1,223.0,0.0,2044894.0,256.0,176.0
KBL,3/15/2026,227.4,231.0,220.5,222.9,-0.04,1408284.0,256.0,176.0
KBL,3/16/2026,227.3,227.3,214.5,215.9,-3.14,1038884.0,256.0,176.0
KBL,3/17/2026,216.2,221.9,213.1,220.9,2.32,1091641.0,256.0,176.0
KBL,3/18/2026,216.2,221.9,213.1,220.9,0.0,1091641.0,256.0,176.0
KBL,3/19/2026,225.3,239.0,221.5,232.0,5.02,2381631.0,256.0,176.0
KBL,3/20/2026,225.3,239.0,221.5,232.0,0.0,2381631.0,256.0,176.0
KBL,3/21/2026,225.3,239.0,221.5,232.0,0.0,2381631.0,256.0,176.0
KBL,3/22/2026,236.6,245.8,235.0,243.2,4.83,3546853.0,256.0,176.0
KBL,3/23/2026,247.0,247.0,238.0,246.4,1.32,2768109.0,256.0,176.0
KBL,3/24/2026,246.4,256.0,241.5,246.7,0.12,1423916.0,256.0,176.0
KBL,3/25/2026,245.0,248.0,240.1,241.8,-1.99,1676626.0,256.0,176.0
KBL,3/26/2026,242.0,244.0,238.0,240.0,-0.83,1376978.0,256.0,176.0
KBL,3/29/2026,242.0,243.0,231.5,232.5,-3.93,1478228.0,256.0,176.0
KBL,3/30/2026,232.6,238.0,228.5,228.7,-1.68,1292810.0,256.0,176.0
KBL,3/31/2026,229.0,233.2,226.2,232.0,1.31,1560061.0,256.0,176.0
KBL,4/1/2026,232.0,232.8,220.1,221.0,-4.74,1882209.0,256.0,176.0
KBL,4/2/2026,217.0,226.2,213.0,222.0,2.3,1079921.0,256.0,176.0
KBL,4/5/2026,220.0,220.0,207.9,209.1,-4.95,1549535.0,256.0,176.0
KBL,4/6/2026,209.0,224.0,207.0,222.0,6.22,1096074.0,256.0,176.0
KBL,4/7/2026,225.0,227.0,219.0,222.0,-1.33,662425.0,256.0,176.0
KBL,4/8/2026,226.4,228.0,220.5,226.0,-0.18,708749.0,256.0,176.0
KBL,4/9/2026,226.8,234.5,224.0,233.0,2.73,1018644.0,256.0,176.0
KBL,4/10/2026,235.1,235.1,227.7,230.8,-1.83,681252.0,256.0,176.0
KBL,4/13/2026,232.9,232.9,227.0,229.0,-1.67,516887.0,256.0,176.0
KBL,4/15/2026,229.7,240.0,229.7,233.0,1.44,1164921.0,256.0,176.0
KBL,4/16/2026,236.0,236.0,228.5,230.9,-2.16,592273.0,256.0,176.0
KBL,4/17/2026,229.0,231.0,224.5,228.9,-0.04,436683.0,256.0,176.0
KBL,4/20/2026,218.0,233.0,218.0,224.1,2.8,280991.0,256.0,176.0
KBL,4/21/2026,230.0,230.0,220.0,221.5,-3.7,269293.0,256.0,176.0
KBL,4/22/2026,221.5,227.9,215.1,224.0,1.13,671206.0,256.0,176.0
KBL,4/23/2026,224.0,227.0,218.0,222.2,-0.8,386873.0,256.0,176.0
KBL,4/24/2026,222.0,225.0,216.0,223.0,0.45,261219.0,256.0,176.0
KBL,4/27/2026,232.0,232.0,219.0,224.0,-3.45,249646.0,256.0,176.0
KBL,4/28/2026,230.0,230.0,217.3,221.0,-3.91,998725.0,256.0,176.0
KBL,4/29/2026,221.0,223.0,215.0,217.9,-1.4,478659.0,256.0,176.0
KBL,4/30/2026,218.0,219.8,213.0,217.3,-0.32,368727.0,256.0,176.0
KBL,5/4/2026,215.0,219.9,212.5,214.0,-0.47,443235.0,256.0,176.0
KBL,5/5/2026,216.9,216.9,211.0,216.0,-0.41,209533.0,256.0,176.0
KBL,5/6/2026,216.0,219.0,215.0,216.5,0.23,160215.0,256.0,176.0
KBL,5/7/2026,216.0,217.7,215.0,217.0,0.46,131113.0,256.0,176.0
KBL,5/8/2026,217.0,221.3,215.2,221.0,1.84,201544.0,256.0,176.0
KBL,5/11/2026,221.0,225.0,220.0,222.4,0.63,211997.0,256.0,176.0
KBL,5/12/2026,225.0,225.0,217.0,218.0,-3.11,267612.0,256.0,176.0
KBL,5/13/2026,218.0,219.5,214.5,219.5,0.69,126896.0,256.0,176.0
KBL,5/14/2026,217.2,219.9,217.0,218.0,0.37,118882.0,256.0,176.0
KBL,5/15/2026,216.9,221.0,216.1,218.0,0.51,186124.0,256.0,176.0
KBL,5/18/2026,220.0,220.0,215.8,217.0,-1.36,161044.0,256.0,176.0
KBL,5/19/2026,217.0,218.0,216.0,216.9,-0.05,107774.0,256.0,176.0
KBL,5/20/2026,218.6,219.9,215.5,219.6,0.46,245432.0,256.0,176.0
KBL,5/21/2026,220.0,220.7,214.9,216.7,-1.5,516129.0,256.0,176.0
KBL,5/22/2026,222.0,222.0,215.5,218.7,-1.49,119765.0,256.0,176.0
KBL,5/25/2026,220.0,224.0,219.0,222.0,0.91,292389.0,256.0,176.0
KBL,5/26/2026,223.0,223.9,219.1,220.4,-1.17,151759.0,256.0,176.0
KBL,5/27/2026,209.4,229.0,209.4,221.3,5.68,261078.0,256.0,176.0
KBL,6/1/2026,225.0,225.0,215.0,218.0,-3.11,298425.0,256.0,176.0
KBL,6/2/2026,219.3,219.3,215.4,217.1,-1.0,152155.0,256.0,176.0
KBL,6/3/2026,217.2,219.0,216.0,216.5,-0.32,147832.0,256.0,176.0
KBL,6/4/2026,218.7,218.7,215.7,216.9,-0.82,147983.0,256.0,176.0
KBL,6/5/2026,217.5,217.5,214.0,215.4,-0.97,215732.0,256.0,176.0
KBL,6/8/2026,215.0,215.9,212.1,213.4,-0.74,255043.0,256.0,176.0
KBL,6/9/2026,213.0,215.0,210.1,213.5,0.23,253507.0,256.0,176.0
KBL,6/10/2026,213.6,214.2,211.5,213.1,-0.23,143604.0,256.0,176.0
KBL,6/11/2026,214.0,214.1,211.6,212.5,-0.7,99551.0,256.0,176.0
KBL,6/12/2026,221.9,221.9,210.6,212.2,-4.37,86576.0,256.0,176.0
KBL,6/15/2026,212.2,215.9,212.0,213.0,0.38,128612.0,256.0,176.0
KBL,6/16/2026,213.0,214.0,212.0,212.0,-0.47,100950.0,256.0,176.0
KBL,6/17/2026,211.4,214.0,209.7,209.8,-0.76,341350.0,256.0,176.0
KBL,6/18/2026,209.8,212.0,209.0,210.4,0.29,117096.0,256.0,176.0
KBL,6/19/2026,210.4,213.0,210.0,212.0,0.76,115955.0,256.0,176.0
KBL,6/22/2026,212.0,212.9,210.0,211.3,-0.33,92720.0,256.0,176.0
KBL,6/23/2026,212.0,212.0,209.2,209.2,-1.32,189015.0,256.0,176.0
KBL,6/24/2026,209.2,212.0,205.0,211.0,0.86,222033.0,256.0,176.0
KBL,6/26/2026,210.5,210.9,207.1,208.0,-1.19,67682.0,256.0,176.0
KBL,6/29/2026,210.0,210.0,205.0,207.0,-1.43,173277.0,256.0,176.0
KBL,6/30/2026,208.0,208.0,204.0,204.2,-1.83,161059.0,256.0,176.0
KBL,7/1/2026,205.9,213.0,205.0,210.1,2.04,140421.0,256.0,176.0
KBL,7/2/2026,212.0,215.5,207.0,215.3,1.56,220816.0,256.0,176.0
KBL,7/3/2026,226.0,226.0,211.0,214.9,-4.91,193594.0,256.0,176.0
KBL,7/6/2026,225.6,225.6,209.0,209.1,-7.31,110715.0,256.0,176.0
KBL,7/7/2026,213.8,215.0,208.5,214.8,0.47,154693.0,256.0,176.0
KBL,7/8/2026,215.0,215.0,210.3,211.8,-1.49,85303.0,256.0,176.0
KBL,7/9/2026,212.0,213.0,207.9,209.0,-1.42,107075.0,256.0,176.0
KBL,7/10/2026,210.0,212.0,209.2,210.4,0.19,81682.0,256.0,176.0
KBL,7/13/2026,211.3,212.0,207.0,208.0,-1.56,138333.0,256.0,176.0
KBL,7/14/2026,209.8,210.2,205.0,208.7,-0.52,151445.0,256.0,176.0
KBL,7/15/2026,209.7,213.0,209.7,212.0,1.1,121821.0,256.0,176.0
KBL,7/16/2026,212.0,213.6,208.0,210.0,-0.94,128012.0,256.0,176.0
KBL,7/17/2026,215.0,220.5,210.0,220.0,2.33,368801.0,256.0,176.0
KBL,7/20/2026,209.0,224.0,209.0,220.0,5.26,273423.0,256.0,176.0
KBL,7/21/2026,223.9,224.0,216.5,220.9,-1.34,294583.0,256.0,176.0
KBL,7/22/2026,218.5,221.6,216.6,219.0,0.23,208940.0,256.0,176.0
KBL,7/23/2026,212.0,223.9,212.0,223.0,5.19,368248.0,256.0,176.0
KBL,7/24/2026,224.0,231.7,223.7,228.2,1.87,1129916.0,256.0,176.0
KBL,7/27/2026,228.2,235.0,221.2,223.2,-2.19,752797.0,256.0,176.0
KBL,7/28/2026,223.2,227.4,220.1,223.0,-0.09,413903.0,256.0,176.0
KBL,7/29/2026,234.1,234.1,220.2,221.0,-5.6,259969.0,256.0,176.0
KBL,7/30/2026,210.0,224.7,210.0,222.0,5.71,230853.0,256.0,176.0
KBL,7/31/2026,223.9,225.4,219.0,225.0,0.49,282557.0,256.0,176.0
KBL,8/3/2026,214.0,228.0,214.0,224.8,5.05,437791.0,256.0,176.0
KBL,8/4/2026,226.7,226.7,220.0,221.8,-2.16,248870.0,256.0,176.0
KBL,8/5/2026,226.0,226.0,217.0,219.0,-3.1,326366.0,256.0,176.0
KBL,8/6/2026,229.9,229.9,215.0,216.0,-6.05,289577.0,256.0,176.0
KBL,8/7/2026,218.0,218.0,214.6,215.0,-1.38,187087.0,256.0,176.0
KBL,8/10/2026,220.0,220.0,214.0,215.0,-2.27,166580.0,256.0,176.0
KBL,8/11/2026,215.0,217.0,214.0,216.0,0.47,181279.0,256.0,176.0
KBL,8/12/2026,226.8,226.8,216.1,219.0,-3.44,394307.0,256.0,176.0
KBL,8/13/2026,219.0,221.8,217.0,218.0,-0.46,170849.0,256.0,176.0
KBL,8/14/2026,225.0,225.0,216.0,216.8,-3.64,155077.0,256.0,176.0
KBL,8/17/2026,220.0,220.0,215.2,215.6,-2.0,181521.0,256.0,176.0
KBL,8/18/2026,216.0,216.7,210.0,212.1,-1.81,240507.0,256.0,176.0
KBL,8/19/2026,213.0,215.0,211.2,214.1,0.52,149187.0,256.0,176.0
KBL,8/20/2026,215.0,216.0,212.1,215.5,0.23,127383.0,256.0,176.0
KBL,8/21/2026,215.0,217.0,214.3,215.4,0.19,112416.0,256.0,176.0
KBL,8/24/2026,216.0,217.0,212.0,213.9,-0.97,123980.0,256.0,176.0
KBL,8/25/2026,213.9,216.0,213.3,214.0,0.05,143906.0,256.0,176.0
KBL,8/26/2026,214.0,215.0,212.0,212.5,-0.7,189203.0,256.0,176.0
KBL,8/27/2026,212.0,214.0,207.1,212.0,0.0,230009.0,256.0,176.0
KBL,8/31/2026,210.0,212.0,209.7,211.0,0.48,178540.0,256.0,176.0
KBL,9/1/2026,221.0,221.0,208.2,211.0,-4.52,127006.0,256.0,176.0
KBL,9/2/2026,221.0,221.0,207.1,212.8,-3.71,120607.0,256.0,176.0
KBL,9/3/2026,212.8,213.7,210.0,213.0,0.09,153621.0,256.0,176.0
KBL,9/7/2026,213.0,215.2,212.1,215.0,0.94,157430.0,256.0,176.0
KBL,9/9/2026,215.0,217.5,213.0,213.2,-0.84,109831.0,256.0,176.0
KBL,9/10/2026,214.8,214.8,211.3,212.2,-1.21,129317.0,256.0,176.0
KBL,9/11/2026,212.0,215.2,212.0,215.0,1.42,177697.0,256.0,176.0
KBL,9/14/2026,215.0,218.5,213.1,216.9,0.88,169944.0,256.0,176.0
KBL,9/15/2026,222.0,227.1,218.6,221.6,-0.18,428456.0,256.0,176.0
KBL,9/16/2026,221.0,221.0,216.1,218.0,-1.36,398524.0,256.0,176.0
KBL,9/17/2026,220.0,221.0,217.5,218.0,-0.91,243348.0,256.0,176.0
KBL,9/18/2026,220.0,227.5,217.0,227.0,3.18,1426442.0,256.0,176.0
KBL,9/22/2026,228.0,231.5,227.0,228.0,0.0,797064.0,256.0,176.0
KBL,9/23/2026,228.0,230.4,224.0,225.0,-1.32,547381.0,256.0,176.0
KBL,9/24/2026,225.0,227.0,222.2,226.0,0.44,369479.0,256.0,176.0
KBL,9/28/2026,233.0,233.0,222.0,224.9,-3.48,327279.0,256.0,176.0
KBL,9/29/2026,233.0,233.0,222.0,0.0,-100.0,122961.0,256.0,176.0
KBL,9/30/2026,230.0,230.0,222.0,223.9,-2.65,204277.0,256.0,176.0
KBL,10/1/2026,223.9,227.0,222.6,225.0,0.49,231215.0,256.0,176.0
KBL,10/2/2026,225.0,226.5,223.2,225.5,0.22,524613.0,256.0,176.0
KBLD86,12/21/2025,1136.0,1234.0,1136.0,1234.0,,363.0,1387.5,1080.0
KBLD86,12/22/2025,1234.0,1283.0,1234.0,1307.0,5.92,105.0,1387.5,1080.0
KBLD86,2/8/2026,1280.9,1280.9,1280.9,1280.9,-2.0,49.0,1387.5,1080.0
KBLD86,4/6/2026,1280.0,1280.0,1280.0,1280.0,0.0,223.0,1387.5,1080.0
KBLD86,4/7/2026,1280.0,1280.0,1280.0,1280.0,0.0,500.0,1387.5,1080.0
KBLD86,4/8/2026,1257.0,1257.0,1257.0,1257.0,0.0,25.0,1387.5,1080.0
KBLD86,4/16/2026,1240.0,1240.0,1240.0,1240.0,0.0,20.0,1387.5,1080.0
KBLD86,4/21/2026,1255.0,1289.0,1255.0,1289.0,2.71,250.0,1387.5,1080.0
KBLD86,4/23/2026,1257.0,1257.0,1257.0,1221.0,-2.86,26.0,1387.5,1080.0
KBLD86,4/24/2026,1221.0,1225.0,1221.0,1225.0,0.33,31.0,1387.5,1080.0
KBLD86,4/27/2026,1225.0,1225.0,1225.0,1131.1,-7.67,5.0,1387.5,1080.0
KBLD86,4/30/2026,1131.1,1131.1,1131.1,1128.3,-0.25,1.0,1387.5,1080.0
KBLD86,5/15/2026,1162.1,1162.1,1162.1,1162.1,0.0,100.0,1387.5,1080.0
KBLD86,5/19/2026,1162.1,1162.1,1122.0,1122.0,-3.45,20002.0,1387.5,1080.0
KBLD86,5/20/2026,1122.0,1122.0,1122.0,1155.0,2.94,1.0,1387.5,1080.0
KBLD86,5/21/2026,1185.0,1185.0,1185.0,1185.0,0.0,19941.0,1387.5,1080.0
KBLD86,5/27/2026,1185.0,1185.0,1185.0,1257.0,6.08,10.0,1387.5,1080.0
KBLD86,6/1/2026,1222.1,1222.1,1222.1,1222.1,0.0,25.0,1387.5,1080.0
KBLD86,6/4/2026,1212.4,1212.4,1212.4,1212.4,0.0,2527.0,1387.5,1080.0
KBLD86,6/5/2026,1180.0,1180.0,1180.0,1180.0,0.0,10.0,1387.5,1080.0
KBLD86,6/15/2026,1146.0,1146.0,1145.0,1145.0,-0.09,30.0,1387.5,1080.0
KBLD86,6/16/2026,1131.6,1179.3,1131.6,1179.3,4.22,45.0,1387.5,1080.0
KBLD86,6/17/2026,1144.1,1200.0,1144.1,1200.0,4.89,60.0,1387.5,1080.0
KBLD86,6/19/2026,1236.0,1236.0,1236.0,1236.0,0.0,10.0,1387.5,1080.0
KBLD86,6/23/2026,1236.0,1236.0,1236.0,1200.0,-2.91,6.0,1387.5,1080.0
KBLD86,6/26/2026,1200.0,1200.0,1200.0,1166.7,-2.77,1.0,1387.5,1080.0
KBLD86,6/30/2026,1180.0,1180.0,1180.0,1180.0,0.0,50.0,1387.5,1080.0
KBLD86,7/1/2026,1180.0,1180.0,1180.0,1215.0,2.97,7.0,1387.5,1080.0
KBLD86,7/8/2026,1180.0,1180.0,1144.0,1180.0,0.0,69815.0,1387.5,1080.0
KBLD86,7/13/2026,1144.6,1195.0,1144.6,1195.0,4.4,40285.0,1387.5,1080.0
KBLD86,7/14/2026,1195.0,1265.0,1176.0,1302.0,8.95,9459.0,1387.5,1080.0
KBLD86,7/15/2026,1302.0,1341.0,1302.0,1359.0,4.38,24.0,1387.5,1080.0
KBLD86,7/16/2026,1359.0,1359.0,1359.0,1387.5,2.1,5.0,1387.5,1080.0
KBLD86,8/3/2026,1387.5,1387.5,1387.5,1266.5,-8.72,9.0,1387.5,1080.0
KBLD86,8/4/2026,1266.5,1266.5,1169.0,1180.0,-6.83,47.0,1387.5,1080.0
KBLD86,8/5/2026,1180.0,1180.0,1180.0,1125.0,-4.66,3.0,1387.5,1080.0
KBLD86,8/6/2026,1125.0,1125.0,1125.0,1080.0,-4.0,2.0,1387.5,1080.0
KBLD86,8/24/2026,1112.4,1112.4,1112.0,1112.0,-0.04,80.0,1387.5,1080.0
KBLD86,8/31/2026,1110.0,1110.0,1110.0,1110.0,0.0,300.0,1387.5,1080.0
KBLD86,9/3/2026,1110.0,1110.0,1110.0,1143.3,3.0,8.0,1387.5,1080.0
KBLD86,9/7/2026,1177.0,1177.0,1145.0,1143.0,-2.89,45.0,1387.5,1080.0
KBLD86,9/9/2026,1177.0,1177.0,1177.0,1177.0,0.0,19.0,1387.5,1080.0
KBLD86,9/10/2026,1180.0,1197.0,1180.0,1197.0,1.44,235.0,1387.5,1080.0
KBLD86,9/22/2026,1201.0,1201.0,1201.0,1201.0,0.0,25.0,1387.5,1080.0
KBLD86,9/24/2026,1175.0,1175.0,1175.0,1175.0,0.0,25.0,1387.5,1080.0
KBLD89,12/31/2025,1335.0,1335.0,1335.0,1335.0,,86.0,1379.0,1213.2
KBLD89,1/12/2026,1325.0,1325.0,1325.0,1325.0,-0.75,25.0,1379.0,1213.2
KBLD89,1/14/2026,1325.0,1325.0,1325.0,1325.0,0.0,25.0,1379.0,1213.2
KBLD89,1/18/2026,1299.0,1299.0,1299.0,1299.0,-1.96,100.0,1379.0,1213.2
KBLD89,1/22/2026,1274.0,1274.0,1274.0,1274.0,-1.92,25.0,1379.0,1213.2
KBLD89,1/28/2026,1249.1,1249.1,1249.1,1249.1,-1.95,25.0,1379.0,1213.2
KBLD89,2/2/2026,1249.0,1249.0,1249.0,1249.0,-0.01,25.0,1379.0,1213.2
KBLD89,2/4/2026,1249.0,1249.0,1249.0,1242.1,-0.55,8.0,1379.0,1213.2
KBLD89,2/5/2026,1246.0,1246.0,1246.0,1246.0,0.31,10.0,1379.0,1213.2
KBLD89,2/9/2026,1270.0,1270.0,1270.0,1270.0,1.93,50.0,1379.0,1213.2
KBLD89,2/17/2026,1270.0,1270.0,1249.0,1249.0,-1.65,35.0,1379.0,1213.2
KBLD89,2/24/2026,1245.0,1245.0,1245.0,1245.0,-0.32,25.0,1379.0,1213.2
KBLD89,3/15/2026,1269.9,1269.9,1245.0,1245.0,0.0,58.0,1379.0,1213.2
KBLD89,3/23/2026,1269.9,1346.0,1269.9,1346.0,8.11,40.0,1379.0,1213.2
KBLD89,4/6/2026,1355.0,1355.0,1355.0,1355.0,0.0,125.0,1379.0,1213.2
KBLD89,4/9/2026,1331.0,1356.6,1330.0,1356.6,1.92,295.0,1379.0,1213.2
KBLD89,4/17/2026,1340.5,1340.5,1340.0,1340.0,-0.04,125.0,1379.0,1213.2
KBLD89,4/21/2026,1340.0,1379.0,1340.0,1379.0,2.91,16.0,1379.0,1213.2
KBLD89,4/23/2026,1379.0,1379.0,1379.0,1337.8,-2.99,6.0,1379.0,1213.2
KBLD89,4/24/2026,1337.8,1337.8,1337.8,1297.7,-3.0,1.0,1379.0,1213.2
KBLD89,4/27/2026,1297.7,1297.7,1297.7,1213.2,-6.51,3.0,1379.0,1213.2
KBLD89,4/28/2026,1213.2,1225.0,1213.2,1225.0,0.97,52.0,1379.0,1213.2
KBLD89,4/29/2026,1225.0,1225.0,1215.4,1215.4,-0.78,27.0,1379.0,1213.2
KBLD89,4/30/2026,1215.4,1215.4,1215.4,1235.0,1.61,1.0,1379.0,1213.2
KBLD89,5/7/2026,1272.0,1272.0,1272.0,1272.0,0.0,25.0,1379.0,1213.2
KBLD89,6/8/2026,1235.0,1235.0,1235.0,1235.0,0.0,50.0,1379.0,1213.2
KBLD89,6/10/2026,1244.0,1281.0,1244.0,1281.0,2.97,23746.0,1379.0,1213.2
KBLD89,6/12/2026,1243.0,1243.0,1243.0,1243.0,0.0,29.0,1379.0,1213.2
KBLD89,6/18/2026,1280.0,1280.0,1280.0,1280.0,0.0,12.0,1379.0,1213.2
KBLD89,6/19/2026,1260.0,1260.0,1260.0,1260.0,0.0,1000.0,1379.0,1213.2
KBLD89,6/22/2026,1240.0,1240.0,1240.0,1240.0,0.0,25.0,1379.0,1213.2
KBLD89,6/23/2026,1240.0,1240.0,1240.0,1251.0,0.89,11.0,1379.0,1213.2
KBLD89,6/30/2026,1287.0,1287.0,1251.0,1251.0,-2.8,275.0,1379.0,1213.2
KBLD89,7/2/2026,1231.3,1231.3,1231.1,1231.1,-0.02,25.0,1379.0,1213.2
KBLD89,7/3/2026,1231.1,1260.0,1231.1,1255.2,1.96,315825.0,1379.0,1213.2
KBLD89,7/6/2026,1285.0,1292.8,1285.0,1292.8,0.61,145.0,1379.0,1213.2
KBLD89,7/8/2026,1255.0,1290.0,1255.0,1290.0,2.79,497041.0,1379.0,1213.2
KBLD89,7/9/2026,1262.0,1262.0,1251.3,1262.0,0.0,1520.0,1379.0,1213.2
KBLD89,7/10/2026,1255.0,1255.0,1224.2,1299.8,3.57,147306.0,1379.0,1213.2
KBLD89,7/13/2026,1299.8,1299.8,1299.8,1262.0,-2.91,2.0,1379.0,1213.2
KBLD89,7/14/2026,1290.0,1307.0,1262.0,1299.8,0.76,2025.0,1379.0,1213.2
KBLD89,7/15/2026,1275.1,1310.1,1275.1,1310.1,2.74,1805.0,1379.0,1213.2
KBLD89,7/16/2026,1309.0,1314.0,1305.0,1314.0,0.38,777.0,1379.0,1213.2
KBLD89,7/17/2026,1300.0,1300.0,1250.0,1260.0,-3.08,1409.0,1379.0,1213.2
KBLD89,7/20/2026,1255.0,1255.0,1255.0,1255.0,0.0,32.0,1379.0,1213.2
KBLD89,7/21/2026,1228.0,1228.0,1226.0,1226.0,-0.16,168.0,1379.0,1213.2
KBLD89,7/23/2026,1260.0,1260.0,1260.0,1260.0,0.0,76.0,1379.0,1213.2
KBLD89,7/27/2026,1260.0,1260.0,1250.0,1250.0,-0.79,81.0,1379.0,1213.2
KBLD89,7/29/2026,1285.0,1285.0,1255.0,1255.0,-2.33,131.0,1379.0,1213.2
KBLD89,8/3/2026,1292.6,1292.6,1275.0,1275.0,-1.36,793.0,1379.0,1213.2
KBLD89,8/6/2026,1275.0,1275.0,1275.0,1275.0,0.0,100.0,1379.0,1213.2
KBLD89,8/7/2026,1290.0,1290.0,1275.0,1275.0,-1.16,1200.0,1379.0,1213.2
KBLD89,8/10/2026,1313.0,1313.2,1313.0,1313.2,0.02,79.0,1379.0,1213.2
KBLD89,8/12/2026,1274.0,1295.0,1274.0,1257.0,-1.33,1105.0,1379.0,1213.2
KBLD89,8/24/2026,1235.0,1235.0,1235.0,1235.0,0.0,25.0,1379.0,1213.2
KBLD89,8/27/2026,1250.0,1250.0,1250.0,1250.0,0.0,25.0,1379.0,1213.2
KBLD89,8/31/2026,1250.0,1250.0,1250.0,1250.0,0.0,30.0,1379.0,1213.2
KBLD89,9/2/2026,1260.0,1260.0,1260.0,1260.0,0.0,20.0,1379.0,1213.2
KBLD89,9/3/2026,1280.0,1280.0,1280.0,1280.0,0.0,280.0,1379.0,1213.2
KBLD89,9/10/2026,1318.4,1318.4,1311.0,1311.0,-0.56,25.0,1379.0,1213.2
KBLD89,9/22/2026,1275.0,1310.0,1275.0,1310.0,2.75,50.0,1379.0,1213.2
KBLD89,9/28/2026,1320.0,1320.0,1320.0,1320.0,0.0,50.0,1379.0,1213.2
KBLD89,10/1/2026,1339.7,1350.0,1339.7,1350.0,0.77,1395.0,1379.0,1213.2
KBLD89,10/2/2026,1330.0,1330.0,1325.0,1326.0,-0.3,146.0,1379.0,1213.2
KBLD90,1/26/2026,1470.0,1500.0,1470.0,1500.0,,15023.0,1500.0,1187.0
KBLD90,2/5/2026,1500.0,1500.0,1500.0,1500.0,0.0,85000.0,1500.0,1187.0
KBLD90,4/28/2026,1500.0,1500.0,1500.0,1455.0,-3.0,5.0,1500.0,1187.0
KBLD90,4/29/2026,1455.0,1455.0,1288.3,1288.3,-11.46,16.0,1500.0,1187.0
KBLD90,5/4/2026,1288.3,1288.3,1288.3,1216.0,-5.61,3.0,1500.0,1187.0
KBLD90,5/5/2026,1216.0,1216.0,1216.0,1190.0,-2.14,4.0,1500.0,1187.0
KBLD90,5/6/2026,1200.0,1236.0,1200.0,1236.0,3.0,225.0,1500.0,1187.0
KBLD90,5/15/2026,1236.0,1236.0,1236.0,1236.0,0.0,20.0,1500.0,1187.0
KBLD90,5/22/2026,1270.0,1270.0,1270.0,1273.0,0.24,25.0,1500.0,1187.0
KBLD90,6/1/2026,1235.0,1235.0,1235.0,1235.0,0.0,25.0,1500.0,1187.0
KBLD90,6/3/2026,1227.0,1227.0,1227.0,1227.0,0.0,25.0,1500.0,1187.0
KBLD90,6/4/2026,1205.0,1210.0,1205.0,1210.0,0.41,55.0,1500.0,1187.0
KBLD90,6/5/2026,1210.0,1210.0,1210.0,1206.0,-0.33,8.0,1500.0,1187.0
KBLD90,6/8/2026,1242.1,1242.1,1242.1,1242.1,0.0,25.0,1500.0,1187.0
KBLD90,6/10/2026,1211.0,1230.0,1211.0,1230.0,1.57,55.0,1500.0,1187.0
KBLD90,6/12/2026,1201.0,1201.0,1187.0,1187.0,-1.17,50000.0,1500.0,1187.0
KBLD90,6/16/2026,1222.6,1222.6,1222.6,1222.6,0.0,25.0,1500.0,1187.0
KBLD90,6/19/2026,1259.8,1259.8,1259.8,1259.8,0.0,50000.0,1500.0,1187.0
KBLD90,6/22/2026,1223.0,1223.0,1223.0,1223.0,0.0,50.0,1500.0,1187.0
KBLD90,6/26/2026,1224.0,1224.0,1224.0,1224.0,0.0,4953.0,1500.0,1187.0
KBLD90,6/29/2026,1216.0,1216.0,1215.0,1206.1,-0.81,75.0,1500.0,1187.0
KBLD90,6/30/2026,1203.2,1215.0,1203.2,1206.2,0.25,128.0,1500.0,1187.0
KBLD90,7/1/2026,1215.0,1215.0,1215.0,1215.0,0.0,25.0,1500.0,1187.0
KBLD90,7/2/2026,1249.0,1251.4,1215.0,1222.0,-2.16,30165.0,1500.0,1187.0
KBLD90,7/3/2026,1219.0,1219.0,1219.0,1219.0,0.0,40000.0,1500.0,1187.0
KBLD90,7/6/2026,1225.0,1225.0,1225.0,1225.0,0.0,25.0,1500.0,1187.0
KBLD90,7/7/2026,1225.0,1226.0,1215.0,1215.0,-0.82,169867.0,1500.0,1187.0
KBLD90,7/8/2026,1251.4,1251.4,1202.0,1202.0,-3.95,250.0,1500.0,1187.0
KBLD90,7/13/2026,1225.0,1225.0,1225.0,1225.0,0.0,100000.0,1500.0,1187.0
KBLD90,7/14/2026,1261.0,1267.0,1250.0,1250.0,-0.87,420602.0,1500.0,1187.0
KBLD90,7/15/2026,1250.0,1324.0,1250.0,1325.0,6.0,134.0,1500.0,1187.0
KBLD90,7/16/2026,1320.0,1486.7,1320.0,1488.0,12.73,246.0,1500.0,1187.0
KBLD90,7/21/2026,1470.0,1470.0,1470.0,1470.0,0.0,57.0,1500.0,1187.0
KBLD90,7/22/2026,1470.0,1470.0,1470.0,1425.9,-3.0,5.0,1500.0,1187.0
KBLD90,7/29/2026,1425.9,1425.9,1425.9,1383.2,-2.99,1.0,1500.0,1187.0
KBLD90,8/21/2026,1341.8,1341.8,1341.8,1341.8,0.0,75.0,1500.0,1187.0
KBLD90,9/15/2026,1301.6,1301.6,1301.6,1301.6,0.0,20.0,1500.0,1187.0
KBLD90,9/28/2026,1301.6,1460.0,1301.6,1460.0,12.17,20010.0,1500.0,1187.0
KBLD90,9/29/2026,1460.0,1460.0,1460.0,1460.0,0.0,20000.0,1500.0,1187.0
KBLPO,12/31/2025,105.0,105.0,105.0,105.0,,287500.0,109.0,100.0
KBLPO,1/28/2026,102.9,102.9,102.9,102.9,-2.0,200000.0,109.0,100.0
KBLPO,2/11/2026,100.9,100.9,100.0,100.0,-2.82,333702.0,109.0,100.0
KBLPO,3/17/2026,100.0,100.0,100.0,100.0,0.0,426697.0,109.0,100.0
KBLPO,3/18/2026,100.0,100.0,100.0,100.0,0.0,426697.0,109.0,100.0
KBLPO,3/31/2026,100.0,100.0,100.0,100.0,0.0,190001.0,109.0,100.0
KBLPO,4/1/2026,100.0,100.0,100.0,100.0,0.0,283303.0,109.0,100.0
KBLPO,4/5/2026,100.0,100.0,100.0,100.0,0.0,63086.0,109.0,100.0
KBLPO,4/7/2026,100.0,100.0,100.0,100.0,0.0,3666.0,109.0,100.0
KBLPO,4/10/2026,100.0,100.0,100.0,100.0,0.0,3088.0,109.0,100.0
KBLPO,5/4/2026,100.0,100.0,100.0,100.0,0.0,500000.0,109.0,100.0
KBLPO,6/3/2026,100.0,100.0,100.0,100.0,0.0,5254.0,109.0,100.0
KBLPO,7/1/2026,100.0,100.0,100.0,100.0,0.0,373303.0,109.0,100.0
KBLPO,7/9/2026,100.0,100.0,100.0,100.0,0.0,3041.0,109.0,100.0
KBLPO,8/10/2026,100.0,100.0,100.0,100.0,0.0,16831.0,109.0,100.0
KBLPO,9/23/2026,100.0,100.0,100.0,100.0,0.0,258209.0,109.0,100.0
KBLPO,9/28/2026,100.0,100.0,100.0,100.0,0.0,47324.0,109.0,100.0
KBLPO,10/2/2026,100.0,100.0,100.0,100.0,0.0,70000.0,109.0,100.0
KBSH,12/21/2025,1780.0,1805.0,1766.1,1799.0,,277.0,1907.0,758.1
KBSH,12/22/2025,1800.0,1800.0,1750.0,1765.0,-1.89,442.0,1907.0,758.1
KBSH,12/23/2025,1765.0,1790.0,1758.0,1789.9,1.41,148.0,1907.0,758.1
KBSH,12/24/2025,1761.2,1784.9,1761.2,1784.9,-0.28,243.0,1907.0,758.1
KBSH,12/28/2025,1762.4,1830.0,1762.4,1815.0,1.69,1549.0,1907.0,758.1
KBSH,12/29/2025,1661.0,1704.0,1622.0,1704.0,-6.12,1119.0,1907.0,758.1
KBSH,12/31/2025,1729.0,1737.0,1701.3,1720.0,0.94,415.0,1907.0,758.1
KBSH,1/1/2026,1686.1,1700.0,1686.1,1690.0,-1.74,156.0,1907.0,758.1
KBSH,1/4/2026,1658.0,1670.5,1657.0,1662.0,-1.66,381.0,1907.0,758.1
KBSH,1/5/2026,1685.0,1726.0,1680.0,1726.0,3.85,689.0,1907.0,758.1
KBSH,1/6/2026,1726.0,1759.9,1700.0,1700.0,-1.51,455.0,1907.0,758.1
KBSH,1/7/2026,1734.0,1734.0,1675.0,1708.0,0.47,78.0,1907.0,758.1
KBSH,1/8/2026,1692.0,1692.0,1691.0,1691.0,-1.0,20.0,1907.0,758.1
KBSH,1/12/2026,1715.0,1723.0,1691.0,1692.0,0.06,142.0,1907.0,758.1
KBSH,1/13/2026,1718.0,1720.0,1658.2,1658.2,-2.0,281.0,1907.0,758.1
KBSH,1/14/2026,1658.2,1662.0,1650.0,1650.0,-0.49,422.0,1907.0,758.1
KBSH,1/18/2026,1683.0,1683.0,1650.5,1651.0,0.06,546.0,1907.0,758.1
KBSH,1/20/2026,1684.0,1700.0,1665.2,1685.0,2.06,359.0,1907.0,758.1
KBSH,1/21/2026,1687.0,1700.0,1671.0,1671.0,-0.83,300.0,1907.0,758.1
KBSH,1/22/2026,1671.0,1713.6,1671.0,1713.6,2.55,315.0,1907.0,758.1
KBSH,1/25/2026,1715.0,1743.0,1700.0,1720.0,0.37,212.0,1907.0,758.1
KBSH,1/26/2026,1705.6,1720.0,1686.1,1720.0,0.0,943.0,1907.0,758.1
KBSH,1/27/2026,1720.0,1722.0,1695.0,1700.0,-1.16,1207.0,1907.0,758.1
KBSH,1/28/2026,1671.6,1690.0,1671.6,1690.0,-0.59,203.0,1907.0,758.1
KBSH,1/29/2026,1661.0,1705.4,1661.0,1680.0,-0.59,332.0,1907.0,758.1
KBSH,2/1/2026,1710.0,1710.0,1660.1,1660.1,-1.18,867.0,1907.0,758.1
KBSH,2/2/2026,1693.3,1693.3,1660.0,1668.0,0.48,91.0,1907.0,758.1
KBSH,2/3/2026,1655.0,1701.3,1655.0,1698.0,1.8,576.0,1907.0,758.1
KBSH,2/4/2026,1666.1,1671.0,1666.1,1671.0,-1.59,220.0,1907.0,758.1
KBSH,2/5/2026,1699.9,1700.0,1670.0,1700.0,1.74,955.0,1907.0,758.1
KBSH,2/8/2026,1670.0,1680.0,1666.1,1666.1,-1.99,314.0,1907.0,758.1
KBSH,2/9/2026,1635.2,1680.0,1635.2,1650.1,-0.96,121.0,1907.0,758.1
KBSH,2/10/2026,1618.0,1682.0,1618.0,1655.0,0.3,182.0,1907.0,758.1
KBSH,2/11/2026,1665.0,1665.0,1633.0,1645.0,-0.6,279.0,1907.0,758.1
KBSH,2/12/2026,1655.0,1660.0,1655.0,1656.4,0.69,262.0,1907.0,758.1
KBSH,2/16/2026,1660.0,1698.0,1651.0,1651.0,-0.33,516.0,1907.0,758.1
KBSH,2/17/2026,1684.0,1684.0,1660.0,1662.0,0.67,665.0,1907.0,758.1
KBSH,2/22/2026,1640.0,1695.0,1633.0,1695.0,1.99,460.0,1907.0,758.1
KBSH,2/23/2026,1700.0,1700.0,1690.0,1690.0,-0.29,20.0,1907.0,758.1
KBSH,2/24/2026,1656.7,1670.0,1656.7,1670.0,-1.18,70.0,1907.0,758.1
KBSH,2/25/2026,1670.0,1670.0,1670.0,1670.0,0.0,10.0,1907.0,758.1
KBSH,2/26/2026,1658.0,1658.0,1657.1,1657.1,-0.77,70.0,1907.0,758.1
KBSH,2/27/2026,1658.0,1658.0,1657.1,1657.1,0.0,70.0,1907.0,758.1
KBSH,2/28/2026,1658.0,1658.0,1657.1,1657.1,0.0,70.0,1907.0,758.1
KBSH,3/2/2026,1657.0,1657.0,1656.0,1656.0,-0.07,88.0,1907.0,758.1
KBSH,3/3/2026,1642.0,1684.0,1625.0,1684.0,1.69,226.0,1907.0,758.1
KBSH,3/4/2026,1642.0,1684.0,1625.0,1684.0,0.0,226.0,1907.0,758.1
KBSH,3/5/2026,1642.0,1684.0,1625.0,1684.0,0.0,226.0,1907.0,758.1
KBSH,3/6/2026,1642.0,1684.0,1625.0,1684.0,0.0,226.0,1907.0,758.1
KBSH,3/7/2026,1642.0,1684.0,1625.0,1684.0,0.0,226.0,1907.0,758.1
KBSH,3/8/2026,1642.0,1684.0,1625.0,1684.0,0.0,226.0,1907.0,758.1
KBSH,3/9/2026,1717.6,1717.6,1717.6,1717.6,2.0,10.0,1907.0,758.1
KBSH,3/10/2026,1751.9,1753.0,1683.0,1725.0,0.43,877.0,1907.0,758.1
KBSH,3/11/2026,1730.0,1740.0,1710.0,1710.0,-0.87,503.0,1907.0,758.1
KBSH,3/12/2026,1710.0,1710.0,1679.0,1700.0,-0.58,365.0,1907.0,758.1
KBSH,3/13/2026,1710.0,1710.0,1679.0,1700.0,0.0,365.0,1907.0,758.1
KBSH,3/14/2026,1710.0,1710.0,1679.0,1700.0,0.0,365.0,1907.0,758.1
KBSH,3/15/2026,1710.0,1710.0,1680.0,1709.0,0.53,689.0,1907.0,758.1
KBSH,3/16/2026,1700.0,1725.0,1676.0,1700.0,-0.53,313.0,1907.0,758.1
KBSH,3/17/2026,1670.1,1708.5,1670.0,1700.0,0.0,301.0,1907.0,758.1
KBSH,3/18/2026,1670.1,1708.5,1670.0,1700.0,0.0,301.0,1907.0,758.1
KBSH,3/19/2026,1734.0,1768.0,1700.1,1700.1,0.01,485.0,1907.0,758.1
KBSH,3/20/2026,1734.0,1768.0,1700.1,1700.1,0.0,485.0,1907.0,758.1
KBSH,3/21/2026,1734.0,1768.0,1700.1,1700.1,0.0,485.0,1907.0,758.1
KBSH,3/22/2026,1733.6,1767.0,1701.0,1711.3,0.66,1204.0,1907.0,758.1
KBSH,3/23/2026,1725.0,1730.0,1700.1,1729.0,1.03,345.0,1907.0,758.1
KBSH,3/24/2026,1763.0,1763.0,1715.2,1744.9,0.92,104.0,1907.0,758.1
KBSH,3/25/2026,1743.0,1743.0,1721.0,1721.0,-1.37,354.0,1907.0,758.1
KBSH,3/26/2026,1695.4,1728.0,1694.0,1705.0,0.57,617.0,1907.0,758.1
KBSH,3/29/2026,1680.0,1712.0,1680.0,1700.0,1.19,623.0,1907.0,758.1
KBSH,3/30/2026,1725.0,1725.0,1680.0,1680.0,-2.61,345.0,1907.0,758.1
KBSH,3/31/2026,1652.1,1713.0,1627.0,1713.0,3.69,332.0,1907.0,758.1
KBSH,4/1/2026,1678.8,1678.8,1650.2,1650.2,-1.7,496.0,1907.0,758.1
KBSH,4/2/2026,1660.0,1663.6,1628.0,1663.6,0.22,136.0,1907.0,758.1
KBSH,4/5/2026,1630.4,1638.0,1602.4,1638.0,0.47,636.0,1907.0,758.1
KBSH,4/6/2026,1606.0,1670.7,1606.0,1644.0,2.37,331.0,1907.0,758.1
KBSH,4/7/2026,1660.0,1662.0,1658.0,1662.0,0.12,71.0,1907.0,758.1
KBSH,4/8/2026,1656.6,1656.6,1646.0,1646.0,-0.64,211.0,1907.0,758.1
KBSH,4/9/2026,1669.0,1669.0,1642.0,1642.0,-1.62,206.0,1907.0,758.1
KBSH,4/10/2026,1626.0,1660.0,1593.5,1650.0,1.48,718.0,1907.0,758.1
KBSH,4/13/2026,1620.0,1681.0,1617.0,1681.0,3.77,286.0,1907.0,758.1
KBSH,4/15/2026,1648.1,1690.0,1648.0,1690.0,2.54,431.0,1907.0,758.1
KBSH,4/16/2026,1656.2,1667.7,1635.0,1636.0,-1.22,301.0,1907.0,758.1
KBSH,4/17/2026,1615.0,1640.0,1615.0,1640.0,1.55,237.0,1907.0,758.1
KBSH,4/20/2026,1640.0,1640.0,1601.0,1601.0,-2.38,163.0,1907.0,758.1
KBSH,4/21/2026,1557.1,1698.9,1557.1,1675.0,7.57,669.0,1907.0,758.1
KBSH,4/22/2026,1681.0,1681.0,1630.0,1660.0,-1.25,451.0,1907.0,758.1
KBSH,4/23/2026,1742.9,1742.9,1650.0,1650.0,-5.33,72.0,1907.0,758.1
KBSH,4/24/2026,1650.0,1665.8,1625.0,1630.0,-1.21,92.0,1907.0,758.1
KBSH,4/27/2026,1630.0,1630.0,1600.2,1600.2,-1.83,81.0,1907.0,758.1
KBSH,4/28/2026,1600.2,1620.0,1600.2,1620.0,1.24,150.0,1907.0,758.1
KBSH,4/29/2026,1620.0,1601.0,1572.0,1590.0,-1.85,555.0,1907.0,758.1
KBSH,4/30/2026,1555.1,1615.0,1555.1,1580.0,1.6,123.0,1907.0,758.1
KBSH,5/4/2026,1535.5,1540.0,1520.0,1539.0,0.23,288.0,1907.0,758.1
KBSH,5/6/2026,1512.0,1513.0,1511.6,1513.0,0.07,40.0,1907.0,758.1
KBSH,5/7/2026,1520.0,1520.0,1492.0,1500.0,-1.32,229.0,1907.0,758.1
KBSH,5/8/2026,1480.1,1545.0,1480.1,1545.0,4.38,170.0,1907.0,758.1
KBSH,5/11/2026,1590.0,1594.9,1510.0,1589.3,-0.04,233.0,1907.0,758.1
KBSH,5/12/2026,1543.0,1575.0,1541.7,1575.0,2.07,130.0,1907.0,758.1
KBSH,5/13/2026,1550.0,1620.0,1550.0,1574.9,1.61,236.0,1907.0,758.1
KBSH,5/14/2026,1528.1,1550.0,1528.0,1550.0,1.43,180.0,1907.0,758.1
KBSH,5/15/2026,1585.9,1585.9,1539.0,1539.0,-2.96,30.0,1907.0,758.1
KBSH,5/18/2026,1579.0,1579.0,1579.0,1579.0,0.0,50.0,1907.0,758.1
KBSH,5/19/2026,1536.0,1565.0,1531.7,1531.7,-0.28,119.0,1907.0,758.1
KBSH,5/20/2026,1531.7,1531.7,1500.0,1500.0,-2.07,126.0,1907.0,758.1
KBSH,5/21/2026,1545.0,1545.0,1490.1,1490.1,-3.55,764.0,1907.0,758.1
KBSH,5/22/2026,1500.0,1500.0,1500.0,1500.0,0.0,20.0,1907.0,758.1
KBSH,5/25/2026,1470.2,1500.2,1470.2,1500.0,2.03,282.0,1907.0,758.1
KBSH,5/26/2026,1500.0,1590.0,1476.0,1590.0,6.0,1184.0,1907.0,758.1
KBSH,5/27/2026,1637.0,1637.0,1580.0,1617.9,-1.17,520.0,1907.0,758.1
KBSH,6/1/2026,1650.0,1650.0,1601.0,1601.0,-2.97,22.0,1907.0,758.1
KBSH,6/2/2026,1553.0,1590.0,1516.0,1560.0,0.45,249.0,1907.0,758.1
KBSH,6/3/2026,1600.0,1600.0,1552.0,1552.0,-3.0,145.0,1907.0,758.1
KBSH,6/4/2026,1598.5,1598.5,1505.5,1505.5,-5.82,61.0,1907.0,758.1
KBSH,6/5/2026,1550.0,1550.0,1530.0,1543.0,-0.45,30.0,1907.0,758.1
KBSH,6/8/2026,1498.3,1506.0,1475.0,1500.0,0.11,424.0,1907.0,758.1
KBSH,6/9/2026,1482.0,1500.0,1470.0,1489.1,0.48,260.0,1907.0,758.1
KBSH,6/10/2026,1532.0,1638.0,1490.0,1585.9,3.52,810.0,1907.0,758.1
KBSH,6/11/2026,1539.0,1568.0,1492.3,1568.0,1.88,326.0,1907.0,758.1
KBSH,6/12/2026,1602.0,1649.0,1551.7,1552.0,-3.12,190.0,1907.0,758.1
KBSH,6/15/2026,1505.6,1549.0,1505.5,1549.0,2.88,110.0,1907.0,758.1
KBSH,6/16/2026,1503.0,1547.8,1503.0,1506.0,0.2,47.0,1907.0,758.1
KBSH,6/17/2026,1550.0,1580.0,1490.0,1527.0,-1.48,174.0,1907.0,758.1
KBSH,6/18/2026,1481.2,1526.0,1481.2,1485.0,0.26,113.0,1907.0,758.1
KBSH,6/19/2026,1525.0,1525.0,1455.0,1460.5,-4.23,210.0,1907.0,758.1
KBSH,6/22/2026,1460.5,1465.0,1455.1,1460.0,-0.03,132.0,1907.0,758.1
KBSH,6/23/2026,1450.0,1460.0,1407.0,1408.0,-2.9,252.0,1907.0,758.1
KBSH,6/24/2026,1391.0,1391.0,1370.0,1370.1,-1.5,332.0,1907.0,758.1
KBSH,6/26/2026,1352.3,1358.9,1308.0,1357.0,0.35,418.0,1907.0,758.1
KBSH,6/29/2026,1317.0,1339.0,1284.0,1321.0,0.3,266.0,1907.0,758.1
KBSH,6/30/2026,1295.0,1295.0,1150.0,1285.0,-0.77,568.0,1907.0,758.1
KBSH,7/1/2026,1300.0,1431.0,1300.0,1410.0,8.46,1044.0,1907.0,758.1
KBSH,7/2/2026,1390.0,1431.7,1370.0,1410.0,1.44,181.0,1907.0,758.1
KBSH,7/3/2026,1449.9,1449.9,1304.0,1405.0,-3.1,1133.0,1907.0,758.1
KBSH,7/6/2026,1430.0,1430.0,1330.5,1330.5,-6.96,222.0,1907.0,758.1
KBSH,7/7/2026,1370.4,1411.5,1325.0,1330.0,-2.95,1066.0,1907.0,758.1
KBSH,7/8/2026,1300.0,1368.9,1290.1,1310.0,0.77,166.0,1907.0,758.1
KBSH,7/9/2026,1349.3,1385.0,1270.8,1301.0,-3.58,269.0,1907.0,758.1
KBSH,7/10/2026,1339.0,1350.0,1300.0,1319.0,-1.49,214.0,1907.0,758.1
KBSH,7/13/2026,1285.0,1285.0,1228.0,1262.0,-1.79,474.0,1907.0,758.1
KBSH,7/14/2026,1226.0,1300.0,1226.0,1261.0,2.85,366.0,1907.0,758.1
KBSH,7/15/2026,1280.0,1280.0,1227.0,1245.0,-2.73,258.0,1907.0,758.1
KBSH,7/16/2026,1215.0,1229.0,1200.1,1200.1,-1.23,322.0,1907.0,758.1
KBSH,7/17/2026,1235.9,1236.0,1191.0,1194.0,-3.39,1744.0,1907.0,758.1
KBSH,7/20/2026,1180.0,1231.9,1180.0,1219.0,3.31,513.0,1907.0,758.1
KBSH,7/21/2026,1250.0,1250.0,1184.0,1200.0,-4.0,963.0,1907.0,758.1
KBSH,7/22/2026,1171.0,1235.0,1171.0,1230.0,5.04,782.0,1907.0,758.1
KBSH,7/23/2026,1175.0,1175.0,1045.5,1045.5,-11.02,13394.0,1907.0,758.1
KBSH,7/24/2026,993.3,1091.8,888.7,1050.0,5.71,148511.0,1907.0,758.1
KBSH,7/27/2026,1053.0,1053.0,1000.0,1022.0,-2.94,17202.0,1907.0,758.1
KBSH,7/28/2026,1000.0,1013.0,954.1,960.0,-4.0,31240.0,1907.0,758.1
KBSH,7/29/2026,1008.0,1008.0,931.2,945.0,-6.25,25870.0,1907.0,758.1
KBSH,7/30/2026,959.0,959.0,915.0,931.0,-2.92,23815.0,1907.0,758.1
KBSH,7/31/2026,905.1,974.0,905.1,956.0,5.62,23851.0,1907.0,758.1
KBSH,8/3/2026,951.0,965.0,935.0,940.0,-1.16,19203.0,1907.0,758.1
KBSH,8/4/2026,893.0,950.0,893.0,950.0,6.38,12502.0,1907.0,758.1
KBSH,8/5/2026,959.0,959.0,938.0,949.0,-1.04,8584.0,1907.0,758.1
KBSH,8/6/2026,935.0,976.4,935.0,970.0,3.74,24488.0,1907.0,758.1
KBSH,8/7/2026,950.0,997.0,950.0,980.0,3.16,22696.0,1907.0,758.1
KBSH,8/10/2026,965.0,992.0,963.5,966.0,0.1,14256.0,1907.0,758.1
KBSH,8/11/2026,960.1,980.0,960.0,980.0,2.07,13243.0,1907.0,758.1
KBSH,8/12/2026,950.0,1039.0,950.0,961.0,1.16,13364.0,1907.0,758.1
KBSH,8/13/2026,950.0,975.0,940.6,957.8,0.82,18544.0,1907.0,758.1
KBSH,8/14/2026,929.1,968.0,925.0,944.9,1.7,14920.0,1907.0,758.1
KBSH,8/17/2026,935.0,957.0,920.0,920.1,-1.59,17479.0,1907.0,758.1
KBSH,8/18/2026,915.0,945.5,915.0,942.8,3.04,8785.0,1907.0,758.1
KBSH,8/19/2026,920.0,998.0,920.0,937.0,1.85,7989.0,1907.0,758.1
KBSH,8/20/2026,950.0,950.0,912.4,938.5,-1.21,10051.0,1907.0,758.1
KBSH,8/21/2026,900.0,966.0,900.0,911.0,1.22,10287.0,1907.0,758.1
KBSH,8/24/2026,930.0,937.0,886.0,888.1,-4.51,10659.0,1907.0,758.1
KBSH,8/25/2026,890.0,910.0,881.0,910.0,2.25,6917.0,1907.0,758.1
KBSH,8/26/2026,900.0,954.0,871.1,897.0,-0.33,11744.0,1907.0,758.1
KBSH,8/27/2026,880.0,897.0,866.1,880.0,0.0,6681.0,1907.0,758.1
KBSH,8/31/2026,924.0,924.0,800.0,839.0,-9.2,9031.0,1907.0,758.1
KBSH,9/1/2026,839.0,848.0,800.0,821.0,-2.15,11553.0,1907.0,758.1
KBSH,9/2/2026,821.0,825.0,780.0,791.0,-3.65,15592.0,1907.0,758.1
KBSH,9/3/2026,803.0,804.0,779.0,802.0,-0.12,11658.0,1907.0,758.1
KBSH,9/7/2026,802.0,824.9,796.0,809.0,0.87,6367.0,1907.0,758.1
KBSH,9/9/2026,828.0,828.0,793.0,795.0,-3.99,8794.0,1907.0,758.1
KBSH,9/10/2026,818.8,818.8,790.0,798.0,-2.54,6956.0,1907.0,758.1
KBSH,9/11/2026,758.1,803.9,758.1,803.0,5.92,5575.0,1907.0,758.1
KBSH,9/14/2026,803.0,846.0,803.0,836.0,4.11,7075.0,1907.0,758.1
KBSH,9/15/2026,877.0,911.0,850.0,866.0,-1.25,9732.0,1907.0,758.1
KBSH,9/16/2026,866.0,866.0,830.0,834.0,-3.7,7102.0,1907.0,758.1
KBSH,9/17/2026,836.4,850.0,826.0,835.1,-0.16,6191.0,1907.0,758.1
KBSH,9/18/2026,830.1,849.0,830.0,847.8,2.13,1301.0,1907.0,758.1
KBSH,9/22/2026,847.8,862.0,837.0,837.5,-1.21,4287.0,1907.0,758.1
KBSH,9/23/2026,825.0,837.0,818.6,818.6,-0.78,3129.0,1907.0,758.1
KBSH,9/24/2026,819.0,829.0,800.2,807.0,-1.47,4175.0,1907.0,758.1
KBSH,9/28/2026,820.0,820.0,803.2,805.0,-1.83,3552.0,1907.0,758.1
KBSH,9/29/2026,805.0,810.0,803.0,0.0,-100.0,2679.0,1907.0,758.1
KBSH,9/30/2026,816.0,816.0,798.0,798.0,-2.21,2123.0,1907.0,758.1
KBSH,10/1/2026,795.2,808.0,795.2,808.0,1.61,2694.0,1907.0,758.1
KBSH,10/2/2026,797.7,809.0,797.7,806.0,1.04,2692.0,1907.0,758.1
KDBY,1/26/2026,10.05,10.11,9.9,10.0,,6000.0,12.54,8.77
KDBY,1/27/2026,10.0,10.19,9.95,10.17,1.7,102400.0,12.54,8.77
KDBY,1/28/2026,10.12,10.2,10.03,10.15,-0.2,85558.0,12.54,8.77
KDBY,1/29/2026,10.1,10.17,10.1,10.17,0.2,18700.0,12.54,8.77
KDBY,2/1/2026,10.14,10.17,10.14,10.15,-0.2,23100.0,12.54,8.77
KDBY,2/2/2026,10.15,10.34,10.14,10.18,0.3,71459.0,12.54,8.77
KDBY,2/3/2026,10.18,10.19,10.06,10.19,0.1,143600.0,12.54,8.77
KDBY,2/4/2026,10.1,10.2,10.1,10.12,-0.69,19810.0,12.54,8.77
KDBY,2/5/2026,10.12,10.25,10.1,10.24,1.19,13000.0,12.54,8.77
KDBY,2/8/2026,10.04,10.3,9.84,10.12,-1.17,9820.0,12.54,8.77
KDBY,2/9/2026,9.92,10.14,9.92,10.02,-0.99,23914.0,12.54,8.77
KDBY,2/10/2026,9.87,10.07,9.87,10.02,0.0,14300.0,12.54,8.77
KDBY,2/11/2026,9.83,10.06,9.83,10.0,-0.2,4510.0,12.54,8.77
KDBY,2/12/2026,9.87,10.3,9.87,10.3,3.0,16500.0,12.54,8.77
KDBY,2/16/2026,10.1,10.3,10.0,10.3,0.0,3900.0,12.54,8.77
KDBY,2/17/2026,10.1,10.16,9.93,10.16,-1.36,5100.0,12.54,8.77
KDBY,2/22/2026,10.01,10.16,9.82,9.83,-3.25,14520.0,12.54,8.77
KDBY,2/23/2026,9.83,10.04,9.83,10.0,1.73,6400.0,12.54,8.77
KDBY,2/24/2026,9.84,10.11,9.84,10.11,1.1,1950.0,12.54,8.77
KDBY,2/25/2026,9.92,10.11,9.92,10.11,0.0,6400.0,12.54,8.77
KDBY,2/26/2026,10.2,10.25,9.98,9.99,-1.19,23228.0,12.54,8.77
KDBY,2/27/2026,10.2,10.25,9.98,9.99,0.0,23228.0,12.54,8.77
KDBY,2/28/2026,10.2,10.25,9.98,9.99,0.0,23228.0,12.54,8.77
KDBY,3/2/2026,9.81,10.04,9.81,9.91,-0.8,11400.0,12.54,8.77
KDBY,3/3/2026,10.1,10.21,9.93,9.96,0.5,12001.0,12.54,8.77
KDBY,3/4/2026,10.1,10.21,9.93,9.96,0.0,12001.0,12.54,8.77
KDBY,3/5/2026,10.1,10.21,9.93,9.96,0.0,12001.0,12.54,8.77
KDBY,3/6/2026,10.1,10.21,9.93,9.96,0.0,12001.0,12.54,8.77
KDBY,3/7/2026,10.1,10.21,9.93,9.96,0.0,12001.0,12.54,8.77
KDBY,3/8/2026,10.1,10.21,9.93,9.96,0.0,12001.0,12.54,8.77
KDBY,3/10/2026,10.15,10.35,9.95,10.15,1.91,55623.0,12.54,8.77
KDBY,3/11/2026,10.1,10.35,10.1,10.2,0.49,155840.0,12.54,8.77
KDBY,3/12/2026,10.17,10.3,10.17,10.19,-0.1,11280.0,12.54,8.77
KDBY,3/13/2026,10.17,10.3,10.17,10.19,0.0,11280.0,12.54,8.77
KDBY,3/14/2026,10.17,10.3,10.17,10.19,0.0,11280.0,12.54,8.77
KDBY,3/15/2026,10.03,10.45,10.03,10.45,2.55,140473.0,12.54,8.77
KDBY,3/16/2026,10.25,10.39,10.1,10.3,-1.44,10799.0,12.54,8.77
KDBY,3/17/2026,10.26,10.43,10.23,10.25,-0.49,26700.0,12.54,8.77
KDBY,3/18/2026,10.26,10.43,10.23,10.25,0.0,26700.0,12.54,8.77
KDBY,3/19/2026,10.22,10.5,10.22,10.36,1.07,159056.0,12.54,8.77
KDBY,3/20/2026,10.22,10.5,10.22,10.36,0.0,159056.0,12.54,8.77
KDBY,3/21/2026,10.22,10.5,10.22,10.36,0.0,159056.0,12.54,8.77
KDBY,3/22/2026,10.3,10.68,10.25,10.68,3.09,80050.0,12.54,8.77
KDBY,3/23/2026,10.47,10.68,10.22,10.3,-3.56,206200.0,12.54,8.77
KDBY,3/24/2026,10.27,10.51,10.27,10.51,2.04,761451.0,12.54,8.77
KDBY,3/25/2026,10.34,10.72,10.34,10.52,0.1,110115.0,12.54,8.77
KDBY,3/26/2026,10.42,10.76,10.32,10.76,3.26,366450.0,12.54,8.77
KDBY,3/29/2026,10.57,10.75,10.57,10.6,0.28,121754.0,12.54,8.77
KDBY,3/30/2026,10.57,10.6,10.41,10.5,-0.66,20300.0,12.54,8.77
KDBY,3/31/2026,10.3,10.76,10.3,10.76,4.47,263749.0,12.54,8.77
KDBY,4/1/2026,10.57,10.89,10.42,10.71,1.32,94700.0,12.54,8.77
KDBY,4/2/2026,10.5,10.5,10.3,10.5,0.0,4000.0,12.54,8.77
KDBY,4/5/2026,10.38,10.5,10.38,10.41,0.29,24850.0,12.54,8.77
KDBY,4/6/2026,10.22,10.51,10.22,10.45,2.25,23900.0,12.54,8.77
KDBY,4/7/2026,10.41,10.99,10.41,10.98,5.48,47500.0,12.54,8.77
KDBY,4/8/2026,11.19,11.26,10.78,11.26,0.63,138121.0,12.54,8.77
KDBY,4/9/2026,11.1,11.61,11.1,11.61,4.59,78710.0,12.54,8.77
KDBY,4/10/2026,11.38,11.59,11.27,11.59,1.85,8100.0,12.54,8.77
KDBY,4/13/2026,11.75,11.88,11.47,11.88,1.11,92913.0,12.54,8.77
KDBY,4/15/2026,12.11,12.11,11.66,11.95,-1.32,90836.0,12.54,8.77
KDBY,4/16/2026,11.75,11.86,11.55,11.65,-0.85,182220.0,12.54,8.77
KDBY,4/17/2026,11.43,12.05,11.43,12.05,5.42,35560.0,12.54,8.77
KDBY,4/20/2026,12.0,12.1,11.36,11.73,-2.25,19250.0,12.54,8.77
KDBY,4/21/2026,11.75,12.01,11.66,11.69,-0.51,29360.0,12.54,8.77
KDBY,4/22/2026,12.04,12.04,11.1,11.45,-4.9,93900.0,12.54,8.77
KDBY,4/23/2026,10.88,11.58,10.88,11.37,4.5,141665.0,12.54,8.77
KDBY,4/24/2026,11.27,11.58,11.27,11.54,2.4,43660.0,12.54,8.77
KDBY,4/27/2026,11.54,11.84,11.3,11.61,0.61,232400.0,12.54,8.77
KDBY,4/28/2026,11.61,11.61,11.3,11.54,-0.6,170133.0,12.54,8.77
KDBY,4/29/2026,11.54,11.5,11.25,11.38,-1.39,23420.0,12.54,8.77
KDBY,4/30/2026,11.25,11.7,11.21,11.7,4.0,22140.0,12.54,8.77
KDBY,5/4/2026,12.28,12.28,11.26,11.39,-7.25,70150.0,12.54,8.77
KDBY,5/5/2026,11.95,11.95,11.27,11.45,-4.18,4800.0,12.54,8.77
KDBY,5/6/2026,11.17,11.41,11.17,11.41,2.15,4550.0,12.54,8.77
KDBY,5/7/2026,11.15,11.46,11.15,11.26,0.99,8703.0,12.54,8.77
KDBY,5/8/2026,11.82,11.82,11.15,11.26,-4.74,11200.0,12.54,8.77
KDBY,5/11/2026,11.13,12.54,11.13,12.54,12.67,24500.0,12.54,8.77
KDBY,5/12/2026,11.92,11.92,11.3,11.5,-3.52,9193.0,12.54,8.77
KDBY,5/13/2026,11.18,11.5,11.18,11.5,2.86,4800.0,12.54,8.77
KDBY,5/14/2026,11.74,11.74,11.24,11.4,-2.9,50880.0,12.54,8.77
KDBY,5/15/2026,11.2,11.5,11.2,11.4,1.79,54530.0,12.54,8.77
KDBY,5/18/2026,11.07,11.4,11.07,11.31,2.17,48300.0,12.54,8.77
KDBY,5/19/2026,11.11,11.5,11.11,11.5,3.51,3550.0,12.54,8.77
KDBY,5/20/2026,11.21,11.6,11.21,11.58,3.3,8330.0,12.54,8.77
KDBY,5/21/2026,11.25,11.69,11.25,11.69,3.91,48900.0,12.54,8.77
KDBY,5/22/2026,12.27,12.27,11.25,11.45,-6.68,6900.0,12.54,8.77
KDBY,5/25/2026,11.41,11.7,11.41,11.67,2.28,329500.0,12.54,8.77
KDBY,5/26/2026,11.5,11.6,11.42,11.47,-0.26,66860.0,12.54,8.77
KDBY,5/27/2026,11.47,11.67,11.46,11.51,0.35,477100.0,12.54,8.77
KDBY,6/1/2026,11.51,11.55,11.45,11.5,-0.09,17400.0,12.54,8.77
KDBY,6/2/2026,11.35,11.55,11.35,11.53,1.59,174600.0,12.54,8.77
KDBY,6/3/2026,11.45,11.53,11.31,11.49,0.35,930900.0,12.54,8.77
KDBY,6/4/2026,11.17,11.45,11.17,11.4,2.06,103300.0,12.54,8.77
KDBY,6/5/2026,11.11,11.44,11.11,11.4,2.61,248500.0,12.54,8.77
KDBY,6/8/2026,11.21,11.39,11.19,11.21,0.0,255600.0,12.54,8.77
KDBY,6/9/2026,11.17,11.4,11.17,11.25,0.72,4700.0,12.54,8.77
KDBY,6/10/2026,11.25,11.92,11.22,11.3,0.44,4300.0,12.54,8.77
KDBY,6/11/2026,11.21,11.3,11.21,11.26,0.45,3900.0,12.54,8.77
KDBY,6/12/2026,11.2,11.29,11.2,11.29,0.8,3660.0,12.54,8.77
KDBY,6/15/2026,11.25,11.35,11.22,11.28,0.27,5060.0,12.54,8.77
KDBY,6/16/2026,11.28,11.35,11.22,11.25,-0.27,1063850.0,12.54,8.77
KDBY,6/17/2026,11.21,11.3,11.21,11.26,0.45,101600.0,12.54,8.77
KDBY,6/18/2026,11.2,11.25,11.2,11.23,0.27,55000.0,12.54,8.77
KDBY,6/19/2026,11.13,11.3,10.8,11.24,0.99,901850.0,12.54,8.77
KDBY,6/22/2026,10.92,11.18,10.92,11.0,0.73,100590.0,12.54,8.77
KDBY,6/23/2026,10.86,11.0,10.86,10.88,0.18,58350.0,12.54,8.77
KDBY,6/24/2026,10.87,10.95,10.56,10.95,0.74,906700.0,12.54,8.77
KDBY,6/26/2026,10.87,11.0,10.86,10.95,0.74,4500.0,12.54,8.77
KDBY,6/29/2026,10.89,10.95,10.79,10.8,-0.83,71450.0,12.54,8.77
KDBY,6/30/2026,10.78,10.9,10.7,10.79,0.09,734450.0,12.54,8.77
KDBY,7/1/2026,10.67,10.99,10.67,10.99,3.0,150202.0,12.54,8.77
KDBY,7/2/2026,10.89,11.08,10.82,11.08,1.74,115604.0,12.54,8.77
KDBY,7/3/2026,11.1,11.19,10.9,11.07,-0.27,65627.0,12.54,8.77
KDBY,7/6/2026,11.0,11.0,10.55,10.85,-1.36,478100.0,12.54,8.77
KDBY,7/7/2026,10.31,10.85,10.31,10.48,1.65,326800.0,12.54,8.77
KDBY,7/8/2026,10.48,10.81,10.48,10.5,0.19,225650.0,12.54,8.77
KDBY,7/9/2026,10.5,10.76,10.48,10.67,1.62,16710.0,12.54,8.77
KDBY,7/10/2026,10.6,10.87,10.52,10.68,0.75,6650.0,12.54,8.77
KDBY,7/13/2026,10.68,10.78,10.59,10.7,0.19,57045.0,12.54,8.77
KDBY,7/14/2026,10.53,10.83,10.53,10.83,2.85,79445.0,12.54,8.77
KDBY,7/15/2026,10.7,10.92,10.7,10.77,0.65,23905.0,12.54,8.77
KDBY,7/16/2026,10.69,10.93,10.63,10.74,0.47,61620.0,12.54,8.77
KDBY,7/17/2026,10.74,11.0,10.74,10.87,1.21,7300.0,12.54,8.77
KDBY,7/20/2026,10.76,11.19,10.76,11.1,3.16,53300.0,12.54,8.77
KDBY,7/21/2026,10.86,11.21,10.86,11.11,2.3,6710.0,12.54,8.77
KDBY,7/22/2026,10.8,11.2,10.8,11.08,2.59,5300.0,12.54,8.77
KDBY,7/23/2026,10.8,11.08,10.8,11.08,2.59,2000.0,12.54,8.77
KDBY,7/24/2026,11.0,11.1,11.0,11.0,0.0,8100.0,12.54,8.77
KDBY,7/27/2026,10.9,11.11,10.9,11.03,1.19,63400.0,12.54,8.77
KDBY,7/28/2026,11.0,11.28,11.0,11.05,0.45,29210.0,12.54,8.77
KDBY,7/29/2026,11.0,11.3,11.0,11.16,1.45,161350.0,12.54,8.77
KDBY,7/30/2026,11.16,11.2,11.1,11.1,-0.54,7200.0,12.54,8.77
KDBY,7/31/2026,10.81,11.3,10.81,11.1,2.68,9500.0,12.54,8.77
KDBY,8/3/2026,11.12,11.29,11.12,11.29,1.53,71200.0,12.54,8.77
KDBY,8/4/2026,10.97,11.28,10.97,11.12,1.37,47874.0,12.54,8.77
KDBY,8/5/2026,10.88,11.3,10.88,11.3,3.86,88100.0,12.54,8.77
KDBY,8/6/2026,11.03,11.25,11.03,11.11,0.73,101050.0,12.54,8.77
KDBY,8/7/2026,11.11,11.15,11.05,11.09,-0.18,29060.0,12.54,8.77
KDBY,8/10/2026,11.05,11.3,11.0,11.0,-0.45,1473490.0,12.54,8.77
KDBY,8/11/2026,10.96,11.1,10.88,10.88,-0.73,407193.0,12.54,8.77
KDBY,8/12/2026,10.83,11.1,10.83,10.98,1.39,139886.0,12.54,8.77
KDBY,8/13/2026,10.88,11.1,10.88,11.0,1.1,58048.0,12.54,8.77
KDBY,8/14/2026,10.92,11.1,10.92,11.1,1.65,115392.0,12.54,8.77
KDBY,8/17/2026,11.1,11.11,10.85,11.1,0.0,90055.0,12.54,8.77
KDBY,8/18/2026,10.91,11.09,10.91,11.05,1.28,59575.0,12.54,8.77
KDBY,8/19/2026,11.1,11.15,11.01,11.05,-0.45,83390.0,12.54,8.77
KDBY,8/20/2026,10.5,10.5,9.95,9.97,-5.05,12520.0,12.54,8.77
KDBY,8/21/2026,9.98,10.15,9.97,9.97,-0.1,106530.0,12.54,8.77
KDBY,8/24/2026,9.97,10.1,9.92,9.99,0.2,22890.0,12.54,8.77
KDBY,8/25/2026,9.97,10.05,9.97,10.05,0.8,28891.0,12.54,8.77
KDBY,8/26/2026,9.97,10.03,9.95,10.03,0.6,32418.0,12.54,8.77
KDBY,8/27/2026,9.93,10.0,9.75,9.75,-1.81,43690.0,12.54,8.77
KDBY,8/31/2026,9.68,9.85,9.68,9.8,1.24,16925.0,12.54,8.77
KDBY,9/1/2026,9.75,9.82,9.75,9.81,0.62,10020.0,12.54,8.77
KDBY,9/2/2026,9.81,9.84,9.81,9.81,0.0,11600.0,12.54,8.77
KDBY,9/3/2026,10.0,10.09,9.81,9.82,-1.8,143900.0,12.54,8.77
KDBY,9/7/2026,9.79,9.97,9.79,9.94,1.53,42955.0,12.54,8.77
KDBY,9/9/2026,9.97,9.98,9.88,9.98,0.1,25450.0,12.54,8.77
KDBY,9/10/2026,9.77,9.98,9.77,9.94,1.74,34500.0,12.54,8.77
KDBY,9/11/2026,9.8,10.09,9.8,10.09,2.96,38600.0,12.54,8.77
KDBY,9/14/2026,10.17,10.35,9.82,10.05,-1.18,32450.0,12.54,8.77
KDBY,9/15/2026,10.55,10.55,9.93,10.19,-3.41,33300.0,12.54,8.77
KDBY,9/16/2026,9.99,10.2,9.99,10.15,1.6,32900.0,12.54,8.77
KDBY,9/17/2026,9.91,10.13,9.91,10.12,2.12,1600.0,12.54,8.77
KDBY,9/18/2026,9.99,10.1,9.99,10.1,1.1,7650.0,12.54,8.77
KDBY,9/22/2026,10.1,10.26,10.02,10.19,0.89,39755.0,12.54,8.77
KDBY,9/23/2026,10.03,10.18,9.9,10.18,1.5,52800.0,12.54,8.77
KDBY,9/24/2026,10.1,10.24,10.1,10.24,1.39,1250.0,12.54,8.77
KDBY,9/28/2026,10.1,10.12,10.1,10.12,0.2,28000.0,12.54,8.77
KDBY,9/29/2026,10.01,10.1,10.01,0.0,-100.0,4650.0,12.54,8.77
KDBY,9/30/2026,9.96,10.15,9.95,9.95,-0.1,33950.0,12.54,8.77
KDBY,10/1/2026,9.96,10.09,9.93,10.09,1.31,11849.0,12.54,8.77
KDBY,10/2/2026,9.8,10.09,9.8,10.01,2.14,1450.0,12.54,8.77
KDL,12/21/2025,855.2,860.0,854.0,855.5,,1943.0,1185.0,560.3
KDL,12/22/2025,850.1,860.0,845.1,845.1,-1.22,3284.0,1185.0,560.3
KDL,12/23/2025,859.9,859.9,831.1,841.0,-0.49,1226.0,1185.0,560.3
KDL,12/24/2025,857.8,857.8,833.0,840.0,-0.12,1400.0,1185.0,560.3
KDL,12/28/2025,840.0,840.0,827.2,835.0,-0.6,2830.0,1185.0,560.3
KDL,12/29/2025,835.0,835.0,813.0,823.0,-1.44,7655.0,1185.0,560.3
KDL,12/31/2025,811.0,825.0,797.0,810.0,-1.58,10049.0,1185.0,560.3
KDL,1/1/2026,798.2,799.5,781.0,790.0,-2.47,7795.0,1185.0,560.3
KDL,1/4/2026,775.0,785.0,770.0,776.0,-1.77,4910.0,1185.0,560.3
KDL,1/5/2026,775.0,826.6,775.0,812.0,4.64,9276.0,1185.0,560.3
KDL,1/6/2026,826.3,829.9,811.1,814.0,0.25,5572.0,1185.0,560.3
KDL,1/7/2026,800.0,813.9,790.0,791.0,-2.83,2669.0,1185.0,560.3
KDL,1/8/2026,799.0,799.0,784.0,797.9,0.87,2425.0,1185.0,560.3
KDL,1/12/2026,783.0,798.0,783.0,790.0,-0.99,2397.0,1185.0,560.3
KDL,1/13/2026,775.6,794.0,775.6,786.6,-0.43,2502.0,1185.0,560.3
KDL,1/14/2026,786.0,795.6,780.0,786.0,-0.08,2405.0,1185.0,560.3
KDL,1/18/2026,775.0,800.0,775.0,798.0,1.53,4132.0,1185.0,560.3
KDL,1/20/2026,812.5,819.9,796.3,808.0,1.25,4891.0,1185.0,560.3
KDL,1/21/2026,800.0,805.0,790.0,799.9,-1.0,2402.0,1185.0,560.3
KDL,1/22/2026,798.9,800.0,790.0,799.0,-0.11,4627.0,1185.0,560.3
KDL,1/25/2026,791.2,824.0,790.2,820.0,2.63,10710.0,1185.0,560.3
KDL,1/26/2026,820.0,830.0,805.6,817.0,-0.37,10505.0,1185.0,560.3
KDL,1/27/2026,810.0,831.0,810.0,817.0,0.0,8265.0,1185.0,560.3
KDL,1/28/2026,810.0,817.0,802.1,812.0,-0.61,6336.0,1185.0,560.3
KDL,1/29/2026,814.0,822.9,800.0,802.4,-1.18,9518.0,1185.0,560.3
KDL,2/1/2026,788.0,810.0,780.0,790.0,-1.55,5836.0,1185.0,560.3
KDL,2/2/2026,790.0,818.0,790.0,810.0,2.53,7698.0,1185.0,560.3
KDL,2/3/2026,810.0,891.0,807.0,891.0,10.0,25025.0,1185.0,560.3
KDL,2/4/2026,908.8,980.1,908.8,980.1,10.0,17288.0,1185.0,560.3
KDL,2/5/2026,989.0,1078.1,989.0,1078.1,10.0,22551.0,1185.0,560.3
KDL,2/8/2026,1099.6,1185.0,970.3,982.0,-8.91,60968.0,1185.0,560.3
KDL,2/9/2026,995.0,1000.0,922.3,936.0,-4.68,17967.0,1185.0,560.3
KDL,2/10/2026,919.0,1025.0,919.0,995.5,6.36,10425.0,1185.0,560.3
KDL,2/11/2026,1009.0,1010.0,959.0,975.0,-2.06,7280.0,1185.0,560.3
KDL,2/12/2026,960.5,960.5,898.0,901.0,-7.59,13296.0,1185.0,560.3
KDL,2/16/2026,900.0,941.0,900.0,910.0,1.0,5138.0,1185.0,560.3
KDL,2/17/2026,891.8,920.0,891.8,895.0,-1.65,8570.0,1185.0,560.3
KDL,2/22/2026,910.0,910.0,864.1,864.1,-3.45,3744.0,1185.0,560.3
KDL,2/23/2026,854.0,875.0,854.0,873.0,1.03,1562.0,1185.0,560.3
KDL,2/24/2026,873.0,936.0,860.0,907.0,3.89,4263.0,1185.0,560.3
KDL,2/25/2026,923.9,923.9,893.0,904.9,-0.23,2357.0,1185.0,560.3
KDL,2/26/2026,920.0,920.0,886.1,892.0,-1.43,1723.0,1185.0,560.3
KDL,2/27/2026,920.0,920.0,886.1,892.0,0.0,1723.0,1185.0,560.3
KDL,2/28/2026,920.0,920.0,886.1,892.0,0.0,1723.0,1185.0,560.3
KDL,3/2/2026,880.0,905.0,863.0,887.6,-0.49,3641.0,1185.0,560.3
KDL,3/3/2026,904.9,918.0,873.0,901.0,1.51,3125.0,1185.0,560.3
KDL,3/4/2026,904.9,918.0,873.0,901.0,0.0,3125.0,1185.0,560.3
KDL,3/5/2026,904.9,918.0,873.0,901.0,0.0,3125.0,1185.0,560.3
KDL,3/6/2026,904.9,918.0,873.0,901.0,0.0,3125.0,1185.0,560.3
KDL,3/7/2026,904.9,918.0,873.0,901.0,0.0,3125.0,1185.0,560.3
KDL,3/8/2026,904.9,918.0,873.0,901.0,0.0,3125.0,1185.0,560.3
KDL,3/9/2026,919.0,919.0,919.0,919.0,2.0,10.0,1185.0,560.3
KDL,3/10/2026,937.3,969.0,925.0,945.0,2.83,28323.0,1185.0,560.3
KDL,3/11/2026,963.9,963.9,930.0,938.9,-0.65,2589.0,1185.0,560.3
KDL,3/12/2026,957.6,957.6,918.0,918.0,-2.23,7186.0,1185.0,560.3
KDL,3/13/2026,957.6,957.6,918.0,918.0,0.0,7186.0,1185.0,560.3
KDL,3/14/2026,957.6,957.6,918.0,918.0,0.0,7186.0,1185.0,560.3
KDL,3/15/2026,936.0,936.0,910.0,917.0,-0.11,3052.0,1185.0,560.3
KDL,3/16/2026,935.0,935.0,890.0,890.0,-2.94,5518.0,1185.0,560.3
KDL,3/17/2026,907.2,907.2,867.8,890.0,0.0,13160.0,1185.0,560.3
KDL,3/18/2026,907.2,907.2,867.8,890.0,0.0,13160.0,1185.0,560.3
KDL,3/19/2026,907.8,907.8,880.2,898.0,0.9,12969.0,1185.0,560.3
KDL,3/20/2026,907.8,907.8,880.2,898.0,0.0,12969.0,1185.0,560.3
KDL,3/21/2026,907.8,907.8,880.2,898.0,0.0,12969.0,1185.0,560.3
KDL,3/22/2026,914.5,925.0,882.2,915.0,1.89,7595.0,1185.0,560.3
KDL,3/23/2026,920.0,933.3,910.0,912.0,-0.33,3905.0,1185.0,560.3
KDL,3/24/2026,897.0,915.0,897.0,900.2,-1.29,8602.0,1185.0,560.3
KDL,3/25/2026,900.0,914.0,895.0,902.0,0.2,3373.0,1185.0,560.3
KDL,3/26/2026,890.2,915.0,890.2,914.0,2.67,3277.0,1185.0,560.3
KDL,3/29/2026,914.0,914.0,889.0,895.0,-2.08,5838.0,1185.0,560.3
KDL,3/30/2026,895.0,911.9,883.9,885.0,-1.12,3150.0,1185.0,560.3
KDL,3/31/2026,885.0,890.0,871.5,885.1,0.01,3146.0,1185.0,560.3
KDL,4/1/2026,872.1,891.2,856.6,861.0,-1.27,5224.0,1185.0,560.3
KDL,4/2/2026,855.0,869.9,840.0,852.0,-0.35,4990.0,1185.0,560.3
KDL,4/5/2026,867.0,867.0,825.2,830.0,-4.27,4253.0,1185.0,560.3
KDL,4/6/2026,829.9,862.9,829.9,837.0,0.86,4511.0,1185.0,560.3
KDL,4/7/2026,843.0,870.0,843.0,859.0,1.9,3030.0,1185.0,560.3
KDL,4/8/2026,843.5,872.4,843.5,871.0,3.26,3113.0,1185.0,560.3
KDL,4/9/2026,887.9,888.0,865.0,876.0,-1.34,2854.0,1185.0,560.3
KDL,4/10/2026,860.1,892.5,860.1,872.0,1.38,2429.0,1185.0,560.3
KDL,4/13/2026,859.0,872.1,859.0,872.1,1.53,2158.0,1185.0,560.3
KDL,4/15/2026,870.0,887.4,870.0,887.3,1.99,2696.0,1185.0,560.3
KDL,4/16/2026,871.1,880.0,870.0,871.0,-0.01,1760.0,1185.0,560.3
KDL,4/17/2026,888.0,888.0,858.6,872.0,-1.8,1395.0,1185.0,560.3
KDL,4/20/2026,870.0,872.0,860.0,862.0,-0.92,750.0,1185.0,560.3
KDL,4/21/2026,860.0,881.0,859.1,863.0,0.35,1841.0,1185.0,560.3
KDL,4/22/2026,851.0,856.5,840.0,850.0,-0.12,4648.0,1185.0,560.3
KDL,4/23/2026,843.0,850.0,840.0,840.0,-0.36,2385.0,1185.0,560.3
KDL,4/24/2026,840.0,850.0,820.5,849.0,1.07,1278.0,1185.0,560.3
KDL,4/27/2026,849.0,870.0,844.0,845.1,-0.46,1188.0,1185.0,560.3
KDL,4/28/2026,845.1,846.0,841.1,841.1,-0.47,1784.0,1185.0,560.3
KDL,4/29/2026,841.1,839.9,815.0,816.0,-2.98,4907.0,1185.0,560.3
KDL,4/30/2026,795.0,820.0,795.0,820.0,3.14,3733.0,1185.0,560.3
KDL,5/4/2026,812.0,830.0,800.0,805.1,-0.85,2259.0,1185.0,560.3
KDL,5/5/2026,806.0,818.0,800.0,808.0,0.25,2266.0,1185.0,560.3
KDL,5/6/2026,785.0,816.5,785.0,803.0,2.29,1230.0,1185.0,560.3
KDL,5/7/2026,826.5,826.5,801.0,814.0,-1.51,1948.0,1185.0,560.3
KDL,5/8/2026,810.0,829.9,808.0,829.9,2.46,1625.0,1185.0,560.3
KDL,5/11/2026,820.0,865.0,819.0,830.1,1.23,3828.0,1185.0,560.3
KDL,5/12/2026,840.0,840.0,815.0,822.0,-2.14,2650.0,1185.0,560.3
KDL,5/13/2026,805.0,818.0,805.0,818.0,1.61,391.0,1185.0,560.3
KDL,5/14/2026,819.0,837.5,814.0,822.0,0.37,1179.0,1185.0,560.3
KDL,5/15/2026,803.0,829.9,803.0,822.0,2.37,1257.0,1185.0,560.3
KDL,5/18/2026,815.0,822.0,812.0,822.0,0.86,770.0,1185.0,560.3
KDL,5/19/2026,810.0,819.9,810.0,818.0,0.99,1262.0,1185.0,560.3
KDL,5/20/2026,811.0,830.0,810.0,824.0,1.6,1315.0,1185.0,560.3
KDL,5/21/2026,823.0,840.0,820.0,833.0,1.22,1855.0,1185.0,560.3
KDL,5/22/2026,833.0,833.0,821.0,826.8,-0.74,1411.0,1185.0,560.3
KDL,5/25/2026,850.0,850.0,812.0,830.1,-2.34,1675.0,1185.0,560.3
KDL,5/26/2026,826.0,840.0,825.1,835.0,1.09,2064.0,1185.0,560.3
KDL,5/27/2026,835.0,839.9,827.1,835.5,0.06,1405.0,1185.0,560.3
KDL,6/1/2026,836.0,836.0,820.1,823.5,-1.5,930.0,1185.0,560.3
KDL,6/2/2026,812.2,829.0,812.2,821.1,1.1,1771.0,1185.0,560.3
KDL,6/3/2026,830.0,839.6,820.1,837.0,0.84,2461.0,1185.0,560.3
KDL,6/4/2026,815.2,835.0,815.2,826.0,1.32,728.0,1185.0,560.3
KDL,6/5/2026,840.0,849.6,815.0,834.0,-0.71,1597.0,1185.0,560.3
KDL,6/8/2026,870.0,870.0,810.0,826.0,-5.06,2812.0,1185.0,560.3
KDL,6/9/2026,840.0,841.0,807.2,828.7,-1.35,1478.0,1185.0,560.3
KDL,6/10/2026,815.0,844.0,815.0,828.0,1.6,455.0,1185.0,560.3
KDL,6/11/2026,869.4,869.4,810.0,830.0,-4.53,5560.0,1185.0,560.3
KDL,6/12/2026,811.5,830.0,811.5,818.1,0.81,991.0,1185.0,560.3
KDL,6/15/2026,820.0,825.0,810.0,817.0,-0.37,2141.0,1185.0,560.3
KDL,6/16/2026,811.0,825.0,811.0,823.5,1.54,1201.0,1185.0,560.3
KDL,6/17/2026,815.0,835.0,811.0,824.7,1.19,1374.0,1185.0,560.3
KDL,6/18/2026,806.1,820.0,806.1,816.1,1.24,160.0,1185.0,560.3
KDL,6/19/2026,816.2,816.2,807.0,814.0,-0.27,1310.0,1185.0,560.3
KDL,6/22/2026,810.1,830.5,809.0,820.0,1.22,2555.0,1185.0,560.3
KDL,6/23/2026,801.4,819.0,801.4,810.0,1.07,452.0,1185.0,560.3
KDL,6/24/2026,801.4,815.0,791.0,799.0,-0.3,2593.0,1185.0,560.3
KDL,6/26/2026,790.0,800.0,780.0,780.0,-1.27,3102.0,1185.0,560.3
KDL,6/29/2026,798.9,798.9,759.0,759.1,-4.98,5386.0,1185.0,560.3
KDL,6/30/2026,763.5,767.9,750.0,750.1,-1.76,2672.0,1185.0,560.3
KDL,7/1/2026,749.1,768.0,748.0,765.0,2.12,1262.0,1185.0,560.3
KDL,7/2/2026,760.0,775.0,760.0,775.0,1.97,1010.0,1185.0,560.3
KDL,7/3/2026,760.1,774.0,760.1,770.0,1.3,1320.0,1185.0,560.3
KDL,7/6/2026,770.0,784.0,757.0,784.0,1.82,1721.0,1185.0,560.3
KDL,7/7/2026,770.1,784.0,770.1,783.0,1.68,938.0,1185.0,560.3
KDL,7/8/2026,770.0,784.6,765.1,784.6,1.9,1761.0,1185.0,560.3
KDL,7/9/2026,794.7,794.7,767.0,774.9,-2.49,585.0,1185.0,560.3
KDL,7/10/2026,771.0,779.9,770.0,775.1,0.53,2429.0,1185.0,560.3
KDL,7/13/2026,776.0,776.0,755.0,755.0,-2.71,1857.0,1185.0,560.3
KDL,7/14/2026,733.0,782.8,730.0,759.0,3.55,2771.0,1185.0,560.3
KDL,7/15/2026,760.0,795.0,760.0,765.1,0.67,812.0,1185.0,560.3
KDL,7/16/2026,760.2,788.0,760.2,784.0,3.13,1487.0,1185.0,560.3
KDL,7/17/2026,795.0,818.8,784.0,816.0,2.64,2593.0,1185.0,560.3
KDL,7/20/2026,816.0,822.0,804.0,822.0,0.74,2426.0,1185.0,560.3
KDL,7/21/2026,824.0,824.0,801.0,816.0,-0.97,2299.0,1185.0,560.3
KDL,7/22/2026,822.0,822.0,800.0,812.0,-1.22,2798.0,1185.0,560.3
KDL,7/23/2026,820.0,820.0,795.0,813.0,-0.85,286.0,1185.0,560.3
KDL,7/24/2026,791.0,824.0,791.0,813.9,2.9,1944.0,1185.0,560.3
KDL,7/27/2026,793.0,802.0,793.0,796.2,0.4,527.0,1185.0,560.3
KDL,7/28/2026,781.2,794.0,780.0,790.0,1.13,1967.0,1185.0,560.3
KDL,7/29/2026,790.0,805.0,780.0,784.0,-0.76,3248.0,1185.0,560.3
KDL,7/30/2026,766.2,785.0,766.2,770.0,0.5,3572.0,1185.0,560.3
KDL,7/31/2026,765.2,785.0,765.2,785.0,2.59,2819.0,1185.0,560.3
KDL,8/3/2026,790.0,812.9,770.0,775.0,-1.9,1312.0,1185.0,560.3
KDL,8/4/2026,753.3,789.8,753.3,785.5,4.27,796.0,1185.0,560.3
KDL,8/5/2026,799.6,799.6,770.0,774.0,-3.2,891.0,1185.0,560.3
KDL,8/6/2026,774.0,792.2,772.0,780.0,0.78,1242.0,1185.0,560.3
KDL,8/7/2026,780.0,780.0,766.2,774.0,-0.77,567.0,1185.0,560.3
KDL,8/10/2026,751.5,780.0,751.5,778.0,3.53,320.0,1185.0,560.3
KDL,8/11/2026,777.0,798.0,768.0,768.0,-1.16,382.0,1185.0,560.3
KDL,8/12/2026,770.0,779.8,769.0,779.8,1.27,572.0,1185.0,560.3
KDL,8/13/2026,799.0,799.0,763.1,775.0,-3.0,225.0,1185.0,560.3
KDL,8/14/2026,775.0,777.0,770.1,770.1,-0.63,336.0,1185.0,560.3
KDL,8/17/2026,775.0,775.0,762.0,773.9,-0.14,2119.0,1185.0,560.3
KDL,8/18/2026,770.0,772.0,764.0,768.0,-0.26,332.0,1185.0,560.3
KDL,8/19/2026,770.0,778.0,767.0,777.0,0.91,535.0,1185.0,560.3
KDL,8/20/2026,766.0,770.0,760.0,764.0,-0.26,895.0,1185.0,560.3
KDL,8/21/2026,764.0,768.0,756.0,763.3,-0.09,1365.0,1185.0,560.3
KDL,8/24/2026,746.0,760.0,746.0,754.0,1.07,1700.0,1185.0,560.3
KDL,8/25/2026,743.6,760.0,743.6,743.6,0.0,2429.0,1185.0,560.3
KDL,8/26/2026,743.6,746.0,730.1,732.0,-1.56,1832.0,1185.0,560.3
KDL,8/27/2026,711.0,740.0,711.0,731.1,2.83,1796.0,1185.0,560.3
KDL,8/31/2026,720.0,729.0,711.1,715.0,-0.69,2197.0,1185.0,560.3
KDL,9/1/2026,710.0,739.9,700.6,720.0,1.41,631.0,1185.0,560.3
KDL,9/2/2026,720.0,730.0,700.0,730.0,1.39,794.0,1185.0,560.3
KDL,9/3/2026,730.0,747.9,730.0,740.0,1.37,420.0,1185.0,560.3
KDL,9/7/2026,730.0,745.0,723.1,727.0,-0.41,3012.0,1185.0,560.3
KDL,9/9/2026,690.7,690.7,618.0,623.2,-9.77,134662.0,1185.0,560.3
KDL,9/10/2026,654.3,656.0,620.0,620.3,-5.2,102845.0,1185.0,560.3
KDL,9/11/2026,620.0,630.3,618.0,621.0,0.16,68220.0,1185.0,560.3
KDL,9/14/2026,621.0,621.0,610.0,616.0,-0.81,50267.0,1185.0,560.3
KDL,9/15/2026,645.0,646.0,616.0,625.0,-3.1,61290.0,1185.0,560.3
KDL,9/16/2026,626.8,626.8,614.1,614.6,-1.95,54477.0,1185.0,560.3
KDL,9/17/2026,620.0,628.0,610.0,614.8,-0.84,43235.0,1185.0,560.3
KDL,9/18/2026,645.5,645.5,612.0,617.6,-4.32,27695.0,1185.0,560.3
KDL,9/22/2026,618.0,621.0,610.3,615.5,-0.4,32593.0,1185.0,560.3
KDL,9/23/2026,615.5,618.0,613.3,614.5,-0.16,37739.0,1185.0,560.3
KDL,9/24/2026,615.0,629.9,614.5,629.8,2.41,60679.0,1185.0,560.3
KDL,9/28/2026,600.0,600.0,582.0,584.6,-2.57,17477.0,1185.0,560.3
KDL,9/29/2026,570.0,584.0,568.0,0.0,-100.0,12190.0,1185.0,560.3
KDL,9/30/2026,567.0,574.9,565.0,565.4,-0.28,14402.0,1185.0,560.3
KDL,10/1/2026,570.0,582.0,560.3,572.9,0.51,15613.0,1185.0,560.3
KDL,10/2/2026,572.0,577.9,565.1,567.0,-0.87,10849.0,1185.0,560.3
KEF,1/26/2026,9.5,9.83,9.2,9.75,,103200.0,11.3,8.31
KEF,1/27/2026,9.94,9.94,9.36,9.74,-0.1,5098.0,11.3,8.31
KEF,1/28/2026,9.93,9.93,9.6,9.7,-0.41,50477.0,11.3,8.31
KEF,1/29/2026,9.89,9.89,9.7,9.89,1.96,274211.0,11.3,8.31
KEF,2/1/2026,9.7,9.75,9.54,9.6,-2.93,13550.0,11.3,8.31
KEF,2/2/2026,9.79,9.79,9.44,9.6,0.0,10790.0,11.3,8.31
KEF,2/3/2026,9.41,9.69,9.41,9.69,0.94,4670.0,11.3,8.31
KEF,2/4/2026,9.5,9.5,9.31,9.34,-3.61,3180.0,11.3,8.31
KEF,2/5/2026,9.16,9.51,9.16,9.37,0.32,3189.0,11.3,8.31
KEF,2/8/2026,9.22,9.55,9.22,9.35,-0.21,8920.0,11.3,8.31
KEF,2/9/2026,9.31,9.5,9.31,9.34,-0.11,3960.0,11.3,8.31
KEF,2/10/2026,9.34,9.58,9.31,9.58,2.57,12610.0,11.3,8.31
KEF,2/11/2026,9.39,9.39,9.2,9.3,-2.92,3710.0,11.3,8.31
KEF,2/12/2026,9.4,9.49,9.31,9.38,0.86,11600.0,11.3,8.31
KEF,2/16/2026,9.3,9.56,9.18,9.56,1.92,5300.0,11.3,8.31
KEF,2/17/2026,9.4,9.56,9.22,9.56,0.0,24965.0,11.3,8.31
KEF,2/22/2026,9.55,9.55,9.36,9.4,-1.67,8450.0,11.3,8.31
KEF,2/23/2026,9.39,9.39,9.1,9.21,-2.02,2700.0,11.3,8.31
KEF,2/24/2026,9.1,9.47,9.05,9.3,0.98,6604.0,11.3,8.31
KEF,2/25/2026,9.13,9.3,9.12,9.26,-0.43,3700.0,11.3,8.31
KEF,2/26/2026,9.14,9.32,9.14,9.3,0.43,4600.0,11.3,8.31
KEF,2/27/2026,9.14,9.32,9.14,9.3,0.0,4600.0,11.3,8.31
KEF,2/28/2026,9.14,9.32,9.14,9.3,0.0,4600.0,11.3,8.31
KEF,3/2/2026,9.3,9.3,9.12,9.18,-1.29,6900.0,11.3,8.31
KEF,3/3/2026,9.05,9.36,9.05,9.36,1.96,10350.0,11.3,8.31
KEF,3/4/2026,9.05,9.36,9.05,9.36,0.0,10350.0,11.3,8.31
KEF,3/5/2026,9.05,9.36,9.05,9.36,0.0,10350.0,11.3,8.31
KEF,3/6/2026,9.05,9.36,9.05,9.36,0.0,10350.0,11.3,8.31
KEF,3/7/2026,9.05,9.36,9.05,9.36,0.0,10350.0,11.3,8.31
KEF,3/8/2026,9.05,9.36,9.05,9.36,0.0,10350.0,11.3,8.31
KEF,3/10/2026,9.18,9.54,9.18,9.53,1.82,14600.0,11.3,8.31
KEF,3/11/2026,9.35,9.72,9.35,9.55,0.21,21710.0,11.3,8.31
KEF,3/12/2026,9.74,9.74,9.36,9.6,0.52,5450.0,11.3,8.31
KEF,3/13/2026,9.74,9.74,9.36,9.6,0.0,5450.0,11.3,8.31
KEF,3/14/2026,9.74,9.74,9.36,9.6,0.0,5450.0,11.3,8.31
KEF,3/15/2026,9.55,9.7,9.51,9.57,-0.31,20350.0,11.3,8.31
KEF,3/16/2026,9.47,9.75,9.45,9.6,0.31,29206.0,11.3,8.31
KEF,3/17/2026,9.46,9.64,9.46,9.6,0.0,4604.0,11.3,8.31
KEF,3/18/2026,9.46,9.64,9.46,9.6,0.0,4604.0,11.3,8.31
KEF,3/19/2026,9.41,9.89,9.41,9.89,3.02,165583.0,11.3,8.31
KEF,3/20/2026,9.41,9.89,9.41,9.89,0.0,165583.0,11.3,8.31
KEF,3/21/2026,9.41,9.89,9.41,9.89,0.0,165583.0,11.3,8.31
KEF,3/22/2026,9.9,9.9,9.7,9.89,0.0,133977.0,11.3,8.31
KEF,3/23/2026,9.71,10.0,9.71,10.0,1.11,47610.0,11.3,8.31
KEF,3/24/2026,10.0,10.02,9.81,10.02,0.2,37401.0,11.3,8.31
KEF,3/25/2026,9.82,10.03,9.82,9.95,-0.7,51320.0,11.3,8.31
KEF,3/26/2026,10.0,10.2,10.0,10.15,1.5,38395.0,11.3,8.31
KEF,3/29/2026,9.98,10.1,9.97,10.0,0.2,27708.0,11.3,8.31
KEF,3/30/2026,9.82,10.0,9.82,9.95,1.32,23000.0,11.3,8.31
KEF,3/31/2026,9.8,9.99,9.76,9.99,1.94,30720.0,11.3,8.31
KEF,4/1/2026,9.85,9.91,9.85,9.88,0.3,18850.0,11.3,8.31
KEF,4/2/2026,9.71,9.78,9.71,9.78,0.72,23550.0,11.3,8.31
KEF,4/5/2026,9.78,10.05,9.67,9.71,-0.72,143628.0,11.3,8.31
KEF,4/6/2026,9.61,10.05,9.61,10.05,4.58,242858.0,11.3,8.31
KEF,4/7/2026,10.05,10.2,10.05,10.09,0.4,114210.0,11.3,8.31
KEF,4/8/2026,10.09,10.6,10.07,10.58,4.86,137800.0,11.3,8.31
KEF,4/9/2026,10.4,10.58,10.2,10.58,1.73,80519.0,11.3,8.31
KEF,4/10/2026,10.37,10.58,10.37,10.48,1.06,46892.0,11.3,8.31
KEF,4/13/2026,10.32,10.93,10.32,10.84,5.04,102355.0,11.3,8.31
KEF,4/15/2026,10.63,10.9,10.51,10.9,2.54,329557.0,11.3,8.31
KEF,4/16/2026,10.69,11.1,10.5,10.9,1.96,156689.0,11.3,8.31
KEF,4/17/2026,10.75,11.0,10.74,10.99,2.23,156855.0,11.3,8.31
KEF,4/20/2026,10.7,10.98,10.7,10.98,2.62,23710.0,11.3,8.31
KEF,4/21/2026,11.3,11.3,10.8,10.86,-3.89,30730.0,11.3,8.31
KEF,4/22/2026,11.1,11.1,10.6,10.63,-4.23,64700.0,11.3,8.31
KEF,4/23/2026,10.4,10.85,10.4,10.8,3.85,23100.0,11.3,8.31
KEF,4/24/2026,10.57,10.88,10.57,10.86,2.74,37450.0,11.3,8.31
KEF,4/27/2026,10.86,10.9,10.7,10.89,0.28,45550.0,11.3,8.31
KEF,4/28/2026,10.89,10.8,10.7,10.79,-0.92,5400.0,11.3,8.31
KEF,4/29/2026,10.79,10.92,10.6,10.64,-1.39,81147.0,11.3,8.31
KEF,4/30/2026,10.6,10.7,10.57,10.57,-0.28,46400.0,11.3,8.31
KEF,5/4/2026,10.59,10.64,10.56,10.57,-0.19,112920.0,11.3,8.31
KEF,5/5/2026,10.46,10.6,10.45,10.58,1.15,16550.0,11.3,8.31
KEF,5/6/2026,10.58,10.6,10.52,10.6,0.19,15100.0,11.3,8.31
KEF,5/7/2026,10.54,10.64,10.54,10.64,0.95,2600.0,11.3,8.31
KEF,5/8/2026,10.46,10.6,10.46,10.52,0.57,54200.0,11.3,8.31
KEF,5/11/2026,10.36,10.8,10.21,10.68,3.09,18285.0,11.3,8.31
KEF,5/12/2026,10.55,10.99,10.55,10.7,1.42,11500.0,11.3,8.31
KEF,5/13/2026,10.6,10.84,10.6,10.84,2.26,3100.0,11.3,8.31
KEF,5/14/2026,10.61,10.8,10.61,10.65,0.38,6100.0,11.3,8.31
KEF,5/15/2026,10.62,10.85,10.62,10.62,0.0,17400.0,11.3,8.31
KEF,5/18/2026,10.62,10.84,10.6,10.83,1.98,31217.0,11.3,8.31
KEF,5/19/2026,10.61,10.66,10.61,10.66,0.47,4373.0,11.3,8.31
KEF,5/20/2026,10.65,10.85,10.65,10.74,0.85,19183.0,11.3,8.31
KEF,5/21/2026,10.72,10.83,10.43,10.68,-0.37,23140.0,11.3,8.31
KEF,5/22/2026,10.67,10.89,10.67,10.75,0.75,11650.0,11.3,8.31
KEF,5/25/2026,10.75,11.0,10.72,11.0,2.33,163100.0,11.3,8.31
KEF,5/26/2026,10.72,11.0,10.72,10.99,2.52,140850.0,11.3,8.31
KEF,5/27/2026,10.98,11.15,10.98,11.0,0.18,263899.0,11.3,8.31
KEF,6/1/2026,10.97,11.0,10.9,10.9,-0.64,818052.0,11.3,8.31
KEF,6/2/2026,10.77,11.0,10.77,10.87,0.93,37030.0,11.3,8.31
KEF,6/3/2026,10.82,11.0,10.82,11.0,1.66,31340.0,11.3,8.31
KEF,6/4/2026,10.83,11.0,10.83,10.91,0.74,10550.0,11.3,8.31
KEF,6/5/2026,10.84,10.91,10.84,10.9,0.55,7000.0,11.3,8.31
KEF,6/8/2026,10.86,10.86,10.86,10.86,0.0,10350.0,11.3,8.31
KEF,6/9/2026,10.84,10.86,10.73,10.75,-0.83,5100.0,11.3,8.31
KEF,6/10/2026,10.74,11.0,10.74,10.79,0.47,39600.0,11.3,8.31
KEF,6/11/2026,10.75,10.8,10.71,10.72,-0.28,9800.0,11.3,8.31
KEF,6/12/2026,10.7,10.85,10.7,10.85,1.4,12400.0,11.3,8.31
KEF,6/15/2026,10.75,10.95,10.75,10.9,1.4,7810.0,11.3,8.31
KEF,6/16/2026,10.84,11.15,10.8,10.8,-0.37,18410.0,11.3,8.31
KEF,6/17/2026,10.74,10.85,10.72,10.85,1.02,3650.0,11.3,8.31
KEF,6/18/2026,11.3,11.3,10.76,11.0,-2.65,22896.0,11.3,8.31
KEF,6/19/2026,10.72,10.75,10.7,10.75,0.28,2600.0,11.3,8.31
KEF,6/22/2026,10.71,10.75,10.46,10.51,-1.87,17500.0,11.3,8.31
KEF,6/23/2026,10.52,10.55,10.27,10.38,-1.33,24400.0,11.3,8.31
KEF,6/24/2026,10.38,10.73,10.38,10.54,1.54,17300.0,11.3,8.31
KEF,6/26/2026,10.4,10.71,10.1,10.71,2.98,149500.0,11.3,8.31
KEF,6/29/2026,10.55,10.79,10.51,10.79,2.27,3050.0,11.3,8.31
KEF,6/30/2026,10.51,10.65,10.51,10.52,0.1,3500.0,11.3,8.31
KEF,7/1/2026,10.52,10.57,10.51,10.56,0.38,17980.0,11.3,8.31
KEF,7/2/2026,10.75,10.76,10.53,10.61,-1.3,2700.0,11.3,8.31
KEF,7/3/2026,10.52,10.82,10.51,10.79,2.57,44852.0,11.3,8.31
KEF,7/6/2026,10.57,10.65,10.57,10.65,0.76,2900.0,11.3,8.31
KEF,7/7/2026,10.5,10.5,10.2,10.3,-1.9,35780.0,11.3,8.31
KEF,7/8/2026,10.29,10.5,10.29,10.33,0.39,16700.0,11.3,8.31
KEF,7/9/2026,10.3,10.4,10.2,10.23,-0.68,62450.0,11.3,8.31
KEF,7/10/2026,10.14,11.16,10.14,11.16,10.06,20500.0,11.3,8.31
KEF,7/13/2026,10.83,10.83,10.2,10.66,-1.57,2408770.0,11.3,8.31
KEF,7/14/2026,10.36,10.5,10.06,10.5,1.35,4100.0,11.3,8.31
KEF,7/15/2026,10.2,10.5,10.2,10.32,1.18,15750.0,11.3,8.31
KEF,7/16/2026,10.02,10.3,10.02,10.16,1.4,2200.0,11.3,8.31
KEF,7/17/2026,10.05,10.55,10.05,10.34,2.89,3500.0,11.3,8.31
KEF,7/20/2026,10.4,10.5,10.4,10.5,0.96,19800.0,11.3,8.31
KEF,7/21/2026,10.3,10.55,10.21,10.4,0.97,14590.0,11.3,8.31
KEF,7/22/2026,10.26,10.71,10.26,10.63,3.61,33350.0,11.3,8.31
KEF,7/23/2026,10.58,10.65,10.38,10.5,-0.76,4200.0,11.3,8.31
KEF,7/24/2026,10.25,10.69,10.25,10.69,4.29,24400.0,11.3,8.31
KEF,7/27/2026,10.4,10.68,10.4,10.68,2.69,8200.0,11.3,8.31
KEF,7/28/2026,10.4,10.6,10.4,10.54,1.35,7000.0,11.3,8.31
KEF,7/29/2026,10.34,10.81,10.31,10.35,0.1,127716.0,11.3,8.31
KEF,7/30/2026,10.11,10.4,10.11,10.28,1.68,2900.0,11.3,8.31
KEF,7/31/2026,10.47,10.47,10.26,10.3,-1.62,21200.0,11.3,8.31
KEF,8/3/2026,10.34,10.7,10.34,10.4,0.58,90450.0,11.3,8.31
KEF,8/4/2026,10.45,10.76,10.45,10.46,0.1,10300.0,11.3,8.31
KEF,8/5/2026,10.46,10.77,10.46,10.51,0.48,2500.0,11.3,8.31
KEF,8/6/2026,10.5,10.59,10.37,10.5,0.0,18171.0,11.3,8.31
KEF,8/7/2026,10.8,11.0,10.5,10.5,-2.78,127690.0,11.3,8.31
KEF,8/10/2026,10.5,10.83,10.5,10.8,2.86,830832.0,11.3,8.31
KEF,8/11/2026,10.61,10.74,10.61,10.74,1.23,6760.0,11.3,8.31
KEF,8/12/2026,10.59,10.85,10.52,10.83,2.27,366136.0,11.3,8.31
KEF,8/13/2026,10.84,10.99,10.79,10.97,1.2,353620.0,11.3,8.31
KEF,8/14/2026,10.9,10.97,10.86,10.9,0.0,43800.0,11.3,8.31
KEF,8/17/2026,10.9,11.05,10.9,11.0,0.92,82123.0,11.3,8.31
KEF,8/18/2026,10.72,11.03,10.72,10.98,2.43,71300.0,11.3,8.31
KEF,8/19/2026,11.23,11.23,10.87,11.0,-2.05,177470.0,11.3,8.31
KEF,8/20/2026,10.67,10.67,10.01,10.01,-6.19,74596.0,11.3,8.31
KEF,8/21/2026,10.0,10.28,9.71,9.71,-2.9,71120.0,11.3,8.31
KEF,8/24/2026,9.7,9.7,9.42,9.7,0.0,11972.0,11.3,8.31
KEF,8/25/2026,9.43,10.0,9.43,10.0,6.04,10300.0,11.3,8.31
KEF,8/26/2026,10.0,10.0,9.41,9.41,-5.9,4394.0,11.3,8.31
KEF,8/27/2026,9.4,9.68,9.35,9.68,2.98,4300.0,11.3,8.31
KEF,8/31/2026,9.8,9.8,9.4,9.5,-3.06,10492.0,11.3,8.31
KEF,9/1/2026,9.39,9.6,9.39,9.5,1.17,300.0,11.3,8.31
KEF,9/2/2026,9.78,9.78,9.7,9.7,-0.82,861.0,11.3,8.31
KEF,9/3/2026,9.5,9.7,9.45,9.7,2.11,8800.0,11.3,8.31
KEF,9/7/2026,9.5,9.75,9.5,9.75,2.63,16476.0,11.3,8.31
KEF,9/9/2026,9.71,9.71,9.49,9.51,-2.06,44850.0,11.3,8.31
KEF,9/10/2026,9.49,9.52,9.3,9.3,-2.0,48100.0,11.3,8.31
KEF,9/11/2026,9.06,9.3,9.06,9.1,0.44,400.0,11.3,8.31
KEF,9/14/2026,9.08,9.37,9.08,9.3,2.42,28500.0,11.3,8.31
KEF,9/15/2026,9.1,9.5,9.1,9.5,4.4,25800.0,11.3,8.31
KEF,9/16/2026,9.22,9.57,9.22,9.5,3.04,2440.0,11.3,8.31
KEF,9/17/2026,9.52,9.52,9.4,9.4,-1.26,2200.0,11.3,8.31
KEF,9/18/2026,9.2,9.52,9.2,9.52,3.48,13800.0,11.3,8.31
KEF,9/22/2026,9.3,9.6,9.3,9.6,3.23,7050.0,11.3,8.31
KEF,9/23/2026,9.43,9.43,9.43,9.43,0.0,3650.0,11.3,8.31
KEF,9/24/2026,9.43,9.71,9.33,9.33,-1.06,16250.0,11.3,8.31
KEF,9/28/2026,9.25,9.57,9.25,9.57,3.46,6600.0,11.3,8.31
KEF,9/29/2026,9.46,9.55,9.46,0.0,-100.0,16600.0,11.3,8.31
KEF,9/30/2026,9.45,9.45,9.21,9.23,-2.33,1150.0,11.3,8.31
KEF,10/1/2026,9.24,9.35,9.24,9.35,1.19,4350.0,11.3,8.31
KEF,10/2/2026,9.35,9.35,9.25,9.25,-1.07,400.0,11.3,8.31
KHPL,5/26/2026,300.0,327.7,300.0,327.7,9.23,40.0,1324.8,300.0
KHPL,5/27/2026,326.7,376.8,326.7,376.8,15.34,60.0,1324.8,300.0
KHPL,6/1/2026,375.3,433.3,375.3,433.3,15.45,150.0,1324.8,300.0
KHPL,6/2/2026,446.2,498.2,446.2,498.2,11.65,130.0,1324.8,300.0
KHPL,6/3/2026,497.1,572.9,497.1,572.9,15.25,200.0,1324.8,300.0
KHPL,6/4/2026,601.5,658.8,601.5,658.8,9.53,170.0,1324.8,300.0
KHPL,6/5/2026,691.7,757.6,691.7,757.6,9.53,440.0,1324.8,300.0
KHPL,6/8/2026,780.3,871.2,780.3,871.2,11.65,990.0,1324.8,300.0
KHPL,6/9/2026,914.7,1001.8,914.7,1001.8,9.52,3380.0,1324.8,300.0
KHPL,6/10/2026,1051.8,1152.0,1051.8,1152.0,9.53,12420.0,1324.8,300.0
KHPL,6/11/2026,1200.0,1324.8,1134.0,1193.2,-0.57,110575.0,1324.8,300.0
KHPL,6/12/2026,1252.8,1252.8,1050.3,1066.0,-14.91,66840.0,1324.8,300.0
KHPL,6/15/2026,1066.0,1166.0,1000.1,1073.0,0.66,36390.0,1324.8,300.0
KHPL,6/16/2026,1041.0,1080.0,1015.4,1035.0,-0.58,33110.0,1324.8,300.0
KHPL,6/17/2026,984.4,1035.0,984.4,1008.0,2.4,31840.0,1324.8,300.0
KHPL,6/18/2026,995.0,1028.9,984.0,1010.0,1.51,26798.0,1324.8,300.0
KHPL,6/19/2026,989.1,1009.0,986.4,998.0,0.9,15157.0,1324.8,300.0
KHPL,6/22/2026,986.2,1014.0,968.2,985.7,-0.05,22983.0,1324.8,300.0
KHPL,6/23/2026,936.5,1010.0,930.1,930.1,-0.68,21145.0,1324.8,300.0
KHPL,6/24/2026,930.0,956.0,855.0,899.9,-3.24,30181.0,1324.8,300.0
KHPL,6/26/2026,950.0,950.0,889.9,914.0,-3.79,14555.0,1324.8,300.0
KHPL,6/29/2026,890.1,892.0,870.0,880.0,-1.13,13740.0,1324.8,300.0
KHPL,6/30/2026,836.0,890.0,836.0,843.1,0.85,12498.0,1324.8,300.0
KHPL,7/1/2026,830.0,889.0,821.0,862.0,3.86,16525.0,1324.8,300.0
KHPL,7/2/2026,866.0,884.0,847.0,862.0,-0.46,12345.0,1324.8,300.0
KHPL,7/3/2026,905.1,905.1,853.7,865.0,-4.43,15475.0,1324.8,300.0
KHPL,7/6/2026,855.0,880.0,841.0,869.9,1.74,13938.0,1324.8,300.0
KHPL,7/7/2026,846.5,889.9,846.5,885.0,4.55,15086.0,1324.8,300.0
KHPL,7/8/2026,880.0,889.0,870.0,889.0,1.02,17680.0,1324.8,300.0
KHPL,7/9/2026,884.0,894.5,870.0,892.9,1.01,10580.0,1324.8,300.0
KHPL,7/10/2026,892.9,904.0,880.0,897.9,0.56,6756.0,1324.8,300.0
KHPL,7/13/2026,896.0,897.0,875.1,885.0,-1.23,14721.0,1324.8,300.0
KHPL,7/14/2026,870.0,905.0,870.0,902.0,3.68,14147.0,1324.8,300.0
KHPL,7/15/2026,902.0,929.9,902.0,925.3,2.58,6883.0,1324.8,300.0
KHPL,7/16/2026,920.0,947.6,901.0,916.0,-0.43,14177.0,1324.8,300.0
KHPL,7/17/2026,920.0,1030.0,920.0,998.0,8.48,24893.0,1324.8,300.0
KHPL,7/20/2026,998.0,1008.0,970.0,999.1,0.11,13133.0,1324.8,300.0
KHPL,7/21/2026,997.0,1017.0,970.0,992.0,-0.5,11513.0,1324.8,300.0
KHPL,7/22/2026,942.4,989.0,942.4,960.0,1.87,5111.0,1324.8,300.0
KHPL,7/23/2026,930.0,999.0,930.0,992.0,6.67,17900.0,1324.8,300.0
KHPL,7/24/2026,990.0,1045.0,965.0,990.0,0.0,31107.0,1324.8,300.0
KHPL,7/27/2026,960.4,989.9,912.0,920.0,-4.21,14408.0,1324.8,300.0
KHPL,7/28/2026,900.0,1041.0,900.0,944.0,4.89,17005.0,1324.8,300.0
KHPL,7/29/2026,930.0,1061.0,898.7,1061.0,14.09,25608.0,1324.8,300.0
KHPL,7/30/2026,1008.0,1008.0,901.9,902.0,-10.52,31485.0,1324.8,300.0
KHPL,7/31/2026,890.0,890.0,849.0,870.0,-2.25,51259.0,1324.8,300.0
KHPL,8/3/2026,870.0,885.0,850.1,860.0,-1.15,10196.0,1324.8,300.0
KHPL,8/4/2026,817.0,875.0,817.0,834.0,2.08,13309.0,1324.8,300.0
KHPL,8/5/2026,826.0,856.0,815.0,843.0,2.06,12729.0,1324.8,300.0
KHPL,8/6/2026,830.4,858.6,818.0,818.0,-1.49,10504.0,1324.8,300.0
KHPL,8/7/2026,810.0,830.0,802.0,816.0,0.74,6987.0,1324.8,300.0
KHPL,8/10/2026,803.0,812.0,800.0,806.2,0.4,8628.0,1324.8,300.0
KHPL,8/11/2026,806.2,820.1,800.0,805.3,-0.11,9077.0,1324.8,300.0
KHPL,8/12/2026,823.7,823.7,800.1,800.1,-2.87,6691.0,1324.8,300.0
KHPL,8/13/2026,772.6,815.0,772.6,808.0,4.58,6003.0,1324.8,300.0
KHPL,8/14/2026,800.0,818.5,800.0,810.0,1.25,4369.0,1324.8,300.0
KHPL,8/17/2026,805.0,805.0,793.0,798.0,-0.87,4629.0,1324.8,300.0
KHPL,8/18/2026,800.0,809.9,778.0,786.1,-1.74,8969.0,1324.8,300.0
KHPL,8/19/2026,788.0,800.0,776.1,785.0,-0.38,6170.0,1324.8,300.0
KHPL,8/20/2026,772.1,786.9,772.1,785.0,1.67,4591.0,1324.8,300.0
KHPL,8/21/2026,795.0,795.0,772.0,773.0,-2.77,5444.0,1324.8,300.0
KHPL,8/24/2026,779.9,779.9,730.0,737.0,-5.5,11826.0,1324.8,300.0
KHPL,8/25/2026,737.0,778.0,730.0,778.0,5.56,9385.0,1324.8,300.0
KHPL,8/26/2026,815.1,815.1,741.0,803.0,-1.48,11605.0,1324.8,300.0
KHPL,8/27/2026,779.0,785.0,744.1,760.0,-2.44,8615.0,1324.8,300.0
KHPL,8/31/2026,750.0,751.0,735.1,741.0,-1.2,3933.0,1324.8,300.0
KHPL,9/1/2026,739.0,763.0,725.1,730.3,-1.18,5561.0,1324.8,300.0
KHPL,9/2/2026,701.0,744.0,701.0,738.0,5.28,4756.0,1324.8,300.0
KHPL,9/3/2026,738.0,750.5,730.0,740.1,0.28,6607.0,1324.8,300.0
KHPL,9/7/2026,735.0,749.0,735.0,740.0,0.68,2771.0,1324.8,300.0
KHPL,9/9/2026,740.0,755.0,737.0,754.0,1.89,4842.0,1324.8,300.0
KHPL,9/10/2026,716.3,755.0,716.3,749.0,4.57,2690.0,1324.8,300.0
KHPL,9/11/2026,737.1,753.9,737.0,750.0,1.75,4001.0,1324.8,300.0
KHPL,9/14/2026,746.0,765.0,743.0,755.0,1.21,11583.0,1324.8,300.0
KHPL,9/15/2026,792.0,792.0,755.0,768.7,-2.94,16750.0,1324.8,300.0
KHPL,9/16/2026,751.0,765.0,751.0,754.0,0.4,2441.0,1324.8,300.0
KHPL,9/17/2026,770.0,770.0,754.1,763.0,-0.91,5104.0,1324.8,300.0
KHPL,9/18/2026,740.2,763.0,735.0,754.0,1.86,4759.0,1324.8,300.0
KHPL,9/22/2026,735.0,761.0,735.0,736.5,0.2,7031.0,1324.8,300.0
KHPL,9/23/2026,740.0,740.0,715.0,715.0,-3.38,7754.0,1324.8,300.0
KHPL,9/24/2026,715.0,728.9,709.0,716.7,0.24,6799.0,1324.8,300.0
KHPL,9/28/2026,717.0,717.0,692.6,693.1,-3.33,9183.0,1324.8,300.0
KHPL,9/29/2026,693.0,693.0,676.0,0.0,-100.0,3808.0,1324.8,300.0
KHPL,9/30/2026,678.5,679.0,655.0,661.0,-2.58,5116.0,1324.8,300.0
KHPL,10/1/2026,662.3,679.8,659.0,669.0,1.01,3020.0,1324.8,300.0
KHPL,10/2/2026,662.0,665.0,650.0,651.0,-1.66,3826.0,1324.8,300.0
KKHC,1/26/2017,214.0,222.0,202.0,220.0,,2348.0,362.0,208.0
KKHC,1/30/2017,220.0,216.0,208.0,208.0,-5.45,560.0,362.0,208.0
KKHC,1/31/2017,208.0,218.0,204.0,214.0,2.88,356.0,362.0,208.0
KKHC,2/1/2017,214.0,227.0,210.0,223.0,4.21,1996.0,362.0,208.0
KKHC,2/2/2017,223.0,225.0,215.0,220.0,-1.35,3092.0,362.0,208.0
KKHC,2/5/2017,220.0,220.0,213.0,214.0,-2.73,1358.0,362.0,208.0
KKHC,2/6/2017,214.0,216.0,208.0,213.0,-0.47,890.0,362.0,208.0
KKHC,2/7/2017,213.0,210.0,202.0,209.0,-1.88,1627.0,362.0,208.0
KKHC,2/8/2017,209.0,211.0,206.0,210.0,0.48,1766.0,362.0,208.0
KKHC,2/9/2017,210.0,211.0,202.0,208.0,-0.95,1154.0,362.0,208.0
KKHC,2/12/2017,208.0,212.0,202.0,202.0,-2.88,580.0,362.0,208.0
KKHC,2/13/2017,202.0,206.0,199.0,203.0,0.5,1420.0,362.0,208.0
KKHC,2/14/2017,203.0,206.0,200.0,200.0,-1.48,1334.0,362.0,208.0
KKHC,2/15/2017,200.0,205.0,200.0,203.0,1.5,1630.0,362.0,208.0
KKHC,2/16/2017,203.0,223.0,200.0,209.0,2.96,2553.0,362.0,208.0
KKHC,2/19/2017,209.0,222.0,204.0,210.0,0.48,684.0,362.0,208.0
KKHC,2/20/2017,210.0,218.0,203.0,207.0,-1.43,1308.0,362.0,208.0
KKHC,2/21/2017,207.0,214.0,207.0,208.0,0.48,948.0,362.0,208.0
KKHC,2/22/2017,208.0,210.0,208.0,209.0,0.48,552.0,362.0,208.0
KKHC,2/23/2017,209.0,215.0,209.0,215.0,2.87,526.0,362.0,208.0
KKHC,2/26/2017,215.0,217.0,211.0,212.0,-1.4,694.0,362.0,208.0
KKHC,2/28/2017,212.0,218.0,206.0,212.0,0.0,835.0,362.0,208.0
KKHC,3/1/2017,212.0,210.0,200.0,210.0,-0.94,236.0,362.0,208.0
KKHC,3/2/2017,210.0,218.0,209.0,212.0,0.95,1527.0,362.0,208.0
KKHC,3/5/2017,212.0,216.0,208.0,216.0,1.89,456.0,362.0,208.0
KKHC,3/6/2017,216.0,216.0,213.0,214.0,-0.93,430.0,362.0,208.0
KKHC,3/7/2017,214.0,215.0,211.0,215.0,0.47,448.0,362.0,208.0
KKHC,3/9/2017,215.0,216.0,211.0,215.0,0.0,886.0,362.0,208.0
KKHC,3/13/2017,215.0,221.0,211.0,221.0,2.79,898.0,362.0,208.0
KKHC,3/14/2017,221.0,227.0,220.0,227.0,2.71,2036.0,362.0,208.0
KKHC,3/15/2017,227.0,238.0,221.0,238.0,4.85,1103.0,362.0,208.0
KKHC,3/16/2017,238.0,246.0,234.0,243.0,2.1,838.0,362.0,208.0
KKHC,3/19/2017,243.0,241.0,235.0,235.0,-3.29,878.0,362.0,208.0
KKHC,3/20/2017,235.0,236.0,232.0,233.0,-0.85,182.0,362.0,208.0
KKHC,3/21/2017,233.0,237.0,221.0,230.0,-1.29,540.0,362.0,208.0
KKHC,3/22/2017,230.0,238.0,226.0,236.0,2.61,1362.0,362.0,208.0
KKHC,3/23/2017,236.0,235.0,228.0,234.0,-0.85,696.0,362.0,208.0
KKHC,3/26/2017,234.0,245.0,235.0,245.0,4.7,2468.0,362.0,208.0
KKHC,3/28/2017,245.0,250.0,241.0,250.0,2.04,624.0,362.0,208.0
KKHC,3/29/2017,250.0,260.0,240.0,240.0,-4.0,1194.0,362.0,208.0
KKHC,3/30/2017,240.0,240.0,227.0,230.0,-4.17,1206.0,362.0,208.0
KKHC,4/2/2017,230.0,230.0,226.0,230.0,0.0,50.0,362.0,208.0
KKHC,4/3/2017,230.0,239.0,231.0,238.0,3.48,466.0,362.0,208.0
KKHC,4/4/2017,238.0,239.0,225.0,227.0,-4.62,918.0,362.0,208.0
KKHC,4/6/2017,227.0,231.0,223.0,230.0,1.32,530.0,362.0,208.0
KKHC,4/9/2017,230.0,234.0,226.0,228.0,-0.87,736.0,362.0,208.0
KKHC,4/10/2017,228.0,238.0,224.0,238.0,4.39,778.0,362.0,208.0
KKHC,4/11/2017,238.0,235.0,228.0,229.0,-3.78,226.0,362.0,208.0
KKHC,4/12/2017,229.0,240.0,225.0,240.0,4.8,574.0,362.0,208.0
KKHC,4/13/2017,240.0,240.0,232.0,236.0,-1.67,846.0,362.0,208.0
KKHC,4/16/2017,236.0,236.0,230.0,231.0,-2.12,576.0,362.0,208.0
KKHC,4/18/2017,231.0,231.0,223.0,231.0,0.0,240.0,362.0,208.0
KKHC,4/19/2017,231.0,230.0,224.0,230.0,-0.43,278.0,362.0,208.0
KKHC,4/20/2017,230.0,235.0,226.0,230.0,0.0,1598.0,362.0,208.0
KKHC,4/23/2017,230.0,226.0,219.0,223.0,-3.04,388.0,362.0,208.0
KKHC,4/24/2017,223.0,224.0,220.0,221.0,-0.9,3764.0,362.0,208.0
KKHC,4/25/2017,221.0,229.0,222.0,226.0,2.26,762.0,362.0,208.0
KKHC,4/26/2017,226.0,228.0,225.0,225.0,-0.44,660.0,362.0,208.0
KKHC,4/27/2017,225.0,229.0,215.0,229.0,1.78,872.0,362.0,208.0
KKHC,4/30/2017,229.0,233.0,213.0,217.0,-5.24,614.0,362.0,208.0
KKHC,5/2/2017,217.0,226.0,217.0,222.0,2.3,1253.0,362.0,208.0
KKHC,5/3/2017,222.0,226.0,223.0,223.0,0.45,352.0,362.0,208.0
KKHC,5/4/2017,223.0,225.0,220.0,223.0,0.0,497.0,362.0,208.0
KKHC,5/7/2017,223.0,225.0,220.0,221.0,-0.9,376.0,362.0,208.0
KKHC,5/8/2017,221.0,222.0,216.0,216.0,-2.26,2604.0,362.0,208.0
KKHC,5/9/2017,216.0,228.0,215.0,228.0,5.56,1915.0,362.0,208.0
KKHC,5/11/2017,228.0,250.0,230.0,245.0,7.46,2867.0,362.0,208.0
KKHC,5/15/2017,245.0,255.0,248.0,250.0,2.04,2565.0,362.0,208.0
KKHC,5/16/2017,250.0,247.0,242.0,242.0,-3.2,1630.0,362.0,208.0
KKHC,5/17/2017,242.0,243.0,238.0,238.0,-1.65,837.0,362.0,208.0
KKHC,5/18/2017,238.0,244.0,235.0,235.0,-1.26,748.0,362.0,208.0
KKHC,5/21/2017,235.0,237.0,232.0,233.0,-0.85,505.0,362.0,208.0
KKHC,5/22/2017,233.0,233.0,221.0,228.0,-2.15,314.0,362.0,208.0
KKHC,5/23/2017,228.0,233.0,225.0,231.0,1.32,196.0,362.0,208.0
KKHC,5/24/2017,231.0,232.0,227.0,230.0,-0.43,506.0,362.0,208.0
KKHC,5/28/2017,230.0,229.0,220.0,227.0,-1.3,697.0,362.0,208.0
KKHC,5/30/2017,227.0,230.0,220.0,220.0,-3.08,746.0,362.0,208.0
KKHC,5/31/2017,220.0,226.0,216.0,222.0,0.91,750.0,362.0,208.0
KKHC,6/1/2017,222.0,226.0,222.0,225.0,1.35,412.0,362.0,208.0
KKHC,6/4/2017,225.0,227.0,218.0,221.0,-1.78,452.0,362.0,208.0
KKHC,6/5/2017,221.0,225.0,218.0,225.0,1.81,526.0,362.0,208.0
KKHC,6/6/2017,225.0,232.0,221.0,230.0,2.22,780.0,362.0,208.0
KKHC,6/7/2017,230.0,226.0,218.0,226.0,-1.74,648.0,362.0,208.0
KKHC,6/8/2017,226.0,227.0,220.0,223.0,-1.33,664.0,362.0,208.0
KKHC,6/11/2017,223.0,224.0,214.0,223.0,0.0,944.0,362.0,208.0
KKHC,6/12/2017,223.0,226.0,219.0,220.0,-1.35,431.0,362.0,208.0
KKHC,6/13/2017,220.0,225.0,212.0,218.0,-0.91,1235.0,362.0,208.0
KKHC,6/14/2017,218.0,222.0,214.0,216.0,-0.92,720.0,362.0,208.0
KKHC,6/15/2017,216.0,218.0,213.0,218.0,0.93,836.0,362.0,208.0
KKHC,6/18/2017,218.0,220.0,210.0,210.0,-3.67,524.0,362.0,208.0
KKHC,6/19/2017,210.0,214.0,207.0,211.0,0.48,462.0,362.0,208.0
KKHC,6/20/2017,211.0,212.0,209.0,212.0,0.47,90.0,362.0,208.0
KKHC,6/21/2017,212.0,213.0,206.0,211.0,-0.47,502.0,362.0,208.0
KKHC,6/22/2017,211.0,212.0,205.0,208.0,-1.42,509.0,362.0,208.0
KKHC,6/25/2017,208.0,210.0,209.0,209.0,0.48,152.0,362.0,208.0
KKHC,6/27/2017,209.0,220.0,207.0,208.0,-0.48,496.0,362.0,208.0
KKHC,6/28/2017,208.0,217.0,205.0,207.0,-0.48,401.0,362.0,208.0
KKHC,7/2/2017,207.0,209.0,202.0,204.0,-1.45,554.0,362.0,208.0
KKHC,7/3/2017,204.0,208.0,205.0,205.0,0.49,254.0,362.0,208.0
KKHC,7/4/2017,205.0,208.0,205.0,206.0,0.49,503.0,362.0,208.0
KKHC,7/5/2017,206.0,205.0,200.0,205.0,-0.49,324.0,362.0,208.0
KKHC,7/6/2017,205.0,206.0,203.0,205.0,0.0,66.0,362.0,208.0
KKHC,7/9/2017,205.0,207.0,202.0,205.0,0.0,214.0,362.0,208.0
KKHC,7/10/2017,205.0,211.0,206.0,211.0,2.93,168.0,362.0,208.0
KKHC,7/11/2017,211.0,210.0,208.0,208.0,-1.42,174.0,362.0,208.0
KKHC,7/12/2017,208.0,208.0,203.0,208.0,0.0,1446.0,362.0,208.0
KKHC,7/13/2017,208.0,214.0,200.0,208.0,0.0,580.0,362.0,208.0
KKHC,7/16/2017,208.0,206.0,201.0,206.0,-0.96,394.0,362.0,208.0
KKHC,7/17/2017,206.0,210.0,198.0,210.0,1.94,682.0,362.0,208.0
KKHC,7/18/2017,210.0,210.0,202.0,210.0,0.0,374.0,362.0,208.0
KKHC,7/19/2017,210.0,212.0,202.0,206.0,-1.9,624.0,362.0,208.0
KKHC,7/20/2017,206.0,208.0,200.0,201.0,-2.43,1492.0,362.0,208.0
KKHC,7/23/2017,201.0,205.0,200.0,203.0,1.0,434.0,362.0,208.0
KKHC,7/24/2017,203.0,206.0,200.0,206.0,1.48,708.0,362.0,208.0
KKHC,7/25/2017,206.0,206.0,203.0,206.0,0.0,680.0,362.0,208.0
KKHC,7/26/2017,206.0,209.0,200.0,202.0,-1.94,526.0,362.0,208.0
KKHC,7/27/2017,202.0,206.0,200.0,202.0,0.0,403.0,362.0,208.0
KKHC,7/30/2017,202.0,205.0,195.0,201.0,-0.5,870.0,362.0,208.0
KKHC,7/31/2017,201.0,209.0,197.0,209.0,3.98,653.0,362.0,208.0
KKHC,8/1/2017,209.0,212.0,201.0,205.0,-1.91,380.0,362.0,208.0
KKHC,8/2/2017,205.0,204.0,200.0,204.0,-0.49,938.0,362.0,208.0
KKHC,8/3/2017,204.0,208.0,200.0,204.0,0.0,574.0,362.0,208.0
KKHC,8/6/2017,204.0,205.0,196.0,198.0,-2.94,592.0,362.0,208.0
KKHC,8/7/2017,198.0,199.0,194.0,195.0,-1.52,2294.0,362.0,208.0
KKHC,8/9/2017,195.0,200.0,187.0,200.0,2.56,3283.0,362.0,208.0
KKHC,8/10/2017,200.0,198.0,193.0,197.0,-1.5,497.0,362.0,208.0
KKHC,8/13/2017,197.0,195.0,186.0,195.0,-1.02,880.0,362.0,208.0
KKHC,8/15/2017,195.0,194.0,188.0,190.0,-2.56,437.0,362.0,208.0
KKHC,8/16/2017,190.0,195.0,188.0,192.0,1.05,610.0,362.0,208.0
KKHC,8/17/2017,192.0,192.0,186.0,186.0,-3.12,2774.0,362.0,208.0
KKHC,8/20/2017,186.0,185.0,181.0,183.0,-1.61,588.0,362.0,208.0
KKHC,8/21/2017,183.0,183.0,180.0,180.0,-1.64,250.0,362.0,208.0
KKHC,8/22/2017,180.0,182.0,177.0,180.0,0.0,2129.0,362.0,208.0
KKHC,8/23/2017,180.0,179.0,173.0,179.0,-0.56,484.0,362.0,208.0
KKHC,8/24/2017,179.0,186.0,177.0,185.0,3.35,523.0,362.0,208.0
KKHC,8/27/2017,185.0,182.0,179.0,181.0,-2.16,364.0,362.0,208.0
KKHC,8/28/2017,181.0,182.0,178.0,181.0,0.0,506.0,362.0,208.0
KKHC,8/30/2017,181.0,183.0,176.0,182.0,0.55,222.0,362.0,208.0
KKHC,8/31/2017,182.0,181.0,173.0,176.0,-3.3,651.0,362.0,208.0
KKHC,9/4/2017,176.0,175.0,160.0,165.0,-6.25,2628.0,362.0,208.0
KKHC,9/6/2017,165.0,167.0,159.0,167.0,1.21,3710.0,362.0,208.0
KKHC,9/7/2017,167.0,165.0,159.0,161.0,-3.59,722.0,362.0,208.0
KKHC,9/10/2017,161.0,160.0,157.0,160.0,-0.62,924.0,362.0,208.0
KKHC,9/11/2017,160.0,159.0,157.0,157.0,-1.88,312.0,362.0,208.0
KKHC,9/12/2017,157.0,160.0,152.0,155.0,-1.27,508.0,362.0,208.0
KKHC,9/13/2017,155.0,160.0,153.0,158.0,1.94,466.0,362.0,208.0
KKHC,9/14/2017,158.0,159.0,154.0,154.0,-2.53,640.0,362.0,208.0
KKHC,9/17/2017,154.0,154.0,151.0,151.0,-1.95,362.0,362.0,208.0
KKHC,9/18/2017,151.0,153.0,149.0,151.0,0.0,606.0,362.0,208.0
KKHC,9/20/2017,151.0,152.0,150.0,151.0,0.0,158.0,362.0,208.0
KKHC,9/24/2017,151.0,161.0,150.0,159.0,5.3,1493.0,362.0,208.0
KKHC,9/25/2017,159.0,167.0,156.0,162.0,1.89,444.0,362.0,208.0
KKHC,9/26/2017,162.0,165.0,161.0,164.0,1.23,364.0,362.0,208.0
KKHC,10/3/2017,164.0,166.0,165.0,165.0,0.61,36.0,362.0,208.0
KKHC,10/4/2017,165.0,168.0,162.0,168.0,1.82,62.0,362.0,208.0
KKHC,10/8/2017,168.0,166.0,163.0,164.0,-2.38,206.0,362.0,208.0
KKHC,10/9/2017,164.0,165.0,164.0,165.0,0.61,162.0,362.0,208.0
KKHC,10/10/2017,165.0,165.0,160.0,165.0,0.0,226.0,362.0,208.0
KKHC,10/11/2017,165.0,165.0,156.0,156.0,-5.45,164.0,362.0,208.0
KKHC,10/12/2017,156.0,156.0,151.0,156.0,0.0,222.0,362.0,208.0
KKHC,10/15/2017,156.0,158.0,155.0,156.0,0.0,74.0,362.0,208.0
KKHC,10/16/2017,156.0,161.0,156.0,158.0,1.28,138.0,362.0,208.0
KKHC,10/17/2017,158.0,158.0,156.0,158.0,0.0,104.0,362.0,208.0
KKHC,10/18/2017,158.0,159.0,156.0,159.0,0.63,142.0,362.0,208.0
KKHC,10/22/2017,159.0,163.0,160.0,160.0,0.63,174.0,362.0,208.0
KKHC,10/23/2017,160.0,163.0,160.0,163.0,1.88,432.0,362.0,208.0
KKHC,10/24/2017,163.0,172.0,165.0,172.0,5.52,1409.0,362.0,208.0
KKHC,10/25/2017,172.0,172.0,170.0,172.0,0.0,90.0,362.0,208.0
KKHC,10/29/2017,172.0,170.0,167.0,167.0,-2.91,184.0,362.0,208.0
KKHC,10/30/2017,167.0,167.0,167.0,167.0,0.0,70.0,362.0,208.0
KKHC,10/31/2017,167.0,168.0,161.0,161.0,-3.59,154.0,362.0,208.0
KKHC,11/1/2017,161.0,165.0,158.0,165.0,2.48,206.0,362.0,208.0
KKHC,11/2/2017,165.0,162.0,155.0,160.0,-3.03,338.0,362.0,208.0
KKHC,11/5/2017,160.0,165.0,157.0,157.0,-1.88,288.0,362.0,208.0
KKHC,11/6/2017,157.0,163.0,160.0,163.0,3.82,338.0,362.0,208.0
KKHC,11/7/2017,163.0,166.0,160.0,160.0,-1.84,354.0,362.0,208.0
KKHC,11/8/2017,160.0,160.0,158.0,160.0,0.0,188.0,362.0,208.0
KKHC,11/9/2017,160.0,158.0,153.0,158.0,-1.25,326.0,362.0,208.0
KKHC,11/12/2017,158.0,156.0,156.0,156.0,-1.27,48.0,362.0,208.0
KKHC,11/13/2017,156.0,165.0,154.0,165.0,5.77,278.0,362.0,208.0
KKHC,11/14/2017,165.0,166.0,165.0,166.0,0.61,220.0,362.0,208.0
KKHC,11/15/2017,166.0,165.0,160.0,160.0,-3.61,540.0,362.0,208.0
KKHC,11/16/2017,160.0,161.0,158.0,160.0,0.0,222.0,362.0,208.0
KKHC,11/20/2017,160.0,157.0,154.0,155.0,-3.12,124.0,362.0,208.0
KKHC,11/21/2017,155.0,152.0,148.0,151.0,-2.58,742.0,362.0,208.0
KKHC,11/22/2017,151.0,154.0,150.0,150.0,-0.66,718.0,362.0,208.0
KKHC,11/23/2017,150.0,153.0,149.0,150.0,0.0,348.0,362.0,208.0
KKHC,11/26/2017,150.0,153.0,147.0,151.0,0.67,388.0,362.0,208.0
KKHC,11/27/2017,151.0,155.0,149.0,153.0,1.32,154.0,362.0,208.0
KKHC,11/28/2017,153.0,160.0,153.0,157.0,2.61,1130.0,362.0,208.0
KKHC,11/29/2017,157.0,161.0,155.0,160.0,1.91,284.0,362.0,208.0
KKHC,11/30/2017,160.0,162.0,159.0,160.0,0.0,260.0,362.0,208.0
KKHC,12/4/2017,160.0,160.0,155.0,157.0,-1.88,278.0,362.0,208.0
KKHC,12/5/2017,157.0,158.0,155.0,157.0,0.0,192.0,362.0,208.0
KKHC,12/6/2017,157.0,163.0,154.0,163.0,3.82,318.0,362.0,208.0
KKHC,12/10/2017,163.0,161.0,157.0,157.0,-3.68,3781.0,362.0,208.0
KKHC,12/11/2017,157.0,155.0,153.0,155.0,-1.27,232.0,362.0,208.0
KKHC,12/12/2017,155.0,163.0,152.0,163.0,5.16,608.0,362.0,208.0
KKHC,12/13/2017,163.0,160.0,157.0,157.0,-3.68,44.0,362.0,208.0
KKHC,12/14/2017,157.0,159.0,154.0,156.0,-0.64,234.0,362.0,208.0
KKHC,12/17/2017,156.0,160.0,153.0,157.0,0.64,170.0,362.0,208.0
KKHC,12/18/2017,157.0,159.0,154.0,155.0,-1.27,332.0,362.0,208.0
KKHC,12/19/2017,155.0,155.0,150.0,150.0,-3.23,772.0,362.0,208.0
KKHC,12/20/2017,150.0,154.0,150.0,153.0,2.0,190.0,362.0,208.0
KKHC,12/21/2017,153.0,156.0,150.0,153.0,0.0,406.0,362.0,208.0
KKHC,12/24/2017,153.0,155.0,151.0,152.0,-0.65,236.0,362.0,208.0
KKHC,12/26/2017,152.0,152.0,147.0,147.0,-3.29,774.0,362.0,208.0
KKHC,12/27/2017,147.0,146.0,143.0,145.0,-1.36,142.0,362.0,208.0
KKHC,12/28/2017,145.0,147.0,143.0,144.0,-0.69,372.0,362.0,208.0
KKHC,12/31/2017,144.0,150.0,145.0,146.0,1.39,442.0,362.0,208.0
KKHC,1/1/2018,146.0,153.0,144.0,153.0,4.79,118.0,362.0,208.0
KKHC,1/2/2018,153.0,159.0,153.0,159.0,3.92,528.0,362.0,208.0
KKHC,1/3/2018,159.0,159.0,147.0,150.0,-5.66,334.0,362.0,208.0
KKHC,1/4/2018,150.0,153.0,146.0,153.0,2.0,430.0,362.0,208.0
KKHC,1/7/2018,153.0,153.0,150.0,153.0,0.0,114.0,362.0,208.0
KKHC,1/8/2018,153.0,154.0,151.0,151.0,-1.31,578.0,362.0,208.0
KKHC,1/9/2018,151.0,153.0,148.0,152.0,0.66,296.0,362.0,208.0
KKHC,1/10/2018,152.0,153.0,149.0,152.0,0.0,414.0,362.0,208.0
KKHC,1/14/2018,152.0,149.0,145.0,148.0,-2.63,100.0,362.0,208.0
KKHC,1/16/2018,148.0,148.0,146.0,146.0,-1.35,522.0,362.0,208.0
KKHC,1/17/2018,146.0,145.0,141.0,145.0,-0.68,70.0,362.0,208.0
KKHC,1/21/2018,145.0,146.0,143.0,144.0,-0.69,364.0,362.0,208.0
KKHC,1/22/2018,144.0,145.0,143.0,145.0,0.69,528.0,362.0,208.0
KKHC,1/23/2018,145.0,144.0,143.0,144.0,-0.69,162.0,362.0,208.0
KKHC,1/24/2018,144.0,150.0,142.0,147.0,2.08,2252.0,362.0,208.0
KKHC,1/25/2018,147.0,147.0,143.0,147.0,0.0,188.0,362.0,208.0
KKHC,1/28/2018,147.0,149.0,147.0,148.0,0.68,647.0,362.0,208.0
KKHC,1/29/2018,148.0,146.0,141.0,143.0,-3.38,474.0,362.0,208.0
KKHC,1/31/2018,143.0,146.0,142.0,146.0,2.1,244.0,362.0,208.0
KKHC,2/1/2018,146.0,150.0,145.0,148.0,1.37,936.0,362.0,208.0
KKHC,2/4/2018,148.0,146.0,144.0,146.0,-1.35,161.0,362.0,208.0
KKHC,2/5/2018,146.0,145.0,144.0,145.0,-0.68,36.0,362.0,208.0
KKHC,2/6/2018,145.0,145.0,141.0,141.0,-2.76,618.0,362.0,208.0
KKHC,2/7/2018,141.0,144.0,142.0,144.0,2.13,80.0,362.0,208.0
KKHC,2/8/2018,144.0,147.0,144.0,145.0,0.69,937.0,362.0,208.0
KKHC,2/11/2018,145.0,148.0,143.0,148.0,2.07,144.0,362.0,208.0
KKHC,2/12/2018,148.0,146.0,144.0,144.0,-2.7,186.0,362.0,208.0
KKHC,2/14/2018,144.0,146.0,143.0,143.0,-0.69,138.0,362.0,208.0
KKHC,2/15/2018,143.0,143.0,142.0,143.0,0.0,138.0,362.0,208.0
KKHC,2/18/2018,143.0,143.0,139.0,141.0,-1.4,220.0,362.0,208.0
KKHC,2/20/2018,141.0,141.0,140.0,140.0,-0.71,104.0,362.0,208.0
KKHC,2/21/2018,139.0,140.0,138.0,138.0,-1.43,344.0,362.0,208.0
KKHC,2/22/2018,137.0,139.0,136.0,136.0,-1.45,379.0,362.0,208.0
KKHC,2/25/2018,134.0,136.0,133.0,133.0,-2.21,378.0,362.0,208.0
KKHC,2/26/2018,131.0,133.0,131.0,132.0,-0.75,94.0,362.0,208.0
KKHC,2/27/2018,132.0,133.0,132.0,133.0,0.76,208.0,362.0,208.0
KKHC,2/28/2018,133.0,133.0,131.0,131.0,-1.5,172.0,362.0,208.0
KKHC,3/4/2018,130.0,130.0,129.0,129.0,-1.53,52.0,362.0,208.0
KKHC,3/5/2018,128.0,128.0,127.0,127.0,-1.55,58.0,362.0,208.0
KKHC,3/6/2018,126.0,128.0,126.0,127.0,0.0,164.0,362.0,208.0
KKHC,3/7/2018,127.0,134.0,127.0,133.0,4.72,164.0,362.0,208.0
KKHC,3/11/2018,131.0,136.0,131.0,136.0,2.26,276.0,362.0,208.0
KKHC,3/12/2018,135.0,136.0,134.0,135.0,-0.74,218.0,362.0,208.0
KKHC,3/13/2018,135.0,137.0,135.0,137.0,1.48,78.0,362.0,208.0
KKHC,3/14/2018,137.0,137.0,137.0,137.0,0.0,20.0,362.0,208.0
KKHC,3/15/2018,135.0,135.0,135.0,135.0,-1.46,32.0,362.0,208.0
KKHC,3/18/2018,135.0,135.0,133.0,135.0,0.0,94.0,362.0,208.0
KKHC,3/19/2018,133.0,134.0,133.0,134.0,-0.74,110.0,362.0,208.0
KKHC,3/20/2018,135.0,135.0,131.0,133.0,-0.75,252.0,362.0,208.0
KKHC,3/21/2018,131.0,133.0,131.0,131.0,-1.5,91.0,362.0,208.0
KKHC,3/22/2018,130.0,131.0,130.0,131.0,0.0,82.0,362.0,208.0
KKHC,3/26/2018,129.0,129.0,124.0,125.0,-4.58,662.0,362.0,208.0
KKHC,3/27/2018,123.0,125.0,121.0,123.0,-1.6,184.0,362.0,208.0
KKHC,3/28/2018,123.0,125.0,123.0,123.0,0.0,46.0,362.0,208.0
KKHC,3/29/2018,125.0,125.0,125.0,125.0,1.63,16.0,362.0,208.0
KKHC,4/1/2018,126.0,130.0,124.0,127.0,1.6,461.0,362.0,208.0
KKHC,4/2/2018,129.0,131.0,127.0,130.0,2.36,418.0,362.0,208.0
KKHC,4/3/2018,130.0,130.0,128.0,130.0,0.0,107.0,362.0,208.0
KKHC,4/4/2018,128.0,128.0,128.0,128.0,-1.54,10.0,362.0,208.0
KKHC,4/5/2018,130.0,134.0,130.0,134.0,4.69,118.0,362.0,208.0
KKHC,4/9/2018,133.0,136.0,132.0,135.0,0.75,129.0,362.0,208.0
KKHC,4/10/2018,133.0,133.0,131.0,131.0,-2.96,510.0,362.0,208.0
KKHC,4/11/2018,129.0,131.0,128.0,129.0,-1.53,178.0,362.0,208.0
KKHC,4/12/2018,129.0,129.0,125.0,128.0,-0.78,124.0,362.0,208.0
KKHC,4/15/2018,126.0,128.0,126.0,128.0,0.0,58.0,362.0,208.0
KKHC,4/16/2018,126.0,127.0,126.0,127.0,-0.78,124.0,362.0,208.0
KKHC,4/17/2018,127.0,127.0,126.0,126.0,-0.79,36.0,362.0,208.0
KKHC,4/18/2018,128.0,130.0,128.0,130.0,3.17,180.0,362.0,208.0
KKHC,4/19/2018,132.0,143.0,130.0,141.0,8.46,1022.0,362.0,208.0
KKHC,4/22/2018,140.0,142.0,140.0,142.0,0.71,442.0,362.0,208.0
KKHC,4/23/2018,142.0,144.0,140.0,140.0,-1.41,830.0,362.0,208.0
KKHC,4/24/2018,138.0,138.0,135.0,135.0,-3.57,90.0,362.0,208.0
KKHC,4/25/2018,133.0,137.0,133.0,135.0,0.0,192.0,362.0,208.0
KKHC,4/26/2018,133.0,135.0,131.0,131.0,-2.96,244.0,362.0,208.0
KKHC,4/29/2018,129.0,133.0,129.0,133.0,1.53,162.0,362.0,208.0
KKHC,5/2/2018,131.0,132.0,130.0,130.0,-2.26,212.0,362.0,208.0
KKHC,5/3/2018,130.0,133.0,130.0,131.0,0.77,250.0,362.0,208.0
KKHC,5/6/2018,129.0,129.0,128.0,129.0,-1.53,494.0,362.0,208.0
KKHC,5/7/2018,131.0,131.0,127.0,127.0,-1.55,310.0,362.0,208.0
KKHC,5/8/2018,128.0,129.0,126.0,127.0,0.0,261.0,362.0,208.0
KKHC,5/9/2018,127.0,127.0,125.0,127.0,0.0,324.0,362.0,208.0
KKHC,5/10/2018,127.0,129.0,123.0,128.0,0.79,256.0,362.0,208.0
KKHC,5/14/2018,126.0,127.0,124.0,126.0,-1.56,554.0,362.0,208.0
KKHC,5/16/2018,124.0,124.0,124.0,124.0,-1.59,48.0,362.0,208.0
KKHC,5/17/2018,124.0,127.0,124.0,127.0,2.42,198.0,362.0,208.0
KKHC,5/20/2018,126.0,126.0,125.0,125.0,-1.57,64.0,362.0,208.0
KKHC,5/21/2018,127.0,127.0,124.0,124.0,-0.8,750.0,362.0,208.0
KKHC,5/22/2018,122.0,122.0,119.0,120.0,-3.23,468.0,362.0,208.0
KKHC,5/23/2018,120.0,120.0,116.0,117.0,-2.5,1996.0,362.0,208.0
KKHC,5/24/2018,117.0,117.0,115.0,115.0,-1.71,324.0,362.0,208.0
KKHC,5/27/2018,113.0,113.0,111.0,112.0,-2.61,236.0,362.0,208.0
KKHC,5/28/2018,113.0,113.0,110.0,113.0,0.89,584.0,362.0,208.0
KKHC,5/29/2018,113.0,114.0,111.0,112.0,-0.88,650.0,362.0,208.0
KKHC,5/30/2018,112.0,114.0,112.0,114.0,1.79,36.0,362.0,208.0
KKHC,5/31/2018,114.0,117.0,111.0,111.0,-2.63,688.0,362.0,208.0
KKHC,6/3/2018,110.0,111.0,107.0,111.0,0.0,1354.0,362.0,208.0
KKHC,6/4/2018,113.0,119.0,113.0,119.0,7.21,864.0,362.0,208.0
KKHC,6/6/2018,121.0,127.0,121.0,125.0,5.04,206.0,362.0,208.0
KKHC,6/7/2018,126.0,126.0,120.0,120.0,-4.0,542.0,362.0,208.0
KKHC,6/10/2018,118.0,118.0,110.0,112.0,-6.67,418.0,362.0,208.0
KKHC,6/11/2018,112.0,114.0,112.0,114.0,1.79,584.0,362.0,208.0
KKHC,6/12/2018,112.0,114.0,112.0,112.0,-1.75,642.0,362.0,208.0
KKHC,6/13/2018,112.0,115.0,112.0,113.0,0.89,110.0,362.0,208.0
KKHC,6/14/2018,113.0,117.0,113.0,117.0,3.54,62.0,362.0,208.0
KKHC,6/17/2018,115.0,115.0,112.0,114.0,-2.56,204.0,362.0,208.0
KKHC,6/18/2018,112.0,112.0,110.0,110.0,-3.51,210.0,362.0,208.0
KKHC,6/19/2018,112.0,116.0,112.0,116.0,5.45,278.0,362.0,208.0
KKHC,6/21/2018,114.0,114.0,112.0,113.0,-2.59,36.0,362.0,208.0
KKHC,6/24/2018,111.0,115.0,110.0,110.0,-2.65,208.0,362.0,208.0
KKHC,6/25/2018,110.0,116.0,110.0,116.0,5.45,546.0,362.0,208.0
KKHC,6/26/2018,116.0,118.0,115.0,118.0,1.72,100.0,362.0,208.0
KKHC,6/28/2018,116.0,117.0,116.0,116.0,-1.69,273.0,362.0,208.0
KKHC,7/1/2018,114.0,114.0,112.0,113.0,-2.59,95.0,362.0,208.0
KKHC,7/2/2018,111.0,113.0,111.0,112.0,-0.88,404.0,362.0,208.0
KKHC,7/3/2018,111.0,111.0,110.0,111.0,-0.89,174.0,362.0,208.0
KKHC,7/4/2018,112.0,114.0,112.0,114.0,2.7,90.0,362.0,208.0
KKHC,7/5/2018,114.0,115.0,112.0,113.0,-0.88,116.0,362.0,208.0
KKHC,7/8/2018,114.0,114.0,110.0,112.0,-0.88,140.0,362.0,208.0
KKHC,7/9/2018,112.0,112.0,106.0,108.0,-3.57,118.0,362.0,208.0
KKHC,7/10/2018,108.0,108.0,106.0,108.0,0.0,121.0,362.0,208.0
KKHC,7/11/2018,110.0,110.0,107.0,109.0,0.93,309.0,362.0,208.0
KKHC,7/12/2018,110.0,110.0,107.0,107.0,-1.83,536.0,362.0,208.0
KKHC,7/15/2018,105.0,107.0,105.0,106.0,-0.93,132.0,362.0,208.0
KKHC,7/16/2018,106.0,108.0,106.0,107.0,0.94,30.0,362.0,208.0
KKHC,7/17/2018,107.0,109.0,107.0,109.0,1.87,79.0,362.0,208.0
KKHC,7/18/2018,107.0,109.0,107.0,108.0,-0.92,52.0,362.0,208.0
KKHC,7/19/2018,109.0,110.0,108.0,108.0,0.0,408.0,362.0,208.0
KKHC,7/22/2018,108.0,109.0,107.0,109.0,0.93,216.0,362.0,208.0
KKHC,7/23/2018,107.0,109.0,105.0,109.0,0.0,124.0,362.0,208.0
KKHC,7/24/2018,109.0,111.0,109.0,111.0,1.83,36.0,362.0,208.0
KKHC,7/25/2018,110.0,110.0,106.0,108.0,-2.7,153.0,362.0,208.0
KKHC,7/26/2018,106.0,109.0,106.0,107.0,-0.93,80.0,362.0,208.0
KKHC,7/29/2018,106.0,107.0,106.0,106.0,-0.93,72.0,362.0,208.0
KKHC,7/30/2018,107.0,107.0,106.0,106.0,0.0,100.0,362.0,208.0
KKHC,7/31/2018,104.0,107.0,104.0,106.0,0.0,175.0,362.0,208.0
KKHC,8/1/2018,108.0,108.0,105.0,105.0,-0.94,166.0,362.0,208.0
KKHC,8/2/2018,105.0,108.0,105.0,108.0,2.86,112.0,362.0,208.0
KKHC,8/5/2018,109.0,111.0,108.0,111.0,2.78,283.0,362.0,208.0
KKHC,8/6/2018,111.0,112.0,107.0,111.0,0.0,242.0,362.0,208.0
KKHC,8/7/2018,113.0,115.0,111.0,113.0,1.8,623.0,362.0,208.0
KKHC,8/8/2018,113.0,113.0,113.0,113.0,0.0,10.0,362.0,208.0
KKHC,8/9/2018,113.0,111.0,106.0,106.0,-6.19,398.0,362.0,208.0
KKHC,8/12/2018,104.0,104.0,104.0,104.0,-1.89,98.0,362.0,208.0
KKHC,8/13/2018,104.0,106.0,104.0,106.0,1.92,72.0,362.0,208.0
KKHC,8/14/2018,104.0,108.0,104.0,108.0,1.89,186.0,362.0,208.0
KKHC,8/15/2018,107.0,107.0,106.0,106.0,-1.85,52.0,362.0,208.0
KKHC,8/16/2018,104.0,107.0,104.0,105.0,-0.94,157.0,362.0,208.0
KKHC,8/19/2018,107.0,111.0,107.0,111.0,5.71,56.0,362.0,208.0
KKHC,8/20/2018,109.0,110.0,104.0,104.0,-6.31,152.0,362.0,208.0
KKHC,8/21/2018,104.0,105.0,100.0,104.0,0.0,496.0,362.0,208.0
KKHC,8/22/2018,105.0,105.0,103.0,103.0,-0.96,140.0,362.0,208.0
KKHC,8/23/2018,103.0,105.0,103.0,103.0,0.0,94.0,362.0,208.0
KKHC,8/26/2018,102.0,104.0,101.0,102.0,-0.97,464.0,362.0,208.0
KKHC,8/28/2018,103.0,103.0,103.0,103.0,0.98,16.0,362.0,208.0
KKHC,8/29/2018,101.0,106.0,101.0,106.0,2.91,140.0,362.0,208.0
KKHC,8/30/2018,104.0,105.0,102.0,105.0,-0.94,106.0,362.0,208.0
KKHC,9/2/2018,103.0,104.0,103.0,104.0,-0.95,113.0,362.0,208.0
KKHC,9/3/2018,105.0,110.0,105.0,110.0,5.77,260.0,362.0,208.0
KKHC,9/4/2018,108.0,109.0,108.0,109.0,-0.91,176.0,362.0,208.0
KKHC,9/5/2018,107.0,109.0,107.0,108.0,-0.92,225.0,362.0,208.0
KKHC,9/6/2018,106.0,106.0,106.0,106.0,-1.85,42.0,362.0,208.0
KKHC,9/9/2018,107.0,107.0,104.0,105.0,-0.94,300.0,362.0,208.0
KKHC,9/10/2018,107.0,107.0,102.0,102.0,-2.86,365.0,362.0,208.0
KKHC,9/11/2018,104.0,105.0,102.0,103.0,0.98,588.0,362.0,208.0
KKHC,9/12/2018,102.0,105.0,102.0,104.0,0.97,120.0,362.0,208.0
KKHC,9/13/2018,102.0,106.0,102.0,106.0,1.92,127.0,362.0,208.0
KKHC,9/16/2018,104.0,104.0,104.0,104.0,-1.89,48.0,362.0,208.0
KKHC,9/17/2018,103.0,103.0,102.0,103.0,-0.96,100.0,362.0,208.0
KKHC,9/18/2018,102.0,104.0,102.0,104.0,0.97,178.0,362.0,208.0
KKHC,9/20/2018,106.0,109.0,104.0,106.0,1.92,628.0,362.0,208.0
KKHC,9/23/2018,104.0,106.0,104.0,104.0,-1.89,348.0,362.0,208.0
KKHC,9/25/2018,102.0,105.0,102.0,104.0,0.0,232.0,362.0,208.0
KKHC,9/26/2018,102.0,104.0,102.0,103.0,-0.96,650.0,362.0,208.0
KKHC,9/27/2018,103.0,106.0,103.0,104.0,0.97,210.0,362.0,208.0
KKHC,9/30/2018,102.0,104.0,102.0,102.0,-1.92,242.0,362.0,208.0
KKHC,10/1/2018,103.0,104.0,103.0,103.0,0.98,380.0,362.0,208.0
KKHC,10/2/2018,102.0,103.0,101.0,101.0,-1.94,222.0,362.0,208.0
KKHC,10/3/2018,101.0,101.0,100.0,101.0,0.0,52.0,362.0,208.0
KKHC,10/4/2018,102.0,105.0,102.0,104.0,2.97,230.0,362.0,208.0
KKHC,10/7/2018,102.0,102.0,100.0,102.0,-1.92,78.0,362.0,208.0
KKHC,10/8/2018,100.0,102.0,100.0,100.0,-1.96,938.0,362.0,208.0
KKHC,10/9/2018,101.0,101.0,98.0,98.0,-2.0,2802.0,362.0,208.0
KKHC,10/10/2018,97.0,98.0,97.0,98.0,0.0,1046.0,362.0,208.0
KKHC,10/11/2018,97.0,100.0,97.0,99.0,1.02,2146.0,362.0,208.0
KKHC,10/14/2018,100.0,102.0,100.0,100.0,1.01,76.0,362.0,208.0
KKHC,10/15/2018,101.0,101.0,100.0,100.0,0.0,20.0,362.0,208.0
KKHC,10/21/2018,100.0,102.0,100.0,100.0,0.0,82.0,362.0,208.0
KKHC,10/22/2018,98.0,100.0,98.0,100.0,0.0,66.0,362.0,208.0
KKHC,10/23/2018,100.0,101.0,100.0,101.0,1.0,92.0,362.0,208.0
KKHC,10/24/2018,99.0,102.0,99.0,102.0,0.99,232.0,362.0,208.0
KKHC,10/25/2018,100.0,102.0,100.0,100.0,-1.96,92.0,362.0,208.0
KKHC,10/28/2018,99.0,99.0,97.0,97.0,-3.0,42.0,362.0,208.0
KKHC,10/29/2018,97.0,100.0,97.0,99.0,2.06,268.0,362.0,208.0
KKHC,10/30/2018,98.0,99.0,96.0,96.0,-3.03,1234.0,362.0,208.0
KKHC,10/31/2018,95.0,96.0,95.0,95.0,-1.04,30.0,362.0,208.0
KKHC,11/1/2018,96.0,98.0,96.0,98.0,3.16,62.0,362.0,208.0
KKHC,11/4/2018,97.0,97.0,96.0,96.0,-2.04,32.0,362.0,208.0
KKHC,11/5/2018,96.0,98.0,96.0,98.0,2.08,210.0,362.0,208.0
KKHC,11/13/2018,97.0,99.0,97.0,97.0,-1.02,424.0,362.0,208.0
KKHC,11/15/2018,96.0,97.0,95.0,96.0,-1.03,282.0,362.0,208.0
KKHC,11/18/2018,95.0,96.0,95.0,95.0,-1.04,180.0,362.0,208.0
KKHC,11/19/2018,94.0,96.0,94.0,96.0,1.05,406.0,362.0,208.0
KKHC,11/20/2018,97.0,97.0,95.0,96.0,0.0,50.0,362.0,208.0
KKHC,11/21/2018,95.0,95.0,94.0,94.0,-2.08,40.0,362.0,208.0
KKHC,11/25/2018,93.0,94.0,93.0,94.0,0.0,96.0,362.0,208.0
KKHC,11/26/2018,95.0,95.0,94.0,94.0,0.0,88.0,362.0,208.0
KKHC,11/27/2018,93.0,94.0,93.0,94.0,0.0,66.0,362.0,208.0
KKHC,11/28/2018,93.0,94.0,92.0,92.0,-2.13,1380.0,362.0,208.0
KKHC,11/29/2018,93.0,93.0,91.0,91.0,-1.09,62.0,362.0,208.0
KKHC,12/2/2018,90.0,92.0,90.0,91.0,0.0,554.0,362.0,208.0
KKHC,12/3/2018,91.0,92.0,91.0,92.0,1.1,126.0,362.0,208.0
KKHC,12/4/2018,93.0,93.0,92.0,93.0,1.09,116.0,362.0,208.0
KKHC,12/5/2018,93.0,94.0,93.0,93.0,0.0,486.0,362.0,208.0
KKHC,12/9/2018,94.0,94.0,93.0,93.0,0.0,144.0,362.0,208.0
KKHC,12/10/2018,94.0,95.0,94.0,94.0,1.08,542.0,362.0,208.0
KKHC,12/11/2018,94.0,95.0,94.0,95.0,1.06,78.0,362.0,208.0
KKHC,12/12/2018,96.0,96.0,95.0,96.0,1.05,522.0,362.0,208.0
KKHC,12/16/2018,97.0,97.0,97.0,97.0,1.04,10.0,362.0,208.0
KKHC,12/18/2018,96.0,96.0,96.0,96.0,-1.03,10.0,362.0,208.0
KKHC,12/19/2018,95.0,96.0,94.0,94.0,-2.08,131.0,362.0,208.0
KKHC,12/20/2018,94.0,94.0,93.0,93.0,-1.06,58.0,362.0,208.0
KKHC,12/23/2018,92.0,93.0,92.0,93.0,0.0,124.0,362.0,208.0
KKHC,12/24/2018,92.0,92.0,90.0,90.0,-3.23,440.0,362.0,208.0
KKHC,12/26/2018,90.0,90.0,90.0,90.0,0.0,80.0,362.0,208.0
KKHC,12/27/2018,89.0,90.0,89.0,89.0,-1.11,122.0,362.0,208.0
KKHC,12/30/2018,90.0,92.0,90.0,92.0,3.37,160.0,362.0,208.0
KKHC,12/31/2018,91.0,91.0,91.0,91.0,-1.09,30.0,362.0,208.0
KKHC,1/1/2019,91.0,92.0,91.0,91.0,0.0,174.0,362.0,208.0
KKHC,1/2/2019,90.0,91.0,90.0,91.0,0.0,82.0,362.0,208.0
KKHC,1/3/2019,92.0,93.0,92.0,92.0,1.1,68.0,362.0,208.0
KKHC,1/6/2019,91.0,92.0,91.0,92.0,0.0,282.0,362.0,208.0
KKHC,1/7/2019,93.0,95.0,93.0,95.0,3.26,130.0,362.0,208.0
KKHC,1/9/2019,94.0,94.0,94.0,94.0,-1.05,10.0,362.0,208.0
KKHC,1/10/2019,95.0,95.0,94.0,95.0,1.06,588.0,362.0,208.0
KKHC,1/13/2019,96.0,96.0,95.0,96.0,1.05,292.0,362.0,208.0
KKHC,1/14/2019,95.0,98.0,95.0,98.0,2.08,384.0,362.0,208.0
KKHC,1/15/2019,97.0,100.0,97.0,98.0,0.0,62.0,362.0,208.0
KKHC,1/16/2019,97.0,97.0,97.0,97.0,-1.02,100.0,362.0,208.0
KKHC,1/17/2019,98.0,98.0,97.0,97.0,0.0,156.0,362.0,208.0
KKHC,1/22/2019,97.0,97.0,95.0,95.0,-2.06,2350.0,362.0,208.0
KKHC,1/23/2019,95.0,97.0,94.0,95.0,0.0,646.0,362.0,208.0
KKHC,1/24/2019,94.0,95.0,93.0,95.0,0.0,128.0,362.0,208.0
KKHC,1/27/2019,95.0,96.0,95.0,95.0,0.0,86.0,362.0,208.0
KKHC,1/28/2019,95.0,95.0,94.0,94.0,-1.05,142.0,362.0,208.0
KKHC,1/30/2019,93.0,95.0,92.0,95.0,1.06,946.0,362.0,208.0
KKHC,1/31/2019,94.0,94.0,94.0,94.0,-1.05,10.0,362.0,208.0
KKHC,2/3/2019,93.0,95.0,93.0,95.0,1.06,40.0,362.0,208.0
KKHC,2/4/2019,94.0,94.0,91.0,91.0,-4.21,365.0,362.0,208.0
KKHC,2/5/2019,90.0,91.0,89.0,90.0,-1.1,324.0,362.0,208.0
KKHC,2/6/2019,89.0,89.0,88.0,89.0,-1.11,222.0,362.0,208.0
KKHC,2/7/2019,90.0,90.0,89.0,89.0,0.0,52.0,362.0,208.0
KKHC,2/11/2019,88.0,89.0,88.0,89.0,0.0,374.0,362.0,208.0
KKHC,2/12/2019,89.0,90.0,86.0,86.0,-3.37,284.0,362.0,208.0
KKHC,2/13/2019,85.0,85.0,82.0,82.0,-4.65,80.0,362.0,208.0
KKHC,2/14/2019,81.0,82.0,79.0,81.0,-1.22,464.0,362.0,208.0
KKHC,2/17/2019,81.0,81.0,78.0,79.0,-2.47,1036.0,362.0,208.0
KKHC,2/18/2019,80.0,81.0,80.0,80.0,1.27,557.0,362.0,208.0
KKHC,2/19/2019,80.0,80.0,77.0,77.0,-3.75,312.0,362.0,208.0
KKHC,2/20/2019,76.0,76.0,75.0,75.0,-2.6,228.0,362.0,208.0
KKHC,2/21/2019,74.0,75.0,74.0,75.0,0.0,308.0,362.0,208.0
KKHC,2/24/2019,74.0,75.0,72.0,72.0,-4.0,338.0,362.0,208.0
KKHC,2/25/2019,72.0,73.0,72.0,73.0,1.39,52.0,362.0,208.0
KKHC,2/26/2019,72.0,74.0,72.0,74.0,1.37,82.0,362.0,208.0
KKHC,2/27/2019,73.0,74.0,73.0,73.0,-1.35,78.0,362.0,208.0
KKHC,3/3/2019,73.0,73.0,72.0,72.0,-1.37,304.0,362.0,208.0
KKHC,3/5/2019,71.0,72.0,70.0,71.0,-1.39,214.0,362.0,208.0
KKHC,3/6/2019,72.0,72.0,70.0,72.0,1.41,334.0,362.0,208.0
KKHC,3/7/2019,72.0,73.0,71.0,71.0,-1.39,282.0,362.0,208.0
KKHC,3/10/2019,71.0,71.0,71.0,71.0,0.0,10.0,362.0,208.0
KKHC,3/11/2019,71.0,71.0,69.0,70.0,-1.41,599.0,362.0,208.0
KKHC,3/12/2019,70.0,73.0,70.0,72.0,2.86,262.0,362.0,208.0
KKHC,3/13/2019,73.0,75.0,73.0,75.0,4.17,184.0,362.0,208.0
KKHC,3/14/2019,74.0,78.0,74.0,78.0,4.0,286.0,362.0,208.0
KKHC,3/17/2019,79.0,82.0,78.0,82.0,5.13,506.0,362.0,208.0
KKHC,3/18/2019,81.0,81.0,78.0,78.0,-4.88,230.0,362.0,208.0
KKHC,3/19/2019,77.0,78.0,77.0,78.0,0.0,52.0,362.0,208.0
KKHC,3/21/2019,77.0,78.0,77.0,77.0,-1.28,182.0,362.0,208.0
KKHC,3/24/2019,77.0,77.0,77.0,77.0,0.0,134.0,362.0,208.0
KKHC,3/25/2019,77.0,78.0,77.0,78.0,1.3,106.0,362.0,208.0
KKHC,3/26/2019,77.0,77.0,76.0,77.0,-1.28,88.0,362.0,208.0
KKHC,3/27/2019,76.0,78.0,76.0,76.0,-1.3,208.0,362.0,208.0
KKHC,3/28/2019,76.0,76.0,75.0,76.0,0.0,164.0,362.0,208.0
KKHC,3/31/2019,76.0,78.0,76.0,78.0,2.63,329.0,362.0,208.0
KKHC,4/1/2019,79.0,79.0,79.0,79.0,1.28,12.0,362.0,208.0
KKHC,4/2/2019,78.0,78.0,75.0,77.0,-2.53,152.0,362.0,208.0
KKHC,4/3/2019,76.0,79.0,76.0,79.0,2.6,2423.0,362.0,208.0
KKHC,4/4/2019,78.0,78.0,77.0,77.0,-2.53,84.0,362.0,208.0
KKHC,4/7/2019,76.0,77.0,76.0,77.0,0.0,142.0,362.0,208.0
KKHC,4/8/2019,77.0,78.0,77.0,78.0,1.3,202.0,362.0,208.0
KKHC,4/9/2019,78.0,79.0,77.0,79.0,1.28,351.0,362.0,208.0
KKHC,4/10/2019,78.0,79.0,78.0,79.0,0.0,232.0,362.0,208.0
KKHC,4/11/2019,78.0,79.0,78.0,78.0,-1.27,512.0,362.0,208.0
KKHC,4/15/2019,77.0,77.0,75.0,75.0,-3.85,50.0,362.0,208.0
KKHC,4/16/2019,76.0,77.0,75.0,77.0,2.67,180.0,362.0,208.0
KKHC,4/17/2019,78.0,81.0,78.0,80.0,3.9,580.0,362.0,208.0
KKHC,4/18/2019,79.0,81.0,78.0,79.0,-1.25,338.0,362.0,208.0
KKHC,4/21/2019,78.0,79.0,77.0,79.0,0.0,118.0,362.0,208.0
KKHC,4/23/2019,78.0,79.0,78.0,78.0,-1.27,110.0,362.0,208.0
KKHC,4/24/2019,77.0,78.0,77.0,78.0,0.0,198.0,362.0,208.0
KKHC,4/25/2019,78.0,79.0,77.0,77.0,-1.28,456.0,362.0,208.0
KKHC,4/28/2019,76.0,77.0,76.0,77.0,0.0,989.0,362.0,208.0
KKHC,4/29/2019,76.0,76.0,73.0,74.0,-3.9,105.0,362.0,208.0
KKHC,4/30/2019,74.0,76.0,73.0,76.0,2.7,741.0,362.0,208.0
KKHC,5/2/2019,75.0,75.0,74.0,75.0,-1.32,675.0,362.0,208.0
KKHC,5/5/2019,74.0,74.0,72.0,72.0,-4.0,320.0,362.0,208.0
KKHC,5/6/2019,71.0,72.0,71.0,71.0,-1.39,532.0,362.0,208.0
KKHC,5/7/2019,71.0,71.0,70.0,70.0,-1.41,124.0,362.0,208.0
KKHC,5/8/2019,69.0,71.0,69.0,70.0,0.0,136.0,362.0,208.0
KKHC,5/9/2019,70.0,70.0,70.0,70.0,0.0,42.0,362.0,208.0
KKHC,5/12/2019,69.0,71.0,69.0,70.0,0.0,492.0,362.0,208.0
KKHC,5/13/2019,70.0,71.0,68.0,68.0,-2.86,2262.0,362.0,208.0
KKHC,5/14/2019,68.0,69.0,68.0,69.0,1.47,68.0,362.0,208.0
KKHC,5/15/2019,68.0,69.0,68.0,68.0,-1.45,782.0,362.0,208.0
KKHC,5/16/2019,68.0,69.0,68.0,68.0,0.0,132.0,362.0,208.0
KKHC,5/19/2019,67.0,68.0,67.0,68.0,0.0,134.0,362.0,208.0
KKHC,5/20/2019,67.0,70.0,67.0,69.0,1.47,249.0,362.0,208.0
KKHC,5/21/2019,68.0,69.0,67.0,69.0,0.0,202.0,362.0,208.0
KKHC,5/22/2019,68.0,72.0,67.0,72.0,4.35,118.0,362.0,208.0
KKHC,5/23/2019,69.0,72.0,69.0,72.0,0.0,329.0,362.0,208.0
KKHC,5/26/2019,72.0,73.0,72.0,72.0,0.0,416.0,362.0,208.0
KKHC,5/28/2019,71.0,72.0,71.0,71.0,-1.39,406.0,362.0,208.0
KKHC,5/29/2019,71.0,72.0,70.0,70.0,-1.41,226.0,362.0,208.0
KKHC,5/30/2019,69.0,69.0,69.0,69.0,-1.43,56.0,362.0,208.0
KKHC,6/2/2019,68.0,68.0,67.0,68.0,-1.45,30.0,362.0,208.0
KKHC,6/3/2019,69.0,70.0,69.0,69.0,1.47,232.0,362.0,208.0
KKHC,6/4/2019,68.0,68.0,67.0,67.0,-2.9,82.0,362.0,208.0
KKHC,6/6/2019,66.0,66.0,64.0,64.0,-4.48,364.0,362.0,208.0
KKHC,6/10/2019,64.0,65.0,63.0,65.0,1.56,363.0,362.0,208.0
KKHC,6/11/2019,65.0,71.0,65.0,71.0,9.23,1096.0,362.0,208.0
KKHC,6/12/2019,70.0,74.0,70.0,74.0,4.23,296.0,362.0,208.0
KKHC,6/13/2019,73.0,73.0,73.0,73.0,-1.35,100.0,362.0,208.0
KKHC,6/16/2019,72.0,72.0,70.0,70.0,-4.11,1154.0,362.0,208.0
KKHC,6/17/2019,69.0,69.0,68.0,69.0,-1.43,62.0,362.0,208.0
KKHC,6/18/2019,68.0,68.0,67.0,68.0,-1.45,36.0,362.0,208.0
KKHC,6/19/2019,67.0,68.0,67.0,68.0,0.0,184.0,362.0,208.0
KKHC,6/20/2019,67.0,73.0,67.0,73.0,7.35,76.0,362.0,208.0
KKHC,6/24/2019,72.0,72.0,70.0,72.0,-1.37,677.0,362.0,208.0
KKHC,6/25/2019,72.0,72.0,70.0,70.0,-2.78,92.0,362.0,208.0
KKHC,6/26/2019,71.0,71.0,71.0,71.0,1.43,124.0,362.0,208.0
KKHC,6/27/2019,70.0,71.0,70.0,70.0,-1.41,101.0,362.0,208.0
KKHC,6/30/2019,70.0,70.0,70.0,70.0,0.0,564.0,362.0,208.0
KKHC,7/1/2019,70.0,71.0,69.0,70.0,0.0,562.0,362.0,208.0
KKHC,7/2/2019,70.0,71.0,70.0,71.0,1.43,321.0,362.0,208.0
KKHC,7/3/2019,70.0,73.0,70.0,73.0,2.82,341.0,362.0,208.0
KKHC,7/4/2019,73.0,74.0,73.0,74.0,1.37,136.0,362.0,208.0
KKHC,7/7/2019,73.0,73.0,71.0,71.0,-4.05,130.0,362.0,208.0
KKHC,7/8/2019,71.0,71.0,70.0,70.0,-1.41,100.0,362.0,208.0
KKHC,7/9/2019,70.0,70.0,69.0,70.0,0.0,417.0,362.0,208.0
KKHC,7/10/2019,69.0,69.0,68.0,69.0,-1.43,190.0,362.0,208.0
KKHC,7/11/2019,68.0,68.0,67.0,67.0,-2.9,1156.0,362.0,208.0
KKHC,7/14/2019,68.0,68.0,68.0,68.0,1.49,62.0,362.0,208.0
KKHC,7/15/2019,67.0,67.0,67.0,67.0,-1.47,16.0,362.0,208.0
KKHC,7/16/2019,66.0,67.0,65.0,66.0,-1.49,336.0,362.0,208.0
KKHC,7/17/2019,66.0,66.0,66.0,66.0,0.0,16.0,362.0,208.0
KKHC,7/21/2019,65.0,67.0,65.0,67.0,1.52,72.0,362.0,208.0
KKHC,7/22/2019,66.0,66.0,66.0,66.0,-1.49,74.0,362.0,208.0
KKHC,7/23/2019,66.0,67.0,66.0,66.0,0.0,60.0,362.0,208.0
KKHC,7/24/2019,66.0,67.0,66.0,66.0,0.0,42.0,362.0,208.0
KKHC,7/25/2019,67.0,68.0,66.0,68.0,3.03,108.0,362.0,208.0
KKHC,7/28/2019,67.0,67.0,66.0,66.0,-2.94,138.0,362.0,208.0
KKHC,7/29/2019,67.0,68.0,67.0,67.0,1.52,72.0,362.0,208.0
KKHC,7/30/2019,66.0,67.0,65.0,67.0,0.0,112.0,362.0,208.0
KKHC,7/31/2019,66.0,67.0,66.0,67.0,0.0,42.0,362.0,208.0
KKHC,8/1/2019,66.0,68.0,66.0,67.0,0.0,52.0,362.0,208.0
KKHC,8/4/2019,67.0,67.0,67.0,67.0,0.0,36.0,362.0,208.0
KKHC,8/5/2019,66.0,68.0,66.0,68.0,1.49,134.0,362.0,208.0
KKHC,8/11/2019,67.0,67.0,66.0,66.0,-2.94,82.0,362.0,208.0
KKHC,8/13/2019,65.0,65.0,64.0,64.0,-3.03,482.0,362.0,208.0
KKHC,8/14/2019,63.0,63.0,63.0,63.0,-1.56,74.0,362.0,208.0
KKHC,8/15/2019,62.0,63.0,62.0,63.0,0.0,110.0,362.0,208.0
KKHC,8/20/2019,63.0,64.0,62.0,62.0,-1.59,250.0,362.0,208.0
KKHC,8/21/2019,61.0,61.0,60.0,60.0,-3.23,104.0,362.0,208.0
KKHC,8/22/2019,59.0,60.0,59.0,59.0,-1.67,122.0,362.0,208.0
KKHC,8/25/2019,58.0,58.0,57.0,57.0,-3.39,86.0,362.0,208.0
KKHC,8/26/2019,57.0,57.0,56.0,57.0,0.0,112.0,362.0,208.0
KKHC,8/27/2019,56.0,57.0,56.0,57.0,0.0,116.0,362.0,208.0
KKHC,8/28/2019,56.0,58.0,56.0,58.0,1.75,284.0,362.0,208.0
KKHC,8/29/2019,57.0,58.0,57.0,58.0,0.0,50.0,362.0,208.0
KKHC,9/1/2019,57.0,57.0,57.0,57.0,-1.72,46.0,362.0,208.0
KKHC,9/2/2019,56.0,57.0,56.0,57.0,0.0,70.0,362.0,208.0
KKHC,9/3/2019,56.0,56.0,55.0,56.0,-1.75,161.0,362.0,208.0
KKHC,9/4/2019,56.0,56.0,56.0,56.0,0.0,172.0,362.0,208.0
KKHC,9/5/2019,55.0,58.0,55.0,57.0,1.79,278.0,362.0,208.0
KKHC,9/8/2019,56.0,56.0,55.0,56.0,-1.75,104.0,362.0,208.0
KKHC,9/9/2019,55.0,55.0,54.0,54.0,-3.57,176.0,362.0,208.0
KKHC,9/10/2019,53.0,53.0,52.0,53.0,-1.85,102.0,362.0,208.0
KKHC,9/11/2019,53.0,53.0,52.0,52.0,-1.89,210.0,362.0,208.0
KKHC,9/12/2019,52.0,53.0,51.0,51.0,-1.92,790.0,362.0,208.0
KKHC,9/15/2019,50.0,50.0,50.0,50.0,-1.96,76.0,362.0,208.0
KKHC,9/16/2019,50.0,50.0,49.0,49.0,-2.0,66.0,362.0,208.0
KKHC,9/17/2019,49.0,49.0,49.0,49.0,0.0,196.0,362.0,208.0
KKHC,9/18/2019,49.0,49.0,49.0,49.0,0.0,20.0,362.0,208.0
KKHC,9/19/2019,49.0,49.0,49.0,49.0,0.0,36.0,362.0,208.0
KKHC,9/22/2019,49.0,49.0,49.0,49.0,0.0,52.0,362.0,208.0
KKHC,9/23/2019,49.0,49.0,49.0,49.0,0.0,2668.0,362.0,208.0
KKHC,9/24/2019,50.0,53.0,50.0,53.0,8.16,682.0,362.0,208.0
KKHC,9/25/2019,54.0,58.0,54.0,58.0,9.43,525.0,362.0,208.0
KKHC,9/26/2019,59.0,61.0,58.0,58.0,0.0,2866.0,362.0,208.0
KKHC,9/29/2019,60.0,61.0,58.0,58.0,0.0,1160.0,362.0,208.0
KKHC,9/30/2019,59.0,60.0,59.0,60.0,3.45,613.0,362.0,208.0
KKHC,10/1/2019,60.0,61.0,60.0,61.0,1.67,216.0,362.0,208.0
KKHC,10/2/2019,60.0,61.0,60.0,61.0,0.0,150.0,362.0,208.0
KKHC,10/3/2019,61.0,61.0,61.0,61.0,0.0,16.0,362.0,208.0
KKHC,10/10/2019,60.0,60.0,60.0,60.0,-1.64,10.0,362.0,208.0
KKHC,10/14/2019,60.0,61.0,59.0,60.0,0.0,522.0,362.0,208.0
KKHC,10/16/2019,59.0,61.0,59.0,60.0,0.0,235.0,362.0,208.0
KKHC,10/20/2019,59.0,60.0,59.0,60.0,0.0,100.0,362.0,208.0
KKHC,10/21/2019,60.0,60.0,59.0,59.0,-1.67,32.0,362.0,208.0
KKHC,10/22/2019,58.0,59.0,57.0,59.0,0.0,454.0,362.0,208.0
KKHC,10/24/2019,58.0,58.0,56.0,56.0,-5.08,102.0,362.0,208.0
KKHC,11/6/2019,56.0,56.0,56.0,56.0,0.0,158.0,362.0,208.0
KKHC,11/7/2019,55.0,55.0,54.0,54.0,-3.57,177.0,362.0,208.0
KKHC,11/10/2019,53.0,56.0,53.0,56.0,3.7,316.0,362.0,208.0
KKHC,11/11/2019,56.0,56.0,54.0,54.0,-3.57,62.0,362.0,208.0
KKHC,11/12/2019,53.0,53.0,53.0,53.0,-1.85,136.0,362.0,208.0
KKHC,11/13/2019,53.0,53.0,52.0,53.0,0.0,62.0,362.0,208.0
KKHC,11/14/2019,53.0,54.0,53.0,53.0,0.0,52.0,362.0,208.0
KKHC,11/17/2019,52.0,52.0,50.0,50.0,-5.66,152.0,362.0,208.0
KKHC,11/18/2019,50.0,51.0,50.0,51.0,2.0,72.0,362.0,208.0
KKHC,11/19/2019,51.0,52.0,51.0,52.0,1.96,46.0,362.0,208.0
KKHC,11/20/2019,51.0,51.0,50.0,50.0,-3.85,46.0,362.0,208.0
KKHC,11/21/2019,50.0,52.0,50.0,51.0,2.0,460.0,362.0,208.0
KKHC,11/24/2019,52.0,52.0,52.0,52.0,1.96,160.0,362.0,208.0
KKHC,11/25/2019,53.0,53.0,52.0,52.0,0.0,116.0,362.0,208.0
KKHC,11/26/2019,51.0,51.0,51.0,51.0,-1.92,16.0,362.0,208.0
KKHC,11/27/2019,52.0,53.0,51.0,53.0,3.92,438.0,362.0,208.0
KKHC,11/28/2019,52.0,52.0,52.0,52.0,-1.89,20.0,362.0,208.0
KKHC,12/1/2019,51.0,52.0,51.0,51.0,-1.92,184.0,362.0,208.0
KKHC,12/2/2019,52.0,54.0,51.0,51.0,0.0,174.0,362.0,208.0
KKHC,12/3/2019,52.0,53.0,52.0,52.0,1.96,178.0,362.0,208.0
KKHC,12/4/2019,51.0,51.0,51.0,51.0,-1.92,36.0,362.0,208.0
KKHC,12/5/2019,51.0,52.0,51.0,52.0,1.96,180.0,362.0,208.0
KKHC,12/8/2019,53.0,53.0,52.0,53.0,1.92,46.0,362.0,208.0
KKHC,12/9/2019,53.0,53.0,52.0,53.0,0.0,171.0,362.0,208.0
KKHC,12/10/2019,52.0,54.0,52.0,54.0,1.89,50.0,362.0,208.0
KKHC,12/11/2019,54.0,55.0,54.0,55.0,1.85,78.0,362.0,208.0
KKHC,12/12/2019,55.0,57.0,54.0,57.0,3.64,350.0,362.0,208.0
KKHC,12/15/2019,56.0,58.0,56.0,58.0,1.75,221.0,362.0,208.0
KKHC,12/16/2019,57.0,57.0,56.0,56.0,-3.45,250.0,362.0,208.0
KKHC,12/17/2019,55.0,55.0,54.0,54.0,-3.57,46.0,362.0,208.0
KKHC,12/18/2019,55.0,55.0,55.0,55.0,1.85,152.0,362.0,208.0
KKHC,12/19/2019,54.0,55.0,54.0,55.0,0.0,42.0,362.0,208.0
KKHC,12/22/2019,54.0,55.0,54.0,54.0,-1.82,1008.0,362.0,208.0
KKHC,12/23/2019,53.0,53.0,52.0,52.0,-3.7,32.0,362.0,208.0
KKHC,12/24/2019,51.0,51.0,50.0,50.0,-3.85,152.0,362.0,208.0
KKHC,12/25/2019,49.0,50.0,49.0,50.0,0.0,194.0,362.0,208.0
KKHC,12/26/2019,49.0,49.99,49.0,49.99,-0.02,32.0,362.0,208.0
KKHC,12/29/2019,50.0,51.0,50.0,51.0,2.02,62.0,362.0,208.0
KKHC,12/30/2019,51.0,51.0,50.0,50.0,-1.96,20.0,362.0,208.0
KKHC,12/31/2019,50.0,51.0,50.0,50.0,0.0,66.0,362.0,208.0
KKHC,1/1/2020,49.0,49.0,49.0,49.0,-2.0,995.0,362.0,208.0
KKHC,1/2/2020,49.98,51.0,49.1,50.0,2.04,1644.0,362.0,208.0
KKHC,1/5/2020,49.0,49.0,49.0,49.0,-2.0,54.0,362.0,208.0
KKHC,1/6/2020,49.0,50.0,49.0,49.98,2.0,126.0,362.0,208.0
KKHC,1/7/2020,50.0,51.0,50.0,51.0,2.04,150.0,362.0,208.0
KKHC,1/8/2020,50.0,52.0,50.0,52.0,1.96,362.0,362.0,208.0
KKHC,1/9/2020,52.0,53.0,52.0,52.0,0.0,240.0,362.0,208.0
KKHC,1/12/2020,52.0,53.0,52.0,53.0,1.92,100.0,362.0,208.0
KKHC,1/13/2020,54.0,55.0,53.0,53.0,0.0,1148.0,362.0,208.0
KKHC,1/14/2020,52.0,53.0,52.0,53.0,0.0,150.0,362.0,208.0
KKHC,1/16/2020,52.0,54.0,52.0,53.0,0.0,120.0,362.0,208.0
KKHC,1/19/2020,52.0,55.0,52.0,54.0,1.89,262.0,362.0,208.0
KKHC,1/20/2020,54.0,55.0,53.0,53.0,-1.85,801.0,362.0,208.0
KKHC,1/21/2020,53.0,54.0,53.0,53.0,0.0,335.0,362.0,208.0
KKHC,1/22/2020,52.0,53.0,52.0,52.0,-1.89,619.0,362.0,208.0
KKHC,1/23/2020,52.0,52.0,50.0,51.0,-1.92,120.0,362.0,208.0
KKHC,1/26/2020,51.0,52.0,51.0,52.0,1.96,210.0,362.0,208.0
KKHC,1/27/2020,52.0,54.0,52.0,54.0,3.85,203.0,362.0,208.0
KKHC,1/28/2020,55.0,56.0,54.0,56.0,3.7,714.0,362.0,208.0
KKHC,1/29/2020,55.0,56.0,55.0,55.0,-1.79,256.0,362.0,208.0
KKHC,1/30/2020,54.0,57.0,54.0,56.0,1.82,270.0,362.0,208.0
KKHC,2/2/2020,56.0,60.0,56.0,60.0,7.14,2041.0,362.0,208.0
KKHC,2/3/2020,59.0,61.0,58.0,59.0,-1.67,5924.0,362.0,208.0
KKHC,2/4/2020,60.0,61.0,59.0,61.0,3.39,2496.0,362.0,208.0
KKHC,2/5/2020,60.0,60.0,58.0,59.0,-3.28,440.0,362.0,208.0
KKHC,2/6/2020,59.0,59.0,59.0,59.0,0.0,119.0,362.0,208.0
KKHC,2/9/2020,58.0,58.0,58.0,58.0,-1.69,94.0,362.0,208.0
KKHC,2/10/2020,57.0,57.0,55.0,55.0,-5.17,245.0,362.0,208.0
KKHC,2/11/2020,54.0,55.0,54.0,55.0,0.0,282.0,362.0,208.0
KKHC,2/12/2020,54.0,56.0,54.0,55.0,0.0,474.0,362.0,208.0
KKHC,2/13/2020,54.0,55.0,53.0,54.0,-1.82,188.0,362.0,208.0
KKHC,2/16/2020,54.0,54.0,53.0,53.0,-1.85,120.0,362.0,208.0
KKHC,2/17/2020,52.0,54.0,52.0,54.0,1.89,1444.0,362.0,208.0
KKHC,2/18/2020,53.0,54.0,53.0,53.0,-1.85,292.0,362.0,208.0
KKHC,2/19/2020,52.0,53.0,52.0,53.0,0.0,132.0,362.0,208.0
KKHC,2/20/2020,52.0,53.0,52.0,52.0,-1.89,125.0,362.0,208.0
KKHC,2/23/2020,51.0,53.0,50.0,53.0,1.92,132.0,362.0,208.0
KKHC,2/24/2020,52.0,55.0,52.0,55.0,3.77,320.0,362.0,208.0
KKHC,2/25/2020,54.0,56.0,52.0,56.0,1.82,542.0,362.0,208.0
KKHC,2/26/2020,55.0,61.0,55.0,61.0,8.93,700.0,362.0,208.0
KKHC,2/27/2020,60.0,62.0,60.0,61.0,0.0,1484.0,362.0,208.0
KKHC,3/1/2020,60.0,62.0,60.0,61.0,0.0,1288.0,362.0,208.0
KKHC,3/2/2020,62.0,62.0,62.0,62.0,1.64,100.0,362.0,208.0
KKHC,3/3/2020,61.0,61.0,60.0,60.0,-3.23,467.0,362.0,208.0
KKHC,3/4/2020,59.0,60.0,56.0,58.0,-3.33,320.0,362.0,208.0
KKHC,3/5/2020,57.0,59.0,57.0,59.0,1.72,230.0,362.0,208.0
KKHC,3/11/2020,58.0,58.0,56.0,56.0,-5.08,76.0,362.0,208.0
KKHC,3/12/2020,55.0,55.0,51.0,52.0,-7.14,476.0,362.0,208.0
KKHC,3/15/2020,51.0,53.0,51.0,52.0,0.0,1132.0,362.0,208.0
KKHC,3/16/2020,51.0,52.0,51.0,52.0,0.0,178.0,362.0,208.0
KKHC,3/17/2020,51.0,52.0,50.0,52.0,0.0,855.0,362.0,208.0
KKHC,3/19/2020,53.0,54.0,53.0,54.0,3.85,20.0,362.0,208.0
KKHC,5/12/2020,54.0,54.0,54.0,54.0,0.0,10.0,362.0,208.0
KKHC,7/6/2020,53.0,53.0,52.0,52.0,-3.7,510.0,362.0,208.0
KKHC,7/7/2020,51.0,51.0,50.0,50.0,-3.85,314.0,362.0,208.0
KKHC,7/8/2020,49.0,49.0,49.0,49.0,-2.0,704.0,362.0,208.0
KKHC,7/9/2020,49.0,49.1,48.02,49.1,0.2,1032.0,362.0,208.0
KKHC,7/12/2020,49.0,49.1,49.0,49.1,0.0,532.0,362.0,208.0
KKHC,7/13/2020,49.0,49.0,48.02,48.02,-2.2,192.0,362.0,208.0
KKHC,7/14/2020,48.0,49.45,48.0,49.45,2.98,110.0,362.0,208.0
KKHC,7/15/2020,50.0,51.0,49.0,49.0,-0.91,452.0,362.0,208.0
KKHC,7/16/2020,49.0,49.0,49.0,49.0,0.0,52.0,362.0,208.0
KKHC,7/20/2020,49.0,49.0,48.02,48.5,-1.02,550.0,362.0,208.0
KKHC,7/21/2020,47.53,47.53,44.0,45.2,-6.8,4986.0,362.0,208.0
KKHC,7/22/2020,45.9,46.0,45.8,46.0,1.77,358.0,362.0,208.0
KKHC,7/23/2020,45.08,46.92,45.08,46.92,2.0,370.0,362.0,208.0
KKHC,7/26/2020,46.12,47.0,46.12,46.9,-0.04,258.0,362.0,208.0
KKHC,7/27/2020,46.0,46.88,45.97,45.97,-1.98,1154.0,362.0,208.0
KKHC,7/28/2020,45.06,46.25,45.06,46.25,0.61,340.0,362.0,208.0
KKHC,7/29/2020,46.0,50.0,45.48,50.0,8.11,652.0,362.0,208.0
KKHC,7/30/2020,51.0,55.0,51.0,55.0,10.0,2392.0,362.0,208.0
KKHC,8/2/2020,56.0,56.0,51.0,51.0,-7.27,2706.0,362.0,208.0
KKHC,8/3/2020,52.0,53.0,51.0,53.0,3.92,2174.0,362.0,208.0
KKHC,8/5/2020,52.0,53.0,51.0,52.0,-1.89,520.0,362.0,208.0
KKHC,8/6/2020,51.0,51.0,50.0,50.0,-3.85,630.0,362.0,208.0
KKHC,8/9/2020,49.0,52.0,49.0,51.0,2.0,473.0,362.0,208.0
KKHC,8/10/2020,52.0,53.0,49.0,49.0,-3.92,928.0,362.0,208.0
KKHC,8/11/2020,49.0,51.0,48.02,50.0,2.04,205.0,362.0,208.0
KKHC,8/12/2020,49.0,50.0,48.02,49.0,-2.0,1068.0,362.0,208.0
KKHC,8/13/2020,49.0,49.98,49.0,49.0,0.0,265.0,362.0,208.0
KKHC,8/16/2020,49.0,49.5,48.2,49.0,0.0,726.0,362.0,208.0
KKHC,8/17/2020,48.02,51.0,48.02,50.0,2.04,570.0,362.0,208.0
KKHC,8/18/2020,49.0,50.0,49.0,49.02,-1.96,1176.0,362.0,208.0
KKHC,8/19/2020,48.6,48.61,48.6,48.6,-0.86,62.0,362.0,208.0
KKHC,8/20/2020,49.57,50.0,49.0,49.0,0.82,310.0,362.0,208.0
KKHC,8/23/2020,48.03,49.47,47.09,48.0,-2.04,787.0,362.0,208.0
KKHC,8/24/2020,48.0,51.0,48.0,51.0,6.25,338.0,362.0,208.0
KKHC,8/25/2020,50.0,51.0,50.0,51.0,0.0,514.0,362.0,208.0
KKHC,8/26/2020,50.0,52.0,50.0,51.0,0.0,716.0,362.0,208.0
KKHC,8/27/2020,50.0,54.0,50.0,50.0,-1.96,1709.0,362.0,208.0
KKHC,8/30/2020,52.5,53.0,51.0,51.0,2.0,272.0,362.0,208.0
KKHC,8/31/2020,50.0,54.0,50.0,51.0,0.0,697.0,362.0,208.0
KKHC,9/2/2020,52.0,56.0,49.0,56.0,9.8,4363.0,362.0,208.0
KKHC,9/3/2020,57.0,61.0,57.0,57.0,1.79,9393.0,362.0,208.0
KKHC,9/6/2020,56.0,57.0,55.0,57.0,0.0,2971.0,362.0,208.0
KKHC,9/7/2020,56.0,58.0,56.0,57.0,0.0,385.0,362.0,208.0
KKHC,9/8/2020,56.0,58.0,53.0,57.0,0.0,962.0,362.0,208.0
KKHC,9/9/2020,57.0,59.0,56.0,57.0,0.0,1537.0,362.0,208.0
KKHC,9/10/2020,56.0,57.0,56.0,57.0,0.0,1795.0,362.0,208.0
KKHC,9/13/2020,56.0,58.0,55.0,56.0,-1.75,2047.0,362.0,208.0
KKHC,9/14/2020,57.0,61.0,57.0,61.0,8.93,2687.0,362.0,208.0
KKHC,9/15/2020,62.0,67.0,61.0,67.0,9.84,4975.0,362.0,208.0
KKHC,9/16/2020,68.0,73.0,68.0,73.0,8.96,6881.0,362.0,208.0
KKHC,9/17/2020,76.0,80.0,76.0,80.0,9.59,3556.0,362.0,208.0
KKHC,9/20/2020,76.0,88.0,76.0,88.0,10.0,9122.0,362.0,208.0
KKHC,9/21/2020,92.0,93.0,80.0,87.0,-1.14,14352.0,362.0,208.0
KKHC,9/22/2020,88.0,88.0,79.0,80.0,-8.05,5134.0,362.0,208.0
KKHC,9/23/2020,79.0,86.0,75.0,85.0,6.25,7677.0,362.0,208.0
KKHC,9/24/2020,86.0,93.0,86.0,93.0,9.41,13420.0,362.0,208.0
KKHC,9/27/2020,94.0,102.0,94.0,100.0,7.53,21256.0,362.0,208.0
KKHC,9/28/2020,104.0,104.0,94.0,98.0,-2.0,5877.0,362.0,208.0
KKHC,9/29/2020,99.0,107.0,92.0,106.0,8.16,27288.0,362.0,208.0
KKHC,9/30/2020,106.0,116.0,106.0,116.0,9.43,16755.0,362.0,208.0
KKHC,10/1/2020,118.0,127.0,116.0,117.0,0.86,17556.0,362.0,208.0
KKHC,10/4/2020,115.0,115.0,106.0,106.0,-9.4,19684.0,362.0,208.0
KKHC,10/5/2020,104.0,116.0,100.0,111.0,4.72,15558.0,362.0,208.0
KKHC,10/6/2020,109.0,122.0,109.0,122.0,9.91,15942.0,362.0,208.0
KKHC,10/7/2020,120.0,134.0,120.0,134.0,9.84,7304.0,362.0,208.0
KKHC,10/8/2020,136.0,147.0,132.0,135.0,0.75,30499.0,362.0,208.0
KKHC,10/11/2020,133.0,133.0,123.0,126.0,-6.67,17296.0,362.0,208.0
KKHC,10/12/2020,124.0,125.0,114.0,124.0,-1.59,12748.0,362.0,208.0
KKHC,10/13/2020,122.0,122.0,112.0,115.0,-7.26,12498.0,362.0,208.0
KKHC,10/14/2020,115.0,115.0,104.0,111.0,-3.48,7858.0,362.0,208.0
KKHC,10/15/2020,113.0,120.0,109.0,115.0,3.6,4814.0,362.0,208.0
KKHC,10/18/2020,113.0,117.0,107.0,117.0,1.74,5421.0,362.0,208.0
KKHC,10/19/2020,115.0,123.0,113.0,119.0,1.71,3404.0,362.0,208.0
KKHC,10/20/2020,117.0,127.0,115.0,127.0,6.72,12455.0,362.0,208.0
KKHC,10/21/2020,129.0,131.0,121.0,121.0,-4.72,8953.0,362.0,208.0
KKHC,10/22/2020,119.0,127.0,115.0,122.0,0.83,5419.0,362.0,208.0
KKHC,10/29/2020,120.0,124.0,116.0,124.0,1.64,7313.0,362.0,208.0
KKHC,11/1/2020,122.0,124.0,118.0,122.0,-1.61,5664.0,362.0,208.0
KKHC,11/2/2020,120.0,124.0,118.0,122.0,0.0,6110.0,362.0,208.0
KKHC,11/3/2020,120.0,122.0,116.0,120.0,-1.64,1767.0,362.0,208.0
KKHC,11/4/2020,118.0,120.0,117.0,120.0,0.0,1966.0,362.0,208.0
KKHC,11/5/2020,120.0,123.0,117.0,121.0,0.83,3696.0,362.0,208.0
KKHC,11/8/2020,120.0,128.0,120.0,128.0,5.79,14424.0,362.0,208.0
KKHC,11/9/2020,130.0,136.0,124.0,124.0,-3.12,18763.0,362.0,208.0
KKHC,11/10/2020,122.0,126.0,122.0,123.0,-0.81,4505.0,362.0,208.0
KKHC,11/11/2020,122.0,126.0,122.0,123.0,0.0,2979.0,362.0,208.0
KKHC,11/12/2020,121.0,124.0,121.0,122.0,-0.81,8222.0,362.0,208.0
KKHC,11/18/2020,120.0,123.0,118.0,121.0,-0.82,1622.0,362.0,208.0
KKHC,11/19/2020,119.0,125.0,118.0,123.0,1.65,4654.0,362.0,208.0
KKHC,11/22/2020,125.0,126.0,119.0,121.0,-1.63,8867.0,362.0,208.0
KKHC,11/23/2020,120.0,124.0,118.0,121.0,0.0,3791.0,362.0,208.0
KKHC,11/24/2020,119.0,125.0,119.0,125.0,3.31,16775.0,362.0,208.0
KKHC,11/25/2020,124.0,127.0,124.0,124.0,-0.8,8535.0,362.0,208.0
KKHC,11/26/2020,124.0,128.0,122.0,122.0,-1.61,9206.0,362.0,208.0
KKHC,11/29/2020,120.0,123.0,120.0,121.0,-0.82,4098.0,362.0,208.0
KKHC,11/30/2020,122.0,127.0,120.0,125.0,3.31,9188.0,362.0,208.0
KKHC,12/1/2020,123.0,124.0,121.0,122.0,-2.4,4542.0,362.0,208.0
KKHC,12/2/2020,120.0,124.0,120.0,122.0,0.0,2171.0,362.0,208.0
KKHC,12/3/2020,120.0,122.0,117.0,118.0,-3.28,7887.0,362.0,208.0
KKHC,12/6/2020,116.0,117.0,114.0,115.0,-2.54,11835.0,362.0,208.0
KKHC,12/7/2020,113.0,117.0,113.0,117.0,1.74,4529.0,362.0,208.0
KKHC,12/8/2020,115.0,118.0,115.0,115.0,-1.71,3170.0,362.0,208.0
KKHC,12/9/2020,113.0,117.0,111.0,113.0,-1.74,6784.0,362.0,208.0
KKHC,12/10/2020,111.0,119.0,111.0,112.0,-0.88,3820.0,362.0,208.0
KKHC,12/13/2020,114.0,114.0,111.0,112.0,0.0,2408.0,362.0,208.0
KKHC,12/14/2020,110.0,117.0,110.0,112.0,0.0,3267.0,362.0,208.0
KKHC,12/15/2020,112.0,117.0,112.0,114.0,1.79,2122.0,362.0,208.0
KKHC,12/16/2020,114.0,118.0,110.0,118.0,3.51,2876.0,362.0,208.0
KKHC,12/17/2020,116.0,116.0,111.0,111.0,-5.93,2409.0,362.0,208.0
KKHC,12/20/2020,109.0,109.0,104.0,105.0,-5.41,9496.0,362.0,208.0
KKHC,12/21/2020,103.0,109.0,101.0,109.0,3.81,6195.0,362.0,208.0
KKHC,12/22/2020,110.0,111.0,108.0,109.0,0.0,3844.0,362.0,208.0
KKHC,12/23/2020,107.0,110.0,107.0,108.0,-0.92,1683.0,362.0,208.0
KKHC,12/24/2020,106.0,108.0,104.0,106.0,-1.85,3381.0,362.0,208.0
KKHC,12/27/2020,104.0,105.0,103.0,103.0,-2.83,2087.0,362.0,208.0
KKHC,12/28/2020,101.0,110.0,100.0,105.0,1.94,2094.0,362.0,208.0
KKHC,12/29/2020,103.0,107.0,101.0,107.0,1.9,5161.0,362.0,208.0
KKHC,12/30/2020,105.0,109.0,103.0,104.0,-2.8,2373.0,362.0,208.0
KKHC,12/31/2020,105.0,105.0,102.0,102.0,-1.92,2275.0,362.0,208.0
KKHC,1/3/2021,100.0,107.0,100.0,107.0,4.9,7189.0,362.0,208.0
KKHC,1/4/2021,105.0,117.0,105.0,106.0,-0.93,3554.0,362.0,208.0
KKHC,1/5/2021,104.0,116.0,104.0,113.0,6.6,9611.0,362.0,208.0
KKHC,1/6/2021,111.0,115.0,111.0,112.0,-0.88,5721.0,362.0,208.0
KKHC,1/7/2021,110.0,113.0,108.0,108.0,-3.57,2713.0,362.0,208.0
KKHC,1/10/2021,108.0,114.0,108.0,113.0,4.63,1979.0,362.0,208.0
KKHC,1/11/2021,114.0,114.0,109.0,109.0,-3.54,1511.0,362.0,208.0
KKHC,1/12/2021,107.0,110.0,107.0,109.0,0.0,4043.0,362.0,208.0
KKHC,1/13/2021,107.0,113.0,107.0,110.0,0.92,6778.0,362.0,208.0
KKHC,1/17/2021,112.0,113.0,108.0,108.0,-1.82,2124.0,362.0,208.0
KKHC,1/18/2021,106.0,110.0,106.0,110.0,1.85,1088.0,362.0,208.0
KKHC,1/19/2021,108.0,110.0,108.0,109.0,-0.91,1735.0,362.0,208.0
KKHC,1/20/2021,107.0,109.0,107.0,109.0,0.0,1418.0,362.0,208.0
KKHC,1/21/2021,108.0,116.0,108.0,114.0,4.59,16916.0,362.0,208.0
KKHC,1/24/2021,114.0,119.0,113.0,114.0,0.0,8878.0,362.0,208.0
KKHC,1/25/2021,113.0,116.0,112.0,114.0,0.0,9247.0,362.0,208.0
KKHC,1/26/2021,112.0,123.0,111.0,116.0,1.75,11157.0,362.0,208.0
KKHC,1/27/2021,114.0,121.0,114.0,120.0,3.45,11052.0,362.0,208.0
KKHC,1/28/2021,126.0,130.0,120.0,120.0,0.0,23566.0,362.0,208.0
KKHC,1/31/2021,118.0,120.0,112.0,112.0,-6.67,6661.0,362.0,208.0
KKHC,2/1/2021,110.0,123.0,110.0,117.0,4.46,6872.0,362.0,208.0
KKHC,2/2/2021,115.0,117.0,115.0,115.0,-1.71,5317.0,362.0,208.0
KKHC,2/3/2021,114.0,118.0,113.0,113.0,-1.74,10794.0,362.0,208.0
KKHC,2/4/2021,113.0,119.0,113.0,116.0,2.65,5721.0,362.0,208.0
KKHC,2/7/2021,118.0,119.0,115.0,116.0,0.0,8454.0,362.0,208.0
KKHC,2/8/2021,117.0,117.0,114.0,114.0,-1.72,4001.0,362.0,208.0
KKHC,2/9/2021,114.0,118.0,114.0,116.0,1.75,7244.0,362.0,208.0
KKHC,2/10/2021,114.0,116.0,113.0,113.0,-2.59,6675.0,362.0,208.0
KKHC,2/11/2021,115.0,119.0,115.0,116.0,2.65,8824.0,362.0,208.0
KKHC,2/14/2021,116.0,116.0,113.0,115.0,-0.86,1070.0,362.0,208.0
KKHC,2/15/2021,114.0,116.0,113.0,115.0,0.0,5621.0,362.0,208.0
KKHC,2/16/2021,114.0,115.0,111.0,113.0,-1.74,4666.0,362.0,208.0
KKHC,2/17/2021,113.0,113.0,111.0,113.0,0.0,11226.0,362.0,208.0
KKHC,2/18/2021,111.0,115.0,111.0,112.0,-0.88,7448.0,362.0,208.0
KKHC,2/21/2021,111.0,118.0,111.0,117.0,4.46,23781.0,362.0,208.0
KKHC,2/22/2021,117.0,128.0,117.0,128.0,9.4,39336.0,362.0,208.0
KKHC,2/23/2021,134.0,136.0,120.0,123.0,-3.91,28621.0,362.0,208.0
KKHC,2/24/2021,125.0,127.0,121.0,123.0,0.0,10575.0,362.0,208.0
KKHC,2/25/2021,129.0,129.0,118.0,121.0,-1.63,7518.0,362.0,208.0
KKHC,2/28/2021,120.0,120.0,115.0,117.0,-3.31,4377.0,362.0,208.0
KKHC,3/1/2021,115.0,120.0,114.0,116.0,-0.85,3915.0,362.0,208.0
KKHC,3/2/2021,114.0,118.0,113.0,115.0,-0.86,6838.0,362.0,208.0
KKHC,3/3/2021,113.0,117.0,111.0,117.0,1.74,7092.0,362.0,208.0
KKHC,3/4/2021,115.0,119.0,111.0,119.0,1.71,3526.0,362.0,208.0
KKHC,3/7/2021,119.0,121.0,115.0,116.0,-2.52,2678.0,362.0,208.0
KKHC,3/9/2021,114.0,120.0,113.0,118.0,1.72,8527.0,362.0,208.0
KKHC,3/10/2021,120.0,120.0,116.0,116.0,-1.69,592.0,362.0,208.0
KKHC,3/14/2021,114.0,118.0,114.0,116.0,0.0,4383.0,362.0,208.0
KKHC,3/15/2021,114.0,118.0,114.0,117.0,0.86,5890.0,362.0,208.0
KKHC,3/16/2021,115.0,128.0,115.0,128.0,9.4,74341.0,362.0,208.0
KKHC,3/17/2021,130.0,140.0,130.0,140.0,9.38,42112.0,362.0,208.0
KKHC,3/18/2021,147.0,151.0,130.0,133.0,-5.0,21781.0,362.0,208.0
KKHC,3/21/2021,131.0,131.0,120.0,125.0,-6.02,20453.0,362.0,208.0
KKHC,3/22/2021,123.0,127.0,121.0,125.0,0.0,7508.0,362.0,208.0
KKHC,3/23/2021,124.0,134.0,123.0,128.0,2.4,9593.0,362.0,208.0
KKHC,3/24/2021,130.0,130.0,123.0,125.0,-2.34,9771.0,362.0,208.0
KKHC,3/25/2021,127.0,128.0,123.0,125.0,0.0,10283.0,362.0,208.0
KKHC,3/29/2021,123.0,128.0,121.0,124.0,-0.8,3687.0,362.0,208.0
KKHC,3/30/2021,125.0,125.0,121.0,125.0,0.81,8955.0,362.0,208.0
KKHC,3/31/2021,125.0,129.0,122.0,123.0,-1.6,10616.0,362.0,208.0
KKHC,4/1/2021,121.0,126.0,121.0,125.0,1.63,9670.0,362.0,208.0
KKHC,4/4/2021,125.0,127.0,122.0,123.0,-1.6,4580.0,362.0,208.0
KKHC,4/5/2021,123.0,127.0,123.0,123.0,0.0,6471.0,362.0,208.0
KKHC,4/6/2021,125.0,132.0,123.0,128.0,4.07,21719.0,362.0,208.0
KKHC,4/7/2021,130.0,140.0,130.0,138.0,7.81,62800.0,362.0,208.0
KKHC,4/8/2021,140.0,141.0,133.0,134.0,-2.9,15315.0,362.0,208.0
KKHC,4/12/2021,132.0,133.0,130.0,130.0,-2.99,7721.0,362.0,208.0
KKHC,4/13/2021,128.0,137.0,126.0,132.0,1.54,8403.0,362.0,208.0
KKHC,4/15/2021,132.0,135.0,130.0,134.0,1.52,10539.0,362.0,208.0
KKHC,4/18/2021,134.0,138.0,132.0,138.0,2.99,22991.0,362.0,208.0
KKHC,4/19/2021,140.0,140.0,134.0,135.0,-2.17,9824.0,362.0,208.0
KKHC,4/20/2021,135.0,138.0,130.0,138.0,2.22,9247.0,362.0,208.0
KKHC,4/21/2021,136.0,140.0,134.0,136.0,-1.45,8930.0,362.0,208.0
KKHC,4/22/2021,134.0,138.0,134.0,135.0,-0.74,8776.0,362.0,208.0
KKHC,4/25/2021,135.0,136.0,126.0,129.0,-4.44,9013.0,362.0,208.0
KKHC,4/26/2021,129.0,133.0,125.0,125.0,-3.1,7568.0,362.0,208.0
KKHC,4/27/2021,124.0,134.0,124.0,132.0,5.6,8934.0,362.0,208.0
KKHC,4/28/2021,130.0,134.0,129.0,130.0,-1.52,3531.0,362.0,208.0
KKHC,4/29/2021,130.0,134.0,129.0,130.0,0.0,1933.0,362.0,208.0
KKHC,5/2/2021,128.0,134.0,128.0,134.0,3.08,6015.0,362.0,208.0
KKHC,5/3/2021,140.0,140.0,132.0,132.0,-1.49,8792.0,362.0,208.0
KKHC,5/4/2021,134.0,140.0,132.0,137.0,3.79,22099.0,362.0,208.0
KKHC,5/5/2021,143.0,150.0,136.0,150.0,9.49,68477.0,362.0,208.0
KKHC,5/6/2021,157.0,165.0,152.0,165.0,10.0,77966.0,362.0,208.0
KKHC,5/9/2021,170.0,172.0,154.0,155.0,-6.06,54425.0,362.0,208.0
KKHC,5/10/2021,155.0,156.0,150.0,155.0,0.0,15881.0,362.0,208.0
KKHC,5/11/2021,158.0,162.0,155.0,161.0,3.87,14014.0,362.0,208.0
KKHC,5/12/2021,162.0,177.0,161.0,177.0,9.94,45669.0,362.0,208.0
KKHC,5/13/2021,180.0,194.0,180.0,194.0,9.6,31236.0,362.0,208.0
KKHC,5/16/2021,194.0,207.0,180.0,188.0,-3.09,71433.0,362.0,208.0
KKHC,5/17/2021,188.0,206.0,183.0,206.0,9.57,63676.0,362.0,208.0
KKHC,5/18/2021,216.0,226.0,202.0,226.0,9.71,19856.0,362.0,208.0
KKHC,5/19/2021,230.0,248.0,222.0,230.0,1.77,46372.0,362.0,208.0
KKHC,5/20/2021,229.0,229.0,209.0,219.0,-4.78,35545.0,362.0,208.0
KKHC,5/23/2021,209.0,229.0,200.0,223.0,1.83,39132.0,362.0,208.0
KKHC,5/24/2021,223.0,230.0,216.0,220.0,-1.35,27201.0,362.0,208.0
KKHC,5/25/2021,220.0,230.0,217.0,230.0,4.55,32764.0,362.0,208.0
KKHC,5/27/2021,229.0,253.0,222.0,253.0,10.0,52105.0,362.0,208.0
KKHC,5/30/2021,265.0,278.0,265.0,278.0,9.88,43956.0,362.0,208.0
KKHC,5/31/2021,291.0,305.0,260.0,261.0,-6.12,64200.0,362.0,208.0
KKHC,6/1/2021,257.0,259.0,236.0,250.0,-4.21,27112.0,362.0,208.0
KKHC,6/2/2021,238.0,270.0,225.0,256.0,2.4,65042.0,362.0,208.0
KKHC,6/3/2021,252.0,258.0,247.0,250.0,-2.34,35563.0,362.0,208.0
KKHC,6/14/2021,262.0,275.0,262.0,275.0,10.0,13692.0,362.0,208.0
KKHC,6/15/2021,288.0,302.0,288.0,302.0,9.82,18314.0,362.0,208.0
KKHC,6/16/2021,317.0,317.0,272.0,283.0,-6.29,137607.0,362.0,208.0
KKHC,6/17/2021,285.0,310.0,262.0,304.0,7.42,62033.0,362.0,208.0
KKHC,6/20/2021,304.0,309.0,278.0,280.0,-7.89,21861.0,362.0,208.0
KKHC,6/21/2021,280.0,285.0,256.0,272.0,-2.86,22816.0,362.0,208.0
KKHC,6/22/2021,267.0,299.0,262.0,299.0,9.93,25752.0,362.0,208.0
KKHC,6/23/2021,300.0,307.0,283.0,289.0,-3.34,18751.0,362.0,208.0
KKHC,6/24/2021,284.0,304.0,275.0,290.0,0.35,17480.0,362.0,208.0
KKHC,6/27/2021,304.0,304.0,279.0,285.0,-1.72,9307.0,362.0,208.0
KKHC,6/28/2021,285.0,290.0,275.0,276.0,-3.16,9386.0,362.0,208.0
KKHC,6/29/2021,271.0,278.0,259.0,269.0,-2.54,15403.0,362.0,208.0
KKHC,6/30/2021,264.0,270.0,244.0,260.0,-3.35,21033.0,362.0,208.0
KKHC,7/1/2021,265.0,272.0,265.0,270.0,3.85,10576.0,362.0,208.0
KKHC,7/4/2021,268.0,272.0,260.0,261.0,-3.33,5620.0,362.0,208.0
KKHC,7/5/2021,265.0,266.0,256.0,257.0,-1.53,4659.0,362.0,208.0
KKHC,7/6/2021,254.0,259.0,254.0,255.0,-0.78,8395.0,362.0,208.0
KKHC,7/7/2021,250.0,255.0,245.0,247.0,-3.14,6892.0,362.0,208.0
KKHC,7/8/2021,243.0,265.0,240.0,259.0,4.86,10371.0,362.0,208.0
KKHC,7/11/2021,264.0,284.0,262.0,284.0,9.65,11652.0,362.0,208.0
KKHC,7/12/2021,284.0,289.0,269.0,269.0,-5.28,14690.0,362.0,208.0
KKHC,7/13/2021,269.0,277.0,255.0,270.0,0.37,5712.0,362.0,208.0
KKHC,7/14/2021,270.0,276.0,263.0,268.0,-0.74,10962.0,362.0,208.0
KKHC,7/15/2021,281.0,283.0,270.0,279.0,4.1,26623.0,362.0,208.0
KKHC,7/18/2021,284.0,284.0,279.0,280.0,0.36,18308.0,362.0,208.0
KKHC,7/19/2021,280.0,289.0,275.0,286.0,2.14,317497.0,362.0,208.0
KKHC,7/20/2021,291.0,294.0,279.5,280.0,-2.1,26994.0,362.0,208.0
KKHC,7/22/2021,285.0,288.9,278.0,281.3,0.46,21048.0,362.0,208.0
KKHC,7/25/2021,286.0,305.0,284.0,301.0,7.0,54617.0,362.0,208.0
KKHC,7/26/2021,302.0,314.0,296.0,304.0,1.0,44204.0,362.0,208.0
KKHC,7/27/2021,305.0,334.4,303.0,334.4,10.0,63648.0,362.0,208.0
KKHC,7/28/2021,341.0,367.0,324.0,328.0,-1.91,48775.0,362.0,208.0
KKHC,7/29/2021,321.5,324.9,310.0,320.0,-2.44,29150.0,362.0,208.0
KKHC,8/1/2021,325.0,346.9,307.0,329.0,2.81,70042.0,362.0,208.0
KKHC,8/2/2021,330.0,344.0,330.0,332.0,0.91,65340.0,362.0,208.0
KKHC,8/3/2021,333.0,335.5,320.0,332.0,0.0,79562.0,362.0,208.0
KKHC,8/4/2021,338.6,365.2,338.6,365.2,10.0,136149.0,362.0,208.0
KKHC,8/5/2021,372.5,401.0,372.5,385.0,5.42,128811.0,362.0,208.0
KKHC,8/8/2021,385.0,399.0,355.8,383.0,-0.52,80233.0,362.0,208.0
KKHC,8/9/2021,387.0,402.0,385.0,400.0,4.44,71006.0,362.0,208.0
KKHC,8/10/2021,400.0,407.0,380.5,384.0,-4.0,72315.0,362.0,208.0
KKHC,8/11/2021,385.0,400.0,385.0,391.0,1.82,59155.0,362.0,208.0
KKHC,8/12/2021,395.0,395.0,375.0,380.0,-2.81,71654.0,362.0,208.0
KKHC,8/15/2021,387.6,418.0,387.6,418.0,10.0,114766.0,362.0,208.0
KKHC,8/16/2021,426.3,459.8,426.3,459.8,10.0,96925.0,362.0,208.0
KKHC,8/17/2021,468.9,505.7,468.9,505.7,9.98,69095.0,362.0,208.0
KKHC,8/18/2021,515.8,556.2,456.3,490.0,-3.1,328419.0,362.0,208.0
KKHC,8/19/2021,480.2,480.2,441.0,441.0,-10.0,171108.0,362.0,208.0
KKHC,8/24/2021,432.2,432.2,396.9,396.9,-10.0,11222.0,362.0,208.0
KKHC,8/25/2021,390.0,390.0,357.3,357.3,-9.98,47029.0,362.0,208.0
KKHC,8/26/2021,350.2,393.0,324.0,393.0,9.99,99092.0,362.0,208.0
KKHC,8/29/2021,400.0,432.3,400.0,432.3,10.0,57783.0,362.0,208.0
KKHC,8/31/2021,440.9,460.0,402.0,412.0,-4.7,110552.0,362.0,208.0
KKHC,9/1/2021,412.1,434.0,378.4,380.0,-7.77,108026.0,362.0,208.0
KKHC,9/2/2021,387.6,411.2,385.0,399.0,5.0,60529.0,362.0,208.0
KKHC,9/5/2021,400.0,405.0,359.1,371.9,-6.79,57634.0,362.0,208.0
KKHC,9/6/2021,365.0,409.0,365.0,409.0,9.98,57996.0,362.0,208.0
KKHC,9/7/2021,417.1,438.0,401.0,409.7,0.17,47730.0,362.0,208.0
KKHC,9/8/2021,415.0,415.0,390.0,395.0,-3.59,25687.0,362.0,208.0
KKHC,9/9/2021,402.0,410.0,392.0,398.0,0.76,26103.0,362.0,208.0
KKHC,9/12/2021,390.1,422.1,390.1,413.9,3.99,55419.0,362.0,208.0
KKHC,9/13/2021,413.0,428.4,401.0,404.0,-2.39,31350.0,362.0,208.0
KKHC,9/14/2021,400.0,410.0,399.0,400.0,-0.99,17869.0,362.0,208.0
KKHC,9/15/2021,400.5,415.0,393.1,395.0,-1.25,13901.0,362.0,208.0
KKHC,9/16/2021,396.0,396.0,378.0,383.3,-2.96,41963.0,362.0,208.0
KKHC,9/20/2021,390.9,390.9,345.0,346.0,-9.73,58290.0,362.0,208.0
KKHC,9/21/2021,340.0,369.2,312.2,351.0,1.45,46159.0,362.0,208.0
KKHC,9/22/2021,358.0,383.0,358.0,383.0,9.12,23637.0,362.0,208.0
KKHC,9/23/2021,390.6,405.0,363.0,373.2,-2.56,43808.0,362.0,208.0
KKHC,9/26/2021,371.0,371.0,345.2,348.0,-6.75,42831.0,362.0,208.0
KKHC,9/27/2021,352.0,362.0,323.5,334.0,-4.02,31279.0,362.0,208.0
KKHC,9/28/2021,334.0,339.0,311.0,312.0,-6.59,27354.0,362.0,208.0
KKHC,9/29/2021,317.9,334.5,298.9,330.0,5.77,27056.0,362.0,208.0
KKHC,9/30/2021,330.0,338.5,312.0,314.0,-4.85,17458.0,362.0,208.0
KKHC,10/3/2021,314.0,314.0,298.0,300.0,-4.46,13314.0,362.0,208.0
KKHC,10/4/2021,294.0,304.8,282.0,292.0,-2.67,23279.0,362.0,208.0
KKHC,10/5/2021,292.0,318.5,292.0,313.9,7.5,17473.0,362.0,208.0
KKHC,10/6/2021,319.9,329.0,308.0,318.0,1.31,19927.0,362.0,208.0
KKHC,10/10/2021,324.0,330.4,310.6,310.6,-2.33,8533.0,362.0,208.0
KKHC,10/11/2021,315.0,316.8,307.0,311.0,0.13,17172.0,362.0,208.0
KKHC,10/17/2021,315.0,320.0,304.0,315.0,1.29,4102.0,362.0,208.0
KKHC,10/18/2021,309.0,315.0,304.0,305.0,-3.17,13521.0,362.0,208.0
KKHC,10/19/2021,305.0,305.0,276.7,288.0,-5.57,13288.0,362.0,208.0
KKHC,10/20/2021,293.0,310.7,293.0,305.0,5.9,9508.0,362.0,208.0
KKHC,10/21/2021,305.0,307.0,294.0,298.9,-2.0,9388.0,362.0,208.0
KKHC,10/24/2021,296.0,307.0,295.5,304.0,1.71,11605.0,362.0,208.0
KKHC,10/25/2021,305.0,325.0,304.0,321.0,5.59,23368.0,362.0,208.0
KKHC,10/26/2021,327.0,353.1,327.0,353.1,10.0,33329.0,362.0,208.0
KKHC,10/27/2021,360.1,387.0,342.0,368.0,4.22,51484.0,362.0,208.0
KKHC,10/28/2021,370.0,378.0,355.0,365.1,-0.79,22294.0,362.0,208.0
KKHC,10/31/2021,372.4,385.0,371.0,384.0,5.18,32228.0,362.0,208.0
KKHC,11/1/2021,384.0,393.0,372.0,374.0,-2.6,35659.0,362.0,208.0
KKHC,11/2/2021,380.0,380.0,367.5,375.0,0.27,12286.0,362.0,208.0
KKHC,11/3/2021,375.0,379.9,373.0,379.0,1.07,18070.0,362.0,208.0
KKHC,11/8/2021,381.0,381.0,364.1,372.0,-1.85,6854.0,362.0,208.0
KKHC,11/9/2021,365.0,367.0,347.0,351.0,-5.65,21560.0,362.0,208.0
KKHC,11/11/2021,344.0,351.0,330.0,338.0,-3.7,13052.0,362.0,208.0
KKHC,11/14/2021,331.4,350.0,331.3,338.0,0.0,14625.0,362.0,208.0
KKHC,11/15/2021,342.0,359.9,342.0,352.0,4.14,11694.0,362.0,208.0
KKHC,11/16/2021,352.0,366.0,346.0,365.0,3.69,14734.0,362.0,208.0
KKHC,11/17/2021,372.0,380.0,357.7,360.0,-1.37,20696.0,362.0,208.0
KKHC,11/18/2021,353.1,357.0,348.0,352.0,-2.22,15411.0,362.0,208.0
KKHC,11/21/2021,352.0,358.0,347.0,348.0,-1.14,14794.0,362.0,208.0
KKHC,11/22/2021,350.0,375.0,350.0,365.5,5.03,43301.0,362.0,208.0
KKHC,11/23/2021,358.3,369.2,347.0,350.0,-4.24,18883.0,362.0,208.0
KKHC,11/24/2021,356.9,372.0,338.1,362.0,3.43,22811.0,362.0,208.0
KKHC,11/25/2021,369.1,369.1,357.7,360.0,-0.55,13738.0,362.0,208.0
KKHC,11/28/2021,352.8,353.0,338.0,339.0,-5.83,19172.0,362.0,208.0
KKHC,11/29/2021,340.0,351.9,332.0,336.0,-0.88,14153.0,362.0,208.0
KKHC,11/30/2021,335.0,348.5,329.0,335.0,-0.3,41628.0,362.0,208.0
KKHC,12/1/2021,341.0,341.7,328.3,330.0,-1.49,33711.0,362.0,208.0
KKHC,12/2/2021,336.0,340.0,317.0,320.0,-3.03,17373.0,362.0,208.0
KKHC,12/5/2021,320.4,326.0,310.0,310.0,-3.12,13029.0,362.0,208.0
KKHC,12/6/2021,304.0,327.9,292.0,323.9,4.48,20522.0,362.0,208.0
KKHC,12/7/2021,330.0,336.9,312.0,314.0,-3.06,11146.0,362.0,208.0
KKHC,12/8/2021,314.0,317.3,295.0,300.0,-4.46,21675.0,362.0,208.0
KKHC,12/9/2021,300.0,306.0,292.0,299.4,-0.2,15928.0,362.0,208.0
KKHC,12/12/2021,305.0,307.0,279.4,279.4,-6.68,15859.0,362.0,208.0
KKHC,12/13/2021,273.9,275.0,251.5,256.0,-8.38,27533.0,362.0,208.0
KKHC,12/14/2021,261.0,281.6,260.0,281.6,10.0,11889.0,362.0,208.0
KKHC,12/15/2021,287.0,309.7,270.2,285.0,1.21,41913.0,362.0,208.0
KKHC,12/16/2021,285.0,288.0,275.1,279.0,-2.11,9742.0,362.0,208.0
KKHC,12/20/2021,275.0,284.0,265.0,270.0,-3.23,10960.0,362.0,208.0
KKHC,12/21/2021,275.0,288.0,273.0,286.0,5.93,7169.0,362.0,208.0
KKHC,12/22/2021,291.7,300.0,288.4,295.0,3.15,31725.0,362.0,208.0
KKHC,12/23/2021,300.9,312.0,290.0,295.0,0.0,20277.0,362.0,208.0
KKHC,12/26/2021,295.0,299.0,290.0,290.0,-1.69,7594.0,362.0,208.0
KKHC,12/27/2021,285.0,294.0,278.5,279.0,-3.79,13902.0,362.0,208.0
KKHC,12/28/2021,275.0,286.0,268.5,280.0,0.36,13900.0,362.0,208.0
KKHC,12/29/2021,275.0,285.0,275.0,282.0,0.71,4942.0,362.0,208.0
KKHC,1/2/2022,282.0,283.0,276.4,279.0,-1.06,8084.0,362.0,208.0
KKHC,1/3/2022,284.0,284.0,277.0,278.0,-0.36,12504.0,362.0,208.0
KKHC,1/4/2022,276.0,281.0,276.0,280.0,0.72,7265.0,362.0,208.0
KKHC,1/5/2022,281.0,295.0,280.8,282.0,0.71,15918.0,362.0,208.0
KKHC,1/6/2022,282.0,290.0,278.0,287.0,1.77,11932.0,362.0,208.0
KKHC,1/9/2022,292.7,308.0,292.7,305.0,6.27,45190.0,362.0,208.0
KKHC,1/10/2022,311.0,335.5,311.0,330.0,8.2,77087.0,362.0,208.0
KKHC,1/11/2022,336.0,342.7,326.5,334.0,1.21,36164.0,362.0,208.0
KKHC,1/12/2022,335.0,344.0,321.1,325.0,-2.69,28712.0,362.0,208.0
KKHC,1/13/2022,324.0,338.0,318.0,336.0,3.38,34222.0,362.0,208.0
KKHC,1/16/2022,342.0,360.0,342.0,358.0,6.55,54980.0,362.0,208.0
KKHC,1/17/2022,363.0,365.0,343.1,352.5,-1.54,37317.0,362.0,208.0
KKHC,1/18/2022,357.0,357.0,327.0,337.0,-4.4,29813.0,362.0,208.0
KKHC,1/19/2022,343.7,343.7,328.0,330.0,-2.08,24591.0,362.0,208.0
KKHC,1/20/2022,330.0,345.0,325.0,342.0,3.64,23380.0,362.0,208.0
KKHC,1/23/2022,348.0,350.0,333.5,340.0,-0.58,15417.0,362.0,208.0
KKHC,1/24/2022,340.0,340.0,318.0,322.0,-5.29,43412.0,362.0,208.0
KKHC,1/25/2022,321.0,331.0,310.0,324.0,0.62,20355.0,362.0,208.0
KKHC,1/26/2022,318.0,325.0,307.8,313.9,-3.12,18358.0,362.0,208.0
KKHC,1/27/2022,315.0,320.0,309.0,314.0,0.03,9932.0,362.0,208.0
KKHC,1/30/2022,320.2,339.0,320.2,334.0,6.37,37346.0,362.0,208.0
KKHC,1/31/2022,340.6,340.6,325.0,327.0,-2.1,11168.0,362.0,208.0
KKHC,2/1/2022,327.4,337.9,321.0,334.0,2.14,24999.0,362.0,208.0
KKHC,2/3/2022,340.0,345.4,332.0,335.0,0.3,35071.0,362.0,208.0
KKHC,2/6/2022,334.9,334.9,323.0,323.0,-3.58,21191.0,362.0,208.0
KKHC,2/7/2022,322.0,334.0,320.0,329.0,1.86,9168.0,362.0,208.0
KKHC,2/8/2022,335.5,351.9,324.0,324.0,-1.52,44343.0,362.0,208.0
KKHC,2/9/2022,325.0,330.0,312.0,320.0,-1.23,64246.0,362.0,208.0
KKHC,2/10/2022,320.0,329.0,320.0,324.0,1.25,14645.0,362.0,208.0
KKHC,2/13/2022,317.6,318.0,302.7,308.0,-4.94,31817.0,362.0,208.0
KKHC,2/14/2022,314.0,316.0,304.0,306.1,-0.62,18767.0,362.0,208.0
KKHC,2/15/2022,312.2,324.0,310.0,324.0,5.85,14690.0,362.0,208.0
KKHC,2/16/2022,324.0,328.0,312.0,314.0,-3.09,11089.0,362.0,208.0
KKHC,2/17/2022,311.0,320.2,310.1,313.5,-0.16,6794.0,362.0,208.0
KKHC,2/20/2022,307.3,317.0,303.0,309.0,-1.44,20074.0,362.0,208.0
KKHC,2/21/2022,310.0,316.2,307.0,315.0,1.94,7627.0,362.0,208.0
KKHC,2/22/2022,320.0,330.0,315.0,320.0,1.59,23877.0,362.0,208.0
KKHC,2/23/2022,320.0,350.8,320.0,333.0,4.06,50485.0,362.0,208.0
KKHC,2/24/2022,335.0,346.6,319.0,321.5,-3.45,35643.0,362.0,208.0
KKHC,2/27/2022,321.5,334.0,316.0,326.0,1.4,25585.0,362.0,208.0
KKHC,2/28/2022,331.0,340.0,316.0,317.0,-2.76,25167.0,362.0,208.0
KKHC,3/2/2022,317.0,317.0,305.0,306.1,-3.44,12186.0,362.0,208.0
KKHC,3/6/2022,310.0,313.0,294.0,305.0,-0.36,15940.0,362.0,208.0
KKHC,3/7/2022,310.0,310.0,300.0,301.0,-1.31,8050.0,362.0,208.0
KKHC,3/9/2022,300.0,302.1,291.0,291.0,-3.32,12246.0,362.0,208.0
KKHC,3/10/2022,296.8,305.5,293.0,305.0,4.81,14814.0,362.0,208.0
KKHC,3/13/2022,311.1,317.0,305.0,315.1,3.31,11037.0,362.0,208.0
KKHC,3/14/2022,315.0,315.0,312.0,312.0,-0.98,1986.0,362.0,208.0
KKHC,3/15/2022,318.0,318.0,307.0,309.0,-0.96,11072.0,362.0,208.0
KKHC,3/16/2022,313.5,313.5,305.0,307.5,-0.49,4511.0,362.0,208.0
KKHC,3/20/2022,313.6,313.6,302.0,303.0,-1.46,5441.0,362.0,208.0
KKHC,3/21/2022,304.0,315.0,299.0,314.0,3.63,10030.0,362.0,208.0
KKHC,3/22/2022,314.0,318.0,304.0,309.0,-1.59,9778.0,362.0,208.0
KKHC,3/23/2022,304.0,310.0,299.0,299.0,-3.24,29897.0,362.0,208.0
KKHC,3/24/2022,304.0,305.0,298.0,301.0,0.67,12622.0,362.0,208.0
KKHC,3/27/2022,306.0,306.0,293.0,295.0,-1.99,8782.0,362.0,208.0
KKHC,3/28/2022,296.0,299.0,289.0,289.0,-2.03,11168.0,362.0,208.0
KKHC,3/29/2022,293.5,295.0,285.0,290.0,0.35,4801.0,362.0,208.0
KKHC,3/30/2022,285.0,295.0,285.0,295.0,1.72,11914.0,362.0,208.0
KKHC,3/31/2022,300.0,305.0,284.0,285.0,-3.39,8973.0,362.0,208.0
KKHC,4/3/2022,290.7,290.7,275.0,275.1,-3.47,8411.0,362.0,208.0
KKHC,4/4/2022,275.5,282.9,275.0,275.0,-0.04,7828.0,362.0,208.0
KKHC,4/5/2022,272.5,276.0,266.6,270.0,-1.82,10668.0,362.0,208.0
KKHC,4/6/2022,268.0,273.0,265.0,265.0,-1.85,7374.0,362.0,208.0
KKHC,4/7/2022,260.0,275.0,260.0,270.0,1.89,12585.0,362.0,208.0
KKHC,4/11/2022,275.4,284.0,262.0,262.7,-2.7,8982.0,362.0,208.0
KKHC,4/12/2022,260.0,260.0,250.0,255.0,-2.93,11523.0,362.0,208.0
KKHC,4/13/2022,255.0,262.0,250.0,257.0,0.78,6105.0,362.0,208.0
KKHC,4/17/2022,261.0,261.0,249.1,254.7,-0.89,6434.0,362.0,208.0
KKHC,4/18/2022,250.7,250.7,242.0,243.9,-4.24,5502.0,362.0,208.0
KKHC,4/19/2022,240.0,246.7,230.0,240.0,-1.6,8622.0,362.0,208.0
KKHC,4/20/2022,244.8,249.6,229.0,230.0,-4.17,7670.0,362.0,208.0
KKHC,4/21/2022,230.0,235.6,220.1,231.0,0.43,5906.0,362.0,208.0
KKHC,4/24/2022,235.6,254.1,230.0,254.1,10.0,8777.0,362.0,208.0
KKHC,4/25/2022,259.1,270.0,253.0,257.1,1.18,15852.0,362.0,208.0
KKHC,4/26/2022,252.0,267.4,252.0,259.0,0.74,7284.0,362.0,208.0
KKHC,4/27/2022,256.0,261.0,251.0,255.0,-1.54,6722.0,362.0,208.0
KKHC,4/28/2022,255.0,260.0,247.0,250.0,-1.96,11501.0,362.0,208.0
KKHC,5/2/2022,245.0,245.0,235.5,236.0,-5.6,4882.0,362.0,208.0
KKHC,5/4/2022,235.9,240.0,226.0,230.0,-2.54,4569.0,362.0,208.0
KKHC,5/5/2022,230.0,230.0,223.5,227.0,-1.3,13068.0,362.0,208.0
KKHC,5/8/2022,227.0,240.8,218.8,240.8,6.08,7908.0,362.0,208.0
KKHC,5/9/2022,236.0,250.0,234.0,241.0,0.08,4692.0,362.0,208.0
KKHC,5/10/2022,241.0,254.0,236.2,254.0,5.39,4742.0,362.0,208.0
KKHC,5/11/2022,254.0,272.0,253.9,270.0,6.3,9353.0,362.0,208.0
KKHC,5/12/2022,275.0,280.0,260.0,260.0,-3.7,10445.0,362.0,208.0
KKHC,5/17/2022,255.0,255.0,237.3,242.0,-6.92,11035.0,362.0,208.0
KKHC,5/18/2022,238.1,253.4,235.0,252.9,4.5,17161.0,362.0,208.0
KKHC,5/19/2022,250.0,260.0,243.0,243.0,-3.91,5681.0,362.0,208.0
KKHC,5/20/2022,246.9,246.9,239.1,243.0,0.0,1912.0,362.0,208.0
KKHC,5/23/2022,238.3,241.0,229.5,238.0,-2.06,21798.0,362.0,208.0
KKHC,5/24/2022,235.0,244.0,229.0,240.0,0.84,23718.0,362.0,208.0
KKHC,5/25/2022,240.0,242.5,230.0,238.7,-0.54,17431.0,362.0,208.0
KKHC,5/26/2022,239.0,246.9,229.0,236.2,-1.05,15458.0,362.0,208.0
KKHC,5/27/2022,240.9,240.9,230.0,231.0,-2.2,10517.0,362.0,208.0
KKHC,5/30/2022,235.6,235.6,224.0,227.0,-1.73,6324.0,362.0,208.0
KKHC,5/31/2022,222.5,229.5,220.0,224.0,-1.32,8255.0,362.0,208.0
KKHC,6/1/2022,225.0,228.4,218.0,223.0,-0.45,17991.0,362.0,208.0
KKHC,6/2/2022,227.3,227.3,218.0,221.0,-0.9,6081.0,362.0,208.0
KKHC,6/3/2022,225.0,225.0,215.0,218.0,-1.36,10188.0,362.0,208.0
KKHC,6/6/2022,222.0,226.0,213.0,215.6,-1.1,6883.0,362.0,208.0
KKHC,6/7/2022,219.0,220.0,210.0,211.0,-2.13,7136.0,362.0,208.0
KKHC,6/8/2022,215.2,230.0,212.0,221.0,4.74,8880.0,362.0,208.0
KKHC,6/9/2022,225.4,229.0,218.0,219.0,-0.9,11606.0,362.0,208.0
KKHC,6/10/2022,223.3,227.6,211.1,216.0,-1.37,4889.0,362.0,208.0
KKHC,6/13/2022,216.0,220.0,212.5,212.5,-1.62,2292.0,362.0,208.0
KKHC,6/14/2022,210.0,215.0,209.0,209.0,-1.65,8178.0,362.0,208.0
KKHC,6/15/2022,209.0,210.0,201.0,205.0,-1.91,7360.0,362.0,208.0
KKHC,6/16/2022,209.0,215.0,205.1,211.0,2.93,7392.0,362.0,208.0
KKHC,6/17/2022,215.2,215.2,205.7,211.0,0.0,2155.0,362.0,208.0
KKHC,6/19/2022,207.0,207.0,200.0,200.0,-5.21,5558.0,362.0,208.0
KKHC,6/20/2022,196.0,200.0,188.0,188.0,-6.0,10556.0,362.0,208.0
KKHC,6/21/2022,184.3,202.0,184.3,192.0,2.13,10948.0,362.0,208.0
KKHC,6/22/2022,195.0,195.0,188.0,193.0,0.52,5912.0,362.0,208.0
KKHC,6/23/2022,189.2,189.2,177.4,180.0,-6.74,6334.0,362.0,208.0
KKHC,6/24/2022,176.5,194.0,171.5,185.0,2.78,4351.0,362.0,208.0
KKHC,6/26/2022,188.7,203.0,188.7,201.7,9.03,13873.0,362.0,208.0
KKHC,6/27/2022,205.0,213.0,196.0,196.0,-2.83,14037.0,362.0,208.0
KKHC,6/28/2022,192.1,199.8,190.0,196.0,0.0,5459.0,362.0,208.0
KKHC,6/29/2022,193.0,209.0,193.0,202.9,3.52,13588.0,362.0,208.0
KKHC,6/30/2022,198.9,214.0,198.9,212.0,4.48,12050.0,362.0,208.0
KKHC,7/1/2022,209.0,217.3,205.0,209.3,-1.27,7062.0,362.0,208.0
KKHC,7/3/2022,209.0,222.0,207.0,221.9,6.02,9392.0,362.0,208.0
KKHC,7/4/2022,222.0,240.0,215.0,215.0,-3.11,36823.0,362.0,208.0
KKHC,7/5/2022,215.0,223.0,208.1,209.1,-2.74,14127.0,362.0,208.0
KKHC,7/6/2022,213.2,217.0,204.0,216.1,3.35,8883.0,362.0,208.0
KKHC,7/7/2022,216.0,224.1,211.0,211.0,-2.36,11197.0,362.0,208.0
KKHC,7/8/2022,207.0,211.0,207.0,209.0,-0.95,2813.0,362.0,208.0
KKHC,7/11/2022,204.9,204.9,195.5,199.0,-4.78,10406.0,362.0,208.0
KKHC,7/12/2022,195.1,210.0,192.0,200.0,0.5,14687.0,362.0,208.0
KKHC,7/13/2022,204.0,213.0,200.0,212.0,6.0,10743.0,362.0,208.0
KKHC,7/14/2022,216.2,220.0,207.9,210.2,-0.85,3521.0,362.0,208.0
KKHC,7/15/2022,207.0,212.0,206.0,211.0,0.38,3846.0,362.0,208.0
KKHC,7/17/2022,215.0,215.0,208.8,212.0,0.47,3427.0,362.0,208.0
KKHC,7/18/2022,209.4,213.5,209.0,212.1,0.05,2759.0,362.0,208.0
KKHC,7/19/2022,216.0,216.3,207.9,213.9,0.85,7592.0,362.0,208.0
KKHC,7/20/2022,218.0,218.0,209.0,214.0,0.05,6911.0,362.0,208.0
KKHC,7/21/2022,209.8,213.9,209.1,213.0,-0.47,4240.0,362.0,208.0
KKHC,7/22/2022,208.8,208.9,205.0,207.0,-2.82,4947.0,362.0,208.0
KKHC,7/24/2022,210.0,218.0,204.0,218.0,5.31,19097.0,362.0,208.0
KKHC,7/25/2022,222.3,239.8,217.0,234.9,7.75,30730.0,362.0,208.0
KKHC,7/26/2022,230.5,238.0,224.1,229.0,-2.51,16460.0,362.0,208.0
KKHC,7/27/2022,224.5,237.0,221.2,235.0,2.62,12455.0,362.0,208.0
KKHC,7/28/2022,239.0,243.1,231.0,231.0,-1.7,29138.0,362.0,208.0
KKHC,7/29/2022,231.0,240.0,228.0,238.0,3.03,8945.0,362.0,208.0
KKHC,7/31/2022,242.0,246.8,238.0,243.0,2.1,21399.0,362.0,208.0
KKHC,8/1/2022,239.0,254.8,239.0,243.0,0.0,20980.0,362.0,208.0
KKHC,8/2/2022,242.0,246.0,241.0,242.0,-0.41,20385.0,362.0,208.0
KKHC,8/3/2022,243.0,255.0,243.0,248.9,2.85,23068.0,362.0,208.0
KKHC,8/4/2022,248.0,254.0,244.0,244.0,-1.97,42412.0,362.0,208.0
KKHC,8/5/2022,239.2,253.4,235.2,236.0,-3.28,11524.0,362.0,208.0
KKHC,8/7/2022,240.0,245.0,236.2,236.2,0.08,18169.0,362.0,208.0
KKHC,8/8/2022,237.0,245.0,235.2,236.2,0.0,11034.0,362.0,208.0
KKHC,8/9/2022,240.9,245.0,222.1,229.3,-2.92,17395.0,362.0,208.0
KKHC,8/10/2022,224.8,233.0,216.0,228.9,-0.17,13981.0,362.0,208.0
KKHC,8/11/2022,233.4,233.4,222.0,225.0,-1.7,7489.0,362.0,208.0
KKHC,8/14/2022,229.5,229.5,213.7,215.0,-4.44,5122.0,362.0,208.0
KKHC,8/15/2022,210.7,231.0,206.5,231.0,7.44,14097.0,362.0,208.0
KKHC,8/16/2022,235.5,245.0,221.9,224.0,-3.03,8069.0,362.0,208.0
KKHC,8/17/2022,220.0,232.2,220.0,230.0,2.68,11475.0,362.0,208.0
KKHC,8/18/2022,234.6,235.0,226.0,231.2,0.52,18731.0,362.0,208.0
KKHC,8/21/2022,235.0,235.5,225.7,232.9,0.74,10772.0,362.0,208.0
KKHC,8/22/2022,228.3,234.9,223.8,229.0,-1.67,8063.0,362.0,208.0
KKHC,8/23/2022,224.6,229.5,223.5,224.0,-2.18,4370.0,362.0,208.0
KKHC,8/24/2022,220.0,229.6,220.0,229.6,2.5,7767.0,362.0,208.0
KKHC,8/25/2022,226.2,229.0,219.0,220.0,-4.18,6296.0,362.0,208.0
KKHC,8/26/2022,220.0,228.8,215.6,218.0,-0.91,7235.0,362.0,208.0
KKHC,8/28/2022,215.0,218.9,203.0,208.0,-4.59,12214.0,362.0,208.0
KKHC,8/29/2022,212.1,216.3,205.0,213.9,2.84,4100.0,362.0,208.0
KKHC,8/30/2022,217.0,219.3,209.7,215.0,0.51,2541.0,362.0,208.0
KKHC,8/31/2022,219.3,219.3,204.1,204.1,-5.07,7591.0,362.0,208.0
KKHC,9/1/2022,200.1,214.0,200.0,208.9,2.35,10358.0,362.0,208.0
KKHC,9/2/2022,213.0,213.0,206.0,207.0,-0.91,1450.0,362.0,208.0
KKHC,9/4/2022,211.1,215.0,203.1,208.0,0.48,3373.0,362.0,208.0
KKHC,9/5/2022,208.0,210.0,202.9,206.9,-0.53,9233.0,362.0,208.0
KKHC,9/6/2022,205.5,205.5,200.9,201.1,-2.8,2905.0,362.0,208.0
KKHC,9/7/2022,202.2,205.0,194.4,198.9,-1.09,4016.0,362.0,208.0
KKHC,9/8/2022,202.7,202.8,196.0,201.0,1.06,8849.0,362.0,208.0
KKHC,9/11/2022,203.0,203.0,198.0,202.0,0.5,2744.0,362.0,208.0
KKHC,9/12/2022,201.0,201.0,195.1,197.2,-2.38,3837.0,362.0,208.0
KKHC,9/13/2022,194.0,209.1,194.0,203.0,2.94,2778.0,362.0,208.0
KKHC,9/14/2022,207.0,210.0,202.9,209.0,2.96,6298.0,362.0,208.0
KKHC,9/15/2022,211.0,211.0,199.0,199.0,-4.78,8480.0,362.0,208.0
KKHC,9/16/2022,199.0,200.0,191.2,198.0,-0.5,4078.0,362.0,208.0
KKHC,9/18/2022,194.2,194.2,190.3,191.9,-3.08,6187.0,362.0,208.0
KKHC,9/20/2022,188.1,190.0,180.0,181.9,-5.21,8489.0,362.0,208.0
KKHC,9/21/2022,185.5,188.0,181.3,181.3,-0.33,5691.0,362.0,208.0
KKHC,9/22/2022,181.0,188.5,177.0,177.0,-2.37,4722.0,362.0,208.0
KKHC,9/25/2022,174.0,177.0,168.0,168.0,-5.08,3883.0,362.0,208.0
KKHC,9/27/2022,171.0,174.4,168.0,170.0,1.19,7309.0,362.0,208.0
KKHC,9/28/2022,173.4,176.0,170.0,170.0,0.0,4219.0,362.0,208.0
KKHC,9/29/2022,173.4,176.0,170.0,175.0,2.94,2978.0,362.0,208.0
KKHC,10/9/2022,178.5,182.0,177.0,180.9,3.37,2943.0,362.0,208.0
KKHC,10/10/2022,181.1,186.0,178.1,178.1,-1.55,3223.0,362.0,208.0
KKHC,10/11/2022,175.0,175.0,168.1,175.0,-1.74,3034.0,362.0,208.0
KKHC,10/12/2022,178.5,181.9,174.0,177.5,1.43,3065.0,362.0,208.0
KKHC,10/13/2022,181.0,182.0,175.0,180.0,1.41,3280.0,362.0,208.0
KKHC,10/16/2022,180.0,181.0,175.0,175.0,-2.78,1633.0,362.0,208.0
KKHC,10/17/2022,172.0,175.6,171.0,171.0,-2.29,1562.0,362.0,208.0
KKHC,10/19/2022,171.0,171.0,167.0,167.5,-2.05,3858.0,362.0,208.0
KKHC,10/20/2022,167.5,170.0,167.1,169.0,0.9,2430.0,362.0,208.0
KKHC,10/23/2022,169.0,172.0,166.0,169.0,0.0,2603.0,362.0,208.0
KKHC,10/31/2022,172.0,172.3,168.0,170.0,0.59,1854.0,362.0,208.0
KKHC,11/1/2022,170.0,180.3,170.0,180.0,5.88,4799.0,362.0,208.0
KKHC,11/2/2022,180.0,185.0,178.0,178.0,-1.11,12941.0,362.0,208.0
KKHC,11/3/2022,181.5,182.0,178.0,179.0,0.56,4457.0,362.0,208.0
KKHC,11/6/2022,179.0,185.0,177.1,184.9,3.3,6011.0,362.0,208.0
KKHC,11/7/2022,188.5,190.0,181.0,183.5,-0.76,7150.0,362.0,208.0
KKHC,11/8/2022,181.0,183.0,178.0,180.1,-1.85,3368.0,362.0,208.0
KKHC,11/9/2022,181.0,181.0,175.0,178.9,-0.67,5838.0,362.0,208.0
KKHC,11/10/2022,176.0,176.0,172.1,174.0,-2.74,4238.0,362.0,208.0
KKHC,11/13/2022,170.6,172.3,169.0,172.3,-0.98,1357.0,362.0,208.0
KKHC,11/14/2022,175.0,175.0,171.5,174.7,1.39,3836.0,362.0,208.0
KKHC,11/15/2022,178.1,182.0,174.0,178.0,1.89,6316.0,362.0,208.0
KKHC,11/16/2022,181.5,181.5,175.0,179.0,0.56,5465.0,362.0,208.0
KKHC,11/17/2022,182.5,188.0,182.5,188.0,5.03,19416.0,362.0,208.0
KKHC,11/22/2022,188.0,195.5,184.1,185.0,-1.6,7493.0,362.0,208.0
KKHC,11/23/2022,185.0,185.0,181.3,182.0,-1.62,4284.0,362.0,208.0
KKHC,11/24/2022,179.0,188.4,179.0,186.7,2.58,10316.0,362.0,208.0
KKHC,11/27/2022,187.0,193.0,187.0,191.0,2.3,6929.0,362.0,208.0
KKHC,11/28/2022,191.2,196.5,191.2,192.0,0.52,11608.0,362.0,208.0
KKHC,11/29/2022,191.5,193.5,188.2,193.0,0.52,4308.0,362.0,208.0
KKHC,11/30/2022,196.0,196.0,190.5,191.0,-1.04,2858.0,362.0,208.0
KKHC,12/1/2022,190.0,194.0,187.6,190.0,-0.52,4391.0,362.0,208.0
KKHC,12/4/2022,187.0,191.0,186.3,188.1,-1.0,3518.0,362.0,208.0
KKHC,12/5/2022,187.0,187.0,181.1,184.0,-2.18,4196.0,362.0,208.0
KKHC,12/6/2022,181.4,186.9,181.0,181.2,-1.52,2936.0,362.0,208.0
KKHC,12/7/2022,184.0,184.0,178.0,178.0,-1.77,3418.0,362.0,208.0
KKHC,12/11/2022,178.0,178.0,172.0,174.5,-1.97,3920.0,362.0,208.0
KKHC,12/12/2022,174.5,180.0,174.5,177.6,1.78,5022.0,362.0,208.0
KKHC,12/13/2022,180.0,183.0,178.0,183.0,3.04,5057.0,362.0,208.0
KKHC,12/14/2022,180.0,183.6,178.0,178.5,-2.46,995.0,362.0,208.0
KKHC,12/15/2022,176.0,177.4,173.5,173.9,-2.58,5902.0,362.0,208.0
KKHC,12/18/2022,174.0,175.4,170.5,170.5,-1.96,4569.0,362.0,208.0
KKHC,12/19/2022,167.1,177.2,163.8,173.0,1.47,6687.0,362.0,208.0
KKHC,12/20/2022,176.4,187.0,173.0,176.0,1.73,3358.0,362.0,208.0
KKHC,12/21/2022,177.0,179.0,171.1,178.8,1.59,1513.0,362.0,208.0
KKHC,12/22/2022,175.4,175.4,172.0,174.0,-2.68,2715.0,362.0,208.0
KKHC,12/26/2022,177.4,189.0,176.0,186.0,6.9,14374.0,362.0,208.0
KKHC,12/27/2022,189.7,200.0,189.7,198.6,6.77,22550.0,362.0,208.0
KKHC,12/28/2022,199.0,199.0,188.0,194.0,-2.32,17731.0,362.0,208.0
KKHC,12/29/2022,194.0,204.0,190.6,203.9,5.1,15176.0,362.0,208.0
KKHC,1/1/2023,207.0,216.0,204.0,206.0,1.03,20819.0,362.0,208.0
KKHC,1/2/2023,210.0,213.5,203.9,210.0,1.94,9693.0,362.0,208.0
KKHC,1/3/2023,214.0,217.9,206.1,208.0,-0.95,9119.0,362.0,208.0
KKHC,1/4/2023,208.0,216.1,207.7,215.0,3.37,21569.0,362.0,208.0
KKHC,1/5/2023,219.0,224.0,215.0,223.0,3.72,36644.0,362.0,208.0
KKHC,1/8/2023,227.4,236.5,222.0,229.0,2.69,26523.0,362.0,208.0
KKHC,1/9/2023,233.0,251.9,230.0,251.9,10.0,34717.0,362.0,208.0
KKHC,1/10/2023,253.9,277.0,249.9,268.3,6.51,97207.0,362.0,208.0
KKHC,1/12/2023,273.6,288.0,249.0,252.0,-6.08,38408.0,362.0,208.0
KKHC,1/17/2023,257.0,270.5,247.0,260.0,3.17,28789.0,362.0,208.0
KKHC,1/18/2023,265.0,279.0,265.0,270.0,3.85,54642.0,362.0,208.0
KKHC,1/19/2023,270.0,273.0,267.0,269.0,-0.37,11140.0,362.0,208.0
KKHC,1/23/2023,270.0,270.0,253.0,257.0,-4.46,19485.0,362.0,208.0
KKHC,1/24/2023,251.9,256.5,237.8,256.5,-0.19,44705.0,362.0,208.0
KKHC,1/25/2023,253.5,267.2,253.5,264.9,3.27,19341.0,362.0,208.0
KKHC,1/26/2023,270.0,272.1,262.0,262.0,-1.09,8866.0,362.0,208.0
KKHC,1/29/2023,262.0,264.1,253.9,257.0,-1.91,15345.0,362.0,208.0
KKHC,1/30/2023,262.0,262.0,250.0,250.1,-2.68,10487.0,362.0,208.0
KKHC,1/31/2023,245.1,260.0,236.0,250.0,-0.04,15972.0,362.0,208.0
KKHC,2/1/2023,250.0,253.9,248.0,252.0,0.8,7617.0,362.0,208.0
KKHC,2/2/2023,257.0,257.0,242.0,242.0,-3.97,17165.0,362.0,208.0
KKHC,2/5/2023,246.8,253.4,242.0,245.0,1.24,7712.0,362.0,208.0
KKHC,2/6/2023,241.0,245.0,241.0,243.0,-0.82,6717.0,362.0,208.0
KKHC,2/7/2023,242.0,267.3,241.0,267.3,10.0,36086.0,362.0,208.0
KKHC,2/8/2023,272.0,283.5,262.7,269.5,0.82,32512.0,362.0,208.0
KKHC,2/9/2023,268.0,274.0,264.0,272.0,0.93,21106.0,362.0,208.0
KKHC,2/12/2023,266.6,266.6,255.0,255.0,-6.25,32453.0,362.0,208.0
KKHC,2/14/2023,255.0,260.1,252.0,252.0,-1.18,10463.0,362.0,208.0
KKHC,2/15/2023,250.0,260.0,245.0,249.0,-1.19,15052.0,362.0,208.0
KKHC,2/16/2023,253.9,253.9,244.6,245.2,-1.53,18360.0,362.0,208.0
KKHC,2/20/2023,245.0,252.1,240.5,242.0,-1.31,11600.0,362.0,208.0
KKHC,2/22/2023,244.0,258.0,244.0,255.0,5.37,13755.0,362.0,208.0
KKHC,2/23/2023,255.0,255.0,247.1,248.3,-2.63,16394.0,362.0,208.0
KKHC,2/26/2023,243.4,256.0,236.0,254.0,2.3,11466.0,362.0,208.0
KKHC,2/27/2023,255.1,259.0,246.0,253.8,-0.08,10752.0,362.0,208.0
KKHC,2/28/2023,258.8,263.9,249.9,253.0,-0.32,5406.0,362.0,208.0
KKHC,3/1/2023,258.0,258.0,248.5,248.5,-1.78,4807.0,362.0,208.0
KKHC,3/2/2023,244.1,247.9,243.8,245.0,-1.41,7473.0,362.0,208.0
KKHC,3/5/2023,242.0,244.0,239.0,240.0,-2.04,9497.0,362.0,208.0
KKHC,3/7/2023,242.0,251.0,241.0,242.0,0.83,6506.0,362.0,208.0
KKHC,3/9/2023,246.8,256.6,246.8,254.0,4.96,13552.0,362.0,208.0
KKHC,3/12/2023,256.9,259.9,249.1,249.1,-1.93,10126.0,362.0,208.0
KKHC,3/13/2023,249.1,250.0,244.0,245.0,-1.65,2629.0,362.0,208.0
KKHC,3/14/2023,242.4,249.0,242.3,247.0,0.82,5633.0,362.0,208.0
KKHC,3/15/2023,245.0,251.0,242.4,246.0,-0.4,7175.0,362.0,208.0
KKHC,3/16/2023,244.0,247.0,242.0,247.0,0.41,5052.0,362.0,208.0
KKHC,3/19/2023,243.0,248.0,243.0,247.0,0.0,3035.0,362.0,208.0
KKHC,3/20/2023,249.9,251.0,248.0,251.0,1.62,7701.0,362.0,208.0
KKHC,3/22/2023,251.0,255.0,246.6,249.0,-0.8,5125.0,362.0,208.0
KKHC,3/23/2023,245.0,247.0,240.5,245.0,-1.61,3226.0,362.0,208.0
KKHC,3/26/2023,245.0,248.9,236.1,239.9,-2.08,9300.0,362.0,208.0
KKHC,3/27/2023,240.0,248.5,235.2,248.5,3.58,6099.0,362.0,208.0
KKHC,3/28/2023,252.5,252.5,244.0,248.1,-0.16,15216.0,362.0,208.0
KKHC,3/29/2023,243.3,247.9,243.3,246.9,-0.48,839.0,362.0,208.0
KKHC,3/30/2023,243.0,247.8,240.3,247.0,0.04,6648.0,362.0,208.0
KKHC,4/2/2023,244.1,248.0,238.0,238.0,-3.64,8451.0,362.0,208.0
KKHC,4/3/2023,235.2,236.0,231.0,233.1,-2.06,6828.0,362.0,208.0
KKHC,4/4/2023,233.0,242.0,230.1,233.0,-0.04,5463.0,362.0,208.0
KKHC,4/5/2023,230.0,237.0,226.0,235.0,0.86,4219.0,362.0,208.0
KKHC,4/6/2023,231.1,236.0,230.0,233.0,-0.85,6145.0,362.0,208.0
KKHC,4/9/2023,228.5,230.0,222.0,224.8,-3.52,11115.0,362.0,208.0
KKHC,4/10/2023,228.0,233.0,222.0,223.0,-0.8,4408.0,362.0,208.0
KKHC,4/11/2023,223.0,230.0,221.0,227.0,1.79,4320.0,362.0,208.0
KKHC,4/12/2023,231.4,249.7,231.4,248.2,9.34,21444.0,362.0,208.0
KKHC,4/13/2023,250.0,253.8,240.0,240.0,-3.3,11403.0,362.0,208.0
KKHC,4/16/2023,240.0,248.0,238.0,240.0,0.0,4224.0,362.0,208.0
KKHC,4/17/2023,238.0,238.0,235.0,235.0,-2.08,4262.0,362.0,208.0
KKHC,4/18/2023,235.0,236.5,232.0,235.0,0.0,2380.0,362.0,208.0
KKHC,4/19/2023,239.0,243.0,235.0,240.0,2.13,5707.0,362.0,208.0
KKHC,4/20/2023,237.5,239.0,232.5,233.0,-2.92,7559.0,362.0,208.0
KKHC,4/23/2023,230.1,234.0,230.0,230.0,-1.29,2711.0,362.0,208.0
KKHC,4/24/2023,229.0,233.0,228.5,230.0,0.0,1913.0,362.0,208.0
KKHC,4/25/2023,230.0,234.6,230.0,234.6,2.0,2262.0,362.0,208.0
KKHC,4/26/2023,231.0,235.0,227.0,231.0,-1.53,10655.0,362.0,208.0
KKHC,4/27/2023,230.0,234.0,226.5,230.0,-0.43,2258.0,362.0,208.0
KKHC,4/30/2023,230.0,230.0,224.0,224.1,-2.57,3850.0,362.0,208.0
KKHC,5/2/2023,225.0,228.5,221.0,221.0,-1.38,3159.0,362.0,208.0
KKHC,5/3/2023,221.0,221.1,218.0,218.0,-1.36,1987.0,362.0,208.0
KKHC,5/4/2023,215.0,221.5,214.1,221.5,1.61,2717.0,362.0,208.0
KKHC,5/7/2023,218.0,220.0,215.0,215.2,-2.84,3348.0,362.0,208.0
KKHC,5/8/2023,211.0,214.0,207.1,210.0,-2.42,2597.0,362.0,208.0
KKHC,5/9/2023,209.0,225.0,209.0,215.0,2.38,3757.0,362.0,208.0
KKHC,5/10/2023,218.0,218.0,213.3,215.0,0.0,1461.0,362.0,208.0
KKHC,5/11/2023,215.0,216.3,212.1,216.0,0.47,1189.0,362.0,208.0
KKHC,5/14/2023,216.0,216.0,207.5,207.6,-3.89,3817.0,362.0,208.0
KKHC,5/15/2023,203.5,211.6,203.5,210.9,1.59,1098.0,362.0,208.0
KKHC,5/16/2023,214.0,214.0,207.1,209.0,-0.9,4599.0,362.0,208.0
KKHC,5/17/2023,209.0,216.0,209.0,215.0,2.87,2810.0,362.0,208.0
KKHC,5/18/2023,212.0,223.0,212.0,223.0,3.72,7041.0,362.0,208.0
KKHC,5/21/2023,223.0,228.5,223.0,223.0,0.0,5130.0,362.0,208.0
KKHC,5/22/2023,220.0,225.9,214.6,221.0,-0.9,3508.0,362.0,208.0
KKHC,5/23/2023,221.0,233.5,221.0,231.0,4.52,7323.0,362.0,208.0
KKHC,5/24/2023,231.0,235.0,225.5,225.6,-2.34,4020.0,362.0,208.0
KKHC,5/28/2023,225.1,230.0,220.0,221.0,-2.04,4722.0,362.0,208.0
KKHC,5/30/2023,220.0,220.0,211.5,211.5,-4.3,9205.0,362.0,208.0
KKHC,5/31/2023,210.0,218.4,210.0,212.5,0.47,7449.0,362.0,208.0
KKHC,6/1/2023,214.0,216.0,210.1,210.5,-0.94,12145.0,362.0,208.0
KKHC,6/4/2023,214.7,221.0,214.7,219.5,4.28,2948.0,362.0,208.0
KKHC,6/5/2023,223.5,224.9,216.1,219.0,-0.23,5286.0,362.0,208.0
KKHC,6/6/2023,219.0,222.0,214.8,220.0,0.46,6188.0,362.0,208.0
KKHC,6/7/2023,224.0,227.1,220.0,220.5,0.23,7195.0,362.0,208.0
KKHC,6/8/2023,224.9,224.9,216.5,220.0,-0.23,5784.0,362.0,208.0
KKHC,6/11/2023,224.4,228.0,220.0,222.5,1.14,5314.0,362.0,208.0
KKHC,6/12/2023,226.8,230.0,218.5,227.0,2.02,15166.0,362.0,208.0
KKHC,6/13/2023,231.0,231.0,225.1,229.0,0.88,9888.0,362.0,208.0
KKHC,6/14/2023,233.5,238.0,222.6,230.0,0.44,14270.0,362.0,208.0
KKHC,6/15/2023,225.4,229.0,222.0,228.8,-0.52,7468.0,362.0,208.0
KKHC,6/18/2023,224.3,230.9,221.0,229.0,0.09,14702.0,362.0,208.0
KKHC,6/19/2023,226.1,228.0,222.0,223.5,-2.4,8058.0,362.0,208.0
KKHC,6/20/2023,223.1,229.0,219.0,219.0,-2.01,11291.0,362.0,208.0
KKHC,6/21/2023,219.1,223.0,215.5,217.5,-0.68,9510.0,362.0,208.0
KKHC,6/22/2023,215.0,218.0,211.7,212.9,-2.11,9598.0,362.0,208.0
KKHC,6/25/2023,210.0,218.0,208.0,218.0,2.4,15272.0,362.0,208.0
KKHC,6/26/2023,222.0,225.0,218.5,220.0,0.92,10208.0,362.0,208.0
KKHC,6/27/2023,222.0,224.5,218.0,224.5,2.05,10185.0,362.0,208.0
KKHC,6/28/2023,224.5,224.5,218.0,221.0,-1.56,5049.0,362.0,208.0
KKHC,7/2/2023,217.0,219.0,211.0,216.0,-2.26,9823.0,362.0,208.0
KKHC,7/3/2023,211.8,224.0,210.0,220.0,1.85,6191.0,362.0,208.0
KKHC,7/4/2023,224.0,224.0,211.1,213.0,-3.18,4557.0,362.0,208.0
KKHC,7/5/2023,213.0,216.0,201.5,202.0,-5.16,14070.0,362.0,208.0
KKHC,7/6/2023,203.0,206.0,198.0,204.0,0.99,10513.0,362.0,208.0
KKHC,7/9/2023,206.0,206.0,200.0,204.0,0.0,4344.0,362.0,208.0
KKHC,7/10/2023,202.5,206.5,196.6,200.0,-1.96,10325.0,362.0,208.0
KKHC,7/11/2023,200.0,204.0,193.0,194.2,-2.9,17066.0,362.0,208.0
KKHC,7/12/2023,198.0,209.0,197.0,208.6,7.42,12839.0,362.0,208.0
KKHC,7/13/2023,212.7,215.0,199.9,202.0,-3.16,4505.0,362.0,208.0
KKHC,7/16/2023,200.0,204.0,196.0,203.6,0.79,6074.0,362.0,208.0
KKHC,7/17/2023,207.6,211.0,199.0,207.9,2.11,6065.0,362.0,208.0
KKHC,7/18/2023,212.0,212.0,202.0,204.0,-1.88,3738.0,362.0,208.0
KKHC,7/19/2023,200.0,205.0,200.0,203.0,-0.49,6161.0,362.0,208.0
KKHC,7/20/2023,203.0,205.0,199.0,200.0,-1.48,10098.0,362.0,208.0
KKHC,7/23/2023,201.0,207.4,201.0,207.4,3.7,4065.0,362.0,208.0
KKHC,7/24/2023,207.0,212.0,206.0,208.9,0.72,7084.0,362.0,208.0
KKHC,7/25/2023,207.0,209.0,203.1,206.0,-1.39,4471.0,362.0,208.0
KKHC,7/26/2023,205.0,206.8,203.5,203.5,-1.21,4192.0,362.0,208.0
KKHC,7/27/2023,201.4,203.0,198.0,200.0,-1.72,11512.0,362.0,208.0
KKHC,7/30/2023,203.0,204.0,196.5,199.9,-0.05,4174.0,362.0,208.0
KKHC,7/31/2023,196.0,201.0,196.0,196.0,-1.95,2956.0,362.0,208.0
KKHC,8/1/2023,198.0,198.9,194.6,198.9,1.48,3199.0,362.0,208.0
KKHC,8/2/2023,195.0,197.8,193.0,195.0,-1.96,2710.0,362.0,208.0
KKHC,8/3/2023,194.0,194.9,190.5,193.5,-0.77,7114.0,362.0,208.0
KKHC,8/6/2023,190.8,193.7,187.0,193.5,0.0,1858.0,362.0,208.0
KKHC,8/7/2023,189.9,191.7,186.3,191.0,-1.29,1893.0,362.0,208.0
KKHC,8/8/2023,190.0,200.9,186.1,186.1,-2.57,7849.0,362.0,208.0
KKHC,8/9/2023,184.0,189.9,184.0,188.0,1.02,3856.0,362.0,208.0
KKHC,8/10/2023,188.0,191.0,185.0,190.0,1.06,4582.0,362.0,208.0
KKHC,8/13/2023,187.0,190.0,185.0,189.9,-0.05,1241.0,362.0,208.0
KKHC,8/14/2023,190.0,190.0,183.3,187.7,-1.16,2055.0,362.0,208.0
KKHC,8/15/2023,184.0,185.0,178.5,178.5,-4.9,7373.0,362.0,208.0
KKHC,8/16/2023,182.0,182.0,168.5,175.0,-1.96,3665.0,362.0,208.0
KKHC,8/17/2023,178.0,178.0,171.5,174.7,-0.17,2323.0,362.0,208.0
KKHC,8/20/2023,175.0,176.4,171.3,172.0,-1.55,2324.0,362.0,208.0
KKHC,8/21/2023,172.1,173.5,170.5,171.0,-0.58,3050.0,362.0,208.0
KKHC,8/22/2023,168.0,172.9,168.0,172.9,1.11,2241.0,362.0,208.0
KKHC,8/23/2023,176.3,184.0,176.3,182.0,5.26,3769.0,362.0,208.0
KKHC,8/24/2023,185.0,185.0,178.0,178.0,-2.2,2245.0,362.0,208.0
KKHC,8/27/2023,174.5,180.0,168.0,168.2,-5.51,3345.0,362.0,208.0
KKHC,8/28/2023,165.0,178.0,165.0,169.0,0.48,1062.0,362.0,208.0
KKHC,8/29/2023,165.7,173.5,165.7,169.0,0.0,2626.0,362.0,208.0
KKHC,8/30/2023,172.3,172.3,167.5,169.9,0.53,6647.0,362.0,208.0
KKHC,9/3/2023,169.0,170.0,167.0,169.8,-0.06,1288.0,362.0,208.0
KKHC,9/4/2023,173.1,173.1,166.4,169.0,-0.47,782.0,362.0,208.0
KKHC,9/5/2023,165.7,168.9,163.0,168.0,-0.59,1880.0,362.0,208.0
KKHC,9/7/2023,166.0,166.0,162.0,162.0,-3.57,2821.0,362.0,208.0
KKHC,9/10/2023,165.2,169.0,158.8,164.0,1.23,5778.0,362.0,208.0
KKHC,9/11/2023,164.0,171.9,164.0,170.0,3.66,7790.0,362.0,208.0
KKHC,9/12/2023,170.0,171.0,162.2,167.0,-1.76,3402.0,362.0,208.0
KKHC,9/13/2023,164.0,174.0,161.0,174.0,4.19,1255.0,362.0,208.0
KKHC,9/17/2023,174.0,177.0,164.0,166.0,-4.6,4089.0,362.0,208.0
KKHC,9/18/2023,165.0,169.0,164.0,167.0,0.6,491.0,362.0,208.0
KKHC,9/19/2023,164.0,176.4,160.8,176.4,5.63,2766.0,362.0,208.0
KKHC,9/21/2023,178.0,194.0,178.0,194.0,9.98,11391.0,362.0,208.0
KKHC,9/24/2023,190.5,203.0,190.2,193.1,-0.46,3732.0,362.0,208.0
KKHC,9/25/2023,189.3,192.0,189.3,189.3,-1.97,3077.0,362.0,208.0
KKHC,9/26/2023,193.0,198.9,189.4,194.2,2.59,6789.0,362.0,208.0
KKHC,9/27/2023,190.8,191.7,184.0,187.0,-3.71,5819.0,362.0,208.0
KKHC,10/1/2023,183.3,183.3,173.0,181.0,-3.21,735.0,362.0,208.0
KKHC,10/2/2023,178.0,181.6,175.0,177.1,-2.15,8183.0,362.0,208.0
KKHC,10/3/2023,177.0,186.0,177.0,181.2,2.32,3319.0,362.0,208.0
KKHC,10/4/2023,180.0,185.0,180.0,185.0,2.1,2294.0,362.0,208.0
KKHC,10/5/2023,184.0,186.0,179.0,179.0,-3.24,1226.0,362.0,208.0
KKHC,10/8/2023,179.0,179.0,175.5,177.0,-1.12,3258.0,362.0,208.0
KKHC,10/9/2023,175.1,177.0,175.1,175.5,-0.85,1513.0,362.0,208.0
KKHC,10/10/2023,175.2,178.8,175.2,178.5,1.71,3667.0,362.0,208.0
KKHC,10/11/2023,180.0,182.0,175.5,182.0,1.96,701.0,362.0,208.0
KKHC,10/12/2023,179.0,179.0,172.0,172.0,-5.49,4012.0,362.0,208.0
KKHC,10/16/2023,169.0,172.0,165.0,168.0,-2.33,1909.0,362.0,208.0
KKHC,10/17/2023,171.3,174.0,171.0,171.0,1.79,820.0,362.0,208.0
KKHC,10/18/2023,174.0,181.0,174.0,181.0,5.85,1686.0,362.0,208.0
KKHC,10/19/2023,178.0,180.0,172.5,172.5,-4.7,674.0,362.0,208.0
KKHC,10/29/2023,172.5,172.5,169.0,171.1,-0.81,556.0,362.0,208.0
KKHC,10/30/2023,171.1,171.1,168.0,168.0,-1.81,159.0,362.0,208.0
KKHC,10/31/2023,167.7,171.0,167.7,167.9,-0.06,1266.0,362.0,208.0
KKHC,11/1/2023,167.0,170.0,167.0,170.0,1.25,30.0,362.0,208.0
KKHC,11/2/2023,166.7,167.0,165.0,165.0,-2.94,808.0,362.0,208.0
KKHC,11/5/2023,161.7,164.0,161.0,161.0,-2.42,2275.0,362.0,208.0
KKHC,11/6/2023,158.0,170.0,158.0,167.0,3.73,358.0,362.0,208.0
KKHC,11/7/2023,167.0,170.3,164.6,164.6,-1.44,1055.0,362.0,208.0
KKHC,11/8/2023,162.0,170.0,162.0,170.0,3.28,854.0,362.0,208.0
KKHC,11/9/2023,169.0,170.1,166.6,170.1,0.06,1047.0,362.0,208.0
KKHC,11/20/2023,170.0,180.9,170.0,180.9,6.35,4068.0,362.0,208.0
KKHC,11/21/2023,177.3,185.0,173.8,178.0,-1.6,6402.0,362.0,208.0
KKHC,11/22/2023,174.5,176.4,171.5,172.2,-3.26,1236.0,362.0,208.0
KKHC,11/23/2023,173.0,178.0,173.0,175.0,1.63,1440.0,362.0,208.0
KKHC,11/26/2023,175.0,192.3,175.0,188.0,7.43,7844.0,362.0,208.0
KKHC,11/27/2023,191.7,201.4,188.0,193.7,3.03,9842.0,362.0,208.0
KKHC,11/28/2023,193.0,197.5,186.2,191.0,-1.39,3256.0,362.0,208.0
KKHC,11/29/2023,192.0,194.0,184.5,187.0,-2.09,2496.0,362.0,208.0
KKHC,11/30/2023,183.5,189.0,176.4,176.4,-5.67,2111.0,362.0,208.0
KKHC,12/3/2023,179.9,182.5,177.0,182.0,3.17,2194.0,362.0,208.0
KKHC,12/4/2023,179.0,183.6,179.0,180.0,-1.1,2515.0,362.0,208.0
KKHC,12/5/2023,180.0,184.1,177.0,180.0,0.0,1819.0,362.0,208.0
KKHC,12/6/2023,177.0,183.6,172.9,180.0,0.0,3451.0,362.0,208.0
KKHC,12/7/2023,183.0,183.5,178.0,182.5,1.39,7118.0,362.0,208.0
KKHC,12/10/2023,186.1,200.7,186.1,200.7,9.97,420.0,362.0,208.0
KKHC,12/11/2023,204.7,212.8,196.0,199.1,-0.8,26125.0,362.0,208.0
KKHC,12/12/2023,196.0,210.0,196.0,200.0,0.45,10151.0,362.0,208.0
KKHC,12/13/2023,204.0,206.8,197.0,197.0,-1.5,9955.0,362.0,208.0
KKHC,12/14/2023,197.0,207.0,193.0,195.0,-1.02,6632.0,362.0,208.0
KKHC,12/17/2023,191.5,210.9,191.5,209.0,7.18,27855.0,362.0,208.0
KKHC,12/18/2023,213.1,225.0,213.1,219.0,4.78,32909.0,362.0,208.0
KKHC,12/19/2023,223.3,223.3,215.2,223.0,1.83,9013.0,362.0,208.0
KKHC,12/20/2023,223.0,227.4,219.0,225.7,1.21,16715.0,362.0,208.0
KKHC,12/21/2023,230.2,230.2,215.6,217.5,-3.63,27579.0,362.0,208.0
KKHC,12/24/2023,221.8,222.9,206.0,215.4,-0.97,25737.0,362.0,208.0
KKHC,12/27/2023,219.0,219.7,203.0,206.2,-4.27,6891.0,362.0,208.0
KKHC,12/28/2023,203.0,214.0,203.0,213.0,3.3,10101.0,362.0,208.0
KKHC,1/1/2024,217.2,225.0,209.1,212.0,-0.47,10455.0,362.0,208.0
KKHC,1/2/2024,216.0,216.0,200.2,205.0,-3.3,8060.0,362.0,208.0
KKHC,1/3/2024,201.0,213.3,201.0,212.1,3.46,15408.0,362.0,208.0
KKHC,1/4/2024,213.0,221.5,212.0,212.0,-0.05,11383.0,362.0,208.0
KKHC,1/7/2024,216.2,217.0,210.1,213.0,0.47,14059.0,362.0,208.0
KKHC,1/8/2024,217.0,221.0,213.3,220.0,3.29,12866.0,362.0,208.0
KKHC,1/9/2024,220.0,224.6,220.0,222.0,0.91,19857.0,362.0,208.0
KKHC,1/10/2024,222.0,226.0,214.1,217.0,-2.25,19663.0,362.0,208.0
KKHC,1/11/2024,215.1,220.3,215.1,219.0,0.92,6231.0,362.0,208.0
KKHC,1/14/2024,220.2,238.6,220.2,234.0,6.85,45365.0,362.0,208.0
KKHC,1/16/2024,237.0,256.5,237.0,251.0,7.26,61362.0,362.0,208.0
KKHC,1/17/2024,251.0,256.0,236.3,237.0,-5.58,34774.0,362.0,208.0
KKHC,1/18/2024,232.4,242.0,227.2,238.0,0.42,27304.0,362.0,208.0
KKHC,1/21/2024,242.0,261.8,242.0,246.0,3.36,57482.0,362.0,208.0
KKHC,1/22/2024,250.9,255.8,240.0,240.0,-2.44,21081.0,362.0,208.0
KKHC,1/23/2024,236.0,243.5,236.0,239.0,-0.42,14902.0,362.0,208.0
KKHC,1/24/2024,243.7,247.5,230.0,234.0,-2.09,20421.0,362.0,208.0
KKHC,1/25/2024,238.6,240.0,227.1,233.0,-0.43,18886.0,362.0,208.0
KKHC,1/28/2024,237.0,239.0,229.0,238.0,2.15,12855.0,362.0,208.0
KKHC,1/29/2024,240.0,244.9,237.0,242.0,1.68,16983.0,362.0,208.0
KKHC,1/30/2024,245.9,250.0,242.5,249.9,3.26,34704.0,362.0,208.0
KKHC,1/31/2024,254.8,259.8,239.5,241.0,-3.56,27133.0,362.0,208.0
KKHC,2/1/2024,239.1,240.0,237.0,238.0,-1.24,8663.0,362.0,208.0
KKHC,2/4/2024,234.1,240.0,233.0,238.8,0.34,6754.0,362.0,208.0
KKHC,2/5/2024,241.0,241.0,237.1,238.0,-0.34,4410.0,362.0,208.0
KKHC,2/6/2024,235.5,242.0,235.5,240.0,0.84,3511.0,362.0,208.0
KKHC,2/7/2024,240.0,241.0,237.1,241.0,0.42,3718.0,362.0,208.0
KKHC,2/8/2024,244.8,245.0,240.0,242.0,0.41,14867.0,362.0,208.0
KKHC,2/11/2024,245.0,253.0,245.0,245.8,1.57,16625.0,362.0,208.0
KKHC,2/12/2024,250.7,250.7,241.1,245.1,-0.28,15567.0,362.0,208.0
KKHC,2/13/2024,248.0,250.0,240.2,243.9,-0.49,16637.0,362.0,208.0
KKHC,2/14/2024,245.0,251.0,235.2,245.0,0.45,27348.0,362.0,208.0
KKHC,2/15/2024,245.0,261.0,245.0,255.1,4.12,95309.0,362.0,208.0
KKHC,2/18/2024,260.2,280.5,258.0,269.0,5.45,111014.0,362.0,208.0
KKHC,2/20/2024,274.0,274.0,255.1,256.0,-4.83,29859.0,362.0,208.0
KKHC,2/21/2024,256.0,261.1,255.0,256.1,0.04,15211.0,362.0,208.0
KKHC,2/22/2024,260.0,264.0,244.0,249.9,-2.42,21805.0,362.0,208.0
KKHC,2/25/2024,245.3,250.0,235.0,244.0,-2.36,27499.0,362.0,208.0
KKHC,2/26/2024,248.8,251.9,237.0,251.9,3.24,12065.0,362.0,208.0
KKHC,2/27/2024,252.0,252.0,240.1,244.0,-3.14,11478.0,362.0,208.0
KKHC,2/28/2024,241.5,248.0,241.0,245.9,0.78,17783.0,362.0,208.0
KKHC,2/29/2024,245.9,249.9,230.5,240.0,-2.4,15460.0,362.0,208.0
KKHC,3/3/2024,236.0,241.0,232.0,233.0,-2.92,7602.0,362.0,208.0
KKHC,3/4/2024,237.6,247.1,237.6,247.1,6.05,50.0,362.0,208.0
KKHC,3/5/2024,252.0,252.0,234.0,243.0,-1.66,26804.0,362.0,208.0
KKHC,3/6/2024,247.0,247.7,239.0,244.0,0.41,19500.0,362.0,208.0
KKHC,3/7/2024,248.0,257.0,244.8,248.0,1.64,12591.0,362.0,208.0
KKHC,3/10/2024,252.9,256.8,245.0,245.0,-1.21,13827.0,362.0,208.0
KKHC,3/12/2024,249.9,255.0,245.0,254.9,4.04,20403.0,362.0,208.0
KKHC,3/13/2024,255.0,255.0,246.0,253.5,-0.55,10948.0,362.0,208.0
KKHC,3/14/2024,253.5,255.0,245.2,246.7,-2.68,11686.0,362.0,208.0
KKHC,3/17/2024,251.4,251.4,240.1,248.0,0.53,9682.0,362.0,208.0
KKHC,3/18/2024,250.0,250.0,243.3,245.2,-1.13,3319.0,362.0,208.0
KKHC,3/19/2024,242.0,249.0,241.5,246.5,0.53,7250.0,362.0,208.0
KKHC,3/20/2024,250.9,250.9,241.6,246.0,-0.2,2760.0,362.0,208.0
KKHC,3/21/2024,245.0,245.0,241.0,242.9,-1.26,5051.0,362.0,208.0
KKHC,3/25/2024,242.0,242.0,235.9,238.0,-2.02,4698.0,362.0,208.0
KKHC,3/26/2024,233.3,241.0,233.3,239.9,0.8,7175.0,362.0,208.0
KKHC,3/27/2024,244.0,244.0,235.2,240.0,0.04,3937.0,362.0,208.0
KKHC,3/28/2024,240.0,243.4,235.2,240.0,0.0,2493.0,362.0,208.0
KKHC,3/31/2024,244.8,244.8,236.0,237.0,-1.25,7410.0,362.0,208.0
KKHC,4/1/2024,238.0,238.9,235.0,238.0,0.42,3514.0,362.0,208.0
KKHC,4/2/2024,235.1,240.3,235.0,235.8,-0.92,10676.0,362.0,208.0
KKHC,4/3/2024,232.2,237.0,232.0,235.0,-0.34,8045.0,362.0,208.0
KKHC,4/4/2024,231.1,237.5,230.5,233.0,-0.85,7146.0,362.0,208.0
KKHC,4/7/2024,230.4,235.0,228.0,230.0,-1.29,16238.0,362.0,208.0
KKHC,4/9/2024,233.0,235.0,226.0,230.0,0.0,74647.0,362.0,208.0
KKHC,4/10/2024,225.4,252.0,209.0,249.0,8.26,237861.0,362.0,208.0
KKHC,4/14/2024,249.9,253.8,238.3,246.3,-1.08,36291.0,362.0,208.0
KKHC,4/15/2024,243.1,244.5,228.0,228.0,-7.43,68636.0,362.0,208.0
KKHC,4/16/2024,232.4,240.0,225.4,225.4,-1.14,23356.0,362.0,208.0
KKHC,4/18/2024,229.0,243.3,224.4,243.3,7.94,22336.0,362.0,208.0
KKHC,4/21/2024,248.1,248.1,222.5,230.0,-5.47,91063.0,362.0,208.0
KKHC,4/22/2024,234.5,239.1,224.1,231.0,0.43,26804.0,362.0,208.0
KKHC,4/24/2024,230.1,232.0,228.0,228.0,-1.3,8799.0,362.0,208.0
KKHC,4/25/2024,232.5,232.5,225.0,225.5,-1.1,12591.0,362.0,208.0
KKHC,4/28/2024,230.0,233.9,222.1,224.0,-0.67,15700.0,362.0,208.0
KKHC,4/29/2024,228.4,228.4,222.0,223.0,-0.45,18760.0,362.0,208.0
KKHC,4/30/2024,221.0,235.0,219.0,225.0,0.9,40388.0,362.0,208.0
KKHC,5/2/2024,229.0,229.0,222.0,225.0,0.0,18105.0,362.0,208.0
KKHC,5/5/2024,222.0,225.0,220.7,225.0,0.0,7182.0,362.0,208.0
KKHC,5/6/2024,225.0,227.9,220.9,224.0,-0.44,14214.0,362.0,208.0
KKHC,5/7/2024,227.0,227.0,221.0,221.0,-1.34,6389.0,362.0,208.0
KKHC,5/8/2024,220.0,224.0,216.6,217.0,-1.81,7306.0,362.0,208.0
KKHC,5/9/2024,218.2,224.0,217.0,217.0,0.0,9130.0,362.0,208.0
KKHC,5/12/2024,221.3,230.0,215.0,219.0,0.92,5968.0,362.0,208.0
KKHC,5/13/2024,219.0,221.0,215.0,219.0,0.0,7748.0,362.0,208.0
KKHC,5/14/2024,217.2,227.4,217.2,226.3,3.33,10504.0,362.0,208.0
KKHC,5/15/2024,230.6,230.6,221.7,223.0,-1.46,12399.0,362.0,208.0
KKHC,5/16/2024,219.1,227.0,218.0,220.0,-1.35,14205.0,362.0,208.0
KKHC,5/19/2024,220.0,224.0,220.0,223.8,1.73,7988.0,362.0,208.0
KKHC,5/20/2024,223.0,227.0,223.0,223.5,-0.13,14393.0,362.0,208.0
KKHC,5/21/2024,227.0,228.0,223.9,226.9,1.52,19904.0,362.0,208.0
KKHC,5/22/2024,231.4,231.4,223.0,223.0,-1.72,11061.0,362.0,208.0
KKHC,5/26/2024,227.3,227.3,221.5,224.0,0.45,7500.0,362.0,208.0
KKHC,5/27/2024,223.1,225.0,220.0,224.7,0.31,12380.0,362.0,208.0
KKHC,5/29/2024,228.0,229.0,220.0,221.0,-1.65,8977.0,362.0,208.0
KKHC,5/30/2024,223.0,225.0,219.0,219.1,-0.86,16735.0,362.0,208.0
KKHC,6/2/2024,223.0,223.0,219.0,220.9,0.82,5991.0,362.0,208.0
KKHC,6/3/2024,217.1,225.2,217.0,220.0,-0.41,10001.0,362.0,208.0
KKHC,6/4/2024,218.1,222.0,217.0,217.0,-1.36,10247.0,362.0,208.0
KKHC,6/5/2024,217.1,218.9,215.0,217.0,0.0,13557.0,362.0,208.0
KKHC,6/6/2024,220.9,220.9,213.0,214.0,-1.38,7705.0,362.0,208.0
KKHC,6/9/2024,214.0,217.0,214.0,217.0,1.4,7492.0,362.0,208.0
KKHC,6/10/2024,217.0,222.0,215.0,220.0,1.38,23105.0,362.0,208.0
KKHC,6/11/2024,224.3,230.0,220.0,229.8,4.45,48052.0,362.0,208.0
KKHC,6/12/2024,229.0,236.6,225.6,228.0,-0.78,23409.0,362.0,208.0
KKHC,6/13/2024,232.0,236.0,227.0,232.2,1.84,36063.0,362.0,208.0
KKHC,6/16/2024,235.0,244.6,234.7,238.0,2.5,72717.0,362.0,208.0
KKHC,6/18/2024,242.0,242.0,231.1,234.0,-1.68,23522.0,362.0,208.0
KKHC,6/19/2024,230.0,242.5,230.0,234.0,0.0,18240.0,362.0,208.0
KKHC,6/20/2024,238.5,241.0,228.4,231.8,-0.94,11990.0,362.0,208.0
KKHC,6/23/2024,231.0,233.0,224.0,228.0,-1.64,16196.0,362.0,208.0
KKHC,6/24/2024,230.0,232.0,224.5,229.5,0.66,5606.0,362.0,208.0
KKHC,6/25/2024,233.0,233.0,226.0,231.0,0.65,10727.0,362.0,208.0
KKHC,6/26/2024,227.6,234.9,225.0,227.0,-1.73,17732.0,362.0,208.0
KKHC,6/27/2024,226.0,226.0,220.5,226.0,-0.44,19660.0,362.0,208.0
KKHC,6/30/2024,223.0,225.0,217.5,221.0,-2.21,25066.0,362.0,208.0
KKHC,7/1/2024,218.0,224.0,218.0,222.0,0.45,11266.0,362.0,208.0
KKHC,7/2/2024,226.4,235.5,224.0,225.0,1.35,31776.0,362.0,208.0
KKHC,7/3/2024,225.0,225.0,219.0,222.0,-1.33,19627.0,362.0,208.0
KKHC,7/4/2024,223.0,231.5,221.9,229.0,3.15,37873.0,362.0,208.0
KKHC,7/7/2024,231.0,233.5,225.5,229.0,0.0,29827.0,362.0,208.0
KKHC,7/8/2024,229.0,229.0,224.0,228.0,-0.44,26187.0,362.0,208.0
KKHC,7/9/2024,226.5,230.0,226.0,228.0,0.0,14615.0,362.0,208.0
KKHC,7/10/2024,227.5,230.0,226.1,230.0,0.88,16464.0,362.0,208.0
KKHC,7/11/2024,234.6,236.0,232.0,236.0,2.61,29409.0,362.0,208.0
KKHC,7/14/2024,240.7,259.0,238.5,241.0,2.12,23455.0,362.0,208.0
KKHC,7/15/2024,245.5,250.0,235.2,238.9,-0.87,30684.0,362.0,208.0
KKHC,7/16/2024,240.0,255.0,236.1,254.8,6.66,72408.0,362.0,208.0
KKHC,7/17/2024,256.1,263.0,248.2,258.9,1.61,74680.0,362.0,208.0
KKHC,7/18/2024,261.0,265.0,255.0,259.5,0.23,55823.0,362.0,208.0
KKHC,7/21/2024,263.0,271.0,255.0,267.0,2.89,79889.0,362.0,208.0
KKHC,7/22/2024,270.0,275.5,256.1,268.0,0.37,69078.0,362.0,208.0
KKHC,7/23/2024,265.0,277.0,265.0,270.0,0.75,45155.0,362.0,208.0
KKHC,7/24/2024,270.0,280.0,257.0,268.9,-0.41,66757.0,362.0,208.0
KKHC,7/25/2024,269.0,274.3,263.7,265.6,-1.23,44001.0,362.0,208.0
KKHC,7/28/2024,268.0,283.0,259.0,266.9,0.49,49094.0,362.0,208.0
KKHC,7/29/2024,267.0,273.0,262.0,264.8,-0.79,66892.0,362.0,208.0
KKHC,7/30/2024,269.0,271.0,260.0,269.9,1.93,48726.0,362.0,208.0
KKHC,7/31/2024,275.0,280.8,271.0,278.9,3.33,87704.0,362.0,208.0
KKHC,8/1/2024,284.0,300.0,273.4,286.0,2.55,135382.0,362.0,208.0
KKHC,8/5/2024,291.0,296.0,280.4,291.0,1.75,61749.0,362.0,208.0
KKHC,8/6/2024,290.0,302.0,268.0,273.0,-6.19,121821.0,362.0,208.0
KKHC,8/7/2024,278.0,285.0,267.0,285.0,4.4,54431.0,362.0,208.0
KKHC,8/8/2024,290.7,296.5,274.4,278.0,-2.46,56333.0,362.0,208.0
KKHC,8/11/2024,278.0,305.8,278.0,305.8,10.0,254996.0,362.0,208.0
KKHC,8/12/2024,310.0,331.5,310.0,320.0,4.64,95951.0,362.0,208.0
KKHC,8/13/2024,325.0,332.5,310.0,317.0,-0.94,52051.0,362.0,208.0
KKHC,8/14/2024,311.0,316.0,304.6,315.5,-0.47,97374.0,362.0,208.0
KKHC,8/15/2024,315.0,332.0,303.9,328.0,3.96,143227.0,362.0,208.0
KKHC,8/18/2024,334.5,334.5,310.0,313.0,-4.57,109940.0,362.0,208.0
KKHC,8/21/2024,319.0,319.0,307.2,307.3,-1.82,46608.0,362.0,208.0
KKHC,8/22/2024,307.0,318.0,304.5,312.0,1.53,47921.0,362.0,208.0
KKHC,8/25/2024,310.0,313.0,301.0,305.0,-2.24,49451.0,362.0,208.0
KKHC,8/27/2024,299.0,305.0,278.9,286.6,-6.03,91185.0,362.0,208.0
KKHC,8/28/2024,284.0,315.0,280.0,290.9,1.5,47256.0,362.0,208.0
KKHC,8/29/2024,285.1,314.0,274.0,290.0,-0.31,32950.0,362.0,208.0
KKHC,9/1/2024,284.2,312.0,280.0,284.9,-1.76,26714.0,362.0,208.0
KKHC,9/2/2024,279.3,299.0,279.3,298.8,4.88,48324.0,362.0,208.0
KKHC,9/3/2024,292.9,320.0,282.0,295.5,-1.1,109529.0,362.0,208.0
KKHC,9/4/2024,300.0,300.0,280.0,284.8,-3.62,34031.0,362.0,208.0
KKHC,9/5/2024,280.0,285.0,274.0,275.5,-3.27,29773.0,362.0,208.0
KKHC,9/8/2024,281.0,288.0,274.5,274.6,-0.33,18776.0,362.0,208.0
KKHC,9/9/2024,275.0,280.0,265.0,266.0,-3.13,24923.0,362.0,208.0
KKHC,9/10/2024,261.1,275.0,256.0,260.0,-2.26,19822.0,362.0,208.0
KKHC,9/11/2024,255.4,261.0,251.4,251.4,-3.31,25927.0,362.0,208.0
KKHC,9/12/2024,250.2,266.0,250.2,266.0,5.81,20251.0,362.0,208.0
KKHC,9/15/2024,270.0,280.0,260.0,265.0,-0.38,44976.0,362.0,208.0
KKHC,9/16/2024,262.0,265.0,255.0,255.0,-3.77,27190.0,362.0,208.0
KKHC,9/18/2024,255.0,264.0,253.1,256.0,0.39,13011.0,362.0,208.0
KKHC,9/22/2024,261.1,269.0,258.0,263.0,2.73,20872.0,362.0,208.0
KKHC,9/23/2024,260.1,262.0,250.1,254.0,-3.42,13668.0,362.0,208.0
KKHC,9/24/2024,259.0,259.0,245.0,248.0,-2.36,14168.0,362.0,208.0
KKHC,9/25/2024,243.5,251.9,235.2,250.0,0.81,22717.0,362.0,208.0
KKHC,9/26/2024,255.0,260.0,250.0,256.7,2.68,46687.0,362.0,208.0
KKHC,9/29/2024,252.0,277.0,247.0,258.0,0.51,22306.0,362.0,208.0
KKHC,9/30/2024,263.1,263.1,244.1,259.8,0.7,34415.0,362.0,208.0
KKHC,10/1/2024,254.7,277.0,251.0,272.0,4.7,35059.0,362.0,208.0
KKHC,10/2/2024,277.4,277.4,263.1,266.0,-2.21,31678.0,362.0,208.0
KKHC,10/6/2024,260.7,281.5,257.1,272.0,2.26,35364.0,362.0,208.0
KKHC,10/7/2024,268.1,281.0,268.1,270.0,-0.74,14770.0,362.0,208.0
KKHC,10/8/2024,265.0,269.0,263.1,264.0,-2.22,6784.0,362.0,208.0
KKHC,10/9/2024,260.0,264.9,258.0,264.0,0.0,9278.0,362.0,208.0
KKHC,10/15/2024,263.0,268.0,263.0,264.0,0.0,5054.0,362.0,208.0
KKHC,10/16/2024,268.89,278.0,264.0,274.0,3.79,21323.0,362.0,208.0
KKHC,10/17/2024,279.4,279.4,269.9,269.9,-1.5,14977.0,362.0,208.0
KKHC,10/20/2024,269.0,269.0,258.1,262.9,-2.59,31257.0,362.0,208.0
KKHC,10/21/2024,267.9,267.9,257.8,258.9,-1.52,10282.0,362.0,208.0
KKHC,10/22/2024,262.9,263.8,256.1,262.0,1.2,4323.0,362.0,208.0
KKHC,10/23/2024,262.0,266.2,259.0,261.0,-0.38,8418.0,362.0,208.0
KKHC,10/24/2024,261.0,264.1,256.5,260.4,-0.23,23695.0,362.0,208.0
KKHC,10/27/2024,256.5,265.0,256.3,263.0,1.0,5871.0,362.0,208.0
KKHC,10/28/2024,267.5,267.5,262.2,267.0,1.52,11537.0,362.0,208.0
KKHC,10/29/2024,272.0,292.0,267.0,285.0,6.74,52083.0,362.0,208.0
KKHC,10/30/2024,290.0,290.0,280.0,281.0,-1.4,29303.0,362.0,208.0
KKHC,11/5/2024,284.8,294.5,280.1,292.1,3.95,40489.0,362.0,208.0
KKHC,11/6/2024,295.0,299.9,286.0,296.0,1.34,34735.0,362.0,208.0
KKHC,11/10/2024,301.9,304.9,295.9,298.0,0.68,72115.0,362.0,208.0
KKHC,11/11/2024,302.0,308.0,290.0,292.1,-1.98,47857.0,362.0,208.0
KKHC,11/12/2024,286.3,297.8,286.3,289.0,-1.06,9933.0,362.0,208.0
KKHC,11/13/2024,294.7,294.7,286.0,288.0,-0.35,10963.0,362.0,208.0
KKHC,11/14/2024,284.0,297.0,284.0,292.9,1.7,31171.0,362.0,208.0
KKHC,11/17/2024,288.0,309.9,288.0,300.0,2.42,58489.0,362.0,208.0
KKHC,11/19/2024,306.0,306.0,294.0,294.0,-2.0,52932.0,362.0,208.0
KKHC,11/20/2024,288.4,296.0,288.2,290.0,-1.36,25084.0,362.0,208.0
KKHC,11/21/2024,295.0,299.8,286.0,287.0,-1.03,22378.0,362.0,208.0
KKHC,11/24/2024,292.0,292.0,284.0,286.0,-0.35,13587.0,362.0,208.0
KKHC,11/25/2024,286.0,292.0,283.0,287.9,0.66,15275.0,362.0,208.0
KKHC,11/26/2024,293.6,297.4,290.0,296.9,3.13,23181.0,362.0,208.0
KKHC,11/27/2024,302.0,303.0,298.0,303.0,2.05,40314.0,362.0,208.0
KKHC,11/28/2024,309.0,309.0,294.0,295.0,-2.64,28769.0,362.0,208.0
KKHC,12/1/2024,295.0,295.0,288.0,293.0,-0.68,25358.0,362.0,208.0
KKHC,12/2/2024,298.5,322.3,298.0,322.3,10.0,130726.0,362.0,208.0
KKHC,12/3/2024,328.7,354.5,328.7,354.5,9.99,55181.0,362.0,208.0
KKHC,12/4/2024,361.5,389.9,361.5,389.9,9.99,453578.0,362.0,208.0
KKHC,12/5/2024,397.6,428.8,391.0,428.8,9.98,316522.0,362.0,208.0
KKHC,12/8/2024,430.0,471.6,397.7,471.6,9.98,327937.0,362.0,208.0
KKHC,12/9/2024,462.2,462.2,424.5,432.9,-8.21,178926.0,362.0,208.0
KKHC,12/10/2024,424.3,475.0,399.5,465.5,7.53,212195.0,362.0,208.0
KKHC,12/11/2024,456.2,456.2,419.0,419.0,-9.99,146490.0,362.0,208.0
KKHC,12/12/2024,417.0,417.5,391.0,400.0,-4.53,128534.0,362.0,208.0
KKHC,12/16/2024,393.0,424.3,393.0,406.9,1.72,182652.0,362.0,208.0
KKHC,12/17/2024,399.0,414.0,383.3,397.9,-2.21,171383.0,362.0,208.0
KKHC,12/18/2024,405.8,405.8,385.0,395.9,-0.5,82073.0,362.0,208.0
KKHC,12/19/2024,390.0,397.8,377.0,380.0,-4.02,79949.0,362.0,208.0
KKHC,12/22/2024,374.0,385.0,369.2,378.0,-0.53,58911.0,362.0,208.0
KKHC,12/23/2024,371.1,390.0,368.0,390.0,3.17,74215.0,362.0,208.0
KKHC,12/24/2024,391.9,399.9,383.4,388.5,-0.38,76640.0,362.0,208.0
KKHC,12/26/2024,388.5,392.7,380.8,388.0,-0.13,54860.0,362.0,208.0
KKHC,12/29/2024,382.0,383.0,366.0,367.9,-5.18,55983.0,362.0,208.0
KKHC,12/31/2024,361.1,361.1,338.1,347.0,-5.68,62616.0,362.0,208.0
KKHC,1/1/2025,349.0,365.0,336.2,361.0,4.03,38733.0,362.0,208.0
KKHC,1/2/2025,367.0,380.0,355.1,379.0,4.99,59309.0,362.0,208.0
KKHC,1/5/2025,371.5,388.0,371.5,380.0,0.26,62457.0,362.0,208.0
KKHC,1/6/2025,372.4,414.0,365.0,411.0,8.16,176991.0,362.0,208.0
KKHC,1/7/2025,410.0,418.0,403.0,411.8,0.19,64066.0,362.0,208.0
KKHC,1/8/2025,410.8,418.0,392.5,400.0,-2.87,79887.0,362.0,208.0
KKHC,1/9/2025,407.0,407.0,393.1,393.7,-1.58,44467.0,362.0,208.0
KKHC,1/12/2025,401.5,401.5,377.9,378.1,-3.96,49155.0,362.0,208.0
KKHC,1/13/2025,385.6,397.8,372.5,397.8,5.21,67721.0,362.0,208.0
KKHC,1/15/2025,396.8,429.3,382.2,429.3,7.92,144196.0,362.0,208.0
KKHC,1/16/2025,420.8,420.8,386.4,390.0,-9.15,242793.0,362.0,208.0
KKHC,1/19/2025,383.1,400.0,382.2,393.9,1.0,154068.0,362.0,208.0
KKHC,1/20/2025,398.0,398.0,380.0,384.6,-2.36,74202.0,362.0,208.0
KKHC,1/21/2025,389.1,389.1,373.0,378.0,-1.72,46455.0,362.0,208.0
KKHC,1/22/2025,380.0,383.5,373.0,377.0,-0.26,62063.0,362.0,208.0
KKHC,1/23/2025,382.0,382.0,368.0,373.0,-1.06,76205.0,362.0,208.0
KKHC,1/26/2025,380.0,382.0,373.2,376.0,0.8,45760.0,362.0,208.0
KKHC,1/27/2025,381.0,382.0,372.0,374.9,-0.29,50562.0,362.0,208.0
KKHC,1/28/2025,376.0,386.0,373.0,385.0,2.69,77016.0,362.0,208.0
KKHC,2/2/2025,392.0,397.0,378.6,381.9,-0.81,76474.0,362.0,208.0
KKHC,2/3/2025,382.0,387.8,375.0,380.0,-0.5,52709.0,362.0,208.0
KKHC,2/4/2025,387.6,408.0,377.0,401.0,5.53,169326.0,362.0,208.0
KKHC,2/5/2025,409.0,417.0,400.0,402.9,0.47,111890.0,362.0,208.0
KKHC,2/6/2025,407.9,407.9,390.0,394.5,-2.08,84317.0,362.0,208.0
KKHC,2/9/2025,398.0,401.0,388.0,389.5,-1.27,64483.0,362.0,208.0
KKHC,2/10/2025,382.0,395.0,380.1,382.0,-1.93,57847.0,362.0,208.0
KKHC,2/11/2025,375.0,389.0,375.0,380.0,-0.52,36153.0,362.0,208.0
KKHC,2/12/2025,378.0,389.0,378.0,381.0,0.26,40547.0,362.0,208.0
KKHC,2/13/2025,388.0,388.0,378.0,378.6,-0.63,37389.0,362.0,208.0
KKHC,2/16/2025,372.0,384.9,372.0,381.0,0.63,33100.0,362.0,208.0
KKHC,2/17/2025,378.0,393.4,378.0,386.0,1.31,42650.0,362.0,208.0
KKHC,2/18/2025,380.0,395.0,371.9,371.9,-3.65,44069.0,362.0,208.0
KKHC,2/20/2025,372.0,382.0,372.0,375.0,0.83,29491.0,362.0,208.0
KKHC,2/23/2025,368.0,377.4,368.0,373.0,-0.53,32456.0,362.0,208.0
KKHC,2/24/2025,370.0,384.0,370.0,377.0,1.07,31386.0,362.0,208.0
KKHC,2/25/2025,383.9,383.9,370.3,371.9,-1.35,23916.0,362.0,208.0
KKHC,2/27/2025,365.0,386.0,365.0,376.0,1.1,36156.0,362.0,208.0
KKHC,3/2/2025,370.0,392.1,370.0,384.0,2.13,36101.0,362.0,208.0
KKHC,3/3/2025,380.0,390.0,378.1,380.0,-1.04,45071.0,362.0,208.0
KKHC,3/4/2025,384.9,397.0,380.1,388.0,2.11,102999.0,362.0,208.0
KKHC,3/5/2025,392.0,395.0,383.0,388.0,0.0,43955.0,362.0,208.0
KKHC,3/6/2025,395.0,395.0,379.0,380.0,-2.06,32736.0,362.0,208.0
KKHC,3/9/2025,380.0,387.0,372.4,375.0,-1.32,32986.0,362.0,208.0
KKHC,3/10/2025,382.0,382.0,370.0,374.8,-0.05,23934.0,362.0,208.0
KKHC,3/11/2025,375.0,380.4,367.0,370.0,-1.28,38072.0,362.0,208.0
KKHC,3/12/2025,376.9,376.9,362.6,367.0,-0.81,38615.0,362.0,208.0
KKHC,3/16/2025,372.0,379.0,360.0,363.0,-1.09,23068.0,362.0,208.0
KKHC,3/17/2025,370.2,370.2,357.5,359.0,-1.1,25952.0,362.0,208.0
KKHC,3/18/2025,366.0,379.5,355.2,359.0,0.0,14912.0,362.0,208.0
KKHC,3/19/2025,366.0,366.0,352.9,356.5,-0.7,17464.0,362.0,208.0
KKHC,3/20/2025,363.0,363.0,346.0,347.6,-2.5,30784.0,362.0,208.0
KKHC,3/23/2025,350.0,350.0,331.0,331.81,-4.54,36688.0,362.0,208.0
KKHC,3/24/2025,326.0,343.0,326.0,340.78,2.7,28059.0,362.0,208.0
KKHC,3/25/2025,335.0,342.7,324.0,325.66,-4.44,32469.0,362.0,208.0
KKHC,3/26/2025,332.1,335.0,325.7,333.52,2.41,15282.0,362.0,208.0
KKHC,3/27/2025,339.0,339.0,333.1,335.41,0.57,13672.0,362.0,208.0
KKHC,3/30/2025,341.0,367.2,339.0,354.56,5.71,40563.0,362.0,208.0
KKHC,4/1/2025,361.6,361.6,340.1,350.31,-1.2,28106.0,362.0,208.0
KKHC,4/2/2025,356.0,356.0,349.0,349.97,-0.1,11238.0,362.0,208.0
KKHC,4/3/2025,356.9,356.9,342.1,345.55,-1.26,18816.0,362.0,208.0
KKHC,4/7/2025,350.0,359.0,340.3,340.68,-1.41,20438.0,362.0,208.0
KKHC,4/8/2025,340.0,340.0,333.0,339.18,-0.44,13576.0,362.0,208.0
KKHC,4/9/2025,340.2,353.0,340.2,343.85,1.38,11701.0,362.0,208.0
KKHC,4/10/2025,350.0,350.0,342.2,346.26,0.7,6367.0,362.0,208.0
KKHC,4/13/2025,350.0,350.0,341.0,341.35,-1.42,7658.0,362.0,208.0
KKHC,4/15/2025,335.0,350.0,335.0,346.81,1.6,15224.0,362.0,208.0
KKHC,4/16/2025,352.9,352.9,342.0,350.85,1.16,17345.0,362.0,208.0
KKHC,4/17/2025,357.8,359.0,348.1,354.36,1.0,13582.0,362.0,208.0
KKHC,4/20/2025,359.9,359.9,347.0,349.03,-1.5,10479.0,362.0,208.0
KKHC,4/21/2025,343.0,354.0,343.0,349.06,0.01,17313.0,362.0,208.0
KKHC,4/22/2025,356.0,356.0,348.1,352.86,1.09,21909.0,362.0,208.0
KKHC,4/23/2025,346.3,355.8,346.2,350.05,-0.8,16870.0,362.0,208.0
KKHC,4/24/2025,350.0,350.4,343.0,345.96,-1.17,18768.0,362.0,208.0
KKHC,4/27/2025,350.0,353.9,345.0,346.83,0.25,25927.0,362.0,208.0
KKHC,4/28/2025,353.0,360.0,344.0,344.56,-0.65,14280.0,362.0,208.0
KKHC,4/29/2025,343.0,350.0,340.5,342.5,-0.6,9317.0,362.0,208.0
KKHC,4/30/2025,345.0,356.2,337.1,341.54,-0.28,19094.0,362.0,208.0
KKHC,5/4/2025,348.3,355.1,340.0,340.96,-0.17,19543.0,362.0,208.0
KKHC,5/5/2025,342.0,344.0,338.1,339.01,-0.57,15693.0,362.0,208.0
KKHC,5/6/2025,339.0,341.0,335.2,336.91,-0.62,11171.0,362.0,208.0
KKHC,5/7/2025,331.0,348.0,331.0,346.93,2.97,23440.0,362.0,208.0
KKHC,5/8/2025,353.8,360.0,345.0,351.54,1.33,15292.0,362.0,208.0
KKHC,5/11/2025,358.0,383.1,352.0,371.45,5.66,98127.0,362.0,208.0
KKHC,5/13/2025,375.0,380.0,360.1,362.64,-2.37,25357.0,362.0,208.0
KKHC,5/14/2025,369.8,369.8,349.0,349.98,-3.49,18536.0,362.0,208.0
KKHC,5/15/2025,345.0,350.0,341.0,343.48,-1.86,19588.0,362.0,208.0
KKHC,5/18/2025,349.8,350.0,337.0,341.77,-0.5,22313.0,362.0,208.0
KKHC,5/19/2025,346.8,351.0,343.0,344.32,0.75,10207.0,362.0,208.0
KKHC,5/20/2025,349.9,357.0,340.5,352.0,2.23,28034.0,362.0,208.0
KKHC,5/21/2025,359.0,373.0,350.0,350.48,-0.43,22170.0,362.0,208.0
KKHC,5/22/2025,351.1,355.0,346.3,347.12,-0.96,12741.0,362.0,208.0
KKHC,5/25/2025,347.0,350.0,344.2,344.92,-0.63,12821.0,362.0,208.0
KKHC,5/26/2025,351.8,353.0,342.1,343.02,-0.55,11803.0,362.0,208.0
KKHC,5/27/2025,341.5,347.9,340.0,344.16,0.33,14456.0,362.0,208.0
KKHC,5/28/2025,350.0,350.0,340.3,345.83,0.49,18022.0,362.0,208.0
KKHC,6/2/2025,346.0,352.0,343.0,345.13,-0.2,13514.0,362.0,208.0
KKHC,6/3/2025,349.0,349.0,340.0,342.42,-0.79,16458.0,362.0,208.0
KKHC,6/4/2025,346.0,346.0,337.0,337.74,-1.37,9816.0,362.0,208.0
KKHC,6/5/2025,344.4,344.4,331.1,337.25,-0.15,16116.0,362.0,208.0
KKHC,6/8/2025,343.0,356.7,340.1,342.87,1.67,18818.0,362.0,208.0
KKHC,6/9/2025,340.0,349.0,340.0,346.17,0.96,11286.0,362.0,208.0
KKHC,6/10/2025,350.0,360.0,347.3,349.69,1.02,27290.0,362.0,208.0
KKHC,6/11/2025,352.0,352.0,340.0,342.58,-2.03,20639.0,362.0,208.0
KKHC,6/12/2025,349.3,355.9,340.1,342.29,-0.08,17877.0,362.0,208.0
KKHC,6/15/2025,348.0,354.0,345.1,347.79,1.61,26875.0,362.0,208.0
KKHC,6/16/2025,343.0,359.9,343.0,351.52,1.07,35292.0,362.0,208.0
KKHC,6/17/2025,350.0,356.7,345.6,350.22,-0.37,22792.0,362.0,208.0
KKHC,6/18/2025,357.0,373.3,343.3,370.19,5.7,65179.0,362.0,208.0
KKHC,6/19/2025,377.5,380.0,360.0,362.62,-2.04,82504.0,362.0,208.0
KKHC,6/22/2025,355.4,369.8,353.5,355.53,-1.96,37453.0,362.0,208.0
KKHC,6/23/2025,348.6,367.0,348.6,362.68,2.01,24557.0,362.0,208.0
KKHC,6/24/2025,355.5,392.7,355.5,384.34,5.97,131425.0,362.0,208.0
KKHC,6/25/2025,392.0,420.0,392.0,402.65,4.76,208326.0,362.0,208.0
KKHC,6/26/2025,410.7,410.7,386.0,392.29,-2.57,90926.0,362.0,208.0
KKHC,6/29/2025,395.0,395.0,386.0,390.76,-0.39,64627.0,362.0,208.0
KKHC,6/30/2025,383.0,411.9,383.0,390.46,-0.08,44484.0,362.0,208.0
KKHC,7/1/2025,382.7,399.6,382.7,393.4,0.75,48352.0,362.0,208.0
KKHC,7/2/2025,401.2,432.7,401.2,432.7,9.99,191048.0,362.0,208.0
KKHC,7/3/2025,441.3,475.9,441.3,463.71,7.17,332418.0,362.0,208.0
KKHC,7/6/2025,468.0,468.0,434.0,438.54,-5.43,213446.0,362.0,208.0
KKHC,7/7/2025,439.0,443.8,427.0,434.08,-1.02,114839.0,362.0,208.0
KKHC,7/8/2025,430.0,450.8,430.0,446.76,2.92,75163.0,362.0,208.0
KKHC,7/9/2025,450.0,450.0,435.0,436.52,-2.29,106263.0,362.0,208.0
KKHC,7/10/2025,445.2,445.2,428.0,429.11,-1.7,264826.0,362.0,208.0
KKHC,7/13/2025,269.8,291.0,269.8,291.0,-32.19,26118.0,362.0,208.0
KKHC,7/14/2025,296.8,314.0,294.0,299.66,2.98,242233.0,362.0,208.0
KKHC,7/15/2025,300.0,304.9,291.0,293.45,-2.07,88002.0,362.0,208.0
KKHC,7/16/2025,295.2,297.0,290.1,291.34,-0.72,50805.0,362.0,208.0
KKHC,7/17/2025,296.0,305.0,292.1,297.81,2.22,59603.0,362.0,208.0
KKHC,7/20/2025,303.0,320.0,299.0,300.82,1.01,87623.0,362.0,208.0
KKHC,7/21/2025,300.0,307.0,300.0,300.76,-0.02,62390.0,362.0,208.0
KKHC,7/22/2025,295.0,306.6,295.0,302.81,0.68,60671.0,362.0,208.0
KKHC,7/23/2025,297.0,305.0,297.0,299.95,-0.94,71868.0,362.0,208.0
KKHC,7/24/2025,305.9,305.9,295.0,296.5,-1.15,58375.0,362.0,208.0
KKHC,7/27/2025,296.5,300.0,290.0,290.39,-2.06,61030.0,362.0,208.0
KKHC,7/28/2025,293.0,293.0,282.0,288.26,-0.73,48410.0,362.0,208.0
KKHC,7/29/2025,290.0,294.0,288.0,290.07,0.63,29520.0,362.0,208.0
KKHC,7/30/2025,290.0,292.5,283.0,283.32,-2.33,23320.0,362.0,208.0
KKHC,7/31/2025,282.0,283.0,275.0,278.48,-1.71,27804.0,362.0,208.0
KKHC,8/3/2025,280.0,281.0,270.0,271.25,-2.6,32538.0,362.0,208.0
KKHC,8/4/2025,270.5,270.5,265.1,268.21,-1.12,29272.0,362.0,208.0
KKHC,8/5/2025,269.5,270.0,263.0,264.32,-1.45,21584.0,362.0,208.0
KKHC,8/6/2025,261.0,264.0,261.0,263.16,-0.44,12703.0,362.0,208.0
KKHC,8/7/2025,268.0,281.0,263.8,279.44,6.19,27404.0,362.0,208.0
KKHC,8/11/2025,280.0,285.6,276.0,278.02,-0.51,24882.0,362.0,208.0
KKHC,8/12/2025,280.0,280.0,268.0,268.95,-3.26,15186.0,362.0,208.0
KKHC,8/13/2025,268.0,269.9,265.0,265.88,-1.14,11062.0,362.0,208.0
KKHC,8/14/2025,269.9,271.1,266.0,270.81,1.85,13992.0,362.0,208.0
KKHC,8/17/2025,271.0,271.5,266.1,266.72,-1.51,7650.0,362.0,208.0
KKHC,8/18/2025,270.9,272.0,266.1,268.43,0.64,10333.0,362.0,208.0
KKHC,8/19/2025,270.0,272.9,268.0,268.91,0.18,6242.0,362.0,208.0
KKHC,8/20/2025,264.0,273.0,264.0,267.21,-0.63,9411.0,362.0,208.0
KKHC,8/21/2025,270.0,270.0,261.9,264.2,-1.13,14010.0,362.0,208.0
KKHC,8/24/2025,263.0,265.0,260.7,261.36,-1.07,7425.0,362.0,208.0
KKHC,8/25/2025,265.0,265.0,253.0,254.49,-2.63,22613.0,362.0,208.0
KKHC,8/26/2025,259.0,260.0,253.0,253.0,-0.59,4411.0,362.0,208.0
KKHC,8/27/2025,255.8,258.0,252.0,257.94,1.95,10458.0,362.0,208.0
KKHC,8/28/2025,254.1,261.9,254.1,256.24,-0.66,10582.0,362.0,208.0
KKHC,8/31/2025,259.5,259.5,244.1,246.67,-3.73,18861.0,362.0,208.0
KKHC,9/1/2025,247.0,249.0,240.1,243.07,-1.46,10867.0,362.0,208.0
KKHC,9/2/2025,247.8,250.4,238.3,242.53,-0.22,16782.0,362.0,208.0
KKHC,9/3/2025,242.1,242.6,237.7,238.67,-1.59,13542.0,362.0,208.0
KKHC,9/4/2025,243.4,243.4,235.4,238.75,0.03,15198.0,362.0,208.0
KKHC,9/7/2025,240.0,240.0,225.0,233.57,-2.17,11326.0,362.0,208.0
KKHC,9/8/2025,235.0,238.2,225.2,226.39,-3.07,13390.0,362.0,208.0
KKHC,9/18/2025,230.0,230.0,230.0,230.0,1.59,100.0,362.0,208.0
KKHC,9/21/2025,230.0,247.0,225.0,243.83,6.01,26986.0,362.0,208.0
KKHC,9/23/2025,240.0,248.0,237.0,247.5,1.51,13130.0,362.0,208.0
KKHC,9/24/2025,245.0,246.8,240.0,242.0,-2.22,11359.0,362.0,208.0
KKHC,9/25/2025,242.0,245.6,238.0,241.0,-0.41,11491.0,362.0,208.0
KKHC,9/28/2025,245.5,245.7,241.1,244.0,1.24,6202.0,362.0,208.0
KKHC,10/7/2025,240.0,247.9,238.0,242.5,-0.61,16791.0,362.0,208.0
KKHC,10/8/2025,238.1,240.0,232.0,233.0,-3.92,14480.0,362.0,208.0
KKHC,10/9/2025,237.6,250.0,235.0,235.0,0.86,17412.0,362.0,208.0
KKHC,10/12/2025,230.4,232.5,226.0,229.0,-2.55,12003.0,362.0,208.0
KKHC,10/13/2025,229.0,229.0,223.2,227.0,-0.87,4319.0,362.0,208.0
KKHC,10/14/2025,224.0,228.0,224.0,225.0,-0.88,5531.0,362.0,208.0
KKHC,10/15/2025,222.2,229.5,222.2,227.0,0.89,4755.0,362.0,208.0
KKHC,10/16/2025,223.0,227.2,216.7,221.0,-2.64,6160.0,362.0,208.0
KKHC,10/19/2025,224.5,229.3,222.0,229.3,3.76,8222.0,362.0,208.0
KKHC,10/26/2025,224.8,228.0,216.0,221.6,-3.36,2635.0,362.0,208.0
KKHC,10/28/2025,225.9,234.0,225.0,234.0,5.6,19695.0,362.0,208.0
KKHC,10/29/2025,236.4,257.4,236.0,257.4,10.0,57020.0,362.0,208.0
KKHC,10/30/2025,262.5,278.4,262.5,273.0,6.06,100517.0,362.0,208.0
KKHC,11/2/2025,274.0,274.0,255.8,260.0,-4.76,74610.0,362.0,208.0
KKHC,11/3/2025,256.1,262.5,249.0,251.9,-3.12,35754.0,362.0,208.0
KKHC,11/4/2025,252.8,266.0,252.8,256.8,1.95,33890.0,362.0,208.0
KKHC,11/5/2025,261.0,266.0,247.0,253.0,-1.48,18300.0,362.0,208.0
KKHC,11/6/2025,250.1,257.8,249.0,251.0,-0.79,13832.0,362.0,208.0
KKHC,11/9/2025,251.0,251.0,237.7,245.0,-2.39,21065.0,362.0,208.0
KKHC,11/10/2025,244.5,249.3,237.2,241.9,-1.27,23127.0,362.0,208.0
KKHC,11/11/2025,240.0,255.7,239.2,248.0,2.52,13759.0,362.0,208.0
KKHC,11/12/2025,248.0,250.0,240.6,240.6,-2.98,11452.0,362.0,208.0
KKHC,11/13/2025,245.0,245.0,236.0,238.0,-1.08,18575.0,362.0,208.0
KKHC,11/16/2025,242.7,242.7,235.0,238.5,0.21,9596.0,362.0,208.0
KKHC,11/17/2025,241.8,256.5,238.0,249.0,4.4,21612.0,362.0,208.0
KKHC,11/18/2025,250.0,256.9,250.0,253.0,1.61,24860.0,362.0,208.0
KKHC,11/19/2025,256.0,256.0,245.2,251.5,-0.59,10497.0,362.0,208.0
KKHC,11/20/2025,246.5,251.4,244.1,251.4,-0.04,19902.0,362.0,208.0
KKHC,11/23/2025,256.4,260.0,250.1,256.0,1.83,20754.0,362.0,208.0
KKHC,11/24/2025,260.8,260.8,251.0,251.5,-1.76,20564.0,362.0,208.0
KKHC,11/25/2025,252.0,256.0,252.0,255.0,1.39,13896.0,362.0,208.0
KKHC,11/26/2025,250.2,260.0,250.2,254.0,-0.39,12377.0,362.0,208.0
KKHC,11/27/2025,254.0,258.0,253.6,256.0,0.79,9117.0,362.0,208.0
KKHC,11/30/2025,260.0,260.0,246.2,248.0,-3.12,21453.0,362.0,208.0
KKHC,12/1/2025,252.0,252.0,241.0,250.0,0.81,16750.0,362.0,208.0
KKHC,12/2/2025,253.0,253.0,246.0,247.0,-1.2,5919.0,362.0,208.0
KKHC,12/3/2025,247.0,254.9,245.2,248.0,0.4,12394.0,362.0,208.0
KKHC,12/7/2025,252.4,252.4,239.0,243.0,-2.02,12616.0,362.0,208.0
KKHC,12/8/2025,239.0,243.1,237.1,242.7,-0.12,19068.0,362.0,208.0
KKHC,12/9/2025,240.0,245.0,239.0,239.0,-1.52,9900.0,362.0,208.0
KKHC,12/10/2025,243.7,248.0,240.0,240.0,0.42,10424.0,362.0,208.0
KKHC,12/11/2025,237.3,244.0,237.2,240.0,0.0,5701.0,362.0,208.0
KKHC,12/14/2025,244.8,244.8,233.0,237.3,-1.12,22547.0,362.0,208.0
KKHC,12/15/2025,232.6,232.6,219.6,225.0,-5.18,125275.0,362.0,208.0
KKHC,12/16/2025,225.0,227.8,222.2,223.4,-0.71,44106.0,362.0,208.0
KKHC,12/17/2025,225.0,226.9,221.0,224.8,0.63,66275.0,362.0,208.0
KKHC,12/18/2025,222.0,228.8,219.9,221.0,-1.69,51541.0,362.0,208.0
KKHC,12/21/2025,217.0,221.0,215.5,216.0,-2.26,46815.0,362.0,208.0
KKHC,12/22/2025,216.0,218.0,211.7,212.0,-1.85,34972.0,362.0,208.0
KKHC,12/23/2025,208.0,217.9,208.0,214.9,1.37,47073.0,362.0,208.0
KKHC,12/24/2025,211.0,218.0,211.0,214.7,-0.09,43772.0,362.0,208.0
KKHC,12/28/2025,215.0,222.4,213.3,222.4,3.59,64800.0,362.0,208.0
KKHC,12/29/2025,223.0,226.0,216.5,217.0,-2.43,44123.0,362.0,208.0
KKHC,12/31/2025,220.0,221.0,214.5,217.0,0.0,49409.0,362.0,208.0
KKHC,1/1/2026,214.5,218.7,214.0,214.1,-1.34,37784.0,362.0,208.0
KKHC,1/4/2026,209.9,218.9,209.9,213.8,-0.14,36397.0,362.0,208.0
KKHC,1/5/2026,216.3,217.0,213.0,215.5,0.8,81069.0,362.0,208.0
KKHC,1/6/2026,215.0,220.9,215.0,215.2,-0.14,56167.0,362.0,208.0
KKHC,1/7/2026,214.1,219.5,214.1,215.9,0.33,60158.0,362.0,208.0
KKHC,1/8/2026,215.9,235.0,213.0,225.9,4.63,413228.0,362.0,208.0
KKHC,1/12/2026,225.9,229.9,221.2,223.5,-1.06,37221.0,362.0,208.0
KKHC,1/13/2026,220.0,222.9,219.1,221.9,-0.72,76155.0,362.0,208.0
KKHC,1/14/2026,217.5,224.3,217.5,219.9,-0.9,53456.0,362.0,208.0
KKHC,1/18/2026,215.6,224.9,215.6,222.0,0.95,40357.0,362.0,208.0
KKHC,1/20/2026,223.0,230.9,222.0,226.7,2.12,280093.0,362.0,208.0
KKHC,1/21/2026,223.0,231.2,223.0,227.8,0.49,140962.0,362.0,208.0
KKHC,1/22/2026,223.3,233.0,223.3,230.2,1.05,141855.0,362.0,208.0
KKHC,1/25/2026,225.9,240.6,225.9,239.0,3.82,159183.0,362.0,208.0
KKHC,1/26/2026,234.3,245.0,231.1,236.6,-1.0,140361.0,362.0,208.0
KKHC,1/27/2026,231.9,240.7,227.9,228.1,-3.59,132338.0,362.0,208.0
KKHC,1/28/2026,230.0,232.5,223.6,231.1,1.32,100231.0,362.0,208.0
KKHC,1/29/2026,231.1,248.9,231.1,240.0,3.85,334651.0,362.0,208.0
KKHC,2/1/2026,238.0,244.0,236.0,236.3,-1.54,105217.0,362.0,208.0
KKHC,2/2/2026,231.6,240.0,231.6,233.9,-1.02,73574.0,362.0,208.0
KKHC,2/3/2026,233.0,236.7,228.5,230.0,-1.67,73834.0,362.0,208.0
KKHC,2/4/2026,234.0,234.0,224.1,228.9,-0.48,128204.0,362.0,208.0
KKHC,2/5/2026,225.2,251.7,225.2,251.7,9.96,536005.0,362.0,208.0
KKHC,2/8/2026,256.7,276.8,256.7,276.8,9.97,809051.0,362.0,208.0
KKHC,2/9/2026,277.0,304.4,261.7,304.4,9.97,945668.0,362.0,208.0
KKHC,2/10/2026,298.4,315.0,288.0,306.0,0.53,449026.0,362.0,208.0
KKHC,2/11/2026,299.9,310.0,294.0,299.0,-2.29,360981.0,362.0,208.0
KKHC,2/12/2026,298.0,326.4,287.2,320.0,7.02,719782.0,362.0,208.0
KKHC,2/16/2026,313.6,327.5,289.0,290.0,-9.38,841788.0,362.0,208.0
KKHC,2/17/2026,290.0,290.0,268.0,288.6,-0.48,571987.0,362.0,208.0
KKHC,2/22/2026,290.0,290.0,273.6,274.0,-5.06,164750.0,362.0,208.0
KKHC,2/23/2026,269.0,282.0,267.5,269.1,-1.79,176481.0,362.0,208.0
KKHC,2/24/2026,265.0,286.4,265.0,276.9,2.9,208564.0,362.0,208.0
KKHC,2/25/2026,276.0,289.8,272.0,282.0,1.84,301246.0,362.0,208.0
KKHC,2/26/2026,287.6,287.6,273.8,279.0,-1.06,159576.0,362.0,208.0
KKHC,2/27/2026,287.6,287.6,273.8,279.0,0.0,159576.0,362.0,208.0
KKHC,2/28/2026,287.6,287.6,273.8,279.0,0.0,159576.0,362.0,208.0
KKHC,3/2/2026,273.5,280.9,269.2,279.9,0.32,122759.0,362.0,208.0
KKHC,3/3/2026,279.0,300.0,275.0,294.7,5.29,445693.0,362.0,208.0
KKHC,3/4/2026,279.0,300.0,275.0,294.7,0.0,445693.0,362.0,208.0
KKHC,3/5/2026,279.0,300.0,275.0,294.7,0.0,445693.0,362.0,208.0
KKHC,3/6/2026,279.0,300.0,275.0,294.7,0.0,445693.0,362.0,208.0
KKHC,3/7/2026,279.0,300.0,275.0,294.7,0.0,445693.0,362.0,208.0
KKHC,3/8/2026,279.0,300.0,275.0,294.7,0.0,445693.0,362.0,208.0
KKHC,3/9/2026,300.5,323.0,300.5,321.0,8.92,27428.0,362.0,208.0
KKHC,3/10/2026,321.0,340.5,302.0,309.8,-3.49,659887.0,362.0,208.0
KKHC,3/11/2026,309.0,317.9,305.0,312.0,0.71,388579.0,362.0,208.0
KKHC,3/12/2026,311.0,329.7,298.0,309.0,-0.96,585098.0,362.0,208.0
KKHC,3/13/2026,311.0,329.7,298.0,309.0,0.0,585098.0,362.0,208.0
KKHC,3/14/2026,311.0,329.7,298.0,309.0,0.0,585098.0,362.0,208.0
KKHC,3/15/2026,304.0,304.8,292.0,293.0,-5.18,767961.0,362.0,208.0
KKHC,3/16/2026,290.0,295.0,281.6,292.0,-0.34,351484.0,362.0,208.0
KKHC,3/17/2026,297.8,303.6,285.0,294.0,0.68,308681.0,362.0,208.0
KKHC,3/18/2026,297.8,303.6,285.0,294.0,0.0,308681.0,362.0,208.0
KKHC,3/19/2026,294.1,302.0,294.0,296.0,0.68,409372.0,362.0,208.0
KKHC,3/20/2026,294.1,302.0,294.0,296.0,0.0,409372.0,362.0,208.0
KKHC,3/21/2026,294.1,302.0,294.0,296.0,0.0,409372.0,362.0,208.0
KKHC,3/22/2026,298.0,299.0,289.0,292.3,-1.25,352118.0,362.0,208.0
KKHC,3/23/2026,293.0,294.0,287.4,293.0,0.24,164316.0,362.0,208.0
KKHC,3/24/2026,297.7,298.0,290.0,292.0,-0.34,115394.0,362.0,208.0
KKHC,3/25/2026,297.8,297.8,288.0,290.0,-0.68,103429.0,362.0,208.0
KKHC,3/26/2026,291.2,296.9,285.8,292.0,0.27,167300.0,362.0,208.0
KKHC,3/29/2026,297.8,297.8,280.3,282.0,-5.31,96199.0,362.0,208.0
KKHC,3/30/2026,282.0,282.4,270.0,271.0,-3.9,131627.0,362.0,208.0
KKHC,3/31/2026,272.8,280.3,264.6,274.0,0.44,138430.0,362.0,208.0
KKHC,4/1/2026,274.0,278.0,260.1,261.9,-4.42,102373.0,362.0,208.0
KKHC,4/2/2026,260.2,267.0,251.8,261.0,0.31,101552.0,362.0,208.0
KKHC,4/5/2026,261.0,261.0,240.0,241.0,-7.66,148400.0,362.0,208.0
KKHC,4/6/2026,240.0,265.1,236.2,260.0,8.33,140309.0,362.0,208.0
KKHC,4/7/2026,264.0,272.0,261.0,262.0,-0.76,104872.0,362.0,208.0
KKHC,4/8/2026,267.2,271.6,262.1,271.6,1.65,74849.0,362.0,208.0
KKHC,4/9/2026,271.0,285.0,266.4,282.0,4.06,113654.0,362.0,208.0
KKHC,4/10/2026,283.0,287.5,277.0,281.0,-0.71,147538.0,362.0,208.0
KKHC,4/13/2026,278.1,295.0,277.2,287.4,3.34,243252.0,362.0,208.0
KKHC,4/15/2026,293.0,297.0,288.0,289.0,-1.37,147909.0,362.0,208.0
KKHC,4/16/2026,289.0,289.0,275.0,276.0,-4.5,88531.0,362.0,208.0
KKHC,4/17/2026,281.5,303.6,275.0,299.0,6.22,254045.0,362.0,208.0
KKHC,4/20/2026,299.0,299.0,284.4,293.7,-1.77,128369.0,362.0,208.0
KKHC,4/21/2026,285.1,299.0,281.0,281.6,-1.23,94992.0,362.0,208.0
KKHC,4/22/2026,281.0,283.2,272.0,277.7,-1.17,82768.0,362.0,208.0
KKHC,4/23/2026,263.9,281.4,263.9,271.0,2.69,50144.0,362.0,208.0
KKHC,4/24/2026,271.0,275.5,268.0,272.0,0.37,43817.0,362.0,208.0
KKHC,4/27/2026,272.0,280.0,272.0,274.0,0.74,52467.0,362.0,208.0
KKHC,4/28/2026,287.7,287.7,270.0,271.0,-5.8,34908.0,362.0,208.0
KKHC,4/29/2026,271.0,272.0,265.0,265.5,-2.03,38143.0,362.0,208.0
KKHC,4/30/2026,265.5,265.5,258.0,262.0,-1.32,48511.0,362.0,208.0
KKHC,5/4/2026,257.0,264.5,255.8,256.1,-0.35,38546.0,362.0,208.0
KKHC,5/5/2026,252.0,270.8,251.0,265.0,5.16,56067.0,362.0,208.0
KKHC,5/6/2026,267.9,269.0,260.0,263.4,-1.68,19315.0,362.0,208.0
KKHC,5/7/2026,263.0,265.0,259.1,261.0,-0.76,21574.0,362.0,208.0
KKHC,5/8/2026,259.1,267.0,259.1,266.0,2.66,28782.0,362.0,208.0
KKHC,5/11/2026,253.0,274.0,253.0,271.0,7.11,31111.0,362.0,208.0
KKHC,5/12/2026,274.0,277.9,263.0,264.0,-3.65,36529.0,362.0,208.0
KKHC,5/13/2026,261.0,265.0,261.0,264.9,1.49,15644.0,362.0,208.0
KKHC,5/14/2026,261.0,268.0,257.3,262.0,0.38,35142.0,362.0,208.0
KKHC,5/15/2026,248.9,267.79,248.9,262.0,5.26,10759.0,362.0,208.0
KKHC,5/18/2026,262.0,265.0,256.0,257.0,-1.91,31215.0,362.0,208.0
KKHC,5/19/2026,244.2,262.0,244.2,255.8,4.75,27715.0,362.0,208.0
KKHC,5/20/2026,258.0,264.0,255.2,260.0,0.78,69588.0,362.0,208.0
KKHC,5/21/2026,260.0,264.8,257.2,258.0,-0.77,24475.0,362.0,208.0
KKHC,5/22/2026,255.0,296.7,255.0,266.1,4.35,133144.0,362.0,208.0
KKHC,5/25/2026,273.5,273.5,266.0,272.0,-0.55,60919.0,362.0,208.0
KKHC,5/26/2026,285.6,285.6,265.2,269.0,-5.81,30801.0,362.0,208.0
KKHC,5/27/2026,282.4,282.4,265.1,267.0,-5.45,41702.0,362.0,208.0
KKHC,6/1/2026,267.0,270.0,258.0,267.5,0.19,55382.0,362.0,208.0
KKHC,6/2/2026,260.0,294.7,260.0,274.0,5.38,163228.0,362.0,208.0
KKHC,6/3/2026,274.0,283.0,265.8,279.0,1.82,300040.0,362.0,208.0
KKHC,6/4/2026,275.0,282.0,268.0,269.9,-1.85,68375.0,362.0,208.0
KKHC,6/5/2026,282.9,282.9,262.0,264.0,-6.68,59787.0,362.0,208.0
KKHC,6/8/2026,251.0,273.7,251.0,257.0,2.39,91150.0,362.0,208.0
KKHC,6/9/2026,255.0,262.0,255.0,259.1,1.61,80534.0,362.0,208.0
KKHC,6/10/2026,259.1,263.0,257.0,258.8,-0.12,46049.0,362.0,208.0
KKHC,6/11/2026,262.0,262.0,256.0,258.0,-1.53,35557.0,362.0,208.0
KKHC,6/12/2026,256.0,261.0,255.0,257.9,0.74,42350.0,362.0,208.0
KKHC,6/15/2026,257.1,260.0,255.0,255.0,-0.82,29920.0,362.0,208.0
KKHC,6/16/2026,260.9,260.9,253.0,254.0,-2.64,32889.0,362.0,208.0
KKHC,6/17/2026,259.7,259.7,253.5,255.9,-1.46,17365.0,362.0,208.0
KKHC,6/18/2026,255.9,259.0,253.0,253.0,-1.13,23937.0,362.0,208.0
KKHC,6/19/2026,255.0,258.5,250.2,252.8,-0.86,24985.0,362.0,208.0
KKHC,6/22/2026,252.0,256.0,249.0,250.0,-0.79,22518.0,362.0,208.0
KKHC,6/23/2026,250.0,250.0,243.0,244.0,-2.4,40607.0,362.0,208.0
KKHC,6/24/2026,242.1,248.0,236.0,239.1,-1.24,38024.0,362.0,208.0
KKHC,6/26/2026,244.0,244.0,236.7,240.9,-1.27,50669.0,362.0,208.0
KKHC,6/29/2026,244.5,244.5,238.0,239.0,-2.25,45288.0,362.0,208.0
KKHC,6/30/2026,245.4,266.0,239.7,250.0,1.87,98170.0,362.0,208.0
KKHC,7/1/2026,255.0,284.2,246.1,264.0,3.53,128603.0,362.0,208.0
KKHC,7/2/2026,260.0,284.0,254.1,258.0,-0.77,36977.0,362.0,208.0
KKHC,7/3/2026,246.0,296.2,246.0,288.0,17.07,194041.0,362.0,208.0
KKHC,7/6/2026,273.6,296.6,256.0,260.0,-4.97,83612.0,362.0,208.0
KKHC,7/7/2026,267.8,267.8,257.0,259.4,-3.14,28052.0,362.0,208.0
KKHC,7/8/2026,266.79,266.79,250.0,250.0,-6.29,37237.0,362.0,208.0
KKHC,7/9/2026,245.0,259.5,245.0,249.8,1.96,24532.0,362.0,208.0
KKHC,7/10/2026,256.0,256.0,247.0,249.0,-2.73,25227.0,362.0,208.0
KKHC,7/13/2026,256.0,256.0,245.0,245.0,-4.3,37314.0,362.0,208.0
KKHC,7/14/2026,245.0,258.0,240.2,250.0,2.04,33672.0,362.0,208.0
KKHC,7/15/2026,250.0,256.8,247.0,247.3,-1.08,14165.0,362.0,208.0
KKHC,7/16/2026,254.0,254.0,245.2,249.0,-1.97,22390.0,362.0,208.0
KKHC,7/17/2026,254.0,261.0,253.0,260.0,2.36,39565.0,362.0,208.0
KKHC,7/20/2026,260.0,269.0,260.0,267.0,2.69,66730.0,362.0,208.0
KKHC,7/21/2026,271.9,271.9,263.2,268.0,-1.43,70435.0,362.0,208.0
KKHC,7/22/2026,267.9,269.0,260.1,268.5,0.22,51773.0,362.0,208.0
KKHC,7/23/2026,265.0,269.0,264.0,266.5,0.57,42842.0,362.0,208.0
KKHC,7/24/2026,266.5,290.0,264.5,282.3,5.93,368499.0,362.0,208.0
KKHC,7/27/2026,282.3,290.0,280.0,283.0,0.25,297497.0,362.0,208.0
KKHC,7/28/2026,283.0,287.0,280.0,284.7,0.6,142474.0,362.0,208.0
KKHC,7/29/2026,298.0,299.0,281.3,295.0,-1.01,720327.0,362.0,208.0
KKHC,7/30/2026,295.0,301.7,292.0,296.0,0.34,354765.0,362.0,208.0
KKHC,7/31/2026,295.1,298.0,290.8,291.4,-1.25,133825.0,362.0,208.0
KKHC,8/3/2026,291.4,295.0,285.5,287.0,-1.51,117485.0,362.0,208.0
KKHC,8/4/2026,284.0,318.0,282.2,315.9,11.23,1321921.0,362.0,208.0
KKHC,8/5/2026,331.6,331.6,310.4,325.0,-1.99,863331.0,362.0,208.0
KKHC,8/6/2026,320.0,360.0,315.8,320.0,0.0,525282.0,362.0,208.0
KKHC,8/7/2026,320.0,329.0,315.1,323.0,0.94,425658.0,362.0,208.0
KKHC,8/10/2026,320.0,324.8,317.4,321.8,0.56,242978.0,362.0,208.0
KKHC,8/11/2026,331.0,331.0,313.0,317.5,-4.08,433088.0,362.0,208.0
KKHC,8/12/2026,316.0,327.0,315.1,324.0,2.53,341070.0,362.0,208.0
KKHC,8/13/2026,327.0,328.0,315.2,320.0,-2.14,343949.0,362.0,208.0
KKHC,8/14/2026,335.0,352.3,311.5,352.3,5.16,552452.0,362.0,208.0
KKHC,8/17/2026,334.7,362.0,326.0,331.0,-1.11,462907.0,362.0,208.0
KKHC,8/18/2026,340.0,340.0,298.0,299.0,-12.06,814260.0,362.0,208.0
KKHC,8/19/2026,284.1,309.0,284.1,296.5,4.36,309415.0,362.0,208.0
KKHC,8/20/2026,287.7,295.0,274.0,278.8,-3.09,255787.0,362.0,208.0
KKHC,8/21/2026,278.0,285.9,265.2,269.9,-2.91,179537.0,362.0,208.0
KKHC,8/24/2026,269.9,282.0,265.1,278.9,3.33,168038.0,362.0,208.0
KKHC,8/25/2026,280.0,282.5,270.5,274.0,-2.14,88154.0,362.0,208.0
KKHC,8/26/2026,270.0,273.0,260.0,266.9,-1.15,195594.0,362.0,208.0
KKHC,8/27/2026,280.2,280.2,258.0,269.0,-4.0,125700.0,362.0,208.0
KKHC,8/31/2026,266.1,270.0,260.4,263.3,-1.05,76177.0,362.0,208.0
KKHC,9/1/2026,266.9,272.0,262.2,265.2,-0.64,70361.0,362.0,208.0
KKHC,9/2/2026,261.3,270.0,261.3,266.0,1.8,41553.0,362.0,208.0
KKHC,9/3/2026,253.0,269.9,253.0,264.1,4.39,60972.0,362.0,208.0
KKHC,9/7/2026,266.0,273.0,265.1,267.9,0.71,153445.0,362.0,208.0
KKHC,9/9/2026,266.1,270.0,263.0,265.0,-0.41,80641.0,362.0,208.0
KKHC,9/10/2026,268.0,269.0,261.2,268.0,0.0,69228.0,362.0,208.0
KKHC,9/11/2026,274.0,274.0,264.0,273.7,-0.11,125343.0,362.0,208.0
KKHC,9/14/2026,274.5,277.0,270.3,272.0,-0.91,96533.0,362.0,208.0
KKHC,9/15/2026,275.0,285.0,275.0,280.0,1.82,269603.0,362.0,208.0
KKHC,9/16/2026,280.0,292.5,277.1,288.0,2.86,256907.0,362.0,208.0
KKHC,9/17/2026,290.0,293.0,280.5,282.0,-2.76,100354.0,362.0,208.0
KKHC,9/18/2026,279.1,287.9,279.0,281.0,0.68,162851.0,362.0,208.0
KKHC,9/22/2026,283.5,287.3,277.0,279.0,-1.59,166184.0,362.0,208.0
KKHC,9/23/2026,279.0,279.9,269.0,275.0,-1.43,279798.0,362.0,208.0
KKHC,9/24/2026,275.0,281.8,274.0,275.1,0.04,150269.0,362.0,208.0
KKHC,9/28/2026,279.9,280.0,270.0,272.0,-2.82,124451.0,362.0,208.0
KKHC,9/29/2026,270.0,274.0,269.2,0.0,-100.0,33479.0,362.0,208.0
KKHC,9/30/2026,268.4,276.9,268.4,270.2,0.67,205795.0,362.0,208.0
KKHC,10/1/2026,283.7,283.7,267.29,272.3,-4.02,53377.0,362.0,208.0
KKHC,10/2/2026,259.0,275.5,259.0,269.2,3.94,37416.0,362.0,208.0
KMCDB,12/21/2025,1058.4,1070.0,1016.0,1034.9,,18200.0,1189.3,735.0
KMCDB,12/22/2025,1014.3,1075.6,1000.7,1039.0,0.4,9776.0,1189.3,735.0
KMCDB,12/23/2025,1059.0,1059.0,1012.0,1015.0,-2.31,2903.0,1189.3,735.0
KMCDB,12/24/2025,1000.0,1071.0,1000.0,1036.9,2.16,4804.0,1189.3,735.0
KMCDB,12/28/2025,1036.9,1055.0,1030.1,1047.0,0.97,6011.0,1189.3,735.0
KMCDB,12/29/2025,1026.1,1131.0,1026.1,1057.0,0.96,4184.0,1189.3,735.0
KMCDB,12/31/2025,1035.9,1119.0,1035.9,1087.0,2.84,16189.0,1189.3,735.0
KMCDB,1/1/2026,1065.3,1140.0,1042.0,1119.0,2.94,20959.0,1189.3,735.0
KMCDB,1/4/2026,1096.7,1140.0,1045.0,1081.0,-3.4,25895.0,1189.3,735.0
KMCDB,1/5/2026,963.1,1015.0,963.1,1000.0,-7.49,11222.0,1189.3,735.0
KMCDB,1/6/2026,980.0,1080.0,980.0,1000.0,0.0,6392.0,1189.3,735.0
KMCDB,1/7/2026,980.0,995.0,969.0,993.0,-0.7,7662.0,1189.3,735.0
KMCDB,1/8/2026,973.2,992.0,970.0,988.0,-0.5,4657.0,1189.3,735.0
KMCDB,1/12/2026,969.0,988.0,950.0,950.0,-3.85,15901.0,1189.3,735.0
KMCDB,1/13/2026,964.0,964.0,921.3,945.0,-0.53,10428.0,1189.3,735.0
KMCDB,1/14/2026,955.0,955.0,924.0,953.0,0.85,5995.0,1189.3,735.0
KMCDB,1/18/2026,955.0,984.8,937.1,965.0,1.26,5219.0,1189.3,735.0
KMCDB,1/20/2026,979.9,979.9,951.6,954.0,-1.14,5114.0,1189.3,735.0
KMCDB,1/21/2026,968.0,968.0,952.0,952.0,-0.21,6382.0,1189.3,735.0
KMCDB,1/22/2026,964.0,964.0,933.1,960.2,0.86,9323.0,1189.3,735.0
KMCDB,1/25/2026,960.2,970.0,950.0,960.1,-0.01,7785.0,1189.3,735.0
KMCDB,1/26/2026,960.2,971.9,948.0,960.0,-0.01,8047.0,1189.3,735.0
KMCDB,1/27/2026,970.0,970.0,942.0,943.0,-1.77,5391.0,1189.3,735.0
KMCDB,1/28/2026,943.0,961.8,935.0,961.8,1.99,11456.0,1189.3,735.0
KMCDB,1/29/2026,960.0,961.8,943.4,951.0,-1.12,6144.0,1189.3,735.0
KMCDB,2/1/2026,947.0,963.9,947.0,953.1,0.22,3035.0,1189.3,735.0
KMCDB,2/2/2026,955.0,955.0,940.2,941.0,-1.27,2557.0,1189.3,735.0
KMCDB,2/3/2026,953.7,953.9,925.0,945.0,0.43,4150.0,1189.3,735.0
KMCDB,2/4/2026,956.0,957.0,926.2,926.2,-1.99,3460.0,1189.3,735.0
KMCDB,2/5/2026,922.3,957.0,922.3,935.0,0.95,3091.0,1189.3,735.0
KMCDB,2/8/2026,922.3,953.0,922.3,931.0,-0.43,3138.0,1189.3,735.0
KMCDB,2/9/2026,925.0,941.0,923.0,925.0,-0.64,3104.0,1189.3,735.0
KMCDB,2/10/2026,921.8,930.0,915.0,923.0,-0.22,1842.0,1189.3,735.0
KMCDB,2/11/2026,936.0,938.0,920.0,924.8,0.2,2545.0,1189.3,735.0
KMCDB,2/12/2026,935.0,935.0,915.0,917.0,-0.84,6085.0,1189.3,735.0
KMCDB,2/16/2026,928.0,928.0,898.0,910.0,-0.76,8550.0,1189.3,735.0
KMCDB,2/17/2026,897.3,987.2,897.3,911.0,0.11,3660.0,1189.3,735.0
KMCDB,2/22/2026,911.0,958.1,893.0,958.1,5.17,4633.0,1189.3,735.0
KMCDB,2/23/2026,939.0,939.0,915.2,920.0,-3.98,3386.0,1189.3,735.0
KMCDB,2/24/2026,933.0,933.0,909.0,929.9,1.08,1408.0,1189.3,735.0
KMCDB,2/25/2026,915.1,925.0,910.0,925.0,-0.53,3536.0,1189.3,735.0
KMCDB,2/26/2026,930.0,930.0,911.5,917.0,-0.86,565.0,1189.3,735.0
KMCDB,2/27/2026,930.0,930.0,911.5,917.0,0.0,565.0,1189.3,735.0
KMCDB,2/28/2026,930.0,930.0,911.5,917.0,0.0,565.0,1189.3,735.0
KMCDB,3/2/2026,900.0,924.0,899.1,917.0,0.0,1776.0,1189.3,735.0
KMCDB,3/3/2026,917.0,930.9,907.0,924.5,0.82,2558.0,1189.3,735.0
KMCDB,3/4/2026,917.0,930.9,907.0,924.5,0.0,2558.0,1189.3,735.0
KMCDB,3/5/2026,917.0,930.9,907.0,924.5,0.0,2558.0,1189.3,735.0
KMCDB,3/6/2026,917.0,930.9,907.0,924.5,0.0,2558.0,1189.3,735.0
KMCDB,3/7/2026,917.0,930.9,907.0,924.5,0.0,2558.0,1189.3,735.0
KMCDB,3/8/2026,917.0,930.9,907.0,924.5,0.0,2558.0,1189.3,735.0
KMCDB,3/9/2026,942.9,942.9,942.9,942.9,1.99,310.0,1189.3,735.0
KMCDB,3/10/2026,961.7,998.5,945.1,977.0,3.62,12942.0,1189.3,735.0
KMCDB,3/11/2026,958.0,980.0,947.8,950.2,-2.74,5399.0,1189.3,735.0
KMCDB,3/12/2026,938.0,969.0,938.0,958.5,0.87,1914.0,1189.3,735.0
KMCDB,3/13/2026,938.0,969.0,938.0,958.5,0.0,1914.0,1189.3,735.0
KMCDB,3/14/2026,938.0,969.0,938.0,958.5,0.0,1914.0,1189.3,735.0
KMCDB,3/15/2026,960.0,970.0,938.0,950.0,-0.89,6359.0,1189.3,735.0
KMCDB,3/16/2026,940.0,950.0,934.0,949.7,-0.03,1970.0,1189.3,735.0
KMCDB,3/17/2026,955.0,955.0,935.9,946.0,-0.39,2273.0,1189.3,735.0
KMCDB,3/18/2026,955.0,955.0,935.9,946.0,0.0,2273.0,1189.3,735.0
KMCDB,3/19/2026,936.1,970.0,936.1,965.0,2.01,8053.0,1189.3,735.0
KMCDB,3/20/2026,936.1,970.0,936.1,965.0,0.0,8053.0,1189.3,735.0
KMCDB,3/21/2026,936.1,970.0,936.1,965.0,0.0,8053.0,1189.3,735.0
KMCDB,3/22/2026,975.0,1012.0,965.1,1001.9,3.82,21930.0,1189.3,735.0
KMCDB,3/23/2026,1021.9,1021.9,990.0,993.0,-0.89,7148.0,1189.3,735.0
KMCDB,3/24/2026,974.0,1014.0,974.0,995.0,0.2,10241.0,1189.3,735.0
KMCDB,3/25/2026,977.1,996.0,970.0,976.0,-1.91,9397.0,1189.3,735.0
KMCDB,3/26/2026,976.0,985.0,965.0,985.0,0.92,3333.0,1189.3,735.0
KMCDB,3/29/2026,968.5,968.5,950.1,953.0,-1.6,8570.0,1189.3,735.0
KMCDB,3/30/2026,951.0,963.5,911.4,939.0,-1.26,13207.0,1189.3,735.0
KMCDB,3/31/2026,926.0,951.0,920.0,942.1,1.74,6585.0,1189.3,735.0
KMCDB,4/1/2026,931.0,942.0,920.0,920.0,-1.18,3454.0,1189.3,735.0
KMCDB,4/2/2026,907.2,928.0,895.0,901.5,-0.63,8464.0,1189.3,735.0
KMCDB,4/5/2026,919.5,919.5,861.0,875.0,-4.84,10769.0,1189.3,735.0
KMCDB,4/6/2026,892.5,901.0,874.7,900.0,0.84,7988.0,1189.3,735.0
KMCDB,4/7/2026,913.0,918.0,893.1,904.0,-0.99,4434.0,1189.3,735.0
KMCDB,4/8/2026,890.0,937.5,890.0,937.5,5.34,6303.0,1189.3,735.0
KMCDB,4/9/2026,931.0,958.0,926.2,950.0,2.04,5553.0,1189.3,735.0
KMCDB,4/10/2026,950.0,963.0,926.2,928.0,-2.32,9136.0,1189.3,735.0
KMCDB,4/13/2026,929.0,930.0,911.0,915.0,-1.51,6480.0,1189.3,735.0
KMCDB,4/15/2026,915.0,933.0,902.0,921.0,0.66,8168.0,1189.3,735.0
KMCDB,4/16/2026,936.5,957.0,900.5,925.0,-1.23,6534.0,1189.3,735.0
KMCDB,4/17/2026,937.0,937.0,900.0,910.0,-2.88,5226.0,1189.3,735.0
KMCDB,4/20/2026,890.0,926.4,890.0,915.0,2.81,4281.0,1189.3,735.0
KMCDB,4/21/2026,905.1,918.0,905.0,908.0,0.32,13365.0,1189.3,735.0
KMCDB,4/22/2026,890.1,917.0,885.0,895.0,0.55,13300.0,1189.3,735.0
KMCDB,4/23/2026,890.1,910.0,890.0,893.1,0.34,3520.0,1189.3,735.0
KMCDB,4/24/2026,893.1,1004.2,873.1,915.0,2.45,3907.0,1189.3,735.0
KMCDB,4/27/2026,915.0,910.0,890.0,899.5,-1.69,7092.0,1189.3,735.0
KMCDB,4/28/2026,899.5,900.0,885.1,885.1,-1.6,2442.0,1189.3,735.0
KMCDB,4/29/2026,885.1,894.9,865.1,869.0,-1.82,2857.0,1189.3,735.0
KMCDB,4/30/2026,889.9,889.9,865.0,879.0,-1.22,3124.0,1189.3,735.0
KMCDB,5/4/2026,865.3,880.0,865.3,870.0,0.54,2918.0,1189.3,735.0
KMCDB,5/5/2026,870.0,896.0,860.0,888.0,2.07,2611.0,1189.3,735.0
KMCDB,5/6/2026,888.0,888.0,865.6,870.0,-2.03,470.0,1189.3,735.0
KMCDB,5/7/2026,882.0,882.0,870.1,877.7,-0.49,492.0,1189.3,735.0
KMCDB,5/8/2026,886.0,886.0,872.0,885.8,-0.02,2072.0,1189.3,735.0
KMCDB,5/11/2026,885.8,889.0,875.0,879.0,-0.77,5168.0,1189.3,735.0
KMCDB,5/12/2026,922.0,922.0,870.0,889.7,-3.5,3586.0,1189.3,735.0
KMCDB,5/13/2026,875.5,885.0,875.5,884.8,1.06,283.0,1189.3,735.0
KMCDB,5/14/2026,861.5,886.0,861.2,866.0,0.52,1276.0,1189.3,735.0
KMCDB,5/15/2026,870.0,872.7,863.1,872.0,0.23,927.0,1189.3,735.0
KMCDB,5/18/2026,857.0,870.0,857.0,864.0,0.82,2194.0,1189.3,735.0
KMCDB,5/19/2026,845.5,867.0,845.5,865.0,2.31,1066.0,1189.3,735.0
KMCDB,5/20/2026,865.0,867.0,860.1,860.2,-0.55,3970.0,1189.3,735.0
KMCDB,5/21/2026,869.5,869.5,855.5,866.0,-0.4,879.0,1189.3,735.0
KMCDB,5/22/2026,841.1,860.0,840.5,860.0,2.25,4603.0,1189.3,735.0
KMCDB,5/25/2026,860.0,875.0,855.0,875.0,1.74,2633.0,1189.3,735.0
KMCDB,5/26/2026,884.0,884.0,862.2,872.0,-1.36,2007.0,1189.3,735.0
KMCDB,5/27/2026,850.0,928.5,850.0,874.9,2.93,316.0,1189.3,735.0
KMCDB,6/1/2026,861.5,868.0,860.0,863.9,0.28,775.0,1189.3,735.0
KMCDB,6/2/2026,859.0,873.7,859.0,860.0,0.12,538.0,1189.3,735.0
KMCDB,6/3/2026,867.0,879.0,861.1,863.0,-0.46,1642.0,1189.3,735.0
KMCDB,6/4/2026,865.0,875.0,865.0,872.0,0.81,1223.0,1189.3,735.0
KMCDB,6/5/2026,872.0,872.0,861.0,871.0,-0.11,496.0,1189.3,735.0
KMCDB,6/8/2026,865.0,865.0,852.0,859.0,-0.69,1833.0,1189.3,735.0
KMCDB,6/9/2026,854.0,868.0,850.4,850.4,-0.42,2596.0,1189.3,735.0
KMCDB,6/10/2026,850.2,860.0,850.2,856.1,0.69,303.0,1189.3,735.0
KMCDB,6/11/2026,843.0,856.0,843.0,847.1,0.49,1117.0,1189.3,735.0
KMCDB,6/12/2026,845.0,854.0,842.0,854.0,1.07,426.0,1189.3,735.0
KMCDB,6/15/2026,854.5,854.5,840.1,847.9,-0.77,3946.0,1189.3,735.0
KMCDB,6/16/2026,848.2,852.0,840.0,849.0,0.09,3271.0,1189.3,735.0
KMCDB,6/17/2026,860.0,860.9,845.0,846.0,-1.63,746.0,1189.3,735.0
KMCDB,6/18/2026,835.0,849.9,830.0,837.0,0.24,1620.0,1189.3,735.0
KMCDB,6/19/2026,831.0,843.0,826.3,830.0,-0.12,1507.0,1189.3,735.0
KMCDB,6/22/2026,789.0,854.0,789.0,844.9,7.08,2288.0,1189.3,735.0
KMCDB,6/23/2026,825.0,849.0,825.0,830.3,0.64,2018.0,1189.3,735.0
KMCDB,6/24/2026,820.0,828.0,815.0,815.3,-0.57,1040.0,1189.3,735.0
KMCDB,6/26/2026,892.4,892.4,820.6,821.0,-8.0,2723.0,1189.3,735.0
KMCDB,6/29/2026,797.2,845.6,791.0,823.0,3.24,2052.0,1189.3,735.0
KMCDB,6/30/2026,823.0,823.0,777.7,816.9,-0.74,6047.0,1189.3,735.0
KMCDB,7/1/2026,816.9,824.0,800.1,810.0,-0.84,1970.0,1189.3,735.0
KMCDB,7/2/2026,832.9,832.9,795.1,815.5,-2.09,2168.0,1189.3,735.0
KMCDB,7/3/2026,816.6,819.0,800.0,815.0,-0.2,1864.0,1189.3,735.0
KMCDB,7/6/2026,797.0,809.9,790.0,809.0,1.51,1915.0,1189.3,735.0
KMCDB,7/7/2026,809.0,825.3,800.6,818.0,1.11,413.0,1189.3,735.0
KMCDB,7/8/2026,794.0,808.9,777.7,794.9,0.11,1303.0,1189.3,735.0
KMCDB,7/9/2026,779.0,790.0,770.0,790.0,1.41,1876.0,1189.3,735.0
KMCDB,7/10/2026,813.6,837.9,780.0,800.0,-1.67,1186.0,1189.3,735.0
KMCDB,7/13/2026,808.0,809.0,760.0,766.0,-5.2,7732.0,1189.3,735.0
KMCDB,7/14/2026,787.5,787.5,735.0,760.0,-3.49,4432.0,1189.3,735.0
KMCDB,7/15/2026,739.2,782.5,739.2,760.0,2.81,1322.0,1189.3,735.0
KMCDB,7/16/2026,761.0,780.0,750.0,772.6,1.52,857.0,1189.3,735.0
KMCDB,7/17/2026,782.0,799.9,770.0,797.9,2.03,2603.0,1189.3,735.0
KMCDB,7/20/2026,809.0,810.0,785.0,802.0,-0.87,1073.0,1189.3,735.0
KMCDB,7/21/2026,802.0,823.0,802.0,815.0,1.62,609.0,1189.3,735.0
KMCDB,7/22/2026,792.0,815.0,791.0,803.0,1.39,3285.0,1189.3,735.0
KMCDB,7/23/2026,808.0,808.0,779.5,806.9,-0.14,1276.0,1189.3,735.0
KMCDB,7/24/2026,800.0,806.0,791.6,806.0,0.75,1517.0,1189.3,735.0
KMCDB,7/27/2026,800.0,800.0,777.0,780.0,-2.5,3094.0,1189.3,735.0
KMCDB,7/28/2026,761.0,788.0,756.6,787.0,3.42,2495.0,1189.3,735.0
KMCDB,7/29/2026,787.0,789.0,763.8,784.0,-0.38,4774.0,1189.3,735.0
KMCDB,7/30/2026,784.0,784.0,761.3,779.5,-0.57,2158.0,1189.3,735.0
KMCDB,7/31/2026,779.0,787.0,760.3,766.4,-1.62,2071.0,1189.3,735.0
KMCDB,8/3/2026,750.1,789.7,750.0,777.9,3.71,1097.0,1189.3,735.0
KMCDB,8/4/2026,774.0,774.0,759.0,770.0,-0.52,1947.0,1189.3,735.0
KMCDB,8/5/2026,770.0,775.0,770.0,770.0,0.0,338.0,1189.3,735.0
KMCDB,8/6/2026,757.6,765.0,757.6,760.2,0.34,1750.0,1189.3,735.0
KMCDB,8/7/2026,771.8,780.0,760.0,777.0,0.67,5331.0,1189.3,735.0
KMCDB,8/10/2026,738.2,815.0,738.2,807.9,9.44,10382.0,1189.3,735.0
KMCDB,8/11/2026,807.9,815.0,798.0,800.0,-0.98,2606.0,1189.3,735.0
KMCDB,8/12/2026,800.0,808.0,750.0,796.3,-0.46,6542.0,1189.3,735.0
KMCDB,8/13/2026,795.0,796.0,772.0,780.0,-1.89,4044.0,1189.3,735.0
KMCDB,8/14/2026,800.0,800.0,775.0,785.0,-1.88,1672.0,1189.3,735.0
KMCDB,8/17/2026,793.0,793.0,770.0,770.0,-2.9,310.0,1189.3,735.0
KMCDB,8/18/2026,761.0,783.0,761.0,783.0,2.89,1323.0,1189.3,735.0
KMCDB,8/19/2026,788.7,788.9,765.0,785.0,-0.47,2713.0,1189.3,735.0
KMCDB,8/20/2026,790.0,797.7,774.0,780.0,-1.27,321.0,1189.3,735.0
KMCDB,8/21/2026,766.1,784.0,766.1,774.0,1.03,2114.0,1189.3,735.0
KMCDB,8/24/2026,783.3,783.3,766.6,770.0,-1.7,1976.0,1189.3,735.0
KMCDB,8/25/2026,770.0,783.0,761.5,783.0,1.69,1999.0,1189.3,735.0
KMCDB,8/26/2026,780.0,780.0,762.0,778.0,-0.26,2228.0,1189.3,735.0
KMCDB,8/27/2026,763.0,775.0,763.0,774.6,1.52,382.0,1189.3,735.0
KMCDB,8/31/2026,762.0,768.0,745.5,767.0,0.66,2055.0,1189.3,735.0
KMCDB,9/1/2026,782.0,782.0,762.0,762.1,-2.54,895.0,1189.3,735.0
KMCDB,9/2/2026,755.1,764.0,743.1,763.0,1.05,1864.0,1189.3,735.0
KMCDB,9/3/2026,735.0,875.0,735.0,772.0,5.03,9805.0,1189.3,735.0
KMCDB,9/7/2026,740.0,825.0,740.0,820.0,10.81,11566.0,1189.3,735.0
KMCDB,9/9/2026,779.0,826.3,779.0,799.8,2.67,5461.0,1189.3,735.0
KMCDB,9/10/2026,839.7,839.7,779.5,799.5,-4.79,7675.0,1189.3,735.0
KMCDB,9/11/2026,809.9,812.0,775.6,807.0,-0.36,4327.0,1189.3,735.0
KMCDB,9/14/2026,792.0,817.0,790.0,810.0,2.27,5535.0,1189.3,735.0
KMCDB,9/15/2026,850.0,850.0,804.0,818.5,-3.71,12542.0,1189.3,735.0
KMCDB,9/16/2026,777.6,854.0,777.6,854.0,9.83,15417.0,1189.3,735.0
KMCDB,9/17/2026,854.0,875.0,840.0,867.5,1.58,16039.0,1189.3,735.0
KMCDB,9/18/2026,850.0,869.0,843.6,860.0,1.18,3837.0,1189.3,735.0
KMCDB,9/22/2026,836.5,884.9,821.0,855.0,2.21,6026.0,1189.3,735.0
KMCDB,9/23/2026,840.0,841.0,810.0,810.0,-3.57,2877.0,1189.3,735.0
KMCDB,9/24/2026,769.5,838.5,769.5,828.0,7.6,5475.0,1189.3,735.0
KMCDB,9/28/2026,815.0,820.1,815.0,815.0,0.0,1418.0,1189.3,735.0
KMCDB,9/29/2026,830.0,830.0,805.0,0.0,-100.0,1332.0,1189.3,735.0
KMCDB,9/30/2026,835.0,835.0,776.0,811.9,-2.77,3733.0,1189.3,735.0
KMCDB,10/1/2026,811.9,811.9,792.0,806.0,-0.73,3201.0,1189.3,735.0
KMCDB,10/2/2026,801.0,808.0,785.5,799.5,-0.19,2769.0,1189.3,735.0
KMCDBP,12/21/2025,605.0,605.0,605.0,605.0,,1254.0,605.0,587.0
KMCDBP,4/20/2026,587.0,587.0,587.0,587.0,0.0,21649.0,605.0,587.0
KMCDBP,5/15/2026,587.0,587.0,587.0,587.0,0.0,7270.0,605.0,587.0
KMCDBP,5/18/2026,587.0,587.0,587.0,587.0,0.0,7140.0,605.0,587.0
KMCDBP,6/9/2026,587.0,587.0,587.0,587.0,0.0,10501.0,605.0,587.0
KPCL,12/2/2018,102.0,105.0,101.0,105.0,,650.0,657.0,440.6
KPCL,12/3/2018,106.0,106.0,103.0,104.0,-0.95,760.0,657.0,440.6
KPCL,12/4/2018,104.0,105.0,103.0,103.0,-0.96,1420.0,657.0,440.6
KPCL,12/5/2018,101.0,105.0,101.0,105.0,1.94,3250.0,657.0,440.6
KPCL,12/6/2018,106.0,106.0,103.0,104.0,-0.95,300.0,657.0,440.6
KPCL,12/9/2018,103.0,104.0,102.0,103.0,-0.96,250.0,657.0,440.6
KPCL,12/10/2018,103.0,104.0,102.0,104.0,0.97,180.0,657.0,440.6
KPCL,12/11/2018,103.0,105.0,102.0,103.0,-0.96,160.0,657.0,440.6
KPCL,12/12/2018,101.0,104.0,101.0,103.0,0.0,460.0,657.0,440.6
KPCL,12/13/2018,101.0,105.0,101.0,105.0,1.94,820.0,657.0,440.6
KPCL,12/16/2018,106.0,107.0,103.0,107.0,1.9,470.0,657.0,440.6
KPCL,12/17/2018,106.0,108.0,103.0,107.0,0.0,1610.0,657.0,440.6
KPCL,12/18/2018,101.0,103.0,101.0,103.0,-3.74,230.0,657.0,440.6
KPCL,12/19/2018,102.0,105.0,101.0,102.0,-0.97,500.0,657.0,440.6
KPCL,12/20/2018,101.0,103.0,101.0,102.0,0.0,470.0,657.0,440.6
KPCL,12/23/2018,104.0,105.0,100.0,101.0,-0.98,2640.0,657.0,440.6
KPCL,12/24/2018,101.0,101.0,98.0,101.0,0.0,3080.0,657.0,440.6
KPCL,12/25/2018,101.0,102.0,99.0,100.0,-0.99,680.0,657.0,440.6
KPCL,12/26/2018,101.0,102.0,99.0,99.0,-1.0,420.0,657.0,440.6
KPCL,12/27/2018,99.0,104.0,99.0,103.0,4.04,2250.0,657.0,440.6
KPCL,12/30/2018,105.0,105.0,100.0,100.0,-2.91,740.0,657.0,440.6
KPCL,12/31/2018,100.0,103.0,100.0,101.0,1.0,520.0,657.0,440.6
KPCL,1/1/2019,104.0,104.0,101.0,102.0,0.99,710.0,657.0,440.6
KPCL,1/2/2019,100.0,103.0,100.0,100.0,-1.96,1220.0,657.0,440.6
KPCL,1/3/2019,100.0,102.0,100.0,100.0,0.0,530.0,657.0,440.6
KPCL,1/6/2019,100.0,101.0,100.0,100.0,0.0,300.0,657.0,440.6
KPCL,1/7/2019,100.0,102.0,100.0,102.0,2.0,600.0,657.0,440.6
KPCL,1/8/2019,100.0,101.0,99.0,100.0,-1.96,360.0,657.0,440.6
KPCL,1/9/2019,99.0,101.0,99.0,100.0,0.0,520.0,657.0,440.6
KPCL,1/10/2019,101.0,101.0,100.0,100.0,0.0,820.0,657.0,440.6
KPCL,1/13/2019,100.0,102.0,99.0,99.0,-1.0,1150.0,657.0,440.6
KPCL,1/14/2019,100.0,101.0,99.0,99.0,0.0,730.0,657.0,440.6
KPCL,1/15/2019,100.0,102.0,100.0,102.0,3.03,180.0,657.0,440.6
KPCL,1/16/2019,102.0,102.0,100.0,100.0,-1.96,100.0,657.0,440.6
KPCL,1/17/2019,99.0,102.0,99.0,101.0,1.0,890.0,657.0,440.6
KPCL,1/20/2019,99.0,100.0,98.0,99.0,-1.98,1470.0,657.0,440.6
KPCL,1/21/2019,98.0,100.0,96.0,96.0,-3.03,2150.0,657.0,440.6
KPCL,1/22/2019,97.0,98.0,96.0,97.0,1.04,1910.0,657.0,440.6
KPCL,1/23/2019,97.0,100.0,96.0,100.0,3.09,1460.0,657.0,440.6
KPCL,1/24/2019,99.0,100.0,98.0,98.0,-2.0,570.0,657.0,440.6
KPCL,1/27/2019,98.0,100.0,97.0,97.0,-1.02,1000.0,657.0,440.6
KPCL,1/28/2019,96.0,98.0,96.0,96.0,-1.03,1680.0,657.0,440.6
KPCL,1/29/2019,96.0,97.0,96.0,96.0,0.0,850.0,657.0,440.6
KPCL,1/30/2019,96.0,97.0,95.0,95.0,-1.04,3600.0,657.0,440.6
KPCL,1/31/2019,95.0,97.0,94.0,95.0,0.0,1340.0,657.0,440.6
KPCL,2/3/2019,95.0,96.0,94.0,95.0,0.0,820.0,657.0,440.6
KPCL,2/4/2019,94.0,95.0,93.0,93.0,-2.11,610.0,657.0,440.6
KPCL,2/5/2019,94.0,95.0,93.0,94.0,1.08,750.0,657.0,440.6
KPCL,2/6/2019,93.0,94.0,92.0,92.0,-2.13,660.0,657.0,440.6
KPCL,2/7/2019,91.0,93.0,91.0,91.0,-1.09,950.0,657.0,440.6
KPCL,2/10/2019,91.0,92.0,90.0,90.0,-1.1,750.0,657.0,440.6
KPCL,2/11/2019,89.0,97.0,89.0,97.0,7.78,1650.0,657.0,440.6
KPCL,2/12/2019,100.0,100.0,93.0,97.0,0.0,1440.0,657.0,440.6
KPCL,2/13/2019,100.0,100.0,93.0,93.0,-4.12,1200.0,657.0,440.6
KPCL,2/14/2019,93.0,93.0,90.0,91.0,-2.15,1900.0,657.0,440.6
KPCL,2/17/2019,91.0,92.0,89.0,92.0,1.1,1030.0,657.0,440.6
KPCL,2/18/2019,91.0,92.0,90.0,90.0,-2.17,750.0,657.0,440.6
KPCL,2/19/2019,91.0,93.0,90.0,90.0,0.0,990.0,657.0,440.6
KPCL,2/20/2019,91.0,91.0,90.0,90.0,0.0,330.0,657.0,440.6
KPCL,2/21/2019,89.0,91.0,89.0,90.0,0.0,940.0,657.0,440.6
KPCL,2/24/2019,90.0,93.0,89.0,89.0,-1.11,1160.0,657.0,440.6
KPCL,2/25/2019,90.0,91.0,89.0,91.0,2.25,620.0,657.0,440.6
KPCL,2/26/2019,92.0,93.0,89.0,91.0,0.0,900.0,657.0,440.6
KPCL,2/27/2019,90.0,91.0,90.0,90.0,-1.1,470.0,657.0,440.6
KPCL,3/3/2019,89.0,91.0,88.0,90.0,0.0,930.0,657.0,440.6
KPCL,3/5/2019,90.0,92.0,90.0,92.0,2.22,380.0,657.0,440.6
KPCL,3/6/2019,91.0,94.0,90.0,94.0,2.17,520.0,657.0,440.6
KPCL,3/7/2019,93.0,94.0,92.0,93.0,-1.06,1920.0,657.0,440.6
KPCL,3/10/2019,92.0,92.0,91.0,91.0,-2.15,650.0,657.0,440.6
KPCL,3/11/2019,92.0,94.0,91.0,91.0,0.0,1560.0,657.0,440.6
KPCL,3/12/2019,92.0,99.0,92.0,99.0,8.79,1640.0,657.0,440.6
KPCL,3/13/2019,98.0,99.0,95.0,96.0,-3.03,1200.0,657.0,440.6
KPCL,3/14/2019,96.0,98.0,94.0,97.0,1.04,377.0,657.0,440.6
KPCL,3/17/2019,98.0,98.0,94.0,96.0,-1.03,551.0,657.0,440.6
KPCL,3/18/2019,95.0,96.0,94.0,95.0,-1.04,1750.0,657.0,440.6
KPCL,3/19/2019,95.0,96.0,94.0,95.0,0.0,280.0,657.0,440.6
KPCL,3/21/2019,94.0,96.0,93.0,96.0,1.05,310.0,657.0,440.6
KPCL,3/24/2019,95.0,96.0,91.0,95.0,-1.04,930.0,657.0,440.6
KPCL,3/25/2019,94.0,95.0,93.0,93.0,-2.11,1210.0,657.0,440.6
KPCL,3/26/2019,92.0,94.0,92.0,93.0,0.0,920.0,657.0,440.6
KPCL,3/27/2019,92.0,94.0,92.0,93.0,0.0,1105.0,657.0,440.6
KPCL,3/28/2019,93.0,94.0,92.0,92.0,-1.08,2120.0,657.0,440.6
KPCL,3/31/2019,92.0,94.0,92.0,93.0,1.09,1361.0,657.0,440.6
KPCL,4/1/2019,93.0,93.0,91.0,92.0,-1.08,750.0,657.0,440.6
KPCL,4/2/2019,91.0,93.0,91.0,92.0,0.0,820.0,657.0,440.6
KPCL,4/3/2019,92.0,96.0,91.0,92.0,0.0,1380.0,657.0,440.6
KPCL,4/4/2019,92.0,93.0,91.0,92.0,0.0,933.0,657.0,440.6
KPCL,4/7/2019,92.0,93.0,92.0,93.0,1.09,890.0,657.0,440.6
KPCL,4/8/2019,92.0,94.0,90.0,94.0,1.08,1220.0,657.0,440.6
KPCL,4/9/2019,93.0,93.0,92.0,92.0,-2.13,400.0,657.0,440.6
KPCL,4/10/2019,91.0,92.0,91.0,92.0,0.0,540.0,657.0,440.6
KPCL,4/11/2019,91.0,92.0,90.0,91.0,-1.09,1420.0,657.0,440.6
KPCL,4/15/2019,90.0,92.0,90.0,91.0,0.0,380.0,657.0,440.6
KPCL,4/16/2019,91.0,93.0,91.0,92.0,1.1,770.0,657.0,440.6
KPCL,4/17/2019,91.0,92.0,90.0,90.0,-2.17,1160.0,657.0,440.6
KPCL,4/18/2019,89.0,91.0,89.0,90.0,0.0,610.0,657.0,440.6
KPCL,4/21/2019,90.0,90.0,89.0,89.0,-1.11,280.0,657.0,440.6
KPCL,4/22/2019,89.0,91.0,89.0,91.0,2.25,630.0,657.0,440.6
KPCL,4/23/2019,90.0,91.0,89.0,91.0,0.0,460.0,657.0,440.6
KPCL,4/24/2019,90.0,90.0,89.0,89.0,-2.2,210.0,657.0,440.6
KPCL,4/25/2019,88.0,90.0,88.0,90.0,1.12,760.0,657.0,440.6
KPCL,4/28/2019,89.0,91.0,87.0,89.0,-1.11,860.0,657.0,440.6
KPCL,4/29/2019,88.0,91.0,88.0,91.0,2.25,750.0,657.0,440.6
KPCL,4/30/2019,90.0,93.0,88.0,93.0,2.2,590.0,657.0,440.6
KPCL,5/2/2019,92.0,95.0,92.0,92.0,-1.08,696.0,657.0,440.6
KPCL,5/5/2019,92.0,94.0,91.0,92.0,0.0,1780.0,657.0,440.6
KPCL,5/6/2019,91.0,95.0,90.0,94.0,2.17,390.0,657.0,440.6
KPCL,5/7/2019,94.0,98.0,91.0,97.0,3.19,1190.0,657.0,440.6
KPCL,5/8/2019,96.0,96.0,94.0,94.0,-3.09,1080.0,657.0,440.6
KPCL,5/9/2019,93.0,94.0,93.0,93.0,-1.06,260.0,657.0,440.6
KPCL,5/12/2019,93.0,94.0,92.0,93.0,0.0,460.0,657.0,440.6
KPCL,5/13/2019,92.0,93.0,91.0,92.0,-1.08,240.0,657.0,440.6
KPCL,5/14/2019,92.0,94.0,91.0,92.0,0.0,2540.0,657.0,440.6
KPCL,5/15/2019,91.0,92.0,90.0,91.0,-1.09,380.0,657.0,440.6
KPCL,5/16/2019,91.0,92.0,91.0,92.0,1.1,520.0,657.0,440.6
KPCL,5/19/2019,92.0,94.0,92.0,92.0,0.0,870.0,657.0,440.6
KPCL,5/20/2019,91.0,93.0,90.0,90.0,-2.17,750.0,657.0,440.6
KPCL,5/21/2019,90.0,95.0,90.0,95.0,5.56,1790.0,657.0,440.6
KPCL,5/22/2019,94.0,104.0,93.0,102.0,7.37,12494.0,657.0,440.6
KPCL,5/23/2019,100.0,102.0,93.0,95.0,-6.86,1280.0,657.0,440.6
KPCL,5/26/2019,95.0,97.0,94.0,95.0,0.0,500.0,657.0,440.6
KPCL,5/27/2019,94.0,95.0,92.0,93.0,-2.11,280.0,657.0,440.6
KPCL,5/28/2019,94.0,94.0,92.0,93.0,0.0,620.0,657.0,440.6
KPCL,5/29/2019,92.0,96.0,92.0,96.0,3.23,1550.0,657.0,440.6
KPCL,5/30/2019,97.0,105.0,97.0,99.0,3.12,6252.0,657.0,440.6
KPCL,6/2/2019,99.0,100.0,97.0,99.0,0.0,3130.0,657.0,440.6
KPCL,6/3/2019,99.0,102.0,94.0,94.0,-5.05,1810.0,657.0,440.6
KPCL,6/4/2019,94.0,96.0,94.0,96.0,2.13,640.0,657.0,440.6
KPCL,6/6/2019,96.0,97.0,92.0,93.0,-3.12,480.0,657.0,440.6
KPCL,6/10/2019,94.0,95.0,90.0,91.0,-2.15,9280.0,657.0,440.6
KPCL,6/11/2019,90.0,97.0,90.0,94.0,3.3,1940.0,657.0,440.6
KPCL,6/12/2019,93.0,96.0,93.0,95.0,1.06,3930.0,657.0,440.6
KPCL,6/13/2019,94.0,96.0,94.0,96.0,1.05,1350.0,657.0,440.6
KPCL,6/16/2019,95.0,96.0,91.0,93.0,-3.12,1820.0,657.0,440.6
KPCL,6/17/2019,93.0,94.0,92.0,93.0,0.0,1368.0,657.0,440.6
KPCL,6/18/2019,93.0,95.0,91.0,92.0,-1.08,670.0,657.0,440.6
KPCL,6/19/2019,91.0,97.0,91.0,97.0,5.43,570.0,657.0,440.6
KPCL,6/23/2019,96.0,96.0,93.0,93.0,-4.12,130.0,657.0,440.6
KPCL,6/24/2019,92.0,93.0,90.0,91.0,-2.15,1320.0,657.0,440.6
KPCL,6/25/2019,91.0,93.0,91.0,93.0,2.2,420.0,657.0,440.6
KPCL,6/26/2019,92.0,97.0,91.0,97.0,4.3,2060.0,657.0,440.6
KPCL,6/27/2019,97.0,97.0,91.0,93.0,-4.12,520.0,657.0,440.6
KPCL,6/30/2019,90.0,92.0,90.0,91.0,-2.15,900.0,657.0,440.6
KPCL,7/1/2019,90.0,93.0,90.0,91.0,0.0,440.0,657.0,440.6
KPCL,7/2/2019,90.0,93.0,90.0,92.0,1.1,3220.0,657.0,440.6
KPCL,7/3/2019,91.0,95.0,90.0,94.0,2.17,800.0,657.0,440.6
KPCL,7/4/2019,93.0,93.0,91.0,92.0,-2.13,480.0,657.0,440.6
KPCL,7/7/2019,91.0,93.0,91.0,93.0,1.09,260.0,657.0,440.6
KPCL,7/8/2019,92.0,93.0,92.0,92.0,-1.08,70.0,657.0,440.6
KPCL,7/9/2019,92.0,92.0,90.0,91.0,-1.09,530.0,657.0,440.6
KPCL,7/10/2019,91.0,92.0,90.0,91.0,0.0,889.0,657.0,440.6
KPCL,7/11/2019,90.0,93.0,90.0,92.0,1.1,1740.0,657.0,440.6
KPCL,7/14/2019,91.0,91.0,90.0,90.0,-2.17,300.0,657.0,440.6
KPCL,7/15/2019,91.0,92.0,90.0,91.0,1.11,250.0,657.0,440.6
KPCL,7/16/2019,91.0,93.0,91.0,91.0,0.0,590.0,657.0,440.6
KPCL,7/17/2019,91.0,94.0,91.0,91.0,0.0,470.0,657.0,440.6
KPCL,7/18/2019,92.0,93.0,92.0,92.0,1.1,230.0,657.0,440.6
KPCL,7/21/2019,93.0,93.0,91.0,92.0,0.0,170.0,657.0,440.6
KPCL,7/22/2019,92.0,92.0,92.0,92.0,0.0,220.0,657.0,440.6
KPCL,7/23/2019,91.0,92.0,91.0,92.0,0.0,240.0,657.0,440.6
KPCL,7/24/2019,92.0,93.0,91.0,91.0,-1.09,240.0,657.0,440.6
KPCL,7/25/2019,90.0,92.0,90.0,91.0,0.0,310.0,657.0,440.6
KPCL,7/28/2019,90.0,90.0,89.0,89.0,-2.2,210.0,657.0,440.6
KPCL,7/29/2019,90.0,91.0,89.0,89.0,0.0,360.0,657.0,440.6
KPCL,7/30/2019,90.0,92.0,90.0,91.0,2.25,640.0,657.0,440.6
KPCL,7/31/2019,90.0,90.0,89.0,90.0,-1.1,280.0,657.0,440.6
KPCL,8/1/2019,90.0,93.0,89.0,90.0,0.0,2300.0,657.0,440.6
KPCL,8/4/2019,91.0,91.0,88.0,89.0,-1.11,840.0,657.0,440.6
KPCL,8/5/2019,88.0,89.0,86.0,86.0,-3.37,2111.0,657.0,440.6
KPCL,8/6/2019,85.0,88.0,85.0,88.0,2.33,690.0,657.0,440.6
KPCL,8/7/2019,87.0,90.0,86.0,89.0,1.14,430.0,657.0,440.6
KPCL,8/8/2019,88.0,88.0,86.0,87.0,-2.25,290.0,657.0,440.6
KPCL,8/11/2019,86.0,87.0,84.0,86.0,-1.15,1055.0,657.0,440.6
KPCL,8/12/2019,85.0,87.0,85.0,86.0,0.0,750.0,657.0,440.6
KPCL,8/13/2019,87.0,88.0,86.0,88.0,2.33,870.0,657.0,440.6
KPCL,8/14/2019,87.0,87.0,85.0,86.0,-2.27,210.0,657.0,440.6
KPCL,8/15/2019,85.0,87.0,85.0,87.0,1.16,870.0,657.0,440.6
KPCL,8/18/2019,86.0,86.0,85.0,86.0,-1.15,320.0,657.0,440.6
KPCL,8/19/2019,86.0,86.0,85.0,86.0,0.0,430.0,657.0,440.6
KPCL,8/20/2019,85.0,86.0,83.0,83.0,-3.49,780.0,657.0,440.6
KPCL,8/21/2019,83.0,87.0,83.0,83.0,0.0,780.0,657.0,440.6
KPCL,8/22/2019,83.0,84.0,82.0,84.0,1.2,820.0,657.0,440.6
KPCL,8/25/2019,84.0,84.0,82.0,82.0,-2.38,290.0,657.0,440.6
KPCL,8/26/2019,82.0,82.0,80.0,81.0,-1.22,2149.0,657.0,440.6
KPCL,8/27/2019,80.0,83.0,80.0,81.0,0.0,1090.0,657.0,440.6
KPCL,8/28/2019,80.0,82.0,80.0,80.0,-1.23,260.0,657.0,440.6
KPCL,8/29/2019,80.0,83.0,80.0,82.0,2.5,360.0,657.0,440.6
KPCL,9/1/2019,81.0,84.0,80.0,84.0,2.44,2650.0,657.0,440.6
KPCL,9/2/2019,83.0,83.0,80.0,81.0,-3.57,1160.0,657.0,440.6
KPCL,9/3/2019,82.0,84.0,81.0,84.0,3.7,1695.0,657.0,440.6
KPCL,9/4/2019,83.0,83.0,81.0,82.0,-2.38,870.0,657.0,440.6
KPCL,9/5/2019,83.0,84.0,82.0,84.0,2.44,935.0,657.0,440.6
KPCL,9/8/2019,83.0,83.0,80.0,80.0,-4.76,400.0,657.0,440.6
KPCL,9/9/2019,79.0,82.0,78.0,79.0,-1.25,530.0,657.0,440.6
KPCL,9/10/2019,79.0,79.0,78.0,78.0,-1.27,310.0,657.0,440.6
KPCL,9/11/2019,79.0,80.0,78.0,80.0,2.56,710.0,657.0,440.6
KPCL,9/12/2019,79.0,87.0,79.0,84.0,5.0,260.0,657.0,440.6
KPCL,9/15/2019,83.0,83.0,82.0,82.0,-2.38,100.0,657.0,440.6
KPCL,9/17/2019,81.0,81.0,79.0,80.0,-2.44,320.0,657.0,440.6
KPCL,9/18/2019,79.0,80.0,78.0,79.0,-1.25,760.0,657.0,440.6
KPCL,9/19/2019,78.0,79.0,78.0,78.0,-1.27,190.0,657.0,440.6
KPCL,9/22/2019,82.0,82.0,76.0,77.0,-1.28,360.0,657.0,440.6
KPCL,9/23/2019,77.0,78.0,77.0,77.0,0.0,370.0,657.0,440.6
KPCL,9/24/2019,76.0,77.0,75.0,76.0,-1.3,370.0,657.0,440.6
KPCL,9/25/2019,75.0,77.0,75.0,76.0,0.0,220.0,657.0,440.6
KPCL,9/26/2019,77.0,78.0,75.0,77.0,1.32,220.0,657.0,440.6
KPCL,9/29/2019,76.0,76.0,75.0,75.0,-2.6,200.0,657.0,440.6
KPCL,9/30/2019,74.0,78.0,74.0,78.0,4.0,350.0,657.0,440.6
KPCL,10/1/2019,78.0,79.0,76.0,77.0,-1.28,150.0,657.0,440.6
KPCL,10/2/2019,76.0,78.0,76.0,76.0,-1.3,660.0,657.0,440.6
KPCL,10/3/2019,77.0,79.0,77.0,79.0,3.95,265.0,657.0,440.6
KPCL,10/10/2019,79.0,79.0,79.0,79.0,0.0,40.0,657.0,440.6
KPCL,10/14/2019,79.0,81.0,79.0,80.0,1.27,340.0,657.0,440.6
KPCL,10/15/2019,79.0,81.0,79.0,80.0,0.0,140.0,657.0,440.6
KPCL,10/16/2019,79.0,79.0,77.0,79.0,-1.25,100.0,657.0,440.6
KPCL,10/17/2019,79.0,79.0,78.0,79.0,0.0,155.0,657.0,440.6
KPCL,11/21/2019,78.0,86.0,78.0,83.0,5.06,2730.0,657.0,440.6
KPCL,11/24/2019,83.0,85.0,81.0,84.0,1.2,2990.0,657.0,440.6
KPCL,11/25/2019,85.0,85.0,79.0,83.0,-1.19,1630.0,657.0,440.6
KPCL,11/26/2019,80.0,81.0,78.0,79.0,-4.82,2390.0,657.0,440.6
KPCL,11/27/2019,78.0,85.0,78.0,81.0,2.53,3180.0,657.0,440.6
KPCL,11/28/2019,80.0,81.0,78.0,79.0,-2.47,2930.0,657.0,440.6
KPCL,12/1/2019,78.0,81.0,78.0,81.0,2.53,399.0,657.0,440.6
KPCL,12/2/2019,80.0,80.0,78.0,79.0,-2.47,1320.0,657.0,440.6
KPCL,12/3/2019,79.0,81.0,79.0,81.0,2.53,2000.0,657.0,440.6
KPCL,12/4/2019,80.0,81.0,78.0,78.0,-3.7,460.0,657.0,440.6
KPCL,12/5/2019,77.0,80.0,77.0,80.0,2.56,1165.0,657.0,440.6
KPCL,12/8/2019,80.0,82.0,78.0,81.0,1.25,2010.0,657.0,440.6
KPCL,12/9/2019,82.0,84.0,82.0,84.0,3.7,410.0,657.0,440.6
KPCL,12/10/2019,83.0,86.0,82.0,82.0,-2.38,4850.0,657.0,440.6
KPCL,12/11/2019,82.0,84.0,81.0,82.0,0.0,230.0,657.0,440.6
KPCL,12/12/2019,83.0,88.0,82.0,88.0,7.32,2144.0,657.0,440.6
KPCL,12/15/2019,92.0,92.0,82.0,82.0,-6.82,2296.0,657.0,440.6
KPCL,12/16/2019,81.0,82.0,81.0,81.0,-1.22,380.0,657.0,440.6
KPCL,12/17/2019,80.0,81.0,79.0,81.0,0.0,740.0,657.0,440.6
KPCL,12/18/2019,80.0,87.0,80.0,85.0,4.94,5000.0,657.0,440.6
KPCL,12/19/2019,85.0,86.0,82.0,84.0,-1.18,1170.0,657.0,440.6
KPCL,12/22/2019,83.0,86.0,83.0,86.0,2.38,460.0,657.0,440.6
KPCL,12/23/2019,85.0,86.0,83.0,84.0,-2.33,1150.0,657.0,440.6
KPCL,12/24/2019,85.0,87.0,83.0,85.0,1.19,550.0,657.0,440.6
KPCL,12/25/2019,85.0,85.0,84.0,84.0,-1.18,150.0,657.0,440.6
KPCL,12/26/2019,85.0,86.0,81.0,86.0,2.38,250.0,657.0,440.6
KPCL,12/29/2019,85.0,85.0,82.0,84.0,-2.33,280.0,657.0,440.6
KPCL,12/30/2019,83.0,83.0,82.0,83.0,-1.19,355.0,657.0,440.6
KPCL,12/31/2019,84.0,85.0,82.0,82.0,-1.2,380.0,657.0,440.6
KPCL,1/1/2020,81.0,83.0,81.0,81.0,-1.22,412.0,657.0,440.6
KPCL,1/2/2020,82.0,82.0,81.0,82.0,1.23,850.0,657.0,440.6
KPCL,1/5/2020,82.0,82.0,81.0,82.0,0.0,370.0,657.0,440.6
KPCL,1/6/2020,82.0,85.0,82.0,85.0,3.66,370.0,657.0,440.6
KPCL,1/7/2020,84.0,85.0,84.0,84.0,-1.18,1310.0,657.0,440.6
KPCL,1/8/2020,84.0,86.0,84.0,84.0,0.0,310.0,657.0,440.6
KPCL,1/9/2020,84.0,86.0,84.0,84.0,0.0,1410.0,657.0,440.6
KPCL,1/12/2020,83.0,87.0,83.0,83.0,-1.19,140.0,657.0,440.6
KPCL,1/13/2020,83.0,91.0,83.0,87.0,4.82,4511.0,657.0,440.6
KPCL,1/14/2020,87.0,92.0,87.0,90.0,3.45,3220.0,657.0,440.6
KPCL,1/15/2020,89.0,95.0,89.0,95.0,5.56,5004.0,657.0,440.6
KPCL,1/16/2020,95.0,99.0,93.0,99.0,4.21,4810.0,657.0,440.6
KPCL,1/19/2020,100.0,99.0,100.0,94.0,-5.05,4643.0,657.0,440.6
KPCL,1/20/2020,95.0,96.0,90.0,91.0,-3.19,6632.0,657.0,440.6
KPCL,1/21/2020,90.0,96.0,88.0,96.0,5.49,480.0,657.0,440.6
KPCL,1/22/2020,95.0,96.0,91.0,94.0,-2.08,2290.0,657.0,440.6
KPCL,1/23/2020,93.0,93.0,90.0,92.0,-2.13,430.0,657.0,440.6
KPCL,1/26/2020,93.0,93.0,89.0,89.0,-3.26,2565.0,657.0,440.6
KPCL,1/27/2020,88.0,92.0,88.0,89.0,0.0,340.0,657.0,440.6
KPCL,1/28/2020,88.0,89.0,88.0,88.0,-1.12,250.0,657.0,440.6
KPCL,1/29/2020,87.0,89.0,87.0,88.0,0.0,650.0,657.0,440.6
KPCL,1/30/2020,87.0,90.0,86.0,88.0,0.0,1020.0,657.0,440.6
KPCL,2/2/2020,87.0,90.0,87.0,88.0,0.0,960.0,657.0,440.6
KPCL,2/3/2020,88.0,93.0,87.0,91.0,3.41,3080.0,657.0,440.6
KPCL,2/4/2020,90.0,94.0,89.0,93.0,2.2,3620.0,657.0,440.6
KPCL,2/5/2020,92.0,93.0,90.0,90.0,-3.23,1220.0,657.0,440.6
KPCL,2/6/2020,90.0,91.0,90.0,90.0,0.0,340.0,657.0,440.6
KPCL,2/9/2020,89.0,91.0,88.0,91.0,1.11,650.0,657.0,440.6
KPCL,2/10/2020,90.0,91.0,88.0,90.0,-1.1,760.0,657.0,440.6
KPCL,2/11/2020,91.0,99.0,91.0,99.0,10.0,11247.0,657.0,440.6
KPCL,2/12/2020,100.0,107.0,100.0,107.0,8.08,23767.0,657.0,440.6
KPCL,2/13/2020,105.0,108.0,101.0,102.0,-4.67,4650.0,657.0,440.6
KPCL,2/16/2020,100.0,104.0,99.0,101.0,-0.98,2650.0,657.0,440.6
KPCL,2/17/2020,99.0,108.0,99.0,106.0,4.95,12278.0,657.0,440.6
KPCL,2/18/2020,104.0,111.0,104.0,106.0,0.0,13855.0,657.0,440.6
KPCL,2/19/2020,106.0,108.0,104.0,104.0,-1.89,1950.0,657.0,440.6
KPCL,2/20/2020,105.0,108.0,102.0,106.0,1.92,3710.0,657.0,440.6
KPCL,2/23/2020,108.0,110.0,103.0,104.0,-1.89,11475.0,657.0,440.6
KPCL,2/24/2020,104.0,110.0,103.0,107.0,2.88,16205.0,657.0,440.6
KPCL,2/25/2020,105.0,111.0,105.0,111.0,3.74,10954.0,657.0,440.6
KPCL,2/26/2020,113.0,122.0,113.0,122.0,9.91,18125.0,657.0,440.6
KPCL,2/27/2020,120.0,123.0,112.0,119.0,-2.46,7051.0,657.0,440.6
KPCL,3/1/2020,119.0,121.0,111.0,116.0,-2.52,5630.0,657.0,440.6
KPCL,3/2/2020,114.0,114.0,107.0,107.0,-7.76,3238.0,657.0,440.6
KPCL,3/3/2020,105.0,114.0,105.0,112.0,4.67,6370.0,657.0,440.6
KPCL,3/4/2020,110.0,110.0,105.0,110.0,-1.79,6761.0,657.0,440.6
KPCL,3/5/2020,108.0,112.0,105.0,112.0,1.82,1141.0,657.0,440.6
KPCL,3/10/2020,110.0,113.0,106.0,113.0,0.89,175.0,657.0,440.6
KPCL,3/11/2020,111.0,112.0,105.0,112.0,-0.88,440.0,657.0,440.6
KPCL,3/12/2020,110.0,110.0,103.0,110.0,-1.79,1850.0,657.0,440.6
KPCL,3/15/2020,108.0,110.0,102.0,110.0,0.0,2040.0,657.0,440.6
KPCL,3/16/2020,108.0,110.0,100.0,110.0,0.0,6060.0,657.0,440.6
KPCL,3/17/2020,108.0,108.0,104.0,108.0,-1.82,450.0,657.0,440.6
KPCL,3/18/2020,106.0,106.0,98.0,104.0,-3.7,5685.0,657.0,440.6
KPCL,3/19/2020,106.0,106.0,96.0,104.0,0.0,1870.0,657.0,440.6
KPCL,3/22/2020,102.0,108.0,100.0,108.0,3.85,430.0,657.0,440.6
KPCL,6/29/2020,108.0,108.0,108.0,106.0,-1.85,50.0,657.0,440.6
KPCL,6/30/2020,104.0,104.0,104.0,104.0,-1.89,20.0,657.0,440.6
KPCL,7/1/2020,102.0,104.0,102.0,104.0,0.0,30.0,657.0,440.6
KPCL,7/2/2020,104.0,106.0,104.0,104.0,0.0,80.0,657.0,440.6
KPCL,7/5/2020,102.0,104.0,99.0,104.0,0.0,1900.0,657.0,440.6
KPCL,7/6/2020,102.0,106.0,100.0,106.0,1.92,1730.0,657.0,440.6
KPCL,7/7/2020,104.0,108.0,104.0,108.0,1.89,5450.0,657.0,440.6
KPCL,7/8/2020,106.0,106.0,101.0,102.0,-5.56,520.0,657.0,440.6
KPCL,7/9/2020,100.0,104.0,100.0,104.0,1.96,1200.0,657.0,440.6
KPCL,7/12/2020,102.0,105.0,100.0,105.0,0.96,800.0,657.0,440.6
KPCL,7/13/2020,104.0,105.0,99.0,105.0,0.0,3780.0,657.0,440.6
KPCL,7/14/2020,103.0,105.0,99.0,105.0,0.0,1565.0,657.0,440.6
KPCL,7/15/2020,105.0,105.0,103.0,103.0,-1.9,1820.0,657.0,440.6
KPCL,7/16/2020,104.0,105.0,102.0,103.0,0.0,860.0,657.0,440.6
KPCL,7/20/2020,108.0,113.0,101.0,109.0,5.83,2630.0,657.0,440.6
KPCL,7/21/2020,107.0,110.0,103.0,107.0,-1.83,5106.0,657.0,440.6
KPCL,7/22/2020,106.0,106.0,104.0,105.0,-1.87,1560.0,657.0,440.6
KPCL,7/23/2020,105.0,108.0,102.0,108.0,2.86,3944.0,657.0,440.6
KPCL,7/26/2020,110.0,110.0,103.0,110.0,1.85,2700.0,657.0,440.6
KPCL,7/27/2020,115.0,115.0,105.0,112.0,1.82,5116.0,657.0,440.6
KPCL,7/28/2020,110.0,110.0,104.0,110.0,-1.79,3640.0,657.0,440.6
KPCL,7/29/2020,108.0,108.0,104.0,107.0,-2.73,1650.0,657.0,440.6
KPCL,7/30/2020,105.0,108.0,105.0,108.0,0.93,4560.0,657.0,440.6
KPCL,8/2/2020,106.0,110.0,104.0,105.0,-2.78,4040.0,657.0,440.6
KPCL,8/3/2020,104.0,108.0,103.0,108.0,2.86,1654.0,657.0,440.6
KPCL,8/5/2020,106.0,112.0,103.0,112.0,3.7,1903.0,657.0,440.6
KPCL,8/6/2020,110.0,110.0,104.0,106.0,-5.36,1960.0,657.0,440.6
KPCL,8/9/2020,104.0,108.0,103.0,107.0,0.94,1530.0,657.0,440.6
KPCL,8/10/2020,107.0,110.0,105.0,110.0,2.8,2070.0,657.0,440.6
KPCL,8/11/2020,108.0,108.0,104.0,108.0,-1.82,2357.0,657.0,440.6
KPCL,8/12/2020,107.0,107.0,104.0,106.0,-1.85,1310.0,657.0,440.6
KPCL,8/13/2020,105.0,107.0,105.0,105.0,-0.94,2300.0,657.0,440.6
KPCL,8/16/2020,103.0,107.0,103.0,107.0,1.9,1360.0,657.0,440.6
KPCL,8/17/2020,105.0,111.0,103.0,108.0,0.93,7318.0,657.0,440.6
KPCL,8/18/2020,108.0,110.0,105.0,109.0,0.93,4620.0,657.0,440.6
KPCL,8/19/2020,107.0,107.0,104.0,107.0,-1.83,3430.0,657.0,440.6
KPCL,8/20/2020,105.0,108.0,103.0,106.0,-0.93,1447.0,657.0,440.6
KPCL,8/23/2020,104.0,106.0,104.0,106.0,0.0,530.0,657.0,440.6
KPCL,8/24/2020,106.0,107.0,103.0,107.0,0.94,1240.0,657.0,440.6
KPCL,8/25/2020,105.0,107.0,104.0,105.0,-1.87,4118.0,657.0,440.6
KPCL,8/26/2020,103.0,106.0,103.0,104.0,-0.95,1160.0,657.0,440.6
KPCL,8/27/2020,104.0,109.0,104.0,109.0,4.81,6094.0,657.0,440.6
KPCL,8/30/2020,107.0,109.0,105.0,107.0,-1.83,1165.0,657.0,440.6
KPCL,8/31/2020,102.0,117.0,102.0,115.0,7.48,20191.0,657.0,440.6
KPCL,9/2/2020,117.0,126.0,113.0,126.0,9.57,18310.0,657.0,440.6
KPCL,9/3/2020,130.0,131.0,116.0,120.0,-4.76,19787.0,657.0,440.6
KPCL,9/6/2020,122.0,125.0,113.0,122.0,1.67,16532.0,657.0,440.6
KPCL,9/7/2020,120.0,128.0,115.0,128.0,4.92,12749.0,657.0,440.6
KPCL,9/8/2020,130.0,130.0,118.0,125.0,-2.34,6965.0,657.0,440.6
KPCL,9/9/2020,123.0,123.0,115.0,119.0,-4.8,11625.0,657.0,440.6
KPCL,9/10/2020,117.0,121.0,117.0,120.0,0.84,6567.0,657.0,440.6
KPCL,9/13/2020,118.0,125.0,114.0,123.0,2.5,6920.0,657.0,440.6
KPCL,9/14/2020,123.0,134.0,122.0,130.0,5.69,33424.0,657.0,440.6
KPCL,9/15/2020,129.0,134.0,125.0,129.0,-0.77,17690.0,657.0,440.6
KPCL,9/16/2020,127.0,141.0,127.0,141.0,9.3,24871.0,657.0,440.6
KPCL,9/17/2020,148.0,155.0,137.0,155.0,9.93,35318.0,657.0,440.6
KPCL,9/20/2020,162.0,165.0,140.0,144.0,-7.1,27577.0,657.0,440.6
KPCL,9/21/2020,142.0,150.0,138.0,147.0,2.08,12887.0,657.0,440.6
KPCL,9/22/2020,145.0,149.0,137.0,141.0,-4.08,12375.0,657.0,440.6
KPCL,9/23/2020,140.0,150.0,137.0,150.0,6.38,12433.0,657.0,440.6
KPCL,9/24/2020,147.0,164.0,144.0,161.0,7.33,59224.0,657.0,440.6
KPCL,9/27/2020,162.0,175.0,153.0,167.0,3.73,43360.0,657.0,440.6
KPCL,9/28/2020,165.0,174.0,164.0,165.0,-1.2,16621.0,657.0,440.6
KPCL,9/29/2020,173.0,173.0,158.0,169.0,2.42,21470.0,657.0,440.6
KPCL,9/30/2020,172.0,173.0,161.0,169.0,0.0,21951.0,657.0,440.6
KPCL,10/1/2020,166.0,172.0,161.0,161.0,-4.73,24620.0,657.0,440.6
KPCL,10/4/2020,158.0,160.0,153.0,158.0,-1.86,13140.0,657.0,440.6
KPCL,10/5/2020,155.0,164.0,152.0,162.0,2.53,11245.0,657.0,440.6
KPCL,10/6/2020,161.0,178.0,160.0,178.0,9.88,60028.0,657.0,440.6
KPCL,10/7/2020,175.0,195.0,175.0,195.0,9.55,25365.0,657.0,440.6
KPCL,10/8/2020,199.0,208.0,187.0,188.0,-3.59,38752.0,657.0,440.6
KPCL,10/11/2020,185.0,193.0,175.0,183.0,-2.66,9780.0,657.0,440.6
KPCL,10/12/2020,180.0,186.0,177.0,183.0,0.0,22090.0,657.0,440.6
KPCL,10/13/2020,180.0,182.0,174.0,174.0,-4.92,11905.0,657.0,440.6
KPCL,10/14/2020,171.0,177.0,164.0,171.0,-1.72,17145.0,657.0,440.6
KPCL,10/15/2020,171.0,177.0,169.0,172.0,0.58,4572.0,657.0,440.6
KPCL,10/18/2020,174.0,174.0,167.0,172.0,0.0,6765.0,657.0,440.6
KPCL,10/19/2020,169.0,178.0,166.0,177.0,2.91,10249.0,657.0,440.6
KPCL,10/20/2020,177.0,193.0,177.0,189.0,6.78,15478.0,657.0,440.6
KPCL,10/21/2020,191.0,191.0,178.0,182.0,-3.7,19020.0,657.0,440.6
KPCL,10/22/2020,179.0,182.0,178.0,178.0,-2.2,11472.0,657.0,440.6
KPCL,10/28/2020,175.0,180.0,172.0,180.0,1.12,5040.0,657.0,440.6
KPCL,10/29/2020,180.0,180.0,172.0,178.0,-1.11,4580.0,657.0,440.6
KPCL,11/1/2020,175.0,188.0,174.0,183.0,2.81,8710.0,657.0,440.6
KPCL,11/2/2020,180.0,190.0,180.0,182.0,-0.55,9852.0,657.0,440.6
KPCL,11/3/2020,179.0,191.0,178.0,187.0,2.75,15975.0,657.0,440.6
KPCL,11/4/2020,187.0,200.0,184.0,200.0,6.95,33257.0,657.0,440.6
KPCL,11/5/2020,210.0,210.0,194.0,203.0,1.5,23224.0,657.0,440.6
KPCL,11/8/2020,203.0,218.0,203.0,217.0,6.9,41655.0,657.0,440.6
KPCL,11/9/2020,218.0,230.0,208.0,216.0,-0.46,16475.0,657.0,440.6
KPCL,11/10/2020,212.0,221.0,210.0,217.0,0.46,29225.0,657.0,440.6
KPCL,11/11/2020,220.0,229.0,213.0,222.0,2.3,35305.0,657.0,440.6
KPCL,11/12/2020,220.0,228.0,214.0,217.0,-2.25,28060.0,657.0,440.6
KPCL,11/18/2020,220.0,225.0,213.0,213.0,-1.84,14300.0,657.0,440.6
KPCL,11/19/2020,217.0,221.0,213.0,215.0,0.94,12745.0,657.0,440.6
KPCL,11/22/2020,211.0,218.0,207.0,212.0,-1.4,14610.0,657.0,440.6
KPCL,11/23/2020,208.0,214.0,207.0,212.0,0.0,7370.0,657.0,440.6
KPCL,11/24/2020,208.0,217.0,208.0,215.0,1.42,15415.0,657.0,440.6
KPCL,11/25/2020,212.0,222.0,212.0,215.0,0.0,8710.0,657.0,440.6
KPCL,11/26/2020,215.0,230.0,214.0,217.0,0.93,29295.0,657.0,440.6
KPCL,11/29/2020,220.0,220.0,212.0,213.0,-1.84,8198.0,657.0,440.6
KPCL,11/30/2020,212.0,225.0,212.0,225.0,5.63,17191.0,657.0,440.6
KPCL,12/1/2020,236.0,240.0,218.0,232.0,3.11,22296.0,657.0,440.6
KPCL,12/2/2020,232.0,243.0,228.0,234.0,0.86,16135.0,657.0,440.6
KPCL,12/3/2020,234.0,234.0,218.0,226.0,-3.42,27040.0,657.0,440.6
KPCL,12/6/2020,222.0,222.0,207.0,207.0,-8.41,26562.0,657.0,440.6
KPCL,12/7/2020,207.0,220.0,204.0,220.0,6.28,12631.0,657.0,440.6
KPCL,12/8/2020,216.0,239.0,215.0,227.0,3.18,31640.0,657.0,440.6
KPCL,12/9/2020,226.0,227.0,216.0,216.0,-4.85,13378.0,657.0,440.6
KPCL,12/10/2020,226.0,226.0,210.0,215.0,-0.46,3210.0,657.0,440.6
KPCL,12/13/2020,211.0,215.0,211.0,215.0,0.0,5810.0,657.0,440.6
KPCL,12/14/2020,211.0,217.0,211.0,217.0,0.93,8439.0,657.0,440.6
KPCL,12/15/2020,213.0,215.0,210.0,212.0,-2.3,4165.0,657.0,440.6
KPCL,12/16/2020,209.0,213.0,208.0,209.0,-1.42,9995.0,657.0,440.6
KPCL,12/17/2020,206.0,210.0,203.0,204.0,-2.39,11819.0,657.0,440.6
KPCL,12/20/2020,202.0,202.0,189.0,189.0,-7.35,11400.0,657.0,440.6
KPCL,12/21/2020,189.0,200.0,177.0,200.0,5.82,2310.0,657.0,440.6
KPCL,12/22/2020,210.0,210.0,192.0,208.0,4.0,5724.0,657.0,440.6
KPCL,12/23/2020,204.0,205.0,200.0,200.0,-3.85,3537.0,657.0,440.6
KPCL,12/24/2020,196.0,200.0,195.0,197.0,-1.5,3460.0,657.0,440.6
KPCL,12/27/2020,194.0,195.0,191.0,194.0,-1.52,1390.0,657.0,440.6
KPCL,12/28/2020,192.0,196.0,191.0,193.0,-0.52,1545.0,657.0,440.6
KPCL,12/29/2020,190.0,202.0,186.0,195.0,1.04,7849.0,657.0,440.6
KPCL,12/30/2020,192.0,200.0,189.0,194.0,-0.51,3194.0,657.0,440.6
KPCL,12/31/2020,195.0,200.0,190.0,192.0,-1.03,7939.0,657.0,440.6
KPCL,1/3/2021,192.0,198.0,188.0,192.0,0.0,2850.0,657.0,440.6
KPCL,1/4/2021,189.0,198.0,189.0,192.0,0.0,5630.0,657.0,440.6
KPCL,1/5/2021,190.0,211.0,189.0,200.0,4.17,10590.0,657.0,440.6
KPCL,1/6/2021,204.0,212.0,203.0,206.0,3.0,7450.0,657.0,440.6
KPCL,1/7/2021,202.0,205.0,198.0,200.0,-2.91,3010.0,657.0,440.6
KPCL,1/10/2021,196.0,204.0,194.0,200.0,0.0,4970.0,657.0,440.6
KPCL,1/11/2021,197.0,204.0,197.0,199.0,-0.5,4077.0,657.0,440.6
KPCL,1/12/2021,197.0,204.0,196.0,197.0,-1.01,7168.0,657.0,440.6
KPCL,1/13/2021,194.0,205.0,194.0,198.0,0.51,4510.0,657.0,440.6
KPCL,1/17/2021,198.0,204.0,197.0,201.0,1.52,6410.0,657.0,440.6
KPCL,1/18/2021,202.0,219.0,202.0,214.0,6.47,17908.0,657.0,440.6
KPCL,1/19/2021,218.0,218.0,205.0,211.0,-1.4,8170.0,657.0,440.6
KPCL,1/20/2021,211.0,212.0,208.0,210.0,-0.47,5280.0,657.0,440.6
KPCL,1/21/2021,206.0,219.0,206.0,217.0,3.33,32949.0,657.0,440.6
KPCL,1/24/2021,219.0,225.0,211.0,211.0,-2.76,14803.0,657.0,440.6
KPCL,1/25/2021,201.0,218.0,201.0,214.0,1.42,15550.0,657.0,440.6
KPCL,1/26/2021,212.0,220.0,212.0,212.0,-0.93,12261.0,657.0,440.6
KPCL,1/27/2021,210.0,216.0,210.0,215.0,1.42,5808.0,657.0,440.6
KPCL,1/28/2021,211.0,218.0,209.0,214.0,-0.47,9090.0,657.0,440.6
KPCL,1/31/2021,211.0,212.0,204.0,211.0,-1.4,2200.0,657.0,440.6
KPCL,2/1/2021,207.0,221.0,207.0,211.0,0.0,3620.0,657.0,440.6
KPCL,2/2/2021,209.0,216.0,209.0,215.0,1.9,15664.0,657.0,440.6
KPCL,2/3/2021,217.0,230.0,216.0,223.0,3.72,57500.0,657.0,440.6
KPCL,2/4/2021,223.0,245.0,221.0,240.0,7.62,63946.0,657.0,440.6
KPCL,2/7/2021,244.0,264.0,244.0,254.0,5.83,72007.0,657.0,440.6
KPCL,2/8/2021,255.0,271.0,255.0,260.0,2.36,42872.0,657.0,440.6
KPCL,2/9/2021,255.0,280.0,250.0,269.0,3.46,26086.0,657.0,440.6
KPCL,2/10/2021,273.0,290.0,256.0,264.0,-1.86,44100.0,657.0,440.6
KPCL,2/11/2021,264.0,268.0,256.0,257.0,-2.65,27726.0,657.0,440.6
KPCL,2/14/2021,259.0,266.0,252.0,255.0,-0.78,15440.0,657.0,440.6
KPCL,2/15/2021,255.0,265.0,255.0,265.0,3.92,13365.0,657.0,440.6
KPCL,2/16/2021,270.0,270.0,256.0,259.0,-2.26,8826.0,657.0,440.6
KPCL,2/17/2021,260.0,264.0,254.0,256.0,-1.16,12752.0,657.0,440.6
KPCL,2/18/2021,265.0,265.0,254.0,261.0,1.95,16540.0,657.0,440.6
KPCL,2/21/2021,261.0,265.0,259.0,264.0,1.15,30807.0,657.0,440.6
KPCL,2/22/2021,260.0,270.0,260.0,263.0,-0.38,20879.0,657.0,440.6
KPCL,2/23/2021,261.0,266.0,252.0,263.0,0.0,4825.0,657.0,440.6
KPCL,2/24/2021,260.0,263.0,260.0,260.0,-1.14,7490.0,657.0,440.6
KPCL,2/25/2021,255.0,262.0,255.0,256.0,-1.54,9083.0,657.0,440.6
KPCL,2/28/2021,253.0,253.0,245.0,245.0,-4.3,8650.0,657.0,440.6
KPCL,3/1/2021,245.0,254.0,239.0,253.0,3.27,6250.0,657.0,440.6
KPCL,3/2/2021,248.0,248.0,239.0,246.0,-2.77,6822.0,657.0,440.6
KPCL,3/3/2021,242.0,249.0,236.0,238.0,-3.25,11545.0,657.0,440.6
KPCL,3/4/2021,238.0,255.0,235.0,252.0,5.88,6520.0,657.0,440.6
KPCL,3/7/2021,247.0,261.0,247.0,250.0,-0.79,8860.0,657.0,440.6
KPCL,3/9/2021,246.0,269.0,246.0,266.0,6.4,39580.0,657.0,440.6
KPCL,3/10/2021,271.0,271.0,261.0,262.0,-1.5,15913.0,657.0,440.6
KPCL,3/14/2021,262.0,263.0,248.0,257.0,-1.91,5460.0,657.0,440.6
KPCL,3/15/2021,256.0,266.0,255.0,261.0,1.56,11210.0,657.0,440.6
KPCL,3/16/2021,258.0,262.0,252.0,254.0,-2.68,3445.0,657.0,440.6
KPCL,3/17/2021,250.0,272.0,245.0,272.0,7.09,8525.0,657.0,440.6
KPCL,3/18/2021,273.0,273.0,261.0,268.0,-1.47,25750.0,657.0,440.6
KPCL,3/21/2021,264.0,268.0,262.0,266.0,-0.75,10444.0,657.0,440.6
KPCL,3/22/2021,271.0,271.0,259.0,261.0,-1.88,6885.0,657.0,440.6
KPCL,3/23/2021,266.0,287.0,259.0,287.0,9.96,147977.0,657.0,440.6
KPCL,3/24/2021,300.0,315.0,300.0,315.0,9.76,114199.0,657.0,440.6
KPCL,3/25/2021,321.0,327.0,303.0,304.0,-3.49,29027.0,657.0,440.6
KPCL,3/29/2021,307.0,307.0,280.0,291.0,-4.28,26420.0,657.0,440.6
KPCL,3/30/2021,290.0,296.0,280.0,291.0,0.0,12540.0,657.0,440.6
KPCL,3/31/2021,287.0,290.0,275.0,286.0,-1.72,14565.0,657.0,440.6
KPCL,4/1/2021,285.0,297.0,278.0,288.0,0.7,27527.0,657.0,440.6
KPCL,4/4/2021,283.0,295.0,280.0,290.0,0.69,15244.0,657.0,440.6
KPCL,4/5/2021,290.0,296.0,285.0,290.0,0.0,18396.0,657.0,440.6
KPCL,4/6/2021,287.0,300.0,287.0,297.0,2.41,35805.0,657.0,440.6
KPCL,4/7/2021,300.0,305.0,285.0,289.0,-2.69,28000.0,657.0,440.6
KPCL,4/8/2021,286.0,290.0,284.0,285.0,-1.38,7826.0,657.0,440.6
KPCL,4/12/2021,280.0,288.0,279.0,282.0,-1.05,17883.0,657.0,440.6
KPCL,4/13/2021,285.0,287.0,280.0,285.0,1.06,14643.0,657.0,440.6
KPCL,4/15/2021,280.0,294.0,280.0,290.0,1.75,19518.0,657.0,440.6
KPCL,4/18/2021,290.0,295.0,285.0,289.0,-0.34,11805.0,657.0,440.6
KPCL,4/19/2021,284.0,293.0,281.0,286.0,-1.04,5810.0,657.0,440.6
KPCL,4/20/2021,281.0,290.0,280.0,288.0,0.7,6138.0,657.0,440.6
KPCL,4/21/2021,285.0,303.0,283.0,292.0,1.39,38782.0,657.0,440.6
KPCL,4/22/2021,290.0,292.0,288.0,290.0,-0.68,13454.0,657.0,440.6
KPCL,4/25/2021,290.0,314.0,290.0,300.0,3.45,99010.0,657.0,440.6
KPCL,4/26/2021,304.0,304.0,285.0,287.0,-4.33,28563.0,657.0,440.6
KPCL,4/27/2021,283.0,304.0,283.0,294.0,2.44,13008.0,657.0,440.6
KPCL,4/28/2021,289.0,300.0,289.0,296.0,0.68,8439.0,657.0,440.6
KPCL,4/29/2021,291.0,300.0,291.0,300.0,1.35,15260.0,657.0,440.6
KPCL,5/2/2021,305.0,305.0,290.0,298.0,-0.67,16493.0,657.0,440.6
KPCL,5/3/2021,302.0,302.0,295.0,295.0,-1.01,18554.0,657.0,440.6
KPCL,5/4/2021,291.0,311.0,291.0,306.0,3.73,34032.0,657.0,440.6
KPCL,5/5/2021,320.0,335.0,302.0,330.0,7.84,77064.0,657.0,440.6
KPCL,5/6/2021,335.0,336.0,313.0,316.0,-4.24,30836.0,657.0,440.6
KPCL,5/9/2021,315.0,326.0,304.0,309.0,-2.22,23066.0,657.0,440.6
KPCL,5/10/2021,305.0,319.0,303.0,317.0,2.59,20119.0,657.0,440.6
KPCL,5/11/2021,317.0,321.0,312.0,317.0,0.0,23408.0,657.0,440.6
KPCL,5/12/2021,316.0,345.0,316.0,337.0,6.31,106914.0,657.0,440.6
KPCL,5/13/2021,337.0,347.0,335.0,337.0,0.0,51217.0,657.0,440.6
KPCL,5/16/2021,350.0,350.0,326.0,344.0,2.08,83743.0,657.0,440.6
KPCL,5/17/2021,344.0,370.0,334.0,360.0,4.65,50111.0,657.0,440.6
KPCL,5/18/2021,365.0,396.0,365.0,396.0,10.0,62755.0,657.0,440.6
KPCL,5/19/2021,403.0,405.0,362.0,377.0,-4.8,74243.0,657.0,440.6
KPCL,5/20/2021,359.0,374.0,359.0,365.0,-3.18,48022.0,657.0,440.6
KPCL,5/23/2021,365.0,401.0,360.0,401.0,9.86,84154.0,657.0,440.6
KPCL,5/24/2021,421.0,421.0,379.0,393.0,-2.0,59232.0,657.0,440.6
KPCL,5/25/2021,394.0,410.0,386.0,401.0,2.04,35815.0,657.0,440.6
KPCL,5/27/2021,400.0,441.0,396.0,433.0,7.98,83691.0,657.0,440.6
KPCL,5/30/2021,441.0,470.0,428.0,442.0,2.08,81370.0,657.0,440.6
KPCL,5/31/2021,443.0,445.0,408.0,410.0,-7.24,52572.0,657.0,440.6
KPCL,6/1/2021,405.0,451.0,405.0,451.0,10.0,155250.0,657.0,440.6
KPCL,6/2/2021,473.0,482.0,452.0,466.0,3.33,57856.0,657.0,440.6
KPCL,6/3/2021,467.0,469.0,439.0,447.0,-4.08,21378.0,657.0,440.6
KPCL,6/6/2021,469.0,469.0,425.0,432.0,-3.36,24287.0,657.0,440.6
KPCL,6/7/2021,424.0,457.0,424.0,456.0,5.56,32323.0,657.0,440.6
KPCL,6/8/2021,456.0,481.0,450.0,477.0,4.61,58732.0,657.0,440.6
KPCL,6/9/2021,470.0,481.0,456.0,461.0,-3.35,30650.0,657.0,440.6
KPCL,6/10/2021,468.0,499.0,465.0,489.0,6.07,53718.0,657.0,440.6
KPCL,6/13/2021,513.0,534.0,482.0,532.0,8.79,53309.0,657.0,440.6
KPCL,6/14/2021,525.0,566.0,501.0,517.0,-2.82,46859.0,657.0,440.6
KPCL,6/15/2021,492.0,519.0,490.0,493.0,-4.64,39874.0,657.0,440.6
KPCL,6/16/2021,470.0,504.0,448.0,460.0,-6.69,37379.0,657.0,440.6
KPCL,6/17/2021,460.0,494.0,451.0,479.0,4.13,24096.0,657.0,440.6
KPCL,6/20/2021,480.0,485.0,445.0,449.0,-6.26,16011.0,657.0,440.6
KPCL,6/21/2021,441.0,469.0,413.0,422.0,-6.01,26935.0,657.0,440.6
KPCL,6/22/2021,416.0,464.0,416.0,464.0,9.95,32412.0,657.0,440.6
KPCL,6/23/2021,463.0,474.0,434.0,438.0,-5.6,15788.0,657.0,440.6
KPCL,6/24/2021,432.0,455.0,432.0,444.0,1.37,15897.0,657.0,440.6
KPCL,6/27/2021,452.0,461.0,437.0,449.0,1.13,5603.0,657.0,440.6
KPCL,6/28/2021,441.0,457.0,430.0,430.0,-4.23,8043.0,657.0,440.6
KPCL,6/29/2021,425.0,454.0,423.0,427.0,-0.7,12415.0,657.0,440.6
KPCL,6/30/2021,420.0,435.0,408.0,435.0,1.87,16874.0,657.0,440.6
KPCL,7/1/2021,443.0,445.0,429.0,444.0,2.07,8364.0,657.0,440.6
KPCL,7/4/2021,436.0,448.0,432.0,436.0,-1.8,4285.0,657.0,440.6
KPCL,7/5/2021,428.0,431.0,420.0,425.0,-2.52,9666.0,657.0,440.6
KPCL,7/6/2021,425.0,433.0,420.0,422.0,-0.71,2440.0,657.0,440.6
KPCL,7/7/2021,420.0,431.0,412.0,415.0,-1.66,10592.0,657.0,440.6
KPCL,7/8/2021,416.0,424.0,411.0,421.0,1.45,3283.0,657.0,440.6
KPCL,7/11/2021,425.0,441.0,425.0,440.0,4.51,5740.0,657.0,440.6
KPCL,7/12/2021,442.0,448.0,425.0,430.0,-2.27,11091.0,657.0,440.6
KPCL,7/13/2021,430.0,442.0,423.0,436.0,1.4,8475.0,657.0,440.6
KPCL,7/14/2021,431.0,467.0,431.0,467.0,7.11,20428.0,657.0,440.6
KPCL,7/15/2021,467.0,490.0,463.0,474.0,1.5,15058.0,657.0,440.6
KPCL,7/18/2021,483.0,483.0,473.0,476.0,0.42,25311.0,657.0,440.6
KPCL,7/19/2021,484.0,504.0,469.0,498.0,4.62,52682.0,657.0,440.6
KPCL,7/20/2021,507.0,515.0,483.0,510.0,2.41,40594.0,657.0,440.6
KPCL,7/22/2021,500.0,560.0,500.0,554.0,8.63,89294.0,657.0,440.6
KPCL,7/25/2021,545.0,609.4,545.0,609.4,10.0,97637.0,657.0,440.6
KPCL,7/26/2021,600.0,633.0,580.0,597.0,-2.03,35365.0,657.0,440.6
KPCL,7/27/2021,586.0,632.0,586.0,600.0,0.5,19812.0,657.0,440.6
KPCL,7/28/2021,612.0,636.0,562.0,586.1,-2.32,29433.0,657.0,440.6
KPCL,7/29/2021,575.0,613.0,566.2,585.0,-0.19,26342.0,657.0,440.6
KPCL,8/1/2021,578.0,643.5,578.0,643.5,10.0,90939.0,657.0,440.6
KPCL,8/2/2021,650.0,707.0,650.0,660.0,2.56,34326.0,657.0,440.6
KPCL,8/3/2021,661.0,711.0,626.0,680.0,3.03,31930.0,657.0,440.6
KPCL,8/4/2021,693.5,748.0,693.5,748.0,10.0,115361.0,657.0,440.6
KPCL,8/5/2021,762.0,822.8,734.1,760.0,1.6,63853.0,657.0,440.6
KPCL,8/8/2021,745.1,805.0,745.0,780.0,2.63,84486.0,657.0,440.6
KPCL,8/9/2021,795.0,853.0,775.0,815.0,4.49,92568.0,657.0,440.6
KPCL,8/10/2021,815.0,830.0,775.0,799.0,-1.96,73222.0,657.0,440.6
KPCL,8/11/2021,814.0,878.9,802.0,828.0,3.63,80299.0,657.0,440.6
KPCL,8/12/2021,840.0,856.0,820.0,840.0,1.45,56936.0,657.0,440.6
KPCL,8/15/2021,823.2,823.2,785.0,792.0,-5.71,49377.0,657.0,440.6
KPCL,8/16/2021,807.0,834.0,791.0,825.0,4.17,42868.0,657.0,440.6
KPCL,8/17/2021,840.0,865.0,807.1,840.0,1.82,61774.0,657.0,440.6
KPCL,8/18/2021,856.0,875.0,821.0,840.0,0.0,35233.0,657.0,440.6
KPCL,8/19/2021,856.0,856.0,790.0,795.0,-5.36,31187.0,657.0,440.6
KPCL,8/24/2021,810.9,810.9,715.5,715.5,-10.0,52611.0,657.0,440.6
KPCL,8/25/2021,720.0,747.0,692.0,700.0,-2.17,37814.0,657.0,440.6
KPCL,8/26/2021,714.0,770.0,706.0,743.0,6.14,38682.0,657.0,440.6
KPCL,8/29/2021,757.8,757.8,710.0,716.0,-3.63,26397.0,657.0,440.6
KPCL,8/31/2021,702.0,729.0,676.0,702.0,-1.96,20728.0,657.0,440.6
KPCL,9/1/2021,716.0,739.0,685.0,730.0,3.99,31013.0,657.0,440.6
KPCL,9/2/2021,744.0,744.6,670.0,703.0,-3.7,10871.0,657.0,440.6
KPCL,9/5/2021,689.0,689.0,632.7,642.0,-8.68,28198.0,657.0,440.6
KPCL,9/6/2021,650.0,706.2,602.7,706.2,10.0,26881.0,657.0,440.6
KPCL,9/7/2021,720.3,720.3,672.0,682.0,-3.43,17610.0,657.0,440.6
KPCL,9/8/2021,670.0,680.0,640.0,670.0,-1.76,24090.0,657.0,440.6
KPCL,9/9/2021,681.9,703.0,645.0,685.0,2.24,31471.0,657.0,440.6
KPCL,9/12/2021,698.7,745.0,698.7,742.0,8.32,35463.0,657.0,440.6
KPCL,9/13/2021,742.0,753.0,690.0,694.0,-6.47,29428.0,657.0,440.6
KPCL,9/14/2021,694.0,714.0,680.2,695.0,0.14,22324.0,657.0,440.6
KPCL,9/15/2021,685.0,698.0,675.5,684.9,-1.45,18584.0,657.0,440.6
KPCL,9/16/2021,671.3,679.0,640.0,645.0,-5.83,30392.0,657.0,440.6
KPCL,9/20/2021,650.0,650.0,590.0,592.7,-8.11,42395.0,657.0,440.6
KPCL,9/21/2021,580.9,626.0,559.0,600.0,1.23,20910.0,657.0,440.6
KPCL,9/22/2021,600.2,645.0,600.2,640.0,6.67,15420.0,657.0,440.6
KPCL,9/23/2021,652.0,661.0,605.4,616.5,-3.67,8757.0,657.0,440.6
KPCL,9/26/2021,610.0,622.2,588.3,597.0,-3.16,8420.0,657.0,440.6
KPCL,9/27/2021,608.9,633.0,549.0,551.0,-7.71,23608.0,657.0,440.6
KPCL,9/28/2021,540.0,549.0,500.0,505.0,-8.35,25154.0,657.0,440.6
KPCL,9/29/2021,515.1,555.0,480.0,553.0,9.5,13396.0,657.0,440.6
KPCL,9/30/2021,553.0,566.0,522.0,529.0,-4.34,10293.0,657.0,440.6
KPCL,10/3/2021,519.0,530.4,478.7,509.0,-3.78,17445.0,657.0,440.6
KPCL,10/4/2021,519.1,519.9,478.9,509.0,0.0,18245.0,657.0,440.6
KPCL,10/5/2021,519.0,521.9,489.0,519.0,1.96,7786.0,657.0,440.6
KPCL,10/6/2021,529.3,570.9,509.0,535.0,3.08,14556.0,657.0,440.6
KPCL,10/10/2021,524.3,555.0,515.0,524.0,-2.06,16085.0,657.0,440.6
KPCL,10/11/2021,534.0,534.0,495.9,520.1,-0.74,4330.0,657.0,440.6
KPCL,10/17/2021,530.0,552.0,500.0,539.0,3.63,10078.0,657.0,440.6
KPCL,10/18/2021,528.3,528.3,494.0,498.0,-7.61,6675.0,657.0,440.6
KPCL,10/19/2021,488.1,527.4,448.2,498.0,0.0,11940.0,657.0,440.6
KPCL,10/20/2021,500.0,545.7,500.0,517.0,3.82,13624.0,657.0,440.6
KPCL,10/21/2021,517.0,527.0,500.0,513.0,-0.77,2619.0,657.0,440.6
KPCL,10/24/2021,503.0,529.0,494.0,529.0,3.12,7928.0,657.0,440.6
KPCL,10/25/2021,529.0,561.0,519.0,559.0,5.67,13193.0,657.0,440.6
KPCL,10/26/2021,570.0,599.0,559.0,596.0,6.62,17344.0,657.0,440.6
KPCL,10/27/2021,601.8,603.0,577.3,600.0,0.67,21087.0,657.0,440.6
KPCL,10/28/2021,588.0,634.0,580.0,628.0,4.67,14059.0,657.0,440.6
KPCL,10/31/2021,630.0,663.9,615.6,659.9,5.08,18654.0,657.0,440.6
KPCL,11/1/2021,671.0,725.8,628.2,640.0,-3.02,43208.0,657.0,440.6
KPCL,11/2/2021,627.2,693.0,614.7,693.0,8.28,23461.0,657.0,440.6
KPCL,11/3/2021,706.0,749.0,656.0,679.0,-2.02,33190.0,657.0,440.6
KPCL,11/8/2021,692.5,700.0,647.0,647.1,-4.7,8585.0,657.0,440.6
KPCL,11/9/2021,660.0,673.0,590.0,605.0,-6.51,33152.0,657.0,440.6
KPCL,11/11/2021,593.1,602.0,568.4,580.0,-4.13,16119.0,657.0,440.6
KPCL,11/14/2021,569.0,627.0,558.0,615.0,6.03,13690.0,657.0,440.6
KPCL,11/15/2021,626.9,632.0,617.0,619.5,0.73,14807.0,657.0,440.6
KPCL,11/16/2021,629.9,650.0,617.4,649.0,4.76,14520.0,657.0,440.6
KPCL,11/17/2021,661.9,661.9,633.0,645.0,-0.62,14415.0,657.0,440.6
KPCL,11/18/2021,657.9,657.9,615.0,626.0,-2.95,12245.0,657.0,440.6
KPCL,11/21/2021,638.5,651.0,612.0,645.0,3.04,9167.0,657.0,440.6
KPCL,11/22/2021,654.0,654.0,625.0,635.8,-1.43,4355.0,657.0,440.6
KPCL,11/23/2021,623.1,640.0,590.0,613.0,-3.59,12693.0,657.0,440.6
KPCL,11/24/2021,625.2,625.2,595.0,610.0,-0.49,10140.0,657.0,440.6
KPCL,11/25/2021,602.0,619.0,598.0,606.1,-0.64,10107.0,657.0,440.6
KPCL,11/28/2021,594.0,604.0,567.0,574.9,-5.15,14354.0,657.0,440.6
KPCL,11/29/2021,570.0,601.8,567.5,596.0,3.67,13187.0,657.0,440.6
KPCL,11/30/2021,607.9,607.9,570.0,595.6,-0.07,7026.0,657.0,440.6
KPCL,12/1/2021,607.5,607.5,584.1,594.8,-0.13,2440.0,657.0,440.6
KPCL,12/2/2021,590.0,590.0,566.0,574.9,-3.35,7809.0,657.0,440.6
KPCL,12/5/2021,586.3,586.3,536.0,549.0,-4.51,3070.0,657.0,440.6
KPCL,12/6/2021,559.9,570.0,507.0,563.9,2.71,15780.0,657.0,440.6
KPCL,12/7/2021,575.1,575.1,530.0,549.7,-2.52,7241.0,657.0,440.6
KPCL,12/8/2021,540.0,544.0,509.0,520.0,-5.4,7645.0,657.0,440.6
KPCL,12/9/2021,530.0,530.0,499.6,507.0,-2.5,6501.0,657.0,440.6
KPCL,12/12/2021,498.1,498.1,460.0,469.0,-7.5,19385.0,657.0,440.6
KPCL,12/13/2021,460.0,467.0,430.3,444.0,-5.33,12087.0,657.0,440.6
KPCL,12/14/2021,452.8,483.0,443.8,482.9,8.76,9188.0,657.0,440.6
KPCL,12/15/2021,492.5,521.0,467.5,499.0,3.33,22315.0,657.0,440.6
KPCL,12/16/2021,490.0,490.6,473.0,490.0,-1.8,6494.0,657.0,440.6
KPCL,12/20/2021,480.2,485.0,461.5,479.0,-2.24,3380.0,657.0,440.6
KPCL,12/21/2021,488.5,489.6,472.0,488.7,2.03,2315.0,657.0,440.6
KPCL,12/22/2021,498.4,520.0,495.0,518.0,6.0,12334.0,657.0,440.6
KPCL,12/23/2021,528.0,536.0,510.0,530.0,2.32,15802.0,657.0,440.6
KPCL,12/26/2021,540.6,570.0,530.0,540.0,1.89,21162.0,657.0,440.6
KPCL,12/27/2021,540.0,550.0,489.0,508.0,-5.93,28752.0,657.0,440.6
KPCL,12/28/2021,498.0,515.1,487.0,505.0,-0.59,25386.0,657.0,440.6
KPCL,12/29/2021,496.0,506.0,485.0,500.0,-0.99,16742.0,657.0,440.6
KPCL,1/2/2022,501.5,519.1,481.4,518.0,3.6,49459.0,657.0,440.6
KPCL,1/3/2022,459.4,465.0,439.0,440.0,-15.06,14202.0,657.0,440.6
KPCL,1/4/2022,448.8,460.0,435.1,455.0,3.41,12237.0,657.0,440.6
KPCL,1/5/2022,455.0,472.0,445.0,459.9,1.08,21389.0,657.0,440.6
KPCL,1/6/2022,451.0,469.1,450.0,465.0,1.11,13394.0,657.0,440.6
KPCL,1/9/2022,474.3,510.0,474.3,501.0,7.74,26774.0,657.0,440.6
KPCL,1/10/2022,491.0,523.0,481.2,500.5,-0.1,34149.0,657.0,440.6
KPCL,1/11/2022,509.9,527.0,505.0,525.0,4.9,17486.0,657.0,440.6
KPCL,1/12/2022,520.0,560.0,511.0,525.0,0.0,32972.0,657.0,440.6
KPCL,1/13/2022,520.0,550.8,514.5,550.0,4.76,31397.0,657.0,440.6
KPCL,1/16/2022,561.0,579.0,558.6,559.5,1.73,19412.0,657.0,440.6
KPCL,1/17/2022,555.0,570.0,530.1,558.0,-0.27,31522.0,657.0,440.6
KPCL,1/18/2022,560.0,563.2,540.0,546.0,-2.15,16952.0,657.0,440.6
KPCL,1/19/2022,535.1,553.0,530.1,531.0,-2.75,10384.0,657.0,440.6
KPCL,1/20/2022,541.0,549.0,534.0,549.0,3.39,11876.0,657.0,440.6
KPCL,1/23/2022,559.9,570.0,540.0,542.0,-1.28,16072.0,657.0,440.6
KPCL,1/24/2022,531.9,532.0,508.0,512.0,-5.54,27601.0,657.0,440.6
KPCL,1/25/2022,501.9,536.9,501.8,510.0,-0.39,14574.0,657.0,440.6
KPCL,1/26/2022,519.0,519.0,491.0,505.0,-0.98,12725.0,657.0,440.6
KPCL,1/27/2022,510.0,525.0,503.0,504.0,-0.2,4959.0,657.0,440.6
KPCL,1/30/2022,514.0,543.0,514.0,538.0,6.75,16628.0,657.0,440.6
KPCL,1/31/2022,548.7,550.0,526.0,530.0,-1.49,9145.0,657.0,440.6
KPCL,2/1/2022,524.3,550.0,524.3,539.0,1.7,14695.0,657.0,440.6
KPCL,2/3/2022,549.0,575.0,545.0,547.9,1.65,38315.0,657.0,440.6
KPCL,2/6/2022,557.9,557.9,535.0,540.0,-1.44,11640.0,657.0,440.6
KPCL,2/7/2022,530.0,550.0,530.0,544.0,0.74,7951.0,657.0,440.6
KPCL,2/8/2022,554.0,572.0,536.0,540.0,-0.74,20543.0,657.0,440.6
KPCL,2/9/2022,549.9,549.9,530.0,537.0,-0.56,5122.0,657.0,440.6
KPCL,2/10/2022,545.0,545.0,526.4,535.0,-0.37,4710.0,657.0,440.6
KPCL,2/13/2022,525.0,525.0,506.2,509.1,-4.84,15490.0,657.0,440.6
KPCL,2/14/2022,517.9,519.0,499.0,510.0,0.18,19679.0,657.0,440.6
KPCL,2/15/2022,502.0,549.0,502.0,549.0,7.65,6854.0,657.0,440.6
KPCL,2/16/2022,538.1,550.0,520.0,528.0,-3.83,13548.0,657.0,440.6
KPCL,2/17/2022,520.0,537.9,520.0,527.0,-0.19,6791.0,657.0,440.6
KPCL,2/20/2022,516.5,537.0,507.0,521.0,-1.14,16910.0,657.0,440.6
KPCL,2/21/2022,530.0,535.0,516.6,527.0,1.15,7618.0,657.0,440.6
KPCL,2/22/2022,537.0,544.9,526.0,530.0,0.57,9570.0,657.0,440.6
KPCL,2/23/2022,530.1,558.0,530.0,552.0,4.15,32398.0,657.0,440.6
KPCL,2/24/2022,553.0,560.0,526.4,540.0,-2.17,22440.0,657.0,440.6
KPCL,2/27/2022,530.0,560.0,530.0,544.0,0.74,14770.0,657.0,440.6
KPCL,2/28/2022,554.8,565.0,519.7,527.0,-3.12,14072.0,657.0,440.6
KPCL,3/2/2022,517.0,520.0,505.0,505.0,-4.17,8215.0,657.0,440.6
KPCL,3/6/2022,515.1,522.0,500.0,509.0,0.79,18327.0,657.0,440.6
KPCL,3/7/2022,518.9,519.0,505.0,510.0,0.2,2796.0,657.0,440.6
KPCL,3/9/2022,510.0,510.0,486.1,495.0,-2.94,4499.0,657.0,440.6
KPCL,3/10/2022,500.0,519.9,490.0,514.9,4.02,7259.0,657.0,440.6
KPCL,3/13/2022,518.0,535.0,513.0,516.3,0.27,12754.0,657.0,440.6
KPCL,3/14/2022,513.0,526.0,513.0,523.0,1.3,2050.0,657.0,440.6
KPCL,3/15/2022,520.0,522.0,508.0,514.0,-1.72,8027.0,657.0,440.6
KPCL,3/16/2022,506.1,518.0,505.0,506.0,-1.56,5780.0,657.0,440.6
KPCL,3/20/2022,506.0,515.0,505.0,506.0,0.0,2165.0,657.0,440.6
KPCL,3/21/2022,501.2,527.0,501.2,527.0,4.15,6101.0,657.0,440.6
KPCL,3/22/2022,521.0,527.0,510.4,512.2,-2.81,5208.0,657.0,440.6
KPCL,3/23/2022,503.0,521.0,503.0,513.9,0.33,2005.0,657.0,440.6
KPCL,3/24/2022,504.0,510.0,502.0,503.0,-2.12,8326.0,657.0,440.6
KPCL,3/27/2022,493.1,511.0,490.0,490.0,-2.58,5035.0,657.0,440.6
KPCL,3/28/2022,498.9,498.9,485.0,485.0,-1.02,3464.0,657.0,440.6
KPCL,3/29/2022,494.0,494.0,478.0,491.0,1.24,4876.0,657.0,440.6
KPCL,3/30/2022,482.0,499.0,482.0,499.0,1.63,1910.0,657.0,440.6
KPCL,3/31/2022,493.0,496.0,485.0,485.0,-2.81,4789.0,657.0,440.6
KPCL,4/3/2022,483.0,510.0,483.0,490.0,1.03,2208.0,657.0,440.6
KPCL,4/4/2022,490.0,495.0,483.0,483.0,-1.43,1380.0,657.0,440.6
KPCL,4/5/2022,473.5,492.0,464.0,480.0,-0.62,4427.0,657.0,440.6
KPCL,4/6/2022,470.4,478.0,463.6,468.0,-2.5,1620.0,657.0,440.6
KPCL,4/7/2022,475.0,488.9,459.0,488.9,4.47,3634.0,657.0,440.6
KPCL,4/11/2022,488.0,504.0,467.0,468.0,-4.27,5174.0,657.0,440.6
KPCL,4/12/2022,459.0,475.0,444.0,458.8,-1.97,6702.0,657.0,440.6
KPCL,4/13/2022,452.0,474.0,449.8,474.0,3.31,5265.0,657.0,440.6
KPCL,4/17/2022,465.0,482.0,447.0,464.0,-2.11,3005.0,657.0,440.6
KPCL,4/18/2022,455.0,464.0,430.0,437.0,-5.82,4458.0,657.0,440.6
KPCL,4/19/2022,428.4,447.0,428.4,444.0,1.6,3245.0,657.0,440.6
KPCL,4/20/2022,452.8,452.8,418.6,429.0,-3.38,3104.0,657.0,440.6
KPCL,4/21/2022,430.0,440.0,405.0,420.0,-2.1,4399.0,657.0,440.6
KPCL,4/24/2022,411.7,458.0,411.7,457.9,9.02,7149.0,657.0,440.6
KPCL,4/25/2022,450.0,463.0,441.1,446.1,-2.58,4048.0,657.0,440.6
KPCL,4/26/2022,450.9,450.9,429.0,438.0,-1.82,1930.0,657.0,440.6
KPCL,4/27/2022,431.0,444.0,429.3,444.0,1.37,1673.0,657.0,440.6
KPCL,4/28/2022,435.2,444.0,427.1,435.1,-2.0,5294.0,657.0,440.6
KPCL,5/2/2022,435.0,435.0,410.2,416.5,-4.27,2936.0,657.0,440.6
KPCL,5/4/2022,408.7,421.0,402.0,408.0,-2.04,1366.0,657.0,440.6
KPCL,5/5/2022,399.9,412.5,395.0,412.0,0.98,2416.0,657.0,440.6
KPCL,5/8/2022,405.0,417.0,400.0,417.0,1.21,2040.0,657.0,440.6
KPCL,5/9/2022,417.0,432.0,411.0,424.0,1.68,3345.0,657.0,440.6
KPCL,5/10/2022,416.0,436.0,408.0,436.0,2.83,10829.0,657.0,440.6
KPCL,5/11/2022,439.9,458.0,434.0,458.0,5.05,6955.0,657.0,440.6
KPCL,5/12/2022,451.0,466.0,440.0,440.1,-3.91,3811.0,657.0,440.6
KPCL,5/17/2022,434.0,434.0,408.8,408.8,-7.11,620.0,657.0,440.6
KPCL,5/18/2022,405.0,439.0,402.1,430.3,5.26,1525.0,657.0,440.6
KPCL,5/19/2022,422.0,438.9,413.0,421.4,-2.07,3185.0,657.0,440.6
KPCL,5/20/2022,413.5,429.0,413.5,415.0,-1.52,865.0,657.0,440.6
KPCL,5/23/2022,407.0,407.1,400.0,400.1,-3.59,4007.0,657.0,440.6
KPCL,5/24/2022,407.0,418.0,407.0,414.5,3.6,2595.0,657.0,440.6
KPCL,5/25/2022,422.7,431.1,407.3,420.0,1.33,1814.0,657.0,440.6
KPCL,5/26/2022,425.0,427.0,412.2,420.0,0.0,750.0,657.0,440.6
KPCL,5/27/2022,412.0,420.0,404.0,420.0,0.0,3140.0,657.0,440.6
KPCL,5/30/2022,411.6,411.7,403.0,405.0,-3.57,1049.0,657.0,440.6
KPCL,5/31/2022,400.0,405.0,394.0,398.7,-1.56,4610.0,657.0,440.6
KPCL,6/1/2022,406.0,414.0,392.0,407.0,2.08,1435.0,657.0,440.6
KPCL,6/2/2022,408.0,414.0,395.1,395.3,-2.87,1435.0,657.0,440.6
KPCL,6/3/2022,403.2,410.0,386.1,397.0,0.43,2860.0,657.0,440.6
KPCL,6/6/2022,404.9,410.0,390.0,399.0,0.5,5166.0,657.0,440.6
KPCL,6/7/2022,391.1,393.0,380.0,392.7,-1.58,9955.0,657.0,440.6
KPCL,6/8/2022,394.0,409.0,386.1,407.8,3.85,9896.0,657.0,440.6
KPCL,6/9/2022,399.7,412.9,394.0,403.0,-1.18,7546.0,657.0,440.6
KPCL,6/10/2022,395.0,400.0,382.1,392.0,-2.73,1145.0,657.0,440.6
KPCL,6/13/2022,399.8,399.8,385.0,397.0,1.28,385.0,657.0,440.6
KPCL,6/14/2022,402.7,402.7,389.1,395.0,-0.5,464.0,657.0,440.6
KPCL,6/15/2022,399.9,399.9,377.0,382.0,-3.29,3100.0,657.0,440.6
KPCL,6/16/2022,376.1,389.5,372.0,382.0,0.0,4946.0,657.0,440.6
KPCL,6/17/2022,389.0,394.0,374.4,387.8,1.52,720.0,657.0,440.6
KPCL,6/19/2022,395.5,403.0,365.2,377.9,-2.55,1755.0,657.0,440.6
KPCL,6/20/2022,371.0,378.0,342.1,342.5,-9.37,3891.0,657.0,440.6
KPCL,6/21/2022,349.0,353.9,336.0,350.0,2.19,6263.0,657.0,440.6
KPCL,6/22/2022,343.0,343.0,339.0,339.0,-3.14,2259.0,657.0,440.6
KPCL,6/23/2022,332.3,344.7,315.0,337.9,-0.32,6023.0,657.0,440.6
KPCL,6/24/2022,336.0,351.4,324.9,343.0,1.51,1461.0,657.0,440.6
KPCL,6/26/2022,349.0,371.0,338.0,365.0,6.41,15010.0,657.0,440.6
KPCL,6/27/2022,365.0,379.0,346.1,350.0,-4.11,11170.0,657.0,440.6
KPCL,6/28/2022,345.0,357.0,340.0,343.0,-2.0,1828.0,657.0,440.6
KPCL,6/29/2022,343.0,361.0,336.2,361.0,5.25,2470.0,657.0,440.6
KPCL,6/30/2022,354.0,397.1,354.0,395.0,9.42,17693.0,657.0,440.6
KPCL,7/1/2022,387.1,405.0,382.0,383.0,-3.04,5877.0,657.0,440.6
KPCL,7/3/2022,375.4,404.0,370.0,400.0,4.44,6173.0,657.0,440.6
KPCL,7/4/2022,393.0,411.0,379.0,383.0,-4.25,13475.0,657.0,440.6
KPCL,7/5/2022,381.0,390.0,361.1,374.0,-2.35,8598.0,657.0,440.6
KPCL,7/6/2022,374.0,394.7,360.0,392.8,5.03,2235.0,657.0,440.6
KPCL,7/7/2022,393.0,393.0,380.0,387.0,-1.48,7232.0,657.0,440.6
KPCL,7/8/2022,394.0,394.0,371.8,388.0,0.26,1191.0,657.0,440.6
KPCL,7/11/2022,380.3,380.3,358.1,370.0,-4.64,1222.0,657.0,440.6
KPCL,7/12/2022,363.0,375.0,356.0,364.0,-1.62,5594.0,657.0,440.6
KPCL,7/13/2022,358.0,380.0,358.0,378.0,3.85,6484.0,657.0,440.6
KPCL,7/14/2022,385.5,392.0,378.0,385.0,1.85,5825.0,657.0,440.6
KPCL,7/15/2022,378.0,379.0,370.8,372.0,-3.38,1210.0,657.0,440.6
KPCL,7/17/2022,364.6,392.0,364.6,379.8,2.1,1307.0,657.0,440.6
KPCL,7/18/2022,373.0,389.0,370.0,389.0,2.42,1727.0,657.0,440.6
KPCL,7/19/2022,381.3,393.0,381.3,388.0,-0.26,6170.0,657.0,440.6
KPCL,7/20/2022,380.4,391.5,380.4,390.0,0.52,1735.0,657.0,440.6
KPCL,7/21/2022,382.2,389.0,375.0,388.0,-0.51,4457.0,657.0,440.6
KPCL,7/22/2022,380.3,388.0,372.0,379.9,-2.09,2242.0,657.0,440.6
KPCL,7/24/2022,381.0,401.5,375.2,401.5,5.69,4755.0,657.0,440.6
KPCL,7/25/2022,401.0,420.0,398.0,414.1,3.14,12472.0,657.0,440.6
KPCL,7/26/2022,422.3,422.3,397.0,399.0,-3.65,10870.0,657.0,440.6
KPCL,7/27/2022,405.0,413.0,391.0,400.0,0.25,12126.0,657.0,440.6
KPCL,7/28/2022,400.0,421.0,400.0,415.0,3.75,12480.0,657.0,440.6
KPCL,7/29/2022,407.0,416.0,403.0,416.0,0.24,2942.0,657.0,440.6
KPCL,7/31/2022,415.0,426.0,408.0,419.2,0.77,8342.0,657.0,440.6
KPCL,8/1/2022,411.1,425.0,404.0,415.0,-1.0,12121.0,657.0,440.6
KPCL,8/2/2022,409.0,421.0,405.0,411.0,-0.96,3410.0,657.0,440.6
KPCL,8/3/2022,419.0,422.0,410.0,414.0,0.73,13614.0,657.0,440.6
KPCL,8/4/2022,414.0,421.0,410.0,415.0,0.24,20365.0,657.0,440.6
KPCL,8/5/2022,418.0,422.3,411.0,422.3,1.76,12104.0,657.0,440.6
KPCL,8/7/2022,430.5,439.3,414.0,428.0,1.35,16688.0,657.0,440.6
KPCL,8/8/2022,436.4,436.4,421.5,426.0,-0.47,23261.0,657.0,440.6
KPCL,8/9/2022,425.0,428.0,412.1,418.0,-1.88,6739.0,657.0,440.6
KPCL,8/10/2022,410.0,423.0,408.0,410.0,-1.91,7290.0,657.0,440.6
KPCL,8/11/2022,405.0,413.0,403.4,403.4,-1.61,6847.0,657.0,440.6
KPCL,8/14/2022,410.0,415.0,390.0,415.0,2.88,5914.0,657.0,440.6
KPCL,8/15/2022,410.0,423.0,410.0,422.0,1.69,10971.0,657.0,440.6
KPCL,8/16/2022,421.0,424.9,404.0,404.0,-4.27,7327.0,657.0,440.6
KPCL,8/17/2022,406.0,411.0,399.0,409.0,1.24,7329.0,657.0,440.6
KPCL,8/18/2022,405.0,418.0,405.0,418.0,2.2,6445.0,657.0,440.6
KPCL,8/21/2022,426.3,426.3,411.0,411.0,-1.67,8251.0,657.0,440.6
KPCL,8/22/2022,405.1,424.0,405.1,418.0,1.7,6236.0,657.0,440.6
KPCL,8/23/2022,410.0,425.0,410.0,411.0,-1.67,1596.0,657.0,440.6
KPCL,8/24/2022,411.0,418.0,403.1,414.9,0.95,8109.0,657.0,440.6
KPCL,8/25/2022,415.0,415.0,396.0,407.9,-1.69,14097.0,657.0,440.6
KPCL,8/26/2022,400.0,400.0,386.0,390.0,-4.39,5352.0,657.0,440.6
KPCL,8/28/2022,383.1,390.0,376.1,380.0,-2.56,4016.0,657.0,440.6
KPCL,8/29/2022,379.0,386.4,372.4,373.1,-1.82,1988.0,657.0,440.6
KPCL,8/30/2022,380.0,380.0,366.1,366.1,-1.88,2690.0,657.0,440.6
KPCL,8/31/2022,360.1,368.0,354.0,360.0,-1.67,9091.0,657.0,440.6
KPCL,9/1/2022,354.0,381.0,349.0,352.0,-2.22,7919.0,657.0,440.6
KPCL,9/2/2022,359.0,370.0,355.5,356.0,1.14,1736.0,657.0,440.6
KPCL,9/4/2022,362.0,365.0,354.0,355.0,-0.28,5328.0,657.0,440.6
KPCL,9/5/2022,355.0,361.2,352.0,354.1,-0.25,4092.0,657.0,440.6
KPCL,9/6/2022,351.0,355.0,350.0,355.0,0.25,2561.0,657.0,440.6
KPCL,9/7/2022,350.0,357.0,350.0,351.0,-1.13,1151.0,657.0,440.6
KPCL,9/8/2022,345.0,364.7,344.5,362.0,3.13,4877.0,657.0,440.6
KPCL,9/11/2022,369.0,369.0,357.0,361.0,-0.28,1384.0,657.0,440.6
KPCL,9/12/2022,363.0,363.0,348.7,361.0,0.0,6486.0,657.0,440.6
KPCL,9/13/2022,365.9,369.0,361.7,362.0,0.28,1605.0,657.0,440.6
KPCL,9/14/2022,369.0,383.0,367.9,371.0,2.49,5358.0,657.0,440.6
KPCL,9/15/2022,377.0,377.0,345.0,347.0,-6.47,5242.0,657.0,440.6
KPCL,9/16/2022,346.5,357.0,334.0,337.0,-2.88,1920.0,657.0,440.6
KPCL,9/18/2022,343.7,343.7,318.5,334.0,-0.89,5406.0,657.0,440.6
KPCL,9/20/2022,335.0,335.0,300.6,300.6,-10.0,13551.0,657.0,440.6
KPCL,9/21/2022,306.6,318.0,306.6,310.0,3.13,1743.0,657.0,440.6
KPCL,9/22/2022,310.0,320.0,303.0,305.0,-1.61,2506.0,657.0,440.6
KPCL,9/25/2022,298.9,317.3,293.0,304.0,-0.33,1282.0,657.0,440.6
KPCL,9/27/2022,310.0,316.0,304.0,304.0,0.0,1536.0,657.0,440.6
KPCL,9/28/2022,310.0,316.0,296.0,308.0,1.32,3137.0,657.0,440.6
KPCL,9/29/2022,314.0,314.0,306.1,307.0,-0.32,1002.0,657.0,440.6
KPCL,10/9/2022,313.0,319.0,307.1,310.0,0.98,565.0,657.0,440.6
KPCL,10/10/2022,316.2,316.2,306.0,315.0,1.61,1598.0,657.0,440.6
KPCL,10/11/2022,321.3,321.3,304.0,312.0,-0.95,1784.0,657.0,440.6
KPCL,10/12/2022,315.0,319.9,310.0,310.7,-0.42,1363.0,657.0,440.6
KPCL,10/13/2022,316.9,321.9,308.0,308.0,-0.87,162.0,657.0,440.6
KPCL,10/16/2022,314.1,314.1,300.2,301.9,-1.98,271.0,657.0,440.6
KPCL,10/17/2022,307.9,317.9,302.1,303.3,0.46,1836.0,657.0,440.6
KPCL,10/19/2022,307.0,313.0,296.1,296.4,-2.27,584.0,657.0,440.6
KPCL,10/20/2022,302.3,306.5,292.0,299.0,0.88,395.0,657.0,440.6
KPCL,10/23/2022,304.9,304.9,294.1,294.1,-1.64,994.0,657.0,440.6
KPCL,10/31/2022,299.9,311.0,289.0,300.0,2.01,1923.0,657.0,440.6
KPCL,11/1/2022,306.0,318.0,298.0,318.0,6.0,2824.0,657.0,440.6
KPCL,11/2/2022,320.0,323.0,314.6,320.0,0.63,4836.0,657.0,440.6
KPCL,11/3/2022,313.6,321.0,310.0,320.1,0.03,1292.0,657.0,440.6
KPCL,11/6/2022,326.0,326.0,314.0,321.1,0.31,1733.0,657.0,440.6
KPCL,11/7/2022,327.5,336.0,322.1,326.0,1.53,5800.0,657.0,440.6
KPCL,11/8/2022,322.0,335.0,319.6,330.0,1.23,3673.0,657.0,440.6
KPCL,11/9/2022,325.0,325.0,312.0,317.0,-3.94,8785.0,657.0,440.6
KPCL,11/10/2022,323.3,323.3,300.0,306.0,-3.47,5331.0,657.0,440.6
KPCL,11/13/2022,300.0,307.0,300.0,301.2,-1.57,2136.0,657.0,440.6
KPCL,11/14/2022,300.0,306.0,300.0,300.0,-0.4,2851.0,657.0,440.6
KPCL,11/15/2022,302.0,319.9,300.0,302.0,0.67,5494.0,657.0,440.6
KPCL,11/16/2022,302.0,310.0,302.0,303.2,0.4,5233.0,657.0,440.6
KPCL,11/17/2022,309.2,321.5,309.0,317.1,4.58,6680.0,657.0,440.6
KPCL,11/22/2022,323.4,325.0,311.1,311.1,-1.89,2127.0,657.0,440.6
KPCL,11/23/2022,316.0,316.0,310.0,311.0,-0.03,844.0,657.0,440.6
KPCL,11/24/2022,317.2,317.2,305.0,309.1,-0.61,1152.0,657.0,440.6
KPCL,11/27/2022,309.1,327.4,309.1,326.0,5.47,3539.0,657.0,440.6
KPCL,11/28/2022,328.0,329.9,322.2,322.3,-1.13,3775.0,657.0,440.6
KPCL,11/29/2022,328.7,328.7,310.1,323.0,0.22,2513.0,657.0,440.6
KPCL,11/30/2022,320.1,321.0,317.0,320.0,-0.93,1159.0,657.0,440.6
KPCL,12/1/2022,325.0,325.0,316.0,317.0,-0.94,2203.0,657.0,440.6
KPCL,12/4/2022,323.3,323.3,313.1,319.3,0.73,1640.0,657.0,440.6
KPCL,12/5/2022,325.6,325.6,314.0,314.0,-1.66,1684.0,657.0,440.6
KPCL,12/6/2022,320.2,320.2,315.0,319.0,1.59,1206.0,657.0,440.6
KPCL,12/7/2022,325.3,325.3,314.1,318.0,-0.31,2916.0,657.0,440.6
KPCL,12/11/2022,318.0,318.0,312.0,315.0,-0.94,2352.0,657.0,440.6
KPCL,12/12/2022,321.3,321.4,309.0,315.0,0.0,2472.0,657.0,440.6
KPCL,12/13/2022,321.3,325.0,315.2,315.2,0.06,462.0,657.0,440.6
KPCL,12/14/2022,321.5,321.5,311.0,314.0,-0.38,1332.0,657.0,440.6
KPCL,12/15/2022,316.0,316.0,307.4,307.7,-2.01,3966.0,657.0,440.6
KPCL,12/18/2022,313.8,313.8,294.2,297.0,-3.48,3288.0,657.0,440.6
KPCL,12/19/2022,302.9,302.9,296.0,296.0,-0.34,2924.0,657.0,440.6
KPCL,12/20/2022,301.9,307.0,295.0,301.1,1.72,1098.0,657.0,440.6
KPCL,12/21/2022,307.1,312.8,298.0,303.0,0.63,1184.0,657.0,440.6
KPCL,12/22/2022,309.0,333.3,309.0,327.7,8.15,3282.0,657.0,440.6
KPCL,12/27/2022,334.2,360.4,334.2,360.4,9.98,13878.0,657.0,440.6
KPCL,12/28/2022,365.0,372.0,355.0,366.0,1.55,22324.0,657.0,440.6
KPCL,12/29/2022,373.0,386.0,366.0,385.4,5.3,30119.0,657.0,440.6
KPCL,1/1/2023,341.0,354.7,327.6,340.0,-11.78,8423.0,657.0,440.6
KPCL,1/2/2023,346.0,346.0,335.0,338.0,-0.59,10859.0,657.0,440.6
KPCL,1/3/2023,344.5,348.0,337.7,345.5,2.22,8096.0,657.0,440.6
KPCL,1/4/2023,345.6,380.0,345.6,380.0,9.99,18123.0,657.0,440.6
KPCL,1/5/2023,387.0,401.0,373.4,390.1,2.66,28676.0,657.0,440.6
KPCL,1/8/2023,394.0,405.5,381.0,395.0,1.26,16767.0,657.0,440.6
KPCL,1/9/2023,395.0,420.0,395.0,420.0,6.33,20649.0,657.0,440.6
KPCL,1/10/2023,422.0,432.0,403.2,403.2,-4.0,17546.0,657.0,440.6
KPCL,1/12/2023,405.0,413.0,365.0,369.0,-8.48,22102.0,657.0,440.6
KPCL,1/17/2023,375.0,393.9,364.0,388.6,5.31,12855.0,657.0,440.6
KPCL,1/18/2023,396.2,408.0,389.0,391.1,0.64,11563.0,657.0,440.6
KPCL,1/19/2023,385.0,399.9,385.0,387.0,-1.05,9171.0,657.0,440.6
KPCL,1/23/2023,383.0,396.0,382.2,387.0,0.0,11624.0,657.0,440.6
KPCL,1/24/2023,392.0,392.0,377.3,385.0,-0.52,2547.0,657.0,440.6
KPCL,1/25/2023,385.0,400.0,385.0,398.0,3.38,6427.0,657.0,440.6
KPCL,1/26/2023,405.0,405.9,395.0,399.0,0.25,3874.0,657.0,440.6
KPCL,1/29/2023,400.0,402.0,390.0,392.0,-1.75,4457.0,657.0,440.6
KPCL,1/30/2023,392.0,392.0,371.5,371.5,-5.23,11806.0,657.0,440.6
KPCL,1/31/2023,366.0,392.0,365.0,371.2,-0.08,5171.0,657.0,440.6
KPCL,2/1/2023,378.0,389.0,370.1,378.3,1.91,3819.0,657.0,440.6
KPCL,2/2/2023,384.0,384.0,370.0,370.0,-2.19,4059.0,657.0,440.6
KPCL,2/5/2023,377.0,384.5,364.2,371.0,0.27,5150.0,657.0,440.6
KPCL,2/6/2023,364.0,378.0,364.0,368.0,-0.81,2609.0,657.0,440.6
KPCL,2/7/2023,375.3,399.0,374.0,394.0,7.07,11688.0,657.0,440.6
KPCL,2/8/2023,400.0,401.8,385.0,387.5,-1.65,5687.0,657.0,440.6
KPCL,2/9/2023,380.0,402.9,380.0,395.0,1.94,5846.0,657.0,440.6
KPCL,2/12/2023,387.1,399.0,375.0,377.0,-4.56,9578.0,657.0,440.6
KPCL,2/14/2023,380.0,392.7,377.0,386.1,2.41,4237.0,657.0,440.6
KPCL,2/15/2023,393.8,393.8,379.0,382.0,-1.06,1105.0,657.0,440.6
KPCL,2/16/2023,375.0,397.3,367.5,367.5,-3.8,7480.0,657.0,440.6
KPCL,2/20/2023,365.0,375.0,365.0,375.0,2.04,4729.0,657.0,440.6
KPCL,2/22/2023,382.5,392.7,378.0,382.3,1.95,8709.0,657.0,440.6
KPCL,2/23/2023,385.0,400.0,375.0,385.1,0.73,10544.0,657.0,440.6
KPCL,2/26/2023,379.0,400.0,370.5,389.0,1.01,10665.0,657.0,440.6
KPCL,2/27/2023,390.0,392.0,380.1,381.3,-1.98,5152.0,657.0,440.6
KPCL,2/28/2023,382.0,390.0,377.1,382.0,0.18,2750.0,657.0,440.6
KPCL,3/1/2023,389.6,390.0,375.0,375.0,-1.83,3834.0,657.0,440.6
KPCL,3/2/2023,382.5,389.9,372.2,386.0,2.93,6448.0,657.0,440.6
KPCL,3/5/2023,378.7,378.7,371.2,375.0,-2.85,6102.0,657.0,440.6
KPCL,3/7/2023,368.5,380.5,368.5,379.9,1.31,1628.0,657.0,440.6
KPCL,3/9/2023,387.4,394.0,377.0,394.0,3.71,3533.0,657.0,440.6
KPCL,3/12/2023,398.0,398.0,381.0,385.0,-2.28,3770.0,657.0,440.6
KPCL,3/13/2023,380.0,385.0,375.0,379.9,-1.32,2125.0,657.0,440.6
KPCL,3/14/2023,374.3,385.0,369.0,385.0,1.34,3795.0,657.0,440.6
KPCL,3/15/2023,390.0,390.0,376.0,385.0,0.0,8745.0,657.0,440.6
KPCL,3/16/2023,381.0,392.0,380.0,392.0,1.82,956.0,657.0,440.6
KPCL,3/19/2023,397.9,397.9,377.4,385.0,-1.79,518.0,657.0,440.6
KPCL,3/20/2023,385.0,407.6,384.0,399.0,3.64,2678.0,657.0,440.6
KPCL,3/22/2023,400.0,406.9,383.0,390.0,-2.26,10736.0,657.0,440.6
KPCL,3/23/2023,382.2,405.7,377.5,377.5,-3.21,3770.0,657.0,440.6
KPCL,3/26/2023,385.0,385.0,374.5,379.0,0.4,1481.0,657.0,440.6
KPCL,3/27/2023,374.0,390.0,373.1,390.0,2.9,2998.0,657.0,440.6
KPCL,3/28/2023,383.2,396.9,383.2,392.9,0.74,1810.0,657.0,440.6
KPCL,3/29/2023,385.1,392.7,381.0,390.0,-0.74,1835.0,657.0,440.6
KPCL,3/30/2023,390.1,394.0,386.0,391.0,0.26,1253.0,657.0,440.6
KPCL,4/2/2023,395.0,396.0,375.1,382.6,-2.15,2717.0,657.0,440.6
KPCL,4/3/2023,376.0,382.7,375.0,380.0,-0.68,1525.0,657.0,440.6
KPCL,4/4/2023,374.0,392.7,374.0,380.0,0.0,484.0,657.0,440.6
KPCL,4/5/2023,375.2,397.8,375.2,389.0,2.37,3295.0,657.0,440.6
KPCL,4/6/2023,394.0,394.0,374.0,374.5,-3.73,1645.0,657.0,440.6
KPCL,4/9/2023,374.0,380.0,372.1,375.0,0.13,3153.0,657.0,440.6
KPCL,4/10/2023,382.5,382.5,372.0,372.0,-0.8,3969.0,657.0,440.6
KPCL,4/11/2023,366.0,376.0,366.0,375.0,0.81,2524.0,657.0,440.6
KPCL,4/12/2023,382.5,394.9,382.3,392.0,4.53,3320.0,657.0,440.6
KPCL,4/13/2023,395.0,395.0,378.1,378.1,-3.55,1290.0,657.0,440.6
KPCL,4/16/2023,371.5,381.0,371.5,378.0,-0.03,1333.0,657.0,440.6
KPCL,4/17/2023,378.0,378.4,369.5,378.4,0.11,2498.0,657.0,440.6
KPCL,4/18/2023,371.3,378.0,371.3,374.0,-1.16,2225.0,657.0,440.6
KPCL,4/19/2023,373.2,386.0,373.2,386.0,3.21,1034.0,657.0,440.6
KPCL,4/20/2023,378.3,384.0,372.1,373.0,-3.37,1780.0,657.0,440.6
KPCL,4/23/2023,373.0,378.0,370.0,371.0,-0.54,2049.0,657.0,440.6
KPCL,4/24/2023,365.0,381.0,365.0,381.0,2.7,2195.0,657.0,440.6
KPCL,4/25/2023,375.0,379.9,373.4,378.0,-0.79,3028.0,657.0,440.6
KPCL,4/26/2023,375.0,385.5,371.5,371.5,-1.72,4553.0,657.0,440.6
KPCL,4/27/2023,366.2,384.5,366.2,377.0,1.48,788.0,657.0,440.6
KPCL,4/30/2023,370.0,375.0,370.0,370.0,-1.86,462.0,657.0,440.6
KPCL,5/2/2023,365.0,369.0,365.0,365.0,-1.35,1456.0,657.0,440.6
KPCL,5/3/2023,358.1,363.0,358.1,363.0,-0.55,131.0,657.0,440.6
KPCL,5/4/2023,360.0,369.0,360.0,369.0,1.65,532.0,657.0,440.6
KPCL,5/7/2023,373.0,373.0,359.1,361.0,-2.17,246.0,657.0,440.6
KPCL,5/8/2023,365.0,365.0,355.0,355.2,-1.61,1763.0,657.0,440.6
KPCL,5/9/2023,350.0,360.0,350.0,359.0,1.07,971.0,657.0,440.6
KPCL,5/10/2023,362.9,366.0,362.9,366.0,1.95,645.0,657.0,440.6
KPCL,5/11/2023,359.0,373.0,352.0,373.0,1.91,476.0,657.0,440.6
KPCL,5/14/2023,365.6,365.6,357.0,357.0,-4.29,695.0,657.0,440.6
KPCL,5/15/2023,350.1,364.0,350.1,356.8,-0.06,462.0,657.0,440.6
KPCL,5/16/2023,359.9,362.0,350.1,360.0,0.9,1276.0,657.0,440.6
KPCL,5/17/2023,367.0,367.0,352.6,359.6,-0.11,2827.0,657.0,440.6
KPCL,5/18/2023,365.0,374.0,365.0,367.0,2.06,843.0,657.0,440.6
KPCL,5/21/2023,362.0,374.3,362.0,365.0,-0.54,3985.0,657.0,440.6
KPCL,5/22/2023,365.0,379.0,358.0,379.0,3.84,847.0,657.0,440.6
KPCL,5/23/2023,386.0,389.0,375.8,384.0,1.32,4010.0,657.0,440.6
KPCL,5/24/2023,390.0,390.0,377.2,383.0,-0.26,2847.0,657.0,440.6
KPCL,5/28/2023,390.5,390.5,370.9,378.0,-1.31,2741.0,657.0,440.6
KPCL,5/30/2023,384.0,384.0,365.1,365.1,-3.41,1442.0,657.0,440.6
KPCL,5/31/2023,360.1,372.4,358.0,360.0,-1.4,3460.0,657.0,440.6
KPCL,6/1/2023,354.0,376.0,353.0,362.0,0.56,2701.0,657.0,440.6
KPCL,6/4/2023,369.0,383.5,369.0,381.9,5.5,2961.0,657.0,440.6
KPCL,6/5/2023,375.0,381.0,368.1,379.0,-0.76,3627.0,657.0,440.6
KPCL,6/6/2023,371.5,402.0,368.4,390.0,2.9,5926.0,657.0,440.6
KPCL,6/7/2023,395.0,395.0,385.0,387.0,-0.77,8140.0,657.0,440.6
KPCL,6/8/2023,380.1,385.0,373.0,385.0,-0.52,1540.0,657.0,440.6
KPCL,6/11/2023,383.0,390.0,378.2,388.0,0.78,6059.0,657.0,440.6
KPCL,6/12/2023,395.0,395.0,382.0,382.0,-1.55,4433.0,657.0,440.6
KPCL,6/13/2023,375.0,403.6,375.0,402.9,5.47,11939.0,657.0,440.6
KPCL,6/14/2023,410.9,415.0,397.0,412.0,2.26,18436.0,657.0,440.6
KPCL,6/15/2023,416.0,416.0,392.0,405.0,-1.7,3913.0,657.0,440.6
KPCL,6/18/2023,405.0,415.0,400.0,413.0,1.98,11506.0,657.0,440.6
KPCL,6/19/2023,415.0,415.0,400.0,407.8,-1.26,5738.0,657.0,440.6
KPCL,6/20/2023,407.0,415.0,391.8,399.6,-2.01,6496.0,657.0,440.6
KPCL,6/21/2023,392.0,412.5,377.1,405.0,1.35,9150.0,657.0,440.6
KPCL,6/22/2023,397.0,397.0,377.0,377.0,-6.91,7788.0,657.0,440.6
KPCL,6/25/2023,380.0,389.9,370.0,384.0,1.86,6744.0,657.0,440.6
KPCL,6/26/2023,391.6,399.4,370.5,380.0,-1.04,5320.0,657.0,440.6
KPCL,6/27/2023,387.6,387.6,372.4,379.5,-0.13,4729.0,657.0,440.6
KPCL,6/28/2023,387.0,387.0,370.0,374.0,-1.45,5310.0,657.0,440.6
KPCL,7/2/2023,380.0,380.0,360.5,362.7,-3.02,11365.0,657.0,440.6
KPCL,7/3/2023,357.7,374.9,357.0,359.2,-0.96,2882.0,657.0,440.6
KPCL,7/4/2023,356.5,360.0,351.0,359.0,-0.06,6281.0,657.0,440.6
KPCL,7/5/2023,365.0,366.0,350.0,357.0,-0.56,7859.0,657.0,440.6
KPCL,7/6/2023,350.0,356.0,343.0,343.0,-3.92,5292.0,657.0,440.6
KPCL,7/9/2023,340.0,366.0,340.0,352.0,2.62,5606.0,657.0,440.6
KPCL,7/10/2023,359.0,378.0,348.0,360.0,2.27,684.0,657.0,440.6
KPCL,7/11/2023,352.9,365.9,352.9,355.0,-1.39,868.0,657.0,440.6
KPCL,7/12/2023,350.1,369.0,350.1,360.0,1.41,2826.0,657.0,440.6
KPCL,7/13/2023,367.2,373.0,355.1,355.1,-1.36,2348.0,657.0,440.6
KPCL,7/16/2023,351.0,372.3,351.0,355.0,-0.03,582.0,657.0,440.6
KPCL,7/17/2023,359.9,369.2,359.9,367.9,3.63,3572.0,657.0,440.6
KPCL,7/18/2023,364.0,365.0,360.0,364.0,-1.06,1928.0,657.0,440.6
KPCL,7/19/2023,371.2,372.8,363.8,364.0,0.0,4933.0,657.0,440.6
KPCL,7/20/2023,370.0,378.0,364.0,378.0,3.85,5284.0,657.0,440.6
KPCL,7/23/2023,371.0,385.0,371.0,385.0,1.85,6048.0,657.0,440.6
KPCL,7/24/2023,390.0,391.0,373.6,375.1,-2.57,12912.0,657.0,440.6
KPCL,7/25/2023,378.0,378.0,370.0,374.0,-0.29,4568.0,657.0,440.6
KPCL,7/26/2023,374.0,380.0,372.5,375.0,0.27,2172.0,657.0,440.6
KPCL,7/27/2023,370.0,373.0,365.0,372.9,-0.56,1905.0,657.0,440.6
KPCL,7/30/2023,372.0,379.4,360.0,367.0,-1.58,2208.0,657.0,440.6
KPCL,7/31/2023,360.0,367.0,360.0,365.0,-0.54,3083.0,657.0,440.6
KPCL,8/1/2023,361.0,365.0,354.1,360.0,-1.37,2169.0,657.0,440.6
KPCL,8/2/2023,352.8,360.0,344.0,360.0,0.0,9555.0,657.0,440.6
KPCL,8/3/2023,354.0,363.7,349.4,350.1,-2.75,2688.0,657.0,440.6
KPCL,8/6/2023,344.0,363.9,343.1,346.0,-1.17,1304.0,657.0,440.6
KPCL,8/7/2023,352.9,352.9,345.9,350.0,1.16,2984.0,657.0,440.6
KPCL,8/8/2023,353.0,353.0,337.2,338.0,-3.43,2912.0,657.0,440.6
KPCL,8/9/2023,332.2,358.5,332.2,351.0,3.85,572.0,657.0,440.6
KPCL,8/10/2023,355.0,355.0,344.1,350.0,-0.28,1247.0,657.0,440.6
KPCL,8/13/2023,344.0,359.0,344.0,352.3,0.66,1180.0,657.0,440.6
KPCL,8/14/2023,348.0,359.3,344.0,358.0,1.62,3631.0,657.0,440.6
KPCL,8/15/2023,351.0,361.0,339.1,354.5,-0.98,3538.0,657.0,440.6
KPCL,8/16/2023,348.2,348.2,336.1,342.7,-3.33,3288.0,657.0,440.6
KPCL,8/17/2023,340.0,349.0,337.6,349.0,1.84,1306.0,657.0,440.6
KPCL,8/20/2023,342.1,348.3,335.6,338.0,-3.15,153.0,657.0,440.6
KPCL,8/21/2023,331.3,337.0,331.0,335.0,-0.89,814.0,657.0,440.6
KPCL,8/22/2023,329.0,334.0,329.0,334.0,-0.3,1385.0,657.0,440.6
KPCL,8/23/2023,340.0,346.0,338.1,340.0,1.8,1339.0,657.0,440.6
KPCL,8/24/2023,335.6,342.0,335.6,341.9,0.56,1202.0,657.0,440.6
KPCL,8/27/2023,339.0,348.0,329.2,348.0,1.78,764.0,657.0,440.6
KPCL,8/28/2023,353.0,353.0,332.0,348.9,0.26,797.0,657.0,440.6
KPCL,8/29/2023,342.0,342.0,330.0,340.0,-2.55,803.0,657.0,440.6
KPCL,8/30/2023,345.9,345.9,326.6,328.3,-3.44,2024.0,657.0,440.6
KPCL,9/3/2023,321.8,322.1,297.1,320.0,-2.53,16380.0,657.0,440.6
KPCL,9/4/2023,318.0,324.0,294.0,306.1,-4.34,8303.0,657.0,440.6
KPCL,9/5/2023,312.0,312.0,306.0,309.9,1.24,366.0,657.0,440.6
KPCL,9/7/2023,309.0,309.0,298.1,300.0,-3.19,1533.0,657.0,440.6
KPCL,9/10/2023,306.0,308.0,301.0,308.0,2.67,1691.0,657.0,440.6
KPCL,9/11/2023,301.9,323.0,300.0,323.0,4.87,22298.0,657.0,440.6
KPCL,9/12/2023,316.6,316.6,308.1,308.2,-4.58,996.0,657.0,440.6
KPCL,9/13/2023,303.2,325.0,303.2,321.3,4.25,2447.0,657.0,440.6
KPCL,9/17/2023,315.0,316.4,298.0,316.0,-1.65,2742.0,657.0,440.6
KPCL,9/18/2023,312.0,314.9,306.0,314.9,-0.35,679.0,657.0,440.6
KPCL,9/19/2023,309.1,325.3,308.7,325.3,3.3,4279.0,657.0,440.6
KPCL,9/21/2023,331.8,342.0,331.4,336.0,3.29,3105.0,657.0,440.6
KPCL,9/24/2023,329.4,342.7,329.3,334.0,-0.6,1534.0,657.0,440.6
KPCL,9/25/2023,330.0,337.0,328.3,335.0,0.3,1236.0,657.0,440.6
KPCL,9/26/2023,340.0,345.0,335.0,345.0,2.99,2265.0,657.0,440.6
KPCL,9/27/2023,351.9,351.9,337.0,338.0,-2.03,1240.0,657.0,440.6
KPCL,10/1/2023,344.7,344.7,324.6,335.9,-0.62,385.0,657.0,440.6
KPCL,10/2/2023,330.0,342.6,323.4,342.6,1.99,1601.0,657.0,440.6
KPCL,10/3/2023,336.0,347.0,323.3,346.9,1.26,199.0,657.0,440.6
KPCL,10/4/2023,340.0,346.0,322.6,339.9,-2.02,7137.0,657.0,440.6
KPCL,10/8/2023,346.6,346.6,315.0,325.0,-4.38,3548.0,657.0,440.6
KPCL,10/9/2023,318.7,325.0,313.0,319.0,-1.85,1648.0,657.0,440.6
KPCL,10/10/2023,313.0,324.0,296.3,319.0,0.0,7295.0,657.0,440.6
KPCL,10/11/2023,319.0,324.0,307.4,313.9,-1.6,647.0,657.0,440.6
KPCL,10/12/2023,320.1,320.1,284.0,299.0,-4.75,12879.0,657.0,440.6
KPCL,10/16/2023,293.1,298.0,288.1,297.0,-0.67,1124.0,657.0,440.6
KPCL,10/17/2023,302.0,307.9,272.4,288.2,-2.96,5881.0,657.0,440.6
KPCL,10/18/2023,284.0,300.6,284.0,300.6,4.3,1718.0,657.0,440.6
KPCL,10/19/2023,305.9,305.9,295.0,304.0,1.13,559.0,657.0,440.6
KPCL,10/29/2023,300.0,300.0,290.0,298.8,-1.71,653.0,657.0,440.6
KPCL,10/30/2023,304.7,308.9,290.9,296.7,-0.7,663.0,657.0,440.6
KPCL,10/31/2023,290.9,300.9,290.9,300.0,1.11,423.0,657.0,440.6
KPCL,11/1/2023,294.1,305.0,294.0,304.0,1.33,558.0,657.0,440.6
KPCL,11/2/2023,310.0,310.0,294.1,295.0,-2.96,623.0,657.0,440.6
KPCL,11/5/2023,295.0,295.0,285.0,290.0,-1.69,540.0,657.0,440.6
KPCL,11/6/2023,288.5,300.0,288.0,299.0,3.1,1845.0,657.0,440.6
KPCL,11/7/2023,304.0,304.0,293.1,295.0,-1.34,374.0,657.0,440.6
KPCL,11/8/2023,300.9,300.9,291.0,298.7,1.25,1937.0,657.0,440.6
KPCL,11/9/2023,298.0,298.0,292.0,295.0,-1.24,1933.0,657.0,440.6
KPCL,11/20/2023,296.0,305.8,295.0,305.0,3.39,2621.0,657.0,440.6
KPCL,11/21/2023,311.0,311.0,289.0,303.0,-0.66,1155.0,657.0,440.6
KPCL,11/22/2023,297.0,307.0,297.0,306.8,1.25,143.0,657.0,440.6
KPCL,11/23/2023,306.8,307.9,296.0,303.0,-1.24,4262.0,657.0,440.6
KPCL,11/26/2023,309.0,323.0,305.0,322.9,6.57,3594.0,657.0,440.6
KPCL,11/27/2023,329.3,329.3,315.0,325.0,0.65,9071.0,657.0,440.6
KPCL,11/28/2023,328.0,328.0,308.9,311.5,-4.15,1511.0,657.0,440.6
KPCL,11/29/2023,305.3,321.3,305.3,315.0,1.12,350.0,657.0,440.6
KPCL,11/30/2023,310.0,314.0,303.0,308.9,-1.94,1681.0,657.0,440.6
KPCL,12/3/2023,315.0,320.0,307.0,315.9,2.27,296.0,657.0,440.6
KPCL,12/4/2023,315.0,315.0,305.5,313.0,-0.92,1804.0,657.0,440.6
KPCL,12/5/2023,319.0,319.0,312.7,312.7,-0.1,540.0,657.0,440.6
KPCL,12/6/2023,306.5,307.0,301.0,307.0,-1.82,1841.0,657.0,440.6
KPCL,12/7/2023,301.0,316.2,300.0,309.0,0.65,4497.0,657.0,440.6
KPCL,12/10/2023,315.1,321.4,315.1,321.4,4.01,20.0,657.0,440.6
KPCL,12/11/2023,327.0,333.0,316.0,318.0,-1.06,3744.0,657.0,440.6
KPCL,12/12/2023,324.3,325.0,318.0,323.0,1.57,2498.0,657.0,440.6
KPCL,12/13/2023,329.4,339.8,323.1,338.0,4.64,8490.0,657.0,440.6
KPCL,12/14/2023,344.7,344.7,331.2,333.0,-1.48,5983.0,657.0,440.6
KPCL,12/17/2023,330.0,350.0,320.0,348.0,4.5,5500.0,657.0,440.6
KPCL,12/18/2023,354.9,365.0,346.0,347.1,-0.26,21609.0,657.0,440.6
KPCL,12/19/2023,354.0,354.0,337.3,348.0,0.26,10184.0,657.0,440.6
KPCL,12/20/2023,354.9,376.4,341.1,365.0,4.89,13511.0,657.0,440.6
KPCL,12/21/2023,372.0,372.0,350.0,356.0,-2.47,7215.0,657.0,440.6
KPCL,12/24/2023,363.1,391.6,363.1,391.6,10.0,72097.0,657.0,440.6
KPCL,12/27/2023,399.4,424.4,397.1,400.0,2.15,34659.0,657.0,440.6
KPCL,12/28/2023,408.0,408.0,392.2,395.0,-1.25,8599.0,657.0,440.6
KPCL,1/1/2024,402.9,402.9,380.0,384.3,-2.71,25631.0,657.0,440.6
KPCL,1/2/2024,391.9,407.6,368.0,368.0,-4.24,46998.0,657.0,440.6
KPCL,1/3/2024,341.2,345.5,331.3,343.0,-6.79,23296.0,657.0,440.6
KPCL,1/4/2024,349.8,377.3,347.0,377.3,10.0,32169.0,657.0,440.6
KPCL,1/7/2024,384.0,410.0,365.5,393.0,4.16,37967.0,657.0,440.6
KPCL,1/8/2024,386.0,432.0,386.0,432.0,9.92,34786.0,657.0,440.6
KPCL,1/9/2024,440.6,440.6,410.0,410.0,-5.09,22517.0,657.0,440.6
KPCL,1/10/2024,418.2,426.5,391.0,395.4,-3.56,24559.0,657.0,440.6
KPCL,1/11/2024,387.8,411.3,387.8,404.0,2.18,25294.0,657.0,440.6
KPCL,1/14/2024,410.0,444.4,407.0,444.4,10.0,47313.0,657.0,440.6
KPCL,1/16/2024,439.0,453.0,432.3,439.0,-1.22,20966.0,657.0,440.6
KPCL,1/17/2024,432.0,438.0,415.0,415.0,-5.47,39173.0,657.0,440.6
KPCL,1/18/2024,414.0,430.0,411.0,425.0,2.41,34436.0,657.0,440.6
KPCL,1/21/2024,417.0,432.4,416.0,425.0,0.0,18576.0,657.0,440.6
KPCL,1/22/2024,426.0,426.0,408.8,415.0,-2.35,7365.0,657.0,440.6
KPCL,1/23/2024,406.7,418.0,398.6,418.0,0.72,12046.0,657.0,440.6
KPCL,1/24/2024,410.0,425.9,406.1,418.0,0.0,6873.0,657.0,440.6
KPCL,1/25/2024,411.0,442.6,411.0,442.0,5.74,36491.0,657.0,440.6
KPCL,1/28/2024,433.2,450.8,424.0,433.3,-1.97,112758.0,657.0,440.6
KPCL,1/29/2024,428.3,467.0,428.1,467.0,7.78,28890.0,657.0,440.6
KPCL,1/30/2024,476.0,476.0,440.1,457.0,-2.14,16825.0,657.0,440.6
KPCL,1/31/2024,448.0,466.0,441.0,452.0,-1.09,43673.0,657.0,440.6
KPCL,2/1/2024,443.5,444.0,434.0,439.0,-2.88,21915.0,657.0,440.6
KPCL,2/4/2024,431.0,445.0,427.0,427.0,-2.73,12180.0,657.0,440.6
KPCL,2/5/2024,435.5,435.5,426.8,432.0,1.17,5240.0,657.0,440.6
KPCL,2/6/2024,424.3,438.0,424.3,438.0,1.39,43118.0,657.0,440.6
KPCL,2/7/2024,429.3,445.0,428.3,435.0,-0.68,10534.0,657.0,440.6
KPCL,2/8/2024,443.0,443.0,428.0,434.0,-0.23,10080.0,657.0,440.6
KPCL,2/11/2024,435.0,438.0,428.6,435.0,0.23,13276.0,657.0,440.6
KPCL,2/12/2024,435.0,440.0,430.0,437.0,0.46,11904.0,657.0,440.6
KPCL,2/13/2024,440.0,440.0,426.0,432.0,-1.14,33287.0,657.0,440.6
KPCL,2/14/2024,435.0,439.0,428.0,434.0,0.46,5047.0,657.0,440.6
KPCL,2/15/2024,434.0,440.0,425.0,430.0,-0.92,13550.0,657.0,440.6
KPCL,2/18/2024,421.4,438.0,416.5,424.0,-1.4,4934.0,657.0,440.6
KPCL,2/20/2024,416.7,420.0,412.8,412.9,-2.62,10500.0,657.0,440.6
KPCL,2/21/2024,421.0,421.0,408.5,414.9,0.48,4921.0,657.0,440.6
KPCL,2/22/2024,415.0,415.0,402.0,405.0,-2.39,8175.0,657.0,440.6
KPCL,2/25/2024,405.0,408.0,397.1,400.0,-1.23,2941.0,657.0,440.6
KPCL,2/26/2024,405.0,413.0,400.0,405.0,1.25,2707.0,657.0,440.6
KPCL,2/27/2024,410.0,413.0,404.0,409.0,0.99,1321.0,657.0,440.6
KPCL,2/28/2024,404.1,425.0,403.1,411.1,0.51,1260.0,657.0,440.6
KPCL,2/29/2024,403.3,409.0,395.0,400.0,-2.7,3679.0,657.0,440.6
KPCL,3/3/2024,392.0,410.0,392.0,410.0,2.5,2394.0,657.0,440.6
KPCL,3/4/2024,418.2,418.2,418.2,418.2,2.0,60.0,657.0,440.6
KPCL,3/5/2024,426.5,426.5,402.0,410.0,-1.96,5556.0,657.0,440.6
KPCL,3/6/2024,409.0,418.0,401.0,417.0,1.71,2878.0,657.0,440.6
KPCL,3/7/2024,425.3,440.0,408.0,415.0,-0.48,3249.0,657.0,440.6
KPCL,3/10/2024,415.0,417.9,410.0,414.0,-0.24,3198.0,657.0,440.6
KPCL,3/12/2024,422.0,422.2,404.0,414.7,0.17,6165.0,657.0,440.6
KPCL,3/13/2024,415.0,415.0,407.8,413.7,-0.24,3248.0,657.0,440.6
KPCL,3/14/2024,405.5,413.0,405.5,410.9,-0.68,1286.0,657.0,440.6
KPCL,3/17/2024,405.0,414.9,403.1,411.0,0.02,2482.0,657.0,440.6
KPCL,3/18/2024,403.1,410.9,403.1,410.9,-0.02,1980.0,657.0,440.6
KPCL,3/19/2024,403.2,411.0,403.2,411.0,0.02,3647.0,657.0,440.6
KPCL,3/20/2024,406.0,411.0,405.0,405.0,-1.46,4511.0,657.0,440.6
KPCL,3/21/2024,406.0,410.0,402.0,410.0,1.23,2706.0,657.0,440.6
KPCL,3/25/2024,405.0,409.0,402.0,408.9,-0.27,1783.0,657.0,440.6
KPCL,3/26/2024,407.5,431.0,401.0,431.0,5.4,26789.0,657.0,440.6
KPCL,3/27/2024,425.0,425.0,410.5,425.0,-1.39,27874.0,657.0,440.6
KPCL,3/28/2024,416.5,433.0,408.5,420.5,-1.06,49995.0,657.0,440.6
KPCL,3/31/2024,422.0,422.0,410.0,418.0,-0.59,4039.0,657.0,440.6
KPCL,4/1/2024,409.7,415.0,408.0,409.5,-2.03,1246.0,657.0,440.6
KPCL,4/2/2024,416.0,416.0,404.0,406.9,-0.63,4261.0,657.0,440.6
KPCL,4/3/2024,403.1,406.0,402.7,402.7,-1.03,6210.0,657.0,440.6
KPCL,4/4/2024,400.0,405.0,397.5,405.0,0.57,3054.0,657.0,440.6
KPCL,4/7/2024,401.0,409.0,401.0,409.0,0.99,3484.0,657.0,440.6
KPCL,4/9/2024,402.1,408.0,402.1,405.0,-0.98,6645.0,657.0,440.6
KPCL,4/10/2024,402.1,410.1,402.1,403.5,-0.37,3753.0,657.0,440.6
KPCL,4/14/2024,401.0,424.3,401.0,424.3,5.15,9370.0,657.0,440.6
KPCL,4/15/2024,416.0,416.0,403.0,407.0,-4.08,10282.0,657.0,440.6
KPCL,4/16/2024,400.0,407.0,399.2,405.0,-0.49,2040.0,657.0,440.6
KPCL,4/18/2024,407.0,408.0,400.0,400.0,-1.23,409.0,657.0,440.6
KPCL,4/21/2024,393.0,399.0,393.0,397.0,-0.75,2310.0,657.0,440.6
KPCL,4/22/2024,390.1,397.0,390.1,392.1,-1.23,1932.0,657.0,440.6
KPCL,4/24/2024,392.0,407.7,384.4,393.0,0.23,3196.0,657.0,440.6
KPCL,4/25/2024,395.0,399.0,391.5,392.1,-0.23,2648.0,657.0,440.6
KPCL,4/28/2024,392.0,396.0,385.0,396.0,0.99,3224.0,657.0,440.6
KPCL,4/29/2024,388.3,395.0,388.3,395.0,-0.25,5789.0,657.0,440.6
KPCL,4/30/2024,390.0,401.0,388.0,395.5,0.13,4024.0,657.0,440.6
KPCL,5/2/2024,400.0,405.0,392.5,392.8,-0.68,3976.0,657.0,440.6
KPCL,5/5/2024,393.0,394.0,385.2,389.1,-0.94,4277.0,657.0,440.6
KPCL,5/6/2024,381.4,394.0,381.4,387.0,-0.54,375.0,657.0,440.6
KPCL,5/7/2024,386.0,392.0,381.5,382.0,-1.29,1622.0,657.0,440.6
KPCL,5/8/2024,388.0,397.2,382.0,396.9,3.9,16825.0,657.0,440.6
KPCL,5/9/2024,389.1,395.0,383.2,387.3,-2.42,3314.0,657.0,440.6
KPCL,5/12/2024,391.0,397.8,385.0,394.0,1.73,1878.0,657.0,440.6
KPCL,5/13/2024,401.0,401.0,387.0,387.0,-1.78,1160.0,657.0,440.6
KPCL,5/14/2024,380.2,410.9,380.2,408.0,5.43,6098.0,657.0,440.6
KPCL,5/15/2024,414.9,415.0,404.8,404.8,-0.78,4441.0,657.0,440.6
KPCL,5/16/2024,412.8,421.0,405.0,413.3,2.1,15008.0,657.0,440.6
KPCL,5/19/2024,421.5,421.5,407.0,415.0,0.41,7473.0,657.0,440.6
KPCL,5/20/2024,420.0,420.0,412.0,412.0,-0.72,7252.0,657.0,440.6
KPCL,5/21/2024,419.8,447.9,399.0,447.0,8.5,299859.0,657.0,440.6
KPCL,5/22/2024,452.1,455.0,436.1,436.1,-2.44,18671.0,657.0,440.6
KPCL,5/26/2024,428.0,430.0,419.6,423.0,-3.0,56929.0,657.0,440.6
KPCL,5/27/2024,416.1,437.9,416.1,437.9,3.52,69566.0,657.0,440.6
KPCL,5/29/2024,446.6,446.6,424.0,429.9,-1.83,22716.0,657.0,440.6
KPCL,5/30/2024,422.0,447.0,422.0,434.4,1.05,34856.0,657.0,440.6
KPCL,6/2/2024,438.0,464.7,434.3,459.0,5.66,95133.0,657.0,440.6
KPCL,6/3/2024,468.0,468.0,431.9,452.9,-1.33,55085.0,657.0,440.6
KPCL,6/4/2024,460.0,460.0,435.2,447.8,-1.13,25679.0,657.0,440.6
KPCL,6/5/2024,439.0,456.0,429.5,439.0,-1.97,42509.0,657.0,440.6
KPCL,6/6/2024,431.1,444.4,431.1,443.5,1.03,63306.0,657.0,440.6
KPCL,6/9/2024,450.0,450.0,434.0,442.0,-0.34,41069.0,657.0,440.6
KPCL,6/10/2024,448.7,486.0,440.1,453.0,2.49,162595.0,657.0,440.6
KPCL,6/11/2024,462.0,490.0,462.0,484.9,7.04,124460.0,657.0,440.6
KPCL,6/12/2024,475.3,504.0,475.3,486.0,0.23,62102.0,657.0,440.6
KPCL,6/13/2024,488.5,495.0,470.2,478.9,-1.46,44886.0,657.0,440.6
KPCL,6/16/2024,470.1,482.4,468.1,468.6,-2.15,40586.0,657.0,440.6
KPCL,6/18/2024,460.0,465.0,451.3,460.0,-1.84,47941.0,657.0,440.6
KPCL,6/19/2024,451.1,469.0,451.0,451.0,-1.96,13663.0,657.0,440.6
KPCL,6/20/2024,459.9,477.0,445.1,460.0,2.0,32269.0,657.0,440.6
KPCL,6/23/2024,457.0,466.0,455.0,458.0,-0.43,28888.0,657.0,440.6
KPCL,6/24/2024,451.0,467.0,448.0,452.0,-1.31,36026.0,657.0,440.6
KPCL,6/25/2024,447.0,471.0,447.0,457.0,1.11,25040.0,657.0,440.6
KPCL,6/26/2024,453.1,483.0,453.1,462.0,1.09,49745.0,657.0,440.6
KPCL,6/27/2024,455.0,480.0,454.0,460.0,-0.43,33393.0,657.0,440.6
KPCL,6/30/2024,469.2,469.2,445.0,447.0,-2.83,13314.0,657.0,440.6
KPCL,7/1/2024,455.9,455.9,441.0,442.0,-1.12,15047.0,657.0,440.6
KPCL,7/2/2024,450.8,468.9,448.0,453.0,2.49,16409.0,657.0,440.6
KPCL,7/3/2024,445.1,457.9,445.1,457.9,1.08,19454.0,657.0,440.6
KPCL,7/4/2024,460.0,460.0,450.0,454.0,-0.85,72678.0,657.0,440.6
KPCL,7/7/2024,463.0,463.0,446.0,451.2,-0.62,10712.0,657.0,440.6
KPCL,7/8/2024,446.0,460.0,446.0,459.0,1.73,18892.0,657.0,440.6
KPCL,7/9/2024,455.0,456.5,450.0,453.0,-1.31,42812.0,657.0,440.6
KPCL,7/10/2024,460.0,460.0,446.1,452.0,-0.22,10225.0,657.0,440.6
KPCL,7/11/2024,445.1,459.0,445.1,453.5,0.33,65668.0,657.0,440.6
KPCL,7/14/2024,462.5,471.0,450.1,460.0,1.43,18630.0,657.0,440.6
KPCL,7/15/2024,460.0,478.0,451.0,465.0,1.09,52210.0,657.0,440.6
KPCL,7/16/2024,465.0,493.0,465.0,491.0,5.59,75249.0,657.0,440.6
KPCL,7/17/2024,500.8,510.0,490.0,495.0,0.81,53036.0,657.0,440.6
KPCL,7/18/2024,490.1,510.2,481.8,487.0,-1.62,67979.0,657.0,440.6
KPCL,7/21/2024,496.7,500.0,478.1,492.0,1.03,68813.0,657.0,440.6
KPCL,7/22/2024,501.8,529.0,492.0,524.0,6.5,118660.0,657.0,440.6
KPCL,7/23/2024,514.0,565.0,514.0,543.0,3.63,110399.0,657.0,440.6
KPCL,7/24/2024,546.0,553.0,520.0,540.0,-0.55,74929.0,657.0,440.6
KPCL,7/25/2024,530.0,534.0,509.6,519.4,-3.81,79233.0,657.0,440.6
KPCL,7/28/2024,529.7,550.0,505.0,520.0,0.12,49830.0,657.0,440.6
KPCL,7/29/2024,520.1,535.9,515.0,515.0,-0.96,46565.0,657.0,440.6
KPCL,7/30/2024,507.0,544.0,505.0,539.9,4.83,73409.0,657.0,440.6
KPCL,7/31/2024,549.0,563.0,531.0,534.0,-1.09,83048.0,657.0,440.6
KPCL,8/1/2024,538.0,538.0,517.5,530.0,-0.75,31280.0,657.0,440.6
KPCL,8/5/2024,520.0,550.0,511.0,534.0,0.75,42759.0,657.0,440.6
KPCL,8/6/2024,531.3,581.5,523.4,528.0,-1.12,114193.0,657.0,440.6
KPCL,8/7/2024,538.5,559.0,528.0,551.0,4.36,61648.0,657.0,440.6
KPCL,8/8/2024,562.0,562.0,540.0,545.0,-1.09,29812.0,657.0,440.6
KPCL,8/11/2024,555.9,561.0,540.0,559.0,2.57,65933.0,657.0,440.6
KPCL,8/12/2024,565.0,588.0,555.0,573.2,2.54,122725.0,657.0,440.6
KPCL,8/13/2024,575.0,580.0,555.1,565.0,-1.43,26920.0,657.0,440.6
KPCL,8/14/2024,555.0,573.2,550.0,570.0,0.88,40272.0,657.0,440.6
KPCL,8/15/2024,581.4,606.9,568.4,585.0,2.63,163114.0,657.0,440.6
KPCL,8/18/2024,576.0,589.0,558.0,563.0,-3.76,51176.0,657.0,440.6
KPCL,8/21/2024,574.0,583.0,557.1,557.1,-1.05,37295.0,657.0,440.6
KPCL,8/22/2024,559.0,568.2,546.0,555.9,-0.22,32787.0,657.0,440.6
KPCL,8/25/2024,555.0,560.0,533.0,536.0,-3.58,53495.0,657.0,440.6
KPCL,8/27/2024,536.2,536.2,510.0,513.0,-4.29,28841.0,657.0,440.6
KPCL,8/28/2024,522.9,530.0,504.2,514.0,0.19,23905.0,657.0,440.6
KPCL,8/29/2024,508.6,523.0,506.0,519.0,0.97,29955.0,657.0,440.6
KPCL,9/1/2024,510.0,520.0,504.7,513.0,-1.16,14712.0,657.0,440.6
KPCL,9/2/2024,502.8,545.0,502.8,545.0,6.24,19813.0,657.0,440.6
KPCL,9/3/2024,555.9,555.9,525.0,535.0,-1.83,19948.0,657.0,440.6
KPCL,9/4/2024,525.0,535.0,508.0,512.0,-4.3,17401.0,657.0,440.6
KPCL,9/5/2024,522.0,522.0,501.9,516.0,0.78,25233.0,657.0,440.6
KPCL,9/8/2024,505.8,514.9,500.2,501.0,-2.91,16562.0,657.0,440.6
KPCL,9/9/2024,505.0,505.0,480.0,484.5,-3.29,14730.0,657.0,440.6
KPCL,9/10/2024,475.3,499.0,475.3,480.0,-0.93,14755.0,657.0,440.6
KPCL,9/11/2024,481.0,484.0,470.3,470.5,-1.98,9790.0,657.0,440.6
KPCL,9/12/2024,470.0,508.0,465.3,504.0,7.12,13373.0,657.0,440.6
KPCL,9/15/2024,510.0,510.0,485.0,493.0,-2.18,15021.0,657.0,440.6
KPCL,9/16/2024,484.0,493.0,465.2,479.9,-2.66,9738.0,657.0,440.6
KPCL,9/18/2024,473.0,481.4,465.4,479.0,-0.19,6529.0,657.0,440.6
KPCL,9/22/2024,488.0,496.0,477.0,482.0,0.63,8100.0,657.0,440.6
KPCL,9/23/2024,482.0,482.0,466.0,467.0,-3.11,7130.0,657.0,440.6
KPCL,9/24/2024,458.1,485.5,452.0,455.0,-2.57,6563.0,657.0,440.6
KPCL,9/25/2024,454.0,465.0,452.2,464.0,1.98,4385.0,657.0,440.6
KPCL,9/26/2024,465.0,469.9,457.0,458.2,-1.25,6594.0,657.0,440.6
KPCL,9/29/2024,460.0,460.0,440.0,451.0,-1.57,4628.0,657.0,440.6
KPCL,9/30/2024,443.0,459.0,443.0,445.1,-1.31,3358.0,657.0,440.6
KPCL,10/1/2024,454.0,472.2,453.5,471.9,6.02,9823.0,657.0,440.6
KPCL,10/2/2024,462.5,491.6,460.0,473.0,0.23,9355.0,657.0,440.6
KPCL,10/6/2024,475.0,486.0,471.2,485.8,2.71,14817.0,657.0,440.6
KPCL,10/7/2024,487.0,503.8,484.0,490.0,0.86,11384.0,657.0,440.6
KPCL,10/8/2024,490.0,497.0,478.9,488.0,-0.41,4323.0,657.0,440.6
KPCL,10/9/2024,488.0,495.0,480.1,493.0,1.02,2284.0,657.0,440.6
KPCL,10/15/2024,484.3,495.0,484.3,495.0,0.41,260.0,657.0,440.6
KPCL,10/16/2024,504.8,510.0,489.0,505.0,2.02,14118.0,657.0,440.6
KPCL,10/17/2024,505.0,514.0,495.0,506.0,0.2,13507.0,657.0,440.6
KPCL,10/20/2024,495.9,505.8,487.0,497.7,-1.64,11661.0,657.0,440.6
KPCL,10/21/2024,488.0,489.0,480.2,489.0,-1.75,4447.0,657.0,440.6
KPCL,10/22/2024,489.0,515.0,479.5,493.8,0.98,2956.0,657.0,440.6
KPCL,10/23/2024,495.0,500.0,485.1,493.0,-0.16,7426.0,657.0,440.6
KPCL,10/24/2024,483.2,502.7,483.2,497.0,0.81,6955.0,657.0,440.6
KPCL,10/27/2024,506.0,506.0,486.0,493.0,-0.8,1185.0,657.0,440.6
KPCL,10/28/2024,502.0,502.8,486.1,500.0,1.42,3518.0,657.0,440.6
KPCL,10/29/2024,507.9,510.0,490.0,505.8,1.16,22204.0,657.0,440.6
KPCL,10/30/2024,498.0,513.0,496.1,500.0,-1.15,7615.0,657.0,440.6
KPCL,11/5/2024,495.0,524.0,495.0,508.0,1.6,6566.0,657.0,440.6
KPCL,11/6/2024,500.2,514.0,500.0,500.0,-1.57,16788.0,657.0,440.6
KPCL,11/10/2024,500.0,537.5,495.0,537.5,7.5,34265.0,657.0,440.6
KPCL,11/11/2024,532.0,541.9,522.0,537.9,0.07,24323.0,657.0,440.6
KPCL,11/12/2024,538.0,548.0,519.0,532.0,-1.1,12539.0,657.0,440.6
KPCL,11/13/2024,532.0,532.0,520.0,520.0,-2.26,10191.0,657.0,440.6
KPCL,11/14/2024,530.0,561.0,518.0,539.0,3.65,26796.0,657.0,440.6
KPCL,11/17/2024,545.0,554.0,538.0,548.0,1.67,40085.0,657.0,440.6
KPCL,11/19/2024,555.0,555.0,522.1,523.0,-4.56,16823.0,657.0,440.6
KPCL,11/20/2024,516.0,532.0,516.0,530.0,1.34,6630.0,657.0,440.6
KPCL,11/21/2024,535.0,536.0,526.0,530.0,0.0,16935.0,657.0,440.6
KPCL,11/24/2024,520.3,537.0,520.2,531.9,0.36,12239.0,657.0,440.6
KPCL,11/25/2024,524.0,533.0,523.0,528.1,-0.71,7479.0,657.0,440.6
KPCL,11/26/2024,535.0,559.0,535.0,555.0,5.09,58311.0,657.0,440.6
KPCL,11/27/2024,559.9,560.0,550.0,555.0,0.0,31898.0,657.0,440.6
KPCL,11/28/2024,555.0,558.7,546.0,547.0,-1.44,28329.0,657.0,440.6
KPCL,12/1/2024,537.0,548.0,536.1,545.0,-0.37,35057.0,657.0,440.6
KPCL,12/2/2024,536.7,554.0,536.6,547.9,0.53,46622.0,657.0,440.6
KPCL,12/3/2024,551.0,560.0,543.1,556.0,1.48,41738.0,657.0,440.6
KPCL,12/4/2024,554.9,574.0,552.2,566.0,1.8,64940.0,657.0,440.6
KPCL,12/5/2024,555.0,571.2,549.0,550.0,-2.83,39191.0,657.0,440.6
KPCL,12/8/2024,540.2,556.9,529.4,540.0,-1.82,28890.0,657.0,440.6
KPCL,12/9/2024,545.0,546.0,530.0,534.9,-0.94,12012.0,657.0,440.6
KPCL,12/10/2024,531.0,541.0,527.5,540.0,0.95,17101.0,657.0,440.6
KPCL,12/11/2024,531.2,555.0,531.2,546.0,1.11,21187.0,657.0,440.6
KPCL,12/12/2024,553.0,553.0,537.2,537.2,-1.61,25864.0,657.0,440.6
KPCL,12/16/2024,536.0,538.9,527.2,537.0,-0.04,14423.0,657.0,440.6
KPCL,12/17/2024,526.4,538.0,526.4,533.0,-0.74,13013.0,657.0,440.6
KPCL,12/18/2024,530.2,537.0,526.0,530.0,-0.56,6205.0,657.0,440.6
KPCL,12/19/2024,523.1,539.7,522.0,527.0,-0.57,18695.0,657.0,440.6
KPCL,12/22/2024,517.1,532.0,517.1,529.0,0.38,8165.0,657.0,440.6
KPCL,12/23/2024,522.0,532.6,512.0,528.0,-0.19,6810.0,657.0,440.6
KPCL,12/24/2024,536.0,537.0,520.0,520.0,-1.52,16620.0,657.0,440.6
KPCL,12/26/2024,515.1,528.0,515.1,527.8,1.5,7754.0,657.0,440.6
KPCL,12/29/2024,524.9,530.0,521.0,524.9,-0.55,8753.0,657.0,440.6
KPCL,12/31/2024,530.0,530.0,510.0,515.0,-1.89,18599.0,657.0,440.6
KPCL,1/1/2025,515.0,522.0,513.0,522.0,1.36,5135.0,657.0,440.6
KPCL,1/2/2025,529.0,544.0,518.5,539.0,3.26,24940.0,657.0,440.6
KPCL,1/5/2025,500.0,509.0,490.0,500.0,-7.24,3715.0,657.0,440.6
KPCL,1/6/2025,492.2,535.0,492.1,531.9,6.38,30428.0,657.0,440.6
KPCL,1/7/2025,521.6,539.0,511.0,529.9,-0.38,12377.0,657.0,440.6
KPCL,1/8/2025,519.4,537.0,519.4,534.3,0.83,16870.0,657.0,440.6
KPCL,1/9/2025,536.0,555.0,526.1,555.0,3.87,55855.0,657.0,440.6
KPCL,1/12/2025,555.0,555.0,530.5,535.0,-3.6,24480.0,657.0,440.6
KPCL,1/13/2025,545.7,545.7,520.0,528.0,-1.31,18291.0,657.0,440.6
KPCL,1/15/2025,538.0,560.0,527.8,548.0,3.79,65048.0,657.0,440.6
KPCL,1/16/2025,551.1,560.0,550.7,557.0,1.64,55408.0,657.0,440.6
KPCL,1/19/2025,566.0,566.0,551.0,557.4,0.07,40108.0,657.0,440.6
KPCL,1/20/2025,560.0,564.0,546.2,556.0,-0.25,33843.0,657.0,440.6
KPCL,1/21/2025,567.1,567.1,530.0,540.0,-2.88,68341.0,657.0,440.6
KPCL,1/22/2025,540.0,558.0,533.0,554.0,2.59,35379.0,657.0,440.6
KPCL,1/23/2025,565.0,565.0,548.0,553.9,-0.02,35612.0,657.0,440.6
KPCL,1/26/2025,558.0,569.0,552.0,562.9,1.62,57276.0,657.0,440.6
KPCL,1/27/2025,572.0,572.0,551.9,555.0,-1.4,33866.0,657.0,440.6
KPCL,1/28/2025,555.0,580.0,555.0,558.0,0.54,54497.0,657.0,440.6
KPCL,2/2/2025,569.0,571.0,560.0,562.1,0.73,64184.0,657.0,440.6
KPCL,2/3/2025,573.0,586.0,565.6,585.0,4.07,89336.0,657.0,440.6
KPCL,2/4/2025,587.0,643.5,577.0,632.1,8.05,188121.0,657.0,440.6
KPCL,2/5/2025,644.0,652.4,611.6,625.5,-1.04,224442.0,657.0,440.6
KPCL,2/6/2025,637.0,637.0,603.7,609.0,-2.64,71254.0,657.0,440.6
KPCL,2/9/2025,600.0,617.0,594.0,599.9,-1.49,68572.0,657.0,440.6
KPCL,2/10/2025,603.0,603.0,583.0,586.0,-2.32,74506.0,657.0,440.6
KPCL,2/11/2025,597.7,602.0,585.0,590.0,0.68,111399.0,657.0,440.6
KPCL,2/12/2025,601.0,601.0,583.5,590.0,0.0,56309.0,657.0,440.6
KPCL,2/13/2025,586.0,590.0,580.3,583.0,-1.19,32427.0,657.0,440.6
KPCL,2/16/2025,590.0,615.0,581.0,609.0,4.46,110214.0,657.0,440.6
KPCL,2/17/2025,617.0,628.0,609.1,609.1,0.02,110130.0,657.0,440.6
KPCL,2/18/2025,614.0,614.0,594.2,595.0,-2.31,70864.0,657.0,440.6
KPCL,2/20/2025,604.0,606.9,582.0,588.0,-1.18,92472.0,657.0,440.6
KPCL,2/23/2025,585.0,597.0,580.0,582.3,-0.97,56673.0,657.0,440.6
KPCL,2/24/2025,590.0,590.0,575.0,575.2,-1.22,60815.0,657.0,440.6
KPCL,2/25/2025,579.0,585.0,575.0,579.0,0.66,33321.0,657.0,440.6
KPCL,2/27/2025,575.0,588.4,573.0,582.0,0.52,22075.0,657.0,440.6
KPCL,3/2/2025,590.0,595.0,583.1,589.8,1.34,24115.0,657.0,440.6
KPCL,3/3/2025,590.1,590.1,570.5,575.0,-2.51,25628.0,657.0,440.6
KPCL,3/4/2025,577.0,597.7,560.0,560.8,-2.47,47880.0,657.0,440.6
KPCL,3/5/2025,571.0,580.0,557.6,565.0,0.75,26282.0,657.0,440.6
KPCL,3/6/2025,574.0,574.0,560.0,561.0,-0.71,23048.0,657.0,440.6
KPCL,3/9/2025,561.1,572.0,560.1,565.9,0.87,19266.0,657.0,440.6
KPCL,3/10/2025,574.0,581.0,550.0,554.0,-2.1,30523.0,657.0,440.6
KPCL,3/11/2025,565.0,576.0,545.0,549.9,-0.74,20912.0,657.0,440.6
KPCL,3/12/2025,560.8,560.8,543.9,550.0,0.02,13379.0,657.0,440.6
KPCL,3/16/2025,560.0,560.0,545.0,548.5,-0.27,16114.0,657.0,440.6
KPCL,3/17/2025,546.0,554.0,545.2,546.0,-0.46,5932.0,657.0,440.6
KPCL,3/18/2025,546.0,550.0,536.1,544.0,-0.37,15434.0,657.0,440.6
KPCL,3/19/2025,544.0,549.9,535.0,547.0,0.55,24318.0,657.0,440.6
KPCL,3/20/2025,557.5,557.5,545.0,545.24,-0.32,15054.0,657.0,440.6
KPCL,3/23/2025,537.1,550.0,519.0,519.77,-4.67,18199.0,657.0,440.6
KPCL,3/24/2025,521.0,539.4,515.0,525.63,1.13,12318.0,657.0,440.6
KPCL,3/25/2025,525.0,525.0,506.0,511.66,-2.66,8579.0,657.0,440.6
KPCL,3/26/2025,519.8,522.0,507.7,519.0,1.43,9053.0,657.0,440.6
KPCL,3/27/2025,510.0,526.0,510.0,521.71,0.52,3750.0,657.0,440.6
KPCL,3/30/2025,527.0,540.0,521.0,528.34,1.27,18439.0,657.0,440.6
KPCL,4/1/2025,535.0,535.0,519.0,521.0,-1.39,10372.0,657.0,440.6
KPCL,4/2/2025,514.0,530.0,514.0,524.41,0.65,11463.0,657.0,440.6
KPCL,4/3/2025,533.1,533.1,520.0,524.25,-0.03,14371.0,657.0,440.6
KPCL,4/7/2025,524.0,534.0,514.0,515.39,-1.69,9793.0,657.0,440.6
KPCL,4/8/2025,508.0,524.0,508.0,519.14,0.73,5918.0,657.0,440.6
KPCL,4/9/2025,528.0,540.0,526.2,531.46,2.37,12126.0,657.0,440.6
KPCL,4/10/2025,521.0,530.0,520.0,522.06,-1.77,10581.0,657.0,440.6
KPCL,4/13/2025,532.0,532.0,515.1,520.87,-0.23,2337.0,657.0,440.6
KPCL,4/15/2025,531.0,535.0,521.0,534.08,2.54,9047.0,657.0,440.6
KPCL,4/16/2025,534.9,562.0,530.0,555.81,4.07,30361.0,657.0,440.6
KPCL,4/17/2025,556.0,600.0,551.2,554.85,-0.17,34584.0,657.0,440.6
KPCL,4/20/2025,555.0,560.0,540.6,544.01,-1.95,12838.0,657.0,440.6
KPCL,4/21/2025,536.5,587.0,535.0,539.15,-0.89,18364.0,657.0,440.6
KPCL,4/22/2025,539.15,553.5,539.15,541.92,0.51,17301.0,657.0,440.6
KPCL,4/23/2025,550.0,550.0,530.1,532.31,-1.77,14883.0,657.0,440.6
KPCL,4/24/2025,540.0,542.0,519.0,534.18,0.35,19313.0,657.0,440.6
KPCL,4/27/2025,530.3,543.0,525.1,526.68,-1.4,19397.0,657.0,440.6
KPCL,4/28/2025,537.1,537.2,523.5,524.33,-0.45,21835.0,657.0,440.6
KPCL,4/29/2025,518.0,540.0,518.0,529.66,1.02,30233.0,657.0,440.6
KPCL,4/30/2025,530.0,540.0,519.1,529.23,-0.08,30138.0,657.0,440.6
KPCL,5/4/2025,539.8,539.9,525.0,528.42,-0.15,8661.0,657.0,440.6
KPCL,5/5/2025,519.0,533.0,519.0,528.08,-0.06,5659.0,657.0,440.6
KPCL,5/6/2025,535.0,552.8,528.0,549.28,4.01,46867.0,657.0,440.6
KPCL,5/7/2025,558.0,566.0,552.0,554.47,0.94,35112.0,657.0,440.6
KPCL,5/8/2025,565.5,565.5,550.0,556.32,0.33,39529.0,657.0,440.6
KPCL,5/11/2025,547.1,569.8,544.1,546.97,-1.68,12266.0,657.0,440.6
KPCL,5/13/2025,557.0,557.0,534.0,535.36,-2.12,18512.0,657.0,440.6
KPCL,5/14/2025,545.0,545.0,521.5,524.15,-2.09,18765.0,657.0,440.6
KPCL,5/15/2025,534.0,534.0,519.0,521.9,-0.43,9602.0,657.0,440.6
KPCL,5/18/2025,527.0,530.4,519.5,523.22,0.25,9937.0,657.0,440.6
KPCL,5/19/2025,533.0,533.0,523.0,529.79,1.26,9059.0,657.0,440.6
KPCL,5/20/2025,520.0,535.0,520.0,533.38,0.68,10359.0,657.0,440.6
KPCL,5/21/2025,544.0,554.0,526.1,528.34,-0.94,14812.0,657.0,440.6
KPCL,5/22/2025,537.0,558.0,520.0,522.43,-1.12,6467.0,657.0,440.6
KPCL,5/25/2025,532.8,542.1,516.0,521.56,-0.17,5125.0,657.0,440.6
KPCL,5/26/2025,531.9,539.9,518.0,518.85,-0.52,6147.0,657.0,440.6
KPCL,5/27/2025,518.0,536.0,518.0,526.61,1.5,39731.0,657.0,440.6
KPCL,5/28/2025,537.1,558.0,520.5,526.07,-0.1,8669.0,657.0,440.6
KPCL,6/2/2025,536.5,545.0,518.0,518.76,-1.39,26121.0,657.0,440.6
KPCL,6/3/2025,515.0,521.0,512.0,515.8,-0.57,22736.0,657.0,440.6
KPCL,6/4/2025,511.5,521.7,511.5,514.67,-0.22,8189.0,657.0,440.6
KPCL,6/5/2025,517.0,519.9,511.1,515.24,0.11,2953.0,657.0,440.6
KPCL,6/8/2025,511.1,520.0,511.1,512.05,-0.62,16301.0,657.0,440.6
KPCL,6/9/2025,522.0,542.0,518.0,527.78,3.07,8756.0,657.0,440.6
KPCL,6/10/2025,537.9,537.9,524.0,524.45,-0.63,12554.0,657.0,440.6
KPCL,6/11/2025,533.0,537.0,518.1,527.79,0.64,27878.0,657.0,440.6
KPCL,6/12/2025,524.0,566.0,524.0,548.06,3.84,71033.0,657.0,440.6
KPCL,6/15/2025,553.0,571.2,550.0,569.78,3.96,50240.0,657.0,440.6
KPCL,6/16/2025,573.0,586.5,559.0,562.28,-1.32,77173.0,657.0,440.6
KPCL,6/17/2025,573.0,573.0,546.0,547.32,-2.66,16628.0,657.0,440.6
KPCL,6/18/2025,558.0,574.9,537.0,559.13,2.16,27940.0,657.0,440.6
KPCL,6/19/2025,565.0,566.9,541.1,542.85,-2.91,33940.0,657.0,440.6
KPCL,6/22/2025,542.0,550.0,533.0,533.81,-1.67,8387.0,657.0,440.6
KPCL,6/23/2025,538.0,574.0,528.0,558.17,4.56,41483.0,657.0,440.6
KPCL,6/24/2025,547.0,591.9,547.0,563.95,1.04,40315.0,657.0,440.6
KPCL,6/25/2025,566.0,572.0,555.5,570.03,1.08,19073.0,657.0,440.6
KPCL,6/26/2025,579.9,592.0,565.1,575.33,0.93,130231.0,657.0,440.6
KPCL,6/29/2025,575.0,586.0,564.0,567.06,-1.44,33559.0,657.0,440.6
KPCL,6/30/2025,578.0,578.0,544.9,547.65,-3.42,53869.0,657.0,440.6
KPCL,7/1/2025,540.1,557.0,540.1,550.4,0.5,17829.0,657.0,440.6
KPCL,7/2/2025,560.0,581.9,552.1,554.87,0.81,17739.0,657.0,440.6
KPCL,7/3/2025,546.1,565.0,546.1,548.68,-1.12,19152.0,657.0,440.6
KPCL,7/6/2025,550.0,558.0,539.0,542.61,-1.11,14883.0,657.0,440.6
KPCL,7/7/2025,550.0,553.0,537.0,537.93,-0.86,15483.0,657.0,440.6
KPCL,7/8/2025,536.0,542.1,530.0,532.37,-1.03,16461.0,657.0,440.6
KPCL,7/9/2025,540.0,545.0,534.1,540.98,1.62,8572.0,657.0,440.6
KPCL,7/10/2025,540.0,540.0,531.0,534.15,-1.26,20278.0,657.0,440.6
KPCL,7/13/2025,544.8,544.8,530.1,531.67,-0.46,6861.0,657.0,440.6
KPCL,7/14/2025,521.1,543.0,521.1,533.37,0.32,8260.0,657.0,440.6
KPCL,7/15/2025,522.8,549.0,522.8,540.44,1.33,4862.0,657.0,440.6
KPCL,7/16/2025,529.7,545.0,529.7,542.62,0.4,16251.0,657.0,440.6
KPCL,7/17/2025,531.8,575.0,531.8,554.54,2.2,50439.0,657.0,440.6
KPCL,7/20/2025,562.0,574.0,550.0,554.63,0.02,24381.0,657.0,440.6
KPCL,7/21/2025,543.6,580.0,543.6,573.21,3.35,45307.0,657.0,440.6
KPCL,7/22/2025,584.0,610.0,581.0,602.51,5.11,204888.0,657.0,440.6
KPCL,7/23/2025,590.5,635.4,590.5,630.91,4.71,133478.0,657.0,440.6
KPCL,7/24/2025,643.5,669.0,605.8,648.22,2.74,118843.0,657.0,440.6
KPCL,7/27/2025,661.1,693.0,600.0,685.78,5.79,1351800.0,657.0,440.6
KPCL,7/28/2025,672.1,708.0,660.0,680.74,-0.73,248077.0,657.0,440.6
KPCL,7/29/2025,684.0,711.0,642.0,670.75,-1.47,754377.0,657.0,440.6
KPCL,7/30/2025,658.0,658.0,628.2,630.46,-6.01,402939.0,657.0,440.6
KPCL,7/31/2025,637.1,637.1,611.0,618.08,-1.96,150741.0,657.0,440.6
KPCL,8/3/2025,607.0,631.3,607.0,616.67,-0.23,153110.0,657.0,440.6
KPCL,8/4/2025,628.0,649.9,622.3,638.65,3.56,474187.0,657.0,440.6
KPCL,8/5/2025,645.0,651.4,622.0,624.42,-2.23,343594.0,657.0,440.6
KPCL,8/6/2025,627.0,632.0,611.0,614.65,-1.56,226719.0,657.0,440.6
KPCL,8/7/2025,615.0,625.8,601.0,607.26,-1.2,171324.0,657.0,440.6
KPCL,8/11/2025,595.2,618.6,580.0,585.14,-3.64,190193.0,657.0,440.6
KPCL,8/12/2025,575.1,608.0,575.1,599.02,2.37,94990.0,657.0,440.6
KPCL,8/13/2025,607.8,610.0,588.0,588.59,-1.74,38507.0,657.0,440.6
KPCL,8/14/2025,598.0,598.9,570.5,581.28,-1.24,71792.0,657.0,440.6
KPCL,8/17/2025,580.1,626.9,577.0,615.9,5.96,298042.0,657.0,440.6
KPCL,8/18/2025,617.0,644.3,616.0,623.73,1.27,286901.0,657.0,440.6
KPCL,8/19/2025,630.0,632.0,604.0,608.59,-2.43,169333.0,657.0,440.6
KPCL,8/20/2025,611.9,617.0,596.6,598.83,-1.6,66406.0,657.0,440.6
KPCL,8/21/2025,600.0,604.5,589.1,590.74,-1.35,93292.0,657.0,440.6
KPCL,8/24/2025,597.0,600.0,577.0,580.21,-1.78,70714.0,657.0,440.6
KPCL,8/25/2025,581.5,599.0,574.0,583.49,0.57,133144.0,657.0,440.6
KPCL,8/26/2025,580.2,591.0,563.5,585.39,0.33,148696.0,657.0,440.6
KPCL,8/27/2025,585.0,603.8,575.0,587.2,0.31,107521.0,657.0,440.6
KPCL,8/28/2025,591.3,594.0,574.9,575.63,-1.97,81542.0,657.0,440.6
KPCL,8/31/2025,564.2,585.0,564.2,566.28,-1.62,68481.0,657.0,440.6
KPCL,9/1/2025,567.0,574.9,564.0,568.9,0.46,48340.0,657.0,440.6
KPCL,9/2/2025,565.0,573.9,548.0,560.12,-1.54,62006.0,657.0,440.6
KPCL,9/3/2025,571.3,571.3,544.0,547.42,-2.27,59296.0,657.0,440.6
KPCL,9/4/2025,543.0,565.0,543.0,562.02,2.67,77215.0,657.0,440.6
KPCL,9/7/2025,569.8,570.0,555.0,556.31,-1.02,35616.0,657.0,440.6
KPCL,9/8/2025,545.3,573.0,541.0,542.52,-2.48,41305.0,657.0,440.6
KPCL,9/18/2025,532.0,532.0,491.0,501.4,-7.58,5870.0,657.0,440.6
KPCL,9/21/2025,501.0,551.5,501.0,546.25,8.94,64089.0,657.0,440.6
KPCL,9/23/2025,557.1,600.0,546.0,600.0,9.84,87582.0,657.0,440.6
KPCL,9/24/2025,588.0,658.0,580.0,595.0,-0.83,99386.0,657.0,440.6
KPCL,9/25/2025,585.0,640.0,571.4,635.0,6.72,123995.0,657.0,440.6
KPCL,9/28/2025,622.3,622.3,589.0,602.0,-5.2,75555.0,657.0,440.6
KPCL,10/7/2025,591.0,599.9,563.0,569.0,-5.48,30995.0,657.0,440.6
KPCL,10/8/2025,566.0,619.0,558.8,571.0,0.35,242182.0,657.0,440.6
KPCL,10/9/2025,582.4,600.0,561.2,573.0,0.35,31830.0,657.0,440.6
KPCL,10/12/2025,573.0,573.0,535.0,540.2,-5.72,42887.0,657.0,440.6
KPCL,10/13/2025,535.0,560.0,533.0,559.9,3.65,83287.0,657.0,440.6
KPCL,10/14/2025,560.0,567.9,546.0,548.5,-2.04,20696.0,657.0,440.6
KPCL,10/15/2025,557.7,557.7,536.0,536.0,-2.28,14871.0,657.0,440.6
KPCL,10/16/2025,546.7,555.0,530.0,537.8,0.34,22875.0,657.0,440.6
KPCL,10/19/2025,528.1,550.0,528.0,536.0,-0.33,9600.0,657.0,440.6
KPCL,10/26/2025,530.0,555.5,530.0,555.5,3.64,12047.0,657.0,440.6
KPCL,10/28/2025,555.0,591.6,555.0,583.1,4.97,63877.0,657.0,440.6
KPCL,10/29/2025,592.0,599.0,574.0,575.0,-1.39,38930.0,657.0,440.6
KPCL,10/30/2025,569.9,627.0,568.2,597.9,3.98,114234.0,657.0,440.6
KPCL,11/2/2025,604.0,657.0,588.0,601.5,0.6,167503.0,657.0,440.6
KPCL,11/3/2025,597.8,597.8,576.1,580.1,-3.56,51424.0,657.0,440.6
KPCL,11/4/2025,568.5,625.0,568.5,577.0,-0.53,69218.0,657.0,440.6
KPCL,11/5/2025,584.8,584.8,564.0,570.0,-1.21,28319.0,657.0,440.6
KPCL,11/6/2025,558.6,581.0,558.6,560.0,-1.75,44102.0,657.0,440.6
KPCL,11/9/2025,568.9,568.9,547.0,551.0,-1.61,50846.0,657.0,440.6
KPCL,11/10/2025,560.0,560.0,545.3,550.0,-0.18,26953.0,657.0,440.6
KPCL,11/11/2025,539.0,559.0,539.0,550.6,0.11,18274.0,657.0,440.6
KPCL,11/12/2025,549.1,554.0,547.0,550.0,-0.11,28800.0,657.0,440.6
KPCL,11/13/2025,539.0,562.9,539.0,552.2,0.4,34372.0,657.0,440.6
KPCL,11/16/2025,552.0,563.0,548.0,549.8,-0.43,24067.0,657.0,440.6
KPCL,11/17/2025,550.0,589.0,550.0,563.8,2.55,54140.0,657.0,440.6
KPCL,11/18/2025,565.0,569.9,560.0,563.8,0.0,19644.0,657.0,440.6
KPCL,11/19/2025,570.0,570.0,548.8,554.0,-1.74,24549.0,657.0,440.6
KPCL,11/20/2025,547.0,552.0,546.3,549.0,-0.9,26418.0,657.0,440.6
KPCL,11/23/2025,551.0,559.8,549.0,558.0,1.64,17641.0,657.0,440.6
KPCL,11/24/2025,564.7,564.7,556.0,556.2,-0.32,22716.0,657.0,440.6
KPCL,11/25/2025,556.0,560.0,553.0,560.0,0.68,39905.0,657.0,440.6
KPCL,11/26/2025,552.0,562.0,552.0,559.0,-0.18,18480.0,657.0,440.6
KPCL,11/27/2025,561.0,561.0,550.3,553.0,-1.07,38828.0,657.0,440.6
KPCL,11/30/2025,551.0,565.0,551.0,552.0,-0.18,45254.0,657.0,440.6
KPCL,12/1/2025,553.4,560.0,552.0,556.1,0.74,28163.0,657.0,440.6
KPCL,12/2/2025,556.2,561.9,554.0,561.0,0.88,33636.0,657.0,440.6
KPCL,12/3/2025,567.0,570.0,555.0,559.0,-0.36,68416.0,657.0,440.6
KPCL,12/7/2025,558.0,563.0,548.1,548.1,-1.95,27528.0,657.0,440.6
KPCL,12/8/2025,548.0,556.0,542.0,542.0,-1.11,29695.0,657.0,440.6
KPCL,12/9/2025,540.0,548.7,540.0,543.0,0.18,18766.0,657.0,440.6
KPCL,12/10/2025,540.3,549.0,540.3,545.0,0.37,22256.0,657.0,440.6
KPCL,12/11/2025,534.1,550.0,534.1,540.5,-0.83,26758.0,657.0,440.6
KPCL,12/14/2025,540.1,551.0,536.0,536.2,-0.8,22187.0,657.0,440.6
KPCL,12/15/2025,537.0,541.0,536.1,538.0,0.34,12897.0,657.0,440.6
KPCL,12/16/2025,538.0,557.0,537.0,545.0,1.3,18366.0,657.0,440.6
KPCL,12/17/2025,540.0,550.0,540.0,550.0,0.92,21584.0,657.0,440.6
KPCL,12/18/2025,550.0,552.9,543.0,543.3,-1.22,14552.0,657.0,440.6
KPCL,12/21/2025,545.0,545.0,538.0,542.0,-0.24,17020.0,657.0,440.6
KPCL,12/22/2025,543.0,546.8,534.0,534.0,-1.48,19079.0,657.0,440.6
KPCL,12/23/2025,539.9,539.9,535.3,538.9,0.92,6682.0,657.0,440.6
KPCL,12/24/2025,545.6,545.6,531.6,531.6,-1.35,12428.0,657.0,440.6
KPCL,12/28/2025,542.0,546.0,534.0,544.7,2.46,16183.0,657.0,440.6
KPCL,12/29/2025,550.0,550.0,540.0,545.0,0.06,17894.0,657.0,440.6
KPCL,12/31/2025,549.0,549.0,537.0,543.0,-0.37,48168.0,657.0,440.6
KPCL,1/1/2026,543.0,575.0,539.1,568.0,4.6,41716.0,657.0,440.6
KPCL,1/4/2026,531.0,531.0,518.0,518.2,-8.77,38263.0,657.0,440.6
KPCL,1/5/2026,522.0,570.0,519.0,560.0,8.07,73496.0,657.0,440.6
KPCL,1/6/2026,548.8,548.8,520.0,541.0,-3.39,46759.0,657.0,440.6
KPCL,1/7/2026,540.0,540.0,527.0,527.7,-2.46,6138.0,657.0,440.6
KPCL,1/8/2026,530.0,530.0,521.0,524.0,-0.7,10946.0,657.0,440.6
KPCL,1/12/2026,523.0,527.0,515.0,515.0,-1.72,36873.0,657.0,440.6
KPCL,1/13/2026,520.0,523.1,517.0,520.0,0.97,13683.0,657.0,440.6
KPCL,1/14/2026,530.4,530.4,518.0,523.5,0.67,19932.0,657.0,440.6
KPCL,1/18/2026,524.9,539.9,524.9,534.9,2.18,35986.0,657.0,440.6
KPCL,1/20/2026,545.5,572.0,543.0,569.9,6.54,244297.0,657.0,440.6
KPCL,1/21/2026,560.0,626.0,550.0,626.0,9.84,274301.0,657.0,440.6
KPCL,1/22/2026,613.5,613.5,565.0,586.9,-6.25,194616.0,657.0,440.6
KPCL,1/25/2026,575.2,633.4,565.0,575.0,-2.03,222018.0,657.0,440.6
KPCL,1/26/2026,570.0,621.0,558.0,558.0,-2.96,152959.0,657.0,440.6
KPCL,1/27/2026,546.9,567.0,546.7,546.7,-2.03,92053.0,657.0,440.6
KPCL,1/28/2026,555.0,555.0,543.0,553.0,1.15,91951.0,657.0,440.6
KPCL,1/29/2026,555.0,608.0,550.0,599.0,8.32,125553.0,657.0,440.6
KPCL,2/1/2026,587.1,587.1,548.0,555.0,-7.35,65933.0,657.0,440.6
KPCL,2/2/2026,545.1,556.0,541.0,542.1,-2.32,58233.0,657.0,440.6
KPCL,2/3/2026,542.1,549.0,540.0,540.0,-0.39,41676.0,657.0,440.6
KPCL,2/4/2026,542.0,548.0,537.1,538.0,-0.37,31123.0,657.0,440.6
KPCL,2/5/2026,538.0,552.9,538.0,543.5,1.02,44343.0,657.0,440.6
KPCL,2/8/2026,553.9,554.3,539.0,544.9,0.26,26796.0,657.0,440.6
KPCL,2/9/2026,541.1,544.0,528.0,531.0,-2.55,69251.0,657.0,440.6
KPCL,2/10/2026,531.1,539.0,523.0,524.0,-1.32,42393.0,657.0,440.6
KPCL,2/11/2026,534.4,540.0,520.0,525.0,0.19,27610.0,657.0,440.6
KPCL,2/12/2026,521.1,536.0,521.1,535.0,1.9,30147.0,657.0,440.6
KPCL,2/16/2026,541.0,541.0,527.1,528.0,-1.31,23069.0,657.0,440.6
KPCL,2/17/2026,536.0,536.0,520.1,522.2,-1.1,29483.0,657.0,440.6
KPCL,2/22/2026,521.0,522.0,514.0,517.0,-1.0,30848.0,657.0,440.6
KPCL,2/23/2026,519.9,519.9,512.0,514.8,-0.43,16422.0,657.0,440.6
KPCL,2/24/2026,513.0,518.0,512.0,515.2,0.08,20414.0,657.0,440.6
KPCL,2/25/2026,525.0,525.0,515.0,520.0,0.93,21997.0,657.0,440.6
KPCL,2/26/2026,529.9,529.9,516.1,522.5,0.48,14234.0,657.0,440.6
KPCL,2/27/2026,529.9,529.9,516.1,522.5,0.0,14234.0,657.0,440.6
KPCL,2/28/2026,529.9,529.9,516.1,522.5,0.0,14234.0,657.0,440.6
KPCL,3/2/2026,515.0,523.0,515.0,522.0,-0.1,27846.0,657.0,440.6
KPCL,3/3/2026,525.0,534.9,518.0,532.0,1.92,19025.0,657.0,440.6
KPCL,3/4/2026,525.0,534.9,518.0,532.0,0.0,19025.0,657.0,440.6
KPCL,3/5/2026,525.0,534.9,518.0,532.0,0.0,19025.0,657.0,440.6
KPCL,3/6/2026,525.0,534.9,518.0,532.0,0.0,19025.0,657.0,440.6
KPCL,3/7/2026,525.0,534.9,518.0,532.0,0.0,19025.0,657.0,440.6
KPCL,3/8/2026,525.0,534.9,518.0,532.0,0.0,19025.0,657.0,440.6
KPCL,3/9/2026,542.6,564.4,542.6,564.0,6.02,170.0,657.0,440.6
KPCL,3/10/2026,575.1,615.0,534.4,614.0,8.87,126432.0,657.0,440.6
KPCL,3/11/2026,601.8,601.8,552.6,562.0,-8.47,417474.0,657.0,440.6
KPCL,3/12/2026,550.8,559.2,545.0,548.1,-2.47,188634.0,657.0,440.6
KPCL,3/13/2026,550.8,559.2,545.0,548.1,0.0,188634.0,657.0,440.6
KPCL,3/14/2026,550.8,559.2,545.0,548.1,0.0,188634.0,657.0,440.6
KPCL,3/15/2026,538.0,602.9,538.0,547.0,-0.2,182490.0,657.0,440.6
KPCL,3/16/2026,545.1,595.0,540.0,547.0,0.0,232321.0,657.0,440.6
KPCL,3/17/2026,557.9,557.9,533.1,541.0,-1.1,72352.0,657.0,440.6
KPCL,3/18/2026,557.9,557.9,533.1,541.0,0.0,72352.0,657.0,440.6
KPCL,3/19/2026,546.0,552.0,541.1,545.0,0.74,124572.0,657.0,440.6
KPCL,3/20/2026,546.0,552.0,541.1,545.0,0.0,124572.0,657.0,440.6
KPCL,3/21/2026,546.0,552.0,541.1,545.0,0.0,124572.0,657.0,440.6
KPCL,3/22/2026,554.0,554.0,544.0,545.0,0.0,86572.0,657.0,440.6
KPCL,3/23/2026,545.0,549.7,535.0,542.0,-0.55,77788.0,657.0,440.6
KPCL,3/24/2026,542.0,547.5,534.2,540.0,-0.37,119096.0,657.0,440.6
KPCL,3/25/2026,541.5,548.0,529.0,536.0,-0.74,112410.0,657.0,440.6
KPCL,3/26/2026,540.0,544.0,533.6,537.1,-0.54,42782.0,657.0,440.6
KPCL,3/29/2026,537.0,539.0,524.1,525.0,-2.23,56678.0,657.0,440.6
KPCL,3/30/2026,525.0,532.0,519.5,520.0,-0.95,80933.0,657.0,440.6
KPCL,3/31/2026,520.0,527.0,515.0,525.0,0.96,52645.0,657.0,440.6
KPCL,4/1/2026,525.0,525.0,511.5,514.0,-2.1,39384.0,657.0,440.6
KPCL,4/2/2026,510.0,517.0,505.1,512.0,0.39,39810.0,657.0,440.6
KPCL,4/5/2026,503.0,506.1,485.0,485.0,-3.58,59983.0,657.0,440.6
KPCL,4/6/2026,478.1,505.0,478.1,499.0,4.37,37687.0,657.0,440.6
KPCL,4/7/2026,508.0,510.0,495.0,496.1,-2.34,24304.0,657.0,440.6
KPCL,4/8/2026,506.0,509.7,500.2,505.5,-0.1,22756.0,657.0,440.6
KPCL,4/9/2026,506.1,516.0,505.0,515.6,1.88,38516.0,657.0,440.6
KPCL,4/10/2026,513.0,515.0,508.0,512.1,-0.18,22764.0,657.0,440.6
KPCL,4/13/2026,512.1,515.1,505.1,511.0,-0.21,17791.0,657.0,440.6
KPCL,4/15/2026,515.0,520.0,511.5,520.0,0.97,15304.0,657.0,440.6
KPCL,4/16/2026,510.1,515.0,508.2,510.8,0.14,22520.0,657.0,440.6
KPCL,4/17/2026,517.0,517.0,506.5,510.3,-1.3,21422.0,657.0,440.6
KPCL,4/20/2026,535.8,535.8,508.7,512.0,-4.44,11281.0,657.0,440.6
KPCL,4/21/2026,505.3,515.9,505.3,509.0,0.73,7851.0,657.0,440.6
KPCL,4/22/2026,502.0,507.0,498.0,504.0,0.4,37519.0,657.0,440.6
KPCL,4/23/2026,502.0,504.0,496.0,496.0,-1.2,10261.0,657.0,440.6
KPCL,4/24/2026,496.0,496.0,490.1,495.9,-0.02,18047.0,657.0,440.6
KPCL,4/27/2026,495.9,499.9,491.5,495.0,-0.18,8666.0,657.0,440.6
KPCL,4/28/2026,495.0,497.9,493.1,494.0,-0.2,15661.0,657.0,440.6
KPCL,4/29/2026,494.0,495.0,489.1,489.1,-0.99,12070.0,657.0,440.6
KPCL,4/30/2026,489.0,489.0,481.0,485.9,-0.63,8094.0,657.0,440.6
KPCL,5/4/2026,486.0,486.0,475.1,480.0,-1.23,13359.0,657.0,440.6
KPCL,5/5/2026,480.0,489.9,478.0,482.0,0.42,14033.0,657.0,440.6
KPCL,5/6/2026,481.9,484.0,477.5,482.9,0.21,4018.0,657.0,440.6
KPCL,5/7/2026,480.3,483.0,470.3,477.0,-0.69,18948.0,657.0,440.6
KPCL,5/8/2026,480.0,487.9,477.0,487.9,1.65,7342.0,657.0,440.6
KPCL,5/11/2026,500.0,501.0,490.0,500.0,0.0,11049.0,657.0,440.6
KPCL,5/12/2026,500.0,500.0,491.2,494.0,-1.2,9877.0,657.0,440.6
KPCL,5/13/2026,485.0,490.0,482.0,489.0,0.82,3764.0,657.0,440.6
KPCL,5/14/2026,490.0,490.0,485.0,489.4,-0.12,2780.0,657.0,440.6
KPCL,5/15/2026,485.0,497.0,481.0,487.0,0.41,9745.0,657.0,440.6
KPCL,5/18/2026,490.0,499.0,485.0,489.9,-0.02,4269.0,657.0,440.6
KPCL,5/19/2026,489.0,489.0,484.0,488.0,-0.2,3244.0,657.0,440.6
KPCL,5/20/2026,484.2,494.0,484.2,494.0,2.02,5145.0,657.0,440.6
KPCL,5/21/2026,492.6,499.0,490.0,490.5,-0.43,5138.0,657.0,440.6
KPCL,5/22/2026,496.0,496.0,491.0,493.5,-0.5,5043.0,657.0,440.6
KPCL,5/25/2026,490.0,502.0,490.0,501.0,2.24,9819.0,657.0,440.6
KPCL,5/26/2026,504.9,505.0,496.0,500.0,-0.97,4935.0,657.0,440.6
KPCL,5/27/2026,509.1,509.1,495.1,501.4,-1.51,4194.0,657.0,440.6
KPCL,6/1/2026,500.9,501.0,490.0,493.0,-1.58,5835.0,657.0,440.6
KPCL,6/2/2026,517.6,517.6,488.0,495.0,-4.37,4627.0,657.0,440.6
KPCL,6/3/2026,517.7,517.7,494.5,496.0,-4.19,12569.0,657.0,440.6
KPCL,6/4/2026,508.0,508.0,495.0,495.0,-2.56,6770.0,657.0,440.6
KPCL,6/5/2026,491.5,497.5,490.1,495.0,0.71,8160.0,657.0,440.6
KPCL,6/8/2026,490.0,494.0,485.0,487.6,-0.49,10209.0,657.0,440.6
KPCL,6/9/2026,511.9,511.9,482.0,488.0,-4.67,9910.0,657.0,440.6
KPCL,6/10/2026,488.0,493.9,487.0,490.0,0.41,5635.0,657.0,440.6
KPCL,6/11/2026,514.5,514.5,486.1,487.0,-5.34,6137.0,657.0,440.6
KPCL,6/12/2026,486.0,489.9,484.5,484.5,-0.31,3844.0,657.0,440.6
KPCL,6/15/2026,485.0,493.0,483.2,485.0,0.0,4817.0,657.0,440.6
KPCL,6/16/2026,486.0,493.0,484.0,485.0,-0.21,5827.0,657.0,440.6
KPCL,6/17/2026,485.0,492.0,483.4,483.4,-0.33,5508.0,657.0,440.6
KPCL,6/18/2026,492.5,492.5,483.1,484.5,-1.62,3721.0,657.0,440.6
KPCL,6/19/2026,487.0,492.0,486.1,486.1,-0.18,7172.0,657.0,440.6
KPCL,6/22/2026,485.0,490.0,480.0,486.0,0.21,10166.0,657.0,440.6
KPCL,6/23/2026,478.5,486.4,478.5,482.0,0.73,8158.0,657.0,440.6
KPCL,6/24/2026,484.0,484.0,475.4,477.0,-1.45,8420.0,657.0,440.6
KPCL,6/26/2026,480.0,480.0,472.1,475.0,-1.04,4498.0,657.0,440.6
KPCL,6/29/2026,475.0,475.0,470.3,470.3,-0.99,7818.0,657.0,440.6
KPCL,6/30/2026,471.2,472.0,465.0,465.0,-1.32,6943.0,657.0,440.6
KPCL,7/1/2026,470.0,475.0,470.0,475.0,1.06,4462.0,657.0,440.6
KPCL,7/2/2026,475.0,477.0,470.0,471.5,-0.74,3912.0,657.0,440.6
KPCL,7/3/2026,470.0,474.9,470.0,472.8,0.6,4638.0,657.0,440.6
KPCL,7/6/2026,472.8,472.8,469.0,469.0,-0.8,3597.0,657.0,440.6
KPCL,7/7/2026,474.9,474.9,465.0,469.9,-1.05,10988.0,657.0,440.6
KPCL,7/8/2026,470.0,470.0,465.0,465.0,-1.06,5310.0,657.0,440.6
KPCL,7/9/2026,460.3,467.5,460.3,467.5,1.56,2623.0,657.0,440.6
KPCL,7/10/2026,467.5,470.0,461.2,461.2,-1.35,8910.0,657.0,440.6
KPCL,7/13/2026,464.0,474.7,458.0,458.0,-1.29,7794.0,657.0,440.6
KPCL,7/14/2026,451.6,460.2,451.1,454.0,0.53,4346.0,657.0,440.6
KPCL,7/15/2026,458.0,461.0,455.0,455.0,-0.66,5657.0,657.0,440.6
KPCL,7/16/2026,455.3,459.0,450.0,459.0,0.81,12862.0,657.0,440.6
KPCL,7/17/2026,460.0,479.9,460.0,478.7,4.07,7411.0,657.0,440.6
KPCL,7/20/2026,475.0,489.2,475.0,485.0,2.11,7702.0,657.0,440.6
KPCL,7/21/2026,490.0,490.0,477.1,480.2,-2.0,13052.0,657.0,440.6
KPCL,7/22/2026,480.0,480.2,476.1,476.8,-0.67,5024.0,657.0,440.6
KPCL,7/23/2026,470.0,477.0,469.4,473.0,0.64,5890.0,657.0,440.6
KPCL,7/24/2026,475.0,484.0,475.0,482.0,1.47,4122.0,657.0,440.6
KPCL,7/27/2026,482.0,488.0,470.0,470.1,-2.47,7212.0,657.0,440.6
KPCL,7/28/2026,470.0,472.9,467.1,472.9,0.62,5611.0,657.0,440.6
KPCL,7/29/2026,471.0,474.0,470.0,470.0,-0.21,4940.0,657.0,440.6
KPCL,7/30/2026,470.0,474.0,468.0,473.0,0.64,3175.0,657.0,440.6
KPCL,7/31/2026,466.0,475.0,465.4,475.0,1.93,2716.0,657.0,440.6
KPCL,8/3/2026,472.0,477.1,469.1,472.0,0.0,6263.0,657.0,440.6
KPCL,8/4/2026,472.0,473.0,467.0,471.9,-0.02,9209.0,657.0,440.6
KPCL,8/5/2026,466.1,482.0,466.1,469.0,0.62,4513.0,657.0,440.6
KPCL,8/6/2026,475.0,475.0,465.0,468.1,-1.45,6060.0,657.0,440.6
KPCL,8/7/2026,468.1,470.0,466.8,468.0,-0.02,3501.0,657.0,440.6
KPCL,8/10/2026,468.0,469.9,460.0,469.0,0.21,3191.0,657.0,440.6
KPCL,8/11/2026,469.0,471.6,466.0,466.6,-0.51,5489.0,657.0,440.6
KPCL,8/12/2026,461.0,474.8,461.0,467.0,1.3,5337.0,657.0,440.6
KPCL,8/13/2026,474.9,474.9,461.1,466.0,-1.87,4254.0,657.0,440.6
KPCL,8/14/2026,474.5,474.5,463.1,463.2,-2.38,4234.0,657.0,440.6
KPCL,8/17/2026,461.0,465.0,458.0,461.2,0.04,4250.0,657.0,440.6
KPCL,8/18/2026,458.1,463.0,458.1,460.0,0.41,2697.0,657.0,440.6
KPCL,8/19/2026,460.0,462.1,460.0,461.0,0.22,2718.0,657.0,440.6
KPCL,8/20/2026,458.0,466.0,458.0,466.0,1.75,3577.0,657.0,440.6
KPCL,8/21/2026,467.0,476.9,463.0,464.0,-0.64,5955.0,657.0,440.6
KPCL,8/24/2026,464.0,469.9,460.0,463.0,-0.22,4456.0,657.0,440.6
KPCL,8/25/2026,459.0,465.0,459.0,465.0,1.31,2325.0,657.0,440.6
KPCL,8/26/2026,460.0,462.0,450.0,457.0,-0.65,14792.0,657.0,440.6
KPCL,8/27/2026,445.1,457.0,444.1,454.0,2.0,3208.0,657.0,440.6
KPCL,8/31/2026,448.0,454.0,440.6,448.0,0.0,7654.0,657.0,440.6
KPCL,9/1/2026,446.0,452.9,445.0,447.1,0.25,7696.0,657.0,440.6
KPCL,9/2/2026,446.1,453.9,444.0,447.0,0.2,7330.0,657.0,440.6
KPCL,9/3/2026,447.2,450.9,445.6,447.1,-0.02,3101.0,657.0,440.6
KPCL,9/7/2026,445.3,453.9,445.3,449.1,0.85,4518.0,657.0,440.6
KPCL,9/9/2026,455.0,458.9,450.0,452.0,-0.66,6612.0,657.0,440.6
KPCL,9/10/2026,450.0,450.0,445.5,445.5,-1.0,9170.0,657.0,440.6
KPCL,9/11/2026,444.1,454.0,444.1,454.0,2.23,6762.0,657.0,440.6
KPCL,9/14/2026,455.0,465.0,455.0,465.0,2.2,6540.0,657.0,440.6
KPCL,9/15/2026,488.0,488.0,467.0,475.0,-2.66,11973.0,657.0,440.6
KPCL,9/16/2026,474.0,474.0,462.0,465.3,-1.84,14630.0,657.0,440.6
KPCL,9/17/2026,466.1,474.0,466.1,468.0,0.41,3805.0,657.0,440.6
KPCL,9/18/2026,468.0,472.0,468.0,470.0,0.43,10551.0,657.0,440.6
KPCL,9/22/2026,470.0,474.9,468.2,472.0,0.43,5534.0,657.0,440.6
KPCL,9/23/2026,472.0,474.9,464.0,464.1,-1.67,10072.0,657.0,440.6
KPCL,9/24/2026,461.1,469.9,461.1,467.0,1.28,4665.0,657.0,440.6
KPCL,9/28/2026,465.0,470.9,465.0,465.1,0.02,5613.0,657.0,440.6
KPCL,9/29/2026,465.5,465.5,462.0,0.0,-100.0,2553.0,657.0,440.6
KPCL,9/30/2026,460.0,463.9,450.0,457.0,-0.65,33239.0,657.0,440.6
KPCL,10/1/2026,468.0,468.0,449.5,453.0,-3.21,11371.0,657.0,440.6
KPCL,10/2/2026,452.0,460.0,450.4,455.9,0.86,9865.0,657.0,440.6
KRBL,5/11/2011,90.0,96.0,91.0,95.0,,820.0,870.0,0.0
KRBL,5/12/2011,95.0,104.0,97.0,100.0,5.26,1340.0,870.0,0.0
KRBL,5/15/2011,100.0,105.0,91.0,92.0,-8.0,1940.0,870.0,0.0
KRBL,5/16/2011,92.0,101.0,91.0,95.0,3.26,1690.0,870.0,0.0
KRBL,5/18/2011,95.0,99.0,97.0,97.0,2.11,850.0,870.0,0.0
KRBL,5/19/2011,97.0,100.0,97.0,97.0,0.0,430.0,870.0,0.0
KRBL,5/22/2011,97.0,100.0,97.0,97.0,0.0,1040.0,870.0,0.0
KRBL,5/23/2011,97.0,97.0,97.0,97.0,0.0,90.0,870.0,0.0
KRBL,5/24/2011,97.0,96.0,93.0,95.0,-2.06,670.0,870.0,0.0
KRBL,5/25/2011,95.0,95.0,94.0,95.0,0.0,900.0,870.0,0.0
KRBL,5/26/2011,95.0,97.0,96.0,97.0,2.11,750.0,870.0,0.0
KRBL,5/30/2011,97.0,99.0,96.0,99.0,2.06,1300.0,870.0,0.0
KRBL,5/31/2011,99.0,101.0,100.0,100.0,1.01,520.0,870.0,0.0
KRBL,6/1/2011,100.0,104.0,100.0,100.0,0.0,410.0,870.0,0.0
KRBL,6/2/2011,100.0,99.0,95.0,96.0,-4.0,280.0,870.0,0.0
KRBL,6/5/2011,96.0,98.0,96.0,96.0,0.0,1530.0,870.0,0.0
KRBL,6/6/2011,96.0,96.0,91.0,93.0,-3.12,910.0,870.0,0.0
KRBL,6/7/2011,93.0,95.0,93.0,93.0,0.0,540.0,870.0,0.0
KRBL,6/8/2011,93.0,93.0,92.0,93.0,0.0,210.0,870.0,0.0
KRBL,6/15/2011,93.0,93.0,93.0,93.0,0.0,300.0,870.0,0.0
KRBL,6/16/2011,93.0,89.0,89.0,89.0,-4.3,190.0,870.0,0.0
KRBL,6/19/2011,89.0,89.0,89.0,89.0,0.0,70.0,870.0,0.0
KRBL,6/20/2011,89.0,89.0,89.0,89.0,0.0,70.0,870.0,0.0
KRBL,6/23/2011,89.0,92.0,90.0,92.0,3.37,1310.0,870.0,0.0
KRBL,6/26/2011,92.0,91.0,91.0,91.0,-1.09,40.0,870.0,0.0
KRBL,6/27/2011,91.0,98.0,95.0,95.0,4.4,910.0,870.0,0.0
KRBL,6/29/2011,95.0,97.0,96.0,97.0,2.11,570.0,870.0,0.0
KRBL,6/30/2011,97.0,98.0,96.0,97.0,0.0,1460.0,870.0,0.0
KRBL,7/3/2011,97.0,96.0,93.0,93.0,-4.12,580.0,870.0,0.0
KRBL,7/4/2011,93.0,93.0,92.0,92.0,-1.08,130.0,870.0,0.0
KRBL,7/5/2011,92.0,93.0,92.0,92.0,0.0,250.0,870.0,0.0
KRBL,7/6/2011,92.0,93.0,93.0,93.0,1.09,200.0,870.0,0.0
KRBL,7/7/2011,93.0,93.0,91.0,91.0,-2.15,350.0,870.0,0.0
KRBL,7/10/2011,91.0,92.0,90.0,92.0,1.1,1100.0,870.0,0.0
KRBL,7/11/2011,92.0,92.0,91.0,92.0,0.0,440.0,870.0,0.0
KRBL,7/12/2011,92.0,93.0,93.0,93.0,1.09,400.0,870.0,0.0
KRBL,7/13/2011,93.0,96.0,92.0,92.0,-1.08,370.0,870.0,0.0
KRBL,7/14/2011,92.0,95.0,95.0,95.0,3.26,200.0,870.0,0.0
KRBL,7/18/2011,95.0,99.0,96.0,96.0,1.05,470.0,870.0,0.0
KRBL,7/20/2011,96.0,95.0,95.0,95.0,-1.04,40.0,870.0,0.0
KRBL,7/24/2011,95.0,96.0,96.0,96.0,1.05,70.0,870.0,0.0
KRBL,7/26/2011,96.0,97.0,97.0,97.0,1.04,480.0,870.0,0.0
KRBL,7/27/2011,97.0,98.0,98.0,98.0,1.03,100.0,870.0,0.0
KRBL,7/31/2011,98.0,97.0,96.0,96.0,-2.04,130.0,870.0,0.0
KRBL,8/1/2011,96.0,96.0,96.0,96.0,0.0,50.0,870.0,0.0
KRBL,8/2/2011,96.0,95.0,95.0,95.0,-1.04,50.0,870.0,0.0
KRBL,8/3/2011,95.0,95.0,92.0,92.0,-3.16,190.0,870.0,0.0
KRBL,8/4/2011,92.0,92.0,86.0,86.0,-6.52,460.0,870.0,0.0
KRBL,8/7/2011,86.0,88.0,87.0,87.0,1.16,330.0,870.0,0.0
KRBL,8/8/2011,87.0,88.0,85.0,86.0,-1.15,730.0,870.0,0.0
KRBL,8/9/2011,86.0,88.0,87.0,88.0,2.33,210.0,870.0,0.0
KRBL,8/10/2011,88.0,87.0,86.0,86.0,-2.27,840.0,870.0,0.0
KRBL,8/11/2011,86.0,87.0,86.0,86.0,0.0,330.0,870.0,0.0
KRBL,8/16/2011,86.0,86.0,85.0,85.0,-1.16,70.0,870.0,0.0
KRBL,8/17/2011,85.0,85.0,85.0,85.0,0.0,230.0,870.0,0.0
KRBL,8/18/2011,85.0,84.0,83.0,83.0,-2.35,290.0,870.0,0.0
KRBL,8/22/2011,83.0,84.0,84.0,84.0,1.2,320.0,870.0,0.0
KRBL,8/23/2011,84.0,85.0,85.0,85.0,1.19,90.0,870.0,0.0
KRBL,8/24/2011,85.0,85.0,83.0,83.0,-2.35,250.0,870.0,0.0
KRBL,8/25/2011,83.0,82.0,79.0,79.0,-4.82,420.0,870.0,0.0
KRBL,8/28/2011,79.0,78.0,77.0,77.0,-2.53,170.0,870.0,0.0
KRBL,8/29/2011,77.0,76.0,71.0,71.0,-7.79,170.0,870.0,0.0
KRBL,8/30/2011,71.0,71.0,71.0,71.0,0.0,230.0,870.0,0.0
KRBL,9/4/2011,71.0,72.0,72.0,72.0,1.41,10.0,870.0,0.0
KRBL,9/5/2011,72.0,75.0,73.0,74.0,2.78,240.0,870.0,0.0
KRBL,9/6/2011,74.0,74.0,72.0,72.0,-2.7,1800.0,870.0,0.0
KRBL,9/7/2011,72.0,72.0,71.0,71.0,-1.39,190.0,870.0,0.0
KRBL,9/8/2011,71.0,71.0,70.0,70.0,-1.41,560.0,870.0,0.0
KRBL,9/12/2011,70.0,71.0,71.0,71.0,1.43,570.0,870.0,0.0
KRBL,9/13/2011,71.0,72.0,69.0,72.0,1.41,130.0,870.0,0.0
KRBL,9/14/2011,72.0,73.0,72.0,73.0,1.39,180.0,870.0,0.0
KRBL,9/15/2011,73.0,77.0,73.0,77.0,5.48,800.0,870.0,0.0
KRBL,9/18/2011,77.0,78.0,77.0,77.0,0.0,40.0,870.0,0.0
KRBL,9/19/2011,77.0,77.0,74.0,77.0,0.0,220.0,870.0,0.0
KRBL,9/20/2011,77.0,77.0,75.0,75.0,-2.6,310.0,870.0,0.0
KRBL,9/21/2011,75.0,74.0,70.0,70.0,-6.67,710.0,870.0,0.0
KRBL,9/22/2011,70.0,70.0,70.0,70.0,0.0,90.0,870.0,0.0
KRBL,9/25/2011,70.0,72.0,71.0,72.0,2.86,270.0,870.0,0.0
KRBL,9/26/2011,72.0,72.0,72.0,72.0,0.0,100.0,870.0,0.0
KRBL,9/27/2011,72.0,73.0,72.0,73.0,1.39,360.0,870.0,0.0
KRBL,9/29/2011,73.0,74.0,73.0,74.0,1.37,100.0,870.0,0.0
KRBL,10/10/2011,74.0,75.0,73.0,73.0,-1.35,210.0,870.0,0.0
KRBL,10/12/2011,73.0,74.0,74.0,74.0,1.37,30.0,870.0,0.0
KRBL,10/13/2011,74.0,75.0,74.0,75.0,1.35,560.0,870.0,0.0
KRBL,10/16/2011,75.0,74.0,73.0,73.0,-2.67,490.0,870.0,0.0
KRBL,10/17/2011,73.0,76.0,74.0,76.0,4.11,160.0,870.0,0.0
KRBL,10/19/2011,76.0,75.0,75.0,75.0,-1.32,30.0,870.0,0.0
KRBL,10/23/2011,75.0,75.0,75.0,75.0,0.0,100.0,870.0,0.0
KRBL,10/24/2011,75.0,77.0,76.0,77.0,2.67,830.0,870.0,0.0
KRBL,10/25/2011,77.0,76.0,75.0,75.0,-2.6,240.0,870.0,0.0
KRBL,10/30/2011,75.0,74.0,71.0,72.0,-4.0,90.0,870.0,0.0
KRBL,10/31/2011,72.0,73.0,72.0,72.0,0.0,250.0,870.0,0.0
KRBL,11/8/2011,72.0,74.0,72.0,74.0,2.78,540.0,870.0,0.0
KRBL,11/9/2011,74.0,75.0,75.0,75.0,1.35,390.0,870.0,0.0
KRBL,11/10/2011,75.0,76.0,74.0,76.0,1.33,170.0,870.0,0.0
KRBL,11/14/2011,76.0,76.0,76.0,76.0,0.0,50.0,870.0,0.0
KRBL,11/15/2011,76.0,76.0,76.0,76.0,0.0,60.0,870.0,0.0
KRBL,11/16/2011,76.0,76.0,75.0,76.0,0.0,270.0,870.0,0.0
KRBL,11/17/2011,76.0,76.0,75.0,75.0,-1.32,310.0,870.0,0.0
KRBL,11/20/2011,75.0,76.0,75.0,75.0,0.0,70.0,870.0,0.0
KRBL,11/21/2011,75.0,75.0,75.0,75.0,0.0,50.0,870.0,0.0
KRBL,11/22/2011,75.0,75.0,71.0,71.0,-5.33,140.0,870.0,0.0
KRBL,11/23/2011,71.0,71.0,70.0,71.0,0.0,80.0,870.0,0.0
KRBL,11/27/2011,71.0,72.0,70.0,72.0,1.41,190.0,870.0,0.0
KRBL,12/1/2011,71.0,70.0,69.0,69.0,-4.17,730.0,870.0,0.0
KRBL,12/4/2011,69.0,69.0,66.0,66.0,-4.35,260.0,870.0,0.0
KRBL,12/7/2011,66.0,65.0,65.0,65.0,-1.52,60.0,870.0,0.0
KRBL,12/8/2011,65.0,66.0,65.0,66.0,1.54,100.0,870.0,0.0
KRBL,12/12/2011,66.0,65.0,63.0,63.0,-4.55,40.0,870.0,0.0
KRBL,12/13/2011,63.0,64.0,64.0,64.0,1.59,120.0,870.0,0.0
KRBL,12/18/2011,64.0,68.0,65.0,66.0,3.12,270.0,870.0,0.0
KRBL,12/19/2011,66.0,66.0,66.0,66.0,0.0,10.0,870.0,0.0
KRBL,12/20/2011,66.0,67.0,67.0,67.0,1.52,40.0,870.0,0.0
KRBL,12/22/2011,67.0,68.0,67.0,67.0,0.0,340.0,870.0,0.0
KRBL,12/26/2011,67.0,67.0,65.0,65.0,-2.99,500.0,870.0,0.0
KRBL,12/27/2011,65.0,65.0,63.0,63.0,-3.08,310.0,870.0,0.0
KRBL,12/28/2011,63.0,65.0,61.0,65.0,3.17,670.0,870.0,0.0
KRBL,12/29/2011,65.0,67.0,66.0,67.0,3.08,300.0,870.0,0.0
KRBL,1/1/2012,67.0,67.0,66.0,66.0,-1.49,140.0,870.0,0.0
KRBL,1/2/2012,66.0,66.0,65.0,65.0,-1.52,180.0,870.0,0.0
KRBL,1/3/2012,65.0,65.0,65.0,65.0,0.0,40.0,870.0,0.0
KRBL,1/4/2012,65.0,65.0,64.0,65.0,0.0,900.0,870.0,0.0
KRBL,1/5/2012,65.0,65.0,64.0,65.0,0.0,460.0,870.0,0.0
KRBL,1/8/2012,65.0,64.0,64.0,64.0,-1.54,10.0,870.0,0.0
KRBL,1/9/2012,64.0,65.0,65.0,65.0,1.56,110.0,870.0,0.0
KRBL,1/10/2012,65.0,66.0,65.0,65.0,0.0,630.0,870.0,0.0
KRBL,1/11/2012,65.0,66.0,65.0,65.0,0.0,180.0,870.0,0.0
KRBL,1/12/2012,65.0,65.0,65.0,65.0,0.0,70.0,870.0,0.0
KRBL,1/17/2012,65.0,67.0,65.0,67.0,3.08,30.0,870.0,0.0
KRBL,1/18/2012,67.0,68.0,68.0,68.0,1.49,10.0,870.0,0.0
KRBL,1/19/2012,68.0,69.0,68.0,69.0,1.47,190.0,870.0,0.0
KRBL,1/22/2012,69.0,68.0,66.0,67.0,-2.9,240.0,870.0,0.0
KRBL,1/23/2012,67.0,69.0,68.0,69.0,2.99,90.0,870.0,0.0
KRBL,1/25/2012,69.0,69.0,69.0,69.0,0.0,230.0,870.0,0.0
KRBL,1/29/2012,69.0,70.0,70.0,70.0,1.45,20.0,870.0,0.0
KRBL,1/31/2012,70.0,71.0,70.0,71.0,1.43,210.0,870.0,0.0
KRBL,2/1/2012,71.0,72.0,71.0,72.0,1.41,30.0,870.0,0.0
KRBL,2/2/2012,72.0,73.0,70.0,72.0,0.0,140.0,870.0,0.0
KRBL,2/5/2012,72.0,72.0,72.0,72.0,0.0,10.0,870.0,0.0
KRBL,2/9/2012,72.0,72.0,72.0,72.0,0.0,360.0,870.0,0.0
KRBL,2/13/2012,72.0,69.0,65.0,65.0,-9.72,400.0,870.0,0.0
KRBL,2/14/2012,65.0,64.0,61.0,62.0,-4.62,870.0,870.0,0.0
KRBL,2/15/2012,62.0,62.0,61.0,62.0,0.0,200.0,870.0,0.0
KRBL,2/16/2012,62.0,63.0,61.0,61.0,-1.61,570.0,870.0,0.0
KRBL,2/21/2012,61.0,64.0,62.0,63.0,3.28,290.0,870.0,0.0
KRBL,2/23/2012,63.0,64.0,64.0,64.0,1.59,20.0,870.0,0.0
KRBL,2/26/2012,64.0,64.0,62.0,63.0,-1.56,80.0,870.0,0.0
KRBL,2/28/2012,63.0,64.0,64.0,64.0,1.59,130.0,870.0,0.0
KRBL,2/29/2012,64.0,65.0,64.0,65.0,1.56,220.0,870.0,0.0
KRBL,3/4/2012,65.0,64.0,64.0,64.0,-1.54,100.0,870.0,0.0
KRBL,3/5/2012,64.0,65.0,64.0,64.0,0.0,80.0,870.0,0.0
KRBL,3/6/2012,64.0,64.0,64.0,64.0,0.0,160.0,870.0,0.0
KRBL,3/11/2012,64.0,65.0,65.0,65.0,1.56,20.0,870.0,0.0
KRBL,3/18/2012,65.0,64.0,60.0,60.0,-7.69,360.0,870.0,0.0
KRBL,3/19/2012,60.0,63.0,59.0,60.0,0.0,1360.0,870.0,0.0
KRBL,3/20/2012,60.0,59.0,59.0,59.0,-1.67,70.0,870.0,0.0
KRBL,3/21/2012,59.0,60.0,60.0,60.0,1.69,10.0,870.0,0.0
KRBL,3/25/2012,60.0,60.0,59.0,59.0,-1.67,1350.0,870.0,0.0
KRBL,3/26/2012,59.0,60.0,59.0,60.0,1.69,210.0,870.0,0.0
KRBL,3/27/2012,60.0,61.0,59.0,61.0,1.67,180.0,870.0,0.0
KRBL,3/29/2012,61.0,60.0,59.0,59.0,-3.28,450.0,870.0,0.0
KRBL,4/1/2012,59.0,59.0,59.0,59.0,0.0,150.0,870.0,0.0
KRBL,4/2/2012,59.0,59.0,57.0,58.0,-1.69,40.0,870.0,0.0
KRBL,4/3/2012,58.0,58.0,58.0,58.0,0.0,10.0,870.0,0.0
KRBL,4/4/2012,58.0,58.0,57.0,58.0,0.0,20.0,870.0,0.0
KRBL,4/5/2012,58.0,57.0,57.0,57.0,-1.72,120.0,870.0,0.0
KRBL,4/8/2012,57.0,57.0,57.0,57.0,0.0,60.0,870.0,0.0
KRBL,4/9/2012,57.0,58.0,58.0,58.0,1.75,70.0,870.0,0.0
KRBL,4/10/2012,58.0,59.0,57.0,59.0,1.72,100.0,870.0,0.0
KRBL,4/15/2012,59.0,60.0,60.0,60.0,1.69,30.0,870.0,0.0
KRBL,4/17/2012,60.0,62.0,61.0,62.0,3.33,120.0,870.0,0.0
KRBL,4/19/2012,62.0,63.0,63.0,63.0,1.61,10.0,870.0,0.0
KRBL,4/26/2012,63.0,66.0,64.0,66.0,4.76,30.0,870.0,0.0
KRBL,4/29/2012,66.0,68.0,67.0,68.0,3.03,30.0,870.0,0.0
KRBL,4/30/2012,68.0,68.0,67.0,67.0,-1.47,350.0,870.0,0.0
KRBL,5/2/2012,67.0,67.0,67.0,67.0,0.0,60.0,870.0,0.0
KRBL,5/10/2012,67.0,66.0,65.0,65.0,-2.99,410.0,870.0,0.0
KRBL,5/13/2012,65.0,66.0,65.0,65.0,0.0,450.0,870.0,0.0
KRBL,5/14/2012,65.0,64.0,64.0,64.0,-1.54,140.0,870.0,0.0
KRBL,5/15/2012,64.0,63.0,63.0,63.0,-1.56,60.0,870.0,0.0
KRBL,5/21/2012,63.0,62.0,62.0,62.0,-1.59,80.0,870.0,0.0
KRBL,5/22/2012,62.0,61.0,60.0,60.0,-3.23,110.0,870.0,0.0
KRBL,5/24/2012,60.0,61.0,61.0,61.0,1.67,90.0,870.0,0.0
KRBL,5/27/2012,61.0,60.0,60.0,60.0,-1.64,140.0,870.0,0.0
KRBL,6/11/2012,60.0,59.0,58.0,58.0,-3.33,440.0,870.0,0.0
KRBL,6/13/2012,58.0,57.0,57.0,57.0,-1.72,30.0,870.0,0.0
KRBL,6/14/2012,57.0,56.0,52.0,52.0,-8.77,260.0,870.0,0.0
KRBL,6/17/2012,52.0,53.0,49.0,49.0,-5.77,470.0,870.0,0.0
KRBL,6/18/2012,49.0,49.0,49.0,49.0,0.0,200.0,870.0,0.0
KRBL,6/19/2012,49.0,50.0,49.0,50.0,2.04,150.0,870.0,0.0
KRBL,6/20/2012,50.0,50.0,50.0,50.0,0.0,10.0,870.0,0.0
KRBL,6/21/2012,50.0,50.0,50.0,50.0,0.0,120.0,870.0,0.0
KRBL,6/25/2012,50.0,51.0,51.0,51.0,2.0,70.0,870.0,0.0
KRBL,6/26/2012,51.0,51.0,51.0,51.0,0.0,50.0,870.0,0.0
KRBL,6/27/2012,51.0,52.0,52.0,52.0,1.96,10.0,870.0,0.0
KRBL,6/28/2012,52.0,51.0,51.0,51.0,-1.92,120.0,870.0,0.0
KRBL,7/1/2012,51.0,51.0,51.0,51.0,0.0,40.0,870.0,0.0
KRBL,7/2/2012,51.0,50.0,50.0,50.0,-1.96,280.0,870.0,0.0
KRBL,7/3/2012,50.0,51.0,51.0,51.0,2.0,40.0,870.0,0.0
KRBL,7/5/2012,51.0,54.0,52.0,54.0,5.88,400.0,870.0,0.0
KRBL,7/8/2012,54.0,55.0,55.0,55.0,1.85,10.0,870.0,0.0
KRBL,7/9/2012,55.0,56.0,56.0,56.0,1.82,10.0,870.0,0.0
KRBL,7/10/2012,56.0,56.0,54.0,54.0,-3.57,310.0,870.0,0.0
KRBL,7/11/2012,54.0,54.0,53.0,53.0,-1.85,240.0,870.0,0.0
KRBL,7/16/2012,53.0,56.0,54.0,56.0,5.66,90.0,870.0,0.0
KRBL,7/17/2012,56.0,57.0,55.0,57.0,1.79,200.0,870.0,0.0
KRBL,7/18/2012,57.0,59.0,57.0,58.0,1.75,260.0,870.0,0.0
KRBL,7/19/2012,58.0,63.0,59.0,63.0,8.62,640.0,870.0,0.0
KRBL,7/22/2012,63.0,64.0,62.0,64.0,1.59,620.0,870.0,0.0
KRBL,7/24/2012,64.0,70.0,65.0,70.0,9.38,480.0,870.0,0.0
KRBL,7/25/2012,70.0,77.0,71.0,77.0,10.0,910.0,870.0,0.0
KRBL,7/26/2012,77.0,80.0,78.0,80.0,3.9,1600.0,870.0,0.0
KRBL,7/29/2012,80.0,83.0,81.0,81.0,1.25,240.0,870.0,0.0
KRBL,7/30/2012,81.0,81.0,81.0,81.0,0.0,440.0,870.0,0.0
KRBL,8/1/2012,81.0,80.0,80.0,80.0,-1.23,10.0,870.0,0.0
KRBL,8/5/2012,80.0,80.0,80.0,80.0,0.0,10.0,870.0,0.0
KRBL,8/7/2012,80.0,80.0,79.0,79.0,-1.25,690.0,870.0,0.0
KRBL,8/8/2012,79.0,79.0,78.0,79.0,0.0,170.0,870.0,0.0
KRBL,8/14/2012,79.0,78.0,78.0,78.0,-1.27,10.0,870.0,0.0
KRBL,8/15/2012,78.0,78.0,73.0,73.0,-6.41,320.0,870.0,0.0
KRBL,8/16/2012,73.0,72.0,71.0,71.0,-2.74,120.0,870.0,0.0
KRBL,8/19/2012,71.0,78.0,72.0,78.0,9.86,360.0,870.0,0.0
KRBL,8/21/2012,78.0,85.0,79.0,84.0,7.69,1210.0,870.0,0.0
KRBL,8/22/2012,84.0,87.0,85.0,86.0,2.38,670.0,870.0,0.0
KRBL,8/26/2012,86.0,85.0,83.0,83.0,-3.49,410.0,870.0,0.0
KRBL,8/27/2012,83.0,84.0,80.0,80.0,-3.61,250.0,870.0,0.0
KRBL,8/28/2012,80.0,80.0,75.0,76.0,-5.0,480.0,870.0,0.0
KRBL,8/29/2012,76.0,77.0,75.0,77.0,1.32,290.0,870.0,0.0
KRBL,8/30/2012,77.0,79.0,77.0,79.0,2.6,400.0,870.0,0.0
KRBL,9/2/2012,79.0,80.0,80.0,80.0,1.27,10.0,870.0,0.0
KRBL,9/3/2012,80.0,88.0,81.0,88.0,10.0,240.0,870.0,0.0
KRBL,9/4/2012,88.0,88.0,84.0,84.0,-4.55,880.0,870.0,0.0
KRBL,9/5/2012,84.0,86.0,84.0,84.0,0.0,330.0,870.0,0.0
KRBL,9/6/2012,84.0,83.0,82.0,82.0,-2.38,110.0,870.0,0.0
KRBL,9/9/2012,82.0,81.0,78.0,78.0,-4.88,560.0,870.0,0.0
KRBL,9/10/2012,78.0,79.0,78.0,78.0,0.0,260.0,870.0,0.0
KRBL,9/11/2012,78.0,80.0,79.0,80.0,2.56,220.0,870.0,0.0
KRBL,9/16/2012,80.0,82.0,81.0,82.0,2.5,100.0,870.0,0.0
KRBL,9/17/2012,82.0,82.0,81.0,81.0,-1.22,80.0,870.0,0.0
KRBL,9/18/2012,81.0,81.0,81.0,81.0,0.0,230.0,870.0,0.0
KRBL,9/19/2012,81.0,80.0,80.0,80.0,-1.23,70.0,870.0,0.0
KRBL,9/23/2012,80.0,81.0,81.0,81.0,1.25,40.0,870.0,0.0
KRBL,9/24/2012,81.0,82.0,82.0,82.0,1.23,100.0,870.0,0.0
KRBL,9/25/2012,82.0,82.0,81.0,81.0,-1.22,200.0,870.0,0.0
KRBL,9/26/2012,81.0,81.0,80.0,81.0,0.0,380.0,870.0,0.0
KRBL,9/30/2012,81.0,81.0,79.0,81.0,0.0,310.0,870.0,0.0
KRBL,10/1/2012,81.0,80.0,80.0,80.0,-1.23,230.0,870.0,0.0
KRBL,10/3/2012,80.0,79.0,77.0,78.0,-2.5,260.0,870.0,0.0
KRBL,10/4/2012,78.0,77.0,76.0,76.0,-2.56,40.0,870.0,0.0
KRBL,10/7/2012,76.0,77.0,75.0,76.0,0.0,1320.0,870.0,0.0
KRBL,10/8/2012,76.0,75.0,75.0,75.0,-1.32,150.0,870.0,0.0
KRBL,10/9/2012,75.0,74.0,74.0,74.0,-1.33,160.0,870.0,0.0
KRBL,10/10/2012,74.0,73.0,73.0,73.0,-1.35,200.0,870.0,0.0
KRBL,10/11/2012,73.0,73.0,72.0,73.0,0.0,210.0,870.0,0.0
KRBL,10/14/2012,73.0,73.0,73.0,73.0,0.0,310.0,870.0,0.0
KRBL,10/15/2012,73.0,72.0,72.0,72.0,-1.37,80.0,870.0,0.0
KRBL,10/17/2012,72.0,73.0,73.0,73.0,1.39,50.0,870.0,0.0
KRBL,10/18/2012,73.0,72.0,72.0,72.0,-1.37,40.0,870.0,0.0
KRBL,10/30/2012,72.0,73.0,73.0,73.0,1.39,50.0,870.0,0.0
KRBL,10/31/2012,73.0,74.0,74.0,74.0,1.37,110.0,870.0,0.0
KRBL,11/1/2012,74.0,75.0,75.0,75.0,1.35,110.0,870.0,0.0
KRBL,11/4/2012,75.0,76.0,75.0,76.0,1.33,110.0,870.0,0.0
KRBL,11/5/2012,76.0,77.0,75.0,77.0,1.32,470.0,870.0,0.0
KRBL,11/7/2012,77.0,81.0,78.0,81.0,5.19,130.0,870.0,0.0
KRBL,11/11/2012,81.0,80.0,80.0,80.0,-1.23,200.0,870.0,0.0
KRBL,11/12/2012,80.0,79.0,79.0,79.0,-1.25,60.0,870.0,0.0
KRBL,12/5/2012,79.0,79.0,78.0,78.0,-1.27,730.0,870.0,0.0
KRBL,12/6/2012,78.0,77.0,77.0,77.0,-1.28,100.0,870.0,0.0
KRBL,12/9/2012,77.0,78.0,78.0,78.0,1.3,10.0,870.0,0.0
KRBL,12/10/2012,78.0,77.0,77.0,77.0,-1.28,40.0,870.0,0.0
KRBL,1/3/2013,77.0,76.0,76.0,76.0,-1.3,20.0,870.0,0.0
KRBL,1/7/2013,76.0,75.0,73.0,73.0,-3.95,300.0,870.0,0.0
KRBL,1/8/2013,73.0,73.0,73.0,73.0,0.0,140.0,870.0,0.0
KRBL,1/27/2013,73.0,72.0,72.0,72.0,-1.37,320.0,870.0,0.0
KRBL,5/5/2013,72.0,71.0,70.0,70.0,-2.78,50.0,870.0,0.0
KRBL,5/23/2013,70.0,69.0,67.0,67.0,-4.29,640.0,870.0,0.0
KRBL,6/13/2013,67.0,66.0,61.0,61.0,-8.96,280.0,870.0,0.0
KRBL,6/18/2013,61.0,58.0,55.0,55.0,-9.84,700.0,870.0,0.0
KRBL,6/19/2013,55.0,54.0,53.0,54.0,-1.82,180.0,870.0,0.0
KRBL,6/20/2013,54.0,53.0,52.0,52.0,-3.7,410.0,870.0,0.0
KRBL,6/24/2013,52.0,52.0,51.0,51.0,-1.92,160.0,870.0,0.0
KRBL,6/26/2013,51.0,51.0,50.0,50.0,-1.96,890.0,870.0,0.0
KRBL,6/27/2013,50.0,51.0,50.0,50.0,0.0,270.0,870.0,0.0
KRBL,6/30/2013,50.0,51.0,49.0,50.0,0.0,1750.0,870.0,0.0
KRBL,7/1/2013,50.0,51.0,50.0,51.0,2.0,180.0,870.0,0.0
KRBL,7/2/2013,51.0,51.0,50.0,51.0,0.0,460.0,870.0,0.0
KRBL,7/4/2013,51.0,51.0,50.0,51.0,0.0,340.0,870.0,0.0
KRBL,7/7/2013,51.0,53.0,51.0,53.0,3.92,110.0,870.0,0.0
KRBL,7/8/2013,53.0,52.0,52.0,52.0,-1.89,810.0,870.0,0.0
KRBL,7/9/2013,52.0,54.0,53.0,54.0,3.85,130.0,870.0,0.0
KRBL,7/23/2013,54.0,55.0,53.0,53.0,-1.85,180.0,870.0,0.0
KRBL,7/24/2013,53.0,54.0,54.0,54.0,1.89,100.0,870.0,0.0
KRBL,7/25/2013,54.0,53.0,53.0,53.0,-1.85,100.0,870.0,0.0
KRBL,7/30/2013,53.0,52.0,50.0,50.0,-5.66,100.0,870.0,0.0
KRBL,7/31/2013,50.0,50.0,50.0,50.0,0.0,160.0,870.0,0.0
KRBL,8/4/2013,50.0,50.0,50.0,50.0,0.0,500.0,870.0,0.0
KRBL,8/5/2013,50.0,50.0,49.0,49.0,-2.0,230.0,870.0,0.0
KRBL,8/6/2013,49.0,50.0,49.0,50.0,2.04,20.0,870.0,0.0
KRBL,8/7/2013,50.0,53.0,50.0,53.0,6.0,330.0,870.0,0.0
KRBL,8/8/2013,53.0,54.0,54.0,54.0,1.89,140.0,870.0,0.0
KRBL,8/11/2013,54.0,55.0,55.0,55.0,1.85,10.0,870.0,0.0
KRBL,8/12/2013,55.0,59.0,56.0,59.0,7.27,180.0,870.0,0.0
KRBL,8/13/2013,59.0,58.0,57.0,57.0,-3.39,70.0,870.0,0.0
KRBL,8/14/2013,57.0,56.0,56.0,56.0,-1.75,50.0,870.0,0.0
KRBL,8/15/2013,56.0,57.0,56.0,57.0,1.79,150.0,870.0,0.0
KRBL,8/18/2013,57.0,57.0,56.0,56.0,-1.75,340.0,870.0,0.0
KRBL,8/19/2013,56.0,59.0,57.0,59.0,5.36,150.0,870.0,0.0
KRBL,8/20/2013,59.0,63.0,60.0,63.0,6.78,110.0,870.0,0.0
KRBL,8/26/2013,63.0,69.0,64.0,69.0,9.52,350.0,870.0,0.0
KRBL,8/27/2013,69.0,75.0,70.0,75.0,8.7,380.0,870.0,0.0
KRBL,8/29/2013,75.0,82.0,76.0,82.0,9.33,680.0,870.0,0.0
KRBL,9/1/2013,82.0,88.0,83.0,88.0,7.32,1610.0,870.0,0.0
KRBL,9/2/2013,88.0,96.0,89.0,96.0,9.09,1810.0,870.0,0.0
KRBL,9/3/2013,96.0,96.0,95.0,95.0,-1.04,200.0,870.0,0.0
KRBL,9/4/2013,95.0,94.0,93.0,93.0,-2.11,50.0,870.0,0.0
KRBL,9/25/2013,93.0,93.0,93.0,93.0,0.0,30.0,870.0,0.0
KRBL,11/28/2013,93.0,92.0,87.0,87.0,-6.45,70.0,870.0,0.0
KRBL,12/1/2013,87.0,86.0,80.0,80.0,-8.05,350.0,870.0,0.0
KRBL,12/2/2013,80.0,85.0,79.0,85.0,6.25,1460.0,870.0,0.0
KRBL,12/3/2013,85.0,93.0,86.0,93.0,9.41,2050.0,870.0,0.0
KRBL,12/4/2013,93.0,97.0,94.0,97.0,4.3,120.0,870.0,0.0
KRBL,12/5/2013,97.0,100.0,98.0,99.0,2.06,1150.0,870.0,0.0
KRBL,12/8/2013,99.0,98.0,96.0,96.0,-3.03,500.0,870.0,0.0
KRBL,12/9/2013,96.0,97.0,95.0,97.0,1.04,240.0,870.0,0.0
KRBL,12/10/2013,97.0,98.0,97.0,98.0,1.03,320.0,870.0,0.0
KRBL,12/11/2013,98.0,97.0,93.0,94.0,-4.08,450.0,870.0,0.0
KRBL,12/12/2013,94.0,93.0,93.0,93.0,-1.06,150.0,870.0,0.0
KRBL,12/15/2013,93.0,95.0,94.0,94.0,1.08,270.0,870.0,0.0
KRBL,12/29/2013,94.0,93.0,92.0,92.0,-2.13,310.0,870.0,0.0
KRBL,1/6/2014,92.0,91.0,86.0,87.0,-5.43,220.0,870.0,0.0
KRBL,1/7/2014,87.0,86.0,85.0,85.0,-2.3,850.0,870.0,0.0
KRBL,1/8/2014,85.0,84.0,84.0,84.0,-1.18,1120.0,870.0,0.0
KRBL,1/9/2014,84.0,85.0,83.0,84.0,0.0,560.0,870.0,0.0
KRBL,1/12/2014,84.0,83.0,82.0,82.0,-2.38,160.0,870.0,0.0
KRBL,1/13/2014,82.0,82.0,80.0,82.0,0.0,420.0,870.0,0.0
KRBL,1/14/2014,82.0,83.0,81.0,83.0,1.22,570.0,870.0,0.0
KRBL,1/16/2014,83.0,83.0,82.0,83.0,0.0,300.0,870.0,0.0
KRBL,1/19/2014,83.0,84.0,83.0,84.0,1.2,50.0,870.0,0.0
KRBL,1/20/2014,84.0,86.0,83.0,86.0,2.38,1270.0,870.0,0.0
KRBL,1/21/2014,86.0,87.0,86.0,87.0,1.16,1380.0,870.0,0.0
KRBL,1/22/2014,87.0,88.0,86.0,87.0,0.0,160.0,870.0,0.0
KRBL,1/23/2014,87.0,88.0,86.0,88.0,1.15,220.0,870.0,0.0
KRBL,1/26/2014,88.0,93.0,87.0,93.0,5.68,630.0,870.0,0.0
KRBL,1/27/2014,93.0,102.0,92.0,102.0,9.68,1120.0,870.0,0.0
KRBL,1/28/2014,102.0,112.0,100.0,112.0,9.8,1370.0,870.0,0.0
KRBL,1/29/2014,112.0,118.0,112.0,116.0,3.57,3370.0,870.0,0.0
KRBL,2/2/2014,116.0,114.0,114.0,114.0,-1.72,500.0,870.0,0.0
KRBL,2/3/2014,114.0,112.0,112.0,112.0,-1.75,530.0,870.0,0.0
KRBL,2/6/2014,101.0,106.0,101.0,105.0,-6.25,670.0,870.0,0.0
KRBL,2/9/2014,105.0,107.0,103.0,106.0,0.95,1560.0,870.0,0.0
KRBL,2/10/2014,106.0,112.0,108.0,111.0,4.72,2180.0,870.0,0.0
KRBL,2/11/2014,111.0,122.0,113.0,120.0,8.11,3930.0,870.0,0.0
KRBL,2/12/2014,120.0,120.0,116.0,120.0,0.0,580.0,870.0,0.0
KRBL,2/13/2014,120.0,118.0,108.0,111.0,-7.5,1510.0,870.0,0.0
KRBL,2/16/2014,111.0,110.0,104.0,106.0,-4.5,150.0,870.0,0.0
KRBL,2/17/2014,106.0,116.0,104.0,116.0,9.43,1010.0,870.0,0.0
KRBL,2/18/2014,116.0,114.0,110.0,114.0,-1.72,680.0,870.0,0.0
KRBL,2/23/2014,114.0,118.0,114.0,118.0,3.51,420.0,870.0,0.0
KRBL,2/24/2014,118.0,120.0,120.0,120.0,1.69,80.0,870.0,0.0
KRBL,2/25/2014,120.0,118.0,116.0,116.0,-3.33,260.0,870.0,0.0
KRBL,2/26/2014,116.0,114.0,112.0,112.0,-3.45,680.0,870.0,0.0
KRBL,3/3/2014,112.0,110.0,103.0,103.0,-8.04,950.0,870.0,0.0
KRBL,3/4/2014,103.0,105.0,102.0,103.0,0.0,1050.0,870.0,0.0
KRBL,3/5/2014,103.0,104.0,100.0,104.0,0.97,360.0,870.0,0.0
KRBL,3/6/2014,104.0,114.0,105.0,114.0,9.62,1150.0,870.0,0.0
KRBL,3/9/2014,114.0,112.0,112.0,112.0,-1.75,70.0,870.0,0.0
KRBL,3/11/2014,112.0,110.0,108.0,110.0,-1.79,60.0,870.0,0.0
KRBL,3/12/2014,110.0,108.0,108.0,108.0,-1.82,40.0,870.0,0.0
KRBL,3/13/2014,108.0,106.0,104.0,105.0,-2.78,360.0,870.0,0.0
KRBL,3/17/2014,105.0,103.0,103.0,103.0,-1.9,380.0,870.0,0.0
KRBL,3/18/2014,103.0,102.0,98.0,98.0,-4.85,1060.0,870.0,0.0
KRBL,3/19/2014,98.0,102.0,99.0,100.0,2.04,1140.0,870.0,0.0
KRBL,3/20/2014,100.0,100.0,98.0,100.0,0.0,560.0,870.0,0.0
KRBL,3/23/2014,100.0,104.0,98.0,104.0,4.0,1070.0,870.0,0.0
KRBL,3/24/2014,104.0,104.0,103.0,103.0,-0.96,180.0,870.0,0.0
KRBL,3/25/2014,103.0,101.0,99.0,99.0,-3.88,60.0,870.0,0.0
KRBL,3/26/2014,99.0,100.0,100.0,100.0,1.01,60.0,870.0,0.0
KRBL,3/27/2014,100.0,104.0,100.0,104.0,4.0,300.0,870.0,0.0
KRBL,3/31/2014,104.0,102.0,102.0,102.0,-1.92,40.0,870.0,0.0
KRBL,4/1/2014,102.0,100.0,100.0,100.0,-1.96,310.0,870.0,0.0
KRBL,4/2/2014,100.0,108.0,100.0,108.0,8.0,2360.0,870.0,0.0
KRBL,4/3/2014,108.0,116.0,110.0,110.0,1.85,3400.0,870.0,0.0
KRBL,4/7/2014,110.0,108.0,106.0,106.0,-3.64,300.0,870.0,0.0
KRBL,4/9/2014,106.0,107.0,105.0,105.0,-0.94,230.0,870.0,0.0
KRBL,4/13/2014,105.0,103.0,103.0,103.0,-1.9,20.0,870.0,0.0
KRBL,4/15/2014,103.0,103.0,101.0,103.0,0.0,490.0,870.0,0.0
KRBL,4/16/2014,103.0,104.0,102.0,104.0,0.97,200.0,870.0,0.0
KRBL,4/17/2014,104.0,108.0,102.0,108.0,3.85,1280.0,870.0,0.0
KRBL,4/20/2014,108.0,106.0,102.0,106.0,-1.85,230.0,870.0,0.0
KRBL,4/21/2014,106.0,110.0,108.0,110.0,3.77,490.0,870.0,0.0
KRBL,4/22/2014,110.0,108.0,108.0,108.0,-1.82,10.0,870.0,0.0
KRBL,4/23/2014,108.0,106.0,101.0,101.0,-6.48,420.0,870.0,0.0
KRBL,4/27/2014,101.0,106.0,101.0,106.0,4.95,200.0,870.0,0.0
KRBL,4/28/2014,106.0,110.0,104.0,110.0,3.77,700.0,870.0,0.0
KRBL,4/29/2014,110.0,116.0,112.0,116.0,5.45,560.0,870.0,0.0
KRBL,5/5/2014,116.0,114.0,114.0,114.0,-1.72,20.0,870.0,0.0
KRBL,5/6/2014,114.0,112.0,112.0,112.0,-1.75,10.0,870.0,0.0
KRBL,5/7/2014,112.0,112.0,112.0,112.0,0.0,670.0,870.0,0.0
KRBL,5/8/2014,112.0,110.0,104.0,104.0,-7.14,350.0,870.0,0.0
KRBL,5/11/2014,104.0,108.0,104.0,106.0,1.92,430.0,870.0,0.0
KRBL,5/12/2014,106.0,109.0,104.0,109.0,2.83,200.0,870.0,0.0
KRBL,5/13/2014,109.0,113.0,110.0,113.0,3.67,1030.0,870.0,0.0
KRBL,5/18/2014,113.0,113.0,111.0,111.0,-1.77,1010.0,870.0,0.0
KRBL,5/19/2014,111.0,122.0,113.0,122.0,9.91,920.0,870.0,0.0
KRBL,5/20/2014,122.0,134.0,122.0,134.0,9.84,4200.0,870.0,0.0
KRBL,5/21/2014,134.0,147.0,135.0,145.0,8.21,2360.0,870.0,0.0
KRBL,5/22/2014,145.0,149.0,145.0,148.0,2.07,2870.0,870.0,0.0
KRBL,5/25/2014,148.0,147.0,144.0,144.0,-2.7,210.0,870.0,0.0
KRBL,6/1/2014,144.0,142.0,140.0,140.0,-2.78,360.0,870.0,0.0
KRBL,6/3/2014,140.0,138.0,134.0,134.0,-4.29,530.0,870.0,0.0
KRBL,6/4/2014,134.0,132.0,130.0,130.0,-2.99,350.0,870.0,0.0
KRBL,6/5/2014,130.0,134.0,128.0,133.0,2.31,1090.0,870.0,0.0
KRBL,6/8/2014,133.0,137.0,131.0,137.0,3.01,770.0,870.0,0.0
KRBL,6/9/2014,137.0,140.0,135.0,135.0,-1.46,1510.0,870.0,0.0
KRBL,6/10/2014,135.0,137.0,131.0,137.0,1.48,320.0,870.0,0.0
KRBL,6/11/2014,137.0,135.0,133.0,133.0,-2.92,720.0,870.0,0.0
KRBL,6/12/2014,133.0,137.0,132.0,137.0,3.01,2930.0,870.0,0.0
KRBL,6/15/2014,137.0,135.0,129.0,130.0,-5.11,310.0,870.0,0.0
KRBL,6/16/2014,130.0,134.0,130.0,134.0,3.08,1260.0,870.0,0.0
KRBL,6/17/2014,134.0,147.0,134.0,147.0,9.7,1260.0,870.0,0.0
KRBL,6/18/2014,147.0,149.0,147.0,147.0,0.0,360.0,870.0,0.0
KRBL,6/19/2014,147.0,150.0,148.0,150.0,2.04,1440.0,870.0,0.0
KRBL,6/23/2014,150.0,152.0,147.0,150.0,0.0,700.0,870.0,0.0
KRBL,6/24/2014,150.0,148.0,146.0,147.0,-2.0,470.0,870.0,0.0
KRBL,6/25/2014,147.0,145.0,141.0,141.0,-4.08,210.0,870.0,0.0
KRBL,6/26/2014,141.0,143.0,139.0,143.0,1.42,640.0,870.0,0.0
KRBL,6/29/2014,143.0,149.0,141.0,149.0,4.2,1740.0,870.0,0.0
KRBL,6/30/2014,149.0,154.0,150.0,151.0,1.34,1130.0,870.0,0.0
KRBL,7/1/2014,151.0,152.0,148.0,148.0,-1.99,710.0,870.0,0.0
KRBL,7/2/2014,148.0,162.0,148.0,162.0,9.46,2460.0,870.0,0.0
KRBL,7/3/2014,162.0,160.0,160.0,160.0,-1.23,840.0,870.0,0.0
KRBL,7/6/2014,160.0,157.0,157.0,157.0,-1.88,500.0,870.0,0.0
KRBL,7/7/2014,157.0,166.0,154.0,166.0,5.73,1060.0,870.0,0.0
KRBL,7/8/2014,166.0,178.0,163.0,178.0,7.23,1290.0,870.0,0.0
KRBL,7/9/2014,178.0,175.0,175.0,175.0,-1.69,10.0,870.0,0.0
KRBL,7/10/2014,175.0,179.0,175.0,179.0,2.29,820.0,870.0,0.0
KRBL,7/13/2014,179.0,180.0,176.0,180.0,0.56,880.0,870.0,0.0
KRBL,7/14/2014,180.0,192.0,180.0,187.0,3.89,2790.0,870.0,0.0
KRBL,7/15/2014,187.0,190.0,187.0,190.0,1.6,1820.0,870.0,0.0
KRBL,7/16/2014,190.0,193.0,190.0,193.0,1.58,230.0,870.0,0.0
KRBL,7/17/2014,193.0,204.0,194.0,204.0,5.7,950.0,870.0,0.0
KRBL,7/20/2014,204.0,220.0,205.0,220.0,7.84,1360.0,870.0,0.0
KRBL,7/21/2014,220.0,242.0,217.0,242.0,10.0,2140.0,870.0,0.0
KRBL,7/22/2014,242.0,266.0,240.0,266.0,9.92,4740.0,870.0,0.0
KRBL,7/23/2014,266.0,267.0,261.0,265.0,-0.38,2470.0,870.0,0.0
KRBL,7/24/2014,265.0,264.0,255.0,257.0,-3.02,1850.0,870.0,0.0
KRBL,7/27/2014,257.0,261.0,253.0,261.0,1.56,900.0,870.0,0.0
KRBL,7/28/2014,261.0,275.0,266.0,275.0,5.36,450.0,870.0,0.0
KRBL,7/30/2014,275.0,270.0,260.0,265.0,-3.64,2210.0,870.0,0.0
KRBL,7/31/2014,265.0,260.0,250.0,260.0,-1.89,390.0,870.0,0.0
KRBL,8/3/2014,260.0,286.0,260.0,286.0,10.0,2561.0,870.0,0.0
KRBL,8/4/2014,286.0,291.0,281.0,285.0,-0.35,2570.0,870.0,0.0
KRBL,8/5/2014,285.0,290.0,280.0,284.0,-0.35,1720.0,870.0,0.0
KRBL,8/6/2014,284.0,285.0,276.0,276.0,-2.82,1160.0,870.0,0.0
KRBL,8/13/2014,276.0,271.0,261.0,261.0,-5.43,80.0,870.0,0.0
KRBL,8/14/2014,261.0,256.0,246.0,248.0,-4.98,1050.0,870.0,0.0
KRBL,8/18/2014,248.0,244.0,236.0,236.0,-4.84,640.0,870.0,0.0
KRBL,8/19/2014,236.0,235.0,227.0,227.0,-3.81,830.0,870.0,0.0
KRBL,8/20/2014,227.0,223.0,212.0,215.0,-5.29,1270.0,870.0,0.0
KRBL,8/21/2014,215.0,216.0,211.0,216.0,0.47,2020.0,870.0,0.0
KRBL,8/24/2014,216.0,215.0,207.0,214.0,-0.93,1080.0,870.0,0.0
KRBL,8/25/2014,214.0,210.0,207.0,207.0,-3.27,220.0,870.0,0.0
KRBL,8/26/2014,207.0,211.0,201.0,208.0,0.48,770.0,870.0,0.0
KRBL,8/27/2014,208.0,220.0,212.0,216.0,3.85,210.0,870.0,0.0
KRBL,8/28/2014,216.0,216.0,216.0,216.0,0.0,3710.0,870.0,0.0
KRBL,8/31/2014,216.0,212.0,208.0,208.0,-3.7,160.0,870.0,0.0
KRBL,9/1/2014,208.0,205.0,201.0,201.0,-3.37,560.0,870.0,0.0
KRBL,9/3/2014,201.0,198.0,194.0,198.0,-1.49,430.0,870.0,0.0
KRBL,9/4/2014,198.0,195.0,195.0,195.0,-1.52,10.0,870.0,0.0
KRBL,9/7/2014,195.0,192.0,187.0,192.0,-1.54,460.0,870.0,0.0
KRBL,9/9/2014,192.0,197.0,191.0,196.0,2.08,1860.0,870.0,0.0
KRBL,9/10/2014,196.0,199.0,194.0,198.0,1.02,630.0,870.0,0.0
KRBL,9/11/2014,198.0,198.0,195.0,195.0,-1.52,1080.0,870.0,0.0
KRBL,9/14/2014,195.0,194.0,190.0,192.0,-1.54,460.0,870.0,0.0
KRBL,9/15/2014,192.0,197.0,187.0,197.0,2.6,560.0,870.0,0.0
KRBL,9/16/2014,197.0,198.0,195.0,196.0,-0.51,120.0,870.0,0.0
KRBL,9/17/2014,196.0,198.0,193.0,196.0,0.0,960.0,870.0,0.0
KRBL,9/18/2014,196.0,193.0,188.0,188.0,-4.08,490.0,870.0,0.0
KRBL,9/21/2014,188.0,188.0,182.0,188.0,0.0,260.0,870.0,0.0
KRBL,9/22/2014,188.0,186.0,185.0,185.0,-1.6,520.0,870.0,0.0
KRBL,9/23/2014,185.0,188.0,185.0,188.0,1.62,20.0,870.0,0.0
KRBL,9/28/2014,188.0,186.0,184.0,185.0,-1.6,410.0,870.0,0.0
KRBL,9/29/2014,185.0,182.0,182.0,182.0,-1.62,30.0,870.0,0.0
KRBL,10/8/2014,182.0,184.0,181.0,184.0,1.1,130.0,870.0,0.0
KRBL,10/9/2014,184.0,186.0,183.0,186.0,1.09,110.0,870.0,0.0
KRBL,10/12/2014,186.0,204.0,185.0,204.0,9.68,260.0,870.0,0.0
KRBL,10/13/2014,204.0,204.0,200.0,204.0,0.0,280.0,870.0,0.0
KRBL,10/14/2014,204.0,216.0,208.0,212.0,3.92,300.0,870.0,0.0
KRBL,10/15/2014,212.0,214.0,206.0,206.0,-2.83,190.0,870.0,0.0
KRBL,10/16/2014,206.0,210.0,203.0,204.0,-0.97,210.0,870.0,0.0
KRBL,11/6/2014,204.0,208.0,206.0,208.0,1.96,1080.0,870.0,0.0
KRBL,11/9/2014,208.0,205.0,196.0,196.0,-5.77,90.0,870.0,0.0
KRBL,11/10/2014,196.0,193.0,193.0,193.0,-1.53,210.0,870.0,0.0
KRBL,11/11/2014,193.0,193.0,193.0,193.0,0.0,100.0,870.0,0.0
KRBL,11/12/2014,193.0,190.0,184.0,188.0,-2.59,1260.0,870.0,0.0
KRBL,11/13/2014,188.0,185.0,185.0,185.0,-1.6,20.0,870.0,0.0
KRBL,11/16/2014,185.0,183.0,182.0,182.0,-1.62,220.0,870.0,0.0
KRBL,11/19/2014,182.0,179.0,170.0,175.0,-3.85,220.0,870.0,0.0
KRBL,11/20/2014,175.0,172.0,169.0,169.0,-3.43,160.0,870.0,0.0
KRBL,11/24/2014,169.0,166.0,166.0,166.0,-1.78,40.0,870.0,0.0
KRBL,11/25/2014,166.0,163.0,163.0,163.0,-1.81,120.0,870.0,0.0
KRBL,11/30/2014,163.0,165.0,165.0,165.0,1.23,80.0,870.0,0.0
KRBL,12/2/2014,165.0,162.0,156.0,156.0,-5.45,380.0,870.0,0.0
KRBL,12/3/2014,156.0,153.0,147.0,147.0,-5.77,780.0,870.0,0.0
KRBL,12/4/2014,147.0,145.0,145.0,145.0,-1.36,50.0,870.0,0.0
KRBL,12/7/2014,145.0,143.0,141.0,141.0,-2.76,660.0,870.0,0.0
KRBL,12/8/2014,141.0,140.0,140.0,140.0,-0.71,160.0,870.0,0.0
KRBL,12/9/2014,140.0,142.0,140.0,140.0,0.0,150.0,870.0,0.0
KRBL,12/10/2014,140.0,140.0,138.0,138.0,-1.43,330.0,870.0,0.0
KRBL,12/11/2014,138.0,142.0,138.0,142.0,2.9,320.0,870.0,0.0
KRBL,12/15/2014,142.0,156.0,144.0,156.0,9.86,150.0,870.0,0.0
KRBL,12/16/2014,156.0,159.0,159.0,159.0,1.92,10.0,870.0,0.0
KRBL,12/18/2014,159.0,156.0,156.0,156.0,-1.89,120.0,870.0,0.0
KRBL,12/21/2014,156.0,156.0,153.0,153.0,-1.92,70.0,870.0,0.0
KRBL,12/22/2014,153.0,150.0,149.0,149.0,-2.61,200.0,870.0,0.0
KRBL,12/23/2014,149.0,150.0,145.0,145.0,-2.68,570.0,870.0,0.0
KRBL,12/24/2014,145.0,145.0,145.0,145.0,0.0,200.0,870.0,0.0
KRBL,12/28/2014,145.0,145.0,145.0,145.0,0.0,170.0,870.0,0.0
KRBL,12/29/2014,145.0,145.0,143.0,143.0,-1.38,30.0,870.0,0.0
KRBL,1/4/2015,143.0,145.0,143.0,145.0,1.4,490.0,870.0,0.0
KRBL,1/5/2015,145.0,147.0,147.0,147.0,1.38,10.0,870.0,0.0
KRBL,1/6/2015,147.0,151.0,149.0,151.0,2.72,50.0,870.0,0.0
KRBL,1/7/2015,151.0,152.0,151.0,151.0,0.0,80.0,870.0,0.0
KRBL,1/8/2015,151.0,160.0,154.0,160.0,5.96,40.0,870.0,0.0
KRBL,1/11/2015,160.0,158.0,157.0,157.0,-1.88,60.0,870.0,0.0
KRBL,1/12/2015,157.0,160.0,154.0,160.0,1.91,110.0,870.0,0.0
KRBL,1/13/2015,160.0,166.0,160.0,166.0,3.75,190.0,870.0,0.0
KRBL,1/14/2015,166.0,182.0,169.0,182.0,9.64,1080.0,870.0,0.0
KRBL,1/18/2015,182.0,200.0,185.0,200.0,9.89,2100.0,870.0,0.0
KRBL,1/19/2015,200.0,204.0,196.0,200.0,0.0,3130.0,870.0,0.0
KRBL,1/20/2015,200.0,208.0,196.0,206.0,3.0,1100.0,870.0,0.0
KRBL,1/22/2015,206.0,214.0,199.0,214.0,3.88,1200.0,870.0,0.0
KRBL,1/25/2015,214.0,235.0,218.0,235.0,9.81,2830.0,870.0,0.0
KRBL,1/26/2015,235.0,249.0,235.0,249.0,5.96,780.0,870.0,0.0
KRBL,1/27/2015,249.0,252.0,228.0,228.0,-8.43,1750.0,870.0,0.0
KRBL,1/28/2015,228.0,224.0,216.0,216.0,-5.26,170.0,870.0,0.0
KRBL,1/29/2015,216.0,216.0,208.0,216.0,0.0,410.0,870.0,0.0
KRBL,2/1/2015,216.0,214.0,212.0,214.0,-0.93,310.0,870.0,0.0
KRBL,2/2/2015,214.0,226.0,215.0,226.0,5.61,380.0,870.0,0.0
KRBL,2/3/2015,226.0,224.0,216.0,220.0,-2.65,730.0,870.0,0.0
KRBL,2/4/2015,220.0,224.0,216.0,224.0,1.82,30.0,870.0,0.0
KRBL,2/5/2015,224.0,239.0,220.0,239.0,6.7,3770.0,870.0,0.0
KRBL,2/8/2015,239.0,243.0,231.0,243.0,1.67,1330.0,870.0,0.0
KRBL,2/9/2015,243.0,239.0,227.0,227.0,-6.58,300.0,870.0,0.0
KRBL,2/10/2015,227.0,239.0,230.0,235.0,3.52,560.0,870.0,0.0
KRBL,2/11/2015,235.0,241.0,225.0,241.0,2.55,1270.0,870.0,0.0
KRBL,2/12/2015,241.0,265.0,244.0,265.0,9.96,10980.0,870.0,0.0
KRBL,2/15/2015,265.0,270.0,254.0,255.0,-3.77,1280.0,870.0,0.0
KRBL,2/16/2015,255.0,260.0,250.0,260.0,1.96,680.0,870.0,0.0
KRBL,2/18/2015,260.0,276.0,261.0,276.0,6.15,2260.0,870.0,0.0
KRBL,2/22/2015,276.0,300.0,271.0,300.0,8.7,6480.0,870.0,0.0
KRBL,2/23/2015,300.0,324.0,297.0,320.0,6.67,9960.0,870.0,0.0
KRBL,2/24/2015,320.0,350.0,326.0,340.0,6.25,8700.0,870.0,0.0
KRBL,2/25/2015,340.0,339.0,328.0,335.0,-1.47,2070.0,870.0,0.0
KRBL,2/26/2015,335.0,335.0,328.0,330.0,-1.49,2830.0,870.0,0.0
KRBL,3/1/2015,330.0,330.0,318.0,327.0,-0.91,8290.0,870.0,0.0
KRBL,3/2/2015,327.0,339.0,320.0,339.0,3.67,6120.0,870.0,0.0
KRBL,3/3/2015,339.0,339.0,322.0,324.0,-4.42,8910.0,870.0,0.0
KRBL,3/4/2015,259.0,284.0,264.0,284.0,-12.35,2340.0,870.0,0.0
KRBL,3/9/2015,284.0,298.0,280.0,280.0,-1.41,2230.0,870.0,0.0
KRBL,3/10/2015,280.0,289.0,282.0,289.0,3.21,1010.0,870.0,0.0
KRBL,3/11/2015,289.0,299.0,293.0,295.0,2.08,1080.0,870.0,0.0
KRBL,3/12/2015,295.0,290.0,282.0,282.0,-4.41,90.0,870.0,0.0
KRBL,3/15/2015,282.0,294.0,287.0,290.0,2.84,610.0,870.0,0.0
KRBL,3/16/2015,290.0,292.0,292.0,292.0,0.69,280.0,870.0,0.0
KRBL,3/17/2015,292.0,295.0,290.0,294.0,0.68,680.0,870.0,0.0
KRBL,3/19/2015,294.0,289.0,285.0,287.0,-2.38,670.0,870.0,0.0
KRBL,3/22/2015,287.0,285.0,282.0,282.0,-1.74,1050.0,870.0,0.0
KRBL,3/23/2015,282.0,278.0,277.0,277.0,-1.77,100.0,870.0,0.0
KRBL,3/24/2015,277.0,272.0,262.0,262.0,-5.42,340.0,870.0,0.0
KRBL,3/25/2015,262.0,267.0,258.0,267.0,1.91,430.0,870.0,0.0
KRBL,3/26/2015,267.0,265.0,265.0,265.0,-0.75,120.0,870.0,0.0
KRBL,3/29/2015,265.0,265.0,265.0,265.0,0.0,483.0,870.0,0.0
KRBL,3/31/2015,265.0,260.0,255.0,255.0,-3.77,90.0,870.0,0.0
KRBL,4/1/2015,255.0,255.0,255.0,255.0,0.0,60.0,870.0,0.0
KRBL,4/5/2015,255.0,260.0,256.0,256.0,0.39,120.0,870.0,0.0
KRBL,4/6/2015,256.0,255.0,255.0,255.0,-0.39,60.0,870.0,0.0
KRBL,4/7/2015,255.0,250.0,250.0,250.0,-1.96,70.0,870.0,0.0
KRBL,4/12/2015,250.0,261.0,255.0,261.0,4.4,140.0,870.0,0.0
KRBL,4/13/2015,261.0,287.0,266.0,287.0,9.96,670.0,870.0,0.0
KRBL,4/15/2015,287.0,288.0,287.0,288.0,0.35,20.0,870.0,0.0
KRBL,4/16/2015,288.0,286.0,286.0,286.0,-0.69,170.0,870.0,0.0
KRBL,4/21/2015,286.0,283.0,278.0,278.0,-2.8,300.0,870.0,0.0
KRBL,6/9/2015,278.0,288.0,283.0,283.0,1.8,1520.0,870.0,0.0
KRBL,6/10/2015,283.0,278.0,278.0,278.0,-1.77,660.0,870.0,0.0
KRBL,6/11/2015,278.0,273.0,273.0,273.0,-1.8,50.0,870.0,0.0
KRBL,6/14/2015,273.0,268.0,263.0,263.0,-3.66,100.0,870.0,0.0
KRBL,6/15/2015,263.0,273.0,268.0,273.0,3.8,40.0,870.0,0.0
KRBL,6/16/2015,273.0,278.0,263.0,278.0,1.83,1890.0,870.0,0.0
KRBL,6/25/2015,278.0,273.0,273.0,273.0,-1.8,10.0,870.0,0.0
KRBL,6/28/2015,273.0,268.0,248.0,268.0,-1.83,1360.0,870.0,0.0
KRBL,7/1/2015,268.0,263.0,255.0,255.0,-4.85,500.0,870.0,0.0
KRBL,7/2/2015,255.0,252.0,248.0,252.0,-1.18,580.0,870.0,0.0
KRBL,7/6/2015,252.0,249.0,249.0,249.0,-1.19,200.0,870.0,0.0
KRBL,7/7/2015,249.0,249.0,245.0,249.0,0.0,290.0,870.0,0.0
KRBL,7/8/2015,249.0,250.0,245.0,245.0,-1.61,400.0,870.0,0.0
KRBL,7/9/2015,245.0,249.0,249.0,249.0,1.63,30.0,870.0,0.0
KRBL,7/12/2015,249.0,260.0,250.0,260.0,4.42,110.0,870.0,0.0
KRBL,7/13/2015,260.0,255.0,255.0,255.0,-1.92,10.0,870.0,0.0
KRBL,7/14/2015,255.0,266.0,255.0,266.0,4.31,990.0,870.0,0.0
KRBL,7/15/2015,266.0,266.0,265.0,266.0,0.0,440.0,870.0,0.0
KRBL,7/16/2015,266.0,272.0,266.0,267.0,0.38,840.0,870.0,0.0
KRBL,7/22/2015,267.0,286.0,272.0,276.0,3.37,650.0,870.0,0.0
KRBL,7/23/2015,276.0,285.0,276.0,285.0,3.26,1300.0,870.0,0.0
KRBL,7/27/2015,285.0,295.0,285.0,285.0,0.0,760.0,870.0,0.0
KRBL,7/28/2015,285.0,284.0,280.0,284.0,-0.35,170.0,870.0,0.0
KRBL,7/29/2015,284.0,280.0,266.0,266.0,-6.34,380.0,870.0,0.0
KRBL,7/30/2015,266.0,271.0,246.0,266.0,0.0,1340.0,870.0,0.0
KRBL,8/3/2015,266.0,279.0,270.0,271.0,1.88,740.0,870.0,0.0
KRBL,8/4/2015,271.0,271.0,263.0,263.0,-2.95,830.0,870.0,0.0
KRBL,8/5/2015,263.0,260.0,255.0,260.0,-1.14,164.0,870.0,0.0
KRBL,8/6/2015,260.0,265.0,260.0,265.0,1.92,364.0,870.0,0.0
KRBL,8/9/2015,265.0,265.0,260.0,265.0,0.0,110.0,870.0,0.0
KRBL,8/10/2015,265.0,265.0,262.0,263.0,-0.75,890.0,870.0,0.0
KRBL,8/11/2015,263.0,263.0,253.0,253.0,-3.8,730.0,870.0,0.0
KRBL,8/12/2015,253.0,250.0,242.0,243.0,-3.95,310.0,870.0,0.0
KRBL,8/13/2015,243.0,243.0,240.0,243.0,0.0,880.0,870.0,0.0
KRBL,8/16/2015,243.0,240.0,235.0,235.0,-3.29,240.0,870.0,0.0
KRBL,8/17/2015,235.0,231.0,231.0,231.0,-1.7,100.0,870.0,0.0
KRBL,8/18/2015,231.0,230.0,227.0,230.0,-0.43,90.0,870.0,0.0
KRBL,8/19/2015,230.0,231.0,231.0,231.0,0.43,70.0,870.0,0.0
KRBL,8/20/2015,231.0,236.0,228.0,236.0,2.16,320.0,870.0,0.0
KRBL,8/23/2015,236.0,232.0,228.0,228.0,-3.39,512.0,870.0,0.0
KRBL,8/24/2015,228.0,229.0,228.0,229.0,0.44,50.0,870.0,0.0
KRBL,8/25/2015,229.0,235.0,230.0,235.0,2.62,120.0,870.0,0.0
KRBL,8/26/2015,235.0,232.0,232.0,232.0,-1.28,200.0,870.0,0.0
KRBL,8/27/2015,232.0,251.0,236.0,251.0,8.19,370.0,870.0,0.0
KRBL,8/31/2015,251.0,266.0,256.0,260.0,3.59,870.0,870.0,0.0
KRBL,9/1/2015,260.0,265.0,255.0,265.0,1.92,1062.0,870.0,0.0
KRBL,9/2/2015,265.0,260.0,255.0,255.0,-3.77,310.0,870.0,0.0
KRBL,9/3/2015,255.0,265.0,260.0,265.0,3.92,500.0,870.0,0.0
KRBL,9/6/2015,265.0,270.0,265.0,265.0,0.0,740.0,870.0,0.0
KRBL,9/7/2015,265.0,265.0,265.0,265.0,0.0,100.0,870.0,0.0
KRBL,9/9/2015,265.0,265.0,260.0,260.0,-1.89,410.0,870.0,0.0
KRBL,9/10/2015,260.0,255.0,255.0,255.0,-1.92,190.0,870.0,0.0
KRBL,9/13/2015,255.0,260.0,255.0,256.0,0.39,850.0,870.0,0.0
KRBL,9/14/2015,256.0,257.0,257.0,257.0,0.39,500.0,870.0,0.0
KRBL,9/15/2015,257.0,262.0,262.0,262.0,1.95,170.0,870.0,0.0
KRBL,9/16/2015,262.0,265.0,260.0,265.0,1.15,885.0,870.0,0.0
KRBL,9/23/2015,265.0,260.0,259.0,259.0,-2.26,280.0,870.0,0.0
KRBL,9/24/2015,259.0,257.0,252.0,252.0,-2.7,570.0,870.0,0.0
KRBL,9/28/2015,252.0,252.0,252.0,252.0,0.0,82.0,870.0,0.0
KRBL,9/29/2015,252.0,247.0,247.0,247.0,-1.98,514.0,870.0,0.0
KRBL,9/30/2015,247.0,244.0,243.0,244.0,-1.21,560.0,870.0,0.0
KRBL,10/1/2015,244.0,262.0,248.0,262.0,7.38,960.0,870.0,0.0
KRBL,10/4/2015,262.0,262.0,257.0,257.0,-1.91,235.0,870.0,0.0
KRBL,10/5/2015,257.0,256.0,246.0,246.0,-4.28,650.0,870.0,0.0
KRBL,10/7/2015,246.0,242.0,239.0,239.0,-2.85,290.0,870.0,0.0
KRBL,10/8/2015,239.0,248.0,236.0,248.0,3.77,500.0,870.0,0.0
KRBL,10/15/2015,248.0,245.0,229.0,233.0,-6.05,250.0,870.0,0.0
KRBL,10/27/2015,233.0,253.0,237.0,253.0,8.58,50.0,870.0,0.0
KRBL,10/29/2015,253.0,248.0,240.0,240.0,-5.14,540.0,870.0,0.0
KRBL,11/8/2015,240.0,236.0,232.0,232.0,-3.33,180.0,870.0,0.0
KRBL,11/10/2015,232.0,228.0,224.0,224.0,-3.45,210.0,870.0,0.0
KRBL,11/16/2015,224.0,221.0,220.0,221.0,-1.34,210.0,870.0,0.0
KRBL,11/22/2015,221.0,217.0,210.0,212.0,-4.07,1700.0,870.0,0.0
KRBL,11/25/2015,212.0,216.0,216.0,216.0,1.89,30.0,870.0,0.0
KRBL,11/26/2015,216.0,212.0,212.0,212.0,-1.85,410.0,870.0,0.0
KRBL,12/1/2015,212.0,218.0,214.0,218.0,2.83,20.0,870.0,0.0
KRBL,12/2/2015,218.0,222.0,221.0,222.0,1.83,40.0,870.0,0.0
KRBL,12/6/2015,222.0,230.0,226.0,230.0,3.6,20.0,870.0,0.0
KRBL,12/7/2015,230.0,226.0,222.0,222.0,-3.48,87.0,870.0,0.0
KRBL,12/9/2015,222.0,229.0,225.0,229.0,3.15,20.0,870.0,0.0
KRBL,12/10/2015,229.0,225.0,217.0,217.0,-5.24,520.0,870.0,0.0
KRBL,12/13/2015,217.0,220.0,213.0,213.0,-1.84,680.0,870.0,0.0
KRBL,12/14/2015,213.0,209.0,205.0,205.0,-3.76,290.0,870.0,0.0
KRBL,12/15/2015,205.0,209.0,209.0,209.0,1.95,400.0,870.0,0.0
KRBL,12/20/2015,209.0,205.0,203.0,203.0,-2.87,300.0,870.0,0.0
KRBL,12/21/2015,203.0,203.0,203.0,203.0,0.0,200.0,870.0,0.0
KRBL,12/22/2015,203.0,200.0,200.0,200.0,-1.48,150.0,870.0,0.0
KRBL,12/23/2015,200.0,200.0,198.0,198.0,-1.0,190.0,870.0,0.0
KRBL,12/27/2015,198.0,200.0,197.0,200.0,1.01,730.0,870.0,0.0
KRBL,12/28/2015,200.0,198.0,197.0,197.0,-1.5,500.0,870.0,0.0
KRBL,12/29/2015,197.0,200.0,200.0,200.0,1.52,410.0,870.0,0.0
KRBL,12/31/2015,200.0,204.0,203.0,204.0,2.0,180.0,870.0,0.0
KRBL,1/5/2016,204.0,204.0,200.0,201.0,-1.47,590.0,870.0,0.0
KRBL,1/6/2016,201.0,220.0,205.0,220.0,9.45,1040.0,870.0,0.0
KRBL,1/7/2016,220.0,224.0,219.0,220.0,0.0,1080.0,870.0,0.0
KRBL,1/10/2016,220.0,218.0,218.0,218.0,-0.91,200.0,870.0,0.0
KRBL,1/11/2016,218.0,214.0,207.0,207.0,-5.05,135.0,870.0,0.0
KRBL,1/12/2016,207.0,207.0,199.0,202.0,-2.42,269.0,870.0,0.0
KRBL,1/13/2016,202.0,198.0,198.0,198.0,-1.98,30.0,870.0,0.0
KRBL,1/14/2016,198.0,198.0,192.0,198.0,0.0,318.0,870.0,0.0
KRBL,5/22/2016,154.0,169.0,157.0,169.0,-14.65,50.0,870.0,0.0
KRBL,5/23/2016,169.0,185.0,172.0,185.0,9.47,60.0,870.0,0.0
KRBL,5/24/2016,185.0,203.0,188.0,203.0,9.73,160.0,870.0,0.0
KRBL,5/25/2016,203.0,223.0,207.0,223.0,9.85,250.0,870.0,0.0
KRBL,5/26/2016,223.0,245.0,227.0,245.0,9.87,3730.0,870.0,0.0
KRBL,5/29/2016,245.0,269.0,249.0,269.0,9.8,2585.0,870.0,0.0
KRBL,5/30/2016,269.0,295.0,274.0,295.0,9.67,380.0,870.0,0.0
KRBL,5/31/2016,295.0,324.0,300.0,316.0,7.12,7735.0,870.0,0.0
KRBL,6/1/2016,316.0,322.0,285.0,285.0,-9.81,3630.0,870.0,0.0
KRBL,6/2/2016,285.0,280.0,270.0,270.0,-5.26,350.0,870.0,0.0
KRBL,6/6/2016,270.0,275.0,250.0,250.0,-7.41,910.0,870.0,0.0
KRBL,6/7/2016,250.0,255.0,238.0,240.0,-4.0,870.0,870.0,0.0
KRBL,6/8/2016,240.0,252.0,236.0,252.0,5.0,1880.0,870.0,0.0
KRBL,6/9/2016,252.0,265.0,255.0,255.0,1.19,2050.0,870.0,0.0
KRBL,6/13/2016,255.0,250.0,250.0,250.0,-1.96,350.0,870.0,0.0
KRBL,6/14/2016,250.0,245.0,245.0,245.0,-2.0,50.0,870.0,0.0
KRBL,6/15/2016,245.0,243.0,239.0,243.0,-0.82,1100.0,870.0,0.0
KRBL,6/16/2016,243.0,255.0,237.0,241.0,-0.82,1730.0,870.0,0.0
KRBL,6/19/2016,241.0,257.0,237.0,257.0,6.64,100.0,870.0,0.0
KRBL,6/20/2016,257.0,267.0,257.0,257.0,0.0,660.0,870.0,0.0
KRBL,6/21/2016,257.0,260.0,260.0,260.0,1.17,700.0,870.0,0.0
KRBL,6/22/2016,260.0,270.0,262.0,265.0,1.92,2420.0,870.0,0.0
KRBL,6/23/2016,265.0,260.0,256.0,256.0,-3.4,460.0,870.0,0.0
KRBL,6/26/2016,256.0,261.0,255.0,261.0,1.95,420.0,870.0,0.0
KRBL,6/27/2016,261.0,275.0,257.0,270.0,3.45,2170.0,870.0,0.0
KRBL,6/28/2016,270.0,282.0,270.0,280.0,3.7,2160.0,870.0,0.0
KRBL,6/29/2016,280.0,302.0,285.0,292.0,4.29,2610.0,870.0,0.0
KRBL,6/30/2016,292.0,288.0,283.0,283.0,-3.08,330.0,870.0,0.0
KRBL,7/3/2016,283.0,285.0,280.0,285.0,0.71,240.0,870.0,0.0
KRBL,7/4/2016,285.0,290.0,284.0,290.0,1.75,2370.0,870.0,0.0
KRBL,7/5/2016,290.0,312.0,275.0,306.0,5.52,3087.0,870.0,0.0
KRBL,7/6/2016,306.0,324.0,310.0,324.0,5.88,465.0,870.0,0.0
KRBL,7/10/2016,324.0,320.0,318.0,318.0,-1.85,450.0,870.0,0.0
KRBL,7/11/2016,318.0,318.0,312.0,312.0,-1.89,580.0,870.0,0.0
KRBL,7/12/2016,312.0,310.0,309.0,309.0,-0.96,400.0,870.0,0.0
KRBL,7/13/2016,309.0,303.0,292.0,292.0,-5.5,685.0,870.0,0.0
KRBL,7/14/2016,292.0,303.0,290.0,303.0,3.77,2350.0,870.0,0.0
KRBL,7/17/2016,303.0,297.0,292.0,293.0,-3.3,1060.0,870.0,0.0
KRBL,7/18/2016,293.0,290.0,290.0,290.0,-1.02,100.0,870.0,0.0
KRBL,7/19/2016,290.0,295.0,290.0,295.0,1.72,20.0,870.0,0.0
KRBL,7/20/2016,295.0,310.0,300.0,302.0,2.37,1905.0,870.0,0.0
KRBL,7/21/2016,302.0,332.0,302.0,332.0,9.93,5225.0,870.0,0.0
KRBL,7/25/2016,332.0,365.0,338.0,365.0,9.94,10335.0,870.0,0.0
KRBL,7/26/2016,365.0,401.0,365.0,401.0,9.86,10145.0,870.0,0.0
KRBL,7/27/2016,401.0,437.0,405.0,408.0,1.75,7840.0,870.0,0.0
KRBL,7/28/2016,408.0,417.0,403.0,403.0,-1.23,1930.0,870.0,0.0
KRBL,8/1/2016,403.0,395.0,395.0,395.0,-1.99,10.0,870.0,0.0
KRBL,8/2/2016,395.0,388.0,381.0,381.0,-3.54,1150.0,870.0,0.0
KRBL,8/3/2016,381.0,374.0,355.0,355.0,-6.82,1270.0,870.0,0.0
KRBL,8/4/2016,355.0,355.0,336.0,336.0,-5.35,1885.0,870.0,0.0
KRBL,8/7/2016,336.0,342.0,335.0,335.0,-0.3,660.0,870.0,0.0
KRBL,8/8/2016,335.0,330.0,324.0,324.0,-3.28,300.0,870.0,0.0
KRBL,8/10/2016,324.0,336.0,330.0,336.0,3.7,820.0,870.0,0.0
KRBL,8/11/2016,336.0,343.0,339.0,342.0,1.79,890.0,870.0,0.0
KRBL,8/15/2016,342.0,336.0,324.0,324.0,-5.26,1171.0,870.0,0.0
KRBL,8/16/2016,324.0,319.0,319.0,319.0,-1.54,50.0,870.0,0.0
KRBL,8/17/2016,319.0,338.0,325.0,333.0,4.39,1240.0,870.0,0.0
KRBL,8/23/2016,333.0,327.0,321.0,321.0,-3.6,200.0,870.0,0.0
KRBL,8/24/2016,321.0,321.0,315.0,315.0,-1.87,300.0,870.0,0.0
KRBL,8/28/2016,315.0,315.0,309.0,315.0,0.0,300.0,870.0,0.0
KRBL,8/30/2016,315.0,327.0,321.0,327.0,3.81,135.0,870.0,0.0
KRBL,8/31/2016,327.0,333.0,328.0,331.0,1.22,1600.0,870.0,0.0
KRBL,9/1/2016,331.0,335.0,329.0,335.0,1.21,300.0,870.0,0.0
KRBL,9/3/2016,335.0,368.0,330.0,368.0,9.85,2715.0,870.0,0.0
KRBL,9/4/2016,335.0,368.0,330.0,368.0,0.0,2715.0,870.0,0.0
KRBL,9/5/2016,368.0,403.0,372.0,402.0,9.24,720.0,870.0,0.0
KRBL,9/6/2016,402.0,434.0,391.0,391.0,-2.74,7385.0,870.0,0.0
KRBL,9/7/2016,391.0,398.0,394.0,394.0,0.77,750.0,870.0,0.0
KRBL,9/8/2016,394.0,398.0,380.0,397.0,0.76,2180.0,870.0,0.0
KRBL,9/11/2016,397.0,400.0,390.0,395.0,-0.5,1610.0,870.0,0.0
KRBL,9/12/2016,395.0,388.0,381.0,387.0,-2.03,1540.0,870.0,0.0
KRBL,9/14/2016,387.0,380.0,380.0,380.0,-1.81,130.0,870.0,0.0
KRBL,9/18/2016,380.0,376.0,375.0,375.0,-1.32,566.0,870.0,0.0
KRBL,9/20/2016,375.0,382.0,370.0,382.0,1.87,730.0,870.0,0.0
KRBL,10/2/2016,382.0,396.0,389.0,396.0,3.66,20.0,870.0,0.0
KRBL,11/7/2016,396.0,403.0,403.0,403.0,1.77,35.0,870.0,0.0
KRBL,11/30/2016,403.0,403.0,403.0,403.0,0.0,10.0,870.0,0.0
KRBL,12/5/2016,403.0,395.0,363.0,363.0,-9.93,60.0,870.0,0.0
KRBL,12/6/2016,363.0,356.0,327.0,327.0,-9.92,100.0,870.0,0.0
KRBL,12/7/2016,327.0,321.0,295.0,295.0,-9.79,290.0,870.0,0.0
KRBL,12/8/2016,295.0,290.0,267.0,285.0,-3.39,1185.0,870.0,0.0
KRBL,12/11/2016,285.0,285.0,285.0,285.0,0.0,70.0,870.0,0.0
KRBL,12/14/2016,285.0,285.0,270.0,270.0,-5.26,210.0,870.0,0.0
KRBL,12/15/2016,270.0,265.0,260.0,265.0,-1.85,739.0,870.0,0.0
KRBL,12/18/2016,265.0,266.0,255.0,255.0,-3.77,359.0,870.0,0.0
KRBL,12/19/2016,255.0,264.0,255.0,264.0,3.53,1877.0,870.0,0.0
KRBL,12/20/2016,264.0,260.0,255.0,255.0,-3.41,410.0,870.0,0.0
KRBL,12/21/2016,255.0,250.0,250.0,250.0,-1.96,222.0,870.0,0.0
KRBL,12/22/2016,250.0,245.0,241.0,241.0,-3.6,250.0,870.0,0.0
KRBL,12/26/2016,241.0,237.0,217.0,217.0,-9.96,1400.0,870.0,0.0
KRBL,12/27/2016,217.0,215.0,209.0,213.0,-1.84,910.0,870.0,0.0
KRBL,12/28/2016,213.0,209.0,205.0,205.0,-3.76,370.0,870.0,0.0
KRBL,12/29/2016,205.0,205.0,205.0,205.0,0.0,70.0,870.0,0.0
KRBL,1/3/2017,205.0,205.0,202.0,205.0,0.0,370.0,870.0,0.0
KRBL,1/4/2017,205.0,225.0,209.0,225.0,9.76,210.0,870.0,0.0
KRBL,1/5/2017,225.0,247.0,229.0,247.0,9.78,552.0,870.0,0.0
KRBL,1/8/2017,247.0,271.0,251.0,271.0,9.72,140.0,870.0,0.0
KRBL,1/9/2017,271.0,298.0,276.0,298.0,9.96,5406.0,870.0,0.0
KRBL,1/10/2017,298.0,327.0,303.0,327.0,9.73,4304.0,870.0,0.0
KRBL,1/11/2017,327.0,359.0,333.0,359.0,9.79,5266.0,870.0,0.0
KRBL,1/12/2017,359.0,352.0,325.0,325.0,-9.47,1527.0,870.0,0.0
KRBL,1/15/2017,325.0,342.0,324.0,330.0,1.54,760.0,870.0,0.0
KRBL,1/16/2017,330.0,330.0,297.0,297.0,-10.0,1791.0,870.0,0.0
KRBL,1/17/2017,297.0,300.0,290.0,295.0,-0.67,1287.0,870.0,0.0
KRBL,1/18/2017,295.0,290.0,280.0,283.0,-4.07,108.0,870.0,0.0
KRBL,1/19/2017,283.0,306.0,288.0,306.0,8.13,170.0,870.0,0.0
KRBL,1/22/2017,306.0,300.0,293.0,293.0,-4.25,1372.0,870.0,0.0
KRBL,1/23/2017,293.0,290.0,288.0,290.0,-1.02,125.0,870.0,0.0
KRBL,1/24/2017,290.0,285.0,280.0,280.0,-3.45,212.0,870.0,0.0
KRBL,1/26/2017,280.0,275.0,270.0,270.0,-3.57,70.0,870.0,0.0
KRBL,1/30/2017,270.0,265.0,265.0,265.0,-1.85,30.0,870.0,0.0
KRBL,1/31/2017,265.0,275.0,270.0,270.0,1.89,135.0,870.0,0.0
KRBL,2/1/2017,270.0,285.0,275.0,285.0,5.56,400.0,870.0,0.0
KRBL,2/2/2017,285.0,290.0,280.0,290.0,1.75,310.0,870.0,0.0
KRBL,2/5/2017,290.0,285.0,285.0,285.0,-1.72,50.0,870.0,0.0
KRBL,2/6/2017,285.0,285.0,275.0,275.0,-3.51,410.0,870.0,0.0
KRBL,2/7/2017,275.0,271.0,265.0,265.0,-3.64,612.0,870.0,0.0
KRBL,2/8/2017,265.0,265.0,260.0,265.0,0.0,200.0,870.0,0.0
KRBL,2/9/2017,265.0,265.0,260.0,260.0,-1.89,200.0,870.0,0.0
KRBL,2/13/2017,260.0,255.0,250.0,250.0,-3.85,136.0,870.0,0.0
KRBL,2/15/2017,250.0,260.0,250.0,260.0,4.0,575.0,870.0,0.0
KRBL,2/16/2017,260.0,270.0,265.0,270.0,3.85,290.0,870.0,0.0
KRBL,2/19/2017,270.0,265.0,255.0,260.0,-3.7,1050.0,870.0,0.0
KRBL,2/20/2017,260.0,270.0,255.0,255.0,-1.92,950.0,870.0,0.0
KRBL,2/21/2017,255.0,260.0,250.0,250.0,-1.96,396.0,870.0,0.0
KRBL,2/22/2017,250.0,275.0,255.0,275.0,10.0,3661.0,870.0,0.0
KRBL,2/23/2017,275.0,299.0,280.0,286.0,4.0,3919.0,870.0,0.0
KRBL,2/26/2017,286.0,291.0,286.0,291.0,1.75,250.0,870.0,0.0
KRBL,2/28/2017,291.0,291.0,287.0,287.0,-1.37,234.0,870.0,0.0
KRBL,3/2/2017,287.0,283.0,277.0,277.0,-3.48,260.0,870.0,0.0
KRBL,3/5/2017,277.0,278.0,272.0,272.0,-1.81,852.0,870.0,0.0
KRBL,3/6/2017,272.0,275.0,270.0,275.0,1.1,350.0,870.0,0.0
KRBL,3/7/2017,275.0,276.0,276.0,276.0,0.36,400.0,870.0,0.0
KRBL,3/9/2017,276.0,274.0,273.0,274.0,-0.72,512.0,870.0,0.0
KRBL,3/13/2017,274.0,278.0,273.0,273.0,-0.36,110.0,870.0,0.0
KRBL,3/15/2017,273.0,278.0,268.0,268.0,-1.83,515.0,870.0,0.0
KRBL,3/16/2017,268.0,266.0,263.0,263.0,-1.87,552.0,870.0,0.0
KRBL,3/19/2017,263.0,265.0,258.0,260.0,-1.14,2733.0,870.0,0.0
KRBL,3/20/2017,260.0,265.0,255.0,265.0,1.92,1042.0,870.0,0.0
KRBL,3/21/2017,265.0,280.0,260.0,275.0,3.77,2362.0,870.0,0.0
KRBL,3/22/2017,275.0,285.0,265.0,265.0,-3.64,2763.0,870.0,0.0
KRBL,3/23/2017,265.0,270.0,260.0,265.0,0.0,3367.0,870.0,0.0
KRBL,3/26/2017,265.0,285.0,265.0,280.0,5.66,1505.0,870.0,0.0
KRBL,3/28/2017,280.0,290.0,280.0,280.0,0.0,3605.0,870.0,0.0
KRBL,3/29/2017,280.0,285.0,275.0,275.0,-1.79,625.0,870.0,0.0
KRBL,3/30/2017,275.0,271.0,265.0,265.0,-3.64,3422.0,870.0,0.0
KRBL,4/2/2017,265.0,261.0,260.0,261.0,-1.51,151.0,870.0,0.0
KRBL,4/3/2017,261.0,272.0,256.0,256.0,-1.92,6887.0,870.0,0.0
KRBL,4/4/2017,256.0,270.0,250.0,257.0,0.39,3889.0,870.0,0.0
KRBL,4/6/2017,257.0,277.0,257.0,272.0,5.84,2595.0,870.0,0.0
KRBL,4/9/2017,272.0,272.0,267.0,269.0,-1.1,1808.0,870.0,0.0
KRBL,4/10/2017,269.0,280.0,270.0,280.0,4.09,3551.0,870.0,0.0
KRBL,4/11/2017,280.0,290.0,280.0,290.0,3.57,2034.0,870.0,0.0
KRBL,4/12/2017,290.0,317.0,290.0,299.0,3.1,3376.0,870.0,0.0
KRBL,4/13/2017,299.0,306.0,285.0,300.0,0.33,9160.0,870.0,0.0
KRBL,4/16/2017,300.0,305.0,294.0,305.0,1.67,7180.0,870.0,0.0
KRBL,4/18/2017,305.0,299.0,294.0,294.0,-3.61,320.0,870.0,0.0
KRBL,4/19/2017,294.0,295.0,291.0,291.0,-1.02,712.0,870.0,0.0
KRBL,4/20/2017,291.0,300.0,292.0,292.0,0.34,1863.0,870.0,0.0
KRBL,4/23/2017,292.0,321.0,297.0,321.0,9.93,1918.0,870.0,0.0
KRBL,4/24/2017,321.0,326.0,309.0,326.0,1.56,4549.0,870.0,0.0
KRBL,4/25/2017,326.0,323.0,310.0,311.0,-4.6,13302.0,870.0,0.0
KRBL,5/3/2017,288.0,311.0,278.0,311.0,0.0,4416.0,870.0,0.0
KRBL,5/4/2017,311.0,318.0,298.0,301.0,-3.22,4258.0,870.0,0.0
KRBL,5/7/2017,301.0,295.0,280.0,285.0,-5.32,297.0,870.0,0.0
KRBL,5/8/2017,285.0,295.0,285.0,285.0,0.0,2460.0,870.0,0.0
KRBL,5/9/2017,285.0,290.0,290.0,290.0,1.75,463.0,870.0,0.0
KRBL,5/11/2017,290.0,295.0,285.0,295.0,1.72,324.0,870.0,0.0
KRBL,5/15/2017,295.0,298.0,295.0,295.0,0.0,1038.0,870.0,0.0
KRBL,5/16/2017,295.0,291.0,290.0,290.0,-1.69,540.0,870.0,0.0
KRBL,5/17/2017,290.0,295.0,295.0,295.0,1.72,60.0,870.0,0.0
KRBL,5/18/2017,295.0,293.0,287.0,293.0,-0.68,3327.0,870.0,0.0
KRBL,5/21/2017,293.0,290.0,280.0,280.0,-4.44,524.0,870.0,0.0
KRBL,5/22/2017,280.0,280.0,276.0,280.0,0.0,102.0,870.0,0.0
KRBL,5/23/2017,280.0,276.0,275.0,276.0,-1.43,117.0,870.0,0.0
KRBL,5/24/2017,276.0,277.0,271.0,271.0,-1.81,900.0,870.0,0.0
KRBL,5/28/2017,271.0,267.0,257.0,257.0,-5.17,1210.0,870.0,0.0
KRBL,5/30/2017,257.0,282.0,262.0,282.0,9.73,426.0,870.0,0.0
KRBL,5/31/2017,282.0,310.0,287.0,310.0,9.93,10878.0,870.0,0.0
KRBL,6/1/2017,310.0,341.0,316.0,337.0,8.71,27824.0,870.0,0.0
KRBL,6/4/2017,337.0,343.0,318.0,320.0,-5.04,10046.0,870.0,0.0
KRBL,6/5/2017,320.0,321.0,305.0,310.0,-3.12,3491.0,870.0,0.0
KRBL,6/6/2017,310.0,327.0,315.0,327.0,5.48,1100.0,870.0,0.0
KRBL,6/7/2017,327.0,333.0,315.0,316.0,-3.36,5388.0,870.0,0.0
KRBL,6/8/2017,316.0,325.0,315.0,319.0,0.95,772.0,870.0,0.0
KRBL,6/11/2017,319.0,325.0,310.0,310.0,-2.82,1184.0,870.0,0.0
KRBL,6/12/2017,310.0,315.0,305.0,309.0,-0.32,339.0,870.0,0.0
KRBL,6/13/2017,309.0,305.0,305.0,305.0,-1.29,188.0,870.0,0.0
KRBL,6/14/2017,305.0,311.0,299.0,311.0,1.97,920.0,870.0,0.0
KRBL,6/15/2017,311.0,319.0,307.0,307.0,-1.29,1171.0,870.0,0.0
KRBL,6/18/2017,307.0,307.0,299.0,307.0,0.0,1053.0,870.0,0.0
KRBL,6/19/2017,307.0,304.0,295.0,295.0,-3.91,150.0,870.0,0.0
KRBL,6/20/2017,295.0,300.0,290.0,300.0,1.69,1416.0,870.0,0.0
KRBL,6/21/2017,300.0,312.0,297.0,312.0,4.0,1066.0,870.0,0.0
KRBL,6/22/2017,312.0,309.0,306.0,306.0,-1.92,802.0,870.0,0.0
KRBL,6/25/2017,306.0,302.0,300.0,300.0,-1.96,378.0,870.0,0.0
KRBL,6/27/2017,300.0,306.0,300.0,300.0,0.0,436.0,870.0,0.0
KRBL,6/28/2017,300.0,300.0,296.0,300.0,0.0,105.0,870.0,0.0
KRBL,7/2/2017,300.0,295.0,290.0,290.0,-3.33,1307.0,870.0,0.0
KRBL,7/3/2017,290.0,295.0,290.0,290.0,0.0,1540.0,870.0,0.0
KRBL,7/4/2017,290.0,290.0,285.0,290.0,0.0,300.0,870.0,0.0
KRBL,7/5/2017,290.0,290.0,290.0,290.0,0.0,30.0,870.0,0.0
KRBL,7/6/2017,290.0,290.0,285.0,290.0,0.0,170.0,870.0,0.0
KRBL,7/9/2017,290.0,290.0,285.0,285.0,-1.72,800.0,870.0,0.0
KRBL,7/10/2017,285.0,285.0,276.0,285.0,0.0,174.0,870.0,0.0
KRBL,7/11/2017,285.0,293.0,285.0,288.0,1.05,874.0,870.0,0.0
KRBL,7/12/2017,288.0,316.0,293.0,316.0,9.72,2983.0,870.0,0.0
KRBL,7/13/2017,316.0,338.0,317.0,317.0,0.32,7433.0,870.0,0.0
KRBL,7/16/2017,317.0,315.0,309.0,311.0,-1.89,612.0,870.0,0.0
KRBL,7/17/2017,311.0,308.0,304.0,305.0,-1.93,760.0,870.0,0.0
KRBL,7/18/2017,305.0,313.0,301.0,307.0,0.66,108.0,870.0,0.0
KRBL,7/19/2017,307.0,314.0,308.0,310.0,0.98,1784.0,870.0,0.0
KRBL,7/20/2017,310.0,312.0,305.0,310.0,0.0,1817.0,870.0,0.0
KRBL,7/23/2017,310.0,310.0,304.0,306.0,-1.29,218.0,870.0,0.0
KRBL,7/24/2017,306.0,306.0,298.0,298.0,-2.61,1449.0,870.0,0.0
KRBL,7/25/2017,298.0,303.0,298.0,303.0,1.68,1240.0,870.0,0.0
KRBL,7/26/2017,303.0,307.0,299.0,299.0,-1.32,1264.0,870.0,0.0
KRBL,7/27/2017,299.0,304.0,299.0,304.0,1.67,191.0,870.0,0.0
KRBL,7/30/2017,304.0,305.0,299.0,300.0,-1.32,2146.0,870.0,0.0
KRBL,7/31/2017,300.0,306.0,294.0,306.0,2.0,1270.0,870.0,0.0
KRBL,8/1/2017,306.0,306.0,300.0,306.0,0.0,686.0,870.0,0.0
KRBL,8/2/2017,306.0,305.0,305.0,305.0,-0.33,320.0,870.0,0.0
KRBL,8/3/2017,305.0,318.0,305.0,310.0,1.64,645.0,870.0,0.0
KRBL,8/6/2017,310.0,310.0,305.0,306.0,-1.29,2505.0,870.0,0.0
KRBL,8/7/2017,306.0,303.0,298.0,300.0,-1.96,1519.0,870.0,0.0
KRBL,8/9/2017,300.0,309.0,300.0,309.0,3.0,1204.0,870.0,0.0
KRBL,8/10/2017,309.0,315.0,306.0,309.0,0.0,3538.0,870.0,0.0
KRBL,8/13/2017,309.0,305.0,300.0,305.0,-1.29,1577.0,870.0,0.0
KRBL,8/15/2017,305.0,309.0,303.0,303.0,-0.66,602.0,870.0,0.0
KRBL,8/16/2017,303.0,305.0,303.0,303.0,0.0,1278.0,870.0,0.0
KRBL,8/17/2017,303.0,302.0,297.0,300.0,-0.99,514.0,870.0,0.0
KRBL,8/20/2017,300.0,300.0,294.0,294.0,-2.0,287.0,870.0,0.0
KRBL,8/21/2017,294.0,294.0,291.0,292.0,-0.68,578.0,870.0,0.0
KRBL,8/22/2017,292.0,300.0,291.0,300.0,2.74,386.0,870.0,0.0
KRBL,8/23/2017,300.0,294.0,290.0,290.0,-3.33,389.0,870.0,0.0
KRBL,8/27/2017,290.0,285.0,280.0,282.0,-2.76,615.0,870.0,0.0
KRBL,8/28/2017,282.0,285.0,281.0,284.0,0.71,366.0,870.0,0.0
KRBL,8/30/2017,284.0,284.0,284.0,284.0,0.0,69.0,870.0,0.0
KRBL,8/31/2017,284.0,285.0,281.0,281.0,-1.06,407.0,870.0,0.0
KRBL,9/4/2017,281.0,282.0,282.0,282.0,0.36,313.0,870.0,0.0
KRBL,9/7/2017,282.0,283.0,272.0,278.0,-1.42,621.0,870.0,0.0
KRBL,9/10/2017,278.0,273.0,258.0,259.0,-6.83,906.0,870.0,0.0
KRBL,9/11/2017,259.0,262.0,258.0,262.0,1.16,556.0,870.0,0.0
KRBL,9/12/2017,262.0,262.0,257.0,259.0,-1.15,1027.0,870.0,0.0
KRBL,9/13/2017,259.0,258.0,254.0,258.0,-0.39,208.0,870.0,0.0
KRBL,9/14/2017,258.0,275.0,262.0,275.0,6.59,418.0,870.0,0.0
KRBL,9/17/2017,275.0,280.0,280.0,280.0,1.82,100.0,870.0,0.0
KRBL,9/18/2017,280.0,280.0,278.0,278.0,-0.71,432.0,870.0,0.0
KRBL,9/24/2017,278.0,273.0,270.0,270.0,-2.88,154.0,870.0,0.0
KRBL,9/26/2017,270.0,274.0,270.0,274.0,1.48,582.0,870.0,0.0
KRBL,10/8/2017,274.0,270.0,270.0,270.0,-1.46,94.0,870.0,0.0
KRBL,10/9/2017,270.0,275.0,275.0,275.0,1.85,10.0,870.0,0.0
KRBL,10/10/2017,275.0,270.0,265.0,265.0,-3.64,187.0,870.0,0.0
KRBL,10/11/2017,265.0,260.0,259.0,259.0,-2.26,253.0,870.0,0.0
KRBL,10/12/2017,259.0,255.0,255.0,255.0,-1.54,144.0,870.0,0.0
KRBL,10/15/2017,255.0,251.0,250.0,251.0,-1.57,168.0,870.0,0.0
KRBL,10/16/2017,251.0,276.0,255.0,276.0,9.96,615.0,870.0,0.0
KRBL,10/17/2017,276.0,276.0,271.0,275.0,-0.36,213.0,870.0,0.0
KRBL,10/18/2017,275.0,280.0,280.0,280.0,1.82,28.0,870.0,0.0
KRBL,10/22/2017,280.0,281.0,280.0,280.0,0.0,500.0,870.0,0.0
KRBL,10/23/2017,280.0,275.0,275.0,275.0,-1.79,13.0,870.0,0.0
KRBL,10/24/2017,275.0,278.0,275.0,275.0,0.0,194.0,870.0,0.0
KRBL,10/25/2017,275.0,275.0,270.0,275.0,0.0,88.0,870.0,0.0
KRBL,10/29/2017,275.0,270.0,270.0,270.0,-1.82,86.0,870.0,0.0
KRBL,10/30/2017,270.0,265.0,260.0,260.0,-3.7,124.0,870.0,0.0
KRBL,10/31/2017,260.0,260.0,260.0,260.0,0.0,500.0,870.0,0.0
KRBL,11/1/2017,260.0,261.0,255.0,261.0,0.38,214.0,870.0,0.0
KRBL,11/2/2017,261.0,259.0,251.0,252.0,-3.45,908.0,870.0,0.0
KRBL,11/5/2017,252.0,262.0,257.0,262.0,3.97,97.0,870.0,0.0
KRBL,11/6/2017,262.0,257.0,247.0,247.0,-5.73,1339.0,870.0,0.0
KRBL,11/7/2017,247.0,247.0,243.0,246.0,-0.4,550.0,870.0,0.0
KRBL,11/8/2017,246.0,245.0,242.0,242.0,-1.63,700.0,870.0,0.0
KRBL,11/9/2017,242.0,245.0,240.0,242.0,0.0,1127.0,870.0,0.0
KRBL,11/12/2017,242.0,242.0,238.0,242.0,0.0,386.0,870.0,0.0
KRBL,11/13/2017,242.0,248.0,244.0,248.0,2.48,120.0,870.0,0.0
KRBL,11/14/2017,248.0,272.0,252.0,272.0,9.68,90.0,870.0,0.0
KRBL,11/15/2017,272.0,270.0,261.0,261.0,-4.04,871.0,870.0,0.0
KRBL,11/16/2017,261.0,260.0,255.0,255.0,-2.3,736.0,870.0,0.0
KRBL,11/19/2017,255.0,250.0,250.0,250.0,-1.96,18.0,870.0,0.0
KRBL,11/20/2017,250.0,249.0,245.0,249.0,-0.4,290.0,870.0,0.0
KRBL,11/21/2017,249.0,248.0,241.0,248.0,-0.4,680.0,870.0,0.0
KRBL,11/22/2017,248.0,265.0,248.0,256.0,3.23,1439.0,870.0,0.0
KRBL,11/23/2017,256.0,281.0,256.0,256.0,0.0,1741.0,870.0,0.0
KRBL,11/26/2017,256.0,281.0,261.0,281.0,9.77,6163.0,870.0,0.0
KRBL,11/27/2017,281.0,307.0,275.0,290.0,3.2,1854.0,870.0,0.0
KRBL,11/28/2017,290.0,306.0,276.0,304.0,4.83,7395.0,870.0,0.0
KRBL,11/29/2017,304.0,310.0,293.0,303.0,-0.33,2892.0,870.0,0.0
KRBL,11/30/2017,303.0,305.0,290.0,290.0,-4.29,2412.0,870.0,0.0
KRBL,12/4/2017,290.0,295.0,281.0,295.0,1.72,543.0,870.0,0.0
KRBL,12/5/2017,295.0,290.0,286.0,286.0,-3.05,320.0,870.0,0.0
KRBL,12/6/2017,286.0,282.0,282.0,282.0,-1.4,300.0,870.0,0.0
KRBL,12/10/2017,282.0,280.0,277.0,277.0,-1.77,170.0,870.0,0.0
KRBL,12/11/2017,277.0,275.0,269.0,269.0,-2.89,517.0,870.0,0.0
KRBL,12/12/2017,269.0,267.0,262.0,264.0,-1.86,990.0,870.0,0.0
KRBL,12/13/2017,264.0,277.0,262.0,272.0,3.03,1159.0,870.0,0.0
KRBL,12/14/2017,272.0,277.0,267.0,267.0,-1.84,243.0,870.0,0.0
KRBL,12/17/2017,267.0,265.0,262.0,265.0,-0.75,1170.0,870.0,0.0
KRBL,12/18/2017,265.0,291.0,270.0,277.0,4.53,7574.0,870.0,0.0
KRBL,12/19/2017,277.0,287.0,270.0,278.0,0.36,4372.0,870.0,0.0
KRBL,12/20/2017,278.0,280.0,275.0,275.0,-1.08,1272.0,870.0,0.0
KRBL,12/21/2017,275.0,275.0,270.0,270.0,-1.82,664.0,870.0,0.0
KRBL,12/24/2017,270.0,270.0,265.0,268.0,-0.74,550.0,870.0,0.0
KRBL,12/26/2017,268.0,269.0,264.0,269.0,0.37,459.0,870.0,0.0
KRBL,12/27/2017,269.0,278.0,258.0,258.0,-4.09,516.0,870.0,0.0
KRBL,12/28/2017,258.0,268.0,246.0,250.0,-3.1,4874.0,870.0,0.0
KRBL,12/31/2017,250.0,247.0,239.0,239.0,-4.4,1333.0,870.0,0.0
KRBL,1/1/2018,239.0,249.0,240.0,249.0,4.18,2846.0,870.0,0.0
KRBL,1/2/2018,249.0,251.0,241.0,241.0,-3.21,3656.0,870.0,0.0
KRBL,1/3/2018,241.0,243.0,226.0,230.0,-4.56,17024.0,870.0,0.0
KRBL,1/4/2018,140.0,146.0,137.0,137.0,-40.43,1120.0,870.0,0.0
KRBL,1/7/2018,137.0,140.0,137.0,140.0,2.19,1907.0,870.0,0.0
KRBL,1/8/2018,140.0,140.0,138.0,138.0,-1.43,1423.0,870.0,0.0
KRBL,1/9/2018,138.0,138.0,137.0,138.0,0.0,650.0,870.0,0.0
KRBL,1/10/2018,138.0,140.0,138.0,138.0,0.0,830.0,870.0,0.0
KRBL,1/14/2018,138.0,138.0,133.0,133.0,-3.62,846.0,870.0,0.0
KRBL,1/16/2018,133.0,133.0,130.0,133.0,0.0,1308.0,870.0,0.0
KRBL,1/17/2018,133.0,131.0,131.0,131.0,-1.5,30.0,870.0,0.0
KRBL,1/21/2018,131.0,133.0,128.0,133.0,1.53,662.0,870.0,0.0
KRBL,1/22/2018,133.0,135.0,131.0,135.0,1.5,350.0,870.0,0.0
KRBL,1/23/2018,135.0,133.0,131.0,131.0,-2.96,68.0,870.0,0.0
KRBL,1/24/2018,131.0,130.0,128.0,128.0,-2.29,847.0,870.0,0.0
KRBL,1/25/2018,128.0,130.0,128.0,130.0,1.56,423.0,870.0,0.0
KRBL,1/28/2018,130.0,134.0,130.0,130.0,0.0,1052.0,870.0,0.0
KRBL,1/29/2018,130.0,131.0,128.0,130.0,0.0,1654.0,870.0,0.0
KRBL,1/31/2018,130.0,133.0,130.0,130.0,0.0,246.0,870.0,0.0
KRBL,2/1/2018,130.0,128.0,128.0,128.0,-1.54,20.0,870.0,0.0
KRBL,2/4/2018,128.0,132.0,127.0,132.0,3.12,3024.0,870.0,0.0
KRBL,2/5/2018,132.0,132.0,130.0,130.0,-1.52,298.0,870.0,0.0
KRBL,2/6/2018,130.0,130.0,124.0,124.0,-4.62,1520.0,870.0,0.0
KRBL,2/7/2018,124.0,134.0,126.0,127.0,2.42,843.0,870.0,0.0
KRBL,2/8/2018,127.0,131.0,125.0,131.0,3.15,513.0,870.0,0.0
KRBL,2/11/2018,131.0,131.0,129.0,131.0,0.0,4168.0,870.0,0.0
KRBL,2/12/2018,131.0,134.0,130.0,134.0,2.29,1260.0,870.0,0.0
KRBL,2/14/2018,134.0,133.0,132.0,133.0,-0.75,200.0,870.0,0.0
KRBL,2/15/2018,133.0,135.0,132.0,135.0,1.5,1032.0,870.0,0.0
KRBL,2/18/2018,134.0,136.0,133.0,133.0,-1.48,1825.0,870.0,0.0
KRBL,2/20/2018,131.0,133.0,129.0,129.0,-3.01,277.0,870.0,0.0
KRBL,2/21/2018,129.0,131.0,127.0,127.0,-1.55,1002.0,870.0,0.0
KRBL,2/22/2018,125.0,128.0,125.0,127.0,0.0,801.0,870.0,0.0
KRBL,2/25/2018,125.0,127.0,125.0,127.0,0.0,488.0,870.0,0.0
KRBL,2/26/2018,129.0,129.0,129.0,129.0,1.57,100.0,870.0,0.0
KRBL,2/27/2018,127.0,129.0,127.0,128.0,-0.78,308.0,870.0,0.0
KRBL,2/28/2018,129.0,129.0,127.0,129.0,0.78,296.0,870.0,0.0
KRBL,3/4/2018,129.0,129.0,125.0,125.0,-3.1,650.0,870.0,0.0
KRBL,3/5/2018,123.0,125.0,121.0,123.0,-1.6,2250.0,870.0,0.0
KRBL,3/6/2018,125.0,125.0,125.0,125.0,1.63,270.0,870.0,0.0
KRBL,3/7/2018,124.0,125.0,124.0,125.0,0.0,56.0,870.0,0.0
KRBL,3/11/2018,124.0,125.0,121.0,121.0,-3.2,1100.0,870.0,0.0
KRBL,3/12/2018,120.0,122.0,120.0,122.0,0.83,618.0,870.0,0.0
KRBL,3/13/2018,122.0,122.0,121.0,122.0,0.0,1600.0,870.0,0.0
KRBL,3/14/2018,124.0,124.0,123.0,123.0,0.82,110.0,870.0,0.0
KRBL,3/15/2018,122.0,122.0,122.0,122.0,-0.81,260.0,870.0,0.0
KRBL,3/18/2018,120.0,124.0,120.0,124.0,1.64,130.0,870.0,0.0
KRBL,3/19/2018,122.0,122.0,122.0,122.0,-1.61,5486.0,870.0,0.0
KRBL,3/20/2018,122.0,122.0,120.0,120.0,-1.64,1884.0,870.0,0.0
KRBL,3/21/2018,122.0,122.0,120.0,120.0,0.0,190.0,870.0,0.0
KRBL,3/22/2018,120.0,120.0,120.0,120.0,0.0,213.0,870.0,0.0
KRBL,3/26/2018,122.0,122.0,118.0,118.0,-1.67,160.0,870.0,0.0
KRBL,3/27/2018,116.0,118.0,116.0,118.0,0.0,626.0,870.0,0.0
KRBL,3/28/2018,118.0,118.0,117.0,117.0,-0.85,288.0,870.0,0.0
KRBL,3/29/2018,117.0,119.0,117.0,119.0,1.71,360.0,870.0,0.0
KRBL,4/1/2018,117.0,117.0,114.0,114.0,-4.2,224.0,870.0,0.0
KRBL,4/2/2018,114.0,114.0,114.0,114.0,0.0,16.0,870.0,0.0
KRBL,4/3/2018,112.0,114.0,110.0,114.0,0.0,324.0,870.0,0.0
KRBL,4/4/2018,116.0,116.0,116.0,116.0,1.75,21.0,870.0,0.0
KRBL,4/5/2018,115.0,116.0,114.0,116.0,0.0,836.0,870.0,0.0
KRBL,4/8/2018,118.0,126.0,118.0,124.0,6.9,667.0,870.0,0.0
KRBL,4/9/2018,126.0,127.0,125.0,125.0,0.81,730.0,870.0,0.0
KRBL,4/10/2018,126.0,126.0,121.0,121.0,-3.2,230.0,870.0,0.0
KRBL,4/11/2018,123.0,123.0,121.0,121.0,0.0,40.0,870.0,0.0
KRBL,4/15/2018,120.0,120.0,120.0,120.0,-0.83,30.0,870.0,0.0
KRBL,4/16/2018,120.0,120.0,120.0,120.0,0.0,243.0,870.0,0.0
KRBL,4/17/2018,122.0,122.0,122.0,122.0,1.67,334.0,870.0,0.0
KRBL,4/18/2018,124.0,134.0,122.0,134.0,9.84,2722.0,870.0,0.0
KRBL,4/19/2018,136.0,137.0,134.0,137.0,2.24,1030.0,870.0,0.0
KRBL,4/22/2018,138.0,138.0,137.0,137.0,0.0,413.0,870.0,0.0
KRBL,4/23/2018,139.0,139.0,137.0,137.0,0.0,670.0,870.0,0.0
KRBL,4/25/2018,135.0,135.0,133.0,133.0,-2.92,215.0,870.0,0.0
KRBL,4/26/2018,131.0,131.0,131.0,131.0,-1.5,33.0,870.0,0.0
KRBL,5/2/2018,130.0,130.0,129.0,129.0,-1.53,80.0,870.0,0.0
KRBL,5/3/2018,127.0,127.0,123.0,125.0,-3.1,312.0,870.0,0.0
KRBL,5/6/2018,126.0,126.0,125.0,125.0,0.0,153.0,870.0,0.0
KRBL,5/7/2018,123.0,123.0,119.0,119.0,-4.8,272.0,870.0,0.0
KRBL,5/8/2018,121.0,125.0,119.0,119.0,0.0,828.0,870.0,0.0
KRBL,5/9/2018,117.0,117.0,117.0,117.0,-1.68,218.0,870.0,0.0
KRBL,5/10/2018,117.0,120.0,114.0,115.0,-1.71,4353.0,870.0,0.0
KRBL,5/14/2018,117.0,122.0,116.0,118.0,2.61,683.0,870.0,0.0
KRBL,5/15/2018,116.0,116.0,116.0,116.0,-1.69,36.0,870.0,0.0
KRBL,5/16/2018,116.0,116.0,116.0,116.0,0.0,18.0,870.0,0.0
KRBL,5/20/2018,117.0,118.0,117.0,118.0,1.72,213.0,870.0,0.0
KRBL,5/21/2018,116.0,117.0,115.0,115.0,-2.54,650.0,870.0,0.0
KRBL,5/23/2018,115.0,115.0,115.0,115.0,0.0,118.0,870.0,0.0
KRBL,5/24/2018,115.0,117.0,114.0,115.0,0.0,263.0,870.0,0.0
KRBL,5/27/2018,113.0,115.0,113.0,115.0,0.0,1120.0,870.0,0.0
KRBL,5/28/2018,115.0,123.0,115.0,123.0,6.96,318.0,870.0,0.0
KRBL,5/29/2018,125.0,125.0,118.0,118.0,-4.07,1418.0,870.0,0.0
KRBL,5/30/2018,120.0,122.0,120.0,120.0,1.69,1015.0,870.0,0.0
KRBL,6/3/2018,118.0,118.0,114.0,118.0,-1.67,746.0,870.0,0.0
KRBL,6/4/2018,118.0,122.0,118.0,122.0,3.39,38.0,870.0,0.0
KRBL,6/6/2018,124.0,124.0,122.0,124.0,1.64,28.0,870.0,0.0
KRBL,6/13/2018,122.0,122.0,114.0,115.0,-7.26,697.0,870.0,0.0
KRBL,6/14/2018,115.0,117.0,115.0,115.0,0.0,250.0,870.0,0.0
KRBL,6/17/2018,114.0,114.0,112.0,112.0,-2.61,30.0,870.0,0.0
KRBL,6/18/2018,111.0,113.0,111.0,111.0,-0.89,493.0,870.0,0.0
KRBL,6/19/2018,110.0,112.0,110.0,112.0,0.9,44.0,870.0,0.0
KRBL,6/20/2018,111.0,114.0,109.0,114.0,1.79,538.0,870.0,0.0
KRBL,6/21/2018,114.0,116.0,113.0,113.0,-0.88,489.0,870.0,0.0
KRBL,6/24/2018,115.0,117.0,115.0,117.0,3.54,136.0,870.0,0.0
KRBL,6/25/2018,116.0,117.0,116.0,117.0,0.0,63.0,870.0,0.0
KRBL,6/26/2018,115.0,115.0,115.0,115.0,-1.71,100.0,870.0,0.0
KRBL,6/28/2018,113.0,113.0,112.0,112.0,-2.61,841.0,870.0,0.0
KRBL,7/1/2018,113.0,114.0,113.0,114.0,1.79,78.0,870.0,0.0
KRBL,7/2/2018,112.0,112.0,108.0,108.0,-5.26,575.0,870.0,0.0
KRBL,7/3/2018,107.0,107.0,107.0,107.0,-0.93,13.0,870.0,0.0
KRBL,7/4/2018,108.0,110.0,108.0,108.0,0.93,462.0,870.0,0.0
KRBL,7/5/2018,110.0,113.0,110.0,110.0,1.85,1185.0,870.0,0.0
KRBL,7/8/2018,111.0,111.0,111.0,111.0,0.91,13.0,870.0,0.0
KRBL,7/9/2018,112.0,114.0,110.0,110.0,-0.9,460.0,870.0,0.0
KRBL,7/10/2018,110.0,112.0,110.0,110.0,0.0,261.0,870.0,0.0
KRBL,7/11/2018,110.0,112.0,110.0,110.0,0.0,3894.0,870.0,0.0
KRBL,7/12/2018,108.0,108.0,106.0,106.0,-3.64,742.0,870.0,0.0
KRBL,7/15/2018,104.0,106.0,104.0,106.0,0.0,25.0,870.0,0.0
KRBL,7/18/2018,108.0,108.0,106.0,106.0,0.0,138.0,870.0,0.0
KRBL,7/19/2018,108.0,112.0,108.0,109.0,2.83,563.0,870.0,0.0
KRBL,7/22/2018,109.0,109.0,109.0,109.0,0.0,10.0,870.0,0.0
KRBL,7/23/2018,107.0,107.0,106.0,106.0,-2.75,205.0,870.0,0.0
KRBL,7/24/2018,105.0,106.0,105.0,106.0,0.0,37.0,870.0,0.0
KRBL,7/25/2018,105.0,105.0,104.0,105.0,-0.94,239.0,870.0,0.0
KRBL,7/30/2018,107.0,107.0,107.0,107.0,1.9,280.0,870.0,0.0
KRBL,7/31/2018,108.0,108.0,108.0,108.0,0.93,500.0,870.0,0.0
KRBL,8/1/2018,107.0,107.0,105.0,106.0,-1.85,607.0,870.0,0.0
KRBL,8/2/2018,106.0,110.0,106.0,108.0,1.89,238.0,870.0,0.0
KRBL,8/6/2018,106.0,106.0,106.0,106.0,-1.85,36.0,870.0,0.0
KRBL,8/7/2018,106.0,107.0,106.0,106.0,0.0,381.0,870.0,0.0
KRBL,8/8/2018,104.0,104.0,103.0,103.0,-2.83,277.0,870.0,0.0
KRBL,8/9/2018,101.0,103.0,101.0,103.0,0.0,40.0,870.0,0.0
KRBL,8/12/2018,103.0,103.0,103.0,103.0,0.0,500.0,870.0,0.0
KRBL,8/13/2018,105.0,105.0,105.0,105.0,1.94,103.0,870.0,0.0
KRBL,8/14/2018,106.0,108.0,106.0,108.0,2.86,100.0,870.0,0.0
KRBL,8/15/2018,108.0,108.0,104.0,108.0,0.0,506.0,870.0,0.0
KRBL,8/16/2018,110.0,110.0,110.0,110.0,1.85,122.0,870.0,0.0
KRBL,8/19/2018,108.0,108.0,108.0,108.0,-1.82,227.0,870.0,0.0
KRBL,8/20/2018,108.0,109.0,104.0,106.0,-1.85,537.0,870.0,0.0
KRBL,8/21/2018,104.0,106.0,104.0,106.0,0.0,56.0,870.0,0.0
KRBL,8/22/2018,108.0,109.0,106.0,106.0,0.0,668.0,870.0,0.0
KRBL,8/23/2018,106.0,106.0,105.0,106.0,0.0,141.0,870.0,0.0
KRBL,8/26/2018,104.0,104.0,100.0,100.0,-5.66,7037.0,870.0,0.0
KRBL,8/28/2018,101.0,103.0,100.0,101.0,1.0,3741.0,870.0,0.0
KRBL,8/29/2018,100.0,102.0,100.0,101.0,0.0,2694.0,870.0,0.0
KRBL,8/30/2018,103.0,103.0,101.0,102.0,0.99,3670.0,870.0,0.0
KRBL,9/2/2018,104.0,104.0,101.0,101.0,-0.98,2125.0,870.0,0.0
KRBL,9/3/2018,103.0,105.0,101.0,101.0,0.0,5495.0,870.0,0.0
KRBL,9/4/2018,103.0,105.0,101.0,101.0,0.0,7349.0,870.0,0.0
KRBL,9/5/2018,103.0,106.0,103.0,106.0,4.95,6734.0,870.0,0.0
KRBL,9/6/2018,107.0,107.0,102.0,105.0,-0.94,8016.0,870.0,0.0
KRBL,9/9/2018,103.0,105.0,102.0,102.0,-2.86,6589.0,870.0,0.0
KRBL,9/10/2018,102.0,102.0,102.0,102.0,0.0,1757.0,870.0,0.0
KRBL,9/11/2018,102.0,105.0,102.0,102.0,0.0,3120.0,870.0,0.0
KRBL,9/12/2018,103.0,105.0,103.0,103.0,0.98,4189.0,870.0,0.0
KRBL,9/13/2018,105.0,107.0,103.0,103.0,0.0,4370.0,870.0,0.0
KRBL,9/16/2018,105.0,106.0,104.0,104.0,0.97,3742.0,870.0,0.0
KRBL,9/17/2018,103.0,109.0,100.0,108.0,3.85,12934.0,870.0,0.0
KRBL,9/18/2018,107.0,110.0,106.0,106.0,-1.85,12814.0,870.0,0.0
KRBL,9/20/2018,106.0,108.0,105.0,105.0,-0.94,3363.0,870.0,0.0
KRBL,9/23/2018,107.0,108.0,105.0,107.0,1.9,5342.0,870.0,0.0
KRBL,9/25/2018,105.0,111.0,105.0,111.0,3.74,6808.0,870.0,0.0
KRBL,9/26/2018,110.0,110.0,108.0,108.0,-2.7,2652.0,870.0,0.0
KRBL,9/27/2018,107.0,112.0,107.0,109.0,0.93,5012.0,870.0,0.0
KRBL,9/30/2018,107.0,107.0,105.0,106.0,-2.75,4943.0,870.0,0.0
KRBL,10/1/2018,106.0,106.0,103.0,103.0,-2.83,6576.0,870.0,0.0
KRBL,10/2/2018,103.0,107.0,103.0,105.0,1.94,6508.0,870.0,0.0
KRBL,10/3/2018,104.0,107.0,104.0,105.0,0.0,4135.0,870.0,0.0
KRBL,10/4/2018,103.0,105.0,103.0,104.0,-0.95,1544.0,870.0,0.0
KRBL,10/7/2018,103.0,106.0,103.0,105.0,0.96,1171.0,870.0,0.0
KRBL,10/8/2018,107.0,107.0,107.0,107.0,1.9,4.0,870.0,0.0
KRBL,10/9/2018,105.0,105.0,103.0,104.0,-2.8,1566.0,870.0,0.0
KRBL,10/10/2018,104.0,105.0,104.0,105.0,0.96,2558.0,870.0,0.0
KRBL,10/11/2018,106.0,106.0,106.0,106.0,0.95,454.0,870.0,0.0
KRBL,10/14/2018,107.0,107.0,105.0,107.0,0.94,360.0,870.0,0.0
KRBL,10/15/2018,108.0,108.0,106.0,106.0,-0.93,315.0,870.0,0.0
KRBL,10/21/2018,105.0,105.0,104.0,104.0,-1.89,572.0,870.0,0.0
KRBL,10/22/2018,105.0,106.0,103.0,106.0,1.92,3003.0,870.0,0.0
KRBL,10/23/2018,104.0,105.0,103.0,103.0,-2.83,3491.0,870.0,0.0
KRBL,10/24/2018,105.0,106.0,105.0,105.0,1.94,426.0,870.0,0.0
KRBL,10/25/2018,105.0,106.0,105.0,106.0,0.95,748.0,870.0,0.0
KRBL,10/28/2018,104.0,104.0,103.0,103.0,-2.83,2417.0,870.0,0.0
KRBL,10/29/2018,102.0,106.0,102.0,104.0,0.97,1972.0,870.0,0.0
KRBL,10/30/2018,103.0,104.0,103.0,104.0,0.0,1747.0,870.0,0.0
KRBL,10/31/2018,104.0,106.0,103.0,103.0,-0.96,2235.0,870.0,0.0
KRBL,11/1/2018,103.0,104.0,102.0,103.0,0.0,1427.0,870.0,0.0
KRBL,11/4/2018,103.0,103.0,103.0,103.0,0.0,112.0,870.0,0.0
KRBL,11/5/2018,102.0,105.0,102.0,105.0,1.94,760.0,870.0,0.0
KRBL,11/12/2018,104.0,105.0,103.0,103.0,-1.9,230.0,870.0,0.0
KRBL,11/13/2018,103.0,103.0,103.0,103.0,0.0,770.0,870.0,0.0
KRBL,11/14/2018,103.0,104.0,103.0,104.0,0.97,364.0,870.0,0.0
KRBL,11/15/2018,103.0,103.0,102.0,103.0,-0.96,902.0,870.0,0.0
KRBL,11/18/2018,103.0,104.0,102.0,102.0,-0.97,800.0,870.0,0.0
KRBL,11/19/2018,101.0,102.0,101.0,101.0,-0.98,2100.0,870.0,0.0
KRBL,11/20/2018,101.0,102.0,101.0,102.0,0.99,1075.0,870.0,0.0
KRBL,11/21/2018,103.0,103.0,103.0,103.0,0.98,283.0,870.0,0.0
KRBL,11/22/2018,102.0,102.0,101.0,101.0,-1.94,365.0,870.0,0.0
KRBL,11/25/2018,101.0,102.0,101.0,101.0,0.0,633.0,870.0,0.0
KRBL,11/26/2018,103.0,104.0,99.0,100.0,-0.99,2787.0,870.0,0.0
KRBL,11/27/2018,99.0,100.0,99.0,99.0,-1.0,1696.0,870.0,0.0
KRBL,11/28/2018,99.0,102.0,99.0,102.0,3.03,221.0,870.0,0.0
KRBL,11/29/2018,100.0,100.0,100.0,100.0,-1.96,551.0,870.0,0.0
KRBL,12/2/2018,100.0,101.0,100.0,100.0,0.0,4617.0,870.0,0.0
KRBL,12/3/2018,101.0,102.0,101.0,101.0,1.0,2026.0,870.0,0.0
KRBL,12/4/2018,100.0,101.0,100.0,101.0,0.0,433.0,870.0,0.0
KRBL,12/5/2018,101.0,101.0,97.0,98.0,-2.97,4371.0,870.0,0.0
KRBL,12/6/2018,99.0,102.0,98.0,99.0,1.02,7510.0,870.0,0.0
KRBL,12/9/2018,99.0,100.0,99.0,100.0,1.01,1632.0,870.0,0.0
KRBL,12/10/2018,102.0,102.0,98.0,98.0,-2.0,7767.0,870.0,0.0
KRBL,12/11/2018,99.0,100.0,98.0,100.0,2.04,21060.0,870.0,0.0
KRBL,12/12/2018,100.0,101.0,100.0,100.0,0.0,1256.0,870.0,0.0
KRBL,12/13/2018,98.0,102.0,98.0,100.0,0.0,4761.0,870.0,0.0
KRBL,12/16/2018,100.0,100.0,99.0,99.0,-1.0,12215.0,870.0,0.0
KRBL,12/17/2018,99.0,99.0,100.0,102.0,3.03,491.0,870.0,0.0
KRBL,12/18/2018,100.0,101.0,100.0,100.0,-1.96,5632.0,870.0,0.0
KRBL,12/19/2018,101.0,101.0,101.0,101.0,1.0,377.0,870.0,0.0
KRBL,12/20/2018,101.0,101.0,100.0,101.0,0.0,5093.0,870.0,0.0
KRBL,12/23/2018,102.0,102.0,101.0,101.0,0.0,2577.0,870.0,0.0
KRBL,12/24/2018,100.0,100.0,100.0,100.0,-0.99,547.0,870.0,0.0
KRBL,12/25/2018,101.0,101.0,100.0,100.0,0.0,11824.0,870.0,0.0
KRBL,12/26/2018,102.0,102.0,100.0,102.0,2.0,4396.0,870.0,0.0
KRBL,12/27/2018,102.0,104.0,102.0,102.0,0.0,590.0,870.0,0.0
KRBL,12/30/2018,102.0,102.0,101.0,101.0,-0.98,2028.0,870.0,0.0
KRBL,12/31/2018,101.0,101.0,100.0,100.0,-0.99,350.0,870.0,0.0
KRBL,1/1/2019,100.0,101.0,98.0,100.0,0.0,2410.0,870.0,0.0
KRBL,1/2/2019,99.0,99.0,98.0,98.0,-2.0,226.0,870.0,0.0
KRBL,1/6/2019,99.0,99.0,98.0,98.0,0.0,146.0,870.0,0.0
KRBL,1/7/2019,98.0,99.0,97.0,98.0,0.0,1812.0,870.0,0.0
KRBL,1/8/2019,99.0,100.0,99.0,100.0,2.04,370.0,870.0,0.0
KRBL,1/9/2019,100.0,100.0,100.0,100.0,0.0,900.0,870.0,0.0
KRBL,1/10/2019,100.0,100.0,100.0,100.0,0.0,91.0,870.0,0.0
KRBL,1/13/2019,100.0,100.0,100.0,100.0,0.0,100.0,870.0,0.0
KRBL,1/14/2019,100.0,100.0,99.0,100.0,0.0,400.0,870.0,0.0
KRBL,1/16/2019,100.0,100.0,100.0,100.0,0.0,359.0,870.0,0.0
KRBL,1/17/2019,101.0,101.0,99.0,99.0,-1.0,1900.0,870.0,0.0
KRBL,1/20/2019,98.0,98.0,98.0,98.0,-1.01,100.0,870.0,0.0
KRBL,1/21/2019,99.0,99.0,99.0,99.0,1.02,979.0,870.0,0.0
KRBL,1/22/2019,100.0,100.0,100.0,100.0,1.01,450.0,870.0,0.0
KRBL,1/23/2019,99.0,99.0,98.0,99.0,-1.0,1146.0,870.0,0.0
KRBL,1/24/2019,98.0,99.0,98.0,99.0,0.0,2116.0,870.0,0.0
KRBL,1/27/2019,98.0,99.0,97.0,98.0,-1.01,4067.0,870.0,0.0
KRBL,1/28/2019,97.0,98.0,97.0,97.0,-1.02,156.0,870.0,0.0
KRBL,1/29/2019,98.0,99.0,98.0,99.0,2.06,1447.0,870.0,0.0
KRBL,1/30/2019,98.0,99.0,98.0,98.0,-1.01,1529.0,870.0,0.0
KRBL,1/31/2019,98.0,98.0,98.0,98.0,0.0,595.0,870.0,0.0
KRBL,2/3/2019,97.0,98.0,97.0,98.0,0.0,310.0,870.0,0.0
KRBL,2/4/2019,97.0,97.0,97.0,97.0,-1.02,3026.0,870.0,0.0
KRBL,2/5/2019,96.0,98.0,96.0,98.0,1.03,740.0,870.0,0.0
KRBL,2/6/2019,97.0,99.0,97.0,98.0,0.0,370.0,870.0,0.0
KRBL,2/7/2019,97.0,98.0,97.0,97.0,-1.02,580.0,870.0,0.0
KRBL,2/10/2019,96.0,98.0,95.0,97.0,0.0,1299.0,870.0,0.0
KRBL,2/11/2019,97.0,97.0,96.0,97.0,0.0,1214.0,870.0,0.0
KRBL,2/12/2019,97.0,97.0,96.0,96.0,-1.03,975.0,870.0,0.0
KRBL,2/13/2019,96.0,97.0,95.0,96.0,0.0,1352.0,870.0,0.0
KRBL,2/14/2019,96.0,96.0,95.0,95.0,-1.04,410.0,870.0,0.0
KRBL,2/17/2019,95.0,96.0,95.0,96.0,1.05,212.0,870.0,0.0
KRBL,2/18/2019,95.0,95.0,93.0,93.0,-3.12,548.0,870.0,0.0
KRBL,2/19/2019,93.0,93.0,92.0,92.0,-1.08,245.0,870.0,0.0
KRBL,2/20/2019,93.0,93.0,92.0,92.0,0.0,3036.0,870.0,0.0
KRBL,2/21/2019,92.0,93.0,92.0,93.0,1.09,658.0,870.0,0.0
KRBL,2/24/2019,94.0,94.0,92.0,93.0,0.0,691.0,870.0,0.0
KRBL,2/25/2019,93.0,93.0,92.0,92.0,-1.08,358.0,870.0,0.0
KRBL,2/26/2019,91.0,92.0,90.0,90.0,-2.17,684.0,870.0,0.0
KRBL,3/3/2019,90.0,92.0,90.0,91.0,1.11,902.0,870.0,0.0
KRBL,3/5/2019,92.0,93.0,91.0,92.0,1.1,266.0,870.0,0.0
KRBL,3/6/2019,96.0,96.0,94.0,96.0,4.35,686.0,870.0,0.0
KRBL,3/7/2019,97.0,99.0,97.0,98.0,2.08,244.0,870.0,0.0
KRBL,3/10/2019,99.0,99.0,97.0,97.0,-1.02,1161.0,870.0,0.0
KRBL,3/11/2019,96.0,97.0,96.0,97.0,0.0,151.0,870.0,0.0
KRBL,3/12/2019,97.0,100.0,97.0,98.0,1.03,498.0,870.0,0.0
KRBL,3/13/2019,98.0,98.0,97.0,97.0,-1.02,1350.0,870.0,0.0
KRBL,3/14/2019,101.0,101.0,96.0,97.0,0.0,2245.0,870.0,0.0
KRBL,3/17/2019,98.0,103.0,98.0,103.0,6.19,3702.0,870.0,0.0
KRBL,3/18/2019,101.0,101.0,100.0,101.0,-1.94,4095.0,870.0,0.0
KRBL,3/19/2019,101.0,101.0,100.0,100.0,-0.99,76.0,870.0,0.0
KRBL,3/21/2019,99.0,100.0,99.0,100.0,0.0,1024.0,870.0,0.0
KRBL,3/24/2019,99.0,99.0,98.0,98.0,-2.0,582.0,870.0,0.0
KRBL,3/25/2019,99.0,100.0,99.0,100.0,2.04,221.0,870.0,0.0
KRBL,3/26/2019,100.0,101.0,100.0,101.0,1.0,2135.0,870.0,0.0
KRBL,4/1/2019,99.0,99.0,100.0,100.0,-0.99,726.0,870.0,0.0
KRBL,4/2/2019,100.0,100.0,100.0,100.0,0.0,124.0,870.0,0.0
KRBL,4/3/2019,100.0,100.0,99.0,99.0,-1.0,110.0,870.0,0.0
KRBL,4/4/2019,98.0,99.0,98.0,99.0,0.0,250.0,870.0,0.0
KRBL,4/7/2019,99.0,100.0,99.0,99.0,0.0,905.0,870.0,0.0
KRBL,4/8/2019,100.0,100.0,100.0,100.0,1.01,120.0,870.0,0.0
KRBL,4/9/2019,101.0,102.0,101.0,101.0,1.0,3315.0,870.0,0.0
KRBL,4/10/2019,102.0,102.0,102.0,102.0,0.99,60.0,870.0,0.0
KRBL,4/11/2019,100.0,102.0,100.0,101.0,-0.98,153.0,870.0,0.0
KRBL,4/15/2019,101.0,101.0,100.0,100.0,-0.99,249.0,870.0,0.0
KRBL,4/16/2019,102.0,105.0,102.0,104.0,4.0,1688.0,870.0,0.0
KRBL,4/17/2019,102.0,102.0,102.0,102.0,-1.92,252.0,870.0,0.0
KRBL,4/18/2019,102.0,104.0,100.0,100.0,-1.96,2201.0,870.0,0.0
KRBL,4/21/2019,99.0,100.0,99.0,99.0,-1.0,538.0,870.0,0.0
KRBL,4/22/2019,99.0,100.0,99.0,99.0,0.0,1848.0,870.0,0.0
KRBL,4/23/2019,100.0,100.0,98.0,99.0,0.0,1476.0,870.0,0.0
KRBL,4/24/2019,100.0,102.0,100.0,102.0,3.03,752.0,870.0,0.0
KRBL,4/25/2019,101.0,103.0,101.0,102.0,0.0,4239.0,870.0,0.0
KRBL,4/28/2019,102.0,102.0,99.0,99.0,-2.94,1456.0,870.0,0.0
KRBL,4/29/2019,98.0,100.0,98.0,98.0,-1.01,2642.0,870.0,0.0
KRBL,4/30/2019,97.0,100.0,97.0,98.0,0.0,1380.0,870.0,0.0
KRBL,5/2/2019,98.0,98.0,97.0,98.0,0.0,172.0,870.0,0.0
KRBL,5/5/2019,99.0,99.0,99.0,99.0,1.02,801.0,870.0,0.0
KRBL,5/6/2019,98.0,99.0,98.0,99.0,0.0,1001.0,870.0,0.0
KRBL,5/7/2019,100.0,100.0,100.0,100.0,1.01,55.0,870.0,0.0
KRBL,5/9/2019,100.0,101.0,100.0,100.0,0.0,1124.0,870.0,0.0
KRBL,5/12/2019,99.0,99.0,97.0,98.0,-2.0,4522.0,870.0,0.0
KRBL,5/13/2019,99.0,99.0,97.0,97.0,-1.02,2037.0,870.0,0.0
KRBL,5/14/2019,98.0,102.0,98.0,102.0,5.15,1086.0,870.0,0.0
KRBL,5/15/2019,100.0,101.0,98.0,98.0,-3.92,10079.0,870.0,0.0
KRBL,5/16/2019,99.0,107.0,99.0,107.0,9.18,19624.0,870.0,0.0
KRBL,5/19/2019,112.0,115.0,108.0,113.0,5.61,19022.0,870.0,0.0
KRBL,5/20/2019,111.0,111.0,105.0,110.0,-2.65,2595.0,870.0,0.0
KRBL,5/21/2019,110.0,112.0,107.0,108.0,-1.82,1861.0,870.0,0.0
KRBL,5/22/2019,109.0,116.0,109.0,110.0,1.85,7560.0,870.0,0.0
KRBL,5/23/2019,112.0,112.0,110.0,111.0,0.91,6895.0,870.0,0.0
KRBL,5/26/2019,111.0,112.0,108.0,108.0,-2.7,2960.0,870.0,0.0
KRBL,5/27/2019,110.0,118.0,108.0,117.0,8.33,22174.0,870.0,0.0
KRBL,5/28/2019,117.0,118.0,113.0,116.0,-0.85,5774.0,870.0,0.0
KRBL,5/29/2019,118.0,122.0,115.0,118.0,1.72,9545.0,870.0,0.0
KRBL,5/30/2019,120.0,121.0,114.0,116.0,-1.69,11132.0,870.0,0.0
KRBL,6/2/2019,117.0,119.0,113.0,113.0,-2.59,7967.0,870.0,0.0
KRBL,6/3/2019,115.0,118.0,115.0,116.0,2.65,5759.0,870.0,0.0
KRBL,6/4/2019,115.0,118.0,115.0,117.0,0.86,4866.0,870.0,0.0
KRBL,6/6/2019,119.0,128.0,119.0,128.0,9.4,24661.0,870.0,0.0
KRBL,6/10/2019,130.0,135.0,123.0,124.0,-3.12,9071.0,870.0,0.0
KRBL,6/11/2019,125.0,127.0,120.0,124.0,0.0,4029.0,870.0,0.0
KRBL,6/12/2019,122.0,122.0,116.0,116.0,-6.45,3710.0,870.0,0.0
KRBL,6/13/2019,118.0,122.0,116.0,118.0,1.72,3511.0,870.0,0.0
KRBL,6/16/2019,116.0,122.0,116.0,117.0,-0.85,4296.0,870.0,0.0
KRBL,6/17/2019,117.0,121.0,117.0,118.0,0.85,1261.0,870.0,0.0
KRBL,6/18/2019,116.0,118.0,115.0,115.0,-2.54,2716.0,870.0,0.0
KRBL,6/19/2019,117.0,119.0,116.0,118.0,2.61,593.0,870.0,0.0
KRBL,6/20/2019,116.0,118.0,116.0,116.0,-1.69,739.0,870.0,0.0
KRBL,6/23/2019,114.0,115.0,114.0,115.0,-0.86,361.0,870.0,0.0
KRBL,6/24/2019,113.0,116.0,113.0,116.0,0.87,1850.0,870.0,0.0
KRBL,6/25/2019,116.0,116.0,115.0,116.0,0.0,4066.0,870.0,0.0
KRBL,6/26/2019,115.0,115.0,114.0,114.0,-1.72,2000.0,870.0,0.0
KRBL,6/27/2019,113.0,115.0,112.0,115.0,0.88,2830.0,870.0,0.0
KRBL,6/30/2019,113.0,117.0,113.0,117.0,1.74,360.0,870.0,0.0
KRBL,7/1/2019,115.0,115.0,113.0,113.0,-3.42,310.0,870.0,0.0
KRBL,7/2/2019,114.0,114.0,114.0,114.0,0.88,200.0,870.0,0.0
KRBL,7/3/2019,113.0,117.0,112.0,117.0,2.63,1602.0,870.0,0.0
KRBL,7/4/2019,119.0,123.0,117.0,117.0,0.0,16176.0,870.0,0.0
KRBL,7/7/2019,119.0,120.0,115.0,120.0,2.56,6735.0,870.0,0.0
KRBL,7/8/2019,118.0,118.0,116.0,116.0,-3.33,865.0,870.0,0.0
KRBL,7/9/2019,115.0,120.0,114.0,116.0,0.0,5553.0,870.0,0.0
KRBL,7/10/2019,115.0,117.0,114.0,117.0,0.86,1619.0,870.0,0.0
KRBL,7/11/2019,116.0,116.0,115.0,115.0,-1.71,455.0,870.0,0.0
KRBL,7/14/2019,113.0,115.0,112.0,112.0,-2.61,1276.0,870.0,0.0
KRBL,7/15/2019,114.0,116.0,114.0,116.0,3.57,950.0,870.0,0.0
KRBL,7/16/2019,115.0,115.0,114.0,114.0,-1.72,122.0,870.0,0.0
KRBL,7/17/2019,116.0,118.0,114.0,118.0,3.51,950.0,870.0,0.0
KRBL,7/18/2019,118.0,118.0,116.0,116.0,-1.69,1200.0,870.0,0.0
KRBL,7/21/2019,114.0,114.0,112.0,113.0,-2.59,437.0,870.0,0.0
KRBL,7/22/2019,114.0,118.0,114.0,115.0,1.77,1754.0,870.0,0.0
KRBL,7/23/2019,115.0,115.0,115.0,115.0,0.0,20.0,870.0,0.0
KRBL,7/24/2019,116.0,116.0,115.0,116.0,0.87,1467.0,870.0,0.0
KRBL,7/25/2019,115.0,116.0,114.0,115.0,-0.86,2032.0,870.0,0.0
KRBL,7/28/2019,113.0,115.0,112.0,114.0,-0.87,1573.0,870.0,0.0
KRBL,7/29/2019,112.0,114.0,112.0,113.0,-0.88,2035.0,870.0,0.0
KRBL,7/30/2019,113.0,113.0,112.0,112.0,-0.88,452.0,870.0,0.0
KRBL,7/31/2019,113.0,114.0,112.0,113.0,0.89,795.0,870.0,0.0
KRBL,8/4/2019,112.0,112.0,111.0,111.0,-1.77,2507.0,870.0,0.0
KRBL,8/5/2019,110.0,110.0,108.0,110.0,-0.9,3267.0,870.0,0.0
KRBL,8/6/2019,110.0,110.0,107.0,109.0,-0.91,2176.0,870.0,0.0
KRBL,8/7/2019,107.0,108.0,107.0,108.0,-0.92,380.0,870.0,0.0
KRBL,8/8/2019,108.0,108.0,108.0,108.0,0.0,59.0,870.0,0.0
KRBL,8/11/2019,107.0,107.0,107.0,107.0,-0.93,314.0,870.0,0.0
KRBL,8/12/2019,109.0,110.0,109.0,110.0,2.8,300.0,870.0,0.0
KRBL,8/14/2019,110.0,110.0,108.0,108.0,-1.82,110.0,870.0,0.0
KRBL,8/15/2019,107.0,109.0,107.0,109.0,0.93,80.0,870.0,0.0
KRBL,8/18/2019,108.0,108.0,108.0,108.0,-0.92,350.0,870.0,0.0
KRBL,8/19/2019,108.0,109.0,108.0,109.0,0.93,618.0,870.0,0.0
KRBL,8/21/2019,107.0,107.0,107.0,107.0,-1.83,20.0,870.0,0.0
KRBL,8/22/2019,106.0,106.0,106.0,106.0,-0.93,50.0,870.0,0.0
KRBL,8/25/2019,104.0,106.0,102.0,106.0,0.0,4790.0,870.0,0.0
KRBL,8/26/2019,104.0,110.0,104.0,110.0,3.77,807.0,870.0,0.0
KRBL,8/27/2019,110.0,110.0,110.0,110.0,0.0,265.0,870.0,0.0
KRBL,8/28/2019,108.0,108.0,108.0,108.0,-1.82,280.0,870.0,0.0
KRBL,8/29/2019,106.0,106.0,104.0,104.0,-3.7,1120.0,870.0,0.0
KRBL,9/1/2019,102.0,108.0,102.0,107.0,2.88,1635.0,870.0,0.0
KRBL,9/2/2019,109.0,109.0,101.0,101.0,-5.61,2805.0,870.0,0.0
KRBL,9/3/2019,103.0,105.0,103.0,105.0,3.96,333.0,870.0,0.0
KRBL,9/4/2019,106.0,112.0,105.0,110.0,4.76,483.0,870.0,0.0
KRBL,9/5/2019,108.0,108.0,105.0,105.0,-4.55,921.0,870.0,0.0
KRBL,9/8/2019,104.0,104.0,102.0,102.0,-2.86,1369.0,870.0,0.0
KRBL,9/9/2019,104.0,106.0,104.0,104.0,1.96,248.0,870.0,0.0
KRBL,9/10/2019,103.0,106.0,103.0,106.0,1.92,467.0,870.0,0.0
KRBL,9/11/2019,104.0,104.0,102.0,104.0,-1.89,331.0,870.0,0.0
KRBL,9/12/2019,103.0,103.0,101.0,101.0,-2.88,2327.0,870.0,0.0
KRBL,9/15/2019,103.0,103.0,100.0,102.0,0.99,1207.0,870.0,0.0
KRBL,9/16/2019,103.0,103.0,101.0,101.0,-0.98,1075.0,870.0,0.0
KRBL,9/17/2019,110.0,110.0,110.0,110.0,8.91,90.0,870.0,0.0
KRBL,9/18/2019,108.0,108.0,103.0,105.0,-4.55,794.0,870.0,0.0
KRBL,9/19/2019,105.0,105.0,105.0,105.0,0.0,524.0,870.0,0.0
KRBL,9/22/2019,99.0,99.0,98.0,99.0,-5.71,230.0,870.0,0.0
KRBL,9/23/2019,100.0,100.0,100.0,100.0,1.01,50.0,870.0,0.0
KRBL,9/24/2019,99.0,99.0,99.0,99.0,-1.0,250.0,870.0,0.0
KRBL,9/25/2019,99.0,99.0,100.0,102.0,3.03,1332.0,870.0,0.0
KRBL,9/26/2019,104.0,104.0,100.0,103.0,0.98,1624.0,870.0,0.0
KRBL,9/29/2019,101.0,101.0,101.0,101.0,-1.94,460.0,870.0,0.0
KRBL,9/30/2019,101.0,102.0,101.0,101.0,0.0,1130.0,870.0,0.0
KRBL,10/1/2019,101.0,102.0,101.0,102.0,0.99,385.0,870.0,0.0
KRBL,10/2/2019,101.0,101.0,101.0,101.0,-0.98,200.0,870.0,0.0
KRBL,10/3/2019,102.0,103.0,102.0,103.0,1.98,1334.0,870.0,0.0
KRBL,10/14/2019,102.0,103.0,101.0,103.0,0.0,520.0,870.0,0.0
KRBL,10/15/2019,104.0,105.0,104.0,105.0,1.94,1464.0,870.0,0.0
KRBL,10/16/2019,105.0,105.0,105.0,105.0,0.0,80.0,870.0,0.0
KRBL,10/21/2019,103.0,103.0,101.0,101.0,-3.81,400.0,870.0,0.0
KRBL,10/22/2019,101.0,103.0,99.0,99.0,-1.98,3045.0,870.0,0.0
KRBL,10/23/2019,100.0,100.0,98.0,99.0,0.0,328.0,870.0,0.0
KRBL,10/24/2019,100.0,102.0,100.0,102.0,3.03,20.0,870.0,0.0
KRBL,10/31/2019,102.0,102.0,100.0,101.0,-0.98,176.0,870.0,0.0
KRBL,11/3/2019,99.0,102.0,99.0,102.0,0.99,620.0,870.0,0.0
KRBL,11/4/2019,101.0,101.0,100.0,101.0,-0.98,683.0,870.0,0.0
KRBL,11/5/2019,101.0,103.0,98.0,98.0,-2.97,1619.0,870.0,0.0
KRBL,11/7/2019,98.0,100.0,98.0,100.0,2.04,638.0,870.0,0.0
KRBL,11/10/2019,100.0,100.0,100.0,100.0,0.0,159.0,870.0,0.0
KRBL,11/11/2019,101.0,101.0,99.0,99.0,-1.0,1004.0,870.0,0.0
KRBL,11/12/2019,99.0,102.0,99.0,100.0,1.01,2295.0,870.0,0.0
KRBL,11/13/2019,101.0,101.0,100.0,100.0,0.0,45.0,870.0,0.0
KRBL,11/14/2019,101.0,101.0,100.0,100.0,0.0,300.0,870.0,0.0
KRBL,11/17/2019,100.0,102.0,100.0,102.0,2.0,256.0,870.0,0.0
KRBL,11/18/2019,100.0,102.0,100.0,102.0,0.0,822.0,870.0,0.0
KRBL,11/19/2019,100.0,100.0,99.0,99.0,-2.94,1040.0,870.0,0.0
KRBL,11/20/2019,100.0,100.0,100.0,100.0,1.01,520.0,870.0,0.0
KRBL,11/21/2019,99.0,100.0,99.0,99.0,-1.0,1740.0,870.0,0.0
KRBL,11/24/2019,99.0,99.0,98.0,98.0,-1.01,1217.0,870.0,0.0
KRBL,11/26/2019,97.0,97.0,97.0,97.0,-1.02,63.0,870.0,0.0
KRBL,11/27/2019,96.0,96.0,96.0,96.0,-1.03,10.0,870.0,0.0
KRBL,11/28/2019,95.0,95.0,95.0,95.0,-1.04,200.0,870.0,0.0
KRBL,12/1/2019,96.0,96.0,95.0,95.0,0.0,213.0,870.0,0.0
KRBL,12/2/2019,96.0,97.0,96.0,97.0,2.11,150.0,870.0,0.0
KRBL,12/3/2019,98.0,98.0,98.0,98.0,1.03,100.0,870.0,0.0
KRBL,12/4/2019,99.0,99.0,99.0,99.0,1.02,14.0,870.0,0.0
KRBL,12/5/2019,99.0,99.0,99.0,99.0,0.0,300.0,870.0,0.0
KRBL,12/8/2019,100.0,102.0,100.0,102.0,3.03,1324.0,870.0,0.0
KRBL,12/9/2019,102.0,104.0,102.0,104.0,1.96,523.0,870.0,0.0
KRBL,12/10/2019,106.0,106.0,103.0,103.0,-0.96,310.0,870.0,0.0
KRBL,12/11/2019,105.0,105.0,105.0,105.0,1.94,10.0,870.0,0.0
KRBL,12/12/2019,103.0,103.0,101.0,103.0,-1.9,900.0,870.0,0.0
KRBL,12/15/2019,101.0,103.0,95.0,103.0,0.0,3870.0,870.0,0.0
KRBL,12/16/2019,102.0,102.0,99.0,100.0,-2.91,2188.0,870.0,0.0
KRBL,12/17/2019,101.0,101.0,100.0,100.0,0.0,1200.0,870.0,0.0
KRBL,12/18/2019,100.0,101.0,100.0,101.0,1.0,1000.0,870.0,0.0
KRBL,12/19/2019,99.0,100.0,98.0,98.0,-2.97,1350.0,870.0,0.0
KRBL,12/22/2019,97.0,104.0,97.0,102.0,4.08,1600.0,870.0,0.0
KRBL,12/23/2019,102.0,104.0,102.0,104.0,1.96,2129.0,870.0,0.0
KRBL,12/24/2019,106.0,106.0,101.0,102.0,-1.92,3323.0,870.0,0.0
KRBL,12/25/2019,100.0,102.0,100.0,101.0,-0.98,3399.0,870.0,0.0
KRBL,12/26/2019,100.0,103.0,100.0,103.0,1.98,630.0,870.0,0.0
KRBL,12/29/2019,103.0,103.0,101.0,101.0,-1.94,161.0,870.0,0.0
KRBL,12/30/2019,100.0,101.0,99.0,101.0,0.0,2065.0,870.0,0.0
KRBL,12/31/2019,103.0,105.0,101.0,101.0,0.0,1252.0,870.0,0.0
KRBL,1/1/2020,101.0,101.0,100.0,101.0,0.0,691.0,870.0,0.0
KRBL,1/2/2020,103.0,103.0,101.0,101.0,0.0,660.0,870.0,0.0
KRBL,1/5/2020,101.0,102.0,101.0,101.0,0.0,3032.0,870.0,0.0
KRBL,1/6/2020,103.0,103.0,101.0,102.0,0.99,2888.0,870.0,0.0
KRBL,1/7/2020,103.0,104.0,102.0,103.0,0.98,5442.0,870.0,0.0
KRBL,1/8/2020,104.0,105.0,103.0,105.0,1.94,2535.0,870.0,0.0
KRBL,1/9/2020,106.0,106.0,103.0,103.0,-1.9,2480.0,870.0,0.0
KRBL,1/12/2020,105.0,109.0,103.0,103.0,0.0,2682.0,870.0,0.0
KRBL,1/13/2020,105.0,113.0,105.0,110.0,6.8,20913.0,870.0,0.0
KRBL,1/14/2020,108.0,114.0,104.0,112.0,1.82,3043.0,870.0,0.0
KRBL,1/15/2020,110.0,115.0,108.0,110.0,-1.79,10734.0,870.0,0.0
KRBL,1/16/2020,112.0,115.0,112.0,115.0,4.55,13047.0,870.0,0.0
KRBL,1/19/2020,116.0,124.0,116.0,122.0,6.09,18247.0,870.0,0.0
KRBL,1/20/2020,122.0,124.0,114.0,114.0,-6.56,4475.0,870.0,0.0
KRBL,1/21/2020,114.0,118.0,114.0,116.0,1.75,2023.0,870.0,0.0
KRBL,1/22/2020,117.0,117.0,112.0,112.0,-3.45,600.0,870.0,0.0
KRBL,1/23/2020,113.0,117.0,111.0,111.0,-0.89,5868.0,870.0,0.0
KRBL,1/26/2020,111.0,111.0,108.0,109.0,-1.8,2057.0,870.0,0.0
KRBL,1/27/2020,110.0,113.0,107.0,113.0,3.67,245.0,870.0,0.0
KRBL,1/28/2020,115.0,115.0,111.0,112.0,-0.88,2508.0,870.0,0.0
KRBL,1/29/2020,111.0,111.0,111.0,111.0,-0.89,1930.0,870.0,0.0
KRBL,1/30/2020,113.0,113.0,107.0,107.0,-3.6,8635.0,870.0,0.0
KRBL,2/2/2020,109.0,116.0,108.0,112.0,4.67,4174.0,870.0,0.0
KRBL,2/3/2020,112.0,114.0,111.0,111.0,-0.89,2036.0,870.0,0.0
KRBL,2/4/2020,113.0,119.0,112.0,112.0,0.9,3311.0,870.0,0.0
KRBL,2/5/2020,114.0,119.0,113.0,119.0,6.25,8392.0,870.0,0.0
KRBL,2/6/2020,117.0,130.0,114.0,117.0,-1.68,25525.0,870.0,0.0
KRBL,2/9/2020,119.0,119.0,113.0,116.0,-0.85,1386.0,870.0,0.0
KRBL,2/10/2020,118.0,119.0,116.0,118.0,1.72,4758.0,870.0,0.0
KRBL,2/11/2020,116.0,121.0,116.0,117.0,-0.85,17782.0,870.0,0.0
KRBL,2/12/2020,118.0,121.0,116.0,118.0,0.85,11948.0,870.0,0.0
KRBL,2/13/2020,120.0,120.0,117.0,117.0,-0.85,10029.0,870.0,0.0
KRBL,2/16/2020,119.0,121.0,118.0,121.0,3.42,2851.0,870.0,0.0
KRBL,2/17/2020,121.0,122.0,118.0,120.0,-0.83,10107.0,870.0,0.0
KRBL,2/18/2020,119.0,127.0,119.0,121.0,0.83,17392.0,870.0,0.0
KRBL,2/19/2020,123.0,123.0,121.0,121.0,0.0,469.0,870.0,0.0
KRBL,2/20/2020,120.0,123.0,119.0,120.0,-0.83,7867.0,870.0,0.0
KRBL,2/23/2020,121.0,124.0,119.0,124.0,3.33,6682.0,870.0,0.0
KRBL,2/24/2020,126.0,129.0,122.0,122.0,-1.61,14766.0,870.0,0.0
KRBL,2/25/2020,122.0,128.0,121.0,124.0,1.64,5026.0,870.0,0.0
KRBL,2/26/2020,122.0,128.0,122.0,123.0,-0.81,7712.0,870.0,0.0
KRBL,2/27/2020,121.0,126.0,121.0,124.0,0.81,5947.0,870.0,0.0
KRBL,3/1/2020,126.0,128.0,120.0,121.0,-2.42,2967.0,870.0,0.0
KRBL,3/2/2020,119.0,120.0,117.0,117.0,-3.31,4302.0,870.0,0.0
KRBL,3/3/2020,119.0,120.0,117.0,117.0,0.0,3123.0,870.0,0.0
KRBL,3/4/2020,116.0,117.0,109.0,109.0,-6.84,12556.0,870.0,0.0
KRBL,3/5/2020,107.0,112.0,105.0,112.0,2.75,7014.0,870.0,0.0
KRBL,3/10/2020,110.0,110.0,110.0,110.0,-1.79,10.0,870.0,0.0
KRBL,3/11/2020,110.0,114.0,109.0,114.0,3.64,4640.0,870.0,0.0
KRBL,3/12/2020,112.0,112.0,110.0,110.0,-3.51,4374.0,870.0,0.0
KRBL,3/15/2020,108.0,108.0,102.0,102.0,-7.27,5272.0,870.0,0.0
KRBL,3/16/2020,104.0,108.0,102.0,104.0,1.96,1447.0,870.0,0.0
KRBL,3/17/2020,104.0,105.0,101.0,101.0,-2.88,6079.0,870.0,0.0
KRBL,3/18/2020,100.0,102.0,99.0,99.0,-1.98,6557.0,870.0,0.0
KRBL,3/19/2020,100.0,105.0,98.0,105.0,6.06,6098.0,870.0,0.0
KRBL,5/13/2020,103.0,103.0,102.0,102.0,-2.86,100.0,870.0,0.0
KRBL,6/29/2020,100.0,100.0,98.0,98.0,-3.92,615.0,870.0,0.0
KRBL,6/30/2020,99.0,99.0,98.0,98.0,0.0,1010.0,870.0,0.0
KRBL,7/2/2020,97.0,99.0,97.0,99.0,1.02,1490.0,870.0,0.0
KRBL,7/5/2020,100.0,102.0,98.0,99.0,0.0,1387.0,870.0,0.0
KRBL,7/6/2020,98.0,100.0,98.0,99.0,0.0,386.0,870.0,0.0
KRBL,7/7/2020,98.0,102.0,98.0,102.0,3.03,1181.0,870.0,0.0
KRBL,7/8/2020,100.0,100.0,97.0,97.0,-4.9,980.0,870.0,0.0
KRBL,7/9/2020,98.0,100.0,97.0,100.0,3.09,1249.0,870.0,0.0
KRBL,7/12/2020,101.0,101.0,99.0,99.0,-1.0,1227.0,870.0,0.0
KRBL,7/13/2020,98.0,101.0,96.0,100.0,1.01,2112.0,870.0,0.0
KRBL,7/14/2020,102.0,104.0,100.0,101.0,1.0,1417.0,870.0,0.0
KRBL,7/15/2020,99.0,100.0,99.0,100.0,-0.99,7762.0,870.0,0.0
KRBL,7/16/2020,102.0,110.0,102.0,108.0,8.0,3182.0,870.0,0.0
KRBL,7/19/2020,110.0,110.0,110.0,110.0,1.85,10.0,870.0,0.0
KRBL,7/20/2020,112.0,115.0,108.0,108.0,-1.82,11246.0,870.0,0.0
KRBL,7/21/2020,108.0,112.0,106.0,106.0,-1.85,3302.0,870.0,0.0
KRBL,7/22/2020,108.0,110.0,106.0,106.0,0.0,2169.0,870.0,0.0
KRBL,7/23/2020,104.0,105.0,102.0,104.0,-1.89,1098.0,870.0,0.0
KRBL,7/26/2020,103.0,107.0,103.0,107.0,2.88,365.0,870.0,0.0
KRBL,7/27/2020,109.0,109.0,104.0,104.0,-2.8,4039.0,870.0,0.0
KRBL,7/28/2020,106.0,107.0,104.0,107.0,2.88,1866.0,870.0,0.0
KRBL,7/29/2020,107.0,109.0,105.0,105.0,-1.87,334.0,870.0,0.0
KRBL,7/30/2020,105.0,107.0,103.0,105.0,0.0,3365.0,870.0,0.0
KRBL,8/2/2020,103.0,104.0,101.0,101.0,-3.81,4719.0,870.0,0.0
KRBL,8/3/2020,103.0,103.0,103.0,103.0,1.98,530.0,870.0,0.0
KRBL,8/5/2020,102.0,104.0,101.0,104.0,0.97,2347.0,870.0,0.0
KRBL,8/6/2020,105.0,111.0,101.0,102.0,-1.92,2387.0,870.0,0.0
KRBL,8/9/2020,104.0,105.0,103.0,104.0,1.96,766.0,870.0,0.0
KRBL,8/10/2020,106.0,106.0,100.0,106.0,1.92,2400.0,870.0,0.0
KRBL,8/11/2020,104.0,105.0,102.0,102.0,-3.77,1327.0,870.0,0.0
KRBL,8/12/2020,103.0,104.0,102.0,103.0,0.98,1044.0,870.0,0.0
KRBL,8/13/2020,103.0,105.0,103.0,103.0,0.0,2274.0,870.0,0.0
KRBL,8/16/2020,103.0,109.0,103.0,107.0,3.88,2766.0,870.0,0.0
KRBL,8/17/2020,105.0,105.0,103.0,105.0,-1.87,1868.0,870.0,0.0
KRBL,8/18/2020,103.0,105.0,103.0,103.0,-1.9,590.0,870.0,0.0
KRBL,8/19/2020,105.0,105.0,102.0,102.0,-0.97,1784.0,870.0,0.0
KRBL,8/20/2020,102.0,103.0,102.0,102.0,0.0,648.0,870.0,0.0
KRBL,8/23/2020,104.0,104.0,101.0,104.0,1.96,2770.0,870.0,0.0
KRBL,8/24/2020,103.0,105.0,103.0,105.0,0.96,1255.0,870.0,0.0
KRBL,8/25/2020,106.0,107.0,103.0,103.0,-1.9,703.0,870.0,0.0
KRBL,8/26/2020,108.0,108.0,102.0,104.0,0.97,3505.0,870.0,0.0
KRBL,8/27/2020,103.0,106.0,102.0,102.0,-1.92,1082.0,870.0,0.0
KRBL,8/30/2020,105.0,105.0,103.0,104.0,1.96,1515.0,870.0,0.0
KRBL,8/31/2020,103.0,108.0,103.0,103.0,-0.96,8594.0,870.0,0.0
KRBL,9/2/2020,104.0,108.0,104.0,107.0,3.88,7197.0,870.0,0.0
KRBL,9/3/2020,108.0,109.0,105.0,108.0,0.93,6628.0,870.0,0.0
KRBL,9/6/2020,113.0,113.0,105.0,108.0,0.0,2300.0,870.0,0.0
KRBL,9/7/2020,106.0,106.0,105.0,105.0,-2.78,480.0,870.0,0.0
KRBL,9/8/2020,107.0,107.0,100.0,105.0,0.0,19353.0,870.0,0.0
KRBL,9/9/2020,104.0,106.0,101.0,105.0,0.0,2324.0,870.0,0.0
KRBL,9/10/2020,103.0,105.0,101.0,104.0,-0.95,4370.0,870.0,0.0
KRBL,9/13/2020,105.0,106.0,103.0,106.0,1.92,1992.0,870.0,0.0
KRBL,9/14/2020,108.0,108.0,104.0,106.0,0.0,2539.0,870.0,0.0
KRBL,9/15/2020,105.0,107.0,104.0,105.0,-0.94,1527.0,870.0,0.0
KRBL,9/16/2020,105.0,105.0,102.0,105.0,0.0,24525.0,870.0,0.0
KRBL,9/17/2020,107.0,115.0,104.0,115.0,9.52,49886.0,870.0,0.0
KRBL,9/20/2020,115.0,120.0,113.0,115.0,0.0,14919.0,870.0,0.0
KRBL,9/21/2020,113.0,114.0,111.0,114.0,-0.87,2130.0,870.0,0.0
KRBL,9/22/2020,114.0,114.0,108.0,111.0,-2.63,6334.0,870.0,0.0
KRBL,9/23/2020,111.0,113.0,108.0,112.0,0.9,8913.0,870.0,0.0
KRBL,9/24/2020,112.0,112.0,110.0,110.0,-1.79,12011.0,870.0,0.0
KRBL,9/27/2020,112.0,120.0,112.0,120.0,9.09,32852.0,870.0,0.0
KRBL,9/28/2020,122.0,127.0,117.0,118.0,-1.67,15285.0,870.0,0.0
KRBL,9/29/2020,119.0,119.0,116.0,118.0,0.0,8476.0,870.0,0.0
KRBL,9/30/2020,117.0,129.0,117.0,129.0,9.32,48935.0,870.0,0.0
KRBL,10/1/2020,135.0,140.0,128.0,135.0,4.65,56384.0,870.0,0.0
KRBL,10/4/2020,136.0,139.0,130.0,134.0,-0.74,23673.0,870.0,0.0
KRBL,10/5/2020,133.0,135.0,128.0,134.0,0.0,20702.0,870.0,0.0
KRBL,10/6/2020,135.0,135.0,128.0,130.0,-2.99,15503.0,870.0,0.0
KRBL,10/7/2020,132.0,143.0,132.0,143.0,10.0,45151.0,870.0,0.0
KRBL,10/8/2020,150.0,157.0,147.0,157.0,9.79,104892.0,870.0,0.0
KRBL,10/11/2020,164.0,164.0,145.0,150.0,-4.46,25284.0,870.0,0.0
KRBL,10/12/2020,157.0,160.0,143.0,156.0,4.0,48038.0,870.0,0.0
KRBL,10/13/2020,158.0,158.0,146.0,150.0,-3.85,22738.0,870.0,0.0
KRBL,10/14/2020,147.0,148.0,142.0,142.0,-5.33,16519.0,870.0,0.0
KRBL,10/15/2020,144.0,148.0,140.0,140.0,-1.41,10761.0,870.0,0.0
KRBL,10/18/2020,141.0,154.0,138.0,144.0,2.86,21049.0,870.0,0.0
KRBL,10/19/2020,145.0,148.0,143.0,145.0,0.69,3769.0,870.0,0.0
KRBL,10/20/2020,147.0,150.0,147.0,148.0,2.07,7895.0,870.0,0.0
KRBL,10/21/2020,146.0,148.0,144.0,145.0,-2.03,6157.0,870.0,0.0
KRBL,10/22/2020,147.0,149.0,145.0,145.0,0.0,3952.0,870.0,0.0
KRBL,10/28/2020,147.0,149.0,143.0,149.0,2.76,15420.0,870.0,0.0
KRBL,10/29/2020,151.0,151.0,145.0,147.0,-1.34,11917.0,870.0,0.0
KRBL,11/1/2020,149.0,149.0,142.0,142.0,-3.4,10310.0,870.0,0.0
KRBL,11/2/2020,144.0,147.0,143.0,143.0,0.7,12449.0,870.0,0.0
KRBL,11/3/2020,145.0,147.0,143.0,143.0,0.0,5695.0,870.0,0.0
KRBL,11/4/2020,142.0,147.0,142.0,143.0,0.0,5554.0,870.0,0.0
KRBL,11/5/2020,145.0,146.0,141.0,143.0,0.0,9453.0,870.0,0.0
KRBL,11/8/2020,144.0,146.0,143.0,145.0,1.4,20676.0,870.0,0.0
KRBL,11/9/2020,143.0,145.0,142.0,145.0,0.0,14111.0,870.0,0.0
KRBL,11/10/2020,143.0,146.0,143.0,144.0,-0.69,4999.0,870.0,0.0
KRBL,11/11/2020,143.0,145.0,143.0,144.0,0.0,4087.0,870.0,0.0
KRBL,11/12/2020,143.0,143.0,141.0,143.0,-0.69,11444.0,870.0,0.0
KRBL,11/18/2020,143.0,144.0,139.0,140.0,-2.1,8650.0,870.0,0.0
KRBL,11/19/2020,138.0,142.0,138.0,142.0,1.43,13248.0,870.0,0.0
KRBL,11/22/2020,140.0,146.0,140.0,141.0,-0.7,16684.0,870.0,0.0
KRBL,11/23/2020,139.0,142.0,139.0,140.0,-0.71,5095.0,870.0,0.0
KRBL,11/24/2020,140.0,145.0,140.0,140.0,0.0,17133.0,870.0,0.0
KRBL,11/25/2020,142.0,151.0,142.0,150.0,7.14,29916.0,870.0,0.0
KRBL,11/26/2020,150.0,154.0,142.0,144.0,-4.0,22291.0,870.0,0.0
KRBL,11/29/2020,146.0,155.0,144.0,153.0,6.25,42028.0,870.0,0.0
KRBL,11/30/2020,156.0,161.0,150.0,150.0,-1.96,38669.0,870.0,0.0
KRBL,12/1/2020,153.0,153.0,147.0,150.0,0.0,15903.0,870.0,0.0
KRBL,12/2/2020,148.0,150.0,147.0,148.0,-1.33,8711.0,870.0,0.0
KRBL,12/3/2020,150.0,150.0,144.0,146.0,-1.35,10516.0,870.0,0.0
KRBL,12/6/2020,144.0,145.0,139.0,139.0,-4.79,10255.0,870.0,0.0
KRBL,12/7/2020,139.0,143.0,139.0,143.0,2.88,10383.0,870.0,0.0
KRBL,12/8/2020,142.0,144.0,140.0,142.0,-0.7,3821.0,870.0,0.0
KRBL,12/9/2020,141.0,141.0,137.0,137.0,-3.52,6694.0,870.0,0.0
KRBL,12/10/2020,139.0,142.0,135.0,139.0,1.46,7497.0,870.0,0.0
KRBL,12/13/2020,138.0,141.0,136.0,141.0,1.44,4783.0,870.0,0.0
KRBL,12/14/2020,139.0,141.0,138.0,138.0,-2.13,7990.0,870.0,0.0
KRBL,12/15/2020,140.0,144.0,137.0,137.0,-0.72,6716.0,870.0,0.0
KRBL,12/16/2020,136.0,142.0,136.0,139.0,1.46,4922.0,870.0,0.0
KRBL,12/17/2020,137.0,138.0,135.0,138.0,-0.72,8581.0,870.0,0.0
KRBL,12/20/2020,140.0,140.0,131.0,131.0,-5.07,6839.0,870.0,0.0
KRBL,12/21/2020,131.0,134.0,127.0,131.0,0.0,9208.0,870.0,0.0
KRBL,12/22/2020,133.0,136.0,130.0,135.0,3.05,10011.0,870.0,0.0
KRBL,12/23/2020,137.0,137.0,131.0,133.0,-1.48,1344.0,870.0,0.0
KRBL,12/24/2020,132.0,135.0,130.0,135.0,1.5,9787.0,870.0,0.0
KRBL,12/27/2020,133.0,135.0,132.0,135.0,0.0,2451.0,870.0,0.0
KRBL,12/28/2020,135.0,135.0,131.0,134.0,-0.74,2554.0,870.0,0.0
KRBL,12/29/2020,132.0,133.0,130.0,133.0,-0.75,4409.0,870.0,0.0
KRBL,12/30/2020,131.0,134.0,128.0,134.0,0.75,3046.0,870.0,0.0
KRBL,12/31/2020,133.0,133.0,130.0,131.0,-2.24,7539.0,870.0,0.0
KRBL,1/3/2021,133.0,136.0,131.0,134.0,2.29,10721.0,870.0,0.0
KRBL,1/4/2021,128.0,138.0,128.0,136.0,1.49,4331.0,870.0,0.0
KRBL,1/5/2021,134.0,138.0,132.0,138.0,1.47,5356.0,870.0,0.0
KRBL,1/6/2021,138.0,138.0,135.0,137.0,-0.72,3816.0,870.0,0.0
KRBL,1/7/2021,135.0,136.0,134.0,136.0,-0.73,7321.0,870.0,0.0
KRBL,1/10/2021,135.0,142.0,135.0,142.0,4.41,34344.0,870.0,0.0
KRBL,1/11/2021,143.0,147.0,140.0,140.0,-1.41,29126.0,870.0,0.0
KRBL,1/12/2021,139.0,148.0,139.0,144.0,2.86,21939.0,870.0,0.0
KRBL,1/13/2021,146.0,152.0,144.0,151.0,4.86,53419.0,870.0,0.0
KRBL,1/17/2021,151.0,158.0,147.0,158.0,4.64,60717.0,870.0,0.0
KRBL,1/18/2021,161.0,161.0,153.0,157.0,-0.63,37064.0,870.0,0.0
KRBL,1/19/2021,158.0,158.0,152.0,154.0,-1.91,27898.0,870.0,0.0
KRBL,1/20/2021,153.0,169.0,150.0,169.0,9.74,93824.0,870.0,0.0
KRBL,1/21/2021,177.0,185.0,174.0,185.0,9.47,29362.0,870.0,0.0
KRBL,1/24/2021,194.0,203.0,176.0,180.0,-2.7,97842.0,870.0,0.0
KRBL,1/25/2021,180.0,183.0,170.0,176.0,-2.22,36547.0,870.0,0.0
KRBL,1/26/2021,174.0,174.0,168.0,170.0,-3.41,34016.0,870.0,0.0
KRBL,1/27/2021,168.0,176.0,167.0,175.0,2.94,22020.0,870.0,0.0
KRBL,1/28/2021,174.0,174.0,167.0,170.0,-2.86,16481.0,870.0,0.0
KRBL,1/31/2021,173.0,173.0,162.0,164.0,-3.53,15941.0,870.0,0.0
KRBL,2/1/2021,167.0,176.0,161.0,172.0,4.88,21423.0,870.0,0.0
KRBL,2/2/2021,175.0,175.0,170.0,171.0,-0.58,13022.0,870.0,0.0
KRBL,2/3/2021,173.0,175.0,168.0,169.0,-1.17,10065.0,870.0,0.0
KRBL,2/4/2021,166.0,173.0,163.0,169.0,0.0,26430.0,870.0,0.0
KRBL,2/7/2021,167.0,170.0,166.0,166.0,-1.78,16667.0,870.0,0.0
KRBL,2/8/2021,169.0,172.0,167.0,170.0,2.41,13397.0,870.0,0.0
KRBL,2/11/2021,172.0,183.0,171.0,172.0,1.18,60089.0,870.0,0.0
KRBL,2/14/2021,175.0,175.0,166.0,166.0,-3.49,22763.0,870.0,0.0
KRBL,2/15/2021,169.0,172.0,167.0,168.0,1.2,20451.0,870.0,0.0
KRBL,2/16/2021,160.0,174.0,160.0,167.0,-0.6,53185.0,870.0,0.0
KRBL,2/17/2021,170.0,176.0,169.0,171.0,2.4,32567.0,870.0,0.0
KRBL,2/18/2021,173.0,188.0,173.0,188.0,9.94,95432.0,870.0,0.0
KRBL,2/21/2021,197.0,197.0,179.0,188.0,0.0,54855.0,870.0,0.0
KRBL,2/22/2021,187.0,191.0,178.0,183.0,-2.66,40730.0,870.0,0.0
KRBL,2/23/2021,185.0,185.0,173.0,176.0,-3.83,16331.0,870.0,0.0
KRBL,2/24/2021,179.0,185.0,174.0,179.0,1.7,15494.0,870.0,0.0
KRBL,2/25/2021,176.0,178.0,172.0,175.0,-2.23,34256.0,870.0,0.0
KRBL,2/28/2021,175.0,175.0,167.0,167.0,-4.57,17639.0,870.0,0.0
KRBL,3/1/2021,170.0,175.0,165.0,173.0,3.59,15745.0,870.0,0.0
KRBL,3/2/2021,170.0,175.0,166.0,167.0,-3.47,10364.0,870.0,0.0
KRBL,3/3/2021,159.0,171.0,159.0,166.0,-0.6,12909.0,870.0,0.0
KRBL,3/4/2021,163.0,170.0,163.0,170.0,2.41,6688.0,870.0,0.0
KRBL,3/7/2021,173.0,173.0,166.0,167.0,-1.76,7462.0,870.0,0.0
KRBL,3/9/2021,175.0,175.0,166.0,166.0,-0.6,4501.0,870.0,0.0
KRBL,3/10/2021,166.0,169.0,164.0,165.0,-0.6,3155.0,870.0,0.0
KRBL,3/14/2021,165.0,166.0,159.0,160.0,-3.03,5412.0,870.0,0.0
KRBL,3/15/2021,157.0,161.0,157.0,160.0,0.0,8417.0,870.0,0.0
KRBL,3/16/2021,159.0,163.0,159.0,159.0,-0.62,5352.0,870.0,0.0
KRBL,3/17/2021,162.0,172.0,159.0,167.0,5.03,9932.0,870.0,0.0
KRBL,3/18/2021,164.0,169.0,164.0,167.0,0.0,3517.0,870.0,0.0
KRBL,3/21/2021,175.0,175.0,162.0,163.0,-2.4,6830.0,870.0,0.0
KRBL,3/22/2021,160.0,167.0,160.0,163.0,0.0,5184.0,870.0,0.0
KRBL,3/23/2021,160.0,169.0,160.0,166.0,1.84,6866.0,870.0,0.0
KRBL,3/24/2021,169.0,170.0,163.0,170.0,2.41,19113.0,870.0,0.0
KRBL,3/25/2021,170.0,170.0,166.0,169.0,-0.59,15904.0,870.0,0.0
KRBL,3/29/2021,176.0,176.0,167.0,170.0,0.59,5202.0,870.0,0.0
KRBL,3/30/2021,167.0,170.0,164.0,170.0,0.0,5669.0,870.0,0.0
KRBL,3/31/2021,178.0,178.0,164.0,170.0,0.0,7828.0,870.0,0.0
KRBL,4/1/2021,169.0,172.0,168.0,172.0,1.18,24170.0,870.0,0.0
KRBL,4/4/2021,175.0,175.0,170.0,174.0,1.16,20393.0,870.0,0.0
KRBL,4/5/2021,171.0,179.0,171.0,174.0,0.0,15502.0,870.0,0.0
KRBL,4/6/2021,177.0,177.0,170.0,174.0,0.0,7766.0,870.0,0.0
KRBL,4/7/2021,180.0,189.0,173.0,184.0,5.75,66413.0,870.0,0.0
KRBL,4/8/2021,191.0,191.0,177.0,183.0,-0.54,29519.0,870.0,0.0
KRBL,4/12/2021,181.0,190.0,180.0,190.0,3.83,42204.0,870.0,0.0
KRBL,4/13/2021,193.0,201.0,191.0,197.0,3.68,94156.0,870.0,0.0
KRBL,4/15/2021,206.0,216.0,193.0,216.0,9.64,82489.0,870.0,0.0
KRBL,4/18/2021,226.0,226.0,202.0,206.0,-4.63,82318.0,870.0,0.0
KRBL,4/19/2021,207.0,207.0,198.0,203.0,-1.46,41585.0,870.0,0.0
KRBL,4/20/2021,199.0,210.0,198.0,203.0,0.0,18253.0,870.0,0.0
KRBL,4/21/2021,207.0,210.0,196.0,202.0,-0.49,15938.0,870.0,0.0
KRBL,4/22/2021,200.0,216.0,198.0,208.0,2.97,67925.0,870.0,0.0
KRBL,4/25/2021,218.0,218.0,197.0,202.0,-2.88,17192.0,870.0,0.0
KRBL,4/26/2021,206.0,206.0,188.0,196.0,-2.97,27994.0,870.0,0.0
KRBL,4/27/2021,196.0,209.0,196.0,201.0,2.55,20923.0,870.0,0.0
KRBL,4/28/2021,200.0,204.0,197.0,199.0,-1.0,14941.0,870.0,0.0
KRBL,4/29/2021,196.0,200.0,195.0,199.0,0.0,26393.0,870.0,0.0
KRBL,5/2/2021,197.0,203.0,196.0,197.0,-1.01,12274.0,870.0,0.0
KRBL,5/3/2021,198.0,205.0,195.0,196.0,-0.51,33858.0,870.0,0.0
KRBL,5/4/2021,195.0,201.0,193.0,195.0,-0.51,14993.0,870.0,0.0
KRBL,5/5/2021,192.0,198.0,192.0,195.0,0.0,18724.0,870.0,0.0
KRBL,5/6/2021,196.0,201.0,195.0,197.0,1.03,16681.0,870.0,0.0
KRBL,5/9/2021,194.0,200.0,192.0,197.0,0.0,22491.0,870.0,0.0
KRBL,5/10/2021,200.0,200.0,195.0,198.0,0.51,6109.0,870.0,0.0
KRBL,5/11/2021,198.0,200.0,196.0,196.0,-1.01,12166.0,870.0,0.0
KRBL,5/12/2021,196.0,199.0,196.0,196.0,0.0,8762.0,870.0,0.0
KRBL,5/13/2021,199.0,212.0,198.0,206.0,5.1,86326.0,870.0,0.0
KRBL,5/16/2021,210.0,223.0,209.0,219.0,6.31,82552.0,870.0,0.0
KRBL,5/17/2021,223.0,223.0,212.0,218.0,-0.46,88463.0,870.0,0.0
KRBL,5/18/2021,221.0,239.0,219.0,239.0,9.63,95502.0,870.0,0.0
KRBL,5/19/2021,250.0,262.0,250.0,262.0,9.62,218825.0,870.0,0.0
KRBL,5/20/2021,275.0,275.0,245.0,260.0,-0.76,79193.0,870.0,0.0
KRBL,5/23/2021,255.0,286.0,245.0,286.0,10.0,182825.0,870.0,0.0
KRBL,5/24/2021,290.0,308.0,275.0,283.0,-1.05,136974.0,870.0,0.0
KRBL,5/25/2021,278.0,300.0,271.0,280.0,-1.06,71563.0,870.0,0.0
KRBL,5/27/2021,275.0,304.0,269.0,297.0,6.07,124997.0,870.0,0.0
KRBL,5/30/2021,300.0,326.0,297.0,319.0,7.41,160129.0,870.0,0.0
KRBL,5/31/2021,325.0,331.0,298.0,305.0,-4.39,76846.0,870.0,0.0
KRBL,6/1/2021,299.0,304.0,295.0,299.0,-1.97,47517.0,870.0,0.0
KRBL,6/2/2021,295.0,318.0,295.0,317.0,6.02,76902.0,870.0,0.0
KRBL,6/3/2021,322.0,348.0,320.0,334.0,5.36,185320.0,870.0,0.0
KRBL,6/6/2021,318.0,331.0,314.0,324.0,-2.99,68367.0,870.0,0.0
KRBL,6/7/2021,329.0,337.0,320.0,331.0,2.16,80888.0,870.0,0.0
KRBL,6/8/2021,337.0,364.0,337.0,364.0,9.97,123349.0,870.0,0.0
KRBL,6/9/2021,382.0,394.0,344.0,359.0,-1.37,127988.0,870.0,0.0
KRBL,6/10/2021,371.0,371.0,349.0,360.0,0.28,79142.0,870.0,0.0
KRBL,6/13/2021,367.0,396.0,353.0,396.0,10.0,140084.0,870.0,0.0
KRBL,6/14/2021,415.0,435.0,408.0,413.0,4.29,154719.0,870.0,0.0
KRBL,6/15/2021,420.0,420.0,385.0,393.0,-4.84,82501.0,870.0,0.0
KRBL,6/16/2021,386.0,388.0,354.0,363.0,-7.63,56723.0,870.0,0.0
KRBL,6/17/2021,364.0,392.0,344.0,382.0,5.23,52106.0,870.0,0.0
KRBL,6/20/2021,389.0,389.0,366.0,368.0,-3.66,48942.0,870.0,0.0
KRBL,6/21/2021,361.0,373.0,348.0,348.0,-5.43,62445.0,870.0,0.0
KRBL,6/22/2021,365.0,373.0,338.0,370.0,6.32,36640.0,870.0,0.0
KRBL,6/23/2021,375.0,376.0,352.0,356.0,-3.78,30642.0,870.0,0.0
KRBL,6/24/2021,373.0,373.0,340.0,342.0,-3.93,57855.0,870.0,0.0
KRBL,6/27/2021,342.0,348.0,333.0,333.0,-2.63,15410.0,870.0,0.0
KRBL,6/28/2021,339.0,344.0,315.0,320.0,-3.9,40913.0,870.0,0.0
KRBL,6/29/2021,315.0,326.0,298.0,300.0,-6.25,33120.0,870.0,0.0
KRBL,6/30/2021,300.0,322.0,286.0,322.0,7.33,33672.0,870.0,0.0
KRBL,7/1/2021,328.0,341.0,316.0,336.0,4.35,28450.0,870.0,0.0
KRBL,7/4/2021,336.0,346.0,328.0,328.0,-2.38,25086.0,870.0,0.0
KRBL,7/5/2021,323.0,328.0,311.0,311.0,-5.18,21512.0,870.0,0.0
KRBL,7/6/2021,317.0,334.0,309.0,316.0,1.61,31551.0,870.0,0.0
KRBL,7/7/2021,321.0,321.0,302.0,308.0,-2.53,22370.0,870.0,0.0
KRBL,7/8/2021,304.0,320.0,304.0,315.0,2.27,25410.0,870.0,0.0
KRBL,7/11/2021,330.0,346.0,316.0,346.0,9.84,65248.0,870.0,0.0
KRBL,7/12/2021,360.0,374.0,332.0,344.0,-0.58,65198.0,870.0,0.0
KRBL,7/13/2021,344.0,360.0,339.0,355.0,3.2,23986.0,870.0,0.0
KRBL,7/14/2021,348.0,363.0,348.0,353.0,-0.56,25776.0,870.0,0.0
KRBL,7/15/2021,359.0,359.0,348.0,354.0,0.28,25244.0,870.0,0.0
KRBL,7/18/2021,361.0,372.0,361.0,372.0,5.08,46609.0,870.0,0.0
KRBL,7/19/2021,379.4,391.0,374.0,387.0,4.03,90326.0,870.0,0.0
KRBL,7/20/2021,390.0,390.0,376.0,381.0,-1.55,28883.0,870.0,0.0
KRBL,7/22/2021,383.0,383.0,369.5,371.0,-2.62,26261.0,870.0,0.0
KRBL,7/25/2021,371.0,371.0,365.0,368.0,-0.81,33402.0,870.0,0.0
KRBL,7/26/2021,368.0,370.0,362.0,365.0,-0.82,20487.0,870.0,0.0
KRBL,7/27/2021,360.0,393.0,358.0,379.0,3.84,46732.0,870.0,0.0
KRBL,7/28/2021,385.0,401.5,385.0,395.0,4.22,98302.0,870.0,0.0
KRBL,7/29/2021,400.0,417.0,395.0,406.0,2.78,109053.0,870.0,0.0
KRBL,8/1/2021,414.1,419.0,398.0,400.0,-1.48,56641.0,870.0,0.0
KRBL,8/2/2021,402.0,416.0,400.0,404.0,1.0,43779.0,870.0,0.0
KRBL,8/3/2021,398.0,405.0,391.0,397.0,-1.73,27387.0,870.0,0.0
KRBL,8/4/2021,404.0,410.0,394.0,407.0,2.52,45366.0,870.0,0.0
KRBL,8/5/2021,415.0,447.7,411.0,447.7,10.0,154976.0,870.0,0.0
KRBL,8/8/2021,456.6,489.6,450.0,489.0,9.22,166982.0,870.0,0.0
KRBL,8/9/2021,495.0,498.7,458.0,474.0,-3.07,144133.0,870.0,0.0
KRBL,8/10/2021,480.0,515.0,460.0,499.0,5.27,162953.0,870.0,0.0
KRBL,8/11/2021,508.0,538.9,480.0,495.0,-0.8,78786.0,870.0,0.0
KRBL,8/12/2021,495.0,530.0,485.3,515.0,4.04,150056.0,870.0,0.0
KRBL,8/15/2021,515.0,515.0,469.0,495.0,-3.88,101650.0,870.0,0.0
KRBL,8/16/2021,495.0,514.0,478.0,499.0,0.81,66551.0,870.0,0.0
KRBL,8/17/2021,504.0,520.2,496.0,505.0,1.2,89651.0,870.0,0.0
KRBL,8/18/2021,515.0,554.9,505.0,549.0,8.71,147650.0,870.0,0.0
KRBL,8/19/2021,555.0,570.0,518.0,524.0,-4.55,104859.0,870.0,0.0
KRBL,8/24/2021,520.0,530.0,481.0,500.0,-4.58,56882.0,870.0,0.0
KRBL,8/25/2021,510.0,510.0,491.0,500.0,0.0,43928.0,870.0,0.0
KRBL,8/26/2021,510.0,524.0,490.1,509.0,1.8,73601.0,870.0,0.0
KRBL,8/29/2021,519.1,540.0,515.0,528.0,3.73,95409.0,870.0,0.0
KRBL,8/31/2021,527.9,580.8,518.0,568.0,7.58,171803.0,870.0,0.0
KRBL,9/1/2021,570.0,607.0,555.0,569.0,0.18,115656.0,870.0,0.0
KRBL,9/2/2021,569.0,590.0,530.0,536.0,-5.8,54791.0,870.0,0.0
KRBL,9/5/2021,526.0,526.0,482.4,488.1,-8.94,60299.0,870.0,0.0
KRBL,9/6/2021,478.5,536.9,478.5,536.9,10.0,60825.0,870.0,0.0
KRBL,9/7/2021,547.6,555.0,525.0,528.0,-1.66,23298.0,870.0,0.0
KRBL,9/8/2021,520.0,534.0,497.3,507.0,-3.98,23337.0,870.0,0.0
KRBL,9/9/2021,516.0,526.0,502.0,507.0,0.0,44812.0,870.0,0.0
KRBL,9/12/2021,505.0,535.0,505.0,526.5,3.85,25720.0,870.0,0.0
KRBL,9/13/2021,537.0,543.0,510.0,521.0,-1.04,40921.0,870.0,0.0
KRBL,9/14/2021,531.0,531.0,502.8,523.0,0.38,38725.0,870.0,0.0
KRBL,9/15/2021,515.0,526.3,505.0,512.0,-2.1,23682.0,870.0,0.0
KRBL,9/16/2021,502.0,505.1,476.0,491.0,-4.1,54917.0,870.0,0.0
KRBL,9/20/2021,500.0,500.0,446.0,446.2,-9.12,31933.0,870.0,0.0
KRBL,9/21/2021,446.2,481.0,402.1,450.0,0.85,37835.0,870.0,0.0
KRBL,9/22/2021,459.0,491.0,459.0,490.0,8.89,25018.0,870.0,0.0
KRBL,9/23/2021,499.8,516.0,471.0,480.0,-2.04,25868.0,870.0,0.0
KRBL,9/26/2021,489.6,489.6,450.0,457.0,-4.79,20273.0,870.0,0.0
KRBL,9/27/2021,466.0,466.0,431.2,437.0,-4.38,16365.0,870.0,0.0
KRBL,9/28/2021,429.0,445.7,403.0,403.2,-7.73,18983.0,870.0,0.0
KRBL,9/29/2021,400.0,443.4,398.0,428.0,6.15,25805.0,870.0,0.0
KRBL,9/30/2021,428.0,440.0,411.0,411.1,-3.95,11191.0,870.0,0.0
KRBL,10/3/2021,402.9,414.9,394.5,394.5,-4.04,23085.0,870.0,0.0
KRBL,10/4/2021,389.0,405.9,375.0,390.0,-1.14,12091.0,870.0,0.0
KRBL,10/5/2021,395.0,409.8,392.0,404.0,3.59,12094.0,870.0,0.0
KRBL,10/6/2021,408.0,436.7,400.0,436.7,8.09,13881.0,870.0,0.0
KRBL,10/10/2021,436.7,445.0,420.1,428.0,-1.99,20695.0,870.0,0.0
KRBL,10/11/2021,420.0,428.4,405.0,428.4,0.09,11142.0,870.0,0.0
KRBL,10/17/2021,434.0,434.0,406.7,430.0,0.37,2978.0,870.0,0.0
KRBL,10/18/2021,421.4,421.4,400.0,413.0,-3.95,12916.0,870.0,0.0
KRBL,10/19/2021,404.8,410.0,375.1,392.0,-5.08,14929.0,870.0,0.0
KRBL,10/20/2021,399.8,406.0,392.0,404.0,3.06,7902.0,870.0,0.0
KRBL,10/21/2021,396.0,411.0,381.0,398.0,-1.49,4559.0,870.0,0.0
KRBL,10/24/2021,398.2,404.0,380.0,389.0,-2.26,27807.0,870.0,0.0
KRBL,10/25/2021,396.0,424.0,390.0,409.0,5.14,12987.0,870.0,0.0
KRBL,10/26/2021,417.0,441.6,417.0,430.0,5.13,19555.0,870.0,0.0
KRBL,10/27/2021,423.1,449.0,416.0,449.0,4.42,33294.0,870.0,0.0
KRBL,10/28/2021,442.0,448.0,429.0,442.0,-1.56,21296.0,870.0,0.0
KRBL,10/31/2021,445.0,462.0,445.0,460.0,4.07,21971.0,870.0,0.0
KRBL,11/1/2021,469.0,478.0,451.0,451.8,-1.78,24081.0,870.0,0.0
KRBL,11/2/2021,460.8,495.0,445.0,486.0,7.57,56807.0,870.0,0.0
KRBL,11/3/2021,495.7,505.6,475.3,485.0,-0.21,21377.0,870.0,0.0
KRBL,11/8/2021,494.7,499.9,473.0,482.0,-0.62,12085.0,870.0,0.0
KRBL,11/9/2021,472.5,477.0,445.0,455.0,-5.6,43007.0,870.0,0.0
KRBL,11/11/2021,446.0,464.0,437.1,442.1,-2.84,20456.0,870.0,0.0
KRBL,11/14/2021,436.0,455.0,433.0,448.0,1.33,15441.0,870.0,0.0
KRBL,11/15/2021,449.0,472.8,449.0,465.0,3.79,12784.0,870.0,0.0
KRBL,11/16/2021,472.0,477.3,463.0,475.0,2.15,11918.0,870.0,0.0
KRBL,11/17/2021,484.0,485.0,460.0,463.0,-2.53,22687.0,870.0,0.0
KRBL,11/18/2021,460.0,466.0,447.0,448.0,-3.24,8707.0,870.0,0.0
KRBL,11/21/2021,448.0,469.0,446.0,458.0,2.23,8649.0,870.0,0.0
KRBL,11/22/2021,464.3,464.3,449.0,450.0,-1.75,3553.0,870.0,0.0
KRBL,11/23/2021,459.0,459.0,428.0,436.0,-3.11,11419.0,870.0,0.0
KRBL,11/24/2021,427.6,467.0,416.5,465.0,6.65,20648.0,870.0,0.0
KRBL,11/25/2021,462.0,466.0,442.0,442.0,-4.95,17438.0,870.0,0.0
KRBL,11/28/2021,433.2,440.0,423.0,423.0,-4.3,12734.0,870.0,0.0
KRBL,11/29/2021,425.0,442.0,418.0,430.9,1.87,11064.0,870.0,0.0
KRBL,11/30/2021,439.5,440.0,415.0,431.0,0.02,10100.0,870.0,0.0
KRBL,12/1/2021,431.0,441.0,430.0,435.0,0.93,3734.0,870.0,0.0
KRBL,12/2/2021,443.5,443.5,420.0,421.0,-3.22,6682.0,870.0,0.0
KRBL,12/5/2021,412.6,421.2,392.0,392.0,-6.89,12239.0,870.0,0.0
KRBL,12/6/2021,386.0,431.0,380.0,410.0,4.59,20321.0,870.0,0.0
KRBL,12/7/2021,418.2,428.0,400.0,400.0,-2.44,11141.0,870.0,0.0
KRBL,12/8/2021,408.0,413.0,381.3,388.9,-2.78,10314.0,870.0,0.0
KRBL,12/9/2021,388.9,402.9,374.0,388.0,-0.23,9920.0,870.0,0.0
KRBL,12/12/2021,387.1,387.1,358.7,360.0,-7.22,8464.0,870.0,0.0
KRBL,12/13/2021,353.0,359.8,330.1,335.0,-6.94,13409.0,870.0,0.0
KRBL,12/14/2021,341.0,367.0,329.0,367.0,9.55,8865.0,870.0,0.0
KRBL,12/15/2021,374.3,402.0,357.0,375.0,2.18,21749.0,870.0,0.0
KRBL,12/16/2021,375.0,382.0,355.0,355.0,-5.33,12232.0,870.0,0.0
KRBL,12/20/2021,362.0,362.0,342.0,354.0,-0.28,5765.0,870.0,0.0
KRBL,12/21/2021,361.0,367.0,359.0,367.0,3.67,4839.0,870.0,0.0
KRBL,12/22/2021,367.0,395.0,367.0,389.9,6.24,12991.0,870.0,0.0
KRBL,12/23/2021,397.6,405.0,382.1,383.0,-1.77,15128.0,870.0,0.0
KRBL,12/26/2021,380.0,399.0,372.4,390.0,1.83,19964.0,870.0,0.0
KRBL,12/27/2021,397.0,397.0,368.0,370.0,-5.13,10180.0,870.0,0.0
KRBL,12/28/2021,363.0,376.9,361.1,375.0,1.35,9749.0,870.0,0.0
KRBL,12/29/2021,368.0,380.0,361.0,370.0,-1.33,3047.0,870.0,0.0
KRBL,1/2/2022,375.0,375.0,366.0,372.0,0.54,10196.0,870.0,0.0
KRBL,1/3/2022,379.0,389.0,365.5,372.1,0.03,8601.0,870.0,0.0
KRBL,1/4/2022,374.0,400.0,374.0,396.0,6.42,22320.0,870.0,0.0
KRBL,1/5/2022,403.9,404.9,377.0,385.6,-2.63,25669.0,870.0,0.0
KRBL,1/6/2022,378.0,400.8,378.0,400.0,3.73,20822.0,870.0,0.0
KRBL,1/9/2022,408.0,434.0,404.0,434.0,8.5,35465.0,870.0,0.0
KRBL,1/10/2022,440.0,450.8,419.0,432.0,-0.46,41943.0,870.0,0.0
KRBL,1/11/2022,432.0,454.0,430.0,447.0,3.47,22016.0,870.0,0.0
KRBL,1/12/2022,439.0,464.0,425.0,430.0,-3.8,30751.0,870.0,0.0
KRBL,1/13/2022,422.0,470.2,422.0,470.2,9.35,34541.0,870.0,0.0
KRBL,1/16/2022,479.6,514.0,469.0,500.0,6.34,78446.0,870.0,0.0
KRBL,1/17/2022,495.0,499.0,480.0,499.0,-0.2,40241.0,870.0,0.0
KRBL,1/18/2022,493.0,501.0,478.0,485.0,-2.81,37666.0,870.0,0.0
KRBL,1/19/2022,476.0,493.0,460.0,470.0,-3.09,64808.0,870.0,0.0
KRBL,1/20/2022,460.6,489.0,460.6,488.0,3.83,31616.0,870.0,0.0
KRBL,1/23/2022,490.0,495.0,469.0,478.0,-2.05,26768.0,870.0,0.0
KRBL,1/24/2022,480.0,480.0,436.2,440.6,-7.82,78302.0,870.0,0.0
KRBL,1/25/2022,435.0,455.0,431.8,450.0,2.13,31835.0,870.0,0.0
KRBL,1/26/2022,456.0,456.0,431.0,438.0,-2.67,15342.0,870.0,0.0
KRBL,1/27/2022,446.0,446.0,427.0,430.0,-1.83,17062.0,870.0,0.0
KRBL,1/30/2022,438.6,466.0,438.6,465.0,8.14,48680.0,870.0,0.0
KRBL,1/31/2022,474.0,474.0,448.0,455.0,-2.15,24936.0,870.0,0.0
KRBL,2/1/2022,448.0,463.0,447.0,457.0,0.44,24862.0,870.0,0.0
KRBL,2/3/2022,465.0,466.0,441.1,445.0,-2.63,33082.0,870.0,0.0
KRBL,2/6/2022,444.0,448.0,432.0,432.1,-2.9,9607.0,870.0,0.0
KRBL,2/7/2022,432.0,448.8,424.0,432.0,-0.02,9239.0,870.0,0.0
KRBL,2/8/2022,440.6,451.0,427.0,431.0,-0.23,12095.0,870.0,0.0
KRBL,2/9/2022,439.0,439.0,425.0,429.0,-0.46,4204.0,870.0,0.0
KRBL,2/10/2022,432.0,437.0,420.0,430.0,0.23,9234.0,870.0,0.0
KRBL,2/13/2022,421.4,421.4,406.5,410.0,-4.65,16295.0,870.0,0.0
KRBL,2/14/2022,410.0,415.0,402.0,408.0,-0.49,10119.0,870.0,0.0
KRBL,2/15/2022,409.0,418.5,400.1,416.0,1.96,10101.0,870.0,0.0
KRBL,2/16/2022,410.0,416.0,408.0,409.0,-1.68,5267.0,870.0,0.0
KRBL,2/17/2022,410.0,418.9,410.0,418.9,2.42,5504.0,870.0,0.0
KRBL,2/20/2022,410.6,410.6,396.3,405.0,-3.32,9691.0,870.0,0.0
KRBL,2/21/2022,410.0,413.1,402.1,408.0,0.74,3684.0,870.0,0.0
KRBL,2/22/2022,415.0,422.0,409.3,410.0,0.49,10286.0,870.0,0.0
KRBL,2/23/2022,407.0,418.0,405.1,411.0,0.24,2435.0,870.0,0.0
KRBL,2/24/2022,405.0,405.0,395.0,396.3,-3.58,12782.0,870.0,0.0
KRBL,2/27/2022,395.0,405.0,381.0,387.0,-2.35,5383.0,870.0,0.0
KRBL,2/28/2022,387.0,401.8,376.0,376.0,-2.84,6454.0,870.0,0.0
KRBL,3/2/2022,369.0,390.0,369.0,372.5,-0.93,6910.0,870.0,0.0
KRBL,3/6/2022,370.0,390.0,370.0,379.0,1.74,9879.0,870.0,0.0
KRBL,3/7/2022,386.5,391.9,376.4,379.0,0.0,2366.0,870.0,0.0
KRBL,3/9/2022,375.0,380.0,371.0,371.0,-2.11,3045.0,870.0,0.0
KRBL,3/10/2022,366.0,404.0,365.0,404.0,8.89,9965.0,870.0,0.0
KRBL,3/13/2022,410.0,430.0,402.0,421.0,4.21,17433.0,870.0,0.0
KRBL,3/14/2022,415.1,423.4,412.5,412.5,-2.02,4472.0,870.0,0.0
KRBL,3/15/2022,412.0,417.9,404.5,408.0,-1.09,9467.0,870.0,0.0
KRBL,3/16/2022,408.0,415.0,407.0,415.0,1.72,8610.0,870.0,0.0
KRBL,3/20/2022,415.0,415.0,404.0,406.6,-2.02,3813.0,870.0,0.0
KRBL,3/21/2022,401.0,433.0,401.0,433.0,6.49,10247.0,870.0,0.0
KRBL,3/22/2022,428.0,435.0,420.1,427.0,-1.39,13247.0,870.0,0.0
KRBL,3/23/2022,420.0,421.0,416.0,421.0,-1.41,6560.0,870.0,0.0
KRBL,3/24/2022,412.6,418.0,408.0,408.0,-3.09,7933.0,870.0,0.0
KRBL,3/27/2022,402.0,407.9,390.0,398.5,-2.33,7004.0,870.0,0.0
KRBL,3/28/2022,394.0,396.0,385.0,391.8,-1.68,9403.0,870.0,0.0
KRBL,3/29/2022,390.0,390.0,384.0,389.0,-0.71,5734.0,870.0,0.0
KRBL,3/30/2022,389.0,413.0,382.0,413.0,6.17,24968.0,870.0,0.0
KRBL,3/31/2022,421.2,421.2,390.0,395.0,-4.36,7743.0,870.0,0.0
KRBL,4/3/2022,390.0,397.0,383.1,397.0,0.51,2296.0,870.0,0.0
KRBL,4/4/2022,390.0,395.0,380.0,380.0,-4.28,6252.0,870.0,0.0
KRBL,4/5/2022,373.0,387.0,365.0,374.0,-1.58,9337.0,870.0,0.0
KRBL,4/6/2022,381.0,381.0,366.0,369.5,-1.2,7578.0,870.0,0.0
KRBL,4/7/2022,376.0,381.0,368.0,374.0,1.22,6159.0,870.0,0.0
KRBL,4/11/2022,381.4,389.0,362.0,367.0,-1.87,7453.0,870.0,0.0
KRBL,4/12/2022,374.3,374.3,350.0,354.0,-3.54,7190.0,870.0,0.0
KRBL,4/13/2022,361.0,365.0,351.0,365.0,3.11,3432.0,870.0,0.0
KRBL,4/17/2022,360.0,362.8,348.0,348.0,-4.66,4926.0,870.0,0.0
KRBL,4/18/2022,341.1,347.0,333.5,334.0,-4.02,6762.0,870.0,0.0
KRBL,4/19/2022,340.6,345.0,332.0,336.0,0.6,6176.0,870.0,0.0
KRBL,4/20/2022,332.2,338.0,322.0,322.8,-3.93,4043.0,870.0,0.0
KRBL,4/21/2022,316.5,321.0,308.0,315.0,-2.42,4147.0,870.0,0.0
KRBL,4/24/2022,321.3,344.0,321.0,332.1,5.43,8780.0,870.0,0.0
KRBL,4/25/2022,334.0,345.2,325.5,329.9,-0.66,5457.0,870.0,0.0
KRBL,4/26/2022,336.3,336.3,317.6,325.0,-1.49,2461.0,870.0,0.0
KRBL,4/27/2022,320.0,330.9,315.0,330.9,1.82,9040.0,870.0,0.0
KRBL,4/28/2022,331.0,334.0,321.0,321.0,-2.99,3670.0,870.0,0.0
KRBL,5/2/2022,315.1,316.2,307.0,308.1,-4.02,3377.0,870.0,0.0
KRBL,5/4/2022,302.0,308.5,296.0,306.0,-0.68,4824.0,870.0,0.0
KRBL,5/5/2022,311.0,311.0,298.0,298.0,-2.61,2067.0,870.0,0.0
KRBL,5/8/2022,300.0,315.1,295.0,311.0,4.36,6514.0,870.0,0.0
KRBL,5/9/2022,305.0,322.0,305.0,310.0,-0.32,3476.0,870.0,0.0
KRBL,5/10/2022,312.0,320.0,309.0,320.0,3.23,3329.0,870.0,0.0
KRBL,5/11/2022,326.0,330.0,313.0,327.0,2.19,7622.0,870.0,0.0
KRBL,5/12/2022,332.0,334.0,310.0,323.0,-1.22,13501.0,870.0,0.0
KRBL,5/17/2022,325.0,325.0,300.0,306.0,-5.26,4225.0,870.0,0.0
KRBL,5/18/2022,305.0,317.0,302.0,315.0,2.94,4940.0,870.0,0.0
KRBL,5/19/2022,308.7,320.9,300.0,306.0,-2.86,2483.0,870.0,0.0
KRBL,5/20/2022,299.9,309.0,294.0,309.0,0.98,4146.0,870.0,0.0
KRBL,5/23/2022,309.0,309.0,293.0,298.0,-3.56,1242.0,870.0,0.0
KRBL,5/24/2022,303.0,303.0,298.0,299.0,0.34,1893.0,870.0,0.0
KRBL,5/25/2022,302.0,308.9,301.0,307.0,2.68,3050.0,870.0,0.0
KRBL,5/26/2022,307.0,310.0,300.8,301.0,-1.95,2733.0,870.0,0.0
KRBL,5/27/2022,295.0,306.0,288.4,290.0,-3.65,10029.0,870.0,0.0
KRBL,5/30/2022,290.0,290.0,273.8,280.5,-3.28,8717.0,870.0,0.0
KRBL,5/31/2022,274.9,281.0,270.0,276.0,-1.6,4067.0,870.0,0.0
KRBL,6/1/2022,279.0,279.0,270.0,270.0,-2.17,1499.0,870.0,0.0
KRBL,6/2/2022,272.9,276.0,266.0,268.0,-0.74,3980.0,870.0,0.0
KRBL,6/3/2022,270.0,270.0,260.0,265.0,-1.12,5024.0,870.0,0.0
KRBL,6/6/2022,268.0,268.0,258.3,258.9,-2.3,5590.0,870.0,0.0
KRBL,6/7/2022,260.0,260.0,248.8,252.9,-2.32,2245.0,870.0,0.0
KRBL,6/8/2022,253.0,278.1,244.1,268.0,5.97,4585.0,870.0,0.0
KRBL,6/9/2022,263.1,273.0,260.0,260.0,-2.99,8059.0,870.0,0.0
KRBL,6/10/2022,261.0,261.0,251.0,252.0,-3.08,2107.0,870.0,0.0
KRBL,6/13/2022,255.0,255.0,249.0,249.0,-1.19,574.0,870.0,0.0
KRBL,6/14/2022,244.2,244.2,238.0,238.0,-4.42,1898.0,870.0,0.0
KRBL,6/15/2022,233.4,238.0,230.0,237.0,-0.42,3206.0,870.0,0.0
KRBL,6/16/2022,232.4,241.7,227.8,240.0,1.27,5175.0,870.0,0.0
KRBL,6/17/2022,243.0,243.0,238.2,240.0,0.0,11780.0,870.0,0.0
KRBL,6/19/2022,240.0,244.8,225.9,239.0,-0.42,1571.0,870.0,0.0
KRBL,6/20/2022,234.3,237.0,215.1,218.0,-8.79,8040.0,870.0,0.0
KRBL,6/21/2022,220.0,228.0,220.0,224.0,2.75,4072.0,870.0,0.0
KRBL,6/22/2022,227.0,227.0,221.1,221.1,-1.29,1720.0,870.0,0.0
KRBL,6/23/2022,217.0,217.0,202.0,207.0,-6.38,15685.0,870.0,0.0
KRBL,6/24/2022,202.9,213.0,198.9,213.0,2.9,2875.0,870.0,0.0
KRBL,6/26/2022,217.0,228.4,209.0,227.8,6.95,36831.0,870.0,0.0
KRBL,6/27/2022,230.0,230.0,215.3,221.0,-2.99,19017.0,870.0,0.0
KRBL,6/28/2022,216.8,217.0,212.7,215.0,-2.71,3311.0,870.0,0.0
KRBL,6/29/2022,215.0,223.0,212.3,223.0,3.72,6327.0,870.0,0.0
KRBL,6/30/2022,218.6,237.6,215.0,235.0,5.38,47105.0,870.0,0.0
KRBL,7/1/2022,238.0,238.0,228.1,233.4,-0.68,16353.0,870.0,0.0
KRBL,7/3/2022,233.0,241.0,225.0,240.5,3.04,19491.0,870.0,0.0
KRBL,7/4/2022,245.0,263.9,233.0,246.8,2.62,40597.0,870.0,0.0
KRBL,7/5/2022,242.0,250.0,233.3,238.4,-3.4,25242.0,870.0,0.0
KRBL,7/6/2022,235.0,254.0,228.4,240.1,0.71,12420.0,870.0,0.0
KRBL,7/7/2022,244.9,259.0,232.0,236.0,-1.71,14265.0,870.0,0.0
KRBL,7/8/2022,231.4,236.0,225.0,225.0,-4.66,7855.0,870.0,0.0
KRBL,7/11/2022,220.5,224.0,211.0,212.0,-5.78,12649.0,870.0,0.0
KRBL,7/12/2022,216.0,224.4,208.0,218.0,2.83,5753.0,870.0,0.0
KRBL,7/13/2022,222.0,238.0,218.1,235.0,7.8,23805.0,870.0,0.0
KRBL,7/14/2022,236.0,239.0,223.6,235.0,0.0,11286.0,870.0,0.0
KRBL,7/15/2022,235.0,236.0,225.8,232.0,-1.28,2934.0,870.0,0.0
KRBL,7/17/2022,230.0,236.0,225.4,231.9,-0.04,8269.0,870.0,0.0
KRBL,7/18/2022,234.0,235.9,223.2,234.0,0.91,4054.0,870.0,0.0
KRBL,7/19/2022,237.9,241.0,230.0,230.0,-1.71,13401.0,870.0,0.0
KRBL,7/20/2022,230.0,249.0,229.0,240.0,4.35,15613.0,870.0,0.0
KRBL,7/21/2022,235.3,242.8,230.0,232.0,-3.33,9067.0,870.0,0.0
KRBL,7/22/2022,232.0,233.0,223.5,230.0,-0.86,6465.0,870.0,0.0
KRBL,7/24/2022,234.0,246.0,229.4,245.0,6.52,50991.0,870.0,0.0
KRBL,7/25/2022,249.0,269.0,244.5,265.0,8.16,50112.0,870.0,0.0
KRBL,7/26/2022,260.0,280.0,250.0,256.0,-3.4,32563.0,870.0,0.0
KRBL,7/27/2022,260.0,270.0,246.0,265.0,3.52,30426.0,870.0,0.0
KRBL,7/28/2022,270.0,289.3,260.0,285.0,7.55,74304.0,870.0,0.0
KRBL,7/29/2022,287.0,302.6,276.0,300.0,5.26,34181.0,870.0,0.0
KRBL,7/31/2022,306.0,309.0,294.0,300.0,0.0,30383.0,870.0,0.0
KRBL,8/1/2022,294.0,296.9,286.0,289.5,-3.5,40319.0,870.0,0.0
KRBL,8/2/2022,295.2,295.2,280.0,289.0,-0.17,21940.0,870.0,0.0
KRBL,8/3/2022,285.0,299.0,283.4,290.0,0.35,32754.0,870.0,0.0
KRBL,8/4/2022,290.0,291.0,275.0,279.1,-3.76,22918.0,870.0,0.0
KRBL,8/5/2022,274.0,281.0,265.1,268.0,-3.98,13097.0,870.0,0.0
KRBL,8/7/2022,273.0,275.0,261.3,272.0,1.49,24742.0,870.0,0.0
KRBL,8/8/2022,274.0,274.0,263.0,263.0,-3.31,22931.0,870.0,0.0
KRBL,8/9/2022,258.0,263.0,256.8,260.0,-1.14,15506.0,870.0,0.0
KRBL,8/10/2022,255.0,260.1,250.1,252.0,-3.08,15079.0,870.0,0.0
KRBL,8/11/2022,251.0,262.0,241.0,241.2,-4.29,14128.0,870.0,0.0
KRBL,8/14/2022,246.0,251.7,239.0,243.0,0.75,13138.0,870.0,0.0
KRBL,8/15/2022,243.0,260.0,243.0,259.9,6.95,17651.0,870.0,0.0
KRBL,8/16/2022,265.0,270.0,250.0,253.0,-2.65,23448.0,870.0,0.0
KRBL,8/17/2022,252.0,258.0,249.0,254.0,0.4,9628.0,870.0,0.0
KRBL,8/18/2022,258.0,268.0,252.0,265.0,4.33,16050.0,870.0,0.0
KRBL,8/21/2022,266.0,271.0,256.0,258.0,-2.64,16937.0,870.0,0.0
KRBL,8/22/2022,254.0,259.0,244.1,258.0,0.0,24348.0,870.0,0.0
KRBL,8/23/2022,263.0,263.0,250.0,258.0,0.0,33287.0,870.0,0.0
KRBL,8/24/2022,260.0,260.0,255.0,255.0,-1.16,8670.0,870.0,0.0
KRBL,8/25/2022,259.9,259.9,247.9,254.0,-0.39,13108.0,870.0,0.0
KRBL,8/26/2022,249.0,256.8,242.0,246.0,-3.15,10523.0,870.0,0.0
KRBL,8/28/2022,242.0,246.0,233.5,235.0,-4.47,14600.0,870.0,0.0
KRBL,8/29/2022,235.0,244.0,231.3,240.0,2.13,13063.0,870.0,0.0
KRBL,8/30/2022,244.8,244.8,236.0,236.0,-1.67,4069.0,870.0,0.0
KRBL,8/31/2022,233.0,238.0,230.3,230.3,-2.42,6567.0,870.0,0.0
KRBL,9/1/2022,233.0,235.0,227.1,235.0,2.04,3745.0,870.0,0.0
KRBL,9/2/2022,238.0,240.0,234.5,234.5,-0.21,4386.0,870.0,0.0
KRBL,9/4/2022,231.0,240.8,231.0,239.0,1.92,4699.0,870.0,0.0
KRBL,9/5/2022,241.5,241.5,236.7,236.7,-0.96,8486.0,870.0,0.0
KRBL,9/6/2022,237.0,237.0,225.1,230.0,-2.83,9552.0,870.0,0.0
KRBL,9/7/2022,228.0,228.0,226.0,226.0,-1.74,4644.0,870.0,0.0
KRBL,9/8/2022,227.0,237.0,227.0,231.0,2.21,5273.0,870.0,0.0
KRBL,9/11/2022,233.0,235.0,225.0,225.4,-2.42,2775.0,870.0,0.0
KRBL,9/12/2022,228.0,228.0,222.2,223.0,-1.06,4962.0,870.0,0.0
KRBL,9/13/2022,219.2,231.5,219.2,227.0,1.79,7086.0,870.0,0.0
KRBL,9/14/2022,229.0,245.0,229.0,240.5,5.95,16687.0,870.0,0.0
KRBL,9/15/2022,240.0,241.7,225.5,229.0,-4.78,17577.0,870.0,0.0
KRBL,9/16/2022,224.5,233.0,217.2,228.9,-0.04,4630.0,870.0,0.0
KRBL,9/18/2022,224.5,228.0,219.0,220.5,-3.67,9858.0,870.0,0.0
KRBL,9/20/2022,216.5,217.7,211.0,214.9,-2.54,9970.0,870.0,0.0
KRBL,9/21/2022,219.0,222.0,215.0,215.2,0.14,7346.0,870.0,0.0
KRBL,9/22/2022,218.0,221.0,214.5,215.0,-0.09,3486.0,870.0,0.0
KRBL,9/25/2022,218.0,218.0,206.8,212.0,-1.4,8402.0,870.0,0.0
KRBL,9/27/2022,212.0,220.3,212.0,216.0,1.89,3004.0,870.0,0.0
KRBL,9/28/2022,216.0,219.0,206.0,215.0,-0.46,3640.0,870.0,0.0
KRBL,9/29/2022,212.0,218.0,212.0,216.0,0.47,2750.0,870.0,0.0
KRBL,10/9/2022,220.3,232.0,216.0,232.0,7.41,11153.0,870.0,0.0
KRBL,10/10/2022,228.0,228.0,217.0,219.0,-5.6,7457.0,870.0,0.0
KRBL,10/11/2022,215.0,218.0,215.0,216.0,-1.37,2865.0,870.0,0.0
KRBL,10/12/2022,213.0,227.3,212.0,222.0,2.78,12917.0,870.0,0.0
KRBL,10/13/2022,225.0,227.5,220.0,225.9,1.76,4575.0,870.0,0.0
KRBL,10/16/2022,225.0,228.0,213.0,225.5,-0.18,7651.0,870.0,0.0
KRBL,10/17/2022,221.0,221.0,213.1,220.0,-2.44,967.0,870.0,0.0
KRBL,10/19/2022,218.0,219.7,214.0,215.0,-2.27,6721.0,870.0,0.0
KRBL,10/20/2022,211.0,215.0,210.0,212.0,-1.4,3159.0,870.0,0.0
KRBL,10/23/2022,210.0,216.0,210.0,214.5,1.18,2677.0,870.0,0.0
KRBL,10/31/2022,211.0,220.0,210.0,210.0,-2.1,6956.0,870.0,0.0
KRBL,11/1/2022,210.0,222.5,210.0,222.0,5.71,26188.0,870.0,0.0
KRBL,11/2/2022,220.0,243.5,214.0,240.0,8.11,87084.0,870.0,0.0
KRBL,11/3/2022,235.2,241.0,230.0,236.0,-1.67,14212.0,870.0,0.0
KRBL,11/6/2022,231.3,246.5,226.0,241.5,2.33,42912.0,870.0,0.0
KRBL,11/7/2022,237.5,252.8,237.5,246.0,1.86,71328.0,870.0,0.0
KRBL,11/8/2022,247.0,247.0,240.0,244.7,-0.53,16927.0,870.0,0.0
KRBL,11/9/2022,239.9,244.6,230.0,230.0,-6.01,20150.0,870.0,0.0
KRBL,11/10/2022,227.1,235.6,225.0,227.0,-1.3,15845.0,870.0,0.0
KRBL,11/13/2022,231.4,233.0,225.0,227.0,0.0,10399.0,870.0,0.0
KRBL,11/14/2022,231.0,236.0,228.0,235.0,3.52,13916.0,870.0,0.0
KRBL,11/15/2022,236.0,238.0,228.5,232.8,-0.94,14133.0,870.0,0.0
KRBL,11/16/2022,233.2,240.0,233.0,238.3,2.36,11830.0,870.0,0.0
KRBL,11/17/2022,241.0,247.1,235.0,242.0,1.55,37991.0,870.0,0.0
KRBL,11/22/2022,246.8,246.8,237.2,237.6,-1.82,9927.0,870.0,0.0
KRBL,11/23/2022,242.0,242.0,233.4,237.2,-0.17,10026.0,870.0,0.0
KRBL,11/24/2022,232.5,243.7,232.5,242.9,2.4,15980.0,870.0,0.0
KRBL,11/27/2022,247.7,257.9,245.0,257.0,5.8,43993.0,870.0,0.0
KRBL,11/28/2022,252.0,276.0,252.0,257.9,0.35,60386.0,870.0,0.0
KRBL,11/29/2022,253.5,270.0,252.8,268.0,3.92,29462.0,870.0,0.0
KRBL,11/30/2022,270.0,270.0,259.0,263.0,-1.87,25982.0,870.0,0.0
KRBL,12/1/2022,257.8,269.0,257.8,267.0,1.52,18873.0,870.0,0.0
KRBL,12/4/2022,267.0,269.0,260.5,260.5,-2.43,15483.0,870.0,0.0
KRBL,12/5/2022,255.4,265.0,252.0,255.0,-2.11,31484.0,870.0,0.0
KRBL,12/6/2022,255.2,255.2,250.0,255.0,0.0,6029.0,870.0,0.0
KRBL,12/7/2022,258.0,258.0,246.1,248.5,-2.55,15011.0,870.0,0.0
KRBL,12/11/2022,245.0,249.0,240.1,246.0,-1.01,11918.0,870.0,0.0
KRBL,12/12/2022,250.9,255.0,244.1,255.0,3.66,25976.0,870.0,0.0
KRBL,12/13/2022,257.0,257.0,250.0,256.0,0.39,6700.0,870.0,0.0
KRBL,12/14/2022,261.1,261.1,246.0,250.0,-2.34,2733.0,870.0,0.0
KRBL,12/15/2022,246.1,255.0,246.0,247.1,-1.16,21967.0,870.0,0.0
KRBL,12/18/2022,242.2,247.0,238.2,238.6,-3.44,8101.0,870.0,0.0
KRBL,12/19/2022,234.1,247.0,234.1,247.0,3.52,6008.0,870.0,0.0
KRBL,12/20/2022,243.2,254.0,243.0,251.0,1.62,12355.0,870.0,0.0
KRBL,12/21/2022,246.0,248.4,243.3,248.4,-1.04,5124.0,870.0,0.0
KRBL,12/22/2022,244.1,248.0,240.1,246.1,-0.93,4710.0,870.0,0.0
KRBL,12/26/2022,251.0,260.0,248.0,259.0,5.24,27646.0,870.0,0.0
KRBL,12/27/2022,264.1,268.2,258.0,260.2,0.46,57363.0,870.0,0.0
KRBL,12/28/2022,255.0,265.0,249.9,259.0,-0.46,33622.0,870.0,0.0
KRBL,12/29/2022,254.3,275.0,254.2,263.4,1.7,42565.0,870.0,0.0
KRBL,1/1/2023,268.0,286.0,263.1,278.0,5.54,131388.0,870.0,0.0
KRBL,1/2/2023,272.5,294.7,267.2,287.0,3.24,42165.0,870.0,0.0
KRBL,1/3/2023,282.0,298.0,279.0,291.0,1.39,34150.0,870.0,0.0
KRBL,1/4/2023,290.0,312.0,282.7,311.9,7.18,49683.0,870.0,0.0
KRBL,1/5/2023,309.0,310.0,296.3,304.9,-2.24,61119.0,870.0,0.0
KRBL,1/8/2023,310.0,310.0,294.0,304.0,-0.3,56186.0,870.0,0.0
KRBL,1/9/2023,304.0,320.0,300.0,317.0,4.28,85600.0,870.0,0.0
KRBL,1/10/2023,323.3,339.0,306.9,309.0,-2.52,92050.0,870.0,0.0
KRBL,1/12/2023,315.1,321.0,299.5,303.0,-1.94,73300.0,870.0,0.0
KRBL,1/17/2023,302.0,319.0,298.0,314.0,3.63,47091.0,870.0,0.0
KRBL,1/18/2023,316.0,326.0,311.2,314.0,0.0,52095.0,870.0,0.0
KRBL,1/19/2023,315.0,319.0,307.8,308.0,-1.91,18922.0,870.0,0.0
KRBL,1/23/2023,304.0,315.0,300.0,303.0,-1.62,40050.0,870.0,0.0
KRBL,1/24/2023,303.0,307.0,297.0,305.0,0.66,26110.0,870.0,0.0
KRBL,1/25/2023,311.0,315.0,305.0,305.0,0.0,21423.0,870.0,0.0
KRBL,1/26/2023,311.1,311.1,302.0,307.8,0.92,10971.0,870.0,0.0
KRBL,1/29/2023,301.7,304.5,298.0,299.0,-2.86,13271.0,870.0,0.0
KRBL,1/30/2023,298.0,301.0,284.2,289.0,-3.34,24358.0,870.0,0.0
KRBL,1/31/2023,284.0,294.5,280.0,281.4,-2.63,21380.0,870.0,0.0
KRBL,2/1/2023,280.1,296.0,280.1,286.0,1.63,8435.0,870.0,0.0
KRBL,2/2/2023,287.0,291.1,283.0,286.9,0.31,10684.0,870.0,0.0
KRBL,2/5/2023,283.0,291.6,281.5,281.5,-1.88,10953.0,870.0,0.0
KRBL,2/6/2023,282.0,287.1,280.0,285.0,1.24,9042.0,870.0,0.0
KRBL,2/7/2023,289.7,306.0,289.0,305.0,7.02,18704.0,870.0,0.0
KRBL,2/8/2023,308.0,313.1,298.0,298.0,-2.3,34417.0,870.0,0.0
KRBL,2/9/2023,293.1,309.0,293.1,304.0,2.01,11416.0,870.0,0.0
KRBL,2/12/2023,310.0,310.0,291.3,297.9,-2.01,15560.0,870.0,0.0
KRBL,2/14/2023,302.0,302.0,289.1,294.8,-1.04,26536.0,870.0,0.0
KRBL,2/15/2023,300.0,300.0,287.2,287.2,-2.58,6412.0,870.0,0.0
KRBL,2/16/2023,287.0,292.8,283.0,283.0,-1.46,6565.0,870.0,0.0
KRBL,2/20/2023,287.0,291.0,281.4,281.4,-0.57,12100.0,870.0,0.0
KRBL,2/22/2023,286.9,295.0,285.0,295.0,4.83,8834.0,870.0,0.0
KRBL,2/23/2023,289.1,289.1,275.0,284.9,-3.42,8655.0,870.0,0.0
KRBL,2/26/2023,279.3,290.0,271.0,282.3,-0.91,15689.0,870.0,0.0
KRBL,2/27/2023,286.0,287.9,271.0,279.0,-1.17,15118.0,870.0,0.0
KRBL,2/28/2023,276.2,288.0,276.2,278.0,-0.36,3969.0,870.0,0.0
KRBL,3/1/2023,275.1,280.5,274.0,274.0,-1.44,3855.0,870.0,0.0
KRBL,3/2/2023,270.0,277.0,265.1,268.0,-2.19,7465.0,870.0,0.0
KRBL,3/5/2023,268.0,269.8,260.0,260.0,-2.99,5786.0,870.0,0.0
KRBL,3/7/2023,265.2,281.0,262.0,270.0,3.85,5156.0,870.0,0.0
KRBL,3/9/2023,274.3,281.0,272.0,280.0,3.7,7807.0,870.0,0.0
KRBL,3/12/2023,285.0,285.0,270.0,283.0,1.07,8769.0,870.0,0.0
KRBL,3/13/2023,277.4,277.4,269.5,275.0,-2.83,2720.0,870.0,0.0
KRBL,3/14/2023,272.0,281.1,270.0,281.0,2.18,6939.0,870.0,0.0
KRBL,3/15/2023,284.0,286.0,271.1,278.0,-1.07,3984.0,870.0,0.0
KRBL,3/16/2023,274.0,279.0,274.0,275.0,-1.08,2930.0,870.0,0.0
KRBL,3/19/2023,275.0,275.0,269.4,269.4,-2.04,4126.0,870.0,0.0
KRBL,3/20/2023,274.0,274.5,268.6,273.9,1.67,10896.0,870.0,0.0
KRBL,3/22/2023,273.3,275.1,268.5,270.0,-1.42,3033.0,870.0,0.0
KRBL,3/23/2023,266.0,269.8,262.1,266.0,-1.48,2210.0,870.0,0.0
KRBL,3/26/2023,261.1,269.9,259.2,262.0,-1.5,5457.0,870.0,0.0
KRBL,3/27/2023,266.2,270.0,260.0,270.0,3.05,8387.0,870.0,0.0
KRBL,3/28/2023,268.0,276.9,267.0,271.0,0.37,4173.0,870.0,0.0
KRBL,3/29/2023,268.0,274.0,266.1,268.0,-1.11,4459.0,870.0,0.0
KRBL,3/30/2023,272.0,272.0,267.0,270.0,0.75,1963.0,870.0,0.0
KRBL,4/2/2023,275.4,275.4,258.0,265.0,-1.85,8084.0,870.0,0.0
KRBL,4/3/2023,259.7,262.9,253.9,261.0,-1.51,3171.0,870.0,0.0
KRBL,4/4/2023,255.8,265.2,251.1,263.0,0.77,3402.0,870.0,0.0
KRBL,4/5/2023,260.0,265.0,253.8,257.6,-2.05,1012.0,870.0,0.0
KRBL,4/6/2023,261.7,262.7,257.5,257.5,-0.04,3468.0,870.0,0.0
KRBL,4/9/2023,255.0,255.0,245.0,249.0,-3.3,5696.0,870.0,0.0
KRBL,4/10/2023,252.9,258.8,250.0,254.8,2.33,3492.0,870.0,0.0
KRBL,4/11/2023,258.0,262.0,250.0,257.0,0.86,6316.0,870.0,0.0
KRBL,4/12/2023,261.0,274.2,261.0,272.0,5.84,13432.0,870.0,0.0
KRBL,4/13/2023,267.0,277.0,262.1,268.8,-1.18,4533.0,870.0,0.0
KRBL,4/16/2023,263.5,272.4,263.5,265.0,-1.41,1295.0,870.0,0.0
KRBL,4/17/2023,260.0,260.0,255.9,258.0,-2.64,3864.0,870.0,0.0
KRBL,4/18/2023,253.1,257.3,252.9,257.0,-0.39,2515.0,870.0,0.0
KRBL,4/19/2023,259.0,268.9,255.2,268.9,4.63,3790.0,870.0,0.0
KRBL,4/20/2023,263.6,263.6,259.0,259.0,-3.68,1325.0,870.0,0.0
KRBL,4/23/2023,254.0,258.0,253.9,257.0,-0.77,1770.0,870.0,0.0
KRBL,4/24/2023,262.0,262.0,252.0,256.0,-0.39,2748.0,870.0,0.0
KRBL,4/25/2023,259.0,266.0,259.0,264.0,3.12,2438.0,870.0,0.0
KRBL,4/26/2023,267.5,267.5,255.0,260.4,-1.36,779.0,870.0,0.0
KRBL,4/27/2023,265.0,265.0,256.1,256.1,-1.65,3518.0,870.0,0.0
KRBL,4/30/2023,259.0,259.0,250.0,254.0,-0.82,7073.0,870.0,0.0
KRBL,5/2/2023,258.0,258.0,247.0,254.0,0.0,2313.0,870.0,0.0
KRBL,5/3/2023,258.0,258.0,248.0,254.9,0.35,4422.0,870.0,0.0
KRBL,5/4/2023,251.0,256.9,250.0,256.9,0.78,870.0,870.0,0.0
KRBL,5/7/2023,256.9,256.9,251.8,255.0,-0.74,847.0,870.0,0.0
KRBL,5/8/2023,254.0,254.0,242.0,251.0,-1.57,2350.0,870.0,0.0
KRBL,5/9/2023,253.0,255.0,251.1,251.1,0.04,1537.0,870.0,0.0
KRBL,5/10/2023,254.0,254.0,247.0,254.0,1.15,1150.0,870.0,0.0
KRBL,5/11/2023,257.0,257.0,242.5,256.0,0.79,850.0,870.0,0.0
KRBL,5/14/2023,251.0,254.0,246.0,252.0,-1.56,320.0,870.0,0.0
KRBL,5/15/2023,256.0,256.0,247.0,255.0,1.19,1760.0,870.0,0.0
KRBL,5/16/2023,258.0,258.0,250.0,251.0,-1.57,1380.0,870.0,0.0
KRBL,5/17/2023,255.0,256.0,252.0,256.0,1.99,1600.0,870.0,0.0
KRBL,5/18/2023,256.0,265.0,256.0,265.0,3.52,8609.0,870.0,0.0
KRBL,5/21/2023,259.9,269.9,256.0,261.0,-1.51,3314.0,870.0,0.0
KRBL,5/22/2023,255.8,264.0,250.7,264.0,1.15,9373.0,870.0,0.0
KRBL,5/23/2023,267.0,274.5,263.0,273.8,3.71,13601.0,870.0,0.0
KRBL,5/24/2023,268.4,278.0,267.0,270.0,-1.39,6686.0,870.0,0.0
KRBL,5/28/2023,270.0,273.9,255.6,260.0,-3.7,9484.0,870.0,0.0
KRBL,5/30/2023,260.0,260.0,249.0,257.8,-0.85,11064.0,870.0,0.0
KRBL,5/31/2023,255.0,255.0,245.0,250.0,-3.03,13427.0,870.0,0.0
KRBL,6/1/2023,246.0,255.0,245.0,254.9,1.96,3561.0,870.0,0.0
KRBL,6/4/2023,259.9,264.9,258.0,261.9,2.75,2953.0,870.0,0.0
KRBL,6/5/2023,260.0,265.0,255.0,260.0,-0.73,5670.0,870.0,0.0
KRBL,6/6/2023,255.0,263.0,250.7,261.0,0.38,6145.0,870.0,0.0
KRBL,6/7/2023,264.0,269.0,257.0,261.1,0.04,6674.0,870.0,0.0
KRBL,6/8/2023,258.0,263.0,256.3,261.8,0.27,6848.0,870.0,0.0
KRBL,6/11/2023,265.5,280.0,264.4,274.2,4.74,49992.0,870.0,0.0
KRBL,6/12/2023,278.0,287.4,278.0,278.0,1.39,21847.0,870.0,0.0
KRBL,6/13/2023,280.0,289.0,280.0,286.0,2.88,15480.0,870.0,0.0
KRBL,6/14/2023,286.0,288.0,274.0,280.0,-2.1,23246.0,870.0,0.0
KRBL,6/15/2023,284.5,284.5,270.1,276.9,-1.11,10195.0,870.0,0.0
KRBL,6/18/2023,281.0,281.0,273.0,280.0,1.12,11998.0,870.0,0.0
KRBL,6/19/2023,284.5,300.0,275.0,293.0,4.64,63496.0,870.0,0.0
KRBL,6/20/2023,298.7,301.0,280.0,280.0,-4.44,37302.0,870.0,0.0
KRBL,6/21/2023,284.8,287.9,278.0,282.0,0.71,17934.0,870.0,0.0
KRBL,6/22/2023,276.5,287.0,273.0,279.0,-1.06,12879.0,870.0,0.0
KRBL,6/25/2023,279.0,294.5,279.0,294.0,5.38,29786.0,870.0,0.0
KRBL,6/26/2023,294.5,298.9,284.2,291.9,-0.71,19975.0,870.0,0.0
KRBL,6/27/2023,297.7,298.0,288.1,295.0,1.06,31559.0,870.0,0.0
KRBL,6/28/2023,299.9,300.9,285.1,292.0,-1.02,14445.0,870.0,0.0
KRBL,7/2/2023,286.2,290.0,277.4,277.4,-5.0,19374.0,870.0,0.0
KRBL,7/3/2023,282.0,287.4,271.0,275.0,-0.87,22299.0,870.0,0.0
KRBL,7/4/2023,280.4,285.0,273.0,281.0,2.18,8309.0,870.0,0.0
KRBL,7/5/2023,285.0,285.0,272.0,277.9,-1.1,12434.0,870.0,0.0
KRBL,7/6/2023,283.0,283.0,273.2,275.0,-1.04,6688.0,870.0,0.0
KRBL,7/9/2023,280.5,284.0,276.0,280.0,1.82,6730.0,870.0,0.0
KRBL,7/10/2023,285.0,285.6,277.0,279.0,-0.36,11716.0,870.0,0.0
KRBL,7/11/2023,284.5,298.0,281.0,293.0,5.02,51360.0,870.0,0.0
KRBL,7/12/2023,297.0,304.0,290.3,294.0,0.34,24708.0,870.0,0.0
KRBL,7/13/2023,295.0,299.7,281.0,284.0,-3.4,15432.0,870.0,0.0
KRBL,7/16/2023,289.6,292.5,281.3,282.0,-0.7,7893.0,870.0,0.0
KRBL,7/17/2023,286.0,298.0,280.5,297.0,5.32,20712.0,870.0,0.0
KRBL,7/18/2023,300.0,302.9,285.5,290.0,-2.36,21383.0,870.0,0.0
KRBL,7/19/2023,293.9,296.5,286.0,296.5,2.24,31994.0,870.0,0.0
KRBL,7/20/2023,299.4,299.7,288.3,297.9,0.47,19091.0,870.0,0.0
KRBL,7/23/2023,297.0,313.0,286.5,309.0,3.73,68761.0,870.0,0.0
KRBL,7/24/2023,311.0,311.0,290.3,298.0,-3.56,29268.0,870.0,0.0
KRBL,7/25/2023,302.0,302.0,289.1,289.1,-2.99,15432.0,870.0,0.0
KRBL,7/26/2023,293.9,295.9,285.0,290.0,0.31,14525.0,870.0,0.0
KRBL,7/27/2023,295.8,296.0,284.0,288.8,-0.41,15474.0,870.0,0.0
KRBL,7/30/2023,283.2,293.9,276.0,283.5,-1.84,7925.0,870.0,0.0
KRBL,7/31/2023,289.0,289.0,278.1,282.9,-0.21,13947.0,870.0,0.0
KRBL,8/1/2023,288.4,288.4,273.0,278.0,-1.73,8459.0,870.0,0.0
KRBL,8/2/2023,282.0,286.0,274.1,285.9,2.84,14781.0,870.0,0.0
KRBL,8/3/2023,291.6,297.4,287.0,291.8,2.06,21628.0,870.0,0.0
KRBL,8/6/2023,291.8,295.0,280.3,285.0,-2.33,13836.0,870.0,0.0
KRBL,8/7/2023,288.9,289.0,281.7,285.0,0.0,6031.0,870.0,0.0
KRBL,8/8/2023,289.0,289.0,278.0,279.9,-1.79,10233.0,870.0,0.0
KRBL,8/9/2023,279.0,290.0,275.4,290.0,3.61,11732.0,870.0,0.0
KRBL,8/10/2023,293.0,294.0,284.2,289.9,-0.03,9327.0,870.0,0.0
KRBL,8/13/2023,293.0,293.0,282.0,287.8,-0.72,8028.0,870.0,0.0
KRBL,8/14/2023,291.4,292.0,286.0,286.0,-0.63,11099.0,870.0,0.0
KRBL,8/15/2023,290.0,290.0,276.2,283.0,-1.05,18623.0,870.0,0.0
KRBL,8/16/2023,286.9,286.9,271.9,279.0,-1.41,5373.0,870.0,0.0
KRBL,8/17/2023,284.0,284.0,278.1,278.1,-0.32,4938.0,870.0,0.0
KRBL,8/20/2023,283.6,283.6,270.0,274.9,-1.15,8434.0,870.0,0.0
KRBL,8/21/2023,275.0,278.7,270.0,277.4,0.91,7293.0,870.0,0.0
KRBL,8/22/2023,282.9,282.9,270.6,277.0,-0.14,4523.0,870.0,0.0
KRBL,8/23/2023,272.1,281.0,272.1,281.0,1.44,6758.0,870.0,0.0
KRBL,8/24/2023,286.6,286.6,271.2,272.9,-2.88,8585.0,870.0,0.0
KRBL,8/27/2023,277.0,277.0,266.0,271.5,-0.51,4544.0,870.0,0.0
KRBL,8/28/2023,274.9,275.0,269.6,269.6,-0.7,6177.0,870.0,0.0
KRBL,8/29/2023,273.0,273.0,267.6,269.0,-0.22,2711.0,870.0,0.0
KRBL,8/30/2023,265.1,268.9,265.1,268.9,-0.04,2784.0,870.0,0.0
KRBL,9/3/2023,271.9,271.9,258.4,268.0,-0.33,5137.0,870.0,0.0
KRBL,9/4/2023,270.0,271.4,258.0,263.9,-1.53,4994.0,870.0,0.0
KRBL,9/5/2023,269.0,269.0,263.0,263.0,-0.34,688.0,870.0,0.0
KRBL,9/7/2023,260.0,262.0,258.0,258.0,-1.9,6982.0,870.0,0.0
KRBL,9/10/2023,260.9,264.0,259.0,264.0,2.33,4318.0,870.0,0.0
KRBL,9/11/2023,267.9,273.0,258.8,271.9,2.99,5776.0,870.0,0.0
KRBL,9/12/2023,270.0,270.0,262.0,267.8,-1.51,2413.0,870.0,0.0
KRBL,9/13/2023,268.0,280.7,268.0,279.0,4.18,7066.0,870.0,0.0
KRBL,9/17/2023,274.0,274.0,264.0,265.0,-5.02,2510.0,870.0,0.0
KRBL,9/18/2023,265.0,269.0,265.0,268.9,1.47,2822.0,870.0,0.0
KRBL,9/19/2023,273.0,273.0,264.6,270.0,0.41,6198.0,870.0,0.0
KRBL,9/21/2023,274.0,290.0,270.0,284.9,5.52,25438.0,870.0,0.0
KRBL,9/24/2023,279.4,284.5,271.0,276.0,-3.12,11945.0,870.0,0.0
KRBL,9/25/2023,270.6,286.8,270.0,282.0,2.17,12343.0,870.0,0.0
KRBL,9/26/2023,286.0,293.3,280.3,284.9,1.03,4060.0,870.0,0.0
KRBL,9/27/2023,280.0,284.0,275.0,284.0,-0.32,7073.0,870.0,0.0
KRBL,10/1/2023,285.0,285.4,271.0,279.0,-1.76,10142.0,870.0,0.0
KRBL,10/2/2023,283.0,284.5,274.2,279.0,0.0,7963.0,870.0,0.0
KRBL,10/3/2023,275.0,280.0,274.4,278.0,-0.36,6058.0,870.0,0.0
KRBL,10/4/2023,282.0,283.0,277.4,277.5,-0.18,4426.0,870.0,0.0
KRBL,10/5/2023,282.0,282.0,274.0,278.0,0.18,5745.0,870.0,0.0
KRBL,10/8/2023,272.6,273.9,267.1,272.0,-2.16,11321.0,870.0,0.0
KRBL,10/9/2023,266.6,273.0,266.0,270.0,-0.74,2480.0,870.0,0.0
KRBL,10/10/2023,265.0,267.8,256.0,267.0,-1.11,3353.0,870.0,0.0
KRBL,10/11/2023,268.0,270.0,265.0,265.0,-0.75,1870.0,870.0,0.0
KRBL,10/12/2023,264.0,264.0,258.0,264.0,-0.38,5348.0,870.0,0.0
KRBL,10/16/2023,258.8,262.5,255.0,255.0,-3.41,1393.0,870.0,0.0
KRBL,10/17/2023,249.9,264.0,249.9,258.5,1.37,3729.0,870.0,0.0
KRBL,10/18/2023,262.0,267.5,261.9,266.9,3.25,7876.0,870.0,0.0
KRBL,10/19/2023,271.0,271.0,255.8,260.1,-2.55,4347.0,870.0,0.0
KRBL,10/29/2023,256.1,261.2,256.1,257.0,-1.19,7000.0,870.0,0.0
KRBL,10/30/2023,251.9,263.7,250.1,261.9,1.91,1255.0,870.0,0.0
KRBL,10/31/2023,261.3,264.7,255.8,261.7,-0.08,2740.0,870.0,0.0
KRBL,11/1/2023,256.5,262.0,252.0,260.0,-0.65,532.0,870.0,0.0
KRBL,11/2/2023,259.9,259.9,252.0,259.9,-0.04,4012.0,870.0,0.0
KRBL,11/5/2023,254.9,256.0,250.5,256.0,-1.5,3582.0,870.0,0.0
KRBL,11/6/2023,251.0,260.0,241.1,258.0,0.78,6732.0,870.0,0.0
KRBL,11/7/2023,260.0,260.0,258.0,259.8,0.7,1010.0,870.0,0.0
KRBL,11/8/2023,263.0,263.0,253.0,261.9,0.81,1979.0,870.0,0.0
KRBL,11/9/2023,265.0,265.0,251.0,252.0,-3.78,5979.0,870.0,0.0
KRBL,11/20/2023,256.0,277.2,256.0,277.1,9.96,38357.0,870.0,0.0
KRBL,11/21/2023,280.9,285.6,277.0,279.2,0.76,49983.0,870.0,0.0
KRBL,11/22/2023,284.4,290.0,279.3,287.0,2.79,10540.0,870.0,0.0
KRBL,11/23/2023,283.0,291.0,282.0,290.0,1.05,13609.0,870.0,0.0
KRBL,11/26/2023,290.0,300.0,290.0,290.0,0.0,13403.0,870.0,0.0
KRBL,11/27/2023,295.8,300.0,283.3,284.0,-2.07,18889.0,870.0,0.0
KRBL,11/28/2023,289.4,289.4,280.0,287.0,1.06,4848.0,870.0,0.0
KRBL,11/29/2023,287.1,287.1,278.0,281.0,-2.09,4264.0,870.0,0.0
KRBL,11/30/2023,279.0,284.0,275.0,275.4,-1.99,11329.0,870.0,0.0
KRBL,12/3/2023,273.0,280.0,272.1,279.0,1.31,8194.0,870.0,0.0
KRBL,12/4/2023,279.0,283.5,275.6,275.6,-1.22,2132.0,870.0,0.0
KRBL,12/5/2023,271.1,299.0,271.1,279.9,1.56,5115.0,870.0,0.0
KRBL,12/6/2023,276.5,282.0,271.0,282.0,0.75,4828.0,870.0,0.0
KRBL,12/7/2023,276.5,287.0,276.5,285.9,1.38,3924.0,870.0,0.0
KRBL,12/10/2023,291.6,314.4,291.6,309.9,8.39,1632.0,870.0,0.0
KRBL,12/11/2023,311.0,315.8,296.0,307.9,-0.65,22986.0,870.0,0.0
KRBL,12/12/2023,311.9,311.9,293.7,302.0,-1.92,19174.0,870.0,0.0
KRBL,12/13/2023,308.0,324.0,300.1,317.0,4.97,102377.0,870.0,0.0
KRBL,12/14/2023,320.0,328.5,312.2,327.5,3.31,54369.0,870.0,0.0
KRBL,12/17/2023,321.0,343.0,315.0,340.0,3.82,52191.0,870.0,0.0
KRBL,12/18/2023,346.8,360.0,335.0,339.0,-0.29,54199.0,870.0,0.0
KRBL,12/19/2023,345.7,349.9,327.6,341.9,0.86,41172.0,870.0,0.0
KRBL,12/20/2023,348.0,354.8,340.0,350.0,2.37,58071.0,870.0,0.0
KRBL,12/21/2023,345.0,356.0,333.1,334.0,-4.57,39665.0,870.0,0.0
KRBL,12/24/2023,334.0,341.0,321.0,326.0,-2.4,23859.0,870.0,0.0
KRBL,12/27/2023,332.5,345.8,326.4,334.9,2.73,43309.0,870.0,0.0
KRBL,12/28/2023,341.5,341.5,328.0,331.9,-0.9,18008.0,870.0,0.0
KRBL,1/1/2024,335.0,338.0,326.2,326.3,-1.69,17879.0,870.0,0.0
KRBL,1/2/2024,332.7,332.7,320.0,325.0,-0.4,15206.0,870.0,0.0
KRBL,1/3/2024,331.5,331.5,321.2,327.9,0.89,10224.0,870.0,0.0
KRBL,1/4/2024,334.0,334.0,321.2,325.5,-0.73,16277.0,870.0,0.0
KRBL,1/7/2024,324.5,326.5,320.0,323.0,-0.77,16893.0,870.0,0.0
KRBL,1/8/2024,329.4,332.0,325.0,329.0,1.86,13008.0,870.0,0.0
KRBL,1/9/2024,322.7,361.9,322.7,361.9,10.0,138300.0,870.0,0.0
KRBL,1/10/2024,369.0,397.0,369.0,381.0,5.28,96075.0,870.0,0.0
KRBL,1/11/2024,375.0,383.0,370.0,382.0,0.26,34012.0,870.0,0.0
KRBL,1/14/2024,385.0,390.2,370.0,387.0,1.31,46431.0,870.0,0.0
KRBL,1/16/2024,394.7,418.0,383.4,384.1,-0.75,68824.0,870.0,0.0
KRBL,1/17/2024,380.0,403.0,380.0,382.1,-0.52,77659.0,870.0,0.0
KRBL,1/18/2024,385.0,390.0,378.0,380.5,-0.42,28487.0,870.0,0.0
KRBL,1/21/2024,375.0,382.0,369.0,370.2,-2.71,39658.0,870.0,0.0
KRBL,1/22/2024,373.0,373.0,354.3,354.3,-4.29,28107.0,870.0,0.0
KRBL,1/23/2024,361.3,369.2,354.2,361.0,1.89,21359.0,870.0,0.0
KRBL,1/24/2024,368.2,368.2,355.0,364.4,0.94,15941.0,870.0,0.0
KRBL,1/25/2024,369.0,369.0,353.1,360.0,-1.21,11768.0,870.0,0.0
KRBL,1/28/2024,367.0,371.0,357.8,368.0,2.22,16375.0,870.0,0.0
KRBL,1/29/2024,375.3,375.3,365.0,370.0,0.54,10265.0,870.0,0.0
KRBL,1/30/2024,377.0,377.0,362.6,367.0,-0.81,14481.0,870.0,0.0
KRBL,1/31/2024,374.3,374.3,351.0,357.0,-2.72,16172.0,870.0,0.0
KRBL,2/1/2024,364.1,370.0,343.0,346.0,-3.08,32191.0,870.0,0.0
KRBL,2/4/2024,351.0,354.9,339.1,353.0,2.02,19190.0,870.0,0.0
KRBL,2/5/2024,360.0,360.0,349.0,353.0,0.0,11593.0,870.0,0.0
KRBL,2/6/2024,360.0,373.2,353.1,373.0,5.67,39996.0,870.0,0.0
KRBL,2/7/2024,378.0,380.0,363.0,369.0,-1.07,21329.0,870.0,0.0
KRBL,2/8/2024,362.1,387.0,361.7,384.0,4.07,77254.0,870.0,0.0
KRBL,2/11/2024,385.0,399.0,375.0,383.0,-0.26,43433.0,870.0,0.0
KRBL,2/12/2024,376.0,397.6,372.0,394.0,2.87,54902.0,870.0,0.0
KRBL,2/13/2024,386.2,387.0,371.0,371.0,-5.84,33319.0,870.0,0.0
KRBL,2/14/2024,365.0,408.0,365.0,389.0,4.85,92382.0,870.0,0.0
KRBL,2/15/2024,385.0,389.0,374.0,380.0,-2.31,23784.0,870.0,0.0
KRBL,2/18/2024,375.0,379.8,372.4,372.4,-2.0,24847.0,870.0,0.0
KRBL,2/20/2024,377.5,378.0,368.0,368.0,-1.18,13328.0,870.0,0.0
KRBL,2/21/2024,375.3,375.3,369.3,374.0,1.63,19340.0,870.0,0.0
KRBL,2/22/2024,380.0,380.0,366.7,366.9,-1.9,30599.0,870.0,0.0
KRBL,2/25/2024,367.0,376.0,359.1,365.0,-0.52,24087.0,870.0,0.0
KRBL,2/26/2024,372.0,379.6,361.3,368.0,0.82,11880.0,870.0,0.0
KRBL,2/27/2024,374.9,374.9,360.0,371.9,1.06,13808.0,870.0,0.0
KRBL,2/28/2024,368.0,375.0,360.7,361.0,-2.93,14216.0,870.0,0.0
KRBL,2/29/2024,368.0,368.0,350.0,354.8,-1.72,16275.0,870.0,0.0
KRBL,3/3/2024,359.0,364.9,348.0,350.1,-1.32,7874.0,870.0,0.0
KRBL,3/4/2024,357.1,371.0,357.1,371.0,5.97,50.0,870.0,0.0
KRBL,3/5/2024,378.4,378.4,352.8,360.0,-2.96,15805.0,870.0,0.0
KRBL,3/6/2024,366.8,373.0,352.4,370.0,2.78,40061.0,870.0,0.0
KRBL,3/7/2024,374.1,377.0,366.2,374.0,1.08,15111.0,870.0,0.0
KRBL,3/10/2024,380.0,381.4,370.0,370.3,-0.99,10815.0,870.0,0.0
KRBL,3/12/2024,377.7,379.9,370.4,379.0,2.35,8863.0,870.0,0.0
KRBL,3/13/2024,386.5,386.5,375.0,375.0,-1.06,13131.0,870.0,0.0
KRBL,3/14/2024,368.0,403.9,368.0,403.9,7.71,176844.0,870.0,0.0
KRBL,3/17/2024,403.8,425.0,394.0,418.0,3.49,115491.0,870.0,0.0
KRBL,3/18/2024,419.0,424.9,413.0,421.9,0.93,100164.0,870.0,0.0
KRBL,3/19/2024,429.0,429.0,406.3,407.0,-3.53,71691.0,870.0,0.0
KRBL,3/20/2024,415.1,416.0,394.0,405.0,-0.49,46572.0,870.0,0.0
KRBL,3/21/2024,410.0,442.4,398.0,442.4,9.23,101170.0,870.0,0.0
KRBL,3/25/2024,433.6,433.6,411.9,417.0,-5.74,39033.0,870.0,0.0
KRBL,3/26/2024,422.9,422.9,410.2,414.0,-0.72,34177.0,870.0,0.0
KRBL,3/27/2024,422.0,422.0,401.0,407.8,-1.5,16840.0,870.0,0.0
KRBL,3/28/2024,401.1,413.0,400.0,413.0,1.28,59764.0,870.0,0.0
KRBL,3/31/2024,405.0,418.0,400.0,407.4,-1.36,12116.0,870.0,0.0
KRBL,4/1/2024,414.0,414.0,397.3,406.8,-0.15,19526.0,870.0,0.0
KRBL,4/2/2024,401.1,406.0,399.0,399.0,-1.92,29934.0,870.0,0.0
KRBL,4/3/2024,397.5,403.0,388.1,393.0,-1.5,17661.0,870.0,0.0
KRBL,4/4/2024,400.0,400.0,392.0,392.0,-0.25,13921.0,870.0,0.0
KRBL,4/7/2024,399.8,424.1,388.5,406.0,3.57,53129.0,870.0,0.0
KRBL,4/9/2024,410.0,417.0,406.6,414.0,1.97,76445.0,870.0,0.0
KRBL,4/10/2024,417.9,424.0,405.0,410.0,-0.97,37441.0,870.0,0.0
KRBL,4/14/2024,411.0,430.0,410.1,422.0,2.93,41204.0,870.0,0.0
KRBL,4/15/2024,422.0,425.0,411.2,411.2,-2.56,13355.0,870.0,0.0
KRBL,4/16/2024,404.1,418.9,400.0,405.0,-1.51,32020.0,870.0,0.0
KRBL,4/18/2024,405.0,405.0,396.9,397.0,-1.98,9679.0,870.0,0.0
KRBL,4/21/2024,403.9,408.0,390.0,405.0,2.02,10600.0,870.0,0.0
KRBL,4/22/2024,400.0,406.0,390.1,390.1,-3.68,15309.0,870.0,0.0
KRBL,4/24/2024,397.8,408.0,386.2,391.0,0.23,7297.0,870.0,0.0
KRBL,4/25/2024,398.8,414.8,385.1,393.1,0.54,10885.0,870.0,0.0
KRBL,4/28/2024,399.0,414.0,399.0,410.0,4.3,31480.0,870.0,0.0
KRBL,4/29/2024,412.0,430.0,410.9,430.0,4.88,94739.0,870.0,0.0
KRBL,4/30/2024,438.6,461.0,430.0,440.0,2.33,100626.0,870.0,0.0
KRBL,5/2/2024,445.0,446.0,425.0,437.0,-0.68,50593.0,870.0,0.0
KRBL,5/5/2024,445.7,445.7,418.0,420.0,-3.89,25443.0,870.0,0.0
KRBL,5/6/2024,411.6,429.0,411.6,422.0,0.48,27676.0,870.0,0.0
KRBL,5/7/2024,420.0,428.0,420.0,423.4,0.33,27051.0,870.0,0.0
KRBL,5/8/2024,431.8,431.8,416.0,426.4,0.71,13307.0,870.0,0.0
KRBL,5/9/2024,433.0,444.0,424.4,434.0,1.78,49814.0,870.0,0.0
KRBL,5/12/2024,436.0,452.0,436.0,436.1,0.48,50284.0,870.0,0.0
KRBL,5/13/2024,430.1,479.0,430.1,455.0,4.33,209088.0,870.0,0.0
KRBL,5/14/2024,448.0,451.0,442.0,449.0,-1.32,37773.0,870.0,0.0
KRBL,5/15/2024,457.9,457.9,435.0,435.1,-3.1,18514.0,870.0,0.0
KRBL,5/16/2024,430.0,436.9,425.0,425.0,-2.32,50288.0,870.0,0.0
KRBL,5/19/2024,433.5,442.0,425.5,434.0,2.12,28171.0,870.0,0.0
KRBL,5/20/2024,440.0,440.0,425.0,429.8,-0.97,37042.0,870.0,0.0
KRBL,5/21/2024,430.0,442.0,425.1,434.0,0.98,24459.0,870.0,0.0
KRBL,5/22/2024,431.0,464.7,430.0,432.0,-0.46,37647.0,870.0,0.0
KRBL,5/26/2024,432.0,439.7,420.5,423.0,-2.08,20764.0,870.0,0.0
KRBL,5/27/2024,418.1,435.0,418.1,427.0,0.95,11103.0,870.0,0.0
KRBL,5/29/2024,435.4,435.4,419.3,424.9,-0.49,16266.0,870.0,0.0
KRBL,5/30/2024,418.1,426.0,418.0,419.0,-1.39,13841.0,870.0,0.0
KRBL,6/2/2024,427.0,435.0,420.6,429.9,2.6,12226.0,870.0,0.0
KRBL,6/3/2024,438.0,438.0,420.0,420.0,-2.3,20472.0,870.0,0.0
KRBL,6/4/2024,428.4,429.5,422.0,427.0,1.67,10242.0,870.0,0.0
KRBL,6/5/2024,428.0,433.0,425.1,428.0,0.23,19106.0,870.0,0.0
KRBL,6/6/2024,435.3,435.3,423.1,432.0,0.93,15764.0,870.0,0.0
KRBL,6/9/2024,432.2,444.0,423.0,425.0,-1.62,78499.0,870.0,0.0
KRBL,6/10/2024,427.0,442.0,425.0,432.0,1.65,40418.0,870.0,0.0
KRBL,6/11/2024,440.0,445.0,432.0,438.8,1.57,20188.0,870.0,0.0
KRBL,6/12/2024,438.0,454.6,438.0,443.0,0.96,32646.0,870.0,0.0
KRBL,6/13/2024,451.8,475.0,425.4,458.8,3.57,134868.0,870.0,0.0
KRBL,6/16/2024,467.0,467.0,444.0,450.0,-1.92,39704.0,870.0,0.0
KRBL,6/18/2024,441.1,459.0,438.0,444.0,-1.33,29078.0,870.0,0.0
KRBL,6/19/2024,452.8,452.8,441.0,441.6,-0.54,28376.0,870.0,0.0
KRBL,6/20/2024,450.0,450.0,435.0,436.0,-1.27,17297.0,870.0,0.0
KRBL,6/23/2024,444.7,479.6,427.3,443.0,1.61,53765.0,870.0,0.0
KRBL,6/24/2024,445.0,460.0,444.0,453.1,2.28,37445.0,870.0,0.0
KRBL,6/25/2024,460.0,467.8,450.0,456.0,0.64,40541.0,870.0,0.0
KRBL,6/26/2024,464.9,464.9,444.0,455.8,-0.04,37316.0,870.0,0.0
KRBL,6/27/2024,457.0,460.0,445.0,445.0,-2.37,26404.0,870.0,0.0
KRBL,6/30/2024,438.0,472.1,438.0,445.0,0.0,38929.0,870.0,0.0
KRBL,7/1/2024,452.0,452.4,442.1,449.5,1.01,21098.0,870.0,0.0
KRBL,7/2/2024,458.4,494.0,450.0,461.0,2.56,36773.0,870.0,0.0
KRBL,7/3/2024,470.2,487.5,441.6,487.5,5.75,147601.0,870.0,0.0
KRBL,7/4/2024,487.5,515.0,487.5,496.0,1.74,136948.0,870.0,0.0
KRBL,7/7/2024,495.5,500.0,485.0,486.0,-2.02,72634.0,870.0,0.0
KRBL,7/8/2024,494.9,494.9,477.0,488.8,0.58,53292.0,870.0,0.0
KRBL,7/9/2024,490.9,515.0,488.2,501.0,2.5,58389.0,870.0,0.0
KRBL,7/10/2024,502.0,505.0,490.2,495.0,-1.2,36051.0,870.0,0.0
KRBL,7/11/2024,495.2,500.0,484.0,489.5,-1.11,50618.0,870.0,0.0
KRBL,7/14/2024,499.2,509.0,485.0,488.0,-0.31,31727.0,870.0,0.0
KRBL,7/15/2024,497.7,497.7,481.1,483.9,-0.84,30413.0,870.0,0.0
KRBL,7/16/2024,489.0,515.0,482.2,509.9,5.37,46638.0,870.0,0.0
KRBL,7/17/2024,519.0,525.0,498.0,521.0,2.18,80415.0,870.0,0.0
KRBL,7/18/2024,511.0,533.0,505.0,507.0,-2.69,69809.0,870.0,0.0
KRBL,7/21/2024,507.0,517.0,497.0,506.9,-0.02,53742.0,870.0,0.0
KRBL,7/22/2024,507.1,510.0,493.0,499.0,-1.56,39701.0,870.0,0.0
KRBL,7/23/2024,507.9,515.0,498.0,506.0,1.4,55390.0,870.0,0.0
KRBL,7/24/2024,513.0,518.0,490.1,495.0,-2.17,56299.0,870.0,0.0
KRBL,7/25/2024,495.0,515.0,495.0,510.0,3.03,52222.0,870.0,0.0
KRBL,7/28/2024,520.2,544.9,505.0,544.8,6.82,153682.0,870.0,0.0
KRBL,7/29/2024,534.0,577.0,534.0,569.9,4.61,154561.0,870.0,0.0
KRBL,7/30/2024,558.6,581.0,556.3,567.9,-0.35,72353.0,870.0,0.0
KRBL,7/31/2024,556.6,590.0,556.0,562.0,-1.04,89188.0,870.0,0.0
KRBL,8/1/2024,550.8,597.0,544.4,549.0,-2.31,83395.0,870.0,0.0
KRBL,8/5/2024,538.1,589.0,538.1,584.0,6.38,92827.0,870.0,0.0
KRBL,8/6/2024,595.0,595.0,547.5,559.7,-4.16,68700.0,870.0,0.0
KRBL,8/7/2024,570.8,615.0,540.0,615.0,9.88,89671.0,870.0,0.0
KRBL,8/8/2024,616.0,676.5,585.0,676.5,10.0,165897.0,870.0,0.0
KRBL,8/11/2024,663.0,700.0,615.0,673.2,-0.49,208459.0,870.0,0.0
KRBL,8/12/2024,659.8,713.0,608.8,690.0,2.5,149573.0,870.0,0.0
KRBL,8/13/2024,676.2,713.9,621.0,670.0,-2.9,106083.0,870.0,0.0
KRBL,8/14/2024,656.6,722.0,631.0,714.0,6.57,197205.0,870.0,0.0
KRBL,8/15/2024,699.8,769.0,672.2,760.0,6.44,123295.0,870.0,0.0
KRBL,8/18/2024,744.8,804.0,689.0,800.0,5.26,157625.0,870.0,0.0
KRBL,8/21/2024,784.0,784.0,720.0,720.0,-10.0,133127.0,870.0,0.0
KRBL,8/22/2024,705.6,739.4,680.0,705.0,-2.08,141590.0,870.0,0.0
KRBL,8/25/2024,704.0,728.0,672.1,677.0,-3.97,83474.0,870.0,0.0
KRBL,8/27/2024,670.1,741.0,654.7,741.0,9.45,90538.0,870.0,0.0
KRBL,8/28/2024,726.2,726.2,682.0,690.0,-6.88,71287.0,870.0,0.0
KRBL,8/29/2024,676.2,741.0,662.0,671.0,-2.75,58566.0,870.0,0.0
KRBL,9/1/2024,668.0,710.0,660.6,662.0,-1.34,30817.0,870.0,0.0
KRBL,9/2/2024,674.7,693.0,656.1,689.0,4.08,33012.0,870.0,0.0
KRBL,9/3/2024,700.0,751.1,677.1,720.5,4.57,201463.0,870.0,0.0
KRBL,9/4/2024,734.9,763.0,717.1,720.0,-0.07,149125.0,870.0,0.0
KRBL,9/5/2024,710.0,720.0,700.1,703.0,-2.36,58364.0,870.0,0.0
KRBL,9/8/2024,717.0,729.0,692.0,697.9,-0.73,84032.0,870.0,0.0
KRBL,9/9/2024,705.0,705.0,667.1,667.2,-4.4,41011.0,870.0,0.0
KRBL,9/10/2024,660.0,683.9,640.0,653.0,-2.13,61846.0,870.0,0.0
KRBL,9/11/2024,652.0,665.0,635.2,649.0,-0.61,29715.0,870.0,0.0
KRBL,9/12/2024,654.7,665.0,645.0,664.0,2.31,36290.0,870.0,0.0
KRBL,9/15/2024,665.4,671.0,637.2,650.0,-2.11,44113.0,870.0,0.0
KRBL,9/16/2024,663.0,667.0,605.0,613.0,-5.69,37201.0,870.0,0.0
KRBL,9/18/2024,603.0,615.1,588.0,610.0,-0.49,35103.0,870.0,0.0
KRBL,9/22/2024,597.9,634.0,580.0,598.0,-1.97,26211.0,870.0,0.0
KRBL,9/23/2024,586.1,595.0,555.2,565.0,-5.52,22978.0,870.0,0.0
KRBL,9/24/2024,555.1,571.0,531.0,543.0,-3.89,25679.0,870.0,0.0
KRBL,9/25/2024,545.0,572.2,532.3,570.0,4.97,18706.0,870.0,0.0
KRBL,9/26/2024,578.0,578.0,540.1,554.0,-2.81,13769.0,870.0,0.0
KRBL,9/29/2024,558.9,565.0,526.0,536.0,-3.25,10120.0,870.0,0.0
KRBL,9/30/2024,545.8,555.0,538.2,546.0,1.87,14244.0,870.0,0.0
KRBL,10/1/2024,556.9,595.0,554.0,594.9,8.96,33552.0,870.0,0.0
KRBL,10/2/2024,601.0,606.7,583.0,592.9,-0.34,28766.0,870.0,0.0
KRBL,10/6/2024,604.0,616.0,590.0,615.0,3.73,29022.0,870.0,0.0
KRBL,10/7/2024,627.0,639.5,597.2,601.0,-2.28,36783.0,870.0,0.0
KRBL,10/8/2024,613.0,622.8,595.0,597.9,-0.52,26290.0,870.0,0.0
KRBL,10/9/2024,598.0,605.0,586.1,604.0,1.02,3365.0,870.0,0.0
KRBL,10/15/2024,615.0,631.0,610.0,629.0,4.14,14171.0,870.0,0.0
KRBL,10/16/2024,637.9,648.0,617.0,635.0,0.95,17029.0,870.0,0.0
KRBL,10/17/2024,645.0,646.0,625.0,633.0,-0.31,33318.0,870.0,0.0
KRBL,10/20/2024,620.4,638.9,605.0,616.9,-2.54,31718.0,870.0,0.0
KRBL,10/21/2024,606.0,624.0,600.0,609.0,-1.28,30662.0,870.0,0.0
KRBL,10/22/2024,601.0,630.0,601.0,613.0,0.66,13771.0,870.0,0.0
KRBL,10/23/2024,620.0,624.8,601.0,613.0,0.0,13375.0,870.0,0.0
KRBL,10/24/2024,621.0,621.8,595.0,606.0,-1.14,14724.0,870.0,0.0
KRBL,10/27/2024,597.0,619.1,597.0,616.0,1.65,16564.0,870.0,0.0
KRBL,10/28/2024,614.9,637.0,614.9,630.5,2.35,53455.0,870.0,0.0
KRBL,10/29/2024,635.0,665.0,631.0,655.0,3.89,41817.0,870.0,0.0
KRBL,10/30/2024,658.2,670.0,637.0,649.5,-0.84,40609.0,870.0,0.0
KRBL,11/5/2024,651.0,670.0,651.0,661.9,1.91,29162.0,870.0,0.0
KRBL,11/6/2024,660.1,703.0,660.0,688.8,4.06,54372.0,870.0,0.0
KRBL,11/10/2024,701.9,711.0,688.0,703.1,2.08,47911.0,870.0,0.0
KRBL,11/11/2024,701.1,710.0,670.0,680.0,-3.29,49635.0,870.0,0.0
KRBL,11/12/2024,683.0,719.0,683.0,695.4,2.26,80113.0,870.0,0.0
KRBL,11/13/2024,708.0,764.0,694.0,745.0,7.13,113395.0,870.0,0.0
KRBL,11/14/2024,745.0,770.0,735.0,740.0,-0.67,77798.0,870.0,0.0
KRBL,11/17/2024,725.2,780.0,702.1,739.0,-0.14,103925.0,870.0,0.0
KRBL,11/19/2024,724.3,750.0,710.0,712.9,-3.53,70113.0,870.0,0.0
KRBL,11/20/2024,715.0,784.1,703.5,784.1,9.99,164976.0,870.0,0.0
KRBL,11/21/2024,799.7,838.0,799.7,811.1,3.44,201405.0,870.0,0.0
KRBL,11/24/2024,800.0,813.9,786.5,795.0,-1.98,91036.0,870.0,0.0
KRBL,11/25/2024,785.1,870.0,785.1,840.0,5.66,123622.0,870.0,0.0
KRBL,11/26/2024,823.2,823.2,756.0,769.0,-8.45,332475.0,870.0,0.0
KRBL,11/27/2024,753.7,845.9,728.0,845.9,10.0,250439.0,870.0,0.0
KRBL,11/28/2024,845.9,865.0,785.1,788.0,-6.84,140129.0,870.0,0.0
KRBL,12/1/2024,772.3,846.6,0.0,814.0,3.3,250665.0,870.0,0.0
KRBL,12/2/2024,810.1,854.0,785.0,785.1,-3.55,128034.0,870.0,0.0
KRBL,12/3/2024,790.0,841.0,785.0,823.0,4.83,93253.0,870.0,0.0
KRBL,12/4/2024,828.7,841.5,800.2,806.0,-2.07,58342.0,870.0,0.0
KRBL,12/5/2024,796.3,824.9,796.2,811.0,0.62,65697.0,870.0,0.0
KRBL,12/8/2024,815.0,863.0,808.1,827.0,1.97,125668.0,870.0,0.0
KRBL,12/9/2024,829.3,845.0,819.0,832.0,0.6,52980.0,870.0,0.0
KRBL,12/10/2024,848.0,848.0,808.0,817.0,-1.8,49467.0,870.0,0.0
KRBL,12/11/2024,817.0,828.0,817.0,826.9,1.21,50779.0,870.0,0.0
KRBL,12/12/2024,820.0,860.0,806.6,812.0,-1.8,81169.0,870.0,0.0
KRBL,12/16/2024,799.0,815.0,775.0,776.3,-4.4,56049.0,870.0,0.0
KRBL,12/17/2024,791.7,791.7,746.0,779.9,0.46,20910.0,870.0,0.0
KRBL,12/18/2024,795.0,816.0,775.0,790.0,1.3,45717.0,870.0,0.0
KRBL,12/19/2024,804.0,804.0,768.6,781.0,-1.14,147038.0,870.0,0.0
KRBL,12/22/2024,796.6,796.6,767.5,777.99,-0.39,22982.0,870.0,0.0
KRBL,12/23/2024,762.5,792.5,762.5,776.8,-0.15,21582.0,870.0,0.0
KRBL,12/24/2024,792.0,834.0,780.0,810.0,4.27,92332.0,870.0,0.0
KSBBL,9/26/2017,216.0,218.0,214.0,218.0,,10633.0,534.0,404.1
KSBBL,10/3/2017,218.0,218.0,213.0,217.0,-0.46,2751.0,534.0,404.1
KSBBL,10/4/2017,217.0,222.0,215.0,215.0,-0.92,6871.0,534.0,404.1
KSBBL,10/8/2017,215.0,212.0,203.0,211.0,-1.86,12008.0,534.0,404.1
KSBBL,10/9/2017,211.0,212.0,204.0,206.0,-2.37,7255.0,534.0,404.1
KSBBL,10/10/2017,206.0,211.0,205.0,207.0,0.49,5882.0,534.0,404.1
KSBBL,10/11/2017,207.0,210.0,204.0,207.0,0.0,5223.0,534.0,404.1
KSBBL,10/12/2017,207.0,209.0,207.0,209.0,0.97,2728.0,534.0,404.1
KSBBL,10/15/2017,209.0,213.0,207.0,208.0,-0.48,4111.0,534.0,404.1
KSBBL,10/16/2017,208.0,217.0,208.0,217.0,4.33,6763.0,534.0,404.1
KSBBL,10/17/2017,217.0,221.0,212.0,213.0,-1.84,3147.0,534.0,404.1
KSBBL,10/18/2017,213.0,217.0,211.0,217.0,1.88,10641.0,534.0,404.1
KSBBL,10/22/2017,217.0,223.0,217.0,218.0,0.46,4750.0,534.0,404.1
KSBBL,10/23/2017,218.0,216.0,214.0,216.0,-0.92,8048.0,534.0,404.1
KSBBL,10/24/2017,216.0,217.0,212.0,217.0,0.46,8416.0,534.0,404.1
KSBBL,10/25/2017,217.0,215.0,212.0,213.0,-1.84,2494.0,534.0,404.1
KSBBL,10/29/2017,213.0,215.0,211.0,211.0,-0.94,4124.0,534.0,404.1
KSBBL,10/30/2017,211.0,213.0,208.0,211.0,0.0,5957.0,534.0,404.1
KSBBL,10/31/2017,211.0,212.0,209.0,210.0,-0.47,1228.0,534.0,404.1
KSBBL,11/1/2017,210.0,209.0,206.0,208.0,-0.95,8997.0,534.0,404.1
KSBBL,11/2/2017,208.0,209.0,206.0,208.0,0.0,6568.0,534.0,404.1
KSBBL,11/5/2017,208.0,208.0,203.0,205.0,-1.44,11845.0,534.0,404.1
KSBBL,11/6/2017,205.0,209.0,200.0,202.0,-1.46,16064.0,534.0,404.1
KSBBL,11/7/2017,202.0,207.0,201.0,202.0,0.0,7720.0,534.0,404.1
KSBBL,11/8/2017,202.0,203.0,200.0,200.0,-0.99,10537.0,534.0,404.1
KSBBL,11/9/2017,200.0,204.0,197.0,200.0,0.0,12107.0,534.0,404.1
KSBBL,11/12/2017,200.0,205.0,200.0,205.0,2.5,6391.0,534.0,404.1
KSBBL,11/13/2017,205.0,206.0,200.0,203.0,-0.98,3313.0,534.0,404.1
KSBBL,11/14/2017,203.0,205.0,202.0,205.0,0.99,13191.0,534.0,404.1
KSBBL,11/15/2017,205.0,206.0,201.0,202.0,-1.46,4215.0,534.0,404.1
KSBBL,11/16/2017,202.0,202.0,199.0,199.0,-1.49,7950.0,534.0,404.1
KSBBL,11/19/2017,199.0,197.0,195.0,195.0,-2.01,6493.0,534.0,404.1
KSBBL,11/20/2017,195.0,197.0,195.0,195.0,0.0,3732.0,534.0,404.1
KSBBL,11/21/2017,195.0,197.0,192.0,192.0,-1.54,7785.0,534.0,404.1
KSBBL,11/22/2017,192.0,195.0,190.0,195.0,1.56,16639.0,534.0,404.1
KSBBL,11/23/2017,195.0,196.0,191.0,194.0,-0.51,10125.0,534.0,404.1
KSBBL,11/26/2017,194.0,199.0,193.0,199.0,2.58,7093.0,534.0,404.1
KSBBL,11/27/2017,199.0,198.0,192.0,192.0,-3.52,13620.0,534.0,404.1
KSBBL,11/28/2017,192.0,196.0,193.0,195.0,1.56,4445.0,534.0,404.1
KSBBL,11/29/2017,195.0,201.0,193.0,193.0,-1.03,12044.0,534.0,404.1
KSBBL,11/30/2017,193.0,196.0,191.0,193.0,0.0,11202.0,534.0,404.1
KSBBL,12/4/2017,193.0,197.0,193.0,196.0,1.55,4879.0,534.0,404.1
KSBBL,12/5/2017,196.0,198.0,193.0,194.0,-1.02,3183.0,534.0,404.1
KSBBL,12/6/2017,194.0,199.0,194.0,199.0,2.58,6643.0,534.0,404.1
KSBBL,12/10/2017,199.0,202.0,191.0,194.0,-2.51,19133.0,534.0,404.1
KSBBL,12/11/2017,194.0,195.0,192.0,193.0,-0.52,7804.0,534.0,404.1
KSBBL,12/12/2017,193.0,194.0,190.0,194.0,0.52,13955.0,534.0,404.1
KSBBL,12/13/2017,194.0,195.0,191.0,192.0,-1.03,2131.0,534.0,404.1
KSBBL,12/14/2017,192.0,193.0,189.0,193.0,0.52,5148.0,534.0,404.1
KSBBL,12/17/2017,193.0,196.0,191.0,195.0,1.04,10321.0,534.0,404.1
KSBBL,12/18/2017,195.0,194.0,191.0,191.0,-2.05,6507.0,534.0,404.1
KSBBL,12/19/2017,191.0,192.0,189.0,190.0,-0.52,14384.0,534.0,404.1
KSBBL,12/20/2017,190.0,191.0,187.0,190.0,0.0,1704.0,534.0,404.1
KSBBL,12/21/2017,190.0,193.0,187.0,190.0,0.0,6024.0,534.0,404.1
KSBBL,12/24/2017,190.0,189.0,185.0,185.0,-2.63,3509.0,534.0,404.1
KSBBL,12/26/2017,185.0,188.0,183.0,185.0,0.0,17861.0,534.0,404.1
KSBBL,12/27/2017,185.0,185.0,177.0,177.0,-4.32,17070.0,534.0,404.1
KSBBL,12/28/2017,177.0,178.0,173.0,174.0,-1.69,12381.0,534.0,404.1
KSBBL,12/31/2017,174.0,177.0,172.0,177.0,1.72,6510.0,534.0,404.1
KSBBL,1/1/2018,177.0,183.0,172.0,182.0,2.82,14498.0,534.0,404.1
KSBBL,1/2/2018,182.0,183.0,176.0,179.0,-1.65,9568.0,534.0,404.1
KSBBL,1/3/2018,179.0,179.0,174.0,177.0,-1.12,6772.0,534.0,404.1
KSBBL,1/4/2018,177.0,179.0,174.0,175.0,-1.13,7766.0,534.0,404.1
KSBBL,1/7/2018,175.0,176.0,173.0,174.0,-0.57,11665.0,534.0,404.1
KSBBL,1/8/2018,174.0,180.0,176.0,179.0,2.87,8284.0,534.0,404.1
KSBBL,1/9/2018,179.0,182.0,177.0,178.0,-0.56,8927.0,534.0,404.1
KSBBL,1/10/2018,178.0,179.0,174.0,179.0,0.56,12521.0,534.0,404.1
KSBBL,1/14/2018,179.0,179.0,173.0,175.0,-2.23,12179.0,534.0,404.1
KSBBL,1/16/2018,175.0,175.0,168.0,175.0,0.0,51856.0,534.0,404.1
KSBBL,1/17/2018,165.0,168.0,156.0,161.0,-8.0,12215.0,534.0,404.1
KSBBL,1/21/2018,161.0,162.0,156.0,158.0,-1.86,4398.0,534.0,404.1
KSBBL,1/22/2018,158.0,170.0,155.0,170.0,7.59,13749.0,534.0,404.1
KSBBL,1/23/2018,170.0,167.0,161.0,164.0,-3.53,6111.0,534.0,404.1
KSBBL,1/24/2018,164.0,163.0,160.0,161.0,-1.83,7786.0,534.0,404.1
KSBBL,1/25/2018,161.0,165.0,161.0,164.0,1.86,7200.0,534.0,404.1
KSBBL,1/28/2018,164.0,167.0,162.0,162.0,-1.22,16245.0,534.0,404.1
KSBBL,1/29/2018,162.0,167.0,161.0,165.0,1.85,15792.0,534.0,404.1
KSBBL,1/31/2018,165.0,166.0,163.0,166.0,0.61,3574.0,534.0,404.1
KSBBL,2/1/2018,166.0,169.0,165.0,167.0,0.6,4312.0,534.0,404.1
KSBBL,2/4/2018,167.0,168.0,165.0,166.0,-0.6,4970.0,534.0,404.1
KSBBL,2/5/2018,166.0,167.0,164.0,164.0,-1.2,7246.0,534.0,404.1
KSBBL,2/6/2018,164.0,164.0,162.0,162.0,-1.22,8133.0,534.0,404.1
KSBBL,2/7/2018,162.0,165.0,160.0,161.0,-0.62,4684.0,534.0,404.1
KSBBL,2/8/2018,161.0,163.0,161.0,162.0,0.62,3816.0,534.0,404.1
KSBBL,2/11/2018,162.0,164.0,162.0,162.0,0.0,3559.0,534.0,404.1
KSBBL,2/12/2018,162.0,165.0,161.0,165.0,1.85,5787.0,534.0,404.1
KSBBL,2/14/2018,165.0,165.0,161.0,165.0,0.0,5939.0,534.0,404.1
KSBBL,2/15/2018,165.0,170.0,165.0,170.0,3.03,15960.0,534.0,404.1
KSBBL,2/18/2018,173.0,173.0,167.0,167.0,-1.76,12374.0,534.0,404.1
KSBBL,2/20/2018,170.0,173.0,164.0,164.0,-1.8,4917.0,534.0,404.1
KSBBL,2/21/2018,164.0,165.0,162.0,163.0,-0.61,4196.0,534.0,404.1
KSBBL,2/22/2018,162.0,165.0,162.0,164.0,0.61,10102.0,534.0,404.1
KSBBL,2/25/2018,164.0,165.0,162.0,162.0,-1.22,3524.0,534.0,404.1
KSBBL,2/26/2018,160.0,163.0,160.0,161.0,-0.62,12149.0,534.0,404.1
KSBBL,2/27/2018,161.0,164.0,160.0,160.0,-0.62,14687.0,534.0,404.1
KSBBL,2/28/2018,162.0,162.0,158.0,158.0,-1.25,13147.0,534.0,404.1
KSBBL,3/4/2018,157.0,160.0,153.0,157.0,-0.63,16652.0,534.0,404.1
KSBBL,3/5/2018,160.0,160.0,153.0,153.0,-2.55,8549.0,534.0,404.1
KSBBL,3/6/2018,155.0,159.0,152.0,155.0,1.31,15596.0,534.0,404.1
KSBBL,3/7/2018,155.0,161.0,155.0,157.0,1.29,8461.0,534.0,404.1
KSBBL,3/11/2018,157.0,157.0,153.0,153.0,-2.55,8722.0,534.0,404.1
KSBBL,3/12/2018,152.0,156.0,152.0,153.0,0.0,5064.0,534.0,404.1
KSBBL,3/13/2018,152.0,154.0,152.0,152.0,-0.65,5771.0,534.0,404.1
KSBBL,3/14/2018,154.0,155.0,152.0,152.0,0.0,3266.0,534.0,404.1
KSBBL,3/15/2018,152.0,155.0,152.0,154.0,1.32,6164.0,534.0,404.1
KSBBL,3/18/2018,154.0,156.0,151.0,153.0,-0.65,5494.0,534.0,404.1
KSBBL,3/19/2018,152.0,153.0,150.0,151.0,-1.31,9491.0,534.0,404.1
KSBBL,3/20/2018,151.0,152.0,149.0,150.0,-0.66,6850.0,534.0,404.1
KSBBL,3/21/2018,150.0,153.0,146.0,147.0,-2.0,13773.0,534.0,404.1
KSBBL,3/22/2018,147.0,151.0,147.0,148.0,0.68,3368.0,534.0,404.1
KSBBL,3/26/2018,146.0,149.0,141.0,144.0,-2.7,7627.0,534.0,404.1
KSBBL,3/27/2018,145.0,150.0,139.0,147.0,2.08,19831.0,534.0,404.1
KSBBL,3/28/2018,149.0,149.0,142.0,145.0,-1.36,4110.0,534.0,404.1
KSBBL,3/29/2018,147.0,153.0,145.0,153.0,5.52,9664.0,534.0,404.1
KSBBL,4/1/2018,150.0,150.0,145.0,149.0,-2.61,4827.0,534.0,404.1
KSBBL,4/2/2018,149.0,150.0,146.0,147.0,-1.34,3043.0,534.0,404.1
KSBBL,4/3/2018,147.0,150.0,145.0,149.0,1.36,2982.0,534.0,404.1
KSBBL,4/4/2018,150.0,155.0,147.0,155.0,4.03,18059.0,534.0,404.1
KSBBL,4/5/2018,158.0,158.0,149.0,156.0,0.65,16538.0,534.0,404.1
KSBBL,4/8/2018,159.0,162.0,153.0,158.0,1.28,25851.0,534.0,404.1
KSBBL,4/9/2018,161.0,164.0,152.0,152.0,-3.8,21365.0,534.0,404.1
KSBBL,4/10/2018,149.0,156.0,149.0,156.0,2.63,12966.0,534.0,404.1
KSBBL,4/11/2018,153.0,155.0,150.0,154.0,-1.28,4098.0,534.0,404.1
KSBBL,4/12/2018,151.0,155.0,151.0,153.0,-0.65,22179.0,534.0,404.1
KSBBL,4/15/2018,151.0,154.0,151.0,152.0,-0.65,6634.0,534.0,404.1
KSBBL,4/16/2018,152.0,158.0,152.0,154.0,1.32,6743.0,534.0,404.1
KSBBL,4/17/2018,155.0,159.0,154.0,157.0,1.95,11656.0,534.0,404.1
KSBBL,4/18/2018,157.0,172.0,155.0,165.0,5.1,22922.0,534.0,404.1
KSBBL,4/19/2018,165.0,170.0,162.0,170.0,3.03,25208.0,534.0,404.1
KSBBL,4/22/2018,173.0,180.0,168.0,180.0,5.88,29361.0,534.0,404.1
KSBBL,4/23/2018,179.0,180.0,169.0,170.0,-5.56,25972.0,534.0,404.1
KSBBL,4/24/2018,168.0,169.0,165.0,165.0,-2.94,7601.0,534.0,404.1
KSBBL,4/25/2018,165.0,172.0,164.0,167.0,1.21,9428.0,534.0,404.1
KSBBL,4/26/2018,165.0,168.0,162.0,162.0,-2.99,13429.0,534.0,404.1
KSBBL,4/29/2018,162.0,169.0,161.0,164.0,1.23,19353.0,534.0,404.1
KSBBL,5/2/2018,165.0,167.0,160.0,166.0,1.22,7013.0,534.0,404.1
KSBBL,5/3/2018,167.0,172.0,167.0,170.0,2.41,27699.0,534.0,404.1
KSBBL,5/6/2018,173.0,173.0,170.0,171.0,0.59,17493.0,534.0,404.1
KSBBL,5/7/2018,173.0,173.0,166.0,167.0,-2.34,4203.0,534.0,404.1
KSBBL,5/8/2018,168.0,171.0,165.0,171.0,2.4,5413.0,534.0,404.1
KSBBL,5/9/2018,171.0,172.0,169.0,170.0,-0.58,8643.0,534.0,404.1
KSBBL,5/10/2018,170.0,170.0,167.0,167.0,-1.76,14200.0,534.0,404.1
KSBBL,5/14/2018,164.0,167.0,164.0,165.0,-1.2,9729.0,534.0,404.1
KSBBL,5/15/2018,165.0,165.0,162.0,162.0,-1.82,7705.0,534.0,404.1
KSBBL,5/16/2018,161.0,167.0,161.0,166.0,2.47,3831.0,534.0,404.1
KSBBL,5/17/2018,167.0,167.0,165.0,167.0,0.6,2310.0,534.0,404.1
KSBBL,5/20/2018,165.0,168.0,163.0,168.0,0.6,4755.0,534.0,404.1
KSBBL,5/21/2018,165.0,168.0,162.0,165.0,-1.79,6687.0,534.0,404.1
KSBBL,5/22/2018,162.0,168.0,162.0,166.0,0.61,8368.0,534.0,404.1
KSBBL,5/23/2018,166.0,166.0,164.0,166.0,0.0,2903.0,534.0,404.1
KSBBL,5/24/2018,168.0,168.0,162.0,162.0,-2.41,8218.0,534.0,404.1
KSBBL,5/27/2018,161.0,163.0,158.0,160.0,-1.23,13277.0,534.0,404.1
KSBBL,5/28/2018,160.0,166.0,158.0,165.0,3.12,17792.0,534.0,404.1
KSBBL,5/29/2018,168.0,168.0,161.0,163.0,-1.21,9215.0,534.0,404.1
KSBBL,5/30/2018,165.0,168.0,163.0,164.0,0.61,7007.0,534.0,404.1
KSBBL,5/31/2018,165.0,165.0,161.0,162.0,-1.22,2801.0,534.0,404.1
KSBBL,6/3/2018,160.0,162.0,154.0,157.0,-3.09,15912.0,534.0,404.1
KSBBL,6/4/2018,154.0,160.0,153.0,156.0,-0.64,7558.0,534.0,404.1
KSBBL,6/6/2018,159.0,160.0,157.0,157.0,0.64,3050.0,534.0,404.1
KSBBL,6/7/2018,159.0,159.0,155.0,156.0,-0.64,15380.0,534.0,404.1
KSBBL,6/10/2018,157.0,157.0,153.0,156.0,0.0,13771.0,534.0,404.1
KSBBL,6/11/2018,155.0,157.0,153.0,154.0,-1.28,7649.0,534.0,404.1
KSBBL,6/12/2018,154.0,156.0,154.0,155.0,0.65,4329.0,534.0,404.1
KSBBL,6/13/2018,152.0,158.0,152.0,155.0,0.0,2044.0,534.0,404.1
KSBBL,6/14/2018,158.0,161.0,156.0,156.0,0.65,9394.0,534.0,404.1
KSBBL,6/17/2018,154.0,157.0,154.0,155.0,-0.64,13075.0,534.0,404.1
KSBBL,6/18/2018,155.0,156.0,154.0,156.0,0.65,11019.0,534.0,404.1
KSBBL,6/19/2018,153.0,155.0,153.0,154.0,-1.28,1685.0,534.0,404.1
KSBBL,6/20/2018,156.0,156.0,153.0,153.0,-0.65,3319.0,534.0,404.1
KSBBL,6/21/2018,152.0,155.0,152.0,154.0,0.65,5841.0,534.0,404.1
KSBBL,6/24/2018,154.0,157.0,152.0,152.0,-1.3,2738.0,534.0,404.1
KSBBL,6/25/2018,155.0,157.0,148.0,150.0,-1.32,8099.0,534.0,404.1
KSBBL,6/26/2018,150.0,155.0,149.0,152.0,1.33,6837.0,534.0,404.1
KSBBL,6/27/2018,153.0,154.0,152.0,152.0,0.0,2743.0,534.0,404.1
KSBBL,6/28/2018,152.0,154.0,152.0,153.0,0.66,9678.0,534.0,404.1
KSBBL,7/1/2018,152.0,156.0,151.0,151.0,-1.31,30209.0,534.0,404.1
KSBBL,7/2/2018,143.0,144.0,138.0,144.0,-4.64,8151.0,534.0,404.1
KSBBL,7/3/2018,143.0,143.0,138.0,138.0,-4.17,7821.0,534.0,404.1
KSBBL,7/4/2018,138.0,143.0,138.0,140.0,1.45,6890.0,534.0,404.1
KSBBL,7/5/2018,140.0,144.0,139.0,144.0,2.86,11979.0,534.0,404.1
KSBBL,7/8/2018,143.0,145.0,140.0,143.0,-0.69,7123.0,534.0,404.1
KSBBL,7/9/2018,143.0,144.0,140.0,144.0,0.7,18505.0,534.0,404.1
KSBBL,7/10/2018,144.0,144.0,142.0,142.0,-1.39,7817.0,534.0,404.1
KSBBL,7/11/2018,142.0,144.0,140.0,141.0,-0.7,8038.0,534.0,404.1
KSBBL,7/12/2018,142.0,143.0,139.0,140.0,-0.71,5679.0,534.0,404.1
KSBBL,7/15/2018,141.0,142.0,139.0,141.0,0.71,4356.0,534.0,404.1
KSBBL,7/16/2018,143.0,145.0,142.0,144.0,2.13,3530.0,534.0,404.1
KSBBL,7/17/2018,146.0,146.0,142.0,142.0,-1.39,224.0,534.0,404.1
KSBBL,7/18/2018,140.0,141.0,139.0,139.0,-2.11,4264.0,534.0,404.1
KSBBL,7/19/2018,139.0,141.0,139.0,139.0,0.0,3210.0,534.0,404.1
KSBBL,7/22/2018,141.0,141.0,137.0,138.0,-0.72,12608.0,534.0,404.1
KSBBL,7/23/2018,137.0,140.0,137.0,140.0,1.45,1845.0,534.0,404.1
KSBBL,7/24/2018,142.0,143.0,139.0,141.0,0.71,4833.0,534.0,404.1
KSBBL,7/25/2018,140.0,142.0,140.0,140.0,-0.71,5570.0,534.0,404.1
KSBBL,7/26/2018,140.0,140.0,138.0,140.0,0.0,3265.0,534.0,404.1
KSBBL,7/29/2018,142.0,142.0,139.0,141.0,0.71,3005.0,534.0,404.1
KSBBL,7/30/2018,140.0,141.0,139.0,140.0,-0.71,3659.0,534.0,404.1
KSBBL,7/31/2018,142.0,142.0,139.0,141.0,0.71,7276.0,534.0,404.1
KSBBL,8/1/2018,139.0,141.0,139.0,141.0,0.0,5859.0,534.0,404.1
KSBBL,8/2/2018,140.0,142.0,140.0,142.0,0.71,3014.0,534.0,404.1
KSBBL,8/5/2018,141.0,143.0,140.0,143.0,0.7,7462.0,534.0,404.1
KSBBL,8/6/2018,142.0,144.0,142.0,144.0,0.7,9856.0,534.0,404.1
KSBBL,8/7/2018,143.0,144.0,143.0,143.0,-0.69,3851.0,534.0,404.1
KSBBL,8/8/2018,141.0,144.0,141.0,143.0,0.0,4484.0,534.0,404.1
KSBBL,8/9/2018,143.0,145.0,143.0,143.0,0.0,5306.0,534.0,404.1
KSBBL,8/12/2018,143.0,143.0,140.0,140.0,-2.1,15519.0,534.0,404.1
KSBBL,8/13/2018,140.0,142.0,140.0,141.0,0.71,1840.0,534.0,404.1
KSBBL,8/14/2018,142.0,143.0,141.0,143.0,1.42,3115.0,534.0,404.1
KSBBL,8/15/2018,145.0,145.0,142.0,144.0,0.7,8570.0,534.0,404.1
KSBBL,8/16/2018,145.0,146.0,144.0,144.0,0.0,14978.0,534.0,404.1
KSBBL,8/19/2018,142.0,145.0,142.0,144.0,0.0,9773.0,534.0,404.1
KSBBL,8/20/2018,143.0,143.0,140.0,141.0,-2.08,10516.0,534.0,404.1
KSBBL,8/21/2018,142.0,143.0,141.0,142.0,0.71,2709.0,534.0,404.1
KSBBL,8/22/2018,141.0,143.0,141.0,141.0,-0.7,5037.0,534.0,404.1
KSBBL,8/23/2018,140.0,142.0,140.0,142.0,0.71,2114.0,534.0,404.1
KSBBL,8/26/2018,141.0,141.0,139.0,139.0,-2.11,4134.0,534.0,404.1
KSBBL,8/28/2018,141.0,141.0,140.0,140.0,0.72,4523.0,534.0,404.1
KSBBL,8/29/2018,139.0,141.0,139.0,140.0,0.0,7247.0,534.0,404.1
KSBBL,8/30/2018,140.0,142.0,140.0,140.0,0.0,3228.0,534.0,404.1
KSBBL,9/2/2018,142.0,143.0,141.0,143.0,2.14,10775.0,534.0,404.1
KSBBL,9/3/2018,143.0,146.0,142.0,146.0,2.1,25500.0,534.0,404.1
KSBBL,9/4/2018,145.0,146.0,143.0,146.0,0.0,17133.0,534.0,404.1
KSBBL,9/5/2018,146.0,152.0,146.0,150.0,2.74,55733.0,534.0,404.1
KSBBL,9/6/2018,152.0,152.0,147.0,147.0,-2.0,43830.0,534.0,404.1
KSBBL,9/9/2018,145.0,148.0,144.0,145.0,-1.36,13142.0,534.0,404.1
KSBBL,9/10/2018,143.0,146.0,143.0,143.0,-1.38,1514.0,534.0,404.1
KSBBL,9/11/2018,145.0,149.0,145.0,147.0,2.8,4165.0,534.0,404.1
KSBBL,9/12/2018,147.0,149.0,145.0,149.0,1.36,16664.0,534.0,404.1
KSBBL,9/13/2018,151.0,151.0,145.0,145.0,-2.68,13241.0,534.0,404.1
KSBBL,9/16/2018,147.0,157.0,147.0,149.0,2.76,26539.0,534.0,404.1
KSBBL,9/17/2018,151.0,154.0,150.0,150.0,0.67,15882.0,534.0,404.1
KSBBL,9/18/2018,151.0,154.0,150.0,152.0,1.33,15334.0,534.0,404.1
KSBBL,9/20/2018,152.0,154.0,151.0,153.0,0.66,7954.0,534.0,404.1
KSBBL,9/23/2018,151.0,155.0,151.0,154.0,0.65,19309.0,534.0,404.1
KSBBL,9/25/2018,157.0,161.0,155.0,161.0,4.55,60035.0,534.0,404.1
KSBBL,9/26/2018,160.0,164.0,156.0,160.0,-0.62,29502.0,534.0,404.1
KSBBL,9/27/2018,159.0,159.0,156.0,157.0,-1.88,12014.0,534.0,404.1
KSBBL,9/30/2018,158.0,157.0,154.0,154.0,-1.91,14150.0,534.0,404.1
KSBBL,10/1/2018,155.0,155.0,152.0,152.0,-1.3,8413.0,534.0,404.1
KSBBL,10/2/2018,150.0,154.0,150.0,154.0,1.32,13843.0,534.0,404.1
KSBBL,10/3/2018,152.0,153.0,151.0,152.0,-1.3,6105.0,534.0,404.1
KSBBL,10/4/2018,150.0,152.0,149.0,152.0,0.0,12475.0,534.0,404.1
KSBBL,10/7/2018,150.0,153.0,147.0,148.0,-2.63,19391.0,534.0,404.1
KSBBL,10/8/2018,147.0,150.0,147.0,148.0,0.0,22926.0,534.0,404.1
KSBBL,10/9/2018,150.0,152.0,148.0,148.0,0.0,2487.0,534.0,404.1
KSBBL,10/10/2018,150.0,151.0,148.0,148.0,0.0,10807.0,534.0,404.1
KSBBL,10/11/2018,147.0,151.0,147.0,151.0,2.03,2948.0,534.0,404.1
KSBBL,10/14/2018,150.0,152.0,150.0,152.0,0.66,10837.0,534.0,404.1
KSBBL,10/15/2018,152.0,152.0,150.0,151.0,-0.66,3421.0,534.0,404.1
KSBBL,10/21/2018,148.0,150.0,148.0,150.0,-0.66,437.0,534.0,404.1
KSBBL,10/22/2018,150.0,151.0,150.0,151.0,0.67,2002.0,534.0,404.1
KSBBL,10/23/2018,151.0,152.0,149.0,151.0,0.0,4040.0,534.0,404.1
KSBBL,10/24/2018,153.0,153.0,149.0,151.0,0.0,4542.0,534.0,404.1
KSBBL,10/25/2018,148.0,150.0,148.0,150.0,-0.66,1089.0,534.0,404.1
KSBBL,10/28/2018,150.0,150.0,147.0,148.0,-1.33,6250.0,534.0,404.1
KSBBL,10/29/2018,146.0,148.0,146.0,147.0,-0.68,4741.0,534.0,404.1
KSBBL,10/30/2018,148.0,151.0,148.0,148.0,0.68,3674.0,534.0,404.1
KSBBL,10/31/2018,148.0,150.0,147.0,149.0,0.68,3666.0,534.0,404.1
KSBBL,11/1/2018,151.0,151.0,148.0,150.0,0.67,1406.0,534.0,404.1
KSBBL,11/4/2018,147.0,149.0,147.0,148.0,-1.33,8339.0,534.0,404.1
KSBBL,11/5/2018,149.0,150.0,145.0,147.0,-0.68,20248.0,534.0,404.1
KSBBL,11/6/2018,147.0,148.0,143.0,144.0,-2.04,8373.0,534.0,404.1
KSBBL,11/11/2018,144.0,146.0,142.0,144.0,0.0,29876.0,534.0,404.1
KSBBL,11/12/2018,143.0,145.0,143.0,143.0,-0.69,2140.0,534.0,404.1
KSBBL,11/13/2018,143.0,145.0,143.0,145.0,1.4,8747.0,534.0,404.1
KSBBL,11/14/2018,143.0,145.0,143.0,143.0,-1.38,4755.0,534.0,404.1
KSBBL,11/15/2018,144.0,144.0,141.0,144.0,0.7,10662.0,534.0,404.1
KSBBL,11/18/2018,141.0,144.0,140.0,141.0,-2.08,5402.0,534.0,404.1
KSBBL,11/19/2018,141.0,142.0,140.0,140.0,-0.71,10614.0,534.0,404.1
KSBBL,11/20/2018,139.0,140.0,138.0,139.0,-0.71,5716.0,534.0,404.1
KSBBL,11/21/2018,139.0,140.0,138.0,139.0,0.0,7493.0,534.0,404.1
KSBBL,11/22/2018,140.0,140.0,137.0,138.0,-0.72,14022.0,534.0,404.1
KSBBL,11/25/2018,140.0,140.0,137.0,137.0,-0.72,3897.0,534.0,404.1
KSBBL,11/26/2018,137.0,138.0,136.0,138.0,0.73,2183.0,534.0,404.1
KSBBL,11/27/2018,135.0,139.0,135.0,137.0,-0.72,3082.0,534.0,404.1
KSBBL,11/28/2018,137.0,138.0,136.0,138.0,0.73,3678.0,534.0,404.1
KSBBL,11/29/2018,138.0,138.0,134.0,136.0,-1.45,5290.0,534.0,404.1
KSBBL,12/2/2018,137.0,137.0,134.0,134.0,-1.47,6857.0,534.0,404.1
KSBBL,12/3/2018,134.0,135.0,133.0,134.0,0.0,6002.0,534.0,404.1
KSBBL,12/4/2018,132.0,136.0,132.0,136.0,1.49,1260.0,534.0,404.1
KSBBL,12/5/2018,134.0,134.0,130.0,131.0,-3.68,7436.0,534.0,404.1
KSBBL,12/6/2018,129.0,135.0,129.0,132.0,0.76,4495.0,534.0,404.1
KSBBL,12/9/2018,133.0,134.0,132.0,134.0,1.52,2924.0,534.0,404.1
KSBBL,12/10/2018,136.0,138.0,135.0,137.0,2.24,4016.0,534.0,404.1
KSBBL,12/11/2018,136.0,138.0,136.0,137.0,0.0,2609.0,534.0,404.1
KSBBL,12/12/2018,136.0,140.0,136.0,137.0,0.0,1381.0,534.0,404.1
KSBBL,12/13/2018,135.0,138.0,135.0,137.0,0.0,1793.0,534.0,404.1
KSBBL,12/16/2018,139.0,144.0,138.0,139.0,1.46,5082.0,534.0,404.1
KSBBL,12/17/2018,139.0,139.0,135.0,135.0,-2.88,2564.0,534.0,404.1
KSBBL,12/18/2018,136.0,137.0,135.0,135.0,0.0,4027.0,534.0,404.1
KSBBL,12/19/2018,136.0,138.0,135.0,138.0,2.22,2614.0,534.0,404.1
KSBBL,12/20/2018,138.0,140.0,136.0,140.0,1.45,1748.0,534.0,404.1
KSBBL,12/23/2018,142.0,145.0,139.0,142.0,1.43,19489.0,534.0,404.1
KSBBL,12/24/2018,142.0,144.0,138.0,140.0,-1.41,7870.0,534.0,404.1
KSBBL,12/25/2018,140.0,140.0,136.0,140.0,0.0,2162.0,534.0,404.1
KSBBL,12/26/2018,142.0,144.0,140.0,142.0,1.43,12866.0,534.0,404.1
KSBBL,12/27/2018,143.0,143.0,138.0,138.0,-2.82,23256.0,534.0,404.1
KSBBL,12/30/2018,138.0,141.0,135.0,140.0,1.45,8843.0,534.0,404.1
KSBBL,12/31/2018,140.0,140.0,137.0,137.0,-2.14,3056.0,534.0,404.1
KSBBL,1/1/2019,139.0,139.0,136.0,138.0,0.73,8872.0,534.0,404.1
KSBBL,1/2/2019,136.0,138.0,136.0,138.0,0.0,4232.0,534.0,404.1
KSBBL,1/3/2019,140.0,140.0,136.0,137.0,-0.72,7463.0,534.0,404.1
KSBBL,1/6/2019,136.0,139.0,135.0,135.0,-1.46,14135.0,534.0,404.1
KSBBL,1/7/2019,137.0,137.0,136.0,136.0,0.74,2346.0,534.0,404.1
KSBBL,1/8/2019,136.0,137.0,135.0,135.0,-0.74,7241.0,534.0,404.1
KSBBL,1/9/2019,135.0,139.0,135.0,136.0,0.74,6728.0,534.0,404.1
KSBBL,1/10/2019,137.0,138.0,136.0,136.0,0.0,7929.0,534.0,404.1
KSBBL,1/13/2019,136.0,137.0,136.0,136.0,0.0,3735.0,534.0,404.1
KSBBL,1/14/2019,137.0,138.0,136.0,138.0,1.47,3460.0,534.0,404.1
KSBBL,1/15/2019,144.0,144.0,137.0,140.0,1.45,3226.0,534.0,404.1
KSBBL,1/16/2019,139.0,142.0,138.0,142.0,1.43,12363.0,534.0,404.1
KSBBL,1/17/2019,144.0,144.0,139.0,140.0,-1.41,5862.0,534.0,404.1
KSBBL,1/20/2019,139.0,139.0,137.0,137.0,-2.14,1491.0,534.0,404.1
KSBBL,1/21/2019,136.0,138.0,135.0,135.0,-1.46,9920.0,534.0,404.1
KSBBL,1/22/2019,135.0,139.0,135.0,137.0,1.48,2243.0,534.0,404.1
KSBBL,1/23/2019,137.0,139.0,137.0,139.0,1.46,10596.0,534.0,404.1
KSBBL,1/24/2019,137.0,140.0,137.0,139.0,0.0,8318.0,534.0,404.1
KSBBL,1/27/2019,137.0,139.0,137.0,138.0,-0.72,2045.0,534.0,404.1
KSBBL,1/28/2019,139.0,140.0,137.0,139.0,0.72,2884.0,534.0,404.1
KSBBL,1/29/2019,138.0,139.0,137.0,138.0,-0.72,4078.0,534.0,404.1
KSBBL,1/30/2019,137.0,138.0,136.0,137.0,-0.72,7633.0,534.0,404.1
KSBBL,1/31/2019,139.0,139.0,136.0,136.0,-0.73,2974.0,534.0,404.1
KSBBL,2/3/2019,135.0,138.0,135.0,136.0,0.0,5691.0,534.0,404.1
KSBBL,2/4/2019,136.0,137.0,135.0,136.0,0.0,3684.0,534.0,404.1
KSBBL,2/5/2019,137.0,137.0,136.0,136.0,0.0,2677.0,534.0,404.1
KSBBL,2/6/2019,135.0,136.0,135.0,136.0,0.0,5969.0,534.0,404.1
KSBBL,2/7/2019,135.0,136.0,135.0,136.0,0.0,3916.0,534.0,404.1
KSBBL,2/10/2019,135.0,136.0,133.0,134.0,-1.47,7597.0,534.0,404.1
KSBBL,2/11/2019,134.0,136.0,134.0,135.0,0.75,6375.0,534.0,404.1
KSBBL,2/12/2019,135.0,135.0,134.0,134.0,-0.74,3601.0,534.0,404.1
KSBBL,2/13/2019,134.0,136.0,133.0,133.0,-0.75,3273.0,534.0,404.1
KSBBL,2/14/2019,134.0,134.0,133.0,133.0,0.0,2539.0,534.0,404.1
KSBBL,2/17/2019,134.0,134.0,133.0,133.0,0.0,1607.0,534.0,404.1
KSBBL,2/18/2019,132.0,134.0,132.0,134.0,0.75,2841.0,534.0,404.1
KSBBL,2/19/2019,135.0,138.0,133.0,138.0,2.99,4540.0,534.0,404.1
KSBBL,2/20/2019,136.0,136.0,132.0,132.0,-4.35,5255.0,534.0,404.1
KSBBL,2/21/2019,132.0,134.0,132.0,134.0,1.52,4934.0,534.0,404.1
KSBBL,2/24/2019,132.0,133.0,132.0,133.0,-0.75,1982.0,534.0,404.1
KSBBL,2/25/2019,133.0,134.0,132.0,134.0,0.75,4762.0,534.0,404.1
KSBBL,2/26/2019,132.0,134.0,132.0,133.0,-0.75,5196.0,534.0,404.1
KSBBL,2/27/2019,131.0,134.0,131.0,132.0,-0.75,3636.0,534.0,404.1
KSBBL,3/3/2019,132.0,134.0,132.0,132.0,0.0,1449.0,534.0,404.1
KSBBL,3/5/2019,133.0,135.0,133.0,135.0,2.27,2295.0,534.0,404.1
KSBBL,3/6/2019,136.0,136.0,132.0,134.0,-0.74,4935.0,534.0,404.1
KSBBL,3/7/2019,136.0,137.0,134.0,135.0,0.75,4737.0,534.0,404.1
KSBBL,3/10/2019,135.0,137.0,135.0,137.0,1.48,4746.0,534.0,404.1
KSBBL,3/11/2019,136.0,139.0,136.0,138.0,0.73,7788.0,534.0,404.1
KSBBL,3/12/2019,138.0,143.0,138.0,142.0,2.9,13940.0,534.0,404.1
KSBBL,3/13/2019,146.0,146.0,139.0,140.0,-1.41,16133.0,534.0,404.1
KSBBL,3/14/2019,139.0,144.0,139.0,143.0,2.14,10564.0,534.0,404.1
KSBBL,3/17/2019,142.0,143.0,140.0,140.0,-2.1,6495.0,534.0,404.1
KSBBL,3/18/2019,140.0,145.0,140.0,140.0,0.0,4424.0,534.0,404.1
KSBBL,3/19/2019,142.0,142.0,140.0,140.0,0.0,4451.0,534.0,404.1
KSBBL,3/21/2019,140.0,140.0,137.0,138.0,-1.43,5846.0,534.0,404.1
KSBBL,3/24/2019,139.0,139.0,136.0,137.0,-0.72,7550.0,534.0,404.1
KSBBL,3/25/2019,136.0,139.0,136.0,139.0,1.46,6106.0,534.0,404.1
KSBBL,3/26/2019,139.0,139.0,136.0,139.0,0.0,12360.0,534.0,404.1
KSBBL,3/27/2019,138.0,139.0,137.0,139.0,0.0,3883.0,534.0,404.1
KSBBL,3/28/2019,140.0,141.0,138.0,140.0,0.72,8575.0,534.0,404.1
KSBBL,3/31/2019,140.0,140.0,138.0,139.0,-0.71,5762.0,534.0,404.1
KSBBL,4/1/2019,138.0,141.0,138.0,140.0,0.72,3275.0,534.0,404.1
KSBBL,4/2/2019,142.0,143.0,139.0,141.0,0.71,11294.0,534.0,404.1
KSBBL,4/3/2019,141.0,144.0,141.0,141.0,0.0,16143.0,534.0,404.1
KSBBL,4/4/2019,141.0,143.0,139.0,141.0,0.0,7144.0,534.0,404.1
KSBBL,4/7/2019,143.0,144.0,140.0,144.0,2.13,11610.0,534.0,404.1
KSBBL,4/8/2019,146.0,148.0,141.0,143.0,-0.69,25931.0,534.0,404.1
KSBBL,4/9/2019,145.0,147.0,142.0,144.0,0.7,61405.0,534.0,404.1
KSBBL,4/11/2019,146.0,147.0,143.0,143.0,-0.69,10430.0,534.0,404.1
KSBBL,4/15/2019,143.0,145.0,142.0,143.0,0.0,6400.0,534.0,404.1
KSBBL,4/16/2019,143.0,147.0,143.0,146.0,2.1,10940.0,534.0,404.1
KSBBL,4/17/2019,147.0,148.0,145.0,146.0,0.0,10855.0,534.0,404.1
KSBBL,4/18/2019,145.0,148.0,144.0,146.0,0.0,14629.0,534.0,404.1
KSBBL,4/21/2019,146.0,150.0,144.0,146.0,0.0,17326.0,534.0,404.1
KSBBL,4/22/2019,148.0,150.0,145.0,145.0,-0.68,21299.0,534.0,404.1
KSBBL,4/23/2019,145.0,148.0,145.0,146.0,0.69,12828.0,534.0,404.1
KSBBL,4/24/2019,145.0,150.0,145.0,150.0,2.74,23919.0,534.0,404.1
KSBBL,4/25/2019,153.0,155.0,150.0,153.0,2.0,36052.0,534.0,404.1
KSBBL,4/28/2019,155.0,157.0,151.0,154.0,0.65,28546.0,534.0,404.1
KSBBL,4/29/2019,157.0,159.0,148.0,152.0,-1.3,14413.0,534.0,404.1
KSBBL,4/30/2019,149.0,152.0,148.0,151.0,-0.66,9005.0,534.0,404.1
KSBBL,5/2/2019,150.0,150.0,148.0,150.0,-0.66,4892.0,534.0,404.1
KSBBL,5/5/2019,151.0,151.0,146.0,147.0,-2.0,8250.0,534.0,404.1
KSBBL,5/6/2019,145.0,148.0,145.0,148.0,0.68,9263.0,534.0,404.1
KSBBL,5/7/2019,150.0,151.0,148.0,148.0,0.0,8950.0,534.0,404.1
KSBBL,5/8/2019,148.0,150.0,147.0,148.0,0.0,8379.0,534.0,404.1
KSBBL,5/9/2019,148.0,149.0,148.0,149.0,0.68,5444.0,534.0,404.1
KSBBL,5/12/2019,149.0,151.0,148.0,148.0,-0.67,12790.0,534.0,404.1
KSBBL,5/13/2019,149.0,152.0,148.0,152.0,2.7,7617.0,534.0,404.1
KSBBL,5/14/2019,150.0,153.0,150.0,153.0,0.66,13101.0,534.0,404.1
KSBBL,5/15/2019,152.0,155.0,150.0,153.0,0.0,38785.0,534.0,404.1
KSBBL,5/16/2019,154.0,158.0,154.0,157.0,2.61,73454.0,534.0,404.1
KSBBL,5/19/2019,159.0,163.0,159.0,162.0,3.18,71987.0,534.0,404.1
KSBBL,5/20/2019,163.0,164.0,158.0,159.0,-1.85,25009.0,534.0,404.1
KSBBL,5/21/2019,157.0,161.0,157.0,160.0,0.63,16484.0,534.0,404.1
KSBBL,5/22/2019,159.0,161.0,159.0,160.0,0.0,16248.0,534.0,404.1
KSBBL,5/23/2019,158.0,159.0,155.0,159.0,-0.62,21114.0,534.0,404.1
KSBBL,5/26/2019,159.0,159.0,155.0,155.0,-2.52,12225.0,534.0,404.1
KSBBL,5/27/2019,155.0,159.0,155.0,156.0,0.65,12172.0,534.0,404.1
KSBBL,5/28/2019,158.0,159.0,157.0,159.0,1.92,7634.0,534.0,404.1
KSBBL,5/29/2019,161.0,167.0,160.0,165.0,3.77,69795.0,534.0,404.1
KSBBL,5/30/2019,168.0,171.0,162.0,164.0,-0.61,49653.0,534.0,404.1
KSBBL,6/2/2019,167.0,167.0,161.0,163.0,-0.61,13268.0,534.0,404.1
KSBBL,6/3/2019,166.0,166.0,157.0,158.0,-3.07,36824.0,534.0,404.1
KSBBL,6/4/2019,160.0,160.0,157.0,160.0,1.27,7324.0,534.0,404.1
KSBBL,6/6/2019,163.0,164.0,160.0,162.0,1.25,13930.0,534.0,404.1
KSBBL,6/10/2019,165.0,168.0,162.0,164.0,1.23,35089.0,534.0,404.1
KSBBL,6/11/2019,166.0,168.0,164.0,165.0,0.61,41706.0,534.0,404.1
KSBBL,6/12/2019,163.0,166.0,162.0,166.0,0.61,26245.0,534.0,404.1
KSBBL,6/13/2019,166.0,166.0,163.0,165.0,-0.6,67378.0,534.0,404.1
KSBBL,6/16/2019,160.0,160.0,153.0,155.0,-6.06,13538.0,534.0,404.1
KSBBL,6/17/2019,155.0,155.0,150.0,152.0,-1.94,9178.0,534.0,404.1
KSBBL,6/18/2019,153.0,154.0,152.0,153.0,0.66,4220.0,534.0,404.1
KSBBL,6/19/2019,156.0,156.0,152.0,154.0,0.65,6619.0,534.0,404.1
KSBBL,6/20/2019,152.0,155.0,152.0,155.0,0.65,2630.0,534.0,404.1
KSBBL,6/23/2019,154.0,155.0,152.0,152.0,-1.94,7138.0,534.0,404.1
KSBBL,6/24/2019,153.0,153.0,152.0,153.0,0.66,5857.0,534.0,404.1
KSBBL,6/25/2019,154.0,155.0,153.0,154.0,0.65,2532.0,534.0,404.1
KSBBL,6/26/2019,155.0,156.0,154.0,154.0,0.0,10738.0,534.0,404.1
KSBBL,6/27/2019,153.0,157.0,153.0,156.0,1.3,11333.0,534.0,404.1
KSBBL,6/30/2019,155.0,155.0,154.0,154.0,-1.28,3436.0,534.0,404.1
KSBBL,7/1/2019,154.0,155.0,153.0,154.0,0.0,10367.0,534.0,404.1
KSBBL,7/2/2019,153.0,154.0,153.0,154.0,0.0,8810.0,534.0,404.1
KSBBL,7/3/2019,152.0,158.0,152.0,157.0,1.95,9556.0,534.0,404.1
KSBBL,7/4/2019,156.0,157.0,154.0,157.0,0.0,17184.0,534.0,404.1
KSBBL,7/7/2019,157.0,162.0,157.0,161.0,2.55,34358.0,534.0,404.1
KSBBL,7/8/2019,160.0,160.0,156.0,156.0,-3.11,17875.0,534.0,404.1
KSBBL,7/9/2019,155.0,158.0,155.0,157.0,0.64,14331.0,534.0,404.1
KSBBL,7/10/2019,157.0,160.0,157.0,159.0,1.27,19263.0,534.0,404.1
KSBBL,7/11/2019,159.0,160.0,157.0,159.0,0.0,16827.0,534.0,404.1
KSBBL,7/14/2019,159.0,162.0,159.0,162.0,1.89,14121.0,534.0,404.1
KSBBL,7/15/2019,160.0,162.0,159.0,159.0,-1.85,14440.0,534.0,404.1
KSBBL,7/16/2019,156.0,161.0,156.0,160.0,0.63,1019.0,534.0,404.1
KSBBL,7/17/2019,160.0,164.0,160.0,164.0,2.5,8318.0,534.0,404.1
KSBBL,7/18/2019,162.0,164.0,160.0,162.0,-1.22,17391.0,534.0,404.1
KSBBL,7/21/2019,159.0,161.0,159.0,161.0,-0.62,1558.0,534.0,404.1
KSBBL,7/22/2019,158.0,162.0,158.0,160.0,-0.62,9741.0,534.0,404.1
KSBBL,7/23/2019,159.0,161.0,159.0,160.0,0.0,5548.0,534.0,404.1
KSBBL,7/24/2019,160.0,162.0,159.0,160.0,0.0,4632.0,534.0,404.1
KSBBL,7/25/2019,160.0,161.0,156.0,157.0,-1.88,10890.0,534.0,404.1
KSBBL,7/28/2019,156.0,157.0,154.0,156.0,-0.64,13216.0,534.0,404.1
KSBBL,7/29/2019,156.0,158.0,153.0,154.0,-1.28,12210.0,534.0,404.1
KSBBL,7/30/2019,157.0,157.0,154.0,154.0,0.0,3495.0,534.0,404.1
KSBBL,7/31/2019,154.0,155.0,153.0,153.0,-0.65,8946.0,534.0,404.1
KSBBL,8/1/2019,153.0,156.0,153.0,154.0,0.65,11213.0,534.0,404.1
KSBBL,8/4/2019,157.0,157.0,154.0,154.0,0.0,8486.0,534.0,404.1
KSBBL,8/5/2019,155.0,155.0,152.0,155.0,0.65,6671.0,534.0,404.1
KSBBL,8/6/2019,153.0,153.0,152.0,153.0,-1.29,1703.0,534.0,404.1
KSBBL,8/7/2019,152.0,153.0,150.0,150.0,-1.96,4636.0,534.0,404.1
KSBBL,8/8/2019,151.0,152.0,149.0,149.0,-0.67,11641.0,534.0,404.1
KSBBL,8/11/2019,148.0,150.0,148.0,149.0,0.0,3644.0,534.0,404.1
KSBBL,8/12/2019,150.0,152.0,148.0,150.0,0.67,8556.0,534.0,404.1
KSBBL,8/13/2019,149.0,152.0,149.0,150.0,0.0,2271.0,534.0,404.1
KSBBL,8/14/2019,150.0,150.0,148.0,149.0,-0.67,5776.0,534.0,404.1
KSBBL,8/15/2019,149.0,151.0,148.0,148.0,-0.67,1257.0,534.0,404.1
KSBBL,8/18/2019,146.0,148.0,146.0,148.0,0.0,4097.0,534.0,404.1
KSBBL,8/19/2019,148.0,153.0,147.0,151.0,2.03,2395.0,534.0,404.1
KSBBL,8/20/2019,149.0,150.0,148.0,148.0,-1.99,3100.0,534.0,404.1
KSBBL,8/21/2019,147.0,147.0,145.0,145.0,-2.03,8208.0,534.0,404.1
KSBBL,8/22/2019,145.0,146.0,142.0,142.0,-2.07,17331.0,534.0,404.1
KSBBL,8/25/2019,144.0,144.0,142.0,143.0,0.7,9927.0,534.0,404.1
KSBBL,8/26/2019,145.0,145.0,145.0,145.0,1.4,1251.0,534.0,404.1
KSBBL,8/27/2019,147.0,147.0,144.0,146.0,0.69,2703.0,534.0,404.1
KSBBL,8/28/2019,146.0,146.0,143.0,143.0,-2.05,4259.0,534.0,404.1
KSBBL,8/29/2019,145.0,145.0,143.0,144.0,0.7,2645.0,534.0,404.1
KSBBL,9/1/2019,143.0,145.0,142.0,142.0,-1.39,1635.0,534.0,404.1
KSBBL,9/2/2019,141.0,142.0,140.0,142.0,0.0,10286.0,534.0,404.1
KSBBL,9/3/2019,140.0,149.0,140.0,149.0,4.93,5376.0,534.0,404.1
KSBBL,9/4/2019,147.0,147.0,144.0,145.0,-2.68,1300.0,534.0,404.1
KSBBL,9/5/2019,143.0,145.0,143.0,145.0,0.0,3321.0,534.0,404.1
KSBBL,9/8/2019,145.0,145.0,141.0,141.0,-2.76,1330.0,534.0,404.1
KSBBL,9/9/2019,141.0,142.0,138.0,140.0,-0.71,9571.0,534.0,404.1
KSBBL,9/10/2019,142.0,143.0,140.0,140.0,0.0,4624.0,534.0,404.1
KSBBL,9/11/2019,141.0,141.0,140.0,140.0,0.0,3553.0,534.0,404.1
KSBBL,9/12/2019,141.0,141.0,139.0,139.0,-0.71,7643.0,534.0,404.1
KSBBL,9/15/2019,139.0,139.0,136.0,138.0,-0.72,11198.0,534.0,404.1
KSBBL,9/16/2019,138.0,140.0,137.0,138.0,0.0,7686.0,534.0,404.1
KSBBL,9/17/2019,138.0,143.0,138.0,142.0,2.9,7318.0,534.0,404.1
KSBBL,9/18/2019,135.0,145.0,135.0,145.0,2.11,7799.0,534.0,404.1
KSBBL,9/19/2019,143.0,143.0,141.0,143.0,-1.38,1367.0,534.0,404.1
KSBBL,9/22/2019,138.0,139.0,138.0,139.0,-2.8,1734.0,534.0,404.1
KSBBL,9/23/2019,138.0,140.0,138.0,139.0,0.0,2522.0,534.0,404.1
KSBBL,9/24/2019,138.0,139.0,138.0,139.0,0.0,3594.0,534.0,404.1
KSBBL,9/25/2019,139.0,140.0,138.0,140.0,0.72,3190.0,534.0,404.1
KSBBL,9/26/2019,138.0,140.0,138.0,138.0,-1.43,3961.0,534.0,404.1
KSBBL,9/29/2019,140.0,140.0,138.0,140.0,1.45,4613.0,534.0,404.1
KSBBL,9/30/2019,138.0,142.0,137.0,142.0,1.43,2068.0,534.0,404.1
KSBBL,10/1/2019,142.0,144.0,140.0,142.0,0.0,5293.0,534.0,404.1
KSBBL,10/2/2019,142.0,142.0,140.0,140.0,-1.41,12118.0,534.0,404.1
KSBBL,10/3/2019,142.0,145.0,142.0,145.0,3.57,5461.0,534.0,404.1
KSBBL,10/10/2019,144.0,144.0,143.0,143.0,-1.38,403.0,534.0,404.1
KSBBL,10/14/2019,141.0,142.0,141.0,141.0,-1.4,1900.0,534.0,404.1
KSBBL,10/15/2019,140.0,142.0,140.0,142.0,0.71,3462.0,534.0,404.1
KSBBL,10/16/2019,141.0,143.0,141.0,141.0,-0.7,3461.0,534.0,404.1
KSBBL,10/17/2019,140.0,142.0,140.0,141.0,0.0,5756.0,534.0,404.1
KSBBL,10/20/2019,140.0,142.0,140.0,142.0,0.71,2851.0,534.0,404.1
KSBBL,10/21/2019,144.0,144.0,141.0,141.0,-0.7,3179.0,534.0,404.1
KSBBL,10/22/2019,141.0,143.0,141.0,143.0,1.42,2002.0,534.0,404.1
KSBBL,10/23/2019,141.0,144.0,141.0,144.0,0.7,3024.0,534.0,404.1
KSBBL,10/24/2019,143.0,145.0,143.0,145.0,0.69,2590.0,534.0,404.1
KSBBL,10/31/2019,145.0,145.0,144.0,145.0,0.0,1137.0,534.0,404.1
KSBBL,11/3/2019,145.0,145.0,143.0,144.0,-0.69,1413.0,534.0,404.1
KSBBL,11/4/2019,143.0,145.0,143.0,145.0,0.69,3664.0,534.0,404.1
KSBBL,11/5/2019,143.0,144.0,143.0,143.0,-1.38,3447.0,534.0,404.1
KSBBL,11/6/2019,141.0,144.0,141.0,144.0,0.7,1179.0,534.0,404.1
KSBBL,11/7/2019,142.0,144.0,142.0,144.0,0.0,721.0,534.0,404.1
KSBBL,11/10/2019,144.0,144.0,143.0,144.0,0.0,1988.0,534.0,404.1
KSBBL,11/11/2019,144.0,146.0,141.0,143.0,-0.69,6006.0,534.0,404.1
KSBBL,11/12/2019,141.0,141.0,140.0,140.0,-2.1,5041.0,534.0,404.1
KSBBL,11/13/2019,139.0,142.0,138.0,138.0,-1.43,12055.0,534.0,404.1
KSBBL,11/14/2019,138.0,138.0,137.0,137.0,-0.72,5532.0,534.0,404.1
KSBBL,11/17/2019,137.0,138.0,134.0,134.0,-2.19,5958.0,534.0,404.1
KSBBL,11/18/2019,135.0,136.0,133.0,134.0,0.0,6371.0,534.0,404.1
KSBBL,11/19/2019,135.0,135.0,134.0,135.0,0.75,6919.0,534.0,404.1
KSBBL,11/20/2019,135.0,135.0,135.0,135.0,0.0,4090.0,534.0,404.1
KSBBL,11/21/2019,136.0,136.0,134.0,134.0,-0.74,6504.0,534.0,404.1
KSBBL,11/24/2019,132.0,135.0,132.0,132.0,-1.49,8387.0,534.0,404.1
KSBBL,11/25/2019,134.0,136.0,133.0,133.0,0.76,1598.0,534.0,404.1
KSBBL,11/26/2019,134.0,134.0,131.0,133.0,0.0,822.0,534.0,404.1
KSBBL,11/27/2019,133.0,134.0,133.0,133.0,0.0,4921.0,534.0,404.1
KSBBL,11/28/2019,135.0,135.0,131.0,131.0,-1.5,12735.0,534.0,404.1
KSBBL,12/1/2019,131.0,133.0,131.0,132.0,0.76,11982.0,534.0,404.1
KSBBL,12/2/2019,132.0,133.0,131.0,132.0,0.0,2301.0,534.0,404.1
KSBBL,12/3/2019,132.0,134.0,132.0,133.0,0.76,4704.0,534.0,404.1
KSBBL,12/4/2019,134.0,134.0,133.0,133.0,0.0,2528.0,534.0,404.1
KSBBL,12/5/2019,135.0,135.0,132.0,132.0,-0.75,4587.0,534.0,404.1
KSBBL,12/8/2019,132.0,134.0,132.0,133.0,0.76,2282.0,534.0,404.1
KSBBL,12/9/2019,135.0,139.0,134.0,139.0,4.51,6895.0,534.0,404.1
KSBBL,12/10/2019,140.0,140.0,136.0,137.0,-1.44,1722.0,534.0,404.1
KSBBL,12/11/2019,136.0,140.0,136.0,140.0,2.19,4113.0,534.0,404.1
KSBBL,12/12/2019,139.0,140.0,136.0,138.0,-1.43,12298.0,534.0,404.1
KSBBL,12/15/2019,140.0,142.0,140.0,141.0,2.17,24528.0,534.0,404.1
KSBBL,12/16/2019,139.0,139.0,136.0,136.0,-3.55,9682.0,534.0,404.1
KSBBL,12/17/2019,135.0,136.0,134.0,135.0,-0.74,5268.0,534.0,404.1
KSBBL,12/18/2019,134.0,135.0,134.0,134.0,-0.74,1015.0,534.0,404.1
KSBBL,12/19/2019,134.0,135.0,133.0,134.0,0.0,3669.0,534.0,404.1
KSBBL,12/22/2019,132.0,136.0,131.0,136.0,1.49,2280.0,534.0,404.1
KSBBL,12/23/2019,135.0,137.0,135.0,137.0,0.74,3219.0,534.0,404.1
KSBBL,12/24/2019,137.0,137.0,135.0,137.0,0.0,14488.0,534.0,404.1
KSBBL,12/25/2019,137.0,138.0,136.0,136.0,-0.73,646.0,534.0,404.1
KSBBL,12/26/2019,138.0,138.0,134.0,134.0,-1.47,3310.0,534.0,404.1
KSBBL,12/29/2019,134.0,136.0,133.0,133.0,-0.75,4668.0,534.0,404.1
KSBBL,12/30/2019,135.0,139.0,134.0,136.0,2.26,2872.0,534.0,404.1
KSBBL,12/31/2019,134.0,136.0,134.0,134.0,-1.47,4516.0,534.0,404.1
KSBBL,1/1/2020,135.0,135.0,133.0,135.0,0.75,3828.0,534.0,404.1
KSBBL,1/2/2020,137.0,137.0,134.0,134.0,-0.74,7967.0,534.0,404.1
KSBBL,1/5/2020,132.0,139.0,132.0,135.0,0.75,41151.0,534.0,404.1
KSBBL,1/6/2020,136.0,140.0,136.0,139.0,2.96,41481.0,534.0,404.1
KSBBL,1/7/2020,140.0,141.0,138.0,141.0,1.44,17824.0,534.0,404.1
KSBBL,1/8/2020,140.0,143.0,138.0,138.0,-2.13,9841.0,534.0,404.1
KSBBL,1/9/2020,140.0,140.0,138.0,138.0,0.0,712.0,534.0,404.1
KSBBL,1/12/2020,138.0,145.0,138.0,142.0,2.9,20496.0,534.0,404.1
KSBBL,1/13/2020,144.0,152.0,143.0,145.0,2.11,33985.0,534.0,404.1
KSBBL,1/14/2020,145.0,145.0,142.0,144.0,-0.69,6641.0,534.0,404.1
KSBBL,1/15/2020,145.0,152.0,145.0,148.0,2.78,14525.0,534.0,404.1
KSBBL,1/16/2020,150.0,156.0,149.0,155.0,4.73,60145.0,534.0,404.1
KSBBL,1/19/2020,158.0,167.0,155.0,162.0,4.52,55796.0,534.0,404.1
KSBBL,1/20/2020,164.0,164.0,154.0,156.0,-3.7,56373.0,534.0,404.1
KSBBL,1/21/2020,154.0,161.0,153.0,157.0,0.64,28985.0,534.0,404.1
KSBBL,1/22/2020,157.0,157.0,154.0,156.0,-0.64,11324.0,534.0,404.1
KSBBL,1/23/2020,155.0,155.0,152.0,154.0,-1.28,17992.0,534.0,404.1
KSBBL,1/26/2020,152.0,155.0,150.0,151.0,-1.95,18791.0,534.0,404.1
KSBBL,1/27/2020,151.0,157.0,149.0,157.0,3.97,18583.0,534.0,404.1
KSBBL,1/28/2020,155.0,157.0,152.0,153.0,-2.55,16305.0,534.0,404.1
KSBBL,1/29/2020,153.0,155.0,152.0,154.0,0.65,9795.0,534.0,404.1
KSBBL,1/30/2020,153.0,156.0,153.0,154.0,0.0,12042.0,534.0,404.1
KSBBL,2/2/2020,155.0,159.0,155.0,158.0,2.6,26364.0,534.0,404.1
KSBBL,2/3/2020,161.0,163.0,156.0,162.0,2.53,31405.0,534.0,404.1
KSBBL,2/4/2020,159.0,171.0,159.0,161.0,-0.62,49995.0,534.0,404.1
KSBBL,2/5/2020,163.0,165.0,161.0,162.0,0.62,14981.0,534.0,404.1
KSBBL,2/6/2020,161.0,164.0,161.0,162.0,0.0,11445.0,534.0,404.1
KSBBL,2/9/2020,164.0,164.0,158.0,160.0,-1.23,11835.0,534.0,404.1
KSBBL,2/10/2020,160.0,163.0,158.0,162.0,1.25,30001.0,534.0,404.1
KSBBL,2/11/2020,164.0,165.0,160.0,162.0,0.0,14308.0,534.0,404.1
KSBBL,2/12/2020,163.0,163.0,160.0,160.0,-1.23,18800.0,534.0,404.1
KSBBL,2/13/2020,161.0,162.0,160.0,160.0,0.0,18577.0,534.0,404.1
KSBBL,2/16/2020,160.0,161.0,159.0,160.0,0.0,19356.0,534.0,404.1
KSBBL,2/17/2020,162.0,166.0,161.0,162.0,1.25,25586.0,534.0,404.1
KSBBL,2/18/2020,165.0,171.0,163.0,168.0,3.7,78813.0,534.0,404.1
KSBBL,2/19/2020,169.0,173.0,167.0,173.0,2.98,49743.0,534.0,404.1
KSBBL,2/20/2020,174.0,175.0,169.0,172.0,-0.58,18588.0,534.0,404.1
KSBBL,2/23/2020,175.0,187.0,172.0,186.0,8.14,86856.0,534.0,404.1
KSBBL,2/24/2020,185.0,185.0,177.0,178.0,-4.3,34528.0,534.0,404.1
KSBBL,2/25/2020,178.0,181.0,175.0,179.0,0.56,25573.0,534.0,404.1
KSBBL,2/26/2020,180.0,188.0,180.0,180.0,0.56,44397.0,534.0,404.1
KSBBL,2/27/2020,180.0,198.0,178.0,190.0,5.56,134163.0,534.0,404.1
KSBBL,3/1/2020,192.0,196.0,181.0,181.0,-4.74,75055.0,534.0,404.1
KSBBL,3/2/2020,178.0,184.0,172.0,172.0,-4.97,36329.0,534.0,404.1
KSBBL,3/3/2020,169.0,177.0,166.0,173.0,0.58,55370.0,534.0,404.1
KSBBL,3/4/2020,171.0,176.0,167.0,167.0,-3.47,36897.0,534.0,404.1
KSBBL,3/5/2020,170.0,175.0,164.0,169.0,1.2,25224.0,534.0,404.1
KSBBL,3/10/2020,166.0,166.0,157.0,157.0,-7.1,16850.0,534.0,404.1
KSBBL,3/11/2020,160.0,168.0,159.0,168.0,7.01,23159.0,534.0,404.1
KSBBL,3/12/2020,165.0,168.0,161.0,163.0,-2.98,10818.0,534.0,404.1
KSBBL,3/15/2020,166.0,166.0,155.0,156.0,-4.29,28780.0,534.0,404.1
KSBBL,3/16/2020,154.0,162.0,154.0,157.0,0.64,27046.0,534.0,404.1
KSBBL,3/17/2020,156.0,159.0,150.0,151.0,-3.82,33573.0,534.0,404.1
KSBBL,3/18/2020,153.0,153.0,146.0,148.0,-1.99,19199.0,534.0,404.1
KSBBL,3/19/2020,146.0,155.0,145.0,155.0,4.73,21633.0,534.0,404.1
KSBBL,3/22/2020,155.0,155.0,152.0,152.0,-1.94,200.0,534.0,404.1
KSBBL,5/12/2020,149.0,149.0,148.0,148.0,-2.63,2010.0,534.0,404.1
KSBBL,6/29/2020,146.0,146.0,136.0,139.0,-6.08,18933.0,534.0,404.1
KSBBL,6/30/2020,140.0,144.0,140.0,144.0,3.6,960.0,534.0,404.1
KSBBL,7/1/2020,144.0,146.0,144.0,145.0,0.69,1015.0,534.0,404.1
KSBBL,7/2/2020,147.0,147.0,142.0,142.0,-2.07,2419.0,534.0,404.1
KSBBL,7/5/2020,140.0,142.0,136.0,139.0,-2.11,12271.0,534.0,404.1
KSBBL,7/6/2020,140.0,143.0,139.0,143.0,2.88,6869.0,534.0,404.1
KSBBL,7/7/2020,145.0,149.0,145.0,146.0,2.1,8842.0,534.0,404.1
KSBBL,7/8/2020,144.0,146.0,144.0,146.0,0.0,11918.0,534.0,404.1
KSBBL,7/9/2020,148.0,149.0,146.0,149.0,2.05,2991.0,534.0,404.1
KSBBL,7/12/2020,151.0,151.0,146.0,148.0,-0.67,14457.0,534.0,404.1
KSBBL,7/13/2020,147.0,149.0,146.0,147.0,-0.68,5865.0,534.0,404.1
KSBBL,7/14/2020,145.0,147.0,144.0,144.0,-2.04,7058.0,534.0,404.1
KSBBL,7/15/2020,145.0,148.0,145.0,145.0,0.69,4977.0,534.0,404.1
KSBBL,7/16/2020,146.0,156.0,146.0,153.0,5.52,9519.0,534.0,404.1
KSBBL,7/19/2020,159.0,165.0,159.0,165.0,7.84,140.0,534.0,404.1
KSBBL,7/20/2020,173.0,176.0,161.0,161.0,-2.42,22852.0,534.0,404.1
KSBBL,7/21/2020,158.0,163.0,155.0,155.0,-3.73,10477.0,534.0,404.1
KSBBL,7/22/2020,158.0,161.0,154.0,157.0,1.29,7999.0,534.0,404.1
KSBBL,7/23/2020,160.0,160.0,155.0,156.0,-0.64,3271.0,534.0,404.1
KSBBL,7/26/2020,158.0,158.0,153.0,157.0,0.64,11526.0,534.0,404.1
KSBBL,7/27/2020,157.0,159.0,155.0,159.0,1.27,14769.0,534.0,404.1
KSBBL,7/28/2020,158.0,158.0,156.0,158.0,-0.63,2154.0,534.0,404.1
KSBBL,7/29/2020,155.0,158.0,153.0,154.0,-2.53,8379.0,534.0,404.1
KSBBL,7/30/2020,151.0,159.0,151.0,155.0,0.65,6360.0,534.0,404.1
KSBBL,8/2/2020,152.0,155.0,150.0,152.0,-1.94,12989.0,534.0,404.1
KSBBL,8/3/2020,149.0,154.0,147.0,151.0,-0.66,15874.0,534.0,404.1
KSBBL,8/5/2020,151.0,157.0,147.0,153.0,1.32,9785.0,534.0,404.1
KSBBL,8/6/2020,153.0,154.0,146.0,153.0,0.0,5975.0,534.0,404.1
KSBBL,8/9/2020,150.0,153.0,147.0,153.0,0.0,7008.0,534.0,404.1
KSBBL,8/10/2020,153.0,155.0,151.0,155.0,1.31,6878.0,534.0,404.1
KSBBL,8/11/2020,156.0,156.0,150.0,154.0,-0.65,15640.0,534.0,404.1
KSBBL,8/12/2020,151.0,155.0,151.0,153.0,-0.65,2898.0,534.0,404.1
KSBBL,8/13/2020,153.0,153.0,150.0,152.0,-0.65,3107.0,534.0,404.1
KSBBL,8/16/2020,149.0,149.0,142.0,145.0,-4.61,31922.0,534.0,404.1
KSBBL,8/17/2020,143.0,145.0,143.0,145.0,0.0,4052.0,534.0,404.1
KSBBL,8/18/2020,146.0,146.0,141.0,141.0,-2.76,13962.0,534.0,404.1
KSBBL,8/19/2020,139.0,146.0,137.0,144.0,2.13,11349.0,534.0,404.1
KSBBL,8/20/2020,144.0,147.0,141.0,144.0,0.0,10541.0,534.0,404.1
KSBBL,8/23/2020,143.0,145.0,142.0,144.0,0.0,8611.0,534.0,404.1
KSBBL,8/24/2020,146.0,146.0,143.0,143.0,-0.69,11503.0,534.0,404.1
KSBBL,8/25/2020,144.0,145.0,143.0,145.0,1.4,12344.0,534.0,404.1
KSBBL,8/26/2020,145.0,145.0,142.0,145.0,0.0,20701.0,534.0,404.1
KSBBL,8/27/2020,144.0,145.0,142.0,142.0,-2.07,9026.0,534.0,404.1
KSBBL,8/30/2020,144.0,144.0,140.0,141.0,-0.7,15283.0,534.0,404.1
KSBBL,8/31/2020,142.0,144.0,140.0,142.0,0.71,43866.0,534.0,404.1
KSBBL,9/2/2020,142.0,148.0,141.0,148.0,4.23,44436.0,534.0,404.1
KSBBL,9/3/2020,150.0,153.0,145.0,145.0,-2.03,8711.0,534.0,404.1
KSBBL,9/6/2020,152.0,152.0,142.0,144.0,-0.69,26578.0,534.0,404.1
KSBBL,9/7/2020,142.0,143.0,141.0,142.0,-1.39,14706.0,534.0,404.1
KSBBL,9/8/2020,142.0,143.0,141.0,142.0,0.0,6481.0,534.0,404.1
KSBBL,9/9/2020,149.0,149.0,140.0,140.0,-1.41,11808.0,534.0,404.1
KSBBL,9/10/2020,142.0,143.0,140.0,143.0,2.14,12889.0,534.0,404.1
KSBBL,9/13/2020,142.0,144.0,141.0,143.0,0.0,16578.0,534.0,404.1
KSBBL,9/14/2020,143.0,145.0,143.0,144.0,0.7,18672.0,534.0,404.1
KSBBL,9/15/2020,145.0,145.0,141.0,142.0,-1.39,16909.0,534.0,404.1
KSBBL,9/16/2020,149.0,149.0,141.0,143.0,0.7,14428.0,534.0,404.1
KSBBL,9/17/2020,144.0,157.0,142.0,154.0,7.69,97859.0,534.0,404.1
KSBBL,9/20/2020,161.0,165.0,154.0,154.0,0.0,66364.0,534.0,404.1
KSBBL,9/21/2020,155.0,157.0,149.0,151.0,-1.95,21858.0,534.0,404.1
KSBBL,9/22/2020,150.0,153.0,148.0,150.0,-0.66,22321.0,534.0,404.1
KSBBL,9/23/2020,147.0,153.0,147.0,152.0,1.33,14681.0,534.0,404.1
KSBBL,9/24/2020,152.0,156.0,152.0,156.0,2.63,42158.0,534.0,404.1
KSBBL,9/27/2020,158.0,161.0,154.0,156.0,0.0,54123.0,534.0,404.1
KSBBL,9/28/2020,156.0,164.0,156.0,162.0,3.85,92618.0,534.0,404.1
KSBBL,9/29/2020,160.0,172.0,159.0,170.0,4.94,115935.0,534.0,404.1
KSBBL,9/30/2020,178.0,187.0,170.0,187.0,10.0,273028.0,534.0,404.1
KSBBL,10/1/2020,195.0,205.0,188.0,205.0,9.63,336568.0,534.0,404.1
KSBBL,10/4/2020,200.0,214.0,199.0,200.0,-2.44,205340.0,534.0,404.1
KSBBL,10/5/2020,196.0,220.0,194.0,220.0,10.0,366764.0,534.0,404.1
KSBBL,10/6/2020,218.0,224.0,207.0,213.0,-3.18,189698.0,534.0,404.1
KSBBL,10/7/2020,210.0,234.0,210.0,229.0,7.51,269536.0,534.0,404.1
KSBBL,10/8/2020,233.0,235.0,221.0,223.0,-2.62,133931.0,534.0,404.1
KSBBL,10/11/2020,224.0,231.0,214.0,219.0,-1.79,301910.0,534.0,404.1
KSBBL,10/12/2020,219.0,232.0,217.0,229.0,4.57,303789.0,534.0,404.1
KSBBL,10/13/2020,232.0,234.0,226.0,228.0,-0.44,180317.0,534.0,404.1
KSBBL,10/14/2020,239.0,239.0,221.0,224.0,-1.75,108280.0,534.0,404.1
KSBBL,10/15/2020,235.0,235.0,221.0,223.0,-0.45,99770.0,534.0,404.1
KSBBL,10/18/2020,227.0,230.0,215.0,217.0,-2.69,89664.0,534.0,404.1
KSBBL,10/19/2020,217.0,226.0,217.0,224.0,3.23,53574.0,534.0,404.1
KSBBL,10/20/2020,226.0,229.0,224.0,228.0,1.79,75138.0,534.0,404.1
KSBBL,10/21/2020,227.0,228.0,224.0,224.0,-1.75,56983.0,534.0,404.1
KSBBL,10/22/2020,228.0,236.0,224.0,225.0,0.45,35109.0,534.0,404.1
KSBBL,10/28/2020,228.0,244.0,222.0,234.0,4.0,67586.0,534.0,404.1
KSBBL,10/29/2020,230.0,242.0,229.0,232.0,-0.85,71382.0,534.0,404.1
KSBBL,11/1/2020,232.0,234.0,226.0,230.0,-0.86,65561.0,534.0,404.1
KSBBL,11/2/2020,233.0,239.0,231.0,236.0,2.61,206120.0,534.0,404.1
KSBBL,11/3/2020,236.0,239.0,233.0,238.0,0.85,84891.0,534.0,404.1
KSBBL,11/4/2020,239.0,239.0,229.0,229.0,-3.78,74726.0,534.0,404.1
KSBBL,11/5/2020,227.0,239.0,227.0,235.0,2.62,108930.0,534.0,404.1
KSBBL,11/8/2020,238.0,239.0,232.0,235.0,0.0,76858.0,534.0,404.1
KSBBL,11/9/2020,239.0,239.0,231.0,236.0,0.43,66240.0,534.0,404.1
KSBBL,11/10/2020,247.0,250.0,232.0,233.0,-1.27,700104.0,534.0,404.1
KSBBL,11/11/2020,244.0,244.0,226.0,228.0,-2.15,135977.0,534.0,404.1
KSBBL,11/12/2020,231.0,231.0,220.0,224.0,-1.75,115950.0,534.0,404.1
KSBBL,11/18/2020,213.0,236.0,213.0,220.0,-1.79,107632.0,534.0,404.1
KSBBL,11/19/2020,224.0,232.0,219.0,226.0,2.73,103550.0,534.0,404.1
KSBBL,11/22/2020,230.0,234.0,221.0,226.0,0.0,88766.0,534.0,404.1
KSBBL,11/23/2020,230.0,230.0,221.0,222.0,-1.77,73214.0,534.0,404.1
KSBBL,11/24/2020,222.0,227.0,222.0,224.0,0.9,70360.0,534.0,404.1
KSBBL,11/25/2020,227.0,233.0,224.0,225.0,0.45,131444.0,534.0,404.1
KSBBL,11/26/2020,236.0,236.0,222.0,223.0,-0.89,98843.0,534.0,404.1
KSBBL,11/29/2020,227.0,245.0,227.0,241.0,8.07,274641.0,534.0,404.1
KSBBL,11/30/2020,250.0,250.0,233.0,235.0,-2.49,132714.0,534.0,404.1
KSBBL,12/1/2020,242.0,242.0,228.0,229.0,-2.55,58199.0,534.0,404.1
KSBBL,12/2/2020,229.0,232.0,226.0,227.0,-0.87,61700.0,534.0,404.1
KSBBL,12/3/2020,231.0,235.0,225.0,228.0,0.44,78329.0,534.0,404.1
KSBBL,12/6/2020,230.0,236.0,222.0,222.0,-2.63,74608.0,534.0,404.1
KSBBL,12/7/2020,222.0,231.0,222.0,231.0,4.05,84931.0,534.0,404.1
KSBBL,12/8/2020,235.0,239.0,226.0,228.0,-1.3,54978.0,534.0,404.1
KSBBL,12/9/2020,231.0,231.0,225.0,229.0,0.44,85676.0,534.0,404.1
KSBBL,12/10/2020,231.0,231.0,225.0,227.0,-0.87,30552.0,534.0,404.1
KSBBL,12/13/2020,226.0,228.0,223.0,227.0,0.0,44357.0,534.0,404.1
KSBBL,12/14/2020,227.0,231.0,226.0,230.0,1.32,47929.0,534.0,404.1
KSBBL,12/15/2020,230.0,233.0,225.0,225.0,-2.17,23335.0,534.0,404.1
KSBBL,12/16/2020,225.0,229.0,222.0,223.0,-0.89,31722.0,534.0,404.1
KSBBL,12/17/2020,223.0,228.0,223.0,223.0,0.0,29642.0,534.0,404.1
KSBBL,12/20/2020,234.0,234.0,215.0,217.0,-2.69,146977.0,534.0,404.1
KSBBL,12/21/2020,215.0,224.0,206.0,224.0,3.23,52540.0,534.0,404.1
KSBBL,12/22/2020,227.0,230.0,220.0,225.0,0.45,66819.0,534.0,404.1
KSBBL,12/23/2020,228.0,229.0,218.0,220.0,-2.22,34700.0,534.0,404.1
KSBBL,12/24/2020,220.0,226.0,218.0,218.0,-0.91,16617.0,534.0,404.1
KSBBL,12/27/2020,222.0,223.0,217.0,220.0,0.92,34151.0,534.0,404.1
KSBBL,12/28/2020,221.0,222.0,218.0,219.0,-0.45,40882.0,534.0,404.1
KSBBL,12/29/2020,216.0,222.0,215.0,218.0,-0.46,28126.0,534.0,404.1
KSBBL,12/30/2020,218.0,225.0,216.0,225.0,3.21,55281.0,534.0,404.1
KSBBL,12/31/2020,219.0,219.0,212.0,217.0,-3.56,28128.0,534.0,404.1
KSBBL,1/3/2021,220.0,220.0,216.0,220.0,1.38,45948.0,534.0,404.1
KSBBL,1/4/2021,224.0,224.0,218.0,220.0,0.0,44468.0,534.0,404.1
KSBBL,1/5/2021,217.0,222.0,216.0,218.0,-0.91,19996.0,534.0,404.1
KSBBL,1/6/2021,216.0,221.0,216.0,221.0,1.38,41390.0,534.0,404.1
KSBBL,1/7/2021,222.0,222.0,215.0,219.0,-0.9,60322.0,534.0,404.1
KSBBL,1/10/2021,222.0,229.0,222.0,228.0,4.11,125733.0,534.0,404.1
KSBBL,1/11/2021,229.0,243.0,226.0,239.0,4.82,221781.0,534.0,404.1
KSBBL,1/12/2021,241.0,245.0,236.0,237.0,-0.84,111292.0,534.0,404.1
KSBBL,1/13/2021,238.0,246.0,238.0,245.0,3.38,148601.0,534.0,404.1
KSBBL,1/17/2021,248.0,269.0,248.0,269.0,9.8,182631.0,534.0,404.1
KSBBL,1/18/2021,282.0,295.0,282.0,295.0,9.67,142124.0,534.0,404.1
KSBBL,1/19/2021,309.0,320.0,284.0,288.0,-2.37,421369.0,534.0,404.1
KSBBL,1/20/2021,290.0,292.0,270.0,277.0,-3.82,183770.0,534.0,404.1
KSBBL,1/21/2021,290.0,290.0,269.0,275.0,-0.72,170039.0,534.0,404.1
KSBBL,1/24/2021,275.0,285.0,272.0,274.0,-0.36,117722.0,534.0,404.1
KSBBL,1/25/2021,277.0,284.0,269.0,284.0,3.65,125490.0,534.0,404.1
KSBBL,1/26/2021,298.0,298.0,277.0,283.0,-0.35,141710.0,534.0,404.1
KSBBL,1/27/2021,297.0,297.0,279.0,283.0,0.0,83640.0,534.0,404.1
KSBBL,1/28/2021,280.0,284.0,278.0,278.0,-1.77,86152.0,534.0,404.1
KSBBL,1/31/2021,280.0,285.0,275.0,278.0,0.0,160225.0,534.0,404.1
KSBBL,2/1/2021,276.0,293.0,276.0,290.0,4.32,128243.0,534.0,404.1
KSBBL,2/2/2021,290.0,298.0,285.0,293.0,1.03,110595.0,534.0,404.1
KSBBL,2/3/2021,294.0,298.0,287.0,289.0,-1.37,99709.0,534.0,404.1
KSBBL,2/4/2021,284.0,292.0,284.0,288.0,-0.35,71906.0,534.0,404.1
KSBBL,2/7/2021,293.0,295.0,287.0,290.0,0.69,55578.0,534.0,404.1
KSBBL,2/8/2021,294.0,310.0,290.0,309.0,6.55,277398.0,534.0,404.1
KSBBL,2/9/2021,315.0,333.0,305.0,330.0,6.8,311903.0,534.0,404.1
KSBBL,2/10/2021,330.0,336.0,317.0,325.0,-1.52,150286.0,534.0,404.1
KSBBL,2/11/2021,341.0,341.0,319.0,321.0,-1.23,107509.0,534.0,404.1
KSBBL,2/14/2021,320.0,324.0,310.0,314.0,-2.18,148364.0,534.0,404.1
KSBBL,2/15/2021,320.0,333.0,320.0,332.0,5.73,125852.0,534.0,404.1
KSBBL,2/16/2021,334.0,339.0,325.0,325.0,-2.11,110605.0,534.0,404.1
KSBBL,2/17/2021,330.0,330.0,320.0,326.0,0.31,66884.0,534.0,404.1
KSBBL,2/18/2021,327.0,333.0,323.0,330.0,1.23,74861.0,534.0,404.1
KSBBL,2/21/2021,335.0,335.0,323.0,324.0,-1.82,61645.0,534.0,404.1
KSBBL,2/22/2021,322.0,323.0,312.0,315.0,-2.78,118283.0,534.0,404.1
KSBBL,2/23/2021,330.0,330.0,301.0,311.0,-1.27,114268.0,534.0,404.1
KSBBL,2/24/2021,312.0,322.0,310.0,316.0,1.61,59173.0,534.0,404.1
KSBBL,2/25/2021,312.0,316.0,307.0,309.0,-2.22,64579.0,534.0,404.1
KSBBL,2/28/2021,309.0,310.0,301.0,303.0,-1.94,95541.0,534.0,404.1
KSBBL,3/1/2021,308.0,314.0,295.0,308.0,1.65,58829.0,534.0,404.1
KSBBL,3/2/2021,306.0,309.0,295.0,297.0,-3.57,78216.0,534.0,404.1
KSBBL,3/3/2021,296.0,297.0,290.0,295.0,-0.67,80150.0,534.0,404.1
KSBBL,3/4/2021,299.0,310.0,295.0,305.0,3.39,57741.0,534.0,404.1
KSBBL,3/7/2021,308.0,310.0,300.0,301.0,-1.31,43549.0,534.0,404.1
KSBBL,3/9/2021,303.0,303.0,298.0,300.0,-0.33,30180.0,534.0,404.1
KSBBL,3/10/2021,306.0,306.0,296.0,297.0,-1.0,33447.0,534.0,404.1
KSBBL,3/14/2021,299.0,302.0,290.0,294.0,-1.01,33736.0,534.0,404.1
KSBBL,3/15/2021,289.0,298.0,289.0,293.0,-0.34,48637.0,534.0,404.1
KSBBL,3/16/2021,293.0,298.0,291.0,295.0,0.68,22701.0,534.0,404.1
KSBBL,3/17/2021,298.0,302.0,295.0,302.0,2.37,38062.0,534.0,404.1
KSBBL,3/18/2021,305.0,311.0,301.0,310.0,2.65,61053.0,534.0,404.1
KSBBL,3/21/2021,315.0,317.0,308.0,316.0,1.94,62460.0,534.0,404.1
KSBBL,3/22/2021,312.0,316.0,310.0,311.0,-1.58,60175.0,534.0,404.1
KSBBL,3/23/2021,311.0,313.0,307.0,310.0,-0.32,21069.0,534.0,404.1
KSBBL,3/24/2021,313.0,314.0,308.0,313.0,0.97,33782.0,534.0,404.1
KSBBL,3/25/2021,312.0,321.0,307.0,308.0,-1.6,62936.0,534.0,404.1
KSBBL,3/29/2021,314.0,314.0,307.0,308.0,0.0,16732.0,534.0,404.1
KSBBL,3/30/2021,309.0,311.0,307.0,309.0,0.32,22286.0,534.0,404.1
KSBBL,3/31/2021,314.0,328.0,310.0,326.0,5.5,93668.0,534.0,404.1
KSBBL,4/1/2021,326.0,350.0,322.0,339.0,3.99,319281.0,534.0,404.1
KSBBL,4/4/2021,342.0,348.0,338.0,339.0,0.0,124894.0,534.0,404.1
KSBBL,4/5/2021,344.0,348.0,333.0,334.0,-1.47,125232.0,534.0,404.1
KSBBL,4/6/2021,332.0,338.0,330.0,336.0,0.6,109776.0,534.0,404.1
KSBBL,4/7/2021,336.0,346.0,335.0,341.0,1.49,128744.0,534.0,404.1
KSBBL,4/8/2021,345.0,345.0,338.0,340.0,-0.29,78697.0,534.0,404.1
KSBBL,4/12/2021,345.0,346.0,339.0,340.0,0.0,48840.0,534.0,404.1
KSBBL,4/13/2021,341.0,356.0,341.0,352.0,3.53,213710.0,534.0,404.1
KSBBL,4/15/2021,354.0,379.0,354.0,368.0,4.55,285112.0,534.0,404.1
KSBBL,4/18/2021,385.0,385.0,368.0,374.0,1.63,661059.0,534.0,404.1
KSBBL,4/19/2021,380.0,382.0,360.0,362.0,-3.21,250909.0,534.0,404.1
KSBBL,4/20/2021,365.0,372.0,360.0,363.0,0.28,96705.0,534.0,404.1
KSBBL,4/21/2021,370.0,370.0,350.0,352.0,-3.03,105184.0,534.0,404.1
KSBBL,4/22/2021,369.0,369.0,348.0,353.0,0.28,88210.0,534.0,404.1
KSBBL,4/25/2021,353.0,359.0,338.0,340.0,-3.68,127205.0,534.0,404.1
KSBBL,4/26/2021,340.0,347.0,328.0,331.0,-2.65,100903.0,534.0,404.1
KSBBL,4/27/2021,331.0,350.0,331.0,345.0,4.23,81464.0,534.0,404.1
KSBBL,4/28/2021,350.0,350.0,340.0,343.0,-0.58,38808.0,534.0,404.1
KSBBL,4/29/2021,343.0,347.0,340.0,343.0,0.0,35132.0,534.0,404.1
KSBBL,5/2/2021,346.0,360.0,344.0,351.0,2.33,83426.0,534.0,404.1
KSBBL,5/3/2021,355.0,359.0,345.0,349.0,-0.57,55473.0,534.0,404.1
KSBBL,5/4/2021,349.0,354.0,338.0,348.0,-0.29,83569.0,534.0,404.1
KSBBL,5/5/2021,355.0,355.0,341.0,343.0,-1.44,41359.0,534.0,404.1
KSBBL,5/6/2021,348.0,348.0,341.0,344.0,0.29,32124.0,534.0,404.1
KSBBL,5/9/2021,347.0,347.0,337.0,341.0,-0.87,81355.0,534.0,404.1
KSBBL,5/10/2021,339.0,346.0,339.0,341.0,0.0,27634.0,534.0,404.1
KSBBL,5/11/2021,340.0,347.0,340.0,345.0,1.17,33394.0,534.0,404.1
KSBBL,5/12/2021,346.0,347.0,343.0,344.0,-0.29,26349.0,534.0,404.1
KSBBL,5/13/2021,347.0,356.0,345.0,356.0,3.49,99989.0,534.0,404.1
KSBBL,5/16/2021,360.0,378.0,360.0,377.0,5.9,254004.0,534.0,404.1
KSBBL,5/17/2021,385.0,385.0,370.0,374.0,-0.8,146405.0,534.0,404.1
KSBBL,5/18/2021,379.0,384.0,372.0,382.0,2.14,126070.0,534.0,404.1
KSBBL,5/19/2021,395.0,395.0,372.0,377.0,-1.31,127706.0,534.0,404.1
KSBBL,5/20/2021,359.0,387.0,359.0,386.0,2.39,185729.0,534.0,404.1
KSBBL,5/23/2021,375.0,417.0,373.0,417.0,8.03,474297.0,534.0,404.1
KSBBL,5/24/2021,421.0,441.0,407.0,416.0,-0.24,353669.0,534.0,404.1
KSBBL,5/25/2021,420.0,425.0,406.0,410.0,-1.44,313114.0,534.0,404.1
KSBBL,5/27/2021,410.0,445.0,394.0,433.0,5.61,370626.0,534.0,404.1
KSBBL,5/30/2021,440.0,471.0,428.0,464.0,7.16,529093.0,534.0,404.1
KSBBL,5/31/2021,473.0,479.0,446.0,446.0,-3.88,325310.0,534.0,404.1
KSBBL,6/1/2021,446.0,455.0,433.0,440.0,-1.35,177595.0,534.0,404.1
KSBBL,6/2/2021,455.0,463.0,432.0,459.0,4.32,297718.0,534.0,404.1
KSBBL,6/3/2021,468.0,485.0,463.0,467.0,1.74,462000.0,534.0,404.1
KSBBL,6/6/2021,467.0,487.0,460.0,471.0,0.86,319906.0,534.0,404.1
KSBBL,6/7/2021,450.0,518.0,450.0,518.0,9.98,572087.0,534.0,404.1
KSBBL,6/8/2021,530.0,569.0,528.0,569.0,9.85,422590.0,534.0,404.1
KSBBL,6/9/2021,575.0,617.0,539.0,551.0,-3.16,512279.0,534.0,404.1
KSBBL,6/10/2021,550.0,580.0,534.0,577.0,4.72,448007.0,534.0,404.1
KSBBL,6/13/2021,577.0,633.0,570.0,632.0,9.53,505732.0,534.0,404.1
KSBBL,6/14/2021,663.0,663.0,607.0,624.0,-1.27,379256.0,534.0,404.1
KSBBL,6/15/2021,624.0,626.0,579.0,593.0,-4.97,455848.0,534.0,404.1
KSBBL,6/16/2021,593.0,620.0,545.0,573.0,-3.37,295535.0,534.0,404.1
KSBBL,6/17/2021,573.0,601.0,550.0,580.0,1.22,190856.0,534.0,404.1
KSBBL,6/20/2021,585.0,591.0,541.0,558.0,-3.79,270969.0,534.0,404.1
KSBBL,6/21/2021,532.0,565.0,530.0,531.0,-4.84,259880.0,534.0,404.1
KSBBL,6/22/2021,531.0,574.0,513.0,572.0,7.72,230397.0,534.0,404.1
KSBBL,6/23/2021,575.0,578.0,543.0,547.0,-4.37,169737.0,534.0,404.1
KSBBL,6/24/2021,551.0,551.0,532.0,536.0,-2.01,119383.0,534.0,404.1
KSBBL,6/27/2021,539.0,550.0,525.0,527.0,-1.68,91105.0,534.0,404.1
KSBBL,6/28/2021,527.0,537.0,511.0,517.0,-1.9,114235.0,534.0,404.1
KSBBL,6/29/2021,492.0,521.0,492.0,498.0,-3.68,149440.0,534.0,404.1
KSBBL,6/30/2021,485.0,525.0,480.0,514.0,3.21,185562.0,534.0,404.1
KSBBL,7/1/2021,523.0,543.0,510.0,528.0,2.72,194198.0,534.0,404.1
KSBBL,7/4/2021,537.0,547.0,526.0,526.0,-0.38,127715.0,534.0,404.1
KSBBL,7/5/2021,519.0,525.0,511.0,513.0,-2.47,65645.0,534.0,404.1
KSBBL,7/6/2021,505.0,525.0,505.0,515.0,0.39,45112.0,534.0,404.1
KSBBL,7/7/2021,510.0,523.0,510.0,516.0,0.19,40694.0,534.0,404.1
KSBBL,7/8/2021,520.0,530.0,510.0,528.0,2.33,90082.0,534.0,404.1
KSBBL,7/11/2021,532.0,580.0,532.0,577.0,9.28,272752.0,534.0,404.1
KSBBL,7/12/2021,588.0,590.0,548.0,563.0,-2.43,320392.0,534.0,404.1
KSBBL,7/13/2021,563.0,590.0,563.0,585.0,3.91,173371.0,534.0,404.1
KSBBL,7/14/2021,595.0,600.0,574.0,581.0,-0.68,91634.0,534.0,404.1
KSBBL,7/15/2021,581.0,590.0,576.0,580.0,-0.17,113276.0,534.0,404.1
KSBBL,7/18/2021,591.6,629.0,591.6,619.5,6.81,551994.0,534.0,404.1
KSBBL,7/19/2021,631.0,635.0,601.8,606.0,-2.18,249420.0,534.0,404.1
KSBBL,7/20/2021,593.9,613.0,593.9,603.0,-0.5,117195.0,534.0,404.1
KSBBL,7/22/2021,605.0,610.0,590.1,592.0,-1.82,148801.0,534.0,404.1
KSBBL,7/25/2021,592.0,592.0,580.2,587.0,-0.84,185376.0,534.0,404.1
KSBBL,7/26/2021,595.0,595.0,580.0,581.0,-1.02,92459.0,534.0,404.1
KSBBL,7/27/2021,575.0,585.0,567.0,581.0,0.0,137761.0,534.0,404.1
KSBBL,7/28/2021,592.6,599.0,581.0,584.5,0.6,89736.0,534.0,404.1
KSBBL,7/29/2021,590.0,593.0,577.3,581.0,-0.6,116817.0,534.0,404.1
KSBBL,8/1/2021,590.0,595.7,580.0,582.0,0.17,109416.0,534.0,404.1
KSBBL,8/2/2021,587.0,591.6,575.2,576.6,-0.93,62327.0,534.0,404.1
KSBBL,8/3/2021,584.0,584.0,573.0,577.0,0.07,80969.0,534.0,404.1
KSBBL,8/4/2021,585.0,585.0,575.0,582.0,0.87,73495.0,534.0,404.1
KSBBL,8/5/2021,589.0,603.7,582.0,590.0,1.37,165430.0,534.0,404.1
KSBBL,8/8/2021,600.0,600.0,590.0,591.0,0.17,98317.0,534.0,404.1
KSBBL,8/9/2021,597.0,597.0,584.6,587.0,-0.68,76552.0,534.0,404.1
KSBBL,8/10/2021,590.0,645.7,588.0,645.7,10.0,550047.0,534.0,404.1
KSBBL,8/11/2021,658.6,685.1,637.0,648.0,0.36,411810.0,534.0,404.1
KSBBL,8/12/2021,655.0,712.8,655.0,712.8,10.0,854026.0,534.0,404.1
KSBBL,8/15/2021,698.6,740.0,656.0,700.0,-1.8,724311.0,534.0,404.1
KSBBL,8/16/2021,710.0,745.0,685.0,745.0,6.43,517583.0,534.0,404.1
KSBBL,8/17/2021,759.0,796.0,737.0,790.0,6.04,327659.0,534.0,404.1
KSBBL,8/18/2021,805.8,866.9,770.0,845.0,6.96,677717.0,534.0,404.1
KSBBL,8/19/2021,845.0,860.0,801.0,808.0,-4.38,517749.0,534.0,404.1
KSBBL,8/24/2021,810.0,814.0,765.1,784.0,-2.97,429815.0,534.0,404.1
KSBBL,8/25/2021,768.4,779.0,735.0,745.0,-4.97,389613.0,534.0,404.1
KSBBL,8/26/2021,740.0,795.0,740.0,776.2,4.19,389263.0,534.0,404.1
KSBBL,8/29/2021,791.7,791.7,753.0,756.0,-2.6,223073.0,534.0,404.1
KSBBL,8/31/2021,756.0,758.0,715.0,718.0,-5.03,308415.0,534.0,404.1
KSBBL,9/1/2021,725.0,740.0,710.2,718.0,0.0,190853.0,534.0,404.1
KSBBL,9/2/2021,718.0,730.0,682.0,694.0,-3.34,174838.0,534.0,404.1
KSBBL,9/5/2021,699.0,699.0,625.2,652.0,-6.05,337019.0,534.0,404.1
KSBBL,9/6/2021,652.0,717.2,630.0,717.2,10.0,248405.0,534.0,404.1
KSBBL,9/7/2021,730.0,731.0,685.0,702.0,-2.12,177331.0,534.0,404.1
KSBBL,9/8/2021,711.0,711.0,675.0,686.0,-2.28,123551.0,534.0,404.1
KSBBL,9/9/2021,686.0,699.0,675.0,683.0,-0.44,101090.0,534.0,404.1
KSBBL,9/12/2021,696.6,737.0,683.0,731.0,7.03,234170.0,534.0,404.1
KSBBL,9/13/2021,745.6,755.0,722.0,725.0,-0.82,181495.0,534.0,404.1
KSBBL,9/14/2021,732.0,739.0,709.5,719.0,-0.83,98752.0,534.0,404.1
KSBBL,9/15/2021,722.0,725.0,697.0,705.0,-1.95,163537.0,534.0,404.1
KSBBL,9/16/2021,700.0,700.0,670.0,683.2,-3.09,206278.0,534.0,404.1
KSBBL,9/20/2021,683.2,686.0,635.0,640.0,-6.32,211982.0,534.0,404.1
KSBBL,9/21/2021,628.0,672.1,619.0,645.0,0.78,168159.0,534.0,404.1
KSBBL,9/22/2021,657.0,703.0,657.0,694.0,7.6,137572.0,534.0,404.1
KSBBL,9/23/2021,707.8,715.0,677.0,678.0,-2.31,126021.0,534.0,404.1
KSBBL,9/26/2021,691.5,733.0,685.0,691.0,1.92,293946.0,534.0,404.1
KSBBL,9/27/2021,704.0,704.0,657.1,660.0,-4.49,137656.0,534.0,404.1
KSBBL,9/28/2021,647.0,673.0,637.0,645.0,-2.27,102922.0,534.0,404.1
KSBBL,9/29/2021,643.0,670.1,634.0,663.0,2.79,104374.0,534.0,404.1
KSBBL,9/30/2021,665.0,677.0,645.0,646.0,-2.56,78556.0,534.0,404.1
KSBBL,10/3/2021,649.0,659.0,634.0,636.0,-1.55,94379.0,534.0,404.1
KSBBL,10/4/2021,638.0,645.0,627.0,630.0,-0.94,67486.0,534.0,404.1
KSBBL,10/5/2021,642.5,655.0,630.0,645.0,2.38,56379.0,534.0,404.1
KSBBL,10/6/2021,657.0,667.0,646.0,666.9,3.4,75485.0,534.0,404.1
KSBBL,10/10/2021,680.0,681.5,655.0,660.0,-1.03,64769.0,534.0,404.1
KSBBL,10/11/2021,670.0,670.0,632.2,655.0,-0.76,47534.0,534.0,404.1
KSBBL,10/17/2021,668.1,683.0,658.0,682.9,4.26,62170.0,534.0,404.1
KSBBL,10/18/2021,690.0,690.0,656.6,661.0,-3.21,72200.0,534.0,404.1
KSBBL,10/19/2021,651.0,660.0,625.5,635.0,-3.93,83719.0,534.0,404.1
KSBBL,10/20/2021,647.0,668.0,647.0,660.0,3.94,61228.0,534.0,404.1
KSBBL,10/21/2021,665.0,666.0,643.0,648.0,-1.82,42893.0,534.0,404.1
KSBBL,10/24/2021,660.9,660.9,646.0,651.0,0.46,32813.0,534.0,404.1
KSBBL,10/25/2021,662.0,710.0,652.0,710.0,9.06,144525.0,534.0,404.1
KSBBL,10/26/2021,724.2,770.0,710.6,719.0,1.27,617763.0,534.0,404.1
KSBBL,10/27/2021,607.0,646.6,595.0,613.0,-14.74,129060.0,534.0,404.1
KSBBL,10/28/2021,625.0,663.0,605.0,663.0,8.16,107354.0,534.0,404.1
KSBBL,10/31/2021,663.0,729.0,624.3,729.0,9.95,246158.0,534.0,404.1
KSBBL,11/1/2021,729.0,729.0,669.5,680.0,-6.72,367377.0,534.0,404.1
KSBBL,11/2/2021,680.0,735.9,650.0,670.0,-1.47,330728.0,534.0,404.1
KSBBL,11/3/2021,670.0,675.0,647.8,652.0,-2.69,173643.0,534.0,404.1
KSBBL,11/8/2021,650.0,660.0,639.0,640.0,-1.84,72331.0,534.0,404.1
KSBBL,11/9/2021,640.0,640.0,602.0,607.0,-5.16,160686.0,534.0,404.1
KSBBL,11/11/2021,607.0,615.0,583.0,593.0,-2.31,156563.0,534.0,404.1
KSBBL,11/14/2021,590.0,608.0,585.1,595.0,0.34,78685.0,534.0,404.1
KSBBL,11/15/2021,606.9,626.8,606.9,617.5,3.78,82659.0,534.0,404.1
KSBBL,11/16/2021,620.0,625.0,610.0,616.2,-0.21,72564.0,534.0,404.1
KSBBL,11/17/2021,628.5,628.5,608.0,608.0,-1.33,77902.0,534.0,404.1
KSBBL,11/18/2021,608.0,618.8,594.0,595.0,-2.14,71187.0,534.0,404.1
KSBBL,11/21/2021,605.0,605.0,585.1,590.0,-0.84,52986.0,534.0,404.1
KSBBL,11/22/2021,590.0,600.0,577.0,580.0,-1.69,88056.0,534.0,404.1
KSBBL,11/23/2021,580.0,587.0,555.7,564.9,-2.6,66079.0,534.0,404.1
KSBBL,11/24/2021,556.0,583.7,546.0,583.0,3.2,60439.0,534.0,404.1
KSBBL,11/25/2021,588.0,588.0,570.0,570.0,-2.23,43648.0,534.0,404.1
KSBBL,11/28/2021,560.0,570.0,539.0,541.9,-4.93,108171.0,534.0,404.1
KSBBL,11/29/2021,536.0,558.0,530.0,533.0,-1.64,83325.0,534.0,404.1
KSBBL,11/30/2021,543.0,553.8,525.0,532.9,-0.02,53999.0,534.0,404.1
KSBBL,12/1/2021,538.0,549.7,533.1,542.0,1.71,45065.0,534.0,404.1
KSBBL,12/2/2021,545.0,547.0,519.4,520.0,-4.06,46669.0,534.0,404.1
KSBBL,12/5/2021,510.0,528.1,495.0,500.0,-3.85,64930.0,534.0,404.1
KSBBL,12/6/2021,500.0,520.0,471.5,510.0,2.0,89802.0,534.0,404.1
KSBBL,12/7/2021,519.0,526.0,485.0,485.2,-4.86,70375.0,534.0,404.1
KSBBL,12/8/2021,476.0,498.0,470.0,474.0,-2.31,44402.0,534.0,404.1
KSBBL,12/9/2021,474.0,478.0,464.0,465.0,-1.9,43157.0,534.0,404.1
KSBBL,12/12/2021,462.2,467.0,431.0,432.0,-7.1,46086.0,534.0,404.1
KSBBL,12/13/2021,426.0,430.0,398.0,400.0,-7.41,94847.0,534.0,404.1
KSBBL,12/14/2021,408.0,440.0,404.0,440.0,10.0,31325.0,534.0,404.1
KSBBL,12/15/2021,448.0,480.0,434.2,446.1,1.39,105409.0,534.0,404.1
KSBBL,12/16/2021,445.0,446.0,426.0,430.6,-3.47,39653.0,534.0,404.1
KSBBL,12/20/2021,435.0,435.0,418.0,423.0,-1.76,23287.0,534.0,404.1
KSBBL,12/21/2021,431.0,439.0,423.5,437.0,3.31,26988.0,534.0,404.1
KSBBL,12/22/2021,445.0,473.7,445.0,469.0,7.32,67315.0,534.0,404.1
KSBBL,12/23/2021,478.0,478.0,453.0,463.7,-1.13,48944.0,534.0,404.1
KSBBL,12/26/2021,472.0,472.0,460.0,461.0,-0.58,50557.0,534.0,404.1
KSBBL,12/27/2021,470.0,470.0,440.0,441.0,-4.34,67478.0,534.0,404.1
KSBBL,12/28/2021,432.2,442.0,426.0,436.0,-1.13,46605.0,534.0,404.1
KSBBL,12/29/2021,438.0,444.0,427.3,435.0,-0.23,29013.0,534.0,404.1
KSBBL,1/2/2022,440.0,450.8,430.1,448.0,2.99,44696.0,534.0,404.1
KSBBL,1/3/2022,456.9,469.0,449.0,459.0,2.46,57667.0,534.0,404.1
KSBBL,1/4/2022,467.9,491.6,452.1,489.0,6.54,102186.0,534.0,404.1
KSBBL,1/5/2022,495.0,504.0,474.0,474.0,-3.07,84716.0,534.0,404.1
KSBBL,1/6/2022,474.0,491.6,466.0,486.0,2.53,84786.0,534.0,404.1
KSBBL,1/9/2022,490.0,515.0,490.0,515.0,5.97,136830.0,534.0,404.1
KSBBL,1/10/2022,525.0,530.0,514.0,521.0,1.17,78925.0,534.0,404.1
KSBBL,1/11/2022,521.0,567.0,510.1,558.0,7.1,149844.0,534.0,404.1
KSBBL,1/12/2022,558.0,565.7,535.0,540.0,-3.23,152591.0,534.0,404.1
KSBBL,1/13/2022,539.0,569.0,533.0,563.0,4.26,117059.0,534.0,404.1
KSBBL,1/16/2022,574.2,590.0,568.0,575.0,2.13,158485.0,534.0,404.1
KSBBL,1/17/2022,580.0,584.0,562.0,578.0,0.52,126908.0,534.0,404.1
KSBBL,1/18/2022,577.0,578.0,546.9,555.1,-3.96,165150.0,534.0,404.1
KSBBL,1/19/2022,560.0,566.0,540.0,541.5,-2.45,84969.0,534.0,404.1
KSBBL,1/20/2022,540.0,578.2,535.0,574.0,6.0,97604.0,534.0,404.1
KSBBL,1/23/2022,585.0,585.4,556.0,559.0,-2.61,100708.0,534.0,404.1
KSBBL,1/24/2022,559.0,559.0,530.1,533.0,-4.65,162513.0,534.0,404.1
KSBBL,1/25/2022,543.0,546.0,519.0,527.0,-1.13,143088.0,534.0,404.1
KSBBL,1/26/2022,521.0,532.0,510.0,514.5,-2.37,88744.0,534.0,404.1
KSBBL,1/27/2022,514.0,525.0,510.0,511.0,-0.68,56196.0,534.0,404.1
KSBBL,1/30/2022,521.2,550.0,521.2,550.0,7.63,109917.0,534.0,404.1
KSBBL,1/31/2022,552.0,560.0,537.0,538.0,-2.18,58588.0,534.0,404.1
KSBBL,2/1/2022,530.0,551.5,530.0,549.0,2.04,76648.0,534.0,404.1
KSBBL,2/3/2022,555.0,565.9,538.1,539.0,-1.82,99985.0,534.0,404.1
KSBBL,2/6/2022,530.0,544.0,529.0,530.1,-1.65,51915.0,534.0,404.1
KSBBL,2/7/2022,530.0,542.9,529.0,534.0,0.74,47655.0,534.0,404.1
KSBBL,2/8/2022,544.6,560.0,529.0,530.0,-0.75,70348.0,534.0,404.1
KSBBL,2/9/2022,539.9,539.9,520.0,525.0,-0.94,32287.0,534.0,404.1
KSBBL,2/10/2022,525.0,530.0,516.2,521.5,-0.67,32855.0,534.0,404.1
KSBBL,2/13/2022,522.0,522.0,493.0,499.0,-4.31,79112.0,534.0,404.1
KSBBL,2/14/2022,498.0,507.9,498.0,498.1,-0.18,41036.0,534.0,404.1
KSBBL,2/15/2022,508.0,516.8,500.0,516.0,3.59,34464.0,534.0,404.1
KSBBL,2/16/2022,517.0,525.0,501.0,505.0,-2.13,28013.0,534.0,404.1
KSBBL,2/17/2022,501.0,509.0,500.0,504.0,-0.2,18933.0,534.0,404.1
KSBBL,2/20/2022,494.0,505.0,481.0,498.0,-1.19,48069.0,534.0,404.1
KSBBL,2/21/2022,500.0,504.0,497.0,499.0,0.2,22781.0,534.0,404.1
KSBBL,2/22/2022,508.9,509.9,502.0,505.0,1.2,36610.0,534.0,404.1
KSBBL,2/23/2022,510.0,511.9,498.2,500.5,-0.89,26150.0,534.0,404.1
KSBBL,2/24/2022,495.0,500.0,485.0,487.0,-2.7,37722.0,534.0,404.1
KSBBL,2/27/2022,490.0,490.0,474.0,480.2,-1.4,34975.0,534.0,404.1
KSBBL,2/28/2022,489.0,498.0,472.0,474.0,-1.29,44148.0,534.0,404.1
KSBBL,3/2/2022,471.0,472.0,454.0,457.0,-3.59,41214.0,534.0,404.1
KSBBL,3/6/2022,458.0,475.0,455.0,462.5,1.2,46128.0,534.0,404.1
KSBBL,3/7/2022,465.0,473.9,458.0,459.0,-0.76,23220.0,534.0,404.1
KSBBL,3/9/2022,460.0,466.0,448.0,448.1,-2.37,33844.0,534.0,404.1
KSBBL,3/10/2022,444.0,476.4,444.0,476.4,6.32,32422.0,534.0,404.1
KSBBL,3/13/2022,480.0,508.0,480.0,500.0,4.95,70560.0,534.0,404.1
KSBBL,3/14/2022,505.0,509.9,491.0,500.0,0.0,16544.0,534.0,404.1
KSBBL,3/15/2022,503.0,503.0,490.0,497.0,-0.6,35491.0,534.0,404.1
KSBBL,3/16/2022,497.0,505.0,488.0,490.0,-1.41,30045.0,534.0,404.1
KSBBL,3/20/2022,499.0,500.0,484.0,485.0,-1.02,20384.0,534.0,404.1
KSBBL,3/21/2022,492.0,507.0,482.0,502.1,3.53,36616.0,534.0,404.1
KSBBL,3/22/2022,506.0,515.0,505.0,507.0,0.98,42177.0,534.0,404.1
KSBBL,3/23/2022,500.0,506.0,498.3,502.0,-0.99,25557.0,534.0,404.1
KSBBL,3/24/2022,510.0,510.0,490.0,493.0,-1.79,29584.0,534.0,404.1
KSBBL,3/27/2022,495.0,495.0,473.9,474.0,-3.85,45538.0,534.0,404.1
KSBBL,3/28/2022,467.0,485.0,467.0,471.0,-0.63,26610.0,534.0,404.1
KSBBL,3/29/2022,474.0,480.4,463.0,467.0,-0.85,24634.0,534.0,404.1
KSBBL,3/30/2022,475.0,486.0,464.2,486.0,4.07,24122.0,534.0,404.1
KSBBL,3/31/2022,488.0,491.0,467.0,471.0,-3.09,23306.0,534.0,404.1
KSBBL,4/3/2022,472.0,472.0,463.0,465.0,-1.27,19620.0,534.0,404.1
KSBBL,4/4/2022,466.0,474.0,463.2,465.0,0.0,20593.0,534.0,404.1
KSBBL,4/5/2022,460.0,465.0,450.0,457.0,-1.72,51150.0,534.0,404.1
KSBBL,4/6/2022,451.0,461.0,439.0,449.0,-1.75,30197.0,534.0,404.1
KSBBL,4/7/2022,450.0,460.0,448.0,456.0,1.56,20804.0,534.0,404.1
KSBBL,4/11/2022,465.0,473.0,446.1,446.9,-2.0,27320.0,534.0,404.1
KSBBL,4/12/2022,447.0,447.0,438.0,439.1,-1.75,22265.0,534.0,404.1
KSBBL,4/13/2022,440.5,452.0,434.9,447.5,1.91,18498.0,534.0,404.1
KSBBL,4/17/2022,454.0,455.0,440.0,440.0,-1.68,14612.0,534.0,404.1
KSBBL,4/18/2022,443.0,443.0,428.0,430.1,-2.25,22143.0,534.0,404.1
KSBBL,4/19/2022,438.6,439.9,417.7,430.3,0.05,16452.0,534.0,404.1
KSBBL,4/20/2022,438.9,438.9,413.0,413.0,-4.02,19411.0,534.0,404.1
KSBBL,4/21/2022,413.0,425.0,402.0,420.0,1.69,21678.0,534.0,404.1
KSBBL,4/24/2022,428.0,462.0,420.0,455.0,8.33,35395.0,534.0,404.1
KSBBL,4/25/2022,461.0,464.0,441.0,441.0,-3.08,25532.0,534.0,404.1
KSBBL,4/26/2022,448.5,448.5,430.0,435.0,-1.36,12636.0,534.0,404.1
KSBBL,4/27/2022,435.0,445.0,428.0,445.0,2.3,18245.0,534.0,404.1
KSBBL,4/28/2022,445.0,451.0,432.0,432.3,-2.85,23973.0,534.0,404.1
KSBBL,5/2/2022,424.0,431.0,414.8,421.0,-2.61,17464.0,534.0,404.1
KSBBL,5/4/2022,421.0,424.8,410.5,412.0,-2.14,22108.0,534.0,404.1
KSBBL,5/5/2022,409.0,417.1,401.8,408.0,-0.97,24848.0,534.0,404.1
KSBBL,5/8/2022,408.0,414.0,394.0,413.0,1.23,38756.0,534.0,404.1
KSBBL,5/9/2022,416.0,420.9,405.0,410.0,-0.73,27473.0,534.0,404.1
KSBBL,5/10/2022,409.0,425.0,409.0,422.0,2.93,24909.0,534.0,404.1
KSBBL,5/11/2022,422.0,437.9,422.0,435.0,3.08,28367.0,534.0,404.1
KSBBL,5/12/2022,430.0,443.0,421.0,422.0,-2.99,32483.0,534.0,404.1
KSBBL,5/17/2022,414.0,421.0,405.8,405.8,-3.84,21058.0,534.0,404.1
KSBBL,5/18/2022,401.0,415.0,400.0,410.6,1.18,18985.0,534.0,404.1
KSBBL,5/19/2022,404.5,415.0,403.1,405.0,-1.36,17359.0,534.0,404.1
KSBBL,5/20/2022,403.3,409.0,398.0,401.0,-0.99,22536.0,534.0,404.1
KSBBL,5/23/2022,399.0,407.0,393.5,396.2,-1.2,17248.0,534.0,404.1
KSBBL,5/24/2022,400.0,410.0,398.0,402.5,1.59,23799.0,534.0,404.1
KSBBL,5/25/2022,410.5,413.0,400.0,404.0,0.37,11417.0,534.0,404.1
KSBBL,5/26/2022,407.0,410.1,398.0,401.8,-0.54,17717.0,534.0,404.1
KSBBL,5/27/2022,405.0,405.0,396.0,398.0,-0.95,13275.0,534.0,404.1
KSBBL,5/30/2022,398.0,398.0,383.0,385.2,-3.22,28755.0,534.0,404.1
KSBBL,5/31/2022,385.0,389.0,374.0,374.1,-2.88,24464.0,534.0,404.1
KSBBL,6/1/2022,380.0,385.0,375.1,380.0,1.58,15181.0,534.0,404.1
KSBBL,6/2/2022,373.1,388.9,373.0,377.0,-0.79,10906.0,534.0,404.1
KSBBL,6/3/2022,380.0,380.0,372.4,373.6,-0.9,25343.0,534.0,404.1
KSBBL,6/6/2022,380.9,388.0,370.5,376.2,0.7,16319.0,534.0,404.1
KSBBL,6/7/2022,379.0,379.0,356.8,362.0,-3.77,43121.0,534.0,404.1
KSBBL,6/8/2022,366.0,382.0,360.0,370.0,2.21,24201.0,534.0,404.1
KSBBL,6/9/2022,374.0,380.0,359.0,359.0,-2.97,57171.0,534.0,404.1
KSBBL,6/10/2022,354.2,361.0,352.2,357.1,-0.53,18469.0,534.0,404.1
KSBBL,6/13/2022,364.2,370.0,351.0,352.0,-1.43,12814.0,534.0,404.1
KSBBL,6/14/2022,355.0,358.0,341.1,342.0,-2.84,24694.0,534.0,404.1
KSBBL,6/15/2022,338.0,344.0,330.9,336.0,-1.75,36349.0,534.0,404.1
KSBBL,6/16/2022,336.0,349.9,335.2,338.0,0.6,18243.0,534.0,404.1
KSBBL,6/17/2022,333.0,343.0,333.0,338.0,0.0,8021.0,534.0,404.1
KSBBL,6/19/2022,338.0,339.0,325.0,325.0,-3.85,17950.0,534.0,404.1
KSBBL,6/20/2022,320.0,322.0,310.0,314.0,-3.38,40431.0,534.0,404.1
KSBBL,6/21/2022,314.0,330.0,313.4,324.1,3.22,26347.0,534.0,404.1
KSBBL,6/22/2022,324.1,324.1,313.0,319.9,-1.3,9788.0,534.0,404.1
KSBBL,6/23/2022,315.0,315.0,304.1,308.0,-3.72,19918.0,534.0,404.1
KSBBL,6/24/2022,308.0,320.0,296.1,315.0,2.27,36759.0,534.0,404.1
KSBBL,6/26/2022,321.3,341.0,318.0,339.5,7.78,33688.0,534.0,404.1
KSBBL,6/27/2022,344.0,350.0,326.0,328.0,-3.39,49572.0,534.0,404.1
KSBBL,6/28/2022,321.5,328.0,320.0,324.0,-1.22,14346.0,534.0,404.1
KSBBL,6/29/2022,330.0,347.0,320.0,341.0,5.25,35432.0,534.0,404.1
KSBBL,6/30/2022,337.8,363.0,337.8,362.0,6.16,49556.0,534.0,404.1
KSBBL,7/1/2022,365.0,369.2,350.0,355.8,-1.71,28667.0,534.0,404.1
KSBBL,7/3/2022,350.0,370.0,348.0,369.0,3.71,40526.0,534.0,404.1
KSBBL,7/4/2022,370.0,389.0,350.0,362.0,-1.9,72505.0,534.0,404.1
KSBBL,7/5/2022,355.0,373.0,346.0,348.0,-3.87,50111.0,534.0,404.1
KSBBL,7/6/2022,345.0,356.0,338.0,355.0,2.01,34920.0,534.0,404.1
KSBBL,7/7/2022,362.1,369.3,349.7,352.0,-0.85,29375.0,534.0,404.1
KSBBL,7/8/2022,352.0,353.0,340.0,342.0,-2.84,13793.0,534.0,404.1
KSBBL,7/11/2022,337.0,337.1,326.0,327.9,-4.12,126886.0,534.0,404.1
KSBBL,7/12/2022,331.0,333.9,314.0,324.0,-1.19,54560.0,534.0,404.1
KSBBL,7/13/2022,329.5,344.9,329.5,343.0,5.86,35146.0,534.0,404.1
KSBBL,7/14/2022,348.0,358.0,339.0,349.0,1.75,39591.0,534.0,404.1
KSBBL,7/15/2022,342.1,355.9,339.1,349.9,0.26,105800.0,534.0,404.1
KSBBL,7/17/2022,356.0,356.0,344.2,351.0,0.31,26384.0,534.0,404.1
KSBBL,7/18/2022,351.0,358.0,346.0,356.0,1.42,13610.0,534.0,404.1
KSBBL,7/19/2022,360.0,367.0,353.0,360.9,1.38,32178.0,534.0,404.1
KSBBL,7/20/2022,361.0,365.8,355.0,359.0,-0.53,31994.0,534.0,404.1
KSBBL,7/21/2022,360.0,362.0,353.0,354.0,-1.39,29149.0,534.0,404.1
KSBBL,7/22/2022,350.0,356.0,343.1,346.0,-2.26,13250.0,534.0,404.1
KSBBL,7/24/2022,352.0,365.0,348.0,365.0,5.49,87898.0,534.0,404.1
KSBBL,7/25/2022,372.3,392.0,368.0,392.0,7.4,80123.0,534.0,404.1
KSBBL,7/26/2022,391.0,398.0,376.6,378.0,-3.57,74353.0,534.0,404.1
KSBBL,7/27/2022,371.0,390.6,365.0,385.0,1.85,78332.0,534.0,404.1
KSBBL,7/28/2022,392.0,400.0,370.0,390.0,1.3,93032.0,534.0,404.1
KSBBL,7/29/2022,384.0,415.0,382.2,408.0,4.62,91018.0,534.0,404.1
KSBBL,7/31/2022,413.0,424.0,405.1,412.0,0.98,123793.0,534.0,404.1
KSBBL,8/1/2022,417.0,417.0,401.2,403.0,-2.18,77556.0,534.0,404.1
KSBBL,8/2/2022,404.0,411.0,396.0,400.0,-0.74,66743.0,534.0,404.1
KSBBL,8/3/2022,401.4,412.0,397.1,399.0,-0.25,43460.0,534.0,404.1
KSBBL,8/4/2022,400.0,403.0,385.0,386.0,-3.26,64237.0,534.0,404.1
KSBBL,8/5/2022,386.0,390.0,374.0,378.9,-1.84,45411.0,534.0,404.1
KSBBL,8/7/2022,378.0,390.0,375.0,378.0,-0.24,55144.0,534.0,404.1
KSBBL,8/8/2022,385.0,386.0,367.0,371.9,-1.61,43657.0,534.0,404.1
KSBBL,8/9/2022,371.9,373.0,354.0,354.1,-4.79,66582.0,534.0,404.1
KSBBL,8/10/2022,350.0,358.9,346.6,352.0,-0.59,51957.0,534.0,404.1
KSBBL,8/11/2022,353.0,358.0,343.0,343.0,-2.56,31258.0,534.0,404.1
KSBBL,8/14/2022,348.0,349.7,337.5,338.0,-1.46,22988.0,534.0,404.1
KSBBL,8/15/2022,340.0,363.9,340.0,363.0,7.4,47979.0,534.0,404.1
KSBBL,8/16/2022,366.0,370.0,351.0,351.0,-3.31,57674.0,534.0,404.1
KSBBL,8/17/2022,352.0,360.0,347.0,354.0,0.85,24061.0,534.0,404.1
KSBBL,8/18/2022,360.0,370.0,354.0,367.0,3.67,47077.0,534.0,404.1
KSBBL,8/21/2022,372.0,379.4,363.1,363.1,-1.06,37369.0,534.0,404.1
KSBBL,8/22/2022,360.0,368.0,357.0,361.5,-0.44,44190.0,534.0,404.1
KSBBL,8/23/2022,367.0,367.0,356.0,360.0,-0.41,17094.0,534.0,404.1
KSBBL,8/24/2022,361.0,367.0,360.0,361.0,0.28,19118.0,534.0,404.1
KSBBL,8/25/2022,360.0,366.0,353.0,355.0,-1.66,24955.0,534.0,404.1
KSBBL,8/26/2022,355.0,355.0,345.0,347.0,-2.25,21119.0,534.0,404.1
KSBBL,8/28/2022,347.0,347.0,333.2,334.1,-3.72,45091.0,534.0,404.1
KSBBL,8/29/2022,334.3,342.0,332.3,342.0,2.36,21353.0,534.0,404.1
KSBBL,8/30/2022,348.0,348.0,341.0,346.0,1.17,26505.0,534.0,404.1
KSBBL,8/31/2022,351.9,351.9,335.0,336.0,-2.89,17328.0,534.0,404.1
KSBBL,9/1/2022,336.0,346.8,331.0,339.0,0.89,17783.0,534.0,404.1
KSBBL,9/2/2022,340.0,344.9,334.1,336.0,-0.88,9690.0,534.0,404.1
KSBBL,9/4/2022,340.0,342.7,336.5,339.0,0.89,15664.0,534.0,404.1
KSBBL,9/5/2022,344.0,344.0,335.2,337.9,-0.32,11634.0,534.0,404.1
KSBBL,9/6/2022,340.0,340.0,332.1,336.5,-0.41,6518.0,534.0,404.1
KSBBL,9/7/2022,334.0,334.0,328.5,330.0,-1.93,21852.0,534.0,404.1
KSBBL,9/8/2022,330.0,336.0,325.0,332.5,0.76,22290.0,534.0,404.1
KSBBL,9/11/2022,339.0,339.0,325.9,325.9,-1.98,9527.0,534.0,404.1
KSBBL,9/12/2022,325.0,330.0,323.0,327.0,0.34,11583.0,534.0,404.1
KSBBL,9/13/2022,328.0,338.0,328.0,333.0,1.83,17773.0,534.0,404.1
KSBBL,9/14/2022,333.0,350.0,333.0,347.0,4.2,32269.0,534.0,404.1
KSBBL,9/15/2022,347.0,350.0,327.5,329.4,-5.07,36791.0,534.0,404.1
KSBBL,9/16/2022,322.9,326.9,312.0,325.0,-1.34,40234.0,534.0,404.1
KSBBL,9/18/2022,320.0,322.0,313.6,314.0,-3.38,26552.0,534.0,404.1
KSBBL,9/20/2022,313.0,315.0,301.9,303.0,-3.5,27535.0,534.0,404.1
KSBBL,9/21/2022,309.0,316.0,305.8,310.9,2.61,15688.0,534.0,404.1
KSBBL,9/22/2022,310.5,315.0,302.0,303.0,-2.54,17515.0,534.0,404.1
KSBBL,9/25/2022,300.0,310.0,300.0,301.0,-0.66,18634.0,534.0,404.1
KSBBL,9/27/2022,306.0,313.0,301.1,308.0,2.33,8741.0,534.0,404.1
KSBBL,9/28/2022,310.0,314.0,306.1,307.0,-0.32,6042.0,534.0,404.1
KSBBL,9/29/2022,312.0,312.0,306.3,309.0,0.65,11688.0,534.0,404.1
KSBBL,10/9/2022,315.0,325.0,315.0,323.0,4.53,18077.0,534.0,404.1
KSBBL,10/10/2022,324.0,327.9,310.0,313.0,-3.1,21931.0,534.0,404.1
KSBBL,10/11/2022,317.0,317.0,308.0,310.0,-0.96,10825.0,534.0,404.1
KSBBL,10/12/2022,310.0,321.5,305.2,320.0,3.23,23217.0,534.0,404.1
KSBBL,10/13/2022,324.0,326.4,320.0,321.9,0.59,10007.0,534.0,404.1
KSBBL,10/16/2022,328.0,328.0,312.0,313.0,-2.76,9183.0,534.0,404.1
KSBBL,10/17/2022,312.0,313.5,309.6,312.9,-0.03,10052.0,534.0,404.1
KSBBL,10/19/2022,316.5,316.5,303.9,306.0,-2.21,13333.0,534.0,404.1
KSBBL,10/20/2022,303.0,309.0,301.0,305.6,-0.13,10027.0,534.0,404.1
KSBBL,10/23/2022,311.0,311.0,306.0,310.1,1.47,4347.0,534.0,404.1
KSBBL,10/31/2022,310.0,310.0,300.0,301.1,-2.9,27227.0,534.0,404.1
KSBBL,11/1/2022,306.0,319.9,299.0,319.9,6.24,25697.0,534.0,404.1
KSBBL,11/2/2022,321.0,324.5,313.6,319.0,-0.28,22066.0,534.0,404.1
KSBBL,11/3/2022,320.0,320.0,310.0,311.0,-2.51,13120.0,534.0,404.1
KSBBL,11/6/2022,312.0,321.3,310.0,321.0,3.22,19843.0,534.0,404.1
KSBBL,11/7/2022,325.0,326.4,315.8,315.8,-1.62,28624.0,534.0,404.1
KSBBL,11/8/2022,319.5,319.5,311.0,312.1,-1.17,15872.0,534.0,404.1
KSBBL,11/9/2022,311.5,317.0,303.8,303.8,-2.66,19443.0,534.0,404.1
KSBBL,11/10/2022,309.8,309.8,299.3,300.0,-1.25,37408.0,534.0,404.1
KSBBL,11/13/2022,300.0,306.0,297.3,298.0,-0.67,20817.0,534.0,404.1
KSBBL,11/14/2022,302.0,306.0,298.0,305.0,2.35,12621.0,534.0,404.1
KSBBL,11/15/2022,306.0,307.0,300.0,302.9,-0.69,13798.0,534.0,404.1
KSBBL,11/16/2022,308.0,309.0,304.1,307.0,1.35,10304.0,534.0,404.1
KSBBL,11/17/2022,310.0,315.0,310.0,312.0,1.63,20119.0,534.0,404.1
KSBBL,11/22/2022,315.0,316.0,306.0,308.0,-1.28,8207.0,534.0,404.1
KSBBL,11/23/2022,301.9,308.0,301.9,307.5,-0.16,8232.0,534.0,404.1
KSBBL,11/24/2022,305.0,315.0,304.0,315.0,2.44,10161.0,534.0,404.1
KSBBL,11/27/2022,321.0,321.0,312.0,318.0,0.95,29358.0,534.0,404.1
KSBBL,11/28/2022,315.0,321.0,312.0,313.9,-1.29,17693.0,534.0,404.1
KSBBL,11/29/2022,309.0,316.3,308.9,316.3,0.76,13704.0,534.0,404.1
KSBBL,11/30/2022,319.0,319.0,309.1,312.5,-1.2,10790.0,534.0,404.1
KSBBL,12/1/2022,313.0,317.9,310.0,312.0,-0.16,17468.0,534.0,404.1
KSBBL,12/4/2022,313.1,318.8,310.0,311.0,-0.32,27401.0,534.0,404.1
KSBBL,12/5/2022,311.0,317.2,307.0,309.0,-0.64,19858.0,534.0,404.1
KSBBL,12/6/2022,305.1,312.0,305.1,309.0,0.0,11795.0,534.0,404.1
KSBBL,12/7/2022,308.0,309.0,305.0,305.0,-1.29,13320.0,534.0,404.1
KSBBL,12/11/2022,303.0,305.0,300.4,302.9,-0.69,18115.0,534.0,404.1
KSBBL,12/12/2022,302.0,308.0,302.0,307.9,1.65,15818.0,534.0,404.1
KSBBL,12/13/2022,306.0,310.0,305.0,307.0,-0.29,6801.0,534.0,404.1
KSBBL,12/14/2022,306.0,307.0,304.2,306.0,-0.33,4757.0,534.0,404.1
KSBBL,12/15/2022,301.3,305.0,301.3,302.9,-1.01,6577.0,534.0,404.1
KSBBL,12/18/2022,300.0,304.8,297.0,297.5,-1.78,15387.0,534.0,404.1
KSBBL,12/19/2022,295.0,302.0,292.0,296.0,-0.5,14200.0,534.0,404.1
KSBBL,12/20/2022,295.0,305.0,295.0,300.0,1.35,12597.0,534.0,404.1
KSBBL,12/21/2022,300.0,302.0,297.1,299.0,-0.33,13469.0,534.0,404.1
KSBBL,12/22/2022,295.0,298.0,295.0,296.5,-0.84,7202.0,534.0,404.1
KSBBL,12/26/2022,301.0,309.7,298.2,308.0,3.88,53880.0,534.0,404.1
KSBBL,12/27/2022,314.0,318.9,308.7,312.0,1.3,48227.0,534.0,404.1
KSBBL,12/28/2022,312.0,316.8,306.2,309.0,-0.96,24102.0,534.0,404.1
KSBBL,12/29/2022,315.0,324.1,305.0,322.5,4.37,54457.0,534.0,404.1
KSBBL,1/1/2023,328.9,339.0,317.0,324.0,0.47,84194.0,534.0,404.1
KSBBL,1/2/2023,321.0,330.1,321.0,328.0,1.23,31838.0,534.0,404.1
KSBBL,1/3/2023,328.0,334.2,322.0,324.3,-1.13,34859.0,534.0,404.1
KSBBL,1/4/2023,327.0,342.7,325.0,340.5,5.0,54466.0,534.0,404.1
KSBBL,1/5/2023,347.0,347.2,328.3,337.3,-0.94,65147.0,534.0,404.1
KSBBL,1/8/2023,339.0,360.0,331.0,343.1,1.72,91842.0,534.0,404.1
KSBBL,1/9/2023,342.0,360.0,342.0,359.0,4.63,81937.0,534.0,404.1
KSBBL,1/10/2023,365.0,381.0,351.9,358.0,-0.28,146772.0,534.0,404.1
KSBBL,1/12/2023,365.1,372.5,340.0,343.0,-4.19,101169.0,534.0,404.1
KSBBL,1/17/2023,345.0,360.0,339.0,351.1,2.36,55268.0,534.0,404.1
KSBBL,1/18/2023,358.0,368.2,351.1,366.0,4.24,175894.0,534.0,404.1
KSBBL,1/19/2023,365.0,374.9,360.7,365.0,-0.27,80932.0,534.0,404.1
KSBBL,1/23/2023,357.7,364.0,347.1,349.0,-4.38,125414.0,534.0,404.1
KSBBL,1/24/2023,342.3,352.0,339.0,350.0,0.29,51674.0,534.0,404.1
KSBBL,1/25/2023,345.0,356.0,339.0,344.1,-1.69,69126.0,534.0,404.1
KSBBL,1/26/2023,350.0,350.0,338.0,339.0,-1.48,36146.0,534.0,404.1
KSBBL,1/29/2023,338.0,345.0,333.0,335.3,-1.09,40166.0,534.0,404.1
KSBBL,1/30/2023,332.0,338.5,323.1,325.0,-3.07,48238.0,534.0,404.1
KSBBL,1/31/2023,320.1,330.0,320.0,323.5,-0.46,45762.0,534.0,404.1
KSBBL,2/1/2023,324.0,333.0,324.0,328.9,1.67,23916.0,534.0,404.1
KSBBL,2/2/2023,328.9,328.9,319.0,322.9,-1.82,32717.0,534.0,404.1
KSBBL,2/5/2023,322.0,327.0,317.1,324.5,0.5,37724.0,534.0,404.1
KSBBL,2/6/2023,318.7,327.0,318.7,324.5,0.0,18792.0,534.0,404.1
KSBBL,2/7/2023,326.0,343.0,326.0,343.0,5.7,45490.0,534.0,404.1
KSBBL,2/8/2023,348.9,351.0,336.2,336.3,-1.95,47173.0,534.0,404.1
KSBBL,2/9/2023,336.3,343.9,335.0,342.0,1.69,26359.0,534.0,404.1
KSBBL,2/12/2023,336.0,341.0,325.1,326.0,-4.68,48830.0,534.0,404.1
KSBBL,2/14/2023,329.9,330.0,325.1,326.0,0.0,13289.0,534.0,404.1
KSBBL,2/15/2023,326.0,329.0,322.0,324.0,-0.61,20042.0,534.0,404.1
KSBBL,2/16/2023,321.1,326.9,318.4,318.5,-1.7,27500.0,534.0,404.1
KSBBL,2/20/2023,319.0,321.0,316.0,317.0,-0.47,14981.0,534.0,404.1
KSBBL,2/22/2023,318.0,329.0,318.0,329.0,3.79,17318.0,534.0,404.1
KSBBL,2/23/2023,322.5,335.0,317.1,320.0,-2.74,21453.0,534.0,404.1
KSBBL,2/26/2023,319.0,327.0,308.0,323.9,1.22,35709.0,534.0,404.1
KSBBL,2/27/2023,330.0,330.0,314.0,322.9,-0.31,20183.0,534.0,404.1
KSBBL,2/28/2023,323.5,324.0,319.0,320.0,-0.9,5939.0,534.0,404.1
KSBBL,3/1/2023,319.1,320.9,315.0,315.0,-1.56,6131.0,534.0,404.1
KSBBL,3/2/2023,315.0,316.0,310.0,311.0,-1.27,15255.0,534.0,404.1
KSBBL,3/5/2023,310.0,314.0,308.0,309.0,-0.64,19481.0,534.0,404.1
KSBBL,3/7/2023,314.9,319.0,309.0,316.0,2.27,13688.0,534.0,404.1
KSBBL,3/9/2023,322.3,325.0,317.1,323.0,2.22,22316.0,534.0,404.1
KSBBL,3/12/2023,327.9,327.9,315.0,315.0,-2.48,22031.0,534.0,404.1
KSBBL,3/13/2023,318.9,318.9,311.2,315.8,0.25,2452.0,534.0,404.1
KSBBL,3/14/2023,316.0,320.0,310.4,314.0,-0.57,7329.0,534.0,404.1
KSBBL,3/15/2023,314.1,314.9,310.0,312.0,-0.64,8315.0,534.0,404.1
KSBBL,3/16/2023,308.2,313.9,308.0,312.9,0.29,12195.0,534.0,404.1
KSBBL,3/19/2023,311.0,318.0,307.4,313.1,0.06,6171.0,534.0,404.1
KSBBL,3/20/2023,317.0,318.9,312.0,316.0,0.93,6480.0,534.0,404.1
KSBBL,3/22/2023,314.0,318.9,312.0,313.0,-0.95,9668.0,534.0,404.1
KSBBL,3/23/2023,312.0,312.9,307.0,309.0,-1.28,23397.0,534.0,404.1
KSBBL,3/26/2023,305.0,309.5,304.3,306.0,-0.97,13918.0,534.0,404.1
KSBBL,3/27/2023,306.0,314.0,303.0,313.0,2.29,23343.0,534.0,404.1
KSBBL,3/28/2023,317.0,317.0,308.0,313.0,0.0,19984.0,534.0,404.1
KSBBL,3/29/2023,310.0,313.0,308.0,308.6,-1.41,4962.0,534.0,404.1
KSBBL,3/30/2023,309.6,314.0,308.5,313.0,1.43,17538.0,534.0,404.1
KSBBL,4/2/2023,313.0,314.0,300.0,304.0,-2.88,33862.0,534.0,404.1
KSBBL,4/3/2023,302.0,304.9,298.0,300.9,-1.02,11768.0,534.0,404.1
KSBBL,4/4/2023,300.0,305.0,297.0,301.0,0.03,8251.0,534.0,404.1
KSBBL,4/5/2023,301.0,306.0,296.0,300.0,-0.33,13508.0,534.0,404.1
KSBBL,4/6/2023,305.0,306.0,297.0,297.0,-1.0,8760.0,534.0,404.1
KSBBL,4/9/2023,295.1,295.3,289.0,291.4,-1.89,20138.0,534.0,404.1
KSBBL,4/10/2023,297.1,297.1,292.0,295.0,1.24,7233.0,534.0,404.1
KSBBL,4/11/2023,292.0,303.0,292.0,300.0,1.69,9555.0,534.0,404.1
KSBBL,4/12/2023,301.0,320.0,301.0,319.0,6.33,27652.0,534.0,404.1
KSBBL,4/13/2023,325.0,325.0,309.1,310.0,-2.82,20206.0,534.0,404.1
KSBBL,4/16/2023,310.0,316.0,305.5,311.0,0.32,7717.0,534.0,404.1
KSBBL,4/17/2023,308.0,311.0,304.0,304.0,-2.25,9658.0,534.0,404.1
KSBBL,4/18/2023,302.0,307.9,300.0,301.0,-0.99,7511.0,534.0,404.1
KSBBL,4/19/2023,300.0,306.0,300.0,305.0,1.33,17787.0,534.0,404.1
KSBBL,4/20/2023,300.0,306.0,300.0,301.0,-1.31,6824.0,534.0,404.1
KSBBL,4/23/2023,297.1,300.0,296.1,297.0,-1.33,6157.0,534.0,404.1
KSBBL,4/24/2023,295.5,303.0,295.0,301.0,1.35,6767.0,534.0,404.1
KSBBL,4/25/2023,301.1,308.0,298.0,306.0,1.66,7660.0,534.0,404.1
KSBBL,4/26/2023,307.0,308.0,300.0,300.0,-1.96,13396.0,534.0,404.1
KSBBL,4/27/2023,300.0,306.0,297.0,300.8,0.27,22469.0,534.0,404.1
KSBBL,4/30/2023,293.8,293.8,288.1,292.0,-2.93,10092.0,534.0,404.1
KSBBL,5/2/2023,295.1,296.0,288.0,291.6,-0.14,5344.0,534.0,404.1
KSBBL,5/3/2023,290.0,291.5,288.0,288.5,-1.06,7280.0,534.0,404.1
KSBBL,5/4/2023,288.0,293.0,287.0,287.6,-0.31,10470.0,534.0,404.1
KSBBL,5/7/2023,287.0,291.0,285.0,285.0,-0.9,7519.0,534.0,404.1
KSBBL,5/8/2023,285.0,289.0,281.4,288.0,1.05,15375.0,534.0,404.1
KSBBL,5/9/2023,290.0,296.8,285.0,296.8,3.06,14309.0,534.0,404.1
KSBBL,5/10/2023,295.0,299.5,288.0,299.5,0.91,6518.0,534.0,404.1
KSBBL,5/11/2023,295.0,295.0,289.2,290.0,-3.17,5121.0,534.0,404.1
KSBBL,5/14/2023,292.0,292.0,279.5,280.0,-3.45,21387.0,534.0,404.1
KSBBL,5/15/2023,277.7,285.6,275.0,280.0,0.0,20282.0,534.0,404.1
KSBBL,5/16/2023,279.0,280.0,275.1,277.0,-1.07,29254.0,534.0,404.1
KSBBL,5/17/2023,277.0,288.0,277.0,286.0,3.25,9381.0,534.0,404.1
KSBBL,5/18/2023,287.0,298.8,287.0,290.0,1.4,21672.0,534.0,404.1
KSBBL,5/21/2023,295.8,297.0,288.0,292.9,1.0,18693.0,534.0,404.1
KSBBL,5/22/2023,287.4,296.6,287.3,294.0,0.38,10901.0,534.0,404.1
KSBBL,5/23/2023,297.5,305.0,295.2,303.0,3.06,24687.0,534.0,404.1
KSBBL,5/24/2023,302.9,305.5,297.0,301.0,-0.66,15184.0,534.0,404.1
KSBBL,5/28/2023,300.0,309.0,295.0,299.0,-0.66,34836.0,534.0,404.1
KSBBL,5/30/2023,293.5,295.0,289.0,292.4,-2.21,12632.0,534.0,404.1
KSBBL,5/31/2023,289.1,294.0,283.0,283.0,-3.21,19317.0,534.0,404.1
KSBBL,6/1/2023,280.2,288.0,279.0,283.0,0.0,16641.0,534.0,404.1
KSBBL,6/4/2023,288.6,300.0,282.9,297.6,5.16,13081.0,534.0,404.1
KSBBL,6/5/2023,297.0,302.9,291.2,291.2,-2.15,15978.0,534.0,404.1
KSBBL,6/6/2023,295.0,295.0,290.1,295.0,1.3,10947.0,534.0,404.1
KSBBL,6/7/2023,300.0,308.0,298.1,305.0,3.39,122482.0,534.0,404.1
KSBBL,6/8/2023,304.0,318.0,302.0,313.2,2.69,44499.0,534.0,404.1
KSBBL,6/11/2023,315.0,328.0,315.0,326.0,4.09,71322.0,534.0,404.1
KSBBL,6/12/2023,327.0,330.0,318.0,320.0,-1.84,39727.0,534.0,404.1
KSBBL,6/13/2023,315.2,326.0,314.1,322.0,0.63,42458.0,534.0,404.1
KSBBL,6/14/2023,322.2,328.0,316.1,321.9,-0.03,44740.0,534.0,404.1
KSBBL,6/15/2023,321.8,325.0,317.0,323.0,0.34,29735.0,534.0,404.1
KSBBL,6/18/2023,324.0,332.0,320.0,326.2,0.99,42167.0,534.0,404.1
KSBBL,6/19/2023,326.2,340.5,326.2,334.0,2.39,67201.0,534.0,404.1
KSBBL,6/20/2023,340.0,350.0,326.0,328.0,-1.8,83267.0,534.0,404.1
KSBBL,6/21/2023,332.0,333.9,322.0,322.6,-1.65,30678.0,534.0,404.1
KSBBL,6/22/2023,321.1,328.0,318.0,322.0,-0.19,33360.0,534.0,404.1
KSBBL,6/25/2023,322.0,342.0,321.4,337.0,4.66,72461.0,534.0,404.1
KSBBL,6/26/2023,343.0,349.0,331.0,341.7,1.39,61494.0,534.0,404.1
KSBBL,6/27/2023,346.0,359.9,333.0,343.0,0.38,122561.0,534.0,404.1
KSBBL,6/28/2023,348.0,351.9,333.1,333.3,-2.83,54805.0,534.0,404.1
KSBBL,7/2/2023,335.0,335.0,325.0,325.0,-2.49,45229.0,534.0,404.1
KSBBL,7/3/2023,331.0,331.0,320.0,320.9,-1.26,43154.0,534.0,404.1
KSBBL,7/4/2023,327.0,333.8,318.7,324.5,1.12,36903.0,534.0,404.1
KSBBL,7/5/2023,323.0,326.0,316.0,317.0,-2.31,28327.0,534.0,404.1
KSBBL,7/6/2023,315.1,324.3,313.6,316.0,-0.32,25358.0,534.0,404.1
KSBBL,7/9/2023,322.3,324.9,314.2,319.0,0.95,38658.0,534.0,404.1
KSBBL,7/10/2023,320.0,327.0,318.0,320.0,0.31,47646.0,534.0,404.1
KSBBL,7/11/2023,320.0,337.5,318.0,334.0,4.37,71437.0,534.0,404.1
KSBBL,7/12/2023,335.0,339.0,331.0,336.0,0.6,28294.0,534.0,404.1
KSBBL,7/13/2023,341.8,341.8,327.0,330.0,-1.79,43541.0,534.0,404.1
KSBBL,7/16/2023,324.2,336.6,324.2,327.0,-0.91,14094.0,534.0,404.1
KSBBL,7/17/2023,322.0,345.0,322.0,345.0,5.5,101357.0,534.0,404.1
KSBBL,7/18/2023,351.0,352.0,339.0,342.0,-0.87,72520.0,534.0,404.1
KSBBL,7/19/2023,340.2,352.0,340.2,349.0,2.05,128346.0,534.0,404.1
KSBBL,7/20/2023,355.0,361.9,350.0,359.3,2.95,150982.0,534.0,404.1
KSBBL,7/23/2023,360.0,380.0,355.0,380.0,5.76,213038.0,534.0,404.1
KSBBL,7/24/2023,380.0,380.0,363.2,364.0,-4.21,209585.0,534.0,404.1
KSBBL,7/25/2023,363.0,363.0,351.3,355.0,-2.47,117393.0,534.0,404.1
KSBBL,7/26/2023,361.9,362.0,351.8,357.5,0.7,59442.0,534.0,404.1
KSBBL,7/27/2023,362.0,362.0,351.1,352.5,-1.4,80546.0,534.0,404.1
KSBBL,7/30/2023,353.0,355.0,345.3,347.1,-1.53,42026.0,534.0,404.1
KSBBL,7/31/2023,347.0,354.9,345.0,352.0,1.41,74887.0,534.0,404.1
KSBBL,8/1/2023,357.5,357.5,338.6,344.0,-2.27,40929.0,534.0,404.1
KSBBL,8/2/2023,340.0,350.0,339.0,350.0,1.74,53562.0,534.0,404.1
KSBBL,8/3/2023,355.0,355.0,334.0,336.0,-4.0,98784.0,534.0,404.1
KSBBL,8/6/2023,334.0,334.0,320.0,320.0,-4.76,66578.0,534.0,404.1
KSBBL,8/7/2023,319.0,327.0,317.0,325.0,1.56,34390.0,534.0,404.1
KSBBL,8/8/2023,320.1,325.0,315.3,316.1,-2.74,26725.0,534.0,404.1
KSBBL,8/9/2023,314.0,338.1,312.0,333.0,5.35,43432.0,534.0,404.1
KSBBL,8/10/2023,337.0,337.0,318.3,325.0,-2.4,57554.0,534.0,404.1
KSBBL,8/13/2023,329.9,330.0,322.0,325.0,0.0,24114.0,534.0,404.1
KSBBL,8/14/2023,328.0,328.0,321.0,322.0,-0.92,28431.0,534.0,404.1
KSBBL,8/15/2023,325.0,325.0,315.0,315.0,-2.17,41027.0,534.0,404.1
KSBBL,8/16/2023,315.6,317.7,313.0,314.0,-0.32,19228.0,534.0,404.1
KSBBL,8/17/2023,320.0,320.0,315.0,315.0,0.32,30887.0,534.0,404.1
KSBBL,8/20/2023,314.0,317.0,308.7,312.9,-0.67,19024.0,534.0,404.1
KSBBL,8/21/2023,314.0,317.0,308.2,310.3,-0.83,21498.0,534.0,404.1
KSBBL,8/22/2023,308.2,316.0,308.2,313.5,1.03,23826.0,534.0,404.1
KSBBL,8/23/2023,315.0,320.1,315.0,319.0,1.75,46496.0,534.0,404.1
KSBBL,8/24/2023,315.0,323.7,312.0,313.0,-1.88,31400.0,534.0,404.1
KSBBL,8/27/2023,313.0,313.0,308.3,310.0,-0.96,15348.0,534.0,404.1
KSBBL,8/28/2023,313.9,314.0,307.2,309.0,-0.32,9035.0,534.0,404.1
KSBBL,8/29/2023,310.0,315.0,307.7,308.2,-0.26,8649.0,534.0,404.1
KSBBL,8/30/2023,307.5,310.0,306.1,309.8,0.52,10145.0,534.0,404.1
KSBBL,9/3/2023,311.0,311.0,301.0,304.0,-1.87,14509.0,534.0,404.1
KSBBL,9/4/2023,302.1,305.0,300.0,304.1,0.03,21614.0,534.0,404.1
KSBBL,9/5/2023,302.0,306.0,301.1,306.0,0.62,12715.0,534.0,404.1
KSBBL,9/7/2023,306.0,306.0,300.0,302.0,-1.31,9298.0,534.0,404.1
KSBBL,9/10/2023,300.0,305.0,300.0,303.0,0.33,8832.0,534.0,404.1
KSBBL,9/11/2023,304.0,314.1,303.0,312.0,2.97,13457.0,534.0,404.1
KSBBL,9/12/2023,317.9,317.9,308.0,309.2,-0.9,5511.0,534.0,404.1
KSBBL,9/13/2023,312.0,317.0,305.8,316.0,2.2,22786.0,534.0,404.1
KSBBL,9/17/2023,310.0,315.0,305.0,307.0,-2.85,10553.0,534.0,404.1
KSBBL,9/18/2023,305.1,312.9,305.1,307.4,0.13,4283.0,534.0,404.1
KSBBL,9/19/2023,306.2,309.8,305.5,307.0,-0.13,15524.0,534.0,404.1
KSBBL,9/21/2023,313.0,325.0,312.7,322.0,4.89,54793.0,534.0,404.1
KSBBL,9/24/2023,327.0,330.0,315.0,325.0,0.93,45913.0,534.0,404.1
KSBBL,9/25/2023,320.0,327.0,318.5,320.1,-1.51,74230.0,534.0,404.1
KSBBL,9/26/2023,326.0,327.0,318.0,320.0,-0.03,21067.0,534.0,404.1
KSBBL,9/27/2023,325.0,326.0,315.0,324.0,1.25,91325.0,534.0,404.1
KSBBL,10/1/2023,318.0,320.0,313.4,315.9,-2.5,21641.0,534.0,404.1
KSBBL,10/2/2023,311.0,324.0,310.2,320.5,1.46,38461.0,534.0,404.1
KSBBL,10/3/2023,320.0,320.0,312.0,315.0,-1.72,13508.0,534.0,404.1
KSBBL,10/4/2023,319.0,319.0,313.5,315.0,0.0,7530.0,534.0,404.1
KSBBL,10/5/2023,320.0,320.0,312.6,315.0,0.0,10339.0,534.0,404.1
KSBBL,10/8/2023,311.0,312.8,300.0,307.0,-2.54,46955.0,534.0,404.1
KSBBL,10/9/2023,302.1,309.0,302.0,303.0,-1.3,31562.0,534.0,404.1
KSBBL,10/10/2023,303.0,307.0,301.1,301.3,-0.56,9888.0,534.0,404.1
KSBBL,10/11/2023,303.0,310.0,301.9,308.0,2.22,24541.0,534.0,404.1
KSBBL,10/12/2023,302.0,307.0,297.0,301.0,-2.27,47513.0,534.0,404.1
KSBBL,10/16/2023,300.0,305.0,296.1,296.5,-1.5,17017.0,534.0,404.1
KSBBL,10/17/2023,302.0,305.0,290.6,298.8,0.78,29512.0,534.0,404.1
KSBBL,10/18/2023,299.0,303.5,296.0,301.0,0.74,16241.0,534.0,404.1
KSBBL,10/19/2023,300.0,305.0,300.0,300.1,-0.3,30944.0,534.0,404.1
KSBBL,10/29/2023,302.0,304.8,297.4,298.5,-0.53,9951.0,534.0,404.1
KSBBL,10/30/2023,295.2,300.0,295.0,298.0,-0.17,6130.0,534.0,404.1
KSBBL,10/31/2023,303.9,303.9,292.0,292.0,-2.01,7898.0,534.0,404.1
KSBBL,11/1/2023,297.8,299.0,294.0,294.0,0.68,6439.0,534.0,404.1
KSBBL,11/2/2023,294.0,299.6,293.0,295.0,0.34,12549.0,534.0,404.1
KSBBL,11/5/2023,293.0,296.0,291.1,296.0,0.34,8557.0,534.0,404.1
KSBBL,11/6/2023,295.5,301.0,295.5,296.5,0.17,13977.0,534.0,404.1
KSBBL,11/7/2023,296.0,300.0,296.0,297.2,0.24,6074.0,534.0,404.1
KSBBL,11/8/2023,291.3,297.9,291.3,292.0,-1.75,19282.0,534.0,404.1
KSBBL,11/9/2023,290.4,294.0,290.2,290.5,-0.51,9355.0,534.0,404.1
KSBBL,11/20/2023,284.7,302.0,284.7,292.0,0.52,11330.0,534.0,404.1
KSBBL,11/21/2023,289.0,294.0,286.0,288.0,-1.37,6639.0,534.0,404.1
KSBBL,11/22/2023,285.2,295.0,285.1,288.2,0.07,21033.0,534.0,404.1
KSBBL,11/23/2023,290.0,298.0,289.0,296.0,2.71,11979.0,534.0,404.1
KSBBL,11/26/2023,301.0,305.0,299.1,303.0,2.36,15315.0,534.0,404.1
KSBBL,11/27/2023,305.0,306.9,299.2,302.0,-0.33,26152.0,534.0,404.1
KSBBL,11/28/2023,302.0,304.9,298.0,298.0,-1.32,11803.0,534.0,404.1
KSBBL,11/29/2023,300.0,303.0,296.1,297.2,-0.27,10824.0,534.0,404.1
KSBBL,11/30/2023,301.0,301.0,291.2,292.0,-1.75,14649.0,534.0,404.1
KSBBL,12/3/2023,289.0,298.9,288.2,294.1,0.72,15818.0,534.0,404.1
KSBBL,12/4/2023,294.0,297.9,291.1,291.1,-1.02,6291.0,534.0,404.1
KSBBL,12/5/2023,296.9,296.9,288.0,293.4,0.79,12169.0,534.0,404.1
KSBBL,12/6/2023,288.1,295.0,288.1,291.0,-0.82,6596.0,534.0,404.1
KSBBL,12/7/2023,291.0,298.0,288.2,297.0,2.06,21795.0,534.0,404.1
KSBBL,12/10/2023,302.9,318.0,302.9,318.0,7.07,6054.0,534.0,404.1
KSBBL,12/11/2023,320.0,320.0,302.0,309.6,-2.64,68362.0,534.0,404.1
KSBBL,12/12/2023,304.5,318.0,304.5,315.8,2.0,48123.0,534.0,404.1
KSBBL,12/13/2023,315.8,327.9,314.1,319.9,1.3,60206.0,534.0,404.1
KSBBL,12/14/2023,315.0,329.9,314.0,329.5,3.0,49847.0,534.0,404.1
KSBBL,12/17/2023,323.0,336.0,320.0,336.0,1.97,54052.0,534.0,404.1
KSBBL,12/18/2023,342.0,354.9,338.0,343.0,2.08,194763.0,534.0,404.1
KSBBL,12/19/2023,345.0,350.0,337.1,346.0,0.87,62622.0,534.0,404.1
KSBBL,12/20/2023,349.0,360.3,345.0,349.0,0.87,102261.0,534.0,404.1
KSBBL,12/21/2023,351.9,351.9,336.0,336.7,-3.52,79341.0,534.0,404.1
KSBBL,12/24/2023,341.0,341.0,327.8,335.0,-0.5,64340.0,534.0,404.1
KSBBL,12/27/2023,328.3,336.0,325.0,327.0,-2.39,39049.0,534.0,404.1
KSBBL,12/28/2023,332.0,333.0,324.0,325.0,-0.61,52393.0,534.0,404.1
KSBBL,1/1/2024,326.1,336.7,323.0,323.0,-0.62,45340.0,534.0,404.1
KSBBL,1/2/2024,325.0,325.0,316.2,322.0,-0.31,48467.0,534.0,404.1
KSBBL,1/3/2024,316.0,330.0,316.0,330.0,2.48,25721.0,534.0,404.1
KSBBL,1/4/2024,324.0,329.9,320.0,320.0,-3.03,32842.0,534.0,404.1
KSBBL,1/7/2024,317.0,323.0,315.1,316.0,-1.25,32693.0,534.0,404.1
KSBBL,1/8/2024,322.3,334.9,311.0,330.0,4.43,43633.0,534.0,404.1
KSBBL,1/9/2024,335.0,355.0,330.0,349.9,6.03,157874.0,534.0,404.1
KSBBL,1/10/2024,356.7,358.0,345.0,345.0,-1.4,115594.0,534.0,404.1
KSBBL,1/11/2024,342.0,350.0,340.2,349.8,1.39,52478.0,534.0,404.1
KSBBL,1/14/2024,356.7,360.0,349.6,352.9,0.89,48336.0,534.0,404.1
KSBBL,1/16/2024,359.9,368.0,359.9,361.8,2.52,99684.0,534.0,404.1
KSBBL,1/17/2024,369.0,382.0,358.0,361.0,-0.22,240257.0,534.0,404.1
KSBBL,1/18/2024,368.2,375.5,359.7,365.0,1.11,125666.0,534.0,404.1
KSBBL,1/21/2024,372.3,372.3,348.0,349.5,-4.25,102150.0,534.0,404.1
KSBBL,1/22/2024,355.0,356.4,342.0,345.0,-1.29,46845.0,534.0,404.1
KSBBL,1/23/2024,349.0,354.0,343.1,344.2,-0.23,32305.0,534.0,404.1
KSBBL,1/24/2024,351.0,351.0,331.0,331.0,-3.83,57415.0,534.0,404.1
KSBBL,1/25/2024,336.0,344.0,335.0,338.0,2.11,46979.0,534.0,404.1
KSBBL,1/28/2024,344.0,352.0,340.0,347.0,2.66,60846.0,534.0,404.1
KSBBL,1/29/2024,350.1,353.8,349.0,351.0,1.15,41564.0,534.0,404.1
KSBBL,1/30/2024,357.8,357.8,350.7,352.0,0.28,32401.0,534.0,404.1
KSBBL,1/31/2024,355.0,357.5,342.4,343.2,-2.5,59064.0,534.0,404.1
KSBBL,2/1/2024,337.2,344.0,337.2,342.0,-0.35,36270.0,534.0,404.1
KSBBL,2/4/2024,340.1,345.7,340.0,343.5,0.44,19397.0,534.0,404.1
KSBBL,2/5/2024,350.3,352.0,343.3,346.0,0.73,27248.0,534.0,404.1
KSBBL,2/6/2024,346.0,355.0,345.1,351.0,1.45,19168.0,534.0,404.1
KSBBL,2/7/2024,354.9,363.0,352.2,356.0,1.42,79525.0,534.0,404.1
KSBBL,2/8/2024,360.0,361.0,352.7,357.2,0.34,28396.0,534.0,404.1
KSBBL,2/11/2024,358.0,364.0,358.0,359.2,0.56,74352.0,534.0,404.1
KSBBL,2/12/2024,364.0,364.0,357.7,362.0,0.78,36456.0,534.0,404.1
KSBBL,2/13/2024,355.1,359.0,350.5,353.9,-2.24,63523.0,534.0,404.1
KSBBL,2/14/2024,352.0,372.0,349.0,360.0,1.72,98182.0,534.0,404.1
KSBBL,2/15/2024,361.0,364.7,352.0,352.1,-2.19,35318.0,534.0,404.1
KSBBL,2/18/2024,348.4,351.2,347.0,347.1,-1.42,22411.0,534.0,404.1
KSBBL,2/20/2024,354.0,356.9,347.8,351.1,1.15,39484.0,534.0,404.1
KSBBL,2/21/2024,352.1,355.0,348.0,348.1,-0.85,20209.0,534.0,404.1
KSBBL,2/22/2024,345.0,357.9,343.0,349.5,0.4,38593.0,534.0,404.1
KSBBL,2/25/2024,344.2,353.0,343.0,343.0,-1.86,29863.0,534.0,404.1
KSBBL,2/26/2024,349.0,349.0,340.0,343.9,0.26,21064.0,534.0,404.1
KSBBL,2/27/2024,345.0,350.0,342.1,343.0,-0.26,13994.0,534.0,404.1
KSBBL,2/28/2024,341.1,344.9,341.0,342.0,-0.29,19455.0,534.0,404.1
KSBBL,2/29/2024,336.2,340.0,332.6,335.0,-2.05,21860.0,534.0,404.1
KSBBL,3/3/2024,335.0,336.0,330.0,331.6,-1.01,16678.0,534.0,404.1
KSBBL,3/4/2024,338.2,364.7,338.2,364.7,9.98,8984.0,534.0,404.1
KSBBL,3/5/2024,357.5,357.5,343.0,345.0,-5.4,55508.0,534.0,404.1
KSBBL,3/6/2024,349.0,350.0,337.0,343.0,-0.58,40520.0,534.0,404.1
KSBBL,3/7/2024,349.1,355.0,344.1,344.9,0.55,16460.0,534.0,404.1
KSBBL,3/10/2024,351.6,355.0,345.5,350.0,1.48,22484.0,534.0,404.1
KSBBL,3/12/2024,355.0,360.0,351.3,358.0,2.29,44384.0,534.0,404.1
KSBBL,3/13/2024,363.0,365.0,357.1,358.0,0.0,55582.0,534.0,404.1
KSBBL,3/14/2024,361.7,361.7,354.9,355.0,-0.84,26235.0,534.0,404.1
KSBBL,3/17/2024,355.0,369.0,353.5,355.1,0.03,89384.0,534.0,404.1
KSBBL,3/18/2024,362.0,367.3,358.0,367.3,3.44,120890.0,534.0,404.1
KSBBL,3/19/2024,370.0,373.9,364.0,367.0,-0.08,90384.0,534.0,404.1
KSBBL,3/20/2024,368.0,370.0,361.0,364.0,-0.82,69494.0,534.0,404.1
KSBBL,3/21/2024,358.0,369.9,358.0,362.0,-0.55,67791.0,534.0,404.1
KSBBL,3/25/2024,365.0,368.0,355.0,355.9,-1.69,34377.0,534.0,404.1
KSBBL,3/26/2024,360.0,367.0,355.0,360.0,1.15,39572.0,534.0,404.1
KSBBL,3/27/2024,356.2,362.0,355.0,359.0,-0.28,42447.0,534.0,404.1
KSBBL,3/28/2024,364.5,365.0,355.0,359.0,0.0,31337.0,534.0,404.1
KSBBL,3/31/2024,352.0,359.4,350.0,355.0,-1.11,36223.0,534.0,404.1
KSBBL,4/1/2024,350.0,357.0,347.0,349.9,-1.44,33752.0,534.0,404.1
KSBBL,4/2/2024,349.0,354.0,347.0,347.0,-0.83,16253.0,534.0,404.1
KSBBL,4/3/2024,347.5,355.9,345.1,348.9,0.55,30198.0,534.0,404.1
KSBBL,4/4/2024,354.0,354.0,344.5,347.9,-0.29,23924.0,534.0,404.1
KSBBL,4/7/2024,345.0,360.0,345.0,357.9,2.87,36099.0,534.0,404.1
KSBBL,4/9/2024,355.0,365.6,355.0,363.9,1.68,70365.0,534.0,404.1
KSBBL,4/10/2024,367.8,367.8,355.0,357.0,-1.9,33066.0,534.0,404.1
KSBBL,4/14/2024,354.4,361.0,354.4,356.8,-0.06,26801.0,534.0,404.1
KSBBL,4/15/2024,359.8,374.0,350.0,354.5,-0.64,19921.0,534.0,404.1
KSBBL,4/16/2024,347.5,355.0,345.1,347.5,-1.97,21904.0,534.0,404.1
KSBBL,4/18/2024,346.5,346.5,341.0,343.4,-1.18,15426.0,534.0,404.1
KSBBL,4/21/2024,347.0,358.0,341.1,352.9,2.77,27987.0,534.0,404.1
KSBBL,4/22/2024,348.0,356.5,345.0,347.5,-1.53,19092.0,534.0,404.1
KSBBL,4/24/2024,348.0,353.5,346.0,350.0,0.72,9754.0,534.0,404.1
KSBBL,4/25/2024,347.0,354.5,345.0,350.0,0.0,31822.0,534.0,404.1
KSBBL,4/28/2024,350.0,364.0,350.0,361.0,3.14,59668.0,534.0,404.1
KSBBL,4/29/2024,361.0,370.0,360.2,366.0,1.39,124832.0,534.0,404.1
KSBBL,4/30/2024,363.0,392.0,363.0,387.0,5.74,337394.0,534.0,404.1
KSBBL,5/2/2024,394.7,395.0,377.4,379.0,-2.07,142184.0,534.0,404.1
KSBBL,5/5/2024,380.0,380.0,363.0,364.0,-3.96,110027.0,534.0,404.1
KSBBL,5/6/2024,364.0,372.0,361.0,368.6,1.26,52438.0,534.0,404.1
KSBBL,5/7/2024,372.0,379.3,364.6,371.6,0.81,79784.0,534.0,404.1
KSBBL,5/8/2024,377.4,377.4,368.1,371.0,-0.16,32299.0,534.0,404.1
KSBBL,5/9/2024,374.0,375.8,368.0,370.0,-0.27,65481.0,534.0,404.1
KSBBL,5/12/2024,371.0,381.0,371.0,378.0,2.16,113173.0,534.0,404.1
KSBBL,5/13/2024,380.0,382.9,374.0,378.0,0.0,30318.0,534.0,404.1
KSBBL,5/14/2024,377.1,381.0,376.0,377.4,-0.16,39121.0,534.0,404.1
KSBBL,5/15/2024,384.4,388.0,375.0,378.0,0.16,105335.0,534.0,404.1
KSBBL,5/16/2024,374.6,379.5,370.5,371.0,-1.85,41011.0,534.0,404.1
KSBBL,5/19/2024,378.4,378.4,371.3,373.6,0.7,54174.0,534.0,404.1
KSBBL,5/20/2024,366.2,385.0,366.2,378.0,1.18,57482.0,534.0,404.1
KSBBL,5/21/2024,380.0,383.0,375.0,377.6,-0.11,57803.0,534.0,404.1
KSBBL,5/22/2024,377.6,387.0,377.6,381.3,0.98,107355.0,534.0,404.1
KSBBL,5/26/2024,373.7,388.0,373.7,381.0,-0.08,75027.0,534.0,404.1
KSBBL,5/27/2024,387.5,387.5,374.0,383.0,0.52,44740.0,534.0,404.1
KSBBL,5/29/2024,389.0,389.0,377.7,377.8,-1.36,65040.0,534.0,404.1
KSBBL,5/30/2024,384.0,384.0,370.0,370.0,-2.06,58971.0,534.0,404.1
KSBBL,6/2/2024,376.5,377.4,370.0,370.2,0.05,35154.0,534.0,404.1
KSBBL,6/3/2024,377.0,377.0,369.5,372.0,0.49,30143.0,534.0,404.1
KSBBL,6/4/2024,370.0,376.9,370.0,374.8,0.75,14257.0,534.0,404.1
KSBBL,6/5/2024,370.0,375.0,370.0,370.4,-1.17,38385.0,534.0,404.1
KSBBL,6/6/2024,370.0,374.9,368.6,370.0,-0.11,23358.0,534.0,404.1
KSBBL,6/9/2024,370.0,371.8,366.5,366.5,-0.95,31358.0,534.0,404.1
KSBBL,6/10/2024,363.1,372.9,362.0,372.9,1.75,44682.0,534.0,404.1
KSBBL,6/11/2024,380.3,380.3,366.0,374.0,0.29,44496.0,534.0,404.1
KSBBL,6/12/2024,374.0,381.0,374.0,376.5,0.67,56946.0,534.0,404.1
KSBBL,6/13/2024,371.1,391.0,371.0,379.0,0.66,97452.0,534.0,404.1
KSBBL,6/16/2024,379.0,382.0,372.0,372.0,-1.85,27293.0,534.0,404.1
KSBBL,6/18/2024,369.1,377.9,368.0,371.0,-0.27,28904.0,534.0,404.1
KSBBL,6/19/2024,371.0,376.3,368.5,370.0,-0.27,13649.0,534.0,404.1
KSBBL,6/20/2024,370.0,370.2,365.0,366.8,-0.86,31573.0,534.0,404.1
KSBBL,6/23/2024,370.0,370.0,364.1,366.0,-0.22,40333.0,534.0,404.1
KSBBL,6/24/2024,373.3,373.3,366.0,368.0,0.55,37534.0,534.0,404.1
KSBBL,6/25/2024,375.0,380.0,369.1,373.0,1.36,42967.0,534.0,404.1
KSBBL,6/26/2024,371.1,375.0,367.1,368.0,-1.34,30888.0,534.0,404.1
KSBBL,6/27/2024,366.0,370.0,365.0,368.2,0.05,27476.0,534.0,404.1
KSBBL,6/30/2024,374.5,374.5,363.2,370.0,0.49,37906.0,534.0,404.1
KSBBL,7/1/2024,374.0,374.0,367.0,370.0,0.0,24555.0,534.0,404.1
KSBBL,7/2/2024,377.4,395.0,372.1,381.0,2.97,86982.0,534.0,404.1
KSBBL,7/3/2024,381.0,391.0,373.1,390.8,2.57,120269.0,534.0,404.1
KSBBL,7/4/2024,398.6,413.0,391.0,407.3,4.22,286687.0,534.0,404.1
KSBBL,7/7/2024,408.0,413.6,403.0,406.0,-0.32,115834.0,534.0,404.1
KSBBL,7/8/2024,414.1,414.1,402.8,407.6,0.39,79396.0,534.0,404.1
KSBBL,7/9/2024,408.0,420.2,405.7,419.0,2.8,126765.0,534.0,404.1
KSBBL,7/10/2024,420.0,422.0,412.1,414.7,-1.03,71513.0,534.0,404.1
KSBBL,7/11/2024,418.0,429.0,416.0,417.7,0.72,103250.0,534.0,404.1
KSBBL,7/14/2024,426.0,434.0,418.5,420.0,0.55,89950.0,534.0,404.1
KSBBL,7/15/2024,428.4,428.4,411.0,416.0,-0.95,120148.0,534.0,404.1
KSBBL,7/16/2024,415.0,431.0,412.0,429.9,3.34,88075.0,534.0,404.1
KSBBL,7/17/2024,438.4,456.0,426.0,455.0,5.84,183323.0,534.0,404.1
KSBBL,7/18/2024,455.9,465.2,447.0,448.0,-1.54,142792.0,534.0,404.1
KSBBL,7/21/2024,448.1,456.0,439.1,455.0,1.56,140476.0,534.0,404.1
KSBBL,7/22/2024,457.0,460.0,445.0,453.5,-0.33,201280.0,534.0,404.1
KSBBL,7/23/2024,448.1,469.0,448.0,465.1,2.56,106985.0,534.0,404.1
KSBBL,7/24/2024,474.4,505.0,474.4,483.0,3.85,368450.0,534.0,404.1
KSBBL,7/25/2024,490.0,492.0,475.3,479.0,-0.83,128156.0,534.0,404.1
KSBBL,7/28/2024,488.5,498.2,472.2,492.0,2.71,187990.0,534.0,404.1
KSBBL,7/29/2024,495.0,500.0,480.0,481.0,-2.24,128321.0,534.0,404.1
KSBBL,7/30/2024,481.0,493.5,470.4,483.0,0.42,146696.0,534.0,404.1
KSBBL,7/31/2024,492.6,503.0,484.1,494.0,2.28,231826.0,534.0,404.1
KSBBL,8/1/2024,494.0,506.0,485.1,499.0,1.01,294250.0,534.0,404.1
KSBBL,8/5/2024,508.9,508.9,492.1,501.0,0.4,197226.0,534.0,404.1
KSBBL,8/6/2024,502.0,510.0,483.0,485.0,-3.19,336947.0,534.0,404.1
KSBBL,8/7/2024,485.0,502.0,485.0,496.0,2.27,168913.0,534.0,404.1
KSBBL,8/8/2024,498.0,505.9,493.0,493.0,-0.6,154680.0,534.0,404.1
KSBBL,8/11/2024,501.0,506.0,494.0,504.0,2.23,174980.0,534.0,404.1
KSBBL,8/12/2024,514.0,537.5,506.0,531.0,5.36,324104.0,534.0,404.1
KSBBL,8/13/2024,541.0,541.0,522.0,531.9,0.17,272873.0,534.0,404.1
KSBBL,8/14/2024,531.9,552.0,524.0,546.0,2.65,199488.0,534.0,404.1
KSBBL,8/15/2024,550.0,554.8,540.0,540.1,-1.08,268744.0,534.0,404.1
KSBBL,8/18/2024,544.0,548.0,512.0,535.0,-0.94,238271.0,534.0,404.1
KSBBL,8/21/2024,533.5,533.5,522.0,524.0,-2.06,131677.0,534.0,404.1
KSBBL,8/22/2024,534.0,564.8,530.0,536.0,2.29,349504.0,534.0,404.1
KSBBL,8/25/2024,538.0,547.0,523.4,530.0,-1.12,207994.0,534.0,404.1
KSBBL,8/27/2024,533.0,536.0,508.1,511.0,-3.58,207508.0,534.0,404.1
KSBBL,8/28/2024,521.0,526.0,507.0,510.2,-0.16,139087.0,534.0,404.1
KSBBL,8/29/2024,511.5,519.0,500.0,502.0,-1.61,169417.0,534.0,404.1
KSBBL,9/1/2024,502.0,515.0,489.0,493.0,-1.79,142855.0,534.0,404.1
KSBBL,9/2/2024,502.8,525.3,490.0,525.3,6.55,134143.0,534.0,404.1
KSBBL,9/3/2024,530.0,537.5,508.0,529.0,0.7,138616.0,534.0,404.1
KSBBL,9/4/2024,537.9,537.9,506.0,508.0,-3.97,171356.0,534.0,404.1
KSBBL,9/5/2024,497.9,512.0,497.0,506.0,-0.39,69313.0,534.0,404.1
KSBBL,9/8/2024,512.0,516.0,500.1,503.0,-0.59,82689.0,534.0,404.1
KSBBL,9/9/2024,493.5,503.0,484.0,486.0,-3.38,95687.0,534.0,404.1
KSBBL,9/10/2024,494.0,500.0,474.0,474.0,-2.47,57554.0,534.0,404.1
KSBBL,9/11/2024,474.0,485.0,465.5,469.0,-1.05,99767.0,534.0,404.1
KSBBL,9/12/2024,469.0,484.5,466.0,483.0,2.99,61153.0,534.0,404.1
KSBBL,9/15/2024,492.6,497.0,476.0,477.0,-1.24,72491.0,534.0,404.1
KSBBL,9/16/2024,470.0,476.0,461.0,466.0,-2.31,42231.0,534.0,404.1
KSBBL,9/18/2024,457.0,476.1,456.7,468.9,0.62,39751.0,534.0,404.1
KSBBL,9/22/2024,478.2,487.7,460.0,484.5,3.33,35609.0,534.0,404.1
KSBBL,9/23/2024,475.0,482.0,458.0,459.0,-5.26,46295.0,534.0,404.1
KSBBL,9/24/2024,450.3,468.0,448.5,448.5,-2.29,26731.0,534.0,404.1
KSBBL,9/25/2024,449.0,462.9,442.3,460.0,2.56,25156.0,534.0,404.1
KSBBL,9/26/2024,468.0,469.0,455.2,457.9,-0.46,28885.0,534.0,404.1
KSBBL,9/29/2024,455.0,464.0,448.9,455.7,-0.48,39749.0,534.0,404.1
KSBBL,9/30/2024,463.0,466.9,458.3,462.6,1.51,55459.0,534.0,404.1
KSBBL,10/1/2024,434.1,455.0,434.1,450.0,-2.72,33567.0,534.0,404.1
KSBBL,10/2/2024,455.0,457.0,442.0,446.0,-0.89,51697.0,534.0,404.1
KSBBL,10/6/2024,442.0,458.0,442.0,457.0,2.47,21215.0,534.0,404.1
KSBBL,10/7/2024,460.0,469.2,458.0,466.0,1.97,21413.0,534.0,404.1
KSBBL,10/8/2024,464.0,466.0,456.2,462.9,-0.67,15283.0,534.0,404.1
KSBBL,10/9/2024,454.0,463.0,454.0,462.0,-0.19,12201.0,534.0,404.1
KSBBL,10/15/2024,454.0,471.0,454.0,470.0,1.73,23105.0,534.0,404.1
KSBBL,10/16/2024,470.0,477.0,470.0,473.4,0.72,20621.0,534.0,404.1
KSBBL,10/17/2024,478.0,481.9,471.0,476.5,0.65,36122.0,534.0,404.1
KSBBL,10/20/2024,472.0,478.0,458.0,458.0,-3.88,42699.0,534.0,404.1
KSBBL,10/21/2024,458.0,458.0,445.1,446.1,-2.6,21709.0,534.0,404.1
KSBBL,10/22/2024,445.0,457.9,445.0,451.0,1.1,17514.0,534.0,404.1
KSBBL,10/23/2024,460.0,464.8,445.0,448.0,-0.67,24223.0,534.0,404.1
KSBBL,10/24/2024,445.0,456.0,440.1,456.0,1.79,24007.0,534.0,404.1
KSBBL,10/27/2024,447.1,455.0,446.9,449.2,-1.49,14437.0,534.0,404.1
KSBBL,10/28/2024,458.0,458.0,447.1,453.0,0.85,11268.0,534.0,404.1
KSBBL,10/29/2024,457.0,460.9,452.1,459.0,1.32,17261.0,534.0,404.1
KSBBL,10/30/2024,462.0,463.0,457.2,459.0,0.0,14473.0,534.0,404.1
KSBBL,11/5/2024,456.0,459.8,451.1,456.0,-0.65,5727.0,534.0,404.1
KSBBL,11/6/2024,459.0,459.8,451.3,455.0,-0.22,14163.0,534.0,404.1
KSBBL,11/10/2024,455.1,469.0,455.1,466.9,2.62,26223.0,534.0,404.1
KSBBL,11/11/2024,468.1,475.0,463.5,469.0,0.45,52489.0,534.0,404.1
KSBBL,11/12/2024,462.0,475.0,462.0,466.0,-0.64,27927.0,534.0,404.1
KSBBL,11/13/2024,467.5,474.0,462.5,473.4,1.59,32344.0,534.0,404.1
KSBBL,11/14/2024,473.0,488.5,472.0,482.0,1.82,59107.0,534.0,404.1
KSBBL,11/17/2024,484.0,489.0,480.0,480.0,-0.41,38964.0,534.0,404.1
KSBBL,11/19/2024,478.1,478.1,465.0,466.9,-2.73,46906.0,534.0,404.1
KSBBL,11/20/2024,466.6,481.0,461.0,477.0,2.16,39819.0,534.0,404.1
KSBBL,11/21/2024,482.0,485.0,464.0,464.0,-2.73,27269.0,534.0,404.1
KSBBL,11/24/2024,464.1,467.0,460.0,460.0,-0.86,18702.0,534.0,404.1
KSBBL,11/25/2024,460.0,468.0,460.0,461.0,0.22,10065.0,534.0,404.1
KSBBL,11/26/2024,465.0,469.0,458.2,466.0,1.08,22045.0,534.0,404.1
KSBBL,11/27/2024,467.1,476.0,465.0,471.0,1.07,32734.0,534.0,404.1
KSBBL,11/28/2024,479.0,489.6,475.0,475.0,0.85,62848.0,534.0,404.1
KSBBL,12/1/2024,471.0,510.0,465.5,498.0,4.84,158817.0,534.0,404.1
KSBBL,12/2/2024,507.9,525.0,484.0,493.0,-1.0,158031.0,534.0,404.1
KSBBL,12/3/2024,502.0,522.0,486.0,494.0,0.2,50257.0,534.0,404.1
KSBBL,12/4/2024,492.0,495.0,486.0,486.0,-1.62,49513.0,534.0,404.1
KSBBL,12/5/2024,490.0,490.0,476.5,479.0,-1.44,54126.0,534.0,404.1
KSBBL,12/8/2024,470.0,482.7,468.0,469.0,-2.09,49973.0,534.0,404.1
KSBBL,12/9/2024,459.7,477.0,455.0,460.0,-1.92,38622.0,534.0,404.1
KSBBL,12/10/2024,452.3,469.0,452.2,461.0,0.22,17831.0,534.0,404.1
KSBBL,12/11/2024,455.0,468.0,455.0,465.0,0.87,19054.0,534.0,404.1
KSBBL,12/12/2024,465.1,469.0,450.0,456.0,-1.94,18708.0,534.0,404.1
KSBBL,12/16/2024,448.2,456.0,438.1,448.4,-1.67,36511.0,534.0,404.1
KSBBL,12/17/2024,441.6,453.0,441.0,449.0,0.13,18643.0,534.0,404.1
KSBBL,12/18/2024,442.2,452.7,442.2,444.0,-1.11,35168.0,534.0,404.1
KSBBL,12/19/2024,441.4,448.0,435.1,445.0,0.23,26642.0,534.0,404.1
KSBBL,12/22/2024,440.0,444.0,430.0,431.5,-3.03,30721.0,534.0,404.1
KSBBL,12/23/2024,435.0,448.0,435.0,442.1,2.46,15919.0,534.0,404.1
KSBBL,12/24/2024,450.0,455.0,441.0,447.9,1.31,27393.0,534.0,404.1
KSBBL,12/26/2024,443.7,444.0,431.2,440.0,-1.76,35258.0,534.0,404.1
KSBBL,12/29/2024,433.0,442.0,430.0,432.9,-1.61,22772.0,534.0,404.1
KSBBL,12/31/2024,433.0,433.0,417.0,423.0,-2.29,46050.0,534.0,404.1
KSBBL,1/1/2025,416.0,431.0,416.0,430.0,1.65,30194.0,534.0,404.1
KSBBL,1/2/2025,430.0,436.0,425.0,435.0,1.16,16647.0,534.0,404.1
KSBBL,1/5/2025,428.0,435.0,428.0,430.0,-1.15,20402.0,534.0,404.1
KSBBL,1/6/2025,430.0,438.9,430.0,437.0,1.63,52333.0,534.0,404.1
KSBBL,1/7/2025,441.9,445.0,433.1,434.0,-0.69,17704.0,534.0,404.1
KSBBL,1/8/2025,434.1,444.8,431.2,442.0,1.84,26506.0,534.0,404.1
KSBBL,1/9/2025,436.0,445.0,435.2,437.0,-1.13,23717.0,534.0,404.1
KSBBL,1/12/2025,437.0,437.0,425.1,426.1,-2.49,12925.0,534.0,404.1
KSBBL,1/13/2025,426.0,436.0,420.0,433.0,1.62,24588.0,534.0,404.1
KSBBL,1/15/2025,433.0,441.0,428.1,430.0,-0.69,22618.0,534.0,404.1
KSBBL,1/16/2025,430.0,430.0,423.0,428.5,-0.35,14061.0,534.0,404.1
KSBBL,1/19/2025,429.2,429.2,421.9,424.9,-0.84,14970.0,534.0,404.1
KSBBL,1/20/2025,430.0,439.0,423.0,427.2,0.54,50906.0,534.0,404.1
KSBBL,1/21/2025,430.0,442.0,428.0,435.0,1.83,37068.0,534.0,404.1
KSBBL,1/22/2025,430.5,448.9,430.4,446.0,2.53,42827.0,534.0,404.1
KSBBL,1/23/2025,451.0,452.0,438.1,440.0,-1.35,51246.0,534.0,404.1
KSBBL,1/26/2025,440.0,448.0,435.1,440.0,0.0,30107.0,534.0,404.1
KSBBL,1/27/2025,432.2,446.0,432.2,440.0,0.0,23640.0,534.0,404.1
KSBBL,1/28/2025,447.0,455.0,441.5,454.0,3.18,65077.0,534.0,404.1
KSBBL,2/2/2025,463.0,472.0,459.0,468.0,3.08,47766.0,534.0,404.1
KSBBL,2/3/2025,471.0,471.0,460.1,460.1,-1.69,57717.0,534.0,404.1
KSBBL,2/4/2025,469.0,469.0,452.8,453.0,-1.54,37070.0,534.0,404.1
KSBBL,2/5/2025,450.0,461.0,450.0,455.0,0.44,24198.0,534.0,404.1
KSBBL,2/6/2025,450.0,464.0,450.0,455.0,0.0,24849.0,534.0,404.1
KSBBL,2/9/2025,455.0,459.0,441.0,441.0,-3.08,52475.0,534.0,404.1
KSBBL,2/10/2025,435.6,453.1,435.6,445.0,0.91,34570.0,534.0,404.1
KSBBL,2/11/2025,450.0,455.0,446.5,454.0,2.02,31137.0,534.0,404.1
KSBBL,2/12/2025,462.8,462.8,455.0,455.0,0.22,29037.0,534.0,404.1
KSBBL,2/13/2025,456.1,460.0,447.8,450.0,-1.1,23939.0,534.0,404.1
KSBBL,2/16/2025,445.0,451.0,443.0,450.9,0.2,38082.0,534.0,404.1
KSBBL,2/17/2025,455.0,455.0,449.0,454.0,0.69,65239.0,534.0,404.1
KSBBL,2/18/2025,456.0,459.0,448.6,450.0,-0.88,42638.0,534.0,404.1
KSBBL,2/20/2025,443.0,450.0,443.0,450.0,0.0,36348.0,534.0,404.1
KSBBL,2/23/2025,445.0,454.9,441.0,448.0,-0.44,37461.0,534.0,404.1
KSBBL,2/24/2025,445.2,455.5,440.0,440.0,-1.79,63552.0,534.0,404.1
KSBBL,2/25/2025,448.0,448.8,443.9,444.1,0.93,44622.0,534.0,404.1
KSBBL,2/27/2025,452.9,459.0,447.0,455.0,2.45,56663.0,534.0,404.1
KSBBL,3/2/2025,464.0,470.0,455.3,469.0,3.08,61483.0,534.0,404.1
KSBBL,3/3/2025,459.7,479.9,456.2,461.7,-1.56,83210.0,534.0,404.1
KSBBL,3/4/2025,455.1,470.0,455.1,466.0,0.93,40384.0,534.0,404.1
KSBBL,3/5/2025,458.0,465.0,456.0,463.0,-0.64,49032.0,534.0,404.1
KSBBL,3/6/2025,455.0,471.9,455.0,468.0,1.08,69792.0,534.0,404.1
KSBBL,3/9/2025,476.9,476.9,458.7,460.0,-1.71,35922.0,534.0,404.1
KSBBL,3/10/2025,464.0,464.0,455.0,462.5,0.54,37395.0,534.0,404.1
KSBBL,3/11/2025,453.5,478.0,450.0,464.0,0.32,156099.0,534.0,404.1
KSBBL,3/12/2025,461.2,469.9,458.0,462.0,-0.43,58894.0,534.0,404.1
KSBBL,3/16/2025,463.0,463.0,447.6,451.0,-2.38,49532.0,534.0,404.1
KSBBL,3/17/2025,452.0,456.8,445.8,448.0,-0.67,23700.0,534.0,404.1
KSBBL,3/18/2025,456.9,456.9,440.2,442.5,-1.23,42551.0,534.0,404.1
KSBBL,3/19/2025,440.2,459.0,440.0,440.1,-0.54,44877.0,534.0,404.1
KSBBL,3/20/2025,444.9,445.0,440.0,440.73,0.14,25689.0,534.0,404.1
KSBBL,3/23/2025,441.0,441.0,427.3,428.02,-2.88,35197.0,534.0,404.1
KSBBL,3/24/2025,429.0,442.0,423.1,440.96,3.02,36163.0,534.0,404.1
KSBBL,3/25/2025,440.0,440.0,426.0,438.31,-0.6,40694.0,534.0,404.1
KSBBL,3/26/2025,447.0,447.0,432.3,437.24,-0.24,14713.0,534.0,404.1
KSBBL,3/27/2025,445.9,445.9,434.1,439.3,0.47,28602.0,534.0,404.1
KSBBL,3/30/2025,439.3,449.0,435.1,440.27,0.22,28640.0,534.0,404.1
KSBBL,4/1/2025,441.0,441.0,433.0,434.2,-1.38,31749.0,534.0,404.1
KSBBL,4/2/2025,440.0,440.0,433.0,433.55,-0.15,31551.0,534.0,404.1
KSBBL,4/3/2025,440.0,441.0,436.2,438.03,1.03,19179.0,534.0,404.1
KSBBL,4/7/2025,430.0,456.0,429.3,431.73,-1.44,32324.0,534.0,404.1
KSBBL,4/8/2025,440.0,445.0,428.0,433.28,0.36,17188.0,534.0,404.1
KSBBL,4/9/2025,434.0,444.2,434.0,440.95,1.77,23583.0,534.0,404.1
KSBBL,4/10/2025,436.0,443.0,435.4,441.48,0.12,15124.0,534.0,404.1
KSBBL,4/13/2025,434.6,440.5,434.5,437.27,-0.95,10341.0,534.0,404.1
KSBBL,4/15/2025,440.0,446.9,438.1,440.5,0.74,18058.0,534.0,404.1
KSBBL,4/16/2025,440.5,444.5,435.1,440.45,-0.01,18882.0,534.0,404.1
KSBBL,4/17/2025,437.1,450.0,437.1,448.18,1.76,19218.0,534.0,404.1
KSBBL,4/20/2025,454.0,455.0,447.3,450.98,0.62,25533.0,534.0,404.1
KSBBL,4/21/2025,455.0,457.5,447.1,453.71,0.61,29812.0,534.0,404.1
KSBBL,4/22/2025,460.0,460.0,443.1,445.43,-1.82,17548.0,534.0,404.1
KSBBL,4/23/2025,442.0,442.6,435.0,437.55,-1.77,15597.0,534.0,404.1
KSBBL,4/24/2025,437.0,443.0,436.0,440.46,0.67,16225.0,534.0,404.1
KSBBL,4/27/2025,445.0,449.2,435.8,437.56,-0.66,20378.0,534.0,404.1
KSBBL,4/28/2025,444.9,444.9,435.0,437.27,-0.07,17641.0,534.0,404.1
KSBBL,4/29/2025,436.0,440.0,433.2,433.56,-0.85,9021.0,534.0,404.1
KSBBL,4/30/2025,440.0,442.0,428.0,428.62,-1.14,34725.0,534.0,404.1
KSBBL,5/4/2025,422.0,440.0,422.0,435.04,1.5,33670.0,534.0,404.1
KSBBL,5/5/2025,438.7,438.7,435.0,436.11,0.25,11702.0,534.0,404.1
KSBBL,5/6/2025,440.0,440.0,430.2,433.13,-0.68,31280.0,534.0,404.1
KSBBL,5/7/2025,431.1,442.0,429.8,440.66,1.74,29090.0,534.0,404.1
KSBBL,5/8/2025,440.66,447.5,433.0,440.17,-0.11,31814.0,534.0,404.1
KSBBL,5/11/2025,440.0,452.0,436.0,447.52,1.67,37818.0,534.0,404.1
KSBBL,5/13/2025,441.0,461.0,441.0,450.41,0.65,33982.0,534.0,404.1
KSBBL,5/14/2025,452.0,469.0,447.0,452.92,0.56,83190.0,534.0,404.1
KSBBL,5/15/2025,455.0,460.0,447.0,448.56,-0.96,50108.0,534.0,404.1
KSBBL,5/18/2025,456.0,456.0,443.5,445.31,-0.72,35550.0,534.0,404.1
KSBBL,5/19/2025,447.0,453.0,445.0,448.04,0.61,31857.0,534.0,404.1
KSBBL,5/20/2025,451.0,460.0,445.0,455.98,1.77,46326.0,534.0,404.1
KSBBL,5/21/2025,465.0,474.0,451.1,454.94,-0.23,88758.0,534.0,404.1
KSBBL,5/22/2025,460.0,464.0,455.0,456.83,0.42,46131.0,534.0,404.1
KSBBL,5/25/2025,448.0,460.0,448.0,451.63,-1.14,27991.0,534.0,404.1
KSBBL,5/26/2025,460.6,469.7,450.1,451.16,-0.1,39638.0,534.0,404.1
KSBBL,5/27/2025,450.0,460.0,446.6,454.03,0.64,27593.0,534.0,404.1
KSBBL,5/28/2025,451.0,459.0,450.1,455.44,0.31,16570.0,534.0,404.1
KSBBL,6/2/2025,458.2,465.0,451.5,455.34,-0.02,53785.0,534.0,404.1
KSBBL,6/3/2025,462.9,462.9,450.0,451.54,-0.83,43595.0,534.0,404.1
KSBBL,6/4/2025,453.0,456.9,446.4,447.75,-0.84,32347.0,534.0,404.1
KSBBL,6/5/2025,450.0,453.0,445.7,449.52,0.4,19807.0,534.0,404.1
KSBBL,6/8/2025,455.0,455.0,441.5,443.21,-1.4,22975.0,534.0,404.1
KSBBL,6/9/2025,443.1,448.0,441.2,445.62,0.54,49168.0,534.0,404.1
KSBBL,6/10/2025,453.0,454.0,448.0,450.89,1.18,28178.0,534.0,404.1
KSBBL,6/11/2025,451.1,455.0,450.0,452.28,0.31,36456.0,534.0,404.1
KSBBL,6/12/2025,460.9,460.9,446.6,448.69,-0.79,26510.0,534.0,404.1
KSBBL,6/15/2025,449.0,455.0,448.0,448.98,0.06,19287.0,534.0,404.1
KSBBL,6/16/2025,445.0,455.0,445.0,448.63,-0.08,36316.0,534.0,404.1
KSBBL,6/17/2025,453.9,453.9,445.9,449.35,0.16,26223.0,534.0,404.1
KSBBL,6/18/2025,450.0,450.0,444.1,446.19,-0.7,19287.0,534.0,404.1
KSBBL,6/19/2025,444.0,446.5,443.0,443.52,-0.6,25230.0,534.0,404.1
KSBBL,6/22/2025,444.0,448.0,443.2,443.42,-0.02,13417.0,534.0,404.1
KSBBL,6/23/2025,450.0,450.0,441.0,443.27,-0.03,22026.0,534.0,404.1
KSBBL,6/24/2025,448.9,448.9,441.0,441.83,-0.32,22434.0,534.0,404.1
KSBBL,6/25/2025,440.1,444.9,440.1,440.42,-0.32,14601.0,534.0,404.1
KSBBL,6/26/2025,440.0,445.0,438.0,442.48,0.47,13635.0,534.0,404.1
KSBBL,6/29/2025,442.0,450.0,442.0,446.41,0.89,20088.0,534.0,404.1
KSBBL,6/30/2025,455.3,458.0,446.0,453.05,1.49,27988.0,534.0,404.1
KSBBL,7/1/2025,453.0,464.0,453.0,462.5,2.09,66169.0,534.0,404.1
KSBBL,7/2/2025,465.0,469.9,450.0,464.14,0.35,80908.0,534.0,404.1
KSBBL,7/3/2025,473.4,473.4,452.4,467.94,0.82,155448.0,534.0,404.1
KSBBL,7/6/2025,476.0,477.2,459.0,465.8,-0.46,50624.0,534.0,404.1
KSBBL,7/7/2025,474.9,484.0,460.0,464.75,-0.23,64668.0,534.0,404.1
KSBBL,7/8/2025,465.0,465.0,457.1,463.31,-0.31,22917.0,534.0,404.1
KSBBL,7/9/2025,460.0,467.9,458.0,463.33,0.0,32623.0,534.0,404.1
KSBBL,7/10/2025,470.0,477.0,463.5,472.07,1.89,117105.0,534.0,404.1
KSBBL,7/13/2025,481.5,491.0,471.9,485.69,2.89,226053.0,534.0,404.1
KSBBL,7/14/2025,485.1,487.0,475.6,480.74,-1.02,115480.0,534.0,404.1
KSBBL,7/15/2025,481.5,490.5,481.1,487.93,1.5,132321.0,534.0,404.1
KSBBL,7/16/2025,497.0,505.0,485.0,500.69,2.62,468917.0,534.0,404.1
KSBBL,7/17/2025,508.8,535.0,502.0,526.83,5.22,368891.0,534.0,404.1
KSBBL,7/20/2025,520.0,535.5,517.3,520.48,-1.21,546123.0,534.0,404.1
KSBBL,7/21/2025,512.0,545.8,511.1,534.94,2.78,392376.0,534.0,404.1
KSBBL,7/22/2025,538.0,547.0,535.0,537.16,0.41,236718.0,534.0,404.1
KSBBL,7/23/2025,545.0,545.0,520.0,532.6,-0.85,235974.0,534.0,404.1
KSBBL,7/24/2025,535.0,553.0,525.0,548.02,2.9,343930.0,534.0,404.1
KSBBL,7/27/2025,554.0,577.0,549.0,574.26,4.79,552834.0,534.0,404.1
KSBBL,7/28/2025,574.0,588.0,565.2,577.51,0.57,452455.0,534.0,404.1
KSBBL,7/29/2025,586.0,587.0,569.1,573.65,-0.67,231783.0,534.0,404.1
KSBBL,7/30/2025,585.0,585.0,548.2,551.83,-3.8,287285.0,534.0,404.1
KSBBL,7/31/2025,560.0,560.0,535.0,538.82,-2.36,204769.0,534.0,404.1
KSBBL,8/3/2025,536.0,546.0,533.0,537.55,-0.24,198937.0,534.0,404.1
KSBBL,8/4/2025,539.0,555.9,530.0,540.73,0.59,150783.0,534.0,404.1
KSBBL,8/5/2025,543.0,545.2,528.2,530.29,-1.93,192094.0,534.0,404.1
KSBBL,8/6/2025,529.2,537.0,525.2,526.9,-0.64,81545.0,534.0,404.1
KSBBL,8/7/2025,535.0,535.0,526.3,532.64,1.09,106759.0,534.0,404.1
KSBBL,8/11/2025,534.0,537.5,515.0,517.02,-2.93,112669.0,534.0,404.1
KSBBL,8/12/2025,516.9,525.0,508.0,516.23,-0.15,122047.0,534.0,404.1
KSBBL,8/13/2025,519.9,524.1,517.0,520.87,0.9,114328.0,534.0,404.1
KSBBL,8/14/2025,522.0,528.0,519.5,524.05,0.61,62546.0,534.0,404.1
KSBBL,8/17/2025,534.5,534.5,518.1,519.36,-0.89,117941.0,534.0,404.1
KSBBL,8/18/2025,518.0,525.9,516.5,523.22,0.74,64274.0,534.0,404.1
KSBBL,8/19/2025,520.8,530.0,517.0,523.37,0.03,43249.0,534.0,404.1
KSBBL,8/20/2025,528.0,529.0,517.5,518.35,-0.96,61691.0,534.0,404.1
KSBBL,8/21/2025,526.0,526.0,515.1,516.2,-0.41,35301.0,534.0,404.1
KSBBL,8/24/2025,515.0,519.9,508.0,508.61,-1.47,57503.0,534.0,404.1
KSBBL,8/25/2025,509.0,515.1,504.0,514.46,1.15,35493.0,534.0,404.1
KSBBL,8/26/2025,522.2,528.3,517.0,525.58,2.16,78884.0,534.0,404.1
KSBBL,8/27/2025,535.0,548.0,525.0,546.57,3.99,163944.0,534.0,404.1
KSBBL,8/28/2025,547.0,548.0,527.0,527.92,-3.41,209893.0,534.0,404.1
KSBBL,8/31/2025,521.1,529.9,520.2,529.01,0.21,86557.0,534.0,404.1
KSBBL,9/1/2025,530.0,539.9,527.0,535.63,1.25,124106.0,534.0,404.1
KSBBL,9/2/2025,544.5,555.3,528.3,539.22,0.67,167333.0,534.0,404.1
KSBBL,9/3/2025,550.0,550.0,532.7,534.38,-0.9,59844.0,534.0,404.1
KSBBL,9/4/2025,527.5,537.5,527.5,533.17,-0.23,86970.0,534.0,404.1
KSBBL,9/7/2025,523.2,540.9,523.2,535.66,0.47,71734.0,534.0,404.1
KSBBL,9/8/2025,546.3,546.3,521.1,523.34,-2.3,165506.0,534.0,404.1
KSBBL,9/18/2025,513.1,513.1,484.0,490.0,-6.37,20599.0,534.0,404.1
KSBBL,9/21/2025,490.0,519.0,490.0,514.59,5.02,104692.0,534.0,404.1
KSBBL,9/23/2025,518.0,529.9,516.3,525.5,2.12,177163.0,534.0,404.1
KSBBL,9/24/2025,486.9,487.2,472.0,475.0,-9.61,61814.0,534.0,404.1
KSBBL,9/25/2025,480.0,480.0,471.1,473.5,-0.32,30828.0,534.0,404.1
KSBBL,9/28/2025,480.0,480.0,465.0,466.0,-1.58,19736.0,534.0,404.1
KSBBL,10/7/2025,461.0,465.0,445.0,449.0,-3.65,51542.0,534.0,404.1
KSBBL,10/8/2025,444.0,447.0,433.5,436.0,-2.9,47258.0,534.0,404.1
KSBBL,10/9/2025,444.7,462.0,433.6,438.0,0.46,75245.0,534.0,404.1
KSBBL,10/12/2025,430.2,432.8,415.1,418.5,-4.45,69548.0,534.0,404.1
KSBBL,10/13/2025,416.0,430.0,405.0,429.7,2.68,37994.0,534.0,404.1
KSBBL,10/14/2025,429.7,433.5,418.1,418.1,-2.7,19962.0,534.0,404.1
KSBBL,10/15/2025,415.0,421.0,414.0,416.1,-0.48,35709.0,534.0,404.1
KSBBL,10/16/2025,423.0,423.0,405.1,413.0,-0.75,29581.0,534.0,404.1
KSBBL,10/19/2025,410.0,416.0,410.0,413.9,0.22,18341.0,534.0,404.1
KSBBL,10/26/2025,406.1,417.9,404.1,414.0,0.02,14934.0,534.0,404.1
KSBBL,10/28/2025,421.9,440.0,421.0,436.0,5.31,37160.0,534.0,404.1
KSBBL,10/29/2025,431.0,445.0,430.0,434.8,-0.28,31483.0,534.0,404.1
KSBBL,10/30/2025,430.1,438.0,430.1,438.0,0.74,15209.0,534.0,404.1
KSBBL,11/2/2025,440.0,447.0,433.0,445.9,1.8,57079.0,534.0,404.1
KSBBL,11/3/2025,438.2,449.9,438.2,441.7,-0.94,31973.0,534.0,404.1
KSBBL,11/4/2025,440.0,441.0,431.0,434.0,-1.74,31486.0,534.0,404.1
KSBBL,11/5/2025,426.6,435.0,425.2,435.0,0.23,12971.0,534.0,404.1
KSBBL,11/6/2025,439.0,442.9,427.0,429.8,-1.2,19588.0,534.0,404.1
KSBBL,11/9/2025,425.2,430.0,419.0,423.0,-1.58,31185.0,534.0,404.1
KSBBL,11/10/2025,420.0,425.0,416.0,421.0,-0.47,11650.0,534.0,404.1
KSBBL,11/11/2025,416.7,427.0,415.0,418.0,-0.71,18535.0,534.0,404.1
KSBBL,11/12/2025,417.0,424.0,412.0,418.0,0.0,7329.0,534.0,404.1
KSBBL,11/13/2025,416.0,426.3,413.1,419.0,0.24,11758.0,534.0,404.1
KSBBL,11/16/2025,415.2,420.0,413.0,418.9,-0.02,5960.0,534.0,404.1
KSBBL,11/17/2025,415.0,427.0,415.0,427.0,1.93,15102.0,534.0,404.1
KSBBL,11/18/2025,427.0,433.6,427.0,429.2,0.52,10711.0,534.0,404.1
KSBBL,11/19/2025,430.0,431.0,421.0,425.0,-0.98,21632.0,534.0,404.1
KSBBL,11/20/2025,421.4,427.0,421.4,426.9,0.45,29164.0,534.0,404.1
KSBBL,11/23/2025,429.3,438.0,429.3,434.0,1.66,17208.0,534.0,404.1
KSBBL,11/24/2025,435.0,440.5,433.1,437.9,0.9,32739.0,534.0,404.1
KSBBL,11/25/2025,433.1,439.8,433.0,438.9,0.23,11732.0,534.0,404.1
KSBBL,11/26/2025,436.0,442.0,433.2,440.0,0.25,17794.0,534.0,404.1
KSBBL,11/27/2025,440.0,444.0,434.0,444.0,0.91,20058.0,534.0,404.1
KSBBL,11/30/2025,446.9,446.9,440.1,440.1,-0.88,26863.0,534.0,404.1
KSBBL,12/1/2025,440.0,440.8,434.2,439.0,-0.25,7030.0,534.0,404.1
KSBBL,12/2/2025,434.0,440.0,434.0,437.0,-0.46,7866.0,534.0,404.1
KSBBL,12/3/2025,439.0,439.0,432.1,433.1,-0.89,16185.0,534.0,404.1
KSBBL,12/7/2025,424.6,437.0,424.6,428.0,-1.18,9015.0,534.0,404.1
KSBBL,12/8/2025,435.0,435.0,426.3,431.5,0.82,10600.0,534.0,404.1
KSBBL,12/9/2025,429.0,434.0,429.0,431.9,0.09,9081.0,534.0,404.1
KSBBL,12/10/2025,424.2,432.3,424.1,428.0,-0.9,6243.0,534.0,404.1
KSBBL,12/11/2025,428.1,432.4,428.1,429.0,0.23,10170.0,534.0,404.1
KSBBL,12/14/2025,429.0,430.0,423.0,429.7,0.16,22051.0,534.0,404.1
KSBBL,12/15/2025,424.0,431.3,420.0,430.9,0.28,22207.0,534.0,404.1
KSBBL,12/16/2025,424.1,433.2,423.0,433.2,0.53,11994.0,534.0,404.1
KSBBL,12/17/2025,435.0,437.0,431.0,435.0,0.42,18331.0,534.0,404.1
KSBBL,12/18/2025,428.0,436.0,427.3,430.0,-1.15,35210.0,534.0,404.1
KSBBL,12/21/2025,422.2,427.9,422.2,427.9,-0.49,13279.0,534.0,404.1
KSBBL,12/22/2025,423.9,429.0,421.0,427.0,-0.21,13863.0,534.0,404.1
KSBBL,12/23/2025,423.2,432.0,423.2,430.0,0.7,25233.0,534.0,404.1
KSBBL,12/24/2025,430.0,430.0,425.0,429.5,-0.12,17366.0,534.0,404.1
KSBBL,12/28/2025,430.0,437.5,430.0,437.0,1.75,21304.0,534.0,404.1
KSBBL,12/29/2025,441.9,441.9,435.5,437.0,0.0,20397.0,534.0,404.1
KSBBL,12/31/2025,441.0,441.0,435.2,440.9,0.89,22177.0,534.0,404.1
KSBBL,1/1/2026,435.0,439.0,432.1,435.0,-1.34,22327.0,534.0,404.1
KSBBL,1/4/2026,435.0,439.5,431.0,431.8,-0.74,21479.0,534.0,404.1
KSBBL,1/5/2026,431.0,445.0,430.2,444.0,2.83,76908.0,534.0,404.1
KSBBL,1/6/2026,447.0,464.0,446.0,451.0,1.58,55306.0,534.0,404.1
KSBBL,1/7/2026,456.0,456.0,446.9,449.0,-0.44,40806.0,534.0,404.1
KSBBL,1/8/2026,448.0,455.0,445.1,455.0,1.34,20212.0,534.0,404.1
KSBBL,1/12/2026,464.1,464.1,451.1,453.8,-0.26,19598.0,534.0,404.1
KSBBL,1/13/2026,455.0,457.0,450.0,452.0,-0.4,43856.0,534.0,404.1
KSBBL,1/14/2026,455.0,457.0,450.3,453.0,0.22,32716.0,534.0,404.1
KSBBL,1/18/2026,450.7,472.0,450.0,472.0,4.19,56819.0,534.0,404.1
KSBBL,1/20/2026,473.5,487.0,472.0,484.5,2.65,152071.0,534.0,404.1
KSBBL,1/21/2026,484.0,488.0,475.2,476.0,-1.75,79601.0,534.0,404.1
KSBBL,1/22/2026,475.0,480.0,469.0,472.9,-0.65,40338.0,534.0,404.1
KSBBL,1/25/2026,480.0,484.5,475.0,481.9,1.9,77913.0,534.0,404.1
KSBBL,1/26/2026,487.0,487.8,475.3,479.0,-0.6,60656.0,534.0,404.1
KSBBL,1/27/2026,475.6,479.0,456.7,463.0,-3.34,69439.0,534.0,404.1
KSBBL,1/28/2026,463.0,466.0,455.5,458.9,-0.89,38639.0,534.0,404.1
KSBBL,1/29/2026,455.3,468.9,455.3,458.0,-0.2,28253.0,534.0,404.1
KSBBL,2/1/2026,454.0,459.9,449.0,457.0,-0.22,46780.0,534.0,404.1
KSBBL,2/2/2026,460.0,462.0,455.0,459.0,0.44,27424.0,534.0,404.1
KSBBL,2/3/2026,462.0,464.0,455.0,456.5,-0.54,36798.0,534.0,404.1
KSBBL,2/4/2026,464.0,464.0,454.9,456.9,0.09,30428.0,534.0,404.1
KSBBL,2/5/2026,451.2,465.0,451.2,462.0,1.12,26959.0,534.0,404.1
KSBBL,2/8/2026,465.0,469.0,458.0,460.0,-0.43,27668.0,534.0,404.1
KSBBL,2/9/2026,460.0,462.9,455.1,455.1,-1.07,31587.0,534.0,404.1
KSBBL,2/10/2026,455.1,456.0,446.7,448.0,-1.56,52551.0,534.0,404.1
KSBBL,2/11/2026,456.9,465.0,447.0,451.0,0.67,30566.0,534.0,404.1
KSBBL,2/12/2026,452.1,459.7,452.1,456.9,1.31,20797.0,534.0,404.1
KSBBL,2/16/2026,460.0,460.0,457.6,458.0,0.24,15531.0,534.0,404.1
KSBBL,2/17/2026,458.0,460.0,455.0,455.6,-0.52,58147.0,534.0,404.1
KSBBL,2/22/2026,455.0,456.0,446.7,449.2,-1.4,14140.0,534.0,404.1
KSBBL,2/23/2026,451.0,452.0,447.0,452.0,0.62,17700.0,534.0,404.1
KSBBL,2/24/2026,452.0,458.0,452.0,458.0,1.33,18427.0,534.0,404.1
KSBBL,2/25/2026,461.0,466.0,456.0,460.0,0.44,23165.0,534.0,404.1
KSBBL,2/26/2026,469.2,469.2,457.0,458.0,-0.43,14232.0,534.0,404.1
KSBBL,2/27/2026,469.2,469.2,457.0,458.0,0.0,14232.0,534.0,404.1
KSBBL,2/28/2026,469.2,469.2,457.0,458.0,0.0,14232.0,534.0,404.1
KSBBL,3/2/2026,467.1,471.2,452.3,462.0,0.87,15816.0,534.0,404.1
KSBBL,3/3/2026,462.0,475.9,461.1,468.0,1.3,27792.0,534.0,404.1
KSBBL,3/4/2026,462.0,475.9,461.1,468.0,0.0,27792.0,534.0,404.1
KSBBL,3/5/2026,462.0,475.9,461.1,468.0,0.0,27792.0,534.0,404.1
KSBBL,3/6/2026,462.0,475.9,461.1,468.0,0.0,27792.0,534.0,404.1
KSBBL,3/7/2026,462.0,475.9,461.1,468.0,0.0,27792.0,534.0,404.1
KSBBL,3/8/2026,462.0,475.9,461.1,468.0,0.0,27792.0,534.0,404.1
KSBBL,3/9/2026,477.3,506.4,477.3,496.0,5.98,4971.0,534.0,404.1
KSBBL,3/10/2026,505.9,505.9,481.0,491.9,-0.83,118686.0,534.0,404.1
KSBBL,3/11/2026,500.0,500.0,480.5,484.0,-1.61,93239.0,534.0,404.1
KSBBL,3/12/2026,480.0,491.0,480.0,488.0,0.83,37996.0,534.0,404.1
KSBBL,3/13/2026,480.0,491.0,480.0,488.0,0.0,37996.0,534.0,404.1
KSBBL,3/14/2026,480.0,491.0,480.0,488.0,0.0,37996.0,534.0,404.1
KSBBL,3/15/2026,497.7,497.7,488.2,489.0,0.2,39497.0,534.0,404.1
KSBBL,3/16/2026,489.0,490.9,481.3,485.0,-0.82,49335.0,534.0,404.1
KSBBL,3/17/2026,480.0,492.0,476.1,482.3,-0.56,37097.0,534.0,404.1
KSBBL,3/18/2026,480.0,492.0,476.1,482.3,0.0,37097.0,534.0,404.1
KSBBL,3/19/2026,491.0,505.0,487.1,503.0,4.29,171152.0,534.0,404.1
KSBBL,3/20/2026,491.0,505.0,487.1,503.0,0.0,171152.0,534.0,404.1
KSBBL,3/21/2026,491.0,505.0,487.1,503.0,0.0,171152.0,534.0,404.1
KSBBL,3/22/2026,504.0,511.0,496.0,509.9,1.37,215996.0,534.0,404.1
KSBBL,3/23/2026,520.0,520.0,499.1,507.0,-0.57,101213.0,534.0,404.1
KSBBL,3/24/2026,510.9,520.0,502.0,517.0,1.97,303323.0,534.0,404.1
KSBBL,3/25/2026,511.0,518.0,504.2,506.0,-2.13,134747.0,534.0,404.1
KSBBL,3/26/2026,500.0,507.3,497.4,506.0,1.2,58050.0,534.0,404.1
KSBBL,3/29/2026,497.2,505.0,486.0,492.0,-1.05,93446.0,534.0,404.1
KSBBL,3/30/2026,485.3,495.5,473.2,473.5,-2.43,95370.0,534.0,404.1
KSBBL,3/31/2026,482.0,490.0,472.0,485.0,0.62,73513.0,534.0,404.1
KSBBL,4/1/2026,480.0,485.0,462.7,470.1,-2.06,123354.0,534.0,404.1
KSBBL,4/2/2026,470.0,480.0,463.6,475.0,1.06,48468.0,534.0,404.1
KSBBL,4/5/2026,475.1,475.1,455.0,460.0,-3.18,104661.0,534.0,404.1
KSBBL,4/6/2026,455.0,500.0,455.0,492.0,8.13,151427.0,534.0,404.1
KSBBL,4/7/2026,498.0,498.8,477.0,482.0,-3.21,105054.0,534.0,404.1
KSBBL,4/8/2026,483.9,494.6,478.1,494.6,2.21,54752.0,534.0,404.1
KSBBL,4/9/2026,485.2,499.0,485.0,494.1,1.83,143102.0,534.0,404.1
KSBBL,4/10/2026,490.1,494.0,481.0,490.0,-0.02,57844.0,534.0,404.1
KSBBL,4/13/2026,492.9,492.9,483.1,485.2,-1.56,44855.0,534.0,404.1
KSBBL,4/15/2026,486.1,494.0,486.1,493.9,1.6,121226.0,534.0,404.1
KSBBL,4/16/2026,494.0,497.9,485.0,486.0,-1.62,40342.0,534.0,404.1
KSBBL,4/17/2026,484.0,490.0,481.6,485.0,0.21,45087.0,534.0,404.1
KSBBL,4/20/2026,485.0,489.8,478.0,480.0,-1.03,24101.0,534.0,404.1
KSBBL,4/21/2026,494.3,494.3,470.5,478.9,-3.12,40125.0,534.0,404.1
KSBBL,4/22/2026,465.0,489.0,465.0,484.0,4.09,94160.0,534.0,404.1
KSBBL,4/23/2026,486.0,486.0,476.2,479.5,-1.34,26605.0,534.0,404.1
KSBBL,4/24/2026,479.5,480.0,473.1,478.0,-0.31,28261.0,534.0,404.1
KSBBL,4/27/2026,478.0,485.0,478.0,480.0,0.42,20989.0,534.0,404.1
KSBBL,4/28/2026,480.0,488.9,476.0,480.0,0.0,16655.0,534.0,404.1
KSBBL,4/29/2026,480.0,482.0,471.7,475.0,-1.04,26122.0,534.0,404.1
KSBBL,4/30/2026,483.9,483.9,460.0,477.9,-1.24,29763.0,534.0,404.1
KSBBL,5/4/2026,470.1,477.9,468.0,470.0,-0.02,14706.0,534.0,404.1
KSBBL,5/5/2026,468.1,475.9,461.0,472.0,0.83,20003.0,534.0,404.1
KSBBL,5/6/2026,481.9,481.9,472.0,478.5,-0.71,34405.0,534.0,404.1
KSBBL,5/7/2026,475.0,480.0,462.0,478.0,0.63,43870.0,534.0,404.1
KSBBL,5/8/2026,472.0,481.0,471.2,480.0,1.69,19183.0,534.0,404.1
KSBBL,5/11/2026,482.0,489.0,480.0,485.0,0.62,30553.0,534.0,404.1
KSBBL,5/12/2026,494.0,494.0,480.0,480.0,-2.83,27460.0,534.0,404.1
KSBBL,5/13/2026,476.0,482.0,470.3,482.0,1.26,21671.0,534.0,404.1
KSBBL,5/14/2026,482.0,483.0,475.7,482.0,0.0,7830.0,534.0,404.1
KSBBL,5/15/2026,483.0,485.0,480.0,481.0,-0.41,8602.0,534.0,404.1
KSBBL,5/18/2026,484.0,486.0,480.0,484.0,0.0,19421.0,534.0,404.1
KSBBL,5/19/2026,485.0,485.0,479.5,480.0,-1.03,25668.0,534.0,404.1
KSBBL,5/20/2026,504.0,504.0,479.0,486.0,-3.57,7520.0,534.0,404.1
KSBBL,5/21/2026,486.9,486.9,480.0,484.0,-0.6,18360.0,534.0,404.1
KSBBL,5/22/2026,484.0,487.0,480.0,482.1,-0.39,46749.0,534.0,404.1
KSBBL,5/25/2026,484.0,490.0,484.0,487.0,0.62,39948.0,534.0,404.1
KSBBL,5/26/2026,498.9,499.0,485.0,490.0,-1.78,80891.0,534.0,404.1
KSBBL,5/27/2026,482.2,495.0,482.2,493.0,2.24,65923.0,534.0,404.1
KSBBL,6/1/2026,494.1,496.0,487.7,491.0,-0.63,26761.0,534.0,404.1
KSBBL,6/2/2026,490.0,495.0,485.1,490.0,0.0,51196.0,534.0,404.1
KSBBL,6/3/2026,486.5,493.0,486.2,491.0,0.92,32131.0,534.0,404.1
KSBBL,6/4/2026,495.0,496.0,485.6,490.0,-1.01,15941.0,534.0,404.1
KSBBL,6/5/2026,499.9,504.7,487.0,491.0,-1.78,49124.0,534.0,404.1
KSBBL,6/8/2026,490.0,493.0,483.1,491.9,0.39,21172.0,534.0,404.1
KSBBL,6/9/2026,487.0,492.0,483.0,490.0,0.62,55117.0,534.0,404.1
KSBBL,6/10/2026,503.0,534.0,478.0,489.0,-2.78,34624.0,534.0,404.1
KSBBL,6/11/2026,485.2,489.0,485.2,487.0,0.37,14287.0,534.0,404.1
KSBBL,6/12/2026,488.0,488.0,482.0,482.0,-1.23,13132.0,534.0,404.1
KSBBL,6/15/2026,481.1,490.0,480.3,483.0,0.39,5249.0,534.0,404.1
KSBBL,6/16/2026,484.9,488.8,481.6,485.0,0.02,6556.0,534.0,404.1
KSBBL,6/17/2026,482.0,489.9,482.0,487.0,1.04,5458.0,534.0,404.1
KSBBL,6/18/2026,492.0,500.0,482.0,482.0,-2.03,12686.0,534.0,404.1
KSBBL,6/19/2026,489.8,489.8,480.5,482.0,-1.59,26913.0,534.0,404.1
KSBBL,6/22/2026,481.0,488.9,480.4,482.4,0.29,4101.0,534.0,404.1
KSBBL,6/23/2026,481.1,486.9,480.0,480.0,-0.23,26442.0,534.0,404.1
KSBBL,6/24/2026,479.2,482.0,474.0,475.0,-0.88,26732.0,534.0,404.1
KSBBL,6/26/2026,475.4,476.0,472.0,475.0,-0.08,12549.0,534.0,404.1
KSBBL,6/29/2026,481.0,483.0,470.2,472.0,-1.87,26250.0,534.0,404.1
KSBBL,6/30/2026,470.1,472.0,466.1,469.0,-0.23,13598.0,534.0,404.1
KSBBL,7/1/2026,473.0,479.5,470.2,476.3,0.7,7679.0,534.0,404.1
KSBBL,7/2/2026,475.0,475.0,470.0,474.0,-0.21,6323.0,534.0,404.1
KSBBL,7/3/2026,475.0,485.0,474.6,477.0,0.42,10575.0,534.0,404.1
KSBBL,7/6/2026,477.0,477.0,474.0,475.0,-0.42,13948.0,534.0,404.1
KSBBL,7/7/2026,474.0,476.8,470.4,476.0,0.42,25657.0,534.0,404.1
KSBBL,7/8/2026,470.1,483.7,470.0,475.0,1.04,7425.0,534.0,404.1
KSBBL,7/9/2026,475.0,477.0,470.0,470.0,-1.05,20163.0,534.0,404.1
KSBBL,7/10/2026,470.0,475.0,467.1,468.5,-0.32,26190.0,534.0,404.1
KSBBL,7/13/2026,468.5,470.0,467.0,468.0,-0.11,21045.0,534.0,404.1
KSBBL,7/14/2026,463.0,470.0,463.0,470.0,1.51,22414.0,534.0,404.1
KSBBL,7/15/2026,480.0,482.0,469.0,470.0,-2.08,11263.0,534.0,404.1
KSBBL,7/16/2026,470.4,474.0,467.0,474.0,0.77,65907.0,534.0,404.1
KSBBL,7/17/2026,475.0,487.5,475.0,485.8,2.27,12637.0,534.0,404.1
KSBBL,7/20/2026,490.0,500.0,485.1,488.4,-0.33,53127.0,534.0,404.1
KSBBL,7/21/2026,488.0,493.0,485.0,490.0,0.41,69100.0,534.0,404.1
KSBBL,7/22/2026,494.0,494.7,485.3,486.0,-1.62,10178.0,534.0,404.1
KSBBL,7/23/2026,488.8,488.8,480.0,488.0,-0.16,16398.0,534.0,404.1
KSBBL,7/24/2026,485.0,491.0,485.0,488.6,0.74,17265.0,534.0,404.1
KSBBL,7/27/2026,489.0,493.0,485.0,485.1,-0.8,13245.0,534.0,404.1
KSBBL,7/28/2026,489.7,489.7,480.1,486.0,-0.76,14418.0,534.0,404.1
KSBBL,7/29/2026,487.8,487.8,482.8,482.8,-1.03,22894.0,534.0,404.1
KSBBL,7/30/2026,484.9,484.9,472.0,479.0,-1.22,20940.0,534.0,404.1
KSBBL,7/31/2026,475.1,485.0,472.1,478.0,0.61,18173.0,534.0,404.1
KSBBL,8/3/2026,480.0,482.0,474.3,475.0,-1.04,30231.0,534.0,404.1
KSBBL,8/4/2026,475.5,479.0,474.1,476.0,0.11,15433.0,534.0,404.1
KSBBL,8/5/2026,473.1,478.0,473.1,475.0,0.4,15768.0,534.0,404.1
KSBBL,8/6/2026,473.1,475.0,471.5,472.0,-0.23,18622.0,534.0,404.1
KSBBL,8/7/2026,470.1,475.8,470.0,473.6,0.74,14143.0,534.0,404.1
KSBBL,8/10/2026,475.0,475.0,464.1,468.0,-1.47,74163.0,534.0,404.1
KSBBL,8/11/2026,464.0,471.5,464.0,470.8,1.47,45848.0,534.0,404.1
KSBBL,8/12/2026,468.0,475.0,466.6,474.9,1.47,26203.0,534.0,404.1
KSBBL,8/13/2026,475.0,479.0,473.1,479.0,0.84,22050.0,534.0,404.1
KSBBL,8/14/2026,478.0,479.5,477.2,479.4,0.29,6615.0,534.0,404.1
KSBBL,8/17/2026,477.0,480.0,471.0,476.0,-0.21,14115.0,534.0,404.1
KSBBL,8/18/2026,474.1,479.0,470.4,475.0,0.19,21887.0,534.0,404.1
KSBBL,8/19/2026,476.9,479.0,469.4,479.0,0.44,10045.0,534.0,404.1
KSBBL,8/20/2026,476.0,480.0,472.5,480.0,0.84,19586.0,534.0,404.1
KSBBL,8/21/2026,480.0,480.0,474.0,474.0,-1.25,9433.0,534.0,404.1
KSBBL,8/24/2026,474.0,487.0,469.4,470.0,-0.84,30491.0,534.0,404.1
KSBBL,8/25/2026,473.1,479.0,469.4,470.0,-0.66,58122.0,534.0,404.1
KSBBL,8/26/2026,471.0,472.0,468.0,470.0,-0.21,57511.0,534.0,404.1
KSBBL,8/27/2026,470.0,475.0,469.0,474.0,0.85,25087.0,534.0,404.1
KSBBL,8/31/2026,474.0,477.9,471.0,474.0,0.0,22039.0,534.0,404.1
KSBBL,9/1/2026,470.2,479.1,470.2,474.6,0.94,40097.0,534.0,404.1
KSBBL,9/2/2026,475.0,480.0,475.0,480.0,1.05,93966.0,534.0,404.1
KSBBL,9/3/2026,475.0,475.0,463.0,463.0,-2.53,27883.0,534.0,404.1
KSBBL,9/7/2026,459.0,459.0,448.0,449.1,-2.16,36919.0,534.0,404.1
KSBBL,9/9/2026,447.0,451.0,442.0,450.3,0.74,23904.0,534.0,404.1
KSBBL,9/10/2026,450.0,452.7,440.0,441.1,-1.98,12539.0,534.0,404.1
KSBBL,9/11/2026,441.0,445.0,435.2,440.8,-0.05,22088.0,534.0,404.1
KSBBL,9/14/2026,440.0,449.0,440.0,449.0,2.05,16228.0,534.0,404.1
KSBBL,9/15/2026,455.0,462.0,450.0,457.0,0.44,37632.0,534.0,404.1
KSBBL,9/16/2026,457.6,458.8,454.6,457.0,-0.13,14902.0,534.0,404.1
KSBBL,9/17/2026,457.0,460.0,452.0,452.0,-1.09,18618.0,534.0,404.1
KSBBL,9/18/2026,450.0,458.0,450.0,457.3,1.62,22168.0,534.0,404.1
KSBBL,9/22/2026,453.1,461.0,453.0,459.0,1.3,31385.0,534.0,404.1
KSBBL,9/23/2026,457.5,458.0,450.2,450.2,-1.6,52464.0,534.0,404.1
KSBBL,9/24/2026,451.1,454.0,448.0,448.0,-0.69,36298.0,534.0,404.1
KSBBL,9/28/2026,448.1,453.9,448.1,450.0,0.42,12916.0,534.0,404.1
KSBBL,9/29/2026,449.0,452.0,447.1,0.0,-100.0,16202.0,534.0,404.1
KSBBL,9/30/2026,450.0,450.0,445.3,449.6,-0.09,17940.0,534.0,404.1
KSBBL,10/1/2026,449.6,450.0,446.0,449.0,-0.13,22045.0,534.0,404.1
KSBBL,10/2/2026,445.2,448.0,445.1,447.0,0.4,13054.0,534.0,404.1
KSBBLD87,12/21/2025,1165.8,1165.8,1165.8,1165.8,,150.0,1229.0,1047.0
KSBBLD87,12/23/2025,1160.0,1160.0,1160.0,1160.0,-0.5,25.0,1229.0,1047.0
KSBBLD87,12/31/2025,1160.1,1160.1,1156.1,1156.1,-0.34,80.0,1229.0,1047.0
KSBBLD87,1/1/2026,1161.0,1161.0,1161.0,1161.0,0.42,30.0,1229.0,1047.0
KSBBLD87,1/7/2026,1155.1,1155.1,1155.1,1155.1,-0.51,200.0,1229.0,1047.0
KSBBLD87,1/12/2026,1150.0,1150.0,1150.0,1150.0,-0.44,25.0,1229.0,1047.0
KSBBLD87,1/13/2026,1160.0,1160.0,1160.0,1160.0,0.87,280.0,1229.0,1047.0
KSBBLD87,1/18/2026,1140.0,1140.0,1140.0,1140.0,-1.72,50.0,1229.0,1047.0
KSBBLD87,2/8/2026,1120.0,1120.0,1120.0,1120.0,-1.75,50.0,1229.0,1047.0
KSBBLD87,2/11/2026,1118.0,1118.0,1118.0,1118.0,-0.18,25.0,1229.0,1047.0
KSBBLD87,2/16/2026,1118.0,1118.0,1118.0,1118.0,0.0,350.0,1229.0,1047.0
KSBBLD87,2/17/2026,1118.0,1140.0,1118.0,1140.0,1.97,55.0,1229.0,1047.0
KSBBLD87,3/2/2026,1128.0,1128.0,1128.0,1128.0,-1.05,25.0,1229.0,1047.0
KSBBLD87,3/10/2026,1127.0,1127.0,1127.0,1127.0,-0.09,25.0,1229.0,1047.0
KSBBLD87,3/12/2026,1149.0,1149.0,1135.0,1135.1,0.72,90.0,1229.0,1047.0
KSBBLD87,3/13/2026,1149.0,1149.0,1135.0,1135.1,0.0,90.0,1229.0,1047.0
KSBBLD87,3/14/2026,1149.0,1149.0,1135.0,1135.1,0.0,90.0,1229.0,1047.0
KSBBLD87,3/16/2026,1135.1,1135.1,1135.1,1135.1,0.0,25.0,1229.0,1047.0
KSBBLD87,3/22/2026,1157.0,1157.0,1155.0,1155.0,1.75,65.0,1229.0,1047.0
KSBBLD87,3/24/2026,1140.0,1140.0,1140.0,1140.0,-1.3,25.0,1229.0,1047.0
KSBBLD87,3/25/2026,1162.8,1162.8,1162.8,1162.8,2.0,155.0,1229.0,1047.0
KSBBLD87,3/31/2026,1148.0,1148.0,1148.0,1148.0,0.0,100.0,1229.0,1047.0
KSBBLD87,4/1/2026,1160.0,1170.9,1160.0,1170.9,0.94,305.0,1229.0,1047.0
KSBBLD87,4/8/2026,1160.1,1160.1,1160.1,1160.1,0.0,25.0,1229.0,1047.0
KSBBLD87,4/16/2026,1142.0,1142.0,1142.0,1142.0,0.0,25.0,1229.0,1047.0
KSBBLD87,4/21/2026,1176.0,1176.0,1176.0,1176.0,0.0,10.0,1229.0,1047.0
KSBBLD87,4/22/2026,1201.0,1201.0,1201.0,1201.0,0.0,15.0,1229.0,1047.0
KSBBLD87,4/23/2026,1201.0,1201.0,1100.1,1100.1,-8.4,51.0,1229.0,1047.0
KSBBLD87,4/27/2026,1100.1,1100.1,1100.1,1047.0,-4.83,4.0,1229.0,1047.0
KSBBLD87,4/30/2026,1078.4,1078.4,1078.4,1078.4,0.0,25.0,1229.0,1047.0
KSBBLD87,5/13/2026,1110.7,1110.7,1110.7,1110.7,0.0,25.0,1229.0,1047.0
KSBBLD87,5/21/2026,1120.1,1120.1,1120.1,1120.1,0.0,25.0,1229.0,1047.0
KSBBLD87,5/22/2026,1131.0,1131.0,1131.0,1131.0,0.0,25.0,1229.0,1047.0
KSBBLD87,5/25/2026,1132.0,1132.0,1132.0,1132.0,0.0,25.0,1229.0,1047.0
KSBBLD87,6/4/2026,1155.9,1155.9,1155.9,1155.9,0.0,1062.0,1229.0,1047.0
KSBBLD87,6/5/2026,1132.0,1132.0,1132.0,1132.0,0.0,20.0,1229.0,1047.0
KSBBLD87,6/8/2026,1130.0,1130.0,1130.0,1111.6,-1.63,31.0,1229.0,1047.0
KSBBLD87,6/9/2026,1130.0,1130.0,1130.0,1125.0,-0.44,30.0,1229.0,1047.0
KSBBLD87,6/15/2026,1125.0,1125.0,1125.0,1125.0,0.0,50.0,1229.0,1047.0
KSBBLD87,6/16/2026,1125.0,1125.0,1125.0,1125.0,0.0,25.0,1229.0,1047.0
KSBBLD87,6/22/2026,1114.0,1114.0,1114.0,1114.0,0.0,50.0,1229.0,1047.0
KSBBLD87,6/23/2026,1114.0,1114.0,1114.0,1115.0,0.09,2.0,1229.0,1047.0
KSBBLD87,7/14/2026,1148.0,1229.0,1144.6,1229.0,7.06,9857.0,1229.0,1047.0
KSBBLD87,8/3/2026,1192.2,1192.2,1192.2,1192.2,0.0,200.0,1229.0,1047.0
KSBBLD87,8/5/2026,1190.0,1190.0,1121.0,1087.7,-8.6,125.0,1229.0,1047.0
KSBBLD87,8/13/2026,1100.0,1100.0,1100.0,1100.0,0.0,25.0,1229.0,1047.0
KSBBLD87,8/17/2026,1100.0,1100.0,1100.0,1100.0,0.0,25.0,1229.0,1047.0
KSBBLD87,8/21/2026,1095.1,1112.2,1095.1,1112.2,1.56,55.0,1229.0,1047.0
KSBBLD87,9/16/2026,1112.2,1112.2,1112.2,1112.2,0.0,25.0,1229.0,1047.0
KSBBLD87,9/28/2026,1113.0,1113.0,1113.0,1113.0,0.0,25.0,1229.0,1047.0
KSBBLP,3/22/2026,269.0,269.0,269.0,269.0,,260000.0,269.0,110.0
KSBBLP,4/27/2026,269.0,269.0,269.0,269.0,0.0,30500.0,269.0,110.0
KSBBLP,5/25/2026,269.0,269.0,269.0,269.0,0.0,14079.0,269.0,110.0
KSY,1/26/2026,9.22,9.4,9.22,9.25,,19087.0,10.26,8.21
KSY,1/27/2026,9.43,9.43,9.4,9.4,1.62,25175.0,10.26,8.21
KSY,1/28/2026,9.34,9.58,9.34,9.46,0.64,11173.0,10.26,8.21
KSY,1/29/2026,9.34,9.83,9.34,9.83,3.91,3200.0,10.26,8.21
KSY,2/1/2026,9.65,9.75,9.5,9.63,-2.03,6330.0,10.26,8.21
KSY,2/2/2026,9.6,9.79,9.39,9.6,-0.31,67820.0,10.26,8.21
KSY,2/3/2026,9.5,9.5,8.83,9.49,-1.15,50800.0,10.26,8.21
KSY,2/4/2026,9.31,9.58,9.31,9.57,0.84,80350.0,10.26,8.21
KSY,2/5/2026,9.38,9.76,9.31,9.65,0.84,375165.0,10.26,8.21
KSY,2/8/2026,9.46,9.5,9.31,9.42,-2.38,1400.0,10.26,8.21
KSY,2/9/2026,9.3,9.4,9.3,9.34,-0.85,400.0,10.26,8.21
KSY,2/10/2026,9.52,9.52,9.33,9.4,0.64,3400.0,10.26,8.21
KSY,2/11/2026,9.24,9.58,9.24,9.58,1.91,3650.0,10.26,8.21
KSY,2/12/2026,9.51,9.58,9.4,9.58,0.0,400.0,10.26,8.21
KSY,2/16/2026,9.39,9.42,9.39,9.39,-1.98,1200.0,10.26,8.21
KSY,2/17/2026,9.32,9.69,9.32,9.68,3.09,10800.0,10.26,8.21
KSY,2/22/2026,9.49,9.49,9.43,9.43,-2.58,1150.0,10.26,8.21
KSY,2/23/2026,9.3,9.33,9.3,9.33,-1.06,12500.0,10.26,8.21
KSY,2/24/2026,9.22,9.7,9.22,9.7,3.97,35370.0,10.26,8.21
KSY,2/25/2026,9.51,9.51,9.33,9.33,-3.81,200.0,10.26,8.21
KSY,2/26/2026,9.25,9.32,9.25,9.32,-0.11,420.0,10.26,8.21
KSY,2/27/2026,9.25,9.32,9.25,9.32,0.0,420.0,10.26,8.21
KSY,2/28/2026,9.25,9.32,9.25,9.32,0.0,420.0,10.26,8.21
KSY,3/2/2026,9.15,9.4,9.15,9.4,0.86,2800.0,10.26,8.21
KSY,3/3/2026,9.25,9.58,9.25,9.58,1.91,310.0,10.26,8.21
KSY,3/4/2026,9.25,9.58,9.25,9.58,0.0,310.0,10.26,8.21
KSY,3/5/2026,9.25,9.58,9.25,9.58,0.0,310.0,10.26,8.21
KSY,3/6/2026,9.25,9.58,9.25,9.58,0.0,310.0,10.26,8.21
KSY,3/7/2026,9.25,9.58,9.25,9.58,0.0,310.0,10.26,8.21
KSY,3/8/2026,9.25,9.58,9.25,9.58,0.0,310.0,10.26,8.21
KSY,3/10/2026,9.5,9.5,9.31,9.46,-1.25,2500.0,10.26,8.21
KSY,3/11/2026,9.46,9.95,9.32,9.95,5.18,53370.0,10.26,8.21
KSY,3/12/2026,9.8,9.8,9.5,9.58,-3.72,1710.0,10.26,8.21
KSY,3/13/2026,9.8,9.8,9.5,9.58,0.0,1710.0,10.26,8.21
KSY,3/14/2026,9.8,9.8,9.5,9.58,0.0,1710.0,10.26,8.21
KSY,3/15/2026,9.77,9.95,9.6,9.8,2.3,14730.0,10.26,8.21
KSY,3/16/2026,9.61,9.8,9.47,9.49,-3.16,900.0,10.26,8.21
KSY,3/17/2026,9.45,9.67,9.45,9.67,1.9,22660.0,10.26,8.21
KSY,3/18/2026,9.45,9.67,9.45,9.67,0.0,22660.0,10.26,8.21
KSY,3/19/2026,9.5,10.0,9.5,9.81,1.45,13843.0,10.26,8.21
KSY,3/20/2026,9.5,10.0,9.5,9.81,0.0,13843.0,10.26,8.21
KSY,3/21/2026,9.5,10.0,9.5,9.81,0.0,13843.0,10.26,8.21
KSY,3/22/2026,9.62,10.0,9.62,9.9,0.92,14100.0,10.26,8.21
KSY,3/23/2026,9.72,9.93,9.72,9.75,-1.52,2524.0,10.26,8.21
KSY,3/24/2026,9.7,9.8,9.62,9.8,0.51,2076.0,10.26,8.21
KSY,3/25/2026,9.7,9.9,9.7,9.9,1.02,2200.0,10.26,8.21
KSY,3/26/2026,9.72,9.9,9.56,9.77,0.51,3700.0,10.26,8.21
KSY,3/29/2026,9.65,9.85,9.65,9.85,2.07,79492.0,10.26,8.21
KSY,3/30/2026,9.67,10.04,9.67,9.75,0.83,1250.0,10.26,8.21
KSY,3/31/2026,9.56,9.94,9.53,9.75,1.99,3110.0,10.26,8.21
KSY,4/1/2026,9.6,9.7,9.58,9.58,-0.21,6000.0,10.26,8.21
KSY,4/2/2026,9.5,9.77,9.5,9.58,0.84,3550.0,10.26,8.21
KSY,4/5/2026,9.51,9.75,9.51,9.6,0.95,6000.0,10.26,8.21
KSY,4/6/2026,9.41,9.59,9.41,9.59,1.91,700.0,10.26,8.21
KSY,4/7/2026,9.4,9.44,9.4,9.44,0.43,2150.0,10.26,8.21
KSY,4/8/2026,9.45,9.45,9.45,9.45,0.0,400.0,10.26,8.21
KSY,4/9/2026,9.28,9.65,9.28,9.65,3.99,1250.0,10.26,8.21
KSY,4/10/2026,9.47,9.65,9.47,9.64,1.8,1200.0,10.26,8.21
KSY,4/13/2026,9.45,9.5,9.3,9.5,0.53,3624.0,10.26,8.21
KSY,4/15/2026,9.33,9.56,9.33,9.56,2.47,11130.0,10.26,8.21
KSY,4/16/2026,9.39,9.79,9.39,9.6,2.24,1300.0,10.26,8.21
KSY,4/17/2026,9.53,9.76,9.53,9.76,2.41,1800.0,10.26,8.21
KSY,4/20/2026,9.8,9.8,9.68,9.7,-1.02,3200.0,10.26,8.21
KSY,4/21/2026,9.63,10.26,9.63,9.76,1.35,11450.0,10.26,8.21
KSY,4/22/2026,9.5,9.55,9.44,9.53,0.32,2800.0,10.26,8.21
KSY,4/23/2026,9.54,9.8,9.54,9.6,0.63,3300.0,10.26,8.21
KSY,4/24/2026,9.6,10.0,9.85,9.86,2.71,16350.0,10.26,8.21
KSY,4/27/2026,9.86,9.85,9.59,9.61,-2.54,2820.0,10.26,8.21
KSY,4/28/2026,9.61,9.49,9.45,9.49,-1.25,600.0,10.26,8.21
KSY,4/29/2026,9.49,9.59,9.31,9.59,1.05,850.0,10.26,8.21
KSY,4/30/2026,9.35,9.51,9.35,9.51,1.71,1750.0,10.26,8.21
KSY,5/4/2026,9.23,9.51,9.23,9.51,3.03,600.0,10.26,8.21
KSY,5/5/2026,9.24,9.31,9.24,9.31,0.76,1050.0,10.26,8.21
KSY,5/6/2026,9.26,9.5,9.26,9.5,2.59,1100.0,10.26,8.21
KSY,5/7/2026,9.5,9.5,9.5,9.5,0.0,200.0,10.26,8.21
KSY,5/8/2026,9.22,9.3,9.22,9.3,0.87,500.0,10.26,8.21
KSY,5/11/2026,9.22,9.74,9.22,9.74,5.64,3640.0,10.26,8.21
KSY,5/12/2026,9.45,9.74,9.45,9.74,3.07,11017.0,10.26,8.21
KSY,5/13/2026,9.45,9.75,9.45,9.75,3.17,1400.0,10.26,8.21
KSY,5/14/2026,9.51,9.79,9.41,9.41,-1.05,57600.0,10.26,8.21
KSY,5/15/2026,9.33,9.5,9.33,9.4,0.75,890.0,10.26,8.21
KSY,5/18/2026,9.4,9.5,9.4,9.46,0.64,4700.0,10.26,8.21
KSY,5/19/2026,9.46,9.57,9.46,9.57,1.16,900.0,10.26,8.21
KSY,5/20/2026,9.4,9.79,9.4,9.79,4.15,3500.0,10.26,8.21
KSY,5/21/2026,9.7,9.79,9.69,9.79,0.93,900.0,10.26,8.21
KSY,5/22/2026,9.5,9.8,9.5,9.8,3.16,27267.0,10.26,8.21
KSY,5/25/2026,9.8,9.9,9.61,9.9,1.02,21900.0,10.26,8.21
KSY,5/26/2026,9.61,9.74,9.61,9.74,1.35,400.0,10.26,8.21
KSY,5/27/2026,9.74,10.0,9.6,9.83,0.92,8050.0,10.26,8.21
KSY,6/1/2026,9.56,9.82,9.56,9.67,1.15,2200.0,10.26,8.21
KSY,6/2/2026,9.58,9.86,9.58,9.8,2.3,5300.0,10.26,8.21
KSY,6/3/2026,9.65,9.72,9.65,9.72,0.73,1100.0,10.26,8.21
KSY,6/4/2026,9.51,9.79,9.51,9.7,2.0,600.0,10.26,8.21
KSY,6/5/2026,9.99,9.99,9.75,9.75,-2.4,1900.0,10.26,8.21
KSY,6/8/2026,9.7,9.76,9.7,9.76,0.62,900.0,10.26,8.21
KSY,6/9/2026,9.75,9.82,9.66,9.82,0.72,5000.0,10.26,8.21
KSY,6/10/2026,9.8,9.93,9.8,9.93,1.33,1000.0,10.26,8.21
KSY,6/11/2026,9.64,9.77,9.64,9.77,1.35,800.0,10.26,8.21
KSY,6/12/2026,9.67,9.69,9.67,9.69,0.21,600.0,10.26,8.21
KSY,6/15/2026,9.69,9.9,9.69,9.76,0.72,4200.0,10.26,8.21
KSY,6/16/2026,9.65,9.65,9.65,9.65,0.0,1720.0,10.26,8.21
KSY,6/17/2026,9.5,9.75,9.5,9.75,2.63,1400.0,10.26,8.21
KSY,6/18/2026,9.65,9.83,9.65,9.83,1.87,900.0,10.26,8.21
KSY,6/19/2026,9.66,9.9,9.66,9.9,2.48,2400.0,10.26,8.21
KSY,6/22/2026,9.82,9.91,9.82,9.91,0.92,1300.0,10.26,8.21
KSY,6/23/2026,9.75,9.9,9.75,9.78,0.31,3711.0,10.26,8.21
KSY,6/24/2026,9.65,9.9,9.65,9.75,1.04,970.0,10.26,8.21
KSY,6/26/2026,9.75,9.8,9.65,9.65,-1.03,4000.0,10.26,8.21
KSY,6/29/2026,9.8,10.03,9.65,9.8,0.0,3010.0,10.26,8.21
KSY,6/30/2026,9.65,9.67,9.65,9.65,0.0,500.0,10.26,8.21
KSY,7/1/2026,9.7,9.99,9.7,9.99,2.99,3210.0,10.26,8.21
KSY,7/2/2026,9.73,9.73,9.72,9.72,-0.1,400.0,10.26,8.21
KSY,7/3/2026,9.6,9.83,9.6,9.75,1.56,6890.0,10.26,8.21
KSY,7/6/2026,9.51,9.67,9.51,9.67,1.68,600.0,10.26,8.21
KSY,7/7/2026,9.4,9.46,8.86,9.2,-2.13,28400.0,10.26,8.21
KSY,7/8/2026,9.01,9.57,9.01,9.57,6.22,1200.0,10.26,8.21
KSY,7/9/2026,9.65,9.94,9.65,9.94,3.01,36900.0,10.26,8.21
KSY,7/10/2026,9.7,9.7,9.7,9.7,0.0,1500.0,10.26,8.21
KSY,7/13/2026,9.5,9.5,9.41,9.5,0.0,2450.0,10.26,8.21
KSY,7/14/2026,9.22,9.8,9.22,9.8,6.29,3550.0,10.26,8.21
KSY,7/15/2026,9.75,9.75,9.75,9.75,0.0,6044.0,10.26,8.21
KSY,7/16/2026,9.75,10.03,9.75,10.03,2.87,300.0,10.26,8.21
KSY,7/17/2026,10.0,10.01,9.71,9.75,-2.5,700.0,10.26,8.21
KSY,7/20/2026,9.75,9.75,9.75,9.75,0.0,800.0,10.26,8.21
KSY,7/21/2026,9.75,10.0,9.46,10.0,2.56,29495.0,10.26,8.21
KSY,7/22/2026,10.0,10.0,9.76,9.76,-2.4,10300.0,10.26,8.21
KSY,7/23/2026,9.75,9.75,9.75,9.75,0.0,1400.0,10.26,8.21
KSY,7/24/2026,9.48,9.55,9.48,9.55,0.74,1200.0,10.26,8.21
KSY,7/27/2026,9.5,9.83,9.5,9.83,3.47,701.0,10.26,8.21
KSY,7/28/2026,9.56,9.96,9.56,9.95,4.08,3700.0,10.26,8.21
KSY,7/29/2026,9.95,9.95,9.66,9.9,-0.5,1100.0,10.26,8.21
KSY,7/30/2026,9.9,9.9,9.9,9.9,0.0,1300.0,10.26,8.21
KSY,7/31/2026,9.61,9.79,9.5,9.79,1.87,3382.0,10.26,8.21
KSY,8/3/2026,9.54,10.08,9.54,9.85,3.25,706646.0,10.26,8.21
KSY,8/4/2026,9.6,9.75,9.57,9.75,1.56,500.0,10.26,8.21
KSY,8/5/2026,9.47,9.75,9.47,9.75,2.96,530.0,10.26,8.21
KSY,8/6/2026,9.47,9.78,9.47,9.5,0.32,973.0,10.26,8.21
KSY,8/7/2026,9.23,9.53,9.23,9.52,3.14,43030.0,10.26,8.21
KSY,8/10/2026,9.49,9.49,8.97,9.47,-0.21,7000.0,10.26,8.21
KSY,8/11/2026,9.19,9.33,9.19,9.33,1.52,6350.0,10.26,8.21
KSY,8/12/2026,9.6,9.6,9.35,9.36,-2.5,2130.0,10.26,8.21
KSY,8/13/2026,9.1,9.3,9.1,9.3,2.2,500.0,10.26,8.21
KSY,8/14/2026,9.11,9.11,9.11,9.11,0.0,200.0,10.26,8.21
KSY,8/17/2026,9.02,9.25,9.02,9.25,2.55,2300.0,10.26,8.21
KSY,8/18/2026,9.23,9.43,9.1,9.43,2.17,11600.0,10.26,8.21
KSY,8/19/2026,9.16,9.17,9.16,9.17,0.11,300.0,10.26,8.21
KSY,8/20/2026,9.16,9.71,9.16,9.16,0.0,2180.0,10.26,8.21
KSY,8/21/2026,8.89,9.16,8.89,9.16,3.04,3785.0,10.26,8.21
KSY,8/24/2026,9.15,9.2,9.15,9.2,0.55,600.0,10.26,8.21
KSY,8/25/2026,8.96,9.47,8.96,9.47,5.69,1000.0,10.26,8.21
KSY,8/26/2026,9.19,9.19,9.19,9.19,0.0,100.0,10.26,8.21
KSY,8/27/2026,8.92,8.92,8.92,8.92,0.0,500.0,10.26,8.21
KSY,8/31/2026,8.85,8.86,8.85,8.85,0.0,1500.0,10.26,8.21
KSY,9/1/2026,8.85,9.1,8.85,9.1,2.82,300.0,10.26,8.21
KSY,9/2/2026,9.1,9.1,8.84,8.84,-2.86,300.0,10.26,8.21
KSY,9/7/2026,8.59,8.75,8.59,8.75,1.86,1400.0,10.26,8.21
KSY,9/9/2026,8.75,8.8,8.75,8.77,0.23,1700.0,10.26,8.21
KSY,9/10/2026,8.79,8.84,8.79,8.84,0.57,300.0,10.26,8.21
KSY,9/15/2026,8.81,9.0,8.81,8.85,0.45,500.0,10.26,8.21
KSY,9/16/2026,8.81,8.84,8.81,8.84,0.34,400.0,10.26,8.21
KSY,9/17/2026,8.78,9.03,8.76,9.03,2.85,2700.0,10.26,8.21
KSY,9/18/2026,9.0,9.0,9.0,9.0,0.0,300.0,10.26,8.21
KSY,9/22/2026,8.82,9.1,8.82,9.1,3.17,800.0,10.26,8.21
KSY,9/23/2026,8.86,8.86,8.86,8.86,0.0,100.0,10.26,8.21
KSY,9/24/2026,8.89,9.53,8.89,9.53,7.2,1920.0,10.26,8.21
KSY,9/29/2026,9.25,9.25,9.25,0.0,-100.0,100.0,10.26,8.21
KSY,9/30/2026,9.0,9.0,9.0,9.0,0.0,100.0,10.26,8.21
KSY,10/1/2026,8.89,9.0,8.78,9.0,1.24,811.0,10.26,8.21
KSY,10/2/2026,8.75,9.15,8.75,9.15,4.57,350.0,10.26,8.21
LBBL,9/26/2017,212.0,215.0,210.0,212.0,,2972.0,555.0,433.0
LBBL,10/3/2017,212.0,217.0,213.0,213.0,0.47,909.0,555.0,433.0
LBBL,10/4/2017,213.0,213.0,208.0,208.0,-2.35,2312.0,555.0,433.0
LBBL,10/8/2017,208.0,207.0,200.0,204.0,-1.92,9664.0,555.0,433.0
LBBL,10/9/2017,204.0,208.0,200.0,205.0,0.49,8312.0,555.0,433.0
LBBL,10/10/2017,205.0,209.0,202.0,209.0,1.95,4627.0,555.0,433.0
LBBL,10/11/2017,209.0,213.0,208.0,208.0,-0.48,8138.0,555.0,433.0
LBBL,10/12/2017,208.0,209.0,206.0,208.0,0.0,2985.0,555.0,433.0
LBBL,10/15/2017,208.0,212.0,207.0,212.0,1.92,4951.0,555.0,433.0
LBBL,10/16/2017,212.0,218.0,206.0,217.0,2.36,16004.0,555.0,433.0
LBBL,10/17/2017,217.0,218.0,210.0,215.0,-0.92,21769.0,555.0,433.0
LBBL,10/18/2017,215.0,218.0,213.0,218.0,1.4,5821.0,555.0,433.0
LBBL,10/22/2017,218.0,220.0,214.0,216.0,-0.92,4072.0,555.0,433.0
LBBL,10/23/2017,216.0,219.0,213.0,214.0,-0.93,7241.0,555.0,433.0
LBBL,10/24/2017,214.0,218.0,211.0,214.0,0.0,5290.0,555.0,433.0
LBBL,10/25/2017,214.0,214.0,211.0,212.0,-0.93,6070.0,555.0,433.0
LBBL,10/29/2017,212.0,213.0,208.0,213.0,0.47,11218.0,555.0,433.0
LBBL,10/30/2017,213.0,211.0,207.0,208.0,-2.35,16480.0,555.0,433.0
LBBL,10/31/2017,208.0,212.0,208.0,212.0,1.92,9957.0,555.0,433.0
LBBL,11/1/2017,212.0,210.0,206.0,206.0,-2.83,12386.0,555.0,433.0
LBBL,11/2/2017,206.0,210.0,205.0,210.0,1.94,4795.0,555.0,433.0
LBBL,11/5/2017,210.0,206.0,203.0,205.0,-2.38,11688.0,555.0,433.0
LBBL,11/6/2017,205.0,205.0,196.0,201.0,-1.95,19787.0,555.0,433.0
LBBL,11/7/2017,201.0,205.0,200.0,201.0,0.0,8564.0,555.0,433.0
LBBL,11/8/2017,201.0,199.0,196.0,197.0,-1.99,3530.0,555.0,433.0
LBBL,11/9/2017,197.0,202.0,197.0,198.0,0.51,3502.0,555.0,433.0
LBBL,11/12/2017,198.0,202.0,198.0,201.0,1.52,3067.0,555.0,433.0
LBBL,11/13/2017,201.0,203.0,199.0,200.0,-0.5,3826.0,555.0,433.0
LBBL,11/14/2017,200.0,208.0,198.0,200.0,0.0,10261.0,555.0,433.0
LBBL,11/15/2017,200.0,204.0,196.0,201.0,0.5,14949.0,555.0,433.0
LBBL,11/16/2017,201.0,199.0,197.0,197.0,-1.99,3546.0,555.0,433.0
LBBL,11/19/2017,197.0,198.0,195.0,197.0,0.0,6632.0,555.0,433.0
LBBL,11/20/2017,197.0,198.0,194.0,194.0,-1.52,1521.0,555.0,433.0
LBBL,11/21/2017,194.0,201.0,192.0,201.0,3.61,1224.0,555.0,433.0
LBBL,11/22/2017,201.0,198.0,195.0,198.0,-1.49,3874.0,555.0,433.0
LBBL,11/23/2017,198.0,198.0,195.0,198.0,0.0,1328.0,555.0,433.0
LBBL,11/26/2017,198.0,202.0,197.0,199.0,0.51,3732.0,555.0,433.0
LBBL,11/27/2017,199.0,202.0,195.0,201.0,1.01,5642.0,555.0,433.0
LBBL,11/28/2017,201.0,198.0,196.0,196.0,-2.49,3580.0,555.0,433.0
LBBL,11/29/2017,196.0,204.0,194.0,199.0,1.53,23541.0,555.0,433.0
LBBL,11/30/2017,199.0,202.0,196.0,198.0,-0.5,3596.0,555.0,433.0
LBBL,12/4/2017,198.0,201.0,193.0,198.0,0.0,3953.0,555.0,433.0
LBBL,12/5/2017,198.0,202.0,196.0,199.0,0.51,1379.0,555.0,433.0
LBBL,12/6/2017,199.0,202.0,197.0,198.0,-0.5,4100.0,555.0,433.0
LBBL,12/10/2017,198.0,201.0,198.0,198.0,0.0,1200.0,555.0,433.0
LBBL,12/11/2017,198.0,197.0,196.0,197.0,-0.51,1701.0,555.0,433.0
LBBL,12/12/2017,197.0,199.0,192.0,194.0,-1.52,3344.0,555.0,433.0
LBBL,12/13/2017,194.0,196.0,191.0,196.0,1.03,5626.0,555.0,433.0
LBBL,12/14/2017,196.0,196.0,193.0,195.0,-0.51,3106.0,555.0,433.0
LBBL,12/17/2017,195.0,196.0,193.0,193.0,-1.03,2095.0,555.0,433.0
LBBL,12/18/2017,193.0,194.0,191.0,192.0,-0.52,3340.0,555.0,433.0
LBBL,12/19/2017,192.0,193.0,191.0,191.0,-0.52,15143.0,555.0,433.0
LBBL,12/20/2017,191.0,193.0,189.0,193.0,1.05,6611.0,555.0,433.0
LBBL,12/21/2017,193.0,191.0,188.0,188.0,-2.59,4993.0,555.0,433.0
LBBL,12/24/2017,188.0,191.0,186.0,190.0,1.06,374.0,555.0,433.0
LBBL,12/26/2017,190.0,193.0,181.0,182.0,-4.21,4380.0,555.0,433.0
LBBL,12/27/2017,182.0,183.0,179.0,179.0,-1.65,5953.0,555.0,433.0
LBBL,12/28/2017,179.0,180.0,173.0,177.0,-1.12,7644.0,555.0,433.0
LBBL,12/31/2017,177.0,177.0,172.0,173.0,-2.26,15182.0,555.0,433.0
LBBL,1/1/2018,173.0,180.0,173.0,180.0,4.05,6800.0,555.0,433.0
LBBL,1/2/2018,180.0,181.0,178.0,180.0,0.0,1545.0,555.0,433.0
LBBL,1/3/2018,180.0,180.0,175.0,176.0,-2.22,3272.0,555.0,433.0
LBBL,1/4/2018,176.0,178.0,174.0,174.0,-1.14,9933.0,555.0,433.0
LBBL,1/7/2018,167.0,170.0,164.0,167.0,-4.02,5109.0,555.0,433.0
LBBL,1/8/2018,167.0,170.0,163.0,169.0,1.2,4945.0,555.0,433.0
LBBL,1/9/2018,169.0,172.0,165.0,167.0,-1.18,2487.0,555.0,433.0
LBBL,1/10/2018,167.0,170.0,165.0,167.0,0.0,1976.0,555.0,433.0
LBBL,1/14/2018,167.0,167.0,164.0,167.0,0.0,104.0,555.0,433.0
LBBL,1/16/2018,167.0,170.0,161.0,161.0,-3.59,2420.0,555.0,433.0
LBBL,1/17/2018,161.0,164.0,161.0,163.0,1.24,1966.0,555.0,433.0
LBBL,1/21/2018,163.0,166.0,161.0,161.0,-1.23,2149.0,555.0,433.0
LBBL,1/22/2018,161.0,163.0,160.0,162.0,0.62,3074.0,555.0,433.0
LBBL,1/23/2018,162.0,167.0,164.0,165.0,1.85,5260.0,555.0,433.0
LBBL,1/24/2018,165.0,170.0,166.0,170.0,3.03,11524.0,555.0,433.0
LBBL,1/25/2018,170.0,172.0,169.0,170.0,0.0,15458.0,555.0,433.0
LBBL,1/28/2018,170.0,173.0,169.0,171.0,0.59,4434.0,555.0,433.0
LBBL,1/29/2018,171.0,174.0,167.0,169.0,-1.17,5062.0,555.0,433.0
LBBL,1/31/2018,169.0,169.0,164.0,164.0,-2.96,14565.0,555.0,433.0
LBBL,2/1/2018,164.0,168.0,164.0,165.0,0.61,12941.0,555.0,433.0
LBBL,2/4/2018,165.0,168.0,166.0,167.0,1.21,6578.0,555.0,433.0
LBBL,2/5/2018,167.0,167.0,164.0,164.0,-1.8,6928.0,555.0,433.0
LBBL,2/6/2018,164.0,167.0,164.0,165.0,0.61,1335.0,555.0,433.0
LBBL,2/7/2018,165.0,166.0,163.0,166.0,0.61,282.0,555.0,433.0
LBBL,2/8/2018,166.0,166.0,163.0,164.0,-1.2,2856.0,555.0,433.0
LBBL,2/11/2018,164.0,164.0,162.0,163.0,-0.61,4672.0,555.0,433.0
LBBL,2/12/2018,163.0,166.0,164.0,165.0,1.23,3732.0,555.0,433.0
LBBL,2/14/2018,165.0,165.0,164.0,164.0,-0.61,4348.0,555.0,433.0
LBBL,2/15/2018,164.0,174.0,165.0,174.0,6.1,5899.0,555.0,433.0
LBBL,2/18/2018,175.0,175.0,168.0,169.0,-2.87,18244.0,555.0,433.0
LBBL,2/20/2018,169.0,169.0,165.0,166.0,-1.78,5198.0,555.0,433.0
LBBL,2/21/2018,164.0,165.0,163.0,163.0,-1.81,1196.0,555.0,433.0
LBBL,2/22/2018,162.0,168.0,162.0,164.0,0.61,3348.0,555.0,433.0
LBBL,2/25/2018,164.0,165.0,162.0,162.0,-1.22,8078.0,555.0,433.0
LBBL,2/26/2018,163.0,164.0,162.0,163.0,0.62,4530.0,555.0,433.0
LBBL,2/27/2018,164.0,167.0,162.0,164.0,0.61,13562.0,555.0,433.0
LBBL,2/28/2018,165.0,165.0,159.0,160.0,-2.44,15009.0,555.0,433.0
LBBL,3/4/2018,158.0,158.0,151.0,152.0,-5.0,16992.0,555.0,433.0
LBBL,3/5/2018,155.0,155.0,150.0,153.0,0.66,8266.0,555.0,433.0
LBBL,3/6/2018,151.0,158.0,150.0,157.0,2.61,10028.0,555.0,433.0
LBBL,3/7/2018,155.0,160.0,154.0,160.0,1.91,18974.0,555.0,433.0
LBBL,3/11/2018,157.0,159.0,154.0,154.0,-3.75,2589.0,555.0,433.0
LBBL,3/12/2018,152.0,157.0,151.0,155.0,0.65,3050.0,555.0,433.0
LBBL,3/13/2018,153.0,157.0,152.0,157.0,1.29,6126.0,555.0,433.0
LBBL,3/14/2018,156.0,157.0,155.0,157.0,0.0,1121.0,555.0,433.0
LBBL,3/15/2018,156.0,160.0,156.0,156.0,-0.64,4977.0,555.0,433.0
LBBL,3/18/2018,156.0,156.0,154.0,154.0,-1.28,2832.0,555.0,433.0
LBBL,3/19/2018,152.0,155.0,152.0,154.0,0.0,2105.0,555.0,433.0
LBBL,3/20/2018,152.0,153.0,151.0,153.0,-0.65,2035.0,555.0,433.0
LBBL,3/21/2018,152.0,154.0,150.0,152.0,-0.65,3257.0,555.0,433.0
LBBL,3/22/2018,150.0,151.0,145.0,150.0,-1.32,9036.0,555.0,433.0
LBBL,3/26/2018,148.0,148.0,143.0,143.0,-4.67,6980.0,555.0,433.0
LBBL,3/27/2018,141.0,142.0,136.0,142.0,-0.7,7877.0,555.0,433.0
LBBL,3/28/2018,144.0,148.0,141.0,145.0,2.11,3669.0,555.0,433.0
LBBL,3/29/2018,145.0,151.0,143.0,146.0,0.69,4120.0,555.0,433.0
LBBL,4/1/2018,145.0,146.0,142.0,145.0,-0.68,3052.0,555.0,433.0
LBBL,4/2/2018,143.0,149.0,141.0,145.0,0.0,23224.0,555.0,433.0
LBBL,4/3/2018,147.0,148.0,145.0,148.0,2.07,546.0,555.0,433.0
LBBL,4/4/2018,147.0,156.0,145.0,156.0,5.41,12549.0,555.0,433.0
LBBL,4/5/2018,153.0,159.0,153.0,159.0,1.92,16619.0,555.0,433.0
LBBL,4/8/2018,157.0,168.0,154.0,160.0,0.63,31289.0,555.0,433.0
LBBL,4/9/2018,163.0,164.0,153.0,153.0,-4.37,10655.0,555.0,433.0
LBBL,4/10/2018,151.0,159.0,150.0,154.0,0.65,9646.0,555.0,433.0
LBBL,4/11/2018,151.0,155.0,151.0,154.0,0.0,1692.0,555.0,433.0
LBBL,4/12/2018,152.0,158.0,152.0,155.0,0.65,9356.0,555.0,433.0
LBBL,4/15/2018,153.0,153.0,150.0,150.0,-3.23,17332.0,555.0,433.0
LBBL,4/16/2018,153.0,157.0,147.0,152.0,1.33,17726.0,555.0,433.0
LBBL,4/17/2018,155.0,164.0,152.0,157.0,3.29,12129.0,555.0,433.0
LBBL,4/18/2018,159.0,172.0,155.0,169.0,7.64,26218.0,555.0,433.0
LBBL,4/19/2018,172.0,176.0,163.0,172.0,1.78,63199.0,555.0,433.0
LBBL,4/22/2018,175.0,184.0,175.0,179.0,4.07,45159.0,555.0,433.0
LBBL,4/23/2018,182.0,182.0,172.0,175.0,-2.23,31437.0,555.0,433.0
LBBL,4/24/2018,175.0,175.0,166.0,169.0,-3.43,21632.0,555.0,433.0
LBBL,4/25/2018,167.0,172.0,164.0,164.0,-2.96,17030.0,555.0,433.0
LBBL,4/26/2018,162.0,170.0,159.0,159.0,-3.05,13880.0,555.0,433.0
LBBL,4/29/2018,157.0,169.0,157.0,162.0,1.89,2949.0,555.0,433.0
LBBL,5/2/2018,159.0,165.0,158.0,165.0,1.85,13700.0,555.0,433.0
LBBL,5/3/2018,168.0,169.0,163.0,166.0,0.61,14658.0,555.0,433.0
LBBL,5/6/2018,166.0,166.0,161.0,162.0,-2.41,6495.0,555.0,433.0
LBBL,5/7/2018,165.0,165.0,161.0,162.0,0.0,2627.0,555.0,433.0
LBBL,5/8/2018,163.0,168.0,161.0,168.0,3.7,4522.0,555.0,433.0
LBBL,5/9/2018,170.0,170.0,163.0,163.0,-2.98,3238.0,555.0,433.0
LBBL,5/10/2018,166.0,169.0,160.0,163.0,0.0,3451.0,555.0,433.0
LBBL,5/14/2018,160.0,164.0,160.0,162.0,-0.61,1275.0,555.0,433.0
LBBL,5/15/2018,160.0,160.0,160.0,160.0,-1.23,32.0,555.0,433.0
LBBL,5/16/2018,160.0,161.0,160.0,161.0,0.63,1298.0,555.0,433.0
LBBL,5/17/2018,164.0,164.0,161.0,161.0,0.0,2118.0,555.0,433.0
LBBL,5/20/2018,164.0,166.0,160.0,163.0,1.24,11006.0,555.0,433.0
LBBL,5/21/2018,160.0,160.0,157.0,160.0,-1.84,7517.0,555.0,433.0
LBBL,5/22/2018,163.0,163.0,158.0,158.0,-1.25,7345.0,555.0,433.0
LBBL,5/23/2018,158.0,159.0,156.0,159.0,0.63,1917.0,555.0,433.0
LBBL,5/24/2018,162.0,162.0,157.0,157.0,-1.26,2112.0,555.0,433.0
LBBL,5/27/2018,154.0,158.0,154.0,155.0,-1.27,5221.0,555.0,433.0
LBBL,5/28/2018,153.0,161.0,153.0,160.0,3.23,5114.0,555.0,433.0
LBBL,5/29/2018,160.0,160.0,156.0,157.0,-1.88,5059.0,555.0,433.0
LBBL,5/30/2018,155.0,160.0,155.0,158.0,0.64,2480.0,555.0,433.0
LBBL,5/31/2018,155.0,158.0,155.0,158.0,0.0,2088.0,555.0,433.0
LBBL,6/3/2018,155.0,158.0,153.0,153.0,-3.16,4349.0,555.0,433.0
LBBL,6/4/2018,152.0,152.0,149.0,150.0,-1.96,2524.0,555.0,433.0
LBBL,6/6/2018,153.0,153.0,150.0,150.0,0.0,2000.0,555.0,433.0
LBBL,6/7/2018,151.0,152.0,149.0,149.0,-0.67,14447.0,555.0,433.0
LBBL,6/10/2018,149.0,151.0,149.0,150.0,0.67,8292.0,555.0,433.0
LBBL,6/11/2018,147.0,150.0,147.0,150.0,0.0,1266.0,555.0,433.0
LBBL,6/12/2018,150.0,152.0,150.0,150.0,0.0,1800.0,555.0,433.0
LBBL,6/13/2018,147.0,152.0,147.0,150.0,0.0,5165.0,555.0,433.0
LBBL,6/14/2018,151.0,152.0,149.0,150.0,0.0,12572.0,555.0,433.0
LBBL,6/17/2018,152.0,152.0,148.0,148.0,-1.33,1667.0,555.0,433.0
LBBL,6/18/2018,148.0,148.0,146.0,148.0,0.0,1524.0,555.0,433.0
LBBL,6/19/2018,147.0,148.0,146.0,146.0,-1.35,4221.0,555.0,433.0
LBBL,6/20/2018,145.0,147.0,145.0,147.0,0.68,1877.0,555.0,433.0
LBBL,6/21/2018,146.0,146.0,146.0,146.0,-0.68,1105.0,555.0,433.0
LBBL,6/24/2018,147.0,149.0,147.0,148.0,1.37,1284.0,555.0,433.0
LBBL,6/25/2018,146.0,146.0,145.0,145.0,-2.03,5316.0,555.0,433.0
LBBL,6/26/2018,145.0,145.0,142.0,144.0,-0.69,9886.0,555.0,433.0
LBBL,6/27/2018,144.0,148.0,144.0,144.0,0.0,2458.0,555.0,433.0
LBBL,6/28/2018,144.0,144.0,143.0,143.0,-0.69,580.0,555.0,433.0
LBBL,7/1/2018,141.0,144.0,141.0,142.0,-0.7,1718.0,555.0,433.0
LBBL,7/2/2018,142.0,146.0,140.0,142.0,0.0,5420.0,555.0,433.0
LBBL,7/3/2018,141.0,145.0,141.0,145.0,2.11,1984.0,555.0,433.0
LBBL,7/4/2018,143.0,147.0,143.0,147.0,1.38,2422.0,555.0,433.0
LBBL,7/5/2018,149.0,151.0,145.0,151.0,2.72,8352.0,555.0,433.0
LBBL,7/8/2018,150.0,152.0,147.0,147.0,-2.65,3736.0,555.0,433.0
LBBL,7/9/2018,145.0,146.0,145.0,145.0,-1.36,200.0,555.0,433.0
LBBL,7/10/2018,145.0,149.0,145.0,145.0,0.0,9048.0,555.0,433.0
LBBL,7/11/2018,147.0,149.0,146.0,146.0,0.69,2875.0,555.0,433.0
LBBL,7/12/2018,146.0,146.0,144.0,145.0,-0.68,7635.0,555.0,433.0
LBBL,7/15/2018,147.0,147.0,143.0,143.0,-1.38,128.0,555.0,433.0
LBBL,7/16/2018,145.0,147.0,145.0,146.0,2.1,612.0,555.0,433.0
LBBL,7/17/2018,148.0,148.0,147.0,148.0,1.37,1809.0,555.0,433.0
LBBL,7/18/2018,149.0,149.0,143.0,144.0,-2.7,3641.0,555.0,433.0
LBBL,7/19/2018,146.0,149.0,146.0,147.0,2.08,814.0,555.0,433.0
LBBL,7/22/2018,146.0,148.0,146.0,148.0,0.68,424.0,555.0,433.0
LBBL,7/23/2018,146.0,148.0,144.0,148.0,0.0,6140.0,555.0,433.0
LBBL,7/24/2018,150.0,150.0,147.0,147.0,-0.68,3536.0,555.0,433.0
LBBL,7/25/2018,145.0,146.0,143.0,144.0,-2.04,13012.0,555.0,433.0
LBBL,7/26/2018,144.0,146.0,143.0,144.0,0.0,4099.0,555.0,433.0
LBBL,7/29/2018,144.0,146.0,143.0,145.0,0.69,3722.0,555.0,433.0
LBBL,7/30/2018,145.0,145.0,143.0,143.0,-1.38,18567.0,555.0,433.0
LBBL,7/31/2018,145.0,151.0,143.0,148.0,3.5,42426.0,555.0,433.0
LBBL,8/1/2018,150.0,156.0,150.0,155.0,4.73,38609.0,555.0,433.0
LBBL,8/2/2018,155.0,155.0,153.0,155.0,0.0,10749.0,555.0,433.0
LBBL,8/5/2018,153.0,156.0,153.0,155.0,0.0,7466.0,555.0,433.0
LBBL,8/6/2018,157.0,157.0,154.0,154.0,-0.65,5058.0,555.0,433.0
LBBL,8/7/2018,155.0,155.0,152.0,154.0,0.0,9934.0,555.0,433.0
LBBL,8/8/2018,155.0,155.0,153.0,153.0,-0.65,3189.0,555.0,433.0
LBBL,8/9/2018,155.0,155.0,152.0,153.0,0.0,6050.0,555.0,433.0
LBBL,8/12/2018,151.0,151.0,147.0,150.0,-1.96,24432.0,555.0,433.0
LBBL,8/13/2018,153.0,154.0,152.0,154.0,2.67,1808.0,555.0,433.0
LBBL,8/14/2018,152.0,155.0,152.0,155.0,0.65,5114.0,555.0,433.0
LBBL,8/15/2018,156.0,161.0,153.0,161.0,3.87,9731.0,555.0,433.0
LBBL,8/16/2018,158.0,160.0,157.0,158.0,-1.86,15204.0,555.0,433.0
LBBL,8/19/2018,155.0,155.0,149.0,151.0,-4.43,39258.0,555.0,433.0
LBBL,8/20/2018,152.0,152.0,146.0,150.0,-0.66,19716.0,555.0,433.0
LBBL,8/21/2018,150.0,150.0,147.0,147.0,-2.0,5329.0,555.0,433.0
LBBL,8/22/2018,146.0,151.0,145.0,149.0,1.36,8880.0,555.0,433.0
LBBL,8/23/2018,148.0,150.0,147.0,150.0,0.67,7046.0,555.0,433.0
LBBL,8/26/2018,150.0,150.0,148.0,150.0,0.0,523.0,555.0,433.0
LBBL,8/28/2018,147.0,149.0,147.0,149.0,-0.67,4085.0,555.0,433.0
LBBL,8/29/2018,147.0,149.0,147.0,147.0,-1.34,10100.0,555.0,433.0
LBBL,8/30/2018,149.0,150.0,148.0,149.0,1.36,4106.0,555.0,433.0
LBBL,9/2/2018,147.0,150.0,147.0,148.0,-0.67,5151.0,555.0,433.0
LBBL,9/3/2018,150.0,154.0,149.0,149.0,0.68,3473.0,555.0,433.0
LBBL,9/4/2018,150.0,157.0,150.0,157.0,5.37,37962.0,555.0,433.0
LBBL,9/5/2018,160.0,160.0,153.0,156.0,-0.64,31125.0,555.0,433.0
LBBL,9/6/2018,158.0,160.0,155.0,156.0,0.0,16660.0,555.0,433.0
LBBL,9/9/2018,155.0,157.0,153.0,153.0,-1.92,11745.0,555.0,433.0
LBBL,9/10/2018,151.0,156.0,151.0,154.0,0.65,14580.0,555.0,433.0
LBBL,9/11/2018,155.0,157.0,153.0,153.0,-0.65,11286.0,555.0,433.0
LBBL,9/12/2018,153.0,158.0,153.0,155.0,1.31,9521.0,555.0,433.0
LBBL,9/13/2018,156.0,158.0,155.0,155.0,0.0,15565.0,555.0,433.0
LBBL,9/16/2018,158.0,159.0,155.0,156.0,0.65,28539.0,555.0,433.0
LBBL,9/17/2018,157.0,161.0,157.0,157.0,0.64,28123.0,555.0,433.0
LBBL,9/18/2018,158.0,162.0,156.0,161.0,2.55,41432.0,555.0,433.0
LBBL,9/20/2018,161.0,163.0,159.0,162.0,0.62,24048.0,555.0,433.0
LBBL,9/23/2018,163.0,168.0,159.0,166.0,2.47,28800.0,555.0,433.0
LBBL,9/25/2018,165.0,170.0,165.0,168.0,1.2,30703.0,555.0,433.0
LBBL,9/26/2018,169.0,172.0,164.0,167.0,-0.6,29209.0,555.0,433.0
LBBL,9/27/2018,164.0,169.0,164.0,166.0,-0.6,14404.0,555.0,433.0
LBBL,9/30/2018,166.0,166.0,163.0,163.0,-1.81,7561.0,555.0,433.0
LBBL,10/1/2018,160.0,162.0,160.0,161.0,-1.23,11321.0,555.0,433.0
LBBL,10/2/2018,162.0,162.0,159.0,160.0,-0.62,7872.0,555.0,433.0
LBBL,10/3/2018,162.0,163.0,157.0,159.0,-0.62,16993.0,555.0,433.0
LBBL,10/4/2018,158.0,161.0,157.0,161.0,1.26,4092.0,555.0,433.0
LBBL,10/7/2018,158.0,161.0,155.0,155.0,-3.73,47331.0,555.0,433.0
LBBL,10/8/2018,158.0,161.0,157.0,161.0,3.87,6021.0,555.0,433.0
LBBL,10/9/2018,161.0,165.0,160.0,163.0,1.24,27686.0,555.0,433.0
LBBL,10/10/2018,163.0,163.0,161.0,163.0,0.0,1774.0,555.0,433.0
LBBL,10/11/2018,163.0,166.0,160.0,164.0,0.61,3721.0,555.0,433.0
LBBL,10/14/2018,165.0,168.0,165.0,168.0,2.44,15794.0,555.0,433.0
LBBL,10/15/2018,166.0,167.0,163.0,163.0,-2.98,13764.0,555.0,433.0
LBBL,10/21/2018,165.0,166.0,163.0,163.0,0.0,1055.0,555.0,433.0
LBBL,10/22/2018,161.0,166.0,161.0,166.0,1.84,4845.0,555.0,433.0
LBBL,10/23/2018,168.0,168.0,164.0,167.0,0.6,3300.0,555.0,433.0
LBBL,10/24/2018,165.0,168.0,164.0,168.0,0.6,10195.0,555.0,433.0
LBBL,10/25/2018,165.0,165.0,164.0,164.0,-2.38,3664.0,555.0,433.0
LBBL,10/28/2018,161.0,164.0,161.0,163.0,-0.61,3881.0,555.0,433.0
LBBL,10/29/2018,163.0,163.0,159.0,159.0,-2.45,12135.0,555.0,433.0
LBBL,10/30/2018,162.0,166.0,161.0,164.0,3.14,10840.0,555.0,433.0
LBBL,10/31/2018,162.0,165.0,160.0,162.0,-1.22,6202.0,555.0,433.0
LBBL,11/1/2018,165.0,167.0,164.0,164.0,1.23,8443.0,555.0,433.0
LBBL,11/4/2018,163.0,166.0,160.0,163.0,-0.61,31810.0,555.0,433.0
LBBL,11/5/2018,166.0,168.0,165.0,168.0,3.07,6167.0,555.0,433.0
LBBL,11/6/2018,168.0,169.0,163.0,169.0,0.6,6170.0,555.0,433.0
LBBL,11/11/2018,169.0,170.0,166.0,168.0,-0.59,4947.0,555.0,433.0
LBBL,11/12/2018,166.0,168.0,166.0,166.0,-1.19,17769.0,555.0,433.0
LBBL,11/13/2018,169.0,172.0,166.0,168.0,1.2,4550.0,555.0,433.0
LBBL,11/14/2018,166.0,170.0,166.0,168.0,0.0,19711.0,555.0,433.0
LBBL,11/15/2018,170.0,170.0,167.0,167.0,-0.6,18850.0,555.0,433.0
LBBL,11/18/2018,168.0,168.0,164.0,166.0,-0.6,3641.0,555.0,433.0
LBBL,11/19/2018,163.0,166.0,162.0,164.0,-1.2,9343.0,555.0,433.0
LBBL,11/20/2018,165.0,166.0,164.0,165.0,0.61,11255.0,555.0,433.0
LBBL,11/21/2018,164.0,168.0,164.0,165.0,0.0,3025.0,555.0,433.0
LBBL,11/22/2018,164.0,167.0,162.0,165.0,0.0,5322.0,555.0,433.0
LBBL,11/25/2018,163.0,165.0,161.0,161.0,-2.42,7232.0,555.0,433.0
LBBL,11/26/2018,160.0,163.0,160.0,163.0,1.24,10364.0,555.0,433.0
LBBL,11/27/2018,161.0,166.0,160.0,166.0,1.84,3581.0,555.0,433.0
LBBL,11/28/2018,164.0,164.0,162.0,163.0,-1.81,5215.0,555.0,433.0
LBBL,11/29/2018,165.0,165.0,161.0,161.0,-1.23,6816.0,555.0,433.0
LBBL,12/2/2018,160.0,162.0,158.0,160.0,-0.62,8085.0,555.0,433.0
LBBL,12/3/2018,160.0,162.0,158.0,160.0,0.0,16377.0,555.0,433.0
LBBL,12/4/2018,160.0,161.0,157.0,158.0,-1.25,12112.0,555.0,433.0
LBBL,12/5/2018,160.0,162.0,156.0,157.0,-0.63,8133.0,555.0,433.0
LBBL,12/6/2018,155.0,160.0,155.0,159.0,1.27,1998.0,555.0,433.0
LBBL,12/9/2018,158.0,161.0,156.0,160.0,0.63,3406.0,555.0,433.0
LBBL,12/10/2018,161.0,162.0,160.0,161.0,0.63,6621.0,555.0,433.0
LBBL,12/11/2018,159.0,162.0,159.0,160.0,-0.62,5816.0,555.0,433.0
LBBL,12/12/2018,162.0,162.0,160.0,160.0,0.0,687.0,555.0,433.0
LBBL,12/13/2018,160.0,162.0,160.0,161.0,0.63,4886.0,555.0,433.0
LBBL,12/16/2018,164.0,164.0,160.0,162.0,0.62,4018.0,555.0,433.0
LBBL,12/17/2018,164.0,164.0,162.0,163.0,0.62,865.0,555.0,433.0
LBBL,12/18/2018,162.0,163.0,161.0,161.0,-1.23,7554.0,555.0,433.0
LBBL,12/19/2018,161.0,163.0,159.0,163.0,1.24,4525.0,555.0,433.0
LBBL,12/20/2018,162.0,164.0,162.0,163.0,0.0,4669.0,555.0,433.0
LBBL,12/23/2018,164.0,179.0,164.0,179.0,9.82,127604.0,555.0,433.0
LBBL,12/24/2018,182.0,184.0,176.0,176.0,-1.68,51124.0,555.0,433.0
LBBL,12/25/2018,179.0,179.0,174.0,175.0,-0.57,9926.0,555.0,433.0
LBBL,12/26/2018,177.0,181.0,174.0,176.0,0.57,25995.0,555.0,433.0
LBBL,12/27/2018,179.0,182.0,173.0,174.0,-1.14,41725.0,555.0,433.0
LBBL,12/30/2018,176.0,178.0,173.0,175.0,0.57,17352.0,555.0,433.0
LBBL,12/31/2018,174.0,175.0,171.0,172.0,-1.71,24268.0,555.0,433.0
LBBL,1/1/2019,172.0,173.0,170.0,171.0,-0.58,33427.0,555.0,433.0
LBBL,1/2/2019,171.0,172.0,171.0,171.0,0.0,7701.0,555.0,433.0
LBBL,1/3/2019,170.0,172.0,170.0,172.0,0.58,4918.0,555.0,433.0
LBBL,1/6/2019,172.0,172.0,169.0,169.0,-1.74,22869.0,555.0,433.0
LBBL,1/7/2019,172.0,172.0,171.0,171.0,1.18,1415.0,555.0,433.0
LBBL,1/8/2019,170.0,172.0,169.0,172.0,0.58,8433.0,555.0,433.0
LBBL,1/9/2019,172.0,173.0,171.0,171.0,-0.58,4414.0,555.0,433.0
LBBL,1/10/2019,173.0,174.0,171.0,171.0,0.0,7238.0,555.0,433.0
LBBL,1/13/2019,171.0,174.0,171.0,171.0,0.0,4276.0,555.0,433.0
LBBL,1/14/2019,171.0,171.0,170.0,171.0,0.0,4013.0,555.0,433.0
LBBL,1/15/2019,170.0,174.0,170.0,171.0,0.0,12333.0,555.0,433.0
LBBL,1/16/2019,171.0,173.0,170.0,171.0,0.0,6277.0,555.0,433.0
LBBL,1/17/2019,171.0,172.0,170.0,171.0,0.0,8324.0,555.0,433.0
LBBL,1/20/2019,171.0,173.0,171.0,173.0,1.17,5218.0,555.0,433.0
LBBL,1/21/2019,170.0,171.0,170.0,170.0,-1.73,12717.0,555.0,433.0
LBBL,1/22/2019,171.0,172.0,170.0,171.0,0.59,2636.0,555.0,433.0
LBBL,1/23/2019,174.0,177.0,174.0,177.0,3.51,37179.0,555.0,433.0
LBBL,1/24/2019,177.0,178.0,174.0,174.0,-1.69,16481.0,555.0,433.0
LBBL,1/27/2019,177.0,177.0,174.0,175.0,0.57,11658.0,555.0,433.0
LBBL,1/28/2019,174.0,177.0,174.0,176.0,0.57,5052.0,555.0,433.0
LBBL,1/29/2019,176.0,177.0,175.0,176.0,0.0,10501.0,555.0,433.0
LBBL,1/30/2019,175.0,176.0,173.0,173.0,-1.7,14453.0,555.0,433.0
LBBL,1/31/2019,174.0,176.0,174.0,174.0,0.58,10952.0,555.0,433.0
LBBL,2/3/2019,174.0,174.0,172.0,174.0,0.0,4584.0,555.0,433.0
LBBL,2/4/2019,173.0,174.0,172.0,173.0,-0.57,2175.0,555.0,433.0
LBBL,2/5/2019,173.0,174.0,173.0,173.0,0.0,1540.0,555.0,433.0
LBBL,2/6/2019,174.0,175.0,173.0,173.0,0.0,4880.0,555.0,433.0
LBBL,2/7/2019,171.0,174.0,171.0,174.0,0.58,5317.0,555.0,433.0
LBBL,2/10/2019,173.0,174.0,171.0,172.0,-1.15,8603.0,555.0,433.0
LBBL,2/11/2019,171.0,174.0,171.0,174.0,1.16,6202.0,555.0,433.0
LBBL,2/12/2019,173.0,173.0,172.0,173.0,-0.57,5480.0,555.0,433.0
LBBL,2/13/2019,172.0,173.0,171.0,172.0,-0.58,5322.0,555.0,433.0
LBBL,2/14/2019,170.0,172.0,170.0,171.0,-0.58,11771.0,555.0,433.0
LBBL,2/17/2019,173.0,173.0,170.0,171.0,0.0,7424.0,555.0,433.0
LBBL,2/18/2019,171.0,172.0,170.0,171.0,0.0,3911.0,555.0,433.0
LBBL,2/19/2019,169.0,175.0,169.0,175.0,2.34,3999.0,555.0,433.0
LBBL,2/20/2019,172.0,172.0,170.0,171.0,-2.29,1234.0,555.0,433.0
LBBL,2/21/2019,171.0,173.0,171.0,171.0,0.0,1030.0,555.0,433.0
LBBL,2/24/2019,171.0,172.0,170.0,172.0,0.58,3012.0,555.0,433.0
LBBL,2/25/2019,172.0,172.0,170.0,172.0,0.0,6743.0,555.0,433.0
LBBL,2/26/2019,169.0,172.0,169.0,172.0,0.0,3231.0,555.0,433.0
LBBL,2/27/2019,170.0,172.0,169.0,169.0,-1.74,33511.0,555.0,433.0
LBBL,3/3/2019,168.0,171.0,168.0,171.0,1.18,6493.0,555.0,433.0
LBBL,3/5/2019,169.0,172.0,169.0,170.0,-0.58,7152.0,555.0,433.0
LBBL,3/6/2019,173.0,173.0,170.0,171.0,0.59,8064.0,555.0,433.0
LBBL,3/7/2019,172.0,173.0,171.0,173.0,1.17,4183.0,555.0,433.0
LBBL,3/10/2019,173.0,173.0,170.0,172.0,-0.58,12092.0,555.0,433.0
LBBL,3/11/2019,172.0,174.0,172.0,173.0,0.58,6224.0,555.0,433.0
LBBL,3/12/2019,175.0,175.0,173.0,175.0,1.16,11888.0,555.0,433.0
LBBL,3/13/2019,176.0,176.0,172.0,172.0,-1.71,12179.0,555.0,433.0
LBBL,3/14/2019,173.0,173.0,170.0,173.0,0.58,13320.0,555.0,433.0
LBBL,3/17/2019,175.0,175.0,172.0,173.0,0.0,21666.0,555.0,433.0
LBBL,3/18/2019,171.0,173.0,171.0,172.0,-0.58,1398.0,555.0,433.0
LBBL,3/19/2019,172.0,172.0,172.0,172.0,0.0,104.0,555.0,433.0
LBBL,3/21/2019,171.0,173.0,171.0,171.0,-0.58,6184.0,555.0,433.0
LBBL,3/24/2019,170.0,172.0,169.0,169.0,-1.17,4836.0,555.0,433.0
LBBL,3/25/2019,170.0,172.0,170.0,170.0,0.59,4452.0,555.0,433.0
LBBL,3/26/2019,170.0,171.0,169.0,169.0,-0.59,7701.0,555.0,433.0
LBBL,3/27/2019,171.0,171.0,169.0,170.0,0.59,6591.0,555.0,433.0
LBBL,3/28/2019,170.0,172.0,169.0,169.0,-0.59,11822.0,555.0,433.0
LBBL,3/31/2019,169.0,171.0,169.0,170.0,0.59,32095.0,555.0,433.0
LBBL,4/1/2019,170.0,173.0,170.0,172.0,1.18,9610.0,555.0,433.0
LBBL,4/2/2019,172.0,173.0,171.0,172.0,0.0,6405.0,555.0,433.0
LBBL,4/3/2019,173.0,174.0,171.0,171.0,-0.58,13437.0,555.0,433.0
LBBL,4/4/2019,171.0,172.0,170.0,170.0,-0.58,9065.0,555.0,433.0
LBBL,4/7/2019,171.0,173.0,170.0,173.0,1.76,11917.0,555.0,433.0
LBBL,4/8/2019,173.0,175.0,171.0,171.0,-1.16,17751.0,555.0,433.0
LBBL,4/9/2019,173.0,173.0,170.0,171.0,0.0,5306.0,555.0,433.0
LBBL,4/10/2019,170.0,174.0,170.0,174.0,1.75,8642.0,555.0,433.0
LBBL,4/11/2019,173.0,174.0,173.0,174.0,0.0,895.0,555.0,433.0
LBBL,4/15/2019,171.0,172.0,171.0,172.0,-1.15,3280.0,555.0,433.0
LBBL,4/16/2019,173.0,175.0,173.0,175.0,1.74,9948.0,555.0,433.0
LBBL,4/17/2019,174.0,179.0,174.0,176.0,0.57,18377.0,555.0,433.0
LBBL,4/18/2019,176.0,177.0,174.0,177.0,0.57,8590.0,555.0,433.0
LBBL,4/21/2019,178.0,180.0,176.0,179.0,1.13,27741.0,555.0,433.0
LBBL,4/22/2019,181.0,181.0,177.0,179.0,0.0,27658.0,555.0,433.0
LBBL,4/23/2019,177.0,178.0,175.0,178.0,-0.56,5922.0,555.0,433.0
LBBL,4/24/2019,181.0,188.0,181.0,186.0,4.49,76474.0,555.0,433.0
LBBL,4/25/2019,189.0,197.0,188.0,197.0,5.91,61540.0,555.0,433.0
LBBL,4/28/2019,200.0,207.0,198.0,203.0,3.05,73970.0,555.0,433.0
LBBL,4/29/2019,200.0,204.0,196.0,198.0,-2.46,55478.0,555.0,433.0
LBBL,4/30/2019,200.0,200.0,195.0,198.0,0.0,10684.0,555.0,433.0
LBBL,5/2/2019,195.0,199.0,195.0,199.0,0.51,21633.0,555.0,433.0
LBBL,5/5/2019,196.0,199.0,192.0,194.0,-2.51,32573.0,555.0,433.0
LBBL,5/6/2019,193.0,196.0,190.0,195.0,0.52,13808.0,555.0,433.0
LBBL,5/7/2019,197.0,198.0,194.0,195.0,0.0,9518.0,555.0,433.0
LBBL,5/8/2019,195.0,195.0,193.0,195.0,0.0,14536.0,555.0,433.0
LBBL,5/9/2019,193.0,196.0,193.0,193.0,-1.03,4246.0,555.0,433.0
LBBL,5/12/2019,193.0,193.0,190.0,193.0,0.0,12302.0,555.0,433.0
LBBL,5/13/2019,192.0,192.0,191.0,192.0,-0.52,17111.0,555.0,433.0
LBBL,5/14/2019,192.0,197.0,191.0,196.0,2.08,22097.0,555.0,433.0
LBBL,5/15/2019,199.0,199.0,195.0,197.0,0.51,26786.0,555.0,433.0
LBBL,5/16/2019,196.0,203.0,196.0,198.0,0.51,26953.0,555.0,433.0
LBBL,5/19/2019,200.0,212.0,200.0,210.0,6.06,88090.0,555.0,433.0
LBBL,5/20/2019,214.0,214.0,205.0,205.0,-2.38,32241.0,555.0,433.0
LBBL,5/21/2019,206.0,208.0,205.0,206.0,0.49,23473.0,555.0,433.0
LBBL,5/22/2019,204.0,207.0,204.0,206.0,0.0,15373.0,555.0,433.0
LBBL,5/23/2019,205.0,206.0,204.0,206.0,0.0,16492.0,555.0,433.0
LBBL,5/26/2019,206.0,206.0,197.0,201.0,-2.43,47691.0,555.0,433.0
LBBL,5/27/2019,198.0,203.0,198.0,200.0,-0.5,20552.0,555.0,433.0
LBBL,5/28/2019,200.0,203.0,199.0,203.0,1.5,33070.0,555.0,433.0
LBBL,5/29/2019,207.0,207.0,198.0,201.0,-0.99,20417.0,555.0,433.0
LBBL,5/30/2019,205.0,209.0,202.0,202.0,0.5,40843.0,555.0,433.0
LBBL,6/2/2019,203.0,203.0,200.0,201.0,-0.5,19285.0,555.0,433.0
LBBL,6/3/2019,205.0,205.0,198.0,198.0,-1.49,21050.0,555.0,433.0
LBBL,6/4/2019,197.0,200.0,197.0,199.0,0.51,7425.0,555.0,433.0
LBBL,6/6/2019,198.0,200.0,196.0,198.0,-0.5,15620.0,555.0,433.0
LBBL,6/10/2019,198.0,199.0,196.0,198.0,0.0,9592.0,555.0,433.0
LBBL,6/11/2019,198.0,200.0,196.0,199.0,0.51,3837.0,555.0,433.0
LBBL,6/12/2019,198.0,198.0,195.0,197.0,-1.01,27670.0,555.0,433.0
LBBL,6/13/2019,196.0,201.0,195.0,201.0,2.03,17421.0,555.0,433.0
LBBL,6/16/2019,201.0,201.0,196.0,197.0,-1.99,18362.0,555.0,433.0
LBBL,6/17/2019,195.0,198.0,195.0,198.0,0.51,20571.0,555.0,433.0
LBBL,6/18/2019,198.0,198.0,197.0,197.0,-0.51,5808.0,555.0,433.0
LBBL,6/19/2019,197.0,197.0,196.0,197.0,0.0,3142.0,555.0,433.0
LBBL,6/20/2019,197.0,199.0,194.0,198.0,0.51,21002.0,555.0,433.0
LBBL,6/23/2019,201.0,201.0,197.0,198.0,0.0,5532.0,555.0,433.0
LBBL,6/24/2019,199.0,199.0,196.0,196.0,-1.01,9130.0,555.0,433.0
LBBL,6/25/2019,195.0,197.0,195.0,196.0,0.0,9084.0,555.0,433.0
LBBL,6/26/2019,196.0,199.0,194.0,196.0,0.0,5602.0,555.0,433.0
LBBL,6/27/2019,197.0,197.0,195.0,195.0,-0.51,7998.0,555.0,433.0
LBBL,6/30/2019,195.0,196.0,193.0,193.0,-1.03,10857.0,555.0,433.0
LBBL,7/1/2019,193.0,196.0,193.0,194.0,0.52,7865.0,555.0,433.0
LBBL,7/2/2019,193.0,195.0,193.0,193.0,-0.52,5926.0,555.0,433.0
LBBL,7/3/2019,195.0,198.0,193.0,198.0,2.59,13736.0,555.0,433.0
LBBL,7/4/2019,196.0,197.0,195.0,197.0,-0.51,4047.0,555.0,433.0
LBBL,7/7/2019,194.0,195.0,190.0,192.0,-2.54,34831.0,555.0,433.0
LBBL,7/8/2019,191.0,191.0,189.0,190.0,-1.04,19667.0,555.0,433.0
LBBL,7/9/2019,189.0,191.0,187.0,191.0,0.53,23130.0,555.0,433.0
LBBL,7/10/2019,190.0,194.0,189.0,194.0,1.57,9525.0,555.0,433.0
LBBL,7/11/2019,195.0,195.0,193.0,195.0,0.52,11385.0,555.0,433.0
LBBL,7/14/2019,192.0,197.0,192.0,193.0,-1.03,3287.0,555.0,433.0
LBBL,7/15/2019,193.0,194.0,191.0,193.0,0.0,18434.0,555.0,433.0
LBBL,7/16/2019,202.0,202.0,195.0,197.0,2.07,9146.0,555.0,433.0
LBBL,7/17/2019,194.0,207.0,194.0,207.0,5.08,69904.0,555.0,433.0
LBBL,7/18/2019,205.0,208.0,202.0,203.0,-1.93,30195.0,555.0,433.0
LBBL,7/21/2019,203.0,209.0,202.0,209.0,2.96,26694.0,555.0,433.0
LBBL,7/22/2019,212.0,213.0,206.0,208.0,-0.48,52360.0,555.0,433.0
LBBL,7/23/2019,210.0,210.0,206.0,208.0,0.0,37710.0,555.0,433.0
LBBL,7/24/2019,208.0,209.0,207.0,209.0,0.48,35957.0,555.0,433.0
LBBL,7/25/2019,207.0,208.0,205.0,206.0,-1.44,71573.0,555.0,433.0
LBBL,7/28/2019,205.0,206.0,202.0,204.0,-0.97,25263.0,555.0,433.0
LBBL,7/29/2019,204.0,207.0,204.0,207.0,1.47,8282.0,555.0,433.0
LBBL,7/30/2019,211.0,211.0,206.0,206.0,-0.48,17730.0,555.0,433.0
LBBL,7/31/2019,210.0,210.0,206.0,207.0,0.49,7207.0,555.0,433.0
LBBL,8/1/2019,208.0,208.0,204.0,207.0,0.0,17075.0,555.0,433.0
LBBL,8/4/2019,207.0,210.0,205.0,208.0,0.48,53061.0,555.0,433.0
LBBL,8/5/2019,208.0,208.0,205.0,208.0,0.0,46788.0,555.0,433.0
LBBL,8/6/2019,209.0,209.0,204.0,205.0,-1.44,57444.0,555.0,433.0
LBBL,8/7/2019,176.0,176.0,168.0,174.0,-15.12,20397.0,555.0,433.0
LBBL,8/8/2019,173.0,173.0,170.0,171.0,-1.72,5796.0,555.0,433.0
LBBL,8/11/2019,171.0,172.0,170.0,171.0,0.0,7184.0,555.0,433.0
LBBL,8/12/2019,171.0,176.0,171.0,175.0,2.34,7049.0,555.0,433.0
LBBL,8/13/2019,178.0,190.0,178.0,180.0,2.86,36286.0,555.0,433.0
LBBL,8/14/2019,180.0,180.0,177.0,178.0,-1.11,17573.0,555.0,433.0
LBBL,8/15/2019,180.0,180.0,176.0,178.0,0.0,10728.0,555.0,433.0
LBBL,8/18/2019,179.0,181.0,176.0,177.0,-0.56,14087.0,555.0,433.0
LBBL,8/19/2019,176.0,180.0,175.0,180.0,1.69,11212.0,555.0,433.0
LBBL,8/20/2019,180.0,180.0,178.0,179.0,-0.56,7285.0,555.0,433.0
LBBL,8/21/2019,181.0,181.0,178.0,179.0,0.0,9119.0,555.0,433.0
LBBL,8/22/2019,179.0,180.0,177.0,179.0,0.0,13673.0,555.0,433.0
LBBL,8/25/2019,177.0,179.0,175.0,179.0,0.0,7430.0,555.0,433.0
LBBL,8/26/2019,178.0,179.0,177.0,177.0,-1.12,11576.0,555.0,433.0
LBBL,8/27/2019,178.0,178.0,175.0,177.0,0.0,8850.0,555.0,433.0
LBBL,8/28/2019,177.0,177.0,176.0,176.0,-0.56,4405.0,555.0,433.0
LBBL,8/29/2019,177.0,178.0,176.0,177.0,0.57,6686.0,555.0,433.0
LBBL,9/1/2019,177.0,178.0,176.0,176.0,-0.56,9825.0,555.0,433.0
LBBL,9/2/2019,175.0,176.0,174.0,175.0,-0.57,10915.0,555.0,433.0
LBBL,9/3/2019,174.0,178.0,171.0,177.0,1.14,10200.0,555.0,433.0
LBBL,9/4/2019,177.0,179.0,176.0,178.0,0.56,9887.0,555.0,433.0
LBBL,9/5/2019,179.0,179.0,176.0,176.0,-1.12,5315.0,555.0,433.0
LBBL,9/8/2019,178.0,178.0,175.0,175.0,-0.57,8042.0,555.0,433.0
LBBL,9/9/2019,177.0,177.0,173.0,175.0,0.0,7470.0,555.0,433.0
LBBL,9/10/2019,174.0,175.0,172.0,173.0,-1.14,8085.0,555.0,433.0
LBBL,9/11/2019,173.0,176.0,172.0,173.0,0.0,4980.0,555.0,433.0
LBBL,9/12/2019,173.0,175.0,173.0,173.0,0.0,5988.0,555.0,433.0
LBBL,9/15/2019,173.0,173.0,170.0,172.0,-0.58,9252.0,555.0,433.0
LBBL,9/16/2019,170.0,170.0,168.0,169.0,-1.74,8850.0,555.0,433.0
LBBL,9/17/2019,167.0,174.0,166.0,174.0,2.96,4362.0,555.0,433.0
LBBL,9/18/2019,177.0,178.0,174.0,176.0,1.15,12689.0,555.0,433.0
LBBL,9/19/2019,175.0,175.0,173.0,175.0,-0.57,1351.0,555.0,433.0
LBBL,9/22/2019,175.0,175.0,170.0,170.0,-2.86,5034.0,555.0,433.0
LBBL,9/23/2019,170.0,172.0,170.0,171.0,0.59,11433.0,555.0,433.0
LBBL,9/24/2019,169.0,172.0,169.0,171.0,0.0,3184.0,555.0,433.0
LBBL,9/25/2019,170.0,171.0,170.0,170.0,-0.58,5382.0,555.0,433.0
LBBL,9/26/2019,170.0,170.0,169.0,169.0,-0.59,5278.0,555.0,433.0
LBBL,9/29/2019,167.0,171.0,167.0,170.0,0.59,1590.0,555.0,433.0
LBBL,9/30/2019,170.0,171.0,169.0,171.0,0.59,2855.0,555.0,433.0
LBBL,10/1/2019,171.0,174.0,171.0,174.0,1.75,3895.0,555.0,433.0
LBBL,10/2/2019,173.0,174.0,172.0,173.0,-0.57,6714.0,555.0,433.0
LBBL,10/3/2019,174.0,175.0,174.0,175.0,1.16,5326.0,555.0,433.0
LBBL,10/10/2019,176.0,176.0,174.0,176.0,0.57,1093.0,555.0,433.0
LBBL,10/14/2019,174.0,176.0,173.0,175.0,-0.57,1390.0,555.0,433.0
LBBL,10/15/2019,173.0,176.0,173.0,175.0,0.0,8622.0,555.0,433.0
LBBL,10/16/2019,172.0,175.0,172.0,175.0,0.0,525.0,555.0,433.0
LBBL,10/17/2019,175.0,175.0,171.0,173.0,-1.14,7200.0,555.0,433.0
LBBL,10/20/2019,171.0,175.0,171.0,175.0,1.16,1144.0,555.0,433.0
LBBL,10/21/2019,175.0,175.0,172.0,172.0,-1.71,1674.0,555.0,433.0
LBBL,10/22/2019,170.0,173.0,170.0,172.0,0.0,4726.0,555.0,433.0
LBBL,10/23/2019,175.0,175.0,172.0,172.0,0.0,2259.0,555.0,433.0
LBBL,10/24/2019,172.0,175.0,172.0,173.0,0.58,5346.0,555.0,433.0
LBBL,10/31/2019,170.0,175.0,170.0,172.0,-0.58,4634.0,555.0,433.0
LBBL,11/3/2019,172.0,173.0,170.0,172.0,0.0,2720.0,555.0,433.0
LBBL,11/4/2019,170.0,173.0,170.0,173.0,0.58,7790.0,555.0,433.0
LBBL,11/5/2019,174.0,174.0,172.0,173.0,0.0,1643.0,555.0,433.0
LBBL,11/6/2019,174.0,175.0,172.0,172.0,-0.58,8953.0,555.0,433.0
LBBL,11/7/2019,172.0,172.0,171.0,172.0,0.0,2322.0,555.0,433.0
LBBL,11/10/2019,171.0,172.0,170.0,171.0,-0.58,4264.0,555.0,433.0
LBBL,11/11/2019,171.0,174.0,170.0,174.0,1.75,5100.0,555.0,433.0
LBBL,11/12/2019,172.0,173.0,172.0,173.0,-0.57,244.0,555.0,433.0
LBBL,11/13/2019,170.0,173.0,170.0,171.0,-1.16,4644.0,555.0,433.0
LBBL,11/14/2019,171.0,173.0,170.0,170.0,-0.58,5942.0,555.0,433.0
LBBL,11/17/2019,171.0,172.0,170.0,171.0,0.59,2023.0,555.0,433.0
LBBL,11/18/2019,170.0,171.0,170.0,170.0,-0.58,6845.0,555.0,433.0
LBBL,11/19/2019,171.0,171.0,169.0,170.0,0.0,2397.0,555.0,433.0
LBBL,11/20/2019,171.0,171.0,169.0,169.0,-0.59,11031.0,555.0,433.0
LBBL,11/21/2019,169.0,169.0,168.0,169.0,0.0,4077.0,555.0,433.0
LBBL,11/24/2019,168.0,169.0,167.0,168.0,-0.59,3614.0,555.0,433.0
LBBL,11/25/2019,170.0,170.0,166.0,169.0,0.6,10174.0,555.0,433.0
LBBL,11/26/2019,167.0,169.0,166.0,167.0,-1.18,6717.0,555.0,433.0
LBBL,11/27/2019,168.0,170.0,168.0,170.0,1.8,7047.0,555.0,433.0
LBBL,11/28/2019,169.0,170.0,168.0,168.0,-1.18,3230.0,555.0,433.0
LBBL,12/1/2019,169.0,170.0,169.0,170.0,1.19,2339.0,555.0,433.0
LBBL,12/2/2019,171.0,172.0,170.0,172.0,1.18,5915.0,555.0,433.0
LBBL,12/3/2019,172.0,172.0,170.0,171.0,-0.58,2073.0,555.0,433.0
LBBL,12/4/2019,170.0,171.0,168.0,171.0,0.0,2363.0,555.0,433.0
LBBL,12/5/2019,171.0,172.0,170.0,170.0,-0.58,1437.0,555.0,433.0
LBBL,12/8/2019,173.0,175.0,172.0,175.0,2.94,17538.0,555.0,433.0
LBBL,12/9/2019,174.0,176.0,174.0,174.0,-0.57,5393.0,555.0,433.0
LBBL,12/10/2019,177.0,186.0,176.0,185.0,6.32,58614.0,555.0,433.0
LBBL,12/11/2019,188.0,198.0,187.0,197.0,6.49,149057.0,555.0,433.0
LBBL,12/12/2019,197.0,199.0,193.0,194.0,-1.52,59479.0,555.0,433.0
LBBL,12/15/2019,194.0,194.0,189.0,190.0,-2.06,55343.0,555.0,433.0
LBBL,12/16/2019,188.0,191.0,188.0,190.0,0.0,28590.0,555.0,433.0
LBBL,12/17/2019,187.0,190.0,187.0,190.0,0.0,13696.0,555.0,433.0
LBBL,12/18/2019,188.0,190.0,188.0,190.0,0.0,16408.0,555.0,433.0
LBBL,12/19/2019,189.0,190.0,188.0,189.0,-0.53,7683.0,555.0,433.0
LBBL,12/22/2019,191.0,191.0,189.0,190.0,0.53,13667.0,555.0,433.0
LBBL,12/23/2019,190.0,194.0,190.0,194.0,2.11,24015.0,555.0,433.0
LBBL,12/24/2019,197.0,197.0,190.0,192.0,-1.03,42572.0,555.0,433.0
LBBL,12/25/2019,193.0,194.0,192.0,193.0,0.52,25180.0,555.0,433.0
LBBL,12/26/2019,193.0,194.0,192.0,194.0,0.52,14419.0,555.0,433.0
LBBL,12/29/2019,194.0,195.0,192.0,193.0,-0.52,8489.0,555.0,433.0
LBBL,12/30/2019,192.0,194.0,191.0,194.0,0.52,17031.0,555.0,433.0
LBBL,12/31/2019,198.0,198.0,192.0,193.0,-0.52,19451.0,555.0,433.0
LBBL,1/1/2020,194.0,195.0,193.0,195.0,1.04,24840.0,555.0,433.0
LBBL,1/2/2020,198.0,198.0,193.0,195.0,0.0,38846.0,555.0,433.0
LBBL,1/5/2020,193.0,197.0,190.0,195.0,0.0,30546.0,555.0,433.0
LBBL,1/6/2020,197.0,199.0,196.0,198.0,1.54,75038.0,555.0,433.0
LBBL,1/7/2020,199.0,204.0,198.0,204.0,3.03,130860.0,555.0,433.0
LBBL,1/8/2020,191.0,191.0,178.0,180.0,-11.76,54108.0,555.0,433.0
LBBL,1/9/2020,183.0,183.0,179.0,180.0,0.0,18514.0,555.0,433.0
LBBL,1/12/2020,183.0,185.0,180.0,182.0,1.11,29349.0,555.0,433.0
LBBL,1/13/2020,185.0,188.0,183.0,183.0,0.55,38792.0,555.0,433.0
LBBL,1/14/2020,183.0,188.0,182.0,184.0,0.55,18058.0,555.0,433.0
LBBL,1/15/2020,185.0,188.0,184.0,186.0,1.09,14433.0,555.0,433.0
LBBL,1/16/2020,188.0,191.0,186.0,189.0,1.61,30174.0,555.0,433.0
LBBL,1/19/2020,192.0,203.0,191.0,200.0,5.82,86329.0,555.0,433.0
LBBL,1/20/2020,201.0,203.0,193.0,195.0,-2.5,80954.0,555.0,433.0
LBBL,1/21/2020,196.0,196.0,192.0,193.0,-1.03,27470.0,555.0,433.0
LBBL,1/22/2020,192.0,197.0,192.0,194.0,0.52,25578.0,555.0,433.0
LBBL,1/23/2020,195.0,197.0,188.0,189.0,-2.58,16648.0,555.0,433.0
LBBL,1/26/2020,188.0,190.0,185.0,185.0,-2.12,16073.0,555.0,433.0
LBBL,1/27/2020,185.0,193.0,185.0,192.0,3.78,21382.0,555.0,433.0
LBBL,1/28/2020,191.0,192.0,189.0,191.0,-0.52,16213.0,555.0,433.0
LBBL,1/29/2020,192.0,194.0,188.0,190.0,-0.52,12053.0,555.0,433.0
LBBL,1/30/2020,190.0,193.0,189.0,193.0,1.58,14184.0,555.0,433.0
LBBL,2/2/2020,194.0,195.0,190.0,194.0,0.52,40658.0,555.0,433.0
LBBL,2/3/2020,197.0,197.0,193.0,195.0,0.52,24269.0,555.0,433.0
LBBL,2/4/2020,195.0,203.0,194.0,196.0,0.51,51726.0,555.0,433.0
LBBL,2/5/2020,196.0,197.0,193.0,197.0,0.51,7996.0,555.0,433.0
LBBL,2/6/2020,198.0,201.0,195.0,197.0,0.0,18490.0,555.0,433.0
LBBL,2/9/2020,194.0,195.0,193.0,193.0,-2.03,12496.0,555.0,433.0
LBBL,2/10/2020,190.0,192.0,190.0,192.0,-0.52,45944.0,555.0,433.0
LBBL,2/11/2020,191.0,196.0,191.0,196.0,2.08,15691.0,555.0,433.0
LBBL,2/12/2020,198.0,198.0,190.0,193.0,-1.53,20538.0,555.0,433.0
LBBL,2/13/2020,194.0,194.0,191.0,193.0,0.0,19261.0,555.0,433.0
LBBL,2/16/2020,195.0,196.0,191.0,192.0,-0.52,19925.0,555.0,433.0
LBBL,2/17/2020,195.0,198.0,193.0,195.0,1.56,17900.0,555.0,433.0
LBBL,2/18/2020,196.0,196.0,193.0,194.0,-0.51,10771.0,555.0,433.0
LBBL,2/19/2020,195.0,201.0,195.0,196.0,1.03,23347.0,555.0,433.0
LBBL,2/20/2020,196.0,198.0,195.0,197.0,0.51,32132.0,555.0,433.0
LBBL,2/23/2020,199.0,211.0,198.0,210.0,6.6,106709.0,555.0,433.0
LBBL,2/24/2020,210.0,214.0,202.0,205.0,-2.38,50080.0,555.0,433.0
LBBL,2/25/2020,205.0,211.0,145.0,211.0,2.93,34277.0,555.0,433.0
LBBL,2/26/2020,212.0,216.0,209.0,214.0,1.42,74433.0,555.0,433.0
LBBL,2/27/2020,211.0,227.0,207.0,218.0,1.87,68081.0,555.0,433.0
LBBL,3/1/2020,222.0,225.0,210.0,210.0,-3.67,71666.0,555.0,433.0
LBBL,3/2/2020,209.0,212.0,198.0,200.0,-4.76,39200.0,555.0,433.0
LBBL,3/3/2020,197.0,210.0,196.0,206.0,3.0,56183.0,555.0,433.0
LBBL,3/4/2020,202.0,203.0,188.0,191.0,-7.28,58024.0,555.0,433.0
LBBL,3/5/2020,190.0,205.0,190.0,194.0,1.57,51921.0,555.0,433.0
LBBL,3/10/2020,192.0,192.0,183.0,183.0,-5.67,18602.0,555.0,433.0
LBBL,3/11/2020,186.0,194.0,184.0,193.0,5.46,33956.0,555.0,433.0
LBBL,3/12/2020,190.0,191.0,185.0,189.0,-2.07,33338.0,555.0,433.0
LBBL,3/15/2020,186.0,186.0,180.0,182.0,-3.7,41477.0,555.0,433.0
LBBL,3/16/2020,179.0,186.0,177.0,185.0,1.65,21842.0,555.0,433.0
LBBL,3/17/2020,186.0,186.0,176.0,178.0,-3.78,60189.0,555.0,433.0
LBBL,3/18/2020,175.0,183.0,173.0,177.0,-0.56,34129.0,555.0,433.0
LBBL,3/19/2020,174.0,183.0,171.0,178.0,0.56,29391.0,555.0,433.0
LBBL,3/22/2020,175.0,178.0,175.0,178.0,0.0,2919.0,555.0,433.0
LBBL,6/29/2020,175.0,175.0,172.0,169.0,-5.06,5830.0,555.0,433.0
LBBL,6/30/2020,167.0,179.0,167.0,179.0,5.92,2854.0,555.0,433.0
LBBL,7/1/2020,182.0,186.0,182.0,186.0,3.91,951.0,555.0,433.0
LBBL,7/2/2020,189.0,192.0,171.0,171.0,-8.06,5268.0,555.0,433.0
LBBL,7/5/2020,168.0,176.0,168.0,171.0,0.0,17050.0,555.0,433.0
LBBL,7/6/2020,171.0,177.0,171.0,175.0,2.34,15451.0,555.0,433.0
LBBL,7/7/2020,176.0,185.0,176.0,182.0,4.0,29714.0,555.0,433.0
LBBL,7/8/2020,183.0,185.0,180.0,180.0,-1.1,17766.0,555.0,433.0
LBBL,7/9/2020,180.0,183.0,177.0,182.0,1.11,6222.0,555.0,433.0
LBBL,7/12/2020,185.0,187.0,180.0,181.0,-0.55,10822.0,555.0,433.0
LBBL,7/13/2020,181.0,182.0,179.0,180.0,-0.55,13283.0,555.0,433.0
LBBL,7/14/2020,180.0,183.0,179.0,180.0,0.0,5899.0,555.0,433.0
LBBL,7/15/2020,179.0,185.0,179.0,181.0,0.56,12077.0,555.0,433.0
LBBL,7/16/2020,184.0,189.0,182.0,188.0,3.87,30022.0,555.0,433.0
LBBL,7/19/2020,197.0,206.0,197.0,206.0,9.57,728.0,555.0,433.0
LBBL,7/20/2020,210.0,218.0,194.0,197.0,-4.37,76002.0,555.0,433.0
LBBL,7/21/2020,195.0,200.0,192.0,195.0,-1.02,32089.0,555.0,433.0
LBBL,7/22/2020,197.0,198.0,190.0,195.0,0.0,12544.0,555.0,433.0
LBBL,7/23/2020,192.0,197.0,190.0,196.0,0.51,24629.0,555.0,433.0
LBBL,7/26/2020,198.0,199.0,192.0,195.0,-0.51,36802.0,555.0,433.0
LBBL,7/27/2020,196.0,197.0,192.0,194.0,-0.51,22523.0,555.0,433.0
LBBL,7/28/2020,194.0,197.0,191.0,194.0,0.0,16124.0,555.0,433.0
LBBL,7/29/2020,192.0,195.0,190.0,195.0,0.52,26312.0,555.0,433.0
LBBL,7/30/2020,195.0,195.0,192.0,194.0,-0.51,18252.0,555.0,433.0
LBBL,8/2/2020,193.0,193.0,188.0,189.0,-2.58,43626.0,555.0,433.0
LBBL,8/3/2020,189.0,192.0,186.0,188.0,-0.53,19029.0,555.0,433.0
LBBL,8/5/2020,187.0,187.0,182.0,183.0,-2.66,42514.0,555.0,433.0
LBBL,8/6/2020,183.0,185.0,180.0,185.0,1.09,13730.0,555.0,433.0
LBBL,8/9/2020,194.0,194.0,182.0,187.0,1.08,18229.0,555.0,433.0
LBBL,8/10/2020,190.0,192.0,188.0,191.0,2.14,20356.0,555.0,433.0
LBBL,8/11/2020,193.0,193.0,190.0,190.0,-0.52,15687.0,555.0,433.0
LBBL,8/12/2020,188.0,192.0,188.0,190.0,0.0,5374.0,555.0,433.0
LBBL,8/13/2020,188.0,191.0,187.0,188.0,-1.05,14095.0,555.0,433.0
LBBL,8/16/2020,185.0,185.0,177.0,182.0,-3.19,18524.0,555.0,433.0
LBBL,8/17/2020,181.0,183.0,179.0,181.0,-0.55,44243.0,555.0,433.0
LBBL,8/18/2020,182.0,184.0,181.0,184.0,1.66,11158.0,555.0,433.0
LBBL,8/19/2020,182.0,184.0,180.0,184.0,0.0,11477.0,555.0,433.0
LBBL,8/20/2020,181.0,184.0,181.0,181.0,-1.63,5034.0,555.0,433.0
LBBL,8/23/2020,180.0,182.0,180.0,181.0,0.0,10600.0,555.0,433.0
LBBL,8/24/2020,182.0,186.0,182.0,183.0,1.1,9359.0,555.0,433.0
LBBL,8/25/2020,182.0,185.0,181.0,182.0,-0.55,13190.0,555.0,433.0
LBBL,8/26/2020,182.0,188.0,182.0,187.0,2.75,20529.0,555.0,433.0
LBBL,8/27/2020,184.0,190.0,183.0,183.0,-2.14,12881.0,555.0,433.0
LBBL,8/30/2020,184.0,184.0,181.0,184.0,0.55,4981.0,555.0,433.0
LBBL,8/31/2020,184.0,187.0,182.0,184.0,0.0,19110.0,555.0,433.0
LBBL,9/2/2020,183.0,188.0,183.0,187.0,1.63,23153.0,555.0,433.0
LBBL,9/3/2020,189.0,190.0,184.0,185.0,-1.07,15167.0,555.0,433.0
LBBL,9/6/2020,194.0,194.0,183.0,185.0,0.0,15329.0,555.0,433.0
LBBL,9/7/2020,182.0,184.0,181.0,181.0,-2.16,18460.0,555.0,433.0
LBBL,9/8/2020,181.0,185.0,179.0,183.0,1.1,14650.0,555.0,433.0
LBBL,9/9/2020,182.0,184.0,181.0,183.0,0.0,7594.0,555.0,433.0
LBBL,9/10/2020,186.0,188.0,182.0,184.0,0.55,5436.0,555.0,433.0
LBBL,9/13/2020,193.0,193.0,181.0,181.0,-1.63,33014.0,555.0,433.0
LBBL,9/14/2020,184.0,187.0,181.0,185.0,2.21,28590.0,555.0,433.0
LBBL,9/15/2020,187.0,188.0,183.0,184.0,-0.54,12420.0,555.0,433.0
LBBL,9/16/2020,185.0,185.0,182.0,184.0,0.0,7949.0,555.0,433.0
LBBL,9/17/2020,185.0,197.0,183.0,190.0,3.26,77332.0,555.0,433.0
LBBL,9/20/2020,195.0,204.0,189.0,193.0,1.58,55291.0,555.0,433.0
LBBL,9/21/2020,191.0,196.0,187.0,192.0,-0.52,58994.0,555.0,433.0
LBBL,9/22/2020,191.0,192.0,186.0,187.0,-2.6,24340.0,555.0,433.0
LBBL,9/23/2020,187.0,189.0,185.0,189.0,1.07,11305.0,555.0,433.0
LBBL,9/24/2020,188.0,190.0,187.0,189.0,0.0,12006.0,555.0,433.0
LBBL,9/27/2020,190.0,192.0,188.0,190.0,0.53,32592.0,555.0,433.0
LBBL,9/28/2020,189.0,198.0,189.0,190.0,0.0,36709.0,555.0,433.0
LBBL,9/29/2020,189.0,192.0,189.0,191.0,0.53,14847.0,555.0,433.0
LBBL,9/30/2020,189.0,201.0,189.0,193.0,1.05,82133.0,555.0,433.0
LBBL,10/1/2020,196.0,201.0,196.0,200.0,3.63,107378.0,555.0,433.0
LBBL,10/4/2020,204.0,209.0,202.0,209.0,4.5,124544.0,555.0,433.0
LBBL,10/5/2020,212.0,224.0,207.0,223.0,6.7,261038.0,555.0,433.0
LBBL,10/6/2020,225.0,226.0,218.0,221.0,-0.9,162012.0,555.0,433.0
LBBL,10/7/2020,222.0,230.0,221.0,229.0,3.62,160090.0,555.0,433.0
LBBL,10/8/2020,230.0,230.0,218.0,221.0,-3.49,96562.0,555.0,433.0
LBBL,10/11/2020,221.0,224.0,218.0,219.0,-0.9,62823.0,555.0,433.0
LBBL,10/12/2020,221.0,230.0,215.0,223.0,1.83,133138.0,555.0,433.0
LBBL,10/13/2020,234.0,234.0,220.0,222.0,-0.45,80085.0,555.0,433.0
LBBL,10/14/2020,218.0,222.0,216.0,217.0,-2.25,35383.0,555.0,433.0
LBBL,10/15/2020,217.0,222.0,214.0,217.0,0.0,36703.0,555.0,433.0
LBBL,10/18/2020,214.0,217.0,210.0,211.0,-2.76,24003.0,555.0,433.0
LBBL,10/19/2020,212.0,218.0,211.0,218.0,3.32,26431.0,555.0,433.0
LBBL,10/20/2020,220.0,222.0,216.0,220.0,0.92,23989.0,555.0,433.0
LBBL,10/21/2020,220.0,222.0,219.0,220.0,0.0,14636.0,555.0,433.0
LBBL,10/22/2020,219.0,222.0,218.0,220.0,0.0,21957.0,555.0,433.0
LBBL,10/28/2020,221.0,229.0,217.0,228.0,3.64,50380.0,555.0,433.0
LBBL,10/29/2020,228.0,233.0,225.0,225.0,-1.32,77103.0,555.0,433.0
LBBL,11/1/2020,222.0,229.0,221.0,226.0,0.44,36404.0,555.0,433.0
LBBL,11/2/2020,226.0,227.0,222.0,223.0,-1.33,21271.0,555.0,433.0
LBBL,11/3/2020,221.0,223.0,220.0,220.0,-1.35,46675.0,555.0,433.0
LBBL,11/4/2020,220.0,222.0,217.0,218.0,-0.91,24527.0,555.0,433.0
LBBL,11/5/2020,221.0,221.0,214.0,218.0,0.0,38954.0,555.0,433.0
LBBL,11/8/2020,221.0,225.0,217.0,219.0,0.46,28431.0,555.0,433.0
LBBL,11/9/2020,223.0,223.0,216.0,217.0,-0.91,27892.0,555.0,433.0
LBBL,11/10/2020,219.0,220.0,216.0,217.0,0.0,20151.0,555.0,433.0
LBBL,11/11/2020,217.0,222.0,217.0,220.0,1.38,29629.0,555.0,433.0
LBBL,11/12/2020,220.0,222.0,218.0,218.0,-0.91,29348.0,555.0,433.0
LBBL,11/18/2020,217.0,221.0,217.0,218.0,0.0,17443.0,555.0,433.0
LBBL,11/19/2020,222.0,222.0,216.0,218.0,0.0,38052.0,555.0,433.0
LBBL,11/22/2020,217.0,226.0,216.0,219.0,0.46,36302.0,555.0,433.0
LBBL,11/23/2020,220.0,223.0,217.0,219.0,0.0,26349.0,555.0,433.0
LBBL,11/24/2020,220.0,224.0,218.0,218.0,-0.46,35425.0,555.0,433.0
LBBL,11/25/2020,222.0,226.0,221.0,225.0,3.21,41500.0,555.0,433.0
LBBL,11/26/2020,228.0,236.0,220.0,223.0,-0.89,48530.0,555.0,433.0
LBBL,11/29/2020,223.0,245.0,223.0,244.0,9.42,197029.0,555.0,433.0
LBBL,11/30/2020,244.0,251.0,233.0,234.0,-4.1,134491.0,555.0,433.0
LBBL,12/1/2020,224.0,241.0,224.0,232.0,-0.85,45217.0,555.0,433.0
LBBL,12/2/2020,234.0,245.0,230.0,243.0,4.74,98593.0,555.0,433.0
LBBL,12/3/2020,255.0,259.0,237.0,241.0,-0.82,153597.0,555.0,433.0
LBBL,12/6/2020,240.0,240.0,229.0,229.0,-4.98,61325.0,555.0,433.0
LBBL,12/7/2020,232.0,240.0,226.0,234.0,2.18,83528.0,555.0,433.0
LBBL,12/8/2020,245.0,245.0,226.0,228.0,-2.56,60768.0,555.0,433.0
LBBL,12/9/2020,225.0,225.0,222.0,223.0,-2.19,28591.0,555.0,433.0
LBBL,12/10/2020,225.0,225.0,221.0,222.0,-0.45,47101.0,555.0,433.0
LBBL,12/13/2020,225.0,227.0,222.0,226.0,1.8,38738.0,555.0,433.0
LBBL,12/14/2020,226.0,235.0,226.0,235.0,3.98,103587.0,555.0,433.0
LBBL,12/15/2020,238.0,238.0,231.0,231.0,-1.7,64508.0,555.0,433.0
LBBL,12/16/2020,228.0,233.0,228.0,231.0,0.0,27498.0,555.0,433.0
LBBL,12/17/2020,227.0,238.0,226.0,228.0,-1.3,31687.0,555.0,433.0
LBBL,12/20/2020,225.0,226.0,218.0,219.0,-3.95,56067.0,555.0,433.0
LBBL,12/21/2020,215.0,221.0,205.0,219.0,0.0,48308.0,555.0,433.0
LBBL,12/22/2020,222.0,236.0,219.0,230.0,5.02,69889.0,555.0,433.0
LBBL,12/23/2020,234.0,235.0,222.0,224.0,-2.61,32559.0,555.0,433.0
LBBL,12/24/2020,228.0,228.0,220.0,221.0,-1.34,24348.0,555.0,433.0
LBBL,12/27/2020,219.0,223.0,214.0,217.0,-1.81,50453.0,555.0,433.0
LBBL,12/28/2020,218.0,222.0,216.0,218.0,0.46,54783.0,555.0,433.0
LBBL,12/29/2020,204.0,204.0,200.0,200.0,-8.26,26882.0,555.0,433.0
LBBL,12/30/2020,200.0,201.0,198.0,198.0,-1.0,13959.0,555.0,433.0
LBBL,12/31/2020,201.0,203.0,199.0,201.0,1.52,25899.0,555.0,433.0
LBBL,1/3/2021,205.0,208.0,202.0,207.0,2.99,44191.0,555.0,433.0
LBBL,1/4/2021,210.0,214.0,205.0,207.0,0.0,57324.0,555.0,433.0
LBBL,1/5/2021,210.0,215.0,205.0,207.0,0.0,14365.0,555.0,433.0
LBBL,1/6/2021,207.0,210.0,206.0,209.0,0.97,51106.0,555.0,433.0
LBBL,1/7/2021,212.0,212.0,208.0,208.0,-0.48,46032.0,555.0,433.0
LBBL,1/10/2021,218.0,227.0,211.0,224.0,7.69,148268.0,555.0,433.0
LBBL,1/11/2021,228.0,232.0,222.0,229.0,2.23,148381.0,555.0,433.0
LBBL,1/12/2021,230.0,232.0,222.0,227.0,-0.87,43250.0,555.0,433.0
LBBL,1/13/2021,230.0,241.0,228.0,238.0,4.85,147657.0,555.0,433.0
LBBL,1/17/2021,238.0,250.0,233.0,244.0,2.52,228448.0,555.0,433.0
LBBL,1/18/2021,245.0,250.0,242.0,245.0,0.41,103280.0,555.0,433.0
LBBL,1/19/2021,243.0,245.0,238.0,240.0,-2.04,79363.0,555.0,433.0
LBBL,1/20/2021,237.0,241.0,232.0,240.0,0.0,105707.0,555.0,433.0
LBBL,1/21/2021,244.0,244.0,240.0,244.0,1.67,77740.0,555.0,433.0
LBBL,1/24/2021,245.0,250.0,244.0,247.0,1.23,103411.0,555.0,433.0
LBBL,1/25/2021,259.0,259.0,243.0,246.0,-0.4,97050.0,555.0,433.0
LBBL,1/26/2021,246.0,246.0,240.0,240.0,-2.44,64864.0,555.0,433.0
LBBL,1/27/2021,240.0,244.0,237.0,241.0,0.42,43585.0,555.0,433.0
LBBL,1/28/2021,238.0,242.0,232.0,235.0,-2.49,60174.0,555.0,433.0
LBBL,1/31/2021,231.0,234.0,223.0,229.0,-2.55,70609.0,555.0,433.0
LBBL,2/1/2021,232.0,233.0,227.0,230.0,0.44,40928.0,555.0,433.0
LBBL,2/2/2021,233.0,240.0,231.0,237.0,3.04,69324.0,555.0,433.0
LBBL,2/3/2021,240.0,246.0,237.0,239.0,0.84,94503.0,555.0,433.0
LBBL,2/4/2021,238.0,246.0,238.0,239.0,0.0,58315.0,555.0,433.0
LBBL,2/7/2021,242.0,244.0,238.0,239.0,0.0,53531.0,555.0,433.0
LBBL,2/8/2021,241.0,251.0,240.0,245.0,2.51,130318.0,555.0,433.0
LBBL,2/9/2021,248.0,252.0,245.0,250.0,2.04,139769.0,555.0,433.0
LBBL,2/10/2021,255.0,255.0,245.0,250.0,0.0,105706.0,555.0,433.0
LBBL,2/11/2021,252.0,272.0,250.0,260.0,4.0,208600.0,555.0,433.0
LBBL,2/14/2021,260.0,270.0,256.0,261.0,0.38,140713.0,555.0,433.0
LBBL,2/15/2021,266.0,276.0,262.0,264.0,1.15,146804.0,555.0,433.0
LBBL,2/16/2021,268.0,272.0,259.0,264.0,0.0,151131.0,555.0,433.0
LBBL,2/17/2021,265.0,267.0,261.0,266.0,0.76,84103.0,555.0,433.0
LBBL,2/18/2021,270.0,278.0,267.0,276.0,3.76,209533.0,555.0,433.0
LBBL,2/21/2021,277.0,280.0,273.0,273.0,-1.09,135389.0,555.0,433.0
LBBL,2/22/2021,275.0,278.0,263.0,265.0,-2.93,131869.0,555.0,433.0
LBBL,2/23/2021,263.0,264.0,252.0,259.0,-2.26,110958.0,555.0,433.0
LBBL,2/24/2021,247.0,274.0,247.0,264.0,1.93,81578.0,555.0,433.0
LBBL,2/25/2021,263.0,265.0,259.0,259.0,-1.89,38292.0,555.0,433.0
LBBL,2/28/2021,259.0,259.0,249.0,250.0,-3.47,84773.0,555.0,433.0
LBBL,3/1/2021,250.0,260.0,245.0,257.0,2.8,55475.0,555.0,433.0
LBBL,3/2/2021,255.0,259.0,246.0,248.0,-3.5,56663.0,555.0,433.0
LBBL,3/3/2021,260.0,260.0,240.0,245.0,-1.21,51758.0,555.0,433.0
LBBL,3/4/2021,246.0,253.0,246.0,252.0,2.86,56200.0,555.0,433.0
LBBL,3/7/2021,255.0,256.0,247.0,247.0,-1.98,21998.0,555.0,433.0
LBBL,3/9/2021,247.0,249.0,244.0,244.0,-1.21,24939.0,555.0,433.0
LBBL,3/10/2021,241.0,248.0,239.0,242.0,-0.82,37908.0,555.0,433.0
LBBL,3/14/2021,242.0,246.0,237.0,239.0,-1.24,31538.0,555.0,433.0
LBBL,3/15/2021,236.0,244.0,233.0,240.0,0.42,44073.0,555.0,433.0
LBBL,3/16/2021,242.0,242.0,237.0,239.0,-0.42,20480.0,555.0,433.0
LBBL,3/17/2021,242.0,246.0,238.0,242.0,1.26,44353.0,555.0,433.0
LBBL,3/18/2021,244.0,252.0,243.0,248.0,2.48,43240.0,555.0,433.0
LBBL,3/21/2021,248.0,254.0,247.0,253.0,2.02,41182.0,555.0,433.0
LBBL,3/22/2021,254.0,256.0,248.0,250.0,-1.19,26824.0,555.0,433.0
LBBL,3/23/2021,245.0,248.0,245.0,246.0,-1.6,24615.0,555.0,433.0
LBBL,3/24/2021,245.0,251.0,245.0,248.0,0.81,27944.0,555.0,433.0
LBBL,3/25/2021,250.0,253.0,245.0,246.0,-0.81,47244.0,555.0,433.0
LBBL,3/29/2021,250.0,250.0,245.0,245.0,-0.41,14409.0,555.0,433.0
LBBL,3/30/2021,249.0,253.0,245.0,247.0,0.82,36474.0,555.0,433.0
LBBL,3/31/2021,247.0,253.0,247.0,252.0,2.02,51512.0,555.0,433.0
LBBL,4/1/2021,253.0,275.0,252.0,263.0,4.37,145273.0,555.0,433.0
LBBL,4/4/2021,265.0,265.0,258.0,260.0,-1.14,48042.0,555.0,433.0
LBBL,4/5/2021,257.0,266.0,256.0,257.0,-1.15,52309.0,555.0,433.0
LBBL,4/6/2021,261.0,270.0,255.0,264.0,2.72,93529.0,555.0,433.0
LBBL,4/7/2021,264.0,275.0,264.0,266.0,0.76,109194.0,555.0,433.0
LBBL,4/8/2021,263.0,273.0,263.0,265.0,-0.38,46307.0,555.0,433.0
LBBL,4/12/2021,260.0,270.0,260.0,268.0,1.13,94235.0,555.0,433.0
LBBL,4/13/2021,281.0,290.0,268.0,285.0,6.34,300845.0,555.0,433.0
LBBL,4/15/2021,290.0,299.0,287.0,291.0,2.11,222768.0,555.0,433.0
LBBL,4/18/2021,294.0,300.0,286.0,289.0,-0.69,340480.0,555.0,433.0
LBBL,4/19/2021,289.0,292.0,282.0,282.0,-2.42,130820.0,555.0,433.0
LBBL,4/20/2021,284.0,300.0,274.0,299.0,6.03,230020.0,555.0,433.0
LBBL,4/21/2021,305.0,305.0,287.0,290.0,-3.01,93028.0,555.0,433.0
LBBL,4/22/2021,285.0,292.0,282.0,291.0,0.34,69631.0,555.0,433.0
LBBL,4/25/2021,305.0,305.0,278.0,282.0,-3.09,85844.0,555.0,433.0
LBBL,4/26/2021,278.0,283.0,269.0,272.0,-3.55,60722.0,555.0,433.0
LBBL,4/27/2021,271.0,282.0,270.0,278.0,2.21,50408.0,555.0,433.0
LBBL,4/28/2021,280.0,283.0,270.0,272.0,-2.16,33123.0,555.0,433.0
LBBL,4/29/2021,275.0,278.0,274.0,278.0,2.21,50650.0,555.0,433.0
LBBL,5/2/2021,279.0,282.0,275.0,281.0,1.08,62656.0,555.0,433.0
LBBL,5/3/2021,284.0,285.0,275.0,276.0,-1.78,54232.0,555.0,433.0
LBBL,5/4/2021,276.0,280.0,273.0,278.0,0.72,26903.0,555.0,433.0
LBBL,5/5/2021,282.0,282.0,275.0,278.0,0.0,28597.0,555.0,433.0
LBBL,5/6/2021,275.0,278.0,273.0,275.0,-1.08,20711.0,555.0,433.0
LBBL,5/9/2021,275.0,279.0,272.0,274.0,-0.36,53691.0,555.0,433.0
LBBL,5/10/2021,274.0,277.0,272.0,277.0,1.09,15785.0,555.0,433.0
LBBL,5/11/2021,277.0,282.0,275.0,281.0,1.44,46090.0,555.0,433.0
LBBL,5/12/2021,282.0,283.0,279.0,281.0,0.0,56181.0,555.0,433.0
LBBL,5/13/2021,290.0,290.0,280.0,288.0,2.49,124864.0,555.0,433.0
LBBL,5/16/2021,290.0,304.0,290.0,299.0,3.82,249862.0,555.0,433.0
LBBL,5/17/2021,300.0,303.0,292.0,297.0,-0.67,127034.0,555.0,433.0
LBBL,5/18/2021,302.0,321.0,295.0,312.0,5.05,239813.0,555.0,433.0
LBBL,5/19/2021,314.0,314.0,300.0,300.0,-3.85,142068.0,555.0,433.0
LBBL,5/20/2021,305.0,327.0,300.0,325.0,8.33,184321.0,555.0,433.0
LBBL,5/23/2021,322.0,353.0,310.0,346.0,6.46,291222.0,555.0,433.0
LBBL,5/24/2021,346.0,352.0,334.0,337.0,-2.6,236082.0,555.0,433.0
LBBL,5/25/2021,353.0,353.0,325.0,329.0,-2.37,163699.0,555.0,433.0
LBBL,5/27/2021,329.0,353.0,318.0,342.0,3.95,235197.0,555.0,433.0
LBBL,5/30/2021,350.0,376.0,346.0,376.0,9.94,651403.0,555.0,433.0
LBBL,5/31/2021,390.0,413.0,373.0,400.0,6.38,1009625.0,555.0,433.0
LBBL,6/1/2021,400.0,440.0,400.0,433.0,8.25,714587.0,555.0,433.0
LBBL,6/2/2021,440.0,476.0,425.0,476.0,9.93,658386.0,555.0,433.0
LBBL,6/3/2021,485.0,523.0,476.0,496.0,4.2,700809.0,555.0,433.0
LBBL,6/6/2021,496.0,545.0,496.0,545.0,9.88,1035538.0,555.0,433.0
LBBL,6/7/2021,550.0,599.0,541.0,593.0,8.81,754444.0,555.0,433.0
LBBL,6/8/2021,600.0,652.0,600.0,632.0,6.58,560172.0,555.0,433.0
LBBL,6/9/2021,663.0,663.0,594.0,597.0,-5.54,789368.0,555.0,433.0
LBBL,6/10/2021,600.0,643.0,591.0,633.0,6.03,748400.0,555.0,433.0
LBBL,6/13/2021,645.0,696.0,640.0,696.0,9.95,860139.0,555.0,433.0
LBBL,6/14/2021,730.0,730.0,670.0,683.0,-1.87,610284.0,555.0,433.0
LBBL,6/15/2021,696.0,696.0,647.0,655.0,-4.1,489102.0,555.0,433.0
LBBL,6/16/2021,623.0,676.0,617.0,640.0,-2.29,404066.0,555.0,433.0
LBBL,6/17/2021,640.0,665.0,628.0,655.0,2.34,352663.0,555.0,433.0
LBBL,6/20/2021,655.0,668.0,605.0,624.0,-4.73,327164.0,555.0,433.0
LBBL,6/21/2021,655.0,655.0,600.0,600.0,-3.85,340953.0,555.0,433.0
LBBL,6/22/2021,575.0,632.0,575.0,630.0,5.0,298689.0,555.0,433.0
LBBL,6/23/2021,661.0,661.0,606.0,610.0,-3.17,160235.0,555.0,433.0
LBBL,6/24/2021,610.0,615.0,596.0,599.0,-1.8,156922.0,555.0,433.0
LBBL,6/27/2021,600.0,605.0,580.0,585.0,-2.34,143818.0,555.0,433.0
LBBL,6/28/2021,595.0,600.0,574.0,582.0,-0.51,94214.0,555.0,433.0
LBBL,6/29/2021,582.0,582.0,543.0,543.0,-6.7,233449.0,555.0,433.0
LBBL,6/30/2021,543.0,586.0,520.0,569.0,4.79,230314.0,555.0,433.0
LBBL,7/1/2021,575.0,597.0,560.0,578.0,1.58,199123.0,555.0,433.0
LBBL,7/4/2021,600.0,600.0,561.0,568.0,-1.73,103314.0,555.0,433.0
LBBL,7/5/2021,560.0,567.0,551.0,552.0,-2.82,87886.0,555.0,433.0
LBBL,7/6/2021,559.0,580.0,547.0,550.0,-0.36,57304.0,555.0,433.0
LBBL,7/7/2021,550.0,570.0,541.0,546.0,-0.73,57158.0,555.0,433.0
LBBL,7/8/2021,542.0,563.0,542.0,558.0,2.2,87414.0,555.0,433.0
LBBL,7/11/2021,585.0,605.0,552.0,603.0,8.06,174540.0,555.0,433.0
LBBL,7/12/2021,615.0,615.0,577.0,587.0,-2.65,290999.0,555.0,433.0
LBBL,7/13/2021,596.0,609.0,572.0,586.0,-0.17,104788.0,555.0,433.0
LBBL,7/14/2021,597.0,607.0,577.0,588.0,0.34,39853.0,555.0,433.0
LBBL,7/15/2021,600.0,600.0,580.0,585.0,-0.51,86101.0,555.0,433.0
LBBL,7/18/2021,596.0,625.0,590.0,625.0,6.84,211393.0,555.0,433.0
LBBL,7/19/2021,630.0,640.0,606.0,611.5,-2.16,195099.0,555.0,433.0
LBBL,7/20/2021,623.0,623.0,598.8,601.0,-1.72,91418.0,555.0,433.0
LBBL,7/22/2021,603.0,605.0,590.0,595.0,-1.0,163092.0,555.0,433.0
LBBL,7/25/2021,600.0,604.0,582.0,586.9,-1.36,230382.0,555.0,433.0
LBBL,7/26/2021,598.6,598.6,574.0,582.0,-0.83,119966.0,555.0,433.0
LBBL,7/27/2021,582.0,612.0,570.0,590.0,1.37,142541.0,555.0,433.0
LBBL,7/28/2021,595.0,608.0,580.0,580.0,-1.69,193704.0,555.0,433.0
LBBL,7/29/2021,591.0,614.0,591.0,611.0,5.34,203198.0,555.0,433.0
LBBL,8/1/2021,623.2,640.0,622.0,626.9,2.6,422809.0,555.0,433.0
LBBL,8/2/2021,639.4,639.4,611.0,615.0,-1.9,176658.0,555.0,433.0
LBBL,8/3/2021,620.0,627.0,610.0,615.0,0.0,80996.0,555.0,433.0
LBBL,8/4/2021,627.0,627.0,609.0,614.9,-0.02,95309.0,555.0,433.0
LBBL,8/5/2021,622.0,635.0,610.0,621.0,0.99,220389.0,555.0,433.0
LBBL,8/8/2021,633.4,638.0,621.0,627.0,0.97,168267.0,555.0,433.0
LBBL,8/9/2021,630.0,638.0,615.0,622.9,-0.65,87828.0,555.0,433.0
LBBL,8/10/2021,623.0,678.3,623.0,660.0,5.96,460653.0,555.0,433.0
LBBL,8/11/2021,673.2,699.0,643.0,651.0,-1.36,244607.0,555.0,433.0
LBBL,8/12/2021,651.0,695.4,644.0,685.0,5.22,515417.0,555.0,433.0
LBBL,8/15/2021,685.0,685.0,637.0,653.0,-4.67,394215.0,555.0,433.0
LBBL,8/16/2021,650.0,668.1,638.0,648.0,-0.77,216762.0,555.0,433.0
LBBL,8/17/2021,655.0,682.0,645.0,668.0,3.09,358625.0,555.0,433.0
LBBL,8/18/2021,681.3,734.8,675.0,729.0,9.13,835074.0,555.0,433.0
LBBL,8/19/2021,743.5,774.0,700.0,730.0,0.14,570717.0,555.0,433.0
LBBL,8/24/2021,744.3,744.3,691.0,693.0,-5.07,360065.0,555.0,433.0
LBBL,8/25/2021,693.0,714.0,662.0,665.5,-3.97,224881.0,555.0,433.0
LBBL,8/26/2021,664.0,712.0,655.0,700.0,5.18,304837.0,555.0,433.0
LBBL,8/29/2021,714.0,742.0,685.0,699.2,-0.11,391486.0,555.0,433.0
LBBL,8/31/2021,699.2,699.2,669.7,670.0,-4.18,262787.0,555.0,433.0
LBBL,9/1/2021,673.0,688.9,660.0,667.9,-0.31,242738.0,555.0,433.0
LBBL,9/2/2021,679.9,679.9,623.0,637.0,-4.63,202466.0,555.0,433.0
LBBL,9/5/2021,637.0,637.0,573.3,578.0,-9.26,338949.0,555.0,433.0
LBBL,9/6/2021,567.0,635.8,567.0,635.8,10.0,207366.0,555.0,433.0
LBBL,9/7/2021,640.0,652.8,611.0,632.0,-0.6,195874.0,555.0,433.0
LBBL,9/8/2021,625.1,628.0,609.1,612.0,-3.16,142508.0,555.0,433.0
LBBL,9/9/2021,612.0,623.0,599.8,606.0,-0.98,112932.0,555.0,433.0
LBBL,9/12/2021,610.0,646.0,600.0,636.0,4.95,212771.0,555.0,433.0
LBBL,9/13/2021,648.7,669.0,642.0,645.0,1.42,194995.0,555.0,433.0
LBBL,9/14/2021,646.0,653.0,626.0,634.0,-1.71,86847.0,555.0,433.0
LBBL,9/15/2021,634.0,635.0,611.1,617.9,-2.54,111223.0,555.0,433.0
LBBL,9/16/2021,605.6,612.0,581.1,591.0,-4.35,206196.0,555.0,433.0
LBBL,9/20/2021,588.0,598.0,552.0,556.0,-5.92,174155.0,555.0,433.0
LBBL,9/21/2021,550.0,583.4,531.0,560.0,0.72,188843.0,555.0,433.0
LBBL,9/22/2021,571.2,604.0,571.2,604.0,7.86,110206.0,555.0,433.0
LBBL,9/23/2021,616.0,626.0,588.0,594.4,-1.59,167907.0,555.0,433.0
LBBL,9/26/2021,606.2,622.0,575.0,576.0,-3.1,116742.0,555.0,433.0
LBBL,9/27/2021,570.0,587.0,541.0,544.8,-5.42,114264.0,555.0,433.0
LBBL,9/28/2021,534.09,564.0,526.3,535.0,-1.8,104084.0,555.0,433.0
LBBL,9/29/2021,541.0,555.0,520.0,554.9,3.72,92440.0,555.0,433.0
LBBL,9/30/2021,554.9,560.0,530.0,531.0,-4.31,64307.0,555.0,433.0
LBBL,10/3/2021,528.0,533.0,510.0,514.0,-3.2,72603.0,555.0,433.0
LBBL,10/4/2021,514.0,519.0,491.0,494.0,-3.89,79026.0,555.0,433.0
LBBL,10/5/2021,503.0,516.0,500.0,515.0,4.25,46286.0,555.0,433.0
LBBL,10/6/2021,524.5,539.0,506.0,537.0,4.27,50038.0,555.0,433.0
LBBL,10/10/2021,535.0,549.0,511.0,515.0,-4.1,62450.0,555.0,433.0
LBBL,10/11/2021,516.0,516.0,499.0,510.0,-0.97,43711.0,555.0,433.0
LBBL,10/17/2021,519.0,519.0,505.0,517.0,1.37,12901.0,555.0,433.0
LBBL,10/18/2021,507.0,512.9,491.0,494.0,-4.45,53385.0,555.0,433.0
LBBL,10/19/2021,490.0,490.0,460.0,462.0,-6.48,66330.0,555.0,433.0
LBBL,10/20/2021,471.2,499.0,471.2,482.0,4.33,42988.0,555.0,433.0
LBBL,10/21/2021,490.0,490.0,469.0,469.0,-2.7,26979.0,555.0,433.0
LBBL,10/24/2021,465.0,485.0,461.0,477.0,1.71,44209.0,555.0,433.0
LBBL,10/25/2021,485.5,522.6,485.5,521.0,9.22,95074.0,555.0,433.0
LBBL,10/26/2021,515.0,550.0,505.0,540.0,3.65,199071.0,555.0,433.0
LBBL,10/27/2021,531.4,550.0,520.0,529.9,-1.87,91695.0,555.0,433.0
LBBL,10/28/2021,530.9,539.0,515.0,527.1,-0.53,94252.0,555.0,433.0
LBBL,10/31/2021,537.0,579.8,537.0,579.8,10.0,228580.0,555.0,433.0
LBBL,11/1/2021,591.3,630.0,581.3,608.0,4.86,260089.0,555.0,433.0
LBBL,11/2/2021,610.0,663.0,593.0,652.0,7.24,323163.0,555.0,433.0
LBBL,11/3/2021,652.0,678.0,639.0,641.4,-1.63,159447.0,555.0,433.0
LBBL,11/8/2021,641.0,665.0,640.0,648.9,1.17,191841.0,555.0,433.0
LBBL,11/9/2021,640.0,651.0,606.0,619.0,-4.61,272538.0,555.0,433.0
LBBL,11/11/2021,620.0,620.0,588.0,596.0,-3.72,133825.0,555.0,433.0
LBBL,11/14/2021,596.0,639.0,596.0,626.1,5.05,259886.0,555.0,433.0
LBBL,11/15/2021,613.6,671.9,613.6,660.0,5.41,361029.0,555.0,433.0
LBBL,11/16/2021,673.0,676.2,656.0,670.0,1.52,272892.0,555.0,433.0
LBBL,11/17/2021,675.0,697.0,657.0,657.0,-1.94,292680.0,555.0,433.0
LBBL,11/18/2021,660.0,673.0,640.0,644.0,-1.98,144585.0,555.0,433.0
LBBL,11/21/2021,644.0,665.0,636.1,649.9,0.92,133688.0,555.0,433.0
LBBL,11/22/2021,660.0,662.8,640.0,643.0,-1.06,105944.0,555.0,433.0
LBBL,11/23/2021,636.0,648.7,620.4,630.0,-2.02,119489.0,555.0,433.0
LBBL,11/24/2021,618.0,642.0,610.0,624.1,-0.94,87388.0,555.0,433.0
LBBL,11/25/2021,630.0,634.0,611.0,613.0,-1.78,112947.0,555.0,433.0
LBBL,11/28/2021,616.0,616.0,580.0,581.0,-5.22,137134.0,555.0,433.0
LBBL,11/29/2021,590.0,607.0,577.1,585.0,0.69,106292.0,555.0,433.0
LBBL,11/30/2021,596.0,607.9,575.0,590.0,0.85,71441.0,555.0,433.0
LBBL,12/1/2021,600.0,600.0,581.2,583.0,-1.19,61732.0,555.0,433.0
LBBL,12/2/2021,594.6,594.6,561.1,562.0,-3.6,63512.0,555.0,433.0
LBBL,12/5/2021,573.2,573.2,539.0,544.0,-3.2,78949.0,555.0,433.0
LBBL,12/6/2021,553.0,565.0,524.0,563.9,3.66,144255.0,555.0,433.0
LBBL,12/7/2021,574.0,586.0,542.0,544.0,-3.53,85318.0,555.0,433.0
LBBL,12/8/2021,549.0,550.0,520.0,524.0,-3.68,65507.0,555.0,433.0
LBBL,12/9/2021,533.0,533.0,510.0,524.0,0.0,103959.0,555.0,433.0
LBBL,12/12/2021,519.0,520.0,485.0,485.5,-7.35,131123.0,555.0,433.0
LBBL,12/13/2021,422.0,442.0,406.0,413.0,-14.93,138847.0,555.0,433.0
LBBL,12/14/2021,421.0,451.0,416.5,451.0,9.2,40225.0,555.0,433.0
LBBL,12/15/2021,460.0,468.0,435.0,448.0,-0.67,161402.0,555.0,433.0
LBBL,12/16/2021,439.1,448.0,424.0,426.0,-4.91,47636.0,555.0,433.0
LBBL,12/20/2021,434.5,439.0,414.0,420.0,-1.41,30313.0,555.0,433.0
LBBL,12/21/2021,425.0,435.0,415.0,430.0,2.38,47486.0,555.0,433.0
LBBL,12/22/2021,438.6,458.8,430.0,457.0,6.28,75390.0,555.0,433.0
LBBL,12/23/2021,466.1,468.0,441.1,451.0,-1.31,74536.0,555.0,433.0
LBBL,12/26/2021,456.0,465.0,446.0,453.0,0.44,79223.0,555.0,433.0
LBBL,12/27/2021,461.0,461.0,427.0,429.9,-5.1,86428.0,555.0,433.0
LBBL,12/28/2021,438.0,448.0,422.0,437.0,1.65,55587.0,555.0,433.0
LBBL,12/29/2021,445.7,445.7,427.0,430.2,-1.56,37355.0,555.0,433.0
LBBL,1/2/2022,435.0,456.9,430.0,456.0,6.0,82207.0,555.0,433.0
LBBL,1/3/2022,456.0,479.5,451.0,470.0,3.07,111032.0,555.0,433.0
LBBL,1/4/2022,478.0,507.0,461.0,495.0,5.32,110308.0,555.0,433.0
LBBL,1/5/2022,495.0,508.0,485.0,486.7,-1.68,105798.0,555.0,433.0
LBBL,1/6/2022,479.0,500.0,479.0,498.0,2.32,92490.0,555.0,433.0
LBBL,1/9/2022,507.0,540.0,507.0,528.0,6.02,128189.0,555.0,433.0
LBBL,1/10/2022,538.0,541.0,519.0,529.1,0.21,169708.0,555.0,433.0
LBBL,1/11/2022,534.0,550.0,526.0,547.0,3.38,117698.0,555.0,433.0
LBBL,1/12/2022,555.0,555.0,525.0,526.5,-3.75,131829.0,555.0,433.0
LBBL,1/13/2022,517.0,546.0,517.0,545.1,3.53,114198.0,555.0,433.0
LBBL,1/16/2022,556.0,577.0,550.1,564.0,3.47,140732.0,555.0,433.0
LBBL,1/17/2022,564.0,573.0,542.0,561.5,-0.44,92177.0,555.0,433.0
LBBL,1/18/2022,561.5,562.0,540.0,545.0,-2.94,133975.0,555.0,433.0
LBBL,1/19/2022,550.0,554.0,533.0,533.0,-2.2,73950.0,555.0,433.0
LBBL,1/20/2022,533.0,561.0,533.0,560.0,5.07,102523.0,555.0,433.0
LBBL,1/23/2022,571.0,571.0,539.0,548.0,-2.14,80881.0,555.0,433.0
LBBL,1/24/2022,540.0,543.0,514.0,519.9,-5.13,154746.0,555.0,433.0
LBBL,1/25/2022,515.0,533.0,506.0,516.0,-0.75,75326.0,555.0,433.0
LBBL,1/26/2022,518.0,521.0,495.0,503.0,-2.52,127688.0,555.0,433.0
LBBL,1/27/2022,506.0,512.0,500.0,502.0,-0.2,55210.0,555.0,433.0
LBBL,1/30/2022,512.0,543.0,512.0,542.0,7.97,124814.0,555.0,433.0
LBBL,1/31/2022,542.3,547.0,526.0,530.0,-2.21,65680.0,555.0,433.0
LBBL,2/1/2022,533.0,544.9,525.0,539.1,1.72,88228.0,555.0,433.0
LBBL,2/3/2022,549.8,555.0,532.1,538.0,-0.2,122911.0,555.0,433.0
LBBL,2/6/2022,535.0,540.0,524.0,526.0,-2.23,52516.0,555.0,433.0
LBBL,2/7/2022,530.0,536.5,524.8,529.0,0.57,33690.0,555.0,433.0
LBBL,2/8/2022,539.0,558.0,516.1,520.0,-1.7,77525.0,555.0,433.0
LBBL,2/9/2022,520.0,523.0,513.3,519.0,-0.19,36267.0,555.0,433.0
LBBL,2/10/2022,520.0,522.0,510.7,513.5,-1.06,42870.0,555.0,433.0
LBBL,2/13/2022,508.0,508.0,485.0,488.3,-4.91,95295.0,555.0,433.0
LBBL,2/14/2022,478.6,498.0,478.6,488.9,0.12,69233.0,555.0,433.0
LBBL,2/15/2022,485.0,507.9,481.0,507.0,3.7,85331.0,555.0,433.0
LBBL,2/16/2022,506.0,509.9,491.0,496.0,-2.17,50971.0,555.0,433.0
LBBL,2/17/2022,487.0,499.0,487.0,491.0,-1.01,23643.0,555.0,433.0
LBBL,2/20/2022,482.0,488.0,473.0,479.1,-2.42,60264.0,555.0,433.0
LBBL,2/21/2022,478.1,489.0,478.0,482.2,0.65,36417.0,555.0,433.0
LBBL,2/22/2022,491.0,499.5,490.0,494.0,2.45,36006.0,555.0,433.0
LBBL,2/23/2022,498.0,498.7,488.0,488.0,-1.21,26306.0,555.0,433.0
LBBL,2/24/2022,482.3,484.0,471.0,472.0,-3.28,56336.0,555.0,433.0
LBBL,2/27/2022,480.0,480.0,462.1,473.0,0.21,42374.0,555.0,433.0
LBBL,2/28/2022,482.0,489.0,461.1,464.0,-1.9,37769.0,555.0,433.0
LBBL,3/2/2022,460.0,464.0,443.0,445.0,-4.09,60171.0,555.0,433.0
LBBL,3/6/2022,453.9,459.0,440.0,455.0,2.25,58081.0,555.0,433.0
LBBL,3/7/2022,464.1,464.1,448.0,450.0,-1.1,45021.0,555.0,433.0
LBBL,3/9/2022,454.0,454.0,434.0,438.0,-2.67,36436.0,555.0,433.0
LBBL,3/10/2022,430.1,461.0,430.0,460.0,5.02,36941.0,555.0,433.0
LBBL,3/13/2022,468.0,484.0,463.0,480.0,4.35,86004.0,555.0,433.0
LBBL,3/14/2022,485.0,488.8,470.0,482.9,0.6,37225.0,555.0,433.0
LBBL,3/15/2022,483.0,490.0,475.0,490.0,1.47,77681.0,555.0,433.0
LBBL,3/16/2022,482.0,490.0,476.5,482.0,-1.63,39663.0,555.0,433.0
LBBL,3/20/2022,485.0,489.9,475.5,475.5,-1.35,32884.0,555.0,433.0
LBBL,3/21/2022,475.5,493.0,469.1,490.0,3.05,57326.0,555.0,433.0
LBBL,3/22/2022,493.5,503.0,486.0,498.0,1.63,60688.0,555.0,433.0
LBBL,3/23/2022,493.0,499.8,487.0,494.0,-0.8,49137.0,555.0,433.0
LBBL,3/24/2022,494.0,500.0,483.0,484.4,-1.94,40255.0,555.0,433.0
LBBL,3/27/2022,475.2,481.0,461.7,470.0,-2.97,44696.0,555.0,433.0
LBBL,3/28/2022,470.0,474.0,452.9,452.9,-3.64,42587.0,555.0,433.0
LBBL,3/29/2022,456.0,463.0,445.1,454.0,0.24,32700.0,555.0,433.0
LBBL,3/30/2022,454.0,476.0,449.0,476.0,4.85,34136.0,555.0,433.0
LBBL,3/31/2022,480.0,480.0,455.3,460.0,-3.36,46276.0,555.0,433.0
LBBL,4/3/2022,460.0,460.0,450.0,457.9,-0.46,32234.0,555.0,433.0
LBBL,4/4/2022,451.0,464.0,450.0,450.5,-1.62,19366.0,555.0,433.0
LBBL,4/5/2022,451.0,451.0,435.0,442.0,-1.89,50736.0,555.0,433.0
LBBL,4/6/2022,436.0,447.0,433.3,440.0,-0.45,28195.0,555.0,433.0
LBBL,4/7/2022,446.0,454.0,439.1,450.0,2.27,43248.0,555.0,433.0
LBBL,4/11/2022,459.0,465.0,444.1,444.1,-1.31,36317.0,555.0,433.0
LBBL,4/12/2022,436.1,446.0,430.1,438.0,-1.37,32051.0,555.0,433.0
LBBL,4/13/2022,438.9,447.0,430.4,440.0,0.46,31562.0,555.0,433.0
LBBL,4/17/2022,440.0,446.0,433.0,433.0,-1.59,14810.0,555.0,433.0
LBBL,4/18/2022,430.0,441.0,425.0,427.0,-1.39,26044.0,555.0,433.0
LBBL,4/19/2022,425.0,435.5,420.0,432.0,1.17,13003.0,555.0,433.0
LBBL,4/20/2022,432.0,435.0,418.0,419.0,-3.01,14782.0,555.0,433.0
LBBL,4/21/2022,418.0,424.0,406.7,420.8,0.43,33663.0,555.0,433.0
LBBL,4/24/2022,428.9,456.0,420.0,445.1,5.77,38752.0,555.0,433.0
LBBL,4/25/2022,452.0,455.0,432.1,432.1,-2.92,38233.0,555.0,433.0
LBBL,4/26/2022,424.0,444.0,424.0,427.2,-1.13,15691.0,555.0,433.0
LBBL,4/27/2022,426.0,448.4,425.0,443.0,3.7,45226.0,555.0,433.0
LBBL,4/28/2022,450.0,451.6,431.3,436.8,-1.4,39334.0,555.0,433.0
LBBL,5/2/2022,429.0,433.0,421.0,426.0,-2.47,27667.0,555.0,433.0
LBBL,5/4/2022,420.1,431.0,410.1,414.0,-2.82,37956.0,555.0,433.0
LBBL,5/5/2022,406.0,413.0,395.0,396.2,-4.3,59856.0,555.0,433.0
LBBL,5/8/2022,396.2,415.0,384.2,415.0,4.75,29207.0,555.0,433.0
LBBL,5/9/2022,408.0,421.0,403.0,408.0,-1.69,25658.0,555.0,433.0
LBBL,5/10/2022,400.0,422.0,400.0,420.0,2.94,29656.0,555.0,433.0
LBBL,5/11/2022,420.0,434.8,417.0,430.0,2.38,38739.0,555.0,433.0
LBBL,5/12/2022,434.8,441.0,423.0,425.5,-1.05,27688.0,555.0,433.0
LBBL,5/17/2022,419.0,423.0,405.0,407.0,-4.35,19652.0,555.0,433.0
LBBL,5/18/2022,401.0,419.0,400.0,406.7,-0.07,25158.0,555.0,433.0
LBBL,5/19/2022,410.0,416.0,399.0,401.1,-1.38,28500.0,555.0,433.0
LBBL,5/20/2022,398.1,407.8,395.0,395.0,-1.52,17469.0,555.0,433.0
LBBL,5/23/2022,395.0,395.0,385.0,388.9,-1.54,24165.0,555.0,433.0
LBBL,5/24/2022,396.0,402.0,386.0,396.8,2.03,16787.0,555.0,433.0
LBBL,5/25/2022,404.0,412.0,394.5,400.0,0.81,17849.0,555.0,433.0
LBBL,5/26/2022,392.0,405.0,392.0,395.0,-1.25,7382.0,555.0,433.0
LBBL,5/27/2022,400.0,400.0,389.0,390.0,-1.27,11770.0,555.0,433.0
LBBL,5/30/2022,391.0,391.0,374.6,374.6,-3.95,44396.0,555.0,433.0
LBBL,5/31/2022,370.6,383.0,370.0,373.9,-0.19,26908.0,555.0,433.0
LBBL,6/1/2022,375.0,379.0,371.7,378.0,1.1,13267.0,555.0,433.0
LBBL,6/2/2022,380.0,384.0,372.0,376.0,-0.53,12850.0,555.0,433.0
LBBL,6/3/2022,375.0,379.0,362.0,370.0,-1.6,38573.0,555.0,433.0
LBBL,6/6/2022,375.0,377.0,367.0,369.0,-0.27,31528.0,555.0,433.0
LBBL,6/7/2022,370.0,373.0,355.0,355.0,-3.79,27063.0,555.0,433.0
LBBL,6/8/2022,360.0,380.0,355.0,372.0,4.79,44612.0,555.0,433.0
LBBL,6/9/2022,375.0,377.0,356.0,356.0,-4.3,37739.0,555.0,433.0
LBBL,6/10/2022,351.3,370.0,350.0,355.0,-0.28,17459.0,555.0,433.0
LBBL,6/13/2022,347.9,362.1,347.9,356.0,0.28,9142.0,555.0,433.0
LBBL,6/14/2022,356.0,357.0,344.0,346.1,-2.78,17469.0,555.0,433.0
LBBL,6/15/2022,341.0,351.0,333.3,341.0,-1.47,26860.0,555.0,433.0
LBBL,6/16/2022,336.0,359.0,336.0,345.0,1.17,18099.0,555.0,433.0
LBBL,6/17/2022,349.0,349.0,339.1,339.1,-1.71,4110.0,555.0,433.0
LBBL,6/19/2022,335.0,336.0,328.0,330.0,-2.68,18313.0,555.0,433.0
LBBL,6/20/2022,323.4,324.0,311.7,315.0,-4.55,46090.0,555.0,433.0
LBBL,6/21/2022,309.0,334.0,308.7,327.0,3.81,29247.0,555.0,433.0
LBBL,6/22/2022,320.5,322.0,313.0,315.5,-3.52,27519.0,555.0,433.0
LBBL,6/23/2022,310.0,310.0,299.0,300.1,-4.88,32068.0,555.0,433.0
LBBL,6/24/2022,295.0,318.0,290.1,307.0,2.3,24343.0,555.0,433.0
LBBL,6/26/2022,313.0,337.5,310.0,336.0,9.45,69038.0,555.0,433.0
LBBL,6/27/2022,340.0,341.9,323.1,325.0,-3.27,41734.0,555.0,433.0
LBBL,6/28/2022,318.5,326.4,316.0,317.0,-2.46,17911.0,555.0,433.0
LBBL,6/29/2022,311.2,341.0,311.2,337.0,6.31,57396.0,555.0,433.0
LBBL,6/30/2022,341.0,362.0,334.1,360.0,6.82,57773.0,555.0,433.0
LBBL,7/1/2022,363.0,365.0,350.1,351.1,-2.47,33934.0,555.0,433.0
LBBL,7/3/2022,345.0,374.0,345.0,365.0,3.96,42482.0,555.0,433.0
LBBL,7/4/2022,370.0,382.0,350.0,360.0,-1.37,108253.0,555.0,433.0
LBBL,7/5/2022,353.0,370.0,345.0,352.0,-2.22,60796.0,555.0,433.0
LBBL,7/6/2022,349.0,358.0,335.0,355.0,0.85,62733.0,555.0,433.0
LBBL,7/7/2022,360.0,368.0,343.0,346.0,-2.54,37061.0,555.0,433.0
LBBL,7/8/2022,349.2,349.2,330.0,330.1,-4.6,36211.0,555.0,433.0
LBBL,7/11/2022,324.0,325.1,310.0,314.9,-4.6,71293.0,555.0,433.0
LBBL,7/12/2022,321.0,329.4,310.0,315.0,0.03,52363.0,555.0,433.0
LBBL,7/13/2022,321.0,338.6,316.0,338.0,7.3,51519.0,555.0,433.0
LBBL,7/14/2022,344.0,350.0,332.0,344.0,1.78,52442.0,555.0,433.0
LBBL,7/15/2022,340.1,347.7,337.0,341.0,-0.87,21063.0,555.0,433.0
LBBL,7/17/2022,340.0,346.0,338.1,338.1,-0.85,20902.0,555.0,433.0
LBBL,7/18/2022,335.2,345.0,333.0,339.0,0.27,21072.0,555.0,433.0
LBBL,7/19/2022,344.0,352.0,342.0,346.9,2.33,42464.0,555.0,433.0
LBBL,7/20/2022,350.0,352.0,340.0,348.9,0.58,28436.0,555.0,433.0
LBBL,7/21/2022,343.0,348.9,341.0,344.0,-1.4,29369.0,555.0,433.0
LBBL,7/22/2022,344.0,344.0,333.0,336.9,-2.06,22199.0,555.0,433.0
LBBL,7/24/2022,343.6,364.0,337.0,363.0,7.75,106034.0,555.0,433.0
LBBL,7/25/2022,367.9,388.0,363.0,383.3,5.59,110228.0,555.0,433.0
LBBL,7/26/2022,385.0,386.5,367.0,370.0,-3.47,103568.0,555.0,433.0
LBBL,7/27/2022,377.4,384.0,361.0,381.0,2.97,72714.0,555.0,433.0
LBBL,7/28/2022,385.0,408.0,378.4,395.0,3.67,156135.0,555.0,433.0
LBBL,7/29/2022,396.0,433.0,392.0,429.9,8.84,223452.0,555.0,433.0
LBBL,7/31/2022,430.0,440.0,422.4,425.1,-1.12,116539.0,555.0,433.0
LBBL,8/1/2022,433.6,440.6,417.0,440.0,3.51,154461.0,555.0,433.0
LBBL,8/2/2022,446.0,446.0,425.5,442.0,0.45,144698.0,555.0,433.0
LBBL,8/3/2022,443.0,450.0,435.0,442.0,0.0,107918.0,555.0,433.0
LBBL,8/4/2022,433.2,440.0,422.0,422.0,-4.52,171857.0,555.0,433.0
LBBL,8/5/2022,425.0,433.0,413.0,414.2,-1.85,112496.0,555.0,433.0
LBBL,8/7/2022,414.0,427.0,411.0,425.0,2.61,54221.0,555.0,433.0
LBBL,8/8/2022,425.0,430.0,413.0,415.0,-2.35,61956.0,555.0,433.0
LBBL,8/9/2022,417.0,419.0,394.0,398.0,-4.1,110883.0,555.0,433.0
LBBL,8/10/2022,392.0,405.0,391.0,396.1,-0.48,68344.0,555.0,433.0
LBBL,8/11/2022,396.0,403.8,385.0,386.0,-2.55,41530.0,555.0,433.0
LBBL,8/14/2022,383.1,398.0,376.0,379.0,-1.81,49064.0,555.0,433.0
LBBL,8/15/2022,373.4,407.0,373.4,407.0,7.39,87010.0,555.0,433.0
LBBL,8/16/2022,410.0,418.0,391.5,391.5,-3.81,85120.0,555.0,433.0
LBBL,8/17/2022,399.3,408.0,390.0,399.9,2.15,49795.0,555.0,433.0
LBBL,8/18/2022,407.8,420.0,399.7,414.0,3.53,67396.0,555.0,433.0
LBBL,8/21/2022,422.2,422.2,405.0,407.1,-1.67,52660.0,555.0,433.0
LBBL,8/22/2022,412.0,412.0,397.0,404.0,-0.76,36124.0,555.0,433.0
LBBL,8/23/2022,404.0,411.0,400.0,400.0,-0.99,26210.0,555.0,433.0
LBBL,8/24/2022,407.0,412.0,400.0,402.3,0.57,46549.0,555.0,433.0
LBBL,8/25/2022,407.0,409.0,394.2,395.0,-1.81,49487.0,555.0,433.0
LBBL,8/26/2022,391.0,396.9,387.0,390.0,-1.27,48250.0,555.0,433.0
LBBL,8/28/2022,386.1,391.0,375.0,378.0,-3.08,89440.0,555.0,433.0
LBBL,8/29/2022,374.1,386.9,373.1,382.0,1.06,34754.0,555.0,433.0
LBBL,8/30/2022,389.6,390.0,381.2,385.0,0.79,25859.0,555.0,433.0
LBBL,8/31/2022,385.1,387.6,375.0,379.0,-1.56,21612.0,555.0,433.0
LBBL,9/1/2022,380.0,387.5,369.0,377.0,-0.53,33994.0,555.0,433.0
LBBL,9/2/2022,377.0,382.5,372.0,376.8,-0.05,14343.0,555.0,433.0
LBBL,9/4/2022,379.0,391.7,379.0,390.0,3.5,40107.0,555.0,433.0
LBBL,9/5/2022,388.0,395.7,381.0,381.0,-2.31,27820.0,555.0,433.0
LBBL,9/6/2022,381.0,382.0,372.4,374.0,-1.84,26779.0,555.0,433.0
LBBL,9/7/2022,374.0,375.0,368.0,369.0,-1.34,22908.0,555.0,433.0
LBBL,9/8/2022,368.1,380.4,366.0,377.0,2.17,25819.0,555.0,433.0
LBBL,9/11/2022,373.0,379.9,369.0,369.0,-2.12,18703.0,555.0,433.0
LBBL,9/12/2022,370.0,373.0,367.0,369.0,0.0,28700.0,555.0,433.0
LBBL,9/13/2022,375.0,381.0,367.5,375.0,1.63,26582.0,555.0,433.0
LBBL,9/14/2022,380.0,406.0,378.1,393.1,4.83,62436.0,555.0,433.0
LBBL,9/15/2022,400.0,400.0,372.0,372.0,-5.37,101938.0,555.0,433.0
LBBL,9/16/2022,369.0,377.0,358.8,370.0,-0.54,39940.0,555.0,433.0
LBBL,9/18/2022,371.2,371.2,360.0,360.2,-2.65,42626.0,555.0,433.0
LBBL,9/20/2022,360.0,365.0,348.0,349.0,-3.11,55645.0,555.0,433.0
LBBL,9/21/2022,354.0,364.0,350.3,354.0,1.43,42331.0,555.0,433.0
LBBL,9/22/2022,358.0,362.0,349.0,350.0,-1.13,20166.0,555.0,433.0
LBBL,9/25/2022,344.0,348.0,336.2,343.4,-1.89,21880.0,555.0,433.0
LBBL,9/27/2022,348.0,355.0,341.0,346.0,0.76,29106.0,555.0,433.0
LBBL,9/28/2022,351.0,351.0,338.0,341.0,-1.45,30520.0,555.0,433.0
LBBL,9/29/2022,339.0,350.0,339.0,345.0,1.17,25865.0,555.0,433.0
LBBL,10/9/2022,350.0,371.0,350.0,369.0,6.96,35633.0,555.0,433.0
LBBL,10/10/2022,372.0,376.0,354.0,357.0,-3.25,57775.0,555.0,433.0
LBBL,10/11/2022,354.0,359.0,346.0,357.0,0.0,21640.0,555.0,433.0
LBBL,10/12/2022,360.0,367.0,350.0,365.0,2.24,45512.0,555.0,433.0
LBBL,10/13/2022,367.0,373.8,361.2,369.0,1.1,46228.0,555.0,433.0
LBBL,10/16/2022,370.5,372.0,360.0,363.0,-1.63,29218.0,555.0,433.0
LBBL,10/17/2022,364.0,367.0,357.7,360.0,-0.83,9505.0,555.0,433.0
LBBL,10/19/2022,360.0,360.0,350.0,350.0,-2.78,31002.0,555.0,433.0
LBBL,10/20/2022,345.4,354.5,345.3,351.5,0.43,15955.0,555.0,433.0
LBBL,10/23/2022,348.0,360.0,348.0,356.0,1.28,15489.0,555.0,433.0
LBBL,10/31/2022,348.9,354.0,343.6,346.9,-2.56,25626.0,555.0,433.0
LBBL,11/1/2022,350.0,359.5,340.4,357.9,3.17,25628.0,555.0,433.0
LBBL,11/2/2022,361.0,367.0,353.8,363.0,1.42,42189.0,555.0,433.0
LBBL,11/3/2022,363.0,370.0,353.0,357.5,-1.52,23079.0,555.0,433.0
LBBL,11/6/2022,358.0,367.0,355.0,365.0,2.1,26841.0,555.0,433.0
LBBL,11/7/2022,365.0,374.5,362.1,366.0,0.27,47105.0,555.0,433.0
LBBL,11/8/2022,366.0,373.0,361.1,364.9,-0.3,36898.0,555.0,433.0
LBBL,11/9/2022,360.1,365.0,350.0,353.0,-3.26,49998.0,555.0,433.0
LBBL,11/10/2022,360.0,360.0,342.3,344.8,-2.32,38200.0,555.0,433.0
LBBL,11/13/2022,344.0,349.9,340.1,342.0,-0.81,14776.0,555.0,433.0
LBBL,11/14/2022,342.0,351.0,341.9,348.6,1.93,22094.0,555.0,433.0
LBBL,11/15/2022,355.0,355.4,340.0,341.0,-2.18,18536.0,555.0,433.0
LBBL,11/16/2022,347.8,353.3,345.0,345.0,1.17,15542.0,555.0,433.0
LBBL,11/17/2022,350.0,357.0,350.0,356.0,3.19,16596.0,555.0,433.0
LBBL,11/22/2022,363.1,363.1,342.1,343.1,-3.62,47500.0,555.0,433.0
LBBL,11/23/2022,345.0,345.0,336.6,340.0,-0.9,31321.0,555.0,433.0
LBBL,11/24/2022,340.0,342.0,335.3,337.0,-0.88,31838.0,555.0,433.0
LBBL,11/27/2022,341.0,344.0,336.0,341.8,1.42,30328.0,555.0,433.0
LBBL,11/28/2022,348.0,348.6,336.3,339.0,-0.82,27318.0,555.0,433.0
LBBL,11/29/2022,344.0,344.0,334.7,342.4,1.0,17943.0,555.0,433.0
LBBL,11/30/2022,348.0,348.0,336.3,337.0,-1.58,15467.0,555.0,433.0
LBBL,12/1/2022,336.0,340.0,336.0,336.1,-0.27,19249.0,555.0,433.0
LBBL,12/4/2022,342.7,342.7,335.0,336.5,0.12,18167.0,555.0,433.0
LBBL,12/5/2022,341.9,341.9,329.0,329.1,-2.2,27352.0,555.0,433.0
LBBL,12/6/2022,326.0,328.1,322.6,325.1,-1.22,13638.0,555.0,433.0
LBBL,12/7/2022,322.0,325.0,320.0,324.0,-0.34,14799.0,555.0,433.0
LBBL,12/11/2022,321.0,322.0,315.0,315.5,-2.62,14596.0,555.0,433.0
LBBL,12/12/2022,314.0,322.0,312.0,322.0,2.06,15860.0,555.0,433.0
LBBL,12/13/2022,322.0,323.5,316.0,316.0,-1.86,12113.0,555.0,433.0
LBBL,12/14/2022,314.0,322.0,314.0,317.0,0.32,3937.0,555.0,433.0
LBBL,12/15/2022,315.1,318.0,309.0,314.0,-0.95,29505.0,555.0,433.0
LBBL,12/18/2022,314.0,314.0,307.8,310.0,-1.27,16252.0,555.0,433.0
LBBL,12/19/2022,310.0,315.2,309.1,314.0,1.29,7513.0,555.0,433.0
LBBL,12/20/2022,314.0,316.7,310.1,313.0,-0.32,15144.0,555.0,433.0
LBBL,12/21/2022,308.1,318.0,308.1,313.0,0.0,22755.0,555.0,433.0
LBBL,12/22/2022,311.0,314.8,307.2,314.7,0.54,14194.0,555.0,433.0
LBBL,12/26/2022,319.9,338.4,318.0,338.4,7.53,65410.0,555.0,433.0
LBBL,12/27/2022,345.0,352.5,335.0,347.0,2.54,104119.0,555.0,433.0
LBBL,12/28/2022,337.0,343.0,325.0,333.0,-4.03,36900.0,555.0,433.0
LBBL,12/29/2022,330.0,348.0,329.3,345.3,3.69,47548.0,555.0,433.0
LBBL,1/1/2023,347.0,353.0,336.0,337.5,-2.26,86304.0,555.0,433.0
LBBL,1/2/2023,335.0,345.0,335.0,342.0,1.33,36272.0,555.0,433.0
LBBL,1/3/2023,342.0,351.9,338.2,338.4,-1.05,38682.0,555.0,433.0
LBBL,1/4/2023,339.0,356.0,336.1,356.0,5.2,42504.0,555.0,433.0
LBBL,1/5/2023,363.1,369.0,350.0,360.0,1.12,89637.0,555.0,433.0
LBBL,1/8/2023,360.0,372.0,352.8,360.0,0.0,89845.0,555.0,433.0
LBBL,1/9/2023,363.0,374.9,358.7,373.0,3.61,75352.0,555.0,433.0
LBBL,1/10/2023,378.0,392.0,363.3,364.0,-2.41,161808.0,555.0,433.0
LBBL,1/12/2023,371.2,382.0,359.5,359.5,-1.24,157810.0,555.0,433.0
LBBL,1/17/2023,364.0,375.0,360.8,373.5,3.89,54164.0,555.0,433.0
LBBL,1/18/2023,380.0,393.7,375.0,382.0,2.28,210896.0,555.0,433.0
LBBL,1/19/2023,389.0,389.0,376.3,380.0,-0.52,56043.0,555.0,433.0
LBBL,1/23/2023,380.0,381.0,362.0,364.0,-4.21,54989.0,555.0,433.0
LBBL,1/24/2023,365.0,369.9,357.7,367.0,0.82,33301.0,555.0,433.0
LBBL,1/25/2023,369.0,382.0,368.0,372.2,1.42,54777.0,555.0,433.0
LBBL,1/26/2023,379.0,379.0,365.1,376.9,1.26,38893.0,555.0,433.0
LBBL,1/29/2023,384.4,384.4,366.0,366.2,-2.84,32567.0,555.0,433.0
LBBL,1/30/2023,367.0,367.0,356.0,358.7,-2.05,56989.0,555.0,433.0
LBBL,1/31/2023,353.0,363.5,352.0,354.0,-1.31,34553.0,555.0,433.0
LBBL,2/1/2023,351.3,360.8,351.3,359.0,1.41,24096.0,555.0,433.0
LBBL,2/2/2023,354.0,360.0,350.1,350.1,-2.48,33949.0,555.0,433.0
LBBL,2/5/2023,356.0,362.0,349.0,352.0,0.54,19628.0,555.0,433.0
LBBL,2/6/2023,350.0,354.9,348.0,350.5,-0.43,10170.0,555.0,433.0
LBBL,2/7/2023,352.0,368.0,352.0,367.0,4.71,24298.0,555.0,433.0
LBBL,2/8/2023,374.3,375.0,361.0,366.0,-0.27,33697.0,555.0,433.0
LBBL,2/9/2023,365.0,372.0,363.0,372.0,1.64,30718.0,555.0,433.0
LBBL,2/12/2023,365.0,366.0,356.0,359.9,-3.25,35054.0,555.0,433.0
LBBL,2/14/2023,359.9,362.8,353.0,358.9,-0.28,20490.0,555.0,433.0
LBBL,2/15/2023,352.0,366.0,350.0,354.0,-1.37,23853.0,555.0,433.0
LBBL,2/16/2023,351.0,355.0,347.0,348.0,-1.69,29880.0,555.0,433.0
LBBL,2/20/2023,343.0,350.0,341.2,345.0,-0.86,16007.0,555.0,433.0
LBBL,2/22/2023,345.0,353.0,343.0,347.3,0.67,33912.0,555.0,433.0
LBBL,2/23/2023,343.1,349.9,341.0,343.2,-1.18,28633.0,555.0,433.0
LBBL,2/26/2023,336.5,347.8,332.2,347.8,1.34,26135.0,555.0,433.0
LBBL,2/27/2023,353.3,353.3,332.0,343.8,-1.15,18993.0,555.0,433.0
LBBL,2/28/2023,337.2,348.9,337.2,342.0,-0.52,4309.0,555.0,433.0
LBBL,3/1/2023,336.1,342.0,336.0,336.0,-1.75,8381.0,555.0,433.0
LBBL,3/2/2023,335.0,335.0,328.0,333.8,-0.65,14136.0,555.0,433.0
LBBL,3/5/2023,338.0,339.0,327.5,328.0,-1.74,17364.0,555.0,433.0
LBBL,3/7/2023,334.0,339.0,327.5,335.0,2.13,10076.0,555.0,433.0
LBBL,3/9/2023,340.0,350.0,339.0,350.0,4.48,14768.0,555.0,433.0
LBBL,3/12/2023,354.0,354.0,338.0,341.9,-2.31,14800.0,555.0,433.0
LBBL,3/13/2023,339.0,341.6,333.3,337.9,-1.17,4102.0,555.0,433.0
LBBL,3/14/2023,335.0,340.0,333.0,337.2,-0.21,13189.0,555.0,433.0
LBBL,3/15/2023,333.1,338.0,331.4,337.8,0.18,11710.0,555.0,433.0
LBBL,3/16/2023,336.0,337.0,326.0,332.0,-1.72,16846.0,555.0,433.0
LBBL,3/19/2023,330.0,332.0,329.0,329.1,-0.87,9518.0,555.0,433.0
LBBL,3/20/2023,335.0,335.0,330.0,334.5,1.64,10328.0,555.0,433.0
LBBL,3/22/2023,336.0,336.0,329.1,329.1,-1.61,8501.0,555.0,433.0
LBBL,3/23/2023,334.0,334.0,324.0,328.9,-0.06,6662.0,555.0,433.0
LBBL,3/26/2023,327.0,327.0,318.0,321.5,-2.25,10246.0,555.0,433.0
LBBL,3/27/2023,321.5,331.0,318.1,331.0,2.95,20672.0,555.0,433.0
LBBL,3/28/2023,331.0,338.0,326.3,330.0,-0.3,15761.0,555.0,433.0
LBBL,3/29/2023,324.0,330.0,324.0,326.1,-1.18,3410.0,555.0,433.0
LBBL,3/30/2023,327.0,332.0,324.0,324.0,-0.64,11158.0,555.0,433.0
LBBL,4/2/2023,327.0,330.0,320.8,322.0,-0.62,4256.0,555.0,433.0
LBBL,4/3/2023,319.0,322.0,319.0,319.2,-0.87,6242.0,555.0,433.0
LBBL,4/4/2023,325.0,325.0,316.5,318.4,-0.25,7506.0,555.0,433.0
LBBL,4/5/2023,320.0,324.3,315.0,317.0,-0.44,8456.0,555.0,433.0
LBBL,4/6/2023,316.2,320.0,316.0,316.0,-0.32,4785.0,555.0,433.0
LBBL,4/9/2023,311.0,314.0,307.0,307.0,-2.85,19730.0,555.0,433.0
LBBL,4/10/2023,313.0,313.0,305.0,305.0,-0.65,15616.0,555.0,433.0
LBBL,4/11/2023,305.0,317.0,305.0,315.0,3.28,7606.0,555.0,433.0
LBBL,4/12/2023,321.0,335.5,317.2,334.0,6.03,34276.0,555.0,433.0
LBBL,4/13/2023,340.0,342.9,324.0,325.0,-2.69,23178.0,555.0,433.0
LBBL,4/16/2023,321.0,330.9,321.0,323.2,-0.55,7898.0,555.0,433.0
LBBL,4/17/2023,324.0,325.0,318.2,321.9,-0.4,4619.0,555.0,433.0
LBBL,4/18/2023,317.1,322.0,316.3,318.0,-1.21,7144.0,555.0,433.0
LBBL,4/19/2023,324.3,324.3,318.0,323.9,1.86,5459.0,555.0,433.0
LBBL,4/20/2023,330.3,331.0,325.0,328.0,1.27,29005.0,555.0,433.0
LBBL,4/23/2023,324.0,327.0,324.0,324.3,-1.13,12902.0,555.0,433.0
LBBL,4/24/2023,326.0,330.0,325.0,328.0,1.14,5388.0,555.0,433.0
LBBL,4/25/2023,328.0,335.0,326.8,334.0,1.83,13067.0,555.0,433.0
LBBL,4/26/2023,330.1,336.5,327.4,333.0,-0.3,9743.0,555.0,433.0
LBBL,4/27/2023,332.0,333.9,327.0,330.0,-0.9,4376.0,555.0,433.0
LBBL,4/30/2023,331.0,331.0,320.0,321.0,-2.73,7906.0,555.0,433.0
LBBL,5/2/2023,327.0,330.0,322.1,325.0,1.25,12795.0,555.0,433.0
LBBL,5/3/2023,325.0,330.0,324.0,330.0,1.54,8746.0,555.0,433.0
LBBL,5/4/2023,329.0,333.0,327.0,332.0,0.61,5787.0,555.0,433.0
LBBL,5/7/2023,329.2,331.9,320.4,329.0,-0.9,5915.0,555.0,433.0
LBBL,5/8/2023,323.5,328.0,323.5,326.0,-0.91,5559.0,555.0,433.0
LBBL,5/9/2023,327.0,332.4,326.1,331.7,1.75,4307.0,555.0,433.0
LBBL,5/10/2023,329.0,336.0,325.1,335.3,1.09,10437.0,555.0,433.0
LBBL,5/11/2023,334.9,334.9,327.4,327.4,-2.36,3426.0,555.0,433.0
LBBL,5/14/2023,327.0,329.0,321.8,323.0,-1.34,10146.0,555.0,433.0
LBBL,5/15/2023,316.7,329.3,316.7,329.3,1.95,6948.0,555.0,433.0
LBBL,5/16/2023,325.0,330.0,324.0,328.0,-0.39,6127.0,555.0,433.0
LBBL,5/17/2023,327.0,336.0,326.0,330.6,0.79,20039.0,555.0,433.0
LBBL,5/18/2023,331.0,343.0,326.4,343.0,3.75,23183.0,555.0,433.0
LBBL,5/21/2023,345.7,348.0,337.0,341.9,-0.32,16999.0,555.0,433.0
LBBL,5/22/2023,340.0,343.4,334.0,342.0,0.03,22152.0,555.0,433.0
LBBL,5/23/2023,342.0,354.0,342.0,353.5,3.36,32919.0,555.0,433.0
LBBL,5/24/2023,346.7,356.4,346.7,353.0,-0.14,18740.0,555.0,433.0
LBBL,5/28/2023,359.8,359.8,343.0,345.9,-2.01,23562.0,555.0,433.0
LBBL,5/30/2023,342.0,344.6,333.4,333.4,-3.61,33996.0,555.0,433.0
LBBL,5/31/2023,328.9,337.6,327.0,328.0,-1.62,14610.0,555.0,433.0
LBBL,6/1/2023,326.0,333.3,320.0,331.0,0.91,23216.0,555.0,433.0
LBBL,6/4/2023,335.0,347.8,331.0,341.0,3.02,13397.0,555.0,433.0
LBBL,6/5/2023,347.0,347.0,335.0,335.4,-1.64,20071.0,555.0,433.0
LBBL,6/6/2023,341.0,347.0,335.0,341.4,1.79,13901.0,555.0,433.0
LBBL,6/7/2023,342.0,351.3,342.0,348.0,1.93,34482.0,555.0,433.0
LBBL,6/8/2023,343.2,353.0,343.2,353.0,1.44,26499.0,555.0,433.0
LBBL,6/11/2023,358.0,372.1,352.0,371.9,5.35,95734.0,555.0,433.0
LBBL,6/12/2023,375.8,377.0,361.0,367.9,-1.08,64255.0,555.0,433.0
LBBL,6/13/2023,367.0,384.0,362.3,379.5,3.15,63725.0,555.0,433.0
LBBL,6/14/2023,377.8,383.0,367.0,373.0,-1.71,82832.0,555.0,433.0
LBBL,6/15/2023,368.0,375.0,366.4,370.0,-0.8,32708.0,555.0,433.0
LBBL,6/18/2023,370.0,381.0,365.1,375.1,1.38,50703.0,555.0,433.0
LBBL,6/19/2023,378.0,409.0,378.0,409.0,9.04,124884.0,555.0,433.0
LBBL,6/20/2023,405.0,416.0,392.0,394.0,-3.67,178884.0,555.0,433.0
LBBL,6/21/2023,395.0,397.0,380.4,384.9,-2.31,58665.0,555.0,433.0
LBBL,6/22/2023,385.0,392.5,377.5,380.0,-1.27,54374.0,555.0,433.0
LBBL,6/25/2023,387.6,412.0,386.0,405.0,6.58,128598.0,555.0,433.0
LBBL,6/26/2023,409.0,422.0,402.0,422.0,4.2,186671.0,555.0,433.0
LBBL,6/27/2023,425.0,430.0,420.1,424.0,0.47,99517.0,555.0,433.0
LBBL,6/28/2023,430.0,430.0,411.0,412.0,-2.83,89118.0,555.0,433.0
LBBL,7/2/2023,415.1,417.0,394.0,394.9,-4.15,103791.0,555.0,433.0
LBBL,7/3/2023,393.1,404.0,390.3,394.9,0.0,74561.0,555.0,433.0
LBBL,7/4/2023,402.0,404.0,391.0,395.0,0.03,28165.0,555.0,433.0
LBBL,7/5/2023,400.0,400.0,382.0,386.0,-2.28,61064.0,555.0,433.0
LBBL,7/6/2023,380.1,392.0,380.0,387.0,0.26,30900.0,555.0,433.0
LBBL,7/9/2023,393.0,399.0,390.0,395.0,2.07,30527.0,555.0,433.0
LBBL,7/10/2023,397.0,405.0,390.0,393.0,-0.51,67451.0,555.0,433.0
LBBL,7/11/2023,393.0,416.0,393.0,407.0,3.56,111588.0,555.0,433.0
LBBL,7/12/2023,414.0,421.0,411.0,412.0,1.23,55635.0,555.0,433.0
LBBL,7/13/2023,419.0,420.0,405.3,405.3,-1.63,46624.0,555.0,433.0
LBBL,7/16/2023,410.0,415.8,405.0,413.0,1.9,47334.0,555.0,433.0
LBBL,7/17/2023,414.9,435.0,406.0,434.0,5.08,104134.0,555.0,433.0
LBBL,7/18/2023,435.0,441.9,424.9,427.0,-1.61,95976.0,555.0,433.0
LBBL,7/19/2023,426.0,436.7,420.5,430.0,0.7,150547.0,555.0,433.0
LBBL,7/20/2023,433.0,433.0,425.0,426.5,-0.81,47255.0,555.0,433.0
LBBL,7/23/2023,429.0,454.0,426.2,451.0,5.74,157522.0,555.0,433.0
LBBL,7/24/2023,452.0,452.0,431.2,434.5,-3.66,89304.0,555.0,433.0
LBBL,7/25/2023,439.9,439.9,420.0,423.0,-2.65,59886.0,555.0,433.0
LBBL,7/26/2023,425.0,435.0,419.0,419.1,-0.92,53374.0,555.0,433.0
LBBL,7/27/2023,425.0,428.4,412.0,415.0,-0.98,60518.0,555.0,433.0
LBBL,7/30/2023,420.0,420.0,401.0,407.0,-1.93,51896.0,555.0,433.0
LBBL,7/31/2023,413.0,413.0,405.0,411.5,1.11,54479.0,555.0,433.0
LBBL,8/1/2023,419.0,419.0,397.0,400.0,-2.79,60382.0,555.0,433.0
LBBL,8/2/2023,400.0,405.0,397.0,405.0,1.25,30955.0,555.0,433.0
LBBL,8/3/2023,411.0,413.5,403.6,403.7,-0.32,23821.0,555.0,433.0
LBBL,8/6/2023,405.0,407.0,385.0,390.0,-3.39,57026.0,555.0,433.0
LBBL,8/7/2023,397.0,406.9,388.1,395.5,1.41,44109.0,555.0,433.0
LBBL,8/8/2023,402.0,403.0,392.1,395.0,-0.13,31134.0,555.0,433.0
LBBL,8/9/2023,394.0,410.0,392.0,410.0,3.8,30725.0,555.0,433.0
LBBL,8/10/2023,406.0,416.1,400.3,410.0,0.0,35779.0,555.0,433.0
LBBL,8/13/2023,414.0,417.0,406.0,409.3,-0.17,28311.0,555.0,433.0
LBBL,8/14/2023,416.0,416.0,404.0,407.7,-0.39,28419.0,555.0,433.0
LBBL,8/15/2023,407.7,407.7,397.0,397.2,-2.58,34320.0,555.0,433.0
LBBL,8/16/2023,403.9,406.5,393.3,397.0,-0.05,32730.0,555.0,433.0
LBBL,8/17/2023,404.9,410.0,400.0,400.4,0.86,29969.0,555.0,433.0
LBBL,8/20/2023,405.0,406.0,395.0,395.0,-1.35,15870.0,555.0,433.0
LBBL,8/21/2023,397.0,404.9,393.2,396.0,0.25,32171.0,555.0,433.0
LBBL,8/22/2023,401.0,403.0,393.2,403.0,1.77,19615.0,555.0,433.0
LBBL,8/23/2023,409.9,409.9,400.9,405.0,0.5,12903.0,555.0,433.0
LBBL,8/24/2023,413.0,413.0,393.0,395.0,-2.47,24810.0,555.0,433.0
LBBL,8/27/2023,388.5,395.0,388.5,392.0,-0.76,20428.0,555.0,433.0
LBBL,8/28/2023,399.8,399.8,389.0,393.7,0.43,25601.0,555.0,433.0
LBBL,8/29/2023,398.0,398.0,390.0,391.0,-0.69,16107.0,555.0,433.0
LBBL,8/30/2023,397.0,397.0,390.1,392.0,0.26,16917.0,555.0,433.0
LBBL,9/3/2023,391.9,391.9,383.1,384.0,-2.04,26914.0,555.0,433.0
LBBL,9/4/2023,382.0,391.5,378.0,385.0,0.26,15500.0,555.0,433.0
LBBL,9/5/2023,386.0,391.5,381.0,388.0,0.78,7809.0,555.0,433.0
LBBL,9/7/2023,387.9,387.9,378.0,380.5,-1.93,22966.0,555.0,433.0
LBBL,9/10/2023,384.0,388.0,381.0,385.3,1.26,14205.0,555.0,433.0
LBBL,9/11/2023,382.0,399.0,382.0,396.0,2.78,28005.0,555.0,433.0
LBBL,9/12/2023,399.0,399.0,388.5,388.5,-1.89,20152.0,555.0,433.0
LBBL,9/13/2023,396.0,400.0,389.0,397.0,2.19,21797.0,555.0,433.0
LBBL,9/17/2023,390.0,397.8,383.2,384.0,-3.27,16980.0,555.0,433.0
LBBL,9/18/2023,391.0,391.0,384.2,390.0,1.56,17575.0,555.0,433.0
LBBL,9/19/2023,397.0,397.0,386.0,396.9,1.77,10679.0,555.0,433.0
LBBL,9/21/2023,404.0,415.0,399.0,411.0,3.55,123132.0,555.0,433.0
LBBL,9/24/2023,410.0,416.0,404.9,407.3,-0.9,33273.0,555.0,433.0
LBBL,9/25/2023,405.0,410.0,403.0,408.9,0.39,29177.0,555.0,433.0
LBBL,9/26/2023,414.9,414.9,407.0,408.0,-0.22,13862.0,555.0,433.0
LBBL,9/27/2023,404.0,405.0,398.0,399.0,-2.21,20544.0,555.0,433.0
LBBL,10/1/2023,399.0,399.1,389.0,390.0,-2.26,34704.0,555.0,433.0
LBBL,10/2/2023,390.0,400.0,390.0,400.0,2.56,30346.0,555.0,433.0
LBBL,10/3/2023,407.0,407.0,388.1,390.1,-2.47,15241.0,555.0,433.0
LBBL,10/4/2023,397.0,404.9,392.5,394.0,1.0,12448.0,555.0,433.0
LBBL,10/5/2023,391.0,396.0,391.0,391.0,-0.76,10772.0,555.0,433.0
LBBL,10/8/2023,386.0,390.0,382.0,383.0,-2.05,26774.0,555.0,433.0
LBBL,10/9/2023,385.9,391.0,380.6,383.2,0.05,32094.0,555.0,433.0
LBBL,10/10/2023,380.4,388.0,379.8,380.0,-0.84,22477.0,555.0,433.0
LBBL,10/11/2023,380.0,385.0,375.1,380.0,0.0,9701.0,555.0,433.0
LBBL,10/12/2023,387.0,387.0,370.1,375.0,-1.32,23705.0,555.0,433.0
LBBL,10/16/2023,375.0,377.5,368.6,372.9,-0.56,10052.0,555.0,433.0
LBBL,10/17/2023,380.0,380.0,370.5,373.0,0.03,17549.0,555.0,433.0
LBBL,10/18/2023,378.0,389.0,376.0,380.0,1.88,20013.0,555.0,433.0
LBBL,10/19/2023,385.0,385.0,378.0,381.6,0.42,3073.0,555.0,433.0
LBBL,10/29/2023,379.0,379.4,372.0,373.3,-2.18,5822.0,555.0,433.0
LBBL,10/30/2023,368.0,375.9,368.0,375.9,0.7,9384.0,555.0,433.0
LBBL,10/31/2023,373.1,375.9,369.2,372.7,-0.85,10163.0,555.0,433.0
LBBL,11/1/2023,366.2,380.0,366.2,374.0,0.35,6744.0,555.0,433.0
LBBL,11/2/2023,368.1,370.0,367.0,367.2,-1.82,13978.0,555.0,433.0
LBBL,11/5/2023,369.0,369.0,362.0,362.0,-1.42,21162.0,555.0,433.0
LBBL,11/6/2023,369.0,372.8,363.5,371.0,2.49,12607.0,555.0,433.0
LBBL,11/7/2023,366.0,381.9,366.0,381.9,2.94,19387.0,555.0,433.0
LBBL,11/8/2023,378.0,381.0,373.4,376.5,-1.41,7179.0,555.0,433.0
LBBL,11/9/2023,371.0,377.9,371.0,374.0,-0.66,2660.0,555.0,433.0
LBBL,11/20/2023,375.0,386.0,371.0,377.9,1.04,21050.0,555.0,433.0
LBBL,11/21/2023,385.0,385.0,371.4,374.0,-1.03,16021.0,555.0,433.0
LBBL,11/22/2023,370.9,378.9,370.5,378.9,1.31,5625.0,555.0,433.0
LBBL,11/23/2023,384.9,396.0,377.1,396.0,4.51,23847.0,555.0,433.0
LBBL,11/26/2023,392.0,400.0,391.0,398.0,0.51,24124.0,555.0,433.0
LBBL,11/27/2023,397.0,403.0,390.2,396.5,-0.38,27301.0,555.0,433.0
LBBL,11/28/2023,399.6,399.6,388.6,392.0,-1.13,26285.0,555.0,433.0
LBBL,11/29/2023,385.4,392.9,385.0,385.1,-1.76,10376.0,555.0,433.0
LBBL,11/30/2023,392.8,392.8,380.0,388.9,0.99,15103.0,555.0,433.0
LBBL,12/3/2023,382.0,387.9,378.0,379.2,-2.49,9497.0,555.0,433.0
LBBL,12/4/2023,379.0,386.0,379.0,380.0,0.21,13151.0,555.0,433.0
LBBL,12/5/2023,386.0,387.6,377.0,379.9,-0.03,7601.0,555.0,433.0
LBBL,12/6/2023,387.4,387.4,375.0,381.6,0.45,14918.0,555.0,433.0
LBBL,12/7/2023,375.0,384.5,375.0,379.0,-0.68,20922.0,555.0,433.0
LBBL,12/10/2023,386.5,408.0,386.5,408.0,7.65,1150.0,555.0,433.0
LBBL,12/11/2023,415.0,415.0,392.2,398.0,-2.45,55621.0,555.0,433.0
LBBL,12/12/2023,391.0,404.4,383.2,397.9,-0.03,111328.0,555.0,433.0
LBBL,12/13/2023,394.0,413.0,394.0,402.5,1.16,58062.0,555.0,433.0
LBBL,12/14/2023,401.9,407.9,401.0,402.0,-0.12,36661.0,555.0,433.0
LBBL,12/17/2023,394.0,407.8,388.1,407.8,1.44,41036.0,555.0,433.0
LBBL,12/18/2023,415.8,424.0,409.0,415.0,1.77,87741.0,555.0,433.0
LBBL,12/19/2023,415.0,422.0,403.0,416.8,0.43,48331.0,555.0,433.0
LBBL,12/20/2023,418.0,430.0,418.0,427.0,2.45,93587.0,555.0,433.0
LBBL,12/21/2023,419.0,425.0,408.0,408.0,-4.45,50222.0,555.0,433.0
LBBL,12/24/2023,415.0,415.0,400.0,410.0,0.49,51896.0,555.0,433.0
LBBL,12/27/2023,408.0,410.0,398.1,402.0,-1.95,50100.0,555.0,433.0
LBBL,12/28/2023,405.0,408.0,400.0,400.0,-0.5,23851.0,555.0,433.0
LBBL,1/1/2024,408.0,414.0,401.0,402.0,0.5,45505.0,555.0,433.0
LBBL,1/2/2024,387.0,390.0,380.3,381.0,-5.22,17507.0,555.0,433.0
LBBL,1/3/2024,380.0,387.0,376.0,383.9,0.76,17423.0,555.0,433.0
LBBL,1/4/2024,391.0,391.4,383.4,383.4,-0.13,35292.0,555.0,433.0
LBBL,1/7/2024,389.8,389.8,375.8,378.0,-1.41,24487.0,555.0,433.0
LBBL,1/8/2024,381.9,384.9,377.0,384.0,1.59,29549.0,555.0,433.0
LBBL,1/9/2024,388.0,410.0,386.1,404.0,5.21,62708.0,555.0,433.0
LBBL,1/10/2024,412.0,415.0,399.0,401.1,-0.72,39874.0,555.0,433.0
LBBL,1/11/2024,401.1,401.1,395.0,395.1,-1.5,27779.0,555.0,433.0
LBBL,1/14/2024,402.9,408.0,402.9,403.0,2.0,23363.0,555.0,433.0
LBBL,1/16/2024,411.0,419.0,405.0,416.0,3.23,69027.0,555.0,433.0
LBBL,1/17/2024,419.0,440.6,415.0,420.0,0.96,184930.0,555.0,433.0
LBBL,1/18/2024,419.0,426.9,414.0,424.1,0.98,73157.0,555.0,433.0
LBBL,1/21/2024,424.1,424.9,409.0,414.0,-2.38,97025.0,555.0,433.0
LBBL,1/22/2024,410.1,414.9,402.0,404.0,-2.42,38166.0,555.0,433.0
LBBL,1/23/2024,400.4,410.0,400.3,404.0,0.0,21993.0,555.0,433.0
LBBL,1/24/2024,410.5,410.5,397.1,402.0,-0.5,58907.0,555.0,433.0
LBBL,1/25/2024,401.0,404.0,400.0,402.5,0.12,20514.0,555.0,433.0
LBBL,1/28/2024,394.5,410.9,394.5,406.7,1.04,24125.0,555.0,433.0
LBBL,1/29/2024,406.0,412.0,402.0,406.0,-0.17,24849.0,555.0,433.0
LBBL,1/30/2024,400.5,412.0,400.5,409.0,0.74,24582.0,555.0,433.0
LBBL,1/31/2024,407.0,410.0,394.0,397.9,-2.71,30628.0,555.0,433.0
LBBL,2/1/2024,400.0,400.0,392.7,393.9,-1.01,17385.0,555.0,433.0
LBBL,2/4/2024,391.0,397.9,391.0,392.5,-0.36,11893.0,555.0,433.0
LBBL,2/5/2024,400.3,400.3,392.4,393.0,0.13,13794.0,555.0,433.0
LBBL,2/6/2024,393.0,400.0,393.0,396.0,0.76,13964.0,555.0,433.0
LBBL,2/7/2024,395.0,403.0,395.0,400.1,1.04,22138.0,555.0,433.0
LBBL,2/8/2024,403.0,406.0,397.0,400.0,-0.02,12490.0,555.0,433.0
LBBL,2/11/2024,402.0,410.0,399.0,399.0,-0.25,18681.0,555.0,433.0
LBBL,2/12/2024,400.0,403.0,398.0,401.0,0.5,9044.0,555.0,433.0
LBBL,2/13/2024,395.1,398.7,391.1,392.0,-2.24,21671.0,555.0,433.0
LBBL,2/14/2024,397.8,415.0,395.1,404.0,3.06,36885.0,555.0,433.0
LBBL,2/15/2024,409.0,409.0,397.2,398.0,-1.49,7880.0,555.0,433.0
LBBL,2/18/2024,391.4,397.0,391.4,394.0,-1.01,10165.0,555.0,433.0
LBBL,2/20/2024,392.0,398.0,392.0,395.9,0.48,18390.0,555.0,433.0
LBBL,2/21/2024,402.9,407.9,393.0,393.0,-0.73,13093.0,555.0,433.0
LBBL,2/22/2024,393.0,400.0,385.1,387.0,-1.53,14242.0,555.0,433.0
LBBL,2/25/2024,382.5,389.0,381.1,384.0,-0.78,23890.0,555.0,433.0
LBBL,2/26/2024,388.0,388.0,378.5,385.0,0.26,7918.0,555.0,433.0
LBBL,2/27/2024,385.0,389.9,378.0,383.0,-0.52,6893.0,555.0,433.0
LBBL,2/28/2024,386.0,386.0,376.1,376.5,-1.7,12462.0,555.0,433.0
LBBL,2/29/2024,375.0,378.0,372.1,372.1,-1.17,22989.0,555.0,433.0
LBBL,3/3/2024,368.0,378.6,365.0,371.0,-0.3,10123.0,555.0,433.0
LBBL,3/4/2024,378.0,393.2,378.0,393.2,5.98,870.0,555.0,433.0
LBBL,3/5/2024,395.0,398.0,375.2,380.0,-3.36,28877.0,555.0,433.0
LBBL,3/6/2024,384.9,388.0,373.2,378.0,-0.53,15785.0,555.0,433.0
LBBL,3/7/2024,385.5,393.0,380.0,385.0,1.85,4738.0,555.0,433.0
LBBL,3/10/2024,391.7,399.0,386.1,386.1,0.29,14924.0,555.0,433.0
LBBL,3/12/2024,393.8,399.6,388.0,392.1,1.55,15545.0,555.0,433.0
LBBL,3/13/2024,399.0,400.0,392.1,397.0,1.25,32462.0,555.0,433.0
LBBL,3/14/2024,403.9,403.9,390.1,390.1,-1.74,17662.0,555.0,433.0
LBBL,3/17/2024,397.0,400.9,385.0,390.0,-0.03,21082.0,555.0,433.0
LBBL,3/18/2024,390.0,399.9,390.0,394.0,1.03,13347.0,555.0,433.0
LBBL,3/19/2024,397.0,400.0,386.2,386.2,-1.98,12853.0,555.0,433.0
LBBL,3/20/2024,392.0,392.0,384.6,388.0,0.47,16302.0,555.0,433.0
LBBL,3/21/2024,394.0,395.0,385.5,389.0,0.26,21349.0,555.0,433.0
LBBL,3/25/2024,385.1,387.0,381.0,384.1,-1.26,9165.0,555.0,433.0
LBBL,3/26/2024,384.0,388.0,380.0,381.0,-0.81,8355.0,555.0,433.0
LBBL,3/27/2024,381.1,385.0,374.0,374.0,-1.84,13431.0,555.0,433.0
LBBL,3/28/2024,380.0,380.0,372.4,377.0,0.8,13316.0,555.0,433.0
LBBL,3/31/2024,383.7,383.7,370.1,371.0,-1.59,15612.0,555.0,433.0
LBBL,4/1/2024,370.0,375.0,366.7,369.7,-0.35,11365.0,555.0,433.0
LBBL,4/2/2024,370.0,377.0,368.0,377.0,1.97,18520.0,555.0,433.0
LBBL,4/3/2024,371.1,374.0,370.0,373.0,-1.06,6509.0,555.0,433.0
LBBL,4/4/2024,380.0,380.0,368.0,369.0,-1.07,14032.0,555.0,433.0
LBBL,4/7/2024,369.0,382.0,367.1,381.6,3.41,22808.0,555.0,433.0
LBBL,4/9/2024,383.2,388.9,382.0,383.1,0.39,17513.0,555.0,433.0
LBBL,4/10/2024,384.1,385.0,371.0,379.0,-1.07,15064.0,555.0,433.0
LBBL,4/14/2024,381.0,381.0,373.0,374.0,-1.32,12052.0,555.0,433.0
LBBL,4/15/2024,379.9,379.9,369.0,369.2,-1.28,7180.0,555.0,433.0
LBBL,4/16/2024,376.5,376.5,366.0,368.0,-0.33,15930.0,555.0,433.0
LBBL,4/18/2024,375.0,375.0,364.1,365.1,-0.79,4563.0,555.0,433.0
LBBL,4/21/2024,366.0,370.0,363.0,369.0,1.07,7835.0,555.0,433.0
LBBL,4/22/2024,374.9,375.0,362.0,367.0,-0.54,9388.0,555.0,433.0
LBBL,4/24/2024,365.0,371.0,363.8,363.8,-0.87,9255.0,555.0,433.0
LBBL,4/25/2024,365.0,371.8,362.1,364.0,0.05,19619.0,555.0,433.0
LBBL,4/28/2024,371.2,377.4,361.0,375.0,3.02,21662.0,555.0,433.0
LBBL,4/29/2024,382.4,382.4,373.0,378.0,0.8,21053.0,555.0,433.0
LBBL,4/30/2024,379.9,402.7,379.9,394.0,4.23,121224.0,555.0,433.0
LBBL,5/2/2024,399.9,401.8,380.5,380.5,-3.43,38399.0,555.0,433.0
LBBL,5/5/2024,387.9,387.9,371.0,374.8,-1.5,38109.0,555.0,433.0
LBBL,5/6/2024,370.0,379.4,368.0,377.0,0.59,34284.0,555.0,433.0
LBBL,5/7/2024,377.0,381.8,372.0,372.0,-1.33,26431.0,555.0,433.0
LBBL,5/8/2024,379.4,379.4,369.1,372.0,0.0,14929.0,555.0,433.0
LBBL,5/9/2024,372.0,379.0,370.0,375.0,0.81,13861.0,555.0,433.0
LBBL,5/12/2024,382.0,382.0,371.7,377.0,0.53,14676.0,555.0,433.0
LBBL,5/13/2024,374.5,380.0,370.2,377.0,0.0,23947.0,555.0,433.0
LBBL,5/14/2024,375.1,383.6,372.0,381.0,1.06,24439.0,555.0,433.0
LBBL,5/15/2024,388.6,388.6,375.0,376.4,-1.21,11654.0,555.0,433.0
LBBL,5/16/2024,372.2,378.9,371.0,372.0,-1.17,10935.0,555.0,433.0
LBBL,5/19/2024,379.4,385.5,372.2,385.0,3.49,37623.0,555.0,433.0
LBBL,5/20/2024,385.0,396.8,385.0,387.0,0.52,113878.0,555.0,433.0
LBBL,5/21/2024,392.9,394.0,387.0,390.0,0.78,26677.0,555.0,433.0
LBBL,5/22/2024,393.0,395.0,387.0,391.1,0.28,49890.0,555.0,433.0
LBBL,5/26/2024,385.0,392.7,384.0,388.7,-0.61,41420.0,555.0,433.0
LBBL,5/27/2024,387.9,390.0,383.4,387.9,-0.21,23569.0,555.0,433.0
LBBL,5/29/2024,392.0,392.0,381.0,384.0,-1.01,16450.0,555.0,433.0
LBBL,5/30/2024,387.0,387.0,376.5,379.0,-1.3,20474.0,555.0,433.0
LBBL,6/2/2024,375.0,383.0,375.0,380.0,0.26,38026.0,555.0,433.0
LBBL,6/3/2024,378.2,384.9,378.2,381.0,0.26,35896.0,555.0,433.0
LBBL,6/4/2024,382.0,390.0,382.0,386.3,1.39,25546.0,555.0,433.0
LBBL,6/5/2024,386.0,386.0,383.0,384.0,-0.6,26314.0,555.0,433.0
LBBL,6/6/2024,384.0,385.0,376.0,380.0,-1.04,16860.0,555.0,433.0
LBBL,6/9/2024,374.5,382.0,374.2,379.0,-0.26,30186.0,555.0,433.0
LBBL,6/10/2024,378.0,383.0,375.0,379.0,0.0,31550.0,555.0,433.0
LBBL,6/11/2024,380.0,387.0,378.3,386.5,1.98,16816.0,555.0,433.0
LBBL,6/12/2024,389.9,389.9,383.3,384.0,-0.65,18947.0,555.0,433.0
LBBL,6/13/2024,391.6,403.0,375.0,388.0,1.04,91641.0,555.0,433.0
LBBL,6/16/2024,388.0,390.0,381.0,384.0,-1.03,24696.0,555.0,433.0
LBBL,6/18/2024,380.0,384.0,377.0,383.9,-0.03,30167.0,555.0,433.0
LBBL,6/19/2024,379.2,383.5,377.5,382.0,-0.49,26317.0,555.0,433.0
LBBL,6/20/2024,377.0,384.0,377.0,378.8,-0.84,18227.0,555.0,433.0
LBBL,6/23/2024,378.0,379.0,374.2,375.0,-1.0,11704.0,555.0,433.0
LBBL,6/24/2024,372.0,382.0,372.0,382.0,1.87,22748.0,555.0,433.0
LBBL,6/25/2024,382.0,388.5,382.0,382.5,0.13,16952.0,555.0,433.0
LBBL,6/26/2024,376.2,382.9,376.2,378.0,-1.18,9804.0,555.0,433.0
LBBL,6/27/2024,375.1,379.0,372.0,374.0,-1.06,21655.0,555.0,433.0
LBBL,6/30/2024,367.0,375.0,367.0,370.2,-1.02,13956.0,555.0,433.0
LBBL,7/1/2024,370.0,377.5,370.0,377.0,1.84,18959.0,555.0,433.0
LBBL,7/2/2024,384.5,400.0,377.0,384.0,1.86,31930.0,555.0,433.0
LBBL,7/3/2024,377.1,397.4,377.1,390.0,1.56,37731.0,555.0,433.0
LBBL,7/4/2024,396.0,412.9,395.0,403.0,3.33,177984.0,555.0,433.0
LBBL,7/7/2024,404.1,410.0,403.1,405.1,0.52,90618.0,555.0,433.0
LBBL,7/8/2024,405.0,408.0,396.0,402.0,-0.77,66866.0,555.0,433.0
LBBL,7/9/2024,404.9,418.0,404.9,416.8,3.68,105010.0,555.0,433.0
LBBL,7/10/2024,419.0,419.0,410.1,412.0,-1.15,45419.0,555.0,433.0
LBBL,7/11/2024,418.9,418.9,413.6,414.0,0.49,120221.0,555.0,433.0
LBBL,7/14/2024,422.2,430.0,415.0,420.7,1.62,65207.0,555.0,433.0
LBBL,7/15/2024,420.7,421.5,413.5,416.6,-0.97,120326.0,555.0,433.0
LBBL,7/16/2024,415.0,435.5,413.1,435.0,4.42,117296.0,555.0,433.0
LBBL,7/17/2024,443.0,465.0,438.2,462.0,6.21,177159.0,555.0,433.0
LBBL,7/18/2024,463.0,483.0,460.0,462.5,0.11,219625.0,555.0,433.0
LBBL,7/21/2024,464.0,475.2,452.0,465.0,0.54,223689.0,555.0,433.0
LBBL,7/22/2024,474.0,474.0,457.2,467.9,0.62,102653.0,555.0,433.0
LBBL,7/23/2024,462.0,494.0,460.1,482.0,3.01,129330.0,555.0,433.0
LBBL,7/24/2024,491.0,491.0,465.0,474.0,-1.66,167819.0,555.0,433.0
LBBL,7/25/2024,472.0,478.0,457.0,469.7,-0.91,96242.0,555.0,433.0
LBBL,7/28/2024,477.0,500.0,467.1,488.0,3.9,120789.0,555.0,433.0
LBBL,7/29/2024,496.0,496.8,472.0,473.0,-3.07,133991.0,555.0,433.0
LBBL,7/30/2024,470.0,483.8,463.0,478.0,1.06,108608.0,555.0,433.0
LBBL,7/31/2024,487.5,501.0,480.5,492.5,3.03,239547.0,555.0,433.0
LBBL,8/1/2024,493.0,502.0,480.2,484.0,-1.73,189387.0,555.0,433.0
LBBL,8/5/2024,484.0,500.8,476.2,487.0,0.62,191168.0,555.0,433.0
LBBL,8/6/2024,486.0,494.0,461.1,462.0,-5.13,157473.0,555.0,433.0
LBBL,8/7/2024,460.0,487.0,460.0,479.0,3.68,98968.0,555.0,433.0
LBBL,8/8/2024,481.0,493.0,475.0,477.0,-0.42,120056.0,555.0,433.0
LBBL,8/11/2024,480.0,495.0,477.0,494.0,3.56,159698.0,555.0,433.0
LBBL,8/12/2024,500.9,525.8,495.0,517.4,4.74,332398.0,555.0,433.0
LBBL,8/13/2024,527.7,534.9,509.0,510.0,-1.43,234433.0,555.0,433.0
LBBL,8/14/2024,519.0,545.0,506.5,531.2,4.16,287156.0,555.0,433.0
LBBL,8/15/2024,540.0,550.0,535.0,535.5,0.81,160203.0,555.0,433.0
LBBL,8/18/2024,540.0,540.0,511.0,511.0,-4.58,222914.0,555.0,433.0
LBBL,8/21/2024,520.0,520.0,504.0,508.0,-0.59,102900.0,555.0,433.0
LBBL,8/22/2024,500.0,555.9,500.0,529.0,4.13,286404.0,555.0,433.0
LBBL,8/25/2024,539.5,539.5,521.0,524.5,-0.85,228054.0,555.0,433.0
LBBL,8/27/2024,520.0,530.0,510.0,512.0,-2.38,235239.0,555.0,433.0
LBBL,8/28/2024,522.0,529.0,510.0,510.0,-0.39,141222.0,555.0,433.0
LBBL,8/29/2024,518.0,520.0,505.2,515.1,1.0,99542.0,555.0,433.0
LBBL,9/1/2024,505.0,519.0,498.0,500.0,-2.93,68564.0,555.0,433.0
LBBL,9/2/2024,510.0,518.0,495.5,515.0,3.0,94621.0,555.0,433.0
LBBL,9/3/2024,517.0,528.0,510.0,523.1,1.57,178193.0,555.0,433.0
LBBL,9/4/2024,525.0,536.0,500.8,510.0,-2.5,130220.0,555.0,433.0
LBBL,9/5/2024,500.1,512.0,496.1,510.0,0.0,58475.0,555.0,433.0
LBBL,9/8/2024,506.0,513.0,500.0,500.0,-1.96,56493.0,555.0,433.0
LBBL,9/9/2024,495.3,503.0,482.4,489.9,-2.02,70764.0,555.0,433.0
LBBL,9/10/2024,496.0,496.0,481.1,486.0,-0.8,40731.0,555.0,433.0
LBBL,9/11/2024,486.0,486.0,472.0,479.9,-1.26,44197.0,555.0,433.0
LBBL,9/12/2024,471.4,495.0,471.0,495.0,3.15,37922.0,555.0,433.0
LBBL,9/15/2024,492.0,499.8,471.0,488.5,-1.31,44415.0,555.0,433.0
LBBL,9/16/2024,486.0,486.0,466.0,478.0,-2.15,27876.0,555.0,433.0
LBBL,9/18/2024,470.0,482.4,461.0,479.0,0.21,31725.0,555.0,433.0
LBBL,9/22/2024,488.5,488.5,466.0,478.0,-0.21,19864.0,555.0,433.0
LBBL,9/23/2024,478.0,478.4,460.0,468.0,-2.09,35348.0,555.0,433.0
LBBL,9/24/2024,470.0,470.0,439.0,448.0,-4.27,29419.0,555.0,433.0
LBBL,9/25/2024,456.9,456.9,439.0,454.0,1.34,14743.0,555.0,433.0
LBBL,9/26/2024,456.0,459.0,437.0,446.0,-1.76,35349.0,555.0,433.0
LBBL,9/29/2024,437.2,449.0,435.1,443.0,-0.67,31366.0,555.0,433.0
LBBL,9/30/2024,451.0,455.0,442.2,453.9,2.46,20205.0,555.0,433.0
LBBL,10/1/2024,453.0,477.0,453.0,474.0,4.43,30210.0,555.0,433.0
LBBL,10/2/2024,474.1,480.9,469.0,476.0,0.42,52549.0,555.0,433.0
LBBL,10/6/2024,472.0,487.0,467.0,486.2,2.14,20116.0,555.0,433.0
LBBL,10/7/2024,494.5,495.0,483.0,486.0,-0.04,30040.0,555.0,433.0
LBBL,10/8/2024,485.0,486.0,474.0,482.0,-0.82,16436.0,555.0,433.0
LBBL,10/9/2024,475.0,485.0,472.4,479.0,-0.62,7144.0,555.0,433.0
LBBL,10/15/2024,487.5,492.0,480.0,492.0,2.71,10431.0,555.0,433.0
LBBL,10/16/2024,495.8,501.8,494.0,500.9,1.81,19869.0,555.0,433.0
LBBL,10/17/2024,510.9,510.9,491.2,495.0,-1.18,32692.0,555.0,433.0
LBBL,10/20/2024,490.0,491.0,481.9,483.0,-2.42,28148.0,555.0,433.0
LBBL,10/21/2024,482.0,483.0,473.4,473.4,-1.99,17701.0,555.0,433.0
LBBL,10/22/2024,480.0,482.8,469.0,479.8,1.35,13976.0,555.0,433.0
LBBL,10/23/2024,478.0,485.0,475.0,475.0,-1.0,10825.0,555.0,433.0
LBBL,10/24/2024,467.5,484.5,466.2,478.9,0.82,27155.0,555.0,433.0
LBBL,10/27/2024,471.5,477.0,470.0,473.0,-1.23,6362.0,555.0,433.0
LBBL,10/28/2024,482.4,482.8,474.1,476.0,0.63,10580.0,555.0,433.0
LBBL,10/29/2024,466.5,488.0,466.5,484.0,1.68,14628.0,555.0,433.0
LBBL,10/30/2024,486.2,491.0,481.0,481.0,-0.62,19430.0,555.0,433.0
LBBL,11/5/2024,475.2,489.0,475.1,483.0,0.42,10035.0,555.0,433.0
LBBL,11/6/2024,477.0,490.6,476.0,482.0,-0.21,22071.0,555.0,433.0
LBBL,11/10/2024,491.5,499.0,484.0,497.9,3.3,39126.0,555.0,433.0
LBBL,11/11/2024,493.3,506.9,492.4,499.9,0.4,42663.0,555.0,433.0
LBBL,11/12/2024,496.0,504.8,495.0,499.0,-0.18,22452.0,555.0,433.0
LBBL,11/13/2024,502.8,511.0,491.1,506.9,1.58,34941.0,555.0,433.0
LBBL,11/14/2024,502.3,514.0,502.2,507.3,0.08,47729.0,555.0,433.0
LBBL,11/17/2024,512.0,537.0,510.0,515.0,1.52,62633.0,555.0,433.0
LBBL,11/19/2024,522.9,535.0,502.1,502.2,-2.49,55656.0,555.0,433.0
LBBL,11/20/2024,505.0,514.0,495.1,511.0,1.75,37390.0,555.0,433.0
LBBL,11/21/2024,521.0,521.2,500.1,510.9,-0.02,47204.0,555.0,433.0
LBBL,11/24/2024,501.0,510.0,493.0,493.0,-3.5,20496.0,555.0,433.0
LBBL,11/25/2024,490.0,499.0,488.2,493.0,0.0,20892.0,555.0,433.0
LBBL,11/26/2024,502.8,504.0,494.0,497.0,0.81,22090.0,555.0,433.0
LBBL,11/27/2024,493.3,509.9,493.3,508.8,2.37,30117.0,555.0,433.0
LBBL,11/28/2024,515.0,523.0,505.0,508.9,0.02,97272.0,555.0,433.0
LBBL,12/1/2024,499.9,540.0,498.0,535.0,5.13,251306.0,555.0,433.0
LBBL,12/2/2024,545.7,560.0,535.1,542.0,1.31,383045.0,555.0,433.0
LBBL,12/3/2024,552.0,552.8,531.2,542.0,0.0,93236.0,555.0,433.0
LBBL,12/4/2024,552.8,552.8,520.1,524.0,-3.32,70811.0,555.0,433.0
LBBL,12/5/2024,513.6,540.0,507.0,509.0,-2.86,109448.0,555.0,433.0
LBBL,12/8/2024,515.0,524.0,495.1,501.0,-1.57,90588.0,555.0,433.0
LBBL,12/9/2024,491.0,520.0,491.0,498.0,-0.6,42885.0,555.0,433.0
LBBL,12/10/2024,502.0,505.0,492.6,495.0,-0.6,42399.0,555.0,433.0
LBBL,12/11/2024,499.0,507.0,490.2,507.0,2.42,122066.0,555.0,433.0
LBBL,12/12/2024,498.0,512.9,494.0,494.0,-2.56,51281.0,555.0,433.0
LBBL,12/16/2024,500.0,500.0,481.0,486.0,-1.62,70204.0,555.0,433.0
LBBL,12/17/2024,487.0,489.0,484.0,486.4,0.08,24281.0,555.0,433.0
LBBL,12/18/2024,496.1,500.0,481.1,482.4,-0.82,19672.0,555.0,433.0
LBBL,12/19/2024,478.0,489.0,473.1,485.0,0.54,29869.0,555.0,433.0
LBBL,12/22/2024,487.8,487.9,474.1,481.0,-0.82,26503.0,555.0,433.0
LBBL,12/23/2024,481.0,484.0,472.0,484.0,0.62,21416.0,555.0,433.0
LBBL,12/24/2024,481.0,499.0,480.2,488.0,0.83,25541.0,555.0,433.0
LBBL,12/26/2024,488.0,497.0,477.4,481.0,-1.43,18952.0,555.0,433.0
LBBL,12/29/2024,485.0,485.0,473.7,473.7,-1.52,35894.0,555.0,433.0
LBBL,12/31/2024,464.3,471.0,455.0,464.0,-2.05,65302.0,555.0,433.0
LBBL,1/1/2025,473.0,473.0,464.0,472.0,1.72,23495.0,555.0,433.0
LBBL,1/2/2025,481.4,491.0,470.7,480.0,1.69,38162.0,555.0,433.0
LBBL,1/5/2025,462.0,471.0,460.0,465.0,-3.12,14929.0,555.0,433.0
LBBL,1/6/2025,470.0,499.0,464.6,475.0,2.15,42561.0,555.0,433.0
LBBL,1/7/2025,482.0,482.0,470.0,474.0,-0.21,15189.0,555.0,433.0
LBBL,1/8/2025,466.1,483.4,466.1,478.0,0.84,22393.0,555.0,433.0
LBBL,1/9/2025,487.0,487.0,460.2,466.0,-2.51,45879.0,555.0,433.0
LBBL,1/12/2025,475.3,494.4,457.0,463.0,-0.64,31284.0,555.0,433.0
LBBL,1/13/2025,454.1,463.1,453.1,456.0,-1.51,32369.0,555.0,433.0
LBBL,1/15/2025,457.7,465.0,447.1,461.5,1.21,31246.0,555.0,433.0
LBBL,1/16/2025,465.0,488.0,452.3,459.8,-0.37,23114.0,555.0,433.0
LBBL,1/19/2025,468.9,487.0,451.2,483.0,5.05,35483.0,555.0,433.0
LBBL,1/20/2025,473.4,473.4,456.0,461.0,-4.55,62760.0,555.0,433.0
LBBL,1/21/2025,458.1,465.0,446.0,449.9,-2.41,79089.0,555.0,433.0
LBBL,1/22/2025,458.0,464.0,446.9,464.0,3.13,77654.0,555.0,433.0
LBBL,1/23/2025,473.0,482.0,452.1,457.9,-1.31,26655.0,555.0,433.0
LBBL,1/26/2025,465.0,466.9,441.0,446.9,-2.4,70525.0,555.0,433.0
LBBL,1/27/2025,440.0,450.0,440.0,445.0,-0.43,41155.0,555.0,433.0
LBBL,1/28/2025,440.3,460.0,440.3,455.1,2.27,59031.0,555.0,433.0
LBBL,2/2/2025,464.0,471.5,455.1,468.0,2.83,60746.0,555.0,433.0
LBBL,2/3/2025,459.2,475.0,459.2,461.7,-1.35,73154.0,555.0,433.0
LBBL,2/4/2025,469.8,469.9,459.2,465.0,0.71,27414.0,555.0,433.0
LBBL,2/5/2025,458.0,467.0,457.0,464.0,-0.22,25012.0,555.0,433.0
LBBL,2/6/2025,473.0,473.0,455.0,459.0,-1.08,37057.0,555.0,433.0
LBBL,2/9/2025,450.1,460.0,446.0,447.0,-2.61,35792.0,555.0,433.0
LBBL,2/10/2025,444.0,471.0,444.0,452.0,1.12,43922.0,555.0,433.0
LBBL,2/11/2025,455.0,458.0,445.0,454.0,0.44,14619.0,555.0,433.0
LBBL,2/12/2025,461.7,461.8,451.0,458.0,0.88,28423.0,555.0,433.0
LBBL,2/13/2025,466.0,476.4,448.2,454.0,-0.87,20453.0,555.0,433.0
LBBL,2/16/2025,447.6,454.0,440.0,450.0,-0.88,49985.0,555.0,433.0
LBBL,2/17/2025,459.0,459.0,432.2,455.0,1.11,42004.0,555.0,433.0
LBBL,2/18/2025,462.9,462.9,448.8,458.0,0.66,50504.0,555.0,433.0
LBBL,2/20/2025,460.9,460.9,450.0,454.0,-0.87,28749.0,555.0,433.0
LBBL,2/23/2025,445.0,461.0,437.7,456.0,0.44,42783.0,555.0,433.0
LBBL,2/24/2025,464.9,464.9,451.0,456.5,0.11,33324.0,555.0,433.0
LBBL,2/25/2025,447.4,460.0,447.4,453.8,-0.59,16172.0,555.0,433.0
LBBL,2/27/2025,460.0,462.0,451.1,459.9,1.34,44999.0,555.0,433.0
LBBL,3/2/2025,465.0,476.8,460.0,476.8,3.67,46119.0,555.0,433.0
LBBL,3/3/2025,480.0,481.3,463.1,466.0,-2.27,35108.0,555.0,433.0
LBBL,3/4/2025,456.7,484.0,456.7,472.0,1.29,131066.0,555.0,433.0
LBBL,3/5/2025,472.0,479.9,463.1,470.0,-0.42,53659.0,555.0,433.0
LBBL,3/6/2025,467.1,480.1,467.1,479.0,1.91,48474.0,555.0,433.0
LBBL,3/9/2025,477.0,477.0,465.3,469.0,-2.09,28338.0,555.0,433.0
LBBL,3/10/2025,472.0,475.0,459.1,459.2,-2.09,17239.0,555.0,433.0
LBBL,3/11/2025,468.0,483.3,453.0,466.9,1.68,138764.0,555.0,433.0
LBBL,3/12/2025,476.2,483.0,459.1,463.0,-0.84,135906.0,555.0,433.0
LBBL,3/16/2025,462.2,467.0,454.9,459.0,-0.86,34117.0,555.0,433.0
LBBL,3/17/2025,459.0,460.0,450.0,456.0,-0.65,48207.0,555.0,433.0
LBBL,3/18/2025,465.1,465.1,447.0,448.9,-1.56,27524.0,555.0,433.0
LBBL,3/19/2025,452.0,452.0,440.0,440.0,-1.98,48341.0,555.0,433.0
LBBL,3/20/2025,439.0,444.7,424.6,436.41,-0.82,68550.0,555.0,433.0
LBBL,3/23/2025,437.0,438.0,421.0,422.13,-3.27,49120.0,555.0,433.0
LBBL,3/24/2025,415.0,430.0,414.0,423.76,0.39,31336.0,555.0,433.0
LBBL,3/25/2025,424.9,425.0,412.1,412.56,-2.64,35373.0,555.0,433.0
LBBL,3/26/2025,420.8,421.0,410.0,417.68,1.24,19098.0,555.0,433.0
LBBL,3/27/2025,418.0,425.0,413.0,423.5,1.39,36535.0,555.0,433.0
LBBL,3/30/2025,426.0,434.9,424.0,428.95,1.29,32653.0,555.0,433.0
LBBL,4/1/2025,430.0,430.0,421.4,424.82,-0.96,16615.0,555.0,433.0
LBBL,4/2/2025,428.0,428.0,423.5,424.49,-0.08,21690.0,555.0,433.0
LBBL,4/3/2025,428.0,430.0,422.0,423.83,-0.16,26900.0,555.0,433.0
LBBL,4/7/2025,418.3,425.9,415.0,417.53,-1.49,20067.0,555.0,433.0
LBBL,4/8/2025,410.0,425.0,410.0,414.84,-0.64,29860.0,555.0,433.0
LBBL,4/9/2025,406.6,431.0,406.6,422.1,1.75,11657.0,555.0,433.0
LBBL,4/10/2025,417.0,429.9,417.0,425.44,0.79,15826.0,555.0,433.0
LBBL,4/13/2025,429.5,429.5,417.1,421.41,-0.95,5703.0,555.0,433.0
LBBL,4/15/2025,424.0,433.0,417.3,427.09,1.35,32068.0,555.0,433.0
LBBL,4/16/2025,434.0,434.0,419.0,423.94,-0.74,12953.0,555.0,433.0
LBBL,4/17/2025,421.2,433.6,421.2,430.09,1.45,47140.0,555.0,433.0
LBBL,4/20/2025,430.0,430.0,398.6,411.65,-4.29,89576.0,555.0,433.0
LBBL,4/21/2025,412.0,413.9,404.1,409.87,-0.43,50414.0,555.0,433.0
LBBL,4/22/2025,406.0,410.0,402.0,402.55,-1.79,37721.0,555.0,433.0
LBBL,4/23/2025,397.1,403.9,395.0,395.7,-1.7,68175.0,555.0,433.0
LBBL,4/24/2025,395.0,402.0,387.9,389.4,-1.59,107817.0,555.0,433.0
LBBL,4/27/2025,383.3,398.0,383.3,390.16,0.2,44251.0,555.0,433.0
LBBL,4/28/2025,393.2,393.5,384.0,384.77,-1.38,48812.0,555.0,433.0
LBBL,4/29/2025,378.0,387.0,378.0,382.04,-0.71,37308.0,555.0,433.0
LBBL,4/30/2025,382.3,383.0,379.0,379.9,-0.56,33621.0,555.0,433.0
LBBL,5/4/2025,385.0,387.9,380.1,383.93,1.06,26401.0,555.0,433.0
LBBL,5/5/2025,376.5,390.5,376.5,388.72,1.25,50570.0,555.0,433.0
LBBL,5/6/2025,381.0,399.0,381.0,393.63,1.26,41786.0,555.0,433.0
LBBL,5/7/2025,390.0,413.0,385.8,409.09,3.93,65855.0,555.0,433.0
LBBL,5/8/2025,410.0,417.2,396.0,414.99,1.44,85660.0,555.0,433.0
LBBL,5/11/2025,420.2,450.0,419.1,442.18,6.55,190943.0,555.0,433.0
LBBL,5/13/2025,451.0,469.9,450.0,460.86,4.22,391735.0,555.0,433.0
LBBL,5/14/2025,465.0,490.0,458.1,480.0,4.15,742738.0,555.0,433.0
LBBL,5/15/2025,470.4,489.0,465.5,470.78,-1.92,336917.0,555.0,433.0
LBBL,5/18/2025,474.0,485.0,452.0,457.89,-2.74,400186.0,555.0,433.0
LBBL,5/19/2025,448.8,468.9,448.8,463.71,1.27,181195.0,555.0,433.0
LBBL,5/20/2025,454.6,487.0,454.6,478.69,3.23,246390.0,555.0,433.0
LBBL,5/21/2025,488.2,493.0,458.0,459.95,-3.91,344131.0,555.0,433.0
LBBL,5/22/2025,452.0,469.0,452.0,459.5,-0.1,168521.0,555.0,433.0
LBBL,5/25/2025,452.0,464.8,445.0,448.0,-2.5,102626.0,555.0,433.0
LBBL,5/26/2025,456.9,466.0,442.1,444.31,-0.82,125362.0,555.0,433.0
LBBL,5/27/2025,443.0,463.0,440.0,450.36,1.36,108463.0,555.0,433.0
LBBL,5/28/2025,445.0,465.9,445.0,460.97,2.36,116257.0,555.0,433.0
LBBL,6/2/2025,470.1,472.0,460.0,462.02,0.23,178173.0,555.0,433.0
LBBL,6/3/2025,453.0,468.3,453.0,457.38,-1.0,95884.0,555.0,433.0
LBBL,6/4/2025,450.1,464.0,450.1,452.63,-1.04,81669.0,555.0,433.0
LBBL,6/5/2025,445.1,459.9,442.0,444.45,-1.81,101206.0,555.0,433.0
LBBL,6/8/2025,450.0,455.0,435.6,439.8,-1.05,92391.0,555.0,433.0
LBBL,6/9/2025,432.2,445.0,432.2,438.24,-0.35,95513.0,555.0,433.0
LBBL,6/10/2025,443.9,458.0,440.6,454.74,3.77,128339.0,555.0,433.0
LBBL,6/11/2025,445.7,462.0,443.3,446.01,-1.92,97331.0,555.0,433.0
LBBL,6/12/2025,447.5,452.8,440.0,443.8,-0.5,115160.0,555.0,433.0
LBBL,6/15/2025,452.0,452.0,440.4,440.94,-0.64,74765.0,555.0,433.0
LBBL,6/16/2025,432.6,449.0,432.6,434.49,-1.46,128252.0,555.0,433.0
LBBL,6/17/2025,432.9,441.9,432.9,435.27,0.18,35206.0,555.0,433.0
LBBL,6/18/2025,435.0,447.7,432.3,437.38,0.48,65753.0,555.0,433.0
LBBL,6/19/2025,437.0,445.0,430.0,433.05,-0.99,103606.0,555.0,433.0
LBBL,6/22/2025,424.4,446.7,418.0,420.2,-2.97,59673.0,555.0,433.0
LBBL,6/23/2025,413.0,428.0,413.0,421.61,0.34,25744.0,555.0,433.0
LBBL,6/24/2025,422.2,429.0,417.0,418.39,-0.76,20579.0,555.0,433.0
LBBL,6/25/2025,413.9,426.7,413.9,422.93,1.09,29261.0,555.0,433.0
LBBL,6/26/2025,421.0,426.0,415.2,416.7,-1.47,47651.0,555.0,433.0
LBBL,6/29/2025,415.0,426.0,413.2,423.64,1.67,34232.0,555.0,433.0
LBBL,6/30/2025,430.0,438.6,425.0,430.48,1.61,62455.0,555.0,433.0
LBBL,7/1/2025,428.5,440.0,428.5,435.95,1.27,39369.0,555.0,433.0
LBBL,7/2/2025,443.0,455.0,434.0,446.85,2.5,75984.0,555.0,433.0
LBBL,7/3/2025,448.9,459.0,441.5,444.4,-0.55,87208.0,555.0,433.0
LBBL,7/6/2025,443.0,450.0,436.1,438.32,-1.37,42651.0,555.0,433.0
LBBL,7/7/2025,438.5,443.8,431.1,431.65,-1.52,30807.0,555.0,433.0
LBBL,7/8/2025,430.0,434.9,427.3,429.47,-0.51,38815.0,555.0,433.0
LBBL,7/9/2025,438.0,444.0,429.3,431.43,0.46,24532.0,555.0,433.0
LBBL,7/10/2025,440.0,448.8,434.0,442.44,2.55,86537.0,555.0,433.0
LBBL,7/13/2025,451.2,460.0,444.1,453.0,2.39,130918.0,555.0,433.0
LBBL,7/14/2025,447.0,455.0,446.3,447.37,-1.24,68332.0,555.0,433.0
LBBL,7/15/2025,455.0,455.0,446.5,452.36,1.12,77190.0,555.0,433.0
LBBL,7/16/2025,458.0,484.0,456.0,480.69,6.26,723255.0,555.0,433.0
LBBL,7/17/2025,490.3,500.0,475.3,492.67,2.49,282273.0,555.0,433.0
LBBL,7/20/2025,493.0,517.0,486.1,510.38,3.59,712130.0,555.0,433.0
LBBL,7/21/2025,500.2,554.0,500.2,549.69,7.7,779835.0,555.0,433.0
LBBL,7/22/2025,555.0,566.0,546.0,553.02,0.61,466880.0,555.0,433.0
LBBL,7/23/2025,564.0,564.0,542.1,550.55,-0.45,486239.0,555.0,433.0
LBBL,7/24/2025,558.0,579.0,546.0,572.85,4.05,1228837.0,555.0,433.0
LBBL,7/27/2025,575.0,627.0,575.0,621.39,8.47,1256011.0,555.0,433.0
LBBL,7/28/2025,633.0,645.0,610.0,633.81,2.0,878200.0,555.0,433.0
LBBL,7/29/2025,640.0,646.3,623.2,635.68,0.3,458362.0,555.0,433.0
LBBL,7/30/2025,635.0,643.0,614.0,616.83,-2.97,521491.0,555.0,433.0
LBBL,7/31/2025,617.0,628.8,600.0,610.66,-1.0,672260.0,555.0,433.0
LBBL,8/3/2025,605.0,633.0,605.0,625.93,2.5,614665.0,555.0,433.0
LBBL,8/4/2025,613.5,638.0,612.4,614.96,-1.75,457428.0,555.0,433.0
LBBL,8/5/2025,627.2,627.2,578.1,581.77,-5.4,380973.0,555.0,433.0
LBBL,8/6/2025,581.0,592.0,565.5,567.87,-2.39,364357.0,555.0,433.0
LBBL,8/7/2025,562.1,584.9,562.1,574.56,1.18,243764.0,555.0,433.0
LBBL,8/11/2025,576.0,579.8,548.1,551.03,-4.1,310218.0,555.0,433.0
LBBL,8/12/2025,560.0,569.0,540.0,559.88,1.61,364104.0,555.0,433.0
LBBL,8/13/2025,548.7,575.0,548.7,560.08,0.04,167198.0,555.0,433.0
LBBL,8/14/2025,568.2,569.5,549.2,551.56,-1.52,187650.0,555.0,433.0
LBBL,8/17/2025,546.1,561.0,531.0,535.06,-2.99,216971.0,555.0,433.0
LBBL,8/18/2025,539.0,548.2,531.0,538.75,0.69,161987.0,555.0,433.0
LBBL,8/19/2025,548.0,551.8,534.0,535.4,-0.62,116308.0,555.0,433.0
LBBL,8/20/2025,544.0,546.9,532.1,535.77,0.07,113713.0,555.0,433.0
LBBL,8/21/2025,531.8,545.0,531.8,535.41,-0.07,95376.0,555.0,433.0
LBBL,8/24/2025,536.5,543.9,520.9,522.19,-2.47,112554.0,555.0,433.0
LBBL,8/25/2025,522.0,539.0,511.8,536.14,2.67,203122.0,555.0,433.0
LBBL,8/26/2025,533.0,550.0,533.0,548.42,2.29,130093.0,555.0,433.0
LBBL,8/27/2025,550.0,579.0,550.0,577.1,5.23,337230.0,555.0,433.0
LBBL,8/28/2025,572.0,580.0,550.0,552.99,-4.18,309487.0,555.0,433.0
LBBL,8/31/2025,550.0,554.6,526.5,535.38,-3.18,203508.0,555.0,433.0
LBBL,9/1/2025,544.9,544.9,530.0,540.26,0.91,111120.0,555.0,433.0
LBBL,9/2/2025,551.0,551.0,533.0,534.4,-1.08,93395.0,555.0,433.0
LBBL,9/3/2025,525.9,540.0,525.9,528.32,-1.14,115314.0,555.0,433.0
LBBL,9/4/2025,536.9,536.9,521.0,528.5,0.03,109015.0,555.0,433.0
LBBL,9/7/2025,536.0,548.0,520.0,529.53,0.19,55765.0,555.0,433.0
LBBL,9/8/2025,519.0,534.0,519.0,522.27,-1.37,126211.0,555.0,433.0
LBBL,9/18/2025,511.9,511.9,472.0,499.0,-4.46,38125.0,555.0,433.0
LBBL,9/21/2025,489.1,522.0,482.0,514.71,3.15,344982.0,555.0,433.0
LBBL,9/23/2025,512.0,529.0,512.0,519.1,0.85,119641.0,555.0,433.0
LBBL,9/24/2025,513.0,526.0,501.2,511.0,-1.56,119181.0,555.0,433.0
LBBL,9/25/2025,502.7,510.0,495.0,506.0,-0.98,136389.0,555.0,433.0
LBBL,9/28/2025,514.0,514.0,498.0,503.9,-0.42,69453.0,555.0,433.0
LBBL,10/7/2025,497.0,503.0,478.1,485.0,-3.75,112530.0,555.0,433.0
LBBL,10/8/2025,494.7,494.7,460.0,466.0,-3.92,214608.0,555.0,433.0
LBBL,10/9/2025,475.0,494.0,473.0,479.7,2.94,153262.0,555.0,433.0
LBBL,10/12/2025,481.0,481.0,440.0,454.0,-5.36,229774.0,555.0,433.0
LBBL,10/13/2025,455.0,465.0,445.6,463.5,2.09,140104.0,555.0,433.0
LBBL,10/14/2025,463.5,468.0,445.0,454.0,-2.05,77972.0,555.0,433.0
LBBL,10/15/2025,447.0,453.0,436.0,449.0,-1.1,71917.0,555.0,433.0
LBBL,10/16/2025,455.0,455.0,435.0,443.9,-1.14,72905.0,555.0,433.0
LBBL,10/19/2025,440.0,448.0,435.5,441.8,-0.47,35757.0,555.0,433.0
LBBL,10/26/2025,433.0,449.0,433.0,449.0,1.63,38357.0,555.0,433.0
LBBL,10/28/2025,452.0,492.0,452.0,491.0,9.35,186814.0,555.0,433.0
LBBL,10/29/2025,492.0,505.0,473.0,479.0,-2.44,281839.0,555.0,433.0
LBBL,10/30/2025,479.0,505.0,472.0,504.0,5.22,178373.0,555.0,433.0
LBBL,11/2/2025,503.0,518.0,497.1,497.1,-1.37,236260.0,555.0,433.0
LBBL,11/3/2025,498.0,509.0,489.0,493.0,-0.82,143701.0,555.0,433.0
LBBL,11/4/2025,492.2,500.0,481.4,482.1,-2.21,76167.0,555.0,433.0
LBBL,11/5/2025,478.3,495.7,476.5,495.0,2.68,99267.0,555.0,433.0
LBBL,11/6/2025,504.9,504.9,482.0,486.8,-1.66,93474.0,555.0,433.0
LBBL,11/9/2025,477.1,477.1,460.0,464.0,-4.68,196579.0,555.0,433.0
LBBL,11/10/2025,465.0,470.0,449.1,454.9,-1.96,97245.0,555.0,433.0
LBBL,11/11/2025,454.5,459.9,441.0,450.4,-0.99,98331.0,555.0,433.0
LBBL,11/12/2025,455.0,455.0,446.0,447.3,-0.69,34233.0,555.0,433.0
LBBL,11/13/2025,438.4,460.0,438.4,452.0,1.05,65070.0,555.0,433.0
LBBL,11/16/2025,459.5,459.5,442.0,446.0,-1.33,58391.0,555.0,433.0
LBBL,11/17/2025,444.0,461.0,444.0,450.1,0.92,94864.0,555.0,433.0
LBBL,11/18/2025,453.2,469.5,452.1,458.9,1.96,114944.0,555.0,433.0
LBBL,11/19/2025,465.0,465.0,448.0,453.0,-1.29,66021.0,555.0,433.0
LBBL,11/20/2025,444.0,454.0,444.0,447.1,-1.3,69857.0,555.0,433.0
LBBL,11/23/2025,448.0,467.9,448.0,466.0,4.23,146758.0,555.0,433.0
LBBL,11/24/2025,457.0,477.0,457.0,473.5,1.61,123676.0,555.0,433.0
LBBL,11/25/2025,482.0,482.0,460.6,466.0,-1.58,51737.0,555.0,433.0
LBBL,11/26/2025,465.7,472.0,458.1,463.0,-0.64,66512.0,555.0,433.0
LBBL,11/27/2025,465.0,467.0,455.0,457.0,-1.3,115175.0,555.0,433.0
LBBL,11/30/2025,458.0,460.0,447.3,449.0,-1.75,54645.0,555.0,433.0
LBBL,12/1/2025,449.0,461.0,447.1,452.5,0.78,61734.0,555.0,433.0
LBBL,12/2/2025,450.0,458.0,450.0,450.0,-0.55,50966.0,555.0,433.0
LBBL,12/3/2025,454.0,458.0,442.0,444.9,-1.13,77423.0,555.0,433.0
LBBL,12/7/2025,443.0,452.0,441.0,445.0,0.02,79534.0,555.0,433.0
LBBL,12/8/2025,445.0,452.5,442.3,444.2,-0.18,53366.0,555.0,433.0
LBBL,12/9/2025,450.0,450.9,445.0,450.8,1.49,86272.0,555.0,433.0
LBBL,12/10/2025,441.8,456.9,441.8,450.0,-0.18,73125.0,555.0,433.0
LBBL,12/11/2025,450.0,452.0,446.0,448.9,-0.24,46471.0,555.0,433.0
LBBL,12/14/2025,440.0,456.0,440.0,442.5,-1.43,43198.0,555.0,433.0
LBBL,12/15/2025,444.0,448.7,440.0,446.0,0.79,63687.0,555.0,433.0
LBBL,12/16/2025,450.9,473.0,446.2,471.9,5.81,221803.0,555.0,433.0
LBBL,12/17/2025,472.0,479.8,466.0,469.8,-0.45,170021.0,555.0,433.0
LBBL,12/18/2025,469.0,473.0,461.0,467.9,-0.4,82417.0,555.0,433.0
LBBL,12/21/2025,465.0,477.0,460.0,474.5,1.41,231541.0,555.0,433.0
LBBL,12/22/2025,479.0,490.0,470.0,489.0,3.06,214366.0,555.0,433.0
LBBL,12/23/2025,489.0,489.0,475.0,479.0,-2.04,145724.0,555.0,433.0
LBBL,12/24/2025,475.0,481.0,461.9,461.9,-3.57,84716.0,555.0,433.0
LBBL,12/28/2025,468.5,479.0,464.2,476.0,3.05,101923.0,555.0,433.0
LBBL,12/29/2025,476.0,483.0,463.1,465.0,-2.31,132258.0,555.0,433.0
LBBL,12/31/2025,466.0,474.0,458.0,458.0,-1.51,84420.0,555.0,433.0
LBBL,1/1/2026,463.9,466.0,457.0,460.0,0.44,91145.0,555.0,433.0
LBBL,1/4/2026,456.2,464.9,453.0,455.0,-1.09,80260.0,555.0,433.0
LBBL,1/5/2026,446.0,486.0,446.0,486.0,6.81,266832.0,555.0,433.0
LBBL,1/6/2026,495.6,502.0,482.0,487.0,0.21,196325.0,555.0,433.0
LBBL,1/7/2026,491.0,492.0,471.1,474.0,-2.67,90646.0,555.0,433.0
LBBL,1/8/2026,479.0,480.0,469.0,474.4,0.08,100927.0,555.0,433.0
LBBL,1/12/2026,476.1,493.0,476.1,488.0,2.87,257595.0,555.0,433.0
LBBL,1/13/2026,490.1,505.0,489.2,496.5,1.74,317450.0,555.0,433.0
LBBL,1/14/2026,486.6,502.0,486.1,486.8,-1.95,162085.0,555.0,433.0
LBBL,1/18/2026,487.0,509.0,487.0,495.0,1.68,337956.0,555.0,433.0
LBBL,1/20/2026,504.8,515.0,502.0,506.0,2.22,253034.0,555.0,433.0
LBBL,1/21/2026,515.0,515.0,495.1,500.0,-1.19,222816.0,555.0,433.0
LBBL,1/22/2026,500.0,500.0,491.0,498.0,-0.4,169497.0,555.0,433.0
LBBL,1/25/2026,488.1,525.0,488.1,523.0,5.02,307178.0,555.0,433.0
LBBL,1/26/2026,527.3,530.0,510.0,515.0,-1.53,251990.0,555.0,433.0
LBBL,1/27/2026,523.7,555.0,500.0,505.0,-1.94,400663.0,555.0,433.0
LBBL,1/28/2026,505.0,514.9,492.3,500.5,-0.89,175432.0,555.0,433.0
LBBL,1/29/2026,508.9,508.9,486.0,486.0,-2.9,249106.0,555.0,433.0
LBBL,2/1/2026,483.0,490.0,478.0,484.0,-0.41,149155.0,555.0,433.0
LBBL,2/2/2026,484.1,490.0,483.8,486.0,0.41,106224.0,555.0,433.0
LBBL,2/3/2026,490.0,490.0,474.0,474.0,-2.47,96035.0,555.0,433.0
LBBL,2/4/2026,481.0,483.4,473.1,480.0,1.27,109659.0,555.0,433.0
LBBL,2/5/2026,482.9,486.9,475.0,485.0,1.04,83073.0,555.0,433.0
LBBL,2/8/2026,493.8,493.9,479.0,480.0,-1.03,76440.0,555.0,433.0
LBBL,2/9/2026,480.0,485.0,470.5,473.0,-1.46,87812.0,555.0,433.0
LBBL,2/10/2026,482.0,492.0,467.1,472.0,-0.21,65123.0,555.0,433.0
LBBL,2/11/2026,477.0,480.0,467.1,471.0,-0.21,45891.0,555.0,433.0
LBBL,2/12/2026,480.4,487.0,470.0,476.9,1.25,81436.0,555.0,433.0
LBBL,2/16/2026,485.9,485.9,476.0,483.0,1.28,57040.0,555.0,433.0
LBBL,2/17/2026,478.3,478.3,472.0,474.0,-1.86,70127.0,555.0,433.0
LBBL,2/22/2026,468.2,470.0,458.2,460.0,-2.95,88565.0,555.0,433.0
LBBL,2/23/2026,460.0,467.5,459.0,464.0,0.87,42913.0,555.0,433.0
LBBL,2/24/2026,469.5,473.0,463.0,472.0,1.72,23070.0,555.0,433.0
LBBL,2/25/2026,471.0,472.0,465.3,467.8,-0.89,61540.0,555.0,433.0
LBBL,2/26/2026,466.0,471.5,464.0,470.0,0.47,46435.0,555.0,433.0
LBBL,2/27/2026,466.0,471.5,464.0,470.0,0.0,46435.0,555.0,433.0
LBBL,2/28/2026,466.0,471.5,464.0,470.0,0.0,46435.0,555.0,433.0
LBBL,3/2/2026,465.0,474.9,461.0,474.9,1.04,42909.0,555.0,433.0
LBBL,3/3/2026,469.0,484.8,469.0,484.8,2.08,44008.0,555.0,433.0
LBBL,3/4/2026,469.0,484.8,469.0,484.8,0.0,44008.0,555.0,433.0
LBBL,3/5/2026,469.0,484.8,469.0,484.8,0.0,44008.0,555.0,433.0
LBBL,3/6/2026,469.0,484.8,469.0,484.8,0.0,44008.0,555.0,433.0
LBBL,3/7/2026,469.0,484.8,469.0,484.8,0.0,44008.0,555.0,433.0
LBBL,3/8/2026,469.0,484.8,469.0,484.8,0.0,44008.0,555.0,433.0
LBBL,3/9/2026,494.4,524.0,494.4,524.0,8.09,15805.0,555.0,433.0
LBBL,3/10/2026,524.0,525.0,498.9,514.5,-1.81,275342.0,555.0,433.0
LBBL,3/11/2026,505.0,515.0,492.0,495.0,-3.79,110877.0,555.0,433.0
LBBL,3/12/2026,504.0,507.8,493.0,505.7,2.16,111838.0,555.0,433.0
LBBL,3/13/2026,504.0,507.8,493.0,505.7,0.0,111838.0,555.0,433.0
LBBL,3/14/2026,504.0,507.8,493.0,505.7,0.0,111838.0,555.0,433.0
LBBL,3/15/2026,497.0,512.0,495.7,504.0,-0.34,102918.0,555.0,433.0
LBBL,3/16/2026,504.0,511.9,486.1,496.0,-1.59,139340.0,555.0,433.0
LBBL,3/17/2026,495.0,497.0,487.2,496.8,0.16,77845.0,555.0,433.0
LBBL,3/18/2026,495.0,497.0,487.2,496.8,0.0,77845.0,555.0,433.0
LBBL,3/19/2026,506.0,522.2,495.0,516.9,4.05,245321.0,555.0,433.0
LBBL,3/20/2026,506.0,522.2,495.0,516.9,0.0,245321.0,555.0,433.0
LBBL,3/21/2026,506.0,522.2,495.0,516.9,0.0,245321.0,555.0,433.0
LBBL,3/22/2026,522.9,535.0,518.6,528.0,2.15,351509.0,555.0,433.0
LBBL,3/23/2026,528.0,535.0,516.1,525.0,-0.57,158252.0,555.0,433.0
LBBL,3/24/2026,535.5,539.0,522.1,535.0,1.9,207868.0,555.0,433.0
LBBL,3/25/2026,540.0,544.8,514.0,519.0,-2.99,167124.0,555.0,433.0
LBBL,3/26/2026,510.0,524.0,505.0,524.0,2.75,122932.0,555.0,433.0
LBBL,3/29/2026,514.0,522.0,504.0,507.0,-1.36,159663.0,555.0,433.0
LBBL,3/30/2026,506.9,511.0,496.0,498.0,-1.76,147711.0,555.0,433.0
LBBL,3/31/2026,488.3,507.7,488.3,501.5,2.7,93798.0,555.0,433.0
LBBL,4/1/2026,500.0,500.0,482.0,486.0,-2.8,73383.0,555.0,433.0
LBBL,4/2/2026,480.0,494.6,477.0,488.0,1.67,108526.0,555.0,433.0
LBBL,4/5/2026,479.0,479.0,465.0,467.0,-2.51,120753.0,555.0,433.0
LBBL,4/6/2026,470.0,490.0,470.0,487.0,3.62,79281.0,555.0,433.0
LBBL,4/7/2026,494.9,494.9,479.0,484.8,-2.04,64440.0,555.0,433.0
LBBL,4/8/2026,490.0,496.0,485.0,496.0,1.22,60881.0,555.0,433.0
LBBL,4/9/2026,490.1,507.0,490.0,502.9,2.61,155473.0,555.0,433.0
LBBL,4/10/2026,512.0,512.0,495.0,498.0,-2.73,67640.0,555.0,433.0
LBBL,4/13/2026,498.9,500.0,492.0,496.0,-0.58,38948.0,555.0,433.0
LBBL,4/15/2026,495.0,505.0,492.1,499.8,0.97,127286.0,555.0,433.0
LBBL,4/16/2026,500.0,508.0,495.0,504.9,0.98,178052.0,555.0,433.0
LBBL,4/17/2026,504.9,507.0,495.0,502.7,-0.44,87082.0,555.0,433.0
LBBL,4/20/2026,502.0,503.9,493.0,493.0,-1.79,32925.0,555.0,433.0
LBBL,4/21/2026,498.0,498.0,485.1,486.0,-2.41,35525.0,555.0,433.0
LBBL,4/22/2026,485.0,495.4,476.1,494.0,1.86,54767.0,555.0,433.0
LBBL,4/23/2026,495.0,495.0,481.2,490.0,-1.01,12842.0,555.0,433.0
LBBL,4/24/2026,480.0,490.0,480.0,487.0,1.46,31837.0,555.0,433.0
LBBL,4/27/2026,487.0,492.0,478.0,486.0,-0.21,29199.0,555.0,433.0
LBBL,4/28/2026,486.0,491.9,485.0,487.0,0.21,36855.0,555.0,433.0
LBBL,4/29/2026,487.0,491.0,480.0,491.0,0.82,42662.0,555.0,433.0
LBBL,4/30/2026,490.0,494.0,480.1,492.0,0.41,33166.0,555.0,433.0
LBBL,5/4/2026,504.0,504.0,485.1,485.3,-3.71,45100.0,555.0,433.0
LBBL,5/5/2026,497.6,497.6,482.7,491.0,-1.33,37177.0,555.0,433.0
LBBL,5/6/2026,496.9,496.9,477.1,484.0,-2.6,130387.0,555.0,433.0
LBBL,5/7/2026,481.0,484.9,477.0,484.9,0.81,22282.0,555.0,433.0
LBBL,5/8/2026,488.0,491.5,477.2,490.0,0.41,32046.0,555.0,433.0
LBBL,5/11/2026,490.5,496.3,489.0,492.9,0.49,69685.0,555.0,433.0
LBBL,5/12/2026,494.5,495.0,483.4,484.9,-1.94,77657.0,555.0,433.0
LBBL,5/13/2026,483.1,485.0,478.0,484.6,0.31,16917.0,555.0,433.0
LBBL,5/14/2026,480.3,489.9,480.3,481.0,0.15,29865.0,555.0,433.0
LBBL,5/15/2026,481.0,488.0,480.0,485.0,0.83,36838.0,555.0,433.0
LBBL,5/18/2026,485.0,487.9,484.2,484.3,-0.14,16079.0,555.0,433.0
LBBL,5/19/2026,486.0,488.0,484.0,487.0,0.21,22130.0,555.0,433.0
LBBL,5/20/2026,489.6,491.8,487.0,491.0,0.29,45981.0,555.0,433.0
LBBL,5/21/2026,492.0,492.3,485.0,487.0,-1.02,26678.0,555.0,433.0
LBBL,5/22/2026,484.0,491.8,484.0,491.0,1.45,34246.0,555.0,433.0
LBBL,5/25/2026,498.1,498.1,491.0,494.5,-0.72,40816.0,555.0,433.0
LBBL,5/26/2026,498.7,498.9,487.5,490.5,-1.64,45007.0,555.0,433.0
LBBL,5/27/2026,491.0,493.7,485.0,490.8,-0.04,54662.0,555.0,433.0
LBBL,6/1/2026,491.0,496.0,483.0,486.0,-1.02,29017.0,555.0,433.0
LBBL,6/2/2026,491.0,495.0,483.1,494.0,0.61,33492.0,555.0,433.0
LBBL,6/3/2026,502.0,505.0,493.0,504.0,0.4,99843.0,555.0,433.0
LBBL,6/4/2026,508.8,509.2,495.0,500.0,-1.73,84649.0,555.0,433.0
LBBL,6/5/2026,505.0,505.0,498.1,500.0,-0.99,19221.0,555.0,433.0
LBBL,6/8/2026,501.0,501.0,485.0,495.9,-1.02,125457.0,555.0,433.0
LBBL,6/9/2026,494.0,496.0,487.0,493.0,-0.2,61938.0,555.0,433.0
LBBL,6/10/2026,494.2,498.0,490.0,493.4,-0.16,45764.0,555.0,433.0
LBBL,6/11/2026,495.0,495.0,490.0,493.0,-0.4,25743.0,555.0,433.0
LBBL,6/12/2026,492.0,495.2,491.0,493.0,0.2,38237.0,555.0,433.0
LBBL,6/15/2026,493.0,496.0,491.0,492.9,-0.02,21722.0,555.0,433.0
LBBL,6/16/2026,485.0,493.0,485.0,487.2,0.45,45634.0,555.0,433.0
LBBL,6/17/2026,463.0,499.0,463.0,486.0,4.97,28831.0,555.0,433.0
LBBL,6/18/2026,485.4,490.0,483.1,485.0,-0.08,29682.0,555.0,433.0
LBBL,6/19/2026,490.8,490.8,483.4,486.0,-0.98,13061.0,555.0,433.0
LBBL,6/22/2026,489.9,497.9,485.0,485.5,-0.9,18701.0,555.0,433.0
LBBL,6/23/2026,486.0,487.0,483.2,486.9,0.19,19154.0,555.0,433.0
LBBL,6/24/2026,489.6,489.6,476.3,482.0,-1.55,45004.0,555.0,433.0
LBBL,6/26/2026,477.4,484.9,477.4,479.9,0.52,121893.0,555.0,433.0
LBBL,6/29/2026,479.0,479.0,472.1,477.0,-0.42,33789.0,555.0,433.0
LBBL,6/30/2026,475.0,475.0,472.3,473.9,-0.23,29360.0,555.0,433.0
LBBL,7/1/2026,471.0,485.0,470.0,485.0,2.97,19750.0,555.0,433.0
LBBL,7/2/2026,494.9,494.9,476.4,488.0,-1.39,19077.0,555.0,433.0
LBBL,7/3/2026,480.2,485.0,480.0,482.9,0.56,35483.0,555.0,433.0
LBBL,7/6/2026,459.0,500.0,459.0,478.9,4.34,32227.0,555.0,433.0
LBBL,7/7/2026,476.0,483.0,475.0,482.0,1.26,19959.0,555.0,433.0
LBBL,7/8/2026,484.9,484.9,471.0,477.5,-1.53,25335.0,555.0,433.0
LBBL,7/9/2026,473.1,479.0,470.0,479.0,1.25,47958.0,555.0,433.0
LBBL,7/10/2026,484.0,484.0,473.0,477.9,-1.26,9726.0,555.0,433.0
LBBL,7/13/2026,481.3,489.0,470.0,470.2,-2.31,36405.0,555.0,433.0
LBBL,7/14/2026,480.0,480.0,469.1,479.9,-0.02,21468.0,555.0,433.0
LBBL,7/15/2026,482.0,485.5,477.2,484.0,0.41,23861.0,555.0,433.0
LBBL,7/16/2026,508.2,508.2,474.0,483.4,-4.88,31140.0,555.0,433.0
LBBL,7/17/2026,485.0,496.0,481.4,495.0,2.06,23295.0,555.0,433.0
LBBL,7/20/2026,494.9,505.0,487.0,500.0,1.03,57160.0,555.0,433.0
LBBL,7/21/2026,510.0,510.0,491.0,498.0,-2.35,56618.0,555.0,433.0
LBBL,7/22/2026,494.2,498.0,493.5,495.5,0.26,37047.0,555.0,433.0
LBBL,7/23/2026,491.2,502.0,491.0,502.0,2.2,53082.0,555.0,433.0
LBBL,7/24/2026,497.0,515.0,497.0,510.0,2.62,137489.0,555.0,433.0
LBBL,7/27/2026,510.0,514.9,497.0,502.9,-1.39,57304.0,555.0,433.0
LBBL,7/28/2026,498.0,504.0,492.4,499.9,0.38,27651.0,555.0,433.0
LBBL,7/29/2026,491.1,500.5,491.1,495.0,0.79,36458.0,555.0,433.0
LBBL,7/30/2026,488.3,499.8,488.3,490.2,0.39,36940.0,555.0,433.0
LBBL,7/31/2026,488.0,496.0,487.0,496.0,1.64,20417.0,555.0,433.0
LBBL,8/3/2026,499.0,500.0,494.0,497.0,-0.4,19051.0,555.0,433.0
LBBL,8/4/2026,498.0,506.0,492.0,505.0,1.41,111896.0,555.0,433.0
LBBL,8/5/2026,505.0,510.0,496.1,500.0,-0.99,107373.0,555.0,433.0
LBBL,8/6/2026,504.0,504.0,490.0,491.0,-2.58,94128.0,555.0,433.0
LBBL,8/7/2026,486.0,492.0,486.0,491.9,1.21,27592.0,555.0,433.0
LBBL,8/10/2026,485.1,497.0,485.0,485.0,-0.02,20953.0,555.0,433.0
LBBL,8/11/2026,485.1,491.0,483.0,484.0,-0.23,26020.0,555.0,433.0
LBBL,8/12/2026,485.0,486.0,484.0,485.0,0.0,17555.0,555.0,433.0
LBBL,8/13/2026,484.1,488.4,484.0,487.0,0.6,14585.0,555.0,433.0
LBBL,8/14/2026,487.0,487.0,483.5,483.5,-0.72,23176.0,555.0,433.0
LBBL,8/17/2026,483.5,486.0,481.4,482.9,-0.12,25863.0,555.0,433.0
LBBL,8/18/2026,481.0,482.0,476.6,482.0,0.21,23734.0,555.0,433.0
LBBL,8/19/2026,477.0,482.0,477.0,480.0,0.63,15713.0,555.0,433.0
LBBL,8/20/2026,480.0,481.0,476.4,480.0,0.0,25054.0,555.0,433.0
LBBL,8/21/2026,481.0,481.0,475.0,475.1,-1.23,26089.0,555.0,433.0
LBBL,8/24/2026,474.9,476.9,472.1,474.1,-0.17,21638.0,555.0,433.0
LBBL,8/25/2026,476.9,479.0,473.1,479.0,0.44,9780.0,555.0,433.0
LBBL,8/26/2026,479.0,479.0,465.0,473.0,-1.25,96154.0,555.0,433.0
LBBL,8/27/2026,462.3,474.9,462.3,473.0,2.31,10037.0,555.0,433.0
LBBL,8/31/2026,473.0,479.0,466.0,467.7,-1.12,17234.0,555.0,433.0
LBBL,9/1/2026,479.0,479.0,466.0,468.0,-2.3,17278.0,555.0,433.0
LBBL,9/2/2026,470.0,479.0,466.0,477.8,1.66,14679.0,555.0,433.0
LBBL,9/3/2026,473.0,483.9,470.7,482.8,2.07,17558.0,555.0,433.0
LBBL,9/7/2026,465.0,489.2,465.0,485.0,4.3,28681.0,555.0,433.0
LBBL,9/9/2026,480.2,485.0,472.1,476.0,-0.87,18091.0,555.0,433.0
LBBL,9/10/2026,470.3,476.0,470.0,475.0,1.0,21494.0,555.0,433.0
LBBL,9/11/2026,473.0,479.0,469.2,479.0,1.27,38716.0,555.0,433.0
LBBL,9/14/2026,484.5,486.1,482.4,484.0,-0.1,17004.0,555.0,433.0
LBBL,9/15/2026,508.0,508.0,483.0,487.0,-4.13,47162.0,555.0,433.0
LBBL,9/16/2026,484.0,487.0,478.0,483.5,-0.1,48158.0,555.0,433.0
LBBL,9/17/2026,462.0,493.0,462.0,488.0,5.63,87393.0,555.0,433.0
LBBL,9/18/2026,465.0,495.0,465.0,493.1,6.04,41600.0,555.0,433.0
LBBL,9/22/2026,485.0,497.0,484.0,490.8,1.2,59865.0,555.0,433.0
LBBL,9/23/2026,486.7,490.0,483.0,485.9,-0.16,29729.0,555.0,433.0
LBBL,9/24/2026,482.2,489.5,480.0,484.4,0.46,33154.0,555.0,433.0
LBBL,9/28/2026,484.4,489.9,480.3,482.1,-0.47,25187.0,555.0,433.0
LBBL,9/29/2026,480.1,481.0,475.1,0.0,-100.0,9535.0,555.0,433.0
LBBL,9/30/2026,475.0,479.9,472.0,474.0,-0.21,23437.0,555.0,433.0
LBBL,10/1/2026,473.0,479.8,471.0,478.0,1.06,16187.0,555.0,433.0
LBBL,10/2/2026,480.0,481.9,475.0,478.0,-0.42,15785.0,555.0,433.0
LBBLD89,12/29/2025,1315.0,1346.0,1315.0,1341.3,,435.0,1346.0,1190.0
LBBLD89,1/5/2026,1315.0,1315.0,1315.0,1315.0,-1.96,25.0,1346.0,1190.0
LBBLD89,1/14/2026,1310.0,1310.0,1310.0,1310.0,-0.38,25.0,1346.0,1190.0
LBBLD89,1/18/2026,1308.0,1308.0,1300.0,1300.0,-0.76,55.0,1346.0,1190.0
LBBLD89,1/21/2026,1274.1,1274.1,1274.1,1274.1,-1.99,25.0,1346.0,1190.0
LBBLD89,1/22/2026,1277.0,1277.0,1277.0,1277.0,0.23,100.0,1346.0,1190.0
LBBLD89,1/26/2026,1252.0,1252.0,1252.0,1252.0,-1.96,25.0,1346.0,1190.0
LBBLD89,1/27/2026,1277.0,1277.0,1270.0,1270.0,1.44,55.0,1346.0,1190.0
LBBLD89,2/10/2026,1270.0,1270.0,1270.0,1270.0,0.0,25.0,1346.0,1190.0
LBBLD89,2/17/2026,1270.0,1270.0,1245.1,1245.1,-1.96,150.0,1346.0,1190.0
LBBLD89,2/25/2026,1250.0,1250.0,1250.0,1250.0,0.39,50.0,1346.0,1190.0
LBBLD89,3/3/2026,1240.0,1240.0,1240.0,1240.0,-0.8,100.0,1346.0,1190.0
LBBLD89,3/4/2026,1240.0,1240.0,1240.0,1240.0,0.0,100.0,1346.0,1190.0
LBBLD89,3/5/2026,1240.0,1240.0,1240.0,1240.0,0.0,100.0,1346.0,1190.0
LBBLD89,3/6/2026,1240.0,1240.0,1240.0,1240.0,0.0,100.0,1346.0,1190.0
LBBLD89,3/7/2026,1240.0,1240.0,1240.0,1240.0,0.0,100.0,1346.0,1190.0
LBBLD89,3/8/2026,1240.0,1240.0,1240.0,1240.0,0.0,100.0,1346.0,1190.0
LBBLD89,3/10/2026,1250.0,1250.0,1250.0,1250.0,0.81,25.0,1346.0,1190.0
LBBLD89,3/22/2026,1250.0,1309.0,1250.0,1309.0,4.72,380.0,1346.0,1190.0
LBBLD89,3/23/2026,1320.0,1343.0,1320.0,1343.0,2.6,370.0,1346.0,1190.0
LBBLD89,3/24/2026,1320.0,1320.0,1320.0,1320.0,-1.71,150.0,1346.0,1190.0
LBBLD89,3/25/2026,1320.0,1342.0,1320.0,1342.0,1.67,150.0,1346.0,1190.0
LBBLD89,3/26/2026,1315.7,1335.0,1315.7,1335.0,1.47,225.0,1346.0,1190.0
LBBLD89,3/30/2026,1317.0,1317.0,1317.0,1317.0,0.0,25.0,1346.0,1190.0
LBBLD89,3/31/2026,1300.0,1300.0,1291.0,1291.0,-0.69,75.0,1346.0,1190.0
LBBLD89,4/6/2026,1266.0,1317.5,1266.0,1291.7,2.03,125.0,1346.0,1190.0
LBBLD89,5/7/2026,1310.0,1310.0,1310.0,1310.0,0.0,150.0,1346.0,1190.0
LBBLD89,5/13/2026,1271.5,1271.5,1271.5,1271.5,0.0,25.0,1346.0,1190.0
LBBLD89,5/26/2026,1260.0,1260.0,1260.0,1260.0,0.0,30.0,1346.0,1190.0
LBBLD89,5/27/2026,1245.0,1280.0,1245.0,1280.0,2.81,51.0,1346.0,1190.0
LBBLD89,6/2/2026,1300.0,1300.0,1261.0,1261.0,-3.0,60.0,1346.0,1190.0
LBBLD89,6/10/2026,1262.0,1262.0,1262.0,1262.0,0.0,677.0,1346.0,1190.0
LBBLD89,6/15/2026,1251.0,1251.0,1251.0,1251.0,0.0,25.0,1346.0,1190.0
LBBLD89,6/16/2026,1232.0,1232.0,1232.0,1232.0,0.0,300.0,1346.0,1190.0
LBBLD89,6/17/2026,1240.0,1240.0,1240.0,1240.0,0.0,25.0,1346.0,1190.0
LBBLD89,6/19/2026,1260.0,1260.0,1260.0,1260.0,0.0,75.0,1346.0,1190.0
LBBLD89,6/26/2026,1255.0,1265.0,1255.0,1265.0,0.8,255.0,1346.0,1190.0
LBBLD89,6/30/2026,1302.9,1302.9,1302.9,1302.9,0.0,25.0,1346.0,1190.0
LBBLD89,7/6/2026,1320.0,1320.0,1320.0,1320.0,0.0,200.0,1346.0,1190.0
LBBLD89,7/8/2026,1335.0,1335.0,1300.0,1300.0,-2.62,200.0,1346.0,1190.0
LBBLD89,7/9/2026,1282.0,1282.0,1282.0,1282.0,0.0,13.0,1346.0,1190.0
LBBLD89,7/10/2026,1320.0,1320.0,1315.0,1315.0,-0.38,307.0,1346.0,1190.0
LBBLD89,7/14/2026,1318.0,1318.0,1305.0,1305.0,-0.99,60966.0,1346.0,1190.0
LBBLD89,7/15/2026,1305.0,1305.0,1305.0,1305.0,0.0,5.0,1346.0,1190.0
LBBLD89,7/16/2026,1305.0,1308.0,1305.0,1308.0,0.23,205.0,1346.0,1190.0
LBBLD89,7/22/2026,1329.9,1330.0,1290.1,1290.1,-2.99,372.0,1346.0,1190.0
LBBLD89,8/3/2026,1251.4,1251.4,1251.4,1251.4,0.0,25.0,1346.0,1190.0
LBBLD89,8/7/2026,1260.0,1260.0,1260.0,1260.0,0.0,50.0,1346.0,1190.0
LBBLD89,8/25/2026,1231.0,1231.0,1231.0,1231.0,0.0,25.0,1346.0,1190.0
LBBLD89,9/2/2026,1267.9,1267.9,1267.9,1267.9,0.0,25.0,1346.0,1190.0
LBBLD89,9/9/2026,1285.0,1285.0,1285.0,1285.0,0.0,25.0,1346.0,1190.0
LBBLD89,9/18/2026,1285.0,1285.0,1285.0,1285.0,0.0,30.0,1346.0,1190.0
LBBLD89,9/24/2026,1320.0,1320.0,1320.0,1320.0,0.0,25.0,1346.0,1190.0
LBBLD89,9/29/2026,1310.0,1310.0,1310.0,1310.0,0.0,20.0,1346.0,1190.0
LBBLPO,1/6/2026,261.0,261.0,261.0,261.0,,50591.0,261.0,261.0
LBL,6/15/2011,268.0,263.0,242.0,242.0,,3021.0,972.0,167.5
LBL,6/16/2011,242.0,260.0,243.0,259.0,7.02,2116.0,972.0,167.5
LBL,6/19/2011,259.0,284.0,263.0,280.0,8.11,936.0,972.0,167.5
LBL,6/20/2011,259.0,284.0,263.0,280.0,0.0,936.0,972.0,167.5
LBL,6/21/2011,308.0,338.0,305.0,338.0,20.71,1610.0,972.0,167.5
LBL,6/23/2011,338.0,359.0,323.0,359.0,6.21,2686.0,972.0,167.5
LBL,6/26/2011,359.0,366.0,329.0,334.0,-6.96,2036.0,972.0,167.5
LBL,6/29/2011,334.0,328.0,301.0,301.0,-9.88,237.0,972.0,167.5
LBL,6/30/2011,301.0,295.0,271.0,271.0,-9.97,1694.0,972.0,167.5
LBL,7/3/2011,271.0,266.0,245.0,245.0,-9.59,753223.0,972.0,167.5
LBL,7/4/2011,245.0,263.0,245.0,263.0,7.35,55715.0,972.0,167.5
LBL,7/5/2011,263.0,289.0,265.0,285.0,8.37,18148.0,972.0,167.5
LBL,7/6/2011,285.0,306.0,286.0,306.0,7.37,5430.0,972.0,167.5
LBL,7/7/2011,306.0,310.0,276.0,310.0,1.31,4521.0,972.0,167.5
LBL,7/10/2011,310.0,309.0,282.0,300.0,-3.23,8165.0,972.0,167.5
LBL,7/11/2011,300.0,310.0,294.0,310.0,3.33,10444.0,972.0,167.5
LBL,7/12/2011,310.0,316.0,298.0,302.0,-2.58,640.0,972.0,167.5
LBL,7/13/2011,302.0,330.0,302.0,330.0,9.27,13820.0,972.0,167.5
LBL,7/14/2011,330.0,340.0,245.0,340.0,3.03,201180.0,972.0,167.5
LBL,7/17/2011,340.0,373.0,346.0,353.0,3.82,1674.0,972.0,167.5
LBL,7/18/2011,353.0,388.0,346.0,354.0,0.28,3305.0,972.0,167.5
LBL,7/19/2011,354.0,360.0,337.0,357.0,0.85,4168.0,972.0,167.5
LBL,7/20/2011,357.0,355.0,335.0,347.0,-2.8,2305.0,972.0,167.5
LBL,7/21/2011,347.0,341.0,332.0,332.0,-4.32,3683.0,972.0,167.5
LBL,7/24/2011,332.0,330.0,300.0,300.0,-9.64,2685.0,972.0,167.5
LBL,7/25/2011,300.0,299.0,294.0,299.0,-0.33,539.0,972.0,167.5
LBL,7/26/2011,299.0,300.0,291.0,296.0,-1.0,1300.0,972.0,167.5
LBL,7/27/2011,296.0,310.0,299.0,307.0,3.72,3285.0,972.0,167.5
LBL,7/28/2011,307.0,311.0,295.0,310.0,0.98,7072.0,972.0,167.5
LBL,7/31/2011,310.0,304.0,294.0,297.0,-4.19,3923.0,972.0,167.5
LBL,8/1/2011,297.0,296.0,289.0,293.0,-1.35,1167.0,972.0,167.5
LBL,8/2/2011,293.0,295.0,289.0,291.0,-0.68,1102.0,972.0,167.5
LBL,8/3/2011,291.0,286.0,280.0,283.0,-2.75,1447.0,972.0,167.5
LBL,8/4/2011,283.0,289.0,281.0,289.0,2.12,3034.0,972.0,167.5
LBL,8/7/2011,289.0,284.0,268.0,280.0,-3.11,25410.0,972.0,167.5
LBL,8/8/2011,280.0,285.0,280.0,280.0,0.0,1300.0,972.0,167.5
LBL,8/9/2011,280.0,284.0,279.0,282.0,0.71,424.0,972.0,167.5
LBL,8/10/2011,282.0,295.0,274.0,295.0,4.61,1076.0,972.0,167.5
LBL,8/11/2011,295.0,290.0,280.0,284.0,-3.73,1019.0,972.0,167.5
LBL,8/15/2011,284.0,281.0,277.0,280.0,-1.41,3770.0,972.0,167.5
LBL,8/16/2011,280.0,290.0,270.0,290.0,3.57,5683.0,972.0,167.5
LBL,8/17/2011,290.0,295.0,290.0,295.0,1.72,208.0,972.0,167.5
LBL,8/18/2011,295.0,295.0,280.0,280.0,-5.08,2464.0,972.0,167.5
LBL,8/22/2011,280.0,290.0,285.0,290.0,3.57,80.0,972.0,167.5
LBL,8/23/2011,290.0,294.0,294.0,294.0,1.38,34.0,972.0,167.5
LBL,8/24/2011,294.0,299.0,295.0,295.0,0.34,162.0,972.0,167.5
LBL,8/25/2011,295.0,300.0,280.0,280.0,-5.08,748.0,972.0,167.5
LBL,8/28/2011,280.0,281.0,271.0,271.0,-3.21,1623.0,972.0,167.5
LBL,8/29/2011,271.0,291.0,276.0,291.0,7.38,180.0,972.0,167.5
LBL,8/30/2011,291.0,301.0,296.0,301.0,3.44,54.0,972.0,167.5
LBL,9/1/2011,301.0,295.0,275.0,275.0,-8.64,11056.0,972.0,167.5
LBL,9/4/2011,275.0,290.0,275.0,290.0,5.45,2606.0,972.0,167.5
LBL,9/5/2011,290.0,285.0,270.0,270.0,-6.9,2846.0,972.0,167.5
LBL,9/7/2011,270.0,265.0,260.0,265.0,-1.85,591.0,972.0,167.5
LBL,9/8/2011,265.0,270.0,260.0,265.0,0.0,1071.0,972.0,167.5
LBL,9/12/2011,265.0,260.0,260.0,260.0,-1.89,50.0,972.0,167.5
LBL,9/13/2011,260.0,275.0,265.0,270.0,3.85,183.0,972.0,167.5
LBL,9/14/2011,270.0,269.0,260.0,269.0,-0.37,4588.0,972.0,167.5
LBL,9/15/2011,269.0,274.0,252.0,268.0,-0.37,28551.0,972.0,167.5
LBL,9/18/2011,268.0,273.0,273.0,273.0,1.87,50.0,972.0,167.5
LBL,9/20/2011,273.0,268.0,250.0,268.0,-1.83,4528.0,972.0,167.5
LBL,9/21/2011,268.0,263.0,255.0,255.0,-4.85,7974.0,972.0,167.5
LBL,9/22/2011,255.0,266.0,255.0,266.0,4.31,3724.0,972.0,167.5
LBL,9/25/2011,266.0,264.0,245.0,262.0,-1.5,166384.0,972.0,167.5
LBL,9/26/2011,262.0,265.0,250.0,265.0,1.15,13850.0,972.0,167.5
LBL,9/27/2011,265.0,270.0,265.0,270.0,1.89,145.0,972.0,167.5
LBL,9/29/2011,270.0,265.0,260.0,260.0,-3.7,2026.0,972.0,167.5
LBL,10/12/2011,260.0,260.0,260.0,260.0,0.0,3965.0,972.0,167.5
LBL,10/13/2011,260.0,274.0,260.0,274.0,5.38,1024.0,972.0,167.5
LBL,10/17/2011,274.0,269.0,259.0,264.0,-3.65,363.0,972.0,167.5
LBL,10/18/2011,264.0,260.0,260.0,260.0,-1.52,176.0,972.0,167.5
LBL,10/19/2011,260.0,269.0,260.0,269.0,3.46,1833.0,972.0,167.5
LBL,10/20/2011,269.0,266.0,259.0,259.0,-3.72,626.0,972.0,167.5
LBL,10/23/2011,259.0,260.0,258.0,260.0,0.39,315.0,972.0,167.5
LBL,10/25/2011,260.0,265.0,260.0,260.0,0.0,120.0,972.0,167.5
LBL,10/31/2011,260.0,265.0,265.0,265.0,1.92,275.0,972.0,167.5
LBL,11/2/2011,265.0,291.0,270.0,289.0,9.06,4501.0,972.0,167.5
LBL,11/3/2011,289.0,294.0,274.0,274.0,-5.19,270.0,972.0,167.5
LBL,11/6/2011,274.0,270.0,265.0,269.0,-1.82,628.0,972.0,167.5
LBL,11/8/2011,269.0,265.0,265.0,265.0,-1.49,705.0,972.0,167.5
LBL,11/9/2011,265.0,265.0,259.0,259.0,-2.26,518.0,972.0,167.5
LBL,11/10/2011,259.0,264.0,260.0,264.0,1.93,360.0,972.0,167.5
LBL,11/13/2011,264.0,265.0,264.0,265.0,0.38,337.0,972.0,167.5
LBL,11/14/2011,265.0,262.0,262.0,262.0,-1.13,23.0,972.0,167.5
LBL,11/16/2011,262.0,259.0,255.0,255.0,-2.67,1484.0,972.0,167.5
LBL,11/17/2011,255.0,270.0,258.0,270.0,5.88,1040.0,972.0,167.5
LBL,11/20/2011,270.0,266.0,264.0,264.0,-2.22,773.0,972.0,167.5
LBL,11/21/2011,264.0,270.0,260.0,270.0,2.27,1295.0,972.0,167.5
LBL,11/22/2011,270.0,270.0,259.0,259.0,-4.07,969.0,972.0,167.5
LBL,11/23/2011,259.0,264.0,260.0,261.0,0.77,423.0,972.0,167.5
LBL,11/24/2011,261.0,260.0,255.0,257.0,-1.53,603.0,972.0,167.5
LBL,11/28/2011,257.0,265.0,260.0,260.0,1.17,383.0,972.0,167.5
LBL,12/1/2011,264.0,259.0,259.0,259.0,-0.38,26.0,972.0,167.5
LBL,12/4/2011,259.0,261.0,261.0,261.0,0.77,100.0,972.0,167.5
LBL,12/5/2011,261.0,258.0,252.0,258.0,-1.15,1353.0,972.0,167.5
LBL,12/6/2011,258.0,255.0,255.0,255.0,-1.16,175.0,972.0,167.5
LBL,12/7/2011,255.0,253.0,253.0,253.0,-0.78,106.0,972.0,167.5
LBL,12/8/2011,253.0,255.0,250.0,250.0,-1.19,3372.0,972.0,167.5
LBL,12/11/2011,250.0,252.0,246.0,250.0,0.0,1418.0,972.0,167.5
LBL,12/12/2011,250.0,247.0,246.0,246.0,-1.6,199.0,972.0,167.5
LBL,12/13/2011,246.0,250.0,249.0,249.0,1.22,130.0,972.0,167.5
LBL,12/14/2011,249.0,257.0,247.0,257.0,3.21,500.0,972.0,167.5
LBL,12/15/2011,257.0,260.0,246.0,250.0,-2.72,5829.0,972.0,167.5
LBL,12/22/2011,250.0,240.0,240.0,240.0,-4.0,42.0,972.0,167.5
LBL,12/27/2011,240.0,242.0,236.0,240.0,0.0,2986.0,972.0,167.5
LBL,12/28/2011,240.0,244.0,236.0,236.0,-1.67,2427.0,972.0,167.5
LBL,12/29/2011,236.0,234.0,232.0,232.0,-1.69,940.0,972.0,167.5
LBL,1/1/2012,232.0,236.0,236.0,236.0,1.72,863.0,972.0,167.5
LBL,1/2/2012,236.0,248.0,236.0,236.0,0.0,1583.0,972.0,167.5
LBL,1/3/2012,236.0,246.0,238.0,243.0,2.97,2036.0,972.0,167.5
LBL,1/4/2012,243.0,239.0,235.0,236.0,-2.88,850.0,972.0,167.5
LBL,1/5/2012,236.0,234.0,230.0,234.0,-0.85,1211.0,972.0,167.5
LBL,1/8/2012,234.0,235.0,235.0,235.0,0.43,212.0,972.0,167.5
LBL,1/9/2012,235.0,232.0,231.0,231.0,-1.7,264.0,972.0,167.5
LBL,1/11/2012,231.0,234.0,230.0,234.0,1.3,1880.0,972.0,167.5
LBL,1/12/2012,234.0,240.0,231.0,240.0,2.56,1550.0,972.0,167.5
LBL,1/17/2012,240.0,240.0,236.0,236.0,-1.67,230.0,972.0,167.5
LBL,1/18/2012,236.0,233.0,231.0,232.0,-1.69,710.0,972.0,167.5
LBL,1/22/2012,232.0,234.0,230.0,230.0,-0.86,884.0,972.0,167.5
LBL,1/23/2012,230.0,232.0,230.0,230.0,0.0,240.0,972.0,167.5
LBL,1/25/2012,230.0,232.0,230.0,232.0,0.87,615.0,972.0,167.5
LBL,1/26/2012,232.0,231.0,230.0,230.0,-0.86,1798.0,972.0,167.5
LBL,1/31/2012,230.0,232.0,228.0,230.0,0.0,142548.0,972.0,167.5
LBL,2/1/2012,230.0,232.0,230.0,231.0,0.43,2361.0,972.0,167.5
LBL,2/2/2012,231.0,230.0,230.0,230.0,-0.43,1607.0,972.0,167.5
LBL,2/5/2012,230.0,232.0,230.0,232.0,0.87,343.0,972.0,167.5
LBL,2/6/2012,232.0,234.0,230.0,234.0,0.86,18126.0,972.0,167.5
LBL,2/7/2012,234.0,232.0,230.0,230.0,-1.71,8632.0,972.0,167.5
LBL,2/8/2012,230.0,235.0,234.0,235.0,2.17,230.0,972.0,167.5
LBL,2/9/2012,235.0,235.0,232.0,235.0,0.0,55.0,972.0,167.5
LBL,2/12/2012,235.0,232.0,232.0,232.0,-1.28,260.0,972.0,167.5
LBL,2/13/2012,232.0,236.0,236.0,236.0,1.72,50.0,972.0,167.5
LBL,2/14/2012,236.0,232.0,230.0,230.0,-2.54,793.0,972.0,167.5
LBL,2/15/2012,230.0,231.0,230.0,230.0,0.0,95.0,972.0,167.5
LBL,2/16/2012,230.0,229.0,227.0,229.0,-0.43,1929.0,972.0,167.5
LBL,2/21/2012,229.0,228.0,228.0,228.0,-0.44,60.0,972.0,167.5
LBL,2/23/2012,228.0,229.0,229.0,229.0,0.44,188.0,972.0,167.5
LBL,2/26/2012,229.0,228.0,225.0,226.0,-1.31,1465.0,972.0,167.5
LBL,2/27/2012,226.0,226.0,226.0,226.0,0.0,490.0,972.0,167.5
LBL,2/29/2012,226.0,234.0,230.0,234.0,3.54,20.0,972.0,167.5
LBL,3/1/2012,234.0,234.0,230.0,234.0,0.0,536.0,972.0,167.5
LBL,3/4/2012,234.0,238.0,234.0,235.0,0.43,138.0,972.0,167.5
LBL,3/5/2012,235.0,240.0,237.0,239.0,1.7,2001.0,972.0,167.5
LBL,3/6/2012,239.0,239.0,235.0,235.0,-1.67,4340.0,972.0,167.5
LBL,3/11/2012,235.0,238.0,236.0,238.0,1.28,492.0,972.0,167.5
LBL,3/12/2012,238.0,236.0,235.0,236.0,-0.84,588.0,972.0,167.5
LBL,3/13/2012,236.0,233.0,233.0,233.0,-1.27,190.0,972.0,167.5
LBL,3/14/2012,233.0,231.0,231.0,231.0,-0.86,100.0,972.0,167.5
LBL,3/15/2012,231.0,232.0,231.0,231.0,0.0,1300.0,972.0,167.5
LBL,3/18/2012,231.0,233.0,231.0,233.0,0.87,174.0,972.0,167.5
LBL,3/20/2012,233.0,231.0,230.0,231.0,-0.86,328.0,972.0,167.5
LBL,3/21/2012,231.0,230.0,230.0,230.0,-0.43,1743.0,972.0,167.5
LBL,3/25/2012,230.0,230.0,230.0,230.0,0.0,101.0,972.0,167.5
LBL,3/26/2012,230.0,230.0,230.0,230.0,0.0,151.0,972.0,167.5
LBL,3/27/2012,230.0,228.0,226.0,228.0,-0.87,511.0,972.0,167.5
LBL,3/28/2012,228.0,230.0,226.0,226.0,-0.88,1120.0,972.0,167.5
LBL,4/1/2012,226.0,230.0,226.0,230.0,1.77,3196.0,972.0,167.5
LBL,4/2/2012,230.0,235.0,231.0,231.0,0.43,215.0,972.0,167.5
LBL,4/3/2012,231.0,231.0,231.0,231.0,0.0,164.0,972.0,167.5
LBL,4/4/2012,231.0,233.0,229.0,229.0,-0.87,1258.0,972.0,167.5
LBL,4/5/2012,229.0,230.0,228.0,229.0,0.0,430.0,972.0,167.5
LBL,4/8/2012,229.0,232.0,229.0,232.0,1.31,615.0,972.0,167.5
LBL,4/9/2012,232.0,236.0,231.0,232.0,0.0,2304.0,972.0,167.5
LBL,4/10/2012,232.0,237.0,230.0,237.0,2.16,5217.0,972.0,167.5
LBL,4/11/2012,237.0,248.0,237.0,242.0,2.11,6652.0,972.0,167.5
LBL,4/12/2012,242.0,257.0,242.0,257.0,6.2,8296.0,972.0,167.5
LBL,4/15/2012,257.0,282.0,252.0,282.0,9.73,8457.0,972.0,167.5
LBL,4/16/2012,282.0,292.0,287.0,292.0,3.55,1100.0,972.0,167.5
LBL,4/17/2012,292.0,314.0,275.0,275.0,-5.82,11830.0,972.0,167.5
LBL,4/18/2012,275.0,300.0,265.0,280.0,1.82,22361.0,972.0,167.5
LBL,4/19/2012,280.0,305.0,285.0,295.0,5.36,13594.0,972.0,167.5
LBL,4/22/2012,295.0,317.0,295.0,313.0,6.1,26351.0,972.0,167.5
LBL,4/24/2012,313.0,344.0,315.0,344.0,9.9,25399.0,972.0,167.5
LBL,4/25/2012,344.0,371.0,350.0,371.0,7.85,11820.0,972.0,167.5
LBL,4/26/2012,371.0,402.0,350.0,394.0,6.2,42903.0,972.0,167.5
LBL,4/29/2012,394.0,400.0,376.0,380.0,-3.55,14603.0,972.0,167.5
LBL,4/30/2012,380.0,378.0,350.0,358.0,-5.79,6583.0,972.0,167.5
LBL,5/3/2012,358.0,393.0,365.0,393.0,9.78,13096.0,972.0,167.5
LBL,5/7/2012,393.0,434.0,400.0,430.0,9.41,21403.0,972.0,167.5
LBL,5/8/2012,430.0,454.0,401.0,410.0,-4.65,6229.0,972.0,167.5
LBL,5/9/2012,410.0,410.0,380.0,387.0,-5.61,19991.0,972.0,167.5
LBL,5/10/2012,387.0,387.0,359.0,371.0,-4.13,12030.0,972.0,167.5
LBL,5/13/2012,371.0,364.0,335.0,340.0,-8.36,9489.0,972.0,167.5
LBL,5/14/2012,340.0,334.0,316.0,316.0,-7.06,6416.0,972.0,167.5
LBL,5/15/2012,316.0,347.0,322.0,347.0,9.81,1846.0,972.0,167.5
LBL,5/16/2012,347.0,381.0,353.0,381.0,9.8,1070.0,972.0,167.5
LBL,5/17/2012,381.0,419.0,370.0,375.0,-1.57,9604.0,972.0,167.5
LBL,5/20/2012,375.0,388.0,346.0,368.0,-1.87,4616.0,972.0,167.5
LBL,5/21/2012,368.0,387.0,363.0,380.0,3.26,3694.0,972.0,167.5
LBL,5/22/2012,380.0,373.0,352.0,364.0,-4.21,4989.0,972.0,167.5
LBL,5/23/2012,364.0,357.0,333.0,340.0,-6.59,5100.0,972.0,167.5
LBL,5/24/2012,340.0,371.0,345.0,371.0,9.12,3229.0,972.0,167.5
LBL,5/27/2012,371.0,396.0,364.0,378.0,1.89,13017.0,972.0,167.5
LBL,5/29/2012,378.0,371.0,341.0,341.0,-9.79,60.0,972.0,167.5
LBL,5/30/2012,341.0,335.0,307.0,307.0,-9.97,2702.0,972.0,167.5
LBL,5/31/2012,307.0,320.0,281.0,312.0,1.63,8942.0,972.0,167.5
LBL,6/3/2012,312.0,342.0,318.0,332.0,6.41,9785.0,972.0,167.5
LBL,6/4/2012,332.0,337.0,316.0,316.0,-4.82,9224.0,972.0,167.5
LBL,6/5/2012,316.0,319.0,307.0,319.0,0.95,570.0,972.0,167.5
LBL,6/6/2012,319.0,316.0,305.0,314.0,-1.57,1917.0,972.0,167.5
LBL,6/7/2012,314.0,332.0,314.0,316.0,0.64,5132.0,972.0,167.5
LBL,6/10/2012,316.0,325.0,308.0,308.0,-2.53,1271.0,972.0,167.5
LBL,6/11/2012,308.0,332.0,308.0,308.0,0.0,5941.0,972.0,167.5
LBL,6/12/2012,308.0,320.0,308.0,320.0,3.9,3985.0,972.0,167.5
LBL,6/13/2012,320.0,316.0,314.0,316.0,-1.25,667.0,972.0,167.5
LBL,6/14/2012,316.0,315.0,311.0,311.0,-1.58,280.0,972.0,167.5
LBL,6/17/2012,311.0,317.0,304.0,308.0,-0.96,1580.0,972.0,167.5
LBL,6/18/2012,308.0,309.0,306.0,308.0,0.0,1600.0,972.0,167.5
LBL,6/19/2012,308.0,315.0,302.0,308.0,0.0,4537.0,972.0,167.5
LBL,6/20/2012,308.0,321.0,308.0,310.0,0.65,1408.0,972.0,167.5
LBL,6/21/2012,310.0,310.0,302.0,310.0,0.0,4511.0,972.0,167.5
LBL,6/25/2012,310.0,322.0,310.0,322.0,3.87,2296.0,972.0,167.5
LBL,6/26/2012,322.0,317.0,310.0,315.0,-2.17,1608.0,972.0,167.5
LBL,6/27/2012,315.0,326.0,320.0,325.0,3.17,831.0,972.0,167.5
LBL,6/28/2012,325.0,337.0,321.0,327.0,0.62,8772.0,972.0,167.5
LBL,7/1/2012,327.0,330.0,323.0,324.0,-0.92,1552.0,972.0,167.5
LBL,7/2/2012,324.0,325.0,320.0,324.0,0.0,1485.0,972.0,167.5
LBL,7/3/2012,324.0,326.0,320.0,325.0,0.31,3228.0,972.0,167.5
LBL,7/4/2012,325.0,329.0,325.0,327.0,0.62,1346.0,972.0,167.5
LBL,7/5/2012,327.0,333.0,326.0,330.0,0.92,774.0,972.0,167.5
LBL,7/8/2012,330.0,327.0,321.0,326.0,-1.21,1828.0,972.0,167.5
LBL,7/9/2012,326.0,329.0,323.0,326.0,0.0,1142.0,972.0,167.5
LBL,7/10/2012,326.0,332.0,329.0,329.0,0.92,3401.0,972.0,167.5
LBL,7/11/2012,329.0,334.0,326.0,329.0,0.0,1364.0,972.0,167.5
LBL,7/12/2012,329.0,329.0,328.0,328.0,-0.3,636.0,972.0,167.5
LBL,7/15/2012,328.0,340.0,325.0,340.0,3.66,1731.0,972.0,167.5
LBL,7/16/2012,340.0,334.0,327.0,327.0,-3.82,632.0,972.0,167.5
LBL,7/17/2012,327.0,331.0,326.0,331.0,1.22,3366.0,972.0,167.5
LBL,7/18/2012,331.0,336.0,326.0,330.0,-0.3,3743.0,972.0,167.5
LBL,7/19/2012,330.0,348.0,334.0,338.0,2.42,4944.0,972.0,167.5
LBL,7/22/2012,338.0,357.0,340.0,353.0,4.44,8071.0,972.0,167.5
LBL,7/23/2012,353.0,372.0,353.0,358.0,1.42,6399.0,972.0,167.5
LBL,7/24/2012,358.0,355.0,345.0,350.0,-2.23,7475.0,972.0,167.5
LBL,7/25/2012,350.0,358.0,351.0,355.0,1.43,2066.0,972.0,167.5
LBL,7/26/2012,355.0,350.0,344.0,346.0,-2.54,1801.0,972.0,167.5
LBL,7/29/2012,346.0,346.0,340.0,342.0,-1.16,440.0,972.0,167.5
LBL,7/30/2012,342.0,350.0,340.0,346.0,1.17,3625.0,972.0,167.5
LBL,7/31/2012,346.0,350.0,343.0,345.0,-0.29,1063.0,972.0,167.5
LBL,8/1/2012,345.0,346.0,340.0,344.0,-0.29,2100.0,972.0,167.5
LBL,8/5/2012,344.0,357.0,350.0,357.0,3.78,218.0,972.0,167.5
LBL,8/6/2012,357.0,358.0,349.0,352.0,-1.4,3578.0,972.0,167.5
LBL,8/7/2012,352.0,352.0,350.0,350.0,-0.57,1971.0,972.0,167.5
LBL,8/8/2012,350.0,354.0,345.0,350.0,0.0,1909.0,972.0,167.5
LBL,8/12/2012,350.0,345.0,337.0,337.0,-3.71,1325.0,972.0,167.5
LBL,8/13/2012,337.0,343.0,331.0,343.0,1.78,2895.0,972.0,167.5
LBL,8/14/2012,343.0,349.0,343.0,343.0,0.0,244.0,972.0,167.5
LBL,8/15/2012,343.0,337.0,337.0,337.0,-1.75,96.0,972.0,167.5
LBL,8/16/2012,337.0,338.0,331.0,338.0,0.3,4521.0,972.0,167.5
LBL,8/19/2012,338.0,342.0,330.0,331.0,-2.07,1506.0,972.0,167.5
LBL,8/21/2012,331.0,331.0,326.0,327.0,-1.21,1497.0,972.0,167.5
LBL,8/22/2012,327.0,331.0,324.0,324.0,-0.92,3206.0,972.0,167.5
LBL,8/23/2012,324.0,329.0,322.0,325.0,0.31,3216.0,972.0,167.5
LBL,8/26/2012,325.0,322.0,314.0,314.0,-3.38,2392.0,972.0,167.5
LBL,8/27/2012,314.0,324.0,308.0,320.0,1.91,12177.0,972.0,167.5
LBL,8/28/2012,320.0,326.0,324.0,324.0,1.25,2434.0,972.0,167.5
LBL,8/29/2012,324.0,327.0,315.0,326.0,0.62,5817.0,972.0,167.5
LBL,8/30/2012,326.0,331.0,324.0,328.0,0.61,1400.0,972.0,167.5
LBL,9/2/2012,328.0,345.0,334.0,344.0,4.88,3550.0,972.0,167.5
LBL,9/3/2012,344.0,345.0,336.0,340.0,-1.16,1746.0,972.0,167.5
LBL,9/4/2012,340.0,346.0,334.0,334.0,-1.76,2127.0,972.0,167.5
LBL,9/5/2012,334.0,340.0,335.0,335.0,0.3,265.0,972.0,167.5
LBL,9/6/2012,335.0,335.0,332.0,335.0,0.0,396.0,972.0,167.5
LBL,9/9/2012,335.0,330.0,320.0,329.0,-1.79,11269.0,972.0,167.5
LBL,9/10/2012,329.0,333.0,330.0,330.0,0.3,290.0,972.0,167.5
LBL,9/11/2012,330.0,337.0,327.0,335.0,1.52,1086.0,972.0,167.5
LBL,9/12/2012,335.0,331.0,327.0,327.0,-2.39,538.0,972.0,167.5
LBL,9/13/2012,327.0,335.0,327.0,335.0,2.45,312.0,972.0,167.5
LBL,9/16/2012,335.0,345.0,337.0,341.0,1.79,2493.0,972.0,167.5
LBL,9/18/2012,341.0,351.0,345.0,345.0,1.17,676.0,972.0,167.5
LBL,9/19/2012,345.0,345.0,339.0,345.0,0.0,2881.0,972.0,167.5
LBL,9/20/2012,345.0,339.0,335.0,335.0,-2.9,378.0,972.0,167.5
LBL,9/23/2012,335.0,329.0,329.0,329.0,-1.79,180.0,972.0,167.5
LBL,9/24/2012,329.0,328.0,327.0,328.0,-0.3,1515.0,972.0,167.5
LBL,9/25/2012,328.0,325.0,323.0,324.0,-1.22,540.0,972.0,167.5
LBL,9/26/2012,324.0,328.0,321.0,328.0,1.23,831.0,972.0,167.5
LBL,9/30/2012,323.0,329.0,325.0,329.0,0.3,422.0,972.0,167.5
LBL,10/1/2012,329.0,335.0,325.0,335.0,1.82,333.0,972.0,167.5
LBL,10/2/2012,335.0,335.0,331.0,331.0,-1.19,69.0,972.0,167.5
LBL,10/3/2012,331.0,328.0,325.0,326.0,-1.51,2111.0,972.0,167.5
LBL,10/4/2012,326.0,320.0,294.0,300.0,-7.98,5465.0,972.0,167.5
LBL,10/7/2012,300.0,312.0,296.0,312.0,4.0,2702.0,972.0,167.5
LBL,10/8/2012,312.0,317.0,311.0,317.0,1.6,360.0,972.0,167.5
LBL,10/9/2012,317.0,316.0,315.0,316.0,-0.32,277.0,972.0,167.5
LBL,10/10/2012,316.0,315.0,310.0,311.0,-1.58,781.0,972.0,167.5
LBL,10/11/2012,311.0,308.0,308.0,308.0,-0.96,325.0,972.0,167.5
LBL,10/14/2012,308.0,309.0,307.0,309.0,0.32,1299.0,972.0,167.5
LBL,10/15/2012,309.0,318.0,312.0,312.0,0.97,283.0,972.0,167.5
LBL,10/17/2012,312.0,311.0,306.0,311.0,-0.32,2223.0,972.0,167.5
LBL,10/18/2012,311.0,320.0,313.0,318.0,2.25,1044.0,972.0,167.5
LBL,10/30/2012,318.0,329.0,322.0,323.0,1.57,835.0,972.0,167.5
LBL,10/31/2012,323.0,337.0,328.0,332.0,2.79,1428.0,972.0,167.5
LBL,11/1/2012,332.0,326.0,316.0,325.0,-2.11,6361.0,972.0,167.5
LBL,11/4/2012,325.0,331.0,325.0,331.0,1.85,818.0,972.0,167.5
LBL,11/5/2012,331.0,345.0,326.0,337.0,1.81,4388.0,972.0,167.5
LBL,11/6/2012,337.0,342.0,340.0,340.0,0.89,980.0,972.0,167.5
LBL,11/7/2012,340.0,351.0,330.0,346.0,1.76,8563.0,972.0,167.5
LBL,11/8/2012,346.0,363.0,346.0,346.0,0.0,8575.0,972.0,167.5
LBL,11/11/2012,346.0,352.0,325.0,330.0,-4.62,5783.0,972.0,167.5
LBL,11/12/2012,330.0,354.0,331.0,354.0,7.27,301.0,972.0,167.5
LBL,11/18/2012,354.0,362.0,335.0,350.0,-1.13,3246.0,972.0,167.5
LBL,11/20/2012,350.0,385.0,351.0,357.0,2.0,4712.0,972.0,167.5
LBL,11/21/2012,357.0,360.0,350.0,355.0,-0.56,3425.0,972.0,167.5
LBL,11/22/2012,355.0,354.0,342.0,354.0,-0.28,8967.0,972.0,167.5
LBL,11/25/2012,354.0,368.0,345.0,351.0,-0.85,6286.0,972.0,167.5
LBL,11/26/2012,351.0,352.0,345.0,352.0,0.28,2044.0,972.0,167.5
LBL,11/27/2012,352.0,350.0,343.0,346.0,-1.7,1786.0,972.0,167.5
LBL,11/28/2012,346.0,350.0,340.0,340.0,-1.73,9637.0,972.0,167.5
LBL,11/29/2012,340.0,349.0,342.0,344.0,1.18,1247.0,972.0,167.5
LBL,12/2/2012,344.0,340.0,340.0,340.0,-1.16,1349.0,972.0,167.5
LBL,12/3/2012,340.0,340.0,337.0,340.0,0.0,177.0,972.0,167.5
LBL,12/4/2012,340.0,351.0,344.0,349.0,2.65,1595.0,972.0,167.5
LBL,12/5/2012,349.0,362.0,345.0,358.0,2.58,9180.0,972.0,167.5
LBL,12/6/2012,358.0,358.0,351.0,358.0,0.0,3928.0,972.0,167.5
LBL,12/9/2012,358.0,360.0,352.0,352.0,-1.68,3560.0,972.0,167.5
LBL,12/10/2012,352.0,358.0,350.0,355.0,0.85,1472.0,972.0,167.5
LBL,12/11/2012,355.0,364.0,355.0,355.0,0.0,3241.0,972.0,167.5
LBL,12/12/2012,355.0,363.0,355.0,362.0,1.97,4039.0,972.0,167.5
LBL,12/13/2012,362.0,360.0,351.0,355.0,-1.93,6157.0,972.0,167.5
LBL,12/16/2012,355.0,369.0,362.0,366.0,3.1,5930.0,972.0,167.5
LBL,12/17/2012,366.0,382.0,365.0,365.0,-0.27,3588.0,972.0,167.5
LBL,12/18/2012,365.0,365.0,355.0,364.0,-0.27,1053.0,972.0,167.5
LBL,12/19/2012,364.0,373.0,361.0,367.0,0.82,2325.0,972.0,167.5
LBL,12/20/2012,367.0,374.0,368.0,370.0,0.82,8449.0,972.0,167.5
LBL,12/23/2012,370.0,374.0,364.0,371.0,0.27,13390.0,972.0,167.5
LBL,12/24/2012,371.0,392.0,371.0,385.0,3.77,12146.0,972.0,167.5
LBL,12/26/2012,385.0,406.0,388.0,397.0,3.12,11315.0,972.0,167.5
LBL,12/27/2012,397.0,405.0,386.0,390.0,-1.76,19935.0,972.0,167.5
LBL,12/31/2012,390.0,395.0,384.0,384.0,-1.54,2098.0,972.0,167.5
LBL,1/1/2013,384.0,377.0,370.0,375.0,-2.34,598.0,972.0,167.5
LBL,1/2/2013,375.0,372.0,363.0,372.0,-0.8,1600.0,972.0,167.5
LBL,1/3/2013,372.0,386.0,367.0,372.0,0.0,2884.0,972.0,167.5
LBL,1/6/2013,372.0,374.0,366.0,370.0,-0.54,1797.0,972.0,167.5
LBL,1/7/2013,370.0,370.0,366.0,366.0,-1.08,1000.0,972.0,167.5
LBL,1/8/2013,366.0,369.0,360.0,369.0,0.82,1775.0,972.0,167.5
LBL,1/9/2013,369.0,376.0,358.0,359.0,-2.71,861.0,972.0,167.5
LBL,1/10/2013,359.0,366.0,360.0,363.0,1.11,2430.0,972.0,167.5
LBL,1/13/2013,363.0,367.0,360.0,367.0,1.1,1020.0,972.0,167.5
LBL,1/15/2013,367.0,366.0,363.0,366.0,-0.27,1201.0,972.0,167.5
LBL,1/16/2013,366.0,359.0,355.0,356.0,-2.73,565.0,972.0,167.5
LBL,1/17/2013,356.0,357.0,350.0,355.0,-0.28,2165.0,972.0,167.5
LBL,1/20/2013,355.0,348.0,340.0,340.0,-4.23,856.0,972.0,167.5
LBL,1/21/2013,340.0,362.0,340.0,349.0,2.65,562.0,972.0,167.5
LBL,1/22/2013,349.0,360.0,350.0,355.0,1.72,2019.0,972.0,167.5
LBL,1/23/2013,355.0,356.0,350.0,350.0,-1.41,3205.0,972.0,167.5
LBL,1/24/2013,350.0,347.0,343.0,345.0,-1.43,1319.0,972.0,167.5
LBL,1/27/2013,345.0,351.0,343.0,346.0,0.29,604.0,972.0,167.5
LBL,1/28/2013,346.0,341.0,335.0,335.0,-3.18,2089.0,972.0,167.5
LBL,1/30/2013,335.0,341.0,335.0,341.0,1.79,3337.0,972.0,167.5
LBL,1/31/2013,341.0,346.0,339.0,346.0,1.47,849.0,972.0,167.5
LBL,2/3/2013,346.0,366.0,352.0,366.0,5.78,1084.0,972.0,167.5
LBL,2/4/2013,366.0,370.0,360.0,360.0,-1.64,1374.0,972.0,167.5
LBL,2/5/2013,360.0,367.0,356.0,356.0,-1.11,656.0,972.0,167.5
LBL,2/6/2013,356.0,349.0,345.0,345.0,-3.09,256.0,972.0,167.5
LBL,2/7/2013,345.0,346.0,344.0,346.0,0.29,808.0,972.0,167.5
LBL,2/10/2013,346.0,345.0,340.0,344.0,-0.58,2737.0,972.0,167.5
LBL,2/12/2013,344.0,365.0,350.0,354.0,2.91,7098.0,972.0,167.5
LBL,2/13/2013,354.0,355.0,350.0,353.0,-0.28,1712.0,972.0,167.5
LBL,2/14/2013,353.0,367.0,350.0,360.0,1.98,10637.0,972.0,167.5
LBL,2/17/2013,360.0,388.0,367.0,387.0,7.5,5427.0,972.0,167.5
LBL,2/19/2013,387.0,394.0,361.0,361.0,-6.72,10263.0,972.0,167.5
LBL,2/20/2013,361.0,361.0,352.0,355.0,-1.66,4018.0,972.0,167.5
LBL,2/21/2013,355.0,361.0,352.0,360.0,1.41,1190.0,972.0,167.5
LBL,2/24/2013,360.0,359.0,349.0,355.0,-1.39,1108.0,972.0,167.5
LBL,2/25/2013,355.0,372.0,358.0,372.0,4.79,2032.0,972.0,167.5
LBL,2/26/2013,372.0,365.0,345.0,364.0,-2.15,31846.0,972.0,167.5
LBL,2/27/2013,364.0,371.0,371.0,371.0,1.92,12.0,972.0,167.5
LBL,3/3/2013,371.0,364.0,344.0,344.0,-7.28,11586.0,972.0,167.5
LBL,3/4/2013,344.0,352.0,346.0,350.0,1.74,2670.0,972.0,167.5
LBL,3/5/2013,350.0,357.0,350.0,350.0,0.0,1946.0,972.0,167.5
LBL,3/6/2013,350.0,355.0,347.0,347.0,-0.86,2336.0,972.0,167.5
LBL,3/7/2013,347.0,352.0,345.0,346.0,-0.29,3350.0,972.0,167.5
LBL,3/11/2013,346.0,355.0,348.0,350.0,1.16,3850.0,972.0,167.5
LBL,3/13/2013,350.0,354.0,346.0,354.0,1.14,3779.0,972.0,167.5
LBL,3/14/2013,354.0,368.0,346.0,353.0,-0.28,4218.0,972.0,167.5
LBL,3/17/2013,353.0,349.0,345.0,348.0,-1.42,1663.0,972.0,167.5
LBL,3/18/2013,348.0,345.0,342.0,342.0,-1.72,2207.0,972.0,167.5
LBL,3/19/2013,342.0,345.0,340.0,343.0,0.29,2046.0,972.0,167.5
LBL,3/20/2013,343.0,355.0,338.0,338.0,-1.46,682.0,972.0,167.5
LBL,3/21/2013,338.0,335.0,332.0,335.0,-0.89,2478.0,972.0,167.5
LBL,3/24/2013,335.0,330.0,328.0,330.0,-1.49,1189.0,972.0,167.5
LBL,3/25/2013,330.0,338.0,330.0,335.0,1.52,2570.0,972.0,167.5
LBL,3/27/2013,335.0,335.0,331.0,331.0,-1.19,3120.0,972.0,167.5
LBL,3/28/2013,331.0,337.0,328.0,337.0,1.81,2148.0,972.0,167.5
LBL,3/31/2013,337.0,331.0,325.0,328.0,-2.67,1857.0,972.0,167.5
LBL,4/1/2013,328.0,334.0,320.0,334.0,1.83,6126.0,972.0,167.5
LBL,4/2/2013,334.0,340.0,328.0,331.0,-0.9,1443.0,972.0,167.5
LBL,4/3/2013,331.0,335.0,333.0,335.0,1.21,853.0,972.0,167.5
LBL,4/4/2013,335.0,336.0,333.0,336.0,0.3,431.0,972.0,167.5
LBL,4/7/2013,336.0,340.0,340.0,340.0,1.19,200.0,972.0,167.5
LBL,4/8/2013,340.0,336.0,328.0,336.0,-1.18,1004.0,972.0,167.5
LBL,4/9/2013,336.0,337.0,331.0,337.0,0.3,4866.0,972.0,167.5
LBL,4/11/2013,337.0,341.0,340.0,340.0,0.89,307.0,972.0,167.5
LBL,4/15/2013,340.0,349.0,342.0,342.0,0.59,544.0,972.0,167.5
LBL,4/16/2013,342.0,343.0,333.0,333.0,-2.63,494.0,972.0,167.5
LBL,4/18/2013,333.0,335.0,333.0,333.0,0.0,244.0,972.0,167.5
LBL,4/21/2013,333.0,331.0,323.0,325.0,-2.4,2620.0,972.0,167.5
LBL,4/22/2013,325.0,324.0,311.0,324.0,-0.31,1513.0,972.0,167.5
LBL,4/23/2013,324.0,330.0,324.0,325.0,0.31,2457.0,972.0,167.5
LBL,4/25/2013,325.0,319.0,318.0,318.0,-2.15,185.0,972.0,167.5
LBL,4/28/2013,318.0,318.0,310.0,318.0,0.0,4000.0,972.0,167.5
LBL,4/29/2013,318.0,313.0,306.0,313.0,-1.57,1596.0,972.0,167.5
LBL,4/30/2013,313.0,319.0,310.0,316.0,0.96,1708.0,972.0,167.5
LBL,5/2/2013,316.0,312.0,312.0,312.0,-1.27,1000.0,972.0,167.5
LBL,5/5/2013,312.0,316.0,301.0,305.0,-2.24,4479.0,972.0,167.5
LBL,5/6/2013,305.0,306.0,300.0,304.0,-0.33,2012.0,972.0,167.5
LBL,5/7/2013,304.0,315.0,308.0,312.0,2.63,3217.0,972.0,167.5
LBL,5/8/2013,312.0,315.0,312.0,312.0,0.0,365.0,972.0,167.5
LBL,5/12/2013,312.0,313.0,307.0,308.0,-1.28,3455.0,972.0,167.5
LBL,5/13/2013,308.0,312.0,303.0,312.0,1.3,711.0,972.0,167.5
LBL,5/14/2013,312.0,310.0,306.0,309.0,-0.96,2162.0,972.0,167.5
LBL,5/15/2013,309.0,314.0,309.0,310.0,0.32,716.0,972.0,167.5
LBL,5/16/2013,310.0,312.0,306.0,310.0,0.0,563.0,972.0,167.5
LBL,5/19/2013,310.0,311.0,308.0,310.0,0.0,724.0,972.0,167.5
LBL,5/20/2013,310.0,312.0,308.0,311.0,0.32,1707.0,972.0,167.5
LBL,5/21/2013,311.0,315.0,309.0,310.0,-0.32,702.0,972.0,167.5
LBL,5/22/2013,310.0,307.0,307.0,307.0,-0.97,61.0,972.0,167.5
LBL,5/23/2013,307.0,310.0,306.0,310.0,0.98,455.0,972.0,167.5
LBL,5/26/2013,310.0,310.0,308.0,309.0,-0.32,477.0,972.0,167.5
LBL,5/27/2013,309.0,316.0,308.0,310.0,0.32,1285.0,972.0,167.5
LBL,5/28/2013,310.0,309.0,307.0,308.0,-0.65,1600.0,972.0,167.5
LBL,5/30/2013,308.0,307.0,304.0,306.0,-0.65,1660.0,972.0,167.5
LBL,6/2/2013,306.0,305.0,300.0,305.0,-0.33,1355.0,972.0,167.5
LBL,6/3/2013,305.0,305.0,300.0,301.0,-1.31,14213.0,972.0,167.5
LBL,6/4/2013,301.0,304.0,300.0,304.0,1.0,8570.0,972.0,167.5
LBL,6/5/2013,304.0,307.0,304.0,307.0,0.99,268.0,972.0,167.5
LBL,6/6/2013,307.0,310.0,307.0,310.0,0.98,210.0,972.0,167.5
LBL,6/9/2013,310.0,315.0,309.0,309.0,-0.32,734.0,972.0,167.5
LBL,6/10/2013,309.0,309.0,305.0,305.0,-1.29,255.0,972.0,167.5
LBL,6/11/2013,305.0,308.0,300.0,308.0,0.98,6397.0,972.0,167.5
LBL,6/12/2013,308.0,308.0,305.0,308.0,0.0,1466.0,972.0,167.5
LBL,6/13/2013,308.0,308.0,305.0,306.0,-0.65,5570.0,972.0,167.5
LBL,6/16/2013,306.0,313.0,307.0,313.0,2.29,562.0,972.0,167.5
LBL,6/17/2013,313.0,318.0,306.0,306.0,-2.24,450.0,972.0,167.5
LBL,6/18/2013,306.0,306.0,303.0,305.0,-0.33,763.0,972.0,167.5
LBL,6/19/2013,305.0,307.0,303.0,306.0,0.33,2485.0,972.0,167.5
LBL,6/20/2013,306.0,306.0,300.0,300.0,-1.96,2605.0,972.0,167.5
LBL,6/23/2013,300.0,303.0,298.0,303.0,1.0,606.0,972.0,167.5
LBL,6/24/2013,303.0,309.0,300.0,300.0,-0.99,8402.0,972.0,167.5
LBL,6/25/2013,300.0,312.0,300.0,305.0,1.67,4170.0,972.0,167.5
LBL,6/26/2013,305.0,314.0,308.0,308.0,0.98,1876.0,972.0,167.5
LBL,6/27/2013,308.0,306.0,305.0,305.0,-0.97,618.0,972.0,167.5
LBL,6/30/2013,305.0,304.0,300.0,302.0,-0.98,1862.0,972.0,167.5
LBL,7/1/2013,302.0,305.0,302.0,302.0,0.0,352.0,972.0,167.5
LBL,7/2/2013,302.0,306.0,302.0,306.0,1.32,501.0,972.0,167.5
LBL,7/3/2013,306.0,306.0,300.0,302.0,-1.31,1880.0,972.0,167.5
LBL,7/4/2013,302.0,307.0,296.0,307.0,1.66,2253.0,972.0,167.5
LBL,7/7/2013,307.0,302.0,300.0,300.0,-2.28,955.0,972.0,167.5
LBL,7/8/2013,300.0,308.0,300.0,308.0,2.67,2750.0,972.0,167.5
LBL,7/9/2013,308.0,314.0,302.0,308.0,0.0,405.0,972.0,167.5
LBL,7/10/2013,308.0,314.0,304.0,314.0,1.95,4808.0,972.0,167.5
LBL,7/11/2013,314.0,310.0,308.0,310.0,-1.27,962.0,972.0,167.5
LBL,7/14/2013,310.0,316.0,304.0,311.0,0.32,1347.0,972.0,167.5
LBL,7/15/2013,311.0,311.0,309.0,309.0,-0.64,669.0,972.0,167.5
LBL,7/16/2013,309.0,310.0,309.0,310.0,0.32,1612.0,972.0,167.5
LBL,7/17/2013,310.0,309.0,304.0,308.0,-0.65,1480.0,972.0,167.5
LBL,7/18/2013,308.0,313.0,307.0,313.0,1.62,4245.0,972.0,167.5
LBL,7/21/2013,313.0,339.0,313.0,333.0,6.39,7746.0,972.0,167.5
LBL,7/22/2013,333.0,342.0,332.0,338.0,1.5,6151.0,972.0,167.5
LBL,7/23/2013,338.0,338.0,333.0,333.0,-1.48,2165.0,972.0,167.5
LBL,7/24/2013,333.0,338.0,332.0,336.0,0.9,2298.0,972.0,167.5
LBL,7/25/2013,336.0,338.0,332.0,335.0,-0.3,3682.0,972.0,167.5
LBL,7/28/2013,335.0,335.0,323.0,335.0,0.0,528.0,972.0,167.5
LBL,7/29/2013,335.0,348.0,333.0,342.0,2.09,7340.0,972.0,167.5
LBL,7/30/2013,342.0,350.0,342.0,350.0,2.34,5818.0,972.0,167.5
LBL,7/31/2013,350.0,372.0,356.0,357.0,2.0,7534.0,972.0,167.5
LBL,8/1/2013,357.0,356.0,348.0,348.0,-2.52,8113.0,972.0,167.5
LBL,8/4/2013,348.0,351.0,343.0,344.0,-1.15,6516.0,972.0,167.5
LBL,8/5/2013,344.0,344.0,340.0,344.0,0.0,1217.0,972.0,167.5
LBL,8/6/2013,344.0,346.0,335.0,340.0,-1.16,3057.0,972.0,167.5
LBL,8/7/2013,340.0,348.0,340.0,343.0,0.88,7675.0,972.0,167.5
LBL,8/8/2013,343.0,341.0,339.0,339.0,-1.17,3456.0,972.0,167.5
LBL,8/11/2013,339.0,345.0,340.0,343.0,1.18,4497.0,972.0,167.5
LBL,8/12/2013,343.0,345.0,340.0,344.0,0.29,2964.0,972.0,167.5
LBL,8/13/2013,344.0,344.0,340.0,341.0,-0.87,2440.0,972.0,167.5
LBL,8/14/2013,341.0,344.0,333.0,334.0,-2.05,3601.0,972.0,167.5
LBL,8/15/2013,334.0,333.0,330.0,330.0,-1.2,1966.0,972.0,167.5
LBL,8/18/2013,330.0,340.0,331.0,336.0,1.82,2518.0,972.0,167.5
LBL,8/19/2013,336.0,345.0,339.0,343.0,2.08,3567.0,972.0,167.5
LBL,8/20/2013,343.0,364.0,335.0,354.0,3.21,12657.0,972.0,167.5
LBL,8/25/2013,354.0,367.0,357.0,357.0,0.85,5096.0,972.0,167.5
LBL,8/26/2013,357.0,365.0,355.0,363.0,1.68,3400.0,972.0,167.5
LBL,8/27/2013,363.0,368.0,360.0,366.0,0.83,16271.0,972.0,167.5
LBL,8/29/2013,366.0,371.0,358.0,371.0,1.37,11439.0,972.0,167.5
LBL,9/1/2013,371.0,365.0,358.0,360.0,-2.96,1894.0,972.0,167.5
LBL,9/2/2013,360.0,363.0,354.0,363.0,0.83,2679.0,972.0,167.5
LBL,9/3/2013,363.0,362.0,355.0,362.0,-0.28,4622.0,972.0,167.5
LBL,9/4/2013,362.0,359.0,356.0,356.0,-1.66,1007.0,972.0,167.5
LBL,9/5/2013,356.0,367.0,360.0,360.0,1.12,404.0,972.0,167.5
LBL,9/8/2013,360.0,364.0,360.0,364.0,1.11,2531.0,972.0,167.5
LBL,9/9/2013,364.0,366.0,362.0,363.0,-0.27,3670.0,972.0,167.5
LBL,9/10/2013,363.0,359.0,352.0,352.0,-3.03,1957.0,972.0,167.5
LBL,9/11/2013,352.0,352.0,340.0,340.0,-3.41,1496.0,972.0,167.5
LBL,9/12/2013,340.0,369.0,344.0,362.0,6.47,10964.0,972.0,167.5
LBL,9/15/2013,362.0,356.0,355.0,355.0,-1.93,506.0,972.0,167.5
LBL,9/16/2013,355.0,355.0,355.0,355.0,0.0,75.0,972.0,167.5
LBL,9/17/2013,355.0,360.0,353.0,353.0,-0.56,444.0,972.0,167.5
LBL,9/19/2013,353.0,346.0,341.0,344.0,-2.55,1502.0,972.0,167.5
LBL,9/22/2013,344.0,339.0,331.0,333.0,-3.2,1866.0,972.0,167.5
LBL,9/23/2013,333.0,336.0,327.0,336.0,0.9,633.0,972.0,167.5
LBL,9/24/2013,336.0,337.0,331.0,337.0,0.3,310.0,972.0,167.5
LBL,9/25/2013,337.0,355.0,331.0,355.0,5.34,133.0,972.0,167.5
LBL,9/26/2013,355.0,350.0,350.0,350.0,-1.41,105.0,972.0,167.5
LBL,9/29/2013,350.0,350.0,350.0,350.0,0.0,166.0,972.0,167.5
LBL,9/30/2013,350.0,350.0,332.0,336.0,-4.0,4375.0,972.0,167.5
LBL,10/1/2013,336.0,336.0,330.0,336.0,0.0,1522.0,972.0,167.5
LBL,10/2/2013,336.0,335.0,329.0,335.0,-0.3,2414.0,972.0,167.5
LBL,10/3/2013,335.0,337.0,335.0,337.0,0.6,283.0,972.0,167.5
LBL,10/6/2013,337.0,343.0,331.0,343.0,1.78,1328.0,972.0,167.5
LBL,10/7/2013,343.0,349.0,345.0,349.0,1.75,197.0,972.0,167.5
LBL,10/8/2013,349.0,352.0,342.0,342.0,-2.01,1415.0,972.0,167.5
LBL,10/10/2013,342.0,354.0,348.0,354.0,3.51,212.0,972.0,167.5
LBL,10/17/2013,354.0,356.0,356.0,356.0,0.56,90.0,972.0,167.5
LBL,10/20/2013,356.0,363.0,357.0,357.0,0.28,1380.0,972.0,167.5
LBL,10/21/2013,357.0,368.0,355.0,356.0,-0.28,5242.0,972.0,167.5
LBL,10/22/2013,356.0,353.0,350.0,351.0,-1.4,2148.0,972.0,167.5
LBL,10/23/2013,351.0,348.0,340.0,340.0,-3.13,984.0,972.0,167.5
LBL,10/24/2013,340.0,342.0,336.0,342.0,0.59,2037.0,972.0,167.5
LBL,10/27/2013,342.0,342.0,336.0,342.0,0.0,684.0,972.0,167.5
LBL,10/28/2013,342.0,342.0,332.0,332.0,-2.92,2105.0,972.0,167.5
LBL,10/29/2013,332.0,340.0,338.0,340.0,2.41,1265.0,972.0,167.5
LBL,10/30/2013,340.0,342.0,334.0,341.0,0.29,2119.0,972.0,167.5
LBL,10/31/2013,341.0,345.0,340.0,342.0,0.29,1216.0,972.0,167.5
LBL,11/7/2013,342.0,345.0,342.0,343.0,0.29,1324.0,972.0,167.5
LBL,11/11/2013,340.0,345.0,336.0,340.0,-0.87,5853.0,972.0,167.5
LBL,11/12/2013,340.0,352.0,340.0,347.0,2.06,10396.0,972.0,167.5
LBL,11/13/2013,347.0,360.0,342.0,349.0,0.58,5831.0,972.0,167.5
LBL,11/14/2013,349.0,350.0,342.0,349.0,0.0,5671.0,972.0,167.5
LBL,11/21/2013,349.0,383.0,355.0,380.0,8.88,10758.0,972.0,167.5
LBL,11/24/2013,380.0,418.0,363.0,363.0,-4.47,38195.0,972.0,167.5
LBL,11/25/2013,363.0,370.0,350.0,359.0,-1.1,14031.0,972.0,167.5
LBL,11/26/2013,359.0,373.0,350.0,359.0,0.0,5367.0,972.0,167.5
LBL,11/27/2013,359.0,359.0,348.0,348.0,-3.06,637.0,972.0,167.5
LBL,11/28/2013,348.0,361.0,348.0,357.0,2.59,8846.0,972.0,167.5
LBL,12/1/2013,357.0,367.0,357.0,365.0,2.24,5988.0,972.0,167.5
LBL,12/2/2013,365.0,390.0,361.0,381.0,4.38,18527.0,972.0,167.5
LBL,12/3/2013,381.0,398.0,381.0,395.0,3.67,16697.0,972.0,167.5
LBL,12/4/2013,395.0,426.0,402.0,411.0,4.05,31587.0,972.0,167.5
LBL,12/5/2013,411.0,447.0,415.0,430.0,4.62,20760.0,972.0,167.5
LBL,12/8/2013,430.0,427.0,406.0,421.0,-2.09,21281.0,972.0,167.5
LBL,12/9/2013,421.0,422.0,414.0,417.0,-0.95,9120.0,972.0,167.5
LBL,12/10/2013,417.0,446.0,410.0,446.0,6.95,53607.0,972.0,167.5
LBL,12/11/2013,446.0,480.0,454.0,473.0,6.05,25874.0,972.0,167.5
LBL,12/12/2013,473.0,498.0,470.0,480.0,1.48,32013.0,972.0,167.5
LBL,12/15/2013,480.0,505.0,465.0,492.0,2.5,33534.0,972.0,167.5
LBL,12/16/2013,492.0,541.0,500.0,541.0,9.96,25751.0,972.0,167.5
LBL,12/18/2013,541.0,584.0,551.0,584.0,7.95,8394.0,972.0,167.5
LBL,12/19/2013,584.0,582.0,529.0,560.0,-4.11,24402.0,972.0,167.5
LBL,12/22/2013,560.0,560.0,525.0,535.0,-4.46,21415.0,972.0,167.5
LBL,12/23/2013,536.0,569.0,522.0,530.0,-0.93,56618.0,972.0,167.5
LBL,12/24/2013,530.0,552.0,488.0,533.0,0.57,22730.0,972.0,167.5
LBL,12/26/2013,534.0,566.0,535.0,549.0,3.0,28442.0,972.0,167.5
LBL,12/29/2013,549.0,550.0,535.0,537.0,-2.19,11250.0,972.0,167.5
LBL,12/31/2013,537.0,544.0,515.0,520.0,-3.17,9424.0,972.0,167.5
LBL,1/1/2014,520.0,515.0,504.0,514.0,-1.15,5401.0,972.0,167.5
LBL,1/2/2014,514.0,530.0,500.0,521.0,1.36,7548.0,972.0,167.5
LBL,1/5/2014,521.0,528.0,508.0,514.0,-1.34,7809.0,972.0,167.5
LBL,1/6/2014,514.0,525.0,507.0,518.0,0.78,2262.0,972.0,167.5
LBL,1/7/2014,518.0,526.0,510.0,526.0,1.54,4572.0,972.0,167.5
LBL,1/8/2014,526.0,523.0,511.0,522.0,-0.76,3858.0,972.0,167.5
LBL,1/9/2014,522.0,525.0,515.0,520.0,-0.38,5451.0,972.0,167.5
LBL,1/12/2014,520.0,544.0,525.0,525.0,0.96,7629.0,972.0,167.5
LBL,1/13/2014,525.0,530.0,515.0,515.0,-1.9,4134.0,972.0,167.5
LBL,1/14/2014,515.0,523.0,515.0,522.0,1.36,4276.0,972.0,167.5
LBL,1/16/2014,522.0,540.0,518.0,528.0,1.15,5007.0,972.0,167.5
LBL,1/19/2014,528.0,530.0,520.0,527.0,-0.19,2838.0,972.0,167.5
LBL,1/20/2014,527.0,529.0,520.0,523.0,-0.76,9112.0,972.0,167.5
LBL,1/21/2014,523.0,521.0,515.0,520.0,-0.57,4160.0,972.0,167.5
LBL,1/22/2014,520.0,524.0,513.0,521.0,0.19,4189.0,972.0,167.5
LBL,1/23/2014,521.0,520.0,510.0,512.0,-1.73,3709.0,972.0,167.5
LBL,1/26/2014,512.0,515.0,506.0,509.0,-0.59,3879.0,972.0,167.5
LBL,1/27/2014,509.0,509.0,501.0,503.0,-1.18,4468.0,972.0,167.5
LBL,1/28/2014,503.0,516.0,500.0,516.0,2.58,6337.0,972.0,167.5
LBL,1/29/2014,516.0,510.0,502.0,507.0,-1.74,8598.0,972.0,167.5
LBL,2/2/2014,507.0,508.0,500.0,500.0,-1.38,2409.0,972.0,167.5
LBL,2/3/2014,500.0,497.0,490.0,497.0,-0.6,214.0,972.0,167.5
LBL,2/4/2014,497.0,505.0,498.0,500.0,0.6,2077.0,972.0,167.5
LBL,2/6/2014,505.0,510.0,495.0,505.0,1.0,5444.0,972.0,167.5
LBL,2/9/2014,505.0,500.0,490.0,499.0,-1.19,1278.0,972.0,167.5
LBL,2/10/2014,499.0,538.0,500.0,508.0,1.8,5969.0,972.0,167.5
LBL,2/11/2014,508.0,508.0,500.0,501.0,-1.38,4363.0,972.0,167.5
LBL,2/12/2014,501.0,503.0,493.0,493.0,-1.6,632.0,972.0,167.5
LBL,2/13/2014,493.0,505.0,490.0,505.0,2.43,1520.0,972.0,167.5
LBL,2/16/2014,505.0,505.0,491.0,500.0,-0.99,2101.0,972.0,167.5
LBL,2/17/2014,500.0,502.0,495.0,495.0,-1.0,721.0,972.0,167.5
LBL,2/18/2014,495.0,505.0,491.0,505.0,2.02,5579.0,972.0,167.5
LBL,2/20/2014,505.0,510.0,498.0,508.0,0.59,9139.0,972.0,167.5
LBL,2/23/2014,508.0,525.0,511.0,513.0,0.98,10154.0,972.0,167.5
LBL,2/24/2014,513.0,523.0,504.0,512.0,-0.19,5884.0,972.0,167.5
LBL,2/25/2014,512.0,533.0,500.0,528.0,3.12,5984.0,972.0,167.5
LBL,2/26/2014,528.0,538.0,506.0,506.0,-4.17,6092.0,972.0,167.5
LBL,3/3/2014,506.0,520.0,503.0,516.0,1.98,4942.0,972.0,167.5
LBL,3/4/2014,516.0,506.0,500.0,504.0,-2.33,5942.0,972.0,167.5
LBL,3/5/2014,504.0,526.0,505.0,525.0,4.17,9816.0,972.0,167.5
LBL,3/6/2014,525.0,577.0,535.0,577.0,9.9,4976.0,972.0,167.5
LBL,3/9/2014,577.0,634.0,580.0,586.0,1.56,93162.0,972.0,167.5
LBL,3/10/2014,586.0,591.0,565.0,585.0,-0.17,26673.0,972.0,167.5
LBL,3/11/2014,585.0,587.0,570.0,573.0,-2.05,38659.0,972.0,167.5
LBL,3/12/2014,573.0,580.0,560.0,560.0,-2.27,63645.0,972.0,167.5
LBL,3/13/2014,487.0,496.0,490.0,490.0,-12.5,1028.0,972.0,167.5
LBL,3/17/2014,490.0,481.0,470.0,470.0,-4.08,400.0,972.0,167.5
LBL,3/18/2014,470.0,461.0,443.0,450.0,-4.26,3494.0,972.0,167.5
LBL,3/19/2014,450.0,465.0,440.0,451.0,0.22,15341.0,972.0,167.5
LBL,3/20/2014,451.0,452.0,445.0,452.0,0.22,3711.0,972.0,167.5
LBL,3/23/2014,452.0,461.0,455.0,461.0,1.99,2126.0,972.0,167.5
LBL,3/24/2014,461.0,464.0,462.0,462.0,0.22,3628.0,972.0,167.5
LBL,3/25/2014,462.0,460.0,456.0,460.0,-0.43,1015.0,972.0,167.5
LBL,3/26/2014,460.0,460.0,460.0,460.0,0.0,71.0,972.0,167.5
LBL,3/27/2014,460.0,465.0,458.0,460.0,0.0,1872.0,972.0,167.5
LBL,3/31/2014,460.0,465.0,460.0,461.0,0.22,1381.0,972.0,167.5
LBL,4/1/2014,461.0,474.0,460.0,474.0,2.82,4627.0,972.0,167.5
LBL,4/2/2014,474.0,479.0,470.0,475.0,0.21,2697.0,972.0,167.5
LBL,4/3/2014,475.0,476.0,470.0,471.0,-0.84,1830.0,972.0,167.5
LBL,4/6/2014,471.0,475.0,470.0,475.0,0.85,2806.0,972.0,167.5
LBL,4/7/2014,475.0,475.0,475.0,475.0,0.0,91.0,972.0,167.5
LBL,4/9/2014,475.0,474.0,461.0,461.0,-2.95,3551.0,972.0,167.5
LBL,4/10/2014,461.0,470.0,470.0,470.0,1.95,212.0,972.0,167.5
LBL,4/13/2014,470.0,474.0,465.0,465.0,-1.06,446.0,972.0,167.5
LBL,4/15/2014,465.0,474.0,469.0,470.0,1.08,1917.0,972.0,167.5
LBL,4/16/2014,470.0,479.0,471.0,472.0,0.43,1799.0,972.0,167.5
LBL,4/17/2014,472.0,476.0,473.0,476.0,0.85,749.0,972.0,167.5
LBL,4/21/2014,476.0,474.0,465.0,466.0,-2.1,560.0,972.0,167.5
LBL,4/22/2014,466.0,475.0,475.0,475.0,1.93,100.0,972.0,167.5
LBL,4/23/2014,475.0,470.0,466.0,470.0,-1.05,1502.0,972.0,167.5
LBL,4/27/2014,470.0,461.0,461.0,461.0,-1.91,1000.0,972.0,167.5
LBL,4/28/2014,461.0,460.0,460.0,460.0,-0.22,100.0,972.0,167.5
LBL,4/29/2014,460.0,459.0,449.0,459.0,-0.22,1448.0,972.0,167.5
LBL,4/30/2014,459.0,461.0,459.0,459.0,0.0,1987.0,972.0,167.5
LBL,5/4/2014,459.0,455.0,442.0,442.0,-3.7,1400.0,972.0,167.5
LBL,5/5/2014,442.0,477.0,450.0,477.0,7.92,2014.0,972.0,167.5
LBL,5/6/2014,477.0,498.0,479.0,481.0,0.84,5482.0,972.0,167.5
LBL,5/7/2014,481.0,485.0,480.0,481.0,0.0,1155.0,972.0,167.5
LBL,5/8/2014,481.0,473.0,470.0,473.0,-1.66,1121.0,972.0,167.5
LBL,5/11/2014,473.0,472.0,462.0,462.0,-2.33,1791.0,972.0,167.5
LBL,5/12/2014,462.0,480.0,463.0,463.0,0.22,757.0,972.0,167.5
LBL,5/13/2014,463.0,465.0,460.0,460.0,-0.65,877.0,972.0,167.5
LBL,5/15/2014,460.0,474.0,455.0,474.0,3.04,1820.0,972.0,167.5
LBL,5/18/2014,474.0,489.0,476.0,480.0,1.27,1873.0,972.0,167.5
LBL,5/19/2014,480.0,480.0,477.0,477.0,-0.62,183.0,972.0,167.5
LBL,5/20/2014,477.0,479.0,460.0,463.0,-2.94,2859.0,972.0,167.5
LBL,5/21/2014,463.0,475.0,460.0,460.0,-0.65,2396.0,972.0,167.5
LBL,5/22/2014,460.0,462.0,450.0,459.0,-0.22,5159.0,972.0,167.5
LBL,5/25/2014,459.0,460.0,456.0,460.0,0.22,1308.0,972.0,167.5
LBL,5/26/2014,460.0,461.0,453.0,453.0,-1.52,1689.0,972.0,167.5
LBL,5/27/2014,453.0,468.0,453.0,460.0,1.55,2903.0,972.0,167.5
LBL,5/28/2014,460.0,479.0,469.0,470.0,2.17,1871.0,972.0,167.5
LBL,6/1/2014,470.0,474.0,465.0,474.0,0.85,3483.0,972.0,167.5
LBL,6/2/2014,474.0,483.0,475.0,475.0,0.21,1720.0,972.0,167.5
LBL,6/3/2014,475.0,490.0,474.0,480.0,1.05,11885.0,972.0,167.5
LBL,6/4/2014,480.0,485.0,480.0,482.0,0.42,3628.0,972.0,167.5
LBL,6/5/2014,482.0,488.0,480.0,480.0,-0.41,1674.0,972.0,167.5
LBL,6/8/2014,480.0,485.0,478.0,478.0,-0.42,3752.0,972.0,167.5
LBL,6/9/2014,478.0,480.0,469.0,480.0,0.42,2892.0,972.0,167.5
LBL,6/10/2014,480.0,515.0,489.0,503.0,4.79,5732.0,972.0,167.5
LBL,6/11/2014,503.0,520.0,501.0,505.0,0.4,11160.0,972.0,167.5
LBL,6/12/2014,505.0,509.0,500.0,500.0,-0.99,6449.0,972.0,167.5
LBL,6/15/2014,500.0,522.0,493.0,511.0,2.2,7827.0,972.0,167.5
LBL,6/16/2014,511.0,531.0,515.0,524.0,2.54,9468.0,972.0,167.5
LBL,6/17/2014,524.0,538.0,516.0,533.0,1.72,12931.0,972.0,167.5
LBL,6/18/2014,533.0,540.0,530.0,535.0,0.38,5032.0,972.0,167.5
LBL,6/19/2014,535.0,545.0,525.0,545.0,1.87,2377.0,972.0,167.5
LBL,6/23/2014,545.0,544.0,525.0,525.0,-3.67,199.0,972.0,167.5
LBL,6/24/2014,525.0,540.0,520.0,530.0,0.95,6597.0,972.0,167.5
LBL,6/25/2014,530.0,531.0,517.0,530.0,0.0,5767.0,972.0,167.5
LBL,6/26/2014,530.0,541.0,521.0,521.0,-1.7,2690.0,972.0,167.5
LBL,6/29/2014,521.0,542.0,530.0,542.0,4.03,4964.0,972.0,167.5
LBL,6/30/2014,542.0,542.0,533.0,533.0,-1.66,4702.0,972.0,167.5
LBL,7/1/2014,533.0,545.0,535.0,535.0,0.38,4083.0,972.0,167.5
LBL,7/2/2014,535.0,544.0,523.0,532.0,-0.56,7697.0,972.0,167.5
LBL,7/3/2014,532.0,552.0,537.0,545.0,2.44,4555.0,972.0,167.5
LBL,7/6/2014,545.0,545.0,535.0,544.0,-0.18,2540.0,972.0,167.5
LBL,7/7/2014,544.0,552.0,544.0,550.0,1.1,12857.0,972.0,167.5
LBL,7/8/2014,550.0,575.0,550.0,574.0,4.36,8544.0,972.0,167.5
LBL,7/9/2014,574.0,585.0,571.0,580.0,1.05,6058.0,972.0,167.5
LBL,7/10/2014,580.0,585.0,572.0,582.0,0.34,4334.0,972.0,167.5
LBL,7/13/2014,582.0,601.0,590.0,591.0,1.55,7103.0,972.0,167.5
LBL,7/14/2014,591.0,588.0,581.0,585.0,-1.02,3630.0,972.0,167.5
LBL,7/15/2014,585.0,607.0,580.0,590.0,0.85,5766.0,972.0,167.5
LBL,7/16/2014,590.0,600.0,588.0,588.0,-0.34,1051.0,972.0,167.5
LBL,7/17/2014,588.0,588.0,574.0,574.0,-2.38,6057.0,972.0,167.5
LBL,7/20/2014,574.0,631.0,585.0,631.0,9.93,16915.0,972.0,167.5
LBL,7/21/2014,631.0,677.0,640.0,665.0,5.39,29382.0,972.0,167.5
LBL,7/22/2014,665.0,665.0,630.0,653.0,-1.8,11841.0,972.0,167.5
LBL,7/23/2014,653.0,675.0,658.0,658.0,0.77,9558.0,972.0,167.5
LBL,7/24/2014,658.0,670.0,654.0,654.0,-0.61,3454.0,972.0,167.5
LBL,7/27/2014,654.0,675.0,651.0,670.0,2.45,5562.0,972.0,167.5
LBL,7/28/2014,670.0,670.0,657.0,660.0,-1.49,2629.0,972.0,167.5
LBL,7/30/2014,660.0,660.0,655.0,660.0,0.0,1805.0,972.0,167.5
LBL,7/31/2014,660.0,660.0,645.0,652.0,-1.21,5977.0,972.0,167.5
LBL,8/3/2014,652.0,660.0,643.0,645.0,-1.07,654.0,972.0,167.5
LBL,8/4/2014,645.0,640.0,628.0,635.0,-1.55,2079.0,972.0,167.5
LBL,8/5/2014,635.0,650.0,630.0,635.0,0.0,6558.0,972.0,167.5
LBL,8/6/2014,635.0,624.0,615.0,615.0,-3.15,1939.0,972.0,167.5
LBL,8/7/2014,615.0,620.0,602.0,620.0,0.81,5752.0,972.0,167.5
LBL,8/12/2014,620.0,620.0,608.0,610.0,-1.61,1681.0,972.0,167.5
LBL,8/13/2014,610.0,615.0,590.0,611.0,0.16,8980.0,972.0,167.5
LBL,8/14/2014,611.0,615.0,600.0,615.0,0.65,3449.0,972.0,167.5
LBL,8/18/2014,615.0,615.0,598.0,610.0,-0.81,5634.0,972.0,167.5
LBL,8/19/2014,610.0,617.0,600.0,608.0,-0.33,12789.0,972.0,167.5
LBL,8/20/2014,608.0,605.0,588.0,588.0,-3.29,3499.0,972.0,167.5
LBL,8/21/2014,588.0,612.0,578.0,605.0,2.89,4755.0,972.0,167.5
LBL,8/24/2014,605.0,613.0,601.0,602.0,-0.5,4413.0,972.0,167.5
LBL,8/25/2014,602.0,595.0,580.0,580.0,-3.65,1052.0,972.0,167.5
LBL,8/26/2014,580.0,591.0,522.0,555.0,-4.31,7117.0,972.0,167.5
LBL,8/27/2014,555.0,585.0,566.0,581.0,4.68,11190.0,972.0,167.5
LBL,8/28/2014,581.0,614.0,585.0,587.0,1.03,6616.0,972.0,167.5
LBL,8/31/2014,587.0,592.0,558.0,566.0,-3.58,7132.0,972.0,167.5
LBL,9/1/2014,566.0,562.0,535.0,546.0,-3.53,12529.0,972.0,167.5
LBL,9/3/2014,546.0,560.0,547.0,550.0,0.73,1300.0,972.0,167.5
LBL,9/4/2014,550.0,545.0,536.0,545.0,-0.91,4067.0,972.0,167.5
LBL,9/7/2014,545.0,536.0,495.0,501.0,-8.07,3995.0,972.0,167.5
LBL,9/9/2014,501.0,534.0,501.0,534.0,6.59,5637.0,972.0,167.5
LBL,9/10/2014,534.0,559.0,534.0,551.0,3.18,11301.0,972.0,167.5
LBL,9/11/2014,551.0,555.0,530.0,535.0,-2.9,3683.0,972.0,167.5
LBL,9/14/2014,535.0,547.0,522.0,525.0,-1.87,6657.0,972.0,167.5
LBL,9/15/2014,525.0,544.0,524.0,539.0,2.67,2208.0,972.0,167.5
LBL,9/16/2014,539.0,592.0,534.0,592.0,9.83,70020.0,972.0,167.5
LBL,9/17/2014,592.0,627.0,565.0,568.0,-4.05,24876.0,972.0,167.5
LBL,9/18/2014,568.0,579.0,550.0,576.0,1.41,10289.0,972.0,167.5
LBL,9/21/2014,576.0,575.0,546.0,551.0,-4.34,6534.0,972.0,167.5
LBL,9/22/2014,551.0,567.0,549.0,567.0,2.9,8275.0,972.0,167.5
LBL,9/23/2014,567.0,578.0,565.0,576.0,1.59,4445.0,972.0,167.5
LBL,9/24/2014,576.0,587.0,570.0,576.0,0.0,2332.0,972.0,167.5
LBL,9/28/2014,576.0,585.0,570.0,570.0,-1.04,4857.0,972.0,167.5
LBL,9/29/2014,570.0,580.0,568.0,578.0,1.4,7538.0,972.0,167.5
LBL,9/30/2014,578.0,594.0,578.0,580.0,0.35,7129.0,972.0,167.5
LBL,10/8/2014,580.0,580.0,569.0,580.0,0.0,570.0,972.0,167.5
LBL,10/9/2014,580.0,586.0,575.0,580.0,0.0,2831.0,972.0,167.5
LBL,10/12/2014,580.0,580.0,570.0,570.0,-1.72,3702.0,972.0,167.5
LBL,10/13/2014,570.0,586.0,575.0,585.0,2.63,5637.0,972.0,167.5
LBL,10/14/2014,585.0,592.0,586.0,587.0,0.34,8247.0,972.0,167.5
LBL,10/15/2014,587.0,593.0,587.0,593.0,1.02,9441.0,972.0,167.5
LBL,10/16/2014,593.0,635.0,604.0,619.0,4.38,28096.0,972.0,167.5
LBL,10/19/2014,619.0,646.0,617.0,625.0,0.97,36333.0,972.0,167.5
LBL,10/20/2014,625.0,633.0,625.0,626.0,0.16,25840.0,972.0,167.5
LBL,10/21/2014,626.0,628.0,617.0,619.0,-1.12,27691.0,972.0,167.5
LBL,10/22/2014,619.0,635.0,618.0,633.0,2.26,20547.0,972.0,167.5
LBL,10/26/2014,633.0,645.0,631.0,638.0,0.79,26490.0,972.0,167.5
LBL,10/27/2014,532.0,538.0,535.0,538.0,-15.67,224.0,972.0,167.5
LBL,11/3/2014,538.0,530.0,528.0,528.0,-1.86,550.0,972.0,167.5
LBL,11/4/2014,528.0,518.0,488.0,488.0,-7.58,4701.0,972.0,167.5
LBL,11/5/2014,488.0,508.0,490.0,508.0,4.1,891.0,972.0,167.5
LBL,11/6/2014,508.0,518.0,508.0,508.0,0.0,516.0,972.0,167.5
LBL,11/9/2014,508.0,501.0,488.0,488.0,-3.94,408.0,972.0,167.5
LBL,11/10/2014,488.0,490.0,480.0,490.0,0.41,1306.0,972.0,167.5
LBL,11/12/2014,490.0,499.0,499.0,499.0,1.84,60.0,972.0,167.5
LBL,11/13/2014,499.0,495.0,482.0,482.0,-3.41,901.0,972.0,167.5
LBL,11/16/2014,482.0,485.0,480.0,485.0,0.62,740.0,972.0,167.5
LBL,11/17/2014,485.0,480.0,475.0,475.0,-2.06,144.0,972.0,167.5
LBL,11/18/2014,475.0,475.0,466.0,466.0,-1.89,462.0,972.0,167.5
LBL,11/19/2014,466.0,460.0,460.0,460.0,-1.29,243.0,972.0,167.5
LBL,11/20/2014,460.0,465.0,451.0,460.0,0.0,1232.0,972.0,167.5
LBL,11/23/2014,460.0,469.0,467.0,467.0,1.52,70.0,972.0,167.5
LBL,11/24/2014,467.0,465.0,452.0,452.0,-3.21,2674.0,972.0,167.5
LBL,11/25/2014,452.0,460.0,445.0,449.0,-0.66,4752.0,972.0,167.5
LBL,11/30/2014,449.0,449.0,441.0,441.0,-1.78,840.0,972.0,167.5
LBL,12/1/2014,441.0,443.0,435.0,441.0,0.0,2045.0,972.0,167.5
LBL,12/2/2014,441.0,438.0,430.0,431.0,-2.27,597.0,972.0,167.5
LBL,12/3/2014,431.0,435.0,430.0,435.0,0.93,2379.0,972.0,167.5
LBL,12/4/2014,435.0,448.0,436.0,436.0,0.23,511.0,972.0,167.5
LBL,12/7/2014,436.0,442.0,435.0,440.0,0.92,451.0,972.0,167.5
LBL,12/8/2014,440.0,440.0,432.0,435.0,-1.14,960.0,972.0,167.5
LBL,12/9/2014,435.0,440.0,440.0,440.0,1.15,100.0,972.0,167.5
LBL,12/10/2014,440.0,456.0,448.0,456.0,3.64,743.0,972.0,167.5
LBL,12/11/2014,456.0,478.0,460.0,478.0,4.82,1165.0,972.0,167.5
LBL,12/14/2014,478.0,505.0,487.0,505.0,5.65,4342.0,972.0,167.5
LBL,12/15/2014,505.0,520.0,490.0,510.0,0.99,2716.0,972.0,167.5
LBL,12/16/2014,510.0,506.0,499.0,503.0,-1.37,3137.0,972.0,167.5
LBL,12/17/2014,503.0,494.0,493.0,493.0,-1.99,789.0,972.0,167.5
LBL,12/18/2014,493.0,491.0,484.0,491.0,-0.41,942.0,972.0,167.5
LBL,12/21/2014,491.0,484.0,482.0,484.0,-1.43,281.0,972.0,167.5
LBL,12/22/2014,484.0,475.0,470.0,470.0,-2.89,1150.0,972.0,167.5
LBL,12/23/2014,470.0,470.0,462.0,469.0,-0.21,582.0,972.0,167.5
LBL,12/24/2014,469.0,480.0,475.0,480.0,2.35,2800.0,972.0,167.5
LBL,12/28/2014,480.0,488.0,485.0,488.0,1.67,1869.0,972.0,167.5
LBL,12/29/2014,488.0,480.0,478.0,480.0,-1.64,1240.0,972.0,167.5
LBL,12/31/2014,480.0,480.0,471.0,471.0,-1.88,1936.0,972.0,167.5
LBL,1/1/2015,471.0,480.0,462.0,475.0,0.85,1886.0,972.0,167.5
LBL,1/4/2015,475.0,495.0,484.0,485.0,2.11,2453.0,972.0,167.5
LBL,1/5/2015,485.0,494.0,480.0,480.0,-1.03,2730.0,972.0,167.5
LBL,1/6/2015,480.0,500.0,480.0,490.0,2.08,1853.0,972.0,167.5
LBL,1/7/2015,490.0,500.0,485.0,497.0,1.43,2885.0,972.0,167.5
LBL,1/8/2015,497.0,510.0,496.0,505.0,1.61,3234.0,972.0,167.5
LBL,1/11/2015,505.0,500.0,495.0,498.0,-1.39,3365.0,972.0,167.5
LBL,1/12/2015,498.0,504.0,501.0,501.0,0.6,696.0,972.0,167.5
LBL,1/13/2015,501.0,499.0,494.0,494.0,-1.4,2003.0,972.0,167.5
LBL,1/14/2015,494.0,505.0,498.0,501.0,1.42,1571.0,972.0,167.5
LBL,1/18/2015,501.0,507.0,500.0,500.0,-0.2,3210.0,972.0,167.5
LBL,1/19/2015,500.0,530.0,510.0,523.0,4.6,4713.0,972.0,167.5
LBL,1/20/2015,523.0,528.0,507.0,507.0,-3.06,1636.0,972.0,167.5
LBL,1/22/2015,507.0,507.0,502.0,505.0,-0.39,1641.0,972.0,167.5
LBL,1/25/2015,505.0,511.0,496.0,511.0,1.19,385.0,972.0,167.5
LBL,1/26/2015,511.0,530.0,510.0,511.0,0.0,2463.0,972.0,167.5
LBL,1/27/2015,511.0,519.0,503.0,519.0,1.57,4960.0,972.0,167.5
LBL,1/28/2015,519.0,530.0,526.0,526.0,1.35,446.0,972.0,167.5
LBL,1/29/2015,526.0,535.0,525.0,527.0,0.19,3727.0,972.0,167.5
LBL,2/1/2015,527.0,540.0,529.0,536.0,1.71,4101.0,972.0,167.5
LBL,2/2/2015,536.0,536.0,529.0,529.0,-1.31,1575.0,972.0,167.5
LBL,2/3/2015,529.0,531.0,527.0,528.0,-0.19,13578.0,972.0,167.5
LBL,2/4/2015,528.0,537.0,530.0,531.0,0.57,4817.0,972.0,167.5
LBL,2/5/2015,531.0,522.0,521.0,522.0,-1.69,260.0,972.0,167.5
LBL,2/8/2015,522.0,537.0,532.0,534.0,2.3,2009.0,972.0,167.5
LBL,2/9/2015,534.0,545.0,535.0,540.0,1.12,5323.0,972.0,167.5
LBL,2/10/2015,540.0,540.0,534.0,535.0,-0.93,2417.0,972.0,167.5
LBL,2/11/2015,535.0,537.0,530.0,537.0,0.37,1458.0,972.0,167.5
LBL,2/12/2015,537.0,540.0,530.0,535.0,-0.37,4952.0,972.0,167.5
LBL,2/15/2015,535.0,538.0,530.0,534.0,-0.19,1491.0,972.0,167.5
LBL,2/16/2015,534.0,545.0,540.0,541.0,1.31,4630.0,972.0,167.5
LBL,2/18/2015,541.0,541.0,531.0,538.0,-0.55,3499.0,972.0,167.5
LBL,2/22/2015,538.0,535.0,505.0,515.0,-4.28,4524.0,972.0,167.5
LBL,2/23/2015,515.0,530.0,508.0,530.0,2.91,2537.0,972.0,167.5
LBL,2/24/2015,530.0,530.0,521.0,530.0,0.0,2754.0,972.0,167.5
LBL,2/26/2015,530.0,530.0,529.0,529.0,-0.19,3192.0,972.0,167.5
LBL,3/1/2015,529.0,543.0,533.0,540.0,2.08,2270.0,972.0,167.5
LBL,3/2/2015,540.0,546.0,540.0,545.0,0.93,1725.0,972.0,167.5
LBL,3/3/2015,545.0,555.0,545.0,545.0,0.0,360.0,972.0,167.5
LBL,3/4/2015,545.0,560.0,543.0,560.0,2.75,6881.0,972.0,167.5
LBL,3/9/2015,560.0,581.0,558.0,560.0,0.0,5444.0,972.0,167.5
LBL,3/10/2015,560.0,569.0,563.0,563.0,0.54,2118.0,972.0,167.5
LBL,3/11/2015,563.0,565.0,555.0,556.0,-1.24,3812.0,972.0,167.5
LBL,3/12/2015,556.0,556.0,555.0,555.0,-0.18,1299.0,972.0,167.5
LBL,3/15/2015,555.0,556.0,545.0,555.0,0.0,3395.0,972.0,167.5
LBL,3/16/2015,555.0,555.0,544.0,544.0,-1.98,4561.0,972.0,167.5
LBL,3/17/2015,544.0,550.0,542.0,544.0,0.0,2450.0,972.0,167.5
LBL,3/18/2015,544.0,554.0,545.0,545.0,0.18,3040.0,972.0,167.5
LBL,3/19/2015,545.0,548.0,540.0,547.0,0.37,3105.0,972.0,167.5
LBL,3/22/2015,547.0,546.0,542.0,542.0,-0.91,2800.0,972.0,167.5
LBL,3/23/2015,542.0,543.0,539.0,539.0,-0.55,2435.0,972.0,167.5
LBL,3/24/2015,539.0,548.0,531.0,546.0,1.3,1613.0,972.0,167.5
LBL,3/25/2015,546.0,545.0,535.0,539.0,-1.28,3720.0,972.0,167.5
LBL,3/26/2015,539.0,530.0,520.0,525.0,-2.6,3148.0,972.0,167.5
LBL,3/29/2015,525.0,521.0,518.0,519.0,-1.14,1837.0,972.0,167.5
LBL,3/30/2015,519.0,521.0,515.0,520.0,0.19,1512.0,972.0,167.5
LBL,3/31/2015,520.0,539.0,530.0,530.0,1.92,569.0,972.0,167.5
LBL,4/1/2015,530.0,530.0,522.0,525.0,-0.94,791.0,972.0,167.5
LBL,4/2/2015,525.0,526.0,519.0,520.0,-0.95,2701.0,972.0,167.5
LBL,4/5/2015,520.0,522.0,519.0,520.0,0.0,1178.0,972.0,167.5
LBL,4/6/2015,520.0,524.0,515.0,522.0,0.38,2858.0,972.0,167.5
LBL,4/7/2015,522.0,530.0,520.0,530.0,1.53,2367.0,972.0,167.5
LBL,4/8/2015,530.0,534.0,531.0,531.0,0.19,721.0,972.0,167.5
LBL,4/9/2015,531.0,537.0,525.0,527.0,-0.75,3452.0,972.0,167.5
LBL,4/12/2015,527.0,530.0,525.0,527.0,0.0,446.0,972.0,167.5
LBL,4/13/2015,527.0,533.0,525.0,525.0,-0.38,791.0,972.0,167.5
LBL,4/15/2015,525.0,532.0,522.0,523.0,-0.38,1499.0,972.0,167.5
LBL,4/16/2015,523.0,530.0,523.0,530.0,1.34,771.0,972.0,167.5
LBL,4/19/2015,530.0,535.0,528.0,528.0,-0.38,439.0,972.0,167.5
LBL,4/20/2015,528.0,538.0,526.0,528.0,0.0,1998.0,972.0,167.5
LBL,4/21/2015,528.0,530.0,520.0,524.0,-0.76,1848.0,972.0,167.5
LBL,4/22/2015,524.0,533.0,524.0,530.0,1.15,1560.0,972.0,167.5
LBL,4/23/2015,530.0,533.0,520.0,530.0,0.0,2050.0,972.0,167.5
LBL,5/26/2015,530.0,520.0,477.0,477.0,-10.0,181.0,972.0,167.5
LBL,5/27/2015,477.0,468.0,450.0,455.0,-4.61,5219.0,972.0,167.5
LBL,5/28/2015,455.0,474.0,437.0,461.0,1.32,9786.0,972.0,167.5
LBL,5/31/2015,461.0,501.0,465.0,498.0,8.03,9434.0,972.0,167.5
LBL,6/1/2015,498.0,527.0,498.0,510.0,2.41,15416.0,972.0,167.5
LBL,6/2/2015,510.0,520.0,505.0,520.0,1.96,81150.0,972.0,167.5
LBL,6/3/2015,423.0,439.0,426.0,439.0,-15.58,4834.0,972.0,167.5
LBL,6/4/2015,439.0,440.0,429.0,438.0,-0.23,4111.0,972.0,167.5
LBL,6/7/2015,438.0,438.0,427.0,427.0,-2.51,2358.0,972.0,167.5
LBL,6/8/2015,427.0,437.0,429.0,433.0,1.41,4553.0,972.0,167.5
LBL,6/9/2015,433.0,474.0,441.0,458.0,5.77,6584.0,972.0,167.5
LBL,6/10/2015,458.0,467.0,440.0,440.0,-3.93,1139.0,972.0,167.5
LBL,6/11/2015,440.0,432.0,405.0,425.0,-3.41,110900.0,972.0,167.5
LBL,6/14/2015,425.0,421.0,417.0,420.0,-1.18,2062.0,972.0,167.5
LBL,6/15/2015,420.0,428.0,418.0,418.0,-0.48,1586.0,972.0,167.5
LBL,6/16/2015,418.0,420.0,410.0,413.0,-1.2,1039.0,972.0,167.5
LBL,6/17/2015,413.0,410.0,405.0,405.0,-1.94,1541.0,972.0,167.5
LBL,6/18/2015,405.0,409.0,401.0,408.0,0.74,1122.0,972.0,167.5
LBL,6/21/2015,408.0,416.0,416.0,416.0,1.96,111.0,972.0,167.5
LBL,6/22/2015,416.0,418.0,408.0,408.0,-1.92,761.0,972.0,167.5
LBL,6/23/2015,408.0,414.0,405.0,409.0,0.25,2050.0,972.0,167.5
LBL,6/24/2015,409.0,410.0,400.0,410.0,0.24,2235.0,972.0,167.5
LBL,6/25/2015,410.0,409.0,405.0,406.0,-0.98,1252.0,972.0,167.5
LBL,6/28/2015,406.0,407.0,404.0,407.0,0.25,304.0,972.0,167.5
LBL,6/29/2015,407.0,417.0,405.0,410.0,0.74,2386.0,972.0,167.5
LBL,6/30/2015,410.0,410.0,404.0,407.0,-0.73,1045.0,972.0,167.5
LBL,7/1/2015,407.0,409.0,404.0,409.0,0.49,1712.0,972.0,167.5
LBL,7/2/2015,409.0,405.0,402.0,404.0,-1.22,1330.0,972.0,167.5
LBL,7/5/2015,404.0,400.0,393.0,393.0,-2.72,5862.0,972.0,167.5
LBL,7/6/2015,393.0,399.0,390.0,399.0,1.53,2398.0,972.0,167.5
LBL,7/7/2015,399.0,412.0,395.0,403.0,1.0,3000.0,972.0,167.5
LBL,7/8/2015,403.0,405.0,400.0,400.0,-0.74,410.0,972.0,167.5
LBL,7/9/2015,400.0,408.0,401.0,401.0,0.25,3316.0,972.0,167.5
LBL,7/12/2015,401.0,401.0,393.0,400.0,-0.25,6133.0,972.0,167.5
LBL,7/13/2015,400.0,404.0,398.0,399.0,-0.25,3031.0,972.0,167.5
LBL,7/14/2015,399.0,403.0,397.0,400.0,0.25,2381.0,972.0,167.5
LBL,7/15/2015,400.0,404.0,396.0,400.0,0.0,2938.0,972.0,167.5
LBL,7/16/2015,400.0,405.0,398.0,400.0,0.0,1086.0,972.0,167.5
LBL,7/22/2015,400.0,408.0,405.0,408.0,2.0,1134.0,972.0,167.5
LBL,7/23/2015,408.0,432.0,408.0,432.0,5.88,1401.0,972.0,167.5
LBL,7/26/2015,432.0,448.0,440.0,448.0,3.7,45.0,972.0,167.5
LBL,7/27/2015,448.0,482.0,455.0,455.0,1.56,29839.0,972.0,167.5
LBL,7/28/2015,455.0,446.0,417.0,421.0,-7.47,37320.0,972.0,167.5
LBL,7/29/2015,421.0,421.0,405.0,419.0,-0.48,19730.0,972.0,167.5
LBL,7/30/2015,419.0,432.0,417.0,420.0,0.24,5972.0,972.0,167.5
LBL,8/2/2015,420.0,419.0,415.0,416.0,-0.95,5441.0,972.0,167.5
LBL,8/3/2015,416.0,420.0,402.0,418.0,0.48,5648.0,972.0,167.5
LBL,8/4/2015,418.0,420.0,412.0,420.0,0.48,3302.0,972.0,167.5
LBL,8/5/2015,420.0,420.0,411.0,419.0,-0.24,3907.0,972.0,167.5
LBL,8/6/2015,419.0,417.0,410.0,416.0,-0.72,2327.0,972.0,167.5
LBL,8/9/2015,416.0,423.0,409.0,415.0,-0.24,12280.0,972.0,167.5
LBL,8/10/2015,415.0,430.0,412.0,422.0,1.69,28586.0,972.0,167.5
LBL,8/11/2015,422.0,426.0,407.0,416.0,-1.42,4227.0,972.0,167.5
LBL,8/12/2015,416.0,446.0,415.0,435.0,4.57,18696.0,972.0,167.5
LBL,8/13/2015,435.0,430.0,407.0,418.0,-3.91,13571.0,972.0,167.5
LBL,8/16/2015,418.0,427.0,410.0,414.0,-0.96,9678.0,972.0,167.5
LBL,8/17/2015,414.0,443.0,422.0,443.0,7.0,5078.0,972.0,167.5
LBL,8/18/2015,443.0,460.0,447.0,457.0,3.16,6520.0,972.0,167.5
LBL,8/19/2015,457.0,502.0,452.0,502.0,9.85,11525.0,972.0,167.5
LBL,8/20/2015,502.0,540.0,510.0,515.0,2.59,7606.0,972.0,167.5
LBL,8/23/2015,515.0,514.0,485.0,505.0,-1.94,5090.0,972.0,167.5
LBL,8/24/2015,505.0,505.0,480.0,485.0,-3.96,5033.0,972.0,167.5
LBL,8/25/2015,485.0,483.0,470.0,481.0,-0.82,2633.0,972.0,167.5
LBL,8/26/2015,481.0,490.0,480.0,480.0,-0.21,2860.0,972.0,167.5
LBL,8/27/2015,480.0,475.0,470.0,470.0,-2.08,1831.0,972.0,167.5
LBL,8/31/2015,470.0,475.0,468.0,473.0,0.64,3752.0,972.0,167.5
LBL,9/1/2015,473.0,480.0,470.0,471.0,-0.42,6144.0,972.0,167.5
LBL,9/2/2015,471.0,463.0,448.0,448.0,-4.88,5271.0,972.0,167.5
LBL,9/3/2015,448.0,460.0,450.0,460.0,2.68,2836.0,972.0,167.5
LBL,9/6/2015,460.0,470.0,455.0,459.0,-0.22,2081.0,972.0,167.5
LBL,9/7/2015,459.0,477.0,465.0,471.0,2.61,4689.0,972.0,167.5
LBL,9/8/2015,471.0,485.0,471.0,476.0,1.06,7011.0,972.0,167.5
LBL,9/9/2015,476.0,484.0,475.0,477.0,0.21,6914.0,972.0,167.5
LBL,9/10/2015,477.0,476.0,470.0,471.0,-1.26,6077.0,972.0,167.5
LBL,9/13/2015,471.0,480.0,470.0,475.0,0.85,3690.0,972.0,167.5
LBL,9/14/2015,475.0,483.0,476.0,479.0,0.84,5079.0,972.0,167.5
LBL,9/15/2015,479.0,497.0,488.0,490.0,2.3,3030.0,972.0,167.5
LBL,9/16/2015,490.0,511.0,486.0,510.0,4.08,17339.0,972.0,167.5
LBL,9/17/2015,510.0,530.0,513.0,520.0,1.96,25325.0,972.0,167.5
LBL,9/22/2015,520.0,512.0,488.0,490.0,-5.77,15768.0,972.0,167.5
LBL,9/23/2015,490.0,525.0,499.0,524.0,6.94,11729.0,972.0,167.5
LBL,9/24/2015,524.0,530.0,515.0,521.0,-0.57,13380.0,972.0,167.5
LBL,9/28/2015,521.0,511.0,500.0,510.0,-2.11,5186.0,972.0,167.5
LBL,9/29/2015,510.0,520.0,510.0,517.0,1.37,8037.0,972.0,167.5
LBL,9/30/2015,517.0,550.0,511.0,530.0,2.51,19712.0,972.0,167.5
LBL,10/1/2015,530.0,540.0,534.0,540.0,1.89,10428.0,972.0,167.5
LBL,10/4/2015,540.0,570.0,550.0,556.0,2.96,18832.0,972.0,167.5
LBL,10/5/2015,556.0,562.0,550.0,558.0,0.36,10321.0,972.0,167.5
LBL,10/6/2015,558.0,552.0,541.0,550.0,-1.43,3142.0,972.0,167.5
LBL,10/7/2015,550.0,550.0,530.0,540.0,-1.82,5594.0,972.0,167.5
LBL,10/8/2015,540.0,533.0,521.0,533.0,-1.3,3418.0,972.0,167.5
LBL,10/11/2015,533.0,530.0,516.0,517.0,-3.0,5329.0,972.0,167.5
LBL,10/14/2015,517.0,530.0,517.0,517.0,0.0,1871.0,972.0,167.5
LBL,10/15/2015,517.0,515.0,507.0,510.0,-1.35,750.0,972.0,167.5
LBL,10/18/2015,510.0,519.0,510.0,512.0,0.39,3749.0,972.0,167.5
LBL,10/19/2015,512.0,520.0,511.0,519.0,1.37,3958.0,972.0,167.5
LBL,10/27/2015,519.0,522.0,490.0,490.0,-5.59,1417.0,972.0,167.5
LBL,10/28/2015,490.0,490.0,475.0,490.0,0.0,2372.0,972.0,167.5
LBL,10/29/2015,490.0,508.0,490.0,495.0,1.02,2361.0,972.0,167.5
LBL,11/1/2015,495.0,495.0,488.0,495.0,0.0,3247.0,972.0,167.5
LBL,11/2/2015,495.0,505.0,490.0,499.0,0.81,2325.0,972.0,167.5
LBL,11/3/2015,499.0,491.0,485.0,486.0,-2.61,2642.0,972.0,167.5
LBL,11/4/2015,486.0,494.0,483.0,486.0,0.0,5154.0,972.0,167.5
LBL,11/5/2015,486.0,490.0,481.0,485.0,-0.21,2376.0,972.0,167.5
LBL,11/8/2015,485.0,485.0,484.0,485.0,0.0,1266.0,972.0,167.5
LBL,11/9/2015,485.0,504.0,494.0,501.0,3.3,4711.0,972.0,167.5
LBL,11/10/2015,501.0,504.0,495.0,497.0,-0.8,3908.0,972.0,167.5
LBL,11/15/2015,497.0,495.0,493.0,495.0,-0.4,1158.0,972.0,167.5
LBL,11/16/2015,495.0,490.0,480.0,480.0,-3.03,4320.0,972.0,167.5
LBL,11/18/2015,480.0,490.0,484.0,485.0,1.04,2598.0,972.0,167.5
LBL,11/19/2015,485.0,480.0,472.0,476.0,-1.86,1844.0,972.0,167.5
LBL,11/22/2015,476.0,467.0,465.0,465.0,-2.31,546.0,972.0,167.5
LBL,11/23/2015,465.0,463.0,447.0,463.0,-0.43,3056.0,972.0,167.5
LBL,11/24/2015,463.0,463.0,452.0,460.0,-0.65,1512.0,972.0,167.5
LBL,11/25/2015,460.0,470.0,465.0,470.0,2.17,390.0,972.0,167.5
LBL,11/26/2015,470.0,465.0,450.0,460.0,-2.13,2401.0,972.0,167.5
LBL,11/29/2015,460.0,451.0,445.0,445.0,-3.26,1143.0,972.0,167.5
LBL,11/30/2015,445.0,460.0,445.0,460.0,3.37,3970.0,972.0,167.5
LBL,12/1/2015,460.0,469.0,460.0,465.0,1.09,1700.0,972.0,167.5
LBL,12/2/2015,465.0,475.0,449.0,449.0,-3.44,3128.0,972.0,167.5
LBL,12/3/2015,449.0,475.0,453.0,468.0,4.23,4937.0,972.0,167.5
LBL,12/6/2015,468.0,496.0,472.0,496.0,5.98,5994.0,972.0,167.5
LBL,12/7/2015,496.0,505.0,491.0,501.0,1.01,8705.0,972.0,167.5
LBL,12/8/2015,501.0,501.0,496.0,500.0,-0.2,2151.0,972.0,167.5
LBL,12/9/2015,500.0,502.0,500.0,502.0,0.4,1751.0,972.0,167.5
LBL,12/10/2015,502.0,501.0,498.0,499.0,-0.6,1347.0,972.0,167.5
LBL,12/13/2015,499.0,500.0,490.0,492.0,-1.4,1155.0,972.0,167.5
LBL,12/14/2015,492.0,502.0,490.0,499.0,1.42,12281.0,972.0,167.5
LBL,12/15/2015,499.0,505.0,494.0,495.0,-0.8,3894.0,972.0,167.5
LBL,12/16/2015,495.0,500.0,492.0,496.0,0.2,3435.0,972.0,167.5
LBL,12/17/2015,496.0,492.0,487.0,487.0,-1.81,3610.0,972.0,167.5
LBL,12/20/2015,487.0,515.0,490.0,510.0,4.72,8959.0,972.0,167.5
LBL,12/21/2015,510.0,561.0,517.0,561.0,10.0,57926.0,972.0,167.5
LBL,12/22/2015,561.0,605.0,555.0,557.0,-0.71,49885.0,972.0,167.5
LBL,12/23/2015,557.0,560.0,543.0,550.0,-1.26,22048.0,972.0,167.5
LBL,12/24/2015,550.0,561.0,550.0,561.0,2.0,9607.0,972.0,167.5
LBL,12/27/2015,561.0,568.0,558.0,560.0,-0.18,8762.0,972.0,167.5
LBL,12/28/2015,560.0,570.0,556.0,560.0,0.0,10720.0,972.0,167.5
LBL,12/29/2015,560.0,561.0,553.0,557.0,-0.54,10385.0,972.0,167.5
LBL,12/31/2015,557.0,568.0,559.0,560.0,0.54,13272.0,972.0,167.5
LBL,1/3/2016,560.0,570.0,561.0,569.0,1.61,13303.0,972.0,167.5
LBL,1/4/2016,569.0,572.0,555.0,566.0,-0.53,8151.0,972.0,167.5
LBL,1/5/2016,566.0,569.0,555.0,569.0,0.53,22858.0,972.0,167.5
LBL,1/6/2016,569.0,600.0,565.0,600.0,5.45,52930.0,972.0,167.5
LBL,1/7/2016,600.0,600.0,577.0,598.0,-0.33,22719.0,972.0,167.5
LBL,1/10/2016,598.0,620.0,567.0,574.0,-4.01,47436.0,972.0,167.5
LBL,1/11/2016,574.0,574.0,560.0,561.0,-2.26,62109.0,972.0,167.5
LBL,1/12/2016,561.0,580.0,562.0,580.0,3.39,19627.0,972.0,167.5
LBL,1/13/2016,580.0,581.0,567.0,570.0,-1.72,29780.0,972.0,167.5
LBL,1/14/2016,570.0,580.0,574.0,575.0,0.88,23284.0,972.0,167.5
LBL,1/17/2016,575.0,590.0,579.0,583.0,1.39,23204.0,972.0,167.5
LBL,1/18/2016,583.0,590.0,574.0,574.0,-1.54,22178.0,972.0,167.5
LBL,1/19/2016,574.0,577.0,569.0,570.0,-0.7,18051.0,972.0,167.5
LBL,1/20/2016,570.0,590.0,570.0,580.0,1.75,17728.0,972.0,167.5
LBL,1/21/2016,580.0,590.0,581.0,589.0,1.55,38728.0,972.0,167.5
LBL,1/24/2016,589.0,593.0,585.0,585.0,-0.68,57788.0,972.0,167.5
LBL,1/25/2016,585.0,592.0,582.0,582.0,-0.51,8935.0,972.0,167.5
LBL,1/26/2016,582.0,588.0,584.0,585.0,0.52,4816.0,972.0,167.5
LBL,1/27/2016,585.0,591.0,583.0,584.0,-0.17,6531.0,972.0,167.5
LBL,1/28/2016,584.0,590.0,584.0,584.0,0.0,13629.0,972.0,167.5
LBL,1/31/2016,584.0,589.0,580.0,582.0,-0.34,7914.0,972.0,167.5
LBL,2/1/2016,582.0,590.0,580.0,585.0,0.52,12213.0,972.0,167.5
LBL,2/2/2016,585.0,590.0,585.0,585.0,0.0,12681.0,972.0,167.5
LBL,2/3/2016,585.0,590.0,585.0,590.0,0.85,8270.0,972.0,167.5
LBL,2/4/2016,590.0,594.0,585.0,588.0,-0.34,15415.0,972.0,167.5
LBL,2/7/2016,588.0,599.0,590.0,591.0,0.51,18240.0,972.0,167.5
LBL,2/8/2016,591.0,602.0,590.0,595.0,0.68,7178.0,972.0,167.5
LBL,2/11/2016,595.0,607.0,590.0,599.0,0.67,11424.0,972.0,167.5
LBL,2/14/2016,599.0,619.0,600.0,609.0,1.67,26337.0,972.0,167.5
LBL,2/15/2016,609.0,612.0,601.0,611.0,0.33,15202.0,972.0,167.5
LBL,2/16/2016,611.0,616.0,610.0,615.0,0.65,10628.0,972.0,167.5
LBL,2/17/2016,615.0,629.0,615.0,629.0,2.28,12573.0,972.0,167.5
LBL,2/18/2016,629.0,636.0,621.0,625.0,-0.64,14107.0,972.0,167.5
LBL,2/21/2016,625.0,639.0,625.0,633.0,1.28,12986.0,972.0,167.5
LBL,2/22/2016,633.0,636.0,632.0,633.0,0.0,13858.0,972.0,167.5
LBL,2/23/2016,633.0,644.0,633.0,638.0,0.79,11141.0,972.0,167.5
LBL,2/24/2016,638.0,645.0,630.0,633.0,-0.78,6998.0,972.0,167.5
LBL,2/25/2016,633.0,640.0,625.0,625.0,-1.26,9300.0,972.0,167.5
LBL,2/28/2016,625.0,626.0,618.0,618.0,-1.12,6586.0,972.0,167.5
LBL,2/29/2016,618.0,620.0,608.0,611.0,-1.13,7998.0,972.0,167.5
LBL,3/1/2016,611.0,630.0,605.0,619.0,1.31,5525.0,972.0,167.5
LBL,3/2/2016,619.0,622.0,617.0,620.0,0.16,8083.0,972.0,167.5
LBL,3/3/2016,620.0,621.0,615.0,616.0,-0.65,2445.0,972.0,167.5
LBL,3/6/2016,616.0,628.0,612.0,615.0,-0.16,9543.0,972.0,167.5
LBL,3/10/2016,615.0,630.0,622.0,622.0,1.14,8832.0,972.0,167.5
LBL,3/13/2016,622.0,635.0,622.0,631.0,1.45,10493.0,972.0,167.5
LBL,3/14/2016,631.0,635.0,622.0,623.0,-1.27,5705.0,972.0,167.5
LBL,3/15/2016,623.0,628.0,618.0,624.0,0.16,5960.0,972.0,167.5
LBL,3/16/2016,624.0,633.0,620.0,633.0,1.44,4638.0,972.0,167.5
LBL,3/17/2016,633.0,635.0,630.0,630.0,-0.47,5846.0,972.0,167.5
LBL,3/20/2016,630.0,634.0,625.0,630.0,0.0,4947.0,972.0,167.5
LBL,3/21/2016,630.0,640.0,630.0,633.0,0.48,7208.0,972.0,167.5
LBL,3/23/2016,633.0,636.0,630.0,632.0,-0.16,5132.0,972.0,167.5
LBL,3/24/2016,632.0,636.0,629.0,630.0,-0.32,7595.0,972.0,167.5
LBL,3/27/2016,630.0,652.0,630.0,650.0,3.17,19949.0,972.0,167.5
LBL,3/28/2016,650.0,649.0,642.0,645.0,-0.77,8363.0,972.0,167.5
LBL,3/29/2016,645.0,645.0,633.0,643.0,-0.31,4054.0,972.0,167.5
LBL,3/30/2016,643.0,650.0,640.0,645.0,0.31,4468.0,972.0,167.5
LBL,3/31/2016,645.0,645.0,640.0,641.0,-0.62,5888.0,972.0,167.5
LBL,4/3/2016,641.0,635.0,622.0,627.0,-2.18,4115.0,972.0,167.5
LBL,4/4/2016,627.0,636.0,629.0,633.0,0.96,5359.0,972.0,167.5
LBL,4/5/2016,633.0,639.0,628.0,639.0,0.95,3493.0,972.0,167.5
LBL,4/6/2016,639.0,643.0,635.0,640.0,0.16,13165.0,972.0,167.5
LBL,4/10/2016,640.0,640.0,630.0,640.0,0.0,15871.0,972.0,167.5
LBL,4/11/2016,640.0,641.0,636.0,639.0,-0.16,4164.0,972.0,167.5
LBL,4/12/2016,639.0,641.0,638.0,638.0,-0.16,7484.0,972.0,167.5
LBL,4/14/2016,638.0,641.0,632.0,640.0,0.31,1298.0,972.0,167.5
LBL,4/17/2016,640.0,658.0,643.0,658.0,2.81,11524.0,972.0,167.5
LBL,4/18/2016,658.0,675.0,657.0,672.0,2.13,16841.0,972.0,167.5
LBL,4/19/2016,672.0,677.0,665.0,670.0,-0.3,9442.0,972.0,167.5
LBL,4/20/2016,670.0,682.0,670.0,680.0,1.49,14455.0,972.0,167.5
LBL,4/21/2016,680.0,689.0,672.0,681.0,0.15,34440.0,972.0,167.5
LBL,4/24/2016,681.0,690.0,676.0,683.0,0.29,9939.0,972.0,167.5
LBL,4/25/2016,683.0,688.0,674.0,685.0,0.29,14338.0,972.0,167.5
LBL,4/26/2016,685.0,695.0,680.0,680.0,-0.73,12217.0,972.0,167.5
LBL,4/27/2016,680.0,683.0,674.0,680.0,0.0,4870.0,972.0,167.5
LBL,4/28/2016,680.0,683.0,667.0,667.0,-1.91,6359.0,972.0,167.5
LBL,5/2/2016,667.0,675.0,668.0,670.0,0.45,16920.0,972.0,167.5
LBL,5/3/2016,670.0,670.0,661.0,663.0,-1.04,9683.0,972.0,167.5
LBL,5/4/2016,663.0,676.0,660.0,672.0,1.36,11932.0,972.0,167.5
LBL,5/5/2016,672.0,671.0,661.0,671.0,-0.15,8641.0,972.0,167.5
LBL,5/8/2016,671.0,680.0,670.0,675.0,0.6,12972.0,972.0,167.5
LBL,5/9/2016,675.0,691.0,679.0,691.0,2.37,13878.0,972.0,167.5
LBL,5/10/2016,691.0,708.0,685.0,693.0,0.29,14587.0,972.0,167.5
LBL,5/11/2016,693.0,694.0,681.0,685.0,-1.15,9699.0,972.0,167.5
LBL,5/12/2016,685.0,690.0,680.0,686.0,0.15,9690.0,972.0,167.5
LBL,5/15/2016,686.0,683.0,675.0,675.0,-1.6,8797.0,972.0,167.5
LBL,5/16/2016,675.0,688.0,680.0,680.0,0.74,11309.0,972.0,167.5
LBL,5/17/2016,680.0,689.0,681.0,688.0,1.18,10139.0,972.0,167.5
LBL,5/18/2016,688.0,713.0,693.0,712.0,3.49,36776.0,972.0,167.5
LBL,5/19/2016,712.0,739.0,715.0,735.0,3.23,47972.0,972.0,167.5
LBL,5/22/2016,735.0,784.0,741.0,775.0,5.44,47332.0,972.0,167.5
LBL,5/23/2016,775.0,785.0,761.0,772.0,-0.39,15357.0,972.0,167.5
LBL,5/24/2016,772.0,786.0,773.0,775.0,0.39,22700.0,972.0,167.5
LBL,5/25/2016,775.0,775.0,745.0,759.0,-2.06,22101.0,972.0,167.5
LBL,5/26/2016,759.0,770.0,726.0,750.0,-1.19,20815.0,972.0,167.5
LBL,5/29/2016,750.0,775.0,745.0,750.0,0.0,19737.0,972.0,167.5
LBL,5/30/2016,750.0,770.0,750.0,758.0,1.07,12965.0,972.0,167.5
LBL,5/31/2016,758.0,770.0,754.0,754.0,-0.53,15262.0,972.0,167.5
LBL,6/1/2016,754.0,759.0,748.0,753.0,-0.13,9967.0,972.0,167.5
LBL,6/2/2016,753.0,760.0,747.0,747.0,-0.8,20279.0,972.0,167.5
LBL,6/5/2016,747.0,747.0,715.0,715.0,-4.28,15022.0,972.0,167.5
LBL,6/6/2016,715.0,755.0,723.0,740.0,3.5,10645.0,972.0,167.5
LBL,6/7/2016,740.0,765.0,746.0,760.0,2.7,18113.0,972.0,167.5
LBL,6/8/2016,760.0,805.0,760.0,785.0,3.29,25072.0,972.0,167.5
LBL,6/9/2016,785.0,795.0,775.0,780.0,-0.64,10484.0,972.0,167.5
LBL,6/12/2016,780.0,795.0,784.0,785.0,0.64,19520.0,972.0,167.5
LBL,6/13/2016,785.0,800.0,784.0,789.0,0.51,18831.0,972.0,167.5
LBL,6/14/2016,789.0,804.0,788.0,797.0,1.01,25613.0,972.0,167.5
LBL,6/15/2016,797.0,800.0,777.0,790.0,-0.88,18732.0,972.0,167.5
LBL,6/16/2016,790.0,790.0,771.0,775.0,-1.9,3765.0,972.0,167.5
LBL,6/19/2016,775.0,785.0,760.0,779.0,0.52,9314.0,972.0,167.5
LBL,6/20/2016,779.0,777.0,771.0,775.0,-0.51,6224.0,972.0,167.5
LBL,6/21/2016,775.0,780.0,770.0,780.0,0.65,14215.0,972.0,167.5
LBL,6/22/2016,780.0,800.0,785.0,785.0,0.64,11934.0,972.0,167.5
LBL,6/23/2016,785.0,793.0,783.0,786.0,0.13,14321.0,972.0,167.5
LBL,6/26/2016,786.0,800.0,785.0,800.0,1.78,21660.0,972.0,167.5
LBL,6/27/2016,800.0,830.0,808.0,825.0,3.12,24982.0,972.0,167.5
LBL,6/28/2016,825.0,867.0,834.0,858.0,4.0,28081.0,972.0,167.5
LBL,6/29/2016,858.0,875.0,850.0,850.0,-0.93,23229.0,972.0,167.5
LBL,6/30/2016,850.0,860.0,835.0,858.0,0.94,24619.0,972.0,167.5
LBL,7/3/2016,858.0,870.0,850.0,855.0,-0.35,7953.0,972.0,167.5
LBL,7/4/2016,855.0,850.0,820.0,840.0,-1.75,7283.0,972.0,167.5
LBL,7/5/2016,840.0,840.0,825.0,838.0,-0.24,12434.0,972.0,167.5
LBL,7/6/2016,838.0,846.0,837.0,842.0,0.48,5171.0,972.0,167.5
LBL,7/10/2016,842.0,860.0,840.0,850.0,0.95,13317.0,972.0,167.5
LBL,7/11/2016,850.0,860.0,821.0,835.0,-1.76,20424.0,972.0,167.5
LBL,7/12/2016,835.0,835.0,790.0,832.0,-0.36,14992.0,972.0,167.5
LBL,7/13/2016,832.0,832.0,808.0,822.0,-1.2,9759.0,972.0,167.5
LBL,7/14/2016,822.0,849.0,825.0,832.0,1.22,7398.0,972.0,167.5
LBL,7/17/2016,832.0,851.0,830.0,842.0,1.2,25584.0,972.0,167.5
LBL,7/18/2016,842.0,880.0,845.0,874.0,3.8,22516.0,972.0,167.5
LBL,7/19/2016,874.0,900.0,884.0,894.0,2.29,21168.0,972.0,167.5
LBL,7/20/2016,894.0,905.0,870.0,870.0,-2.68,20575.0,972.0,167.5
LBL,7/21/2016,870.0,885.0,871.0,876.0,0.69,8321.0,972.0,167.5
LBL,7/25/2016,876.0,900.0,888.0,895.0,2.17,17467.0,972.0,167.5
LBL,7/26/2016,895.0,915.0,885.0,910.0,1.68,33877.0,972.0,167.5
LBL,7/27/2016,910.0,956.0,910.0,956.0,5.05,24705.0,972.0,167.5
LBL,7/28/2016,956.0,972.0,931.0,963.0,0.73,21690.0,972.0,167.5
LBL,7/31/2016,963.0,960.0,925.0,930.0,-3.43,10855.0,972.0,167.5
LBL,8/1/2016,930.0,930.0,894.0,910.0,-2.15,13569.0,972.0,167.5
LBL,8/2/2016,910.0,910.0,882.0,898.0,-1.32,19454.0,972.0,167.5
LBL,8/3/2016,898.0,905.0,885.0,903.0,0.56,16541.0,972.0,167.5
LBL,8/4/2016,903.0,905.0,871.0,890.0,-1.44,22850.0,972.0,167.5
LBL,8/7/2016,890.0,906.0,875.0,880.0,-1.12,17341.0,972.0,167.5
LBL,8/8/2016,880.0,870.0,819.0,835.0,-5.11,11382.0,972.0,167.5
LBL,8/10/2016,835.0,896.0,851.0,888.0,6.35,24942.0,972.0,167.5
LBL,8/11/2016,888.0,910.0,873.0,877.0,-1.24,28645.0,972.0,167.5
LBL,8/14/2016,877.0,879.0,870.0,870.0,-0.8,10889.0,972.0,167.5
LBL,8/15/2016,870.0,865.0,825.0,860.0,-1.15,18137.0,972.0,167.5
LBL,8/16/2016,860.0,884.0,842.0,860.0,0.0,18886.0,972.0,167.5
LBL,8/17/2016,860.0,878.0,865.0,868.0,0.93,10843.0,972.0,167.5
LBL,8/21/2016,868.0,890.0,867.0,867.0,-0.12,18884.0,972.0,167.5
LBL,8/22/2016,867.0,865.0,857.0,860.0,-0.81,7782.0,972.0,167.5
LBL,8/23/2016,860.0,875.0,845.0,852.0,-0.93,10813.0,972.0,167.5
LBL,8/24/2016,852.0,877.0,850.0,865.0,1.53,8185.0,972.0,167.5
LBL,8/28/2016,865.0,875.0,848.0,848.0,-1.97,15135.0,972.0,167.5
LBL,8/29/2016,848.0,882.0,845.0,875.0,3.18,32961.0,972.0,167.5
LBL,8/30/2016,875.0,900.0,875.0,885.0,1.14,19551.0,972.0,167.5
LBL,8/31/2016,885.0,900.0,881.0,893.0,0.9,11085.0,972.0,167.5
LBL,9/1/2016,893.0,900.0,885.0,889.0,-0.45,11342.0,972.0,167.5
LBL,9/3/2016,889.0,900.0,885.0,900.0,1.24,18048.0,972.0,167.5
LBL,9/4/2016,889.0,900.0,885.0,900.0,0.0,18048.0,972.0,167.5
LBL,9/5/2016,900.0,922.0,900.0,910.0,1.11,32975.0,972.0,167.5
LBL,9/6/2016,910.0,939.0,897.0,930.0,2.2,24342.0,972.0,167.5
LBL,9/7/2016,930.0,920.0,885.0,897.0,-3.55,16644.0,972.0,167.5
LBL,9/8/2016,897.0,910.0,896.0,903.0,0.67,10700.0,972.0,167.5
LBL,9/11/2016,903.0,910.0,890.0,890.0,-1.44,21663.0,972.0,167.5
LBL,9/12/2016,890.0,895.0,886.0,891.0,0.11,6886.0,972.0,167.5
LBL,9/14/2016,891.0,895.0,881.0,883.0,-0.9,10911.0,972.0,167.5
LBL,9/18/2016,883.0,890.0,871.0,880.0,-0.34,14921.0,972.0,167.5
LBL,9/20/2016,880.0,890.0,872.0,878.0,-0.23,8165.0,972.0,167.5
LBL,9/21/2016,878.0,879.0,862.0,868.0,-1.14,8995.0,972.0,167.5
LBL,9/22/2016,868.0,867.0,856.0,863.0,-0.58,4811.0,972.0,167.5
LBL,9/25/2016,863.0,875.0,836.0,875.0,1.39,16472.0,972.0,167.5
LBL,9/26/2016,875.0,910.0,860.0,890.0,1.71,22065.0,972.0,167.5
LBL,9/27/2016,890.0,900.0,870.0,881.0,-1.01,12299.0,972.0,167.5
LBL,9/28/2016,881.0,885.0,870.0,871.0,-1.14,4011.0,972.0,167.5
LBL,9/29/2016,871.0,890.0,870.0,890.0,2.18,10968.0,972.0,167.5
LBL,10/2/2016,890.0,893.0,886.0,890.0,0.0,7423.0,972.0,167.5
LBL,10/3/2016,890.0,895.0,880.0,882.0,-0.9,8364.0,972.0,167.5
LBL,10/4/2016,882.0,904.0,881.0,893.0,1.25,18407.0,972.0,167.5
LBL,10/5/2016,893.0,903.0,892.0,899.0,0.67,12261.0,972.0,167.5
LBL,10/6/2016,899.0,916.0,897.0,901.0,0.22,11158.0,972.0,167.5
LBL,10/16/2016,901.0,910.0,887.0,895.0,-0.67,4819.0,972.0,167.5
LBL,10/17/2016,895.0,890.0,876.0,876.0,-2.12,2940.0,972.0,167.5
LBL,10/18/2016,876.0,879.0,868.0,875.0,-0.11,6387.0,972.0,167.5
LBL,10/19/2016,875.0,885.0,875.0,880.0,0.57,4175.0,972.0,167.5
LBL,10/20/2016,880.0,885.0,880.0,882.0,0.23,6286.0,972.0,167.5
LBL,10/23/2016,882.0,884.0,871.0,878.0,-0.45,5894.0,972.0,167.5
LBL,10/24/2016,878.0,889.0,869.0,873.0,-0.57,11936.0,972.0,167.5
LBL,10/25/2016,873.0,873.0,847.0,865.0,-0.92,7061.0,972.0,167.5
LBL,10/26/2016,865.0,865.0,851.0,860.0,-0.58,4896.0,972.0,167.5
LBL,10/27/2016,860.0,869.0,855.0,855.0,-0.58,3217.0,972.0,167.5
LBL,11/3/2016,855.0,874.0,855.0,874.0,2.22,8422.0,972.0,167.5
LBL,11/7/2016,874.0,880.0,855.0,860.0,-1.6,6235.0,972.0,167.5
LBL,11/8/2016,860.0,851.0,839.0,841.0,-2.21,5062.0,972.0,167.5
LBL,11/9/2016,841.0,843.0,821.0,825.0,-1.9,5586.0,972.0,167.5
LBL,11/10/2016,825.0,830.0,812.0,822.0,-0.36,9610.0,972.0,167.5
LBL,11/13/2016,822.0,832.0,822.0,827.0,0.61,3773.0,972.0,167.5
LBL,11/14/2016,827.0,835.0,825.0,825.0,-0.24,3719.0,972.0,167.5
LBL,11/15/2016,825.0,832.0,825.0,825.0,0.0,7412.0,972.0,167.5
LBL,11/16/2016,825.0,830.0,820.0,830.0,0.61,2249.0,972.0,167.5
LBL,11/17/2016,830.0,828.0,808.0,810.0,-2.41,14642.0,972.0,167.5
LBL,11/20/2016,810.0,811.0,770.0,775.0,-4.32,5943.0,972.0,167.5
LBL,11/21/2016,775.0,775.0,735.0,760.0,-1.94,5067.0,972.0,167.5
LBL,11/22/2016,760.0,780.0,740.0,749.0,-1.45,13192.0,972.0,167.5
LBL,11/23/2016,749.0,745.0,716.0,725.0,-3.2,14681.0,972.0,167.5
LBL,11/24/2016,725.0,740.0,715.0,715.0,-1.38,8868.0,972.0,167.5
LBL,11/27/2016,715.0,714.0,662.0,662.0,-7.41,12509.0,972.0,167.5
LBL,11/28/2016,662.0,703.0,608.0,685.0,3.47,26400.0,972.0,167.5
LBL,11/29/2016,685.0,728.0,659.0,728.0,6.28,21167.0,972.0,167.5
LBL,11/30/2016,728.0,768.0,720.0,768.0,5.49,11215.0,972.0,167.5
LBL,12/1/2016,768.0,785.0,753.0,758.0,-1.3,14292.0,972.0,167.5
LBL,12/4/2016,758.0,765.0,740.0,751.0,-0.92,16668.0,972.0,167.5
LBL,12/5/2016,751.0,755.0,735.0,743.0,-1.07,11678.0,972.0,167.5
LBL,12/6/2016,743.0,740.0,726.0,736.0,-0.94,3018.0,972.0,167.5
LBL,12/7/2016,736.0,740.0,720.0,730.0,-0.82,9129.0,972.0,167.5
LBL,12/8/2016,730.0,735.0,725.0,730.0,0.0,8646.0,972.0,167.5
LBL,12/11/2016,730.0,740.0,728.0,729.0,-0.14,4476.0,972.0,167.5
LBL,12/12/2016,729.0,735.0,713.0,725.0,-0.55,7652.0,972.0,167.5
LBL,12/14/2016,725.0,732.0,726.0,726.0,0.14,1209.0,972.0,167.5
LBL,12/15/2016,726.0,732.0,724.0,730.0,0.55,8790.0,972.0,167.5
LBL,12/18/2016,730.0,729.0,720.0,724.0,-0.82,3446.0,972.0,167.5
LBL,12/19/2016,724.0,730.0,717.0,720.0,-0.55,2099.0,972.0,167.5
LBL,12/20/2016,720.0,716.0,707.0,715.0,-0.69,2754.0,972.0,167.5
LBL,12/21/2016,715.0,726.0,697.0,707.0,-1.12,3865.0,972.0,167.5
LBL,12/22/2016,707.0,727.0,700.0,717.0,1.41,5539.0,972.0,167.5
LBL,12/26/2016,717.0,710.0,689.0,689.0,-3.91,10217.0,972.0,167.5
LBL,12/27/2016,689.0,694.0,648.0,674.0,-2.18,8908.0,972.0,167.5
LBL,12/28/2016,674.0,686.0,665.0,678.0,0.59,5659.0,972.0,167.5
LBL,12/29/2016,678.0,702.0,685.0,689.0,1.62,6217.0,972.0,167.5
LBL,1/1/2017,689.0,710.0,699.0,700.0,1.6,6245.0,972.0,167.5
LBL,1/2/2017,700.0,705.0,692.0,700.0,0.0,6835.0,972.0,167.5
LBL,1/3/2017,700.0,700.0,686.0,687.0,-1.86,7418.0,972.0,167.5
LBL,1/4/2017,687.0,706.0,667.0,700.0,1.89,18825.0,972.0,167.5
LBL,1/5/2017,700.0,714.0,700.0,705.0,0.71,12528.0,972.0,167.5
LBL,1/8/2017,705.0,700.0,692.0,700.0,-0.71,2709.0,972.0,167.5
LBL,1/9/2017,700.0,714.0,700.0,700.0,0.0,5276.0,972.0,167.5
LBL,1/10/2017,700.0,710.0,700.0,708.0,1.14,4797.0,972.0,167.5
LBL,1/11/2017,708.0,709.0,700.0,705.0,-0.42,4057.0,972.0,167.5
LBL,1/12/2017,705.0,765.0,719.0,763.0,8.23,50456.0,972.0,167.5
LBL,1/15/2017,763.0,800.0,766.0,784.0,2.75,28932.0,972.0,167.5
LBL,1/16/2017,784.0,790.0,765.0,770.0,-1.79,11245.0,972.0,167.5
LBL,1/17/2017,770.0,771.0,754.0,758.0,-1.56,10163.0,972.0,167.5
LBL,1/18/2017,758.0,768.0,750.0,765.0,0.92,7660.0,972.0,167.5
LBL,1/19/2017,765.0,765.0,758.0,760.0,-0.65,10781.0,972.0,167.5
LBL,1/22/2017,760.0,775.0,750.0,760.0,0.0,4691.0,972.0,167.5
LBL,1/23/2017,760.0,759.0,751.0,757.0,-0.39,4696.0,972.0,167.5
LBL,1/24/2017,757.0,750.0,735.0,749.0,-1.06,5468.0,972.0,167.5
LBL,1/25/2017,749.0,745.0,720.0,732.0,-2.27,4654.0,972.0,167.5
LBL,1/26/2017,732.0,740.0,696.0,720.0,-1.64,8719.0,972.0,167.5
LBL,1/30/2017,720.0,720.0,660.0,660.0,-8.33,7914.0,972.0,167.5
LBL,1/31/2017,660.0,694.0,635.0,694.0,5.15,12426.0,972.0,167.5
LBL,2/1/2017,694.0,730.0,689.0,730.0,5.19,6354.0,972.0,167.5
LBL,2/2/2017,730.0,757.0,716.0,725.0,-0.68,8967.0,972.0,167.5
LBL,2/5/2017,725.0,725.0,688.0,718.0,-0.97,5868.0,972.0,167.5
LBL,2/6/2017,718.0,718.0,699.0,702.0,-2.23,5280.0,972.0,167.5
LBL,2/7/2017,702.0,704.0,695.0,696.0,-0.85,6791.0,972.0,167.5
LBL,2/8/2017,696.0,696.0,690.0,695.0,-0.14,5467.0,972.0,167.5
LBL,2/9/2017,695.0,695.0,667.0,670.0,-3.6,11716.0,972.0,167.5
LBL,2/12/2017,670.0,675.0,645.0,655.0,-2.24,15515.0,972.0,167.5
LBL,2/13/2017,655.0,670.0,628.0,670.0,2.29,14116.0,972.0,167.5
LBL,2/14/2017,670.0,680.0,650.0,676.0,0.9,21666.0,972.0,167.5
LBL,2/15/2017,676.0,683.0,670.0,681.0,0.74,16133.0,972.0,167.5
LBL,2/16/2017,681.0,695.0,680.0,692.0,1.62,19533.0,972.0,167.5
LBL,2/19/2017,692.0,701.0,679.0,700.0,1.16,12287.0,972.0,167.5
LBL,2/20/2017,700.0,713.0,700.0,705.0,0.71,12515.0,972.0,167.5
LBL,2/21/2017,705.0,719.0,691.0,691.0,-1.99,8752.0,972.0,167.5
LBL,2/22/2017,691.0,694.0,675.0,690.0,-0.14,3817.0,972.0,167.5
LBL,2/23/2017,690.0,695.0,689.0,694.0,0.58,2599.0,972.0,167.5
LBL,2/26/2017,694.0,695.0,686.0,694.0,0.0,4370.0,972.0,167.5
LBL,2/28/2017,694.0,690.0,680.0,685.0,-1.3,7543.0,972.0,167.5
LBL,3/1/2017,685.0,698.0,685.0,695.0,1.46,2575.0,972.0,167.5
LBL,3/2/2017,695.0,698.0,694.0,694.0,-0.14,4805.0,972.0,167.5
LBL,3/5/2017,694.0,702.0,694.0,701.0,1.01,9266.0,972.0,167.5
LBL,3/6/2017,701.0,715.0,702.0,708.0,1.0,2581.0,972.0,167.5
LBL,3/7/2017,708.0,703.0,696.0,696.0,-1.69,6477.0,972.0,167.5
LBL,3/9/2017,696.0,713.0,695.0,710.0,2.01,8569.0,972.0,167.5
LBL,3/13/2017,710.0,715.0,705.0,705.0,-0.7,3548.0,972.0,167.5
LBL,3/14/2017,705.0,735.0,701.0,721.0,2.27,12241.0,972.0,167.5
LBL,3/15/2017,721.0,733.0,721.0,730.0,1.25,19498.0,972.0,167.5
LBL,3/16/2017,730.0,740.0,718.0,736.0,0.82,40240.0,972.0,167.5
LBL,3/19/2017,736.0,760.0,728.0,754.0,2.45,31598.0,972.0,167.5
LBL,3/20/2017,754.0,765.0,745.0,745.0,-1.19,35734.0,972.0,167.5
LBL,3/21/2017,745.0,775.0,742.0,770.0,3.36,24558.0,972.0,167.5
LBL,3/22/2017,770.0,792.0,755.0,770.0,0.0,25233.0,972.0,167.5
LBL,3/23/2017,770.0,780.0,760.0,764.0,-0.78,13145.0,972.0,167.5
LBL,3/26/2017,764.0,798.0,770.0,780.0,2.09,72692.0,972.0,167.5
LBL,3/28/2017,780.0,820.0,780.0,800.0,2.56,57214.0,972.0,167.5
LBL,3/29/2017,800.0,814.0,776.0,777.0,-2.88,88343.0,972.0,167.5
LBL,3/30/2017,777.0,800.0,776.0,798.0,2.7,150858.0,972.0,167.5
LBL,4/3/2017,449.0,493.0,457.0,485.0,-39.22,42699.0,972.0,167.5
LBL,4/4/2017,485.0,510.0,480.0,485.0,0.0,37766.0,972.0,167.5
LBL,4/6/2017,485.0,500.0,475.0,485.0,0.0,25694.0,972.0,167.5
LBL,4/9/2017,485.0,492.0,475.0,480.0,-1.03,16826.0,972.0,167.5
LBL,4/10/2017,480.0,484.0,472.0,480.0,0.0,5686.0,972.0,167.5
LBL,4/11/2017,480.0,492.0,480.0,487.0,1.46,10200.0,972.0,167.5
LBL,4/12/2017,487.0,495.0,480.0,480.0,-1.44,15603.0,972.0,167.5
LBL,4/13/2017,480.0,480.0,472.0,480.0,0.0,6401.0,972.0,167.5
LBL,4/16/2017,480.0,489.0,462.0,465.0,-3.12,10489.0,972.0,167.5
LBL,4/18/2017,465.0,511.0,456.0,495.0,6.45,109244.0,972.0,167.5
LBL,4/19/2017,495.0,510.0,484.0,494.0,-0.2,31289.0,972.0,167.5
LBL,4/20/2017,494.0,500.0,485.0,495.0,0.2,16092.0,972.0,167.5
LBL,4/23/2017,495.0,530.0,495.0,499.0,0.81,18955.0,972.0,167.5
LBL,4/24/2017,499.0,498.0,482.0,490.0,-1.8,12407.0,972.0,167.5
LBL,4/25/2017,490.0,489.0,480.0,484.0,-1.22,30415.0,972.0,167.5
LBL,4/26/2017,484.0,488.0,479.0,480.0,-0.83,15129.0,972.0,167.5
LBL,4/27/2017,480.0,483.0,470.0,477.0,-0.62,12545.0,972.0,167.5
LBL,4/30/2017,477.0,477.0,460.0,470.0,-1.47,4782.0,972.0,167.5
LBL,5/2/2017,470.0,484.0,461.0,475.0,1.06,13874.0,972.0,167.5
LBL,5/3/2017,475.0,519.0,477.0,504.0,6.11,75271.0,972.0,167.5
LBL,5/4/2017,504.0,523.0,495.0,500.0,-0.79,43219.0,972.0,167.5
LBL,5/7/2017,500.0,510.0,481.0,487.0,-2.6,8578.0,972.0,167.5
LBL,5/8/2017,487.0,492.0,484.0,487.0,0.0,10304.0,972.0,167.5
LBL,5/9/2017,487.0,492.0,481.0,485.0,-0.41,9833.0,972.0,167.5
LBL,5/11/2017,485.0,494.0,482.0,482.0,-0.62,11480.0,972.0,167.5
LBL,5/15/2017,482.0,510.0,485.0,491.0,1.87,13496.0,972.0,167.5
LBL,5/16/2017,491.0,499.0,485.0,490.0,-0.2,6784.0,972.0,167.5
LBL,5/17/2017,490.0,499.0,482.0,485.0,-1.02,3023.0,972.0,167.5
LBL,5/18/2017,485.0,485.0,477.0,478.0,-1.44,6555.0,972.0,167.5
LBL,5/21/2017,478.0,484.0,472.0,472.0,-1.26,7396.0,972.0,167.5
LBL,5/22/2017,472.0,475.0,466.0,470.0,-0.42,4043.0,972.0,167.5
LBL,5/23/2017,470.0,479.0,461.0,464.0,-1.28,7312.0,972.0,167.5
LBL,5/24/2017,464.0,476.0,460.0,473.0,1.94,3234.0,972.0,167.5
LBL,5/28/2017,473.0,475.0,467.0,471.0,-0.42,7784.0,972.0,167.5
LBL,5/30/2017,471.0,470.0,460.0,460.0,-2.34,8798.0,972.0,167.5
LBL,5/31/2017,460.0,475.0,452.0,475.0,3.26,10409.0,972.0,167.5
LBL,6/1/2017,475.0,484.0,468.0,470.0,-1.05,2479.0,972.0,167.5
LBL,6/4/2017,470.0,488.0,470.0,478.0,1.7,12053.0,972.0,167.5
LBL,6/5/2017,478.0,487.0,472.0,483.0,1.05,17643.0,972.0,167.5
LBL,6/6/2017,483.0,495.0,485.0,492.0,1.86,13316.0,972.0,167.5
LBL,6/7/2017,492.0,505.0,486.0,492.0,0.0,18055.0,972.0,167.5
LBL,6/8/2017,492.0,492.0,483.0,488.0,-0.81,7458.0,972.0,167.5
LBL,6/11/2017,488.0,492.0,477.0,480.0,-1.64,8390.0,972.0,167.5
LBL,6/12/2017,480.0,480.0,465.0,470.0,-2.08,7700.0,972.0,167.5
LBL,6/13/2017,470.0,491.0,475.0,484.0,2.98,36023.0,972.0,167.5
LBL,6/14/2017,484.0,493.0,484.0,485.0,0.21,20554.0,972.0,167.5
LBL,6/15/2017,485.0,490.0,484.0,490.0,1.03,28811.0,972.0,167.5
LBL,6/18/2017,414.0,415.0,405.0,408.0,-16.73,9839.0,972.0,167.5
LBL,6/19/2017,408.0,403.0,395.0,400.0,-1.96,8532.0,972.0,167.5
LBL,6/20/2017,400.0,399.0,389.0,393.0,-1.75,2841.0,972.0,167.5
LBL,6/21/2017,393.0,397.0,388.0,390.0,-0.76,2500.0,972.0,167.5
LBL,6/22/2017,390.0,393.0,381.0,384.0,-1.54,8067.0,972.0,167.5
LBL,6/25/2017,384.0,390.0,385.0,388.0,1.04,5206.0,972.0,167.5
LBL,6/27/2017,388.0,392.0,389.0,392.0,1.03,6597.0,972.0,167.5
LBL,6/28/2017,392.0,408.0,391.0,393.0,0.26,20486.0,972.0,167.5
LBL,7/2/2017,393.0,396.0,379.0,379.0,-3.56,7728.0,972.0,167.5
LBL,7/3/2017,379.0,385.0,380.0,380.0,0.26,6000.0,972.0,167.5
LBL,7/4/2017,380.0,390.0,380.0,390.0,2.63,3071.0,972.0,167.5
LBL,7/5/2017,390.0,395.0,385.0,387.0,-0.77,4115.0,972.0,167.5
LBL,7/6/2017,387.0,404.0,383.0,390.0,0.78,27413.0,972.0,167.5
LBL,7/9/2017,390.0,405.0,390.0,391.0,0.26,17869.0,972.0,167.5
LBL,7/10/2017,391.0,392.0,385.0,385.0,-1.53,11685.0,972.0,167.5
LBL,7/11/2017,385.0,390.0,387.0,390.0,1.3,36693.0,972.0,167.5
LBL,7/12/2017,390.0,394.0,387.0,388.0,-0.51,6524.0,972.0,167.5
LBL,7/13/2017,388.0,390.0,385.0,390.0,0.52,7301.0,972.0,167.5
LBL,7/16/2017,390.0,394.0,389.0,390.0,0.0,6752.0,972.0,167.5
LBL,7/17/2017,390.0,395.0,383.0,390.0,0.0,2827.0,972.0,167.5
LBL,7/18/2017,390.0,400.0,388.0,390.0,0.0,5892.0,972.0,167.5
LBL,7/19/2017,390.0,393.0,384.0,385.0,-1.28,11611.0,972.0,167.5
LBL,7/20/2017,385.0,390.0,375.0,375.0,-2.6,14183.0,972.0,167.5
LBL,7/23/2017,375.0,382.0,372.0,374.0,-0.27,9577.0,972.0,167.5
LBL,7/24/2017,374.0,378.0,367.0,368.0,-1.6,14485.0,972.0,167.5
LBL,7/25/2017,368.0,371.0,363.0,365.0,-0.82,11731.0,972.0,167.5
LBL,7/26/2017,365.0,369.0,360.0,361.0,-1.1,13930.0,972.0,167.5
LBL,7/27/2017,361.0,362.0,354.0,359.0,-0.55,12891.0,972.0,167.5
LBL,7/30/2017,359.0,365.0,350.0,360.0,0.28,9410.0,972.0,167.5
LBL,7/31/2017,360.0,370.0,360.0,360.0,0.0,15112.0,972.0,167.5
LBL,8/1/2017,360.0,368.0,355.0,355.0,-1.39,12143.0,972.0,167.5
LBL,8/2/2017,355.0,365.0,359.0,360.0,1.41,9803.0,972.0,167.5
LBL,8/3/2017,360.0,361.0,356.0,358.0,-0.56,9036.0,972.0,167.5
LBL,8/6/2017,358.0,362.0,355.0,359.0,0.28,11315.0,972.0,167.5
LBL,8/7/2017,359.0,359.0,351.0,351.0,-2.23,13297.0,972.0,167.5
LBL,8/9/2017,351.0,356.0,348.0,353.0,0.57,12807.0,972.0,167.5
LBL,8/10/2017,353.0,355.0,345.0,345.0,-2.27,17183.0,972.0,167.5
LBL,8/13/2017,345.0,348.0,335.0,336.0,-2.61,14947.0,972.0,167.5
LBL,8/15/2017,336.0,337.0,327.0,334.0,-0.6,15659.0,972.0,167.5
LBL,8/16/2017,334.0,339.0,330.0,333.0,-0.3,28451.0,972.0,167.5
LBL,8/17/2017,333.0,339.0,330.0,335.0,0.6,22400.0,972.0,167.5
LBL,8/20/2017,335.0,355.0,341.0,355.0,5.97,50249.0,972.0,167.5
LBL,8/21/2017,355.0,375.0,360.0,367.0,3.38,37999.0,972.0,167.5
LBL,8/22/2017,367.0,371.0,362.0,364.0,-0.82,30988.0,972.0,167.5
LBL,8/23/2017,364.0,362.0,357.0,358.0,-1.65,15860.0,972.0,167.5
LBL,8/24/2017,358.0,361.0,353.0,360.0,0.56,5276.0,972.0,167.5
LBL,8/27/2017,360.0,367.0,360.0,365.0,1.39,13876.0,972.0,167.5
LBL,8/28/2017,365.0,365.0,351.0,353.0,-3.29,5452.0,972.0,167.5
LBL,8/30/2017,353.0,355.0,340.0,345.0,-2.27,13976.0,972.0,167.5
LBL,8/31/2017,345.0,350.0,337.0,339.0,-1.74,13029.0,972.0,167.5
LBL,9/4/2017,339.0,340.0,335.0,336.0,-0.88,11055.0,972.0,167.5
LBL,9/6/2017,336.0,346.0,333.0,339.0,0.89,8609.0,972.0,167.5
LBL,9/7/2017,339.0,340.0,336.0,338.0,-0.29,6457.0,972.0,167.5
LBL,9/10/2017,338.0,337.0,327.0,327.0,-3.25,9332.0,972.0,167.5
LBL,9/11/2017,327.0,329.0,324.0,327.0,0.0,10027.0,972.0,167.5
LBL,9/12/2017,327.0,324.0,321.0,321.0,-1.83,2980.0,972.0,167.5
LBL,9/13/2017,321.0,322.0,315.0,319.0,-0.62,7194.0,972.0,167.5
LBL,9/14/2017,319.0,349.0,317.0,343.0,7.52,6880.0,972.0,167.5
LBL,9/17/2017,343.0,343.0,335.0,339.0,-1.17,11490.0,972.0,167.5
LBL,9/18/2017,339.0,340.0,330.0,333.0,-1.77,6662.0,972.0,167.5
LBL,9/20/2017,333.0,336.0,327.0,333.0,0.0,5458.0,972.0,167.5
LBL,9/24/2017,333.0,333.0,325.0,332.0,-0.3,4719.0,972.0,167.5
LBL,9/25/2017,332.0,335.0,326.0,335.0,0.9,1516.0,972.0,167.5
LBL,9/26/2017,335.0,341.0,335.0,339.0,1.19,2374.0,972.0,167.5
LBL,10/3/2017,339.0,341.0,339.0,340.0,0.29,1242.0,972.0,167.5
LBL,10/4/2017,340.0,343.0,335.0,335.0,-1.47,4928.0,972.0,167.5
LBL,10/8/2017,335.0,335.0,315.0,325.0,-2.99,4345.0,972.0,167.5
LBL,10/9/2017,325.0,324.0,313.0,319.0,-1.85,9816.0,972.0,167.5
LBL,10/10/2017,319.0,325.0,310.0,325.0,1.88,17578.0,972.0,167.5
LBL,10/11/2017,325.0,323.0,316.0,316.0,-2.77,7399.0,972.0,167.5
LBL,10/12/2017,316.0,318.0,311.0,313.0,-0.95,13561.0,972.0,167.5
LBL,10/15/2017,313.0,317.0,314.0,314.0,0.32,2106.0,972.0,167.5
LBL,10/16/2017,314.0,328.0,315.0,328.0,4.46,6046.0,972.0,167.5
LBL,10/17/2017,328.0,334.0,328.0,331.0,0.91,6694.0,972.0,167.5
LBL,10/18/2017,331.0,331.0,325.0,331.0,0.0,3556.0,972.0,167.5
LBL,10/22/2017,331.0,338.0,325.0,333.0,0.6,5971.0,972.0,167.5
LBL,10/23/2017,333.0,339.0,329.0,332.0,-0.3,2829.0,972.0,167.5
LBL,10/24/2017,332.0,336.0,328.0,330.0,-0.6,3621.0,972.0,167.5
LBL,10/25/2017,330.0,333.0,322.0,326.0,-1.21,3234.0,972.0,167.5
LBL,10/29/2017,326.0,326.0,318.0,318.0,-2.45,4446.0,972.0,167.5
LBL,10/30/2017,318.0,321.0,316.0,320.0,0.63,11489.0,972.0,167.5
LBL,10/31/2017,320.0,322.0,316.0,316.0,-1.25,2704.0,972.0,167.5
LBL,11/1/2017,316.0,316.0,311.0,316.0,0.0,7614.0,972.0,167.5
LBL,11/2/2017,316.0,317.0,310.0,314.0,-0.63,6912.0,972.0,167.5
LBL,11/5/2017,314.0,310.0,304.0,304.0,-3.18,11995.0,972.0,167.5
LBL,11/6/2017,304.0,309.0,298.0,305.0,0.33,7562.0,972.0,167.5
LBL,11/7/2017,305.0,311.0,303.0,303.0,-0.66,3079.0,972.0,167.5
LBL,11/8/2017,303.0,305.0,300.0,301.0,-0.66,8025.0,972.0,167.5
LBL,11/9/2017,301.0,305.0,298.0,301.0,0.0,4805.0,972.0,167.5
LBL,11/12/2017,301.0,309.0,300.0,309.0,2.66,7370.0,972.0,167.5
LBL,11/13/2017,309.0,315.0,310.0,313.0,1.29,12770.0,972.0,167.5
LBL,11/14/2017,313.0,319.0,313.0,315.0,0.64,10056.0,972.0,167.5
LBL,11/15/2017,315.0,318.0,309.0,309.0,-1.9,5372.0,972.0,167.5
LBL,11/16/2017,309.0,309.0,300.0,301.0,-2.59,15143.0,972.0,167.5
LBL,11/19/2017,301.0,303.0,300.0,300.0,-0.33,18562.0,972.0,167.5
LBL,11/20/2017,300.0,301.0,296.0,299.0,-0.33,3209.0,972.0,167.5
LBL,11/21/2017,299.0,301.0,298.0,300.0,0.33,4258.0,972.0,167.5
LBL,11/22/2017,300.0,305.0,299.0,301.0,0.33,3637.0,972.0,167.5
LBL,11/23/2017,301.0,304.0,300.0,302.0,0.33,9684.0,972.0,167.5
LBL,11/26/2017,302.0,308.0,300.0,304.0,0.66,41804.0,972.0,167.5
LBL,11/27/2017,276.0,285.0,273.0,282.0,-7.24,12249.0,972.0,167.5
LBL,11/28/2017,282.0,287.0,283.0,286.0,1.42,6239.0,972.0,167.5
LBL,11/29/2017,286.0,289.0,286.0,289.0,1.05,10104.0,972.0,167.5
LBL,11/30/2017,289.0,293.0,285.0,285.0,-1.38,3826.0,972.0,167.5
LBL,12/4/2017,285.0,285.0,280.0,285.0,0.0,8924.0,972.0,167.5
LBL,12/5/2017,285.0,284.0,280.0,284.0,-0.35,10862.0,972.0,167.5
LBL,12/6/2017,284.0,284.0,280.0,284.0,0.0,9160.0,972.0,167.5
LBL,12/10/2017,284.0,289.0,278.0,278.0,-2.11,6783.0,972.0,167.5
LBL,12/11/2017,278.0,278.0,270.0,277.0,-0.36,10458.0,972.0,167.5
LBL,12/12/2017,277.0,275.0,270.0,272.0,-1.81,10900.0,972.0,167.5
LBL,12/13/2017,272.0,275.0,270.0,273.0,0.37,3101.0,972.0,167.5
LBL,12/14/2017,273.0,278.0,270.0,271.0,-0.73,5662.0,972.0,167.5
LBL,12/17/2017,271.0,274.0,266.0,266.0,-1.85,10378.0,972.0,167.5
LBL,12/18/2017,266.0,268.0,265.0,267.0,0.38,9104.0,972.0,167.5
LBL,12/19/2017,267.0,275.0,267.0,270.0,1.12,5577.0,972.0,167.5
LBL,12/20/2017,270.0,271.0,260.0,271.0,0.37,7878.0,972.0,167.5
LBL,12/21/2017,271.0,271.0,268.0,270.0,-0.37,13387.0,972.0,167.5
LBL,12/24/2017,270.0,270.0,266.0,269.0,-0.37,5198.0,972.0,167.5
LBL,12/26/2017,269.0,266.0,261.0,262.0,-2.6,2697.0,972.0,167.5
LBL,12/27/2017,262.0,264.0,255.0,262.0,0.0,4303.0,972.0,167.5
LBL,12/28/2017,262.0,267.0,254.0,254.0,-3.05,7654.0,972.0,167.5
LBL,12/31/2017,254.0,254.0,250.0,250.0,-1.57,6747.0,972.0,167.5
LBL,1/1/2018,250.0,260.0,251.0,258.0,3.2,13031.0,972.0,167.5
LBL,1/2/2018,258.0,260.0,251.0,253.0,-1.94,14324.0,972.0,167.5
LBL,1/3/2018,253.0,256.0,252.0,253.0,0.0,1359.0,972.0,167.5
LBL,1/4/2018,253.0,255.0,245.0,252.0,-0.4,8855.0,972.0,167.5
LBL,1/7/2018,252.0,255.0,251.0,252.0,0.0,3416.0,972.0,167.5
LBL,1/8/2018,252.0,256.0,251.0,253.0,0.4,8466.0,972.0,167.5
LBL,1/9/2018,253.0,267.0,257.0,262.0,3.56,6105.0,972.0,167.5
LBL,1/10/2018,262.0,264.0,255.0,256.0,-2.29,5680.0,972.0,167.5
LBL,1/14/2018,256.0,267.0,258.0,262.0,2.34,32463.0,972.0,167.5
LBL,1/16/2018,262.0,265.0,260.0,265.0,1.15,14135.0,972.0,167.5
LBL,1/17/2018,265.0,270.0,263.0,268.0,1.13,9072.0,972.0,167.5
LBL,1/21/2018,268.0,270.0,263.0,264.0,-1.49,9964.0,972.0,167.5
LBL,1/22/2018,264.0,270.0,263.0,263.0,-0.38,14088.0,972.0,167.5
LBL,1/23/2018,263.0,268.0,262.0,263.0,0.0,12125.0,972.0,167.5
LBL,1/24/2018,263.0,270.0,263.0,264.0,0.38,10021.0,972.0,167.5
LBL,1/25/2018,264.0,270.0,265.0,269.0,1.89,7332.0,972.0,167.5
LBL,1/28/2018,269.0,284.0,272.0,278.0,3.35,21114.0,972.0,167.5
LBL,1/29/2018,278.0,280.0,269.0,270.0,-2.88,12039.0,972.0,167.5
LBL,1/31/2018,270.0,275.0,267.0,267.0,-1.11,14109.0,972.0,167.5
LBL,2/1/2018,267.0,279.0,256.0,279.0,4.49,128577.0,972.0,167.5
LBL,2/4/2018,279.0,278.0,272.0,275.0,-1.43,36144.0,972.0,167.5
LBL,2/5/2018,275.0,278.0,269.0,269.0,-2.18,21663.0,972.0,167.5
LBL,2/6/2018,269.0,274.0,265.0,268.0,-0.37,12650.0,972.0,167.5
LBL,2/7/2018,268.0,270.0,266.0,269.0,0.37,10373.0,972.0,167.5
LBL,2/8/2018,269.0,270.0,267.0,270.0,0.37,39573.0,972.0,167.5
LBL,2/11/2018,270.0,273.0,260.0,260.0,-3.7,17069.0,972.0,167.5
LBL,2/12/2018,260.0,264.0,257.0,262.0,0.77,15318.0,972.0,167.5
LBL,2/14/2018,262.0,265.0,260.0,264.0,0.76,16221.0,972.0,167.5
LBL,2/15/2018,264.0,274.0,264.0,270.0,2.27,18493.0,972.0,167.5
LBL,2/18/2018,270.0,275.0,270.0,270.0,0.0,11443.0,972.0,167.5
LBL,2/20/2018,275.0,276.0,265.0,265.0,-1.85,5980.0,972.0,167.5
LBL,2/21/2018,265.0,265.0,261.0,265.0,0.0,4786.0,972.0,167.5
LBL,2/22/2018,265.0,268.0,264.0,264.0,-0.38,6386.0,972.0,167.5
LBL,2/25/2018,264.0,267.0,261.0,261.0,-1.14,8067.0,972.0,167.5
LBL,2/26/2018,263.0,263.0,256.0,256.0,-1.92,4291.0,972.0,167.5
LBL,2/27/2018,257.0,262.0,257.0,259.0,1.17,4802.0,972.0,167.5
LBL,2/28/2018,257.0,258.0,256.0,257.0,-0.77,4791.0,972.0,167.5
LBL,3/4/2018,252.0,252.0,240.0,241.0,-6.23,16640.0,972.0,167.5
LBL,3/5/2018,241.0,249.0,240.0,245.0,1.66,13723.0,972.0,167.5
LBL,3/6/2018,243.0,249.0,240.0,249.0,1.63,14528.0,972.0,167.5
LBL,3/7/2018,246.0,254.0,246.0,251.0,0.8,10298.0,972.0,167.5
LBL,3/11/2018,248.0,248.0,246.0,248.0,-1.2,6757.0,972.0,167.5
LBL,3/12/2018,249.0,250.0,238.0,242.0,-2.42,15859.0,972.0,167.5
LBL,3/13/2018,244.0,250.0,244.0,250.0,3.31,6813.0,972.0,167.5
LBL,3/14/2018,248.0,249.0,247.0,248.0,-0.8,5970.0,972.0,167.5
LBL,3/15/2018,250.0,251.0,248.0,250.0,0.81,18996.0,972.0,167.5
LBL,3/18/2018,255.0,255.0,247.0,250.0,0.0,7587.0,972.0,167.5
LBL,3/19/2018,248.0,248.0,246.0,246.0,-1.6,6940.0,972.0,167.5
LBL,3/20/2018,243.0,245.0,238.0,239.0,-2.85,10942.0,972.0,167.5
LBL,3/21/2018,238.0,242.0,229.0,234.0,-2.09,8859.0,972.0,167.5
LBL,3/22/2018,233.0,238.0,227.0,234.0,0.0,13397.0,972.0,167.5
LBL,3/26/2018,230.0,232.0,217.0,219.0,-6.41,8015.0,972.0,167.5
LBL,3/27/2018,215.0,240.0,209.0,230.0,5.02,13866.0,972.0,167.5
LBL,3/28/2018,234.0,238.0,227.0,233.0,1.3,13364.0,972.0,167.5
LBL,3/29/2018,233.0,238.0,229.0,235.0,0.86,12657.0,972.0,167.5
LBL,4/1/2018,235.0,236.0,224.0,234.0,-0.43,4856.0,972.0,167.5
LBL,4/2/2018,235.0,235.0,229.0,230.0,-1.71,4743.0,972.0,167.5
LBL,4/3/2018,230.0,232.0,228.0,231.0,0.43,4380.0,972.0,167.5
LBL,4/4/2018,232.0,235.0,230.0,235.0,1.73,4412.0,972.0,167.5
LBL,4/5/2018,237.0,245.0,232.0,244.0,3.83,7348.0,972.0,167.5
LBL,4/8/2018,247.0,251.0,235.0,251.0,2.87,15041.0,972.0,167.5
LBL,4/9/2018,255.0,257.0,246.0,250.0,-0.4,19396.0,972.0,167.5
LBL,4/10/2018,245.0,249.0,241.0,244.0,-2.4,7024.0,972.0,167.5
LBL,4/11/2018,240.0,248.0,240.0,244.0,0.0,4177.0,972.0,167.5
LBL,4/12/2018,248.0,249.0,244.0,245.0,0.41,6173.0,972.0,167.5
LBL,4/15/2018,241.0,244.0,237.0,242.0,-1.22,3250.0,972.0,167.5
LBL,4/16/2018,242.0,247.0,240.0,247.0,2.07,3875.0,972.0,167.5
LBL,4/17/2018,251.0,251.0,244.0,248.0,0.4,10591.0,972.0,167.5
LBL,4/18/2018,252.0,263.0,246.0,263.0,6.05,9189.0,972.0,167.5
LBL,4/19/2018,260.0,268.0,255.0,260.0,-1.14,19023.0,972.0,167.5
LBL,4/22/2018,265.0,270.0,261.0,268.0,3.08,18916.0,972.0,167.5
LBL,4/23/2018,273.0,273.0,255.0,258.0,-3.73,16731.0,972.0,167.5
LBL,4/24/2018,263.0,263.0,255.0,257.0,-0.39,7678.0,972.0,167.5
LBL,4/25/2018,260.0,260.0,254.0,255.0,-0.78,7138.0,972.0,167.5
LBL,4/26/2018,258.0,258.0,250.0,250.0,-1.96,4125.0,972.0,167.5
LBL,4/29/2018,245.0,247.0,240.0,245.0,-2.0,12723.0,972.0,167.5
LBL,5/2/2018,246.0,256.0,246.0,256.0,4.49,18333.0,972.0,167.5
LBL,5/3/2018,260.0,263.0,256.0,260.0,1.56,14581.0,972.0,167.5
LBL,5/6/2018,263.0,265.0,260.0,262.0,0.77,23392.0,972.0,167.5
LBL,5/7/2018,262.0,263.0,259.0,261.0,-0.38,12117.0,972.0,167.5
LBL,5/8/2018,262.0,265.0,260.0,264.0,1.15,19243.0,972.0,167.5
LBL,5/9/2018,260.0,264.0,260.0,260.0,-1.52,3075.0,972.0,167.5
LBL,5/10/2018,260.0,260.0,255.0,259.0,-0.38,23457.0,972.0,167.5
LBL,5/14/2018,264.0,265.0,259.0,264.0,1.93,18753.0,972.0,167.5
LBL,5/15/2018,264.0,266.0,263.0,263.0,-0.38,6780.0,972.0,167.5
LBL,5/16/2018,258.0,266.0,258.0,266.0,1.14,4362.0,972.0,167.5
LBL,5/17/2018,266.0,268.0,265.0,266.0,0.0,12425.0,972.0,167.5
LBL,5/20/2018,269.0,275.0,267.0,274.0,3.01,29408.0,972.0,167.5
LBL,5/21/2018,275.0,291.0,273.0,283.0,3.28,28027.0,972.0,167.5
LBL,5/22/2018,287.0,292.0,283.0,291.0,2.83,77151.0,972.0,167.5
LBL,5/23/2018,291.0,291.0,282.0,283.0,-2.75,43960.0,972.0,167.5
LBL,5/24/2018,281.0,285.0,275.0,275.0,-2.83,26986.0,972.0,167.5
LBL,5/27/2018,275.0,275.0,267.0,267.0,-2.91,10283.0,972.0,167.5
LBL,5/28/2018,264.0,278.0,263.0,278.0,4.12,10279.0,972.0,167.5
LBL,5/29/2018,283.0,285.0,277.0,280.0,0.72,29258.0,972.0,167.5
LBL,5/30/2018,279.0,288.0,276.0,276.0,-1.43,5321.0,972.0,167.5
LBL,5/31/2018,272.0,278.0,272.0,272.0,-1.45,10723.0,972.0,167.5
LBL,6/3/2018,272.0,274.0,265.0,268.0,-1.47,8719.0,972.0,167.5
LBL,6/4/2018,264.0,270.0,261.0,265.0,-1.12,12446.0,972.0,167.5
LBL,6/6/2018,270.0,270.0,268.0,270.0,1.89,1108.0,972.0,167.5
LBL,6/7/2018,270.0,270.0,262.0,262.0,-2.96,7214.0,972.0,167.5
LBL,6/10/2018,267.0,267.0,253.0,254.0,-3.05,7206.0,972.0,167.5
LBL,6/11/2018,255.0,267.0,250.0,267.0,5.12,10059.0,972.0,167.5
LBL,6/12/2018,268.0,268.0,263.0,263.0,-1.5,9160.0,972.0,167.5
LBL,6/13/2018,264.0,267.0,264.0,267.0,1.52,9583.0,972.0,167.5
LBL,6/14/2018,271.0,271.0,266.0,266.0,-0.37,4022.0,972.0,167.5
LBL,6/17/2018,269.0,269.0,264.0,264.0,-0.75,12059.0,972.0,167.5
LBL,6/18/2018,269.0,269.0,255.0,263.0,-0.38,5090.0,972.0,167.5
LBL,6/19/2018,267.0,267.0,258.0,260.0,-1.14,4231.0,972.0,167.5
LBL,6/20/2018,265.0,265.0,255.0,255.0,-1.92,4931.0,972.0,167.5
LBL,6/21/2018,251.0,260.0,250.0,252.0,-1.18,6708.0,972.0,167.5
LBL,6/24/2018,251.0,258.0,251.0,256.0,1.59,1913.0,972.0,167.5
LBL,6/25/2018,258.0,260.0,241.0,254.0,-0.78,11428.0,972.0,167.5
LBL,6/26/2018,259.0,259.0,252.0,252.0,-0.79,11428.0,972.0,167.5
LBL,6/27/2018,252.0,256.0,250.0,252.0,0.0,5380.0,972.0,167.5
LBL,6/28/2018,253.0,253.0,251.0,252.0,0.0,5146.0,972.0,167.5
LBL,7/1/2018,248.0,249.0,244.0,248.0,-1.59,3711.0,972.0,167.5
LBL,7/2/2018,246.0,248.0,244.0,248.0,0.0,4313.0,972.0,167.5
LBL,7/3/2018,248.0,266.0,248.0,260.0,4.84,16750.0,972.0,167.5
LBL,7/4/2018,259.0,267.0,259.0,264.0,1.54,11811.0,972.0,167.5
LBL,7/5/2018,260.0,267.0,260.0,266.0,0.76,11676.0,972.0,167.5
LBL,7/8/2018,271.0,271.0,264.0,266.0,0.0,8842.0,972.0,167.5
LBL,7/9/2018,271.0,271.0,257.0,262.0,-1.5,9502.0,972.0,167.5
LBL,7/10/2018,261.0,264.0,257.0,258.0,-1.53,8184.0,972.0,167.5
LBL,7/11/2018,256.0,260.0,254.0,257.0,-0.39,6339.0,972.0,167.5
LBL,7/12/2018,257.0,259.0,253.0,257.0,0.0,253541.0,972.0,167.5
LBL,7/15/2018,257.0,258.0,252.0,257.0,0.0,6259.0,972.0,167.5
LBL,7/16/2018,257.0,258.0,254.0,258.0,0.39,2365.0,972.0,167.5
LBL,7/17/2018,260.0,262.0,258.0,258.0,0.0,3140.0,972.0,167.5
LBL,7/18/2018,258.0,263.0,256.0,256.0,-0.78,611.0,972.0,167.5
LBL,7/19/2018,255.0,257.0,255.0,257.0,0.39,1427.0,972.0,167.5
LBL,7/22/2018,256.0,256.0,252.0,253.0,-1.56,4350.0,972.0,167.5
LBL,7/23/2018,252.0,257.0,252.0,257.0,1.58,1293.0,972.0,167.5
LBL,7/24/2018,260.0,260.0,251.0,251.0,-2.33,3028.0,972.0,167.5
LBL,7/25/2018,252.0,253.0,251.0,252.0,0.4,1921.0,972.0,167.5
LBL,7/26/2018,255.0,255.0,250.0,251.0,-0.4,3604.0,972.0,167.5
LBL,7/29/2018,250.0,250.0,247.0,248.0,-1.2,6665.0,972.0,167.5
LBL,7/30/2018,245.0,250.0,245.0,250.0,0.81,3609.0,972.0,167.5
LBL,7/31/2018,252.0,252.0,249.0,250.0,0.0,1793.0,972.0,167.5
LBL,8/1/2018,250.0,250.0,247.0,250.0,0.0,1082.0,972.0,167.5
LBL,8/2/2018,246.0,249.0,245.0,246.0,-1.6,6526.0,972.0,167.5
LBL,8/5/2018,245.0,249.0,245.0,249.0,1.22,1183.0,972.0,167.5
LBL,8/6/2018,249.0,249.0,246.0,246.0,-1.2,6408.0,972.0,167.5
LBL,8/7/2018,246.0,246.0,242.0,245.0,-0.41,5947.0,972.0,167.5
LBL,8/8/2018,245.0,245.0,241.0,241.0,-1.63,2285.0,972.0,167.5
LBL,8/9/2018,242.0,242.0,239.0,239.0,-0.83,4761.0,972.0,167.5
LBL,8/12/2018,243.0,243.0,235.0,235.0,-1.67,2471.0,972.0,167.5
LBL,8/13/2018,233.0,241.0,233.0,240.0,2.13,3450.0,972.0,167.5
LBL,8/14/2018,240.0,241.0,237.0,241.0,0.42,1936.0,972.0,167.5
LBL,8/15/2018,239.0,244.0,238.0,244.0,1.24,3793.0,972.0,167.5
LBL,8/16/2018,244.0,244.0,236.0,240.0,-1.64,9246.0,972.0,167.5
LBL,8/19/2018,240.0,241.0,239.0,241.0,0.42,3145.0,972.0,167.5
LBL,8/20/2018,238.0,240.0,237.0,237.0,-1.66,4201.0,972.0,167.5
LBL,8/21/2018,236.0,236.0,232.0,232.0,-2.11,7036.0,972.0,167.5
LBL,8/22/2018,230.0,232.0,228.0,231.0,-0.43,4881.0,972.0,167.5
LBL,8/23/2018,230.0,230.0,228.0,228.0,-1.3,4496.0,972.0,167.5
LBL,8/26/2018,228.0,228.0,224.0,225.0,-1.32,2777.0,972.0,167.5
LBL,8/28/2018,226.0,230.0,226.0,226.0,0.44,2155.0,972.0,167.5
LBL,8/29/2018,224.0,230.0,224.0,226.0,0.0,2633.0,972.0,167.5
LBL,8/30/2018,224.0,233.0,224.0,233.0,3.1,5309.0,972.0,167.5
LBL,9/2/2018,231.0,232.0,228.0,231.0,-0.86,4881.0,972.0,167.5
LBL,9/3/2018,235.0,254.0,235.0,254.0,9.96,35331.0,972.0,167.5
LBL,9/4/2018,259.0,279.0,259.0,265.0,4.33,109451.0,972.0,167.5
LBL,9/5/2018,265.0,265.0,258.0,263.0,-0.75,37848.0,972.0,167.5
LBL,9/6/2018,267.0,267.0,261.0,262.0,-0.38,16739.0,972.0,167.5
LBL,9/9/2018,264.0,264.0,250.0,255.0,-2.67,19266.0,972.0,167.5
LBL,9/10/2018,251.0,254.0,250.0,254.0,-0.39,9171.0,972.0,167.5
LBL,9/11/2018,259.0,260.0,254.0,255.0,0.39,6519.0,972.0,167.5
LBL,9/12/2018,255.0,258.0,254.0,258.0,1.18,7250.0,972.0,167.5
LBL,9/13/2018,263.0,262.0,256.0,258.0,0.0,17619.0,972.0,167.5
LBL,9/16/2018,260.0,270.0,258.0,264.0,2.33,9870.0,972.0,167.5
LBL,9/17/2018,264.0,264.0,255.0,259.0,-1.89,7572.0,972.0,167.5
LBL,9/18/2018,260.0,260.0,255.0,258.0,-0.39,4700.0,972.0,167.5
LBL,9/20/2018,255.0,257.0,254.0,257.0,-0.39,6700.0,972.0,167.5
LBL,9/23/2018,258.0,259.0,254.0,256.0,-0.39,8839.0,972.0,167.5
LBL,9/25/2018,258.0,267.0,258.0,265.0,3.52,19003.0,972.0,167.5
LBL,9/26/2018,268.0,270.0,262.0,263.0,-0.75,21328.0,972.0,167.5
LBL,9/27/2018,263.0,263.0,257.0,257.0,-2.28,3750.0,972.0,167.5
LBL,9/30/2018,260.0,260.0,256.0,258.0,0.39,12645.0,972.0,167.5
LBL,10/1/2018,258.0,262.0,253.0,253.0,-1.94,10073.0,972.0,167.5
LBL,10/2/2018,251.0,254.0,251.0,254.0,0.4,3404.0,972.0,167.5
LBL,10/3/2018,255.0,255.0,250.0,252.0,-0.79,2874.0,972.0,167.5
LBL,10/4/2018,250.0,251.0,247.0,248.0,-1.59,10457.0,972.0,167.5
LBL,10/7/2018,245.0,245.0,240.0,243.0,-2.02,3720.0,972.0,167.5
LBL,10/8/2018,242.0,247.0,242.0,246.0,1.23,4645.0,972.0,167.5
LBL,10/9/2018,243.0,243.0,240.0,241.0,-2.03,7680.0,972.0,167.5
LBL,10/10/2018,243.0,245.0,240.0,242.0,0.41,2972.0,972.0,167.5
LBL,10/11/2018,242.0,246.0,242.0,245.0,1.24,1211.0,972.0,167.5
LBL,10/14/2018,244.0,252.0,243.0,248.0,1.22,8012.0,972.0,167.5
LBL,10/15/2018,248.0,251.0,248.0,250.0,0.81,7270.0,972.0,167.5
LBL,10/21/2018,248.0,248.0,248.0,248.0,-0.8,454.0,972.0,167.5
LBL,10/22/2018,245.0,253.0,245.0,250.0,0.81,1619.0,972.0,167.5
LBL,10/23/2018,251.0,251.0,246.0,250.0,0.0,4059.0,972.0,167.5
LBL,10/24/2018,250.0,250.0,248.0,250.0,0.0,537.0,972.0,167.5
LBL,10/25/2018,250.0,250.0,247.0,247.0,-1.2,2876.0,972.0,167.5
LBL,10/28/2018,247.0,247.0,244.0,245.0,-0.81,2785.0,972.0,167.5
LBL,10/29/2018,241.0,243.0,241.0,242.0,-1.22,3855.0,972.0,167.5
LBL,10/30/2018,242.0,244.0,242.0,244.0,0.83,3640.0,972.0,167.5
LBL,10/31/2018,242.0,244.0,241.0,241.0,-1.23,2604.0,972.0,167.5
LBL,11/1/2018,241.0,242.0,239.0,240.0,-0.41,5612.0,972.0,167.5
LBL,11/4/2018,237.0,239.0,233.0,239.0,-0.42,6424.0,972.0,167.5
LBL,11/5/2018,239.0,243.0,236.0,243.0,1.67,1182.0,972.0,167.5
LBL,11/6/2018,243.0,243.0,239.0,243.0,0.0,330.0,972.0,167.5
LBL,11/12/2018,239.0,243.0,235.0,235.0,-3.29,313.0,972.0,167.5
LBL,11/13/2018,239.0,245.0,235.0,239.0,1.7,6254.0,972.0,167.5
LBL,11/14/2018,235.0,239.0,235.0,238.0,-0.42,438.0,972.0,167.5
LBL,11/15/2018,240.0,240.0,234.0,238.0,0.0,6560.0,972.0,167.5
LBL,11/18/2018,234.0,237.0,230.0,234.0,-1.68,677.0,972.0,167.5
LBL,11/19/2018,231.0,239.0,227.0,232.0,-0.85,6058.0,972.0,167.5
LBL,11/20/2018,229.0,232.0,229.0,230.0,-0.86,6184.0,972.0,167.5
LBL,11/21/2018,230.0,231.0,229.0,230.0,0.0,4601.0,972.0,167.5
LBL,11/22/2018,230.0,232.0,227.0,227.0,-1.3,3780.0,972.0,167.5
LBL,11/25/2018,229.0,229.0,226.0,227.0,0.0,6067.0,972.0,167.5
LBL,11/26/2018,229.0,229.0,222.0,222.0,-2.2,11034.0,972.0,167.5
LBL,11/27/2018,224.0,224.0,222.0,222.0,0.0,4100.0,972.0,167.5
LBL,11/28/2018,221.0,224.0,219.0,219.0,-1.35,10099.0,972.0,167.5
LBL,11/29/2018,221.0,222.0,217.0,218.0,-0.46,11069.0,972.0,167.5
LBL,12/2/2018,216.0,220.0,215.0,216.0,-0.92,4723.0,972.0,167.5
LBL,12/3/2018,217.0,218.0,215.0,215.0,-0.46,7841.0,972.0,167.5
LBL,12/4/2018,216.0,219.0,215.0,216.0,0.47,11255.0,972.0,167.5
LBL,12/5/2018,212.0,216.0,212.0,216.0,0.0,6075.0,972.0,167.5
LBL,12/6/2018,216.0,216.0,213.0,215.0,-0.46,11011.0,972.0,167.5
LBL,12/9/2018,218.0,218.0,214.0,217.0,0.93,3520.0,972.0,167.5
LBL,12/10/2018,220.0,228.0,220.0,224.0,3.23,6774.0,972.0,167.5
LBL,12/11/2018,221.0,222.0,219.0,221.0,-1.34,6712.0,972.0,167.5
LBL,12/12/2018,219.0,222.0,218.0,220.0,-0.45,2212.0,972.0,167.5
LBL,12/13/2018,220.0,222.0,219.0,222.0,0.91,1124.0,972.0,167.5
LBL,12/16/2018,226.0,229.0,226.0,227.0,2.25,3068.0,972.0,167.5
LBL,12/17/2018,225.0,228.0,224.0,227.0,0.0,1850.0,972.0,167.5
LBL,12/18/2018,225.0,226.0,222.0,223.0,-1.76,10107.0,972.0,167.5
LBL,12/19/2018,225.0,225.0,220.0,220.0,-1.35,3935.0,972.0,167.5
LBL,12/20/2018,220.0,222.0,219.0,222.0,0.91,3719.0,972.0,167.5
LBL,12/23/2018,225.0,229.0,224.0,227.0,2.25,3111.0,972.0,167.5
LBL,12/24/2018,228.0,228.0,223.0,224.0,-1.32,10645.0,972.0,167.5
LBL,12/25/2018,225.0,226.0,223.0,224.0,0.0,2671.0,972.0,167.5
LBL,12/26/2018,226.0,229.0,224.0,229.0,2.23,3859.0,972.0,167.5
LBL,12/27/2018,230.0,235.0,223.0,223.0,-2.62,5803.0,972.0,167.5
LBL,12/30/2018,224.0,227.0,223.0,225.0,0.9,20563.0,972.0,167.5
LBL,12/31/2018,225.0,226.0,223.0,225.0,0.0,3746.0,972.0,167.5
LBL,1/1/2019,225.0,225.0,222.0,224.0,-0.44,7642.0,972.0,167.5
LBL,1/2/2019,224.0,226.0,220.0,221.0,-1.34,5907.0,972.0,167.5
LBL,1/3/2019,221.0,222.0,220.0,220.0,-0.45,6701.0,972.0,167.5
LBL,1/6/2019,218.0,220.0,216.0,217.0,-1.36,7637.0,972.0,167.5
LBL,1/7/2019,220.0,221.0,217.0,219.0,0.92,4461.0,972.0,167.5
LBL,1/8/2019,218.0,220.0,218.0,220.0,0.46,1208.0,972.0,167.5
LBL,1/9/2019,221.0,223.0,220.0,221.0,0.45,4261.0,972.0,167.5
LBL,1/10/2019,223.0,227.0,222.0,225.0,1.81,10207.0,972.0,167.5
LBL,1/13/2019,225.0,225.0,218.0,218.0,-3.11,15287.0,972.0,167.5
LBL,1/14/2019,216.0,221.0,215.0,221.0,1.38,3752.0,972.0,167.5
LBL,1/15/2019,220.0,221.0,216.0,218.0,-1.36,8358.0,972.0,167.5
LBL,1/16/2019,218.0,218.0,215.0,218.0,0.0,10735.0,972.0,167.5
LBL,1/17/2019,218.0,218.0,215.0,217.0,-0.46,3655.0,972.0,167.5
LBL,1/20/2019,221.0,228.0,217.0,220.0,1.38,4616.0,972.0,167.5
LBL,1/21/2019,220.0,224.0,219.0,220.0,0.0,5280.0,972.0,167.5
LBL,1/22/2019,217.0,224.0,217.0,219.0,-0.45,9703.0,972.0,167.5
LBL,1/23/2019,219.0,223.0,219.0,220.0,0.46,3204.0,972.0,167.5
LBL,1/24/2019,222.0,224.0,221.0,222.0,0.91,3623.0,972.0,167.5
LBL,1/27/2019,222.0,224.0,220.0,220.0,-0.9,39752.0,972.0,167.5
LBL,1/28/2019,202.0,202.0,198.0,199.0,-9.55,6675.0,972.0,167.5
LBL,1/29/2019,199.0,200.0,198.0,198.0,-0.5,4676.0,972.0,167.5
LBL,1/30/2019,198.0,201.0,196.0,196.0,-1.01,8455.0,972.0,167.5
LBL,1/31/2019,199.0,202.0,197.0,197.0,0.51,15075.0,972.0,167.5
LBL,2/3/2019,197.0,199.0,197.0,198.0,0.51,16691.0,972.0,167.5
LBL,2/4/2019,197.0,198.0,196.0,198.0,0.0,4813.0,972.0,167.5
LBL,2/5/2019,197.0,199.0,196.0,196.0,-1.01,7174.0,972.0,167.5
LBL,2/6/2019,197.0,197.0,192.0,194.0,-1.02,5585.0,972.0,167.5
LBL,2/7/2019,194.0,196.0,194.0,196.0,1.03,4392.0,972.0,167.5
LBL,2/10/2019,197.0,197.0,192.0,192.0,-2.04,5326.0,972.0,167.5
LBL,2/11/2019,190.0,194.0,190.0,193.0,0.52,8528.0,972.0,167.5
LBL,2/12/2019,192.0,196.0,192.0,196.0,1.55,914.0,972.0,167.5
LBL,2/13/2019,196.0,196.0,193.0,194.0,-1.02,14033.0,972.0,167.5
LBL,2/14/2019,191.0,193.0,190.0,190.0,-2.06,7264.0,972.0,167.5
LBL,2/17/2019,189.0,190.0,186.0,186.0,-2.11,11455.0,972.0,167.5
LBL,2/18/2019,185.0,188.0,184.0,187.0,0.54,30639.0,972.0,167.5
LBL,2/19/2019,186.0,190.0,184.0,190.0,1.6,11080.0,972.0,167.5
LBL,2/20/2019,190.0,190.0,186.0,188.0,-1.05,6474.0,972.0,167.5
LBL,2/21/2019,186.0,187.0,185.0,185.0,-1.6,6894.0,972.0,167.5
LBL,2/24/2019,185.0,185.0,183.0,183.0,-1.08,6125.0,972.0,167.5
LBL,2/25/2019,183.0,186.0,183.0,186.0,1.64,3432.0,972.0,167.5
LBL,2/26/2019,186.0,186.0,186.0,186.0,0.0,2838.0,972.0,167.5
LBL,2/27/2019,186.0,188.0,185.0,186.0,0.0,5339.0,972.0,167.5
LBL,3/3/2019,184.0,186.0,183.0,184.0,-1.08,8627.0,972.0,167.5
LBL,3/5/2019,182.0,187.0,182.0,186.0,1.09,8932.0,972.0,167.5
LBL,3/6/2019,185.0,188.0,184.0,187.0,0.54,3622.0,972.0,167.5
LBL,3/7/2019,190.0,190.0,184.0,190.0,1.6,18106.0,972.0,167.5
LBL,3/10/2019,193.0,193.0,190.0,193.0,1.58,2386.0,972.0,167.5
LBL,3/11/2019,191.0,196.0,191.0,196.0,1.55,16506.0,972.0,167.5
LBL,3/12/2019,196.0,206.0,195.0,202.0,3.06,17098.0,972.0,167.5
LBL,3/13/2019,200.0,203.0,198.0,198.0,-1.98,7910.0,972.0,167.5
LBL,3/14/2019,193.0,200.0,193.0,197.0,-0.51,5881.0,972.0,167.5
LBL,3/17/2019,198.0,203.0,198.0,201.0,2.03,9444.0,972.0,167.5
LBL,3/18/2019,201.0,202.0,198.0,199.0,-1.0,3632.0,972.0,167.5
LBL,3/19/2019,198.0,198.0,195.0,197.0,-1.01,3450.0,972.0,167.5
LBL,3/21/2019,195.0,197.0,193.0,193.0,-2.03,3891.0,972.0,167.5
LBL,3/24/2019,191.0,194.0,188.0,188.0,-2.59,14589.0,972.0,167.5
LBL,3/25/2019,189.0,194.0,189.0,193.0,2.66,13444.0,972.0,167.5
LBL,3/26/2019,196.0,196.0,190.0,191.0,-1.04,11388.0,972.0,167.5
LBL,3/27/2019,193.0,195.0,190.0,195.0,2.09,1402678.0,972.0,167.5
LBL,3/28/2019,194.0,195.0,192.0,192.0,-1.54,8225.0,972.0,167.5
LBL,3/31/2019,191.0,196.0,191.0,192.0,0.0,15249.0,972.0,167.5
LBL,4/1/2019,194.0,201.0,191.0,196.0,2.08,31712.0,972.0,167.5
LBL,4/2/2019,199.0,203.0,197.0,200.0,2.04,57256.0,972.0,167.5
LBL,4/3/2019,196.0,210.0,196.0,203.0,1.5,46166.0,972.0,167.5
LBL,4/4/2019,201.0,206.0,200.0,205.0,0.99,39871.0,972.0,167.5
LBL,4/7/2019,205.0,209.0,202.0,209.0,1.95,39374.0,972.0,167.5
LBL,4/8/2019,210.0,214.0,208.0,208.0,-0.48,34877.0,972.0,167.5
LBL,4/9/2019,208.0,210.0,205.0,205.0,-1.44,25460.0,972.0,167.5
LBL,4/10/2019,204.0,208.0,204.0,207.0,0.98,17213.0,972.0,167.5
LBL,4/11/2019,206.0,209.0,206.0,206.0,-0.48,8509.0,972.0,167.5
LBL,4/15/2019,207.0,209.0,207.0,208.0,0.97,9554.0,972.0,167.5
LBL,4/16/2019,209.0,218.0,208.0,217.0,4.33,46980.0,972.0,167.5
LBL,4/17/2019,217.0,223.0,215.0,218.0,0.46,56382.0,972.0,167.5
LBL,4/18/2019,220.0,234.0,219.0,229.0,5.05,71862.0,972.0,167.5
LBL,4/21/2019,232.0,238.0,229.0,235.0,2.62,53317.0,972.0,167.5
LBL,4/22/2019,235.0,236.0,225.0,230.0,-2.13,50832.0,972.0,167.5
LBL,4/23/2019,227.0,231.0,227.0,230.0,0.0,17370.0,972.0,167.5
LBL,4/24/2019,234.0,242.0,230.0,239.0,3.91,44532.0,972.0,167.5
LBL,4/25/2019,239.0,245.0,237.0,241.0,0.84,47851.0,972.0,167.5
LBL,4/28/2019,241.0,241.0,233.0,235.0,-2.49,18615.0,972.0,167.5
LBL,4/29/2019,238.0,238.0,229.0,230.0,-2.13,19091.0,972.0,167.5
LBL,4/30/2019,234.0,234.0,227.0,228.0,-0.87,35165.0,972.0,167.5
LBL,5/2/2019,226.0,232.0,226.0,229.0,0.44,14416.0,972.0,167.5
LBL,5/5/2019,232.0,233.0,223.0,223.0,-2.62,18699.0,972.0,167.5
LBL,5/6/2019,226.0,236.0,221.0,228.0,2.24,25722.0,972.0,167.5
LBL,5/7/2019,232.0,233.0,228.0,231.0,1.32,21641.0,972.0,167.5
LBL,5/8/2019,228.0,231.0,225.0,227.0,-1.73,4525.0,972.0,167.5
LBL,5/9/2019,230.0,230.0,225.0,229.0,0.88,17620.0,972.0,167.5
LBL,5/12/2019,227.0,228.0,223.0,225.0,-1.75,16293.0,972.0,167.5
LBL,5/13/2019,224.0,226.0,221.0,226.0,0.44,25983.0,972.0,167.5
LBL,5/14/2019,230.0,232.0,226.0,229.0,1.33,16834.0,972.0,167.5
LBL,5/15/2019,228.0,233.0,227.0,228.0,-0.44,41949.0,972.0,167.5
LBL,5/16/2019,226.0,230.0,226.0,230.0,0.88,7108.0,972.0,167.5
LBL,5/19/2019,232.0,233.0,224.0,227.0,-1.3,26425.0,972.0,167.5
LBL,5/20/2019,225.0,226.0,222.0,223.0,-1.76,33704.0,972.0,167.5
LBL,5/21/2019,220.0,224.0,218.0,223.0,0.0,25589.0,972.0,167.5
LBL,5/22/2019,223.0,223.0,220.0,221.0,-0.9,33140.0,972.0,167.5
LBL,5/23/2019,225.0,225.0,219.0,224.0,1.36,28687.0,972.0,167.5
LBL,5/26/2019,224.0,224.0,220.0,222.0,-0.89,16720.0,972.0,167.5
LBL,5/27/2019,226.0,226.0,218.0,220.0,-0.9,19152.0,972.0,167.5
LBL,5/28/2019,219.0,222.0,218.0,220.0,0.0,14385.0,972.0,167.5
LBL,5/29/2019,221.0,225.0,221.0,224.0,1.82,20948.0,972.0,167.5
LBL,5/30/2019,230.0,234.0,223.0,225.0,0.45,48196.0,972.0,167.5
LBL,6/2/2019,225.0,225.0,221.0,224.0,-0.44,25217.0,972.0,167.5
LBL,6/3/2019,221.0,222.0,220.0,221.0,-1.34,33084.0,972.0,167.5
LBL,6/4/2019,221.0,221.0,217.0,218.0,-1.36,26852.0,972.0,167.5
LBL,6/6/2019,218.0,219.0,216.0,219.0,0.46,16927.0,972.0,167.5
LBL,6/10/2019,222.0,222.0,217.0,217.0,-0.91,37190.0,972.0,167.5
LBL,6/11/2019,220.0,221.0,217.0,218.0,0.46,31866.0,972.0,167.5
LBL,6/12/2019,218.0,220.0,217.0,218.0,0.0,20327.0,972.0,167.5
LBL,6/13/2019,218.0,220.0,217.0,218.0,0.0,23441.0,972.0,167.5
LBL,6/16/2019,218.0,219.0,217.0,219.0,0.46,10651.0,972.0,167.5
LBL,6/17/2019,220.0,220.0,216.0,218.0,-0.46,6552.0,972.0,167.5
LBL,6/18/2019,218.0,219.0,216.0,218.0,0.0,8321.0,972.0,167.5
LBL,6/19/2019,217.0,219.0,217.0,217.0,-0.46,3586.0,972.0,167.5
LBL,6/20/2019,218.0,222.0,218.0,220.0,1.38,17007.0,972.0,167.5
LBL,6/23/2019,218.0,219.0,217.0,219.0,-0.45,188919.0,972.0,167.5
LBL,6/24/2019,219.0,220.0,218.0,220.0,0.46,7381.0,972.0,167.5
LBL,6/25/2019,218.0,221.0,218.0,219.0,-0.45,8108.0,972.0,167.5
LBL,6/26/2019,218.0,222.0,218.0,220.0,0.46,6579.0,972.0,167.5
LBL,6/27/2019,223.0,223.0,220.0,223.0,1.36,14296.0,972.0,167.5
LBL,6/30/2019,221.0,221.0,219.0,219.0,-1.79,19699.0,972.0,167.5
LBL,7/1/2019,220.0,220.0,217.0,220.0,0.46,5035.0,972.0,167.5
LBL,7/2/2019,218.0,221.0,218.0,221.0,0.45,12723.0,972.0,167.5
LBL,7/3/2019,221.0,227.0,220.0,227.0,2.71,21156.0,972.0,167.5
LBL,7/4/2019,227.0,229.0,223.0,223.0,-1.76,32420.0,972.0,167.5
LBL,7/7/2019,226.0,232.0,225.0,229.0,2.69,52651.0,972.0,167.5
LBL,7/8/2019,230.0,230.0,224.0,225.0,-1.75,56587.0,972.0,167.5
LBL,7/9/2019,225.0,228.0,223.0,226.0,0.44,183497.0,972.0,167.5
LBL,7/10/2019,230.0,230.0,224.0,227.0,0.44,16800.0,972.0,167.5
LBL,7/11/2019,227.0,227.0,223.0,224.0,-1.32,30577.0,972.0,167.5
LBL,7/14/2019,228.0,231.0,225.0,225.0,0.45,8637.0,972.0,167.5
LBL,7/15/2019,227.0,227.0,224.0,226.0,0.44,8582.0,972.0,167.5
LBL,7/16/2019,228.0,228.0,223.0,226.0,0.0,4844.0,972.0,167.5
LBL,7/17/2019,228.0,230.0,226.0,229.0,1.33,8051.0,972.0,167.5
LBL,7/18/2019,229.0,230.0,224.0,224.0,-2.18,19314.0,972.0,167.5
LBL,7/21/2019,224.0,227.0,224.0,227.0,1.34,3537.0,972.0,167.5
LBL,7/22/2019,227.0,229.0,226.0,227.0,0.0,5572.0,972.0,167.5
LBL,7/23/2019,227.0,229.0,226.0,227.0,0.0,25479.0,972.0,167.5
LBL,7/24/2019,227.0,229.0,227.0,229.0,0.88,11944.0,972.0,167.5
LBL,7/25/2019,225.0,229.0,224.0,225.0,-1.75,26175.0,972.0,167.5
LBL,7/28/2019,225.0,225.0,221.0,223.0,-0.89,14595.0,972.0,167.5
LBL,7/29/2019,222.0,224.0,221.0,221.0,-0.9,9191.0,972.0,167.5
LBL,7/30/2019,221.0,223.0,221.0,222.0,0.45,5647.0,972.0,167.5
LBL,7/31/2019,222.0,224.0,220.0,222.0,0.0,24392.0,972.0,167.5
LBL,8/1/2019,223.0,225.0,219.0,220.0,-0.9,27172.0,972.0,167.5
LBL,8/4/2019,222.0,222.0,219.0,219.0,-0.45,10918.0,972.0,167.5
LBL,8/5/2019,219.0,220.0,218.0,218.0,-0.46,3233.0,972.0,167.5
LBL,8/6/2019,218.0,218.0,213.0,215.0,-1.38,31706.0,972.0,167.5
LBL,8/7/2019,215.0,222.0,214.0,217.0,0.93,10903.0,972.0,167.5
LBL,8/8/2019,216.0,216.0,214.0,216.0,-0.46,7037.0,972.0,167.5
LBL,8/11/2019,218.0,218.0,214.0,214.0,-0.93,10444.0,972.0,167.5
LBL,8/12/2019,216.0,216.0,214.0,216.0,0.93,5303.0,972.0,167.5
LBL,8/13/2019,215.0,216.0,214.0,215.0,-0.46,400370.0,972.0,167.5
LBL,8/14/2019,213.0,216.0,213.0,213.0,-0.93,12592.0,972.0,167.5
LBL,8/15/2019,214.0,216.0,213.0,213.0,0.0,20543.0,972.0,167.5
LBL,8/18/2019,214.0,217.0,212.0,214.0,0.47,17645.0,972.0,167.5
LBL,8/19/2019,214.0,221.0,212.0,216.0,0.93,14786.0,972.0,167.5
LBL,8/20/2019,216.0,216.0,212.0,213.0,-1.39,17772.0,972.0,167.5
LBL,8/21/2019,214.0,217.0,213.0,216.0,1.41,13647.0,972.0,167.5
LBL,8/22/2019,216.0,219.0,213.0,213.0,-1.39,9709.0,972.0,167.5
LBL,8/25/2019,213.0,217.0,211.0,214.0,0.47,4831.0,972.0,167.5
LBL,8/26/2019,213.0,215.0,211.0,215.0,0.47,11681.0,972.0,167.5
LBL,8/27/2019,216.0,216.0,214.0,215.0,0.0,18870.0,972.0,167.5
LBL,8/28/2019,218.0,218.0,210.0,210.0,-2.33,20469.0,972.0,167.5
LBL,8/29/2019,211.0,214.0,210.0,212.0,0.95,11126.0,972.0,167.5
LBL,9/1/2019,212.0,214.0,212.0,213.0,0.47,9989.0,972.0,167.5
LBL,9/2/2019,213.0,213.0,210.0,210.0,-1.41,20520.0,972.0,167.5
LBL,9/3/2019,210.0,217.0,210.0,215.0,2.38,16182.0,972.0,167.5
LBL,9/4/2019,216.0,218.0,214.0,216.0,0.47,9649.0,972.0,167.5
LBL,9/5/2019,219.0,219.0,216.0,216.0,0.0,10082.0,972.0,167.5
LBL,9/8/2019,213.0,215.0,213.0,214.0,-0.93,9767.0,972.0,167.5
LBL,9/9/2019,214.0,214.0,212.0,213.0,-0.47,52748.0,972.0,167.5
LBL,9/10/2019,213.0,216.0,211.0,213.0,0.0,4402.0,972.0,167.5
LBL,9/11/2019,211.0,214.0,211.0,211.0,-0.94,5068.0,972.0,167.5
LBL,9/12/2019,214.0,216.0,212.0,213.0,0.95,8585.0,972.0,167.5
LBL,9/15/2019,212.0,212.0,210.0,210.0,-1.41,47047.0,972.0,167.5
LBL,9/16/2019,208.0,210.0,208.0,208.0,-0.95,16056.0,972.0,167.5
LBL,9/17/2019,210.0,216.0,210.0,216.0,3.85,19395.0,972.0,167.5
LBL,9/18/2019,215.0,220.0,214.0,219.0,1.39,24288.0,972.0,167.5
LBL,9/19/2019,220.0,220.0,217.0,217.0,-0.91,21322.0,972.0,167.5
LBL,9/22/2019,216.0,216.0,212.0,213.0,-1.84,35918.0,972.0,167.5
LBL,9/23/2019,212.0,214.0,211.0,211.0,-0.94,6955.0,972.0,167.5
LBL,9/24/2019,212.0,213.0,210.0,212.0,0.47,6689.0,972.0,167.5
LBL,9/25/2019,214.0,214.0,209.0,210.0,-0.94,11994.0,972.0,167.5
LBL,9/26/2019,210.0,211.0,209.0,209.0,-0.48,7277.0,972.0,167.5
LBL,9/29/2019,209.0,209.0,207.0,207.0,-0.96,6288.0,972.0,167.5
LBL,9/30/2019,211.0,215.0,207.0,215.0,3.86,10416.0,972.0,167.5
LBL,10/1/2019,215.0,216.0,214.0,215.0,0.0,18518.0,972.0,167.5
LBL,10/2/2019,214.0,214.0,213.0,213.0,-0.93,2268.0,972.0,167.5
LBL,10/3/2019,213.0,214.0,213.0,213.0,0.0,3184.0,972.0,167.5
LBL,10/10/2019,212.0,214.0,212.0,213.0,0.0,2778.0,972.0,167.5
LBL,10/14/2019,211.0,214.0,211.0,214.0,0.47,1537.0,972.0,167.5
LBL,10/15/2019,214.0,215.0,212.0,215.0,0.47,4833.0,972.0,167.5
LBL,10/16/2019,214.0,214.0,213.0,213.0,-0.93,5333.0,972.0,167.5
LBL,10/17/2019,212.0,215.0,211.0,215.0,0.94,2294.0,972.0,167.5
LBL,10/20/2019,215.0,215.0,212.0,213.0,-0.93,2786.0,972.0,167.5
LBL,10/21/2019,217.0,217.0,213.0,214.0,0.47,1663.0,972.0,167.5
LBL,10/22/2019,212.0,217.0,212.0,217.0,1.4,2615.0,972.0,167.5
LBL,10/23/2019,213.0,217.0,213.0,217.0,0.0,5409.0,972.0,167.5
LBL,10/24/2019,221.0,221.0,216.0,220.0,1.38,23187.0,972.0,167.5
LBL,10/31/2019,219.0,219.0,217.0,218.0,-0.91,4510.0,972.0,167.5
LBL,11/3/2019,220.0,222.0,218.0,222.0,1.83,21844.0,972.0,167.5
LBL,11/4/2019,218.0,222.0,218.0,220.0,-0.9,14758.0,972.0,167.5
LBL,11/5/2019,220.0,222.0,219.0,220.0,0.0,10222.0,972.0,167.5
LBL,11/6/2019,219.0,222.0,219.0,220.0,0.0,18696.0,972.0,167.5
LBL,11/7/2019,223.0,223.0,219.0,220.0,0.0,10202.0,972.0,167.5
LBL,11/10/2019,220.0,220.0,218.0,220.0,0.0,11254.0,972.0,167.5
LBL,11/11/2019,221.0,221.0,218.0,219.0,-0.45,7743.0,972.0,167.5
LBL,11/12/2019,221.0,221.0,218.0,218.0,-0.46,12607.0,972.0,167.5
LBL,11/13/2019,218.0,219.0,217.0,218.0,0.0,9071.0,972.0,167.5
LBL,11/14/2019,218.0,218.0,217.0,217.0,-0.46,4499.0,972.0,167.5
LBL,11/17/2019,217.0,219.0,217.0,218.0,0.46,12328.0,972.0,167.5
LBL,11/18/2019,218.0,219.0,217.0,217.0,-0.46,3017.0,972.0,167.5
LBL,11/19/2019,218.0,218.0,216.0,217.0,0.0,8721.0,972.0,167.5
LBL,11/20/2019,218.0,219.0,217.0,217.0,0.0,5842.0,972.0,167.5
LBL,11/21/2019,217.0,217.0,215.0,216.0,-0.46,10493.0,972.0,167.5
LBL,11/24/2019,216.0,217.0,210.0,212.0,-1.85,18103.0,972.0,167.5
LBL,11/25/2019,212.0,216.0,212.0,216.0,1.89,5074.0,972.0,167.5
LBL,11/26/2019,212.0,215.0,212.0,215.0,-0.46,3152.0,972.0,167.5
LBL,11/27/2019,216.0,217.0,215.0,217.0,0.93,4213.0,972.0,167.5
LBL,11/28/2019,215.0,218.0,215.0,217.0,0.0,7073.0,972.0,167.5
LBL,12/1/2019,217.0,218.0,215.0,215.0,-0.92,6209.0,972.0,167.5
LBL,12/2/2019,215.0,217.0,215.0,216.0,0.47,4201.0,972.0,167.5
LBL,12/3/2019,216.0,219.0,216.0,218.0,0.93,5483.0,972.0,167.5
LBL,12/4/2019,218.0,218.0,215.0,216.0,-0.92,23467.0,972.0,167.5
LBL,12/5/2019,216.0,219.0,216.0,217.0,0.46,20218.0,972.0,167.5
LBL,12/8/2019,219.0,219.0,216.0,218.0,0.46,28355.0,972.0,167.5
LBL,12/9/2019,195.0,198.0,190.0,196.0,-10.09,19858.0,972.0,167.5
LBL,12/10/2019,198.0,199.0,195.0,196.0,0.0,7410.0,972.0,167.5
LBL,12/11/2019,197.0,200.0,197.0,197.0,0.51,10970.0,972.0,167.5
LBL,12/12/2019,198.0,198.0,197.0,197.0,0.0,4209.0,972.0,167.5
LBL,12/15/2019,196.0,200.0,196.0,197.0,0.0,18678.0,972.0,167.5
LBL,12/16/2019,196.0,197.0,194.0,194.0,-1.52,10844.0,972.0,167.5
LBL,12/17/2019,193.0,193.0,192.0,192.0,-1.03,6351.0,972.0,167.5
LBL,12/18/2019,191.0,193.0,191.0,192.0,0.0,5202.0,972.0,167.5
LBL,12/19/2019,193.0,193.0,191.0,191.0,-0.52,4531.0,972.0,167.5
LBL,12/22/2019,191.0,194.0,191.0,193.0,1.05,2301.0,972.0,167.5
LBL,12/23/2019,194.0,194.0,190.0,193.0,0.0,11198.0,972.0,167.5
LBL,12/24/2019,194.0,194.0,193.0,193.0,0.0,5860.0,972.0,167.5
LBL,12/25/2019,192.0,194.0,191.0,192.0,-0.52,1957.0,972.0,167.5
LBL,12/26/2019,195.0,195.0,192.0,192.0,0.0,3596.0,972.0,167.5
LBL,12/29/2019,192.0,193.0,190.0,192.0,0.0,1328.0,972.0,167.5
LBL,12/30/2019,192.0,193.0,190.0,191.0,-0.52,1638.0,972.0,167.5
LBL,12/31/2019,190.0,192.0,189.0,190.0,-0.52,3516.0,972.0,167.5
LBL,1/1/2020,190.0,192.0,189.0,189.0,-0.53,7244.0,972.0,167.5
LBL,1/2/2020,192.0,193.0,190.0,191.0,1.06,10823.0,972.0,167.5
LBL,1/5/2020,194.0,199.0,192.0,195.0,2.09,17386.0,972.0,167.5
LBL,1/6/2020,195.0,202.0,195.0,199.0,2.05,17812.0,972.0,167.5
LBL,1/7/2020,200.0,205.0,200.0,203.0,2.01,25138.0,972.0,167.5
LBL,1/8/2020,204.0,204.0,200.0,201.0,-0.99,15867.0,972.0,167.5
LBL,1/9/2020,200.0,202.0,199.0,201.0,0.0,9784.0,972.0,167.5
LBL,1/12/2020,203.0,208.0,202.0,206.0,2.49,37516.0,972.0,167.5
LBL,1/13/2020,210.0,212.0,208.0,208.0,0.97,26322.0,972.0,167.5
LBL,1/14/2020,208.0,209.0,204.0,206.0,-0.96,15777.0,972.0,167.5
LBL,1/15/2020,208.0,214.0,207.0,211.0,2.43,42890.0,972.0,167.5
LBL,1/16/2020,213.0,217.0,212.0,216.0,2.37,54632.0,972.0,167.5
LBL,1/19/2020,220.0,223.0,217.0,221.0,2.31,32931.0,972.0,167.5
LBL,1/20/2020,222.0,226.0,213.0,213.0,-3.62,26370.0,972.0,167.5
LBL,1/21/2020,215.0,219.0,213.0,215.0,0.94,25038.0,972.0,167.5
LBL,1/22/2020,215.0,215.0,212.0,213.0,-0.93,12020.0,972.0,167.5
LBL,1/23/2020,216.0,216.0,207.0,207.0,-2.82,17439.0,972.0,167.5
LBL,1/26/2020,207.0,210.0,205.0,207.0,0.0,11651.0,972.0,167.5
LBL,1/27/2020,206.0,211.0,205.0,208.0,0.48,6978.0,972.0,167.5
LBL,1/28/2020,209.0,216.0,209.0,213.0,2.4,36336.0,972.0,167.5
LBL,1/29/2020,211.0,215.0,211.0,211.0,-0.94,14951.0,972.0,167.5
LBL,1/30/2020,211.0,219.0,211.0,214.0,1.42,17602.0,972.0,167.5
LBL,2/2/2020,218.0,231.0,218.0,228.0,6.54,71424.0,972.0,167.5
LBL,2/3/2020,230.0,233.0,227.0,230.0,0.88,55020.0,972.0,167.5
LBL,2/4/2020,231.0,234.0,227.0,227.0,-1.3,36332.0,972.0,167.5
LBL,2/5/2020,228.0,230.0,227.0,229.0,0.88,17001.0,972.0,167.5
LBL,2/6/2020,227.0,229.0,224.0,227.0,-0.87,15161.0,972.0,167.5
LBL,2/9/2020,223.0,223.0,218.0,219.0,-3.52,37095.0,972.0,167.5
LBL,2/10/2020,222.0,223.0,219.0,222.0,1.37,16081.0,972.0,167.5
LBL,2/11/2020,226.0,230.0,224.0,226.0,1.8,18097.0,972.0,167.5
LBL,2/12/2020,228.0,229.0,224.0,225.0,-0.44,10347.0,972.0,167.5
LBL,2/13/2020,227.0,229.0,222.0,224.0,-0.44,15839.0,972.0,167.5
LBL,2/16/2020,226.0,226.0,221.0,223.0,-0.45,34312.0,972.0,167.5
LBL,2/17/2020,227.0,234.0,225.0,229.0,2.69,48015.0,972.0,167.5
LBL,2/18/2020,232.0,240.0,229.0,232.0,1.31,44156.0,972.0,167.5
LBL,2/19/2020,230.0,231.0,229.0,230.0,-0.86,19008.0,972.0,167.5
LBL,2/20/2020,228.0,231.0,228.0,230.0,0.0,21234.0,972.0,167.5
LBL,2/23/2020,234.0,250.0,232.0,250.0,8.7,88794.0,972.0,167.5
LBL,2/24/2020,255.0,260.0,246.0,247.0,-1.2,92399.0,972.0,167.5
LBL,2/25/2020,245.0,256.0,242.0,251.0,1.62,37775.0,972.0,167.5
LBL,2/26/2020,256.0,263.0,250.0,257.0,2.39,86239.0,972.0,167.5
LBL,2/27/2020,255.0,270.0,248.0,267.0,3.89,142682.0,972.0,167.5
LBL,3/1/2020,267.0,270.0,252.0,256.0,-4.12,83866.0,972.0,167.5
LBL,3/2/2020,254.0,261.0,243.0,243.0,-5.08,40905.0,972.0,167.5
LBL,3/3/2020,239.0,255.0,226.0,245.0,0.82,53841.0,972.0,167.5
LBL,3/4/2020,241.0,248.0,231.0,233.0,-4.9,43620.0,972.0,167.5
LBL,3/5/2020,229.0,234.0,225.0,229.0,-1.72,46871.0,972.0,167.5
LBL,3/10/2020,225.0,225.0,218.0,218.0,-4.8,20989.0,972.0,167.5
LBL,3/11/2020,220.0,233.0,214.0,227.0,4.13,54670.0,972.0,167.5
LBL,3/12/2020,227.0,228.0,220.0,221.0,-2.64,35636.0,972.0,167.5
LBL,3/15/2020,217.0,219.0,211.0,213.0,-3.62,72671.0,972.0,167.5
LBL,3/16/2020,213.0,217.0,208.0,214.0,0.47,22637.0,972.0,167.5
LBL,3/17/2020,214.0,214.0,208.0,209.0,-2.34,30653.0,972.0,167.5
LBL,3/18/2020,207.0,212.0,203.0,205.0,-1.91,44651.0,972.0,167.5
LBL,3/19/2020,201.0,212.0,195.0,208.0,1.46,42472.0,972.0,167.5
LBL,3/22/2020,205.0,205.0,200.0,200.0,-3.85,8637.0,972.0,167.5
LBL,5/13/2020,196.0,196.0,194.0,194.0,-3.0,130.0,972.0,167.5
LBL,6/29/2020,191.0,191.0,184.0,189.0,-2.58,12205.0,972.0,167.5
LBL,6/30/2020,188.0,198.0,188.0,195.0,3.17,2000.0,972.0,167.5
LBL,7/1/2020,197.0,205.0,197.0,203.0,4.1,1582.0,972.0,167.5
LBL,7/2/2020,206.0,210.0,191.0,196.0,-3.45,9720.0,972.0,167.5
LBL,7/5/2020,195.0,205.0,194.0,200.0,2.04,23135.0,972.0,167.5
LBL,7/6/2020,198.0,204.0,198.0,204.0,2.0,16380.0,972.0,167.5
LBL,7/7/2020,206.0,212.0,203.0,209.0,2.45,16820.0,972.0,167.5
LBL,7/8/2020,205.0,210.0,205.0,210.0,0.48,22670.0,972.0,167.5
LBL,7/9/2020,210.0,210.0,203.0,209.0,-0.48,12080.0,972.0,167.5
LBL,7/12/2020,208.0,216.0,208.0,215.0,2.87,24907.0,972.0,167.5
LBL,7/13/2020,219.0,219.0,211.0,214.0,-0.47,12196.0,972.0,167.5
LBL,7/14/2020,211.0,215.0,211.0,213.0,-0.47,10094.0,972.0,167.5
LBL,7/15/2020,215.0,215.0,208.0,209.0,-1.88,180597.0,972.0,167.5
LBL,7/16/2020,209.0,228.0,208.0,228.0,9.09,72397.0,972.0,167.5
LBL,7/19/2020,232.0,236.0,232.0,236.0,3.51,244.0,972.0,167.5
LBL,7/20/2020,247.0,259.0,234.0,239.0,1.27,101233.0,972.0,167.5
LBL,7/21/2020,242.0,243.0,237.0,239.0,0.0,67561.0,972.0,167.5
LBL,7/22/2020,241.0,242.0,235.0,235.0,-1.67,19048.0,972.0,167.5
LBL,7/23/2020,232.0,234.0,230.0,231.0,-1.7,18031.0,972.0,167.5
LBL,7/26/2020,231.0,233.0,229.0,232.0,0.43,23547.0,972.0,167.5
LBL,7/27/2020,235.0,241.0,232.0,240.0,3.45,49137.0,972.0,167.5
LBL,7/28/2020,237.0,242.0,237.0,238.0,-0.83,39355.0,972.0,167.5
LBL,7/29/2020,237.0,237.0,231.0,232.0,-2.52,46151.0,972.0,167.5
LBL,7/30/2020,235.0,239.0,232.0,236.0,1.72,26155.0,972.0,167.5
LBL,8/2/2020,235.0,236.0,230.0,232.0,-1.69,51102.0,972.0,167.5
LBL,8/3/2020,236.0,236.0,229.0,230.0,-0.86,53605.0,972.0,167.5
LBL,8/5/2020,226.0,230.0,222.0,227.0,-1.3,20112.0,972.0,167.5
LBL,8/6/2020,225.0,228.0,221.0,226.0,-0.44,14420.0,972.0,167.5
LBL,8/9/2020,223.0,230.0,222.0,229.0,1.33,20718.0,972.0,167.5
LBL,8/10/2020,233.0,233.0,229.0,231.0,0.87,30030.0,972.0,167.5
LBL,8/11/2020,234.0,235.0,227.0,229.0,-0.87,11651.0,972.0,167.5
LBL,8/12/2020,226.0,232.0,225.0,231.0,0.87,17522.0,972.0,167.5
LBL,8/13/2020,229.0,230.0,227.0,228.0,-1.3,6695.0,972.0,167.5
LBL,8/16/2020,230.0,230.0,225.0,226.0,-0.88,20164.0,972.0,167.5
LBL,8/17/2020,225.0,234.0,224.0,234.0,3.54,10573.0,972.0,167.5
LBL,8/18/2020,233.0,233.0,226.0,226.0,-3.42,40220.0,972.0,167.5
LBL,8/19/2020,224.0,225.0,223.0,224.0,-0.88,17795.0,972.0,167.5
LBL,8/20/2020,225.0,231.0,223.0,227.0,1.34,7605.0,972.0,167.5
LBL,8/23/2020,225.0,230.0,224.0,227.0,0.0,7050.0,972.0,167.5
LBL,8/24/2020,230.0,232.0,229.0,230.0,1.32,20004.0,972.0,167.5
LBL,8/25/2020,230.0,231.0,226.0,231.0,0.43,14370.0,972.0,167.5
LBL,8/26/2020,231.0,240.0,231.0,238.0,3.03,52277.0,972.0,167.5
LBL,8/27/2020,242.0,244.0,237.0,240.0,0.84,77106.0,972.0,167.5
LBL,8/30/2020,240.0,240.0,236.0,238.0,-0.83,6702.0,972.0,167.5
LBL,8/31/2020,238.0,242.0,238.0,242.0,1.68,52703.0,972.0,167.5
LBL,9/2/2020,245.0,248.0,240.0,241.0,-0.41,60832.0,972.0,167.5
LBL,9/3/2020,244.0,244.0,239.0,241.0,0.0,26162.0,972.0,167.5
LBL,9/6/2020,241.0,245.0,238.0,238.0,-1.24,49502.0,972.0,167.5
LBL,9/7/2020,238.0,238.0,235.0,235.0,-1.26,21848.0,972.0,167.5
LBL,9/8/2020,235.0,236.0,234.0,235.0,0.0,23963.0,972.0,167.5
LBL,9/9/2020,233.0,236.0,233.0,233.0,-0.85,22777.0,972.0,167.5
LBL,9/10/2020,235.0,238.0,231.0,235.0,0.86,22561.0,972.0,167.5
LBL,9/13/2020,236.0,236.0,231.0,235.0,0.0,58982.0,972.0,167.5
LBL,9/14/2020,239.0,243.0,238.0,239.0,1.7,45018.0,972.0,167.5
LBL,9/15/2020,239.0,240.0,236.0,236.0,-1.26,29577.0,972.0,167.5
LBL,9/16/2020,236.0,237.0,234.0,235.0,-0.42,24517.0,972.0,167.5
LBL,9/17/2020,234.0,247.0,234.0,245.0,4.26,71970.0,972.0,167.5
LBL,9/20/2020,249.0,267.0,248.0,251.0,2.45,85261.0,972.0,167.5
LBL,9/21/2020,263.0,263.0,247.0,250.0,-0.4,47470.0,972.0,167.5
LBL,9/22/2020,251.0,252.0,243.0,244.0,-2.4,64948.0,972.0,167.5
LBL,9/23/2020,243.0,247.0,241.0,245.0,0.41,67233.0,972.0,167.5
LBL,9/24/2020,257.0,257.0,242.0,246.0,0.41,32424.0,972.0,167.5
LBL,9/27/2020,250.0,255.0,245.0,252.0,2.44,63311.0,972.0,167.5
LBL,9/28/2020,252.0,253.0,249.0,250.0,-0.79,30045.0,972.0,167.5
LBL,9/29/2020,245.0,249.0,245.0,246.0,-1.6,12379.0,972.0,167.5
LBL,9/30/2020,245.0,248.0,243.0,246.0,0.0,13151.0,972.0,167.5
LBL,10/1/2020,246.0,256.0,246.0,250.0,1.63,97550.0,972.0,167.5
LBL,10/4/2020,253.0,267.0,252.0,266.0,6.4,237013.0,972.0,167.5
LBL,10/5/2020,270.0,270.0,261.0,263.0,-1.13,88794.0,972.0,167.5
LBL,10/6/2020,262.0,264.0,259.0,262.0,-0.38,44376.0,972.0,167.5
LBL,10/7/2020,262.0,268.0,260.0,266.0,1.53,102449.0,972.0,167.5
LBL,10/8/2020,267.0,268.0,261.0,262.0,-1.5,54644.0,972.0,167.5
LBL,10/11/2020,262.0,263.0,258.0,258.0,-1.53,40112.0,972.0,167.5
LBL,10/12/2020,260.0,260.0,255.0,258.0,0.0,14141.0,972.0,167.5
LBL,10/13/2020,258.0,261.0,253.0,253.0,-1.94,50684.0,972.0,167.5
LBL,10/14/2020,256.0,257.0,252.0,253.0,0.0,40069.0,972.0,167.5
LBL,10/15/2020,258.0,258.0,252.0,254.0,0.4,30388.0,972.0,167.5
LBL,10/18/2020,254.0,255.0,252.0,253.0,-0.39,26932.0,972.0,167.5
LBL,10/19/2020,253.0,257.0,253.0,257.0,1.58,13743.0,972.0,167.5
LBL,10/20/2020,261.0,261.0,257.0,261.0,1.56,19842.0,972.0,167.5
LBL,10/21/2020,264.0,266.0,261.0,264.0,1.15,45419.0,972.0,167.5
LBL,10/22/2020,266.0,271.0,265.0,269.0,1.89,112557.0,972.0,167.5
LBL,10/28/2020,273.0,289.0,271.0,289.0,7.43,126695.0,972.0,167.5
LBL,10/29/2020,295.0,299.0,281.0,281.0,-2.77,120263.0,972.0,167.5
LBL,11/1/2020,282.0,282.0,274.0,276.0,-1.78,69782.0,972.0,167.5
LBL,11/2/2020,278.0,278.0,272.0,273.0,-1.09,50092.0,972.0,167.5
LBL,11/3/2020,272.0,275.0,271.0,272.0,-0.37,21452.0,972.0,167.5
LBL,11/4/2020,272.0,273.0,269.0,270.0,-0.74,45586.0,972.0,167.5
LBL,11/5/2020,271.0,274.0,270.0,271.0,0.37,36601.0,972.0,167.5
LBL,11/8/2020,276.0,279.0,268.0,268.0,-1.11,44177.0,972.0,167.5
LBL,11/9/2020,268.0,271.0,265.0,266.0,-0.75,57107.0,972.0,167.5
LBL,11/10/2020,267.0,270.0,264.0,267.0,0.38,56388.0,972.0,167.5
LBL,11/11/2020,265.0,275.0,265.0,275.0,3.0,36426.0,972.0,167.5
LBL,11/12/2020,275.0,275.0,269.0,273.0,-0.73,52082.0,972.0,167.5
LBL,11/18/2020,268.0,268.0,262.0,265.0,-2.93,53403.0,972.0,167.5
LBL,11/19/2020,263.0,265.0,262.0,264.0,-0.38,62577.0,972.0,167.5
LBL,11/22/2020,269.0,274.0,263.0,267.0,1.14,94966.0,972.0,167.5
LBL,11/23/2020,265.0,277.0,265.0,269.0,0.75,68030.0,972.0,167.5
LBL,11/24/2020,273.0,273.0,267.0,268.0,-0.37,45531.0,972.0,167.5
LBL,11/25/2020,273.0,282.0,270.0,273.0,1.87,118713.0,972.0,167.5
LBL,11/26/2020,268.0,285.0,268.0,278.0,1.83,108260.0,972.0,167.5
LBL,11/29/2020,283.0,305.0,283.0,305.0,9.71,340050.0,972.0,167.5
LBL,11/30/2020,311.0,325.0,292.0,295.0,-3.28,161894.0,972.0,167.5
LBL,12/1/2020,290.0,300.0,281.0,287.0,-2.71,133450.0,972.0,167.5
LBL,12/2/2020,284.0,293.0,282.0,293.0,2.09,111734.0,972.0,167.5
LBL,12/3/2020,298.0,300.0,288.0,291.0,-0.68,84210.0,972.0,167.5
LBL,12/6/2020,289.0,291.0,277.0,277.0,-4.81,103362.0,972.0,167.5
LBL,12/7/2020,290.0,290.0,271.0,281.0,1.44,48354.0,972.0,167.5
LBL,12/8/2020,295.0,295.0,280.0,282.0,0.36,38449.0,972.0,167.5
LBL,12/9/2020,282.0,282.0,273.0,275.0,-2.48,70778.0,972.0,167.5
LBL,12/10/2020,275.0,278.0,270.0,277.0,0.73,35800.0,972.0,167.5
LBL,12/13/2020,277.0,284.0,273.0,283.0,2.17,31397.0,972.0,167.5
LBL,12/14/2020,285.0,290.0,280.0,288.0,1.77,64491.0,972.0,167.5
LBL,12/15/2020,288.0,288.0,275.0,278.0,-3.47,197379.0,972.0,167.5
LBL,12/16/2020,291.0,291.0,275.0,281.0,1.08,65916.0,972.0,167.5
LBL,12/17/2020,281.0,283.0,278.0,279.0,-0.71,60167.0,972.0,167.5
LBL,12/20/2020,281.0,281.0,265.0,266.0,-4.66,53181.0,972.0,167.5
LBL,12/21/2020,279.0,279.0,259.0,266.0,0.0,45685.0,972.0,167.5
LBL,12/22/2020,271.0,281.0,270.0,278.0,4.51,68298.0,972.0,167.5
LBL,12/23/2020,278.0,288.0,270.0,274.0,-1.44,49118.0,972.0,167.5
LBL,12/24/2020,273.0,279.0,271.0,273.0,-0.36,42503.0,972.0,167.5
LBL,12/27/2020,270.0,275.0,268.0,273.0,0.0,28829.0,972.0,167.5
LBL,12/28/2020,273.0,276.0,269.0,274.0,0.37,36484.0,972.0,167.5
LBL,12/29/2020,277.0,277.0,269.0,271.0,-1.09,38194.0,972.0,167.5
LBL,12/30/2020,270.0,272.0,268.0,270.0,-0.37,63167.0,972.0,167.5
LBL,12/31/2020,274.0,291.0,272.0,286.0,5.93,374980.0,972.0,167.5
LBL,1/3/2021,262.0,273.0,262.0,271.0,-5.24,111263.0,972.0,167.5
LBL,1/4/2021,284.0,284.0,264.0,267.0,-1.48,63907.0,972.0,167.5
LBL,1/5/2021,270.0,270.0,261.0,262.0,-1.87,52064.0,972.0,167.5
LBL,1/6/2021,262.0,267.0,261.0,267.0,1.91,63061.0,972.0,167.5
LBL,1/7/2021,269.0,273.0,267.0,269.0,0.75,127433.0,972.0,167.5
LBL,1/10/2021,274.0,286.0,269.0,282.0,4.83,210696.0,972.0,167.5
LBL,1/11/2021,290.0,290.0,275.0,279.0,-1.06,91209.0,972.0,167.5
LBL,1/12/2021,282.0,285.0,275.0,280.0,0.36,62726.0,972.0,167.5
LBL,1/13/2021,280.0,285.0,277.0,280.0,0.0,114301.0,972.0,167.5
LBL,1/17/2021,284.0,284.0,277.0,279.0,-0.36,77537.0,972.0,167.5
LBL,1/18/2021,284.0,285.0,279.0,281.0,0.72,72818.0,972.0,167.5
LBL,1/19/2021,295.0,295.0,277.0,277.0,-1.42,56332.0,972.0,167.5
LBL,1/20/2021,276.0,291.0,275.0,284.0,2.53,104298.0,972.0,167.5
LBL,1/21/2021,282.0,288.0,279.0,281.0,-1.06,79375.0,972.0,167.5
LBL,1/24/2021,286.0,287.0,280.0,283.0,0.71,127176.0,972.0,167.5
LBL,1/25/2021,286.0,289.0,280.0,288.0,1.77,141625.0,972.0,167.5
LBL,1/26/2021,288.0,290.0,283.0,285.0,-1.04,103801.0,972.0,167.5
LBL,1/27/2021,287.0,287.0,280.0,282.0,-1.05,83676.0,972.0,167.5
LBL,1/28/2021,286.0,286.0,272.0,276.0,-2.13,109992.0,972.0,167.5
LBL,1/31/2021,276.0,276.0,266.0,267.0,-3.26,70531.0,972.0,167.5
LBL,2/1/2021,270.0,280.0,268.0,271.0,1.5,72735.0,972.0,167.5
LBL,2/2/2021,268.0,275.0,268.0,271.0,0.0,94757.0,972.0,167.5
LBL,2/3/2021,275.0,281.0,270.0,278.0,2.58,149601.0,972.0,167.5
LBL,2/4/2021,273.0,279.0,273.0,276.0,-0.72,47691.0,972.0,167.5
LBL,2/7/2021,276.0,276.0,272.0,275.0,-0.36,68400.0,972.0,167.5
LBL,2/8/2021,275.0,286.0,275.0,286.0,4.0,134972.0,972.0,167.5
LBL,2/9/2021,290.0,294.0,283.0,285.0,-0.35,113160.0,972.0,167.5
LBL,2/10/2021,285.0,295.0,280.0,295.0,3.51,151926.0,972.0,167.5
LBL,2/11/2021,300.0,304.0,290.0,293.0,-0.68,259753.0,972.0,167.5
LBL,2/14/2021,300.0,300.0,286.0,286.0,-2.39,138234.0,972.0,167.5
LBL,2/15/2021,300.0,300.0,287.0,292.0,2.1,235890.0,972.0,167.5
LBL,2/16/2021,297.0,305.0,292.0,301.0,3.08,352264.0,972.0,167.5
LBL,2/17/2021,305.0,318.0,299.0,316.0,4.98,300711.0,972.0,167.5
LBL,2/18/2021,331.0,331.0,315.0,320.0,1.27,218518.0,972.0,167.5
LBL,2/21/2021,320.0,325.0,310.0,310.0,-3.12,158212.0,972.0,167.5
LBL,2/22/2021,295.0,315.0,295.0,306.0,-1.29,204592.0,972.0,167.5
LBL,2/23/2021,305.0,305.0,297.0,304.0,-0.65,173755.0,972.0,167.5
LBL,2/24/2021,310.0,312.0,302.0,304.0,0.0,117830.0,972.0,167.5
LBL,2/25/2021,300.0,305.0,295.0,298.0,-1.97,131323.0,972.0,167.5
LBL,2/28/2021,298.0,298.0,289.0,291.0,-2.35,95906.0,972.0,167.5
LBL,3/1/2021,290.0,300.0,286.0,295.0,1.37,110587.0,972.0,167.5
LBL,3/2/2021,298.0,298.0,286.0,287.0,-2.71,67145.0,972.0,167.5
LBL,3/3/2021,286.0,288.0,283.0,286.0,-0.35,49222.0,972.0,167.5
LBL,3/4/2021,290.0,299.0,286.0,295.0,3.15,50414.0,972.0,167.5
LBL,3/7/2021,300.0,300.0,288.0,289.0,-2.03,45735.0,972.0,167.5
LBL,3/9/2021,286.0,289.0,283.0,284.0,-1.73,59892.0,972.0,167.5
LBL,3/10/2021,288.0,288.0,281.0,285.0,0.35,34173.0,972.0,167.5
LBL,3/14/2021,280.0,281.0,276.0,278.0,-2.46,64894.0,972.0,167.5
LBL,3/15/2021,275.0,278.0,269.0,274.0,-1.44,72781.0,972.0,167.5
LBL,3/16/2021,274.0,278.0,272.0,276.0,0.73,49346.0,972.0,167.5
LBL,3/17/2021,278.0,280.0,271.0,278.0,0.72,41210.0,972.0,167.5
LBL,3/18/2021,291.0,291.0,275.0,285.0,2.52,61556.0,972.0,167.5
LBL,3/21/2021,299.0,299.0,283.0,289.0,1.4,62770.0,972.0,167.5
LBL,3/22/2021,303.0,303.0,285.0,286.0,-1.04,55334.0,972.0,167.5
LBL,3/23/2021,275.0,290.0,275.0,286.0,0.0,43428.0,972.0,167.5
LBL,3/24/2021,289.0,297.0,285.0,295.0,3.15,112992.0,972.0,167.5
LBL,3/25/2021,286.0,300.0,286.0,287.0,-2.71,62093.0,972.0,167.5
LBL,3/29/2021,286.0,290.0,284.0,286.0,-0.35,32542.0,972.0,167.5
LBL,3/30/2021,283.0,288.0,283.0,288.0,0.7,42033.0,972.0,167.5
LBL,3/31/2021,288.0,295.0,288.0,295.0,2.43,99050.0,972.0,167.5
LBL,4/1/2021,300.0,312.0,291.0,302.0,2.37,215932.0,972.0,167.5
LBL,4/4/2021,301.0,305.0,298.0,303.0,0.33,133865.0,972.0,167.5
LBL,4/5/2021,305.0,308.0,301.0,304.0,0.33,184337.0,972.0,167.5
LBL,4/6/2021,319.0,319.0,301.0,305.0,0.33,91348.0,972.0,167.5
LBL,4/7/2021,304.0,313.0,304.0,313.0,2.62,178118.0,972.0,167.5
LBL,4/8/2021,313.0,316.0,307.0,314.0,0.32,178595.0,972.0,167.5
LBL,4/12/2021,313.0,318.0,310.0,315.0,0.32,124049.0,972.0,167.5
LBL,4/13/2021,330.0,330.0,308.0,315.0,0.0,112431.0,972.0,167.5
LBL,4/15/2021,315.0,326.0,315.0,320.0,1.59,230820.0,972.0,167.5
LBL,4/18/2021,333.0,333.0,315.0,315.0,-1.56,155423.0,972.0,167.5
LBL,4/19/2021,314.0,316.0,306.0,307.0,-2.54,107616.0,972.0,167.5
LBL,4/20/2021,310.0,312.0,305.0,307.0,0.0,69619.0,972.0,167.5
LBL,4/21/2021,310.0,312.0,304.0,305.0,-0.65,74029.0,972.0,167.5
LBL,4/22/2021,302.0,308.0,299.0,307.0,0.66,39773.0,972.0,167.5
LBL,4/25/2021,302.0,307.0,294.0,296.0,-3.58,77250.0,972.0,167.5
LBL,4/26/2021,310.0,310.0,286.0,287.0,-3.04,83914.0,972.0,167.5
LBL,4/27/2021,288.0,297.0,288.0,297.0,3.48,46080.0,972.0,167.5
LBL,4/28/2021,300.0,301.0,292.0,295.0,-0.67,29058.0,972.0,167.5
LBL,4/29/2021,291.0,296.0,290.0,293.0,-0.68,32198.0,972.0,167.5
LBL,5/2/2021,290.0,298.0,290.0,296.0,1.02,70461.0,972.0,167.5
LBL,5/3/2021,298.0,300.0,295.0,295.0,-0.34,46121.0,972.0,167.5
LBL,5/4/2021,299.0,299.0,293.0,295.0,0.0,26174.0,972.0,167.5
LBL,5/5/2021,291.0,298.0,290.0,295.0,0.0,28864.0,972.0,167.5
LBL,5/6/2021,295.0,324.0,292.0,323.0,9.49,826295.0,972.0,167.5
LBL,5/9/2021,330.0,335.0,310.0,312.0,-3.41,218204.0,972.0,167.5
LBL,5/10/2021,327.0,327.0,306.0,310.0,-0.64,91344.0,972.0,167.5
LBL,5/11/2021,310.0,313.0,306.0,310.0,0.0,78008.0,972.0,167.5
LBL,5/12/2021,310.0,313.0,307.0,311.0,0.32,72344.0,972.0,167.5
LBL,5/13/2021,324.0,324.0,309.0,312.0,0.32,62545.0,972.0,167.5
LBL,5/16/2021,315.0,319.0,312.0,315.0,0.96,90435.0,972.0,167.5
LBL,5/17/2021,315.0,320.0,315.0,315.0,0.0,94886.0,972.0,167.5
LBL,5/18/2021,317.0,320.0,313.0,320.0,1.59,133499.0,972.0,167.5
LBL,5/19/2021,322.0,327.0,317.0,319.0,-0.31,243302.0,972.0,167.5
LBL,5/20/2021,304.0,333.0,304.0,329.0,3.13,317288.0,972.0,167.5
LBL,5/23/2021,329.0,342.0,319.0,339.0,3.04,314870.0,972.0,167.5
LBL,5/24/2021,343.0,350.0,333.0,338.0,-0.29,231898.0,972.0,167.5
LBL,5/25/2021,354.0,354.0,330.0,331.0,-2.07,145890.0,972.0,167.5
LBL,5/27/2021,328.0,337.0,319.0,333.0,0.6,154898.0,972.0,167.5
LBL,5/30/2021,336.0,344.0,328.0,341.0,2.4,214828.0,972.0,167.5
LBL,5/31/2021,358.0,358.0,334.0,336.0,-1.47,216828.0,972.0,167.5
LBL,6/1/2021,330.0,340.0,329.0,333.0,-0.89,151466.0,972.0,167.5
LBL,6/2/2021,336.0,338.0,331.0,336.0,0.9,106845.0,972.0,167.5
LBL,6/3/2021,336.0,364.0,336.0,362.0,7.74,723840.0,972.0,167.5
LBL,6/6/2021,370.0,398.0,370.0,391.0,8.01,596499.0,972.0,167.5
LBL,6/7/2021,398.0,398.0,372.0,377.0,-3.58,477703.0,972.0,167.5
LBL,6/8/2021,377.0,404.0,377.0,404.0,7.16,512888.0,972.0,167.5
LBL,6/9/2021,410.0,429.0,405.0,410.0,1.49,403348.0,972.0,167.5
LBL,6/10/2021,430.0,430.0,399.0,405.0,-1.22,287494.0,972.0,167.5
LBL,6/13/2021,425.0,425.0,397.0,407.0,0.49,347004.0,972.0,167.5
LBL,6/14/2021,412.0,445.0,410.0,432.0,6.14,481155.0,972.0,167.5
LBL,6/15/2021,432.0,447.0,421.0,422.0,-2.31,324492.0,972.0,167.5
LBL,6/16/2021,425.0,432.0,412.0,420.0,-0.47,280566.0,972.0,167.5
LBL,6/17/2021,424.0,424.0,409.0,415.0,-1.19,159452.0,972.0,167.5
LBL,6/20/2021,412.0,417.0,397.0,403.0,-2.89,283752.0,972.0,167.5
LBL,6/21/2021,423.0,423.0,390.0,391.0,-2.98,229977.0,972.0,167.5
LBL,6/22/2021,375.0,411.0,375.0,410.0,4.86,173167.0,972.0,167.5
LBL,6/23/2021,430.0,430.0,395.0,398.0,-2.93,115804.0,972.0,167.5
LBL,6/24/2021,398.0,398.0,390.0,393.0,-1.26,92466.0,972.0,167.5
LBL,6/27/2021,399.0,409.0,385.0,401.0,2.04,134723.0,972.0,167.5
LBL,6/28/2021,403.0,408.0,398.0,402.0,0.25,101837.0,972.0,167.5
LBL,6/29/2021,404.0,405.0,392.0,394.0,-1.99,60661.0,972.0,167.5
LBL,6/30/2021,390.0,394.0,383.0,393.0,-0.25,80806.0,972.0,167.5
LBL,7/1/2021,399.0,399.0,390.0,392.0,-0.25,46465.0,972.0,167.5
LBL,7/4/2021,395.0,395.0,388.0,389.0,-0.77,58418.0,972.0,167.5
LBL,7/5/2021,408.0,408.0,385.0,387.0,-0.51,49726.0,972.0,167.5
LBL,7/6/2021,387.0,389.0,385.0,387.0,0.0,33161.0,972.0,167.5
LBL,7/7/2021,387.0,390.0,385.0,387.0,0.0,33320.0,972.0,167.5
LBL,7/8/2021,406.0,406.0,380.0,390.0,0.78,42259.0,972.0,167.5
LBL,7/11/2021,390.0,402.0,390.0,402.0,3.08,129845.0,972.0,167.5
LBL,7/12/2021,408.0,408.0,391.0,394.0,-1.99,89233.0,972.0,167.5
LBL,7/13/2021,394.0,400.0,393.0,398.0,1.02,42499.0,972.0,167.5
LBL,7/14/2021,398.0,401.0,390.0,395.0,-0.75,38233.0,972.0,167.5
LBL,7/15/2021,401.0,401.0,393.0,395.0,0.0,54769.0,972.0,167.5
LBL,7/18/2021,395.0,417.0,395.0,414.0,4.81,124579.0,972.0,167.5
LBL,7/19/2021,420.0,425.0,408.0,413.0,-0.24,100346.0,972.0,167.5
LBL,7/20/2021,410.1,413.0,404.0,407.0,-1.45,48555.0,972.0,167.5
LBL,7/22/2021,408.0,425.0,406.0,419.0,2.95,178632.0,972.0,167.5
LBL,7/25/2021,422.0,437.0,422.0,436.0,4.06,229988.0,972.0,167.5
LBL,7/26/2021,444.0,444.0,419.2,420.0,-3.67,174773.0,972.0,167.5
LBL,7/27/2021,411.6,422.0,397.0,420.9,0.21,199749.0,972.0,167.5
LBL,7/28/2021,423.9,425.0,413.0,416.0,-1.16,82963.0,972.0,167.5
LBL,7/29/2021,414.0,414.0,407.0,411.0,-1.2,101075.0,972.0,167.5
LBL,8/1/2021,414.0,414.0,407.0,410.4,-0.15,64731.0,972.0,167.5
LBL,8/2/2021,407.0,412.0,406.0,409.0,-0.34,55983.0,972.0,167.5
LBL,8/3/2021,413.0,414.0,406.0,408.1,-0.22,59918.0,972.0,167.5
LBL,8/4/2021,409.0,411.5,408.0,411.5,0.83,77101.0,972.0,167.5
LBL,8/5/2021,411.0,411.5,408.0,409.2,-0.56,50332.0,972.0,167.5
LBL,8/8/2021,415.0,417.0,406.7,409.0,-0.05,59013.0,972.0,167.5
LBL,8/9/2021,410.0,410.0,403.0,404.5,-1.1,45964.0,972.0,167.5
LBL,8/10/2021,405.2,421.0,400.0,414.9,2.57,146647.0,972.0,167.5
LBL,8/11/2021,420.0,420.0,407.0,410.0,-1.18,86022.0,972.0,167.5
LBL,8/12/2021,410.0,415.0,407.3,411.5,0.37,108329.0,972.0,167.5
LBL,8/15/2021,415.0,415.0,402.1,408.0,-0.85,117507.0,972.0,167.5
LBL,8/16/2021,409.0,413.0,402.1,404.0,-0.98,112909.0,972.0,167.5
LBL,8/17/2021,396.4,410.8,396.4,397.8,-1.53,145418.0,972.0,167.5
LBL,8/18/2021,396.0,410.7,390.0,401.0,0.8,114501.0,972.0,167.5
LBL,8/19/2021,401.0,408.9,397.0,398.0,-0.75,72685.0,972.0,167.5
LBL,8/24/2021,398.0,404.0,392.1,398.5,0.13,71316.0,972.0,167.5
LBL,8/25/2021,397.0,397.9,387.2,389.0,-2.38,72193.0,972.0,167.5
LBL,8/26/2021,395.0,395.0,385.1,386.0,-0.77,75623.0,972.0,167.5
LBL,8/29/2021,385.0,398.0,378.4,380.0,-1.55,128467.0,972.0,167.5
LBL,8/31/2021,376.0,380.0,370.0,375.0,-1.32,114892.0,972.0,167.5
LBL,9/1/2021,381.0,384.0,372.0,373.0,-0.53,104141.0,972.0,167.5
LBL,9/2/2021,380.4,380.4,364.0,366.3,-1.8,82841.0,972.0,167.5
LBL,9/5/2021,365.0,371.0,348.0,354.0,-3.36,129855.0,972.0,167.5
LBL,9/6/2021,350.0,375.0,350.0,375.0,5.93,76876.0,972.0,167.5
LBL,9/7/2021,378.0,378.0,363.0,365.0,-2.67,39688.0,972.0,167.5
LBL,9/8/2021,360.0,366.0,354.8,355.2,-2.68,50338.0,972.0,167.5
LBL,9/9/2021,355.0,362.1,351.0,357.0,0.51,32755.0,972.0,167.5
LBL,9/12/2021,364.0,364.0,356.0,361.0,1.12,54233.0,972.0,167.5
LBL,9/13/2021,368.2,383.0,364.0,371.1,2.8,99993.0,972.0,167.5
LBL,9/14/2021,378.5,386.0,370.0,372.0,0.24,101992.0,972.0,167.5
LBL,9/15/2021,372.0,372.0,365.0,369.0,-0.81,36700.0,972.0,167.5
LBL,9/16/2021,376.0,376.0,353.0,354.1,-4.04,90140.0,972.0,167.5
LBL,9/20/2021,360.0,360.0,341.1,341.3,-3.61,91379.0,972.0,167.5
LBL,9/21/2021,341.0,353.0,336.0,339.9,-0.41,85531.0,972.0,167.5
LBL,9/22/2021,346.0,359.0,340.1,357.0,5.03,59248.0,972.0,167.5
LBL,9/23/2021,364.1,379.0,364.0,370.9,3.89,134388.0,972.0,167.5
LBL,9/26/2021,365.0,384.0,358.0,360.0,-2.94,119478.0,972.0,167.5
LBL,9/27/2021,356.0,363.0,345.0,347.5,-3.47,70363.0,972.0,167.5
LBL,9/28/2021,341.1,353.0,337.3,340.0,-2.16,61923.0,972.0,167.5
LBL,9/29/2021,342.1,350.0,336.1,350.0,2.94,47536.0,972.0,167.5
LBL,9/30/2021,357.0,358.0,336.2,340.0,-2.86,75640.0,972.0,167.5
LBL,10/3/2021,340.0,346.0,330.0,330.1,-2.91,44712.0,972.0,167.5
LBL,10/4/2021,330.0,335.5,326.6,331.0,0.27,45120.0,972.0,167.5
LBL,10/5/2021,330.0,337.6,327.0,337.6,1.99,46289.0,972.0,167.5
LBL,10/6/2021,344.0,345.0,338.2,342.0,1.3,23388.0,972.0,167.5
LBL,10/10/2021,344.1,348.0,334.0,334.0,-2.34,33595.0,972.0,167.5
LBL,10/11/2021,333.0,334.9,325.0,332.0,-0.6,54824.0,972.0,167.5
LBL,10/17/2021,328.1,332.0,318.5,330.0,-0.6,46098.0,972.0,167.5
LBL,10/18/2021,333.0,333.0,316.0,318.0,-3.64,36881.0,972.0,167.5
LBL,10/19/2021,313.0,314.0,301.9,306.0,-3.77,64007.0,972.0,167.5
LBL,10/20/2021,312.1,318.0,309.9,312.0,1.96,33260.0,972.0,167.5
LBL,10/21/2021,317.9,317.9,310.0,311.0,-0.32,17508.0,972.0,167.5
LBL,10/24/2021,314.9,315.5,308.0,314.0,0.96,24680.0,972.0,167.5
LBL,10/25/2021,316.0,327.0,314.1,327.0,4.14,31831.0,972.0,167.5
LBL,10/26/2021,332.0,340.0,327.4,338.0,3.36,56920.0,972.0,167.5
LBL,10/27/2021,338.0,345.0,330.0,340.0,0.59,73164.0,972.0,167.5
LBL,10/28/2021,340.0,345.0,335.0,342.0,0.59,39926.0,972.0,167.5
LBL,10/31/2021,342.0,344.0,336.0,342.0,0.0,34244.0,972.0,167.5
LBL,11/1/2021,348.8,355.0,346.1,349.0,2.05,81482.0,972.0,167.5
LBL,11/2/2021,355.0,355.0,343.1,346.5,-0.72,50640.0,972.0,167.5
LBL,11/3/2021,349.0,351.0,343.1,346.4,-0.03,62034.0,972.0,167.5
LBL,11/8/2021,350.0,350.0,340.5,346.0,-0.12,26141.0,972.0,167.5
LBL,11/9/2021,339.4,340.0,324.0,328.9,-4.94,84332.0,972.0,167.5
LBL,11/11/2021,333.5,333.5,316.0,316.0,-3.92,76326.0,972.0,167.5
LBL,11/14/2021,314.0,319.0,309.7,314.0,-0.63,26389.0,972.0,167.5
LBL,11/15/2021,320.2,322.0,314.0,315.0,0.32,24817.0,972.0,167.5
LBL,11/16/2021,317.0,323.9,312.0,321.0,1.9,30212.0,972.0,167.5
LBL,11/17/2021,322.1,325.8,321.2,322.0,0.31,26030.0,972.0,167.5
LBL,11/18/2021,320.0,320.0,315.0,316.0,-1.86,26483.0,972.0,167.5
LBL,11/21/2021,315.0,319.0,314.1,314.5,-0.47,16355.0,972.0,167.5
LBL,11/22/2021,315.0,317.0,312.1,313.1,-0.45,21663.0,972.0,167.5
LBL,11/23/2021,311.0,314.5,310.5,312.0,-0.35,23357.0,972.0,167.5
LBL,11/24/2021,310.0,311.0,307.0,309.3,-0.87,21159.0,972.0,167.5
LBL,11/25/2021,310.0,319.0,306.2,317.0,2.49,34550.0,972.0,167.5
LBL,11/28/2021,311.0,313.0,305.0,307.0,-3.15,28821.0,972.0,167.5
LBL,11/29/2021,305.0,315.0,305.0,305.0,-0.65,17933.0,972.0,167.5
LBL,11/30/2021,300.1,306.0,300.1,302.6,-0.79,30348.0,972.0,167.5
LBL,12/1/2021,301.0,312.0,301.0,305.0,0.79,21798.0,972.0,167.5
LBL,12/2/2021,305.0,306.0,297.0,300.0,-1.64,42117.0,972.0,167.5
LBL,12/5/2021,305.0,305.0,288.2,291.1,-2.97,43176.0,972.0,167.5
LBL,12/6/2021,295.7,296.8,285.0,296.8,1.96,41509.0,972.0,167.5
LBL,12/7/2021,301.0,302.5,292.0,294.0,-0.94,34786.0,972.0,167.5
LBL,12/8/2021,294.0,296.0,290.0,290.0,-1.36,19809.0,972.0,167.5
LBL,12/9/2021,291.5,295.8,286.0,292.0,0.69,71864.0,972.0,167.5
LBL,12/12/2021,261.5,266.7,255.0,259.5,-11.13,77189.0,972.0,167.5
LBL,12/13/2021,258.0,259.0,245.0,252.0,-2.89,46186.0,972.0,167.5
LBL,12/14/2021,257.0,264.8,253.0,264.0,4.76,10928.0,972.0,167.5
LBL,12/15/2021,264.0,268.5,260.0,264.0,0.0,46687.0,972.0,167.5
LBL,12/16/2021,266.6,266.6,256.8,259.0,-1.89,29840.0,972.0,167.5
LBL,12/20/2021,264.1,264.1,248.0,256.0,-1.16,16098.0,972.0,167.5
LBL,12/21/2021,260.9,266.0,254.0,264.0,3.12,24635.0,972.0,167.5
LBL,12/22/2021,269.2,274.0,264.0,273.0,3.41,33986.0,972.0,167.5
LBL,12/23/2021,278.4,285.5,270.0,277.5,1.65,42767.0,972.0,167.5
LBL,12/26/2021,280.9,284.0,279.0,280.0,0.9,35574.0,972.0,167.5
LBL,12/27/2021,280.0,282.0,269.6,270.0,-3.57,54324.0,972.0,167.5
LBL,12/28/2021,270.1,272.0,265.2,272.0,0.74,11794.0,972.0,167.5
LBL,12/29/2021,277.0,277.0,269.1,273.9,0.7,19798.0,972.0,167.5
LBL,1/2/2022,279.3,288.0,273.8,283.0,3.32,35710.0,972.0,167.5
LBL,1/3/2022,288.6,306.1,283.0,300.0,6.01,95987.0,972.0,167.5
LBL,1/4/2022,294.0,309.0,293.1,308.0,2.67,67910.0,972.0,167.5
LBL,1/5/2022,314.1,314.1,296.9,300.0,-2.6,41152.0,972.0,167.5
LBL,1/6/2022,298.8,308.0,294.4,308.0,2.67,34008.0,972.0,167.5
LBL,1/9/2022,312.0,317.0,310.0,312.0,1.3,63460.0,972.0,167.5
LBL,1/10/2022,316.0,318.0,302.0,307.0,-1.6,102060.0,972.0,167.5
LBL,1/11/2022,301.2,313.0,301.2,313.0,1.95,39182.0,972.0,167.5
LBL,1/12/2022,317.0,317.0,305.0,308.0,-1.6,52921.0,972.0,167.5
LBL,1/13/2022,312.0,312.0,302.1,306.0,-0.65,57428.0,972.0,167.5
LBL,1/16/2022,310.0,318.0,306.4,315.0,2.94,77371.0,972.0,167.5
LBL,1/17/2022,319.0,325.0,314.6,319.0,1.27,46826.0,972.0,167.5
LBL,1/18/2022,319.9,330.0,317.3,322.0,0.94,63998.0,972.0,167.5
LBL,1/19/2022,328.4,328.4,315.0,319.9,-0.65,46991.0,972.0,167.5
LBL,1/20/2022,313.6,319.8,313.6,318.0,-0.59,28359.0,972.0,167.5
LBL,1/23/2022,319.0,319.0,307.1,309.0,-2.83,57872.0,972.0,167.5
LBL,1/24/2022,308.0,308.0,296.1,296.2,-4.14,73207.0,972.0,167.5
LBL,1/25/2022,302.1,302.1,290.1,296.0,-0.07,30117.0,972.0,167.5
LBL,1/26/2022,292.2,296.0,290.0,291.2,-1.62,25791.0,972.0,167.5
LBL,1/27/2022,292.0,293.0,290.0,290.1,-0.38,23856.0,972.0,167.5
LBL,1/30/2022,293.0,303.0,293.0,302.0,4.1,45662.0,972.0,167.5
LBL,1/31/2022,300.0,303.0,295.1,298.9,-1.03,11473.0,972.0,167.5
LBL,2/1/2022,293.2,302.9,293.0,300.0,0.37,34143.0,972.0,167.5
LBL,2/3/2022,304.0,304.0,295.3,297.0,-1.0,31689.0,972.0,167.5
LBL,2/6/2022,292.0,296.5,290.1,292.0,-1.68,18883.0,972.0,167.5
LBL,2/7/2022,290.0,294.0,290.0,292.0,0.0,11370.0,972.0,167.5
LBL,2/8/2022,297.8,298.0,290.0,290.3,-0.58,21929.0,972.0,167.5
LBL,2/9/2022,289.1,292.0,286.0,286.4,-1.34,10776.0,972.0,167.5
LBL,2/10/2022,284.0,288.8,284.0,286.0,-0.14,12311.0,972.0,167.5
LBL,2/13/2022,281.0,281.0,275.4,276.0,-3.5,33882.0,972.0,167.5
LBL,2/14/2022,279.0,279.0,274.5,277.0,0.36,10140.0,972.0,167.5
LBL,2/15/2022,279.9,280.9,272.1,280.9,1.41,11731.0,972.0,167.5
LBL,2/16/2022,279.0,281.0,276.0,276.0,-1.74,10195.0,972.0,167.5
LBL,2/17/2022,281.0,281.0,275.5,275.5,-0.18,7539.0,972.0,167.5
LBL,2/20/2022,270.5,274.0,269.2,269.3,-2.25,17670.0,972.0,167.5
LBL,2/21/2022,270.0,275.0,270.0,273.9,1.71,30812.0,972.0,167.5
LBL,2/22/2022,273.9,278.9,272.0,273.9,0.0,12353.0,972.0,167.5
LBL,2/23/2022,274.0,276.7,271.0,275.0,0.4,19701.0,972.0,167.5
LBL,2/24/2022,270.1,271.0,267.0,270.0,-1.82,24141.0,972.0,167.5
LBL,2/27/2022,267.0,268.0,264.6,265.1,-1.81,16610.0,972.0,167.5
LBL,2/28/2022,265.0,268.0,260.5,260.7,-1.66,23389.0,972.0,167.5
LBL,3/2/2022,258.0,261.0,256.1,259.0,-0.65,46127.0,972.0,167.5
LBL,3/6/2022,259.0,266.0,254.0,262.0,1.16,34124.0,972.0,167.5
LBL,3/7/2022,265.0,265.0,260.0,262.0,0.0,20459.0,972.0,167.5
LBL,3/9/2022,267.0,267.0,261.7,262.0,0.0,22665.0,972.0,167.5
LBL,3/10/2022,264.0,268.0,262.2,264.6,0.99,16048.0,972.0,167.5
LBL,3/13/2022,264.6,277.0,262.0,273.0,3.17,27436.0,972.0,167.5
LBL,3/14/2022,270.0,275.0,268.5,272.0,-0.37,5265.0,972.0,167.5
LBL,3/15/2022,273.5,275.0,268.6,270.0,-0.74,24222.0,972.0,167.5
LBL,3/16/2022,268.0,273.0,267.0,269.0,-0.37,6748.0,972.0,167.5
LBL,3/20/2022,272.0,272.0,265.0,266.0,-1.12,13665.0,972.0,167.5
LBL,3/21/2022,262.6,267.0,262.0,267.0,0.38,22387.0,972.0,167.5
LBL,3/22/2022,266.9,272.0,266.0,271.0,1.5,23886.0,972.0,167.5
LBL,3/23/2022,269.9,271.9,266.5,266.5,-1.66,22006.0,972.0,167.5
LBL,3/24/2022,263.0,269.0,263.0,263.0,-1.31,18686.0,972.0,167.5
LBL,3/27/2022,265.0,265.0,259.0,260.0,-1.14,19809.0,972.0,167.5
LBL,3/28/2022,262.0,263.0,258.1,259.6,-0.15,20997.0,972.0,167.5
LBL,3/29/2022,260.0,263.0,257.3,263.0,1.31,26872.0,972.0,167.5
LBL,3/30/2022,258.3,264.8,258.3,264.0,0.38,9112.0,972.0,167.5
LBL,3/31/2022,259.0,269.0,259.0,265.0,0.38,18683.0,972.0,167.5
LBL,4/3/2022,260.0,266.0,259.7,266.0,0.38,18669.0,972.0,167.5
LBL,4/4/2022,271.3,271.3,261.0,261.0,-1.88,13780.0,972.0,167.5
LBL,4/5/2022,266.2,266.2,254.2,260.0,-0.38,32305.0,972.0,167.5
LBL,4/6/2022,255.0,259.8,254.0,254.9,-1.96,12611.0,972.0,167.5
LBL,4/7/2022,254.0,260.1,252.0,258.9,1.57,17337.0,972.0,167.5
LBL,4/11/2022,264.0,265.0,253.0,255.0,-1.51,12512.0,972.0,167.5
LBL,4/12/2022,251.1,255.0,250.1,255.0,0.0,9522.0,972.0,167.5
LBL,4/13/2022,251.0,258.9,250.4,255.0,0.0,10928.0,972.0,167.5
LBL,4/17/2022,260.1,260.1,253.0,253.9,-0.43,9573.0,972.0,167.5
LBL,4/18/2022,255.8,255.9,248.3,251.0,-1.14,8623.0,972.0,167.5
LBL,4/19/2022,256.0,256.0,246.0,251.2,0.08,9574.0,972.0,167.5
LBL,4/20/2022,256.2,256.2,238.0,238.0,-5.25,48475.0,972.0,167.5
LBL,4/21/2022,242.7,242.7,229.5,232.2,-2.44,22656.0,972.0,167.5
LBL,4/24/2022,236.8,246.8,233.0,245.0,5.51,23675.0,972.0,167.5
LBL,4/25/2022,245.0,245.9,241.0,241.0,-1.63,11417.0,972.0,167.5
LBL,4/26/2022,240.0,243.3,238.0,240.0,-0.41,3496.0,972.0,167.5
LBL,4/27/2022,236.0,240.9,235.2,240.0,0.0,4319.0,972.0,167.5
LBL,4/28/2022,244.8,244.8,237.2,237.2,-1.17,9313.0,972.0,167.5
LBL,5/2/2022,240.0,240.0,232.7,233.3,-1.64,8389.0,972.0,167.5
LBL,5/4/2022,237.9,237.9,228.0,231.1,-0.94,4885.0,972.0,167.5
LBL,5/5/2022,230.0,231.0,227.0,227.0,-1.77,9989.0,972.0,167.5
LBL,5/8/2022,223.0,229.0,223.0,229.0,0.88,10501.0,972.0,167.5
LBL,5/9/2022,233.5,233.5,228.0,231.0,0.87,14865.0,972.0,167.5
LBL,5/10/2022,228.0,236.9,228.0,235.0,1.73,12757.0,972.0,167.5
LBL,5/11/2022,236.0,242.7,235.0,242.7,3.28,10194.0,972.0,167.5
LBL,5/12/2022,245.0,245.0,240.1,240.2,-1.03,5134.0,972.0,167.5
LBL,5/17/2022,235.5,235.5,230.9,234.3,-2.46,9618.0,972.0,167.5
LBL,5/18/2022,234.0,234.0,230.0,234.0,-0.13,7324.0,972.0,167.5
LBL,5/19/2022,234.0,236.0,230.0,235.0,0.43,11135.0,972.0,167.5
LBL,5/20/2022,235.0,235.0,230.0,231.5,-1.49,11710.0,972.0,167.5
LBL,5/23/2022,236.1,236.1,227.5,229.0,-1.08,8633.0,972.0,167.5
LBL,5/24/2022,229.0,232.0,226.0,227.6,-0.61,22275.0,972.0,167.5
LBL,5/25/2022,225.9,232.0,225.9,228.4,0.35,7706.0,972.0,167.5
LBL,5/26/2022,230.0,231.0,227.0,229.0,0.26,22168.0,972.0,167.5
LBL,5/27/2022,231.0,233.0,227.0,230.0,0.44,17989.0,972.0,167.5
LBL,5/30/2022,226.0,232.5,224.1,225.0,-2.17,8535.0,972.0,167.5
LBL,5/31/2022,221.0,227.0,220.1,221.0,-1.78,23825.0,972.0,167.5
LBL,6/1/2022,221.0,224.0,220.0,221.5,0.23,10202.0,972.0,167.5
LBL,6/2/2022,221.5,222.0,218.0,220.2,-0.59,7399.0,972.0,167.5
LBL,6/3/2022,216.0,223.9,215.8,217.0,-1.45,7261.0,972.0,167.5
LBL,6/6/2022,219.0,219.0,213.1,214.0,-1.38,11424.0,972.0,167.5
LBL,6/7/2022,213.0,215.0,211.1,211.8,-1.03,11431.0,972.0,167.5
LBL,6/8/2022,210.1,227.0,210.0,220.0,3.87,73195.0,972.0,167.5
LBL,6/9/2022,221.0,223.0,215.0,215.0,-2.27,17663.0,972.0,167.5
LBL,6/10/2022,216.0,216.0,212.0,215.0,0.0,5330.0,972.0,167.5
LBL,6/13/2022,216.9,216.9,210.7,214.9,-0.05,6915.0,972.0,167.5
LBL,6/14/2022,212.0,214.0,209.0,209.3,-2.61,8779.0,972.0,167.5
LBL,6/15/2022,206.2,206.7,203.0,205.0,-2.05,13327.0,972.0,167.5
LBL,6/16/2022,207.0,215.0,203.3,208.4,1.66,13286.0,972.0,167.5
LBL,6/17/2022,210.0,210.0,207.4,207.4,-0.48,108826.0,972.0,167.5
LBL,6/19/2022,211.5,211.5,200.0,207.9,0.24,158245.0,972.0,167.5
LBL,6/20/2022,205.0,205.0,196.0,203.0,-2.36,32899.0,972.0,167.5
LBL,6/21/2022,206.0,206.0,197.4,205.5,1.23,32129.0,972.0,167.5
LBL,6/22/2022,202.0,204.0,197.9,200.0,-2.68,17563.0,972.0,167.5
LBL,6/23/2022,201.0,201.0,196.0,198.8,-0.6,322268.0,972.0,167.5
LBL,6/24/2022,194.9,205.0,190.0,200.0,0.6,236618.0,972.0,167.5
LBL,6/26/2022,200.0,203.4,199.0,203.4,1.7,140326.0,972.0,167.5
LBL,6/27/2022,207.0,207.0,195.0,195.0,-4.13,36293.0,972.0,167.5
LBL,6/28/2022,198.0,201.9,194.1,198.0,1.54,15640.0,972.0,167.5
LBL,6/29/2022,201.0,203.8,194.4,200.0,1.01,41346.0,972.0,167.5
LBL,6/30/2022,198.0,205.4,198.0,203.9,1.95,40177.0,972.0,167.5
LBL,7/1/2022,205.0,205.0,196.0,197.0,-3.38,30906.0,972.0,167.5
LBL,7/3/2022,200.7,202.9,196.0,198.0,0.51,33107.0,972.0,167.5
LBL,7/4/2022,200.0,204.0,197.0,199.0,0.51,45066.0,972.0,167.5
LBL,7/5/2022,200.0,201.2,196.2,197.1,-0.95,29961.0,972.0,167.5
LBL,7/6/2022,201.0,201.8,196.0,197.2,0.05,30216.0,972.0,167.5
LBL,7/7/2022,199.0,200.0,197.1,199.0,0.91,21364.0,972.0,167.5
LBL,7/8/2022,198.0,199.5,196.0,197.8,-0.6,13196.0,972.0,167.5
LBL,7/11/2022,197.0,197.9,189.7,190.0,-3.94,50033.0,972.0,167.5
LBL,7/12/2022,192.0,192.0,189.7,190.0,0.0,11562.0,972.0,167.5
LBL,7/13/2022,192.0,205.0,190.0,205.0,7.89,267488.0,972.0,167.5
LBL,7/14/2022,200.9,203.9,196.9,200.7,-2.1,22116.0,972.0,167.5
LBL,7/15/2022,197.0,200.0,197.0,199.0,-0.85,10301.0,972.0,167.5
LBL,7/17/2022,200.0,204.5,197.2,201.9,1.46,10462.0,972.0,167.5
LBL,7/18/2022,202.0,203.0,200.0,202.8,0.45,16435.0,972.0,167.5
LBL,7/19/2022,203.0,206.8,202.0,203.0,0.1,27713.0,972.0,167.5
LBL,7/20/2022,203.0,205.0,200.6,201.0,-0.99,10354.0,972.0,167.5
LBL,7/21/2022,201.0,203.5,199.0,201.0,0.0,11641.0,972.0,167.5
LBL,7/22/2022,200.0,203.0,198.0,199.0,-1.0,12022.0,972.0,167.5
LBL,7/24/2022,202.9,207.0,199.0,204.5,2.76,25396.0,972.0,167.5
LBL,7/25/2022,208.0,208.0,203.1,206.0,0.73,43610.0,972.0,167.5
LBL,7/26/2022,206.0,206.5,200.0,201.0,-2.43,33528.0,972.0,167.5
LBL,7/27/2022,200.0,201.0,199.0,201.0,0.0,19091.0,972.0,167.5
LBL,7/28/2022,201.0,203.0,200.0,200.8,-0.1,42088.0,972.0,167.5
LBL,7/29/2022,201.0,202.0,198.0,201.0,0.1,13245.0,972.0,167.5
LBL,7/31/2022,202.0,209.0,201.0,209.0,3.98,56607.0,972.0,167.5
LBL,8/1/2022,211.0,215.6,207.0,212.0,1.44,50508.0,972.0,167.5
LBL,8/2/2022,214.8,214.8,209.0,209.0,-1.42,19096.0,972.0,167.5
LBL,8/3/2022,209.0,215.0,208.0,209.0,0.0,50481.0,972.0,167.5
LBL,8/4/2022,208.5,209.0,205.5,205.6,-1.63,30141.0,972.0,167.5
LBL,8/5/2022,206.0,207.0,205.0,205.0,-0.29,9938.0,972.0,167.5
LBL,8/7/2022,203.0,207.0,203.0,203.8,-0.59,20434.0,972.0,167.5
LBL,8/8/2022,205.0,205.0,201.6,202.5,-0.64,24584.0,972.0,167.5
LBL,8/9/2022,203.9,203.9,200.0,200.0,-1.23,27201.0,972.0,167.5
LBL,8/10/2022,199.0,201.1,199.0,199.5,-0.25,23388.0,972.0,167.5
LBL,8/11/2022,201.0,203.0,199.0,199.0,-0.25,21124.0,972.0,167.5
LBL,8/14/2022,197.1,201.9,197.1,198.0,-0.5,20983.0,972.0,167.5
LBL,8/15/2022,200.0,203.0,199.0,202.0,2.02,22361.0,972.0,167.5
LBL,8/16/2022,202.0,204.0,199.0,200.0,-0.99,26537.0,972.0,167.5
LBL,8/17/2022,201.0,203.0,199.1,199.5,-0.25,25539.0,972.0,167.5
LBL,8/18/2022,199.6,203.0,199.1,201.0,0.75,20161.0,972.0,167.5
LBL,8/21/2022,200.5,205.0,199.8,199.8,-0.6,25502.0,972.0,167.5
LBL,8/22/2022,201.9,201.9,199.7,200.0,0.1,18646.0,972.0,167.5
LBL,8/23/2022,200.0,202.0,199.6,202.0,1.0,26365.0,972.0,167.5
LBL,8/24/2022,205.0,205.0,199.8,200.1,-0.94,15978.0,972.0,167.5
LBL,8/25/2022,200.5,201.0,200.0,200.0,-0.05,15254.0,972.0,167.5
LBL,8/26/2022,200.0,202.6,199.3,200.0,0.0,6253.0,972.0,167.5
LBL,8/28/2022,202.0,202.0,199.0,200.0,0.0,18288.0,972.0,167.5
LBL,8/29/2022,199.0,199.5,198.2,199.5,-0.25,17259.0,972.0,167.5
LBL,8/30/2022,200.0,200.0,199.0,200.0,0.25,7061.0,972.0,167.5
LBL,8/31/2022,200.0,200.0,198.1,198.2,-0.9,3596.0,972.0,167.5
LBL,9/1/2022,197.7,198.0,196.8,198.0,-0.1,4623.0,972.0,167.5
LBL,9/2/2022,198.0,198.0,196.2,197.4,-0.3,8663.0,972.0,167.5
LBL,9/4/2022,197.0,199.0,196.7,197.0,-0.2,4596.0,972.0,167.5
LBL,9/5/2022,200.0,200.0,196.5,196.5,-0.25,10496.0,972.0,167.5
LBL,9/6/2022,196.1,198.0,195.3,196.0,-0.25,5942.0,972.0,167.5
LBL,9/7/2022,195.0,196.0,194.0,194.9,-0.56,13244.0,972.0,167.5
LBL,9/8/2022,194.9,195.0,193.0,193.5,-0.72,7246.0,972.0,167.5
LBL,9/11/2022,195.0,195.0,193.0,193.5,0.0,3107.0,972.0,167.5
LBL,9/12/2022,193.0,195.0,192.5,193.3,-0.1,5562.0,972.0,167.5
LBL,9/13/2022,194.9,194.9,193.1,193.5,0.1,4823.0,972.0,167.5
LBL,9/14/2022,194.8,197.0,191.1,196.0,1.29,13467.0,972.0,167.5
LBL,9/15/2022,199.0,199.0,193.2,194.8,-0.61,1107730.0,972.0,167.5
LBL,9/16/2022,191.0,192.0,188.0,191.0,-1.95,19422.0,972.0,167.5
LBL,9/18/2022,190.5,198.0,186.7,198.0,3.66,1135649.0,972.0,167.5
LBL,9/20/2022,198.0,198.0,188.1,188.8,-4.65,17650.0,972.0,167.5
LBL,9/21/2022,191.8,191.8,187.2,188.0,-0.42,18613.0,972.0,167.5
LBL,9/22/2022,190.8,191.6,188.0,188.0,0.0,8462.0,972.0,167.5
LBL,9/25/2022,188.0,197.0,185.5,193.0,2.66,1389869.0,972.0,167.5
LBL,9/27/2022,190.6,193.8,187.1,192.7,-0.16,14601.0,972.0,167.5
LBL,9/28/2022,195.0,200.0,190.2,194.0,0.67,7205.0,972.0,167.5
LBL,9/29/2022,192.1,196.0,192.0,194.7,0.36,8545.0,972.0,167.5
LBL,10/9/2022,198.4,202.0,196.1,199.0,2.21,15350.0,972.0,167.5
LBL,10/10/2022,197.1,201.0,195.6,195.7,-1.66,10565.0,972.0,167.5
LBL,10/11/2022,193.0,196.0,192.5,193.0,-1.38,4856.0,972.0,167.5
LBL,10/12/2022,195.0,197.0,193.0,193.3,0.16,9165.0,972.0,167.5
LBL,10/13/2022,193.0,196.8,193.0,195.0,0.88,9509.0,972.0,167.5
LBL,10/16/2022,194.0,195.0,192.7,194.0,-0.51,8290.0,972.0,167.5
LBL,10/17/2022,193.0,200.5,193.0,198.0,2.06,15392.0,972.0,167.5
LBL,10/19/2022,200.5,200.5,195.0,196.0,-1.01,4071.0,972.0,167.5
LBL,10/20/2022,194.1,197.7,193.0,195.0,-0.51,6960.0,972.0,167.5
LBL,10/23/2022,198.0,200.0,198.0,198.9,2.0,4289.0,972.0,167.5
LBL,10/31/2022,202.0,208.0,197.0,206.0,3.57,23466.0,972.0,167.5
LBL,11/1/2022,208.0,211.0,205.0,208.0,0.97,17635.0,972.0,167.5
LBL,11/2/2022,206.1,211.0,201.8,206.0,-0.96,31319.0,972.0,167.5
LBL,11/3/2022,203.9,209.0,203.9,207.0,0.49,13495.0,972.0,167.5
LBL,11/6/2022,211.0,211.0,204.0,208.0,0.48,29770.0,972.0,167.5
LBL,11/7/2022,207.0,212.0,205.0,208.0,0.0,23452.0,972.0,167.5
LBL,11/8/2022,208.0,209.7,207.0,207.9,-0.05,24107.0,972.0,167.5
LBL,11/9/2022,205.0,208.7,205.0,206.0,-0.91,17982.0,972.0,167.5
LBL,11/10/2022,210.0,212.0,204.4,205.1,-0.44,14817.0,972.0,167.5
LBL,11/13/2022,205.0,206.0,202.0,205.1,0.0,7644.0,972.0,167.5
LBL,11/14/2022,202.0,205.0,202.0,205.0,-0.05,14471.0,972.0,167.5
LBL,11/15/2022,207.0,207.0,203.2,204.0,-0.49,5097.0,972.0,167.5
LBL,11/16/2022,206.0,206.0,204.0,204.5,0.25,4573.0,972.0,167.5
LBL,11/17/2022,206.0,208.5,206.0,207.5,1.47,15100.0,972.0,167.5
LBL,11/22/2022,208.0,210.0,207.0,208.0,0.24,2402.0,972.0,167.5
LBL,11/23/2022,209.3,209.3,205.2,206.1,-0.91,5430.0,972.0,167.5
LBL,11/24/2022,204.0,207.0,204.0,206.9,0.39,6319.0,972.0,167.5
LBL,11/27/2022,207.0,207.9,204.0,206.0,-0.43,23125.0,972.0,167.5
LBL,11/28/2022,207.0,207.0,203.0,204.0,-0.97,8144.0,972.0,167.5
LBL,11/29/2022,202.2,206.0,199.2,201.0,-1.47,25416.0,972.0,167.5
LBL,11/30/2022,200.0,202.9,199.1,202.9,0.95,7620.0,972.0,167.5
LBL,12/1/2022,200.0,203.7,199.1,201.0,-0.94,8397.0,972.0,167.5
LBL,12/4/2022,202.0,202.0,198.0,200.9,-0.05,10640.0,972.0,167.5
LBL,12/5/2022,198.2,200.0,198.1,199.0,-0.95,15492.0,972.0,167.5
LBL,12/6/2022,198.0,200.0,197.1,198.9,-0.05,7101.0,972.0,167.5
LBL,12/7/2022,198.9,200.0,198.0,200.0,0.55,3458.0,972.0,167.5
LBL,12/11/2022,200.0,200.0,190.0,191.0,-4.5,36832.0,972.0,167.5
LBL,12/12/2022,190.0,193.0,189.5,191.8,0.42,13986.0,972.0,167.5
LBL,12/13/2022,191.0,194.0,188.2,193.0,0.63,13103.0,972.0,167.5
LBL,12/14/2022,195.0,195.7,191.6,192.5,-0.26,15163.0,972.0,167.5
LBL,12/15/2022,190.3,193.0,190.3,190.6,-0.99,15965.0,972.0,167.5
LBL,12/18/2022,189.1,191.0,188.2,190.0,-0.31,12127.0,972.0,167.5
LBL,12/19/2022,190.0,193.6,186.4,188.9,-0.58,13180.0,972.0,167.5
LBL,12/20/2022,189.0,195.0,188.0,189.0,0.05,23458.0,972.0,167.5
LBL,12/21/2022,190.0,194.4,190.0,190.7,0.9,16773.0,972.0,167.5
LBL,12/22/2022,189.4,191.2,189.2,189.5,-0.63,10895.0,972.0,167.5
LBL,12/26/2022,193.0,197.0,188.1,197.0,3.96,44489.0,972.0,167.5
LBL,12/27/2022,200.9,202.9,195.0,200.0,1.52,1070599.0,972.0,167.5
LBL,12/28/2022,201.0,203.5,196.1,202.7,1.35,40848.0,972.0,167.5
LBL,12/29/2022,203.0,210.0,200.0,210.0,3.6,63014.0,972.0,167.5
LBL,1/1/2023,210.0,211.5,204.0,206.0,-1.9,64647.0,972.0,167.5
LBL,1/2/2023,208.9,210.1,205.0,206.8,0.39,84461.0,972.0,167.5
LBL,1/3/2023,205.4,209.0,205.0,208.0,0.58,51262.0,972.0,167.5
LBL,1/4/2023,212.1,212.1,202.9,205.0,-1.44,56156.0,972.0,167.5
LBL,1/5/2023,208.0,210.0,202.3,204.0,-0.49,53461.0,972.0,167.5
LBL,1/8/2023,207.0,207.0,200.0,202.9,-0.54,39999.0,972.0,167.5
LBL,1/9/2023,201.0,206.9,200.0,206.9,1.97,71747.0,972.0,167.5
LBL,1/10/2023,209.9,220.0,204.0,207.0,0.05,229074.0,972.0,167.5
LBL,1/12/2023,209.0,214.0,204.1,205.5,-0.72,69224.0,972.0,167.5
LBL,1/17/2023,202.0,205.0,200.2,204.0,-0.73,34216.0,972.0,167.5
LBL,1/18/2023,203.0,205.0,202.0,203.8,-0.1,36130.0,972.0,167.5
LBL,1/19/2023,205.0,205.0,200.6,201.9,-0.93,46464.0,972.0,167.5
LBL,1/23/2023,205.9,210.0,201.3,201.9,0.0,66339.0,972.0,167.5
LBL,1/24/2023,202.0,206.9,201.0,204.9,1.49,33714.0,972.0,167.5
LBL,1/25/2023,202.0,205.5,201.0,201.0,-1.9,42159.0,972.0,167.5
LBL,1/26/2023,200.2,203.8,199.8,199.8,-0.6,40713.0,972.0,167.5
LBL,1/29/2023,200.0,202.0,198.6,199.3,-0.25,24005.0,972.0,167.5
LBL,1/30/2023,201.0,201.0,196.0,197.1,-1.1,41095.0,972.0,167.5
LBL,1/31/2023,195.2,199.0,195.2,195.2,-0.96,24294.0,972.0,167.5
LBL,2/1/2023,195.0,198.9,194.0,195.9,0.36,22618.0,972.0,167.5
LBL,2/2/2023,199.0,199.0,194.0,194.8,-0.56,23112.0,972.0,167.5
LBL,2/5/2023,195.0,198.9,193.0,196.0,0.62,29254.0,972.0,167.5
LBL,2/6/2023,196.0,198.0,195.1,196.0,0.0,8902.0,972.0,167.5
LBL,2/7/2023,199.0,202.0,196.5,201.0,2.55,29584.0,972.0,167.5
LBL,2/8/2023,202.0,204.0,200.2,201.4,0.2,30024.0,972.0,167.5
LBL,2/9/2023,205.0,205.0,197.4,201.1,-0.15,18741.0,972.0,167.5
LBL,2/12/2023,197.2,201.0,197.1,197.1,-1.99,22236.0,972.0,167.5
LBL,2/14/2023,196.0,199.8,196.0,196.2,-0.46,18938.0,972.0,167.5
LBL,2/15/2023,195.5,199.0,193.8,194.0,-1.12,11732.0,972.0,167.5
LBL,2/16/2023,195.0,195.0,191.1,192.2,-0.93,15040.0,972.0,167.5
LBL,2/20/2023,194.0,194.0,187.0,190.0,-1.14,61659.0,972.0,167.5
LBL,2/22/2023,188.0,193.8,188.0,190.1,0.05,25330.0,972.0,167.5
LBL,2/23/2023,190.0,192.9,188.0,190.5,0.21,17290.0,972.0,167.5
LBL,2/26/2023,190.0,192.0,187.2,190.0,-0.26,15499.0,972.0,167.5
LBL,2/27/2023,188.0,192.0,188.0,192.0,1.05,25160.0,972.0,167.5
LBL,2/28/2023,190.0,192.0,190.0,190.2,-0.94,2940.0,972.0,167.5
LBL,3/1/2023,190.2,191.0,188.8,190.0,-0.11,12438.0,972.0,167.5
LBL,3/2/2023,191.8,191.8,186.5,186.6,-1.79,25208.0,972.0,167.5
LBL,3/5/2023,186.3,188.0,185.0,185.0,-0.86,22369.0,972.0,167.5
LBL,3/7/2023,184.0,187.7,184.0,187.7,1.46,13858.0,972.0,167.5
LBL,3/9/2023,185.0,190.0,185.0,188.1,0.21,13073.0,972.0,167.5
LBL,3/12/2023,186.0,189.0,186.0,186.5,-0.85,8015.0,972.0,167.5
LBL,3/13/2023,183.0,186.0,180.0,180.0,-3.49,56932.0,972.0,167.5
LBL,3/14/2023,182.6,184.8,180.0,181.0,0.56,40453.0,972.0,167.5
LBL,3/15/2023,181.0,184.6,180.0,182.0,0.55,18016.0,972.0,167.5
LBL,3/16/2023,181.5,184.1,180.0,180.0,-1.1,59056.0,972.0,167.5
LBL,3/19/2023,180.0,183.6,179.6,180.0,0.0,29962.0,972.0,167.5
LBL,3/20/2023,182.0,183.0,180.0,182.5,1.39,16889.0,972.0,167.5
LBL,3/22/2023,182.0,184.9,179.9,180.0,-1.37,30320.0,972.0,167.5
LBL,3/23/2023,179.0,186.6,178.0,181.0,0.56,23818.0,972.0,167.5
LBL,3/26/2023,181.1,184.4,178.4,179.3,-0.94,16381.0,972.0,167.5
LBL,3/27/2023,180.0,181.0,176.1,181.0,0.95,14771.0,972.0,167.5
LBL,3/28/2023,181.0,184.4,180.0,182.0,0.55,13096.0,972.0,167.5
LBL,3/29/2023,183.0,183.0,179.4,179.4,-1.43,15275.0,972.0,167.5
LBL,3/30/2023,179.4,181.9,178.2,178.2,-0.67,15263.0,972.0,167.5
LBL,4/2/2023,180.1,181.7,177.2,177.2,-0.56,14238.0,972.0,167.5
LBL,4/3/2023,180.7,180.7,176.0,177.9,0.4,26370.0,972.0,167.5
LBL,4/4/2023,177.0,178.0,176.0,177.5,-0.22,16298.0,972.0,167.5
LBL,4/5/2023,176.0,178.9,176.0,178.0,0.28,9318.0,972.0,167.5
LBL,4/6/2023,177.2,178.0,176.2,177.5,-0.28,17444.0,972.0,167.5
LBL,4/9/2023,176.6,177.5,174.1,175.4,-1.18,32421.0,972.0,167.5
LBL,4/10/2023,176.0,180.5,174.1,179.0,2.05,27440.0,972.0,167.5
LBL,4/11/2023,182.0,189.3,176.4,182.3,1.84,24978.0,972.0,167.5
LBL,4/12/2023,185.8,194.0,183.0,193.5,6.14,52121.0,972.0,167.5
LBL,4/13/2023,197.3,199.5,188.3,189.0,-2.33,42509.0,972.0,167.5
LBL,4/16/2023,190.0,192.4,186.4,188.2,-0.42,8028.0,972.0,167.5
LBL,4/17/2023,191.9,191.9,184.5,184.5,-1.97,6443.0,972.0,167.5
LBL,4/18/2023,187.0,187.0,181.1,184.0,-0.27,10971.0,972.0,167.5
LBL,4/19/2023,187.6,195.0,183.0,186.2,1.2,13758.0,972.0,167.5
LBL,4/20/2023,189.9,190.0,185.0,185.1,-0.59,19919.0,972.0,167.5
LBL,4/23/2023,185.0,188.5,184.4,184.8,-0.16,20988.0,972.0,167.5
LBL,4/24/2023,182.1,188.7,182.1,187.0,1.19,7913.0,972.0,167.5
LBL,4/25/2023,187.0,190.0,187.0,188.0,0.53,19002.0,972.0,167.5
LBL,4/26/2023,191.0,191.5,184.3,187.5,-0.27,13061.0,972.0,167.5
LBL,4/27/2023,186.1,190.0,186.0,186.5,-0.53,10695.0,972.0,167.5
LBL,4/30/2023,186.0,189.5,185.0,185.0,-0.8,7199.0,972.0,167.5
LBL,5/2/2023,187.0,189.6,181.5,188.0,1.62,11268.0,972.0,167.5
LBL,5/3/2023,185.1,186.9,183.0,183.0,-2.66,12142.0,972.0,167.5
LBL,5/4/2023,186.6,186.6,180.5,184.0,0.55,11491.0,972.0,167.5
LBL,5/7/2023,186.0,186.0,181.3,182.0,-1.09,10394.0,972.0,167.5
LBL,5/8/2023,180.0,185.0,179.9,181.1,-0.49,22144.0,972.0,167.5
LBL,5/9/2023,183.6,185.0,180.1,180.5,-0.33,16417.0,972.0,167.5
LBL,5/10/2023,184.1,184.1,181.0,181.1,0.33,6789.0,972.0,167.5
LBL,5/11/2023,182.0,185.0,178.7,180.0,-0.61,19824.0,972.0,167.5
LBL,5/14/2023,183.1,183.5,174.0,174.2,-3.22,114349.0,972.0,167.5
LBL,5/15/2023,173.7,179.0,173.0,176.0,1.03,86993.0,972.0,167.5
LBL,5/16/2023,176.0,182.9,176.0,179.2,1.82,9473.0,972.0,167.5
LBL,5/17/2023,180.0,181.9,177.0,178.4,-0.45,22681.0,972.0,167.5
LBL,5/18/2023,180.0,184.0,180.0,182.0,2.02,23773.0,972.0,167.5
LBL,5/21/2023,185.0,185.0,181.2,181.2,-0.44,25347.0,972.0,167.5
LBL,5/22/2023,182.9,182.9,180.0,182.0,0.44,22366.0,972.0,167.5
LBL,5/23/2023,182.0,187.6,180.2,183.4,0.77,27783.0,972.0,167.5
LBL,5/24/2023,182.1,184.8,181.1,181.1,-1.25,30202.0,972.0,167.5
LBL,5/28/2023,183.5,184.6,181.1,181.5,0.22,37746.0,972.0,167.5
LBL,5/30/2023,180.1,181.0,177.2,178.0,-1.93,22677.0,972.0,167.5
LBL,5/31/2023,175.4,180.0,175.0,175.6,-1.35,22081.0,972.0,167.5
LBL,6/1/2023,177.5,177.7,174.0,177.7,1.2,11713.0,972.0,167.5
LBL,6/4/2023,181.2,188.4,177.5,181.4,2.08,10135.0,972.0,167.5
LBL,6/5/2023,181.0,181.0,177.8,178.0,-1.87,8352.0,972.0,167.5
LBL,6/6/2023,178.0,180.9,176.0,176.9,-0.62,68860.0,972.0,167.5
LBL,6/7/2023,177.0,180.0,176.5,178.0,0.62,66824.0,972.0,167.5
LBL,6/8/2023,179.0,180.0,174.2,174.2,-2.13,101043.0,972.0,167.5
LBL,6/11/2023,175.0,178.0,174.0,177.0,1.61,38040.0,972.0,167.5
LBL,6/12/2023,178.0,178.0,175.2,177.5,0.28,49574.0,972.0,167.5
LBL,6/13/2023,179.0,180.4,175.1,175.2,-1.3,73088.0,972.0,167.5
LBL,6/14/2023,175.2,182.2,175.2,180.5,3.03,54703.0,972.0,167.5
LBL,6/15/2023,178.0,182.0,177.3,180.0,-0.28,22683.0,972.0,167.5
LBL,6/18/2023,177.1,180.6,175.0,178.0,-1.11,24940.0,972.0,167.5
LBL,6/19/2023,181.5,181.5,174.0,174.5,-1.97,32695.0,972.0,167.5
LBL,6/20/2023,177.0,177.9,175.0,176.0,0.86,21036.0,972.0,167.5
LBL,6/21/2023,176.0,176.0,173.6,173.6,-1.36,30264.0,972.0,167.5
LBL,6/22/2023,173.0,175.0,170.7,172.8,-0.46,33104.0,972.0,167.5
LBL,6/25/2023,173.2,174.8,170.2,173.8,0.58,67736.0,972.0,167.5
LBL,6/26/2023,171.1,175.9,171.1,174.0,0.12,27069.0,972.0,167.5
LBL,6/27/2023,176.0,182.0,170.6,181.9,4.54,63765.0,972.0,167.5
LBL,6/28/2023,185.5,186.4,172.5,177.0,-2.69,51982.0,972.0,167.5
LBL,7/2/2023,175.0,179.6,173.0,175.4,-0.9,20368.0,972.0,167.5
LBL,7/3/2023,174.0,176.0,172.1,172.8,-1.48,24720.0,972.0,167.5
LBL,7/4/2023,175.9,176.0,172.0,172.8,0.0,9153.0,972.0,167.5
LBL,7/5/2023,172.4,173.0,170.2,171.0,-1.04,21676.0,972.0,167.5
LBL,7/6/2023,170.0,172.0,170.0,170.8,-0.12,32485.0,972.0,167.5
LBL,7/9/2023,172.0,173.9,170.0,170.1,-0.41,13425.0,972.0,167.5
LBL,7/10/2023,173.0,173.0,169.6,170.0,-0.06,21929.0,972.0,167.5
LBL,7/11/2023,170.0,172.0,167.5,169.7,-0.18,36774.0,972.0,167.5
LBL,7/12/2023,168.1,172.0,168.0,172.0,1.36,20969.0,972.0,167.5
LBL,7/13/2023,175.3,177.9,170.0,173.0,0.58,21479.0,972.0,167.5
LBLD86,12/24/2025,1157.7,1157.7,1157.7,1165.2,,1.0,1240.0,1083.0
LBLD86,12/29/2025,1175.1,1175.1,1175.1,1175.1,0.85,25.0,1240.0,1083.0
LBLD86,1/1/2026,1175.1,1175.1,1175.1,1155.0,-1.71,2.0,1240.0,1083.0
LBLD86,1/6/2026,1155.0,1155.0,1132.0,1132.0,-1.99,30.0,1240.0,1083.0
LBLD86,3/22/2026,1154.6,1154.6,1154.6,1154.6,2.0,10.0,1240.0,1083.0
LBLD86,3/25/2026,1132.0,1132.0,1132.0,1132.0,-1.96,15.0,1240.0,1083.0
LBLD86,3/31/2026,1123.0,1123.0,1123.0,1123.0,0.0,25.0,1240.0,1083.0
LBLD86,4/5/2026,1124.0,1124.0,1124.0,1124.0,0.0,10.0,1240.0,1083.0
LBLD86,4/20/2026,1128.0,1128.0,1128.0,1128.0,0.0,25.0,1240.0,1083.0
LBLD86,5/19/2026,1129.0,1129.0,1111.0,1111.0,-1.59,25000.0,1240.0,1083.0
LBLD86,5/21/2026,1144.3,1175.0,1144.3,1175.0,2.68,24950.0,1240.0,1083.0
LBLD86,5/27/2026,1144.0,1144.0,1144.0,1208.0,5.59,16.0,1240.0,1083.0
LBLD86,6/9/2026,1198.5,1198.5,1198.5,1198.5,0.0,173004.0,1240.0,1083.0
LBLD86,6/10/2026,1200.0,1200.0,1200.0,1200.0,0.0,10.0,1240.0,1083.0
LBLD86,7/1/2026,1227.0,1227.0,1227.0,1227.0,0.0,20.0,1240.0,1083.0
LBLD86,7/2/2026,1225.0,1225.0,1225.0,1240.0,1.22,15.0,1240.0,1083.0
LBLD86,7/9/2026,1240.0,1240.0,1240.0,1202.8,-3.0,1.0,1240.0,1083.0
LBLD86,7/10/2026,1202.8,1228.0,1118.0,1228.0,2.1,49862.0,1240.0,1083.0
LBLD86,7/13/2026,1228.0,1228.0,1156.3,1156.3,-5.84,199.0,1240.0,1083.0
LBLD86,7/14/2026,1173.0,1200.0,1120.0,1180.0,0.6,50101.0,1240.0,1083.0
LBLD86,7/15/2026,1180.0,1188.7,1151.0,1151.0,-2.46,20010.0,1240.0,1083.0
LBLD86,7/16/2026,1151.0,1211.0,1151.0,1229.0,6.78,216.0,1240.0,1083.0
LBLD86,7/27/2026,1229.0,1229.0,1229.0,1200.0,-2.36,5.0,1240.0,1083.0
LBLD86,8/10/2026,1208.0,1210.0,1208.0,1210.0,0.17,20.0,1240.0,1083.0
LBLD86,8/12/2026,1210.0,1210.0,1210.0,1139.0,-5.87,3.0,1240.0,1083.0
LBLD86,8/13/2026,1139.0,1139.0,1139.0,1083.0,-4.92,2.0,1240.0,1083.0
LBLD86,8/31/2026,1097.0,1097.0,1085.0,1085.0,-1.09,100.0,1240.0,1083.0
LBLD86,9/17/2026,1085.0,1085.0,1085.0,1117.5,3.0,5.0,1240.0,1083.0
LBLD88,12/28/2025,1165.0,1165.0,1165.0,1165.0,,25.0,1166.0,1045.1
LBLD88,1/12/2026,1161.0,1161.0,1161.0,1161.0,-0.34,32.0,1166.0,1045.1
LBLD88,1/13/2026,1161.0,1161.0,1161.0,1161.0,0.0,40.0,1166.0,1045.1
LBLD88,1/26/2026,1161.0,1161.0,1161.0,1160.0,-0.09,5.0,1166.0,1045.1
LBLD88,3/3/2026,1140.0,1140.0,1140.0,1140.0,-1.72,25.0,1166.0,1045.1
LBLD88,3/4/2026,1140.0,1140.0,1140.0,1140.0,0.0,25.0,1166.0,1045.1
LBLD88,3/5/2026,1140.0,1140.0,1140.0,1140.0,0.0,25.0,1166.0,1045.1
LBLD88,3/6/2026,1140.0,1140.0,1140.0,1140.0,0.0,25.0,1166.0,1045.1
LBLD88,3/7/2026,1140.0,1140.0,1140.0,1140.0,0.0,25.0,1166.0,1045.1
LBLD88,3/8/2026,1140.0,1140.0,1140.0,1140.0,0.0,25.0,1166.0,1045.1
LBLD88,3/16/2026,1119.0,1119.0,1095.0,1095.1,-3.94,107.0,1166.0,1045.1
LBLD88,3/17/2026,1102.0,1102.0,1101.0,1101.0,0.54,25.0,1166.0,1045.1
LBLD88,3/18/2026,1102.0,1102.0,1101.0,1101.0,0.0,25.0,1166.0,1045.1
LBLD88,3/22/2026,1100.0,1130.0,1100.0,1130.0,2.63,169.0,1166.0,1045.1
LBLD88,4/6/2026,1110.0,1110.0,1095.0,1095.0,-1.35,50.0,1166.0,1045.1
LBLD88,4/7/2026,1100.0,1100.0,1100.0,1100.0,0.0,25.0,1166.0,1045.1
LBLD88,4/28/2026,1100.0,1110.0,1110.0,1110.0,0.91,25.0,1166.0,1045.1
LBLD88,5/11/2026,1080.4,1080.4,1080.3,1080.3,-0.01,25.0,1166.0,1045.1
LBLD88,5/21/2026,1084.4,1084.4,1084.4,1084.4,0.0,25.0,1166.0,1045.1
LBLD88,5/27/2026,1087.4,1087.4,1063.0,1063.0,-2.24,359.0,1166.0,1045.1
LBLD88,6/5/2026,1063.0,1144.8,1063.0,1144.8,7.7,64355.0,1166.0,1045.1
LBLD88,6/8/2026,1144.8,1144.8,1144.8,1144.8,0.0,150000.0,1166.0,1045.1
LBLD88,6/11/2026,1117.0,1117.0,1117.0,1117.0,0.0,30.0,1166.0,1045.1
LBLD88,6/19/2026,1088.4,1088.4,1088.4,1088.4,0.0,25.0,1166.0,1045.1
LBLD88,6/24/2026,1088.4,1088.4,1088.4,1088.7,0.03,7.0,1166.0,1045.1
LBLD88,6/26/2026,1088.5,1088.5,1088.5,1088.0,-0.05,25.0,1166.0,1045.1
LBLD88,6/30/2026,1085.0,1085.0,1085.0,1085.0,0.0,25.0,1166.0,1045.1
LBLD88,7/7/2026,1095.0,1100.0,1095.0,1100.0,0.46,75.0,1166.0,1045.1
LBLD88,7/13/2026,1125.0,1150.0,1125.0,1150.0,2.22,43150.0,1166.0,1045.1
LBLD88,7/20/2026,1153.0,1153.0,1153.0,1153.0,0.0,20.0,1166.0,1045.1
LBLD88,7/22/2026,1118.5,1118.5,1118.5,1118.5,0.0,60.0,1166.0,1045.1
LBLD88,7/24/2026,1094.0,1094.0,1094.0,1094.0,0.0,15.0,1166.0,1045.1
LBLD88,8/4/2026,1094.0,1094.0,1090.0,1090.0,-0.37,25.0,1166.0,1045.1
LBLD88,8/10/2026,1090.0,1090.0,1090.0,1090.0,0.0,25.0,1166.0,1045.1
LBLD88,8/19/2026,1122.7,1122.7,1122.7,1122.7,0.0,49.0,1166.0,1045.1
LBLD88,8/26/2026,1122.0,1122.0,1122.0,1122.0,0.0,10.0,1166.0,1045.1
LBLD88,8/27/2026,1122.0,1122.0,1122.0,1122.0,0.0,5.0,1166.0,1045.1
LBLD88,9/1/2026,1125.0,1125.0,1125.0,1125.0,0.0,25.0,1166.0,1045.1
LBLD88,9/2/2026,1125.0,1125.0,1125.0,1122.0,-0.27,5.0,1166.0,1045.1
LBLD88,9/18/2026,1122.0,1122.0,1110.0,1110.0,-1.07,30.0,1166.0,1045.1
LBLD88,9/29/2026,1100.0,1100.0,1100.0,0.0,-100.0,26.0,1166.0,1045.1
LBLD88,9/30/2026,1133.0,1133.0,1133.0,1133.0,0.0,30.0,1166.0,1045.1
LEC,11/26/2020,204.0,209.0,204.0,206.0,,13760.0,276.0,180.0
LEC,11/29/2020,205.0,208.0,203.0,207.0,0.49,28977.0,276.0,180.0
LEC,11/30/2020,206.0,215.0,206.0,215.0,3.86,21701.0,276.0,180.0
LEC,12/1/2020,210.0,223.0,209.0,216.0,0.47,26536.0,276.0,180.0
LEC,12/2/2020,220.0,226.0,211.0,222.0,2.78,67591.0,276.0,180.0
LEC,12/3/2020,218.0,230.0,218.0,225.0,1.35,67823.0,276.0,180.0
LEC,12/6/2020,221.0,226.0,209.0,210.0,-6.67,25052.0,276.0,180.0
LEC,12/7/2020,210.0,223.0,208.0,217.0,3.33,15265.0,276.0,180.0
LEC,12/8/2020,215.0,227.0,213.0,213.0,-1.84,19720.0,276.0,180.0
LEC,12/9/2020,217.0,231.0,210.0,220.0,3.29,39063.0,276.0,180.0
LEC,12/10/2020,218.0,242.0,218.0,242.0,10.0,113061.0,276.0,180.0
LEC,12/13/2020,254.0,260.0,237.0,242.0,0.0,53662.0,276.0,180.0
LEC,12/14/2020,242.0,244.0,226.0,228.0,-5.79,39121.0,276.0,180.0
LEC,12/15/2020,217.0,238.0,217.0,229.0,0.44,34220.0,276.0,180.0
LEC,12/16/2020,225.0,241.0,223.0,226.0,-1.31,15920.0,276.0,180.0
LEC,12/17/2020,222.0,230.0,219.0,221.0,-2.21,16988.0,276.0,180.0
LEC,12/20/2020,217.0,218.0,205.0,207.0,-6.33,24828.0,276.0,180.0
LEC,12/21/2020,200.0,218.0,200.0,217.0,4.83,19468.0,276.0,180.0
LEC,12/22/2020,215.0,232.0,213.0,220.0,1.38,22415.0,276.0,180.0
LEC,12/23/2020,231.0,231.0,215.0,217.0,-1.36,10820.0,276.0,180.0
LEC,12/24/2020,214.0,220.0,210.0,217.0,0.0,8078.0,276.0,180.0
LEC,12/27/2020,213.0,221.0,210.0,214.0,-1.38,8650.0,276.0,180.0
LEC,12/28/2020,211.0,215.0,210.0,210.0,-1.87,7730.0,276.0,180.0
LEC,12/29/2020,211.0,220.0,207.0,213.0,1.43,15765.0,276.0,180.0
LEC,12/30/2020,210.0,213.0,208.0,212.0,-0.47,6310.0,276.0,180.0
LEC,12/31/2020,208.0,215.0,208.0,212.0,0.0,6815.0,276.0,180.0
LEC,1/3/2021,208.0,218.0,208.0,218.0,2.83,11740.0,276.0,180.0
LEC,1/4/2021,214.0,218.0,209.0,212.0,-2.75,6260.0,276.0,180.0
LEC,1/5/2021,209.0,222.0,209.0,217.0,2.36,9746.0,276.0,180.0
LEC,1/6/2021,217.0,218.0,210.0,212.0,-2.3,15752.0,276.0,180.0
LEC,1/7/2021,212.0,222.0,212.0,220.0,3.77,17538.0,276.0,180.0
LEC,1/10/2021,218.0,222.0,213.0,220.0,0.0,7826.0,276.0,180.0
LEC,1/11/2021,231.0,231.0,215.0,219.0,-0.45,7230.0,276.0,180.0
LEC,1/12/2021,215.0,220.0,213.0,217.0,-0.91,13080.0,276.0,180.0
LEC,1/13/2021,220.0,220.0,214.0,214.0,-1.38,15891.0,276.0,180.0
LEC,1/17/2021,214.0,221.0,213.0,219.0,2.34,17291.0,276.0,180.0
LEC,1/18/2021,223.0,227.0,219.0,224.0,2.28,36311.0,276.0,180.0
LEC,1/19/2021,224.0,230.0,220.0,223.0,-0.45,39960.0,276.0,180.0
LEC,1/20/2021,223.0,232.0,221.0,232.0,4.04,42415.0,276.0,180.0
LEC,1/21/2021,238.0,242.0,225.0,237.0,2.16,58544.0,276.0,180.0
LEC,1/24/2021,238.0,252.0,233.0,240.0,1.27,47341.0,276.0,180.0
LEC,1/25/2021,245.0,245.0,232.0,236.0,-1.67,24128.0,276.0,180.0
LEC,1/26/2021,236.0,237.0,232.0,236.0,0.0,22964.0,276.0,180.0
LEC,1/27/2021,234.0,236.0,229.0,230.0,-2.54,16885.0,276.0,180.0
LEC,1/28/2021,226.0,233.0,226.0,229.0,-0.43,10980.0,276.0,180.0
LEC,1/31/2021,226.0,227.0,218.0,222.0,-3.06,25055.0,276.0,180.0
LEC,2/1/2021,221.0,230.0,218.0,226.0,1.8,5824.0,276.0,180.0
LEC,2/2/2021,224.0,238.0,216.0,234.0,3.54,23580.0,276.0,180.0
LEC,2/3/2021,235.0,238.0,230.0,230.0,-1.71,34085.0,276.0,180.0
LEC,2/4/2021,227.0,240.0,227.0,235.0,2.17,45721.0,276.0,180.0
LEC,2/7/2021,238.0,258.0,231.0,258.0,9.79,97160.0,276.0,180.0
LEC,2/8/2021,263.0,266.0,242.0,251.0,-2.71,72886.0,276.0,180.0
LEC,2/9/2021,246.0,250.0,238.0,244.0,-2.79,37940.0,276.0,180.0
LEC,2/10/2021,240.0,244.0,236.0,237.0,-2.87,17770.0,276.0,180.0
LEC,2/11/2021,235.0,241.0,235.0,239.0,0.84,13845.0,276.0,180.0
LEC,2/14/2021,240.0,240.0,234.0,238.0,-0.42,17380.0,276.0,180.0
LEC,2/15/2021,240.0,252.0,240.0,249.0,4.62,43550.0,276.0,180.0
LEC,2/16/2021,250.0,250.0,243.0,248.0,-0.4,19237.0,276.0,180.0
LEC,2/17/2021,244.0,247.0,241.0,247.0,-0.4,17475.0,276.0,180.0
LEC,2/18/2021,247.0,255.0,237.0,246.0,-0.4,38145.0,276.0,180.0
LEC,2/21/2021,243.0,270.0,243.0,266.0,8.13,93802.0,276.0,180.0
LEC,2/22/2021,268.0,269.0,255.0,259.0,-2.63,63785.0,276.0,180.0
LEC,2/23/2021,261.0,284.0,255.0,284.0,9.65,172947.0,276.0,180.0
LEC,2/24/2021,298.0,298.0,274.0,281.0,-1.06,43650.0,276.0,180.0
LEC,2/25/2021,285.0,285.0,267.0,270.0,-3.91,43766.0,276.0,180.0
LEC,2/28/2021,272.0,272.0,254.0,254.0,-5.93,35700.0,276.0,180.0
LEC,3/1/2021,249.0,269.0,245.0,268.0,5.51,34576.0,276.0,180.0
LEC,3/2/2021,275.0,275.0,251.0,266.0,-0.75,38222.0,276.0,180.0
LEC,3/3/2021,253.0,272.0,248.0,260.0,-2.26,38082.0,276.0,180.0
LEC,3/4/2021,260.0,286.0,260.0,286.0,10.0,118421.0,276.0,180.0
LEC,3/7/2021,300.0,300.0,281.0,284.0,-0.7,94817.0,276.0,180.0
LEC,3/9/2021,298.0,299.0,280.0,295.0,3.87,68455.0,276.0,180.0
LEC,3/10/2021,295.0,324.0,295.0,319.0,8.14,134891.0,276.0,180.0
LEC,3/14/2021,331.0,331.0,298.0,306.0,-4.08,104556.0,276.0,180.0
LEC,3/15/2021,305.0,316.0,294.0,296.0,-3.27,55955.0,276.0,180.0
LEC,3/16/2021,291.0,303.0,288.0,291.0,-1.69,18746.0,276.0,180.0
LEC,3/17/2021,286.0,312.0,286.0,300.0,3.09,26763.0,276.0,180.0
LEC,3/18/2021,315.0,315.0,295.0,299.0,-0.33,35934.0,276.0,180.0
LEC,3/21/2021,300.0,306.0,295.0,299.0,0.0,19433.0,276.0,180.0
LEC,3/22/2021,300.0,305.0,294.0,300.0,0.33,37403.0,276.0,180.0
LEC,3/23/2021,302.0,316.0,296.0,304.0,1.33,42085.0,276.0,180.0
LEC,3/24/2021,310.0,310.0,302.0,307.0,0.99,28764.0,276.0,180.0
LEC,3/25/2021,313.0,313.0,300.0,302.0,-1.63,36388.0,276.0,180.0
LEC,3/29/2021,296.0,303.0,296.0,298.0,-1.32,11819.0,276.0,180.0
LEC,3/30/2021,296.0,302.0,296.0,297.0,-0.34,19688.0,276.0,180.0
LEC,3/31/2021,296.0,305.0,295.0,297.0,0.0,30139.0,276.0,180.0
LEC,4/1/2021,311.0,311.0,294.0,299.0,0.67,30757.0,276.0,180.0
LEC,4/4/2021,313.0,313.0,295.0,299.0,0.0,21255.0,276.0,180.0
LEC,4/5/2021,297.0,302.0,296.0,297.0,-0.67,16654.0,276.0,180.0
LEC,4/6/2021,298.0,310.0,297.0,305.0,2.69,59488.0,276.0,180.0
LEC,4/7/2021,310.0,314.0,295.0,302.0,-0.98,46679.0,276.0,180.0
LEC,4/8/2021,314.0,314.0,302.0,304.0,0.66,27079.0,276.0,180.0
LEC,4/12/2021,300.0,305.0,299.0,299.0,-1.64,27240.0,276.0,180.0
LEC,4/13/2021,298.0,304.0,298.0,303.0,1.34,15838.0,276.0,180.0
LEC,4/15/2021,301.0,321.0,301.0,312.0,2.97,65675.0,276.0,180.0
LEC,4/18/2021,310.0,320.0,307.0,310.0,-0.64,47482.0,276.0,180.0
LEC,4/19/2021,306.0,332.0,306.0,322.0,3.87,76525.0,276.0,180.0
LEC,4/20/2021,316.0,350.0,316.0,348.0,8.07,135095.0,276.0,180.0
LEC,4/21/2021,350.0,350.0,325.0,330.0,-5.17,84053.0,276.0,180.0
LEC,4/22/2021,346.0,346.0,320.0,326.0,-1.21,47792.0,276.0,180.0
LEC,4/25/2021,320.0,320.0,309.0,312.0,-4.29,44091.0,276.0,180.0
LEC,4/26/2021,306.0,318.0,301.0,304.0,-2.56,38464.0,276.0,180.0
LEC,4/27/2021,300.0,325.0,300.0,323.0,6.25,41522.0,276.0,180.0
LEC,4/28/2021,325.0,325.0,312.0,315.0,-2.48,9535.0,276.0,180.0
LEC,4/29/2021,315.0,330.0,315.0,326.0,3.49,31244.0,276.0,180.0
LEC,5/2/2021,330.0,343.0,324.0,338.0,3.68,68617.0,276.0,180.0
LEC,5/3/2021,322.0,342.0,322.0,330.0,-2.37,61564.0,276.0,180.0
LEC,5/4/2021,326.0,339.0,326.0,333.0,0.91,36221.0,276.0,180.0
LEC,5/5/2021,335.0,366.0,335.0,363.0,9.01,250641.0,276.0,180.0
LEC,5/6/2021,351.0,377.0,351.0,358.0,-1.38,87902.0,276.0,180.0
LEC,5/9/2021,352.0,359.0,339.0,350.0,-2.23,44325.0,276.0,180.0
LEC,5/10/2021,344.0,369.0,344.0,368.0,5.14,23899.0,276.0,180.0
LEC,5/11/2021,368.0,368.0,354.0,357.0,-2.99,48411.0,276.0,180.0
LEC,5/12/2021,357.0,367.0,353.0,360.0,0.84,90335.0,276.0,180.0
LEC,5/13/2021,365.0,393.0,365.0,387.0,7.5,256280.0,276.0,180.0
LEC,5/16/2021,404.0,404.0,370.0,374.0,-3.36,83629.0,276.0,180.0
LEC,5/17/2021,370.0,393.0,370.0,393.0,5.08,93249.0,276.0,180.0
LEC,5/18/2021,388.0,411.0,388.0,394.0,0.25,78662.0,276.0,180.0
LEC,5/19/2021,396.0,396.0,376.0,380.0,-3.55,57371.0,276.0,180.0
LEC,5/20/2021,373.0,380.0,370.0,372.0,-2.11,36555.0,276.0,180.0
LEC,5/23/2021,365.0,387.0,358.0,374.0,0.54,72646.0,276.0,180.0
LEC,5/24/2021,380.0,393.0,365.0,369.0,-1.34,48968.0,276.0,180.0
LEC,5/25/2021,352.0,388.0,352.0,374.0,1.36,90115.0,276.0,180.0
LEC,5/27/2021,362.0,408.0,362.0,398.0,6.42,142576.0,276.0,180.0
LEC,5/30/2021,383.0,420.0,378.0,383.0,-3.77,136473.0,276.0,180.0
LEC,5/31/2021,364.0,387.0,362.0,368.0,-3.92,86852.0,276.0,180.0
LEC,6/1/2021,361.0,375.0,348.0,361.0,-1.9,40968.0,276.0,180.0
LEC,6/2/2021,358.0,380.0,355.0,380.0,5.26,48988.0,276.0,180.0
LEC,6/3/2021,381.0,384.0,366.0,366.0,-3.68,38522.0,276.0,180.0
LEC,6/6/2021,366.0,366.0,353.0,355.0,-3.01,40155.0,276.0,180.0
LEC,6/7/2021,338.0,383.0,338.0,377.0,6.2,93914.0,276.0,180.0
LEC,6/8/2021,385.0,398.0,385.0,390.0,3.45,102578.0,276.0,180.0
LEC,6/9/2021,394.0,401.0,376.0,381.0,-2.31,57423.0,276.0,180.0
LEC,6/10/2021,380.0,419.0,380.0,419.0,9.97,141948.0,276.0,180.0
LEC,6/13/2021,425.0,460.0,399.0,460.0,9.79,278522.0,276.0,180.0
LEC,6/14/2021,460.0,486.0,437.0,456.0,-0.87,163359.0,276.0,180.0
LEC,6/15/2021,447.0,454.0,423.0,424.0,-7.02,109331.0,276.0,180.0
LEC,6/16/2021,403.0,436.0,382.0,387.0,-8.73,152343.0,276.0,180.0
LEC,6/17/2021,387.0,421.0,371.0,389.0,0.52,72215.0,276.0,180.0
LEC,6/20/2021,389.0,399.0,358.0,364.0,-6.43,59738.0,276.0,180.0
LEC,6/21/2021,365.0,378.0,328.0,333.0,-8.52,53719.0,276.0,180.0
LEC,6/22/2021,349.0,366.0,331.0,366.0,9.91,55822.0,276.0,180.0
LEC,6/23/2021,373.0,383.0,339.0,360.0,-1.64,40549.0,276.0,180.0
LEC,6/24/2021,354.0,374.0,340.0,362.0,0.56,38567.0,276.0,180.0
LEC,6/27/2021,357.0,375.0,350.0,359.0,-0.83,27285.0,276.0,180.0
LEC,6/28/2021,357.0,367.0,346.0,351.0,-2.23,16044.0,276.0,180.0
LEC,6/29/2021,344.0,357.0,336.0,340.0,-3.13,17146.0,276.0,180.0
LEC,6/30/2021,340.0,340.0,325.0,337.0,-0.88,28583.0,276.0,180.0
LEC,7/1/2021,321.0,361.0,321.0,336.0,-0.3,19473.0,276.0,180.0
LEC,7/4/2021,336.0,350.0,336.0,346.0,2.98,19184.0,276.0,180.0
LEC,7/5/2021,347.0,353.0,341.0,343.0,-0.87,22058.0,276.0,180.0
LEC,7/6/2021,349.0,350.0,331.0,344.0,0.29,10415.0,276.0,180.0
LEC,7/7/2021,338.0,344.0,332.0,335.0,-2.62,7459.0,276.0,180.0
LEC,7/8/2021,331.0,341.0,330.0,336.0,0.3,22500.0,276.0,180.0
LEC,7/11/2021,336.0,350.0,336.0,347.0,3.27,19077.0,276.0,180.0
LEC,7/12/2021,351.0,358.0,338.0,344.0,-0.86,22307.0,276.0,180.0
LEC,7/13/2021,339.0,351.0,339.0,347.0,0.87,21702.0,276.0,180.0
LEC,7/14/2021,350.0,360.0,342.0,355.0,2.31,31668.0,276.0,180.0
LEC,7/15/2021,371.0,381.0,357.0,380.0,7.04,89273.0,276.0,180.0
LEC,7/18/2021,387.0,404.9,373.0,397.0,4.47,51676.0,276.0,180.0
LEC,7/19/2021,403.0,411.0,384.2,386.0,-2.77,54698.0,276.0,180.0
LEC,7/20/2021,390.0,405.7,380.0,393.0,1.81,54897.0,276.0,180.0
LEC,7/22/2021,393.0,415.1,390.0,409.0,4.07,153123.0,276.0,180.0
LEC,7/25/2021,410.0,434.0,405.1,425.0,3.91,114121.0,276.0,180.0
LEC,7/26/2021,425.5,442.0,421.4,425.1,0.02,115082.0,276.0,180.0
LEC,7/27/2021,417.0,467.6,417.0,457.0,7.5,151743.0,276.0,180.0
LEC,7/28/2021,466.0,474.9,431.0,441.0,-3.5,139559.0,276.0,180.0
LEC,7/29/2021,445.0,445.0,427.0,429.0,-2.72,58716.0,276.0,180.0
LEC,8/1/2021,436.0,469.2,430.0,457.0,6.53,169632.0,276.0,180.0
LEC,8/2/2021,466.1,474.0,440.0,448.0,-1.97,139701.0,276.0,180.0
LEC,8/3/2021,450.0,492.5,446.0,492.5,9.93,296488.0,276.0,180.0
LEC,8/4/2021,500.0,521.2,497.0,509.0,3.35,151069.0,276.0,180.0
LEC,8/5/2021,514.0,514.0,481.0,484.0,-4.91,118229.0,276.0,180.0
LEC,8/8/2021,480.0,516.0,470.0,496.0,2.48,180996.0,276.0,180.0
LEC,8/9/2021,486.1,525.0,486.1,519.0,4.64,182598.0,276.0,180.0
LEC,8/10/2021,529.3,529.3,495.0,499.0,-3.85,154667.0,276.0,180.0
LEC,8/11/2021,508.0,530.0,500.0,518.5,3.91,141678.0,276.0,180.0
LEC,8/12/2021,510.0,525.0,502.8,504.0,-2.8,73822.0,276.0,180.0
LEC,8/15/2021,500.0,500.0,470.0,480.0,-4.76,60162.0,276.0,180.0
LEC,8/16/2021,476.0,499.0,470.4,487.0,1.46,42100.0,276.0,180.0
LEC,8/17/2021,490.0,520.0,490.0,509.0,4.52,113217.0,276.0,180.0
LEC,8/18/2021,519.0,525.0,498.0,498.0,-2.16,118371.0,276.0,180.0
LEC,8/19/2021,500.0,510.0,474.0,479.0,-3.82,72525.0,276.0,180.0
LEC,8/24/2021,469.5,469.5,431.1,431.5,-9.92,72198.0,276.0,180.0
LEC,8/25/2021,431.5,455.0,407.0,435.0,0.81,39814.0,276.0,180.0
LEC,8/26/2021,437.7,478.5,430.0,460.0,5.75,69802.0,276.0,180.0
LEC,8/29/2021,452.0,471.0,440.0,441.0,-4.13,28743.0,276.0,180.0
LEC,8/31/2021,441.0,467.0,427.0,436.0,-1.13,57170.0,276.0,180.0
LEC,9/1/2021,444.0,459.0,426.1,438.0,0.46,58553.0,276.0,180.0
LEC,9/2/2021,433.0,450.0,422.0,426.0,-2.74,31116.0,276.0,180.0
LEC,9/5/2021,417.5,417.5,383.4,385.0,-9.62,38439.0,276.0,180.0
LEC,9/6/2021,385.0,423.5,379.0,423.5,10.0,45802.0,276.0,180.0
LEC,9/7/2021,429.0,444.0,402.0,415.0,-2.01,43051.0,276.0,180.0
LEC,9/8/2021,407.0,430.6,406.7,411.0,-0.96,21991.0,276.0,180.0
LEC,9/9/2021,418.0,427.3,402.5,418.0,1.7,26874.0,276.0,180.0
LEC,9/12/2021,426.3,459.8,426.3,459.8,10.0,55367.0,276.0,180.0
LEC,9/13/2021,468.9,487.7,443.0,453.0,-1.48,83536.0,276.0,180.0
LEC,9/14/2021,445.0,480.0,444.0,459.0,1.32,43920.0,276.0,180.0
LEC,9/15/2021,468.1,468.1,443.0,445.0,-3.05,28676.0,276.0,180.0
LEC,9/16/2021,439.0,445.0,405.0,415.0,-6.74,50491.0,276.0,180.0
LEC,9/20/2021,415.0,422.0,383.0,383.0,-7.71,43573.0,276.0,180.0
LEC,9/21/2021,385.0,421.3,348.0,389.0,1.57,42028.0,276.0,180.0
LEC,9/22/2021,396.7,427.9,389.1,427.9,10.0,55645.0,276.0,180.0
LEC,9/23/2021,432.1,436.4,405.1,413.5,-3.37,20463.0,276.0,180.0
LEC,9/26/2021,411.0,413.0,393.0,408.0,-1.33,21656.0,276.0,180.0
LEC,9/27/2021,416.1,432.0,385.0,388.0,-4.9,17057.0,276.0,180.0
LEC,9/28/2021,381.0,395.0,352.8,354.0,-8.76,32476.0,276.0,180.0
LEC,9/29/2021,355.0,374.0,344.0,362.0,2.26,23845.0,276.0,180.0
LEC,9/30/2021,357.0,391.0,355.0,360.0,-0.55,15779.0,276.0,180.0
LEC,10/3/2021,360.0,360.0,338.0,360.0,0.0,21141.0,276.0,180.0
LEC,10/4/2021,352.8,360.0,339.0,344.0,-4.44,18714.0,276.0,180.0
LEC,10/5/2021,338.0,357.0,338.0,343.0,-0.29,18080.0,276.0,180.0
LEC,10/6/2021,349.8,357.0,348.0,348.0,1.46,9148.0,276.0,180.0
LEC,10/10/2021,348.0,357.0,342.0,342.0,-1.72,9908.0,276.0,180.0
LEC,10/11/2021,335.2,340.0,326.0,334.0,-2.34,9150.0,276.0,180.0
LEC,10/17/2021,340.0,343.0,330.0,335.0,0.3,2260.0,276.0,180.0
LEC,10/18/2021,330.0,341.0,314.0,321.0,-4.18,16899.0,276.0,180.0
LEC,10/19/2021,321.0,321.6,291.0,297.0,-7.48,21876.0,276.0,180.0
LEC,10/20/2021,302.9,321.0,302.9,309.9,4.34,10468.0,276.0,180.0
LEC,10/21/2021,315.0,315.0,297.0,300.0,-3.19,9171.0,276.0,180.0
LEC,10/24/2021,300.0,311.0,295.2,306.2,2.07,7090.0,276.0,180.0
LEC,10/25/2021,312.3,336.8,312.0,336.8,9.99,18378.0,276.0,180.0
LEC,10/26/2021,343.5,370.0,343.0,367.0,8.97,40451.0,276.0,180.0
LEC,10/27/2021,374.3,375.0,346.1,362.0,-1.36,39672.0,276.0,180.0
LEC,10/28/2021,356.0,385.2,350.0,384.9,6.33,33566.0,276.0,180.0
LEC,10/31/2021,391.0,406.0,380.0,403.0,4.7,39112.0,276.0,180.0
LEC,11/1/2021,405.0,410.0,380.3,388.0,-3.72,41934.0,276.0,180.0
LEC,11/2/2021,387.0,399.0,377.0,388.5,0.13,11850.0,276.0,180.0
LEC,11/3/2021,390.0,403.0,385.0,386.2,-0.59,18941.0,276.0,180.0
LEC,11/8/2021,393.0,400.0,379.0,384.0,-0.57,12848.0,276.0,180.0
LEC,11/9/2021,377.0,384.5,360.0,360.0,-6.25,31330.0,276.0,180.0
LEC,11/11/2021,353.0,373.0,340.1,346.0,-3.89,25851.0,276.0,180.0
LEC,11/14/2021,339.3,358.0,339.1,353.0,2.02,12780.0,276.0,180.0
LEC,11/15/2021,353.0,373.0,353.0,357.1,1.16,12362.0,276.0,180.0
LEC,11/16/2021,364.0,392.8,358.1,390.0,9.21,35557.0,276.0,180.0
LEC,11/17/2021,394.0,416.1,390.0,391.0,0.26,27960.0,276.0,180.0
LEC,11/18/2021,388.0,393.0,378.0,380.0,-2.81,20211.0,276.0,180.0
LEC,11/21/2021,372.4,387.3,372.4,379.5,-0.13,4885.0,276.0,180.0
LEC,11/22/2021,378.0,400.0,375.0,378.0,-0.4,16723.0,276.0,180.0
LEC,11/23/2021,375.0,377.9,365.0,367.1,-2.88,12949.0,276.0,180.0
LEC,11/24/2021,360.5,387.6,352.1,379.0,3.24,15948.0,276.0,180.0
LEC,11/25/2021,385.0,385.0,370.0,377.0,-0.53,10707.0,276.0,180.0
LEC,11/28/2021,369.5,370.0,356.0,358.0,-5.04,17085.0,276.0,180.0
LEC,11/29/2021,358.0,370.0,350.0,356.0,-0.56,15684.0,276.0,180.0
LEC,11/30/2021,350.0,364.0,350.0,362.0,1.69,17002.0,276.0,180.0
LEC,12/1/2021,360.0,373.9,355.0,366.0,1.1,10180.0,276.0,180.0
LEC,12/2/2021,359.3,360.0,341.0,349.0,-4.64,30246.0,276.0,180.0
LEC,12/5/2021,342.1,349.0,338.0,344.0,-1.43,16800.0,276.0,180.0
LEC,12/6/2021,338.0,351.0,324.0,348.0,1.16,18739.0,276.0,180.0
LEC,12/7/2021,354.0,359.0,332.8,338.0,-2.87,16756.0,276.0,180.0
LEC,12/8/2021,332.0,337.0,318.0,325.0,-3.85,14682.0,276.0,180.0
LEC,12/9/2021,320.0,346.8,315.0,324.3,-0.22,8345.0,276.0,180.0
LEC,12/12/2021,322.5,324.3,305.0,312.0,-3.79,19999.0,276.0,180.0
LEC,12/13/2021,305.8,312.0,282.5,296.0,-5.13,15412.0,276.0,180.0
LEC,12/14/2021,295.0,325.5,295.0,325.5,9.97,9154.0,276.0,180.0
LEC,12/15/2021,332.0,341.1,319.1,328.0,0.77,25124.0,276.0,180.0
LEC,12/16/2021,322.0,323.0,310.0,312.0,-4.88,6992.0,276.0,180.0
LEC,12/20/2021,306.0,312.0,296.0,296.0,-5.13,13803.0,276.0,180.0
LEC,12/21/2021,296.0,308.0,296.0,308.0,4.05,8400.0,276.0,180.0
LEC,12/22/2021,314.0,328.7,305.0,326.0,5.84,21890.0,276.0,180.0
LEC,12/23/2021,326.0,334.0,314.1,322.0,-1.23,18851.0,276.0,180.0
LEC,12/26/2021,322.0,326.0,318.1,319.0,-0.93,15874.0,276.0,180.0
LEC,12/27/2021,314.0,320.0,301.0,301.0,-5.64,19039.0,276.0,180.0
LEC,12/28/2021,300.1,312.0,291.1,309.0,2.66,9968.0,276.0,180.0
LEC,12/29/2021,309.0,314.0,303.0,314.0,1.62,7084.0,276.0,180.0
LEC,1/2/2022,310.0,320.0,305.0,310.0,-1.27,2890.0,276.0,180.0
LEC,1/3/2022,315.0,316.0,305.0,306.0,-1.29,8278.0,276.0,180.0
LEC,1/4/2022,301.0,315.9,301.0,312.0,1.96,13200.0,276.0,180.0
LEC,1/5/2022,308.1,327.0,308.1,321.0,2.88,28057.0,276.0,180.0
LEC,1/6/2022,315.1,328.0,315.1,325.0,1.25,13124.0,276.0,180.0
LEC,1/9/2022,330.0,351.7,328.0,347.2,6.83,43990.0,276.0,180.0
LEC,1/10/2022,352.0,369.0,343.1,362.0,4.26,70373.0,276.0,180.0
LEC,1/11/2022,356.0,380.0,356.0,373.0,3.04,35116.0,276.0,180.0
LEC,1/12/2022,377.0,381.0,360.0,361.0,-3.22,34645.0,276.0,180.0
LEC,1/13/2022,361.0,377.0,356.0,374.9,3.85,33695.0,276.0,180.0
LEC,1/16/2022,382.0,391.6,375.0,376.2,0.35,43812.0,276.0,180.0
LEC,1/17/2022,379.0,400.0,374.0,396.0,5.26,79162.0,276.0,180.0
LEC,1/18/2022,402.0,418.2,388.2,393.0,-0.76,68051.0,276.0,180.0
LEC,1/19/2022,400.8,400.8,388.0,393.0,0.0,37954.0,276.0,180.0
LEC,1/20/2022,400.0,400.0,378.0,393.0,0.0,31415.0,276.0,180.0
LEC,1/23/2022,391.0,395.0,385.4,386.3,-1.7,31061.0,276.0,180.0
LEC,1/24/2022,378.6,386.3,361.0,367.9,-4.76,47977.0,276.0,180.0
LEC,1/25/2022,361.0,385.0,360.0,371.5,0.98,28974.0,276.0,180.0
LEC,1/26/2022,371.0,378.0,360.2,363.0,-2.29,14356.0,276.0,180.0
LEC,1/27/2022,356.0,376.9,356.0,362.0,-0.28,14775.0,276.0,180.0
LEC,1/30/2022,369.2,398.2,369.2,398.2,10.0,83268.0,276.0,180.0
LEC,1/31/2022,400.0,428.4,383.3,414.0,3.97,110017.0,276.0,180.0
LEC,2/1/2022,405.8,430.0,403.0,424.1,2.44,97589.0,276.0,180.0
LEC,2/3/2022,432.0,443.0,425.0,426.4,0.54,94701.0,276.0,180.0
LEC,2/6/2022,417.9,422.0,408.6,410.0,-3.85,53176.0,276.0,180.0
LEC,2/7/2022,406.1,420.0,403.0,415.0,1.22,27510.0,276.0,180.0
LEC,2/8/2022,423.3,429.0,389.0,389.0,-6.27,45697.0,276.0,180.0
LEC,2/9/2022,386.0,408.0,381.3,401.0,3.08,35414.0,276.0,180.0
LEC,2/10/2022,404.0,408.0,393.0,398.5,-0.62,17359.0,276.0,180.0
LEC,2/13/2022,390.6,390.6,375.1,380.0,-4.64,30953.0,276.0,180.0
LEC,2/14/2022,380.0,390.0,375.0,385.0,1.32,28305.0,276.0,180.0
LEC,2/15/2022,392.7,413.0,372.0,407.0,5.71,32859.0,276.0,180.0
LEC,2/16/2022,400.0,410.9,385.0,400.0,-1.72,18332.0,276.0,180.0
LEC,2/17/2022,393.0,401.9,385.5,393.0,-1.75,17855.0,276.0,180.0
LEC,2/20/2022,385.2,400.0,377.5,388.0,-1.27,27821.0,276.0,180.0
LEC,2/21/2022,385.0,400.0,385.0,399.0,2.84,18793.0,276.0,180.0
LEC,2/22/2022,401.0,408.0,394.0,396.0,-0.75,26070.0,276.0,180.0
LEC,2/23/2022,403.0,409.9,392.0,396.0,0.0,31499.0,276.0,180.0
LEC,2/24/2022,389.0,401.0,385.0,390.0,-1.52,25379.0,276.0,180.0
LEC,2/27/2022,392.0,402.9,383.1,397.0,1.79,23790.0,276.0,180.0
LEC,2/28/2022,404.9,405.0,374.4,376.0,-5.29,20295.0,276.0,180.0
LEC,3/2/2022,369.0,375.6,351.0,365.0,-2.93,31875.0,276.0,180.0
LEC,3/6/2022,372.3,372.3,358.0,370.0,1.37,11467.0,276.0,180.0
LEC,3/7/2022,369.0,372.0,356.0,372.0,0.54,13491.0,276.0,180.0
LEC,3/9/2022,378.0,378.0,352.0,363.0,-2.42,11995.0,276.0,180.0
LEC,3/10/2022,356.0,375.0,355.8,375.0,3.31,12620.0,276.0,180.0
LEC,3/13/2022,375.0,395.0,371.5,384.1,2.43,32557.0,276.0,180.0
LEC,3/14/2022,380.0,387.0,378.3,386.0,0.49,3072.0,276.0,180.0
LEC,3/15/2022,379.0,389.0,373.0,380.0,-1.55,29535.0,276.0,180.0
LEC,3/16/2022,387.6,390.0,360.0,369.9,-2.66,28061.0,276.0,180.0
LEC,3/20/2022,362.7,384.0,360.2,362.0,-2.14,12052.0,276.0,180.0
LEC,3/21/2022,358.0,380.0,355.0,377.0,4.14,13312.0,276.0,180.0
LEC,3/22/2022,377.0,382.0,367.0,373.9,-0.82,22213.0,276.0,180.0
LEC,3/23/2022,368.0,375.0,364.0,373.0,-0.24,5986.0,276.0,180.0
LEC,3/24/2022,366.1,377.9,359.0,360.2,-3.43,12252.0,276.0,180.0
LEC,3/27/2022,360.0,365.0,347.2,362.0,0.5,23852.0,276.0,180.0
LEC,3/28/2022,363.0,363.0,341.9,357.9,-1.13,9446.0,276.0,180.0
LEC,3/29/2022,359.0,359.0,348.1,350.0,-2.21,8364.0,276.0,180.0
LEC,3/30/2022,350.0,367.0,345.1,367.0,4.86,18478.0,276.0,180.0
LEC,3/31/2022,367.0,373.0,356.3,360.0,-1.91,17447.0,276.0,180.0
LEC,4/3/2022,354.0,354.0,346.0,348.0,-3.33,13182.0,276.0,180.0
LEC,4/4/2022,346.0,355.0,345.0,355.0,2.01,20334.0,276.0,180.0
LEC,4/5/2022,361.0,361.0,344.0,360.0,1.41,9790.0,276.0,180.0
LEC,4/6/2022,352.8,359.0,346.0,353.1,-1.92,14762.0,276.0,180.0
LEC,4/7/2022,353.1,364.7,352.0,360.0,1.95,15890.0,276.0,180.0
LEC,4/11/2022,367.2,368.9,341.3,345.0,-4.17,26592.0,276.0,180.0
LEC,4/12/2022,341.1,344.0,333.5,335.5,-2.75,4260.0,276.0,180.0
LEC,4/13/2022,335.5,339.0,326.6,339.0,1.04,10725.0,276.0,180.0
LEC,4/17/2022,345.7,345.7,325.4,327.9,-3.27,8787.0,276.0,180.0
LEC,4/18/2022,321.4,329.0,312.1,316.0,-3.63,8556.0,276.0,180.0
LEC,4/19/2022,311.0,323.0,307.2,317.0,0.32,4927.0,276.0,180.0
LEC,4/20/2022,323.0,323.0,307.0,314.0,-0.95,1160.0,276.0,180.0
LEC,4/21/2022,315.0,315.0,297.0,307.0,-2.23,16403.0,276.0,180.0
LEC,4/24/2022,312.0,331.0,301.2,327.4,6.64,11207.0,276.0,180.0
LEC,4/25/2022,328.0,339.0,316.0,328.0,0.18,10587.0,276.0,180.0
LEC,4/26/2022,322.0,331.0,316.0,323.0,-1.52,3226.0,276.0,180.0
LEC,4/27/2022,317.0,326.0,305.1,326.0,0.93,7939.0,276.0,180.0
LEC,4/28/2022,331.0,331.0,317.0,329.0,0.92,5169.0,276.0,180.0
LEC,5/2/2022,322.5,322.5,305.8,307.0,-6.69,12965.0,276.0,180.0
LEC,5/4/2022,301.3,313.0,289.2,301.0,-1.95,10916.0,276.0,180.0
LEC,5/5/2022,296.0,298.0,277.6,283.0,-5.98,9225.0,276.0,180.0
LEC,5/8/2022,280.0,288.9,268.1,288.9,2.08,8690.0,276.0,180.0
LEC,5/9/2022,289.0,294.0,277.6,290.0,0.38,9260.0,276.0,180.0
LEC,5/10/2022,286.0,314.0,286.0,313.0,7.93,12791.0,276.0,180.0
LEC,5/11/2022,319.0,331.0,303.8,328.9,5.08,25129.0,276.0,180.0
LEC,5/12/2022,335.0,335.4,317.0,330.0,0.33,10358.0,276.0,180.0
LEC,5/17/2022,330.0,330.0,298.0,300.0,-9.09,18488.0,276.0,180.0
LEC,5/18/2022,295.0,311.1,293.0,307.0,2.33,9310.0,276.0,180.0
LEC,5/19/2022,313.1,314.0,297.0,310.0,0.98,4061.0,276.0,180.0
LEC,5/20/2022,304.0,315.0,294.0,305.0,-1.61,6700.0,276.0,180.0
LEC,5/23/2022,300.0,305.0,285.4,296.8,-2.69,20479.0,276.0,180.0
LEC,5/24/2022,290.9,299.0,290.9,296.0,-0.27,10348.0,276.0,180.0
LEC,5/25/2022,301.9,301.9,294.0,294.0,-0.68,3025.0,276.0,180.0
LEC,5/26/2022,294.0,299.4,290.0,290.1,-1.33,3622.0,276.0,180.0
LEC,5/27/2022,295.9,295.9,280.1,281.1,-3.1,6820.0,276.0,180.0
LEC,5/30/2022,286.0,286.0,267.5,267.5,-4.84,9860.0,276.0,180.0
LEC,5/31/2022,267.0,273.5,260.0,260.0,-2.8,6102.0,276.0,180.0
LEC,6/1/2022,265.2,275.0,261.2,266.0,2.31,3328.0,276.0,180.0
LEC,6/2/2022,266.0,270.0,255.8,270.0,1.5,9480.0,276.0,180.0
LEC,6/3/2022,269.0,274.9,257.0,258.0,-4.44,4660.0,276.0,180.0
LEC,6/6/2022,263.1,268.0,254.6,259.0,0.39,5289.0,276.0,180.0
LEC,6/7/2022,255.0,255.0,249.0,249.0,-3.86,5770.0,276.0,180.0
LEC,6/8/2022,252.0,265.1,245.9,265.0,6.43,7190.0,276.0,180.0
LEC,6/9/2022,265.0,270.0,256.0,260.0,-1.89,2895.0,276.0,180.0
LEC,6/10/2022,265.0,268.0,251.9,265.0,1.92,3236.0,276.0,180.0
LEC,6/13/2022,261.0,264.9,254.0,255.0,-3.77,3560.0,276.0,180.0
LEC,6/14/2022,253.7,254.0,244.0,246.0,-3.53,4010.0,276.0,180.0
LEC,6/15/2022,241.1,250.9,231.8,245.8,-0.08,6542.0,276.0,180.0
LEC,6/16/2022,249.0,258.9,230.0,258.8,5.29,11440.0,276.0,180.0
LEC,6/17/2022,253.7,253.7,244.1,249.9,-3.44,3853.0,276.0,180.0
LEC,6/19/2022,254.8,254.8,233.0,241.0,-3.56,5635.0,276.0,180.0
LEC,6/20/2022,236.2,236.2,216.9,221.1,-8.26,11237.0,276.0,180.0
LEC,6/21/2022,220.0,234.6,219.0,228.0,3.12,3367.0,276.0,180.0
LEC,6/22/2022,228.0,230.0,216.9,228.0,0.0,1046.0,276.0,180.0
LEC,6/23/2022,223.5,232.0,205.2,207.0,-9.21,13045.0,276.0,180.0
LEC,6/24/2022,204.0,224.7,203.0,214.5,3.62,12555.0,276.0,180.0
LEC,6/26/2022,218.7,235.9,215.6,235.9,9.98,17405.0,276.0,180.0
LEC,6/27/2022,232.0,242.0,222.2,227.0,-3.77,8204.0,276.0,180.0
LEC,6/28/2022,223.0,224.8,218.0,224.8,-0.97,7907.0,276.0,180.0
LEC,6/29/2022,228.0,236.0,223.5,236.0,4.98,5179.0,276.0,180.0
LEC,6/30/2022,240.0,250.0,231.0,249.9,5.89,15306.0,276.0,180.0
LEC,7/1/2022,245.1,259.9,241.0,253.0,1.24,3485.0,276.0,180.0
LEC,7/3/2022,251.0,264.0,246.0,264.0,4.35,14564.0,276.0,180.0
LEC,7/4/2022,259.0,275.4,251.0,260.0,-1.52,27152.0,276.0,180.0
LEC,7/5/2022,255.0,264.0,246.0,255.0,-1.92,16407.0,276.0,180.0
LEC,7/6/2022,249.9,260.0,241.1,260.0,1.96,11205.0,276.0,180.0
LEC,7/7/2022,265.0,265.0,247.0,247.0,-5.0,8031.0,276.0,180.0
LEC,7/8/2022,243.1,247.1,237.0,239.0,-3.24,8491.0,276.0,180.0
LEC,7/11/2022,234.7,235.0,225.0,230.0,-3.77,12272.0,276.0,180.0
LEC,7/12/2022,230.0,242.0,222.0,238.0,3.48,4304.0,276.0,180.0
LEC,7/13/2022,235.0,252.9,235.0,252.9,6.26,17909.0,276.0,180.0
LEC,7/14/2022,255.0,255.0,243.1,250.0,-1.15,7554.0,276.0,180.0
LEC,7/15/2022,245.0,249.9,241.0,249.8,-0.08,2735.0,276.0,180.0
LEC,7/17/2022,250.0,255.0,240.0,255.0,2.08,5550.0,276.0,180.0
LEC,7/18/2022,260.0,260.0,244.0,253.0,-0.78,4206.0,276.0,180.0
LEC,7/19/2022,258.0,259.0,248.0,248.1,-1.94,15045.0,276.0,180.0
LEC,7/20/2022,243.4,255.0,243.4,255.0,2.78,10905.0,276.0,180.0
LEC,7/21/2022,258.0,258.0,248.0,248.0,-2.75,7089.0,276.0,180.0
LEC,7/22/2022,244.0,251.0,239.2,249.0,0.4,3400.0,276.0,180.0
LEC,7/24/2022,245.1,260.0,245.0,258.9,3.98,11871.0,276.0,180.0
LEC,7/25/2022,259.0,275.0,255.0,266.1,2.78,18582.0,276.0,180.0
LEC,7/26/2022,270.0,275.4,257.0,257.0,-3.42,12719.0,276.0,180.0
LEC,7/27/2022,252.0,278.0,252.0,278.0,8.17,29632.0,276.0,180.0
LEC,7/28/2022,283.0,285.0,274.0,280.0,0.72,20403.0,276.0,180.0
LEC,7/29/2022,285.6,285.6,273.0,273.0,-2.5,5075.0,276.0,180.0
LEC,7/31/2022,278.0,294.9,278.0,284.9,4.36,28548.0,276.0,180.0
LEC,8/1/2022,280.0,300.0,275.1,286.0,0.39,23835.0,276.0,180.0
LEC,8/2/2022,290.0,294.8,279.3,291.0,1.75,13755.0,276.0,180.0
LEC,8/3/2022,285.2,303.0,285.0,302.9,4.09,32034.0,276.0,180.0
LEC,8/4/2022,302.0,302.0,285.0,292.0,-3.6,20272.0,276.0,180.0
LEC,8/5/2022,286.2,289.0,280.0,288.0,-1.37,12709.0,276.0,180.0
LEC,8/7/2022,288.0,289.0,282.5,286.0,-0.69,7443.0,276.0,180.0
LEC,8/8/2022,290.0,291.6,278.1,280.0,-2.1,7178.0,276.0,180.0
LEC,8/9/2022,274.4,279.0,264.6,276.3,-1.32,21715.0,276.0,180.0
LEC,8/10/2022,271.0,275.0,260.9,269.0,-2.64,6670.0,276.0,180.0
LEC,8/11/2022,264.0,273.0,257.0,267.0,-0.74,5772.0,276.0,180.0
LEC,8/14/2022,261.7,265.0,255.0,255.3,-4.38,8140.0,276.0,180.0
LEC,8/15/2022,251.1,269.0,251.1,269.0,5.37,7370.0,276.0,180.0
LEC,8/16/2022,269.1,274.0,255.1,260.0,-3.35,9608.0,276.0,180.0
LEC,8/17/2022,254.8,267.6,254.8,265.0,1.92,4090.0,276.0,180.0
LEC,8/18/2022,265.0,275.2,261.0,274.8,3.7,21630.0,276.0,180.0
LEC,8/21/2022,280.2,285.0,265.0,273.0,-0.66,15295.0,276.0,180.0
LEC,8/22/2022,267.6,270.0,264.7,268.9,-1.5,2171.0,276.0,180.0
LEC,8/23/2022,269.0,275.0,265.0,275.0,2.27,10662.0,276.0,180.0
LEC,8/24/2022,270.0,280.0,270.0,278.0,1.09,11280.0,276.0,180.0
LEC,8/25/2022,273.0,278.9,267.0,278.0,0.0,6923.0,276.0,180.0
LEC,8/26/2022,272.5,272.5,263.4,267.9,-3.63,1995.0,276.0,180.0
LEC,8/28/2022,262.6,262.6,241.2,254.9,-4.85,31810.0,276.0,180.0
LEC,8/29/2022,250.0,259.7,246.0,255.0,0.04,7310.0,276.0,180.0
LEC,8/30/2022,250.0,258.3,245.0,252.9,-0.82,5512.0,276.0,180.0
LEC,8/31/2022,248.0,255.0,240.0,254.0,0.43,10766.0,276.0,180.0
LEC,9/1/2022,249.0,263.6,239.3,263.6,3.78,4490.0,276.0,180.0
LEC,9/2/2022,258.4,258.4,249.5,257.0,-2.5,2800.0,276.0,180.0
LEC,9/4/2022,253.0,257.0,249.0,254.7,-0.89,2730.0,276.0,180.0
LEC,9/5/2022,257.0,257.0,243.0,249.7,-1.96,4470.0,276.0,180.0
LEC,9/6/2022,245.0,245.0,235.0,244.8,-1.96,15170.0,276.0,180.0
LEC,9/7/2022,249.5,249.5,233.0,244.8,0.0,4000.0,276.0,180.0
LEC,9/8/2022,243.0,246.0,235.0,241.9,-1.18,4755.0,276.0,180.0
LEC,9/11/2022,238.0,241.0,235.0,239.0,-1.2,2875.0,276.0,180.0
LEC,9/12/2022,239.1,240.0,231.1,233.0,-2.51,1464.0,276.0,180.0
LEC,9/13/2022,231.0,240.0,231.0,238.0,2.15,11334.0,276.0,180.0
LEC,9/14/2022,242.7,261.0,238.1,257.8,8.32,8761.0,276.0,180.0
LEC,9/15/2022,260.0,262.0,237.1,240.0,-6.9,15571.0,276.0,180.0
LEC,9/16/2022,236.0,242.7,235.2,242.7,1.12,1820.0,276.0,180.0
LEC,9/18/2022,237.9,237.9,222.1,228.0,-6.06,7475.0,276.0,180.0
LEC,9/20/2022,225.0,225.0,215.0,216.0,-5.26,9590.0,276.0,180.0
LEC,9/21/2022,220.3,225.0,216.0,224.2,3.8,8060.0,276.0,180.0
LEC,9/22/2022,224.0,227.0,216.0,225.0,0.36,2695.0,276.0,180.0
LEC,9/25/2022,220.5,223.0,214.0,219.0,-2.67,900.0,276.0,180.0
LEC,9/27/2022,223.3,225.0,211.0,225.0,2.74,8209.0,276.0,180.0
LEC,9/28/2022,222.0,222.0,215.9,219.9,-2.27,1985.0,276.0,180.0
LEC,9/29/2022,221.0,224.4,218.6,224.4,2.05,3099.0,276.0,180.0
LEC,10/9/2022,228.8,228.8,218.1,228.8,1.96,3230.0,276.0,180.0
LEC,10/10/2022,233.0,233.0,220.0,227.0,-0.79,4846.0,276.0,180.0
LEC,10/11/2022,223.0,226.0,218.6,224.4,-1.15,5290.0,276.0,180.0
LEC,10/12/2022,220.1,229.5,216.0,227.0,1.16,4291.0,276.0,180.0
LEC,10/13/2022,223.0,225.0,219.4,224.4,-1.15,2897.0,276.0,180.0
LEC,10/16/2022,221.0,222.0,216.6,220.0,-1.96,2578.0,276.0,180.0
LEC,10/17/2022,215.8,219.0,206.9,216.9,-1.41,16680.0,276.0,180.0
LEC,10/19/2022,213.0,213.0,208.3,211.9,-2.31,6295.0,276.0,180.0
LEC,10/20/2022,208.0,212.0,205.0,210.9,-0.47,1440.0,276.0,180.0
LEC,10/23/2022,207.0,214.1,207.0,212.5,0.76,1850.0,276.0,180.0
LEC,10/31/2022,208.3,212.0,205.2,212.0,-0.24,2530.0,276.0,180.0
LEC,11/1/2022,216.2,218.3,209.0,218.3,2.97,5035.0,276.0,180.0
LEC,11/2/2022,222.0,229.0,219.0,227.0,3.99,12665.0,276.0,180.0
LEC,11/3/2022,226.0,230.0,221.0,225.5,-0.66,4579.0,276.0,180.0
LEC,11/6/2022,225.0,230.3,221.0,230.2,2.08,4190.0,276.0,180.0
LEC,11/7/2022,232.0,237.5,222.1,225.0,-2.26,10070.0,276.0,180.0
LEC,11/8/2022,221.1,229.0,221.1,222.5,-1.11,2414.0,276.0,180.0
LEC,11/9/2022,223.0,227.4,211.1,217.0,-2.47,6385.0,276.0,180.0
LEC,11/10/2022,217.0,218.5,207.0,209.4,-3.5,8663.0,276.0,180.0
LEC,11/13/2022,213.5,214.0,205.5,210.0,0.29,4305.0,276.0,180.0
LEC,11/14/2022,207.0,226.0,207.0,224.0,6.67,4661.0,276.0,180.0
LEC,11/15/2022,219.6,223.0,215.0,222.0,-0.89,2520.0,276.0,180.0
LEC,11/16/2022,220.0,220.0,215.2,219.0,-1.35,2646.0,276.0,180.0
LEC,11/17/2022,223.2,225.5,217.5,223.0,1.83,16301.0,276.0,180.0
LEC,11/22/2022,227.4,227.4,218.0,223.0,0.0,5881.0,276.0,180.0
LEC,11/23/2022,220.0,220.0,215.7,218.0,-2.24,1038.0,276.0,180.0
LEC,11/24/2022,215.0,224.6,214.1,224.0,2.75,3266.0,276.0,180.0
LEC,11/27/2022,219.6,227.7,216.0,227.0,1.34,5184.0,276.0,180.0
LEC,11/28/2022,231.0,231.0,222.3,227.5,0.22,4193.0,276.0,180.0
LEC,11/29/2022,223.0,226.2,218.7,226.0,-0.66,6625.0,276.0,180.0
LEC,11/30/2022,230.5,230.5,218.0,221.4,-2.04,220.0,276.0,180.0
LEC,12/1/2022,217.0,225.0,215.0,222.8,0.63,1085.0,276.0,180.0
LEC,12/4/2022,221.9,227.0,219.6,223.8,0.45,6913.0,276.0,180.0
LEC,12/5/2022,220.1,220.1,212.0,213.1,-4.78,2752.0,276.0,180.0
LEC,12/6/2022,213.1,220.3,210.3,216.0,1.36,7977.0,276.0,180.0
LEC,12/7/2022,215.0,216.0,213.0,216.0,0.0,1748.0,276.0,180.0
LEC,12/11/2022,211.9,220.0,211.8,215.0,-0.46,2479.0,276.0,180.0
LEC,12/12/2022,210.7,223.9,208.1,220.0,2.33,2624.0,276.0,180.0
LEC,12/13/2022,217.0,224.0,216.0,222.9,1.32,1400.0,276.0,180.0
LEC,12/14/2022,220.0,225.0,218.6,221.0,-0.85,2770.0,276.0,180.0
LEC,12/15/2022,217.0,220.0,210.0,215.0,-2.71,3180.0,276.0,180.0
LEC,12/18/2022,211.5,214.0,206.0,214.0,-0.47,9851.0,276.0,180.0
LEC,12/19/2022,212.0,217.2,207.8,217.2,1.5,1395.0,276.0,180.0
LEC,12/20/2022,215.0,219.0,210.0,212.0,-2.39,2580.0,276.0,180.0
LEC,12/21/2022,212.0,212.0,205.0,207.8,-1.98,6336.0,276.0,180.0
LEC,12/22/2022,203.8,211.0,203.8,208.0,0.1,1880.0,276.0,180.0
LEC,12/26/2022,212.1,219.5,210.0,218.0,4.81,7889.0,276.0,180.0
LEC,12/27/2022,220.0,231.0,217.9,222.4,2.02,23805.0,276.0,180.0
LEC,12/28/2022,223.5,230.0,219.1,227.8,2.43,12930.0,276.0,180.0
LEC,12/29/2022,232.3,238.0,221.0,238.0,4.48,20038.0,276.0,180.0
LEC,1/1/2023,242.7,244.0,231.5,237.9,-0.04,31611.0,276.0,180.0
LEC,1/2/2023,233.2,241.0,230.1,240.9,1.26,13673.0,276.0,180.0
LEC,1/3/2023,242.0,243.1,235.3,240.0,-0.37,9065.0,276.0,180.0
LEC,1/4/2023,237.0,249.9,237.0,249.5,3.96,35455.0,276.0,180.0
LEC,1/5/2023,254.0,259.0,247.0,251.0,0.6,26815.0,276.0,180.0
LEC,1/8/2023,251.0,263.0,247.0,257.0,2.39,24279.0,276.0,180.0
LEC,1/9/2023,260.0,274.0,253.1,267.0,3.89,32683.0,276.0,180.0
LEC,1/10/2023,272.3,293.7,270.5,278.0,4.12,111795.0,276.0,180.0
LEC,1/12/2023,282.0,294.7,276.0,280.0,0.72,57231.0,276.0,180.0
LEC,1/17/2023,285.0,296.0,281.1,294.0,5.0,35823.0,276.0,180.0
LEC,1/18/2023,299.8,303.0,285.0,293.5,-0.17,37641.0,276.0,180.0
LEC,1/19/2023,295.0,318.0,274.1,306.0,4.26,67253.0,276.0,180.0
LEC,1/23/2023,300.0,306.0,284.0,284.0,-7.19,49821.0,276.0,180.0
LEC,1/24/2023,281.0,292.0,276.0,292.0,2.82,23379.0,276.0,180.0
LEC,1/25/2023,295.0,306.0,289.1,302.8,3.7,55755.0,276.0,180.0
LEC,1/26/2023,305.0,307.0,297.0,304.9,0.69,26649.0,276.0,180.0
LEC,1/29/2023,300.0,303.0,290.0,296.0,-2.92,28402.0,276.0,180.0
LEC,1/30/2023,291.1,295.9,280.0,282.0,-4.73,16345.0,276.0,180.0
LEC,1/31/2023,287.0,293.3,277.4,288.0,2.13,21389.0,276.0,180.0
LEC,2/1/2023,293.0,293.0,279.5,283.0,-1.74,5979.0,276.0,180.0
LEC,2/2/2023,278.0,288.0,270.0,276.4,-2.33,16520.0,276.0,180.0
LEC,2/5/2023,281.9,281.9,272.8,275.0,-0.51,10135.0,276.0,180.0
LEC,2/6/2023,269.5,282.2,269.5,278.0,1.09,8374.0,276.0,180.0
LEC,2/7/2023,282.0,291.7,278.0,291.7,4.93,39844.0,276.0,180.0
LEC,2/8/2023,297.0,302.0,287.2,290.0,-0.58,18822.0,276.0,180.0
LEC,2/9/2023,292.0,294.9,285.2,291.0,0.34,15941.0,276.0,180.0
LEC,2/12/2023,285.2,285.2,273.0,278.0,-4.47,20664.0,276.0,180.0
LEC,2/14/2023,275.0,283.0,271.0,272.0,-2.16,7009.0,276.0,180.0
LEC,2/15/2023,267.0,283.2,267.0,274.0,0.74,9427.0,276.0,180.0
LEC,2/16/2023,272.0,278.0,263.0,263.0,-4.01,16255.0,276.0,180.0
LEC,2/20/2023,268.2,273.0,261.0,262.3,-0.27,8963.0,276.0,180.0
LEC,2/22/2023,263.1,288.5,262.2,288.0,9.8,30442.0,276.0,180.0
LEC,2/23/2023,285.0,285.0,274.1,278.0,-3.47,10683.0,276.0,180.0
LEC,2/26/2023,272.5,283.0,267.3,282.8,1.73,9199.0,276.0,180.0
LEC,2/27/2023,288.0,288.0,268.1,284.0,0.42,10459.0,276.0,180.0
LEC,2/28/2023,278.4,292.3,278.4,288.6,1.62,21058.0,276.0,180.0
LEC,3/1/2023,294.0,303.0,283.0,289.0,0.14,17857.0,276.0,180.0
LEC,3/2/2023,291.0,291.0,273.6,280.0,-3.11,20978.0,276.0,180.0
LEC,3/5/2023,274.4,275.0,266.0,275.0,-1.79,9576.0,276.0,180.0
LEC,3/7/2023,269.5,280.0,269.5,280.0,1.82,5282.0,276.0,180.0
LEC,3/9/2023,276.0,289.0,276.0,289.0,3.21,13960.0,276.0,180.0
LEC,3/12/2023,293.0,297.6,280.0,283.7,-1.83,8029.0,276.0,180.0
LEC,3/13/2023,278.1,289.0,273.1,280.0,-1.3,4968.0,276.0,180.0
LEC,3/14/2023,275.1,291.3,272.6,290.0,3.57,20518.0,276.0,180.0
LEC,3/15/2023,284.2,285.0,273.3,281.0,-3.1,5381.0,276.0,180.0
LEC,3/16/2023,275.5,296.0,270.3,295.0,4.98,11495.0,276.0,180.0
LEC,3/19/2023,289.1,289.1,280.0,287.0,-2.71,9331.0,276.0,180.0
LEC,3/20/2023,282.0,289.8,281.0,285.5,-0.52,7544.0,276.0,180.0
LEC,3/22/2023,282.0,295.0,277.5,282.0,-1.23,13065.0,276.0,180.0
LEC,3/23/2023,276.4,294.0,266.8,294.0,4.26,34255.0,276.0,180.0
LEC,3/26/2023,299.8,299.8,271.4,274.0,-6.8,15198.0,276.0,180.0
LEC,3/27/2023,270.0,275.4,266.0,271.9,-0.77,7855.0,276.0,180.0
LEC,3/28/2023,277.3,280.0,271.2,275.0,1.14,10996.0,276.0,180.0
LEC,3/29/2023,270.0,277.0,270.0,275.0,0.0,3491.0,276.0,180.0
LEC,3/30/2023,276.0,277.9,265.6,266.6,-3.05,16624.0,276.0,180.0
LEC,4/2/2023,271.9,277.0,258.0,263.4,-1.2,9736.0,276.0,180.0
LEC,4/3/2023,258.4,267.8,257.0,263.0,-0.15,4159.0,276.0,180.0
LEC,4/4/2023,258.1,266.0,257.0,264.0,0.38,5281.0,276.0,180.0
LEC,4/5/2023,264.0,268.5,258.0,260.0,-1.52,5805.0,276.0,180.0
LEC,4/6/2023,265.2,265.2,253.4,257.8,-0.85,9930.0,276.0,180.0
LEC,4/9/2023,260.0,260.0,247.0,252.0,-2.25,12902.0,276.0,180.0
LEC,4/10/2023,252.0,260.0,250.6,259.0,2.78,8096.0,276.0,180.0
LEC,4/11/2023,254.1,266.2,254.1,265.0,2.32,6060.0,276.0,180.0
LEC,4/12/2023,270.3,279.7,266.0,279.7,5.55,17379.0,276.0,180.0
LEC,4/13/2023,285.0,285.0,267.0,270.0,-3.47,11799.0,276.0,180.0
LEC,4/16/2023,265.1,275.2,265.0,275.2,1.93,2935.0,276.0,180.0
LEC,4/17/2023,270.0,274.9,267.5,271.0,-1.53,7108.0,276.0,180.0
LEC,4/18/2023,266.0,273.8,263.7,272.9,0.7,3817.0,276.0,180.0
LEC,4/19/2023,269.0,273.0,269.0,272.5,-0.15,4754.0,276.0,180.0
LEC,4/20/2023,274.9,274.9,267.1,270.0,-0.92,11850.0,276.0,180.0
LEC,4/23/2023,265.0,269.9,262.0,263.0,-2.59,5369.0,276.0,180.0
LEC,4/24/2023,258.3,265.0,257.8,262.9,-0.04,3874.0,276.0,180.0
LEC,4/25/2023,258.3,264.9,254.3,260.0,-1.1,7824.0,276.0,180.0
LEC,4/26/2023,265.0,265.0,256.1,259.5,-0.19,5004.0,276.0,180.0
LEC,4/27/2023,256.0,260.7,250.9,250.9,-3.31,9264.0,276.0,180.0
LEC,4/30/2023,250.0,255.0,241.2,250.0,-0.36,9716.0,276.0,180.0
LEC,5/2/2023,245.0,256.0,242.0,248.0,-0.8,7006.0,276.0,180.0
LEC,5/3/2023,252.9,256.0,236.5,244.6,-1.37,2381.0,276.0,180.0
LEC,5/4/2023,240.0,250.9,239.8,250.9,2.58,3643.0,276.0,180.0
LEC,5/7/2023,245.9,245.9,240.1,240.1,-4.3,1940.0,276.0,180.0
LEC,5/8/2023,236.5,240.0,231.0,235.6,-1.87,4469.0,276.0,180.0
LEC,5/9/2023,240.3,246.0,232.0,244.0,3.57,2493.0,276.0,180.0
LEC,5/10/2023,239.2,247.0,237.2,246.9,1.19,1886.0,276.0,180.0
LEC,5/11/2023,243.0,250.6,233.7,248.0,0.45,2660.0,276.0,180.0
LEC,5/14/2023,246.1,246.1,234.5,244.5,-1.41,5923.0,276.0,180.0
LEC,5/15/2023,239.7,246.0,234.4,245.0,0.2,1407.0,276.0,180.0
LEC,5/16/2023,243.0,247.5,238.3,247.0,0.82,2875.0,276.0,180.0
LEC,5/17/2023,249.6,250.0,243.0,249.9,1.17,4136.0,276.0,180.0
LEC,5/18/2023,245.5,255.0,245.5,254.0,1.64,10088.0,276.0,180.0
LEC,5/21/2023,259.0,259.0,248.0,253.0,-0.39,15497.0,276.0,180.0
LEC,5/22/2023,248.0,258.0,245.0,253.9,0.36,5792.0,276.0,180.0
LEC,5/23/2023,258.3,260.0,253.0,259.8,2.32,8122.0,276.0,180.0
LEC,5/24/2023,263.0,263.0,243.4,252.0,-3.0,27452.0,276.0,180.0
LEC,5/28/2023,257.0,262.0,246.0,252.0,0.0,14704.0,276.0,180.0
LEC,5/30/2023,257.0,257.0,235.9,243.5,-3.37,12730.0,276.0,180.0
LEC,5/31/2023,246.8,246.8,231.3,234.9,-3.53,7329.0,276.0,180.0
LEC,6/1/2023,239.5,244.0,234.5,240.0,2.17,4142.0,276.0,180.0
LEC,6/4/2023,244.0,258.0,235.2,243.0,1.25,3853.0,276.0,180.0
LEC,6/5/2023,247.8,252.3,235.0,240.0,-1.23,16050.0,276.0,180.0
LEC,6/6/2023,235.2,249.9,235.1,249.9,4.13,15992.0,276.0,180.0
LEC,6/7/2023,254.0,258.8,243.2,250.6,0.28,22375.0,276.0,180.0
LEC,6/8/2023,245.6,253.0,241.1,250.0,-0.24,10421.0,276.0,180.0
LEC,6/11/2023,255.0,258.0,249.2,257.0,2.8,11838.0,276.0,180.0
LEC,6/12/2023,261.0,261.0,250.0,255.0,-0.78,8593.0,276.0,180.0
LEC,6/13/2023,259.0,259.0,250.1,258.4,1.33,20938.0,276.0,180.0
LEC,6/14/2023,262.0,266.2,252.2,264.9,2.52,55743.0,276.0,180.0
LEC,6/15/2023,260.0,264.0,255.4,260.0,-1.85,20876.0,276.0,180.0
LEC,6/18/2023,265.0,265.1,257.4,263.0,1.15,22849.0,276.0,180.0
LEC,6/19/2023,260.0,265.0,255.1,260.0,-1.14,14282.0,276.0,180.0
LEC,6/20/2023,261.0,265.2,250.0,254.9,-1.96,7359.0,276.0,180.0
LEC,6/21/2023,250.1,254.7,245.0,247.6,-2.86,21479.0,276.0,180.0
LEC,6/22/2023,243.0,255.0,243.0,243.0,-1.86,15209.0,276.0,180.0
LEC,6/25/2023,243.0,260.0,240.0,249.0,2.47,10945.0,276.0,180.0
LEC,6/26/2023,245.2,255.0,245.0,249.0,0.0,26889.0,276.0,180.0
LEC,6/27/2023,253.9,260.0,245.0,256.0,2.81,16311.0,276.0,180.0
LEC,6/28/2023,252.0,261.1,247.0,261.1,1.99,17729.0,276.0,180.0
LEC,7/2/2023,260.0,260.0,246.0,251.0,-3.87,10126.0,276.0,180.0
LEC,7/3/2023,246.1,251.0,243.0,244.0,-2.79,10560.0,276.0,180.0
LEC,7/4/2023,242.3,245.0,241.0,245.0,0.41,3280.0,276.0,180.0
LEC,7/5/2023,241.0,241.0,235.7,239.9,-2.08,4252.0,276.0,180.0
LEC,7/6/2023,235.2,248.8,230.7,246.9,2.92,3924.0,276.0,180.0
LEC,7/9/2023,243.0,247.8,236.4,238.0,-3.6,6471.0,276.0,180.0
LEC,7/10/2023,240.0,240.0,227.1,227.1,-4.58,12825.0,276.0,180.0
LEC,7/11/2023,231.0,249.0,225.0,249.0,9.64,12085.0,276.0,180.0
LEC,7/12/2023,253.9,269.2,230.0,269.2,8.11,26903.0,276.0,180.0
LEC,7/13/2023,265.0,265.0,248.0,260.0,-3.42,33282.0,276.0,180.0
LEC,7/16/2023,255.0,258.0,244.5,244.5,-5.96,8415.0,276.0,180.0
LEC,7/17/2023,240.6,248.9,240.6,247.9,1.39,6130.0,276.0,180.0
LEC,7/18/2023,252.8,268.1,233.4,245.0,-1.17,6013.0,276.0,180.0
LEC,7/19/2023,249.9,259.7,235.3,238.1,-2.82,14339.0,276.0,180.0
LEC,7/20/2023,242.8,261.9,235.1,261.9,10.0,12040.0,276.0,180.0
LEC,7/23/2023,256.7,288.0,242.1,288.0,9.97,46958.0,276.0,180.0
LEC,7/24/2023,293.7,293.7,266.2,270.0,-6.25,56217.0,276.0,180.0
LEC,7/25/2023,266.0,270.0,255.8,260.0,-3.7,30631.0,276.0,180.0
LEC,7/26/2023,259.0,260.0,250.0,253.0,-2.69,20266.0,276.0,180.0
LEC,7/27/2023,248.4,258.0,242.4,243.0,-3.95,21604.0,276.0,180.0
LEC,7/30/2023,240.0,248.8,240.0,244.9,0.78,15806.0,276.0,180.0
LEC,7/31/2023,242.1,253.0,240.1,240.3,-1.88,10472.0,276.0,180.0
LEC,8/1/2023,238.0,246.8,234.0,237.3,-1.25,12748.0,276.0,180.0
LEC,8/2/2023,234.0,241.8,234.0,235.0,-0.97,12282.0,276.0,180.0
LEC,8/3/2023,239.7,244.4,231.0,235.0,0.0,11077.0,276.0,180.0
LEC,8/6/2023,235.0,239.7,231.0,236.5,0.64,12301.0,276.0,180.0
LEC,8/7/2023,233.0,240.0,233.0,234.0,-1.06,5193.0,276.0,180.0
LEC,8/8/2023,232.0,233.0,224.5,225.0,-3.85,24291.0,276.0,180.0
LEC,8/9/2023,225.0,233.9,220.5,231.0,2.67,8761.0,276.0,180.0
LEC,8/10/2023,226.5,247.6,226.5,239.0,3.46,6282.0,276.0,180.0
LEC,8/13/2023,234.4,253.4,231.1,238.6,-0.17,3679.0,276.0,180.0
LEC,8/14/2023,234.0,243.2,230.5,234.0,-1.93,1847.0,276.0,180.0
LEC,8/15/2023,230.0,233.0,227.1,231.0,-1.28,5750.0,276.0,180.0
LEC,8/16/2023,226.4,233.3,221.9,226.9,-1.77,4661.0,276.0,180.0
LEC,8/17/2023,222.4,249.0,222.4,249.0,9.74,9851.0,276.0,180.0
LEC,8/20/2023,244.1,254.0,230.0,232.1,-6.79,7587.0,276.0,180.0
LEC,8/21/2023,230.0,241.4,225.6,230.0,-0.9,5835.0,276.0,180.0
LEC,8/22/2023,225.4,234.0,225.4,233.9,1.7,3601.0,276.0,180.0
LEC,8/23/2023,230.1,256.0,230.1,256.0,9.45,14311.0,276.0,180.0
LEC,8/24/2023,252.0,252.0,235.2,238.0,-7.03,13946.0,276.0,180.0
LEC,8/27/2023,233.3,234.0,222.5,223.0,-6.3,10749.0,276.0,180.0
LEC,8/28/2023,223.0,231.0,222.0,224.6,0.72,6330.0,276.0,180.0
LEC,8/29/2023,222.1,227.4,222.1,224.0,-0.27,6490.0,276.0,180.0
LEC,8/30/2023,219.6,235.8,219.6,225.0,0.45,7787.0,276.0,180.0
LEC,9/3/2023,220.5,220.5,202.5,202.5,-10.0,16803.0,276.0,180.0
LEC,9/4/2023,198.5,198.5,182.3,182.3,-9.98,20712.0,276.0,180.0
LEC,9/5/2023,178.7,178.7,164.1,164.1,-9.98,12548.0,276.0,180.0
LEC,9/7/2023,160.9,160.9,147.7,152.0,-7.37,406286.0,276.0,180.0
LEC,9/10/2023,155.0,155.0,149.0,149.0,-1.97,123377.0,276.0,180.0
LEC,9/11/2023,149.0,152.0,146.0,149.0,0.0,130694.0,276.0,180.0
LEC,9/12/2023,151.0,151.0,146.5,149.9,0.6,66704.0,276.0,180.0
LEC,9/13/2023,149.0,164.1,147.0,159.3,6.27,143681.0,276.0,180.0
LEC,9/17/2023,156.2,158.0,149.1,150.0,-5.84,75626.0,276.0,180.0
LEC,9/18/2023,148.0,155.0,147.0,153.0,2.0,103241.0,276.0,180.0
LEC,9/19/2023,156.0,158.3,151.0,158.0,3.27,106466.0,276.0,180.0
LEC,9/21/2023,160.0,171.6,159.2,170.0,7.59,210053.0,276.0,180.0
LEC,9/24/2023,171.0,181.0,165.0,168.9,-0.65,167984.0,276.0,180.0
LEC,9/25/2023,170.9,174.7,164.1,166.3,-1.54,80216.0,276.0,180.0
LEC,9/26/2023,169.0,179.2,169.0,171.0,2.83,150669.0,276.0,180.0
LEC,9/27/2023,174.0,174.0,165.0,166.1,-2.87,135240.0,276.0,180.0
LEC,10/1/2023,169.0,169.0,160.0,161.9,-2.53,98650.0,276.0,180.0
LEC,10/2/2023,160.0,164.9,159.4,164.9,1.85,92052.0,276.0,180.0
LEC,10/3/2023,168.0,168.0,160.0,160.5,-2.67,43835.0,276.0,180.0
LEC,10/4/2023,158.0,165.5,158.0,163.0,1.56,58093.0,276.0,180.0
LEC,10/5/2023,163.1,164.0,159.9,161.0,-1.23,47508.0,276.0,180.0
LEC,10/8/2023,163.0,163.0,154.0,155.1,-3.66,66506.0,276.0,180.0
LEC,10/9/2023,158.0,159.3,152.5,154.5,-0.39,34055.0,276.0,180.0
LEC,10/10/2023,157.0,158.0,152.0,154.0,-0.32,37032.0,276.0,180.0
LEC,10/11/2023,151.1,157.0,150.5,151.9,-1.36,44102.0,276.0,180.0
LEC,10/12/2023,153.0,153.7,150.5,151.1,-0.53,43035.0,276.0,180.0
LEC,10/16/2023,152.0,152.0,148.0,148.2,-1.92,40819.0,276.0,180.0
LEC,10/17/2023,148.0,157.9,148.0,151.1,1.96,43874.0,276.0,180.0
LEC,10/18/2023,148.1,156.9,148.1,153.0,1.26,58708.0,276.0,180.0
LEC,10/19/2023,151.1,153.9,149.5,151.0,-1.31,41951.0,276.0,180.0
LEC,10/29/2023,148.1,151.9,147.3,150.0,-0.66,43147.0,276.0,180.0
LEC,10/30/2023,150.0,150.0,146.6,149.9,-0.07,16457.0,276.0,180.0
LEC,10/31/2023,149.5,150.0,146.8,148.5,-0.93,20155.0,276.0,180.0
LEC,11/1/2023,146.1,150.0,145.7,147.0,-1.01,55381.0,276.0,180.0
LEC,11/2/2023,145.1,150.9,143.0,143.0,-2.72,30072.0,276.0,180.0
LEC,11/5/2023,140.2,143.1,140.0,141.0,-1.4,31357.0,276.0,180.0
LEC,11/6/2023,143.8,144.7,139.4,139.4,-1.13,44688.0,276.0,180.0
LEC,11/7/2023,142.0,144.0,138.5,138.6,-0.57,27038.0,276.0,180.0
LEC,11/8/2023,140.5,142.9,139.8,140.9,1.66,16356.0,276.0,180.0
LEC,11/9/2023,143.7,144.0,139.6,140.9,0.0,30219.0,276.0,180.0
LEC,11/20/2023,142.0,144.7,140.6,141.1,0.14,68881.0,276.0,180.0
LEC,11/21/2023,139.0,143.6,138.0,140.7,-0.28,110448.0,276.0,180.0
LEC,11/22/2023,143.4,146.3,139.1,146.0,3.77,63398.0,276.0,180.0
LEC,11/23/2023,143.2,157.0,140.3,151.0,3.42,136589.0,276.0,180.0
LEC,11/26/2023,151.0,158.0,148.5,152.9,1.26,147692.0,276.0,180.0
LEC,11/27/2023,153.0,153.8,147.0,150.8,-1.37,62726.0,276.0,180.0
LEC,11/28/2023,150.0,150.6,146.5,146.8,-2.65,33865.0,276.0,180.0
LEC,11/29/2023,148.0,148.3,145.0,145.0,-1.23,29435.0,276.0,180.0
LEC,11/30/2023,142.1,146.6,141.0,142.5,-1.72,67109.0,276.0,180.0
LEC,12/3/2023,139.7,142.9,139.7,141.5,-0.7,45499.0,276.0,180.0
LEC,12/4/2023,140.8,143.6,139.5,141.0,-0.35,30525.0,276.0,180.0
LEC,12/5/2023,139.0,147.0,139.0,145.0,2.84,114866.0,276.0,180.0
LEC,12/6/2023,145.0,148.0,141.0,145.0,0.0,39108.0,276.0,180.0
LEC,12/7/2023,146.0,148.0,143.0,147.0,1.38,31352.0,276.0,180.0
LEC,12/10/2023,144.1,158.1,144.1,156.0,6.12,21129.0,276.0,180.0
LEC,12/11/2023,159.0,164.0,148.0,154.5,-0.96,264774.0,276.0,180.0
LEC,12/12/2023,157.0,159.0,152.9,157.9,2.2,173304.0,276.0,180.0
LEC,12/13/2023,161.0,165.2,155.0,159.7,1.14,166086.0,276.0,180.0
LEC,12/14/2023,159.6,162.8,157.2,161.5,1.13,117723.0,276.0,180.0
LEC,12/17/2023,159.0,173.5,158.0,173.0,7.12,208697.0,276.0,180.0
LEC,12/18/2023,176.4,182.0,173.1,176.0,1.73,480770.0,276.0,180.0
LEC,12/19/2023,177.0,179.4,171.4,177.0,0.57,167056.0,276.0,180.0
LEC,12/20/2023,180.0,194.7,177.0,194.7,10.0,361195.0,276.0,180.0
LEC,12/21/2023,198.5,204.5,188.0,189.0,-2.93,279365.0,276.0,180.0
LEC,12/24/2023,189.0,194.0,178.0,181.0,-4.23,160514.0,276.0,180.0
LEC,12/27/2023,184.6,188.0,176.8,179.2,-0.99,205892.0,276.0,180.0
LEC,12/28/2023,182.7,185.0,175.0,178.0,-0.67,107953.0,276.0,180.0
LEC,1/1/2024,181.5,182.9,172.0,172.0,-3.37,126239.0,276.0,180.0
LEC,1/2/2024,175.0,177.0,168.4,176.0,2.33,231329.0,276.0,180.0
LEC,1/3/2024,179.5,190.0,179.0,184.0,4.55,180295.0,276.0,180.0
LEC,1/4/2024,187.6,191.2,181.0,182.7,-0.71,129259.0,276.0,180.0
LEC,1/7/2024,183.0,187.9,178.4,180.0,-1.48,163703.0,276.0,180.0
LEC,1/8/2024,183.6,185.0,179.0,183.9,2.17,118218.0,276.0,180.0
LEC,1/9/2024,185.3,191.5,184.0,184.0,0.05,253215.0,276.0,180.0
LEC,1/10/2024,187.6,187.6,180.4,182.0,-1.09,96988.0,276.0,180.0
LEC,1/11/2024,185.6,185.7,180.5,182.6,0.33,82285.0,276.0,180.0
LEC,1/14/2024,186.2,198.0,184.3,194.4,6.46,256713.0,276.0,180.0
LEC,1/16/2024,198.1,213.8,194.0,213.0,9.57,525615.0,276.0,180.0
LEC,1/17/2024,217.2,228.0,212.1,214.0,0.47,490682.0,276.0,180.0
LEC,1/18/2024,210.0,235.0,200.0,230.0,7.48,376033.0,276.0,180.0
LEC,1/21/2024,234.0,249.0,228.0,236.0,2.61,621967.0,276.0,180.0
LEC,1/22/2024,238.0,242.0,216.4,220.0,-6.78,265696.0,276.0,180.0
LEC,1/23/2024,220.0,225.9,216.6,218.0,-0.91,166284.0,276.0,180.0
LEC,1/24/2024,216.2,225.8,209.8,210.0,-3.67,182333.0,276.0,180.0
LEC,1/25/2024,210.0,218.2,205.8,211.0,0.48,134916.0,276.0,180.0
LEC,1/28/2024,215.0,224.0,206.0,220.0,4.27,231959.0,276.0,180.0
LEC,1/29/2024,224.4,224.4,216.0,216.0,-1.82,149880.0,276.0,180.0
LEC,1/30/2024,220.3,228.9,216.0,223.9,3.66,254881.0,276.0,180.0
LEC,1/31/2024,225.0,228.2,212.8,215.0,-3.97,183725.0,276.0,180.0
LEC,2/1/2024,211.5,215.2,210.0,210.5,-2.09,127564.0,276.0,180.0
LEC,2/4/2024,207.2,215.1,205.0,212.0,0.71,103014.0,276.0,180.0
LEC,2/5/2024,216.2,216.2,208.0,212.0,0.0,69359.0,276.0,180.0
LEC,2/6/2024,212.0,216.0,210.2,211.9,-0.05,46493.0,276.0,180.0
LEC,2/7/2024,215.8,217.1,211.5,214.0,0.99,91084.0,276.0,180.0
LEC,2/8/2024,211.2,222.0,211.0,218.0,1.87,125313.0,276.0,180.0
LEC,2/11/2024,217.0,220.0,213.5,215.0,-1.38,100900.0,276.0,180.0
LEC,2/12/2024,210.7,219.0,210.7,216.0,0.47,67093.0,276.0,180.0
LEC,2/13/2024,216.2,218.2,211.0,214.0,-0.93,125910.0,276.0,180.0
LEC,2/14/2024,211.1,215.0,211.0,212.5,-0.7,71511.0,276.0,180.0
LEC,2/15/2024,213.0,215.4,209.6,211.1,-0.66,66192.0,276.0,180.0
LEC,2/18/2024,211.0,214.7,207.0,208.0,-1.47,61931.0,276.0,180.0
LEC,2/20/2024,208.0,209.9,200.0,200.1,-3.8,87542.0,276.0,180.0
LEC,2/21/2024,204.0,208.0,195.0,195.5,-2.3,91886.0,276.0,180.0
LEC,2/22/2024,199.0,200.0,193.1,194.6,-0.46,124979.0,276.0,180.0
LEC,2/25/2024,194.6,198.0,185.0,187.4,-3.7,81059.0,276.0,180.0
LEC,2/26/2024,187.4,192.0,184.0,187.9,0.27,46613.0,276.0,180.0
LEC,2/27/2024,191.6,194.0,188.0,193.5,2.98,61163.0,276.0,180.0
LEC,2/28/2024,197.3,197.3,188.2,189.0,-2.33,33766.0,276.0,180.0
LEC,2/29/2024,192.7,192.7,180.4,181.0,-4.23,47682.0,276.0,180.0
LEC,3/3/2024,182.0,188.0,178.0,179.0,-1.1,66694.0,276.0,180.0
LEC,3/4/2024,182.5,189.8,182.5,189.8,6.03,40.0,276.0,180.0
LEC,3/5/2024,193.5,202.0,186.0,191.0,0.63,127803.0,276.0,180.0
LEC,3/6/2024,194.8,198.0,185.4,191.0,0.0,57263.0,276.0,180.0
LEC,3/7/2024,194.8,200.0,192.1,197.0,3.14,59186.0,276.0,180.0
LEC,3/10/2024,200.9,205.0,195.0,196.0,-0.51,49624.0,276.0,180.0
LEC,3/12/2024,199.9,203.0,196.2,198.7,1.38,44530.0,276.0,180.0
LEC,3/13/2024,202.6,204.0,195.2,197.0,-0.86,64533.0,276.0,180.0
LEC,3/14/2024,194.0,199.9,193.0,193.0,-2.03,29095.0,276.0,180.0
LEC,3/17/2024,196.0,196.8,187.3,189.9,-1.61,35922.0,276.0,180.0
LEC,3/18/2024,189.9,193.0,187.1,190.0,0.05,27342.0,276.0,180.0
LEC,3/19/2024,188.0,193.7,185.0,187.0,-1.58,42743.0,276.0,180.0
LEC,3/20/2024,189.9,192.0,187.1,188.0,0.53,26178.0,276.0,180.0
LEC,3/21/2024,190.1,190.1,184.5,185.0,-1.6,18585.0,276.0,180.0
LEC,3/25/2024,185.0,188.0,181.0,181.3,-2.0,26295.0,276.0,180.0
LEC,3/26/2024,180.0,188.0,180.0,187.4,3.36,46474.0,276.0,180.0
LEC,3/27/2024,190.9,190.9,182.2,185.0,-1.28,24960.0,276.0,180.0
LEC,3/28/2024,186.0,186.0,183.0,184.0,-0.54,17089.0,276.0,180.0
LEC,3/31/2024,185.0,186.0,181.3,183.0,-0.54,21799.0,276.0,180.0
LEC,4/1/2024,186.6,186.6,181.0,181.3,-0.93,24041.0,276.0,180.0
LEC,4/2/2024,184.9,187.0,180.0,180.4,-0.5,38938.0,276.0,180.0
LEC,4/3/2024,178.5,182.0,178.5,181.3,0.5,17718.0,276.0,180.0
LEC,4/4/2024,179.8,183.0,178.0,179.9,-0.77,38912.0,276.0,180.0
LEC,4/7/2024,180.0,187.2,177.0,182.2,1.28,52557.0,276.0,180.0
LEC,4/9/2024,185.8,187.6,180.0,185.0,1.54,56034.0,276.0,180.0
LEC,4/10/2024,188.0,200.0,184.3,192.9,4.27,90679.0,276.0,180.0
LEC,4/14/2024,192.0,195.8,189.0,192.0,-0.47,36523.0,276.0,180.0
LEC,4/15/2024,194.0,194.0,184.3,185.0,-3.65,25474.0,276.0,180.0
LEC,4/16/2024,183.4,186.5,181.7,186.5,0.81,32334.0,276.0,180.0
LEC,4/18/2024,188.7,190.0,179.4,188.0,0.8,23317.0,276.0,180.0
LEC,4/21/2024,189.0,191.0,180.0,187.6,-0.21,35497.0,276.0,180.0
LEC,4/22/2024,190.0,190.0,182.1,182.9,-2.51,27344.0,276.0,180.0
LEC,4/24/2024,181.1,186.4,180.4,182.1,-0.44,8416.0,276.0,180.0
LEC,4/25/2024,180.2,185.0,179.1,181.0,-0.6,39372.0,276.0,180.0
LEC,4/28/2024,181.5,185.0,181.1,185.0,2.21,24732.0,276.0,180.0
LEC,4/29/2024,182.0,184.9,181.5,182.0,-1.62,22111.0,276.0,180.0
LEC,4/30/2024,182.0,197.6,180.7,186.0,2.2,56985.0,276.0,180.0
LEC,5/2/2024,189.0,189.0,181.6,182.2,-2.04,32100.0,276.0,180.0
LEC,5/5/2024,182.2,182.9,178.7,180.0,-1.21,33674.0,276.0,180.0
LEC,5/6/2024,179.0,182.4,177.0,181.0,0.56,11643.0,276.0,180.0
LEC,5/7/2024,180.0,183.0,178.0,180.0,-0.55,20585.0,276.0,180.0
LEC,5/8/2024,177.2,182.4,177.2,177.7,-1.28,11289.0,276.0,180.0
LEC,5/9/2024,177.0,179.9,176.5,178.0,0.17,23004.0,276.0,180.0
LEC,5/12/2024,181.0,181.0,177.1,179.0,0.56,21854.0,276.0,180.0
LEC,5/13/2024,177.0,180.9,177.0,178.0,-0.56,25809.0,276.0,180.0
LEC,5/14/2024,176.0,186.6,176.0,186.0,4.49,64382.0,276.0,180.0
LEC,5/15/2024,189.6,189.6,183.0,183.0,-1.61,35482.0,276.0,180.0
LEC,5/16/2024,183.0,185.0,179.5,182.3,-0.38,45981.0,276.0,180.0
LEC,5/19/2024,184.9,189.6,179.0,182.6,0.16,26706.0,276.0,180.0
LEC,5/20/2024,181.2,189.2,181.2,184.0,0.77,82114.0,276.0,180.0
LEC,5/21/2024,187.6,191.0,184.0,190.0,3.26,46739.0,276.0,180.0
LEC,5/22/2024,186.2,193.0,186.2,189.0,-0.53,58009.0,276.0,180.0
LEC,5/26/2024,186.5,188.0,184.0,186.5,-1.32,30254.0,276.0,180.0
LEC,5/27/2024,184.6,189.0,182.0,185.1,-0.75,48153.0,276.0,180.0
LEC,5/29/2024,187.0,188.6,183.0,184.0,-0.59,46494.0,276.0,180.0
LEC,5/30/2024,180.4,187.0,180.4,181.2,-1.52,32570.0,276.0,180.0
LEC,6/2/2024,180.9,184.5,178.5,180.3,-0.5,39471.0,276.0,180.0
LEC,6/3/2024,183.0,185.0,179.4,181.0,0.39,28200.0,276.0,180.0
LEC,6/4/2024,178.8,184.0,178.8,180.7,-0.17,33450.0,276.0,180.0
LEC,6/5/2024,179.1,180.0,178.8,179.2,-0.83,23698.0,276.0,180.0
LEC,6/6/2024,180.0,180.0,176.2,176.5,-1.51,32905.0,276.0,180.0
LEC,6/9/2024,177.0,179.7,176.2,177.8,0.74,32295.0,276.0,180.0
LEC,6/10/2024,181.0,181.0,178.0,178.2,0.22,35652.0,276.0,180.0
LEC,6/11/2024,181.0,186.0,180.0,185.5,4.1,69612.0,276.0,180.0
LEC,6/12/2024,183.0,190.0,182.5,184.7,-0.43,40147.0,276.0,180.0
LEC,6/13/2024,182.0,187.0,181.2,185.0,0.16,62513.0,276.0,180.0
LEC,6/16/2024,187.7,196.3,186.1,192.5,4.05,248843.0,276.0,180.0
LEC,6/18/2024,196.3,196.3,186.5,187.0,-2.86,66493.0,276.0,180.0
LEC,6/19/2024,189.8,190.0,184.0,184.1,-1.55,37616.0,276.0,180.0
LEC,6/20/2024,183.0,187.4,180.6,182.0,-1.14,32242.0,276.0,180.0
LEC,6/23/2024,184.4,184.7,180.0,181.5,-0.27,42558.0,276.0,180.0
LEC,6/24/2024,185.1,185.1,178.0,179.4,-1.16,47300.0,276.0,180.0
LEC,6/25/2024,180.0,182.0,179.0,179.0,-0.22,55775.0,276.0,180.0
LEC,6/26/2024,179.0,182.5,178.7,178.7,-0.17,32146.0,276.0,180.0
LEC,6/27/2024,182.2,182.2,177.1,178.0,-0.39,31641.0,276.0,180.0
LEC,6/30/2024,178.0,181.5,175.1,176.0,-1.12,24818.0,276.0,180.0
LEC,7/1/2024,178.0,179.5,177.0,177.0,0.57,8175.0,276.0,180.0
LEC,7/2/2024,180.5,191.4,180.0,183.0,3.39,70447.0,276.0,180.0
LEC,7/3/2024,180.3,182.8,178.0,180.8,-1.2,26104.0,276.0,180.0
LEC,7/4/2024,182.0,184.3,179.1,181.1,0.17,45083.0,276.0,180.0
LEC,7/7/2024,181.4,184.0,179.1,183.1,1.1,68841.0,276.0,180.0
LEC,7/8/2024,185.1,185.1,180.7,183.0,-0.05,65061.0,276.0,180.0
LEC,7/9/2024,182.9,183.9,180.4,181.9,-0.6,24930.0,276.0,180.0
LEC,7/10/2024,182.0,187.4,181.0,187.4,3.02,68222.0,276.0,180.0
LEC,7/11/2024,189.0,189.0,183.6,185.9,-0.8,83643.0,276.0,180.0
LEC,7/14/2024,189.6,196.5,186.0,196.0,5.43,155664.0,276.0,180.0
LEC,7/15/2024,196.0,203.5,194.0,201.0,2.55,207449.0,276.0,180.0
LEC,7/16/2024,202.0,216.0,200.4,213.9,6.42,249349.0,276.0,180.0
LEC,7/17/2024,216.0,218.2,206.0,217.4,1.64,265362.0,276.0,180.0
LEC,7/18/2024,221.7,221.7,210.0,210.6,-3.13,252672.0,276.0,180.0
LEC,7/21/2024,212.0,225.0,207.0,218.0,3.51,278892.0,276.0,180.0
LEC,7/22/2024,220.0,225.0,212.6,222.5,2.06,247042.0,276.0,180.0
LEC,7/23/2024,226.6,235.0,219.0,233.0,4.72,299895.0,276.0,180.0
LEC,7/24/2024,234.0,241.0,224.6,226.9,-2.62,232801.0,276.0,180.0
LEC,7/25/2024,228.0,230.6,221.0,224.0,-1.28,205761.0,276.0,180.0
LEC,7/28/2024,228.4,239.7,223.3,227.0,1.34,135834.0,276.0,180.0
LEC,7/29/2024,228.0,237.0,224.5,225.0,-0.88,244487.0,276.0,180.0
LEC,7/30/2024,220.5,247.1,220.5,239.0,6.22,254286.0,276.0,180.0
LEC,7/31/2024,242.0,255.0,234.0,239.0,0.0,435012.0,276.0,180.0
LEC,8/1/2024,240.0,242.0,230.5,231.0,-3.35,260151.0,276.0,180.0
LEC,8/5/2024,235.0,243.5,228.0,235.7,2.03,218249.0,276.0,180.0
LEC,8/6/2024,240.0,240.0,221.5,223.0,-5.39,274895.0,276.0,180.0
LEC,8/7/2024,225.0,238.0,220.0,234.0,4.93,186835.0,276.0,180.0
LEC,8/8/2024,236.0,249.0,235.4,239.0,2.14,362025.0,276.0,180.0
LEC,8/11/2024,243.7,262.9,238.1,261.0,9.21,497820.0,276.0,180.0
LEC,8/12/2024,266.2,274.0,261.0,274.0,4.98,402350.0,276.0,180.0
LEC,8/13/2024,277.9,279.4,261.0,266.0,-2.92,279728.0,276.0,180.0
LEC,8/14/2024,271.3,286.0,255.0,277.0,4.14,377798.0,276.0,180.0
LEC,8/15/2024,277.0,304.7,277.0,302.0,9.03,753460.0,276.0,180.0
LEC,8/18/2024,308.0,332.2,306.1,332.0,9.93,1204434.0,276.0,180.0
LEC,8/21/2024,338.6,344.0,321.0,329.0,-0.9,505356.0,276.0,180.0
LEC,8/22/2024,335.5,335.5,316.2,320.0,-2.74,352953.0,276.0,180.0
LEC,8/25/2024,318.0,324.0,300.1,300.2,-6.19,417064.0,276.0,180.0
LEC,8/27/2024,300.2,305.8,279.3,283.0,-5.73,326470.0,276.0,180.0
LEC,8/28/2024,285.6,311.3,281.0,311.3,10.0,317491.0,276.0,180.0
LEC,8/29/2024,315.0,340.0,284.6,305.0,-2.02,468463.0,276.0,180.0
LEC,9/1/2024,311.1,317.0,292.4,297.0,-2.62,318617.0,276.0,180.0
LEC,9/2/2024,300.0,309.0,292.0,308.0,3.7,283408.0,276.0,180.0
LEC,9/3/2024,310.0,313.0,300.0,302.0,-1.95,143109.0,276.0,180.0
LEC,9/4/2024,305.0,305.0,285.0,288.0,-4.64,212286.0,276.0,180.0
LEC,9/5/2024,284.0,293.7,281.3,288.0,0.0,173633.0,276.0,180.0
LEC,9/8/2024,291.0,292.0,280.0,282.0,-2.08,112870.0,276.0,180.0
LEC,9/9/2024,283.0,283.9,266.8,270.0,-4.26,118333.0,276.0,180.0
LEC,9/10/2024,273.4,280.0,263.0,263.0,-2.59,139785.0,276.0,180.0
LEC,9/11/2024,268.0,273.0,260.0,262.0,-0.38,87975.0,276.0,180.0
LEC,9/12/2024,267.2,280.0,262.0,277.0,5.73,130173.0,276.0,180.0
LEC,9/15/2024,282.5,288.0,267.0,270.0,-2.53,147924.0,276.0,180.0
LEC,9/16/2024,270.0,270.0,258.0,261.1,-3.3,146751.0,276.0,180.0
LEC,9/18/2024,266.3,273.0,261.1,273.0,4.56,171246.0,276.0,180.0
LEC,9/22/2024,278.4,278.4,268.0,270.9,-0.77,93443.0,276.0,180.0
LEC,9/23/2024,267.0,270.0,258.5,265.0,-2.18,63962.0,276.0,180.0
LEC,9/24/2024,264.0,268.0,250.8,253.0,-4.53,98461.0,276.0,180.0
LEC,9/25/2024,250.0,265.0,248.2,260.0,2.77,51625.0,276.0,180.0
LEC,9/26/2024,263.3,264.6,251.9,260.0,0.0,48160.0,276.0,180.0
LEC,9/29/2024,259.0,259.0,246.0,248.2,-4.54,37399.0,276.0,180.0
LEC,9/30/2024,245.2,259.9,245.2,257.0,3.55,37645.0,276.0,180.0
LEC,10/1/2024,254.0,273.5,253.0,270.5,5.25,200166.0,276.0,180.0
LEC,10/2/2024,274.0,275.4,257.0,260.0,-3.88,67648.0,276.0,180.0
LEC,10/6/2024,260.0,266.0,260.0,264.0,1.54,66366.0,276.0,180.0
LEC,10/7/2024,268.0,271.5,265.0,268.0,1.52,103062.0,276.0,180.0
LEC,10/8/2024,270.0,270.0,261.0,262.3,-2.13,24329.0,276.0,180.0
LEC,10/9/2024,264.9,284.0,261.9,278.0,5.99,143627.0,276.0,180.0
LEC,10/15/2024,282.7,288.0,278.0,284.1,2.19,99203.0,276.0,180.0
LEC,10/16/2024,289.7,295.4,284.1,295.2,3.91,206446.0,276.0,180.0
LEC,10/17/2024,296.0,299.0,289.0,289.0,-2.1,170395.0,276.0,180.0
LEC,10/20/2024,285.0,289.0,277.1,280.9,-2.8,103920.0,276.0,180.0
LEC,10/21/2024,286.0,286.0,269.0,269.0,-4.24,111831.0,276.0,180.0
LEC,10/22/2024,273.0,283.0,271.0,282.8,5.13,168453.0,276.0,180.0
LEC,10/23/2024,282.0,285.0,275.0,276.8,-2.12,68592.0,276.0,180.0
LEC,10/24/2024,280.1,280.6,268.0,275.1,-0.61,58180.0,276.0,180.0
LEC,10/27/2024,275.2,278.5,273.0,273.0,-0.76,71531.0,276.0,180.0
LEC,10/28/2024,275.0,282.5,275.0,276.1,1.14,145996.0,276.0,180.0
LEC,10/29/2024,278.0,283.0,276.0,279.0,1.05,109776.0,276.0,180.0
LEC,10/30/2024,282.8,283.0,275.0,277.0,-0.72,107393.0,276.0,180.0
LEC,11/5/2024,282.5,282.5,272.5,276.0,-0.36,361167.0,276.0,180.0
LEC,11/6/2024,221.6,239.0,221.6,232.1,-15.91,212842.0,276.0,180.0
LEC,11/10/2024,236.7,239.7,232.0,238.9,2.93,153758.0,276.0,180.0
LEC,11/11/2024,242.0,253.0,236.5,241.0,0.88,133188.0,276.0,180.0
LEC,11/12/2024,245.0,245.8,236.0,238.0,-1.24,83042.0,276.0,180.0
LEC,11/13/2024,242.7,242.7,233.0,234.0,-1.68,48776.0,276.0,180.0
LEC,11/14/2024,233.0,236.0,230.0,232.0,-0.85,95460.0,276.0,180.0
LEC,11/17/2024,236.6,238.0,232.0,233.0,0.43,96745.0,276.0,180.0
LEC,11/19/2024,233.0,235.0,227.0,230.0,-1.29,90872.0,276.0,180.0
LEC,11/20/2024,234.6,234.6,227.0,228.9,-0.48,41846.0,276.0,180.0
LEC,11/21/2024,233.4,233.4,223.0,223.5,-2.36,65506.0,276.0,180.0
LEC,11/24/2024,227.9,227.9,217.0,218.9,-2.06,57916.0,276.0,180.0
LEC,11/25/2024,223.2,227.0,216.9,220.0,0.5,59486.0,276.0,180.0
LEC,11/26/2024,223.0,224.5,220.0,222.0,0.91,43441.0,276.0,180.0
LEC,11/27/2024,226.4,230.5,225.0,230.0,3.6,78999.0,276.0,180.0
LEC,11/28/2024,234.6,234.6,225.4,226.7,-1.43,50348.0,276.0,180.0
LEC,12/1/2024,223.0,225.0,219.2,224.0,-1.19,39739.0,276.0,180.0
LEC,12/2/2024,224.3,227.0,220.0,221.0,-1.34,68843.0,276.0,180.0
LEC,12/3/2024,225.4,226.0,221.0,223.5,1.13,79583.0,276.0,180.0
LEC,12/4/2024,226.0,228.3,223.0,223.5,0.0,69457.0,276.0,180.0
LEC,12/5/2024,223.0,223.0,217.3,217.8,-2.55,59062.0,276.0,180.0
LEC,12/8/2024,214.0,219.2,210.0,213.0,-2.2,80086.0,276.0,180.0
LEC,12/9/2024,213.0,216.0,212.0,212.7,-0.14,32797.0,276.0,180.0
LEC,12/10/2024,212.0,215.0,209.5,211.5,-0.56,37631.0,276.0,180.0
LEC,12/11/2024,211.5,216.0,210.3,215.6,1.94,33619.0,276.0,180.0
LEC,12/12/2024,217.9,217.9,212.1,213.9,-0.79,51499.0,276.0,180.0
LEC,12/16/2024,213.0,213.0,206.0,208.9,-2.34,45897.0,276.0,180.0
LEC,12/17/2024,208.9,210.8,205.1,207.9,-0.48,32070.0,276.0,180.0
LEC,12/18/2024,209.0,211.0,203.0,205.0,-1.39,40494.0,276.0,180.0
LEC,12/19/2024,203.5,207.0,200.4,200.4,-2.24,44869.0,276.0,180.0
LEC,12/22/2024,200.4,206.0,198.2,199.5,-0.45,30263.0,276.0,180.0
LEC,12/23/2024,200.0,202.5,198.0,201.5,1.0,33500.0,276.0,180.0
LEC,12/24/2024,203.5,205.6,202.0,203.6,1.04,33528.0,276.0,180.0
LEC,12/26/2024,199.6,206.9,199.6,202.0,-0.79,28754.0,276.0,180.0
LEC,12/29/2024,206.0,206.0,199.0,199.1,-1.44,36809.0,276.0,180.0
LEC,12/31/2024,199.5,200.0,195.0,196.0,-1.56,36400.0,276.0,180.0
LEC,1/1/2025,196.0,198.5,195.0,197.9,0.97,22108.0,276.0,180.0
LEC,1/2/2025,198.0,199.1,195.0,195.1,-1.41,26852.0,276.0,180.0
LEC,1/5/2025,195.1,203.0,195.0,200.1,2.56,35854.0,276.0,180.0
LEC,1/6/2025,200.0,211.5,200.0,211.0,5.45,57729.0,276.0,180.0
LEC,1/7/2025,211.0,225.0,211.0,217.5,3.08,125837.0,276.0,180.0
LEC,1/8/2025,217.6,221.7,214.0,214.0,-1.61,59870.0,276.0,180.0
LEC,1/9/2025,212.0,216.2,209.7,211.9,-0.98,53127.0,276.0,180.0
LEC,1/12/2025,214.0,214.9,207.0,207.3,-2.17,17576.0,276.0,180.0
LEC,1/13/2025,208.0,209.0,203.9,205.0,-1.11,37980.0,276.0,180.0
LEC,1/15/2025,205.1,209.1,205.1,209.1,2.0,33696.0,276.0,180.0
LEC,1/16/2025,213.0,213.0,204.0,205.0,-1.96,56010.0,276.0,180.0
LEC,1/19/2025,205.0,209.0,204.0,207.0,0.98,35350.0,276.0,180.0
LEC,1/20/2025,207.6,213.0,207.6,209.0,0.97,42623.0,276.0,180.0
LEC,1/21/2025,209.0,211.9,207.0,207.0,-0.96,18902.0,276.0,180.0
LEC,1/22/2025,207.0,214.9,205.0,210.0,1.45,53317.0,276.0,180.0
LEC,1/23/2025,214.0,218.0,207.3,209.1,-0.43,37490.0,276.0,180.0
LEC,1/26/2025,208.0,210.0,205.0,205.3,-1.82,38737.0,276.0,180.0
LEC,1/27/2025,209.4,213.5,206.0,207.0,0.83,48613.0,276.0,180.0
LEC,1/28/2025,211.0,211.0,207.0,210.0,1.45,48038.0,276.0,180.0
LEC,2/2/2025,212.0,221.0,210.0,215.0,2.38,152957.0,276.0,180.0
LEC,2/3/2025,219.0,220.9,214.0,214.0,-0.47,77615.0,276.0,180.0
LEC,2/4/2025,217.9,217.9,211.0,214.0,0.0,44789.0,276.0,180.0
LEC,2/5/2025,212.0,218.0,211.0,214.6,0.28,60330.0,276.0,180.0
LEC,2/6/2025,217.0,219.0,213.0,215.0,0.19,71452.0,276.0,180.0
LEC,2/9/2025,215.0,216.0,211.0,211.0,-1.86,28060.0,276.0,180.0
LEC,2/10/2025,214.0,218.0,207.0,207.3,-1.75,36656.0,276.0,180.0
LEC,2/11/2025,207.1,209.0,207.0,207.9,0.29,26948.0,276.0,180.0
LEC,2/12/2025,212.0,212.0,206.0,208.0,0.05,34107.0,276.0,180.0
LEC,2/13/2025,206.0,208.0,206.0,207.0,-0.48,20254.0,276.0,180.0
LEC,2/16/2025,207.0,210.8,203.1,210.0,1.45,85457.0,276.0,180.0
LEC,2/17/2025,205.8,209.0,205.0,207.8,-1.05,162781.0,276.0,180.0
LEC,2/18/2025,209.0,210.0,205.0,205.0,-1.35,271389.0,276.0,180.0
LEC,2/20/2025,209.1,209.1,202.1,203.0,-0.98,123991.0,276.0,180.0
LEC,2/23/2025,203.0,203.9,199.0,203.6,0.3,145420.0,276.0,180.0
LEC,2/24/2025,200.5,206.5,200.5,202.0,-0.79,200729.0,276.0,180.0
LEC,2/25/2025,206.0,206.0,202.6,204.9,1.44,170263.0,276.0,180.0
LEC,2/27/2025,206.8,225.3,204.5,225.3,9.96,664456.0,276.0,180.0
LEC,3/2/2025,229.8,243.0,229.8,237.9,5.59,553805.0,276.0,180.0
LEC,3/3/2025,240.0,240.0,227.4,228.0,-4.16,361772.0,276.0,180.0
LEC,3/4/2025,232.5,239.9,225.0,230.0,0.88,627467.0,276.0,180.0
LEC,3/5/2025,234.6,235.8,226.9,228.5,-0.65,304912.0,276.0,180.0
LEC,3/6/2025,226.3,231.5,226.2,228.5,0.0,206883.0,276.0,180.0
LEC,3/9/2025,229.0,230.0,219.0,222.0,-2.84,247313.0,276.0,180.0
LEC,3/10/2025,225.0,225.0,214.0,216.5,-2.48,207088.0,276.0,180.0
LEC,3/11/2025,216.6,219.5,211.0,211.7,-2.22,154812.0,276.0,180.0
LEC,3/12/2025,212.0,220.0,212.0,219.0,3.45,159009.0,276.0,180.0
LEC,3/16/2025,219.0,221.3,213.1,215.0,-1.83,155901.0,276.0,180.0
LEC,3/17/2025,214.0,219.2,213.0,214.6,-0.19,105773.0,276.0,180.0
LEC,3/18/2025,215.0,219.3,215.0,216.0,0.65,86003.0,276.0,180.0
LEC,3/19/2025,216.1,218.0,213.0,214.8,-0.56,129144.0,276.0,180.0
LEC,3/20/2025,216.0,217.8,213.0,213.38,-0.66,102458.0,276.0,180.0
LEC,3/23/2025,217.6,217.6,205.1,206.04,-3.44,152842.0,276.0,180.0
LEC,3/24/2025,206.0,213.0,202.1,209.48,1.67,107413.0,276.0,180.0
LEC,3/25/2025,206.0,209.7,204.0,205.31,-1.99,86398.0,276.0,180.0
LEC,3/26/2025,208.0,210.0,205.3,208.34,1.48,71355.0,276.0,180.0
LEC,3/27/2025,207.1,212.0,205.7,211.35,1.44,106788.0,276.0,180.0
LEC,3/30/2025,211.0,218.8,207.5,214.56,1.52,156202.0,276.0,180.0
LEC,4/1/2025,210.3,216.0,209.1,211.28,-1.53,80514.0,276.0,180.0
LEC,4/2/2025,215.0,215.0,207.0,210.15,-0.53,87191.0,276.0,180.0
LEC,4/3/2025,213.9,213.9,206.0,207.54,-1.24,154519.0,276.0,180.0
LEC,4/7/2025,204.0,211.1,204.0,207.57,0.01,119747.0,276.0,180.0
LEC,4/8/2025,207.4,209.0,205.8,208.0,0.21,105237.0,276.0,180.0
LEC,4/9/2025,211.7,211.7,206.6,207.35,-0.31,77694.0,276.0,180.0
LEC,4/10/2025,209.0,210.9,206.0,207.36,0.0,105479.0,276.0,180.0
LEC,4/13/2025,209.0,211.0,206.7,207.16,-0.1,56126.0,276.0,180.0
LEC,4/15/2025,209.0,213.0,207.0,208.37,0.58,104691.0,276.0,180.0
LEC,4/16/2025,212.5,216.0,208.1,215.24,3.3,131308.0,276.0,180.0
LEC,4/17/2025,217.0,221.9,215.1,215.28,0.02,151475.0,276.0,180.0
LEC,4/20/2025,215.28,216.9,210.5,210.92,-2.03,109559.0,276.0,180.0
LEC,4/21/2025,206.9,219.5,206.9,215.59,2.21,184436.0,276.0,180.0
LEC,4/22/2025,217.0,221.0,214.0,215.42,-0.08,177693.0,276.0,180.0
LEC,4/23/2025,219.7,219.7,208.0,209.29,-2.85,125049.0,276.0,180.0
LEC,4/24/2025,212.0,213.0,208.0,210.75,0.7,76851.0,276.0,180.0
LEC,4/27/2025,214.0,217.2,210.0,213.81,1.45,176894.0,276.0,180.0
LEC,4/28/2025,216.0,232.0,215.4,223.95,4.74,609046.0,276.0,180.0
LEC,4/29/2025,227.9,227.9,217.0,218.16,-2.59,161424.0,276.0,180.0
LEC,4/30/2025,221.0,227.9,217.0,223.48,2.44,275239.0,276.0,180.0
LEC,5/4/2025,220.0,228.7,218.0,220.13,-1.5,208170.0,276.0,180.0
LEC,5/5/2025,224.5,224.5,215.0,216.19,-1.79,151721.0,276.0,180.0
LEC,5/6/2025,218.0,223.3,217.0,220.27,1.89,188454.0,276.0,180.0
LEC,5/7/2025,222.0,232.0,222.0,227.13,3.11,441644.0,276.0,180.0
LEC,5/8/2025,229.6,235.2,224.0,232.31,2.28,654539.0,276.0,180.0
LEC,5/11/2025,231.0,242.0,225.0,225.9,-2.76,334137.0,276.0,180.0
LEC,5/13/2025,230.0,230.0,218.1,219.29,-2.93,221571.0,276.0,180.0
LEC,5/14/2025,223.0,223.0,215.0,215.63,-1.67,206538.0,276.0,180.0
LEC,5/15/2025,218.9,218.9,211.1,213.8,-0.85,172701.0,276.0,180.0
LEC,5/18/2025,215.0,216.0,209.8,210.74,-1.43,142304.0,276.0,180.0
LEC,5/19/2025,212.0,215.7,210.1,212.23,0.71,117591.0,276.0,180.0
LEC,5/20/2025,214.0,223.6,209.8,219.29,3.33,218599.0,276.0,180.0
LEC,5/21/2025,223.6,231.9,215.5,215.88,-1.56,208960.0,276.0,180.0
LEC,5/22/2025,219.0,220.0,211.3,213.2,-1.24,121085.0,276.0,180.0
LEC,5/25/2025,214.0,217.4,211.5,212.72,-0.23,95896.0,276.0,180.0
LEC,5/26/2025,216.9,221.2,211.9,213.34,0.29,100956.0,276.0,180.0
LEC,5/27/2025,212.1,215.2,210.8,211.35,-0.93,103765.0,276.0,180.0
LEC,5/28/2025,207.2,215.0,207.2,213.96,1.23,119325.0,276.0,180.0
LEC,6/2/2025,217.0,219.5,213.5,214.52,0.26,108056.0,276.0,180.0
LEC,6/3/2025,216.7,216.7,211.0,212.01,-1.17,80986.0,276.0,180.0
LEC,6/4/2025,210.1,213.7,210.0,211.06,-0.45,54496.0,276.0,180.0
LEC,6/5/2025,211.0,214.0,210.0,210.67,-0.18,84693.0,276.0,180.0
LEC,6/8/2025,210.8,212.9,210.0,210.49,-0.09,112718.0,276.0,180.0
LEC,6/9/2025,212.0,216.0,211.0,213.57,1.46,88195.0,276.0,180.0
LEC,6/10/2025,216.8,217.0,213.4,215.02,0.68,89869.0,276.0,180.0
LEC,6/11/2025,215.2,217.0,213.0,214.39,-0.29,117047.0,276.0,180.0
LEC,6/12/2025,214.0,222.0,214.0,218.4,1.87,243363.0,276.0,180.0
LEC,6/15/2025,219.0,219.9,214.2,214.54,-1.77,96128.0,276.0,180.0
LEC,6/16/2025,217.0,227.9,214.5,221.21,3.11,527259.0,276.0,180.0
LEC,6/17/2025,221.0,225.0,216.0,218.54,-1.21,165593.0,276.0,180.0
LEC,6/18/2025,218.2,224.2,218.0,221.46,1.34,220206.0,276.0,180.0
LEC,6/19/2025,222.0,229.0,221.3,223.59,0.96,586744.0,276.0,180.0
LEC,6/22/2025,223.8,224.0,215.0,216.07,-3.36,150646.0,276.0,180.0
LEC,6/23/2025,214.5,220.3,212.0,217.58,0.7,187182.0,276.0,180.0
LEC,6/24/2025,219.4,223.0,214.5,215.15,-1.12,111879.0,276.0,180.0
LEC,6/25/2025,214.2,216.3,214.0,214.87,-0.13,99353.0,276.0,180.0
LEC,6/26/2025,217.0,219.0,212.3,212.81,-0.96,185064.0,276.0,180.0
LEC,6/29/2025,212.2,215.0,212.2,213.26,0.21,86158.0,276.0,180.0
LEC,6/30/2025,213.0,215.0,212.1,213.2,-0.03,98595.0,276.0,180.0
LEC,7/1/2025,213.5,217.0,213.0,214.73,0.72,57896.0,276.0,180.0
LEC,7/2/2025,215.0,216.8,213.0,213.64,-0.51,136267.0,276.0,180.0
LEC,7/3/2025,212.1,215.9,212.1,212.87,-0.36,142873.0,276.0,180.0
LEC,7/6/2025,213.0,215.9,212.0,212.29,-0.27,90190.0,276.0,180.0
LEC,7/7/2025,208.1,214.9,208.1,211.84,-0.21,84996.0,276.0,180.0
LEC,7/8/2025,213.0,213.0,209.0,211.12,-0.34,48211.0,276.0,180.0
LEC,7/9/2025,213.2,218.2,208.0,215.31,1.98,272148.0,276.0,180.0
LEC,7/10/2025,219.6,219.6,213.0,213.74,-0.73,91863.0,276.0,180.0
LEC,7/13/2025,218.0,222.0,212.2,213.83,0.04,175086.0,276.0,180.0
LEC,7/14/2025,209.6,215.0,209.6,212.29,-0.72,125719.0,276.0,180.0
LEC,7/15/2025,213.0,214.2,211.0,212.76,0.22,91983.0,276.0,180.0
LEC,7/16/2025,217.0,218.3,214.1,215.05,1.08,241938.0,276.0,180.0
LEC,7/17/2025,219.3,222.0,215.0,220.76,2.66,315285.0,276.0,180.0
LEC,7/20/2025,220.0,227.0,218.5,219.82,-0.43,315319.0,276.0,180.0
LEC,7/21/2025,220.0,222.0,216.6,218.51,-0.6,214684.0,276.0,180.0
LEC,7/22/2025,214.2,231.5,214.2,227.75,4.23,500299.0,276.0,180.0
LEC,7/23/2025,230.0,246.5,230.0,243.87,7.08,1165485.0,276.0,180.0
LEC,7/24/2025,248.7,248.7,240.0,244.9,0.42,431949.0,276.0,180.0
LEC,7/27/2025,242.0,250.0,233.0,235.12,-3.99,619815.0,276.0,180.0
LEC,7/28/2025,235.1,247.1,231.1,244.45,3.97,613913.0,276.0,180.0
LEC,7/29/2025,248.0,250.9,242.0,243.03,-0.58,377719.0,276.0,180.0
LEC,7/30/2025,244.9,245.9,234.6,236.15,-2.83,284050.0,276.0,180.0
LEC,7/31/2025,240.7,240.7,228.0,228.63,-3.18,270000.0,276.0,180.0
LEC,8/3/2025,228.0,237.8,225.5,233.1,1.96,358960.0,276.0,180.0
LEC,8/4/2025,234.0,244.0,229.1,241.77,3.72,495727.0,276.0,180.0
LEC,8/5/2025,242.0,247.0,237.9,239.86,-0.79,486463.0,276.0,180.0
LEC,8/6/2025,242.0,243.6,235.1,240.42,0.23,361003.0,276.0,180.0
LEC,8/7/2025,243.5,260.0,239.0,254.17,5.72,1554470.0,276.0,180.0
LEC,8/11/2025,249.1,263.0,234.0,236.22,-7.06,869235.0,276.0,180.0
LEC,8/12/2025,237.0,237.0,227.0,229.55,-2.82,485314.0,276.0,180.0
LEC,8/13/2025,227.2,235.9,227.2,232.61,1.33,202661.0,276.0,180.0
LEC,8/14/2025,230.0,237.0,230.0,234.67,0.89,219567.0,276.0,180.0
LEC,8/17/2025,235.0,236.0,228.2,231.58,-1.32,242511.0,276.0,180.0
LEC,8/18/2025,232.0,244.5,231.1,242.09,4.54,627138.0,276.0,180.0
LEC,8/19/2025,246.9,248.5,239.4,241.05,-0.43,346927.0,276.0,180.0
LEC,8/20/2025,242.0,245.0,236.3,238.54,-1.04,189395.0,276.0,180.0
LEC,8/21/2025,239.9,254.5,234.2,242.48,1.65,284545.0,276.0,180.0
LEC,8/24/2025,244.7,247.0,237.0,238.68,-1.57,188840.0,276.0,180.0
LEC,8/25/2025,234.0,243.7,234.0,240.77,0.88,217599.0,276.0,180.0
LEC,8/26/2025,244.7,244.7,237.1,239.39,-0.57,129494.0,276.0,180.0
LEC,8/27/2025,244.0,245.0,238.0,242.34,1.23,291324.0,276.0,180.0
LEC,8/28/2025,238.0,252.2,237.0,239.48,-1.18,334435.0,276.0,180.0
LEC,8/31/2025,235.0,260.6,228.0,243.42,1.65,481841.0,276.0,180.0
LEC,9/1/2025,239.0,243.7,235.0,239.73,-1.52,124890.0,276.0,180.0
LEC,9/2/2025,238.0,241.9,232.5,235.18,-1.9,92226.0,276.0,180.0
LEC,9/3/2025,230.5,250.9,216.6,218.73,-6.99,1211066.0,276.0,180.0
LEC,9/4/2025,214.4,222.0,213.0,220.0,0.58,332842.0,276.0,180.0
LEC,9/7/2025,221.9,222.6,215.0,215.79,-1.91,291569.0,276.0,180.0
LEC,9/8/2025,217.0,218.0,208.0,210.85,-2.29,247967.0,276.0,180.0
LEC,9/18/2025,206.7,206.7,194.0,194.0,-7.99,26821.0,276.0,180.0
LEC,9/21/2025,194.0,212.0,191.0,208.39,7.42,328935.0,276.0,180.0
LEC,9/23/2025,212.5,214.5,208.0,214.0,2.69,160803.0,276.0,180.0
LEC,9/24/2025,215.0,215.0,207.0,208.1,-2.76,79829.0,276.0,180.0
LEC,9/25/2025,207.0,211.0,206.5,208.0,-0.05,75350.0,276.0,180.0
LEC,9/28/2025,210.0,211.9,206.2,207.0,-0.48,101495.0,276.0,180.0
LEC,10/7/2025,206.0,208.4,203.2,204.0,-1.45,94255.0,276.0,180.0
LEC,10/8/2025,204.0,205.0,198.0,199.5,-2.21,147307.0,276.0,180.0
LEC,10/9/2025,203.4,215.0,201.2,202.3,1.4,129229.0,276.0,180.0
LEC,10/12/2025,200.1,200.1,195.0,196.0,-3.11,145484.0,276.0,180.0
LEC,10/13/2025,196.0,199.6,192.2,199.0,1.53,78820.0,276.0,180.0
LEC,10/14/2025,199.1,200.1,192.2,193.0,-3.02,78382.0,276.0,180.0
LEC,10/15/2025,191.0,198.0,190.0,190.0,-1.55,66739.0,276.0,180.0
LEC,10/16/2025,192.8,196.6,186.0,192.0,1.05,111734.0,276.0,180.0
LEC,10/19/2025,194.9,195.0,188.0,188.5,-1.82,47083.0,276.0,180.0
LEC,10/26/2025,190.0,190.0,180.0,185.9,-1.38,50327.0,276.0,180.0
LEC,10/28/2025,187.4,199.9,185.0,198.6,6.83,96801.0,276.0,180.0
LEC,10/29/2025,201.5,205.0,197.0,199.0,0.2,106777.0,276.0,180.0
LEC,10/30/2025,202.0,203.0,196.1,202.9,1.96,104740.0,276.0,180.0
LEC,11/2/2025,203.0,212.0,200.0,209.7,3.35,126770.0,276.0,180.0
LEC,11/3/2025,207.0,212.0,202.0,204.0,-2.72,100468.0,276.0,180.0
LEC,11/4/2025,204.0,207.0,200.0,200.9,-1.52,86236.0,276.0,180.0
LEC,11/5/2025,198.1,202.0,196.5,200.2,-0.35,67654.0,276.0,180.0
LEC,11/6/2025,202.0,203.6,197.6,200.1,-0.05,54202.0,276.0,180.0
LEC,11/9/2025,199.0,202.1,196.6,197.9,-1.1,51400.0,276.0,180.0
LEC,11/10/2025,199.0,200.5,196.0,196.1,-0.91,63507.0,276.0,180.0
LEC,11/11/2025,198.0,200.0,196.0,196.4,0.15,36108.0,276.0,180.0
LEC,11/12/2025,200.3,200.3,193.5,193.5,-1.48,41022.0,276.0,180.0
LEC,11/13/2025,190.0,197.3,190.0,194.0,0.26,46391.0,276.0,180.0
LEC,11/16/2025,192.2,195.9,192.1,192.4,-0.82,33534.0,276.0,180.0
LEC,11/17/2025,193.0,195.0,192.0,193.9,0.78,22686.0,276.0,180.0
LEC,11/18/2025,194.9,198.0,194.9,196.0,1.08,62776.0,276.0,180.0
LEC,11/19/2025,199.0,199.0,192.0,193.0,-1.53,47929.0,276.0,180.0
LEC,11/20/2025,193.1,195.0,190.3,193.0,0.0,60055.0,276.0,180.0
LEC,11/23/2025,193.0,201.0,193.0,197.0,2.07,126656.0,276.0,180.0
LEC,11/24/2025,199.0,204.0,197.1,198.7,0.86,62807.0,276.0,180.0
LEC,11/25/2025,200.0,201.9,196.0,197.0,-0.86,66640.0,276.0,180.0
LEC,11/26/2025,195.1,200.6,195.1,197.0,0.0,44739.0,276.0,180.0
LEC,11/27/2025,200.9,201.9,197.0,199.5,1.27,72822.0,276.0,180.0
LEC,11/30/2025,203.4,203.4,194.1,197.0,-1.25,65950.0,276.0,180.0
LEC,12/1/2025,197.0,197.5,193.3,193.3,-1.88,57466.0,276.0,180.0
LEC,12/2/2025,195.0,196.0,193.0,193.0,-0.16,51847.0,276.0,180.0
LEC,12/3/2025,191.1,196.0,191.1,193.0,0.0,38250.0,276.0,180.0
LEC,12/7/2025,193.0,194.0,190.5,193.8,0.41,66550.0,276.0,180.0
LEC,12/8/2025,193.8,200.0,190.5,197.0,1.65,157003.0,276.0,180.0
LEC,12/9/2025,197.0,200.0,195.2,196.0,-0.51,39430.0,276.0,180.0
LEC,12/10/2025,197.8,197.8,193.4,195.4,-0.31,27335.0,276.0,180.0
LEC,12/11/2025,197.0,197.0,192.0,194.1,-0.67,55844.0,276.0,180.0
LEC,12/14/2025,194.1,195.0,192.1,193.7,-0.21,36433.0,276.0,180.0
LEC,12/15/2025,191.6,194.0,191.0,193.4,-0.15,50097.0,276.0,180.0
LEC,12/16/2025,196.0,196.0,191.5,192.7,-0.36,40722.0,276.0,180.0
LEC,12/17/2025,195.0,198.9,191.2,194.9,1.14,77504.0,276.0,180.0
LEC,12/18/2025,193.0,199.8,192.3,195.0,0.05,86853.0,276.0,180.0
LEC,12/21/2025,193.2,197.0,193.1,194.0,-0.51,66019.0,276.0,180.0
LEC,12/22/2025,197.8,199.0,191.2,195.0,0.52,125454.0,276.0,180.0
LEC,12/23/2025,197.0,197.4,193.6,195.4,0.21,50321.0,276.0,180.0
LEC,12/24/2025,199.0,199.0,193.1,194.5,-0.46,73296.0,276.0,180.0
LEC,12/28/2025,195.5,200.0,194.8,199.6,2.62,100531.0,276.0,180.0
LEC,12/29/2025,201.0,201.0,196.4,196.4,-1.6,46563.0,276.0,180.0
LEC,12/31/2025,197.0,200.0,196.0,196.1,-0.15,68376.0,276.0,180.0
LEC,1/1/2026,194.2,199.0,194.2,195.5,-0.31,42478.0,276.0,180.0
LEC,1/4/2026,195.0,196.8,193.0,194.0,-0.77,52075.0,276.0,180.0
LEC,1/5/2026,197.8,197.8,192.2,196.1,1.08,72499.0,276.0,180.0
LEC,1/6/2026,196.1,203.6,195.0,200.2,2.09,238406.0,276.0,180.0
LEC,1/7/2026,200.4,206.0,200.0,202.0,0.9,125070.0,276.0,180.0
LEC,1/8/2026,205.9,205.9,199.0,202.0,0.0,197024.0,276.0,180.0
LEC,1/12/2026,206.0,206.0,196.6,198.8,-1.58,69141.0,276.0,180.0
LEC,1/13/2026,197.0,202.0,196.0,200.0,0.6,101628.0,276.0,180.0
LEC,1/14/2026,202.0,202.0,196.8,197.9,-1.05,62589.0,276.0,180.0
LEC,1/18/2026,200.0,201.8,198.0,200.0,1.06,110180.0,276.0,180.0
LEC,1/20/2026,204.0,210.0,202.0,207.0,3.5,248430.0,276.0,180.0
LEC,1/21/2026,209.9,210.0,205.4,206.9,-0.05,211279.0,276.0,180.0
LEC,1/22/2026,210.0,220.3,206.8,219.9,6.28,798119.0,276.0,180.0
LEC,1/25/2026,224.2,227.6,220.0,226.5,3.0,438489.0,276.0,180.0
LEC,1/26/2026,231.0,231.0,217.0,222.0,-1.99,365931.0,276.0,180.0
LEC,1/27/2026,221.0,223.0,210.0,212.2,-4.41,356404.0,276.0,180.0
LEC,1/28/2026,216.0,218.0,210.0,217.8,2.64,244817.0,276.0,180.0
LEC,1/29/2026,220.0,233.0,218.3,222.0,1.93,653857.0,276.0,180.0
LEC,2/1/2026,224.0,226.0,215.6,215.9,-2.75,222941.0,276.0,180.0
LEC,2/2/2026,219.7,219.7,211.7,212.6,-1.53,209565.0,276.0,180.0
LEC,2/3/2026,216.8,216.8,207.0,208.6,-1.88,228750.0,276.0,180.0
LEC,2/4/2026,211.0,214.0,207.0,210.0,0.67,141667.0,276.0,180.0
LEC,2/5/2026,214.2,222.0,210.0,218.0,3.81,420305.0,276.0,180.0
LEC,2/8/2026,222.3,226.0,220.1,220.6,1.19,430592.0,276.0,180.0
LEC,2/9/2026,220.6,238.2,220.6,237.9,7.84,1586484.0,276.0,180.0
LEC,2/10/2026,242.6,259.0,227.0,229.0,-3.74,815589.0,276.0,180.0
LEC,2/11/2026,233.5,241.1,225.5,237.0,3.49,694700.0,276.0,180.0
LEC,2/12/2026,241.7,241.7,230.0,230.5,-2.74,520628.0,276.0,180.0
LEC,2/16/2026,233.0,235.0,221.6,223.0,-3.25,315274.0,276.0,180.0
LEC,2/17/2026,227.4,227.4,214.1,215.0,-3.59,357770.0,276.0,180.0
LEC,2/22/2026,215.0,216.0,210.0,214.0,-0.47,231771.0,276.0,180.0
LEC,2/23/2026,218.2,219.3,210.3,213.0,-0.47,192169.0,276.0,180.0
LEC,2/24/2026,216.0,216.9,212.0,216.0,1.41,117265.0,276.0,180.0
LEC,2/25/2026,216.0,221.6,212.1,219.0,1.39,139204.0,276.0,180.0
LEC,2/26/2026,214.7,223.2,214.7,217.9,-0.5,87111.0,276.0,180.0
LEC,2/27/2026,214.7,223.2,214.7,217.9,0.0,87111.0,276.0,180.0
LEC,2/28/2026,214.7,223.2,214.7,217.9,0.0,87111.0,276.0,180.0
LEC,3/2/2026,215.0,218.0,212.0,217.8,-0.05,176836.0,276.0,180.0
LEC,3/3/2026,216.0,224.9,215.0,221.6,1.74,286497.0,276.0,180.0
LEC,3/4/2026,216.0,224.9,215.0,221.6,0.0,286497.0,276.0,180.0
LEC,3/5/2026,216.0,224.9,215.0,221.6,0.0,286497.0,276.0,180.0
LEC,3/6/2026,216.0,224.9,215.0,221.6,0.0,286497.0,276.0,180.0
LEC,3/7/2026,216.0,224.9,215.0,221.6,0.0,286497.0,276.0,180.0
LEC,3/8/2026,216.0,224.9,215.0,221.6,0.0,286497.0,276.0,180.0
LEC,3/9/2026,226.0,243.7,226.0,243.0,9.66,7171.0,276.0,180.0
LEC,3/10/2026,247.0,247.0,229.0,237.0,-2.47,669648.0,276.0,180.0
LEC,3/11/2026,239.0,244.8,232.9,236.7,-0.13,727073.0,276.0,180.0
LEC,3/12/2026,241.0,254.0,238.0,251.5,6.25,1542945.0,276.0,180.0
LEC,3/13/2026,241.0,254.0,238.0,251.5,0.0,1542945.0,276.0,180.0
LEC,3/14/2026,241.0,254.0,238.0,251.5,0.0,1542945.0,276.0,180.0
LEC,3/15/2026,255.0,255.0,245.2,251.0,-0.2,785608.0,276.0,180.0
LEC,3/16/2026,256.0,256.0,242.4,244.5,-2.59,532320.0,276.0,180.0
LEC,3/17/2026,249.3,265.9,240.0,262.9,7.53,1470969.0,276.0,180.0
LEC,3/18/2026,249.3,265.9,240.0,262.9,0.0,1470969.0,276.0,180.0
LEC,3/19/2026,267.0,275.0,262.9,265.3,0.91,1173131.0,276.0,180.0
LEC,3/20/2026,267.0,275.0,262.9,265.3,0.0,1173131.0,276.0,180.0
LEC,3/21/2026,267.0,275.0,262.9,265.3,0.0,1173131.0,276.0,180.0
LEC,3/22/2026,265.4,269.0,255.0,261.0,-1.62,1182568.0,276.0,180.0
LEC,3/23/2026,261.0,271.0,256.1,268.0,2.68,666595.0,276.0,180.0
LEC,3/24/2026,271.0,276.0,267.0,268.8,0.3,488724.0,276.0,180.0
LEC,3/25/2026,267.0,268.3,257.0,257.6,-4.17,432207.0,276.0,180.0
LEC,3/26/2026,262.0,262.7,252.8,260.5,-0.57,417015.0,276.0,180.0
LEC,3/29/2026,260.0,263.0,248.3,250.0,-3.85,526029.0,276.0,180.0
LEC,3/30/2026,250.0,254.9,241.0,241.2,-3.52,507775.0,276.0,180.0
LEC,3/31/2026,242.0,248.1,235.0,244.1,0.87,377170.0,276.0,180.0
LEC,4/1/2026,239.3,244.9,227.0,230.0,-3.89,458268.0,276.0,180.0
LEC,4/2/2026,227.0,237.0,226.0,234.9,3.48,344665.0,276.0,180.0
LEC,4/5/2026,230.4,231.0,215.1,216.0,-6.25,324054.0,276.0,180.0
LEC,4/6/2026,219.0,236.0,216.0,235.0,7.31,406826.0,276.0,180.0
LEC,4/7/2026,237.7,240.0,228.7,232.0,-2.4,275062.0,276.0,180.0
LEC,4/8/2026,234.6,237.0,230.0,233.5,-0.47,306321.0,276.0,180.0
LEC,4/9/2026,235.8,242.3,231.0,242.0,2.63,325019.0,276.0,180.0
LEC,4/10/2026,238.1,246.1,237.1,244.0,2.48,354767.0,276.0,180.0
LEC,4/13/2026,248.0,254.3,239.2,250.0,0.81,425157.0,276.0,180.0
LEC,4/15/2026,250.0,258.4,250.0,250.4,0.16,406610.0,276.0,180.0
LEC,4/16/2026,253.0,253.0,240.0,241.0,-4.74,291629.0,276.0,180.0
LEC,4/17/2026,241.0,245.5,235.2,245.0,1.66,255939.0,276.0,180.0
LEC,4/20/2026,240.1,244.0,237.0,239.0,-0.46,126508.0,276.0,180.0
LEC,4/21/2026,245.0,245.0,232.2,232.5,-5.1,116606.0,276.0,180.0
LEC,4/22/2026,244.0,244.0,226.0,235.0,-3.69,217584.0,276.0,180.0
LEC,4/23/2026,237.0,240.0,230.1,231.0,-2.53,90395.0,276.0,180.0
LEC,4/24/2026,226.0,235.0,226.0,232.0,2.65,144741.0,276.0,180.0
LEC,4/27/2026,232.0,237.0,230.0,230.2,-0.78,68183.0,276.0,180.0
LEC,4/28/2026,233.0,234.8,225.0,225.5,-3.22,124466.0,276.0,180.0
LEC,4/29/2026,236.7,236.7,222.0,223.8,-5.45,108043.0,276.0,180.0
LEC,4/30/2026,220.2,225.0,219.0,222.0,0.82,160616.0,276.0,180.0
LEC,5/4/2026,223.0,225.0,216.6,218.0,-2.24,128418.0,276.0,180.0
LEC,5/5/2026,218.0,224.5,216.3,220.0,0.92,96915.0,276.0,180.0
LEC,5/6/2026,218.0,223.0,218.0,219.0,0.46,68021.0,276.0,180.0
LEC,5/7/2026,216.0,222.0,216.0,221.8,2.69,62139.0,276.0,180.0
LEC,5/8/2026,211.0,230.0,211.0,227.4,7.77,84443.0,276.0,180.0
LEC,5/11/2026,230.0,233.2,227.0,232.0,0.87,139420.0,276.0,180.0
LEC,5/12/2026,235.0,235.9,223.0,224.1,-4.64,125315.0,276.0,180.0
LEC,5/13/2026,224.0,226.0,220.6,223.0,-0.45,56870.0,276.0,180.0
LEC,5/14/2026,222.0,224.7,221.1,223.8,0.81,62508.0,276.0,180.0
LEC,5/15/2026,223.0,227.0,222.0,223.0,0.0,56192.0,276.0,180.0
LEC,5/18/2026,225.0,226.0,222.3,225.5,0.22,45930.0,276.0,180.0
LEC,5/19/2026,228.5,228.5,222.1,223.0,-2.41,57506.0,276.0,180.0
LEC,5/20/2026,225.0,230.0,222.0,229.6,2.04,118071.0,276.0,180.0
LEC,5/21/2026,241.0,241.0,226.0,227.0,-5.81,77702.0,276.0,180.0
LEC,5/22/2026,238.3,238.3,225.5,233.0,-2.22,94653.0,276.0,180.0
LEC,5/25/2026,222.0,237.9,222.0,236.0,6.31,131055.0,276.0,180.0
LEC,5/26/2026,238.0,238.0,231.5,233.4,-1.93,47866.0,276.0,180.0
LEC,5/27/2026,242.2,242.2,230.0,233.5,-3.59,124707.0,276.0,180.0
LEC,6/1/2026,233.0,234.0,223.5,224.1,-3.82,125776.0,276.0,180.0
LEC,6/2/2026,224.4,229.8,224.0,227.7,1.47,62439.0,276.0,180.0
LEC,6/3/2026,225.0,230.0,225.0,226.9,0.84,72406.0,276.0,180.0
LEC,6/4/2026,229.4,229.8,223.0,225.9,-1.53,101877.0,276.0,180.0
LEC,6/5/2026,223.6,225.9,222.1,223.1,-0.22,55344.0,276.0,180.0
LEC,6/8/2026,234.2,234.2,220.1,222.0,-5.21,67230.0,276.0,180.0
LEC,6/9/2026,227.5,227.5,219.0,224.0,-1.54,98707.0,276.0,180.0
LEC,6/10/2026,219.2,225.0,219.2,222.9,1.69,65712.0,276.0,180.0
LEC,6/11/2026,222.0,224.0,220.8,220.8,-0.54,52843.0,276.0,180.0
LEC,6/12/2026,209.8,226.5,209.8,223.0,6.29,93449.0,276.0,180.0
LEC,6/15/2026,223.0,224.1,220.1,223.0,0.0,39364.0,276.0,180.0
LEC,6/16/2026,220.2,223.9,219.1,220.0,-0.09,31657.0,276.0,180.0
LEC,6/17/2026,223.0,223.0,218.0,219.8,-1.43,50521.0,276.0,180.0
LEC,6/18/2026,220.0,221.0,218.0,219.0,-0.45,36231.0,276.0,180.0
LEC,6/19/2026,220.0,220.0,217.7,218.5,-0.68,56091.0,276.0,180.0
LEC,6/22/2026,221.0,221.0,216.0,218.0,-1.36,48824.0,276.0,180.0
LEC,6/23/2026,219.5,219.9,215.0,215.9,-1.64,53952.0,276.0,180.0
LEC,6/24/2026,213.1,216.5,212.0,214.0,0.42,50896.0,276.0,180.0
LEC,6/26/2026,214.0,215.0,210.2,212.6,-0.65,45241.0,276.0,180.0
LEC,6/29/2026,215.0,215.0,208.1,211.0,-1.86,45182.0,276.0,180.0
LEC,6/30/2026,211.0,211.8,206.0,207.5,-1.66,72140.0,276.0,180.0
LEC,7/1/2026,209.0,213.9,208.9,212.5,1.67,50709.0,276.0,180.0
LEC,7/2/2026,215.4,215.4,210.5,212.0,-1.58,25040.0,276.0,180.0
LEC,7/3/2026,222.6,222.6,210.2,211.0,-5.21,41787.0,276.0,180.0
LEC,7/6/2026,211.0,212.7,208.0,209.0,-0.95,22975.0,276.0,180.0
LEC,7/7/2026,208.2,213.0,208.1,211.0,1.34,33106.0,276.0,180.0
LEC,7/8/2026,200.5,215.0,200.5,209.8,4.64,36498.0,276.0,180.0
LEC,7/9/2026,211.9,211.9,205.6,206.8,-2.41,52689.0,276.0,180.0
LEC,7/10/2026,196.5,217.4,196.5,206.6,5.14,57416.0,276.0,180.0
LEC,7/13/2026,211.0,211.0,201.1,203.3,-3.65,69241.0,276.0,180.0
LEC,7/14/2026,203.0,210.1,200.0,205.3,1.13,97031.0,276.0,180.0
LEC,7/15/2026,211.0,211.0,205.0,205.0,-2.84,40082.0,276.0,180.0
LEC,7/16/2026,209.9,209.9,202.4,203.0,-3.29,64279.0,276.0,180.0
LEC,7/17/2026,208.8,218.9,206.8,218.8,4.79,125636.0,276.0,180.0
LEC,7/20/2026,219.0,225.8,216.0,225.4,2.92,168116.0,276.0,180.0
LEC,7/21/2026,228.5,228.5,220.1,222.3,-2.71,117551.0,276.0,180.0
LEC,7/22/2026,224.8,224.8,217.5,220.0,-2.14,70637.0,276.0,180.0
LEC,7/23/2026,220.0,223.0,216.2,222.6,1.18,70351.0,276.0,180.0
LEC,7/24/2026,224.9,227.9,222.4,224.0,-0.4,140458.0,276.0,180.0
LEC,7/27/2026,225.0,234.0,224.5,225.0,0.0,379290.0,276.0,180.0
LEC,7/28/2026,227.0,232.0,225.3,227.7,0.31,253807.0,276.0,180.0
LEC,7/29/2026,229.5,231.7,225.0,226.9,-1.13,200185.0,276.0,180.0
LEC,7/30/2026,238.2,238.2,222.0,224.8,-5.63,127642.0,276.0,180.0
LEC,7/31/2026,224.0,227.1,221.2,225.9,0.85,78017.0,276.0,180.0
LEC,8/3/2026,229.9,229.9,225.0,225.1,-2.09,79082.0,276.0,180.0
LEC,8/4/2026,236.3,236.3,220.2,228.0,-3.51,304860.0,276.0,180.0
LEC,8/5/2026,231.0,231.0,226.2,228.5,-1.08,74078.0,276.0,180.0
LEC,8/6/2026,229.9,229.9,220.4,224.0,-2.57,105012.0,276.0,180.0
LEC,8/7/2026,235.2,235.2,220.0,221.2,-5.95,76335.0,276.0,180.0
LEC,8/10/2026,221.5,224.8,217.0,218.0,-1.58,92850.0,276.0,180.0
LEC,8/11/2026,220.9,222.7,218.4,219.0,-0.86,64718.0,276.0,180.0
LEC,8/12/2026,218.0,222.0,217.5,217.8,-0.09,35487.0,276.0,180.0
LEC,8/13/2026,207.0,229.0,207.0,224.5,8.45,266088.0,276.0,180.0
LEC,8/14/2026,213.4,233.0,213.4,230.7,8.11,723736.0,276.0,180.0
LEC,8/17/2026,230.7,232.0,225.1,228.0,-1.17,121520.0,276.0,180.0
LEC,8/18/2026,228.0,230.0,222.0,223.0,-2.19,96115.0,276.0,180.0
LEC,8/19/2026,211.9,224.0,211.9,220.9,4.25,239048.0,276.0,180.0
LEC,8/20/2026,219.0,223.5,219.0,221.7,1.23,102327.0,276.0,180.0
LEC,8/21/2026,220.4,223.0,217.3,217.3,-1.41,197561.0,276.0,180.0
LEC,8/24/2026,218.0,220.0,213.0,213.9,-1.88,167696.0,276.0,180.0
LEC,8/25/2026,213.9,218.0,210.0,212.9,-0.47,115597.0,276.0,180.0
LEC,8/26/2026,210.1,213.0,206.7,209.1,-0.48,157840.0,276.0,180.0
LEC,8/27/2026,205.0,215.0,204.0,213.0,3.9,94705.0,276.0,180.0
LEC,8/31/2026,213.0,213.0,207.1,208.0,-2.35,75287.0,276.0,180.0
LEC,9/1/2026,197.6,213.0,197.6,210.0,6.28,60259.0,276.0,180.0
LEC,9/2/2026,210.0,211.9,208.3,210.2,0.1,30889.0,276.0,180.0
LEC,9/3/2026,210.5,212.7,209.5,210.0,-0.24,71132.0,276.0,180.0
LEC,9/7/2026,210.2,216.0,210.2,215.0,2.28,73636.0,276.0,180.0
LEC,9/9/2026,215.0,218.0,213.0,214.0,-0.47,94638.0,276.0,180.0
LEC,9/10/2026,217.0,246.1,211.7,246.1,13.41,1927027.0,276.0,180.0
LEC,9/11/2026,250.0,266.0,246.0,252.2,0.88,1434225.0,276.0,180.0
LEC,9/14/2026,252.0,260.0,249.1,250.0,-0.79,935670.0,276.0,180.0
LEC,9/15/2026,262.5,270.0,252.3,256.8,-2.17,1062567.0,276.0,180.0
LEC,9/16/2026,256.6,259.0,248.5,250.0,-2.57,580098.0,276.0,180.0
LEC,9/17/2026,252.0,256.0,248.0,252.1,0.04,542654.0,276.0,180.0
LEC,9/18/2026,252.1,263.0,252.0,259.9,3.09,879413.0,276.0,180.0
LEC,9/22/2026,260.4,272.8,258.0,260.0,-0.15,753438.0,276.0,180.0
LEC,9/23/2026,260.0,262.9,254.0,254.0,-2.31,509056.0,276.0,180.0
LEC,9/24/2026,266.7,266.7,251.3,254.8,-4.46,326188.0,276.0,180.0
LEC,9/28/2026,255.1,258.0,244.1,244.2,-4.27,314874.0,276.0,180.0
LEC,9/29/2026,244.0,250.0,244.0,0.0,-100.0,160547.0,276.0,180.0
LEC,9/30/2026,249.3,256.0,247.0,252.8,1.4,548535.0,276.0,180.0
LEC,10/1/2026,254.8,258.5,252.0,252.3,-0.98,374816.0,276.0,180.0
LEC,10/2/2026,245.0,254.0,244.1,245.0,0.0,435415.0,276.0,180.0
LICN,8/3/2011,528.0,538.0,538.0,538.0,,50.0,969.0,741.5
LICN,8/4/2011,538.0,548.0,538.0,548.0,1.86,520.0,969.0,741.5
LICN,8/7/2011,548.0,550.0,548.0,550.0,0.36,40.0,969.0,741.5
LICN,8/9/2011,550.0,561.0,550.0,561.0,2.0,650.0,969.0,741.5
LICN,8/10/2011,561.0,572.0,562.0,562.0,0.18,640.0,969.0,741.5
LICN,8/17/2011,562.0,565.0,565.0,565.0,0.53,70.0,969.0,741.5
LICN,8/22/2011,565.0,554.0,533.0,543.0,-3.89,550.0,969.0,741.5
LICN,8/23/2011,543.0,543.0,543.0,543.0,0.0,40.0,969.0,741.5
LICN,8/28/2011,543.0,545.0,543.0,545.0,0.37,210.0,969.0,741.5
LICN,8/30/2011,545.0,545.0,545.0,545.0,0.0,10.0,969.0,741.5
LICN,9/1/2011,545.0,545.0,545.0,545.0,0.0,430.0,969.0,741.5
LICN,9/6/2011,545.0,535.0,525.0,525.0,-3.67,70.0,969.0,741.5
LICN,9/29/2011,525.0,535.0,515.0,535.0,1.9,200.0,969.0,741.5
LICN,10/9/2011,535.0,535.0,535.0,535.0,0.0,60.0,969.0,741.5
LICN,10/12/2011,535.0,550.0,540.0,550.0,2.8,210.0,969.0,741.5
LICN,10/13/2011,550.0,560.0,560.0,560.0,1.82,150.0,969.0,741.5
LICN,10/17/2011,560.0,565.0,560.0,560.0,0.0,80.0,969.0,741.5
LICN,10/18/2011,560.0,570.0,560.0,560.0,0.0,180.0,969.0,741.5
LICN,10/19/2011,560.0,559.0,549.0,559.0,-0.18,40.0,969.0,741.5
LICN,10/23/2011,559.0,565.0,565.0,565.0,1.07,100.0,969.0,741.5
LICN,10/24/2011,565.0,576.0,576.0,576.0,1.95,50.0,969.0,741.5
LICN,10/30/2011,576.0,576.0,565.0,576.0,0.0,120.0,969.0,741.5
LICN,10/31/2011,576.0,593.0,582.0,593.0,2.95,200.0,969.0,741.5
LICN,11/10/2011,593.0,600.0,593.0,600.0,1.18,250.0,969.0,741.5
LICN,11/17/2011,600.0,590.0,580.0,580.0,-3.33,200.0,969.0,741.5
LICN,11/23/2011,580.0,580.0,580.0,580.0,0.0,130.0,969.0,741.5
LICN,12/7/2011,580.0,569.0,548.0,548.0,-5.52,500.0,969.0,741.5
LICN,12/8/2011,548.0,545.0,545.0,545.0,-0.55,10.0,969.0,741.5
LICN,12/11/2011,545.0,545.0,505.0,505.0,-7.34,1430.0,969.0,741.5
LICN,12/14/2011,505.0,505.0,500.0,500.0,-0.99,650.0,969.0,741.5
LICN,12/15/2011,500.0,500.0,490.0,490.0,-2.0,910.0,969.0,741.5
LICN,12/22/2011,490.0,481.0,481.0,481.0,-1.84,350.0,969.0,741.5
LICN,12/26/2011,481.0,481.0,481.0,481.0,0.0,3490.0,969.0,741.5
LICN,12/29/2011,481.0,482.0,482.0,482.0,0.21,10.0,969.0,741.5
LICN,1/2/2012,482.0,500.0,491.0,500.0,3.73,30.0,969.0,741.5
LICN,1/4/2012,500.0,490.0,481.0,481.0,-3.8,60.0,969.0,741.5
LICN,1/9/2012,481.0,490.0,490.0,490.0,1.87,10.0,969.0,741.5
LICN,1/17/2012,490.0,518.0,499.0,518.0,5.71,80.0,969.0,741.5
LICN,1/22/2012,518.0,528.0,516.0,528.0,1.93,150.0,969.0,741.5
LICN,1/23/2012,528.0,520.0,519.0,519.0,-1.7,20.0,969.0,741.5
LICN,1/26/2012,519.0,528.0,528.0,528.0,1.73,10.0,969.0,741.5
LICN,1/31/2012,528.0,528.0,520.0,520.0,-1.52,110.0,969.0,741.5
LICN,2/2/2012,520.0,521.0,521.0,521.0,0.19,10.0,969.0,741.5
LICN,2/5/2012,521.0,525.0,521.0,521.0,0.0,30.0,969.0,741.5
LICN,2/6/2012,521.0,525.0,521.0,521.0,0.0,90.0,969.0,741.5
LICN,2/7/2012,521.0,525.0,515.0,525.0,0.77,290.0,969.0,741.5
LICN,2/8/2012,525.0,525.0,521.0,521.0,-0.76,280.0,969.0,741.5
LICN,2/12/2012,521.0,521.0,521.0,521.0,0.0,10.0,969.0,741.5
LICN,2/14/2012,521.0,515.0,515.0,515.0,-1.15,50.0,969.0,741.5
LICN,2/15/2012,515.0,506.0,506.0,506.0,-1.75,150.0,969.0,741.5
LICN,2/16/2012,506.0,516.0,516.0,516.0,1.98,60.0,969.0,741.5
LICN,2/23/2012,516.0,517.0,516.0,517.0,0.19,60.0,969.0,741.5
LICN,2/29/2012,517.0,550.0,520.0,542.0,4.84,2070.0,969.0,741.5
LICN,3/6/2012,542.0,560.0,552.0,560.0,3.32,60.0,969.0,741.5
LICN,3/12/2012,560.0,569.0,551.0,569.0,1.61,560.0,969.0,741.5
LICN,3/13/2012,569.0,575.0,570.0,575.0,1.05,310.0,969.0,741.5
LICN,3/18/2012,575.0,575.0,575.0,575.0,0.0,440.0,969.0,741.5
LICN,3/19/2012,575.0,571.0,555.0,571.0,-0.7,4960.0,969.0,741.5
LICN,3/20/2012,571.0,567.0,565.0,567.0,-0.7,20.0,969.0,741.5
LICN,3/21/2012,567.0,575.0,570.0,575.0,1.41,30.0,969.0,741.5
LICN,3/28/2012,575.0,571.0,571.0,571.0,-0.7,10.0,969.0,741.5
LICN,3/29/2012,571.0,571.0,571.0,571.0,0.0,20.0,969.0,741.5
LICN,4/2/2012,571.0,571.0,571.0,571.0,0.0,20.0,969.0,741.5
LICN,4/4/2012,571.0,596.0,582.0,596.0,4.38,180.0,969.0,741.5
LICN,4/5/2012,596.0,605.0,605.0,605.0,1.51,50.0,969.0,741.5
LICN,4/10/2012,605.0,600.0,600.0,600.0,-0.83,20.0,969.0,741.5
LICN,4/12/2012,600.0,620.0,612.0,620.0,3.33,560.0,969.0,741.5
LICN,4/17/2012,620.0,608.0,608.0,608.0,-1.94,20.0,969.0,741.5
LICN,4/19/2012,608.0,620.0,620.0,620.0,1.97,50.0,969.0,741.5
LICN,4/26/2012,620.0,656.0,620.0,656.0,5.81,460.0,969.0,741.5
LICN,4/29/2012,656.0,708.0,669.0,708.0,7.93,830.0,969.0,741.5
LICN,4/30/2012,708.0,736.0,720.0,736.0,3.95,1540.0,969.0,741.5
LICN,5/2/2012,736.0,750.0,750.0,750.0,1.9,3120.0,969.0,741.5
LICN,5/3/2012,750.0,765.0,765.0,765.0,2.0,1030.0,969.0,741.5
LICN,5/7/2012,765.0,780.0,780.0,780.0,1.96,100.0,969.0,741.5
LICN,5/8/2012,780.0,795.0,795.0,795.0,1.92,1000.0,969.0,741.5
LICN,5/9/2012,795.0,810.0,795.0,810.0,1.89,590.0,969.0,741.5
LICN,5/10/2012,810.0,837.0,805.0,821.0,1.36,3900.0,969.0,741.5
LICN,5/16/2012,821.0,857.0,825.0,857.0,4.38,230.0,969.0,741.5
LICN,5/17/2012,857.0,908.0,870.0,908.0,5.95,1340.0,969.0,741.5
LICN,5/20/2012,908.0,900.0,883.0,900.0,-0.88,980.0,969.0,741.5
LICN,5/21/2012,900.0,917.0,900.0,917.0,1.89,200.0,969.0,741.5
LICN,5/22/2012,917.0,899.0,882.0,882.0,-3.82,120.0,969.0,741.5
LICN,5/23/2012,882.0,865.0,865.0,865.0,-1.93,10.0,969.0,741.5
LICN,5/24/2012,865.0,851.0,840.0,840.0,-2.89,280.0,969.0,741.5
LICN,5/27/2012,840.0,840.0,824.0,840.0,0.0,40.0,969.0,741.5
LICN,5/29/2012,840.0,824.0,777.0,777.0,-7.5,140.0,969.0,741.5
LICN,5/30/2012,777.0,770.0,760.0,760.0,-2.19,1120.0,969.0,741.5
LICN,5/31/2012,760.0,780.0,765.0,780.0,2.63,1050.0,969.0,741.5
LICN,6/3/2012,780.0,795.0,795.0,795.0,1.92,10.0,969.0,741.5
LICN,6/4/2012,795.0,800.0,784.0,785.0,-1.26,560.0,969.0,741.5
LICN,6/5/2012,785.0,770.0,757.0,757.0,-3.57,140.0,969.0,741.5
LICN,6/6/2012,757.0,750.0,743.0,743.0,-1.85,50.0,969.0,741.5
LICN,6/7/2012,743.0,730.0,730.0,730.0,-1.75,30.0,969.0,741.5
LICN,6/10/2012,730.0,731.0,731.0,731.0,0.14,20.0,969.0,741.5
LICN,6/11/2012,731.0,748.0,742.0,748.0,2.33,480.0,969.0,741.5
LICN,6/12/2012,748.0,777.0,762.0,775.0,3.61,120.0,969.0,741.5
LICN,6/13/2012,775.0,770.0,770.0,770.0,-0.65,30.0,969.0,741.5
LICN,6/14/2012,770.0,755.0,743.0,743.0,-3.51,40.0,969.0,741.5
LICN,6/19/2012,743.0,743.0,743.0,743.0,0.0,20.0,969.0,741.5
LICN,6/20/2012,743.0,747.0,743.0,747.0,0.54,30.0,969.0,741.5
LICN,6/21/2012,747.0,745.0,745.0,745.0,-0.27,60.0,969.0,741.5
LICN,6/25/2012,745.0,759.0,759.0,759.0,1.88,20.0,969.0,741.5
LICN,6/26/2012,759.0,745.0,744.0,745.0,-1.84,20.0,969.0,741.5
LICN,6/28/2012,745.0,750.0,750.0,750.0,0.67,100.0,969.0,741.5
LICN,7/1/2012,750.0,780.0,765.0,775.0,3.33,120.0,969.0,741.5
LICN,7/3/2012,775.0,790.0,760.0,760.0,-1.94,30.0,969.0,741.5
LICN,7/4/2012,760.0,790.0,760.0,760.0,0.0,60.0,969.0,741.5
LICN,7/5/2012,760.0,775.0,760.0,775.0,1.97,1160.0,969.0,741.5
LICN,7/8/2012,775.0,790.0,761.0,762.0,-1.68,120.0,969.0,741.5
LICN,7/9/2012,762.0,838.0,777.0,838.0,9.97,50.0,969.0,741.5
LICN,7/10/2012,838.0,918.0,854.0,918.0,9.55,1600.0,969.0,741.5
LICN,7/11/2012,918.0,917.0,886.0,890.0,-3.05,770.0,969.0,741.5
LICN,7/12/2012,890.0,889.0,870.0,880.0,-1.12,1040.0,969.0,741.5
LICN,7/15/2012,880.0,870.0,865.0,870.0,-1.14,820.0,969.0,741.5
LICN,7/16/2012,870.0,880.0,875.0,879.0,1.03,160.0,969.0,741.5
LICN,7/19/2012,879.0,896.0,896.0,896.0,1.93,50.0,969.0,741.5
LICN,7/22/2012,896.0,913.0,913.0,913.0,1.9,10.0,969.0,741.5
LICN,7/24/2012,913.0,901.0,901.0,901.0,-1.31,1000.0,969.0,741.5
LICN,7/25/2012,901.0,908.0,883.0,908.0,0.78,350.0,969.0,741.5
LICN,7/26/2012,908.0,926.0,908.0,926.0,1.98,120.0,969.0,741.5
LICN,7/29/2012,926.0,926.0,926.0,926.0,0.0,100.0,969.0,741.5
LICN,7/30/2012,926.0,926.0,926.0,926.0,0.0,50.0,969.0,741.5
LICN,7/31/2012,926.0,926.0,926.0,926.0,0.0,20.0,969.0,741.5
LICN,8/1/2012,926.0,920.0,920.0,920.0,-0.65,110.0,969.0,741.5
LICN,8/6/2012,920.0,938.0,925.0,928.0,0.87,310.0,969.0,741.5
LICN,8/7/2012,928.0,910.0,910.0,910.0,-1.94,280.0,969.0,741.5
LICN,8/8/2012,910.0,900.0,900.0,900.0,-1.1,1000.0,969.0,741.5
LICN,8/12/2012,900.0,935.0,910.0,917.0,1.89,120.0,969.0,741.5
LICN,8/13/2012,917.0,935.0,920.0,935.0,1.96,280.0,969.0,741.5
LICN,8/16/2012,935.0,961.0,950.0,961.0,2.78,1140.0,969.0,741.5
LICN,8/19/2012,961.0,960.0,924.0,960.0,-0.1,1050.0,969.0,741.5
LICN,8/21/2012,960.0,942.0,942.0,942.0,-1.88,90.0,969.0,741.5
LICN,8/22/2012,942.0,942.0,924.0,924.0,-1.91,60.0,969.0,741.5
LICN,8/23/2012,924.0,953.0,935.0,953.0,3.14,270.0,969.0,741.5
LICN,8/26/2012,953.0,960.0,960.0,960.0,0.73,20.0,969.0,741.5
LICN,8/27/2012,960.0,970.0,970.0,970.0,1.04,20.0,969.0,741.5
LICN,8/28/2012,970.0,951.0,950.0,950.0,-2.06,940.0,969.0,741.5
LICN,8/30/2012,950.0,950.0,950.0,950.0,0.0,100.0,969.0,741.5
LICN,9/2/2012,950.0,950.0,950.0,950.0,0.0,20.0,969.0,741.5
LICN,9/3/2012,950.0,960.0,960.0,960.0,1.05,80.0,969.0,741.5
LICN,9/6/2012,960.0,999.0,960.0,999.0,4.06,270.0,969.0,741.5
LICN,9/9/2012,999.0,1058.0,995.0,1037.0,3.8,3130.0,969.0,741.5
LICN,9/10/2012,1037.0,1140.0,1050.0,1140.0,9.93,690.0,969.0,741.5
LICN,9/11/2012,1140.0,1183.0,1078.0,1183.0,3.77,740.0,969.0,741.5
LICN,9/12/2012,1183.0,1206.0,1200.0,1200.0,1.44,1180.0,969.0,741.5
LICN,9/13/2012,1200.0,1272.0,1180.0,1180.0,-1.67,1820.0,969.0,741.5
LICN,9/16/2012,1180.0,1248.0,1181.0,1248.0,5.76,240.0,969.0,741.5
LICN,9/17/2012,1248.0,1224.0,1190.0,1191.0,-4.57,600.0,969.0,741.5
LICN,9/18/2012,1191.0,1238.0,1199.0,1213.0,1.85,460.0,969.0,741.5
LICN,9/19/2012,1213.0,1249.0,1200.0,1200.0,-1.07,770.0,969.0,741.5
LICN,9/20/2012,1200.0,1201.0,1181.0,1201.0,0.08,1210.0,969.0,741.5
LICN,9/23/2012,1201.0,1195.0,1180.0,1190.0,-0.92,240.0,969.0,741.5
LICN,9/24/2012,1190.0,1210.0,1170.0,1210.0,1.68,710.0,969.0,741.5
LICN,9/25/2012,1210.0,1210.0,1186.0,1210.0,0.0,1400.0,969.0,741.5
LICN,9/26/2012,1210.0,1210.0,1210.0,1210.0,0.0,230.0,969.0,741.5
LICN,9/30/2012,1230.0,1224.0,1206.0,1224.0,1.16,600.0,969.0,741.5
LICN,10/1/2012,1224.0,1323.0,1225.0,1322.0,8.01,770.0,969.0,741.5
LICN,10/2/2012,1322.0,1343.0,1293.0,1343.0,1.59,440.0,969.0,741.5
LICN,10/3/2012,1343.0,1317.0,1219.0,1291.0,-3.87,1100.0,969.0,741.5
LICN,10/4/2012,1291.0,1291.0,1230.0,1291.0,0.0,3500.0,969.0,741.5
LICN,10/7/2012,1291.0,1310.0,1290.0,1310.0,1.47,1330.0,969.0,741.5
LICN,10/9/2012,1310.0,1284.0,1235.0,1255.0,-4.2,1670.0,969.0,741.5
LICN,10/10/2012,1255.0,1299.0,1250.0,1299.0,3.51,190.0,969.0,741.5
LICN,10/11/2012,1299.0,1324.0,1299.0,1299.0,0.0,120.0,969.0,741.5
LICN,10/14/2012,1299.0,1299.0,1274.0,1299.0,0.0,40.0,969.0,741.5
LICN,10/15/2012,1299.0,1274.0,1230.0,1230.0,-5.31,520.0,969.0,741.5
LICN,10/18/2012,1230.0,1250.0,1225.0,1225.0,-0.41,20.0,969.0,741.5
LICN,10/30/2012,1225.0,1253.0,1205.0,1253.0,2.29,80.0,969.0,741.5
LICN,10/31/2012,1253.0,1300.0,1278.0,1300.0,3.75,20.0,969.0,741.5
LICN,11/1/2012,1300.0,1320.0,1294.0,1294.0,-0.46,140.0,969.0,741.5
LICN,11/5/2012,1294.0,1320.0,1305.0,1320.0,2.01,60.0,969.0,741.5
LICN,11/6/2012,1320.0,1340.0,1320.0,1320.0,0.0,40.0,969.0,741.5
LICN,11/8/2012,1320.0,1339.0,1315.0,1339.0,1.44,20.0,969.0,741.5
LICN,11/11/2012,1339.0,1320.0,1313.0,1320.0,-1.42,140.0,969.0,741.5
LICN,11/18/2012,1320.0,1380.0,1320.0,1380.0,4.55,160.0,969.0,741.5
LICN,11/20/2012,1380.0,1406.0,1406.0,1406.0,1.88,20.0,969.0,741.5
LICN,11/21/2012,1406.0,1450.0,1393.0,1393.0,-0.92,1060.0,969.0,741.5
LICN,11/22/2012,1393.0,1415.0,1395.0,1415.0,1.58,30.0,969.0,741.5
LICN,11/25/2012,1415.0,1399.0,1399.0,1399.0,-1.13,40.0,969.0,741.5
LICN,12/3/2012,1399.0,1372.0,1268.0,1340.0,-4.22,190.0,969.0,741.5
LICN,12/4/2012,1340.0,1385.0,1314.0,1382.0,3.13,380.0,969.0,741.5
LICN,12/5/2012,1382.0,1382.0,1355.0,1355.0,-1.95,670.0,969.0,741.5
LICN,12/6/2012,1355.0,1328.0,1276.0,1280.0,-5.54,540.0,969.0,741.5
LICN,12/9/2012,1280.0,1326.0,1300.0,1326.0,3.59,600.0,969.0,741.5
LICN,12/10/2012,1326.0,1360.0,1300.0,1360.0,2.56,1080.0,969.0,741.5
LICN,12/11/2012,1360.0,1410.0,1355.0,1355.0,-0.37,1940.0,969.0,741.5
LICN,12/12/2012,1355.0,1380.0,1346.0,1375.0,1.48,1000.0,969.0,741.5
LICN,12/13/2012,1375.0,1410.0,1375.0,1410.0,2.55,2120.0,969.0,741.5
LICN,1/2/2013,1410.0,887.0,887.0,887.0,-37.09,10.0,969.0,741.5
LICN,1/3/2013,887.0,958.0,904.0,958.0,8.0,290.0,969.0,741.5
LICN,1/6/2013,958.0,996.0,977.0,996.0,3.97,40.0,969.0,741.5
LICN,1/7/2013,996.0,1035.0,1015.0,1035.0,3.92,110.0,969.0,741.5
LICN,1/8/2013,1035.0,1055.0,1055.0,1055.0,1.93,10.0,969.0,741.5
LICN,1/9/2013,1055.0,1070.0,1070.0,1070.0,1.42,10.0,969.0,741.5
LICN,1/10/2013,1070.0,1156.0,1091.0,1156.0,8.04,50.0,969.0,741.5
LICN,1/13/2013,1156.0,1179.0,1179.0,1179.0,1.99,10.0,969.0,741.5
LICN,1/15/2013,1179.0,1190.0,1180.0,1180.0,0.08,240.0,969.0,741.5
LICN,2/3/2013,1180.0,1157.0,1134.0,1134.0,-3.9,30.0,969.0,741.5
LICN,2/12/2013,1134.0,1112.0,1055.0,1055.0,-6.97,260.0,969.0,741.5
LICN,2/13/2013,1055.0,1034.0,994.0,994.0,-5.78,90.0,969.0,741.5
LICN,2/14/2013,994.0,990.0,937.0,937.0,-5.73,450.0,969.0,741.5
LICN,2/17/2013,937.0,974.0,955.0,974.0,3.95,1070.0,969.0,741.5
LICN,2/19/2013,974.0,993.0,993.0,993.0,1.95,110.0,969.0,741.5
LICN,2/20/2013,993.0,993.0,974.0,974.0,-1.91,560.0,969.0,741.5
LICN,2/21/2013,974.0,993.0,960.0,993.0,1.95,140.0,969.0,741.5
LICN,2/24/2013,993.0,999.0,993.0,999.0,0.6,190.0,969.0,741.5
LICN,2/25/2013,999.0,980.0,980.0,980.0,-1.9,100.0,969.0,741.5
LICN,2/26/2013,980.0,980.0,950.0,950.0,-3.06,300.0,969.0,741.5
LICN,2/27/2013,950.0,960.0,950.0,960.0,1.05,736.0,969.0,741.5
LICN,2/28/2013,960.0,979.0,979.0,979.0,1.98,10.0,969.0,741.5
LICN,3/3/2013,979.0,962.0,962.0,962.0,-1.74,16.0,969.0,741.5
LICN,3/5/2013,962.0,962.0,950.0,960.0,-0.21,430.0,969.0,741.5
LICN,3/6/2013,960.0,979.0,975.0,979.0,1.98,620.0,969.0,741.5
LICN,3/7/2013,979.0,970.0,955.0,970.0,-0.92,670.0,969.0,741.5
LICN,3/11/2013,970.0,989.0,982.0,982.0,1.24,630.0,969.0,741.5
LICN,3/13/2013,982.0,1030.0,981.0,1010.0,2.85,982.0,969.0,741.5
LICN,3/14/2013,1010.0,1050.0,1030.0,1035.0,2.48,800.0,969.0,741.5
LICN,3/17/2013,1035.0,1020.0,1000.0,1020.0,-1.45,2052.0,969.0,741.5
LICN,3/18/2013,1020.0,1011.0,991.0,995.0,-2.45,450.0,969.0,741.5
LICN,3/25/2013,995.0,990.0,980.0,980.0,-1.51,130.0,969.0,741.5
LICN,3/28/2013,980.0,993.0,975.0,980.0,0.0,1366.0,969.0,741.5
LICN,3/31/2013,980.0,1000.0,961.0,1000.0,2.04,810.0,969.0,741.5
LICN,4/1/2013,1000.0,1000.0,1000.0,1000.0,0.0,100.0,969.0,741.5
LICN,4/2/2013,1000.0,1000.0,1000.0,1000.0,0.0,1000.0,969.0,741.5
LICN,4/3/2013,1000.0,1013.0,1010.0,1013.0,1.3,150.0,969.0,741.5
LICN,4/4/2013,1013.0,1020.0,1020.0,1020.0,0.69,10.0,969.0,741.5
LICN,4/7/2013,1020.0,1000.0,1000.0,1000.0,-1.96,300.0,969.0,741.5
LICN,4/8/2013,1000.0,1025.0,1020.0,1025.0,2.5,149.0,969.0,741.5
LICN,4/9/2013,1025.0,1008.0,1005.0,1008.0,-1.66,220.0,969.0,741.5
LICN,4/11/2013,1008.0,1030.0,1020.0,1030.0,2.18,166.0,969.0,741.5
LICN,4/15/2013,1030.0,1030.0,1010.0,1030.0,0.0,36.0,969.0,741.5
LICN,4/16/2013,1030.0,1030.0,1025.0,1030.0,0.0,178.0,969.0,741.5
LICN,4/17/2013,1030.0,1045.0,980.0,1045.0,1.46,1052.0,969.0,741.5
LICN,4/18/2013,1045.0,1040.0,1031.0,1031.0,-1.34,133.0,969.0,741.5
LICN,4/21/2013,1031.0,1020.0,1015.0,1020.0,-1.07,690.0,969.0,741.5
LICN,4/22/2013,1020.0,1000.0,1000.0,1000.0,-1.96,231.0,969.0,741.5
LICN,4/23/2013,1000.0,1000.0,980.0,999.0,-0.1,898.0,969.0,741.5
LICN,4/28/2013,999.0,1005.0,988.0,1000.0,0.1,1048.0,969.0,741.5
LICN,4/29/2013,1000.0,1020.0,988.0,990.0,-1.0,2390.0,969.0,741.5
LICN,4/30/2013,990.0,998.0,975.0,988.0,-0.2,2006.0,969.0,741.5
LICN,5/2/2013,988.0,985.0,970.0,970.0,-1.82,1635.0,969.0,741.5
LICN,5/5/2013,970.0,989.0,975.0,980.0,1.03,554.0,969.0,741.5
LICN,5/6/2013,980.0,974.0,966.0,966.0,-1.43,166.0,969.0,741.5
LICN,5/7/2013,966.0,984.0,947.0,965.0,-0.1,90.0,969.0,741.5
LICN,5/8/2013,965.0,980.0,965.0,967.0,0.21,307.0,969.0,741.5
LICN,5/9/2013,967.0,975.0,968.0,968.0,0.1,106.0,969.0,741.5
LICN,5/12/2013,968.0,975.0,975.0,975.0,0.72,63.0,969.0,741.5
LICN,5/13/2013,975.0,1000.0,972.0,1000.0,2.56,758.0,969.0,741.5
LICN,5/14/2013,1000.0,1040.0,1014.0,1040.0,4.0,808.0,969.0,741.5
LICN,5/15/2013,1040.0,1061.0,1020.0,1050.0,0.96,9095.0,969.0,741.5
LICN,5/16/2013,1050.0,1100.0,1070.0,1100.0,4.76,594.0,969.0,741.5
LICN,5/19/2013,1100.0,1101.0,1100.0,1101.0,0.09,154.0,969.0,741.5
LICN,5/20/2013,1101.0,1112.0,1100.0,1110.0,0.82,1174.0,969.0,741.5
LICN,5/21/2013,1110.0,1151.0,1125.0,1150.0,3.6,636.0,969.0,741.5
LICN,5/22/2013,1150.0,1131.0,1130.0,1130.0,-1.74,72.0,969.0,741.5
LICN,5/23/2013,1130.0,1147.0,1110.0,1110.0,-1.77,9549.0,969.0,741.5
LICN,5/27/2013,1110.0,1221.0,1132.0,1221.0,10.0,280.0,969.0,741.5
LICN,5/28/2013,1221.0,1269.0,1244.0,1260.0,3.19,316.0,969.0,741.5
LICN,6/2/2013,1260.0,1250.0,1220.0,1235.0,-1.98,188.0,969.0,741.5
LICN,6/3/2013,1235.0,1220.0,1196.0,1196.0,-3.16,1309.0,969.0,741.5
LICN,6/4/2013,1196.0,1181.0,1173.0,1181.0,-1.25,312.0,969.0,741.5
LICN,6/5/2013,1181.0,1175.0,1175.0,1175.0,-0.51,48.0,969.0,741.5
LICN,6/6/2013,1175.0,1198.0,1198.0,1198.0,1.96,30.0,969.0,741.5
LICN,6/9/2013,1198.0,1175.0,1175.0,1175.0,-1.92,31.0,969.0,741.5
LICN,6/10/2013,1175.0,1152.0,1152.0,1152.0,-1.96,16.0,969.0,741.5
LICN,6/11/2013,1152.0,1175.0,1175.0,1175.0,2.0,340.0,969.0,741.5
LICN,6/12/2013,1175.0,1185.0,1185.0,1185.0,0.85,405.0,969.0,741.5
LICN,6/13/2013,1185.0,1204.0,1190.0,1200.0,1.27,1104.0,969.0,741.5
LICN,6/18/2013,1200.0,1190.0,1167.0,1170.0,-2.5,1412.0,969.0,741.5
LICN,6/19/2013,1170.0,1185.0,1175.0,1177.0,0.6,712.0,969.0,741.5
LICN,6/20/2013,1177.0,1180.0,1175.0,1180.0,0.25,478.0,969.0,741.5
LICN,6/23/2013,1180.0,1175.0,1170.0,1170.0,-0.85,941.0,969.0,741.5
LICN,6/24/2013,1170.0,1184.0,1175.0,1175.0,0.43,2000.0,969.0,741.5
LICN,6/25/2013,1175.0,1175.0,1175.0,1175.0,0.0,18.0,969.0,741.5
LICN,6/26/2013,1175.0,1175.0,1175.0,1175.0,0.0,160.0,969.0,741.5
LICN,6/27/2013,1175.0,1174.0,1162.0,1174.0,-0.09,209.0,969.0,741.5
LICN,6/30/2013,1174.0,1185.0,1175.0,1185.0,0.94,1304.0,969.0,741.5
LICN,7/1/2013,1185.0,1210.0,1170.0,1210.0,2.11,449.0,969.0,741.5
LICN,7/2/2013,1210.0,1190.0,1190.0,1190.0,-1.65,12.0,969.0,741.5
LICN,7/3/2013,1190.0,1205.0,1176.0,1200.0,0.84,2080.0,969.0,741.5
LICN,7/4/2013,1200.0,1226.0,1176.0,1225.0,2.08,6382.0,969.0,741.5
LICN,7/7/2013,1225.0,1230.0,1226.0,1229.0,0.33,442.0,969.0,741.5
LICN,7/8/2013,1229.0,1215.0,1215.0,1215.0,-1.14,250.0,969.0,741.5
LICN,7/9/2013,1215.0,1270.0,1239.0,1268.0,4.36,692.0,969.0,741.5
LICN,7/10/2013,1270.0,1320.0,1290.0,1308.0,3.15,194.0,969.0,741.5
LICN,7/11/2013,1308.0,1300.0,1300.0,1300.0,-0.61,40.0,969.0,741.5
LICN,7/14/2013,1300.0,1350.0,1301.0,1301.0,0.08,2162.0,969.0,741.5
LICN,7/15/2013,1301.0,1335.0,1275.0,1320.0,1.46,551.0,969.0,741.5
LICN,7/16/2013,1320.0,1330.0,1310.0,1330.0,0.76,999.0,969.0,741.5
LICN,7/17/2013,1330.0,1340.0,1330.0,1340.0,0.75,214.0,969.0,741.5
LICN,7/18/2013,1340.0,1366.0,1365.0,1366.0,1.94,531.0,969.0,741.5
LICN,7/21/2013,1366.0,1418.0,1380.0,1418.0,3.81,736.0,969.0,741.5
LICN,7/22/2013,1418.0,1390.0,1390.0,1390.0,-1.97,810.0,969.0,741.5
LICN,7/23/2013,1390.0,1435.0,1390.0,1435.0,3.24,552.0,969.0,741.5
LICN,7/24/2013,1435.0,1458.0,1430.0,1430.0,-0.35,328.0,969.0,741.5
LICN,7/25/2013,1430.0,1484.0,1455.0,1475.0,3.15,342.0,969.0,741.5
LICN,7/28/2013,1475.0,1570.0,1475.0,1570.0,6.44,697.0,969.0,741.5
LICN,7/29/2013,1570.0,1590.0,1541.0,1590.0,1.27,612.0,969.0,741.5
LICN,7/30/2013,1590.0,1620.0,1560.0,1620.0,1.89,584.0,969.0,741.5
LICN,7/31/2013,1620.0,1615.0,1588.0,1610.0,-0.62,1043.0,969.0,741.5
LICN,8/1/2013,1610.0,1605.0,1591.0,1605.0,-0.31,516.0,969.0,741.5
LICN,8/4/2013,1605.0,1636.0,1600.0,1610.0,0.31,1168.0,969.0,741.5
LICN,8/5/2013,1610.0,1595.0,1580.0,1580.0,-1.86,336.0,969.0,741.5
LICN,8/6/2013,1580.0,1611.0,1590.0,1596.0,1.01,1396.0,969.0,741.5
LICN,8/7/2013,1596.0,1620.0,1590.0,1610.0,0.88,946.0,969.0,741.5
LICN,8/8/2013,1610.0,1620.0,1600.0,1600.0,-0.62,825.0,969.0,741.5
LICN,8/11/2013,1600.0,1664.0,1625.0,1664.0,4.0,816.0,969.0,741.5
LICN,8/12/2013,1664.0,1640.0,1640.0,1640.0,-1.44,500.0,969.0,741.5
LICN,8/13/2013,1640.0,1649.0,1640.0,1644.0,0.24,535.0,969.0,741.5
LICN,8/14/2013,1644.0,1625.0,1625.0,1625.0,-1.16,100.0,969.0,741.5
LICN,8/15/2013,1625.0,1630.0,1570.0,1570.0,-3.38,2024.0,969.0,741.5
LICN,8/18/2013,1570.0,1690.0,1601.0,1690.0,7.64,2237.0,969.0,741.5
LICN,8/19/2013,1690.0,1698.0,1640.0,1660.0,-1.78,6112.0,969.0,741.5
LICN,8/20/2013,1660.0,1669.0,1601.0,1669.0,0.54,2366.0,969.0,741.5
LICN,8/25/2013,1669.0,1670.0,1610.0,1655.0,-0.84,3303.0,969.0,741.5
LICN,8/26/2013,1344.0,1320.0,1310.0,1310.0,-20.85,236.0,969.0,741.5
LICN,8/27/2013,1310.0,1310.0,1310.0,1310.0,0.0,50.0,969.0,741.5
LICN,8/29/2013,1310.0,1306.0,1306.0,1306.0,-0.31,186.0,969.0,741.5
LICN,9/1/2013,1306.0,1350.0,1316.0,1350.0,3.37,256.0,969.0,741.5
LICN,9/2/2013,1350.0,1485.0,1375.0,1485.0,10.0,532.0,969.0,741.5
LICN,9/3/2013,1485.0,1514.0,1510.0,1514.0,1.95,130.0,969.0,741.5
LICN,9/4/2013,1514.0,1500.0,1500.0,1500.0,-0.92,12.0,969.0,741.5
LICN,9/5/2013,1500.0,1500.0,1500.0,1500.0,0.0,16.0,969.0,741.5
LICN,9/8/2013,1500.0,1500.0,1500.0,1500.0,0.0,16.0,969.0,741.5
LICN,9/9/2013,1500.0,1510.0,1510.0,1510.0,0.67,36.0,969.0,741.5
LICN,9/11/2013,1510.0,1500.0,1480.0,1500.0,-0.66,850.0,969.0,741.5
LICN,9/12/2013,1500.0,1470.0,1470.0,1470.0,-2.0,50.0,969.0,741.5
LICN,9/16/2013,1470.0,1465.0,1455.0,1465.0,-0.34,48.0,969.0,741.5
LICN,9/17/2013,1465.0,1468.0,1440.0,1468.0,0.2,148.0,969.0,741.5
LICN,9/19/2013,1468.0,1480.0,1439.0,1480.0,0.82,794.0,969.0,741.5
LICN,9/23/2013,1480.0,1460.0,1460.0,1460.0,-1.35,128.0,969.0,741.5
LICN,9/25/2013,1460.0,1450.0,1450.0,1450.0,-0.68,44.0,969.0,741.5
LICN,9/26/2013,1450.0,1422.0,1400.0,1400.0,-3.45,66.0,969.0,741.5
LICN,9/29/2013,1400.0,1391.0,1391.0,1391.0,-0.64,32.0,969.0,741.5
LICN,9/30/2013,1391.0,1391.0,1385.0,1391.0,0.0,128.0,969.0,741.5
LICN,10/1/2013,1391.0,1395.0,1395.0,1395.0,0.29,50.0,969.0,741.5
LICN,10/3/2013,1395.0,1381.0,1380.0,1380.0,-1.08,36.0,969.0,741.5
LICN,10/8/2013,1380.0,1400.0,1395.0,1400.0,1.45,20.0,969.0,741.5
LICN,10/10/2013,1400.0,1375.0,1375.0,1375.0,-1.79,48.0,969.0,741.5
LICN,10/21/2013,1375.0,1402.0,1402.0,1402.0,1.96,16.0,969.0,741.5
LICN,10/22/2013,1402.0,1400.0,1400.0,1400.0,-0.14,16.0,969.0,741.5
LICN,10/24/2013,1400.0,1391.0,1391.0,1391.0,-0.64,10.0,969.0,741.5
LICN,10/27/2013,1391.0,1400.0,1373.0,1373.0,-1.29,40.0,969.0,741.5
LICN,10/29/2013,1373.0,1372.0,1346.0,1372.0,-0.07,428.0,969.0,741.5
LICN,10/30/2013,1372.0,1399.0,1399.0,1399.0,1.97,388.0,969.0,741.5
LICN,10/31/2013,1399.0,1453.0,1373.0,1453.0,3.86,72.0,969.0,741.5
LICN,11/6/2013,1453.0,1454.0,1453.0,1454.0,0.07,416.0,969.0,741.5
LICN,11/7/2013,1454.0,1512.0,1483.0,1512.0,3.99,32.0,969.0,741.5
LICN,11/11/2013,1631.0,1729.0,1663.0,1729.0,14.35,460.0,969.0,741.5
LICN,11/13/2013,1729.0,1763.0,1740.0,1763.0,1.97,282.0,969.0,741.5
LICN,11/14/2013,1763.0,1798.0,1750.0,1750.0,-0.74,183.0,969.0,741.5
LICN,11/24/2013,1750.0,1820.0,1785.0,1820.0,4.0,42.0,969.0,741.5
LICN,11/25/2013,1820.0,1856.0,1856.0,1856.0,1.98,16.0,969.0,741.5
LICN,11/26/2013,1856.0,1870.0,1819.0,1870.0,0.75,197.0,969.0,741.5
LICN,11/27/2013,1870.0,1888.0,1850.0,1888.0,0.96,3312.0,969.0,741.5
LICN,11/28/2013,1888.0,2076.0,1925.0,2076.0,9.96,1748.0,969.0,741.5
LICN,12/1/2013,2076.0,2150.0,2117.0,2150.0,3.56,1032.0,969.0,741.5
LICN,12/2/2013,2150.0,2235.0,2160.0,2235.0,3.95,576.0,969.0,741.5
LICN,12/3/2013,2235.0,2191.0,2191.0,2191.0,-1.97,20.0,969.0,741.5
LICN,12/4/2013,2191.0,2148.0,2106.0,2106.0,-3.88,181.0,969.0,741.5
LICN,12/5/2013,2106.0,2100.0,2000.0,2000.0,-5.03,936.0,969.0,741.5
LICN,12/8/2013,2000.0,2000.0,1930.0,1930.0,-3.5,2607.0,969.0,741.5
LICN,12/9/2013,1930.0,1950.0,1900.0,1911.0,-0.98,2776.0,969.0,741.5
LICN,12/10/2013,1911.0,1975.0,1900.0,1951.0,2.09,1532.0,969.0,741.5
LICN,12/11/2013,1951.0,2010.0,1950.0,1995.0,2.26,1248.0,969.0,741.5
LICN,12/12/2013,1995.0,2050.0,2000.0,2000.0,0.25,624.0,969.0,741.5
LICN,12/15/2013,2000.0,2040.0,1980.0,1980.0,-1.0,3450.0,969.0,741.5
LICN,12/16/2013,1980.0,2050.0,2019.0,2050.0,3.54,1500.0,969.0,741.5
LICN,12/18/2013,2050.0,2120.0,2050.0,2070.0,0.98,486.0,969.0,741.5
LICN,12/19/2013,2070.0,2072.0,1990.0,2071.0,0.05,1873.0,969.0,741.5
LICN,12/22/2013,2071.0,2278.0,2100.0,2278.0,10.0,1855.0,969.0,741.5
LICN,12/23/2013,2278.0,2505.0,2320.0,2505.0,9.96,1096.0,969.0,741.5
LICN,12/24/2013,2505.0,2550.0,2420.0,2460.0,-1.8,1469.0,969.0,741.5
LICN,12/26/2013,2460.0,2460.0,2450.0,2460.0,0.0,288.0,969.0,741.5
LICN,12/29/2013,2460.0,2420.0,2372.0,2400.0,-2.44,210.0,969.0,741.5
LICN,12/31/2013,2400.0,2490.0,2420.0,2490.0,3.75,310.0,969.0,741.5
LICN,1/1/2014,2490.0,2460.0,2375.0,2375.0,-4.62,564.0,969.0,741.5
LICN,1/2/2014,2375.0,2400.0,2311.0,2400.0,1.05,999.0,969.0,741.5
LICN,1/5/2014,2400.0,2490.0,2400.0,2490.0,3.75,3107.0,969.0,741.5
LICN,1/6/2014,2490.0,2495.0,2470.0,2490.0,0.0,1273.0,969.0,741.5
LICN,1/7/2014,2490.0,2575.0,2320.0,2575.0,3.41,4876.0,969.0,741.5
LICN,1/8/2014,2575.0,2760.0,2626.0,2630.0,2.14,3915.0,969.0,741.5
LICN,1/9/2014,2630.0,2700.0,2578.0,2660.0,1.14,1422.0,969.0,741.5
LICN,1/12/2014,2660.0,2662.0,2609.0,2635.0,-0.94,6408.0,969.0,741.5
LICN,1/13/2014,2635.0,2640.0,2630.0,2630.0,-0.19,390.0,969.0,741.5
LICN,1/14/2014,2630.0,2630.0,2590.0,2630.0,0.0,5415.0,969.0,741.5
LICN,1/16/2014,2630.0,2650.0,2598.0,2598.0,-1.22,343.0,969.0,741.5
LICN,1/19/2014,2598.0,2598.0,2547.0,2590.0,-0.31,812.0,969.0,741.5
LICN,1/20/2014,2590.0,2540.0,2539.0,2539.0,-1.97,60.0,969.0,741.5
LICN,1/21/2014,2539.0,2500.0,2450.0,2450.0,-3.51,731.0,969.0,741.5
LICN,1/22/2014,2450.0,2499.0,2425.0,2450.0,0.0,6212.0,969.0,741.5
LICN,1/23/2014,2450.0,2501.0,2450.0,2500.0,2.04,6589.0,969.0,741.5
LICN,1/26/2014,2500.0,2450.0,2450.0,2450.0,-2.0,16.0,969.0,741.5
LICN,1/27/2014,2450.0,2401.0,2400.0,2400.0,-2.04,192.0,969.0,741.5
LICN,1/28/2014,2400.0,2435.0,2353.0,2435.0,1.46,1275.0,969.0,741.5
LICN,1/29/2014,2435.0,2460.0,2430.0,2430.0,-0.21,640.0,969.0,741.5
LICN,2/2/2014,2430.0,2430.0,2400.0,2430.0,0.0,160.0,969.0,741.5
LICN,2/3/2014,2430.0,2550.0,2452.0,2550.0,4.94,960.0,969.0,741.5
LICN,2/4/2014,2550.0,2575.0,2540.0,2540.0,-0.39,229.0,969.0,741.5
LICN,2/6/2014,2550.0,2601.0,2540.0,2601.0,2.4,878.0,969.0,741.5
LICN,2/9/2014,2601.0,2650.0,2605.0,2650.0,1.88,2701.0,969.0,741.5
LICN,2/10/2014,2650.0,2915.0,2700.0,2900.0,9.43,1899.0,969.0,741.5
LICN,2/11/2014,2900.0,3000.0,2900.0,2960.0,2.07,2747.0,969.0,741.5
LICN,2/12/2014,2960.0,3173.0,3010.0,3075.0,3.89,6522.0,969.0,741.5
LICN,2/13/2014,3075.0,3115.0,3000.0,3040.0,-1.14,1925.0,969.0,741.5
LICN,2/16/2014,2338.0,2380.0,2380.0,2380.0,-21.71,50.0,969.0,741.5
LICN,2/17/2014,2380.0,2475.0,2427.0,2475.0,3.99,1237.0,969.0,741.5
LICN,2/18/2014,2475.0,2650.0,2500.0,2650.0,7.07,496.0,969.0,741.5
LICN,2/20/2014,2650.0,2810.0,2703.0,2810.0,6.04,1121.0,969.0,741.5
LICN,2/23/2014,2810.0,2755.0,2700.0,2700.0,-3.91,5130.0,969.0,741.5
LICN,2/24/2014,2700.0,2800.0,2700.0,2700.0,0.0,1195.0,969.0,741.5
LICN,2/25/2014,2700.0,2648.0,2545.0,2545.0,-5.74,500.0,969.0,741.5
LICN,2/26/2014,2545.0,2549.0,2450.0,2450.0,-3.73,5302.0,969.0,741.5
LICN,3/3/2014,2450.0,2500.0,2450.0,2500.0,2.04,650.0,969.0,741.5
LICN,3/4/2014,2500.0,2525.0,2401.0,2401.0,-3.96,737.0,969.0,741.5
LICN,3/5/2014,2401.0,2571.0,2424.0,2571.0,7.08,290.0,969.0,741.5
LICN,3/6/2014,2571.0,2580.0,2530.0,2580.0,0.35,380.0,969.0,741.5
LICN,3/9/2014,2580.0,2550.0,2510.0,2530.0,-1.94,631.0,969.0,741.5
LICN,3/10/2014,2530.0,2515.0,2430.0,2450.0,-3.16,641.0,969.0,741.5
LICN,3/11/2014,2450.0,2500.0,2450.0,2450.0,0.0,653.0,969.0,741.5
LICN,3/12/2014,2450.0,2500.0,2402.0,2500.0,2.04,386.0,969.0,741.5
LICN,3/13/2014,2500.0,2545.0,2510.0,2530.0,1.2,260.0,969.0,741.5
LICN,3/17/2014,2530.0,2500.0,2480.0,2480.0,-1.98,188.0,969.0,741.5
LICN,3/19/2014,2480.0,2460.0,2450.0,2450.0,-1.21,1090.0,969.0,741.5
LICN,3/20/2014,2450.0,2510.0,2460.0,2510.0,2.45,1048.0,969.0,741.5
LICN,3/24/2014,2510.0,2501.0,2450.0,2485.0,-1.0,2360.0,969.0,741.5
LICN,3/25/2014,2485.0,2485.0,2480.0,2485.0,0.0,350.0,969.0,741.5
LICN,3/26/2014,2485.0,2450.0,2450.0,2450.0,-1.41,102.0,969.0,741.5
LICN,3/27/2014,2450.0,2470.0,2440.0,2440.0,-0.41,538.0,969.0,741.5
LICN,3/31/2014,2450.0,2685.0,2485.0,2620.0,7.38,1081.0,969.0,741.5
LICN,4/1/2014,2620.0,2778.0,2640.0,2761.0,5.38,5513.0,969.0,741.5
LICN,4/2/2014,2761.0,2750.0,2750.0,2750.0,-0.4,477.0,969.0,741.5
LICN,4/3/2014,2750.0,2740.0,2650.0,2650.0,-3.64,655.0,969.0,741.5
LICN,4/6/2014,2650.0,2650.0,2650.0,2650.0,0.0,300.0,969.0,741.5
LICN,4/7/2014,2650.0,2701.0,2655.0,2701.0,1.92,272.0,969.0,741.5
LICN,4/9/2014,2701.0,2805.0,2600.0,2805.0,3.85,1415.0,969.0,741.5
LICN,4/10/2014,2805.0,2918.0,2850.0,2850.0,1.6,542.0,969.0,741.5
LICN,4/13/2014,2850.0,2980.0,2845.0,2980.0,4.56,5007.0,969.0,741.5
LICN,4/15/2014,2980.0,3055.0,2980.0,3055.0,2.52,2643.0,969.0,741.5
LICN,4/16/2014,3055.0,3030.0,2990.0,3005.0,-1.64,2747.0,969.0,741.5
LICN,4/17/2014,3005.0,3010.0,2950.0,3005.0,0.0,2528.0,969.0,741.5
LICN,4/20/2014,3005.0,3060.0,3006.0,3060.0,1.83,1795.0,969.0,741.5
LICN,4/21/2014,3060.0,3265.0,3051.0,3265.0,6.7,3435.0,969.0,741.5
LICN,4/22/2014,3265.0,3591.0,3265.0,3591.0,9.98,4358.0,969.0,741.5
LICN,4/23/2014,3591.0,3700.0,3510.0,3510.0,-2.26,3745.0,969.0,741.5
LICN,4/27/2014,3510.0,3550.0,3460.0,3529.0,0.54,2158.0,969.0,741.5
LICN,4/28/2014,3529.0,3505.0,3350.0,3470.0,-1.67,1456.0,969.0,741.5
LICN,4/29/2014,3470.0,3564.0,3440.0,3470.0,0.0,2246.0,969.0,741.5
LICN,4/30/2014,3470.0,3529.0,3460.0,3529.0,1.7,1953.0,969.0,741.5
LICN,5/4/2014,3529.0,3710.0,3529.0,3708.0,5.07,4917.0,969.0,741.5
LICN,5/5/2014,3708.0,3800.0,3505.0,3575.0,-3.59,1102.0,969.0,741.5
LICN,5/6/2014,3575.0,3700.0,3450.0,3680.0,2.94,3562.0,969.0,741.5
LICN,5/7/2014,3680.0,3877.0,3610.0,3789.0,2.96,3310.0,969.0,741.5
LICN,5/8/2014,3789.0,3789.0,3650.0,3700.0,-2.35,1160.0,969.0,741.5
LICN,5/11/2014,3700.0,3630.0,3551.0,3551.0,-4.03,1638.0,969.0,741.5
LICN,5/12/2014,3551.0,3660.0,3551.0,3600.0,1.38,2108.0,969.0,741.5
LICN,5/13/2014,3600.0,3615.0,3550.0,3595.0,-0.14,353.0,969.0,741.5
LICN,5/15/2014,3595.0,3610.0,3454.0,3500.0,-2.64,1689.0,969.0,741.5
LICN,5/18/2014,3500.0,3530.0,3430.0,3430.0,-2.0,1768.0,969.0,741.5
LICN,5/19/2014,3430.0,3420.0,3271.0,3295.0,-3.94,4626.0,969.0,741.5
LICN,5/20/2014,3295.0,3300.0,3250.0,3300.0,0.15,568.0,969.0,741.5
LICN,5/21/2014,3300.0,3350.0,3260.0,3320.0,0.61,1837.0,969.0,741.5
LICN,5/22/2014,3320.0,3390.0,3286.0,3390.0,2.11,432.0,969.0,741.5
LICN,5/25/2014,3390.0,3500.0,3350.0,3351.0,-1.15,1747.0,969.0,741.5
LICN,5/26/2014,3351.0,3400.0,3360.0,3400.0,1.46,247.0,969.0,741.5
LICN,5/27/2014,3400.0,3400.0,3351.0,3399.0,-0.03,1190.0,969.0,741.5
LICN,5/28/2014,3399.0,3425.0,3341.0,3390.0,-0.26,728.0,969.0,741.5
LICN,6/1/2014,3390.0,3390.0,3371.0,3390.0,0.0,427.0,969.0,741.5
LICN,6/2/2014,3390.0,3389.0,3194.0,3360.0,-0.88,7690.0,969.0,741.5
LICN,6/3/2014,3360.0,3400.0,3266.0,3266.0,-2.8,2341.0,969.0,741.5
LICN,6/4/2014,3266.0,3350.0,3234.0,3340.0,2.27,2269.0,969.0,741.5
LICN,6/5/2014,3340.0,3315.0,3250.0,3250.0,-2.69,1121.0,969.0,741.5
LICN,6/8/2014,3250.0,3330.0,3201.0,3301.0,1.57,613.0,969.0,741.5
LICN,6/9/2014,3301.0,3345.0,3305.0,3305.0,0.12,561.0,969.0,741.5
LICN,6/10/2014,3305.0,3345.0,3250.0,3345.0,1.21,12498.0,969.0,741.5
LICN,6/11/2014,3345.0,3365.0,3340.0,3350.0,0.15,5954.0,969.0,741.5
LICN,6/12/2014,3350.0,3365.0,3310.0,3321.0,-0.87,1399.0,969.0,741.5
LICN,6/15/2014,3321.0,3410.0,3387.0,3410.0,2.68,611.0,969.0,741.5
LICN,6/16/2014,3410.0,3470.0,3410.0,3470.0,1.76,799.0,969.0,741.5
LICN,6/17/2014,3470.0,3680.0,3510.0,3530.0,1.73,4541.0,969.0,741.5
LICN,6/18/2014,3530.0,3817.0,3530.0,3600.0,1.98,3557.0,969.0,741.5
LICN,6/19/2014,3600.0,3673.0,3530.0,3672.0,2.0,9730.0,969.0,741.5
LICN,6/23/2014,3672.0,3620.0,3618.0,3618.0,-1.47,1050.0,969.0,741.5
LICN,6/24/2014,3618.0,3690.0,3555.0,3690.0,1.99,3553.0,969.0,741.5
LICN,6/25/2014,3690.0,3723.0,3650.0,3690.0,0.0,7026.0,969.0,741.5
LICN,6/26/2014,3690.0,3725.0,3671.0,3725.0,0.95,3799.0,969.0,741.5
LICN,6/29/2014,3725.0,3801.0,3555.0,3800.0,2.01,15385.0,969.0,741.5
LICN,6/30/2014,3800.0,3900.0,3725.0,3850.0,1.32,13319.0,969.0,741.5
LICN,7/1/2014,3850.0,4090.0,3900.0,4080.0,5.97,2505.0,969.0,741.5
LICN,7/2/2014,4080.0,4240.0,4117.0,4205.0,3.06,4115.0,969.0,741.5
LICN,7/3/2014,4205.0,4205.0,4010.0,4020.0,-4.4,2037.0,969.0,741.5
LICN,7/6/2014,4020.0,4250.0,4049.0,4220.0,4.98,1980.0,969.0,741.5
LICN,7/7/2014,4220.0,4304.0,4240.0,4240.0,0.47,761.0,969.0,741.5
LICN,7/8/2014,4240.0,4304.0,4200.0,4250.0,0.24,4949.0,969.0,741.5
LICN,7/9/2014,4250.0,4201.0,4200.0,4200.0,-1.18,1881.0,969.0,741.5
LICN,7/10/2014,4200.0,4230.0,4000.0,4230.0,0.71,2362.0,969.0,741.5
LICN,7/13/2014,4230.0,4250.0,4160.0,4215.0,-0.35,920.0,969.0,741.5
LICN,7/14/2014,4215.0,4160.0,4090.0,4111.0,-2.47,867.0,969.0,741.5
LICN,7/15/2014,4111.0,4110.0,4000.0,4015.0,-2.34,895.0,969.0,741.5
LICN,7/16/2014,4015.0,4100.0,4025.0,4095.0,1.99,684.0,969.0,741.5
LICN,7/17/2014,4095.0,4081.0,4050.0,4081.0,-0.34,472.0,969.0,741.5
LICN,7/20/2014,4081.0,4170.0,4050.0,4130.0,1.2,1237.0,969.0,741.5
LICN,7/21/2014,4130.0,4165.0,4070.0,4165.0,0.85,3007.0,969.0,741.5
LICN,7/22/2014,4165.0,4171.0,4010.0,4171.0,0.14,785.0,969.0,741.5
LICN,7/23/2014,4171.0,4100.0,4020.0,4030.0,-3.38,307.0,969.0,741.5
LICN,7/24/2014,4030.0,4050.0,4000.0,4010.0,-0.5,1395.0,969.0,741.5
LICN,7/27/2014,4010.0,4020.0,4000.0,4000.0,-0.25,662.0,969.0,741.5
LICN,7/28/2014,4000.0,4000.0,3999.0,4000.0,0.0,254.0,969.0,741.5
LICN,7/30/2014,4000.0,4020.0,3920.0,3970.0,-0.75,1614.0,969.0,741.5
LICN,7/31/2014,3970.0,4000.0,3950.0,4000.0,0.76,1937.0,969.0,741.5
LICN,8/3/2014,4000.0,3990.0,3900.0,3930.0,-1.75,1189.0,969.0,741.5
LICN,8/4/2014,3930.0,3970.0,3794.0,3900.0,-0.76,4345.0,969.0,741.5
LICN,8/5/2014,3900.0,3900.0,3875.0,3895.0,-0.13,1634.0,969.0,741.5
LICN,8/6/2014,3895.0,3950.0,3900.0,3950.0,1.41,602.0,969.0,741.5
LICN,8/7/2014,3950.0,3900.0,3870.0,3880.0,-1.77,1205.0,969.0,741.5
LICN,8/12/2014,3880.0,3850.0,3805.0,3805.0,-1.93,284.0,969.0,741.5
LICN,8/13/2014,3805.0,3820.0,3800.0,3820.0,0.39,801.0,969.0,741.5
LICN,8/14/2014,3820.0,4100.0,3850.0,4100.0,7.33,352.0,969.0,741.5
LICN,8/18/2014,4100.0,4018.0,4018.0,4018.0,-2.0,47.0,969.0,741.5
LICN,8/19/2014,4018.0,4100.0,3822.0,4100.0,2.04,1186.0,969.0,741.5
LICN,8/24/2014,4100.0,4018.0,3690.0,3690.0,-10.0,169.0,969.0,741.5
LICN,8/25/2014,3690.0,3617.0,3322.0,3322.0,-9.97,557.0,969.0,741.5
LICN,8/26/2014,3322.0,3455.0,3110.0,3150.0,-5.18,7253.0,969.0,741.5
LICN,8/27/2014,3150.0,3460.0,3213.0,3425.0,8.73,1836.0,969.0,741.5
LICN,8/28/2014,3425.0,3620.0,3493.0,3501.0,2.22,1370.0,969.0,741.5
LICN,8/31/2014,3501.0,3510.0,3490.0,3490.0,-0.31,846.0,969.0,741.5
LICN,9/3/2014,3490.0,3421.0,3170.0,3170.0,-9.17,806.0,969.0,741.5
LICN,9/4/2014,3170.0,3213.0,3120.0,3213.0,1.36,2570.0,969.0,741.5
LICN,9/7/2014,3213.0,3150.0,3149.0,3150.0,-1.96,90.0,969.0,741.5
LICN,9/9/2014,3150.0,3170.0,3100.0,3162.0,0.38,2914.0,969.0,741.5
LICN,9/10/2014,3162.0,3230.0,3100.0,3100.0,-1.96,1701.0,969.0,741.5
LICN,9/11/2014,3100.0,3140.0,3050.0,3050.0,-1.61,2996.0,969.0,741.5
LICN,9/14/2014,3050.0,3071.0,3065.0,3071.0,0.69,222.0,969.0,741.5
LICN,9/15/2014,3071.0,3200.0,3030.0,3200.0,4.2,1386.0,969.0,741.5
LICN,9/16/2014,3200.0,3213.0,3140.0,3213.0,0.41,210.0,969.0,741.5
LICN,9/17/2014,3213.0,3277.0,3186.0,3186.0,-0.84,178.0,969.0,741.5
LICN,9/18/2014,3186.0,3200.0,3150.0,3155.0,-0.97,494.0,969.0,741.5
LICN,9/21/2014,3155.0,3150.0,3150.0,3150.0,-0.16,100.0,969.0,741.5
LICN,9/22/2014,3150.0,3125.0,3090.0,3100.0,-1.59,460.0,969.0,741.5
LICN,9/23/2014,3100.0,3215.0,3125.0,3155.0,1.77,721.0,969.0,741.5
LICN,9/24/2014,3155.0,3250.0,3100.0,3250.0,3.01,513.0,969.0,741.5
LICN,9/28/2014,3250.0,3380.0,3290.0,3380.0,4.0,758.0,969.0,741.5
LICN,9/29/2014,3380.0,3520.0,3440.0,3520.0,4.14,416.0,969.0,741.5
LICN,9/30/2014,3520.0,3590.0,3421.0,3480.0,-1.14,811.0,969.0,741.5
LICN,10/8/2014,3480.0,3415.0,3411.0,3411.0,-1.98,286.0,969.0,741.5
LICN,10/9/2014,3411.0,3385.0,3350.0,3351.0,-1.76,420.0,969.0,741.5
LICN,10/12/2014,3351.0,3350.0,3284.0,3284.0,-2.0,1200.0,969.0,741.5
LICN,10/13/2014,3284.0,3260.0,3230.0,3260.0,-0.73,270.0,969.0,741.5
LICN,10/14/2014,3260.0,3264.0,3200.0,3264.0,0.12,82.0,969.0,741.5
LICN,10/15/2014,3264.0,3375.0,3250.0,3375.0,3.4,706.0,969.0,741.5
LICN,10/16/2014,3375.0,3450.0,3350.0,3350.0,-0.74,131.0,969.0,741.5
LICN,10/20/2014,3350.0,3440.0,3395.0,3400.0,1.49,782.0,969.0,741.5
LICN,10/21/2014,3400.0,3500.0,3400.0,3500.0,2.94,1340.0,969.0,741.5
LICN,10/22/2014,3500.0,3509.0,3457.0,3509.0,0.26,1046.0,969.0,741.5
LICN,10/26/2014,3509.0,3570.0,3485.0,3485.0,-0.68,1117.0,969.0,741.5
LICN,10/27/2014,3485.0,3606.0,3550.0,3606.0,3.47,237.0,969.0,741.5
LICN,10/28/2014,3606.0,3650.0,3600.0,3650.0,1.22,921.0,969.0,741.5
LICN,10/30/2014,3650.0,3680.0,3650.0,3680.0,0.82,141.0,969.0,741.5
LICN,11/2/2014,3680.0,3700.0,3553.0,3601.0,-2.15,1065.0,969.0,741.5
LICN,11/3/2014,3601.0,3550.0,3400.0,3450.0,-4.19,1221.0,969.0,741.5
LICN,11/4/2014,3450.0,3450.0,3300.0,3400.0,-1.45,948.0,969.0,741.5
LICN,11/5/2014,3400.0,3530.0,3445.0,3460.0,1.76,892.0,969.0,741.5
LICN,11/6/2014,3460.0,3505.0,3440.0,3505.0,1.3,768.0,969.0,741.5
LICN,11/9/2014,3505.0,3520.0,3435.0,3435.0,-2.0,724.0,969.0,741.5
LICN,11/10/2014,3435.0,3367.0,3290.0,3306.0,-3.76,955.0,969.0,741.5
LICN,11/11/2014,3306.0,3365.0,3320.0,3365.0,1.78,1293.0,969.0,741.5
LICN,11/12/2014,3365.0,3305.0,3300.0,3300.0,-1.93,1332.0,969.0,741.5
LICN,11/13/2014,3300.0,3330.0,3108.0,3330.0,0.91,8844.0,969.0,741.5
LICN,11/16/2014,3330.0,3340.0,3180.0,3180.0,-4.5,886.0,969.0,741.5
LICN,11/17/2014,3180.0,3135.0,3071.0,3135.0,-1.42,1280.0,969.0,741.5
LICN,11/18/2014,3135.0,3180.0,3014.0,3180.0,1.44,724.0,969.0,741.5
LICN,11/19/2014,3180.0,3220.0,3200.0,3200.0,0.63,540.0,969.0,741.5
LICN,11/20/2014,3200.0,3300.0,3200.0,3300.0,3.12,746.0,969.0,741.5
LICN,11/23/2014,3300.0,3366.0,3300.0,3300.0,0.0,276.0,969.0,741.5
LICN,11/24/2014,3300.0,3300.0,3250.0,3250.0,-1.52,200.0,969.0,741.5
LICN,11/25/2014,3250.0,3264.0,3200.0,3264.0,0.43,36.0,969.0,741.5
LICN,11/30/2014,3264.0,3230.0,3205.0,3205.0,-1.81,888.0,969.0,741.5
LICN,12/1/2014,3205.0,3155.0,3100.0,3100.0,-3.28,2003.0,969.0,741.5
LICN,12/2/2014,3100.0,3180.0,3055.0,3100.0,0.0,5290.0,969.0,741.5
LICN,12/3/2014,3100.0,3162.0,3088.0,3091.0,-0.29,847.0,969.0,741.5
LICN,12/4/2014,3091.0,3172.0,3100.0,3100.0,0.29,330.0,969.0,741.5
LICN,12/8/2014,3100.0,3060.0,3035.0,3036.0,-2.06,539.0,969.0,741.5
LICN,12/9/2014,3036.0,3040.0,2985.0,2990.0,-1.52,1261.0,969.0,741.5
LICN,12/10/2014,2990.0,3109.0,3000.0,3109.0,3.98,181.0,969.0,741.5
LICN,12/11/2014,3109.0,3115.0,3060.0,3115.0,0.19,503.0,969.0,741.5
LICN,12/14/2014,3115.0,3178.0,3102.0,3160.0,1.44,608.0,969.0,741.5
LICN,12/15/2014,3160.0,3329.0,3100.0,3329.0,5.35,676.0,969.0,741.5
LICN,12/16/2014,3329.0,3270.0,3180.0,3180.0,-4.48,262.0,969.0,741.5
LICN,12/17/2014,3180.0,3220.0,3220.0,3220.0,1.26,31.0,969.0,741.5
LICN,12/18/2014,3220.0,3220.0,3190.0,3190.0,-0.93,454.0,969.0,741.5
LICN,12/21/2014,3190.0,3190.0,3190.0,3190.0,0.0,199.0,969.0,741.5
LICN,12/23/2014,3190.0,3127.0,3010.0,3015.0,-5.49,1086.0,969.0,741.5
LICN,12/24/2014,3015.0,3051.0,2990.0,3022.0,0.23,2105.0,969.0,741.5
LICN,12/28/2014,3022.0,3101.0,3051.0,3051.0,0.96,1296.0,969.0,741.5
LICN,12/29/2014,3051.0,3090.0,3015.0,3065.0,0.46,924.0,969.0,741.5
LICN,12/31/2014,3065.0,3100.0,3045.0,3100.0,1.14,108.0,969.0,741.5
LICN,1/1/2015,3100.0,3101.0,3062.0,3080.0,-0.65,542.0,969.0,741.5
LICN,1/4/2015,3080.0,3252.0,3099.0,3200.0,3.9,1714.0,969.0,741.5
LICN,1/5/2015,3200.0,3255.0,3140.0,3140.0,-1.88,623.0,969.0,741.5
LICN,1/6/2015,3140.0,3140.0,3090.0,3140.0,0.0,805.0,969.0,741.5
LICN,1/7/2015,3140.0,3210.0,3090.0,3210.0,2.23,656.0,969.0,741.5
LICN,1/8/2015,3210.0,3274.0,3210.0,3220.0,0.31,281.0,969.0,741.5
LICN,1/11/2015,3220.0,3280.0,3220.0,3220.0,0.0,40.0,969.0,741.5
LICN,1/12/2015,3220.0,3330.0,3200.0,3330.0,3.42,1614.0,969.0,741.5
LICN,1/13/2015,3330.0,3425.0,3300.0,3335.0,0.15,3273.0,969.0,741.5
LICN,1/14/2015,3335.0,3350.0,3325.0,3335.0,0.0,2193.0,969.0,741.5
LICN,1/18/2015,3335.0,3401.0,3395.0,3395.0,1.8,210.0,969.0,741.5
LICN,1/19/2015,3395.0,3462.0,3400.0,3440.0,1.33,1992.0,969.0,741.5
LICN,1/20/2015,3440.0,3372.0,3372.0,3372.0,-1.98,110.0,969.0,741.5
LICN,1/22/2015,3372.0,3360.0,3270.0,3331.0,-1.22,882.0,969.0,741.5
LICN,1/25/2015,3331.0,3330.0,3311.0,3311.0,-0.6,291.0,969.0,741.5
LICN,1/26/2015,3311.0,3315.0,3310.0,3310.0,-0.03,500.0,969.0,741.5
LICN,1/27/2015,3310.0,3320.0,3310.0,3315.0,0.15,550.0,969.0,741.5
LICN,1/28/2015,3315.0,3400.0,3340.0,3400.0,2.56,249.0,969.0,741.5
LICN,1/29/2015,3400.0,3340.0,3316.0,3340.0,-1.76,406.0,969.0,741.5
LICN,2/1/2015,3340.0,3400.0,3360.0,3370.0,0.9,669.0,969.0,741.5
LICN,2/2/2015,3370.0,3400.0,3370.0,3390.0,0.59,487.0,969.0,741.5
LICN,2/3/2015,3390.0,3375.0,3351.0,3356.0,-1.0,936.0,969.0,741.5
LICN,2/4/2015,3356.0,3356.0,3340.0,3340.0,-0.48,152.0,969.0,741.5
LICN,2/5/2015,3340.0,3370.0,3350.0,3370.0,0.9,136.0,969.0,741.5
LICN,2/8/2015,3370.0,3385.0,3370.0,3385.0,0.45,385.0,969.0,741.5
LICN,2/9/2015,3385.0,3460.0,3400.0,3416.0,0.92,2331.0,969.0,741.5
LICN,2/10/2015,3416.0,3440.0,3402.0,3435.0,0.56,2910.0,969.0,741.5
LICN,2/11/2015,3435.0,3445.0,3410.0,3440.0,0.15,1685.0,969.0,741.5
LICN,2/12/2015,3440.0,3519.0,3420.0,3499.0,1.72,6028.0,969.0,741.5
LICN,2/15/2015,2692.0,2854.0,2745.0,2854.0,-18.43,154.0,969.0,741.5
LICN,2/16/2015,2854.0,2911.0,2853.0,2853.0,-0.04,260.0,969.0,741.5
LICN,2/18/2015,2853.0,2860.0,2830.0,2830.0,-0.81,588.0,969.0,741.5
LICN,2/26/2015,2830.0,2800.0,2800.0,2800.0,-1.06,46.0,969.0,741.5
LICN,3/1/2015,2800.0,2800.0,2800.0,2800.0,0.0,78.0,969.0,741.5
LICN,3/2/2015,2800.0,2760.0,2705.0,2759.0,-1.46,540.0,969.0,741.5
LICN,3/4/2015,2759.0,2740.0,2660.0,2660.0,-3.59,1104.0,969.0,741.5
LICN,3/9/2015,2660.0,2766.0,2607.0,2766.0,3.98,298.0,969.0,741.5
LICN,3/10/2015,2766.0,2720.0,2711.0,2711.0,-1.99,191.0,969.0,741.5
LICN,3/11/2015,2711.0,2700.0,2700.0,2700.0,-0.41,100.0,969.0,741.5
LICN,3/12/2015,2700.0,2700.0,2690.0,2690.0,-0.37,108.0,969.0,741.5
LICN,3/15/2015,2690.0,2651.0,2650.0,2650.0,-1.49,75.0,969.0,741.5
LICN,3/16/2015,2650.0,2653.0,2601.0,2625.0,-0.94,598.0,969.0,741.5
LICN,3/17/2015,2625.0,2625.0,2600.0,2600.0,-0.95,120.0,969.0,741.5
LICN,3/18/2015,2600.0,2600.0,2575.0,2575.0,-0.96,32.0,969.0,741.5
LICN,3/19/2015,2575.0,2626.0,2575.0,2575.0,0.0,220.0,969.0,741.5
LICN,3/22/2015,2575.0,2530.0,2526.0,2527.0,-1.86,199.0,969.0,741.5
LICN,3/26/2015,2527.0,2525.0,2480.0,2525.0,-0.08,136.0,969.0,741.5
LICN,3/30/2015,2525.0,2500.0,2500.0,2500.0,-0.99,60.0,969.0,741.5
LICN,3/31/2015,2500.0,2510.0,2475.0,2475.0,-1.0,268.0,969.0,741.5
LICN,4/1/2015,2475.0,2452.0,2452.0,2452.0,-0.93,62.0,969.0,741.5
LICN,4/2/2015,2452.0,2440.0,2410.0,2440.0,-0.49,1605.0,969.0,741.5
LICN,4/5/2015,2440.0,2435.0,2430.0,2435.0,-0.2,450.0,969.0,741.5
LICN,4/6/2015,2435.0,2509.0,2435.0,2509.0,3.04,310.0,969.0,741.5
LICN,4/7/2015,2509.0,2460.0,2450.0,2460.0,-1.95,576.0,969.0,741.5
LICN,4/8/2015,2460.0,2509.0,2450.0,2455.0,-0.2,346.0,969.0,741.5
LICN,4/9/2015,2455.0,2483.0,2435.0,2445.0,-0.41,690.0,969.0,741.5
LICN,4/12/2015,2445.0,2455.0,2450.0,2450.0,0.2,480.0,969.0,741.5
LICN,4/13/2015,2450.0,2490.0,2450.0,2472.0,0.9,269.0,969.0,741.5
LICN,4/15/2015,2472.0,2425.0,2390.0,2390.0,-3.32,250.0,969.0,741.5
LICN,4/16/2015,2390.0,2436.0,2343.0,2400.0,0.42,200.0,969.0,741.5
LICN,4/19/2015,2400.0,2358.0,2357.0,2358.0,-1.75,110.0,969.0,741.5
LICN,4/20/2015,2358.0,2360.0,2350.0,2350.0,-0.34,250.0,969.0,741.5
LICN,4/21/2015,2350.0,2397.0,2350.0,2350.0,0.0,244.0,969.0,741.5
LICN,4/22/2015,2350.0,2349.0,2349.0,2349.0,-0.04,313.0,969.0,741.5
LICN,4/23/2015,2349.0,2311.0,2305.0,2305.0,-1.87,379.0,969.0,741.5
LICN,5/26/2015,2305.0,2259.0,2075.0,2075.0,-9.98,150.0,969.0,741.5
LICN,5/27/2015,2075.0,2034.0,1870.0,1880.0,-9.4,3011.0,969.0,741.5
LICN,5/28/2015,1880.0,1915.0,1850.0,1915.0,1.86,412.0,969.0,741.5
LICN,5/31/2015,1915.0,2055.0,1950.0,2015.0,5.22,1758.0,969.0,741.5
LICN,6/1/2015,2015.0,2150.0,2055.0,2150.0,6.7,2641.0,969.0,741.5
LICN,6/2/2015,2150.0,2150.0,2100.0,2150.0,0.0,2175.0,969.0,741.5
LICN,6/3/2015,2150.0,2364.0,2193.0,2350.0,9.3,1686.0,969.0,741.5
LICN,6/4/2015,2350.0,2443.0,2301.0,2301.0,-2.09,1836.0,969.0,741.5
LICN,6/7/2015,2301.0,2344.0,2310.0,2320.0,0.83,538.0,969.0,741.5
LICN,6/8/2015,2320.0,2365.0,2340.0,2358.0,1.64,919.0,969.0,741.5
LICN,6/9/2015,2358.0,2490.0,2300.0,2301.0,-2.42,1822.0,969.0,741.5
LICN,6/10/2015,2301.0,2330.0,2285.0,2295.0,-0.26,1060.0,969.0,741.5
LICN,6/11/2015,2295.0,2295.0,2220.0,2265.0,-1.31,2021.0,969.0,741.5
LICN,6/14/2015,2265.0,2280.0,2240.0,2245.0,-0.88,711.0,969.0,741.5
LICN,6/15/2015,2245.0,2300.0,2265.0,2270.0,1.11,2923.0,969.0,741.5
LICN,6/16/2015,2285.0,2265.0,2260.0,2260.0,-0.44,1030.0,969.0,741.5
LICN,6/17/2015,2260.0,2265.0,2217.0,2265.0,0.22,1111.0,969.0,741.5
LICN,6/18/2015,2265.0,2280.0,2215.0,2270.0,0.22,4369.0,969.0,741.5
LICN,6/21/2015,2270.0,2290.0,2250.0,2289.0,0.84,421.0,969.0,741.5
LICN,6/22/2015,2289.0,2335.0,2250.0,2305.0,0.7,4414.0,969.0,741.5
LICN,6/23/2015,2305.0,2405.0,2348.0,2380.0,3.25,3474.0,969.0,741.5
LICN,6/24/2015,2380.0,2427.0,2380.0,2400.0,0.84,4372.0,969.0,741.5
LICN,6/25/2015,2400.0,2442.0,2425.0,2442.0,1.75,1023.0,969.0,741.5
LICN,6/28/2015,2442.0,2629.0,2460.0,2629.0,7.66,6283.0,969.0,741.5
LICN,6/29/2015,2629.0,2788.0,2681.0,2760.0,4.98,5040.0,969.0,741.5
LICN,6/30/2015,2760.0,2868.0,2760.0,2850.0,3.26,4326.0,969.0,741.5
LICN,7/1/2015,2850.0,2950.0,2850.0,2850.0,0.0,11671.0,969.0,741.5
LICN,7/2/2015,2850.0,2850.0,2800.0,2822.0,-0.98,6672.0,969.0,741.5
LICN,7/5/2015,2822.0,2878.0,2850.0,2850.0,0.99,472.0,969.0,741.5
LICN,7/6/2015,2850.0,2845.0,2773.0,2798.0,-1.82,1766.0,969.0,741.5
LICN,7/7/2015,2798.0,2830.0,2800.0,2824.0,0.93,3034.0,969.0,741.5
LICN,7/8/2015,2824.0,2820.0,2805.0,2810.0,-0.5,2253.0,969.0,741.5
LICN,7/9/2015,2810.0,2815.0,2780.0,2780.0,-1.07,1187.0,969.0,741.5
LICN,7/12/2015,2780.0,2800.0,2780.0,2780.0,0.0,1500.0,969.0,741.5
LICN,7/13/2015,2780.0,2775.0,2758.0,2758.0,-0.79,1211.0,969.0,741.5
LICN,7/14/2015,2758.0,2770.0,2755.0,2770.0,0.44,2669.0,969.0,741.5
LICN,7/15/2015,2770.0,2790.0,2770.0,2790.0,0.72,151.0,969.0,741.5
LICN,7/16/2015,2790.0,2845.0,2799.0,2799.0,0.32,1700.0,969.0,741.5
LICN,7/22/2015,2799.0,2800.0,2799.0,2800.0,0.04,464.0,969.0,741.5
LICN,7/23/2015,2800.0,2895.0,2800.0,2895.0,3.39,1700.0,969.0,741.5
LICN,7/27/2015,2895.0,2952.0,2900.0,2901.0,0.21,881.0,969.0,741.5
LICN,7/28/2015,2901.0,2940.0,2845.0,2899.0,-0.07,2609.0,969.0,741.5
LICN,7/29/2015,2899.0,2956.0,2845.0,2900.0,0.03,4100.0,969.0,741.5
LICN,7/30/2015,2900.0,2901.0,2865.0,2901.0,0.03,383.0,969.0,741.5
LICN,8/2/2015,2901.0,2925.0,2900.0,2925.0,0.83,582.0,969.0,741.5
LICN,8/3/2015,2925.0,2974.0,2900.0,2965.0,1.37,2903.0,969.0,741.5
LICN,8/4/2015,2965.0,3050.0,2975.0,3050.0,2.87,4705.0,969.0,741.5
LICN,8/5/2015,3050.0,3145.0,3035.0,3145.0,3.11,2849.0,969.0,741.5
LICN,8/6/2015,3145.0,3204.0,3160.0,3190.0,1.43,1993.0,969.0,741.5
LICN,8/9/2015,3190.0,3376.0,3250.0,3290.0,3.13,2688.0,969.0,741.5
LICN,8/10/2015,3290.0,3396.0,3310.0,3396.0,3.22,1621.0,969.0,741.5
LICN,8/11/2015,3396.0,3441.0,3370.0,3405.0,0.27,460.0,969.0,741.5
LICN,8/12/2015,3405.0,3410.0,3360.0,3390.0,-0.44,1203.0,969.0,741.5
LICN,8/13/2015,3390.0,3425.0,3352.0,3352.0,-1.12,1138.0,969.0,741.5
LICN,8/16/2015,3352.0,3340.0,3280.0,3305.0,-1.4,439.0,969.0,741.5
LICN,8/17/2015,3305.0,3350.0,3305.0,3340.0,1.06,1478.0,969.0,741.5
LICN,8/18/2015,3340.0,3320.0,3250.0,3280.0,-1.8,2002.0,969.0,741.5
LICN,8/19/2015,3280.0,3387.0,3275.0,3387.0,3.26,1183.0,969.0,741.5
LICN,8/20/2015,3387.0,3385.0,3350.0,3350.0,-1.09,1310.0,969.0,741.5
LICN,8/23/2015,3350.0,3395.0,3325.0,3325.0,-0.75,836.0,969.0,741.5
LICN,8/24/2015,3325.0,3405.0,3259.0,3400.0,2.26,3278.0,969.0,741.5
LICN,8/25/2015,3400.0,3400.0,3370.0,3400.0,0.0,623.0,969.0,741.5
LICN,8/26/2015,3400.0,3530.0,3430.0,3489.0,2.62,1847.0,969.0,741.5
LICN,8/27/2015,3489.0,3711.0,3500.0,3711.0,6.36,3854.0,969.0,741.5
LICN,8/31/2015,3711.0,4005.0,3730.0,4005.0,7.92,3552.0,969.0,741.5
LICN,9/1/2015,4005.0,4060.0,3751.0,3890.0,-2.87,5669.0,969.0,741.5
LICN,9/2/2015,3890.0,3821.0,3699.0,3720.0,-4.37,2138.0,969.0,741.5
LICN,9/3/2015,3720.0,3690.0,3650.0,3655.0,-1.75,964.0,969.0,741.5
LICN,9/6/2015,3655.0,3733.0,3588.0,3680.0,0.68,2044.0,969.0,741.5
LICN,9/7/2015,3680.0,3715.0,3655.0,3695.0,0.41,1444.0,969.0,741.5
LICN,9/8/2015,3695.0,3710.0,3670.0,3701.0,0.16,557.0,969.0,741.5
LICN,9/9/2015,3701.0,3690.0,3627.0,3627.0,-2.0,1550.0,969.0,741.5
LICN,9/10/2015,3627.0,3600.0,3500.0,3500.0,-3.5,1074.0,969.0,741.5
LICN,9/13/2015,3500.0,3650.0,3510.0,3650.0,4.29,744.0,969.0,741.5
LICN,9/14/2015,3650.0,3797.0,3690.0,3693.0,1.18,2469.0,969.0,741.5
LICN,9/15/2015,3693.0,3770.0,3691.0,3700.0,0.19,411.0,969.0,741.5
LICN,9/16/2015,3700.0,3635.0,3635.0,3635.0,-1.76,20.0,969.0,741.5
LICN,9/17/2015,3635.0,3635.0,3610.0,3610.0,-0.69,460.0,969.0,741.5
LICN,9/22/2015,3610.0,3600.0,3470.0,3471.0,-3.85,1725.0,969.0,741.5
LICN,9/23/2015,3471.0,3540.0,3500.0,3520.0,1.41,551.0,969.0,741.5
LICN,9/24/2015,3520.0,3495.0,3461.0,3495.0,-0.71,1076.0,969.0,741.5
LICN,9/28/2015,3495.0,3450.0,3400.0,3450.0,-1.29,1617.0,969.0,741.5
LICN,9/29/2015,3450.0,3530.0,3500.0,3520.0,2.03,573.0,969.0,741.5
LICN,9/30/2015,3520.0,3515.0,3480.0,3490.0,-0.85,2298.0,969.0,741.5
LICN,10/1/2015,3490.0,3510.0,3400.0,3400.0,-2.58,1620.0,969.0,741.5
LICN,10/4/2015,3400.0,3537.0,3468.0,3500.0,2.94,755.0,969.0,741.5
LICN,10/5/2015,3500.0,3528.0,3430.0,3528.0,0.8,523.0,969.0,741.5
LICN,10/6/2015,3528.0,3530.0,3485.0,3485.0,-1.22,990.0,969.0,741.5
LICN,10/7/2015,3485.0,3450.0,3400.0,3400.0,-2.44,2601.0,969.0,741.5
LICN,10/8/2015,3400.0,3430.0,3430.0,3430.0,0.88,50.0,969.0,741.5
LICN,10/11/2015,3430.0,3400.0,3390.0,3390.0,-1.17,74.0,969.0,741.5
LICN,10/14/2015,3390.0,3420.0,3381.0,3401.0,0.32,475.0,969.0,741.5
LICN,10/15/2015,3401.0,3425.0,3400.0,3425.0,0.71,1078.0,969.0,741.5
LICN,10/18/2015,3425.0,3425.0,3330.0,3359.0,-1.93,860.0,969.0,741.5
LICN,10/19/2015,3359.0,3400.0,3370.0,3370.0,0.33,531.0,969.0,741.5
LICN,10/25/2015,3370.0,3350.0,3350.0,3350.0,-0.59,50.0,969.0,741.5
LICN,10/27/2015,3350.0,3350.0,3290.0,3290.0,-1.79,300.0,969.0,741.5
LICN,10/28/2015,3290.0,3225.0,3175.0,3190.0,-3.04,1472.0,969.0,741.5
LICN,10/29/2015,3190.0,3300.0,3239.0,3239.0,1.54,1872.0,969.0,741.5
LICN,11/1/2015,3239.0,3175.0,3110.0,3128.0,-3.43,2137.0,969.0,741.5
LICN,11/2/2015,3128.0,3150.0,3128.0,3150.0,0.7,61.0,969.0,741.5
LICN,11/3/2015,3150.0,3200.0,3150.0,3200.0,1.59,451.0,969.0,741.5
LICN,11/4/2015,3200.0,3225.0,3200.0,3206.0,0.19,805.0,969.0,741.5
LICN,11/5/2015,3206.0,3206.0,3200.0,3206.0,0.0,250.0,969.0,741.5
LICN,11/8/2015,3206.0,3200.0,3150.0,3200.0,-0.19,127.0,969.0,741.5
LICN,11/9/2015,3200.0,3274.0,3200.0,3230.0,0.94,314.0,969.0,741.5
LICN,11/10/2015,3230.0,3300.0,3240.0,3300.0,2.17,221.0,969.0,741.5
LICN,11/16/2015,3300.0,3300.0,3300.0,3300.0,0.0,32.0,969.0,741.5
LICN,11/18/2015,3300.0,3320.0,3200.0,3300.0,0.0,1355.0,969.0,741.5
LICN,11/19/2015,3300.0,3300.0,3250.0,3285.0,-0.45,1280.0,969.0,741.5
LICN,11/22/2015,3285.0,3220.0,3171.0,3171.0,-3.47,1375.0,969.0,741.5
LICN,11/23/2015,3171.0,3140.0,3060.0,3140.0,-0.98,1033.0,969.0,741.5
LICN,11/24/2015,3140.0,3101.0,3100.0,3100.0,-1.27,528.0,969.0,741.5
LICN,11/25/2015,3100.0,3162.0,3110.0,3150.0,1.61,2952.0,969.0,741.5
LICN,11/26/2015,3150.0,3100.0,3040.0,3100.0,-1.59,1073.0,969.0,741.5
LICN,11/29/2015,3100.0,3038.0,2978.0,2980.0,-3.87,1206.0,969.0,741.5
LICN,11/30/2015,2980.0,3060.0,2952.0,3010.0,1.01,1817.0,969.0,741.5
LICN,12/1/2015,3010.0,3165.0,2940.0,3165.0,5.15,1588.0,969.0,741.5
LICN,12/2/2015,3165.0,3130.0,3130.0,3130.0,-1.11,102.0,969.0,741.5
LICN,12/3/2015,3130.0,3243.0,3120.0,3170.0,1.28,999.0,969.0,741.5
LICN,12/6/2015,3170.0,3300.0,3180.0,3300.0,4.1,1071.0,969.0,741.5
LICN,12/7/2015,3300.0,3400.0,3332.0,3349.0,1.48,1571.0,969.0,741.5
LICN,12/8/2015,3349.0,3350.0,3303.0,3330.0,-0.57,329.0,969.0,741.5
LICN,12/9/2015,3330.0,3400.0,3320.0,3320.0,-0.3,762.0,969.0,741.5
LICN,12/10/2015,3320.0,3386.0,3320.0,3365.0,1.36,171.0,969.0,741.5
LICN,12/13/2015,3365.0,3415.0,3367.0,3400.0,1.04,1090.0,969.0,741.5
LICN,12/14/2015,3400.0,3700.0,3468.0,3700.0,8.82,80.0,969.0,741.5
LICN,12/15/2015,3700.0,3900.0,3774.0,3900.0,5.41,92.0,969.0,741.5
LICN,12/17/2015,3900.0,3822.0,3599.0,3599.0,-7.72,50.0,969.0,741.5
LICN,12/20/2015,3599.0,3528.0,3400.0,3400.0,-5.53,2400.0,969.0,741.5
LICN,12/21/2015,3400.0,3550.0,3467.0,3550.0,4.41,1025.0,969.0,741.5
LICN,12/22/2015,3550.0,3600.0,3600.0,3600.0,1.41,872.0,969.0,741.5
LICN,12/23/2015,3600.0,3600.0,3585.0,3585.0,-0.42,1059.0,969.0,741.5
LICN,12/24/2015,3585.0,3649.0,3602.0,3649.0,1.79,955.0,969.0,741.5
LICN,12/27/2015,3649.0,3675.0,3650.0,3650.0,0.03,220.0,969.0,741.5
LICN,12/28/2015,3650.0,3580.0,3580.0,3580.0,-1.92,270.0,969.0,741.5
LICN,12/29/2015,3580.0,3621.0,3550.0,3621.0,1.15,1250.0,969.0,741.5
LICN,12/31/2015,3621.0,3725.0,3601.0,3700.0,2.18,1575.0,969.0,741.5
LICN,1/3/2016,3700.0,3872.0,3651.0,3872.0,4.65,5246.0,969.0,741.5
LICN,1/4/2016,3872.0,3877.0,3780.0,3798.0,-1.91,2958.0,969.0,741.5
LICN,1/5/2016,3798.0,3723.0,3442.0,3587.0,-5.56,3791.0,969.0,741.5
LICN,1/6/2016,3587.0,3516.0,3420.0,3500.0,-2.43,1492.0,969.0,741.5
LICN,1/7/2016,3500.0,3540.0,3435.0,3540.0,1.14,1572.0,969.0,741.5
LICN,1/10/2016,3540.0,3560.0,3430.0,3560.0,0.56,1114.0,969.0,741.5
LICN,1/11/2016,3560.0,3564.0,3494.0,3550.0,-0.28,970.0,969.0,741.5
LICN,1/12/2016,3550.0,3539.0,3430.0,3480.0,-1.97,3381.0,969.0,741.5
LICN,1/13/2016,3480.0,3485.0,3411.0,3475.0,-0.14,1320.0,969.0,741.5
LICN,1/14/2016,3475.0,3544.0,3480.0,3500.0,0.72,2453.0,969.0,741.5
LICN,1/17/2016,3500.0,3636.0,3550.0,3625.0,3.57,631.0,969.0,741.5
LICN,1/18/2016,3625.0,3620.0,3550.0,3550.0,-2.07,101.0,969.0,741.5
LICN,1/19/2016,3550.0,3605.0,3550.0,3600.0,1.41,659.0,969.0,741.5
LICN,1/20/2016,3600.0,3555.0,3550.0,3550.0,-1.39,296.0,969.0,741.5
LICN,1/21/2016,3550.0,3547.0,3501.0,3540.0,-0.28,497.0,969.0,741.5
LICN,1/24/2016,3540.0,3510.0,3500.0,3500.0,-1.13,552.0,969.0,741.5
LICN,1/25/2016,3500.0,3520.0,3500.0,3501.0,0.03,1190.0,969.0,741.5
LICN,1/26/2016,3501.0,3510.0,3500.0,3500.0,-0.03,4531.0,969.0,741.5
LICN,1/27/2016,3500.0,3525.0,3500.0,3520.0,0.57,5470.0,969.0,741.5
LICN,1/28/2016,3520.0,3510.0,3500.0,3510.0,-0.28,4854.0,969.0,741.5
LICN,1/31/2016,3510.0,3540.0,3505.0,3540.0,0.85,1093.0,969.0,741.5
LICN,2/1/2016,3540.0,3550.0,3541.0,3550.0,0.28,470.0,969.0,741.5
LICN,2/2/2016,3550.0,3515.0,3500.0,3511.0,-1.1,3891.0,969.0,741.5
LICN,2/3/2016,3511.0,3500.0,3500.0,3500.0,-0.31,3730.0,969.0,741.5
LICN,2/4/2016,3500.0,3525.0,3500.0,3505.0,0.14,4373.0,969.0,741.5
LICN,2/7/2016,3505.0,3520.0,3480.0,3520.0,0.43,1133.0,969.0,741.5
LICN,2/8/2016,3520.0,3520.0,3489.0,3500.0,-0.57,1386.0,969.0,741.5
LICN,2/11/2016,3500.0,3570.0,3496.0,3496.0,-0.11,1400.0,969.0,741.5
LICN,2/14/2016,3496.0,3520.0,3475.0,3520.0,0.69,1632.0,969.0,741.5
LICN,2/15/2016,3520.0,3500.0,3495.0,3500.0,-0.57,477.0,969.0,741.5
LICN,2/16/2016,3500.0,3500.0,3490.0,3500.0,0.0,11758.0,969.0,741.5
LICN,2/17/2016,3500.0,3520.0,3500.0,3520.0,0.57,542.0,969.0,741.5
LICN,2/18/2016,3520.0,3505.0,3501.0,3501.0,-0.54,3520.0,969.0,741.5
LICN,2/21/2016,3501.0,3510.0,3490.0,3490.0,-0.31,841.0,969.0,741.5
LICN,2/22/2016,3490.0,3499.0,3465.0,3499.0,0.26,619.0,969.0,741.5
LICN,2/23/2016,3499.0,3500.0,3500.0,3500.0,0.03,200.0,969.0,741.5
LICN,2/24/2016,3500.0,3500.0,3490.0,3495.0,-0.14,1260.0,969.0,741.5
LICN,2/25/2016,3495.0,3500.0,3450.0,3500.0,0.14,988.0,969.0,741.5
LICN,2/28/2016,3500.0,3550.0,3490.0,3490.0,-0.29,531.0,969.0,741.5
LICN,2/29/2016,3490.0,3550.0,3502.0,3510.0,0.57,1803.0,969.0,741.5
LICN,3/1/2016,3510.0,3505.0,3500.0,3505.0,-0.14,160.0,969.0,741.5
LICN,3/2/2016,3505.0,3515.0,3500.0,3510.0,0.14,1330.0,969.0,741.5
LICN,3/3/2016,3510.0,3530.0,3512.0,3515.0,0.14,537.0,969.0,741.5
LICN,3/6/2016,3515.0,3534.0,3500.0,3500.0,-0.43,10395.0,969.0,741.5
LICN,3/10/2016,3500.0,3521.0,3521.0,3521.0,0.6,10.0,969.0,741.5
LICN,3/13/2016,3521.0,3591.0,3372.0,3530.0,0.26,7565.0,969.0,741.5
LICN,3/14/2016,3530.0,3550.0,3510.0,3510.0,-0.57,6568.0,969.0,741.5
LICN,3/15/2016,3510.0,3555.0,3510.0,3550.0,1.14,3903.0,969.0,741.5
LICN,3/16/2016,3550.0,3560.0,3530.0,3550.0,0.0,4969.0,969.0,741.5
LICN,3/17/2016,3550.0,3649.0,3600.0,3600.0,1.41,1840.0,969.0,741.5
LICN,3/20/2016,3600.0,3895.0,3672.0,3850.0,6.94,2875.0,969.0,741.5
LICN,3/21/2016,3850.0,3850.0,3780.0,3840.0,-0.26,1405.0,969.0,741.5
LICN,3/23/2016,3840.0,3800.0,3711.0,3740.0,-2.6,363.0,969.0,741.5
LICN,3/24/2016,3740.0,3770.0,3753.0,3755.0,0.4,1092.0,969.0,741.5
LICN,3/27/2016,3755.0,3740.0,3700.0,3710.0,-1.2,990.0,969.0,741.5
LICN,3/28/2016,3710.0,3710.0,3675.0,3675.0,-0.94,2953.0,969.0,741.5
LICN,3/29/2016,3675.0,3675.0,3675.0,3675.0,0.0,10.0,969.0,741.5
LICN,3/30/2016,3675.0,3770.0,3611.0,3611.0,-1.74,973.0,969.0,741.5
LICN,3/31/2016,3611.0,3630.0,3580.0,3580.0,-0.86,350.0,969.0,741.5
LICN,4/3/2016,3580.0,3512.0,3511.0,3512.0,-1.9,113.0,969.0,741.5
LICN,4/4/2016,3512.0,3650.0,3582.0,3650.0,3.93,210.0,969.0,741.5
LICN,4/5/2016,3650.0,3700.0,3620.0,3620.0,-0.82,920.0,969.0,741.5
LICN,4/6/2016,3620.0,3650.0,3610.0,3620.0,0.0,1784.0,969.0,741.5
LICN,4/10/2016,3620.0,3620.0,3620.0,3620.0,0.0,210.0,969.0,741.5
LICN,4/11/2016,3620.0,3655.0,3650.0,3651.0,0.86,292.0,969.0,741.5
LICN,4/12/2016,3651.0,3700.0,3650.0,3650.0,-0.03,1006.0,969.0,741.5
LICN,4/14/2016,3650.0,3720.0,3699.0,3720.0,1.92,350.0,969.0,741.5
LICN,4/17/2016,3720.0,3780.0,3700.0,3705.0,-0.4,370.0,969.0,741.5
LICN,4/18/2016,3705.0,3750.0,3640.0,3720.0,0.4,2501.0,969.0,741.5
LICN,4/19/2016,3720.0,3705.0,3700.0,3700.0,-0.54,2230.0,969.0,741.5
LICN,4/21/2016,3700.0,3710.0,3685.0,3685.0,-0.41,1535.0,969.0,741.5
LICN,4/24/2016,3685.0,3720.0,3685.0,3690.0,0.14,4500.0,969.0,741.5
LICN,4/25/2016,3690.0,3700.0,3700.0,3700.0,0.27,137.0,969.0,741.5
LICN,4/26/2016,3700.0,3700.0,3680.0,3700.0,0.0,384.0,969.0,741.5
LICN,4/27/2016,3700.0,3720.0,3690.0,3700.0,0.0,725.0,969.0,741.5
LICN,4/28/2016,3700.0,3880.0,3774.0,3880.0,4.86,640.0,969.0,741.5
LICN,5/2/2016,3880.0,4150.0,3804.0,4150.0,6.96,6810.0,969.0,741.5
LICN,5/3/2016,4150.0,4150.0,3847.0,4000.0,-3.61,8061.0,969.0,741.5
LICN,5/4/2016,4000.0,4000.0,3950.0,3999.0,-0.02,3034.0,969.0,741.5
LICN,5/5/2016,3999.0,3996.0,3970.0,3990.0,-0.23,1797.0,969.0,741.5
LICN,5/8/2016,3990.0,4050.0,4010.0,4050.0,1.5,3500.0,969.0,741.5
LICN,5/9/2016,4050.0,4115.0,4050.0,4085.0,0.86,6847.0,969.0,741.5
LICN,5/10/2016,4085.0,4115.0,4070.0,4090.0,0.12,15352.0,969.0,741.5
LICN,5/11/2016,4090.0,4245.0,4080.0,4238.0,3.62,21497.0,969.0,741.5
LICN,5/12/2016,3390.0,3526.0,3390.0,3390.0,-20.01,7281.0,969.0,741.5
LICN,5/15/2016,3390.0,3457.0,3325.0,3325.0,-1.92,1080.0,969.0,741.5
LICN,5/16/2016,3325.0,3349.0,3142.0,3142.0,-5.5,4925.0,969.0,741.5
LICN,5/17/2016,3142.0,3330.0,3142.0,3300.0,5.03,4960.0,969.0,741.5
LICN,5/18/2016,3300.0,3335.0,3275.0,3335.0,1.06,1940.0,969.0,741.5
LICN,5/19/2016,3335.0,3400.0,3300.0,3300.0,-1.05,4825.0,969.0,741.5
LICN,5/22/2016,3300.0,3427.0,3235.0,3427.0,3.85,5704.0,969.0,741.5
LICN,5/23/2016,3427.0,3550.0,3410.0,3550.0,3.59,4710.0,969.0,741.5
LICN,5/24/2016,3550.0,3599.0,3525.0,3590.0,1.13,24860.0,969.0,741.5
LICN,5/25/2016,3590.0,3565.0,3430.0,3498.0,-2.56,1484.0,969.0,741.5
LICN,5/26/2016,3498.0,3537.0,3398.0,3400.0,-2.8,4250.0,969.0,741.5
LICN,5/29/2016,3400.0,3409.0,3350.0,3350.0,-1.47,2434.0,969.0,741.5
LICN,5/30/2016,3350.0,3325.0,3280.0,3322.0,-0.84,3268.0,969.0,741.5
LICN,5/31/2016,3322.0,3355.0,3329.0,3350.0,0.84,9363.0,969.0,741.5
LICN,6/1/2016,3350.0,3360.0,3300.0,3320.0,-0.9,4113.0,969.0,741.5
LICN,6/2/2016,3320.0,3301.0,3280.0,3293.0,-0.81,1311.0,969.0,741.5
LICN,6/5/2016,3293.0,3300.0,3200.0,3225.0,-2.06,2155.0,969.0,741.5
LICN,6/6/2016,3225.0,3280.0,3240.0,3250.0,0.78,7319.0,969.0,741.5
LICN,6/7/2016,3250.0,3270.0,3250.0,3257.0,0.22,2863.0,969.0,741.5
LICN,6/8/2016,3257.0,3398.0,3290.0,3398.0,4.33,3177.0,969.0,741.5
LICN,6/9/2016,3398.0,3700.0,3465.0,3630.0,6.83,16926.0,969.0,741.5
LICN,6/12/2016,3630.0,3650.0,3558.0,3600.0,-0.83,1889.0,969.0,741.5
LICN,6/13/2016,3600.0,3580.0,3450.0,3551.0,-1.36,1952.0,969.0,741.5
LICN,6/14/2016,3551.0,3550.0,3465.0,3534.0,-0.48,1984.0,969.0,741.5
LICN,6/15/2016,3534.0,3590.0,3500.0,3550.0,0.45,994.0,969.0,741.5
LICN,6/16/2016,3550.0,3739.0,3600.0,3700.0,4.23,8618.0,969.0,741.5
LICN,6/19/2016,3700.0,3715.0,3626.0,3626.0,-2.0,2240.0,969.0,741.5
LICN,6/20/2016,3626.0,3554.0,3490.0,3520.0,-2.92,1737.0,969.0,741.5
LICN,6/21/2016,3520.0,3560.0,3400.0,3560.0,1.14,5497.0,969.0,741.5
LICN,6/22/2016,3560.0,3650.0,3559.0,3650.0,2.53,7222.0,969.0,741.5
LICN,6/23/2016,3650.0,3775.0,3671.0,3700.0,1.37,16061.0,969.0,741.5
LICN,6/26/2016,3700.0,3719.0,3680.0,3719.0,0.51,5052.0,969.0,741.5
LICN,6/27/2016,3719.0,3725.0,3680.0,3700.0,-0.51,5706.0,969.0,741.5
LICN,6/28/2016,3700.0,3690.0,3650.0,3690.0,-0.27,1802.0,969.0,741.5
LICN,6/29/2016,3690.0,3695.0,3650.0,3660.0,-0.81,1061.0,969.0,741.5
LICN,6/30/2016,3660.0,3740.0,3661.0,3675.0,0.41,11260.0,969.0,741.5
LICN,7/3/2016,3675.0,3650.0,3600.0,3640.0,-0.95,7589.0,969.0,741.5
LICN,7/4/2016,3640.0,3611.0,3550.0,3600.0,-1.1,1698.0,969.0,741.5
LICN,7/5/2016,3600.0,3600.0,3560.0,3600.0,0.0,100.0,969.0,741.5
LICN,7/6/2016,3600.0,3645.0,3550.0,3556.0,-1.22,2598.0,969.0,741.5
LICN,7/10/2016,3556.0,3570.0,3505.0,3505.0,-1.43,9375.0,969.0,741.5
LICN,7/11/2016,3505.0,3570.0,3470.0,3475.0,-0.86,1828.0,969.0,741.5
LICN,7/12/2016,3475.0,3434.0,3370.0,3400.0,-2.16,411.0,969.0,741.5
LICN,7/13/2016,3400.0,3450.0,3410.0,3450.0,1.47,270.0,969.0,741.5
LICN,7/14/2016,3450.0,3580.0,3515.0,3580.0,3.77,520.0,969.0,741.5
LICN,7/17/2016,3580.0,3630.0,3558.0,3590.0,0.28,121.0,969.0,741.5
LICN,7/18/2016,3590.0,3750.0,3529.0,3700.0,3.06,13677.0,969.0,741.5
LICN,7/19/2016,3700.0,3700.0,3577.0,3600.0,-2.7,515.0,969.0,741.5
LICN,7/20/2016,3600.0,3604.0,3531.0,3534.0,-1.83,259.0,969.0,741.5
LICN,7/21/2016,3534.0,3550.0,3550.0,3550.0,0.45,100.0,969.0,741.5
LICN,7/25/2016,3550.0,3550.0,3480.0,3530.0,-0.56,1104.0,969.0,741.5
LICN,7/26/2016,3530.0,3520.0,3483.0,3483.0,-1.33,4747.0,969.0,741.5
LICN,7/27/2016,3483.0,3550.0,3460.0,3500.0,0.49,1197.0,969.0,741.5
LICN,7/28/2016,3500.0,3540.0,3500.0,3510.0,0.29,1720.0,969.0,741.5
LICN,7/31/2016,3510.0,3590.0,3510.0,3550.0,1.14,1510.0,969.0,741.5
LICN,8/1/2016,3550.0,3550.0,3460.0,3475.0,-2.11,3087.0,969.0,741.5
LICN,8/2/2016,3475.0,3470.0,3408.0,3415.0,-1.73,1388.0,969.0,741.5
LICN,8/3/2016,3415.0,3450.0,3400.0,3419.0,0.12,2828.0,969.0,741.5
LICN,8/4/2016,3419.0,3430.0,3300.0,3300.0,-3.48,2708.0,969.0,741.5
LICN,8/7/2016,3300.0,3366.0,3315.0,3315.0,0.45,610.0,969.0,741.5
LICN,8/8/2016,3315.0,3340.0,3165.0,3165.0,-4.52,3353.0,969.0,741.5
LICN,8/9/2016,3165.0,3228.0,3228.0,3228.0,1.99,10.0,969.0,741.5
LICN,8/10/2016,3228.0,3365.0,3260.0,3300.0,2.23,5147.0,969.0,741.5
LICN,8/11/2016,3300.0,3300.0,3245.0,3275.0,-0.76,2784.0,969.0,741.5
LICN,8/14/2016,3275.0,3309.0,3172.0,3192.0,-2.53,2053.0,969.0,741.5
LICN,8/15/2016,3192.0,3200.0,3090.0,3150.0,-1.32,2000.0,969.0,741.5
LICN,8/16/2016,3150.0,3265.0,3205.0,3220.0,2.22,1858.0,969.0,741.5
LICN,8/17/2016,3220.0,3235.0,3210.0,3229.0,0.28,2760.0,969.0,741.5
LICN,8/22/2016,3229.0,3165.0,3135.0,3135.0,-2.91,1297.0,969.0,741.5
LICN,8/23/2016,3135.0,3150.0,3060.0,3060.0,-2.39,3163.0,969.0,741.5
LICN,8/24/2016,3060.0,3350.0,3038.0,3339.0,9.12,3748.0,969.0,741.5
LICN,8/28/2016,3339.0,3340.0,3230.0,3250.0,-2.67,1714.0,969.0,741.5
LICN,8/29/2016,3250.0,3315.0,3200.0,3250.0,0.0,2580.0,969.0,741.5
LICN,8/30/2016,3250.0,3300.0,3240.0,3250.0,0.0,2297.0,969.0,741.5
LICN,8/31/2016,3250.0,3360.0,3200.0,3253.0,0.09,1927.0,969.0,741.5
LICN,9/1/2016,3253.0,3300.0,3255.0,3300.0,1.44,2110.0,969.0,741.5
LICN,9/3/2016,3300.0,3319.0,3300.0,3319.0,0.58,550.0,969.0,741.5
LICN,9/4/2016,3300.0,3319.0,3300.0,3319.0,0.0,550.0,969.0,741.5
LICN,9/5/2016,3319.0,3385.0,3315.0,3320.0,0.03,978.0,969.0,741.5
LICN,9/6/2016,3320.0,3330.0,3300.0,3300.0,-0.6,2177.0,969.0,741.5
LICN,9/7/2016,3300.0,3300.0,3250.0,3295.0,-0.15,1713.0,969.0,741.5
LICN,9/8/2016,3295.0,3300.0,3270.0,3290.0,-0.15,2004.0,969.0,741.5
LICN,9/11/2016,3290.0,3339.0,3290.0,3290.0,0.0,764.0,969.0,741.5
LICN,9/12/2016,3290.0,3299.0,3250.0,3250.0,-1.22,650.0,969.0,741.5
LICN,9/14/2016,3250.0,3407.0,3260.0,3350.0,3.08,1696.0,969.0,741.5
LICN,9/18/2016,3350.0,3337.0,3300.0,3320.0,-0.9,2665.0,969.0,741.5
LICN,9/20/2016,3320.0,3295.0,3250.0,3290.0,-0.9,1306.0,969.0,741.5
LICN,9/21/2016,3290.0,3265.0,3250.0,3250.0,-1.22,1883.0,969.0,741.5
LICN,9/22/2016,3250.0,3260.0,3230.0,3230.0,-0.62,1718.0,969.0,741.5
LICN,9/25/2016,3230.0,3230.0,3170.0,3170.0,-1.86,2685.0,969.0,741.5
LICN,9/26/2016,3170.0,3233.0,3200.0,3233.0,1.99,2907.0,969.0,741.5
LICN,9/27/2016,3233.0,3250.0,3245.0,3245.0,0.37,700.0,969.0,741.5
LICN,9/28/2016,3245.0,3200.0,3181.0,3200.0,-1.39,3367.0,969.0,741.5
LICN,9/29/2016,3200.0,3245.0,3200.0,3245.0,1.41,3577.0,969.0,741.5
LICN,10/2/2016,3245.0,3309.0,3249.0,3270.0,0.77,2121.0,969.0,741.5
LICN,10/3/2016,3270.0,3366.0,3270.0,3366.0,2.94,2048.0,969.0,741.5
LICN,10/4/2016,3366.0,3526.0,3380.0,3402.0,1.07,1573.0,969.0,741.5
LICN,10/5/2016,3402.0,3400.0,3335.0,3400.0,-0.06,1296.0,969.0,741.5
LICN,10/6/2016,3400.0,3480.0,3430.0,3454.0,1.59,3203.0,969.0,741.5
LICN,10/16/2016,3454.0,3522.0,3410.0,3449.0,-0.14,1458.0,969.0,741.5
LICN,10/17/2016,3449.0,3390.0,3380.0,3385.0,-1.86,193.0,969.0,741.5
LICN,10/19/2016,3385.0,3430.0,3370.0,3370.0,-0.44,1978.0,969.0,741.5
LICN,10/20/2016,3370.0,3430.0,3400.0,3410.0,1.19,2558.0,969.0,741.5
LICN,10/23/2016,3410.0,3385.0,3370.0,3370.0,-1.17,141.0,969.0,741.5
LICN,10/24/2016,3370.0,3350.0,3310.0,3341.0,-0.86,520.0,969.0,741.5
LICN,10/25/2016,3341.0,3350.0,3312.0,3340.0,-0.03,1677.0,969.0,741.5
LICN,10/26/2016,3340.0,3402.0,3340.0,3402.0,1.86,3065.0,969.0,741.5
LICN,10/27/2016,3402.0,3370.0,3355.0,3355.0,-1.38,820.0,969.0,741.5
LICN,11/3/2016,3355.0,3350.0,3350.0,3350.0,-0.15,500.0,969.0,741.5
LICN,11/7/2016,3350.0,3330.0,3300.0,3300.0,-1.49,1398.0,969.0,741.5
LICN,11/8/2016,3300.0,3251.0,3230.0,3245.0,-1.67,2166.0,969.0,741.5
LICN,11/9/2016,3245.0,3255.0,3135.0,3190.0,-1.69,2196.0,969.0,741.5
LICN,11/10/2016,3190.0,3180.0,3118.0,3122.0,-2.13,3896.0,969.0,741.5
LICN,11/13/2016,3122.0,3225.0,3125.0,3200.0,2.5,667.0,969.0,741.5
LICN,11/14/2016,3200.0,3220.0,3156.0,3218.0,0.56,3441.0,969.0,741.5
LICN,11/15/2016,3218.0,3235.0,3150.0,3200.0,-0.56,1112.0,969.0,741.5
LICN,11/16/2016,3200.0,3264.0,3190.0,3190.0,-0.31,5855.0,969.0,741.5
LICN,11/17/2016,3190.0,3200.0,3060.0,3085.0,-3.29,10666.0,969.0,741.5
LICN,11/20/2016,3085.0,3120.0,2803.0,2983.0,-3.31,6798.0,969.0,741.5
LICN,11/21/2016,2983.0,3055.0,2950.0,2981.0,-0.07,7650.0,969.0,741.5
LICN,11/22/2016,2981.0,2990.0,2922.0,2960.0,-0.7,1331.0,969.0,741.5
LICN,11/23/2016,2960.0,2950.0,2805.0,2850.0,-3.72,1118.0,969.0,741.5
LICN,11/24/2016,2850.0,2900.0,2710.0,2800.0,-1.75,4278.0,969.0,741.5
LICN,11/27/2016,2800.0,2754.0,2571.0,2571.0,-8.18,4680.0,969.0,741.5
LICN,11/28/2016,2571.0,2685.0,2401.0,2600.0,1.13,15348.0,969.0,741.5
LICN,11/29/2016,2600.0,2705.0,2450.0,2700.0,3.85,16054.0,969.0,741.5
LICN,11/30/2016,2700.0,2800.0,2628.0,2700.0,0.0,16024.0,969.0,741.5
LICN,12/1/2016,2700.0,2810.0,2700.0,2750.0,1.85,13001.0,969.0,741.5
LICN,12/4/2016,2750.0,2740.0,2680.0,2698.0,-1.89,4286.0,969.0,741.5
LICN,12/5/2016,2698.0,2680.0,2602.0,2630.0,-2.52,2775.0,969.0,741.5
LICN,12/6/2016,2630.0,2690.0,2589.0,2674.0,1.67,16309.0,969.0,741.5
LICN,12/7/2016,2674.0,2727.0,2650.0,2670.0,-0.15,4176.0,969.0,741.5
LICN,12/8/2016,2670.0,2723.0,2617.0,2644.0,-0.97,4201.0,969.0,741.5
LICN,12/11/2016,2644.0,2660.0,2590.0,2600.0,-1.66,2631.0,969.0,741.5
LICN,12/12/2016,2600.0,2595.0,2544.0,2595.0,-0.19,4297.0,969.0,741.5
LICN,12/14/2016,2595.0,2650.0,2500.0,2602.0,0.27,11539.0,969.0,741.5
LICN,12/15/2016,2602.0,2625.0,2550.0,2585.0,-0.65,4383.0,969.0,741.5
LICN,12/18/2016,2585.0,2600.0,2535.0,2594.0,0.35,1549.0,969.0,741.5
LICN,12/19/2016,2594.0,2580.0,2560.0,2580.0,-0.54,1850.0,969.0,741.5
LICN,12/20/2016,2580.0,2558.0,2529.0,2558.0,-0.85,1990.0,969.0,741.5
LICN,12/21/2016,2558.0,2545.0,2495.0,2515.0,-1.68,5881.0,969.0,741.5
LICN,12/22/2016,2515.0,2525.0,2500.0,2500.0,-0.6,2673.0,969.0,741.5
LICN,12/26/2016,2500.0,2540.0,2450.0,2450.0,-2.0,5159.0,969.0,741.5
LICN,12/27/2016,2450.0,2430.0,2390.0,2412.0,-1.55,8597.0,969.0,741.5
LICN,12/28/2016,2412.0,2448.0,2400.0,2406.0,-0.25,3954.0,969.0,741.5
LICN,12/29/2016,2406.0,2610.0,2411.0,2557.0,6.28,6143.0,969.0,741.5
LICN,1/1/2017,2557.0,2545.0,2480.0,2490.0,-2.62,9082.0,969.0,741.5
LICN,1/2/2017,2490.0,2499.0,2465.0,2474.0,-0.64,2477.0,969.0,741.5
LICN,1/3/2017,2474.0,2480.0,2400.0,2400.0,-2.99,3147.0,969.0,741.5
LICN,1/4/2017,2400.0,2450.0,2400.0,2449.0,2.04,3020.0,969.0,741.5
LICN,1/5/2017,2449.0,2439.0,2425.0,2425.0,-0.98,611.0,969.0,741.5
LICN,1/8/2017,2425.0,2410.0,2390.0,2410.0,-0.62,2373.0,969.0,741.5
LICN,1/9/2017,2410.0,2475.0,2425.0,2450.0,1.66,1464.0,969.0,741.5
LICN,1/10/2017,2450.0,2523.0,2460.0,2522.0,2.94,2640.0,969.0,741.5
LICN,1/11/2017,2522.0,2505.0,2470.0,2505.0,-0.67,1680.0,969.0,741.5
LICN,1/12/2017,2505.0,2525.0,2500.0,2508.0,0.12,930.0,969.0,741.5
LICN,1/15/2017,2508.0,2490.0,2460.0,2490.0,-0.72,310.0,969.0,741.5
LICN,1/16/2017,2490.0,2460.0,2410.0,2410.0,-3.21,660.0,969.0,741.5
LICN,1/17/2017,2410.0,2460.0,2400.0,2408.0,-0.08,1169.0,969.0,741.5
LICN,1/18/2017,2408.0,2480.0,2435.0,2480.0,2.99,758.0,969.0,741.5
LICN,1/19/2017,2480.0,2502.0,2481.0,2500.0,0.81,383.0,969.0,741.5
LICN,1/22/2017,2500.0,2510.0,2480.0,2500.0,0.0,769.0,969.0,741.5
LICN,1/23/2017,2500.0,2480.0,2450.0,2465.0,-1.4,2540.0,969.0,741.5
LICN,1/24/2017,2465.0,2450.0,2416.0,2445.0,-0.81,1078.0,969.0,741.5
LICN,1/25/2017,2445.0,2425.0,2310.0,2350.0,-3.89,2628.0,969.0,741.5
LICN,1/26/2017,2350.0,2366.0,2220.0,2329.0,-0.89,4390.0,969.0,741.5
LICN,1/30/2017,2329.0,2320.0,2097.0,2097.0,-9.96,3613.0,969.0,741.5
LICN,1/31/2017,2097.0,2138.0,1970.0,2044.0,-2.53,4724.0,969.0,741.5
LICN,2/1/2017,2044.0,2200.0,2084.0,2200.0,7.63,3511.0,969.0,741.5
LICN,2/2/2017,2200.0,2288.0,2106.0,2287.0,3.95,4000.0,969.0,741.5
LICN,2/5/2017,2287.0,2270.0,2181.0,2235.0,-2.27,881.0,969.0,741.5
LICN,2/6/2017,2235.0,2191.0,2100.0,2150.0,-3.8,2061.0,969.0,741.5
LICN,2/7/2017,2150.0,2120.0,2100.0,2120.0,-1.4,1661.0,969.0,741.5
LICN,2/8/2017,2120.0,2090.0,2000.0,2000.0,-5.66,6098.0,969.0,741.5
LICN,2/9/2017,2000.0,2001.0,1931.0,1931.0,-3.45,3383.0,969.0,741.5
LICN,2/12/2017,1931.0,1950.0,1800.0,1805.0,-6.53,3318.0,969.0,741.5
LICN,2/13/2017,1805.0,1914.0,1760.0,1914.0,6.04,2127.0,969.0,741.5
LICN,2/14/2017,1914.0,1905.0,1840.0,1890.0,-1.25,1413.0,969.0,741.5
LICN,2/15/2017,1890.0,1997.0,1911.0,1997.0,5.66,2136.0,969.0,741.5
LICN,2/16/2017,1997.0,2126.0,1958.0,2100.0,5.16,5316.0,969.0,741.5
LICN,2/19/2017,2100.0,2220.0,2017.0,2180.0,3.81,4680.0,969.0,741.5
LICN,2/20/2017,2180.0,2300.0,2151.0,2157.0,-1.06,8138.0,969.0,741.5
LICN,2/21/2017,2157.0,2220.0,2100.0,2121.0,-1.67,3375.0,969.0,741.5
LICN,2/22/2017,2121.0,2142.0,2079.0,2100.0,-0.99,2358.0,969.0,741.5
LICN,2/23/2017,2100.0,2102.0,2061.0,2067.0,-1.57,809.0,969.0,741.5
LICN,2/26/2017,2067.0,2040.0,2016.0,2030.0,-1.79,1442.0,969.0,741.5
LICN,2/28/2017,2030.0,2029.0,1990.0,2029.0,-0.05,1020.0,969.0,741.5
LICN,3/1/2017,2029.0,2069.0,2028.0,2060.0,1.53,934.0,969.0,741.5
LICN,3/2/2017,2060.0,2090.0,2055.0,2080.0,0.97,1002.0,969.0,741.5
LICN,3/5/2017,2080.0,2170.0,2100.0,2142.0,2.98,13732.0,969.0,741.5
LICN,3/6/2017,2142.0,2227.0,2120.0,2160.0,0.84,2752.0,969.0,741.5
LICN,3/7/2017,2160.0,2160.0,2086.0,2130.0,-1.39,2312.0,969.0,741.5
LICN,3/9/2017,2130.0,2169.0,2130.0,2140.0,0.47,630.0,969.0,741.5
LICN,3/13/2017,2140.0,2170.0,2101.0,2101.0,-1.82,639.0,969.0,741.5
LICN,3/14/2017,2101.0,2150.0,2121.0,2135.0,1.62,1400.0,969.0,741.5
LICN,3/15/2017,2135.0,2196.0,2100.0,2196.0,2.86,1189.0,969.0,741.5
LICN,3/16/2017,2196.0,2215.0,2160.0,2215.0,0.87,2090.0,969.0,741.5
LICN,3/19/2017,2215.0,2350.0,2220.0,2350.0,6.09,6326.0,969.0,741.5
LICN,3/20/2017,2350.0,2525.0,2380.0,2525.0,7.45,8185.0,969.0,741.5
LICN,3/21/2017,2525.0,2550.0,2373.0,2543.0,0.71,20664.0,969.0,741.5
LICN,3/22/2017,2543.0,2574.0,2493.0,2525.0,-0.71,8544.0,969.0,741.5
LICN,3/23/2017,2525.0,2579.0,2475.0,2535.0,0.4,4820.0,969.0,741.5
LICN,3/26/2017,2535.0,2596.0,2536.0,2555.0,0.79,3638.0,969.0,741.5
LICN,3/28/2017,2555.0,2700.0,2555.0,2640.0,3.33,5109.0,969.0,741.5
LICN,3/29/2017,2640.0,2692.0,2588.0,2620.0,-0.76,7006.0,969.0,741.5
LICN,3/30/2017,2620.0,2649.0,2572.0,2600.0,-0.76,2609.0,969.0,741.5
LICN,4/2/2017,2600.0,2860.0,2652.0,2860.0,10.0,3052.0,969.0,741.5
LICN,4/3/2017,2860.0,3146.0,2860.0,2960.0,3.5,19959.0,969.0,741.5
LICN,4/4/2017,2960.0,3000.0,2881.0,2910.0,-1.69,5933.0,969.0,741.5
LICN,4/6/2017,2910.0,2968.0,2861.0,2890.0,-0.69,3895.0,969.0,741.5
LICN,4/9/2017,2890.0,2947.0,2870.0,2870.0,-0.69,4313.0,969.0,741.5
LICN,4/10/2017,2870.0,2950.0,2900.0,2900.0,1.05,3266.0,969.0,741.5
LICN,4/11/2017,2900.0,2970.0,2900.0,2935.0,1.21,3260.0,969.0,741.5
LICN,4/12/2017,2935.0,3015.0,2921.0,2936.0,0.03,6947.0,969.0,741.5
LICN,4/13/2017,2936.0,2993.0,2870.0,2944.0,0.27,3352.0,969.0,741.5
LICN,4/16/2017,2944.0,3002.0,2880.0,2880.0,-2.17,2890.0,969.0,741.5
LICN,4/18/2017,2880.0,2850.0,2775.0,2795.0,-2.95,6802.0,969.0,741.5
LICN,4/19/2017,2795.0,2850.0,2779.0,2849.0,1.93,6026.0,969.0,741.5
LICN,4/20/2017,2849.0,2875.0,2806.0,2806.0,-1.51,6433.0,969.0,741.5
LICN,4/23/2017,2806.0,2980.0,2862.0,2870.0,2.28,5070.0,969.0,741.5
LICN,4/24/2017,2870.0,2870.0,2813.0,2834.0,-1.25,1457.0,969.0,741.5
LICN,4/25/2017,2834.0,2850.0,2811.0,2815.0,-0.67,1341.0,969.0,741.5
LICN,4/26/2017,2815.0,2831.0,2800.0,2800.0,-0.53,1716.0,969.0,741.5
LICN,4/27/2017,2800.0,2971.0,2737.0,2839.0,1.39,9019.0,969.0,741.5
LICN,4/30/2017,2839.0,2815.0,2790.0,2799.0,-1.41,1620.0,969.0,741.5
LICN,5/2/2017,2799.0,2854.0,2797.0,2810.0,0.39,1471.0,969.0,741.5
LICN,5/3/2017,2810.0,2815.0,2791.0,2802.0,-0.28,2398.0,969.0,741.5
LICN,5/4/2017,2802.0,2820.0,2775.0,2792.0,-0.36,1716.0,969.0,741.5
LICN,5/7/2017,2792.0,2800.0,2737.0,2761.0,-1.11,720.0,969.0,741.5
LICN,5/8/2017,2761.0,2790.0,2764.0,2790.0,1.05,340.0,969.0,741.5
LICN,5/9/2017,2790.0,2815.0,2790.0,2810.0,0.72,2497.0,969.0,741.5
LICN,5/11/2017,2810.0,2870.0,2825.0,2870.0,2.14,3516.0,969.0,741.5
LICN,5/15/2017,2870.0,2895.0,2856.0,2860.0,-0.35,12811.0,969.0,741.5
LICN,5/16/2017,2860.0,2855.0,2827.0,2830.0,-1.05,6681.0,969.0,741.5
LICN,5/17/2017,2830.0,2845.0,2830.0,2845.0,0.53,2898.0,969.0,741.5
LICN,5/18/2017,2845.0,2866.0,2836.0,2850.0,0.18,17282.0,969.0,741.5
LICN,5/21/2017,2284.0,2365.0,2250.0,2250.0,-21.05,5963.0,969.0,741.5
LICN,5/22/2017,2250.0,2280.0,2240.0,2240.0,-0.44,1223.0,969.0,741.5
LICN,5/23/2017,2240.0,2250.0,2185.0,2185.0,-2.46,1217.0,969.0,741.5
LICN,5/24/2017,2185.0,2209.0,2165.0,2170.0,-0.69,680.0,969.0,741.5
LICN,5/28/2017,2170.0,2160.0,2135.0,2150.0,-0.92,834.0,969.0,741.5
LICN,5/30/2017,2150.0,2121.0,2110.0,2120.0,-1.4,1073.0,969.0,741.5
LICN,5/31/2017,2120.0,2150.0,2110.0,2150.0,1.42,1200.0,969.0,741.5
LICN,6/1/2017,2150.0,2160.0,2120.0,2140.0,-0.47,295.0,969.0,741.5
LICN,6/4/2017,2140.0,2150.0,2110.0,2121.0,-0.89,670.0,969.0,741.5
LICN,6/5/2017,2121.0,2145.0,2130.0,2130.0,0.42,807.0,969.0,741.5
LICN,6/6/2017,2130.0,2158.0,2133.0,2158.0,1.31,809.0,969.0,741.5
LICN,6/7/2017,2158.0,2181.0,2156.0,2156.0,-0.09,1430.0,969.0,741.5
LICN,6/8/2017,2156.0,2199.0,2112.0,2120.0,-1.67,2240.0,969.0,741.5
LICN,6/11/2017,2120.0,2105.0,2078.0,2078.0,-1.98,2880.0,969.0,741.5
LICN,6/12/2017,2078.0,2100.0,2060.0,2070.0,-0.38,737.0,969.0,741.5
LICN,6/13/2017,2070.0,2090.0,2050.0,2050.0,-0.97,1910.0,969.0,741.5
LICN,6/14/2017,2050.0,2036.0,2035.0,2035.0,-0.73,310.0,969.0,741.5
LICN,6/15/2017,2035.0,2065.0,2050.0,2050.0,0.74,454.0,969.0,741.5
LICN,6/18/2017,2050.0,2060.0,2036.0,2051.0,0.05,2360.0,969.0,741.5
LICN,6/19/2017,2051.0,2055.0,2010.0,2030.0,-1.02,2055.0,969.0,741.5
LICN,6/20/2017,2030.0,2025.0,2000.0,2000.0,-1.48,1900.0,969.0,741.5
LICN,6/21/2017,2000.0,2025.0,2010.0,2025.0,1.25,440.0,969.0,741.5
LICN,6/22/2017,2025.0,2001.0,1995.0,2000.0,-1.23,633.0,969.0,741.5
LICN,6/25/2017,2000.0,2010.0,2000.0,2010.0,0.5,497.0,969.0,741.5
LICN,6/27/2017,2010.0,2020.0,2011.0,2020.0,0.5,359.0,969.0,741.5
LICN,6/28/2017,2020.0,2006.0,2001.0,2001.0,-0.94,700.0,969.0,741.5
LICN,7/2/2017,2001.0,2010.0,1990.0,1990.0,-0.55,895.0,969.0,741.5
LICN,7/4/2017,1990.0,1971.0,1971.0,1971.0,-0.95,100.0,969.0,741.5
LICN,7/5/2017,1971.0,2000.0,1975.0,2000.0,1.47,420.0,969.0,741.5
LICN,7/6/2017,2000.0,2100.0,2038.0,2100.0,5.0,2036.0,969.0,741.5
LICN,7/9/2017,2100.0,2170.0,2088.0,2100.0,0.0,2481.0,969.0,741.5
LICN,7/10/2017,2100.0,2162.0,2100.0,2162.0,2.95,1148.0,969.0,741.5
LICN,7/11/2017,2162.0,2167.0,2100.0,2120.0,-1.94,601.0,969.0,741.5
LICN,7/12/2017,2120.0,2140.0,2100.0,2140.0,0.94,272.0,969.0,741.5
LICN,7/13/2017,2140.0,2182.0,2150.0,2151.0,0.51,352.0,969.0,741.5
LICN,7/16/2017,2151.0,2151.0,2149.0,2149.0,-0.09,141.0,969.0,741.5
LICN,7/17/2017,2149.0,2135.0,2110.0,2135.0,-0.65,1012.0,969.0,741.5
LICN,7/18/2017,2135.0,2271.0,2177.0,2265.0,6.09,11039.0,969.0,741.5
LICN,7/19/2017,2265.0,2320.0,2252.0,2287.0,0.97,7332.0,969.0,741.5
LICN,7/20/2017,2287.0,2380.0,2287.0,2378.0,3.98,4721.0,969.0,741.5
LICN,7/23/2017,2378.0,2470.0,2403.0,2469.0,3.83,5845.0,969.0,741.5
LICN,7/24/2017,2469.0,2460.0,2431.0,2440.0,-1.17,3773.0,969.0,741.5
LICN,7/25/2017,2440.0,2460.0,2440.0,2455.0,0.61,2089.0,969.0,741.5
LICN,7/26/2017,2455.0,2505.0,2452.0,2483.0,1.14,6799.0,969.0,741.5
LICN,7/27/2017,2483.0,2500.0,2440.0,2490.0,0.28,3153.0,969.0,741.5
LICN,7/30/2017,2490.0,2490.0,2415.0,2430.0,-2.41,1770.0,969.0,741.5
LICN,7/31/2017,2430.0,2478.0,2401.0,2401.0,-1.19,1980.0,969.0,741.5
LICN,8/1/2017,2401.0,2444.0,2410.0,2410.0,0.37,1785.0,969.0,741.5
LICN,8/2/2017,2410.0,2426.0,2410.0,2410.0,0.0,819.0,969.0,741.5
LICN,8/3/2017,2410.0,2411.0,2400.0,2400.0,-0.41,400.0,969.0,741.5
LICN,8/6/2017,2400.0,2400.0,2371.0,2400.0,0.0,606.0,969.0,741.5
LICN,8/7/2017,2400.0,2448.0,2400.0,2416.0,0.67,2995.0,969.0,741.5
LICN,8/9/2017,2416.0,2450.0,2410.0,2420.0,0.17,2206.0,969.0,741.5
LICN,8/10/2017,2420.0,2405.0,2400.0,2400.0,-0.83,1189.0,969.0,741.5
LICN,8/13/2017,2400.0,2400.0,2372.0,2380.0,-0.83,1281.0,969.0,741.5
LICN,8/15/2017,2380.0,2382.0,2334.0,2382.0,0.08,739.0,969.0,741.5
LICN,8/16/2017,2382.0,2350.0,2320.0,2345.0,-1.55,1924.0,969.0,741.5
LICN,8/17/2017,2345.0,2330.0,2300.0,2324.0,-0.9,4140.0,969.0,741.5
LICN,8/20/2017,2324.0,2324.0,2300.0,2300.0,-1.03,1107.0,969.0,741.5
LICN,8/21/2017,2300.0,2300.0,2266.0,2290.0,-0.43,1091.0,969.0,741.5
LICN,8/22/2017,2290.0,2346.0,2285.0,2290.0,0.0,1151.0,969.0,741.5
LICN,8/23/2017,2290.0,2290.0,2241.0,2241.0,-2.14,1709.0,969.0,741.5
LICN,8/24/2017,2241.0,2270.0,2201.0,2270.0,1.29,5720.0,969.0,741.5
LICN,8/27/2017,2270.0,2270.0,2260.0,2260.0,-0.44,837.0,969.0,741.5
LICN,8/28/2017,2260.0,2270.0,2235.0,2270.0,0.44,185.0,969.0,741.5
LICN,8/30/2017,2270.0,2270.0,2230.0,2230.0,-1.76,1250.0,969.0,741.5
LICN,8/31/2017,2230.0,2250.0,2180.0,2244.0,0.63,2837.0,969.0,741.5
LICN,9/4/2017,2244.0,2254.0,2191.0,2191.0,-2.36,2333.0,969.0,741.5
LICN,9/6/2017,2191.0,2200.0,2148.0,2170.0,-0.96,3736.0,969.0,741.5
LICN,9/7/2017,2170.0,2165.0,2150.0,2160.0,-0.46,6072.0,969.0,741.5
LICN,9/10/2017,2160.0,2121.0,2075.0,2076.0,-3.89,2330.0,969.0,741.5
LICN,9/11/2017,2076.0,2117.0,2060.0,2060.0,-0.77,1988.0,969.0,741.5
LICN,9/12/2017,2060.0,2090.0,2030.0,2030.0,-1.46,2547.0,969.0,741.5
LICN,9/13/2017,2030.0,2070.0,2010.0,2015.0,-0.74,2110.0,969.0,741.5
LICN,9/14/2017,2015.0,2080.0,2045.0,2079.0,3.18,1417.0,969.0,741.5
LICN,9/17/2017,2079.0,2131.0,2081.0,2100.0,1.01,3876.0,969.0,741.5
LICN,9/18/2017,2100.0,2100.0,2085.0,2090.0,-0.48,1096.0,969.0,741.5
LICN,9/20/2017,2090.0,2094.0,2060.0,2060.0,-1.44,2264.0,969.0,741.5
LICN,9/24/2017,2060.0,2140.0,2100.0,2100.0,1.94,410.0,969.0,741.5
LICN,9/25/2017,2100.0,2100.0,2080.0,2100.0,0.0,410.0,969.0,741.5
LICN,9/26/2017,2100.0,2105.0,2088.0,2088.0,-0.57,4660.0,969.0,741.5
LICN,10/3/2017,2088.0,2090.0,2078.0,2090.0,0.1,427.0,969.0,741.5
LICN,10/4/2017,2090.0,2090.0,2062.0,2069.0,-1.0,3716.0,969.0,741.5
LICN,10/8/2017,2069.0,2060.0,2000.0,2060.0,-0.43,710.0,969.0,741.5
LICN,10/9/2017,2060.0,2060.0,2021.0,2060.0,0.0,1903.0,969.0,741.5
LICN,10/10/2017,2060.0,2040.0,2030.0,2035.0,-1.21,147.0,969.0,741.5
LICN,10/11/2017,2035.0,2059.0,2030.0,2055.0,0.98,840.0,969.0,741.5
LICN,10/12/2017,2055.0,2060.0,2041.0,2041.0,-0.68,532.0,969.0,741.5
LICN,10/15/2017,2041.0,2070.0,2050.0,2070.0,1.42,990.0,969.0,741.5
LICN,10/16/2017,2070.0,2135.0,2065.0,2100.0,1.45,2466.0,969.0,741.5
LICN,10/17/2017,2100.0,2106.0,2070.0,2093.0,-0.33,8800.0,969.0,741.5
LICN,10/18/2017,2093.0,2104.0,2060.0,2104.0,0.53,1634.0,969.0,741.5
LICN,10/22/2017,2104.0,2159.0,2110.0,2120.0,0.76,1624.0,969.0,741.5
LICN,10/23/2017,2120.0,2125.0,2092.0,2114.0,-0.28,12515.0,969.0,741.5
LICN,10/24/2017,2114.0,2134.0,2100.0,2134.0,0.95,968.0,969.0,741.5
LICN,10/25/2017,2134.0,2125.0,2095.0,2095.0,-1.83,2154.0,969.0,741.5
LICN,10/29/2017,2095.0,2096.0,2050.0,2096.0,0.05,792.0,969.0,741.5
LICN,10/30/2017,2096.0,2066.0,2060.0,2060.0,-1.72,418.0,969.0,741.5
LICN,10/31/2017,2060.0,2070.0,2031.0,2070.0,0.49,402.0,969.0,741.5
LICN,11/1/2017,2070.0,2045.0,2020.0,2045.0,-1.21,847.0,969.0,741.5
LICN,11/2/2017,2045.0,2050.0,2012.0,2049.0,0.2,2403.0,969.0,741.5
LICN,11/5/2017,2049.0,2050.0,2000.0,2020.0,-1.42,2516.0,969.0,741.5
LICN,11/6/2017,2020.0,2019.0,1980.0,2006.0,-0.69,1399.0,969.0,741.5
LICN,11/7/2017,2006.0,2000.0,1982.0,1999.0,-0.35,2812.0,969.0,741.5
LICN,11/8/2017,1999.0,1970.0,1945.0,1956.0,-2.15,1306.0,969.0,741.5
LICN,11/9/2017,1956.0,1981.0,1941.0,1975.0,0.97,3423.0,969.0,741.5
LICN,11/12/2017,1975.0,2000.0,1995.0,2000.0,1.27,120.0,969.0,741.5
LICN,11/13/2017,2000.0,2034.0,1985.0,1990.0,-0.5,1105.0,969.0,741.5
LICN,11/14/2017,1990.0,2041.0,2000.0,2041.0,2.56,1200.0,969.0,741.5
LICN,11/15/2017,2041.0,2055.0,1995.0,1995.0,-2.25,1871.0,969.0,741.5
LICN,11/16/2017,1995.0,1990.0,1955.0,1970.0,-1.25,6356.0,969.0,741.5
LICN,11/19/2017,1970.0,1955.0,1945.0,1945.0,-1.27,925.0,969.0,741.5
LICN,11/20/2017,1945.0,1955.0,1922.0,1950.0,0.26,2053.0,969.0,741.5
LICN,11/21/2017,1950.0,1960.0,1926.0,1958.0,0.41,1430.0,969.0,741.5
LICN,11/22/2017,1958.0,1985.0,1975.0,1984.0,1.33,1493.0,969.0,741.5
LICN,11/23/2017,1984.0,2000.0,1972.0,1999.0,0.76,5103.0,969.0,741.5
LICN,11/26/2017,1999.0,2015.0,2000.0,2015.0,0.8,1063.0,969.0,741.5
LICN,11/27/2017,2015.0,2035.0,1995.0,2015.0,0.0,739.0,969.0,741.5
LICN,11/28/2017,2015.0,2040.0,2010.0,2011.0,-0.2,428.0,969.0,741.5
LICN,11/29/2017,2011.0,2131.0,2015.0,2055.0,2.19,2014.0,969.0,741.5
LICN,11/30/2017,2055.0,2084.0,2042.0,2065.0,0.49,2245.0,969.0,741.5
LICN,12/4/2017,2065.0,2040.0,2031.0,2035.0,-1.45,234.0,969.0,741.5
LICN,12/5/2017,2035.0,2070.0,2035.0,2070.0,1.72,261.0,969.0,741.5
LICN,12/6/2017,2070.0,2102.0,2060.0,2085.0,0.72,2722.0,969.0,741.5
LICN,12/10/2017,2085.0,2100.0,2069.0,2076.0,-0.43,2997.0,969.0,741.5
LICN,12/11/2017,2076.0,2076.0,2043.0,2051.0,-1.2,1067.0,969.0,741.5
LICN,12/12/2017,2051.0,2035.0,2010.0,2010.0,-2.0,4412.0,969.0,741.5
LICN,12/13/2017,2010.0,2030.0,2016.0,2020.0,0.5,1400.0,969.0,741.5
LICN,12/17/2017,2020.0,2010.0,1987.0,1987.0,-1.63,885.0,969.0,741.5
LICN,12/18/2017,1987.0,2000.0,1981.0,1999.0,0.6,2215.0,969.0,741.5
LICN,12/19/2017,1999.0,1990.0,1980.0,1981.0,-0.9,344.0,969.0,741.5
LICN,12/20/2017,1981.0,1987.0,1975.0,1987.0,0.3,5197.0,969.0,741.5
LICN,12/21/2017,1987.0,1975.0,1958.0,1975.0,-0.6,1139.0,969.0,741.5
LICN,12/24/2017,1975.0,1996.0,1960.0,1991.0,0.81,485.0,969.0,741.5
LICN,12/26/2017,1991.0,1960.0,1950.0,1958.0,-1.66,1102.0,969.0,741.5
LICN,12/27/2017,1958.0,1958.0,1917.0,1917.0,-2.09,3746.0,969.0,741.5
LICN,12/28/2017,1917.0,1930.0,1880.0,1920.0,0.16,1527.0,969.0,741.5
LICN,12/31/2017,1920.0,1937.0,1900.0,1917.0,-0.16,369.0,969.0,741.5
LICN,1/1/2018,1917.0,1970.0,1925.0,1970.0,2.76,4227.0,969.0,741.5
LICN,1/2/2018,1970.0,1995.0,1960.0,1965.0,-0.25,1025.0,969.0,741.5
LICN,1/3/2018,1965.0,1988.0,1936.0,1936.0,-1.48,3703.0,969.0,741.5
LICN,1/4/2018,1936.0,1939.0,1931.0,1935.0,-0.05,1362.0,969.0,741.5
LICN,1/7/2018,1935.0,2014.0,1897.0,2014.0,4.08,4182.0,969.0,741.5
LICN,1/8/2018,2014.0,2052.0,2000.0,2029.0,0.74,1555.0,969.0,741.5
LICN,1/9/2018,2029.0,2050.0,2020.0,2032.0,0.15,1763.0,969.0,741.5
LICN,1/10/2018,2032.0,2025.0,1988.0,1989.0,-2.12,1831.0,969.0,741.5
LICN,1/14/2018,1989.0,1952.0,1949.0,1950.0,-1.96,2782.0,969.0,741.5
LICN,1/16/2018,1950.0,1987.0,1921.0,1945.0,-0.26,540.0,969.0,741.5
LICN,1/17/2018,1945.0,1985.0,1930.0,1985.0,2.06,503.0,969.0,741.5
LICN,1/21/2018,1985.0,1960.0,1930.0,1931.0,-2.72,627.0,969.0,741.5
LICN,1/22/2018,1931.0,1944.0,1912.0,1944.0,0.67,444.0,969.0,741.5
LICN,1/23/2018,1944.0,1944.0,1900.0,1901.0,-2.21,3035.0,969.0,741.5
LICN,1/24/2018,1901.0,1924.0,1910.0,1924.0,1.21,425.0,969.0,741.5
LICN,1/25/2018,1924.0,1924.0,1895.0,1924.0,0.0,1038.0,969.0,741.5
LICN,1/28/2018,1924.0,1910.0,1902.0,1910.0,-0.73,1167.0,969.0,741.5
LICN,1/29/2018,1910.0,1928.0,1905.0,1928.0,0.94,860.0,969.0,741.5
LICN,1/31/2018,1928.0,1925.0,1900.0,1925.0,-0.16,515.0,969.0,741.5
LICN,2/1/2018,1925.0,1969.0,1925.0,1969.0,2.29,924.0,969.0,741.5
LICN,2/4/2018,1969.0,1969.0,1955.0,1955.0,-0.71,345.0,969.0,741.5
LICN,2/5/2018,1955.0,1951.0,1911.0,1911.0,-2.25,1232.0,969.0,741.5
LICN,2/6/2018,1911.0,1910.0,1893.0,1900.0,-0.58,1045.0,969.0,741.5
LICN,2/7/2018,1900.0,1900.0,1883.0,1885.0,-0.79,1304.0,969.0,741.5
LICN,2/8/2018,1885.0,1930.0,1880.0,1930.0,2.39,636.0,969.0,741.5
LICN,2/11/2018,1930.0,1920.0,1916.0,1918.0,-0.62,476.0,969.0,741.5
LICN,2/12/2018,1918.0,1900.0,1870.0,1900.0,-0.94,2613.0,969.0,741.5
LICN,2/14/2018,1900.0,1938.0,1880.0,1898.0,-0.11,1117.0,969.0,741.5
LICN,2/15/2018,1898.0,1938.0,1900.0,1933.0,1.84,3450.0,969.0,741.5
LICN,2/18/2018,1960.0,1960.0,1900.0,1900.0,-1.71,1424.0,969.0,741.5
LICN,2/20/2018,1865.0,1900.0,1865.0,1900.0,0.0,91.0,969.0,741.5
LICN,2/21/2018,1900.0,1900.0,1876.0,1876.0,-1.26,615.0,969.0,741.5
LICN,2/22/2018,1855.0,1890.0,1855.0,1870.0,-0.32,1182.0,969.0,741.5
LICN,2/25/2018,1861.0,1862.0,1835.0,1835.0,-1.87,1123.0,969.0,741.5
LICN,2/26/2018,1850.0,1850.0,1810.0,1810.0,-1.36,1104.0,969.0,741.5
LICN,2/27/2018,1795.0,1876.0,1795.0,1810.0,0.0,1045.0,969.0,741.5
LICN,2/28/2018,1781.0,1805.0,1774.0,1780.0,-1.66,501.0,969.0,741.5
LICN,3/4/2018,1745.0,1760.0,1700.0,1700.0,-4.49,4969.0,969.0,741.5
LICN,3/5/2018,1734.0,1734.0,1650.0,1700.0,0.0,809.0,969.0,741.5
LICN,3/6/2018,1690.0,1725.0,1666.0,1724.0,1.41,3712.0,969.0,741.5
LICN,3/7/2018,1735.0,1735.0,1700.0,1734.0,0.58,1359.0,969.0,741.5
LICN,3/11/2018,1735.0,1735.0,1683.0,1700.0,-1.96,4665.0,969.0,741.5
LICN,3/12/2018,1705.0,1708.0,1666.0,1699.0,-0.06,1720.0,969.0,741.5
LICN,3/13/2018,1699.0,1701.0,1683.0,1699.0,0.0,1285.0,969.0,741.5
LICN,3/14/2018,1690.0,1700.0,1681.0,1700.0,0.06,1989.0,969.0,741.5
LICN,3/15/2018,1715.0,1720.0,1700.0,1700.0,0.0,579.0,969.0,741.5
LICN,3/18/2018,1700.0,1709.0,1692.0,1700.0,0.0,3618.0,969.0,741.5
LICN,3/19/2018,1700.0,1700.0,1685.0,1698.0,-0.12,1239.0,969.0,741.5
LICN,3/20/2018,1665.0,1665.0,1650.0,1655.0,-2.53,359.0,969.0,741.5
LICN,3/21/2018,1622.0,1645.0,1614.0,1614.0,-2.48,630.0,969.0,741.5
LICN,3/22/2018,1582.0,1619.0,1582.0,1600.0,-0.87,1316.0,969.0,741.5
LICN,3/26/2018,1568.0,1568.0,1475.0,1480.0,-7.5,2100.0,969.0,741.5
LICN,3/27/2018,1475.0,1622.0,1396.0,1622.0,9.59,2725.0,969.0,741.5
LICN,3/28/2018,1590.0,1590.0,1499.0,1503.0,-7.34,3872.0,969.0,741.5
LICN,3/29/2018,1532.0,1533.0,1470.0,1503.0,0.0,3214.0,969.0,741.5
LICN,4/1/2018,1500.0,1500.0,1455.0,1489.0,-0.93,1596.0,969.0,741.5
LICN,4/2/2018,1518.0,1503.0,1473.0,1480.0,-0.6,1705.0,969.0,741.5
LICN,4/3/2018,1470.0,1495.0,1470.0,1495.0,1.01,2817.0,969.0,741.5
LICN,4/4/2018,1495.0,1591.0,1486.0,1591.0,6.42,1868.0,969.0,741.5
LICN,4/5/2018,1560.0,1575.0,1529.0,1545.0,-2.89,5547.0,969.0,741.5
LICN,4/8/2018,1560.0,1661.0,1550.0,1630.0,5.5,3951.0,969.0,741.5
LICN,4/9/2018,1630.0,1655.0,1568.0,1568.0,-3.8,2467.0,969.0,741.5
LICN,4/10/2018,1538.0,1570.0,1537.0,1562.0,-0.38,610.0,969.0,741.5
LICN,4/11/2018,1535.0,1575.0,1505.0,1575.0,0.83,467.0,969.0,741.5
LICN,4/12/2018,1575.0,1600.0,1575.0,1590.0,0.95,1677.0,969.0,741.5
LICN,4/15/2018,1575.0,1590.0,1570.0,1590.0,0.0,925.0,969.0,741.5
LICN,4/16/2018,1610.0,1662.0,1595.0,1653.0,3.96,2668.0,969.0,741.5
LICN,4/17/2018,1686.0,1720.0,1657.0,1717.0,3.87,7220.0,969.0,741.5
LICN,4/18/2018,1690.0,1810.0,1662.0,1775.0,3.38,9470.0,969.0,741.5
LICN,4/19/2018,1750.0,1804.0,1740.0,1780.0,0.28,3629.0,969.0,741.5
LICN,4/22/2018,1815.0,1825.0,1737.0,1825.0,2.53,6971.0,969.0,741.5
LICN,4/23/2018,1792.0,1834.0,1745.0,1762.0,-3.45,8827.0,969.0,741.5
LICN,4/24/2018,1742.0,1770.0,1734.0,1769.0,0.4,9188.0,969.0,741.5
LICN,4/25/2018,1740.0,1750.0,1715.0,1750.0,-1.07,3615.0,969.0,741.5
LICN,4/26/2018,1735.0,1751.0,1690.0,1690.0,-3.43,5824.0,969.0,741.5
LICN,4/29/2018,1690.0,1748.0,1690.0,1748.0,3.43,1779.0,969.0,741.5
LICN,5/2/2018,1770.0,1770.0,1720.0,1749.0,0.06,2162.0,969.0,741.5
LICN,5/3/2018,1749.0,1767.0,1743.0,1750.0,0.06,1432.0,969.0,741.5
LICN,5/6/2018,1720.0,1730.0,1720.0,1730.0,-1.14,142.0,969.0,741.5
LICN,5/7/2018,1725.0,1725.0,1704.0,1704.0,-1.5,270.0,969.0,741.5
LICN,5/8/2018,1685.0,1752.0,1685.0,1752.0,2.82,2009.0,969.0,741.5
LICN,5/9/2018,1747.0,1769.0,1735.0,1735.0,-0.97,175.0,969.0,741.5
LICN,5/10/2018,1735.0,1735.0,1721.0,1735.0,0.0,783.0,969.0,741.5
LICN,5/14/2018,1750.0,1765.0,1742.0,1745.0,0.58,1219.0,969.0,741.5
LICN,5/15/2018,1745.0,1750.0,1745.0,1745.0,0.0,188.0,969.0,741.5
LICN,5/16/2018,1745.0,1748.0,1720.0,1720.0,-1.43,460.0,969.0,741.5
LICN,5/17/2018,1716.0,1750.0,1716.0,1750.0,1.74,701.0,969.0,741.5
LICN,5/20/2018,1784.0,1785.0,1730.0,1730.0,-1.14,892.0,969.0,741.5
LICN,5/21/2018,1730.0,1730.0,1705.0,1705.0,-1.45,522.0,969.0,741.5
LICN,5/22/2018,1735.0,1735.0,1712.0,1712.0,0.41,1095.0,969.0,741.5
LICN,5/23/2018,1746.0,1746.0,1735.0,1746.0,1.99,210.0,969.0,741.5
LICN,5/24/2018,1750.0,1760.0,1725.0,1740.0,-0.34,640.0,969.0,741.5
LICN,5/27/2018,1750.0,1750.0,1716.0,1720.0,-1.15,472.0,969.0,741.5
LICN,5/28/2018,1700.0,1773.0,1700.0,1773.0,3.08,1682.0,969.0,741.5
LICN,5/29/2018,1789.0,1789.0,1755.0,1755.0,-1.02,1893.0,969.0,741.5
LICN,5/30/2018,1790.0,1795.0,1770.0,1771.0,0.91,1985.0,969.0,741.5
LICN,5/31/2018,1760.0,1760.0,1750.0,1750.0,-1.19,885.0,969.0,741.5
LICN,6/3/2018,1715.0,1734.0,1681.0,1690.0,-3.43,2226.0,969.0,741.5
LICN,6/4/2018,1700.0,1700.0,1640.0,1683.0,-0.41,2234.0,969.0,741.5
LICN,6/6/2018,1715.0,1715.0,1710.0,1710.0,1.6,490.0,969.0,741.5
LICN,6/7/2018,1695.0,1699.0,1678.0,1678.0,-1.87,3776.0,969.0,741.5
LICN,6/10/2018,1650.0,1650.0,1600.0,1632.0,-2.74,1635.0,969.0,741.5
LICN,6/11/2018,1640.0,1655.0,1622.0,1655.0,1.41,606.0,969.0,741.5
LICN,6/13/2018,1680.0,1680.0,1640.0,1665.0,0.6,397.0,969.0,741.5
LICN,6/14/2018,1670.0,1689.0,1670.0,1689.0,1.44,50.0,969.0,741.5
LICN,6/18/2018,1665.0,1665.0,1640.0,1642.0,-2.78,267.0,969.0,741.5
LICN,6/19/2018,1611.0,1611.0,1610.0,1610.0,-1.95,249.0,969.0,741.5
LICN,6/20/2018,1600.0,1610.0,1600.0,1610.0,0.0,200.0,969.0,741.5
LICN,6/21/2018,1610.0,1615.0,1600.0,1608.0,-0.12,592.0,969.0,741.5
LICN,6/24/2018,1640.0,1640.0,1608.0,1609.0,0.06,145.0,969.0,741.5
LICN,6/25/2018,1605.0,1605.0,1600.0,1600.0,-0.56,230.0,969.0,741.5
LICN,6/26/2018,1582.0,1582.0,1568.0,1568.0,-2.0,780.0,969.0,741.5
LICN,6/27/2018,1538.0,1581.0,1538.0,1555.0,-0.83,919.0,969.0,741.5
LICN,6/28/2018,1550.0,1560.0,1541.0,1541.0,-0.9,794.0,969.0,741.5
LICN,7/1/2018,1531.0,1531.0,1496.0,1525.0,-1.04,1431.0,969.0,741.5
LICN,7/2/2018,1503.0,1545.0,1495.0,1545.0,1.31,937.0,969.0,741.5
LICN,7/3/2018,1515.0,1520.0,1491.0,1491.0,-3.5,491.0,969.0,741.5
LICN,7/4/2018,1500.0,1525.0,1500.0,1525.0,2.28,346.0,969.0,741.5
LICN,7/5/2018,1501.0,1615.0,1501.0,1615.0,5.9,369.0,969.0,741.5
LICN,7/8/2018,1615.0,1615.0,1585.0,1585.0,-1.86,542.0,969.0,741.5
LICN,7/9/2018,1554.0,1567.0,1540.0,1540.0,-2.84,1110.0,969.0,741.5
LICN,7/10/2018,1555.0,1555.0,1531.0,1531.0,-0.58,564.0,969.0,741.5
LICN,7/11/2018,1558.0,1580.0,1542.0,1542.0,0.72,395.0,969.0,741.5
LICN,7/12/2018,1565.0,1565.0,1535.0,1536.0,-0.39,498.0,969.0,741.5
LICN,7/15/2018,1530.0,1545.0,1500.0,1530.0,-0.39,529.0,969.0,741.5
LICN,7/16/2018,1560.0,1622.0,1560.0,1622.0,6.01,509.0,969.0,741.5
LICN,7/17/2018,1653.0,1653.0,1600.0,1600.0,-1.36,373.0,969.0,741.5
LICN,7/18/2018,1600.0,1601.0,1600.0,1600.0,0.0,650.0,969.0,741.5
LICN,7/19/2018,1576.0,1600.0,1576.0,1591.0,-0.56,369.0,969.0,741.5
LICN,7/22/2018,1572.0,1572.0,1572.0,1572.0,-1.19,312.0,969.0,741.5
LICN,7/23/2018,1573.0,1581.0,1573.0,1581.0,0.57,144.0,969.0,741.5
LICN,7/24/2018,1580.0,1580.0,1550.0,1550.0,-1.96,100.0,969.0,741.5
LICN,7/25/2018,1550.0,1555.0,1550.0,1555.0,0.32,81.0,969.0,741.5
LICN,7/26/2018,1552.0,1555.0,1552.0,1555.0,0.0,257.0,969.0,741.5
LICN,7/29/2018,1570.0,1605.0,1570.0,1590.0,2.25,700.0,969.0,741.5
LICN,7/30/2018,1591.0,1592.0,1590.0,1590.0,0.0,260.0,969.0,741.5
LICN,7/31/2018,1565.0,1575.0,1565.0,1575.0,-0.94,515.0,969.0,741.5
LICN,8/1/2018,1580.0,1606.0,1580.0,1606.0,1.97,1235.0,969.0,741.5
LICN,8/2/2018,1590.0,1601.0,1588.0,1590.0,-1.0,6860.0,969.0,741.5
LICN,8/5/2018,1580.0,1600.0,1580.0,1600.0,0.63,423.0,969.0,741.5
LICN,8/6/2018,1590.0,1600.0,1590.0,1600.0,0.0,332.0,969.0,741.5
LICN,8/7/2018,1600.0,1601.0,1590.0,1600.0,0.0,1767.0,969.0,741.5
LICN,8/8/2018,1607.0,1610.0,1607.0,1610.0,0.63,386.0,969.0,741.5
LICN,8/9/2018,1640.0,1640.0,1597.0,1600.0,-0.62,1901.0,969.0,741.5
LICN,8/12/2018,1632.0,1650.0,1570.0,1570.0,-1.88,6803.0,969.0,741.5
LICN,8/13/2018,1566.0,1589.0,1540.0,1580.0,0.64,679.0,969.0,741.5
LICN,8/14/2018,1585.0,1585.0,1550.0,1566.0,-0.89,2669.0,969.0,741.5
LICN,8/15/2018,1590.0,1610.0,1580.0,1610.0,2.81,691.0,969.0,741.5
LICN,8/16/2018,1625.0,1625.0,1596.0,1609.0,-0.06,201.0,969.0,741.5
LICN,8/19/2018,1590.0,1600.0,1581.0,1600.0,-0.56,752.0,969.0,741.5
LICN,8/20/2018,1570.0,1589.0,1568.0,1584.0,-1.0,730.0,969.0,741.5
LICN,8/21/2018,1570.0,1590.0,1570.0,1590.0,0.38,115.0,969.0,741.5
LICN,8/22/2018,1585.0,1585.0,1579.0,1579.0,-0.69,210.0,969.0,741.5
LICN,8/23/2018,1560.0,1568.0,1560.0,1561.0,-1.14,514.0,969.0,741.5
LICN,8/26/2018,1555.0,1564.0,1555.0,1564.0,0.19,110.0,969.0,741.5
LICN,8/28/2018,1590.0,1590.0,1551.0,1568.0,0.26,282.0,969.0,741.5
LICN,8/29/2018,1555.0,1560.0,1548.0,1548.0,-1.28,3347.0,969.0,741.5
LICN,8/30/2018,1550.0,1560.0,1550.0,1555.0,0.45,267.0,969.0,741.5
LICN,9/2/2018,1555.0,1585.0,1555.0,1580.0,1.61,503.0,969.0,741.5
LICN,9/3/2018,1606.0,1606.0,1575.0,1590.0,0.63,698.0,969.0,741.5
LICN,9/4/2018,1570.0,1600.0,1540.0,1600.0,0.63,812.0,969.0,741.5
LICN,9/5/2018,1617.0,1620.0,1590.0,1619.0,1.19,844.0,969.0,741.5
LICN,9/6/2018,1630.0,1630.0,1582.0,1599.0,-1.24,630.0,969.0,741.5
LICN,9/9/2018,1600.0,1600.0,1575.0,1600.0,0.06,1210.0,969.0,741.5
LICN,9/11/2018,1615.0,1615.0,1585.0,1614.0,0.88,1766.0,969.0,741.5
LICN,9/12/2018,1595.0,1610.0,1590.0,1610.0,-0.25,594.0,969.0,741.5
LICN,9/13/2018,1600.0,1615.0,1597.0,1615.0,0.31,1224.0,969.0,741.5
LICN,9/16/2018,1640.0,1640.0,1605.0,1605.0,-0.62,1070.0,969.0,741.5
LICN,9/17/2018,1605.0,1630.0,1595.0,1630.0,1.56,986.0,969.0,741.5
LICN,9/18/2018,1601.0,1620.0,1601.0,1620.0,-0.61,1165.0,969.0,741.5
LICN,9/20/2018,1589.0,1589.0,1589.0,1589.0,-1.91,25.0,969.0,741.5
LICN,9/23/2018,1595.0,1606.0,1575.0,1606.0,1.07,726.0,969.0,741.5
LICN,9/25/2018,1600.0,1600.0,1590.0,1590.0,-1.0,515.0,969.0,741.5
LICN,9/26/2018,1605.0,1605.0,1600.0,1600.0,0.63,658.0,969.0,741.5
LICN,9/27/2018,1581.0,1585.0,1570.0,1577.0,-1.44,395.0,969.0,741.5
LICN,9/30/2018,1566.0,1567.0,1566.0,1567.0,-0.63,49.0,969.0,741.5
LICN,10/1/2018,1572.0,1572.0,1567.0,1567.0,0.0,341.0,969.0,741.5
LICN,10/2/2018,1565.0,1565.0,1555.0,1555.0,-0.77,298.0,969.0,741.5
LICN,10/3/2018,1540.0,1550.0,1540.0,1545.0,-0.64,429.0,969.0,741.5
LICN,10/4/2018,1564.0,1564.0,1551.0,1551.0,0.39,267.0,969.0,741.5
LICN,10/7/2018,1530.0,1536.0,1524.0,1529.0,-1.42,521.0,969.0,741.5
LICN,10/8/2018,1525.0,1550.0,1525.0,1550.0,1.37,274.0,969.0,741.5
LICN,10/9/2018,1550.0,1550.0,1519.0,1519.0,-2.0,455.0,969.0,741.5
LICN,10/10/2018,1506.0,1520.0,1505.0,1505.0,-0.92,282.0,969.0,741.5
LICN,10/11/2018,1500.0,1525.0,1495.0,1525.0,1.33,429.0,969.0,741.5
LICN,10/14/2018,1555.0,1544.0,1544.0,1544.0,1.25,10.0,969.0,741.5
LICN,10/15/2018,1570.0,1569.0,1569.0,1569.0,1.62,10.0,969.0,741.5
LICN,10/21/2018,1550.0,1581.0,1550.0,1581.0,0.76,264.0,969.0,741.5
LICN,10/22/2018,1585.0,1590.0,1560.0,1590.0,0.57,587.0,969.0,741.5
LICN,10/23/2018,1560.0,1574.0,1559.0,1574.0,-1.01,1779.0,969.0,741.5
LICN,10/24/2018,1588.0,1588.0,1588.0,1588.0,0.89,10.0,969.0,741.5
LICN,10/25/2018,1580.0,1580.0,1565.0,1576.0,-0.76,388.0,969.0,741.5
LICN,10/28/2018,1570.0,1588.0,1560.0,1588.0,0.76,1181.0,969.0,741.5
LICN,10/29/2018,1580.0,1580.0,1561.0,1570.0,-1.13,1719.0,969.0,741.5
LICN,10/30/2018,1570.0,1575.0,1560.0,1575.0,0.32,10913.0,969.0,741.5
LICN,10/31/2018,1570.0,1570.0,1570.0,1570.0,-0.32,4299.0,969.0,741.5
LICN,11/1/2018,1570.0,1580.0,1565.0,1580.0,0.64,10969.0,969.0,741.5
LICN,11/4/2018,1570.0,1570.0,1490.0,1491.0,-5.63,18485.0,969.0,741.5
LICN,11/5/2018,1500.0,1540.0,1500.0,1525.0,2.28,328.0,969.0,741.5
LICN,11/6/2018,1525.0,1491.0,1490.0,1490.0,-2.3,56.0,969.0,741.5
LICN,11/12/2018,1500.0,1505.0,1485.0,1485.0,-0.34,1065.0,969.0,741.5
LICN,11/13/2018,1491.0,1492.0,1485.0,1489.0,0.27,1400.0,969.0,741.5
LICN,11/14/2018,1490.0,1491.0,1475.0,1490.0,0.07,1653.0,969.0,741.5
LICN,11/15/2018,1491.0,1491.0,1491.0,1491.0,0.07,100.0,969.0,741.5
LICN,11/18/2018,1491.0,1491.0,1490.0,1490.0,-0.07,1337.0,969.0,741.5
LICN,11/19/2018,1490.0,1490.0,1471.0,1472.0,-1.21,1689.0,969.0,741.5
LICN,11/21/2018,1490.0,1490.0,1485.0,1486.0,0.95,535.0,969.0,741.5
LICN,11/22/2018,1483.0,1486.0,1483.0,1485.0,-0.07,2548.0,969.0,741.5
LICN,11/25/2018,1470.0,1485.0,1470.0,1485.0,0.0,685.0,969.0,741.5
LICN,11/26/2018,1465.0,1480.0,1461.0,1480.0,-0.34,815.0,969.0,741.5
LICN,11/27/2018,1490.0,1490.0,1475.0,1485.0,0.34,492.0,969.0,741.5
LICN,11/28/2018,1466.0,1483.0,1466.0,1483.0,-0.13,172.0,969.0,741.5
LICN,11/29/2018,1480.0,1483.0,1470.0,1475.0,-0.54,5638.0,969.0,741.5
LICN,12/2/2018,1474.0,1475.0,1450.0,1455.0,-1.36,2216.0,969.0,741.5
LICN,12/3/2018,1470.0,1470.0,1450.0,1470.0,1.03,1038.0,969.0,741.5
LICN,12/4/2018,1470.0,1470.0,1450.0,1450.0,-1.36,2351.0,969.0,741.5
LICN,12/5/2018,1441.0,1442.0,1430.0,1430.0,-1.38,6877.0,969.0,741.5
LICN,12/6/2018,1430.0,1458.0,1430.0,1458.0,1.96,65.0,969.0,741.5
LICN,12/9/2018,1430.0,1430.0,1430.0,1430.0,-1.92,41.0,969.0,741.5
LICN,12/10/2018,1430.0,1450.0,1430.0,1435.0,0.35,1246.0,969.0,741.5
LICN,12/11/2018,1426.0,1440.0,1426.0,1432.0,-0.21,1290.0,969.0,741.5
LICN,12/12/2018,1435.0,1445.0,1435.0,1445.0,0.91,310.0,969.0,741.5
LICN,12/13/2018,1447.0,1450.0,1447.0,1450.0,0.35,322.0,969.0,741.5
LICN,12/16/2018,1479.0,1537.0,1479.0,1530.0,5.52,1221.0,969.0,741.5
LICN,12/17/2018,1540.0,1610.0,1540.0,1610.0,5.23,805.0,969.0,741.5
LICN,12/18/2018,1639.0,1639.0,1563.0,1580.0,-1.86,2000.0,969.0,741.5
LICN,12/19/2018,1551.0,1570.0,1550.0,1551.0,-1.84,729.0,969.0,741.5
LICN,12/20/2018,1557.0,1578.0,1551.0,1578.0,1.74,1143.0,969.0,741.5
LICN,12/23/2018,1578.0,1608.0,1578.0,1608.0,1.9,6579.0,969.0,741.5
LICN,12/24/2018,1599.0,1615.0,1582.0,1585.0,-1.43,20302.0,969.0,741.5
LICN,12/25/2018,1561.0,1579.0,1561.0,1565.0,-1.26,364.0,969.0,741.5
LICN,12/26/2018,1596.0,1640.0,1595.0,1640.0,4.79,5095.0,969.0,741.5
LICN,12/27/2018,1650.0,1714.0,1650.0,1670.0,1.83,13032.0,969.0,741.5
LICN,12/30/2018,1700.0,1700.0,1648.0,1664.0,-0.36,1096.0,969.0,741.5
LICN,12/31/2018,1650.0,1650.0,1641.0,1650.0,-0.84,530.0,969.0,741.5
LICN,1/1/2019,1650.0,1680.0,1640.0,1641.0,-0.55,773.0,969.0,741.5
LICN,1/2/2019,1655.0,1655.0,1655.0,1655.0,0.85,150.0,969.0,741.5
LICN,1/3/2019,1645.0,1670.0,1645.0,1670.0,0.91,137.0,969.0,741.5
LICN,1/6/2019,1702.0,1702.0,1641.0,1642.0,-1.68,915.0,969.0,741.5
LICN,1/7/2019,1660.0,1675.0,1659.0,1675.0,2.01,1940.0,969.0,741.5
LICN,1/8/2019,1675.0,1680.0,1672.0,1672.0,-0.18,1970.0,969.0,741.5
LICN,1/9/2019,1672.0,1678.0,1670.0,1678.0,0.36,143.0,969.0,741.5
LICN,1/10/2019,1678.0,1698.0,1678.0,1695.0,1.01,1317.0,969.0,741.5
LICN,1/13/2019,1670.0,1710.0,1650.0,1709.0,0.83,1489.0,969.0,741.5
LICN,1/14/2019,1700.0,1717.0,1680.0,1700.0,-0.53,1295.0,969.0,741.5
LICN,1/15/2019,1734.0,1780.0,1734.0,1752.0,3.06,2208.0,969.0,741.5
LICN,1/16/2019,1785.0,1785.0,1741.0,1741.0,-0.63,3819.0,969.0,741.5
LICN,1/17/2019,1733.0,1764.0,1733.0,1755.0,0.8,620.0,969.0,741.5
LICN,1/20/2019,1755.0,1755.0,1750.0,1752.0,-0.17,1940.0,969.0,741.5
LICN,1/21/2019,1740.0,1752.0,1740.0,1743.0,-0.51,5256.0,969.0,741.5
LICN,1/22/2019,1777.0,1798.0,1777.0,1798.0,3.16,60.0,969.0,741.5
LICN,1/23/2019,1814.0,1814.0,1750.0,1775.0,-1.28,1110.0,969.0,741.5
LICN,1/24/2019,1780.0,1780.0,1753.0,1753.0,-1.24,660.0,969.0,741.5
LICN,1/27/2019,1740.0,1750.0,1725.0,1731.0,-1.25,2337.0,969.0,741.5
LICN,1/28/2019,1731.0,1763.0,1725.0,1725.0,-0.35,306.0,969.0,741.5
LICN,1/29/2019,1759.0,1759.0,1724.0,1728.0,0.17,502.0,969.0,741.5
LICN,1/30/2019,1728.0,1740.0,1706.0,1720.0,-0.46,969.0,969.0,741.5
LICN,1/31/2019,1700.0,1734.0,1700.0,1729.0,0.52,1077.0,969.0,741.5
LICN,2/3/2019,1710.0,1710.0,1702.0,1702.0,-1.56,508.0,969.0,741.5
LICN,2/4/2019,1722.0,1722.0,1695.0,1695.0,-0.41,923.0,969.0,741.5
LICN,2/5/2019,1700.0,1708.0,1695.0,1700.0,0.29,2001.0,969.0,741.5
LICN,2/7/2019,1690.0,1690.0,1670.0,1670.0,-1.76,1168.0,969.0,741.5
LICN,2/10/2019,1660.0,1660.0,1606.0,1638.0,-1.92,2948.0,969.0,741.5
LICN,2/11/2019,1670.0,1699.0,1640.0,1640.0,0.12,484.0,969.0,741.5
LICN,2/12/2019,1672.0,1695.0,1656.0,1669.0,1.77,164.0,969.0,741.5
LICN,2/13/2019,1636.0,1636.0,1605.0,1605.0,-3.83,1250.0,969.0,741.5
LICN,2/14/2019,1637.0,1637.0,1600.0,1609.0,0.25,1510.0,969.0,741.5
LICN,2/17/2019,1600.0,1600.0,1587.0,1593.0,-0.99,1099.0,969.0,741.5
LICN,2/18/2019,1600.0,1600.0,1576.0,1576.0,-1.07,1444.0,969.0,741.5
LICN,2/19/2019,1595.0,1650.0,1575.0,1650.0,4.7,2534.0,969.0,741.5
LICN,2/20/2019,1617.0,1617.0,1588.0,1613.0,-2.24,2334.0,969.0,741.5
LICN,2/21/2019,1620.0,1620.0,1605.0,1605.0,-0.5,110.0,969.0,741.5
LICN,2/24/2019,1637.0,1668.0,1595.0,1595.0,-0.62,716.0,969.0,741.5
LICN,2/25/2019,1564.0,1620.0,1564.0,1605.0,0.63,542.0,969.0,741.5
LICN,2/26/2019,1635.0,1635.0,1590.0,1600.0,-0.31,910.0,969.0,741.5
LICN,2/27/2019,1630.0,1630.0,1598.0,1604.0,0.25,1504.0,969.0,741.5
LICN,3/3/2019,1635.0,1635.0,1597.0,1604.0,0.0,3295.0,969.0,741.5
LICN,3/5/2019,1460.0,1460.0,1425.0,1425.0,-11.16,470.0,969.0,741.5
LICN,3/6/2019,1449.0,1449.0,1422.0,1430.0,0.35,1160.0,969.0,741.5
LICN,3/7/2019,1450.0,1500.0,1431.0,1459.0,2.03,2355.0,969.0,741.5
LICN,3/10/2019,1480.0,1480.0,1455.0,1465.0,0.41,530.0,969.0,741.5
LICN,3/11/2019,1490.0,1490.0,1451.0,1465.0,0.0,1445.0,969.0,741.5
LICN,3/12/2019,1487.0,1500.0,1470.0,1499.0,2.32,3130.0,969.0,741.5
LICN,3/13/2019,1486.0,1486.0,1486.0,1486.0,-0.87,51.0,969.0,741.5
LICN,3/14/2019,1495.0,1495.0,1471.0,1493.0,0.47,2040.0,969.0,741.5
LICN,3/17/2019,1509.0,1509.0,1490.0,1504.0,0.74,7170.0,969.0,741.5
LICN,3/18/2019,1534.0,1534.0,1490.0,1492.0,-0.8,1874.0,969.0,741.5
LICN,3/19/2019,1510.0,1510.0,1482.0,1485.0,-0.47,621.0,969.0,741.5
LICN,3/21/2019,1504.0,1504.0,1487.0,1502.0,1.14,5586.0,969.0,741.5
LICN,3/24/2019,1530.0,1530.0,1490.0,1495.0,-0.47,353.0,969.0,741.5
LICN,3/25/2019,1480.0,1500.0,1480.0,1500.0,0.33,1580.0,969.0,741.5
LICN,3/26/2019,1525.0,1525.0,1490.0,1490.0,-0.67,1051.0,969.0,741.5
LICN,3/27/2019,1500.0,1500.0,1485.0,1491.0,0.07,746.0,969.0,741.5
LICN,3/28/2019,1500.0,1500.0,1500.0,1500.0,0.6,10.0,969.0,741.5
LICN,3/31/2019,1500.0,1505.0,1480.0,1480.0,-1.33,696.0,969.0,741.5
LICN,4/1/2019,1509.0,1509.0,1493.0,1495.0,1.01,1325.0,969.0,741.5
LICN,4/2/2019,1524.0,1524.0,1494.0,1508.0,0.87,2302.0,969.0,741.5
LICN,4/3/2019,1520.0,1520.0,1500.0,1508.0,0.0,382.0,969.0,741.5
LICN,4/4/2019,1520.0,1520.0,1496.0,1506.0,-0.13,1557.0,969.0,741.5
LICN,4/7/2019,1525.0,1525.0,1496.0,1505.0,-0.07,1089.0,969.0,741.5
LICN,4/8/2019,1510.0,1545.0,1509.0,1535.0,1.99,1948.0,969.0,741.5
LICN,4/9/2019,1525.0,1525.0,1515.0,1520.0,-0.98,593.0,969.0,741.5
LICN,4/10/2019,1535.0,1545.0,1520.0,1537.0,1.12,738.0,969.0,741.5
LICN,4/11/2019,1565.0,1565.0,1520.0,1545.0,0.52,365.0,969.0,741.5
LICN,4/15/2019,1555.0,1565.0,1535.0,1535.0,-0.65,120.0,969.0,741.5
LICN,4/16/2019,1555.0,1580.0,1537.0,1555.0,1.3,1373.0,969.0,741.5
LICN,4/17/2019,1586.0,1600.0,1540.0,1570.0,0.96,2171.0,969.0,741.5
LICN,4/18/2019,1601.0,1632.0,1580.0,1582.0,0.76,870.0,969.0,741.5
LICN,4/21/2019,1613.0,1613.0,1573.0,1589.0,0.44,567.0,969.0,741.5
LICN,4/22/2019,1600.0,1632.0,1600.0,1623.0,2.14,1035.0,969.0,741.5
LICN,4/23/2019,1623.0,1623.0,1592.0,1609.0,-0.86,764.0,969.0,741.5
LICN,4/24/2019,1620.0,1620.0,1619.0,1619.0,0.62,200.0,969.0,741.5
LICN,4/25/2019,1632.0,1700.0,1632.0,1691.0,4.45,1618.0,969.0,741.5
LICN,4/28/2019,1724.0,1860.0,1724.0,1860.0,9.99,5986.0,969.0,741.5
LICN,4/29/2019,1897.0,1953.0,1825.0,1887.0,1.45,4714.0,969.0,741.5
LICN,4/30/2019,1887.0,1911.0,1853.0,1875.0,-0.64,7971.0,969.0,741.5
LICN,5/2/2019,1877.0,1880.0,1856.0,1875.0,0.0,3478.0,969.0,741.5
LICN,5/5/2019,1852.0,1870.0,1850.0,1855.0,-1.07,6030.0,969.0,741.5
LICN,5/6/2019,1860.0,1870.0,1855.0,1870.0,0.81,6898.0,969.0,741.5
LICN,5/7/2019,1905.0,1905.0,1870.0,1885.0,0.8,2837.0,969.0,741.5
LICN,5/8/2019,1908.0,1935.0,1871.0,1935.0,2.65,5425.0,969.0,741.5
LICN,5/9/2019,1901.0,1925.0,1900.0,1902.0,-1.71,2626.0,969.0,741.5
LICN,5/12/2019,1930.0,1930.0,1895.0,1900.0,-0.11,3376.0,969.0,741.5
LICN,5/13/2019,1875.0,1915.0,1875.0,1897.0,-0.16,3515.0,969.0,741.5
LICN,5/14/2019,1880.0,1905.0,1880.0,1900.0,0.16,3045.0,969.0,741.5
LICN,5/15/2019,1900.0,1900.0,1894.0,1895.0,-0.26,134.0,969.0,741.5
LICN,5/16/2019,1890.0,1899.0,1890.0,1895.0,0.0,752.0,969.0,741.5
LICN,5/19/2019,1871.0,1890.0,1860.0,1872.0,-1.21,3725.0,969.0,741.5
LICN,5/20/2019,1853.0,1875.0,1853.0,1870.0,-0.11,1442.0,969.0,741.5
LICN,5/21/2019,1874.0,1925.0,1865.0,1925.0,2.94,4112.0,969.0,741.5
LICN,5/22/2019,1919.0,1952.0,1901.0,1936.0,0.57,6222.0,969.0,741.5
LICN,5/23/2019,1932.0,1932.0,1900.0,1910.0,-1.34,3048.0,969.0,741.5
LICN,5/26/2019,1910.0,1910.0,1892.0,1892.0,-0.94,2677.0,969.0,741.5
LICN,5/27/2019,1885.0,1918.0,1881.0,1906.0,0.74,4730.0,969.0,741.5
LICN,5/28/2019,1940.0,1940.0,1895.0,1903.0,-0.16,9314.0,969.0,741.5
LICN,5/29/2019,1950.0,1950.0,1821.0,1823.0,-4.2,11018.0,969.0,741.5
LICN,5/30/2019,1914.0,1919.0,1793.0,1805.0,-0.99,10113.0,969.0,741.5
LICN,6/2/2019,1834.0,1834.0,1769.0,1769.0,-1.99,1909.0,969.0,741.5
LICN,6/3/2019,1804.0,1804.0,1735.0,1744.0,-1.41,2504.0,969.0,741.5
LICN,6/4/2019,1778.0,1778.0,1711.0,1721.0,-1.32,3975.0,969.0,741.5
LICN,6/6/2019,1713.0,1713.0,1675.0,1675.0,-2.67,1384.0,969.0,741.5
LICN,6/10/2019,1708.0,1730.0,1645.0,1645.0,-1.79,2771.0,969.0,741.5
LICN,6/11/2019,1677.0,1690.0,1648.0,1668.0,1.4,240.0,969.0,741.5
LICN,6/12/2019,1665.0,1665.0,1650.0,1658.0,-0.6,1837.0,969.0,741.5
LICN,6/13/2019,1690.0,1690.0,1643.0,1643.0,-0.9,1673.0,969.0,741.5
LICN,6/16/2019,1650.0,1670.0,1641.0,1660.0,1.03,483.0,969.0,741.5
LICN,6/17/2019,1650.0,1650.0,1603.0,1637.0,-1.39,1306.0,969.0,741.5
LICN,6/18/2019,1637.0,1640.0,1590.0,1590.0,-2.87,2705.0,969.0,741.5
LICN,6/19/2019,1618.0,1618.0,1618.0,1618.0,1.76,10.0,969.0,741.5
LICN,6/20/2019,1596.0,1619.0,1595.0,1606.0,-0.74,1202.0,969.0,741.5
LICN,6/23/2019,1581.0,1585.0,1575.0,1585.0,-1.31,1757.0,969.0,741.5
LICN,6/24/2019,1580.0,1589.0,1570.0,1576.0,-0.57,1112.0,969.0,741.5
LICN,6/25/2019,1576.0,1600.0,1576.0,1577.0,0.06,594.0,969.0,741.5
LICN,6/26/2019,1585.0,1599.0,1585.0,1599.0,1.4,285.0,969.0,741.5
LICN,6/27/2019,1590.0,1600.0,1590.0,1600.0,0.06,689.0,969.0,741.5
LICN,6/30/2019,1600.0,1600.0,1571.0,1590.0,-0.62,462.0,969.0,741.5
LICN,7/1/2019,1575.0,1600.0,1561.0,1600.0,0.63,1625.0,969.0,741.5
LICN,7/2/2019,1632.0,1640.0,1600.0,1620.0,1.25,3694.0,969.0,741.5
LICN,7/3/2019,1652.0,1678.0,1620.0,1660.0,2.47,3720.0,969.0,741.5
LICN,7/4/2019,1632.0,1680.0,1631.0,1651.0,-0.54,1585.0,969.0,741.5
LICN,7/7/2019,1620.0,1630.0,1605.0,1620.0,-1.88,502.0,969.0,741.5
LICN,7/8/2019,1620.0,1620.0,1600.0,1610.0,-0.62,1569.0,969.0,741.5
LICN,7/9/2019,1642.0,1642.0,1595.0,1601.0,-0.56,3221.0,969.0,741.5
LICN,7/10/2019,1632.0,1632.0,1600.0,1619.0,1.12,3308.0,969.0,741.5
LICN,7/11/2019,1619.0,1630.0,1595.0,1600.0,-1.17,4080.0,969.0,741.5
LICN,7/14/2019,1632.0,1632.0,1595.0,1615.0,0.94,596.0,969.0,741.5
LICN,7/15/2019,1619.0,1619.0,1597.0,1615.0,0.0,1541.0,969.0,741.5
LICN,7/16/2019,1601.0,1601.0,1599.0,1600.0,-0.93,2205.0,969.0,741.5
LICN,7/17/2019,1617.0,1620.0,1601.0,1620.0,1.25,782.0,969.0,741.5
LICN,7/18/2019,1610.0,1615.0,1602.0,1602.0,-1.11,1724.0,969.0,741.5
LICN,7/21/2019,1609.0,1609.0,1594.0,1599.0,-0.19,1964.0,969.0,741.5
LICN,7/22/2019,1600.0,1600.0,1580.0,1580.0,-1.19,3595.0,969.0,741.5
LICN,7/23/2019,1599.0,1599.0,1567.0,1571.0,-0.57,4358.0,969.0,741.5
LICN,7/24/2019,1580.0,1599.0,1577.0,1597.0,1.65,6041.0,969.0,741.5
LICN,7/25/2019,1190.0,1190.0,1155.0,1177.0,-26.3,2386.0,969.0,741.5
LICN,7/28/2019,1177.0,1177.0,1136.0,1137.0,-3.4,2464.0,969.0,741.5
LICN,7/29/2019,1140.0,1159.0,1137.0,1140.0,0.26,428.0,969.0,741.5
LICN,7/30/2019,1140.0,1140.0,1132.0,1133.0,-0.61,809.0,969.0,741.5
LICN,7/31/2019,1130.0,1144.0,1130.0,1144.0,0.97,650.0,969.0,741.5
LICN,8/1/2019,1140.0,1144.0,1139.0,1139.0,-0.44,359.0,969.0,741.5
LICN,8/4/2019,1150.0,1160.0,1133.0,1160.0,1.84,2235.0,969.0,741.5
LICN,8/5/2019,1150.0,1155.0,1144.0,1144.0,-1.38,2297.0,969.0,741.5
LICN,8/6/2019,1141.0,1145.0,1141.0,1142.0,-0.17,727.0,969.0,741.5
LICN,8/7/2019,1155.0,1155.0,1147.0,1147.0,0.44,145.0,969.0,741.5
LICN,8/8/2019,1145.0,1151.0,1143.0,1143.0,-0.35,524.0,969.0,741.5
LICN,8/11/2019,1135.0,1143.0,1132.0,1135.0,-0.7,2142.0,969.0,741.5
LICN,8/12/2019,1140.0,1145.0,1130.0,1145.0,0.88,4016.0,969.0,741.5
LICN,8/13/2019,1145.0,1147.0,1125.0,1125.0,-1.75,2514.0,969.0,741.5
LICN,8/14/2019,1130.0,1140.0,1115.0,1140.0,1.33,1106.0,969.0,741.5
LICN,8/15/2019,1140.0,1140.0,1125.0,1138.0,-0.18,84.0,969.0,741.5
LICN,8/18/2019,1125.0,1125.0,1120.0,1120.0,-1.58,1009.0,969.0,741.5
LICN,8/19/2019,1102.0,1129.0,1102.0,1120.0,0.0,878.0,969.0,741.5
LICN,8/20/2019,1129.0,1129.0,1116.0,1116.0,-0.36,175.0,969.0,741.5
LICN,8/21/2019,1116.0,1116.0,1114.0,1114.0,-0.18,128.0,969.0,741.5
LICN,8/22/2019,1113.0,1113.0,1110.0,1110.0,-0.36,60.0,969.0,741.5
LICN,8/25/2019,1090.0,1098.0,1080.0,1098.0,-1.08,987.0,969.0,741.5
LICN,8/26/2019,1080.0,1087.0,1040.0,1087.0,-1.0,1120.0,969.0,741.5
LICN,8/27/2019,1094.0,1094.0,1073.0,1080.0,-0.64,621.0,969.0,741.5
LICN,8/28/2019,1071.0,1075.0,1060.0,1075.0,-0.46,507.0,969.0,741.5
LICN,8/29/2019,1071.0,1075.0,1061.0,1061.0,-1.3,564.0,969.0,741.5
LICN,9/1/2019,1046.0,1046.0,1019.0,1039.0,-2.07,1007.0,969.0,741.5
LICN,9/2/2019,1022.0,1022.0,1002.0,1017.0,-2.12,710.0,969.0,741.5
LICN,9/3/2019,1001.0,1019.0,995.0,1019.0,0.2,1022.0,969.0,741.5
LICN,9/4/2019,1015.0,1028.0,1015.0,1028.0,0.88,500.0,969.0,741.5
LICN,9/5/2019,1015.0,1024.0,1015.0,1024.0,-0.39,640.0,969.0,741.5
LICN,9/8/2019,1004.0,1040.0,1004.0,1040.0,1.56,365.0,969.0,741.5
LICN,9/9/2019,1040.0,1040.0,1000.0,1001.0,-3.75,709.0,969.0,741.5
LICN,9/10/2019,986.0,1001.0,982.0,1001.0,0.0,318.0,969.0,741.5
LICN,9/11/2019,995.0,995.0,995.0,995.0,-0.6,100.0,969.0,741.5
LICN,9/12/2019,990.0,1014.0,985.0,1014.0,1.91,585.0,969.0,741.5
LICN,9/15/2019,1005.0,995.0,1005.0,995.0,-1.87,206.0,969.0,741.5
LICN,9/16/2019,985.0,985.0,976.0,976.0,-1.91,520.0,969.0,741.5
LICN,9/17/2019,989.0,995.0,1009.0,1009.0,3.38,1759.0,969.0,741.5
LICN,9/18/2019,1025.0,1041.0,1005.0,1041.0,3.17,141.0,969.0,741.5
LICN,9/19/2019,1045.0,1061.0,1030.0,1030.0,-1.06,122.0,969.0,741.5
LICN,9/22/2019,1015.0,1015.0,981.0,1014.0,-1.55,762.0,969.0,741.5
LICN,9/23/2019,1024.0,1024.0,1004.0,1004.0,-0.99,20.0,969.0,741.5
LICN,9/24/2019,1008.0,999.0,1000.0,990.0,-1.39,903.0,969.0,741.5
LICN,9/25/2019,980.0,996.0,977.0,996.0,0.61,362.0,969.0,741.5
LICN,9/26/2019,985.0,991.0,1000.0,1004.0,0.8,521.0,969.0,741.5
LICN,9/29/2019,991.0,995.0,1000.0,1000.0,-0.4,1396.0,969.0,741.5
LICN,9/30/2019,997.0,998.0,996.0,998.0,-0.2,193.0,969.0,741.5
LICN,10/1/2019,1004.0,1004.0,995.0,1000.0,0.2,260.0,969.0,741.5
LICN,10/2/2019,1000.0,1000.0,998.0,998.0,-0.2,22.0,969.0,741.5
LICN,10/3/2019,987.0,999.0,985.0,999.0,0.1,1029.0,969.0,741.5
LICN,10/10/2019,981.0,981.0,981.0,981.0,-1.8,80.0,969.0,741.5
LICN,10/14/2019,985.0,985.0,980.0,980.0,-0.1,880.0,969.0,741.5
LICN,10/15/2019,995.0,995.0,977.0,993.0,1.33,661.0,969.0,741.5
LICN,10/16/2019,978.0,988.0,960.0,988.0,-0.5,810.0,969.0,741.5
LICN,10/21/2019,991.0,991.0,969.0,980.0,-0.81,764.0,969.0,741.5
LICN,10/22/2019,991.0,991.0,972.0,987.0,0.71,221.0,969.0,741.5
LICN,10/23/2019,980.0,990.0,970.0,980.0,-0.71,2145.0,969.0,741.5
LICN,10/24/2019,989.0,1020.0,989.0,1000.0,2.04,425.0,969.0,741.5
LICN,11/3/2019,1001.0,1001.0,1000.0,1000.0,0.0,120.0,969.0,741.5
LICN,11/4/2019,1000.0,1000.0,980.0,997.0,-0.3,626.0,969.0,741.5
LICN,11/5/2019,998.0,998.0,982.0,990.0,-0.7,144.0,969.0,741.5
LICN,11/6/2019,996.0,996.0,992.0,992.0,0.2,60.0,969.0,741.5
LICN,11/7/2019,990.0,990.0,985.0,988.0,-0.4,81.0,969.0,741.5
LICN,11/10/2019,982.0,982.0,980.0,980.0,-0.81,689.0,969.0,741.5
LICN,11/11/2019,999.0,999.0,980.0,998.0,1.84,275.0,969.0,741.5
LICN,11/12/2019,998.0,998.0,998.0,998.0,0.0,60.0,969.0,741.5
LICN,11/13/2019,981.0,982.0,980.0,982.0,-1.6,135.0,969.0,741.5
LICN,11/14/2019,972.0,980.0,965.0,978.0,-0.41,203.0,969.0,741.5
LICN,11/17/2019,995.0,995.0,995.0,995.0,1.74,50.0,969.0,741.5
LICN,11/18/2019,990.0,990.0,973.0,990.0,-0.5,1453.0,969.0,741.5
LICN,11/19/2019,980.0,990.0,971.0,990.0,0.0,521.0,969.0,741.5
LICN,11/20/2019,990.0,1008.0,953.0,955.0,-3.54,2276.0,969.0,741.5
LICN,11/21/2019,974.0,974.0,936.0,970.0,1.57,607.0,969.0,741.5
LICN,11/24/2019,955.0,955.0,902.0,928.0,-4.33,2550.0,969.0,741.5
LICN,11/25/2019,911.0,928.0,892.0,915.0,-1.4,1568.0,969.0,741.5
LICN,11/26/2019,928.0,928.0,910.0,915.0,0.0,988.0,969.0,741.5
LICN,11/27/2019,910.0,915.0,907.0,915.0,0.0,810.0,969.0,741.5
LICN,11/28/2019,900.0,928.0,900.0,925.0,1.09,200.0,969.0,741.5
LICN,12/1/2019,910.0,949.0,900.0,949.0,2.59,1569.0,969.0,741.5
LICN,12/2/2019,931.0,931.0,913.0,913.0,-3.79,419.0,969.0,741.5
LICN,12/3/2019,920.0,936.0,918.0,925.0,1.31,74.0,969.0,741.5
LICN,12/4/2019,934.0,962.0,918.0,954.0,3.14,2328.0,969.0,741.5
LICN,12/5/2019,968.0,978.0,956.0,978.0,2.52,2206.0,969.0,741.5
LICN,12/8/2019,959.0,970.0,959.0,969.0,-0.92,900.0,969.0,741.5
LICN,12/9/2019,981.0,995.0,971.0,990.0,2.17,2232.0,969.0,741.5
LICN,12/10/2019,971.0,999.0,801.0,998.0,0.81,2482.0,969.0,741.5
LICN,12/11/2019,1002.0,1010.0,979.0,1000.0,0.2,2453.0,969.0,741.5
LICN,12/12/2019,1004.0,1076.0,1000.0,1060.0,6.0,8796.0,969.0,741.5
LICN,12/15/2019,1039.0,1055.0,1015.0,1026.0,-3.21,6223.0,969.0,741.5
LICN,12/16/2019,1040.0,1040.0,1000.0,1000.0,-2.53,1528.0,969.0,741.5
LICN,12/17/2019,1000.0,1022.0,1000.0,1019.0,1.9,1166.0,969.0,741.5
LICN,12/18/2019,1000.0,1029.0,999.0,1029.0,0.98,415.0,969.0,741.5
LICN,12/19/2019,1009.0,1009.0,989.0,1007.0,-2.14,1294.0,969.0,741.5
LICN,12/22/2019,1020.0,1020.0,989.0,989.0,-1.79,2047.0,969.0,741.5
LICN,12/23/2019,1008.0,1028.0,998.0,1025.0,3.64,2240.0,969.0,741.5
LICN,12/24/2019,1005.0,1040.0,1005.0,1035.0,0.98,630.0,969.0,741.5
LICN,12/25/2019,1045.0,1045.0,1020.0,1025.0,-0.97,595.0,969.0,741.5
LICN,12/26/2019,1025.0,1030.0,1015.0,1028.0,0.29,3544.0,969.0,741.5
LICN,12/29/2019,1035.0,1060.0,1028.0,1045.0,1.65,4197.0,969.0,741.5
LICN,12/30/2019,1050.0,1109.0,1039.0,1100.0,5.26,19211.0,969.0,741.5
LICN,12/31/2019,1115.0,1122.0,1080.0,1105.0,0.45,6807.0,969.0,741.5
LICN,1/1/2020,1117.0,1117.0,1087.0,1090.0,-1.36,4735.0,969.0,741.5
LICN,1/2/2020,1082.0,1099.0,1073.0,1074.0,-1.47,1945.0,969.0,741.5
LICN,1/5/2020,1078.0,1109.0,1078.0,1098.0,2.23,6674.0,969.0,741.5
LICN,1/6/2020,1096.0,1105.0,1096.0,1099.0,0.09,2581.0,969.0,741.5
LICN,1/7/2020,1095.0,1107.0,1095.0,1101.0,0.18,501.0,969.0,741.5
LICN,1/8/2020,1115.0,1119.0,1090.0,1090.0,-1.0,1661.0,969.0,741.5
LICN,1/9/2020,1100.0,1110.0,1100.0,1110.0,1.83,2119.0,969.0,741.5
LICN,1/12/2020,1110.0,1185.0,1110.0,1185.0,6.76,12963.0,969.0,741.5
LICN,1/13/2020,1208.0,1208.0,1160.0,1169.0,-1.35,5944.0,969.0,741.5
LICN,1/14/2020,1146.0,1168.0,1146.0,1160.0,-0.77,1925.0,969.0,741.5
LICN,1/15/2020,1159.0,1159.0,1120.0,1140.0,-1.72,5657.0,969.0,741.5
LICN,1/16/2020,1140.0,1198.0,1140.0,1198.0,5.09,6835.0,969.0,741.5
LICN,1/19/2020,1198.0,1261.0,1198.0,1254.0,4.67,8454.0,969.0,741.5
LICN,1/20/2020,1252.0,1252.0,1157.0,1220.0,-2.71,4624.0,969.0,741.5
LICN,1/21/2020,1205.0,1230.0,1181.0,1225.0,0.41,4684.0,969.0,741.5
LICN,1/22/2020,1220.0,1272.0,1201.0,1230.0,0.41,3180.0,969.0,741.5
LICN,1/23/2020,1254.0,1274.0,1235.0,1253.0,1.87,22271.0,969.0,741.5
LICN,1/26/2020,1229.0,1237.0,1213.0,1228.0,-2.0,8232.0,969.0,741.5
LICN,1/27/2020,1229.0,1245.0,1203.0,1230.0,0.16,9115.0,969.0,741.5
LICN,1/28/2020,1254.0,1277.0,1227.0,1264.0,2.76,23803.0,969.0,741.5
LICN,1/29/2020,1270.0,1279.0,1240.0,1255.0,-0.71,1842.0,969.0,741.5
LICN,1/30/2020,1255.0,1276.0,1250.0,1250.0,-0.4,12904.0,969.0,741.5
LICN,2/2/2020,1275.0,1275.0,1241.0,1250.0,0.0,7500.0,969.0,741.5
LICN,2/3/2020,1260.0,1260.0,1235.0,1246.0,-0.32,1729.0,969.0,741.5
LICN,2/4/2020,1249.0,1249.0,1225.0,1230.0,-1.28,4039.0,969.0,741.5
LICN,2/5/2020,1217.0,1231.0,1217.0,1231.0,0.08,6067.0,969.0,741.5
LICN,2/6/2020,1231.0,1234.0,1216.0,1216.0,-1.22,8626.0,969.0,741.5
LICN,2/9/2020,1234.0,1234.0,1209.0,1230.0,1.15,3686.0,969.0,741.5
LICN,2/10/2020,1250.0,1250.0,1215.0,1215.0,-1.22,1139.0,969.0,741.5
LICN,2/11/2020,1239.0,1239.0,1210.0,1210.0,-0.41,5627.0,969.0,741.5
LICN,2/12/2020,1234.0,1238.0,1222.0,1230.0,1.65,6236.0,969.0,741.5
LICN,2/13/2020,1250.0,1275.0,1236.0,1245.0,1.22,8936.0,969.0,741.5
LICN,2/16/2020,1255.0,1350.0,1249.0,1326.0,6.51,16980.0,969.0,741.5
LICN,2/17/2020,1352.0,1401.0,1352.0,1393.0,5.05,22103.0,969.0,741.5
LICN,2/18/2020,1390.0,1404.0,1366.0,1390.0,-0.22,11859.0,969.0,741.5
LICN,2/19/2020,1406.0,1407.0,1372.0,1390.0,0.0,5285.0,969.0,741.5
LICN,2/20/2020,1405.0,1505.0,1400.0,1505.0,8.27,32475.0,969.0,741.5
LICN,2/23/2020,1505.0,1550.0,1485.0,1490.0,-1.0,32514.0,969.0,741.5
LICN,2/24/2020,1518.0,1529.0,1500.0,1510.0,1.34,18418.0,969.0,741.5
LICN,2/25/2020,1491.0,1661.0,1480.0,1660.0,9.93,27942.0,969.0,741.5
LICN,2/26/2020,1689.0,1752.0,1674.0,1740.0,4.82,48575.0,969.0,741.5
LICN,2/27/2020,1706.0,1755.0,1672.0,1738.0,-0.11,49686.0,969.0,741.5
LICN,3/1/2020,1706.0,1738.0,1630.0,1632.0,-6.1,27760.0,969.0,741.5
LICN,3/2/2020,1601.0,1620.0,1520.0,1520.0,-6.86,15106.0,969.0,741.5
LICN,3/3/2020,1490.0,1599.0,1462.0,1570.0,3.29,21265.0,969.0,741.5
LICN,3/4/2020,1539.0,1580.0,1462.0,1490.0,-5.1,17376.0,969.0,741.5
LICN,3/5/2020,1475.0,1514.0,1446.0,1500.0,0.67,13653.0,969.0,741.5
LICN,3/10/2020,1575.0,1575.0,1350.0,1350.0,-10.0,5359.0,969.0,741.5
LICN,3/11/2020,1377.0,1438.0,1354.0,1434.0,6.22,23545.0,969.0,741.5
LICN,3/12/2020,1450.0,1450.0,1374.0,1400.0,-2.37,16361.0,969.0,741.5
LICN,3/15/2020,1372.0,1396.0,1281.0,1281.0,-8.5,22310.0,969.0,741.5
LICN,3/16/2020,1280.0,1310.0,1263.0,1300.0,1.48,14360.0,969.0,741.5
LICN,3/17/2020,1300.0,1300.0,1201.0,1202.0,-7.54,16455.0,969.0,741.5
LICN,3/18/2020,1190.0,1259.0,1150.0,1175.0,-2.25,15774.0,969.0,741.5
LICN,3/19/2020,1155.0,1224.0,1130.0,1180.0,0.43,23180.0,969.0,741.5
LICN,3/22/2020,1203.0,1203.0,1137.0,1137.0,-3.64,3336.0,969.0,741.5
LICN,5/12/2020,1115.0,1115.0,1115.0,1115.0,-1.93,10.0,969.0,741.5
LICN,6/29/2020,1093.0,1122.0,1010.0,1143.0,2.51,2257.0,969.0,741.5
LICN,6/30/2020,1165.0,1250.0,1165.0,1250.0,9.36,3699.0,969.0,741.5
LICN,7/1/2020,1275.0,1300.0,1250.0,1300.0,4.0,4435.0,969.0,741.5
LICN,7/2/2020,1326.0,1326.0,1181.0,1229.0,-5.46,1115.0,969.0,741.5
LICN,7/5/2020,1249.0,1274.0,1226.0,1250.0,1.71,5101.0,969.0,741.5
LICN,7/6/2020,1250.0,1290.0,1246.0,1290.0,3.2,5285.0,969.0,741.5
LICN,7/7/2020,1315.0,1367.0,1312.0,1340.0,3.88,9619.0,969.0,741.5
LICN,7/8/2020,1325.0,1351.0,1310.0,1310.0,-2.24,5810.0,969.0,741.5
LICN,7/9/2020,1310.0,1330.0,1284.0,1322.0,0.92,3811.0,969.0,741.5
LICN,7/12/2020,1347.0,1360.0,1323.0,1350.0,2.12,10013.0,969.0,741.5
LICN,7/13/2020,1365.0,1375.0,1332.0,1338.0,-0.89,6832.0,969.0,741.5
LICN,7/14/2020,1340.0,1345.0,1324.0,1344.0,0.45,10572.0,969.0,741.5
LICN,7/15/2020,1345.0,1350.0,1330.0,1330.0,-1.04,3250.0,969.0,741.5
LICN,7/16/2020,1335.0,1375.0,1335.0,1365.0,2.63,6366.0,969.0,741.5
LICN,7/19/2020,1392.0,1419.0,1392.0,1419.0,3.96,110.0,969.0,741.5
LICN,7/20/2020,1489.0,1548.0,1423.0,1436.0,1.2,17713.0,969.0,741.5
LICN,7/21/2020,1436.0,1450.0,1410.0,1415.0,-1.46,6793.0,969.0,741.5
LICN,7/22/2020,1442.0,1442.0,1401.0,1401.0,-0.99,6338.0,969.0,741.5
LICN,7/23/2020,1401.0,1455.0,1401.0,1455.0,3.85,5953.0,969.0,741.5
LICN,7/26/2020,1461.0,1500.0,1460.0,1492.0,2.54,15385.0,969.0,741.5
LICN,7/27/2020,1521.0,1521.0,1467.0,1488.0,-0.27,19305.0,969.0,741.5
LICN,7/28/2020,1490.0,1500.0,1473.0,1475.0,-0.87,5066.0,969.0,741.5
LICN,7/29/2020,1485.0,1485.0,1440.0,1445.0,-2.03,11089.0,969.0,741.5
LICN,7/30/2020,1450.0,1465.0,1420.0,1455.0,0.69,5311.0,969.0,741.5
LICN,8/2/2020,1429.0,1440.0,1404.0,1411.0,-3.02,15547.0,969.0,741.5
LICN,8/3/2020,1405.0,1431.0,1405.0,1418.0,0.5,6482.0,969.0,741.5
LICN,8/5/2020,1400.0,1415.0,1392.0,1398.0,-1.41,9326.0,969.0,741.5
LICN,8/6/2020,1386.0,1399.0,1386.0,1397.0,-0.07,7014.0,969.0,741.5
LICN,8/9/2020,1397.0,1419.0,1395.0,1415.0,1.29,5105.0,969.0,741.5
LICN,8/10/2020,1443.0,1452.0,1418.0,1450.0,2.47,19127.0,969.0,741.5
LICN,8/11/2020,1450.0,1466.0,1430.0,1455.0,0.34,11749.0,969.0,741.5
LICN,8/12/2020,1442.0,1470.0,1442.0,1470.0,1.03,7537.0,969.0,741.5
LICN,8/13/2020,1455.0,1463.0,1450.0,1450.0,-1.36,11660.0,969.0,741.5
LICN,8/16/2020,1430.0,1451.0,1430.0,1444.0,-0.41,4316.0,969.0,741.5
LICN,8/17/2020,1443.0,1458.0,1440.0,1451.0,0.48,4217.0,969.0,741.5
LICN,8/18/2020,1480.0,1480.0,1454.0,1461.0,0.69,7688.0,969.0,741.5
LICN,8/19/2020,1432.0,1450.0,1432.0,1445.0,-1.1,7424.0,969.0,741.5
LICN,8/20/2020,1458.0,1460.0,1449.0,1460.0,1.04,1559.0,969.0,741.5
LICN,8/23/2020,1460.0,1480.0,1435.0,1476.0,1.1,8303.0,969.0,741.5
LICN,8/24/2020,1480.0,1495.0,1475.0,1485.0,0.61,8912.0,969.0,741.5
LICN,8/25/2020,1470.0,1509.0,1470.0,1500.0,1.01,15501.0,969.0,741.5
LICN,8/26/2020,1490.0,1504.0,1476.0,1476.0,-1.6,26459.0,969.0,741.5
LICN,8/27/2020,1476.0,1488.0,1463.0,1479.0,0.2,12534.0,969.0,741.5
LICN,8/30/2020,1452.0,1469.0,1449.0,1461.0,-1.22,13004.0,969.0,741.5
LICN,8/31/2020,1450.0,1500.0,1445.0,1481.0,1.37,20815.0,969.0,741.5
LICN,9/2/2020,1500.0,1515.0,1470.0,1472.0,-0.61,98268.0,969.0,741.5
LICN,9/3/2020,1460.0,1480.0,1452.0,1480.0,0.54,7973.0,969.0,741.5
LICN,9/6/2020,1500.0,1520.0,1460.0,1474.0,-0.41,8945.0,969.0,741.5
LICN,9/7/2020,1469.0,1470.0,1450.0,1460.0,-0.95,6574.0,969.0,741.5
LICN,9/8/2020,1479.0,1479.0,1446.0,1447.0,-0.89,6861.0,969.0,741.5
LICN,9/9/2020,1445.0,1488.0,1445.0,1475.0,1.94,7094.0,969.0,741.5
LICN,9/10/2020,1504.0,1504.0,1475.0,1485.0,0.68,8523.0,969.0,741.5
LICN,9/13/2020,1500.0,1561.0,1493.0,1561.0,5.12,29434.0,969.0,741.5
LICN,9/14/2020,1561.0,1599.0,1535.0,1536.0,-1.6,22753.0,969.0,741.5
LICN,9/15/2020,1506.0,1545.0,1506.0,1538.0,0.13,12649.0,969.0,741.5
LICN,9/16/2020,1520.0,1540.0,1520.0,1536.0,-0.13,10674.0,969.0,741.5
LICN,9/17/2020,1515.0,1535.0,1515.0,1520.0,-1.04,11483.0,969.0,741.5
LICN,9/20/2020,1549.0,1549.0,1498.0,1498.0,-1.45,6381.0,969.0,741.5
LICN,9/21/2020,1487.0,1527.0,1487.0,1500.0,0.13,6488.0,969.0,741.5
LICN,9/22/2020,1500.0,1500.0,1471.0,1490.0,-0.67,12738.0,969.0,741.5
LICN,9/23/2020,1477.0,1518.0,1477.0,1518.0,1.88,7739.0,969.0,741.5
LICN,9/24/2020,1515.0,1515.0,1500.0,1500.0,-1.19,3033.0,969.0,741.5
LICN,9/27/2020,1499.0,1499.0,1480.0,1485.0,-1.0,9823.0,969.0,741.5
LICN,9/28/2020,1500.0,1500.0,1470.0,1480.0,-0.34,3884.0,969.0,741.5
LICN,9/29/2020,1467.0,1480.0,1465.0,1470.0,-0.68,4381.0,969.0,741.5
LICN,9/30/2020,1470.0,1487.0,1454.0,1459.0,-0.75,3968.0,969.0,741.5
LICN,10/1/2020,1487.0,1487.0,1465.0,1475.0,1.1,2701.0,969.0,741.5
LICN,10/4/2020,1504.0,1504.0,1474.0,1498.0,1.56,12326.0,969.0,741.5
LICN,10/5/2020,1480.0,1500.0,1480.0,1486.0,-0.8,4112.0,969.0,741.5
LICN,10/6/2020,1490.0,1490.0,1475.0,1475.0,-0.74,2578.0,969.0,741.5
LICN,10/7/2020,1480.0,1487.0,1470.0,1487.0,0.81,3737.0,969.0,741.5
LICN,10/8/2020,1480.0,1485.0,1470.0,1479.0,-0.54,3918.0,969.0,741.5
LICN,10/11/2020,1490.0,1490.0,1460.0,1469.0,-0.68,7101.0,969.0,741.5
LICN,10/12/2020,1469.0,1489.0,1458.0,1489.0,1.36,7805.0,969.0,741.5
LICN,10/13/2020,1466.0,1472.0,1465.0,1471.0,-1.21,1970.0,969.0,741.5
LICN,10/14/2020,1463.0,1465.0,1461.0,1461.0,-0.68,907.0,969.0,741.5
LICN,10/15/2020,1534.0,1534.0,1453.0,1453.0,-0.55,1718.0,969.0,741.5
LICN,10/18/2020,1446.0,1479.0,1446.0,1479.0,1.79,2057.0,969.0,741.5
LICN,10/19/2020,1470.0,1485.0,1470.0,1483.0,0.27,2415.0,969.0,741.5
LICN,10/20/2020,1461.0,1499.0,1461.0,1499.0,1.08,2576.0,969.0,741.5
LICN,10/21/2020,1499.0,1499.0,1478.0,1499.0,0.0,12579.0,969.0,741.5
LICN,10/22/2020,1497.0,1505.0,1479.0,1494.0,-0.33,4509.0,969.0,741.5
LICN,10/28/2020,1495.0,1500.0,1485.0,1498.0,0.27,2339.0,969.0,741.5
LICN,10/29/2020,1505.0,1515.0,1496.0,1506.0,0.53,3171.0,969.0,741.5
LICN,11/1/2020,1492.0,1521.0,1492.0,1508.0,0.13,3147.0,969.0,741.5
LICN,11/2/2020,1493.0,1519.0,1493.0,1503.0,-0.33,1593.0,969.0,741.5
LICN,11/3/2020,1504.0,1510.0,1500.0,1504.0,0.07,3272.0,969.0,741.5
LICN,11/4/2020,1504.0,1507.0,1499.0,1499.0,-0.33,3288.0,969.0,741.5
LICN,11/5/2020,1499.0,1505.0,1481.0,1499.0,0.0,2723.0,969.0,741.5
LICN,11/8/2020,1501.0,1505.0,1486.0,1503.0,0.27,10088.0,969.0,741.5
LICN,11/9/2020,1523.0,1533.0,1490.0,1490.0,-0.86,6001.0,969.0,741.5
LICN,11/10/2020,1501.0,1563.0,1501.0,1562.0,4.83,20586.0,969.0,741.5
LICN,11/11/2020,1570.0,1580.0,1540.0,1564.0,0.13,10615.0,969.0,741.5
LICN,11/12/2020,1575.0,1584.0,1557.0,1570.0,0.38,29447.0,969.0,741.5
LICN,11/18/2020,1575.0,1675.0,1575.0,1665.0,6.05,36108.0,969.0,741.5
LICN,11/19/2020,1698.0,1765.0,1695.0,1695.0,1.8,28124.0,969.0,741.5
LICN,11/22/2020,1705.0,1719.0,1623.0,1660.0,-2.06,25908.0,969.0,741.5
LICN,11/23/2020,1636.0,1645.0,1600.0,1615.0,-2.71,16559.0,969.0,741.5
LICN,11/24/2020,1615.0,1660.0,1615.0,1629.0,0.87,18235.0,969.0,741.5
LICN,11/25/2020,1660.0,1677.0,1635.0,1671.0,2.58,18772.0,969.0,741.5
LICN,11/26/2020,1671.0,1689.0,1608.0,1662.0,-0.54,77938.0,969.0,741.5
LICN,11/29/2020,1662.0,1705.0,1640.0,1704.0,2.53,47905.0,969.0,741.5
LICN,11/30/2020,1721.0,1839.0,1698.0,1839.0,7.92,41701.0,969.0,741.5
LICN,12/1/2020,1848.0,1880.0,1805.0,1860.0,1.14,44011.0,969.0,741.5
LICN,12/2/2020,1876.0,2046.0,1855.0,1949.0,4.78,42698.0,969.0,741.5
LICN,12/3/2020,1987.0,1987.0,1874.0,1970.0,1.08,32774.0,969.0,741.5
LICN,12/6/2020,1931.0,1947.0,1853.0,1855.0,-5.84,42902.0,969.0,741.5
LICN,12/7/2020,1818.0,1977.0,1804.0,1977.0,6.58,31866.0,969.0,741.5
LICN,12/8/2020,1977.0,1977.0,1900.0,1944.0,-1.67,23127.0,969.0,741.5
LICN,12/9/2020,1906.0,1906.0,1840.0,1894.0,-2.57,22883.0,969.0,741.5
LICN,12/10/2020,1857.0,1908.0,1820.0,1879.0,-0.79,13284.0,969.0,741.5
LICN,12/13/2020,1900.0,1985.0,1900.0,1972.0,4.95,26671.0,969.0,741.5
LICN,12/14/2020,2011.0,2110.0,2000.0,2090.0,5.98,48926.0,969.0,741.5
LICN,12/15/2020,2090.0,2170.0,2050.0,2062.0,-1.34,20148.0,969.0,741.5
LICN,12/16/2020,2040.0,2060.0,2006.0,2021.0,-1.99,13276.0,969.0,741.5
LICN,12/17/2020,2000.0,2035.0,1940.0,1970.0,-2.52,32222.0,969.0,741.5
LICN,12/20/2020,1975.0,1975.0,1820.0,1860.0,-5.58,39847.0,969.0,741.5
LICN,12/21/2020,1823.0,1962.0,1800.0,1880.0,1.08,22343.0,969.0,741.5
LICN,12/22/2020,1851.0,2068.0,1851.0,2035.0,8.24,24289.0,969.0,741.5
LICN,12/23/2020,2136.0,2184.0,2000.0,2035.0,0.0,51167.0,969.0,741.5
LICN,12/24/2020,1995.0,2014.0,1941.0,1960.0,-3.69,19030.0,969.0,741.5
LICN,12/27/2020,1950.0,1950.0,1884.0,1885.0,-3.83,14975.0,969.0,741.5
LICN,12/28/2020,1850.0,1920.0,1850.0,1884.0,-0.05,4882.0,969.0,741.5
LICN,12/29/2020,1880.0,1921.0,1870.0,1889.0,0.27,8762.0,969.0,741.5
LICN,12/30/2020,1905.0,1917.0,1881.0,1900.0,0.58,4184.0,969.0,741.5
LICN,12/31/2020,1900.0,1976.0,1897.0,1927.0,1.42,12597.0,969.0,741.5
LICN,1/3/2021,1927.0,2010.0,1927.0,1985.0,3.01,11296.0,969.0,741.5
LICN,1/4/2021,2084.0,2084.0,1974.0,1990.0,0.25,24018.0,969.0,741.5
LICN,1/5/2021,1975.0,2008.0,1970.0,1985.0,-0.25,18258.0,969.0,741.5
LICN,1/6/2021,1995.0,1995.0,1960.0,1990.0,0.25,16489.0,969.0,741.5
LICN,1/7/2021,1995.0,2021.0,1980.0,2000.0,0.5,34197.0,969.0,741.5
LICN,1/10/2021,2010.0,2040.0,2000.0,2014.0,0.7,11096.0,969.0,741.5
LICN,1/11/2021,2030.0,2050.0,1993.0,2040.0,1.29,11756.0,969.0,741.5
LICN,1/12/2021,2040.0,2150.0,2032.0,2135.0,4.66,40946.0,969.0,741.5
LICN,1/13/2021,2140.0,2244.0,2140.0,2195.0,2.81,23580.0,969.0,741.5
LICN,1/17/2021,2200.0,2244.0,2185.0,2235.0,1.82,22713.0,969.0,741.5
LICN,1/18/2021,2279.0,2279.0,2205.0,2275.0,1.79,50108.0,969.0,741.5
LICN,1/19/2021,2275.0,2277.0,2221.0,2240.0,-1.54,28820.0,969.0,741.5
LICN,1/20/2021,2240.0,2400.0,2240.0,2398.0,7.05,28560.0,969.0,741.5
LICN,1/21/2021,2415.0,2490.0,2415.0,2480.0,3.42,22038.0,969.0,741.5
LICN,1/24/2021,2481.0,2481.0,2406.0,2408.0,-2.9,24433.0,969.0,741.5
LICN,1/25/2021,2436.0,2436.0,2356.0,2370.0,-1.58,23266.0,969.0,741.5
LICN,1/26/2021,2345.0,2391.0,2323.0,2340.0,-1.27,24398.0,969.0,741.5
LICN,1/27/2021,2341.0,2460.0,2307.0,2455.0,4.91,33476.0,969.0,741.5
LICN,1/28/2021,2577.0,2628.0,2508.0,2522.0,2.73,43114.0,969.0,741.5
LICN,1/31/2021,2472.0,2510.0,2382.0,2394.0,-5.08,65355.0,969.0,741.5
LICN,2/1/2021,2440.0,2538.0,2410.0,2496.0,4.26,46953.0,969.0,741.5
LICN,2/2/2021,2490.0,2545.0,2480.0,2544.0,1.92,28030.0,969.0,741.5
LICN,2/3/2021,2515.0,2575.0,2476.0,2495.0,-1.93,24077.0,969.0,741.5
LICN,2/4/2021,2500.0,2525.0,2407.0,2486.0,-0.36,17472.0,969.0,741.5
LICN,2/7/2021,2501.0,2545.0,2482.0,2530.0,1.77,26346.0,969.0,741.5
LICN,2/8/2021,2550.0,2650.0,2540.0,2597.0,2.65,32348.0,969.0,741.5
LICN,2/9/2021,2647.0,2650.0,2550.0,2590.0,-0.27,22876.0,969.0,741.5
LICN,2/10/2021,2590.0,2592.0,2528.0,2539.0,-1.97,20482.0,969.0,741.5
LICN,2/11/2021,2589.0,2590.0,2510.0,2557.0,0.71,27774.0,969.0,741.5
LICN,2/14/2021,2558.0,2570.0,2482.0,2545.0,-0.47,22124.0,969.0,741.5
LICN,2/15/2021,2592.0,2680.0,2571.0,2680.0,5.3,36757.0,969.0,741.5
LICN,2/16/2021,2685.0,2760.0,2685.0,2760.0,2.99,37478.0,969.0,741.5
LICN,2/17/2021,2770.0,2800.0,2725.0,2762.0,0.07,24545.0,969.0,741.5
LICN,2/18/2021,2781.0,2799.0,2707.0,2755.0,-0.25,40746.0,969.0,741.5
LICN,2/21/2021,2618.0,2618.0,2420.0,2426.0,-11.94,11238.0,969.0,741.5
LICN,2/22/2021,2426.0,2426.0,2331.0,2341.0,-3.5,20306.0,969.0,741.5
LICN,2/23/2021,2311.0,2320.0,2250.0,2320.0,-0.9,19733.0,969.0,741.5
LICN,2/24/2021,2366.0,2382.0,2330.0,2330.0,0.43,14648.0,969.0,741.5
LICN,2/25/2021,2330.0,2330.0,2256.0,2256.0,-3.18,8309.0,969.0,741.5
LICN,2/28/2021,2211.0,2244.0,2166.0,2170.0,-3.81,19024.0,969.0,741.5
LICN,3/1/2021,2135.0,2304.0,2135.0,2296.0,5.81,13296.0,969.0,741.5
LICN,3/2/2021,2252.0,2295.0,2201.0,2243.0,-2.31,11337.0,969.0,741.5
LICN,3/3/2021,2199.0,2268.0,2158.0,2232.0,-0.49,14783.0,969.0,741.5
LICN,3/4/2021,2276.0,2276.0,2230.0,2261.0,1.3,5444.0,969.0,741.5
LICN,3/7/2021,2270.0,2270.0,2177.0,2189.0,-3.18,7484.0,969.0,741.5
LICN,3/9/2021,2190.0,2260.0,2159.0,2233.0,2.01,13123.0,969.0,741.5
LICN,3/10/2021,2190.0,2232.0,2180.0,2188.0,-2.02,3845.0,969.0,741.5
LICN,3/14/2021,2151.0,2161.0,2083.0,2100.0,-4.02,13393.0,969.0,741.5
LICN,3/15/2021,2079.0,2125.0,2062.0,2114.0,0.67,7159.0,969.0,741.5
LICN,3/16/2021,2114.0,2165.0,2074.0,2160.0,2.18,16056.0,969.0,741.5
LICN,3/17/2021,2182.0,2271.0,2139.0,2271.0,5.14,9431.0,969.0,741.5
LICN,3/18/2021,2384.0,2384.0,2250.0,2354.0,3.65,13736.0,969.0,741.5
LICN,3/21/2021,2360.0,2395.0,2327.0,2363.0,0.38,15935.0,969.0,741.5
LICN,3/22/2021,2400.0,2400.0,2290.0,2302.0,-2.58,14085.0,969.0,741.5
LICN,3/23/2021,2290.0,2298.0,2266.0,2273.0,-1.26,22365.0,969.0,741.5
LICN,3/24/2021,2275.0,2298.0,2265.0,2297.0,1.06,9722.0,969.0,741.5
LICN,3/25/2021,2319.0,2319.0,2240.0,2300.0,0.13,16703.0,969.0,741.5
LICN,3/29/2021,2320.0,2320.0,2255.0,2315.0,0.65,3799.0,969.0,741.5
LICN,3/30/2021,2350.0,2350.0,2281.0,2305.0,-0.43,16223.0,969.0,741.5
LICN,3/31/2021,2305.0,2305.0,2270.0,2270.0,-1.52,9283.0,969.0,741.5
LICN,4/1/2021,2300.0,2315.0,2260.0,2292.0,0.97,10680.0,969.0,741.5
LICN,4/4/2021,2281.0,2316.0,2281.0,2301.0,0.39,10819.0,969.0,741.5
LICN,4/5/2021,2301.0,2323.0,2262.0,2323.0,0.96,8696.0,969.0,741.5
LICN,4/6/2021,2277.0,2365.0,2260.0,2314.0,-0.39,3512.0,969.0,741.5
LICN,4/7/2021,2276.0,2350.0,2276.0,2348.0,1.47,5161.0,969.0,741.5
LICN,4/8/2021,2360.0,2379.0,2332.0,2358.0,0.43,5275.0,969.0,741.5
LICN,4/12/2021,2311.0,2394.0,2311.0,2394.0,1.53,5635.0,969.0,741.5
LICN,4/13/2021,2375.0,2380.0,2341.0,2368.0,-1.09,2604.0,969.0,741.5
LICN,4/15/2021,2363.0,2387.0,2344.0,2347.0,-0.89,15979.0,969.0,741.5
LICN,4/18/2021,2360.0,2360.0,2300.0,2349.0,0.09,9220.0,969.0,741.5
LICN,4/19/2021,2303.0,2328.0,2257.0,2322.0,-1.15,13935.0,969.0,741.5
LICN,4/20/2021,2325.0,2325.0,2250.0,2295.0,-1.16,17215.0,969.0,741.5
LICN,4/21/2021,2335.0,2335.0,2200.0,2250.0,-1.96,12957.0,969.0,741.5
LICN,4/22/2021,2208.0,2290.0,2208.0,2248.0,-0.09,6830.0,969.0,741.5
LICN,4/25/2021,2200.0,2240.0,2154.0,2164.0,-3.74,9760.0,969.0,741.5
LICN,4/26/2021,2125.0,2200.0,2085.0,2189.0,1.16,13745.0,969.0,741.5
LICN,4/27/2021,2220.0,2220.0,2162.0,2196.0,0.32,31707.0,969.0,741.5
LICN,4/28/2021,2185.0,2244.0,2126.0,2190.0,-0.27,10043.0,969.0,741.5
LICN,4/29/2021,2155.0,2243.0,2149.0,2234.0,2.01,9151.0,969.0,741.5
LICN,5/2/2021,2207.0,2300.0,2207.0,2290.0,2.51,8108.0,969.0,741.5
LICN,5/3/2021,2404.0,2404.0,2276.0,2295.0,0.22,13169.0,969.0,741.5
LICN,5/4/2021,2290.0,2320.0,2260.0,2302.0,0.31,7758.0,969.0,741.5
LICN,5/5/2021,2302.0,2325.0,2302.0,2324.0,0.96,6302.0,969.0,741.5
LICN,5/6/2021,2300.0,2310.0,2273.0,2273.0,-2.19,2545.0,969.0,741.5
LICN,5/9/2021,2298.0,2299.0,2253.0,2264.0,-0.4,6943.0,969.0,741.5
LICN,5/10/2021,2226.0,2296.0,2226.0,2281.0,0.75,3148.0,969.0,741.5
LICN,5/11/2021,2276.0,2334.0,2253.0,2321.0,1.75,9885.0,969.0,741.5
LICN,5/12/2021,2250.0,2339.0,2250.0,2314.0,-0.3,5795.0,969.0,741.5
LICN,5/13/2021,2301.0,2330.0,2301.0,2330.0,0.69,11676.0,969.0,741.5
LICN,5/16/2021,2340.0,2415.0,2335.0,2415.0,3.65,13929.0,969.0,741.5
LICN,5/17/2021,2440.0,2449.0,2397.0,2417.0,0.08,10150.0,969.0,741.5
LICN,5/18/2021,2400.0,2415.0,2370.0,2409.0,-0.33,8590.0,969.0,741.5
LICN,5/19/2021,2414.0,2429.0,2361.0,2388.0,-0.87,7212.0,969.0,741.5
LICN,5/20/2021,2409.0,2463.0,2370.0,2391.0,0.13,9412.0,969.0,741.5
LICN,5/23/2021,2345.0,2397.0,2299.0,2384.0,-0.29,7359.0,969.0,741.5
LICN,5/24/2021,2420.0,2420.0,2345.0,2353.0,-1.3,8165.0,969.0,741.5
LICN,5/25/2021,2360.0,2407.0,2351.0,2399.0,1.95,10956.0,969.0,741.5
LICN,5/27/2021,2280.0,2390.0,2280.0,2385.0,-0.58,5385.0,969.0,741.5
LICN,5/30/2021,2400.0,2420.0,2311.0,2360.0,-1.05,16516.0,969.0,741.5
LICN,5/31/2021,2350.0,2375.0,2312.0,2312.0,-2.03,8696.0,969.0,741.5
LICN,6/1/2021,2354.0,2354.0,2275.0,2295.0,-0.74,18006.0,969.0,741.5
LICN,6/2/2021,2295.0,2386.0,2295.0,2325.0,1.31,5832.0,969.0,741.5
LICN,6/3/2021,2365.0,2417.0,2360.0,2390.0,2.8,30910.0,969.0,741.5
LICN,6/6/2021,2395.0,2435.0,2375.0,2390.0,0.0,17511.0,969.0,741.5
LICN,6/7/2021,2420.0,2440.0,2378.0,2425.0,1.46,30643.0,969.0,741.5
LICN,6/8/2021,2445.0,2667.0,2430.0,2630.0,8.45,61692.0,969.0,741.5
LICN,6/9/2021,2755.0,2755.0,2543.0,2610.0,-0.76,36198.0,969.0,741.5
LICN,6/10/2021,2600.0,2640.0,2526.0,2540.0,-2.68,14605.0,969.0,741.5
LICN,6/13/2021,2555.0,2606.0,2530.0,2532.0,-0.31,28121.0,969.0,741.5
LICN,6/14/2021,2535.0,2581.0,2502.0,2547.0,0.59,15346.0,969.0,741.5
LICN,6/15/2021,2511.0,2540.0,2471.0,2529.0,-0.71,17605.0,969.0,741.5
LICN,6/16/2021,2480.0,2519.0,2430.0,2446.0,-3.28,22312.0,969.0,741.5
LICN,6/17/2021,2483.0,2494.0,2430.0,2460.0,0.57,18927.0,969.0,741.5
LICN,6/20/2021,2460.0,2500.0,2401.0,2458.0,-0.08,21674.0,969.0,741.5
LICN,6/21/2021,2409.0,2495.0,2372.0,2390.0,-2.77,9173.0,969.0,741.5
LICN,6/22/2021,2400.0,2428.0,2355.0,2422.0,1.34,9133.0,969.0,741.5
LICN,6/23/2021,2460.0,2460.0,2315.0,2358.0,-2.64,15296.0,969.0,741.5
LICN,6/24/2021,2360.0,2360.0,2301.0,2355.0,-0.13,6901.0,969.0,741.5
LICN,6/27/2021,2355.0,2389.0,2308.0,2389.0,1.44,10824.0,969.0,741.5
LICN,6/28/2021,2436.0,2436.0,2326.0,2357.0,-1.34,3882.0,969.0,741.5
LICN,6/29/2021,2360.0,2360.0,2290.0,2339.0,-0.76,6909.0,969.0,741.5
LICN,6/30/2021,2296.0,2324.0,2265.0,2313.0,-1.11,10870.0,969.0,741.5
LICN,7/1/2021,2315.0,2350.0,2275.0,2325.0,0.52,16981.0,969.0,741.5
LICN,7/4/2021,2320.0,2344.0,2271.0,2310.0,-0.65,4304.0,969.0,741.5
LICN,7/5/2021,2300.0,2300.0,2266.0,2295.0,-0.65,14766.0,969.0,741.5
LICN,7/6/2021,2295.0,2309.0,2272.0,2300.0,0.22,10384.0,969.0,741.5
LICN,7/7/2021,2300.0,2309.0,2267.0,2290.0,-0.43,3467.0,969.0,741.5
LICN,7/8/2021,2300.0,2300.0,2260.0,2296.0,0.26,3866.0,969.0,741.5
LICN,7/11/2021,2329.0,2406.0,2290.0,2390.0,4.09,11600.0,969.0,741.5
LICN,7/12/2021,2390.0,2398.0,2298.0,2332.0,-2.43,10543.0,969.0,741.5
LICN,7/13/2021,2330.0,2332.0,2300.0,2310.0,-0.94,7510.0,969.0,741.5
LICN,7/14/2021,2310.0,2345.0,2300.0,2345.0,1.52,5829.0,969.0,741.5
LICN,7/15/2021,2321.0,2350.0,2311.0,2342.0,-0.13,5552.0,969.0,741.5
LICN,7/18/2021,2298.0,2458.0,2298.0,2458.0,4.95,11156.0,969.0,741.5
LICN,7/19/2021,2458.1,2459.0,2390.0,2442.0,-0.65,9319.0,969.0,741.5
LICN,7/20/2021,2442.0,2442.0,2390.0,2438.8,-0.13,4206.0,969.0,741.5
LICN,7/22/2021,2430.0,2430.0,2381.6,2410.0,-1.18,8199.0,969.0,741.5
LICN,7/25/2021,2400.0,2448.0,2375.0,2448.0,1.58,9863.0,969.0,741.5
LICN,7/26/2021,2402.0,2447.0,2386.0,2447.0,-0.04,5210.0,969.0,741.5
LICN,7/27/2021,2495.0,2495.9,2401.0,2490.0,1.76,10696.0,969.0,741.5
LICN,7/28/2021,2450.0,2548.0,2440.0,2548.0,2.33,16032.0,969.0,741.5
LICN,7/29/2021,2500.0,2555.0,2500.0,2520.0,-1.1,9835.0,969.0,741.5
LICN,8/1/2021,2520.0,2520.0,2460.0,2460.0,-2.38,5817.0,969.0,741.5
LICN,8/2/2021,2470.0,2495.0,2440.0,2493.0,1.34,7346.0,969.0,741.5
LICN,8/3/2021,2485.0,2500.0,2475.0,2495.9,0.12,4085.0,969.0,741.5
LICN,8/4/2021,2480.0,2495.0,2463.0,2494.0,-0.08,7145.0,969.0,741.5
LICN,8/5/2021,2450.0,2484.0,2435.0,2449.0,-1.8,2515.0,969.0,741.5
LICN,8/8/2021,2403.0,2450.0,2402.0,2420.0,-1.18,8754.0,969.0,741.5
LICN,8/9/2021,2420.0,2450.0,2390.0,2450.0,1.24,4617.0,969.0,741.5
LICN,8/10/2021,2410.0,2488.0,2401.0,2488.0,1.55,10490.0,969.0,741.5
LICN,8/11/2021,2443.0,2477.0,2405.1,2473.3,-0.59,15914.0,969.0,741.5
LICN,8/12/2021,2480.0,2480.0,2380.0,2457.0,-0.66,17026.0,969.0,741.5
LICN,8/15/2021,2408.0,2448.0,2350.0,2416.0,-1.67,9600.0,969.0,741.5
LICN,8/16/2021,2390.0,2405.0,2360.0,2400.0,-0.66,8730.0,969.0,741.5
LICN,8/17/2021,2367.0,2390.0,2327.0,2346.0,-2.25,9106.0,969.0,741.5
LICN,8/18/2021,2346.0,2400.0,2311.1,2390.0,1.88,14585.0,969.0,741.5
LICN,8/19/2021,2352.1,2510.0,2300.0,2447.0,2.38,15961.0,969.0,741.5
LICN,8/24/2021,2450.0,2458.0,2376.2,2417.0,-1.23,7053.0,969.0,741.5
LICN,8/25/2021,2460.0,2460.0,2325.0,2400.0,-0.7,8915.0,969.0,741.5
LICN,8/26/2021,2355.0,2360.0,2302.0,2320.0,-3.33,18077.0,969.0,741.5
LICN,8/29/2021,2325.0,2325.0,2214.8,2286.0,-1.47,22659.0,969.0,741.5
LICN,8/31/2021,2240.3,2280.0,2175.0,2199.0,-3.81,20044.0,969.0,741.5
LICN,9/1/2021,2165.0,2295.0,2135.0,2295.0,4.37,21043.0,969.0,741.5
LICN,9/2/2021,2249.1,2249.1,2126.6,2177.0,-5.14,23195.0,969.0,741.5
LICN,9/5/2021,2140.0,2170.0,2064.0,2100.0,-3.54,10869.0,969.0,741.5
LICN,9/6/2021,2140.0,2250.0,2057.0,2145.0,2.14,26182.0,969.0,741.5
LICN,9/7/2021,2111.0,2130.0,2050.0,2129.0,-0.75,12570.0,969.0,741.5
LICN,9/8/2021,2086.5,2120.0,2000.0,2000.0,-6.06,16586.0,969.0,741.5
LICN,9/9/2021,2040.0,2080.0,1989.4,2024.0,1.2,17206.0,969.0,741.5
LICN,9/12/2021,2020.0,2059.9,1990.0,2059.9,1.77,11307.0,969.0,741.5
LICN,9/13/2021,2050.0,2087.0,2007.0,2087.0,1.32,12504.0,969.0,741.5
LICN,9/14/2021,2100.0,2100.0,2010.0,2011.0,-3.64,7411.0,969.0,741.5
LICN,9/15/2021,1980.1,2019.6,1950.0,2019.6,0.43,11094.0,969.0,741.5
LICN,9/16/2021,1980.0,1997.0,1897.0,1997.0,-1.12,12513.0,969.0,741.5
LICN,9/20/2021,1958.0,1958.0,1845.0,1845.0,-7.61,14007.0,969.0,741.5
LICN,9/21/2021,1830.1,1924.0,1809.1,1924.0,4.28,15354.0,969.0,741.5
LICN,9/22/2021,1900.0,2001.0,1900.0,1976.0,2.7,27605.0,969.0,741.5
LICN,9/23/2021,1980.0,2015.0,1900.0,2015.0,1.97,11374.0,969.0,741.5
LICN,9/26/2021,1975.0,1999.0,1900.0,1999.0,-0.79,13761.0,969.0,741.5
LICN,9/27/2021,1960.0,1960.0,1881.6,1944.0,-2.75,7925.0,969.0,741.5
LICN,9/28/2021,1906.0,1906.0,1833.0,1866.0,-4.01,7004.0,969.0,741.5
LICN,9/29/2021,1895.0,1900.0,1803.2,1885.0,1.02,8233.0,969.0,741.5
LICN,9/30/2021,1851.0,1899.0,1820.0,1899.0,0.74,10950.0,969.0,741.5
LICN,10/3/2021,1863.0,1863.0,1796.2,1846.0,-2.79,6271.0,969.0,741.5
LICN,10/4/2021,1840.0,1866.0,1811.0,1865.9,1.08,5138.0,969.0,741.5
LICN,10/5/2021,1865.0,1998.9,1830.0,1980.0,6.12,9812.0,969.0,741.5
LICN,10/6/2021,1994.0,2011.0,1866.0,1980.0,0.0,10592.0,969.0,741.5
LICN,10/10/2021,1980.0,1980.0,1873.1,1934.9,-2.28,3690.0,969.0,741.5
LICN,10/11/2021,1901.0,1940.0,1860.0,1935.0,0.01,7631.0,969.0,741.5
LICN,10/17/2021,1896.3,2007.0,1865.0,2007.0,3.72,5424.0,969.0,741.5
LICN,10/18/2021,1968.0,1968.0,1880.0,1938.0,-3.44,6788.0,969.0,741.5
LICN,10/19/2021,1899.3,1912.0,1842.4,1912.0,-1.34,7378.0,969.0,741.5
LICN,10/20/2021,1912.0,1919.5,1852.0,1916.0,0.21,10764.0,969.0,741.5
LICN,10/21/2021,1916.0,1916.0,1878.0,1901.0,-0.78,1463.0,969.0,741.5
LICN,10/24/2021,1900.0,1908.4,1871.0,1876.0,-1.32,4328.0,969.0,741.5
LICN,10/25/2021,1905.0,1966.0,1867.0,1948.0,3.84,9452.0,969.0,741.5
LICN,10/26/2021,1920.0,1999.0,1911.0,1999.0,2.62,13569.0,969.0,741.5
LICN,10/27/2021,1960.0,2045.0,1921.0,2040.0,2.05,11135.0,969.0,741.5
LICN,10/28/2021,2079.0,2080.0,1982.0,2070.0,1.47,7436.0,969.0,741.5
LICN,10/31/2021,2031.0,2125.0,2023.9,2125.0,2.66,12730.0,969.0,741.5
LICN,11/1/2021,2083.0,2119.0,2020.0,2118.0,-0.33,10305.0,969.0,741.5
LICN,11/2/2021,2075.7,2104.0,2050.0,2104.0,-0.66,9183.0,969.0,741.5
LICN,11/3/2021,2062.0,2095.0,2035.1,2094.0,-0.48,9824.0,969.0,741.5
LICN,11/8/2021,2053.0,2093.0,2042.0,2093.0,-0.05,3128.0,969.0,741.5
LICN,11/9/2021,2052.0,2076.0,2015.0,2076.0,-0.81,8952.0,969.0,741.5
LICN,11/11/2021,2035.1,2067.0,1965.0,2030.0,-2.22,9198.0,969.0,741.5
LICN,11/14/2021,1990.0,2054.0,1940.0,2054.0,1.18,13144.0,969.0,741.5
LICN,11/15/2021,2013.0,2050.0,1974.7,2045.0,-0.44,5602.0,969.0,741.5
LICN,11/16/2021,2005.0,2039.0,1985.2,2034.0,-0.54,4653.0,969.0,741.5
LICN,11/17/2021,2034.0,2070.0,1975.0,2050.0,0.79,10119.0,969.0,741.5
LICN,11/18/2021,2010.0,2047.0,1981.1,2044.0,-0.29,1512.0,969.0,741.5
LICN,11/21/2021,2048.0,2050.0,2004.0,2044.2,0.01,7159.0,969.0,741.5
LICN,11/22/2021,2005.5,2044.9,2005.0,2040.0,-0.21,4197.0,969.0,741.5
LICN,11/23/2021,2010.1,2037.8,1976.0,2033.0,-0.34,6670.0,969.0,741.5
LICN,11/24/2021,1992.4,2014.7,1965.0,2014.0,-0.93,3004.0,969.0,741.5
LICN,11/25/2021,2014.0,2015.0,1980.0,2015.0,0.05,6277.0,969.0,741.5
LICN,11/28/2021,1975.0,2000.0,1920.0,1921.1,-4.66,7647.0,969.0,741.5
LICN,11/29/2021,1920.0,1925.0,1848.0,1917.0,-0.21,11947.0,969.0,741.5
LICN,11/30/2021,1881.0,1910.0,1843.0,1862.2,-2.86,5513.0,969.0,741.5
LICN,12/1/2021,1863.0,1901.2,1845.0,1900.0,2.03,4496.0,969.0,741.5
LICN,12/2/2021,1870.0,1900.0,1843.0,1880.0,-1.05,7322.0,969.0,741.5
LICN,12/5/2021,1845.0,1875.0,1840.0,1875.0,-0.27,2836.0,969.0,741.5
LICN,12/6/2021,1837.5,1868.6,1811.0,1858.9,-0.86,3562.0,969.0,741.5
LICN,12/7/2021,1866.0,1925.0,1822.0,1880.0,1.14,3555.0,969.0,741.5
LICN,12/8/2021,1845.0,1850.0,1811.0,1849.5,-1.62,3591.0,969.0,741.5
LICN,12/9/2021,1847.9,1847.9,1790.0,1825.0,-1.32,5751.0,969.0,741.5
LICN,12/12/2021,1803.0,1810.0,1753.0,1775.0,-2.74,10212.0,969.0,741.5
LICN,12/13/2021,1741.0,1752.3,1700.0,1752.3,-1.28,8549.0,969.0,741.5
LICN,12/14/2021,1750.0,1829.9,1750.0,1824.8,4.14,2547.0,969.0,741.5
LICN,12/15/2021,1788.4,1895.0,1788.4,1837.0,0.67,4620.0,969.0,741.5
LICN,12/16/2021,1800.3,1800.3,1751.0,1751.0,-4.68,3732.0,969.0,741.5
LICN,12/20/2021,1745.0,1817.0,1740.0,1799.0,2.74,4480.0,969.0,741.5
LICN,12/21/2021,1833.0,1833.0,1740.0,1797.0,-0.11,6324.0,969.0,741.5
LICN,12/22/2021,1790.0,1849.0,1789.0,1849.0,2.89,11709.0,969.0,741.5
LICN,12/23/2021,1880.9,1884.0,1791.0,1865.0,0.87,6703.0,969.0,741.5
LICN,12/26/2021,1902.0,2024.0,1870.0,2024.0,8.53,24129.0,969.0,741.5
LICN,12/27/2021,2063.0,2063.0,1911.2,1988.0,-1.78,11422.0,969.0,741.5
LICN,12/28/2021,1948.3,1980.0,1930.0,1973.0,-0.75,5040.0,969.0,741.5
LICN,12/29/2021,1934.0,1969.0,1920.2,1937.8,-1.78,3287.0,969.0,741.5
LICN,1/2/2022,1969.0,1973.9,1930.0,1949.0,0.58,3495.0,969.0,741.5
LICN,1/3/2022,1950.0,1966.0,1931.0,1963.0,0.72,4318.0,969.0,741.5
LICN,1/4/2022,1961.0,1999.9,1951.0,1999.9,1.88,4077.0,969.0,741.5
LICN,1/5/2022,2033.0,2033.0,1964.2,2020.0,1.01,12268.0,969.0,741.5
LICN,1/6/2022,1980.0,2015.0,1980.0,2008.0,-0.59,2418.0,969.0,741.5
LICN,1/9/2022,2047.0,2050.3,1988.0,2050.3,2.11,9174.0,969.0,741.5
LICN,1/10/2022,2040.0,2076.0,2000.0,2060.0,0.47,7863.0,969.0,741.5
LICN,1/11/2022,2065.0,2127.9,2060.0,2125.0,3.16,14216.0,969.0,741.5
LICN,1/12/2022,2130.0,2159.5,2077.6,2124.0,-0.05,7201.0,969.0,741.5
LICN,1/13/2022,2124.0,2173.0,2090.0,2164.9,1.93,7026.0,969.0,741.5
LICN,1/16/2022,2200.0,2243.0,2171.0,2197.0,1.48,7167.0,969.0,741.5
LICN,1/17/2022,2195.0,2230.0,2175.0,2207.0,0.46,8832.0,969.0,741.5
LICN,1/18/2022,2171.0,2214.0,2163.0,2189.0,-0.82,7152.0,969.0,741.5
LICN,1/19/2022,2151.0,2175.0,2146.0,2163.7,-1.16,4466.0,969.0,741.5
LICN,1/20/2022,2170.0,2292.9,2150.0,2270.0,4.91,15642.0,969.0,741.5
LICN,1/23/2022,2299.0,2400.0,2270.0,2398.9,5.68,45346.0,969.0,741.5
LICN,1/24/2022,2399.0,2415.0,2302.0,2344.0,-2.29,38050.0,969.0,741.5
LICN,1/25/2022,2385.0,2390.0,2300.0,2369.0,1.07,22195.0,969.0,741.5
LICN,1/26/2022,2389.0,2389.0,2286.1,2319.0,-2.11,16285.0,969.0,741.5
LICN,1/27/2022,2319.0,2345.0,2286.0,2291.0,-1.21,5783.0,969.0,741.5
LICN,1/30/2022,2336.0,2397.0,2336.0,2355.0,2.79,14468.0,969.0,741.5
LICN,1/31/2022,2385.0,2493.0,2342.0,2367.9,0.55,14692.0,969.0,741.5
LICN,2/1/2022,2400.0,2400.0,2330.0,2356.0,-0.5,18113.0,969.0,741.5
LICN,2/3/2022,2400.0,2400.0,2326.0,2377.0,0.89,20975.0,969.0,741.5
LICN,2/6/2022,2400.0,2400.0,2315.0,2332.0,-1.89,22134.0,969.0,741.5
LICN,2/7/2022,1982.1,2010.0,1946.0,2005.0,-14.02,30923.0,969.0,741.5
LICN,2/8/2022,2044.0,2044.0,1985.1,1991.5,-0.67,25941.0,969.0,741.5
LICN,2/9/2022,2018.0,2028.8,1980.0,2028.7,1.87,31678.0,969.0,741.5
LICN,2/10/2022,2026.0,2060.0,2005.0,2050.0,1.05,20123.0,969.0,741.5
LICN,2/13/2022,2009.0,2028.0,1969.0,2025.0,-1.22,25295.0,969.0,741.5
LICN,2/14/2022,1987.0,2058.0,1987.0,2038.0,0.64,13194.0,969.0,741.5
LICN,2/15/2022,2036.5,2040.0,1990.0,2040.0,0.1,18447.0,969.0,741.5
LICN,2/16/2022,2021.0,2085.0,2002.0,2085.0,2.21,19873.0,969.0,741.5
LICN,2/17/2022,2050.0,2078.0,2021.0,2065.0,-0.96,8088.0,969.0,741.5
LICN,2/20/2022,2023.7,2033.0,1990.0,2004.9,-2.91,9361.0,969.0,741.5
LICN,2/21/2022,2005.0,2019.9,1988.0,1992.0,-0.64,39575.0,969.0,741.5
LICN,2/22/2022,2010.0,2010.0,1980.0,1980.0,-0.6,8656.0,969.0,741.5
LICN,2/23/2022,1970.0,1988.9,1960.0,1988.9,0.45,9103.0,969.0,741.5
LICN,2/24/2022,1980.0,1980.0,1887.0,1949.0,-2.01,9430.0,969.0,741.5
LICN,2/27/2022,1986.0,1986.0,1905.0,1931.9,-0.88,4400.0,969.0,741.5
LICN,2/28/2022,1970.0,1970.0,1849.1,1896.9,-1.81,8837.0,969.0,741.5
LICN,3/2/2022,1934.0,1934.0,1816.0,1816.0,-4.26,10859.0,969.0,741.5
LICN,3/6/2022,1849.0,1849.0,1780.0,1837.0,1.16,3322.0,969.0,741.5
LICN,3/7/2022,1809.0,1849.9,1764.0,1807.9,-1.58,5235.0,969.0,741.5
LICN,3/9/2022,1780.0,1790.0,1719.1,1755.0,-2.93,9898.0,969.0,741.5
LICN,3/10/2022,1755.0,1810.0,1730.0,1810.0,3.13,7448.0,969.0,741.5
LICN,3/13/2022,1846.0,1952.0,1840.0,1952.0,7.85,25394.0,969.0,741.5
LICN,3/14/2022,1970.0,2030.0,1970.0,2006.0,2.77,30910.0,969.0,741.5
LICN,3/15/2022,2044.0,2087.0,1968.1,2049.8,2.18,16338.0,969.0,741.5
LICN,3/16/2022,2078.5,2089.0,2002.0,2038.0,-0.58,13534.0,969.0,741.5
LICN,3/20/2022,2077.0,2077.0,1970.0,2014.0,-1.18,13796.0,969.0,741.5
LICN,3/21/2022,2040.0,2040.0,1961.0,2011.9,-0.1,5594.0,969.0,741.5
LICN,3/22/2022,2040.0,2051.9,1990.1,2005.0,-0.34,9845.0,969.0,741.5
LICN,3/23/2022,2005.0,2007.0,1987.0,1989.9,-0.75,6833.0,969.0,741.5
LICN,3/24/2022,2029.6,2120.0,1990.0,2101.2,5.59,54363.0,969.0,741.5
LICN,3/27/2022,2143.0,2274.0,2137.0,2137.0,1.7,68532.0,969.0,741.5
LICN,3/28/2022,2100.0,2164.9,2100.0,2128.8,-0.38,26556.0,969.0,741.5
LICN,3/29/2022,2160.0,2160.0,2073.0,2107.8,-0.99,13994.0,969.0,741.5
LICN,3/30/2022,2140.0,2140.0,2058.0,2121.0,0.63,14400.0,969.0,741.5
LICN,3/31/2022,2145.0,2145.0,2070.1,2071.0,-2.36,6291.0,969.0,741.5
LICN,4/3/2022,2098.0,2098.0,2034.0,2051.8,-0.93,18900.0,969.0,741.5
LICN,4/4/2022,2092.0,2133.0,2019.0,2044.9,-0.34,7735.0,969.0,741.5
LICN,4/5/2022,2054.0,2054.0,1950.0,1951.0,-4.59,15294.0,969.0,741.5
LICN,4/6/2022,1985.0,1985.0,1931.0,1968.0,0.87,6647.0,969.0,741.5
LICN,4/7/2022,1987.7,2070.0,1950.0,2023.0,2.79,8889.0,969.0,741.5
LICN,4/11/2022,2063.4,2139.0,1976.0,1978.0,-2.22,11551.0,969.0,741.5
LICN,4/12/2022,2017.0,2020.0,1932.0,1940.0,-1.92,6557.0,969.0,741.5
LICN,4/13/2022,1968.0,1968.0,1917.5,1939.9,-0.01,6411.0,969.0,741.5
LICN,4/17/2022,1976.0,1976.0,1880.0,1908.9,-1.6,6710.0,969.0,741.5
LICN,4/18/2022,1935.0,1935.0,1851.1,1863.8,-2.36,4876.0,969.0,741.5
LICN,4/19/2022,1890.0,1890.0,1846.0,1860.0,-0.2,8656.0,969.0,741.5
LICN,4/20/2022,1880.0,1880.0,1817.0,1819.0,-2.2,9434.0,969.0,741.5
LICN,4/21/2022,1813.0,1855.3,1800.0,1842.8,1.31,9904.0,969.0,741.5
LICN,4/24/2022,1865.0,1900.0,1830.0,1895.0,2.83,8479.0,969.0,741.5
LICN,4/25/2022,1899.0,1899.0,1840.0,1870.0,-1.32,7646.0,969.0,741.5
LICN,4/26/2022,1869.0,1869.0,1830.0,1840.0,-1.6,3745.0,969.0,741.5
LICN,4/27/2022,1876.8,1876.8,1816.0,1839.2,-0.04,3123.0,969.0,741.5
LICN,4/28/2022,1875.0,1875.0,1802.0,1840.0,0.04,9073.0,969.0,741.5
LICN,5/2/2022,1875.0,1875.0,1750.0,1777.0,-3.42,10669.0,969.0,741.5
LICN,5/4/2022,1810.0,1810.0,1670.0,1717.9,-3.33,11697.0,969.0,741.5
LICN,5/5/2022,1690.0,1723.8,1630.0,1689.8,-1.64,15026.0,969.0,741.5
LICN,5/8/2022,1695.0,1695.0,1630.0,1690.0,0.01,10721.0,969.0,741.5
LICN,5/9/2022,1670.0,1684.0,1630.0,1660.0,-1.78,9806.0,969.0,741.5
LICN,5/10/2022,1630.1,1662.9,1627.0,1640.0,-1.2,7176.0,969.0,741.5
LICN,5/11/2022,1640.0,1670.0,1620.1,1656.0,0.98,16168.0,969.0,741.5
LICN,5/12/2022,1676.0,1676.0,1617.0,1636.0,-1.21,12569.0,969.0,741.5
LICN,5/17/2022,1604.0,1695.0,1565.1,1565.1,-4.33,13950.0,969.0,741.5
LICN,5/18/2022,1572.0,1596.4,1527.9,1573.0,0.5,9667.0,969.0,741.5
LICN,5/19/2022,1594.0,1594.0,1527.0,1550.0,-1.46,4481.0,969.0,741.5
LICN,5/20/2022,1560.0,1560.0,1491.1,1528.0,-1.42,9245.0,969.0,741.5
LICN,5/23/2022,1555.0,1555.0,1440.0,1451.0,-5.04,12847.0,969.0,741.5
LICN,5/24/2022,1479.0,1530.0,1428.0,1478.5,1.9,6661.0,969.0,741.5
LICN,5/25/2022,1508.0,1537.0,1465.0,1484.9,0.43,6616.0,969.0,741.5
LICN,5/26/2022,1456.0,1508.0,1456.0,1500.0,1.02,8790.0,969.0,741.5
LICN,5/27/2022,1521.0,1550.0,1465.0,1488.0,-0.8,2633.0,969.0,741.5
LICN,5/30/2022,1517.0,1547.0,1346.0,1379.8,-7.27,24804.0,969.0,741.5
LICN,5/31/2022,1353.3,1426.0,1281.0,1426.0,3.35,23784.0,969.0,741.5
LICN,6/1/2022,1397.5,1397.5,1297.0,1329.0,-6.8,17623.0,969.0,741.5
LICN,6/2/2022,1304.0,1330.0,1275.0,1297.9,-2.34,14307.0,969.0,741.5
LICN,6/3/2022,1304.0,1305.0,1245.1,1255.0,-3.31,7420.0,969.0,741.5
LICN,6/6/2022,1265.0,1275.0,1203.5,1221.9,-2.64,25279.0,969.0,741.5
LICN,6/7/2022,1200.0,1235.9,1197.0,1216.9,-0.41,20459.0,969.0,741.5
LICN,6/8/2022,1238.8,1326.0,1217.0,1255.0,3.13,11005.0,969.0,741.5
LICN,6/9/2022,1279.0,1329.9,1243.0,1288.9,2.7,10719.0,969.0,741.5
LICN,6/10/2022,1265.0,1270.0,1225.0,1259.8,-2.26,8287.0,969.0,741.5
LICN,6/13/2022,1245.0,1255.0,1213.0,1234.8,-1.98,7332.0,969.0,741.5
LICN,6/14/2022,1258.9,1258.9,1184.9,1209.9,-2.02,5957.0,969.0,741.5
LICN,6/15/2022,1190.1,1200.0,1098.0,1110.0,-8.26,32058.0,969.0,741.5
LICN,6/16/2022,1132.2,1132.2,1089.0,1107.0,-0.27,11417.0,969.0,741.5
LICN,6/17/2022,1119.9,1124.9,1098.0,1100.0,-0.63,9539.0,969.0,741.5
LICN,6/19/2022,1101.0,1117.9,1100.0,1110.0,0.91,14251.0,969.0,741.5
LICN,6/20/2022,1100.0,1110.0,1075.1,1085.0,-2.25,20278.0,969.0,741.5
LICN,6/21/2022,1069.0,1180.0,1065.0,1158.0,6.73,21039.0,969.0,741.5
LICN,6/22/2022,1160.0,1179.0,1112.0,1129.9,-2.43,9483.0,969.0,741.5
LICN,6/23/2022,1120.0,1141.0,1086.0,1140.0,0.89,19504.0,969.0,741.5
LICN,6/24/2022,1120.0,1240.0,1101.0,1229.9,7.89,22574.0,969.0,741.5
LICN,6/26/2022,1230.0,1322.0,1206.0,1300.0,5.7,34687.0,969.0,741.5
LICN,6/27/2022,1323.9,1430.0,1276.0,1419.0,9.15,59585.0,969.0,741.5
LICN,6/28/2022,1445.0,1530.0,1353.1,1470.0,3.59,37343.0,969.0,741.5
LICN,6/29/2022,1489.8,1489.8,1441.0,1450.0,-1.36,21583.0,969.0,741.5
LICN,6/30/2022,1475.0,1550.0,1410.0,1488.0,2.62,39008.0,969.0,741.5
LICN,7/1/2022,1515.0,1548.0,1445.1,1469.0,-1.28,14777.0,969.0,741.5
LICN,7/3/2022,1495.0,1496.0,1430.0,1449.0,-1.36,11577.0,969.0,741.5
LICN,7/4/2022,1477.0,1477.0,1402.2,1444.0,-0.35,32956.0,969.0,741.5
LICN,7/5/2022,1417.1,1454.0,1390.0,1409.0,-2.42,19934.0,969.0,741.5
LICN,7/6/2022,1437.1,1549.9,1437.1,1549.9,10.0,76742.0,969.0,741.5
LICN,7/7/2022,1580.8,1677.0,1514.1,1525.0,-1.61,48789.0,969.0,741.5
LICN,7/8/2022,1555.0,1580.0,1485.0,1498.0,-1.77,26067.0,969.0,741.5
LICN,7/11/2022,1510.0,1510.0,1399.0,1415.0,-5.54,30977.0,969.0,741.5
LICN,7/12/2022,1420.0,1440.0,1390.0,1395.0,-1.41,29299.0,969.0,741.5
LICN,7/13/2022,1422.9,1435.0,1376.9,1406.0,0.79,22179.0,969.0,741.5
LICN,7/14/2022,1410.0,1432.0,1390.0,1400.1,-0.42,14224.0,969.0,741.5
LICN,7/15/2022,1421.0,1421.0,1372.2,1415.0,1.06,7456.0,969.0,741.5
LICN,7/17/2022,1441.0,1441.0,1395.0,1435.0,1.41,7578.0,969.0,741.5
LICN,7/18/2022,1410.0,1470.0,1391.0,1457.9,1.6,19396.0,969.0,741.5
LICN,7/19/2022,1430.0,1488.9,1430.0,1480.0,1.52,14145.0,969.0,741.5
LICN,7/20/2022,1453.0,1490.0,1450.0,1478.0,-0.14,13131.0,969.0,741.5
LICN,7/21/2022,1501.0,1501.0,1422.8,1423.0,-3.72,16370.0,969.0,741.5
LICN,7/22/2022,1448.0,1448.0,1385.0,1390.0,-2.32,15337.0,969.0,741.5
LICN,7/24/2022,1417.0,1460.0,1396.2,1434.0,3.17,13700.0,969.0,741.5
LICN,7/25/2022,1457.0,1500.0,1430.0,1498.9,4.53,31846.0,969.0,741.5
LICN,7/26/2022,1500.0,1525.0,1469.0,1499.0,0.01,53297.0,969.0,741.5
LICN,7/27/2022,1489.0,1524.0,1474.0,1485.0,-0.93,18511.0,969.0,741.5
LICN,7/28/2022,1514.7,1567.0,1481.1,1509.0,1.62,46674.0,969.0,741.5
LICN,7/29/2022,1535.0,1535.0,1480.0,1490.0,-1.26,11737.0,969.0,741.5
LICN,7/31/2022,1516.0,1555.0,1475.0,1537.1,3.16,54205.0,969.0,741.5
LICN,8/1/2022,1507.0,1655.0,1507.0,1545.0,0.51,35892.0,969.0,741.5
LICN,8/2/2022,1545.0,1564.0,1516.0,1536.0,-0.58,9502.0,969.0,741.5
LICN,8/3/2022,1549.0,1566.0,1508.0,1524.0,-0.78,14468.0,969.0,741.5
LICN,8/4/2022,1508.0,1519.0,1475.0,1487.0,-2.43,22889.0,969.0,741.5
LICN,8/5/2022,1470.0,1499.0,1458.0,1467.0,-1.34,11555.0,969.0,741.5
LICN,8/7/2022,1489.5,1489.5,1450.0,1478.0,0.75,16987.0,969.0,741.5
LICN,8/8/2022,1453.1,1495.0,1446.1,1447.0,-2.1,10542.0,969.0,741.5
LICN,8/9/2022,1434.6,1455.0,1411.2,1436.0,-0.76,12669.0,969.0,741.5
LICN,8/10/2022,1428.0,1437.1,1412.2,1427.0,-0.63,6588.0,969.0,741.5
LICN,8/11/2022,1435.0,1440.0,1420.0,1422.1,-0.34,5159.0,969.0,741.5
LICN,8/14/2022,1400.0,1426.0,1381.0,1390.0,-2.26,7947.0,969.0,741.5
LICN,8/15/2022,1362.2,1400.0,1335.0,1400.0,0.72,10013.0,969.0,741.5
LICN,8/16/2022,1405.0,1415.0,1370.0,1394.9,-0.36,7191.0,969.0,741.5
LICN,8/17/2022,1370.2,1397.0,1362.2,1389.9,-0.36,2482.0,969.0,741.5
LICN,8/18/2022,1389.9,1409.4,1370.0,1408.0,1.3,6453.0,969.0,741.5
LICN,8/21/2022,1435.0,1435.0,1385.0,1399.9,-0.58,7835.0,969.0,741.5
LICN,8/22/2022,1395.0,1412.0,1370.0,1389.0,-0.78,11227.0,969.0,741.5
LICN,8/23/2022,1382.0,1396.9,1365.0,1378.0,-0.79,4624.0,969.0,741.5
LICN,8/24/2022,1378.0,1384.9,1365.0,1368.1,-0.72,7209.0,969.0,741.5
LICN,8/25/2022,1369.0,1383.0,1350.0,1363.9,-0.31,5937.0,969.0,741.5
LICN,8/26/2022,1341.0,1500.0,1341.0,1445.0,5.95,23730.0,969.0,741.5
LICN,8/28/2022,1473.0,1490.0,1409.3,1431.0,-0.97,18345.0,969.0,741.5
LICN,8/29/2022,1459.0,1459.0,1405.0,1433.9,0.2,9420.0,969.0,741.5
LICN,8/30/2022,1462.5,1551.0,1425.0,1434.9,0.07,43670.0,969.0,741.5
LICN,8/31/2022,1463.5,1464.0,1372.0,1379.0,-3.9,9838.0,969.0,741.5
LICN,9/1/2022,1406.0,1430.0,1375.0,1420.0,2.97,9998.0,969.0,741.5
LICN,9/2/2022,1420.0,1438.0,1387.1,1410.0,-0.7,2552.0,969.0,741.5
LICN,9/4/2022,1430.0,1438.0,1385.0,1403.0,-0.5,3808.0,969.0,741.5
LICN,9/5/2022,1431.0,1450.0,1368.1,1420.0,1.21,8412.0,969.0,741.5
LICN,9/6/2022,1392.0,1406.0,1379.0,1405.9,-0.99,3556.0,969.0,741.5
LICN,9/7/2022,1398.0,1398.0,1363.2,1384.0,-1.56,2963.0,969.0,741.5
LICN,9/8/2022,1390.0,1390.0,1360.0,1365.0,-1.37,4315.0,969.0,741.5
LICN,9/11/2022,1390.0,1390.0,1341.0,1359.0,-0.44,1927.0,969.0,741.5
LICN,9/12/2022,1340.0,1358.0,1319.0,1330.0,-2.13,5059.0,969.0,741.5
LICN,9/13/2022,1350.0,1350.0,1323.0,1336.9,0.52,3374.0,969.0,741.5
LICN,9/14/2022,1363.6,1365.0,1321.0,1353.9,1.27,7021.0,969.0,741.5
LICN,9/15/2022,1345.0,1368.0,1295.6,1304.0,-3.69,8442.0,969.0,741.5
LICN,9/16/2022,1298.0,1356.0,1270.0,1356.0,3.99,5464.0,969.0,741.5
LICN,9/18/2022,1329.0,1346.0,1278.2,1284.8,-5.25,6776.0,969.0,741.5
LICN,9/20/2022,1300.0,1300.0,1231.0,1252.0,-2.55,3738.0,969.0,741.5
LICN,9/21/2022,1263.9,1263.9,1227.0,1250.0,-0.16,5245.0,969.0,741.5
LICN,9/22/2022,1250.0,1250.0,1226.0,1243.0,-0.56,3575.0,969.0,741.5
LICN,9/25/2022,1240.0,1240.0,1210.0,1210.0,-2.65,3454.0,969.0,741.5
LICN,9/27/2022,1234.2,1281.0,1225.0,1225.1,1.25,1709.0,969.0,741.5
LICN,9/28/2022,1249.0,1268.0,1210.3,1245.0,1.62,7212.0,969.0,741.5
LICN,9/29/2022,1259.7,1259.7,1211.1,1240.0,-0.4,4569.0,969.0,741.5
LICN,10/9/2022,1263.0,1285.0,1226.1,1285.0,3.63,6417.0,969.0,741.5
LICN,10/10/2022,1310.7,1310.7,1233.8,1265.0,-1.56,6351.0,969.0,741.5
LICN,10/11/2022,1250.0,1255.0,1221.1,1229.0,-2.85,9187.0,969.0,741.5
LICN,10/12/2022,1229.0,1243.0,1220.0,1240.0,0.9,7368.0,969.0,741.5
LICN,10/13/2022,1241.0,1249.9,1207.0,1249.9,0.8,3589.0,969.0,741.5
LICN,10/16/2022,1225.0,1244.5,1214.0,1225.0,-1.99,1745.0,969.0,741.5
LICN,10/17/2022,1238.0,1240.0,1200.0,1200.0,-2.04,9068.0,969.0,741.5
LICN,10/19/2022,1205.1,1208.0,1183.0,1204.9,0.41,8373.0,969.0,741.5
LICN,10/20/2022,1224.0,1224.0,1185.0,1222.0,1.42,3526.0,969.0,741.5
LICN,10/23/2022,1222.0,1229.9,1205.0,1219.9,-0.17,6646.0,969.0,741.5
LICN,10/31/2022,1215.0,1229.0,1210.0,1229.0,0.75,3079.0,969.0,741.5
LICN,11/1/2022,1230.0,1258.0,1200.0,1245.9,1.38,13496.0,969.0,741.5
LICN,11/2/2022,1240.0,1270.0,1231.0,1256.0,0.81,2651.0,969.0,741.5
LICN,11/3/2022,1232.0,1254.0,1230.0,1248.0,-0.64,3517.0,969.0,741.5
LICN,11/6/2022,1250.0,1280.0,1230.0,1266.9,1.51,4988.0,969.0,741.5
LICN,11/7/2022,1288.8,1354.9,1254.0,1324.0,4.51,14865.0,969.0,741.5
LICN,11/8/2022,1298.0,1391.0,1298.0,1379.9,4.22,17156.0,969.0,741.5
LICN,11/9/2022,1380.0,1386.0,1322.1,1342.0,-2.75,8523.0,969.0,741.5
LICN,11/10/2022,1368.0,1368.0,1265.0,1322.0,-1.49,9266.0,969.0,741.5
LICN,11/13/2022,1339.9,1339.9,1287.0,1300.0,-1.66,3412.0,969.0,741.5
LICN,11/14/2022,1300.0,1324.7,1290.0,1324.0,1.85,5933.0,969.0,741.5
LICN,11/15/2022,1300.0,1325.9,1284.0,1284.6,-2.98,3564.0,969.0,741.5
LICN,11/16/2022,1286.5,1305.0,1275.3,1290.0,0.42,2534.0,969.0,741.5
LICN,11/17/2022,1315.0,1339.0,1300.1,1310.0,1.55,4425.0,969.0,741.5
LICN,11/22/2022,1336.0,1336.0,1279.9,1304.9,-0.39,5143.0,969.0,741.5
LICN,11/23/2022,1304.0,1322.0,1282.1,1322.0,1.31,1900.0,969.0,741.5
LICN,11/24/2022,1300.0,1343.0,1297.0,1335.0,0.98,4887.0,969.0,741.5
LICN,11/27/2022,1360.0,1360.9,1311.0,1358.0,1.72,12274.0,969.0,741.5
LICN,11/28/2022,1350.0,1382.0,1325.0,1325.0,-2.43,3591.0,969.0,741.5
LICN,11/29/2022,1326.1,1374.0,1313.0,1352.0,2.04,7298.0,969.0,741.5
LICN,11/30/2022,1377.0,1377.0,1331.0,1359.0,0.52,6211.0,969.0,741.5
LICN,12/1/2022,1379.0,1440.0,1355.0,1428.0,5.08,14922.0,969.0,741.5
LICN,12/4/2022,1428.0,1499.0,1411.1,1499.0,4.97,25481.0,969.0,741.5
LICN,12/5/2022,1528.9,1528.9,1427.2,1445.0,-3.6,24440.0,969.0,741.5
LICN,12/6/2022,1417.0,1473.0,1417.0,1450.0,0.35,9494.0,969.0,741.5
LICN,12/7/2022,1469.0,1469.0,1415.2,1417.9,-2.21,5272.0,969.0,741.5
LICN,12/11/2022,1417.9,1417.9,1392.0,1410.0,-0.56,6756.0,969.0,741.5
LICN,12/12/2022,1420.0,1430.0,1386.0,1425.0,1.06,2082.0,969.0,741.5
LICN,12/13/2022,1411.0,1428.0,1400.0,1428.0,0.21,1444.0,969.0,741.5
LICN,12/14/2022,1401.0,1428.0,1400.0,1419.9,-0.57,233.0,969.0,741.5
LICN,12/15/2022,1400.0,1418.0,1386.1,1386.1,-2.38,4970.0,969.0,741.5
LICN,12/18/2022,1381.2,1381.2,1355.0,1360.0,-1.88,2714.0,969.0,741.5
LICN,12/19/2022,1387.1,1414.0,1357.1,1360.0,0.0,4611.0,969.0,741.5
LICN,12/20/2022,1387.2,1400.0,1361.1,1390.0,2.21,8955.0,969.0,741.5
LICN,12/21/2022,1407.0,1407.0,1371.0,1378.0,-0.86,1767.0,969.0,741.5
LICN,12/22/2022,1356.0,1398.0,1356.0,1374.0,-0.29,1703.0,969.0,741.5
LICN,12/26/2022,1401.0,1429.0,1370.0,1410.1,2.63,16242.0,969.0,741.5
LICN,12/27/2022,1415.0,1499.0,1415.0,1489.0,5.6,27609.0,969.0,741.5
LICN,12/28/2022,1515.0,1515.0,1449.0,1472.0,-1.14,8647.0,969.0,741.5
LICN,12/29/2022,1447.0,1560.0,1447.0,1517.0,3.06,13036.0,969.0,741.5
LICN,1/1/2023,1547.0,1595.0,1540.0,1550.2,2.19,29922.0,969.0,741.5
LICN,1/2/2023,1560.0,1560.0,1500.0,1540.0,-0.66,27691.0,969.0,741.5
LICN,1/3/2023,1560.0,1560.0,1500.0,1519.0,-1.36,18733.0,969.0,741.5
LICN,1/4/2023,1549.3,1549.3,1491.0,1535.0,1.05,28123.0,969.0,741.5
LICN,1/5/2023,1529.9,1579.0,1526.0,1576.0,2.67,31755.0,969.0,741.5
LICN,1/8/2023,1600.0,1733.0,1600.0,1635.0,3.74,50777.0,969.0,741.5
LICN,1/9/2023,1630.0,1665.0,1630.0,1648.7,0.84,21066.0,969.0,741.5
LICN,1/10/2023,1680.0,1713.6,1599.0,1615.0,-2.04,22733.0,969.0,741.5
LICN,1/12/2023,1620.0,1622.0,1558.2,1558.4,-3.5,13955.0,969.0,741.5
LICN,1/17/2023,1589.0,1589.3,1541.0,1563.0,0.3,7402.0,969.0,741.5
LICN,1/18/2023,1579.7,1650.0,1536.3,1551.0,-0.77,24466.0,969.0,741.5
LICN,1/19/2023,1550.0,1560.0,1520.0,1530.0,-1.35,9809.0,969.0,741.5
LICN,1/23/2023,1560.5,1564.0,1520.0,1520.0,-0.65,5922.0,969.0,741.5
LICN,1/24/2023,1550.0,1550.0,1512.0,1538.0,1.18,8429.0,969.0,741.5
LICN,1/25/2023,1534.0,1580.0,1534.0,1570.0,2.08,11846.0,969.0,741.5
LICN,1/26/2023,1570.0,1580.0,1518.0,1549.0,-1.34,10883.0,969.0,741.5
LICN,1/29/2023,1574.9,1574.9,1519.0,1539.3,-0.63,10343.0,969.0,741.5
LICN,1/30/2023,1545.0,1570.0,1516.0,1523.9,-1.0,6769.0,969.0,741.5
LICN,1/31/2023,1523.0,1527.8,1485.7,1500.3,-1.55,6528.0,969.0,741.5
LICN,2/1/2023,1500.0,1526.0,1500.0,1516.9,1.11,3995.0,969.0,741.5
LICN,2/2/2023,1516.0,1528.7,1495.0,1500.0,-1.11,4614.0,969.0,741.5
LICN,2/5/2023,1500.0,1520.0,1493.0,1500.0,0.0,3078.0,969.0,741.5
LICN,2/6/2023,1519.0,1519.0,1460.2,1470.0,-2.0,11701.0,969.0,741.5
LICN,2/7/2023,1499.4,1529.0,1472.0,1529.0,4.01,9618.0,969.0,741.5
LICN,2/8/2023,1530.0,1560.0,1510.0,1524.9,-0.27,2957.0,969.0,741.5
LICN,2/9/2023,1501.0,1527.0,1501.0,1525.0,0.01,2715.0,969.0,741.5
LICN,2/12/2023,1495.0,1518.0,1475.0,1489.0,-2.36,9831.0,969.0,741.5
LICN,2/14/2023,1470.0,1497.0,1465.3,1473.7,-1.03,4393.0,969.0,741.5
LICN,2/15/2023,1490.0,1490.0,1460.0,1471.8,-0.13,4125.0,969.0,741.5
LICN,2/16/2023,1444.0,1467.0,1436.9,1450.0,-1.48,5883.0,969.0,741.5
LICN,2/20/2023,1422.2,1456.0,1422.2,1454.0,0.28,1235.0,969.0,741.5
LICN,2/22/2023,1454.0,1472.0,1440.0,1472.0,1.24,9242.0,969.0,741.5
LICN,2/23/2023,1442.6,1450.0,1414.0,1428.0,-2.99,4752.0,969.0,741.5
LICN,2/26/2023,1410.0,1434.0,1400.0,1428.0,0.0,5062.0,969.0,741.5
LICN,2/27/2023,1455.0,1455.0,1399.0,1425.0,-0.21,3980.0,969.0,741.5
LICN,2/28/2023,1453.5,1453.5,1400.0,1408.0,-1.19,6455.0,969.0,741.5
LICN,3/1/2023,1406.0,1408.0,1380.0,1380.0,-1.99,5635.0,969.0,741.5
LICN,3/2/2023,1374.0,1397.9,1374.0,1383.0,0.22,3039.0,969.0,741.5
LICN,3/5/2023,1370.1,1385.0,1358.0,1379.0,-0.29,2490.0,969.0,741.5
LICN,3/7/2023,1400.0,1400.0,1362.0,1378.9,-0.01,2646.0,969.0,741.5
LICN,3/9/2023,1406.0,1418.9,1381.0,1418.0,2.84,2618.0,969.0,741.5
LICN,3/12/2023,1439.9,1439.9,1374.0,1390.0,-1.97,9936.0,969.0,741.5
LICN,3/13/2023,1415.0,1415.0,1370.0,1388.0,-0.14,5854.0,969.0,741.5
LICN,3/14/2023,1390.0,1400.0,1377.0,1388.9,0.06,5272.0,969.0,741.5
LICN,3/15/2023,1415.0,1415.0,1362.1,1374.0,-1.07,8064.0,969.0,741.5
LICN,3/16/2023,1360.0,1379.0,1360.0,1374.7,0.05,2886.0,969.0,741.5
LICN,3/19/2023,1402.0,1402.0,1360.0,1361.0,-1.0,4140.0,969.0,741.5
LICN,3/20/2023,1378.0,1378.0,1360.0,1360.0,-0.07,3834.0,969.0,741.5
LICN,3/22/2023,1365.0,1365.0,1335.0,1336.0,-1.76,3131.0,969.0,741.5
LICN,3/23/2023,1310.1,1330.0,1310.1,1319.1,-1.26,6484.0,969.0,741.5
LICN,3/26/2023,1326.0,1326.0,1303.0,1304.2,-1.13,5240.0,969.0,741.5
LICN,3/27/2023,1305.0,1356.8,1300.0,1338.9,2.66,4202.0,969.0,741.5
LICN,3/28/2023,1360.0,1387.0,1338.3,1345.9,0.52,6647.0,969.0,741.5
LICN,3/29/2023,1329.9,1360.0,1329.9,1355.0,0.68,2110.0,969.0,741.5
LICN,3/30/2023,1382.1,1382.1,1343.0,1346.0,-0.66,1240.0,969.0,741.5
LICN,4/2/2023,1372.0,1389.9,1320.0,1342.0,-0.3,11785.0,969.0,741.5
LICN,4/3/2023,1361.5,1361.5,1290.0,1345.0,0.22,8760.0,969.0,741.5
LICN,4/4/2023,1318.2,1355.0,1293.0,1309.0,-2.68,4416.0,969.0,741.5
LICN,4/5/2023,1308.0,1335.0,1290.0,1320.0,0.84,1996.0,969.0,741.5
LICN,4/6/2023,1301.0,1335.8,1293.0,1315.0,-0.38,8784.0,969.0,741.5
LICN,4/9/2023,1335.0,1335.0,1274.2,1285.0,-2.28,2788.0,969.0,741.5
LICN,4/10/2023,1261.0,1286.0,1253.0,1268.3,-1.3,9139.0,969.0,741.5
LICN,4/11/2023,1245.0,1289.0,1245.0,1270.0,0.13,11020.0,969.0,741.5
LICN,4/12/2023,1270.0,1330.0,1270.0,1330.0,4.72,9113.0,969.0,741.5
LICN,4/13/2023,1330.0,1355.0,1310.0,1333.9,0.29,7629.0,969.0,741.5
LICN,4/16/2023,1320.0,1337.0,1311.0,1322.0,-0.89,1542.0,969.0,741.5
LICN,4/17/2023,1310.0,1311.0,1290.0,1292.0,-2.27,3807.0,969.0,741.5
LICN,4/18/2023,1292.0,1300.0,1275.1,1285.0,-0.54,972.0,969.0,741.5
LICN,4/19/2023,1310.7,1310.7,1284.5,1299.7,1.14,1408.0,969.0,741.5
LICN,4/20/2023,1300.0,1301.0,1292.0,1301.0,0.1,1111.0,969.0,741.5
LICN,4/23/2023,1296.0,1296.0,1280.0,1284.0,-1.31,1250.0,969.0,741.5
LICN,4/24/2023,1290.0,1297.8,1277.0,1297.8,1.07,1735.0,969.0,741.5
LICN,4/25/2023,1283.0,1300.0,1280.0,1297.0,-0.06,2882.0,969.0,741.5
LICN,4/26/2023,1285.0,1293.0,1272.0,1293.0,-0.31,2705.0,969.0,741.5
LICN,4/27/2023,1293.0,1300.0,1268.1,1299.0,0.46,2585.0,969.0,741.5
LICN,4/30/2023,1299.0,1309.0,1278.0,1278.0,-1.62,4705.0,969.0,741.5
LICN,5/2/2023,1270.1,1280.0,1268.5,1280.0,0.16,2425.0,969.0,741.5
LICN,5/3/2023,1280.0,1280.0,1260.0,1270.0,-0.78,3408.0,969.0,741.5
LICN,5/4/2023,1293.9,1293.9,1259.0,1271.5,0.12,2005.0,969.0,741.5
LICN,5/7/2023,1261.0,1275.5,1260.8,1268.0,-0.28,4252.0,969.0,741.5
LICN,5/8/2023,1268.0,1268.0,1244.6,1261.0,-0.55,3812.0,969.0,741.5
LICN,5/9/2023,1263.0,1271.8,1263.0,1271.8,0.86,2727.0,969.0,741.5
LICN,5/10/2023,1263.0,1270.0,1247.2,1270.0,-0.14,2340.0,969.0,741.5
LICN,5/11/2023,1289.0,1289.9,1250.0,1275.0,0.39,2735.0,969.0,741.5
LICN,5/14/2023,1261.0,1262.9,1238.0,1262.9,-0.95,2933.0,969.0,741.5
LICN,5/15/2023,1240.2,1264.7,1239.0,1264.1,0.1,7174.0,969.0,741.5
LICN,5/16/2023,1268.9,1278.0,1250.0,1273.0,0.7,2807.0,969.0,741.5
LICN,5/17/2023,1284.0,1284.0,1261.0,1274.9,0.15,3368.0,969.0,741.5
LICN,5/18/2023,1278.0,1300.0,1269.0,1298.0,1.81,5467.0,969.0,741.5
LICN,5/21/2023,1286.1,1320.0,1286.1,1300.0,0.15,2189.0,969.0,741.5
LICN,5/22/2023,1308.0,1319.0,1285.0,1316.0,1.23,4365.0,969.0,741.5
LICN,5/23/2023,1339.0,1377.0,1318.0,1373.0,4.33,12545.0,969.0,741.5
LICN,5/24/2023,1360.0,1387.0,1355.0,1374.8,0.13,6205.0,969.0,741.5
LICN,5/28/2023,1390.0,1390.0,1343.0,1358.0,-1.22,14856.0,969.0,741.5
LICN,5/30/2023,1332.0,1358.0,1283.0,1308.0,-3.68,13136.0,969.0,741.5
LICN,5/31/2023,1283.1,1315.0,1257.4,1272.0,-2.75,8635.0,969.0,741.5
LICN,6/1/2023,1280.0,1299.0,1256.0,1285.0,1.02,4656.0,969.0,741.5
LICN,6/4/2023,1310.0,1361.0,1301.0,1341.9,4.43,7934.0,969.0,741.5
LICN,6/5/2023,1358.5,1358.5,1308.0,1319.7,-1.65,6183.0,969.0,741.5
LICN,6/6/2023,1319.5,1340.0,1319.5,1334.9,1.15,8335.0,969.0,741.5
LICN,6/7/2023,1321.0,1357.0,1321.0,1340.0,0.38,8366.0,969.0,741.5
LICN,6/8/2023,1339.8,1366.8,1325.3,1359.0,1.42,5182.0,969.0,741.5
LICN,6/11/2023,1341.0,1390.0,1320.0,1389.7,2.26,21338.0,969.0,741.5
LICN,6/12/2023,1390.0,1423.0,1380.0,1415.0,1.82,14463.0,969.0,741.5
LICN,6/13/2023,1420.0,1494.0,1405.0,1489.9,5.29,12694.0,969.0,741.5
LICN,6/14/2023,1465.0,1515.0,1465.0,1480.0,-0.66,21224.0,969.0,741.5
LICN,6/15/2023,1480.0,1522.0,1460.0,1522.0,2.84,34521.0,969.0,741.5
LICN,6/18/2023,1522.5,1629.0,1522.1,1619.0,6.37,39584.0,969.0,741.5
LICN,6/19/2023,1591.0,1627.0,1564.0,1597.4,-1.33,34710.0,969.0,741.5
LICN,6/20/2023,1588.0,1597.0,1546.5,1547.9,-3.1,25897.0,969.0,741.5
LICN,6/21/2023,1570.0,1578.0,1550.0,1560.0,0.78,15378.0,969.0,741.5
LICN,6/22/2023,1547.0,1602.0,1547.0,1584.0,1.54,20614.0,969.0,741.5
LICN,6/25/2023,1615.0,1742.4,1583.1,1742.4,10.0,67016.0,969.0,741.5
LICN,6/26/2023,1749.0,1800.0,1701.0,1733.8,-0.49,32425.0,969.0,741.5
LICN,6/27/2023,1703.0,1729.9,1681.0,1710.0,-1.37,18593.0,969.0,741.5
LICN,6/28/2023,1676.0,1710.0,1655.0,1665.0,-2.63,22351.0,969.0,741.5
LICN,7/2/2023,1642.0,1688.0,1642.0,1648.0,-1.02,24615.0,969.0,741.5
LICN,7/3/2023,1625.0,1679.0,1600.0,1639.9,-0.49,14000.0,969.0,741.5
LICN,7/4/2023,1671.0,1671.0,1592.0,1655.0,0.92,9726.0,969.0,741.5
LICN,7/5/2023,1670.0,1670.0,1580.0,1580.0,-4.53,26486.0,969.0,741.5
LICN,7/6/2023,1570.2,1619.0,1570.2,1605.0,1.58,11402.0,969.0,741.5
LICN,7/9/2023,1637.1,1643.0,1590.5,1612.0,0.44,13388.0,969.0,741.5
LICN,7/10/2023,1629.0,1640.0,1585.7,1600.0,-0.74,10977.0,969.0,741.5
LICN,7/11/2023,1570.0,1598.0,1570.0,1598.0,-0.12,7470.0,969.0,741.5
LICN,7/12/2023,1586.1,1625.0,1586.1,1603.0,0.31,9237.0,969.0,741.5
LICN,7/13/2023,1615.0,1615.0,1565.0,1566.0,-2.31,6396.0,969.0,741.5
LICN,7/16/2023,1545.1,1569.9,1538.0,1555.0,-0.7,4938.0,969.0,741.5
LICN,7/17/2023,1527.0,1630.0,1527.0,1599.0,2.83,2870.0,969.0,741.5
LICN,7/18/2023,1630.0,1655.0,1580.0,1590.0,-0.56,5640.0,969.0,741.5
LICN,7/19/2023,1621.0,1653.0,1528.0,1590.0,0.0,15408.0,969.0,741.5
LICN,7/20/2023,1568.5,1585.0,1568.5,1580.0,-0.63,2755.0,969.0,741.5
LICN,7/23/2023,1562.0,1608.0,1562.0,1575.1,-0.31,7183.0,969.0,741.5
LICN,7/24/2023,1590.0,1653.0,1550.1,1551.0,-1.53,14278.0,969.0,741.5
LICN,7/25/2023,1577.9,1581.0,1541.0,1550.0,-0.06,2746.0,969.0,741.5
LICN,7/26/2023,1550.1,1570.0,1531.0,1561.0,0.71,4650.0,969.0,741.5
LICN,7/27/2023,1561.0,1561.0,1510.0,1518.0,-2.75,7037.0,969.0,741.5
LICN,7/30/2023,1501.1,1515.8,1463.1,1489.0,-1.91,16330.0,969.0,741.5
LICN,7/31/2023,1470.0,1509.0,1440.0,1470.0,-1.28,8485.0,969.0,741.5
LICN,8/1/2023,1499.0,1499.0,1400.0,1427.0,-2.93,6154.0,969.0,741.5
LICN,8/2/2023,1401.3,1453.0,1395.0,1421.0,-0.42,11398.0,969.0,741.5
LICN,8/3/2023,1449.0,1455.0,1420.1,1444.0,1.62,2659.0,969.0,741.5
LICN,8/6/2023,1449.0,1449.9,1390.0,1409.9,-2.36,8067.0,969.0,741.5
LICN,8/7/2023,1408.0,1438.0,1408.0,1433.9,1.7,3585.0,969.0,741.5
LICN,8/8/2023,1428.0,1428.0,1405.3,1415.0,-1.32,1772.0,969.0,741.5
LICN,8/9/2023,1415.0,1522.0,1390.0,1487.0,5.09,4492.0,969.0,741.5
LICN,8/10/2023,1460.0,1516.0,1440.0,1516.0,1.95,8018.0,969.0,741.5
LICN,8/13/2023,1491.0,1520.8,1481.0,1493.0,-1.52,4559.0,969.0,741.5
LICN,8/14/2023,1515.0,1515.0,1481.0,1496.9,0.26,3661.0,969.0,741.5
LICN,8/15/2023,1477.0,1490.0,1452.0,1456.0,-2.73,3973.0,969.0,741.5
LICN,8/16/2023,1483.0,1483.0,1422.1,1458.7,0.19,3508.0,969.0,741.5
LICN,8/17/2023,1451.0,1487.6,1451.0,1475.0,1.12,1302.0,969.0,741.5
LICN,8/20/2023,1451.2,1461.0,1435.0,1435.0,-2.71,2336.0,969.0,741.5
LICN,8/21/2023,1435.0,1455.0,1403.4,1404.0,-2.16,4339.0,969.0,741.5
LICN,8/22/2023,1432.0,1432.0,1394.0,1407.0,0.21,4173.0,969.0,741.5
LICN,8/23/2023,1435.1,1481.0,1410.0,1481.0,5.26,2839.0,969.0,741.5
LICN,8/24/2023,1493.0,1498.0,1430.0,1437.0,-2.97,3762.0,969.0,741.5
LICN,8/27/2023,1437.0,1437.0,1409.0,1410.0,-1.88,4544.0,969.0,741.5
LICN,8/28/2023,1408.0,1442.0,1408.0,1439.9,2.12,2166.0,969.0,741.5
LICN,8/29/2023,1440.0,1440.0,1430.0,1440.0,0.01,1104.0,969.0,741.5
LICN,8/30/2023,1447.7,1447.7,1420.0,1437.0,-0.21,1136.0,969.0,741.5
LICN,9/3/2023,1449.0,1449.0,1400.3,1400.3,-2.55,7608.0,969.0,741.5
LICN,9/4/2023,1420.0,1420.0,1393.0,1412.0,0.84,3531.0,969.0,741.5
LICN,9/5/2023,1412.0,1420.0,1406.0,1420.0,0.57,1385.0,969.0,741.5
LICN,9/7/2023,1405.0,1411.0,1387.0,1410.0,-0.7,3379.0,969.0,741.5
LICN,9/10/2023,1432.0,1432.0,1405.0,1429.0,1.35,3017.0,969.0,741.5
LICN,9/11/2023,1425.2,1448.0,1425.2,1445.0,1.12,3815.0,969.0,741.5
LICN,9/12/2023,1416.1,1427.0,1389.0,1410.0,-2.42,8575.0,969.0,741.5
LICN,9/13/2023,1410.0,1425.0,1410.0,1423.0,0.92,1798.0,969.0,741.5
LICN,9/17/2023,1415.0,1415.0,1390.2,1391.0,-2.25,2981.0,969.0,741.5
LICN,9/18/2023,1380.0,1406.0,1370.8,1396.0,0.36,2042.0,969.0,741.5
LICN,9/19/2023,1396.0,1410.0,1396.0,1400.0,0.29,1581.0,969.0,741.5
LICN,9/21/2023,1428.0,1440.0,1409.0,1440.0,2.86,4189.0,969.0,741.5
LICN,9/24/2023,1415.1,1440.0,1415.0,1425.0,-1.04,2352.0,969.0,741.5
LICN,9/25/2023,1425.0,1428.0,1406.0,1406.0,-1.33,1950.0,969.0,741.5
LICN,9/26/2023,1420.0,1420.0,1410.0,1411.0,0.36,1375.0,969.0,741.5
LICN,9/27/2023,1415.0,1430.0,1405.0,1411.1,0.01,2246.0,969.0,741.5
LICN,10/1/2023,1386.5,1400.0,1385.0,1393.9,-1.22,2371.0,969.0,741.5
LICN,10/2/2023,1379.1,1399.0,1370.0,1388.9,-0.36,2786.0,969.0,741.5
LICN,10/3/2023,1373.0,1390.0,1373.0,1380.0,-0.64,914.0,969.0,741.5
LICN,10/4/2023,1399.8,1400.0,1374.0,1381.0,0.07,816.0,969.0,741.5
LICN,10/5/2023,1381.5,1397.0,1380.0,1380.0,-0.07,2670.0,969.0,741.5
LICN,10/8/2023,1385.0,1385.0,1330.1,1350.0,-2.17,7821.0,969.0,741.5
LICN,10/9/2023,1323.1,1345.0,1320.0,1327.0,-1.7,4694.0,969.0,741.5
LICN,10/10/2023,1317.0,1327.0,1312.0,1321.0,-0.45,1220.0,969.0,741.5
LICN,10/11/2023,1314.0,1335.0,1310.0,1320.0,-0.08,3190.0,969.0,741.5
LICN,10/12/2023,1312.0,1316.0,1301.1,1310.0,-0.76,6621.0,969.0,741.5
LICN,10/16/2023,1295.0,1314.0,1295.0,1309.0,-0.08,3462.0,969.0,741.5
LICN,10/17/2023,1325.0,1328.0,1291.1,1317.8,0.67,2972.0,969.0,741.5
LICN,10/18/2023,1338.9,1340.0,1330.0,1335.0,1.31,1800.0,969.0,741.5
LICN,10/19/2023,1347.0,1355.0,1335.0,1349.0,1.05,300.0,969.0,741.5
LICN,10/29/2023,1327.0,1327.0,1311.0,1325.0,-1.78,1738.0,969.0,741.5
LICN,10/30/2023,1325.0,1333.0,1321.0,1331.9,0.52,160.0,969.0,741.5
LICN,10/31/2023,1331.9,1331.9,1310.1,1310.1,-1.64,371.0,969.0,741.5
LICN,11/1/2023,1319.0,1331.0,1296.0,1298.0,-0.92,1591.0,969.0,741.5
LICN,11/2/2023,1322.9,1336.2,1300.0,1309.0,0.85,2733.0,969.0,741.5
LICN,11/5/2023,1299.1,1324.0,1290.0,1314.0,0.38,570.0,969.0,741.5
LICN,11/6/2023,1317.0,1328.0,1300.0,1328.0,1.07,1695.0,969.0,741.5
LICN,11/7/2023,1330.0,1340.0,1325.0,1330.0,0.15,2858.0,969.0,741.5
LICN,11/8/2023,1350.0,1350.0,1322.0,1335.0,0.38,83.0,969.0,741.5
LICN,11/9/2023,1336.0,1336.1,1315.0,1315.0,-1.5,3734.0,969.0,741.5
LICN,11/20/2023,1315.0,1341.3,1305.0,1305.0,-0.76,1260.0,969.0,741.5
LICN,11/21/2023,1325.0,1325.0,1295.0,1305.0,0.0,931.0,969.0,741.5
LICN,11/22/2023,1290.0,1326.0,1290.0,1304.0,-0.08,402.0,969.0,741.5
LICN,11/23/2023,1315.0,1356.0,1315.0,1355.0,3.91,2100.0,969.0,741.5
LICN,11/26/2023,1356.0,1400.0,1350.0,1387.0,2.36,2747.0,969.0,741.5
LICN,11/27/2023,1414.0,1414.7,1387.0,1387.0,0.0,1267.0,969.0,741.5
LICN,11/28/2023,1370.0,1415.0,1365.1,1410.0,1.66,1319.0,969.0,741.5
LICN,11/29/2023,1410.0,1420.0,1397.0,1420.0,0.71,3035.0,969.0,741.5
LICN,11/30/2023,1392.0,1405.0,1363.8,1405.0,-1.06,1949.0,969.0,741.5
LICN,12/3/2023,1382.0,1388.0,1361.1,1387.9,-1.22,935.0,969.0,741.5
LICN,12/4/2023,1363.0,1400.0,1363.0,1388.0,0.01,3999.0,969.0,741.5
LICN,12/5/2023,1388.0,1405.0,1386.0,1399.9,0.86,1685.0,969.0,741.5
LICN,12/6/2023,1395.0,1400.0,1388.0,1400.0,0.01,1248.0,969.0,741.5
LICN,12/7/2023,1399.0,1405.0,1376.0,1395.0,-0.36,1497.0,969.0,741.5
LICN,12/10/2023,1400.0,1480.0,1395.0,1480.0,6.09,3102.0,969.0,741.5
LICN,12/11/2023,1509.6,1509.6,1429.9,1450.0,-2.03,6041.0,969.0,741.5
LICN,12/12/2023,1460.0,1470.0,1436.9,1470.0,1.38,4623.0,969.0,741.5
LICN,12/13/2023,1470.0,1477.0,1441.0,1445.5,-1.67,3032.0,969.0,741.5
LICN,12/14/2023,1445.5,1447.9,1425.1,1440.0,-0.38,4578.0,969.0,741.5
LICN,12/17/2023,1426.0,1494.0,1400.0,1478.5,2.67,4404.0,969.0,741.5
LICN,12/18/2023,1506.9,1506.9,1451.0,1478.0,-0.03,6153.0,969.0,741.5
LICN,12/19/2023,1485.0,1489.0,1451.0,1480.9,0.2,4601.0,969.0,741.5
LICN,12/20/2023,1510.0,1560.0,1498.2,1509.0,1.9,9856.0,969.0,741.5
LICN,12/21/2023,1486.2,1495.0,1464.2,1483.0,-1.72,1438.0,969.0,741.5
LICN,12/24/2023,1456.0,1572.8,1451.0,1495.0,0.81,13745.0,969.0,741.5
LICN,12/27/2023,1490.0,1510.0,1475.0,1475.0,-1.34,7370.0,969.0,741.5
LICN,12/28/2023,1462.0,1477.0,1450.0,1450.0,-1.69,9900.0,969.0,741.5
LICN,1/1/2024,1479.0,1485.0,1432.2,1435.0,-1.03,3837.0,969.0,741.5
LICN,1/2/2024,1417.1,1428.0,1372.0,1427.0,-0.56,5124.0,969.0,741.5
LICN,1/3/2024,1454.0,1454.0,1390.0,1428.0,0.07,3006.0,969.0,741.5
LICN,1/4/2024,1456.5,1456.5,1381.2,1400.0,-1.96,4717.0,969.0,741.5
LICN,1/7/2024,1400.0,1400.0,1387.0,1399.0,-0.07,4148.0,969.0,741.5
LICN,1/8/2024,1391.0,1424.9,1391.0,1420.0,1.5,3867.0,969.0,741.5
LICN,1/9/2024,1420.1,1440.0,1415.0,1415.0,-0.35,6273.0,969.0,741.5
LICN,1/10/2024,1440.0,1445.0,1395.0,1415.0,0.0,2219.0,969.0,741.5
LICN,1/11/2024,1439.0,1439.0,1391.6,1391.6,-1.65,2414.0,969.0,741.5
LICN,1/14/2024,1392.0,1440.0,1392.0,1425.0,2.4,3901.0,969.0,741.5
LICN,1/16/2024,1425.0,1442.0,1409.0,1440.0,1.05,4189.0,969.0,741.5
LICN,1/17/2024,1445.0,1465.0,1411.2,1421.0,-1.32,6869.0,969.0,741.5
LICN,1/18/2024,1412.1,1430.0,1410.0,1424.0,0.21,886.0,969.0,741.5
LICN,1/21/2024,1426.0,1426.0,1403.0,1414.0,-0.7,4082.0,969.0,741.5
LICN,1/22/2024,1415.0,1415.0,1393.0,1393.8,-1.43,4115.0,969.0,741.5
LICN,1/23/2024,1395.0,1399.0,1390.0,1390.0,-0.27,3242.0,969.0,741.5
LICN,1/24/2024,1387.2,1397.0,1387.2,1391.0,0.07,1607.0,969.0,741.5
LICN,1/25/2024,1400.0,1414.0,1388.6,1389.1,-0.14,2418.0,969.0,741.5
LICN,1/28/2024,1416.8,1416.8,1392.0,1402.0,0.93,2426.0,969.0,741.5
LICN,1/29/2024,1405.0,1425.0,1400.0,1409.0,0.5,3088.0,969.0,741.5
LICN,1/30/2024,1414.0,1414.0,1400.1,1401.3,-0.55,3084.0,969.0,741.5
LICN,1/31/2024,1401.0,1414.0,1396.3,1403.5,0.16,3705.0,969.0,741.5
LICN,2/1/2024,1400.0,1400.0,1382.0,1382.0,-1.53,3045.0,969.0,741.5
LICN,2/4/2024,1382.0,1405.0,1379.0,1385.0,0.22,867.0,969.0,741.5
LICN,2/5/2024,1388.0,1397.0,1378.0,1397.0,0.87,610.0,969.0,741.5
LICN,2/6/2024,1413.0,1413.0,1390.0,1390.0,-0.5,1211.0,969.0,741.5
LICN,2/7/2024,1417.8,1499.0,1387.0,1398.5,0.61,1139.0,969.0,741.5
LICN,2/8/2024,1407.0,1407.0,1386.0,1390.0,-0.61,1503.0,969.0,741.5
LICN,2/11/2024,1390.0,1398.0,1390.0,1390.0,0.0,2879.0,969.0,741.5
LICN,2/12/2024,1387.0,1395.0,1379.0,1390.0,0.0,4375.0,969.0,741.5
LICN,2/13/2024,1400.0,1400.0,1370.0,1387.9,-0.15,2509.0,969.0,741.5
LICN,2/14/2024,1388.0,1389.0,1367.0,1370.0,-1.29,1090.0,969.0,741.5
LICN,2/15/2024,1363.1,1374.9,1360.0,1363.0,-0.51,3416.0,969.0,741.5
LICN,2/18/2024,1353.0,1360.0,1323.0,1344.0,-1.39,5630.0,969.0,741.5
LICN,2/20/2024,1359.0,1360.0,1318.0,1320.1,-1.78,4436.0,969.0,741.5
LICN,2/21/2024,1315.2,1346.5,1315.2,1338.0,1.36,1059.0,969.0,741.5
LICN,2/22/2024,1348.0,1353.9,1316.1,1337.5,-0.04,2385.0,969.0,741.5
LICN,2/25/2024,1313.0,1330.0,1312.2,1330.0,-0.56,1412.0,969.0,741.5
LICN,2/26/2024,1330.0,1330.0,1305.1,1326.9,-0.23,2503.0,969.0,741.5
LICN,2/27/2024,1325.0,1343.0,1325.0,1335.0,0.61,354.0,969.0,741.5
LICN,2/28/2024,1320.0,1354.5,1302.1,1327.7,-0.55,2877.0,969.0,741.5
LICN,2/29/2024,1349.0,1349.0,1315.0,1315.0,-0.96,1749.0,969.0,741.5
LICN,3/3/2024,1303.0,1305.0,1291.0,1300.0,-1.14,3264.0,969.0,741.5
LICN,3/4/2024,1326.0,1352.5,1326.0,1352.5,4.04,210.0,969.0,741.5
LICN,3/5/2024,1379.5,1380.0,1323.0,1340.0,-0.92,2332.0,969.0,741.5
LICN,3/6/2024,1315.0,1345.0,1315.0,1339.0,-0.07,1268.0,969.0,741.5
LICN,3/7/2024,1349.0,1365.0,1324.0,1325.1,-1.04,1144.0,969.0,741.5
LICN,3/10/2024,1350.0,1434.0,1328.0,1370.0,3.39,1903.0,969.0,741.5
LICN,3/12/2024,1397.0,1415.3,1367.0,1415.0,3.28,7888.0,969.0,741.5
LICN,3/13/2024,1440.0,1440.0,1400.0,1437.0,1.55,2937.0,969.0,741.5
LICN,3/14/2024,1411.0,1411.1,1362.0,1362.3,-5.2,3369.0,969.0,741.5
LICN,3/17/2024,1385.0,1388.0,1348.0,1364.0,0.12,1518.0,969.0,741.5
LICN,3/18/2024,1383.0,1390.0,1367.0,1376.0,0.88,463.0,969.0,741.5
LICN,3/19/2024,1399.9,1399.9,1370.0,1370.0,-0.44,1048.0,969.0,741.5
LICN,3/20/2024,1375.0,1390.0,1355.0,1355.0,-1.09,2141.0,969.0,741.5
LICN,3/21/2024,1382.1,1382.1,1350.0,1356.2,0.09,1003.0,969.0,741.5
LICN,3/25/2024,1373.0,1373.0,1345.6,1357.5,0.1,783.0,969.0,741.5
LICN,3/26/2024,1380.0,1380.0,1337.0,1350.0,-0.55,957.0,969.0,741.5
LICN,3/27/2024,1360.0,1360.0,1335.0,1337.0,-0.96,1804.0,969.0,741.5
LICN,3/28/2024,1324.3,1360.0,1323.5,1356.0,1.42,1309.0,969.0,741.5
LICN,3/31/2024,1379.8,1379.8,1330.1,1348.0,-0.59,897.0,969.0,741.5
LICN,4/1/2024,1333.1,1359.0,1333.1,1335.0,-0.96,541.0,969.0,741.5
LICN,4/2/2024,1351.0,1351.0,1335.0,1341.0,0.45,1332.0,969.0,741.5
LICN,4/3/2024,1341.0,1354.5,1340.0,1340.0,-0.07,3901.0,969.0,741.5
LICN,4/4/2024,1340.0,1350.1,1340.0,1350.0,0.75,1616.0,969.0,741.5
LICN,4/7/2024,1350.0,1359.0,1340.0,1340.1,-0.73,1515.0,969.0,741.5
LICN,4/9/2024,1365.0,1447.0,1358.0,1369.0,2.16,5097.0,969.0,741.5
LICN,4/10/2024,1365.1,1370.0,1350.0,1352.0,-1.24,1372.0,969.0,741.5
LICN,4/14/2024,1352.0,1355.0,1337.0,1353.0,0.07,1133.0,969.0,741.5
LICN,4/15/2024,1353.0,1353.0,1330.0,1349.0,-0.3,827.0,969.0,741.5
LICN,4/16/2024,1340.0,1340.0,1323.0,1323.2,-1.91,670.0,969.0,741.5
LICN,4/18/2024,1310.0,1330.0,1310.0,1327.0,0.29,533.0,969.0,741.5
LICN,4/21/2024,1308.0,1361.0,1308.0,1325.0,-0.15,1940.0,969.0,741.5
LICN,4/22/2024,1349.0,1349.0,1316.2,1333.0,0.6,1398.0,969.0,741.5
LICN,4/24/2024,1340.0,1340.0,1312.0,1315.2,-1.34,1860.0,969.0,741.5
LICN,4/25/2024,1306.0,1339.0,1306.0,1320.0,0.36,702.0,969.0,741.5
LICN,4/28/2024,1320.0,1335.0,1306.0,1335.0,1.14,2629.0,969.0,741.5
LICN,4/29/2024,1312.3,1325.0,1312.2,1315.0,-1.5,1064.0,969.0,741.5
LICN,4/30/2024,1305.0,1325.0,1305.0,1318.9,0.3,2838.0,969.0,741.5
LICN,5/2/2024,1325.0,1336.0,1285.0,1315.0,-0.3,6616.0,969.0,741.5
LICN,5/5/2024,1315.0,1328.5,1254.4,1257.0,-4.41,11952.0,969.0,741.5
LICN,5/6/2024,1260.0,1272.0,1245.0,1265.0,0.64,5186.0,969.0,741.5
LICN,5/7/2024,1284.0,1284.0,1262.0,1265.0,0.0,510.0,969.0,741.5
LICN,5/8/2024,1240.1,1285.0,1239.7,1260.0,-0.4,1652.0,969.0,741.5
LICN,5/9/2024,1275.0,1284.0,1250.0,1250.0,-0.79,3045.0,969.0,741.5
LICN,5/12/2024,1274.0,1289.0,1255.0,1265.0,1.2,2096.0,969.0,741.5
LICN,5/13/2024,1290.0,1290.0,1268.0,1281.0,1.26,5030.0,969.0,741.5
LICN,5/14/2024,1262.0,1300.0,1262.0,1299.0,1.41,2294.0,969.0,741.5
LICN,5/15/2024,1299.0,1335.0,1295.0,1312.9,1.07,4047.0,969.0,741.5
LICN,5/16/2024,1312.0,1320.0,1287.1,1315.0,0.16,2749.0,969.0,741.5
LICN,5/19/2024,1341.3,1363.0,1310.0,1361.0,3.5,7543.0,969.0,741.5
LICN,5/20/2024,1364.0,1387.0,1355.0,1372.0,0.81,7161.0,969.0,741.5
LICN,5/21/2024,1345.0,1371.0,1342.0,1371.0,-0.07,4183.0,969.0,741.5
LICN,5/22/2024,1351.1,1383.3,1351.1,1374.5,0.26,3873.0,969.0,741.5
LICN,5/26/2024,1380.0,1381.0,1368.0,1369.1,-0.39,3174.0,969.0,741.5
LICN,5/27/2024,1375.0,1385.0,1369.0,1385.0,1.16,3175.0,969.0,741.5
LICN,5/29/2024,1412.7,1412.7,1351.0,1384.9,-0.01,7394.0,969.0,741.5
LICN,5/30/2024,1361.0,1368.0,1351.0,1364.0,-1.51,3544.0,969.0,741.5
LICN,6/2/2024,1364.0,1375.0,1355.0,1374.6,0.78,4730.0,969.0,741.5
LICN,6/3/2024,1374.0,1379.0,1358.0,1373.0,-0.12,6392.0,969.0,741.5
LICN,6/4/2024,1351.2,1383.9,1351.2,1376.8,0.28,1672.0,969.0,741.5
LICN,6/5/2024,1375.0,1430.0,1373.0,1373.0,-0.28,3985.0,969.0,741.5
LICN,6/6/2024,1399.7,1399.8,1352.4,1379.0,0.44,2281.0,969.0,741.5
LICN,6/9/2024,1379.0,1379.0,1340.0,1360.0,-1.38,2858.0,969.0,741.5
LICN,6/10/2024,1340.1,1379.0,1333.0,1341.0,-1.4,1308.0,969.0,741.5
LICN,6/11/2024,1340.0,1394.0,1340.0,1375.0,2.54,993.0,969.0,741.5
LICN,6/12/2024,1375.0,1410.0,1362.2,1371.9,-0.23,3305.0,969.0,741.5
LICN,6/13/2024,1371.0,1387.0,1348.3,1369.9,-0.15,5508.0,969.0,741.5
LICN,6/16/2024,1350.2,1368.0,1350.2,1360.0,-0.72,1740.0,969.0,741.5
LICN,6/18/2024,1360.0,1370.0,1348.0,1354.0,-0.44,2312.0,969.0,741.5
LICN,6/19/2024,1343.0,1407.0,1340.2,1382.0,2.07,2076.0,969.0,741.5
LICN,6/20/2024,1355.1,1380.9,1333.1,1365.0,-1.23,1253.0,969.0,741.5
LICN,6/23/2024,1360.0,1360.0,1323.0,1344.0,-1.54,3591.0,969.0,741.5
LICN,6/24/2024,1370.2,1370.7,1322.1,1346.9,0.22,4316.0,969.0,741.5
LICN,6/25/2024,1347.0,1380.0,1347.0,1377.0,2.23,8409.0,969.0,741.5
LICN,6/26/2024,1392.9,1392.9,1360.0,1374.0,-0.22,2326.0,969.0,741.5
LICN,6/27/2024,1355.2,1356.0,1335.0,1354.0,-1.46,2058.0,969.0,741.5
LICN,6/30/2024,1333.0,1344.0,1329.0,1341.0,-0.96,3092.0,969.0,741.5
LICN,7/1/2024,1329.0,1349.0,1329.0,1338.0,-0.22,1664.0,969.0,741.5
LICN,7/2/2024,1364.7,1448.0,1343.0,1362.5,1.83,4241.0,969.0,741.5
LICN,7/3/2024,1375.0,1400.0,1326.1,1356.0,-0.48,3665.0,969.0,741.5
LICN,7/4/2024,1369.0,1369.0,1350.0,1365.0,0.66,5273.0,969.0,741.5
LICN,7/7/2024,1370.0,1393.0,1370.0,1385.1,1.47,6627.0,969.0,741.5
LICN,7/8/2024,1409.9,1409.9,1385.0,1395.9,0.78,4882.0,969.0,741.5
LICN,7/9/2024,1390.0,1400.0,1375.1,1380.0,-1.14,4914.0,969.0,741.5
LICN,7/10/2024,1380.0,1389.0,1372.0,1389.0,0.65,3595.0,969.0,741.5
LICN,7/11/2024,1389.0,1433.0,1387.9,1427.9,2.8,12418.0,969.0,741.5
LICN,7/14/2024,1456.4,1515.0,1431.0,1457.0,2.04,8816.0,969.0,741.5
LICN,7/15/2024,1483.8,1510.0,1425.1,1438.0,-1.3,10643.0,969.0,741.5
LICN,7/16/2024,1438.0,1470.0,1438.0,1469.0,2.16,4597.0,969.0,741.5
LICN,7/17/2024,1498.3,1500.0,1475.1,1490.0,1.43,13347.0,969.0,741.5
LICN,7/18/2024,1500.0,1535.0,1500.0,1510.2,1.36,27881.0,969.0,741.5
LICN,7/21/2024,1500.0,1543.9,1500.0,1515.0,0.32,14864.0,969.0,741.5
LICN,7/22/2024,1540.0,1545.3,1492.0,1517.0,0.13,9700.0,969.0,741.5
LICN,7/23/2024,1518.0,1600.0,1501.0,1590.0,4.81,20472.0,969.0,741.5
LICN,7/24/2024,1592.0,1635.0,1548.0,1585.0,-0.31,33124.0,969.0,741.5
LICN,7/25/2024,1570.0,1599.0,1560.1,1595.0,0.63,13145.0,969.0,741.5
LICN,7/28/2024,1563.1,1721.7,1563.1,1687.0,5.77,28814.0,969.0,741.5
LICN,7/29/2024,1720.0,1720.0,1640.0,1640.0,-2.79,19841.0,969.0,741.5
LICN,7/30/2024,1630.0,1702.0,1630.0,1700.0,3.66,23602.0,969.0,741.5
LICN,7/31/2024,1733.9,1733.9,1700.0,1701.0,0.06,21538.0,969.0,741.5
LICN,8/1/2024,1699.0,1805.0,1667.0,1742.0,2.41,36426.0,969.0,741.5
LICN,8/5/2024,1742.0,1780.0,1710.4,1775.0,1.89,18920.0,969.0,741.5
LICN,8/6/2024,1810.5,1846.0,1625.4,1655.0,-6.76,30029.0,969.0,741.5
LICN,8/7/2024,1655.0,1734.0,1633.1,1700.0,2.72,19415.0,969.0,741.5
LICN,8/8/2024,1700.0,1733.9,1666.0,1700.0,0.0,15678.0,969.0,741.5
LICN,8/11/2024,1722.0,1860.0,1701.0,1860.0,9.41,49221.0,969.0,741.5
LICN,8/12/2024,1891.0,1917.6,1825.1,1902.0,2.26,37481.0,969.0,741.5
LICN,8/13/2024,1911.2,2092.2,1911.2,2000.0,5.15,53063.0,969.0,741.5
LICN,8/14/2024,1980.0,2033.0,1980.0,2008.1,0.4,35727.0,969.0,741.5
LICN,8/15/2024,2020.0,2101.0,1983.0,2065.0,2.83,67903.0,969.0,741.5
LICN,8/18/2024,2106.3,2271.5,2080.0,2271.5,10.0,123864.0,969.0,741.5
LICN,8/21/2024,2316.9,2448.0,2271.0,2351.0,3.5,67779.0,969.0,741.5
LICN,8/22/2024,2398.0,2450.0,2331.0,2437.0,3.66,65701.0,969.0,741.5
LICN,8/25/2024,2415.0,2447.9,2350.0,2419.0,-0.74,73524.0,969.0,741.5
LICN,8/27/2024,2425.0,2465.0,2370.0,2444.0,1.03,82065.0,969.0,741.5
LICN,8/28/2024,2444.0,2475.0,2370.0,2390.0,-2.21,60661.0,969.0,741.5
LICN,8/29/2024,2430.0,2430.0,2305.0,2314.0,-3.18,51417.0,969.0,741.5
LICN,9/1/2024,2301.2,2320.0,2240.2,2249.9,-2.77,45069.0,969.0,741.5
LICN,9/2/2024,2289.0,2350.0,2230.0,2298.9,2.18,48700.0,969.0,741.5
LICN,9/3/2024,2340.0,2385.0,2304.0,2369.9,3.09,59199.0,969.0,741.5
LICN,9/4/2024,2417.0,2417.0,2274.1,2326.0,-1.85,27020.0,969.0,741.5
LICN,9/5/2024,2320.0,2326.0,2263.1,2270.0,-2.41,18831.0,969.0,741.5
LICN,9/8/2024,2250.5,2280.0,2220.0,2235.0,-1.54,16573.0,969.0,741.5
LICN,9/9/2024,2222.1,2222.1,2177.2,2177.2,-2.59,18623.0,969.0,741.5
LICN,9/10/2024,2220.0,2225.0,2141.0,2175.0,-0.1,14307.0,969.0,741.5
LICN,9/11/2024,2171.1,2185.0,2070.4,2070.4,-4.81,17358.0,969.0,741.5
LICN,9/12/2024,2109.0,2200.0,2055.1,2189.9,5.77,16729.0,969.0,741.5
LICN,9/15/2024,2200.0,2200.0,2099.0,2099.0,-4.15,13264.0,969.0,741.5
LICN,9/16/2024,2139.0,2139.0,2001.0,2019.0,-3.81,11317.0,969.0,741.5
LICN,9/18/2024,2019.0,2130.0,2001.0,2057.0,1.88,13428.0,969.0,741.5
LICN,9/22/2024,2098.1,2098.1,2050.0,2055.0,-0.1,7247.0,969.0,741.5
LICN,9/23/2024,2056.0,2056.0,2014.0,2025.0,-1.46,12074.0,969.0,741.5
LICN,9/24/2024,1990.0,2100.0,1985.0,2020.0,-0.25,29901.0,969.0,741.5
LICN,9/25/2024,2012.0,2100.0,2004.0,2080.0,2.97,12033.0,969.0,741.5
LICN,9/26/2024,2100.0,2140.0,2051.0,2060.0,-0.96,10554.0,969.0,741.5
LICN,9/29/2024,2021.0,2155.0,1985.0,2099.0,1.89,18788.0,969.0,741.5
LICN,9/30/2024,2140.9,2150.0,2065.0,2100.0,0.05,12471.0,969.0,741.5
LICN,10/1/2024,2142.0,2288.0,2100.0,2165.0,3.1,22904.0,969.0,741.5
LICN,10/2/2024,2189.0,2189.0,2085.1,2099.0,-3.05,13470.0,969.0,741.5
LICN,10/6/2024,2140.0,2140.0,2068.7,2101.0,0.1,9792.0,969.0,741.5
LICN,10/7/2024,2110.0,2140.0,2090.0,2100.0,-0.05,8723.0,969.0,741.5
LICN,10/8/2024,2106.0,2106.0,2075.0,2099.0,-0.05,8504.0,969.0,741.5
LICN,10/9/2024,2080.0,2100.0,2072.0,2099.0,0.0,4439.0,969.0,741.5
LICN,10/15/2024,2119.9,2132.0,2098.0,2101.0,0.1,3612.0,969.0,741.5
LICN,10/16/2024,2141.0,2159.0,2106.1,2115.1,0.67,23383.0,969.0,741.5
LICN,10/17/2024,2157.4,2157.4,2116.0,2120.0,0.23,19754.0,969.0,741.5
LICN,10/20/2024,2130.0,2140.0,2069.1,2079.0,-1.93,32524.0,969.0,741.5
LICN,10/21/2024,2120.0,2120.0,2030.0,2043.0,-1.73,18333.0,969.0,741.5
LICN,10/22/2024,2038.0,2075.6,1995.0,2023.0,-0.98,27244.0,969.0,741.5
LICN,10/23/2024,2030.0,2045.0,1995.0,1995.9,-1.34,41710.0,969.0,741.5
LICN,10/24/2024,2000.0,2028.0,1970.0,1988.0,-0.4,82638.0,969.0,741.5
LICN,10/27/2024,1123.8,1212.0,1123.8,1212.0,-39.03,15198.0,969.0,741.5
LICN,10/28/2024,1236.2,1333.2,1236.2,1270.0,4.79,153977.0,969.0,741.5
LICN,10/29/2024,1295.4,1397.0,1230.9,1250.0,-1.57,50936.0,969.0,741.5
LICN,10/30/2024,1225.0,1250.0,1190.0,1190.0,-4.8,28075.0,969.0,741.5
LICN,11/5/2024,1213.8,1262.0,1195.0,1200.0,0.84,7566.0,969.0,741.5
LICN,11/6/2024,1224.0,1224.0,1176.0,1182.0,-1.5,14979.0,969.0,741.5
LICN,11/10/2024,1205.6,1205.6,1170.2,1185.0,0.25,16347.0,969.0,741.5
LICN,11/11/2024,1200.0,1229.0,1190.0,1220.0,2.95,29460.0,969.0,741.5
LICN,11/12/2024,1220.0,1258.0,1220.0,1233.0,1.07,18486.0,969.0,741.5
LICN,11/13/2024,1235.0,1235.0,1205.0,1221.0,-0.97,6894.0,969.0,741.5
LICN,11/14/2024,1221.0,1235.0,1202.0,1220.0,-0.08,16520.0,969.0,741.5
LICN,11/17/2024,1229.9,1238.0,1220.0,1220.0,0.0,19854.0,969.0,741.5
LICN,11/19/2024,1240.0,1244.4,1202.0,1202.0,-1.48,14734.0,969.0,741.5
LICN,11/20/2024,1203.0,1214.0,1200.0,1211.9,0.82,7727.0,969.0,741.5
LICN,11/21/2024,1212.5,1212.5,1185.0,1195.0,-1.39,13663.0,969.0,741.5
LICN,11/24/2024,1218.9,1218.9,1178.1,1180.0,-1.26,8457.0,969.0,741.5
LICN,11/25/2024,1203.0,1251.0,1170.0,1171.0,-0.76,4773.0,969.0,741.5
LICN,11/26/2024,1194.4,1218.0,1171.0,1180.0,0.77,21805.0,969.0,741.5
LICN,11/27/2024,1182.0,1295.0,1180.0,1295.0,9.75,22920.0,969.0,741.5
LICN,11/28/2024,1269.1,1417.0,1225.0,1400.0,8.11,50646.0,969.0,741.5
LICN,12/1/2024,1372.0,1540.0,1260.0,1335.0,-4.64,126237.0,969.0,741.5
LICN,12/2/2024,1310.0,1468.0,1310.0,1460.0,9.36,50138.0,969.0,741.5
LICN,12/3/2024,1430.8,1606.0,1347.5,1600.0,9.59,107455.0,969.0,741.5
LICN,12/4/2024,1568.0,1568.0,1440.0,1440.0,-10.0,65845.0,969.0,741.5
LICN,12/5/2024,1411.2,1555.0,1296.0,1555.0,7.99,153525.0,969.0,741.5
LICN,12/8/2024,1550.0,1550.0,1399.5,1399.5,-10.0,12996.0,969.0,741.5
LICN,12/9/2024,1371.6,1371.6,1272.2,1298.1,-7.25,79897.0,969.0,741.5
LICN,12/10/2024,1273.0,1287.0,1250.0,1251.5,-3.59,57218.0,969.0,741.5
LICN,12/11/2024,1276.0,1276.0,1240.0,1263.0,0.92,19371.0,969.0,741.5
LICN,12/12/2024,1255.0,1279.0,1229.0,1229.0,-2.69,20092.0,969.0,741.5
LICN,12/16/2024,1245.0,1245.0,1167.0,1180.0,-3.99,34418.0,969.0,741.5
LICN,12/17/2024,1203.0,1213.8,1183.0,1198.6,1.58,10791.0,969.0,741.5
LICN,12/18/2024,1200.0,1211.8,1168.0,1179.0,-1.64,17055.0,969.0,741.5
LICN,12/19/2024,1180.0,1188.0,1158.1,1166.0,-1.1,13193.0,969.0,741.5
LICN,12/22/2024,1189.0,1189.0,1143.1,1150.0,-1.37,9730.0,969.0,741.5
LICN,12/23/2024,1150.0,1172.0,1145.0,1162.0,1.04,6973.0,969.0,741.5
LICN,12/24/2024,1183.5,1190.0,1145.0,1150.0,-1.03,17750.0,969.0,741.5
LICN,12/26/2024,1150.0,1155.0,1135.0,1147.0,-0.26,13199.0,969.0,741.5
LICN,12/29/2024,1136.0,1160.0,1130.0,1145.0,-0.17,9771.0,969.0,741.5
LICN,12/31/2024,1135.0,1149.9,1125.0,1127.3,-1.55,9544.0,969.0,741.5
LICN,1/1/2025,1149.8,1149.8,1122.0,1124.0,-0.29,7062.0,969.0,741.5
LICN,1/2/2025,1125.0,1136.0,1122.0,1122.0,-0.18,7352.0,969.0,741.5
LICN,1/5/2025,1143.7,1143.7,1118.0,1118.0,-0.36,11216.0,969.0,741.5
LICN,1/6/2025,1110.0,1140.0,1110.0,1134.0,1.43,7953.0,969.0,741.5
LICN,1/7/2025,1156.4,1156.4,1122.0,1128.0,-0.53,11725.0,969.0,741.5
LICN,1/8/2025,1105.7,1148.0,1105.7,1120.0,-0.71,12416.0,969.0,741.5
LICN,1/9/2025,1120.0,1134.9,1110.0,1118.0,-0.18,11444.0,969.0,741.5
LICN,1/12/2025,1120.0,1129.0,1110.0,1115.0,-0.27,4914.0,969.0,741.5
LICN,1/13/2025,1115.0,1118.0,1108.3,1110.0,-0.45,6304.0,969.0,741.5
LICN,1/15/2025,1115.0,1120.0,1102.0,1107.1,-0.26,5602.0,969.0,741.5
LICN,1/16/2025,1115.0,1120.0,1080.0,1093.9,-1.19,14587.0,969.0,741.5
LICN,1/19/2025,1090.0,1097.0,1085.0,1090.0,-0.36,5044.0,969.0,741.5
LICN,1/20/2025,1096.0,1112.0,1080.0,1080.0,-0.92,8279.0,969.0,741.5
LICN,1/21/2025,1085.0,1090.0,1080.1,1080.1,0.01,6628.0,969.0,741.5
LICN,1/22/2025,1085.0,1104.6,1070.0,1099.0,1.75,7438.0,969.0,741.5
LICN,1/23/2025,1099.9,1125.0,1090.0,1090.1,-0.81,12461.0,969.0,741.5
LICN,1/26/2025,1111.0,1111.4,1089.0,1089.0,-0.1,11182.0,969.0,741.5
LICN,1/27/2025,1099.0,1099.0,1079.0,1082.9,-0.56,6423.0,969.0,741.5
LICN,1/28/2025,1073.1,1090.0,1070.0,1077.0,-0.54,11146.0,969.0,741.5
LICN,2/2/2025,1082.0,1110.0,1077.0,1100.0,2.14,13581.0,969.0,741.5
LICN,2/3/2025,1111.0,1145.0,1101.2,1123.0,2.09,23563.0,969.0,741.5
LICN,2/4/2025,1145.4,1145.4,1107.4,1114.0,-0.8,7867.0,969.0,741.5
LICN,2/5/2025,1123.5,1123.5,1103.0,1104.0,-0.9,6166.0,969.0,741.5
LICN,2/6/2025,1117.7,1134.9,1107.0,1110.0,0.54,9866.0,969.0,741.5
LICN,2/9/2025,1132.0,1132.0,1101.6,1106.0,-0.36,9831.0,969.0,741.5
LICN,2/10/2025,1106.0,1115.8,1103.3,1111.0,0.45,9293.0,969.0,741.5
LICN,2/11/2025,1111.0,1130.0,1105.0,1112.1,0.1,15548.0,969.0,741.5
LICN,2/12/2025,1122.0,1144.0,1119.2,1127.7,1.4,18887.0,969.0,741.5
LICN,2/13/2025,1126.0,1135.0,1115.0,1115.1,-1.12,5283.0,969.0,741.5
LICN,2/16/2025,1129.1,1129.1,1097.0,1097.0,-1.62,22512.0,969.0,741.5
LICN,2/17/2025,1110.9,1110.9,1080.6,1090.0,-0.64,28063.0,969.0,741.5
LICN,2/18/2025,1110.9,1188.0,1107.0,1170.0,7.34,58676.0,969.0,741.5
LICN,2/20/2025,1175.0,1269.9,1175.0,1236.0,5.64,77297.0,969.0,741.5
LICN,2/23/2025,1220.0,1351.5,1188.1,1290.0,4.37,122862.0,969.0,741.5
LICN,2/24/2025,1315.8,1325.0,1270.1,1278.2,-0.91,71558.0,969.0,741.5
LICN,2/25/2025,1302.9,1373.9,1286.0,1320.0,3.27,155688.0,969.0,741.5
LICN,2/27/2025,1346.0,1347.0,1305.0,1321.0,0.08,75082.0,969.0,741.5
LICN,3/2/2025,1323.0,1415.0,1301.0,1340.0,1.44,92892.0,969.0,741.5
LICN,3/3/2025,1366.0,1366.0,1301.0,1310.0,-2.24,57893.0,969.0,741.5
LICN,3/4/2025,1314.1,1320.0,1280.3,1280.5,-2.25,49724.0,969.0,741.5
LICN,3/5/2025,1306.0,1306.0,1250.0,1260.0,-1.6,44585.0,969.0,741.5
LICN,3/6/2025,1240.0,1240.0,1175.0,1180.0,-6.35,183312.0,969.0,741.5
LICN,3/9/2025,1156.4,1178.0,1111.0,1115.0,-5.51,120543.0,969.0,741.5
LICN,3/10/2025,1115.0,1137.1,1082.2,1109.9,-0.46,68567.0,969.0,741.5
LICN,3/11/2025,1132.0,1132.0,1089.0,1089.0,-1.88,37761.0,969.0,741.5
LICN,3/12/2025,1105.0,1108.8,1091.2,1102.1,1.2,27809.0,969.0,741.5
LICN,3/16/2025,1115.0,1115.0,1090.0,1091.0,-1.01,17673.0,969.0,741.5
LICN,3/17/2025,1069.2,1079.9,1048.0,1065.0,-2.38,98870.0,969.0,741.5
LICN,3/18/2025,1065.0,1065.0,1021.0,1034.0,-2.91,160855.0,969.0,741.5
LICN,3/19/2025,1040.0,1040.0,982.0,998.0,-3.48,129969.0,969.0,741.5
LICN,3/20/2025,1008.0,1017.0,978.1,1012.26,1.43,51051.0,969.0,741.5
LICN,3/23/2025,1009.9,1009.9,985.0,985.8,-2.61,47502.0,969.0,741.5
LICN,3/24/2025,986.0,1004.8,975.0,997.79,1.22,36599.0,969.0,741.5
LICN,3/25/2025,1000.0,1000.0,980.0,984.13,-1.37,26128.0,969.0,741.5
LICN,3/26/2025,985.0,1020.0,985.0,1013.31,2.97,33732.0,969.0,741.5
LICN,3/27/2025,1013.0,1029.0,1001.2,1027.1,1.36,36640.0,969.0,741.5
LICN,3/30/2025,1027.1,1052.0,1020.0,1028.7,0.16,39739.0,969.0,741.5
LICN,4/1/2025,1030.0,1032.0,1010.0,1013.19,-1.51,22340.0,969.0,741.5
LICN,4/2/2025,1033.4,1033.4,1011.0,1014.12,0.09,18614.0,969.0,741.5
LICN,4/3/2025,1030.0,1030.0,1000.0,1004.36,-0.96,33459.0,969.0,741.5
LICN,4/7/2025,1015.0,1015.0,995.0,995.21,-0.91,26353.0,969.0,741.5
LICN,4/8/2025,1000.0,1001.0,985.1,990.84,-0.44,23606.0,969.0,741.5
LICN,4/9/2025,1010.0,1010.0,985.0,985.6,-0.53,28007.0,969.0,741.5
LICN,4/10/2025,985.7,997.0,983.0,984.99,-0.06,25861.0,969.0,741.5
LICN,4/13/2025,985.0,995.0,966.0,973.22,-1.19,58187.0,969.0,741.5
LICN,4/15/2025,990.0,992.0,975.0,978.82,0.58,30441.0,969.0,741.5
LICN,4/16/2025,975.3,985.0,964.0,965.92,-1.32,46716.0,969.0,741.5
LICN,4/17/2025,970.0,979.0,965.0,967.08,0.12,30981.0,969.0,741.5
LICN,4/20/2025,970.0,982.0,964.0,967.31,0.02,21272.0,969.0,741.5
LICN,4/21/2025,967.1,972.0,960.0,962.88,-0.46,24608.0,969.0,741.5
LICN,4/22/2025,972.0,972.0,958.0,962.63,-0.03,16156.0,969.0,741.5
LICN,4/23/2025,961.2,971.0,952.0,954.3,-0.87,27510.0,969.0,741.5
LICN,4/24/2025,973.2,973.2,947.0,948.38,-0.62,18458.0,969.0,741.5
LICN,4/27/2025,951.0,951.0,931.0,938.3,-1.06,32378.0,969.0,741.5
LICN,4/28/2025,930.0,941.1,930.0,932.57,-0.61,22360.0,969.0,741.5
LICN,4/29/2025,935.2,940.0,925.0,931.67,-0.1,35698.0,969.0,741.5
LICN,4/30/2025,932.0,940.0,914.0,933.38,0.18,37305.0,969.0,741.5
LICN,5/4/2025,925.1,936.0,918.0,921.72,-1.25,20031.0,969.0,741.5
LICN,5/5/2025,923.0,935.0,906.0,911.19,-1.14,24373.0,969.0,741.5
LICN,5/6/2025,929.0,946.0,905.6,912.93,0.19,13377.0,969.0,741.5
LICN,5/7/2025,929.1,929.1,910.6,923.81,1.19,21832.0,969.0,741.5
LICN,5/8/2025,937.0,938.0,919.0,920.91,-0.31,22355.0,969.0,741.5
LICN,5/11/2025,937.0,941.0,921.0,938.68,1.93,22736.0,969.0,741.5
LICN,5/13/2025,939.0,998.0,939.0,973.5,3.71,65325.0,969.0,741.5
LICN,5/14/2025,975.0,992.8,962.0,964.41,-0.93,34684.0,969.0,741.5
LICN,5/15/2025,983.6,983.6,940.0,948.89,-1.61,30747.0,969.0,741.5
LICN,5/18/2025,940.0,940.0,911.6,925.34,-2.48,34527.0,969.0,741.5
LICN,5/19/2025,939.9,940.0,915.0,920.5,-0.52,37233.0,969.0,741.5
LICN,5/20/2025,930.0,933.0,900.0,930.47,1.08,24388.0,969.0,741.5
LICN,5/21/2025,949.0,967.0,930.0,931.07,0.06,16998.0,969.0,741.5
LICN,5/22/2025,931.0,949.0,919.0,926.36,-0.51,21330.0,969.0,741.5
LICN,5/25/2025,942.0,942.0,915.1,921.41,-0.53,30394.0,969.0,741.5
LICN,5/26/2025,939.8,939.8,900.7,913.66,-0.84,46877.0,969.0,741.5
LICN,5/27/2025,905.0,914.0,905.0,913.13,-0.06,18296.0,969.0,741.5
LICN,5/28/2025,915.0,920.0,906.0,911.46,-0.18,20850.0,969.0,741.5
LICN,6/2/2025,929.6,930.0,913.0,914.96,0.38,15984.0,969.0,741.5
LICN,6/3/2025,905.0,919.1,905.0,909.77,-0.57,13712.0,969.0,741.5
LICN,6/4/2025,911.0,915.0,905.0,910.78,0.11,15079.0,969.0,741.5
LICN,6/5/2025,907.0,914.0,900.2,902.33,-0.93,25468.0,969.0,741.5
LICN,6/8/2025,902.0,910.0,897.0,898.43,-0.43,20157.0,969.0,741.5
LICN,6/9/2025,899.0,900.0,890.3,892.25,-0.69,20200.0,969.0,741.5
LICN,6/10/2025,892.25,914.9,888.0,905.71,1.51,28007.0,969.0,741.5
LICN,6/11/2025,887.6,914.9,887.6,903.58,-0.24,13022.0,969.0,741.5
LICN,6/12/2025,913.0,913.0,898.1,899.18,-0.49,24945.0,969.0,741.5
LICN,6/15/2025,896.0,900.0,891.0,891.77,-0.82,13907.0,969.0,741.5
LICN,6/16/2025,890.1,900.0,890.1,892.45,0.08,21094.0,969.0,741.5
LICN,6/17/2025,900.0,903.0,891.2,896.65,0.47,14399.0,969.0,741.5
LICN,6/18/2025,891.0,899.1,890.0,890.94,-0.64,15644.0,969.0,741.5
LICN,6/19/2025,900.0,920.0,891.1,907.08,1.81,33870.0,969.0,741.5
LICN,6/22/2025,925.0,925.0,909.0,911.68,0.51,28192.0,969.0,741.5
LICN,6/23/2025,895.0,912.9,895.0,907.22,-0.49,12335.0,969.0,741.5
LICN,6/24/2025,905.0,910.0,902.0,903.11,-0.45,9434.0,969.0,741.5
LICN,6/25/2025,908.0,920.0,900.1,905.3,0.24,8099.0,969.0,741.5
LICN,6/26/2025,923.0,923.0,898.0,900.11,-0.57,17613.0,969.0,741.5
LICN,6/29/2025,900.0,910.0,898.0,908.36,0.92,22816.0,969.0,741.5
LICN,6/30/2025,842.2,859.9,830.0,856.27,-5.73,34470.0,969.0,741.5
LICN,7/1/2025,857.0,879.9,857.0,878.09,2.55,14720.0,969.0,741.5
LICN,7/2/2025,895.6,895.6,881.0,889.53,1.3,23303.0,969.0,741.5
LICN,7/3/2025,896.0,930.0,878.1,916.57,3.04,52532.0,969.0,741.5
LICN,7/6/2025,916.0,928.6,895.0,900.43,-1.76,24588.0,969.0,741.5
LICN,7/7/2025,887.0,899.0,870.0,883.77,-1.85,34997.0,969.0,741.5
LICN,7/8/2025,880.0,890.0,873.1,885.2,0.16,9423.0,969.0,741.5
LICN,7/9/2025,880.0,900.0,880.0,894.18,1.01,11071.0,969.0,741.5
LICN,7/10/2025,899.9,906.0,888.0,889.91,-0.48,19592.0,969.0,741.5
LICN,7/13/2025,907.7,925.0,880.1,884.89,-0.56,26603.0,969.0,741.5
LICN,7/14/2025,901.6,901.6,864.0,866.18,-2.11,35753.0,969.0,741.5
LICN,7/15/2025,883.0,899.2,870.0,882.53,1.89,13616.0,969.0,741.5
LICN,7/16/2025,899.9,899.9,882.1,889.23,0.76,69689.0,969.0,741.5
LICN,7/17/2025,901.0,918.0,899.0,914.46,2.84,33630.0,969.0,741.5
LICN,7/20/2025,918.8,960.0,900.5,927.3,1.4,59736.0,969.0,741.5
LICN,7/21/2025,935.0,945.5,912.0,931.6,0.46,25542.0,969.0,741.5
LICN,7/22/2025,933.0,979.2,931.6,978.97,5.08,89346.0,969.0,741.5
LICN,7/23/2025,988.2,990.0,960.0,971.52,-0.76,58682.0,969.0,741.5
LICN,7/24/2025,972.0,980.0,955.0,966.1,-0.56,25346.0,969.0,741.5
LICN,7/27/2025,984.0,984.0,946.0,949.43,-1.73,28532.0,969.0,741.5
LICN,7/28/2025,949.0,949.0,931.0,942.75,-0.7,22453.0,969.0,741.5
LICN,7/29/2025,936.0,980.8,936.0,948.01,0.56,40199.0,969.0,741.5
LICN,7/30/2025,955.0,966.0,925.0,929.3,-1.97,42637.0,969.0,741.5
LICN,7/31/2025,947.0,947.0,911.1,920.49,-0.95,21484.0,969.0,741.5
LICN,8/3/2025,938.0,938.0,903.0,906.88,-1.48,17692.0,969.0,741.5
LICN,8/4/2025,924.0,924.0,900.0,903.62,-0.36,17156.0,969.0,741.5
LICN,8/5/2025,919.0,920.0,895.0,895.57,-0.89,17668.0,969.0,741.5
LICN,8/6/2025,890.0,909.9,888.0,891.51,-0.45,15389.0,969.0,741.5
LICN,8/7/2025,900.0,900.0,885.1,891.86,0.04,11459.0,969.0,741.5
LICN,8/11/2025,908.0,909.0,876.0,884.96,-0.77,10882.0,969.0,741.5
LICN,8/12/2025,873.0,890.0,868.0,869.85,-1.71,19009.0,969.0,741.5
LICN,8/13/2025,865.2,880.0,860.1,868.66,-0.14,8826.0,969.0,741.5
LICN,8/14/2025,868.6,878.9,866.0,867.41,-0.14,12051.0,969.0,741.5
LICN,8/17/2025,870.0,874.0,866.5,867.48,0.01,12066.0,969.0,741.5
LICN,8/18/2025,855.3,870.9,855.1,867.34,-0.02,7477.0,969.0,741.5
LICN,8/19/2025,871.9,875.0,865.0,865.97,-0.16,6723.0,969.0,741.5
LICN,8/20/2025,867.0,875.0,866.0,866.11,0.02,4674.0,969.0,741.5
LICN,8/21/2025,866.0,870.0,848.7,863.46,-0.31,16610.0,969.0,741.5
LICN,8/24/2025,850.2,874.9,850.2,859.81,-0.42,7902.0,969.0,741.5
LICN,8/25/2025,859.0,869.5,853.0,863.27,0.4,5078.0,969.0,741.5
LICN,8/26/2025,865.0,867.5,860.0,861.96,-0.15,4930.0,969.0,741.5
LICN,8/27/2025,870.0,877.0,866.1,873.81,1.37,8884.0,969.0,741.5
LICN,8/28/2025,879.9,879.9,868.0,868.52,-0.61,7791.0,969.0,741.5
LICN,8/31/2025,865.0,879.0,865.0,865.59,-0.34,4727.0,969.0,741.5
LICN,9/1/2025,865.0,868.9,858.1,859.66,-0.69,4745.0,969.0,741.5
LICN,9/2/2025,856.0,869.0,856.0,863.79,0.48,6097.0,969.0,741.5
LICN,9/3/2025,861.0,865.0,855.1,855.19,-1.0,4590.0,969.0,741.5
LICN,9/4/2025,855.1,855.1,845.0,845.71,-1.11,8153.0,969.0,741.5
LICN,9/7/2025,862.6,862.6,842.0,845.1,-0.07,6139.0,969.0,741.5
LICN,9/8/2025,832.0,848.0,832.0,835.8,-1.1,6640.0,969.0,741.5
LICN,9/18/2025,820.0,820.0,773.2,773.2,-7.49,830.0,969.0,741.5
LICN,9/21/2025,773.0,835.0,773.0,826.93,6.95,16213.0,969.0,741.5
LICN,9/23/2025,843.4,843.4,827.0,839.0,1.46,12238.0,969.0,741.5
LICN,9/24/2025,839.0,840.0,834.0,837.8,-0.14,5119.0,969.0,741.5
LICN,9/25/2025,835.0,839.0,825.0,835.0,-0.33,4720.0,969.0,741.5
LICN,9/28/2025,842.0,845.0,835.0,840.0,0.6,2189.0,969.0,741.5
LICN,10/7/2025,848.0,848.0,828.0,833.9,-0.73,2612.0,969.0,741.5
LICN,10/8/2025,825.0,829.0,809.0,815.0,-2.27,5996.0,969.0,741.5
LICN,10/9/2025,831.3,847.9,825.3,825.3,1.26,11000.0,969.0,741.5
LICN,10/12/2025,818.0,827.0,802.3,820.0,-0.64,15134.0,969.0,741.5
LICN,10/13/2025,836.0,836.0,803.0,810.0,-1.22,9129.0,969.0,741.5
LICN,10/14/2025,801.3,842.0,800.0,810.0,0.0,4956.0,969.0,741.5
LICN,10/15/2025,810.0,810.0,793.8,801.0,-1.11,6529.0,969.0,741.5
LICN,10/16/2025,814.0,814.0,786.0,795.0,-0.75,7038.0,969.0,741.5
LICN,10/19/2025,792.0,800.0,788.0,799.0,0.5,4244.0,969.0,741.5
LICN,10/26/2025,793.0,814.9,790.0,810.9,1.49,5138.0,969.0,741.5
LICN,10/28/2025,820.0,835.8,813.6,833.0,2.73,8604.0,969.0,741.5
LICN,10/29/2025,840.0,844.0,820.0,820.0,-1.56,5322.0,969.0,741.5
LICN,10/30/2025,820.0,845.0,820.0,832.0,1.46,11313.0,969.0,741.5
LICN,11/2/2025,840.0,877.0,830.0,874.0,5.05,32953.0,969.0,741.5
LICN,11/3/2025,874.0,888.0,858.0,875.0,0.11,20212.0,969.0,741.5
LICN,11/4/2025,879.0,879.0,851.0,859.0,-1.83,9538.0,969.0,741.5
LICN,11/5/2025,859.0,868.0,847.1,866.0,0.81,5662.0,969.0,741.5
LICN,11/6/2025,882.0,883.3,865.0,870.0,0.46,21623.0,969.0,741.5
LICN,11/9/2025,882.7,882.7,847.0,848.0,-2.53,11282.0,969.0,741.5
LICN,11/10/2025,848.0,861.0,837.9,840.2,-0.92,7799.0,969.0,741.5
LICN,11/11/2025,840.2,856.8,837.9,855.0,1.76,16069.0,969.0,741.5
LICN,11/12/2025,868.0,868.0,844.1,850.0,-0.58,17086.0,969.0,741.5
LICN,11/13/2025,843.8,859.0,842.0,846.0,-0.47,19043.0,969.0,741.5
LICN,11/16/2025,859.0,859.0,845.0,849.9,0.46,7049.0,969.0,741.5
LICN,11/17/2025,857.9,860.0,845.2,854.0,0.48,10308.0,969.0,741.5
LICN,11/18/2025,865.0,865.0,851.0,851.0,-0.35,6621.0,969.0,741.5
LICN,11/19/2025,851.0,863.7,840.3,846.0,-0.59,3922.0,969.0,741.5
LICN,11/20/2025,845.5,862.0,844.0,850.0,0.47,6044.0,969.0,741.5
LICN,11/23/2025,850.0,882.3,850.0,879.8,3.51,30621.0,969.0,741.5
LICN,11/24/2025,894.0,940.0,880.0,934.9,6.26,105484.0,969.0,741.5
LICN,11/25/2025,938.0,969.0,918.0,950.0,1.62,83133.0,969.0,741.5
LICN,11/26/2025,932.1,960.0,932.1,944.2,-0.61,33978.0,969.0,741.5
LICN,11/27/2025,941.1,948.0,930.0,935.1,-0.96,50284.0,969.0,741.5
LICN,11/30/2025,930.0,952.1,925.0,925.7,-1.01,68217.0,969.0,741.5
LICN,12/1/2025,929.0,930.0,914.1,914.4,-1.22,33572.0,969.0,741.5
LICN,12/2/2025,920.0,928.9,900.3,901.5,-1.41,23481.0,969.0,741.5
LICN,12/3/2025,917.7,918.0,891.0,891.1,-1.15,21432.0,969.0,741.5
LICN,12/7/2025,908.0,910.0,889.0,894.0,0.33,19633.0,969.0,741.5
LICN,12/8/2025,891.0,919.9,891.0,913.1,2.14,29391.0,969.0,741.5
LICN,12/9/2025,910.0,927.0,910.0,916.1,0.33,22907.0,969.0,741.5
LICN,12/10/2025,911.0,930.0,910.0,912.1,-0.44,17595.0,969.0,741.5
LICN,12/11/2025,915.0,919.0,913.1,917.0,0.54,12682.0,969.0,741.5
LICN,12/14/2025,902.1,920.0,902.1,914.0,-0.33,23864.0,969.0,741.5
LICN,12/15/2025,932.0,932.0,905.0,913.0,-0.11,11032.0,969.0,741.5
LICN,12/16/2025,915.0,916.0,905.0,912.9,-0.01,12958.0,969.0,741.5
LICN,12/17/2025,917.0,922.0,912.7,917.0,0.45,14476.0,969.0,741.5
LICN,12/18/2025,917.0,922.9,910.7,918.0,0.11,20424.0,969.0,741.5
LICN,12/21/2025,935.8,935.8,890.6,890.7,-2.97,28902.0,969.0,741.5
LICN,12/22/2025,880.0,898.6,880.0,885.2,-0.62,8618.0,969.0,741.5
LICN,12/23/2025,881.2,887.0,870.0,875.0,-1.15,10156.0,969.0,741.5
LICN,12/24/2025,882.0,883.0,870.0,876.0,0.11,9430.0,969.0,741.5
LICN,12/28/2025,882.0,895.0,866.0,893.0,1.94,15679.0,969.0,741.5
LICN,12/29/2025,893.0,902.0,885.0,895.0,0.22,19140.0,969.0,741.5
LICN,12/31/2025,902.0,905.0,896.0,905.0,1.12,28378.0,969.0,741.5
LICN,1/1/2026,900.0,905.0,873.0,887.0,-1.99,15341.0,969.0,741.5
LICN,1/4/2026,870.0,886.0,870.0,870.3,-1.88,10245.0,969.0,741.5
LICN,1/5/2026,871.0,875.0,860.2,861.0,-1.07,24333.0,969.0,741.5
LICN,1/6/2026,865.0,880.0,864.0,866.1,0.59,7196.0,969.0,741.5
LICN,1/7/2026,870.0,878.8,855.1,858.4,-0.89,18132.0,969.0,741.5
LICN,1/8/2026,841.3,865.0,841.3,863.9,0.64,12245.0,969.0,741.5
LICN,1/12/2026,858.1,874.8,855.1,855.1,-1.02,7881.0,969.0,741.5
LICN,1/13/2026,855.0,860.0,852.1,852.4,-0.32,12213.0,969.0,741.5
LICN,1/14/2026,852.4,868.0,851.0,853.4,0.12,12189.0,969.0,741.5
LICN,1/18/2026,870.4,887.0,856.0,866.5,1.54,41911.0,969.0,741.5
LICN,1/20/2026,867.1,883.8,867.1,878.0,1.33,36874.0,969.0,741.5
LICN,1/21/2026,880.0,884.0,867.2,870.2,-0.89,10314.0,969.0,741.5
LICN,1/22/2026,870.0,874.9,862.0,874.9,0.54,12287.0,969.0,741.5
LICN,1/25/2026,885.0,897.8,871.0,888.0,1.5,30118.0,969.0,741.5
LICN,1/26/2026,885.6,900.0,875.0,877.6,-1.17,42388.0,969.0,741.5
LICN,1/27/2026,871.0,888.3,864.4,864.7,-1.47,36268.0,969.0,741.5
LICN,1/28/2026,864.0,870.0,857.0,868.0,0.38,34167.0,969.0,741.5
LICN,1/29/2026,870.0,870.0,860.0,860.0,-0.92,25574.0,969.0,741.5
LICN,2/1/2026,845.0,870.9,845.0,855.4,-0.53,15157.0,969.0,741.5
LICN,2/2/2026,869.0,869.0,847.0,849.0,-0.75,19208.0,969.0,741.5
LICN,2/3/2026,855.0,855.0,846.1,846.1,-0.34,10295.0,969.0,741.5
LICN,2/4/2026,830.0,861.0,830.0,843.4,-0.32,18483.0,969.0,741.5
LICN,2/5/2026,844.0,855.0,839.2,855.0,1.38,22300.0,969.0,741.5
LICN,2/8/2026,860.0,868.0,848.0,848.1,-0.81,19598.0,969.0,741.5
LICN,2/9/2026,845.0,847.9,838.2,840.0,-0.96,20460.0,969.0,741.5
LICN,2/10/2026,838.0,840.0,828.2,829.3,-1.27,19668.0,969.0,741.5
LICN,2/11/2026,845.8,845.8,825.0,832.8,0.42,13407.0,969.0,741.5
LICN,2/12/2026,840.0,840.5,829.0,835.0,0.26,13746.0,969.0,741.5
LICN,2/16/2026,849.0,851.0,830.0,837.0,0.24,7319.0,969.0,741.5
LICN,2/17/2026,839.9,839.9,815.0,825.0,-1.43,30951.0,969.0,741.5
LICN,2/22/2026,826.0,826.1,805.0,816.0,-1.09,20009.0,969.0,741.5
LICN,2/23/2026,805.1,822.0,805.1,815.0,-0.12,11175.0,969.0,741.5
LICN,2/24/2026,800.1,827.0,800.1,817.0,0.25,12333.0,969.0,741.5
LICN,2/25/2026,815.0,833.0,815.0,830.0,1.59,6588.0,969.0,741.5
LICN,2/26/2026,830.0,846.0,821.4,824.0,-0.72,13289.0,969.0,741.5
LICN,2/27/2026,830.0,846.0,821.4,824.0,0.0,13289.0,969.0,741.5
LICN,2/28/2026,830.0,846.0,821.4,824.0,0.0,13289.0,969.0,741.5
LICN,3/2/2026,820.0,836.0,815.1,836.0,1.46,8953.0,969.0,741.5
LICN,3/3/2026,820.0,850.0,820.0,837.0,0.12,7272.0,969.0,741.5
LICN,3/4/2026,820.0,850.0,820.0,837.0,0.0,7272.0,969.0,741.5
LICN,3/5/2026,820.0,850.0,820.0,837.0,0.0,7272.0,969.0,741.5
LICN,3/6/2026,820.0,850.0,820.0,837.0,0.0,7272.0,969.0,741.5
LICN,3/7/2026,820.0,850.0,820.0,837.0,0.0,7272.0,969.0,741.5
LICN,3/8/2026,820.0,850.0,820.0,837.0,0.0,7272.0,969.0,741.5
LICN,3/9/2026,853.7,870.7,853.7,853.7,2.0,2170.0,969.0,741.5
LICN,3/10/2026,870.7,910.0,855.0,900.0,5.42,155079.0,969.0,741.5
LICN,3/11/2026,910.0,910.0,873.1,873.3,-2.97,42855.0,969.0,741.5
LICN,3/12/2026,889.9,889.9,867.0,881.7,0.96,26266.0,969.0,741.5
LICN,3/13/2026,889.9,889.9,867.0,881.7,0.0,26266.0,969.0,741.5
LICN,3/14/2026,889.9,889.9,867.0,881.7,0.0,26266.0,969.0,741.5
LICN,3/15/2026,882.0,885.0,850.1,872.6,-1.03,91803.0,969.0,741.5
LICN,3/16/2026,860.2,870.0,854.1,865.0,-0.87,21041.0,969.0,741.5
LICN,3/17/2026,865.0,865.0,851.2,852.1,-1.49,17647.0,969.0,741.5
LICN,3/18/2026,865.0,865.0,851.2,852.1,0.0,17647.0,969.0,741.5
LICN,3/19/2026,867.5,884.3,857.0,880.0,3.27,70857.0,969.0,741.5
LICN,3/20/2026,867.5,884.3,857.0,880.0,0.0,70857.0,969.0,741.5
LICN,3/21/2026,867.5,884.3,857.0,880.0,0.0,70857.0,969.0,741.5
LICN,3/22/2026,883.0,904.0,883.0,896.0,1.82,149258.0,969.0,741.5
LICN,3/23/2026,895.0,904.9,882.2,885.0,-1.23,48704.0,969.0,741.5
LICN,3/24/2026,890.0,894.0,879.0,890.0,0.56,42136.0,969.0,741.5
LICN,3/25/2026,896.0,896.0,868.7,875.0,-1.69,39283.0,969.0,741.5
LICN,3/26/2026,877.0,887.4,870.0,880.0,0.34,25468.0,969.0,741.5
LICN,3/29/2026,870.0,884.0,857.1,866.0,-0.46,40474.0,969.0,741.5
LICN,3/30/2026,883.3,883.3,849.0,850.0,-3.77,26117.0,969.0,741.5
LICN,3/31/2026,860.0,860.0,840.0,855.0,-0.58,14849.0,969.0,741.5
LICN,4/1/2026,850.0,850.5,826.0,830.0,-2.35,27673.0,969.0,741.5
LICN,4/2/2026,829.0,841.0,816.5,832.0,0.36,17339.0,969.0,741.5
LICN,4/5/2026,816.0,825.0,809.0,810.0,-0.74,33465.0,969.0,741.5
LICN,4/6/2026,805.0,831.3,805.0,825.0,2.48,12803.0,969.0,741.5
LICN,4/7/2026,836.9,838.0,820.0,822.0,-1.78,10326.0,969.0,741.5
LICN,4/8/2026,830.0,840.0,826.0,838.0,0.96,11882.0,969.0,741.5
LICN,4/9/2026,840.0,853.0,834.0,847.0,0.83,18492.0,969.0,741.5
LICN,4/10/2026,833.2,842.0,833.0,833.0,-0.02,15984.0,969.0,741.5
LICN,4/13/2026,849.6,849.6,829.0,830.0,-2.31,4255.0,969.0,741.5
LICN,4/15/2026,844.5,844.5,821.3,829.9,-1.73,17654.0,969.0,741.5
LICN,4/16/2026,829.0,831.0,822.0,825.0,-0.48,6880.0,969.0,741.5
LICN,4/17/2026,825.0,837.4,810.0,824.1,-0.11,8724.0,969.0,741.5
LICN,4/20/2026,823.5,834.0,810.0,820.0,-0.43,4566.0,969.0,741.5
LICN,4/21/2026,861.0,861.0,815.5,821.8,-4.55,2531.0,969.0,741.5
LICN,4/22/2026,813.5,833.9,805.6,820.1,0.81,12550.0,969.0,741.5
LICN,4/23/2026,814.0,829.0,811.0,821.0,0.86,3491.0,969.0,741.5
LICN,4/24/2026,821.0,821.0,806.1,820.0,-0.12,5189.0,969.0,741.5
LICN,4/27/2026,820.0,828.0,810.0,814.9,-0.62,4752.0,969.0,741.5
LICN,4/28/2026,814.9,830.0,810.1,818.0,0.38,6622.0,969.0,741.5
LICN,4/29/2026,818.0,818.0,811.0,816.0,-0.24,5748.0,969.0,741.5
LICN,4/30/2026,806.1,814.8,802.1,808.1,0.25,3563.0,969.0,741.5
LICN,5/4/2026,805.2,823.0,802.2,808.0,0.35,9010.0,969.0,741.5
LICN,5/5/2026,805.0,815.0,805.0,807.0,0.25,6678.0,969.0,741.5
LICN,5/6/2026,805.1,813.0,805.1,809.0,0.48,12635.0,969.0,741.5
LICN,5/7/2026,805.3,815.9,805.2,812.0,0.83,862.0,969.0,741.5
LICN,5/8/2026,827.6,827.6,809.1,816.4,-1.35,3671.0,969.0,741.5
LICN,5/11/2026,820.0,820.0,812.0,818.0,-0.24,6857.0,969.0,741.5
LICN,5/12/2026,821.0,828.8,810.3,812.0,-1.1,7562.0,969.0,741.5
LICN,5/13/2026,812.0,815.0,808.0,812.0,0.0,3677.0,969.0,741.5
LICN,5/14/2026,815.0,815.0,807.7,813.9,-0.13,2419.0,969.0,741.5
LICN,5/15/2026,808.6,815.0,805.2,814.0,0.67,6139.0,969.0,741.5
LICN,5/18/2026,810.5,824.7,810.5,812.0,0.19,2500.0,969.0,741.5
LICN,5/19/2026,810.0,815.0,806.0,814.0,0.49,2686.0,969.0,741.5
LICN,5/20/2026,814.0,818.0,812.2,818.0,0.49,5485.0,969.0,741.5
LICN,5/21/2026,825.0,825.0,807.0,818.9,-0.74,35864.0,969.0,741.5
LICN,5/22/2026,815.0,815.0,809.1,813.0,-0.25,1517.0,969.0,741.5
LICN,5/25/2026,829.0,829.0,813.0,820.0,-1.09,6162.0,969.0,741.5
LICN,5/26/2026,815.1,825.0,810.1,815.0,-0.01,12084.0,969.0,741.5
LICN,5/27/2026,815.0,822.5,810.2,818.0,0.37,7644.0,969.0,741.5
LICN,6/1/2026,818.0,827.0,811.3,813.0,-0.61,3769.0,969.0,741.5
LICN,6/2/2026,827.9,827.9,812.0,814.5,-1.62,13147.0,969.0,741.5
LICN,6/3/2026,817.0,840.0,813.5,820.0,0.37,47272.0,969.0,741.5
LICN,6/4/2026,821.0,830.0,815.2,820.0,-0.12,17844.0,969.0,741.5
LICN,6/5/2026,820.1,821.0,816.1,818.0,-0.26,38457.0,969.0,741.5
LICN,6/8/2026,815.0,819.0,808.0,814.0,-0.12,19130.0,969.0,741.5
LICN,6/9/2026,820.0,820.0,805.1,814.5,-0.67,21015.0,969.0,741.5
LICN,6/10/2026,819.9,819.9,808.0,813.0,-0.84,7671.0,969.0,741.5
LICN,6/11/2026,808.0,818.7,808.0,812.0,0.5,4763.0,969.0,741.5
LICN,6/12/2026,818.0,820.0,807.1,810.5,-0.92,7751.0,969.0,741.5
LICN,6/15/2026,808.3,813.0,806.0,812.5,0.52,10849.0,969.0,741.5
LICN,6/16/2026,853.1,853.1,805.0,806.4,-5.47,7619.0,969.0,741.5
LICN,6/17/2026,806.1,818.0,806.1,808.9,0.35,4971.0,969.0,741.5
LICN,6/18/2026,812.0,812.0,804.1,807.0,-0.62,7018.0,969.0,741.5
LICN,6/19/2026,847.3,872.0,806.4,809.9,-4.41,16666.0,969.0,741.5
LICN,6/22/2026,810.0,820.0,805.1,805.1,-0.6,5140.0,969.0,741.5
LICN,6/23/2026,803.4,808.0,798.6,799.0,-0.55,16328.0,969.0,741.5
LICN,6/24/2026,798.3,804.0,788.0,804.0,0.71,17191.0,969.0,741.5
LICN,6/26/2026,791.1,807.0,791.1,804.9,1.74,6708.0,969.0,741.5
LICN,6/29/2026,793.0,800.0,787.0,798.6,0.71,5107.0,969.0,741.5
LICN,6/30/2026,790.0,799.0,790.0,793.0,0.38,4015.0,969.0,741.5
LICN,7/1/2026,793.0,804.9,790.0,799.0,0.76,2859.0,969.0,741.5
LICN,7/2/2026,838.9,838.9,788.5,799.0,-4.76,7799.0,969.0,741.5
LICN,7/3/2026,838.0,838.0,787.7,790.0,-5.73,10271.0,969.0,741.5
LICN,7/6/2026,786.1,799.0,777.3,777.4,-1.11,8150.0,969.0,741.5
LICN,7/7/2026,778.0,794.0,777.1,787.9,1.27,6043.0,969.0,741.5
LICN,7/8/2026,780.0,780.0,775.2,779.0,-0.13,4590.0,969.0,741.5
LICN,7/9/2026,776.0,780.0,774.9,779.7,0.48,9199.0,969.0,741.5
LICN,7/10/2026,779.7,782.9,770.0,776.0,-0.47,12912.0,969.0,741.5
LICN,7/13/2026,794.0,794.0,765.0,765.0,-3.65,25030.0,969.0,741.5
LICN,7/14/2026,803.0,803.0,763.0,772.0,-3.86,7717.0,969.0,741.5
LICN,7/15/2026,765.0,787.8,765.0,783.0,2.35,4568.0,969.0,741.5
LICN,7/16/2026,782.0,789.8,778.0,789.8,1.0,6429.0,969.0,741.5
LICN,7/17/2026,795.0,805.0,785.0,798.0,0.38,15549.0,969.0,741.5
LICN,7/20/2026,805.0,810.0,786.0,804.5,-0.06,5279.0,969.0,741.5
LICN,7/21/2026,806.0,809.0,794.0,796.5,-1.18,13352.0,969.0,741.5
LICN,7/22/2026,805.0,805.0,790.0,804.4,-0.07,6504.0,969.0,741.5
LICN,7/23/2026,844.0,844.0,790.2,803.9,-4.75,6839.0,969.0,741.5
LICN,7/24/2026,800.1,813.8,797.0,804.0,0.49,9884.0,969.0,741.5
LICN,7/27/2026,814.9,814.9,794.2,795.0,-2.44,7761.0,969.0,741.5
LICN,7/28/2026,795.0,800.0,785.2,786.3,-1.09,10343.0,969.0,741.5
LICN,7/29/2026,787.2,795.0,783.0,789.9,0.34,9285.0,969.0,741.5
LICN,7/30/2026,789.9,789.9,778.0,788.0,-0.24,9579.0,969.0,741.5
LICN,7/31/2026,793.0,793.0,781.0,787.9,-0.64,4020.0,969.0,741.5
LICN,8/3/2026,805.0,805.0,782.1,790.0,-1.86,5019.0,969.0,741.5
LICN,8/4/2026,790.0,790.1,782.0,782.5,-0.95,1883.0,969.0,741.5
LICN,8/5/2026,790.0,790.0,775.1,784.5,-0.7,12044.0,969.0,741.5
LICN,8/6/2026,780.0,786.0,775.2,776.0,-0.51,5452.0,969.0,741.5
LICN,8/7/2026,790.0,790.0,771.2,774.9,-1.91,1328.0,969.0,741.5
LICN,8/10/2026,785.0,785.0,765.3,770.0,-1.91,6970.0,969.0,741.5
LICN,8/11/2026,770.0,780.0,767.1,770.0,0.0,3288.0,969.0,741.5
LICN,8/12/2026,779.9,780.0,769.0,772.0,-1.01,4221.0,969.0,741.5
LICN,8/13/2026,774.0,776.0,766.1,775.5,0.19,3982.0,969.0,741.5
LICN,8/14/2026,775.0,778.0,775.0,778.0,0.39,1149.0,969.0,741.5
LICN,8/17/2026,778.0,781.8,776.0,781.0,0.39,3884.0,969.0,741.5
LICN,8/18/2026,789.0,789.0,765.0,769.0,-2.53,11301.0,969.0,741.5
LICN,8/19/2026,764.5,778.0,764.5,774.0,1.24,2552.0,969.0,741.5
LICN,8/20/2026,770.0,774.9,763.0,769.0,-0.13,7404.0,969.0,741.5
LICN,8/21/2026,763.0,770.0,762.0,770.0,0.92,9536.0,969.0,741.5
LICN,8/24/2026,770.0,780.0,751.3,764.0,-0.78,14247.0,969.0,741.5
LICN,8/25/2026,770.0,778.0,760.0,765.0,-0.65,6544.0,969.0,741.5
LICN,8/26/2026,760.0,780.0,752.1,764.9,0.64,6089.0,969.0,741.5
LICN,8/27/2026,755.0,764.0,755.0,761.5,0.86,10475.0,969.0,741.5
LICN,8/31/2026,756.0,760.6,751.0,752.1,-0.52,13018.0,969.0,741.5
LICN,9/1/2026,752.0,756.0,750.0,756.0,0.53,4019.0,969.0,741.5
LICN,9/2/2026,769.7,769.7,751.0,759.8,-1.29,1915.0,969.0,741.5
LICN,9/3/2026,759.8,759.8,750.0,754.0,-0.76,9370.0,969.0,741.5
LICN,9/7/2026,747.0,760.0,745.0,756.0,1.2,9538.0,969.0,741.5
LICN,9/9/2026,755.0,759.0,750.0,751.7,-0.44,11671.0,969.0,741.5
LICN,9/10/2026,741.5,756.0,741.5,755.0,1.82,5287.0,969.0,741.5
LICN,9/11/2026,759.9,759.9,747.1,754.9,-0.66,7564.0,969.0,741.5
LICN,9/14/2026,760.0,771.0,760.0,764.0,0.53,4118.0,969.0,741.5
LICN,9/15/2026,801.0,801.0,765.0,774.0,-3.37,37688.0,969.0,741.5
LICN,9/16/2026,771.1,780.7,771.1,779.0,1.02,13977.0,969.0,741.5
LICN,9/17/2026,785.0,816.0,780.0,806.0,2.68,141256.0,969.0,741.5
LICN,9/18/2026,813.0,830.0,801.0,813.0,0.0,45587.0,969.0,741.5
LICN,9/22/2026,814.0,824.9,790.0,813.4,-0.07,18517.0,969.0,741.5
LICN,9/23/2026,813.0,813.0,788.8,791.9,-2.6,29284.0,969.0,741.5
LICN,9/24/2026,782.0,800.9,782.0,800.9,2.42,11909.0,969.0,741.5
LICN,9/28/2026,801.0,805.0,791.0,792.5,-1.06,11357.0,969.0,741.5
LICN,9/29/2026,789.0,792.5,786.0,0.0,-100.0,4251.0,969.0,741.5
LICN,9/30/2026,789.1,789.1,777.0,783.0,-0.77,20077.0,969.0,741.5
LICN,10/1/2026,789.8,789.8,776.1,780.0,-1.24,15080.0,969.0,741.5
LICN,10/2/2026,742.0,785.0,742.0,781.8,5.36,15644.0,969.0,741.5
LLBS,12/21/2025,926.0,992.4,925.0,992.4,,495.0,1081.9,771.4
LLBS,12/22/2025,972.6,972.6,937.0,937.0,-5.58,148.0,1081.9,771.4
LLBS,12/23/2025,921.0,945.0,921.0,928.0,-0.96,922.0,1081.9,771.4
LLBS,12/24/2025,912.2,961.8,912.2,961.8,3.64,1345.0,1081.9,771.4
LLBS,12/28/2025,943.2,985.0,943.0,985.0,2.41,793.0,1081.9,771.4
LLBS,12/29/2025,965.3,1004.7,946.0,1004.7,2.0,765.0,1081.9,771.4
LLBS,12/31/2025,996.0,996.0,961.0,989.0,-1.56,200.0,1081.9,771.4
LLBS,1/1/2026,970.0,970.0,952.0,960.0,-2.93,84.0,1081.9,771.4
LLBS,1/4/2026,951.0,951.6,932.1,940.0,-2.08,420.0,1081.9,771.4
LLBS,1/5/2026,930.0,966.9,930.0,945.2,0.55,438.0,1081.9,771.4
LLBS,1/6/2026,964.0,983.0,953.0,970.0,2.62,1327.0,1081.9,771.4
LLBS,1/7/2026,955.0,955.0,951.1,951.1,-1.95,164.0,1081.9,771.4
LLBS,1/8/2026,932.1,970.0,932.1,970.0,1.99,3421.0,1081.9,771.4
LLBS,1/12/2026,951.0,951.4,951.0,951.3,-1.93,195.0,1081.9,771.4
LLBS,1/13/2026,935.0,951.6,921.0,927.0,-2.55,5733.0,1081.9,771.4
LLBS,1/14/2026,908.5,948.6,908.5,933.0,0.65,547.0,1081.9,771.4
LLBS,1/18/2026,948.0,968.9,940.1,940.6,0.81,3210.0,1081.9,771.4
LLBS,1/20/2026,942.3,992.0,941.0,992.0,5.46,3193.0,1081.9,771.4
LLBS,1/21/2026,972.2,993.5,955.0,992.9,0.09,772.0,1081.9,771.4
LLBS,1/22/2026,992.7,1012.7,965.4,1008.0,1.52,1675.0,1081.9,771.4
LLBS,1/25/2026,988.0,1048.0,988.0,1048.0,3.97,1490.0,1081.9,771.4
LLBS,1/26/2026,1027.1,1068.0,1005.3,1030.0,-1.72,2037.0,1081.9,771.4
LLBS,1/27/2026,1010.0,1020.0,990.3,1020.0,-0.97,1396.0,1081.9,771.4
LLBS,1/28/2026,1000.2,1030.0,982.0,1030.0,0.98,474.0,1081.9,771.4
LLBS,1/29/2026,1015.0,1015.0,990.0,991.0,-3.79,752.0,1081.9,771.4
LLBS,2/1/2026,991.0,1010.0,985.0,985.0,-0.61,166.0,1081.9,771.4
LLBS,2/2/2026,1004.0,1008.0,946.1,1008.0,2.34,1952.0,1081.9,771.4
LLBS,2/4/2026,988.0,990.0,968.3,988.1,-1.97,818.0,1081.9,771.4
LLBS,2/5/2026,985.0,999.0,949.5,999.0,1.1,3841.0,1081.9,771.4
LLBS,2/8/2026,990.0,990.0,966.0,988.0,-1.1,1974.0,1081.9,771.4
LLBS,2/9/2026,968.3,968.3,924.0,968.0,-2.02,6332.0,1081.9,771.4
LLBS,2/10/2026,949.0,949.0,930.2,948.7,-1.99,1262.0,1081.9,771.4
LLBS,2/11/2026,967.0,985.0,946.0,959.0,1.09,201.0,1081.9,771.4
LLBS,2/12/2026,974.9,974.9,925.0,966.9,0.82,274.0,1081.9,771.4
LLBS,2/16/2026,948.0,955.0,930.0,938.0,-2.99,491.0,1081.9,771.4
LLBS,2/17/2026,920.0,956.7,915.0,925.0,-1.39,1738.0,1081.9,771.4
LLBS,2/22/2026,922.0,934.5,920.0,920.0,-0.54,1479.0,1081.9,771.4
LLBS,2/23/2026,913.0,920.0,912.0,919.0,-0.11,302.0,1081.9,771.4
LLBS,2/24/2026,910.0,929.9,903.0,929.9,1.19,814.0,1081.9,771.4
LLBS,2/25/2026,921.0,948.0,921.0,948.0,1.95,840.0,1081.9,771.4
LLBS,2/26/2026,954.9,954.9,931.0,931.0,-1.79,361.0,1081.9,771.4
LLBS,2/27/2026,954.9,954.9,931.0,931.0,0.0,361.0,1081.9,771.4
LLBS,2/28/2026,954.9,954.9,931.0,931.0,0.0,361.0,1081.9,771.4
LLBS,3/2/2026,949.0,963.9,925.0,939.7,0.93,817.0,1081.9,771.4
LLBS,3/3/2026,939.7,996.9,925.0,996.9,6.09,2304.0,1081.9,771.4
LLBS,3/4/2026,939.7,996.9,925.0,996.9,0.0,2304.0,1081.9,771.4
LLBS,3/5/2026,939.7,996.9,925.0,996.9,0.0,2304.0,1081.9,771.4
LLBS,3/6/2026,939.7,996.9,925.0,996.9,0.0,2304.0,1081.9,771.4
LLBS,3/7/2026,939.7,996.9,925.0,996.9,0.0,2304.0,1081.9,771.4
LLBS,3/8/2026,939.7,996.9,925.0,996.9,0.0,2304.0,1081.9,771.4
LLBS,3/9/2026,1016.8,1057.0,1016.8,1055.0,5.83,846.0,1081.9,771.4
LLBS,3/10/2026,1072.0,1072.0,970.2,1010.0,-4.27,2500.0,1081.9,771.4
LLBS,3/11/2026,989.9,1020.0,965.0,993.0,-1.68,2093.0,1081.9,771.4
LLBS,3/12/2026,973.5,1005.0,973.0,1005.0,1.21,891.0,1081.9,771.4
LLBS,3/13/2026,973.5,1005.0,973.0,1005.0,0.0,891.0,1081.9,771.4
LLBS,3/14/2026,973.5,1005.0,973.0,1005.0,0.0,891.0,1081.9,771.4
LLBS,3/15/2026,1000.0,1019.0,980.0,1017.0,1.19,4784.0,1081.9,771.4
LLBS,3/16/2026,996.7,1005.0,976.8,1005.0,-1.18,2536.0,1081.9,771.4
LLBS,3/17/2026,991.0,1010.0,965.3,1010.0,0.5,3156.0,1081.9,771.4
LLBS,3/18/2026,991.0,1010.0,965.3,1010.0,0.0,3156.0,1081.9,771.4
LLBS,3/19/2026,1012.0,1023.0,990.0,1021.0,1.09,7167.0,1081.9,771.4
LLBS,3/20/2026,1012.0,1023.0,990.0,1021.0,0.0,7167.0,1081.9,771.4
LLBS,3/21/2026,1012.0,1023.0,990.0,1021.0,0.0,7167.0,1081.9,771.4
LLBS,3/22/2026,1023.0,1081.9,1022.9,1059.0,3.72,7677.0,1081.9,771.4
LLBS,3/23/2026,1065.0,1065.0,1020.0,1048.9,-0.95,3585.0,1081.9,771.4
LLBS,3/24/2026,1032.0,1044.3,1028.1,1044.3,-0.44,1757.0,1081.9,771.4
LLBS,3/25/2026,1050.0,1055.0,1028.0,1052.5,0.79,2121.0,1081.9,771.4
LLBS,3/26/2026,1040.0,1040.0,1000.1,1040.0,0.0,2035.0,1081.9,771.4
LLBS,3/29/2026,1023.3,1023.3,999.6,1018.5,-0.47,3365.0,1081.9,771.4
LLBS,3/30/2026,998.2,1035.0,978.6,991.0,-0.72,1038.0,1081.9,771.4
LLBS,3/31/2026,1000.0,1020.0,973.0,1020.0,2.0,2479.0,1081.9,771.4
LLBS,4/1/2026,1000.0,1000.0,980.0,989.0,-1.1,697.0,1081.9,771.4
LLBS,4/2/2026,989.0,989.0,971.0,980.0,-0.91,870.0,1081.9,771.4
LLBS,4/5/2026,990.0,996.0,941.2,949.0,-4.14,945.0,1081.9,771.4
LLBS,4/6/2026,967.9,980.0,949.7,978.0,1.04,1432.0,1081.9,771.4
LLBS,4/7/2026,978.0,978.0,960.0,971.0,-0.72,549.0,1081.9,771.4
LLBS,4/8/2026,975.0,985.0,960.0,984.0,0.92,1207.0,1081.9,771.4
LLBS,4/9/2026,966.0,1000.0,966.0,995.0,3.0,608.0,1081.9,771.4
LLBS,4/10/2026,995.0,995.0,976.0,993.9,-0.11,190.0,1081.9,771.4
LLBS,4/13/2026,975.0,994.5,960.2,975.0,0.0,410.0,1081.9,771.4
LLBS,4/15/2026,965.1,1010.0,965.1,989.0,2.48,461.0,1081.9,771.4
LLBS,4/16/2026,970.0,986.8,964.0,986.8,1.73,324.0,1081.9,771.4
LLBS,4/17/2026,968.0,969.0,950.0,969.0,0.1,2083.0,1081.9,771.4
LLBS,4/20/2026,998.0,998.0,960.3,960.3,-3.78,346.0,1081.9,771.4
LLBS,4/21/2026,987.0,987.0,932.0,955.0,-3.24,689.0,1081.9,771.4
LLBS,4/22/2026,930.1,1010.0,898.7,950.9,2.24,1265.0,1081.9,771.4
LLBS,4/23/2026,978.0,978.0,941.0,968.0,-1.02,312.0,1081.9,771.4
LLBS,4/24/2026,968.0,965.0,944.1,964.0,-0.41,61.0,1081.9,771.4
LLBS,4/27/2026,964.0,964.9,819.4,945.0,-1.97,1192.0,1081.9,771.4
LLBS,4/28/2026,945.0,969.0,925.2,940.0,-0.53,1262.0,1081.9,771.4
LLBS,4/29/2026,940.0,967.0,923.0,965.0,2.66,2430.0,1081.9,771.4
LLBS,4/30/2026,965.0,975.0,915.2,975.0,1.04,1019.0,1081.9,771.4
LLBS,5/4/2026,946.0,958.0,940.1,940.2,-0.61,115.0,1081.9,771.4
LLBS,5/5/2026,940.0,961.0,928.0,961.0,2.23,545.0,1081.9,771.4
LLBS,5/6/2026,932.3,948.9,921.0,925.1,-0.77,437.0,1081.9,771.4
LLBS,5/7/2026,920.0,952.8,920.0,950.0,3.26,275.0,1081.9,771.4
LLBS,5/8/2026,921.0,970.0,921.0,964.0,4.67,408.0,1081.9,771.4
LLBS,5/11/2026,945.0,970.0,945.0,951.0,0.63,267.0,1081.9,771.4
LLBS,5/12/2026,970.0,970.0,945.0,957.9,-1.25,315.0,1081.9,771.4
LLBS,5/13/2026,970.0,970.0,940.9,960.0,-1.03,153.0,1081.9,771.4
LLBS,5/14/2026,933.0,954.0,933.0,954.0,2.25,120.0,1081.9,771.4
LLBS,5/15/2026,932.0,966.0,927.0,966.0,3.65,314.0,1081.9,771.4
LLBS,5/18/2026,966.0,966.0,966.0,966.0,0.0,1.0,1081.9,771.4
LLBS,5/19/2026,937.3,950.0,937.3,943.0,0.61,445.0,1081.9,771.4
LLBS,5/20/2026,943.0,959.0,943.0,957.0,1.48,84.0,1081.9,771.4
LLBS,5/21/2026,969.0,969.0,940.0,964.0,-0.52,70.0,1081.9,771.4
LLBS,5/22/2026,962.0,962.0,950.0,958.0,-0.42,126.0,1081.9,771.4
LLBS,5/25/2026,958.0,965.0,930.0,957.0,-0.1,2069.0,1081.9,771.4
LLBS,5/26/2026,931.2,965.0,931.0,936.2,0.54,635.0,1081.9,771.4
LLBS,5/27/2026,936.0,960.0,936.0,955.0,2.03,168.0,1081.9,771.4
LLBS,6/1/2026,1002.0,1002.0,913.0,963.0,-3.89,254.0,1081.9,771.4
LLBS,6/2/2026,962.0,962.0,933.2,959.0,-0.31,323.0,1081.9,771.4
LLBS,6/3/2026,932.1,932.1,932.1,932.1,0.0,10.0,1081.9,771.4
LLBS,6/4/2026,935.0,949.9,935.0,949.9,1.59,580.0,1081.9,771.4
LLBS,6/5/2026,948.0,948.0,930.0,945.0,-0.32,107.0,1081.9,771.4
LLBS,6/8/2026,930.0,930.2,926.0,930.2,0.02,505.0,1081.9,771.4
LLBS,6/9/2026,932.1,949.0,932.1,948.0,1.71,147.0,1081.9,771.4
LLBS,6/10/2026,933.7,947.0,933.7,947.0,1.42,338.0,1081.9,771.4
LLBS,6/11/2026,930.0,950.0,930.0,946.0,1.72,1250.0,1081.9,771.4
LLBS,6/12/2026,935.0,950.0,920.2,931.4,-0.39,250.0,1081.9,771.4
LLBS,6/15/2026,931.4,947.0,923.1,947.0,1.67,885.0,1081.9,771.4
LLBS,6/16/2026,926.0,926.0,925.1,925.1,-0.1,64.0,1081.9,771.4
LLBS,6/17/2026,924.2,926.5,924.2,926.5,0.25,33.0,1081.9,771.4
LLBS,6/18/2026,942.0,950.0,942.0,950.0,0.85,1925.0,1081.9,771.4
LLBS,6/19/2026,953.0,953.0,950.0,950.0,-0.31,150.0,1081.9,771.4
LLBS,6/22/2026,950.0,959.9,932.0,955.0,0.53,1120.0,1081.9,771.4
LLBS,6/23/2026,931.0,949.9,930.0,949.9,2.03,170.0,1081.9,771.4
LLBS,6/24/2026,925.0,944.0,925.0,944.0,2.05,20.0,1081.9,771.4
LLBS,6/26/2026,923.0,923.0,923.0,923.0,0.0,18.0,1081.9,771.4
LLBS,6/29/2026,965.0,965.0,880.1,920.0,-4.66,2489.0,1081.9,771.4
LLBS,6/30/2026,920.0,920.0,920.0,920.0,0.0,10.0,1081.9,771.4
LLBS,7/1/2026,920.0,934.0,872.0,934.0,1.52,1235.0,1081.9,771.4
LLBS,7/2/2026,906.0,920.0,900.1,920.0,1.55,1075.0,1081.9,771.4
LLBS,7/3/2026,932.0,942.0,894.1,942.0,1.07,573.0,1081.9,771.4
LLBS,7/6/2026,914.0,925.0,898.1,924.0,1.09,801.0,1081.9,771.4
LLBS,7/7/2026,928.9,928.9,901.2,924.9,-0.43,452.0,1081.9,771.4
LLBS,7/8/2026,924.9,924.9,876.1,912.0,-1.39,417.0,1081.9,771.4
LLBS,7/9/2026,900.0,915.9,881.0,915.9,1.77,186.0,1081.9,771.4
LLBS,7/10/2026,892.0,918.3,892.0,918.3,2.95,54.0,1081.9,771.4
LLBS,7/13/2026,932.0,932.0,904.1,920.0,-1.29,222.0,1081.9,771.4
LLBS,7/14/2026,892.4,914.0,892.4,914.0,2.42,148.0,1081.9,771.4
LLBS,7/15/2026,919.0,922.1,894.6,894.6,-2.66,318.0,1081.9,771.4
LLBS,7/16/2026,939.3,939.3,900.0,919.9,-2.07,511.0,1081.9,771.4
LLBS,7/17/2026,930.0,930.0,903.1,923.9,-0.66,200.0,1081.9,771.4
LLBS,7/20/2026,940.9,950.0,921.5,930.2,-1.14,1821.0,1081.9,771.4
LLBS,7/21/2026,955.0,955.0,916.0,938.0,-1.78,695.0,1081.9,771.4
LLBS,7/22/2026,915.0,921.0,915.0,920.0,0.55,78.0,1081.9,771.4
LLBS,7/23/2026,910.0,937.0,910.0,937.0,2.97,70.0,1081.9,771.4
LLBS,7/24/2026,920.0,935.0,920.0,935.0,1.63,235.0,1081.9,771.4
LLBS,7/27/2026,915.0,920.0,908.0,908.0,-0.77,1360.0,1081.9,771.4
LLBS,7/28/2026,911.0,911.0,895.0,910.0,-0.11,290.0,1081.9,771.4
LLBS,7/29/2026,900.0,910.0,885.0,910.0,1.11,2752.0,1081.9,771.4
LLBS,7/30/2026,900.0,900.0,883.0,898.0,-0.22,3094.0,1081.9,771.4
LLBS,7/31/2026,880.0,900.0,874.0,895.0,1.7,767.0,1081.9,771.4
LLBS,8/3/2026,900.0,900.0,893.0,893.0,-0.78,170.0,1081.9,771.4
LLBS,8/4/2026,881.0,890.0,880.0,890.0,1.02,120.0,1081.9,771.4
LLBS,8/5/2026,890.0,890.0,866.5,889.0,-0.11,138.0,1081.9,771.4
LLBS,8/6/2026,867.3,894.8,867.3,894.8,3.17,70.0,1081.9,771.4
LLBS,8/7/2026,871.0,885.0,870.0,885.0,1.61,155.0,1081.9,771.4
LLBS,8/10/2026,885.0,890.0,866.0,866.0,-2.15,683.0,1081.9,771.4
LLBS,8/11/2026,860.0,912.0,840.0,884.0,2.79,637.0,1081.9,771.4
LLBS,8/12/2026,908.0,935.0,863.0,885.0,-2.53,518.0,1081.9,771.4
LLBS,8/13/2026,860.0,885.0,860.0,885.0,2.91,443.0,1081.9,771.4
LLBS,8/14/2026,890.0,910.0,870.0,889.9,-0.01,519.0,1081.9,771.4
LLBS,8/17/2026,875.0,887.0,870.0,887.0,1.37,340.0,1081.9,771.4
LLBS,8/18/2026,862.1,870.0,862.1,870.0,0.92,155.0,1081.9,771.4
LLBS,8/19/2026,895.0,896.1,862.1,862.1,-3.68,2220.0,1081.9,771.4
LLBS,8/20/2026,850.0,870.0,850.0,867.0,2.0,497.0,1081.9,771.4
LLBS,8/21/2026,857.0,877.0,857.0,877.0,2.33,174.0,1081.9,771.4
LLBS,8/24/2026,851.0,879.9,850.0,879.9,3.4,613.0,1081.9,771.4
LLBS,8/25/2026,863.0,886.0,863.0,886.0,2.67,222.0,1081.9,771.4
LLBS,8/26/2026,899.0,899.0,851.8,885.0,-1.56,90.0,1081.9,771.4
LLBS,8/27/2026,895.0,895.0,882.0,882.0,-1.45,97.0,1081.9,771.4
LLBS,8/31/2026,855.6,860.0,850.0,860.0,0.51,148.0,1081.9,771.4
LLBS,9/1/2026,903.0,957.0,860.0,865.0,-4.21,394.0,1081.9,771.4
LLBS,9/2/2026,840.0,859.0,840.0,858.0,2.14,212.0,1081.9,771.4
LLBS,9/3/2026,879.0,879.0,840.0,846.1,-3.74,388.0,1081.9,771.4
LLBS,9/7/2026,871.1,872.0,845.9,870.5,-0.07,542.0,1081.9,771.4
LLBS,9/9/2026,846.0,869.0,846.0,869.0,2.72,166.0,1081.9,771.4
LLBS,9/10/2026,869.0,884.5,869.0,884.5,1.78,20.0,1081.9,771.4
LLBS,9/11/2026,860.0,880.0,838.3,880.0,2.33,928.0,1081.9,771.4
LLBS,9/14/2026,860.0,863.0,854.0,863.0,0.35,211.0,1081.9,771.4
LLBS,9/15/2026,906.1,906.1,860.0,860.0,-5.09,3046.0,1081.9,771.4
LLBS,9/16/2026,855.0,880.0,850.0,877.0,2.57,1575.0,1081.9,771.4
LLBS,9/17/2026,865.0,865.0,863.5,865.0,0.0,55.0,1081.9,771.4
LLBS,9/18/2026,870.0,873.0,860.0,871.0,0.11,322.0,1081.9,771.4
LLBS,9/22/2026,865.0,873.0,771.4,873.0,0.92,19054.0,1081.9,771.4
LLBS,9/23/2026,850.0,860.0,834.3,854.0,0.47,1039.0,1081.9,771.4
LLBS,9/24/2026,835.0,860.0,832.0,860.0,2.99,441.0,1081.9,771.4
LLBS,9/28/2026,835.0,843.0,831.1,842.0,0.84,1020.0,1081.9,771.4
LLBS,9/29/2026,835.0,835.0,824.0,0.0,-100.0,310.0,1081.9,771.4
LLBS,9/30/2026,844.0,844.0,803.0,827.0,-2.01,1026.0,1081.9,771.4
LLBS,10/1/2026,811.1,830.0,811.1,818.1,0.86,688.0,1081.9,771.4
LLBS,10/2/2026,794.0,824.4,794.0,805.0,1.39,1747.0,1081.9,771.4
LSD92,9/28/2026,1000.0,1112.0,1000.0,1100.0,10.0,83752.0,1150.0,1000.0
LSD92,9/29/2026,1077.0,1150.0,1077.0,0.0,-100.0,47748.0,1150.0,1000.0
LSD92,9/30/2026,1120.0,1130.0,1100.0,1112.0,-0.71,16798.0,1150.0,1000.0
LSD92,10/1/2026,1150.0,1150.0,1106.0,1130.0,-1.74,113680.0,1150.0,1000.0
LSD92,10/2/2026,1130.0,1160.0,1130.0,1150.0,1.77,37963.0,1150.0,1000.0
LSH12,8/6/2026,10.0,10.0,9.19,9.35,-6.5,11700.0,10.0,8.55
LSH12,8/7/2026,9.07,9.2,8.85,9.2,1.43,5900.0,10.0,8.55
LSH12,8/10/2026,9.0,9.1,9.0,9.05,0.56,5120.0,10.0,8.55
LSH12,8/11/2026,9.0,9.27,8.91,9.11,1.22,5800.0,10.0,8.55
LSH12,8/12/2026,9.1,9.2,8.9,9.05,-0.55,12750.0,10.0,8.55
LSH12,8/13/2026,9.0,9.1,9.0,9.03,0.33,3950.0,10.0,8.55
LSH12,8/14/2026,9.0,9.38,9.0,9.38,4.22,6200.0,10.0,8.55
LSH12,8/17/2026,9.1,9.27,9.0,9.13,0.33,2600.0,10.0,8.55
LSH12,8/18/2026,9.0,9.2,8.95,9.1,1.11,3900.0,10.0,8.55
LSH12,8/19/2026,9.1,9.3,8.76,8.95,-1.65,2700.0,10.0,8.55
LSH12,8/20/2026,8.95,9.1,8.9,9.0,0.56,2300.0,10.0,8.55
LSH12,8/21/2026,8.9,9.0,8.9,8.95,0.56,5100.0,10.0,8.55
LSH12,8/24/2026,8.55,9.15,8.55,8.93,4.44,22100.0,10.0,8.55
LSH12,8/25/2026,8.85,9.18,8.85,8.95,1.13,4100.0,10.0,8.55
LSH12,8/26/2026,8.89,9.01,8.75,9.0,1.24,2600.0,10.0,8.55
LSH12,8/27/2026,9.0,9.11,8.8,9.11,1.22,2300.0,10.0,8.55
LSH12,8/31/2026,9.11,9.11,8.88,9.0,-1.21,5850.0,10.0,8.55
LSH12,9/1/2026,8.73,9.05,8.6,8.86,1.49,2000.0,10.0,8.55
LSH12,9/2/2026,8.86,9.0,8.85,9.0,1.58,3300.0,10.0,8.55
LSH12,9/3/2026,9.0,9.1,9.0,9.01,0.11,2000.0,10.0,8.55
LSH12,9/7/2026,8.95,9.1,8.9,8.95,0.0,2800.0,10.0,8.55
LSH12,9/9/2026,8.92,9.22,8.91,9.22,3.36,6350.0,10.0,8.55
LSH12,9/10/2026,9.0,9.0,8.97,8.97,-0.33,2000.0,10.0,8.55
LSH12,9/11/2026,8.96,9.0,8.9,8.9,-0.67,2300.0,10.0,8.55
LSH12,9/14/2026,8.64,8.9,8.64,8.83,2.2,1200.0,10.0,8.55
LSH12,9/15/2026,8.7,9.09,8.7,9.0,3.45,3350.0,10.0,8.55
LSH12,9/16/2026,9.0,9.05,9.0,9.04,0.44,2500.0,10.0,8.55
LSH12,9/17/2026,9.03,9.05,9.03,9.04,0.11,7100.0,10.0,8.55
LSH12,9/18/2026,8.92,9.09,8.92,9.05,1.46,5200.0,10.0,8.55
LSH12,9/22/2026,9.01,9.2,9.01,9.2,2.11,3300.0,10.0,8.55
LSH12,9/23/2026,8.98,9.2,8.98,9.2,2.45,14800.0,10.0,8.55
LSH12,9/24/2026,9.0,9.02,8.95,9.02,0.22,800.0,10.0,8.55
LSH12,9/28/2026,9.0,9.02,8.99,9.0,0.0,3400.0,10.0,8.55
LSH12,9/29/2026,8.95,9.54,8.95,0.0,-100.0,11040.0,10.0,8.55
LSH12,9/30/2026,8.9,9.01,8.9,9.0,1.12,1600.0,10.0,8.55
LSH12,10/1/2026,9.0,9.01,8.9,9.0,0.0,1700.0,10.0,8.55
LSH12,10/2/2026,9.0,9.01,9.0,9.0,0.0,3500.0,10.0,8.55
LSL,12/21/2025,215.9,215.9,211.0,211.5,,43180.0,260.0,203.0
LSL,12/22/2025,215.0,215.0,208.4,213.1,0.76,45434.0,260.0,203.0
LSL,12/23/2025,214.0,214.0,208.0,212.0,-0.52,42683.0,260.0,203.0
LSL,12/24/2025,211.9,211.9,209.0,210.0,-0.94,47218.0,260.0,203.0
LSL,12/28/2025,212.0,214.2,210.5,213.1,1.48,42563.0,260.0,203.0
LSL,12/29/2025,217.3,217.3,212.1,212.3,-0.38,47809.0,260.0,203.0
LSL,12/31/2025,212.4,215.0,212.0,215.0,1.27,54149.0,260.0,203.0
LSL,1/1/2026,212.0,214.9,212.0,212.9,-0.98,38855.0,260.0,203.0
LSL,1/4/2026,211.0,213.8,209.2,213.8,0.42,34593.0,260.0,203.0
LSL,1/5/2026,213.9,214.0,210.1,213.5,-0.14,27729.0,260.0,203.0
LSL,1/6/2026,214.0,214.4,212.1,214.2,0.33,71212.0,260.0,203.0
LSL,1/7/2026,212.2,216.5,212.2,213.7,-0.23,35425.0,260.0,203.0
LSL,1/8/2026,209.5,216.5,209.5,214.2,0.23,27228.0,260.0,203.0
LSL,1/12/2026,213.0,217.5,213.0,214.9,0.33,59133.0,260.0,203.0
LSL,1/13/2026,215.0,216.2,212.4,215.0,0.05,46963.0,260.0,203.0
LSL,1/14/2026,217.0,217.0,212.7,216.5,0.7,93032.0,260.0,203.0
LSL,1/18/2026,217.0,218.4,213.5,217.0,0.23,84325.0,260.0,203.0
LSL,1/20/2026,219.9,222.0,217.5,221.0,1.84,164154.0,260.0,203.0
LSL,1/21/2026,222.0,222.0,217.0,219.0,-0.9,111044.0,260.0,203.0
LSL,1/22/2026,223.3,223.3,217.7,219.5,0.23,50893.0,260.0,203.0
LSL,1/25/2026,223.5,223.9,218.0,223.0,1.59,102628.0,260.0,203.0
LSL,1/26/2026,225.0,225.0,220.0,220.6,-1.08,104028.0,260.0,203.0
LSL,1/27/2026,220.5,221.0,217.0,218.5,-0.95,72805.0,260.0,203.0
LSL,1/28/2026,221.0,221.0,216.0,219.9,0.64,41714.0,260.0,203.0
LSL,1/29/2026,216.0,216.8,212.0,215.8,-1.86,162275.0,260.0,203.0
LSL,2/1/2026,213.0,213.5,210.0,212.9,-1.34,63777.0,260.0,203.0
LSL,2/2/2026,217.1,217.1,209.1,212.3,-0.28,89040.0,260.0,203.0
LSL,2/3/2026,210.5,213.2,208.6,209.0,-1.55,40427.0,260.0,203.0
LSL,2/4/2026,210.5,210.5,208.0,208.6,-0.19,48333.0,260.0,203.0
LSL,2/5/2026,211.6,211.6,207.0,209.0,0.19,54196.0,260.0,203.0
LSL,2/8/2026,210.0,212.0,207.1,208.9,-0.05,56666.0,260.0,203.0
LSL,2/9/2026,210.0,210.0,207.6,208.0,-0.43,36757.0,260.0,203.0
LSL,2/10/2026,207.0,208.0,206.0,207.5,-0.24,52519.0,260.0,203.0
LSL,2/11/2026,210.0,210.0,205.0,205.6,-0.92,68870.0,260.0,203.0
LSL,2/12/2026,209.7,209.7,205.1,207.0,0.68,53728.0,260.0,203.0
LSL,2/16/2026,209.0,209.0,205.6,207.5,0.24,68971.0,260.0,203.0
LSL,2/17/2026,211.5,211.5,205.2,206.4,-0.53,58722.0,260.0,203.0
LSL,2/22/2026,209.0,209.0,203.5,204.5,-0.92,65136.0,260.0,203.0
LSL,2/23/2026,204.5,206.8,203.1,204.0,-0.24,18925.0,260.0,203.0
LSL,2/24/2026,203.0,208.0,203.0,205.0,0.49,25509.0,260.0,203.0
LSL,2/25/2026,207.0,207.0,204.0,206.4,0.68,25955.0,260.0,203.0
LSL,2/26/2026,210.5,210.5,205.1,209.9,1.7,26165.0,260.0,203.0
LSL,2/27/2026,210.5,210.5,205.1,209.9,0.0,26165.0,260.0,203.0
LSL,2/28/2026,210.5,210.5,205.1,209.9,0.0,26165.0,260.0,203.0
LSL,3/2/2026,214.0,214.0,206.0,210.0,0.05,90432.0,260.0,203.0
LSL,3/3/2026,214.2,214.2,210.0,214.0,1.9,91404.0,260.0,203.0
LSL,3/4/2026,214.2,214.2,210.0,214.0,0.0,91404.0,260.0,203.0
LSL,3/5/2026,214.2,214.2,210.0,214.0,0.0,91404.0,260.0,203.0
LSL,3/6/2026,214.2,214.2,210.0,214.0,0.0,91404.0,260.0,203.0
LSL,3/7/2026,214.2,214.2,210.0,214.0,0.0,91404.0,260.0,203.0
LSL,3/8/2026,214.2,214.2,210.0,214.0,0.0,91404.0,260.0,203.0
LSL,3/9/2026,218.2,227.0,218.2,226.0,5.61,3550.0,260.0,203.0
LSL,3/10/2026,230.5,230.5,212.0,222.9,-1.37,318545.0,260.0,203.0
LSL,3/11/2026,220.0,224.0,216.8,218.1,-2.15,103742.0,260.0,203.0
LSL,3/12/2026,217.0,227.0,216.0,224.7,3.03,239401.0,260.0,203.0
LSL,3/13/2026,217.0,227.0,216.0,224.7,0.0,239401.0,260.0,203.0
LSL,3/14/2026,217.0,227.0,216.0,224.7,0.0,239401.0,260.0,203.0
LSL,3/15/2026,225.0,228.0,221.2,224.0,-0.31,230724.0,260.0,203.0
LSL,3/16/2026,228.4,228.4,219.0,220.7,-1.47,98869.0,260.0,203.0
LSL,3/17/2026,219.8,223.0,218.0,222.0,0.59,107885.0,260.0,203.0
LSL,3/18/2026,219.8,223.0,218.0,222.0,0.0,107885.0,260.0,203.0
LSL,3/19/2026,226.4,231.0,223.1,231.0,4.05,462620.0,260.0,203.0
LSL,3/20/2026,226.4,231.0,223.1,231.0,0.0,462620.0,260.0,203.0
LSL,3/21/2026,226.4,231.0,223.1,231.0,0.0,462620.0,260.0,203.0
LSL,3/22/2026,235.0,239.5,231.0,237.0,2.6,507275.0,260.0,203.0
LSL,3/23/2026,239.5,239.5,229.5,237.0,0.0,384398.0,260.0,203.0
LSL,3/24/2026,239.0,241.2,232.5,240.0,1.27,486356.0,260.0,203.0
LSL,3/25/2026,235.2,240.0,232.3,233.9,-2.54,352849.0,260.0,203.0
LSL,3/26/2026,236.5,236.5,229.5,235.0,-0.63,301843.0,260.0,203.0
LSL,3/29/2026,235.0,235.0,224.7,224.7,-4.38,379070.0,260.0,203.0
LSL,3/30/2026,227.0,228.0,219.6,220.0,-3.08,221171.0,260.0,203.0
LSL,3/31/2026,219.2,223.0,215.7,221.9,1.23,116979.0,260.0,203.0
LSL,4/1/2026,220.0,222.8,212.3,214.5,-2.5,205121.0,260.0,203.0
LSL,4/2/2026,210.5,217.5,208.0,214.1,1.71,82853.0,260.0,203.0
LSL,4/5/2026,210.0,212.9,203.1,207.7,-1.1,344546.0,260.0,203.0
LSL,4/6/2026,206.0,219.6,206.0,217.0,5.34,170128.0,260.0,203.0
LSL,4/7/2026,219.9,220.8,213.0,215.4,-2.05,98347.0,260.0,203.0
LSL,4/8/2026,216.0,217.7,213.0,217.2,0.56,81962.0,260.0,203.0
LSL,4/9/2026,219.4,223.7,215.1,220.0,0.27,200362.0,260.0,203.0
LSL,4/10/2026,224.0,224.0,216.4,218.1,-2.63,94357.0,260.0,203.0
LSL,4/13/2026,214.0,220.0,214.0,215.5,0.7,90743.0,260.0,203.0
LSL,4/15/2026,219.0,223.0,215.6,221.0,0.91,142248.0,260.0,203.0
LSL,4/16/2026,218.1,219.5,216.4,217.4,-0.32,110529.0,260.0,203.0
LSL,4/17/2026,219.9,219.9,215.0,217.2,-1.23,59441.0,260.0,203.0
LSL,4/20/2026,208.0,220.0,208.0,215.3,3.51,44776.0,260.0,203.0
LSL,4/21/2026,221.0,221.0,213.7,214.0,-3.17,55962.0,260.0,203.0
LSL,4/22/2026,212.0,216.0,211.2,216.0,1.89,101764.0,260.0,203.0
LSL,4/23/2026,219.9,219.9,210.3,215.6,-1.96,59734.0,260.0,203.0
LSL,4/24/2026,216.0,217.8,211.2,215.0,-0.46,94523.0,260.0,203.0
LSL,4/27/2026,215.0,220.0,214.0,219.4,2.05,85020.0,260.0,203.0
LSL,4/28/2026,219.4,220.0,216.4,218.0,-0.64,108982.0,260.0,203.0
LSL,4/29/2026,218.0,221.0,215.0,217.0,-0.46,62117.0,260.0,203.0
LSL,4/30/2026,212.5,216.5,210.0,216.5,1.88,106398.0,260.0,203.0
LSL,5/4/2026,212.2,217.0,211.0,213.7,0.71,58310.0,260.0,203.0
LSL,5/5/2026,211.2,217.5,211.2,214.0,1.33,79165.0,260.0,203.0
LSL,5/6/2026,211.4,217.0,211.3,215.9,2.13,36649.0,260.0,203.0
LSL,5/7/2026,214.1,216.9,213.9,216.7,1.21,24370.0,260.0,203.0
LSL,5/8/2026,214.5,217.4,214.1,216.7,1.03,22708.0,260.0,203.0
LSL,5/11/2026,217.0,221.0,217.0,220.9,1.8,42027.0,260.0,203.0
LSL,5/12/2026,222.0,223.0,217.0,218.9,-1.4,98485.0,260.0,203.0
LSL,5/13/2026,218.0,219.9,215.2,216.2,-0.83,30030.0,260.0,203.0
LSL,5/14/2026,215.2,223.9,215.2,219.9,2.18,73692.0,260.0,203.0
LSL,5/15/2026,210.5,221.8,210.5,219.9,4.47,117325.0,260.0,203.0
LSL,5/18/2026,223.0,224.8,218.2,223.9,0.4,131192.0,260.0,203.0
LSL,5/19/2026,224.5,225.0,220.0,224.0,-0.22,84558.0,260.0,203.0
LSL,5/20/2026,224.0,226.7,222.4,226.7,1.21,167516.0,260.0,203.0
LSL,5/21/2026,226.5,226.5,222.5,223.0,-1.55,44094.0,260.0,203.0
LSL,5/22/2026,223.0,226.3,222.0,225.9,1.3,120134.0,260.0,203.0
LSL,5/25/2026,215.0,244.0,215.0,225.6,4.93,89425.0,260.0,203.0
LSL,5/26/2026,228.0,228.0,223.0,225.8,-0.96,80122.0,260.0,203.0
LSL,5/27/2026,226.9,226.9,222.0,225.0,-0.84,124190.0,260.0,203.0
LSL,6/1/2026,225.0,227.8,220.5,222.6,-1.07,153894.0,260.0,203.0
LSL,6/2/2026,222.0,226.9,221.0,226.9,2.21,111592.0,260.0,203.0
LSL,6/3/2026,226.9,226.9,222.3,223.0,-1.72,81665.0,260.0,203.0
LSL,6/4/2026,226.8,226.8,221.0,222.0,-2.12,90368.0,260.0,203.0
LSL,6/5/2026,227.0,227.0,220.3,221.2,-2.56,70936.0,260.0,203.0
LSL,6/8/2026,220.3,224.0,219.0,219.7,-0.27,106328.0,260.0,203.0
LSL,6/9/2026,230.6,230.6,216.0,218.9,-5.07,106957.0,260.0,203.0
LSL,6/10/2026,208.0,220.6,208.0,217.5,4.57,38113.0,260.0,203.0
LSL,6/11/2026,222.2,222.2,216.0,217.4,-2.16,27806.0,260.0,203.0
LSL,6/12/2026,217.0,219.0,215.3,218.0,0.46,34629.0,260.0,203.0
LSL,6/15/2026,217.0,219.9,216.0,219.5,1.15,1054017.0,260.0,203.0
LSL,6/16/2026,229.0,229.0,217.0,217.0,-5.24,66256.0,260.0,203.0
LSL,6/17/2026,208.0,221.0,208.0,218.0,4.81,437436.0,260.0,203.0
LSL,6/18/2026,217.3,220.9,216.6,219.0,0.78,84752.0,260.0,203.0
LSL,6/19/2026,218.0,220.0,216.9,218.0,0.0,64574.0,260.0,203.0
LSL,6/22/2026,220.0,220.0,216.6,219.0,-0.45,37030.0,260.0,203.0
LSL,6/23/2026,219.9,219.9,216.8,217.0,-1.32,105770.0,260.0,203.0
LSL,6/24/2026,227.8,227.8,215.3,216.4,-5.0,53842.0,260.0,203.0
LSL,6/26/2026,218.6,218.7,216.1,216.3,-1.05,151428.0,260.0,203.0
LSL,6/29/2026,205.5,222.0,205.5,222.0,8.03,55272.0,260.0,203.0
LSL,6/30/2026,222.1,222.1,212.3,213.6,-3.83,84181.0,260.0,203.0
LSL,7/1/2026,215.5,219.0,212.5,219.0,1.62,1345112.0,260.0,203.0
LSL,7/2/2026,220.0,223.0,211.5,222.0,0.91,1917570.0,260.0,203.0
LSL,7/3/2026,230.0,230.0,219.5,221.0,-3.91,292521.0,260.0,203.0
LSL,7/6/2026,219.0,220.9,215.0,215.0,-1.83,99155.0,260.0,203.0
LSL,7/7/2026,218.0,221.0,215.7,220.4,1.1,76065.0,260.0,203.0
LSL,7/8/2026,218.0,219.9,216.4,218.0,0.0,32918.0,260.0,203.0
LSL,7/9/2026,217.0,218.6,217.0,217.1,0.05,61732.0,260.0,203.0
LSL,7/10/2026,227.8,227.8,213.1,218.0,-4.3,100709.0,260.0,203.0
LSL,7/13/2026,216.5,217.0,215.0,215.1,-0.65,67861.0,260.0,203.0
LSL,7/14/2026,216.0,217.3,214.0,214.9,-0.51,212116.0,260.0,203.0
LSL,7/15/2026,217.0,220.0,214.9,215.0,-0.92,53731.0,260.0,203.0
LSL,7/16/2026,212.1,218.4,212.1,215.1,1.41,81383.0,260.0,203.0
LSL,7/17/2026,216.1,223.0,216.1,222.8,3.1,156215.0,260.0,203.0
LSL,7/20/2026,212.0,226.7,212.0,224.0,5.66,137613.0,260.0,203.0
LSL,7/21/2026,223.0,227.0,222.2,223.6,0.27,333917.0,260.0,203.0
LSL,7/22/2026,220.0,225.0,220.0,225.0,2.27,138502.0,260.0,203.0
LSL,7/23/2026,214.0,227.0,214.0,227.0,6.07,259236.0,260.0,203.0
LSL,7/24/2026,227.0,230.9,225.3,230.3,1.45,227090.0,260.0,203.0
LSL,7/27/2026,218.8,235.0,218.8,229.7,4.98,261979.0,260.0,203.0
LSL,7/28/2026,228.9,230.0,226.7,227.5,-0.61,147788.0,260.0,203.0
LSL,7/29/2026,225.4,230.0,225.2,228.5,1.38,191885.0,260.0,203.0
LSL,7/30/2026,230.0,230.5,224.9,226.8,-1.39,180338.0,260.0,203.0
LSL,7/31/2026,228.5,228.5,224.0,228.4,-0.04,104988.0,260.0,203.0
LSL,8/3/2026,217.0,232.1,217.0,229.4,5.71,206249.0,260.0,203.0
LSL,8/4/2026,227.2,229.9,225.5,225.5,-0.75,115489.0,260.0,203.0
LSL,8/5/2026,228.5,229.0,223.5,224.7,-1.66,110032.0,260.0,203.0
LSL,8/6/2026,218.0,227.0,218.0,222.8,2.2,173938.0,260.0,203.0
LSL,8/7/2026,222.0,222.0,218.6,220.2,-0.81,58669.0,260.0,203.0
LSL,8/10/2026,222.5,222.5,218.0,220.0,-1.12,56723.0,260.0,203.0
LSL,8/11/2026,219.0,222.4,219.0,221.0,0.91,23733.0,260.0,203.0
LSL,8/12/2026,221.1,223.0,220.0,220.9,-0.09,70498.0,260.0,203.0
LSL,8/13/2026,217.7,223.0,217.7,220.6,1.33,36922.0,260.0,203.0
LSL,8/14/2026,225.0,225.0,219.0,219.0,-2.67,83780.0,260.0,203.0
LSL,8/17/2026,208.1,221.0,208.1,220.4,5.91,57124.0,260.0,203.0
LSL,8/18/2026,220.0,220.0,217.1,219.0,-0.45,78182.0,260.0,203.0
LSL,8/19/2026,216.5,220.0,216.5,217.9,0.65,56190.0,260.0,203.0
LSL,8/20/2026,218.0,220.0,216.8,219.3,0.6,69495.0,260.0,203.0
LSL,8/21/2026,220.0,221.5,218.2,220.0,0.0,50702.0,260.0,203.0
LSL,8/24/2026,220.0,220.0,215.3,218.0,-0.91,59957.0,260.0,203.0
LSL,8/25/2026,218.0,219.0,216.7,217.0,-0.46,76286.0,260.0,203.0
LSL,8/26/2026,217.8,217.8,215.0,216.9,-0.41,47922.0,260.0,203.0
LSL,8/27/2026,213.1,218.9,212.0,217.0,1.83,26219.0,260.0,203.0
LSL,8/31/2026,217.0,217.5,215.1,217.1,0.05,63898.0,260.0,203.0
LSL,9/1/2026,217.5,220.0,216.0,219.0,0.69,40394.0,260.0,203.0
LSL,9/2/2026,219.0,221.0,217.0,221.0,0.91,68290.0,260.0,203.0
LSL,9/3/2026,221.3,225.0,221.3,223.0,0.77,78161.0,260.0,203.0
LSL,9/7/2026,234.1,234.1,222.4,225.0,-3.89,113537.0,260.0,203.0
LSL,9/9/2026,236.2,236.2,223.3,226.0,-4.32,43166.0,260.0,203.0
LSL,9/10/2026,226.0,227.8,221.2,224.0,-0.88,112172.0,260.0,203.0
LSL,9/11/2026,226.5,228.5,222.0,227.3,0.35,86278.0,260.0,203.0
LSL,9/14/2026,225.1,231.0,225.0,229.4,1.91,396536.0,260.0,203.0
LSL,9/15/2026,240.8,240.8,230.5,236.3,-1.87,838214.0,260.0,203.0
LSL,9/16/2026,232.2,236.0,230.9,232.5,0.13,313812.0,260.0,203.0
LSL,9/17/2026,235.0,239.0,234.1,238.5,1.49,373392.0,260.0,203.0
LSL,9/18/2026,250.4,250.4,233.1,246.4,-1.6,1107292.0,260.0,203.0
LSL,9/22/2026,251.0,253.9,248.0,250.0,-0.4,693050.0,260.0,203.0
LSL,9/23/2026,251.0,251.7,244.5,245.9,-2.03,761653.0,260.0,203.0
LSL,9/24/2026,250.0,252.0,243.0,250.0,0.0,554274.0,260.0,203.0
LSL,9/28/2026,250.0,254.7,249.0,250.9,0.36,382312.0,260.0,203.0
LSL,9/29/2026,250.0,252.0,248.0,0.0,-100.0,292125.0,260.0,203.0
LSL,9/30/2026,252.0,253.5,250.4,253.5,0.6,463181.0,260.0,203.0
LSL,10/1/2026,252.6,260.0,252.6,258.0,2.14,504687.0,260.0,203.0
LSL,10/2/2026,258.0,258.3,252.6,254.6,-1.32,412104.0,260.0,203.0
LSLPO,7/23/2026,123.0,123.0,123.0,123.0,0.0,8201.0,123.0,100.0
LUK,1/26/2026,9.71,10.09,9.7,9.7,,13261.0,10.91,8.97
LUK,1/27/2026,9.52,9.65,9.52,9.65,-0.52,500.0,10.91,8.97
LUK,1/28/2026,9.53,9.89,9.53,9.89,2.49,4700.0,10.91,8.97
LUK,1/29/2026,9.72,9.73,9.72,9.73,-1.62,800.0,10.91,8.97
LUK,2/1/2026,9.73,9.75,9.56,9.75,0.21,11130.0,10.91,8.97
LUK,2/2/2026,9.93,9.94,9.75,9.75,0.0,4150.0,10.91,8.97
LUK,2/3/2026,9.6,9.79,9.6,9.68,-0.72,1230.0,10.91,8.97
LUK,2/4/2026,9.87,10.05,9.71,10.05,3.82,5400.0,10.91,8.97
LUK,2/5/2026,10.02,10.05,10.02,10.05,0.0,1250.0,10.91,8.97
LUK,2/8/2026,9.85,9.95,9.85,9.95,-1.0,6300.0,10.91,8.97
LUK,2/9/2026,9.85,9.85,9.85,9.85,-1.01,200.0,10.91,8.97
LUK,2/10/2026,9.85,9.95,9.85,9.95,1.02,600.0,10.91,8.97
LUK,2/11/2026,9.8,9.99,9.7,9.89,-0.6,2300.0,10.91,8.97
LUK,2/12/2026,9.9,9.9,9.9,9.9,0.1,1000.0,10.91,8.97
LUK,2/16/2026,9.71,10.09,9.71,9.9,0.0,8945.0,10.91,8.97
LUK,2/17/2026,9.72,9.75,9.7,9.7,-2.02,18060.0,10.91,8.97
LUK,2/22/2026,9.7,9.7,9.7,9.7,0.0,100.0,10.91,8.97
LUK,2/23/2026,9.75,9.94,9.55,9.94,2.47,5499.0,10.91,8.97
LUK,2/24/2026,9.75,9.76,9.75,9.75,-1.91,1100.0,10.91,8.97
LUK,2/25/2026,9.76,9.77,9.76,9.77,0.21,1100.0,10.91,8.97
LUK,2/26/2026,9.61,9.8,9.61,9.8,0.31,2480.0,10.91,8.97
LUK,2/27/2026,9.61,9.8,9.61,9.8,0.0,2480.0,10.91,8.97
LUK,2/28/2026,9.61,9.8,9.61,9.8,0.0,2480.0,10.91,8.97
LUK,3/2/2026,9.61,9.8,9.61,9.8,0.0,1450.0,10.91,8.97
LUK,3/3/2026,9.7,9.7,9.7,9.7,-1.02,700.0,10.91,8.97
LUK,3/4/2026,9.7,9.7,9.7,9.7,0.0,700.0,10.91,8.97
LUK,3/5/2026,9.7,9.7,9.7,9.7,0.0,700.0,10.91,8.97
LUK,3/6/2026,9.7,9.7,9.7,9.7,0.0,700.0,10.91,8.97
LUK,3/7/2026,9.7,9.7,9.7,9.7,0.0,700.0,10.91,8.97
LUK,3/8/2026,9.7,9.7,9.7,9.7,0.0,700.0,10.91,8.97
LUK,3/10/2026,9.53,9.8,9.53,9.8,1.03,4800.0,10.91,8.97
LUK,3/11/2026,9.8,9.99,9.8,9.99,1.94,6450.0,10.91,8.97
LUK,3/12/2026,9.9,10.18,9.9,10.0,0.1,3600.0,10.91,8.97
LUK,3/13/2026,9.9,10.18,9.9,10.0,0.0,3600.0,10.91,8.97
LUK,3/14/2026,9.9,10.18,9.9,10.0,0.0,3600.0,10.91,8.97
LUK,3/15/2026,9.9,9.91,9.86,9.91,-0.9,3670.0,10.91,8.97
LUK,3/16/2026,9.72,9.8,9.72,9.75,-1.61,1150.0,10.91,8.97
LUK,3/17/2026,9.94,9.94,9.9,9.94,1.95,6871.0,10.91,8.97
LUK,3/18/2026,9.94,9.94,9.9,9.94,0.0,6871.0,10.91,8.97
LUK,3/19/2026,9.84,10.0,9.84,10.0,0.6,1100.0,10.91,8.97
LUK,3/20/2026,9.84,10.0,9.84,10.0,0.0,1100.0,10.91,8.97
LUK,3/21/2026,9.84,10.0,9.84,10.0,0.0,1100.0,10.91,8.97
LUK,3/22/2026,9.81,10.0,9.81,10.0,0.0,4450.0,10.91,8.97
LUK,3/23/2026,10.0,10.1,9.9,10.0,0.0,3700.0,10.91,8.97
LUK,3/24/2026,9.83,10.09,9.83,10.0,0.0,2800.0,10.91,8.97
LUK,3/25/2026,9.83,10.0,9.83,10.0,0.0,4400.0,10.91,8.97
LUK,3/26/2026,9.83,10.09,9.83,10.09,2.64,2600.0,10.91,8.97
LUK,3/29/2026,10.29,10.29,10.09,10.1,-1.85,12200.0,10.91,8.97
LUK,3/30/2026,10.3,10.3,10.0,10.0,-2.91,9600.0,10.91,8.97
LUK,3/31/2026,9.82,10.0,9.82,9.86,0.41,1600.0,10.91,8.97
LUK,4/1/2026,9.85,9.94,9.7,9.85,0.0,13100.0,10.91,8.97
LUK,4/2/2026,9.76,9.79,9.76,9.79,0.31,1195.0,10.91,8.97
LUK,4/5/2026,9.7,9.88,9.65,9.65,-0.52,32140.0,10.91,8.97
LUK,4/6/2026,9.48,9.84,9.48,9.84,3.8,2150.0,10.91,8.97
LUK,4/7/2026,9.65,9.75,9.53,9.7,0.52,3090.0,10.91,8.97
LUK,4/8/2026,9.71,9.89,9.71,9.89,1.85,900.0,10.91,8.97
LUK,4/9/2026,9.7,9.9,9.7,9.71,0.1,36800.0,10.91,8.97
LUK,4/10/2026,9.71,9.85,9.71,9.85,1.44,1000.0,10.91,8.97
LUK,4/13/2026,9.86,10.05,9.86,10.05,1.93,4100.0,10.91,8.97
LUK,4/15/2026,9.85,10.0,9.85,10.0,1.52,4900.0,10.91,8.97
LUK,4/16/2026,9.92,10.19,9.92,10.19,2.72,13745.0,10.91,8.97
LUK,4/17/2026,10.2,10.2,9.9,10.0,-1.96,6224.0,10.91,8.97
LUK,4/20/2026,9.72,10.1,9.72,10.1,3.91,10200.0,10.91,8.97
LUK,4/21/2026,9.9,9.91,9.9,9.91,0.1,800.0,10.91,8.97
LUK,4/22/2026,9.76,10.0,9.76,9.91,1.54,1900.0,10.91,8.97
LUK,4/23/2026,9.91,9.91,9.91,9.91,0.0,100.0,10.91,8.97
LUK,4/24/2026,9.91,9.67,9.67,9.67,-2.42,200.0,10.91,8.97
LUK,4/27/2026,9.67,9.92,9.41,9.92,2.59,21735.0,10.91,8.97
LUK,4/28/2026,9.92,10.12,9.84,9.84,-0.81,33300.0,10.91,8.97
LUK,4/30/2026,9.94,9.94,9.65,9.94,0.0,4500.0,10.91,8.97
LUK,5/4/2026,9.95,9.95,9.95,9.95,0.0,1400.0,10.91,8.97
LUK,5/5/2026,9.95,9.96,9.95,9.95,0.0,2400.0,10.91,8.97
LUK,5/6/2026,9.91,10.1,9.91,10.0,0.91,3500.0,10.91,8.97
LUK,5/7/2026,9.97,10.15,9.91,10.1,1.3,3800.0,10.91,8.97
LUK,5/8/2026,10.1,10.14,9.85,10.0,-0.99,2756.0,10.91,8.97
LUK,5/11/2026,10.0,10.0,9.94,9.95,-0.5,2750.0,10.91,8.97
LUK,5/12/2026,9.94,10.2,9.94,10.19,2.52,13000.0,10.91,8.97
LUK,5/13/2026,10.0,10.2,10.0,10.19,1.9,1300.0,10.91,8.97
LUK,5/14/2026,10.1,10.1,9.95,9.96,-1.39,11750.0,10.91,8.97
LUK,5/15/2026,9.93,10.1,9.93,10.1,1.71,1465.0,10.91,8.97
LUK,5/18/2026,9.95,9.96,9.95,9.96,0.1,300.0,10.91,8.97
LUK,5/19/2026,9.96,10.0,9.96,10.0,0.4,500.0,10.91,8.97
LUK,5/20/2026,9.96,10.0,9.95,10.0,0.4,1900.0,10.91,8.97
LUK,5/21/2026,9.95,10.0,9.93,9.93,-0.2,2900.0,10.91,8.97
LUK,5/22/2026,9.95,9.95,9.95,9.95,0.0,200.0,10.91,8.97
LUK,5/25/2026,9.95,10.2,9.95,10.0,0.5,5825.0,10.91,8.97
LUK,5/26/2026,10.3,10.3,10.0,10.2,-0.97,1860.0,10.91,8.97
LUK,5/27/2026,10.3,10.34,10.15,10.15,-1.46,6700.0,10.91,8.97
LUK,6/2/2026,10.0,10.0,10.0,10.0,0.0,300.0,10.91,8.97
LUK,6/3/2026,9.86,10.3,9.86,10.0,1.42,2100.0,10.91,8.97
LUK,6/4/2026,10.29,10.29,10.1,10.15,-1.36,800.0,10.91,8.97
LUK,6/5/2026,9.92,9.94,9.92,9.94,0.2,300.0,10.91,8.97
LUK,6/8/2026,9.9,10.3,9.9,10.3,4.04,28700.0,10.91,8.97
LUK,6/9/2026,10.6,10.6,10.3,10.3,-2.83,235.0,10.91,8.97
LUK,6/10/2026,10.1,10.1,10.1,10.1,0.0,200.0,10.91,8.97
LUK,6/11/2026,10.0,10.0,9.9,9.9,-1.0,11000.0,10.91,8.97
LUK,6/12/2026,10.0,10.9,10.0,10.0,0.0,34675.0,10.91,8.97
LUK,6/15/2026,10.0,10.3,10.0,10.04,0.4,1740.0,10.91,8.97
LUK,6/16/2026,10.04,10.2,10.04,10.2,1.59,7920.0,10.91,8.97
LUK,6/17/2026,9.9,10.0,9.87,9.87,-0.3,800.0,10.91,8.97
LUK,6/18/2026,10.0,10.0,10.0,10.0,0.0,100.0,10.91,8.97
LUK,6/19/2026,10.0,10.3,10.0,10.0,0.0,11300.0,10.91,8.97
LUK,6/22/2026,10.01,10.2,10.01,10.2,1.9,2600.0,10.91,8.97
LUK,6/23/2026,10.5,10.81,10.1,10.81,2.95,35365.0,10.91,8.97
LUK,6/24/2026,10.7,10.79,10.7,10.79,0.84,1800.0,10.91,8.97
LUK,6/26/2026,10.25,10.25,10.25,10.25,0.0,1000.0,10.91,8.97
LUK,6/29/2026,10.0,10.1,10.0,10.05,0.5,7125.0,10.91,8.97
LUK,6/30/2026,10.0,10.18,10.0,10.01,0.1,11900.0,10.91,8.97
LUK,7/1/2026,10.01,10.2,9.8,10.2,1.9,35250.0,10.91,8.97
LUK,7/2/2026,9.9,10.18,9.9,10.0,1.01,7485.0,10.91,8.97
LUK,7/3/2026,10.01,10.01,10.0,10.01,0.0,15310.0,10.91,8.97
LUK,7/6/2026,10.01,10.7,10.01,10.5,4.9,24447.0,10.91,8.97
LUK,7/7/2026,10.71,10.71,10.4,10.4,-2.89,5200.0,10.91,8.97
LUK,7/8/2026,10.3,10.65,10.3,10.3,0.0,6000.0,10.91,8.97
LUK,7/9/2026,10.0,10.3,10.0,10.03,0.3,12920.0,10.91,8.97
LUK,7/10/2026,10.0,10.1,10.0,10.0,0.0,1600.0,10.91,8.97
LUK,7/13/2026,10.3,10.3,10.0,10.0,-2.91,1800.0,10.91,8.97
LUK,7/14/2026,10.0,10.0,9.9,9.9,-1.0,1100.0,10.91,8.97
LUK,7/17/2026,10.19,10.49,10.19,10.49,2.94,7820.0,10.91,8.97
LUK,7/20/2026,10.25,10.25,9.95,9.95,-2.93,400.0,10.91,8.97
LUK,7/21/2026,10.2,10.24,9.96,9.99,-2.06,13850.0,10.91,8.97
LUK,7/22/2026,9.76,9.76,9.76,9.76,0.0,100.0,10.91,8.97
LUK,7/23/2026,9.9,10.35,9.9,10.06,1.62,6820.0,10.91,8.97
LUK,7/24/2026,10.36,10.36,9.76,9.76,-5.79,750.0,10.91,8.97
LUK,7/27/2026,9.76,10.06,9.76,10.0,2.46,9600.0,10.91,8.97
LUK,7/28/2026,10.3,10.91,10.3,10.91,5.92,64605.0,10.91,8.97
LUK,7/29/2026,10.69,10.89,10.26,10.79,0.94,34610.0,10.91,8.97
LUK,7/30/2026,10.47,10.48,10.16,10.46,-0.1,6810.0,10.91,8.97
LUK,7/31/2026,10.15,10.2,10.15,10.2,0.49,2300.0,10.91,8.97
LUK,8/3/2026,10.25,10.5,10.25,10.5,2.44,6100.0,10.91,8.97
LUK,8/4/2026,10.5,10.8,10.49,10.5,0.0,18077.0,10.91,8.97
LUK,8/5/2026,10.7,10.7,10.7,10.7,0.0,330.0,10.91,8.97
LUK,8/7/2026,10.69,10.69,10.69,10.69,0.0,1300.0,10.91,8.97
LUK,8/10/2026,10.6,10.7,9.9,10.06,-5.09,11530.0,10.91,8.97
LUK,8/11/2026,10.1,10.6,10.1,10.59,4.85,22997.0,10.91,8.97
LUK,8/12/2026,10.28,10.28,9.76,10.15,-1.26,13300.0,10.91,8.97
LUK,8/13/2026,10.1,10.1,9.73,9.73,-3.66,69315.0,10.91,8.97
LUK,8/14/2026,10.0,10.0,9.8,9.8,-2.0,800.0,10.91,8.97
LUK,8/17/2026,10.09,10.7,10.09,10.6,5.05,21050.0,10.91,8.97
LUK,8/18/2026,10.29,10.29,9.99,9.99,-2.92,300.0,10.91,8.97
LUK,8/19/2026,9.9,9.99,9.9,9.99,0.91,400.0,10.91,8.97
LUK,8/20/2026,10.28,10.28,9.74,9.74,-5.25,8100.0,10.91,8.97
LUK,8/21/2026,9.74,9.74,9.74,9.74,0.0,1000.0,10.91,8.97
LUK,8/24/2026,10.0,10.0,9.7,9.7,-3.0,200.0,10.91,8.97
LUK,8/25/2026,9.41,9.55,9.41,9.55,1.49,12500.0,10.91,8.97
LUK,8/26/2026,9.83,9.83,9.83,9.83,0.0,100.0,10.91,8.97
LUK,8/27/2026,9.55,9.6,9.55,9.57,0.21,300.0,10.91,8.97
LUK,8/31/2026,9.35,9.35,9.09,9.12,-2.46,29400.0,10.91,8.97
LUK,9/1/2026,9.15,9.42,9.15,9.42,2.95,230.0,10.91,8.97
LUK,9/2/2026,9.7,9.7,9.7,9.7,0.0,100.0,10.91,8.97
LUK,9/3/2026,9.41,9.41,9.13,9.4,-0.11,300.0,10.91,8.97
LUK,9/7/2026,9.21,9.72,9.1,9.5,3.15,2297.0,10.91,8.97
LUK,9/9/2026,9.3,9.78,9.3,9.78,5.16,2500.0,10.91,8.97
LUK,9/11/2026,9.5,9.5,9.49,9.49,-0.11,1710.0,10.91,8.97
LUK,9/14/2026,9.7,9.7,9.28,9.28,-4.33,11670.0,10.91,8.97
LUK,9/15/2026,9.28,9.57,9.28,9.5,2.37,2300.0,10.91,8.97
LUK,9/16/2026,9.31,9.34,9.31,9.34,0.32,200.0,10.91,8.97
LUK,9/17/2026,9.5,9.5,9.35,9.35,-1.58,1730.0,10.91,8.97
LUK,9/18/2026,9.5,9.55,9.5,9.5,0.0,4000.0,10.91,8.97
LUK,9/22/2026,9.75,9.77,9.4,9.77,0.21,8650.0,10.91,8.97
LUK,9/24/2026,9.48,9.48,9.48,9.48,0.0,100.0,10.91,8.97
LUK,9/28/2026,9.25,9.3,9.23,9.3,0.54,9396.0,10.91,8.97
LUK,9/29/2026,9.3,9.3,9.3,0.0,-100.0,200.0,10.91,8.97
LUK,9/30/2026,9.04,9.3,9.04,9.3,2.88,2420.0,10.91,8.97
LUK,10/1/2026,9.2,9.35,9.2,9.3,1.09,2321.0,10.91,8.97
LUK,10/2/2026,9.18,9.73,9.18,9.73,5.99,4300.0,10.91,8.97
LVF2,1/26/2026,9.61,9.84,9.42,9.6,,37090.0,10.3,8.76
LVF2,1/27/2026,9.41,9.9,9.24,9.41,-1.98,271332.0,10.3,8.76
LVF2,1/28/2026,9.59,9.66,9.42,9.5,0.96,3000.0,10.3,8.76
LVF2,1/29/2026,9.5,9.71,9.5,9.56,0.63,4400.0,10.3,8.76
LVF2,2/1/2026,9.55,9.73,9.51,9.73,1.78,2300.0,10.3,8.76
LVF2,2/2/2026,9.54,9.73,9.5,9.5,-2.36,111178.0,10.3,8.76
LVF2,2/3/2026,9.69,9.69,9.43,9.5,0.0,2300.0,10.3,8.76
LVF2,2/4/2026,9.35,9.72,9.35,9.55,0.53,4800.0,10.3,8.76
LVF2,2/5/2026,9.41,9.73,9.41,9.51,-0.42,16200.0,10.3,8.76
LVF2,2/8/2026,9.36,9.5,9.36,9.5,-0.11,2300.0,10.3,8.76
LVF2,2/9/2026,9.42,9.62,9.42,9.5,0.0,2705.0,10.3,8.76
LVF2,2/10/2026,9.5,9.5,9.42,9.45,-0.53,1600.0,10.3,8.76
LVF2,2/11/2026,9.44,9.63,9.44,9.5,0.53,13670.0,10.3,8.76
LVF2,2/12/2026,9.5,9.64,9.46,9.64,1.47,1300.0,10.3,8.76
LVF2,2/16/2026,9.5,9.71,9.5,9.71,0.73,13845.0,10.3,8.76
LVF2,2/17/2026,9.62,9.73,9.54,9.54,-1.75,19335.0,10.3,8.76
LVF2,2/22/2026,9.36,9.73,9.36,9.48,-0.63,5177.0,10.3,8.76
LVF2,2/23/2026,9.4,9.62,9.4,9.62,1.48,4865.0,10.3,8.76
LVF2,2/24/2026,9.6,9.69,9.5,9.5,-1.25,84256.0,10.3,8.76
LVF2,2/25/2026,9.41,9.69,9.41,9.51,0.11,4600.0,10.3,8.76
LVF2,2/26/2026,9.47,9.84,9.47,9.7,2.0,30450.0,10.3,8.76
LVF2,2/27/2026,9.47,9.84,9.47,9.7,0.0,30450.0,10.3,8.76
LVF2,2/28/2026,9.47,9.84,9.47,9.7,0.0,30450.0,10.3,8.76
LVF2,3/2/2026,9.51,9.6,9.51,9.6,-1.03,6630.0,10.3,8.76
LVF2,3/3/2026,9.79,9.79,9.79,9.79,1.98,21695.0,10.3,8.76
LVF2,3/4/2026,9.79,9.79,9.79,9.79,0.0,21695.0,10.3,8.76
LVF2,3/5/2026,9.79,9.79,9.79,9.79,0.0,21695.0,10.3,8.76
LVF2,3/6/2026,9.79,9.79,9.79,9.79,0.0,21695.0,10.3,8.76
LVF2,3/7/2026,9.79,9.79,9.79,9.79,0.0,21695.0,10.3,8.76
LVF2,3/8/2026,9.79,9.79,9.79,9.79,0.0,21695.0,10.3,8.76
LVF2,3/10/2026,9.9,9.98,9.8,9.82,0.31,42820.0,10.3,8.76
LVF2,3/11/2026,10.01,10.01,9.82,9.93,1.12,7460.0,10.3,8.76
LVF2,3/12/2026,9.75,9.98,9.75,9.98,0.5,700.0,10.3,8.76
LVF2,3/13/2026,9.75,9.98,9.75,9.98,0.0,700.0,10.3,8.76
LVF2,3/14/2026,9.75,9.98,9.75,9.98,0.0,700.0,10.3,8.76
LVF2,3/15/2026,9.79,9.84,9.72,9.84,-1.4,3000.0,10.3,8.76
LVF2,3/16/2026,9.82,9.88,9.82,9.87,0.3,1700.0,10.3,8.76
LVF2,3/17/2026,9.98,9.98,9.87,9.95,0.81,13100.0,10.3,8.76
LVF2,3/18/2026,9.98,9.98,9.87,9.95,0.0,13100.0,10.3,8.76
LVF2,3/19/2026,9.87,10.01,9.82,10.01,0.6,12200.0,10.3,8.76
LVF2,3/20/2026,9.87,10.01,9.82,10.01,0.0,12200.0,10.3,8.76
LVF2,3/21/2026,9.87,10.01,9.82,10.01,0.0,12200.0,10.3,8.76
LVF2,3/22/2026,10.0,10.05,9.87,9.9,-1.1,18205.0,10.3,8.76
LVF2,3/23/2026,9.85,10.09,9.85,10.0,1.01,21501.0,10.3,8.76
LVF2,3/24/2026,9.88,10.0,9.88,9.99,-0.1,4200.0,10.3,8.76
LVF2,3/25/2026,10.0,10.05,9.95,9.95,-0.4,6100.0,10.3,8.76
LVF2,3/26/2026,9.95,10.0,9.95,10.0,0.5,1150.0,10.3,8.76
LVF2,3/29/2026,9.99,10.0,9.83,9.9,-0.9,2200.0,10.3,8.76
LVF2,3/30/2026,9.71,9.85,9.71,9.85,1.44,1000.0,10.3,8.76
LVF2,3/31/2026,9.84,9.9,9.84,9.86,0.2,2000.0,10.3,8.76
LVF2,4/1/2026,9.85,10.0,9.7,10.0,1.52,22623.0,10.3,8.76
LVF2,4/2/2026,9.82,9.83,9.63,9.83,0.1,53450.0,10.3,8.76
LVF2,4/5/2026,9.7,9.83,9.7,9.78,0.82,21700.0,10.3,8.76
LVF2,4/6/2026,9.74,9.74,9.56,9.6,-1.44,3400.0,10.3,8.76
LVF2,4/7/2026,9.42,9.6,9.42,9.6,1.91,2100.0,10.3,8.76
LVF2,4/8/2026,9.58,10.09,9.58,9.91,3.44,123353.0,10.3,8.76
LVF2,4/9/2026,9.74,9.9,9.74,9.9,1.64,2860.0,10.3,8.76
LVF2,4/10/2026,9.8,10.09,9.8,9.9,1.02,8100.0,10.3,8.76
LVF2,4/13/2026,9.81,10.0,9.81,9.86,0.51,2300.0,10.3,8.76
LVF2,4/15/2026,9.8,10.1,9.8,10.0,2.04,8102.0,10.3,8.76
LVF2,4/16/2026,9.84,10.12,9.84,9.92,0.81,10300.0,10.3,8.76
LVF2,4/17/2026,9.84,10.15,9.84,10.0,1.63,13200.0,10.3,8.76
LVF2,4/20/2026,9.83,9.83,9.83,9.83,0.0,1750.0,10.3,8.76
LVF2,4/21/2026,9.85,9.9,9.85,9.9,0.51,1000.0,10.3,8.76
LVF2,4/22/2026,9.84,10.14,9.84,10.14,3.05,10176.0,10.3,8.76
LVF2,4/23/2026,9.85,10.0,9.85,9.9,0.51,3445.0,10.3,8.76
LVF2,4/24/2026,9.9,9.86,9.84,9.86,-0.4,1800.0,10.3,8.76
LVF2,4/27/2026,9.86,10.15,9.84,10.15,2.94,1600.0,10.3,8.76
LVF2,4/28/2026,10.15,10.16,9.86,10.16,0.1,28960.0,10.3,8.76
LVF2,4/29/2026,10.16,10.2,9.66,10.2,0.39,32050.0,10.3,8.76
LVF2,4/30/2026,10.11,10.2,9.96,10.2,0.89,2970.0,10.3,8.76
LVF2,5/4/2026,10.2,10.2,9.71,10.19,-0.1,2800.0,10.3,8.76
LVF2,5/5/2026,9.95,10.0,9.95,9.95,0.0,1000.0,10.3,8.76
LVF2,5/6/2026,9.7,10.0,9.7,9.71,0.1,1000.0,10.3,8.76
LVF2,5/7/2026,9.54,9.71,9.54,9.54,0.0,900.0,10.3,8.76
LVF2,5/8/2026,9.55,9.55,9.51,9.51,-0.42,310.0,10.3,8.76
LVF2,5/11/2026,9.52,9.8,9.37,9.4,-1.26,10910.0,10.3,8.76
LVF2,5/12/2026,9.43,9.99,9.43,9.61,1.91,23720.0,10.3,8.76
LVF2,5/13/2026,9.46,9.62,9.46,9.62,1.69,800.0,10.3,8.76
LVF2,5/14/2026,9.62,9.9,9.62,9.66,0.42,1400.0,10.3,8.76
LVF2,5/15/2026,9.42,9.89,9.42,9.89,4.99,6060.0,10.3,8.76
LVF2,5/18/2026,9.84,9.84,9.64,9.64,-2.03,600.0,10.3,8.76
LVF2,5/19/2026,9.64,9.64,9.54,9.56,-0.83,500.0,10.3,8.76
LVF2,5/20/2026,9.45,9.73,9.45,9.73,2.96,800.0,10.3,8.76
LVF2,5/21/2026,9.48,9.8,9.48,9.8,3.38,400.0,10.3,8.76
LVF2,5/22/2026,10.0,10.0,10.0,10.0,0.0,2600.0,10.3,8.76
LVF2,5/25/2026,9.8,10.19,9.8,9.95,1.53,4700.0,10.3,8.76
LVF2,5/26/2026,10.2,10.2,9.91,9.92,-2.75,18733.0,10.3,8.76
LVF2,5/27/2026,10.0,10.3,10.0,10.0,0.0,3900.0,10.3,8.76
LVF2,6/1/2026,9.71,10.0,9.71,10.0,2.99,2205.0,10.3,8.76
LVF2,6/2/2026,9.7,9.9,9.7,9.9,2.06,1430.0,10.3,8.76
LVF2,6/3/2026,9.72,10.3,9.72,10.3,5.97,2675.0,10.3,8.76
LVF2,6/4/2026,10.0,10.01,9.85,10.01,0.1,1300.0,10.3,8.76
LVF2,6/5/2026,9.72,10.01,9.72,9.96,2.47,1700.0,10.3,8.76
LVF2,6/8/2026,9.76,10.0,9.76,9.9,1.43,10110.0,10.3,8.76
LVF2,6/9/2026,9.8,9.9,9.8,9.86,0.61,650.0,10.3,8.76
LVF2,6/10/2026,10.1,10.1,9.8,9.8,-2.97,900.0,10.3,8.76
LVF2,6/11/2026,10.0,10.0,9.7,9.75,-2.5,450.0,10.3,8.76
LVF2,6/12/2026,9.6,9.82,9.6,9.82,2.29,500.0,10.3,8.76
LVF2,6/15/2026,9.61,9.91,9.61,9.76,1.56,1300.0,10.3,8.76
LVF2,6/16/2026,9.5,9.67,9.5,9.67,1.79,700.0,10.3,8.76
LVF2,6/17/2026,9.76,10.0,9.76,9.85,0.92,1870.0,10.3,8.76
LVF2,6/18/2026,9.85,10.14,9.7,10.14,2.94,2200.0,10.3,8.76
LVF2,6/19/2026,9.87,9.87,9.87,9.87,0.0,450.0,10.3,8.76
LVF2,6/22/2026,9.81,10.09,9.75,9.81,0.0,1310.0,10.3,8.76
LVF2,6/23/2026,9.81,10.0,9.7,9.8,-0.1,12127.0,10.3,8.76
LVF2,6/24/2026,9.71,9.99,9.7,9.75,0.41,500.0,10.3,8.76
LVF2,6/26/2026,9.6,9.8,9.6,9.8,2.08,400.0,10.3,8.76
LVF2,6/29/2026,10.0,10.2,9.9,10.0,0.0,17220.0,10.3,8.76
LVF2,6/30/2026,10.0,10.19,10.0,10.19,1.9,14940.0,10.3,8.76
LVF2,7/1/2026,9.91,10.0,9.91,10.0,0.91,1204.0,10.3,8.76
LVF2,7/2/2026,9.99,9.99,9.85,9.87,-1.2,600.0,10.3,8.76
LVF2,7/3/2026,9.9,10.0,9.8,10.0,1.01,6640.0,10.3,8.76
LVF2,7/6/2026,9.7,9.75,9.7,9.75,0.52,820.0,10.3,8.76
LVF2,7/7/2026,9.75,10.0,9.75,10.0,2.56,26300.0,10.3,8.76
LVF2,7/8/2026,9.71,10.05,9.71,10.0,2.99,31733.0,10.3,8.76
LVF2,7/9/2026,9.7,10.0,9.7,9.95,2.58,21800.0,10.3,8.76
LVF2,7/10/2026,9.75,9.8,9.75,9.75,0.0,700.0,10.3,8.76
LVF2,7/13/2026,9.76,9.77,9.76,9.77,0.1,700.0,10.3,8.76
LVF2,7/14/2026,9.76,10.0,9.72,10.0,2.46,1600.0,10.3,8.76
LVF2,7/15/2026,10.0,10.05,9.95,9.95,-0.5,10850.0,10.3,8.76
LVF2,7/16/2026,9.75,9.77,9.75,9.77,0.21,12500.0,10.3,8.76
LVF2,7/17/2026,9.7,10.0,9.7,10.0,3.09,900.0,10.3,8.76
LVF2,7/20/2026,9.8,9.81,9.8,9.81,0.1,1500.0,10.3,8.76
LVF2,7/21/2026,9.85,10.02,9.8,9.88,0.3,7720.0,10.3,8.76
LVF2,7/22/2026,9.81,9.81,9.75,9.75,-0.61,16000.0,10.3,8.76
LVF2,7/23/2026,9.8,9.81,9.8,9.81,0.1,1100.0,10.3,8.76
LVF2,7/24/2026,9.66,9.66,9.66,9.66,0.0,400.0,10.3,8.76
LVF2,7/27/2026,9.56,9.6,9.56,9.6,0.42,600.0,10.3,8.76
LVF2,7/28/2026,9.32,9.35,9.32,9.35,0.32,1400.0,10.3,8.76
LVF2,7/29/2026,9.35,9.35,9.3,9.3,-0.53,1500.0,10.3,8.76
LVF2,7/30/2026,9.03,9.13,9.01,9.13,1.11,6390.0,10.3,8.76
LVF2,7/31/2026,9.04,9.86,9.04,9.86,9.07,4250.0,10.3,8.76
LVF2,8/3/2026,9.57,10.15,9.57,10.14,5.96,1600.0,10.3,8.76
LVF2,8/4/2026,10.14,10.14,10.0,10.0,-1.38,14300.0,10.3,8.76
LVF2,8/5/2026,9.8,9.8,9.8,9.8,0.0,200.0,10.3,8.76
LVF2,8/6/2026,9.51,9.51,9.24,9.3,-2.21,800.0,10.3,8.76
LVF2,8/7/2026,9.1,9.1,9.03,9.06,-0.44,5300.0,10.3,8.76
LVF2,8/10/2026,9.06,9.1,9.0,9.1,0.44,1800.0,10.3,8.76
LVF2,8/11/2026,9.15,9.16,9.15,9.16,0.11,700.0,10.3,8.76
LVF2,8/12/2026,9.43,9.43,9.31,9.31,-1.27,8933.0,10.3,8.76
LVF2,8/13/2026,9.1,9.11,9.1,9.11,0.11,400.0,10.3,8.76
LVF2,8/14/2026,9.13,9.13,9.13,9.13,0.0,700.0,10.3,8.76
LVF2,8/17/2026,9.13,9.41,9.13,9.41,3.07,400.0,10.3,8.76
LVF2,8/18/2026,9.28,9.65,9.28,9.65,3.99,2600.0,10.3,8.76
LVF2,8/19/2026,9.38,9.86,9.38,9.86,5.12,3400.0,10.3,8.76
LVF2,8/20/2026,9.57,9.58,9.57,9.58,0.1,200.0,10.3,8.76
LVF2,8/21/2026,9.3,9.32,9.05,9.08,-2.37,420.0,10.3,8.76
LVF2,8/24/2026,9.08,9.1,9.08,9.1,0.22,2400.0,10.3,8.76
LVF2,8/25/2026,8.93,8.93,8.92,8.92,-0.11,3000.0,10.3,8.76
LVF2,8/26/2026,8.92,9.0,8.92,9.0,0.9,900.0,10.3,8.76
LVF2,9/2/2026,8.9,9.27,8.9,9.27,4.16,4400.0,10.3,8.76
LVF2,9/3/2026,9.01,9.27,8.76,9.27,2.89,5700.0,10.3,8.76
LVF2,9/7/2026,9.0,9.3,9.0,9.3,3.33,1400.0,10.3,8.76
LVF2,9/9/2026,9.03,9.05,9.03,9.05,0.22,1800.0,10.3,8.76
LVF2,9/10/2026,9.0,9.31,9.0,9.1,1.11,2200.0,10.3,8.76
LVF2,9/11/2026,9.0,9.1,9.0,9.1,1.11,400.0,10.3,8.76
LVF2,9/15/2026,8.83,9.35,8.83,9.34,5.78,1703.0,10.3,8.76
LVF2,9/16/2026,9.06,9.33,9.06,9.33,2.98,5500.0,10.3,8.76
LVF2,9/17/2026,9.06,9.06,9.06,9.06,0.0,300.0,10.3,8.76
LVF2,9/18/2026,9.02,9.29,9.02,9.15,1.44,1050.0,10.3,8.76
LVF2,9/22/2026,9.0,9.1,9.0,9.1,1.11,1200.0,10.3,8.76
LVF2,9/23/2026,9.0,9.15,9.0,9.15,1.67,700.0,10.3,8.76
LVF2,9/24/2026,8.88,9.21,8.88,9.1,2.48,900.0,10.3,8.76
LVF2,9/28/2026,9.1,9.1,9.1,9.1,0.0,300.0,10.3,8.76
LVF2,9/29/2026,9.1,9.15,9.1,0.0,-100.0,2200.0,10.3,8.76
LVF2,9/30/2026,8.9,9.15,8.9,9.15,2.81,200.0,10.3,8.76
LVF2,10/1/2026,9.15,9.15,9.15,9.15,0.0,500.0,10.3,8.76
LVF2,10/2/2026,9.15,9.15,9.15,9.15,0.0,110.0,10.3,8.76
MABEL,12/21/2025,711.7,711.7,676.4,688.0,,17851.0,927.0,317.7
MABEL,12/22/2025,676.0,715.0,671.1,698.7,1.56,32693.0,927.0,317.7
MABEL,12/23/2025,685.0,701.0,680.0,693.7,-0.72,23074.0,927.0,317.7
MABEL,12/24/2025,682.1,702.0,682.1,690.0,-0.53,14037.0,927.0,317.7
MABEL,12/28/2025,677.0,702.0,677.0,698.9,1.29,31399.0,927.0,317.7
MABEL,12/29/2025,687.0,700.0,684.1,695.0,-0.56,12200.0,927.0,317.7
MABEL,12/31/2025,686.1,702.0,685.0,687.4,-1.09,32463.0,927.0,317.7
MABEL,1/1/2026,685.0,722.0,685.0,717.0,4.31,93999.0,927.0,317.7
MABEL,1/4/2026,712.0,750.0,712.0,750.0,4.6,66818.0,927.0,317.7
MABEL,1/5/2026,755.0,780.0,745.0,764.5,1.93,81778.0,927.0,317.7
MABEL,1/6/2026,764.1,805.0,725.2,736.0,-3.73,68886.0,927.0,317.7
MABEL,1/7/2026,722.0,745.0,711.0,719.0,-2.31,27353.0,927.0,317.7
MABEL,1/8/2026,708.1,741.0,708.1,735.0,2.23,35313.0,927.0,317.7
MABEL,1/12/2026,732.0,768.2,731.3,759.8,3.37,45889.0,927.0,317.7
MABEL,1/13/2026,750.0,774.0,730.0,732.6,-3.58,34028.0,927.0,317.7
MABEL,1/14/2026,727.2,745.0,716.3,725.0,-1.04,29212.0,927.0,317.7
MABEL,1/18/2026,710.5,755.1,710.5,736.0,1.52,40703.0,927.0,317.7
MABEL,1/20/2026,736.0,761.0,735.0,741.0,0.68,43808.0,927.0,317.7
MABEL,1/21/2026,741.0,753.8,727.0,736.0,-0.67,30294.0,927.0,317.7
MABEL,1/22/2026,728.1,767.0,728.0,756.0,2.72,45011.0,927.0,317.7
MABEL,1/25/2026,770.0,831.6,758.0,831.6,10.0,92708.0,927.0,317.7
MABEL,1/26/2026,848.2,897.0,821.3,880.0,5.82,108598.0,927.0,317.7
MABEL,1/27/2026,880.0,927.0,850.1,851.1,-3.28,71930.0,927.0,317.7
MABEL,1/28/2026,850.5,890.0,833.0,884.8,3.96,83358.0,927.0,317.7
MABEL,1/29/2026,900.0,900.0,835.0,838.0,-5.29,79872.0,927.0,317.7
MABEL,2/1/2026,838.0,838.0,807.0,814.0,-2.86,37523.0,927.0,317.7
MABEL,2/2/2026,810.0,865.0,810.0,845.0,3.81,38649.0,927.0,317.7
MABEL,2/3/2026,859.1,860.0,815.0,819.0,-3.08,27151.0,927.0,317.7
MABEL,2/4/2026,820.1,845.0,785.6,799.0,-2.44,30041.0,927.0,317.7
MABEL,2/5/2026,799.0,814.0,790.0,811.0,1.5,32973.0,927.0,317.7
MABEL,2/8/2026,800.0,825.9,796.0,806.0,-0.62,24015.0,927.0,317.7
MABEL,2/9/2026,791.0,806.0,765.1,766.3,-4.93,19184.0,927.0,317.7
MABEL,2/10/2026,751.0,819.0,751.0,780.0,1.79,32393.0,927.0,317.7
MABEL,2/11/2026,795.0,809.9,759.0,759.0,-2.69,16135.0,927.0,317.7
MABEL,2/12/2026,762.0,783.7,750.0,755.0,-0.53,24759.0,927.0,317.7
MABEL,2/16/2026,760.0,777.2,750.3,777.0,2.91,8998.0,927.0,317.7
MABEL,2/17/2026,777.0,785.0,756.1,767.0,-1.29,15961.0,927.0,317.7
MABEL,2/22/2026,760.0,760.0,722.0,730.0,-4.82,22696.0,927.0,317.7
MABEL,2/23/2026,716.0,740.0,716.0,740.0,1.37,15519.0,927.0,317.7
MABEL,2/24/2026,731.1,765.0,729.0,755.0,2.03,14703.0,927.0,317.7
MABEL,2/25/2026,755.0,767.0,742.1,756.1,0.15,9164.0,927.0,317.7
MABEL,2/26/2026,770.0,770.0,737.1,750.0,-0.81,7594.0,927.0,317.7
MABEL,2/27/2026,770.0,770.0,737.1,750.0,0.0,7594.0,927.0,317.7
MABEL,2/28/2026,770.0,770.0,737.1,750.0,0.0,7594.0,927.0,317.7
MABEL,3/2/2026,735.0,750.0,726.3,740.2,-1.31,11832.0,927.0,317.7
MABEL,3/3/2026,725.4,770.0,725.4,770.0,4.03,20005.0,927.0,317.7
MABEL,3/4/2026,725.4,770.0,725.4,770.0,0.0,20005.0,927.0,317.7
MABEL,3/5/2026,725.4,770.0,725.4,770.0,0.0,20005.0,927.0,317.7
MABEL,3/6/2026,725.4,770.0,725.4,770.0,0.0,20005.0,927.0,317.7
MABEL,3/7/2026,725.4,770.0,725.4,770.0,0.0,20005.0,927.0,317.7
MABEL,3/8/2026,725.4,770.0,725.4,770.0,0.0,20005.0,927.0,317.7
MABEL,3/9/2026,785.4,832.3,785.4,816.0,5.97,1842.0,927.0,317.7
MABEL,3/10/2026,820.0,821.0,764.0,798.6,-2.13,38159.0,927.0,317.7
MABEL,3/11/2026,782.7,800.0,770.1,780.0,-2.33,23572.0,927.0,317.7
MABEL,3/12/2026,764.4,787.0,764.4,780.0,0.0,21246.0,927.0,317.7
MABEL,3/13/2026,764.4,787.0,764.4,780.0,0.0,21246.0,927.0,317.7
MABEL,3/14/2026,764.4,787.0,764.4,780.0,0.0,21246.0,927.0,317.7
MABEL,3/15/2026,780.0,780.0,760.0,768.0,-1.54,14306.0,927.0,317.7
MABEL,3/16/2026,755.1,770.0,752.7,753.4,-1.9,6325.0,927.0,317.7
MABEL,3/17/2026,753.0,755.0,736.0,745.0,-1.11,19844.0,927.0,317.7
MABEL,3/18/2026,753.0,755.0,736.0,745.0,0.0,19844.0,927.0,317.7
MABEL,3/19/2026,745.0,764.0,740.0,753.0,1.07,25650.0,927.0,317.7
MABEL,3/20/2026,745.0,764.0,740.0,753.0,0.0,25650.0,927.0,317.7
MABEL,3/21/2026,745.0,764.0,740.0,753.0,0.0,25650.0,927.0,317.7
MABEL,3/22/2026,756.0,763.0,747.0,747.1,-0.78,15905.0,927.0,317.7
MABEL,3/23/2026,740.0,755.8,737.0,753.0,0.79,19682.0,927.0,317.7
MABEL,3/24/2026,750.0,759.9,744.1,749.0,-0.53,15583.0,927.0,317.7
MABEL,3/25/2026,749.0,784.0,735.0,769.0,2.67,35225.0,927.0,317.7
MABEL,3/26/2026,760.1,783.7,756.2,773.0,1.7,34594.0,927.0,317.7
MABEL,3/29/2026,757.6,786.0,751.0,753.0,-0.61,28972.0,927.0,317.7
MABEL,3/30/2026,746.0,759.8,735.0,740.0,-0.8,19983.0,927.0,317.7
MABEL,3/31/2026,740.0,749.0,722.0,744.0,0.54,16163.0,927.0,317.7
MABEL,4/1/2026,745.0,745.0,705.1,712.0,-4.43,14447.0,927.0,317.7
MABEL,4/2/2026,698.1,712.9,693.0,700.0,0.27,23319.0,927.0,317.7
MABEL,4/5/2026,690.0,708.8,654.0,654.0,-5.22,18594.0,927.0,317.7
MABEL,4/6/2026,642.0,680.0,642.0,680.0,5.92,11293.0,927.0,317.7
MABEL,4/7/2026,680.2,692.0,666.5,668.8,-1.68,11520.0,927.0,317.7
MABEL,4/8/2026,682.1,722.0,669.0,720.0,5.56,21974.0,927.0,317.7
MABEL,4/9/2026,734.4,744.0,708.0,739.0,0.63,26373.0,927.0,317.7
MABEL,4/10/2026,752.0,752.0,708.1,717.0,-4.65,18915.0,927.0,317.7
MABEL,4/13/2026,705.1,729.0,697.0,700.0,-0.72,13925.0,927.0,317.7
MABEL,4/15/2026,701.0,723.0,701.0,715.0,2.0,11866.0,927.0,317.7
MABEL,4/16/2026,701.0,710.0,680.1,696.8,-0.6,22033.0,927.0,317.7
MABEL,4/17/2026,683.0,695.0,683.0,689.3,0.92,7152.0,927.0,317.7
MABEL,4/20/2026,681.0,715.0,681.0,713.0,4.7,12909.0,927.0,317.7
MABEL,4/21/2026,734.3,734.3,695.0,700.0,-4.67,18783.0,927.0,317.7
MABEL,4/22/2026,688.0,699.0,680.0,685.0,-0.44,17720.0,927.0,317.7
MABEL,4/23/2026,700.0,700.0,663.0,680.9,-2.73,12065.0,927.0,317.7
MABEL,4/24/2026,663.0,680.0,662.0,676.0,1.96,5026.0,927.0,317.7
MABEL,4/27/2026,676.0,690.0,661.0,673.0,-0.44,10475.0,927.0,317.7
MABEL,4/28/2026,639.4,698.0,639.4,672.3,5.15,6024.0,927.0,317.7
MABEL,4/29/2026,672.3,683.9,638.7,669.8,-0.37,9641.0,927.0,317.7
MABEL,4/30/2026,653.2,678.7,649.8,664.0,1.65,9466.0,927.0,317.7
MABEL,5/4/2026,664.0,664.0,647.0,648.3,-2.36,5248.0,927.0,317.7
MABEL,5/5/2026,641.1,657.0,635.5,647.0,0.92,7565.0,927.0,317.7
MABEL,5/6/2026,614.7,651.0,614.7,643.0,4.6,4965.0,927.0,317.7
MABEL,5/7/2026,675.0,675.0,630.4,639.0,-5.33,6460.0,927.0,317.7
MABEL,5/8/2026,631.0,660.0,631.0,660.0,4.6,8848.0,927.0,317.7
MABEL,5/11/2026,670.0,684.0,661.0,678.1,1.21,13466.0,927.0,317.7
MABEL,5/12/2026,685.0,690.0,655.1,658.1,-3.93,8654.0,927.0,317.7
MABEL,5/13/2026,658.2,658.2,641.0,654.0,-0.64,10244.0,927.0,317.7
MABEL,5/14/2026,621.5,659.3,621.5,651.0,4.75,3321.0,927.0,317.7
MABEL,5/15/2026,633.1,654.8,633.1,652.8,3.11,4528.0,927.0,317.7
MABEL,5/18/2026,621.5,667.7,621.5,660.0,6.19,8909.0,927.0,317.7
MABEL,5/19/2026,650.0,685.0,650.0,676.5,4.08,25708.0,927.0,317.7
MABEL,5/20/2026,680.0,720.0,670.0,716.0,5.29,43272.0,927.0,317.7
MABEL,5/21/2026,728.0,728.0,691.8,695.0,-4.53,30759.0,927.0,317.7
MABEL,5/22/2026,665.0,780.0,665.0,760.0,14.29,95959.0,927.0,317.7
MABEL,5/25/2026,760.0,782.0,742.1,745.0,-1.97,36530.0,927.0,317.7
MABEL,5/26/2026,745.0,754.6,735.1,739.0,-0.81,31141.0,927.0,317.7
MABEL,5/27/2026,740.0,748.9,723.2,736.4,-0.49,37564.0,927.0,317.7
MABEL,6/1/2026,773.0,773.0,718.0,731.0,-5.43,29594.0,927.0,317.7
MABEL,6/2/2026,725.1,729.0,710.2,715.0,-1.39,19422.0,927.0,317.7
MABEL,6/3/2026,722.0,740.0,722.0,728.0,0.83,20647.0,927.0,317.7
MABEL,6/4/2026,735.0,749.7,718.0,719.0,-2.18,16144.0,927.0,317.7
MABEL,6/5/2026,705.0,727.5,686.2,689.0,-2.27,28051.0,927.0,317.7
MABEL,6/8/2026,676.0,690.0,662.0,677.0,0.15,14891.0,927.0,317.7
MABEL,6/9/2026,672.0,680.0,656.9,680.0,1.19,14304.0,927.0,317.7
MABEL,6/10/2026,675.0,738.5,675.0,721.0,6.81,50219.0,927.0,317.7
MABEL,6/11/2026,713.5,732.9,701.0,725.0,1.61,22503.0,927.0,317.7
MABEL,6/12/2026,705.0,718.0,700.0,705.0,0.0,6558.0,927.0,317.7
MABEL,6/15/2026,720.0,720.0,685.0,685.0,-4.86,9641.0,927.0,317.7
MABEL,6/16/2026,666.0,708.9,666.0,703.5,5.63,18931.0,927.0,317.7
MABEL,6/17/2026,703.0,715.0,700.2,706.5,0.5,11208.0,927.0,317.7
MABEL,6/18/2026,695.0,712.7,692.1,706.0,1.58,6952.0,927.0,317.7
MABEL,6/19/2026,706.0,712.5,703.0,711.9,0.84,18113.0,927.0,317.7
MABEL,6/22/2026,704.0,711.9,696.1,698.0,-0.85,5897.0,927.0,317.7
MABEL,6/23/2026,695.0,695.0,675.0,675.0,-2.88,11846.0,927.0,317.7
MABEL,6/24/2026,671.0,693.1,656.0,684.0,1.94,15423.0,927.0,317.7
MABEL,6/26/2026,669.4,684.0,667.1,670.0,0.09,4876.0,927.0,317.7
MABEL,6/29/2026,665.1,670.0,639.0,658.0,-1.07,10688.0,927.0,317.7
MABEL,6/30/2026,643.5,650.0,622.1,630.0,-2.1,9451.0,927.0,317.7
MABEL,7/1/2026,630.0,674.6,630.0,657.0,4.29,9609.0,927.0,317.7
MABEL,7/2/2026,657.0,659.0,630.0,654.8,-0.33,8415.0,927.0,317.7
MABEL,7/3/2026,635.2,659.9,603.9,640.0,0.76,5973.0,927.0,317.7
MABEL,7/6/2026,640.0,640.0,613.8,615.0,-3.91,7996.0,927.0,317.7
MABEL,7/7/2026,610.0,632.0,610.0,623.0,2.13,4815.0,927.0,317.7
MABEL,7/8/2026,605.0,633.0,600.0,600.0,-0.83,7412.0,927.0,317.7
MABEL,7/9/2026,600.0,600.0,576.0,578.0,-3.67,8069.0,927.0,317.7
MABEL,7/10/2026,575.0,600.0,575.0,584.0,1.57,5674.0,927.0,317.7
MABEL,7/13/2026,585.0,585.0,557.0,562.0,-3.93,5550.0,927.0,317.7
MABEL,7/14/2026,546.0,563.0,545.5,553.0,1.28,7324.0,927.0,317.7
MABEL,7/15/2026,553.0,568.0,547.1,558.0,0.9,6930.0,927.0,317.7
MABEL,7/16/2026,560.0,560.0,550.5,552.0,-1.43,7084.0,927.0,317.7
MABEL,7/17/2026,567.0,604.8,567.0,602.0,6.17,10093.0,927.0,317.7
MABEL,7/20/2026,602.0,625.0,592.0,625.0,3.82,11311.0,927.0,317.7
MABEL,7/21/2026,611.0,649.0,611.0,635.9,4.08,14570.0,927.0,317.7
MABEL,7/22/2026,643.7,643.7,620.6,625.0,-2.91,4641.0,927.0,317.7
MABEL,7/23/2026,621.0,630.9,614.2,630.9,1.59,12447.0,927.0,317.7
MABEL,7/24/2026,632.5,670.0,632.0,637.0,0.71,25642.0,927.0,317.7
MABEL,7/27/2026,638.0,649.0,613.3,615.0,-3.61,9624.0,927.0,317.7
MABEL,7/28/2026,604.5,617.4,604.5,606.0,0.25,6191.0,927.0,317.7
MABEL,7/29/2026,593.0,620.0,590.0,600.0,1.18,7772.0,927.0,317.7
MABEL,7/30/2026,582.1,600.0,582.1,595.5,2.3,1818.0,927.0,317.7
MABEL,7/31/2026,583.1,606.9,583.1,603.0,3.41,5395.0,927.0,317.7
MABEL,8/3/2026,604.0,618.0,593.6,599.8,-0.7,7224.0,927.0,317.7
MABEL,8/4/2026,589.1,594.0,585.7,590.0,0.15,3923.0,927.0,317.7
MABEL,8/5/2026,585.1,600.0,585.1,599.0,2.38,4825.0,927.0,317.7
MABEL,8/6/2026,589.0,605.5,589.0,595.6,1.12,4965.0,927.0,317.7
MABEL,8/7/2026,595.0,610.0,586.3,593.0,-0.34,3650.0,927.0,317.7
MABEL,8/10/2026,580.0,602.0,580.0,594.0,2.41,2799.0,927.0,317.7
MABEL,8/11/2026,596.0,609.9,592.0,597.0,0.17,7416.0,927.0,317.7
MABEL,8/12/2026,592.1,600.0,590.1,590.1,-0.34,3649.0,927.0,317.7
MABEL,8/13/2026,590.09,598.0,590.09,590.6,0.09,5161.0,927.0,317.7
MABEL,8/14/2026,591.0,608.0,590.0,604.9,2.35,7838.0,927.0,317.7
MABEL,8/17/2026,604.0,640.0,604.0,619.0,2.48,22132.0,927.0,317.7
MABEL,8/18/2026,615.3,625.0,609.0,609.0,-1.02,13422.0,927.0,317.7
MABEL,8/19/2026,638.0,638.0,600.5,604.0,-5.33,6437.0,927.0,317.7
MABEL,8/20/2026,610.0,617.0,590.0,607.5,-0.41,4376.0,927.0,317.7
MABEL,8/21/2026,637.8,637.8,591.3,594.0,-6.87,3631.0,927.0,317.7
MABEL,8/24/2026,585.1,599.0,585.0,599.0,2.38,4920.0,927.0,317.7
MABEL,8/25/2026,583.0,590.0,583.0,584.0,0.17,2537.0,927.0,317.7
MABEL,8/26/2026,573.3,583.0,570.1,570.3,-0.52,3402.0,927.0,317.7
MABEL,8/27/2026,558.0,596.0,553.0,567.3,1.67,5846.0,927.0,317.7
MABEL,8/31/2026,553.1,558.1,553.1,553.3,0.04,5017.0,927.0,317.7
MABEL,9/1/2026,547.0,565.0,546.0,557.0,1.83,3926.0,927.0,317.7
MABEL,9/2/2026,547.1,565.0,546.2,557.0,1.81,3107.0,927.0,317.7
MABEL,9/3/2026,550.0,565.8,550.0,564.0,2.55,3709.0,927.0,317.7
MABEL,9/7/2026,554.0,592.0,554.0,587.7,6.08,5632.0,927.0,317.7
MABEL,9/9/2026,587.7,615.0,587.1,587.1,-0.1,23820.0,927.0,317.7
MABEL,9/10/2026,576.3,596.8,576.2,580.0,0.64,4182.0,927.0,317.7
MABEL,9/11/2026,585.0,600.0,575.0,600.0,2.56,5507.0,927.0,317.7
MABEL,9/14/2026,600.0,613.0,583.1,610.0,1.67,15846.0,927.0,317.7
MABEL,9/15/2026,640.0,640.0,603.2,613.0,-4.22,17076.0,927.0,317.7
MABEL,9/16/2026,609.0,609.0,595.0,602.0,-1.15,4951.0,927.0,317.7
MABEL,9/17/2026,595.0,614.9,585.1,594.6,-0.07,5145.0,927.0,317.7
MABEL,9/18/2026,582.1,614.9,582.0,603.8,3.73,15376.0,927.0,317.7
MABEL,9/22/2026,603.0,605.0,585.1,595.0,-1.33,3306.0,927.0,317.7
MABEL,9/23/2026,592.0,592.0,576.0,576.0,-2.7,3561.0,927.0,317.7
MABEL,9/24/2026,576.0,589.0,566.0,579.0,0.52,4615.0,927.0,317.7
MABEL,9/28/2026,570.0,578.0,556.0,572.9,0.51,4466.0,927.0,317.7
MABEL,9/29/2026,560.1,572.0,560.0,0.0,-100.0,2260.0,927.0,317.7
MABEL,9/30/2026,563.0,574.0,558.6,562.0,-0.18,2102.0,927.0,317.7
MABEL,10/1/2026,562.0,572.0,550.2,561.9,-0.02,3725.0,927.0,317.7
MABEL,10/2/2026,550.0,569.9,550.0,563.0,2.36,5196.0,927.0,317.7
MAKAR,12/21/2025,551.8,562.0,550.1,558.0,,2742.0,619.0,389.0
MAKAR,12/22/2025,550.0,551.0,539.0,544.5,-2.42,5439.0,619.0,389.0
MAKAR,12/23/2025,533.7,549.7,533.7,549.7,0.96,4020.0,619.0,389.0
MAKAR,12/24/2025,538.8,570.0,538.8,552.2,0.45,6137.0,619.0,389.0
MAKAR,12/28/2025,541.2,573.3,541.2,565.0,2.32,3091.0,619.0,389.0
MAKAR,12/29/2025,553.7,562.0,553.7,559.8,-0.92,3564.0,619.0,389.0
MAKAR,12/31/2025,550.0,568.9,548.7,548.7,-1.98,1980.0,619.0,389.0
MAKAR,1/1/2026,546.0,554.8,542.1,545.0,-0.67,7335.0,619.0,389.0
MAKAR,1/4/2026,537.7,540.1,530.1,535.0,-1.83,8274.0,619.0,389.0
MAKAR,1/5/2026,545.7,545.7,530.0,545.0,1.87,11408.0,619.0,389.0
MAKAR,1/6/2026,535.1,549.0,535.1,545.0,0.0,5719.0,619.0,389.0
MAKAR,1/7/2026,536.0,540.0,534.1,540.0,-0.92,5629.0,619.0,389.0
MAKAR,1/8/2026,530.1,539.8,530.1,538.0,-0.37,4367.0,619.0,389.0
MAKAR,1/12/2026,545.0,545.0,530.0,533.9,-0.76,9178.0,619.0,389.0
MAKAR,1/13/2026,544.0,544.0,520.0,533.0,-0.17,9530.0,619.0,389.0
MAKAR,1/14/2026,525.2,536.0,519.2,519.2,-2.59,7138.0,619.0,389.0
MAKAR,1/18/2026,515.0,547.9,515.0,535.0,3.04,12552.0,619.0,389.0
MAKAR,1/20/2026,544.0,555.0,540.0,554.0,3.55,14828.0,619.0,389.0
MAKAR,1/21/2026,550.0,553.5,545.1,549.0,-0.9,6489.0,619.0,389.0
MAKAR,1/22/2026,538.5,549.2,535.4,540.0,-1.64,4091.0,619.0,389.0
MAKAR,1/25/2026,535.1,555.0,535.1,548.0,1.48,5158.0,619.0,389.0
MAKAR,1/26/2026,550.1,574.2,541.2,568.0,3.65,21567.0,619.0,389.0
MAKAR,1/27/2026,562.1,585.0,555.0,555.0,-2.29,9440.0,619.0,389.0
MAKAR,1/28/2026,545.1,570.0,545.1,569.8,2.67,15292.0,619.0,389.0
MAKAR,1/29/2026,560.0,575.0,558.0,558.0,-2.07,20475.0,619.0,389.0
MAKAR,2/1/2026,550.1,553.0,543.0,548.0,-1.79,3725.0,619.0,389.0
MAKAR,2/2/2026,539.1,586.0,539.1,560.0,2.19,11444.0,619.0,389.0
MAKAR,2/3/2026,569.0,569.0,539.9,555.0,-0.89,25498.0,619.0,389.0
MAKAR,2/4/2026,554.0,555.0,534.3,549.9,-0.92,9869.0,619.0,389.0
MAKAR,2/5/2026,540.0,554.9,540.0,546.2,-0.67,11863.0,619.0,389.0
MAKAR,2/8/2026,546.3,572.9,546.3,563.0,3.08,38970.0,619.0,389.0
MAKAR,2/9/2026,556.0,560.0,552.0,558.5,-0.8,7815.0,619.0,389.0
MAKAR,2/10/2026,555.0,562.0,549.0,554.9,-0.64,3374.0,619.0,389.0
MAKAR,2/11/2026,544.1,550.0,540.0,548.0,-1.24,6467.0,619.0,389.0
MAKAR,2/12/2026,539.2,593.6,539.2,558.0,1.82,27881.0,619.0,389.0
MAKAR,2/16/2026,558.0,558.0,540.5,545.0,-2.33,1990.0,619.0,389.0
MAKAR,2/17/2026,535.0,554.8,533.0,542.0,-0.55,6320.0,619.0,389.0
MAKAR,2/22/2026,532.0,544.9,532.0,542.5,0.09,13401.0,619.0,389.0
MAKAR,2/23/2026,533.1,540.0,533.0,533.0,-1.75,4029.0,619.0,389.0
MAKAR,2/24/2026,533.0,533.0,526.0,527.1,-1.11,1810.0,619.0,389.0
MAKAR,2/25/2026,530.2,532.0,525.3,525.5,-0.3,6340.0,619.0,389.0
MAKAR,2/26/2026,532.0,546.7,526.1,534.0,1.62,8796.0,619.0,389.0
MAKAR,2/27/2026,532.0,546.7,526.1,534.0,0.0,8796.0,619.0,389.0
MAKAR,2/28/2026,532.0,546.7,526.1,534.0,0.0,8796.0,619.0,389.0
MAKAR,3/2/2026,525.0,540.0,525.0,539.0,0.94,2097.0,619.0,389.0
MAKAR,3/3/2026,539.0,547.9,531.2,542.0,0.56,4699.0,619.0,389.0
MAKAR,3/4/2026,539.0,547.9,531.2,542.0,0.0,4699.0,619.0,389.0
MAKAR,3/5/2026,539.0,547.9,531.2,542.0,0.0,4699.0,619.0,389.0
MAKAR,3/6/2026,539.0,547.9,531.2,542.0,0.0,4699.0,619.0,389.0
MAKAR,3/7/2026,539.0,547.9,531.2,542.0,0.0,4699.0,619.0,389.0
MAKAR,3/8/2026,539.0,547.9,531.2,542.0,0.0,4699.0,619.0,389.0
MAKAR,3/9/2026,552.8,575.0,552.8,575.0,6.09,40.0,619.0,389.0
MAKAR,3/10/2026,586.0,586.0,546.0,555.0,-3.48,14249.0,619.0,389.0
MAKAR,3/11/2026,555.0,572.5,551.0,561.9,1.24,33102.0,619.0,389.0
MAKAR,3/12/2026,560.0,567.0,555.9,565.0,0.55,9707.0,619.0,389.0
MAKAR,3/13/2026,560.0,567.0,555.9,565.0,0.0,9707.0,619.0,389.0
MAKAR,3/14/2026,560.0,567.0,555.9,565.0,0.0,9707.0,619.0,389.0
MAKAR,3/15/2026,555.6,563.1,545.0,552.0,-2.3,18450.0,619.0,389.0
MAKAR,3/16/2026,550.0,550.0,541.0,547.9,-0.74,5056.0,619.0,389.0
MAKAR,3/17/2026,542.3,547.2,540.0,544.9,-0.55,9802.0,619.0,389.0
MAKAR,3/18/2026,542.3,547.2,540.0,544.9,0.0,9802.0,619.0,389.0
MAKAR,3/19/2026,544.0,555.0,544.0,548.1,0.59,15417.0,619.0,389.0
MAKAR,3/20/2026,544.0,555.0,544.0,548.1,0.0,15417.0,619.0,389.0
MAKAR,3/21/2026,544.0,555.0,544.0,548.1,0.0,15417.0,619.0,389.0
MAKAR,3/22/2026,550.0,551.0,543.2,547.0,-0.2,16609.0,619.0,389.0
MAKAR,3/23/2026,545.0,555.6,538.0,538.0,-1.65,14400.0,619.0,389.0
MAKAR,3/24/2026,538.0,546.0,538.0,545.0,1.3,8298.0,619.0,389.0
MAKAR,3/25/2026,546.0,550.0,538.0,544.8,-0.04,21838.0,619.0,389.0
MAKAR,3/26/2026,538.0,554.0,538.0,541.5,0.65,7350.0,619.0,389.0
MAKAR,3/29/2026,552.1,552.3,527.0,528.0,-4.37,9505.0,619.0,389.0
MAKAR,3/30/2026,528.0,544.0,521.9,523.0,-0.95,8545.0,619.0,389.0
MAKAR,3/31/2026,533.3,533.4,504.1,527.1,-1.16,15826.0,619.0,389.0
MAKAR,4/1/2026,520.0,529.0,510.0,510.0,-1.92,7239.0,619.0,389.0
MAKAR,4/2/2026,501.0,520.2,500.0,503.1,0.42,9607.0,619.0,389.0
MAKAR,4/5/2026,503.0,503.0,470.0,473.0,-5.96,13633.0,619.0,389.0
MAKAR,4/6/2026,464.2,520.0,455.0,509.0,9.65,11105.0,619.0,389.0
MAKAR,4/7/2026,510.0,515.0,495.3,495.3,-2.88,4567.0,619.0,389.0
MAKAR,4/8/2026,488.0,509.9,466.0,490.0,0.41,26921.0,619.0,389.0
MAKAR,4/9/2026,485.0,504.0,480.5,486.4,0.29,14738.0,619.0,389.0
MAKAR,4/10/2026,490.0,525.0,486.7,508.0,3.67,34261.0,619.0,389.0
MAKAR,4/13/2026,497.9,544.9,497.9,532.1,6.87,97936.0,619.0,389.0
MAKAR,4/15/2026,542.0,542.0,525.3,530.0,-2.21,31577.0,619.0,389.0
MAKAR,4/16/2026,523.0,526.0,515.0,524.0,0.19,24519.0,619.0,389.0
MAKAR,4/17/2026,525.0,530.0,515.0,520.0,-0.95,21939.0,619.0,389.0
MAKAR,4/20/2026,505.0,519.0,505.0,510.0,0.99,15707.0,619.0,389.0
MAKAR,4/21/2026,508.0,509.0,498.0,500.0,-1.57,27042.0,619.0,389.0
MAKAR,4/22/2026,493.0,514.0,481.7,502.1,1.85,38540.0,619.0,389.0
MAKAR,4/23/2026,489.4,502.0,489.3,495.0,1.14,8507.0,619.0,389.0
MAKAR,4/24/2026,488.0,505.3,482.1,504.9,3.46,11643.0,619.0,389.0
MAKAR,4/27/2026,504.9,517.0,505.0,511.0,1.21,29168.0,619.0,389.0
MAKAR,4/28/2026,511.0,514.1,500.0,503.0,-1.57,11429.0,619.0,389.0
MAKAR,4/29/2026,503.0,500.0,490.0,495.0,-1.59,10530.0,619.0,389.0
MAKAR,4/30/2026,485.0,495.0,485.0,492.0,1.44,8423.0,619.0,389.0
MAKAR,5/4/2026,489.0,491.0,487.0,487.0,-0.41,10778.0,619.0,389.0
MAKAR,5/5/2026,485.2,494.9,480.2,488.2,0.62,12926.0,619.0,389.0
MAKAR,5/6/2026,501.9,501.9,485.0,485.6,-3.25,6485.0,619.0,389.0
MAKAR,5/7/2026,482.5,487.0,481.7,484.0,0.31,11905.0,619.0,389.0
MAKAR,5/8/2026,483.2,490.0,483.2,488.1,1.01,5410.0,619.0,389.0
MAKAR,5/11/2026,490.0,497.0,490.0,492.0,0.41,12032.0,619.0,389.0
MAKAR,5/12/2026,492.7,496.1,482.0,490.0,-0.55,11610.0,619.0,389.0
MAKAR,5/13/2026,485.9,497.9,482.1,485.6,-0.06,7420.0,619.0,389.0
MAKAR,5/14/2026,484.0,495.0,482.1,491.0,1.45,9550.0,619.0,389.0
MAKAR,5/15/2026,500.0,500.0,488.0,496.5,-0.7,2076.0,619.0,389.0
MAKAR,5/18/2026,497.0,497.0,491.0,495.5,-0.3,3475.0,619.0,389.0
MAKAR,5/19/2026,491.0,496.0,490.1,495.0,0.81,10333.0,619.0,389.0
MAKAR,5/20/2026,491.1,520.0,491.1,510.0,3.85,13385.0,619.0,389.0
MAKAR,5/21/2026,510.0,515.0,496.0,500.0,-1.96,5325.0,619.0,389.0
MAKAR,5/22/2026,500.0,510.0,497.2,509.7,1.94,20777.0,619.0,389.0
MAKAR,5/25/2026,535.1,535.1,504.0,511.0,-4.5,15963.0,619.0,389.0
MAKAR,5/26/2026,485.5,523.0,485.5,507.8,4.59,10497.0,619.0,389.0
MAKAR,5/27/2026,482.5,515.0,482.5,510.0,5.7,9660.0,619.0,389.0
MAKAR,6/1/2026,510.0,510.0,495.4,499.0,-2.16,9064.0,619.0,389.0
MAKAR,6/2/2026,500.0,507.9,493.5,501.0,0.2,13744.0,619.0,389.0
MAKAR,6/3/2026,476.0,515.0,476.0,500.8,5.21,7195.0,619.0,389.0
MAKAR,6/4/2026,498.1,508.0,498.0,500.0,0.38,5745.0,619.0,389.0
MAKAR,6/5/2026,500.0,500.0,495.0,496.6,-0.68,4590.0,619.0,389.0
MAKAR,6/8/2026,492.9,500.0,492.0,492.3,-0.12,8107.0,619.0,389.0
MAKAR,6/9/2026,507.0,507.0,492.0,495.0,-2.37,5380.0,619.0,389.0
MAKAR,6/10/2026,496.0,496.1,494.1,494.1,-0.38,3486.0,619.0,389.0
MAKAR,6/11/2026,493.1,494.0,488.0,489.2,-0.79,6778.0,619.0,389.0
MAKAR,6/12/2026,489.1,497.0,489.1,497.0,1.62,1710.0,619.0,389.0
MAKAR,6/15/2026,492.0,492.0,490.0,491.0,-0.2,2338.0,619.0,389.0
MAKAR,6/16/2026,490.0,491.0,486.2,488.0,-0.41,3732.0,619.0,389.0
MAKAR,6/17/2026,485.1,493.0,485.1,490.0,1.01,3090.0,619.0,389.0
MAKAR,6/18/2026,480.2,498.9,480.2,488.0,1.62,1263.0,619.0,389.0
MAKAR,6/19/2026,482.1,488.0,482.1,488.0,1.22,895.0,619.0,389.0
MAKAR,6/22/2026,502.0,517.0,483.5,490.0,-2.39,2960.0,619.0,389.0
MAKAR,6/23/2026,481.0,493.0,480.1,480.1,-0.19,10042.0,619.0,389.0
MAKAR,6/24/2026,480.1,485.0,480.1,481.2,0.23,3841.0,619.0,389.0
MAKAR,6/26/2026,480.0,481.5,472.3,478.2,-0.38,2550.0,619.0,389.0
MAKAR,6/29/2026,478.0,478.5,471.0,471.0,-1.46,3242.0,619.0,389.0
MAKAR,6/30/2026,466.0,478.9,463.0,465.0,-0.21,2007.0,619.0,389.0
MAKAR,7/1/2026,461.0,477.9,461.0,476.9,3.45,2856.0,619.0,389.0
MAKAR,7/2/2026,465.7,479.4,465.7,473.1,1.59,321.0,619.0,389.0
MAKAR,7/3/2026,487.0,505.0,466.1,479.0,-1.64,4529.0,619.0,389.0
MAKAR,7/6/2026,475.0,475.0,462.0,464.0,-2.32,3150.0,619.0,389.0
MAKAR,7/7/2026,464.0,468.5,458.1,467.0,0.65,1070.0,619.0,389.0
MAKAR,7/8/2026,460.2,460.8,455.3,455.3,-1.06,2460.0,619.0,389.0
MAKAR,7/9/2026,455.3,460.0,455.0,458.0,0.59,775.0,619.0,389.0
MAKAR,7/10/2026,455.8,463.1,455.8,463.0,1.58,1536.0,619.0,389.0
MAKAR,7/13/2026,455.0,459.0,455.0,457.0,0.44,1300.0,619.0,389.0
MAKAR,7/14/2026,456.0,468.0,448.0,460.0,0.88,4172.0,619.0,389.0
MAKAR,7/15/2026,460.1,470.0,448.2,460.0,-0.02,6986.0,619.0,389.0
MAKAR,7/16/2026,452.1,488.0,448.0,488.0,7.94,14572.0,619.0,389.0
MAKAR,7/17/2026,473.4,488.0,465.0,478.9,1.16,27092.0,619.0,389.0
MAKAR,7/20/2026,491.0,491.0,470.0,470.2,-4.24,15690.0,619.0,389.0
MAKAR,7/21/2026,446.7,482.1,446.7,460.0,2.98,43388.0,619.0,389.0
MAKAR,7/22/2026,460.0,471.9,449.7,456.0,-0.87,47797.0,619.0,389.0
MAKAR,7/23/2026,433.2,458.9,433.2,450.0,3.88,35324.0,619.0,389.0
MAKAR,7/24/2026,427.5,455.0,427.5,450.0,5.26,56320.0,619.0,389.0
MAKAR,7/27/2026,460.0,460.0,444.0,445.0,-3.26,53156.0,619.0,389.0
MAKAR,7/28/2026,445.0,446.0,441.0,442.5,-0.56,24614.0,619.0,389.0
MAKAR,7/29/2026,440.1,450.0,439.2,440.0,-0.02,70620.0,619.0,389.0
MAKAR,7/30/2026,449.0,449.0,434.1,437.9,-2.47,49623.0,619.0,389.0
MAKAR,7/31/2026,438.0,440.0,433.1,440.0,0.46,7472.0,619.0,389.0
MAKAR,8/3/2026,443.0,443.4,438.2,439.9,-0.7,9267.0,619.0,389.0
MAKAR,8/4/2026,439.9,439.9,434.1,436.6,-0.75,7692.0,619.0,389.0
MAKAR,8/5/2026,436.0,441.0,436.0,438.0,0.46,10730.0,619.0,389.0
MAKAR,8/6/2026,459.0,459.0,434.5,435.0,-5.23,14216.0,619.0,389.0
MAKAR,8/7/2026,435.0,435.1,428.6,429.8,-1.2,31056.0,619.0,389.0
MAKAR,8/10/2026,430.0,433.9,425.0,425.0,-1.16,18200.0,619.0,389.0
MAKAR,8/11/2026,446.2,446.2,419.2,419.5,-5.98,29187.0,619.0,389.0
MAKAR,8/12/2026,420.1,420.1,414.0,415.0,-1.21,18753.0,619.0,389.0
MAKAR,8/13/2026,412.0,418.0,411.0,411.0,-0.24,42802.0,619.0,389.0
MAKAR,8/14/2026,415.0,422.0,408.0,420.0,1.2,45197.0,619.0,389.0
MAKAR,8/17/2026,420.0,420.0,408.2,412.9,-1.69,20070.0,619.0,389.0
MAKAR,8/18/2026,410.0,415.0,406.1,407.1,-0.71,11443.0,619.0,389.0
MAKAR,8/19/2026,406.0,408.0,401.0,406.9,0.22,19213.0,619.0,389.0
MAKAR,8/20/2026,400.0,436.7,400.0,420.0,5.0,39703.0,619.0,389.0
MAKAR,8/21/2026,416.5,419.7,414.0,416.5,0.0,12516.0,619.0,389.0
MAKAR,8/24/2026,395.7,432.2,395.7,418.9,5.86,23561.0,619.0,389.0
MAKAR,8/25/2026,439.8,447.9,405.0,439.0,-0.18,2212363.0,619.0,389.0
MAKAR,8/26/2026,445.0,445.0,418.0,426.0,-4.27,46463.0,619.0,389.0
MAKAR,8/27/2026,420.0,432.0,400.0,401.0,-4.52,176382.0,619.0,389.0
MAKAR,8/31/2026,402.0,405.0,390.2,390.2,-2.94,55437.0,619.0,389.0
MAKAR,9/1/2026,389.0,401.6,389.0,397.0,2.06,51732.0,619.0,389.0
MAKAR,9/2/2026,398.0,410.0,395.0,404.1,1.53,90227.0,619.0,389.0
MAKAR,9/3/2026,411.0,413.8,405.0,406.5,-1.09,103617.0,619.0,389.0
MAKAR,9/7/2026,407.0,409.9,402.0,402.0,-1.23,50130.0,619.0,389.0
MAKAR,9/9/2026,402.0,405.0,397.7,400.0,-0.5,53462.0,619.0,389.0
MAKAR,9/10/2026,397.7,408.5,395.0,400.0,0.58,128407.0,619.0,389.0
MAKAR,9/11/2026,400.0,405.0,395.0,402.0,0.5,86279.0,619.0,389.0
MAKAR,9/14/2026,402.2,412.8,402.2,410.0,1.94,99925.0,619.0,389.0
MAKAR,9/15/2026,430.0,430.0,410.2,418.4,-2.7,173461.0,619.0,389.0
MAKAR,9/16/2026,418.5,424.5,415.0,419.0,0.12,94922.0,619.0,389.0
MAKAR,9/17/2026,421.0,425.0,415.0,418.1,-0.69,105851.0,619.0,389.0
MAKAR,9/18/2026,415.1,425.0,415.0,419.0,0.94,139521.0,619.0,389.0
MAKAR,9/22/2026,425.0,425.0,414.9,418.2,-1.6,132986.0,619.0,389.0
MAKAR,9/23/2026,419.7,419.9,408.3,410.8,-2.12,67850.0,619.0,389.0
MAKAR,9/24/2026,404.5,414.0,404.5,410.9,1.58,84040.0,619.0,389.0
MAKAR,9/28/2026,410.4,414.5,405.3,406.0,-1.07,52972.0,619.0,389.0
MAKAR,9/29/2026,409.0,409.0,404.1,0.0,-100.0,16732.0,619.0,389.0
MAKAR,9/30/2026,403.1,411.9,403.1,410.6,1.86,55155.0,619.0,389.0
MAKAR,10/1/2026,410.0,410.5,407.0,409.0,-0.24,36030.0,619.0,389.0
MAKAR,10/2/2026,406.0,410.0,404.1,404.1,-0.47,46286.0,619.0,389.0
MANDU,12/21/2025,790.0,800.0,790.0,792.9,,660.0,909.0,622.0
MANDU,12/22/2025,799.0,800.0,784.1,790.0,-0.37,3955.0,909.0,622.0
MANDU,12/23/2025,805.8,810.0,790.2,791.0,0.13,1743.0,909.0,622.0
MANDU,12/24/2025,791.0,807.0,791.0,793.5,0.32,1067.0,909.0,622.0
MANDU,12/28/2025,800.0,805.0,793.0,805.0,1.45,1341.0,909.0,622.0
MANDU,12/29/2025,792.1,811.0,792.1,805.0,0.0,1384.0,909.0,622.0
MANDU,12/31/2025,800.0,805.0,796.1,797.1,-0.98,1524.0,909.0,622.0
MANDU,1/1/2026,783.1,800.0,783.1,793.0,-0.51,2154.0,909.0,622.0
MANDU,1/4/2026,785.2,800.0,785.2,793.5,0.06,1217.0,909.0,622.0
MANDU,1/5/2026,793.0,805.9,793.0,796.0,0.32,3650.0,909.0,622.0
MANDU,1/6/2026,796.0,812.0,795.7,805.0,1.13,4236.0,909.0,622.0
MANDU,1/7/2026,800.0,800.0,795.0,800.0,-0.62,4045.0,909.0,622.0
MANDU,1/8/2026,800.0,805.0,795.1,800.0,0.0,2973.0,909.0,622.0
MANDU,1/12/2026,793.0,811.8,792.5,800.0,0.0,2632.0,909.0,622.0
MANDU,1/13/2026,800.0,804.5,795.1,800.0,0.0,2154.0,909.0,622.0
MANDU,1/14/2026,795.0,812.0,795.0,807.0,0.88,5994.0,909.0,622.0
MANDU,1/18/2026,800.0,832.3,793.0,817.9,1.35,4737.0,909.0,622.0
MANDU,1/20/2026,801.6,830.0,801.6,830.0,1.48,5014.0,909.0,622.0
MANDU,1/21/2026,813.4,909.0,813.4,868.0,4.58,13035.0,909.0,622.0
MANDU,1/22/2026,850.7,880.0,834.0,852.1,-1.83,5425.0,909.0,622.0
MANDU,1/25/2026,860.0,862.0,843.0,858.0,0.69,3105.0,909.0,622.0
MANDU,1/26/2026,850.0,860.0,835.0,836.0,-2.56,5083.0,909.0,622.0
MANDU,1/27/2026,832.2,852.0,824.0,830.0,-0.72,7725.0,909.0,622.0
MANDU,1/28/2026,844.9,844.9,815.0,820.0,-1.2,5543.0,909.0,622.0
MANDU,1/29/2026,821.0,835.0,811.1,820.0,0.0,2913.0,909.0,622.0
MANDU,2/1/2026,810.0,836.0,803.6,810.1,-1.21,2379.0,909.0,622.0
MANDU,2/2/2026,815.0,846.0,800.0,810.1,0.0,1046.0,909.0,622.0
MANDU,2/3/2026,810.1,840.0,810.1,817.9,0.96,3515.0,909.0,622.0
MANDU,2/4/2026,806.0,826.2,806.0,816.1,-0.22,1115.0,909.0,622.0
MANDU,2/5/2026,815.0,835.0,815.0,835.0,2.32,3322.0,909.0,622.0
MANDU,2/8/2026,821.0,846.0,821.0,827.9,-0.85,6576.0,909.0,622.0
MANDU,2/9/2026,813.1,829.1,813.0,813.0,-1.8,1270.0,909.0,622.0
MANDU,2/10/2026,815.0,829.2,805.7,807.0,-0.74,3211.0,909.0,622.0
MANDU,2/11/2026,823.0,835.0,806.1,812.0,0.62,2395.0,909.0,622.0
MANDU,2/12/2026,805.0,830.0,805.0,830.0,2.22,3644.0,909.0,622.0
MANDU,2/16/2026,818.0,819.0,814.0,814.0,-1.93,840.0,909.0,622.0
MANDU,2/17/2026,803.1,820.0,803.1,803.7,-1.27,2642.0,909.0,622.0
MANDU,2/22/2026,804.0,810.0,798.0,798.1,-0.7,1092.0,909.0,622.0
MANDU,2/23/2026,798.0,804.9,791.0,800.0,0.24,2193.0,909.0,622.0
MANDU,2/24/2026,800.0,812.0,797.1,811.0,1.37,1149.0,909.0,622.0
MANDU,2/25/2026,800.0,813.0,800.0,810.0,-0.12,1001.0,909.0,622.0
MANDU,2/26/2026,800.0,807.0,796.0,802.0,-0.99,867.0,909.0,622.0
MANDU,2/27/2026,800.0,807.0,796.0,802.0,0.0,867.0,909.0,622.0
MANDU,2/28/2026,800.0,807.0,796.0,802.0,0.0,867.0,909.0,622.0
MANDU,3/2/2026,805.0,810.0,791.0,810.0,1.0,1676.0,909.0,622.0
MANDU,3/3/2026,805.1,829.9,801.1,816.0,0.74,1049.0,909.0,622.0
MANDU,3/4/2026,805.1,829.9,801.1,816.0,0.0,1049.0,909.0,622.0
MANDU,3/5/2026,805.1,829.9,801.1,816.0,0.0,1049.0,909.0,622.0
MANDU,3/6/2026,805.1,829.9,801.1,816.0,0.0,1049.0,909.0,622.0
MANDU,3/7/2026,805.1,829.9,801.1,816.0,0.0,1049.0,909.0,622.0
MANDU,3/8/2026,805.1,829.9,801.1,816.0,0.0,1049.0,909.0,622.0
MANDU,3/9/2026,832.0,848.6,832.0,848.6,4.0,160.0,909.0,622.0
MANDU,3/10/2026,865.5,882.0,833.0,850.0,0.16,8008.0,909.0,622.0
MANDU,3/11/2026,836.0,866.0,835.0,845.0,-0.59,3507.0,909.0,622.0
MANDU,3/12/2026,845.0,859.0,838.0,849.0,0.47,1890.0,909.0,622.0
MANDU,3/13/2026,845.0,859.0,838.0,849.0,0.0,1890.0,909.0,622.0
MANDU,3/14/2026,845.0,859.0,838.0,849.0,0.0,1890.0,909.0,622.0
MANDU,3/15/2026,833.3,845.0,828.6,828.6,-2.4,3448.0,909.0,622.0
MANDU,3/16/2026,821.3,833.1,821.2,828.0,-0.07,1383.0,909.0,622.0
MANDU,3/17/2026,844.5,844.5,819.1,821.6,-0.77,1192.0,909.0,622.0
MANDU,3/18/2026,844.5,844.5,819.1,821.6,0.0,1192.0,909.0,622.0
MANDU,3/19/2026,820.0,840.0,818.0,831.9,1.25,2819.0,909.0,622.0
MANDU,3/20/2026,820.0,840.0,818.0,831.9,0.0,2819.0,909.0,622.0
MANDU,3/21/2026,820.0,840.0,818.0,831.9,0.0,2819.0,909.0,622.0
MANDU,3/22/2026,832.1,843.0,822.2,835.0,0.37,6077.0,909.0,622.0
MANDU,3/23/2026,844.0,860.0,835.2,860.0,2.99,9435.0,909.0,622.0
MANDU,3/24/2026,870.0,870.0,845.2,862.0,0.23,4324.0,909.0,622.0
MANDU,3/25/2026,851.0,865.0,848.0,850.0,-1.39,3127.0,909.0,622.0
MANDU,3/26/2026,838.0,859.8,838.0,859.5,2.57,5120.0,909.0,622.0
MANDU,3/29/2026,844.2,859.5,815.0,849.9,0.68,9410.0,909.0,622.0
MANDU,3/30/2026,836.0,853.5,820.0,848.0,1.44,5126.0,909.0,622.0
MANDU,3/31/2026,831.3,848.0,825.0,835.1,0.46,2270.0,909.0,622.0
MANDU,4/1/2026,821.0,837.2,805.0,825.0,0.49,3592.0,909.0,622.0
MANDU,4/2/2026,825.0,829.8,806.3,825.0,0.0,3629.0,909.0,622.0
MANDU,4/5/2026,810.0,810.0,790.0,791.0,-2.35,8787.0,909.0,622.0
MANDU,4/6/2026,791.0,822.0,791.0,817.6,3.36,4589.0,909.0,622.0
MANDU,4/7/2026,808.0,833.9,808.0,822.0,1.73,1468.0,909.0,622.0
MANDU,4/8/2026,815.0,828.0,815.0,828.0,1.6,1302.0,909.0,622.0
MANDU,4/9/2026,833.0,840.0,823.1,840.0,0.84,4312.0,909.0,622.0
MANDU,4/10/2026,824.0,851.0,824.0,851.0,3.28,7573.0,909.0,622.0
MANDU,4/13/2026,858.0,858.0,836.5,849.9,-0.94,1765.0,909.0,622.0
MANDU,4/15/2026,845.0,845.0,835.1,842.0,-0.36,2120.0,909.0,622.0
MANDU,4/16/2026,835.0,835.0,816.1,816.1,-2.26,2542.0,909.0,622.0
MANDU,4/17/2026,832.0,848.6,820.0,839.7,0.93,2299.0,909.0,622.0
MANDU,4/20/2026,840.0,840.0,821.3,825.3,-1.75,1053.0,909.0,622.0
MANDU,4/21/2026,825.2,849.5,816.2,838.0,1.55,2731.0,909.0,622.0
MANDU,4/22/2026,840.0,840.0,810.0,833.0,-0.83,1546.0,909.0,622.0
MANDU,4/23/2026,815.7,830.0,815.6,830.0,1.75,2775.0,909.0,622.0
MANDU,4/24/2026,830.0,825.0,806.0,810.2,-2.39,1599.0,909.0,622.0
MANDU,4/27/2026,810.2,823.5,800.5,823.0,1.58,973.0,909.0,622.0
MANDU,4/28/2026,823.0,823.9,805.0,823.0,0.0,2377.0,909.0,622.0
MANDU,4/29/2026,823.0,823.0,800.4,806.0,-2.07,653.0,909.0,622.0
MANDU,4/30/2026,809.0,823.0,799.0,803.5,-0.68,222.0,909.0,622.0
MANDU,5/4/2026,803.5,816.0,799.4,803.0,-0.06,2000.0,909.0,622.0
MANDU,5/5/2026,799.0,839.5,799.0,807.0,1.0,2315.0,909.0,622.0
MANDU,5/6/2026,801.0,810.0,801.0,805.0,0.5,1138.0,909.0,622.0
MANDU,5/7/2026,804.0,819.9,802.0,809.8,0.72,2310.0,909.0,622.0
MANDU,5/8/2026,801.3,820.0,801.3,808.2,0.86,740.0,909.0,622.0
MANDU,5/11/2026,809.0,820.0,809.0,815.0,0.74,985.0,909.0,622.0
MANDU,5/12/2026,820.0,825.0,809.1,810.3,-1.18,1415.0,909.0,622.0
MANDU,5/13/2026,802.1,812.0,802.1,810.0,0.98,236.0,909.0,622.0
MANDU,5/14/2026,810.0,815.0,810.0,814.0,0.49,920.0,909.0,622.0
MANDU,5/15/2026,806.1,815.0,806.1,815.0,1.1,1934.0,909.0,622.0
MANDU,5/18/2026,801.1,815.9,801.1,814.0,1.61,1570.0,909.0,622.0
MANDU,5/19/2026,806.2,810.0,806.2,809.0,0.35,2086.0,909.0,622.0
MANDU,5/20/2026,805.0,820.0,805.0,813.1,1.01,1410.0,909.0,622.0
MANDU,5/21/2026,803.0,815.0,803.0,815.0,1.49,800.0,909.0,622.0
MANDU,5/22/2026,806.5,820.0,806.5,818.9,1.54,3877.0,909.0,622.0
MANDU,5/25/2026,815.0,835.0,815.0,827.0,1.47,1208.0,909.0,622.0
MANDU,5/26/2026,840.0,851.0,822.0,830.0,-1.19,2377.0,909.0,622.0
MANDU,5/27/2026,820.0,835.0,820.0,830.0,1.22,687.0,909.0,622.0
MANDU,6/1/2026,830.0,835.0,810.0,820.0,-1.2,1598.0,909.0,622.0
MANDU,6/2/2026,830.0,839.0,821.2,833.0,0.36,2256.0,909.0,622.0
MANDU,6/3/2026,820.0,830.0,820.0,824.0,0.49,385.0,909.0,622.0
MANDU,6/4/2026,824.0,830.0,820.0,822.7,-0.16,1596.0,909.0,622.0
MANDU,6/5/2026,802.1,830.0,802.1,820.0,2.23,1060.0,909.0,622.0
MANDU,6/8/2026,816.0,820.0,811.0,818.0,0.25,707.0,909.0,622.0
MANDU,6/9/2026,810.0,820.0,810.0,812.1,0.26,1033.0,909.0,622.0
MANDU,6/10/2026,808.0,830.0,808.0,813.1,0.63,742.0,909.0,622.0
MANDU,6/11/2026,806.5,829.0,806.5,828.6,2.74,1580.0,909.0,622.0
MANDU,6/12/2026,825.0,835.0,817.1,835.0,1.21,3063.0,909.0,622.0
MANDU,6/15/2026,820.0,830.0,820.0,821.0,0.12,1505.0,909.0,622.0
MANDU,6/16/2026,821.0,835.0,812.1,821.2,0.02,2097.0,909.0,622.0
MANDU,6/17/2026,820.0,828.0,820.0,821.1,0.13,1089.0,909.0,622.0
MANDU,6/18/2026,829.0,830.0,821.2,826.1,-0.35,1625.0,909.0,622.0
MANDU,6/19/2026,826.1,832.0,826.1,830.0,0.47,800.0,909.0,622.0
MANDU,6/22/2026,871.3,871.3,821.0,827.0,-5.08,1429.0,909.0,622.0
MANDU,6/23/2026,815.0,835.0,815.0,835.0,2.45,2112.0,909.0,622.0
MANDU,6/24/2026,815.0,830.0,813.5,821.0,0.74,2000.0,909.0,622.0
MANDU,6/26/2026,812.6,828.0,791.7,823.0,1.28,631.0,909.0,622.0
MANDU,6/29/2026,810.0,818.9,805.0,812.0,0.25,1656.0,909.0,622.0
MANDU,6/30/2026,810.0,824.0,791.0,805.0,-0.62,2469.0,909.0,622.0
MANDU,7/1/2026,786.0,830.0,785.1,806.3,2.58,778.0,909.0,622.0
MANDU,7/2/2026,766.0,820.0,766.0,820.0,7.05,1230.0,909.0,622.0
MANDU,7/3/2026,806.5,811.0,806.5,811.0,0.56,410.0,909.0,622.0
MANDU,7/6/2026,811.0,815.0,806.8,810.0,-0.12,1931.0,909.0,622.0
MANDU,7/7/2026,812.0,812.0,806.1,806.2,-0.71,455.0,909.0,622.0
MANDU,7/8/2026,803.0,805.0,781.0,790.0,-1.62,3483.0,909.0,622.0
MANDU,7/9/2026,780.0,810.0,780.0,800.0,2.56,4232.0,909.0,622.0
MANDU,7/10/2026,800.0,809.0,797.1,809.0,1.12,910.0,909.0,622.0
MANDU,7/13/2026,796.2,803.0,785.0,787.0,-1.16,1440.0,909.0,622.0
MANDU,7/14/2026,790.0,818.8,788.0,804.0,1.77,2059.0,909.0,622.0
MANDU,7/15/2026,799.0,817.0,791.1,791.1,-0.99,1119.0,909.0,622.0
MANDU,7/16/2026,800.0,802.0,790.0,800.0,0.0,3127.0,909.0,622.0
MANDU,7/17/2026,819.0,819.0,791.1,800.0,-2.32,593.0,909.0,622.0
MANDU,7/20/2026,790.1,813.0,790.1,801.1,1.39,3691.0,909.0,622.0
MANDU,7/21/2026,801.1,820.0,801.1,805.1,0.5,3008.0,909.0,622.0
MANDU,7/22/2026,801.1,824.0,801.1,824.0,2.86,2016.0,909.0,622.0
MANDU,7/23/2026,804.2,874.0,804.2,839.0,4.33,6108.0,909.0,622.0
MANDU,7/24/2026,816.2,857.9,816.2,857.9,5.11,5451.0,909.0,622.0
MANDU,7/27/2026,858.0,858.0,819.0,839.0,-2.21,678.0,909.0,622.0
MANDU,7/28/2026,845.0,845.0,819.7,839.9,-0.6,3309.0,909.0,622.0
MANDU,7/29/2026,820.0,839.0,815.4,825.0,0.61,3558.0,909.0,622.0
MANDU,7/30/2026,830.0,830.0,815.0,816.0,-1.69,1759.0,909.0,622.0
MANDU,7/31/2026,825.0,825.0,806.2,815.0,-1.21,6953.0,909.0,622.0
MANDU,8/3/2026,815.0,815.0,800.0,801.0,-1.72,2241.0,909.0,622.0
MANDU,8/4/2026,791.0,820.0,791.0,807.0,2.02,3776.0,909.0,622.0
MANDU,8/5/2026,801.3,817.0,801.3,810.0,1.09,1900.0,909.0,622.0
MANDU,8/6/2026,810.0,830.0,806.0,806.0,-0.49,1682.0,909.0,622.0
MANDU,8/7/2026,802.0,810.0,796.5,798.0,-0.5,5828.0,909.0,622.0
MANDU,8/10/2026,800.0,809.9,791.5,800.0,0.0,3342.0,909.0,622.0
MANDU,8/11/2026,798.0,802.0,790.0,802.0,0.5,6360.0,909.0,622.0
MANDU,8/12/2026,796.0,802.0,796.0,802.0,0.75,1452.0,909.0,622.0
MANDU,8/13/2026,802.0,822.0,802.0,811.9,1.23,5745.0,909.0,622.0
MANDU,8/14/2026,815.5,833.9,809.0,833.9,2.26,6279.0,909.0,622.0
MANDU,8/17/2026,875.5,875.5,803.0,820.0,-6.34,3558.0,909.0,622.0
MANDU,8/18/2026,815.0,820.0,810.1,817.4,0.29,1281.0,909.0,622.0
MANDU,8/19/2026,817.4,817.4,795.2,801.0,-2.01,3375.0,909.0,622.0
MANDU,8/20/2026,814.7,840.0,801.0,840.0,3.11,17075.0,909.0,622.0
MANDU,8/21/2026,765.0,765.1,755.5,763.9,-0.14,4328.0,909.0,622.0
MANDU,8/24/2026,741.0,760.0,726.0,738.0,-0.4,828.0,909.0,622.0
MANDU,8/25/2026,734.0,734.0,711.1,711.2,-3.11,3553.0,909.0,622.0
MANDU,8/26/2026,700.0,732.4,670.0,732.4,4.63,7138.0,909.0,622.0
MANDU,8/27/2026,712.0,720.0,695.0,700.1,-1.67,741.0,909.0,622.0
MANDU,8/31/2026,681.0,688.0,622.0,635.0,-6.75,3851.0,909.0,622.0
MANDU,9/1/2026,650.0,664.0,635.0,657.9,1.22,1631.0,909.0,622.0
MANDU,9/2/2026,657.9,666.0,645.0,666.0,1.23,1712.0,909.0,622.0
MANDU,9/3/2026,665.0,677.0,655.0,677.0,1.8,5408.0,909.0,622.0
MANDU,9/7/2026,677.0,690.0,665.1,677.0,0.0,10657.0,909.0,622.0
MANDU,9/9/2026,643.2,710.0,643.2,700.0,8.83,39347.0,909.0,622.0
MANDU,9/10/2026,680.2,685.0,670.0,671.0,-1.35,7889.0,909.0,622.0
MANDU,9/11/2026,671.0,690.0,660.0,684.9,2.07,20509.0,909.0,622.0
MANDU,9/14/2026,673.2,704.0,673.2,699.8,3.95,9186.0,909.0,622.0
MANDU,9/15/2026,734.0,734.0,690.0,697.0,-5.04,11916.0,909.0,622.0
MANDU,9/16/2026,700.0,709.0,695.0,697.0,-0.43,18491.0,909.0,622.0
MANDU,9/17/2026,710.0,711.0,691.2,701.1,-1.25,9298.0,909.0,622.0
MANDU,9/18/2026,700.0,730.0,700.0,715.2,2.17,13117.0,909.0,622.0
MANDU,9/22/2026,700.0,755.0,700.0,754.0,7.71,19936.0,909.0,622.0
MANDU,9/23/2026,755.0,775.0,736.0,751.0,-0.53,21166.0,909.0,622.0
MANDU,9/24/2026,751.5,755.0,737.0,740.2,-1.5,1828.0,909.0,622.0
MANDU,9/28/2026,704.0,786.9,704.0,780.0,10.8,15798.0,909.0,622.0
MANDU,9/29/2026,775.0,775.0,750.1,0.0,-100.0,1660.0,909.0,622.0
MANDU,9/30/2026,751.0,770.0,740.1,745.1,-0.79,13734.0,909.0,622.0
MANDU,10/1/2026,746.0,772.5,746.0,751.1,0.68,9107.0,909.0,622.0
MANDU,10/2/2026,742.3,792.0,742.1,792.0,6.7,10246.0,909.0,622.0
MATRI,12/21/2025,980.0,997.8,961.1,979.0,,1834.0,1048.5,705.6
MATRI,12/22/2025,960.6,979.2,960.0,979.2,0.02,610.0,1048.5,705.6
MATRI,12/23/2025,960.7,979.9,960.5,979.9,0.07,678.0,1048.5,705.6
MATRI,12/24/2025,962.0,990.0,962.0,988.0,0.83,1313.0,1048.5,705.6
MATRI,12/28/2025,980.0,1004.7,980.0,1003.9,1.61,2364.0,1048.5,705.6
MATRI,12/29/2025,1015.0,1015.0,990.0,1004.9,0.1,1362.0,1048.5,705.6
MATRI,12/31/2025,987.0,1011.0,987.0,1011.0,0.61,4484.0,1048.5,705.6
MATRI,1/1/2026,1000.1,1015.0,1000.0,1008.0,-0.3,2314.0,1048.5,705.6
MATRI,1/4/2026,1024.0,1024.0,994.0,995.0,-1.29,1252.0,1048.5,705.6
MATRI,1/5/2026,981.1,1010.0,976.1,1010.0,1.51,2527.0,1048.5,705.6
MATRI,1/6/2026,1010.0,1011.0,1000.0,1011.0,0.1,2550.0,1048.5,705.6
MATRI,1/7/2026,1031.0,1031.0,990.8,1000.0,-1.09,570.0,1048.5,705.6
MATRI,1/8/2026,981.0,1000.0,981.0,999.0,-0.1,1307.0,1048.5,705.6
MATRI,1/12/2026,1000.0,1000.0,980.0,985.0,-1.4,468.0,1048.5,705.6
MATRI,1/13/2026,970.5,999.0,970.2,980.0,-0.51,791.0,1048.5,705.6
MATRI,1/14/2026,980.0,980.0,965.1,975.0,-0.51,295.0,1048.5,705.6
MATRI,1/18/2026,963.6,994.0,963.6,975.1,0.01,679.0,1048.5,705.6
MATRI,1/20/2026,975.1,994.0,974.5,980.1,0.51,1876.0,1048.5,705.6
MATRI,1/21/2026,981.0,993.0,974.0,993.0,1.32,1113.0,1048.5,705.6
MATRI,1/22/2026,993.0,996.0,973.5,995.0,0.2,971.0,1048.5,705.6
MATRI,1/25/2026,976.0,1015.0,976.0,1015.0,2.01,4893.0,1048.5,705.6
MATRI,1/26/2026,1015.0,1028.0,1002.6,1015.0,0.0,1856.0,1048.5,705.6
MATRI,1/27/2026,1015.0,1015.0,990.0,998.0,-1.67,1773.0,1048.5,705.6
MATRI,1/28/2026,985.1,997.0,985.0,997.0,-0.1,2238.0,1048.5,705.6
MATRI,1/29/2026,999.0,999.0,983.0,985.1,-1.19,1384.0,1048.5,705.6
MATRI,2/1/2026,975.0,990.0,971.0,973.5,-1.18,1505.0,1048.5,705.6
MATRI,2/2/2026,976.0,978.0,970.2,978.0,0.46,1341.0,1048.5,705.6
MATRI,2/3/2026,978.0,980.0,970.0,977.9,-0.01,1123.0,1048.5,705.6
MATRI,2/4/2026,975.0,997.4,970.1,997.4,1.99,1736.0,1048.5,705.6
MATRI,2/5/2026,980.1,1010.0,980.1,1000.0,0.26,2644.0,1048.5,705.6
MATRI,2/8/2026,998.0,1005.0,990.1,993.0,-0.7,1950.0,1048.5,705.6
MATRI,2/9/2026,980.0,990.0,957.0,970.2,-2.3,6504.0,1048.5,705.6
MATRI,2/10/2026,975.0,975.0,961.0,970.0,-0.02,1520.0,1048.5,705.6
MATRI,2/11/2026,961.0,970.0,961.0,961.0,-0.93,601.0,1048.5,705.6
MATRI,2/12/2026,961.0,980.0,961.0,970.0,0.94,1653.0,1048.5,705.6
MATRI,2/16/2026,953.1,970.0,953.1,959.0,-1.13,1698.0,1048.5,705.6
MATRI,2/17/2026,959.0,970.0,941.0,965.0,0.63,1785.0,1048.5,705.6
MATRI,2/22/2026,955.0,955.0,950.0,950.0,-1.55,643.0,1048.5,705.6
MATRI,2/23/2026,940.0,955.5,940.0,947.2,-0.29,286.0,1048.5,705.6
MATRI,2/24/2026,949.0,965.0,939.9,959.0,1.25,1891.0,1048.5,705.6
MATRI,2/25/2026,945.0,950.0,945.0,950.0,-0.94,326.0,1048.5,705.6
MATRI,2/26/2026,947.0,947.0,935.3,941.0,-0.95,3077.0,1048.5,705.6
MATRI,2/27/2026,947.0,947.0,935.3,941.0,0.0,3077.0,1048.5,705.6
MATRI,2/28/2026,947.0,947.0,935.3,941.0,0.0,3077.0,1048.5,705.6
MATRI,3/2/2026,930.0,940.0,904.0,940.0,-0.11,1782.0,1048.5,705.6
MATRI,3/3/2026,939.0,957.5,935.0,949.0,0.96,4226.0,1048.5,705.6
MATRI,3/4/2026,939.0,957.5,935.0,949.0,0.0,4226.0,1048.5,705.6
MATRI,3/5/2026,939.0,957.5,935.0,949.0,0.0,4226.0,1048.5,705.6
MATRI,3/6/2026,939.0,957.5,935.0,949.0,0.0,4226.0,1048.5,705.6
MATRI,3/7/2026,939.0,957.5,935.0,949.0,0.0,4226.0,1048.5,705.6
MATRI,3/8/2026,939.0,957.5,935.0,949.0,0.0,4226.0,1048.5,705.6
MATRI,3/9/2026,967.9,987.2,967.9,987.2,4.03,20.0,1048.5,705.6
MATRI,3/10/2026,1006.9,1006.9,966.0,985.0,-0.22,3419.0,1048.5,705.6
MATRI,3/11/2026,975.6,1004.7,965.0,990.0,0.51,2967.0,1048.5,705.6
MATRI,3/12/2026,980.0,985.0,971.3,977.9,-1.22,5435.0,1048.5,705.6
MATRI,3/13/2026,980.0,985.0,971.3,977.9,0.0,5435.0,1048.5,705.6
MATRI,3/14/2026,980.0,985.0,971.3,977.9,0.0,5435.0,1048.5,705.6
MATRI,3/15/2026,995.0,995.0,977.0,978.1,0.02,1303.0,1048.5,705.6
MATRI,3/16/2026,977.0,990.0,975.0,976.0,-0.21,1859.0,1048.5,705.6
MATRI,3/17/2026,960.1,984.0,960.1,968.1,-0.81,896.0,1048.5,705.6
MATRI,3/18/2026,960.1,984.0,960.1,968.1,0.0,896.0,1048.5,705.6
MATRI,3/19/2026,980.0,989.0,965.0,989.0,2.16,2102.0,1048.5,705.6
MATRI,3/20/2026,980.0,989.0,965.0,989.0,0.0,2102.0,1048.5,705.6
MATRI,3/21/2026,980.0,989.0,965.0,989.0,0.0,2102.0,1048.5,705.6
MATRI,3/22/2026,1008.0,1048.5,990.1,1029.9,4.14,8713.0,1048.5,705.6
MATRI,3/23/2026,1020.0,1028.9,1010.0,1020.0,-0.96,1623.0,1048.5,705.6
MATRI,3/24/2026,1010.0,1020.0,1010.0,1015.2,-0.47,1647.0,1048.5,705.6
MATRI,3/25/2026,1005.0,1014.9,1001.1,1012.9,-0.23,2063.0,1048.5,705.6
MATRI,3/26/2026,1000.0,1019.5,1000.0,1007.0,0.7,1773.0,1048.5,705.6
MATRI,3/29/2026,1000.0,1025.0,971.5,975.0,-2.5,3648.0,1048.5,705.6
MATRI,3/30/2026,969.0,988.0,969.0,970.0,0.1,1462.0,1048.5,705.6
MATRI,3/31/2026,970.0,972.0,955.0,968.8,-0.12,621.0,1048.5,705.6
MATRI,4/1/2026,970.0,970.0,955.0,955.0,-1.55,1849.0,1048.5,705.6
MATRI,4/2/2026,936.0,962.0,936.0,951.1,1.61,1523.0,1048.5,705.6
MATRI,4/5/2026,960.0,960.0,917.1,925.0,-3.65,4456.0,1048.5,705.6
MATRI,4/6/2026,939.0,957.7,926.0,950.0,1.17,2574.0,1048.5,705.6
MATRI,4/7/2026,968.0,968.0,940.0,958.9,-0.94,886.0,1048.5,705.6
MATRI,4/8/2026,966.0,966.0,941.1,959.9,-0.63,1194.0,1048.5,705.6
MATRI,4/9/2026,973.8,973.8,954.8,956.0,-1.83,1879.0,1048.5,705.6
MATRI,4/10/2026,942.0,959.0,941.0,945.0,0.32,766.0,1048.5,705.6
MATRI,4/13/2026,937.0,952.5,937.0,952.0,1.6,1105.0,1048.5,705.6
MATRI,4/15/2026,970.7,970.9,942.1,965.0,-0.59,1351.0,1048.5,705.6
MATRI,4/16/2026,946.0,964.9,946.0,964.9,2.0,679.0,1048.5,705.6
MATRI,4/17/2026,946.1,964.0,946.1,963.0,1.79,143.0,1048.5,705.6
MATRI,4/20/2026,989.0,989.0,945.0,970.9,-1.83,388.0,1048.5,705.6
MATRI,4/21/2026,970.0,979.0,930.0,961.0,-0.93,1489.0,1048.5,705.6
MATRI,4/22/2026,935.4,958.0,935.4,954.0,1.99,547.0,1048.5,705.6
MATRI,4/23/2026,931.1,955.0,931.1,940.0,0.96,318.0,1048.5,705.6
MATRI,4/24/2026,940.0,944.0,930.0,930.0,-1.06,1057.0,1048.5,705.6
MATRI,4/27/2026,930.0,935.0,925.0,935.0,0.54,1054.0,1048.5,705.6
MATRI,4/28/2026,935.0,935.0,917.0,924.0,-1.18,673.0,1048.5,705.6
MATRI,4/29/2026,924.0,915.0,905.5,914.0,-1.08,1838.0,1048.5,705.6
MATRI,4/30/2026,901.0,928.0,900.0,919.5,2.05,379.0,1048.5,705.6
MATRI,5/4/2026,918.0,918.0,895.1,917.5,-0.05,747.0,1048.5,705.6
MATRI,5/5/2026,915.0,915.0,898.0,898.0,-1.86,986.0,1048.5,705.6
MATRI,5/6/2026,898.0,914.9,895.0,895.1,-0.32,577.0,1048.5,705.6
MATRI,5/7/2026,875.0,916.0,875.0,911.8,4.21,608.0,1048.5,705.6
MATRI,5/8/2026,887.0,900.0,887.0,900.0,1.47,518.0,1048.5,705.6
MATRI,5/11/2026,891.0,924.0,885.0,919.5,3.2,1080.0,1048.5,705.6
MATRI,5/12/2026,901.0,916.0,900.0,900.5,-0.06,304.0,1048.5,705.6
MATRI,5/13/2026,886.0,910.0,886.0,910.0,2.71,326.0,1048.5,705.6
MATRI,5/14/2026,901.0,901.0,891.0,894.0,-0.78,84.0,1048.5,705.6
MATRI,5/15/2026,885.0,910.0,885.0,895.0,1.13,442.0,1048.5,705.6
MATRI,5/18/2026,875.0,895.0,875.0,895.0,2.29,172.0,1048.5,705.6
MATRI,5/19/2026,895.0,895.0,877.1,894.0,-0.11,155.0,1048.5,705.6
MATRI,5/20/2026,894.0,900.0,883.1,885.0,-1.01,2927.0,1048.5,705.6
MATRI,5/21/2026,880.0,901.0,878.0,890.0,1.14,714.0,1048.5,705.6
MATRI,5/22/2026,878.0,895.0,878.0,895.0,1.94,161.0,1048.5,705.6
MATRI,5/25/2026,881.0,913.0,880.0,892.0,1.25,539.0,1048.5,705.6
MATRI,5/26/2026,892.0,892.0,885.0,892.0,0.0,260.0,1048.5,705.6
MATRI,5/27/2026,890.0,905.0,866.0,882.0,-0.9,829.0,1048.5,705.6
MATRI,6/1/2026,882.0,897.0,880.0,896.5,1.64,1325.0,1048.5,705.6
MATRI,6/2/2026,896.5,899.9,880.1,899.9,0.38,79.0,1048.5,705.6
MATRI,6/3/2026,900.0,900.0,884.5,884.5,-1.72,226.0,1048.5,705.6
MATRI,6/4/2026,895.0,911.0,895.0,904.0,1.01,925.0,1048.5,705.6
MATRI,6/5/2026,904.0,910.0,890.0,902.0,-0.22,901.0,1048.5,705.6
MATRI,6/8/2026,885.0,890.0,885.0,890.0,0.56,144.0,1048.5,705.6
MATRI,6/9/2026,882.0,898.8,876.0,895.0,1.47,662.0,1048.5,705.6
MATRI,6/10/2026,895.0,900.0,870.1,890.0,-0.56,418.0,1048.5,705.6
MATRI,6/11/2026,916.0,916.0,868.0,890.0,-2.84,221.0,1048.5,705.6
MATRI,6/12/2026,890.0,899.0,855.0,899.0,1.01,438.0,1048.5,705.6
MATRI,6/15/2026,875.0,899.0,870.0,880.0,0.57,427.0,1048.5,705.6
MATRI,6/16/2026,853.6,879.0,853.6,866.0,1.45,422.0,1048.5,705.6
MATRI,6/17/2026,865.0,865.0,861.0,865.0,0.0,100.0,1048.5,705.6
MATRI,6/18/2026,860.0,890.0,860.0,885.0,2.91,122.0,1048.5,705.6
MATRI,6/19/2026,865.0,875.0,865.0,875.0,1.16,572.0,1048.5,705.6
MATRI,6/22/2026,875.0,882.7,855.0,882.7,0.88,302.0,1048.5,705.6
MATRI,6/23/2026,880.0,880.0,860.0,864.0,-1.82,290.0,1048.5,705.6
MATRI,6/24/2026,860.0,864.0,850.5,864.0,0.47,427.0,1048.5,705.6
MATRI,6/26/2026,860.0,880.0,846.0,850.0,-1.16,604.0,1048.5,705.6
MATRI,6/29/2026,845.1,888.0,845.1,854.1,1.06,1333.0,1048.5,705.6
MATRI,6/30/2026,850.0,879.7,850.0,850.0,0.0,702.0,1048.5,705.6
MATRI,7/1/2026,827.1,869.0,827.1,853.0,3.13,423.0,1048.5,705.6
MATRI,7/2/2026,853.0,862.0,840.0,862.0,1.06,1414.0,1048.5,705.6
MATRI,7/3/2026,880.0,899.9,865.0,888.0,0.91,2884.0,1048.5,705.6
MATRI,7/6/2026,888.0,903.0,862.1,865.1,-2.58,314.0,1048.5,705.6
MATRI,7/7/2026,870.0,875.0,865.2,865.2,-0.55,148.0,1048.5,705.6
MATRI,7/8/2026,865.3,865.3,839.3,840.0,-2.92,1474.0,1048.5,705.6
MATRI,7/9/2026,824.1,828.0,824.1,826.0,0.23,333.0,1048.5,705.6
MATRI,7/10/2026,825.0,839.5,818.3,820.1,-0.59,381.0,1048.5,705.6
MATRI,7/13/2026,837.5,837.5,813.0,813.0,-2.93,278.0,1048.5,705.6
MATRI,7/14/2026,815.0,815.0,790.0,815.0,0.0,674.0,1048.5,705.6
MATRI,7/15/2026,818.0,818.0,815.2,815.2,-0.34,21.0,1048.5,705.6
MATRI,7/16/2026,808.1,839.0,808.1,839.0,3.82,289.0,1048.5,705.6
MATRI,7/17/2026,840.0,874.0,840.0,874.0,4.05,152.0,1048.5,705.6
MATRI,7/20/2026,851.0,889.9,840.0,865.0,1.65,1550.0,1048.5,705.6
MATRI,7/21/2026,889.9,889.9,862.2,865.0,-2.8,1130.0,1048.5,705.6
MATRI,7/22/2026,890.2,890.9,786.3,874.0,-1.82,2579.0,1048.5,705.6
MATRI,7/23/2026,848.5,864.9,828.0,864.0,1.83,768.0,1048.5,705.6
MATRI,7/24/2026,886.0,886.0,840.0,843.0,-4.85,1407.0,1048.5,705.6
MATRI,7/27/2026,828.0,845.0,828.0,845.0,2.05,529.0,1048.5,705.6
MATRI,7/28/2026,820.3,869.9,820.2,859.0,4.72,237.0,1048.5,705.6
MATRI,7/29/2026,834.5,865.0,820.0,820.0,-1.74,1200.0,1048.5,705.6
MATRI,7/30/2026,820.0,844.6,820.0,829.9,1.21,346.0,1048.5,705.6
MATRI,7/31/2026,810.2,834.5,810.2,830.0,2.44,326.0,1048.5,705.6
MATRI,8/3/2026,811.0,834.0,811.0,834.0,2.84,278.0,1048.5,705.6
MATRI,8/4/2026,815.0,830.0,815.0,820.0,0.61,132.0,1048.5,705.6
MATRI,8/5/2026,815.0,820.0,810.0,817.5,0.31,1308.0,1048.5,705.6
MATRI,8/6/2026,810.1,817.5,809.5,812.2,0.26,393.0,1048.5,705.6
MATRI,8/7/2026,815.0,825.0,810.0,811.0,-0.49,488.0,1048.5,705.6
MATRI,8/10/2026,809.0,809.0,800.0,802.1,-0.85,240.0,1048.5,705.6
MATRI,8/11/2026,800.0,810.0,800.0,808.0,1.0,197.0,1048.5,705.6
MATRI,8/12/2026,815.0,815.0,801.1,801.1,-1.71,349.0,1048.5,705.6
MATRI,8/13/2026,802.0,815.0,800.0,805.0,0.37,1018.0,1048.5,705.6
MATRI,8/14/2026,800.0,814.0,800.0,814.0,1.75,202.0,1048.5,705.6
MATRI,8/17/2026,800.1,810.1,800.1,800.4,0.04,68.0,1048.5,705.6
MATRI,8/18/2026,782.0,805.0,782.0,796.1,1.8,475.0,1048.5,705.6
MATRI,8/19/2026,795.0,802.0,795.0,802.0,0.88,316.0,1048.5,705.6
MATRI,8/20/2026,790.1,805.0,780.0,805.0,1.89,328.0,1048.5,705.6
MATRI,8/21/2026,788.0,810.0,788.0,788.0,0.0,524.0,1048.5,705.6
MATRI,8/24/2026,785.1,790.0,780.0,780.0,-0.65,752.0,1048.5,705.6
MATRI,8/25/2026,767.0,789.8,767.0,770.0,0.39,992.0,1048.5,705.6
MATRI,8/26/2026,770.0,770.0,753.1,754.0,-2.08,159.0,1048.5,705.6
MATRI,8/27/2026,775.0,776.6,755.0,760.0,-1.94,1550.0,1048.5,705.6
MATRI,8/31/2026,741.0,750.0,725.0,726.0,-2.02,365.0,1048.5,705.6
MATRI,9/1/2026,730.0,730.0,720.0,720.0,-1.37,83.0,1048.5,705.6
MATRI,9/2/2026,705.6,720.0,705.6,715.0,1.33,829.0,1048.5,705.6
MATRI,9/3/2026,706.6,720.0,706.6,716.2,1.36,269.0,1048.5,705.6
MATRI,9/7/2026,710.1,735.0,710.1,723.0,1.82,1210.0,1048.5,705.6
MATRI,9/9/2026,725.0,729.0,709.4,725.0,0.0,216.0,1048.5,705.6
MATRI,9/10/2026,730.0,730.0,715.0,715.0,-2.05,103.0,1048.5,705.6
MATRI,9/11/2026,720.0,728.7,711.1,725.0,0.69,259.0,1048.5,705.6
MATRI,9/14/2026,720.0,745.0,708.0,745.0,3.47,2333.0,1048.5,705.6
MATRI,9/15/2026,750.0,773.0,750.0,758.0,1.07,1086.0,1048.5,705.6
MATRI,9/16/2026,750.0,759.0,722.0,759.0,1.2,2238.0,1048.5,705.6
MATRI,9/17/2026,740.1,760.0,737.3,759.0,2.55,1298.0,1048.5,705.6
MATRI,9/18/2026,737.0,763.0,737.0,739.0,0.27,1075.0,1048.5,705.6
MATRI,9/22/2026,740.0,762.2,740.0,748.0,1.08,572.0,1048.5,705.6
MATRI,9/23/2026,750.0,750.0,742.0,748.9,-0.15,447.0,1048.5,705.6
MATRI,9/24/2026,748.9,748.9,726.5,727.1,-2.91,491.0,1048.5,705.6
MATRI,9/28/2026,730.0,751.0,730.0,735.0,0.68,798.0,1048.5,705.6
MATRI,9/29/2026,730.0,730.0,720.0,0.0,-100.0,197.0,1048.5,705.6
MATRI,9/30/2026,715.0,726.0,715.0,726.0,1.54,426.0,1048.5,705.6
MATRI,10/1/2026,720.0,740.0,720.0,721.1,0.15,257.0,1048.5,705.6
MATRI,10/2/2026,720.0,720.0,716.0,720.0,0.0,231.0,1048.5,705.6
MATRIP,1/6/2026,534.1,534.1,534.1,534.1,,2268.0,766.5,523.5
MATRIP,1/8/2026,534.1,534.1,534.1,534.1,0.0,9000.0,766.5,523.5
MATRIP,1/21/2026,534.1,534.1,534.1,534.1,0.0,4423.0,766.5,523.5
MATRIP,3/24/2026,523.5,523.5,523.5,523.5,-1.98,5671.0,766.5,523.5
MATRIP,4/27/2026,523.5,523.5,523.5,523.5,0.0,5671.0,766.5,523.5
MATRIP,5/12/2026,523.5,523.5,523.5,523.5,0.0,5671.0,766.5,523.5
MATRIP,5/21/2026,523.5,523.5,523.5,523.5,0.0,11814.0,766.5,523.5
MATRIP,6/12/2026,523.5,523.5,523.5,523.5,0.0,3400.0,766.5,523.5
MATRIP,6/19/2026,523.5,523.5,523.5,523.5,0.0,3400.0,766.5,523.5
MBJC,12/21/2025,276.4,285.0,276.4,280.4,,17090.0,333.0,248.5
MBJC,12/22/2025,280.0,283.0,278.8,280.0,-0.14,23728.0,333.0,248.5
MBJC,12/23/2025,280.0,280.9,278.1,280.1,0.04,9653.0,333.0,248.5
MBJC,12/24/2025,280.1,281.0,279.1,280.3,0.07,25039.0,333.0,248.5
MBJC,12/28/2025,280.1,286.2,280.1,286.0,2.03,21761.0,333.0,248.5
MBJC,12/29/2025,281.0,286.0,281.0,284.1,-0.66,17273.0,333.0,248.5
MBJC,12/31/2025,280.3,286.0,280.3,284.0,-0.04,13048.0,333.0,248.5
MBJC,1/1/2026,281.0,284.0,280.0,283.0,-0.35,15075.0,333.0,248.5
MBJC,1/4/2026,283.0,285.0,280.1,281.0,-0.71,7595.0,333.0,248.5
MBJC,1/5/2026,276.2,283.0,271.7,282.0,0.36,55962.0,333.0,248.5
MBJC,1/6/2026,287.6,287.6,276.4,281.5,-0.18,31305.0,333.0,248.5
MBJC,1/7/2026,287.0,287.0,277.1,278.1,-1.21,29160.0,333.0,248.5
MBJC,1/8/2026,273.3,284.0,273.3,281.2,1.11,20181.0,333.0,248.5
MBJC,1/12/2026,278.8,282.0,278.8,280.8,-0.14,19646.0,333.0,248.5
MBJC,1/13/2026,280.0,286.4,280.0,285.0,1.5,32228.0,333.0,248.5
MBJC,1/14/2026,281.8,288.0,281.8,285.0,0.0,29789.0,333.0,248.5
MBJC,1/18/2026,281.2,292.7,281.2,289.0,1.4,34923.0,333.0,248.5
MBJC,1/20/2026,290.0,297.5,288.3,294.0,1.73,81264.0,333.0,248.5
MBJC,1/21/2026,290.0,294.0,289.1,291.0,-1.02,26174.0,333.0,248.5
MBJC,1/22/2026,296.8,296.8,289.0,292.0,0.34,15692.0,333.0,248.5
MBJC,1/25/2026,297.8,303.0,286.1,295.0,1.03,200395.0,333.0,248.5
MBJC,1/26/2026,297.2,298.0,282.0,288.0,-2.37,315635.0,333.0,248.5
MBJC,1/27/2026,285.0,295.7,284.5,287.0,-0.35,100388.0,333.0,248.5
MBJC,1/28/2026,287.0,294.0,283.4,290.0,1.05,50865.0,333.0,248.5
MBJC,1/29/2026,290.0,299.1,288.1,295.3,1.83,108034.0,333.0,248.5
MBJC,2/1/2026,290.1,294.9,290.0,291.5,-1.29,23561.0,333.0,248.5
MBJC,2/2/2026,288.0,291.0,288.0,288.0,-1.2,30377.0,333.0,248.5
MBJC,2/3/2026,288.0,289.0,282.1,284.7,-1.15,46568.0,333.0,248.5
MBJC,2/4/2026,281.4,287.0,281.4,284.9,0.07,24969.0,333.0,248.5
MBJC,2/5/2026,279.3,291.0,279.3,290.8,2.07,41729.0,333.0,248.5
MBJC,2/8/2026,290.0,294.9,285.9,288.0,-0.96,38694.0,333.0,248.5
MBJC,2/9/2026,290.0,290.0,284.2,289.0,0.35,50980.0,333.0,248.5
MBJC,2/10/2026,284.2,290.0,284.2,287.1,-0.66,41634.0,333.0,248.5
MBJC,2/11/2026,287.1,291.8,284.0,285.2,-0.66,41569.0,333.0,248.5
MBJC,2/12/2026,288.0,313.7,281.4,313.7,9.99,454178.0,333.0,248.5
MBJC,2/16/2026,319.9,333.0,307.0,307.2,-2.07,218246.0,333.0,248.5
MBJC,2/17/2026,308.0,309.0,291.8,292.0,-4.95,182944.0,333.0,248.5
MBJC,2/22/2026,292.0,295.0,283.0,283.1,-3.05,88915.0,333.0,248.5
MBJC,2/23/2026,280.0,286.5,280.0,282.5,-0.21,41478.0,333.0,248.5
MBJC,2/24/2026,280.1,286.0,280.1,285.9,1.2,49337.0,333.0,248.5
MBJC,2/25/2026,286.0,291.0,286.0,290.0,1.43,43098.0,333.0,248.5
MBJC,2/26/2026,290.0,292.8,286.5,289.0,-0.34,26631.0,333.0,248.5
MBJC,2/27/2026,290.0,292.8,286.5,289.0,0.0,26631.0,333.0,248.5
MBJC,2/28/2026,290.0,292.8,286.5,289.0,0.0,26631.0,333.0,248.5
MBJC,3/2/2026,284.0,289.2,283.3,289.2,0.07,17807.0,333.0,248.5
MBJC,3/3/2026,284.5,294.9,284.1,294.4,1.8,31855.0,333.0,248.5
MBJC,3/4/2026,284.5,294.9,284.1,294.4,0.0,31855.0,333.0,248.5
MBJC,3/5/2026,284.5,294.9,284.1,294.4,0.0,31855.0,333.0,248.5
MBJC,3/6/2026,284.5,294.9,284.1,294.4,0.0,31855.0,333.0,248.5
MBJC,3/7/2026,284.5,294.9,284.1,294.4,0.0,31855.0,333.0,248.5
MBJC,3/8/2026,284.5,294.9,284.1,294.4,0.0,31855.0,333.0,248.5
MBJC,3/9/2026,300.2,323.0,300.2,321.9,9.34,3964.0,333.0,248.5
MBJC,3/10/2026,321.9,321.9,301.1,307.3,-4.54,198476.0,333.0,248.5
MBJC,3/11/2026,313.4,313.5,302.3,306.0,-0.42,70878.0,333.0,248.5
MBJC,3/12/2026,306.0,315.1,302.5,311.0,1.63,113871.0,333.0,248.5
MBJC,3/13/2026,306.0,315.1,302.5,311.0,0.0,113871.0,333.0,248.5
MBJC,3/14/2026,306.0,315.1,302.5,311.0,0.0,113871.0,333.0,248.5
MBJC,3/15/2026,311.0,315.0,310.0,311.1,0.03,84911.0,333.0,248.5
MBJC,3/16/2026,307.1,311.0,307.1,308.8,-0.74,58391.0,333.0,248.5
MBJC,3/17/2026,308.0,311.9,306.1,309.8,0.32,55245.0,333.0,248.5
MBJC,3/18/2026,308.0,311.9,306.1,309.8,0.0,55245.0,333.0,248.5
MBJC,3/19/2026,315.0,332.1,311.0,320.0,3.29,233722.0,333.0,248.5
MBJC,3/20/2026,315.0,332.1,311.0,320.0,0.0,233722.0,333.0,248.5
MBJC,3/21/2026,315.0,332.1,311.0,320.0,0.0,233722.0,333.0,248.5
MBJC,3/22/2026,322.9,325.0,312.0,320.0,0.0,164848.0,333.0,248.5
MBJC,3/23/2026,321.0,330.5,313.3,330.3,3.22,285076.0,333.0,248.5
MBJC,3/24/2026,326.0,331.0,321.0,327.0,-1.0,85386.0,333.0,248.5
MBJC,3/25/2026,321.5,325.9,315.0,318.0,-2.75,87125.0,333.0,248.5
MBJC,3/26/2026,314.0,318.0,311.3,317.0,0.96,86331.0,333.0,248.5
MBJC,3/29/2026,319.5,319.5,306.0,306.2,-4.16,99965.0,333.0,248.5
MBJC,3/30/2026,307.0,310.0,299.0,300.0,-2.28,98966.0,333.0,248.5
MBJC,3/31/2026,300.0,305.9,296.1,304.0,1.33,57801.0,333.0,248.5
MBJC,4/1/2026,303.0,303.0,292.3,293.0,-3.3,43968.0,333.0,248.5
MBJC,4/2/2026,296.0,297.0,287.4,292.0,-1.35,52660.0,333.0,248.5
MBJC,4/5/2026,288.0,288.9,280.1,280.2,-2.71,88605.0,333.0,248.5
MBJC,4/6/2026,279.0,295.0,277.1,289.0,3.58,55643.0,333.0,248.5
MBJC,4/7/2026,289.0,299.9,285.0,291.0,0.69,40708.0,333.0,248.5
MBJC,4/8/2026,285.2,300.0,285.2,294.0,3.09,28503.0,333.0,248.5
MBJC,4/9/2026,291.1,302.0,291.0,301.0,3.4,36894.0,333.0,248.5
MBJC,4/10/2026,298.0,307.0,296.0,305.9,2.65,40787.0,333.0,248.5
MBJC,4/13/2026,300.0,307.1,300.0,303.1,1.03,37235.0,333.0,248.5
MBJC,4/15/2026,302.1,309.0,302.1,305.5,1.13,62789.0,333.0,248.5
MBJC,4/16/2026,310.0,310.0,298.1,298.2,-3.81,45380.0,333.0,248.5
MBJC,4/17/2026,298.0,302.0,295.0,302.0,1.34,30980.0,333.0,248.5
MBJC,4/20/2026,295.0,305.0,295.0,298.0,1.02,41281.0,333.0,248.5
MBJC,4/21/2026,294.2,302.0,294.2,297.8,1.22,34809.0,333.0,248.5
MBJC,4/22/2026,290.6,296.9,290.6,292.3,0.58,55237.0,333.0,248.5
MBJC,4/23/2026,287.1,294.5,287.1,291.6,1.57,9368.0,333.0,248.5
MBJC,4/24/2026,291.6,292.0,287.0,291.5,-0.03,36317.0,333.0,248.5
MBJC,4/27/2026,291.5,295.0,288.8,289.5,-0.69,18164.0,333.0,248.5
MBJC,4/28/2026,289.5,291.0,285.1,285.2,-1.49,32508.0,333.0,248.5
MBJC,4/29/2026,285.0,289.0,280.0,283.9,-0.39,54950.0,333.0,248.5
MBJC,4/30/2026,286.1,286.1,276.6,281.0,-1.78,66145.0,333.0,248.5
MBJC,5/4/2026,279.0,281.0,276.6,277.5,-0.54,31541.0,333.0,248.5
MBJC,5/5/2026,275.2,283.9,275.0,279.1,1.42,24924.0,333.0,248.5
MBJC,5/6/2026,276.4,285.0,276.4,282.0,2.03,26893.0,333.0,248.5
MBJC,5/7/2026,282.0,282.0,279.0,281.0,-0.35,31484.0,333.0,248.5
MBJC,5/8/2026,284.0,284.0,279.0,282.2,-0.63,31106.0,333.0,248.5
MBJC,5/11/2026,280.2,289.5,280.0,288.0,2.78,65174.0,333.0,248.5
MBJC,5/12/2026,290.0,290.3,284.0,285.0,-1.72,34672.0,333.0,248.5
MBJC,5/13/2026,281.1,288.0,280.0,282.0,0.32,20709.0,333.0,248.5
MBJC,5/14/2026,278.5,283.9,278.0,282.2,1.33,24181.0,333.0,248.5
MBJC,5/15/2026,282.3,285.0,279.1,281.2,-0.39,22181.0,333.0,248.5
MBJC,5/18/2026,279.2,284.8,279.2,283.5,1.54,12688.0,333.0,248.5
MBJC,5/19/2026,280.1,283.5,280.1,281.5,0.5,8069.0,333.0,248.5
MBJC,5/20/2026,280.2,284.5,280.2,284.1,1.39,17620.0,333.0,248.5
MBJC,5/21/2026,284.1,284.1,281.2,284.0,-0.04,18066.0,333.0,248.5
MBJC,5/22/2026,282.2,286.7,281.4,286.0,1.35,9701.0,333.0,248.5
MBJC,5/25/2026,286.0,292.0,281.3,289.0,1.05,26624.0,333.0,248.5
MBJC,5/26/2026,287.0,291.9,285.0,288.0,0.35,15357.0,333.0,248.5
MBJC,5/27/2026,284.1,291.9,284.1,291.9,2.75,19196.0,333.0,248.5
MBJC,6/1/2026,292.0,292.0,284.1,284.1,-2.71,15878.0,333.0,248.5
MBJC,6/2/2026,283.0,289.5,283.0,286.2,1.13,12184.0,333.0,248.5
MBJC,6/3/2026,298.0,298.0,283.7,286.9,-3.72,18429.0,333.0,248.5
MBJC,6/4/2026,284.8,290.0,284.8,286.1,0.46,11254.0,333.0,248.5
MBJC,6/5/2026,285.0,288.2,283.0,286.0,0.35,11708.0,333.0,248.5
MBJC,6/8/2026,283.0,284.0,281.1,283.0,0.0,22421.0,333.0,248.5
MBJC,6/9/2026,282.0,285.0,281.0,283.0,0.35,15836.0,333.0,248.5
MBJC,6/10/2026,282.0,288.3,282.0,282.4,0.14,18480.0,333.0,248.5
MBJC,6/11/2026,282.3,286.9,282.3,284.9,0.92,19219.0,333.0,248.5
MBJC,6/12/2026,280.0,285.0,280.0,285.0,1.79,31518.0,333.0,248.5
MBJC,6/15/2026,282.0,286.0,282.0,283.2,0.43,15151.0,333.0,248.5
MBJC,6/16/2026,280.1,285.1,280.1,283.5,1.21,18477.0,333.0,248.5
MBJC,6/17/2026,280.2,286.0,280.2,283.0,1.0,14178.0,333.0,248.5
MBJC,6/18/2026,280.2,286.0,280.2,282.5,0.82,12800.0,333.0,248.5
MBJC,6/19/2026,282.29,284.5,280.1,282.0,-0.1,17914.0,333.0,248.5
MBJC,6/22/2026,280.6,284.0,280.6,282.0,0.5,14135.0,333.0,248.5
MBJC,6/23/2026,280.6,283.0,279.5,279.8,-0.29,19093.0,333.0,248.5
MBJC,6/24/2026,279.1,280.0,277.0,278.0,-0.39,17102.0,333.0,248.5
MBJC,6/26/2026,275.8,280.0,275.5,277.0,0.44,20247.0,333.0,248.5
MBJC,6/29/2026,273.0,276.9,273.0,275.1,0.77,14472.0,333.0,248.5
MBJC,6/30/2026,288.8,288.8,270.1,272.4,-5.68,14315.0,333.0,248.5
MBJC,7/1/2026,272.0,279.5,271.1,277.0,1.84,9594.0,333.0,248.5
MBJC,7/2/2026,275.0,275.0,273.1,275.0,0.0,4623.0,333.0,248.5
MBJC,7/3/2026,275.0,277.0,270.5,275.1,0.04,9993.0,333.0,248.5
MBJC,7/6/2026,274.0,274.0,270.0,271.0,-1.09,13199.0,333.0,248.5
MBJC,7/7/2026,265.1,274.0,265.1,274.0,3.36,16244.0,333.0,248.5
MBJC,7/8/2026,276.0,276.0,270.4,271.2,-1.74,6739.0,333.0,248.5
MBJC,7/9/2026,268.1,271.0,268.1,268.5,0.15,8913.0,333.0,248.5
MBJC,7/10/2026,264.0,272.0,264.0,270.0,2.27,5027.0,333.0,248.5
MBJC,7/13/2026,265.1,270.0,265.1,270.0,1.85,11742.0,333.0,248.5
MBJC,7/14/2026,265.0,269.5,261.1,269.4,1.66,32860.0,333.0,248.5
MBJC,7/15/2026,267.0,273.0,266.0,268.4,0.52,6765.0,333.0,248.5
MBJC,7/16/2026,275.0,275.0,266.1,266.5,-3.09,4372.0,333.0,248.5
MBJC,7/17/2026,266.6,275.1,266.6,275.0,3.15,10788.0,333.0,248.5
MBJC,7/20/2026,275.0,279.0,271.9,277.0,0.73,11193.0,333.0,248.5
MBJC,7/21/2026,275.1,278.9,275.1,277.5,0.87,18521.0,333.0,248.5
MBJC,7/22/2026,270.0,277.0,270.0,275.0,1.85,8848.0,333.0,248.5
MBJC,7/23/2026,270.1,278.1,270.1,278.1,2.96,9932.0,333.0,248.5
MBJC,7/24/2026,273.2,277.0,273.2,276.1,1.06,8647.0,333.0,248.5
MBJC,7/27/2026,276.0,276.1,272.0,273.1,-1.05,13360.0,333.0,248.5
MBJC,7/28/2026,270.6,274.5,270.6,273.4,1.03,9226.0,333.0,248.5
MBJC,7/29/2026,268.3,277.0,265.0,269.0,0.26,37825.0,333.0,248.5
MBJC,7/30/2026,269.0,275.0,266.5,266.5,-0.93,33879.0,333.0,248.5
MBJC,7/31/2026,264.2,270.1,264.2,267.0,1.06,19940.0,333.0,248.5
MBJC,8/3/2026,267.0,274.0,265.7,268.9,0.71,18771.0,333.0,248.5
MBJC,8/4/2026,265.2,270.0,265.2,268.1,1.09,6011.0,333.0,248.5
MBJC,8/5/2026,266.0,270.0,266.0,267.1,0.41,14108.0,333.0,248.5
MBJC,8/6/2026,265.1,271.0,265.1,267.4,0.87,13296.0,333.0,248.5
MBJC,8/7/2026,266.0,267.4,265.3,267.0,0.38,4538.0,333.0,248.5
MBJC,8/10/2026,267.0,273.9,263.1,265.2,-0.67,10879.0,333.0,248.5
MBJC,8/11/2026,261.4,272.0,261.2,266.6,1.99,22212.0,333.0,248.5
MBJC,8/12/2026,261.0,269.0,261.0,265.5,1.72,11114.0,333.0,248.5
MBJC,8/13/2026,252.9,268.0,252.9,267.0,5.58,18648.0,333.0,248.5
MBJC,8/14/2026,267.0,268.0,264.1,265.1,-0.71,6137.0,333.0,248.5
MBJC,8/17/2026,265.0,270.0,262.7,265.0,0.0,23405.0,333.0,248.5
MBJC,8/18/2026,265.0,266.0,263.0,263.6,-0.53,15221.0,333.0,248.5
MBJC,8/19/2026,260.0,267.7,260.0,264.0,1.54,8272.0,333.0,248.5
MBJC,8/20/2026,262.1,265.0,262.1,264.0,0.72,10282.0,333.0,248.5
MBJC,8/21/2026,262.0,272.0,262.0,267.4,2.06,58254.0,333.0,248.5
MBJC,8/24/2026,267.0,271.8,265.9,269.1,0.79,25690.0,333.0,248.5
MBJC,8/25/2026,270.0,271.6,266.6,268.6,-0.52,15615.0,333.0,248.5
MBJC,8/26/2026,260.0,263.0,251.2,256.0,-1.54,109208.0,333.0,248.5
MBJC,8/27/2026,251.0,262.0,248.5,257.1,2.43,46949.0,333.0,248.5
MBJC,8/31/2026,255.0,260.0,254.0,256.9,0.75,50127.0,333.0,248.5
MBJC,9/1/2026,251.0,263.0,251.0,257.9,2.75,31131.0,333.0,248.5
MBJC,9/2/2026,256.5,268.7,256.5,266.3,3.82,40691.0,333.0,248.5
MBJC,9/3/2026,267.9,276.0,263.5,274.0,2.28,62315.0,333.0,248.5
MBJC,9/7/2026,271.6,279.0,268.7,278.5,2.54,80806.0,333.0,248.5
MBJC,9/9/2026,276.0,283.0,273.3,280.0,1.45,72787.0,333.0,248.5
MBJC,9/10/2026,275.1,280.8,275.1,278.0,1.05,23607.0,333.0,248.5
MBJC,9/11/2026,275.1,285.0,272.0,285.0,3.6,36467.0,333.0,248.5
MBJC,9/14/2026,280.0,290.0,280.0,285.9,2.11,33218.0,333.0,248.5
MBJC,9/15/2026,300.0,300.0,287.0,295.0,-1.67,74756.0,333.0,248.5
MBJC,9/16/2026,295.0,298.0,286.0,295.0,0.0,47308.0,333.0,248.5
MBJC,9/17/2026,295.0,300.0,291.0,297.0,0.68,81416.0,333.0,248.5
MBJC,9/18/2026,290.0,303.0,290.0,301.0,3.79,67436.0,333.0,248.5
MBJC,9/22/2026,301.0,304.0,296.3,302.0,0.33,65865.0,333.0,248.5
MBJC,9/23/2026,300.0,300.0,294.2,295.0,-1.67,44830.0,333.0,248.5
MBJC,9/24/2026,295.0,297.9,288.8,295.9,0.31,36448.0,333.0,248.5
MBJC,9/28/2026,295.0,296.0,293.3,293.3,-0.58,36394.0,333.0,248.5
MBJC,9/29/2026,290.0,292.2,289.0,0.0,-100.0,17705.0,333.0,248.5
MBJC,9/30/2026,289.4,298.0,289.4,297.0,2.63,30641.0,333.0,248.5
MBJC,10/1/2026,294.0,300.5,293.6,293.7,-0.1,83477.0,333.0,248.5
MBJC,10/2/2026,293.7,301.0,291.1,295.0,0.44,56578.0,333.0,248.5
MBL,3/29/2011,129.0,128.0,125.0,128.0,,1636.0,284.0,205.0
MBL,3/31/2011,128.0,139.0,130.0,139.0,8.59,995.0,284.0,205.0
MBL,4/4/2011,139.0,141.0,138.0,140.0,0.72,978.0,284.0,205.0
MBL,4/5/2011,140.0,138.0,136.0,138.0,-1.43,854.0,284.0,205.0
MBL,4/6/2011,138.0,139.0,132.0,135.0,-2.17,1572.0,284.0,205.0
MBL,4/7/2011,135.0,137.0,135.0,136.0,0.74,673.0,284.0,205.0
MBL,4/10/2011,136.0,135.0,131.0,131.0,-3.68,1714.0,284.0,205.0
MBL,4/11/2011,131.0,130.0,129.0,130.0,-0.76,1115.0,284.0,205.0
MBL,4/13/2011,130.0,130.0,128.0,130.0,0.0,156.0,284.0,205.0
MBL,4/17/2011,130.0,128.0,128.0,128.0,-1.54,110.0,284.0,205.0
MBL,4/18/2011,128.0,129.0,127.0,127.0,-0.78,115.0,284.0,205.0
MBL,4/19/2011,127.0,127.0,124.0,124.0,-2.36,1726.0,284.0,205.0
MBL,4/20/2011,124.0,125.0,125.0,125.0,0.81,900.0,284.0,205.0
MBL,4/21/2011,125.0,127.0,124.0,126.0,0.8,1969.0,284.0,205.0
MBL,4/26/2011,126.0,126.0,124.0,124.0,-1.59,187.0,284.0,205.0
MBL,4/27/2011,124.0,123.0,112.0,112.0,-9.68,2330.0,284.0,205.0
MBL,4/28/2011,112.0,115.0,114.0,115.0,2.68,279.0,284.0,205.0
MBL,5/2/2011,115.0,117.0,115.0,117.0,1.74,1056.0,284.0,205.0
MBL,5/3/2011,117.0,118.0,115.0,118.0,0.85,1462.0,284.0,205.0
MBL,5/4/2011,118.0,120.0,120.0,120.0,1.69,91.0,284.0,205.0
MBL,5/5/2011,120.0,122.0,122.0,122.0,1.67,99.0,284.0,205.0
MBL,5/8/2011,122.0,122.0,120.0,120.0,-1.64,1700.0,284.0,205.0
MBL,5/10/2011,120.0,128.0,122.0,128.0,6.67,848.0,284.0,205.0
MBL,5/11/2011,128.0,130.0,126.0,126.0,-1.56,973.0,284.0,205.0
MBL,5/12/2011,126.0,125.0,123.0,123.0,-2.38,1098.0,284.0,205.0
MBL,5/15/2011,123.0,126.0,125.0,126.0,2.44,238.0,284.0,205.0
MBL,5/16/2011,126.0,126.0,124.0,126.0,0.0,359.0,284.0,205.0
MBL,5/18/2011,126.0,125.0,123.0,125.0,-0.79,917.0,284.0,205.0
MBL,5/22/2011,125.0,123.0,123.0,123.0,-1.6,161.0,284.0,205.0
MBL,5/23/2011,123.0,127.0,125.0,125.0,1.63,466.0,284.0,205.0
MBL,5/24/2011,125.0,126.0,123.0,126.0,0.8,167.0,284.0,205.0
MBL,5/25/2011,126.0,128.0,126.0,126.0,0.0,704.0,284.0,205.0
MBL,5/26/2011,126.0,126.0,126.0,126.0,0.0,1161.0,284.0,205.0
MBL,5/30/2011,126.0,125.0,125.0,125.0,-0.79,133.0,284.0,205.0
MBL,5/31/2011,125.0,125.0,121.0,125.0,0.0,1084.0,284.0,205.0
MBL,6/1/2011,125.0,125.0,125.0,125.0,0.0,147.0,284.0,205.0
MBL,6/2/2011,125.0,123.0,117.0,117.0,-6.4,1104.0,284.0,205.0
MBL,6/5/2011,117.0,118.0,107.0,113.0,-3.42,3495.0,284.0,205.0
MBL,6/6/2011,113.0,113.0,103.0,103.0,-8.85,9135.0,284.0,205.0
MBL,6/7/2011,103.0,103.0,98.0,98.0,-4.85,5672.0,284.0,205.0
MBL,6/8/2011,98.0,102.0,99.0,100.0,2.04,908.0,284.0,205.0
MBL,6/9/2011,100.0,100.0,98.0,100.0,0.0,2011.0,284.0,205.0
MBL,6/12/2011,100.0,102.0,100.0,101.0,1.0,1723.0,284.0,205.0
MBL,6/13/2011,101.0,103.0,100.0,103.0,1.98,1105.0,284.0,205.0
MBL,6/14/2011,103.0,101.0,101.0,101.0,-1.94,213.0,284.0,205.0
MBL,6/15/2011,101.0,106.0,101.0,106.0,4.95,1630.0,284.0,205.0
MBL,6/16/2011,106.0,109.0,102.0,109.0,2.83,1999.0,284.0,205.0
MBL,6/19/2011,109.0,119.0,111.0,119.0,9.17,840.0,284.0,205.0
MBL,6/20/2011,109.0,119.0,111.0,119.0,0.0,840.0,284.0,205.0
MBL,6/21/2011,130.0,143.0,132.0,143.0,20.17,1153.0,284.0,205.0
MBL,6/23/2011,143.0,157.0,145.0,157.0,9.79,3242.0,284.0,205.0
MBL,6/26/2011,157.0,172.0,152.0,152.0,-3.18,4028.0,284.0,205.0
MBL,6/29/2011,152.0,149.0,145.0,145.0,-4.61,643.0,284.0,205.0
MBL,6/30/2011,145.0,143.0,141.0,141.0,-2.76,159.0,284.0,205.0
MBL,7/3/2011,141.0,139.0,139.0,139.0,-1.42,100.0,284.0,205.0
MBL,7/4/2011,139.0,137.0,131.0,131.0,-5.76,225.0,284.0,205.0
MBL,7/5/2011,131.0,129.0,118.0,118.0,-9.92,581.0,284.0,205.0
MBL,7/6/2011,118.0,129.0,120.0,129.0,9.32,3659.0,284.0,205.0
MBL,7/7/2011,129.0,129.0,126.0,127.0,-1.55,1167.0,284.0,205.0
MBL,7/10/2011,127.0,131.0,127.0,129.0,1.57,1379.0,284.0,205.0
MBL,7/11/2011,129.0,129.0,125.0,127.0,-1.55,1825.0,284.0,205.0
MBL,7/12/2011,127.0,131.0,127.0,127.0,0.0,1067.0,284.0,205.0
MBL,7/13/2011,127.0,135.0,129.0,130.0,2.36,1775.0,284.0,205.0
MBL,7/14/2011,130.0,135.0,130.0,133.0,2.31,1021.0,284.0,205.0
MBL,7/17/2011,133.0,139.0,135.0,139.0,4.51,300.0,284.0,205.0
MBL,7/18/2011,139.0,145.0,139.0,140.0,0.72,1465.0,284.0,205.0
MBL,7/19/2011,140.0,143.0,140.0,143.0,2.14,3110.0,284.0,205.0
MBL,7/20/2011,143.0,143.0,139.0,139.0,-2.8,2014.0,284.0,205.0
MBL,7/21/2011,139.0,140.0,137.0,137.0,-1.44,934.0,284.0,205.0
MBL,7/24/2011,137.0,135.0,135.0,135.0,-1.46,80.0,284.0,205.0
MBL,7/26/2011,135.0,133.0,133.0,133.0,-1.48,150.0,284.0,205.0
MBL,7/27/2011,133.0,133.0,131.0,133.0,0.0,462.0,284.0,205.0
MBL,7/28/2011,133.0,136.0,132.0,135.0,1.5,600.0,284.0,205.0
MBL,7/31/2011,135.0,133.0,131.0,131.0,-2.96,170.0,284.0,205.0
MBL,8/1/2011,131.0,131.0,131.0,131.0,0.0,510.0,284.0,205.0
MBL,8/2/2011,131.0,132.0,125.0,125.0,-4.58,1449.0,284.0,205.0
MBL,8/3/2011,125.0,126.0,122.0,124.0,-0.8,1774.0,284.0,205.0
MBL,8/4/2011,124.0,122.0,119.0,122.0,-1.61,2036.0,284.0,205.0
MBL,8/7/2011,122.0,124.0,122.0,123.0,0.82,123.0,284.0,205.0
MBL,8/8/2011,123.0,121.0,121.0,121.0,-1.63,232.0,284.0,205.0
MBL,8/9/2011,121.0,119.0,114.0,115.0,-4.96,1419.0,284.0,205.0
MBL,8/10/2011,115.0,119.0,117.0,117.0,1.74,3256.0,284.0,205.0
MBL,8/11/2011,117.0,119.0,119.0,119.0,1.71,157.0,284.0,205.0
MBL,8/15/2011,119.0,120.0,120.0,120.0,0.84,305.0,284.0,205.0
MBL,8/16/2011,120.0,118.0,116.0,116.0,-3.33,257.0,284.0,205.0
MBL,8/17/2011,116.0,116.0,115.0,115.0,-0.86,1190.0,284.0,205.0
MBL,8/18/2011,115.0,119.0,115.0,119.0,3.48,650.0,284.0,205.0
MBL,8/24/2011,119.0,117.0,114.0,114.0,-4.2,583.0,284.0,205.0
MBL,8/25/2011,114.0,112.0,108.0,108.0,-5.26,4577.0,284.0,205.0
MBL,8/28/2011,108.0,108.0,108.0,108.0,0.0,360.0,284.0,205.0
MBL,8/29/2011,108.0,107.0,105.0,107.0,-0.93,3273.0,284.0,205.0
MBL,8/30/2011,107.0,112.0,109.0,112.0,4.67,115.0,284.0,205.0
MBL,9/1/2011,112.0,116.0,114.0,115.0,2.68,968.0,284.0,205.0
MBL,9/4/2011,115.0,117.0,115.0,115.0,0.0,800.0,284.0,205.0
MBL,9/5/2011,115.0,113.0,107.0,107.0,-6.96,1090.0,284.0,205.0
MBL,9/6/2011,107.0,105.0,100.0,102.0,-4.67,14168.0,284.0,205.0
MBL,9/12/2011,102.0,108.0,104.0,107.0,4.9,1569.0,284.0,205.0
MBL,9/13/2011,107.0,111.0,107.0,109.0,1.87,1133.0,284.0,205.0
MBL,9/14/2011,109.0,110.0,107.0,107.0,-1.83,2299.0,284.0,205.0
MBL,9/18/2011,107.0,105.0,105.0,105.0,-1.87,435.0,284.0,205.0
MBL,9/20/2011,105.0,113.0,106.0,113.0,7.62,707.0,284.0,205.0
MBL,9/21/2011,113.0,114.0,111.0,111.0,-1.77,969.0,284.0,205.0
MBL,9/22/2011,111.0,114.0,111.0,114.0,2.7,380.0,284.0,205.0
MBL,9/25/2011,114.0,116.0,114.0,116.0,1.75,667.0,284.0,205.0
MBL,9/26/2011,116.0,114.0,108.0,111.0,-4.31,10533.0,284.0,205.0
MBL,9/27/2011,111.0,121.0,113.0,118.0,6.31,2829.0,284.0,205.0
MBL,9/29/2011,118.0,116.0,110.0,110.0,-6.78,5575.0,284.0,205.0
MBL,10/2/2011,110.0,113.0,112.0,113.0,2.73,2074.0,284.0,205.0
MBL,10/10/2011,113.0,115.0,115.0,115.0,1.77,200.0,284.0,205.0
MBL,10/12/2011,115.0,121.0,117.0,119.0,3.48,293.0,284.0,205.0
MBL,10/13/2011,119.0,121.0,119.0,121.0,1.68,1133.0,284.0,205.0
MBL,10/16/2011,121.0,120.0,116.0,116.0,-4.13,474.0,284.0,205.0
MBL,10/17/2011,116.0,118.0,115.0,115.0,-0.86,179.0,284.0,205.0
MBL,10/18/2011,115.0,117.0,108.0,108.0,-6.09,5900.0,284.0,205.0
MBL,10/19/2011,108.0,112.0,110.0,111.0,2.78,4439.0,284.0,205.0
MBL,10/20/2011,111.0,113.0,111.0,113.0,1.8,2434.0,284.0,205.0
MBL,10/23/2011,113.0,115.0,105.0,105.0,-7.08,9992.0,284.0,205.0
MBL,10/24/2011,105.0,115.0,107.0,115.0,9.52,3672.0,284.0,205.0
MBL,10/25/2011,115.0,123.0,116.0,118.0,2.61,3820.0,284.0,205.0
MBL,10/30/2011,118.0,128.0,120.0,128.0,8.47,458.0,284.0,205.0
MBL,10/31/2011,128.0,126.0,118.0,120.0,-6.25,2555.0,284.0,205.0
MBL,11/2/2011,120.0,132.0,122.0,132.0,10.0,3919.0,284.0,205.0
MBL,11/3/2011,132.0,130.0,120.0,126.0,-4.55,5652.0,284.0,205.0
MBL,11/6/2011,126.0,128.0,124.0,127.0,0.79,1386.0,284.0,205.0
MBL,11/8/2011,127.0,125.0,123.0,123.0,-3.15,200.0,284.0,205.0
MBL,11/9/2011,123.0,121.0,119.0,121.0,-1.63,1557.0,284.0,205.0
MBL,11/10/2011,121.0,121.0,120.0,120.0,-0.83,4448.0,284.0,205.0
MBL,11/13/2011,120.0,122.0,119.0,122.0,1.67,4985.0,284.0,205.0
MBL,11/14/2011,122.0,121.0,118.0,118.0,-3.28,1735.0,284.0,205.0
MBL,11/15/2011,118.0,122.0,119.0,122.0,3.39,745.0,284.0,205.0
MBL,11/16/2011,122.0,120.0,120.0,120.0,-1.64,260.0,284.0,205.0
MBL,11/17/2011,120.0,122.0,118.0,118.0,-1.67,4385.0,284.0,205.0
MBL,11/20/2011,118.0,120.0,117.0,119.0,0.85,854.0,284.0,205.0
MBL,11/21/2011,119.0,118.0,118.0,118.0,-0.84,520.0,284.0,205.0
MBL,11/22/2011,118.0,116.0,116.0,116.0,-1.69,1300.0,284.0,205.0
MBL,11/23/2011,116.0,117.0,113.0,115.0,-0.86,3098.0,284.0,205.0
MBL,11/24/2011,115.0,114.0,112.0,112.0,-2.61,1776.0,284.0,205.0
MBL,11/27/2011,112.0,115.0,114.0,115.0,2.68,1340.0,284.0,205.0
MBL,12/1/2011,110.0,110.0,108.0,110.0,-4.35,7555.0,284.0,205.0
MBL,12/4/2011,110.0,112.0,112.0,112.0,1.82,761.0,284.0,205.0
MBL,12/5/2011,112.0,113.0,111.0,113.0,0.89,1801.0,284.0,205.0
MBL,12/7/2011,113.0,116.0,113.0,113.0,0.0,4342.0,284.0,205.0
MBL,12/8/2011,113.0,111.0,109.0,109.0,-3.54,1248.0,284.0,205.0
MBL,12/11/2011,109.0,110.0,107.0,107.0,-1.83,14657.0,284.0,205.0
MBL,9/20/2012,107.0,117.0,109.0,117.0,9.35,50.0,284.0,205.0
MBL,9/23/2012,117.0,128.0,119.0,128.0,9.4,424.0,284.0,205.0
MBL,9/24/2012,128.0,140.0,130.0,140.0,9.38,680.0,284.0,205.0
MBL,9/25/2012,140.0,154.0,137.0,141.0,0.71,23525.0,284.0,205.0
MBL,9/26/2012,141.0,141.0,133.0,135.0,-4.26,7492.0,284.0,205.0
MBL,9/30/2012,138.0,138.0,134.0,138.0,2.22,6767.0,284.0,205.0
MBL,10/1/2012,138.0,140.0,137.0,140.0,1.45,6043.0,284.0,205.0
MBL,10/2/2012,140.0,140.0,138.0,140.0,0.0,2251.0,284.0,205.0
MBL,10/3/2012,140.0,144.0,139.0,143.0,2.14,8229.0,284.0,205.0
MBL,10/4/2012,143.0,144.0,141.0,144.0,0.7,6753.0,284.0,205.0
MBL,10/7/2012,144.0,150.0,143.0,146.0,1.39,7385.0,284.0,205.0
MBL,10/8/2012,146.0,159.0,145.0,156.0,6.85,16611.0,284.0,205.0
MBL,10/9/2012,156.0,155.0,153.0,154.0,-1.28,3600.0,284.0,205.0
MBL,10/10/2012,154.0,156.0,149.0,150.0,-2.6,9473.0,284.0,205.0
MBL,10/11/2012,150.0,155.0,150.0,154.0,2.67,13811.0,284.0,205.0
MBL,10/14/2012,154.0,166.0,151.0,166.0,7.79,11944.0,284.0,205.0
MBL,10/15/2012,166.0,170.0,161.0,168.0,1.2,10712.0,284.0,205.0
MBL,10/17/2012,168.0,183.0,166.0,182.0,8.33,9818.0,284.0,205.0
MBL,10/18/2012,182.0,192.0,182.0,192.0,5.49,13045.0,284.0,205.0
MBL,10/30/2012,192.0,204.0,186.0,201.0,4.69,9489.0,284.0,205.0
MBL,10/31/2012,201.0,208.0,195.0,202.0,0.5,8134.0,284.0,205.0
MBL,11/1/2012,202.0,202.0,193.0,195.0,-3.47,6371.0,284.0,205.0
MBL,11/4/2012,195.0,197.0,190.0,195.0,0.0,12667.0,284.0,205.0
MBL,11/5/2012,195.0,207.0,192.0,195.0,0.0,9272.0,284.0,205.0
MBL,11/6/2012,195.0,195.0,191.0,192.0,-1.54,1627.0,284.0,205.0
MBL,11/7/2012,192.0,197.0,190.0,193.0,0.52,10139.0,284.0,205.0
MBL,11/8/2012,193.0,205.0,188.0,196.0,1.55,16030.0,284.0,205.0
MBL,11/11/2012,196.0,198.0,186.0,189.0,-3.57,6706.0,284.0,205.0
MBL,11/12/2012,189.0,199.0,185.0,199.0,5.29,14935.0,284.0,205.0
MBL,11/18/2012,199.0,202.0,190.0,195.0,-2.01,15326.0,284.0,205.0
MBL,11/20/2012,195.0,205.0,193.0,195.0,0.0,14402.0,284.0,205.0
MBL,11/21/2012,195.0,201.0,190.0,194.0,-0.51,10222.0,284.0,205.0
MBL,11/22/2012,194.0,194.0,190.0,193.0,-0.52,3370.0,284.0,205.0
MBL,11/25/2012,193.0,202.0,191.0,197.0,2.07,12425.0,284.0,205.0
MBL,11/26/2012,197.0,199.0,186.0,195.0,-1.02,6582.0,284.0,205.0
MBL,11/27/2012,195.0,197.0,190.0,195.0,0.0,6415.0,284.0,205.0
MBL,11/28/2012,195.0,197.0,190.0,194.0,-0.51,7881.0,284.0,205.0
MBL,11/29/2012,194.0,197.0,186.0,190.0,-2.06,4349.0,284.0,205.0
MBL,12/2/2012,190.0,193.0,188.0,190.0,0.0,2423.0,284.0,205.0
MBL,12/3/2012,190.0,196.0,188.0,188.0,-1.05,521.0,284.0,205.0
MBL,12/4/2012,188.0,194.0,186.0,191.0,1.6,14709.0,284.0,205.0
MBL,12/5/2012,191.0,200.0,191.0,199.0,4.19,16471.0,284.0,205.0
MBL,12/6/2012,199.0,197.0,190.0,192.0,-3.52,12374.0,284.0,205.0
MBL,12/9/2012,192.0,192.0,189.0,190.0,-1.04,4503.0,284.0,205.0
MBL,12/10/2012,190.0,193.0,185.0,192.0,1.05,2402.0,284.0,205.0
MBL,12/11/2012,192.0,193.0,190.0,191.0,-0.52,2159.0,284.0,205.0
MBL,12/12/2012,191.0,197.0,191.0,193.0,1.05,5226.0,284.0,205.0
MBL,12/13/2012,193.0,197.0,194.0,194.0,0.52,3927.0,284.0,205.0
MBL,12/16/2012,194.0,203.0,194.0,199.0,2.58,7142.0,284.0,205.0
MBL,12/17/2012,199.0,206.0,197.0,201.0,1.01,22260.0,284.0,205.0
MBL,12/18/2012,201.0,198.0,193.0,198.0,-1.49,5219.0,284.0,205.0
MBL,12/19/2012,198.0,200.0,196.0,200.0,1.01,14291.0,284.0,205.0
MBL,12/20/2012,200.0,220.0,196.0,220.0,10.0,74290.0,284.0,205.0
MBL,12/23/2012,220.0,242.0,224.0,242.0,10.0,38587.0,284.0,205.0
MBL,12/24/2012,242.0,264.0,246.0,254.0,4.96,51895.0,284.0,205.0
MBL,12/26/2012,254.0,260.0,236.0,246.0,-3.15,28397.0,284.0,205.0
MBL,12/27/2012,246.0,246.0,239.0,240.0,-2.44,18373.0,284.0,205.0
MBL,12/31/2012,240.0,239.0,224.0,233.0,-2.92,16759.0,284.0,205.0
MBL,1/1/2013,233.0,235.0,225.0,230.0,-1.29,12473.0,284.0,205.0
MBL,1/2/2013,230.0,234.0,220.0,228.0,-0.87,11972.0,284.0,205.0
MBL,1/3/2013,228.0,236.0,230.0,231.0,1.32,7399.0,284.0,205.0
MBL,1/6/2013,231.0,239.0,224.0,239.0,3.46,20490.0,284.0,205.0
MBL,1/7/2013,239.0,235.0,222.0,226.0,-5.44,11976.0,284.0,205.0
MBL,1/8/2013,226.0,225.0,220.0,220.0,-2.65,10191.0,284.0,205.0
MBL,1/9/2013,220.0,228.0,220.0,224.0,1.82,12510.0,284.0,205.0
MBL,1/10/2013,224.0,223.0,219.0,219.0,-2.23,8641.0,284.0,205.0
MBL,1/13/2013,219.0,232.0,218.0,227.0,3.65,6180.0,284.0,205.0
MBL,1/15/2013,227.0,243.0,231.0,238.0,4.85,26316.0,284.0,205.0
MBL,1/16/2013,238.0,241.0,235.0,239.0,0.42,11977.0,284.0,205.0
MBL,1/17/2013,239.0,236.0,232.0,232.0,-2.93,8790.0,284.0,205.0
MBL,1/20/2013,232.0,228.0,219.0,223.0,-3.88,8339.0,284.0,205.0
MBL,1/21/2013,223.0,235.0,227.0,232.0,4.04,7955.0,284.0,205.0
MBL,1/22/2013,232.0,231.0,227.0,229.0,-1.29,6577.0,284.0,205.0
MBL,1/23/2013,229.0,234.0,225.0,228.0,-0.44,9579.0,284.0,205.0
MBL,1/24/2013,228.0,228.0,224.0,225.0,-1.32,4052.0,284.0,205.0
MBL,1/27/2013,225.0,226.0,221.0,222.0,-1.33,4591.0,284.0,205.0
MBL,1/28/2013,222.0,226.0,222.0,226.0,1.8,2460.0,284.0,205.0
MBL,1/30/2013,226.0,226.0,223.0,226.0,0.0,17956.0,284.0,205.0
MBL,1/31/2013,226.0,226.0,222.0,224.0,-0.88,5570.0,284.0,205.0
MBL,2/3/2013,224.0,233.0,226.0,231.0,3.12,9347.0,284.0,205.0
MBL,2/4/2013,231.0,231.0,226.0,228.0,-1.3,8707.0,284.0,205.0
MBL,2/5/2013,228.0,231.0,228.0,230.0,0.88,7847.0,284.0,205.0
MBL,2/6/2013,230.0,228.0,218.0,224.0,-2.61,13550.0,284.0,205.0
MBL,2/7/2013,224.0,225.0,221.0,223.0,-0.45,2513.0,284.0,205.0
MBL,2/10/2013,223.0,226.0,220.0,225.0,0.9,6429.0,284.0,205.0
MBL,2/12/2013,225.0,238.0,228.0,238.0,5.78,10762.0,284.0,205.0
MBL,2/13/2013,238.0,234.0,229.0,231.0,-2.94,9787.0,284.0,205.0
MBL,2/14/2013,231.0,235.0,232.0,232.0,0.43,1525.0,284.0,205.0
MBL,2/17/2013,232.0,255.0,236.0,255.0,9.91,7190.0,284.0,205.0
MBL,2/19/2013,255.0,270.0,243.0,247.0,-3.14,22307.0,284.0,205.0
MBL,2/20/2013,247.0,243.0,231.0,235.0,-4.86,12320.0,284.0,205.0
MBL,2/21/2013,235.0,247.0,239.0,243.0,3.4,7282.0,284.0,205.0
MBL,2/24/2013,243.0,241.0,234.0,241.0,-0.82,6022.0,284.0,205.0
MBL,2/25/2013,241.0,249.0,239.0,244.0,1.24,11959.0,284.0,205.0
MBL,2/26/2013,244.0,247.0,240.0,242.0,-0.82,6306.0,284.0,205.0
MBL,2/27/2013,242.0,240.0,234.0,235.0,-2.89,2924.0,284.0,205.0
MBL,2/28/2013,235.0,237.0,231.0,235.0,0.0,9052.0,284.0,205.0
MBL,3/3/2013,235.0,239.0,234.0,237.0,0.85,5161.0,284.0,205.0
MBL,3/4/2013,237.0,238.0,232.0,232.0,-2.11,7602.0,284.0,205.0
MBL,3/5/2013,232.0,233.0,229.0,232.0,0.0,8582.0,284.0,205.0
MBL,3/6/2013,232.0,239.0,233.0,239.0,3.02,4772.0,284.0,205.0
MBL,3/7/2013,239.0,241.0,237.0,237.0,-0.84,4002.0,284.0,205.0
MBL,3/11/2013,237.0,238.0,233.0,236.0,-0.42,7647.0,284.0,205.0
MBL,3/13/2013,236.0,245.0,238.0,241.0,2.12,16668.0,284.0,205.0
MBL,3/14/2013,241.0,249.0,238.0,241.0,0.0,10226.0,284.0,205.0
MBL,3/17/2013,241.0,241.0,230.0,235.0,-2.49,5725.0,284.0,205.0
MBL,3/18/2013,235.0,235.0,230.0,230.0,-2.13,2407.0,284.0,205.0
MBL,3/19/2013,230.0,235.0,231.0,234.0,1.74,3683.0,284.0,205.0
MBL,3/20/2013,234.0,230.0,228.0,228.0,-2.56,6872.0,284.0,205.0
MBL,3/21/2013,228.0,226.0,226.0,226.0,-0.88,200.0,284.0,205.0
MBL,3/24/2013,226.0,224.0,220.0,220.0,-2.65,6079.0,284.0,205.0
MBL,3/25/2013,220.0,227.0,221.0,224.0,1.82,5578.0,284.0,205.0
MBL,3/27/2013,224.0,226.0,222.0,223.0,-0.45,4938.0,284.0,205.0
MBL,3/28/2013,223.0,226.0,223.0,225.0,0.9,2557.0,284.0,205.0
MBL,3/31/2013,225.0,225.0,220.0,220.0,-2.22,7932.0,284.0,205.0
MBL,4/1/2013,220.0,225.0,216.0,225.0,2.27,6795.0,284.0,205.0
MBL,4/2/2013,225.0,233.0,225.0,233.0,3.56,2291.0,284.0,205.0
MBL,4/4/2013,233.0,229.0,222.0,222.0,-4.72,785.0,284.0,205.0
MBL,4/7/2013,222.0,224.0,220.0,224.0,0.9,5193.0,284.0,205.0
MBL,4/8/2013,224.0,225.0,222.0,223.0,-0.45,2397.0,284.0,205.0
MBL,4/9/2013,223.0,231.0,221.0,231.0,3.59,1108.0,284.0,205.0
MBL,4/11/2013,231.0,232.0,227.0,228.0,-1.3,3947.0,284.0,205.0
MBL,4/15/2013,228.0,234.0,224.0,225.0,-1.32,5846.0,284.0,205.0
MBL,4/16/2013,225.0,227.0,223.0,226.0,0.44,1451.0,284.0,205.0
MBL,4/17/2013,226.0,226.0,225.0,225.0,-0.44,3272.0,284.0,205.0
MBL,4/18/2013,225.0,223.0,218.0,221.0,-1.78,2013.0,284.0,205.0
MBL,4/21/2013,221.0,221.0,217.0,219.0,-0.9,2136.0,284.0,205.0
MBL,4/22/2013,219.0,216.0,207.0,210.0,-4.11,9014.0,284.0,205.0
MBL,4/23/2013,210.0,220.0,214.0,214.0,1.9,3583.0,284.0,205.0
MBL,4/25/2013,214.0,215.0,211.0,211.0,-1.4,2537.0,284.0,205.0
MBL,4/28/2013,211.0,212.0,208.0,209.0,-0.95,2009.0,284.0,205.0
MBL,4/29/2013,209.0,214.0,209.0,209.0,0.0,2806.0,284.0,205.0
MBL,4/30/2013,209.0,209.0,207.0,209.0,0.0,482.0,284.0,205.0
MBL,5/2/2013,209.0,205.0,193.0,195.0,-6.7,5240.0,284.0,205.0
MBL,5/5/2013,195.0,198.0,193.0,195.0,0.0,3246.0,284.0,205.0
MBL,5/6/2013,195.0,193.0,191.0,193.0,-1.03,1583.0,284.0,205.0
MBL,5/7/2013,193.0,211.0,195.0,208.0,7.77,3139.0,284.0,205.0
MBL,5/8/2013,208.0,204.0,200.0,204.0,-1.92,1192.0,284.0,205.0
MBL,5/9/2013,204.0,204.0,198.0,201.0,-1.47,1957.0,284.0,205.0
MBL,5/12/2013,201.0,204.0,193.0,193.0,-3.98,1905.0,284.0,205.0
MBL,5/13/2013,193.0,200.0,192.0,196.0,1.55,3339.0,284.0,205.0
MBL,5/14/2013,196.0,204.0,198.0,200.0,2.04,4876.0,284.0,205.0
MBL,5/15/2013,200.0,212.0,204.0,206.0,3.0,3305.0,284.0,205.0
MBL,5/16/2013,206.0,211.0,206.0,210.0,1.94,4283.0,284.0,205.0
MBL,5/19/2013,210.0,211.0,211.0,211.0,0.48,154.0,284.0,205.0
MBL,5/20/2013,211.0,208.0,200.0,203.0,-3.79,245.0,284.0,205.0
MBL,5/21/2013,203.0,202.0,198.0,202.0,-0.49,4017.0,284.0,205.0
MBL,5/22/2013,202.0,209.0,205.0,205.0,1.49,803.0,284.0,205.0
MBL,5/23/2013,205.0,201.0,196.0,198.0,-3.41,8136.0,284.0,205.0
MBL,5/26/2013,198.0,201.0,196.0,198.0,0.0,7066.0,284.0,205.0
MBL,5/27/2013,198.0,204.0,197.0,204.0,3.03,5353.0,284.0,205.0
MBL,5/28/2013,204.0,207.0,201.0,207.0,1.47,2735.0,284.0,205.0
MBL,5/30/2013,207.0,207.0,207.0,207.0,0.0,990.0,284.0,205.0
MBL,6/2/2013,207.0,203.0,198.0,198.0,-4.35,1050.0,284.0,205.0
MBL,6/3/2013,198.0,200.0,197.0,200.0,1.01,816.0,284.0,205.0
MBL,6/4/2013,200.0,199.0,199.0,199.0,-0.5,1257.0,284.0,205.0
MBL,6/5/2013,199.0,201.0,192.0,200.0,0.5,7951.0,284.0,205.0
MBL,6/6/2013,200.0,200.0,198.0,199.0,-0.5,957.0,284.0,205.0
MBL,6/9/2013,199.0,199.0,196.0,197.0,-1.01,5065.0,284.0,205.0
MBL,6/10/2013,197.0,196.0,192.0,195.0,-1.02,4421.0,284.0,205.0
MBL,6/11/2013,195.0,195.0,193.0,195.0,0.0,1706.0,284.0,205.0
MBL,6/12/2013,195.0,195.0,194.0,195.0,0.0,1843.0,284.0,205.0
MBL,6/13/2013,195.0,197.0,195.0,196.0,0.51,4205.0,284.0,205.0
MBL,6/16/2013,196.0,199.0,196.0,196.0,0.0,2456.0,284.0,205.0
MBL,6/17/2013,196.0,195.0,191.0,193.0,-1.53,3362.0,284.0,205.0
MBL,6/18/2013,193.0,193.0,190.0,190.0,-1.55,10449.0,284.0,205.0
MBL,6/19/2013,190.0,193.0,187.0,193.0,1.58,167.0,284.0,205.0
MBL,6/20/2013,193.0,192.0,189.0,192.0,-0.52,5899.0,284.0,205.0
MBL,6/23/2013,192.0,190.0,190.0,190.0,-1.04,628.0,284.0,205.0
MBL,6/24/2013,190.0,193.0,188.0,192.0,1.05,3801.0,284.0,205.0
MBL,6/25/2013,192.0,200.0,193.0,198.0,3.12,10161.0,284.0,205.0
MBL,6/26/2013,198.0,207.0,199.0,201.0,1.52,9777.0,284.0,205.0
MBL,6/27/2013,201.0,200.0,196.0,196.0,-2.49,3767.0,284.0,205.0
MBL,6/30/2013,196.0,196.0,190.0,191.0,-2.55,8222.0,284.0,205.0
MBL,7/1/2013,191.0,194.0,189.0,192.0,0.52,5954.0,284.0,205.0
MBL,7/2/2013,192.0,190.0,190.0,190.0,-1.04,3590.0,284.0,205.0
MBL,7/3/2013,190.0,193.0,190.0,193.0,1.58,4196.0,284.0,205.0
MBL,7/4/2013,193.0,192.0,190.0,191.0,-1.04,4970.0,284.0,205.0
MBL,7/7/2013,191.0,192.0,191.0,191.0,0.0,3491.0,284.0,205.0
MBL,7/8/2013,191.0,197.0,191.0,193.0,1.05,6206.0,284.0,205.0
MBL,7/9/2013,193.0,204.0,192.0,204.0,5.7,8924.0,284.0,205.0
MBL,7/10/2013,204.0,212.0,204.0,205.0,0.49,5834.0,284.0,205.0
MBL,7/11/2013,205.0,205.0,201.0,203.0,-0.98,7740.0,284.0,205.0
MBL,7/14/2013,203.0,211.0,202.0,202.0,-0.49,4450.0,284.0,205.0
MBL,7/15/2013,202.0,205.0,203.0,203.0,0.5,2612.0,284.0,205.0
MBL,7/16/2013,203.0,203.0,199.0,203.0,0.0,1562.0,284.0,205.0
MBL,7/17/2013,203.0,203.0,196.0,196.0,-3.45,3110.0,284.0,205.0
MBL,7/18/2013,196.0,210.0,199.0,206.0,5.1,6945.0,284.0,205.0
MBL,7/21/2013,206.0,224.0,210.0,216.0,4.85,2654.0,284.0,205.0
MBL,7/22/2013,216.0,220.0,208.0,212.0,-1.85,7442.0,284.0,205.0
MBL,7/23/2013,212.0,210.0,205.0,207.0,-2.36,2431.0,284.0,205.0
MBL,7/24/2013,207.0,205.0,198.0,205.0,-0.97,5944.0,284.0,205.0
MBL,7/25/2013,205.0,205.0,201.0,203.0,-0.98,3543.0,284.0,205.0
MBL,7/28/2013,203.0,206.0,200.0,206.0,1.48,7311.0,284.0,205.0
MBL,7/29/2013,206.0,216.0,202.0,216.0,4.85,18679.0,284.0,205.0
MBL,7/30/2013,216.0,220.0,208.0,215.0,-0.46,10099.0,284.0,205.0
MBL,7/31/2013,215.0,220.0,213.0,213.0,-0.93,6766.0,284.0,205.0
MBL,8/1/2013,213.0,224.0,213.0,220.0,3.29,18108.0,284.0,205.0
MBL,8/4/2013,220.0,221.0,215.0,218.0,-0.91,6200.0,284.0,205.0
MBL,8/5/2013,218.0,218.0,207.0,207.0,-5.05,2099.0,284.0,205.0
MBL,8/6/2013,207.0,217.0,202.0,213.0,2.9,3580.0,284.0,205.0
MBL,8/7/2013,213.0,213.0,209.0,211.0,-0.94,6571.0,284.0,205.0
MBL,8/8/2013,211.0,214.0,210.0,212.0,0.47,5258.0,284.0,205.0
MBL,8/11/2013,212.0,210.0,208.0,210.0,-0.94,3299.0,284.0,205.0
MBL,8/12/2013,210.0,210.0,205.0,206.0,-1.9,2341.0,284.0,205.0
MBL,8/13/2013,206.0,203.0,201.0,203.0,-1.46,10001.0,284.0,205.0
MBL,8/14/2013,203.0,205.0,201.0,203.0,0.0,1266.0,284.0,205.0
MBL,8/15/2013,203.0,205.0,200.0,205.0,0.99,6747.0,284.0,205.0
MBL,8/18/2013,205.0,207.0,204.0,206.0,0.49,611.0,284.0,205.0
MBL,8/19/2013,206.0,206.0,202.0,206.0,0.0,5439.0,284.0,205.0
MBL,8/20/2013,206.0,210.0,204.0,204.0,-0.97,4416.0,284.0,205.0
MBL,8/25/2013,204.0,206.0,204.0,206.0,0.98,3103.0,284.0,205.0
MBL,8/26/2013,206.0,210.0,201.0,210.0,1.94,7864.0,284.0,205.0
MBL,8/27/2013,210.0,219.0,212.0,215.0,2.38,17827.0,284.0,205.0
MBL,8/29/2013,215.0,217.0,210.0,217.0,0.93,9375.0,284.0,205.0
MBL,9/1/2013,217.0,218.0,210.0,213.0,-1.84,4975.0,284.0,205.0
MBL,9/2/2013,213.0,210.0,206.0,206.0,-3.29,5416.0,284.0,205.0
MBL,9/3/2013,206.0,212.0,206.0,210.0,1.94,4561.0,284.0,205.0
MBL,9/4/2013,210.0,214.0,205.0,214.0,1.9,5012.0,284.0,205.0
MBL,9/5/2013,214.0,214.0,206.0,210.0,-1.87,9523.0,284.0,205.0
MBL,9/8/2013,210.0,214.0,212.0,213.0,1.43,8169.0,284.0,205.0
MBL,9/9/2013,213.0,220.0,211.0,217.0,1.88,40222.0,284.0,205.0
MBL,9/10/2013,217.0,226.0,215.0,223.0,2.76,26117.0,284.0,205.0
MBL,9/11/2013,223.0,225.0,217.0,219.0,-1.79,9706.0,284.0,205.0
MBL,9/12/2013,219.0,225.0,220.0,224.0,2.28,14478.0,284.0,205.0
MBL,9/15/2013,224.0,229.0,224.0,229.0,2.23,20843.0,284.0,205.0
MBL,9/16/2013,229.0,236.0,226.0,233.0,1.75,11913.0,284.0,205.0
MBL,9/17/2013,233.0,241.0,233.0,238.0,2.15,20968.0,284.0,205.0
MBL,9/19/2013,238.0,242.0,230.0,240.0,0.84,11208.0,284.0,205.0
MBL,9/22/2013,240.0,236.0,225.0,228.0,-5.0,5866.0,284.0,205.0
MBL,9/23/2013,228.0,226.0,222.0,225.0,-1.32,12712.0,284.0,205.0
MBL,9/24/2013,225.0,234.0,226.0,230.0,2.22,8776.0,284.0,205.0
MBL,9/25/2013,230.0,234.0,226.0,230.0,0.0,6783.0,284.0,205.0
MBL,9/26/2013,230.0,231.0,226.0,228.0,-0.87,3574.0,284.0,205.0
MBL,9/29/2013,228.0,229.0,227.0,228.0,0.0,6829.0,284.0,205.0
MBL,9/30/2013,228.0,227.0,226.0,227.0,-0.44,2131.0,284.0,205.0
MBL,10/1/2013,227.0,231.0,226.0,230.0,1.32,18192.0,284.0,205.0
MBL,10/2/2013,230.0,233.0,225.0,232.0,0.87,16402.0,284.0,205.0
MBL,10/3/2013,232.0,232.0,227.0,230.0,-0.86,9646.0,284.0,205.0
MBL,10/6/2013,230.0,240.0,230.0,236.0,2.61,8433.0,284.0,205.0
MBL,10/7/2013,236.0,239.0,232.0,239.0,1.27,7854.0,284.0,205.0
MBL,10/8/2013,239.0,243.0,235.0,241.0,0.84,11043.0,284.0,205.0
MBL,10/9/2013,241.0,241.0,239.0,241.0,0.0,5522.0,284.0,205.0
MBL,10/10/2013,241.0,246.0,238.0,240.0,-0.41,6031.0,284.0,205.0
MBL,10/17/2013,240.0,247.0,243.0,244.0,1.67,2847.0,284.0,205.0
MBL,10/20/2013,244.0,250.0,245.0,249.0,2.05,16701.0,284.0,205.0
MBL,10/21/2013,249.0,256.0,245.0,245.0,-1.61,8638.0,284.0,205.0
MBL,10/22/2013,245.0,245.0,240.0,242.0,-1.22,8377.0,284.0,205.0
MBL,10/23/2013,242.0,243.0,238.0,240.0,-0.83,6344.0,284.0,205.0
MBL,10/24/2013,240.0,240.0,237.0,237.0,-1.25,3855.0,284.0,205.0
MBL,10/27/2013,237.0,235.0,232.0,232.0,-2.11,3502.0,284.0,205.0
MBL,10/28/2013,232.0,234.0,232.0,232.0,0.0,2323.0,284.0,205.0
MBL,10/29/2013,232.0,235.0,231.0,234.0,0.86,2922.0,284.0,205.0
MBL,10/30/2013,234.0,239.0,235.0,236.0,0.85,5169.0,284.0,205.0
MBL,10/31/2013,236.0,238.0,230.0,231.0,-2.12,3745.0,284.0,205.0
MBL,11/6/2013,231.0,232.0,228.0,232.0,0.43,3639.0,284.0,205.0
MBL,11/7/2013,232.0,239.0,236.0,238.0,2.59,525.0,284.0,205.0
MBL,11/11/2013,236.0,248.0,240.0,248.0,4.2,16789.0,284.0,205.0
MBL,11/12/2013,248.0,267.0,248.0,253.0,2.02,29295.0,284.0,205.0
MBL,11/13/2013,253.0,260.0,248.0,250.0,-1.19,25654.0,284.0,205.0
MBL,11/14/2013,251.0,260.0,246.0,254.0,1.6,87079.0,284.0,205.0
MBL,11/21/2013,254.0,274.0,259.0,274.0,7.87,396.0,284.0,205.0
MBL,11/24/2013,274.0,301.0,280.0,299.0,9.12,73160.0,284.0,205.0
MBL,11/25/2013,299.0,300.0,275.0,288.0,-3.68,37307.0,284.0,205.0
MBL,11/26/2013,288.0,300.0,281.0,289.0,0.35,17143.0,284.0,205.0
MBL,11/27/2013,289.0,295.0,282.0,290.0,0.35,10402.0,284.0,205.0
MBL,11/28/2013,290.0,293.0,280.0,285.0,-1.72,23242.0,284.0,205.0
MBL,12/1/2013,285.0,295.0,286.0,290.0,1.75,26430.0,284.0,205.0
MBL,12/2/2013,290.0,305.0,290.0,303.0,4.48,24501.0,284.0,205.0
MBL,12/3/2013,303.0,314.0,300.0,312.0,2.97,32961.0,284.0,205.0
MBL,12/4/2013,312.0,343.0,315.0,336.0,7.69,34530.0,284.0,205.0
MBL,12/5/2013,336.0,369.0,334.0,344.0,2.38,62094.0,284.0,205.0
MBL,12/8/2013,344.0,357.0,338.0,356.0,3.49,44293.0,284.0,205.0
MBL,12/9/2013,356.0,359.0,348.0,350.0,-1.69,18392.0,284.0,205.0
MBL,12/10/2013,350.0,356.0,343.0,350.0,0.0,22560.0,284.0,205.0
MBL,12/11/2013,350.0,370.0,353.0,355.0,1.43,29492.0,284.0,205.0
MBL,12/12/2013,355.0,369.0,355.0,362.0,1.97,22929.0,284.0,205.0
MBL,12/15/2013,362.0,397.0,360.0,395.0,9.12,38587.0,284.0,205.0
MBL,12/16/2013,395.0,434.0,402.0,434.0,9.87,17200.0,284.0,205.0
MBL,12/18/2013,434.0,459.0,441.0,455.0,4.84,17620.0,284.0,205.0
MBL,12/19/2013,455.0,464.0,419.0,446.0,-1.98,34317.0,284.0,205.0
MBL,12/22/2013,450.0,445.0,413.0,425.0,-4.71,38342.0,284.0,205.0
MBL,12/23/2013,419.0,430.0,398.0,406.0,-4.47,25386.0,284.0,205.0
MBL,12/24/2013,406.0,430.0,368.0,401.0,-1.23,29220.0,284.0,205.0
MBL,12/26/2013,411.0,441.0,405.0,416.0,3.74,47038.0,284.0,205.0
MBL,12/29/2013,416.0,423.0,410.0,419.0,0.72,26913.0,284.0,205.0
MBL,12/31/2013,419.0,426.0,411.0,412.0,-1.67,18121.0,284.0,205.0
MBL,1/1/2014,412.0,410.0,400.0,406.0,-1.46,24558.0,284.0,205.0
MBL,1/2/2014,406.0,424.0,376.0,405.0,-0.25,26826.0,284.0,205.0
MBL,1/5/2014,405.0,425.0,400.0,414.0,2.22,25051.0,284.0,205.0
MBL,1/6/2014,414.0,421.0,415.0,416.0,0.48,17268.0,284.0,205.0
MBL,1/7/2014,416.0,423.0,414.0,415.0,-0.24,26455.0,284.0,205.0
MBL,1/8/2014,415.0,438.0,420.0,427.0,2.89,13362.0,284.0,205.0
MBL,1/9/2014,427.0,431.0,420.0,430.0,0.7,23787.0,284.0,205.0
MBL,1/12/2014,430.0,458.0,432.0,453.0,5.35,38822.0,284.0,205.0
MBL,1/13/2014,453.0,463.0,452.0,453.0,0.0,27441.0,284.0,205.0
MBL,1/14/2014,453.0,484.0,460.0,480.0,5.96,56741.0,284.0,205.0
MBL,1/16/2014,480.0,508.0,485.0,498.0,3.75,50095.0,284.0,205.0
MBL,1/19/2014,498.0,505.0,476.0,491.0,-1.41,15355.0,284.0,205.0
MBL,1/20/2014,491.0,487.0,475.0,486.0,-1.02,16606.0,284.0,205.0
MBL,1/21/2014,486.0,486.0,470.0,480.0,-1.23,8954.0,284.0,205.0
MBL,1/22/2014,480.0,479.0,460.0,465.0,-3.12,12703.0,284.0,205.0
MBL,1/23/2014,465.0,484.0,461.0,464.0,-0.22,18916.0,284.0,205.0
MBL,1/26/2014,464.0,472.0,460.0,461.0,-0.65,17133.0,284.0,205.0
MBL,1/27/2014,461.0,465.0,447.0,452.0,-1.95,6354.0,284.0,205.0
MBL,1/28/2014,452.0,470.0,450.0,454.0,0.44,6626.0,284.0,205.0
MBL,1/29/2014,454.0,460.0,445.0,455.0,0.22,10578.0,284.0,205.0
MBL,2/2/2014,455.0,450.0,443.0,443.0,-2.64,7884.0,284.0,205.0
MBL,2/3/2014,443.0,451.0,438.0,442.0,-0.23,8660.0,284.0,205.0
MBL,2/4/2014,442.0,462.0,434.0,453.0,2.49,18501.0,284.0,205.0
MBL,2/6/2014,467.0,477.0,464.0,477.0,5.3,26494.0,284.0,205.0
MBL,2/9/2014,477.0,477.0,467.0,472.0,-1.05,5243.0,284.0,205.0
MBL,2/10/2014,472.0,505.0,480.0,490.0,3.81,37660.0,284.0,205.0
MBL,2/11/2014,490.0,482.0,470.0,476.0,-2.86,23099.0,284.0,205.0
MBL,2/12/2014,476.0,475.0,465.0,471.0,-1.05,14099.0,284.0,205.0
MBL,2/13/2014,471.0,476.0,468.0,470.0,-0.21,20423.0,284.0,205.0
MBL,2/16/2014,470.0,476.0,462.0,462.0,-1.7,6127.0,284.0,205.0
MBL,2/17/2014,462.0,472.0,460.0,472.0,2.16,4091.0,284.0,205.0
MBL,2/18/2014,472.0,480.0,468.0,468.0,-0.85,10484.0,284.0,205.0
MBL,2/20/2014,468.0,489.0,462.0,480.0,2.56,14937.0,284.0,205.0
MBL,2/23/2014,480.0,499.0,480.0,480.0,0.0,19845.0,284.0,205.0
MBL,2/24/2014,480.0,499.0,475.0,479.0,-0.21,14089.0,284.0,205.0
MBL,2/25/2014,479.0,488.0,467.0,479.0,0.0,14578.0,284.0,205.0
MBL,2/26/2014,479.0,490.0,461.0,469.0,-2.09,4916.0,284.0,205.0
MBL,3/3/2014,469.0,470.0,452.0,452.0,-3.62,10085.0,284.0,205.0
MBL,3/4/2014,452.0,455.0,439.0,450.0,-0.44,23998.0,284.0,205.0
MBL,3/5/2014,450.0,464.0,450.0,463.0,2.89,10861.0,284.0,205.0
MBL,3/6/2014,463.0,463.0,446.0,450.0,-2.81,7197.0,284.0,205.0
MBL,3/9/2014,445.0,450.0,440.0,440.0,-2.22,5467.0,284.0,205.0
MBL,3/10/2014,440.0,451.0,432.0,451.0,2.5,20879.0,284.0,205.0
MBL,3/11/2014,451.0,443.0,430.0,438.0,-2.88,8999.0,284.0,205.0
MBL,3/12/2014,438.0,440.0,430.0,430.0,-1.83,16902.0,284.0,205.0
MBL,3/13/2014,430.0,448.0,433.0,442.0,2.79,18320.0,284.0,205.0
MBL,3/17/2014,442.0,438.0,424.0,427.0,-3.39,6892.0,284.0,205.0
MBL,3/18/2014,427.0,432.0,410.0,414.0,-3.04,25603.0,284.0,205.0
MBL,3/19/2014,414.0,438.0,416.0,432.0,4.35,16567.0,284.0,205.0
MBL,3/20/2014,432.0,440.0,424.0,440.0,1.85,12045.0,284.0,205.0
MBL,3/23/2014,440.0,440.0,432.0,433.0,-1.59,5587.0,284.0,205.0
MBL,3/24/2014,433.0,442.0,426.0,440.0,1.62,10609.0,284.0,205.0
MBL,3/25/2014,440.0,442.0,439.0,441.0,0.23,4104.0,284.0,205.0
MBL,3/26/2014,441.0,445.0,438.0,439.0,-0.45,4562.0,284.0,205.0
MBL,3/27/2014,439.0,444.0,433.0,440.0,0.23,10609.0,284.0,205.0
MBL,3/31/2014,440.0,449.0,432.0,449.0,2.05,11927.0,284.0,205.0
MBL,4/1/2014,449.0,471.0,448.0,465.0,3.56,25581.0,284.0,205.0
MBL,4/2/2014,465.0,474.0,465.0,474.0,1.94,40024.0,284.0,205.0
MBL,4/3/2014,474.0,481.0,461.0,468.0,-1.27,27057.0,284.0,205.0
MBL,4/6/2014,468.0,481.0,460.0,472.0,0.85,24057.0,284.0,205.0
MBL,4/7/2014,472.0,471.0,465.0,465.0,-1.48,16472.0,284.0,205.0
MBL,4/9/2014,465.0,476.0,461.0,461.0,-0.86,14139.0,284.0,205.0
MBL,4/10/2014,461.0,480.0,466.0,477.0,3.47,20289.0,284.0,205.0
MBL,4/13/2014,477.0,485.0,472.0,475.0,-0.42,12273.0,284.0,205.0
MBL,4/15/2014,475.0,485.0,470.0,472.0,-0.63,5686.0,284.0,205.0
MBL,4/16/2014,472.0,474.0,460.0,463.0,-1.91,11122.0,284.0,205.0
MBL,4/17/2014,463.0,475.0,460.0,465.0,0.43,7606.0,284.0,205.0
MBL,4/20/2014,465.0,467.0,460.0,460.0,-1.08,16788.0,284.0,205.0
MBL,4/21/2014,460.0,474.0,452.0,463.0,0.65,8671.0,284.0,205.0
MBL,4/22/2014,463.0,462.0,455.0,462.0,-0.22,4474.0,284.0,205.0
MBL,4/23/2014,462.0,465.0,451.0,465.0,0.65,5435.0,284.0,205.0
MBL,4/27/2014,465.0,470.0,463.0,468.0,0.65,16364.0,284.0,205.0
MBL,4/28/2014,468.0,464.0,450.0,455.0,-2.78,15115.0,284.0,205.0
MBL,4/29/2014,455.0,481.0,451.0,481.0,5.71,9421.0,284.0,205.0
MBL,4/30/2014,481.0,472.0,455.0,455.0,-5.41,7251.0,284.0,205.0
MBL,5/4/2014,455.0,470.0,457.0,463.0,1.76,4899.0,284.0,205.0
MBL,5/5/2014,463.0,491.0,455.0,485.0,4.75,13464.0,284.0,205.0
MBL,5/6/2014,485.0,505.0,483.0,500.0,3.09,37157.0,284.0,205.0
MBL,5/7/2014,500.0,514.0,484.0,488.0,-2.4,41883.0,284.0,205.0
MBL,5/8/2014,488.0,491.0,476.0,476.0,-2.46,11764.0,284.0,205.0
MBL,5/11/2014,476.0,490.0,470.0,482.0,1.26,31869.0,284.0,205.0
MBL,5/12/2014,482.0,489.0,480.0,489.0,1.45,6179.0,284.0,205.0
MBL,5/13/2014,489.0,491.0,477.0,477.0,-2.45,6999.0,284.0,205.0
MBL,5/15/2014,477.0,483.0,472.0,480.0,0.63,9194.0,284.0,205.0
MBL,5/18/2014,480.0,479.0,474.0,475.0,-1.04,19756.0,284.0,205.0
MBL,5/19/2014,475.0,475.0,462.0,466.0,-1.89,4450.0,284.0,205.0
MBL,5/20/2014,466.0,470.0,468.0,468.0,0.43,2810.0,284.0,205.0
MBL,5/21/2014,468.0,472.0,460.0,470.0,0.43,9383.0,284.0,205.0
MBL,5/22/2014,470.0,474.0,461.0,474.0,0.85,7454.0,284.0,205.0
MBL,5/25/2014,474.0,481.0,465.0,475.0,0.21,29175.0,284.0,205.0
MBL,5/26/2014,475.0,474.0,463.0,467.0,-1.68,11171.0,284.0,205.0
MBL,5/27/2014,467.0,470.0,463.0,470.0,0.64,8278.0,284.0,205.0
MBL,5/28/2014,470.0,475.0,465.0,475.0,1.06,14094.0,284.0,205.0
MBL,6/1/2014,475.0,480.0,470.0,476.0,0.21,8276.0,284.0,205.0
MBL,6/2/2014,476.0,490.0,469.0,476.0,0.0,14295.0,284.0,205.0
MBL,6/3/2014,476.0,500.0,481.0,486.0,2.1,34726.0,284.0,205.0
MBL,6/4/2014,486.0,495.0,485.0,488.0,0.41,16625.0,284.0,205.0
MBL,6/5/2014,488.0,490.0,485.0,490.0,0.41,15681.0,284.0,205.0
MBL,6/8/2014,490.0,500.0,475.0,490.0,0.0,21832.0,284.0,205.0
MBL,6/9/2014,490.0,503.0,491.0,497.0,1.43,28233.0,284.0,205.0
MBL,6/10/2014,497.0,517.0,481.0,514.0,3.42,59934.0,284.0,205.0
MBL,6/11/2014,514.0,536.0,514.0,524.0,1.95,21817.0,284.0,205.0
MBL,6/12/2014,524.0,535.0,521.0,525.0,0.19,30617.0,284.0,205.0
MBL,6/15/2014,525.0,545.0,530.0,543.0,3.43,22183.0,284.0,205.0
MBL,6/16/2014,543.0,555.0,540.0,548.0,0.92,20131.0,284.0,205.0
MBL,6/17/2014,548.0,550.0,510.0,543.0,-0.91,29779.0,284.0,205.0
MBL,6/18/2014,543.0,550.0,540.0,540.0,-0.55,17052.0,284.0,205.0
MBL,6/19/2014,540.0,550.0,525.0,550.0,1.85,20331.0,284.0,205.0
MBL,6/23/2014,550.0,539.0,520.0,529.0,-3.82,16153.0,284.0,205.0
MBL,6/24/2014,529.0,540.0,519.0,540.0,2.08,22382.0,284.0,205.0
MBL,6/25/2014,540.0,547.0,535.0,540.0,0.0,19631.0,284.0,205.0
MBL,6/26/2014,540.0,544.0,535.0,540.0,0.0,8628.0,284.0,205.0
MBL,6/29/2014,540.0,547.0,535.0,540.0,0.0,15454.0,284.0,205.0
MBL,6/30/2014,540.0,547.0,540.0,547.0,1.3,16409.0,284.0,205.0
MBL,7/1/2014,547.0,551.0,540.0,542.0,-0.91,13619.0,284.0,205.0
MBL,7/2/2014,542.0,558.0,543.0,546.0,0.74,13027.0,284.0,205.0
MBL,7/3/2014,546.0,550.0,540.0,545.0,-0.18,18426.0,284.0,205.0
MBL,7/6/2014,545.0,549.0,535.0,545.0,0.0,9561.0,284.0,205.0
MBL,7/7/2014,545.0,553.0,540.0,544.0,-0.18,23429.0,284.0,205.0
MBL,7/8/2014,544.0,572.0,550.0,570.0,4.78,20736.0,284.0,205.0
MBL,7/9/2014,570.0,581.0,555.0,581.0,1.93,12992.0,284.0,205.0
MBL,7/10/2014,581.0,591.0,565.0,580.0,-0.17,13620.0,284.0,205.0
MBL,7/13/2014,580.0,626.0,582.0,585.0,0.86,19021.0,284.0,205.0
MBL,7/14/2014,585.0,586.0,565.0,579.0,-1.03,5162.0,284.0,205.0
MBL,7/15/2014,579.0,581.0,568.0,576.0,-0.52,8971.0,284.0,205.0
MBL,7/16/2014,576.0,595.0,571.0,577.0,0.17,7543.0,284.0,205.0
MBL,7/17/2014,577.0,593.0,572.0,576.0,-0.17,13836.0,284.0,205.0
MBL,7/20/2014,576.0,608.0,576.0,590.0,2.43,16003.0,284.0,205.0
MBL,7/21/2014,590.0,601.0,581.0,592.0,0.34,15821.0,284.0,205.0
MBL,7/22/2014,592.0,592.0,565.0,585.0,-1.18,11964.0,284.0,205.0
MBL,7/23/2014,585.0,586.0,568.0,573.0,-2.05,18203.0,284.0,205.0
MBL,7/24/2014,573.0,580.0,570.0,578.0,0.87,16753.0,284.0,205.0
MBL,7/27/2014,578.0,583.0,561.0,570.0,-1.38,14392.0,284.0,205.0
MBL,7/28/2014,570.0,575.0,565.0,569.0,-0.18,6117.0,284.0,205.0
MBL,7/30/2014,569.0,571.0,555.0,560.0,-1.58,14433.0,284.0,205.0
MBL,7/31/2014,560.0,565.0,554.0,560.0,0.0,35890.0,284.0,205.0
MBL,8/3/2014,560.0,555.0,545.0,550.0,-1.79,8963.0,284.0,205.0
MBL,8/4/2014,550.0,555.0,544.0,545.0,-0.91,6714.0,284.0,205.0
MBL,8/5/2014,545.0,565.0,550.0,563.0,3.3,6369.0,284.0,205.0
MBL,8/6/2014,563.0,558.0,535.0,540.0,-4.09,13406.0,284.0,205.0
MBL,8/7/2014,540.0,565.0,526.0,565.0,4.63,7852.0,284.0,205.0
MBL,8/12/2014,565.0,554.0,535.0,536.0,-5.13,1016.0,284.0,205.0
MBL,8/13/2014,536.0,546.0,525.0,535.0,-0.19,13014.0,284.0,205.0
MBL,8/14/2014,535.0,547.0,533.0,535.0,0.0,7165.0,284.0,205.0
MBL,8/18/2014,535.0,540.0,515.0,523.0,-2.24,11004.0,284.0,205.0
MBL,8/19/2014,523.0,537.0,525.0,529.0,1.15,12341.0,284.0,205.0
MBL,8/20/2014,529.0,525.0,515.0,515.0,-2.65,10705.0,284.0,205.0
MBL,8/21/2014,515.0,535.0,501.0,531.0,3.11,15701.0,284.0,205.0
MBL,8/24/2014,531.0,535.0,515.0,515.0,-3.01,3709.0,284.0,205.0
MBL,8/25/2014,515.0,508.0,481.0,499.0,-3.11,7746.0,284.0,205.0
MBL,8/26/2014,499.0,525.0,481.0,505.0,1.2,19102.0,284.0,205.0
MBL,8/27/2014,505.0,532.0,508.0,515.0,1.98,31238.0,284.0,205.0
MBL,8/28/2014,515.0,540.0,500.0,516.0,0.19,14089.0,284.0,205.0
MBL,8/31/2014,516.0,511.0,490.0,496.0,-3.88,6426.0,284.0,205.0
MBL,9/1/2014,496.0,500.0,471.0,500.0,0.81,4310.0,284.0,205.0
MBL,9/3/2014,500.0,512.0,490.0,491.0,-1.8,3732.0,284.0,205.0
MBL,9/4/2014,491.0,491.0,481.0,491.0,0.0,9008.0,284.0,205.0
MBL,9/7/2014,491.0,490.0,448.0,455.0,-7.33,9798.0,284.0,205.0
MBL,9/9/2014,455.0,500.0,459.0,500.0,9.89,13703.0,284.0,205.0
MBL,9/10/2014,500.0,520.0,463.0,466.0,-6.8,19341.0,284.0,205.0
MBL,9/11/2014,466.0,480.0,458.0,480.0,3.0,6051.0,284.0,205.0
MBL,9/14/2014,480.0,480.0,467.0,472.0,-1.67,4901.0,284.0,205.0
MBL,9/15/2014,472.0,475.0,468.0,471.0,-0.21,4252.0,284.0,205.0
MBL,9/16/2014,471.0,488.0,463.0,488.0,3.61,13107.0,284.0,205.0
MBL,9/17/2014,488.0,495.0,477.0,477.0,-2.25,8065.0,284.0,205.0
MBL,9/18/2014,477.0,479.0,460.0,462.0,-3.14,8878.0,284.0,205.0
MBL,9/21/2014,462.0,458.0,449.0,452.0,-2.16,4583.0,284.0,205.0
MBL,9/22/2014,452.0,464.0,443.0,455.0,0.66,3644.0,284.0,205.0
MBL,9/23/2014,455.0,470.0,461.0,461.0,1.32,3206.0,284.0,205.0
MBL,9/24/2014,461.0,480.0,455.0,466.0,1.08,5447.0,284.0,205.0
MBL,9/28/2014,466.0,475.0,465.0,465.0,-0.21,4492.0,284.0,205.0
MBL,9/29/2014,465.0,479.0,470.0,473.0,1.72,6392.0,284.0,205.0
MBL,9/30/2014,473.0,503.0,475.0,503.0,6.34,8867.0,284.0,205.0
MBL,10/8/2014,503.0,499.0,469.0,475.0,-5.57,5254.0,284.0,205.0
MBL,10/9/2014,475.0,480.0,464.0,474.0,-0.21,5407.0,284.0,205.0
MBL,10/12/2014,474.0,470.0,465.0,468.0,-1.27,4946.0,284.0,205.0
MBL,10/13/2014,468.0,483.0,460.0,467.0,-0.21,11494.0,284.0,205.0
MBL,10/14/2014,467.0,485.0,466.0,485.0,3.85,6140.0,284.0,205.0
MBL,10/15/2014,485.0,494.0,480.0,488.0,0.62,4728.0,284.0,205.0
MBL,10/16/2014,488.0,495.0,484.0,485.0,-0.61,10478.0,284.0,205.0
MBL,10/19/2014,485.0,493.0,480.0,490.0,1.03,4574.0,284.0,205.0
MBL,10/20/2014,490.0,495.0,481.0,489.0,-0.2,3065.0,284.0,205.0
MBL,10/21/2014,489.0,493.0,485.0,490.0,0.2,9956.0,284.0,205.0
MBL,10/22/2014,490.0,516.0,490.0,507.0,3.47,33119.0,284.0,205.0
MBL,10/26/2014,507.0,520.0,505.0,512.0,0.99,13113.0,284.0,205.0
MBL,10/27/2014,512.0,520.0,511.0,520.0,1.56,15646.0,284.0,205.0
MBL,10/28/2014,520.0,523.0,515.0,518.0,-0.38,18884.0,284.0,205.0
MBL,10/30/2014,518.0,522.0,512.0,522.0,0.77,9802.0,284.0,205.0
MBL,11/2/2014,522.0,518.0,502.0,509.0,-2.49,13735.0,284.0,205.0
MBL,11/3/2014,509.0,506.0,496.0,501.0,-1.57,4789.0,284.0,205.0
MBL,11/4/2014,501.0,500.0,480.0,500.0,-0.2,13870.0,284.0,205.0
MBL,11/5/2014,500.0,509.0,499.0,505.0,1.0,7653.0,284.0,205.0
MBL,11/6/2014,505.0,511.0,500.0,511.0,1.19,15975.0,284.0,205.0
MBL,11/9/2014,511.0,525.0,505.0,505.0,-1.17,49227.0,284.0,205.0
MBL,11/10/2014,505.0,505.0,490.0,495.0,-1.98,23371.0,284.0,205.0
MBL,11/11/2014,495.0,517.0,491.0,510.0,3.03,24369.0,284.0,205.0
MBL,11/12/2014,510.0,530.0,510.0,517.0,1.37,38349.0,284.0,205.0
MBL,11/13/2014,517.0,519.0,507.0,513.0,-0.77,22970.0,284.0,205.0
MBL,11/16/2014,513.0,523.0,502.0,505.0,-1.56,42717.0,284.0,205.0
MBL,11/17/2014,505.0,505.0,485.0,496.0,-1.78,39192.0,284.0,205.0
MBL,11/18/2014,496.0,502.0,463.0,490.0,-1.21,44503.0,284.0,205.0
MBL,11/19/2014,438.0,457.0,430.0,457.0,-6.73,2902.0,284.0,205.0
MBL,11/20/2014,457.0,481.0,466.0,481.0,5.25,1189.0,284.0,205.0
MBL,11/23/2014,481.0,488.0,476.0,480.0,-0.21,4338.0,284.0,205.0
MBL,11/24/2014,480.0,492.0,471.0,492.0,2.5,7085.0,284.0,205.0
MBL,11/25/2014,492.0,489.0,483.0,489.0,-0.61,439.0,284.0,205.0
MBL,11/30/2014,489.0,489.0,485.0,485.0,-0.82,475.0,284.0,205.0
MBL,12/1/2014,485.0,484.0,472.0,475.0,-2.06,1956.0,284.0,205.0
MBL,12/2/2014,475.0,467.0,453.0,461.0,-2.95,2782.0,284.0,205.0
MBL,12/3/2014,461.0,475.0,465.0,474.0,2.82,2577.0,284.0,205.0
MBL,12/4/2014,474.0,490.0,482.0,482.0,1.69,2826.0,284.0,205.0
MBL,12/7/2014,482.0,473.0,473.0,473.0,-1.87,60.0,284.0,205.0
MBL,12/8/2014,473.0,492.0,473.0,486.0,2.75,4266.0,284.0,205.0
MBL,12/9/2014,486.0,491.0,480.0,491.0,1.03,678.0,284.0,205.0
MBL,12/10/2014,491.0,508.0,490.0,490.0,-0.2,2204.0,284.0,205.0
MBL,12/11/2014,490.0,508.0,498.0,507.0,3.47,8264.0,284.0,205.0
MBL,12/14/2014,507.0,543.0,517.0,539.0,6.31,9065.0,284.0,205.0
MBL,12/15/2014,539.0,555.0,528.0,550.0,2.04,9090.0,284.0,205.0
MBL,12/16/2014,550.0,548.0,530.0,542.0,-1.45,11819.0,284.0,205.0
MBL,12/17/2014,542.0,535.0,522.0,526.0,-2.95,5443.0,284.0,205.0
MBL,12/18/2014,526.0,535.0,521.0,535.0,1.71,6770.0,284.0,205.0
MBL,12/21/2014,535.0,530.0,521.0,525.0,-1.87,2977.0,284.0,205.0
MBL,12/22/2014,525.0,524.0,519.0,522.0,-0.57,5370.0,284.0,205.0
MBL,12/23/2014,522.0,513.0,508.0,512.0,-1.92,3471.0,284.0,205.0
MBL,12/24/2014,512.0,528.0,519.0,525.0,2.54,3602.0,284.0,205.0
MBL,12/28/2014,525.0,540.0,535.0,539.0,2.67,7802.0,284.0,205.0
MBL,12/29/2014,539.0,549.0,523.0,549.0,1.86,23069.0,284.0,205.0
MBL,12/31/2014,549.0,541.0,530.0,540.0,-1.64,12336.0,284.0,205.0
MBL,1/1/2015,540.0,550.0,541.0,550.0,1.85,18274.0,284.0,205.0
MBL,1/4/2015,550.0,567.0,552.0,563.0,2.36,16446.0,284.0,205.0
MBL,1/5/2015,563.0,571.0,552.0,560.0,-0.53,19931.0,284.0,205.0
MBL,1/6/2015,560.0,556.0,548.0,550.0,-1.79,5892.0,284.0,205.0
MBL,1/7/2015,550.0,558.0,540.0,554.0,0.73,12093.0,284.0,205.0
MBL,1/8/2015,554.0,557.0,535.0,546.0,-1.44,15036.0,284.0,205.0
MBL,1/11/2015,546.0,551.0,545.0,550.0,0.73,12280.0,284.0,205.0
MBL,1/12/2015,550.0,550.0,528.0,545.0,-0.91,12500.0,284.0,205.0
MBL,1/13/2015,545.0,555.0,525.0,555.0,1.83,13610.0,284.0,205.0
MBL,1/14/2015,555.0,559.0,539.0,559.0,0.72,7645.0,284.0,205.0
MBL,1/18/2015,559.0,570.0,550.0,550.0,-1.61,7168.0,284.0,205.0
MBL,1/19/2015,550.0,600.0,550.0,577.0,4.91,37643.0,284.0,205.0
MBL,1/20/2015,577.0,585.0,550.0,569.0,-1.39,8767.0,284.0,205.0
MBL,1/22/2015,569.0,568.0,550.0,562.0,-1.23,9920.0,284.0,205.0
MBL,1/25/2015,562.0,570.0,557.0,566.0,0.71,10551.0,284.0,205.0
MBL,1/26/2015,566.0,587.0,570.0,587.0,3.71,9160.0,284.0,205.0
MBL,1/27/2015,587.0,578.0,572.0,575.0,-2.04,5752.0,284.0,205.0
MBL,1/28/2015,575.0,582.0,577.0,582.0,1.22,7458.0,284.0,205.0
MBL,1/29/2015,582.0,591.0,576.0,585.0,0.52,6342.0,284.0,205.0
MBL,2/1/2015,585.0,590.0,577.0,585.0,0.0,9696.0,284.0,205.0
MBL,2/2/2015,585.0,596.0,579.0,582.0,-0.51,17893.0,284.0,205.0
MBL,2/3/2015,582.0,584.0,575.0,575.0,-1.2,16042.0,284.0,205.0
MBL,2/4/2015,575.0,573.0,560.0,570.0,-0.87,11969.0,284.0,205.0
MBL,2/5/2015,570.0,575.0,569.0,575.0,0.88,6368.0,284.0,205.0
MBL,2/8/2015,575.0,576.0,566.0,571.0,-0.7,11225.0,284.0,205.0
MBL,2/9/2015,571.0,578.0,567.0,572.0,0.18,2954.0,284.0,205.0
MBL,2/10/2015,572.0,569.0,563.0,565.0,-1.22,7856.0,284.0,205.0
MBL,2/11/2015,565.0,570.0,564.0,567.0,0.35,2850.0,284.0,205.0
MBL,2/12/2015,567.0,572.0,550.0,570.0,0.53,8434.0,284.0,205.0
MBL,2/15/2015,570.0,581.0,567.0,569.0,-0.18,5549.0,284.0,205.0
MBL,2/16/2015,569.0,567.0,548.0,564.0,-0.88,10028.0,284.0,205.0
MBL,2/18/2015,564.0,571.0,560.0,565.0,0.18,6600.0,284.0,205.0
MBL,2/22/2015,565.0,570.0,550.0,553.0,-2.12,11048.0,284.0,205.0
MBL,2/23/2015,553.0,560.0,543.0,555.0,0.36,14389.0,284.0,205.0
MBL,2/24/2015,555.0,566.0,550.0,566.0,1.98,4300.0,284.0,205.0
MBL,2/25/2015,566.0,560.0,555.0,557.0,-1.59,7081.0,284.0,205.0
MBL,2/26/2015,557.0,567.0,558.0,561.0,0.72,8471.0,284.0,205.0
MBL,3/1/2015,561.0,571.0,561.0,570.0,1.6,13199.0,284.0,205.0
MBL,3/2/2015,570.0,581.0,570.0,581.0,1.93,27804.0,284.0,205.0
MBL,3/3/2015,581.0,576.0,570.0,573.0,-1.38,5669.0,284.0,205.0
MBL,3/4/2015,573.0,580.0,572.0,578.0,0.87,10226.0,284.0,205.0
MBL,3/9/2015,578.0,589.0,578.0,582.0,0.69,7136.0,284.0,205.0
MBL,3/10/2015,582.0,585.0,568.0,575.0,-1.2,9327.0,284.0,205.0
MBL,3/11/2015,575.0,580.0,571.0,575.0,0.0,11324.0,284.0,205.0
MBL,3/12/2015,575.0,582.0,575.0,576.0,0.17,7211.0,284.0,205.0
MBL,3/15/2015,576.0,575.0,565.0,574.0,-0.35,2215.0,284.0,205.0
MBL,3/16/2015,574.0,577.0,556.0,556.0,-3.14,8025.0,284.0,205.0
MBL,3/17/2015,556.0,568.0,550.0,568.0,2.16,4960.0,284.0,205.0
MBL,3/18/2015,568.0,569.0,562.0,569.0,0.18,3998.0,284.0,205.0
MBL,3/19/2015,569.0,572.0,565.0,571.0,0.35,9148.0,284.0,205.0
MBL,3/22/2015,571.0,573.0,560.0,560.0,-1.93,6746.0,284.0,205.0
MBL,3/23/2015,560.0,561.0,549.0,549.0,-1.96,15949.0,284.0,205.0
MBL,3/24/2015,549.0,556.0,550.0,553.0,0.73,4364.0,284.0,205.0
MBL,3/25/2015,553.0,559.0,545.0,550.0,-0.54,11909.0,284.0,205.0
MBL,3/26/2015,550.0,555.0,543.0,547.0,-0.55,8247.0,284.0,205.0
MBL,3/29/2015,547.0,551.0,547.0,550.0,0.55,2580.0,284.0,205.0
MBL,3/30/2015,550.0,557.0,546.0,550.0,0.0,4397.0,284.0,205.0
MBL,3/31/2015,550.0,558.0,551.0,556.0,1.09,4357.0,284.0,205.0
MBL,4/1/2015,556.0,562.0,548.0,551.0,-0.9,5431.0,284.0,205.0
MBL,4/2/2015,551.0,560.0,545.0,556.0,0.91,10882.0,284.0,205.0
MBL,4/5/2015,556.0,555.0,548.0,554.0,-0.36,5789.0,284.0,205.0
MBL,4/6/2015,554.0,558.0,552.0,557.0,0.54,5212.0,284.0,205.0
MBL,4/7/2015,557.0,556.0,550.0,552.0,-0.9,1518.0,284.0,205.0
MBL,4/8/2015,552.0,566.0,550.0,565.0,2.36,9215.0,284.0,205.0
MBL,4/9/2015,565.0,571.0,560.0,560.0,-0.88,6932.0,284.0,205.0
MBL,4/12/2015,560.0,570.0,563.0,570.0,1.79,7090.0,284.0,205.0
MBL,4/13/2015,570.0,567.0,560.0,567.0,-0.53,4193.0,284.0,205.0
MBL,4/15/2015,567.0,565.0,561.0,564.0,-0.53,294.0,284.0,205.0
MBL,4/16/2015,564.0,565.0,555.0,560.0,-0.71,6562.0,284.0,205.0
MBL,4/19/2015,560.0,561.0,552.0,561.0,0.18,8010.0,284.0,205.0
MBL,4/20/2015,561.0,570.0,556.0,558.0,-0.53,4577.0,284.0,205.0
MBL,4/21/2015,558.0,570.0,558.0,570.0,2.15,3479.0,284.0,205.0
MBL,4/22/2015,570.0,563.0,555.0,561.0,-1.58,5582.0,284.0,205.0
MBL,4/23/2015,561.0,564.0,560.0,562.0,0.18,2905.0,284.0,205.0
MBL,5/26/2015,562.0,551.0,506.0,506.0,-9.96,95.0,284.0,205.0
MBL,5/27/2015,506.0,496.0,456.0,456.0,-9.88,19632.0,284.0,205.0
MBL,5/28/2015,456.0,473.0,447.0,471.0,3.29,14009.0,284.0,205.0
MBL,5/31/2015,471.0,506.0,470.0,506.0,7.43,9640.0,284.0,205.0
MBL,6/1/2015,506.0,532.0,513.0,526.0,3.95,12002.0,284.0,205.0
MBL,6/2/2015,526.0,536.0,505.0,535.0,1.71,4945.0,284.0,205.0
MBL,6/3/2015,535.0,560.0,535.0,552.0,3.18,12678.0,284.0,205.0
MBL,6/4/2015,552.0,562.0,541.0,550.0,-0.36,5832.0,284.0,205.0
MBL,6/7/2015,550.0,557.0,550.0,556.0,1.09,12990.0,284.0,205.0
MBL,6/8/2015,556.0,577.0,560.0,574.0,3.24,16945.0,284.0,205.0
MBL,6/9/2015,574.0,596.0,580.0,582.0,1.39,23508.0,284.0,205.0
MBL,6/10/2015,582.0,584.0,560.0,578.0,-0.69,16498.0,284.0,205.0
MBL,6/11/2015,578.0,570.0,554.0,556.0,-3.81,7293.0,284.0,205.0
MBL,6/14/2015,556.0,555.0,549.0,554.0,-0.36,14671.0,284.0,205.0
MBL,6/15/2015,554.0,570.0,550.0,560.0,1.08,2364.0,284.0,205.0
MBL,6/16/2015,560.0,557.0,553.0,554.0,-1.07,3125.0,284.0,205.0
MBL,6/17/2015,554.0,560.0,552.0,556.0,0.36,5709.0,284.0,205.0
MBL,6/18/2015,556.0,556.0,552.0,552.0,-0.72,3353.0,284.0,205.0
MBL,6/21/2015,552.0,555.0,545.0,550.0,-0.36,4731.0,284.0,205.0
MBL,6/22/2015,550.0,559.0,545.0,557.0,1.27,3792.0,284.0,205.0
MBL,6/23/2015,557.0,558.0,547.0,554.0,-0.54,11618.0,284.0,205.0
MBL,6/24/2015,554.0,565.0,543.0,565.0,1.99,10111.0,284.0,205.0
MBL,6/25/2015,565.0,563.0,550.0,560.0,-0.88,11548.0,284.0,205.0
MBL,6/28/2015,560.0,562.0,553.0,560.0,0.0,10566.0,284.0,205.0
MBL,6/29/2015,560.0,580.0,562.0,566.0,1.07,8927.0,284.0,205.0
MBL,6/30/2015,566.0,565.0,561.0,564.0,-0.35,3824.0,284.0,205.0
MBL,7/1/2015,564.0,566.0,555.0,561.0,-0.53,13270.0,284.0,205.0
MBL,7/2/2015,561.0,562.0,550.0,557.0,-0.71,24158.0,284.0,205.0
MBL,7/5/2015,557.0,562.0,554.0,556.0,-0.18,5948.0,284.0,205.0
MBL,7/6/2015,556.0,558.0,551.0,556.0,0.0,12586.0,284.0,205.0
MBL,7/7/2015,556.0,562.0,550.0,560.0,0.72,12122.0,284.0,205.0
MBL,7/8/2015,560.0,570.0,562.0,565.0,0.89,8299.0,284.0,205.0
MBL,7/9/2015,565.0,569.0,553.0,563.0,-0.35,49705.0,284.0,205.0
MBL,7/12/2015,563.0,568.0,557.0,563.0,0.0,13643.0,284.0,205.0
MBL,7/13/2015,563.0,568.0,555.0,560.0,-0.53,10879.0,284.0,205.0
MBL,7/14/2015,560.0,565.0,560.0,560.0,0.0,1921.0,284.0,205.0
MBL,7/15/2015,560.0,564.0,551.0,564.0,0.71,12656.0,284.0,205.0
MBL,7/16/2015,564.0,564.0,561.0,564.0,0.0,3211.0,284.0,205.0
MBL,7/22/2015,564.0,570.0,563.0,567.0,0.53,12096.0,284.0,205.0
MBL,7/23/2015,567.0,601.0,563.0,589.0,3.88,24906.0,284.0,205.0
MBL,7/26/2015,589.0,647.0,600.0,647.0,9.85,10259.0,284.0,205.0
MBL,7/27/2015,647.0,684.0,605.0,611.0,-5.56,44453.0,284.0,205.0
MBL,7/28/2015,611.0,619.0,579.0,595.0,-2.62,24650.0,284.0,205.0
MBL,7/29/2015,595.0,595.0,584.0,590.0,-0.84,13362.0,284.0,205.0
MBL,7/30/2015,590.0,605.0,585.0,591.0,0.17,19539.0,284.0,205.0
MBL,8/2/2015,591.0,601.0,585.0,601.0,1.69,8778.0,284.0,205.0
MBL,8/3/2015,601.0,602.0,595.0,600.0,-0.17,25093.0,284.0,205.0
MBL,8/4/2015,600.0,602.0,588.0,602.0,0.33,25123.0,284.0,205.0
MBL,8/5/2015,602.0,602.0,590.0,600.0,-0.33,12124.0,284.0,205.0
MBL,8/6/2015,600.0,610.0,587.0,600.0,0.0,17150.0,284.0,205.0
MBL,8/9/2015,600.0,630.0,596.0,605.0,0.83,35374.0,284.0,205.0
MBL,8/10/2015,605.0,625.0,610.0,623.0,2.98,62008.0,284.0,205.0
MBL,8/11/2015,623.0,629.0,616.0,618.0,-0.8,23673.0,284.0,205.0
MBL,8/12/2015,618.0,621.0,611.0,616.0,-0.32,43228.0,284.0,205.0
MBL,8/13/2015,616.0,630.0,619.0,621.0,0.81,49632.0,284.0,205.0
MBL,8/16/2015,621.0,650.0,620.0,640.0,3.06,187647.0,284.0,205.0
MBL,8/17/2015,550.0,605.0,561.0,605.0,-5.47,26359.0,284.0,205.0
MBL,8/18/2015,605.0,635.0,600.0,619.0,2.31,21959.0,284.0,205.0
MBL,8/19/2015,619.0,623.0,610.0,622.0,0.48,16664.0,284.0,205.0
MBL,8/20/2015,622.0,683.0,630.0,635.0,2.09,28990.0,284.0,205.0
MBL,8/23/2015,635.0,642.0,612.0,622.0,-2.05,9652.0,284.0,205.0
MBL,8/24/2015,622.0,625.0,612.0,615.0,-1.13,8685.0,284.0,205.0
MBL,8/25/2015,615.0,615.0,610.0,610.0,-0.81,5149.0,284.0,205.0
MBL,8/26/2015,610.0,615.0,602.0,609.0,-0.16,7430.0,284.0,205.0
MBL,8/27/2015,609.0,611.0,604.0,605.0,-0.66,4645.0,284.0,205.0
MBL,8/31/2015,605.0,610.0,595.0,599.0,-0.99,8939.0,284.0,205.0
MBL,9/1/2015,599.0,599.0,591.0,591.0,-1.34,2208.0,284.0,205.0
MBL,9/2/2015,591.0,592.0,573.0,575.0,-2.71,7479.0,284.0,205.0
MBL,9/3/2015,575.0,579.0,565.0,571.0,-0.7,7290.0,284.0,205.0
MBL,9/6/2015,571.0,580.0,565.0,570.0,-0.18,15374.0,284.0,205.0
MBL,9/7/2015,570.0,586.0,570.0,575.0,0.88,3380.0,284.0,205.0
MBL,9/8/2015,575.0,601.0,560.0,568.0,-1.22,28970.0,284.0,205.0
MBL,9/9/2015,568.0,569.0,560.0,560.0,-1.41,8332.0,284.0,205.0
MBL,9/10/2015,560.0,571.0,550.0,555.0,-0.89,12034.0,284.0,205.0
MBL,9/13/2015,555.0,570.0,564.0,565.0,1.8,6812.0,284.0,205.0
MBL,9/14/2015,565.0,587.0,565.0,572.0,1.24,9774.0,284.0,205.0
MBL,9/15/2015,572.0,585.0,570.0,575.0,0.52,5190.0,284.0,205.0
MBL,9/16/2015,575.0,577.0,564.0,566.0,-1.57,20244.0,284.0,205.0
MBL,9/17/2015,566.0,575.0,557.0,560.0,-1.06,14319.0,284.0,205.0
MBL,9/22/2015,560.0,558.0,538.0,540.0,-3.57,20413.0,284.0,205.0
MBL,4/14/2016,540.0,540.0,540.0,540.0,0.0,15219.0,284.0,205.0
MBL,7/11/2016,466.0,512.0,475.0,512.0,-5.19,80.0,284.0,205.0
MBL,7/12/2016,512.0,563.0,522.0,563.0,9.96,4499.0,284.0,205.0
MBL,7/13/2016,563.0,619.0,574.0,619.0,9.95,51110.0,284.0,205.0
MBL,7/14/2016,619.0,680.0,631.0,680.0,9.85,310.0,284.0,205.0
MBL,7/17/2016,680.0,748.0,693.0,748.0,10.0,35481.0,284.0,205.0
MBL,7/18/2016,748.0,822.0,762.0,822.0,9.89,66772.0,284.0,205.0
MBL,7/19/2016,822.0,900.0,838.0,892.0,8.52,347038.0,284.0,205.0
MBL,7/20/2016,892.0,895.0,860.0,864.0,-3.14,109866.0,284.0,205.0
MBL,7/21/2016,864.0,880.0,845.0,870.0,0.69,80867.0,284.0,205.0
MBL,7/25/2016,870.0,885.0,860.0,884.0,1.61,71715.0,284.0,205.0
MBL,7/26/2016,884.0,919.0,887.0,904.0,2.26,72453.0,284.0,205.0
MBL,7/27/2016,904.0,935.0,900.0,905.0,0.11,61186.0,284.0,205.0
MBL,7/28/2016,905.0,914.0,885.0,900.0,-0.55,53687.0,284.0,205.0
MBL,7/31/2016,900.0,900.0,880.0,881.0,-2.11,29647.0,284.0,205.0
MBL,8/1/2016,881.0,885.0,855.0,880.0,-0.11,48708.0,284.0,205.0
MBL,8/2/2016,880.0,885.0,849.0,875.0,-0.57,28796.0,284.0,205.0
MBL,8/3/2016,875.0,879.0,855.0,870.0,-0.57,27865.0,284.0,205.0
MBL,8/4/2016,870.0,870.0,845.0,855.0,-1.72,37760.0,284.0,205.0
MBL,8/7/2016,855.0,871.0,845.0,845.0,-1.17,44573.0,284.0,205.0
MBL,8/8/2016,845.0,848.0,800.0,800.0,-5.33,22293.0,284.0,205.0
MBL,8/9/2016,800.0,864.0,816.0,855.0,6.88,6626.0,284.0,205.0
MBL,8/10/2016,855.0,895.0,820.0,854.0,-0.12,57398.0,284.0,205.0
MBL,8/11/2016,854.0,874.0,844.0,844.0,-1.17,32593.0,284.0,205.0
MBL,8/14/2016,844.0,848.0,825.0,831.0,-1.54,31007.0,284.0,205.0
MBL,8/15/2016,831.0,835.0,795.0,812.0,-2.29,37786.0,284.0,205.0
MBL,8/16/2016,812.0,834.0,782.0,816.0,0.49,43142.0,284.0,205.0
MBL,8/17/2016,816.0,825.0,818.0,820.0,0.49,27941.0,284.0,205.0
MBL,8/21/2016,820.0,820.0,800.0,810.0,-1.22,24266.0,284.0,205.0
MBL,8/22/2016,810.0,800.0,783.0,785.0,-3.09,34965.0,284.0,205.0
MBL,8/23/2016,785.0,805.0,770.0,790.0,0.64,19632.0,284.0,205.0
MBL,8/24/2016,790.0,809.0,789.0,805.0,1.9,16110.0,284.0,205.0
MBL,8/28/2016,805.0,829.0,800.0,810.0,0.62,21713.0,284.0,205.0
MBL,8/29/2016,810.0,835.0,812.0,830.0,2.47,36539.0,284.0,205.0
MBL,8/30/2016,830.0,862.0,842.0,847.0,2.05,55644.0,284.0,205.0
MBL,8/31/2016,847.0,885.0,845.0,866.0,2.24,56390.0,284.0,205.0
MBL,9/1/2016,866.0,895.0,875.0,889.0,2.66,74396.0,284.0,205.0
MBL,9/3/2016,889.0,925.0,881.0,923.0,3.82,91658.0,284.0,205.0
MBL,9/4/2016,889.0,925.0,881.0,923.0,0.0,91658.0,284.0,205.0
MBL,9/5/2016,923.0,941.0,910.0,914.0,-0.98,60563.0,284.0,205.0
MBL,9/6/2016,914.0,930.0,885.0,900.0,-1.53,53762.0,284.0,205.0
MBL,9/7/2016,900.0,905.0,875.0,888.0,-1.33,38244.0,284.0,205.0
MBL,9/8/2016,888.0,894.0,872.0,885.0,-0.34,30785.0,284.0,205.0
MBL,9/11/2016,885.0,900.0,870.0,873.0,-1.36,21731.0,284.0,205.0
MBL,9/12/2016,873.0,885.0,873.0,882.0,1.03,19434.0,284.0,205.0
MBL,9/14/2016,882.0,885.0,870.0,873.0,-1.02,23943.0,284.0,205.0
MBL,9/18/2016,873.0,895.0,865.0,870.0,-0.34,28009.0,284.0,205.0
MBL,9/20/2016,870.0,870.0,850.0,857.0,-1.49,20077.0,284.0,205.0
MBL,9/21/2016,857.0,850.0,837.0,840.0,-1.98,24130.0,284.0,205.0
MBL,9/22/2016,840.0,855.0,835.0,836.0,-0.48,20827.0,284.0,205.0
MBL,9/25/2016,836.0,850.0,810.0,812.0,-2.87,27010.0,284.0,205.0
MBL,9/26/2016,812.0,845.0,820.0,835.0,2.83,20530.0,284.0,205.0
MBL,9/27/2016,835.0,876.0,826.0,828.0,-0.84,13071.0,284.0,205.0
MBL,9/28/2016,828.0,834.0,816.0,820.0,-0.97,16922.0,284.0,205.0
MBL,9/29/2016,820.0,825.0,813.0,814.0,-0.73,29265.0,284.0,205.0
MBL,10/2/2016,814.0,830.0,801.0,827.0,1.6,7505.0,284.0,205.0
MBL,10/3/2016,827.0,843.0,825.0,830.0,0.36,20524.0,284.0,205.0
MBL,10/4/2016,830.0,840.0,825.0,826.0,-0.48,10930.0,284.0,205.0
MBL,10/5/2016,826.0,834.0,821.0,829.0,0.36,10008.0,284.0,205.0
MBL,10/6/2016,829.0,840.0,825.0,830.0,0.12,21595.0,284.0,205.0
MBL,10/16/2016,830.0,856.0,814.0,830.0,0.0,11320.0,284.0,205.0
MBL,10/17/2016,830.0,835.0,814.0,830.0,0.0,10607.0,284.0,205.0
MBL,10/18/2016,830.0,840.0,817.0,840.0,1.2,19200.0,284.0,205.0
MBL,10/19/2016,840.0,840.0,824.0,838.0,-0.24,29671.0,284.0,205.0
MBL,10/20/2016,838.0,840.0,827.0,827.0,-1.31,20503.0,284.0,205.0
MBL,10/23/2016,827.0,850.0,820.0,824.0,-0.36,52697.0,284.0,205.0
MBL,10/24/2016,824.0,825.0,800.0,810.0,-1.7,48072.0,284.0,205.0
MBL,10/25/2016,810.0,815.0,790.0,798.0,-1.48,50855.0,284.0,205.0
MBL,10/26/2016,798.0,805.0,780.0,790.0,-1.0,81115.0,284.0,205.0
MBL,10/27/2016,790.0,812.0,791.0,799.0,1.14,128831.0,284.0,205.0
MBL,11/3/2016,566.0,560.0,546.0,549.0,-31.29,15632.0,284.0,205.0
MBL,11/7/2016,549.0,570.0,550.0,553.0,0.73,34371.0,284.0,205.0
MBL,11/8/2016,553.0,550.0,540.0,550.0,-0.54,19961.0,284.0,205.0
MBL,11/9/2016,550.0,554.0,538.0,545.0,-0.91,13160.0,284.0,205.0
MBL,11/10/2016,545.0,555.0,539.0,543.0,-0.37,25213.0,284.0,205.0
MBL,11/13/2016,543.0,555.0,536.0,548.0,0.92,15679.0,284.0,205.0
MBL,11/14/2016,548.0,558.0,544.0,548.0,0.0,14785.0,284.0,205.0
MBL,11/15/2016,548.0,555.0,521.0,546.0,-0.36,21495.0,284.0,205.0
MBL,11/16/2016,546.0,555.0,536.0,542.0,-0.73,17673.0,284.0,205.0
MBL,11/17/2016,542.0,535.0,525.0,527.0,-2.77,10460.0,284.0,205.0
MBL,11/20/2016,527.0,535.0,493.0,505.0,-4.17,33645.0,284.0,205.0
MBL,11/21/2016,505.0,512.0,485.0,501.0,-0.79,20633.0,284.0,205.0
MBL,11/22/2016,501.0,500.0,480.0,486.0,-2.99,35581.0,284.0,205.0
MBL,11/23/2016,486.0,490.0,476.0,480.0,-1.23,23482.0,284.0,205.0
MBL,11/24/2016,480.0,507.0,475.0,487.0,1.46,29938.0,284.0,205.0
MBL,11/27/2016,487.0,494.0,465.0,470.0,-3.49,29150.0,284.0,205.0
MBL,11/28/2016,470.0,490.0,452.0,488.0,3.83,33175.0,284.0,205.0
MBL,11/29/2016,488.0,515.0,465.0,510.0,4.51,41593.0,284.0,205.0
MBL,11/30/2016,510.0,538.0,500.0,538.0,5.49,53534.0,284.0,205.0
MBL,12/1/2016,538.0,543.0,519.0,526.0,-2.23,33555.0,284.0,205.0
MBL,12/4/2016,526.0,535.0,508.0,512.0,-2.66,19276.0,284.0,205.0
MBL,12/5/2016,512.0,505.0,496.0,500.0,-2.34,21107.0,284.0,205.0
MBL,12/6/2016,500.0,507.0,494.0,500.0,0.0,21818.0,284.0,205.0
MBL,12/7/2016,500.0,505.0,500.0,501.0,0.2,4905.0,284.0,205.0
MBL,12/8/2016,501.0,502.0,495.0,495.0,-1.2,7693.0,284.0,205.0
MBL,12/11/2016,495.0,514.0,500.0,506.0,2.22,19974.0,284.0,205.0
MBL,12/12/2016,506.0,516.0,496.0,502.0,-0.79,25189.0,284.0,205.0
MBL,12/14/2016,502.0,510.0,499.0,508.0,1.2,26042.0,284.0,205.0
MBL,12/15/2016,508.0,519.0,508.0,514.0,1.18,44117.0,284.0,205.0
MBL,12/18/2016,452.0,443.0,421.0,438.0,-14.79,20467.0,284.0,205.0
MBL,12/19/2016,438.0,446.0,416.0,416.0,-5.02,15803.0,284.0,205.0
MBL,12/20/2016,416.0,412.0,401.0,405.0,-2.64,14583.0,284.0,205.0
MBL,12/21/2016,405.0,405.0,393.0,399.0,-1.48,19490.0,284.0,205.0
MBL,12/22/2016,399.0,402.0,395.0,400.0,0.25,13786.0,284.0,205.0
MBL,12/26/2016,400.0,401.0,385.0,385.0,-3.75,8898.0,284.0,205.0
MBL,12/27/2016,385.0,395.0,380.0,395.0,2.6,13665.0,284.0,205.0
MBL,12/28/2016,395.0,404.0,391.0,391.0,-1.01,11582.0,284.0,205.0
MBL,12/29/2016,391.0,408.0,392.0,401.0,2.56,13802.0,284.0,205.0
MBL,1/1/2017,401.0,420.0,408.0,410.0,2.24,12664.0,284.0,205.0
MBL,1/2/2017,410.0,420.0,414.0,418.0,1.95,10265.0,284.0,205.0
MBL,1/3/2017,418.0,418.0,406.0,406.0,-2.87,9471.0,284.0,205.0
MBL,1/4/2017,406.0,408.0,399.0,402.0,-0.99,7641.0,284.0,205.0
MBL,1/5/2017,402.0,410.0,400.0,401.0,-0.25,9924.0,284.0,205.0
MBL,1/8/2017,401.0,407.0,400.0,402.0,0.25,9602.0,284.0,205.0
MBL,1/9/2017,402.0,413.0,400.0,407.0,1.24,2165.0,284.0,205.0
MBL,1/10/2017,407.0,409.0,405.0,406.0,-0.25,9314.0,284.0,205.0
MBL,1/11/2017,406.0,410.0,395.0,400.0,-1.48,5411.0,284.0,205.0
MBL,1/12/2017,400.0,408.0,400.0,402.0,0.5,4595.0,284.0,205.0
MBL,1/15/2017,402.0,403.0,395.0,395.0,-1.74,7791.0,284.0,205.0
MBL,1/16/2017,395.0,398.0,393.0,395.0,0.0,5336.0,284.0,205.0
MBL,1/17/2017,395.0,396.0,391.0,394.0,-0.25,7307.0,284.0,205.0
MBL,1/18/2017,394.0,395.0,390.0,392.0,-0.51,3654.0,284.0,205.0
MBL,1/19/2017,392.0,395.0,390.0,392.0,0.0,6596.0,284.0,205.0
MBL,1/22/2017,392.0,399.0,390.0,394.0,0.51,1988.0,284.0,205.0
MBL,1/23/2017,394.0,392.0,386.0,386.0,-2.03,6015.0,284.0,205.0
MBL,1/24/2017,386.0,385.0,380.0,380.0,-1.55,18071.0,284.0,205.0
MBL,1/25/2017,380.0,386.0,360.0,363.0,-4.47,12660.0,284.0,205.0
MBL,1/26/2017,363.0,372.0,349.0,361.0,-0.55,18656.0,284.0,205.0
MBL,1/30/2017,361.0,368.0,340.0,348.0,-3.6,13494.0,284.0,205.0
MBL,1/31/2017,348.0,362.0,340.0,350.0,0.57,10242.0,284.0,205.0
MBL,2/1/2017,350.0,375.0,350.0,375.0,7.14,15833.0,284.0,205.0
MBL,2/2/2017,375.0,395.0,375.0,378.0,0.8,16919.0,284.0,205.0
MBL,2/5/2017,378.0,378.0,364.0,372.0,-1.59,4814.0,284.0,205.0
MBL,2/6/2017,372.0,374.0,351.0,360.0,-3.23,13517.0,284.0,205.0
MBL,2/7/2017,360.0,368.0,357.0,364.0,1.11,11881.0,284.0,205.0
MBL,2/8/2017,364.0,363.0,357.0,363.0,-0.27,11066.0,284.0,205.0
MBL,2/9/2017,363.0,365.0,348.0,350.0,-3.58,16308.0,284.0,205.0
MBL,2/12/2017,350.0,350.0,331.0,331.0,-5.43,14895.0,284.0,205.0
MBL,2/13/2017,331.0,345.0,321.0,340.0,2.72,14763.0,284.0,205.0
MBL,2/14/2017,340.0,351.0,335.0,348.0,2.35,12961.0,284.0,205.0
MBL,2/15/2017,348.0,366.0,347.0,363.0,4.31,15329.0,284.0,205.0
MBL,2/16/2017,363.0,377.0,360.0,370.0,1.93,36885.0,284.0,205.0
MBL,2/19/2017,370.0,391.0,360.0,381.0,2.97,14160.0,284.0,205.0
MBL,2/20/2017,381.0,400.0,380.0,381.0,0.0,19290.0,284.0,205.0
MBL,2/21/2017,381.0,390.0,368.0,372.0,-2.36,15240.0,284.0,205.0
MBL,2/22/2017,372.0,380.0,365.0,375.0,0.81,6115.0,284.0,205.0
MBL,2/23/2017,375.0,371.0,364.0,367.0,-2.13,8960.0,284.0,205.0
MBL,2/26/2017,367.0,373.0,360.0,360.0,-1.91,3669.0,284.0,205.0
MBL,2/28/2017,360.0,360.0,348.0,353.0,-1.94,17243.0,284.0,205.0
MBL,3/1/2017,353.0,363.0,355.0,362.0,2.55,7057.0,284.0,205.0
MBL,3/2/2017,362.0,371.0,359.0,359.0,-0.83,8050.0,284.0,205.0
MBL,3/5/2017,359.0,369.0,364.0,368.0,2.51,8157.0,284.0,205.0
MBL,3/6/2017,368.0,376.0,366.0,366.0,-0.54,11235.0,284.0,205.0
MBL,3/7/2017,366.0,365.0,355.0,360.0,-1.64,10310.0,284.0,205.0
MBL,3/9/2017,360.0,367.0,362.0,363.0,0.83,5128.0,284.0,205.0
MBL,3/13/2017,363.0,365.0,355.0,357.0,-1.65,8380.0,284.0,205.0
MBL,3/14/2017,357.0,357.0,350.0,350.0,-1.96,18557.0,284.0,205.0
MBL,3/15/2017,350.0,357.0,347.0,350.0,0.0,14003.0,284.0,205.0
MBL,3/16/2017,350.0,360.0,351.0,355.0,1.43,8029.0,284.0,205.0
MBL,3/19/2017,355.0,360.0,355.0,358.0,0.85,8966.0,284.0,205.0
MBL,3/20/2017,358.0,375.0,357.0,366.0,2.23,18154.0,284.0,205.0
MBL,3/21/2017,366.0,391.0,365.0,391.0,6.83,22174.0,284.0,205.0
MBL,3/22/2017,391.0,410.0,385.0,392.0,0.26,23485.0,284.0,205.0
MBL,3/23/2017,392.0,408.0,386.0,398.0,1.53,10229.0,284.0,205.0
MBL,3/26/2017,398.0,421.0,401.0,412.0,3.52,24065.0,284.0,205.0
MBL,3/28/2017,412.0,433.0,410.0,433.0,5.1,29259.0,284.0,205.0
MBL,3/29/2017,433.0,449.0,412.0,426.0,-1.62,23556.0,284.0,205.0
MBL,3/30/2017,426.0,434.0,411.0,423.0,-0.7,10683.0,284.0,205.0
MBL,4/2/2017,423.0,460.0,430.0,460.0,8.75,10415.0,284.0,205.0
MBL,4/3/2017,460.0,495.0,443.0,450.0,-2.17,41754.0,284.0,205.0
MBL,4/4/2017,450.0,453.0,434.0,441.0,-2.0,12127.0,284.0,205.0
MBL,4/6/2017,441.0,450.0,421.0,430.0,-2.49,42372.0,284.0,205.0
MBL,4/9/2017,430.0,446.0,417.0,420.0,-2.33,54086.0,284.0,205.0
MBL,4/10/2017,420.0,431.0,414.0,423.0,0.71,64725.0,284.0,205.0
MBL,4/11/2017,423.0,454.0,431.0,454.0,7.33,59590.0,284.0,205.0
MBL,4/12/2017,454.0,470.0,438.0,450.0,-0.88,67295.0,284.0,205.0
MBL,4/13/2017,450.0,450.0,434.0,447.0,-0.67,44646.0,284.0,205.0
MBL,4/16/2017,447.0,448.0,425.0,425.0,-4.92,31511.0,284.0,205.0
MBL,4/18/2017,425.0,425.0,409.0,412.0,-3.06,44607.0,284.0,205.0
MBL,4/19/2017,412.0,432.0,412.0,429.0,4.13,20984.0,284.0,205.0
MBL,4/20/2017,429.0,450.0,421.0,422.0,-1.63,35342.0,284.0,205.0
MBL,4/23/2017,422.0,454.0,430.0,436.0,3.32,50181.0,284.0,205.0
MBL,4/24/2017,436.0,439.0,428.0,428.0,-1.83,29001.0,284.0,205.0
MBL,4/25/2017,428.0,434.0,422.0,425.0,-0.7,12685.0,284.0,205.0
MBL,4/26/2017,425.0,432.0,425.0,430.0,1.18,21396.0,284.0,205.0
MBL,4/27/2017,430.0,430.0,420.0,426.0,-0.93,12390.0,284.0,205.0
MBL,4/30/2017,426.0,428.0,415.0,420.0,-1.41,18965.0,284.0,205.0
MBL,5/2/2017,420.0,438.0,414.0,421.0,0.24,16663.0,284.0,205.0
MBL,5/3/2017,421.0,441.0,422.0,424.0,0.71,28244.0,284.0,205.0
MBL,5/4/2017,424.0,428.0,419.0,424.0,0.0,21261.0,284.0,205.0
MBL,5/7/2017,424.0,425.0,415.0,418.0,-1.42,19947.0,284.0,205.0
MBL,5/8/2017,418.0,424.0,411.0,421.0,0.72,10036.0,284.0,205.0
MBL,5/9/2017,421.0,425.0,415.0,420.0,-0.24,21396.0,284.0,205.0
MBL,5/11/2017,420.0,428.0,415.0,423.0,0.71,25753.0,284.0,205.0
MBL,5/15/2017,423.0,427.0,417.0,420.0,-0.71,14620.0,284.0,205.0
MBL,5/16/2017,420.0,420.0,413.0,419.0,-0.24,20773.0,284.0,205.0
MBL,5/17/2017,419.0,418.0,412.0,412.0,-1.67,17013.0,284.0,205.0
MBL,5/18/2017,412.0,416.0,411.0,415.0,0.73,16396.0,284.0,205.0
MBL,5/21/2017,415.0,416.0,407.0,408.0,-1.69,11049.0,284.0,205.0
MBL,5/22/2017,408.0,413.0,405.0,410.0,0.49,12532.0,284.0,205.0
MBL,5/23/2017,410.0,425.0,414.0,418.0,1.95,21886.0,284.0,205.0
MBL,5/24/2017,418.0,424.0,415.0,416.0,-0.48,41106.0,284.0,205.0
MBL,5/28/2017,416.0,419.0,411.0,414.0,-0.48,44755.0,284.0,205.0
MBL,5/30/2017,380.0,380.0,369.0,372.0,-10.14,13064.0,284.0,205.0
MBL,5/31/2017,372.0,384.0,363.0,376.0,1.08,9214.0,284.0,205.0
MBL,6/1/2017,376.0,389.0,378.0,379.0,0.8,11191.0,284.0,205.0
MBL,6/4/2017,379.0,380.0,370.0,370.0,-2.37,19927.0,284.0,205.0
MBL,6/5/2017,370.0,380.0,370.0,371.0,0.27,9733.0,284.0,205.0
MBL,6/6/2017,371.0,392.0,378.0,387.0,4.31,13284.0,284.0,205.0
MBL,6/7/2017,387.0,392.0,380.0,380.0,-1.81,18768.0,284.0,205.0
MBL,6/8/2017,380.0,383.0,370.0,370.0,-2.63,21494.0,284.0,205.0
MBL,6/11/2017,370.0,373.0,360.0,362.0,-2.16,16115.0,284.0,205.0
MBL,6/12/2017,362.0,372.0,353.0,364.0,0.55,16591.0,284.0,205.0
MBL,6/13/2017,364.0,370.0,360.0,363.0,-0.27,10022.0,284.0,205.0
MBL,6/14/2017,363.0,365.0,360.0,360.0,-0.83,10451.0,284.0,205.0
MBL,6/15/2017,360.0,380.0,360.0,368.0,2.22,41489.0,284.0,205.0
MBL,6/18/2017,368.0,370.0,358.0,360.0,-2.17,11133.0,284.0,205.0
MBL,6/19/2017,360.0,358.0,353.0,353.0,-1.94,5577.0,284.0,205.0
MBL,6/20/2017,353.0,363.0,347.0,353.0,0.0,8534.0,284.0,205.0
MBL,6/21/2017,353.0,360.0,355.0,356.0,0.85,14442.0,284.0,205.0
MBL,6/22/2017,356.0,370.0,356.0,358.0,0.56,36857.0,284.0,205.0
MBL,6/25/2017,358.0,365.0,359.0,362.0,1.12,22918.0,284.0,205.0
MBL,6/27/2017,362.0,362.0,353.0,360.0,-0.55,33478.0,284.0,205.0
MBL,6/28/2017,360.0,364.0,352.0,357.0,-0.83,13875.0,284.0,205.0
MBL,7/2/2017,357.0,364.0,344.0,345.0,-3.36,18875.0,284.0,205.0
MBL,7/3/2017,345.0,355.0,343.0,350.0,1.45,11793.0,284.0,205.0
MBL,7/4/2017,350.0,352.0,340.0,341.0,-2.57,14580.0,284.0,205.0
MBL,7/5/2017,341.0,347.0,337.0,346.0,1.47,18443.0,284.0,205.0
MBL,7/6/2017,346.0,358.0,348.0,355.0,2.6,11915.0,284.0,205.0
MBL,7/9/2017,355.0,368.0,345.0,362.0,1.97,32345.0,284.0,205.0
MBL,7/10/2017,362.0,364.0,360.0,360.0,-0.55,16821.0,284.0,205.0
MBL,7/11/2017,360.0,362.0,354.0,360.0,0.0,9088.0,284.0,205.0
MBL,7/12/2017,360.0,365.0,353.0,359.0,-0.28,10644.0,284.0,205.0
MBL,7/13/2017,359.0,365.0,357.0,360.0,0.28,16636.0,284.0,205.0
MBL,7/16/2017,360.0,364.0,355.0,357.0,-0.83,7638.0,284.0,205.0
MBL,7/17/2017,357.0,363.0,360.0,363.0,1.68,8296.0,284.0,205.0
MBL,7/18/2017,363.0,371.0,366.0,368.0,1.38,14552.0,284.0,205.0
MBL,7/19/2017,368.0,381.0,365.0,372.0,1.09,18849.0,284.0,205.0
MBL,7/20/2017,372.0,370.0,364.0,365.0,-1.88,15323.0,284.0,205.0
MBL,7/23/2017,365.0,366.0,357.0,360.0,-1.37,14177.0,284.0,205.0
MBL,7/24/2017,360.0,357.0,350.0,353.0,-1.94,17780.0,284.0,205.0
MBL,7/25/2017,353.0,362.0,351.0,352.0,-0.28,11503.0,284.0,205.0
MBL,7/26/2017,352.0,355.0,342.0,352.0,0.0,10003.0,284.0,205.0
MBL,7/27/2017,352.0,355.0,348.0,352.0,0.0,6759.0,284.0,205.0
MBL,7/30/2017,352.0,353.0,350.0,352.0,0.0,14244.0,284.0,205.0
MBL,7/31/2017,352.0,355.0,350.0,352.0,0.0,13567.0,284.0,205.0
MBL,8/1/2017,352.0,356.0,348.0,348.0,-1.14,14165.0,284.0,205.0
MBL,8/2/2017,348.0,355.0,346.0,351.0,0.86,21536.0,284.0,205.0
MBL,8/3/2017,351.0,353.0,348.0,348.0,-0.85,9491.0,284.0,205.0
MBL,8/6/2017,348.0,361.0,350.0,357.0,2.59,50521.0,284.0,205.0
MBL,8/7/2017,357.0,358.0,350.0,352.0,-1.4,19611.0,284.0,205.0
MBL,8/9/2017,352.0,354.0,345.0,345.0,-1.99,14242.0,284.0,205.0
MBL,8/10/2017,345.0,351.0,343.0,346.0,0.29,12860.0,284.0,205.0
MBL,8/13/2017,346.0,350.0,339.0,342.0,-1.16,19708.0,284.0,205.0
MBL,8/15/2017,342.0,342.0,338.0,339.0,-0.88,11741.0,284.0,205.0
MBL,8/16/2017,339.0,350.0,335.0,342.0,0.88,16982.0,284.0,205.0
MBL,8/17/2017,342.0,342.0,335.0,340.0,-0.58,17382.0,284.0,205.0
MBL,8/20/2017,340.0,345.0,335.0,337.0,-0.88,11779.0,284.0,205.0
MBL,8/21/2017,337.0,339.0,335.0,336.0,-0.3,6566.0,284.0,205.0
MBL,8/22/2017,336.0,342.0,335.0,338.0,0.6,8786.0,284.0,205.0
MBL,8/23/2017,338.0,342.0,337.0,338.0,0.0,6859.0,284.0,205.0
MBL,8/24/2017,338.0,342.0,335.0,338.0,0.0,12519.0,284.0,205.0
MBL,8/27/2017,338.0,345.0,338.0,340.0,0.59,14234.0,284.0,205.0
MBL,8/28/2017,340.0,340.0,333.0,334.0,-1.76,17013.0,284.0,205.0
MBL,8/30/2017,334.0,334.0,325.0,326.0,-2.4,18922.0,284.0,205.0
MBL,8/31/2017,326.0,330.0,324.0,325.0,-0.31,24493.0,284.0,205.0
MBL,9/4/2017,325.0,327.0,319.0,323.0,-0.62,29345.0,284.0,205.0
MBL,9/6/2017,323.0,329.0,320.0,327.0,1.24,11205.0,284.0,205.0
MBL,9/7/2017,327.0,330.0,320.0,324.0,-0.92,13708.0,284.0,205.0
MBL,9/10/2017,324.0,330.0,309.0,317.0,-2.16,15526.0,284.0,205.0
MBL,9/11/2017,317.0,317.0,311.0,316.0,-0.32,11770.0,284.0,205.0
MBL,9/12/2017,316.0,317.0,311.0,312.0,-1.27,10526.0,284.0,205.0
MBL,9/13/2017,312.0,315.0,310.0,313.0,0.32,7918.0,284.0,205.0
MBL,9/14/2017,313.0,326.0,307.0,321.0,2.56,6965.0,284.0,205.0
MBL,9/17/2017,321.0,333.0,319.0,327.0,1.87,9859.0,284.0,205.0
MBL,9/18/2017,327.0,330.0,328.0,328.0,0.31,8421.0,284.0,205.0
MBL,9/20/2017,328.0,329.0,320.0,326.0,-0.61,4894.0,284.0,205.0
MBL,9/24/2017,326.0,326.0,317.0,317.0,-2.76,11595.0,284.0,205.0
MBL,9/25/2017,317.0,326.0,321.0,324.0,2.21,9254.0,284.0,205.0
MBL,9/26/2017,324.0,330.0,322.0,324.0,0.0,4908.0,284.0,205.0
MBL,10/3/2017,324.0,325.0,321.0,325.0,0.31,1368.0,284.0,205.0
MBL,10/4/2017,325.0,330.0,320.0,325.0,0.0,5432.0,284.0,205.0
MBL,10/8/2017,325.0,324.0,310.0,324.0,-0.31,12263.0,284.0,205.0
MBL,10/9/2017,324.0,324.0,313.0,318.0,-1.85,4265.0,284.0,205.0
MBL,10/10/2017,318.0,322.0,312.0,315.0,-0.94,7077.0,284.0,205.0
MBL,10/11/2017,315.0,317.0,306.0,314.0,-0.32,15348.0,284.0,205.0
MBL,10/12/2017,314.0,316.0,313.0,315.0,0.32,10238.0,284.0,205.0
MBL,10/15/2017,315.0,317.0,310.0,313.0,-0.63,13352.0,284.0,205.0
MBL,10/16/2017,313.0,324.0,317.0,324.0,3.51,8850.0,284.0,205.0
MBL,10/17/2017,324.0,335.0,324.0,329.0,1.54,17296.0,284.0,205.0
MBL,10/18/2017,329.0,329.0,321.0,323.0,-1.82,13851.0,284.0,205.0
MBL,10/22/2017,323.0,335.0,321.0,324.0,0.31,14917.0,284.0,205.0
MBL,10/23/2017,324.0,330.0,322.0,326.0,0.62,4796.0,284.0,205.0
MBL,10/24/2017,326.0,326.0,323.0,324.0,-0.61,8684.0,284.0,205.0
MBL,10/25/2017,324.0,326.0,319.0,319.0,-1.54,11312.0,284.0,205.0
MBL,10/29/2017,319.0,320.0,313.0,317.0,-0.63,8058.0,284.0,205.0
MBL,10/30/2017,317.0,322.0,314.0,316.0,-0.32,10886.0,284.0,205.0
MBL,10/31/2017,316.0,320.0,310.0,317.0,0.32,5598.0,284.0,205.0
MBL,11/1/2017,317.0,317.0,313.0,317.0,0.0,11799.0,284.0,205.0
MBL,11/2/2017,317.0,318.0,313.0,315.0,-0.63,15583.0,284.0,205.0
MBL,11/5/2017,315.0,315.0,305.0,306.0,-2.86,33414.0,284.0,205.0
MBL,11/6/2017,306.0,309.0,299.0,306.0,0.0,15374.0,284.0,205.0
MBL,11/7/2017,306.0,315.0,308.0,308.0,0.65,13650.0,284.0,205.0
MBL,11/8/2017,308.0,308.0,303.0,305.0,-0.97,17831.0,284.0,205.0
MBL,11/9/2017,305.0,311.0,302.0,307.0,0.66,19632.0,284.0,205.0
MBL,11/12/2017,307.0,313.0,307.0,312.0,1.63,15156.0,284.0,205.0
MBL,11/13/2017,312.0,318.0,310.0,318.0,1.92,22211.0,284.0,205.0
MBL,11/14/2017,318.0,324.0,316.0,322.0,1.26,29557.0,284.0,205.0
MBL,11/15/2017,322.0,325.0,315.0,319.0,-0.93,17038.0,284.0,205.0
MBL,11/16/2017,319.0,320.0,313.0,314.0,-1.57,30719.0,284.0,205.0
MBL,11/19/2017,288.0,288.0,277.0,278.0,-11.46,22401.0,284.0,205.0
MBL,11/20/2017,278.0,282.0,278.0,281.0,1.08,19561.0,284.0,205.0
MBL,11/21/2017,281.0,283.0,275.0,279.0,-0.71,15411.0,284.0,205.0
MBL,11/22/2017,279.0,286.0,279.0,282.0,1.08,5823.0,284.0,205.0
MBL,11/23/2017,282.0,291.0,284.0,285.0,1.06,12483.0,284.0,205.0
MBL,11/26/2017,285.0,296.0,280.0,290.0,1.75,14449.0,284.0,205.0
MBL,11/27/2017,290.0,294.0,286.0,288.0,-0.69,10367.0,284.0,205.0
MBL,11/28/2017,288.0,292.0,285.0,291.0,1.04,10187.0,284.0,205.0
MBL,11/29/2017,291.0,298.0,292.0,295.0,1.37,12219.0,284.0,205.0
MBL,11/30/2017,295.0,296.0,291.0,294.0,-0.34,10246.0,284.0,205.0
MBL,12/4/2017,294.0,299.0,287.0,290.0,-1.36,8115.0,284.0,205.0
MBL,12/5/2017,290.0,290.0,285.0,288.0,-0.69,16904.0,284.0,205.0
MBL,12/6/2017,288.0,293.0,287.0,290.0,0.69,15108.0,284.0,205.0
MBL,12/10/2017,290.0,299.0,286.0,288.0,-0.69,19989.0,284.0,205.0
MBL,12/11/2017,288.0,292.0,285.0,292.0,1.39,11041.0,284.0,205.0
MBL,12/12/2017,292.0,291.0,283.0,283.0,-3.08,9253.0,284.0,205.0
MBL,12/13/2017,283.0,290.0,280.0,288.0,1.77,14012.0,284.0,205.0
MBL,12/14/2017,288.0,291.0,285.0,288.0,0.0,5734.0,284.0,205.0
MBL,12/17/2017,288.0,286.0,281.0,286.0,-0.69,4574.0,284.0,205.0
MBL,12/18/2017,286.0,285.0,280.0,281.0,-1.75,15633.0,284.0,205.0
MBL,12/19/2017,281.0,281.0,279.0,281.0,0.0,12298.0,284.0,205.0
MBL,12/20/2017,281.0,281.0,278.0,279.0,-0.71,7939.0,284.0,205.0
MBL,12/21/2017,279.0,280.0,277.0,278.0,-0.36,13096.0,284.0,205.0
MBL,12/24/2017,278.0,281.0,277.0,280.0,0.72,5441.0,284.0,205.0
MBL,12/26/2017,280.0,280.0,272.0,274.0,-2.14,9117.0,284.0,205.0
MBL,12/27/2017,274.0,278.0,270.0,271.0,-1.09,6947.0,284.0,205.0
MBL,12/28/2017,271.0,275.0,267.0,270.0,-0.37,22944.0,284.0,205.0
MBL,12/31/2017,270.0,270.0,265.0,269.0,-0.37,19200.0,284.0,205.0
MBL,1/1/2018,269.0,279.0,265.0,279.0,3.72,17985.0,284.0,205.0
MBL,1/2/2018,279.0,281.0,273.0,276.0,-1.08,50583.0,284.0,205.0
MBL,1/3/2018,276.0,275.0,267.0,273.0,-1.09,9557.0,284.0,205.0
MBL,1/4/2018,273.0,278.0,270.0,274.0,0.37,22799.0,284.0,205.0
MBL,1/7/2018,274.0,276.0,272.0,273.0,-0.36,8811.0,284.0,205.0
MBL,1/8/2018,273.0,275.0,272.0,273.0,0.0,9635.0,284.0,205.0
MBL,1/9/2018,273.0,276.0,272.0,273.0,0.0,15153.0,284.0,205.0
MBL,1/10/2018,273.0,275.0,270.0,271.0,-0.73,11326.0,284.0,205.0
MBL,1/14/2018,271.0,273.0,268.0,273.0,0.74,16165.0,284.0,205.0
MBL,1/16/2018,273.0,275.0,270.0,271.0,-0.73,10068.0,284.0,205.0
MBL,1/17/2018,271.0,272.0,268.0,270.0,-0.37,3345.0,284.0,205.0
MBL,1/21/2018,270.0,271.0,265.0,265.0,-1.85,4185.0,284.0,205.0
MBL,1/22/2018,265.0,271.0,264.0,269.0,1.51,7012.0,284.0,205.0
MBL,1/23/2018,269.0,270.0,264.0,265.0,-1.49,5300.0,284.0,205.0
MBL,1/24/2018,265.0,268.0,265.0,268.0,1.13,5009.0,284.0,205.0
MBL,1/25/2018,268.0,273.0,263.0,273.0,1.87,9876.0,284.0,205.0
MBL,1/28/2018,273.0,273.0,268.0,270.0,-1.1,13487.0,284.0,205.0
MBL,1/29/2018,270.0,272.0,264.0,265.0,-1.85,8730.0,284.0,205.0
MBL,1/31/2018,265.0,269.0,262.0,264.0,-0.38,7637.0,284.0,205.0
MBL,2/1/2018,264.0,269.0,260.0,266.0,0.76,17426.0,284.0,205.0
MBL,2/4/2018,266.0,270.0,266.0,266.0,0.0,7320.0,284.0,205.0
MBL,2/5/2018,266.0,270.0,261.0,270.0,1.5,8192.0,284.0,205.0
MBL,2/6/2018,270.0,275.0,270.0,270.0,0.0,5574.0,284.0,205.0
MBL,2/7/2018,270.0,265.0,261.0,261.0,-3.33,12237.0,284.0,205.0
MBL,2/8/2018,261.0,263.0,256.0,263.0,0.77,2893.0,284.0,205.0
MBL,2/11/2018,263.0,266.0,255.0,260.0,-1.14,8002.0,284.0,205.0
MBL,2/12/2018,260.0,260.0,254.0,259.0,-0.38,4626.0,284.0,205.0
MBL,2/14/2018,259.0,264.0,255.0,260.0,0.39,8449.0,284.0,205.0
MBL,2/15/2018,260.0,270.0,262.0,269.0,3.46,27444.0,284.0,205.0
MBL,2/18/2018,274.0,274.0,263.0,263.0,-2.23,15923.0,284.0,205.0
MBL,2/20/2018,261.0,261.0,254.0,258.0,-1.9,8578.0,284.0,205.0
MBL,2/21/2018,260.0,260.0,254.0,254.0,-1.55,3306.0,284.0,205.0
MBL,2/22/2018,255.0,260.0,253.0,254.0,0.0,6818.0,284.0,205.0
MBL,2/25/2018,252.0,253.0,250.0,251.0,-1.18,15372.0,284.0,205.0
MBL,2/26/2018,250.0,251.0,248.0,249.0,-0.8,8199.0,284.0,205.0
MBL,2/27/2018,247.0,254.0,247.0,250.0,0.4,9362.0,284.0,205.0
MBL,2/28/2018,251.0,251.0,244.0,246.0,-1.6,17588.0,284.0,205.0
MBL,3/4/2018,242.0,242.0,230.0,236.0,-4.07,10281.0,284.0,205.0
MBL,3/5/2018,236.0,242.0,230.0,234.0,-0.85,10482.0,284.0,205.0
MBL,3/6/2018,231.0,239.0,228.0,235.0,0.43,16150.0,284.0,205.0
MBL,3/7/2018,238.0,239.0,230.0,238.0,1.28,23596.0,284.0,205.0
MBL,3/11/2018,235.0,235.0,230.0,231.0,-2.94,16757.0,284.0,205.0
MBL,3/12/2018,230.0,234.0,230.0,232.0,0.43,16333.0,284.0,205.0
MBL,3/13/2018,232.0,232.0,227.0,229.0,-1.29,18891.0,284.0,205.0
MBL,3/14/2018,231.0,232.0,229.0,230.0,0.44,6493.0,284.0,205.0
MBL,3/15/2018,232.0,234.0,230.0,232.0,0.87,5096.0,284.0,205.0
MBL,3/18/2018,231.0,231.0,225.0,226.0,-2.59,21890.0,284.0,205.0
MBL,3/19/2018,230.0,230.0,221.0,221.0,-2.21,22370.0,284.0,205.0
MBL,3/20/2018,220.0,222.0,219.0,222.0,0.45,11792.0,284.0,205.0
MBL,3/21/2018,219.0,222.0,214.0,222.0,0.0,19564.0,284.0,205.0
MBL,3/22/2018,219.0,226.0,213.0,218.0,-1.8,20150.0,284.0,205.0
MBL,3/26/2018,214.0,216.0,205.0,212.0,-2.75,15006.0,284.0,205.0
MBL,3/27/2018,208.0,223.0,201.0,217.0,2.36,18030.0,284.0,205.0
MBL,3/28/2018,215.0,219.0,209.0,216.0,-0.46,24277.0,284.0,205.0
MBL,3/29/2018,214.0,225.0,214.0,222.0,2.78,24840.0,284.0,205.0
MBL,4/1/2018,218.0,220.0,211.0,220.0,-0.9,23400.0,284.0,205.0
MBL,4/2/2018,220.0,220.0,217.0,217.0,-1.36,4715.0,284.0,205.0
MBL,4/3/2018,217.0,223.0,216.0,219.0,0.92,16882.0,284.0,205.0
MBL,4/4/2018,223.0,226.0,221.0,226.0,3.2,11886.0,284.0,205.0
MBL,4/5/2018,225.0,232.0,223.0,231.0,2.21,18804.0,284.0,205.0
MBL,4/8/2018,233.0,244.0,231.0,237.0,2.6,43467.0,284.0,205.0
MBL,4/9/2018,240.0,245.0,234.0,235.0,-0.84,34006.0,284.0,205.0
MBL,4/10/2018,232.0,235.0,228.0,229.0,-2.55,11392.0,284.0,205.0
MBL,4/11/2018,226.0,234.0,226.0,230.0,0.44,2434.0,284.0,205.0
MBL,4/12/2018,231.0,234.0,225.0,226.0,-1.74,16550.0,284.0,205.0
MBL,4/15/2018,226.0,230.0,224.0,227.0,0.44,9775.0,284.0,205.0
MBL,4/16/2018,227.0,234.0,227.0,230.0,1.32,15271.0,284.0,205.0
MBL,4/17/2018,231.0,243.0,231.0,237.0,3.04,16494.0,284.0,205.0
MBL,4/18/2018,241.0,260.0,237.0,255.0,7.59,29415.0,284.0,205.0
MBL,4/19/2018,250.0,259.0,245.0,255.0,0.0,56786.0,284.0,205.0
MBL,4/22/2018,260.0,269.0,258.0,264.0,3.53,37425.0,284.0,205.0
MBL,4/23/2018,269.0,271.0,256.0,258.0,-2.27,57511.0,284.0,205.0
MBL,4/24/2018,254.0,260.0,250.0,254.0,-1.55,21346.0,284.0,205.0
MBL,4/25/2018,255.0,255.0,249.0,250.0,-1.57,20749.0,284.0,205.0
MBL,4/26/2018,245.0,250.0,245.0,246.0,-1.6,15973.0,284.0,205.0
MBL,4/29/2018,242.0,242.0,237.0,239.0,-2.85,14851.0,284.0,205.0
MBL,5/2/2018,237.0,238.0,229.0,232.0,-2.93,13045.0,284.0,205.0
MBL,5/3/2018,233.0,239.0,233.0,236.0,1.72,13077.0,284.0,205.0
MBL,5/6/2018,236.0,236.0,232.0,232.0,-1.69,7105.0,284.0,205.0
MBL,5/7/2018,229.0,234.0,229.0,233.0,0.43,11536.0,284.0,205.0
MBL,5/8/2018,237.0,237.0,234.0,236.0,1.29,10332.0,284.0,205.0
MBL,5/9/2018,239.0,241.0,234.0,236.0,0.0,7161.0,284.0,205.0
MBL,5/10/2018,234.0,238.0,233.0,235.0,-0.42,7327.0,284.0,205.0
MBL,5/14/2018,235.0,235.0,230.0,230.0,-2.13,6454.0,284.0,205.0
MBL,5/15/2018,231.0,231.0,229.0,229.0,-0.43,11202.0,284.0,205.0
MBL,5/16/2018,228.0,234.0,228.0,234.0,2.18,4974.0,284.0,205.0
MBL,5/17/2018,232.0,234.0,230.0,230.0,-1.71,10624.0,284.0,205.0
MBL,5/20/2018,234.0,238.0,229.0,229.0,-0.43,6828.0,284.0,205.0
MBL,5/21/2018,230.0,232.0,230.0,231.0,0.87,7499.0,284.0,205.0
MBL,5/22/2018,230.0,232.0,230.0,231.0,0.0,2400.0,284.0,205.0
MBL,5/23/2018,230.0,231.0,228.0,229.0,-0.87,11002.0,284.0,205.0
MBL,5/24/2018,229.0,229.0,225.0,225.0,-1.75,10458.0,284.0,205.0
MBL,5/27/2018,225.0,225.0,220.0,225.0,0.0,19082.0,284.0,205.0
MBL,5/28/2018,222.0,236.0,222.0,234.0,4.0,11142.0,284.0,205.0
MBL,5/29/2018,238.0,238.0,228.0,233.0,-0.43,7697.0,284.0,205.0
MBL,5/30/2018,233.0,239.0,231.0,231.0,-0.86,4600.0,284.0,205.0
MBL,5/31/2018,229.0,229.0,226.0,229.0,-0.87,2330.0,284.0,205.0
MBL,6/3/2018,226.0,229.0,217.0,220.0,-3.93,18854.0,284.0,205.0
MBL,6/4/2018,218.0,224.0,216.0,224.0,1.82,15649.0,284.0,205.0
MBL,6/6/2018,225.0,227.0,220.0,224.0,0.0,3292.0,284.0,205.0
MBL,6/7/2018,222.0,223.0,218.0,220.0,-1.79,19590.0,284.0,205.0
MBL,6/10/2018,216.0,218.0,212.0,215.0,-2.27,9688.0,284.0,205.0
MBL,6/11/2018,218.0,219.0,213.0,216.0,0.47,5931.0,284.0,205.0
MBL,6/12/2018,215.0,216.0,211.0,215.0,-0.46,7535.0,284.0,205.0
MBL,6/13/2018,215.0,219.0,211.0,216.0,0.47,12999.0,284.0,205.0
MBL,6/14/2018,216.0,217.0,213.0,217.0,0.46,8742.0,284.0,205.0
MBL,6/17/2018,214.0,217.0,212.0,212.0,-2.3,4882.0,284.0,205.0
MBL,6/18/2018,210.0,213.0,210.0,212.0,0.0,2595.0,284.0,205.0
MBL,6/19/2018,210.0,215.0,210.0,213.0,0.47,7667.0,284.0,205.0
MBL,6/20/2018,212.0,213.0,209.0,209.0,-1.88,20392.0,284.0,205.0
MBL,6/21/2018,210.0,214.0,209.0,210.0,0.48,11490.0,284.0,205.0
MBL,6/24/2018,212.0,213.0,208.0,208.0,-0.95,11258.0,284.0,205.0
MBL,6/25/2018,211.0,212.0,209.0,210.0,0.96,835.0,284.0,205.0
MBL,6/26/2018,209.0,209.0,207.0,208.0,-0.95,4426.0,284.0,205.0
MBL,6/27/2018,209.0,210.0,207.0,208.0,0.0,6020.0,284.0,205.0
MBL,6/28/2018,208.0,213.0,208.0,210.0,0.96,3374.0,284.0,205.0
MBL,7/1/2018,207.0,209.0,206.0,208.0,-0.95,8028.0,284.0,205.0
MBL,7/2/2018,206.0,209.0,205.0,208.0,0.0,3164.0,284.0,205.0
MBL,7/3/2018,204.0,212.0,204.0,208.0,0.0,4896.0,284.0,205.0
MBL,7/4/2018,208.0,210.0,205.0,210.0,0.96,1278.0,284.0,205.0
MBL,7/5/2018,208.0,216.0,208.0,216.0,2.86,19381.0,284.0,205.0
MBL,7/8/2018,213.0,217.0,210.0,215.0,-0.46,28727.0,284.0,205.0
MBL,7/9/2018,212.0,212.0,209.0,209.0,-2.79,4944.0,284.0,205.0
MBL,7/10/2018,212.0,214.0,207.0,209.0,0.0,13571.0,284.0,205.0
MBL,7/11/2018,212.0,212.0,208.0,208.0,-0.48,14171.0,284.0,205.0
MBL,7/12/2018,208.0,208.0,204.0,206.0,-0.96,30458.0,284.0,205.0
MBL,7/15/2018,208.0,212.0,205.0,212.0,2.91,1523.0,284.0,205.0
MBL,7/16/2018,210.0,213.0,205.0,209.0,-1.42,12587.0,284.0,205.0
MBL,7/17/2018,209.0,211.0,206.0,208.0,-0.48,7222.0,284.0,205.0
MBL,7/18/2018,205.0,207.0,204.0,204.0,-1.92,8328.0,284.0,205.0
MBL,7/19/2018,204.0,208.0,204.0,208.0,1.96,6910.0,284.0,205.0
MBL,7/22/2018,205.0,207.0,204.0,205.0,-1.44,1907.0,284.0,205.0
MBL,7/23/2018,206.0,208.0,206.0,207.0,0.98,2015.0,284.0,205.0
MBL,7/24/2018,207.0,211.0,207.0,210.0,1.45,6292.0,284.0,205.0
MBL,7/25/2018,206.0,209.0,206.0,207.0,-1.43,6835.0,284.0,205.0
MBL,7/26/2018,204.0,208.0,204.0,206.0,-0.48,5228.0,284.0,205.0
MBL,7/29/2018,209.0,209.0,202.0,206.0,0.0,8118.0,284.0,205.0
MBL,7/30/2018,209.0,209.0,205.0,205.0,-0.49,309564.0,284.0,205.0
MBL,7/31/2018,207.0,207.0,204.0,205.0,0.0,11936.0,284.0,205.0
MBL,8/1/2018,205.0,208.0,204.0,205.0,0.0,2471.0,284.0,205.0
MBL,8/2/2018,204.0,207.0,204.0,207.0,0.98,3031.0,284.0,205.0
MBL,8/5/2018,205.0,209.0,205.0,207.0,0.0,12315.0,284.0,205.0
MBL,8/6/2018,207.0,209.0,206.0,207.0,0.0,6895.0,284.0,205.0
MBL,8/7/2018,205.0,208.0,205.0,208.0,0.48,4990.0,284.0,205.0
MBL,8/8/2018,210.0,210.0,206.0,207.0,-0.48,5387.0,284.0,205.0
MBL,8/9/2018,205.0,206.0,205.0,205.0,-0.97,8054.0,284.0,205.0
MBL,8/12/2018,204.0,205.0,202.0,202.0,-1.46,8614.0,284.0,205.0
MBL,8/13/2018,201.0,206.0,200.0,206.0,1.98,12823.0,284.0,205.0
MBL,8/14/2018,206.0,206.0,204.0,206.0,0.0,4314.0,284.0,205.0
MBL,8/15/2018,204.0,211.0,201.0,211.0,2.43,12916.0,284.0,205.0
MBL,8/16/2018,210.0,210.0,204.0,206.0,-2.37,17587.0,284.0,205.0
MBL,8/19/2018,203.0,207.0,203.0,205.0,-0.49,20809.0,284.0,205.0
MBL,8/20/2018,202.0,206.0,202.0,206.0,0.49,4889.0,284.0,205.0
MBL,8/21/2018,204.0,205.0,203.0,205.0,-0.49,3677.0,284.0,205.0
MBL,8/22/2018,203.0,205.0,201.0,203.0,-0.98,2383.0,284.0,205.0
MBL,8/23/2018,203.0,203.0,201.0,201.0,-0.99,10840.0,284.0,205.0
MBL,8/26/2018,201.0,203.0,201.0,201.0,0.0,5662.0,284.0,205.0
MBL,8/28/2018,202.0,203.0,201.0,202.0,0.5,3365.0,284.0,205.0
MBL,8/29/2018,202.0,203.0,201.0,202.0,0.0,8050.0,284.0,205.0
MBL,8/30/2018,203.0,204.0,201.0,204.0,0.99,9857.0,284.0,205.0
MBL,9/2/2018,201.0,209.0,201.0,207.0,1.47,11526.0,284.0,205.0
MBL,9/3/2018,210.0,212.0,204.0,209.0,0.97,11414.0,284.0,205.0
MBL,9/4/2018,208.0,214.0,208.0,214.0,2.39,32276.0,284.0,205.0
MBL,9/5/2018,213.0,226.0,211.0,218.0,1.87,62981.0,284.0,205.0
MBL,9/6/2018,221.0,225.0,217.0,218.0,0.0,42843.0,284.0,205.0
MBL,9/9/2018,217.0,217.0,214.0,215.0,-1.38,9360.0,284.0,205.0
MBL,9/10/2018,211.0,213.0,209.0,212.0,-1.4,11671.0,284.0,205.0
MBL,9/11/2018,210.0,216.0,210.0,213.0,0.47,9262.0,284.0,205.0
MBL,9/12/2018,212.0,220.0,212.0,219.0,2.82,26017.0,284.0,205.0
MBL,9/13/2018,223.0,232.0,222.0,229.0,4.57,106043.0,284.0,205.0
MBL,9/16/2018,233.0,237.0,227.0,230.0,0.44,54895.0,284.0,205.0
MBL,9/17/2018,227.0,230.0,226.0,227.0,-1.3,24733.0,284.0,205.0
MBL,9/18/2018,231.0,231.0,225.0,225.0,-0.88,6804.0,284.0,205.0
MBL,9/20/2018,224.0,228.0,222.0,225.0,0.0,24684.0,284.0,205.0
MBL,9/23/2018,225.0,233.0,225.0,230.0,2.22,14825.0,284.0,205.0
MBL,9/25/2018,234.0,245.0,230.0,242.0,5.22,48864.0,284.0,205.0
MBL,9/26/2018,239.0,245.0,231.0,239.0,-1.24,58018.0,284.0,205.0
MBL,9/27/2018,239.0,239.0,230.0,231.0,-3.35,24368.0,284.0,205.0
MBL,9/30/2018,230.0,231.0,225.0,231.0,0.0,86961.0,284.0,205.0
MBL,10/1/2018,233.0,233.0,224.0,225.0,-2.6,42185.0,284.0,205.0
MBL,10/2/2018,224.0,230.0,220.0,227.0,0.89,94444.0,284.0,205.0
MBL,10/3/2018,227.0,229.0,222.0,225.0,-0.88,81956.0,284.0,205.0
MBL,10/4/2018,223.0,226.0,220.0,222.0,-1.33,103542.0,284.0,205.0
MBL,10/7/2018,226.0,228.0,216.0,216.0,-2.7,47721.0,284.0,205.0
MBL,10/8/2018,220.0,220.0,210.0,217.0,0.46,456502.0,284.0,205.0
MBL,10/9/2018,220.0,221.0,216.0,217.0,0.0,63927.0,284.0,205.0
MBL,10/10/2018,216.0,218.0,213.0,216.0,-0.46,74557.0,284.0,205.0
MBL,10/11/2018,217.0,220.0,216.0,218.0,0.93,32811.0,284.0,205.0
MBL,10/14/2018,222.0,224.0,221.0,224.0,2.75,36442.0,284.0,205.0
MBL,10/15/2018,227.0,227.0,220.0,221.0,-1.34,64958.0,284.0,205.0
MBL,10/21/2018,220.0,224.0,220.0,224.0,1.36,23269.0,284.0,205.0
MBL,10/22/2018,224.0,225.0,222.0,223.0,-0.45,12362.0,284.0,205.0
MBL,10/23/2018,221.0,223.0,221.0,223.0,0.0,8711.0,284.0,205.0
MBL,10/24/2018,220.0,223.0,220.0,222.0,-0.45,29618.0,284.0,205.0
MBL,10/25/2018,222.0,225.0,219.0,221.0,-0.45,43588.0,284.0,205.0
MBL,10/28/2018,219.0,220.0,217.0,218.0,-1.36,26532.0,284.0,205.0
MBL,10/29/2018,216.0,220.0,216.0,219.0,0.46,13458.0,284.0,205.0
MBL,10/30/2018,220.0,221.0,217.0,220.0,0.46,18314.0,284.0,205.0
MBL,10/31/2018,220.0,220.0,218.0,218.0,-0.91,7290.0,284.0,205.0
MBL,11/1/2018,220.0,223.0,219.0,220.0,0.92,46899.0,284.0,205.0
MBL,11/4/2018,216.0,220.0,216.0,217.0,-1.36,5181.0,284.0,205.0
MBL,11/5/2018,218.0,221.0,218.0,221.0,1.84,12342.0,284.0,205.0
MBL,11/6/2018,221.0,221.0,217.0,221.0,0.0,545.0,284.0,205.0
MBL,11/11/2018,221.0,222.0,220.0,221.0,0.0,10571.0,284.0,205.0
MBL,11/12/2018,222.0,222.0,215.0,217.0,-1.81,9323.0,284.0,205.0
MBL,11/13/2018,220.0,222.0,217.0,220.0,1.38,19429.0,284.0,205.0
MBL,11/14/2018,219.0,222.0,219.0,221.0,0.45,7461.0,284.0,205.0
MBL,11/15/2018,220.0,223.0,220.0,220.0,-0.45,30699.0,284.0,205.0
MBL,11/18/2018,220.0,223.0,219.0,221.0,0.45,13474.0,284.0,205.0
MBL,11/19/2018,218.0,221.0,217.0,220.0,-0.45,9226.0,284.0,205.0
MBL,11/20/2018,219.0,220.0,217.0,217.0,-1.36,3562.0,284.0,205.0
MBL,11/21/2018,216.0,218.0,215.0,218.0,0.46,4769.0,284.0,205.0
MBL,11/22/2018,220.0,220.0,215.0,215.0,-1.38,8331.0,284.0,205.0
MBL,11/25/2018,215.0,215.0,207.0,210.0,-2.33,33865.0,284.0,205.0
MBL,11/26/2018,211.0,211.0,207.0,207.0,-1.43,19196.0,284.0,205.0
MBL,11/27/2018,207.0,210.0,207.0,209.0,0.97,10621.0,284.0,205.0
MBL,11/28/2018,205.0,210.0,205.0,209.0,0.0,14571.0,284.0,205.0
MBL,11/29/2018,209.0,210.0,206.0,206.0,-1.44,28444.0,284.0,205.0
MBL,12/2/2018,205.0,207.0,204.0,206.0,0.0,23701.0,284.0,205.0
MBL,12/3/2018,202.0,210.0,202.0,206.0,0.0,28033.0,284.0,205.0
MBL,12/4/2018,206.0,209.0,205.0,208.0,0.97,11868.0,284.0,205.0
MBL,12/5/2018,204.0,207.0,204.0,206.0,-0.96,7376.0,284.0,205.0
MBL,12/6/2018,205.0,210.0,204.0,204.0,-0.97,32079.0,284.0,205.0
MBL,12/9/2018,207.0,210.0,205.0,210.0,2.94,12484.0,284.0,205.0
MBL,12/10/2018,210.0,213.0,209.0,211.0,0.48,14827.0,284.0,205.0
MBL,12/11/2018,213.0,213.0,208.0,208.0,-1.42,9989.0,284.0,205.0
MBL,12/12/2018,209.0,210.0,208.0,210.0,0.96,12604.0,284.0,205.0
MBL,12/13/2018,210.0,214.0,210.0,213.0,1.43,11435.0,284.0,205.0
MBL,12/16/2018,217.0,217.0,213.0,216.0,1.41,19736.0,284.0,205.0
MBL,12/17/2018,217.0,220.0,215.0,218.0,0.93,32553.0,284.0,205.0
MBL,12/18/2018,216.0,219.0,213.0,214.0,-1.83,21827.0,284.0,205.0
MBL,12/19/2018,212.0,215.0,212.0,212.0,-0.93,10556.0,284.0,205.0
MBL,12/20/2018,216.0,220.0,216.0,216.0,1.89,34955.0,284.0,205.0
MBL,12/23/2018,218.0,220.0,212.0,214.0,-0.93,36211.0,284.0,205.0
MBL,12/24/2018,215.0,215.0,211.0,211.0,-1.4,14519.0,284.0,205.0
MBL,12/25/2018,210.0,211.0,209.0,210.0,-0.47,12556.0,284.0,205.0
MBL,12/26/2018,211.0,216.0,211.0,215.0,2.38,23251.0,284.0,205.0
MBL,12/27/2018,215.0,217.0,211.0,212.0,-1.4,15876.0,284.0,205.0
MBL,12/30/2018,213.0,213.0,209.0,209.0,-1.42,13758.0,284.0,205.0
MBL,12/31/2018,208.0,209.0,206.0,206.0,-1.44,15957.0,284.0,205.0
MBL,1/1/2019,206.0,208.0,205.0,207.0,0.49,5849.0,284.0,205.0
MBL,1/2/2019,207.0,208.0,205.0,205.0,-0.97,14330.0,284.0,205.0
MBL,1/3/2019,204.0,208.0,204.0,207.0,0.98,4575.0,284.0,205.0
MBL,1/6/2019,204.0,207.0,203.0,206.0,-0.48,11362.0,284.0,205.0
MBL,1/7/2019,209.0,210.0,207.0,210.0,1.94,16253.0,284.0,205.0
MBL,1/8/2019,208.0,210.0,207.0,208.0,-0.95,6910.0,284.0,205.0
MBL,1/9/2019,206.0,210.0,206.0,207.0,-0.48,27606.0,284.0,205.0
MBL,1/10/2019,207.0,210.0,207.0,208.0,0.48,8116.0,284.0,205.0
MBL,1/13/2019,208.0,210.0,206.0,207.0,-0.48,17723.0,284.0,205.0
MBL,1/14/2019,210.0,210.0,206.0,206.0,-0.48,12561.0,284.0,205.0
MBL,1/15/2019,207.0,213.0,207.0,213.0,3.4,9353.0,284.0,205.0
MBL,1/16/2019,213.0,213.0,207.0,208.0,-2.35,217724.0,284.0,205.0
MBL,1/17/2019,207.0,211.0,207.0,209.0,0.48,83362.0,284.0,205.0
MBL,1/20/2019,213.0,213.0,210.0,210.0,0.48,25144.0,284.0,205.0
MBL,1/21/2019,210.0,210.0,208.0,210.0,0.0,11347.0,284.0,205.0
MBL,1/22/2019,210.0,212.0,209.0,210.0,0.0,78877.0,284.0,205.0
MBL,1/23/2019,210.0,212.0,209.0,210.0,0.0,71827.0,284.0,205.0
MBL,1/24/2019,211.0,212.0,210.0,211.0,0.48,30137.0,284.0,205.0
MBL,1/27/2019,208.0,210.0,208.0,209.0,-0.95,23485.0,284.0,205.0
MBL,1/28/2019,208.0,212.0,208.0,209.0,0.0,15104.0,284.0,205.0
MBL,1/29/2019,209.0,210.0,209.0,210.0,0.48,15767.0,284.0,205.0
MBL,1/30/2019,209.0,210.0,209.0,210.0,0.0,5475.0,284.0,205.0
MBL,1/31/2019,212.0,212.0,210.0,210.0,0.0,30074.0,284.0,205.0
MBL,2/3/2019,212.0,212.0,209.0,209.0,-0.48,11601.0,284.0,205.0
MBL,2/4/2019,208.0,210.0,208.0,208.0,-0.48,23990.0,284.0,205.0
MBL,2/5/2019,209.0,211.0,208.0,210.0,0.96,28139.0,284.0,205.0
MBL,2/6/2019,212.0,212.0,208.0,208.0,-0.95,11120.0,284.0,205.0
MBL,2/7/2019,207.0,212.0,207.0,207.0,-0.48,13083.0,284.0,205.0
MBL,2/10/2019,207.0,209.0,206.0,209.0,0.97,67705.0,284.0,205.0
MBL,2/11/2019,208.0,209.0,206.0,208.0,-0.48,10658.0,284.0,205.0
MBL,2/12/2019,210.0,210.0,208.0,209.0,0.48,32825.0,284.0,205.0
MBL,2/13/2019,210.0,210.0,207.0,207.0,-0.96,28984.0,284.0,205.0
MBL,2/14/2019,207.0,209.0,206.0,206.0,-0.48,11737.0,284.0,205.0
MBL,2/17/2019,210.0,210.0,207.0,209.0,1.46,10200.0,284.0,205.0
MBL,2/18/2019,207.0,208.0,205.0,206.0,-1.44,33971.0,284.0,205.0
MBL,2/19/2019,206.0,209.0,206.0,209.0,1.46,6728.0,284.0,205.0
MBL,2/20/2019,208.0,208.0,207.0,207.0,-0.96,7098.0,284.0,205.0
MBL,2/21/2019,208.0,209.0,207.0,209.0,0.97,8751.0,284.0,205.0
MBL,2/24/2019,209.0,209.0,206.0,207.0,-0.96,5988.0,284.0,205.0
MBL,2/25/2019,206.0,207.0,206.0,207.0,0.0,9659.0,284.0,205.0
MBL,2/26/2019,207.0,207.0,205.0,205.0,-0.97,20920.0,284.0,205.0
MBL,2/27/2019,206.0,209.0,206.0,206.0,0.49,25977.0,284.0,205.0
MBL,3/3/2019,206.0,209.0,206.0,209.0,1.46,6339.0,284.0,205.0
MBL,3/5/2019,208.0,209.0,205.0,208.0,-0.48,9288.0,284.0,205.0
MBL,3/6/2019,206.0,210.0,206.0,210.0,0.96,6542.0,284.0,205.0
MBL,3/7/2019,210.0,215.0,209.0,212.0,0.95,21368.0,284.0,205.0
MBL,3/10/2019,212.0,218.0,211.0,214.0,0.94,6944.0,284.0,205.0
MBL,3/11/2019,218.0,218.0,212.0,217.0,1.4,27253.0,284.0,205.0
MBL,3/12/2019,218.0,222.0,213.0,221.0,1.84,134579.0,284.0,205.0
MBL,3/13/2019,222.0,224.0,218.0,219.0,-0.9,62730.0,284.0,205.0
MBL,3/14/2019,218.0,224.0,217.0,221.0,0.91,28648.0,284.0,205.0
MBL,3/17/2019,223.0,225.0,222.0,222.0,0.45,12965.0,284.0,205.0
MBL,3/18/2019,218.0,224.0,218.0,219.0,-1.35,14011.0,284.0,205.0
MBL,3/19/2019,221.0,222.0,218.0,218.0,-0.46,6754.0,284.0,205.0
MBL,3/21/2019,218.0,221.0,215.0,218.0,0.0,18287.0,284.0,205.0
MBL,3/24/2019,215.0,218.0,214.0,218.0,0.0,9989.0,284.0,205.0
MBL,3/25/2019,218.0,220.0,217.0,218.0,0.0,13263.0,284.0,205.0
MBL,3/26/2019,218.0,221.0,217.0,220.0,0.92,11796.0,284.0,205.0
MBL,3/27/2019,220.0,223.0,219.0,223.0,1.36,18330.0,284.0,205.0
MBL,3/28/2019,222.0,223.0,220.0,221.0,-0.9,6069.0,284.0,205.0
MBL,3/31/2019,223.0,223.0,221.0,221.0,0.0,13293.0,284.0,205.0
MBL,4/1/2019,223.0,228.0,222.0,228.0,3.17,40623.0,284.0,205.0
MBL,4/2/2019,229.0,233.0,228.0,231.0,1.32,58249.0,284.0,205.0
MBL,4/3/2019,231.0,236.0,228.0,231.0,0.0,68417.0,284.0,205.0
MBL,4/4/2019,230.0,234.0,228.0,230.0,-0.43,64822.0,284.0,205.0
MBL,4/7/2019,231.0,239.0,228.0,239.0,3.91,46794.0,284.0,205.0
MBL,4/8/2019,243.0,244.0,234.0,242.0,1.26,126229.0,284.0,205.0
MBL,4/9/2019,239.0,243.0,237.0,239.0,-1.24,73066.0,284.0,205.0
MBL,4/10/2019,238.0,240.0,235.0,239.0,0.0,39712.0,284.0,205.0
MBL,4/11/2019,239.0,240.0,238.0,239.0,0.0,30651.0,284.0,205.0
MBL,4/15/2019,238.0,241.0,238.0,240.0,0.42,15901.0,284.0,205.0
MBL,4/16/2019,244.0,252.0,242.0,251.0,4.58,57022.0,284.0,205.0
MBL,4/17/2019,255.0,265.0,251.0,259.0,3.19,118778.0,284.0,205.0
MBL,4/18/2019,262.0,264.0,258.0,262.0,1.16,74156.0,284.0,205.0
MBL,4/21/2019,265.0,270.0,260.0,270.0,3.05,116986.0,284.0,205.0
MBL,4/22/2019,273.0,275.0,260.0,264.0,-2.22,78158.0,284.0,205.0
MBL,4/23/2019,263.0,274.0,262.0,266.0,0.76,44776.0,284.0,205.0
MBL,4/24/2019,266.0,274.0,265.0,272.0,2.26,38099.0,284.0,205.0
MBL,4/25/2019,274.0,280.0,269.0,272.0,0.0,65445.0,284.0,205.0
MBL,4/28/2019,277.0,282.0,267.0,267.0,-1.84,51181.0,284.0,205.0
MBL,4/29/2019,272.0,272.0,260.0,266.0,-0.37,60781.0,284.0,205.0
MBL,4/30/2019,261.0,269.0,261.0,264.0,-0.75,49038.0,284.0,205.0
MBL,5/2/2019,267.0,270.0,260.0,264.0,0.0,34428.0,284.0,205.0
MBL,5/5/2019,260.0,266.0,260.0,262.0,-0.76,32112.0,284.0,205.0
MBL,5/6/2019,262.0,270.0,261.0,270.0,3.05,47125.0,284.0,205.0
MBL,5/7/2019,274.0,274.0,267.0,268.0,-0.74,29459.0,284.0,205.0
MBL,5/8/2019,267.0,271.0,266.0,268.0,0.0,10256.0,284.0,205.0
MBL,5/9/2019,266.0,268.0,263.0,266.0,-0.75,20098.0,284.0,205.0
MBL,5/12/2019,266.0,268.0,263.0,266.0,0.0,19753.0,284.0,205.0
MBL,5/13/2019,265.0,269.0,265.0,265.0,-0.38,24772.0,284.0,205.0
MBL,5/14/2019,270.0,272.0,269.0,272.0,2.64,43223.0,284.0,205.0
MBL,5/15/2019,275.0,276.0,271.0,273.0,0.37,41612.0,284.0,205.0
MBL,5/16/2019,270.0,274.0,270.0,271.0,-0.73,34371.0,284.0,205.0
MBL,5/19/2019,271.0,272.0,268.0,270.0,-0.37,11519.0,284.0,205.0
MBL,5/20/2019,271.0,273.0,270.0,270.0,0.0,29364.0,284.0,205.0
MBL,5/21/2019,267.0,272.0,267.0,270.0,0.0,24437.0,284.0,205.0
MBL,5/22/2019,270.0,274.0,270.0,272.0,0.74,22596.0,284.0,205.0
MBL,5/23/2019,274.0,274.0,269.0,270.0,-0.74,18815.0,284.0,205.0
MBL,5/26/2019,270.0,270.0,267.0,268.0,-0.74,24871.0,284.0,205.0
MBL,5/27/2019,268.0,271.0,266.0,269.0,0.37,10004.0,284.0,205.0
MBL,5/28/2019,270.0,271.0,269.0,270.0,0.37,17564.0,284.0,205.0
MBL,5/29/2019,270.0,275.0,270.0,273.0,1.11,29579.0,284.0,205.0
MBL,5/30/2019,280.0,295.0,274.0,278.0,1.83,77806.0,284.0,205.0
MBL,6/2/2019,274.0,274.0,271.0,271.0,-2.52,13039.0,284.0,205.0
MBL,6/3/2019,270.0,272.0,265.0,265.0,-2.21,28098.0,284.0,205.0
MBL,6/4/2019,270.0,270.0,265.0,267.0,0.75,14376.0,284.0,205.0
MBL,6/6/2019,266.0,268.0,265.0,266.0,-0.37,22386.0,284.0,205.0
MBL,6/10/2019,267.0,269.0,266.0,269.0,1.13,29634.0,284.0,205.0
MBL,6/11/2019,269.0,270.0,268.0,268.0,-0.37,5591.0,284.0,205.0
MBL,6/12/2019,267.0,269.0,266.0,268.0,0.0,18831.0,284.0,205.0
MBL,6/13/2019,268.0,270.0,267.0,267.0,-0.37,26856.0,284.0,205.0
MBL,6/16/2019,268.0,269.0,266.0,267.0,0.0,5247.0,284.0,205.0
MBL,6/17/2019,266.0,270.0,264.0,266.0,-0.37,25742.0,284.0,205.0
MBL,6/18/2019,267.0,269.0,265.0,265.0,-0.38,15473.0,284.0,205.0
MBL,6/19/2019,264.0,267.0,264.0,266.0,0.38,5915.0,284.0,205.0
MBL,6/20/2019,266.0,267.0,264.0,265.0,-0.38,28614.0,284.0,205.0
MBL,6/23/2019,265.0,266.0,262.0,264.0,-0.38,16606.0,284.0,205.0
MBL,6/24/2019,263.0,268.0,262.0,266.0,0.76,22270.0,284.0,205.0
MBL,6/25/2019,265.0,268.0,265.0,265.0,-0.38,5280.0,284.0,205.0
MBL,6/26/2019,267.0,267.0,264.0,264.0,-0.38,14196.0,284.0,205.0
MBL,6/27/2019,265.0,267.0,265.0,266.0,0.76,10486.0,284.0,205.0
MBL,6/30/2019,266.0,266.0,263.0,264.0,-0.75,6332.0,284.0,205.0
MBL,7/1/2019,262.0,264.0,261.0,262.0,-0.76,11399.0,284.0,205.0
MBL,7/2/2019,260.0,266.0,260.0,266.0,1.53,17705.0,284.0,205.0
MBL,7/3/2019,265.0,269.0,265.0,267.0,0.38,28744.0,284.0,205.0
MBL,7/4/2019,267.0,267.0,264.0,265.0,-0.75,7644.0,284.0,205.0
MBL,7/7/2019,265.0,265.0,262.0,263.0,-0.75,18195.0,284.0,205.0
MBL,7/8/2019,263.0,264.0,256.0,257.0,-2.28,27724.0,284.0,205.0
MBL,7/9/2019,257.0,264.0,255.0,260.0,1.17,23068.0,284.0,205.0
MBL,7/10/2019,257.0,264.0,257.0,264.0,1.54,28508.0,284.0,205.0
MBL,7/11/2019,264.0,264.0,260.0,260.0,-1.52,26211.0,284.0,205.0
MBL,7/14/2019,260.0,262.0,258.0,259.0,-0.38,4854.0,284.0,205.0
MBL,7/15/2019,260.0,265.0,259.0,262.0,1.16,26757.0,284.0,205.0
MBL,7/16/2019,262.0,265.0,262.0,264.0,0.76,11360.0,284.0,205.0
MBL,7/17/2019,265.0,269.0,265.0,267.0,1.14,19297.0,284.0,205.0
MBL,7/18/2019,272.0,277.0,270.0,271.0,1.5,16413.0,284.0,205.0
MBL,7/21/2019,276.0,276.0,269.0,272.0,0.37,17229.0,284.0,205.0
MBL,7/22/2019,272.0,274.0,271.0,271.0,-0.37,9191.0,284.0,205.0
MBL,7/23/2019,273.0,274.0,272.0,273.0,0.74,15281.0,284.0,205.0
MBL,7/24/2019,272.0,276.0,272.0,276.0,1.1,15613.0,284.0,205.0
MBL,7/25/2019,278.0,278.0,267.0,272.0,-1.45,27107.0,284.0,205.0
MBL,7/28/2019,268.0,268.0,262.0,265.0,-2.57,10318.0,284.0,205.0
MBL,7/29/2019,267.0,268.0,267.0,268.0,1.13,6009.0,284.0,205.0
MBL,7/30/2019,266.0,267.0,264.0,267.0,-0.37,7003.0,284.0,205.0
MBL,7/31/2019,266.0,269.0,264.0,264.0,-1.12,10640.0,284.0,205.0
MBL,8/1/2019,263.0,264.0,262.0,262.0,-0.76,11781.0,284.0,205.0
MBL,8/4/2019,266.0,266.0,262.0,263.0,0.38,24420.0,284.0,205.0
MBL,8/5/2019,261.0,263.0,261.0,262.0,-0.38,11182.0,284.0,205.0
MBL,8/6/2019,259.0,262.0,259.0,261.0,-0.38,19891.0,284.0,205.0
MBL,8/7/2019,262.0,263.0,260.0,260.0,-0.38,10318.0,284.0,205.0
MBL,8/8/2019,260.0,262.0,257.0,260.0,0.0,9952.0,284.0,205.0
MBL,8/11/2019,260.0,260.0,257.0,257.0,-1.15,11954.0,284.0,205.0
MBL,8/12/2019,256.0,265.0,256.0,261.0,1.56,6046.0,284.0,205.0
MBL,8/13/2019,255.0,264.0,255.0,259.0,-0.77,507707.0,284.0,205.0
MBL,8/14/2019,257.0,260.0,255.0,255.0,-1.54,19620.0,284.0,205.0
MBL,8/15/2019,259.0,263.0,255.0,255.0,0.0,210893.0,284.0,205.0
MBL,8/18/2019,260.0,261.0,251.0,255.0,0.0,35557.0,284.0,205.0
MBL,8/19/2019,259.0,260.0,251.0,257.0,0.78,20891.0,284.0,205.0
MBL,8/20/2019,261.0,261.0,252.0,254.0,-1.17,13149.0,284.0,205.0
MBL,8/21/2019,259.0,259.0,252.0,254.0,0.0,112181.0,284.0,205.0
MBL,8/22/2019,259.0,259.0,255.0,257.0,1.18,12037.0,284.0,205.0
MBL,8/25/2019,257.0,257.0,252.0,255.0,-0.78,13021.0,284.0,205.0
MBL,8/26/2019,257.0,257.0,251.0,254.0,-0.39,30391.0,284.0,205.0
MBL,8/27/2019,259.0,259.0,254.0,255.0,0.39,21428.0,284.0,205.0
MBL,8/28/2019,256.0,256.0,252.0,253.0,-0.78,12203.0,284.0,205.0
MBL,8/29/2019,253.0,255.0,247.0,255.0,0.79,40974.0,284.0,205.0
MBL,9/1/2019,259.0,259.0,248.0,249.0,-2.35,14914.0,284.0,205.0
MBL,9/2/2019,248.0,249.0,244.0,245.0,-1.61,19989.0,284.0,205.0
MBL,9/3/2019,249.0,254.0,243.0,254.0,3.67,21352.0,284.0,205.0
MBL,9/4/2019,254.0,259.0,250.0,258.0,1.57,363623.0,284.0,205.0
MBL,9/5/2019,254.0,259.0,254.0,256.0,-0.78,12598.0,284.0,205.0
MBL,9/8/2019,253.0,256.0,250.0,253.0,-1.17,24832.0,284.0,205.0
MBL,9/9/2019,255.0,255.0,249.0,250.0,-1.19,20447.0,284.0,205.0
MBL,9/10/2019,250.0,253.0,247.0,251.0,0.4,14809.0,284.0,205.0
MBL,9/11/2019,251.0,253.0,251.0,251.0,0.0,8980.0,284.0,205.0
MBL,9/12/2019,252.0,255.0,251.0,254.0,1.2,16686.0,284.0,205.0
MBL,9/15/2019,255.0,255.0,246.0,248.0,-2.36,18710.0,284.0,205.0
MBL,9/16/2019,245.0,248.0,242.0,245.0,-1.21,18061.0,284.0,205.0
MBL,9/17/2019,249.0,252.0,249.0,251.0,2.45,10694.0,284.0,205.0
MBL,9/18/2019,253.0,255.0,250.0,252.0,0.4,7967.0,284.0,205.0
MBL,9/19/2019,254.0,254.0,249.0,251.0,-0.4,2765.0,284.0,205.0
MBL,9/22/2019,248.0,251.0,247.0,249.0,-0.8,8778.0,284.0,205.0
MBL,9/23/2019,253.0,256.0,247.0,248.0,-0.4,19765.0,284.0,205.0
MBL,9/24/2019,249.0,249.0,246.0,246.0,-0.81,15697.0,284.0,205.0
MBL,9/25/2019,245.0,248.0,245.0,245.0,-0.41,12348.0,284.0,205.0
MBL,9/26/2019,244.0,246.0,242.0,243.0,-0.82,79749.0,284.0,205.0
MBL,9/29/2019,227.0,227.0,218.0,218.0,-10.29,9431.0,284.0,205.0
MBL,9/30/2019,219.0,221.0,218.0,220.0,0.92,8427.0,284.0,205.0
MBL,10/1/2019,222.0,225.0,220.0,225.0,2.27,7424.0,284.0,205.0
MBL,10/2/2019,224.0,225.0,224.0,224.0,-0.44,2204.0,284.0,205.0
MBL,10/3/2019,225.0,227.0,224.0,224.0,0.0,6143.0,284.0,205.0
MBL,10/10/2019,224.0,225.0,222.0,223.0,-0.45,5703.0,284.0,205.0
MBL,10/14/2019,222.0,223.0,217.0,221.0,-0.9,17747.0,284.0,205.0
MBL,10/15/2019,224.0,225.0,222.0,223.0,0.9,14582.0,284.0,205.0
MBL,10/16/2019,222.0,224.0,222.0,224.0,0.45,8967.0,284.0,205.0
MBL,10/17/2019,224.0,225.0,223.0,224.0,0.0,8416.0,284.0,205.0
MBL,10/20/2019,223.0,224.0,222.0,222.0,-0.89,6654.0,284.0,205.0
MBL,10/21/2019,221.0,225.0,221.0,224.0,0.9,9736.0,284.0,205.0
MBL,10/22/2019,224.0,226.0,222.0,226.0,0.89,7306.0,284.0,205.0
MBL,10/23/2019,225.0,226.0,224.0,226.0,0.0,4014.0,284.0,205.0
MBL,10/24/2019,227.0,230.0,222.0,230.0,1.77,318392.0,284.0,205.0
MBL,10/31/2019,230.0,233.0,230.0,233.0,1.3,9345.0,284.0,205.0
MBL,11/3/2019,232.0,232.0,226.0,227.0,-2.58,9169.0,284.0,205.0
MBL,11/4/2019,225.0,229.0,225.0,228.0,0.44,4343.0,284.0,205.0
MBL,11/5/2019,226.0,231.0,226.0,229.0,0.44,4258.0,284.0,205.0
MBL,11/6/2019,229.0,229.0,225.0,225.0,-1.75,22084.0,284.0,205.0
MBL,11/7/2019,225.0,226.0,224.0,225.0,0.0,9836.0,284.0,205.0
MBL,11/10/2019,226.0,226.0,224.0,224.0,-0.44,50427.0,284.0,205.0
MBL,11/11/2019,224.0,234.0,224.0,233.0,4.02,159553.0,284.0,205.0
MBL,11/12/2019,231.0,231.0,226.0,228.0,-2.15,9322.0,284.0,205.0
MBL,11/13/2019,227.0,227.0,224.0,225.0,-1.32,94439.0,284.0,205.0
MBL,11/14/2019,223.0,225.0,223.0,224.0,-0.44,11285.0,284.0,205.0
MBL,11/17/2019,223.0,225.0,222.0,224.0,0.0,9354.0,284.0,205.0
MBL,11/18/2019,224.0,224.0,222.0,223.0,-0.45,13724.0,284.0,205.0
MBL,11/19/2019,223.0,223.0,220.0,223.0,0.0,2035.0,284.0,205.0
MBL,11/20/2019,222.0,226.0,221.0,221.0,-0.9,11682.0,284.0,205.0
MBL,11/21/2019,220.0,222.0,218.0,218.0,-1.36,8524.0,284.0,205.0
MBL,11/24/2019,215.0,218.0,215.0,216.0,-0.92,10992.0,284.0,205.0
MBL,11/25/2019,215.0,219.0,214.0,215.0,-0.46,8274.0,284.0,205.0
MBL,11/26/2019,216.0,216.0,214.0,214.0,-0.47,9199.0,284.0,205.0
MBL,11/27/2019,214.0,216.0,213.0,215.0,0.47,8616.0,284.0,205.0
MBL,11/28/2019,217.0,217.0,214.0,214.0,-0.47,7566.0,284.0,205.0
MBL,12/1/2019,214.0,214.0,212.0,213.0,-0.47,5781.0,284.0,205.0
MBL,12/2/2019,215.0,215.0,214.0,214.0,0.47,4511.0,284.0,205.0
MBL,12/3/2019,214.0,215.0,214.0,215.0,0.47,5175.0,284.0,205.0
MBL,12/4/2019,215.0,217.0,214.0,217.0,0.93,5133.0,284.0,205.0
MBL,12/5/2019,216.0,219.0,216.0,217.0,0.0,8249.0,284.0,205.0
MBL,12/8/2019,217.0,218.0,217.0,217.0,0.0,5078.0,284.0,205.0
MBL,12/9/2019,216.0,223.0,216.0,220.0,1.38,12372.0,284.0,205.0
MBL,12/10/2019,219.0,228.0,217.0,224.0,1.82,346840.0,284.0,205.0
MBL,12/11/2019,224.0,225.0,219.0,220.0,-1.79,32098.0,284.0,205.0
MBL,12/12/2019,222.0,223.0,221.0,223.0,1.36,10769.0,284.0,205.0
MBL,12/15/2019,223.0,228.0,221.0,224.0,0.45,19738.0,284.0,205.0
MBL,12/16/2019,225.0,225.0,221.0,222.0,-0.89,6697.0,284.0,205.0
MBL,12/17/2019,220.0,221.0,219.0,220.0,-0.9,5658.0,284.0,205.0
MBL,12/18/2019,220.0,221.0,218.0,218.0,-0.91,3062.0,284.0,205.0
MBL,12/19/2019,217.0,218.0,216.0,217.0,-0.46,5684.0,284.0,205.0
MBL,12/22/2019,219.0,219.0,217.0,218.0,0.46,2890.0,284.0,205.0
MBL,12/23/2019,217.0,220.0,216.0,219.0,0.46,7851.0,284.0,205.0
MBL,12/24/2019,219.0,221.0,218.0,218.0,-0.46,25275.0,284.0,205.0
MBL,12/25/2019,219.0,220.0,217.0,218.0,0.0,158618.0,284.0,205.0
MBL,12/26/2019,218.0,218.0,216.0,218.0,0.0,43034.0,284.0,205.0
MBL,12/29/2019,218.0,219.0,216.0,216.0,-0.92,3693.0,284.0,205.0
MBL,12/30/2019,216.0,217.0,214.0,215.0,-0.46,20996.0,284.0,205.0
MBL,12/31/2019,216.0,219.0,214.0,216.0,0.47,22126.0,284.0,205.0
MBL,1/1/2020,216.0,220.0,216.0,217.0,0.46,5987.0,284.0,205.0
MBL,1/2/2020,219.0,219.0,217.0,217.0,0.0,9426.0,284.0,205.0
MBL,1/5/2020,217.0,224.0,217.0,220.0,1.38,50620.0,284.0,205.0
MBL,1/6/2020,222.0,226.0,220.0,220.0,0.0,135864.0,284.0,205.0
MBL,1/7/2020,220.0,231.0,220.0,230.0,4.55,878390.0,284.0,205.0
MBL,1/8/2020,231.0,232.0,223.0,225.0,-2.17,104223.0,284.0,205.0
MBL,1/9/2020,223.0,227.0,222.0,225.0,0.0,27174.0,284.0,205.0
MBL,1/12/2020,229.0,230.0,225.0,230.0,2.22,88900.0,284.0,205.0
MBL,1/13/2020,231.0,236.0,230.0,233.0,1.3,121792.0,284.0,205.0
MBL,1/14/2020,235.0,235.0,229.0,229.0,-1.72,53476.0,284.0,205.0
MBL,1/15/2020,233.0,238.0,229.0,236.0,3.06,60535.0,284.0,205.0
MBL,1/16/2020,240.0,248.0,237.0,245.0,3.81,106396.0,284.0,205.0
MBL,1/19/2020,247.0,250.0,238.0,246.0,0.41,84862.0,284.0,205.0
MBL,1/20/2020,246.0,248.0,237.0,239.0,-2.85,64413.0,284.0,205.0
MBL,1/21/2020,243.0,243.0,235.0,237.0,-0.84,47498.0,284.0,205.0
MBL,1/22/2020,237.0,241.0,236.0,236.0,-0.42,19067.0,284.0,205.0
MBL,1/23/2020,235.0,235.0,231.0,232.0,-1.69,42623.0,284.0,205.0
MBL,1/26/2020,231.0,234.0,229.0,229.0,-1.29,23299.0,284.0,205.0
MBL,1/27/2020,230.0,234.0,230.0,234.0,2.18,15617.0,284.0,205.0
MBL,1/28/2020,235.0,235.0,233.0,233.0,-0.43,28362.0,284.0,205.0
MBL,1/29/2020,229.0,235.0,229.0,230.0,-1.29,22599.0,284.0,205.0
MBL,1/30/2020,230.0,240.0,229.0,235.0,2.17,39437.0,284.0,205.0
MBL,2/2/2020,239.0,241.0,238.0,240.0,2.13,52734.0,284.0,205.0
MBL,2/3/2020,243.0,244.0,239.0,240.0,0.0,81549.0,284.0,205.0
MBL,2/4/2020,240.0,240.0,237.0,237.0,-1.25,34598.0,284.0,205.0
MBL,2/5/2020,236.0,237.0,234.0,236.0,-0.42,12896.0,284.0,205.0
MBL,2/6/2020,235.0,236.0,233.0,233.0,-1.27,16068.0,284.0,205.0
MBL,2/9/2020,232.0,234.0,229.0,230.0,-1.29,10413.0,284.0,205.0
MBL,2/10/2020,230.0,233.0,228.0,232.0,0.87,23927.0,284.0,205.0
MBL,2/11/2020,235.0,237.0,233.0,235.0,1.29,60336.0,284.0,205.0
MBL,2/12/2020,234.0,238.0,232.0,234.0,-0.43,22341.0,284.0,205.0
MBL,2/13/2020,235.0,235.0,231.0,231.0,-1.28,23651.0,284.0,205.0
MBL,2/16/2020,231.0,235.0,230.0,235.0,1.73,30616.0,284.0,205.0
MBL,2/17/2020,238.0,241.0,234.0,241.0,2.55,55401.0,284.0,205.0
MBL,2/18/2020,245.0,253.0,238.0,241.0,0.0,87766.0,284.0,205.0
MBL,2/19/2020,240.0,245.0,239.0,240.0,-0.41,39871.0,284.0,205.0
MBL,2/20/2020,241.0,244.0,237.0,240.0,0.0,50511.0,284.0,205.0
MBL,2/23/2020,244.0,264.0,243.0,261.0,8.75,116444.0,284.0,205.0
MBL,2/24/2020,266.0,268.0,253.0,254.0,-2.68,187340.0,284.0,205.0
MBL,2/25/2020,250.0,261.0,250.0,259.0,1.97,57874.0,284.0,205.0
MBL,2/26/2020,264.0,272.0,259.0,272.0,5.02,117190.0,284.0,205.0
MBL,2/27/2020,270.0,290.0,260.0,283.0,4.04,134695.0,284.0,205.0
MBL,3/1/2020,286.0,295.0,274.0,275.0,-2.83,172530.0,284.0,205.0
MBL,3/2/2020,280.0,280.0,250.0,250.0,-9.09,111693.0,284.0,205.0
MBL,3/3/2020,245.0,266.0,242.0,258.0,3.2,157937.0,284.0,205.0
MBL,3/4/2020,255.0,259.0,248.0,249.0,-3.49,101002.0,284.0,205.0
MBL,3/5/2020,255.0,255.0,245.0,245.0,-1.61,74262.0,284.0,205.0
MBL,3/10/2020,242.0,242.0,227.0,227.0,-7.35,52179.0,284.0,205.0
MBL,3/11/2020,228.0,243.0,227.0,243.0,7.05,62821.0,284.0,205.0
MBL,3/12/2020,240.0,242.0,230.0,235.0,-3.29,96350.0,284.0,205.0
MBL,3/15/2020,231.0,239.0,220.0,222.0,-5.53,88228.0,284.0,205.0
MBL,3/16/2020,220.0,228.0,220.0,224.0,0.9,72127.0,284.0,205.0
MBL,3/17/2020,220.0,224.0,217.0,218.0,-2.68,53751.0,284.0,205.0
MBL,3/18/2020,215.0,227.0,213.0,217.0,-0.46,44816.0,284.0,205.0
MBL,3/19/2020,213.0,222.0,210.0,219.0,0.92,72833.0,284.0,205.0
MBL,3/22/2020,223.0,223.0,215.0,215.0,-1.83,6232.0,284.0,205.0
MBL,6/29/2020,211.0,211.0,199.0,209.0,-2.79,13562.0,284.0,205.0
MBL,6/30/2020,212.0,220.0,212.0,220.0,5.26,4574.0,284.0,205.0
MBL,7/1/2020,224.0,232.0,224.0,230.0,4.55,2693.0,284.0,205.0
MBL,7/2/2020,234.0,234.0,212.0,212.0,-7.83,5419.0,284.0,205.0
MBL,7/5/2020,209.0,216.0,209.0,212.0,0.0,19467.0,284.0,205.0
MBL,7/6/2020,212.0,221.0,210.0,221.0,4.25,39664.0,284.0,205.0
MBL,7/7/2020,225.0,228.0,218.0,224.0,1.36,34825.0,284.0,205.0
MBL,7/8/2020,222.0,225.0,216.0,217.0,-3.12,15109.0,284.0,205.0
MBL,7/9/2020,214.0,220.0,213.0,220.0,1.38,22040.0,284.0,205.0
MBL,7/12/2020,220.0,221.0,215.0,215.0,-2.27,17950.0,284.0,205.0
MBL,7/13/2020,217.0,219.0,214.0,217.0,0.93,8823.0,284.0,205.0
MBL,7/14/2020,216.0,220.0,215.0,217.0,0.0,15401.0,284.0,205.0
MBL,7/15/2020,220.0,222.0,217.0,220.0,1.38,23399.0,284.0,205.0
MBL,7/16/2020,219.0,231.0,219.0,230.0,4.55,53236.0,284.0,205.0
MBL,7/19/2020,241.0,245.0,241.0,245.0,6.52,40.0,284.0,205.0
MBL,7/20/2020,257.0,269.0,243.0,249.0,1.63,114390.0,284.0,205.0
MBL,7/21/2020,250.0,252.0,244.0,248.0,-0.4,83098.0,284.0,205.0
MBL,7/22/2020,250.0,250.0,236.0,239.0,-3.63,41662.0,284.0,205.0
MBL,7/23/2020,239.0,241.0,234.0,241.0,0.84,22804.0,284.0,205.0
MBL,7/26/2020,242.0,245.0,238.0,245.0,1.66,32942.0,284.0,205.0
MBL,7/27/2020,246.0,249.0,239.0,241.0,-1.63,41563.0,284.0,205.0
MBL,7/28/2020,238.0,241.0,237.0,239.0,-0.83,20244.0,284.0,205.0
MBL,7/29/2020,238.0,239.0,233.0,234.0,-2.09,37958.0,284.0,205.0
MBL,7/30/2020,234.0,238.0,229.0,234.0,0.0,42226.0,284.0,205.0
MBL,8/2/2020,232.0,232.0,226.0,227.0,-2.99,54673.0,284.0,205.0
MBL,8/3/2020,225.0,234.0,219.0,228.0,0.44,49139.0,284.0,205.0
MBL,8/5/2020,224.0,228.0,223.0,228.0,0.0,27253.0,284.0,205.0
MBL,8/6/2020,228.0,228.0,223.0,228.0,0.0,23535.0,284.0,205.0
MBL,8/9/2020,226.0,229.0,222.0,228.0,0.0,14383.0,284.0,205.0
MBL,8/10/2020,232.0,240.0,228.0,235.0,3.07,31598.0,284.0,205.0
MBL,8/11/2020,236.0,237.0,230.0,233.0,-0.85,15269.0,284.0,205.0
MBL,8/12/2020,234.0,234.0,230.0,233.0,0.0,8085.0,284.0,205.0
MBL,8/13/2020,229.0,230.0,226.0,227.0,-2.58,21299.0,284.0,205.0
MBL,8/16/2020,223.0,226.0,220.0,222.0,-2.2,29163.0,284.0,205.0
MBL,8/17/2020,226.0,227.0,223.0,227.0,2.25,27118.0,284.0,205.0
MBL,8/18/2020,229.0,229.0,223.0,224.0,-1.32,25911.0,284.0,205.0
MBL,8/19/2020,220.0,227.0,220.0,224.0,0.0,14709.0,284.0,205.0
MBL,8/20/2020,220.0,226.0,220.0,223.0,-0.45,24900.0,284.0,205.0
MBL,8/23/2020,226.0,226.0,221.0,221.0,-0.9,26730.0,284.0,205.0
MBL,8/24/2020,225.0,228.0,224.0,227.0,2.71,27039.0,284.0,205.0
MBL,8/25/2020,227.0,230.0,225.0,227.0,0.0,18636.0,284.0,205.0
MBL,8/26/2020,227.0,234.0,226.0,230.0,1.32,60556.0,284.0,205.0
MBL,8/27/2020,234.0,234.0,229.0,230.0,0.0,69577.0,284.0,205.0
MBL,8/30/2020,234.0,234.0,227.0,231.0,0.43,16012.0,284.0,205.0
MBL,8/31/2020,230.0,231.0,226.0,228.0,-1.3,48894.0,284.0,205.0
MBL,9/2/2020,231.0,234.0,229.0,232.0,1.75,38449.0,284.0,205.0
MBL,9/3/2020,234.0,235.0,230.0,231.0,-0.43,57782.0,284.0,205.0
MBL,9/6/2020,241.0,241.0,226.0,229.0,-0.87,67027.0,284.0,205.0
MBL,9/7/2020,227.0,229.0,224.0,224.0,-2.18,49606.0,284.0,205.0
MBL,9/8/2020,222.0,225.0,221.0,224.0,0.0,43667.0,284.0,205.0
MBL,9/9/2020,225.0,228.0,222.0,223.0,-0.45,16558.0,284.0,205.0
MBL,9/10/2020,227.0,230.0,221.0,223.0,0.0,35630.0,284.0,205.0
MBL,9/13/2020,224.0,224.0,221.0,223.0,0.0,115289.0,284.0,205.0
MBL,9/14/2020,226.0,231.0,225.0,230.0,3.14,106327.0,284.0,205.0
MBL,9/15/2020,232.0,234.0,228.0,228.0,-0.87,78580.0,284.0,205.0
MBL,9/16/2020,228.0,228.0,226.0,227.0,-0.44,32603.0,284.0,205.0
MBL,9/17/2020,238.0,238.0,227.0,234.0,3.08,111005.0,284.0,205.0
MBL,9/20/2020,238.0,255.0,237.0,239.0,2.14,169428.0,284.0,205.0
MBL,9/21/2020,243.0,243.0,235.0,238.0,-0.42,100181.0,284.0,205.0
MBL,9/22/2020,238.0,239.0,232.0,234.0,-1.68,80788.0,284.0,205.0
MBL,9/23/2020,234.0,236.0,232.0,234.0,0.0,20742.0,284.0,205.0
MBL,9/24/2020,234.0,235.0,232.0,234.0,0.0,31367.0,284.0,205.0
MBL,9/27/2020,237.0,242.0,233.0,238.0,1.71,105213.0,284.0,205.0
MBL,9/28/2020,242.0,242.0,235.0,237.0,-0.42,48442.0,284.0,205.0
MBL,9/29/2020,238.0,239.0,233.0,234.0,-1.27,42022.0,284.0,205.0
MBL,9/30/2020,235.0,236.0,233.0,233.0,-0.43,36315.0,284.0,205.0
MBL,10/1/2020,240.0,241.0,236.0,239.0,2.58,103835.0,284.0,205.0
MBL,10/4/2020,242.0,250.0,242.0,250.0,4.6,189003.0,284.0,205.0
MBL,10/5/2020,250.0,253.0,244.0,247.0,-1.2,102036.0,284.0,205.0
MBL,10/6/2020,250.0,250.0,244.0,246.0,-0.4,78048.0,284.0,205.0
MBL,10/7/2020,258.0,258.0,244.0,248.0,0.81,258346.0,284.0,205.0
MBL,10/8/2020,236.0,236.0,231.0,232.0,-6.45,102338.0,284.0,205.0
MBL,10/11/2020,243.0,243.0,226.0,227.0,-2.16,35775.0,284.0,205.0
MBL,10/12/2020,226.0,230.0,225.0,229.0,0.88,25669.0,284.0,205.0
MBL,10/13/2020,240.0,240.0,226.0,227.0,-0.87,21075.0,284.0,205.0
MBL,10/14/2020,225.0,226.0,223.0,224.0,-1.32,25561.0,284.0,205.0
MBL,10/15/2020,227.0,227.0,222.0,224.0,0.0,31407.0,284.0,205.0
MBL,10/18/2020,224.0,224.0,220.0,222.0,-0.89,16315.0,284.0,205.0
MBL,10/19/2020,220.0,225.0,220.0,224.0,0.9,34195.0,284.0,205.0
MBL,10/20/2020,225.0,226.0,224.0,226.0,0.89,17424.0,284.0,205.0
MBL,10/21/2020,226.0,228.0,225.0,228.0,0.88,24986.0,284.0,205.0
MBL,10/22/2020,230.0,231.0,227.0,229.0,0.44,81367.0,284.0,205.0
MBL,10/28/2020,230.0,237.0,230.0,237.0,3.49,118471.0,284.0,205.0
MBL,10/29/2020,240.0,242.0,235.0,236.0,-0.42,153256.0,284.0,205.0
MBL,11/1/2020,236.0,236.0,232.0,233.0,-1.27,47122.0,284.0,205.0
MBL,11/2/2020,222.0,233.0,222.0,231.0,-0.86,42643.0,284.0,205.0
MBL,11/3/2020,231.0,232.0,230.0,232.0,0.43,31090.0,284.0,205.0
MBL,11/4/2020,231.0,231.0,229.0,229.0,-1.29,32633.0,284.0,205.0
MBL,11/5/2020,232.0,232.0,227.0,229.0,0.0,22867.0,284.0,205.0
MBL,11/8/2020,229.0,230.0,228.0,228.0,-0.44,36961.0,284.0,205.0
MBL,11/9/2020,228.0,229.0,226.0,227.0,-0.44,61834.0,284.0,205.0
MBL,11/10/2020,229.0,229.0,227.0,229.0,0.88,72344.0,284.0,205.0
MBL,11/11/2020,229.0,233.0,228.0,233.0,1.75,72369.0,284.0,205.0
MBL,11/12/2020,240.0,240.0,232.0,236.0,1.29,73272.0,284.0,205.0
MBL,11/18/2020,235.0,236.0,230.0,235.0,-0.42,47736.0,284.0,205.0
MBL,11/19/2020,236.0,238.0,233.0,235.0,0.0,98769.0,284.0,205.0
MBL,11/22/2020,239.0,242.0,233.0,237.0,0.85,100582.0,284.0,205.0
MBL,11/23/2020,240.0,240.0,233.0,235.0,-0.84,65540.0,284.0,205.0
MBL,11/24/2020,235.0,237.0,233.0,233.0,-0.85,47019.0,284.0,205.0
MBL,11/25/2020,234.0,239.0,233.0,239.0,2.58,122362.0,284.0,205.0
MBL,11/26/2020,242.0,248.0,239.0,242.0,1.26,180104.0,284.0,205.0
MBL,11/29/2020,245.0,266.0,245.0,266.0,9.92,429841.0,284.0,205.0
MBL,11/30/2020,275.0,279.0,255.0,258.0,-3.01,249506.0,284.0,205.0
MBL,12/1/2020,270.0,270.0,250.0,251.0,-2.71,94780.0,284.0,205.0
MBL,12/2/2020,263.0,263.0,246.0,256.0,1.99,106903.0,284.0,205.0
MBL,12/3/2020,260.0,261.0,248.0,248.0,-3.12,77763.0,284.0,205.0
MBL,12/6/2020,244.0,249.0,240.0,241.0,-2.82,93567.0,284.0,205.0
MBL,12/7/2020,253.0,253.0,236.0,243.0,0.83,63831.0,284.0,205.0
MBL,12/8/2020,255.0,255.0,239.0,242.0,-0.41,98927.0,284.0,205.0
MBL,12/9/2020,245.0,245.0,238.0,239.0,-1.24,76839.0,284.0,205.0
MBL,12/10/2020,237.0,242.0,236.0,237.0,-0.84,48765.0,284.0,205.0
MBL,12/13/2020,235.0,246.0,235.0,246.0,3.8,76154.0,284.0,205.0
MBL,12/14/2020,249.0,252.0,244.0,251.0,2.03,112216.0,284.0,205.0
MBL,12/15/2020,263.0,263.0,249.0,251.0,0.0,90224.0,284.0,205.0
MBL,12/16/2020,250.0,258.0,246.0,253.0,0.8,86548.0,284.0,205.0
MBL,12/17/2020,251.0,255.0,246.0,247.0,-2.37,150541.0,284.0,205.0
MBL,12/20/2020,243.0,245.0,236.0,236.0,-4.45,71173.0,284.0,205.0
MBL,12/21/2020,230.0,244.0,228.0,240.0,1.69,91343.0,284.0,205.0
MBL,12/22/2020,244.0,255.0,240.0,245.0,2.08,94782.0,284.0,205.0
MBL,12/23/2020,245.0,254.0,241.0,243.0,-0.82,74024.0,284.0,205.0
MBL,12/24/2020,239.0,252.0,239.0,243.0,0.0,155619.0,284.0,205.0
MBL,12/27/2020,245.0,245.0,238.0,242.0,-0.41,103091.0,284.0,205.0
MBL,12/28/2020,238.0,241.0,238.0,241.0,-0.41,49560.0,284.0,205.0
MBL,12/29/2020,238.0,244.0,238.0,242.0,0.41,48060.0,284.0,205.0
MBL,12/30/2020,240.0,242.0,239.0,241.0,-0.41,28815.0,284.0,205.0
MBL,12/31/2020,242.0,249.0,240.0,243.0,0.83,120233.0,284.0,205.0
MBL,1/3/2021,247.0,262.0,247.0,260.0,7.0,218674.0,284.0,205.0
MBL,1/4/2021,264.0,267.0,250.0,255.0,-1.92,178022.0,284.0,205.0
MBL,1/5/2021,255.0,260.0,251.0,256.0,0.39,68348.0,284.0,205.0
MBL,1/6/2021,254.0,269.0,253.0,269.0,5.08,314792.0,284.0,205.0
MBL,1/7/2021,274.0,278.0,267.0,277.0,2.97,250397.0,284.0,205.0
MBL,1/10/2021,280.0,288.0,276.0,288.0,3.97,331999.0,284.0,205.0
MBL,1/11/2021,295.0,295.0,275.0,280.0,-2.78,203329.0,284.0,205.0
MBL,1/12/2021,280.0,284.0,275.0,283.0,1.07,216042.0,284.0,205.0
MBL,1/13/2021,283.0,288.0,283.0,284.0,0.35,124821.0,284.0,205.0
MBL,1/17/2021,290.0,290.0,279.0,282.0,-0.7,172653.0,284.0,205.0
MBL,1/18/2021,281.0,285.0,280.0,283.0,0.35,126352.0,284.0,205.0
MBL,1/19/2021,284.0,294.0,278.0,293.0,3.53,268228.0,284.0,205.0
MBL,1/20/2021,293.0,315.0,289.0,303.0,3.41,335020.0,284.0,205.0
MBL,1/21/2021,303.0,303.0,295.0,299.0,-1.32,164537.0,284.0,205.0
MBL,1/24/2021,302.0,306.0,295.0,297.0,-0.67,141395.0,284.0,205.0
MBL,1/25/2021,298.0,299.0,291.0,295.0,-0.67,115767.0,284.0,205.0
MBL,1/26/2021,296.0,301.0,290.0,291.0,-1.36,98025.0,284.0,205.0
MBL,1/27/2021,291.0,293.0,283.0,288.0,-1.03,140394.0,284.0,205.0
MBL,1/28/2021,284.0,286.0,276.0,276.0,-4.17,190608.0,284.0,205.0
MBL,1/31/2021,276.0,285.0,270.0,271.0,-1.81,197708.0,284.0,205.0
MBL,2/1/2021,276.0,284.0,274.0,278.0,2.58,110427.0,284.0,205.0
MBL,2/2/2021,281.0,288.0,279.0,283.0,1.8,156384.0,284.0,205.0
MBL,2/3/2021,288.0,291.0,284.0,284.0,0.35,145192.0,284.0,205.0
MBL,2/4/2021,282.0,289.0,282.0,287.0,1.06,126908.0,284.0,205.0
MBL,2/7/2021,290.0,290.0,283.0,286.0,-0.35,77913.0,284.0,205.0
MBL,2/8/2021,289.0,310.0,286.0,310.0,8.39,336941.0,284.0,205.0
MBL,2/9/2021,315.0,319.0,299.0,302.0,-2.58,222586.0,284.0,205.0
MBL,2/10/2021,302.0,313.0,297.0,307.0,1.66,167707.0,284.0,205.0
MBL,2/11/2021,312.0,317.0,306.0,307.0,0.0,218921.0,284.0,205.0
MBL,2/14/2021,310.0,310.0,300.0,301.0,-1.95,92024.0,284.0,205.0
MBL,2/15/2021,307.0,312.0,303.0,312.0,3.65,243578.0,284.0,205.0
MBL,2/16/2021,315.0,324.0,310.0,315.0,0.96,269101.0,284.0,205.0
MBL,2/17/2021,316.0,323.0,313.0,322.0,2.22,307769.0,284.0,205.0
MBL,2/18/2021,338.0,338.0,314.0,336.0,4.35,471387.0,284.0,205.0
MBL,2/21/2021,352.0,352.0,330.0,331.0,-1.49,171914.0,284.0,205.0
MBL,2/22/2021,340.0,340.0,312.0,316.0,-4.53,242268.0,284.0,205.0
MBL,2/23/2021,320.0,320.0,305.0,314.0,-0.63,208122.0,284.0,205.0
MBL,2/24/2021,320.0,327.0,311.0,319.0,1.59,148467.0,284.0,205.0
MBL,2/25/2021,321.0,321.0,309.0,311.0,-2.51,135005.0,284.0,205.0
MBL,2/28/2021,311.0,311.0,300.0,304.0,-2.25,197426.0,284.0,205.0
MBL,3/1/2021,301.0,321.0,298.0,308.0,1.32,100710.0,284.0,205.0
MBL,3/2/2021,305.0,310.0,295.0,298.0,-3.25,98396.0,284.0,205.0
MBL,3/3/2021,300.0,314.0,291.0,301.0,1.01,124851.0,284.0,205.0
MBL,3/4/2021,301.0,308.0,301.0,307.0,1.99,95977.0,284.0,205.0
MBL,3/7/2021,307.0,309.0,300.0,302.0,-1.63,88289.0,284.0,205.0
MBL,3/9/2021,300.0,304.0,296.0,298.0,-1.32,56919.0,284.0,205.0
MBL,3/10/2021,298.0,302.0,297.0,298.0,0.0,45586.0,284.0,205.0
MBL,3/14/2021,295.0,299.0,288.0,291.0,-2.35,95937.0,284.0,205.0
MBL,3/15/2021,287.0,290.0,281.0,287.0,-1.37,81646.0,284.0,205.0
MBL,3/16/2021,287.0,290.0,285.0,288.0,0.35,77944.0,284.0,205.0
MBL,3/17/2021,286.0,295.0,286.0,295.0,2.43,50674.0,284.0,205.0
MBL,3/18/2021,309.0,315.0,295.0,303.0,2.71,76514.0,284.0,205.0
MBL,3/21/2021,305.0,309.0,300.0,307.0,1.32,56449.0,284.0,205.0
MBL,3/22/2021,307.0,308.0,299.0,300.0,-2.28,49436.0,284.0,205.0
MBL,3/23/2021,300.0,301.0,296.0,300.0,0.0,34491.0,284.0,205.0
MBL,3/24/2021,300.0,308.0,299.0,307.0,2.33,99994.0,284.0,205.0
MBL,3/25/2021,307.0,308.0,300.0,302.0,-1.63,74086.0,284.0,205.0
MBL,3/29/2021,298.0,301.0,297.0,300.0,-0.66,41009.0,284.0,205.0
MBL,3/30/2021,298.0,302.0,298.0,302.0,0.67,37153.0,284.0,205.0
MBL,3/31/2021,302.0,307.0,301.0,305.0,0.99,72242.0,284.0,205.0
MBL,4/1/2021,303.0,311.0,303.0,308.0,0.98,100525.0,284.0,205.0
MBL,4/4/2021,312.0,317.0,309.0,313.0,1.62,76154.0,284.0,205.0
MBL,4/5/2021,313.0,313.0,308.0,310.0,-0.96,46535.0,284.0,205.0
MBL,4/6/2021,310.0,311.0,305.0,311.0,0.32,73720.0,284.0,205.0
MBL,4/7/2021,309.0,314.0,308.0,310.0,-0.32,76507.0,284.0,205.0
MBL,4/8/2021,311.0,311.0,308.0,311.0,0.32,83930.0,284.0,205.0
MBL,4/12/2021,311.0,315.0,308.0,314.0,0.96,90281.0,284.0,205.0
MBL,4/13/2021,320.0,323.0,314.0,322.0,2.55,138560.0,284.0,205.0
MBL,4/15/2021,322.0,330.0,322.0,325.0,0.93,158173.0,284.0,205.0
MBL,4/18/2021,325.0,328.0,320.0,320.0,-1.54,102248.0,284.0,205.0
MBL,4/19/2021,320.0,322.0,312.0,313.0,-2.19,80388.0,284.0,205.0
MBL,4/20/2021,313.0,316.0,310.0,313.0,0.0,68935.0,284.0,205.0
MBL,4/21/2021,298.0,317.0,298.0,310.0,-0.96,68343.0,284.0,205.0
MBL,4/22/2021,295.0,312.0,295.0,311.0,0.32,74688.0,284.0,205.0
MBL,4/25/2021,310.0,312.0,299.0,299.0,-3.86,117305.0,284.0,205.0
MBL,4/26/2021,300.0,305.0,292.0,296.0,-1.0,85543.0,284.0,205.0
MBL,4/27/2021,300.0,309.0,296.0,307.0,3.72,74813.0,284.0,205.0
MBL,4/28/2021,307.0,310.0,300.0,302.0,-1.63,40773.0,284.0,205.0
MBL,4/29/2021,300.0,307.0,298.0,305.0,0.99,35053.0,284.0,205.0
MBL,5/2/2021,320.0,320.0,302.0,307.0,0.66,51049.0,284.0,205.0
MBL,5/3/2021,292.0,314.0,292.0,305.0,-0.65,94379.0,284.0,205.0
MBL,5/4/2021,305.0,308.0,301.0,304.0,-0.33,47086.0,284.0,205.0
MBL,5/5/2021,302.0,305.0,302.0,303.0,-0.33,69333.0,284.0,205.0
MBL,5/6/2021,303.0,313.0,300.0,306.0,0.99,84268.0,284.0,205.0
MBL,5/9/2021,310.0,318.0,300.0,311.0,1.63,209074.0,284.0,205.0
MBL,5/10/2021,313.0,314.0,309.0,309.0,-0.64,33258.0,284.0,205.0
MBL,5/11/2021,315.0,315.0,309.0,310.0,0.32,42457.0,284.0,205.0
MBL,5/12/2021,313.0,313.0,307.0,308.0,-0.65,37537.0,284.0,205.0
MBL,5/13/2021,307.0,312.0,307.0,310.0,0.65,56793.0,284.0,205.0
MBL,5/16/2021,314.0,317.0,311.0,317.0,2.26,119160.0,284.0,205.0
MBL,5/17/2021,320.0,323.0,316.0,318.0,0.32,117270.0,284.0,205.0
MBL,5/18/2021,318.0,323.0,317.0,323.0,1.57,131411.0,284.0,205.0
MBL,5/19/2021,327.0,335.0,322.0,323.0,0.0,332161.0,284.0,205.0
MBL,5/20/2021,328.0,334.0,326.0,333.0,3.1,279842.0,284.0,205.0
MBL,5/23/2021,334.0,351.0,326.0,350.0,5.11,450713.0,284.0,205.0
MBL,5/24/2021,350.0,360.0,344.0,347.0,-0.86,426622.0,284.0,205.0
MBL,5/25/2021,364.0,364.0,339.0,342.0,-1.44,202333.0,284.0,205.0
MBL,5/27/2021,342.0,349.0,330.0,342.0,0.0,220817.0,284.0,205.0
MBL,5/30/2021,342.0,357.0,339.0,354.0,3.51,368516.0,284.0,205.0
MBL,5/31/2021,358.0,363.0,348.0,349.0,-1.41,304061.0,284.0,205.0
MBL,6/1/2021,350.0,353.0,342.0,347.0,-0.57,93619.0,284.0,205.0
MBL,6/2/2021,345.0,351.0,343.0,348.0,0.29,123605.0,284.0,205.0
MBL,6/3/2021,345.0,374.0,345.0,370.0,6.32,689017.0,284.0,205.0
MBL,6/6/2021,380.0,400.0,376.0,392.0,5.95,573046.0,284.0,205.0
MBL,6/7/2021,399.0,399.0,380.0,390.0,-0.51,474684.0,284.0,205.0
MBL,6/8/2021,390.0,404.0,386.0,394.0,1.03,358544.0,284.0,205.0
MBL,6/9/2021,405.0,405.0,385.0,388.0,-1.52,182534.0,284.0,205.0
MBL,6/10/2021,383.0,391.0,382.0,385.0,-0.77,189205.0,284.0,205.0
MBL,6/13/2021,392.0,394.0,379.0,392.0,1.82,295127.0,284.0,205.0
MBL,6/14/2021,395.0,413.0,395.0,411.0,4.85,423497.0,284.0,205.0
MBL,6/15/2021,391.0,424.0,391.0,406.0,-1.22,443314.0,284.0,205.0
MBL,6/16/2021,406.0,420.0,396.0,403.0,-0.74,314455.0,284.0,205.0
MBL,6/17/2021,406.0,406.0,396.0,404.0,0.25,169330.0,284.0,205.0
MBL,6/20/2021,401.0,403.0,387.0,391.0,-3.22,302686.0,284.0,205.0
MBL,6/21/2021,410.0,410.0,377.0,380.0,-2.81,299383.0,284.0,205.0
MBL,6/22/2021,375.0,394.0,375.0,391.0,2.89,198748.0,284.0,205.0
MBL,6/23/2021,391.0,392.0,378.0,380.0,-2.81,122241.0,284.0,205.0
MBL,6/24/2021,380.0,388.0,373.0,380.0,0.0,111123.0,284.0,205.0
MBL,6/27/2021,380.0,396.0,371.0,390.0,2.63,250934.0,284.0,205.0
MBL,6/28/2021,397.0,397.0,388.0,389.0,-0.26,136529.0,284.0,205.0
MBL,6/29/2021,394.0,394.0,379.0,381.0,-2.06,129364.0,284.0,205.0
MBL,6/30/2021,375.0,381.0,373.0,381.0,0.0,128160.0,284.0,205.0
MBL,7/1/2021,380.0,386.0,379.0,380.0,-0.26,88156.0,284.0,205.0
MBL,7/4/2021,381.0,384.0,375.0,376.0,-1.05,126417.0,284.0,205.0
MBL,7/5/2021,376.0,377.0,373.0,373.0,-0.8,63490.0,284.0,205.0
MBL,7/6/2021,374.0,375.0,370.0,371.0,-0.54,116202.0,284.0,205.0
MBL,7/7/2021,375.0,378.0,371.0,373.0,0.54,116451.0,284.0,205.0
MBL,7/8/2021,373.0,380.0,372.0,380.0,1.88,158235.0,284.0,205.0
MBL,7/11/2021,387.0,393.0,381.0,392.0,3.16,162025.0,284.0,205.0
MBL,7/12/2021,395.0,396.0,381.0,384.0,-2.04,196627.0,284.0,205.0
MBL,7/13/2021,400.0,400.0,381.0,385.0,0.26,103387.0,284.0,205.0
MBL,7/14/2021,388.0,388.0,381.0,385.0,0.0,48685.0,284.0,205.0
MBL,7/15/2021,404.0,404.0,382.0,385.0,0.0,102360.0,284.0,205.0
MBL,7/18/2021,391.0,415.0,391.0,413.0,7.27,454517.0,284.0,205.0
MBL,7/19/2021,421.0,425.0,409.0,415.0,0.48,372529.0,284.0,205.0
MBL,7/20/2021,415.0,416.0,408.0,413.0,-0.48,160841.0,284.0,205.0
MBL,7/22/2021,416.0,430.0,411.0,424.0,2.66,381368.0,284.0,205.0
MBL,7/25/2021,430.0,442.5,428.0,442.5,4.36,411893.0,284.0,205.0
MBL,7/26/2021,450.0,450.0,425.0,427.0,-3.5,577249.0,284.0,205.0
MBL,7/27/2021,418.5,430.0,411.0,428.0,0.23,335622.0,284.0,205.0
MBL,7/28/2021,436.0,436.0,421.0,424.2,-0.89,153312.0,284.0,205.0
MBL,7/29/2021,424.0,425.0,419.0,421.8,-0.57,123291.0,284.0,205.0
MBL,8/1/2021,428.9,428.9,416.0,417.0,-1.14,123227.0,284.0,205.0
MBL,8/2/2021,417.0,424.0,413.0,418.0,0.24,113592.0,284.0,205.0
MBL,8/3/2021,426.0,426.0,415.1,417.0,-0.24,110878.0,284.0,205.0
MBL,8/4/2021,418.0,420.0,415.1,419.0,0.48,108687.0,284.0,205.0
MBL,8/5/2021,420.0,425.0,418.5,422.0,0.72,120641.0,284.0,205.0
MBL,8/8/2021,426.9,427.0,418.1,418.9,-0.73,146770.0,284.0,205.0
MBL,8/9/2021,420.0,421.7,415.7,416.0,-0.69,99199.0,284.0,205.0
MBL,8/10/2021,415.0,438.0,414.0,435.0,4.57,368422.0,284.0,205.0
MBL,8/11/2021,435.0,450.0,429.0,433.0,-0.46,286433.0,284.0,205.0
MBL,8/12/2021,439.0,443.5,427.5,442.9,2.29,368813.0,284.0,205.0
MBL,8/15/2021,442.0,448.0,421.4,440.0,-0.65,328639.0,284.0,205.0
MBL,8/16/2021,440.0,440.0,427.0,436.0,-0.91,194333.0,284.0,205.0
MBL,8/17/2021,444.7,444.7,423.0,424.0,-2.75,233400.0,284.0,205.0
MBL,8/18/2021,425.0,455.0,417.0,433.0,2.12,254492.0,284.0,205.0
MBL,8/19/2021,433.0,441.0,428.0,428.1,-1.13,182974.0,284.0,205.0
MBL,8/24/2021,435.0,435.0,420.0,421.1,-1.64,123845.0,284.0,205.0
MBL,8/25/2021,429.5,429.5,415.0,418.0,-0.74,140913.0,284.0,205.0
MBL,8/26/2021,413.0,423.0,411.1,415.0,-0.72,139357.0,284.0,205.0
MBL,8/29/2021,423.3,423.3,404.0,406.0,-2.17,166720.0,284.0,205.0
MBL,8/31/2021,406.0,409.0,390.3,395.0,-2.71,290250.0,284.0,205.0
MBL,9/1/2021,388.0,405.0,388.0,397.5,0.63,140174.0,284.0,205.0
MBL,9/2/2021,399.1,404.0,392.2,394.0,-0.88,232228.0,284.0,205.0
MBL,9/5/2021,394.0,399.0,385.3,388.0,-1.52,150587.0,284.0,205.0
MBL,9/6/2021,388.0,410.0,386.0,410.0,5.67,163079.0,284.0,205.0
MBL,9/7/2021,410.0,410.0,391.2,398.0,-2.93,146968.0,284.0,205.0
MBL,9/8/2021,398.0,398.0,387.1,391.0,-1.76,97637.0,284.0,205.0
MBL,9/9/2021,395.0,395.0,385.3,387.1,-1.0,47634.0,284.0,205.0
MBL,9/12/2021,394.8,402.0,390.0,397.0,2.56,107313.0,284.0,205.0
MBL,9/13/2021,401.9,408.0,398.0,400.5,0.88,130938.0,284.0,205.0
MBL,9/14/2021,400.5,404.9,396.0,398.0,-0.62,73472.0,284.0,205.0
MBL,9/15/2021,394.0,398.0,392.3,394.0,-1.01,52563.0,284.0,205.0
MBL,9/16/2021,390.0,393.0,380.6,383.0,-2.79,165303.0,284.0,205.0
MBL,9/20/2021,380.2,383.0,370.5,373.5,-2.48,181360.0,284.0,205.0
MBL,9/21/2021,370.0,392.0,367.2,377.6,1.1,146986.0,284.0,205.0
MBL,9/22/2021,384.9,398.0,381.0,398.0,5.4,117891.0,284.0,205.0
MBL,9/23/2021,405.0,422.0,405.0,411.0,3.27,575194.0,284.0,205.0
MBL,9/26/2021,419.2,419.2,398.5,399.0,-2.92,185751.0,284.0,205.0
MBL,9/27/2021,400.0,400.0,388.0,391.9,-1.78,104865.0,284.0,205.0
MBL,9/28/2021,394.0,394.0,381.2,385.0,-1.76,114028.0,284.0,205.0
MBL,9/29/2021,392.7,396.9,381.0,390.9,1.53,77958.0,284.0,205.0
MBL,9/30/2021,393.0,395.0,385.0,385.8,-1.3,67654.0,284.0,205.0
MBL,10/3/2021,393.5,400.0,379.5,380.6,-1.35,67436.0,284.0,205.0
MBL,10/4/2021,375.0,382.0,373.0,377.1,-0.92,96621.0,284.0,205.0
MBL,10/5/2021,383.0,384.0,379.8,381.9,1.27,49303.0,284.0,205.0
MBL,10/6/2021,385.0,389.6,384.2,388.1,1.62,102791.0,284.0,205.0
MBL,10/10/2021,395.0,402.0,387.0,387.5,-0.15,149742.0,284.0,205.0
MBL,10/11/2021,391.0,392.0,380.0,386.0,-0.39,91780.0,284.0,205.0
MBL,10/17/2021,389.9,394.0,381.5,386.0,0.0,44105.0,284.0,205.0
MBL,10/18/2021,386.0,386.0,370.5,372.0,-3.63,124485.0,284.0,205.0
MBL,10/19/2021,370.0,370.0,356.0,363.8,-2.2,105022.0,284.0,205.0
MBL,10/20/2021,367.0,384.5,367.0,371.6,2.14,89343.0,284.0,205.0
MBL,10/21/2021,379.0,379.0,364.0,364.9,-1.8,313369.0,284.0,205.0
MBL,10/24/2021,315.7,320.0,304.0,319.0,-12.58,114493.0,284.0,205.0
MBL,10/25/2021,315.0,323.0,315.0,322.0,0.94,69223.0,284.0,205.0
MBL,10/26/2021,323.0,330.8,322.0,327.4,1.68,111401.0,284.0,205.0
MBL,10/27/2021,333.0,334.0,323.0,328.7,0.4,107282.0,284.0,205.0
MBL,10/28/2021,328.0,328.0,323.3,324.0,-1.43,60124.0,284.0,205.0
MBL,10/31/2021,330.0,334.0,324.0,332.0,2.47,106955.0,284.0,205.0
MBL,11/1/2021,338.5,345.5,335.0,340.0,2.41,213234.0,284.0,205.0
MBL,11/2/2021,341.0,346.5,335.0,345.0,1.47,93614.0,284.0,205.0
MBL,11/3/2021,349.0,349.0,339.0,339.0,-1.74,56490.0,284.0,205.0
MBL,11/8/2021,345.7,345.7,330.0,332.0,-2.06,51399.0,284.0,205.0
MBL,11/9/2021,326.0,331.0,319.5,321.0,-3.31,87625.0,284.0,205.0
MBL,11/11/2021,315.0,325.0,315.0,319.5,-0.47,140057.0,284.0,205.0
MBL,11/14/2021,318.0,322.0,315.0,319.5,0.0,43940.0,284.0,205.0
MBL,11/15/2021,324.0,324.0,319.1,320.0,0.16,31990.0,284.0,205.0
MBL,11/16/2021,320.2,324.8,318.1,324.0,1.25,38510.0,284.0,205.0
MBL,11/17/2021,327.5,336.1,322.0,326.0,0.62,49057.0,284.0,205.0
MBL,11/18/2021,320.2,339.0,320.0,322.0,-1.23,57831.0,284.0,205.0
MBL,11/21/2021,323.0,325.0,320.1,322.0,0.0,22345.0,284.0,205.0
MBL,11/22/2021,325.0,328.0,322.2,322.3,0.09,27353.0,284.0,205.0
MBL,11/23/2021,319.1,325.0,319.1,319.5,-0.87,36983.0,284.0,205.0
MBL,11/24/2021,320.0,320.0,315.0,318.0,-0.47,19446.0,284.0,205.0
MBL,11/25/2021,318.0,323.0,309.8,317.0,-0.31,51828.0,284.0,205.0
MBL,11/28/2021,311.0,320.0,306.4,306.4,-3.34,55231.0,284.0,205.0
MBL,11/29/2021,310.0,312.5,300.3,302.4,-1.31,73598.0,284.0,205.0
MBL,11/30/2021,303.2,308.4,300.0,302.0,-0.13,59667.0,284.0,205.0
MBL,12/1/2021,307.9,308.0,303.0,305.0,0.99,33226.0,284.0,205.0
MBL,12/2/2021,306.0,308.0,301.0,301.0,-1.31,52968.0,284.0,205.0
MBL,12/5/2021,302.0,302.0,293.5,295.0,-1.99,70785.0,284.0,205.0
MBL,12/6/2021,300.0,300.0,289.2,298.0,1.02,59491.0,284.0,205.0
MBL,12/7/2021,299.2,303.0,295.0,297.0,-0.34,17173.0,284.0,205.0
MBL,12/8/2021,292.1,300.9,292.0,293.0,-1.35,35554.0,284.0,205.0
MBL,12/9/2021,293.1,296.0,290.2,293.5,0.17,19408.0,284.0,205.0
MBL,12/12/2021,290.1,295.0,288.9,290.0,-1.19,74389.0,284.0,205.0
MBL,12/13/2021,284.5,292.8,279.0,290.0,0.0,95972.0,284.0,205.0
MBL,12/14/2021,294.9,303.0,285.2,303.0,4.48,38854.0,284.0,205.0
MBL,12/15/2021,309.0,315.0,291.1,303.0,0.0,140796.0,284.0,205.0
MBL,12/16/2021,298.0,304.0,297.0,300.0,-0.99,63688.0,284.0,205.0
MBL,12/20/2021,306.0,306.0,296.0,299.8,-0.07,92841.0,284.0,205.0
MBL,12/21/2021,300.0,307.0,300.0,307.0,2.4,58687.0,284.0,205.0
MBL,12/22/2021,313.1,315.8,309.0,314.9,2.57,68932.0,284.0,205.0
MBL,12/23/2021,321.1,321.1,315.0,318.0,0.98,88052.0,284.0,205.0
MBL,12/26/2021,320.0,324.0,318.0,320.0,0.63,89164.0,284.0,205.0
MBL,12/27/2021,325.0,325.0,316.0,316.0,-1.25,61050.0,284.0,205.0
MBL,12/28/2021,320.0,322.0,313.1,319.0,0.95,41606.0,284.0,205.0
MBL,12/29/2021,320.0,321.9,316.0,316.0,-0.94,58672.0,284.0,205.0
MBL,1/2/2022,311.0,323.1,311.0,321.0,1.58,114133.0,284.0,205.0
MBL,1/3/2022,323.9,331.0,320.9,329.0,2.49,200383.0,284.0,205.0
MBL,1/4/2022,329.0,339.5,326.0,338.0,2.74,153230.0,284.0,205.0
MBL,1/5/2022,338.0,344.0,333.0,336.0,-0.59,95538.0,284.0,205.0
MBL,1/6/2022,336.0,341.0,333.0,340.4,1.31,104228.0,284.0,205.0
MBL,1/9/2022,344.5,350.0,339.0,346.0,1.65,250067.0,284.0,205.0
MBL,1/10/2022,346.0,347.0,335.0,340.0,-1.73,138481.0,284.0,205.0
MBL,1/11/2022,344.0,344.0,337.0,337.2,-0.82,101610.0,284.0,205.0
MBL,1/12/2022,343.9,343.9,331.0,332.0,-1.54,117692.0,284.0,205.0
MBL,1/13/2022,335.0,343.0,330.9,332.0,0.0,78924.0,284.0,205.0
MBL,1/16/2022,338.0,342.0,332.0,333.0,0.3,129165.0,284.0,205.0
MBL,1/17/2022,339.0,346.0,336.2,338.0,1.5,90457.0,284.0,205.0
MBL,1/18/2022,342.5,350.3,334.0,343.0,1.48,282933.0,284.0,205.0
MBL,1/19/2022,343.0,347.0,338.0,339.0,-1.17,75958.0,284.0,205.0
MBL,1/20/2022,340.0,340.0,333.6,338.0,-0.29,64821.0,284.0,205.0
MBL,1/23/2022,342.0,342.0,331.4,334.0,-1.18,167130.0,284.0,205.0
MBL,1/24/2022,340.6,340.6,322.0,326.0,-2.4,138428.0,284.0,205.0
MBL,1/25/2022,320.0,329.4,320.0,325.0,-0.31,87435.0,284.0,205.0
MBL,1/26/2022,325.0,325.0,319.0,322.9,-0.65,48666.0,284.0,205.0
MBL,1/27/2022,322.0,326.9,320.4,323.0,0.03,48916.0,284.0,205.0
MBL,1/30/2022,326.0,335.5,325.4,332.0,2.79,75332.0,284.0,205.0
MBL,1/31/2022,330.0,333.0,324.0,324.0,-2.41,58323.0,284.0,205.0
MBL,2/1/2022,323.0,332.0,320.0,330.0,1.85,89259.0,284.0,205.0
MBL,2/3/2022,330.0,335.0,325.0,325.0,-1.52,87824.0,284.0,205.0
MBL,2/6/2022,324.1,327.0,318.1,320.1,-1.51,48184.0,284.0,205.0
MBL,2/7/2022,320.0,325.0,317.0,320.0,-0.03,43150.0,284.0,205.0
MBL,2/8/2022,326.0,332.0,318.0,318.0,-0.62,95205.0,284.0,205.0
MBL,2/9/2022,318.2,322.0,317.1,317.5,-0.16,31194.0,284.0,205.0
MBL,2/10/2022,318.0,321.0,316.0,317.5,0.0,68488.0,284.0,205.0
MBL,2/13/2022,312.0,315.0,306.5,310.1,-2.33,100671.0,284.0,205.0
MBL,2/14/2022,306.1,313.0,306.1,310.0,-0.03,62480.0,284.0,205.0
MBL,2/15/2022,315.0,315.0,307.0,313.1,1.0,38075.0,284.0,205.0
MBL,2/16/2022,318.7,318.7,308.1,308.5,-1.47,39481.0,284.0,205.0
MBL,2/17/2022,308.0,313.0,307.0,312.3,1.23,72584.0,284.0,205.0
MBL,2/20/2022,306.2,309.0,303.1,306.0,-2.02,51452.0,284.0,205.0
MBL,2/21/2022,312.0,312.0,304.0,310.0,1.31,55581.0,284.0,205.0
MBL,2/22/2022,310.0,315.9,308.0,309.0,-0.32,43071.0,284.0,205.0
MBL,2/23/2022,309.9,309.9,305.5,307.0,-0.65,41764.0,284.0,205.0
MBL,2/24/2022,304.0,307.0,298.1,300.0,-2.28,65757.0,284.0,205.0
MBL,2/27/2022,300.0,303.0,294.0,297.8,-0.73,49320.0,284.0,205.0
MBL,2/28/2022,300.0,301.0,293.2,295.9,-0.64,66596.0,284.0,205.0
MBL,3/2/2022,295.5,300.0,289.7,291.5,-1.49,70145.0,284.0,205.0
MBL,3/6/2022,292.0,295.0,289.2,292.0,0.17,34570.0,284.0,205.0
MBL,3/7/2022,286.2,296.0,286.2,292.0,0.0,39328.0,284.0,205.0
MBL,3/9/2022,290.0,294.0,288.0,290.0,-0.68,54286.0,284.0,205.0
MBL,3/10/2022,287.0,292.0,286.0,292.0,0.69,22260.0,284.0,205.0
MBL,3/13/2022,295.0,305.0,294.0,304.9,4.42,72005.0,284.0,205.0
MBL,3/14/2022,305.0,307.0,303.0,305.1,0.07,16966.0,284.0,205.0
MBL,3/15/2022,304.0,306.0,299.0,302.0,-1.02,45051.0,284.0,205.0
MBL,3/16/2022,302.0,304.0,298.0,298.1,-1.29,25426.0,284.0,205.0
MBL,3/20/2022,304.0,304.0,295.0,295.5,-0.87,17840.0,284.0,205.0
MBL,3/21/2022,293.1,300.0,293.1,298.0,0.85,30919.0,284.0,205.0
MBL,3/22/2022,300.0,302.9,298.2,302.0,1.34,39119.0,284.0,205.0
MBL,3/23/2022,305.0,305.0,297.1,301.0,-0.33,49796.0,284.0,205.0
MBL,3/24/2022,302.0,302.0,294.5,297.3,-1.23,69498.0,284.0,205.0
MBL,3/27/2022,295.0,300.0,289.2,290.1,-2.42,46956.0,284.0,205.0
MBL,3/28/2022,290.0,291.0,285.2,287.0,-1.07,49604.0,284.0,205.0
MBL,3/29/2022,287.2,290.0,284.0,287.0,0.0,28868.0,284.0,205.0
MBL,3/30/2022,289.9,290.0,284.2,287.0,0.0,25767.0,284.0,205.0
MBL,3/31/2022,290.0,291.0,284.0,285.1,-0.66,53241.0,284.0,205.0
MBL,4/3/2022,286.0,286.0,280.0,285.0,-0.04,30563.0,284.0,205.0
MBL,4/4/2022,282.0,285.0,281.0,282.0,-1.05,16605.0,284.0,205.0
MBL,4/5/2022,287.6,287.6,270.0,277.0,-1.77,80132.0,284.0,205.0
MBL,4/6/2022,275.0,277.0,271.5,272.8,-1.52,33557.0,284.0,205.0
MBL,4/7/2022,273.0,281.0,272.0,279.0,2.27,31723.0,284.0,205.0
MBL,4/11/2022,284.5,291.0,272.0,275.0,-1.43,51888.0,284.0,205.0
MBL,4/12/2022,275.1,275.1,268.6,270.0,-1.82,28908.0,284.0,205.0
MBL,4/13/2022,272.0,275.0,269.0,271.2,0.44,39543.0,284.0,205.0
MBL,4/17/2022,276.6,276.6,270.2,272.0,0.29,36428.0,284.0,205.0
MBL,4/18/2022,274.1,274.1,266.6,267.0,-1.84,42260.0,284.0,205.0
MBL,4/19/2022,272.0,272.0,265.0,271.0,1.5,34752.0,284.0,205.0
MBL,4/20/2022,276.4,276.4,270.0,271.0,0.0,39691.0,284.0,205.0
MBL,4/21/2022,276.4,276.4,266.6,274.0,1.11,40062.0,284.0,205.0
MBL,4/24/2022,279.0,291.0,273.5,283.9,3.61,44485.0,284.0,205.0
MBL,4/25/2022,286.0,287.0,278.1,279.0,-1.73,23363.0,284.0,205.0
MBL,4/26/2022,276.0,282.0,276.0,279.0,0.0,27791.0,284.0,205.0
MBL,4/27/2022,281.0,281.0,276.0,280.0,0.36,19375.0,284.0,205.0
MBL,4/28/2022,283.0,283.0,277.0,279.0,-0.36,32157.0,284.0,205.0
MBL,5/2/2022,280.0,280.0,274.4,277.0,-0.72,24412.0,284.0,205.0
MBL,5/4/2022,276.0,280.0,274.1,274.2,-1.01,16007.0,284.0,205.0
MBL,5/5/2022,269.2,273.0,267.0,270.0,-1.53,38360.0,284.0,205.0
MBL,5/8/2022,270.0,273.0,265.0,271.0,0.37,28866.0,284.0,205.0
MBL,5/9/2022,270.0,278.0,270.0,275.1,1.51,21710.0,284.0,205.0
MBL,5/10/2022,279.9,280.0,276.0,279.8,1.71,8983.0,284.0,205.0
MBL,5/11/2022,280.0,282.0,275.3,282.0,0.79,31254.0,284.0,205.0
MBL,5/12/2022,285.0,285.0,281.0,282.0,0.0,10789.0,284.0,205.0
MBL,5/17/2022,280.0,280.0,273.0,274.6,-2.62,11814.0,284.0,205.0
MBL,5/18/2022,270.3,275.0,270.3,275.0,0.15,7501.0,284.0,205.0
MBL,5/19/2022,270.5,275.0,270.3,270.5,-1.64,14044.0,284.0,205.0
MBL,5/20/2022,266.0,275.0,266.0,271.0,0.18,16703.0,284.0,205.0
MBL,5/23/2022,267.6,274.3,266.0,268.5,-0.92,30241.0,284.0,205.0
MBL,5/24/2022,269.0,273.0,268.2,269.0,0.19,19677.0,284.0,205.0
MBL,5/25/2022,273.0,275.9,270.0,272.0,1.12,26086.0,284.0,205.0
MBL,5/26/2022,272.0,275.4,270.1,274.0,0.74,13367.0,284.0,205.0
MBL,5/27/2022,276.0,276.5,272.0,273.0,-0.36,45037.0,284.0,205.0
MBL,5/30/2022,273.0,273.0,268.0,268.0,-1.83,14152.0,284.0,205.0
MBL,5/31/2022,265.0,271.0,264.0,267.7,-0.11,54364.0,284.0,205.0
MBL,6/1/2022,267.0,270.0,265.2,267.0,-0.26,9671.0,284.0,205.0
MBL,6/2/2022,267.0,270.0,264.6,264.6,-0.9,16550.0,284.0,205.0
MBL,6/3/2022,263.8,267.0,258.0,261.0,-1.36,107468.0,284.0,205.0
MBL,6/6/2022,263.0,263.5,256.2,258.0,-1.15,23805.0,284.0,205.0
MBL,6/7/2022,258.0,258.0,246.0,246.2,-4.57,40135.0,284.0,205.0
MBL,6/8/2022,250.0,255.8,245.0,252.0,2.36,44113.0,284.0,205.0
MBL,6/9/2022,255.0,256.0,248.0,250.0,-0.79,40388.0,284.0,205.0
MBL,6/10/2022,250.0,250.0,242.0,245.6,-1.76,35033.0,284.0,205.0
MBL,6/13/2022,245.6,248.0,243.0,243.1,-1.02,22161.0,284.0,205.0
MBL,6/14/2022,245.0,245.0,235.2,240.0,-1.28,51945.0,284.0,205.0
MBL,6/15/2022,236.0,236.7,230.0,234.0,-2.5,71127.0,284.0,205.0
MBL,6/16/2022,232.0,243.5,229.5,243.5,4.06,31613.0,284.0,205.0
MBL,6/17/2022,239.0,246.0,237.0,239.0,-1.85,55743.0,284.0,205.0
MBL,6/19/2022,241.0,241.0,233.0,233.1,-2.47,29787.0,284.0,205.0
MBL,6/20/2022,230.0,234.0,228.6,230.5,-1.12,45057.0,284.0,205.0
MBL,6/21/2022,228.0,242.0,228.0,238.5,3.47,17649.0,284.0,205.0
MBL,6/22/2022,238.5,239.0,230.3,235.0,-1.47,31016.0,284.0,205.0
MBL,6/23/2022,235.7,235.7,229.3,234.0,-0.43,29024.0,284.0,205.0
MBL,6/24/2022,234.0,237.0,226.0,235.0,0.43,28452.0,284.0,205.0
MBL,6/26/2022,237.0,241.8,235.0,241.8,2.89,44034.0,284.0,205.0
MBL,6/27/2022,246.6,246.6,236.0,236.0,-2.4,20204.0,284.0,205.0
MBL,6/28/2022,238.8,238.8,233.0,234.0,-0.85,7366.0,284.0,205.0
MBL,6/29/2022,236.0,238.0,232.0,236.1,0.9,14582.0,284.0,205.0
MBL,6/30/2022,240.8,242.9,237.0,240.9,2.03,38806.0,284.0,205.0
MBL,7/1/2022,243.0,243.0,236.6,236.6,-1.78,17532.0,284.0,205.0
MBL,7/3/2022,236.0,241.0,236.0,240.2,1.52,32284.0,284.0,205.0
MBL,7/4/2022,243.0,248.0,238.0,243.0,1.17,43920.0,284.0,205.0
MBL,7/5/2022,240.0,242.0,235.0,235.1,-3.25,31733.0,284.0,205.0
MBL,7/6/2022,239.5,239.5,232.1,235.0,-0.04,25023.0,284.0,205.0
MBL,7/7/2022,239.7,244.0,233.0,234.0,-0.43,22855.0,284.0,205.0
MBL,7/8/2022,237.0,237.0,232.0,233.5,-0.21,23312.0,284.0,205.0
MBL,7/11/2022,235.0,235.0,220.0,223.0,-4.5,71393.0,284.0,205.0
MBL,7/12/2022,225.0,227.0,223.0,226.8,1.7,26686.0,284.0,205.0
MBL,7/13/2022,229.0,230.0,223.0,230.0,1.41,23340.0,284.0,205.0
MBL,7/14/2022,232.0,235.0,228.5,234.0,1.74,40069.0,284.0,205.0
MBL,7/15/2022,236.0,254.0,232.0,254.0,8.55,55018.0,284.0,205.0
MBL,7/17/2022,249.0,249.0,239.0,248.7,-2.09,39685.0,284.0,205.0
MBL,7/18/2022,249.7,249.7,244.0,247.0,-0.68,20088.0,284.0,205.0
MBL,7/19/2022,248.8,248.8,245.0,246.2,-0.32,33597.0,284.0,205.0
MBL,7/20/2022,251.0,251.0,244.0,247.0,0.32,9587.0,284.0,205.0
MBL,7/21/2022,242.6,250.0,240.0,244.3,-1.09,25577.0,284.0,205.0
MBL,7/22/2022,241.0,248.0,240.1,242.0,-0.94,13380.0,284.0,205.0
MBL,7/24/2022,246.8,252.7,245.0,248.0,2.48,33250.0,284.0,205.0
MBL,7/25/2022,250.0,253.9,246.0,253.0,2.02,61920.0,284.0,205.0
MBL,7/26/2022,252.9,252.9,245.0,250.0,-1.19,33536.0,284.0,205.0
MBL,7/27/2022,250.0,250.0,244.0,246.0,-1.6,19392.0,284.0,205.0
MBL,7/28/2022,246.0,250.0,243.2,244.0,-0.81,54011.0,284.0,205.0
MBL,7/29/2022,245.0,246.0,242.0,244.0,0.0,9136.0,284.0,205.0
MBL,7/31/2022,246.0,257.0,244.0,256.0,4.92,105087.0,284.0,205.0
MBL,8/1/2022,261.0,264.0,256.0,260.0,1.56,69646.0,284.0,205.0
MBL,8/2/2022,255.0,262.0,255.0,260.6,0.23,33387.0,284.0,205.0
MBL,8/3/2022,261.0,261.9,255.0,256.0,-1.77,43281.0,284.0,205.0
MBL,8/4/2022,251.0,259.9,247.0,253.0,-1.17,42789.0,284.0,205.0
MBL,8/5/2022,250.0,250.0,243.0,249.0,-1.58,26655.0,284.0,205.0
MBL,8/7/2022,246.0,250.0,242.0,250.0,0.4,31036.0,284.0,205.0
MBL,8/8/2022,250.0,250.0,242.3,242.6,-2.96,16389.0,284.0,205.0
MBL,8/9/2022,244.0,244.8,238.5,238.5,-1.69,34664.0,284.0,205.0
MBL,8/10/2022,236.0,241.0,235.0,236.0,-1.05,28967.0,284.0,205.0
MBL,8/11/2022,235.0,238.0,230.3,232.0,-1.69,35278.0,284.0,205.0
MBL,8/14/2022,230.3,235.0,229.0,230.8,-0.52,28185.0,284.0,205.0
MBL,8/15/2022,230.5,234.9,226.5,232.5,0.74,25907.0,284.0,205.0
MBL,8/16/2022,233.0,236.9,230.0,231.0,-0.65,54622.0,284.0,205.0
MBL,8/17/2022,233.0,233.9,230.0,230.1,-0.39,28118.0,284.0,205.0
MBL,8/18/2022,234.0,234.0,229.3,230.0,-0.04,35680.0,284.0,205.0
MBL,8/21/2022,233.0,234.0,229.2,229.5,-0.22,30124.0,284.0,205.0
MBL,8/22/2022,227.4,231.0,227.0,230.0,0.22,27140.0,284.0,205.0
MBL,8/23/2022,233.0,233.0,228.7,229.0,-0.43,14805.0,284.0,205.0
MBL,8/24/2022,229.0,233.4,229.0,230.1,0.48,18947.0,284.0,205.0
MBL,8/25/2022,231.0,234.0,229.1,230.0,-0.04,16756.0,284.0,205.0
MBL,8/26/2022,231.7,231.7,227.1,227.1,-1.26,15278.0,284.0,205.0
MBL,8/28/2022,227.0,228.9,222.5,225.0,-0.92,48888.0,284.0,205.0
MBL,8/29/2022,224.0,224.7,222.0,223.0,-0.89,13511.0,284.0,205.0
MBL,8/30/2022,225.0,225.0,222.0,222.8,-0.09,22937.0,284.0,205.0
MBL,8/31/2022,222.4,222.4,220.0,220.5,-1.03,26244.0,284.0,205.0
MBL,9/1/2022,217.1,220.0,217.0,219.9,-0.27,35691.0,284.0,205.0
MBL,9/2/2022,222.0,222.0,218.0,220.0,0.05,13107.0,284.0,205.0
MBL,9/4/2022,221.0,225.1,220.0,222.9,1.32,8420.0,284.0,205.0
MBL,9/5/2022,220.0,224.0,220.0,221.5,-0.63,6892.0,284.0,205.0
MBL,9/6/2022,223.9,224.0,219.8,220.0,-0.68,22435.0,284.0,205.0
MBL,9/7/2022,220.0,220.0,218.0,219.0,-0.45,14047.0,284.0,205.0
MBL,9/8/2022,220.0,221.0,219.0,220.1,0.5,17997.0,284.0,205.0
MBL,9/11/2022,222.0,223.0,220.0,220.5,0.18,12633.0,284.0,205.0
MBL,9/12/2022,221.9,222.1,217.1,222.1,0.73,20891.0,284.0,205.0
MBL,9/13/2022,222.8,227.0,220.0,224.0,0.86,9340.0,284.0,205.0
MBL,9/14/2022,225.0,228.0,223.1,227.9,1.74,14466.0,284.0,205.0
MBL,9/15/2022,227.0,227.4,219.5,220.0,-3.47,22332.0,284.0,205.0
MBL,9/16/2022,217.0,220.0,216.1,217.5,-1.14,11747.0,284.0,205.0
MBL,9/18/2022,217.0,219.0,216.0,216.0,-0.69,14224.0,284.0,205.0
MBL,9/20/2022,215.0,218.0,212.0,214.4,-0.74,19126.0,284.0,205.0
MBL,9/21/2022,217.8,217.9,213.0,213.0,-0.65,15778.0,284.0,205.0
MBL,9/22/2022,211.0,215.0,211.0,213.5,0.23,9714.0,284.0,205.0
MBL,9/25/2022,211.0,213.0,210.0,211.0,-1.17,24078.0,284.0,205.0
MBL,9/27/2022,213.0,220.9,211.0,218.0,3.32,17891.0,284.0,205.0
MBL,9/28/2022,219.0,220.0,216.0,219.0,0.46,2054.0,284.0,205.0
MBL,9/29/2022,219.2,224.9,219.0,224.1,2.33,14098.0,284.0,205.0
MBL,10/9/2022,225.0,228.0,223.1,225.0,0.4,18932.0,284.0,205.0
MBL,10/10/2022,225.0,226.9,218.0,218.0,-3.11,29112.0,284.0,205.0
MBL,10/11/2022,218.0,223.0,216.0,219.4,0.64,23599.0,284.0,205.0
MBL,10/12/2022,220.0,222.0,218.1,220.0,0.27,6697.0,284.0,205.0
MBL,10/13/2022,220.0,221.3,219.0,220.9,0.41,11788.0,284.0,205.0
MBL,10/16/2022,217.2,219.0,217.2,217.5,-1.54,10386.0,284.0,205.0
MBL,10/17/2022,221.0,227.0,219.0,223.0,2.53,20664.0,284.0,205.0
MBL,10/19/2022,227.0,227.0,218.0,218.0,-2.24,27621.0,284.0,205.0
MBL,10/20/2022,220.0,221.0,218.0,219.0,0.46,8282.0,284.0,205.0
MBL,10/23/2022,219.0,222.7,219.0,222.5,1.6,9947.0,284.0,205.0
MBL,10/31/2022,222.0,226.0,221.0,223.0,0.22,22933.0,284.0,205.0
MBL,11/1/2022,227.0,235.6,221.0,232.0,4.04,21208.0,284.0,205.0
MBL,11/2/2022,236.0,236.0,226.0,229.0,-1.29,26194.0,284.0,205.0
MBL,11/3/2022,228.0,230.0,226.0,227.0,-0.87,16280.0,284.0,205.0
MBL,11/6/2022,223.2,230.0,223.1,229.0,0.88,13397.0,284.0,205.0
MBL,11/7/2022,229.0,231.0,225.0,228.9,-0.04,18518.0,284.0,205.0
MBL,11/8/2022,226.0,227.0,224.9,224.9,-1.75,11240.0,284.0,205.0
MBL,11/9/2022,225.0,227.7,222.3,223.0,-0.84,16370.0,284.0,205.0
MBL,11/10/2022,226.0,226.0,219.0,220.0,-1.35,43355.0,284.0,205.0
MBL,11/13/2022,224.0,224.4,216.4,217.5,-1.14,10775.0,284.0,205.0
MBL,11/14/2022,220.0,220.0,216.8,217.0,-0.23,15734.0,284.0,205.0
MBL,11/15/2022,220.0,221.0,217.5,218.3,0.6,7573.0,284.0,205.0
MBL,11/16/2022,219.0,220.9,217.5,220.0,0.78,11572.0,284.0,205.0
MBL,11/17/2022,224.4,228.0,221.4,223.9,1.77,14275.0,284.0,205.0
MBL,11/22/2022,228.3,229.5,220.5,220.5,-1.52,5512.0,284.0,205.0
MBL,11/23/2022,220.0,220.0,216.0,218.5,-0.91,15991.0,284.0,205.0
MBL,11/24/2022,218.5,221.8,218.5,220.9,1.1,6773.0,284.0,205.0
MBL,11/27/2022,220.0,225.0,217.6,224.0,1.4,26892.0,284.0,205.0
MBL,11/28/2022,223.0,225.0,221.0,222.0,-0.89,3697.0,284.0,205.0
MBL,11/29/2022,218.0,223.8,218.0,222.4,0.18,13225.0,284.0,205.0
MBL,11/30/2022,226.0,226.0,220.0,221.2,-0.54,15849.0,284.0,205.0
MBL,12/1/2022,218.0,223.2,218.0,223.2,0.9,13520.0,284.0,205.0
MBL,12/4/2022,221.0,226.8,221.0,224.2,0.45,10462.0,284.0,205.0
MBL,12/5/2022,225.8,226.0,220.2,222.0,-0.98,19096.0,284.0,205.0
MBL,12/6/2022,218.1,222.5,218.1,221.0,-0.45,11315.0,284.0,205.0
MBL,12/7/2022,221.0,221.0,219.0,220.0,-0.45,11732.0,284.0,205.0
MBL,12/11/2022,218.0,220.0,217.1,218.0,-0.91,11124.0,284.0,205.0
MBL,12/12/2022,217.0,218.0,211.0,214.0,-1.83,59947.0,284.0,205.0
MBL,12/13/2022,214.0,215.0,210.1,214.0,0.0,21300.0,284.0,205.0
MBL,12/14/2022,217.0,217.0,210.1,212.9,-0.51,10595.0,284.0,205.0
MBL,12/15/2022,210.1,211.9,209.1,211.0,-0.89,16137.0,284.0,205.0
MBL,12/18/2022,206.8,208.5,199.0,205.0,-2.84,36529.0,284.0,205.0
MBL,12/19/2022,209.0,209.0,204.0,204.0,-0.49,25349.0,284.0,205.0
MBL,12/20/2022,200.3,211.9,200.3,206.5,1.23,23172.0,284.0,205.0
MBL,12/21/2022,208.9,210.1,206.1,206.5,0.0,26068.0,284.0,205.0
MBL,12/22/2022,208.0,211.8,205.5,211.8,2.57,35248.0,284.0,205.0
MBL,12/26/2022,214.0,218.0,209.1,216.2,2.08,26812.0,284.0,205.0
MBL,12/27/2022,219.0,223.9,219.0,223.9,3.56,43431.0,284.0,205.0
MBL,12/28/2022,220.1,223.0,218.0,222.0,-0.85,13938.0,284.0,205.0
MBL,12/29/2022,220.0,229.0,219.0,229.0,3.15,35371.0,284.0,205.0
MBL,1/1/2023,229.9,233.5,225.6,227.0,-0.87,43741.0,284.0,205.0
MBL,1/2/2023,223.0,234.0,223.0,230.0,1.32,27806.0,284.0,205.0
MBL,1/3/2023,234.0,235.0,227.4,235.0,2.17,33576.0,284.0,205.0
MBL,1/4/2023,230.3,236.5,230.3,236.4,0.6,43842.0,284.0,205.0
MBL,1/5/2023,238.0,241.0,235.0,239.9,1.48,56406.0,284.0,205.0
MBL,1/8/2023,238.0,242.7,236.7,241.3,0.58,38893.0,284.0,205.0
MBL,1/9/2023,241.0,255.0,238.6,254.0,5.26,71574.0,284.0,205.0
MBL,1/10/2023,259.0,264.9,253.0,253.0,-0.39,114667.0,284.0,205.0
MBL,1/12/2023,253.0,268.0,244.6,249.5,-1.38,63925.0,284.0,205.0
MBL,1/17/2023,252.0,252.0,244.5,247.0,-1.0,37990.0,284.0,205.0
MBL,1/18/2023,247.0,251.0,245.0,247.6,0.24,35934.0,284.0,205.0
MBL,1/19/2023,252.5,252.5,244.1,247.0,-0.24,53738.0,284.0,205.0
MBL,1/23/2023,251.0,258.8,247.4,248.0,0.4,69434.0,284.0,205.0
MBL,1/24/2023,246.0,249.5,245.0,247.5,-0.2,29242.0,284.0,205.0
MBL,1/25/2023,251.0,252.0,246.1,247.0,-0.2,45450.0,284.0,205.0
MBL,1/26/2023,251.9,251.9,242.6,245.0,-0.81,30892.0,284.0,205.0
MBL,1/29/2023,249.0,249.0,242.0,243.0,-0.82,19087.0,284.0,205.0
MBL,1/30/2023,242.0,242.0,237.0,238.0,-2.06,37140.0,284.0,205.0
MBL,1/31/2023,236.0,239.0,234.1,236.3,-0.71,32641.0,284.0,205.0
MBL,2/1/2023,237.0,238.0,233.0,234.1,-0.93,25358.0,284.0,205.0
MBL,2/2/2023,238.7,238.7,233.0,235.0,0.38,43768.0,284.0,205.0
MBL,2/5/2023,238.0,239.0,234.5,234.5,-0.21,20081.0,284.0,205.0
MBL,2/6/2023,238.7,248.0,233.0,243.0,3.62,40958.0,284.0,205.0
MBL,2/7/2023,245.0,247.5,240.2,247.5,1.85,31098.0,284.0,205.0
MBL,2/8/2023,249.0,254.0,245.0,249.4,0.77,85833.0,284.0,205.0
MBL,2/9/2023,249.0,250.0,245.0,249.5,0.04,31323.0,284.0,205.0
MBL,2/12/2023,250.0,250.0,235.0,239.1,-4.17,35128.0,284.0,205.0
MBL,2/14/2023,243.0,243.0,236.2,236.7,-1.0,14119.0,284.0,205.0
MBL,2/15/2023,240.0,240.0,232.6,233.0,-1.56,39752.0,284.0,205.0
MBL,2/16/2023,233.0,233.0,230.0,232.0,-0.43,31037.0,284.0,205.0
MBL,2/20/2023,227.7,233.0,227.7,232.0,0.0,24000.0,284.0,205.0
MBL,2/22/2023,236.0,240.7,232.3,232.4,0.17,23653.0,284.0,205.0
MBL,2/23/2023,229.0,234.6,228.0,231.9,-0.22,39632.0,284.0,205.0
MBL,2/26/2023,228.0,230.9,226.5,229.0,-1.25,30157.0,284.0,205.0
MBL,2/27/2023,228.0,233.0,228.0,233.0,1.75,18732.0,284.0,205.0
MBL,2/28/2023,235.9,235.9,230.0,231.0,-0.86,24633.0,284.0,205.0
MBL,3/1/2023,235.0,239.0,228.0,230.0,-0.43,12070.0,284.0,205.0
MBL,3/2/2023,232.0,232.0,227.6,228.0,-0.87,33877.0,284.0,205.0
MBL,3/5/2023,232.0,232.0,225.0,229.0,0.44,20255.0,284.0,205.0
MBL,3/7/2023,227.0,231.5,226.0,230.0,0.44,20180.0,284.0,205.0
MBL,3/9/2023,234.0,234.0,229.0,232.7,1.17,22862.0,284.0,205.0
MBL,3/12/2023,232.0,232.7,226.0,229.0,-1.59,26504.0,284.0,205.0
MBL,3/13/2023,225.0,229.9,225.0,227.0,-0.87,19726.0,284.0,205.0
MBL,3/14/2023,225.0,229.0,225.0,227.9,0.4,15816.0,284.0,205.0
MBL,3/15/2023,232.0,232.0,223.0,226.5,-0.61,25487.0,284.0,205.0
MBL,3/16/2023,230.0,230.0,223.5,226.0,-0.22,14480.0,284.0,205.0
MBL,3/19/2023,223.1,228.5,223.1,224.0,-0.88,20727.0,284.0,205.0
MBL,3/20/2023,227.0,227.0,223.2,224.0,0.0,25501.0,284.0,205.0
MBL,3/22/2023,228.2,228.2,220.1,222.0,-0.89,30212.0,284.0,205.0
MBL,3/23/2023,221.0,224.0,217.6,222.9,0.41,24176.0,284.0,205.0
MBL,3/26/2023,227.2,227.2,218.0,222.0,-0.4,37285.0,284.0,205.0
MBL,3/27/2023,218.2,224.9,217.7,221.8,-0.09,25761.0,284.0,205.0
MBL,3/28/2023,222.0,223.9,221.0,221.8,0.0,38791.0,284.0,205.0
MBL,3/29/2023,223.9,223.9,220.0,221.9,0.05,16242.0,284.0,205.0
MBL,3/30/2023,218.0,222.5,218.0,218.8,-1.4,4091.0,284.0,205.0
MBL,4/2/2023,217.1,222.0,217.1,218.8,0.0,15801.0,284.0,205.0
MBL,4/3/2023,223.0,223.0,216.3,216.9,-0.87,11349.0,284.0,205.0
MBL,4/4/2023,221.0,221.0,214.9,216.8,-0.05,13028.0,284.0,205.0
MBL,4/5/2023,216.0,218.0,215.0,215.8,-0.46,32182.0,284.0,205.0
MBL,4/6/2023,219.9,219.9,215.0,215.2,-0.28,27758.0,284.0,205.0
MBL,4/9/2023,215.0,223.0,214.0,216.0,0.37,17976.0,284.0,205.0
MBL,4/10/2023,220.0,220.0,216.0,217.3,0.6,30994.0,284.0,205.0
MBL,4/11/2023,221.6,224.0,218.0,224.0,3.08,21777.0,284.0,205.0
MBL,4/12/2023,227.0,242.0,226.0,242.0,8.04,38812.0,284.0,205.0
MBL,4/13/2023,246.0,246.0,233.0,233.0,-3.72,73627.0,284.0,205.0
MBL,4/16/2023,233.0,236.5,230.1,232.4,-0.26,15160.0,284.0,205.0
MBL,4/17/2023,234.0,234.0,222.5,225.0,-3.18,118193.0,284.0,205.0
MBL,4/18/2023,226.1,227.0,223.1,224.0,-0.44,19902.0,284.0,205.0
MBL,4/19/2023,228.4,231.5,226.5,227.1,1.38,7514.0,284.0,205.0
MBL,4/20/2023,231.0,235.0,224.0,226.0,-0.48,21908.0,284.0,205.0
MBL,4/23/2023,229.0,229.0,221.7,223.5,-1.11,24935.0,284.0,205.0
MBL,4/24/2023,220.0,224.9,220.0,220.0,-1.57,26744.0,284.0,205.0
MBL,4/25/2023,220.0,229.7,220.0,229.0,4.09,16250.0,284.0,205.0
MBL,4/26/2023,231.8,232.0,225.0,225.0,-1.75,16400.0,284.0,205.0
MBL,4/27/2023,225.0,229.0,224.3,227.0,0.89,10639.0,284.0,205.0
MBL,4/30/2023,225.0,227.0,223.0,224.0,-1.32,21042.0,284.0,205.0
MBL,5/2/2023,221.0,227.0,221.0,222.9,-0.49,16678.0,284.0,205.0
MBL,5/3/2023,220.8,227.0,220.8,227.0,1.84,13145.0,284.0,205.0
MBL,5/4/2023,230.6,230.6,225.0,228.0,0.44,13350.0,284.0,205.0
MBL,5/7/2023,228.0,229.9,224.1,225.0,-1.32,16356.0,284.0,205.0
MBL,5/8/2023,228.0,228.0,223.5,226.0,0.44,25421.0,284.0,205.0
MBL,5/9/2023,229.8,230.4,225.3,230.4,1.95,26751.0,284.0,205.0
MBL,5/10/2023,228.1,231.9,227.0,229.0,-0.61,24705.0,284.0,205.0
MBL,5/11/2023,229.0,232.0,227.0,230.0,0.44,11554.0,284.0,205.0
MBL,5/14/2023,229.0,229.0,225.5,226.0,-1.74,11307.0,284.0,205.0
MBL,5/15/2023,229.9,229.9,225.2,226.5,0.22,13140.0,284.0,205.0
MBL,5/16/2023,226.0,231.0,225.0,227.0,0.22,14502.0,284.0,205.0
MBL,5/17/2023,225.5,229.9,225.4,229.2,0.97,10679.0,284.0,205.0
MBL,5/18/2023,232.0,232.3,228.7,231.0,0.79,18823.0,284.0,205.0
MBL,5/21/2023,233.5,234.0,228.6,232.0,0.43,26179.0,284.0,205.0
MBL,5/22/2023,229.0,232.0,229.0,231.8,-0.09,9381.0,284.0,205.0
MBL,5/23/2023,233.0,237.5,230.0,236.4,1.98,27875.0,284.0,205.0
MBL,5/24/2023,236.0,244.0,234.5,237.0,0.25,21148.0,284.0,205.0
MBL,5/28/2023,239.0,240.0,235.4,236.2,-0.34,53897.0,284.0,205.0
MBL,5/30/2023,236.1,236.1,226.0,227.5,-3.68,34201.0,284.0,205.0
MBL,5/31/2023,227.0,229.0,224.2,225.0,-1.1,23949.0,284.0,205.0
MBL,6/1/2023,224.0,243.9,224.0,231.0,2.67,15427.0,284.0,205.0
MBL,6/4/2023,228.0,236.0,228.0,232.0,0.43,12228.0,284.0,205.0
MBL,6/5/2023,232.0,235.5,230.0,231.7,-0.13,15338.0,284.0,205.0
MBL,6/6/2023,232.0,234.6,228.4,230.5,-0.52,23891.0,284.0,205.0
MBL,6/7/2023,232.0,234.0,228.2,229.0,-0.65,15907.0,284.0,205.0
MBL,6/8/2023,226.3,229.0,226.3,228.0,-0.44,15148.0,284.0,205.0
MBL,6/11/2023,232.0,232.0,226.0,231.0,1.32,20134.0,284.0,205.0
MBL,6/12/2023,231.0,233.3,228.0,229.7,-0.56,26907.0,284.0,205.0
MBL,6/13/2023,225.5,233.9,225.5,231.0,0.57,42529.0,284.0,205.0
MBL,6/14/2023,231.0,241.0,230.0,233.5,1.08,37587.0,284.0,205.0
MBL,6/15/2023,238.0,238.0,233.3,234.9,0.6,33448.0,284.0,205.0
MBL,6/18/2023,231.1,236.0,231.1,236.0,0.47,43881.0,284.0,205.0
MBL,6/19/2023,240.0,240.7,233.0,234.3,-0.72,32795.0,284.0,205.0
MBL,6/20/2023,236.2,237.1,231.5,232.0,-0.98,54490.0,284.0,205.0
MBL,6/21/2023,230.3,234.4,230.1,230.1,-0.82,47446.0,284.0,205.0
MBL,6/22/2023,230.1,232.0,226.3,230.0,-0.04,33910.0,284.0,205.0
MBL,6/25/2023,226.3,236.0,226.3,233.0,1.3,78737.0,284.0,205.0
MBL,6/26/2023,234.7,236.9,232.0,236.0,1.29,63038.0,284.0,205.0
MBL,6/27/2023,239.7,246.6,236.0,246.0,4.24,125464.0,284.0,205.0
MBL,6/28/2023,248.7,250.8,240.3,242.0,-1.63,42946.0,284.0,205.0
MBL,7/2/2023,240.0,242.0,233.1,234.0,-3.31,70415.0,284.0,205.0
MBL,7/3/2023,231.5,235.0,229.0,233.0,-0.43,35731.0,284.0,205.0
MBL,7/4/2023,230.6,232.1,228.6,231.1,-0.82,49081.0,284.0,205.0
MBL,7/5/2023,234.0,234.0,224.9,225.9,-2.25,49319.0,284.0,205.0
MBL,7/6/2023,224.0,228.9,223.0,225.0,-0.4,53945.0,284.0,205.0
MBL,7/9/2023,229.5,231.0,227.1,229.9,2.18,36969.0,284.0,205.0
MBL,7/10/2023,228.0,230.0,227.1,228.9,-0.43,23357.0,284.0,205.0
MBL,7/11/2023,232.8,232.8,224.9,227.4,-0.66,35750.0,284.0,205.0
MBL,7/12/2023,229.0,231.0,227.2,229.1,0.75,27332.0,284.0,205.0
MBL,7/13/2023,230.0,233.6,228.2,228.2,-0.39,32599.0,284.0,205.0
MBL,7/16/2023,227.0,232.7,227.0,231.8,1.58,35728.0,284.0,205.0
MBL,7/17/2023,236.3,244.0,232.1,241.2,4.06,47648.0,284.0,205.0
MBL,7/18/2023,246.0,248.9,238.0,244.2,1.24,87521.0,284.0,205.0
MBL,7/19/2023,241.1,256.0,237.4,254.0,4.01,127311.0,284.0,205.0
MBL,7/20/2023,258.0,258.0,250.0,253.9,-0.04,93051.0,284.0,205.0
MBL,7/23/2023,255.0,272.0,251.0,265.0,4.37,158856.0,284.0,205.0
MBL,7/24/2023,265.5,267.0,256.1,256.8,-3.09,128760.0,284.0,205.0
MBL,7/25/2023,252.1,257.1,248.0,252.0,-1.87,57467.0,284.0,205.0
MBL,7/26/2023,257.0,257.0,247.0,254.5,0.99,74454.0,284.0,205.0
MBL,7/27/2023,254.5,256.8,251.2,251.2,-1.3,88428.0,284.0,205.0
MBL,7/30/2023,252.0,255.0,247.5,250.0,-0.48,61134.0,284.0,205.0
MBL,7/31/2023,251.0,254.0,247.0,253.8,1.52,68767.0,284.0,205.0
MBL,8/1/2023,250.0,257.6,250.0,252.8,-0.39,44354.0,284.0,205.0
MBL,8/2/2023,257.8,264.0,255.9,260.4,3.01,176206.0,284.0,205.0
MBL,8/3/2023,264.0,265.4,259.2,260.5,0.04,118909.0,284.0,205.0
MBL,8/6/2023,265.0,271.0,258.5,260.0,-0.19,169796.0,284.0,205.0
MBL,8/7/2023,262.0,262.9,254.0,262.0,0.77,86391.0,284.0,205.0
MBL,8/8/2023,266.7,266.7,257.0,260.0,-0.76,68186.0,284.0,205.0
MBL,8/9/2023,260.0,262.0,258.0,260.6,0.23,64047.0,284.0,205.0
MBL,8/10/2023,260.1,268.0,258.0,267.5,2.65,161627.0,284.0,205.0
MBL,8/13/2023,268.0,280.0,265.0,279.3,4.41,293463.0,284.0,205.0
MBL,8/14/2023,273.8,282.0,273.8,279.0,-0.11,234556.0,284.0,205.0
MBL,8/15/2023,280.0,283.0,275.1,275.9,-1.11,107569.0,284.0,205.0
MBL,8/16/2023,275.0,275.9,270.5,272.0,-1.41,105875.0,284.0,205.0
MBL,8/17/2023,272.1,278.7,272.1,276.0,1.47,92245.0,284.0,205.0
MBL,8/20/2023,274.1,280.0,274.1,278.0,0.72,90930.0,284.0,205.0
MBL,8/21/2023,277.0,279.0,275.1,278.0,0.0,67927.0,284.0,205.0
MBL,8/22/2023,277.0,279.0,274.6,275.4,-0.94,104300.0,284.0,205.0
MBL,8/23/2023,278.0,278.4,275.0,276.0,0.22,68711.0,284.0,205.0
MBL,8/24/2023,278.0,278.0,272.2,275.0,-0.36,89986.0,284.0,205.0
MBL,8/27/2023,274.0,274.0,264.9,265.2,-3.56,147809.0,284.0,205.0
MBL,8/28/2023,269.0,279.0,264.0,274.0,3.32,76844.0,284.0,205.0
MBL,8/29/2023,268.6,275.0,263.4,275.0,0.36,135005.0,284.0,205.0
MBL,8/30/2023,275.0,280.0,270.0,275.9,0.33,362536.0,284.0,205.0
MBL,9/3/2023,279.0,279.0,268.0,268.2,-2.79,129734.0,284.0,205.0
MBL,9/4/2023,269.0,271.0,263.1,266.0,-0.82,61885.0,284.0,205.0
MBL,9/5/2023,268.3,268.3,264.0,264.1,-0.71,40400.0,284.0,205.0
MBL,9/7/2023,264.0,264.5,260.0,261.0,-1.17,61791.0,284.0,205.0
MBL,9/10/2023,259.0,262.0,259.0,259.2,-0.69,163996.0,284.0,205.0
MBL,9/11/2023,262.0,265.0,259.0,264.0,1.85,127028.0,284.0,205.0
MBL,9/12/2023,268.9,268.9,263.4,264.0,0.0,56953.0,284.0,205.0
MBL,9/13/2023,268.0,270.0,264.2,269.0,1.89,82915.0,284.0,205.0
MBL,9/17/2023,271.9,272.0,266.6,268.0,-0.37,167160.0,284.0,205.0
MBL,9/18/2023,268.0,270.0,265.1,266.0,-0.75,75120.0,284.0,205.0
MBL,9/19/2023,267.9,267.9,264.6,265.0,-0.38,96078.0,284.0,205.0
MBL,9/21/2023,269.0,271.8,266.0,267.9,1.09,254313.0,284.0,205.0
MBL,9/24/2023,270.0,271.0,261.9,263.6,-1.61,500693.0,284.0,205.0
MBL,9/25/2023,233.0,235.0,223.1,225.0,-14.64,96624.0,284.0,205.0
MBL,9/26/2023,225.1,226.0,220.5,222.0,-1.33,48736.0,284.0,205.0
MBL,9/27/2023,220.0,221.4,217.0,217.3,-2.12,63373.0,284.0,205.0
MBL,10/1/2023,214.1,217.0,212.2,213.0,-1.98,79074.0,284.0,205.0
MBL,10/2/2023,213.0,217.9,212.0,216.0,1.41,44247.0,284.0,205.0
MBL,10/3/2023,216.0,216.0,212.1,213.7,-1.06,36325.0,284.0,205.0
MBL,10/4/2023,213.0,215.0,213.0,214.0,0.14,41762.0,284.0,205.0
MBL,10/5/2023,215.0,215.0,211.5,211.5,-1.17,28025.0,284.0,205.0
MBL,10/8/2023,212.0,214.0,206.0,209.0,-1.18,66954.0,284.0,205.0
MBL,10/9/2023,211.0,211.0,205.2,205.2,-1.82,46419.0,284.0,205.0
MBL,10/10/2023,208.0,208.0,204.2,205.0,-0.1,32672.0,284.0,205.0
MBL,10/11/2023,205.0,207.0,203.9,205.0,0.0,30711.0,284.0,205.0
MBL,10/12/2023,203.0,210.0,200.9,210.0,2.44,73726.0,284.0,205.0
MBL,10/16/2023,210.0,210.0,201.8,204.0,-2.86,37146.0,284.0,205.0
MBL,10/17/2023,205.9,207.0,203.0,207.0,1.47,39292.0,284.0,205.0
MBL,10/18/2023,207.9,208.0,202.6,207.0,0.0,32216.0,284.0,205.0
MBL,10/19/2023,207.0,207.0,199.0,206.1,-0.43,35093.0,284.0,205.0
MBL,10/29/2023,204.0,205.0,201.1,203.6,-1.21,16075.0,284.0,205.0
MBL,10/30/2023,200.1,204.5,199.1,204.0,0.2,13671.0,284.0,205.0
MBL,10/31/2023,204.0,204.0,202.0,202.5,-0.74,7039.0,284.0,205.0
MBL,11/1/2023,205.0,205.0,201.3,201.3,-0.59,40760.0,284.0,205.0
MBL,11/2/2023,202.0,202.9,199.4,199.5,-0.89,41137.0,284.0,205.0
MBL,11/5/2023,202.0,202.0,197.1,197.3,-1.1,46446.0,284.0,205.0
MBL,11/6/2023,201.0,204.0,197.2,200.0,1.37,25625.0,284.0,205.0
MBL,11/7/2023,203.0,203.0,199.1,200.0,0.0,318523.0,284.0,205.0
MBL,11/8/2023,203.0,203.0,196.0,197.2,-1.4,21909.0,284.0,205.0
MBL,11/9/2023,197.2,200.0,197.0,198.0,0.41,14601.0,284.0,205.0
MBL,11/20/2023,200.0,203.0,197.0,197.0,-0.51,24329.0,284.0,205.0
MBL,11/21/2023,198.0,198.0,191.1,191.1,-2.99,36772.0,284.0,205.0
MBL,11/22/2023,194.0,195.8,190.3,192.4,0.68,72428.0,284.0,205.0
MBL,11/23/2023,192.5,195.0,188.6,192.8,0.21,42837.0,284.0,205.0
MBL,11/26/2023,195.0,195.0,192.0,194.0,0.62,51462.0,284.0,205.0
MBL,11/27/2023,194.0,196.0,192.0,192.0,-1.03,36180.0,284.0,205.0
MBL,11/28/2023,192.0,195.0,191.0,192.0,0.0,26516.0,284.0,205.0
MBL,11/29/2023,192.0,195.0,188.0,190.0,-1.04,50024.0,284.0,205.0
MBL,11/30/2023,191.0,193.0,188.0,189.0,-0.53,54016.0,284.0,205.0
MBL,12/3/2023,190.0,190.0,185.3,185.3,-1.96,46596.0,284.0,205.0
MBL,12/4/2023,185.0,187.6,184.0,184.9,-0.22,37416.0,284.0,205.0
MBL,12/5/2023,184.2,187.0,182.0,184.0,-0.49,45434.0,284.0,205.0
MBL,12/6/2023,186.0,186.0,179.0,183.0,-0.54,119216.0,284.0,205.0
MBL,12/7/2023,184.9,184.9,180.0,183.0,0.0,41155.0,284.0,205.0
MBL,12/10/2023,186.6,195.0,185.0,195.0,6.56,22877.0,284.0,205.0
MBL,12/11/2023,195.0,198.5,188.0,192.2,-1.44,99136.0,284.0,205.0
MBL,12/12/2023,190.0,195.0,190.0,190.0,-1.14,79978.0,284.0,205.0
MBL,12/13/2023,192.0,199.0,190.5,197.5,3.95,106140.0,284.0,205.0
MBL,12/14/2023,197.5,201.4,191.1,200.1,1.32,81832.0,284.0,205.0
MBL,12/17/2023,197.3,205.0,195.0,202.4,1.15,86434.0,284.0,205.0
MBL,12/18/2023,202.4,209.6,202.2,209.3,3.41,93593.0,284.0,205.0
MBL,12/19/2023,210.0,214.2,206.8,214.2,2.34,170122.0,284.0,205.0
MBL,12/20/2023,213.0,218.4,213.0,215.5,0.61,78841.0,284.0,205.0
MBL,12/21/2023,214.0,215.9,209.1,209.1,-2.97,77170.0,284.0,205.0
MBL,12/24/2023,210.0,210.1,203.9,203.9,-2.49,85135.0,284.0,205.0
MBL,12/27/2023,205.9,205.9,199.2,199.7,-2.06,78912.0,284.0,205.0
MBL,12/28/2023,198.0,203.8,197.0,200.0,0.15,44479.0,284.0,205.0
MBL,1/1/2024,203.0,203.0,199.0,200.0,0.0,75364.0,284.0,205.0
MBL,1/2/2024,202.9,202.9,196.0,197.0,-1.5,29139.0,284.0,205.0
MBL,1/3/2024,200.9,200.9,196.0,197.0,0.0,49501.0,284.0,205.0
MBL,1/4/2024,197.3,199.0,193.5,194.6,-1.22,59363.0,284.0,205.0
MBL,1/7/2024,195.0,195.9,191.3,192.0,-1.34,48876.0,284.0,205.0
MBL,1/8/2024,195.8,196.7,191.4,196.0,2.08,67148.0,284.0,205.0
MBL,1/9/2024,197.0,199.5,195.4,197.8,0.92,45260.0,284.0,205.0
MBL,1/10/2024,200.0,204.9,198.1,200.0,1.11,100570.0,284.0,205.0
MBL,1/11/2024,202.9,205.0,199.8,203.0,1.5,127986.0,284.0,205.0
MBL,1/14/2024,206.0,206.0,200.0,203.0,0.0,49045.0,284.0,205.0
MBL,1/16/2024,206.0,211.0,203.0,208.5,2.71,120889.0,284.0,205.0
MBL,1/17/2024,208.0,212.5,204.9,206.5,-0.96,133541.0,284.0,205.0
MBL,1/18/2024,205.0,207.0,200.0,204.0,-1.21,76373.0,284.0,205.0
MBL,1/21/2024,200.0,200.0,194.0,196.9,-3.48,187491.0,284.0,205.0
MBL,1/22/2024,196.0,196.6,192.5,195.0,-0.96,89858.0,284.0,205.0
MBL,1/23/2024,195.0,198.9,195.0,195.6,0.31,68955.0,284.0,205.0
MBL,1/24/2024,197.0,198.0,190.9,192.0,-1.84,64577.0,284.0,205.0
MBL,1/25/2024,194.0,194.0,190.3,192.8,0.42,68163.0,284.0,205.0
MBL,1/28/2024,190.0,193.8,190.0,190.5,-1.19,46047.0,284.0,205.0
MBL,1/29/2024,194.3,194.3,189.6,190.0,-0.26,32442.0,284.0,205.0
MBL,1/30/2024,191.4,191.4,188.4,189.3,-0.37,50191.0,284.0,205.0
MBL,1/31/2024,188.5,190.0,185.7,186.0,-1.74,116059.0,284.0,205.0
MBL,2/1/2024,185.0,188.0,182.6,183.0,-1.61,106283.0,284.0,205.0
MBL,2/4/2024,182.0,185.0,180.1,182.9,-0.05,27088.0,284.0,205.0
MBL,2/5/2024,185.0,185.0,181.1,182.1,-0.44,56528.0,284.0,205.0
MBL,2/6/2024,184.0,186.0,181.3,184.8,1.48,54980.0,284.0,205.0
MBL,2/7/2024,186.9,189.0,185.0,185.0,0.11,40659.0,284.0,205.0
MBL,2/8/2024,184.2,186.9,184.2,186.0,0.54,39161.0,284.0,205.0
MBL,2/11/2024,188.0,188.0,182.0,182.5,-1.88,78711.0,284.0,205.0
MBL,2/12/2024,185.9,185.9,182.3,183.6,0.6,21518.0,284.0,205.0
MBL,2/13/2024,183.6,184.9,182.0,182.4,-0.65,36138.0,284.0,205.0
MBL,2/14/2024,184.1,184.1,181.3,182.9,0.27,33594.0,284.0,205.0
MBL,2/15/2024,183.0,184.0,180.1,183.9,0.55,25825.0,284.0,205.0
MBL,2/18/2024,186.0,186.0,180.0,180.8,-1.69,37276.0,284.0,205.0
MBL,2/20/2024,180.5,183.9,180.5,180.6,-0.11,26163.0,284.0,205.0
MBL,2/21/2024,180.0,182.0,177.7,178.0,-1.44,85407.0,284.0,205.0
MBL,2/22/2024,176.0,180.9,176.0,180.0,1.12,29756.0,284.0,205.0
MBL,2/25/2024,180.0,180.0,177.1,178.2,-1.0,23730.0,284.0,205.0
MBL,2/26/2024,180.0,180.0,177.0,180.0,1.01,33443.0,284.0,205.0
MBL,2/27/2024,178.3,181.7,176.4,180.3,0.17,21509.0,284.0,205.0
MBL,2/28/2024,180.0,180.0,177.0,177.1,-1.77,27737.0,284.0,205.0
MBL,2/29/2024,177.5,178.0,176.4,176.8,-0.17,20631.0,284.0,205.0
MBL,3/3/2024,178.0,179.3,174.6,175.5,-0.74,24988.0,284.0,205.0
MBL,3/4/2024,178.1,186.1,178.1,186.1,6.04,2200.0,284.0,205.0
MBL,3/5/2024,187.0,187.0,177.7,179.5,-3.55,26682.0,284.0,205.0
MBL,3/6/2024,181.5,181.9,178.3,179.5,0.0,19818.0,284.0,205.0
MBL,3/7/2024,180.0,182.0,179.5,180.1,0.33,25400.0,284.0,205.0
MBL,3/10/2024,181.9,183.0,179.1,181.8,0.94,87048.0,284.0,205.0
MBL,3/12/2024,183.0,189.4,181.6,187.0,2.86,61487.0,284.0,205.0
MBL,3/13/2024,190.7,193.0,184.0,188.6,0.86,50058.0,284.0,205.0
MBL,3/14/2024,190.0,190.0,185.2,187.0,-0.85,30995.0,284.0,205.0
MBL,3/17/2024,185.0,188.0,182.0,182.9,-2.19,45830.0,284.0,205.0
MBL,3/18/2024,182.1,184.6,180.9,184.0,0.6,30646.0,284.0,205.0
MBL,3/19/2024,184.0,185.2,181.6,183.5,-0.27,21550.0,284.0,205.0
MBL,3/20/2024,186.9,186.9,179.9,182.7,-0.44,25313.0,284.0,205.0
MBL,3/21/2024,183.9,183.9,180.1,182.0,-0.38,44208.0,284.0,205.0
MBL,3/25/2024,179.0,181.0,179.0,179.3,-1.48,18570.0,284.0,205.0
MBL,3/26/2024,180.0,180.0,178.0,178.0,-0.73,51890.0,284.0,205.0
MBL,3/27/2024,178.0,179.0,175.5,177.9,-0.06,45264.0,284.0,205.0
MBL,3/28/2024,175.6,177.9,175.5,177.7,-0.11,16199.0,284.0,205.0
MBL,3/31/2024,177.3,177.9,174.0,175.0,-1.52,53301.0,284.0,205.0
MBL,4/1/2024,175.0,176.6,172.3,173.9,-0.63,45514.0,284.0,205.0
MBL,4/2/2024,176.0,176.0,172.0,174.0,0.06,10839.0,284.0,205.0
MBL,4/3/2024,177.0,177.0,172.0,173.1,-0.52,20232.0,284.0,205.0
MBL,4/4/2024,173.0,174.0,171.2,172.0,-0.64,27206.0,284.0,205.0
MBL,4/7/2024,172.0,174.0,171.3,173.5,0.87,19962.0,284.0,205.0
MBL,4/9/2024,174.0,176.0,170.4,172.2,-0.75,38996.0,284.0,205.0
MBL,4/10/2024,171.2,178.5,171.2,175.1,1.68,33561.0,284.0,205.0
MBL,4/14/2024,175.5,175.5,170.1,174.0,-0.63,40715.0,284.0,205.0
MBL,4/15/2024,172.8,173.6,170.1,171.1,-1.67,32429.0,284.0,205.0
MBL,4/16/2024,170.1,172.8,170.1,171.5,0.23,18575.0,284.0,205.0
MBL,4/18/2024,172.9,172.9,169.0,171.0,-0.29,48692.0,284.0,205.0
MBL,4/21/2024,168.8,170.0,165.4,167.6,-1.99,27726.0,284.0,205.0
MBL,4/22/2024,170.0,170.0,164.3,166.0,-0.95,13511.0,284.0,205.0
MBL,4/24/2024,169.2,169.2,162.7,165.5,-0.3,80506.0,284.0,205.0
MBL,4/25/2024,165.0,165.0,162.3,165.0,-0.3,71791.0,284.0,205.0
MBL,4/28/2024,167.4,167.4,161.0,165.8,0.48,48177.0,284.0,205.0
MBL,4/29/2024,165.5,168.0,164.0,168.0,1.33,35062.0,284.0,205.0
MBL,4/30/2024,168.0,171.0,165.0,171.0,1.79,37719.0,284.0,205.0
MBL,5/2/2024,174.4,174.4,165.4,166.3,-2.75,27750.0,284.0,205.0
MBL,5/5/2024,164.5,166.0,162.0,163.9,-1.44,33784.0,284.0,205.0
MBL,5/6/2024,161.1,163.5,160.0,162.8,-0.67,26753.0,284.0,205.0
MBL,5/7/2024,165.6,165.6,160.0,160.9,-1.17,18761.0,284.0,205.0
MBL,5/8/2024,160.0,161.9,158.0,159.5,-0.87,32743.0,284.0,205.0
MBL,5/9/2024,158.0,163.9,157.8,162.0,1.57,25124.0,284.0,205.0
MBL,5/12/2024,165.2,165.2,158.9,161.7,-0.19,21767.0,284.0,205.0
MBL,5/13/2024,158.9,172.0,158.8,171.0,5.75,67855.0,284.0,205.0
MBL,5/14/2024,173.0,173.0,167.6,170.8,-0.12,41140.0,284.0,205.0
MBL,5/15/2024,170.8,173.2,166.0,167.9,-1.7,27434.0,284.0,205.0
MBL,5/16/2024,165.0,170.3,164.5,169.2,0.77,15426.0,284.0,205.0
MBL,5/19/2024,172.5,179.3,168.0,174.8,3.31,88345.0,284.0,205.0
MBL,5/20/2024,175.0,187.4,175.0,182.8,4.58,102409.0,284.0,205.0
MBL,5/21/2024,182.8,185.0,179.2,182.3,-0.27,41163.0,284.0,205.0
MBL,5/22/2024,178.7,194.0,178.7,190.0,4.22,153672.0,284.0,205.0
MBL,5/26/2024,193.8,193.8,185.1,187.7,-1.21,85413.0,284.0,205.0
MBL,5/27/2024,186.0,190.0,184.0,186.0,-0.91,69180.0,284.0,205.0
MBL,5/29/2024,189.7,190.0,179.0,180.0,-3.23,33520.0,284.0,205.0
MBL,5/30/2024,178.1,179.0,175.1,175.1,-2.72,45371.0,284.0,205.0
MBL,6/2/2024,178.6,178.6,166.6,173.9,-0.69,110628.0,284.0,205.0
MBL,6/3/2024,175.0,175.0,171.0,172.0,-1.09,28035.0,284.0,205.0
MBL,6/4/2024,171.2,175.0,171.1,173.6,0.93,29494.0,284.0,205.0
MBL,6/5/2024,173.0,173.0,171.0,171.0,-1.5,19837.0,284.0,205.0
MBL,6/6/2024,171.0,173.0,171.0,171.1,0.06,32683.0,284.0,205.0
MBL,6/9/2024,174.5,174.5,171.0,171.9,0.47,29968.0,284.0,205.0
MBL,6/10/2024,175.3,175.3,170.1,172.0,0.06,22262.0,284.0,205.0
MBL,6/11/2024,175.4,176.3,171.2,176.0,2.33,64054.0,284.0,205.0
MBL,6/12/2024,177.0,179.5,175.0,177.0,0.57,41805.0,284.0,205.0
MBL,6/13/2024,173.5,179.0,173.5,178.5,0.85,55468.0,284.0,205.0
MBL,6/16/2024,178.0,178.0,175.0,176.0,-1.4,57534.0,284.0,205.0
MBL,6/18/2024,173.3,173.8,171.0,172.0,-2.27,59176.0,284.0,205.0
MBL,6/19/2024,172.0,173.1,172.0,172.0,0.0,17375.0,284.0,205.0
MBL,6/20/2024,175.4,175.4,165.3,169.5,-1.45,22245.0,284.0,205.0
MBL,6/23/2024,169.0,172.0,169.0,170.0,0.29,25047.0,284.0,205.0
MBL,6/24/2024,170.0,171.8,168.0,169.9,-0.06,42062.0,284.0,205.0
MBL,6/25/2024,170.1,170.1,165.4,167.2,-1.59,86791.0,284.0,205.0
MBL,6/26/2024,167.0,168.9,165.0,165.5,-1.02,27838.0,284.0,205.0
MBL,6/27/2024,165.5,167.8,165.5,166.0,0.3,13180.0,284.0,205.0
MBL,6/30/2024,169.0,169.0,165.0,165.0,-0.6,32755.0,284.0,205.0
MBL,7/1/2024,166.0,170.9,164.2,170.8,3.52,33765.0,284.0,205.0
MBL,7/2/2024,174.2,181.0,174.0,174.6,2.22,44498.0,284.0,205.0
MBL,7/3/2024,175.0,177.0,172.0,176.0,0.8,41539.0,284.0,205.0
MBL,7/4/2024,176.0,179.5,175.0,176.9,0.51,48405.0,284.0,205.0
MBL,7/7/2024,178.0,185.7,178.0,184.0,4.01,134286.0,284.0,205.0
MBL,7/8/2024,186.6,187.4,181.0,183.0,-0.54,47877.0,284.0,205.0
MBL,7/9/2024,180.1,184.0,180.1,184.0,0.55,50948.0,284.0,205.0
MBL,7/10/2024,187.6,188.0,184.0,188.0,2.17,89716.0,284.0,205.0
MBL,7/11/2024,191.7,197.0,188.0,197.0,4.79,181401.0,284.0,205.0
MBL,7/14/2024,200.9,212.1,200.0,204.0,3.55,118190.0,284.0,205.0
MBL,7/15/2024,208.0,210.0,199.0,200.0,-1.96,144210.0,284.0,205.0
MBL,7/16/2024,200.0,206.1,196.0,205.1,2.55,122463.0,284.0,205.0
MBL,7/17/2024,209.2,209.2,204.5,208.0,1.41,102963.0,284.0,205.0
MBL,7/18/2024,212.1,227.0,204.0,223.0,7.21,388304.0,284.0,205.0
MBL,7/21/2024,227.0,237.0,218.0,229.9,3.09,313687.0,284.0,205.0
MBL,7/22/2024,229.0,232.5,218.7,222.4,-3.26,337766.0,284.0,205.0
MBL,7/23/2024,223.9,228.5,220.0,227.5,2.29,200115.0,284.0,205.0
MBL,7/24/2024,228.0,232.0,223.8,225.0,-1.1,228139.0,284.0,205.0
MBL,7/25/2024,222.0,231.0,222.0,228.6,1.6,259850.0,284.0,205.0
MBL,7/28/2024,233.1,251.4,233.1,251.4,9.97,460015.0,284.0,205.0
MBL,7/29/2024,256.4,274.0,253.0,256.0,1.83,591488.0,284.0,205.0
MBL,7/30/2024,256.0,259.9,242.0,254.0,-0.78,311675.0,284.0,205.0
MBL,7/31/2024,256.0,265.0,252.0,262.9,3.5,338441.0,284.0,205.0
MBL,8/1/2024,257.7,266.0,255.0,259.0,-1.48,237823.0,284.0,205.0
MBL,8/5/2024,262.0,262.0,243.0,250.0,-3.47,351053.0,284.0,205.0
MBL,8/6/2024,247.0,248.0,230.0,231.0,-7.6,252768.0,284.0,205.0
MBL,8/7/2024,231.0,236.0,227.1,236.0,2.16,171512.0,284.0,205.0
MBL,8/8/2024,239.9,240.0,232.1,233.0,-1.27,118886.0,284.0,205.0
MBL,8/11/2024,235.0,244.0,231.3,244.0,4.72,230628.0,284.0,205.0
MBL,8/12/2024,248.5,254.0,248.0,250.9,2.83,316957.0,284.0,205.0
MBL,8/13/2024,255.9,260.0,250.2,253.0,0.84,220536.0,284.0,205.0
MBL,8/14/2024,258.0,258.5,248.4,257.0,1.58,167329.0,284.0,205.0
MBL,8/15/2024,262.1,282.7,258.1,278.0,8.17,754130.0,284.0,205.0
MBL,8/18/2024,280.0,295.0,273.0,281.0,1.08,666974.0,284.0,205.0
MBL,8/21/2024,281.0,286.0,272.0,279.9,-0.39,345405.0,284.0,205.0
MBL,8/22/2024,280.0,289.0,277.1,286.2,2.25,284184.0,284.0,205.0
MBL,8/25/2024,285.0,285.0,275.0,276.0,-3.56,292571.0,284.0,205.0
MBL,8/27/2024,281.0,281.0,258.5,264.0,-4.35,269134.0,284.0,205.0
MBL,8/28/2024,264.0,269.5,259.1,260.0,-1.52,178465.0,284.0,205.0
MBL,8/29/2024,265.0,265.0,249.0,253.5,-2.5,158172.0,284.0,205.0
MBL,9/1/2024,251.0,260.0,247.0,250.0,-1.38,149788.0,284.0,205.0
MBL,9/2/2024,253.0,261.9,245.1,255.0,2.0,113093.0,284.0,205.0
MBL,9/3/2024,259.0,265.0,254.5,257.0,0.78,116201.0,284.0,205.0
MBL,9/4/2024,262.1,262.1,246.0,247.0,-3.89,133824.0,284.0,205.0
MBL,9/5/2024,246.0,252.0,240.0,247.0,0.0,89639.0,284.0,205.0
MBL,9/8/2024,247.0,250.0,242.4,243.0,-1.62,72834.0,284.0,205.0
MBL,9/9/2024,243.0,243.0,238.3,238.3,-1.93,67890.0,284.0,205.0
MBL,9/10/2024,235.0,247.0,234.0,238.0,-0.13,141219.0,284.0,205.0
MBL,9/11/2024,237.0,240.0,234.1,236.6,-0.59,67313.0,284.0,205.0
MBL,9/12/2024,241.3,243.7,232.0,241.0,1.86,121007.0,284.0,205.0
MBL,9/15/2024,240.1,248.9,236.2,239.0,-0.83,134529.0,284.0,205.0
MBL,9/16/2024,234.3,239.1,233.4,236.0,-1.26,45487.0,284.0,205.0
MBL,9/18/2024,232.0,239.7,231.3,237.9,0.81,67383.0,284.0,205.0
MBL,9/22/2024,242.6,245.8,238.0,240.0,0.88,58248.0,284.0,205.0
MBL,9/23/2024,244.8,244.8,233.5,238.9,-0.46,51524.0,284.0,205.0
MBL,9/24/2024,235.1,239.7,231.1,231.1,-3.26,58499.0,284.0,205.0
MBL,9/25/2024,233.0,241.4,228.7,238.0,2.99,70338.0,284.0,205.0
MBL,9/26/2024,240.0,240.0,230.1,237.0,-0.42,43710.0,284.0,205.0
MBL,9/29/2024,232.3,234.9,229.2,230.3,-2.83,83012.0,284.0,205.0
MBL,9/30/2024,232.0,236.9,228.5,236.9,2.87,73075.0,284.0,205.0
MBL,10/1/2024,240.0,244.8,232.3,244.0,3.0,73463.0,284.0,205.0
MBL,10/2/2024,246.8,248.8,239.0,239.5,-1.84,62527.0,284.0,205.0
MBL,10/6/2024,237.1,247.0,237.1,246.9,3.09,65421.0,284.0,205.0
MBL,10/7/2024,250.0,259.9,249.0,254.2,2.96,158288.0,284.0,205.0
MBL,10/8/2024,254.0,257.0,252.1,254.7,0.2,82541.0,284.0,205.0
MBL,10/9/2024,254.0,256.0,252.0,256.0,0.51,45862.0,284.0,205.0
MBL,10/15/2024,261.0,261.0,253.0,258.2,0.86,46845.0,284.0,205.0
MBL,10/16/2024,256.5,266.5,256.5,265.5,2.83,82204.0,284.0,205.0
MBL,10/17/2024,267.0,273.0,265.0,266.4,0.34,109254.0,284.0,205.0
MBL,10/20/2024,261.5,272.3,258.0,267.8,0.53,192084.0,284.0,205.0
MBL,10/21/2024,263.2,265.1,258.4,259.0,-3.29,98849.0,284.0,205.0
MBL,10/22/2024,258.0,263.0,252.9,259.0,0.0,46346.0,284.0,205.0
MBL,10/23/2024,264.0,266.0,254.0,255.0,-1.54,118963.0,284.0,205.0
MBL,10/24/2024,253.0,255.0,248.0,252.0,-1.18,64743.0,284.0,205.0
MBL,10/27/2024,248.5,252.0,247.0,247.5,-1.79,42166.0,284.0,205.0
MBL,10/28/2024,250.0,252.0,245.3,251.0,1.41,75682.0,284.0,205.0
MBL,10/29/2024,254.9,258.0,250.2,255.0,1.59,54658.0,284.0,205.0
MBL,10/30/2024,255.0,258.5,251.4,253.3,-0.67,83513.0,284.0,205.0
MBL,11/5/2024,249.0,256.7,247.0,250.5,-1.11,40146.0,284.0,205.0
MBL,11/6/2024,251.0,254.0,249.0,251.7,0.48,44209.0,284.0,205.0
MBL,11/10/2024,252.0,257.3,252.0,257.3,2.22,74279.0,284.0,205.0
MBL,11/11/2024,262.0,283.0,260.0,283.0,9.99,429596.0,284.0,205.0
MBL,11/12/2024,280.0,280.0,268.0,270.0,-4.59,184561.0,284.0,205.0
MBL,11/13/2024,274.0,274.0,264.0,264.7,-1.96,73834.0,284.0,205.0
MBL,11/14/2024,259.5,290.0,259.5,290.0,9.56,502726.0,284.0,205.0
MBL,11/17/2024,284.2,284.2,269.5,276.0,-4.83,217594.0,284.0,205.0
MBL,11/19/2024,270.5,274.0,264.0,268.0,-2.9,156653.0,284.0,205.0
MBL,11/20/2024,268.0,269.0,260.0,268.0,0.0,104274.0,284.0,205.0
MBL,11/21/2024,267.9,268.0,260.0,260.2,-2.91,122925.0,284.0,205.0
MBL,11/24/2024,260.1,263.4,258.0,259.8,-0.15,118675.0,284.0,205.0
MBL,11/25/2024,264.9,264.9,255.7,264.0,1.62,56168.0,284.0,205.0
MBL,11/26/2024,269.2,269.2,260.0,264.0,0.0,81766.0,284.0,205.0
MBL,11/27/2024,264.0,267.0,261.3,263.9,-0.04,81913.0,284.0,205.0
MBL,11/28/2024,263.9,267.5,262.0,262.1,-0.68,77033.0,284.0,205.0
MBL,12/1/2024,267.3,267.3,255.0,256.8,-2.02,115085.0,284.0,205.0
MBL,12/2/2024,261.9,261.9,252.9,255.5,-0.51,98995.0,284.0,205.0
MBL,12/3/2024,260.6,260.6,253.4,256.0,0.2,56620.0,284.0,205.0
MBL,12/4/2024,261.1,261.1,254.0,255.0,-0.39,50815.0,284.0,205.0
MBL,12/5/2024,255.0,255.8,250.3,252.2,-1.1,30287.0,284.0,205.0
MBL,12/8/2024,250.1,255.0,244.1,245.0,-2.85,117332.0,284.0,205.0
MBL,12/9/2024,242.0,248.0,241.4,244.8,-0.08,53587.0,284.0,205.0
MBL,12/10/2024,248.0,249.4,244.0,246.0,0.49,52844.0,284.0,205.0
MBL,12/11/2024,242.0,253.9,240.1,252.0,2.44,140336.0,284.0,205.0
MBL,12/12/2024,252.0,252.0,244.0,245.0,-2.78,51679.0,284.0,205.0
MBL,12/16/2024,241.1,243.9,238.0,238.0,-2.86,51052.0,284.0,205.0
MBL,12/17/2024,235.0,242.0,235.0,238.2,0.08,52244.0,284.0,205.0
MBL,12/18/2024,240.0,240.0,236.1,239.0,0.34,25541.0,284.0,205.0
MBL,12/19/2024,240.0,241.0,235.5,236.7,-0.96,53379.0,284.0,205.0
MBL,12/22/2024,232.0,244.4,231.0,233.0,-1.56,63798.0,284.0,205.0
MBL,12/23/2024,231.0,234.9,230.0,234.9,0.82,121962.0,284.0,205.0
MBL,12/24/2024,232.2,239.0,232.2,234.1,-0.34,86212.0,284.0,205.0
MBL,12/26/2024,236.4,247.0,232.0,236.0,0.81,204039.0,284.0,205.0
MBL,12/29/2024,238.3,245.0,236.0,238.1,0.89,152453.0,284.0,205.0
MBL,12/31/2024,234.2,236.9,232.6,233.0,-2.14,107850.0,284.0,205.0
MBL,1/1/2025,230.1,237.6,225.0,232.0,-0.43,103211.0,284.0,205.0
MBL,1/2/2025,229.1,234.2,224.8,230.0,-0.86,157678.0,284.0,205.0
MBL,1/5/2025,230.0,231.0,228.6,230.0,0.0,68518.0,284.0,205.0
MBL,1/6/2025,228.6,237.5,228.0,237.0,3.04,273155.0,284.0,205.0
MBL,1/7/2025,233.0,238.6,233.0,238.0,0.42,51475.0,284.0,205.0
MBL,1/8/2025,240.0,240.0,233.0,233.5,-1.89,82568.0,284.0,205.0
MBL,1/9/2025,230.8,238.1,230.8,234.5,0.43,52531.0,284.0,205.0
MBL,1/12/2025,239.1,239.1,229.0,229.7,-2.05,24835.0,284.0,205.0
MBL,1/13/2025,234.2,234.2,219.8,226.0,-1.61,211815.0,284.0,205.0
MBL,1/15/2025,221.5,228.8,220.0,223.0,-1.33,41494.0,284.0,205.0
MBL,1/16/2025,225.0,225.9,219.6,225.0,0.9,59827.0,284.0,205.0
MBL,1/19/2025,221.0,226.0,221.0,226.0,0.44,29191.0,284.0,205.0
MBL,1/20/2025,227.0,229.3,224.0,227.2,0.53,69094.0,284.0,205.0
MBL,1/21/2025,225.0,225.0,220.3,223.0,-1.85,53332.0,284.0,205.0
MBL,1/22/2025,220.1,227.4,220.1,227.0,1.79,59617.0,284.0,205.0
MBL,1/23/2025,229.5,231.5,224.0,224.0,-1.32,56200.0,284.0,205.0
MBL,1/26/2025,221.5,224.9,221.0,222.9,-0.49,36493.0,284.0,205.0
MBL,1/27/2025,225.0,225.0,221.0,222.5,-0.18,40743.0,284.0,205.0
MBL,1/28/2025,224.9,224.9,219.0,223.0,0.22,49037.0,284.0,205.0
MBL,2/2/2025,227.4,232.0,225.1,232.0,4.04,103692.0,284.0,205.0
MBL,2/3/2025,236.0,239.0,230.0,231.1,-0.39,173393.0,284.0,205.0
MBL,2/4/2025,231.1,238.7,229.0,231.1,0.0,80578.0,284.0,205.0
MBL,2/5/2025,227.0,236.4,224.0,231.9,0.35,240049.0,284.0,205.0
MBL,2/6/2025,234.5,234.5,231.0,233.0,0.47,62396.0,284.0,205.0
MBL,2/9/2025,228.4,235.0,226.0,226.0,-3.0,146882.0,284.0,205.0
MBL,2/10/2025,230.5,235.1,225.8,227.0,0.44,77637.0,284.0,205.0
MBL,2/11/2025,227.0,230.0,225.0,226.3,-0.31,137075.0,284.0,205.0
MBL,2/12/2025,226.0,232.0,225.5,228.5,0.97,44904.0,284.0,205.0
MBL,2/13/2025,226.2,231.5,225.0,229.9,0.61,64159.0,284.0,205.0
MBL,2/16/2025,230.0,232.8,227.6,227.6,-1.0,130643.0,284.0,205.0
MBL,2/17/2025,227.7,236.5,227.7,234.0,2.81,253204.0,284.0,205.0
MBL,2/18/2025,238.6,238.6,229.4,234.0,0.0,240495.0,284.0,205.0
MBL,2/20/2025,230.1,234.8,230.1,232.9,-0.47,78007.0,284.0,205.0
MBL,2/23/2025,228.3,234.6,228.0,233.0,0.04,142923.0,284.0,205.0
MBL,2/24/2025,233.1,236.0,230.1,231.1,-0.82,69281.0,284.0,205.0
MBL,2/25/2025,233.4,235.0,230.0,230.3,-0.35,89492.0,284.0,205.0
MBL,2/27/2025,234.9,246.9,234.9,240.6,4.47,367356.0,284.0,205.0
MBL,3/2/2025,244.0,248.0,235.8,247.0,2.66,342036.0,284.0,205.0
MBL,3/3/2025,249.9,253.9,242.0,244.0,-1.21,346084.0,284.0,205.0
MBL,3/4/2025,241.2,245.3,238.5,241.5,-1.02,151032.0,284.0,205.0
MBL,3/5/2025,242.0,244.9,235.5,236.2,-2.19,162296.0,284.0,205.0
MBL,3/6/2025,237.0,238.8,234.1,237.0,0.34,93838.0,284.0,205.0
MBL,3/9/2025,235.0,236.0,233.2,234.0,-1.27,73206.0,284.0,205.0
MBL,3/10/2025,234.0,235.8,230.0,232.0,-0.85,68335.0,284.0,205.0
MBL,3/11/2025,234.5,234.5,228.5,229.7,-0.99,57247.0,284.0,205.0
MBL,3/12/2025,230.0,232.2,228.0,230.0,0.13,47359.0,284.0,205.0
MBL,3/16/2025,232.4,232.4,226.0,227.2,-1.22,48753.0,284.0,205.0
MBL,3/17/2025,227.2,231.8,227.1,228.9,0.75,31095.0,284.0,205.0
MBL,3/18/2025,233.4,233.4,227.0,228.0,-0.39,57579.0,284.0,205.0
MBL,3/19/2025,230.0,230.9,227.1,228.0,0.0,60247.0,284.0,205.0
MBL,3/20/2025,225.1,230.5,225.0,228.19,0.08,52203.0,284.0,205.0
MBL,3/23/2025,227.2,228.8,223.3,223.87,-1.89,64747.0,284.0,205.0
MBL,3/24/2025,219.4,227.0,219.4,225.98,0.94,41307.0,284.0,205.0
MBL,3/25/2025,222.0,224.9,220.0,220.68,-2.35,90357.0,284.0,205.0
MBL,3/26/2025,223.0,228.0,221.0,224.97,1.94,98122.0,284.0,205.0
MBL,3/27/2025,229.4,229.5,223.3,228.23,1.45,47995.0,284.0,205.0
MBL,3/30/2025,230.0,234.5,226.5,228.85,0.27,110306.0,284.0,205.0
MBL,4/1/2025,225.0,229.5,221.0,225.93,-1.28,116993.0,284.0,205.0
MBL,4/2/2025,230.4,230.4,222.5,227.84,0.85,46677.0,284.0,205.0
MBL,4/3/2025,229.9,238.6,226.0,230.78,1.29,131307.0,284.0,205.0
MBL,4/7/2025,232.9,233.0,226.0,226.09,-2.03,94899.0,284.0,205.0
MBL,4/8/2025,225.0,229.0,223.6,228.48,1.06,46411.0,284.0,205.0
MBL,4/9/2025,230.0,231.0,221.0,226.95,-0.67,58127.0,284.0,205.0
MBL,4/10/2025,230.0,230.0,226.0,226.3,-0.29,86878.0,284.0,205.0
MBL,4/13/2025,228.9,228.9,225.5,225.89,-0.18,249268.0,284.0,205.0
MBL,4/15/2025,230.0,230.0,223.5,227.08,0.53,31228.0,284.0,205.0
MBL,4/16/2025,229.0,230.6,225.0,227.89,0.36,46859.0,284.0,205.0
MBL,4/17/2025,230.0,232.5,227.4,230.12,0.98,99387.0,284.0,205.0
MBL,4/20/2025,233.0,234.0,227.8,228.68,-0.63,82568.0,284.0,205.0
MBL,4/21/2025,227.0,227.4,225.0,225.89,-1.22,78523.0,284.0,205.0
MBL,4/22/2025,225.1,226.8,222.3,222.8,-1.37,72603.0,284.0,205.0
MBL,4/23/2025,221.1,225.0,220.5,222.55,-0.11,54381.0,284.0,205.0
MBL,4/24/2025,221.5,223.9,221.0,223.47,0.41,68501.0,284.0,205.0
MBL,4/27/2025,221.6,224.0,218.5,219.51,-1.77,112359.0,284.0,205.0
MBL,4/28/2025,219.6,220.0,217.0,217.43,-0.95,72931.0,284.0,205.0
MBL,4/29/2025,219.7,219.7,213.0,213.56,-1.78,109035.0,284.0,205.0
MBL,4/30/2025,214.5,215.0,212.0,212.43,-0.53,64532.0,284.0,205.0
MBL,5/4/2025,216.6,216.6,213.0,213.99,0.73,59959.0,284.0,205.0
MBL,5/5/2025,211.2,214.5,210.8,211.36,-1.23,48272.0,284.0,205.0
MBL,5/6/2025,213.5,213.5,211.2,211.79,0.2,42454.0,284.0,205.0
MBL,5/7/2025,211.1,220.5,210.0,218.41,3.13,90329.0,284.0,205.0
MBL,5/8/2025,217.0,222.0,215.3,217.45,-0.44,69997.0,284.0,205.0
MBL,5/11/2025,217.6,217.9,210.9,212.39,-2.33,86699.0,284.0,205.0
MBL,5/13/2025,213.0,216.6,212.0,212.33,-0.03,45249.0,284.0,205.0
MBL,5/14/2025,213.0,213.5,211.0,211.55,-0.37,31502.0,284.0,205.0
MBL,5/15/2025,211.0,214.3,208.6,211.18,-0.17,50649.0,284.0,205.0
MBL,5/18/2025,211.2,214.0,209.1,211.96,0.37,66316.0,284.0,205.0
MBL,5/19/2025,212.0,216.0,211.5,213.4,0.68,80901.0,284.0,205.0
MBL,5/20/2025,213.7,223.0,210.3,218.77,2.52,66597.0,284.0,205.0
MBL,5/21/2025,223.1,232.0,217.0,219.52,0.34,412192.0,284.0,205.0
MBL,5/22/2025,218.0,232.0,215.4,230.84,5.16,263711.0,284.0,205.0
MBL,5/25/2025,235.4,235.4,224.8,227.93,-1.26,294951.0,284.0,205.0
MBL,5/26/2025,232.4,240.0,225.5,226.85,-0.47,179222.0,284.0,205.0
MBL,5/27/2025,223.5,231.2,223.5,228.27,0.63,57541.0,284.0,205.0
MBL,5/28/2025,230.0,236.0,226.0,234.82,2.87,112443.0,284.0,205.0
MBL,6/2/2025,239.0,239.5,229.0,230.33,-1.91,138797.0,284.0,205.0
MBL,6/3/2025,230.0,230.0,222.0,222.45,-3.42,124969.0,284.0,205.0
MBL,6/4/2025,220.1,225.0,218.0,220.16,-1.03,100422.0,284.0,205.0
MBL,6/5/2025,218.0,222.0,216.5,217.46,-1.23,93104.0,284.0,205.0
MBL,6/8/2025,219.0,220.0,216.6,217.01,-0.21,237220.0,284.0,205.0
MBL,6/9/2025,217.2,219.5,216.1,216.48,-0.24,62412.0,284.0,205.0
MBL,6/10/2025,219.0,220.7,215.5,219.56,1.42,168117.0,284.0,205.0
MBL,6/11/2025,222.0,222.0,216.0,218.32,-0.56,82423.0,284.0,205.0
MBL,6/12/2025,218.0,220.0,215.0,217.02,-0.6,138212.0,284.0,205.0
MBL,6/15/2025,215.3,218.9,215.1,216.81,-0.1,50751.0,284.0,205.0
MBL,6/16/2025,219.0,219.0,216.0,218.26,0.67,65567.0,284.0,205.0
MBL,6/17/2025,213.9,223.0,213.9,218.32,0.03,56071.0,284.0,205.0
MBL,6/18/2025,218.0,220.1,216.7,217.29,-0.47,70886.0,284.0,205.0
MBL,6/19/2025,218.0,220.0,215.5,215.93,-0.63,53802.0,284.0,205.0
MBL,6/22/2025,220.0,220.0,212.1,213.63,-1.07,80383.0,284.0,205.0
MBL,6/23/2025,214.0,215.0,212.0,213.63,0.0,50380.0,284.0,205.0
MBL,6/24/2025,216.0,221.3,215.1,216.28,1.24,63229.0,284.0,205.0
MBL,6/25/2025,215.0,218.0,215.0,217.2,0.43,31544.0,284.0,205.0
MBL,6/26/2025,217.2,218.0,215.5,217.12,-0.04,32838.0,284.0,205.0
MBL,6/29/2025,215.1,222.7,215.0,221.61,2.07,59849.0,284.0,205.0
MBL,6/30/2025,226.0,226.0,219.0,220.75,-0.39,54776.0,284.0,205.0
MBL,7/1/2025,221.1,223.0,218.0,221.05,0.14,65715.0,284.0,205.0
MBL,7/2/2025,223.0,227.0,220.1,225.44,1.99,95352.0,284.0,205.0
MBL,7/3/2025,229.9,229.9,225.0,226.76,0.59,97923.0,284.0,205.0
MBL,7/6/2025,226.0,230.0,225.0,228.04,0.56,80259.0,284.0,205.0
MBL,7/7/2025,223.5,229.0,223.5,225.79,-0.99,76232.0,284.0,205.0
MBL,7/8/2025,224.2,228.0,222.1,226.32,0.23,66284.0,284.0,205.0
MBL,7/9/2025,230.0,233.0,226.6,232.76,2.85,110345.0,284.0,205.0
MBL,7/10/2025,233.8,244.8,233.4,240.94,3.51,371357.0,284.0,205.0
MBL,7/13/2025,245.7,260.0,245.0,249.57,3.58,468706.0,284.0,205.0
MBL,7/14/2025,252.0,252.0,242.0,242.63,-2.78,299218.0,284.0,205.0
MBL,7/15/2025,238.8,252.0,238.8,250.53,3.26,379758.0,284.0,205.0
MBL,7/16/2025,252.0,264.1,252.0,259.41,3.54,556934.0,284.0,205.0
MBL,7/17/2025,263.9,268.4,260.2,261.69,0.88,313401.0,284.0,205.0
MBL,7/20/2025,264.5,266.0,255.0,257.81,-1.48,443718.0,284.0,205.0
MBL,7/21/2025,255.0,261.0,253.1,258.52,0.28,246725.0,284.0,205.0
MBL,7/22/2025,258.5,267.9,258.5,265.21,2.59,473500.0,284.0,205.0
MBL,7/23/2025,265.0,266.0,261.0,263.82,-0.52,234250.0,284.0,205.0
MBL,7/24/2025,264.0,266.5,259.0,264.08,0.1,260652.0,284.0,205.0
MBL,7/27/2025,261.2,267.5,258.5,260.59,-1.32,282448.0,284.0,205.0
MBL,7/28/2025,257.0,264.0,255.9,262.72,0.82,171748.0,284.0,205.0
MBL,7/29/2025,264.0,272.1,262.1,265.35,1.0,384635.0,284.0,205.0
MBL,7/30/2025,268.0,269.0,260.0,260.17,-1.95,226286.0,284.0,205.0
MBL,7/31/2025,258.5,260.0,255.0,255.87,-1.65,357154.0,284.0,205.0
MBL,8/3/2025,255.0,255.0,246.3,246.86,-3.52,159266.0,284.0,205.0
MBL,8/4/2025,248.0,260.0,248.0,257.26,4.21,367800.0,284.0,205.0
MBL,8/5/2025,262.3,272.0,259.8,260.27,1.17,591770.0,284.0,205.0
MBL,8/6/2025,262.7,262.7,257.3,258.1,-0.83,172099.0,284.0,205.0
MBL,8/7/2025,256.7,260.0,256.1,257.62,-0.19,131185.0,284.0,205.0
MBL,8/11/2025,261.0,263.9,255.3,255.86,-0.68,136733.0,284.0,205.0
MBL,8/12/2025,260.9,260.9,253.0,253.21,-1.04,74236.0,284.0,205.0
MBL,8/13/2025,256.8,256.8,250.0,250.95,-0.89,56992.0,284.0,205.0
MBL,8/14/2025,247.1,254.0,247.1,251.77,0.33,93276.0,284.0,205.0
MBL,8/17/2025,254.0,254.0,245.3,248.87,-1.15,99806.0,284.0,205.0
MBL,8/18/2025,251.0,256.0,244.2,250.67,0.72,84241.0,284.0,205.0
MBL,8/19/2025,248.0,252.5,245.9,248.07,-1.04,71549.0,284.0,205.0
MBL,8/20/2025,249.9,252.0,247.1,249.75,0.68,83233.0,284.0,205.0
MBL,8/21/2025,249.75,250.9,244.8,247.29,-0.98,85594.0,284.0,205.0
MBL,8/24/2025,249.8,249.8,245.2,245.99,-0.53,59388.0,284.0,205.0
MBL,8/25/2025,247.5,247.5,245.0,247.02,0.42,140596.0,284.0,205.0
MBL,8/26/2025,248.9,249.0,246.0,246.64,-0.15,87273.0,284.0,205.0
MBL,8/27/2025,251.5,253.9,247.0,252.18,2.25,72345.0,284.0,205.0
MBL,8/28/2025,250.3,252.0,248.2,250.5,-0.67,49903.0,284.0,205.0
MBL,8/31/2025,250.0,251.3,247.4,248.64,-0.74,124581.0,284.0,205.0
MBL,9/1/2025,253.6,253.6,247.0,250.73,0.84,84851.0,284.0,205.0
MBL,9/2/2025,255.7,255.7,249.8,251.01,0.11,142772.0,284.0,205.0
MBL,9/3/2025,252.1,253.0,250.0,251.04,0.01,77042.0,284.0,205.0
MBL,9/4/2025,250.0,252.5,248.5,251.34,0.12,112976.0,284.0,205.0
MBL,9/7/2025,253.8,253.8,250.5,251.23,-0.04,68588.0,284.0,205.0
MBL,9/8/2025,251.9,251.9,247.0,248.37,-1.14,133141.0,284.0,205.0
MBL,9/18/2025,234.1,234.1,225.0,225.0,-9.41,405.0,284.0,205.0
MBL,9/21/2025,225.0,231.7,221.0,229.92,2.19,147003.0,284.0,205.0
MBL,9/23/2025,233.0,233.0,226.0,228.0,-0.84,64552.0,284.0,205.0
MBL,9/24/2025,230.0,230.0,222.0,223.0,-2.19,53296.0,284.0,205.0
MBL,9/25/2025,223.0,224.7,221.1,224.0,0.45,26621.0,284.0,205.0
MBL,9/28/2025,225.0,225.0,219.6,222.0,-0.89,45197.0,284.0,205.0
MBL,10/7/2025,221.0,221.0,219.0,219.2,-1.26,44077.0,284.0,205.0
MBL,10/8/2025,216.0,219.9,214.0,218.0,-0.55,55779.0,284.0,205.0
MBL,10/9/2025,222.3,230.0,217.0,220.0,0.92,70317.0,284.0,205.0
MBL,10/12/2025,215.6,216.0,209.0,211.5,-3.86,93428.0,284.0,205.0
MBL,10/13/2025,215.7,215.7,208.8,211.4,-0.05,38000.0,284.0,205.0
MBL,10/14/2025,215.6,215.6,211.0,212.0,0.28,16344.0,284.0,205.0
MBL,10/15/2025,215.9,215.9,208.2,209.9,-0.99,45832.0,284.0,205.0
MBL,10/16/2025,213.0,213.0,208.0,209.4,-0.24,34843.0,284.0,205.0
MBL,10/19/2025,208.0,212.0,207.0,207.1,-1.1,57148.0,284.0,205.0
MBL,10/26/2025,205.4,210.9,205.0,209.5,1.16,9781.0,284.0,205.0
MBL,10/28/2025,211.5,214.0,211.0,213.9,2.1,35182.0,284.0,205.0
MBL,10/29/2025,214.0,218.0,210.7,211.0,-1.36,54234.0,284.0,205.0
MBL,10/30/2025,211.2,215.0,211.0,213.0,0.95,51282.0,284.0,205.0
MBL,11/2/2025,217.2,219.9,213.0,217.0,1.88,22977.0,284.0,205.0
MBL,11/3/2025,213.2,220.0,213.2,219.5,1.15,46374.0,284.0,205.0
MBL,11/4/2025,220.0,221.8,213.0,216.0,-1.59,93461.0,284.0,205.0
MBL,11/5/2025,213.7,216.0,213.7,216.0,0.0,41370.0,284.0,205.0
MBL,11/6/2025,214.7,218.0,214.7,215.0,-0.46,110546.0,284.0,205.0
MBL,11/9/2025,215.0,215.0,210.1,210.1,-2.28,41341.0,284.0,205.0
MBL,11/10/2025,208.4,212.4,208.4,210.8,0.33,26768.0,284.0,205.0
MBL,11/11/2025,210.0,210.0,208.4,209.0,-0.85,73583.0,284.0,205.0
MBL,11/12/2025,209.0,211.0,207.5,210.2,0.57,22187.0,284.0,205.0
MBL,11/13/2025,210.0,211.3,208.0,209.1,-0.52,9261.0,284.0,205.0
MBL,11/16/2025,210.0,211.4,207.2,211.4,1.1,24218.0,284.0,205.0
MBL,11/17/2025,211.4,211.4,208.7,209.3,-0.99,17522.0,284.0,205.0
MBL,11/18/2025,209.0,211.6,208.6,209.0,-0.14,12200.0,284.0,205.0
MBL,11/19/2025,212.0,212.0,208.3,211.5,1.2,23280.0,284.0,205.0
MBL,11/20/2025,209.0,210.5,208.5,209.0,-1.18,26114.0,284.0,205.0
MBL,11/23/2025,210.0,216.0,209.0,216.0,3.35,44255.0,284.0,205.0
MBL,11/24/2025,217.9,219.9,214.0,219.8,1.76,39851.0,284.0,205.0
MBL,11/25/2025,220.0,220.0,215.5,219.0,-0.36,37960.0,284.0,205.0
MBL,11/26/2025,215.0,221.0,215.0,220.4,0.64,51219.0,284.0,205.0
MBL,11/27/2025,224.8,226.0,216.0,225.0,2.09,94398.0,284.0,205.0
MBL,11/30/2025,221.1,225.0,218.0,218.0,-3.11,87998.0,284.0,205.0
MBL,12/1/2025,213.7,222.2,213.7,220.4,1.1,40773.0,284.0,205.0
MBL,12/2/2025,218.1,220.9,218.1,220.8,0.18,28172.0,284.0,205.0
MBL,12/3/2025,216.4,222.9,216.4,219.0,-0.82,62950.0,284.0,205.0
MBL,12/7/2025,217.0,218.0,215.1,218.0,-0.46,21567.0,284.0,205.0
MBL,12/8/2025,215.0,219.0,215.0,215.7,-1.06,60375.0,284.0,205.0
MBL,12/9/2025,218.0,218.0,214.2,214.6,-0.51,26879.0,284.0,205.0
MBL,12/10/2025,215.0,217.0,214.0,215.0,0.19,21989.0,284.0,205.0
MBL,12/11/2025,213.7,217.0,213.7,215.0,0.0,27848.0,284.0,205.0
MBL,12/14/2025,217.0,217.0,212.7,215.9,0.42,64087.0,284.0,205.0
MBL,12/15/2025,211.6,218.0,211.6,218.0,0.97,58720.0,284.0,205.0
MBL,12/16/2025,218.8,219.8,215.1,215.1,-1.33,31703.0,284.0,205.0
MBL,12/17/2025,215.0,218.0,215.0,217.0,0.88,41001.0,284.0,205.0
MBL,12/18/2025,219.9,219.9,215.6,218.6,0.74,39801.0,284.0,205.0
MBL,12/21/2025,216.0,217.7,215.2,216.2,-1.1,32206.0,284.0,205.0
MBL,12/22/2025,216.0,217.0,214.0,215.0,-0.56,28614.0,284.0,205.0
MBL,12/23/2025,214.3,215.9,214.0,214.5,-0.23,30314.0,284.0,205.0
MBL,12/24/2025,216.0,220.0,214.8,220.0,2.56,51164.0,284.0,205.0
MBL,12/28/2025,220.0,224.0,218.3,223.9,1.77,62702.0,284.0,205.0
MBL,12/29/2025,221.1,224.0,220.2,221.9,-0.89,48247.0,284.0,205.0
MBL,12/31/2025,224.0,226.0,222.0,224.8,1.31,69659.0,284.0,205.0
MBL,1/1/2026,229.2,229.2,215.7,222.0,-1.25,25537.0,284.0,205.0
MBL,1/4/2026,222.0,224.9,218.3,222.0,0.0,30653.0,284.0,205.0
MBL,1/5/2026,220.1,229.5,218.0,225.5,1.58,52889.0,284.0,205.0
MBL,1/6/2026,223.0,226.4,223.0,223.7,-0.8,63719.0,284.0,205.0
MBL,1/7/2026,222.5,226.0,222.5,223.6,-0.04,53545.0,284.0,205.0
MBL,1/8/2026,227.9,227.9,221.0,224.9,0.58,36812.0,284.0,205.0
MBL,1/12/2026,229.3,229.3,223.2,227.7,1.24,74470.0,284.0,205.0
MBL,1/13/2026,227.0,229.0,225.0,228.0,0.13,24103.0,284.0,205.0
MBL,1/14/2026,232.0,232.0,225.0,227.8,-0.09,37204.0,284.0,205.0
MBL,1/18/2026,228.8,229.0,224.5,229.0,0.53,88932.0,284.0,205.0
MBL,1/20/2026,232.9,235.0,229.0,231.0,0.87,65083.0,284.0,205.0
MBL,1/21/2026,235.0,235.0,227.0,230.0,-0.43,80526.0,284.0,205.0
MBL,1/22/2026,234.6,234.6,226.4,230.0,0.0,38213.0,284.0,205.0
MBL,1/25/2026,231.9,242.3,230.5,242.0,5.22,348710.0,284.0,205.0
MBL,1/26/2026,246.8,246.8,236.1,237.0,-2.07,105883.0,284.0,205.0
MBL,1/27/2026,235.2,239.9,230.5,231.5,-2.32,69963.0,284.0,205.0
MBL,1/28/2026,230.0,233.6,228.0,230.5,-0.43,48357.0,284.0,205.0
MBL,1/29/2026,230.5,234.5,229.0,231.9,0.61,75300.0,284.0,205.0
MBL,2/1/2026,230.0,233.0,227.0,228.0,-1.68,62831.0,284.0,205.0
MBL,2/2/2026,230.0,231.0,228.0,229.0,0.44,24657.0,284.0,205.0
MBL,2/3/2026,230.0,230.0,224.5,226.9,-0.92,65718.0,284.0,205.0
MBL,2/4/2026,222.4,228.5,222.4,224.2,-1.19,55759.0,284.0,205.0
MBL,2/5/2026,224.5,227.5,223.0,227.0,1.25,63584.0,284.0,205.0
MBL,2/8/2026,230.9,233.7,228.0,230.0,1.32,77346.0,284.0,205.0
MBL,2/9/2026,228.0,230.0,225.0,225.0,-2.17,47111.0,284.0,205.0
MBL,2/10/2026,225.0,227.0,223.5,225.9,0.4,32512.0,284.0,205.0
MBL,2/11/2026,229.8,230.4,225.0,227.1,0.53,73303.0,284.0,205.0
MBL,2/12/2026,228.0,230.2,227.0,229.0,0.84,50319.0,284.0,205.0
MBL,2/16/2026,230.0,230.0,227.0,228.0,-0.44,34496.0,284.0,205.0
MBL,2/17/2026,230.0,230.0,224.0,226.0,-0.88,48531.0,284.0,205.0
MBL,2/22/2026,227.0,227.9,223.7,224.9,-0.49,70361.0,284.0,205.0
MBL,2/23/2026,222.4,227.0,222.4,226.9,0.89,86388.0,284.0,205.0
MBL,2/24/2026,229.5,229.5,224.0,228.3,0.62,32234.0,284.0,205.0
MBL,2/25/2026,229.2,229.2,224.0,228.0,-0.13,20540.0,284.0,205.0
MBL,2/26/2026,232.5,232.5,227.3,229.6,0.7,21359.0,284.0,205.0
MBL,2/27/2026,232.5,232.5,227.3,229.6,0.0,21359.0,284.0,205.0
MBL,2/28/2026,232.5,232.5,227.3,229.6,0.0,21359.0,284.0,205.0
MBL,3/2/2026,226.0,233.0,218.0,232.6,1.31,104085.0,284.0,205.0
MBL,3/3/2026,237.2,237.2,230.0,236.2,1.55,154788.0,284.0,205.0
MBL,3/4/2026,237.2,237.2,230.0,236.2,0.0,154788.0,284.0,205.0
MBL,3/5/2026,237.2,237.2,230.0,236.2,0.0,154788.0,284.0,205.0
MBL,3/6/2026,237.2,237.2,230.0,236.2,0.0,154788.0,284.0,205.0
MBL,3/7/2026,237.2,237.2,230.0,236.2,0.0,154788.0,284.0,205.0
MBL,3/8/2026,237.2,237.2,230.0,236.2,0.0,154788.0,284.0,205.0
MBL,3/9/2026,240.9,255.6,240.9,255.6,8.21,2460.0,284.0,205.0
MBL,3/10/2026,257.0,258.0,242.0,246.1,-3.72,271247.0,284.0,205.0
MBL,3/11/2026,251.0,252.0,242.0,244.0,-0.85,293106.0,284.0,205.0
MBL,3/12/2026,244.0,252.9,237.2,250.5,2.66,201453.0,284.0,205.0
MBL,3/13/2026,244.0,252.9,237.2,250.5,0.0,201453.0,284.0,205.0
MBL,3/14/2026,244.0,252.9,237.2,250.5,0.0,201453.0,284.0,205.0
MBL,3/15/2026,254.5,256.0,249.9,255.5,2.0,303559.0,284.0,205.0
MBL,3/16/2026,260.6,260.6,249.0,250.0,-2.15,128703.0,284.0,205.0
MBL,3/17/2026,245.0,255.3,245.0,252.5,1.0,177907.0,284.0,205.0
MBL,3/18/2026,245.0,255.3,245.0,252.5,0.0,177907.0,284.0,205.0
MBL,3/19/2026,247.5,268.0,247.5,266.6,5.58,641203.0,284.0,205.0
MBL,3/20/2026,247.5,268.0,247.5,266.6,0.0,641203.0,284.0,205.0
MBL,3/21/2026,247.5,268.0,247.5,266.6,0.0,641203.0,284.0,205.0
MBL,3/22/2026,271.9,280.0,264.0,276.0,3.53,957510.0,284.0,205.0
MBL,3/23/2026,272.0,282.9,265.1,273.0,-1.09,406144.0,284.0,205.0
MBL,3/24/2026,274.0,275.0,265.0,274.5,0.55,382116.0,284.0,205.0
MBL,3/25/2026,269.2,284.0,265.4,267.0,-2.73,301037.0,284.0,205.0
MBL,3/26/2026,266.0,269.0,252.9,266.9,0.34,289333.0,284.0,205.0
MBL,3/29/2026,272.2,272.2,257.0,257.1,-5.55,278807.0,284.0,205.0
MBL,3/30/2026,254.3,263.1,247.0,251.0,-1.3,292295.0,284.0,205.0
MBL,3/31/2026,248.0,256.0,248.0,254.5,2.62,174109.0,284.0,205.0
MBL,4/1/2026,259.5,259.5,245.0,248.0,-4.43,203926.0,284.0,205.0
MBL,4/2/2026,243.1,256.0,243.0,248.0,2.02,182198.0,284.0,205.0
MBL,4/5/2026,243.1,247.9,237.1,240.5,-1.07,336129.0,284.0,205.0
MBL,4/6/2026,238.1,250.0,238.0,250.0,5.0,143441.0,284.0,205.0
MBL,4/7/2026,245.0,254.0,244.7,248.9,1.59,161739.0,284.0,205.0
MBL,4/8/2026,253.8,257.0,247.0,256.0,0.87,212290.0,284.0,205.0
MBL,4/9/2026,250.9,259.0,250.9,258.0,2.83,214437.0,284.0,205.0
MBL,4/10/2026,254.1,258.0,250.9,252.5,-0.63,243065.0,284.0,205.0
MBL,4/13/2026,252.0,253.0,248.8,252.0,0.0,136710.0,284.0,205.0
MBL,4/15/2026,257.0,262.0,253.0,254.0,-1.17,170275.0,284.0,205.0
MBL,4/16/2026,254.0,255.9,250.0,251.1,-1.14,81945.0,284.0,205.0
MBL,4/17/2026,250.1,253.0,249.1,252.0,0.76,102091.0,284.0,205.0
MBL,4/20/2026,240.0,257.0,240.0,251.1,4.62,39578.0,284.0,205.0
MBL,4/21/2026,254.0,254.0,250.0,250.0,-1.57,65179.0,284.0,205.0
MBL,4/22/2026,249.2,252.1,244.2,250.0,0.32,103207.0,284.0,205.0
MBL,4/23/2026,252.9,252.9,244.0,245.0,-3.12,72150.0,284.0,205.0
MBL,4/24/2026,238.4,247.9,238.4,244.6,2.6,60787.0,284.0,205.0
MBL,4/27/2026,244.6,252.1,244.7,250.0,2.21,83238.0,284.0,205.0
MBL,4/28/2026,250.0,256.0,245.9,247.0,-1.2,165964.0,284.0,205.0
MBL,4/29/2026,247.0,250.0,244.0,244.0,-1.21,88981.0,284.0,205.0
MBL,4/30/2026,243.7,247.0,240.0,242.1,-0.66,109730.0,284.0,205.0
MBL,5/4/2026,242.0,247.0,240.0,242.0,0.0,133483.0,284.0,205.0
MBL,5/5/2026,242.0,246.0,240.5,244.0,0.83,61765.0,284.0,205.0
MBL,5/6/2026,246.8,247.0,243.0,245.0,-0.73,31322.0,284.0,205.0
MBL,5/7/2026,250.0,250.0,242.6,249.0,-0.4,57939.0,284.0,205.0
MBL,5/8/2026,249.0,250.7,246.1,250.6,0.64,94572.0,284.0,205.0
MBL,5/11/2026,253.0,253.5,250.5,253.0,0.0,50957.0,284.0,205.0
MBL,5/12/2026,253.0,254.0,248.1,249.5,-1.38,62074.0,284.0,205.0
MBL,5/13/2026,249.5,250.1,245.5,249.5,0.0,34965.0,284.0,205.0
MBL,5/14/2026,251.0,251.0,246.0,248.0,-1.2,52272.0,284.0,205.0
MBL,5/15/2026,251.0,251.0,246.5,249.0,-0.8,61587.0,284.0,205.0
MBL,5/18/2026,249.0,250.0,245.0,249.9,0.36,95320.0,284.0,205.0
MBL,5/19/2026,246.3,250.0,246.0,248.5,0.89,79254.0,284.0,205.0
MBL,5/20/2026,248.5,254.0,247.1,254.0,2.21,70232.0,284.0,205.0
MBL,5/21/2026,252.0,253.6,250.0,251.0,-0.4,61771.0,284.0,205.0
MBL,5/22/2026,253.0,253.0,248.1,252.9,-0.04,87023.0,284.0,205.0
MBL,5/25/2026,253.7,256.8,253.7,254.5,0.32,92780.0,284.0,205.0
MBL,5/26/2026,255.0,256.0,251.0,254.0,-0.39,97437.0,284.0,205.0
MBL,5/27/2026,254.0,254.9,250.0,253.2,-0.31,135690.0,284.0,205.0
MBL,6/1/2026,257.0,257.0,249.3,251.0,-2.33,95972.0,284.0,205.0
MBL,6/2/2026,253.8,253.8,249.0,252.6,-0.47,41975.0,284.0,205.0
MBL,6/3/2026,255.0,255.0,250.0,252.0,-1.18,53553.0,284.0,205.0
MBL,6/4/2026,254.0,254.4,250.0,253.9,-0.04,63029.0,284.0,205.0
MBL,6/5/2026,253.9,254.0,248.0,249.7,-1.65,84623.0,284.0,205.0
MBL,6/8/2026,253.0,253.0,247.5,248.6,-1.74,57568.0,284.0,205.0
MBL,6/9/2026,248.6,251.0,245.0,249.0,0.16,92619.0,284.0,205.0
MBL,6/10/2026,237.0,253.4,237.0,250.0,5.49,26681.0,284.0,205.0
MBL,6/11/2026,247.0,250.0,246.3,248.0,0.4,47923.0,284.0,205.0
MBL,6/12/2026,250.0,250.0,246.0,247.5,-1.0,68798.0,284.0,205.0
MBL,6/15/2026,248.1,249.9,247.5,249.8,0.69,48268.0,284.0,205.0
MBL,6/16/2026,247.1,249.8,246.0,247.3,0.08,28049.0,284.0,205.0
MBL,6/17/2026,247.3,250.0,246.5,248.0,0.28,58200.0,284.0,205.0
MBL,6/18/2026,248.0,250.0,247.0,248.0,0.0,15920.0,284.0,205.0
MBL,6/19/2026,248.0,248.0,245.0,247.5,-0.2,52168.0,284.0,205.0
MBL,6/22/2026,248.0,251.0,246.0,247.0,-0.4,54486.0,284.0,205.0
MBL,6/23/2026,248.0,248.0,244.6,245.8,-0.89,37699.0,284.0,205.0
MBL,6/24/2026,248.6,248.7,241.2,244.9,-1.49,57549.0,284.0,205.0
MBL,6/26/2026,247.7,247.7,243.0,243.0,-1.9,32449.0,284.0,205.0
MBL,6/29/2026,243.0,243.0,239.0,240.5,-1.03,62622.0,284.0,205.0
MBL,6/30/2026,241.0,242.0,239.0,240.0,-0.41,44137.0,284.0,205.0
MBL,7/1/2026,243.9,244.0,240.2,243.0,-0.37,54300.0,284.0,205.0
MBL,7/2/2026,245.8,252.9,240.0,249.8,1.63,82504.0,284.0,205.0
MBL,7/3/2026,257.0,257.0,247.7,247.7,-3.62,85765.0,284.0,205.0
MBL,7/6/2026,250.5,250.5,243.1,245.6,-1.96,65861.0,284.0,205.0
MBL,7/7/2026,245.0,250.0,243.0,248.0,1.22,67777.0,284.0,205.0
MBL,7/8/2026,250.0,254.0,242.5,245.0,-2.0,67349.0,284.0,205.0
MBL,7/9/2026,242.4,246.9,242.4,245.0,1.07,57546.0,284.0,205.0
MBL,7/10/2026,233.0,248.0,233.0,245.3,5.28,81586.0,284.0,205.0
MBL,7/13/2026,245.0,245.8,243.0,243.8,-0.49,76458.0,284.0,205.0
MBL,7/14/2026,246.0,246.0,240.2,244.8,-0.49,47568.0,284.0,205.0
MBL,7/15/2026,244.8,247.5,244.8,246.9,0.86,30575.0,284.0,205.0
MBL,7/16/2026,247.0,250.0,244.8,248.0,0.4,40714.0,284.0,205.0
MBL,7/17/2026,249.9,255.0,247.0,255.0,2.04,113446.0,284.0,205.0
MBL,7/20/2026,262.0,262.0,251.0,258.1,-1.49,97419.0,284.0,205.0
MBL,7/21/2026,250.0,259.9,250.0,255.5,2.2,83782.0,284.0,205.0
MBL,7/22/2026,254.3,255.0,250.6,254.0,-0.12,71269.0,284.0,205.0
MBL,7/23/2026,242.0,259.9,242.0,255.0,5.37,70137.0,284.0,205.0
MBL,7/24/2026,250.8,260.0,250.8,259.9,3.63,90145.0,284.0,205.0
MBL,7/27/2026,259.0,265.5,257.9,260.5,0.58,289999.0,284.0,205.0
MBL,7/28/2026,273.5,273.5,256.1,261.0,-4.57,129578.0,284.0,205.0
MBL,7/29/2026,263.0,265.0,258.0,259.0,-1.52,79615.0,284.0,205.0
MBL,7/30/2026,246.1,261.0,246.1,257.0,4.43,95668.0,284.0,205.0
MBL,7/31/2026,257.9,259.9,254.0,259.2,0.5,54081.0,284.0,205.0
MBL,8/3/2026,246.5,264.4,246.5,261.0,5.88,173570.0,284.0,205.0
MBL,8/4/2026,261.0,262.9,254.0,257.8,-1.23,100019.0,284.0,205.0
MBL,8/5/2026,255.1,259.0,253.0,255.8,0.27,84844.0,284.0,205.0
MBL,8/6/2026,243.5,258.0,243.5,253.0,3.9,57765.0,284.0,205.0
MBL,8/7/2026,253.0,255.8,250.5,255.0,0.79,87239.0,284.0,205.0
MBL,8/10/2026,254.7,254.7,250.0,250.3,-1.73,77384.0,284.0,205.0
MBL,8/11/2026,250.5,255.0,250.5,253.0,1.0,52563.0,284.0,205.0
MBL,8/12/2026,254.0,255.0,252.0,254.0,0.0,33624.0,284.0,205.0
MBL,8/13/2026,254.0,256.0,251.1,254.8,0.31,43542.0,284.0,205.0
MBL,8/14/2026,254.5,254.5,249.0,249.0,-2.16,98080.0,284.0,205.0
MBL,8/17/2026,248.0,251.0,246.1,250.0,0.81,135367.0,284.0,205.0
MBL,8/18/2026,250.0,250.0,245.1,247.6,-0.96,69046.0,284.0,205.0
MBL,8/19/2026,249.0,249.8,246.1,248.4,-0.24,50466.0,284.0,205.0
MBL,8/20/2026,248.4,251.0,244.0,251.0,1.05,138300.0,284.0,205.0
MBL,8/21/2026,252.9,252.9,248.4,250.0,-1.15,29083.0,284.0,205.0
MBL,8/24/2026,247.0,251.8,246.3,249.9,1.17,28944.0,284.0,205.0
MBL,8/25/2026,246.3,252.0,246.3,249.9,1.46,25388.0,284.0,205.0
MBL,8/26/2026,251.0,251.0,245.1,248.0,-1.2,35090.0,284.0,205.0
MBL,8/27/2026,245.0,249.9,244.0,248.0,1.22,27224.0,284.0,205.0
MBL,8/31/2026,250.0,250.0,241.0,245.0,-2.0,62567.0,284.0,205.0
MBL,9/1/2026,246.0,247.6,243.8,245.0,-0.41,56031.0,284.0,205.0
MBL,9/2/2026,244.0,246.0,242.6,244.8,0.33,116645.0,284.0,205.0
MBL,9/3/2026,242.2,248.8,242.2,246.0,1.57,106970.0,284.0,205.0
MBL,9/7/2026,255.0,255.0,242.0,250.0,-1.96,44708.0,284.0,205.0
MBL,9/9/2026,262.5,262.5,247.0,249.5,-4.95,50743.0,284.0,205.0
MBL,9/10/2026,250.0,250.2,246.1,249.0,-0.4,43419.0,284.0,205.0
MBL,9/11/2026,250.0,251.0,245.4,251.0,0.4,36390.0,284.0,205.0
MBL,9/14/2026,263.5,263.5,245.1,250.7,-4.86,96940.0,284.0,205.0
MBL,9/15/2026,263.0,263.0,250.0,257.7,-2.02,193525.0,284.0,205.0
MBL,9/16/2026,257.0,259.9,252.2,254.1,-1.13,142182.0,284.0,205.0
MBL,9/17/2026,254.3,257.8,253.4,256.9,1.02,68124.0,284.0,205.0
MBL,9/18/2026,254.2,261.8,253.2,260.8,2.6,319484.0,284.0,205.0
MBL,9/22/2026,260.8,265.1,260.0,264.3,1.34,174783.0,284.0,205.0
MBL,9/23/2026,264.0,264.0,256.2,258.0,-2.27,143441.0,284.0,205.0
MBL,9/24/2026,257.0,260.0,256.3,258.5,0.58,174021.0,284.0,205.0
MBL,9/28/2026,256.0,256.0,246.0,249.9,-2.38,95449.0,284.0,205.0
MBL,9/29/2026,250.0,251.0,246.1,0.0,-100.0,113600.0,284.0,205.0
MBL,9/30/2026,251.9,251.9,247.5,247.8,-1.63,76368.0,284.0,205.0
MBL,10/1/2026,249.0,251.9,248.1,251.9,1.16,87576.0,284.0,205.0
MBL,10/2/2026,250.0,252.0,248.4,250.0,0.0,56834.0,284.0,205.0
MBLD2085,12/23/2025,1170.0,1170.0,1170.0,1170.0,,100.0,1268.19,1121.2
MBLD2085,12/24/2025,1180.0,1180.0,1180.0,1180.0,0.85,500.0,1268.19,1121.2
MBLD2085,12/29/2025,1170.0,1170.0,1170.0,1170.0,-0.85,15.0,1268.19,1121.2
MBLD2085,12/31/2025,1184.0,1185.0,1184.0,1185.0,1.28,130.0,1268.19,1121.2
MBLD2085,1/4/2026,1164.9,1164.9,1164.9,1164.9,-1.7,25.0,1268.19,1121.2
MBLD2085,1/5/2026,1164.7,1164.7,1164.7,1164.7,-0.02,10.0,1268.19,1121.2
MBLD2085,1/6/2026,1170.1,1180.0,1170.1,1180.0,1.31,151.0,1268.19,1121.2
MBLD2085,1/8/2026,1157.1,1157.1,1157.0,1157.0,-1.95,100.0,1268.19,1121.2
MBLD2085,1/18/2026,1150.0,1150.0,1150.0,1150.0,-0.61,10.0,1268.19,1121.2
MBLD2085,1/20/2026,1150.0,1150.0,1150.0,1150.0,0.0,15.0,1268.19,1121.2
MBLD2085,1/22/2026,1150.0,1150.0,1150.0,1150.0,0.0,5.0,1268.19,1121.2
MBLD2085,2/1/2026,1131.0,1131.0,1131.0,1131.0,-1.65,25.0,1268.19,1121.2
MBLD2085,2/4/2026,1139.0,1140.0,1139.0,1140.0,0.8,125.0,1268.19,1121.2
MBLD2085,2/5/2026,1123.1,1123.1,1123.1,1123.1,-1.48,25.0,1268.19,1121.2
MBLD2085,2/9/2026,1130.0,1130.0,1130.0,1130.0,0.61,74.0,1268.19,1121.2
MBLD2085,2/12/2026,1130.0,1130.0,1130.0,1130.0,0.0,10.0,1268.19,1121.2
MBLD2085,2/17/2026,1121.2,1125.1,1121.2,1125.1,-0.43,125.0,1268.19,1121.2
MBLD2085,3/2/2026,1139.0,1139.0,1139.0,1139.0,1.24,25.0,1268.19,1121.2
MBLD2085,3/3/2026,1160.0,1160.0,1160.0,1160.0,1.84,25.0,1268.19,1121.2
MBLD2085,3/4/2026,1160.0,1160.0,1160.0,1160.0,0.0,25.0,1268.19,1121.2
MBLD2085,3/5/2026,1160.0,1160.0,1160.0,1160.0,0.0,25.0,1268.19,1121.2
MBLD2085,3/6/2026,1160.0,1160.0,1160.0,1160.0,0.0,25.0,1268.19,1121.2
MBLD2085,3/7/2026,1160.0,1160.0,1160.0,1160.0,0.0,25.0,1268.19,1121.2
MBLD2085,3/8/2026,1160.0,1160.0,1160.0,1160.0,0.0,25.0,1268.19,1121.2
MBLD2085,3/12/2026,1165.0,1165.0,1165.0,1165.0,0.43,50.0,1268.19,1121.2
MBLD2085,3/13/2026,1165.0,1165.0,1165.0,1165.0,0.0,50.0,1268.19,1121.2
MBLD2085,3/14/2026,1165.0,1165.0,1165.0,1165.0,0.0,50.0,1268.19,1121.2
MBLD2085,3/15/2026,1165.0,1165.0,1165.0,1165.0,0.0,150.0,1268.19,1121.2
MBLD2085,3/17/2026,1165.0,1184.0,1165.0,1184.0,1.63,275.0,1268.19,1121.2
MBLD2085,3/18/2026,1165.0,1184.0,1165.0,1184.0,0.0,275.0,1268.19,1121.2
MBLD2085,5/21/2026,1200.0,1235.0,1200.0,1235.0,2.92,50.0,1268.19,1121.2
MBLD2085,5/25/2026,1200.0,1200.0,1200.0,1200.0,0.0,100.0,1268.19,1121.2
MBLD2085,5/27/2026,1164.0,1164.0,1129.1,1129.1,-3.0,25.0,1268.19,1121.2
MBLD2085,6/4/2026,1150.0,1150.0,1150.0,1150.0,0.0,100.0,1268.19,1121.2
MBLD2085,7/1/2026,1150.0,1150.0,1150.0,1184.5,3.0,5.0,1268.19,1121.2
MBLD2085,7/8/2026,1165.0,1165.0,1165.0,1165.0,0.0,80000.0,1268.19,1121.2
MBLD2085,7/13/2026,1171.0,1171.0,1163.0,1163.0,-0.68,50000.0,1268.19,1121.2
MBLD2085,7/15/2026,1132.7,1132.7,1132.7,1132.7,0.0,25.0,1268.19,1121.2
MBLD2085,7/16/2026,1132.7,1230.0,1132.7,1233.0,8.85,33.0,1268.19,1121.2
MBLD2085,7/23/2026,1196.1,1205.0,1196.1,1225.0,2.42,75.0,1268.19,1121.2
MBLD2085,8/6/2026,1188.3,1188.3,1188.3,1188.3,0.0,125.0,1268.19,1121.2
MBLD87,12/21/2025,1112.0,1169.0,1112.0,1169.0,,250.0,1171.0,1074.0
MBLD87,12/24/2025,1146.0,1146.0,1146.0,1146.0,-1.97,25.0,1171.0,1074.0
MBLD87,1/5/2026,1123.1,1123.1,1123.1,1123.1,-2.0,40.0,1171.0,1074.0
MBLD87,1/12/2026,1145.5,1145.5,1145.5,1145.5,1.99,25.0,1171.0,1074.0
MBLD87,1/27/2026,1123.0,1123.0,1123.0,1123.0,-1.96,50.0,1171.0,1074.0
MBLD87,2/8/2026,1101.0,1101.0,1101.0,1101.0,-1.96,10.0,1171.0,1074.0
MBLD87,2/10/2026,1104.0,1104.0,1103.0,1103.0,0.18,100.0,1171.0,1074.0
MBLD87,2/11/2026,1109.2,1109.2,1109.2,1109.2,0.56,25.0,1171.0,1074.0
MBLD87,2/17/2026,1087.1,1087.1,1087.1,1087.1,-1.99,65.0,1171.0,1074.0
MBLD87,2/24/2026,1083.0,1083.0,1083.0,1083.0,-0.38,40.0,1171.0,1074.0
MBLD87,3/3/2026,1085.0,1085.0,1085.0,1085.0,0.18,25.0,1171.0,1074.0
MBLD87,3/4/2026,1085.0,1085.0,1085.0,1085.0,0.0,25.0,1171.0,1074.0
MBLD87,3/5/2026,1085.0,1085.0,1085.0,1085.0,0.0,25.0,1171.0,1074.0
MBLD87,3/6/2026,1085.0,1085.0,1085.0,1085.0,0.0,25.0,1171.0,1074.0
MBLD87,3/7/2026,1085.0,1085.0,1085.0,1085.0,0.0,25.0,1171.0,1074.0
MBLD87,3/8/2026,1085.0,1085.0,1085.0,1085.0,0.0,25.0,1171.0,1074.0
MBLD87,3/12/2026,1106.7,1106.7,1106.0,1106.0,1.94,50.0,1171.0,1074.0
MBLD87,3/13/2026,1106.7,1106.7,1106.0,1106.0,0.0,50.0,1171.0,1074.0
MBLD87,3/14/2026,1106.7,1106.7,1106.0,1106.0,0.0,50.0,1171.0,1074.0
MBLD87,3/16/2026,1087.9,1106.0,1087.9,1106.0,0.0,50.0,1171.0,1074.0
MBLD87,3/22/2026,1128.0,1128.0,1128.0,1128.0,1.99,430.0,1171.0,1074.0
MBLD87,4/10/2026,1106.0,1106.0,1106.0,1106.0,0.0,25.0,1171.0,1074.0
MBLD87,4/23/2026,1138.0,1138.0,1138.0,1138.0,0.0,25.0,1171.0,1074.0
MBLD87,5/20/2026,1138.7,1138.7,1138.7,1138.7,0.0,30.0,1171.0,1074.0
MBLD87,6/3/2026,1127.0,1127.0,1127.0,1127.0,0.0,40.0,1171.0,1074.0
MBLD87,6/4/2026,1142.1,1142.1,1142.1,1142.1,0.0,188.0,1171.0,1074.0
MBLD87,6/9/2026,1127.0,1127.0,1127.0,1127.0,0.0,40.0,1171.0,1074.0
MBLD87,6/15/2026,1107.0,1107.0,1107.0,1107.0,0.0,25.0,1171.0,1074.0
MBLD87,6/18/2026,1107.0,1107.0,1107.0,1107.0,0.0,5.0,1171.0,1074.0
MBLD87,6/19/2026,1148.0,1148.0,1148.0,1148.0,0.0,5000.0,1171.0,1074.0
MBLD87,6/26/2026,1147.0,1147.0,1147.0,1147.0,0.0,20.0,1171.0,1074.0
MBLD87,6/29/2026,1147.0,1147.0,1147.0,1147.0,0.0,20.0,1171.0,1074.0
MBLD87,7/7/2026,1117.0,1117.0,1117.0,1117.0,0.0,10000.0,1171.0,1074.0
MBLD87,7/10/2026,1136.0,1145.0,1136.0,1145.1,0.8,100003.0,1171.0,1074.0
MBLD87,7/14/2026,1145.18,1171.0,1138.0,1171.0,2.25,32669.0,1171.0,1074.0
MBLD87,7/20/2026,1161.0,1161.0,1161.0,1161.0,0.0,25.0,1171.0,1074.0
MBLD87,7/21/2026,1161.0,1161.0,1161.0,1161.0,0.0,5.0,1171.0,1074.0
MBLD87,8/18/2026,1126.2,1126.2,1126.2,1126.2,0.0,28.0,1171.0,1074.0
MBLD87,8/25/2026,1127.0,1127.0,1127.0,1127.0,0.0,30.0,1171.0,1074.0
MBLD87,9/3/2026,1127.0,1127.0,1127.0,1127.0,0.0,65.0,1171.0,1074.0
MBLD87,9/23/2026,1127.0,1127.0,1127.0,1127.0,0.0,14.0,1171.0,1074.0
MBLD87,10/1/2026,1094.2,1094.2,1094.2,1094.2,0.0,11.0,1171.0,1074.0
MBLEF,12/21/2025,9.26,9.44,9.13,9.27,,111700.0,10.89,8.44
MBLEF,12/22/2025,9.2,9.35,9.11,9.35,0.86,7000.0,10.89,8.44
MBLEF,12/23/2025,9.25,9.35,9.25,9.31,-0.43,5050.0,10.89,8.44
MBLEF,12/24/2025,9.31,9.35,9.31,9.33,0.21,3500.0,10.89,8.44
MBLEF,12/28/2025,9.33,9.49,9.31,9.49,1.71,63550.0,10.89,8.44
MBLEF,12/29/2025,9.36,9.53,9.36,9.53,0.42,5550.0,10.89,8.44
MBLEF,12/31/2025,9.38,9.57,9.38,9.5,-0.31,4300.0,10.89,8.44
MBLEF,1/1/2026,9.51,9.68,9.51,9.54,0.42,67643.0,10.89,8.44
MBLEF,1/4/2026,9.54,9.71,9.54,9.6,0.63,16000.0,10.89,8.44
MBLEF,1/5/2026,9.59,9.59,9.5,9.57,-0.31,23500.0,10.89,8.44
MBLEF,1/6/2026,9.58,9.75,9.58,9.62,0.52,4000.0,10.89,8.44
MBLEF,1/7/2026,9.63,9.79,9.63,9.64,0.21,7545.0,10.89,8.44
MBLEF,1/8/2026,9.45,9.71,9.45,9.58,-0.62,4200.0,10.89,8.44
MBLEF,1/12/2026,9.58,9.77,9.58,9.77,1.98,7500.0,10.89,8.44
MBLEF,1/13/2026,9.6,9.77,9.6,9.77,0.0,4550.0,10.89,8.44
MBLEF,1/14/2026,9.7,9.8,9.62,9.65,-1.23,3250.0,10.89,8.44
MBLEF,1/18/2026,9.46,9.68,9.46,9.68,0.31,4175.0,10.89,8.44
MBLEF,1/20/2026,9.52,9.87,9.52,9.63,-0.52,21022.0,10.89,8.44
MBLEF,1/21/2026,9.55,9.82,9.55,9.72,0.93,5750.0,10.89,8.44
MBLEF,1/22/2026,9.91,9.91,9.68,9.73,0.1,24700.0,10.89,8.44
MBLEF,1/25/2026,9.73,10.0,9.65,9.91,1.85,1004350.0,10.89,8.44
MBLEF,1/26/2026,10.0,10.05,9.81,9.91,0.0,1936245.0,10.89,8.44
MBLEF,1/27/2026,9.9,10.1,9.9,10.0,0.91,17600.0,10.89,8.44
MBLEF,1/28/2026,9.82,10.17,9.82,10.17,1.7,18660.0,10.89,8.44
MBLEF,1/29/2026,10.1,10.19,10.0,10.03,-1.38,30550.0,10.89,8.44
MBLEF,2/1/2026,10.0,10.2,10.0,10.01,-0.2,19750.0,10.89,8.44
MBLEF,2/2/2026,10.1,10.1,10.05,10.05,0.4,18900.0,10.89,8.44
MBLEF,2/3/2026,10.01,10.2,9.99,10.02,-0.3,92700.0,10.89,8.44
MBLEF,2/4/2026,10.2,10.2,10.0,10.07,0.5,17349.0,10.89,8.44
MBLEF,2/5/2026,10.2,10.24,9.9,10.01,-0.6,5100.0,10.89,8.44
MBLEF,2/8/2026,9.96,10.1,9.96,10.1,0.9,24800.0,10.89,8.44
MBLEF,2/9/2026,10.0,10.21,10.0,10.09,-0.1,43400.0,10.89,8.44
MBLEF,2/10/2026,9.98,10.1,9.98,10.07,-0.2,38600.0,10.89,8.44
MBLEF,2/11/2026,9.95,10.12,9.95,10.1,0.3,48000.0,10.89,8.44
MBLEF,2/12/2026,10.2,10.2,9.91,10.09,-0.1,17400.0,10.89,8.44
MBLEF,2/16/2026,10.08,10.09,9.96,10.07,-0.2,21230.0,10.89,8.44
MBLEF,2/17/2026,10.02,10.26,10.01,10.01,-0.6,25400.0,10.89,8.44
MBLEF,2/22/2026,10.01,10.2,10.01,10.09,0.8,5020.0,10.89,8.44
MBLEF,2/23/2026,10.0,10.1,10.0,10.1,0.1,3300.0,10.89,8.44
MBLEF,2/24/2026,10.06,10.25,10.05,10.1,0.0,4050.0,10.89,8.44
MBLEF,2/25/2026,9.9,10.28,9.9,10.04,-0.59,23900.0,10.89,8.44
MBLEF,2/26/2026,10.24,10.24,10.04,10.04,0.0,2600.0,10.89,8.44
MBLEF,2/27/2026,10.24,10.24,10.04,10.04,0.0,2600.0,10.89,8.44
MBLEF,2/28/2026,10.24,10.24,10.04,10.04,0.0,2600.0,10.89,8.44
MBLEF,3/2/2026,10.04,10.24,10.04,10.05,0.1,374600.0,10.89,8.44
MBLEF,3/3/2026,10.05,10.25,10.05,10.12,0.7,32100.0,10.89,8.44
MBLEF,3/4/2026,10.05,10.25,10.05,10.12,0.0,32100.0,10.89,8.44
MBLEF,3/5/2026,10.05,10.25,10.05,10.12,0.0,32100.0,10.89,8.44
MBLEF,3/6/2026,10.05,10.25,10.05,10.12,0.0,32100.0,10.89,8.44
MBLEF,3/7/2026,10.05,10.25,10.05,10.12,0.0,32100.0,10.89,8.44
MBLEF,3/8/2026,10.05,10.25,10.05,10.12,0.0,32100.0,10.89,8.44
MBLEF,3/10/2026,10.1,10.43,10.1,10.43,3.06,8900.0,10.89,8.44
MBLEF,3/11/2026,10.3,10.5,10.1,10.5,0.67,1067820.0,10.89,8.44
MBLEF,3/12/2026,10.29,10.69,10.13,10.69,1.81,12800.0,10.89,8.44
MBLEF,3/13/2026,10.29,10.69,10.13,10.69,0.0,12800.0,10.89,8.44
MBLEF,3/14/2026,10.29,10.69,10.13,10.69,0.0,12800.0,10.89,8.44
MBLEF,3/15/2026,10.59,10.65,10.11,10.4,-2.71,95150.0,10.89,8.44
MBLEF,3/16/2026,10.25,10.3,10.23,10.3,-0.96,104300.0,10.89,8.44
MBLEF,3/17/2026,10.17,10.39,10.17,10.3,0.0,59280.0,10.89,8.44
MBLEF,3/18/2026,10.17,10.39,10.17,10.3,0.0,59280.0,10.89,8.44
MBLEF,3/19/2026,10.25,10.4,10.25,10.32,0.19,5000.0,10.89,8.44
MBLEF,3/20/2026,10.25,10.4,10.25,10.32,0.0,5000.0,10.89,8.44
MBLEF,3/21/2026,10.25,10.4,10.25,10.32,0.0,5000.0,10.89,8.44
MBLEF,3/22/2026,10.33,10.53,10.33,10.41,0.87,26750.0,10.89,8.44
MBLEF,3/23/2026,10.45,10.7,10.3,10.3,-1.06,250411.0,10.89,8.44
MBLEF,3/24/2026,10.25,10.75,10.25,10.65,3.4,16830.0,10.89,8.44
MBLEF,3/25/2026,10.45,10.8,10.32,10.4,-2.35,5000.0,10.89,8.44
MBLEF,3/26/2026,10.21,10.7,10.21,10.6,3.82,270050.0,10.89,8.44
MBLEF,3/29/2026,10.39,10.51,10.21,10.31,-0.77,3450.0,10.89,8.44
MBLEF,3/30/2026,10.51,10.51,10.32,10.33,-1.71,7610.0,10.89,8.44
MBLEF,3/31/2026,10.16,10.41,10.16,10.26,0.98,35700.0,10.89,8.44
MBLEF,4/1/2026,10.25,10.3,10.25,10.3,0.49,30820.0,10.89,8.44
MBLEF,4/2/2026,10.25,10.26,10.15,10.25,0.0,18050.0,10.89,8.44
MBLEF,4/5/2026,10.14,10.44,10.14,10.14,0.0,13350.0,10.89,8.44
MBLEF,4/6/2026,9.94,10.4,9.94,10.4,4.63,13650.0,10.89,8.44
MBLEF,4/7/2026,10.2,10.48,10.05,10.2,0.0,2050.0,10.89,8.44
MBLEF,4/8/2026,10.05,10.42,10.05,10.24,1.89,24650.0,10.89,8.44
MBLEF,4/9/2026,10.23,10.43,10.1,10.1,-1.27,215010.0,10.89,8.44
MBLEF,4/10/2026,10.0,10.33,9.95,10.21,2.1,123400.0,10.89,8.44
MBLEF,4/13/2026,10.18,10.31,10.18,10.21,0.29,59800.0,10.89,8.44
MBLEF,4/15/2026,10.3,10.41,10.08,10.11,-1.84,30700.0,10.89,8.44
MBLEF,4/16/2026,10.31,10.31,10.13,10.16,-1.45,38900.0,10.89,8.44
MBLEF,4/17/2026,10.3,10.35,10.1,10.35,0.49,2400.0,10.89,8.44
MBLEF,4/20/2026,10.05,10.15,10.05,10.13,0.8,102200.0,10.89,8.44
MBLEF,4/21/2026,10.14,10.36,10.14,10.15,0.1,23450.0,10.89,8.44
MBLEF,4/22/2026,10.13,10.14,10.13,10.13,0.0,2500.0,10.89,8.44
MBLEF,4/23/2026,10.13,10.3,10.1,10.3,1.68,4750.0,10.89,8.44
MBLEF,4/24/2026,10.3,10.2,10.1,10.1,-1.94,1550.0,10.89,8.44
MBLEF,4/27/2026,10.1,10.3,9.84,10.29,1.88,4600.0,10.89,8.44
MBLEF,4/28/2026,10.29,10.2,9.99,10.05,-2.33,2400.0,10.89,8.44
MBLEF,4/29/2026,10.05,10.2,9.55,9.95,-1.0,1420.0,10.89,8.44
MBLEF,4/30/2026,9.85,10.14,9.85,10.0,1.52,3600.0,10.89,8.44
MBLEF,5/4/2026,10.0,10.2,9.86,9.88,-1.2,2800.0,10.89,8.44
MBLEF,5/5/2026,9.85,10.19,9.85,9.97,1.22,16270.0,10.89,8.44
MBLEF,5/6/2026,9.89,10.1,9.76,10.1,2.12,2200.0,10.89,8.44
MBLEF,5/7/2026,10.0,10.2,10.0,10.03,0.3,20100.0,10.89,8.44
MBLEF,5/8/2026,10.2,10.2,9.97,10.13,-0.69,12350.0,10.89,8.44
MBLEF,5/11/2026,10.1,10.3,10.0,10.02,-0.79,23400.0,10.89,8.44
MBLEF,5/12/2026,10.05,10.35,10.05,10.1,0.5,2600.0,10.89,8.44
MBLEF,5/13/2026,10.1,10.3,10.1,10.19,0.89,3400.0,10.89,8.44
MBLEF,5/14/2026,10.1,10.1,10.0,10.1,0.0,642550.0,10.89,8.44
MBLEF,5/15/2026,10.02,10.19,9.98,10.14,1.2,494035.0,10.89,8.44
MBLEF,5/18/2026,9.97,10.11,9.97,10.11,1.4,1300.0,10.89,8.44
MBLEF,5/19/2026,10.0,10.1,9.79,9.94,-0.6,3000.0,10.89,8.44
MBLEF,5/20/2026,9.92,10.27,9.92,10.2,2.82,1100.0,10.89,8.44
MBLEF,5/21/2026,9.93,10.2,9.93,10.05,1.21,12600.0,10.89,8.44
MBLEF,5/22/2026,10.19,10.19,9.93,10.05,-1.37,109800.0,10.89,8.44
MBLEF,5/25/2026,9.93,10.21,9.93,10.08,1.51,6309.0,10.89,8.44
MBLEF,5/26/2026,9.97,10.21,9.97,10.03,0.6,23445.0,10.89,8.44
MBLEF,5/27/2026,10.0,10.25,10.0,10.23,2.3,121600.0,10.89,8.44
MBLEF,6/1/2026,9.95,10.26,9.95,10.04,0.9,11200.0,10.89,8.44
MBLEF,6/2/2026,10.15,10.2,10.0,10.2,0.49,129550.0,10.89,8.44
MBLEF,6/3/2026,10.0,10.2,10.0,10.2,2.0,84600.0,10.89,8.44
MBLEF,6/4/2026,9.97,10.2,9.97,10.15,1.81,3300.0,10.89,8.44
MBLEF,6/5/2026,10.0,10.2,10.0,10.2,2.0,42700.0,10.89,8.44
MBLEF,6/8/2026,10.01,10.2,10.01,10.2,1.9,6610.0,10.89,8.44
MBLEF,6/9/2026,10.0,10.1,10.0,10.0,0.0,2400.0,10.89,8.44
MBLEF,6/10/2026,10.0,10.27,10.0,10.2,2.0,6600.0,10.89,8.44
MBLEF,6/11/2026,10.0,10.01,10.0,10.01,0.1,900.0,10.89,8.44
MBLEF,6/12/2026,10.0,10.31,9.98,10.2,2.0,72210.0,10.89,8.44
MBLEF,6/15/2026,9.99,10.2,9.98,10.0,0.1,4000.0,10.89,8.44
MBLEF,6/16/2026,9.97,10.19,9.97,10.0,0.3,64100.0,10.89,8.44
MBLEF,6/17/2026,9.9,10.19,9.9,10.15,2.53,8800.0,10.89,8.44
MBLEF,6/18/2026,9.93,10.2,9.9,10.15,2.22,175700.0,10.89,8.44
MBLEF,6/19/2026,10.2,10.2,10.0,10.1,-0.98,2800.0,10.89,8.44
MBLEF,6/22/2026,10.0,10.1,9.95,9.95,-0.5,28700.0,10.89,8.44
MBLEF,6/23/2026,9.94,10.23,9.94,10.14,2.01,4200.0,10.89,8.44
MBLEF,6/24/2026,9.84,10.14,9.84,10.0,1.63,65670.0,10.89,8.44
MBLEF,6/26/2026,10.0,10.23,9.95,9.98,-0.2,66900.0,10.89,8.44
MBLEF,6/29/2026,9.86,10.1,9.86,9.95,0.91,25500.0,10.89,8.44
MBLEF,6/30/2026,9.93,10.09,9.93,9.96,0.3,3100.0,10.89,8.44
MBLEF,7/1/2026,10.22,10.22,9.92,10.0,-2.15,5100.0,10.89,8.44
MBLEF,7/2/2026,10.0,10.18,9.99,10.0,0.0,2750.0,10.89,8.44
MBLEF,7/3/2026,10.2,10.2,10.0,10.0,-1.96,300.0,10.89,8.44
MBLEF,7/6/2026,9.98,10.1,9.98,10.0,0.2,3400.0,10.89,8.44
MBLEF,7/7/2026,9.97,10.0,9.85,9.95,-0.2,2650.0,10.89,8.44
MBLEF,7/8/2026,9.95,10.15,9.9,10.0,0.5,800.0,10.89,8.44
MBLEF,7/9/2026,10.0,10.1,9.83,10.1,1.0,4450.0,10.89,8.44
MBLEF,7/10/2026,9.83,10.15,9.83,10.0,1.73,1000.0,10.89,8.44
MBLEF,7/13/2026,10.0,10.17,9.91,9.91,-0.9,510600.0,10.89,8.44
MBLEF,7/14/2026,9.91,10.18,9.83,10.07,1.61,16500.0,10.89,8.44
MBLEF,7/15/2026,9.88,10.14,9.88,10.14,2.63,6200.0,10.89,8.44
MBLEF,7/16/2026,9.88,10.1,9.88,10.0,1.21,1600.0,10.89,8.44
MBLEF,7/17/2026,9.84,10.13,9.84,10.05,2.13,7970.0,10.89,8.44
MBLEF,7/20/2026,10.0,10.05,10.0,10.05,0.5,2000.0,10.89,8.44
MBLEF,7/21/2026,10.0,10.2,10.0,10.0,0.0,800.0,10.89,8.44
MBLEF,7/22/2026,10.0,10.28,10.0,10.2,2.0,900.0,10.89,8.44
MBLEF,7/23/2026,10.01,10.2,10.01,10.2,1.9,2000.0,10.89,8.44
MBLEF,7/24/2026,10.02,10.2,10.02,10.2,1.8,1500.0,10.89,8.44
MBLEF,7/27/2026,9.9,10.2,9.9,10.1,2.02,2700.0,10.89,8.44
MBLEF,7/28/2026,9.82,10.15,9.82,10.0,1.83,2800.0,10.89,8.44
MBLEF,7/29/2026,10.01,10.27,9.92,10.2,1.9,4900.0,10.89,8.44
MBLEF,7/30/2026,10.0,10.2,10.0,10.1,1.0,6350.0,10.89,8.44
MBLEF,7/31/2026,9.9,10.1,9.9,10.1,2.02,600.0,10.89,8.44
MBLEF,8/3/2026,9.82,10.28,9.8,10.01,1.93,1700.0,10.89,8.44
MBLEF,8/4/2026,10.26,10.3,10.0,10.25,-0.1,155270.0,10.89,8.44
MBLEF,8/5/2026,10.0,10.25,9.95,10.25,2.5,1300.0,10.89,8.44
MBLEF,8/6/2026,10.0,10.3,10.0,10.28,2.8,7210.0,10.89,8.44
MBLEF,8/7/2026,10.28,10.37,10.21,10.28,0.0,758456.0,10.89,8.44
MBLEF,8/10/2026,10.29,10.34,10.27,10.28,-0.1,581500.0,10.89,8.44
MBLEF,8/11/2026,10.21,10.34,10.21,10.32,1.08,30200.0,10.89,8.44
MBLEF,8/12/2026,10.13,10.34,10.13,10.34,2.07,137100.0,10.89,8.44
MBLEF,8/13/2026,10.23,10.51,10.23,10.51,2.74,146895.0,10.89,8.44
MBLEF,8/14/2026,10.4,10.4,10.36,10.38,-0.19,2000.0,10.89,8.44
MBLEF,8/17/2026,10.8,10.89,10.41,10.45,-3.24,46300.0,10.89,8.44
MBLEF,8/18/2026,10.14,10.14,9.73,9.92,-2.17,56700.0,10.89,8.44
MBLEF,8/19/2026,9.7,9.7,9.7,9.7,0.0,2750.0,10.89,8.44
MBLEF,8/20/2026,9.51,9.7,9.51,9.57,0.63,500.0,10.89,8.44
MBLEF,8/21/2026,9.51,9.53,9.51,9.53,0.21,500.0,10.89,8.44
MBLEF,8/24/2026,9.54,9.69,9.54,9.55,0.1,11300.0,10.89,8.44
MBLEF,8/25/2026,9.56,9.56,9.53,9.56,0.0,5300.0,10.89,8.44
MBLEF,8/26/2026,9.56,9.7,9.56,9.58,0.21,1900.0,10.89,8.44
MBLEF,8/27/2026,9.58,9.67,9.51,9.51,-0.73,21300.0,10.89,8.44
MBLEF,8/31/2026,9.5,9.52,8.44,8.5,-10.53,73543.0,10.89,8.44
MBLEF,9/1/2026,8.5,9.21,8.5,9.0,5.88,3330.0,10.89,8.44
MBLEF,9/2/2026,9.0,9.1,9.0,9.04,0.44,900.0,10.89,8.44
MBLEF,9/3/2026,9.07,9.31,9.07,9.13,0.66,14893.0,10.89,8.44
MBLEF,9/7/2026,9.13,9.15,9.13,9.15,0.22,930.0,10.89,8.44
MBLEF,9/9/2026,9.03,9.15,9.03,9.1,0.78,1700.0,10.89,8.44
MBLEF,9/10/2026,9.2,9.36,9.07,9.16,-0.43,2630.0,10.89,8.44
MBLEF,9/11/2026,9.16,9.41,9.16,9.21,0.55,1350.0,10.89,8.44
MBLEF,9/14/2026,9.21,9.23,9.21,9.22,0.11,500.0,10.89,8.44
MBLEF,9/15/2026,9.22,9.35,9.15,9.32,1.08,13600.0,10.89,8.44
MBLEF,9/16/2026,9.11,9.25,9.11,9.25,1.54,6200.0,10.89,8.44
MBLEF,9/17/2026,9.25,9.25,9.2,9.21,-0.43,900.0,10.89,8.44
MBLEF,9/18/2026,9.25,9.27,9.17,9.27,0.22,3472.0,10.89,8.44
MBLEF,9/22/2026,9.12,9.27,9.12,9.27,1.64,700.0,10.89,8.44
MBLEF,9/23/2026,9.0,9.44,9.0,9.3,3.33,14800.0,10.89,8.44
MBLEF,9/24/2026,9.3,9.3,9.25,9.29,-0.11,5400.0,10.89,8.44
MBLEF,9/28/2026,9.1,9.35,9.1,9.35,2.75,16153.0,10.89,8.44
MBLEF,9/29/2026,9.12,9.14,9.12,0.0,-100.0,800.0,10.89,8.44
MBLEF,9/30/2026,9.07,9.1,9.07,9.07,0.0,10200.0,10.89,8.44
MBLEF,10/1/2026,9.0,9.29,9.0,9.09,1.0,600.0,10.89,8.44
MBLEF,10/2/2026,9.0,9.1,9.0,9.1,1.11,2100.0,10.89,8.44
MBLPO,7/2/2026,132.0,132.0,132.0,132.0,0.0,2686.0,132.0,100.0
MCHL,12/21/2025,475.0,475.0,463.0,471.0,,3998.0,538.9,232.0
MCHL,12/22/2025,462.0,464.0,456.0,456.1,-3.16,5743.0,538.9,232.0
MCHL,12/23/2025,456.1,456.1,428.6,454.0,-0.46,4887.0,538.9,232.0
MCHL,12/24/2025,450.0,472.0,450.0,456.1,0.46,4585.0,538.9,232.0
MCHL,12/28/2025,450.0,463.0,450.0,458.9,0.61,4830.0,538.9,232.0
MCHL,12/29/2025,449.8,455.0,447.0,447.0,-2.59,4722.0,538.9,232.0
MCHL,12/31/2025,440.0,442.0,426.0,431.1,-3.56,25570.0,538.9,232.0
MCHL,1/1/2026,428.0,439.0,424.0,431.5,0.09,8513.0,538.9,232.0
MCHL,1/4/2026,440.1,440.1,416.7,425.0,-1.51,5855.0,538.9,232.0
MCHL,1/5/2026,425.0,433.0,416.1,419.0,-1.41,8148.0,538.9,232.0
MCHL,1/6/2026,427.3,436.0,412.5,430.0,2.63,14713.0,538.9,232.0
MCHL,1/7/2026,430.0,437.9,421.0,422.1,-1.84,4187.0,538.9,232.0
MCHL,1/8/2026,423.0,429.8,418.1,423.9,0.43,1814.0,538.9,232.0
MCHL,1/12/2026,417.1,426.0,415.0,417.0,-1.63,4610.0,538.9,232.0
MCHL,1/13/2026,422.0,426.0,413.0,426.0,2.16,9347.0,538.9,232.0
MCHL,1/14/2026,434.0,434.0,416.0,424.0,-0.47,13365.0,538.9,232.0
MCHL,1/18/2026,428.0,431.0,419.0,427.0,0.71,8720.0,538.9,232.0
MCHL,1/20/2026,431.0,431.0,416.5,425.6,-0.33,13399.0,538.9,232.0
MCHL,1/21/2026,430.0,431.0,419.4,427.8,0.52,8780.0,538.9,232.0
MCHL,1/22/2026,420.1,428.4,420.1,422.0,-1.36,10322.0,538.9,232.0
MCHL,1/25/2026,426.0,450.0,420.7,449.8,6.59,30530.0,538.9,232.0
MCHL,1/26/2026,443.0,449.0,437.0,442.0,-1.73,10668.0,538.9,232.0
MCHL,1/27/2026,449.0,449.9,429.1,431.0,-2.49,13046.0,538.9,232.0
MCHL,1/28/2026,431.0,448.0,423.2,441.5,2.44,25270.0,538.9,232.0
MCHL,1/29/2026,448.0,465.0,440.0,449.0,1.7,21123.0,538.9,232.0
MCHL,2/1/2026,455.0,455.0,438.2,439.5,-2.12,6336.0,538.9,232.0
MCHL,2/2/2026,448.0,448.0,431.1,431.1,-1.91,4618.0,538.9,232.0
MCHL,2/3/2026,431.0,439.0,426.9,432.0,0.21,6369.0,538.9,232.0
MCHL,2/4/2026,432.0,454.9,428.1,451.1,4.42,19283.0,538.9,232.0
MCHL,2/5/2026,450.0,455.0,446.0,453.0,0.42,9819.0,538.9,232.0
MCHL,2/8/2026,462.0,462.0,431.2,444.9,-1.79,12522.0,538.9,232.0
MCHL,2/9/2026,436.1,442.0,434.0,439.0,-1.33,5525.0,538.9,232.0
MCHL,2/10/2026,447.0,447.0,429.4,441.0,0.46,6029.0,538.9,232.0
MCHL,2/11/2026,434.2,440.0,430.0,437.0,-0.91,3883.0,538.9,232.0
MCHL,2/12/2026,429.5,437.0,428.3,428.3,-1.99,10436.0,538.9,232.0
MCHL,2/16/2026,423.6,435.0,422.0,427.0,-0.3,5347.0,538.9,232.0
MCHL,2/17/2026,421.0,425.0,418.0,420.0,-1.64,4479.0,538.9,232.0
MCHL,2/22/2026,417.1,418.0,395.2,404.0,-3.81,10159.0,538.9,232.0
MCHL,2/23/2026,404.0,418.0,392.0,408.0,0.99,11602.0,538.9,232.0
MCHL,2/24/2026,415.0,415.0,407.1,413.0,1.23,2529.0,538.9,232.0
MCHL,2/25/2026,419.9,421.2,405.0,411.8,-0.29,7429.0,538.9,232.0
MCHL,2/26/2026,405.0,413.1,405.0,407.7,-1.0,5518.0,538.9,232.0
MCHL,2/27/2026,405.0,413.1,405.0,407.7,0.0,5518.0,538.9,232.0
MCHL,2/28/2026,405.0,413.1,405.0,407.7,0.0,5518.0,538.9,232.0
MCHL,3/2/2026,401.0,415.8,400.2,415.8,1.99,6125.0,538.9,232.0
MCHL,3/3/2026,415.0,424.0,410.0,421.5,1.37,4878.0,538.9,232.0
MCHL,3/4/2026,415.0,424.0,410.0,421.5,0.0,4878.0,538.9,232.0
MCHL,3/5/2026,415.0,424.0,410.0,421.5,0.0,4878.0,538.9,232.0
MCHL,3/6/2026,415.0,424.0,410.0,421.5,0.0,4878.0,538.9,232.0
MCHL,3/7/2026,415.0,424.0,410.0,421.5,0.0,4878.0,538.9,232.0
MCHL,3/8/2026,415.0,424.0,410.0,421.5,0.0,4878.0,538.9,232.0
MCHL,3/9/2026,429.9,447.1,429.9,447.1,6.07,210.0,538.9,232.0
MCHL,3/10/2026,454.9,454.9,420.0,438.0,-2.04,16206.0,538.9,232.0
MCHL,3/11/2026,429.3,435.0,429.3,430.1,-1.8,7894.0,538.9,232.0
MCHL,3/12/2026,430.0,437.0,420.1,421.0,-2.12,8599.0,538.9,232.0
MCHL,3/13/2026,430.0,437.0,420.1,421.0,0.0,8599.0,538.9,232.0
MCHL,3/14/2026,430.0,437.0,420.1,421.0,0.0,8599.0,538.9,232.0
MCHL,3/15/2026,420.0,432.0,418.0,427.0,1.43,7775.0,538.9,232.0
MCHL,3/16/2026,435.0,435.0,422.0,422.0,-1.17,4943.0,538.9,232.0
MCHL,3/17/2026,420.5,425.9,418.1,422.0,0.0,10134.0,538.9,232.0
MCHL,3/18/2026,420.5,425.9,418.1,422.0,0.0,10134.0,538.9,232.0
MCHL,3/19/2026,414.0,432.0,414.0,426.0,0.95,18719.0,538.9,232.0
MCHL,3/20/2026,414.0,432.0,414.0,426.0,0.0,18719.0,538.9,232.0
MCHL,3/21/2026,414.0,432.0,414.0,426.0,0.0,18719.0,538.9,232.0
MCHL,3/22/2026,434.4,434.4,421.5,427.0,0.23,10822.0,538.9,232.0
MCHL,3/23/2026,424.0,430.0,417.4,420.0,-1.64,13781.0,538.9,232.0
MCHL,3/24/2026,420.0,425.0,416.0,425.0,1.19,15534.0,538.9,232.0
MCHL,3/25/2026,428.0,428.0,416.6,420.0,-1.18,6294.0,538.9,232.0
MCHL,3/26/2026,420.0,424.0,416.0,422.0,0.48,8266.0,538.9,232.0
MCHL,3/29/2026,421.0,423.5,410.0,410.0,-2.61,8299.0,538.9,232.0
MCHL,3/30/2026,407.0,413.0,406.0,406.0,-0.25,5355.0,538.9,232.0
MCHL,3/31/2026,402.1,411.0,402.1,411.0,2.21,3850.0,538.9,232.0
MCHL,4/1/2026,403.0,407.0,396.0,396.0,-1.74,9869.0,538.9,232.0
MCHL,4/2/2026,396.0,400.0,388.1,389.0,-1.77,7920.0,538.9,232.0
MCHL,4/5/2026,389.0,390.0,355.5,369.9,-4.91,4298.0,538.9,232.0
MCHL,4/6/2026,375.0,384.7,370.0,380.0,1.33,3744.0,538.9,232.0
MCHL,4/7/2026,387.0,388.5,373.1,380.0,-1.81,2535.0,538.9,232.0
MCHL,4/8/2026,385.0,385.8,376.0,380.0,-1.3,4718.0,538.9,232.0
MCHL,4/9/2026,375.1,391.0,374.2,385.0,2.64,7583.0,538.9,232.0
MCHL,4/10/2026,387.0,389.8,375.0,376.1,-2.82,4984.0,538.9,232.0
MCHL,4/13/2026,383.0,413.0,383.0,410.0,7.05,15833.0,538.9,232.0
MCHL,4/15/2026,418.2,426.4,403.3,407.0,-2.68,10558.0,538.9,232.0
MCHL,4/16/2026,400.1,405.0,393.6,394.0,-1.52,3422.0,538.9,232.0
MCHL,4/17/2026,394.0,398.0,388.0,388.0,-1.52,6361.0,538.9,232.0
MCHL,4/20/2026,407.4,417.0,381.4,386.0,-5.25,11152.0,538.9,232.0
MCHL,4/21/2026,386.0,396.9,375.4,380.0,-1.55,5555.0,538.9,232.0
MCHL,4/22/2026,373.0,373.0,362.0,370.0,-0.8,8848.0,538.9,232.0
MCHL,4/23/2026,370.0,380.0,360.1,363.0,-1.89,4997.0,538.9,232.0
MCHL,4/24/2026,363.0,366.0,350.0,350.3,-3.5,8872.0,538.9,232.0
MCHL,4/27/2026,350.3,350.0,325.0,345.0,-1.51,69180.0,538.9,232.0
MCHL,4/28/2026,345.0,345.0,325.0,336.1,-2.58,18911.0,538.9,232.0
MCHL,4/29/2026,336.1,346.0,320.0,328.8,-2.17,20288.0,538.9,232.0
MCHL,4/30/2026,337.0,337.0,320.0,322.0,-4.45,20167.0,538.9,232.0
MCHL,5/4/2026,322.0,327.0,313.0,313.0,-2.8,3148.0,538.9,232.0
MCHL,5/5/2026,320.0,344.9,316.3,320.0,0.0,6463.0,538.9,232.0
MCHL,5/6/2026,317.0,318.6,305.0,312.0,-1.58,21780.0,538.9,232.0
MCHL,5/7/2026,312.0,312.0,297.2,298.0,-4.49,28332.0,538.9,232.0
MCHL,5/8/2026,306.0,306.0,298.0,301.0,-1.63,11856.0,538.9,232.0
MCHL,5/11/2026,310.0,327.6,303.0,321.0,3.55,28872.0,538.9,232.0
MCHL,5/12/2026,324.7,326.0,310.0,315.0,-2.99,14790.0,538.9,232.0
MCHL,5/13/2026,323.6,323.6,310.0,315.0,-2.66,3705.0,538.9,232.0
MCHL,5/14/2026,307.4,315.0,307.3,312.0,1.5,6826.0,538.9,232.0
MCHL,5/15/2026,313.5,317.5,309.0,312.0,-0.48,7052.0,538.9,232.0
MCHL,5/18/2026,308.0,315.3,306.1,310.0,0.65,8877.0,538.9,232.0
MCHL,5/19/2026,294.5,312.0,294.5,311.0,5.6,4215.0,538.9,232.0
MCHL,5/20/2026,305.1,321.3,305.1,321.3,5.31,10616.0,538.9,232.0
MCHL,5/21/2026,321.3,325.8,312.3,319.4,-0.59,13346.0,538.9,232.0
MCHL,5/22/2026,312.1,324.0,312.1,322.9,3.46,4705.0,538.9,232.0
MCHL,5/25/2026,323.0,329.9,313.4,323.0,0.0,26885.0,538.9,232.0
MCHL,5/26/2026,324.0,324.0,316.1,322.0,-0.62,4763.0,538.9,232.0
MCHL,5/27/2026,318.4,326.8,318.4,322.9,1.41,8972.0,538.9,232.0
MCHL,6/1/2026,319.0,321.9,312.1,316.9,-0.66,5113.0,538.9,232.0
MCHL,6/2/2026,311.2,320.0,311.2,318.3,2.28,7145.0,538.9,232.0
MCHL,6/3/2026,324.9,324.9,315.1,320.0,-1.51,4404.0,538.9,232.0
MCHL,6/4/2026,312.1,321.0,312.1,317.0,1.57,4459.0,538.9,232.0
MCHL,6/5/2026,313.4,318.0,313.0,315.3,0.61,3943.0,538.9,232.0
MCHL,6/8/2026,315.0,315.2,307.6,307.6,-2.35,3400.0,538.9,232.0
MCHL,6/9/2026,307.1,318.2,304.1,313.0,1.92,7984.0,538.9,232.0
MCHL,6/10/2026,315.0,320.0,310.0,317.9,0.92,3689.0,538.9,232.0
MCHL,6/11/2026,311.0,320.3,311.0,311.1,0.03,4130.0,538.9,232.0
MCHL,6/12/2026,310.0,313.5,305.3,312.0,0.65,3163.0,538.9,232.0
MCHL,6/15/2026,308.0,315.9,308.0,308.0,0.0,6989.0,538.9,232.0
MCHL,6/16/2026,315.0,330.0,308.1,324.0,2.86,47852.0,538.9,232.0
MCHL,6/17/2026,328.0,342.0,320.0,327.1,-0.27,131869.0,538.9,232.0
MCHL,6/18/2026,343.3,343.3,318.2,320.0,-6.79,8332.0,538.9,232.0
MCHL,6/19/2026,320.0,323.8,315.2,318.0,-0.62,8160.0,538.9,232.0
MCHL,6/22/2026,317.0,317.0,310.1,310.7,-1.99,13624.0,538.9,232.0
MCHL,6/23/2026,300.0,314.9,298.8,308.7,2.9,31429.0,538.9,232.0
MCHL,6/24/2026,302.0,310.0,302.0,303.0,0.33,10467.0,538.9,232.0
MCHL,6/26/2026,301.1,304.9,292.1,302.0,0.3,8061.0,538.9,232.0
MCHL,6/29/2026,302.0,302.0,290.0,293.0,-2.98,6863.0,538.9,232.0
MCHL,6/30/2026,288.1,297.0,288.1,288.2,0.03,5630.0,538.9,232.0
MCHL,7/1/2026,292.0,308.7,288.1,305.0,4.45,6437.0,538.9,232.0
MCHL,7/2/2026,303.5,305.9,300.0,304.8,0.43,1466.0,538.9,232.0
MCHL,7/3/2026,300.0,304.0,296.0,296.0,-1.33,3468.0,538.9,232.0
MCHL,7/6/2026,297.0,300.0,289.0,289.0,-2.69,4749.0,538.9,232.0
MCHL,7/7/2026,282.0,297.0,282.0,290.0,2.84,5362.0,538.9,232.0
MCHL,7/8/2026,290.0,290.0,277.5,285.0,-1.72,9671.0,538.9,232.0
MCHL,7/9/2026,293.0,293.0,274.0,274.1,-6.45,9006.0,538.9,232.0
MCHL,7/10/2026,276.0,282.2,274.6,274.6,-0.51,3577.0,538.9,232.0
MCHL,7/13/2026,282.7,282.8,262.0,275.0,-2.72,7761.0,538.9,232.0
MCHL,7/14/2026,275.0,275.0,265.0,272.5,-0.91,6724.0,538.9,232.0
MCHL,7/15/2026,273.0,284.8,270.0,278.0,1.83,8866.0,538.9,232.0
MCHL,7/16/2026,269.7,280.0,269.7,275.1,2.0,1917.0,538.9,232.0
MCHL,7/17/2026,283.0,293.0,280.0,290.0,2.47,13687.0,538.9,232.0
MCHL,7/20/2026,294.5,302.0,286.0,302.0,2.55,10307.0,538.9,232.0
MCHL,7/21/2026,302.1,306.0,293.0,301.3,-0.26,7178.0,538.9,232.0
MCHL,7/22/2026,293.0,304.5,290.0,293.0,0.0,7589.0,538.9,232.0
MCHL,7/23/2026,290.1,291.0,286.0,290.0,-0.03,5549.0,538.9,232.0
MCHL,7/24/2026,297.9,304.0,283.0,285.0,-4.33,9930.0,538.9,232.0
MCHL,7/27/2026,290.0,290.0,280.0,280.0,-3.45,6107.0,538.9,232.0
MCHL,7/28/2026,280.0,286.0,275.0,277.1,-1.04,5429.0,538.9,232.0
MCHL,7/29/2026,285.2,285.2,272.1,283.3,-0.67,4227.0,538.9,232.0
MCHL,7/30/2026,296.2,296.2,279.0,282.0,-4.79,3153.0,538.9,232.0
MCHL,7/31/2026,280.0,285.8,280.0,283.8,1.36,1507.0,538.9,232.0
MCHL,8/3/2026,280.0,283.9,280.0,283.9,1.39,974.0,538.9,232.0
MCHL,8/4/2026,279.0,289.8,279.0,287.7,3.12,3284.0,538.9,232.0
MCHL,8/5/2026,287.0,287.0,280.0,286.7,-0.1,5761.0,538.9,232.0
MCHL,8/6/2026,282.0,289.0,280.1,280.1,-0.67,4588.0,538.9,232.0
MCHL,8/7/2026,285.0,286.0,276.0,282.0,-1.05,4818.0,538.9,232.0
MCHL,8/10/2026,273.8,280.0,273.8,276.0,0.8,3409.0,538.9,232.0
MCHL,8/11/2026,275.0,283.2,275.0,282.0,2.55,2034.0,538.9,232.0
MCHL,8/12/2026,280.0,281.0,275.0,280.0,0.0,2155.0,538.9,232.0
MCHL,8/13/2026,282.0,288.0,280.0,280.0,-0.71,1799.0,538.9,232.0
MCHL,8/14/2026,280.0,288.0,277.0,280.0,0.0,4417.0,538.9,232.0
MCHL,8/17/2026,281.0,287.0,277.3,278.0,-1.07,2544.0,538.9,232.0
MCHL,8/18/2026,275.0,283.0,275.0,279.9,1.78,1023.0,538.9,232.0
MCHL,8/19/2026,277.0,283.0,275.0,282.0,1.81,5961.0,538.9,232.0
MCHL,8/20/2026,275.0,280.0,274.3,280.0,1.82,3530.0,538.9,232.0
MCHL,8/21/2026,275.0,288.0,275.0,279.0,1.45,2449.0,538.9,232.0
MCHL,8/24/2026,275.0,286.0,272.1,274.0,-0.36,2461.0,538.9,232.0
MCHL,8/25/2026,272.0,280.0,272.0,274.9,1.07,1100.0,538.9,232.0
MCHL,8/26/2026,272.0,272.0,257.2,261.0,-4.04,10078.0,538.9,232.0
MCHL,8/27/2026,256.0,257.0,247.0,254.0,-0.78,7893.0,538.9,232.0
MCHL,8/31/2026,246.4,249.0,233.1,238.8,-3.08,9868.0,538.9,232.0
MCHL,9/1/2026,232.0,254.9,232.0,247.6,6.72,9973.0,538.9,232.0
MCHL,9/2/2026,247.6,256.9,240.0,254.2,2.67,5699.0,538.9,232.0
MCHL,9/3/2026,248.0,260.9,241.7,253.0,2.02,5221.0,538.9,232.0
MCHL,9/7/2026,250.0,262.0,244.0,255.0,2.0,4308.0,538.9,232.0
MCHL,9/9/2026,259.9,259.9,247.5,247.5,-4.77,3493.0,538.9,232.0
MCHL,9/10/2026,243.1,249.0,242.5,248.0,2.02,3972.0,538.9,232.0
MCHL,9/11/2026,236.0,262.0,236.0,262.0,11.02,4251.0,538.9,232.0
MCHL,9/14/2026,262.0,269.6,254.2,264.0,0.76,3180.0,538.9,232.0
MCHL,9/15/2026,270.0,280.0,264.0,272.8,1.04,8576.0,538.9,232.0
MCHL,9/16/2026,272.8,277.0,263.0,274.0,0.44,3756.0,538.9,232.0
MCHL,9/17/2026,265.8,280.0,265.8,278.0,4.59,3905.0,538.9,232.0
MCHL,9/18/2026,274.0,280.0,265.8,277.7,1.35,4471.0,538.9,232.0
MCHL,9/22/2026,283.0,285.0,270.1,272.0,-3.89,9843.0,538.9,232.0
MCHL,9/23/2026,280.0,280.0,263.0,263.0,-6.07,2979.0,538.9,232.0
MCHL,9/24/2026,263.0,278.0,256.2,269.8,2.59,16324.0,538.9,232.0
MCHL,9/28/2026,262.0,275.0,262.0,265.0,1.15,6764.0,538.9,232.0
MCHL,9/29/2026,265.0,275.5,265.0,0.0,-100.0,9946.0,538.9,232.0
MCHL,9/30/2026,265.9,282.0,265.9,274.0,3.05,1394.0,538.9,232.0
MCHL,10/1/2026,266.0,274.0,266.0,273.9,2.97,2498.0,538.9,232.0
MCHL,10/2/2026,266.0,274.0,262.1,266.9,0.34,13315.0,538.9,232.0
MDB,7/28/2011,126.0,126.0,126.0,126.0,,40.0,705.8,530.5
MDB,8/1/2011,126.0,124.0,122.0,122.0,-3.17,120.0,705.8,530.5
MDB,8/3/2011,122.0,122.0,120.0,120.0,-1.64,270.0,705.8,530.5
MDB,8/4/2011,120.0,120.0,120.0,120.0,0.0,40.0,705.8,530.5
MDB,8/11/2011,120.0,122.0,122.0,122.0,1.67,220.0,705.8,530.5
MDB,8/16/2011,122.0,124.0,120.0,122.0,0.0,510.0,705.8,530.5
MDB,8/18/2011,122.0,120.0,112.0,112.0,-8.2,270.0,705.8,530.5
MDB,8/22/2011,112.0,110.0,101.0,103.0,-8.04,430.0,705.8,530.5
MDB,8/23/2011,103.0,101.0,99.0,99.0,-3.88,310.0,705.8,530.5
MDB,8/24/2011,99.0,100.0,98.0,100.0,1.01,750.0,705.8,530.5
MDB,8/25/2011,100.0,102.0,100.0,101.0,1.0,80.0,705.8,530.5
MDB,8/28/2011,101.0,100.0,99.0,100.0,-0.99,520.0,705.8,530.5
MDB,8/29/2011,100.0,102.0,101.0,102.0,2.0,80.0,705.8,530.5
MDB,8/30/2011,102.0,100.0,100.0,100.0,-1.96,640.0,705.8,530.5
MDB,9/1/2011,100.0,104.0,99.0,104.0,4.0,110.0,705.8,530.5
MDB,9/4/2011,104.0,102.0,101.0,101.0,-2.88,40.0,705.8,530.5
MDB,9/5/2011,101.0,101.0,100.0,101.0,0.0,130.0,705.8,530.5
MDB,9/6/2011,101.0,103.0,103.0,103.0,1.98,20.0,705.8,530.5
MDB,9/7/2011,103.0,105.0,102.0,102.0,-0.97,530.0,705.8,530.5
MDB,9/8/2011,102.0,102.0,100.0,102.0,0.0,770.0,705.8,530.5
MDB,9/12/2011,102.0,102.0,100.0,102.0,0.0,360.0,705.8,530.5
MDB,9/13/2011,102.0,104.0,102.0,102.0,0.0,310.0,705.8,530.5
MDB,9/14/2011,102.0,106.0,104.0,104.0,1.96,130.0,705.8,530.5
MDB,9/15/2011,104.0,106.0,103.0,106.0,1.92,120.0,705.8,530.5
MDB,9/18/2011,106.0,106.0,102.0,103.0,-2.83,400.0,705.8,530.5
MDB,9/19/2011,103.0,101.0,101.0,101.0,-1.94,30.0,705.8,530.5
MDB,9/20/2011,101.0,100.0,100.0,100.0,-0.99,20.0,705.8,530.5
MDB,9/21/2011,100.0,103.0,102.0,102.0,2.0,260.0,705.8,530.5
MDB,9/25/2011,102.0,102.0,101.0,101.0,-0.98,110.0,705.8,530.5
MDB,10/2/2011,101.0,99.0,99.0,99.0,-1.98,200.0,705.8,530.5
MDB,10/13/2011,99.0,98.0,98.0,98.0,-1.01,40.0,705.8,530.5
MDB,10/16/2011,98.0,99.0,99.0,99.0,1.02,30.0,705.8,530.5
MDB,10/17/2011,99.0,100.0,99.0,100.0,1.01,120.0,705.8,530.5
MDB,10/18/2011,100.0,101.0,100.0,101.0,1.0,170.0,705.8,530.5
MDB,10/19/2011,101.0,101.0,101.0,101.0,0.0,80.0,705.8,530.5
MDB,10/20/2011,101.0,101.0,101.0,101.0,0.0,80.0,705.8,530.5
MDB,10/23/2011,101.0,101.0,101.0,101.0,0.0,40.0,705.8,530.5
MDB,10/24/2011,101.0,102.0,100.0,102.0,0.99,170.0,705.8,530.5
MDB,10/31/2011,102.0,103.0,103.0,103.0,0.98,40.0,705.8,530.5
MDB,11/2/2011,103.0,105.0,104.0,105.0,1.94,80.0,705.8,530.5
MDB,11/3/2011,105.0,107.0,106.0,106.0,0.95,90.0,705.8,530.5
MDB,11/6/2011,106.0,108.0,107.0,107.0,0.94,80.0,705.8,530.5
MDB,11/8/2011,107.0,105.0,105.0,105.0,-1.87,60.0,705.8,530.5
MDB,11/9/2011,105.0,105.0,105.0,105.0,0.0,100.0,705.8,530.5
MDB,11/10/2011,105.0,107.0,102.0,102.0,-2.86,240.0,705.8,530.5
MDB,11/13/2011,102.0,102.0,102.0,102.0,0.0,180.0,705.8,530.5
MDB,11/14/2011,102.0,106.0,104.0,106.0,3.92,70.0,705.8,530.5
MDB,11/15/2011,106.0,108.0,108.0,108.0,1.89,140.0,705.8,530.5
MDB,11/16/2011,108.0,107.0,107.0,107.0,-0.93,60.0,705.8,530.5
MDB,11/17/2011,107.0,105.0,105.0,105.0,-1.87,720.0,705.8,530.5
MDB,11/20/2011,105.0,105.0,104.0,104.0,-0.95,940.0,705.8,530.5
MDB,11/21/2011,104.0,103.0,103.0,103.0,-0.96,100.0,705.8,530.5
MDB,11/22/2011,103.0,105.0,103.0,103.0,0.0,120.0,705.8,530.5
MDB,11/23/2011,103.0,103.0,102.0,102.0,-0.97,220.0,705.8,530.5
MDB,11/24/2011,102.0,102.0,102.0,102.0,0.0,150.0,705.8,530.5
MDB,11/27/2011,102.0,104.0,103.0,104.0,1.96,820.0,705.8,530.5
MDB,11/28/2011,104.0,103.0,103.0,103.0,-0.96,190.0,705.8,530.5
MDB,12/1/2011,100.0,101.0,100.0,100.0,-2.91,230.0,705.8,530.5
MDB,12/6/2011,100.0,100.0,99.0,99.0,-1.0,300.0,705.8,530.5
MDB,12/8/2011,99.0,98.0,98.0,98.0,-1.01,20.0,705.8,530.5
MDB,12/11/2011,98.0,97.0,96.0,96.0,-2.04,140.0,705.8,530.5
MDB,12/18/2011,96.0,97.0,97.0,97.0,1.04,30.0,705.8,530.5
MDB,12/19/2011,97.0,98.0,93.0,93.0,-4.12,280.0,705.8,530.5
MDB,12/20/2011,93.0,95.0,94.0,95.0,2.15,260.0,705.8,530.5
MDB,12/27/2011,95.0,98.0,96.0,98.0,3.16,180.0,705.8,530.5
MDB,12/29/2011,98.0,97.0,96.0,96.0,-2.04,320.0,705.8,530.5
MDB,1/9/2012,96.0,95.0,95.0,95.0,-1.04,300.0,705.8,530.5
MDB,1/11/2012,95.0,94.0,93.0,93.0,-2.11,360.0,705.8,530.5
MDB,1/12/2012,93.0,92.0,91.0,91.0,-2.15,330.0,705.8,530.5
MDB,1/16/2012,91.0,90.0,89.0,89.0,-2.2,230.0,705.8,530.5
MDB,1/17/2012,89.0,92.0,90.0,92.0,3.37,270.0,705.8,530.5
MDB,1/18/2012,92.0,93.0,91.0,91.0,-1.09,130.0,705.8,530.5
MDB,1/19/2012,91.0,90.0,90.0,90.0,-1.1,80.0,705.8,530.5
MDB,1/22/2012,90.0,93.0,91.0,92.0,2.22,550.0,705.8,530.5
MDB,1/23/2012,92.0,93.0,93.0,93.0,1.09,20.0,705.8,530.5
MDB,1/25/2012,93.0,94.0,93.0,94.0,1.08,200.0,705.8,530.5
MDB,1/26/2012,94.0,95.0,94.0,94.0,0.0,160.0,705.8,530.5
MDB,1/29/2012,94.0,97.0,95.0,97.0,3.19,140.0,705.8,530.5
MDB,1/31/2012,97.0,97.0,95.0,97.0,0.0,170.0,705.8,530.5
MDB,2/1/2012,97.0,97.0,96.0,97.0,0.0,230.0,705.8,530.5
MDB,2/2/2012,97.0,98.0,96.0,98.0,1.03,550.0,705.8,530.5
MDB,2/5/2012,98.0,100.0,98.0,100.0,2.04,580.0,705.8,530.5
MDB,2/6/2012,100.0,99.0,99.0,99.0,-1.0,170.0,705.8,530.5
MDB,2/7/2012,99.0,100.0,99.0,99.0,0.0,280.0,705.8,530.5
MDB,2/8/2012,99.0,100.0,98.0,98.0,-1.01,250.0,705.8,530.5
MDB,2/9/2012,98.0,99.0,99.0,99.0,1.02,20.0,705.8,530.5
MDB,2/12/2012,99.0,100.0,98.0,98.0,-1.01,340.0,705.8,530.5
MDB,2/13/2012,98.0,100.0,99.0,99.0,1.02,670.0,705.8,530.5
MDB,2/14/2012,99.0,101.0,100.0,101.0,2.02,80.0,705.8,530.5
MDB,2/15/2012,101.0,101.0,98.0,98.0,-2.97,540.0,705.8,530.5
MDB,2/16/2012,98.0,100.0,99.0,100.0,2.04,440.0,705.8,530.5
MDB,2/21/2012,100.0,100.0,99.0,100.0,0.0,320.0,705.8,530.5
MDB,2/26/2012,100.0,100.0,98.0,98.0,-2.0,200.0,705.8,530.5
MDB,2/27/2012,98.0,100.0,98.0,99.0,1.02,660.0,705.8,530.5
MDB,2/28/2012,99.0,99.0,97.0,97.0,-2.02,960.0,705.8,530.5
MDB,2/29/2012,97.0,97.0,97.0,97.0,0.0,240.0,705.8,530.5
MDB,3/1/2012,97.0,98.0,98.0,98.0,1.03,120.0,705.8,530.5
MDB,3/4/2012,98.0,99.0,98.0,99.0,1.02,200.0,705.8,530.5
MDB,3/5/2012,99.0,100.0,99.0,99.0,0.0,100.0,705.8,530.5
MDB,3/6/2012,99.0,100.0,99.0,100.0,1.01,60.0,705.8,530.5
MDB,3/11/2012,100.0,104.0,102.0,102.0,2.0,120.0,705.8,530.5
MDB,3/12/2012,102.0,104.0,104.0,104.0,1.96,20.0,705.8,530.5
MDB,3/13/2012,104.0,104.0,104.0,104.0,0.0,40.0,705.8,530.5
MDB,3/14/2012,104.0,102.0,102.0,102.0,-1.92,140.0,705.8,530.5
MDB,3/15/2012,102.0,100.0,100.0,100.0,-1.96,140.0,705.8,530.5
MDB,3/18/2012,100.0,99.0,98.0,98.0,-2.0,460.0,705.8,530.5
MDB,3/27/2012,98.0,97.0,95.0,95.0,-3.06,110.0,705.8,530.5
MDB,3/28/2012,95.0,95.0,94.0,94.0,-1.05,290.0,705.8,530.5
MDB,3/29/2012,94.0,97.0,95.0,96.0,2.13,160.0,705.8,530.5
MDB,4/1/2012,96.0,95.0,95.0,95.0,-1.04,50.0,705.8,530.5
MDB,4/2/2012,95.0,95.0,95.0,95.0,0.0,140.0,705.8,530.5
MDB,4/3/2012,95.0,94.0,94.0,94.0,-1.05,60.0,705.8,530.5
MDB,4/4/2012,94.0,95.0,94.0,94.0,0.0,210.0,705.8,530.5
MDB,4/8/2012,94.0,95.0,94.0,95.0,1.06,220.0,705.8,530.5
MDB,4/11/2012,95.0,95.0,94.0,95.0,0.0,40.0,705.8,530.5
MDB,4/17/2012,95.0,96.0,96.0,96.0,1.05,80.0,705.8,530.5
MDB,4/19/2012,96.0,97.0,97.0,97.0,1.04,60.0,705.8,530.5
MDB,4/30/2012,97.0,106.0,98.0,106.0,9.28,100.0,705.8,530.5
MDB,5/2/2012,106.0,114.0,108.0,112.0,5.66,570.0,705.8,530.5
MDB,5/3/2012,112.0,114.0,114.0,114.0,1.79,30.0,705.8,530.5
MDB,5/7/2012,114.0,122.0,116.0,122.0,7.02,40.0,705.8,530.5
MDB,5/8/2012,122.0,124.0,124.0,124.0,1.64,30.0,705.8,530.5
MDB,5/9/2012,124.0,126.0,122.0,126.0,1.61,430.0,705.8,530.5
MDB,5/10/2012,126.0,132.0,126.0,132.0,4.76,960.0,705.8,530.5
MDB,5/13/2012,132.0,136.0,128.0,134.0,1.52,870.0,705.8,530.5
MDB,5/15/2012,134.0,136.0,136.0,136.0,1.49,20.0,705.8,530.5
MDB,5/17/2012,136.0,140.0,138.0,138.0,1.47,600.0,705.8,530.5
MDB,5/20/2012,138.0,140.0,138.0,138.0,0.0,600.0,705.8,530.5
MDB,5/21/2012,138.0,146.0,136.0,146.0,5.8,560.0,705.8,530.5
MDB,5/22/2012,146.0,150.0,148.0,150.0,2.74,20.0,705.8,530.5
MDB,5/27/2012,150.0,147.0,147.0,147.0,-2.0,50.0,705.8,530.5
MDB,6/11/2012,147.0,145.0,133.0,133.0,-9.52,660.0,705.8,530.5
MDB,6/12/2012,133.0,131.0,120.0,120.0,-9.77,970.0,705.8,530.5
MDB,6/13/2012,120.0,120.0,118.0,120.0,0.0,1090.0,705.8,530.5
MDB,6/14/2012,120.0,118.0,115.0,116.0,-3.33,460.0,705.8,530.5
MDB,6/17/2012,116.0,118.0,115.0,115.0,-0.86,260.0,705.8,530.5
MDB,6/18/2012,115.0,120.0,114.0,120.0,4.35,420.0,705.8,530.5
MDB,6/19/2012,120.0,121.0,120.0,121.0,0.83,210.0,705.8,530.5
MDB,6/20/2012,121.0,120.0,120.0,120.0,-0.83,180.0,705.8,530.5
MDB,6/21/2012,120.0,118.0,118.0,118.0,-1.67,60.0,705.8,530.5
MDB,6/25/2012,118.0,118.0,116.0,116.0,-1.69,60.0,705.8,530.5
MDB,6/26/2012,116.0,117.0,117.0,117.0,0.86,40.0,705.8,530.5
MDB,6/27/2012,117.0,119.0,115.0,119.0,1.71,100.0,705.8,530.5
MDB,6/28/2012,119.0,121.0,120.0,120.0,0.84,60.0,705.8,530.5
MDB,7/1/2012,120.0,120.0,118.0,120.0,0.0,280.0,705.8,530.5
MDB,7/2/2012,120.0,118.0,118.0,118.0,-1.67,80.0,705.8,530.5
MDB,7/3/2012,118.0,120.0,118.0,118.0,0.0,260.0,705.8,530.5
MDB,7/5/2012,118.0,122.0,120.0,122.0,3.39,30.0,705.8,530.5
MDB,7/9/2012,122.0,122.0,120.0,122.0,0.0,160.0,705.8,530.5
MDB,7/10/2012,122.0,122.0,120.0,120.0,-1.64,160.0,705.8,530.5
MDB,7/12/2012,120.0,123.0,119.0,119.0,-0.83,320.0,705.8,530.5
MDB,7/15/2012,119.0,117.0,117.0,117.0,-1.68,20.0,705.8,530.5
MDB,7/16/2012,117.0,117.0,116.0,117.0,0.0,120.0,705.8,530.5
MDB,7/17/2012,117.0,116.0,116.0,116.0,-0.85,30.0,705.8,530.5
MDB,7/18/2012,116.0,120.0,118.0,120.0,3.45,220.0,705.8,530.5
MDB,7/19/2012,120.0,122.0,120.0,122.0,1.67,80.0,705.8,530.5
MDB,7/22/2012,122.0,122.0,120.0,121.0,-0.82,290.0,705.8,530.5
MDB,7/23/2012,121.0,123.0,121.0,123.0,1.65,550.0,705.8,530.5
MDB,7/24/2012,123.0,124.0,121.0,121.0,-1.63,690.0,705.8,530.5
MDB,7/25/2012,121.0,124.0,122.0,122.0,0.83,150.0,705.8,530.5
MDB,7/26/2012,122.0,122.0,120.0,122.0,0.0,140.0,705.8,530.5
MDB,7/30/2012,122.0,124.0,120.0,124.0,1.64,180.0,705.8,530.5
MDB,7/31/2012,124.0,122.0,122.0,122.0,-1.61,80.0,705.8,530.5
MDB,8/1/2012,122.0,124.0,124.0,124.0,1.64,40.0,705.8,530.5
MDB,8/5/2012,124.0,123.0,123.0,123.0,-0.81,100.0,705.8,530.5
MDB,8/6/2012,123.0,121.0,121.0,121.0,-1.63,80.0,705.8,530.5
MDB,8/7/2012,121.0,126.0,123.0,126.0,4.13,150.0,705.8,530.5
MDB,8/8/2012,126.0,128.0,126.0,127.0,0.79,100.0,705.8,530.5
MDB,8/12/2012,127.0,130.0,126.0,130.0,2.36,310.0,705.8,530.5
MDB,8/13/2012,130.0,135.0,132.0,133.0,2.31,1030.0,705.8,530.5
MDB,8/14/2012,133.0,134.0,133.0,133.0,0.0,270.0,705.8,530.5
MDB,8/15/2012,133.0,131.0,131.0,131.0,-1.5,40.0,705.8,530.5
MDB,8/16/2012,131.0,133.0,131.0,132.0,0.76,260.0,705.8,530.5
MDB,8/19/2012,132.0,134.0,132.0,132.0,0.0,50.0,705.8,530.5
MDB,8/21/2012,132.0,130.0,124.0,125.0,-5.3,620.0,705.8,530.5
MDB,8/22/2012,125.0,126.0,121.0,124.0,-0.8,2390.0,705.8,530.5
MDB,8/23/2012,124.0,126.0,122.0,124.0,0.0,1140.0,705.8,530.5
MDB,8/26/2012,124.0,126.0,123.0,124.0,0.0,350.0,705.8,530.5
MDB,8/27/2012,124.0,126.0,126.0,126.0,1.61,60.0,705.8,530.5
MDB,8/28/2012,126.0,127.0,125.0,125.0,-0.79,700.0,705.8,530.5
MDB,8/29/2012,125.0,127.0,127.0,127.0,1.6,250.0,705.8,530.5
MDB,8/30/2012,127.0,135.0,127.0,135.0,6.3,230.0,705.8,530.5
MDB,9/2/2012,135.0,135.0,135.0,135.0,0.0,40.0,705.8,530.5
MDB,9/3/2012,135.0,130.0,128.0,128.0,-5.19,110.0,705.8,530.5
MDB,9/4/2012,128.0,130.0,128.0,128.0,0.0,100.0,705.8,530.5
MDB,9/5/2012,128.0,127.0,126.0,126.0,-1.56,400.0,705.8,530.5
MDB,9/6/2012,126.0,131.0,126.0,131.0,3.97,1800.0,705.8,530.5
MDB,9/9/2012,131.0,133.0,133.0,133.0,1.53,20.0,705.8,530.5
MDB,9/10/2012,133.0,131.0,129.0,131.0,-1.5,590.0,705.8,530.5
MDB,9/11/2012,131.0,131.0,130.0,131.0,0.0,80.0,705.8,530.5
MDB,9/12/2012,131.0,130.0,129.0,130.0,-0.76,220.0,705.8,530.5
MDB,9/13/2012,130.0,137.0,130.0,135.0,3.85,760.0,705.8,530.5
MDB,9/16/2012,135.0,148.0,137.0,148.0,9.63,2870.0,705.8,530.5
MDB,9/17/2012,148.0,148.0,144.0,144.0,-2.7,170.0,705.8,530.5
MDB,9/18/2012,144.0,150.0,144.0,144.0,0.0,900.0,705.8,530.5
MDB,9/19/2012,144.0,144.0,141.0,141.0,-2.08,920.0,705.8,530.5
MDB,9/20/2012,141.0,142.0,140.0,142.0,0.71,250.0,705.8,530.5
MDB,9/23/2012,142.0,140.0,140.0,140.0,-1.41,210.0,705.8,530.5
MDB,9/24/2012,140.0,139.0,139.0,139.0,-0.71,180.0,705.8,530.5
MDB,9/26/2012,139.0,137.0,135.0,135.0,-2.88,180.0,705.8,530.5
MDB,9/30/2012,137.0,135.0,135.0,135.0,0.0,220.0,705.8,530.5
MDB,10/1/2012,135.0,137.0,136.0,137.0,1.48,100.0,705.8,530.5
MDB,10/3/2012,137.0,139.0,137.0,139.0,1.46,140.0,705.8,530.5
MDB,10/4/2012,139.0,139.0,139.0,139.0,0.0,50.0,705.8,530.5
MDB,10/8/2012,139.0,137.0,135.0,135.0,-2.88,100.0,705.8,530.5
MDB,10/9/2012,135.0,134.0,132.0,134.0,-0.74,200.0,705.8,530.5
MDB,10/10/2012,134.0,135.0,133.0,135.0,0.75,340.0,705.8,530.5
MDB,10/11/2012,135.0,133.0,133.0,133.0,-1.48,40.0,705.8,530.5
MDB,10/14/2012,133.0,137.0,135.0,137.0,3.01,220.0,705.8,530.5
MDB,10/18/2012,137.0,138.0,135.0,135.0,-1.46,270.0,705.8,530.5
MDB,10/30/2012,135.0,133.0,133.0,133.0,-1.48,190.0,705.8,530.5
MDB,10/31/2012,133.0,135.0,135.0,135.0,1.5,190.0,705.8,530.5
MDB,11/4/2012,135.0,139.0,137.0,139.0,2.96,240.0,705.8,530.5
MDB,11/5/2012,139.0,140.0,138.0,138.0,-0.72,90.0,705.8,530.5
MDB,11/6/2012,138.0,138.0,137.0,138.0,0.0,660.0,705.8,530.5
MDB,11/7/2012,138.0,140.0,140.0,140.0,1.45,30.0,705.8,530.5
MDB,11/8/2012,140.0,153.0,142.0,153.0,9.29,770.0,705.8,530.5
MDB,11/11/2012,153.0,153.0,150.0,150.0,-1.96,510.0,705.8,530.5
MDB,11/12/2012,150.0,147.0,147.0,147.0,-2.0,220.0,705.8,530.5
MDB,11/18/2012,147.0,149.0,148.0,148.0,0.68,160.0,705.8,530.5
MDB,11/20/2012,148.0,152.0,147.0,152.0,2.7,2150.0,705.8,530.5
MDB,11/22/2012,152.0,149.0,149.0,149.0,-1.97,50.0,705.8,530.5
MDB,11/28/2012,149.0,147.0,147.0,147.0,-1.34,30.0,705.8,530.5
MDB,12/5/2012,147.0,145.0,145.0,145.0,-1.36,30.0,705.8,530.5
MDB,12/17/2012,145.0,130.0,130.0,130.0,-10.34,60.0,705.8,530.5
MDB,12/19/2012,130.0,128.0,128.0,128.0,-1.54,60.0,705.8,530.5
MDB,12/23/2012,128.0,126.0,126.0,126.0,-1.56,40.0,705.8,530.5
MDB,12/24/2012,126.0,128.0,128.0,128.0,1.59,180.0,705.8,530.5
MDB,12/27/2012,128.0,126.0,126.0,126.0,-1.56,200.0,705.8,530.5
MDB,12/31/2012,126.0,124.0,124.0,124.0,-1.59,20.0,705.8,530.5
MDB,1/1/2013,124.0,124.0,124.0,124.0,0.0,40.0,705.8,530.5
MDB,1/2/2013,124.0,122.0,122.0,122.0,-1.61,40.0,705.8,530.5
MDB,1/7/2013,122.0,124.0,124.0,124.0,1.64,180.0,705.8,530.5
MDB,1/13/2013,124.0,126.0,126.0,126.0,1.61,80.0,705.8,530.5
MDB,1/15/2013,126.0,126.0,124.0,126.0,0.0,40.0,705.8,530.5
MDB,1/16/2013,126.0,130.0,128.0,130.0,3.17,70.0,705.8,530.5
MDB,1/17/2013,130.0,137.0,132.0,137.0,5.38,790.0,705.8,530.5
MDB,1/20/2013,137.0,135.0,133.0,133.0,-2.92,100.0,705.8,530.5
MDB,1/21/2013,133.0,139.0,135.0,139.0,4.51,160.0,705.8,530.5
MDB,1/22/2013,139.0,141.0,137.0,141.0,1.44,700.0,705.8,530.5
MDB,1/24/2013,141.0,139.0,135.0,135.0,-4.26,160.0,705.8,530.5
MDB,1/27/2013,135.0,135.0,133.0,133.0,-1.48,410.0,705.8,530.5
MDB,1/28/2013,133.0,133.0,133.0,133.0,0.0,60.0,705.8,530.5
MDB,2/3/2013,133.0,137.0,135.0,137.0,3.01,680.0,705.8,530.5
MDB,2/4/2013,137.0,135.0,135.0,135.0,-1.46,48.0,705.8,530.5
MDB,2/5/2013,135.0,133.0,133.0,133.0,-1.48,60.0,705.8,530.5
MDB,2/10/2013,133.0,130.0,129.0,130.0,-2.26,3110.0,705.8,530.5
MDB,2/13/2013,130.0,136.0,132.0,136.0,4.62,190.0,705.8,530.5
MDB,2/14/2013,136.0,135.0,135.0,135.0,-0.74,20.0,705.8,530.5
MDB,2/20/2013,135.0,137.0,135.0,137.0,1.48,80.0,705.8,530.5
MDB,2/27/2013,137.0,135.0,135.0,135.0,-1.46,390.0,705.8,530.5
MDB,2/28/2013,135.0,137.0,137.0,137.0,1.48,30.0,705.8,530.5
MDB,3/3/2013,137.0,135.0,135.0,135.0,-1.46,120.0,705.8,530.5
MDB,3/4/2013,135.0,137.0,137.0,137.0,1.48,270.0,705.8,530.5
MDB,3/5/2013,137.0,140.0,138.0,140.0,2.19,288.0,705.8,530.5
MDB,3/7/2013,140.0,142.0,136.0,136.0,-2.86,90.0,705.8,530.5
MDB,3/11/2013,136.0,136.0,134.0,136.0,0.0,2024.0,705.8,530.5
MDB,3/17/2013,136.0,142.0,138.0,142.0,4.41,110.0,705.8,530.5
MDB,3/18/2013,142.0,142.0,140.0,142.0,0.0,620.0,705.8,530.5
MDB,3/20/2013,142.0,140.0,139.0,139.0,-2.11,520.0,705.8,530.5
MDB,3/21/2013,139.0,140.0,140.0,140.0,0.72,20.0,705.8,530.5
MDB,3/28/2013,140.0,139.0,139.0,139.0,-0.71,970.0,705.8,530.5
MDB,3/31/2013,139.0,137.0,135.0,135.0,-2.88,290.0,705.8,530.5
MDB,4/2/2013,135.0,133.0,131.0,131.0,-2.96,50.0,705.8,530.5
MDB,4/3/2013,131.0,130.0,130.0,130.0,-0.76,12.0,705.8,530.5
MDB,4/7/2013,130.0,128.0,128.0,128.0,-1.54,120.0,705.8,530.5
MDB,4/8/2013,128.0,129.0,129.0,129.0,0.78,10.0,705.8,530.5
MDB,4/9/2013,129.0,128.0,128.0,128.0,-0.78,120.0,705.8,530.5
MDB,4/15/2013,128.0,126.0,122.0,126.0,-1.56,160.0,705.8,530.5
MDB,4/16/2013,126.0,126.0,124.0,126.0,0.0,220.0,705.8,530.5
MDB,4/17/2013,126.0,127.0,127.0,127.0,0.79,30.0,705.8,530.5
MDB,4/21/2013,127.0,129.0,129.0,129.0,1.57,20.0,705.8,530.5
MDB,4/22/2013,129.0,127.0,125.0,125.0,-3.1,2100.0,705.8,530.5
MDB,4/23/2013,125.0,129.0,127.0,129.0,3.2,180.0,705.8,530.5
MDB,4/25/2013,129.0,127.0,127.0,127.0,-1.55,100.0,705.8,530.5
MDB,4/30/2013,127.0,129.0,129.0,129.0,1.57,20.0,705.8,530.5
MDB,5/2/2013,129.0,132.0,129.0,130.0,0.78,594.0,705.8,530.5
MDB,5/6/2013,130.0,132.0,132.0,132.0,1.54,100.0,705.8,530.5
MDB,5/7/2013,132.0,132.0,130.0,132.0,0.0,200.0,705.8,530.5
MDB,5/8/2013,132.0,134.0,132.0,133.0,0.76,380.0,705.8,530.5
MDB,5/12/2013,133.0,132.0,130.0,130.0,-2.26,580.0,705.8,530.5
MDB,5/14/2013,130.0,129.0,129.0,129.0,-0.77,48.0,705.8,530.5
MDB,5/15/2013,129.0,131.0,131.0,131.0,1.55,60.0,705.8,530.5
MDB,5/20/2013,131.0,140.0,133.0,140.0,6.87,1128.0,705.8,530.5
MDB,5/21/2013,140.0,140.0,138.0,138.0,-1.43,552.0,705.8,530.5
MDB,5/23/2013,138.0,136.0,134.0,134.0,-2.9,1060.0,705.8,530.5
MDB,5/26/2013,134.0,134.0,134.0,134.0,0.0,72.0,705.8,530.5
MDB,5/27/2013,134.0,136.0,134.0,136.0,1.49,84.0,705.8,530.5
MDB,5/28/2013,136.0,137.0,135.0,135.0,-0.74,372.0,705.8,530.5
MDB,6/2/2013,135.0,135.0,135.0,135.0,0.0,72.0,705.8,530.5
MDB,6/3/2013,135.0,139.0,137.0,139.0,2.96,100.0,705.8,530.5
MDB,6/4/2013,139.0,138.0,138.0,138.0,-0.72,96.0,705.8,530.5
MDB,6/5/2013,138.0,140.0,138.0,140.0,1.45,180.0,705.8,530.5
MDB,6/6/2013,140.0,140.0,140.0,140.0,0.0,48.0,705.8,530.5
MDB,6/9/2013,140.0,142.0,140.0,142.0,1.43,238.0,705.8,530.5
MDB,6/10/2013,142.0,142.0,142.0,142.0,0.0,24.0,705.8,530.5
MDB,6/11/2013,142.0,145.0,139.0,139.0,-2.11,160.0,705.8,530.5
MDB,6/12/2013,139.0,143.0,140.0,141.0,1.44,760.0,705.8,530.5
MDB,6/13/2013,141.0,142.0,138.0,142.0,0.71,344.0,705.8,530.5
MDB,6/16/2013,142.0,140.0,139.0,139.0,-2.11,296.0,705.8,530.5
MDB,6/17/2013,139.0,139.0,139.0,139.0,0.0,12.0,705.8,530.5
MDB,6/18/2013,139.0,138.0,137.0,138.0,-0.72,140.0,705.8,530.5
MDB,6/20/2013,138.0,145.0,136.0,145.0,5.07,2414.0,705.8,530.5
MDB,6/23/2013,145.0,143.0,141.0,141.0,-2.76,1252.0,705.8,530.5
MDB,6/24/2013,141.0,139.0,139.0,139.0,-1.42,24.0,705.8,530.5
MDB,6/25/2013,139.0,137.0,136.0,137.0,-1.44,232.0,705.8,530.5
MDB,6/26/2013,137.0,140.0,138.0,138.0,0.73,264.0,705.8,530.5
MDB,6/27/2013,138.0,140.0,140.0,140.0,1.45,114.0,705.8,530.5
MDB,6/30/2013,140.0,139.0,139.0,139.0,-0.71,24.0,705.8,530.5
MDB,7/1/2013,139.0,141.0,139.0,141.0,1.44,1370.0,705.8,530.5
MDB,7/2/2013,141.0,142.0,142.0,142.0,0.71,72.0,705.8,530.5
MDB,7/3/2013,142.0,140.0,138.0,138.0,-2.82,1478.0,705.8,530.5
MDB,7/4/2013,138.0,139.0,136.0,139.0,0.72,528.0,705.8,530.5
MDB,7/7/2013,139.0,138.0,138.0,138.0,-0.72,188.0,705.8,530.5
MDB,7/8/2013,138.0,138.0,138.0,138.0,0.0,216.0,705.8,530.5
MDB,7/14/2013,138.0,138.0,136.0,138.0,0.0,60.0,705.8,530.5
MDB,7/15/2013,138.0,137.0,137.0,137.0,-0.72,96.0,705.8,530.5
MDB,7/16/2013,137.0,140.0,138.0,138.0,0.73,264.0,705.8,530.5
MDB,7/17/2013,138.0,138.0,138.0,138.0,0.0,72.0,705.8,530.5
MDB,7/18/2013,138.0,142.0,140.0,142.0,2.9,352.0,705.8,530.5
MDB,7/22/2013,142.0,144.0,144.0,144.0,1.41,290.0,705.8,530.5
MDB,7/24/2013,144.0,144.0,144.0,144.0,0.0,16.0,705.8,530.5
MDB,7/25/2013,144.0,145.0,143.0,143.0,-0.69,152.0,705.8,530.5
MDB,7/28/2013,143.0,147.0,143.0,147.0,2.8,382.0,705.8,530.5
MDB,7/29/2013,147.0,150.0,149.0,150.0,2.04,2326.0,705.8,530.5
MDB,8/1/2013,150.0,153.0,153.0,153.0,2.0,24.0,705.8,530.5
MDB,8/4/2013,153.0,156.0,153.0,153.0,0.0,1162.0,705.8,530.5
MDB,8/5/2013,153.0,150.0,150.0,150.0,-1.96,48.0,705.8,530.5
MDB,8/7/2013,150.0,147.0,147.0,147.0,-2.0,112.0,705.8,530.5
MDB,8/8/2013,147.0,150.0,149.0,149.0,1.36,264.0,705.8,530.5
MDB,8/11/2013,149.0,151.0,149.0,151.0,1.34,192.0,705.8,530.5
MDB,8/12/2013,151.0,157.0,153.0,157.0,3.97,360.0,705.8,530.5
MDB,8/13/2013,157.0,158.0,154.0,157.0,0.0,484.0,705.8,530.5
MDB,8/14/2013,157.0,166.0,160.0,166.0,5.73,392.0,705.8,530.5
MDB,8/15/2013,166.0,168.0,163.0,168.0,1.2,392.0,705.8,530.5
MDB,8/18/2013,168.0,184.0,169.0,183.0,8.93,1148.0,705.8,530.5
MDB,8/19/2013,183.0,195.0,184.0,194.0,6.01,3396.0,705.8,530.5
MDB,8/20/2013,194.0,204.0,197.0,204.0,5.15,282.0,705.8,530.5
MDB,8/25/2013,204.0,205.0,200.0,204.0,0.0,426.0,705.8,530.5
MDB,8/26/2013,204.0,208.0,196.0,196.0,-3.92,320.0,705.8,530.5
MDB,8/27/2013,196.0,193.0,188.0,191.0,-2.55,1444.0,705.8,530.5
MDB,8/29/2013,191.0,195.0,191.0,191.0,0.0,312.0,705.8,530.5
MDB,9/1/2013,191.0,191.0,188.0,188.0,-1.57,504.0,705.8,530.5
MDB,9/2/2013,188.0,189.0,189.0,189.0,0.53,48.0,705.8,530.5
MDB,9/3/2013,189.0,192.0,192.0,192.0,1.59,10.0,705.8,530.5
MDB,9/4/2013,192.0,195.0,195.0,195.0,1.56,10.0,705.8,530.5
MDB,9/5/2013,195.0,201.0,195.0,197.0,1.03,1336.0,705.8,530.5
MDB,9/8/2013,197.0,197.0,194.0,196.0,-0.51,500.0,705.8,530.5
MDB,9/9/2013,196.0,197.0,194.0,194.0,-1.02,216.0,705.8,530.5
MDB,9/10/2013,194.0,191.0,185.0,188.0,-3.09,240.0,705.8,530.5
MDB,9/11/2013,188.0,191.0,191.0,191.0,1.6,24.0,705.8,530.5
MDB,9/12/2013,191.0,196.0,190.0,193.0,1.05,1006.0,705.8,530.5
MDB,9/15/2013,193.0,193.0,190.0,190.0,-1.55,144.0,705.8,530.5
MDB,9/16/2013,190.0,193.0,190.0,193.0,1.58,240.0,705.8,530.5
MDB,9/19/2013,193.0,190.0,185.0,185.0,-4.15,1158.0,705.8,530.5
MDB,9/22/2013,185.0,185.0,181.0,185.0,0.0,230.0,705.8,530.5
MDB,9/23/2013,185.0,185.0,177.0,177.0,-4.32,324.0,705.8,530.5
MDB,9/24/2013,177.0,180.0,180.0,180.0,1.69,10.0,705.8,530.5
MDB,9/25/2013,180.0,181.0,178.0,181.0,0.56,58.0,705.8,530.5
MDB,9/26/2013,181.0,184.0,181.0,184.0,1.66,152.0,705.8,530.5
MDB,9/29/2013,184.0,193.0,187.0,190.0,3.26,260.0,705.8,530.5
MDB,9/30/2013,190.0,204.0,190.0,204.0,7.37,538.0,705.8,530.5
MDB,10/1/2013,204.0,200.0,195.0,195.0,-4.41,330.0,705.8,530.5
MDB,10/2/2013,195.0,198.0,190.0,190.0,-2.56,282.0,705.8,530.5
MDB,10/20/2013,158.0,155.0,155.0,155.0,-18.42,100.0,705.8,530.5
MDB,10/21/2013,155.0,155.0,155.0,155.0,0.0,10.0,705.8,530.5
MDB,10/24/2013,155.0,152.0,152.0,152.0,-1.94,24.0,705.8,530.5
MDB,10/27/2013,152.0,150.0,149.0,149.0,-1.97,120.0,705.8,530.5
MDB,10/29/2013,149.0,149.0,149.0,149.0,0.0,24.0,705.8,530.5
MDB,10/31/2013,149.0,147.0,147.0,147.0,-1.34,48.0,705.8,530.5
MDB,11/6/2013,147.0,145.0,145.0,145.0,-1.36,24.0,705.8,530.5
MDB,11/11/2013,145.0,145.0,145.0,145.0,0.0,24.0,705.8,530.5
MDB,11/25/2013,145.0,149.0,147.0,149.0,2.76,150.0,705.8,530.5
MDB,12/3/2013,149.0,151.0,151.0,151.0,1.34,24.0,705.8,530.5
MDB,12/8/2013,151.0,166.0,154.0,166.0,9.93,1036.0,705.8,530.5
MDB,12/10/2013,166.0,169.0,169.0,169.0,1.81,30.0,705.8,530.5
MDB,12/11/2013,169.0,172.0,172.0,172.0,1.78,20.0,705.8,530.5
MDB,12/12/2013,172.0,175.0,175.0,175.0,1.74,36.0,705.8,530.5
MDB,12/15/2013,175.0,178.0,178.0,178.0,1.71,57.0,705.8,530.5
MDB,12/16/2013,178.0,181.0,181.0,181.0,1.69,48.0,705.8,530.5
MDB,12/18/2013,181.0,184.0,184.0,184.0,1.66,20.0,705.8,530.5
MDB,12/19/2013,184.0,199.0,187.0,199.0,8.15,413.0,705.8,530.5
MDB,12/22/2013,202.0,202.0,202.0,202.0,1.51,72.0,705.8,530.5
MDB,12/23/2013,202.0,210.0,206.0,210.0,3.96,30.0,705.8,530.5
MDB,12/24/2013,210.0,226.0,214.0,226.0,7.62,188.0,705.8,530.5
MDB,12/29/2013,226.0,238.0,230.0,238.0,5.31,212.0,705.8,530.5
MDB,12/31/2013,238.0,260.0,242.0,260.0,9.24,374.0,705.8,530.5
MDB,1/1/2014,260.0,265.0,265.0,265.0,1.92,24.0,705.8,530.5
MDB,1/2/2014,265.0,270.0,260.0,270.0,1.89,196.0,705.8,530.5
MDB,1/5/2014,270.0,290.0,275.0,290.0,7.41,288.0,705.8,530.5
MDB,1/6/2014,290.0,319.0,295.0,313.0,7.93,435.0,705.8,530.5
MDB,1/7/2014,313.0,325.0,314.0,314.0,0.32,700.0,705.8,530.5
MDB,1/8/2014,314.0,308.0,300.0,300.0,-4.46,184.0,705.8,530.5
MDB,1/9/2014,300.0,306.0,295.0,306.0,2.0,262.0,705.8,530.5
MDB,1/12/2014,306.0,300.0,300.0,300.0,-1.96,40.0,705.8,530.5
MDB,1/13/2014,300.0,297.0,297.0,297.0,-1.0,72.0,705.8,530.5
MDB,1/14/2014,297.0,302.0,301.0,301.0,1.35,262.0,705.8,530.5
MDB,1/16/2014,301.0,306.0,306.0,306.0,1.66,96.0,705.8,530.5
MDB,1/19/2014,306.0,313.0,307.0,307.0,0.33,358.0,705.8,530.5
MDB,1/20/2014,307.0,301.0,301.0,301.0,-1.95,600.0,705.8,530.5
MDB,1/21/2014,301.0,313.0,307.0,313.0,3.99,70.0,705.8,530.5
MDB,1/22/2014,313.0,325.0,319.0,325.0,3.83,859.0,705.8,530.5
MDB,1/23/2014,325.0,343.0,331.0,343.0,5.54,312.0,705.8,530.5
MDB,1/26/2014,343.0,343.0,340.0,340.0,-0.87,96.0,705.8,530.5
MDB,1/27/2014,340.0,351.0,339.0,351.0,3.24,658.0,705.8,530.5
MDB,1/28/2014,351.0,358.0,345.0,345.0,-1.71,1174.0,705.8,530.5
MDB,1/29/2014,345.0,362.0,350.0,360.0,4.35,506.0,705.8,530.5
MDB,2/2/2014,360.0,382.0,367.0,382.0,6.11,1100.0,705.8,530.5
MDB,2/3/2014,382.0,380.0,368.0,375.0,-1.83,900.0,705.8,530.5
MDB,2/4/2014,375.0,368.0,368.0,368.0,-1.87,96.0,705.8,530.5
MDB,2/6/2014,375.0,370.0,361.0,361.0,-1.9,140.0,705.8,530.5
MDB,2/9/2014,361.0,365.0,356.0,361.0,0.0,348.0,705.8,530.5
MDB,2/10/2014,361.0,368.0,368.0,368.0,1.94,500.0,705.8,530.5
MDB,2/11/2014,368.0,361.0,343.0,343.0,-6.79,1278.0,705.8,530.5
MDB,2/12/2014,343.0,371.0,345.0,361.0,5.25,1914.0,705.8,530.5
MDB,2/13/2014,361.0,368.0,354.0,368.0,1.94,1670.0,705.8,530.5
MDB,2/16/2014,368.0,369.0,360.0,367.0,-0.27,1732.0,705.8,530.5
MDB,2/17/2014,367.0,374.0,360.0,374.0,1.91,1701.0,705.8,530.5
MDB,2/18/2014,374.0,377.0,370.0,370.0,-1.07,154.0,705.8,530.5
MDB,2/20/2014,370.0,377.0,370.0,377.0,1.89,172.0,705.8,530.5
MDB,2/23/2014,377.0,391.0,370.0,384.0,1.86,3531.0,705.8,530.5
MDB,2/24/2014,384.0,384.0,377.0,380.0,-1.04,356.0,705.8,530.5
MDB,2/25/2014,380.0,380.0,374.0,374.0,-1.58,196.0,705.8,530.5
MDB,2/26/2014,374.0,375.0,368.0,375.0,0.27,764.0,705.8,530.5
MDB,3/3/2014,375.0,382.0,368.0,368.0,-1.87,508.0,705.8,530.5
MDB,3/4/2014,368.0,361.0,361.0,361.0,-1.9,288.0,705.8,530.5
MDB,3/5/2014,361.0,369.0,355.0,362.0,0.28,108.0,705.8,530.5
MDB,3/6/2014,362.0,358.0,353.0,358.0,-1.1,553.0,705.8,530.5
MDB,3/9/2014,358.0,355.0,355.0,355.0,-0.84,302.0,705.8,530.5
MDB,3/10/2014,355.0,355.0,348.0,350.0,-1.41,150.0,705.8,530.5
MDB,3/11/2014,350.0,349.0,337.0,349.0,-0.29,132.0,705.8,530.5
MDB,3/12/2014,349.0,343.0,340.0,340.0,-2.58,196.0,705.8,530.5
MDB,3/13/2014,340.0,340.0,340.0,340.0,0.0,48.0,705.8,530.5
MDB,3/17/2014,340.0,335.0,334.0,334.0,-1.76,196.0,705.8,530.5
MDB,3/18/2014,334.0,330.0,322.0,322.0,-3.59,240.0,705.8,530.5
MDB,3/19/2014,322.0,331.0,325.0,331.0,2.8,620.0,705.8,530.5
MDB,3/20/2014,331.0,337.0,336.0,337.0,1.81,144.0,705.8,530.5
MDB,3/23/2014,337.0,333.0,333.0,333.0,-1.19,40.0,705.8,530.5
MDB,3/24/2014,333.0,345.0,339.0,345.0,3.6,216.0,705.8,530.5
MDB,3/25/2014,345.0,355.0,348.0,348.0,0.87,216.0,705.8,530.5
MDB,3/26/2014,348.0,354.0,354.0,354.0,1.72,50.0,705.8,530.5
MDB,3/27/2014,354.0,368.0,361.0,368.0,3.95,180.0,705.8,530.5
MDB,3/31/2014,368.0,365.0,365.0,365.0,-0.82,28.0,705.8,530.5
MDB,4/1/2014,365.0,372.0,365.0,365.0,0.0,1460.0,705.8,530.5
MDB,4/2/2014,365.0,366.0,366.0,366.0,0.27,130.0,705.8,530.5
MDB,4/3/2014,366.0,368.0,361.0,368.0,0.55,84.0,705.8,530.5
MDB,4/9/2014,368.0,379.0,372.0,379.0,2.99,424.0,705.8,530.5
MDB,4/10/2014,379.0,416.0,386.0,416.0,9.76,965.0,705.8,530.5
MDB,4/13/2014,416.0,420.0,400.0,400.0,-3.85,163.0,705.8,530.5
MDB,4/15/2014,400.0,414.0,393.0,408.0,2.0,1682.0,705.8,530.5
MDB,4/16/2014,408.0,400.0,400.0,400.0,-1.96,85.0,705.8,530.5
MDB,4/17/2014,400.0,405.0,392.0,400.0,0.0,368.0,705.8,530.5
MDB,4/20/2014,400.0,406.0,400.0,400.0,0.0,470.0,705.8,530.5
MDB,4/21/2014,400.0,401.0,390.0,395.0,-1.25,745.0,705.8,530.5
MDB,4/22/2014,395.0,388.0,381.0,385.0,-2.53,1169.0,705.8,530.5
MDB,4/23/2014,385.0,423.0,392.0,423.0,9.87,3804.0,705.8,530.5
MDB,4/27/2014,423.0,439.0,415.0,422.0,-0.24,946.0,705.8,530.5
MDB,4/28/2014,422.0,422.0,415.0,419.0,-0.71,794.0,705.8,530.5
MDB,4/29/2014,419.0,416.0,411.0,416.0,-0.72,359.0,705.8,530.5
MDB,4/30/2014,416.0,420.0,410.0,410.0,-1.44,417.0,705.8,530.5
MDB,5/4/2014,410.0,428.0,412.0,428.0,4.39,975.0,705.8,530.5
MDB,5/5/2014,428.0,425.0,421.0,425.0,-0.7,195.0,705.8,530.5
MDB,5/6/2014,425.0,429.0,420.0,421.0,-0.94,205.0,705.8,530.5
MDB,5/7/2014,421.0,462.0,429.0,440.0,4.51,921.0,705.8,530.5
MDB,5/8/2014,440.0,443.0,435.0,435.0,-1.14,261.0,705.8,530.5
MDB,5/11/2014,435.0,433.0,432.0,432.0,-0.69,700.0,705.8,530.5
MDB,5/12/2014,432.0,441.0,435.0,435.0,0.69,834.0,705.8,530.5
MDB,5/13/2014,435.0,438.0,430.0,430.0,-1.15,541.0,705.8,530.5
MDB,5/15/2014,430.0,443.0,430.0,440.0,2.33,677.0,705.8,530.5
MDB,5/18/2014,440.0,445.0,435.0,445.0,1.14,1416.0,705.8,530.5
MDB,5/19/2014,445.0,458.0,435.0,455.0,2.25,6647.0,705.8,530.5
MDB,5/20/2014,455.0,455.0,432.0,455.0,0.0,6867.0,705.8,530.5
MDB,5/21/2014,455.0,460.0,451.0,451.0,-0.88,1592.0,705.8,530.5
MDB,5/22/2014,451.0,468.0,450.0,468.0,3.77,1857.0,705.8,530.5
MDB,5/25/2014,468.0,475.0,451.0,470.0,0.43,438.0,705.8,530.5
MDB,5/26/2014,470.0,486.0,476.0,485.0,3.19,376.0,705.8,530.5
MDB,5/27/2014,485.0,490.0,472.0,490.0,1.03,145.0,705.8,530.5
MDB,5/28/2014,490.0,504.0,491.0,500.0,2.04,700.0,705.8,530.5
MDB,6/1/2014,500.0,510.0,491.0,500.0,0.0,978.0,705.8,530.5
MDB,6/2/2014,500.0,510.0,490.0,495.0,-1.0,935.0,705.8,530.5
MDB,6/3/2014,495.0,505.0,491.0,492.0,-0.61,1025.0,705.8,530.5
MDB,6/4/2014,492.0,495.0,482.0,490.0,-0.41,1077.0,705.8,530.5
MDB,6/5/2014,490.0,485.0,483.0,484.0,-1.22,808.0,705.8,530.5
MDB,6/8/2014,484.0,486.0,477.0,477.0,-1.45,1150.0,705.8,530.5
MDB,6/9/2014,477.0,488.0,481.0,488.0,2.31,561.0,705.8,530.5
MDB,6/10/2014,488.0,492.0,479.0,490.0,0.41,2334.0,705.8,530.5
MDB,6/11/2014,490.0,499.0,495.0,495.0,1.02,390.0,705.8,530.5
MDB,6/12/2014,495.0,490.0,485.0,485.0,-2.02,85.0,705.8,530.5
MDB,6/15/2014,485.0,485.0,476.0,482.0,-0.62,187.0,705.8,530.5
MDB,6/16/2014,482.0,482.0,473.0,479.0,-0.62,442.0,705.8,530.5
MDB,6/17/2014,479.0,475.0,462.0,475.0,-0.84,771.0,705.8,530.5
MDB,6/18/2014,475.0,477.0,473.0,475.0,0.0,359.0,705.8,530.5
MDB,6/19/2014,475.0,471.0,466.0,471.0,-0.84,108.0,705.8,530.5
MDB,6/23/2014,471.0,462.0,462.0,462.0,-1.91,20.0,705.8,530.5
MDB,6/24/2014,462.0,475.0,471.0,475.0,2.81,177.0,705.8,530.5
MDB,6/25/2014,475.0,490.0,484.0,485.0,2.11,197.0,705.8,530.5
MDB,6/26/2014,485.0,481.0,480.0,480.0,-1.03,256.0,705.8,530.5
MDB,6/30/2014,480.0,480.0,466.0,466.0,-2.92,2329.0,705.8,530.5
MDB,7/1/2014,466.0,477.0,465.0,471.0,1.07,1056.0,705.8,530.5
MDB,7/2/2014,471.0,489.0,475.0,489.0,3.82,1085.0,705.8,530.5
MDB,7/3/2014,489.0,489.0,462.0,462.0,-5.52,426.0,705.8,530.5
MDB,7/6/2014,462.0,474.0,465.0,474.0,2.6,143.0,705.8,530.5
MDB,7/7/2014,474.0,485.0,475.0,485.0,2.32,146.0,705.8,530.5
MDB,7/8/2014,485.0,498.0,480.0,498.0,2.68,464.0,705.8,530.5
MDB,7/10/2014,498.0,489.0,480.0,485.0,-2.61,266.0,705.8,530.5
MDB,7/13/2014,485.0,494.0,490.0,490.0,1.03,62.0,705.8,530.5
MDB,7/14/2014,490.0,482.0,481.0,481.0,-1.84,174.0,705.8,530.5
MDB,7/15/2014,481.0,499.0,490.0,499.0,3.74,521.0,705.8,530.5
MDB,7/16/2014,499.0,495.0,490.0,490.0,-1.8,1385.0,705.8,530.5
MDB,7/20/2014,490.0,510.0,490.0,500.0,2.04,575.0,705.8,530.5
MDB,7/21/2014,500.0,529.0,505.0,529.0,5.8,428.0,705.8,530.5
MDB,7/22/2014,529.0,529.0,519.0,525.0,-0.76,882.0,705.8,530.5
MDB,7/23/2014,525.0,536.0,506.0,536.0,2.1,570.0,705.8,530.5
MDB,7/24/2014,536.0,556.0,530.0,530.0,-1.12,944.0,705.8,530.5
MDB,7/27/2014,530.0,545.0,530.0,545.0,2.83,229.0,705.8,530.5
MDB,7/28/2014,545.0,577.0,555.0,577.0,5.87,177.0,705.8,530.5
MDB,7/30/2014,577.0,602.0,574.0,574.0,-0.52,2002.0,705.8,530.5
MDB,7/31/2014,574.0,585.0,565.0,575.0,0.17,562.0,705.8,530.5
MDB,8/3/2014,575.0,564.0,532.0,535.0,-6.96,502.0,705.8,530.5
MDB,8/4/2014,535.0,538.0,530.0,530.0,-0.93,656.0,705.8,530.5
MDB,8/5/2014,530.0,551.0,525.0,551.0,3.96,239.0,705.8,530.5
MDB,8/6/2014,551.0,566.0,540.0,550.0,-0.18,359.0,705.8,530.5
MDB,8/7/2014,550.0,545.0,540.0,545.0,-0.91,224.0,705.8,530.5
MDB,8/12/2014,545.0,549.0,540.0,540.0,-0.92,66.0,705.8,530.5
MDB,8/14/2014,540.0,530.0,519.0,530.0,-1.85,1187.0,705.8,530.5
MDB,8/18/2014,530.0,530.0,501.0,501.0,-5.47,812.0,705.8,530.5
MDB,8/19/2014,501.0,501.0,500.0,501.0,0.0,85.0,705.8,530.5
MDB,8/20/2014,501.0,500.0,492.0,492.0,-1.8,358.0,705.8,530.5
MDB,8/21/2014,492.0,495.0,474.0,495.0,0.61,661.0,705.8,530.5
MDB,8/24/2014,495.0,510.0,500.0,500.0,1.01,719.0,705.8,530.5
MDB,8/25/2014,500.0,490.0,454.0,454.0,-9.2,571.0,705.8,530.5
MDB,8/26/2014,454.0,463.0,462.0,462.0,1.76,557.0,705.8,530.5
MDB,8/27/2014,462.0,487.0,469.0,480.0,3.9,733.0,705.8,530.5
MDB,8/28/2014,480.0,486.0,477.0,481.0,0.21,448.0,705.8,530.5
MDB,8/31/2014,481.0,485.0,473.0,473.0,-1.66,164.0,705.8,530.5
MDB,9/1/2014,473.0,466.0,460.0,460.0,-2.75,720.0,705.8,530.5
MDB,9/3/2014,460.0,461.0,460.0,461.0,0.22,87.0,705.8,530.5
MDB,9/4/2014,461.0,461.0,442.0,442.0,-4.12,735.0,705.8,530.5
MDB,9/7/2014,442.0,434.0,420.0,420.0,-4.98,1051.0,705.8,530.5
MDB,9/9/2014,420.0,445.0,421.0,445.0,5.95,458.0,705.8,530.5
MDB,9/10/2014,445.0,450.0,441.0,441.0,-0.9,66.0,705.8,530.5
MDB,9/11/2014,441.0,435.0,411.0,423.0,-4.08,831.0,705.8,530.5
MDB,9/14/2014,423.0,423.0,413.0,413.0,-2.36,209.0,705.8,530.5
MDB,9/15/2014,413.0,452.0,421.0,452.0,9.44,486.0,705.8,530.5
MDB,9/16/2014,452.0,483.0,461.0,483.0,6.86,230.0,705.8,530.5
MDB,9/17/2014,483.0,510.0,465.0,500.0,3.52,946.0,705.8,530.5
MDB,9/18/2014,500.0,492.0,480.0,483.0,-3.4,254.0,705.8,530.5
MDB,9/21/2014,483.0,474.0,460.0,460.0,-4.76,410.0,705.8,530.5
MDB,9/22/2014,460.0,460.0,451.0,455.0,-1.09,456.0,705.8,530.5
MDB,9/23/2014,455.0,464.0,455.0,455.0,0.0,220.0,705.8,530.5
MDB,9/24/2014,455.0,455.0,454.0,455.0,0.0,291.0,705.8,530.5
MDB,9/28/2014,455.0,452.0,445.0,452.0,-0.66,328.0,705.8,530.5
MDB,9/29/2014,452.0,452.0,445.0,452.0,0.0,313.0,705.8,530.5
MDB,9/30/2014,452.0,461.0,455.0,460.0,1.77,242.0,705.8,530.5
MDB,10/8/2014,460.0,461.0,452.0,461.0,0.22,138.0,705.8,530.5
MDB,10/9/2014,461.0,464.0,460.0,464.0,0.65,85.0,705.8,530.5
MDB,10/12/2014,464.0,510.0,455.0,510.0,9.91,452.0,705.8,530.5
MDB,10/14/2014,510.0,500.0,490.0,490.0,-3.92,24.0,705.8,530.5
MDB,10/15/2014,490.0,481.0,472.0,472.0,-3.67,307.0,705.8,530.5
MDB,10/16/2014,472.0,475.0,457.0,470.0,-0.42,601.0,705.8,530.5
MDB,10/19/2014,470.0,470.0,461.0,461.0,-1.91,114.0,705.8,530.5
MDB,10/20/2014,461.0,461.0,461.0,461.0,0.0,75.0,705.8,530.5
MDB,10/21/2014,461.0,470.0,470.0,470.0,1.95,28.0,705.8,530.5
MDB,10/22/2014,470.0,465.0,460.0,460.0,-2.13,122.0,705.8,530.5
MDB,10/26/2014,460.0,451.0,451.0,451.0,-1.96,86.0,705.8,530.5
MDB,10/27/2014,451.0,460.0,460.0,460.0,2.0,74.0,705.8,530.5
MDB,11/2/2014,460.0,460.0,451.0,460.0,0.0,125.0,705.8,530.5
MDB,11/3/2014,460.0,451.0,445.0,445.0,-3.26,71.0,705.8,530.5
MDB,11/4/2014,445.0,454.0,452.0,454.0,2.02,900.0,705.8,530.5
MDB,11/5/2014,454.0,463.0,463.0,463.0,1.98,31.0,705.8,530.5
MDB,11/6/2014,463.0,455.0,450.0,450.0,-2.81,566.0,705.8,530.5
MDB,11/9/2014,450.0,455.0,445.0,455.0,1.11,486.0,705.8,530.5
MDB,11/10/2014,455.0,455.0,446.0,446.0,-1.98,70.0,705.8,530.5
MDB,11/12/2014,446.0,453.0,446.0,453.0,1.57,141.0,705.8,530.5
MDB,11/13/2014,453.0,451.0,445.0,446.0,-1.55,100.0,705.8,530.5
MDB,11/16/2014,446.0,438.0,430.0,431.0,-3.36,1197.0,705.8,530.5
MDB,11/17/2014,431.0,423.0,411.0,412.0,-4.41,257.0,705.8,530.5
MDB,11/18/2014,412.0,415.0,415.0,415.0,0.73,157.0,705.8,530.5
MDB,11/19/2014,415.0,423.0,420.0,423.0,1.93,100.0,705.8,530.5
MDB,11/20/2014,423.0,435.0,431.0,435.0,2.84,72.0,705.8,530.5
MDB,11/23/2014,435.0,460.0,435.0,460.0,5.75,403.0,705.8,530.5
MDB,11/24/2014,460.0,451.0,451.0,451.0,-1.96,53.0,705.8,530.5
MDB,11/25/2014,451.0,460.0,451.0,460.0,2.0,816.0,705.8,530.5
MDB,11/30/2014,460.0,451.0,451.0,451.0,-1.96,24.0,705.8,530.5
MDB,12/4/2014,451.0,442.0,436.0,436.0,-3.33,81.0,705.8,530.5
MDB,12/7/2014,436.0,428.0,428.0,428.0,-1.83,128.0,705.8,530.5
MDB,12/8/2014,428.0,432.0,424.0,424.0,-0.93,230.0,705.8,530.5
MDB,12/9/2014,424.0,425.0,420.0,425.0,0.24,142.0,705.8,530.5
MDB,12/10/2014,425.0,441.0,433.0,441.0,3.76,244.0,705.8,530.5
MDB,12/11/2014,441.0,433.0,425.0,425.0,-3.63,106.0,705.8,530.5
MDB,12/15/2014,425.0,467.0,433.0,467.0,9.88,269.0,705.8,530.5
MDB,12/16/2014,467.0,465.0,425.0,434.0,-7.07,4801.0,705.8,530.5
MDB,12/17/2014,434.0,442.0,436.0,442.0,1.84,216.0,705.8,530.5
MDB,12/18/2014,442.0,445.0,445.0,445.0,0.68,40.0,705.8,530.5
MDB,12/21/2014,445.0,449.0,441.0,441.0,-0.9,349.0,705.8,530.5
MDB,12/22/2014,441.0,444.0,436.0,440.0,-0.23,330.0,705.8,530.5
MDB,12/23/2014,440.0,440.0,425.0,433.0,-1.59,430.0,705.8,530.5
MDB,12/24/2014,433.0,439.0,425.0,439.0,1.39,165.0,705.8,530.5
MDB,12/28/2014,439.0,469.0,435.0,469.0,6.83,793.0,705.8,530.5
MDB,12/29/2014,469.0,475.0,465.0,465.0,-0.85,4057.0,705.8,530.5
MDB,12/31/2014,372.0,366.0,366.0,366.0,-21.29,143.0,705.8,530.5
MDB,1/1/2015,366.0,387.0,373.0,387.0,5.74,77.0,705.8,530.5
MDB,1/4/2015,387.0,413.0,394.0,413.0,6.72,404.0,705.8,530.5
MDB,1/5/2015,413.0,410.0,405.0,410.0,-0.73,24.0,705.8,530.5
MDB,1/6/2015,410.0,406.0,402.0,402.0,-1.95,1074.0,705.8,530.5
MDB,1/7/2015,402.0,410.0,410.0,410.0,1.99,88.0,705.8,530.5
MDB,1/8/2015,410.0,426.0,418.0,426.0,3.9,50.0,705.8,530.5
MDB,1/11/2015,426.0,430.0,426.0,430.0,0.94,126.0,705.8,530.5
MDB,1/12/2015,430.0,426.0,425.0,425.0,-1.16,1500.0,705.8,530.5
MDB,1/13/2015,425.0,432.0,425.0,432.0,1.65,141.0,705.8,530.5
MDB,1/14/2015,432.0,456.0,435.0,456.0,5.56,128.0,705.8,530.5
MDB,1/18/2015,456.0,456.0,456.0,456.0,0.0,200.0,705.8,530.5
MDB,1/19/2015,456.0,465.0,460.0,465.0,1.97,738.0,705.8,530.5
MDB,1/20/2015,465.0,483.0,464.0,483.0,3.87,1224.0,705.8,530.5
MDB,1/22/2015,483.0,474.0,474.0,474.0,-1.86,87.0,705.8,530.5
MDB,1/25/2015,474.0,501.0,474.0,501.0,5.7,968.0,705.8,530.5
MDB,1/26/2015,501.0,491.0,482.0,482.0,-3.79,78.0,705.8,530.5
MDB,1/27/2015,482.0,500.0,491.0,492.0,2.07,1534.0,705.8,530.5
MDB,1/28/2015,492.0,492.0,485.0,492.0,0.0,269.0,705.8,530.5
MDB,1/29/2015,492.0,485.0,485.0,485.0,-1.42,90.0,705.8,530.5
MDB,2/1/2015,485.0,494.0,490.0,494.0,1.86,91.0,705.8,530.5
MDB,2/2/2015,494.0,499.0,490.0,490.0,-0.81,158.0,705.8,530.5
MDB,2/3/2015,490.0,502.0,495.0,502.0,2.45,370.0,705.8,530.5
MDB,2/4/2015,502.0,495.0,492.0,495.0,-1.39,100.0,705.8,530.5
MDB,2/5/2015,495.0,500.0,492.0,492.0,-0.61,138.0,705.8,530.5
MDB,2/9/2015,492.0,492.0,492.0,492.0,0.0,196.0,705.8,530.5
MDB,2/10/2015,492.0,520.0,492.0,520.0,5.69,720.0,705.8,530.5
MDB,2/11/2015,520.0,512.0,512.0,512.0,-1.54,57.0,705.8,530.5
MDB,2/12/2015,512.0,502.0,493.0,493.0,-3.71,569.0,705.8,530.5
MDB,2/15/2015,493.0,495.0,485.0,495.0,0.41,225.0,705.8,530.5
MDB,2/16/2015,495.0,502.0,496.0,502.0,1.41,257.0,705.8,530.5
MDB,2/18/2015,502.0,512.0,507.0,507.0,1.0,222.0,705.8,530.5
MDB,2/22/2015,507.0,500.0,488.0,488.0,-3.75,114.0,705.8,530.5
MDB,2/23/2015,488.0,497.0,497.0,497.0,1.84,129.0,705.8,530.5
MDB,2/25/2015,497.0,500.0,499.0,500.0,0.6,556.0,705.8,530.5
MDB,2/26/2015,500.0,490.0,490.0,490.0,-2.0,114.0,705.8,530.5
MDB,3/1/2015,490.0,481.0,481.0,481.0,-1.84,20.0,705.8,530.5
MDB,3/3/2015,481.0,473.0,473.0,473.0,-1.66,40.0,705.8,530.5
MDB,3/9/2015,473.0,491.0,482.0,491.0,3.81,143.0,705.8,530.5
MDB,3/10/2015,491.0,520.0,500.0,518.0,5.5,1719.0,705.8,530.5
MDB,3/11/2015,518.0,508.0,508.0,508.0,-1.93,216.0,705.8,530.5
MDB,3/12/2015,508.0,540.0,515.0,540.0,6.3,914.0,705.8,530.5
MDB,3/15/2015,540.0,530.0,530.0,530.0,-1.85,1000.0,705.8,530.5
MDB,3/16/2015,530.0,520.0,495.0,504.0,-4.91,1875.0,705.8,530.5
MDB,3/17/2015,504.0,515.0,504.0,515.0,2.18,521.0,705.8,530.5
MDB,3/18/2015,515.0,510.0,506.0,510.0,-0.97,1561.0,705.8,530.5
MDB,3/19/2015,510.0,506.0,506.0,506.0,-0.78,143.0,705.8,530.5
MDB,3/24/2015,506.0,510.0,490.0,490.0,-3.16,1246.0,705.8,530.5
MDB,3/25/2015,490.0,499.0,481.0,499.0,1.84,748.0,705.8,530.5
MDB,3/26/2015,499.0,490.0,490.0,490.0,-1.8,28.0,705.8,530.5
MDB,3/29/2015,490.0,490.0,490.0,490.0,0.0,190.0,705.8,530.5
MDB,3/30/2015,490.0,490.0,485.0,490.0,0.0,1274.0,705.8,530.5
MDB,3/31/2015,490.0,490.0,485.0,485.0,-1.02,58.0,705.8,530.5
MDB,4/1/2015,485.0,489.0,481.0,481.0,-0.82,410.0,705.8,530.5
MDB,4/2/2015,481.0,492.0,474.0,492.0,2.29,223.0,705.8,530.5
MDB,4/5/2015,492.0,492.0,490.0,490.0,-0.41,250.0,705.8,530.5
MDB,4/12/2015,490.0,499.0,491.0,499.0,1.84,41.0,705.8,530.5
MDB,4/15/2015,499.0,491.0,490.0,490.0,-1.8,982.0,705.8,530.5
MDB,4/16/2015,490.0,490.0,485.0,485.0,-1.02,604.0,705.8,530.5
MDB,4/19/2015,485.0,480.0,476.0,480.0,-1.03,348.0,705.8,530.5
MDB,4/20/2015,480.0,489.0,481.0,481.0,0.21,146.0,705.8,530.5
MDB,4/21/2015,481.0,481.0,481.0,481.0,0.0,86.0,705.8,530.5
MDB,4/23/2015,481.0,476.0,474.0,474.0,-1.46,252.0,705.8,530.5
MDB,5/24/2015,474.0,465.0,427.0,427.0,-9.92,381.0,705.8,530.5
MDB,5/25/2015,427.0,419.0,385.0,400.0,-6.32,1493.0,705.8,530.5
MDB,5/26/2015,400.0,408.0,401.0,402.0,0.5,343.0,705.8,530.5
MDB,5/27/2015,402.0,400.0,400.0,400.0,-0.5,38.0,705.8,530.5
MDB,5/31/2015,400.0,416.0,408.0,416.0,4.0,306.0,705.8,530.5
MDB,6/1/2015,416.0,449.0,424.0,449.0,7.93,614.0,705.8,530.5
MDB,6/2/2015,449.0,441.0,441.0,441.0,-1.78,24.0,705.8,530.5
MDB,6/7/2015,441.0,449.0,449.0,449.0,1.81,18.0,705.8,530.5
MDB,6/8/2015,449.0,493.0,457.0,493.0,9.8,690.0,705.8,530.5
MDB,6/9/2015,493.0,521.0,502.0,520.0,5.48,1817.0,705.8,530.5
MDB,6/10/2015,520.0,525.0,505.0,511.0,-1.73,408.0,705.8,530.5
MDB,6/11/2015,511.0,507.0,503.0,506.0,-0.98,303.0,705.8,530.5
MDB,6/14/2015,506.0,497.0,497.0,497.0,-1.78,144.0,705.8,530.5
MDB,6/15/2015,497.0,491.0,488.0,491.0,-1.21,388.0,705.8,530.5
MDB,6/17/2015,491.0,483.0,481.0,481.0,-2.04,134.0,705.8,530.5
MDB,6/18/2015,481.0,489.0,480.0,489.0,1.66,172.0,705.8,530.5
MDB,6/21/2015,489.0,480.0,480.0,480.0,-1.84,435.0,705.8,530.5
MDB,6/23/2015,480.0,485.0,480.0,485.0,1.04,164.0,705.8,530.5
MDB,6/24/2015,485.0,508.0,490.0,500.0,3.09,490.0,705.8,530.5
MDB,6/25/2015,500.0,510.0,500.0,505.0,1.0,826.0,705.8,530.5
MDB,6/28/2015,505.0,505.0,499.0,505.0,0.0,615.0,705.8,530.5
MDB,6/29/2015,505.0,510.0,500.0,510.0,0.99,331.0,705.8,530.5
MDB,6/30/2015,510.0,510.0,510.0,510.0,0.0,201.0,705.8,530.5
MDB,7/1/2015,510.0,510.0,510.0,510.0,0.0,155.0,705.8,530.5
MDB,7/2/2015,510.0,500.0,486.0,490.0,-3.92,781.0,705.8,530.5
MDB,7/5/2015,490.0,499.0,490.0,493.0,0.61,329.0,705.8,530.5
MDB,7/6/2015,493.0,489.0,472.0,489.0,-0.81,862.0,705.8,530.5
MDB,7/7/2015,489.0,500.0,494.0,500.0,2.25,663.0,705.8,530.5
MDB,7/8/2015,500.0,500.0,499.0,499.0,-0.2,557.0,705.8,530.5
MDB,7/9/2015,499.0,504.0,490.0,492.0,-1.4,1650.0,705.8,530.5
MDB,7/13/2015,492.0,490.0,490.0,490.0,-0.41,22.0,705.8,530.5
MDB,7/14/2015,490.0,507.0,486.0,499.0,1.84,915.0,705.8,530.5
MDB,7/15/2015,499.0,500.0,495.0,500.0,0.2,499.0,705.8,530.5
MDB,7/16/2015,500.0,500.0,491.0,500.0,0.0,1563.0,705.8,530.5
MDB,7/22/2015,500.0,510.0,495.0,510.0,2.0,1118.0,705.8,530.5
MDB,7/23/2015,510.0,520.0,513.0,514.0,0.78,464.0,705.8,530.5
MDB,7/26/2015,514.0,534.0,524.0,534.0,3.89,46.0,705.8,530.5
MDB,7/27/2015,534.0,544.0,534.0,534.0,0.0,246.0,705.8,530.5
MDB,7/28/2015,534.0,530.0,510.0,510.0,-4.49,107.0,705.8,530.5
MDB,7/29/2015,510.0,500.0,487.0,495.0,-2.94,785.0,705.8,530.5
MDB,7/30/2015,495.0,499.0,490.0,492.0,-0.61,401.0,705.8,530.5
MDB,8/2/2015,492.0,501.0,500.0,500.0,1.63,164.0,705.8,530.5
MDB,8/3/2015,500.0,500.0,490.0,490.0,-2.0,114.0,705.8,530.5
MDB,8/4/2015,490.0,500.0,481.0,487.0,-0.61,603.0,705.8,530.5
MDB,8/5/2015,487.0,490.0,483.0,490.0,0.62,529.0,705.8,530.5
MDB,8/6/2015,490.0,500.0,485.0,490.0,0.0,576.0,705.8,530.5
MDB,8/9/2015,490.0,498.0,486.0,486.0,-0.82,1152.0,705.8,530.5
MDB,8/10/2015,486.0,490.0,477.0,482.0,-0.82,1089.0,705.8,530.5
MDB,8/11/2015,482.0,482.0,473.0,482.0,0.0,536.0,705.8,530.5
MDB,8/12/2015,482.0,480.0,473.0,475.0,-1.45,1197.0,705.8,530.5
MDB,8/13/2015,475.0,493.0,461.0,493.0,3.79,2307.0,705.8,530.5
MDB,8/16/2015,493.0,490.0,471.0,477.0,-3.25,1119.0,705.8,530.5
MDB,8/17/2015,477.0,491.0,480.0,491.0,2.94,402.0,705.8,530.5
MDB,8/18/2015,491.0,525.0,490.0,525.0,6.92,2758.0,705.8,530.5
MDB,8/19/2015,525.0,525.0,515.0,520.0,-0.95,1208.0,705.8,530.5
MDB,8/20/2015,520.0,530.0,485.0,500.0,-3.85,1467.0,705.8,530.5
MDB,8/23/2015,500.0,500.0,470.0,499.0,-0.2,4589.0,705.8,530.5
MDB,8/24/2015,499.0,548.0,508.0,548.0,9.82,60.0,705.8,530.5
MDB,8/26/2015,548.0,551.0,541.0,548.0,0.0,446.0,705.8,530.5
MDB,8/31/2015,548.0,566.0,558.0,566.0,3.28,161.0,705.8,530.5
MDB,9/1/2015,566.0,560.0,560.0,560.0,-1.06,54.0,705.8,530.5
MDB,9/2/2015,560.0,571.0,571.0,571.0,1.96,50.0,705.8,530.5
MDB,9/3/2015,571.0,572.0,571.0,571.0,0.0,150.0,705.8,530.5
MDB,9/6/2015,571.0,560.0,560.0,560.0,-1.93,50.0,705.8,530.5
MDB,9/7/2015,560.0,570.0,570.0,570.0,1.79,72.0,705.8,530.5
MDB,9/8/2015,570.0,572.0,572.0,572.0,0.35,72.0,705.8,530.5
MDB,9/9/2015,572.0,628.0,583.0,627.0,9.62,899.0,705.8,530.5
MDB,9/10/2015,627.0,664.0,639.0,655.0,4.47,920.0,705.8,530.5
MDB,9/13/2015,655.0,651.0,650.0,650.0,-0.76,683.0,705.8,530.5
MDB,9/14/2015,650.0,660.0,650.0,650.0,0.0,728.0,705.8,530.5
MDB,9/15/2015,650.0,650.0,640.0,648.0,-0.31,1117.0,705.8,530.5
MDB,9/16/2015,648.0,650.0,641.0,641.0,-1.08,808.0,705.8,530.5
MDB,9/17/2015,641.0,648.0,635.0,635.0,-0.94,1625.0,705.8,530.5
MDB,9/22/2015,635.0,635.0,623.0,623.0,-1.89,725.0,705.8,530.5
MDB,9/23/2015,623.0,632.0,620.0,632.0,1.44,275.0,705.8,530.5
MDB,9/29/2015,632.0,644.0,640.0,640.0,1.27,140.0,705.8,530.5
MDB,9/30/2015,640.0,640.0,638.0,638.0,-0.31,147.0,705.8,530.5
MDB,10/1/2015,638.0,650.0,650.0,650.0,1.88,100.0,705.8,530.5
MDB,10/7/2015,650.0,640.0,630.0,630.0,-3.08,158.0,705.8,530.5
MDB,10/11/2015,630.0,618.0,618.0,618.0,-1.9,49.0,705.8,530.5
MDB,10/18/2015,618.0,620.0,620.0,620.0,0.32,500.0,705.8,530.5
MDB,10/19/2015,620.0,617.0,617.0,617.0,-0.48,40.0,705.8,530.5
MDB,11/1/2015,617.0,605.0,593.0,593.0,-3.89,200.0,705.8,530.5
MDB,11/2/2015,593.0,585.0,575.0,575.0,-3.04,166.0,705.8,530.5
MDB,11/3/2015,575.0,564.0,542.0,542.0,-5.74,400.0,705.8,530.5
MDB,11/4/2015,542.0,574.0,550.0,563.0,3.87,513.0,705.8,530.5
MDB,11/5/2015,563.0,553.0,552.0,552.0,-1.95,1000.0,705.8,530.5
MDB,11/8/2015,552.0,545.0,542.0,542.0,-1.81,800.0,705.8,530.5
MDB,11/9/2015,542.0,562.0,550.0,562.0,3.69,3163.0,705.8,530.5
MDB,11/10/2015,562.0,562.0,562.0,562.0,0.0,121.0,705.8,530.5
MDB,11/15/2015,562.0,560.0,549.0,549.0,-2.31,200.0,705.8,530.5
MDB,11/18/2015,549.0,560.0,559.0,560.0,2.0,163.0,705.8,530.5
MDB,11/22/2015,560.0,550.0,522.0,522.0,-6.79,1285.0,705.8,530.5
MDB,11/23/2015,522.0,535.0,515.0,535.0,2.49,1402.0,705.8,530.5
MDB,11/24/2015,535.0,525.0,525.0,525.0,-1.87,100.0,705.8,530.5
MDB,11/25/2015,525.0,525.0,521.0,521.0,-0.76,952.0,705.8,530.5
MDB,11/26/2015,521.0,511.0,510.0,510.0,-2.11,700.0,705.8,530.5
MDB,11/29/2015,510.0,510.0,472.0,472.0,-7.45,532.0,705.8,530.5
MDB,11/30/2015,472.0,482.0,481.0,481.0,1.91,107.0,705.8,530.5
MDB,12/1/2015,481.0,508.0,490.0,508.0,5.61,60.0,705.8,530.5
MDB,12/2/2015,508.0,505.0,500.0,505.0,-0.59,180.0,705.8,530.5
MDB,12/3/2015,505.0,535.0,510.0,535.0,5.94,444.0,705.8,530.5
MDB,12/6/2015,535.0,555.0,545.0,555.0,3.74,381.0,705.8,530.5
MDB,12/7/2015,555.0,577.0,566.0,577.0,3.96,500.0,705.8,530.5
MDB,12/8/2015,577.0,588.0,588.0,588.0,1.91,100.0,705.8,530.5
MDB,12/9/2015,588.0,599.0,577.0,577.0,-1.87,827.0,705.8,530.5
MDB,12/10/2015,577.0,584.0,560.0,560.0,-2.95,1786.0,705.8,530.5
MDB,12/13/2015,560.0,597.0,571.0,597.0,6.61,1728.0,705.8,530.5
MDB,12/14/2015,597.0,656.0,608.0,638.0,6.87,6546.0,705.8,530.5
MDB,12/15/2015,638.0,656.0,640.0,650.0,1.88,4314.0,705.8,530.5
MDB,12/16/2015,650.0,651.0,646.0,648.0,-0.31,1975.0,705.8,530.5
MDB,12/17/2015,648.0,650.0,633.0,633.0,-2.31,1342.0,705.8,530.5
MDB,12/20/2015,633.0,649.0,636.0,645.0,1.9,6081.0,705.8,530.5
MDB,12/21/2015,496.0,505.0,496.0,496.0,-23.1,122.0,705.8,530.5
MDB,12/23/2015,496.0,487.0,487.0,487.0,-1.81,977.0,705.8,530.5
MDB,12/24/2015,487.0,480.0,469.0,469.0,-3.7,747.0,705.8,530.5
MDB,12/27/2015,469.0,496.0,478.0,496.0,5.76,1163.0,705.8,530.5
MDB,12/28/2015,496.0,501.0,500.0,500.0,0.81,300.0,705.8,530.5
MDB,12/29/2015,500.0,515.0,505.0,505.0,1.0,1424.0,705.8,530.5
MDB,1/3/2016,505.0,535.0,515.0,535.0,5.94,2400.0,705.8,530.5
MDB,1/4/2016,535.0,555.0,535.0,550.0,2.8,3168.0,705.8,530.5
MDB,1/5/2016,550.0,580.0,550.0,580.0,5.45,554.0,705.8,530.5
MDB,1/6/2016,580.0,585.0,580.0,580.0,0.0,408.0,705.8,530.5
MDB,1/7/2016,580.0,587.0,580.0,587.0,1.21,873.0,705.8,530.5
MDB,1/10/2016,587.0,623.0,595.0,623.0,6.13,870.0,705.8,530.5
MDB,1/11/2016,623.0,635.0,600.0,600.0,-3.69,300.0,705.8,530.5
MDB,1/12/2016,600.0,590.0,590.0,590.0,-1.67,100.0,705.8,530.5
MDB,1/13/2016,590.0,590.0,570.0,570.0,-3.39,501.0,705.8,530.5
MDB,1/14/2016,570.0,571.0,565.0,569.0,-0.18,2250.0,705.8,530.5
MDB,1/17/2016,569.0,585.0,558.0,583.0,2.46,5783.0,705.8,530.5
MDB,1/18/2016,583.0,603.0,592.0,600.0,2.92,2824.0,705.8,530.5
MDB,1/19/2016,600.0,602.0,590.0,602.0,0.33,3865.0,705.8,530.5
MDB,1/20/2016,602.0,605.0,595.0,602.0,0.0,3493.0,705.8,530.5
MDB,1/21/2016,602.0,600.0,596.0,596.0,-1.0,196.0,705.8,530.5
MDB,1/24/2016,596.0,595.0,595.0,595.0,-0.17,1100.0,705.8,530.5
MDB,1/25/2016,595.0,625.0,605.0,610.0,2.52,2306.0,705.8,530.5
MDB,1/26/2016,610.0,615.0,610.0,615.0,0.82,2072.0,705.8,530.5
MDB,1/27/2016,615.0,612.0,605.0,606.0,-1.46,1360.0,705.8,530.5
MDB,1/31/2016,606.0,615.0,610.0,615.0,1.49,800.0,705.8,530.5
MDB,2/1/2016,615.0,626.0,620.0,625.0,1.63,7042.0,705.8,530.5
MDB,2/2/2016,625.0,630.0,620.0,620.0,-0.8,2220.0,705.8,530.5
MDB,2/3/2016,620.0,620.0,620.0,620.0,0.0,320.0,705.8,530.5
MDB,2/4/2016,620.0,621.0,619.0,619.0,-0.16,2640.0,705.8,530.5
MDB,2/7/2016,619.0,631.0,616.0,616.0,-0.48,462.0,705.8,530.5
MDB,2/8/2016,616.0,637.0,625.0,625.0,1.46,1183.0,705.8,530.5
MDB,2/11/2016,625.0,619.0,619.0,619.0,-0.96,43.0,705.8,530.5
MDB,2/14/2016,619.0,620.0,610.0,610.0,-1.45,120.0,705.8,530.5
MDB,2/15/2016,610.0,620.0,609.0,610.0,0.0,652.0,705.8,530.5
MDB,2/17/2016,610.0,646.0,610.0,622.0,1.97,940.0,705.8,530.5
MDB,2/18/2016,622.0,611.0,610.0,610.0,-1.93,300.0,705.8,530.5
MDB,2/21/2016,610.0,622.0,610.0,622.0,1.97,733.0,705.8,530.5
MDB,2/22/2016,622.0,645.0,620.0,640.0,2.89,1441.0,705.8,530.5
MDB,2/23/2016,640.0,630.0,628.0,628.0,-1.88,550.0,705.8,530.5
MDB,2/24/2016,628.0,618.0,616.0,616.0,-1.91,572.0,705.8,530.5
MDB,2/25/2016,616.0,620.0,620.0,620.0,0.65,260.0,705.8,530.5
MDB,2/28/2016,620.0,628.0,608.0,628.0,1.29,138.0,705.8,530.5
MDB,3/1/2016,628.0,620.0,616.0,620.0,-1.27,195.0,705.8,530.5
MDB,3/2/2016,620.0,627.0,620.0,627.0,1.13,184.0,705.8,530.5
MDB,3/3/2016,627.0,629.0,629.0,629.0,0.32,250.0,705.8,530.5
MDB,3/6/2016,629.0,635.0,635.0,635.0,0.95,200.0,705.8,530.5
MDB,3/10/2016,635.0,647.0,635.0,635.0,0.0,768.0,705.8,530.5
MDB,3/14/2016,635.0,640.0,630.0,630.0,-0.79,1000.0,705.8,530.5
MDB,3/15/2016,630.0,620.0,615.0,615.0,-2.38,208.0,705.8,530.5
MDB,3/16/2016,615.0,627.0,605.0,627.0,1.95,349.0,705.8,530.5
MDB,3/17/2016,627.0,630.0,620.0,620.0,-1.12,892.0,705.8,530.5
MDB,3/20/2016,620.0,620.0,608.0,615.0,-0.81,1344.0,705.8,530.5
MDB,3/21/2016,615.0,627.0,616.0,616.0,0.16,3931.0,705.8,530.5
MDB,3/23/2016,616.0,606.0,605.0,605.0,-1.79,300.0,705.8,530.5
MDB,3/24/2016,605.0,620.0,600.0,610.0,0.83,1872.0,705.8,530.5
MDB,3/27/2016,610.0,622.0,606.0,622.0,1.97,1668.0,705.8,530.5
MDB,3/28/2016,622.0,630.0,610.0,622.0,0.0,2158.0,705.8,530.5
MDB,3/29/2016,622.0,630.0,616.0,616.0,-0.96,440.0,705.8,530.5
MDB,3/31/2016,616.0,605.0,595.0,595.0,-3.41,636.0,705.8,530.5
MDB,4/3/2016,595.0,600.0,600.0,600.0,0.84,526.0,705.8,530.5
MDB,4/4/2016,600.0,607.0,600.0,607.0,1.17,133.0,705.8,530.5
MDB,4/5/2016,607.0,625.0,618.0,625.0,2.97,877.0,705.8,530.5
MDB,4/6/2016,625.0,615.0,613.0,613.0,-1.92,450.0,705.8,530.5
MDB,4/10/2016,613.0,640.0,600.0,600.0,-2.12,4106.0,705.8,530.5
MDB,4/11/2016,600.0,617.0,605.0,617.0,2.83,65.0,705.8,530.5
MDB,4/12/2016,617.0,615.0,614.0,615.0,-0.32,154.0,705.8,530.5
MDB,4/14/2016,615.0,635.0,620.0,635.0,3.25,327.0,705.8,530.5
MDB,4/17/2016,635.0,647.0,635.0,635.0,0.0,350.0,705.8,530.5
MDB,4/18/2016,635.0,665.0,647.0,652.0,2.68,622.0,705.8,530.5
MDB,4/19/2016,652.0,667.0,661.0,661.0,1.38,815.0,705.8,530.5
MDB,4/20/2016,661.0,727.0,665.0,727.0,9.98,6668.0,705.8,530.5
MDB,4/21/2016,727.0,727.0,713.0,716.0,-1.51,888.0,705.8,530.5
MDB,4/24/2016,716.0,712.0,702.0,708.0,-1.12,1039.0,705.8,530.5
MDB,4/25/2016,708.0,709.0,702.0,705.0,-0.42,1328.0,705.8,530.5
MDB,4/26/2016,705.0,709.0,696.0,696.0,-1.28,2076.0,705.8,530.5
MDB,4/27/2016,696.0,695.0,690.0,695.0,-0.14,280.0,705.8,530.5
MDB,4/28/2016,695.0,701.0,700.0,700.0,0.72,840.0,705.8,530.5
MDB,5/2/2016,700.0,700.0,692.0,692.0,-1.14,665.0,705.8,530.5
MDB,5/3/2016,692.0,700.0,685.0,695.0,0.43,634.0,705.8,530.5
MDB,5/4/2016,695.0,686.0,686.0,686.0,-1.29,15.0,705.8,530.5
MDB,5/5/2016,686.0,698.0,675.0,688.0,0.29,1332.0,705.8,530.5
MDB,5/8/2016,688.0,690.0,688.0,690.0,0.29,485.0,705.8,530.5
MDB,5/9/2016,690.0,715.0,680.0,715.0,3.62,1753.0,705.8,530.5
MDB,5/10/2016,715.0,720.0,706.0,706.0,-1.26,1244.0,705.8,530.5
MDB,5/11/2016,706.0,706.0,702.0,702.0,-0.57,352.0,705.8,530.5
MDB,5/12/2016,702.0,705.0,700.0,700.0,-0.28,300.0,705.8,530.5
MDB,5/15/2016,700.0,701.0,700.0,701.0,0.14,1099.0,705.8,530.5
MDB,5/16/2016,701.0,705.0,700.0,701.0,0.0,878.0,705.8,530.5
MDB,5/17/2016,701.0,715.0,701.0,715.0,2.0,298.0,705.8,530.5
MDB,5/18/2016,715.0,738.0,710.0,738.0,3.22,1650.0,705.8,530.5
MDB,5/19/2016,738.0,770.0,740.0,745.0,0.95,2747.0,705.8,530.5
MDB,5/22/2016,745.0,797.0,750.0,793.0,6.44,4150.0,705.8,530.5
MDB,5/23/2016,793.0,800.0,786.0,796.0,0.38,1536.0,705.8,530.5
MDB,5/24/2016,796.0,857.0,811.0,857.0,7.66,2909.0,705.8,530.5
MDB,5/25/2016,857.0,942.0,853.0,870.0,1.52,5438.0,705.8,530.5
MDB,5/26/2016,870.0,904.0,836.0,895.0,2.87,4368.0,705.8,530.5
MDB,5/29/2016,895.0,910.0,870.0,870.0,-2.79,1989.0,705.8,530.5
MDB,5/30/2016,870.0,884.0,857.0,857.0,-1.49,2623.0,705.8,530.5
MDB,5/31/2016,857.0,887.0,854.0,878.0,2.45,2308.0,705.8,530.5
MDB,6/1/2016,878.0,865.0,865.0,865.0,-1.48,294.0,705.8,530.5
MDB,6/2/2016,865.0,881.0,848.0,881.0,1.85,1812.0,705.8,530.5
MDB,6/5/2016,881.0,864.0,825.0,826.0,-6.24,1707.0,705.8,530.5
MDB,6/6/2016,826.0,875.0,842.0,858.0,3.87,759.0,705.8,530.5
MDB,6/7/2016,858.0,873.0,852.0,873.0,1.75,3622.0,705.8,530.5
MDB,6/8/2016,873.0,897.0,873.0,888.0,1.72,1628.0,705.8,530.5
MDB,6/9/2016,888.0,880.0,870.0,875.0,-1.46,865.0,705.8,530.5
MDB,6/12/2016,875.0,872.0,858.0,860.0,-1.71,1301.0,705.8,530.5
MDB,6/13/2016,860.0,865.0,850.0,850.0,-1.16,1604.0,705.8,530.5
MDB,6/14/2016,850.0,877.0,860.0,861.0,1.29,2263.0,705.8,530.5
MDB,6/15/2016,861.0,880.0,860.0,865.0,0.46,1768.0,705.8,530.5
MDB,6/16/2016,865.0,882.0,860.0,877.0,1.39,1329.0,705.8,530.5
MDB,6/19/2016,877.0,890.0,860.0,890.0,1.48,693.0,705.8,530.5
MDB,6/20/2016,890.0,895.0,878.0,879.0,-1.24,509.0,705.8,530.5
MDB,6/21/2016,879.0,896.0,896.0,896.0,1.93,20.0,705.8,530.5
MDB,6/22/2016,896.0,898.0,890.0,890.0,-0.67,715.0,705.8,530.5
MDB,6/23/2016,890.0,890.0,873.0,875.0,-1.69,795.0,705.8,530.5
MDB,6/26/2016,875.0,865.0,848.0,860.0,-1.71,740.0,705.8,530.5
MDB,6/27/2016,860.0,877.0,865.0,865.0,0.58,536.0,705.8,530.5
MDB,6/28/2016,865.0,887.0,866.0,870.0,0.58,1748.0,705.8,530.5
MDB,6/29/2016,870.0,872.0,850.0,872.0,0.23,2564.0,705.8,530.5
MDB,6/30/2016,872.0,875.0,860.0,874.0,0.23,2172.0,705.8,530.5
MDB,7/3/2016,874.0,887.0,875.0,875.0,0.11,1112.0,705.8,530.5
MDB,7/4/2016,875.0,935.0,870.0,921.0,5.26,4914.0,705.8,530.5
MDB,7/5/2016,921.0,922.0,905.0,910.0,-1.19,4548.0,705.8,530.5
MDB,7/6/2016,910.0,910.0,900.0,905.0,-0.55,668.0,705.8,530.5
MDB,7/10/2016,905.0,910.0,905.0,905.0,0.0,1200.0,705.8,530.5
MDB,7/11/2016,905.0,890.0,880.0,880.0,-2.76,1360.0,705.8,530.5
MDB,7/12/2016,880.0,897.0,880.0,885.0,0.57,595.0,705.8,530.5
MDB,7/13/2016,885.0,885.0,853.0,855.0,-3.39,524.0,705.8,530.5
MDB,7/14/2016,855.0,872.0,860.0,861.0,0.7,356.0,705.8,530.5
MDB,7/17/2016,861.0,907.0,851.0,890.0,3.37,1616.0,705.8,530.5
MDB,7/18/2016,890.0,924.0,907.0,920.0,3.37,2018.0,705.8,530.5
MDB,7/19/2016,920.0,950.0,915.0,950.0,3.26,1804.0,705.8,530.5
MDB,7/20/2016,950.0,960.0,940.0,945.0,-0.53,2294.0,705.8,530.5
MDB,7/21/2016,945.0,945.0,931.0,931.0,-1.48,287.0,705.8,530.5
MDB,7/25/2016,931.0,1024.0,940.0,1024.0,9.99,3699.0,705.8,530.5
MDB,7/26/2016,1024.0,1126.0,1044.0,1126.0,9.96,5076.0,705.8,530.5
MDB,7/27/2016,1126.0,1216.0,1148.0,1150.0,2.13,5253.0,705.8,530.5
MDB,7/28/2016,1150.0,1196.0,1170.0,1180.0,2.61,2219.0,705.8,530.5
MDB,7/31/2016,1180.0,1190.0,1145.0,1155.0,-2.12,2486.0,705.8,530.5
MDB,8/1/2016,1155.0,1160.0,1110.0,1150.0,-0.43,826.0,705.8,530.5
MDB,8/2/2016,1150.0,1160.0,1100.0,1100.0,-4.35,2650.0,705.8,530.5
MDB,8/3/2016,1100.0,1122.0,1079.0,1122.0,2.0,1328.0,705.8,530.5
MDB,8/4/2016,1122.0,1110.0,1057.0,1057.0,-5.79,1341.0,705.8,530.5
MDB,8/7/2016,1057.0,1162.0,1060.0,1081.0,2.27,5446.0,705.8,530.5
MDB,8/8/2016,1081.0,1085.0,1050.0,1050.0,-2.87,1703.0,705.8,530.5
MDB,8/9/2016,1050.0,1071.0,1071.0,1071.0,2.0,100.0,705.8,530.5
MDB,8/10/2016,1071.0,1162.0,1092.0,1161.0,8.4,5876.0,705.8,530.5
MDB,8/11/2016,1161.0,1184.0,1103.0,1140.0,-1.81,2048.0,705.8,530.5
MDB,8/14/2016,1140.0,1125.0,1100.0,1100.0,-3.51,965.0,705.8,530.5
MDB,8/15/2016,1100.0,1080.0,1036.0,1050.0,-4.55,3988.0,705.8,530.5
MDB,8/16/2016,1050.0,1090.0,1030.0,1090.0,3.81,3528.0,705.8,530.5
MDB,8/17/2016,1090.0,1132.0,1080.0,1095.0,0.46,1871.0,705.8,530.5
MDB,8/21/2016,1095.0,1090.0,1056.0,1065.0,-2.74,1564.0,705.8,530.5
MDB,8/22/2016,1065.0,1050.0,1025.0,1025.0,-3.76,4547.0,705.8,530.5
MDB,8/23/2016,1025.0,1050.0,1006.0,1025.0,0.0,3398.0,705.8,530.5
MDB,8/24/2016,1025.0,1059.0,1020.0,1059.0,3.32,1731.0,705.8,530.5
MDB,8/28/2016,1059.0,1071.0,1050.0,1071.0,1.13,4282.0,705.8,530.5
MDB,8/29/2016,1071.0,1100.0,1045.0,1080.0,0.84,5041.0,705.8,530.5
MDB,8/30/2016,1080.0,1110.0,1065.0,1088.0,0.74,1317.0,705.8,530.5
MDB,8/31/2016,1088.0,1115.0,1100.0,1100.0,1.1,1398.0,705.8,530.5
MDB,9/1/2016,1100.0,1187.0,1100.0,1176.0,6.91,11173.0,705.8,530.5
MDB,9/3/2016,1176.0,1215.0,1190.0,1190.0,1.19,4007.0,705.8,530.5
MDB,9/4/2016,1176.0,1215.0,1190.0,1190.0,0.0,4007.0,705.8,530.5
MDB,9/5/2016,1190.0,1213.0,1176.0,1176.0,-1.18,4955.0,705.8,530.5
MDB,9/6/2016,1176.0,1199.0,1155.0,1180.0,0.34,3904.0,705.8,530.5
MDB,9/7/2016,1180.0,1203.0,1170.0,1190.0,0.85,3265.0,705.8,530.5
MDB,9/8/2016,1190.0,1188.0,1174.0,1174.0,-1.34,735.0,705.8,530.5
MDB,9/11/2016,1174.0,1240.0,1190.0,1227.0,4.51,14561.0,705.8,530.5
MDB,9/12/2016,1227.0,1264.0,1227.0,1263.0,2.93,14578.0,705.8,530.5
MDB,9/14/2016,1263.0,1287.0,1250.0,1260.0,-0.24,7680.0,705.8,530.5
MDB,9/18/2016,1260.0,1285.0,1260.0,1283.0,1.83,16020.0,705.8,530.5
MDB,9/20/2016,1283.0,1326.0,1290.0,1294.0,0.86,20816.0,705.8,530.5
MDB,9/21/2016,1294.0,1320.0,1260.0,1297.0,0.23,13727.0,705.8,530.5
MDB,9/22/2016,898.0,953.0,911.0,919.0,-29.14,5686.0,705.8,530.5
MDB,9/25/2016,919.0,921.0,873.0,875.0,-4.79,358.0,705.8,530.5
MDB,9/26/2016,875.0,860.0,841.0,841.0,-3.89,1745.0,705.8,530.5
MDB,9/27/2016,841.0,855.0,840.0,840.0,-0.12,1322.0,705.8,530.5
MDB,9/28/2016,840.0,827.0,820.0,823.0,-2.02,700.0,705.8,530.5
MDB,9/29/2016,823.0,830.0,814.0,829.0,0.73,3192.0,705.8,530.5
MDB,10/2/2016,829.0,831.0,831.0,831.0,0.24,20.0,705.8,530.5
MDB,10/3/2016,831.0,870.0,831.0,870.0,4.69,2464.0,705.8,530.5
MDB,10/4/2016,870.0,877.0,860.0,865.0,-0.57,480.0,705.8,530.5
MDB,10/5/2016,865.0,870.0,866.0,870.0,0.58,250.0,705.8,530.5
MDB,10/6/2016,870.0,904.0,870.0,870.0,0.0,760.0,705.8,530.5
MDB,10/16/2016,870.0,863.0,836.0,836.0,-3.91,352.0,705.8,530.5
MDB,10/17/2016,836.0,860.0,852.0,860.0,2.87,150.0,705.8,530.5
MDB,10/18/2016,860.0,861.0,855.0,861.0,0.12,621.0,705.8,530.5
MDB,10/19/2016,861.0,855.0,845.0,855.0,-0.7,430.0,705.8,530.5
MDB,10/20/2016,855.0,854.0,838.0,845.0,-1.17,1938.0,705.8,530.5
MDB,10/23/2016,845.0,898.0,841.0,880.0,4.14,3107.0,705.8,530.5
MDB,10/24/2016,880.0,887.0,860.0,887.0,0.8,2395.0,705.8,530.5
MDB,10/25/2016,887.0,887.0,863.0,865.0,-2.48,1094.0,705.8,530.5
MDB,10/26/2016,865.0,862.0,855.0,855.0,-1.16,1900.0,705.8,530.5
MDB,10/27/2016,855.0,870.0,850.0,868.0,1.52,1030.0,705.8,530.5
MDB,11/3/2016,723.0,723.0,673.0,673.0,-22.47,1216.0,705.8,530.5
MDB,11/7/2016,673.0,670.0,644.0,644.0,-4.31,880.0,705.8,530.5
MDB,11/8/2016,644.0,635.0,625.0,630.0,-2.17,876.0,705.8,530.5
MDB,11/9/2016,630.0,630.0,610.0,610.0,-3.17,554.0,705.8,530.5
MDB,11/10/2016,610.0,624.0,600.0,620.0,1.64,13939.0,705.8,530.5
MDB,11/13/2016,620.0,610.0,598.0,610.0,-1.61,1010.0,705.8,530.5
MDB,11/14/2016,610.0,602.0,587.0,600.0,-1.64,880.0,705.8,530.5
MDB,11/15/2016,600.0,600.0,590.0,590.0,-1.67,93.0,705.8,530.5
MDB,11/16/2016,590.0,585.0,570.0,570.0,-3.39,310.0,705.8,530.5
MDB,11/17/2016,570.0,570.0,548.0,548.0,-3.86,1072.0,705.8,530.5
MDB,11/20/2016,548.0,545.0,541.0,545.0,-0.55,505.0,705.8,530.5
MDB,11/21/2016,545.0,555.0,540.0,550.0,0.92,3777.0,705.8,530.5
MDB,11/22/2016,550.0,540.0,520.0,521.0,-5.27,1716.0,705.8,530.5
MDB,11/23/2016,521.0,511.0,483.0,492.0,-5.57,1184.0,705.8,530.5
MDB,11/24/2016,492.0,501.0,473.0,473.0,-3.86,5460.0,705.8,530.5
MDB,11/27/2016,473.0,465.0,447.0,447.0,-5.5,1390.0,705.8,530.5
MDB,11/28/2016,447.0,455.0,423.0,455.0,1.79,733.0,705.8,530.5
MDB,11/29/2016,455.0,500.0,464.0,500.0,9.89,2862.0,705.8,530.5
MDB,11/30/2016,500.0,550.0,510.0,550.0,10.0,3680.0,705.8,530.5
MDB,12/1/2016,550.0,605.0,561.0,605.0,10.0,4846.0,705.8,530.5
MDB,12/4/2016,605.0,625.0,571.0,585.0,-3.31,4996.0,705.8,530.5
MDB,12/5/2016,585.0,596.0,568.0,568.0,-2.91,1526.0,705.8,530.5
MDB,12/6/2016,568.0,571.0,540.0,561.0,-1.23,2718.0,705.8,530.5
MDB,12/7/2016,561.0,561.0,550.0,561.0,0.0,300.0,705.8,530.5
MDB,12/8/2016,561.0,561.0,552.0,561.0,0.0,700.0,705.8,530.5
MDB,12/11/2016,561.0,565.0,550.0,550.0,-1.96,480.0,705.8,530.5
MDB,12/12/2016,550.0,539.0,529.0,529.0,-3.82,315.0,705.8,530.5
MDB,12/14/2016,529.0,530.0,510.0,530.0,0.19,835.0,705.8,530.5
MDB,12/15/2016,530.0,550.0,535.0,535.0,0.94,1220.0,705.8,530.5
MDB,12/18/2016,535.0,537.0,524.0,525.0,-1.87,1429.0,705.8,530.5
MDB,12/19/2016,525.0,515.0,515.0,515.0,-1.9,18.0,705.8,530.5
MDB,12/20/2016,515.0,513.0,501.0,501.0,-2.72,1380.0,705.8,530.5
MDB,12/21/2016,501.0,510.0,500.0,510.0,1.8,145.0,705.8,530.5
MDB,12/22/2016,510.0,530.0,510.0,510.0,0.0,1165.0,705.8,530.5
MDB,12/26/2016,510.0,500.0,500.0,500.0,-1.96,180.0,705.8,530.5
MDB,12/27/2016,500.0,500.0,490.0,490.0,-2.0,1800.0,705.8,530.5
MDB,12/28/2016,490.0,508.0,490.0,508.0,3.67,1003.0,705.8,530.5
MDB,12/29/2016,508.0,528.0,510.0,525.0,3.35,643.0,705.8,530.5
MDB,1/1/2017,525.0,530.0,520.0,530.0,0.95,1386.0,705.8,530.5
MDB,1/2/2017,530.0,540.0,520.0,540.0,1.89,1356.0,705.8,530.5
MDB,1/3/2017,540.0,535.0,520.0,520.0,-3.7,630.0,705.8,530.5
MDB,1/4/2017,520.0,515.0,515.0,515.0,-0.96,140.0,705.8,530.5
MDB,1/5/2017,515.0,520.0,500.0,504.0,-2.14,2914.0,705.8,530.5
MDB,1/8/2017,504.0,504.0,493.0,500.0,-0.79,3429.0,705.8,530.5
MDB,1/9/2017,500.0,505.0,492.0,492.0,-1.6,2514.0,705.8,530.5
MDB,1/10/2017,492.0,515.0,490.0,515.0,4.67,2100.0,705.8,530.5
MDB,1/11/2017,515.0,507.0,496.0,501.0,-2.72,2359.0,705.8,530.5
MDB,1/12/2017,501.0,497.0,495.0,495.0,-1.2,230.0,705.8,530.5
MDB,1/15/2017,495.0,495.0,494.0,494.0,-0.2,252.0,705.8,530.5
MDB,1/17/2017,494.0,490.0,490.0,490.0,-0.81,100.0,705.8,530.5
MDB,1/18/2017,490.0,502.0,490.0,500.0,2.04,1558.0,705.8,530.5
MDB,1/22/2017,500.0,510.0,490.0,490.0,-2.0,732.0,705.8,530.5
MDB,1/23/2017,490.0,490.0,485.0,485.0,-1.02,980.0,705.8,530.5
MDB,1/24/2017,485.0,480.0,477.0,480.0,-1.03,694.0,705.8,530.5
MDB,1/25/2017,480.0,475.0,457.0,457.0,-4.79,1336.0,705.8,530.5
MDB,1/26/2017,457.0,466.0,441.0,451.0,-1.31,3351.0,705.8,530.5
MDB,1/30/2017,451.0,445.0,429.0,429.0,-4.88,617.0,705.8,530.5
MDB,1/31/2017,429.0,428.0,425.0,427.0,-0.47,250.0,705.8,530.5
MDB,2/1/2017,427.0,469.0,435.0,455.0,6.56,673.0,705.8,530.5
MDB,2/2/2017,455.0,478.0,456.0,469.0,3.08,1005.0,705.8,530.5
MDB,2/5/2017,469.0,478.0,470.0,470.0,0.21,110.0,705.8,530.5
MDB,2/6/2017,470.0,475.0,448.0,470.0,0.0,565.0,705.8,530.5
MDB,2/7/2017,470.0,465.0,465.0,465.0,-1.06,88.0,705.8,530.5
MDB,2/8/2017,465.0,460.0,460.0,460.0,-1.08,10.0,705.8,530.5
MDB,2/12/2017,460.0,451.0,430.0,438.0,-4.78,675.0,705.8,530.5
MDB,2/13/2017,438.0,446.0,435.0,445.0,1.6,811.0,705.8,530.5
MDB,2/14/2017,445.0,453.0,440.0,440.0,-1.12,1266.0,705.8,530.5
MDB,2/15/2017,440.0,464.0,440.0,455.0,3.41,1400.0,705.8,530.5
MDB,2/16/2017,455.0,469.0,447.0,469.0,3.08,3561.0,705.8,530.5
MDB,2/19/2017,469.0,488.0,470.0,488.0,4.05,892.0,705.8,530.5
MDB,2/20/2017,488.0,490.0,473.0,473.0,-3.07,475.0,705.8,530.5
MDB,2/21/2017,473.0,485.0,464.0,473.0,0.0,1468.0,705.8,530.5
MDB,2/22/2017,473.0,473.0,456.0,456.0,-3.59,550.0,705.8,530.5
MDB,2/23/2017,456.0,462.0,460.0,462.0,1.32,416.0,705.8,530.5
MDB,2/26/2017,462.0,471.0,462.0,462.0,0.0,250.0,705.8,530.5
MDB,3/1/2017,462.0,464.0,453.0,455.0,-1.52,1717.0,705.8,530.5
MDB,3/2/2017,455.0,460.0,455.0,455.0,0.0,400.0,705.8,530.5
MDB,3/5/2017,455.0,470.0,460.0,470.0,3.3,865.0,705.8,530.5
MDB,3/6/2017,470.0,470.0,461.0,461.0,-1.91,375.0,705.8,530.5
MDB,3/7/2017,461.0,465.0,460.0,460.0,-0.22,875.0,705.8,530.5
MDB,3/9/2017,460.0,464.0,455.0,460.0,0.0,287.0,705.8,530.5
MDB,3/14/2017,460.0,460.0,446.0,456.0,-0.87,4458.0,705.8,530.5
MDB,3/16/2017,456.0,450.0,442.0,444.0,-2.63,1437.0,705.8,530.5
MDB,3/19/2017,444.0,452.0,448.0,450.0,1.35,1561.0,705.8,530.5
MDB,3/20/2017,450.0,479.0,450.0,479.0,6.44,4129.0,705.8,530.5
MDB,3/21/2017,479.0,526.0,461.0,513.0,7.1,4630.0,705.8,530.5
MDB,3/22/2017,513.0,540.0,485.0,485.0,-5.46,7230.0,705.8,530.5
MDB,3/23/2017,485.0,514.0,485.0,514.0,5.98,5097.0,705.8,530.5
MDB,3/26/2017,514.0,540.0,515.0,530.0,3.11,8783.0,705.8,530.5
MDB,3/28/2017,530.0,569.0,535.0,558.0,5.28,7776.0,705.8,530.5
MDB,3/29/2017,558.0,580.0,537.0,537.0,-3.76,10908.0,705.8,530.5
MDB,3/30/2017,537.0,556.0,525.0,541.0,0.74,4799.0,705.8,530.5
MDB,4/2/2017,541.0,561.0,550.0,561.0,3.7,2105.0,705.8,530.5
MDB,4/3/2017,561.0,598.0,570.0,570.0,1.6,8779.0,705.8,530.5
MDB,4/4/2017,570.0,580.0,569.0,569.0,-0.18,5544.0,705.8,530.5
MDB,4/6/2017,569.0,570.0,551.0,565.0,-0.7,5259.0,705.8,530.5
MDB,4/9/2017,565.0,570.0,565.0,565.0,0.0,2936.0,705.8,530.5
MDB,4/10/2017,565.0,608.0,562.0,594.0,5.13,5976.0,705.8,530.5
MDB,4/11/2017,594.0,610.0,595.0,600.0,1.01,5004.0,705.8,530.5
MDB,4/12/2017,600.0,652.0,612.0,618.0,3.0,7516.0,705.8,530.5
MDB,4/13/2017,618.0,633.0,605.0,630.0,1.94,6559.0,705.8,530.5
MDB,4/16/2017,630.0,625.0,589.0,589.0,-6.51,4467.0,705.8,530.5
MDB,4/18/2017,589.0,581.0,560.0,570.0,-3.23,2522.0,705.8,530.5
MDB,4/19/2017,570.0,621.0,565.0,621.0,8.95,951.0,705.8,530.5
MDB,4/20/2017,621.0,630.0,608.0,608.0,-2.09,1718.0,705.8,530.5
MDB,4/23/2017,608.0,654.0,620.0,621.0,2.14,3215.0,705.8,530.5
MDB,4/24/2017,621.0,631.0,610.0,631.0,1.61,2252.0,705.8,530.5
MDB,4/25/2017,631.0,625.0,607.0,621.0,-1.58,1220.0,705.8,530.5
MDB,4/26/2017,621.0,630.0,616.0,616.0,-0.81,828.0,705.8,530.5
MDB,4/27/2017,616.0,616.0,604.0,615.0,-0.16,1265.0,705.8,530.5
MDB,4/30/2017,615.0,606.0,595.0,600.0,-2.44,597.0,705.8,530.5
MDB,5/2/2017,600.0,608.0,574.0,585.0,-2.5,4272.0,705.8,530.5
MDB,5/3/2017,585.0,601.0,575.0,586.0,0.17,2250.0,705.8,530.5
MDB,5/4/2017,586.0,585.0,583.0,585.0,-0.17,550.0,705.8,530.5
MDB,5/7/2017,585.0,580.0,565.0,576.0,-1.54,1895.0,705.8,530.5
MDB,5/8/2017,576.0,590.0,580.0,590.0,2.43,2247.0,705.8,530.5
MDB,5/9/2017,590.0,601.0,590.0,599.0,1.53,2132.0,705.8,530.5
MDB,5/11/2017,599.0,595.0,580.0,584.0,-2.5,582.0,705.8,530.5
MDB,5/15/2017,584.0,595.0,592.0,592.0,1.37,230.0,705.8,530.5
MDB,5/16/2017,592.0,587.0,585.0,587.0,-0.84,2267.0,705.8,530.5
MDB,5/17/2017,587.0,585.0,580.0,585.0,-0.34,268.0,705.8,530.5
MDB,5/18/2017,585.0,579.0,575.0,578.0,-1.2,950.0,705.8,530.5
MDB,5/21/2017,578.0,580.0,571.0,571.0,-1.21,622.0,705.8,530.5
MDB,5/22/2017,571.0,567.0,565.0,567.0,-0.7,660.0,705.8,530.5
MDB,5/23/2017,567.0,589.0,566.0,570.0,0.53,3368.0,705.8,530.5
MDB,5/24/2017,570.0,579.0,560.0,579.0,1.58,550.0,705.8,530.5
MDB,5/28/2017,579.0,579.0,569.0,569.0,-1.73,376.0,705.8,530.5
MDB,5/30/2017,569.0,567.0,556.0,567.0,-0.35,934.0,705.8,530.5
MDB,5/31/2017,567.0,571.0,555.0,571.0,0.71,2797.0,705.8,530.5
MDB,6/1/2017,571.0,582.0,551.0,571.0,0.0,804.0,705.8,530.5
MDB,6/4/2017,571.0,562.0,560.0,560.0,-1.93,93.0,705.8,530.5
MDB,6/5/2017,560.0,572.0,561.0,561.0,0.18,940.0,705.8,530.5
MDB,6/6/2017,561.0,577.0,560.0,577.0,2.85,438.0,705.8,530.5
MDB,6/7/2017,577.0,580.0,549.0,549.0,-4.85,4479.0,705.8,530.5
MDB,6/8/2017,549.0,562.0,555.0,555.0,1.09,788.0,705.8,530.5
MDB,6/11/2017,555.0,560.0,540.0,540.0,-2.7,1585.0,705.8,530.5
MDB,6/12/2017,540.0,548.0,538.0,540.0,0.0,744.0,705.8,530.5
MDB,6/13/2017,540.0,550.0,540.0,550.0,1.85,2508.0,705.8,530.5
MDB,6/14/2017,550.0,550.0,540.0,543.0,-1.27,920.0,705.8,530.5
MDB,6/15/2017,543.0,555.0,540.0,545.0,0.37,1435.0,705.8,530.5
MDB,6/18/2017,545.0,541.0,541.0,541.0,-0.73,140.0,705.8,530.5
MDB,6/19/2017,541.0,540.0,531.0,540.0,-0.18,502.0,705.8,530.5
MDB,6/20/2017,540.0,535.0,530.0,530.0,-1.85,611.0,705.8,530.5
MDB,6/21/2017,530.0,550.0,535.0,550.0,3.77,162.0,705.8,530.5
MDB,6/22/2017,550.0,561.0,545.0,545.0,-0.91,581.0,705.8,530.5
MDB,6/25/2017,545.0,544.0,530.0,534.0,-2.02,990.0,705.8,530.5
MDB,6/27/2017,534.0,533.0,524.0,524.0,-1.87,2610.0,705.8,530.5
MDB,6/28/2017,524.0,531.0,516.0,516.0,-1.53,747.0,705.8,530.5
MDB,7/2/2017,516.0,510.0,500.0,501.0,-2.91,779.0,705.8,530.5
MDB,7/3/2017,501.0,515.0,510.0,515.0,2.79,90.0,705.8,530.5
MDB,7/4/2017,515.0,515.0,510.0,515.0,0.0,540.0,705.8,530.5
MDB,7/5/2017,515.0,513.0,508.0,513.0,-0.39,60.0,705.8,530.5
MDB,7/6/2017,513.0,519.0,513.0,519.0,1.17,1266.0,705.8,530.5
MDB,7/9/2017,519.0,539.0,515.0,530.0,2.12,2940.0,705.8,530.5
MDB,7/10/2017,530.0,537.0,537.0,537.0,1.32,190.0,705.8,530.5
MDB,7/11/2017,537.0,534.0,524.0,524.0,-2.42,44.0,705.8,530.5
MDB,7/12/2017,524.0,530.0,524.0,530.0,1.15,770.0,705.8,530.5
MDB,7/13/2017,530.0,525.0,516.0,520.0,-1.89,947.0,705.8,530.5
MDB,7/16/2017,520.0,515.0,510.0,512.0,-1.54,1056.0,705.8,530.5
MDB,7/17/2017,512.0,531.0,515.0,531.0,3.71,470.0,705.8,530.5
MDB,7/18/2017,531.0,559.0,533.0,559.0,5.27,3965.0,705.8,530.5
MDB,7/19/2017,559.0,582.0,560.0,560.0,0.18,2172.0,705.8,530.5
MDB,7/20/2017,560.0,550.0,540.0,550.0,-1.79,506.0,705.8,530.5
MDB,7/23/2017,550.0,550.0,533.0,533.0,-3.09,1600.0,705.8,530.5
MDB,7/24/2017,533.0,546.0,530.0,546.0,2.44,812.0,705.8,530.5
MDB,7/25/2017,546.0,544.0,535.0,536.0,-1.83,2306.0,705.8,530.5
MDB,7/26/2017,536.0,538.0,534.0,534.0,-0.37,1100.0,705.8,530.5
MDB,7/27/2017,534.0,550.0,540.0,546.0,2.25,1500.0,705.8,530.5
MDB,7/30/2017,546.0,536.0,536.0,536.0,-1.83,850.0,705.8,530.5
MDB,7/31/2017,536.0,540.0,521.0,540.0,0.75,3345.0,705.8,530.5
MDB,8/1/2017,540.0,548.0,539.0,539.0,-0.19,286.0,705.8,530.5
MDB,8/2/2017,539.0,550.0,530.0,550.0,2.04,1993.0,705.8,530.5
MDB,8/3/2017,550.0,555.0,545.0,555.0,0.91,7902.0,705.8,530.5
MDB,8/6/2017,555.0,557.0,550.0,552.0,-0.54,1974.0,705.8,530.5
MDB,8/7/2017,552.0,565.0,550.0,565.0,2.36,1714.0,705.8,530.5
MDB,8/9/2017,565.0,559.0,554.0,554.0,-1.95,1500.0,705.8,530.5
MDB,8/10/2017,554.0,565.0,550.0,565.0,1.99,1933.0,705.8,530.5
MDB,8/13/2017,565.0,576.0,544.0,564.0,-0.18,5732.0,705.8,530.5
MDB,8/15/2017,564.0,563.0,543.0,563.0,-0.18,3126.0,705.8,530.5
MDB,8/16/2017,563.0,570.0,559.0,559.0,-0.71,1588.0,705.8,530.5
MDB,8/17/2017,559.0,555.0,548.0,548.0,-1.97,7988.0,705.8,530.5
MDB,8/20/2017,548.0,560.0,552.0,560.0,2.19,1962.0,705.8,530.5
MDB,8/21/2017,560.0,560.0,550.0,560.0,0.0,7941.0,705.8,530.5
MDB,8/22/2017,560.0,557.0,555.0,555.0,-0.89,713.0,705.8,530.5
MDB,8/23/2017,555.0,566.0,555.0,557.0,0.36,1066.0,705.8,530.5
MDB,8/24/2017,557.0,558.0,556.0,558.0,0.18,250.0,705.8,530.5
MDB,8/27/2017,558.0,562.0,553.0,553.0,-0.9,2107.0,705.8,530.5
MDB,8/28/2017,553.0,565.0,555.0,560.0,1.27,5342.0,705.8,530.5
MDB,8/30/2017,560.0,560.0,554.0,560.0,0.0,1787.0,705.8,530.5
MDB,8/31/2017,560.0,556.0,542.0,543.0,-3.04,690.0,705.8,530.5
MDB,9/4/2017,543.0,536.0,526.0,527.0,-2.95,1057.0,705.8,530.5
MDB,9/6/2017,527.0,530.0,520.0,530.0,0.57,985.0,705.8,530.5
MDB,9/7/2017,530.0,565.0,525.0,565.0,6.6,3670.0,705.8,530.5
MDB,9/10/2017,565.0,587.0,543.0,548.0,-3.01,10731.0,705.8,530.5
MDB,9/11/2017,548.0,555.0,538.0,545.0,-0.55,3041.0,705.8,530.5
MDB,9/12/2017,545.0,545.0,541.0,543.0,-0.37,2380.0,705.8,530.5
MDB,9/13/2017,543.0,540.0,523.0,530.0,-2.39,2109.0,705.8,530.5
MDB,9/14/2017,530.0,545.0,525.0,536.0,1.13,494.0,705.8,530.5
MDB,9/17/2017,536.0,546.0,536.0,545.0,1.68,1329.0,705.8,530.5
MDB,9/18/2017,545.0,555.0,540.0,545.0,0.0,1080.0,705.8,530.5
MDB,9/20/2017,545.0,540.0,536.0,536.0,-1.65,451.0,705.8,530.5
MDB,9/24/2017,536.0,540.0,540.0,540.0,0.75,100.0,705.8,530.5
MDB,9/25/2017,540.0,548.0,538.0,547.0,1.3,814.0,705.8,530.5
MDB,9/26/2017,547.0,555.0,541.0,541.0,-1.1,548.0,705.8,530.5
MDB,10/3/2017,541.0,550.0,550.0,550.0,1.66,20.0,705.8,530.5
MDB,10/8/2017,550.0,550.0,540.0,540.0,-1.82,2061.0,705.8,530.5
MDB,10/9/2017,540.0,530.0,525.0,525.0,-2.78,537.0,705.8,530.5
MDB,10/10/2017,525.0,535.0,515.0,535.0,1.9,967.0,705.8,530.5
MDB,10/11/2017,535.0,535.0,525.0,532.0,-0.56,1350.0,705.8,530.5
MDB,10/12/2017,532.0,535.0,526.0,526.0,-1.13,1100.0,705.8,530.5
MDB,10/15/2017,526.0,528.0,528.0,528.0,0.38,70.0,705.8,530.5
MDB,10/16/2017,528.0,541.0,538.0,540.0,2.27,910.0,705.8,530.5
MDB,10/17/2017,540.0,546.0,525.0,535.0,-0.93,4499.0,705.8,530.5
MDB,10/18/2017,535.0,535.0,528.0,528.0,-1.31,1118.0,705.8,530.5
MDB,10/22/2017,528.0,540.0,535.0,535.0,1.33,953.0,705.8,530.5
MDB,10/23/2017,535.0,535.0,535.0,535.0,0.0,70.0,705.8,530.5
MDB,10/24/2017,535.0,535.0,528.0,535.0,0.0,419.0,705.8,530.5
MDB,10/25/2017,535.0,540.0,520.0,520.0,-2.8,561.0,705.8,530.5
MDB,10/29/2017,520.0,517.0,515.0,517.0,-0.58,123.0,705.8,530.5
MDB,10/30/2017,517.0,528.0,510.0,511.0,-1.16,2154.0,705.8,530.5
MDB,10/31/2017,511.0,511.0,505.0,511.0,0.0,449.0,705.8,530.5
MDB,11/1/2017,511.0,525.0,510.0,525.0,2.74,353.0,705.8,530.5
MDB,11/2/2017,525.0,525.0,513.0,513.0,-2.29,1275.0,705.8,530.5
MDB,11/5/2017,513.0,510.0,503.0,510.0,-0.58,586.0,705.8,530.5
MDB,11/6/2017,510.0,520.0,509.0,519.0,1.76,796.0,705.8,530.5
MDB,11/7/2017,519.0,529.0,502.0,502.0,-3.28,2895.0,705.8,530.5
MDB,11/8/2017,502.0,495.0,481.0,486.0,-3.19,2511.0,705.8,530.5
MDB,11/9/2017,486.0,493.0,468.0,475.0,-2.26,1236.0,705.8,530.5
MDB,11/12/2017,475.0,483.0,465.0,483.0,1.68,2695.0,705.8,530.5
MDB,11/13/2017,483.0,492.0,490.0,490.0,1.45,335.0,705.8,530.5
MDB,11/14/2017,490.0,504.0,491.0,500.0,2.04,2510.0,705.8,530.5
MDB,11/15/2017,500.0,499.0,485.0,485.0,-3.0,1642.0,705.8,530.5
MDB,11/16/2017,485.0,485.0,480.0,483.0,-0.41,940.0,705.8,530.5
MDB,11/20/2017,483.0,480.0,465.0,465.0,-3.73,1505.0,705.8,530.5
MDB,11/21/2017,465.0,482.0,456.0,482.0,3.66,483.0,705.8,530.5
MDB,11/22/2017,482.0,484.0,470.0,470.0,-2.49,2308.0,705.8,530.5
MDB,11/23/2017,470.0,488.0,474.0,488.0,3.83,2052.0,705.8,530.5
MDB,11/26/2017,488.0,506.0,479.0,506.0,3.69,497.0,705.8,530.5
MDB,11/27/2017,506.0,510.0,490.0,502.0,-0.79,1701.0,705.8,530.5
MDB,11/28/2017,502.0,505.0,500.0,500.0,-0.4,1169.0,705.8,530.5
MDB,11/29/2017,500.0,521.0,504.0,510.0,2.0,2606.0,705.8,530.5
MDB,11/30/2017,510.0,515.0,501.0,501.0,-1.76,537.0,705.8,530.5
MDB,12/4/2017,501.0,500.0,495.0,500.0,-0.2,110.0,705.8,530.5
MDB,12/5/2017,500.0,500.0,500.0,500.0,0.0,40.0,705.8,530.5
MDB,12/6/2017,500.0,515.0,510.0,514.0,2.8,3039.0,705.8,530.5
MDB,12/10/2017,514.0,520.0,510.0,511.0,-0.58,2107.0,705.8,530.5
MDB,12/11/2017,511.0,513.0,510.0,513.0,0.39,1386.0,705.8,530.5
MDB,12/12/2017,513.0,516.0,496.0,515.0,0.39,1436.0,705.8,530.5
MDB,12/13/2017,515.0,508.0,505.0,508.0,-1.36,1833.0,705.8,530.5
MDB,12/14/2017,508.0,509.0,500.0,505.0,-0.59,1296.0,705.8,530.5
MDB,12/17/2017,505.0,511.0,500.0,503.0,-0.4,3059.0,705.8,530.5
MDB,12/18/2017,503.0,508.0,490.0,490.0,-2.58,4944.0,705.8,530.5
MDB,12/19/2017,373.0,372.0,352.0,359.0,-26.73,1248.0,705.8,530.5
MDB,12/20/2017,359.0,358.0,345.0,345.0,-3.9,3059.0,705.8,530.5
MDB,12/21/2017,345.0,350.0,344.0,348.0,0.87,865.0,705.8,530.5
MDB,12/24/2017,348.0,346.0,346.0,346.0,-0.57,39.0,705.8,530.5
MDB,12/26/2017,346.0,350.0,335.0,340.0,-1.73,2686.0,705.8,530.5
MDB,12/27/2017,340.0,336.0,325.0,336.0,-1.18,3492.0,705.8,530.5
MDB,12/28/2017,336.0,330.0,324.0,330.0,-1.79,290.0,705.8,530.5
MDB,12/31/2017,330.0,326.0,319.0,320.0,-3.03,1108.0,705.8,530.5
MDB,1/1/2018,320.0,332.0,322.0,332.0,3.75,1295.0,705.8,530.5
MDB,1/2/2018,332.0,344.0,326.0,338.0,1.81,754.0,705.8,530.5
MDB,1/3/2018,338.0,338.0,332.0,332.0,-1.78,1550.0,705.8,530.5
MDB,1/4/2018,332.0,329.0,329.0,329.0,-0.9,18.0,705.8,530.5
MDB,1/7/2018,329.0,336.0,330.0,336.0,2.13,389.0,705.8,530.5
MDB,1/8/2018,336.0,340.0,334.0,340.0,1.19,978.0,705.8,530.5
MDB,1/9/2018,340.0,345.0,337.0,339.0,-0.29,514.0,705.8,530.5
MDB,1/10/2018,339.0,336.0,336.0,336.0,-0.88,217.0,705.8,530.5
MDB,1/14/2018,336.0,331.0,325.0,326.0,-2.98,1738.0,705.8,530.5
MDB,1/16/2018,326.0,329.0,320.0,326.0,0.0,900.0,705.8,530.5
MDB,1/17/2018,326.0,326.0,320.0,320.0,-1.84,1000.0,705.8,530.5
MDB,1/21/2018,320.0,318.0,315.0,315.0,-1.56,1521.0,705.8,530.5
MDB,1/22/2018,315.0,316.0,313.0,313.0,-0.63,1800.0,705.8,530.5
MDB,1/23/2018,313.0,317.0,314.0,314.0,0.32,200.0,705.8,530.5
MDB,1/24/2018,314.0,320.0,311.0,316.0,0.64,1007.0,705.8,530.5
MDB,1/25/2018,316.0,316.0,310.0,316.0,0.0,191.0,705.8,530.5
MDB,1/28/2018,316.0,320.0,310.0,310.0,-1.9,3041.0,705.8,530.5
MDB,1/29/2018,310.0,310.0,300.0,306.0,-1.29,5417.0,705.8,530.5
MDB,1/31/2018,306.0,312.0,310.0,310.0,1.31,1154.0,705.8,530.5
MDB,2/1/2018,310.0,310.0,305.0,305.0,-1.61,267.0,705.8,530.5
MDB,2/4/2018,305.0,306.0,305.0,305.0,0.0,1250.0,705.8,530.5
MDB,2/5/2018,305.0,307.0,304.0,304.0,-0.33,910.0,705.8,530.5
MDB,2/6/2018,304.0,305.0,305.0,305.0,0.33,56.0,705.8,530.5
MDB,2/7/2018,305.0,309.0,295.0,296.0,-2.95,1590.0,705.8,530.5
MDB,2/8/2018,296.0,301.0,291.0,301.0,1.69,210.0,705.8,530.5
MDB,2/11/2018,301.0,297.0,295.0,295.0,-1.99,689.0,705.8,530.5
MDB,2/12/2018,295.0,300.0,295.0,296.0,0.34,464.0,705.8,530.5
MDB,2/14/2018,296.0,301.0,296.0,301.0,1.69,160.0,705.8,530.5
MDB,2/15/2018,301.0,317.0,300.0,316.0,4.98,2192.0,705.8,530.5
MDB,2/18/2018,320.0,326.0,309.0,309.0,-2.22,2075.0,705.8,530.5
MDB,2/20/2018,307.0,307.0,300.0,300.0,-2.91,433.0,705.8,530.5
MDB,2/22/2018,302.0,302.0,300.0,300.0,0.0,2260.0,705.8,530.5
MDB,2/25/2018,300.0,306.0,300.0,300.0,0.0,375.0,705.8,530.5
MDB,2/26/2018,296.0,296.0,294.0,294.0,-2.0,1025.0,705.8,530.5
MDB,2/27/2018,290.0,290.0,290.0,290.0,-1.36,300.0,705.8,530.5
MDB,2/28/2018,285.0,285.0,280.0,280.0,-3.45,4040.0,705.8,530.5
MDB,3/4/2018,275.0,275.0,270.0,270.0,-3.57,130.0,705.8,530.5
MDB,3/5/2018,275.0,276.0,270.0,271.0,0.37,818.0,705.8,530.5
MDB,3/6/2018,276.0,277.0,275.0,276.0,1.85,954.0,705.8,530.5
MDB,3/7/2018,280.0,282.0,280.0,280.0,1.45,1612.0,705.8,530.5
MDB,3/11/2018,275.0,275.0,270.0,270.0,-3.57,2057.0,705.8,530.5
MDB,3/12/2018,270.0,270.0,265.0,265.0,-1.85,750.0,705.8,530.5
MDB,3/13/2018,266.0,267.0,265.0,265.0,0.0,3300.0,705.8,530.5
MDB,3/14/2018,263.0,263.0,263.0,263.0,-0.75,28.0,705.8,530.5
MDB,3/15/2018,268.0,268.0,268.0,268.0,1.9,100.0,705.8,530.5
MDB,3/18/2018,268.0,273.0,268.0,273.0,1.87,352.0,705.8,530.5
MDB,3/19/2018,277.0,277.0,277.0,277.0,1.47,120.0,705.8,530.5
MDB,3/20/2018,272.0,272.0,265.0,265.0,-4.33,1667.0,705.8,530.5
MDB,3/21/2018,265.0,265.0,261.0,261.0,-1.51,1930.0,705.8,530.5
MDB,3/22/2018,260.0,260.0,260.0,260.0,-0.38,92.0,705.8,530.5
MDB,3/26/2018,255.0,256.0,250.0,250.0,-3.85,1863.0,705.8,530.5
MDB,3/27/2018,250.0,255.0,250.0,255.0,2.0,250.0,705.8,530.5
MDB,3/28/2018,255.0,260.0,255.0,260.0,1.96,1893.0,705.8,530.5
MDB,3/29/2018,260.0,270.0,255.0,269.0,3.46,1530.0,705.8,530.5
MDB,4/1/2018,264.0,264.0,254.0,254.0,-5.58,3628.0,705.8,530.5
MDB,4/2/2018,259.0,259.0,254.0,254.0,0.0,1770.0,705.8,530.5
MDB,4/3/2018,251.0,259.0,251.0,259.0,1.97,2107.0,705.8,530.5
MDB,4/4/2018,262.0,270.0,259.0,270.0,4.25,7594.0,705.8,530.5
MDB,4/5/2018,275.0,280.0,271.0,280.0,3.7,4010.0,705.8,530.5
MDB,4/8/2018,275.0,300.0,275.0,300.0,7.14,5527.0,705.8,530.5
MDB,4/9/2018,295.0,300.0,291.0,291.0,-3.0,2504.0,705.8,530.5
MDB,4/10/2018,286.0,291.0,286.0,290.0,-0.34,1504.0,705.8,530.5
MDB,4/11/2018,290.0,294.0,290.0,294.0,1.38,951.0,705.8,530.5
MDB,4/12/2018,298.0,298.0,289.0,289.0,-1.7,3460.0,705.8,530.5
MDB,4/15/2018,285.0,285.0,284.0,284.0,-1.73,338.0,705.8,530.5
MDB,4/17/2018,289.0,310.0,289.0,300.0,5.63,1143.0,705.8,530.5
MDB,4/18/2018,300.0,316.0,295.0,310.0,3.33,1446.0,705.8,530.5
MDB,4/19/2018,310.0,328.0,306.0,319.0,2.9,6450.0,705.8,530.5
MDB,4/22/2018,325.0,350.0,325.0,350.0,9.72,7445.0,705.8,530.5
MDB,4/23/2018,355.0,368.0,337.0,343.0,-2.0,7968.0,705.8,530.5
MDB,4/24/2018,337.0,345.0,335.0,339.0,-1.17,2738.0,705.8,530.5
MDB,4/25/2018,334.0,335.0,333.0,334.0,-1.47,608.0,705.8,530.5
MDB,4/26/2018,328.0,328.0,322.0,322.0,-3.59,1696.0,705.8,530.5
MDB,4/29/2018,320.0,320.0,314.0,320.0,-0.62,1580.0,705.8,530.5
MDB,5/2/2018,315.0,352.0,315.0,352.0,10.0,1788.0,705.8,530.5
MDB,5/3/2018,359.0,359.0,333.0,334.0,-5.11,2477.0,705.8,530.5
MDB,5/6/2018,331.0,337.0,331.0,332.0,-0.6,1309.0,705.8,530.5
MDB,5/7/2018,326.0,330.0,321.0,321.0,-3.31,174.0,705.8,530.5
MDB,5/8/2018,325.0,334.0,325.0,334.0,4.05,630.0,705.8,530.5
MDB,5/9/2018,335.0,339.0,333.0,335.0,0.3,1345.0,705.8,530.5
MDB,5/10/2018,341.0,341.0,335.0,335.0,0.0,220.0,705.8,530.5
MDB,5/14/2018,335.0,335.0,320.0,321.0,-4.18,1337.0,705.8,530.5
MDB,5/15/2018,319.0,319.0,317.0,317.0,-1.25,295.0,705.8,530.5
MDB,5/16/2018,320.0,325.0,320.0,325.0,2.52,464.0,705.8,530.5
MDB,5/17/2018,321.0,321.0,321.0,321.0,-1.23,30.0,705.8,530.5
MDB,5/21/2018,320.0,320.0,320.0,320.0,-0.31,300.0,705.8,530.5
MDB,5/22/2018,324.0,324.0,320.0,320.0,0.0,188.0,705.8,530.5
MDB,5/23/2018,314.0,314.0,308.0,314.0,-1.88,762.0,705.8,530.5
MDB,5/24/2018,312.0,312.0,308.0,308.0,-1.91,616.0,705.8,530.5
MDB,5/27/2018,308.0,308.0,299.0,299.0,-2.92,4229.0,705.8,530.5
MDB,5/28/2018,295.0,315.0,295.0,315.0,5.35,4525.0,705.8,530.5
MDB,5/29/2018,315.0,321.0,309.0,310.0,-1.59,2726.0,705.8,530.5
MDB,5/30/2018,315.0,316.0,310.0,310.0,0.0,1718.0,705.8,530.5
MDB,5/31/2018,311.0,311.0,302.0,311.0,0.32,1104.0,705.8,530.5
MDB,6/3/2018,305.0,305.0,299.0,300.0,-3.54,1881.0,705.8,530.5
MDB,6/6/2018,305.0,311.0,305.0,305.0,1.67,706.0,705.8,530.5
MDB,6/7/2018,306.0,306.0,291.0,292.0,-4.26,1463.0,705.8,530.5
MDB,6/10/2018,288.0,288.0,283.0,284.0,-2.74,1464.0,705.8,530.5
MDB,6/11/2018,280.0,291.0,276.0,290.0,2.11,1287.0,705.8,530.5
MDB,6/12/2018,293.0,293.0,290.0,293.0,1.03,5731.0,705.8,530.5
MDB,6/13/2018,290.0,290.0,285.0,285.0,-2.73,1799.0,705.8,530.5
MDB,6/14/2018,290.0,290.0,285.0,290.0,1.75,428.0,705.8,530.5
MDB,6/17/2018,295.0,295.0,285.0,285.0,-1.72,743.0,705.8,530.5
MDB,6/18/2018,281.0,285.0,280.0,285.0,0.0,222.0,705.8,530.5
MDB,6/19/2018,280.0,280.0,280.0,280.0,-1.75,1.0,705.8,530.5
MDB,6/20/2018,283.0,285.0,280.0,285.0,1.79,390.0,705.8,530.5
MDB,6/21/2018,285.0,285.0,282.0,282.0,-1.05,195.0,705.8,530.5
MDB,6/24/2018,284.0,284.0,284.0,284.0,0.71,50.0,705.8,530.5
MDB,6/25/2018,286.0,286.0,281.0,283.0,-0.35,509.0,705.8,530.5
MDB,6/26/2018,283.0,283.0,278.0,278.0,-1.77,594.0,705.8,530.5
MDB,6/27/2018,275.0,278.0,275.0,278.0,0.0,98.0,705.8,530.5
MDB,6/28/2018,283.0,283.0,275.0,278.0,0.0,2579.0,705.8,530.5
MDB,7/1/2018,275.0,276.0,275.0,275.0,-1.08,732.0,705.8,530.5
MDB,7/2/2018,270.0,280.0,270.0,280.0,1.82,343.0,705.8,530.5
MDB,7/3/2018,280.0,280.0,280.0,280.0,0.0,259.0,705.8,530.5
MDB,7/4/2018,280.0,280.0,275.0,277.0,-1.07,961.0,705.8,530.5
MDB,7/5/2018,280.0,280.0,276.0,276.0,-0.36,170.0,705.8,530.5
MDB,7/8/2018,281.0,285.0,281.0,284.0,2.9,330.0,705.8,530.5
MDB,7/9/2018,287.0,287.0,287.0,287.0,1.06,220.0,705.8,530.5
MDB,7/10/2018,284.0,295.0,283.0,295.0,2.79,1179.0,705.8,530.5
MDB,7/11/2018,295.0,295.0,295.0,295.0,0.0,160.0,705.8,530.5
MDB,7/12/2018,290.0,291.0,285.0,285.0,-3.39,864.0,705.8,530.5
MDB,7/15/2018,287.0,288.0,285.0,288.0,1.05,822.0,705.8,530.5
MDB,7/16/2018,288.0,288.0,288.0,288.0,0.0,252.0,705.8,530.5
MDB,7/17/2018,288.0,288.0,287.0,288.0,0.0,149.0,705.8,530.5
MDB,7/18/2018,290.0,290.0,288.0,290.0,0.69,272.0,705.8,530.5
MDB,7/19/2018,288.0,288.0,280.0,280.0,-3.45,738.0,705.8,530.5
MDB,7/22/2018,280.0,280.0,275.0,275.0,-1.79,625.0,705.8,530.5
MDB,7/23/2018,275.0,280.0,275.0,280.0,1.82,1128.0,705.8,530.5
MDB,7/24/2018,285.0,285.0,281.0,281.0,0.36,1201.0,705.8,530.5
MDB,7/25/2018,279.0,279.0,279.0,279.0,-0.71,100.0,705.8,530.5
MDB,7/26/2018,274.0,276.0,274.0,275.0,-1.43,116.0,705.8,530.5
MDB,7/30/2018,277.0,287.0,277.0,287.0,4.36,234.0,705.8,530.5
MDB,7/31/2018,285.0,285.0,280.0,280.0,-2.44,431.0,705.8,530.5
MDB,8/1/2018,280.0,280.0,280.0,280.0,0.0,100.0,705.8,530.5
MDB,8/2/2018,276.0,280.0,271.0,276.0,-1.43,1561.0,705.8,530.5
MDB,8/5/2018,275.0,279.0,275.0,276.0,0.0,567.0,705.8,530.5
MDB,8/6/2018,280.0,281.0,276.0,276.0,0.0,907.0,705.8,530.5
MDB,8/7/2018,274.0,276.0,274.0,274.0,-0.72,1039.0,705.8,530.5
MDB,8/8/2018,275.0,275.0,270.0,270.0,-1.46,2654.0,705.8,530.5
MDB,8/9/2018,270.0,274.0,270.0,270.0,0.0,114.0,705.8,530.5
MDB,8/12/2018,265.0,265.0,260.0,260.0,-3.7,1501.0,705.8,530.5
MDB,8/14/2018,257.0,263.0,257.0,260.0,0.0,638.0,705.8,530.5
MDB,8/15/2018,260.0,270.0,260.0,270.0,3.85,672.0,705.8,530.5
MDB,8/16/2018,275.0,275.0,275.0,275.0,1.85,55.0,705.8,530.5
MDB,8/19/2018,270.0,280.0,270.0,280.0,1.82,3415.0,705.8,530.5
MDB,8/20/2018,280.0,280.0,275.0,275.0,-1.79,310.0,705.8,530.5
MDB,8/21/2018,275.0,275.0,270.0,270.0,-1.82,442.0,705.8,530.5
MDB,8/23/2018,270.0,270.0,269.0,270.0,0.0,1450.0,705.8,530.5
MDB,8/26/2018,265.0,265.0,265.0,265.0,-1.85,200.0,705.8,530.5
MDB,8/29/2018,265.0,265.0,262.0,262.0,-1.13,731.0,705.8,530.5
MDB,8/30/2018,267.0,267.0,267.0,267.0,1.91,700.0,705.8,530.5
MDB,9/2/2018,267.0,267.0,267.0,267.0,0.0,74.0,705.8,530.5
MDB,9/3/2018,272.0,277.0,272.0,272.0,1.87,754.0,705.8,530.5
MDB,9/4/2018,275.0,275.0,275.0,275.0,1.1,25.0,705.8,530.5
MDB,9/5/2018,275.0,290.0,275.0,284.0,3.27,1430.0,705.8,530.5
MDB,9/6/2018,286.0,292.0,285.0,288.0,1.41,2965.0,705.8,530.5
MDB,9/9/2018,287.0,287.0,275.0,275.0,-4.51,2932.0,705.8,530.5
MDB,9/10/2018,277.0,277.0,275.0,275.0,0.0,592.0,705.8,530.5
MDB,9/11/2018,280.0,280.0,280.0,280.0,1.82,235.0,705.8,530.5
MDB,9/12/2018,281.0,281.0,275.0,275.0,-1.79,447.0,705.8,530.5
MDB,9/13/2018,280.0,287.0,280.0,286.0,4.0,1640.0,705.8,530.5
MDB,9/16/2018,291.0,307.0,290.0,305.0,6.64,1547.0,705.8,530.5
MDB,9/17/2018,299.0,306.0,295.0,300.0,-1.64,1501.0,705.8,530.5
MDB,9/18/2018,297.0,297.0,297.0,297.0,-1.0,10.0,705.8,530.5
MDB,9/20/2018,300.0,312.0,300.0,303.0,2.02,9362.0,705.8,530.5
MDB,9/23/2018,300.0,308.0,293.0,293.0,-3.3,11315.0,705.8,530.5
MDB,9/25/2018,298.0,303.0,298.0,303.0,3.41,2991.0,705.8,530.5
MDB,9/26/2018,306.0,307.0,299.0,299.0,-1.32,1606.0,705.8,530.5
MDB,9/27/2018,294.0,296.0,294.0,296.0,-1.0,408.0,705.8,530.5
MDB,9/30/2018,296.0,301.0,296.0,301.0,1.69,826.0,705.8,530.5
MDB,10/1/2018,299.0,299.0,295.0,295.0,-1.99,200.0,705.8,530.5
MDB,10/2/2018,290.0,300.0,290.0,294.0,-0.34,1630.0,705.8,530.5
MDB,10/3/2018,299.0,304.0,296.0,304.0,3.4,2399.0,705.8,530.5
MDB,10/4/2018,304.0,304.0,293.0,294.0,-3.29,481.0,705.8,530.5
MDB,10/7/2018,292.0,292.0,289.0,289.0,-1.7,1860.0,705.8,530.5
MDB,10/8/2018,290.0,290.0,289.0,289.0,0.0,160.0,705.8,530.5
MDB,10/9/2018,286.0,286.0,286.0,286.0,-1.04,100.0,705.8,530.5
MDB,10/10/2018,285.0,285.0,281.0,281.0,-1.75,237.0,705.8,530.5
MDB,10/14/2018,286.0,296.0,286.0,296.0,5.34,331.0,705.8,530.5
MDB,10/15/2018,296.0,298.0,295.0,296.0,0.0,1100.0,705.8,530.5
MDB,10/24/2018,296.0,296.0,291.0,292.0,-1.35,294.0,705.8,530.5
MDB,10/25/2018,287.0,287.0,282.0,285.0,-2.4,317.0,705.8,530.5
MDB,10/28/2018,288.0,288.0,288.0,288.0,1.05,200.0,705.8,530.5
MDB,10/29/2018,287.0,287.0,280.0,280.0,-2.78,413.0,705.8,530.5
MDB,10/30/2018,285.0,290.0,285.0,290.0,3.57,536.0,705.8,530.5
MDB,10/31/2018,285.0,285.0,275.0,285.0,-1.72,4937.0,705.8,530.5
MDB,11/1/2018,287.0,287.0,287.0,287.0,0.7,100.0,705.8,530.5
MDB,11/4/2018,282.0,282.0,278.0,278.0,-3.14,751.0,705.8,530.5
MDB,11/5/2018,275.0,276.0,274.0,274.0,-1.44,231.0,705.8,530.5
MDB,11/11/2018,274.0,281.0,274.0,281.0,2.55,80.0,705.8,530.5
MDB,11/12/2018,278.0,281.0,275.0,275.0,-2.14,2672.0,705.8,530.5
MDB,11/14/2018,277.0,277.0,275.0,277.0,0.73,128.0,705.8,530.5
MDB,11/15/2018,282.0,285.0,282.0,285.0,2.89,174.0,705.8,530.5
MDB,11/18/2018,285.0,285.0,282.0,282.0,-1.05,420.0,705.8,530.5
MDB,11/19/2018,285.0,285.0,279.0,281.0,-0.35,14044.0,705.8,530.5
MDB,11/21/2018,276.0,276.0,276.0,276.0,-1.78,150.0,705.8,530.5
MDB,11/25/2018,276.0,276.0,276.0,276.0,0.0,70.0,705.8,530.5
MDB,11/26/2018,275.0,280.0,275.0,276.0,0.0,238.0,705.8,530.5
MDB,11/27/2018,275.0,275.0,275.0,275.0,-0.36,125.0,705.8,530.5
MDB,11/29/2018,276.0,276.0,270.0,270.0,-1.82,1378.0,705.8,530.5
MDB,12/2/2018,273.0,273.0,269.0,269.0,-0.37,1213.0,705.8,530.5
MDB,12/3/2018,274.0,274.0,274.0,274.0,1.86,100.0,705.8,530.5
MDB,12/4/2018,270.0,271.0,269.0,271.0,-1.09,650.0,705.8,530.5
MDB,12/5/2018,270.0,272.0,269.0,272.0,0.37,1215.0,705.8,530.5
MDB,12/6/2018,267.0,272.0,267.0,272.0,0.0,839.0,705.8,530.5
MDB,12/9/2018,270.0,270.0,270.0,270.0,-0.74,125.0,705.8,530.5
MDB,12/10/2018,275.0,280.0,275.0,280.0,3.7,175.0,705.8,530.5
MDB,12/11/2018,280.0,280.0,273.0,273.0,-2.5,717.0,705.8,530.5
MDB,12/12/2018,274.0,275.0,273.0,273.0,0.0,343.0,705.8,530.5
MDB,12/13/2018,278.0,278.0,271.0,271.0,-0.73,131.0,705.8,530.5
MDB,12/16/2018,276.0,277.0,276.0,277.0,2.21,294.0,705.8,530.5
MDB,12/17/2018,280.0,288.0,280.0,288.0,3.97,486.0,705.8,530.5
MDB,12/18/2018,283.0,288.0,283.0,288.0,0.0,439.0,705.8,530.5
MDB,12/19/2018,283.0,285.0,279.0,279.0,-3.12,1810.0,705.8,530.5
MDB,12/20/2018,280.0,280.0,275.0,275.0,-1.43,69.0,705.8,530.5
MDB,12/23/2018,280.0,299.0,280.0,295.0,7.27,3448.0,705.8,530.5
MDB,12/24/2018,296.0,296.0,292.0,292.0,-1.02,720.0,705.8,530.5
MDB,12/25/2018,290.0,290.0,286.0,286.0,-2.05,798.0,705.8,530.5
MDB,12/26/2018,289.0,300.0,289.0,300.0,4.9,378.0,705.8,530.5
MDB,12/27/2018,306.0,310.0,294.0,294.0,-2.0,2890.0,705.8,530.5
MDB,12/30/2018,295.0,305.0,295.0,302.0,2.72,521.0,705.8,530.5
MDB,12/31/2018,296.0,296.0,291.0,291.0,-3.64,700.0,705.8,530.5
MDB,1/1/2019,290.0,291.0,290.0,291.0,0.0,570.0,705.8,530.5
MDB,1/2/2019,291.0,291.0,291.0,291.0,0.0,215.0,705.8,530.5
MDB,1/3/2019,290.0,290.0,290.0,290.0,-0.34,315.0,705.8,530.5
MDB,1/6/2019,290.0,290.0,285.0,285.0,-1.72,1897.0,705.8,530.5
MDB,1/7/2019,281.0,281.0,281.0,281.0,-1.4,10.0,705.8,530.5
MDB,1/8/2019,285.0,287.0,285.0,287.0,2.14,300.0,705.8,530.5
MDB,1/9/2019,292.0,295.0,292.0,295.0,2.79,300.0,705.8,530.5
MDB,1/10/2019,296.0,296.0,295.0,295.0,0.0,110.0,705.8,530.5
MDB,1/13/2019,291.0,296.0,291.0,291.0,-1.36,1006.0,705.8,530.5
MDB,1/14/2019,291.0,292.0,291.0,292.0,0.34,1132.0,705.8,530.5
MDB,1/15/2019,295.0,295.0,290.0,290.0,-0.68,124.0,705.8,530.5
MDB,1/16/2019,290.0,290.0,286.0,286.0,-1.38,353.0,705.8,530.5
MDB,1/17/2019,281.0,286.0,281.0,286.0,0.0,240.0,705.8,530.5
MDB,1/20/2019,281.0,285.0,281.0,285.0,-0.35,308.0,705.8,530.5
MDB,1/21/2019,290.0,296.0,290.0,296.0,3.86,932.0,705.8,530.5
MDB,1/22/2019,297.0,300.0,297.0,300.0,1.35,500.0,705.8,530.5
MDB,1/23/2019,294.0,294.0,294.0,294.0,-2.0,1200.0,705.8,530.5
MDB,1/24/2019,294.0,294.0,292.0,292.0,-0.68,665.0,705.8,530.5
MDB,1/27/2019,290.0,290.0,287.0,287.0,-1.71,110.0,705.8,530.5
MDB,1/28/2019,286.0,286.0,286.0,286.0,-0.35,51.0,705.8,530.5
MDB,1/29/2019,281.0,293.0,281.0,293.0,2.45,1610.0,705.8,530.5
MDB,1/30/2019,290.0,290.0,282.0,282.0,-3.75,2190.0,705.8,530.5
MDB,1/31/2019,282.0,282.0,280.0,280.0,-0.71,295.0,705.8,530.5
MDB,2/3/2019,285.0,285.0,278.0,278.0,-0.71,1864.0,705.8,530.5
MDB,2/4/2019,275.0,278.0,274.0,275.0,-1.08,1121.0,705.8,530.5
MDB,2/5/2019,275.0,275.0,274.0,274.0,-0.36,900.0,705.8,530.5
MDB,2/6/2019,275.0,275.0,275.0,275.0,0.36,1200.0,705.8,530.5
MDB,2/7/2019,275.0,280.0,275.0,275.0,0.0,1381.0,705.8,530.5
MDB,2/10/2019,275.0,275.0,272.0,272.0,-1.09,1509.0,705.8,530.5
MDB,2/11/2019,267.0,276.0,267.0,275.0,1.1,521.0,705.8,530.5
MDB,2/13/2019,275.0,275.0,271.0,271.0,-1.45,130.0,705.8,530.5
MDB,2/14/2019,270.0,270.0,270.0,270.0,-0.37,250.0,705.8,530.5
MDB,2/17/2019,267.0,275.0,267.0,275.0,1.85,220.0,705.8,530.5
MDB,2/18/2019,270.0,274.0,270.0,270.0,-1.82,1883.0,705.8,530.5
MDB,2/19/2019,275.0,280.0,275.0,275.0,1.85,1170.0,705.8,530.5
MDB,2/20/2019,280.0,280.0,275.0,275.0,0.0,2400.0,705.8,530.5
MDB,2/21/2019,275.0,275.0,274.0,274.0,-0.36,375.0,705.8,530.5
MDB,2/24/2019,271.0,280.0,271.0,278.0,1.46,3593.0,705.8,530.5
MDB,2/25/2019,275.0,280.0,275.0,280.0,0.72,2996.0,705.8,530.5
MDB,2/26/2019,280.0,280.0,274.0,274.0,-2.14,6281.0,705.8,530.5
MDB,2/27/2019,230.0,239.0,230.0,232.0,-15.33,1660.0,705.8,530.5
MDB,3/3/2019,230.0,230.0,226.0,226.0,-2.59,1140.0,705.8,530.5
MDB,3/5/2019,225.0,225.0,222.0,222.0,-1.77,1031.0,705.8,530.5
MDB,3/6/2019,220.0,224.0,219.0,224.0,0.9,652.0,705.8,530.5
MDB,3/7/2019,228.0,228.0,225.0,225.0,0.45,1534.0,705.8,530.5
MDB,3/11/2019,228.0,228.0,225.0,225.0,0.0,1245.0,705.8,530.5
MDB,3/12/2019,225.0,225.0,225.0,225.0,0.0,13.0,705.8,530.5
MDB,3/13/2019,225.0,229.0,225.0,229.0,1.78,400.0,705.8,530.5
MDB,3/14/2019,230.0,236.0,229.0,236.0,3.06,2221.0,705.8,530.5
MDB,3/17/2019,240.0,241.0,237.0,240.0,1.69,1996.0,705.8,530.5
MDB,3/18/2019,240.0,245.0,240.0,245.0,2.08,1961.0,705.8,530.5
MDB,3/19/2019,241.0,241.0,233.0,233.0,-4.9,318.0,705.8,530.5
MDB,3/21/2019,233.0,237.0,229.0,237.0,1.72,751.0,705.8,530.5
MDB,3/24/2019,233.0,235.0,233.0,235.0,-0.84,3382.0,705.8,530.5
MDB,3/25/2019,235.0,236.0,232.0,232.0,-1.28,1267.0,705.8,530.5
MDB,3/26/2019,230.0,230.0,230.0,230.0,-0.86,422.0,705.8,530.5
MDB,3/27/2019,232.0,232.0,232.0,232.0,0.87,200.0,705.8,530.5
MDB,3/28/2019,230.0,232.0,229.0,231.0,-0.43,1165.0,705.8,530.5
MDB,3/31/2019,230.0,230.0,230.0,230.0,-0.43,40.0,705.8,530.5
MDB,4/1/2019,231.0,233.0,231.0,233.0,1.3,239.0,705.8,530.5
MDB,4/2/2019,233.0,233.0,231.0,233.0,0.0,1200.0,705.8,530.5
MDB,4/3/2019,235.0,237.0,233.0,235.0,0.86,1651.0,705.8,530.5
MDB,4/4/2019,236.0,240.0,236.0,240.0,2.13,2474.0,705.8,530.5
MDB,4/7/2019,240.0,240.0,236.0,240.0,0.0,980.0,705.8,530.5
MDB,4/8/2019,236.0,240.0,234.0,234.0,-2.5,4670.0,705.8,530.5
MDB,4/9/2019,234.0,238.0,234.0,234.0,0.0,948.0,705.8,530.5
MDB,4/10/2019,234.0,235.0,231.0,235.0,0.43,215.0,705.8,530.5
MDB,4/11/2019,239.0,242.0,235.0,242.0,2.98,1900.0,705.8,530.5
MDB,4/15/2019,242.0,242.0,240.0,240.0,-0.83,252.0,705.8,530.5
MDB,4/16/2019,238.0,242.0,238.0,242.0,0.83,89.0,705.8,530.5
MDB,4/17/2019,242.0,245.0,242.0,243.0,0.41,188.0,705.8,530.5
MDB,4/18/2019,242.0,243.0,242.0,242.0,-0.41,416.0,705.8,530.5
MDB,4/21/2019,242.0,255.0,239.0,255.0,5.37,995.0,705.8,530.5
MDB,4/22/2019,250.0,252.0,250.0,250.0,-1.96,320.0,705.8,530.5
MDB,4/23/2019,250.0,250.0,243.0,243.0,-2.8,563.0,705.8,530.5
MDB,4/24/2019,245.0,247.0,242.0,242.0,-0.41,738.0,705.8,530.5
MDB,4/25/2019,245.0,255.0,245.0,255.0,5.37,3689.0,705.8,530.5
MDB,4/28/2019,260.0,270.0,260.0,270.0,5.88,3416.0,705.8,530.5
MDB,4/29/2019,274.0,283.0,273.0,274.0,1.48,1469.0,705.8,530.5
MDB,4/30/2019,270.0,270.0,265.0,265.0,-3.28,388.0,705.8,530.5
MDB,5/2/2019,260.0,260.0,257.0,257.0,-3.02,652.0,705.8,530.5
MDB,5/5/2019,255.0,255.0,253.0,253.0,-1.56,846.0,705.8,530.5
MDB,5/6/2019,255.0,255.0,255.0,255.0,0.79,742.0,705.8,530.5
MDB,5/7/2019,258.0,265.0,251.0,251.0,-1.57,441.0,705.8,530.5
MDB,5/8/2019,252.0,253.0,252.0,252.0,0.4,250.0,705.8,530.5
MDB,5/9/2019,257.0,257.0,252.0,252.0,0.0,50.0,705.8,530.5
MDB,5/12/2019,249.0,251.0,249.0,250.0,-0.79,1270.0,705.8,530.5
MDB,5/13/2019,255.0,255.0,255.0,255.0,2.0,200.0,705.8,530.5
MDB,5/14/2019,260.0,260.0,255.0,259.0,1.57,90.0,705.8,530.5
MDB,5/15/2019,255.0,262.0,254.0,261.0,0.77,1756.0,705.8,530.5
MDB,5/16/2019,265.0,265.0,260.0,260.0,-0.38,270.0,705.8,530.5
MDB,5/19/2019,257.0,257.0,257.0,257.0,-1.15,567.0,705.8,530.5
MDB,5/20/2019,260.0,260.0,252.0,252.0,-1.95,251.0,705.8,530.5
MDB,5/21/2019,249.0,263.0,249.0,263.0,4.37,2698.0,705.8,530.5
MDB,5/22/2019,266.0,266.0,258.0,259.0,-1.52,1568.0,705.8,530.5
MDB,5/23/2019,263.0,264.0,253.0,253.0,-2.32,1250.0,705.8,530.5
MDB,5/27/2019,248.0,250.0,244.0,249.0,-1.58,203.0,705.8,530.5
MDB,5/28/2019,247.0,257.0,247.0,257.0,3.21,964.0,705.8,530.5
MDB,5/29/2019,262.0,262.0,257.0,257.0,0.0,230.0,705.8,530.5
MDB,5/30/2019,260.0,267.0,255.0,255.0,-0.78,2043.0,705.8,530.5
MDB,6/2/2019,250.0,250.0,250.0,250.0,-1.96,260.0,705.8,530.5
MDB,6/4/2019,246.0,246.0,236.0,236.0,-5.6,4151.0,705.8,530.5
MDB,6/6/2019,240.0,246.0,238.0,242.0,2.54,1259.0,705.8,530.5
MDB,6/10/2019,242.0,242.0,242.0,242.0,0.0,136.0,705.8,530.5
MDB,6/11/2019,244.0,245.0,241.0,242.0,0.0,5071.0,705.8,530.5
MDB,6/12/2019,239.0,245.0,239.0,245.0,1.24,227.0,705.8,530.5
MDB,6/13/2019,241.0,241.0,237.0,238.0,-2.86,282.0,705.8,530.5
MDB,6/16/2019,242.0,242.0,235.0,236.0,-0.84,865.0,705.8,530.5
MDB,6/17/2019,235.0,243.0,235.0,236.0,0.0,2821.0,705.8,530.5
MDB,6/18/2019,240.0,240.0,237.0,240.0,1.69,128.0,705.8,530.5
MDB,6/19/2019,240.0,240.0,238.0,240.0,0.0,615.0,705.8,530.5
MDB,6/20/2019,244.0,255.0,243.0,252.0,5.0,4040.0,705.8,530.5
MDB,6/23/2019,257.0,263.0,257.0,258.0,2.38,5880.0,705.8,530.5
MDB,6/24/2019,258.0,258.0,256.0,258.0,0.0,1604.0,705.8,530.5
MDB,6/25/2019,263.0,268.0,258.0,258.0,0.0,1030.0,705.8,530.5
MDB,6/26/2019,253.0,255.0,253.0,254.0,-1.55,2283.0,705.8,530.5
MDB,6/27/2019,251.0,251.0,246.0,250.0,-1.57,520.0,705.8,530.5
MDB,6/30/2019,245.0,246.0,245.0,246.0,-1.6,420.0,705.8,530.5
MDB,7/2/2019,246.0,255.0,246.0,255.0,3.66,50.0,705.8,530.5
MDB,7/3/2019,250.0,255.0,250.0,255.0,0.0,78.0,705.8,530.5
MDB,7/4/2019,255.0,260.0,246.0,246.0,-3.53,449.0,705.8,530.5
MDB,7/7/2019,242.0,246.0,240.0,240.0,-2.44,1217.0,705.8,530.5
MDB,7/8/2019,239.0,241.0,239.0,240.0,0.0,1696.0,705.8,530.5
MDB,7/9/2019,236.0,238.0,234.0,234.0,-2.5,3068.0,705.8,530.5
MDB,7/10/2019,232.0,236.0,228.0,235.0,0.43,1684.0,705.8,530.5
MDB,7/11/2019,231.0,238.0,231.0,232.0,-1.28,2656.0,705.8,530.5
MDB,7/14/2019,236.0,237.0,235.0,235.0,1.29,420.0,705.8,530.5
MDB,7/15/2019,235.0,235.0,235.0,235.0,0.0,20.0,705.8,530.5
MDB,7/16/2019,239.0,239.0,234.0,234.0,-0.43,1555.0,705.8,530.5
MDB,7/17/2019,235.0,238.0,234.0,238.0,1.71,5306.0,705.8,530.5
MDB,7/21/2019,238.0,238.0,238.0,238.0,0.0,20.0,705.8,530.5
MDB,7/22/2019,236.0,236.0,235.0,236.0,-0.84,239.0,705.8,530.5
MDB,7/23/2019,238.0,238.0,236.0,236.0,0.0,147.0,705.8,530.5
MDB,7/24/2019,235.0,243.0,235.0,243.0,2.97,160.0,705.8,530.5
MDB,7/25/2019,240.0,240.0,237.0,239.0,-1.65,1051.0,705.8,530.5
MDB,7/28/2019,236.0,236.0,236.0,236.0,-1.26,367.0,705.8,530.5
MDB,7/29/2019,235.0,240.0,235.0,240.0,1.69,420.0,705.8,530.5
MDB,7/30/2019,237.0,241.0,237.0,241.0,0.42,265.0,705.8,530.5
MDB,7/31/2019,240.0,245.0,240.0,245.0,1.66,831.0,705.8,530.5
MDB,8/1/2019,241.0,247.0,241.0,244.0,-0.41,1969.0,705.8,530.5
MDB,8/4/2019,241.0,248.0,241.0,244.0,0.0,1292.0,705.8,530.5
MDB,8/5/2019,240.0,240.0,234.0,236.0,-3.28,874.0,705.8,530.5
MDB,8/6/2019,236.0,238.0,236.0,237.0,0.42,303.0,705.8,530.5
MDB,8/7/2019,238.0,245.0,237.0,245.0,3.38,143.0,705.8,530.5
MDB,8/8/2019,241.0,241.0,235.0,235.0,-4.08,1904.0,705.8,530.5
MDB,8/11/2019,235.0,236.0,235.0,235.0,0.0,362.0,705.8,530.5
MDB,8/12/2019,232.0,232.0,232.0,232.0,-1.28,11.0,705.8,530.5
MDB,8/13/2019,235.0,235.0,232.0,233.0,0.43,856.0,705.8,530.5
MDB,8/14/2019,237.0,241.0,237.0,238.0,2.15,2318.0,705.8,530.5
MDB,8/15/2019,237.0,238.0,237.0,237.0,-0.42,630.0,705.8,530.5
MDB,8/18/2019,235.0,236.0,234.0,234.0,-1.27,2031.0,705.8,530.5
MDB,8/19/2019,235.0,238.0,235.0,238.0,1.71,425.0,705.8,530.5
MDB,8/20/2019,240.0,240.0,240.0,240.0,0.84,82.0,705.8,530.5
MDB,8/21/2019,239.0,239.0,237.0,237.0,-1.25,230.0,705.8,530.5
MDB,8/22/2019,234.0,234.0,234.0,234.0,-1.27,106.0,705.8,530.5
MDB,8/25/2019,234.0,234.0,232.0,234.0,0.0,835.0,705.8,530.5
MDB,8/26/2019,231.0,234.0,231.0,234.0,0.0,1010.0,705.8,530.5
MDB,8/27/2019,235.0,235.0,232.0,232.0,-0.85,1182.0,705.8,530.5
MDB,8/28/2019,233.0,235.0,232.0,233.0,0.43,1291.0,705.8,530.5
MDB,8/29/2019,233.0,238.0,230.0,238.0,2.15,359.0,705.8,530.5
MDB,9/2/2019,234.0,235.0,228.0,228.0,-4.2,1703.0,705.8,530.5
MDB,9/3/2019,227.0,230.0,226.0,230.0,0.88,1319.0,705.8,530.5
MDB,9/4/2019,230.0,238.0,230.0,238.0,3.48,197.0,705.8,530.5
MDB,9/5/2019,240.0,240.0,238.0,238.0,0.0,1146.0,705.8,530.5
MDB,9/8/2019,236.0,238.0,236.0,238.0,0.0,1046.0,705.8,530.5
MDB,9/9/2019,239.0,239.0,236.0,236.0,-0.84,594.0,705.8,530.5
MDB,9/10/2019,236.0,243.0,235.0,243.0,2.97,2391.0,705.8,530.5
MDB,9/11/2019,242.0,242.0,238.0,242.0,-0.41,2276.0,705.8,530.5
MDB,9/12/2019,240.0,246.0,240.0,243.0,0.41,1875.0,705.8,530.5
MDB,9/15/2019,243.0,244.0,242.0,243.0,0.0,3134.0,705.8,530.5
MDB,9/16/2019,240.0,243.0,240.0,240.0,-1.23,2486.0,705.8,530.5
MDB,9/17/2019,244.0,248.0,244.0,248.0,3.33,2399.0,705.8,530.5
MDB,9/18/2019,248.0,252.0,246.0,252.0,1.61,6173.0,705.8,530.5
MDB,9/19/2019,247.0,255.0,246.0,255.0,1.19,2205.0,705.8,530.5
MDB,9/22/2019,244.0,247.0,243.0,243.0,-4.71,2017.0,705.8,530.5
MDB,9/23/2019,239.0,246.0,231.0,246.0,1.23,2803.0,705.8,530.5
MDB,9/24/2019,245.0,245.0,242.0,242.0,-1.63,595.0,705.8,530.5
MDB,9/25/2019,240.0,242.0,240.0,241.0,-0.41,1152.0,705.8,530.5
MDB,9/26/2019,237.0,241.0,237.0,241.0,0.0,160.0,705.8,530.5
MDB,9/29/2019,239.0,243.0,239.0,242.0,0.41,408.0,705.8,530.5
MDB,9/30/2019,242.0,242.0,242.0,242.0,0.0,157.0,705.8,530.5
MDB,10/1/2019,243.0,251.0,243.0,251.0,3.72,1049.0,705.8,530.5
MDB,10/2/2019,255.0,255.0,245.0,245.0,-2.39,342.0,705.8,530.5
MDB,10/3/2019,249.0,250.0,248.0,248.0,1.22,66.0,705.8,530.5
MDB,10/10/2019,252.0,252.0,249.0,249.0,0.4,560.0,705.8,530.5
MDB,10/14/2019,249.0,250.0,242.0,242.0,-2.81,1769.0,705.8,530.5
MDB,10/15/2019,246.0,246.0,246.0,246.0,1.65,100.0,705.8,530.5
MDB,10/16/2019,245.0,248.0,244.0,246.0,0.0,804.0,705.8,530.5
MDB,10/17/2019,245.0,245.0,245.0,245.0,-0.41,498.0,705.8,530.5
MDB,10/20/2019,245.0,245.0,245.0,245.0,0.0,75.0,705.8,530.5
MDB,10/21/2019,249.0,252.0,249.0,252.0,2.86,80.0,705.8,530.5
MDB,10/22/2019,247.0,253.0,247.0,252.0,0.0,12689.0,705.8,530.5
MDB,10/23/2019,247.0,251.0,247.0,247.0,-1.98,2236.0,705.8,530.5
MDB,10/24/2019,248.0,248.0,248.0,248.0,0.4,138.0,705.8,530.5
MDB,10/31/2019,248.0,249.0,248.0,249.0,0.4,227.0,705.8,530.5
MDB,11/3/2019,253.0,253.0,245.0,245.0,-1.61,2354.0,705.8,530.5
MDB,11/4/2019,241.0,245.0,241.0,242.0,-1.22,486.0,705.8,530.5
MDB,11/5/2019,240.0,244.0,238.0,238.0,-1.65,2473.0,705.8,530.5
MDB,11/6/2019,240.0,240.0,240.0,240.0,0.84,25.0,705.8,530.5
MDB,11/10/2019,244.0,244.0,240.0,240.0,0.0,2600.0,705.8,530.5
MDB,11/11/2019,243.0,243.0,243.0,243.0,1.25,19.0,705.8,530.5
MDB,11/12/2019,240.0,243.0,240.0,243.0,0.0,1249.0,705.8,530.5
MDB,11/14/2019,243.0,243.0,243.0,243.0,0.0,94.0,705.8,530.5
MDB,11/18/2019,240.0,242.0,240.0,242.0,-0.41,65.0,705.8,530.5
MDB,11/19/2019,242.0,242.0,242.0,242.0,0.0,50.0,705.8,530.5
MDB,11/20/2019,242.0,243.0,238.0,238.0,-1.65,2340.0,705.8,530.5
MDB,11/21/2019,239.0,239.0,238.0,238.0,0.0,1001.0,705.8,530.5
MDB,11/24/2019,237.0,238.0,237.0,237.0,-0.42,529.0,705.8,530.5
MDB,11/25/2019,235.0,239.0,235.0,239.0,0.84,733.0,705.8,530.5
MDB,11/27/2019,240.0,243.0,240.0,240.0,0.42,230.0,705.8,530.5
MDB,11/28/2019,239.0,242.0,239.0,242.0,0.83,1672.0,705.8,530.5
MDB,12/2/2019,242.0,246.0,242.0,246.0,1.65,35.0,705.8,530.5
MDB,12/3/2019,242.0,246.0,242.0,246.0,0.0,356.0,705.8,530.5
MDB,12/4/2019,242.0,250.0,242.0,244.0,-0.81,2014.0,705.8,530.5
MDB,12/5/2019,245.0,248.0,240.0,244.0,0.0,3212.0,705.8,530.5
MDB,12/8/2019,244.0,244.0,244.0,244.0,0.0,109.0,705.8,530.5
MDB,12/9/2019,240.0,247.0,240.0,247.0,1.23,3838.0,705.8,530.5
MDB,12/10/2019,246.0,246.0,243.0,243.0,-1.62,2474.0,705.8,530.5
MDB,12/11/2019,247.0,250.0,245.0,245.0,0.82,1304.0,705.8,530.5
MDB,12/12/2019,247.0,249.0,247.0,247.0,0.82,1317.0,705.8,530.5
MDB,12/15/2019,249.0,251.0,247.0,247.0,0.0,3999.0,705.8,530.5
MDB,12/16/2019,245.0,248.0,244.0,244.0,-1.21,1886.0,705.8,530.5
MDB,12/17/2019,243.0,251.0,243.0,251.0,2.87,320.0,705.8,530.5
MDB,12/18/2019,247.0,247.0,246.0,246.0,-1.99,106.0,705.8,530.5
MDB,12/19/2019,247.0,248.0,247.0,248.0,0.81,274.0,705.8,530.5
MDB,12/22/2019,247.0,247.0,247.0,247.0,-0.4,93.0,705.8,530.5
MDB,12/23/2019,249.0,250.0,246.0,250.0,1.21,5723.0,705.8,530.5
MDB,12/24/2019,250.0,250.0,247.0,247.0,-1.2,294.0,705.8,530.5
MDB,12/25/2019,245.0,245.0,245.0,245.0,-0.81,80.0,705.8,530.5
MDB,12/29/2019,244.0,244.0,243.0,243.0,-0.82,2075.0,705.8,530.5
MDB,12/30/2019,240.0,240.0,240.0,240.0,-1.23,154.0,705.8,530.5
MDB,12/31/2019,241.0,246.0,241.0,245.0,2.08,252.0,705.8,530.5
MDB,1/1/2020,249.0,253.0,249.0,253.0,3.27,171.0,705.8,530.5
MDB,1/2/2020,258.0,258.0,250.0,250.0,-1.19,557.0,705.8,530.5
MDB,1/5/2020,255.0,255.0,250.0,250.0,0.0,486.0,705.8,530.5
MDB,1/6/2020,255.0,259.0,255.0,257.0,2.8,1008.0,705.8,530.5
MDB,1/7/2020,262.0,267.0,262.0,267.0,3.89,9781.0,705.8,530.5
MDB,1/8/2020,262.0,272.0,262.0,268.0,0.37,6673.0,705.8,530.5
MDB,1/9/2020,270.0,272.0,270.0,270.0,0.75,1685.0,705.8,530.5
MDB,1/12/2020,275.0,283.0,275.0,283.0,4.81,4859.0,705.8,530.5
MDB,1/13/2020,288.0,296.0,287.0,292.0,3.18,8053.0,705.8,530.5
MDB,1/14/2020,287.0,289.0,284.0,289.0,-1.03,5150.0,705.8,530.5
MDB,1/15/2020,285.0,292.0,270.0,292.0,1.04,5157.0,705.8,530.5
MDB,1/16/2020,295.0,300.0,287.0,294.0,0.68,7491.0,705.8,530.5
MDB,1/19/2020,290.0,310.0,289.0,304.0,3.4,4269.0,705.8,530.5
MDB,1/20/2020,304.0,308.0,284.0,286.0,-5.92,1117.0,705.8,530.5
MDB,1/21/2020,291.0,295.0,281.0,293.0,2.45,5073.0,705.8,530.5
MDB,1/22/2020,288.0,290.0,283.0,283.0,-3.41,1086.0,705.8,530.5
MDB,1/23/2020,278.0,285.0,275.0,275.0,-2.83,1823.0,705.8,530.5
MDB,1/26/2020,275.0,290.0,275.0,280.0,1.82,6968.0,705.8,530.5
MDB,1/27/2020,280.0,292.0,280.0,292.0,4.29,2960.0,705.8,530.5
MDB,1/28/2020,295.0,304.0,295.0,296.0,1.37,7194.0,705.8,530.5
MDB,1/29/2020,295.0,300.0,295.0,295.0,-0.34,3830.0,705.8,530.5
MDB,1/30/2020,300.0,307.0,300.0,305.0,3.39,10684.0,705.8,530.5
MDB,2/2/2020,310.0,326.0,309.0,318.0,4.26,10879.0,705.8,530.5
MDB,2/3/2020,320.0,340.0,320.0,340.0,6.92,16911.0,705.8,530.5
MDB,2/4/2020,334.0,345.0,334.0,340.0,0.0,18548.0,705.8,530.5
MDB,2/5/2020,346.0,347.0,333.0,338.0,-0.59,9040.0,705.8,530.5
MDB,2/6/2020,344.0,350.0,339.0,342.0,1.18,26587.0,705.8,530.5
MDB,2/9/2020,344.0,344.0,336.0,340.0,-0.58,7377.0,705.8,530.5
MDB,2/10/2020,340.0,340.0,333.0,333.0,-2.06,8747.0,705.8,530.5
MDB,2/11/2020,339.0,341.0,338.0,341.0,2.4,4387.0,705.8,530.5
MDB,2/12/2020,341.0,347.0,341.0,341.0,0.0,5256.0,705.8,530.5
MDB,2/13/2020,341.0,343.0,333.0,335.0,-1.76,11570.0,705.8,530.5
MDB,2/16/2020,335.0,340.0,335.0,336.0,0.3,7316.0,705.8,530.5
MDB,2/17/2020,340.0,355.0,340.0,354.0,5.36,12828.0,705.8,530.5
MDB,2/18/2020,356.0,361.0,351.0,356.0,0.56,13886.0,705.8,530.5
MDB,2/19/2020,354.0,367.0,354.0,366.0,2.81,6590.0,705.8,530.5
MDB,2/20/2020,359.0,376.0,359.0,367.0,0.27,18175.0,705.8,530.5
MDB,2/23/2020,374.0,403.0,374.0,395.0,7.63,26031.0,705.8,530.5
MDB,2/24/2020,401.0,410.0,393.0,397.0,0.51,11472.0,705.8,530.5
MDB,2/25/2020,397.0,436.0,397.0,434.0,9.32,15075.0,705.8,530.5
MDB,2/26/2020,442.0,450.0,427.0,427.0,-1.61,7410.0,705.8,530.5
MDB,2/27/2020,419.0,420.0,411.0,414.0,-3.04,17123.0,705.8,530.5
MDB,3/1/2020,418.0,455.0,418.0,455.0,9.9,58568.0,705.8,530.5
MDB,3/2/2020,463.0,475.0,445.0,445.0,-2.2,28070.0,705.8,530.5
MDB,3/3/2020,439.0,460.0,415.0,455.0,2.25,27652.0,705.8,530.5
MDB,3/4/2020,448.0,465.0,445.0,454.0,-0.22,50704.0,705.8,530.5
MDB,3/5/2020,455.0,464.0,446.0,464.0,2.2,36551.0,705.8,530.5
MDB,3/10/2020,384.0,384.0,357.0,360.0,-22.41,8330.0,705.8,530.5
MDB,3/11/2020,353.0,373.0,352.0,369.0,2.5,12844.0,705.8,530.5
MDB,3/12/2020,370.0,370.0,347.0,350.0,-5.15,4130.0,705.8,530.5
MDB,3/15/2020,343.0,344.0,333.0,333.0,-4.86,11876.0,705.8,530.5
MDB,3/16/2020,330.0,358.0,330.0,357.0,7.21,13899.0,705.8,530.5
MDB,3/17/2020,358.0,358.0,338.0,339.0,-5.04,2020.0,705.8,530.5
MDB,3/18/2020,333.0,334.0,321.0,328.0,-3.24,4036.0,705.8,530.5
MDB,3/19/2020,328.0,338.0,322.0,332.0,1.22,4628.0,705.8,530.5
MDB,6/29/2020,332.0,332.0,332.0,326.0,-1.81,116.0,705.8,530.5
MDB,6/30/2020,332.0,332.0,332.0,332.0,1.84,200.0,705.8,530.5
MDB,7/2/2020,348.0,354.0,330.0,330.0,-0.6,688.0,705.8,530.5
MDB,7/5/2020,324.0,324.0,312.0,312.0,-5.45,3657.0,705.8,530.5
MDB,7/6/2020,311.0,312.0,311.0,312.0,0.0,100.0,705.8,530.5
MDB,7/7/2020,310.0,330.0,308.0,330.0,5.77,2691.0,705.8,530.5
MDB,7/8/2020,324.0,324.0,316.0,321.0,-2.73,2094.0,705.8,530.5
MDB,7/9/2020,321.0,323.0,317.0,318.0,-0.93,1450.0,705.8,530.5
MDB,7/12/2020,317.0,318.0,317.0,318.0,0.0,150.0,705.8,530.5
MDB,7/13/2020,312.0,315.0,306.0,306.0,-3.77,5241.0,705.8,530.5
MDB,7/14/2020,306.0,310.0,301.0,301.0,-1.63,4893.0,705.8,530.5
MDB,7/15/2020,303.0,309.0,303.0,307.0,1.99,3320.0,705.8,530.5
MDB,7/16/2020,313.0,337.0,313.0,335.0,9.12,8464.0,705.8,530.5
MDB,7/19/2020,341.0,341.0,341.0,341.0,1.79,10.0,705.8,530.5
MDB,7/20/2020,347.0,375.0,347.0,350.0,2.64,14766.0,705.8,530.5
MDB,7/21/2020,346.0,355.0,335.0,335.0,-4.29,13587.0,705.8,530.5
MDB,7/22/2020,331.0,337.0,329.0,329.0,-1.79,7996.0,705.8,530.5
MDB,7/23/2020,324.0,338.0,324.0,330.0,0.3,3478.0,705.8,530.5
MDB,7/26/2020,328.0,342.0,328.0,331.0,0.3,3002.0,705.8,530.5
MDB,7/27/2020,337.0,346.0,330.0,330.0,-0.3,20406.0,705.8,530.5
MDB,7/28/2020,330.0,348.0,327.0,335.0,1.52,4398.0,705.8,530.5
MDB,7/29/2020,329.0,339.0,329.0,332.0,-0.9,13785.0,705.8,530.5
MDB,7/30/2020,328.0,338.0,326.0,330.0,-0.6,22704.0,705.8,530.5
MDB,8/2/2020,329.0,331.0,320.0,320.0,-3.03,5698.0,705.8,530.5
MDB,8/3/2020,320.0,326.0,317.0,317.0,-0.94,11419.0,705.8,530.5
MDB,8/5/2020,312.0,318.0,312.0,318.0,0.32,2379.0,705.8,530.5
MDB,8/6/2020,315.0,329.0,312.0,318.0,0.0,1910.0,705.8,530.5
MDB,8/9/2020,315.0,324.0,313.0,324.0,1.89,1469.0,705.8,530.5
MDB,8/10/2020,321.0,332.0,319.0,328.0,1.23,3621.0,705.8,530.5
MDB,8/11/2020,334.0,334.0,324.0,326.0,-0.61,2158.0,705.8,530.5
MDB,8/12/2020,326.0,327.0,322.0,322.0,-1.23,1760.0,705.8,530.5
MDB,8/13/2020,317.0,327.0,317.0,322.0,0.0,1190.0,705.8,530.5
MDB,8/16/2020,316.0,331.0,316.0,329.0,2.17,3720.0,705.8,530.5
MDB,8/17/2020,334.0,338.0,330.0,336.0,2.13,4804.0,705.8,530.5
MDB,8/18/2020,338.0,338.0,330.0,337.0,0.3,2320.0,705.8,530.5
MDB,8/19/2020,331.0,334.0,326.0,326.0,-3.26,3617.0,705.8,530.5
MDB,8/20/2020,332.0,332.0,327.0,328.0,0.61,1739.0,705.8,530.5
MDB,8/23/2020,324.0,330.0,324.0,328.0,0.0,2223.0,705.8,530.5
MDB,8/24/2020,333.0,337.0,329.0,337.0,2.74,10257.0,705.8,530.5
MDB,8/25/2020,340.0,342.0,330.0,336.0,-0.3,6167.0,705.8,530.5
MDB,8/26/2020,339.0,342.0,335.0,337.0,0.3,7471.0,705.8,530.5
MDB,8/27/2020,340.0,340.0,332.0,340.0,0.89,5283.0,705.8,530.5
MDB,8/30/2020,336.0,345.0,336.0,344.0,1.18,2109.0,705.8,530.5
MDB,8/31/2020,349.0,349.0,335.0,335.0,-2.62,4522.0,705.8,530.5
MDB,9/2/2020,341.0,344.0,335.0,335.0,0.0,2746.0,705.8,530.5
MDB,9/3/2020,346.0,351.0,340.0,341.0,1.79,6698.0,705.8,530.5
MDB,9/6/2020,347.0,353.0,338.0,338.0,-0.88,2342.0,705.8,530.5
MDB,9/7/2020,344.0,347.0,335.0,338.0,0.0,2316.0,705.8,530.5
MDB,9/8/2020,343.0,343.0,335.0,337.0,-0.3,4090.0,705.8,530.5
MDB,9/9/2020,342.0,342.0,334.0,336.0,-0.3,3377.0,705.8,530.5
MDB,9/10/2020,340.0,350.0,340.0,350.0,4.17,16418.0,705.8,530.5
MDB,9/13/2020,350.0,365.0,350.0,365.0,4.29,16775.0,705.8,530.5
MDB,9/14/2020,381.0,381.0,360.0,365.0,0.0,8352.0,705.8,530.5
MDB,9/15/2020,378.0,378.0,362.0,368.0,0.82,6469.0,705.8,530.5
MDB,9/16/2020,374.0,374.0,361.0,364.0,-1.09,1936.0,705.8,530.5
MDB,9/17/2020,380.0,380.0,359.0,380.0,4.4,16720.0,705.8,530.5
MDB,9/20/2020,399.0,399.0,374.0,381.0,0.26,14445.0,705.8,530.5
MDB,9/21/2020,374.0,380.0,373.0,377.0,-1.05,6783.0,705.8,530.5
MDB,9/22/2020,374.0,375.0,366.0,370.0,-1.86,8964.0,705.8,530.5
MDB,9/23/2020,370.0,374.0,363.0,370.0,0.0,12489.0,705.8,530.5
MDB,9/24/2020,369.0,369.0,360.0,364.0,-1.62,11855.0,705.8,530.5
MDB,9/27/2020,361.0,368.0,361.0,364.0,0.0,6480.0,705.8,530.5
MDB,9/28/2020,364.0,368.0,361.0,362.0,-0.55,5439.0,705.8,530.5
MDB,9/29/2020,357.0,365.0,356.0,358.0,-1.1,5965.0,705.8,530.5
MDB,9/30/2020,356.0,360.0,354.0,357.0,-0.28,6957.0,705.8,530.5
MDB,10/1/2020,357.0,369.0,355.0,365.0,2.24,15438.0,705.8,530.5
MDB,10/4/2020,372.0,386.0,367.0,377.0,3.29,13931.0,705.8,530.5
MDB,10/5/2020,380.0,381.0,373.0,374.0,-0.8,6921.0,705.8,530.5
MDB,10/6/2020,370.0,375.0,370.0,375.0,0.27,6425.0,705.8,530.5
MDB,10/7/2020,375.0,375.0,372.0,372.0,-0.8,3978.0,705.8,530.5
MDB,10/8/2020,375.0,375.0,368.0,368.0,-1.08,7622.0,705.8,530.5
MDB,10/11/2020,368.0,373.0,362.0,364.0,-1.09,9106.0,705.8,530.5
MDB,10/12/2020,361.0,387.0,361.0,379.0,4.12,18331.0,705.8,530.5
MDB,10/13/2020,381.0,395.0,378.0,379.0,0.0,29825.0,705.8,530.5
MDB,10/14/2020,377.0,377.0,372.0,372.0,-1.85,2849.0,705.8,530.5
MDB,10/15/2020,375.0,378.0,373.0,373.0,0.27,4959.0,705.8,530.5
MDB,10/18/2020,366.0,374.0,366.0,369.0,-1.07,4168.0,705.8,530.5
MDB,10/19/2020,369.0,374.0,366.0,369.0,0.0,4085.0,705.8,530.5
MDB,10/20/2020,375.0,375.0,369.0,371.0,0.54,1318.0,705.8,530.5
MDB,10/21/2020,360.0,381.0,360.0,375.0,1.08,2746.0,705.8,530.5
MDB,10/22/2020,375.0,380.0,375.0,379.0,1.07,5518.0,705.8,530.5
MDB,10/28/2020,384.0,398.0,378.0,392.0,3.43,9500.0,705.8,530.5
MDB,10/29/2020,390.0,395.0,385.0,389.0,-0.77,17125.0,705.8,530.5
MDB,11/1/2020,395.0,396.0,387.0,387.0,-0.51,10997.0,705.8,530.5
MDB,11/2/2020,388.0,389.0,385.0,385.0,-0.52,2353.0,705.8,530.5
MDB,11/3/2020,390.0,390.0,384.0,384.0,-0.26,3215.0,705.8,530.5
MDB,11/4/2020,382.0,387.0,382.0,387.0,0.78,4594.0,705.8,530.5
MDB,11/5/2020,387.0,390.0,380.0,381.0,-1.55,6277.0,705.8,530.5
MDB,11/8/2020,380.0,385.0,375.0,381.0,0.0,9128.0,705.8,530.5
MDB,11/9/2020,385.0,385.0,378.0,380.0,-0.26,4077.0,705.8,530.5
MDB,11/10/2020,377.0,380.0,375.0,377.0,-0.79,6466.0,705.8,530.5
MDB,11/11/2020,379.0,383.0,378.0,383.0,1.59,6050.0,705.8,530.5
MDB,11/12/2020,380.0,380.0,377.0,379.0,-1.04,9924.0,705.8,530.5
MDB,11/18/2020,372.0,380.0,372.0,373.0,-1.58,14978.0,705.8,530.5
MDB,11/19/2020,375.0,380.0,369.0,371.0,-0.54,15227.0,705.8,530.5
MDB,11/22/2020,378.0,378.0,366.0,367.0,-1.08,22280.0,705.8,530.5
MDB,11/23/2020,362.0,367.0,360.0,366.0,-0.27,13544.0,705.8,530.5
MDB,11/24/2020,368.0,372.0,365.0,368.0,0.55,21253.0,705.8,530.5
MDB,11/25/2020,369.0,380.0,364.0,371.0,0.82,34453.0,705.8,530.5
MDB,11/26/2020,375.0,380.0,370.0,371.0,0.0,15065.0,705.8,530.5
MDB,11/29/2020,378.0,408.0,378.0,405.0,9.16,39295.0,705.8,530.5
MDB,11/30/2020,413.0,426.0,407.0,425.0,4.94,51657.0,705.8,530.5
MDB,12/1/2020,425.0,425.0,408.0,412.0,-3.06,18345.0,705.8,530.5
MDB,12/2/2020,419.0,439.0,404.0,431.0,4.61,33987.0,705.8,530.5
MDB,12/3/2020,431.0,431.0,406.0,419.0,-2.78,11590.0,705.8,530.5
MDB,12/6/2020,439.0,439.0,402.0,402.0,-4.06,34535.0,705.8,530.5
MDB,12/7/2020,410.0,418.0,399.0,407.0,1.24,15048.0,705.8,530.5
MDB,12/8/2020,407.0,407.0,395.0,395.0,-2.95,16071.0,705.8,530.5
MDB,12/9/2020,414.0,414.0,385.0,385.0,-2.53,12923.0,705.8,530.5
MDB,12/10/2020,384.0,387.0,380.0,382.0,-0.78,5823.0,705.8,530.5
MDB,12/13/2020,401.0,401.0,385.0,392.0,2.62,4837.0,705.8,530.5
MDB,12/14/2020,395.0,396.0,389.0,393.0,0.26,15025.0,705.8,530.5
MDB,12/15/2020,398.0,400.0,388.0,390.0,-0.76,11449.0,705.8,530.5
MDB,12/16/2020,390.0,390.0,382.0,382.0,-2.05,18556.0,705.8,530.5
MDB,12/17/2020,389.0,391.0,383.0,386.0,1.05,9764.0,705.8,530.5
MDB,12/20/2020,391.0,391.0,366.0,372.0,-3.63,17411.0,705.8,530.5
MDB,12/21/2020,365.0,386.0,352.0,381.0,2.42,8420.0,705.8,530.5
MDB,12/22/2020,388.0,396.0,388.0,390.0,2.36,11223.0,705.8,530.5
MDB,12/23/2020,393.0,393.0,383.0,388.0,-0.51,5457.0,705.8,530.5
MDB,12/24/2020,385.0,385.0,381.0,384.0,-1.03,3995.0,705.8,530.5
MDB,12/27/2020,378.0,384.0,378.0,383.0,-0.26,7332.0,705.8,530.5
MDB,12/28/2020,388.0,395.0,383.0,387.0,1.04,11479.0,705.8,530.5
MDB,12/29/2020,343.0,343.0,323.0,324.0,-16.28,7771.0,705.8,530.5
MDB,12/30/2020,324.0,329.0,314.0,315.0,-2.78,8806.0,705.8,530.5
MDB,12/31/2020,315.0,325.0,314.0,325.0,3.17,8763.0,705.8,530.5
MDB,1/3/2021,321.0,337.0,321.0,331.0,1.85,7664.0,705.8,530.5
MDB,1/4/2021,331.0,334.0,325.0,325.0,-1.81,4768.0,705.8,530.5
MDB,1/5/2021,325.0,336.0,323.0,332.0,2.15,5714.0,705.8,530.5
MDB,1/6/2021,332.0,332.0,328.0,328.0,-1.2,3098.0,705.8,530.5
MDB,1/7/2021,330.0,334.0,330.0,330.0,0.61,9770.0,705.8,530.5
MDB,1/10/2021,336.0,338.0,330.0,336.0,1.82,17377.0,705.8,530.5
MDB,1/11/2021,340.0,340.0,337.0,340.0,1.19,9019.0,705.8,530.5
MDB,1/12/2021,343.0,344.0,338.0,342.0,0.59,7004.0,705.8,530.5
MDB,1/13/2021,346.0,346.0,341.0,345.0,0.88,4493.0,705.8,530.5
MDB,1/17/2021,340.0,360.0,340.0,360.0,4.35,11673.0,705.8,530.5
MDB,1/18/2021,367.0,367.0,363.0,365.0,1.39,10056.0,705.8,530.5
MDB,1/19/2021,365.0,365.0,351.0,360.0,-1.37,7962.0,705.8,530.5
MDB,1/20/2021,355.0,363.0,353.0,359.0,-0.28,3800.0,705.8,530.5
MDB,1/21/2021,358.0,365.0,355.0,359.0,0.0,11250.0,705.8,530.5
MDB,1/24/2021,356.0,363.0,356.0,359.0,0.0,10879.0,705.8,530.5
MDB,1/25/2021,357.0,360.0,350.0,360.0,0.28,11572.0,705.8,530.5
MDB,1/26/2021,363.0,379.0,356.0,368.0,2.22,36731.0,705.8,530.5
MDB,1/27/2021,361.0,362.0,358.0,360.0,-2.17,5632.0,705.8,530.5
MDB,1/28/2021,360.0,360.0,347.0,350.0,-2.78,13704.0,705.8,530.5
MDB,1/31/2021,343.0,350.0,343.0,343.0,-2.0,14925.0,705.8,530.5
MDB,2/1/2021,346.0,352.0,345.0,349.0,1.75,6704.0,705.8,530.5
MDB,2/2/2021,350.0,366.0,348.0,358.0,2.58,16467.0,705.8,530.5
MDB,2/3/2021,358.0,358.0,351.0,351.0,-1.96,8761.0,705.8,530.5
MDB,2/4/2021,351.0,355.0,350.0,353.0,0.57,9970.0,705.8,530.5
MDB,2/7/2021,349.0,353.0,344.0,350.0,-0.85,11174.0,705.8,530.5
MDB,2/8/2021,354.0,357.0,348.0,355.0,1.43,10851.0,705.8,530.5
MDB,2/9/2021,360.0,360.0,350.0,351.0,-1.13,8497.0,705.8,530.5
MDB,2/10/2021,350.0,357.0,350.0,350.0,-0.28,5929.0,705.8,530.5
MDB,2/11/2021,350.0,355.0,349.0,351.0,0.29,7524.0,705.8,530.5
MDB,2/14/2021,351.0,358.0,347.0,347.0,-1.14,11900.0,705.8,530.5
MDB,2/15/2021,364.0,371.0,345.0,350.0,0.86,9796.0,705.8,530.5
MDB,2/16/2021,355.0,355.0,349.0,351.0,0.29,15276.0,705.8,530.5
MDB,2/17/2021,351.0,356.0,349.0,353.0,0.57,7267.0,705.8,530.5
MDB,2/18/2021,350.0,358.0,350.0,354.0,0.28,13529.0,705.8,530.5
MDB,2/21/2021,356.0,372.0,356.0,364.0,2.82,22343.0,705.8,530.5
MDB,2/22/2021,370.0,370.0,355.0,357.0,-1.92,23118.0,705.8,530.5
MDB,2/23/2021,352.0,356.0,344.0,349.0,-2.24,17697.0,705.8,530.5
MDB,2/24/2021,349.0,360.0,345.0,354.0,1.43,21116.0,705.8,530.5
MDB,2/25/2021,354.0,355.0,346.0,348.0,-1.69,13587.0,705.8,530.5
MDB,2/28/2021,344.0,348.0,336.0,337.0,-3.16,16198.0,705.8,530.5
MDB,3/1/2021,332.0,343.0,331.0,342.0,1.48,7320.0,705.8,530.5
MDB,3/2/2021,342.0,350.0,335.0,335.0,-2.05,10342.0,705.8,530.5
MDB,3/3/2021,334.0,340.0,328.0,333.0,-0.6,10666.0,705.8,530.5
MDB,3/4/2021,336.0,341.0,336.0,340.0,2.1,13467.0,705.8,530.5
MDB,3/7/2021,340.0,340.0,336.0,336.0,-1.18,2121.0,705.8,530.5
MDB,3/9/2021,330.0,339.0,330.0,339.0,0.89,4826.0,705.8,530.5
MDB,3/10/2021,344.0,344.0,334.0,337.0,-0.59,2030.0,705.8,530.5
MDB,3/14/2021,337.0,337.0,320.0,330.0,-2.08,9958.0,705.8,530.5
MDB,3/15/2021,325.0,332.0,325.0,330.0,0.0,2401.0,705.8,530.5
MDB,3/16/2021,325.0,330.0,325.0,330.0,0.0,3168.0,705.8,530.5
MDB,3/17/2021,326.0,333.0,326.0,328.0,-0.61,3142.0,705.8,530.5
MDB,3/18/2021,329.0,336.0,329.0,334.0,1.83,4020.0,705.8,530.5
MDB,3/21/2021,340.0,345.0,333.0,337.0,0.9,4412.0,705.8,530.5
MDB,3/22/2021,336.0,337.0,333.0,334.0,-0.89,2914.0,705.8,530.5
MDB,3/23/2021,335.0,336.0,330.0,335.0,0.3,3199.0,705.8,530.5
MDB,3/24/2021,339.0,353.0,339.0,344.0,2.69,9046.0,705.8,530.5
MDB,3/25/2021,343.0,343.0,335.0,342.0,-0.58,8254.0,705.8,530.5
MDB,3/29/2021,340.0,340.0,333.0,339.0,-0.88,2387.0,705.8,530.5
MDB,3/30/2021,335.0,338.0,331.0,338.0,-0.29,8046.0,705.8,530.5
MDB,3/31/2021,338.0,342.0,332.0,338.0,0.0,8147.0,705.8,530.5
MDB,4/1/2021,340.0,342.0,335.0,337.0,-0.3,14423.0,705.8,530.5
MDB,4/4/2021,335.0,342.0,332.0,341.0,1.19,14276.0,705.8,530.5
MDB,4/5/2021,342.0,347.0,338.0,340.0,-0.29,5124.0,705.8,530.5
MDB,4/6/2021,335.0,340.0,335.0,340.0,0.0,5245.0,705.8,530.5
MDB,4/7/2021,341.0,346.0,341.0,342.0,0.59,10868.0,705.8,530.5
MDB,4/8/2021,345.0,350.0,342.0,348.0,1.75,7182.0,705.8,530.5
MDB,4/12/2021,350.0,380.0,350.0,374.0,7.47,62287.0,705.8,530.5
MDB,4/13/2021,380.0,406.0,368.0,390.0,4.28,60135.0,705.8,530.5
MDB,4/15/2021,390.0,398.0,379.0,380.0,-2.56,27294.0,705.8,530.5
MDB,4/18/2021,387.0,390.0,370.0,377.0,-0.79,21016.0,705.8,530.5
MDB,4/19/2021,370.0,376.0,360.0,369.0,-2.12,32497.0,705.8,530.5
MDB,4/20/2021,369.0,376.0,363.0,372.0,0.81,16389.0,705.8,530.5
MDB,4/21/2021,370.0,375.0,360.0,364.0,-2.15,8589.0,705.8,530.5
MDB,4/22/2021,364.0,378.0,358.0,378.0,3.85,38607.0,705.8,530.5
MDB,4/25/2021,385.0,390.0,363.0,365.0,-3.44,19216.0,705.8,530.5
MDB,4/26/2021,365.0,365.0,351.0,351.0,-3.84,21831.0,705.8,530.5
MDB,4/27/2021,357.0,379.0,351.0,377.0,7.41,12031.0,705.8,530.5
MDB,4/28/2021,378.0,378.0,360.0,363.0,-3.71,6547.0,705.8,530.5
MDB,4/29/2021,356.0,383.0,356.0,374.0,3.03,30693.0,705.8,530.5
MDB,5/2/2021,378.0,382.0,371.0,375.0,0.27,19569.0,705.8,530.5
MDB,5/3/2021,374.0,379.0,365.0,367.0,-2.13,21411.0,705.8,530.5
MDB,5/4/2021,370.0,379.0,363.0,366.0,-0.27,9299.0,705.8,530.5
MDB,5/5/2021,366.0,372.0,362.0,363.0,-0.82,6382.0,705.8,530.5
MDB,5/6/2021,359.0,368.0,356.0,364.0,0.28,10648.0,705.8,530.5
MDB,5/9/2021,365.0,379.0,362.0,367.0,0.82,19952.0,705.8,530.5
MDB,5/10/2021,370.0,374.0,367.0,367.0,0.0,5654.0,705.8,530.5
MDB,5/11/2021,367.0,372.0,365.0,368.0,0.27,17625.0,705.8,530.5
MDB,5/12/2021,368.0,372.0,365.0,365.0,-0.82,9586.0,705.8,530.5
MDB,5/13/2021,371.0,375.0,368.0,375.0,2.74,16160.0,705.8,530.5
MDB,5/16/2021,378.0,394.0,378.0,387.0,3.2,50234.0,705.8,530.5
MDB,5/17/2021,387.0,425.0,387.0,420.0,8.53,179801.0,705.8,530.5
MDB,5/18/2021,431.0,450.0,429.0,447.0,6.43,88491.0,705.8,530.5
MDB,5/19/2021,462.0,462.0,423.0,428.0,-4.25,48763.0,705.8,530.5
MDB,5/20/2021,421.0,470.0,418.0,468.0,9.35,154564.0,705.8,530.5
MDB,5/23/2021,468.0,514.0,452.0,499.0,6.62,167492.0,705.8,530.5
MDB,5/24/2021,499.0,504.0,475.0,482.0,-3.41,121745.0,705.8,530.5
MDB,5/25/2021,485.0,486.0,468.0,469.0,-2.7,66953.0,705.8,530.5
MDB,5/27/2021,460.0,500.0,455.0,482.0,2.77,45638.0,705.8,530.5
MDB,5/30/2021,490.0,512.0,478.0,502.0,4.15,124634.0,705.8,530.5
MDB,5/31/2021,510.0,520.0,478.0,483.0,-3.78,47150.0,705.8,530.5
MDB,6/1/2021,483.0,483.0,465.0,474.0,-1.86,53022.0,705.8,530.5
MDB,6/2/2021,473.0,518.0,472.0,505.0,6.54,134286.0,705.8,530.5
MDB,6/3/2021,515.0,555.0,515.0,537.0,6.34,222849.0,705.8,530.5
MDB,6/6/2021,563.0,585.0,515.0,585.0,8.94,104790.0,705.8,530.5
MDB,6/7/2021,585.0,585.0,545.0,582.0,-0.51,97355.0,705.8,530.5
MDB,6/8/2021,611.0,637.0,588.0,620.0,6.53,183058.0,705.8,530.5
MDB,6/9/2021,651.0,651.0,573.0,585.0,-5.65,127313.0,705.8,530.5
MDB,6/10/2021,610.0,625.0,561.0,611.0,4.44,142575.0,705.8,530.5
MDB,6/13/2021,619.0,672.0,603.0,672.0,9.98,191269.0,705.8,530.5
MDB,6/14/2021,705.0,705.0,651.0,671.0,-0.15,92296.0,705.8,530.5
MDB,6/15/2021,700.0,700.0,623.0,636.0,-5.22,88659.0,705.8,530.5
MDB,6/16/2021,624.0,640.0,581.0,610.0,-4.09,69055.0,705.8,530.5
MDB,6/17/2021,600.0,628.0,580.0,613.0,0.49,86286.0,705.8,530.5
MDB,6/20/2021,613.0,613.0,570.0,584.0,-4.73,38779.0,705.8,530.5
MDB,6/21/2021,584.0,600.0,546.0,555.0,-4.97,49108.0,705.8,530.5
MDB,6/22/2021,555.0,593.0,544.0,589.0,6.13,41898.0,705.8,530.5
MDB,6/23/2021,590.0,599.0,555.0,561.0,-4.75,28508.0,705.8,530.5
MDB,6/24/2021,560.0,574.0,550.0,555.0,-1.07,25159.0,705.8,530.5
MDB,6/27/2021,566.0,566.0,540.0,540.0,-2.7,21336.0,705.8,530.5
MDB,6/28/2021,550.0,550.0,530.0,535.0,-0.93,10809.0,705.8,530.5
MDB,6/29/2021,532.0,532.0,508.0,510.0,-4.67,23872.0,705.8,530.5
MDB,6/30/2021,535.0,545.0,495.0,530.0,3.92,37381.0,705.8,530.5
MDB,7/1/2021,556.0,567.0,528.0,559.0,5.47,55507.0,705.8,530.5
MDB,7/4/2021,565.0,577.0,544.0,544.0,-2.68,33104.0,705.8,530.5
MDB,7/5/2021,517.0,550.0,517.0,537.0,-1.29,12337.0,705.8,530.5
MDB,7/6/2021,539.0,543.0,527.0,535.0,-0.37,12090.0,705.8,530.5
MDB,7/7/2021,530.0,540.0,530.0,535.0,0.0,7340.0,705.8,530.5
MDB,7/8/2021,535.0,550.0,535.0,547.0,2.24,15614.0,705.8,530.5
MDB,7/11/2021,550.0,594.0,550.0,592.0,8.23,39097.0,705.8,530.5
MDB,7/12/2021,597.0,613.0,570.0,579.0,-2.2,47875.0,705.8,530.5
MDB,7/13/2021,607.0,607.0,577.0,590.0,1.9,20088.0,705.8,530.5
MDB,7/14/2021,591.0,591.0,580.0,582.0,-1.36,13284.0,705.8,530.5
MDB,7/15/2021,590.0,593.0,583.0,586.0,0.69,13500.0,705.8,530.5
MDB,7/18/2021,575.0,627.0,575.0,620.0,5.8,44049.0,705.8,530.5
MDB,7/19/2021,632.0,644.0,608.0,612.9,-1.15,24554.0,705.8,530.5
MDB,7/20/2021,606.1,615.0,606.0,612.0,-0.15,18924.0,705.8,530.5
MDB,7/22/2021,624.0,624.0,604.0,605.0,-1.14,18148.0,705.8,530.5
MDB,7/25/2021,610.0,615.0,604.0,607.0,0.33,24548.0,705.8,530.5
MDB,7/26/2021,605.0,610.0,595.0,607.0,0.0,31292.0,705.8,530.5
MDB,7/27/2021,596.0,615.0,595.0,611.0,0.66,38818.0,705.8,530.5
MDB,7/28/2021,623.0,635.0,613.0,618.0,1.15,24734.0,705.8,530.5
MDB,7/29/2021,624.0,663.5,614.0,638.0,3.24,63817.0,705.8,530.5
MDB,8/1/2021,645.0,650.0,626.0,628.0,-1.57,38629.0,705.8,530.5
MDB,8/2/2021,635.0,635.0,610.0,618.0,-1.59,17091.0,705.8,530.5
MDB,8/3/2021,620.0,629.0,610.2,622.0,0.65,20697.0,705.8,530.5
MDB,8/4/2021,625.0,638.4,616.0,624.0,0.32,37609.0,705.8,530.5
MDB,8/5/2021,636.4,660.0,627.0,646.0,3.53,100612.0,705.8,530.5
MDB,8/8/2021,655.0,703.8,655.0,683.0,5.73,127660.0,705.8,530.5
MDB,8/9/2021,690.0,690.0,668.1,675.0,-1.17,57887.0,705.8,530.5
MDB,8/10/2021,688.0,737.0,680.0,727.0,7.7,167727.0,705.8,530.5
MDB,8/11/2021,741.5,788.4,706.0,729.0,0.28,103126.0,705.8,530.5
MDB,8/12/2021,742.0,785.0,729.0,765.0,4.94,112891.0,705.8,530.5
MDB,8/15/2021,750.0,760.0,706.6,735.0,-3.92,115432.0,705.8,530.5
MDB,8/16/2021,740.0,749.0,706.0,744.0,1.22,72444.0,705.8,530.5
MDB,8/17/2021,758.8,805.0,750.0,780.0,4.84,108354.0,705.8,530.5
MDB,8/18/2021,795.0,837.0,790.0,823.0,5.51,107850.0,705.8,530.5
MDB,8/19/2021,835.0,873.2,790.0,795.0,-3.4,100298.0,705.8,530.5
MDB,8/24/2021,796.0,810.0,759.0,760.0,-4.4,65370.0,705.8,530.5
MDB,8/25/2021,746.0,760.0,730.0,735.0,-3.29,59169.0,705.8,530.5
MDB,8/26/2021,740.0,780.0,723.0,780.0,6.12,122481.0,705.8,530.5
MDB,8/29/2021,795.0,858.0,768.0,822.0,5.38,164946.0,705.8,530.5
MDB,8/31/2021,822.0,845.0,789.9,836.0,1.7,181102.0,705.8,530.5
MDB,9/1/2021,852.0,860.0,810.0,811.0,-2.99,65547.0,705.8,530.5
MDB,9/2/2021,823.0,843.5,795.0,799.0,-1.48,103850.0,705.8,530.5
MDB,9/5/2021,787.0,799.0,719.1,726.0,-9.14,130079.0,705.8,530.5
MDB,9/6/2021,715.0,798.6,711.5,798.6,10.0,96164.0,705.8,530.5
MDB,9/7/2021,814.5,814.5,757.4,779.0,-2.45,44491.0,705.8,530.5
MDB,9/8/2021,770.0,780.0,746.0,780.0,0.13,38523.0,705.8,530.5
MDB,9/9/2021,780.0,793.0,749.7,773.0,-0.9,45442.0,705.8,530.5
MDB,9/12/2021,780.0,795.0,770.0,789.0,2.07,93465.0,705.8,530.5
MDB,9/13/2021,804.0,810.0,768.0,775.0,-1.77,53044.0,705.8,530.5
MDB,9/14/2021,780.0,785.0,750.0,762.0,-1.68,34486.0,705.8,530.5
MDB,9/15/2021,760.0,762.0,739.0,747.0,-1.97,29182.0,705.8,530.5
MDB,9/16/2021,733.0,733.0,700.0,703.1,-5.88,56308.0,705.8,530.5
MDB,9/20/2021,700.0,714.0,655.0,655.0,-6.84,52945.0,705.8,530.5
MDB,9/21/2021,642.0,693.0,606.4,647.0,-1.22,68043.0,705.8,530.5
MDB,9/22/2021,659.0,710.0,659.0,700.0,8.19,61372.0,705.8,530.5
MDB,9/23/2021,710.0,720.0,680.0,694.0,-0.86,40791.0,705.8,530.5
MDB,9/26/2021,700.0,714.0,668.0,670.0,-3.46,31920.0,705.8,530.5
MDB,9/27/2021,657.0,670.0,631.1,643.0,-4.03,37310.0,705.8,530.5
MDB,9/28/2021,631.0,665.0,610.0,620.0,-3.58,20535.0,705.8,530.5
MDB,9/29/2021,630.0,640.0,585.0,635.0,2.42,40184.0,705.8,530.5
MDB,9/30/2021,635.0,640.0,612.0,620.0,-2.36,11988.0,705.8,530.5
MDB,10/3/2021,615.0,632.0,588.0,595.0,-4.03,33710.0,705.8,530.5
MDB,10/4/2021,590.0,600.0,572.4,576.0,-3.19,21737.0,705.8,530.5
MDB,10/5/2021,587.5,609.0,575.9,600.0,4.17,23659.0,705.8,530.5
MDB,10/6/2021,612.0,618.0,577.0,606.0,1.0,38765.0,705.8,530.5
MDB,10/10/2021,618.1,632.0,606.0,610.0,0.66,31680.0,705.8,530.5
MDB,10/11/2021,605.0,607.0,590.0,605.9,-0.67,23311.0,705.8,530.5
MDB,10/17/2021,618.0,618.0,603.4,607.0,0.18,6155.0,705.8,530.5
MDB,10/18/2021,595.2,604.0,585.0,585.1,-3.61,18806.0,705.8,530.5
MDB,10/19/2021,573.4,575.3,545.0,556.0,-4.97,31525.0,705.8,530.5
MDB,10/20/2021,567.1,590.0,560.0,579.0,4.14,32154.0,705.8,530.5
MDB,10/21/2021,587.0,587.0,562.6,562.6,-2.83,11236.0,705.8,530.5
MDB,10/24/2021,572.9,576.0,565.0,570.0,1.32,7238.0,705.8,530.5
MDB,10/25/2021,581.0,616.0,577.0,613.0,7.54,32482.0,705.8,530.5
MDB,10/26/2021,625.0,644.0,615.1,638.0,4.08,41311.0,705.8,530.5
MDB,10/27/2021,650.0,673.2,625.0,673.2,5.52,39368.0,705.8,530.5
MDB,10/28/2021,660.0,670.0,645.0,662.0,-1.66,16578.0,705.8,530.5
MDB,10/31/2021,669.0,705.0,656.0,696.0,5.14,37012.0,705.8,530.5
MDB,11/1/2021,690.0,709.0,662.5,670.1,-3.72,50758.0,705.8,530.5
MDB,11/2/2021,665.0,701.0,660.0,694.0,3.57,42309.0,705.8,530.5
MDB,11/3/2021,707.8,707.8,672.0,681.0,-1.87,27763.0,705.8,530.5
MDB,11/8/2021,693.0,694.0,665.0,668.0,-1.91,12886.0,705.8,530.5
MDB,11/9/2021,660.1,670.0,637.0,649.0,-2.84,41074.0,705.8,530.5
MDB,11/11/2021,636.1,647.0,614.0,619.0,-4.62,25968.0,705.8,530.5
MDB,11/14/2021,611.2,637.2,607.0,633.8,2.39,9817.0,705.8,530.5
MDB,11/15/2021,646.4,660.0,643.1,660.0,4.13,29351.0,705.8,530.5
MDB,11/16/2021,660.0,678.0,647.0,670.0,1.52,27788.0,705.8,530.5
MDB,11/17/2021,670.0,683.0,654.7,655.0,-2.24,66572.0,705.8,530.5
MDB,11/18/2021,652.0,658.9,639.0,639.0,-2.44,20490.0,705.8,530.5
MDB,11/21/2021,626.3,651.5,626.3,640.0,0.16,13643.0,705.8,530.5
MDB,11/22/2021,649.0,651.0,639.0,643.0,0.47,11357.0,705.8,530.5
MDB,11/23/2021,635.0,645.0,620.0,645.0,0.31,37937.0,705.8,530.5
MDB,11/24/2021,632.1,647.0,621.0,638.0,-1.09,10605.0,705.8,530.5
MDB,11/25/2021,638.0,649.0,630.7,640.0,0.31,4959.0,705.8,530.5
MDB,11/28/2021,628.0,633.0,606.0,618.0,-3.44,18485.0,705.8,530.5
MDB,11/29/2021,620.0,621.0,597.0,612.0,-0.97,11649.0,705.8,530.5
MDB,11/30/2021,623.0,623.0,582.0,595.0,-2.78,17068.0,705.8,530.5
MDB,12/1/2021,586.0,619.0,586.0,608.0,2.18,9144.0,705.8,530.5
MDB,12/2/2021,598.0,600.0,576.1,579.9,-4.62,15263.0,705.8,530.5
MDB,12/5/2021,570.1,585.9,548.0,560.0,-3.43,20707.0,705.8,530.5
MDB,12/6/2021,571.0,572.2,516.0,568.0,1.43,35630.0,705.8,530.5
MDB,12/7/2021,579.3,586.0,540.0,541.0,-4.75,15752.0,705.8,530.5
MDB,12/8/2021,549.5,549.5,513.0,527.0,-2.59,13534.0,705.8,530.5
MDB,12/9/2021,518.0,524.1,499.0,514.9,-2.3,21023.0,705.8,530.5
MDB,12/12/2021,509.6,509.6,477.3,477.3,-7.3,23083.0,705.8,530.5
MDB,12/13/2021,468.0,477.8,442.1,453.0,-5.09,19215.0,705.8,530.5
MDB,12/14/2021,462.0,497.7,460.0,497.7,9.87,8884.0,705.8,530.5
MDB,12/15/2021,507.6,536.5,487.0,509.0,2.27,20622.0,705.8,530.5
MDB,12/16/2021,501.0,510.8,482.0,482.0,-5.3,11874.0,705.8,530.5
MDB,12/20/2021,482.0,487.0,465.0,468.0,-2.9,7810.0,705.8,530.5
MDB,12/21/2021,477.0,486.5,472.0,485.1,3.65,7476.0,705.8,530.5
MDB,12/22/2021,494.0,525.0,490.0,525.0,8.23,28398.0,705.8,530.5
MDB,12/23/2021,527.0,534.0,507.0,526.0,0.19,14862.0,705.8,530.5
MDB,12/26/2021,525.0,525.0,509.0,521.0,-0.95,43352.0,705.8,530.5
MDB,12/27/2021,521.0,530.0,496.0,518.2,-0.54,19476.0,705.8,530.5
MDB,12/28/2021,507.9,518.0,494.3,502.0,-3.13,35434.0,705.8,530.5
MDB,12/29/2021,434.3,451.9,434.3,448.8,-10.6,11070.0,705.8,530.5
MDB,1/2/2022,451.0,457.0,440.0,457.0,1.83,15567.0,705.8,530.5
MDB,1/3/2022,450.0,477.4,450.0,470.0,2.84,11624.0,705.8,530.5
MDB,1/4/2022,478.0,490.0,460.6,490.0,4.26,21181.0,705.8,530.5
MDB,1/5/2022,492.0,517.4,485.0,498.0,1.63,34491.0,705.8,530.5
MDB,1/6/2022,488.1,504.0,478.4,504.0,1.2,15831.0,705.8,530.5
MDB,1/9/2022,514.0,531.4,503.0,531.4,5.44,25393.0,705.8,530.5
MDB,1/10/2022,542.0,559.9,532.0,555.0,4.44,53492.0,705.8,530.5
MDB,1/11/2022,548.0,605.0,546.0,605.0,9.01,78608.0,705.8,530.5
MDB,1/12/2022,606.0,617.0,576.5,585.0,-3.31,74199.0,705.8,530.5
MDB,1/13/2022,574.0,595.5,574.0,594.0,1.54,44990.0,705.8,530.5
MDB,1/16/2022,600.0,609.0,595.0,599.0,0.84,72009.0,705.8,530.5
MDB,1/17/2022,592.0,604.9,590.0,593.0,-1.0,13715.0,705.8,530.5
MDB,1/18/2022,584.0,599.0,575.0,584.0,-1.52,26073.0,705.8,530.5
MDB,1/19/2022,595.6,595.6,558.0,569.0,-2.57,26638.0,705.8,530.5
MDB,1/20/2022,560.0,588.0,558.0,585.0,2.81,23805.0,705.8,530.5
MDB,1/23/2022,596.7,605.0,564.0,576.0,-1.54,30333.0,705.8,530.5
MDB,1/24/2022,572.0,572.0,545.6,556.0,-3.47,37271.0,705.8,530.5
MDB,1/25/2022,556.0,566.0,544.9,548.0,-1.44,23541.0,705.8,530.5
MDB,1/26/2022,554.0,555.0,530.0,537.0,-2.01,15952.0,705.8,530.5
MDB,1/27/2022,547.0,547.0,535.1,535.6,-0.26,9486.0,705.8,530.5
MDB,1/30/2022,546.0,570.0,546.0,570.0,6.42,25868.0,705.8,530.5
MDB,1/31/2022,572.0,575.0,558.0,560.0,-1.75,11671.0,705.8,530.5
MDB,2/1/2022,559.0,569.0,551.0,562.1,0.38,11373.0,705.8,530.5
MDB,2/3/2022,570.0,576.9,559.0,559.0,-0.55,25063.0,705.8,530.5
MDB,2/6/2022,548.0,559.0,545.0,546.0,-2.33,6763.0,705.8,530.5
MDB,2/7/2022,550.0,555.0,540.0,549.0,0.55,9727.0,705.8,530.5
MDB,2/8/2022,559.0,569.5,538.0,538.0,-2.0,13691.0,705.8,530.5
MDB,2/9/2022,536.0,536.0,523.0,536.0,-0.37,15569.0,705.8,530.5
MDB,2/10/2022,536.0,537.0,525.0,527.3,-1.62,8019.0,705.8,530.5
MDB,2/13/2022,516.8,520.0,495.0,497.9,-5.58,27560.0,705.8,530.5
MDB,2/14/2022,490.0,507.0,490.0,500.2,0.46,6984.0,705.8,530.5
MDB,2/15/2022,507.0,517.0,501.1,515.0,2.96,5813.0,705.8,530.5
MDB,2/16/2022,510.0,525.0,505.0,505.0,-1.94,8805.0,705.8,530.5
MDB,2/17/2022,500.0,513.7,500.0,513.7,1.72,5917.0,705.8,530.5
MDB,2/20/2022,513.7,513.7,495.1,500.0,-2.67,9379.0,705.8,530.5
MDB,2/21/2022,505.0,508.0,500.0,501.0,0.2,2888.0,705.8,530.5
MDB,2/22/2022,510.0,517.0,505.1,512.0,2.2,9434.0,705.8,530.5
MDB,2/23/2022,512.0,515.0,501.0,505.0,-1.37,5199.0,705.8,530.5
MDB,2/24/2022,500.0,503.0,485.0,486.0,-3.76,9575.0,705.8,530.5
MDB,2/27/2022,492.0,493.0,475.0,493.0,1.44,7684.0,705.8,530.5
MDB,2/28/2022,495.0,495.0,465.0,473.0,-4.06,9361.0,705.8,530.5
MDB,3/2/2022,470.0,470.0,460.0,461.0,-2.54,15496.0,705.8,530.5
MDB,3/6/2022,463.0,477.0,460.0,469.0,1.74,12272.0,705.8,530.5
MDB,3/7/2022,478.0,478.0,460.0,460.0,-1.92,7007.0,705.8,530.5
MDB,3/9/2022,467.0,467.0,439.0,439.1,-4.54,17172.0,705.8,530.5
MDB,3/10/2022,435.0,463.0,432.0,463.0,5.44,11083.0,705.8,530.5
MDB,3/13/2022,470.0,500.0,465.0,500.0,7.99,25909.0,705.8,530.5
MDB,3/14/2022,505.0,505.0,482.2,488.0,-2.4,8976.0,705.8,530.5
MDB,3/15/2022,489.0,502.8,484.0,501.0,2.66,24378.0,705.8,530.5
MDB,3/16/2022,510.0,511.0,495.0,499.8,-0.24,13068.0,705.8,530.5
MDB,3/20/2022,508.0,508.0,488.0,498.0,-0.36,13538.0,705.8,530.5
MDB,3/21/2022,505.0,515.0,490.3,511.0,2.61,20713.0,705.8,530.5
MDB,3/22/2022,518.0,525.0,510.0,524.0,2.54,25249.0,705.8,530.5
MDB,3/23/2022,514.0,521.0,512.2,517.0,-1.34,9821.0,705.8,530.5
MDB,3/24/2022,510.0,510.0,497.0,499.0,-3.48,20682.0,705.8,530.5
MDB,3/27/2022,502.0,502.0,480.0,482.0,-3.41,13854.0,705.8,530.5
MDB,3/28/2022,480.0,486.0,467.0,470.0,-2.49,21243.0,705.8,530.5
MDB,3/29/2022,469.0,479.4,464.0,470.0,0.0,7900.0,705.8,530.5
MDB,3/30/2022,479.0,492.0,464.0,487.0,3.62,7898.0,705.8,530.5
MDB,3/31/2022,480.0,489.0,473.1,473.1,-2.85,8891.0,705.8,530.5
MDB,4/3/2022,466.1,469.0,466.0,469.0,-0.87,6164.0,705.8,530.5
MDB,4/4/2022,470.0,475.0,461.0,463.5,-1.17,4066.0,705.8,530.5
MDB,4/5/2022,456.0,465.0,447.0,451.1,-2.68,15037.0,705.8,530.5
MDB,4/6/2022,443.0,458.0,443.0,455.0,0.86,7940.0,705.8,530.5
MDB,4/7/2022,459.0,471.9,451.0,466.9,2.62,9703.0,705.8,530.5
MDB,4/11/2022,470.0,477.0,459.0,472.0,1.09,10192.0,705.8,530.5
MDB,4/12/2022,462.6,462.6,450.8,453.0,-4.03,3488.0,705.8,530.5
MDB,4/13/2022,461.0,461.0,436.2,461.0,1.77,6104.0,705.8,530.5
MDB,4/17/2022,451.8,459.0,444.1,445.0,-3.47,5471.0,705.8,530.5
MDB,4/18/2022,438.5,451.0,430.0,445.0,0.0,16656.0,705.8,530.5
MDB,4/19/2022,452.9,462.0,436.1,453.9,2.0,7180.0,705.8,530.5
MDB,4/20/2022,455.0,455.0,438.0,439.1,-3.26,2350.0,705.8,530.5
MDB,4/21/2022,432.0,445.0,425.1,445.0,1.34,6034.0,705.8,530.5
MDB,4/24/2022,453.0,479.1,445.0,471.0,5.84,9752.0,705.8,530.5
MDB,4/25/2022,470.0,475.0,455.0,461.0,-2.12,9822.0,705.8,530.5
MDB,4/26/2022,461.0,461.0,443.1,447.0,-3.04,1171.0,705.8,530.5
MDB,4/27/2022,442.2,454.9,442.0,450.0,0.67,3563.0,705.8,530.5
MDB,4/28/2022,444.0,455.0,438.3,447.0,-0.67,7071.0,705.8,530.5
MDB,5/2/2022,438.3,444.0,430.0,430.0,-3.8,4885.0,705.8,530.5
MDB,5/4/2022,421.5,437.0,414.0,423.0,-1.63,7479.0,705.8,530.5
MDB,5/5/2022,416.0,416.0,402.0,416.0,-1.65,14419.0,705.8,530.5
MDB,5/8/2022,416.0,416.0,399.7,415.0,-0.24,5832.0,705.8,530.5
MDB,5/9/2022,415.0,420.0,410.0,410.0,-1.2,3682.0,705.8,530.5
MDB,5/10/2022,417.9,426.2,411.0,426.2,3.95,6121.0,705.8,530.5
MDB,5/11/2022,427.0,455.0,427.0,453.0,6.29,13258.0,705.8,530.5
MDB,5/12/2022,458.0,461.0,436.1,439.0,-3.09,6184.0,705.8,530.5
MDB,5/17/2022,432.0,432.0,410.0,416.0,-5.24,3320.0,705.8,530.5
MDB,5/18/2022,410.0,419.2,402.1,419.2,0.77,2984.0,705.8,530.5
MDB,5/19/2022,412.0,418.0,403.9,407.0,-2.91,3872.0,705.8,530.5
MDB,5/20/2022,410.0,415.0,406.0,410.0,0.74,2868.0,705.8,530.5
MDB,5/23/2022,402.0,405.0,395.1,400.0,-2.44,2528.0,705.8,530.5
MDB,5/24/2022,400.0,415.9,400.0,411.0,2.75,7943.0,705.8,530.5
MDB,5/25/2022,415.0,417.0,408.0,414.0,0.73,4189.0,705.8,530.5
MDB,5/26/2022,407.0,414.0,406.9,414.0,0.0,2637.0,705.8,530.5
MDB,5/27/2022,410.0,410.0,402.2,405.0,-2.17,2305.0,705.8,530.5
MDB,5/30/2022,400.0,400.2,389.2,397.6,-1.83,9040.0,705.8,530.5
MDB,5/31/2022,390.0,391.8,385.0,389.0,-2.16,3841.0,705.8,530.5
MDB,6/1/2022,382.2,392.0,381.3,385.0,-1.03,7286.0,705.8,530.5
MDB,6/2/2022,389.0,389.0,381.0,386.0,0.26,3708.0,705.8,530.5
MDB,6/3/2022,383.6,386.0,378.2,385.0,-0.26,3934.0,705.8,530.5
MDB,6/6/2022,386.0,386.0,378.3,384.0,-0.26,3942.0,705.8,530.5
MDB,6/7/2022,377.0,377.0,367.0,375.0,-2.34,5774.0,705.8,530.5
MDB,6/8/2022,375.0,390.0,367.5,381.1,1.63,13374.0,705.8,530.5
MDB,6/9/2022,385.0,398.0,371.1,381.5,0.1,10928.0,705.8,530.5
MDB,6/10/2022,374.0,378.0,365.0,378.0,-0.92,5824.0,705.8,530.5
MDB,6/13/2022,375.0,375.0,362.0,369.0,-2.38,6209.0,705.8,530.5
MDB,6/14/2022,362.0,364.0,357.0,364.0,-1.36,3145.0,705.8,530.5
MDB,6/15/2022,356.8,371.0,349.7,371.0,1.92,8720.0,705.8,530.5
MDB,6/16/2022,364.0,376.0,356.4,367.0,-1.08,3896.0,705.8,530.5
MDB,6/17/2022,361.0,367.0,361.0,367.0,0.0,50.0,705.8,530.5
MDB,6/19/2022,359.7,360.0,337.2,338.8,-7.68,14320.0,705.8,530.5
MDB,6/20/2022,333.0,333.0,315.0,323.0,-4.66,15492.0,705.8,530.5
MDB,6/21/2022,323.0,341.7,323.0,338.0,4.64,7977.0,705.8,530.5
MDB,6/22/2022,333.0,333.0,314.1,322.0,-4.73,3796.0,705.8,530.5
MDB,6/23/2022,318.0,318.0,308.0,314.0,-2.48,8179.0,705.8,530.5
MDB,6/24/2022,315.0,325.2,312.7,318.7,1.5,6128.0,705.8,530.5
MDB,6/26/2022,325.0,346.0,312.5,346.0,8.57,10689.0,705.8,530.5
MDB,6/27/2022,348.0,349.0,332.0,342.0,-1.16,13868.0,705.8,530.5
MDB,6/28/2022,340.0,340.0,320.1,336.0,-1.75,7813.0,705.8,530.5
MDB,6/29/2022,336.0,345.7,336.0,341.0,1.49,7625.0,705.8,530.5
MDB,6/30/2022,345.0,375.1,338.1,373.0,9.38,33433.0,705.8,530.5
MDB,7/1/2022,366.0,378.0,363.0,372.0,-0.27,10528.0,705.8,530.5
MDB,7/3/2022,374.0,382.0,358.0,381.0,2.42,11642.0,705.8,530.5
MDB,7/4/2022,387.0,408.0,362.0,362.0,-4.99,29524.0,705.8,530.5
MDB,7/5/2022,362.0,383.0,356.1,364.0,0.55,18494.0,705.8,530.5
MDB,7/6/2022,364.0,374.0,351.0,374.0,2.75,13200.0,705.8,530.5
MDB,7/7/2022,381.4,389.0,360.0,369.0,-1.34,10506.0,705.8,530.5
MDB,7/8/2022,362.0,362.0,348.0,358.0,-2.98,13167.0,705.8,530.5
MDB,7/11/2022,350.9,350.9,331.0,335.0,-6.42,13725.0,705.8,530.5
MDB,7/12/2022,335.0,341.2,322.0,337.9,0.87,15046.0,705.8,530.5
MDB,7/13/2022,340.0,355.5,329.3,355.5,5.21,22999.0,705.8,530.5
MDB,7/14/2022,360.0,362.0,350.1,359.9,1.24,12981.0,705.8,530.5
MDB,7/15/2022,353.0,360.0,346.0,347.0,-3.58,4677.0,705.8,530.5
MDB,7/17/2022,345.0,355.2,341.5,350.0,0.86,5541.0,705.8,530.5
MDB,7/18/2022,346.0,356.0,344.0,355.8,1.66,5667.0,705.8,530.5
MDB,7/19/2022,356.0,369.9,356.0,360.0,1.18,18583.0,705.8,530.5
MDB,7/20/2022,360.0,372.0,355.1,365.1,1.42,13151.0,705.8,530.5
MDB,7/21/2022,358.0,364.0,357.0,363.9,-0.33,11209.0,705.8,530.5
MDB,7/22/2022,357.0,360.0,350.3,359.9,-1.1,9760.0,705.8,530.5
MDB,7/24/2022,355.0,377.0,347.9,377.0,4.75,29120.0,705.8,530.5
MDB,7/25/2022,382.0,414.7,377.0,410.0,8.75,46744.0,705.8,530.5
MDB,7/26/2022,402.0,414.0,390.0,390.0,-4.88,37082.0,705.8,530.5
MDB,7/27/2022,396.0,405.6,381.0,405.6,4.0,26304.0,705.8,530.5
MDB,7/28/2022,410.0,430.0,401.8,420.0,3.55,62411.0,705.8,530.5
MDB,7/29/2022,420.0,438.0,404.0,438.0,4.29,51955.0,705.8,530.5
MDB,7/31/2022,438.0,447.0,430.0,441.5,0.8,27121.0,705.8,530.5
MDB,8/1/2022,435.0,442.0,427.9,428.0,-3.06,39271.0,705.8,530.5
MDB,8/2/2022,435.0,435.0,415.8,429.4,0.33,32958.0,705.8,530.5
MDB,8/3/2022,428.0,438.0,423.0,431.0,0.37,22888.0,705.8,530.5
MDB,8/4/2022,435.0,435.0,415.0,418.0,-3.02,22427.0,705.8,530.5
MDB,8/5/2022,418.0,420.0,403.6,403.6,-3.44,9642.0,705.8,530.5
MDB,8/7/2022,405.0,418.0,400.9,412.0,2.08,13904.0,705.8,530.5
MDB,8/8/2022,417.0,420.0,400.1,408.0,-0.97,9093.0,705.8,530.5
MDB,8/9/2022,400.0,403.0,388.1,388.2,-4.85,15423.0,705.8,530.5
MDB,8/10/2022,383.0,394.9,382.0,385.0,-0.82,12751.0,705.8,530.5
MDB,8/11/2022,389.0,391.0,378.0,380.0,-1.3,11560.0,705.8,530.5
MDB,8/14/2022,380.0,387.6,367.0,367.1,-3.39,9034.0,705.8,530.5
MDB,8/15/2022,368.0,396.0,368.0,396.0,7.87,15286.0,705.8,530.5
MDB,8/16/2022,403.0,404.0,382.2,383.0,-3.28,20199.0,705.8,530.5
MDB,8/17/2022,390.6,399.9,385.0,390.0,1.83,13065.0,705.8,530.5
MDB,8/18/2022,397.8,407.0,391.0,402.0,3.08,19361.0,705.8,530.5
MDB,8/21/2022,405.0,415.0,401.8,404.5,0.62,15506.0,705.8,530.5
MDB,8/22/2022,400.0,407.0,394.5,396.0,-2.1,9267.0,705.8,530.5
MDB,8/23/2022,397.2,401.0,395.2,395.2,-0.2,5807.0,705.8,530.5
MDB,8/24/2022,402.0,403.0,392.1,401.0,1.47,6903.0,705.8,530.5
MDB,8/25/2022,402.0,408.7,391.0,391.0,-2.49,14782.0,705.8,530.5
MDB,8/26/2022,391.0,391.0,385.0,385.0,-1.53,5172.0,705.8,530.5
MDB,8/28/2022,378.1,385.0,370.5,372.0,-3.38,10675.0,705.8,530.5
MDB,8/29/2022,370.0,378.0,369.9,377.0,1.34,6379.0,705.8,530.5
MDB,8/30/2022,384.5,388.0,374.6,374.6,-0.64,1880.0,705.8,530.5
MDB,8/31/2022,382.0,382.0,368.0,370.0,-1.23,8934.0,705.8,530.5
MDB,9/1/2022,374.0,386.0,365.1,372.1,0.57,6638.0,705.8,530.5
MDB,9/2/2022,378.0,380.0,375.0,375.0,0.78,3242.0,705.8,530.5
MDB,9/4/2022,382.0,385.9,375.0,376.3,0.35,4199.0,705.8,530.5
MDB,9/5/2022,383.8,386.0,379.1,383.0,1.78,3779.0,705.8,530.5
MDB,9/6/2022,390.0,390.0,366.0,368.0,-3.92,10351.0,705.8,530.5
MDB,9/7/2022,375.0,375.0,365.0,365.0,-0.82,3842.0,705.8,530.5
MDB,9/8/2022,366.0,378.3,361.0,367.5,0.68,8825.0,705.8,530.5
MDB,9/11/2022,374.8,381.0,365.1,365.5,-0.54,1986.0,705.8,530.5
MDB,9/12/2022,365.6,365.6,361.0,361.5,-1.09,1686.0,705.8,530.5
MDB,9/13/2022,368.7,379.4,365.2,376.4,4.12,6434.0,705.8,530.5
MDB,9/14/2022,380.0,392.0,379.0,390.0,3.61,12749.0,705.8,530.5
MDB,9/15/2022,390.0,390.0,367.0,367.1,-5.87,17158.0,705.8,530.5
MDB,9/16/2022,363.0,372.0,353.0,365.0,-0.57,8355.0,705.8,530.5
MDB,9/18/2022,361.3,366.0,353.0,358.0,-1.92,7725.0,705.8,530.5
MDB,9/20/2022,354.0,354.0,345.0,347.9,-2.82,9953.0,705.8,530.5
MDB,9/21/2022,353.0,360.0,351.0,354.0,1.75,4495.0,705.8,530.5
MDB,9/22/2022,360.0,360.0,350.2,353.9,-0.03,2410.0,705.8,530.5
MDB,9/25/2022,347.5,351.0,347.0,350.0,-1.1,4697.0,705.8,530.5
MDB,9/27/2022,356.0,357.0,351.0,355.0,1.43,6587.0,705.8,530.5
MDB,9/28/2022,355.0,355.0,352.0,352.0,-0.85,414.0,705.8,530.5
MDB,9/29/2022,359.0,359.0,353.0,358.5,1.85,705.0,705.8,530.5
MDB,10/9/2022,365.0,390.0,362.0,388.0,8.23,9818.0,705.8,530.5
MDB,10/10/2022,380.3,385.0,367.0,371.0,-4.38,6716.0,705.8,530.5
MDB,10/11/2022,363.8,366.0,360.0,360.0,-2.96,2851.0,705.8,530.5
MDB,10/12/2022,360.0,380.0,360.0,370.0,2.78,3995.0,705.8,530.5
MDB,10/13/2022,364.0,375.0,364.0,374.8,1.3,8059.0,705.8,530.5
MDB,10/16/2022,373.0,380.4,371.0,372.0,-0.75,9411.0,705.8,530.5
MDB,10/17/2022,368.0,375.0,368.0,372.0,0.0,1654.0,705.8,530.5
MDB,10/19/2022,370.0,370.0,356.0,364.5,-2.02,7409.0,705.8,530.5
MDB,10/20/2022,358.0,369.7,357.4,368.0,0.96,900.0,705.8,530.5
MDB,10/23/2022,375.0,380.0,365.0,376.0,2.17,2738.0,705.8,530.5
MDB,10/31/2022,371.0,375.0,368.5,372.0,-1.06,2034.0,705.8,530.5
MDB,11/1/2022,379.0,386.0,374.5,385.5,3.63,10627.0,705.8,530.5
MDB,11/2/2022,383.0,394.0,379.0,385.0,-0.13,14181.0,705.8,530.5
MDB,11/3/2022,380.0,385.0,376.2,382.7,-0.6,4016.0,705.8,530.5
MDB,11/6/2022,386.0,393.0,383.9,393.0,2.69,9205.0,705.8,530.5
MDB,11/7/2022,399.0,399.9,380.0,385.9,-1.81,16342.0,705.8,530.5
MDB,11/8/2022,384.0,390.0,384.0,388.0,0.54,2480.0,705.8,530.5
MDB,11/9/2022,385.0,385.0,362.0,377.7,-2.65,14081.0,705.8,530.5
MDB,11/10/2022,380.0,380.0,363.6,373.0,-1.24,6036.0,705.8,530.5
MDB,11/13/2022,367.0,380.0,365.6,371.9,-0.29,6261.0,705.8,530.5
MDB,11/14/2022,370.1,382.3,370.0,381.1,2.47,4115.0,705.8,530.5
MDB,11/15/2022,376.0,381.0,366.0,366.0,-3.96,8679.0,705.8,530.5
MDB,11/16/2022,373.3,377.0,370.0,374.0,2.19,7998.0,705.8,530.5
MDB,11/17/2022,376.1,390.0,376.1,387.0,3.48,10747.0,705.8,530.5
MDB,11/22/2022,392.0,392.0,377.6,380.0,-1.81,5628.0,705.8,530.5
MDB,11/23/2022,373.0,382.0,372.6,382.0,0.53,2237.0,705.8,530.5
MDB,11/24/2022,375.2,397.8,375.2,391.0,2.36,12822.0,705.8,530.5
MDB,11/27/2022,391.0,396.9,389.0,395.0,1.02,15358.0,705.8,530.5
MDB,11/28/2022,398.0,398.0,384.0,387.0,-2.03,7781.0,705.8,530.5
MDB,11/29/2022,381.5,390.0,381.5,385.1,-0.49,3275.0,705.8,530.5
MDB,11/30/2022,381.0,389.0,377.9,384.8,-0.08,4865.0,705.8,530.5
MDB,12/1/2022,389.5,392.0,383.0,386.0,0.31,6542.0,705.8,530.5
MDB,12/4/2022,390.0,397.7,386.0,388.9,0.75,13596.0,705.8,530.5
MDB,12/5/2022,396.0,396.6,383.0,388.0,-0.23,15666.0,705.8,530.5
MDB,12/6/2022,392.9,393.0,382.1,386.0,-0.52,10280.0,705.8,530.5
MDB,12/7/2022,392.0,392.0,383.2,383.5,-0.65,6657.0,705.8,530.5
MDB,12/11/2022,380.7,380.7,377.1,377.1,-1.67,7964.0,705.8,530.5
MDB,12/12/2022,377.1,382.0,371.4,382.0,1.3,15410.0,705.8,530.5
MDB,12/13/2022,375.0,381.0,375.0,376.0,-1.57,1389.0,705.8,530.5
MDB,12/14/2022,383.0,386.0,379.0,379.0,0.8,2457.0,705.8,530.5
MDB,12/15/2022,372.0,377.9,372.0,377.9,-0.29,4942.0,705.8,530.5
MDB,12/18/2022,380.0,380.0,372.0,372.0,-1.56,10295.0,705.8,530.5
MDB,12/19/2022,370.0,382.0,369.1,376.0,1.08,2363.0,705.8,530.5
MDB,12/20/2022,382.0,386.0,380.0,385.9,2.63,2770.0,705.8,530.5
MDB,12/21/2022,386.0,388.9,375.5,382.0,-1.01,8465.0,705.8,530.5
MDB,12/22/2022,380.0,380.0,374.3,378.0,-1.05,7612.0,705.8,530.5
MDB,12/26/2022,380.0,390.0,379.0,390.0,3.17,17855.0,705.8,530.5
MDB,12/27/2022,395.0,410.9,391.1,404.1,3.62,48662.0,705.8,530.5
MDB,12/28/2022,404.0,412.1,398.0,410.0,1.46,44273.0,705.8,530.5
MDB,12/29/2022,371.0,388.0,365.0,382.0,-6.83,13048.0,705.8,530.5
MDB,1/1/2023,374.5,392.0,373.0,381.0,-0.26,52184.0,705.8,530.5
MDB,1/2/2023,388.0,388.0,374.1,375.0,-1.57,10192.0,705.8,530.5
MDB,1/3/2023,378.0,380.0,371.0,373.0,-0.53,12081.0,705.8,530.5
MDB,1/4/2023,379.0,385.0,370.1,383.0,2.68,11972.0,705.8,530.5
MDB,1/5/2023,387.0,398.0,380.0,390.1,1.85,26382.0,705.8,530.5
MDB,1/8/2023,395.0,403.0,387.2,400.0,2.54,70406.0,705.8,530.5
MDB,1/9/2023,400.0,436.0,400.0,425.0,6.25,36344.0,705.8,530.5
MDB,1/10/2023,420.0,441.0,410.0,417.0,-1.88,69083.0,705.8,530.5
MDB,1/12/2023,425.0,425.0,396.0,396.0,-5.04,42934.0,705.8,530.5
MDB,1/17/2023,400.0,412.0,393.0,407.0,2.78,26393.0,705.8,530.5
MDB,1/18/2023,415.0,419.9,400.2,403.0,-0.98,25988.0,705.8,530.5
MDB,1/19/2023,410.0,419.2,403.1,408.0,1.24,7776.0,705.8,530.5
MDB,1/23/2023,400.1,415.0,400.0,405.9,-0.51,18785.0,705.8,530.5
MDB,1/24/2023,397.8,404.0,396.1,403.0,-0.71,8151.0,705.8,530.5
MDB,1/25/2023,410.9,415.0,403.0,405.5,0.62,10120.0,705.8,530.5
MDB,1/26/2023,405.5,412.0,400.3,405.0,-0.12,5816.0,705.8,530.5
MDB,1/29/2023,409.9,413.0,395.0,395.0,-2.47,10292.0,705.8,530.5
MDB,1/30/2023,402.9,405.0,379.0,379.0,-4.05,18459.0,705.8,530.5
MDB,1/31/2023,381.0,390.5,378.0,387.0,2.11,10061.0,705.8,530.5
MDB,2/1/2023,385.0,388.0,381.0,381.0,-1.55,8033.0,705.8,530.5
MDB,2/2/2023,385.0,387.0,378.0,379.0,-0.52,14829.0,705.8,530.5
MDB,2/5/2023,379.0,387.5,377.0,385.0,1.58,9180.0,705.8,530.5
MDB,2/6/2023,380.0,385.0,378.1,382.0,-0.78,5865.0,705.8,530.5
MDB,2/7/2023,388.0,402.9,383.0,401.1,5.0,12776.0,705.8,530.5
MDB,2/8/2023,409.0,411.0,396.0,396.0,-1.27,6851.0,705.8,530.5
MDB,2/9/2023,390.1,398.9,390.1,398.0,0.51,5678.0,705.8,530.5
MDB,2/12/2023,390.1,392.9,382.3,383.0,-3.77,11477.0,705.8,530.5
MDB,2/14/2023,388.0,388.0,378.0,383.9,0.23,8745.0,705.8,530.5
MDB,2/15/2023,391.0,391.0,376.4,376.4,-1.95,11394.0,705.8,530.5
MDB,2/16/2023,383.8,383.8,377.1,378.1,0.45,3629.0,705.8,530.5
MDB,2/20/2023,376.3,382.0,375.0,379.8,0.45,5655.0,705.8,530.5
MDB,2/22/2023,383.0,394.7,378.0,385.0,1.37,3551.0,705.8,530.5
MDB,2/23/2023,381.5,385.0,376.0,380.0,-1.3,7846.0,705.8,530.5
MDB,2/26/2023,375.0,392.0,367.5,380.0,0.0,9278.0,705.8,530.5
MDB,2/27/2023,387.6,387.6,367.0,377.0,-0.79,13360.0,705.8,530.5
MDB,2/28/2023,384.5,384.5,374.0,374.1,-0.77,2557.0,705.8,530.5
MDB,3/1/2023,371.0,379.0,371.0,373.2,-0.24,1415.0,705.8,530.5
MDB,3/2/2023,371.0,375.0,371.0,371.1,-0.56,3966.0,705.8,530.5
MDB,3/5/2023,371.0,371.0,360.0,362.0,-2.45,11063.0,705.8,530.5
MDB,3/7/2023,369.0,369.2,361.0,361.0,-0.28,3795.0,705.8,530.5
MDB,3/9/2023,368.0,374.0,368.0,373.0,3.32,5027.0,705.8,530.5
MDB,3/12/2023,379.9,379.9,370.0,370.0,-0.8,12061.0,705.8,530.5
MDB,3/13/2023,366.1,368.0,358.0,362.9,-1.92,12508.0,705.8,530.5
MDB,3/14/2023,360.0,366.0,355.0,358.0,-1.35,15131.0,705.8,530.5
MDB,3/15/2023,358.0,359.0,352.0,356.0,-0.56,7732.0,705.8,530.5
MDB,3/16/2023,363.0,363.0,356.0,357.1,0.31,5535.0,705.8,530.5
MDB,3/19/2023,359.0,364.2,355.1,361.0,1.09,15242.0,705.8,530.5
MDB,3/20/2023,367.0,368.0,363.1,367.8,1.88,2310.0,705.8,530.5
MDB,3/22/2023,373.0,373.0,360.5,365.0,-0.76,2792.0,705.8,530.5
MDB,3/23/2023,358.9,368.0,358.0,368.0,0.82,12324.0,705.8,530.5
MDB,3/26/2023,361.1,368.0,361.0,367.0,-0.27,14202.0,705.8,530.5
MDB,3/27/2023,370.0,381.0,363.0,377.0,2.72,17687.0,705.8,530.5
MDB,3/28/2023,380.0,381.9,368.6,368.9,-2.15,8895.0,705.8,530.5
MDB,3/29/2023,361.6,380.9,361.6,374.9,1.63,3608.0,705.8,530.5
MDB,3/30/2023,379.7,379.7,368.3,375.1,0.05,1458.0,705.8,530.5
MDB,4/2/2023,376.0,376.0,371.0,375.0,-0.03,9994.0,705.8,530.5
MDB,4/3/2023,367.5,369.0,362.2,369.0,-1.6,4001.0,705.8,530.5
MDB,4/4/2023,369.5,369.5,362.2,369.0,0.0,850.0,705.8,530.5
MDB,4/5/2023,363.0,370.0,363.0,366.0,-0.81,472.0,705.8,530.5
MDB,4/6/2023,359.1,366.1,359.0,359.0,-1.91,3306.0,705.8,530.5
MDB,4/9/2023,356.1,358.0,353.0,353.0,-1.67,4088.0,705.8,530.5
MDB,4/10/2023,353.0,359.9,353.0,359.8,1.93,852.0,705.8,530.5
MDB,4/11/2023,364.9,366.9,352.9,362.0,0.61,6375.0,705.8,530.5
MDB,4/12/2023,368.0,379.0,368.0,378.9,4.67,2483.0,705.8,530.5
MDB,4/13/2023,373.0,380.0,366.1,366.1,-3.38,4240.0,705.8,530.5
MDB,4/16/2023,373.0,373.0,362.0,363.5,-0.71,508.0,705.8,530.5
MDB,4/17/2023,360.0,365.0,360.0,360.0,-0.96,1513.0,705.8,530.5
MDB,4/18/2023,355.0,374.8,355.0,374.0,3.89,10832.0,705.8,530.5
MDB,4/19/2023,366.6,373.7,363.0,373.7,-0.08,295.0,705.8,530.5
MDB,4/20/2023,369.0,375.0,364.1,365.1,-2.3,2958.0,705.8,530.5
MDB,4/23/2023,364.0,370.9,361.2,370.9,1.59,2532.0,705.8,530.5
MDB,4/24/2023,374.6,374.6,364.0,365.1,-1.56,4238.0,705.8,530.5
MDB,4/25/2023,370.0,370.0,365.0,367.0,0.52,555.0,705.8,530.5
MDB,4/26/2023,374.0,374.3,365.0,366.1,-0.25,1532.0,705.8,530.5
MDB,4/27/2023,366.0,369.0,366.0,366.1,0.0,858.0,705.8,530.5
MDB,4/30/2023,370.0,370.0,358.0,359.0,-1.94,1614.0,705.8,530.5
MDB,5/2/2023,365.0,365.0,352.1,353.1,-1.64,1844.0,705.8,530.5
MDB,5/3/2023,360.0,360.0,350.3,350.3,-0.79,915.0,705.8,530.5
MDB,5/4/2023,357.3,367.0,357.3,362.0,3.34,360.0,705.8,530.5
MDB,5/7/2023,358.0,363.0,358.0,361.5,-0.14,2324.0,705.8,530.5
MDB,5/8/2023,361.0,361.0,357.1,357.2,-1.19,2892.0,705.8,530.5
MDB,5/9/2023,364.3,364.3,355.2,356.1,-0.31,1367.0,705.8,530.5
MDB,5/10/2023,360.0,363.1,360.0,360.0,1.1,236.0,705.8,530.5
MDB,5/11/2023,360.0,360.0,357.0,357.0,-0.83,6044.0,705.8,530.5
MDB,5/14/2023,353.0,359.0,352.0,359.0,0.56,867.0,705.8,530.5
MDB,5/15/2023,359.9,364.0,357.0,360.0,0.28,2488.0,705.8,530.5
MDB,5/16/2023,362.0,364.0,359.0,364.0,1.11,632.0,705.8,530.5
MDB,5/17/2023,365.0,370.0,364.0,370.0,1.65,3262.0,705.8,530.5
MDB,5/18/2023,370.0,382.0,365.1,375.1,1.38,7928.0,705.8,530.5
MDB,5/21/2023,370.0,385.0,370.0,375.0,-0.03,10339.0,705.8,530.5
MDB,5/22/2023,373.0,380.0,371.2,377.5,0.67,2472.0,705.8,530.5
MDB,5/23/2023,384.0,387.4,379.0,387.4,2.62,7259.0,705.8,530.5
MDB,5/24/2023,394.9,394.9,381.4,387.0,-0.1,7297.0,705.8,530.5
MDB,5/28/2023,387.0,393.9,380.1,380.1,-1.78,26950.0,705.8,530.5
MDB,5/30/2023,375.0,375.0,370.0,371.0,-2.39,5065.0,705.8,530.5
MDB,5/31/2023,365.0,377.0,359.1,366.0,-1.35,5615.0,705.8,530.5
MDB,6/1/2023,369.0,370.0,360.1,366.0,0.0,28362.0,705.8,530.5
MDB,6/4/2023,373.0,380.0,370.0,375.0,2.46,3444.0,705.8,530.5
MDB,6/5/2023,381.0,381.0,373.2,373.2,-0.48,12941.0,705.8,530.5
MDB,6/6/2023,380.0,380.0,366.0,372.3,-0.24,1677.0,705.8,530.5
MDB,6/7/2023,372.1,378.0,372.1,374.0,0.46,2229.0,705.8,530.5
MDB,6/8/2023,367.3,378.0,367.3,375.5,0.4,3645.0,705.8,530.5
MDB,6/11/2023,379.0,392.0,379.0,391.5,4.26,22306.0,705.8,530.5
MDB,6/12/2023,392.0,395.9,378.1,386.0,-1.4,10012.0,705.8,530.5
MDB,6/13/2023,390.9,393.7,382.0,385.3,-0.18,12701.0,705.8,530.5
MDB,6/14/2023,379.5,395.0,379.5,390.0,1.22,19095.0,705.8,530.5
MDB,6/15/2023,390.0,390.0,377.0,388.8,-0.31,11526.0,705.8,530.5
MDB,6/18/2023,384.5,393.0,382.0,392.0,0.82,22451.0,705.8,530.5
MDB,6/19/2023,388.1,410.0,388.1,400.0,2.04,36867.0,705.8,530.5
MDB,6/20/2023,408.0,414.0,395.0,396.9,-0.78,39632.0,705.8,530.5
MDB,6/21/2023,397.0,401.0,390.2,391.0,-1.49,8586.0,705.8,530.5
MDB,6/22/2023,391.7,395.0,383.0,389.8,-0.31,6208.0,705.8,530.5
MDB,6/25/2023,390.5,414.0,388.0,408.9,4.9,28288.0,705.8,530.5
MDB,6/26/2023,411.0,419.9,406.2,418.8,2.42,34109.0,705.8,530.5
MDB,6/27/2023,418.0,432.0,415.1,430.0,2.67,34959.0,705.8,530.5
MDB,6/28/2023,434.0,434.0,410.0,416.0,-3.26,16814.0,705.8,530.5
MDB,7/2/2023,415.0,415.0,399.0,409.0,-1.68,17189.0,705.8,530.5
MDB,7/3/2023,403.0,414.0,400.0,404.9,-1.0,11245.0,705.8,530.5
MDB,7/4/2023,412.9,421.0,397.0,403.0,-0.47,10951.0,705.8,530.5
MDB,7/5/2023,396.1,410.0,395.0,395.0,-1.99,13144.0,705.8,530.5
MDB,7/6/2023,400.0,400.0,392.0,396.0,0.25,7753.0,705.8,530.5
MDB,7/9/2023,396.0,406.0,394.6,401.0,1.26,18388.0,705.8,530.5
MDB,7/10/2023,409.0,409.0,390.0,395.0,-1.5,12290.0,705.8,530.5
MDB,7/11/2023,398.8,416.7,398.6,409.9,3.77,25701.0,705.8,530.5
MDB,7/12/2023,418.0,418.0,409.8,413.0,0.76,13776.0,705.8,530.5
MDB,7/13/2023,419.5,421.2,402.0,403.0,-2.42,21359.0,705.8,530.5
MDB,7/16/2023,400.5,410.0,395.1,404.1,0.27,16883.0,705.8,530.5
MDB,7/17/2023,408.0,420.0,403.0,420.0,3.93,4705.0,705.8,530.5
MDB,7/18/2023,425.0,426.9,409.0,417.0,-0.71,21086.0,705.8,530.5
MDB,7/19/2023,419.0,420.0,412.1,417.7,0.17,7992.0,705.8,530.5
MDB,7/20/2023,418.0,419.0,413.0,417.9,0.05,7604.0,705.8,530.5
MDB,7/23/2023,418.9,432.0,418.9,428.1,2.44,30164.0,705.8,530.5
MDB,7/24/2023,428.0,436.0,412.0,413.0,-3.53,27199.0,705.8,530.5
MDB,7/25/2023,410.3,415.0,409.0,410.0,-0.73,7057.0,705.8,530.5
MDB,7/26/2023,403.3,415.0,403.3,406.2,-0.93,10149.0,705.8,530.5
MDB,7/27/2023,405.0,413.0,402.0,406.0,-0.05,8114.0,705.8,530.5
MDB,7/30/2023,403.0,404.0,394.0,399.8,-1.53,7771.0,705.8,530.5
MDB,7/31/2023,405.0,411.9,402.1,409.0,2.3,7054.0,705.8,530.5
MDB,8/1/2023,410.0,410.0,397.2,397.2,-2.89,2742.0,705.8,530.5
MDB,8/2/2023,400.0,403.6,400.0,400.0,0.7,1850.0,705.8,530.5
MDB,8/3/2023,407.0,408.0,396.1,396.1,-0.97,4495.0,705.8,530.5
MDB,8/6/2023,404.0,410.9,388.0,393.0,-0.78,13275.0,705.8,530.5
MDB,8/7/2023,392.0,402.0,388.2,393.1,0.03,4837.0,705.8,530.5
MDB,8/8/2023,400.0,400.0,388.0,388.2,-1.25,6465.0,705.8,530.5
MDB,8/9/2023,390.0,404.0,388.0,403.0,3.81,8731.0,705.8,530.5
MDB,8/10/2023,405.0,405.0,396.0,402.0,-0.25,4411.0,705.8,530.5
MDB,8/13/2023,404.0,405.0,400.0,402.0,0.0,8438.0,705.8,530.5
MDB,8/14/2023,409.0,409.0,397.0,402.0,0.0,9136.0,705.8,530.5
MDB,8/15/2023,400.0,405.0,392.0,392.1,-2.46,12733.0,705.8,530.5
MDB,8/16/2023,391.0,395.0,390.0,390.0,-0.54,3412.0,705.8,530.5
MDB,8/17/2023,397.8,405.0,392.0,400.8,2.77,8546.0,705.8,530.5
MDB,8/20/2023,400.0,406.0,395.5,397.0,-0.95,5585.0,705.8,530.5
MDB,8/21/2023,391.0,411.9,391.0,395.0,-0.5,6099.0,705.8,530.5
MDB,8/22/2023,395.0,402.5,394.1,402.4,1.87,6990.0,705.8,530.5
MDB,8/23/2023,407.0,408.6,403.0,405.0,0.65,11703.0,705.8,530.5
MDB,8/24/2023,405.0,408.5,399.1,403.0,-0.49,24166.0,705.8,530.5
MDB,8/27/2023,402.8,402.8,397.1,397.1,-1.46,7678.0,705.8,530.5
MDB,8/28/2023,400.0,406.0,397.0,402.5,1.36,7455.0,705.8,530.5
MDB,8/29/2023,396.0,403.0,396.0,401.0,-0.37,2706.0,705.8,530.5
MDB,8/30/2023,401.0,402.0,398.3,398.3,-0.67,2905.0,705.8,530.5
MDB,9/3/2023,395.0,400.0,380.0,394.0,-1.08,9428.0,705.8,530.5
MDB,9/4/2023,390.0,399.0,388.3,399.0,1.27,2675.0,705.8,530.5
MDB,9/5/2023,395.2,399.0,395.2,397.0,-0.5,3282.0,705.8,530.5
MDB,9/7/2023,394.0,394.0,391.1,392.0,-1.26,2646.0,705.8,530.5
MDB,9/10/2023,390.0,403.0,390.0,400.9,2.27,3803.0,705.8,530.5
MDB,9/11/2023,403.0,405.0,402.0,405.0,1.02,6760.0,705.8,530.5
MDB,9/12/2023,398.0,413.0,398.0,401.9,-0.77,4250.0,705.8,530.5
MDB,9/13/2023,403.0,415.0,400.2,414.9,3.23,7916.0,705.8,530.5
MDB,9/17/2023,415.0,415.0,399.0,399.0,-3.83,6469.0,705.8,530.5
MDB,9/18/2023,403.8,410.0,403.8,410.0,2.76,4879.0,705.8,530.5
MDB,9/19/2023,418.2,418.2,402.9,411.0,0.24,5232.0,705.8,530.5
MDB,9/21/2023,419.2,425.0,415.0,420.0,2.19,9958.0,705.8,530.5
MDB,9/24/2023,428.4,428.4,412.6,412.6,-1.76,12703.0,705.8,530.5
MDB,9/25/2023,418.0,418.0,414.0,417.0,1.07,5784.0,705.8,530.5
MDB,9/26/2023,414.1,425.0,414.1,425.0,1.92,7593.0,705.8,530.5
MDB,9/27/2023,418.0,419.1,415.0,418.0,-1.65,5957.0,705.8,530.5
MDB,10/1/2023,411.0,411.2,407.0,408.0,-2.39,5718.0,705.8,530.5
MDB,10/2/2023,400.6,415.0,400.6,415.0,1.72,1173.0,705.8,530.5
MDB,10/3/2023,412.0,412.0,405.0,407.0,-1.93,3152.0,705.8,530.5
MDB,10/4/2023,413.0,415.0,407.1,410.0,0.74,963.0,705.8,530.5
MDB,10/5/2023,410.0,411.0,407.1,407.1,-0.71,1918.0,705.8,530.5
MDB,10/8/2023,401.0,403.0,398.0,402.7,-1.08,6899.0,705.8,530.5
MDB,10/9/2023,410.7,410.7,395.1,398.0,-1.17,6586.0,705.8,530.5
MDB,10/10/2023,396.2,402.0,396.2,398.4,0.1,8481.0,705.8,530.5
MDB,10/11/2023,400.0,405.5,400.0,400.0,0.4,1073.0,705.8,530.5
MDB,10/12/2023,400.0,404.0,392.0,398.5,-0.38,7782.0,705.8,530.5
MDB,10/16/2023,393.1,398.9,387.0,394.0,-1.13,6302.0,705.8,530.5
MDB,10/17/2023,401.0,401.0,393.5,398.0,1.02,3238.0,705.8,530.5
MDB,10/18/2023,405.9,405.9,397.2,404.0,1.51,3131.0,705.8,530.5
MDB,10/19/2023,402.0,407.0,397.0,406.0,0.5,1715.0,705.8,530.5
MDB,10/29/2023,398.1,404.9,392.1,397.0,-2.22,1176.0,705.8,530.5
MDB,10/30/2023,390.0,402.0,390.0,402.0,1.26,1331.0,705.8,530.5
MDB,10/31/2023,402.0,402.0,396.0,397.0,-1.24,286.0,705.8,530.5
MDB,11/1/2023,402.2,402.2,394.2,401.0,1.01,2149.0,705.8,530.5
MDB,11/2/2023,394.1,399.0,390.0,399.0,-0.5,3043.0,705.8,530.5
MDB,11/5/2023,391.1,396.0,385.0,385.0,-3.51,3943.0,705.8,530.5
MDB,11/6/2023,385.0,392.9,380.1,392.9,2.05,2879.0,705.8,530.5
MDB,11/7/2023,390.1,392.0,385.0,385.1,-1.99,7090.0,705.8,530.5
MDB,11/8/2023,392.0,392.4,385.1,392.3,1.87,5285.0,705.8,530.5
MDB,11/9/2023,400.0,400.0,385.0,390.0,-0.59,4914.0,705.8,530.5
MDB,11/20/2023,395.0,402.0,390.0,402.0,3.08,7697.0,705.8,530.5
MDB,11/21/2023,401.6,401.6,390.0,396.9,-1.27,657.0,705.8,530.5
MDB,11/22/2023,392.0,396.2,389.0,389.0,-1.99,1575.0,705.8,530.5
MDB,11/23/2023,386.2,394.8,381.5,385.0,-1.03,9227.0,705.8,530.5
MDB,11/26/2023,392.1,420.0,385.2,420.0,9.09,11825.0,705.8,530.5
MDB,11/27/2023,413.5,421.0,406.0,421.0,0.24,18971.0,705.8,530.5
MDB,11/28/2023,424.0,424.0,400.0,409.9,-2.64,6012.0,705.8,530.5
MDB,11/29/2023,402.0,402.0,394.1,395.0,-3.64,4196.0,705.8,530.5
MDB,11/30/2023,390.0,395.0,390.0,393.8,-0.3,1998.0,705.8,530.5
MDB,12/3/2023,393.0,399.8,391.0,399.8,1.52,709.0,705.8,530.5
MDB,12/4/2023,399.0,399.0,392.0,392.0,-1.95,1206.0,705.8,530.5
MDB,12/5/2023,399.8,399.8,393.0,396.0,1.02,550.0,705.8,530.5
MDB,12/6/2023,398.0,399.5,393.5,398.0,0.51,1234.0,705.8,530.5
MDB,12/7/2023,398.0,404.5,398.0,399.2,0.3,2026.0,705.8,530.5
MDB,12/10/2023,407.1,425.0,407.1,425.0,6.46,1064.0,705.8,530.5
MDB,12/11/2023,428.0,428.0,404.0,412.9,-2.85,13047.0,705.8,530.5
MDB,12/12/2023,412.0,423.0,405.7,420.0,1.72,27211.0,705.8,530.5
MDB,12/13/2023,426.9,428.0,421.0,428.0,1.9,29946.0,705.8,530.5
MDB,12/14/2023,387.0,413.1,386.2,398.2,-6.96,18242.0,705.8,530.5
MDB,12/17/2023,398.2,406.1,395.0,403.4,1.31,17982.0,705.8,530.5
MDB,12/18/2023,403.3,421.0,403.3,408.5,1.26,19423.0,705.8,530.5
MDB,12/19/2023,414.0,414.0,401.1,413.0,1.1,11513.0,705.8,530.5
MDB,12/20/2023,410.0,421.1,410.0,417.0,0.97,11522.0,705.8,530.5
MDB,12/21/2023,409.0,419.9,401.0,404.0,-3.12,20915.0,705.8,530.5
MDB,12/24/2023,406.0,406.0,393.0,393.4,-2.62,10239.0,705.8,530.5
MDB,12/27/2023,395.0,399.5,385.6,395.0,0.41,9116.0,705.8,530.5
MDB,12/28/2023,395.0,404.9,388.0,392.1,-0.73,11445.0,705.8,530.5
MDB,1/1/2024,395.0,402.9,381.8,381.8,-2.63,10801.0,705.8,530.5
MDB,1/2/2024,389.3,394.9,384.0,385.3,0.92,6054.0,705.8,530.5
MDB,1/3/2024,386.1,390.9,383.3,384.1,-0.31,5367.0,705.8,530.5
MDB,1/4/2024,382.0,390.4,380.1,390.0,1.54,7292.0,705.8,530.5
MDB,1/7/2024,394.9,395.0,383.0,385.0,-1.28,5328.0,705.8,530.5
MDB,1/8/2024,379.0,406.9,379.0,390.0,1.3,17687.0,705.8,530.5
MDB,1/9/2024,392.1,429.0,392.1,411.0,5.38,30885.0,705.8,530.5
MDB,1/10/2024,418.0,427.0,408.0,417.8,1.65,32481.0,705.8,530.5
MDB,1/11/2024,424.9,425.0,405.0,415.0,-0.67,9417.0,705.8,530.5
MDB,1/14/2024,422.9,422.9,410.0,415.0,0.0,16911.0,705.8,530.5
MDB,1/16/2024,423.3,426.9,418.0,426.0,2.65,23036.0,705.8,530.5
MDB,1/17/2024,434.5,449.8,423.0,427.9,0.45,89902.0,705.8,530.5
MDB,1/18/2024,424.1,438.6,420.0,430.0,0.49,33064.0,705.8,530.5
MDB,1/21/2024,428.0,432.0,421.1,428.0,-0.47,27808.0,705.8,530.5
MDB,1/22/2024,432.0,436.5,410.0,425.9,-0.49,24986.0,705.8,530.5
MDB,1/23/2024,426.0,430.0,417.0,424.0,-0.45,8726.0,705.8,530.5
MDB,1/24/2024,415.7,419.0,410.1,414.0,-2.36,10790.0,705.8,530.5
MDB,1/25/2024,415.0,421.0,408.0,412.6,-0.34,17751.0,705.8,530.5
MDB,1/28/2024,412.0,423.0,412.0,422.0,2.28,3475.0,705.8,530.5
MDB,1/29/2024,422.0,425.6,409.4,416.0,-1.42,44431.0,705.8,530.5
MDB,1/30/2024,423.1,423.1,412.7,418.9,0.7,2890.0,705.8,530.5
MDB,1/31/2024,427.0,435.4,410.6,415.0,-0.93,8939.0,705.8,530.5
MDB,2/1/2024,407.7,414.5,406.7,408.8,-1.49,5927.0,705.8,530.5
MDB,2/4/2024,401.0,417.1,401.0,413.0,1.03,13261.0,705.8,530.5
MDB,2/5/2024,421.2,421.2,407.0,417.5,1.09,4105.0,705.8,530.5
MDB,2/6/2024,425.0,425.0,409.1,418.0,0.12,3657.0,705.8,530.5
MDB,2/7/2024,425.0,425.0,409.1,420.0,0.48,1493.0,705.8,530.5
MDB,2/8/2024,420.0,424.8,412.0,423.0,0.71,9556.0,705.8,530.5
MDB,2/11/2024,417.0,422.0,415.0,415.0,-1.89,6201.0,705.8,530.5
MDB,2/12/2024,420.0,420.0,409.1,416.0,0.24,2789.0,705.8,530.5
MDB,2/13/2024,418.6,418.6,405.0,413.0,-0.72,3519.0,705.8,530.5
MDB,2/14/2024,408.3,429.0,408.3,420.0,1.69,6278.0,705.8,530.5
MDB,2/15/2024,420.0,420.0,408.1,410.0,-2.38,15366.0,705.8,530.5
MDB,2/18/2024,402.0,407.5,401.8,403.0,-1.71,9522.0,705.8,530.5
MDB,2/20/2024,400.0,409.9,399.0,405.0,0.5,5026.0,705.8,530.5
MDB,2/21/2024,405.0,408.0,398.1,400.9,-1.01,14073.0,705.8,530.5
MDB,2/22/2024,406.7,406.7,393.0,393.0,-1.97,11811.0,705.8,530.5
MDB,2/25/2024,395.0,395.7,385.5,392.5,-0.13,6036.0,705.8,530.5
MDB,2/26/2024,392.0,394.0,386.0,391.0,-0.38,5266.0,705.8,530.5
MDB,2/27/2024,396.0,396.0,388.1,395.0,1.02,5739.0,705.8,530.5
MDB,2/28/2024,388.1,400.0,388.0,390.0,-1.27,5100.0,705.8,530.5
MDB,2/29/2024,386.5,390.0,380.0,389.0,-0.26,10953.0,705.8,530.5
MDB,3/3/2024,381.3,389.0,375.0,388.0,-0.26,2976.0,705.8,530.5
MDB,3/4/2024,395.7,395.7,395.7,395.7,1.98,10.0,705.8,530.5
MDB,3/5/2024,403.6,407.9,390.0,399.7,1.01,15145.0,705.8,530.5
MDB,3/6/2024,393.0,409.0,388.2,392.1,-1.9,13653.0,705.8,530.5
MDB,3/7/2024,399.8,407.8,393.0,394.1,0.51,1607.0,705.8,530.5
MDB,3/10/2024,400.0,401.0,395.0,397.1,0.76,6508.0,705.8,530.5
MDB,3/12/2024,395.0,406.0,395.0,403.0,1.49,6442.0,705.8,530.5
MDB,3/13/2024,410.0,422.0,402.3,420.0,4.22,37286.0,705.8,530.5
MDB,3/14/2024,428.0,428.0,412.1,418.5,-0.36,24147.0,705.8,530.5
MDB,3/17/2024,411.0,428.0,411.0,423.9,1.29,27247.0,705.8,530.5
MDB,3/18/2024,417.0,438.6,414.0,435.0,2.62,88264.0,705.8,530.5
MDB,3/19/2024,432.0,440.0,424.0,425.8,-2.11,33824.0,705.8,530.5
MDB,3/20/2024,430.0,433.0,419.2,419.2,-1.55,9950.0,705.8,530.5
MDB,3/21/2024,410.9,427.5,402.7,422.0,0.67,25685.0,705.8,530.5
MDB,3/25/2024,414.1,430.0,414.1,426.8,1.14,37292.0,705.8,530.5
MDB,3/26/2024,418.3,430.7,418.3,424.0,-0.66,23474.0,705.8,530.5
MDB,3/27/2024,431.0,431.0,420.0,424.8,0.19,17406.0,705.8,530.5
MDB,3/28/2024,424.0,430.0,423.0,425.1,0.07,15766.0,705.8,530.5
MDB,3/31/2024,429.0,434.8,421.0,424.0,-0.26,35418.0,705.8,530.5
MDB,4/1/2024,432.0,432.0,423.1,428.0,0.94,14773.0,705.8,530.5
MDB,4/2/2024,431.6,431.6,421.0,423.0,-1.17,16450.0,705.8,530.5
MDB,4/3/2024,428.9,428.9,422.1,424.0,0.24,22560.0,705.8,530.5
MDB,4/4/2024,429.0,429.0,420.0,420.0,-0.94,17197.0,705.8,530.5
MDB,4/7/2024,428.4,433.0,412.6,429.9,2.36,41104.0,705.8,530.5
MDB,4/9/2024,435.0,438.0,428.0,433.0,0.72,56180.0,705.8,530.5
MDB,4/10/2024,438.9,438.9,428.7,428.7,-0.99,26314.0,705.8,530.5
MDB,4/14/2024,434.0,434.0,427.0,427.0,-0.4,31042.0,705.8,530.5
MDB,4/15/2024,421.5,435.0,421.5,423.1,-0.91,13059.0,705.8,530.5
MDB,4/16/2024,422.5,429.8,416.3,421.0,-0.5,17970.0,705.8,530.5
MDB,4/18/2024,414.7,424.5,414.7,419.1,-0.45,14656.0,705.8,530.5
MDB,4/21/2024,414.0,426.3,414.0,424.7,1.34,10152.0,705.8,530.5
MDB,4/22/2024,418.0,428.0,418.0,423.0,-0.4,14458.0,705.8,530.5
MDB,4/24/2024,415.0,429.9,415.0,427.0,0.95,31493.0,705.8,530.5
MDB,4/25/2024,425.0,431.9,420.1,428.0,0.23,17026.0,705.8,530.5
MDB,4/28/2024,429.4,443.0,428.5,435.5,1.75,41659.0,705.8,530.5
MDB,4/29/2024,435.5,468.0,435.0,454.5,4.36,122621.0,705.8,530.5
MDB,4/30/2024,463.5,480.0,453.8,463.0,1.87,153168.0,705.8,530.5
MDB,5/2/2024,469.9,472.0,445.0,452.0,-2.38,50740.0,705.8,530.5
MDB,5/5/2024,455.0,455.0,439.2,440.0,-2.65,73559.0,705.8,530.5
MDB,5/6/2024,444.0,457.7,440.0,443.0,0.68,30629.0,705.8,530.5
MDB,5/7/2024,450.0,455.0,441.0,448.0,1.13,44461.0,705.8,530.5
MDB,5/8/2024,452.0,457.9,443.0,453.5,1.23,47152.0,705.8,530.5
MDB,5/9/2024,459.9,460.0,449.0,451.0,-0.55,25333.0,705.8,530.5
MDB,5/12/2024,460.0,472.0,453.0,464.0,2.88,119457.0,705.8,530.5
MDB,5/13/2024,473.0,473.0,460.0,465.0,0.22,33170.0,705.8,530.5
MDB,5/14/2024,463.0,490.0,460.0,474.9,2.13,79052.0,705.8,530.5
MDB,5/15/2024,475.0,480.0,471.2,475.0,0.02,48856.0,705.8,530.5
MDB,5/16/2024,472.0,502.8,469.2,486.6,2.44,112929.0,705.8,530.5
MDB,5/19/2024,476.9,503.5,476.9,494.0,1.52,81828.0,705.8,530.5
MDB,5/20/2024,500.0,500.0,483.2,488.0,-1.21,50153.0,705.8,530.5
MDB,5/21/2024,495.0,500.0,478.0,492.5,0.92,37493.0,705.8,530.5
MDB,5/22/2024,494.9,495.0,484.0,489.0,-0.71,21143.0,705.8,530.5
MDB,5/26/2024,479.3,490.0,470.0,477.1,-2.43,74385.0,705.8,530.5
MDB,5/27/2024,485.0,495.0,480.0,487.0,2.08,40624.0,705.8,530.5
MDB,5/29/2024,496.7,496.7,479.0,485.0,-0.41,32324.0,705.8,530.5
MDB,5/30/2024,480.0,485.0,477.3,480.0,-1.03,26289.0,705.8,530.5
MDB,6/2/2024,488.5,495.0,476.8,479.9,-0.02,13308.0,705.8,530.5
MDB,6/3/2024,480.0,490.0,475.0,484.0,0.85,26708.0,705.8,530.5
MDB,6/4/2024,493.0,493.0,476.1,483.0,-0.21,13062.0,705.8,530.5
MDB,6/5/2024,485.0,489.1,477.9,488.0,1.04,23527.0,705.8,530.5
MDB,6/6/2024,480.1,488.0,477.4,477.9,-2.07,14531.0,705.8,530.5
MDB,6/9/2024,484.0,490.0,478.1,482.3,0.92,39753.0,705.8,530.5
MDB,6/10/2024,481.1,490.0,480.0,482.0,-0.06,19479.0,705.8,530.5
MDB,6/11/2024,483.1,494.0,482.0,492.5,2.18,37984.0,705.8,530.5
MDB,6/12/2024,492.0,496.0,485.0,489.0,-0.71,17076.0,705.8,530.5
MDB,6/13/2024,482.0,520.0,482.0,508.9,4.07,102761.0,705.8,530.5
MDB,6/16/2024,508.0,516.0,495.0,498.9,-1.97,36485.0,705.8,530.5
MDB,6/18/2024,495.0,504.9,487.0,494.8,-0.82,20636.0,705.8,530.5
MDB,6/19/2024,487.8,495.0,483.0,488.0,-1.37,19761.0,705.8,530.5
MDB,6/20/2024,494.0,494.0,481.0,481.0,-1.43,22747.0,705.8,530.5
MDB,6/23/2024,484.0,490.0,480.0,485.0,0.83,12486.0,705.8,530.5
MDB,6/24/2024,485.0,500.0,482.0,493.0,1.65,26881.0,705.8,530.5
MDB,6/25/2024,500.0,511.0,483.2,490.0,-0.61,55921.0,705.8,530.5
MDB,6/26/2024,491.0,507.9,487.0,507.4,3.55,67213.0,705.8,530.5
MDB,6/27/2024,508.0,515.0,498.1,503.0,-0.87,37611.0,705.8,530.5
MDB,6/30/2024,495.1,503.0,492.4,492.6,-2.07,33791.0,705.8,530.5
MDB,7/1/2024,502.4,502.4,490.2,497.0,0.89,16241.0,705.8,530.5
MDB,7/2/2024,506.9,527.3,498.0,512.0,3.02,49923.0,705.8,530.5
MDB,7/3/2024,515.0,548.0,505.1,546.0,6.64,145468.0,705.8,530.5
MDB,7/4/2024,549.2,575.0,547.1,562.9,3.1,87252.0,705.8,530.5
MDB,7/7/2024,574.1,574.1,545.0,557.0,-1.05,83433.0,705.8,530.5
MDB,7/8/2024,550.1,560.0,541.0,560.0,0.54,62725.0,705.8,530.5
MDB,7/9/2024,548.8,592.0,548.8,564.9,0.88,102831.0,705.8,530.5
MDB,7/10/2024,553.7,587.4,549.0,558.0,-1.22,82756.0,705.8,530.5
MDB,7/11/2024,546.9,580.2,545.0,549.0,-1.61,95701.0,705.8,530.5
MDB,7/14/2024,559.0,582.4,549.0,551.0,0.36,44102.0,705.8,530.5
MDB,7/15/2024,559.0,559.0,540.0,540.0,-2.0,33621.0,705.8,530.5
MDB,7/16/2024,550.0,591.0,531.0,588.0,8.89,97769.0,705.8,530.5
MDB,7/17/2024,599.7,618.0,575.0,600.0,2.04,95321.0,705.8,530.5
MDB,7/18/2024,588.0,620.0,585.0,595.9,-0.68,110187.0,705.8,530.5
MDB,7/21/2024,585.0,628.3,578.1,608.8,2.16,82076.0,705.8,530.5
MDB,7/22/2024,596.7,631.3,592.1,601.0,-1.28,77125.0,705.8,530.5
MDB,7/23/2024,595.0,643.7,595.0,643.7,7.1,128450.0,705.8,530.5
MDB,7/24/2024,630.9,694.0,617.0,693.0,7.66,229860.0,705.8,530.5
MDB,7/25/2024,679.2,679.2,635.0,640.0,-7.65,190757.0,705.8,530.5
MDB,7/28/2024,640.0,652.8,612.5,626.0,-2.19,126964.0,705.8,530.5
MDB,7/29/2024,638.5,638.5,605.0,605.5,-3.27,114129.0,705.8,530.5
MDB,7/30/2024,617.6,624.0,600.0,624.0,3.06,52954.0,705.8,530.5
MDB,7/31/2024,636.4,644.0,620.0,624.0,0.0,124578.0,705.8,530.5
MDB,8/1/2024,611.6,623.9,610.0,610.0,-2.24,81019.0,705.8,530.5
MDB,8/5/2024,606.3,620.0,601.3,614.9,0.8,78404.0,705.8,530.5
MDB,8/6/2024,627.1,635.0,600.1,614.0,-0.15,108909.0,705.8,530.5
MDB,8/7/2024,601.8,627.0,601.8,620.0,0.98,65177.0,705.8,530.5
MDB,8/8/2024,608.0,651.0,608.0,635.0,2.42,124576.0,705.8,530.5
MDB,8/11/2024,622.3,660.0,622.3,645.0,1.57,105977.0,705.8,530.5
MDB,8/12/2024,632.1,676.0,632.1,659.9,2.31,125501.0,705.8,530.5
MDB,8/13/2024,646.8,674.0,638.0,644.0,-2.41,85851.0,705.8,530.5
MDB,8/14/2024,650.0,662.0,635.0,649.1,0.79,89035.0,705.8,530.5
MDB,8/15/2024,636.2,675.0,636.2,665.0,2.45,143177.0,705.8,530.5
MDB,8/18/2024,677.0,700.0,666.1,677.0,1.8,178086.0,705.8,530.5
MDB,8/21/2024,690.5,720.0,676.3,709.0,4.73,156053.0,705.8,530.5
MDB,8/22/2024,700.0,753.0,700.0,730.0,2.96,123069.0,705.8,530.5
MDB,8/25/2024,715.4,755.8,688.0,697.1,-4.51,145841.0,705.8,530.5
MDB,8/27/2024,711.0,753.7,690.0,701.0,0.56,134314.0,705.8,530.5
MDB,8/28/2024,687.0,751.0,683.0,697.0,-0.57,86683.0,705.8,530.5
MDB,8/29/2024,683.1,765.0,670.0,752.0,7.89,181114.0,705.8,530.5
MDB,9/1/2024,737.0,786.0,699.0,781.0,3.86,165204.0,705.8,530.5
MDB,9/2/2024,765.4,812.2,706.0,805.0,3.07,259761.0,705.8,530.5
MDB,9/3/2024,821.1,821.1,727.7,744.9,-7.47,158598.0,705.8,530.5
MDB,9/4/2024,730.2,745.0,714.5,718.0,-3.61,157808.0,705.8,530.5
MDB,9/5/2024,703.7,770.0,690.0,733.0,2.09,112170.0,705.8,530.5
MDB,9/8/2024,718.4,744.0,704.1,710.0,-3.14,46419.0,705.8,530.5
MDB,9/9/2024,695.8,738.0,695.8,721.6,1.63,132642.0,705.8,530.5
MDB,9/10/2024,707.2,724.0,696.0,700.2,-2.97,50502.0,705.8,530.5
MDB,9/11/2024,686.2,737.0,686.2,718.0,2.54,98300.0,705.8,530.5
MDB,9/12/2024,703.7,745.0,703.7,724.0,0.84,96397.0,705.8,530.5
MDB,9/15/2024,709.6,758.0,689.0,698.9,-3.47,95318.0,705.8,530.5
MDB,9/16/2024,685.0,711.0,640.0,650.0,-7.0,78598.0,705.8,530.5
MDB,9/18/2024,637.0,674.0,636.0,658.0,1.23,51572.0,705.8,530.5
MDB,9/22/2024,644.9,705.0,640.0,645.0,-1.98,43737.0,705.8,530.5
MDB,9/23/2024,632.1,683.0,590.6,621.0,-3.72,62068.0,705.8,530.5
MDB,9/24/2024,608.6,640.0,591.0,594.9,-4.2,41340.0,705.8,530.5
MDB,9/25/2024,606.7,617.0,582.8,612.0,2.87,36204.0,705.8,530.5
MDB,9/26/2024,600.0,624.0,600.0,607.9,-0.67,16114.0,705.8,530.5
MDB,9/29/2024,608.0,609.0,590.0,605.0,-0.48,16438.0,705.8,530.5
MDB,9/30/2024,592.9,620.0,592.9,618.9,2.3,26548.0,705.8,530.5
MDB,10/1/2024,606.6,653.0,606.6,641.5,3.65,98091.0,705.8,530.5
MDB,10/2/2024,628.7,665.0,622.9,636.0,-0.86,68281.0,705.8,530.5
MDB,10/6/2024,623.3,644.0,623.3,644.0,1.26,33938.0,705.8,530.5
MDB,10/7/2024,631.2,707.0,631.2,653.0,1.4,64287.0,705.8,530.5
MDB,10/8/2024,640.0,678.0,635.0,640.0,-1.99,35745.0,705.8,530.5
MDB,10/9/2024,627.2,651.0,627.2,638.7,-0.2,12003.0,705.8,530.5
MDB,10/15/2024,626.0,689.0,626.0,653.1,2.25,21608.0,705.8,530.5
MDB,10/16/2024,640.1,718.0,640.1,665.0,1.82,41348.0,705.8,530.5
MDB,10/17/2024,655.0,681.0,652.1,662.0,-0.45,41064.0,705.8,530.5
MDB,10/20/2024,648.8,660.0,638.2,649.0,-1.96,51584.0,705.8,530.5
MDB,10/21/2024,636.1,712.0,630.1,636.0,-2.0,37566.0,705.8,530.5
MDB,10/22/2024,623.3,650.0,623.3,633.8,-0.35,21090.0,705.8,530.5
MDB,10/23/2024,621.2,655.0,621.2,630.0,-0.6,24597.0,705.8,530.5
MDB,10/24/2024,617.4,634.0,617.4,628.9,-0.17,26700.0,705.8,530.5
MDB,10/27/2024,616.4,631.4,616.4,624.8,-0.65,15988.0,705.8,530.5
MDB,10/28/2024,637.2,637.2,612.5,633.1,1.33,18210.0,705.8,530.5
MDB,10/29/2024,620.5,657.0,620.5,650.0,2.67,40136.0,705.8,530.5
MDB,10/30/2024,637.0,713.0,637.0,643.0,-1.08,41610.0,705.8,530.5
MDB,11/5/2024,632.1,657.9,632.1,643.0,0.0,28779.0,705.8,530.5
MDB,11/6/2024,643.0,663.0,640.0,649.0,0.93,72097.0,705.8,530.5
MDB,11/10/2024,658.0,669.0,652.1,669.0,3.08,73599.0,705.8,530.5
MDB,11/11/2024,682.0,682.0,658.6,663.0,-0.9,64598.0,705.8,530.5
MDB,11/12/2024,660.0,675.0,654.0,658.0,-0.75,35471.0,705.8,530.5
MDB,11/13/2024,669.0,682.3,641.0,674.8,2.55,156794.0,705.8,530.5
MDB,11/14/2024,688.2,699.7,675.0,695.0,2.99,177208.0,705.8,530.5
MDB,11/17/2024,681.1,707.0,681.1,688.0,-1.01,143607.0,705.8,530.5
MDB,11/19/2024,691.9,691.9,662.0,670.0,-2.62,97828.0,705.8,530.5
MDB,11/20/2024,670.0,713.0,658.1,703.8,5.04,209515.0,705.8,530.5
MDB,11/21/2024,705.0,737.0,702.1,705.0,0.17,167150.0,705.8,530.5
MDB,11/24/2024,719.1,719.1,675.4,675.4,-4.2,110247.0,705.8,530.5
MDB,11/25/2024,679.1,698.0,674.2,689.9,2.15,54464.0,705.8,530.5
MDB,11/26/2024,689.9,703.0,685.0,692.0,0.3,70437.0,705.8,530.5
MDB,11/27/2024,705.8,745.0,698.0,725.0,4.77,201522.0,705.8,530.5
MDB,11/28/2024,739.0,790.0,726.0,763.5,5.31,364049.0,705.8,530.5
MDB,12/1/2024,748.3,829.4,731.0,827.0,8.32,346736.0,705.8,530.5
MDB,12/2/2024,843.5,843.5,785.0,792.9,-4.12,256723.0,705.8,530.5
MDB,12/3/2024,799.9,810.0,777.2,778.0,-1.88,137964.0,705.8,530.5
MDB,12/4/2024,781.0,790.0,760.0,763.0,-1.93,149748.0,705.8,530.5
MDB,12/5/2024,762.0,781.0,755.0,755.0,-1.05,122006.0,705.8,530.5
MDB,12/8/2024,740.1,791.0,740.1,755.0,0.0,156975.0,705.8,530.5
MDB,12/9/2024,770.1,775.0,749.3,761.4,0.85,94800.0,705.8,530.5
MDB,12/10/2024,760.0,769.9,749.0,752.0,-1.23,51883.0,705.8,530.5
MDB,12/11/2024,737.0,766.0,737.0,760.0,1.06,47810.0,705.8,530.5
MDB,12/12/2024,750.0,770.0,740.0,745.0,-1.97,68979.0,705.8,530.5
MDB,12/16/2024,730.1,757.8,715.0,719.0,-3.49,80232.0,705.8,530.5
MDB,12/17/2024,705.0,725.0,705.0,710.0,-1.25,41868.0,705.8,530.5
MDB,12/18/2024,724.0,727.0,710.1,713.0,0.42,45722.0,705.8,530.5
MDB,12/19/2024,709.0,720.0,693.9,696.0,-2.38,51689.0,705.8,530.5
MDB,12/22/2024,683.1,708.0,680.4,684.3,-1.68,37618.0,705.8,530.5
MDB,12/23/2024,694.0,712.0,687.5,711.0,3.9,38892.0,705.8,530.5
MDB,12/24/2024,715.0,749.0,714.0,738.0,3.8,90272.0,705.8,530.5
MDB,12/26/2024,723.3,730.0,700.2,711.9,-3.54,81793.0,705.8,530.5
MDB,12/29/2024,700.0,714.0,691.0,695.8,-2.26,74439.0,705.8,530.5
MDB,12/31/2024,635.0,641.0,585.0,600.0,-13.77,72706.0,705.8,530.5
MDB,1/1/2025,608.9,627.9,590.1,619.9,3.32,41016.0,705.8,530.5
MDB,1/2/2025,627.5,643.0,611.0,634.0,2.27,51434.0,705.8,530.5
MDB,1/5/2025,622.0,645.0,622.0,635.0,0.16,30120.0,705.8,530.5
MDB,1/6/2025,635.0,655.0,630.0,643.0,1.26,22590.0,705.8,530.5
MDB,1/7/2025,643.0,660.5,633.6,641.0,-0.31,69814.0,705.8,530.5
MDB,1/8/2025,647.0,689.0,636.0,678.0,5.77,100999.0,705.8,530.5
MDB,1/9/2025,690.1,690.1,660.5,665.0,-1.92,42479.0,705.8,530.5
MDB,1/12/2025,655.0,678.9,648.8,651.5,-2.03,44966.0,705.8,530.5
MDB,1/13/2025,640.0,663.0,637.0,640.0,-1.77,65511.0,705.8,530.5
MDB,1/15/2025,640.0,663.0,640.0,654.7,2.3,44869.0,705.8,530.5
MDB,1/16/2025,667.7,667.7,635.2,636.0,-2.86,34746.0,705.8,530.5
MDB,1/19/2025,647.0,647.0,632.0,640.0,0.63,32749.0,705.8,530.5
MDB,1/20/2025,650.0,650.0,624.3,629.5,-1.64,41426.0,705.8,530.5
MDB,1/21/2025,639.0,639.0,619.1,625.0,-0.71,31291.0,705.8,530.5
MDB,1/22/2025,615.0,640.0,615.0,636.0,1.76,40931.0,705.8,530.5
MDB,1/23/2025,625.0,650.0,625.0,637.8,0.28,30810.0,705.8,530.5
MDB,1/26/2025,626.0,655.0,626.0,631.0,-1.07,46435.0,705.8,530.5
MDB,1/27/2025,620.0,665.0,620.0,657.0,4.12,61907.0,705.8,530.5
MDB,1/28/2025,670.0,718.0,662.4,715.0,8.83,166474.0,705.8,530.5
MDB,2/2/2025,715.0,744.0,715.0,728.0,1.82,101839.0,705.8,530.5
MDB,2/3/2025,739.0,739.0,707.0,708.0,-2.75,87190.0,705.8,530.5
MDB,2/4/2025,708.0,719.0,698.0,698.0,-1.41,64522.0,705.8,530.5
MDB,2/5/2025,711.9,715.0,695.0,713.0,2.15,53260.0,705.8,530.5
MDB,2/6/2025,720.0,720.0,700.0,701.9,-1.56,41351.0,705.8,530.5
MDB,2/9/2025,703.1,711.5,692.0,692.0,-1.41,41036.0,705.8,530.5
MDB,2/10/2025,690.3,705.7,690.2,693.9,0.27,50648.0,705.8,530.5
MDB,2/11/2025,707.7,742.0,698.1,735.0,5.92,138619.0,705.8,530.5
MDB,2/12/2025,749.7,764.0,737.0,739.0,0.54,111329.0,705.8,530.5
MDB,2/13/2025,739.0,748.0,725.2,726.5,-1.69,42709.0,705.8,530.5
MDB,2/16/2025,733.6,733.6,718.2,719.0,-1.03,64444.0,705.8,530.5
MDB,2/17/2025,733.3,745.0,721.0,726.4,1.03,109940.0,705.8,530.5
MDB,2/18/2025,740.9,755.0,726.0,727.0,0.08,67719.0,705.8,530.5
MDB,2/20/2025,740.0,740.0,715.0,715.0,-1.65,49126.0,705.8,530.5
MDB,2/23/2025,702.0,719.0,695.0,709.0,-0.84,62697.0,705.8,530.5
MDB,2/24/2025,722.0,726.0,704.7,710.6,0.23,77579.0,705.8,530.5
MDB,2/25/2025,719.0,722.0,702.0,705.0,-0.79,43221.0,705.8,530.5
MDB,2/27/2025,719.0,733.0,705.0,714.0,1.28,29477.0,705.8,530.5
MDB,3/2/2025,716.0,731.0,714.0,725.0,1.54,60505.0,705.8,530.5
MDB,3/3/2025,733.0,735.0,707.0,710.0,-2.07,45729.0,705.8,530.5
MDB,3/4/2025,713.0,717.0,699.0,699.0,-1.55,49996.0,705.8,530.5
MDB,3/5/2025,700.0,711.0,690.2,691.5,-1.07,25974.0,705.8,530.5
MDB,3/6/2025,693.0,709.9,690.0,705.1,1.97,30062.0,705.8,530.5
MDB,3/9/2025,700.0,707.0,692.0,695.0,-1.43,27594.0,705.8,530.5
MDB,3/10/2025,700.0,705.9,682.1,684.0,-1.58,31248.0,705.8,530.5
MDB,3/11/2025,685.0,705.0,675.0,680.0,-0.58,57193.0,705.8,530.5
MDB,3/12/2025,685.0,692.0,675.0,676.2,-0.56,18371.0,705.8,530.5
MDB,3/16/2025,679.0,683.0,656.0,660.3,-2.35,26872.0,705.8,530.5
MDB,3/17/2025,660.0,668.0,645.0,650.0,-1.56,35309.0,705.8,530.5
MDB,3/18/2025,660.0,660.0,640.0,640.0,-1.54,17782.0,705.8,530.5
MDB,3/19/2025,647.0,648.9,635.0,640.0,0.0,16988.0,705.8,530.5
MDB,3/20/2025,639.0,646.0,633.1,641.89,0.3,16054.0,705.8,530.5
MDB,3/23/2025,642.0,642.0,618.0,620.26,-3.37,28292.0,705.8,530.5
MDB,3/24/2025,627.0,635.0,615.0,628.76,1.37,20374.0,705.8,530.5
MDB,3/25/2025,623.0,628.0,596.0,601.26,-4.37,43988.0,705.8,530.5
MDB,3/26/2025,605.0,619.4,602.2,615.75,2.41,16702.0,705.8,530.5
MDB,3/27/2025,616.0,634.0,616.0,629.96,2.31,20910.0,705.8,530.5
MDB,3/30/2025,617.4,650.0,617.4,646.29,2.59,32854.0,705.8,530.5
MDB,4/1/2025,635.0,647.5,627.0,631.06,-2.36,43511.0,705.8,530.5
MDB,4/2/2025,630.0,637.0,623.1,629.98,-0.17,24020.0,705.8,530.5
MDB,4/3/2025,625.0,639.6,623.0,629.26,-0.11,23374.0,705.8,530.5
MDB,4/7/2025,641.8,641.8,614.1,615.01,-2.26,26643.0,705.8,530.5
MDB,4/8/2025,607.2,620.0,604.0,614.79,-0.04,29166.0,705.8,530.5
MDB,4/9/2025,612.0,626.0,612.0,616.92,0.35,15142.0,705.8,530.5
MDB,4/10/2025,623.0,623.0,612.0,615.92,-0.16,16804.0,705.8,530.5
MDB,4/13/2025,616.0,618.0,606.1,608.87,-1.14,21252.0,705.8,530.5
MDB,4/15/2025,610.0,634.9,608.1,629.01,3.31,28929.0,705.8,530.5
MDB,4/16/2025,631.0,635.0,623.0,629.55,0.09,22504.0,705.8,530.5
MDB,4/17/2025,640.0,667.7,637.0,660.93,4.98,73759.0,705.8,530.5
MDB,4/20/2025,664.9,674.0,648.0,652.2,-1.32,34670.0,705.8,530.5
MDB,4/21/2025,652.0,652.0,640.0,641.38,-1.66,33729.0,705.8,530.5
MDB,4/22/2025,641.0,647.4,622.0,624.32,-2.66,24557.0,705.8,530.5
MDB,4/23/2025,634.0,634.0,615.1,618.11,-0.99,17169.0,705.8,530.5
MDB,4/24/2025,619.0,624.6,615.0,618.86,0.12,34250.0,705.8,530.5
MDB,4/27/2025,619.0,629.0,617.0,617.87,-0.16,22045.0,705.8,530.5
MDB,4/28/2025,615.3,620.0,613.1,616.21,-0.27,17542.0,705.8,530.5
MDB,4/29/2025,625.0,625.0,605.0,607.23,-1.46,24844.0,705.8,530.5
MDB,4/30/2025,604.2,610.0,596.0,605.78,-0.24,24657.0,705.8,530.5
MDB,5/4/2025,601.1,609.8,600.0,600.19,-0.92,24794.0,705.8,530.5
MDB,5/5/2025,601.2,608.0,590.0,594.2,-1.0,22593.0,705.8,530.5
MDB,5/6/2025,600.0,600.0,585.2,588.68,-0.93,23419.0,705.8,530.5
MDB,5/7/2025,585.5,616.0,581.0,613.93,4.29,26657.0,705.8,530.5
MDB,5/8/2025,610.1,618.0,607.0,610.26,-0.6,17276.0,705.8,530.5
MDB,5/11/2025,616.0,616.0,600.0,606.91,-0.55,30980.0,705.8,530.5
MDB,5/13/2025,607.0,619.9,607.0,610.03,0.51,31080.0,705.8,530.5
MDB,5/14/2025,610.0,619.9,607.1,610.87,0.14,21652.0,705.8,530.5
MDB,5/15/2025,620.0,620.0,600.0,603.4,-1.22,19678.0,705.8,530.5
MDB,5/18/2025,614.9,614.9,593.1,599.09,-0.71,24067.0,705.8,530.5
MDB,5/19/2025,608.9,611.0,604.0,605.32,1.04,16176.0,705.8,530.5
MDB,5/20/2025,604.0,623.0,600.2,619.59,2.36,15420.0,705.8,530.5
MDB,5/21/2025,631.0,641.0,610.1,611.29,-1.34,19649.0,705.8,530.5
MDB,5/22/2025,610.1,614.0,603.0,604.1,-1.18,19243.0,705.8,530.5
MDB,5/25/2025,604.1,610.0,600.0,602.31,-0.3,10371.0,705.8,530.5
MDB,5/26/2025,614.3,626.0,600.1,602.49,0.03,14910.0,705.8,530.5
MDB,5/27/2025,597.8,606.0,592.9,600.27,-0.37,7443.0,705.8,530.5
MDB,5/28/2025,600.0,608.5,596.0,601.1,0.14,10035.0,705.8,530.5
MDB,6/2/2025,610.0,611.0,594.0,595.17,-0.99,36761.0,705.8,530.5
MDB,6/3/2025,596.0,603.0,585.0,592.11,-0.51,17136.0,705.8,530.5
MDB,6/4/2025,592.1,594.2,580.1,584.21,-1.33,15328.0,705.8,530.5
MDB,6/5/2025,586.0,592.5,580.2,582.08,-0.36,15280.0,705.8,530.5
MDB,6/8/2025,584.0,590.0,578.0,579.25,-0.49,18483.0,705.8,530.5
MDB,6/9/2025,580.0,582.0,577.0,579.25,0.0,19486.0,705.8,530.5
MDB,6/10/2025,588.0,598.9,581.0,594.81,2.69,22521.0,705.8,530.5
MDB,6/11/2025,596.0,605.0,589.1,590.61,-0.71,26624.0,705.8,530.5
MDB,6/12/2025,588.2,594.0,586.0,587.52,-0.52,13950.0,705.8,530.5
MDB,6/15/2025,585.9,590.0,584.0,584.49,-0.52,18336.0,705.8,530.5
MDB,6/16/2025,589.0,590.0,580.0,583.33,-0.2,18292.0,705.8,530.5
MDB,6/17/2025,589.0,589.0,581.0,584.81,0.25,11622.0,705.8,530.5
MDB,6/18/2025,580.0,589.0,580.0,582.98,-0.31,11849.0,705.8,530.5
MDB,6/19/2025,585.0,585.0,577.0,577.52,-0.94,18633.0,705.8,530.5
MDB,6/22/2025,576.1,576.1,565.1,566.61,-1.89,17559.0,705.8,530.5
MDB,6/23/2025,575.0,577.9,565.0,570.12,0.62,6843.0,705.8,530.5
MDB,6/24/2025,577.4,578.0,567.6,568.11,-0.35,9038.0,705.8,530.5
MDB,6/25/2025,574.0,574.0,557.0,561.57,-1.15,22894.0,705.8,530.5
MDB,6/26/2025,569.0,574.5,565.2,567.41,1.04,11701.0,705.8,530.5
MDB,6/29/2025,570.0,584.8,568.2,581.79,2.53,21565.0,705.8,530.5
MDB,6/30/2025,589.6,589.9,581.5,585.18,0.58,9952.0,705.8,530.5
MDB,7/1/2025,589.0,593.0,582.0,591.09,1.01,13409.0,705.8,530.5
MDB,7/2/2025,598.9,598.9,586.0,591.92,0.14,10644.0,705.8,530.5
MDB,7/3/2025,595.0,618.0,592.0,605.36,2.27,37101.0,705.8,530.5
MDB,7/6/2025,611.0,611.0,590.1,591.23,-2.33,19810.0,705.8,530.5
MDB,7/7/2025,589.0,596.9,581.0,585.78,-0.92,20846.0,705.8,530.5
MDB,7/8/2025,584.0,594.0,584.0,590.65,0.83,7810.0,705.8,530.5
MDB,7/9/2025,594.9,596.7,590.2,592.52,0.32,12392.0,705.8,530.5
MDB,7/10/2025,598.4,605.0,593.0,602.78,1.73,20690.0,705.8,530.5
MDB,7/13/2025,614.8,635.0,608.1,618.38,2.59,71816.0,705.8,530.5
MDB,7/14/2025,612.0,620.0,612.0,615.8,-0.42,34078.0,705.8,530.5
MDB,7/15/2025,620.0,670.0,613.2,645.55,4.83,83119.0,705.8,530.5
MDB,7/16/2025,658.3,710.1,646.1,688.17,6.6,152231.0,705.8,530.5
MDB,7/17/2025,698.0,705.0,677.0,694.27,0.89,94363.0,705.8,530.5
MDB,7/20/2025,708.1,708.1,668.0,669.85,-3.52,114743.0,705.8,530.5
MDB,7/21/2025,661.2,691.0,660.1,682.29,1.86,112740.0,705.8,530.5
MDB,7/22/2025,668.8,700.1,668.8,694.27,1.76,105789.0,705.8,530.5
MDB,7/23/2025,680.4,700.0,680.4,697.54,0.47,73667.0,705.8,530.5
MDB,7/24/2025,683.6,703.0,683.6,697.86,0.05,89470.0,705.8,530.5
MDB,7/27/2025,684.0,718.0,684.0,692.12,-0.82,95674.0,705.8,530.5
MDB,7/28/2025,694.0,719.0,689.0,715.48,3.38,156893.0,705.8,530.5
MDB,7/29/2025,729.7,729.7,715.0,718.74,0.46,91317.0,705.8,530.5
MDB,7/30/2025,711.0,720.0,686.0,689.12,-4.12,76369.0,705.8,530.5
MDB,7/31/2025,676.0,703.0,675.2,678.18,-1.59,83393.0,705.8,530.5
MDB,8/3/2025,688.0,688.0,666.0,667.08,-1.64,79569.0,705.8,530.5
MDB,8/4/2025,653.8,679.0,653.8,664.61,-0.37,41777.0,705.8,530.5
MDB,8/5/2025,651.4,666.0,650.1,652.62,-1.8,35387.0,705.8,530.5
MDB,8/6/2025,647.1,661.0,647.1,651.68,-0.14,23123.0,705.8,530.5
MDB,8/7/2025,647.0,669.0,647.0,661.61,1.52,25644.0,705.8,530.5
MDB,8/11/2025,660.0,664.0,633.5,637.97,-3.57,77471.0,705.8,530.5
MDB,8/12/2025,631.0,636.0,625.0,625.33,-1.98,29418.0,705.8,530.5
MDB,8/13/2025,624.0,637.0,620.1,628.3,0.47,18589.0,705.8,530.5
MDB,8/14/2025,625.0,637.0,625.0,629.73,0.23,17628.0,705.8,530.5
MDB,8/17/2025,626.0,640.0,622.0,622.49,-1.15,31857.0,705.8,530.5
MDB,8/18/2025,616.7,635.0,616.7,623.94,0.23,18232.0,705.8,530.5
MDB,8/19/2025,633.0,635.0,625.3,627.12,0.51,10813.0,705.8,530.5
MDB,8/20/2025,637.9,637.9,625.0,626.14,-0.16,21195.0,705.8,530.5
MDB,8/21/2025,615.2,627.0,615.2,621.46,-0.75,24718.0,705.8,530.5
MDB,8/24/2025,622.0,623.0,614.1,614.3,-1.15,10590.0,705.8,530.5
MDB,8/25/2025,615.0,623.0,607.0,620.4,0.99,6509.0,705.8,530.5
MDB,8/26/2025,620.0,623.0,616.7,622.06,0.27,7983.0,705.8,530.5
MDB,8/27/2025,629.0,643.4,624.0,640.57,2.98,30152.0,705.8,530.5
MDB,8/28/2025,640.0,645.0,625.0,625.45,-2.36,31236.0,705.8,530.5
MDB,8/31/2025,626.0,626.9,615.0,615.95,-1.52,18730.0,705.8,530.5
MDB,9/1/2025,614.0,620.0,607.1,617.24,0.21,11468.0,705.8,530.5
MDB,9/2/2025,616.5,628.0,612.1,612.78,-0.72,9780.0,705.8,530.5
MDB,9/3/2025,621.4,621.4,608.5,608.86,-0.64,9896.0,705.8,530.5
MDB,9/4/2025,605.3,618.6,605.3,612.71,0.63,16098.0,705.8,530.5
MDB,9/7/2025,613.0,615.0,609.0,610.03,-0.44,8015.0,705.8,530.5
MDB,9/8/2025,609.0,614.0,595.0,597.88,-1.99,28149.0,705.8,530.5
MDB,9/18/2025,586.0,586.0,575.0,575.0,-3.83,170.0,705.8,530.5
MDB,9/21/2025,563.5,608.9,563.5,603.82,5.01,43228.0,705.8,530.5
MDB,9/23/2025,610.0,625.0,598.1,617.0,2.18,26424.0,705.8,530.5
MDB,9/24/2025,605.1,626.9,605.0,612.0,-0.81,15855.0,705.8,530.5
MDB,9/25/2025,608.0,610.0,602.5,609.0,-0.49,6223.0,705.8,530.5
MDB,9/28/2025,615.0,618.0,606.0,610.0,0.16,8294.0,705.8,530.5
MDB,10/7/2025,609.0,611.0,590.0,590.0,-3.28,20836.0,705.8,530.5
MDB,10/8/2025,584.0,588.0,563.5,585.0,-0.85,31713.0,705.8,530.5
MDB,10/9/2025,596.7,620.0,590.0,592.1,1.21,29592.0,705.8,530.5
MDB,10/12/2025,582.0,587.2,552.0,572.0,-3.39,45161.0,705.8,530.5
MDB,10/13/2025,571.9,584.5,566.0,580.0,1.4,14280.0,705.8,530.5
MDB,10/14/2025,585.0,585.0,568.0,568.0,-2.07,12623.0,705.8,530.5
MDB,10/15/2025,565.0,569.0,561.0,561.0,-1.23,14692.0,705.8,530.5
MDB,10/16/2025,555.0,555.0,535.0,540.0,-3.74,34584.0,705.8,530.5
MDB,10/19/2025,545.0,548.0,535.0,538.0,-0.37,4366.0,705.8,530.5
MDB,10/26/2025,535.0,540.0,530.5,534.0,-0.74,1461.0,705.8,530.5
MDB,10/28/2025,544.0,560.9,542.0,560.0,4.87,10818.0,705.8,530.5
MDB,10/29/2025,570.0,579.0,555.0,559.2,-0.14,22806.0,705.8,530.5
MDB,10/30/2025,560.0,576.0,560.0,572.0,2.29,8254.0,705.8,530.5
MDB,11/2/2025,572.0,602.8,570.0,596.0,4.2,17004.0,705.8,530.5
MDB,11/3/2025,596.0,602.0,585.0,585.0,-1.85,22079.0,705.8,530.5
MDB,11/4/2025,590.0,592.0,575.2,581.0,-0.68,20197.0,705.8,530.5
MDB,11/5/2025,580.0,592.5,580.0,590.2,1.58,20664.0,705.8,530.5
MDB,11/6/2025,595.0,597.0,589.0,590.0,-0.03,21344.0,705.8,530.5
MDB,11/9/2025,579.0,580.0,565.0,566.0,-4.07,17425.0,705.8,530.5
MDB,11/10/2025,566.0,570.0,560.2,560.3,-1.01,5629.0,705.8,530.5
MDB,11/11/2025,560.0,570.0,560.0,560.0,-0.05,5143.0,705.8,530.5
MDB,11/12/2025,560.0,565.0,556.0,564.0,0.71,12811.0,705.8,530.5
MDB,11/13/2025,555.1,564.3,553.0,558.0,-1.06,6730.0,705.8,530.5
MDB,11/16/2025,555.0,562.0,555.0,556.5,-0.27,4040.0,705.8,530.5
MDB,11/17/2025,560.0,563.9,557.0,563.0,1.17,2986.0,705.8,530.5
MDB,11/18/2025,567.0,583.9,567.0,569.8,1.21,4184.0,705.8,530.5
MDB,11/19/2025,570.5,574.9,562.5,564.1,-1.0,5336.0,705.8,530.5
MDB,11/20/2025,559.0,566.9,559.0,560.0,-0.73,5271.0,705.8,530.5
MDB,11/23/2025,563.0,573.9,563.0,571.0,1.96,9053.0,705.8,530.5
MDB,11/24/2025,573.0,594.0,573.0,590.0,3.33,18633.0,705.8,530.5
MDB,11/25/2025,590.2,595.0,574.1,590.0,0.0,19207.0,705.8,530.5
MDB,11/26/2025,590.0,590.0,580.0,583.1,-1.17,8223.0,705.8,530.5
MDB,11/27/2025,581.5,590.0,580.0,582.1,-0.17,11515.0,705.8,530.5
MDB,11/30/2025,588.0,593.7,571.0,572.0,-1.74,11428.0,705.8,530.5
MDB,12/1/2025,573.0,579.9,560.0,562.0,-1.75,15124.0,705.8,530.5
MDB,12/2/2025,573.0,573.0,564.0,573.0,1.96,14320.0,705.8,530.5
MDB,12/3/2025,573.0,583.0,571.0,578.0,0.87,22728.0,705.8,530.5
MDB,12/7/2025,578.0,578.0,564.0,564.0,-2.42,17067.0,705.8,530.5
MDB,12/8/2025,573.0,573.0,555.0,569.0,0.89,27373.0,705.8,530.5
MDB,12/9/2025,580.3,580.3,563.7,564.3,-0.83,6000.0,705.8,530.5
MDB,12/10/2025,569.8,575.0,564.0,565.0,0.12,7429.0,705.8,530.5
MDB,12/11/2025,566.0,570.8,560.0,570.8,1.03,9796.0,705.8,530.5
MDB,12/14/2025,561.5,570.8,555.1,568.0,-0.49,12449.0,705.8,530.5
MDB,12/15/2025,560.6,568.9,560.3,562.2,-1.02,1874.0,705.8,530.5
MDB,12/16/2025,563.0,570.0,561.0,570.0,1.39,5609.0,705.8,530.5
MDB,12/17/2025,579.0,581.0,573.3,577.0,1.23,16078.0,705.8,530.5
MDB,12/18/2025,575.0,580.0,570.1,571.6,-0.94,11238.0,705.8,530.5
MDB,12/21/2025,571.4,577.0,558.6,577.0,0.94,20146.0,705.8,530.5
MDB,12/22/2025,565.5,571.9,555.4,563.5,-2.34,10211.0,705.8,530.5
MDB,12/23/2025,565.0,568.9,559.0,560.1,-0.6,3256.0,705.8,530.5
MDB,12/24/2025,561.1,564.0,561.0,562.0,0.34,5336.0,705.8,530.5
MDB,12/28/2025,570.0,586.0,566.0,586.0,4.27,13592.0,705.8,530.5
MDB,12/29/2025,586.0,598.0,582.0,591.0,0.85,36673.0,705.8,530.5
MDB,12/31/2025,596.0,599.8,588.5,593.0,0.34,10692.0,705.8,530.5
MDB,1/1/2026,594.5,594.5,580.0,580.0,-2.19,5097.0,705.8,530.5
MDB,1/4/2026,578.5,581.0,573.0,579.5,-0.09,6997.0,705.8,530.5
MDB,1/5/2026,578.9,594.0,578.9,594.0,2.5,29147.0,705.8,530.5
MDB,1/6/2026,600.0,605.8,594.1,600.0,1.01,50843.0,705.8,530.5
MDB,1/7/2026,600.0,607.9,598.0,605.0,0.83,26084.0,705.8,530.5
MDB,1/8/2026,605.0,609.0,598.0,609.0,0.66,27556.0,705.8,530.5
MDB,1/12/2026,610.0,613.0,604.2,605.1,-0.64,12153.0,705.8,530.5
MDB,1/13/2026,601.0,605.9,600.1,600.2,-0.81,18508.0,705.8,530.5
MDB,1/14/2026,593.0,603.9,593.0,600.5,0.05,5127.0,705.8,530.5
MDB,1/18/2026,589.0,616.9,589.0,616.0,2.58,29313.0,705.8,530.5
MDB,1/20/2026,628.0,642.0,617.0,634.0,2.92,55475.0,705.8,530.5
MDB,1/21/2026,635.0,639.9,625.5,632.6,-0.22,54832.0,705.8,530.5
MDB,1/22/2026,630.0,638.0,622.0,638.0,0.85,43057.0,705.8,530.5
MDB,1/25/2026,639.0,663.0,639.0,663.0,3.92,76687.0,705.8,530.5
MDB,1/26/2026,670.0,673.0,651.1,658.0,-0.75,66140.0,705.8,530.5
MDB,1/27/2026,645.0,668.0,645.0,655.0,-0.46,192759.0,705.8,530.5
MDB,1/28/2026,658.5,678.0,653.0,668.9,2.12,94401.0,705.8,530.5
MDB,1/29/2026,680.0,680.0,655.0,660.0,-1.33,27001.0,705.8,530.5
MDB,2/1/2026,660.0,671.9,647.2,650.0,-1.52,69542.0,705.8,530.5
MDB,2/2/2026,637.0,660.0,637.0,650.0,0.0,23292.0,705.8,530.5
MDB,2/3/2026,645.6,656.0,635.0,640.0,-1.54,27814.0,705.8,530.5
MDB,2/4/2026,629.0,650.0,629.0,640.0,0.0,23305.0,705.8,530.5
MDB,2/5/2026,629.0,641.0,628.1,638.0,-0.31,30525.0,705.8,530.5
MDB,2/8/2026,638.2,640.2,627.2,634.0,-0.63,25201.0,705.8,530.5
MDB,2/9/2026,625.0,636.0,624.0,629.0,-0.79,12657.0,705.8,530.5
MDB,2/10/2026,618.2,679.0,618.2,631.0,0.32,23046.0,705.8,530.5
MDB,2/11/2026,643.6,643.6,623.0,630.0,-0.16,15197.0,705.8,530.5
MDB,2/12/2026,630.0,640.0,620.5,632.9,0.46,16134.0,705.8,530.5
MDB,2/16/2026,621.0,637.0,621.0,628.0,-0.77,17478.0,705.8,530.5
MDB,2/17/2026,620.1,625.0,616.2,619.0,-1.43,16432.0,705.8,530.5
MDB,2/22/2026,615.5,616.0,603.0,614.5,-0.73,23876.0,705.8,530.5
MDB,2/23/2026,609.0,615.0,607.0,613.0,-0.24,6729.0,705.8,530.5
MDB,2/24/2026,612.0,629.8,610.0,629.0,2.61,27390.0,705.8,530.5
MDB,2/25/2026,617.0,639.9,617.0,629.0,0.0,10861.0,705.8,530.5
MDB,2/26/2026,631.5,640.0,620.0,637.5,1.35,20159.0,705.8,530.5
MDB,2/27/2026,631.5,640.0,620.0,637.5,0.0,20159.0,705.8,530.5
MDB,2/28/2026,631.5,640.0,620.0,637.5,0.0,20159.0,705.8,530.5
MDB,3/2/2026,624.8,633.5,624.0,632.8,-0.74,8245.0,705.8,530.5
MDB,3/3/2026,632.8,666.0,629.0,666.0,5.25,55988.0,705.8,530.5
MDB,3/4/2026,632.8,666.0,629.0,666.0,0.0,55988.0,705.8,530.5
MDB,3/5/2026,632.8,666.0,629.0,666.0,0.0,55988.0,705.8,530.5
MDB,3/6/2026,632.8,666.0,629.0,666.0,0.0,55988.0,705.8,530.5
MDB,3/7/2026,632.8,666.0,629.0,666.0,0.0,55988.0,705.8,530.5
MDB,3/8/2026,632.8,666.0,629.0,666.0,0.0,55988.0,705.8,530.5
MDB,3/9/2026,679.3,705.8,679.3,700.0,5.11,5500.0,705.8,530.5
MDB,3/10/2026,700.0,700.0,655.1,658.9,-5.87,118665.0,705.8,530.5
MDB,3/11/2026,672.0,672.0,650.1,651.2,-1.17,35145.0,705.8,530.5
MDB,3/12/2026,650.0,662.0,642.0,661.9,1.64,28926.0,705.8,530.5
MDB,3/13/2026,650.0,662.0,642.0,661.9,0.0,28926.0,705.8,530.5
MDB,3/14/2026,650.0,662.0,642.0,661.9,0.0,28926.0,705.8,530.5
MDB,3/15/2026,660.0,673.0,657.0,665.0,0.47,37257.0,705.8,530.5
MDB,3/16/2026,665.0,667.0,651.7,654.0,-1.65,13335.0,705.8,530.5
MDB,3/17/2026,646.0,658.0,646.0,650.0,-0.61,12168.0,705.8,530.5
MDB,3/18/2026,646.0,658.0,646.0,650.0,0.0,12168.0,705.8,530.5
MDB,3/19/2026,662.9,682.0,650.5,666.0,2.46,60647.0,705.8,530.5
MDB,3/20/2026,662.9,682.0,650.5,666.0,0.0,60647.0,705.8,530.5
MDB,3/21/2026,662.9,682.0,650.5,666.0,0.0,60647.0,705.8,530.5
MDB,3/22/2026,675.0,675.0,663.0,666.0,0.0,49542.0,705.8,530.5
MDB,3/23/2026,663.4,669.0,655.0,659.0,-1.05,22114.0,705.8,530.5
MDB,3/24/2026,666.6,666.6,657.0,665.0,0.91,7600.0,705.8,530.5
MDB,3/25/2026,670.0,670.0,651.0,655.9,-1.37,18072.0,705.8,530.5
MDB,3/26/2026,646.0,659.5,645.0,650.0,0.62,18497.0,705.8,530.5
MDB,3/29/2026,647.2,647.2,628.0,633.0,-2.19,39987.0,705.8,530.5
MDB,3/30/2026,633.0,639.0,616.0,621.0,-1.9,27659.0,705.8,530.5
MDB,3/31/2026,633.0,633.0,616.0,628.0,-0.79,12039.0,705.8,530.5
MDB,4/1/2026,634.8,634.8,610.0,614.0,-3.28,19405.0,705.8,530.5
MDB,4/2/2026,607.0,633.0,603.1,617.0,1.65,25915.0,705.8,530.5
MDB,4/5/2026,615.0,615.0,591.2,597.9,-2.78,19818.0,705.8,530.5
MDB,4/6/2026,595.0,618.0,595.0,617.0,3.7,11740.0,705.8,530.5
MDB,4/7/2026,606.0,620.0,600.0,603.0,-0.5,24406.0,705.8,530.5
MDB,4/8/2026,615.0,620.0,605.2,616.0,0.16,8123.0,705.8,530.5
MDB,4/9/2026,616.0,629.0,612.1,628.0,1.95,21321.0,705.8,530.5
MDB,4/10/2026,622.0,625.0,605.3,618.9,-0.5,10996.0,705.8,530.5
MDB,4/13/2026,619.0,623.0,616.0,621.9,0.47,4915.0,705.8,530.5
MDB,4/15/2026,622.0,630.0,616.0,626.0,0.64,12832.0,705.8,530.5
MDB,4/16/2026,623.0,626.0,613.4,619.9,-0.5,8647.0,705.8,530.5
MDB,4/17/2026,620.0,620.0,608.0,611.2,-1.42,11040.0,705.8,530.5
MDB,4/20/2026,611.2,613.0,600.0,609.8,-0.23,11148.0,705.8,530.5
MDB,4/21/2026,609.8,609.8,601.1,605.0,-0.79,8438.0,705.8,530.5
MDB,4/22/2026,592.3,610.0,592.2,610.0,2.99,15182.0,705.8,530.5
MDB,4/23/2026,600.0,605.0,595.0,598.0,-0.33,8734.0,705.8,530.5
MDB,4/24/2026,598.0,600.0,590.2,593.0,-0.84,6200.0,705.8,530.5
MDB,4/27/2026,593.0,600.0,593.0,597.0,0.67,3584.0,705.8,530.5
MDB,4/28/2026,597.0,607.0,595.0,595.0,-0.34,7821.0,705.8,530.5
MDB,4/29/2026,595.0,595.0,586.1,591.5,-0.59,8141.0,705.8,530.5
MDB,4/30/2026,586.0,589.9,581.2,585.0,-0.17,6103.0,705.8,530.5
MDB,5/4/2026,588.0,588.0,577.0,578.1,-1.68,6306.0,705.8,530.5
MDB,5/5/2026,578.0,585.0,575.2,580.0,0.35,4833.0,705.8,530.5
MDB,5/6/2026,588.0,590.0,581.1,583.0,-0.85,2769.0,705.8,530.5
MDB,5/7/2026,580.0,588.0,580.0,588.0,1.38,837.0,705.8,530.5
MDB,5/8/2026,589.0,598.8,589.0,598.0,1.53,6713.0,705.8,530.5
MDB,5/11/2026,595.0,631.0,595.0,605.0,1.68,3562.0,705.8,530.5
MDB,5/12/2026,605.5,607.1,596.0,600.0,-0.91,7506.0,705.8,530.5
MDB,5/13/2026,590.0,604.7,588.0,595.0,0.85,6233.0,705.8,530.5
MDB,5/14/2026,582.2,600.0,582.2,600.0,3.06,2192.0,705.8,530.5
MDB,5/15/2026,586.2,604.9,586.0,595.0,1.5,6291.0,705.8,530.5
MDB,5/18/2026,600.0,602.0,595.0,596.1,-0.65,21699.0,705.8,530.5
MDB,5/19/2026,591.1,602.0,591.1,600.0,1.51,2024.0,705.8,530.5
MDB,5/20/2026,605.0,605.0,595.0,602.0,-0.5,4862.0,705.8,530.5
MDB,5/21/2026,610.0,614.0,600.0,606.0,-0.66,25014.0,705.8,530.5
MDB,5/22/2026,613.0,614.6,599.0,614.6,0.26,10799.0,705.8,530.5
MDB,5/25/2026,615.0,618.0,612.2,614.0,-0.16,13010.0,705.8,530.5
MDB,5/26/2026,611.2,613.0,611.0,611.0,-0.03,2527.0,705.8,530.5
MDB,5/27/2026,610.0,612.4,606.0,612.4,0.39,4898.0,705.8,530.5
MDB,6/1/2026,602.0,609.0,600.0,603.8,0.3,3224.0,705.8,530.5
MDB,6/2/2026,605.1,612.0,605.1,610.0,0.81,5709.0,705.8,530.5
MDB,6/3/2026,611.0,622.0,608.1,618.1,1.16,20486.0,705.8,530.5
MDB,6/4/2026,615.0,620.0,612.0,618.4,0.55,5765.0,705.8,530.5
MDB,6/5/2026,618.4,630.0,616.0,620.4,0.32,6507.0,705.8,530.5
MDB,6/8/2026,618.5,620.0,607.0,611.0,-1.21,10168.0,705.8,530.5
MDB,6/9/2026,611.0,614.9,597.0,608.0,-0.49,19248.0,705.8,530.5
MDB,6/10/2026,603.0,610.0,603.0,605.1,0.35,2743.0,705.8,530.5
MDB,6/11/2026,605.1,616.0,605.1,608.0,0.48,3794.0,705.8,530.5
MDB,6/12/2026,606.0,607.0,601.9,606.9,0.15,3507.0,705.8,530.5
MDB,6/15/2026,600.3,606.0,596.0,606.0,0.95,3750.0,705.8,530.5
MDB,6/16/2026,634.0,634.0,590.0,601.9,-5.06,13870.0,705.8,530.5
MDB,6/17/2026,590.0,605.0,575.0,603.0,2.2,3681.0,705.8,530.5
MDB,6/18/2026,603.0,603.0,595.0,595.0,-1.33,6281.0,705.8,530.5
MDB,6/19/2026,604.0,604.0,595.0,600.0,-0.66,5179.0,705.8,530.5
MDB,6/22/2026,600.0,614.9,598.4,602.0,0.33,9993.0,705.8,530.5
MDB,6/23/2026,629.0,629.0,592.5,598.0,-4.93,4470.0,705.8,530.5
MDB,6/24/2026,627.9,627.9,582.1,590.0,-6.04,7458.0,705.8,530.5
MDB,6/26/2026,590.0,590.0,580.0,587.0,-0.51,5400.0,705.8,530.5
MDB,6/29/2026,587.5,587.5,577.2,582.9,-0.78,5192.0,705.8,530.5
MDB,6/30/2026,582.0,584.9,578.6,580.0,-0.34,14151.0,705.8,530.5
MDB,7/1/2026,597.4,597.4,571.1,582.0,-2.58,6962.0,705.8,530.5
MDB,7/2/2026,593.4,599.4,580.0,582.0,-1.92,8404.0,705.8,530.5
MDB,7/3/2026,580.4,589.9,578.1,579.3,-0.19,25608.0,705.8,530.5
MDB,7/6/2026,572.1,589.0,571.6,577.9,1.01,6231.0,705.8,530.5
MDB,7/7/2026,579.0,584.0,575.0,584.0,0.86,4752.0,705.8,530.5
MDB,7/8/2026,588.0,588.0,570.0,575.0,-2.21,5930.0,705.8,530.5
MDB,7/9/2026,571.0,573.0,565.0,573.0,0.35,6090.0,705.8,530.5
MDB,7/10/2026,573.0,573.0,565.2,567.0,-1.05,3392.0,705.8,530.5
MDB,7/13/2026,566.2,574.0,565.2,572.5,1.11,5241.0,705.8,530.5
MDB,7/14/2026,561.0,583.5,558.0,583.5,4.01,6030.0,705.8,530.5
MDB,7/15/2026,578.3,579.0,572.7,575.0,-0.57,4181.0,705.8,530.5
MDB,7/16/2026,568.0,582.0,568.0,582.0,2.46,7145.0,705.8,530.5
MDB,7/17/2026,583.0,596.6,583.0,596.6,2.33,5260.0,705.8,530.5
MDB,7/20/2026,600.0,602.9,590.0,600.0,0.0,8917.0,705.8,530.5
MDB,7/21/2026,594.0,600.0,591.5,594.2,0.03,8366.0,705.8,530.5
MDB,7/22/2026,590.0,594.8,585.5,587.0,-0.51,2717.0,705.8,530.5
MDB,7/23/2026,600.5,600.5,585.0,593.9,-1.1,2529.0,705.8,530.5
MDB,7/24/2026,612.0,635.5,583.1,602.0,-1.63,29104.0,705.8,530.5
MDB,7/27/2026,601.0,602.0,586.1,595.0,-1.0,6678.0,705.8,530.5
MDB,7/28/2026,595.0,595.0,580.0,593.0,-0.34,4409.0,705.8,530.5
MDB,7/29/2026,570.0,598.0,570.0,590.0,3.51,2683.0,705.8,530.5
MDB,7/30/2026,570.0,640.0,570.0,584.0,2.46,4005.0,705.8,530.5
MDB,7/31/2026,580.0,589.9,580.0,586.0,1.03,4205.0,705.8,530.5
MDB,8/3/2026,595.0,595.0,584.0,588.5,-1.09,2478.0,705.8,530.5
MDB,8/4/2026,580.0,589.0,580.0,583.0,0.52,1746.0,705.8,530.5
MDB,8/5/2026,589.0,589.0,578.0,587.0,-0.34,853.0,705.8,530.5
MDB,8/6/2026,588.0,588.0,578.0,578.0,-1.7,1905.0,705.8,530.5
MDB,8/7/2026,576.2,583.7,576.2,578.2,0.35,3256.0,705.8,530.5
MDB,8/10/2026,571.2,578.0,570.0,578.0,1.19,3978.0,705.8,530.5
MDB,8/11/2026,570.0,580.0,570.0,576.0,1.05,1970.0,705.8,530.5
MDB,8/12/2026,571.0,579.8,570.0,579.8,1.54,2881.0,705.8,530.5
MDB,8/13/2026,575.0,583.7,575.0,583.7,1.51,864.0,705.8,530.5
MDB,8/14/2026,579.0,580.0,573.0,579.0,0.0,16567.0,705.8,530.5
MDB,8/17/2026,575.0,579.9,572.0,572.0,-0.52,936.0,705.8,530.5
MDB,8/18/2026,570.2,579.0,568.0,579.0,1.54,2689.0,705.8,530.5
MDB,8/19/2026,568.0,572.9,568.0,570.5,0.44,3916.0,705.8,530.5
MDB,8/20/2026,570.0,577.0,565.0,566.2,-0.67,15393.0,705.8,530.5
MDB,8/21/2026,566.5,568.0,566.4,567.0,0.09,9102.0,705.8,530.5
MDB,8/24/2026,560.0,568.0,560.0,563.0,0.54,5733.0,705.8,530.5
MDB,8/25/2026,563.0,565.0,559.0,561.0,-0.36,6090.0,705.8,530.5
MDB,8/26/2026,577.5,577.5,557.0,562.0,-2.68,5591.0,705.8,530.5
MDB,8/27/2026,555.2,564.0,555.0,557.0,0.32,9161.0,705.8,530.5
MDB,8/31/2026,551.0,559.0,550.0,554.0,0.54,8615.0,705.8,530.5
MDB,9/1/2026,562.0,562.0,550.0,555.0,-1.25,8324.0,705.8,530.5
MDB,9/2/2026,550.0,557.0,550.0,553.5,0.64,6148.0,705.8,530.5
MDB,9/3/2026,554.3,559.9,553.0,553.0,-0.23,7670.0,705.8,530.5
MDB,9/7/2026,550.8,562.0,550.8,559.7,1.62,10109.0,705.8,530.5
MDB,9/9/2026,556.0,567.5,550.1,556.0,0.0,10722.0,705.8,530.5
MDB,9/10/2026,550.0,558.0,550.0,550.0,0.0,5149.0,705.8,530.5
MDB,9/11/2026,551.1,559.0,548.0,551.0,-0.02,3636.0,705.8,530.5
MDB,9/14/2026,551.0,566.9,551.0,565.0,2.54,7477.0,705.8,530.5
MDB,9/15/2026,575.0,592.0,566.0,572.9,-0.37,15397.0,705.8,530.5
MDB,9/16/2026,582.5,582.5,566.3,570.0,-2.15,2234.0,705.8,530.5
MDB,9/17/2026,580.0,580.0,568.2,568.5,-1.98,6793.0,705.8,530.5
MDB,9/18/2026,564.0,573.9,563.0,567.0,0.53,4544.0,705.8,530.5
MDB,9/22/2026,579.0,579.0,568.0,570.0,-1.55,6165.0,705.8,530.5
MDB,9/23/2026,565.0,569.3,555.0,555.1,-1.75,9187.0,705.8,530.5
MDB,9/24/2026,560.0,563.0,554.0,560.0,0.0,4541.0,705.8,530.5
MDB,9/28/2026,566.0,579.0,563.0,566.8,0.14,26170.0,705.8,530.5
MDB,9/29/2026,571.0,571.0,564.0,0.0,-100.0,1572.0,705.8,530.5
MDB,9/30/2026,574.6,574.6,556.0,559.0,-2.71,9385.0,705.8,530.5
MDB,10/1/2026,558.0,563.9,550.0,557.0,-0.18,9201.0,705.8,530.5
MDB,10/2/2026,556.0,560.0,556.0,558.0,0.36,13376.0,705.8,530.5
MDBPO,8/17/2026,318.0,318.0,318.0,318.0,0.0,26163.0,359.0,359.0
MEGA,10/8/2013,180.0,180.0,178.0,180.0,,12717.0,630.0,150.0
MEGA,10/9/2013,180.0,184.0,180.0,183.0,1.67,9847.0,630.0,150.0
MEGA,10/10/2013,183.0,186.0,180.0,182.0,-0.55,12824.0,630.0,150.0
MEGA,10/17/2013,182.0,188.0,180.0,185.0,1.65,7117.0,630.0,150.0
MEGA,10/20/2013,185.0,199.0,184.0,195.0,5.41,15767.0,630.0,150.0
MEGA,10/21/2013,195.0,209.0,195.0,204.0,4.62,42569.0,630.0,150.0
MEGA,10/22/2013,204.0,204.0,199.0,202.0,-0.98,28193.0,630.0,150.0
MEGA,10/23/2013,202.0,204.0,200.0,203.0,0.5,29883.0,630.0,150.0
MEGA,10/24/2013,203.0,204.0,200.0,201.0,-0.99,32429.0,630.0,150.0
MEGA,10/27/2013,201.0,201.0,198.0,200.0,-0.5,18437.0,630.0,150.0
MEGA,10/28/2013,200.0,204.0,198.0,204.0,2.0,22167.0,630.0,150.0
MEGA,10/29/2013,201.0,204.0,198.0,200.0,-1.96,23127.0,630.0,150.0
MEGA,10/30/2013,200.0,206.0,198.0,204.0,2.0,17704.0,630.0,150.0
MEGA,10/31/2013,204.0,205.0,200.0,202.0,-0.98,31586.0,630.0,150.0
MEGA,11/6/2013,202.0,202.0,199.0,201.0,-0.5,9339.0,630.0,150.0
MEGA,11/7/2013,201.0,221.0,202.0,218.0,8.46,23282.0,630.0,150.0
MEGA,11/11/2013,235.0,251.0,234.0,251.0,15.14,47417.0,630.0,150.0
MEGA,11/12/2013,251.0,270.0,252.0,260.0,3.59,39464.0,630.0,150.0
MEGA,11/13/2013,260.0,265.0,250.0,261.0,0.38,28781.0,630.0,150.0
MEGA,11/14/2013,261.0,260.0,250.0,259.0,-0.77,65668.0,630.0,150.0
MEGA,11/21/2013,259.0,274.0,264.0,274.0,5.79,1437.0,630.0,150.0
MEGA,11/24/2013,274.0,301.0,279.0,301.0,9.85,24087.0,630.0,150.0
MEGA,11/25/2013,301.0,307.0,295.0,304.0,1.0,61999.0,630.0,150.0
MEGA,11/26/2013,304.0,310.0,298.0,306.0,0.66,38528.0,630.0,150.0
MEGA,11/27/2013,306.0,305.0,295.0,300.0,-1.96,26979.0,630.0,150.0
MEGA,11/28/2013,300.0,301.0,298.0,300.0,0.0,19902.0,630.0,150.0
MEGA,12/1/2013,300.0,303.0,297.0,302.0,0.67,15636.0,630.0,150.0
MEGA,12/2/2013,302.0,308.0,300.0,308.0,1.99,16796.0,630.0,150.0
MEGA,12/3/2013,308.0,314.0,300.0,307.0,-0.32,30335.0,630.0,150.0
MEGA,12/4/2013,307.0,337.0,307.0,336.0,9.45,28739.0,630.0,150.0
MEGA,12/5/2013,336.0,369.0,336.0,355.0,5.65,37078.0,630.0,150.0
MEGA,12/8/2013,355.0,365.0,350.0,360.0,1.41,54814.0,630.0,150.0
MEGA,12/9/2013,360.0,361.0,352.0,361.0,0.28,18088.0,630.0,150.0
MEGA,12/10/2013,361.0,360.0,351.0,355.0,-1.66,23291.0,630.0,150.0
MEGA,12/11/2013,355.0,370.0,351.0,365.0,2.82,25732.0,630.0,150.0
MEGA,12/12/2013,365.0,372.0,358.0,370.0,1.37,24316.0,630.0,150.0
MEGA,12/15/2013,370.0,397.0,363.0,387.0,4.59,44716.0,630.0,150.0
MEGA,12/16/2013,387.0,425.0,390.0,425.0,9.82,4060.0,630.0,150.0
MEGA,12/18/2013,425.0,466.0,417.0,466.0,9.65,19071.0,630.0,150.0
MEGA,12/19/2013,466.0,475.0,436.0,458.0,-1.72,30840.0,630.0,150.0
MEGA,12/22/2013,460.0,459.0,439.0,446.0,-2.62,29438.0,630.0,150.0
MEGA,12/23/2013,445.0,440.0,401.0,407.0,-8.74,24224.0,630.0,150.0
MEGA,12/24/2013,407.0,420.0,367.0,402.0,-1.23,26733.0,630.0,150.0
MEGA,12/26/2013,401.0,435.0,401.0,411.0,2.24,38063.0,630.0,150.0
MEGA,12/29/2013,411.0,413.0,386.0,400.0,-2.68,50394.0,630.0,150.0
MEGA,12/31/2013,400.0,399.0,390.0,399.0,-0.25,10016.0,630.0,150.0
MEGA,1/1/2014,399.0,397.0,378.0,395.0,-1.0,10235.0,630.0,150.0
MEGA,1/2/2014,395.0,400.0,380.0,395.0,0.0,9280.0,630.0,150.0
MEGA,1/5/2014,395.0,409.0,390.0,395.0,0.0,11798.0,630.0,150.0
MEGA,1/6/2014,395.0,395.0,389.0,395.0,0.0,8382.0,630.0,150.0
MEGA,1/7/2014,395.0,397.0,388.0,392.0,-0.76,4507.0,630.0,150.0
MEGA,1/8/2014,392.0,413.0,388.0,406.0,3.57,7806.0,630.0,150.0
MEGA,1/9/2014,406.0,413.0,401.0,410.0,0.99,5863.0,630.0,150.0
MEGA,1/12/2014,410.0,438.0,406.0,430.0,4.88,7147.0,630.0,150.0
MEGA,1/13/2014,430.0,455.0,425.0,445.0,3.49,14056.0,630.0,150.0
MEGA,1/14/2014,445.0,450.0,440.0,444.0,-0.22,14042.0,630.0,150.0
MEGA,1/16/2014,444.0,459.0,436.0,456.0,2.7,11440.0,630.0,150.0
MEGA,1/19/2014,456.0,465.0,447.0,465.0,1.97,5526.0,630.0,150.0
MEGA,1/20/2014,465.0,464.0,448.0,455.0,-2.15,9940.0,630.0,150.0
MEGA,1/21/2014,455.0,462.0,446.0,460.0,1.1,8251.0,630.0,150.0
MEGA,1/22/2014,460.0,460.0,446.0,450.0,-2.17,5323.0,630.0,150.0
MEGA,1/23/2014,450.0,462.0,445.0,458.0,1.78,10211.0,630.0,150.0
MEGA,1/26/2014,458.0,461.0,450.0,455.0,-0.66,12610.0,630.0,150.0
MEGA,1/27/2014,455.0,458.0,440.0,455.0,0.0,4800.0,630.0,150.0
MEGA,1/28/2014,455.0,454.0,446.0,450.0,-1.1,9267.0,630.0,150.0
MEGA,1/29/2014,450.0,454.0,440.0,444.0,-1.33,4980.0,630.0,150.0
MEGA,2/2/2014,444.0,452.0,436.0,442.0,-0.45,3694.0,630.0,150.0
MEGA,2/3/2014,442.0,441.0,428.0,435.0,-1.58,4313.0,630.0,150.0
MEGA,2/4/2014,435.0,443.0,430.0,436.0,0.23,6477.0,630.0,150.0
MEGA,2/6/2014,440.0,440.0,429.0,435.0,-0.23,6401.0,630.0,150.0
MEGA,2/9/2014,435.0,437.0,420.0,435.0,0.0,18029.0,630.0,150.0
MEGA,2/10/2014,435.0,460.0,432.0,448.0,2.99,6015.0,630.0,150.0
MEGA,2/11/2014,448.0,445.0,430.0,438.0,-2.23,11360.0,630.0,150.0
MEGA,2/12/2014,438.0,444.0,432.0,437.0,-0.23,4403.0,630.0,150.0
MEGA,2/13/2014,437.0,440.0,430.0,434.0,-0.69,7254.0,630.0,150.0
MEGA,2/16/2014,434.0,435.0,425.0,431.0,-0.69,3887.0,630.0,150.0
MEGA,2/17/2014,431.0,432.0,415.0,422.0,-2.09,7472.0,630.0,150.0
MEGA,2/18/2014,422.0,439.0,422.0,439.0,4.03,9544.0,630.0,150.0
MEGA,2/20/2014,439.0,446.0,431.0,440.0,0.23,3510.0,630.0,150.0
MEGA,2/23/2014,440.0,442.0,431.0,432.0,-1.82,1778.0,630.0,150.0
MEGA,2/24/2014,432.0,455.0,430.0,437.0,1.16,5540.0,630.0,150.0
MEGA,2/25/2014,437.0,440.0,433.0,437.0,0.0,4435.0,630.0,150.0
MEGA,2/26/2014,437.0,445.0,425.0,435.0,-0.46,9213.0,630.0,150.0
MEGA,3/3/2014,435.0,436.0,410.0,410.0,-5.75,14187.0,630.0,150.0
MEGA,3/4/2014,410.0,408.0,395.0,408.0,-0.49,12914.0,630.0,150.0
MEGA,3/5/2014,408.0,427.0,407.0,420.0,2.94,3523.0,630.0,150.0
MEGA,3/6/2014,420.0,425.0,412.0,420.0,0.0,4336.0,630.0,150.0
MEGA,3/9/2014,420.0,419.0,403.0,410.0,-2.38,5118.0,630.0,150.0
MEGA,3/10/2014,410.0,412.0,402.0,412.0,0.49,5898.0,630.0,150.0
MEGA,3/11/2014,412.0,407.0,399.0,402.0,-2.43,5986.0,630.0,150.0
MEGA,3/12/2014,402.0,406.0,392.0,400.0,-0.5,7342.0,630.0,150.0
MEGA,3/13/2014,400.0,410.0,398.0,407.0,1.75,7155.0,630.0,150.0
MEGA,3/17/2014,407.0,405.0,386.0,386.0,-5.16,8732.0,630.0,150.0
MEGA,3/18/2014,386.0,392.0,376.0,376.0,-2.59,6769.0,630.0,150.0
MEGA,3/19/2014,376.0,405.0,380.0,393.0,4.52,9886.0,630.0,150.0
MEGA,3/20/2014,393.0,402.0,393.0,399.0,1.53,10039.0,630.0,150.0
MEGA,3/23/2014,399.0,402.0,392.0,400.0,0.25,7323.0,630.0,150.0
MEGA,3/24/2014,400.0,402.0,393.0,401.0,0.25,7322.0,630.0,150.0
MEGA,3/25/2014,401.0,400.0,395.0,400.0,-0.25,6445.0,630.0,150.0
MEGA,3/26/2014,400.0,400.0,395.0,398.0,-0.5,4659.0,630.0,150.0
MEGA,3/27/2014,398.0,401.0,397.0,400.0,0.5,4072.0,630.0,150.0
MEGA,3/31/2014,400.0,403.0,398.0,400.0,0.0,9194.0,630.0,150.0
MEGA,4/1/2014,400.0,412.0,393.0,403.0,0.75,9819.0,630.0,150.0
MEGA,4/2/2014,403.0,411.0,400.0,410.0,1.74,7994.0,630.0,150.0
MEGA,4/3/2014,410.0,410.0,400.0,400.0,-2.44,6924.0,630.0,150.0
MEGA,4/6/2014,400.0,404.0,395.0,404.0,1.0,9445.0,630.0,150.0
MEGA,4/7/2014,404.0,403.0,395.0,403.0,-0.25,5492.0,630.0,150.0
MEGA,4/9/2014,403.0,400.0,392.0,400.0,-0.74,12133.0,630.0,150.0
MEGA,4/10/2014,400.0,408.0,398.0,401.0,0.25,12550.0,630.0,150.0
MEGA,4/13/2014,401.0,405.0,400.0,404.0,0.75,8866.0,630.0,150.0
MEGA,4/15/2014,404.0,411.0,402.0,405.0,0.25,11423.0,630.0,150.0
MEGA,4/16/2014,405.0,408.0,396.0,401.0,-0.99,5725.0,630.0,150.0
MEGA,4/17/2014,401.0,401.0,397.0,401.0,0.0,9130.0,630.0,150.0
MEGA,4/20/2014,401.0,403.0,396.0,402.0,0.25,4923.0,630.0,150.0
MEGA,4/21/2014,402.0,400.0,395.0,398.0,-1.0,2463.0,630.0,150.0
MEGA,4/22/2014,398.0,401.0,396.0,401.0,0.75,4149.0,630.0,150.0
MEGA,4/23/2014,401.0,402.0,396.0,397.0,-1.0,4655.0,630.0,150.0
MEGA,4/27/2014,397.0,401.0,391.0,395.0,-0.5,5755.0,630.0,150.0
MEGA,4/28/2014,395.0,397.0,382.0,390.0,-1.27,7827.0,630.0,150.0
MEGA,4/29/2014,390.0,391.0,382.0,386.0,-1.03,8977.0,630.0,150.0
MEGA,4/30/2014,386.0,393.0,383.0,386.0,0.0,6318.0,630.0,150.0
MEGA,5/4/2014,386.0,401.0,382.0,398.0,3.11,19907.0,630.0,150.0
MEGA,5/5/2014,398.0,416.0,392.0,415.0,4.27,22992.0,630.0,150.0
MEGA,5/6/2014,415.0,443.0,415.0,423.0,1.93,32468.0,630.0,150.0
MEGA,5/7/2014,423.0,427.0,417.0,417.0,-1.42,12637.0,630.0,150.0
MEGA,5/8/2014,417.0,425.0,407.0,410.0,-1.68,5402.0,630.0,150.0
MEGA,5/11/2014,410.0,411.0,393.0,406.0,-0.98,8502.0,630.0,150.0
MEGA,5/12/2014,406.0,415.0,401.0,407.0,0.25,11286.0,630.0,150.0
MEGA,5/13/2014,407.0,410.0,405.0,408.0,0.25,8561.0,630.0,150.0
MEGA,5/15/2014,408.0,408.0,400.0,402.0,-1.47,5242.0,630.0,150.0
MEGA,5/18/2014,402.0,410.0,400.0,403.0,0.25,4117.0,630.0,150.0
MEGA,5/19/2014,403.0,408.0,398.0,401.0,-0.5,10476.0,630.0,150.0
MEGA,5/20/2014,401.0,408.0,398.0,405.0,1.0,6005.0,630.0,150.0
MEGA,5/21/2014,405.0,409.0,404.0,405.0,0.0,3076.0,630.0,150.0
MEGA,5/22/2014,405.0,405.0,400.0,400.0,-1.23,7236.0,630.0,150.0
MEGA,5/25/2014,400.0,405.0,398.0,399.0,-0.25,8083.0,630.0,150.0
MEGA,5/26/2014,399.0,405.0,400.0,403.0,1.0,7302.0,630.0,150.0
MEGA,5/27/2014,403.0,405.0,400.0,402.0,-0.25,7624.0,630.0,150.0
MEGA,5/28/2014,402.0,405.0,400.0,401.0,-0.25,6012.0,630.0,150.0
MEGA,6/1/2014,401.0,405.0,398.0,400.0,-0.25,7145.0,630.0,150.0
MEGA,6/2/2014,400.0,407.0,399.0,404.0,1.0,9966.0,630.0,150.0
MEGA,6/3/2014,404.0,425.0,401.0,410.0,1.49,13739.0,630.0,150.0
MEGA,6/4/2014,410.0,416.0,409.0,416.0,1.46,5390.0,630.0,150.0
MEGA,6/5/2014,416.0,414.0,407.0,410.0,-1.44,2270.0,630.0,150.0
MEGA,6/8/2014,410.0,410.0,400.0,404.0,-1.46,15936.0,630.0,150.0
MEGA,6/9/2014,404.0,409.0,400.0,403.0,-0.25,11165.0,630.0,150.0
MEGA,6/10/2014,403.0,420.0,405.0,417.0,3.47,18071.0,630.0,150.0
MEGA,6/11/2014,417.0,427.0,411.0,420.0,0.72,14733.0,630.0,150.0
MEGA,6/12/2014,420.0,423.0,417.0,420.0,0.0,11010.0,630.0,150.0
MEGA,6/15/2014,420.0,434.0,420.0,430.0,2.38,24792.0,630.0,150.0
MEGA,6/16/2014,430.0,439.0,430.0,435.0,1.16,25390.0,630.0,150.0
MEGA,6/17/2014,435.0,443.0,420.0,435.0,0.0,24447.0,630.0,150.0
MEGA,6/18/2014,435.0,440.0,428.0,431.0,-0.92,10886.0,630.0,150.0
MEGA,6/19/2014,431.0,433.0,416.0,425.0,-1.39,13483.0,630.0,150.0
MEGA,6/23/2014,425.0,425.0,415.0,421.0,-0.94,14821.0,630.0,150.0
MEGA,6/24/2014,421.0,432.0,413.0,421.0,0.0,4208.0,630.0,150.0
MEGA,6/25/2014,421.0,435.0,422.0,425.0,0.95,6298.0,630.0,150.0
MEGA,6/26/2014,425.0,429.0,424.0,425.0,0.0,9406.0,630.0,150.0
MEGA,6/29/2014,425.0,435.0,427.0,432.0,1.65,11386.0,630.0,150.0
MEGA,6/30/2014,432.0,432.0,422.0,425.0,-1.62,7604.0,630.0,150.0
MEGA,7/1/2014,425.0,431.0,417.0,425.0,0.0,8621.0,630.0,150.0
MEGA,7/2/2014,425.0,433.0,419.0,431.0,1.41,7412.0,630.0,150.0
MEGA,7/3/2014,431.0,431.0,425.0,427.0,-0.93,9247.0,630.0,150.0
MEGA,7/6/2014,427.0,432.0,425.0,430.0,0.7,11529.0,630.0,150.0
MEGA,7/7/2014,430.0,446.0,425.0,428.0,-0.47,15117.0,630.0,150.0
MEGA,7/8/2014,428.0,455.0,430.0,455.0,6.31,20871.0,630.0,150.0
MEGA,7/9/2014,455.0,455.0,440.0,453.0,-0.44,6173.0,630.0,150.0
MEGA,7/10/2014,453.0,456.0,433.0,455.0,0.44,13865.0,630.0,150.0
MEGA,7/13/2014,455.0,482.0,452.0,465.0,2.2,19804.0,630.0,150.0
MEGA,7/14/2014,465.0,460.0,447.0,451.0,-3.01,10986.0,630.0,150.0
MEGA,7/15/2014,451.0,455.0,441.0,446.0,-1.11,11623.0,630.0,150.0
MEGA,7/16/2014,446.0,464.0,439.0,449.0,0.67,9783.0,630.0,150.0
MEGA,7/17/2014,449.0,469.0,445.0,460.0,2.45,17645.0,630.0,150.0
MEGA,7/20/2014,460.0,480.0,456.0,479.0,4.13,22793.0,630.0,150.0
MEGA,7/21/2014,479.0,495.0,471.0,476.0,-0.63,20390.0,630.0,150.0
MEGA,7/22/2014,476.0,478.0,448.0,469.0,-1.47,11842.0,630.0,150.0
MEGA,7/23/2014,469.0,475.0,460.0,465.0,-0.85,18723.0,630.0,150.0
MEGA,7/24/2014,465.0,500.0,470.0,483.0,3.87,46763.0,630.0,150.0
MEGA,7/27/2014,483.0,499.0,480.0,485.0,0.41,17065.0,630.0,150.0
MEGA,7/28/2014,485.0,489.0,483.0,483.0,-0.41,5923.0,630.0,150.0
MEGA,7/30/2014,483.0,485.0,462.0,470.0,-2.69,7782.0,630.0,150.0
MEGA,7/31/2014,470.0,474.0,462.0,472.0,0.43,9642.0,630.0,150.0
MEGA,8/3/2014,472.0,476.0,439.0,460.0,-2.54,9294.0,630.0,150.0
MEGA,8/4/2014,460.0,460.0,432.0,450.0,-2.17,10640.0,630.0,150.0
MEGA,8/5/2014,450.0,459.0,448.0,450.0,0.0,11424.0,630.0,150.0
MEGA,8/6/2014,450.0,452.0,443.0,444.0,-1.33,9892.0,630.0,150.0
MEGA,8/7/2014,444.0,450.0,426.0,450.0,1.35,10455.0,630.0,150.0
MEGA,8/12/2014,450.0,450.0,429.0,431.0,-4.22,5058.0,630.0,150.0
MEGA,8/13/2014,431.0,457.0,425.0,440.0,2.09,9390.0,630.0,150.0
MEGA,8/14/2014,440.0,445.0,428.0,439.0,-0.23,7629.0,630.0,150.0
MEGA,8/18/2014,439.0,441.0,420.0,420.0,-4.33,7948.0,630.0,150.0
MEGA,8/19/2014,420.0,445.0,413.0,425.0,1.19,8877.0,630.0,150.0
MEGA,8/20/2014,425.0,428.0,415.0,425.0,0.0,23514.0,630.0,150.0
MEGA,8/21/2014,425.0,440.0,405.0,440.0,3.53,11988.0,630.0,150.0
MEGA,8/24/2014,440.0,440.0,420.0,420.0,-4.55,4455.0,630.0,150.0
MEGA,8/25/2014,420.0,420.0,400.0,414.0,-1.43,14056.0,630.0,150.0
MEGA,8/26/2014,414.0,428.0,398.0,407.0,-1.69,10965.0,630.0,150.0
MEGA,8/27/2014,407.0,426.0,410.0,415.0,1.97,14587.0,630.0,150.0
MEGA,8/28/2014,415.0,430.0,419.0,420.0,1.2,7241.0,630.0,150.0
MEGA,8/31/2014,420.0,425.0,405.0,408.0,-2.86,9284.0,630.0,150.0
MEGA,9/1/2014,408.0,410.0,396.0,405.0,-0.74,16238.0,630.0,150.0
MEGA,9/3/2014,405.0,413.0,400.0,405.0,0.0,4860.0,630.0,150.0
MEGA,9/4/2014,405.0,408.0,393.0,394.0,-2.72,14337.0,630.0,150.0
MEGA,9/7/2014,394.0,395.0,371.0,382.0,-3.05,7272.0,630.0,150.0
MEGA,9/9/2014,382.0,407.0,378.0,407.0,6.54,12127.0,630.0,150.0
MEGA,9/10/2014,407.0,415.0,386.0,395.0,-2.95,14776.0,630.0,150.0
MEGA,9/11/2014,395.0,406.0,385.0,406.0,2.78,8360.0,630.0,150.0
MEGA,9/14/2014,406.0,402.0,390.0,390.0,-3.94,6625.0,630.0,150.0
MEGA,9/15/2014,390.0,401.0,390.0,397.0,1.79,3247.0,630.0,150.0
MEGA,9/16/2014,397.0,400.0,390.0,395.0,-0.5,11019.0,630.0,150.0
MEGA,9/17/2014,395.0,400.0,390.0,395.0,0.0,5412.0,630.0,150.0
MEGA,9/18/2014,395.0,397.0,385.0,387.0,-2.03,5683.0,630.0,150.0
MEGA,9/21/2014,387.0,387.0,373.0,380.0,-1.81,5461.0,630.0,150.0
MEGA,9/22/2014,380.0,384.0,371.0,379.0,-0.26,3433.0,630.0,150.0
MEGA,9/23/2014,379.0,390.0,372.0,383.0,1.06,2838.0,630.0,150.0
MEGA,9/24/2014,383.0,394.0,380.0,388.0,1.31,2984.0,630.0,150.0
MEGA,9/28/2014,388.0,398.0,390.0,393.0,1.29,2564.0,630.0,150.0
MEGA,9/29/2014,393.0,402.0,390.0,400.0,1.78,2804.0,630.0,150.0
MEGA,9/30/2014,400.0,408.0,395.0,395.0,-1.25,2430.0,630.0,150.0
MEGA,10/8/2014,395.0,396.0,381.0,396.0,0.25,2654.0,630.0,150.0
MEGA,10/9/2014,396.0,402.0,396.0,400.0,1.01,2970.0,630.0,150.0
MEGA,10/12/2014,400.0,408.0,390.0,393.0,-1.75,2381.0,630.0,150.0
MEGA,10/13/2014,393.0,393.0,373.0,380.0,-3.31,6067.0,630.0,150.0
MEGA,10/14/2014,380.0,385.0,368.0,383.0,0.79,7017.0,630.0,150.0
MEGA,10/15/2014,383.0,395.0,378.0,388.0,1.31,3468.0,630.0,150.0
MEGA,10/16/2014,388.0,395.0,383.0,395.0,1.8,1914.0,630.0,150.0
MEGA,10/19/2014,395.0,400.0,389.0,395.0,0.0,2052.0,630.0,150.0
MEGA,10/20/2014,395.0,390.0,383.0,390.0,-1.27,2218.0,630.0,150.0
MEGA,10/21/2014,390.0,390.0,380.0,386.0,-1.03,3973.0,630.0,150.0
MEGA,10/22/2014,386.0,391.0,382.0,390.0,1.04,3178.0,630.0,150.0
MEGA,10/26/2014,390.0,395.0,390.0,395.0,1.28,915.0,630.0,150.0
MEGA,10/27/2014,395.0,395.0,389.0,395.0,0.0,2729.0,630.0,150.0
MEGA,10/28/2014,395.0,393.0,379.0,384.0,-2.78,4442.0,630.0,150.0
MEGA,10/30/2014,384.0,387.0,380.0,380.0,-1.04,6239.0,630.0,150.0
MEGA,11/2/2014,380.0,382.0,378.0,379.0,-0.26,3640.0,630.0,150.0
MEGA,11/3/2014,379.0,380.0,372.0,377.0,-0.53,4496.0,630.0,150.0
MEGA,11/4/2014,377.0,375.0,364.0,372.0,-1.33,6147.0,630.0,150.0
MEGA,11/5/2014,372.0,381.0,371.0,376.0,1.08,2748.0,630.0,150.0
MEGA,11/6/2014,376.0,380.0,374.0,375.0,-0.27,3310.0,630.0,150.0
MEGA,11/9/2014,375.0,375.0,367.0,371.0,-1.07,3613.0,630.0,150.0
MEGA,11/10/2014,371.0,371.0,352.0,365.0,-1.62,1138.0,630.0,150.0
MEGA,11/11/2014,365.0,384.0,360.0,370.0,1.37,5823.0,630.0,150.0
MEGA,11/12/2014,370.0,371.0,359.0,369.0,-0.27,4209.0,630.0,150.0
MEGA,11/13/2014,369.0,375.0,362.0,370.0,0.27,2411.0,630.0,150.0
MEGA,11/16/2014,370.0,364.0,353.0,353.0,-4.59,6098.0,630.0,150.0
MEGA,11/17/2014,353.0,359.0,330.0,340.0,-3.68,11624.0,630.0,150.0
MEGA,11/18/2014,340.0,339.0,310.0,329.0,-3.24,6573.0,630.0,150.0
MEGA,11/19/2014,329.0,338.0,330.0,335.0,1.82,10188.0,630.0,150.0
MEGA,11/20/2014,335.0,351.0,333.0,343.0,2.39,3518.0,630.0,150.0
MEGA,11/23/2014,343.0,362.0,343.0,346.0,0.87,3801.0,630.0,150.0
MEGA,11/24/2014,346.0,350.0,341.0,344.0,-0.58,2629.0,630.0,150.0
MEGA,11/25/2014,344.0,343.0,335.0,343.0,-0.29,3289.0,630.0,150.0
MEGA,11/30/2014,343.0,339.0,328.0,337.0,-1.75,1394.0,630.0,150.0
MEGA,12/1/2014,337.0,339.0,332.0,335.0,-0.59,1999.0,630.0,150.0
MEGA,12/2/2014,335.0,332.0,328.0,329.0,-1.79,4181.0,630.0,150.0
MEGA,12/3/2014,329.0,342.0,324.0,340.0,3.34,6218.0,630.0,150.0
MEGA,12/4/2014,340.0,348.0,339.0,342.0,0.59,3225.0,630.0,150.0
MEGA,12/7/2014,342.0,345.0,335.0,344.0,0.58,3967.0,630.0,150.0
MEGA,12/8/2014,344.0,347.0,331.0,345.0,0.29,6554.0,630.0,150.0
MEGA,12/9/2014,345.0,368.0,345.0,365.0,5.8,23418.0,630.0,150.0
MEGA,12/10/2014,365.0,380.0,365.0,369.0,1.1,11661.0,630.0,150.0
MEGA,12/11/2014,369.0,394.0,374.0,391.0,5.96,13458.0,630.0,150.0
MEGA,12/14/2014,391.0,412.0,397.0,408.0,4.35,10641.0,630.0,150.0
MEGA,12/15/2014,408.0,421.0,392.0,415.0,1.72,14353.0,630.0,150.0
MEGA,12/16/2014,415.0,415.0,393.0,408.0,-1.69,9735.0,630.0,150.0
MEGA,12/17/2014,408.0,405.0,400.0,405.0,-0.74,7886.0,630.0,150.0
MEGA,12/18/2014,405.0,408.0,395.0,403.0,-0.49,4003.0,630.0,150.0
MEGA,12/21/2014,403.0,400.0,391.0,396.0,-1.74,5155.0,630.0,150.0
MEGA,12/22/2014,396.0,395.0,385.0,389.0,-1.77,2999.0,630.0,150.0
MEGA,12/23/2014,389.0,399.0,382.0,385.0,-1.03,7889.0,630.0,150.0
MEGA,12/24/2014,385.0,400.0,385.0,394.0,2.34,12433.0,630.0,150.0
MEGA,12/28/2014,394.0,407.0,393.0,401.0,1.78,16175.0,630.0,150.0
MEGA,12/29/2014,401.0,401.0,386.0,390.0,-2.74,20093.0,630.0,150.0
MEGA,12/31/2014,348.0,365.0,345.0,365.0,-6.41,1050.0,630.0,150.0
MEGA,1/1/2015,365.0,370.0,360.0,365.0,0.0,762.0,630.0,150.0
MEGA,1/4/2015,365.0,385.0,370.0,376.0,3.01,1840.0,630.0,150.0
MEGA,1/5/2015,376.0,382.0,379.0,381.0,1.33,469.0,630.0,150.0
MEGA,1/6/2015,381.0,382.0,370.0,370.0,-2.89,698.0,630.0,150.0
MEGA,1/7/2015,370.0,372.0,365.0,365.0,-1.35,740.0,630.0,150.0
MEGA,1/8/2015,365.0,379.0,365.0,372.0,1.92,747.0,630.0,150.0
MEGA,1/11/2015,372.0,370.0,366.0,366.0,-1.61,115.0,630.0,150.0
MEGA,1/12/2015,366.0,365.0,355.0,360.0,-1.64,1047.0,630.0,150.0
MEGA,1/13/2015,360.0,367.0,360.0,365.0,1.39,1445.0,630.0,150.0
MEGA,1/14/2015,365.0,370.0,365.0,366.0,0.27,244.0,630.0,150.0
MEGA,1/18/2015,366.0,375.0,365.0,375.0,2.46,2519.0,630.0,150.0
MEGA,1/19/2015,375.0,392.0,382.0,392.0,4.53,863.0,630.0,150.0
MEGA,1/20/2015,392.0,390.0,371.0,376.0,-4.08,3144.0,630.0,150.0
MEGA,1/22/2015,376.0,375.0,369.0,374.0,-0.53,2637.0,630.0,150.0
MEGA,1/25/2015,374.0,381.0,371.0,376.0,0.53,3949.0,630.0,150.0
MEGA,1/26/2015,376.0,387.0,374.0,375.0,-0.27,1378.0,630.0,150.0
MEGA,1/27/2015,375.0,386.0,379.0,386.0,2.93,5148.0,630.0,150.0
MEGA,1/28/2015,386.0,402.0,380.0,395.0,2.33,4762.0,630.0,150.0
MEGA,5/30/2016,394.0,433.0,413.0,433.0,9.62,675.0,630.0,150.0
MEGA,5/31/2016,433.0,476.0,441.0,476.0,9.93,539.0,630.0,150.0
MEGA,6/1/2016,476.0,523.0,485.0,523.0,9.87,204327.0,630.0,150.0
MEGA,6/2/2016,523.0,526.0,500.0,508.0,-2.87,125275.0,630.0,150.0
MEGA,6/5/2016,508.0,501.0,482.0,487.0,-4.13,51160.0,630.0,150.0
MEGA,6/6/2016,487.0,514.0,495.0,505.0,3.7,49675.0,630.0,150.0
MEGA,6/7/2016,505.0,526.0,502.0,524.0,3.76,64356.0,630.0,150.0
MEGA,6/8/2016,524.0,525.0,515.0,518.0,-1.15,27579.0,630.0,150.0
MEGA,6/9/2016,518.0,522.0,507.0,512.0,-1.16,19533.0,630.0,150.0
MEGA,6/12/2016,512.0,520.0,503.0,516.0,0.78,24062.0,630.0,150.0
MEGA,6/13/2016,516.0,526.0,510.0,517.0,0.19,17005.0,630.0,150.0
MEGA,6/14/2016,517.0,522.0,510.0,516.0,-0.19,30345.0,630.0,150.0
MEGA,6/15/2016,516.0,520.0,510.0,515.0,-0.19,14412.0,630.0,150.0
MEGA,6/16/2016,515.0,520.0,501.0,510.0,-0.97,24120.0,630.0,150.0
MEGA,6/19/2016,510.0,507.0,497.0,497.0,-2.55,18727.0,630.0,150.0
MEGA,6/20/2016,497.0,503.0,490.0,494.0,-0.6,13142.0,630.0,150.0
MEGA,6/21/2016,494.0,500.0,491.0,497.0,0.61,10068.0,630.0,150.0
MEGA,6/22/2016,497.0,519.0,503.0,504.0,1.41,12497.0,630.0,150.0
MEGA,6/23/2016,504.0,508.0,496.0,508.0,0.79,31375.0,630.0,150.0
MEGA,6/26/2016,508.0,511.0,500.0,511.0,0.59,9229.0,630.0,150.0
MEGA,6/27/2016,511.0,540.0,501.0,530.0,3.72,22846.0,630.0,150.0
MEGA,6/28/2016,530.0,548.0,522.0,528.0,-0.38,27975.0,630.0,150.0
MEGA,6/29/2016,528.0,570.0,535.0,555.0,5.11,82274.0,630.0,150.0
MEGA,6/30/2016,555.0,601.0,555.0,581.0,4.68,106725.0,630.0,150.0
MEGA,7/3/2016,581.0,612.0,575.0,580.0,-0.17,63719.0,630.0,150.0
MEGA,7/4/2016,580.0,590.0,572.0,572.0,-1.38,16977.0,630.0,150.0
MEGA,7/5/2016,572.0,574.0,556.0,566.0,-1.05,23695.0,630.0,150.0
MEGA,7/6/2016,566.0,568.0,550.0,559.0,-1.24,16834.0,630.0,150.0
MEGA,7/10/2016,559.0,580.0,561.0,565.0,1.07,19480.0,630.0,150.0
MEGA,7/11/2016,565.0,566.0,557.0,559.0,-1.06,11583.0,630.0,150.0
MEGA,7/12/2016,559.0,567.0,531.0,550.0,-1.61,16238.0,630.0,150.0
MEGA,7/13/2016,550.0,556.0,525.0,548.0,-0.36,17263.0,630.0,150.0
MEGA,7/14/2016,548.0,565.0,550.0,565.0,3.1,20798.0,630.0,150.0
MEGA,7/17/2016,565.0,615.0,560.0,600.0,6.19,66200.0,630.0,150.0
MEGA,7/18/2016,600.0,630.0,610.0,620.0,3.33,81049.0,630.0,150.0
MEGA,7/19/2016,620.0,629.0,604.0,618.0,-0.32,65881.0,630.0,150.0
MEGA,7/20/2016,618.0,624.0,598.0,605.0,-2.1,61862.0,630.0,150.0
MEGA,7/21/2016,605.0,610.0,595.0,601.0,-0.66,75088.0,630.0,150.0
MEGA,7/25/2016,501.0,525.0,500.0,518.0,-13.81,53083.0,630.0,150.0
MEGA,7/26/2016,518.0,550.0,520.0,540.0,4.25,40561.0,630.0,150.0
MEGA,7/27/2016,540.0,550.0,530.0,536.0,-0.74,28104.0,630.0,150.0
MEGA,7/28/2016,536.0,541.0,510.0,540.0,0.75,35506.0,630.0,150.0
MEGA,7/31/2016,540.0,535.0,516.0,528.0,-2.22,24982.0,630.0,150.0
MEGA,8/1/2016,528.0,528.0,514.0,516.0,-2.27,31840.0,630.0,150.0
MEGA,8/2/2016,516.0,532.0,515.0,530.0,2.71,32761.0,630.0,150.0
MEGA,8/3/2016,530.0,533.0,510.0,520.0,-1.89,19545.0,630.0,150.0
MEGA,8/4/2016,520.0,520.0,499.0,501.0,-3.65,27799.0,630.0,150.0
MEGA,8/7/2016,501.0,530.0,495.0,495.0,-1.2,16578.0,630.0,150.0
MEGA,8/8/2016,495.0,496.0,462.0,462.0,-6.67,19782.0,630.0,150.0
MEGA,8/9/2016,462.0,508.0,471.0,508.0,9.96,2278.0,630.0,150.0
MEGA,8/10/2016,508.0,535.0,490.0,514.0,1.18,31115.0,630.0,150.0
MEGA,8/11/2016,514.0,524.0,510.0,518.0,0.78,17614.0,630.0,150.0
MEGA,8/14/2016,518.0,516.0,492.0,500.0,-3.47,17636.0,630.0,150.0
MEGA,8/15/2016,500.0,499.0,462.0,487.0,-2.6,11529.0,630.0,150.0
MEGA,8/16/2016,487.0,499.0,480.0,493.0,1.23,15323.0,630.0,150.0
MEGA,8/17/2016,493.0,502.0,490.0,490.0,-0.61,13679.0,630.0,150.0
MEGA,8/21/2016,490.0,498.0,484.0,489.0,-0.2,7201.0,630.0,150.0
MEGA,8/22/2016,489.0,494.0,470.0,479.0,-2.04,14586.0,630.0,150.0
MEGA,8/23/2016,479.0,490.0,471.0,475.0,-0.84,6274.0,630.0,150.0
MEGA,8/24/2016,475.0,490.0,470.0,481.0,1.26,12488.0,630.0,150.0
MEGA,8/28/2016,481.0,491.0,475.0,478.0,-0.62,17723.0,630.0,150.0
MEGA,8/29/2016,478.0,490.0,470.0,487.0,1.88,29821.0,630.0,150.0
MEGA,8/30/2016,487.0,504.0,485.0,504.0,3.49,31702.0,630.0,150.0
MEGA,8/31/2016,504.0,514.0,493.0,493.0,-2.18,18001.0,630.0,150.0
MEGA,9/1/2016,493.0,506.0,497.0,500.0,1.42,26723.0,630.0,150.0
MEGA,9/3/2016,500.0,510.0,493.0,499.0,-0.2,23239.0,630.0,150.0
MEGA,9/4/2016,500.0,510.0,493.0,499.0,0.0,23239.0,630.0,150.0
MEGA,9/5/2016,499.0,526.0,496.0,525.0,5.21,42613.0,630.0,150.0
MEGA,9/6/2016,525.0,540.0,520.0,537.0,2.29,69626.0,630.0,150.0
MEGA,9/7/2016,537.0,545.0,511.0,532.0,-0.93,51005.0,630.0,150.0
MEGA,9/8/2016,532.0,540.0,512.0,532.0,0.0,35594.0,630.0,150.0
MEGA,9/11/2016,532.0,535.0,524.0,530.0,-0.38,29892.0,630.0,150.0
MEGA,9/12/2016,530.0,529.0,522.0,525.0,-0.94,24781.0,630.0,150.0
MEGA,9/14/2016,525.0,535.0,520.0,521.0,-0.76,29065.0,630.0,150.0
MEGA,9/18/2016,521.0,524.0,510.0,513.0,-1.54,33037.0,630.0,150.0
MEGA,9/20/2016,513.0,515.0,493.0,507.0,-1.17,19732.0,630.0,150.0
MEGA,9/21/2016,507.0,520.0,485.0,506.0,-0.2,21773.0,630.0,150.0
MEGA,9/22/2016,506.0,510.0,500.0,503.0,-0.59,27475.0,630.0,150.0
MEGA,9/25/2016,503.0,498.0,480.0,491.0,-2.39,30862.0,630.0,150.0
MEGA,9/26/2016,491.0,504.0,491.0,497.0,1.22,26945.0,630.0,150.0
MEGA,9/27/2016,497.0,505.0,498.0,498.0,0.2,22102.0,630.0,150.0
MEGA,9/28/2016,498.0,510.0,489.0,501.0,0.6,10872.0,630.0,150.0
MEGA,9/29/2016,501.0,510.0,495.0,505.0,0.8,30101.0,630.0,150.0
MEGA,10/2/2016,505.0,501.0,490.0,498.0,-1.39,24291.0,630.0,150.0
MEGA,10/3/2016,498.0,505.0,498.0,499.0,0.2,10370.0,630.0,150.0
MEGA,10/4/2016,499.0,507.0,502.0,504.0,1.0,9013.0,630.0,150.0
MEGA,10/5/2016,504.0,510.0,500.0,507.0,0.6,6677.0,630.0,150.0
MEGA,10/6/2016,507.0,515.0,503.0,510.0,0.59,14552.0,630.0,150.0
MEGA,10/16/2016,510.0,515.0,500.0,505.0,-0.98,16618.0,630.0,150.0
MEGA,10/17/2016,505.0,510.0,495.0,504.0,-0.2,6314.0,630.0,150.0
MEGA,10/18/2016,504.0,505.0,495.0,504.0,0.0,14250.0,630.0,150.0
MEGA,10/19/2016,504.0,503.0,498.0,500.0,-0.79,15686.0,630.0,150.0
MEGA,10/20/2016,500.0,509.0,496.0,499.0,-0.2,11155.0,630.0,150.0
MEGA,10/23/2016,499.0,503.0,491.0,493.0,-1.2,26765.0,630.0,150.0
MEGA,10/24/2016,493.0,500.0,488.0,489.0,-0.81,15459.0,630.0,150.0
MEGA,10/25/2016,489.0,489.0,482.0,488.0,-0.2,11307.0,630.0,150.0
MEGA,10/26/2016,488.0,536.0,479.0,529.0,8.4,53661.0,630.0,150.0
MEGA,10/27/2016,529.0,535.0,514.0,534.0,0.95,45511.0,630.0,150.0
MEGA,11/3/2016,534.0,530.0,515.0,518.0,-3.0,11640.0,630.0,150.0
MEGA,11/7/2016,518.0,517.0,509.0,509.0,-1.74,6977.0,630.0,150.0
MEGA,11/8/2016,509.0,515.0,495.0,497.0,-2.36,8088.0,630.0,150.0
MEGA,11/9/2016,497.0,500.0,487.0,488.0,-1.81,18589.0,630.0,150.0
MEGA,11/10/2016,488.0,500.0,485.0,498.0,2.05,14940.0,630.0,150.0
MEGA,11/13/2016,498.0,500.0,485.0,499.0,0.2,8606.0,630.0,150.0
MEGA,11/14/2016,499.0,503.0,495.0,502.0,0.6,18267.0,630.0,150.0
MEGA,11/15/2016,502.0,500.0,493.0,493.0,-1.79,20196.0,630.0,150.0
MEGA,11/16/2016,493.0,495.0,482.0,489.0,-0.81,12477.0,630.0,150.0
MEGA,11/17/2016,489.0,495.0,480.0,481.0,-1.64,6360.0,630.0,150.0
MEGA,11/20/2016,481.0,480.0,442.0,461.0,-4.16,22982.0,630.0,150.0
MEGA,11/21/2016,461.0,475.0,440.0,462.0,0.22,24805.0,630.0,150.0
MEGA,11/22/2016,462.0,469.0,447.0,450.0,-2.6,16402.0,630.0,150.0
MEGA,11/23/2016,450.0,472.0,439.0,468.0,4.0,45450.0,630.0,150.0
MEGA,11/24/2016,468.0,480.0,456.0,465.0,-0.64,13405.0,630.0,150.0
MEGA,11/27/2016,465.0,468.0,437.0,442.0,-4.95,27110.0,630.0,150.0
MEGA,11/28/2016,442.0,473.0,416.0,465.0,5.2,21212.0,630.0,150.0
MEGA,11/29/2016,465.0,488.0,442.0,488.0,4.95,25437.0,630.0,150.0
MEGA,11/30/2016,488.0,522.0,482.0,515.0,5.53,80078.0,630.0,150.0
MEGA,12/1/2016,515.0,525.0,505.0,516.0,0.19,53924.0,630.0,150.0
MEGA,12/4/2016,516.0,530.0,500.0,526.0,1.94,104794.0,630.0,150.0
MEGA,12/5/2016,526.0,536.0,515.0,520.0,-1.14,100454.0,630.0,150.0
MEGA,12/6/2016,520.0,525.0,513.0,519.0,-0.19,49039.0,630.0,150.0
MEGA,12/7/2016,519.0,525.0,516.0,517.0,-0.39,35869.0,630.0,150.0
MEGA,12/8/2016,517.0,520.0,515.0,517.0,0.0,24110.0,630.0,150.0
MEGA,12/11/2016,517.0,525.0,512.0,516.0,-0.19,17394.0,630.0,150.0
MEGA,12/12/2016,516.0,512.0,496.0,509.0,-1.36,13590.0,630.0,150.0
MEGA,12/14/2016,509.0,515.0,500.0,515.0,1.18,11383.0,630.0,150.0
MEGA,12/15/2016,515.0,517.0,509.0,514.0,-0.19,23173.0,630.0,150.0
MEGA,12/18/2016,514.0,518.0,507.0,507.0,-1.36,18458.0,630.0,150.0
MEGA,12/19/2016,507.0,510.0,501.0,501.0,-1.18,18013.0,630.0,150.0
MEGA,12/20/2016,501.0,507.0,495.0,498.0,-0.6,16250.0,630.0,150.0
MEGA,12/21/2016,498.0,500.0,489.0,490.0,-1.61,9544.0,630.0,150.0
MEGA,12/22/2016,490.0,495.0,487.0,490.0,0.0,6785.0,630.0,150.0
MEGA,12/26/2016,490.0,490.0,470.0,470.0,-4.08,17269.0,630.0,150.0
MEGA,12/27/2016,470.0,475.0,458.0,472.0,0.43,18631.0,630.0,150.0
MEGA,12/28/2016,472.0,481.0,456.0,469.0,-0.64,16531.0,630.0,150.0
MEGA,12/29/2016,469.0,494.0,468.0,475.0,1.28,21082.0,630.0,150.0
MEGA,1/1/2017,475.0,495.0,480.0,493.0,3.79,14110.0,630.0,150.0
MEGA,1/2/2017,493.0,500.0,490.0,498.0,1.01,28119.0,630.0,150.0
MEGA,1/3/2017,498.0,501.0,481.0,487.0,-2.21,11625.0,630.0,150.0
MEGA,1/4/2017,487.0,499.0,478.0,495.0,1.64,13092.0,630.0,150.0
MEGA,1/5/2017,495.0,490.0,480.0,488.0,-1.41,10909.0,630.0,150.0
MEGA,1/8/2017,488.0,486.0,481.0,484.0,-0.82,12525.0,630.0,150.0
MEGA,1/9/2017,484.0,489.0,480.0,484.0,0.0,6021.0,630.0,150.0
MEGA,1/10/2017,484.0,497.0,480.0,497.0,2.69,31198.0,630.0,150.0
MEGA,1/11/2017,497.0,494.0,484.0,490.0,-1.41,15118.0,630.0,150.0
MEGA,1/12/2017,490.0,490.0,485.0,490.0,0.0,5787.0,630.0,150.0
MEGA,1/15/2017,490.0,490.0,482.0,485.0,-1.02,10490.0,630.0,150.0
MEGA,1/16/2017,485.0,481.0,471.0,475.0,-2.06,8248.0,630.0,150.0
MEGA,1/17/2017,475.0,477.0,470.0,475.0,0.0,6281.0,630.0,150.0
MEGA,1/18/2017,475.0,475.0,469.0,471.0,-0.84,13862.0,630.0,150.0
MEGA,1/19/2017,471.0,475.0,458.0,458.0,-2.76,33390.0,630.0,150.0
MEGA,4/30/2017,458.0,458.0,458.0,458.0,0.0,6973.0,630.0,150.0
MEGA,6/18/2017,458.0,458.0,458.0,458.0,0.0,2961.0,630.0,150.0
MEGA,2/11/2018,458.0,449.0,449.0,449.0,-1.97,58.0,630.0,150.0
MEGA,2/15/2018,449.0,449.0,449.0,449.0,0.0,923.0,630.0,150.0
MEGA,5/28/2018,306.0,306.0,281.0,281.0,-37.42,425.0,630.0,150.0
MEGA,5/29/2018,276.0,276.0,253.0,253.0,-9.96,840.0,630.0,150.0
MEGA,5/30/2018,248.0,248.0,228.0,228.0,-9.88,30705.0,630.0,150.0
MEGA,5/31/2018,224.0,224.0,206.0,206.0,-9.65,1905.0,630.0,150.0
MEGA,6/3/2018,202.0,202.0,186.0,186.0,-9.71,8490.0,630.0,150.0
MEGA,6/4/2018,183.0,185.0,172.0,180.0,-3.23,195737.0,630.0,150.0
MEGA,6/6/2018,180.0,191.0,177.0,179.0,-0.56,85545.0,630.0,150.0
MEGA,6/7/2018,180.0,180.0,175.0,177.0,-1.12,116948.0,630.0,150.0
MEGA,6/10/2018,177.0,178.0,173.0,175.0,-1.13,147177.0,630.0,150.0
MEGA,6/11/2018,175.0,176.0,171.0,175.0,0.0,60955.0,630.0,150.0
MEGA,6/12/2018,174.0,175.0,170.0,172.0,-1.71,77181.0,630.0,150.0
MEGA,6/13/2018,175.0,179.0,173.0,179.0,4.07,78227.0,630.0,150.0
MEGA,6/14/2018,180.0,188.0,178.0,181.0,1.12,101778.0,630.0,150.0
MEGA,6/17/2018,180.0,187.0,179.0,181.0,0.0,46574.0,630.0,150.0
MEGA,6/18/2018,182.0,182.0,177.0,180.0,-0.55,22172.0,630.0,150.0
MEGA,6/19/2018,180.0,182.0,179.0,181.0,0.56,19307.0,630.0,150.0
MEGA,6/20/2018,178.0,180.0,172.0,174.0,-3.87,157853.0,630.0,150.0
MEGA,6/21/2018,173.0,178.0,172.0,178.0,2.3,23072.0,630.0,150.0
MEGA,6/24/2018,178.0,180.0,176.0,178.0,0.0,35615.0,630.0,150.0
MEGA,6/25/2018,180.0,180.0,174.0,176.0,-1.12,28664.0,630.0,150.0
MEGA,6/26/2018,177.0,177.0,173.0,173.0,-1.7,38446.0,630.0,150.0
MEGA,6/27/2018,173.0,178.0,173.0,176.0,1.73,52381.0,630.0,150.0
MEGA,6/28/2018,176.0,178.0,174.0,174.0,-1.14,81003.0,630.0,150.0
MEGA,7/1/2018,159.0,160.0,150.0,153.0,-12.07,23154.0,630.0,150.0
MEGA,7/2/2018,156.0,156.0,151.0,155.0,1.31,20057.0,630.0,150.0
MEGA,7/3/2018,156.0,157.0,154.0,156.0,0.65,11770.0,630.0,150.0
MEGA,7/4/2018,156.0,158.0,153.0,157.0,0.64,28554.0,630.0,150.0
MEGA,7/5/2018,158.0,165.0,157.0,164.0,4.46,57683.0,630.0,150.0
MEGA,7/8/2018,165.0,171.0,164.0,164.0,0.0,27424.0,630.0,150.0
MEGA,7/9/2018,166.0,166.0,159.0,163.0,-0.61,20593.0,630.0,150.0
MEGA,7/10/2018,163.0,164.0,160.0,163.0,0.0,9214.0,630.0,150.0
MEGA,7/11/2018,166.0,168.0,160.0,160.0,-1.84,24041.0,630.0,150.0
MEGA,7/12/2018,163.0,165.0,158.0,158.0,-1.25,15573.0,630.0,150.0
MEGA,7/15/2018,158.0,164.0,157.0,159.0,0.63,24213.0,630.0,150.0
MEGA,7/16/2018,159.0,164.0,159.0,163.0,2.52,22920.0,630.0,150.0
MEGA,7/17/2018,163.0,165.0,161.0,162.0,-0.61,9289.0,630.0,150.0
MEGA,7/18/2018,162.0,163.0,160.0,161.0,-0.62,21624.0,630.0,150.0
MEGA,7/19/2018,161.0,163.0,158.0,160.0,-0.62,27641.0,630.0,150.0
MEGA,7/22/2018,160.0,160.0,155.0,158.0,-1.25,25298.0,630.0,150.0
MEGA,7/23/2018,160.0,163.0,159.0,163.0,3.16,25948.0,630.0,150.0
MEGA,7/24/2018,163.0,167.0,163.0,165.0,1.23,42421.0,630.0,150.0
MEGA,7/25/2018,166.0,166.0,162.0,162.0,-1.82,15205.0,630.0,150.0
MEGA,7/26/2018,164.0,164.0,159.0,162.0,0.0,28096.0,630.0,150.0
MEGA,7/29/2018,161.0,165.0,160.0,162.0,0.0,15571.0,630.0,150.0
MEGA,7/30/2018,160.0,162.0,160.0,162.0,0.0,13452.0,630.0,150.0
MEGA,7/31/2018,162.0,164.0,161.0,164.0,1.23,9438.0,630.0,150.0
MEGA,8/1/2018,162.0,163.0,161.0,162.0,-1.22,11220.0,630.0,150.0
MEGA,8/2/2018,162.0,164.0,162.0,164.0,1.23,14036.0,630.0,150.0
MEGA,8/5/2018,162.0,165.0,161.0,164.0,0.0,17240.0,630.0,150.0
MEGA,8/6/2018,164.0,165.0,162.0,165.0,0.61,8575.0,630.0,150.0
MEGA,8/7/2018,163.0,165.0,163.0,164.0,-0.61,13239.0,630.0,150.0
MEGA,8/8/2018,163.0,163.0,160.0,162.0,-1.22,7468.0,630.0,150.0
MEGA,8/9/2018,163.0,163.0,159.0,163.0,0.62,17030.0,630.0,150.0
MEGA,8/12/2018,164.0,164.0,158.0,160.0,-1.84,13367.0,630.0,150.0
MEGA,8/13/2018,158.0,161.0,157.0,161.0,0.63,28928.0,630.0,150.0
MEGA,8/14/2018,164.0,167.0,158.0,160.0,-0.62,26874.0,630.0,150.0
MEGA,8/15/2018,163.0,168.0,161.0,168.0,5.0,47781.0,630.0,150.0
MEGA,8/16/2018,170.0,170.0,165.0,170.0,1.19,58145.0,630.0,150.0
MEGA,8/19/2018,167.0,171.0,165.0,167.0,-1.76,31679.0,630.0,150.0
MEGA,8/20/2018,166.0,167.0,163.0,164.0,-1.8,19861.0,630.0,150.0
MEGA,8/21/2018,164.0,164.0,161.0,163.0,-0.61,15240.0,630.0,150.0
MEGA,8/22/2018,163.0,163.0,161.0,163.0,0.0,22213.0,630.0,150.0
MEGA,8/23/2018,163.0,164.0,161.0,164.0,0.61,46110.0,630.0,150.0
MEGA,8/26/2018,162.0,164.0,162.0,164.0,0.0,10384.0,630.0,150.0
MEGA,8/28/2018,163.0,164.0,161.0,163.0,-0.61,14517.0,630.0,150.0
MEGA,8/29/2018,163.0,163.0,160.0,160.0,-1.84,53491.0,630.0,150.0
MEGA,8/30/2018,162.0,164.0,161.0,161.0,0.63,21448.0,630.0,150.0
MEGA,9/2/2018,162.0,165.0,161.0,163.0,1.24,29900.0,630.0,150.0
MEGA,9/3/2018,165.0,171.0,163.0,171.0,4.91,75519.0,630.0,150.0
MEGA,9/4/2018,171.0,174.0,165.0,171.0,0.0,54147.0,630.0,150.0
MEGA,9/5/2018,168.0,180.0,168.0,177.0,3.51,95897.0,630.0,150.0
MEGA,9/6/2018,180.0,181.0,175.0,177.0,0.0,92857.0,630.0,150.0
MEGA,9/9/2018,178.0,178.0,171.0,174.0,-1.69,32419.0,630.0,150.0
MEGA,9/10/2018,171.0,179.0,170.0,179.0,2.87,29054.0,630.0,150.0
MEGA,9/11/2018,176.0,177.0,171.0,177.0,-1.12,36546.0,630.0,150.0
MEGA,9/12/2018,176.0,178.0,172.0,178.0,0.56,38809.0,630.0,150.0
MEGA,9/13/2018,180.0,190.0,178.0,190.0,6.74,151352.0,630.0,150.0
MEGA,9/16/2018,193.0,200.0,191.0,196.0,3.16,97165.0,630.0,150.0
MEGA,9/17/2018,194.0,198.0,190.0,198.0,1.02,79492.0,630.0,150.0
MEGA,9/18/2018,195.0,195.0,190.0,192.0,-3.03,45088.0,630.0,150.0
MEGA,9/20/2018,191.0,194.0,190.0,193.0,0.52,44191.0,630.0,150.0
MEGA,9/23/2018,194.0,195.0,191.0,194.0,0.52,47542.0,630.0,150.0
MEGA,9/25/2018,196.0,205.0,194.0,206.0,6.19,151757.0,630.0,150.0
MEGA,9/26/2018,204.0,215.0,201.0,207.0,0.49,210737.0,630.0,150.0
MEGA,9/27/2018,204.0,209.0,203.0,203.0,-1.93,87994.0,630.0,150.0
MEGA,9/30/2018,200.0,207.0,200.0,205.0,0.99,86312.0,630.0,150.0
MEGA,10/1/2018,203.0,206.0,198.0,200.0,-2.44,81598.0,630.0,150.0
MEGA,10/2/2018,199.0,204.0,196.0,202.0,1.0,44258.0,630.0,150.0
MEGA,10/3/2018,198.0,200.0,197.0,198.0,-1.98,50182.0,630.0,150.0
MEGA,10/4/2018,200.0,200.0,194.0,199.0,0.51,61537.0,630.0,150.0
MEGA,10/7/2018,196.0,197.0,191.0,192.0,-3.52,32203.0,630.0,150.0
MEGA,10/8/2018,192.0,194.0,190.0,194.0,1.04,53226.0,630.0,150.0
MEGA,10/9/2018,195.0,195.0,191.0,193.0,-0.52,30203.0,630.0,150.0
MEGA,10/10/2018,192.0,199.0,191.0,199.0,3.11,29087.0,630.0,150.0
MEGA,10/11/2018,197.0,204.0,194.0,200.0,0.5,82760.0,630.0,150.0
MEGA,10/14/2018,198.0,216.0,198.0,210.0,5.0,107275.0,630.0,150.0
MEGA,10/15/2018,209.0,210.0,204.0,207.0,-1.43,109640.0,630.0,150.0
MEGA,10/21/2018,207.0,210.0,204.0,207.0,0.0,31319.0,630.0,150.0
MEGA,10/22/2018,206.0,207.0,203.0,206.0,-0.48,44867.0,630.0,150.0
MEGA,10/23/2018,206.0,208.0,204.0,206.0,0.0,41371.0,630.0,150.0
MEGA,10/24/2018,206.0,206.0,203.0,206.0,0.0,26041.0,630.0,150.0
MEGA,10/25/2018,207.0,207.0,203.0,203.0,-1.46,40559.0,630.0,150.0
MEGA,10/28/2018,199.0,203.0,198.0,201.0,-0.99,76780.0,630.0,150.0
MEGA,10/29/2018,200.0,200.0,195.0,197.0,-1.99,28489.0,630.0,150.0
MEGA,10/30/2018,197.0,202.0,197.0,201.0,2.03,43209.0,630.0,150.0
MEGA,10/31/2018,200.0,202.0,198.0,199.0,-1.0,21592.0,630.0,150.0
MEGA,11/1/2018,198.0,201.0,197.0,198.0,-0.5,28032.0,630.0,150.0
MEGA,11/4/2018,195.0,201.0,194.0,201.0,1.52,23072.0,630.0,150.0
MEGA,11/5/2018,197.0,201.0,197.0,201.0,0.0,24678.0,630.0,150.0
MEGA,11/6/2018,201.0,201.0,199.0,199.0,-1.0,5347.0,630.0,150.0
MEGA,11/11/2018,199.0,199.0,195.0,196.0,-1.51,5231.0,630.0,150.0
MEGA,11/12/2018,196.0,198.0,192.0,195.0,-0.51,19840.0,630.0,150.0
MEGA,11/13/2018,193.0,200.0,193.0,197.0,1.03,39645.0,630.0,150.0
MEGA,11/14/2018,197.0,202.0,194.0,200.0,1.52,31323.0,630.0,150.0
MEGA,11/15/2018,204.0,204.0,196.0,198.0,-1.0,71162.0,630.0,150.0
MEGA,11/18/2018,197.0,198.0,196.0,197.0,-0.51,16015.0,630.0,150.0
MEGA,11/19/2018,195.0,197.0,194.0,196.0,-0.51,14656.0,630.0,150.0
MEGA,11/20/2018,197.0,196.0,193.0,194.0,-1.02,18883.0,630.0,150.0
MEGA,11/21/2018,194.0,197.0,192.0,197.0,1.55,34638.0,630.0,150.0
MEGA,11/22/2018,199.0,199.0,194.0,196.0,-0.51,34266.0,630.0,150.0
MEGA,11/25/2018,195.0,195.0,190.0,192.0,-2.04,29732.0,630.0,150.0
MEGA,11/26/2018,191.0,193.0,189.0,190.0,-1.04,31906.0,630.0,150.0
MEGA,11/27/2018,190.0,194.0,190.0,193.0,1.58,22767.0,630.0,150.0
MEGA,11/28/2018,191.0,192.0,191.0,192.0,-0.52,12562.0,630.0,150.0
MEGA,11/29/2018,191.0,192.0,188.0,189.0,-1.56,31030.0,630.0,150.0
MEGA,12/2/2018,189.0,189.0,184.0,188.0,-0.53,36354.0,630.0,150.0
MEGA,12/3/2018,189.0,194.0,185.0,188.0,0.0,47196.0,630.0,150.0
MEGA,12/4/2018,188.0,190.0,186.0,190.0,1.06,18528.0,630.0,150.0
MEGA,12/5/2018,187.0,187.0,185.0,187.0,-1.58,29082.0,630.0,150.0
MEGA,12/6/2018,188.0,190.0,185.0,186.0,-0.53,37670.0,630.0,150.0
MEGA,12/9/2018,186.0,190.0,186.0,190.0,2.15,21353.0,630.0,150.0
MEGA,12/10/2018,191.0,193.0,187.0,190.0,0.0,29335.0,630.0,150.0
MEGA,12/11/2018,190.0,190.0,187.0,190.0,0.0,25344.0,630.0,150.0
MEGA,12/12/2018,191.0,191.0,186.0,188.0,-1.05,5744.0,630.0,150.0
MEGA,12/13/2018,188.0,190.0,187.0,188.0,0.0,19024.0,630.0,150.0
MEGA,12/16/2018,190.0,193.0,190.0,191.0,1.6,32445.0,630.0,150.0
MEGA,12/17/2018,192.0,193.0,188.0,193.0,1.05,10951.0,630.0,150.0
MEGA,12/18/2018,194.0,194.0,187.0,190.0,-1.55,19718.0,630.0,150.0
MEGA,12/19/2018,189.0,189.0,182.0,184.0,-3.16,111780.0,630.0,150.0
MEGA,12/20/2018,182.0,185.0,181.0,183.0,-0.54,60669.0,630.0,150.0
MEGA,12/23/2018,186.0,189.0,183.0,184.0,0.55,37036.0,630.0,150.0
MEGA,12/24/2018,184.0,184.0,180.0,182.0,-1.09,52136.0,630.0,150.0
MEGA,12/25/2018,182.0,182.0,178.0,181.0,-0.55,38167.0,630.0,150.0
MEGA,12/26/2018,181.0,187.0,180.0,187.0,3.31,62393.0,630.0,150.0
MEGA,12/27/2018,190.0,191.0,182.0,185.0,-1.07,39894.0,630.0,150.0
MEGA,12/30/2018,185.0,185.0,179.0,182.0,-1.62,37417.0,630.0,150.0
MEGA,12/31/2018,181.0,181.0,175.0,176.0,-3.3,46742.0,630.0,150.0
MEGA,1/1/2019,179.0,181.0,174.0,177.0,0.57,17209.0,630.0,150.0
MEGA,1/2/2019,176.0,177.0,173.0,177.0,0.0,14000.0,630.0,150.0
MEGA,1/3/2019,175.0,175.0,171.0,173.0,-2.26,11958.0,630.0,150.0
MEGA,1/6/2019,173.0,173.0,169.0,171.0,-1.16,14096.0,630.0,150.0
MEGA,1/7/2019,170.0,172.0,169.0,172.0,0.58,25225.0,630.0,150.0
MEGA,1/8/2019,174.0,174.0,170.0,171.0,-0.58,9065.0,630.0,150.0
MEGA,1/9/2019,173.0,174.0,172.0,173.0,1.17,25874.0,630.0,150.0
MEGA,1/10/2019,175.0,175.0,170.0,171.0,-1.16,12126.0,630.0,150.0
MEGA,1/13/2019,174.0,174.0,170.0,173.0,1.17,13606.0,630.0,150.0
MEGA,1/14/2019,171.0,173.0,168.0,173.0,0.0,12621.0,630.0,150.0
MEGA,1/15/2019,172.0,173.0,170.0,173.0,0.0,13332.0,630.0,150.0
MEGA,1/16/2019,171.0,172.0,170.0,172.0,-0.58,17600.0,630.0,150.0
MEGA,1/17/2019,173.0,173.0,169.0,170.0,-1.16,17594.0,630.0,150.0
MEGA,1/20/2019,170.0,170.0,168.0,170.0,0.0,7102.0,630.0,150.0
MEGA,1/21/2019,168.0,170.0,167.0,170.0,0.0,24656.0,630.0,150.0
MEGA,1/22/2019,170.0,171.0,167.0,168.0,-1.18,10392.0,630.0,150.0
MEGA,1/23/2019,169.0,169.0,166.0,167.0,-0.6,20021.0,630.0,150.0
MEGA,1/24/2019,167.0,167.0,166.0,167.0,0.0,20673.0,630.0,150.0
MEGA,1/27/2019,166.0,167.0,164.0,165.0,-1.2,23500.0,630.0,150.0
MEGA,1/28/2019,165.0,167.0,164.0,167.0,1.21,19014.0,630.0,150.0
MEGA,1/29/2019,165.0,168.0,165.0,167.0,0.0,11061.0,630.0,150.0
MEGA,1/30/2019,167.0,168.0,165.0,166.0,-0.6,30052.0,630.0,150.0
MEGA,1/31/2019,166.0,166.0,164.0,166.0,0.0,14691.0,630.0,150.0
MEGA,2/3/2019,165.0,165.0,162.0,163.0,-1.81,21143.0,630.0,150.0
MEGA,2/4/2019,162.0,162.0,160.0,162.0,-0.61,20033.0,630.0,150.0
MEGA,2/5/2019,165.0,165.0,162.0,164.0,1.23,13442.0,630.0,150.0
MEGA,2/6/2019,164.0,164.0,161.0,163.0,-0.61,14233.0,630.0,150.0
MEGA,2/7/2019,164.0,166.0,162.0,165.0,1.23,30830.0,630.0,150.0
MEGA,2/10/2019,162.0,165.0,161.0,164.0,-0.61,24126.0,630.0,150.0
MEGA,2/11/2019,162.0,165.0,161.0,164.0,0.0,12520.0,630.0,150.0
MEGA,2/12/2019,162.0,164.0,161.0,164.0,0.0,14107.0,630.0,150.0
MEGA,2/13/2019,163.0,164.0,160.0,161.0,-1.83,34143.0,630.0,150.0
MEGA,2/14/2019,160.0,164.0,160.0,161.0,0.0,19358.0,630.0,150.0
MEGA,2/17/2019,162.0,162.0,160.0,161.0,0.0,6015.0,630.0,150.0
MEGA,2/18/2019,164.0,164.0,159.0,159.0,-1.24,16439.0,630.0,150.0
MEGA,2/19/2019,160.0,163.0,160.0,160.0,0.63,21394.0,630.0,150.0
MEGA,2/20/2019,161.0,161.0,158.0,159.0,-0.62,10269.0,630.0,150.0
MEGA,2/21/2019,158.0,159.0,158.0,159.0,0.0,6240.0,630.0,150.0
MEGA,2/24/2019,159.0,160.0,158.0,158.0,-0.63,7646.0,630.0,150.0
MEGA,2/25/2019,157.0,160.0,156.0,160.0,1.27,24484.0,630.0,150.0
MEGA,2/26/2019,160.0,160.0,157.0,157.0,-1.88,8406.0,630.0,150.0
MEGA,2/27/2019,157.0,159.0,157.0,158.0,0.64,18292.0,630.0,150.0
MEGA,3/3/2019,158.0,160.0,155.0,157.0,-0.63,19502.0,630.0,150.0
MEGA,3/5/2019,156.0,158.0,156.0,156.0,-0.64,20718.0,630.0,150.0
MEGA,3/6/2019,159.0,159.0,155.0,157.0,0.64,21827.0,630.0,150.0
MEGA,3/7/2019,160.0,162.0,158.0,161.0,2.55,30952.0,630.0,150.0
MEGA,3/10/2019,162.0,162.0,159.0,161.0,0.0,10609.0,630.0,150.0
MEGA,3/11/2019,161.0,166.0,160.0,166.0,3.11,28184.0,630.0,150.0
MEGA,3/12/2019,168.0,169.0,163.0,168.0,1.2,32481.0,630.0,150.0
MEGA,3/13/2019,170.0,170.0,164.0,166.0,-1.19,15847.0,630.0,150.0
MEGA,3/14/2019,164.0,166.0,162.0,166.0,0.0,8638.0,630.0,150.0
MEGA,3/17/2019,164.0,168.0,163.0,166.0,0.0,32008.0,630.0,150.0
MEGA,3/18/2019,165.0,166.0,163.0,165.0,-0.6,19190.0,630.0,150.0
MEGA,3/19/2019,164.0,164.0,163.0,163.0,-1.21,12150.0,630.0,150.0
MEGA,3/21/2019,164.0,164.0,160.0,162.0,-0.61,40872.0,630.0,150.0
MEGA,3/24/2019,161.0,161.0,158.0,160.0,-1.23,20229.0,630.0,150.0
MEGA,3/25/2019,160.0,161.0,159.0,159.0,-0.62,20203.0,630.0,150.0
MEGA,3/26/2019,161.0,163.0,160.0,162.0,1.89,12558.0,630.0,150.0
MEGA,3/27/2019,163.0,163.0,160.0,162.0,0.0,11873.0,630.0,150.0
MEGA,3/28/2019,161.0,162.0,160.0,161.0,-0.62,15394.0,630.0,150.0
MEGA,3/31/2019,161.0,163.0,159.0,159.0,-1.24,24200.0,630.0,150.0
MEGA,4/1/2019,161.0,164.0,159.0,162.0,1.89,38458.0,630.0,150.0
MEGA,4/2/2019,163.0,167.0,162.0,165.0,1.85,42961.0,630.0,150.0
MEGA,4/3/2019,163.0,168.0,162.0,165.0,0.0,52569.0,630.0,150.0
MEGA,4/4/2019,164.0,168.0,164.0,165.0,0.0,35400.0,630.0,150.0
MEGA,4/7/2019,165.0,169.0,163.0,168.0,1.82,46002.0,630.0,150.0
MEGA,4/8/2019,169.0,175.0,168.0,170.0,1.19,76369.0,630.0,150.0
MEGA,4/9/2019,172.0,173.0,168.0,168.0,-1.18,81311.0,630.0,150.0
MEGA,4/10/2019,168.0,170.0,166.0,170.0,1.19,25697.0,630.0,150.0
MEGA,4/11/2019,167.0,171.0,167.0,169.0,-0.59,14015.0,630.0,150.0
MEGA,4/15/2019,170.0,171.0,169.0,171.0,1.18,13984.0,630.0,150.0
MEGA,4/16/2019,170.0,179.0,170.0,178.0,4.09,73263.0,630.0,150.0
MEGA,4/17/2019,180.0,181.0,175.0,177.0,-0.56,70559.0,630.0,150.0
MEGA,4/18/2019,178.0,180.0,176.0,177.0,0.0,46691.0,630.0,150.0
MEGA,4/21/2019,180.0,186.0,178.0,185.0,4.52,89643.0,630.0,150.0
MEGA,4/22/2019,185.0,188.0,177.0,179.0,-3.24,90576.0,630.0,150.0
MEGA,4/23/2019,179.0,183.0,177.0,182.0,1.68,44643.0,630.0,150.0
MEGA,4/24/2019,182.0,195.0,182.0,193.0,6.04,95310.0,630.0,150.0
MEGA,4/25/2019,193.0,197.0,190.0,194.0,0.52,155662.0,630.0,150.0
MEGA,4/28/2019,195.0,197.0,190.0,190.0,-2.06,85064.0,630.0,150.0
MEGA,4/29/2019,190.0,192.0,186.0,189.0,-0.53,50127.0,630.0,150.0
MEGA,4/30/2019,187.0,192.0,185.0,187.0,-1.06,46689.0,630.0,150.0
MEGA,5/2/2019,185.0,185.0,182.0,184.0,-1.6,47886.0,630.0,150.0
MEGA,5/5/2019,184.0,184.0,181.0,182.0,-1.09,37681.0,630.0,150.0
MEGA,5/6/2019,182.0,193.0,180.0,193.0,6.04,46831.0,630.0,150.0
MEGA,5/7/2019,194.0,194.0,187.0,189.0,-2.07,33199.0,630.0,150.0
MEGA,5/8/2019,192.0,199.0,192.0,195.0,3.17,254284.0,630.0,150.0
MEGA,5/9/2019,193.0,196.0,193.0,193.0,-1.03,91734.0,630.0,150.0
MEGA,5/12/2019,195.0,195.0,190.0,192.0,-0.52,85489.0,630.0,150.0
MEGA,5/13/2019,194.0,195.0,193.0,193.0,0.52,33898.0,630.0,150.0
MEGA,5/14/2019,195.0,200.0,193.0,198.0,2.59,92462.0,630.0,150.0
MEGA,5/15/2019,200.0,202.0,199.0,200.0,1.01,107253.0,630.0,150.0
MEGA,5/16/2019,200.0,200.0,197.0,199.0,-0.5,61990.0,630.0,150.0
MEGA,5/19/2019,199.0,200.0,197.0,197.0,-1.01,39046.0,630.0,150.0
MEGA,5/20/2019,197.0,199.0,196.0,197.0,0.0,106359.0,630.0,150.0
MEGA,5/21/2019,197.0,198.0,195.0,196.0,-0.51,51265.0,630.0,150.0
MEGA,5/22/2019,196.0,199.0,196.0,199.0,1.53,38386.0,630.0,150.0
MEGA,5/23/2019,199.0,199.0,197.0,198.0,-0.5,41685.0,630.0,150.0
MEGA,5/26/2019,199.0,199.0,194.0,196.0,-1.01,45919.0,630.0,150.0
MEGA,5/27/2019,195.0,197.0,193.0,197.0,0.51,40291.0,630.0,150.0
MEGA,5/28/2019,195.0,197.0,194.0,197.0,0.0,26547.0,630.0,150.0
MEGA,5/29/2019,196.0,202.0,196.0,202.0,2.54,90053.0,630.0,150.0
MEGA,5/30/2019,206.0,222.0,204.0,207.0,2.48,228661.0,630.0,150.0
MEGA,6/2/2019,210.0,210.0,204.0,204.0,-1.45,74667.0,630.0,150.0
MEGA,6/3/2019,205.0,205.0,201.0,202.0,-0.98,51054.0,630.0,150.0
MEGA,6/4/2019,202.0,204.0,200.0,202.0,0.0,62431.0,630.0,150.0
MEGA,6/6/2019,202.0,202.0,199.0,199.0,-1.49,41578.0,630.0,150.0
MEGA,6/10/2019,199.0,201.0,198.0,199.0,0.0,69863.0,630.0,150.0
MEGA,6/11/2019,200.0,202.0,198.0,200.0,0.5,49901.0,630.0,150.0
MEGA,6/12/2019,199.0,202.0,199.0,201.0,0.5,63907.0,630.0,150.0
MEGA,6/13/2019,203.0,205.0,199.0,201.0,0.0,48818.0,630.0,150.0
MEGA,6/16/2019,201.0,201.0,199.0,200.0,-0.5,32371.0,630.0,150.0
MEGA,6/17/2019,200.0,202.0,198.0,202.0,1.0,30353.0,630.0,150.0
MEGA,6/18/2019,202.0,202.0,199.0,200.0,-0.99,23021.0,630.0,150.0
MEGA,6/19/2019,200.0,200.0,199.0,200.0,0.0,13325.0,630.0,150.0
MEGA,6/20/2019,198.0,203.0,198.0,203.0,1.5,82597.0,630.0,150.0
MEGA,6/23/2019,203.0,203.0,199.0,199.0,-1.97,27032.0,630.0,150.0
MEGA,6/24/2019,199.0,201.0,199.0,200.0,0.5,38008.0,630.0,150.0
MEGA,6/25/2019,200.0,202.0,199.0,201.0,0.5,26879.0,630.0,150.0
MEGA,6/26/2019,200.0,201.0,199.0,200.0,-0.5,28049.0,630.0,150.0
MEGA,6/27/2019,200.0,201.0,199.0,201.0,0.5,43640.0,630.0,150.0
MEGA,6/30/2019,201.0,201.0,198.0,200.0,-0.5,43697.0,630.0,150.0
MEGA,7/1/2019,201.0,201.0,197.0,198.0,-1.0,39484.0,630.0,150.0
MEGA,7/2/2019,200.0,208.0,198.0,207.0,4.55,242381.0,630.0,150.0
MEGA,7/3/2019,211.0,212.0,205.0,211.0,1.93,156273.0,630.0,150.0
MEGA,7/4/2019,212.0,213.0,207.0,208.0,-1.42,150514.0,630.0,150.0
MEGA,7/7/2019,210.0,215.0,210.0,214.0,2.88,221250.0,630.0,150.0
MEGA,7/8/2019,215.0,216.0,210.0,212.0,-0.93,75628.0,630.0,150.0
MEGA,7/9/2019,213.0,213.0,210.0,211.0,-0.47,80916.0,630.0,150.0
MEGA,7/10/2019,211.0,212.0,210.0,212.0,0.47,61094.0,630.0,150.0
MEGA,7/11/2019,211.0,212.0,210.0,211.0,-0.47,63935.0,630.0,150.0
MEGA,7/14/2019,211.0,212.0,210.0,211.0,0.0,44222.0,630.0,150.0
MEGA,7/15/2019,212.0,214.0,211.0,213.0,0.95,34051.0,630.0,150.0
MEGA,7/16/2019,213.0,214.0,212.0,213.0,0.0,36171.0,630.0,150.0
MEGA,7/17/2019,213.0,216.0,213.0,215.0,0.94,31043.0,630.0,150.0
MEGA,7/18/2019,215.0,219.0,214.0,217.0,0.93,54724.0,630.0,150.0
MEGA,7/21/2019,217.0,217.0,213.0,214.0,-1.38,24216.0,630.0,150.0
MEGA,7/22/2019,216.0,216.0,213.0,214.0,0.0,30684.0,630.0,150.0
MEGA,7/23/2019,216.0,218.0,214.0,215.0,0.47,43992.0,630.0,150.0
MEGA,7/24/2019,205.0,218.0,205.0,217.0,0.93,39667.0,630.0,150.0
MEGA,7/25/2019,216.0,216.0,211.0,212.0,-2.3,99325.0,630.0,150.0
MEGA,7/28/2019,209.0,210.0,206.0,208.0,-1.89,68203.0,630.0,150.0
MEGA,7/29/2019,207.0,210.0,206.0,208.0,0.0,50736.0,630.0,150.0
MEGA,7/30/2019,210.0,212.0,208.0,209.0,0.48,27621.0,630.0,150.0
MEGA,7/31/2019,209.0,210.0,207.0,208.0,-0.48,33831.0,630.0,150.0
MEGA,8/1/2019,209.0,209.0,206.0,208.0,0.0,47463.0,630.0,150.0
MEGA,8/4/2019,205.0,208.0,205.0,205.0,-1.44,17849.0,630.0,150.0
MEGA,8/5/2019,205.0,206.0,202.0,203.0,-0.98,60162.0,630.0,150.0
MEGA,8/6/2019,202.0,202.0,200.0,202.0,-0.49,19179.0,630.0,150.0
MEGA,8/7/2019,200.0,205.0,199.0,202.0,0.0,45845.0,630.0,150.0
MEGA,8/8/2019,202.0,204.0,201.0,202.0,0.0,23877.0,630.0,150.0
MEGA,8/11/2019,202.0,202.0,200.0,202.0,0.0,29159.0,630.0,150.0
MEGA,8/12/2019,201.0,202.0,201.0,202.0,0.0,38128.0,630.0,150.0
MEGA,8/13/2019,201.0,201.0,199.0,200.0,-0.99,23186.0,630.0,150.0
MEGA,8/14/2019,203.0,203.0,199.0,200.0,0.0,39647.0,630.0,150.0
MEGA,8/15/2019,200.0,201.0,199.0,200.0,0.0,52742.0,630.0,150.0
MEGA,8/18/2019,197.0,201.0,197.0,200.0,0.0,35082.0,630.0,150.0
MEGA,8/19/2019,200.0,207.0,198.0,202.0,1.0,26093.0,630.0,150.0
MEGA,8/20/2019,202.0,202.0,199.0,200.0,-0.99,22352.0,630.0,150.0
MEGA,8/21/2019,201.0,202.0,199.0,201.0,0.5,19953.0,630.0,150.0
MEGA,8/22/2019,200.0,202.0,199.0,200.0,-0.5,20772.0,630.0,150.0
MEGA,8/25/2019,199.0,201.0,196.0,198.0,-1.0,43243.0,630.0,150.0
MEGA,8/26/2019,196.0,199.0,196.0,198.0,0.0,20257.0,630.0,150.0
MEGA,8/27/2019,197.0,202.0,197.0,200.0,1.01,28490.0,630.0,150.0
MEGA,8/28/2019,200.0,200.0,197.0,199.0,-0.5,19173.0,630.0,150.0
MEGA,8/29/2019,199.0,201.0,198.0,200.0,0.5,25582.0,630.0,150.0
MEGA,9/1/2019,198.0,201.0,197.0,198.0,-1.0,25409.0,630.0,150.0
MEGA,9/2/2019,198.0,198.0,195.0,196.0,-1.01,25386.0,630.0,150.0
MEGA,9/3/2019,199.0,204.0,194.0,203.0,3.57,30900.0,630.0,150.0
MEGA,9/4/2019,204.0,204.0,198.0,202.0,-0.49,35741.0,630.0,150.0
MEGA,9/5/2019,202.0,203.0,200.0,201.0,-0.5,14555.0,630.0,150.0
MEGA,9/8/2019,204.0,204.0,199.0,199.0,-1.0,29979.0,630.0,150.0
MEGA,9/9/2019,199.0,199.0,196.0,199.0,0.0,24433.0,630.0,150.0
MEGA,9/10/2019,196.0,199.0,196.0,196.0,-1.51,17922.0,630.0,150.0
MEGA,9/11/2019,196.0,198.0,194.0,195.0,-0.51,40197.0,630.0,150.0
MEGA,9/12/2019,194.0,196.0,193.0,194.0,-0.51,47717.0,630.0,150.0
MEGA,9/15/2019,194.0,194.0,190.0,190.0,-2.06,47201.0,630.0,150.0
MEGA,9/16/2019,193.0,193.0,188.0,189.0,-0.53,23270.0,630.0,150.0
MEGA,9/17/2019,192.0,197.0,192.0,195.0,3.17,34554.0,630.0,150.0
MEGA,9/18/2019,198.0,201.0,197.0,201.0,3.08,32451.0,630.0,150.0
MEGA,9/19/2019,203.0,203.0,197.0,199.0,-1.0,15059.0,630.0,150.0
MEGA,9/22/2019,196.0,196.0,193.0,194.0,-2.51,10908.0,630.0,150.0
MEGA,9/23/2019,193.0,195.0,192.0,195.0,0.52,14622.0,630.0,150.0
MEGA,9/24/2019,196.0,196.0,192.0,193.0,-1.03,18909.0,630.0,150.0
MEGA,9/25/2019,192.0,194.0,192.0,192.0,-0.52,12334.0,630.0,150.0
MEGA,9/26/2019,193.0,193.0,188.0,190.0,-1.04,53411.0,630.0,150.0
MEGA,9/29/2019,190.0,191.0,188.0,188.0,-1.05,15676.0,630.0,150.0
MEGA,9/30/2019,187.0,191.0,187.0,191.0,1.6,17895.0,630.0,150.0
MEGA,10/1/2019,190.0,195.0,190.0,194.0,1.57,69813.0,630.0,150.0
MEGA,10/2/2019,192.0,194.0,192.0,194.0,0.0,14531.0,630.0,150.0
MEGA,10/3/2019,194.0,196.0,193.0,196.0,1.03,10851.0,630.0,150.0
MEGA,10/10/2019,197.0,198.0,194.0,196.0,0.0,4700.0,630.0,150.0
MEGA,10/14/2019,195.0,197.0,195.0,197.0,0.51,10620.0,630.0,150.0
MEGA,10/15/2019,195.0,198.0,195.0,198.0,0.51,8102.0,630.0,150.0
MEGA,10/16/2019,197.0,199.0,196.0,197.0,-0.51,9315.0,630.0,150.0
MEGA,10/17/2019,196.0,197.0,195.0,195.0,-1.02,18303.0,630.0,150.0
MEGA,10/20/2019,195.0,197.0,195.0,196.0,0.51,9256.0,630.0,150.0
MEGA,10/21/2019,196.0,198.0,194.0,194.0,-1.02,36130.0,630.0,150.0
MEGA,10/22/2019,194.0,198.0,193.0,198.0,2.06,23883.0,630.0,150.0
MEGA,10/23/2019,199.0,199.0,196.0,198.0,0.0,12433.0,630.0,150.0
MEGA,10/24/2019,199.0,202.0,197.0,200.0,1.01,51621.0,630.0,150.0
MEGA,10/31/2019,200.0,203.0,200.0,202.0,1.0,110432.0,630.0,150.0
MEGA,11/3/2019,198.0,198.0,188.0,191.0,-5.45,41962.0,630.0,150.0
MEGA,11/4/2019,190.0,191.0,188.0,189.0,-1.05,20749.0,630.0,150.0
MEGA,11/5/2019,190.0,190.0,187.0,187.0,-1.06,20095.0,630.0,150.0
MEGA,11/6/2019,187.0,188.0,186.0,187.0,0.0,26598.0,630.0,150.0
MEGA,11/7/2019,186.0,188.0,185.0,185.0,-1.07,15322.0,630.0,150.0
MEGA,11/10/2019,185.0,187.0,184.0,186.0,0.54,13850.0,630.0,150.0
MEGA,11/11/2019,188.0,189.0,185.0,188.0,1.08,19074.0,630.0,150.0
MEGA,11/12/2019,186.0,186.0,185.0,185.0,-1.6,5139.0,630.0,150.0
MEGA,11/13/2019,184.0,185.0,182.0,184.0,-0.54,19444.0,630.0,150.0
MEGA,11/14/2019,185.0,186.0,183.0,185.0,0.54,13758.0,630.0,150.0
MEGA,11/17/2019,186.0,186.0,184.0,185.0,0.0,17076.0,630.0,150.0
MEGA,11/18/2019,184.0,185.0,184.0,185.0,0.0,13930.0,630.0,150.0
MEGA,11/19/2019,184.0,185.0,183.0,185.0,0.0,13470.0,630.0,150.0
MEGA,11/20/2019,187.0,187.0,184.0,185.0,0.0,17555.0,630.0,150.0
MEGA,11/21/2019,184.0,184.0,181.0,182.0,-1.62,20406.0,630.0,150.0
MEGA,11/24/2019,182.0,182.0,178.0,181.0,-0.55,27793.0,630.0,150.0
MEGA,11/25/2019,179.0,182.0,178.0,181.0,0.0,9951.0,630.0,150.0
MEGA,11/26/2019,182.0,183.0,180.0,183.0,1.1,15364.0,630.0,150.0
MEGA,11/27/2019,183.0,183.0,180.0,182.0,-0.55,5349.0,630.0,150.0
MEGA,11/28/2019,182.0,182.0,180.0,180.0,-1.1,7100.0,630.0,150.0
MEGA,12/1/2019,180.0,182.0,177.0,179.0,-0.56,21314.0,630.0,150.0
MEGA,12/2/2019,178.0,181.0,178.0,181.0,1.12,7144.0,630.0,150.0
MEGA,12/3/2019,180.0,182.0,180.0,181.0,0.0,15926.0,630.0,150.0
MEGA,12/4/2019,183.0,183.0,180.0,182.0,0.55,13599.0,630.0,150.0
MEGA,12/5/2019,184.0,184.0,181.0,183.0,0.55,10140.0,630.0,150.0
MEGA,12/8/2019,183.0,184.0,181.0,184.0,0.55,8415.0,630.0,150.0
MEGA,12/9/2019,181.0,189.0,181.0,185.0,0.54,21963.0,630.0,150.0
MEGA,12/10/2019,185.0,189.0,184.0,186.0,0.54,19934.0,630.0,150.0
MEGA,12/11/2019,185.0,188.0,185.0,188.0,1.08,12459.0,630.0,150.0
MEGA,12/12/2019,191.0,191.0,187.0,190.0,1.06,18357.0,630.0,150.0
MEGA,12/15/2019,190.0,194.0,187.0,189.0,-0.53,32949.0,630.0,150.0
MEGA,12/16/2019,189.0,190.0,186.0,187.0,-1.06,13713.0,630.0,150.0
MEGA,12/17/2019,187.0,187.0,185.0,185.0,-1.07,9486.0,630.0,150.0
MEGA,12/18/2019,185.0,186.0,184.0,184.0,-0.54,10238.0,630.0,150.0
MEGA,12/19/2019,185.0,185.0,183.0,184.0,0.0,8384.0,630.0,150.0
MEGA,12/22/2019,184.0,184.0,182.0,183.0,-0.54,11546.0,630.0,150.0
MEGA,12/23/2019,184.0,185.0,182.0,184.0,0.55,23110.0,630.0,150.0
MEGA,12/24/2019,183.0,185.0,183.0,184.0,0.0,12576.0,630.0,150.0
MEGA,12/25/2019,184.0,184.0,182.0,184.0,0.0,10630.0,630.0,150.0
MEGA,12/26/2019,185.0,185.0,182.0,184.0,0.0,8327.0,630.0,150.0
MEGA,12/29/2019,185.0,185.0,181.0,182.0,-1.09,23680.0,630.0,150.0
MEGA,12/30/2019,182.0,184.0,181.0,184.0,1.1,15389.0,630.0,150.0
MEGA,12/31/2019,182.0,184.0,182.0,184.0,0.0,11281.0,630.0,150.0
MEGA,1/1/2020,182.0,185.0,182.0,184.0,0.0,14971.0,630.0,150.0
MEGA,1/2/2020,182.0,183.0,182.0,183.0,-0.54,15427.0,630.0,150.0
MEGA,1/5/2020,183.0,188.0,183.0,188.0,2.73,23926.0,630.0,150.0
MEGA,1/6/2020,191.0,193.0,187.0,193.0,2.66,52982.0,630.0,150.0
MEGA,1/7/2020,193.0,197.0,193.0,197.0,2.07,74974.0,630.0,150.0
MEGA,1/8/2020,200.0,200.0,193.0,194.0,-1.52,43535.0,630.0,150.0
MEGA,1/9/2020,193.0,194.0,191.0,193.0,-0.52,20344.0,630.0,150.0
MEGA,1/12/2020,195.0,199.0,194.0,197.0,2.07,75573.0,630.0,150.0
MEGA,1/13/2020,198.0,204.0,198.0,204.0,3.55,101571.0,630.0,150.0
MEGA,1/14/2020,202.0,203.0,197.0,201.0,-1.47,53096.0,630.0,150.0
MEGA,1/15/2020,202.0,205.0,200.0,205.0,1.99,44057.0,630.0,150.0
MEGA,1/16/2020,201.0,211.0,201.0,208.0,1.46,107642.0,630.0,150.0
MEGA,1/19/2020,212.0,212.0,207.0,210.0,0.96,97696.0,630.0,150.0
MEGA,1/20/2020,209.0,210.0,203.0,204.0,-2.86,75920.0,630.0,150.0
MEGA,1/21/2020,204.0,208.0,201.0,205.0,0.49,37423.0,630.0,150.0
MEGA,1/22/2020,204.0,205.0,202.0,203.0,-0.98,28069.0,630.0,150.0
MEGA,1/23/2020,201.0,203.0,198.0,199.0,-1.97,57291.0,630.0,150.0
MEGA,1/26/2020,200.0,200.0,195.0,196.0,-1.51,21559.0,630.0,150.0
MEGA,1/27/2020,196.0,199.0,194.0,198.0,1.02,33147.0,630.0,150.0
MEGA,1/28/2020,198.0,201.0,197.0,198.0,0.0,29485.0,630.0,150.0
MEGA,1/29/2020,199.0,199.0,196.0,197.0,-0.51,19896.0,630.0,150.0
MEGA,1/30/2020,198.0,200.0,195.0,197.0,0.0,38421.0,630.0,150.0
MEGA,2/2/2020,199.0,209.0,198.0,205.0,4.06,84612.0,630.0,150.0
MEGA,2/3/2020,206.0,207.0,203.0,207.0,0.98,77649.0,630.0,150.0
MEGA,2/4/2020,205.0,206.0,203.0,205.0,-0.97,62724.0,630.0,150.0
MEGA,2/5/2020,205.0,207.0,204.0,207.0,0.98,60613.0,630.0,150.0
MEGA,2/6/2020,207.0,207.0,205.0,206.0,-0.48,38652.0,630.0,150.0
MEGA,2/9/2020,204.0,204.0,201.0,203.0,-1.46,15976.0,630.0,150.0
MEGA,2/10/2020,200.0,203.0,199.0,202.0,-0.49,20752.0,630.0,150.0
MEGA,2/11/2020,203.0,206.0,203.0,205.0,1.49,33818.0,630.0,150.0
MEGA,2/12/2020,209.0,209.0,205.0,205.0,0.0,99951.0,630.0,150.0
MEGA,2/13/2020,206.0,206.0,204.0,204.0,-0.49,72221.0,630.0,150.0
MEGA,2/16/2020,205.0,205.0,201.0,205.0,0.49,43860.0,630.0,150.0
MEGA,2/17/2020,209.0,211.0,206.0,210.0,2.44,156721.0,630.0,150.0
MEGA,2/18/2020,211.0,219.0,210.0,212.0,0.95,123043.0,630.0,150.0
MEGA,2/19/2020,213.0,213.0,210.0,211.0,-0.47,34530.0,630.0,150.0
MEGA,2/20/2020,211.0,212.0,210.0,212.0,0.47,55054.0,630.0,150.0
MEGA,2/23/2020,216.0,233.0,212.0,233.0,9.91,267386.0,630.0,150.0
MEGA,2/24/2020,237.0,241.0,229.0,229.0,-1.72,225426.0,630.0,150.0
MEGA,2/25/2020,228.0,242.0,220.0,234.0,2.18,160849.0,630.0,150.0
MEGA,2/26/2020,238.0,245.0,236.0,244.0,4.27,184221.0,630.0,150.0
MEGA,2/27/2020,245.0,266.0,233.0,254.0,4.1,175728.0,630.0,150.0
MEGA,3/1/2020,258.0,279.0,249.0,260.0,2.36,301838.0,630.0,150.0
MEGA,3/2/2020,260.0,260.0,240.0,240.0,-7.69,151150.0,630.0,150.0
MEGA,3/3/2020,236.0,260.0,230.0,249.0,3.75,256896.0,630.0,150.0
MEGA,3/4/2020,249.0,250.0,232.0,235.0,-5.62,231452.0,630.0,150.0
MEGA,3/5/2020,233.0,238.0,222.0,237.0,0.85,146900.0,630.0,150.0
MEGA,3/10/2020,238.0,238.0,214.0,217.0,-8.44,74888.0,630.0,150.0
MEGA,3/11/2020,217.0,232.0,216.0,230.0,5.99,142734.0,630.0,150.0
MEGA,3/12/2020,230.0,234.0,220.0,223.0,-3.04,159184.0,630.0,150.0
MEGA,3/15/2020,220.0,224.0,210.0,213.0,-4.48,116318.0,630.0,150.0
MEGA,3/16/2020,209.0,221.0,205.0,213.0,0.0,90160.0,630.0,150.0
MEGA,3/17/2020,211.0,211.0,203.0,204.0,-4.23,69536.0,630.0,150.0
MEGA,3/18/2020,202.0,206.0,197.0,203.0,-0.49,99491.0,630.0,150.0
MEGA,3/19/2020,199.0,207.0,195.0,206.0,1.48,112604.0,630.0,150.0
MEGA,3/22/2020,202.0,214.0,198.0,214.0,3.88,9911.0,630.0,150.0
MEGA,5/12/2020,210.0,210.0,208.0,208.0,-2.8,154.0,630.0,150.0
MEGA,5/13/2020,204.0,204.0,202.0,202.0,-2.88,210.0,630.0,150.0
MEGA,6/29/2020,198.0,198.0,182.0,187.0,-7.43,39455.0,630.0,150.0
MEGA,6/30/2020,184.0,201.0,184.0,200.0,6.95,9422.0,630.0,150.0
MEGA,7/1/2020,204.0,220.0,204.0,219.0,9.5,4924.0,630.0,150.0
MEGA,7/2/2020,223.0,223.0,199.0,200.0,-8.68,22447.0,630.0,150.0
MEGA,7/5/2020,200.0,205.0,196.0,201.0,0.5,27815.0,630.0,150.0
MEGA,7/6/2020,205.0,209.0,200.0,204.0,1.49,27938.0,630.0,150.0
MEGA,7/7/2020,202.0,212.0,202.0,206.0,0.98,48682.0,630.0,150.0
MEGA,7/8/2020,209.0,210.0,204.0,207.0,0.49,24916.0,630.0,150.0
MEGA,7/9/2020,206.0,207.0,202.0,206.0,-0.48,19604.0,630.0,150.0
MEGA,7/12/2020,206.0,210.0,204.0,205.0,-0.49,19799.0,630.0,150.0
MEGA,7/13/2020,207.0,213.0,205.0,208.0,1.46,28143.0,630.0,150.0
MEGA,7/14/2020,210.0,210.0,206.0,206.0,-0.96,24873.0,630.0,150.0
MEGA,7/15/2020,206.0,211.0,206.0,208.0,0.97,38653.0,630.0,150.0
MEGA,7/16/2020,212.0,223.0,210.0,223.0,7.21,87648.0,630.0,150.0
MEGA,7/19/2020,227.0,245.0,227.0,245.0,9.87,1495.0,630.0,150.0
MEGA,7/20/2020,257.0,269.0,228.0,244.0,-0.41,247704.0,630.0,150.0
MEGA,7/21/2020,240.0,246.0,230.0,237.0,-2.87,139090.0,630.0,150.0
MEGA,7/22/2020,238.0,240.0,228.0,233.0,-1.69,81605.0,630.0,150.0
MEGA,7/23/2020,236.0,239.0,228.0,239.0,2.58,71627.0,630.0,150.0
MEGA,7/26/2020,233.0,242.0,233.0,240.0,0.42,80132.0,630.0,150.0
MEGA,7/27/2020,240.0,242.0,235.0,238.0,-0.83,74258.0,630.0,150.0
MEGA,7/28/2020,237.0,237.0,232.0,236.0,-0.84,49620.0,630.0,150.0
MEGA,7/29/2020,238.0,238.0,227.0,228.0,-3.39,122894.0,630.0,150.0
MEGA,7/30/2020,228.0,231.0,225.0,230.0,0.88,58629.0,630.0,150.0
MEGA,8/2/2020,227.0,230.0,223.0,224.0,-2.61,61246.0,630.0,150.0
MEGA,8/3/2020,222.0,227.0,220.0,223.0,-0.45,78983.0,630.0,150.0
MEGA,8/5/2020,219.0,221.0,216.0,220.0,-1.35,120127.0,630.0,150.0
MEGA,8/6/2020,218.0,220.0,214.0,217.0,-1.36,88365.0,630.0,150.0
MEGA,8/9/2020,215.0,222.0,214.0,222.0,2.3,84782.0,630.0,150.0
MEGA,8/10/2020,222.0,231.0,221.0,230.0,3.6,134354.0,630.0,150.0
MEGA,8/11/2020,231.0,235.0,227.0,228.0,-0.87,101228.0,630.0,150.0
MEGA,8/12/2020,230.0,231.0,224.0,228.0,0.0,53015.0,630.0,150.0
MEGA,8/13/2020,227.0,227.0,223.0,224.0,-1.75,64324.0,630.0,150.0
MEGA,8/16/2020,220.0,222.0,213.0,217.0,-3.12,96507.0,630.0,150.0
MEGA,8/17/2020,215.0,222.0,215.0,222.0,2.3,51638.0,630.0,150.0
MEGA,8/18/2020,222.0,222.0,218.0,220.0,-0.9,28166.0,630.0,150.0
MEGA,8/19/2020,216.0,219.0,214.0,216.0,-1.82,50186.0,630.0,150.0
MEGA,8/20/2020,214.0,220.0,213.0,216.0,0.0,30881.0,630.0,150.0
MEGA,8/23/2020,217.0,219.0,215.0,218.0,0.93,34305.0,630.0,150.0
MEGA,8/24/2020,221.0,224.0,218.0,224.0,2.75,78613.0,630.0,150.0
MEGA,8/25/2020,225.0,228.0,223.0,224.0,0.0,51415.0,630.0,150.0
MEGA,8/26/2020,227.0,230.0,223.0,228.0,1.79,132170.0,630.0,150.0
MEGA,8/27/2020,228.0,232.0,225.0,226.0,-0.88,55064.0,630.0,150.0
MEGA,8/30/2020,226.0,226.0,222.0,224.0,-0.88,26604.0,630.0,150.0
MEGA,8/31/2020,224.0,227.0,223.0,225.0,0.45,103753.0,630.0,150.0
MEGA,9/2/2020,225.0,233.0,225.0,226.0,0.44,118292.0,630.0,150.0
MEGA,9/3/2020,229.0,230.0,223.0,225.0,-0.44,63306.0,630.0,150.0
MEGA,9/6/2020,236.0,236.0,223.0,223.0,-0.89,70732.0,630.0,150.0
MEGA,9/7/2020,222.0,224.0,219.0,221.0,-0.9,89829.0,630.0,150.0
MEGA,9/8/2020,220.0,222.0,218.0,220.0,-0.45,46521.0,630.0,150.0
MEGA,9/9/2020,222.0,222.0,218.0,219.0,-0.45,47156.0,630.0,150.0
MEGA,9/10/2020,209.0,232.0,209.0,219.0,0.0,67856.0,630.0,150.0
MEGA,9/13/2020,220.0,224.0,218.0,219.0,0.0,74293.0,630.0,150.0
MEGA,9/14/2020,223.0,228.0,221.0,223.0,1.83,125044.0,630.0,150.0
MEGA,9/15/2020,225.0,228.0,220.0,222.0,-0.45,50705.0,630.0,150.0
MEGA,9/16/2020,224.0,224.0,220.0,221.0,-0.45,45434.0,630.0,150.0
MEGA,9/17/2020,223.0,229.0,220.0,228.0,3.17,140430.0,630.0,150.0
MEGA,9/20/2020,230.0,241.0,229.0,232.0,1.75,176534.0,630.0,150.0
MEGA,9/21/2020,243.0,243.0,226.0,228.0,-1.72,115096.0,630.0,150.0
MEGA,9/22/2020,217.0,232.0,217.0,224.0,-1.75,115310.0,630.0,150.0
MEGA,9/23/2020,223.0,226.0,222.0,226.0,0.89,43562.0,630.0,150.0
MEGA,9/24/2020,224.0,228.0,223.0,227.0,0.44,76404.0,630.0,150.0
MEGA,9/27/2020,230.0,234.0,221.0,230.0,1.32,168174.0,630.0,150.0
MEGA,9/28/2020,230.0,231.0,227.0,227.0,-1.3,66878.0,630.0,150.0
MEGA,9/29/2020,236.0,236.0,224.0,225.0,-0.88,25855.0,630.0,150.0
MEGA,9/30/2020,223.0,225.0,221.0,224.0,-0.44,57126.0,630.0,150.0
MEGA,10/1/2020,235.0,235.0,223.0,228.0,1.79,104273.0,630.0,150.0
MEGA,10/4/2020,231.0,236.0,228.0,231.0,1.32,134924.0,630.0,150.0
MEGA,10/5/2020,234.0,235.0,228.0,229.0,-0.87,110079.0,630.0,150.0
MEGA,10/6/2020,229.0,231.0,227.0,229.0,0.0,77858.0,630.0,150.0
MEGA,10/7/2020,230.0,238.0,227.0,237.0,3.49,301938.0,630.0,150.0
MEGA,10/8/2020,240.0,240.0,232.0,234.0,-1.27,141622.0,630.0,150.0
MEGA,10/11/2020,235.0,235.0,228.0,230.0,-1.71,124573.0,630.0,150.0
MEGA,10/12/2020,227.0,230.0,226.0,229.0,-0.43,85428.0,630.0,150.0
MEGA,10/13/2020,229.0,230.0,226.0,228.0,-0.44,46909.0,630.0,150.0
MEGA,10/14/2020,226.0,229.0,225.0,226.0,-0.88,53400.0,630.0,150.0
MEGA,10/15/2020,229.0,230.0,226.0,230.0,1.77,68312.0,630.0,150.0
MEGA,10/18/2020,230.0,234.0,228.0,228.0,-0.87,98705.0,630.0,150.0
MEGA,10/19/2020,230.0,230.0,227.0,230.0,0.88,53725.0,630.0,150.0
MEGA,10/20/2020,241.0,241.0,229.0,230.0,0.0,52678.0,630.0,150.0
MEGA,10/21/2020,234.0,237.0,229.0,236.0,2.61,141259.0,630.0,150.0
MEGA,10/22/2020,238.0,238.0,232.0,236.0,0.0,145279.0,630.0,150.0
MEGA,10/28/2020,237.0,248.0,237.0,248.0,5.08,273725.0,630.0,150.0
MEGA,10/29/2020,252.0,252.0,240.0,243.0,-2.02,243577.0,630.0,150.0
MEGA,11/1/2020,240.0,244.0,239.0,240.0,-1.23,135527.0,630.0,150.0
MEGA,11/2/2020,240.0,244.0,238.0,239.0,-0.42,115760.0,630.0,150.0
MEGA,11/3/2020,239.0,241.0,237.0,237.0,-0.84,64087.0,630.0,150.0
MEGA,11/4/2020,226.0,240.0,226.0,237.0,0.0,60734.0,630.0,150.0
MEGA,11/5/2020,240.0,240.0,235.0,236.0,-0.42,151202.0,630.0,150.0
MEGA,11/8/2020,236.0,239.0,233.0,235.0,-0.42,121197.0,630.0,150.0
MEGA,11/9/2020,232.0,239.0,232.0,234.0,-0.43,114453.0,630.0,150.0
MEGA,11/10/2020,235.0,237.0,233.0,233.0,-0.43,80012.0,630.0,150.0
MEGA,11/11/2020,235.0,238.0,234.0,238.0,2.15,73213.0,630.0,150.0
MEGA,11/12/2020,227.0,242.0,227.0,238.0,0.0,93803.0,630.0,150.0
MEGA,11/18/2020,242.0,242.0,238.0,240.0,0.84,134540.0,630.0,150.0
MEGA,11/19/2020,242.0,245.0,239.0,240.0,0.0,152606.0,630.0,150.0
MEGA,11/22/2020,252.0,252.0,241.0,245.0,2.08,251436.0,630.0,150.0
MEGA,11/23/2020,245.0,248.0,242.0,245.0,0.0,154294.0,630.0,150.0
MEGA,11/24/2020,245.0,248.0,245.0,247.0,0.82,170548.0,630.0,150.0
MEGA,11/25/2020,240.0,257.0,240.0,257.0,4.05,263923.0,630.0,150.0
MEGA,11/26/2020,258.0,268.0,257.0,263.0,2.33,343300.0,630.0,150.0
MEGA,11/29/2020,276.0,289.0,266.0,289.0,9.89,692031.0,630.0,150.0
MEGA,11/30/2020,294.0,312.0,279.0,285.0,-1.38,605072.0,630.0,150.0
MEGA,12/1/2020,288.0,289.0,270.0,277.0,-2.81,306948.0,630.0,150.0
MEGA,12/2/2020,282.0,282.0,270.0,277.0,0.0,305207.0,630.0,150.0
MEGA,12/3/2020,280.0,282.0,270.0,272.0,-1.81,191251.0,630.0,150.0
MEGA,12/6/2020,277.0,277.0,259.0,259.0,-4.78,218795.0,630.0,150.0
MEGA,12/7/2020,262.0,267.0,250.0,267.0,3.09,214456.0,630.0,150.0
MEGA,12/8/2020,271.0,271.0,260.0,263.0,-1.5,145165.0,630.0,150.0
MEGA,12/9/2020,260.0,263.0,251.0,253.0,-3.8,215677.0,630.0,150.0
MEGA,12/10/2020,253.0,256.0,250.0,256.0,1.19,132161.0,630.0,150.0
MEGA,12/13/2020,255.0,268.0,255.0,268.0,4.69,177695.0,630.0,150.0
MEGA,12/14/2020,271.0,277.0,267.0,270.0,0.75,169507.0,630.0,150.0
MEGA,12/15/2020,275.0,275.0,265.0,265.0,-1.85,131478.0,630.0,150.0
MEGA,12/16/2020,265.0,270.0,265.0,268.0,1.13,123552.0,630.0,150.0
MEGA,12/17/2020,270.0,283.0,270.0,276.0,2.99,596733.0,630.0,150.0
MEGA,12/20/2020,276.0,278.0,259.0,261.0,-5.43,363524.0,630.0,150.0
MEGA,12/21/2020,261.0,270.0,248.0,265.0,1.53,298325.0,630.0,150.0
MEGA,12/22/2020,270.0,281.0,266.0,277.0,4.53,435601.0,630.0,150.0
MEGA,12/23/2020,282.0,300.0,282.0,289.0,4.33,660239.0,630.0,150.0
MEGA,12/24/2020,293.0,298.0,285.0,286.0,-1.04,270897.0,630.0,150.0
MEGA,12/27/2020,290.0,292.0,274.0,277.0,-3.15,183855.0,630.0,150.0
MEGA,12/28/2020,277.0,281.0,273.0,275.0,-0.72,125072.0,630.0,150.0
MEGA,12/29/2020,278.0,279.0,273.0,274.0,-0.36,90644.0,630.0,150.0
MEGA,12/30/2020,274.0,276.0,272.0,274.0,0.0,160252.0,630.0,150.0
MEGA,12/31/2020,275.0,279.0,272.0,275.0,0.36,396119.0,630.0,150.0
MEGA,1/3/2021,250.0,261.0,247.0,261.0,-5.09,207711.0,630.0,150.0
MEGA,1/4/2021,266.0,271.0,261.0,261.0,0.0,182109.0,630.0,150.0
MEGA,1/5/2021,249.0,263.0,249.0,258.0,-1.15,87842.0,630.0,150.0
MEGA,1/6/2021,259.0,265.0,258.0,265.0,2.71,186889.0,630.0,150.0
MEGA,1/7/2021,266.0,268.0,263.0,267.0,0.75,140619.0,630.0,150.0
MEGA,1/10/2021,270.0,289.0,270.0,282.0,5.62,401776.0,630.0,150.0
MEGA,1/11/2021,287.0,292.0,275.0,278.0,-1.42,253213.0,630.0,150.0
MEGA,1/12/2021,280.0,282.0,274.0,281.0,1.08,108752.0,630.0,150.0
MEGA,1/13/2021,284.0,286.0,282.0,284.0,1.07,177301.0,630.0,150.0
MEGA,1/17/2021,287.0,288.0,283.0,283.0,-0.35,132467.0,630.0,150.0
MEGA,1/18/2021,283.0,286.0,281.0,283.0,0.0,146651.0,630.0,150.0
MEGA,1/19/2021,285.0,288.0,280.0,288.0,1.77,342347.0,630.0,150.0
MEGA,1/20/2021,300.0,300.0,284.0,297.0,3.12,301921.0,630.0,150.0
MEGA,1/21/2021,305.0,305.0,295.0,300.0,1.01,308693.0,630.0,150.0
MEGA,1/24/2021,301.0,303.0,295.0,299.0,-0.33,208705.0,630.0,150.0
MEGA,1/25/2021,300.0,300.0,293.0,300.0,0.33,333656.0,630.0,150.0
MEGA,1/26/2021,294.0,300.0,294.0,296.0,-1.33,283394.0,630.0,150.0
MEGA,1/27/2021,296.0,298.0,291.0,294.0,-0.68,152559.0,630.0,150.0
MEGA,1/28/2021,290.0,293.0,281.0,285.0,-3.06,240105.0,630.0,150.0
MEGA,1/31/2021,285.0,285.0,269.0,274.0,-3.86,396066.0,630.0,150.0
MEGA,2/1/2021,275.0,282.0,273.0,281.0,2.55,162281.0,630.0,150.0
MEGA,2/2/2021,284.0,290.0,282.0,286.0,1.78,126062.0,630.0,150.0
MEGA,2/3/2021,288.0,295.0,283.0,288.0,0.7,161571.0,630.0,150.0
MEGA,2/4/2021,284.0,288.0,280.0,281.0,-2.43,180097.0,630.0,150.0
MEGA,2/7/2021,285.0,285.0,280.0,282.0,0.36,195753.0,630.0,150.0
MEGA,2/8/2021,285.0,298.0,283.0,298.0,5.67,333060.0,630.0,150.0
MEGA,2/9/2021,303.0,308.0,292.0,296.0,-0.67,196518.0,630.0,150.0
MEGA,2/10/2021,298.0,305.0,287.0,304.0,2.7,455622.0,630.0,150.0
MEGA,2/11/2021,310.0,312.0,301.0,303.0,-0.33,407274.0,630.0,150.0
MEGA,2/14/2021,312.0,312.0,293.0,296.0,-2.31,190634.0,630.0,150.0
MEGA,2/15/2021,301.0,305.0,297.0,302.0,2.03,247196.0,630.0,150.0
MEGA,2/16/2021,302.0,314.0,302.0,306.0,1.32,350465.0,630.0,150.0
MEGA,2/17/2021,308.0,320.0,303.0,317.0,3.59,452969.0,630.0,150.0
MEGA,2/18/2021,320.0,337.0,319.0,334.0,5.36,571510.0,630.0,150.0
MEGA,2/21/2021,335.0,338.0,322.0,327.0,-2.1,297449.0,630.0,150.0
MEGA,2/22/2021,327.0,327.0,309.0,310.0,-5.2,414118.0,630.0,150.0
MEGA,2/23/2021,310.0,310.0,300.0,307.0,-0.97,340180.0,630.0,150.0
MEGA,2/24/2021,310.0,321.0,309.0,313.0,1.95,179441.0,630.0,150.0
MEGA,2/25/2021,310.0,313.0,305.0,308.0,-1.6,233139.0,630.0,150.0
MEGA,2/28/2021,306.0,306.0,295.0,297.0,-3.57,296167.0,630.0,150.0
MEGA,3/1/2021,283.0,306.0,283.0,305.0,2.69,265287.0,630.0,150.0
MEGA,3/2/2021,308.0,308.0,291.0,294.0,-3.61,332605.0,630.0,150.0
MEGA,3/3/2021,291.0,295.0,287.0,291.0,-1.02,206181.0,630.0,150.0
MEGA,3/4/2021,294.0,300.0,291.0,299.0,2.75,157890.0,630.0,150.0
MEGA,3/7/2021,300.0,305.0,295.0,297.0,-0.67,151444.0,630.0,150.0
MEGA,3/9/2021,297.0,298.0,290.0,292.0,-1.68,136069.0,630.0,150.0
MEGA,3/10/2021,296.0,296.0,287.0,290.0,-0.68,101556.0,630.0,150.0
MEGA,3/14/2021,290.0,291.0,282.0,285.0,-1.72,146943.0,630.0,150.0
MEGA,3/15/2021,281.0,290.0,281.0,283.0,-0.7,89832.0,630.0,150.0
MEGA,3/16/2021,284.0,288.0,280.0,284.0,0.35,92909.0,630.0,150.0
MEGA,3/17/2021,283.0,288.0,282.0,287.0,1.06,93401.0,630.0,150.0
MEGA,3/18/2021,301.0,301.0,287.0,297.0,3.48,134781.0,630.0,150.0
MEGA,3/21/2021,300.0,305.0,296.0,302.0,1.68,178271.0,630.0,150.0
MEGA,3/22/2021,300.0,303.0,296.0,297.0,-1.66,100234.0,630.0,150.0
MEGA,3/23/2021,295.0,299.0,290.0,297.0,0.0,90556.0,630.0,150.0
MEGA,3/24/2021,298.0,310.0,298.0,308.0,3.7,461508.0,630.0,150.0
MEGA,3/25/2021,312.0,314.0,301.0,302.0,-1.95,172862.0,630.0,150.0
MEGA,3/29/2021,303.0,303.0,298.0,299.0,-0.99,69410.0,630.0,150.0
MEGA,3/30/2021,299.0,306.0,297.0,306.0,2.34,145087.0,630.0,150.0
MEGA,3/31/2021,310.0,310.0,304.0,306.0,0.0,189467.0,630.0,150.0
MEGA,4/1/2021,306.0,310.0,303.0,307.0,0.33,263290.0,630.0,150.0
MEGA,4/4/2021,315.0,315.0,307.0,309.0,0.65,316855.0,630.0,150.0
MEGA,4/5/2021,318.0,318.0,306.0,308.0,-0.32,118312.0,630.0,150.0
MEGA,4/6/2021,320.0,320.0,304.0,308.0,0.0,170679.0,630.0,150.0
MEGA,4/7/2021,310.0,310.0,306.0,308.0,0.0,144195.0,630.0,150.0
MEGA,4/8/2021,304.0,310.0,304.0,307.0,-0.32,269452.0,630.0,150.0
MEGA,4/12/2021,322.0,322.0,305.0,313.0,1.95,295247.0,630.0,150.0
MEGA,4/13/2021,320.0,321.0,309.0,321.0,2.56,409992.0,630.0,150.0
MEGA,4/15/2021,325.0,329.0,321.0,327.0,1.87,452531.0,630.0,150.0
MEGA,4/18/2021,327.0,331.0,315.0,318.0,-2.75,329735.0,630.0,150.0
MEGA,4/19/2021,315.0,320.0,310.0,312.0,-1.89,195153.0,630.0,150.0
MEGA,4/20/2021,312.0,316.0,307.0,314.0,0.64,278516.0,630.0,150.0
MEGA,4/21/2021,299.0,315.0,299.0,310.0,-1.27,162738.0,630.0,150.0
MEGA,4/22/2021,308.0,314.0,305.0,313.0,0.97,177560.0,630.0,150.0
MEGA,4/25/2021,313.0,313.0,302.0,305.0,-2.56,204863.0,630.0,150.0
MEGA,4/26/2021,305.0,306.0,295.0,295.0,-3.28,219912.0,630.0,150.0
MEGA,4/27/2021,290.0,305.0,290.0,305.0,3.39,106457.0,630.0,150.0
MEGA,4/28/2021,310.0,310.0,301.0,303.0,-0.66,104853.0,630.0,150.0
MEGA,4/29/2021,303.0,305.0,300.0,303.0,0.0,104324.0,630.0,150.0
MEGA,5/2/2021,288.0,308.0,288.0,307.0,1.32,161480.0,630.0,150.0
MEGA,5/3/2021,307.0,310.0,302.0,304.0,-0.98,134548.0,630.0,150.0
MEGA,5/4/2021,303.0,304.0,300.0,301.0,-0.99,106325.0,630.0,150.0
MEGA,5/5/2021,304.0,304.0,299.0,302.0,0.33,102064.0,630.0,150.0
MEGA,5/6/2021,300.0,310.0,300.0,304.0,0.66,185719.0,630.0,150.0
MEGA,5/9/2021,304.0,311.0,300.0,306.0,0.66,177630.0,630.0,150.0
MEGA,5/10/2021,306.0,307.0,302.0,307.0,0.33,56413.0,630.0,150.0
MEGA,5/11/2021,310.0,310.0,305.0,308.0,0.33,69263.0,630.0,150.0
MEGA,5/12/2021,306.0,308.0,305.0,306.0,-0.65,76672.0,630.0,150.0
MEGA,5/13/2021,306.0,308.0,305.0,306.0,0.0,91422.0,630.0,150.0
MEGA,5/16/2021,308.0,313.0,307.0,312.0,1.96,202692.0,630.0,150.0
MEGA,5/17/2021,313.0,320.0,313.0,314.0,0.64,253599.0,630.0,150.0
MEGA,5/18/2021,316.0,318.0,312.0,317.0,0.96,263939.0,630.0,150.0
MEGA,5/19/2021,319.0,323.0,315.0,317.0,0.0,289642.0,630.0,150.0
MEGA,5/20/2021,320.0,324.0,318.0,324.0,2.21,366822.0,630.0,150.0
MEGA,5/23/2021,325.0,338.0,314.0,336.0,3.7,683092.0,630.0,150.0
MEGA,5/24/2021,340.0,348.0,334.0,338.0,0.6,536908.0,630.0,150.0
MEGA,5/25/2021,342.0,342.0,331.0,332.0,-1.78,231523.0,630.0,150.0
MEGA,5/27/2021,330.0,336.0,323.0,328.0,-1.2,370744.0,630.0,150.0
MEGA,5/30/2021,328.0,343.0,327.0,336.0,2.44,484628.0,630.0,150.0
MEGA,5/31/2021,339.0,346.0,330.0,332.0,-1.19,487514.0,630.0,150.0
MEGA,6/1/2021,331.0,332.0,325.0,326.0,-1.81,269949.0,630.0,150.0
MEGA,6/2/2021,342.0,342.0,325.0,332.0,1.84,217210.0,630.0,150.0
MEGA,6/3/2021,335.0,349.0,333.0,345.0,3.92,848835.0,630.0,150.0
MEGA,6/6/2021,360.0,378.0,352.0,375.0,8.7,1224074.0,630.0,150.0
MEGA,6/7/2021,385.0,385.0,361.0,371.0,-1.07,834660.0,630.0,150.0
MEGA,6/8/2021,370.0,382.0,365.0,380.0,2.43,526430.0,630.0,150.0
MEGA,6/9/2021,380.0,384.0,371.0,375.0,-1.32,380775.0,630.0,150.0
MEGA,6/10/2021,376.0,376.0,366.0,368.0,-1.87,358260.0,630.0,150.0
MEGA,6/13/2021,370.0,374.0,362.0,370.0,0.54,348301.0,630.0,150.0
MEGA,6/14/2021,374.0,396.0,373.0,385.0,4.05,623159.0,630.0,150.0
MEGA,6/15/2021,395.0,397.0,384.0,385.0,0.0,528560.0,630.0,150.0
MEGA,6/16/2021,390.0,393.0,377.0,381.0,-1.04,424124.0,630.0,150.0
MEGA,6/17/2021,385.0,385.0,375.0,378.0,-0.79,276376.0,630.0,150.0
MEGA,6/20/2021,390.0,390.0,364.0,369.0,-2.38,342399.0,630.0,150.0
MEGA,6/21/2021,385.0,385.0,357.0,358.0,-2.98,297523.0,630.0,150.0
MEGA,6/22/2021,355.0,373.0,352.0,372.0,3.91,431187.0,630.0,150.0
MEGA,6/23/2021,374.0,375.0,360.0,362.0,-2.69,215954.0,630.0,150.0
MEGA,6/24/2021,356.0,363.0,355.0,359.0,-0.83,169134.0,630.0,150.0
MEGA,6/27/2021,360.0,373.0,355.0,368.0,2.51,273284.0,630.0,150.0
MEGA,6/28/2021,370.0,377.0,369.0,372.0,1.09,211430.0,630.0,150.0
MEGA,6/29/2021,380.0,380.0,361.0,363.0,-2.42,173933.0,630.0,150.0
MEGA,6/30/2021,360.0,362.0,355.0,361.0,-0.55,179058.0,630.0,150.0
MEGA,7/1/2021,361.0,373.0,360.0,370.0,2.49,493831.0,630.0,150.0
MEGA,7/4/2021,375.0,375.0,366.0,367.0,-0.81,148843.0,630.0,150.0
MEGA,7/5/2021,369.0,370.0,362.0,363.0,-1.09,89847.0,630.0,150.0
MEGA,7/6/2021,345.0,367.0,345.0,361.0,-0.55,239521.0,630.0,150.0
MEGA,7/7/2021,365.0,365.0,360.0,361.0,0.0,84996.0,630.0,150.0
MEGA,7/8/2021,368.0,368.0,360.0,365.0,1.11,177897.0,630.0,150.0
MEGA,7/11/2021,368.0,375.0,366.0,373.0,2.19,193923.0,630.0,150.0
MEGA,7/12/2021,376.0,380.0,363.0,366.0,-1.88,232015.0,630.0,150.0
MEGA,7/13/2021,365.0,372.0,365.0,369.0,0.82,108497.0,630.0,150.0
MEGA,7/14/2021,370.0,371.0,365.0,367.0,-0.54,80825.0,630.0,150.0
MEGA,7/15/2021,365.0,370.0,365.0,366.0,-0.27,150160.0,630.0,150.0
MEGA,7/18/2021,370.0,385.0,369.0,383.0,4.64,330523.0,630.0,150.0
MEGA,7/19/2021,390.0,396.0,383.0,386.5,0.91,379960.0,630.0,150.0
MEGA,7/20/2021,386.0,388.9,381.0,384.1,-0.62,164892.0,630.0,150.0
MEGA,7/22/2021,387.5,392.5,383.0,389.0,1.28,316705.0,630.0,150.0
MEGA,7/25/2021,395.0,405.0,395.0,400.7,3.01,690398.0,630.0,150.0
MEGA,7/26/2021,405.0,405.0,390.0,393.0,-1.92,499561.0,630.0,150.0
MEGA,7/27/2021,385.2,394.9,380.0,390.0,-0.76,421037.0,630.0,150.0
MEGA,7/28/2021,390.0,396.0,385.5,388.0,-0.51,188006.0,630.0,150.0
MEGA,7/29/2021,388.0,390.0,383.0,384.5,-0.9,233261.0,630.0,150.0
MEGA,8/1/2021,385.0,392.0,383.0,384.0,-0.13,185923.0,630.0,150.0
MEGA,8/2/2021,384.0,387.6,383.8,384.2,0.05,130385.0,630.0,150.0
MEGA,8/3/2021,384.2,388.0,382.0,383.8,-0.1,143019.0,630.0,150.0
MEGA,8/4/2021,384.0,389.2,383.0,384.5,0.18,202754.0,630.0,150.0
MEGA,8/5/2021,388.0,388.0,382.5,385.6,0.29,129110.0,630.0,150.0
MEGA,8/8/2021,388.0,389.0,383.0,385.0,-0.16,172685.0,630.0,150.0
MEGA,8/9/2021,384.0,385.0,380.0,381.0,-1.04,132433.0,630.0,150.0
MEGA,8/10/2021,388.0,399.0,378.9,392.0,2.89,322712.0,630.0,150.0
MEGA,8/11/2021,392.0,398.0,387.0,389.0,-0.77,191936.0,630.0,150.0
MEGA,8/12/2021,390.0,394.0,385.1,391.5,0.64,174360.0,630.0,150.0
MEGA,8/15/2021,393.0,396.0,387.0,389.5,-0.51,418134.0,630.0,150.0
MEGA,8/16/2021,395.0,395.0,383.0,384.2,-1.36,193625.0,630.0,150.0
MEGA,8/17/2021,388.0,388.0,378.0,380.0,-1.09,224967.0,630.0,150.0
MEGA,8/18/2021,380.0,389.0,374.2,382.9,0.76,274254.0,630.0,150.0
MEGA,8/19/2021,380.0,387.5,376.0,377.0,-1.54,186307.0,630.0,150.0
MEGA,8/24/2021,378.0,380.0,371.1,372.0,-1.33,181304.0,630.0,150.0
MEGA,8/25/2021,372.0,372.0,365.0,367.5,-1.21,143401.0,630.0,150.0
MEGA,8/26/2021,365.0,374.0,365.0,368.0,0.14,130349.0,630.0,150.0
MEGA,8/29/2021,370.0,374.0,358.3,362.0,-1.63,189149.0,630.0,150.0
MEGA,8/31/2021,355.0,365.0,355.0,356.0,-1.66,160771.0,630.0,150.0
MEGA,9/1/2021,355.9,365.0,355.9,360.0,1.12,139598.0,630.0,150.0
MEGA,9/2/2021,360.0,364.0,355.0,355.1,-1.36,132458.0,630.0,150.0
MEGA,9/5/2021,355.0,357.0,340.0,345.0,-2.84,209041.0,630.0,150.0
MEGA,9/6/2021,351.0,365.0,341.0,364.0,5.51,168320.0,630.0,150.0
MEGA,9/7/2021,364.0,367.0,354.0,354.0,-2.75,124377.0,630.0,150.0
MEGA,9/8/2021,355.0,355.0,343.0,344.0,-2.82,126971.0,630.0,150.0
MEGA,9/9/2021,348.0,349.5,341.6,343.0,-0.29,89033.0,630.0,150.0
MEGA,9/12/2021,349.0,350.0,342.1,349.2,1.81,93393.0,630.0,150.0
MEGA,9/13/2021,355.0,358.0,350.0,351.3,0.6,99506.0,630.0,150.0
MEGA,9/14/2021,352.0,365.0,351.0,354.4,0.88,143119.0,630.0,150.0
MEGA,9/15/2021,356.0,356.0,347.4,348.0,-1.81,88373.0,630.0,150.0
MEGA,9/16/2021,344.0,345.0,336.0,337.5,-3.02,186179.0,630.0,150.0
MEGA,9/20/2021,338.0,344.0,324.1,325.0,-3.7,217497.0,630.0,150.0
MEGA,9/21/2021,318.5,339.0,318.5,334.5,2.92,169883.0,630.0,150.0
MEGA,9/22/2021,340.0,348.0,336.0,347.8,3.98,142641.0,630.0,150.0
MEGA,9/23/2021,354.7,371.2,351.0,360.0,3.51,331788.0,630.0,150.0
MEGA,9/26/2021,367.2,381.4,358.0,364.0,1.11,483969.0,630.0,150.0
MEGA,9/27/2021,369.0,369.0,336.3,349.9,-3.87,292056.0,630.0,150.0
MEGA,9/28/2021,355.0,356.8,328.5,356.8,1.97,252807.0,630.0,150.0
MEGA,9/29/2021,350.0,350.0,330.0,342.8,-3.92,405519.0,630.0,150.0
MEGA,9/30/2021,343.0,345.0,327.5,334.9,-2.3,303116.0,630.0,150.0
MEGA,10/3/2021,331.1,335.0,324.0,324.4,-3.14,130569.0,630.0,150.0
MEGA,10/4/2021,320.2,326.0,317.0,324.0,-0.12,101122.0,630.0,150.0
MEGA,10/5/2021,324.0,332.0,320.1,329.9,1.82,65527.0,630.0,150.0
MEGA,10/6/2021,334.0,335.0,328.0,333.7,1.15,193439.0,630.0,150.0
MEGA,10/10/2021,335.0,340.0,327.1,333.9,0.06,105008.0,630.0,150.0
MEGA,10/11/2021,335.0,335.0,325.0,329.5,-1.32,80109.0,630.0,150.0
MEGA,10/17/2021,334.7,334.9,324.0,329.7,0.06,46991.0,630.0,150.0
MEGA,10/18/2021,324.0,329.6,314.0,320.0,-2.94,231020.0,630.0,150.0
MEGA,10/19/2021,314.0,317.0,300.2,301.6,-5.75,211623.0,630.0,150.0
MEGA,10/20/2021,307.6,317.0,305.0,312.0,3.45,74497.0,630.0,150.0
MEGA,10/21/2021,314.0,315.0,307.0,309.0,-0.96,71639.0,630.0,150.0
MEGA,10/24/2021,310.0,315.0,305.0,313.0,1.29,167023.0,630.0,150.0
MEGA,10/25/2021,316.8,325.0,316.0,322.0,2.88,102678.0,630.0,150.0
MEGA,10/26/2021,328.4,334.9,323.0,331.0,2.8,115200.0,630.0,150.0
MEGA,10/27/2021,337.0,337.5,323.4,328.1,-0.88,97093.0,630.0,150.0
MEGA,10/28/2021,328.0,330.0,325.0,330.0,0.58,68623.0,630.0,150.0
MEGA,10/31/2021,332.9,333.5,328.0,331.0,0.3,152987.0,630.0,150.0
MEGA,11/1/2021,337.6,351.0,337.6,344.0,3.93,369679.0,630.0,150.0
MEGA,11/2/2021,350.0,350.0,344.0,347.5,1.02,137360.0,630.0,150.0
MEGA,11/3/2021,354.4,354.4,345.0,346.8,-0.2,86091.0,630.0,150.0
MEGA,11/8/2021,346.0,349.0,340.0,340.1,-1.93,49405.0,630.0,150.0
MEGA,11/9/2021,341.0,342.1,332.1,334.1,-1.76,125968.0,630.0,150.0
MEGA,11/11/2021,339.0,345.0,335.1,337.5,1.02,227115.0,630.0,150.0
MEGA,11/14/2021,338.3,339.8,332.0,335.0,-0.74,70424.0,630.0,150.0
MEGA,11/15/2021,335.0,340.0,335.0,336.0,0.3,53769.0,630.0,150.0
MEGA,11/16/2021,340.0,342.0,335.6,339.7,1.1,74691.0,630.0,150.0
MEGA,11/17/2021,340.0,341.0,334.2,336.0,-1.09,121856.0,630.0,150.0
MEGA,11/18/2021,336.0,336.0,329.3,329.5,-1.93,77877.0,630.0,150.0
MEGA,11/21/2021,330.0,333.0,327.0,327.6,-0.58,36686.0,630.0,150.0
MEGA,11/22/2021,330.0,332.0,327.0,331.0,1.04,58096.0,630.0,150.0
MEGA,11/23/2021,334.0,335.0,327.0,328.5,-0.76,69352.0,630.0,150.0
MEGA,11/24/2021,326.0,330.0,322.0,328.0,-0.15,44906.0,630.0,150.0
MEGA,11/25/2021,328.0,332.0,325.0,330.0,0.61,61714.0,630.0,150.0
MEGA,11/28/2021,330.0,334.0,323.0,323.0,-2.12,75397.0,630.0,150.0
MEGA,11/29/2021,327.0,327.0,321.1,322.0,-0.31,121322.0,630.0,150.0
MEGA,11/30/2021,290.0,292.0,282.0,285.0,-11.49,152977.0,630.0,150.0
MEGA,12/1/2021,285.0,289.0,283.0,284.0,-0.35,46029.0,630.0,150.0
MEGA,12/2/2021,284.5,286.0,275.1,275.5,-2.99,67608.0,630.0,150.0
MEGA,12/5/2021,279.0,280.0,268.0,270.0,-2.0,66531.0,630.0,150.0
MEGA,12/6/2021,272.0,275.0,261.0,273.0,1.11,76519.0,630.0,150.0
MEGA,12/7/2021,278.0,278.0,267.5,269.0,-1.47,66610.0,630.0,150.0
MEGA,12/8/2021,269.0,269.0,260.8,268.0,-0.37,66196.0,630.0,150.0
MEGA,12/9/2021,263.0,269.9,262.0,268.0,0.0,46280.0,630.0,150.0
MEGA,12/12/2021,270.0,272.7,260.0,262.0,-2.24,65317.0,630.0,150.0
MEGA,12/13/2021,257.0,260.9,251.2,254.5,-2.86,97864.0,630.0,150.0
MEGA,12/14/2021,254.5,265.2,254.5,265.2,4.2,58589.0,630.0,150.0
MEGA,12/15/2021,270.0,274.0,260.0,262.0,-1.21,71657.0,630.0,150.0
MEGA,12/16/2021,259.0,261.9,257.9,258.0,-1.53,40143.0,630.0,150.0
MEGA,12/20/2021,261.0,262.9,256.0,257.0,-0.39,63678.0,630.0,150.0
MEGA,12/21/2021,257.2,278.0,257.2,270.0,5.06,93060.0,630.0,150.0
MEGA,12/22/2021,271.0,279.5,269.0,278.5,3.15,103606.0,630.0,150.0
MEGA,12/23/2021,280.0,282.8,274.0,277.4,-0.39,108587.0,630.0,150.0
MEGA,12/26/2021,280.0,285.0,276.5,277.5,0.04,82200.0,630.0,150.0
MEGA,12/27/2021,281.0,298.9,273.5,285.0,2.7,354159.0,630.0,150.0
MEGA,12/28/2021,282.0,290.0,282.0,283.0,-0.7,63449.0,630.0,150.0
MEGA,12/29/2021,283.0,288.0,281.0,284.0,0.35,60611.0,630.0,150.0
MEGA,1/2/2022,287.0,287.0,281.5,284.5,0.18,68698.0,630.0,150.0
MEGA,1/3/2022,286.1,300.3,286.0,293.0,2.99,276777.0,630.0,150.0
MEGA,1/4/2022,298.0,304.2,292.9,304.0,3.75,161744.0,630.0,150.0
MEGA,1/5/2022,310.0,310.0,297.0,301.0,-0.99,110601.0,630.0,150.0
MEGA,1/6/2022,297.0,305.0,293.0,304.8,1.26,89486.0,630.0,150.0
MEGA,1/9/2022,306.0,316.0,305.0,311.0,2.03,157108.0,630.0,150.0
MEGA,1/10/2022,315.0,317.2,305.0,307.5,-1.13,106446.0,630.0,150.0
MEGA,1/11/2022,305.0,310.0,304.0,307.7,0.07,87248.0,630.0,150.0
MEGA,1/12/2022,310.0,310.0,301.1,301.9,-1.88,134464.0,630.0,150.0
MEGA,1/13/2022,307.0,307.0,300.1,304.0,0.7,80535.0,630.0,150.0
MEGA,1/16/2022,304.0,311.0,304.0,306.0,0.66,193792.0,630.0,150.0
MEGA,1/17/2022,310.0,313.0,307.0,307.0,0.33,140445.0,630.0,150.0
MEGA,1/18/2022,310.0,316.0,304.2,310.5,1.14,304721.0,630.0,150.0
MEGA,1/19/2022,313.0,315.0,306.1,308.8,-0.55,110022.0,630.0,150.0
MEGA,1/20/2022,312.0,312.0,306.0,308.0,-0.26,88152.0,630.0,150.0
MEGA,1/23/2022,310.0,310.0,300.5,304.0,-1.3,127714.0,630.0,150.0
MEGA,1/24/2022,305.0,307.0,294.0,294.0,-3.29,162302.0,630.0,150.0
MEGA,1/25/2022,295.0,298.0,287.1,291.0,-1.02,75553.0,630.0,150.0
MEGA,1/26/2022,291.0,292.0,285.1,285.1,-2.03,76810.0,630.0,150.0
MEGA,1/27/2022,286.0,287.0,282.1,282.6,-0.88,79013.0,630.0,150.0
MEGA,1/30/2022,285.0,299.5,285.0,293.6,3.89,69603.0,630.0,150.0
MEGA,1/31/2022,299.4,299.4,288.0,291.0,-0.89,43550.0,630.0,150.0
MEGA,2/1/2022,291.0,296.0,288.0,295.0,1.37,69413.0,630.0,150.0
MEGA,2/3/2022,298.0,299.8,293.0,296.0,0.34,122235.0,630.0,150.0
MEGA,2/6/2022,292.0,295.0,289.2,291.0,-1.69,59839.0,630.0,150.0
MEGA,2/7/2022,292.0,292.0,288.0,289.1,-0.65,38983.0,630.0,150.0
MEGA,2/8/2022,294.8,304.0,286.2,288.0,-0.38,73600.0,630.0,150.0
MEGA,2/9/2022,283.29,289.0,280.0,285.2,-0.97,72838.0,630.0,150.0
MEGA,2/10/2022,289.5,289.5,283.0,284.0,-0.42,55892.0,630.0,150.0
MEGA,2/13/2022,278.4,281.0,272.0,274.1,-3.49,91879.0,630.0,150.0
MEGA,2/14/2022,274.0,281.0,271.0,272.0,-0.77,71456.0,630.0,150.0
MEGA,2/15/2022,272.0,278.0,272.0,278.0,2.21,61987.0,630.0,150.0
MEGA,2/16/2022,280.0,281.5,274.7,275.0,-1.08,31081.0,630.0,150.0
MEGA,2/17/2022,278.0,279.0,275.0,275.0,0.0,31348.0,630.0,150.0
MEGA,2/20/2022,269.5,272.0,264.2,267.0,-2.91,64790.0,630.0,150.0
MEGA,2/21/2022,265.0,275.0,265.0,273.0,2.25,52091.0,630.0,150.0
MEGA,2/22/2022,273.0,280.0,272.5,273.5,0.18,41357.0,630.0,150.0
MEGA,2/23/2022,276.0,276.0,272.0,273.0,-0.18,23039.0,630.0,150.0
MEGA,2/24/2022,273.0,273.0,265.0,268.0,-1.83,61944.0,630.0,150.0
MEGA,2/27/2022,268.1,271.0,263.0,266.5,-0.56,40144.0,630.0,150.0
MEGA,2/28/2022,269.0,271.0,262.0,262.1,-1.65,60201.0,630.0,150.0
MEGA,3/2/2022,260.5,263.5,257.0,258.0,-1.56,76660.0,630.0,150.0
MEGA,3/6/2022,260.0,266.0,255.7,261.0,1.16,59753.0,630.0,150.0
MEGA,3/7/2022,261.0,265.0,259.0,261.0,0.0,40010.0,630.0,150.0
MEGA,3/9/2022,263.0,265.0,257.0,257.9,-1.19,27251.0,630.0,150.0
MEGA,3/10/2022,257.0,261.0,254.0,259.1,0.47,51212.0,630.0,150.0
MEGA,3/13/2022,262.0,269.0,262.0,268.9,3.78,71641.0,630.0,150.0
MEGA,3/14/2022,272.0,273.0,263.6,270.0,0.41,21713.0,630.0,150.0
MEGA,3/15/2022,270.0,271.0,265.1,266.0,-1.48,48096.0,630.0,150.0
MEGA,3/16/2022,267.1,270.0,265.0,266.0,0.0,35851.0,630.0,150.0
MEGA,3/20/2022,266.0,267.0,261.0,262.9,-1.17,34576.0,630.0,150.0
MEGA,3/21/2022,263.0,263.0,259.0,263.0,0.04,35947.0,630.0,150.0
MEGA,3/22/2022,264.5,265.9,262.1,265.0,0.76,38246.0,630.0,150.0
MEGA,3/23/2022,265.0,265.0,260.0,261.0,-1.51,33790.0,630.0,150.0
MEGA,3/24/2022,258.0,261.0,258.0,259.0,-0.77,37592.0,630.0,150.0
MEGA,3/27/2022,262.0,262.0,254.0,256.0,-1.16,57940.0,630.0,150.0
MEGA,3/28/2022,255.0,255.9,251.0,252.5,-1.37,39508.0,630.0,150.0
MEGA,3/29/2022,250.0,256.0,250.0,252.9,0.16,49468.0,630.0,150.0
MEGA,3/30/2022,254.0,254.9,251.0,254.0,0.43,25129.0,630.0,150.0
MEGA,3/31/2022,256.9,256.9,253.0,253.0,-0.39,26594.0,630.0,150.0
MEGA,4/3/2022,256.0,256.0,250.0,250.5,-0.99,40895.0,630.0,150.0
MEGA,4/4/2022,249.0,252.5,245.5,246.0,-1.8,58685.0,630.0,150.0
MEGA,4/5/2022,246.0,246.5,239.5,242.4,-1.46,75001.0,630.0,150.0
MEGA,4/6/2022,244.0,244.0,238.0,239.0,-1.4,40629.0,630.0,150.0
MEGA,4/7/2022,241.0,243.0,238.0,240.3,0.54,53546.0,630.0,150.0
MEGA,4/11/2022,245.0,248.0,238.0,238.0,-0.96,51972.0,630.0,150.0
MEGA,4/12/2022,242.0,242.0,233.0,234.5,-1.47,37102.0,630.0,150.0
MEGA,4/13/2022,239.0,239.0,232.4,236.5,0.85,25771.0,630.0,150.0
MEGA,4/17/2022,237.0,239.0,235.0,236.0,-0.21,28078.0,630.0,150.0
MEGA,4/18/2022,240.0,240.0,233.0,233.1,-1.23,34791.0,630.0,150.0
MEGA,4/19/2022,233.1,236.9,231.0,235.0,0.82,22063.0,630.0,150.0
MEGA,4/20/2022,235.0,238.0,233.0,234.9,-0.04,26677.0,630.0,150.0
MEGA,4/21/2022,236.0,236.0,231.0,233.0,-0.81,21164.0,630.0,150.0
MEGA,4/24/2022,233.0,243.5,233.0,242.0,3.86,30352.0,630.0,150.0
MEGA,4/25/2022,245.0,246.0,238.0,238.2,-1.57,25325.0,630.0,150.0
MEGA,4/26/2022,240.0,241.0,236.5,238.0,-0.08,11791.0,630.0,150.0
MEGA,4/27/2022,235.0,239.0,235.0,236.2,-0.76,14105.0,630.0,150.0
MEGA,4/28/2022,235.0,239.0,235.0,235.0,-0.51,27074.0,630.0,150.0
MEGA,5/2/2022,235.0,235.0,230.5,230.6,-1.87,20347.0,630.0,150.0
MEGA,5/4/2022,231.0,231.0,227.0,229.0,-0.69,21999.0,630.0,150.0
MEGA,5/5/2022,229.0,229.0,225.0,226.1,-1.27,27162.0,630.0,150.0
MEGA,5/8/2022,226.1,226.1,222.1,226.1,0.0,30196.0,630.0,150.0
MEGA,5/9/2022,229.0,233.0,227.0,230.1,1.77,29436.0,630.0,150.0
MEGA,5/10/2022,230.0,232.0,228.0,232.0,0.83,19411.0,630.0,150.0
MEGA,5/11/2022,235.0,237.0,231.0,237.0,2.16,38166.0,630.0,150.0
MEGA,5/12/2022,240.0,240.0,236.0,237.0,0.0,21671.0,630.0,150.0
MEGA,5/17/2022,232.3,233.0,228.0,228.0,-3.8,28131.0,630.0,150.0
MEGA,5/18/2022,227.7,230.0,225.4,229.0,0.44,13060.0,630.0,150.0
MEGA,5/19/2022,228.0,230.0,226.1,227.3,-0.74,18686.0,630.0,150.0
MEGA,5/20/2022,227.1,228.0,224.2,225.0,-1.01,25004.0,630.0,150.0
MEGA,5/23/2022,225.0,228.0,221.9,223.0,-0.89,40650.0,630.0,150.0
MEGA,5/24/2022,222.0,226.4,220.1,225.0,0.9,20607.0,630.0,150.0
MEGA,5/25/2022,226.0,226.0,222.1,225.0,0.0,23382.0,630.0,150.0
MEGA,5/26/2022,227.0,247.5,224.0,247.5,10.0,225628.0,630.0,150.0
MEGA,5/27/2022,252.4,262.0,243.0,250.0,1.01,388507.0,630.0,150.0
MEGA,5/30/2022,254.0,255.0,239.0,242.0,-3.2,98529.0,630.0,150.0
MEGA,5/31/2022,238.0,238.0,232.2,233.0,-3.72,74764.0,630.0,150.0
MEGA,6/1/2022,230.0,235.5,228.0,234.0,0.43,118830.0,630.0,150.0
MEGA,6/2/2022,238.0,242.0,235.4,237.0,1.28,86865.0,630.0,150.0
MEGA,6/3/2022,239.0,241.0,230.5,230.5,-2.74,96278.0,630.0,150.0
MEGA,6/6/2022,231.0,232.9,226.3,229.0,-0.65,54218.0,630.0,150.0
MEGA,6/7/2022,226.2,230.0,225.0,225.0,-1.75,37576.0,630.0,150.0
MEGA,6/8/2022,226.0,231.5,223.0,229.8,2.13,50058.0,630.0,150.0
MEGA,6/9/2022,226.1,231.9,226.1,229.0,-0.35,82552.0,630.0,150.0
MEGA,6/10/2022,230.0,230.0,223.0,226.0,-1.31,140978.0,630.0,150.0
MEGA,11/22/2022,230.5,230.5,215.1,223.0,-1.33,169828.0,630.0,150.0
MEGA,11/23/2022,222.0,222.0,217.8,220.0,-1.35,113447.0,630.0,150.0
MEGA,11/24/2022,218.0,222.0,217.4,219.0,-0.45,46893.0,630.0,150.0
MEGA,11/27/2022,219.0,219.0,216.0,217.5,-0.68,79945.0,630.0,150.0
MEGA,11/28/2022,219.0,219.0,214.1,216.0,-0.69,70682.0,630.0,150.0
MEGA,11/29/2022,214.0,217.0,213.4,216.0,0.0,46017.0,630.0,150.0
MEGA,11/30/2022,216.0,216.2,212.8,212.8,-1.48,64573.0,630.0,150.0
MEGA,12/1/2022,214.0,216.3,213.0,215.0,1.03,50380.0,630.0,150.0
MEGA,12/4/2022,215.0,216.2,214.0,216.0,0.47,92050.0,630.0,150.0
MEGA,12/5/2022,214.0,218.0,214.0,214.1,-0.88,116986.0,630.0,150.0
MEGA,12/6/2022,214.0,216.0,213.6,214.4,0.14,95761.0,630.0,150.0
MEGA,12/7/2022,214.0,216.0,212.6,212.8,-0.75,39069.0,630.0,150.0
MEGA,12/11/2022,205.0,205.0,196.2,196.3,-7.75,53477.0,630.0,150.0
MEGA,12/12/2022,196.3,198.0,192.7,197.0,0.36,51482.0,630.0,150.0
MEGA,12/13/2022,193.3,198.9,193.0,194.0,-1.52,33003.0,630.0,150.0
MEGA,12/14/2022,196.0,196.0,193.2,193.9,-0.05,9217.0,630.0,150.0
MEGA,12/15/2022,195.9,196.0,191.1,191.5,-1.24,24900.0,630.0,150.0
MEGA,12/18/2022,194.5,194.5,185.0,185.0,-3.39,64418.0,630.0,150.0
MEGA,12/19/2022,185.0,188.7,183.5,187.9,1.57,68725.0,630.0,150.0
MEGA,12/20/2022,187.0,190.6,187.0,188.2,0.16,28668.0,630.0,150.0
MEGA,12/21/2022,186.0,192.0,186.0,190.4,1.17,14217.0,630.0,150.0
MEGA,12/22/2022,187.2,191.0,186.7,187.0,-1.79,71436.0,630.0,150.0
MEGA,12/26/2022,190.7,198.0,186.7,196.5,5.08,58503.0,630.0,150.0
MEGA,12/27/2022,197.0,210.0,197.0,204.6,4.12,98090.0,630.0,150.0
MEGA,12/28/2022,203.9,204.9,200.0,203.1,-0.73,68008.0,630.0,150.0
MEGA,12/29/2022,201.1,204.9,200.0,204.8,0.84,85420.0,630.0,150.0
MEGA,1/1/2023,207.0,208.5,203.2,205.0,0.1,190796.0,630.0,150.0
MEGA,1/2/2023,204.0,207.5,203.6,205.0,0.0,88555.0,630.0,150.0
MEGA,1/3/2023,204.2,207.0,204.0,207.0,0.98,92007.0,630.0,150.0
MEGA,1/4/2023,206.0,207.0,204.0,206.9,-0.05,68005.0,630.0,150.0
MEGA,1/5/2023,207.0,210.0,205.0,205.9,-0.48,114403.0,630.0,150.0
MEGA,1/8/2023,205.9,211.0,205.0,206.9,0.49,185890.0,630.0,150.0
MEGA,1/9/2023,207.0,217.0,207.0,217.0,4.88,268379.0,630.0,150.0
MEGA,1/10/2023,218.0,230.0,213.0,219.0,0.92,213804.0,630.0,150.0
MEHL,12/21/2025,449.9,451.1,426.5,439.0,,45801.0,519.0,220.0
MEHL,12/22/2025,440.0,440.0,425.2,430.0,-2.05,34160.0,519.0,220.0
MEHL,12/23/2025,422.1,436.0,422.1,430.0,0.0,23716.0,519.0,220.0
MEHL,12/24/2025,438.0,438.0,424.1,425.0,-1.16,19844.0,519.0,220.0
MEHL,12/28/2025,420.0,440.0,420.0,432.3,1.72,18640.0,519.0,220.0
MEHL,12/29/2025,434.0,440.0,428.0,428.1,-0.97,17542.0,519.0,220.0
MEHL,12/31/2025,435.0,450.0,428.0,431.0,0.68,36017.0,519.0,220.0
MEHL,1/1/2026,426.2,437.8,424.0,427.0,-0.93,17738.0,519.0,220.0
MEHL,1/4/2026,427.8,431.9,419.3,423.0,-0.94,19732.0,519.0,220.0
MEHL,1/5/2026,430.9,443.8,422.6,441.9,4.47,30027.0,519.0,220.0
MEHL,1/6/2026,445.0,447.7,433.0,434.0,-1.79,14140.0,519.0,220.0
MEHL,1/7/2026,430.0,435.0,427.2,430.0,-0.92,12016.0,519.0,220.0
MEHL,1/8/2026,422.0,431.0,422.0,428.0,-0.47,17523.0,519.0,220.0
MEHL,1/12/2026,421.2,432.0,421.2,423.2,-1.12,18960.0,519.0,220.0
MEHL,1/13/2026,420.0,434.8,420.0,431.9,2.06,17131.0,519.0,220.0
MEHL,1/14/2026,425.0,432.9,416.5,426.0,-1.37,58105.0,519.0,220.0
MEHL,1/18/2026,423.0,434.8,423.0,428.9,0.68,23194.0,519.0,220.0
MEHL,1/20/2026,430.1,446.2,430.0,441.0,2.82,69504.0,519.0,220.0
MEHL,1/21/2026,443.0,448.8,435.0,440.0,-0.23,35630.0,519.0,220.0
MEHL,1/22/2026,440.1,449.0,436.2,449.0,2.05,25395.0,519.0,220.0
MEHL,1/25/2026,441.0,460.0,441.0,455.0,1.34,41698.0,519.0,220.0
MEHL,1/26/2026,455.0,457.0,442.0,454.0,-0.22,50209.0,519.0,220.0
MEHL,1/27/2026,445.1,458.0,436.2,439.5,-3.19,51847.0,519.0,220.0
MEHL,1/28/2026,431.0,478.0,431.0,471.3,7.24,91698.0,519.0,220.0
MEHL,1/29/2026,475.0,479.9,449.0,454.0,-3.67,47239.0,519.0,220.0
MEHL,2/1/2026,461.9,464.5,445.0,449.9,-0.9,30411.0,519.0,220.0
MEHL,2/2/2026,445.0,456.8,445.0,446.0,-0.87,17282.0,519.0,220.0
MEHL,2/3/2026,440.2,451.8,440.1,444.8,-0.27,16834.0,519.0,220.0
MEHL,2/4/2026,438.2,451.4,438.2,446.0,0.27,19374.0,519.0,220.0
MEHL,2/5/2026,443.0,462.0,440.2,450.0,0.9,22016.0,519.0,220.0
MEHL,2/8/2026,458.0,460.0,450.0,450.8,0.18,21642.0,519.0,220.0
MEHL,2/9/2026,458.9,459.0,442.0,452.0,0.27,22560.0,519.0,220.0
MEHL,2/10/2026,458.9,458.9,442.0,454.8,0.62,19490.0,519.0,220.0
MEHL,2/11/2026,461.0,461.0,448.0,453.0,-0.4,10408.0,519.0,220.0
MEHL,2/12/2026,445.0,459.0,445.0,453.1,0.02,19184.0,519.0,220.0
MEHL,2/16/2026,452.0,460.0,450.0,454.0,0.2,35422.0,519.0,220.0
MEHL,2/17/2026,463.0,463.0,450.0,451.0,-0.66,27145.0,519.0,220.0
MEHL,2/22/2026,449.0,455.0,442.1,444.7,-1.4,17282.0,519.0,220.0
MEHL,2/23/2026,450.9,450.9,431.0,437.9,-1.53,13788.0,519.0,220.0
MEHL,2/24/2026,446.6,446.6,430.1,436.4,-0.34,6185.0,519.0,220.0
MEHL,2/25/2026,444.9,448.5,432.1,435.0,-0.32,5937.0,519.0,220.0
MEHL,2/26/2026,433.0,445.0,433.0,438.0,0.69,4007.0,519.0,220.0
MEHL,2/27/2026,433.0,445.0,433.0,438.0,0.0,4007.0,519.0,220.0
MEHL,2/28/2026,433.0,445.0,433.0,438.0,0.0,4007.0,519.0,220.0
MEHL,3/2/2026,430.0,438.0,428.0,438.0,0.0,23561.0,519.0,220.0
MEHL,3/3/2026,435.0,446.7,435.0,445.0,1.6,5857.0,519.0,220.0
MEHL,3/4/2026,435.0,446.7,435.0,445.0,0.0,5857.0,519.0,220.0
MEHL,3/5/2026,435.0,446.7,435.0,445.0,0.0,5857.0,519.0,220.0
MEHL,3/6/2026,435.0,446.7,435.0,445.0,0.0,5857.0,519.0,220.0
MEHL,3/7/2026,435.0,446.7,435.0,445.0,0.0,5857.0,519.0,220.0
MEHL,3/8/2026,435.0,446.7,435.0,445.0,0.0,5857.0,519.0,220.0
MEHL,3/9/2026,453.9,481.0,453.9,481.0,8.09,2470.0,519.0,220.0
MEHL,3/10/2026,480.0,488.5,451.0,468.0,-2.7,46877.0,519.0,220.0
MEHL,3/11/2026,460.0,474.0,460.0,462.0,-1.28,32860.0,519.0,220.0
MEHL,3/12/2026,452.9,479.0,452.9,479.0,3.68,33702.0,519.0,220.0
MEHL,3/13/2026,452.9,479.0,452.9,479.0,0.0,33702.0,519.0,220.0
MEHL,3/14/2026,452.9,479.0,452.9,479.0,0.0,33702.0,519.0,220.0
MEHL,3/15/2026,479.0,486.0,475.0,478.8,-0.04,33843.0,519.0,220.0
MEHL,3/16/2026,472.0,485.0,465.2,475.0,-0.79,31057.0,519.0,220.0
MEHL,3/17/2026,475.0,487.5,470.5,482.0,1.47,55280.0,519.0,220.0
MEHL,3/18/2026,475.0,487.5,470.5,482.0,0.0,55280.0,519.0,220.0
MEHL,3/19/2026,490.0,491.6,477.2,480.0,-0.41,37372.0,519.0,220.0
MEHL,3/20/2026,490.0,491.6,477.2,480.0,0.0,37372.0,519.0,220.0
MEHL,3/21/2026,490.0,491.6,477.2,480.0,0.0,37372.0,519.0,220.0
MEHL,3/22/2026,488.0,488.0,464.0,472.0,-1.67,42956.0,519.0,220.0
MEHL,3/23/2026,472.0,519.0,466.1,519.0,9.96,41634.0,519.0,220.0
MEHL,3/24/2026,508.7,508.7,479.0,492.5,-5.11,144176.0,519.0,220.0
MEHL,3/25/2026,492.5,492.5,469.0,470.0,-4.57,62249.0,519.0,220.0
MEHL,3/26/2026,465.1,475.0,465.1,473.0,1.7,19052.0,519.0,220.0
MEHL,3/29/2026,473.0,473.0,453.1,453.1,-4.21,23849.0,519.0,220.0
MEHL,3/30/2026,445.2,459.9,445.1,447.0,0.4,15770.0,519.0,220.0
MEHL,3/31/2026,450.0,462.0,442.0,458.0,1.78,20128.0,519.0,220.0
MEHL,4/1/2026,449.0,455.0,435.1,440.0,-2.0,17459.0,519.0,220.0
MEHL,4/2/2026,432.0,445.0,431.4,434.0,0.46,14621.0,519.0,220.0
MEHL,4/5/2026,428.0,428.0,402.0,405.0,-5.37,22711.0,519.0,220.0
MEHL,4/6/2026,411.0,428.0,410.2,428.0,4.14,14766.0,519.0,220.0
MEHL,4/7/2026,436.5,436.5,416.0,423.0,-3.09,17358.0,519.0,220.0
MEHL,4/8/2026,416.0,431.4,416.0,429.5,3.25,12650.0,519.0,220.0
MEHL,4/9/2026,437.7,437.7,425.0,434.9,-0.64,10178.0,519.0,220.0
MEHL,4/10/2026,443.0,443.0,425.0,432.0,-2.48,15186.0,519.0,220.0
MEHL,4/13/2026,424.0,435.0,424.0,432.0,1.89,14235.0,519.0,220.0
MEHL,4/15/2026,440.0,440.0,426.1,433.3,-1.52,16489.0,519.0,220.0
MEHL,4/16/2026,441.0,441.0,420.3,428.0,-2.95,12898.0,519.0,220.0
MEHL,4/17/2026,436.0,436.0,410.8,428.9,-1.63,32072.0,519.0,220.0
MEHL,4/20/2026,450.0,450.0,414.1,421.0,-6.44,4761.0,519.0,220.0
MEHL,4/21/2026,412.1,420.0,412.1,414.0,0.46,3966.0,519.0,220.0
MEHL,4/22/2026,394.5,420.0,394.5,420.0,6.46,9755.0,519.0,220.0
MEHL,4/23/2026,408.1,419.7,408.1,409.2,0.27,8346.0,519.0,220.0
MEHL,4/24/2026,400.0,406.0,399.0,405.1,1.28,5808.0,519.0,220.0
MEHL,4/27/2026,405.1,415.0,401.0,408.0,0.72,10466.0,519.0,220.0
MEHL,4/28/2026,427.0,427.0,400.0,407.5,-4.57,5151.0,519.0,220.0
MEHL,4/29/2026,407.5,408.0,400.0,403.0,-1.1,3070.0,519.0,220.0
MEHL,4/30/2026,394.1,404.0,390.0,395.9,0.46,14386.0,519.0,220.0
MEHL,5/4/2026,400.5,400.5,380.0,385.0,-3.87,7455.0,519.0,220.0
MEHL,5/5/2026,396.0,396.0,363.1,380.0,-4.04,5152.0,519.0,220.0
MEHL,5/6/2026,391.4,391.4,370.1,373.7,-4.52,7472.0,519.0,220.0
MEHL,5/7/2026,380.0,386.0,375.0,376.2,-1.0,1959.0,519.0,220.0
MEHL,5/8/2026,372.1,387.0,372.1,381.0,2.39,4979.0,519.0,220.0
MEHL,5/11/2026,392.0,392.0,383.0,386.5,-1.4,5016.0,519.0,220.0
MEHL,5/12/2026,379.0,398.0,379.0,379.0,0.0,7975.0,519.0,220.0
MEHL,5/13/2026,380.0,382.9,375.0,382.9,0.76,841.0,519.0,220.0
MEHL,5/14/2026,385.9,385.9,365.0,375.0,-2.82,6097.0,519.0,220.0
MEHL,5/15/2026,375.0,378.0,367.0,368.3,-1.79,3775.0,519.0,220.0
MEHL,5/18/2026,368.3,381.0,368.3,374.3,1.63,5125.0,519.0,220.0
MEHL,5/19/2026,375.0,375.0,369.0,375.0,0.0,2970.0,519.0,220.0
MEHL,5/20/2026,370.0,384.0,370.0,384.0,3.78,3081.0,519.0,220.0
MEHL,5/21/2026,384.0,398.0,377.0,379.0,-1.3,3705.0,519.0,220.0
MEHL,5/22/2026,375.1,386.5,370.0,380.0,1.31,5750.0,519.0,220.0
MEHL,5/25/2026,379.0,390.0,379.0,384.5,1.45,4231.0,519.0,220.0
MEHL,5/26/2026,384.5,395.6,380.1,380.1,-1.14,3498.0,519.0,220.0
MEHL,5/27/2026,385.0,391.0,380.0,380.0,-1.3,3553.0,519.0,220.0
MEHL,6/1/2026,380.0,391.4,371.0,375.0,-1.32,4117.0,519.0,220.0
MEHL,6/2/2026,386.2,386.2,375.0,379.0,-1.86,3012.0,519.0,220.0
MEHL,6/3/2026,379.0,388.9,375.1,382.0,0.79,4532.0,519.0,220.0
MEHL,6/4/2026,389.0,389.0,375.0,379.0,-2.57,2341.0,519.0,220.0
MEHL,6/5/2026,370.0,385.0,370.0,377.6,2.05,5385.0,519.0,220.0
MEHL,6/8/2026,366.3,384.9,366.0,375.0,2.38,2545.0,519.0,220.0
MEHL,6/9/2026,375.1,379.0,366.0,368.7,-1.71,2730.0,519.0,220.0
MEHL,6/10/2026,379.7,391.0,360.5,367.2,-3.29,2764.0,519.0,220.0
MEHL,6/11/2026,365.0,374.0,365.0,370.0,1.37,1011.0,519.0,220.0
MEHL,6/12/2026,361.2,374.0,361.2,368.0,1.88,2560.0,519.0,220.0
MEHL,6/15/2026,368.0,371.0,361.0,365.0,-0.82,3911.0,519.0,220.0
MEHL,6/16/2026,375.0,375.0,357.0,364.0,-2.93,7394.0,519.0,220.0
MEHL,6/17/2026,363.0,369.9,359.0,359.0,-1.1,1720.0,519.0,220.0
MEHL,6/18/2026,356.1,360.1,355.0,356.4,0.08,7141.0,519.0,220.0
MEHL,6/19/2026,356.4,365.0,356.4,358.0,0.45,2271.0,519.0,220.0
MEHL,6/22/2026,349.1,359.0,349.1,359.0,2.84,1387.0,519.0,220.0
MEHL,6/23/2026,350.1,359.0,349.0,354.0,1.11,2031.0,519.0,220.0
MEHL,6/24/2026,344.1,350.0,344.1,350.0,1.71,4536.0,519.0,220.0
MEHL,6/26/2026,342.2,344.4,326.9,344.0,0.53,5828.0,519.0,220.0
MEHL,6/29/2026,333.8,340.0,331.0,335.0,0.36,4013.0,519.0,220.0
MEHL,6/30/2026,330.0,336.0,325.0,327.9,-0.64,2521.0,519.0,220.0
MEHL,7/1/2026,337.6,337.6,323.1,334.9,-0.8,5573.0,519.0,220.0
MEHL,7/2/2026,325.2,334.5,325.2,332.0,2.09,456.0,519.0,220.0
MEHL,7/3/2026,339.0,339.0,326.1,327.0,-3.54,2740.0,519.0,220.0
MEHL,7/6/2026,327.0,327.0,321.0,321.0,-1.83,1280.0,519.0,220.0
MEHL,7/7/2026,311.5,327.0,311.5,326.0,4.65,1887.0,519.0,220.0
MEHL,7/8/2026,318.1,324.0,318.1,324.0,1.85,550.0,519.0,220.0
MEHL,7/9/2026,324.0,330.0,313.0,314.0,-3.09,4543.0,519.0,220.0
MEHL,7/10/2026,312.4,315.0,305.0,310.0,-0.77,4569.0,519.0,220.0
MEHL,7/13/2026,302.0,307.0,297.0,300.0,-0.66,4388.0,519.0,220.0
MEHL,7/14/2026,291.6,307.0,290.0,292.0,0.14,9684.0,519.0,220.0
MEHL,7/15/2026,292.0,303.0,292.0,297.0,1.71,3479.0,519.0,220.0
MEHL,7/16/2026,301.0,302.0,295.2,298.0,-1.0,1755.0,519.0,220.0
MEHL,7/17/2026,304.9,311.5,301.1,311.0,2.0,4355.0,519.0,220.0
MEHL,7/20/2026,311.0,324.4,308.1,324.4,4.31,8859.0,519.0,220.0
MEHL,7/21/2026,330.0,330.0,315.0,315.0,-4.55,6814.0,519.0,220.0
MEHL,7/22/2026,310.1,318.0,309.0,315.0,1.58,4823.0,519.0,220.0
MEHL,7/23/2026,315.0,317.2,307.5,313.3,-0.54,1520.0,519.0,220.0
MEHL,7/24/2026,313.0,319.0,312.0,315.0,0.64,2623.0,519.0,220.0
MEHL,7/27/2026,315.1,323.0,305.0,312.0,-0.98,4601.0,519.0,220.0
MEHL,7/28/2026,303.5,312.0,303.5,309.0,1.81,2144.0,519.0,220.0
MEHL,7/29/2026,305.0,314.0,296.0,307.0,0.66,2393.0,519.0,220.0
MEHL,7/30/2026,307.0,309.9,301.0,306.0,-0.33,1805.0,519.0,220.0
MEHL,7/31/2026,301.0,305.8,295.1,302.0,0.33,2369.0,519.0,220.0
MEHL,8/3/2026,304.0,305.0,297.1,299.9,-1.35,2855.0,519.0,220.0
MEHL,8/4/2026,300.0,306.9,297.7,300.0,0.0,2681.0,519.0,220.0
MEHL,8/5/2026,300.0,300.0,295.0,299.9,-0.03,5373.0,519.0,220.0
MEHL,8/6/2026,308.0,308.0,294.0,297.0,-3.57,6632.0,519.0,220.0
MEHL,8/7/2026,294.1,297.0,291.0,296.0,0.65,3838.0,519.0,220.0
MEHL,8/10/2026,298.0,300.0,285.0,288.0,-3.36,5220.0,519.0,220.0
MEHL,8/11/2026,288.5,289.0,280.0,282.8,-1.98,9119.0,519.0,220.0
MEHL,8/12/2026,283.0,290.0,282.0,287.0,1.41,3555.0,519.0,220.0
MEHL,8/13/2026,287.0,294.9,283.0,288.7,0.59,3934.0,519.0,220.0
MEHL,8/14/2026,288.0,288.0,275.0,279.0,-3.12,11581.0,519.0,220.0
MEHL,8/17/2026,279.0,282.9,266.8,270.0,-3.23,16056.0,519.0,220.0
MEHL,8/18/2026,270.0,285.0,267.0,282.9,4.78,16784.0,519.0,220.0
MEHL,8/19/2026,269.0,275.0,240.5,259.0,-3.72,489292.0,519.0,220.0
MEHL,8/20/2026,259.0,259.0,245.1,250.0,-3.47,184863.0,519.0,220.0
MEHL,8/21/2026,250.0,259.0,230.2,244.0,-2.4,167370.0,519.0,220.0
MEHL,8/24/2026,244.0,251.0,240.0,245.0,0.41,58223.0,519.0,220.0
MEHL,8/25/2026,250.0,250.0,235.1,236.9,-5.24,76312.0,519.0,220.0
MEHL,8/26/2026,230.5,235.0,227.5,229.7,-0.35,116943.0,519.0,220.0
MEHL,8/27/2026,220.0,238.3,220.0,234.6,6.64,51237.0,519.0,220.0
MEHL,8/31/2026,230.1,234.9,222.6,234.9,2.09,82844.0,519.0,220.0
MEHL,9/1/2026,232.9,236.0,225.1,229.0,-1.67,42137.0,519.0,220.0
MEHL,9/2/2026,230.0,231.0,225.0,230.0,0.0,38588.0,519.0,220.0
MEHL,9/3/2026,230.0,232.9,225.0,227.0,-1.3,78734.0,519.0,220.0
MEHL,9/7/2026,227.0,230.9,225.7,228.0,0.44,44646.0,519.0,220.0
MEHL,9/9/2026,229.9,230.0,226.1,228.0,-0.83,48122.0,519.0,220.0
MEHL,9/10/2026,228.0,234.7,226.8,232.9,2.15,68389.0,519.0,220.0
MEHL,9/11/2026,235.0,244.7,233.1,244.0,3.83,91916.0,519.0,220.0
MEHL,9/14/2026,244.0,252.9,243.0,243.0,-0.41,109756.0,519.0,220.0
MEHL,9/15/2026,255.0,267.0,245.1,255.0,0.0,134952.0,519.0,220.0
MEHL,9/16/2026,255.0,257.0,250.3,255.0,0.0,127283.0,519.0,220.0
MEHL,9/17/2026,250.0,266.9,250.0,264.0,5.6,121480.0,519.0,220.0
MEHL,9/18/2026,265.0,267.0,259.1,262.9,-0.79,109891.0,519.0,220.0
MEHL,9/22/2026,260.0,268.0,256.6,259.0,-0.38,61578.0,519.0,220.0
MEHL,9/23/2026,259.0,260.0,248.0,250.0,-3.47,117343.0,519.0,220.0
MEHL,9/24/2026,247.0,256.0,245.4,255.9,3.6,62587.0,519.0,220.0
MEHL,9/28/2026,255.9,257.8,248.0,252.0,-1.52,24886.0,519.0,220.0
MEHL,9/29/2026,239.4,253.0,239.4,0.0,-100.0,19435.0,519.0,220.0
MEHL,9/30/2026,254.8,260.0,253.0,258.0,1.26,38335.0,519.0,220.0
MEHL,10/1/2026,258.0,263.0,254.0,259.8,0.7,45601.0,519.0,220.0
MEHL,10/2/2026,259.9,263.8,252.1,258.0,-0.73,32097.0,519.0,220.0
MEL,12/21/2025,271.5,275.0,255.0,265.0,,52774.0,328.0,195.0
MEL,12/22/2025,265.0,267.0,261.1,264.0,-0.38,17209.0,328.0,195.0
MEL,12/23/2025,260.1,268.9,260.0,266.0,0.76,17721.0,328.0,195.0
MEL,12/24/2025,262.1,267.3,262.1,265.0,-0.38,8983.0,328.0,195.0
MEL,12/28/2025,264.1,272.0,264.1,272.0,2.64,16062.0,328.0,195.0
MEL,12/29/2025,267.0,275.9,267.0,269.9,-0.77,14072.0,328.0,195.0
MEL,12/31/2025,265.0,279.4,265.0,269.8,-0.04,15671.0,328.0,195.0
MEL,1/1/2026,268.0,270.0,266.0,267.5,-0.85,17464.0,328.0,195.0
MEL,1/4/2026,265.2,270.0,264.0,265.0,-0.93,8432.0,328.0,195.0
MEL,1/5/2026,265.0,269.5,263.2,266.3,0.49,15811.0,328.0,195.0
MEL,1/6/2026,267.8,279.9,267.8,273.0,2.52,37029.0,328.0,195.0
MEL,1/7/2026,269.8,272.9,267.0,269.0,-1.47,16095.0,328.0,195.0
MEL,1/8/2026,273.9,273.9,266.0,268.7,-0.11,9631.0,328.0,195.0
MEL,1/12/2026,263.4,272.8,263.4,265.6,-1.15,9498.0,328.0,195.0
MEL,1/13/2026,270.9,270.9,265.0,267.8,0.83,13952.0,328.0,195.0
MEL,1/14/2026,265.0,272.0,265.0,267.0,-0.3,13827.0,328.0,195.0
MEL,1/18/2026,265.1,271.0,265.1,267.5,0.19,13063.0,328.0,195.0
MEL,1/20/2026,270.0,278.3,269.0,274.5,2.62,35641.0,328.0,195.0
MEL,1/21/2026,274.4,279.9,272.0,278.9,1.6,25748.0,328.0,195.0
MEL,1/22/2026,274.0,283.0,274.0,280.1,0.43,37359.0,328.0,195.0
MEL,1/25/2026,275.0,300.0,275.0,289.5,3.36,42523.0,328.0,195.0
MEL,1/26/2026,293.9,305.0,282.6,290.0,0.17,47589.0,328.0,195.0
MEL,1/27/2026,285.0,294.7,278.0,280.9,-3.14,38162.0,328.0,195.0
MEL,1/28/2026,280.0,303.9,272.3,283.0,0.75,39934.0,328.0,195.0
MEL,1/29/2026,278.4,293.7,278.2,285.0,0.71,52996.0,328.0,195.0
MEL,2/1/2026,290.7,290.7,278.1,282.0,-1.05,21471.0,328.0,195.0
MEL,2/2/2026,280.0,285.0,277.0,279.9,-0.74,15297.0,328.0,195.0
MEL,2/3/2026,274.6,282.0,272.0,278.9,-0.36,22412.0,328.0,195.0
MEL,2/4/2026,275.0,281.9,271.6,276.0,-1.04,14908.0,328.0,195.0
MEL,2/5/2026,279.0,303.6,276.3,303.6,10.0,173689.0,328.0,195.0
MEL,2/8/2026,309.6,328.0,292.1,293.1,-3.46,131002.0,328.0,195.0
MEL,2/9/2026,290.1,300.5,287.5,297.9,1.64,67910.0,328.0,195.0
MEL,2/10/2026,298.0,300.0,290.4,297.0,-0.3,32240.0,328.0,195.0
MEL,2/11/2026,293.0,297.4,290.0,295.0,-0.67,31583.0,328.0,195.0
MEL,2/12/2026,289.1,300.0,289.1,291.0,-1.36,46294.0,328.0,195.0
MEL,2/16/2026,288.0,293.0,285.6,287.0,-1.37,16073.0,328.0,195.0
MEL,2/17/2026,283.2,288.0,278.0,281.8,-1.81,26665.0,328.0,195.0
MEL,2/22/2026,280.0,285.0,275.0,282.0,0.07,32675.0,328.0,195.0
MEL,2/23/2026,278.0,284.0,276.5,281.9,-0.04,12221.0,328.0,195.0
MEL,2/24/2026,283.9,283.9,278.0,282.0,0.04,15019.0,328.0,195.0
MEL,2/25/2026,277.2,284.0,277.2,280.0,-0.71,13999.0,328.0,195.0
MEL,2/26/2026,281.0,290.0,278.3,279.1,-0.32,10951.0,328.0,195.0
MEL,2/27/2026,281.0,290.0,278.3,279.1,0.0,10951.0,328.0,195.0
MEL,2/28/2026,281.0,290.0,278.3,279.1,0.0,10951.0,328.0,195.0
MEL,3/2/2026,274.0,284.0,274.0,283.0,1.4,14922.0,328.0,195.0
MEL,3/3/2026,285.0,290.0,279.3,289.9,2.44,30887.0,328.0,195.0
MEL,3/4/2026,285.0,290.0,279.3,289.9,0.0,30887.0,328.0,195.0
MEL,3/5/2026,285.0,290.0,279.3,289.9,0.0,30887.0,328.0,195.0
MEL,3/6/2026,285.0,290.0,279.3,289.9,0.0,30887.0,328.0,195.0
MEL,3/7/2026,285.0,290.0,279.3,289.9,0.0,30887.0,328.0,195.0
MEL,3/8/2026,285.0,290.0,279.3,289.9,0.0,30887.0,328.0,195.0
MEL,3/9/2026,295.6,314.0,295.6,314.0,8.31,2290.0,328.0,195.0
MEL,3/10/2026,320.0,320.0,296.0,302.0,-3.82,82418.0,328.0,195.0
MEL,3/11/2026,307.0,307.0,295.0,297.5,-1.49,51166.0,328.0,195.0
MEL,3/12/2026,295.0,306.0,293.0,300.5,1.01,53963.0,328.0,195.0
MEL,3/13/2026,295.0,306.0,293.0,300.5,0.0,53963.0,328.0,195.0
MEL,3/14/2026,295.0,306.0,293.0,300.5,0.0,53963.0,328.0,195.0
MEL,3/15/2026,294.5,306.0,294.5,296.0,-1.5,45737.0,328.0,195.0
MEL,3/16/2026,300.0,300.0,291.0,292.9,-1.05,41138.0,328.0,195.0
MEL,3/17/2026,291.0,301.7,290.0,300.0,2.42,45875.0,328.0,195.0
MEL,3/18/2026,291.0,301.7,290.0,300.0,0.0,45875.0,328.0,195.0
MEL,3/19/2026,306.0,312.0,303.0,307.0,2.33,110550.0,328.0,195.0
MEL,3/20/2026,306.0,312.0,303.0,307.0,0.0,110550.0,328.0,195.0
MEL,3/21/2026,306.0,312.0,303.0,307.0,0.0,110550.0,328.0,195.0
MEL,3/22/2026,311.0,311.0,300.0,302.1,-1.6,82554.0,328.0,195.0
MEL,3/23/2026,305.0,305.0,299.0,304.0,0.63,39974.0,328.0,195.0
MEL,3/24/2026,310.0,310.0,299.0,304.5,0.16,32734.0,328.0,195.0
MEL,3/25/2026,310.5,310.5,298.1,298.6,-1.94,35732.0,328.0,195.0
MEL,3/26/2026,298.0,300.0,295.1,299.0,0.34,25533.0,328.0,195.0
MEL,3/29/2026,299.0,301.9,290.3,293.0,-2.01,43059.0,328.0,195.0
MEL,3/30/2026,293.0,296.0,285.0,287.1,-2.01,29097.0,328.0,195.0
MEL,3/31/2026,286.1,291.8,281.2,289.0,1.01,18309.0,328.0,195.0
MEL,4/1/2026,287.0,289.0,278.0,280.0,-2.44,26430.0,328.0,195.0
MEL,4/2/2026,277.0,282.0,273.0,275.0,-0.72,26017.0,328.0,195.0
MEL,4/5/2026,272.0,272.0,260.8,262.9,-3.35,44617.0,328.0,195.0
MEL,4/6/2026,262.9,280.5,261.6,276.5,5.17,29539.0,328.0,195.0
MEL,4/7/2026,282.0,287.0,269.1,277.0,-1.77,16244.0,328.0,195.0
MEL,4/8/2026,282.5,282.5,273.0,279.0,-1.24,11816.0,328.0,195.0
MEL,4/9/2026,275.1,282.5,274.0,281.0,2.14,37355.0,328.0,195.0
MEL,4/10/2026,286.6,286.6,275.0,280.0,-2.3,25396.0,328.0,195.0
MEL,4/13/2026,274.5,280.0,274.5,278.0,1.28,16731.0,328.0,195.0
MEL,4/15/2026,278.0,283.0,274.0,278.4,0.14,31626.0,328.0,195.0
MEL,4/16/2026,275.5,280.0,273.0,277.0,0.54,15693.0,328.0,195.0
MEL,4/17/2026,273.6,277.9,272.0,276.0,0.88,19104.0,328.0,195.0
MEL,4/20/2026,276.0,276.0,265.1,272.0,-1.45,13946.0,328.0,195.0
MEL,4/21/2026,280.1,280.1,265.7,268.9,-4.0,15768.0,328.0,195.0
MEL,4/22/2026,270.0,271.0,261.0,267.8,-0.81,23566.0,328.0,195.0
MEL,4/23/2026,268.0,268.0,262.0,263.9,-1.53,11309.0,328.0,195.0
MEL,4/24/2026,260.0,263.0,255.0,258.2,-0.69,18624.0,328.0,195.0
MEL,4/27/2026,250.0,265.2,250.0,258.0,3.2,9297.0,328.0,195.0
MEL,4/28/2026,258.0,262.0,253.0,254.0,-1.55,20283.0,328.0,195.0
MEL,4/29/2026,255.0,256.0,246.4,252.0,-1.18,19670.0,328.0,195.0
MEL,4/30/2026,239.4,253.0,239.4,250.0,4.43,14629.0,328.0,195.0
MEL,5/4/2026,245.0,250.0,239.0,242.8,-0.9,21059.0,328.0,195.0
MEL,5/5/2026,242.0,242.0,236.1,239.0,-1.24,15816.0,328.0,195.0
MEL,5/6/2026,236.0,239.0,228.0,229.0,-2.97,48116.0,328.0,195.0
MEL,5/7/2026,227.0,230.0,226.0,229.9,1.28,13729.0,328.0,195.0
MEL,5/8/2026,227.5,237.0,227.5,236.3,3.87,19001.0,328.0,195.0
MEL,5/11/2026,236.0,244.1,234.5,239.1,1.31,35882.0,328.0,195.0
MEL,5/12/2026,240.0,241.0,227.0,229.0,-4.58,65410.0,328.0,195.0
MEL,5/13/2026,240.4,240.4,223.5,226.5,-5.78,18357.0,328.0,195.0
MEL,5/14/2026,220.0,228.8,216.0,226.1,2.77,26616.0,328.0,195.0
MEL,5/15/2026,225.0,245.0,223.0,238.0,5.78,37155.0,328.0,195.0
MEL,5/18/2026,238.0,240.0,233.0,234.1,-1.64,11242.0,328.0,195.0
MEL,5/19/2026,223.0,239.9,223.0,235.5,5.61,9164.0,328.0,195.0
MEL,5/20/2026,235.1,240.9,232.0,237.6,1.06,13228.0,328.0,195.0
MEL,5/21/2026,237.7,239.0,235.0,235.5,-0.93,8302.0,328.0,195.0
MEL,5/22/2026,235.5,239.9,230.0,238.1,1.1,8568.0,328.0,195.0
MEL,5/25/2026,238.0,245.1,235.1,245.0,2.94,27440.0,328.0,195.0
MEL,5/26/2026,252.2,252.2,241.2,242.0,-4.04,13513.0,328.0,195.0
MEL,5/27/2026,235.0,248.0,235.0,248.0,5.53,19013.0,328.0,195.0
MEL,6/1/2026,248.0,250.0,242.0,242.0,-2.42,9787.0,328.0,195.0
MEL,6/2/2026,243.0,253.0,239.1,244.1,0.45,9398.0,328.0,195.0
MEL,6/3/2026,244.0,249.9,241.2,246.0,0.82,9845.0,328.0,195.0
MEL,6/4/2026,246.0,250.0,244.0,246.0,0.0,8435.0,328.0,195.0
MEL,6/5/2026,250.0,250.0,240.0,240.0,-4.0,7592.0,328.0,195.0
MEL,6/8/2026,237.0,242.0,237.0,241.0,1.69,14472.0,328.0,195.0
MEL,6/9/2026,239.3,240.1,235.0,239.0,-0.13,3954.0,328.0,195.0
MEL,6/10/2026,239.0,242.0,237.0,240.5,0.63,2294.0,328.0,195.0
MEL,6/11/2026,235.0,248.0,235.0,237.7,1.15,5456.0,328.0,195.0
MEL,6/12/2026,240.0,240.0,235.6,235.6,-1.83,6314.0,328.0,195.0
MEL,6/15/2026,235.0,241.0,232.2,236.4,0.6,4913.0,328.0,195.0
MEL,6/16/2026,232.2,238.0,232.2,235.9,1.59,5357.0,328.0,195.0
MEL,6/17/2026,234.6,240.0,234.5,239.9,2.26,12944.0,328.0,195.0
MEL,6/18/2026,235.0,240.0,235.0,237.9,1.23,9641.0,328.0,195.0
MEL,6/19/2026,235.0,240.0,230.0,235.0,0.0,9993.0,328.0,195.0
MEL,6/22/2026,230.1,236.7,230.0,232.7,1.13,1141.0,328.0,195.0
MEL,6/23/2026,232.0,239.6,229.0,229.5,-1.08,5885.0,328.0,195.0
MEL,6/24/2026,226.0,229.0,220.0,226.6,0.27,22951.0,328.0,195.0
MEL,6/26/2026,213.8,228.0,213.8,225.0,5.24,8157.0,328.0,195.0
MEL,6/29/2026,226.0,226.0,218.0,220.0,-2.65,10876.0,328.0,195.0
MEL,6/30/2026,216.2,223.0,216.2,219.0,1.3,13520.0,328.0,195.0
MEL,7/1/2026,220.0,227.0,217.8,222.0,0.91,35696.0,328.0,195.0
MEL,7/2/2026,222.0,225.0,219.5,220.1,-0.86,11142.0,328.0,195.0
MEL,7/3/2026,220.2,222.0,218.0,218.0,-1.0,27636.0,328.0,195.0
MEL,7/6/2026,218.0,221.9,217.0,219.8,0.83,10956.0,328.0,195.0
MEL,7/7/2026,218.0,220.0,218.0,219.9,0.87,9433.0,328.0,195.0
MEL,7/8/2026,219.0,219.0,214.0,214.0,-2.28,19721.0,328.0,195.0
MEL,7/9/2026,214.0,218.9,213.0,213.7,-0.14,23778.0,328.0,195.0
MEL,7/10/2026,211.2,216.0,211.2,214.8,1.7,8809.0,328.0,195.0
MEL,7/13/2026,225.5,225.5,209.0,210.0,-6.87,11814.0,328.0,195.0
MEL,7/14/2026,203.8,215.0,203.8,211.0,3.53,9125.0,328.0,195.0
MEL,7/15/2026,216.0,216.5,211.6,216.0,0.0,4840.0,328.0,195.0
MEL,7/16/2026,210.2,216.5,210.2,214.5,2.05,3110.0,328.0,195.0
MEL,7/17/2026,214.0,232.0,212.3,220.0,2.8,27167.0,328.0,195.0
MEL,7/20/2026,231.0,231.0,218.1,226.0,-2.16,36999.0,328.0,195.0
MEL,7/21/2026,226.0,227.3,222.0,225.0,-0.44,22998.0,328.0,195.0
MEL,7/22/2026,235.0,235.0,218.0,224.6,-4.43,24096.0,328.0,195.0
MEL,7/23/2026,218.0,223.9,218.0,220.0,0.92,22908.0,328.0,195.0
MEL,7/24/2026,220.0,223.0,218.0,220.0,0.0,27150.0,328.0,195.0
MEL,7/27/2026,220.0,224.2,220.0,221.2,0.55,5825.0,328.0,195.0
MEL,7/28/2026,220.0,221.0,218.4,220.0,0.0,15115.0,328.0,195.0
MEL,7/29/2026,218.0,222.0,217.0,217.9,-0.05,22064.0,328.0,195.0
MEL,7/30/2026,218.0,221.0,210.0,217.0,-0.46,30010.0,328.0,195.0
MEL,7/31/2026,213.1,219.0,213.1,218.9,2.72,5108.0,328.0,195.0
MEL,8/3/2026,214.1,219.5,214.1,217.8,1.73,3248.0,328.0,195.0
MEL,8/4/2026,215.0,219.2,215.0,216.7,0.79,6226.0,328.0,195.0
MEL,8/5/2026,215.6,218.0,215.0,215.0,-0.28,8332.0,328.0,195.0
MEL,8/6/2026,212.2,217.0,212.2,214.6,1.13,13496.0,328.0,195.0
MEL,8/7/2026,212.0,215.1,212.0,214.9,1.37,17055.0,328.0,195.0
MEL,8/10/2026,214.0,215.0,209.1,209.1,-2.29,34787.0,328.0,195.0
MEL,8/11/2026,198.7,215.0,198.7,208.5,4.93,11564.0,328.0,195.0
MEL,8/12/2026,208.6,212.0,203.7,208.1,-0.24,37000.0,328.0,195.0
MEL,8/13/2026,208.1,213.0,207.2,212.0,1.87,50473.0,328.0,195.0
MEL,8/14/2026,212.0,212.6,209.0,211.5,-0.24,3652.0,328.0,195.0
MEL,8/17/2026,208.9,211.4,208.6,210.8,0.91,6083.0,328.0,195.0
MEL,8/18/2026,209.1,210.1,204.5,206.0,-1.48,42359.0,328.0,195.0
MEL,8/19/2026,203.0,208.5,203.0,205.9,1.43,21347.0,328.0,195.0
MEL,8/20/2026,204.1,208.9,203.7,205.0,0.44,24700.0,328.0,195.0
MEL,8/21/2026,202.6,205.0,202.6,204.0,0.69,7910.0,328.0,195.0
MEL,8/24/2026,210.0,210.0,200.7,202.8,-3.43,12740.0,328.0,195.0
MEL,8/25/2026,203.0,204.0,200.9,203.0,0.0,8367.0,328.0,195.0
MEL,8/26/2026,200.2,202.0,198.1,201.5,0.65,26326.0,328.0,195.0
MEL,8/27/2026,198.0,201.9,196.3,201.9,1.97,10526.0,328.0,195.0
MEL,8/31/2026,197.1,202.0,195.0,195.0,-1.07,17134.0,328.0,195.0
MEL,9/1/2026,195.0,199.6,195.0,197.0,1.03,9080.0,328.0,195.0
MEL,9/2/2026,197.0,201.0,195.0,197.6,0.3,7489.0,328.0,195.0
MEL,9/3/2026,197.5,200.5,197.5,200.5,1.52,6981.0,328.0,195.0
MEL,9/7/2026,200.1,200.1,198.0,199.6,-0.25,4199.0,328.0,195.0
MEL,9/9/2026,199.6,201.0,199.0,199.3,-0.15,7051.0,328.0,195.0
MEL,9/10/2026,199.4,203.0,197.0,202.0,1.3,10887.0,328.0,195.0
MEL,9/11/2026,198.3,208.0,198.2,207.0,4.39,44375.0,328.0,195.0
MEL,9/14/2026,207.0,218.9,203.3,216.0,4.35,38875.0,328.0,195.0
MEL,9/15/2026,226.0,230.0,216.0,216.0,-4.42,40879.0,328.0,195.0
MEL,9/16/2026,215.0,220.0,212.4,214.7,-0.14,19959.0,328.0,195.0
MEL,9/17/2026,216.0,219.0,213.9,216.8,0.37,19589.0,328.0,195.0
MEL,9/18/2026,211.1,218.0,211.0,216.0,2.32,29481.0,328.0,195.0
MEL,9/22/2026,216.0,220.1,215.0,216.0,0.0,33036.0,328.0,195.0
MEL,9/23/2026,216.0,216.0,213.1,214.5,-0.69,19622.0,328.0,195.0
MEL,9/24/2026,215.0,215.0,210.5,214.0,-0.47,20727.0,328.0,195.0
MEL,9/28/2026,214.0,218.0,210.5,212.1,-0.89,9272.0,328.0,195.0
MEL,9/29/2026,222.7,222.7,210.0,0.0,-100.0,9158.0,328.0,195.0
MEL,9/30/2026,215.0,215.0,209.2,210.0,-2.33,12617.0,328.0,195.0
MEL,10/1/2026,211.0,216.0,209.0,210.0,-0.47,44139.0,328.0,195.0
MEL,10/2/2026,210.0,213.9,205.0,210.9,0.43,18969.0,328.0,195.0
MEN,2/7/2021,665.0,726.0,656.0,694.0,,25785.0,683.4,535.0
MEN,2/8/2021,685.0,701.0,660.0,675.0,-2.74,26305.0,683.4,535.0
MEN,2/9/2021,707.0,707.0,634.0,645.0,-4.44,31817.0,683.4,535.0
MEN,2/10/2021,677.0,677.0,622.0,640.0,-0.78,26200.0,683.4,535.0
MEN,2/11/2021,628.0,640.0,618.0,620.0,-3.12,15428.0,683.4,535.0
MEN,2/14/2021,615.0,630.0,604.0,613.0,-1.13,20260.0,683.4,535.0
MEN,2/15/2021,610.0,650.0,610.0,643.0,4.89,40120.0,683.4,535.0
MEN,2/16/2021,643.0,650.0,627.0,650.0,1.09,28531.0,683.4,535.0
MEN,2/17/2021,637.0,648.0,629.0,635.0,-2.31,34932.0,683.4,535.0
MEN,2/18/2021,630.0,659.0,630.0,650.0,2.36,21616.0,683.4,535.0
MEN,2/21/2021,661.0,670.0,634.0,650.0,0.0,41465.0,683.4,535.0
MEN,2/22/2021,660.0,663.0,637.0,647.0,-0.46,18510.0,683.4,535.0
MEN,2/23/2021,635.0,647.0,635.0,645.0,-0.31,17585.0,683.4,535.0
MEN,2/24/2021,645.0,655.0,635.0,646.0,0.16,20264.0,683.4,535.0
MEN,2/25/2021,650.0,650.0,636.0,643.0,-0.46,13120.0,683.4,535.0
MEN,2/28/2021,632.0,633.0,615.0,622.0,-3.27,14411.0,683.4,535.0
MEN,3/1/2021,612.0,635.0,600.0,625.0,0.48,14902.0,683.4,535.0
MEN,3/2/2021,656.0,656.0,617.0,618.0,-1.12,8426.0,683.4,535.0
MEN,3/3/2021,608.0,642.0,608.0,624.0,0.97,16220.0,683.4,535.0
MEN,3/4/2021,624.0,646.0,624.0,643.0,3.04,12160.0,683.4,535.0
MEN,3/7/2021,635.0,643.0,635.0,637.0,-0.93,7910.0,683.4,535.0
MEN,3/9/2021,625.0,641.0,625.0,640.0,0.47,14810.0,683.4,535.0
MEN,3/10/2021,635.0,663.0,631.0,657.0,2.66,13721.0,683.4,535.0
MEN,3/14/2021,634.0,710.0,634.0,696.0,5.94,44120.0,683.4,535.0
MEN,3/15/2021,730.0,730.0,671.0,681.0,-2.16,25060.0,683.4,535.0
MEN,3/16/2021,670.0,693.0,667.0,672.0,-1.32,8842.0,683.4,535.0
MEN,3/17/2021,659.0,685.0,647.0,667.0,-0.74,7630.0,683.4,535.0
MEN,3/18/2021,654.0,678.0,654.0,674.0,1.05,6396.0,683.4,535.0
MEN,3/21/2021,661.0,691.0,630.0,680.0,0.89,21793.0,683.4,535.0
MEN,3/22/2021,680.0,690.0,654.0,685.0,0.74,12700.0,683.4,535.0
MEN,3/23/2021,651.0,716.0,651.0,715.0,4.38,43777.0,683.4,535.0
MEN,3/24/2021,715.0,725.0,696.0,705.0,-1.4,18923.0,683.4,535.0
MEN,3/25/2021,730.0,735.0,680.0,697.0,-1.13,10820.0,683.4,535.0
MEN,3/29/2021,690.0,697.0,677.0,683.0,-2.01,13610.0,683.4,535.0
MEN,3/30/2021,680.0,707.0,659.0,690.0,1.02,5594.0,683.4,535.0
MEN,3/31/2021,680.0,695.0,680.0,689.0,-0.14,7189.0,683.4,535.0
MEN,4/1/2021,676.0,702.0,676.0,702.0,1.89,17953.0,683.4,535.0
MEN,4/4/2021,701.0,707.0,690.0,704.0,0.28,9826.0,683.4,535.0
MEN,4/5/2021,705.0,718.0,691.0,708.0,0.57,11655.0,683.4,535.0
MEN,4/6/2021,700.0,738.0,696.0,714.0,0.85,14289.0,683.4,535.0
MEN,4/7/2021,702.0,750.0,702.0,727.0,1.82,23145.0,683.4,535.0
MEN,4/8/2021,720.0,740.0,713.0,732.0,0.69,10293.0,683.4,535.0
MEN,4/12/2021,730.0,800.0,730.0,758.0,3.55,25683.0,683.4,535.0
MEN,4/13/2021,764.0,833.0,764.0,833.0,9.89,45712.0,683.4,535.0
MEN,4/15/2021,874.0,884.0,805.0,823.0,-1.2,40059.0,683.4,535.0
MEN,4/18/2021,820.0,820.0,790.0,804.0,-2.31,29998.0,683.4,535.0
MEN,4/19/2021,788.0,804.0,771.0,782.0,-2.74,13642.0,683.4,535.0
MEN,4/20/2021,782.0,802.0,760.0,790.0,1.02,11927.0,683.4,535.0
MEN,4/21/2021,775.0,805.0,766.0,778.0,-1.52,11935.0,683.4,535.0
MEN,4/22/2021,763.0,775.0,761.0,774.0,-0.51,10350.0,683.4,535.0
MEN,4/25/2021,770.0,770.0,732.0,739.0,-4.52,18366.0,683.4,535.0
MEN,4/26/2021,703.0,759.0,703.0,730.0,-1.22,13105.0,683.4,535.0
MEN,4/27/2021,717.0,770.0,717.0,770.0,5.48,9220.0,683.4,535.0
MEN,4/28/2021,755.0,785.0,726.0,772.0,0.26,6769.0,683.4,535.0
MEN,4/29/2021,760.0,798.0,758.0,790.0,2.33,8804.0,683.4,535.0
MEN,5/2/2021,775.0,810.0,762.0,805.0,1.9,16014.0,683.4,535.0
MEN,5/3/2021,805.0,810.0,782.0,793.0,-1.49,16942.0,683.4,535.0
MEN,5/4/2021,807.0,807.0,778.0,792.0,-0.13,6540.0,683.4,535.0
MEN,5/5/2021,781.0,792.0,778.0,780.0,-1.52,7210.0,683.4,535.0
MEN,5/6/2021,780.0,788.0,760.0,760.0,-2.56,9309.0,683.4,535.0
MEN,5/9/2021,765.0,826.0,750.0,777.0,2.24,30693.0,683.4,535.0
MEN,5/10/2021,777.0,798.0,763.0,796.0,2.45,5919.0,683.4,535.0
MEN,5/11/2021,811.0,812.0,796.0,808.0,1.51,12944.0,683.4,535.0
MEN,5/12/2021,809.0,864.0,805.0,845.0,4.58,33795.0,683.4,535.0
MEN,5/13/2021,850.0,867.0,830.0,840.0,-0.59,24444.0,683.4,535.0
MEN,5/16/2021,850.0,872.0,825.0,830.0,-1.19,25792.0,683.4,535.0
MEN,5/17/2021,828.0,851.0,821.0,835.0,0.6,20835.0,683.4,535.0
MEN,5/18/2021,845.0,877.0,835.0,853.0,2.16,27370.0,683.4,535.0
MEN,5/19/2021,869.0,869.0,823.0,840.0,-1.52,25322.0,683.4,535.0
MEN,5/20/2021,830.0,840.0,816.0,824.0,-1.9,21914.0,683.4,535.0
MEN,5/23/2021,808.0,837.0,808.0,830.0,0.73,12830.0,683.4,535.0
MEN,5/24/2021,830.0,837.0,815.0,818.0,-1.45,12269.0,683.4,535.0
MEN,5/25/2021,807.0,827.0,807.0,810.0,-0.98,10215.0,683.4,535.0
MEN,5/27/2021,800.0,860.0,799.0,839.0,3.58,36891.0,683.4,535.0
MEN,5/30/2021,835.0,849.0,800.0,807.0,-3.81,26738.0,683.4,535.0
MEN,5/31/2021,805.0,820.0,788.0,790.0,-2.11,30437.0,683.4,535.0
MEN,6/1/2021,777.0,793.0,770.0,780.0,-1.27,24965.0,683.4,535.0
MEN,6/2/2021,765.0,829.0,765.0,819.0,5.0,19008.0,683.4,535.0
MEN,6/3/2021,835.0,835.0,794.0,796.0,-2.81,18901.0,683.4,535.0
MEN,6/6/2021,781.0,790.0,775.0,781.0,-1.88,6435.0,683.4,535.0
MEN,6/7/2021,790.0,800.0,781.0,788.0,0.9,20385.0,683.4,535.0
MEN,6/8/2021,776.0,806.0,776.0,792.0,0.51,12447.0,683.4,535.0
MEN,6/9/2021,777.0,800.0,777.0,786.0,-0.76,6139.0,683.4,535.0
MEN,6/10/2021,780.0,864.0,771.0,864.0,9.92,96143.0,683.4,535.0
MEN,6/13/2021,907.0,950.0,907.0,950.0,9.95,17664.0,683.4,535.0
MEN,6/14/2021,997.0,1045.0,925.0,959.0,0.95,81217.0,683.4,535.0
MEN,6/15/2021,1006.0,1026.0,967.0,974.0,1.56,79578.0,683.4,535.0
MEN,6/16/2021,955.0,970.0,878.0,935.0,-4.0,51201.0,683.4,535.0
MEN,6/17/2021,917.0,938.0,899.0,903.0,-3.42,16795.0,683.4,535.0
MEN,6/20/2021,900.0,914.0,846.0,875.0,-3.1,30764.0,683.4,535.0
MEN,6/21/2021,858.0,908.0,841.0,855.0,-2.29,25140.0,683.4,535.0
MEN,6/22/2021,840.0,929.0,840.0,887.0,3.74,11837.0,683.4,535.0
MEN,6/23/2021,870.0,895.0,850.0,860.0,-3.04,10960.0,683.4,535.0
MEN,6/24/2021,845.0,899.0,843.0,861.0,0.12,12090.0,683.4,535.0
MEN,6/27/2021,845.0,890.0,845.0,873.0,1.39,12282.0,683.4,535.0
MEN,6/28/2021,856.0,876.0,845.0,856.0,-1.95,9045.0,683.4,535.0
MEN,6/29/2021,843.0,888.0,841.0,843.0,-1.52,6893.0,683.4,535.0
MEN,6/30/2021,850.0,855.0,825.0,835.0,-0.95,15060.0,683.4,535.0
MEN,7/1/2021,850.0,868.0,825.0,835.0,0.0,7561.0,683.4,535.0
MEN,7/4/2021,822.0,835.0,821.0,835.0,0.0,1774.0,683.4,535.0
MEN,7/5/2021,828.0,838.0,815.0,826.0,-1.08,1640.0,683.4,535.0
MEN,7/6/2021,810.0,869.0,810.0,869.0,5.21,12311.0,683.4,535.0
MEN,7/7/2021,869.0,869.0,822.0,847.0,-2.53,5865.0,683.4,535.0
MEN,7/8/2021,835.0,855.0,827.0,855.0,0.94,19999.0,683.4,535.0
MEN,7/11/2021,855.0,885.0,851.0,874.0,2.22,13015.0,683.4,535.0
MEN,7/12/2021,858.0,882.0,849.0,873.0,-0.11,14943.0,683.4,535.0
MEN,7/13/2021,856.0,879.0,850.0,869.0,-0.46,6690.0,683.4,535.0
MEN,7/14/2021,885.0,885.0,852.0,872.0,0.35,4345.0,683.4,535.0
MEN,7/15/2021,855.0,891.0,853.0,890.0,2.06,18108.0,683.4,535.0
MEN,7/18/2021,874.0,925.0,874.0,920.0,3.37,21870.0,683.4,535.0
MEN,7/19/2021,938.0,940.0,904.6,929.0,0.98,29255.0,683.4,535.0
MEN,7/20/2021,930.0,963.0,915.0,950.0,2.26,41571.0,683.4,535.0
MEN,7/22/2021,951.2,989.0,938.0,984.0,3.58,36976.0,683.4,535.0
MEN,7/25/2021,970.0,1000.0,960.0,989.0,0.51,30898.0,683.4,535.0
MEN,7/26/2021,999.0,999.9,960.0,980.0,-0.91,14942.0,683.4,535.0
MEN,7/27/2021,990.0,1019.0,961.0,985.0,0.51,19418.0,683.4,535.0
MEN,7/28/2021,1004.7,1066.0,975.0,989.9,0.5,16239.0,683.4,535.0
MEN,7/29/2021,977.0,985.0,963.0,970.2,-1.99,11406.0,683.4,535.0
MEN,8/1/2021,954.0,980.0,954.0,975.0,0.49,12949.0,683.4,535.0
MEN,8/2/2021,973.0,994.5,961.0,975.0,0.0,24890.0,683.4,535.0
MEN,8/3/2021,994.5,994.5,965.0,990.0,1.54,13563.0,683.4,535.0
MEN,8/4/2021,995.0,1007.0,975.0,985.0,-0.51,25246.0,683.4,535.0
MEN,8/5/2021,999.0,999.0,955.0,965.0,-2.03,12866.0,683.4,535.0
MEN,8/8/2021,946.0,1003.0,946.0,970.0,0.52,15800.0,683.4,535.0
MEN,8/9/2021,989.4,1030.0,956.2,1025.0,5.67,43092.0,683.4,535.0
MEN,8/10/2021,1010.0,1127.0,1005.0,1127.0,9.95,85263.0,683.4,535.0
MEN,8/11/2021,1116.0,1239.7,1115.0,1160.0,2.93,78191.0,683.4,535.0
MEN,8/12/2021,1183.0,1276.0,1183.0,1276.0,10.0,99432.0,683.4,535.0
MEN,8/15/2021,1251.0,1352.0,1155.0,1352.0,5.96,57818.0,683.4,535.0
MEN,8/16/2021,1350.0,1350.0,1225.0,1280.0,-5.33,43504.0,683.4,535.0
MEN,8/17/2021,1257.0,1408.0,1257.0,1408.0,10.0,71755.0,683.4,535.0
MEN,8/18/2021,1385.0,1521.0,1385.0,1521.0,8.03,53488.0,683.4,535.0
MEN,8/19/2021,1490.6,1490.6,1407.0,1421.0,-6.57,21471.0,683.4,535.0
MEN,8/24/2021,1392.6,1400.0,1297.6,1300.0,-8.52,47405.0,683.4,535.0
MEN,8/25/2021,1274.0,1400.0,1250.0,1400.0,7.69,106520.0,683.4,535.0
MEN,8/26/2021,1372.0,1530.0,1345.0,1530.0,9.29,80872.0,683.4,535.0
MEN,8/29/2021,1499.4,1499.4,1414.0,1479.0,-3.33,22735.0,683.4,535.0
MEN,8/31/2021,1449.5,1449.5,1343.0,1394.0,-5.75,40471.0,683.4,535.0
MEN,9/1/2021,1366.2,1400.0,1313.0,1330.0,-4.59,16427.0,683.4,535.0
MEN,9/2/2021,1330.0,1421.0,1278.0,1280.0,-3.76,23098.0,683.4,535.0
MEN,9/5/2021,1295.0,1356.0,1200.0,1289.6,0.75,37460.0,683.4,535.0
MEN,9/6/2021,1264.0,1340.2,1230.2,1340.0,3.91,16230.0,683.4,535.0
MEN,9/7/2021,1313.2,1313.2,1268.0,1268.0,-5.37,13450.0,683.4,535.0
MEN,9/8/2021,1243.0,1292.0,1240.0,1264.0,-0.32,3695.0,683.4,535.0
MEN,9/9/2021,1241.1,1340.0,1238.9,1314.0,3.96,5125.0,683.4,535.0
MEN,9/12/2021,1291.0,1346.0,1291.0,1342.0,2.13,17646.0,683.4,535.0
MEN,9/13/2021,1340.0,1360.0,1276.0,1324.0,-1.34,11728.0,683.4,535.0
MEN,9/14/2021,1298.0,1377.0,1276.0,1320.0,-0.3,7280.0,683.4,535.0
MEN,9/15/2021,1293.6,1346.0,1268.0,1346.0,1.97,11735.0,683.4,535.0
MEN,9/16/2021,1319.1,1319.1,1212.0,1298.0,-3.57,12580.0,683.4,535.0
MEN,9/20/2021,1272.1,1280.0,1168.2,1190.0,-8.32,18950.0,683.4,535.0
MEN,9/21/2021,1175.0,1235.0,1150.0,1155.0,-2.94,7649.0,683.4,535.0
MEN,9/22/2021,1160.0,1225.0,1155.0,1200.0,3.9,3250.0,683.4,535.0
MEN,9/23/2021,1224.0,1224.0,1165.3,1202.0,0.17,2380.0,683.4,535.0
MEN,9/26/2021,1178.0,1208.0,1160.0,1178.0,-2.0,2270.0,683.4,535.0
MEN,9/27/2021,1201.0,1225.0,1100.0,1130.0,-4.07,9140.0,683.4,535.0
MEN,9/28/2021,1108.0,1125.0,1080.0,1100.0,-2.65,12230.0,683.4,535.0
MEN,9/29/2021,1078.0,1150.0,1049.2,1134.0,3.09,7120.0,683.4,535.0
MEN,9/30/2021,1115.0,1130.0,1080.0,1087.0,-4.14,2935.0,683.4,535.0
MEN,10/3/2021,1067.0,1110.0,1050.0,1104.0,1.56,6245.0,683.4,535.0
MEN,10/4/2021,1082.0,1122.0,1040.0,1113.8,0.89,2732.0,683.4,535.0
MEN,10/5/2021,1092.0,1130.0,1066.1,1077.0,-3.3,8766.0,683.4,535.0
MEN,10/6/2021,1090.0,1155.0,1071.0,1100.0,2.14,999.0,683.4,535.0
MEN,10/10/2021,1078.0,1120.0,1056.5,1119.0,1.73,1660.0,683.4,535.0
MEN,10/11/2021,1096.7,1100.0,1071.0,1100.0,-1.7,1635.0,683.4,535.0
MEN,10/17/2021,1078.0,1122.0,1070.0,1115.0,1.36,400.0,683.4,535.0
MEN,10/18/2021,1092.7,1114.5,1051.0,1051.0,-5.74,3418.0,683.4,535.0
MEN,10/19/2021,1050.0,1090.0,1020.0,1088.3,3.55,4071.0,683.4,535.0
MEN,10/20/2021,1067.1,1110.0,1067.0,1110.0,1.99,3920.0,683.4,535.0
MEN,10/21/2021,1100.0,1100.0,1065.0,1090.0,-1.8,2160.0,683.4,535.0
MEN,10/24/2021,1080.0,1135.1,1070.0,1116.0,2.39,4008.0,683.4,535.0
MEN,10/25/2021,1116.0,1227.6,1116.0,1227.0,9.95,14659.0,683.4,535.0
MEN,10/26/2021,1203.0,1300.0,1187.0,1253.0,2.12,7044.0,683.4,535.0
MEN,10/27/2021,1231.0,1250.0,1206.0,1225.0,-2.23,2066.0,683.4,535.0
MEN,10/28/2021,1201.0,1244.0,1200.5,1230.0,0.41,1785.0,683.4,535.0
MEN,10/31/2021,1205.4,1278.0,1185.0,1229.9,-0.01,4370.0,683.4,535.0
MEN,11/1/2021,1220.0,1264.0,1200.5,1228.9,-0.08,5640.0,683.4,535.0
MEN,11/2/2021,1205.0,1295.0,1200.0,1245.0,1.31,5545.0,683.4,535.0
MEN,11/3/2021,1230.0,1244.0,1210.0,1239.0,-0.48,1091.0,683.4,535.0
MEN,11/8/2021,1215.0,1265.0,1191.0,1230.0,-0.73,17742.0,683.4,535.0
MEN,11/9/2021,1250.0,1279.0,1159.0,1180.0,-4.07,3823.0,683.4,535.0
MEN,11/11/2021,1157.1,1198.0,1150.0,1172.0,-0.68,3452.0,683.4,535.0
MEN,11/14/2021,1195.4,1219.0,1144.0,1199.0,2.3,8577.0,683.4,535.0
MEN,11/15/2021,1175.1,1222.5,1155.0,1165.0,-2.84,6479.0,683.4,535.0
MEN,11/16/2021,1150.0,1200.0,1107.0,1178.0,1.12,5147.0,683.4,535.0
MEN,11/17/2021,1180.0,1259.0,1180.0,1225.0,3.99,13217.0,683.4,535.0
MEN,11/18/2021,1200.5,1210.0,1170.0,1170.0,-4.49,2430.0,683.4,535.0
MEN,11/21/2021,1151.1,1193.4,1151.1,1190.0,1.71,1670.0,683.4,535.0
MEN,11/22/2021,1169.0,1201.0,1168.0,1196.0,0.5,1890.0,683.4,535.0
MEN,11/23/2021,1173.0,1173.0,1149.0,1168.0,-2.34,2735.0,683.4,535.0
MEN,11/24/2021,1191.0,1191.0,1123.0,1170.0,0.17,13985.0,683.4,535.0
MEN,11/25/2021,1190.0,1190.0,1150.0,1168.0,-0.17,3546.0,683.4,535.0
MEN,11/28/2021,1146.0,1148.0,1087.8,1100.0,-5.82,6141.0,683.4,535.0
MEN,11/29/2021,1078.3,1121.7,1078.3,1096.0,-0.36,1420.0,683.4,535.0
MEN,11/30/2021,1090.0,1154.0,1070.0,1119.0,2.1,2427.0,683.4,535.0
MEN,12/1/2021,1115.0,1137.0,1100.0,1100.0,-1.7,1610.0,683.4,535.0
MEN,12/2/2021,1105.0,1120.0,1075.0,1101.9,0.17,4405.0,683.4,535.0
MEN,12/5/2021,1118.0,1118.0,1033.0,1065.0,-3.35,4860.0,683.4,535.0
MEN,12/6/2021,1085.9,1085.9,1007.0,1050.0,-1.41,4490.0,683.4,535.0
MEN,12/7/2021,1071.0,1071.0,1037.7,1055.0,0.48,4801.0,683.4,535.0
MEN,12/8/2021,1035.0,1055.0,1010.9,1053.6,-0.13,2515.0,683.4,535.0
MEN,12/9/2021,1033.0,1053.6,1000.0,1013.1,-3.84,3074.0,683.4,535.0
MEN,12/12/2021,1013.5,1033.7,953.0,996.0,-1.69,13255.0,683.4,535.0
MEN,12/13/2021,977.0,1036.0,925.0,1035.0,3.92,9061.0,683.4,535.0
MEN,12/14/2021,1015.0,1064.8,995.0,1064.8,2.88,4128.0,683.4,535.0
MEN,12/15/2021,1085.9,1085.9,1012.0,1039.9,-2.34,2871.0,683.4,535.0
MEN,12/16/2021,1019.2,1081.8,999.0,1081.8,4.03,5660.0,683.4,535.0
MEN,12/20/2021,1065.0,1065.0,985.0,1015.1,-6.17,2560.0,683.4,535.0
MEN,12/21/2021,997.2,1090.0,997.2,1090.0,7.38,1304.0,683.4,535.0
MEN,12/22/2021,1089.9,1120.0,1006.0,1115.0,2.29,4475.0,683.4,535.0
MEN,12/23/2021,1110.0,1125.0,1039.8,1125.0,0.9,3731.0,683.4,535.0
MEN,12/26/2021,1135.0,1135.0,1083.0,1090.0,-3.11,7161.0,683.4,535.0
MEN,12/27/2021,1069.0,1111.0,1030.0,1030.0,-5.5,2330.0,683.4,535.0
MEN,12/28/2021,1009.4,1065.9,992.0,1065.9,3.49,3544.0,683.4,535.0
MEN,12/29/2021,1080.0,1087.2,1023.4,1048.6,-1.62,2750.0,683.4,535.0
MEN,1/2/2022,1030.0,1070.0,1020.0,1051.0,0.23,1790.0,683.4,535.0
MEN,1/3/2022,1032.0,1086.3,1032.0,1065.0,1.33,6020.0,683.4,535.0
MEN,1/4/2022,1043.7,1084.0,1027.0,1075.0,0.94,1190.0,683.4,535.0
MEN,1/5/2022,1060.0,1120.0,1060.0,1064.4,-0.99,3867.0,683.4,535.0
MEN,1/6/2022,1065.0,1149.0,1065.0,1120.0,5.22,12273.0,683.4,535.0
MEN,1/9/2022,1142.4,1203.6,1130.0,1160.0,3.57,8523.0,683.4,535.0
MEN,1/10/2022,1163.0,1221.9,1155.0,1220.0,5.17,10920.0,683.4,535.0
MEN,1/11/2022,1197.0,1220.0,1175.0,1177.0,-3.52,16277.0,683.4,535.0
MEN,1/12/2022,1170.0,1200.0,1150.0,1159.0,-1.53,14940.0,683.4,535.0
MEN,1/13/2022,1160.0,1200.0,1145.0,1200.0,3.54,3935.0,683.4,535.0
MEN,1/16/2022,1176.0,1256.7,1176.0,1237.0,3.08,38488.0,683.4,535.0
MEN,1/17/2022,1212.3,1319.0,1189.0,1300.0,5.09,39877.0,683.4,535.0
MEN,1/18/2022,1300.0,1305.0,1225.0,1251.0,-3.77,13111.0,683.4,535.0
MEN,1/19/2022,1231.0,1259.7,1226.2,1249.0,-0.16,10150.0,683.4,535.0
MEN,1/20/2022,1226.0,1245.0,1213.5,1245.0,-0.32,7046.0,683.4,535.0
MEN,1/23/2022,1245.0,1245.0,1200.0,1231.0,-1.12,11450.0,683.4,535.0
MEN,1/24/2022,1231.0,1231.0,1167.0,1168.2,-5.1,7730.0,683.4,535.0
MEN,1/25/2022,1155.1,1191.5,1155.1,1175.0,0.58,3060.0,683.4,535.0
MEN,1/26/2022,1157.0,1174.0,1145.0,1170.0,-0.43,4300.0,683.4,535.0
MEN,1/27/2022,1161.0,1170.0,1150.0,1170.0,0.0,976.0,683.4,535.0
MEN,1/30/2022,1193.4,1216.8,1169.2,1205.0,2.99,7180.0,683.4,535.0
MEN,1/31/2022,1184.0,1229.1,1177.7,1229.1,2.0,5185.0,683.4,535.0
MEN,2/1/2022,1204.6,1253.6,1185.0,1251.0,1.78,11176.0,683.4,535.0
MEN,2/3/2022,1251.0,1255.0,1230.0,1235.0,-1.28,6386.0,683.4,535.0
MEN,2/6/2022,1210.3,1243.0,1210.1,1220.0,-1.21,3105.0,683.4,535.0
MEN,2/7/2022,1196.0,1230.0,1196.0,1220.0,0.0,1665.0,683.4,535.0
MEN,2/8/2022,1244.4,1279.0,1192.0,1224.0,0.33,23423.0,683.4,535.0
MEN,2/9/2022,1200.0,1200.0,1175.1,1191.0,-2.7,4103.0,683.4,535.0
MEN,2/10/2022,1168.0,1214.0,1146.0,1199.0,0.67,16844.0,683.4,535.0
MEN,2/13/2022,1175.1,1175.1,1112.0,1149.5,-4.13,5036.0,683.4,535.0
MEN,2/14/2022,1135.5,1160.0,1116.0,1135.0,-1.26,3050.0,683.4,535.0
MEN,2/15/2022,1115.0,1156.0,1115.0,1156.0,1.85,1845.0,683.4,535.0
MEN,2/16/2022,1135.2,1175.0,1119.0,1152.0,-0.35,4922.0,683.4,535.0
MEN,2/17/2022,1150.0,1169.0,1124.0,1155.0,0.26,633.0,683.4,535.0
MEN,2/20/2022,1132.0,1154.5,1109.4,1139.0,-1.39,3145.0,683.4,535.0
MEN,2/21/2022,1120.0,1160.0,1120.0,1135.0,-0.35,1050.0,683.4,535.0
MEN,2/22/2022,1140.0,1180.0,1137.0,1160.0,2.2,5190.0,683.4,535.0
MEN,2/23/2022,1160.0,1179.9,1145.0,1169.0,0.78,3740.0,683.4,535.0
MEN,2/24/2022,1150.0,1150.8,1128.4,1140.0,-2.48,2485.0,683.4,535.0
MEN,2/27/2022,1139.0,1145.0,1120.0,1130.0,-0.88,3240.0,683.4,535.0
MEN,2/28/2022,1135.0,1158.0,1093.8,1104.0,-2.3,4462.0,683.4,535.0
MEN,3/2/2022,1104.0,1110.0,1055.2,1080.0,-2.17,3672.0,683.4,535.0
MEN,3/6/2022,1100.0,1100.0,1045.1,1055.0,-2.31,4125.0,683.4,535.0
MEN,3/7/2022,1050.0,1076.0,1036.5,1050.0,-0.47,2065.0,683.4,535.0
MEN,3/9/2022,1032.0,1135.0,1014.0,1135.0,8.1,2253.0,683.4,535.0
MEN,3/10/2022,1113.0,1113.0,1050.0,1100.0,-3.08,3450.0,683.4,535.0
MEN,3/13/2022,1100.0,1129.0,1085.0,1125.0,2.27,5967.0,683.4,535.0
MEN,3/14/2022,1104.1,1135.0,1086.0,1113.0,-1.07,680.0,683.4,535.0
MEN,3/15/2022,1101.0,1101.0,1091.0,1095.0,-1.62,2315.0,683.4,535.0
MEN,3/16/2022,1074.1,1085.0,1072.0,1075.1,-1.82,1490.0,683.4,535.0
MEN,3/20/2022,1055.1,1067.5,1042.0,1067.0,-0.75,547.0,683.4,535.0
MEN,3/21/2022,1057.7,1135.0,1048.1,1110.0,4.03,1355.0,683.4,535.0
MEN,3/22/2022,1130.0,1130.0,1080.0,1100.0,-0.9,2260.0,683.4,535.0
MEN,3/23/2022,1080.1,1120.0,1080.1,1100.0,0.0,1705.0,683.4,535.0
MEN,3/24/2022,1100.0,1110.0,1080.0,1101.0,0.09,1844.0,683.4,535.0
MEN,3/27/2022,1079.0,1101.6,1060.4,1068.0,-3.0,3022.0,683.4,535.0
MEN,3/28/2022,1068.0,1080.0,1051.1,1079.0,1.03,2860.0,683.4,535.0
MEN,3/29/2022,1079.0,1097.0,1035.0,1089.8,1.0,1670.0,683.4,535.0
MEN,3/30/2022,1068.1,1091.0,1050.0,1091.0,0.11,1725.0,683.4,535.0
MEN,3/31/2022,1070.0,1090.0,1055.3,1088.9,-0.19,520.0,683.4,535.0
MEN,4/3/2022,1067.2,1075.0,1045.9,1075.0,-1.28,3150.0,683.4,535.0
MEN,4/4/2022,1055.0,1060.0,1048.0,1053.0,-2.05,2780.0,683.4,535.0
MEN,4/5/2022,1038.0,1056.7,1017.1,1029.0,-2.28,1273.0,683.4,535.0
MEN,4/6/2022,1009.0,1050.0,1000.0,1044.0,1.46,4337.0,683.4,535.0
MEN,4/7/2022,1024.0,1050.0,1000.0,1046.7,0.26,2963.0,683.4,535.0
MEN,4/11/2022,1027.1,1049.9,1010.0,1029.0,-1.69,965.0,683.4,535.0
MEN,4/12/2022,1008.5,1034.0,995.0,1034.0,0.49,1000.0,683.4,535.0
MEN,4/13/2022,1013.4,1055.0,997.0,1055.0,2.03,907.0,683.4,535.0
MEN,4/17/2022,1034.0,1050.0,1006.1,1006.1,-4.64,800.0,683.4,535.0
MEN,4/18/2022,999.0,1005.0,983.0,998.0,-0.81,560.0,683.4,535.0
MEN,4/19/2022,980.0,1000.0,962.1,995.0,-0.3,595.0,683.4,535.0
MEN,4/20/2022,995.0,995.0,963.0,993.8,-0.12,710.0,683.4,535.0
MEN,4/21/2022,975.1,1001.0,960.0,1001.0,0.72,7590.0,683.4,535.0
MEN,4/24/2022,981.0,1045.5,973.1,1045.0,4.4,2842.0,683.4,535.0
MEN,4/25/2022,1038.0,1065.0,1038.0,1065.0,1.91,500.0,683.4,535.0
MEN,4/26/2022,1043.7,1060.0,1013.1,1030.0,-3.29,2060.0,683.4,535.0
MEN,4/27/2022,1009.4,1017.0,989.3,997.2,-3.18,1250.0,683.4,535.0
MEN,4/28/2022,981.0,1030.0,981.0,1030.0,3.29,1915.0,683.4,535.0
MEN,5/2/2022,1009.4,1009.4,960.4,960.4,-6.76,1651.0,683.4,535.0
MEN,5/4/2022,942.0,1017.0,933.1,935.0,-2.64,2365.0,683.4,535.0
MEN,5/5/2022,918.1,989.0,900.0,901.0,-3.64,1317.0,683.4,535.0
MEN,5/8/2022,918.0,991.0,883.0,979.0,8.66,1549.0,683.4,535.0
MEN,5/9/2022,995.5,1015.0,960.0,1004.0,2.55,1908.0,683.4,535.0
MEN,5/10/2022,1018.0,1018.0,986.0,1009.0,0.5,300.0,683.4,535.0
MEN,5/11/2022,1028.0,1030.0,996.0,1030.0,2.08,2968.0,683.4,535.0
MEN,5/12/2022,1010.0,1010.1,997.3,999.1,-3.0,1375.0,683.4,535.0
MEN,5/17/2022,998.0,998.0,962.0,994.0,-0.51,2875.0,683.4,535.0
MEN,5/18/2022,974.2,989.0,954.8,985.0,-0.91,2190.0,683.4,535.0
MEN,5/19/2022,970.0,980.0,956.0,979.0,-0.61,2680.0,683.4,535.0
MEN,5/20/2022,980.0,998.0,946.2,988.0,0.92,1050.0,683.4,535.0
MEN,5/23/2022,968.3,980.0,931.1,966.0,-2.23,8010.0,683.4,535.0
MEN,5/24/2022,946.7,970.0,928.0,969.0,0.31,2080.0,683.4,535.0
MEN,5/25/2022,984.0,985.0,932.1,985.0,1.65,3106.0,683.4,535.0
MEN,5/26/2022,965.3,965.3,947.0,950.0,-3.55,960.0,683.4,535.0
MEN,5/27/2022,950.0,968.9,931.0,967.3,1.82,930.0,683.4,535.0
MEN,5/30/2022,948.0,948.0,914.0,937.0,-3.13,1505.0,683.4,535.0
MEN,5/31/2022,950.0,950.0,886.1,915.0,-2.35,1749.0,683.4,535.0
MEN,6/1/2022,933.3,950.0,885.0,950.0,3.83,1642.0,683.4,535.0
MEN,6/2/2022,967.0,967.0,901.5,962.0,1.26,5685.0,683.4,535.0
MEN,6/3/2022,960.9,961.0,904.9,940.0,-2.29,580.0,683.4,535.0
MEN,6/6/2022,922.0,923.0,890.0,923.0,-1.81,365.0,683.4,535.0
MEN,6/7/2022,904.6,940.0,868.5,940.0,1.84,2610.0,683.4,535.0
MEN,6/8/2022,922.0,940.0,890.1,940.0,0.0,3371.0,683.4,535.0
MEN,6/9/2022,925.0,927.0,916.0,916.0,-2.55,1310.0,683.4,535.0
MEN,6/10/2022,899.0,915.9,895.0,900.0,-1.75,255.0,683.4,535.0
MEN,6/13/2022,918.0,936.0,870.3,897.6,-0.27,1190.0,683.4,535.0
MEN,6/14/2022,879.7,879.7,862.0,879.0,-2.07,1035.0,683.4,535.0
MEN,6/15/2022,862.0,883.0,840.0,883.0,0.46,1960.0,683.4,535.0
MEN,6/16/2022,866.0,880.1,830.0,859.0,-2.72,4610.0,683.4,535.0
MEN,6/17/2022,842.0,842.0,820.0,830.0,-3.38,1635.0,683.4,535.0
MEN,6/19/2022,813.4,822.0,800.0,822.0,-0.96,969.0,683.4,535.0
MEN,6/20/2022,805.6,821.0,750.8,785.0,-4.5,3902.0,683.4,535.0
MEN,6/21/2022,770.0,833.0,760.0,800.0,1.91,2890.0,683.4,535.0
MEN,6/22/2022,784.0,786.0,757.0,776.0,-3.0,2730.0,683.4,535.0
MEN,6/23/2022,760.5,766.0,740.0,766.0,-1.29,992.0,683.4,535.0
MEN,6/24/2022,751.0,766.0,720.0,766.0,0.0,1690.0,683.4,535.0
MEN,6/26/2022,781.3,828.2,750.7,815.0,6.4,3426.0,683.4,535.0
MEN,6/27/2022,831.0,831.0,766.4,778.0,-4.54,2679.0,683.4,535.0
MEN,6/28/2022,762.5,799.9,754.5,763.0,-1.93,2012.0,683.4,535.0
MEN,6/29/2022,755.0,800.0,755.0,800.0,4.85,1760.0,683.4,535.0
MEN,6/30/2022,784.1,845.0,784.0,834.0,4.25,5404.0,683.4,535.0
MEN,7/1/2022,817.4,850.0,755.6,831.0,-0.36,18660.0,683.4,535.0
MEN,7/3/2022,815.0,846.9,769.0,842.0,1.32,5775.0,683.4,535.0
MEN,7/4/2022,832.0,894.5,823.0,823.0,-2.26,8674.0,683.4,535.0
MEN,7/5/2022,808.0,849.9,795.0,805.0,-2.19,2630.0,683.4,535.0
MEN,7/6/2022,790.0,812.9,781.0,805.0,0.0,1630.0,683.4,535.0
MEN,7/7/2022,800.0,835.0,800.0,820.0,1.86,3058.0,683.4,535.0
MEN,7/8/2022,804.0,804.0,785.0,785.0,-4.27,1985.0,683.4,535.0
MEN,7/11/2022,769.3,785.0,749.7,758.0,-3.44,2065.0,683.4,535.0
MEN,7/12/2022,751.0,804.2,735.0,769.9,1.57,3385.0,683.4,535.0
MEN,7/13/2022,784.3,789.0,769.0,775.0,0.66,1538.0,683.4,535.0
MEN,7/14/2022,767.0,801.4,767.0,785.0,1.29,932.0,683.4,535.0
MEN,7/15/2022,770.0,800.6,726.0,800.0,1.91,860.0,683.4,535.0
MEN,7/17/2022,784.0,800.0,784.0,791.0,-1.12,999.0,683.4,535.0
MEN,7/18/2022,800.0,802.0,775.2,801.0,1.26,3400.0,683.4,535.0
MEN,7/19/2022,800.0,828.0,785.0,824.0,2.87,8391.0,683.4,535.0
MEN,7/20/2022,808.0,835.0,800.1,805.5,-2.25,3845.0,683.4,535.0
MEN,7/21/2022,805.0,805.0,783.0,791.0,-1.8,3323.0,683.4,535.0
MEN,7/22/2022,785.0,803.0,779.0,790.0,-0.13,1210.0,683.4,535.0
MEN,7/24/2022,801.0,815.0,780.2,815.0,3.16,3145.0,683.4,535.0
MEN,7/25/2022,825.0,855.0,815.0,837.0,2.7,12476.0,683.4,535.0
MEN,7/26/2022,830.0,875.0,830.0,862.0,2.99,29434.0,683.4,535.0
MEN,7/27/2022,845.4,890.0,837.1,883.0,2.44,10680.0,683.4,535.0
MEN,7/28/2022,870.0,889.0,860.0,875.0,-0.91,8390.0,683.4,535.0
MEN,7/29/2022,860.0,874.0,850.0,860.0,-1.71,7660.0,683.4,535.0
MEN,7/31/2022,869.0,881.0,845.5,866.0,0.7,7810.0,683.4,535.0
MEN,8/1/2022,883.3,890.0,860.0,881.0,1.73,20017.0,683.4,535.0
MEN,8/2/2022,881.0,902.0,865.5,902.0,2.38,7871.0,683.4,535.0
MEN,8/3/2022,885.0,920.0,884.0,910.0,0.89,8634.0,683.4,535.0
MEN,8/4/2022,910.0,910.0,877.0,877.0,-3.63,10315.0,683.4,535.0
MEN,8/5/2022,861.0,894.5,852.1,860.0,-1.94,5783.0,683.4,535.0
MEN,8/7/2022,860.0,885.0,856.0,856.2,-0.44,5217.0,683.4,535.0
MEN,8/8/2022,873.3,887.0,859.0,860.0,0.44,6048.0,683.4,535.0
MEN,8/9/2022,877.0,894.0,866.1,875.0,1.74,10233.0,683.4,535.0
MEN,8/10/2022,892.5,892.5,859.5,880.0,0.57,3539.0,683.4,535.0
MEN,8/11/2022,880.0,891.0,865.0,875.0,-0.57,4471.0,683.4,535.0
MEN,8/14/2022,858.0,874.6,845.0,860.0,-1.71,5376.0,683.4,535.0
MEN,8/15/2022,850.0,879.0,850.0,879.0,2.21,2232.0,683.4,535.0
MEN,8/16/2022,870.0,880.0,853.0,853.0,-2.96,2775.0,683.4,535.0
MEN,8/17/2022,841.0,885.0,841.0,860.0,0.82,1215.0,683.4,535.0
MEN,8/18/2022,860.0,892.0,847.1,862.4,0.28,8475.0,683.4,535.0
MEN,8/21/2022,847.1,874.0,845.5,858.0,-0.51,4173.0,683.4,535.0
MEN,8/22/2022,855.0,860.0,840.0,855.0,-0.35,8456.0,683.4,535.0
MEN,8/23/2022,841.5,858.8,840.0,843.1,-1.39,3800.0,683.4,535.0
MEN,8/24/2022,859.0,863.9,839.0,862.9,2.35,3435.0,683.4,535.0
MEN,8/25/2022,850.0,865.0,840.0,850.0,-1.49,3644.0,683.4,535.0
MEN,8/26/2022,866.0,866.0,823.0,823.0,-3.18,2600.0,683.4,535.0
MEN,8/28/2022,830.0,846.0,810.0,810.0,-1.58,3081.0,683.4,535.0
MEN,8/29/2022,800.0,832.0,799.0,820.0,1.23,1910.0,683.4,535.0
MEN,8/30/2022,828.5,829.0,791.9,807.0,-1.59,2092.0,683.4,535.0
MEN,8/31/2022,810.0,810.0,759.8,775.0,-3.97,5305.0,683.4,535.0
MEN,9/1/2022,790.0,804.8,765.0,789.0,1.81,2684.0,683.4,535.0
MEN,9/2/2022,798.0,798.0,776.0,780.0,-1.14,1843.0,683.4,535.0
MEN,9/4/2022,795.5,811.4,770.0,811.4,4.03,1660.0,683.4,535.0
MEN,9/5/2022,795.2,825.0,795.1,795.1,-2.01,2493.0,683.4,535.0
MEN,9/6/2022,781.2,796.8,770.0,777.0,-2.28,1070.0,683.4,535.0
MEN,9/7/2022,785.0,792.0,755.6,792.0,1.93,2333.0,683.4,535.0
MEN,9/8/2022,776.2,800.0,761.1,795.0,0.38,213.0,683.4,535.0
MEN,9/11/2022,781.0,796.6,770.0,794.8,-0.03,1492.0,683.4,535.0
MEN,9/12/2022,794.8,794.8,763.5,765.0,-3.75,960.0,683.4,535.0
MEN,9/13/2022,765.0,794.2,765.0,776.0,1.44,180.0,683.4,535.0
MEN,9/14/2022,791.0,804.0,775.0,788.0,1.55,1478.0,683.4,535.0
MEN,9/15/2022,775.1,790.0,751.0,765.0,-2.92,1445.0,683.4,535.0
MEN,9/16/2022,760.0,765.0,753.0,765.0,0.0,100.0,683.4,535.0
MEN,9/18/2022,750.0,754.8,736.1,740.0,-3.27,1305.0,683.4,535.0
MEN,9/20/2022,726.0,734.0,715.3,717.0,-3.11,1475.0,683.4,535.0
MEN,9/21/2022,731.0,731.3,717.0,718.0,0.14,890.0,683.4,535.0
MEN,9/22/2022,722.0,728.0,712.0,712.0,-0.84,1102.0,683.4,535.0
MEN,9/25/2022,700.0,712.0,699.0,700.0,-1.69,1825.0,683.4,535.0
MEN,9/27/2022,700.0,740.0,695.0,740.0,5.71,2350.0,683.4,535.0
MEN,9/28/2022,730.0,760.0,730.0,760.0,2.7,1790.0,683.4,535.0
MEN,9/29/2022,774.0,774.0,758.6,759.0,-0.13,460.0,683.4,535.0
MEN,10/9/2022,765.0,774.0,760.0,760.0,0.13,618.0,683.4,535.0
MEN,10/10/2022,760.0,773.9,760.0,770.0,1.32,510.0,683.4,535.0
MEN,10/11/2022,781.9,781.9,740.0,765.0,-0.65,480.0,683.4,535.0
MEN,10/12/2022,749.7,770.0,734.8,770.0,0.65,190.0,683.4,535.0
MEN,10/13/2022,754.6,763.9,750.0,750.1,-2.58,1310.0,683.4,535.0
MEN,10/16/2022,750.0,750.0,730.0,747.0,-0.41,1460.0,683.4,535.0
MEN,10/17/2022,732.1,761.8,732.1,761.4,1.93,434.0,683.4,535.0
MEN,10/19/2022,746.2,770.0,730.0,759.0,-0.32,1082.0,683.4,535.0
MEN,10/20/2022,768.9,768.9,730.0,738.0,-2.77,780.0,683.4,535.0
MEN,10/23/2022,752.0,811.7,748.1,748.1,1.37,880.0,683.4,535.0
MEN,10/31/2022,763.0,778.0,735.0,749.0,0.12,740.0,683.4,535.0
MEN,11/1/2022,763.0,779.0,748.0,761.0,1.6,4799.0,683.4,535.0
MEN,11/2/2022,760.0,787.4,755.0,787.4,3.47,8369.0,683.4,535.0
MEN,11/3/2022,772.0,774.9,755.0,770.0,-2.21,2089.0,683.4,535.0
MEN,11/6/2022,755.0,790.5,743.0,790.0,2.6,1993.0,683.4,535.0
MEN,11/7/2022,803.0,805.0,775.0,775.0,-1.9,2743.0,683.4,535.0
MEN,11/8/2022,775.0,794.0,745.0,750.0,-3.23,3350.0,683.4,535.0
MEN,11/9/2022,755.0,769.0,740.0,760.0,1.33,3590.0,683.4,535.0
MEN,11/10/2022,760.0,760.0,734.0,746.0,-1.84,2779.0,683.4,535.0
MEN,11/13/2022,735.0,758.8,730.0,742.0,-0.54,2167.0,683.4,535.0
MEN,11/14/2022,742.0,769.9,735.0,769.9,3.76,670.0,683.4,535.0
MEN,11/15/2022,785.0,785.0,746.0,755.0,-1.94,2532.0,683.4,535.0
MEN,11/16/2022,739.9,770.0,715.0,744.6,-1.38,11953.0,683.4,535.0
MEN,11/17/2022,740.0,754.0,735.0,750.0,0.73,2155.0,683.4,535.0
MEN,11/22/2022,765.0,780.0,730.0,735.0,-2.0,1500.0,683.4,535.0
MEN,11/23/2022,721.0,740.0,721.0,725.0,-1.36,659.0,683.4,535.0
MEN,11/24/2022,725.0,731.0,717.3,725.0,0.0,260.0,683.4,535.0
MEN,11/27/2022,725.0,753.7,725.0,732.1,0.98,1165.0,683.4,535.0
MEN,11/28/2022,725.0,742.8,725.0,742.7,1.45,1265.0,683.4,535.0
MEN,11/29/2022,730.1,742.0,730.1,735.0,-1.04,2235.0,683.4,535.0
MEN,11/30/2022,730.0,749.0,730.0,733.0,-0.27,180.0,683.4,535.0
MEN,12/1/2022,726.0,745.0,726.0,731.0,-0.27,1632.0,683.4,535.0
MEN,12/4/2022,731.2,748.0,731.2,743.9,1.76,2190.0,683.4,535.0
MEN,12/5/2022,744.0,758.0,735.0,735.6,-1.12,1685.0,683.4,535.0
MEN,12/6/2022,721.2,741.7,721.2,741.7,0.83,430.0,683.4,535.0
MEN,12/7/2022,727.0,739.0,717.0,739.0,-0.36,4055.0,683.4,535.0
MEN,12/11/2022,724.3,730.0,712.0,720.0,-2.57,1300.0,683.4,535.0
MEN,12/12/2022,708.6,734.3,708.6,733.0,1.81,2170.0,683.4,535.0
MEN,12/13/2022,747.6,747.6,723.3,725.0,-1.09,470.0,683.4,535.0
MEN,12/14/2022,724.0,738.0,709.6,709.6,-2.12,545.0,683.4,535.0
MEN,12/15/2022,700.0,779.1,698.4,763.6,7.61,759.0,683.4,535.0
MEN,12/18/2022,748.4,748.4,707.0,731.0,-4.27,310.0,683.4,535.0
MEN,12/19/2022,745.6,745.6,705.0,716.0,-2.05,1420.0,683.4,535.0
MEN,12/20/2022,730.3,730.3,710.0,718.0,0.28,1797.0,683.4,535.0
MEN,12/21/2022,710.1,718.0,710.1,710.5,-1.04,300.0,683.4,535.0
MEN,12/22/2022,711.1,711.6,700.1,703.5,-0.99,783.0,683.4,535.0
MEN,12/26/2022,692.0,738.5,692.0,726.0,3.2,1177.0,683.4,535.0
MEN,12/27/2022,737.0,763.9,730.0,762.0,4.96,16106.0,683.4,535.0
MEN,12/28/2022,746.8,755.0,735.0,738.1,-3.14,3045.0,683.4,535.0
MEN,12/29/2022,724.1,767.0,724.1,766.0,3.78,8365.0,683.4,535.0
MEN,1/1/2023,760.0,771.0,742.0,742.0,-3.13,4442.0,683.4,535.0
MEN,1/2/2023,749.5,770.0,743.0,760.0,2.43,2370.0,683.4,535.0
MEN,1/3/2023,770.0,785.0,750.0,750.2,-1.29,13049.0,683.4,535.0
MEN,1/4/2023,750.0,795.0,750.0,783.0,4.37,6950.0,683.4,535.0
MEN,1/5/2023,798.0,807.0,769.0,798.0,1.92,9976.0,683.4,535.0
MEN,1/8/2023,790.0,861.0,786.0,835.0,4.64,15484.0,683.4,535.0
MEN,1/9/2023,825.0,870.0,825.0,865.0,3.59,10715.0,683.4,535.0
MEN,1/10/2023,879.0,885.0,825.5,867.9,0.34,16865.0,683.4,535.0
MEN,1/12/2023,852.0,865.0,813.4,813.4,-6.28,10604.0,683.4,535.0
MEN,1/17/2023,798.0,850.0,798.0,838.0,3.02,4671.0,683.4,535.0
MEN,1/18/2023,854.0,879.9,830.0,830.0,-0.95,9806.0,683.4,535.0
MEN,1/19/2023,846.6,860.0,828.2,830.0,0.0,3827.0,683.4,535.0
MEN,1/23/2023,830.0,841.0,798.0,815.0,-1.81,7925.0,683.4,535.0
MEN,1/24/2023,800.1,846.9,800.0,813.0,-0.25,8248.0,683.4,535.0
MEN,1/25/2023,813.0,845.7,813.0,816.0,0.37,2195.0,683.4,535.0
MEN,1/26/2023,805.0,848.9,805.0,820.0,0.49,4597.0,683.4,535.0
MEN,1/29/2023,803.6,825.0,787.6,812.0,-0.98,1393.0,683.4,535.0
MEN,1/30/2023,805.0,824.1,791.0,793.0,-2.34,3355.0,683.4,535.0
MEN,1/31/2023,777.2,816.0,770.0,815.0,2.77,1950.0,683.4,535.0
MEN,2/1/2023,815.0,815.0,800.0,801.0,-1.72,872.0,683.4,535.0
MEN,2/2/2023,800.0,810.0,790.0,796.2,-0.6,1075.0,683.4,535.0
MEN,2/5/2023,783.0,830.0,783.0,800.0,0.48,2863.0,683.4,535.0
MEN,2/6/2023,790.0,800.0,785.0,787.0,-1.62,1373.0,683.4,535.0
MEN,2/7/2023,790.0,820.0,790.0,820.0,4.19,1530.0,683.4,535.0
MEN,2/8/2023,835.0,853.1,810.0,824.9,0.6,9933.0,683.4,535.0
MEN,2/9/2023,808.5,826.2,800.0,820.0,-0.59,3447.0,683.4,535.0
MEN,2/12/2023,804.0,824.9,789.0,795.0,-3.05,4145.0,683.4,535.0
MEN,2/14/2023,800.0,809.0,788.0,804.0,1.13,1120.0,683.4,535.0
MEN,2/15/2023,790.0,800.0,789.0,798.0,-0.75,989.0,683.4,535.0
MEN,2/16/2023,800.0,800.0,787.9,798.9,0.11,1151.0,683.4,535.0
MEN,2/20/2023,800.0,800.0,780.0,780.0,-2.37,528.0,683.4,535.0
MEN,2/22/2023,765.0,799.0,765.0,797.0,2.18,1704.0,683.4,535.0
MEN,2/23/2023,785.0,790.0,766.6,780.0,-2.13,1790.0,683.4,535.0
MEN,2/26/2023,766.0,795.0,750.1,767.2,-1.64,510.0,683.4,535.0
MEN,2/27/2023,775.0,799.9,768.0,770.0,0.36,2670.0,683.4,535.0
MEN,2/28/2023,770.1,797.9,770.1,780.0,1.3,600.0,683.4,535.0
MEN,3/1/2023,766.1,770.3,766.1,770.2,-1.26,760.0,683.4,535.0
MEN,3/2/2023,770.0,775.0,766.0,766.0,-0.55,677.0,683.4,535.0
MEN,3/5/2023,760.0,775.0,759.0,765.1,-0.12,1095.0,683.4,535.0
MEN,3/7/2023,766.0,780.4,751.0,769.0,0.51,630.0,683.4,535.0
MEN,3/9/2023,755.0,784.9,755.0,784.9,2.07,645.0,683.4,535.0
MEN,3/12/2023,800.0,801.0,770.1,770.2,-1.87,1245.0,683.4,535.0
MEN,3/13/2023,756.0,780.0,756.0,769.1,-0.14,1513.0,683.4,535.0
MEN,3/14/2023,764.0,780.0,756.0,774.0,0.64,2195.0,683.4,535.0
MEN,3/15/2023,758.6,770.0,754.0,755.0,-2.45,2180.0,683.4,535.0
MEN,3/16/2023,751.0,773.1,744.2,758.0,0.4,220.0,683.4,535.0
MEN,3/19/2023,765.0,765.0,754.0,758.0,0.0,1560.0,683.4,535.0
MEN,3/20/2023,750.0,790.0,750.0,765.0,0.92,2987.0,683.4,535.0
MEN,3/22/2023,763.0,811.9,763.0,780.0,1.96,1665.0,683.4,535.0
MEN,3/23/2023,765.0,780.0,765.0,766.1,-1.78,1190.0,683.4,535.0
MEN,3/26/2023,751.0,765.0,751.0,765.0,-0.14,770.0,683.4,535.0
MEN,3/27/2023,752.3,780.3,743.0,780.3,2.0,3490.0,683.4,535.0
MEN,3/28/2023,794.0,794.0,762.7,785.0,0.6,560.0,683.4,535.0
MEN,3/29/2023,769.3,791.0,760.0,790.0,0.64,1091.0,683.4,535.0
MEN,3/30/2023,775.0,805.0,764.4,779.0,-1.39,490.0,683.4,535.0
MEN,4/2/2023,770.0,780.0,757.0,769.9,-1.17,2790.0,683.4,535.0
MEN,4/3/2023,754.6,767.0,740.0,745.0,-3.23,3349.0,683.4,535.0
MEN,4/4/2023,737.1,760.0,737.1,747.0,0.27,800.0,683.4,535.0
MEN,4/5/2023,741.0,762.0,740.1,762.0,2.01,445.0,683.4,535.0
MEN,4/6/2023,762.0,762.0,747.0,749.0,-1.71,760.0,683.4,535.0
MEN,4/9/2023,735.0,750.8,725.0,725.0,-3.2,2101.0,683.4,535.0
MEN,4/10/2023,725.0,745.0,719.0,719.0,-0.83,2298.0,683.4,535.0
MEN,4/11/2023,719.0,750.6,719.0,750.6,4.39,910.0,683.4,535.0
MEN,4/12/2023,751.0,780.0,751.0,775.0,3.25,2120.0,683.4,535.0
MEN,4/13/2023,770.0,784.9,755.0,755.0,-2.58,480.0,683.4,535.0
MEN,4/16/2023,750.0,768.0,741.2,766.0,1.46,1440.0,683.4,535.0
MEN,4/17/2023,751.0,770.0,751.0,751.1,-1.95,380.0,683.4,535.0
MEN,4/18/2023,737.1,752.0,737.1,741.1,-1.33,650.0,683.4,535.0
MEN,4/19/2023,742.0,764.9,740.0,746.2,0.69,198.0,683.4,535.0
MEN,4/20/2023,733.0,750.0,733.0,741.0,-0.7,160.0,683.4,535.0
MEN,4/23/2023,732.0,762.0,732.0,762.0,2.83,275.0,683.4,535.0
MEN,4/24/2023,748.0,774.9,748.0,774.9,1.69,1930.0,683.4,535.0
MEN,4/25/2023,759.5,774.6,759.5,769.0,-0.76,550.0,683.4,535.0
MEN,4/26/2023,754.1,754.1,749.0,750.2,-2.44,190.0,683.4,535.0
MEN,4/27/2023,738.1,755.0,738.0,750.0,-0.03,280.0,683.4,535.0
MEN,4/30/2023,740.5,759.0,740.0,752.0,0.27,1440.0,683.4,535.0
MEN,5/2/2023,743.0,753.7,735.0,753.7,0.23,2900.0,683.4,535.0
MEN,5/3/2023,750.0,751.0,731.0,731.0,-3.01,2416.0,683.4,535.0
MEN,5/4/2023,745.0,759.0,730.0,744.6,1.86,1570.0,683.4,535.0
MEN,5/7/2023,730.1,744.0,730.0,744.0,-0.08,1520.0,683.4,535.0
MEN,5/8/2023,730.0,755.0,726.0,746.0,0.27,800.0,683.4,535.0
MEN,5/9/2023,735.0,773.0,707.4,747.0,0.13,350.0,683.4,535.0
MEN,5/10/2023,734.0,745.0,734.0,742.0,-0.67,1200.0,683.4,535.0
MEN,5/11/2023,735.0,737.0,728.0,737.0,-0.67,1320.0,683.4,535.0
MEN,5/14/2023,735.0,735.0,723.0,727.0,-1.36,810.0,683.4,535.0
MEN,5/15/2023,723.0,738.0,723.0,738.0,1.51,1500.0,683.4,535.0
MEN,5/16/2023,730.0,744.6,724.1,724.8,-1.79,1450.0,683.4,535.0
MEN,5/17/2023,720.0,745.0,718.1,730.0,0.72,1810.0,683.4,535.0
MEN,5/18/2023,735.0,751.0,725.2,747.0,2.33,3335.0,683.4,535.0
MEN,5/21/2023,747.0,755.0,746.0,750.1,0.41,2545.0,683.4,535.0
MEN,5/22/2023,740.0,754.0,725.2,751.0,0.12,493.0,683.4,535.0
MEN,5/23/2023,740.0,770.0,740.0,765.0,1.86,3495.0,683.4,535.0
MEN,5/24/2023,775.0,775.0,752.0,766.0,0.13,766.0,683.4,535.0
MEN,5/28/2023,766.0,775.0,755.0,755.0,-1.44,2860.0,683.4,535.0
MEN,5/30/2023,740.0,745.0,730.0,732.0,-3.05,2194.0,683.4,535.0
MEN,5/31/2023,745.0,745.0,730.0,730.0,-0.27,1183.0,683.4,535.0
MEN,6/1/2023,730.0,749.7,713.0,749.7,2.7,2728.0,683.4,535.0
MEN,6/4/2023,750.0,762.9,730.0,750.0,0.04,1920.0,683.4,535.0
MEN,6/5/2023,748.0,760.0,730.1,758.3,1.11,2164.0,683.4,535.0
MEN,6/6/2023,744.0,770.0,730.0,753.0,-0.7,1620.0,683.4,535.0
MEN,6/7/2023,753.0,775.0,750.0,769.0,2.12,1450.0,683.4,535.0
MEN,6/8/2023,754.0,769.0,740.1,750.0,-2.47,1900.0,683.4,535.0
MEN,6/11/2023,745.0,764.0,744.9,755.0,0.67,9165.0,683.4,535.0
MEN,6/12/2023,760.0,798.6,750.0,787.0,4.24,3054.0,683.4,535.0
MEN,6/13/2023,787.0,838.3,750.2,777.0,-1.27,6940.0,683.4,535.0
MEN,6/14/2023,792.0,824.0,777.0,777.0,0.0,4015.0,683.4,535.0
MEN,6/15/2023,767.2,789.9,764.0,769.0,-1.03,1867.0,683.4,535.0
MEN,6/18/2023,754.0,799.6,754.0,790.0,2.73,1322.0,683.4,535.0
MEN,6/19/2023,780.0,869.0,780.0,869.0,10.0,11051.0,683.4,535.0
MEN,6/20/2023,855.0,900.0,791.0,859.0,-1.15,14812.0,683.4,535.0
MEN,6/21/2023,841.9,876.1,805.0,876.1,1.99,5066.0,683.4,535.0
MEN,6/22/2023,858.6,880.0,817.4,833.0,-4.92,3310.0,683.4,535.0
MEN,6/25/2023,820.0,849.0,807.2,820.0,-1.56,7192.0,683.4,535.0
MEN,6/26/2023,820.0,902.0,820.0,900.0,9.76,13326.0,683.4,535.0
MEN,6/27/2023,900.0,990.0,864.0,990.0,10.0,36638.0,683.4,535.0
MEN,6/28/2023,990.0,1029.9,955.6,1029.9,4.03,13650.0,683.4,535.0
MEN,7/2/2023,1009.4,1009.4,936.0,936.0,-9.12,7364.0,683.4,535.0
MEN,7/3/2023,935.0,950.0,897.7,914.0,-2.35,8503.0,683.4,535.0
MEN,7/4/2023,914.0,950.0,871.3,888.0,-2.84,4293.0,683.4,535.0
MEN,7/5/2023,890.0,890.0,860.0,879.0,-1.01,2747.0,683.4,535.0
MEN,7/6/2023,879.0,879.0,851.2,860.0,-2.16,2140.0,683.4,535.0
MEN,7/9/2023,845.0,928.2,845.0,925.0,7.56,8100.0,683.4,535.0
MEN,7/10/2023,943.5,948.0,890.0,948.0,2.49,4846.0,683.4,535.0
MEN,7/11/2023,929.1,933.0,894.1,933.0,-1.58,2230.0,683.4,535.0
MEN,7/12/2023,914.5,1000.0,897.2,1000.0,7.18,12803.0,683.4,535.0
MEN,7/13/2023,980.0,1040.0,935.2,1019.0,1.9,14000.0,683.4,535.0
MEN,7/16/2023,1015.0,1030.0,950.4,995.0,-2.36,96749.0,683.4,535.0
MEN,7/17/2023,975.1,1029.0,957.1,1012.0,1.71,4546.0,683.4,535.0
MEN,7/18/2023,1010.0,1030.0,973.1,1024.0,1.19,4700.0,683.4,535.0
MEN,7/19/2023,1003.6,1015.0,971.2,1013.9,-0.99,1985.0,683.4,535.0
MEN,7/20/2023,993.7,1092.0,975.0,1011.0,-0.29,23899.0,683.4,535.0
MEN,7/23/2023,991.2,1026.0,990.8,1026.0,1.48,3659.0,683.4,535.0
MEN,7/24/2023,1044.0,1046.5,986.3,1030.0,0.39,910.0,683.4,535.0
MEN,7/25/2023,1029.9,1030.0,969.7,980.0,-4.85,14343.0,683.4,535.0
MEN,7/26/2023,970.1,980.0,966.1,970.0,-1.02,4438.0,683.4,535.0
MEN,7/27/2023,951.2,969.0,942.0,942.0,-2.89,1320.0,683.4,535.0
MEN,7/30/2023,945.0,975.0,926.1,949.9,0.84,2280.0,683.4,535.0
MEN,7/31/2023,941.0,953.0,938.0,950.0,0.01,430.0,683.4,535.0
MEN,8/1/2023,931.3,940.0,916.0,916.0,-3.58,3458.0,683.4,535.0
MEN,8/2/2023,909.0,920.0,890.9,920.0,0.44,2881.0,683.4,535.0
MEN,8/3/2023,915.0,951.8,906.0,924.0,0.43,685.0,683.4,535.0
MEN,8/6/2023,906.0,912.9,888.0,912.9,-1.2,1919.0,683.4,535.0
MEN,8/7/2023,909.0,924.0,905.6,914.0,0.12,694.0,683.4,535.0
MEN,8/8/2023,915.0,915.0,885.2,893.9,-2.2,3085.0,683.4,535.0
MEN,8/9/2023,877.0,946.5,872.5,928.0,3.81,2670.0,683.4,535.0
MEN,8/10/2023,909.5,945.0,905.0,945.0,1.83,2160.0,683.4,535.0
MEN,8/13/2023,926.1,1039.5,908.0,1037.0,9.74,113693.0,683.4,535.0
MEN,8/14/2023,1016.3,1020.0,900.0,1020.0,-1.64,39064.0,683.4,535.0
MEN,8/15/2023,1000.0,1000.0,980.0,980.0,-3.92,1120.0,683.4,535.0
MEN,8/16/2023,970.0,974.0,951.0,953.6,-2.69,1445.0,683.4,535.0
MEN,8/17/2023,954.0,970.3,942.0,943.0,-1.11,1415.0,683.4,535.0
MEN,8/20/2023,942.0,943.0,921.2,921.2,-2.31,1002.0,683.4,535.0
MEN,8/21/2023,911.0,938.0,905.0,905.0,-1.76,730.0,683.4,535.0
MEN,8/22/2023,900.0,928.0,900.0,916.0,1.22,948.0,683.4,535.0
MEN,8/23/2023,920.0,935.0,920.0,934.0,1.97,540.0,683.4,535.0
MEN,8/24/2023,952.4,952.4,900.0,905.0,-3.1,1580.0,683.4,535.0
MEN,8/27/2023,889.0,910.0,889.0,890.7,-1.58,780.0,683.4,535.0
MEN,8/28/2023,880.0,895.0,875.0,876.4,-1.61,1490.0,683.4,535.0
MEN,8/29/2023,860.0,885.0,860.0,870.0,-0.73,690.0,683.4,535.0
MEN,8/30/2023,870.0,912.0,862.5,870.0,0.0,2590.0,683.4,535.0
MEN,9/3/2023,860.0,865.0,853.0,854.0,-1.84,540.0,683.4,535.0
MEN,9/4/2023,855.0,867.0,840.1,867.0,1.52,980.0,683.4,535.0
MEN,9/5/2023,854.0,854.0,837.0,840.0,-3.11,1340.0,683.4,535.0
MEN,9/7/2023,831.1,854.0,831.0,844.0,0.48,715.0,683.4,535.0
MEN,9/10/2023,835.0,856.0,835.0,835.0,-1.07,605.0,683.4,535.0
MEN,9/11/2023,835.0,912.9,835.0,905.0,8.38,5371.0,683.4,535.0
MEN,9/12/2023,887.0,887.0,870.0,880.0,-2.76,362.0,683.4,535.0
MEN,9/13/2023,880.0,930.4,863.1,915.0,3.98,3240.0,683.4,535.0
MEN,9/17/2023,896.7,896.7,862.7,870.2,-4.9,865.0,683.4,535.0
MEN,9/18/2023,870.0,885.0,853.0,885.0,1.7,645.0,683.4,535.0
MEN,9/19/2023,900.0,900.0,867.0,871.0,-1.58,280.0,683.4,535.0
MEN,9/21/2023,885.0,900.0,883.0,890.0,2.18,1857.0,683.4,535.0
MEN,9/24/2023,890.0,890.0,855.0,862.0,-3.15,635.0,683.4,535.0
MEN,9/25/2023,847.0,879.0,847.0,856.0,-0.7,1096.0,683.4,535.0
MEN,9/26/2023,857.0,873.0,851.0,873.0,1.99,3749.0,683.4,535.0
MEN,9/27/2023,860.0,865.0,846.1,860.0,-1.49,830.0,683.4,535.0
MEN,10/1/2023,845.0,877.0,844.0,844.0,-1.86,987.0,683.4,535.0
MEN,10/2/2023,860.8,895.0,833.0,854.0,1.18,590.0,683.4,535.0
MEN,10/3/2023,837.1,860.0,837.1,837.6,-1.92,700.0,683.4,535.0
MEN,10/4/2023,840.0,855.0,835.1,845.0,0.88,790.0,683.4,535.0
MEN,10/5/2023,835.0,879.0,835.0,836.3,-1.03,730.0,683.4,535.0
MEN,10/8/2023,831.0,835.0,810.0,810.0,-3.14,1791.0,683.4,535.0
MEN,10/9/2023,810.0,834.2,800.0,806.0,-0.49,1030.0,683.4,535.0
MEN,10/10/2023,791.0,805.0,791.0,791.1,-1.85,1090.0,683.4,535.0
MEN,10/11/2023,790.0,805.0,785.1,802.5,1.44,975.0,683.4,535.0
MEN,10/12/2023,787.0,790.0,771.3,775.0,-3.43,1309.0,683.4,535.0
MEN,10/16/2023,762.0,770.0,750.0,752.6,-2.89,1270.0,683.4,535.0
MEN,10/17/2023,740.5,765.0,730.0,765.0,1.65,825.0,683.4,535.0
MEN,10/18/2023,780.3,808.0,766.0,775.0,1.31,180.0,683.4,535.0
MEN,10/19/2023,765.0,789.0,757.0,779.9,0.63,485.0,683.4,535.0
MEN,10/29/2023,795.4,795.4,721.0,756.5,-3.0,460.0,683.4,535.0
MEN,10/30/2023,746.0,772.2,745.1,772.0,2.05,347.0,683.4,535.0
MEN,10/31/2023,757.1,785.0,742.1,768.5,-0.45,515.0,683.4,535.0
MEN,11/1/2023,753.2,810.0,745.0,769.0,0.07,1270.0,683.4,535.0
MEN,11/2/2023,780.0,780.0,754.1,761.0,-1.04,1110.0,683.4,535.0
MEN,11/5/2023,760.0,775.0,750.0,759.0,-0.26,440.0,683.4,535.0
MEN,11/6/2023,743.9,770.0,743.9,757.0,-0.26,1570.0,683.4,535.0
MEN,11/7/2023,745.0,815.8,743.0,780.3,3.08,965.0,683.4,535.0
MEN,11/8/2023,792.8,800.0,780.0,790.0,1.24,1050.0,683.4,535.0
MEN,11/9/2023,774.2,774.2,731.0,738.0,-6.58,6946.0,683.4,535.0
MEN,11/20/2023,738.0,749.9,688.0,700.0,-5.15,6066.0,683.4,535.0
MEN,11/21/2023,714.0,714.0,658.8,680.0,-2.86,7095.0,683.4,535.0
MEN,11/22/2023,667.1,707.4,653.1,680.0,0.0,1567.0,683.4,535.0
MEN,11/23/2023,680.0,693.6,663.0,681.0,0.15,3163.0,683.4,535.0
MEN,11/26/2023,668.1,687.0,668.1,685.5,0.66,7505.0,683.4,535.0
MEN,11/27/2023,685.5,688.0,678.0,682.0,-0.51,2602.0,683.4,535.0
MEN,11/28/2023,680.0,685.0,671.0,671.0,-1.61,1712.0,683.4,535.0
MEN,11/29/2023,671.0,671.0,635.0,655.0,-2.38,4738.0,683.4,535.0
MEN,11/30/2023,650.0,650.0,589.5,589.5,-10.0,15734.0,683.4,535.0
MEN,12/3/2023,577.8,577.8,530.6,530.6,-9.99,4324.0,683.4,535.0
MEN,12/4/2023,520.0,520.0,477.6,477.6,-9.99,13934.0,683.4,535.0
MEN,12/5/2023,468.1,468.1,429.9,434.9,-8.94,831350.0,683.4,535.0
MEN,12/6/2023,443.5,462.0,434.7,462.0,6.23,138829.0,683.4,535.0
MEN,12/7/2023,464.0,490.6,464.0,483.0,4.55,182628.0,683.4,535.0
MEN,12/10/2023,492.6,495.0,480.0,492.0,1.86,73264.0,683.4,535.0
MEN,12/11/2023,501.0,501.0,480.2,500.0,1.63,294188.0,683.4,535.0
MEN,12/12/2023,510.0,537.9,490.0,535.0,7.0,229040.0,683.4,535.0
MEN,12/13/2023,540.0,550.0,530.0,547.0,2.24,137590.0,683.4,535.0
MEN,12/14/2023,553.0,553.0,526.0,546.0,-0.18,72553.0,683.4,535.0
MEN,12/17/2023,540.0,549.0,527.0,541.0,-0.92,155032.0,683.4,535.0
MEN,12/18/2023,551.8,559.0,525.0,528.0,-2.4,172185.0,683.4,535.0
MEN,12/19/2023,525.0,546.0,522.0,537.0,1.7,91039.0,683.4,535.0
MEN,12/20/2023,547.7,590.7,536.0,578.1,7.65,237552.0,683.4,535.0
MEN,12/21/2023,589.6,626.0,565.0,614.0,6.21,212787.0,683.4,535.0
MEN,12/24/2023,610.0,636.0,595.3,595.3,-3.05,140748.0,683.4,535.0
MEN,12/27/2023,607.2,615.0,577.3,592.0,-0.55,191526.0,683.4,535.0
MEN,12/28/2023,603.8,610.0,584.1,603.1,1.88,175062.0,683.4,535.0
MEN,1/1/2024,615.1,627.0,600.1,605.0,0.32,121625.0,683.4,535.0
MEN,1/2/2024,610.0,610.0,581.2,590.0,-2.48,82949.0,683.4,535.0
MEN,1/3/2024,579.0,644.0,579.0,642.0,8.81,212853.0,683.4,535.0
MEN,1/4/2024,654.8,703.8,648.0,680.0,5.92,276292.0,683.4,535.0
MEN,1/7/2024,693.6,728.0,680.0,686.3,0.93,226472.0,683.4,535.0
MEN,1/8/2024,693.0,693.0,659.4,666.0,-2.96,288242.0,683.4,535.0
MEN,1/9/2024,678.0,691.4,637.0,637.0,-4.35,187419.0,683.4,535.0
MEN,1/10/2024,640.0,667.9,640.0,650.0,2.04,176347.0,683.4,535.0
MEN,1/11/2024,660.0,663.0,645.0,645.0,-0.77,82861.0,683.4,535.0
MEN,1/14/2024,656.0,671.0,642.5,655.0,1.55,143032.0,683.4,535.0
MEN,1/16/2024,666.9,669.9,650.0,658.0,0.46,175341.0,683.4,535.0
MEN,1/17/2024,645.0,671.0,645.0,650.0,-1.22,105087.0,683.4,535.0
MEN,1/18/2024,642.1,650.0,630.0,640.0,-1.54,190334.0,683.4,535.0
MEN,1/21/2024,647.2,652.8,633.0,633.5,-1.02,147710.0,683.4,535.0
MEN,1/22/2024,644.0,646.9,625.0,633.0,-0.08,121776.0,683.4,535.0
MEN,1/23/2024,644.5,644.5,617.0,619.0,-2.21,120716.0,683.4,535.0
MEN,1/24/2024,624.0,633.0,619.0,621.0,0.32,121165.0,683.4,535.0
MEN,1/25/2024,625.0,632.0,618.1,619.6,-0.23,114574.0,683.4,535.0
MEN,1/28/2024,628.0,640.0,624.0,635.0,2.49,62003.0,683.4,535.0
MEN,1/29/2024,640.0,646.0,630.0,637.9,0.46,45385.0,683.4,535.0
MEN,1/30/2024,639.0,640.5,631.0,634.5,-0.53,65769.0,683.4,535.0
MEN,1/31/2024,631.0,636.0,621.3,623.0,-1.81,37823.0,683.4,535.0
MEN,2/1/2024,616.0,625.0,616.0,619.0,-0.64,106487.0,683.4,535.0
MEN,2/4/2024,615.0,625.0,612.0,616.0,-0.48,32665.0,683.4,535.0
MEN,2/5/2024,616.1,628.3,616.1,621.0,0.81,51487.0,683.4,535.0
MEN,2/6/2024,626.0,650.0,622.0,643.0,3.54,262430.0,683.4,535.0
MEN,2/7/2024,655.8,656.0,640.0,644.0,0.16,68550.0,683.4,535.0
MEN,2/8/2024,638.0,649.0,632.0,634.0,-1.55,67168.0,683.4,535.0
MEN,2/11/2024,646.4,646.4,623.0,628.1,-0.93,57414.0,683.4,535.0
MEN,2/12/2024,615.6,640.4,615.6,636.0,1.26,28167.0,683.4,535.0
MEN,2/13/2024,634.0,637.0,620.0,629.0,-1.1,69831.0,683.4,535.0
MEN,2/14/2024,627.0,632.0,622.1,623.0,-0.95,22180.0,683.4,535.0
MEN,2/15/2024,621.0,630.0,618.1,620.0,-0.48,38639.0,683.4,535.0
MEN,2/18/2024,620.0,624.0,615.2,617.0,-0.48,42150.0,683.4,535.0
MEN,2/20/2024,617.0,628.0,615.2,620.0,0.49,36061.0,683.4,535.0
MEN,2/21/2024,627.3,630.0,614.0,616.1,-0.63,35355.0,683.4,535.0
MEN,2/22/2024,612.5,621.0,601.0,601.3,-2.4,56131.0,683.4,535.0
MEN,2/25/2024,600.3,609.9,593.0,593.3,-1.33,40831.0,683.4,535.0
MEN,2/26/2024,592.0,607.0,592.0,595.0,0.29,19136.0,683.4,535.0
MEN,2/27/2024,606.9,606.9,595.1,599.0,0.67,21628.0,683.4,535.0
MEN,2/28/2024,599.0,605.0,594.0,596.0,-0.5,13340.0,683.4,535.0
MEN,2/29/2024,595.0,598.0,581.3,588.0,-1.34,32711.0,683.4,535.0
MEN,3/3/2024,580.2,588.0,577.0,581.7,-1.07,29805.0,683.4,535.0
MEN,3/4/2024,593.0,635.0,593.0,635.0,9.16,5650.0,683.4,535.0
MEN,3/5/2024,640.0,640.0,610.0,613.0,-3.46,62997.0,683.4,535.0
MEN,3/6/2024,608.0,632.0,601.0,619.0,0.98,61180.0,683.4,535.0
MEN,3/7/2024,630.0,631.0,619.0,623.0,0.65,21636.0,683.4,535.0
MEN,3/10/2024,635.4,635.4,627.0,631.9,1.43,47197.0,683.4,535.0
MEN,3/12/2024,637.0,650.0,637.0,641.0,1.44,173100.0,683.4,535.0
MEN,3/13/2024,568.5,590.0,562.0,567.0,-11.54,62119.0,683.4,535.0
MEN,3/14/2024,567.0,614.4,565.0,574.0,1.23,79361.0,683.4,535.0
MEN,3/17/2024,585.0,609.0,559.5,560.0,-2.44,40398.0,683.4,535.0
MEN,3/18/2024,565.0,565.0,548.9,552.0,-1.43,41694.0,683.4,535.0
MEN,3/19/2024,563.0,596.7,550.0,553.1,0.2,43686.0,683.4,535.0
MEN,3/20/2024,564.1,565.0,553.0,560.0,1.25,33028.0,683.4,535.0
MEN,3/21/2024,571.2,571.2,552.0,555.0,-0.89,17949.0,683.4,535.0
MEN,3/25/2024,560.0,560.0,538.0,538.0,-3.06,34060.0,683.4,535.0
MEN,3/26/2024,545.0,548.0,530.0,535.2,-0.52,37413.0,683.4,535.0
MEN,3/27/2024,535.0,538.0,522.0,523.0,-2.28,29124.0,683.4,535.0
MEN,3/28/2024,520.4,525.0,511.6,519.9,-0.59,46636.0,683.4,535.0
MEN,3/31/2024,515.0,523.0,513.0,516.0,-0.75,29173.0,683.4,535.0
MEN,4/1/2024,515.0,520.0,512.0,513.0,-0.58,46873.0,683.4,535.0
MEN,4/2/2024,520.0,520.0,499.0,500.0,-2.53,92290.0,683.4,535.0
MEN,4/3/2024,501.0,519.2,498.8,505.0,1.0,39703.0,683.4,535.0
MEN,4/4/2024,505.1,514.5,502.0,504.9,-0.02,55773.0,683.4,535.0
MEN,4/7/2024,504.0,512.0,498.1,510.0,1.01,83074.0,683.4,535.0
MEN,4/9/2024,518.0,521.0,510.0,518.7,1.71,47085.0,683.4,535.0
MEN,4/10/2024,526.0,526.0,512.0,515.0,-0.71,32613.0,683.4,535.0
MEN,4/14/2024,525.0,525.0,509.0,512.0,-0.58,38160.0,683.4,535.0
MEN,4/15/2024,521.0,521.0,506.0,511.0,-0.2,35095.0,683.4,535.0
MEN,4/16/2024,514.0,514.0,506.0,508.0,-0.59,26525.0,683.4,535.0
MEN,4/18/2024,517.0,518.0,501.4,502.0,-1.18,8945.0,683.4,535.0
MEN,4/21/2024,511.0,511.0,500.8,509.0,1.39,16127.0,683.4,535.0
MEN,4/22/2024,518.0,530.9,515.0,521.9,2.53,62052.0,683.4,535.0
MEN,4/24/2024,528.0,528.0,515.2,520.0,-0.36,23216.0,683.4,535.0
MEN,4/25/2024,528.9,528.9,510.0,512.0,-1.54,12985.0,683.4,535.0
MEN,4/28/2024,511.6,522.0,509.1,515.0,0.59,15725.0,683.4,535.0
MEN,4/29/2024,525.0,535.0,507.1,510.0,-0.97,46885.0,683.4,535.0
MEN,4/30/2024,519.9,519.9,509.0,515.0,0.98,27816.0,683.4,535.0
MEN,5/2/2024,514.0,520.0,509.0,515.5,0.1,60567.0,683.4,535.0
MEN,5/5/2024,510.0,514.9,505.3,511.0,-0.87,18543.0,683.4,535.0
MEN,5/6/2024,503.4,530.0,503.4,520.9,1.94,82823.0,683.4,535.0
MEN,5/7/2024,530.0,531.0,520.0,522.5,0.31,37690.0,683.4,535.0
MEN,5/8/2024,522.5,530.0,522.0,524.0,0.29,13945.0,683.4,535.0
MEN,5/9/2024,522.0,526.0,515.0,520.0,-0.76,36188.0,683.4,535.0
MEN,5/12/2024,528.0,528.0,518.0,524.0,0.77,20697.0,683.4,535.0
MEN,5/13/2024,521.1,527.0,521.1,524.0,0.0,26559.0,683.4,535.0
MEN,5/14/2024,519.1,554.0,519.1,546.7,4.33,70993.0,683.4,535.0
MEN,5/15/2024,557.0,557.0,540.0,544.8,-0.35,40897.0,683.4,535.0
MEN,5/16/2024,554.9,554.9,539.0,543.9,-0.17,30103.0,683.4,535.0
MEN,5/19/2024,554.7,560.0,546.3,556.9,2.39,54221.0,683.4,535.0
MEN,5/20/2024,568.0,585.0,558.1,585.0,5.05,138553.0,683.4,535.0
MEN,5/21/2024,590.0,610.9,580.0,598.2,2.26,174300.0,683.4,535.0
MEN,5/22/2024,590.0,600.0,587.0,600.0,0.3,95110.0,683.4,535.0
MEN,5/26/2024,600.0,600.0,580.1,587.0,-2.17,92690.0,683.4,535.0
MEN,5/27/2024,587.0,590.0,580.0,586.0,-0.17,45237.0,683.4,535.0
MEN,5/29/2024,595.0,597.0,575.0,578.0,-1.37,39788.0,683.4,535.0
MEN,5/30/2024,585.8,590.0,567.0,574.0,-0.69,70432.0,683.4,535.0
MEN,6/2/2024,582.0,593.0,577.0,580.0,1.05,35736.0,683.4,535.0
MEN,6/3/2024,580.0,587.9,575.0,580.0,0.0,21148.0,683.4,535.0
MEN,6/4/2024,575.2,595.0,575.2,587.0,1.21,94425.0,683.4,535.0
MEN,6/5/2024,589.0,592.0,578.0,580.0,-1.19,40001.0,683.4,535.0
MEN,6/6/2024,575.2,588.0,572.1,575.0,-0.86,30624.0,683.4,535.0
MEN,6/9/2024,575.0,585.0,568.0,575.0,0.0,106824.0,683.4,535.0
MEN,6/10/2024,570.0,605.0,568.0,596.0,3.65,413861.0,683.4,535.0
MEN,6/11/2024,600.0,640.9,600.0,629.9,5.69,371985.0,683.4,535.0
MEN,6/12/2024,637.0,640.0,613.8,619.0,-1.73,229154.0,683.4,535.0
MEN,6/13/2024,619.0,627.0,611.7,616.3,-0.44,163621.0,683.4,535.0
MEN,6/16/2024,618.0,628.5,610.0,610.5,-0.94,113782.0,683.4,535.0
MEN,6/18/2024,605.0,618.9,605.0,613.0,0.41,120530.0,683.4,535.0
MEN,6/19/2024,613.0,616.0,605.0,605.0,-1.31,95501.0,683.4,535.0
MEN,6/20/2024,605.0,619.9,599.1,609.9,0.81,281168.0,683.4,535.0
MEN,6/23/2024,609.0,619.9,598.0,600.0,-1.62,182838.0,683.4,535.0
MEN,6/24/2024,610.0,610.0,580.0,585.0,-2.5,247734.0,683.4,535.0
MEN,6/25/2024,595.0,597.7,578.0,594.0,1.54,129565.0,683.4,535.0
MEN,6/26/2024,601.0,603.0,584.1,584.1,-1.67,45593.0,683.4,535.0
MEN,6/27/2024,584.1,589.0,580.1,580.1,-0.68,49908.0,683.4,535.0
MEN,6/30/2024,570.0,582.0,566.0,582.0,0.33,108346.0,683.4,535.0
MEN,7/1/2024,575.0,582.0,573.0,575.0,-1.2,71132.0,683.4,535.0
MEN,7/2/2024,586.5,610.0,580.1,585.1,1.76,78008.0,683.4,535.0
MEN,7/3/2024,581.3,591.0,577.0,581.0,-0.7,69202.0,683.4,535.0
MEN,7/4/2024,588.0,592.0,578.0,579.0,-0.34,105060.0,683.4,535.0
MEN,7/7/2024,582.0,588.9,577.0,579.0,0.0,134214.0,683.4,535.0
MEN,7/8/2024,580.0,583.0,573.0,574.0,-0.86,75918.0,683.4,535.0
MEN,7/9/2024,580.0,580.0,573.0,573.5,-0.09,81895.0,683.4,535.0
MEN,7/10/2024,580.0,589.0,576.0,583.0,1.66,143719.0,683.4,535.0
MEN,7/11/2024,589.0,593.0,585.0,590.0,1.2,134851.0,683.4,535.0
MEN,7/14/2024,601.0,613.0,590.0,604.6,2.47,109661.0,683.4,535.0
MEN,7/15/2024,610.0,610.0,597.0,597.0,-1.26,109712.0,683.4,535.0
MEN,7/16/2024,600.0,630.0,597.0,627.0,5.03,218699.0,683.4,535.0
MEN,7/17/2024,637.0,651.0,631.0,650.0,3.67,302733.0,683.4,535.0
MEN,7/18/2024,650.0,667.0,645.0,652.0,0.31,279402.0,683.4,535.0
MEN,7/21/2024,650.0,655.0,640.0,645.0,-1.07,287302.0,683.4,535.0
MEN,7/22/2024,650.0,652.9,635.0,646.0,0.16,190330.0,683.4,535.0
MEN,7/23/2024,645.0,669.0,640.1,664.0,2.79,262631.0,683.4,535.0
MEN,7/24/2024,666.0,679.0,650.0,658.0,-0.9,331094.0,683.4,535.0
MEN,7/25/2024,665.3,669.0,645.0,658.0,0.0,164931.0,683.4,535.0
MEN,7/28/2024,670.0,693.0,650.0,660.0,0.3,190872.0,683.4,535.0
MEN,7/29/2024,673.2,673.2,655.0,655.0,-0.76,180149.0,683.4,535.0
MEN,7/30/2024,655.0,670.0,650.09,664.0,1.37,173061.0,683.4,535.0
MEN,7/31/2024,675.0,700.0,666.2,694.9,4.65,594614.0,683.4,535.0
MEN,8/1/2024,681.1,715.0,681.0,684.9,-1.44,313222.0,683.4,535.0
MEN,8/5/2024,684.9,720.0,680.0,719.0,4.98,581743.0,683.4,535.0
MEN,8/6/2024,725.0,769.0,712.0,718.1,-0.13,542512.0,683.4,535.0
MEN,8/7/2024,718.0,783.0,715.2,779.9,8.61,401967.0,683.4,535.0
MEN,8/8/2024,790.0,802.0,775.2,778.5,-0.18,357857.0,683.4,535.0
MEN,8/11/2024,790.0,800.0,775.0,780.0,0.19,438413.0,683.4,535.0
MEN,8/12/2024,791.0,805.8,785.0,792.0,1.54,299665.0,683.4,535.0
MEN,8/13/2024,807.0,807.0,764.0,769.0,-2.9,243476.0,683.4,535.0
MEN,8/14/2024,775.0,776.0,738.0,772.0,0.39,310548.0,683.4,535.0
MEN,8/15/2024,785.0,809.5,781.0,786.0,1.81,507242.0,683.4,535.0
MEN,8/18/2024,787.0,787.0,758.0,758.0,-3.56,332585.0,683.4,535.0
MEN,8/21/2024,770.0,770.0,745.1,749.0,-1.19,185782.0,683.4,535.0
MEN,8/22/2024,749.0,759.0,744.0,746.1,-0.39,155133.0,683.4,535.0
MEN,8/25/2024,761.0,761.0,726.0,726.0,-2.69,180590.0,683.4,535.0
MEN,8/27/2024,727.0,730.0,696.1,700.0,-3.58,212767.0,683.4,535.0
MEN,8/28/2024,700.0,724.2,692.0,699.0,-0.14,134532.0,683.4,535.0
MEN,8/29/2024,709.9,709.9,675.1,679.0,-2.86,119180.0,683.4,535.0
MEN,9/1/2024,670.0,689.0,669.0,669.0,-1.47,90538.0,683.4,535.0
MEN,9/2/2024,672.0,700.0,670.0,695.0,3.89,93770.0,683.4,535.0
MEN,9/3/2024,706.0,708.0,686.1,688.0,-1.01,57350.0,683.4,535.0
MEN,9/4/2024,681.1,698.0,672.0,673.0,-2.18,85415.0,683.4,535.0
MEN,9/5/2024,660.5,676.3,660.5,665.0,-1.19,60898.0,683.4,535.0
MEN,9/8/2024,667.0,695.0,665.0,668.0,0.45,51593.0,683.4,535.0
MEN,9/9/2024,675.0,675.0,648.3,651.1,-2.53,39596.0,683.4,535.0
MEN,9/10/2024,651.1,668.7,650.0,651.5,0.06,40586.0,683.4,535.0
MEN,9/11/2024,651.5,664.0,644.0,647.0,-0.69,44735.0,683.4,535.0
MEN,9/12/2024,649.0,673.0,643.0,673.0,4.02,43474.0,683.4,535.0
MEN,9/15/2024,680.0,680.0,647.1,649.0,-3.57,65060.0,683.4,535.0
MEN,9/16/2024,654.0,654.0,636.1,640.0,-1.39,32631.0,683.4,535.0
MEN,9/18/2024,632.1,646.6,630.0,635.0,-0.78,35046.0,683.4,535.0
MEN,9/22/2024,647.7,658.0,632.0,635.0,0.0,21800.0,683.4,535.0
MEN,9/23/2024,631.0,640.6,616.0,617.0,-2.83,43301.0,683.4,535.0
MEN,9/24/2024,617.0,625.0,606.0,609.0,-1.3,55732.0,683.4,535.0
MEN,9/25/2024,609.0,625.0,604.0,620.0,1.81,29069.0,683.4,535.0
MEN,9/26/2024,620.0,624.0,615.1,617.0,-0.48,36461.0,683.4,535.0
MEN,9/29/2024,617.0,641.0,590.0,604.0,-2.11,43096.0,683.4,535.0
MEN,9/30/2024,596.0,620.0,595.0,616.0,1.99,41543.0,683.4,535.0
MEN,10/1/2024,616.0,639.0,610.0,637.4,3.47,30236.0,683.4,535.0
MEN,10/2/2024,645.0,650.0,623.1,629.6,-1.22,34213.0,683.4,535.0
MEN,10/6/2024,620.0,645.2,617.1,640.1,1.67,75881.0,683.4,535.0
MEN,10/7/2024,650.0,661.0,640.0,655.0,2.33,37010.0,683.4,535.0
MEN,10/8/2024,654.0,662.8,642.0,649.0,-0.92,24861.0,683.4,535.0
MEN,10/9/2024,640.0,660.0,625.1,650.0,0.15,14330.0,683.4,535.0
MEN,10/15/2024,658.0,660.9,648.0,651.0,0.15,8631.0,683.4,535.0
MEN,10/16/2024,651.0,663.0,651.0,660.0,1.38,21212.0,683.4,535.0
MEN,10/17/2024,660.0,666.0,651.0,658.0,-0.3,35005.0,683.4,535.0
MEN,10/20/2024,645.0,650.0,637.0,646.0,-1.82,27985.0,683.4,535.0
MEN,10/21/2024,634.2,647.9,627.0,628.0,-2.79,28732.0,683.4,535.0
MEN,10/22/2024,639.9,640.0,631.1,635.0,1.11,16363.0,683.4,535.0
MEN,10/23/2024,647.7,647.7,630.0,631.1,-0.61,23511.0,683.4,535.0
MEN,10/24/2024,623.0,638.0,621.0,630.9,-0.03,20546.0,683.4,535.0
MEN,10/27/2024,642.0,643.0,629.0,636.0,0.81,11077.0,683.4,535.0
MEN,10/28/2024,632.0,647.0,631.5,640.0,0.63,20800.0,683.4,535.0
MEN,10/29/2024,649.9,688.6,637.0,687.0,7.34,54995.0,683.4,535.0
MEN,10/30/2024,690.0,721.0,690.0,709.0,3.2,155868.0,683.4,535.0
MEN,11/5/2024,698.0,708.9,696.3,700.2,-1.24,49133.0,683.4,535.0
MEN,11/6/2024,714.2,714.2,695.0,695.0,-0.74,25951.0,683.4,535.0
MEN,11/10/2024,695.0,719.0,695.0,709.0,2.01,79960.0,683.4,535.0
MEN,11/11/2024,718.0,725.0,713.0,714.1,0.72,59752.0,683.4,535.0
MEN,11/12/2024,728.3,731.0,711.1,717.0,0.41,58333.0,683.4,535.0
MEN,11/13/2024,731.3,745.9,711.0,711.0,-0.84,33208.0,683.4,535.0
MEN,11/14/2024,705.3,720.0,705.2,710.1,-0.13,49708.0,683.4,535.0
MEN,11/17/2024,724.3,753.4,718.1,721.0,1.53,105135.0,683.4,535.0
MEN,11/19/2024,734.0,734.0,705.0,708.0,-1.8,64086.0,683.4,535.0
MEN,11/20/2024,705.0,724.0,692.0,723.1,2.13,68403.0,683.4,535.0
MEN,11/21/2024,723.1,744.1,723.1,736.0,1.78,125031.0,683.4,535.0
MEN,11/24/2024,740.0,750.0,730.1,732.9,-0.42,125098.0,683.4,535.0
MEN,11/25/2024,722.1,736.0,722.1,726.0,-0.94,60004.0,683.4,535.0
MEN,11/26/2024,725.5,728.0,716.6,722.0,-0.55,39892.0,683.4,535.0
MEN,11/27/2024,736.0,736.0,708.0,730.1,1.12,106314.0,683.4,535.0
MEN,11/28/2024,728.0,738.7,720.0,720.2,-1.36,55276.0,683.4,535.0
MEN,12/1/2024,734.0,734.0,711.0,717.6,-0.36,79590.0,683.4,535.0
MEN,12/2/2024,715.0,727.0,715.0,719.0,0.2,42869.0,683.4,535.0
MEN,12/3/2024,733.3,758.0,727.0,729.1,1.4,169602.0,683.4,535.0
MEN,12/4/2024,743.6,746.5,732.1,736.5,1.01,98747.0,683.4,535.0
MEN,12/5/2024,721.9,740.0,721.9,728.6,-1.07,36567.0,683.4,535.0
MEN,12/8/2024,735.0,735.0,710.0,713.9,-2.02,41146.0,683.4,535.0
MEN,12/9/2024,728.1,728.1,707.0,709.0,-0.69,41474.0,683.4,535.0
MEN,12/10/2024,717.0,717.0,704.2,706.0,-0.42,28256.0,683.4,535.0
MEN,12/11/2024,707.0,718.0,701.2,718.0,1.7,25691.0,683.4,535.0
MEN,12/12/2024,718.0,718.0,704.0,706.0,-1.67,38550.0,683.4,535.0
MEN,12/16/2024,706.0,728.0,700.0,720.0,1.98,94079.0,683.4,535.0
MEN,12/17/2024,734.4,735.0,720.0,730.0,1.39,103364.0,683.4,535.0
MEN,12/18/2024,720.0,739.0,720.0,728.0,-0.27,83189.0,683.4,535.0
MEN,12/19/2024,728.0,730.0,715.0,715.3,-1.74,47907.0,683.4,535.0
MEN,12/22/2024,710.0,726.0,705.0,719.5,0.59,44097.0,683.4,535.0
MEN,12/23/2024,719.0,721.0,718.0,718.2,-0.18,37631.0,683.4,535.0
MEN,12/24/2024,718.2,731.6,718.2,728.2,1.39,118654.0,683.4,535.0
MEN,12/26/2024,645.8,650.0,623.0,624.0,-14.31,33595.0,683.4,535.0
MEN,12/29/2024,625.0,625.0,605.0,608.0,-2.56,24123.0,683.4,535.0
MEN,12/31/2024,619.0,619.0,590.0,597.9,-1.66,28526.0,683.4,535.0
MEN,1/1/2025,597.9,600.0,586.0,586.6,-1.89,21223.0,683.4,535.0
MEN,1/2/2025,594.9,594.9,585.0,589.7,0.53,20072.0,683.4,535.0
MEN,1/5/2025,600.0,600.0,585.0,586.2,-0.59,14482.0,683.4,535.0
MEN,1/6/2025,590.0,609.0,590.0,604.0,3.04,21869.0,683.4,535.0
MEN,1/7/2025,604.0,607.9,600.0,604.0,0.0,29363.0,683.4,535.0
MEN,1/8/2025,614.0,621.0,601.8,620.0,2.65,19896.0,683.4,535.0
MEN,1/9/2025,612.0,624.5,610.0,620.0,0.0,25471.0,683.4,535.0
MEN,1/12/2025,615.0,629.5,612.5,614.0,-0.97,19364.0,683.4,535.0
MEN,1/13/2025,615.5,622.0,610.0,611.0,-0.49,15481.0,683.4,535.0
MEN,1/15/2025,610.0,623.0,604.0,607.0,-0.65,25323.0,683.4,535.0
MEN,1/16/2025,607.0,610.0,600.3,602.0,-0.82,25413.0,683.4,535.0
MEN,1/19/2025,600.0,606.0,599.0,600.0,-0.33,25047.0,683.4,535.0
MEN,1/20/2025,607.0,610.9,598.4,600.0,0.0,42443.0,683.4,535.0
MEN,1/21/2025,605.0,609.7,595.3,596.0,-0.67,15549.0,683.4,535.0
MEN,1/22/2025,605.0,615.0,600.0,602.7,1.12,42785.0,683.4,535.0
MEN,1/23/2025,609.0,612.0,601.2,604.0,0.22,39444.0,683.4,535.0
MEN,1/26/2025,600.0,605.0,595.0,595.0,-1.49,69012.0,683.4,535.0
MEN,1/27/2025,604.0,652.0,595.0,629.9,5.87,434775.0,683.4,535.0
MEN,1/28/2025,625.1,680.0,620.0,640.0,1.6,218725.0,683.4,535.0
MEN,2/2/2025,638.0,638.0,623.0,627.0,-2.03,255499.0,683.4,535.0
MEN,2/3/2025,614.5,646.0,612.0,619.0,-1.28,190304.0,683.4,535.0
MEN,2/4/2025,610.0,620.0,608.0,609.0,-1.62,97950.0,683.4,535.0
MEN,2/5/2025,611.0,628.3,608.0,615.0,0.99,83420.0,683.4,535.0
MEN,2/6/2025,625.0,627.3,609.5,613.0,-0.33,104094.0,683.4,535.0
MEN,2/9/2025,620.0,622.0,596.0,600.0,-2.12,94205.0,683.4,535.0
MEN,2/10/2025,611.7,611.7,595.6,595.8,-0.7,67141.0,683.4,535.0
MEN,2/11/2025,607.7,607.7,595.0,595.0,-0.13,71462.0,683.4,535.0
MEN,2/12/2025,597.0,610.0,595.0,599.0,0.67,56898.0,683.4,535.0
MEN,2/13/2025,609.0,609.0,595.2,596.0,-0.5,41115.0,683.4,535.0
MEN,2/16/2025,600.0,607.8,597.0,597.8,0.3,51554.0,683.4,535.0
MEN,2/17/2025,601.0,605.0,598.4,598.7,0.15,67519.0,683.4,535.0
MEN,2/18/2025,605.0,609.0,597.0,599.0,0.05,74701.0,683.4,535.0
MEN,2/20/2025,610.9,610.9,598.0,598.2,-0.13,70802.0,683.4,535.0
MEN,2/23/2025,595.0,603.0,592.1,601.0,0.47,68704.0,683.4,535.0
MEN,2/24/2025,600.0,604.0,598.0,598.0,-0.5,103761.0,683.4,535.0
MEN,2/25/2025,600.0,601.9,596.5,600.0,0.33,38659.0,683.4,535.0
MEN,2/27/2025,605.0,610.0,598.1,603.5,0.58,53137.0,683.4,535.0
MEN,3/2/2025,614.9,627.9,609.0,623.0,3.23,71317.0,683.4,535.0
MEN,3/3/2025,629.9,632.0,619.0,619.0,-0.64,75344.0,683.4,535.0
MEN,3/4/2025,627.0,627.0,605.0,605.0,-2.26,70540.0,683.4,535.0
MEN,3/5/2025,605.0,610.0,600.0,607.0,0.33,70391.0,683.4,535.0
MEN,3/6/2025,595.0,612.0,595.0,606.4,-0.1,41289.0,683.4,535.0
MEN,3/9/2025,596.0,607.0,596.0,601.0,-0.89,32644.0,683.4,535.0
MEN,3/10/2025,599.3,605.0,595.1,595.1,-0.98,29843.0,683.4,535.0
MEN,3/11/2025,592.0,602.0,590.2,594.5,-0.1,19015.0,683.4,535.0
MEN,3/12/2025,600.0,601.0,595.0,600.0,0.93,17927.0,683.4,535.0
MEN,3/16/2025,600.0,600.0,592.3,596.0,-0.67,42954.0,683.4,535.0
MEN,3/17/2025,604.0,604.0,591.0,591.0,-0.84,14805.0,683.4,535.0
MEN,3/18/2025,592.2,597.0,590.1,590.1,-0.15,19202.0,683.4,535.0
MEN,3/19/2025,591.0,598.0,589.3,589.3,-0.14,22352.0,683.4,535.0
MEN,3/20/2025,586.1,592.0,586.1,590.03,0.12,16764.0,683.4,535.0
MEN,3/23/2025,588.09,589.7,578.2,579.6,-1.77,22208.0,683.4,535.0
MEN,3/24/2025,577.0,583.8,571.2,581.11,0.26,15557.0,683.4,535.0
MEN,3/25/2025,571.1,581.0,566.1,569.25,-2.04,29647.0,683.4,535.0
MEN,3/26/2025,579.9,590.0,570.0,576.06,1.2,17936.0,683.4,535.0
MEN,3/27/2025,576.0,587.9,575.2,582.95,1.2,17275.0,683.4,535.0
MEN,3/30/2025,575.1,591.6,575.1,585.5,0.44,40815.0,683.4,535.0
MEN,4/1/2025,584.0,586.0,580.0,585.84,0.06,24115.0,683.4,535.0
MEN,4/2/2025,582.0,595.0,581.0,588.15,0.39,40384.0,683.4,535.0
MEN,4/3/2025,580.0,614.0,580.0,590.82,0.45,272011.0,683.4,535.0
MEN,4/7/2025,602.6,602.6,584.0,584.83,-1.01,52030.0,683.4,535.0
MEN,4/8/2025,580.4,583.9,575.0,580.15,-0.8,38128.0,683.4,535.0
MEN,4/9/2025,581.0,588.0,576.3,579.14,-0.17,21019.0,683.4,535.0
MEN,4/10/2025,583.0,583.0,575.2,578.57,-0.1,24846.0,683.4,535.0
MEN,4/13/2025,579.0,587.7,571.0,583.68,0.88,50324.0,683.4,535.0
MEN,4/15/2025,585.0,592.0,580.0,583.13,-0.09,28712.0,683.4,535.0
MEN,4/16/2025,583.4,590.0,573.0,588.31,0.89,52558.0,683.4,535.0
MEN,4/17/2025,600.0,603.5,588.5,591.11,0.48,49579.0,683.4,535.0
MEN,4/20/2025,591.0,599.0,583.0,584.33,-1.15,27555.0,683.4,535.0
MEN,4/21/2025,590.0,591.0,578.2,583.29,-0.18,20350.0,683.4,535.0
MEN,4/22/2025,571.7,588.0,571.7,578.51,-0.82,111964.0,683.4,535.0
MEN,4/23/2025,575.1,580.0,569.2,574.13,-0.76,87372.0,683.4,535.0
MEN,4/24/2025,574.1,578.8,566.0,570.53,-0.63,40638.0,683.4,535.0
MEN,4/27/2025,580.0,581.0,566.2,570.01,-0.09,82655.0,683.4,535.0
MEN,4/28/2025,581.0,581.0,565.0,566.56,-0.61,41026.0,683.4,535.0
MEN,4/29/2025,575.9,575.9,560.3,561.73,-0.85,36640.0,683.4,535.0
MEN,4/30/2025,562.0,568.0,552.4,561.84,0.02,43458.0,683.4,535.0
MEN,5/4/2025,573.0,589.0,565.0,569.8,1.42,69385.0,683.4,535.0
MEN,5/5/2025,577.0,581.0,565.0,567.18,-0.46,20968.0,683.4,535.0
MEN,5/6/2025,570.0,581.0,568.5,570.11,0.52,188975.0,683.4,535.0
MEN,5/7/2025,575.0,599.0,573.0,586.07,2.8,111362.0,683.4,535.0
MEN,5/8/2025,585.2,593.0,582.2,585.19,-0.15,65913.0,683.4,535.0
MEN,5/11/2025,590.0,595.5,578.3,580.38,-0.82,82854.0,683.4,535.0
MEN,5/13/2025,578.2,580.6,567.0,567.62,-2.2,113068.0,683.4,535.0
MEN,5/14/2025,567.7,570.0,561.1,562.8,-0.85,45129.0,683.4,535.0
MEN,5/15/2025,570.8,570.8,562.8,563.2,0.07,29324.0,683.4,535.0
MEN,5/18/2025,570.0,572.9,563.0,566.13,0.52,140043.0,683.4,535.0
MEN,5/19/2025,574.7,574.8,560.0,565.02,-0.2,59216.0,683.4,535.0
MEN,5/20/2025,565.0,577.0,561.2,574.82,1.73,37148.0,683.4,535.0
MEN,5/21/2025,585.0,611.9,575.0,589.53,2.56,1001267.0,683.4,535.0
MEN,5/22/2025,590.0,623.0,590.0,604.82,2.59,560957.0,683.4,535.0
MEN,5/25/2025,593.0,610.0,589.7,590.86,-2.31,101682.0,683.4,535.0
MEN,5/26/2025,600.0,612.0,585.0,586.66,-0.71,104404.0,683.4,535.0
MEN,5/27/2025,580.0,589.9,576.0,581.36,-0.9,68764.0,683.4,535.0
MEN,5/28/2025,590.0,590.0,580.0,585.11,0.65,59713.0,683.4,535.0
MEN,6/2/2025,596.8,596.8,579.0,579.79,-0.91,71263.0,683.4,535.0
MEN,6/3/2025,580.0,583.5,573.1,574.75,-0.87,50986.0,683.4,535.0
MEN,6/4/2025,566.0,583.0,566.0,572.98,-0.31,50856.0,683.4,535.0
MEN,6/5/2025,565.2,583.8,565.2,579.82,1.19,76426.0,683.4,535.0
MEN,6/8/2025,569.0,596.0,569.0,577.28,-0.44,85384.0,683.4,535.0
MEN,6/9/2025,578.0,588.0,575.2,585.92,1.5,54459.0,683.4,535.0
MEN,6/10/2025,589.0,601.0,585.0,588.49,0.44,224088.0,683.4,535.0
MEN,6/11/2025,588.1,618.0,581.1,607.66,3.26,222993.0,683.4,535.0
MEN,6/12/2025,607.6,629.0,607.6,617.56,1.63,450174.0,683.4,535.0
MEN,6/15/2025,605.3,653.9,605.3,647.22,4.8,789460.0,683.4,535.0
MEN,6/16/2025,660.0,660.0,620.0,621.1,-4.04,325965.0,683.4,535.0
MEN,6/17/2025,625.0,629.8,611.0,615.5,-0.9,117225.0,683.4,535.0
MEN,6/18/2025,624.0,631.9,611.0,615.89,0.06,244635.0,683.4,535.0
MEN,6/19/2025,628.0,628.0,600.6,602.08,-2.24,166072.0,683.4,535.0
MEN,6/22/2025,600.1,606.0,584.3,585.47,-2.76,137534.0,683.4,535.0
MEN,6/23/2025,586.1,594.0,577.0,591.47,1.02,93306.0,683.4,535.0
MEN,6/24/2025,595.0,602.0,588.4,590.9,-0.1,78161.0,683.4,535.0
MEN,6/25/2025,590.0,595.0,585.0,591.59,0.12,53944.0,683.4,535.0
MEN,6/26/2025,594.0,595.9,586.1,587.17,-0.75,71634.0,683.4,535.0
MEN,6/29/2025,588.0,613.0,588.0,603.07,2.71,142687.0,683.4,535.0
MEN,6/30/2025,604.0,617.9,603.0,605.12,0.34,76435.0,683.4,535.0
MEN,7/1/2025,609.0,614.8,604.0,611.81,1.11,67528.0,683.4,535.0
MEN,7/2/2025,611.9,619.5,607.0,610.48,-0.22,91930.0,683.4,535.0
MEN,7/3/2025,611.0,611.8,598.6,600.36,-1.66,83451.0,683.4,535.0
MEN,7/6/2025,609.0,609.0,600.0,602.44,0.35,63218.0,683.4,535.0
MEN,7/7/2025,601.0,603.0,595.0,595.73,-1.11,42095.0,683.4,535.0
MEN,7/8/2025,590.6,601.9,590.0,600.37,0.78,30180.0,683.4,535.0
MEN,7/9/2025,608.0,609.0,600.6,603.12,0.46,47797.0,683.4,535.0
MEN,7/10/2025,605.0,609.0,602.0,607.2,0.68,72148.0,683.4,535.0
MEN,7/13/2025,619.3,619.3,605.1,608.11,0.15,97583.0,683.4,535.0
MEN,7/14/2025,605.5,611.0,603.0,608.39,0.05,60892.0,683.4,535.0
MEN,7/15/2025,614.7,627.0,608.4,625.06,2.74,116410.0,683.4,535.0
MEN,7/16/2025,633.0,641.0,626.0,639.19,2.26,276662.0,683.4,535.0
MEN,7/17/2025,647.0,652.0,639.0,647.23,1.26,151538.0,683.4,535.0
MEN,7/20/2025,657.9,669.6,628.5,649.67,0.38,440826.0,683.4,535.0
MEN,7/21/2025,650.0,661.0,645.1,653.12,0.53,185055.0,683.4,535.0
MEN,7/22/2025,660.0,678.0,660.0,668.32,2.33,185754.0,683.4,535.0
MEN,7/23/2025,672.0,677.0,657.4,670.04,0.26,173461.0,683.4,535.0
MEN,7/24/2025,672.0,680.0,666.0,675.39,0.8,166402.0,683.4,535.0
MEN,7/27/2025,678.7,682.0,657.0,658.92,-2.44,174212.0,683.4,535.0
MEN,7/28/2025,663.0,665.0,641.0,658.98,0.01,152931.0,683.4,535.0
MEN,7/29/2025,659.2,670.0,655.0,656.98,-0.3,138685.0,683.4,535.0
MEN,7/30/2025,655.0,666.0,641.2,643.55,-2.04,108527.0,683.4,535.0
MEN,7/31/2025,656.4,656.4,636.4,638.27,-0.82,110846.0,683.4,535.0
MEN,8/3/2025,639.0,640.0,624.1,626.57,-1.83,154008.0,683.4,535.0
MEN,8/4/2025,633.0,638.9,620.0,625.91,-0.11,145826.0,683.4,535.0
MEN,8/5/2025,625.0,636.9,618.5,620.84,-0.81,136884.0,683.4,535.0
MEN,8/6/2025,621.1,625.0,619.1,620.36,-0.08,125821.0,683.4,535.0
MEN,8/7/2025,620.7,640.0,620.7,638.64,2.95,69120.0,683.4,535.0
MEN,8/11/2025,641.0,650.0,632.5,638.1,-0.08,135353.0,683.4,535.0
MEN,8/12/2025,638.0,644.9,625.0,626.68,-1.79,100115.0,683.4,535.0
MEN,8/13/2025,638.0,640.0,623.0,624.15,-0.4,134834.0,683.4,535.0
MEN,8/14/2025,635.0,635.0,622.0,623.33,-0.13,62538.0,683.4,535.0
MEN,8/17/2025,634.8,634.8,624.2,626.06,0.44,86605.0,683.4,535.0
MEN,8/18/2025,626.0,632.8,623.4,625.72,-0.05,56782.0,683.4,535.0
MEN,8/19/2025,626.1,645.0,624.7,639.91,2.27,271969.0,683.4,535.0
MEN,8/20/2025,636.1,650.0,636.0,643.86,0.62,100218.0,683.4,535.0
MEN,8/21/2025,644.0,646.9,633.1,634.07,-1.52,49680.0,683.4,535.0
MEN,8/24/2025,630.0,641.0,627.0,627.65,-1.01,61401.0,683.4,535.0
MEN,8/25/2025,627.65,635.1,627.0,630.32,0.43,53422.0,683.4,535.0
MEN,8/26/2025,640.0,640.0,627.0,628.6,-0.27,28512.0,683.4,535.0
MEN,8/27/2025,639.0,639.0,629.0,637.61,1.43,70465.0,683.4,535.0
MEN,8/28/2025,634.0,644.9,630.1,630.54,-1.11,55515.0,683.4,535.0
MEN,8/31/2025,637.0,638.0,620.0,621.94,-1.36,104647.0,683.4,535.0
MEN,9/1/2025,631.0,631.0,617.3,624.27,0.37,47341.0,683.4,535.0
MEN,9/2/2025,624.0,627.0,620.0,620.53,-0.6,26383.0,683.4,535.0
MEN,9/3/2025,620.0,623.0,618.1,619.34,-0.19,26523.0,683.4,535.0
MEN,9/4/2025,618.1,625.0,612.4,619.32,-0.0,42422.0,683.4,535.0
MEN,9/7/2025,615.0,625.1,615.0,618.37,-0.15,29947.0,683.4,535.0
MEN,9/8/2025,618.0,623.9,606.0,614.37,-0.65,121669.0,683.4,535.0
MEN,9/18/2025,602.1,602.1,555.5,581.0,-5.43,7035.0,683.4,535.0
MEN,9/21/2025,581.0,625.5,581.0,618.14,6.39,105202.0,683.4,535.0
MEN,9/23/2025,616.0,629.9,615.6,625.9,1.26,60609.0,683.4,535.0
MEN,9/24/2025,620.0,626.0,619.9,621.0,-0.78,24724.0,683.4,535.0
MEN,9/25/2025,625.0,628.0,625.0,625.5,0.72,43358.0,683.4,535.0
MEN,9/28/2025,638.0,638.0,625.2,632.0,1.04,25748.0,683.4,535.0
MEN,10/7/2025,635.0,638.0,619.5,621.0,-1.74,73489.0,683.4,535.0
MEN,10/8/2025,625.0,625.0,609.0,616.0,-0.81,67893.0,683.4,535.0
MEN,10/9/2025,628.3,647.0,616.0,619.0,0.49,86833.0,683.4,535.0
MEN,10/12/2025,608.0,613.1,601.0,605.0,-2.26,81130.0,683.4,535.0
MEN,10/13/2025,603.0,614.0,596.0,605.0,0.0,59744.0,683.4,535.0
MEN,10/14/2025,615.8,615.8,605.3,606.2,0.2,39213.0,683.4,535.0
MEN,10/15/2025,607.0,607.0,595.0,606.0,-0.03,55143.0,683.4,535.0
MEN,10/16/2025,600.0,603.0,596.0,598.3,-1.27,32749.0,683.4,535.0
MEN,10/19/2025,598.0,610.0,598.0,609.9,1.94,50418.0,683.4,535.0
MEN,10/26/2025,598.1,605.0,598.0,605.0,-0.8,14726.0,683.4,535.0
MEN,10/28/2025,614.0,620.0,601.8,617.9,2.13,35174.0,683.4,535.0
MEN,10/29/2025,620.0,631.0,616.0,616.1,-0.29,47909.0,683.4,535.0
MEN,10/30/2025,611.0,633.9,606.7,628.3,1.98,69322.0,683.4,535.0
MEN,11/2/2025,638.0,642.0,629.9,636.0,1.23,76874.0,683.4,535.0
MEN,11/3/2025,623.3,642.0,623.3,626.2,-1.54,40644.0,683.4,535.0
MEN,11/4/2025,630.0,638.9,621.0,624.9,-0.21,52459.0,683.4,535.0
MEN,11/5/2025,630.0,630.0,620.5,624.5,-0.06,31391.0,683.4,535.0
MEN,11/6/2025,622.0,629.0,622.0,622.0,-0.4,44830.0,683.4,535.0
MEN,11/9/2025,634.4,659.9,634.4,640.0,2.89,232021.0,683.4,535.0
MEN,11/10/2025,645.0,645.0,634.3,636.0,-0.62,99948.0,683.4,535.0
MEN,11/11/2025,642.0,642.0,630.0,636.0,0.0,108042.0,683.4,535.0
MEN,11/12/2025,648.7,648.7,624.0,625.0,-1.73,104021.0,683.4,535.0
MEN,11/13/2025,629.8,631.0,624.0,627.0,0.32,130306.0,683.4,535.0
MEN,11/16/2025,639.5,644.0,624.0,634.0,1.12,329541.0,683.4,535.0
MEN,11/17/2025,640.0,648.0,637.0,643.0,1.42,139488.0,683.4,535.0
MEN,11/18/2025,652.0,656.0,645.0,653.0,1.56,204148.0,683.4,535.0
MEN,11/19/2025,666.0,666.0,651.0,659.8,1.04,136091.0,683.4,535.0
MEN,11/20/2025,662.9,664.9,652.5,658.1,-0.26,94582.0,683.4,535.0
MEN,11/23/2025,662.0,674.9,662.0,666.0,1.2,157110.0,683.4,535.0
MEN,11/24/2025,672.0,673.0,665.4,670.3,0.65,172372.0,683.4,535.0
MEN,11/25/2025,675.0,680.0,669.0,680.0,1.45,233063.0,683.4,535.0
MEN,11/26/2025,683.4,683.4,673.2,676.4,-0.53,91515.0,683.4,535.0
MEN,11/27/2025,680.0,680.0,670.1,670.1,-0.93,102903.0,683.4,535.0
MEN,11/30/2025,672.5,678.5,660.1,662.0,-1.21,198975.0,683.4,535.0
MEN,12/1/2025,666.0,672.0,658.0,666.0,0.6,113812.0,683.4,535.0
MEN,12/2/2025,679.3,679.3,667.0,669.0,0.45,342612.0,683.4,535.0
MEN,12/3/2025,568.0,568.0,553.0,554.5,-17.12,157458.0,683.4,535.0
MEN,12/7/2025,555.0,555.0,542.5,542.6,-2.15,76604.0,683.4,535.0
MEN,12/8/2025,543.0,545.6,536.0,538.0,-0.85,62895.0,683.4,535.0
MEN,12/9/2025,542.0,544.7,535.0,542.0,0.74,25187.0,683.4,535.0
MEN,12/10/2025,536.1,545.0,536.1,540.1,-0.35,33233.0,683.4,535.0
MEN,12/11/2025,540.0,544.0,539.0,542.0,0.35,32822.0,683.4,535.0
MEN,12/14/2025,545.0,547.9,542.0,545.0,0.55,69901.0,683.4,535.0
MEN,12/15/2025,555.9,555.9,542.2,546.9,0.35,20734.0,683.4,535.0
MEN,12/16/2025,545.1,565.0,545.1,561.5,2.67,72104.0,683.4,535.0
MEN,12/17/2025,561.5,562.0,556.2,559.5,-0.36,32833.0,683.4,535.0
MEN,12/18/2025,570.6,570.6,555.0,560.0,0.09,37279.0,683.4,535.0
MEN,12/21/2025,558.0,569.9,546.0,562.7,0.48,63115.0,683.4,535.0
MEN,12/22/2025,560.1,570.09,558.0,560.1,-0.46,49725.0,683.4,535.0
MEN,12/23/2025,559.0,565.0,554.0,565.0,0.87,22894.0,683.4,535.0
MEN,12/24/2025,565.0,569.0,558.0,560.0,-0.88,40504.0,683.4,535.0
MEN,12/28/2025,568.0,568.8,561.0,566.0,1.07,31638.0,683.4,535.0
MEN,12/29/2025,577.3,577.3,563.0,571.5,0.97,60941.0,683.4,535.0
MEN,12/31/2025,582.9,582.9,569.1,569.1,-0.42,72709.0,683.4,535.0
MEN,1/1/2026,568.2,570.0,560.1,565.0,-0.72,42336.0,683.4,535.0
MEN,1/4/2026,561.0,565.0,555.0,557.6,-1.31,27887.0,683.4,535.0
MEN,1/5/2026,557.1,564.0,557.1,561.9,0.77,36591.0,683.4,535.0
MEN,1/6/2026,562.0,569.0,560.2,563.5,0.28,28813.0,683.4,535.0
MEN,1/7/2026,557.0,571.0,557.0,567.6,0.73,31566.0,683.4,535.0
MEN,1/8/2026,567.6,571.0,561.1,567.0,-0.11,45164.0,683.4,535.0
MEN,1/12/2026,565.0,573.0,564.0,572.0,0.88,36315.0,683.4,535.0
MEN,1/13/2026,562.0,584.0,562.0,582.0,1.75,51476.0,683.4,535.0
MEN,1/14/2026,588.0,590.0,571.0,576.0,-1.03,41217.0,683.4,535.0
MEN,1/18/2026,585.0,590.0,578.1,588.0,2.08,53400.0,683.4,535.0
MEN,1/20/2026,599.7,606.0,590.0,599.0,1.87,129919.0,683.4,535.0
MEN,1/21/2026,610.9,610.9,590.1,601.3,0.38,91025.0,683.4,535.0
MEN,1/22/2026,605.5,608.0,596.0,605.0,0.62,89865.0,683.4,535.0
MEN,1/25/2026,608.0,613.8,598.1,612.0,1.16,127680.0,683.4,535.0
MEN,1/26/2026,606.0,610.0,599.1,599.5,-2.04,104112.0,683.4,535.0
MEN,1/27/2026,600.0,606.0,588.0,595.0,-0.75,129836.0,683.4,535.0
MEN,1/28/2026,598.0,601.8,588.6,600.0,0.84,91787.0,683.4,535.0
MEN,1/29/2026,600.0,608.0,589.0,590.5,-1.58,99680.0,683.4,535.0
MEN,2/1/2026,591.0,599.1,585.0,586.0,-0.76,52985.0,683.4,535.0
MEN,2/2/2026,585.9,596.0,583.0,585.0,-0.17,28158.0,683.4,535.0
MEN,2/3/2026,585.0,589.9,581.5,582.0,-0.51,28332.0,683.4,535.0
MEN,2/4/2026,590.0,593.6,581.9,589.2,1.24,34618.0,683.4,535.0
MEN,2/5/2026,585.0,595.0,585.0,595.0,0.98,28937.0,683.4,535.0
MEN,2/8/2026,605.0,605.0,583.0,585.1,-1.66,68756.0,683.4,535.0
MEN,2/9/2026,586.1,593.0,575.1,581.4,-0.63,77991.0,683.4,535.0
MEN,2/10/2026,581.4,585.8,575.0,582.0,0.1,45854.0,683.4,535.0
MEN,2/11/2026,587.0,595.0,577.6,577.6,-0.76,41691.0,683.4,535.0
MEN,2/12/2026,577.0,585.0,575.0,578.3,0.12,56127.0,683.4,535.0
MEN,2/16/2026,580.1,584.0,575.0,579.0,0.12,44682.0,683.4,535.0
MEN,2/17/2026,577.1,579.0,573.1,574.3,-0.81,40091.0,683.4,535.0
MEN,2/22/2026,579.0,579.0,569.7,570.2,-0.71,52333.0,683.4,535.0
MEN,2/23/2026,573.0,575.5,570.2,574.5,0.75,31816.0,683.4,535.0
MEN,2/24/2026,574.0,582.9,574.0,579.8,0.92,23004.0,683.4,535.0
MEN,2/25/2026,580.0,587.0,579.2,580.1,0.05,23546.0,683.4,535.0
MEN,2/26/2026,585.0,591.7,580.5,583.0,0.5,28984.0,683.4,535.0
MEN,2/27/2026,585.0,591.7,580.5,583.0,0.0,28984.0,683.4,535.0
MEN,2/28/2026,585.0,591.7,580.5,583.0,0.0,28984.0,683.4,535.0
MEN,3/2/2026,577.0,597.0,575.0,597.0,2.4,55667.0,683.4,535.0
MEN,3/3/2026,599.9,603.8,588.1,599.0,0.34,47420.0,683.4,535.0
MEN,3/4/2026,599.9,603.8,588.1,599.0,0.0,47420.0,683.4,535.0
MEN,3/5/2026,599.9,603.8,588.1,599.0,0.0,47420.0,683.4,535.0
MEN,3/6/2026,599.9,603.8,588.1,599.0,0.0,47420.0,683.4,535.0
MEN,3/7/2026,599.9,603.8,588.1,599.0,0.0,47420.0,683.4,535.0
MEN,3/8/2026,599.9,603.8,588.1,599.0,0.0,47420.0,683.4,535.0
MEN,3/9/2026,610.9,648.1,610.9,648.1,8.2,3182.0,683.4,535.0
MEN,3/10/2026,655.0,655.0,621.0,633.0,-2.33,225802.0,683.4,535.0
MEN,3/11/2026,635.0,640.0,615.0,620.9,-1.91,68072.0,683.4,535.0
MEN,3/12/2026,611.0,625.7,609.0,624.7,0.61,98750.0,683.4,535.0
MEN,3/13/2026,611.0,625.7,609.0,624.7,0.0,98750.0,683.4,535.0
MEN,3/14/2026,611.0,625.7,609.0,624.7,0.0,98750.0,683.4,535.0
MEN,3/15/2026,626.0,631.0,618.0,621.9,-0.45,69621.0,683.4,535.0
MEN,3/16/2026,621.0,623.5,613.3,615.9,-0.96,47092.0,683.4,535.0
MEN,3/17/2026,615.5,619.0,611.2,616.0,0.02,38215.0,683.4,535.0
MEN,3/18/2026,615.5,619.0,611.2,616.0,0.0,38215.0,683.4,535.0
MEN,3/19/2026,616.0,629.0,615.0,629.0,2.11,92106.0,683.4,535.0
MEN,3/20/2026,616.0,629.0,615.0,629.0,0.0,92106.0,683.4,535.0
MEN,3/21/2026,616.0,629.0,615.0,629.0,0.0,92106.0,683.4,535.0
MEN,3/22/2026,639.5,647.6,623.1,630.0,0.16,82732.0,683.4,535.0
MEN,3/23/2026,642.6,642.6,622.1,625.2,-0.76,54430.0,683.4,535.0
MEN,3/24/2026,618.0,629.6,618.0,624.0,-0.19,155634.0,683.4,535.0
MEN,3/25/2026,630.0,630.6,616.0,624.0,0.0,193506.0,683.4,535.0
MEN,3/26/2026,624.0,629.9,615.0,621.5,-0.4,104901.0,683.4,535.0
MEN,3/29/2026,633.9,635.0,611.0,611.0,-3.61,224645.0,683.4,535.0
MEN,3/30/2026,612.0,616.0,600.1,603.0,-1.47,142927.0,683.4,535.0
MEN,3/31/2026,600.2,605.9,590.3,604.2,0.67,109568.0,683.4,535.0
MEN,4/1/2026,604.2,605.0,587.0,599.9,-0.71,135322.0,683.4,535.0
MEN,4/2/2026,590.0,599.0,572.4,589.9,-0.02,148605.0,683.4,535.0
MEN,4/5/2026,592.0,592.0,565.0,568.0,-4.05,160183.0,683.4,535.0
MEN,4/6/2026,565.0,589.9,565.0,585.1,3.56,128318.0,683.4,535.0
MEN,4/7/2026,593.9,595.9,583.2,584.0,-1.67,82452.0,683.4,535.0
MEN,4/8/2026,590.0,597.0,587.0,593.0,0.51,67081.0,683.4,535.0
MEN,4/9/2026,601.0,607.0,590.2,600.8,-0.03,111314.0,683.4,535.0
MEN,4/10/2026,600.0,607.0,595.0,598.0,-0.33,105563.0,683.4,535.0
MEN,4/13/2026,591.0,601.0,591.0,599.0,1.35,77712.0,683.4,535.0
MEN,4/15/2026,602.0,606.0,591.2,600.5,-0.25,81027.0,683.4,535.0
MEN,4/16/2026,599.9,600.9,596.0,600.0,0.02,59148.0,683.4,535.0
MEN,4/17/2026,597.0,601.0,595.0,601.0,0.67,35965.0,683.4,535.0
MEN,4/20/2026,600.0,600.0,595.0,599.0,-0.17,26438.0,683.4,535.0
MEN,4/21/2026,599.0,610.0,593.2,595.0,-0.67,68918.0,683.4,535.0
MEN,4/22/2026,595.0,595.0,581.1,588.0,-1.18,44367.0,683.4,535.0
MEN,4/23/2026,591.0,591.0,580.3,587.9,-0.52,38556.0,683.4,535.0
MEN,4/24/2026,587.9,587.9,580.3,587.0,-0.15,17754.0,683.4,535.0
MEN,4/27/2026,604.6,604.6,584.0,586.0,-3.08,24377.0,683.4,535.0
MEN,4/28/2026,586.0,589.9,583.5,584.0,-0.34,67755.0,683.4,535.0
MEN,4/29/2026,584.0,590.0,580.0,583.0,-0.17,40294.0,683.4,535.0
MEN,4/30/2026,575.0,583.9,575.0,583.5,1.48,30475.0,683.4,535.0
MEN,5/4/2026,570.0,622.0,570.0,577.9,1.39,53954.0,683.4,535.0
MEN,5/5/2026,577.9,584.8,571.0,579.0,0.19,40179.0,683.4,535.0
MEN,5/6/2026,581.0,587.0,579.3,583.0,0.34,32249.0,683.4,535.0
MEN,5/7/2026,580.0,590.0,576.9,589.0,1.55,35558.0,683.4,535.0
MEN,5/8/2026,598.0,598.9,585.0,590.0,-1.34,18171.0,683.4,535.0
MEN,5/11/2026,597.0,607.0,592.0,607.0,1.68,56504.0,683.4,535.0
MEN,5/12/2026,618.0,622.9,595.0,601.0,-2.75,48873.0,683.4,535.0
MEN,5/13/2026,588.0,673.0,588.0,600.0,2.04,49428.0,683.4,535.0
MEN,5/14/2026,600.1,615.0,595.0,606.0,0.98,123337.0,683.4,535.0
MEN,5/15/2026,607.0,610.0,603.0,606.0,-0.16,44386.0,683.4,535.0
MEN,5/18/2026,606.3,610.6,606.3,608.0,0.28,33039.0,683.4,535.0
MEN,5/19/2026,604.0,611.0,604.0,609.0,0.83,43911.0,683.4,535.0
MEN,5/20/2026,609.9,614.9,607.0,612.0,0.34,34495.0,683.4,535.0
MEN,5/21/2026,613.0,613.0,605.0,606.0,-1.14,26642.0,683.4,535.0
MEN,5/22/2026,606.0,609.0,599.0,604.0,-0.33,57485.0,683.4,535.0
MEN,5/25/2026,610.0,615.0,606.5,607.9,-0.34,70845.0,683.4,535.0
MEN,5/26/2026,609.9,611.0,603.0,607.9,-0.33,80421.0,683.4,535.0
MEN,5/27/2026,613.0,623.9,609.0,620.0,1.14,146579.0,683.4,535.0
MEN,6/1/2026,625.0,625.0,610.0,618.0,-1.12,81327.0,683.4,535.0
MEN,6/2/2026,617.0,620.0,610.0,617.0,0.0,52750.0,683.4,535.0
MEN,6/3/2026,617.0,619.0,612.0,612.3,-0.76,37032.0,683.4,535.0
MEN,6/4/2026,618.0,628.0,610.0,614.0,-0.65,55059.0,683.4,535.0
MEN,6/5/2026,620.0,630.0,608.2,612.0,-1.29,43425.0,683.4,535.0
MEN,6/8/2026,612.0,612.0,606.2,606.6,-0.88,41620.0,683.4,535.0
MEN,6/9/2026,614.0,624.0,599.1,603.0,-1.79,96362.0,683.4,535.0
MEN,6/10/2026,607.0,607.0,598.0,599.0,-1.32,49078.0,683.4,535.0
MEN,6/11/2026,603.0,604.0,588.0,597.0,-1.0,45905.0,683.4,535.0
MEN,6/12/2026,626.8,626.8,585.0,599.0,-4.44,67808.0,683.4,535.0
MEN,6/15/2026,600.1,600.1,595.0,596.5,-0.6,27087.0,683.4,535.0
MEN,6/16/2026,597.0,600.0,594.0,594.2,-0.47,21295.0,683.4,535.0
MEN,6/17/2026,590.3,599.8,590.0,594.0,0.63,42847.0,683.4,535.0
MEN,6/18/2026,585.6,599.0,585.6,590.0,0.75,36726.0,683.4,535.0
MEN,6/19/2026,589.0,595.1,585.0,585.5,-0.59,59654.0,683.4,535.0
MEN,6/22/2026,587.0,592.9,586.0,589.7,0.46,34148.0,683.4,535.0
MEN,6/23/2026,590.0,591.5,585.0,590.0,0.0,33784.0,683.4,535.0
MEN,6/24/2026,587.0,589.0,580.0,583.3,-0.63,49776.0,683.4,535.0
MEN,6/26/2026,586.0,586.0,578.0,579.0,-1.19,31724.0,683.4,535.0
MEN,6/29/2026,580.0,581.9,573.0,574.2,-1.0,25964.0,683.4,535.0
MEN,6/30/2026,574.5,576.0,568.0,570.0,-0.78,68774.0,683.4,535.0
MEN,7/1/2026,578.0,584.8,570.0,578.0,0.0,32653.0,683.4,535.0
MEN,7/2/2026,580.0,582.5,570.0,575.0,-0.86,63345.0,683.4,535.0
MEN,7/3/2026,575.0,580.0,571.3,574.0,-0.17,44432.0,683.4,535.0
MEN,7/6/2026,575.0,576.0,565.0,570.0,-0.87,64267.0,683.4,535.0
MEN,7/7/2026,572.0,574.0,565.0,574.0,0.35,111938.0,683.4,535.0
MEN,7/8/2026,585.0,585.0,565.0,569.0,-2.74,44649.0,683.4,535.0
MEN,7/9/2026,565.1,570.0,562.0,564.0,-0.19,56042.0,683.4,535.0
MEN,7/10/2026,568.0,568.0,555.0,560.0,-1.41,96493.0,683.4,535.0
MEN,7/13/2026,561.0,564.0,545.0,552.8,-1.46,130618.0,683.4,535.0
MEN,7/14/2026,553.0,568.0,552.8,565.0,2.17,43912.0,683.4,535.0
MEN,7/15/2026,560.0,573.8,556.5,559.0,-0.18,57939.0,683.4,535.0
MEN,7/16/2026,560.0,572.0,560.0,568.9,1.59,27746.0,683.4,535.0
MEN,7/17/2026,573.0,590.0,573.0,588.0,2.62,43312.0,683.4,535.0
MEN,7/20/2026,595.0,600.0,585.8,600.0,0.84,88947.0,683.4,535.0
MEN,7/21/2026,610.0,610.0,595.0,600.0,-1.64,51644.0,683.4,535.0
MEN,7/22/2026,600.0,600.0,586.0,595.0,-0.83,161649.0,683.4,535.0
MEN,7/23/2026,595.0,595.0,590.3,594.8,-0.03,41095.0,683.4,535.0
MEN,7/24/2026,595.0,601.5,594.0,597.0,0.34,43290.0,683.4,535.0
MEN,7/27/2026,597.1,602.9,595.0,597.4,0.05,44849.0,683.4,535.0
MEN,7/28/2026,595.1,600.0,590.5,597.0,0.32,18948.0,683.4,535.0
MEN,7/29/2026,592.0,600.0,592.0,599.0,1.18,26078.0,683.4,535.0
MEN,7/30/2026,598.9,599.0,592.0,595.8,-0.52,22761.0,683.4,535.0
MEN,7/31/2026,594.9,595.7,586.1,595.5,0.1,38358.0,683.4,535.0
MEN,8/3/2026,601.0,605.0,597.0,602.0,0.17,50652.0,683.4,535.0
MEN,8/4/2026,595.2,605.0,594.9,599.0,0.64,50296.0,683.4,535.0
MEN,8/5/2026,600.0,602.0,594.2,600.0,0.0,40438.0,683.4,535.0
MEN,8/6/2026,600.0,603.0,595.0,600.1,0.02,36224.0,683.4,535.0
MEN,8/7/2026,595.0,601.0,595.0,595.1,0.02,43063.0,683.4,535.0
MEN,8/10/2026,595.0,602.0,595.0,601.0,1.01,19092.0,683.4,535.0
MEN,8/11/2026,609.0,612.0,603.8,610.8,0.3,113770.0,683.4,535.0
MEN,8/12/2026,641.0,641.0,610.9,614.0,-4.21,67448.0,683.4,535.0
MEN,8/13/2026,616.0,616.0,611.1,614.9,-0.18,43318.0,683.4,535.0
MEN,8/14/2026,618.1,620.0,612.0,615.0,-0.5,92372.0,683.4,535.0
MEN,8/17/2026,622.0,622.0,612.5,615.4,-1.06,76475.0,683.4,535.0
MEN,8/18/2026,615.0,621.0,615.0,619.6,0.75,94698.0,683.4,535.0
MEN,8/19/2026,650.5,650.5,615.2,626.9,-3.63,91146.0,683.4,535.0
MEN,8/20/2026,626.0,639.8,621.2,639.0,2.08,215289.0,683.4,535.0
MEN,8/21/2026,640.0,647.0,626.3,626.3,-2.14,179665.0,683.4,535.0
MEN,8/24/2026,626.0,634.0,619.1,619.1,-1.1,85608.0,683.4,535.0
MEN,8/25/2026,619.0,623.4,617.0,620.0,0.16,47825.0,683.4,535.0
MEN,8/26/2026,615.0,620.0,610.0,615.0,0.0,90791.0,683.4,535.0
MEN,8/27/2026,606.0,622.0,606.0,618.0,1.98,68663.0,683.4,535.0
MEN,8/31/2026,618.0,618.0,608.0,614.4,-0.58,72186.0,683.4,535.0
MEN,9/1/2026,612.0,618.9,609.1,618.0,0.98,43302.0,683.4,535.0
MEN,9/2/2026,615.0,622.0,615.0,621.8,1.11,37143.0,683.4,535.0
MEN,9/3/2026,621.0,632.8,620.5,627.1,0.98,159060.0,683.4,535.0
MEN,9/7/2026,627.1,640.0,627.1,630.0,0.46,68850.0,683.4,535.0
MEN,9/9/2026,629.9,638.0,629.9,633.1,0.51,76885.0,683.4,535.0
MEN,9/10/2026,634.0,636.0,629.0,636.0,0.32,78042.0,683.4,535.0
MEN,9/11/2026,640.0,641.0,632.6,640.0,0.0,80851.0,683.4,535.0
MEN,9/14/2026,640.0,650.0,637.3,646.9,1.08,106682.0,683.4,535.0
MEN,9/15/2026,665.0,665.0,647.0,651.0,-2.11,167193.0,683.4,535.0
MEN,9/16/2026,654.0,660.0,643.0,652.7,-0.2,149739.0,683.4,535.0
MEN,9/17/2026,652.0,660.0,649.0,649.1,-0.44,131558.0,683.4,535.0
MEN,9/18/2026,650.0,651.0,646.0,646.2,-0.58,98270.0,683.4,535.0
MEN,9/22/2026,650.0,657.5,646.1,657.0,1.08,145006.0,683.4,535.0
MEN,9/23/2026,657.0,657.5,650.2,651.2,-0.88,68582.0,683.4,535.0
MEN,9/24/2026,646.5,653.0,644.6,653.0,1.01,97155.0,683.4,535.0
MEN,9/28/2026,650.0,656.0,646.0,646.0,-0.62,101218.0,683.4,535.0
MEN,9/29/2026,645.0,645.0,632.0,0.0,-100.0,159206.0,683.4,535.0
MEN,9/30/2026,640.0,641.0,635.0,636.0,-0.62,103757.0,683.4,535.0
MEN,10/1/2026,604.2,640.0,604.2,638.0,5.59,70019.0,683.4,535.0
MEN,10/2/2026,636.0,638.0,635.0,635.4,-0.09,45889.0,683.4,535.0
MEPDL,8/12/2026,300.0,345.0,300.0,345.0,15.0,150.0,855.0,300.0
MEPDL,8/13/2026,355.3,396.7,355.3,396.7,11.65,220.0,855.0,300.0
MEPDL,8/14/2026,400.0,456.2,400.0,456.2,14.05,220.0,855.0,300.0
MEPDL,8/17/2026,435.0,524.6,435.0,524.6,20.6,460.0,855.0,300.0
MEPDL,8/18/2026,540.3,603.2,540.3,603.2,11.64,970.0,855.0,300.0
MEPDL,8/19/2026,633.0,693.6,633.0,693.6,9.57,2880.0,855.0,300.0
MEPDL,8/20/2026,728.2,797.6,728.2,797.6,9.53,28980.0,855.0,300.0
MEPDL,8/21/2026,837.4,855.0,752.0,774.0,-7.57,130560.0,855.0,300.0
MEPDL,8/24/2026,774.0,774.0,704.1,713.9,-7.76,76385.0,855.0,300.0
MEPDL,8/25/2026,700.1,731.0,681.5,699.0,-0.16,42665.0,855.0,300.0
MEPDL,8/26/2026,700.0,700.0,661.2,666.0,-4.86,34433.0,855.0,300.0
MEPDL,8/27/2026,661.2,681.5,645.1,675.0,2.09,28463.0,855.0,300.0
MEPDL,8/31/2026,675.0,675.0,620.1,630.0,-6.67,34393.0,855.0,300.0
MEPDL,9/1/2026,616.0,637.9,601.1,611.9,-0.67,32574.0,855.0,300.0
MEPDL,9/2/2026,581.4,630.0,581.4,620.0,6.64,18518.0,855.0,300.0
MEPDL,9/3/2026,618.4,660.0,611.1,660.0,6.73,24744.0,855.0,300.0
MEPDL,9/7/2026,660.0,663.0,643.4,644.0,-2.42,18706.0,855.0,300.0
MEPDL,9/9/2026,644.0,650.0,625.0,628.0,-2.48,13916.0,855.0,300.0
MEPDL,9/10/2026,625.0,626.0,610.0,616.0,-1.44,22938.0,855.0,300.0
MEPDL,9/11/2026,605.2,639.0,605.2,637.0,5.25,21033.0,855.0,300.0
MEPDL,9/14/2026,637.0,649.0,625.0,643.5,1.02,15111.0,855.0,300.0
MEPDL,9/15/2026,675.0,675.0,645.0,673.5,-0.22,45155.0,855.0,300.0
MEPDL,9/16/2026,675.0,705.0,666.0,703.0,4.15,68537.0,855.0,300.0
MEPDL,9/17/2026,680.0,715.0,680.0,693.8,2.03,44171.0,855.0,300.0
MEPDL,9/18/2026,690.0,699.9,678.1,693.9,0.57,26753.0,855.0,300.0
MEPDL,9/22/2026,695.0,706.0,685.0,685.4,-1.38,32090.0,855.0,300.0
MEPDL,9/23/2026,684.0,684.0,646.2,646.2,-5.53,32715.0,855.0,300.0
MEPDL,9/24/2026,620.1,657.0,620.1,654.0,5.47,18026.0,855.0,300.0
MEPDL,9/28/2026,646.0,658.0,631.2,641.0,-0.77,13229.0,855.0,300.0
MEPDL,9/29/2026,641.0,642.0,631.0,0.0,-100.0,16609.0,855.0,300.0
MEPDL,9/30/2026,625.3,639.0,625.3,630.0,0.75,11566.0,855.0,300.0
MEPDL,10/1/2026,625.0,632.0,622.3,627.0,0.32,12580.0,855.0,300.0
MEPDL,10/2/2026,625.0,645.0,621.0,632.0,1.12,12827.0,855.0,300.0
MERO,12/21/2025,729.0,750.0,729.0,730.0,,15161.0,860.0,584.9
MERO,12/22/2025,730.0,757.8,730.0,743.5,1.85,37146.0,860.0,584.9
MERO,12/23/2025,731.1,744.0,731.1,740.0,-0.47,6206.0,860.0,584.9
MERO,12/24/2025,731.0,735.0,730.0,730.4,-1.3,2951.0,860.0,584.9
MERO,12/28/2025,730.0,745.0,730.0,740.0,1.31,5180.0,860.0,584.9
MERO,12/29/2025,754.8,754.8,732.1,737.0,-0.41,8268.0,860.0,584.9
MERO,12/31/2025,744.9,750.0,730.0,750.0,1.76,9838.0,860.0,584.9
MERO,1/1/2026,760.0,760.0,735.0,745.6,-0.59,9292.0,860.0,584.9
MERO,1/4/2026,726.0,726.0,706.0,711.0,-4.64,8548.0,860.0,584.9
MERO,1/5/2026,718.8,718.8,707.0,714.8,0.53,3224.0,860.0,584.9
MERO,1/6/2026,707.1,720.0,706.0,712.1,-0.38,12982.0,860.0,584.9
MERO,1/7/2026,701.2,734.5,701.2,730.1,2.53,12908.0,860.0,584.9
MERO,1/8/2026,727.0,740.0,727.0,740.0,1.36,5440.0,860.0,584.9
MERO,1/12/2026,735.1,748.7,726.0,728.0,-1.62,8370.0,860.0,584.9
MERO,1/13/2026,736.0,742.0,721.0,742.0,1.92,7790.0,860.0,584.9
MERO,1/14/2026,750.0,750.0,728.0,731.0,-1.48,5759.0,860.0,584.9
MERO,1/18/2026,742.0,756.0,733.0,750.0,2.6,12034.0,860.0,584.9
MERO,1/20/2026,761.0,775.0,753.7,770.0,2.67,21676.0,860.0,584.9
MERO,1/21/2026,756.0,764.8,755.2,761.0,-1.17,4787.0,860.0,584.9
MERO,1/22/2026,752.0,804.0,752.0,775.0,1.84,14711.0,860.0,584.9
MERO,1/25/2026,786.0,805.0,764.0,805.0,3.87,24669.0,860.0,584.9
MERO,1/26/2026,821.1,821.1,780.0,795.0,-1.24,11820.0,860.0,584.9
MERO,1/27/2026,781.0,795.0,759.7,774.8,-2.54,15099.0,860.0,584.9
MERO,1/28/2026,759.4,768.0,745.0,767.0,-1.01,8391.0,860.0,584.9
MERO,1/29/2026,781.9,781.9,745.0,750.3,-2.18,16878.0,860.0,584.9
MERO,2/1/2026,760.0,760.0,740.0,741.1,-1.23,10250.0,860.0,584.9
MERO,2/2/2026,750.0,755.8,741.5,743.0,0.26,5861.0,860.0,584.9
MERO,2/3/2026,757.0,757.0,740.0,741.0,-0.27,8282.0,860.0,584.9
MERO,2/4/2026,726.2,768.9,726.2,737.7,-0.45,4679.0,860.0,584.9
MERO,2/5/2026,752.0,752.0,740.0,749.9,1.65,8382.0,860.0,584.9
MERO,2/8/2026,741.4,764.8,738.0,738.0,-1.59,15341.0,860.0,584.9
MERO,2/9/2026,738.0,748.0,735.0,737.0,-0.14,8335.0,860.0,584.9
MERO,2/10/2026,751.0,751.0,730.0,737.4,0.05,7538.0,860.0,584.9
MERO,2/11/2026,740.0,740.0,728.0,738.0,0.08,6438.0,860.0,584.9
MERO,2/12/2026,752.7,752.7,724.0,727.0,-1.49,8894.0,860.0,584.9
MERO,2/16/2026,720.0,745.0,714.5,725.0,-0.28,9648.0,860.0,584.9
MERO,2/17/2026,721.0,728.0,700.7,716.0,-1.24,19245.0,860.0,584.9
MERO,2/22/2026,730.0,730.0,707.0,711.0,-0.7,4129.0,860.0,584.9
MERO,2/23/2026,724.0,724.0,709.6,714.0,0.42,3596.0,860.0,584.9
MERO,2/24/2026,727.0,727.0,713.0,715.0,0.14,2054.0,860.0,584.9
MERO,2/25/2026,725.0,725.0,713.0,719.0,0.56,1659.0,860.0,584.9
MERO,2/26/2026,711.1,720.0,711.0,716.0,-0.42,7019.0,860.0,584.9
MERO,2/27/2026,711.1,720.0,711.0,716.0,0.0,7019.0,860.0,584.9
MERO,2/28/2026,711.1,720.0,711.0,716.0,0.0,7019.0,860.0,584.9
MERO,3/2/2026,716.1,724.5,716.0,716.1,0.01,8540.0,860.0,584.9
MERO,3/3/2026,730.0,740.0,728.1,735.0,2.64,3685.0,860.0,584.9
MERO,3/4/2026,730.0,740.0,728.1,735.0,0.0,3685.0,860.0,584.9
MERO,3/5/2026,730.0,740.0,728.1,735.0,0.0,3685.0,860.0,584.9
MERO,3/6/2026,730.0,740.0,728.1,735.0,0.0,3685.0,860.0,584.9
MERO,3/7/2026,730.0,740.0,728.1,735.0,0.0,3685.0,860.0,584.9
MERO,3/8/2026,730.0,740.0,728.1,735.0,0.0,3685.0,860.0,584.9
MERO,3/9/2026,749.7,764.6,749.7,764.6,4.03,70.0,860.0,584.9
MERO,3/10/2026,779.8,779.8,744.4,762.0,-0.34,27012.0,860.0,584.9
MERO,3/11/2026,765.0,765.0,745.0,746.0,-2.1,15316.0,860.0,584.9
MERO,3/12/2026,748.0,752.0,740.0,741.0,-0.67,15507.0,860.0,584.9
MERO,3/13/2026,748.0,752.0,740.0,741.0,0.0,15507.0,860.0,584.9
MERO,3/14/2026,748.0,752.0,740.0,741.0,0.0,15507.0,860.0,584.9
MERO,3/15/2026,755.0,755.0,739.0,739.0,-0.27,27206.0,860.0,584.9
MERO,3/16/2026,753.0,753.0,731.0,735.0,-0.54,10534.0,860.0,584.9
MERO,3/17/2026,736.0,736.9,729.1,730.1,-0.67,13606.0,860.0,584.9
MERO,3/18/2026,736.0,736.9,729.1,730.1,0.0,13606.0,860.0,584.9
MERO,3/19/2026,733.0,769.0,727.0,745.0,2.04,42165.0,860.0,584.9
MERO,3/20/2026,733.0,769.0,727.0,745.0,0.0,42165.0,860.0,584.9
MERO,3/21/2026,733.0,769.0,727.0,745.0,0.0,42165.0,860.0,584.9
MERO,3/22/2026,759.9,802.0,756.0,795.0,6.71,62352.0,860.0,584.9
MERO,3/23/2026,810.9,860.0,785.0,860.0,8.18,57292.0,860.0,584.9
MERO,3/24/2026,843.0,843.0,801.0,821.0,-4.53,30135.0,860.0,584.9
MERO,3/25/2026,815.0,815.0,785.0,790.1,-3.76,22893.0,860.0,584.9
MERO,3/26/2026,786.0,799.0,775.0,798.0,1.53,9135.0,860.0,584.9
MERO,3/29/2026,813.0,813.0,770.0,770.0,-5.29,17241.0,860.0,584.9
MERO,3/30/2026,785.0,785.0,745.0,758.2,-3.41,19700.0,860.0,584.9
MERO,3/31/2026,755.0,767.9,745.4,765.0,1.32,13088.0,860.0,584.9
MERO,4/1/2026,752.7,754.1,725.0,749.0,-0.49,31223.0,860.0,584.9
MERO,4/2/2026,763.0,763.0,733.0,735.0,-3.67,9741.0,860.0,584.9
MERO,4/5/2026,730.0,735.0,706.1,716.9,-1.79,19657.0,860.0,584.9
MERO,4/6/2026,731.2,774.1,700.0,743.0,1.61,21815.0,860.0,584.9
MERO,4/7/2026,757.8,757.8,732.1,739.8,-2.38,3868.0,860.0,584.9
MERO,4/8/2026,750.0,754.0,736.2,747.0,-0.4,6219.0,860.0,584.9
MERO,4/9/2026,761.4,761.4,740.0,756.0,-0.71,10926.0,860.0,584.9
MERO,4/10/2026,769.8,769.8,740.1,750.0,-2.57,4921.0,860.0,584.9
MERO,4/13/2026,750.0,755.8,741.0,747.0,-0.4,4167.0,860.0,584.9
MERO,4/15/2026,761.9,761.9,741.4,742.0,-2.61,9620.0,860.0,584.9
MERO,4/16/2026,731.0,743.0,730.3,735.0,0.55,6476.0,860.0,584.9
MERO,4/17/2026,728.0,742.0,728.0,739.0,1.51,1758.0,860.0,584.9
MERO,4/20/2026,702.1,766.9,702.1,731.0,4.12,1692.0,860.0,584.9
MERO,4/21/2026,731.0,745.0,725.5,726.0,-0.68,3914.0,860.0,584.9
MERO,4/22/2026,720.0,740.0,718.5,735.0,2.08,4208.0,860.0,584.9
MERO,4/23/2026,740.0,740.0,720.5,731.1,-1.2,2456.0,860.0,584.9
MERO,4/24/2026,731.1,730.0,720.0,726.0,-0.7,1671.0,860.0,584.9
MERO,4/27/2026,726.0,740.0,722.1,728.0,0.28,3323.0,860.0,584.9
MERO,4/28/2026,728.0,740.0,719.0,724.9,-0.43,6001.0,860.0,584.9
MERO,4/29/2026,761.1,761.1,710.0,715.0,-6.06,5554.0,860.0,584.9
MERO,4/30/2026,711.2,723.0,705.0,718.8,1.07,5626.0,860.0,584.9
MERO,5/4/2026,707.1,715.0,705.1,707.0,-0.01,3560.0,860.0,584.9
MERO,5/5/2026,700.1,714.0,700.1,713.0,1.84,2462.0,860.0,584.9
MERO,5/6/2026,713.0,713.0,709.0,709.0,-0.56,1564.0,860.0,584.9
MERO,5/7/2026,730.0,730.0,708.1,714.9,-2.07,2336.0,860.0,584.9
MERO,5/8/2026,709.0,725.0,709.0,725.0,2.26,1727.0,860.0,584.9
MERO,5/11/2026,725.0,740.0,725.0,735.0,1.38,5475.0,860.0,584.9
MERO,5/12/2026,730.0,735.0,715.1,717.1,-1.77,4144.0,860.0,584.9
MERO,5/13/2026,710.0,727.0,710.0,715.0,0.7,1943.0,860.0,584.9
MERO,5/14/2026,714.0,720.0,713.0,715.1,0.15,2110.0,860.0,584.9
MERO,5/15/2026,717.0,717.0,709.0,710.0,-0.98,3652.0,860.0,584.9
MERO,5/18/2026,730.0,730.0,703.0,705.6,-3.34,4737.0,860.0,584.9
MERO,5/19/2026,707.0,711.8,707.0,711.8,0.68,1767.0,860.0,584.9
MERO,5/20/2026,729.9,729.9,707.7,720.0,-1.36,3352.0,860.0,584.9
MERO,5/21/2026,756.0,756.0,711.5,712.0,-5.82,3225.0,860.0,584.9
MERO,5/22/2026,712.0,721.7,712.0,718.0,0.84,4227.0,860.0,584.9
MERO,5/25/2026,732.9,733.0,720.0,725.0,-1.08,4980.0,860.0,584.9
MERO,5/26/2026,723.0,732.9,715.0,717.0,-0.83,3550.0,860.0,584.9
MERO,5/27/2026,717.0,729.0,716.0,729.0,1.67,4120.0,860.0,584.9
MERO,6/1/2026,729.0,729.0,712.0,719.0,-1.37,1845.0,860.0,584.9
MERO,6/2/2026,715.0,734.0,715.0,731.8,2.35,5928.0,860.0,584.9
MERO,6/3/2026,730.0,738.7,730.0,735.0,0.68,5090.0,860.0,584.9
MERO,6/4/2026,771.7,771.7,730.0,734.0,-4.89,5462.0,860.0,584.9
MERO,6/5/2026,734.0,744.9,720.0,730.7,-0.45,4901.0,860.0,584.9
MERO,6/8/2026,720.0,725.0,717.2,719.2,-0.11,4278.0,860.0,584.9
MERO,6/9/2026,718.0,731.0,712.0,723.5,0.77,2901.0,860.0,584.9
MERO,6/10/2026,724.0,724.0,716.1,720.0,-0.55,4405.0,860.0,584.9
MERO,6/11/2026,707.0,722.0,707.0,722.0,2.12,1795.0,860.0,584.9
MERO,6/12/2026,716.0,722.0,715.0,722.0,0.84,2336.0,860.0,584.9
MERO,6/15/2026,740.0,740.0,710.1,714.0,-3.51,2723.0,860.0,584.9
MERO,6/16/2026,711.3,720.0,711.2,720.0,1.22,4546.0,860.0,584.9
MERO,6/17/2026,713.1,719.9,713.0,719.9,0.95,2512.0,860.0,584.9
MERO,6/18/2026,719.9,720.0,713.0,713.0,-0.96,2729.0,860.0,584.9
MERO,6/19/2026,710.0,720.0,707.1,719.9,1.39,2890.0,860.0,584.9
MERO,6/22/2026,710.0,725.0,710.0,724.0,1.97,2121.0,860.0,584.9
MERO,6/23/2026,711.5,719.0,706.2,716.0,0.63,2473.0,860.0,584.9
MERO,6/24/2026,707.5,715.0,701.5,710.0,0.35,6968.0,860.0,584.9
MERO,6/26/2026,702.5,710.9,702.0,710.9,1.2,3438.0,860.0,584.9
MERO,6/29/2026,710.0,710.0,699.0,707.1,-0.41,3115.0,860.0,584.9
MERO,6/30/2026,695.1,700.0,690.2,699.6,0.65,1409.0,860.0,584.9
MERO,7/1/2026,708.2,709.0,696.5,709.0,0.11,2905.0,860.0,584.9
MERO,7/2/2026,709.1,709.1,697.0,707.8,-0.18,2306.0,860.0,584.9
MERO,7/3/2026,702.1,709.0,691.3,705.0,0.41,5810.0,860.0,584.9
MERO,7/6/2026,705.0,705.0,689.0,690.1,-2.11,5348.0,860.0,584.9
MERO,7/7/2026,699.9,700.0,680.0,690.0,-1.41,7813.0,860.0,584.9
MERO,7/8/2026,676.0,695.0,675.0,695.0,2.81,1574.0,860.0,584.9
MERO,7/9/2026,710.0,710.0,671.0,690.0,-2.82,12563.0,860.0,584.9
MERO,7/10/2026,690.0,694.9,671.0,683.0,-1.01,7572.0,860.0,584.9
MERO,7/13/2026,680.0,680.0,660.0,673.0,-1.03,6275.0,860.0,584.9
MERO,7/14/2026,665.0,679.0,655.0,667.2,0.33,2053.0,860.0,584.9
MERO,7/15/2026,684.9,707.0,663.0,663.0,-3.2,6576.0,860.0,584.9
MERO,7/16/2026,663.0,681.8,660.0,670.0,1.06,5384.0,860.0,584.9
MERO,7/17/2026,690.1,714.0,668.1,714.0,3.46,18615.0,860.0,584.9
MERO,7/20/2026,749.7,749.7,703.0,712.0,-5.03,5599.0,860.0,584.9
MERO,7/21/2026,730.0,730.0,700.0,703.9,-3.58,8476.0,860.0,584.9
MERO,7/22/2026,739.0,739.0,702.0,708.0,-4.19,7631.0,860.0,584.9
MERO,7/23/2026,725.0,725.0,695.0,703.8,-2.92,3326.0,860.0,584.9
MERO,7/24/2026,738.9,738.9,694.0,694.0,-6.08,25005.0,860.0,584.9
MERO,7/27/2026,700.0,700.0,680.0,681.0,-2.71,6806.0,860.0,584.9
MERO,7/28/2026,686.0,690.0,685.6,687.7,0.25,3344.0,860.0,584.9
MERO,7/29/2026,722.0,722.0,678.0,679.0,-5.96,2158.0,860.0,584.9
MERO,7/30/2026,671.0,680.0,670.0,677.0,0.89,3566.0,860.0,584.9
MERO,7/31/2026,670.0,680.0,665.0,671.2,0.18,4523.0,860.0,584.9
MERO,8/3/2026,676.0,680.8,670.1,672.1,-0.58,3192.0,860.0,584.9
MERO,8/4/2026,660.6,675.0,660.6,665.2,0.7,1709.0,860.0,584.9
MERO,8/5/2026,656.1,674.9,655.0,665.3,1.4,2701.0,860.0,584.9
MERO,8/6/2026,665.3,675.0,662.0,666.0,0.11,596.0,860.0,584.9
MERO,8/7/2026,675.0,675.0,661.2,661.2,-2.04,2700.0,860.0,584.9
MERO,8/10/2026,661.2,672.0,656.0,672.0,1.63,3939.0,860.0,584.9
MERO,8/11/2026,664.0,674.0,662.0,663.0,-0.15,2950.0,860.0,584.9
MERO,8/12/2026,663.0,666.0,660.0,663.1,0.02,1814.0,860.0,584.9
MERO,8/13/2026,660.2,664.0,659.0,662.0,0.27,2521.0,860.0,584.9
MERO,8/14/2026,665.0,665.0,661.2,665.0,0.0,302.0,860.0,584.9
MERO,8/17/2026,660.0,665.0,655.0,655.1,-0.74,5752.0,860.0,584.9
MERO,8/18/2026,660.0,660.0,643.0,657.0,-0.45,6174.0,860.0,584.9
MERO,8/19/2026,645.2,652.0,645.2,646.0,0.12,2309.0,860.0,584.9
MERO,8/20/2026,648.0,648.0,640.0,641.5,-1.0,4620.0,860.0,584.9
MERO,8/21/2026,640.0,642.0,636.0,636.0,-0.62,5609.0,860.0,584.9
MERO,8/24/2026,638.0,641.0,627.0,630.0,-1.25,4901.0,860.0,584.9
MERO,8/25/2026,630.0,631.0,625.0,625.0,-0.79,2060.0,860.0,584.9
MERO,8/26/2026,620.2,625.0,597.0,605.6,-2.35,8918.0,860.0,584.9
MERO,8/27/2026,601.0,622.0,600.0,616.9,2.65,2755.0,860.0,584.9
MERO,8/31/2026,600.3,602.8,600.0,601.0,0.12,1662.0,860.0,584.9
MERO,9/1/2026,590.0,609.0,590.0,602.9,2.19,2715.0,860.0,584.9
MERO,9/2/2026,584.9,620.0,584.9,609.8,4.26,582.0,860.0,584.9
MERO,9/3/2026,609.8,609.8,600.0,606.0,-0.62,1110.0,860.0,584.9
MERO,9/7/2026,595.0,612.0,592.0,600.0,0.84,8304.0,860.0,584.9
MERO,9/9/2026,612.0,618.0,592.0,599.0,-2.12,3914.0,860.0,584.9
MERO,9/10/2026,587.2,598.9,587.2,590.2,0.51,1504.0,860.0,584.9
MERO,9/11/2026,594.0,618.0,590.0,618.0,4.04,2970.0,860.0,584.9
MERO,9/14/2026,600.1,615.0,600.1,613.0,2.15,12419.0,860.0,584.9
MERO,9/15/2026,643.0,643.0,608.0,616.8,-4.07,24191.0,860.0,584.9
MERO,9/16/2026,620.0,623.9,608.0,609.0,-1.77,5547.0,860.0,584.9
MERO,9/17/2026,590.0,620.0,590.0,611.0,3.56,3138.0,860.0,584.9
MERO,9/18/2026,611.0,614.0,611.0,612.0,0.16,906.0,860.0,584.9
MERO,9/22/2026,605.7,618.0,601.0,612.0,1.04,12849.0,860.0,584.9
MERO,9/23/2026,613.0,614.9,600.0,604.0,-1.47,4517.0,860.0,584.9
MERO,9/24/2026,600.0,609.9,600.0,607.0,1.17,1641.0,860.0,584.9
MERO,9/28/2026,601.1,610.0,600.0,601.0,-0.02,1158.0,860.0,584.9
MERO,9/29/2026,601.0,601.0,595.0,0.0,-100.0,796.0,860.0,584.9
MERO,9/30/2026,599.0,607.4,590.0,599.9,0.15,5597.0,860.0,584.9
MERO,10/1/2026,600.0,608.0,591.0,591.0,-1.5,4989.0,860.0,584.9
MERO,10/2/2026,602.0,602.0,585.3,590.0,-1.99,3454.0,860.0,584.9
MFIL,9/16/2013,110.0,108.0,108.0,108.0,,250.0,938.0,545.0
MFIL,9/17/2013,108.0,110.0,106.0,110.0,1.85,22130.0,938.0,545.0
MFIL,9/24/2013,110.0,112.0,112.0,112.0,1.82,10631.0,938.0,545.0
MFIL,12/8/2013,112.0,118.0,114.0,118.0,5.36,372.0,938.0,545.0
MFIL,12/9/2013,118.0,122.0,120.0,122.0,3.39,22476.0,938.0,545.0
MFIL,12/10/2013,122.0,126.0,124.0,126.0,3.28,240.0,938.0,545.0
MFIL,12/11/2013,126.0,128.0,128.0,128.0,1.59,123.0,938.0,545.0
MFIL,5/6/2014,128.0,126.0,126.0,126.0,-1.56,89538.0,938.0,545.0
MFIL,5/8/2014,126.0,128.0,128.0,128.0,1.59,56.0,938.0,545.0
MFIL,5/11/2014,128.0,132.0,130.0,132.0,3.12,6604.0,938.0,545.0
MFIL,5/13/2014,132.0,130.0,128.0,128.0,-3.03,12138.0,938.0,545.0
MFIL,5/18/2014,128.0,134.0,130.0,134.0,4.69,12939.0,938.0,545.0
MFIL,5/19/2014,134.0,132.0,128.0,128.0,-4.48,50208.0,938.0,545.0
MFIL,6/1/2014,128.0,130.0,130.0,130.0,1.56,56.0,938.0,545.0
MFIL,6/3/2014,130.0,130.0,130.0,130.0,0.0,450.0,938.0,545.0
MFIL,6/18/2014,130.0,128.0,128.0,128.0,-1.54,225.0,938.0,545.0
MFIL,6/30/2014,128.0,128.0,128.0,128.0,0.0,2250.0,938.0,545.0
MFIL,7/7/2014,128.0,130.0,130.0,130.0,1.56,78.0,938.0,545.0
MFIL,7/8/2014,130.0,134.0,132.0,134.0,3.08,358.0,938.0,545.0
MFIL,7/22/2014,134.0,132.0,132.0,132.0,-1.49,11238.0,938.0,545.0
MFIL,8/12/2014,132.0,134.0,134.0,134.0,1.52,56.0,938.0,545.0
MFIL,8/18/2014,134.0,135.0,135.0,135.0,0.75,15.0,938.0,545.0
MFIL,8/24/2014,135.0,135.0,135.0,135.0,0.0,112.0,938.0,545.0
MFIL,8/25/2014,135.0,140.0,137.0,140.0,3.7,224.0,938.0,545.0
MFIL,9/4/2014,140.0,140.0,140.0,140.0,0.0,5624.0,938.0,545.0
MFIL,10/9/2014,140.0,138.0,138.0,138.0,-1.43,3864.0,938.0,545.0
MFIL,10/12/2014,138.0,140.0,140.0,140.0,1.45,306.0,938.0,545.0
MFIL,10/14/2014,140.0,142.0,140.0,142.0,1.43,4500.0,938.0,545.0
MFIL,10/15/2014,142.0,140.0,140.0,140.0,-1.41,310.0,938.0,545.0
MFIL,11/25/2014,140.0,138.0,138.0,138.0,-1.43,100.0,938.0,545.0
MFIL,12/8/2014,138.0,150.0,140.0,150.0,8.7,27306.0,938.0,545.0
MFIL,12/10/2014,150.0,150.0,150.0,150.0,0.0,100.0,938.0,545.0
MFIL,12/16/2014,150.0,150.0,150.0,150.0,0.0,224.0,938.0,545.0
MFIL,12/18/2014,150.0,153.0,153.0,153.0,2.0,56.0,938.0,545.0
MFIL,12/22/2014,153.0,150.0,150.0,150.0,-1.96,270.0,938.0,545.0
MFIL,1/14/2015,150.0,156.0,153.0,156.0,4.0,76.0,938.0,545.0
MFIL,2/16/2015,156.0,153.0,153.0,153.0,-1.92,56.0,938.0,545.0
MFIL,2/18/2015,153.0,156.0,156.0,156.0,1.96,50.0,938.0,545.0
MFIL,2/26/2015,156.0,153.0,153.0,153.0,-1.92,67.0,938.0,545.0
MFIL,3/10/2015,153.0,150.0,150.0,150.0,-1.96,78.0,938.0,545.0
MFIL,3/12/2015,150.0,153.0,153.0,153.0,2.0,78.0,938.0,545.0
MFIL,3/15/2015,153.0,162.0,156.0,162.0,5.88,212.0,938.0,545.0
MFIL,3/18/2015,162.0,174.0,165.0,174.0,7.41,672.0,938.0,545.0
MFIL,3/19/2015,174.0,191.0,177.0,191.0,9.77,537.0,938.0,545.0
MFIL,3/22/2015,191.0,191.0,191.0,191.0,0.0,112.0,938.0,545.0
MFIL,3/26/2015,191.0,188.0,188.0,188.0,-1.57,358.0,938.0,545.0
MFIL,6/8/2015,188.0,191.0,191.0,191.0,1.6,100.0,938.0,545.0
MFIL,6/9/2015,191.0,191.0,191.0,191.0,0.0,112.0,938.0,545.0
MFIL,6/10/2015,191.0,190.0,190.0,190.0,-0.52,112.0,938.0,545.0
MFIL,6/21/2015,190.0,187.0,187.0,187.0,-1.58,78.0,938.0,545.0
MFIL,6/28/2015,187.0,184.0,184.0,184.0,-1.6,112.0,938.0,545.0
MFIL,8/2/2015,184.0,181.0,181.0,181.0,-1.63,1687.0,938.0,545.0
MFIL,8/4/2015,181.0,190.0,184.0,190.0,4.97,179.0,938.0,545.0
MFIL,8/6/2015,190.0,193.0,193.0,193.0,1.58,123.0,938.0,545.0
MFIL,8/9/2015,193.0,192.0,192.0,192.0,-0.52,56.0,938.0,545.0
MFIL,8/10/2015,192.0,193.0,193.0,193.0,0.52,100.0,938.0,545.0
MFIL,8/16/2015,193.0,196.0,196.0,196.0,1.55,10.0,938.0,545.0
MFIL,8/23/2015,196.0,206.0,199.0,202.0,3.06,3025.0,938.0,545.0
MFIL,8/24/2015,202.0,209.0,198.0,209.0,3.47,883.0,938.0,545.0
MFIL,8/25/2015,209.0,221.0,213.0,215.0,2.87,1550.0,938.0,545.0
MFIL,8/26/2015,215.0,230.0,217.0,230.0,6.98,2200.0,938.0,545.0
MFIL,8/27/2015,230.0,234.0,234.0,234.0,1.74,1012.0,938.0,545.0
MFIL,8/31/2015,234.0,230.0,226.0,226.0,-3.42,3543.0,938.0,545.0
MFIL,9/3/2015,226.0,223.0,219.0,219.0,-3.1,5000.0,938.0,545.0
MFIL,9/13/2015,219.0,215.0,215.0,215.0,-1.83,112.0,938.0,545.0
MFIL,9/15/2015,215.0,211.0,211.0,211.0,-1.86,4200.0,938.0,545.0
MFIL,10/11/2015,211.0,207.0,207.0,207.0,-1.9,112.0,938.0,545.0
MFIL,11/22/2015,207.0,215.0,211.0,215.0,3.86,25.0,938.0,545.0
MFIL,11/24/2015,215.0,223.0,219.0,223.0,3.72,118.0,938.0,545.0
MFIL,12/28/2015,223.0,219.0,201.0,202.0,-9.42,24722.0,938.0,545.0
MFIL,12/29/2015,202.0,200.0,190.0,190.0,-5.94,18599.0,938.0,545.0
MFIL,12/31/2015,190.0,196.0,190.0,193.0,1.58,9820.0,938.0,545.0
MFIL,1/5/2016,173.0,185.0,176.0,185.0,-4.15,40.0,938.0,545.0
MFIL,1/6/2016,185.0,197.0,188.0,197.0,6.49,40.0,938.0,545.0
MFIL,1/7/2016,197.0,212.0,200.0,212.0,7.61,40.0,938.0,545.0
MFIL,2/3/2016,212.0,233.0,216.0,233.0,9.91,1600.0,938.0,545.0
MFIL,2/4/2016,233.0,253.0,237.0,253.0,8.58,1000.0,938.0,545.0
MFIL,2/7/2016,253.0,257.0,257.0,257.0,1.58,200.0,938.0,545.0
MFIL,2/16/2016,257.0,262.0,262.0,262.0,1.95,100.0,938.0,545.0
MFIL,2/24/2016,262.0,262.0,262.0,262.0,0.0,110.0,938.0,545.0
MFIL,2/29/2016,262.0,257.0,252.0,252.0,-3.82,6125.0,938.0,545.0
MFIL,3/17/2016,252.0,260.0,257.0,260.0,3.17,1168.0,938.0,545.0
MFIL,3/21/2016,260.0,255.0,250.0,250.0,-3.85,200.0,938.0,545.0
MFIL,3/27/2016,250.0,245.0,237.0,237.0,-5.2,703.0,938.0,545.0
MFIL,4/6/2016,237.0,233.0,229.0,229.0,-3.38,2000.0,938.0,545.0
MFIL,4/18/2016,229.0,233.0,233.0,233.0,1.75,56.0,938.0,545.0
MFIL,4/19/2016,233.0,230.0,230.0,230.0,-1.29,130.0,938.0,545.0
MFIL,4/20/2016,230.0,246.0,234.0,240.0,4.35,1200.0,938.0,545.0
MFIL,4/21/2016,240.0,253.0,244.0,253.0,5.42,13185.0,938.0,545.0
MFIL,4/24/2016,253.0,278.0,258.0,278.0,9.88,12970.0,938.0,545.0
MFIL,4/25/2016,278.0,305.0,275.0,305.0,9.71,181785.0,938.0,545.0
MFIL,4/26/2016,305.0,335.0,311.0,335.0,9.84,167978.0,938.0,545.0
MFIL,4/27/2016,335.0,368.0,339.0,342.0,2.09,36070.0,938.0,545.0
MFIL,4/28/2016,342.0,359.0,319.0,319.0,-6.73,37822.0,938.0,545.0
MFIL,5/2/2016,319.0,350.0,314.0,320.0,0.31,33410.0,938.0,545.0
MFIL,5/3/2016,320.0,325.0,306.0,310.0,-3.12,8979.0,938.0,545.0
MFIL,5/4/2016,310.0,309.0,303.0,305.0,-1.61,3796.0,938.0,545.0
MFIL,5/5/2016,305.0,301.0,297.0,299.0,-1.97,1423.0,938.0,545.0
MFIL,5/8/2016,299.0,300.0,294.0,299.0,0.0,5200.0,938.0,545.0
MFIL,5/9/2016,299.0,301.0,295.0,300.0,0.33,2536.0,938.0,545.0
MFIL,5/10/2016,300.0,301.0,294.0,301.0,0.33,5017.0,938.0,545.0
MFIL,5/11/2016,301.0,300.0,290.0,295.0,-1.99,564.0,938.0,545.0
MFIL,5/12/2016,295.0,295.0,290.0,295.0,0.0,21760.0,938.0,545.0
MFIL,5/15/2016,295.0,291.0,285.0,290.0,-1.69,4375.0,938.0,545.0
MFIL,5/16/2016,290.0,290.0,290.0,290.0,0.0,500.0,938.0,545.0
MFIL,5/17/2016,290.0,304.0,294.0,300.0,3.45,3256.0,938.0,545.0
MFIL,5/18/2016,300.0,300.0,300.0,300.0,0.0,1100.0,938.0,545.0
MFIL,5/19/2016,300.0,298.0,290.0,298.0,-0.67,12996.0,938.0,545.0
MFIL,5/22/2016,298.0,312.0,300.0,300.0,0.67,11544.0,938.0,545.0
MFIL,5/23/2016,300.0,316.0,300.0,311.0,3.67,23359.0,938.0,545.0
MFIL,5/24/2016,311.0,320.0,309.0,320.0,2.89,27824.0,938.0,545.0
MFIL,5/25/2016,320.0,326.0,313.0,315.0,-1.56,8997.0,938.0,545.0
MFIL,5/26/2016,315.0,316.0,309.0,310.0,-1.59,7581.0,938.0,545.0
MFIL,5/29/2016,310.0,310.0,304.0,310.0,0.0,3400.0,938.0,545.0
MFIL,5/30/2016,310.0,312.0,300.0,300.0,-3.23,6000.0,938.0,545.0
MFIL,5/31/2016,300.0,328.0,305.0,322.0,7.33,11302.0,938.0,545.0
MFIL,6/1/2016,322.0,328.0,314.0,314.0,-2.48,6152.0,938.0,545.0
MFIL,6/2/2016,314.0,320.0,320.0,320.0,1.91,100.0,938.0,545.0
MFIL,6/5/2016,320.0,320.0,320.0,320.0,0.0,100.0,938.0,545.0
MFIL,6/6/2016,320.0,320.0,310.0,312.0,-2.5,1900.0,938.0,545.0
MFIL,6/7/2016,312.0,318.0,305.0,310.0,-0.64,2704.0,938.0,545.0
MFIL,6/8/2016,310.0,322.0,315.0,319.0,2.9,10336.0,938.0,545.0
MFIL,6/9/2016,319.0,328.0,315.0,315.0,-1.25,16880.0,938.0,545.0
MFIL,6/12/2016,315.0,338.0,321.0,335.0,6.35,45256.0,938.0,545.0
MFIL,6/13/2016,335.0,350.0,335.0,345.0,2.99,50686.0,938.0,545.0
MFIL,6/14/2016,345.0,360.0,347.0,352.0,2.03,54442.0,938.0,545.0
MFIL,6/15/2016,352.0,365.0,359.0,364.0,3.41,24593.0,938.0,545.0
MFIL,6/16/2016,364.0,370.0,355.0,356.0,-2.2,19432.0,938.0,545.0
MFIL,6/19/2016,356.0,362.0,347.0,362.0,1.69,13448.0,938.0,545.0
MFIL,6/20/2016,362.0,363.0,352.0,359.0,-0.83,8614.0,938.0,545.0
MFIL,6/21/2016,359.0,360.0,345.0,350.0,-2.51,10743.0,938.0,545.0
MFIL,6/22/2016,350.0,360.0,355.0,355.0,1.43,2871.0,938.0,545.0
MFIL,6/23/2016,355.0,355.0,345.0,345.0,-2.82,7500.0,938.0,545.0
MFIL,6/26/2016,345.0,351.0,342.0,348.0,0.87,5650.0,938.0,545.0
MFIL,6/27/2016,348.0,355.0,348.0,355.0,2.01,6280.0,938.0,545.0
MFIL,6/28/2016,355.0,360.0,348.0,348.0,-1.97,8918.0,938.0,545.0
MFIL,6/29/2016,348.0,357.0,349.0,355.0,2.01,9824.0,938.0,545.0
MFIL,6/30/2016,355.0,360.0,343.0,351.0,-1.13,7550.0,938.0,545.0
MFIL,7/3/2016,351.0,358.0,346.0,355.0,1.14,13217.0,938.0,545.0
MFIL,7/4/2016,355.0,357.0,350.0,352.0,-0.85,3100.0,938.0,545.0
MFIL,7/5/2016,352.0,359.0,345.0,354.0,0.57,5390.0,938.0,545.0
MFIL,7/6/2016,354.0,374.0,360.0,370.0,4.52,14784.0,938.0,545.0
MFIL,7/10/2016,370.0,391.0,370.0,385.0,4.05,12320.0,938.0,545.0
MFIL,7/11/2016,385.0,389.0,381.0,382.0,-0.78,5890.0,938.0,545.0
MFIL,7/12/2016,382.0,375.0,363.0,369.0,-3.4,3541.0,938.0,545.0
MFIL,7/13/2016,369.0,369.0,355.0,369.0,0.0,4928.0,938.0,545.0
MFIL,7/14/2016,369.0,385.0,370.0,384.0,4.07,7420.0,938.0,545.0
MFIL,7/17/2016,384.0,390.0,364.0,364.0,-5.21,3180.0,938.0,545.0
MFIL,7/18/2016,364.0,380.0,364.0,364.0,0.0,9565.0,938.0,545.0
MFIL,7/19/2016,364.0,390.0,364.0,381.0,4.67,14490.0,938.0,545.0
MFIL,7/20/2016,381.0,399.0,374.0,390.0,2.36,19861.0,938.0,545.0
MFIL,7/21/2016,390.0,429.0,390.0,421.0,7.95,24634.0,938.0,545.0
MFIL,7/25/2016,421.0,440.0,410.0,433.0,2.85,29073.0,938.0,545.0
MFIL,7/26/2016,433.0,476.0,437.0,476.0,9.93,43063.0,938.0,545.0
MFIL,7/27/2016,476.0,503.0,470.0,471.0,-1.05,20519.0,938.0,545.0
MFIL,7/28/2016,471.0,480.0,450.0,463.0,-1.7,13178.0,938.0,545.0
MFIL,7/31/2016,463.0,472.0,440.0,452.0,-2.38,11146.0,938.0,545.0
MFIL,8/1/2016,452.0,464.0,430.0,464.0,2.65,15087.0,938.0,545.0
MFIL,8/2/2016,464.0,455.0,445.0,445.0,-4.09,14724.0,938.0,545.0
MFIL,8/3/2016,445.0,442.0,430.0,430.0,-3.37,10550.0,938.0,545.0
MFIL,8/4/2016,430.0,432.0,412.0,415.0,-3.49,12147.0,938.0,545.0
MFIL,8/7/2016,415.0,456.0,420.0,425.0,2.41,17192.0,938.0,545.0
MFIL,8/8/2016,425.0,421.0,393.0,393.0,-7.53,2171.0,938.0,545.0
MFIL,8/10/2016,393.0,432.0,400.0,432.0,9.92,13838.0,938.0,545.0
MFIL,8/11/2016,432.0,434.0,422.0,426.0,-1.39,6421.0,938.0,545.0
MFIL,8/14/2016,426.0,429.0,400.0,402.0,-5.63,2375.0,938.0,545.0
MFIL,8/15/2016,402.0,405.0,383.0,402.0,0.0,10580.0,938.0,545.0
MFIL,8/16/2016,402.0,411.0,398.0,408.0,1.49,14427.0,938.0,545.0
MFIL,8/17/2016,408.0,420.0,407.0,419.0,2.7,15182.0,938.0,545.0
MFIL,8/21/2016,419.0,426.0,405.0,405.0,-3.34,7250.0,938.0,545.0
MFIL,8/22/2016,405.0,405.0,399.0,399.0,-1.48,6800.0,938.0,545.0
MFIL,8/23/2016,399.0,406.0,392.0,392.0,-1.75,5450.0,938.0,545.0
MFIL,8/24/2016,392.0,410.0,394.0,410.0,4.59,3150.0,938.0,545.0
MFIL,8/28/2016,410.0,412.0,405.0,412.0,0.49,2160.0,938.0,545.0
MFIL,8/29/2016,412.0,429.0,412.0,429.0,4.13,5895.0,938.0,545.0
MFIL,8/30/2016,429.0,432.0,419.0,420.0,-2.1,2060.0,938.0,545.0
MFIL,8/31/2016,420.0,425.0,407.0,415.0,-1.19,6552.0,938.0,545.0
MFIL,9/1/2016,415.0,423.0,407.0,415.0,0.0,3020.0,938.0,545.0
MFIL,9/3/2016,415.0,428.0,402.0,423.0,1.93,7784.0,938.0,545.0
MFIL,9/4/2016,415.0,428.0,402.0,423.0,0.0,7784.0,938.0,545.0
MFIL,9/6/2016,423.0,424.0,410.0,410.0,-3.07,13810.0,938.0,545.0
MFIL,9/7/2016,410.0,415.0,408.0,413.0,0.73,13087.0,938.0,545.0
MFIL,9/8/2016,413.0,428.0,408.0,425.0,2.91,3420.0,938.0,545.0
MFIL,9/11/2016,425.0,425.0,417.0,424.0,-0.24,4807.0,938.0,545.0
MFIL,9/12/2016,424.0,425.0,418.0,418.0,-1.42,2410.0,938.0,545.0
MFIL,9/14/2016,418.0,425.0,412.0,412.0,-1.44,2640.0,938.0,545.0
MFIL,9/18/2016,412.0,415.0,406.0,415.0,0.73,2140.0,938.0,545.0
MFIL,9/20/2016,415.0,415.0,408.0,410.0,-1.2,6192.0,938.0,545.0
MFIL,9/21/2016,410.0,410.0,402.0,408.0,-0.49,6600.0,938.0,545.0
MFIL,9/22/2016,408.0,408.0,400.0,405.0,-0.74,3554.0,938.0,545.0
MFIL,9/25/2016,405.0,398.0,391.0,392.0,-3.21,2540.0,938.0,545.0
MFIL,9/26/2016,392.0,406.0,398.0,404.0,3.06,1990.0,938.0,545.0
MFIL,9/27/2016,404.0,415.0,399.0,405.0,0.25,9969.0,938.0,545.0
MFIL,9/28/2016,405.0,423.0,404.0,408.0,0.74,12856.0,938.0,545.0
MFIL,9/29/2016,408.0,426.0,402.0,408.0,0.0,16052.0,938.0,545.0
MFIL,10/2/2016,408.0,416.0,400.0,400.0,-1.96,7023.0,938.0,545.0
MFIL,10/3/2016,400.0,415.0,408.0,414.0,3.5,350.0,938.0,545.0
MFIL,10/4/2016,414.0,418.0,411.0,411.0,-0.72,792.0,938.0,545.0
MFIL,10/5/2016,411.0,424.0,415.0,420.0,2.19,8964.0,938.0,545.0
MFIL,10/6/2016,420.0,420.0,415.0,417.0,-0.71,5746.0,938.0,545.0
MFIL,10/16/2016,417.0,420.0,397.0,420.0,0.72,50.0,938.0,545.0
MFIL,10/17/2016,420.0,418.0,412.0,412.0,-1.9,5657.0,938.0,545.0
MFIL,10/18/2016,412.0,416.0,405.0,407.0,-1.21,1800.0,938.0,545.0
MFIL,10/19/2016,407.0,420.0,402.0,415.0,1.97,3862.0,938.0,545.0
MFIL,10/20/2016,415.0,415.0,409.0,409.0,-1.45,2100.0,938.0,545.0
MFIL,10/23/2016,409.0,418.0,410.0,418.0,2.2,1780.0,938.0,545.0
MFIL,10/24/2016,418.0,419.0,410.0,419.0,0.24,4023.0,938.0,545.0
MFIL,10/25/2016,419.0,420.0,409.0,410.0,-2.15,9212.0,938.0,545.0
MFIL,10/26/2016,410.0,418.0,415.0,418.0,1.95,1450.0,938.0,545.0
MFIL,10/27/2016,418.0,415.0,411.0,415.0,-0.72,2300.0,938.0,545.0
MFIL,11/3/2016,415.0,426.0,422.0,426.0,2.65,3062.0,938.0,545.0
MFIL,11/7/2016,426.0,420.0,415.0,420.0,-1.41,5060.0,938.0,545.0
MFIL,11/8/2016,420.0,417.0,412.0,417.0,-0.71,1601.0,938.0,545.0
MFIL,11/9/2016,417.0,422.0,409.0,416.0,-0.24,11703.0,938.0,545.0
MFIL,11/10/2016,416.0,430.0,408.0,426.0,2.4,6462.0,938.0,545.0
MFIL,11/13/2016,426.0,423.0,417.0,417.0,-2.11,4795.0,938.0,545.0
MFIL,11/14/2016,417.0,431.0,411.0,415.0,-0.48,5674.0,938.0,545.0
MFIL,11/15/2016,415.0,420.0,416.0,420.0,1.2,850.0,938.0,545.0
MFIL,11/16/2016,420.0,415.0,410.0,415.0,-1.19,1700.0,938.0,545.0
MFIL,11/17/2016,415.0,415.0,406.0,410.0,-1.2,1725.0,938.0,545.0
MFIL,11/20/2016,410.0,418.0,370.0,402.0,-1.95,7742.0,938.0,545.0
MFIL,11/21/2016,402.0,401.0,380.0,400.0,-0.5,4905.0,938.0,545.0
MFIL,11/22/2016,400.0,400.0,395.0,395.0,-1.25,2786.0,938.0,545.0
MFIL,11/23/2016,395.0,390.0,381.0,381.0,-3.54,5440.0,938.0,545.0
MFIL,11/24/2016,381.0,395.0,370.0,370.0,-2.89,3660.0,938.0,545.0
MFIL,11/27/2016,370.0,363.0,349.0,350.0,-5.41,4060.0,938.0,545.0
MFIL,11/28/2016,350.0,385.0,332.0,380.0,8.57,6875.0,938.0,545.0
MFIL,11/29/2016,380.0,394.0,366.0,379.0,-0.26,3890.0,938.0,545.0
MFIL,11/30/2016,379.0,400.0,379.0,400.0,5.54,3002.0,938.0,545.0
MFIL,12/1/2016,400.0,415.0,386.0,393.0,-1.75,3467.0,938.0,545.0
MFIL,12/4/2016,393.0,400.0,388.0,390.0,-0.76,3934.0,938.0,545.0
MFIL,12/5/2016,390.0,386.0,370.0,386.0,-1.03,49929.0,938.0,545.0
MFIL,12/6/2016,386.0,393.0,384.0,385.0,-0.26,11233.0,938.0,545.0
MFIL,12/7/2016,385.0,390.0,380.0,382.0,-0.78,9020.0,938.0,545.0
MFIL,12/8/2016,382.0,382.0,375.0,380.0,-0.52,1080.0,938.0,545.0
MFIL,12/11/2016,380.0,373.0,373.0,373.0,-1.84,400.0,938.0,545.0
MFIL,12/12/2016,373.0,367.0,359.0,367.0,-1.61,620.0,938.0,545.0
MFIL,12/14/2016,367.0,367.0,367.0,367.0,0.0,20.0,938.0,545.0
MFIL,12/15/2016,367.0,372.0,365.0,370.0,0.82,5060.0,938.0,545.0
MFIL,12/18/2016,370.0,390.0,373.0,375.0,1.35,20578.0,938.0,545.0
MFIL,12/19/2016,375.0,388.0,377.0,379.0,1.07,18152.0,938.0,545.0
MFIL,12/20/2016,379.0,380.0,360.0,360.0,-5.01,15745.0,938.0,545.0
MFIL,12/21/2016,360.0,366.0,348.0,353.0,-1.94,17678.0,938.0,545.0
MFIL,12/22/2016,353.0,357.0,347.0,351.0,-0.57,22393.0,938.0,545.0
MFIL,12/26/2016,182.0,179.0,179.0,179.0,-49.0,10.0,938.0,545.0
MFIL,12/27/2016,179.0,176.0,162.0,162.0,-9.5,1639.0,938.0,545.0
MFIL,12/28/2016,162.0,161.0,153.0,159.0,-1.85,3020.0,938.0,545.0
MFIL,12/29/2016,159.0,170.0,156.0,168.0,5.66,360.0,938.0,545.0
MFIL,1/1/2017,168.0,184.0,170.0,183.0,8.93,10446.0,938.0,545.0
MFIL,1/2/2017,183.0,200.0,186.0,200.0,9.29,5752.0,938.0,545.0
MFIL,1/3/2017,200.0,204.0,188.0,192.0,-4.0,5065.0,938.0,545.0
MFIL,1/4/2017,192.0,189.0,185.0,185.0,-3.65,1910.0,938.0,545.0
MFIL,1/5/2017,185.0,191.0,185.0,188.0,1.62,3070.0,938.0,545.0
MFIL,1/8/2017,188.0,191.0,176.0,176.0,-6.38,2160.0,938.0,545.0
MFIL,1/9/2017,176.0,182.0,173.0,176.0,0.0,1680.0,938.0,545.0
MFIL,1/10/2017,176.0,184.0,179.0,184.0,4.55,230.0,938.0,545.0
MFIL,1/11/2017,184.0,189.0,186.0,186.0,1.09,210.0,938.0,545.0
MFIL,1/12/2017,186.0,184.0,177.0,177.0,-4.84,480.0,938.0,545.0
MFIL,1/15/2017,177.0,180.0,175.0,175.0,-1.13,340.0,938.0,545.0
MFIL,1/16/2017,175.0,178.0,170.0,170.0,-2.86,1060.0,938.0,545.0
MFIL,1/17/2017,170.0,179.0,170.0,179.0,5.29,1870.0,938.0,545.0
MFIL,1/18/2017,179.0,176.0,173.0,173.0,-3.35,210.0,938.0,545.0
MFIL,1/19/2017,173.0,172.0,167.0,172.0,-0.58,5515.0,938.0,545.0
MFIL,1/22/2017,172.0,178.0,175.0,175.0,1.74,92.0,938.0,545.0
MFIL,1/23/2017,175.0,172.0,169.0,171.0,-2.29,2345.0,938.0,545.0
MFIL,1/24/2017,171.0,170.0,169.0,169.0,-1.17,630.0,938.0,545.0
MFIL,1/25/2017,169.0,167.0,167.0,167.0,-1.18,200.0,938.0,545.0
MFIL,1/26/2017,167.0,165.0,151.0,162.0,-2.99,7209.0,938.0,545.0
MFIL,1/30/2017,162.0,160.0,157.0,158.0,-2.47,324.0,938.0,545.0
MFIL,1/31/2017,158.0,156.0,152.0,152.0,-3.8,2219.0,938.0,545.0
MFIL,2/2/2017,152.0,156.0,155.0,156.0,2.63,420.0,938.0,545.0
MFIL,2/6/2017,156.0,162.0,154.0,162.0,3.85,1768.0,938.0,545.0
MFIL,2/7/2017,162.0,162.0,159.0,160.0,-1.23,1325.0,938.0,545.0
MFIL,2/8/2017,160.0,161.0,157.0,157.0,-1.88,5500.0,938.0,545.0
MFIL,2/9/2017,157.0,158.0,156.0,156.0,-0.64,215.0,938.0,545.0
MFIL,2/12/2017,156.0,153.0,150.0,150.0,-3.85,5085.0,938.0,545.0
MFIL,2/13/2017,150.0,153.0,143.0,149.0,-0.67,2514.0,938.0,545.0
MFIL,2/14/2017,149.0,155.0,150.0,155.0,4.03,3141.0,938.0,545.0
MFIL,2/15/2017,155.0,160.0,152.0,160.0,3.23,3510.0,938.0,545.0
MFIL,2/16/2017,160.0,160.0,157.0,157.0,-1.88,1200.0,938.0,545.0
MFIL,2/19/2017,157.0,167.0,158.0,167.0,6.37,2510.0,938.0,545.0
MFIL,2/20/2017,167.0,170.0,160.0,166.0,-0.6,2660.0,938.0,545.0
MFIL,2/21/2017,166.0,164.0,158.0,160.0,-3.61,8426.0,938.0,545.0
MFIL,2/22/2017,160.0,166.0,157.0,160.0,0.0,3367.0,938.0,545.0
MFIL,2/23/2017,160.0,157.0,155.0,155.0,-3.12,6823.0,938.0,545.0
MFIL,2/26/2017,155.0,161.0,158.0,161.0,3.87,20.0,938.0,545.0
MFIL,2/28/2017,161.0,158.0,155.0,157.0,-2.48,550.0,938.0,545.0
MFIL,3/1/2017,157.0,158.0,154.0,157.0,0.0,1810.0,938.0,545.0
MFIL,3/2/2017,157.0,160.0,160.0,160.0,1.91,100.0,938.0,545.0
MFIL,3/5/2017,160.0,163.0,160.0,160.0,0.0,1625.0,938.0,545.0
MFIL,3/6/2017,160.0,163.0,155.0,155.0,-3.12,2250.0,938.0,545.0
MFIL,3/7/2017,155.0,155.0,152.0,155.0,0.0,300.0,938.0,545.0
MFIL,3/9/2017,155.0,156.0,150.0,154.0,-0.65,993.0,938.0,545.0
MFIL,3/13/2017,154.0,155.0,153.0,153.0,-0.65,1200.0,938.0,545.0
MFIL,3/14/2017,153.0,152.0,152.0,152.0,-0.65,300.0,938.0,545.0
MFIL,3/15/2017,152.0,159.0,149.0,159.0,4.61,2791.0,938.0,545.0
MFIL,3/16/2017,159.0,160.0,155.0,155.0,-2.52,150.0,938.0,545.0
MFIL,3/19/2017,155.0,157.0,155.0,157.0,1.29,1985.0,938.0,545.0
MFIL,3/20/2017,157.0,166.0,159.0,160.0,1.91,3470.0,938.0,545.0
MFIL,3/21/2017,160.0,173.0,162.0,173.0,8.13,3352.0,938.0,545.0
MFIL,3/22/2017,173.0,182.0,170.0,170.0,-1.73,5541.0,938.0,545.0
MFIL,3/23/2017,170.0,173.0,167.0,167.0,-1.76,1064.0,938.0,545.0
MFIL,3/26/2017,167.0,174.0,167.0,168.0,0.6,13458.0,938.0,545.0
MFIL,3/28/2017,168.0,184.0,171.0,184.0,9.52,13767.0,938.0,545.0
MFIL,3/29/2017,184.0,202.0,187.0,190.0,3.26,31656.0,938.0,545.0
MFIL,3/30/2017,190.0,190.0,182.0,182.0,-4.21,4545.0,938.0,545.0
MFIL,4/2/2017,182.0,191.0,185.0,191.0,4.95,6648.0,938.0,545.0
MFIL,4/3/2017,191.0,200.0,181.0,181.0,-5.24,14832.0,938.0,545.0
MFIL,4/4/2017,181.0,191.0,182.0,185.0,2.21,1850.0,938.0,545.0
MFIL,4/6/2017,185.0,184.0,179.0,179.0,-3.24,1050.0,938.0,545.0
MFIL,4/9/2017,179.0,182.0,177.0,177.0,-1.12,2150.0,938.0,545.0
MFIL,4/10/2017,177.0,180.0,177.0,180.0,1.69,3250.0,938.0,545.0
MFIL,4/11/2017,180.0,190.0,177.0,190.0,5.56,23375.0,938.0,545.0
MFIL,4/12/2017,190.0,198.0,189.0,189.0,-0.53,5080.0,938.0,545.0
MFIL,4/13/2017,189.0,190.0,186.0,190.0,0.53,750.0,938.0,545.0
MFIL,4/16/2017,190.0,192.0,186.0,186.0,-2.11,4961.0,938.0,545.0
MFIL,4/18/2017,186.0,186.0,180.0,186.0,0.0,3342.0,938.0,545.0
MFIL,4/19/2017,186.0,186.0,183.0,183.0,-1.61,1710.0,938.0,545.0
MFIL,4/20/2017,183.0,188.0,180.0,180.0,-1.64,3010.0,938.0,545.0
MFIL,4/23/2017,180.0,198.0,183.0,190.0,5.56,7127.0,938.0,545.0
MFIL,4/24/2017,190.0,193.0,187.0,187.0,-1.58,1622.0,938.0,545.0
MFIL,4/25/2017,187.0,193.0,187.0,193.0,3.21,425.0,938.0,545.0
MFIL,4/26/2017,193.0,199.0,188.0,188.0,-2.59,640.0,938.0,545.0
MFIL,4/27/2017,188.0,191.0,185.0,188.0,0.0,902.0,938.0,545.0
MFIL,4/30/2017,188.0,193.0,190.0,193.0,2.66,466.0,938.0,545.0
MFIL,5/2/2017,193.0,201.0,192.0,192.0,-0.52,1565.0,938.0,545.0
MFIL,5/3/2017,192.0,190.0,187.0,187.0,-2.6,1950.0,938.0,545.0
MFIL,5/4/2017,187.0,188.0,183.0,183.0,-2.14,1880.0,938.0,545.0
MFIL,5/7/2017,183.0,185.0,184.0,184.0,0.55,680.0,938.0,545.0
MFIL,5/8/2017,184.0,182.0,182.0,182.0,-1.09,200.0,938.0,545.0
MFIL,5/9/2017,182.0,180.0,180.0,180.0,-1.1,15.0,938.0,545.0
MFIL,5/11/2017,180.0,180.0,180.0,180.0,0.0,200.0,938.0,545.0
MFIL,5/15/2017,180.0,182.0,175.0,175.0,-2.78,1800.0,938.0,545.0
MFIL,5/16/2017,175.0,176.0,174.0,174.0,-0.57,1400.0,938.0,545.0
MFIL,5/21/2017,174.0,175.0,172.0,172.0,-1.15,900.0,938.0,545.0
MFIL,5/22/2017,172.0,173.0,172.0,173.0,0.58,2950.0,938.0,545.0
MFIL,5/23/2017,173.0,171.0,170.0,171.0,-1.16,400.0,938.0,545.0
MFIL,5/24/2017,171.0,170.0,170.0,170.0,-0.58,500.0,938.0,545.0
MFIL,5/28/2017,170.0,174.0,168.0,170.0,0.0,2080.0,938.0,545.0
MFIL,5/30/2017,170.0,176.0,167.0,167.0,-1.76,800.0,938.0,545.0
MFIL,5/31/2017,167.0,176.0,165.0,176.0,5.39,2330.0,938.0,545.0
MFIL,6/1/2017,176.0,175.0,168.0,170.0,-3.41,4923.0,938.0,545.0
MFIL,6/4/2017,170.0,172.0,164.0,164.0,-3.53,3569.0,938.0,545.0
MFIL,6/5/2017,164.0,172.0,164.0,169.0,3.05,5267.0,938.0,545.0
MFIL,6/6/2017,169.0,170.0,165.0,168.0,-0.59,11896.0,938.0,545.0
MFIL,6/7/2017,168.0,171.0,165.0,165.0,-1.79,12279.0,938.0,545.0
MFIL,6/8/2017,165.0,171.0,164.0,165.0,0.0,8599.0,938.0,545.0
MFIL,6/11/2017,165.0,168.0,162.0,165.0,0.0,6948.0,938.0,545.0
MFIL,6/12/2017,165.0,169.0,163.0,169.0,2.42,619.0,938.0,545.0
MFIL,6/13/2017,169.0,166.0,163.0,163.0,-3.55,5069.0,938.0,545.0
MFIL,6/14/2017,163.0,169.0,163.0,164.0,0.61,7480.0,938.0,545.0
MFIL,6/15/2017,164.0,165.0,161.0,161.0,-1.83,2561.0,938.0,545.0
MFIL,6/18/2017,161.0,164.0,160.0,162.0,0.62,2130.0,938.0,545.0
MFIL,6/19/2017,162.0,165.0,159.0,159.0,-1.85,19217.0,938.0,545.0
MFIL,6/20/2017,159.0,159.0,157.0,157.0,-1.26,3017.0,938.0,545.0
MFIL,6/21/2017,157.0,160.0,157.0,157.0,0.0,4450.0,938.0,545.0
MFIL,6/22/2017,157.0,160.0,155.0,156.0,-0.64,3463.0,938.0,545.0
MFIL,6/25/2017,156.0,161.0,153.0,158.0,1.28,4509.0,938.0,545.0
MFIL,6/27/2017,158.0,162.0,154.0,154.0,-2.53,3325.0,938.0,545.0
MFIL,6/28/2017,154.0,160.0,152.0,160.0,3.9,2223.0,938.0,545.0
MFIL,7/2/2017,160.0,159.0,157.0,159.0,-0.62,630.0,938.0,545.0
MFIL,7/3/2017,159.0,165.0,156.0,165.0,3.77,36928.0,938.0,545.0
MFIL,7/5/2017,165.0,167.0,155.0,160.0,-3.03,1460.0,938.0,545.0
MFIL,7/6/2017,160.0,163.0,160.0,163.0,1.88,1996.0,938.0,545.0
MFIL,7/9/2017,163.0,165.0,156.0,160.0,-1.84,6407.0,938.0,545.0
MFIL,7/10/2017,160.0,163.0,155.0,159.0,-0.62,4192.0,938.0,545.0
MFIL,7/11/2017,159.0,162.0,159.0,159.0,0.0,3360.0,938.0,545.0
MFIL,7/12/2017,159.0,164.0,155.0,160.0,0.63,12641.0,938.0,545.0
MFIL,7/13/2017,160.0,163.0,156.0,157.0,-1.88,5329.0,938.0,545.0
MFIL,7/17/2017,157.0,163.0,158.0,163.0,3.82,2619.0,938.0,545.0
MFIL,7/18/2017,163.0,172.0,161.0,172.0,5.52,3215.0,938.0,545.0
MFIL,7/19/2017,172.0,170.0,167.0,169.0,-1.74,5717.0,938.0,545.0
MFIL,7/20/2017,169.0,168.0,163.0,165.0,-2.37,1957.0,938.0,545.0
MFIL,7/24/2017,165.0,165.0,159.0,159.0,-3.64,1400.0,938.0,545.0
MFIL,7/25/2017,159.0,160.0,156.0,159.0,0.0,4366.0,938.0,545.0
MFIL,7/26/2017,159.0,164.0,156.0,160.0,0.63,5661.0,938.0,545.0
MFIL,7/27/2017,160.0,164.0,160.0,160.0,0.0,2297.0,938.0,545.0
MFIL,7/30/2017,160.0,163.0,158.0,158.0,-1.25,3017.0,938.0,545.0
MFIL,7/31/2017,158.0,164.0,158.0,158.0,0.0,1970.0,938.0,545.0
MFIL,8/1/2017,158.0,162.0,159.0,160.0,1.27,5891.0,938.0,545.0
MFIL,8/2/2017,160.0,163.0,159.0,161.0,0.63,3144.0,938.0,545.0
MFIL,8/3/2017,161.0,165.0,159.0,163.0,1.24,7015.0,938.0,545.0
MFIL,8/6/2017,163.0,166.0,160.0,160.0,-1.84,5624.0,938.0,545.0
MFIL,8/7/2017,160.0,161.0,158.0,158.0,-1.25,8685.0,938.0,545.0
MFIL,8/9/2017,158.0,163.0,160.0,160.0,1.27,7120.0,938.0,545.0
MFIL,8/10/2017,160.0,160.0,157.0,157.0,-1.88,10064.0,938.0,545.0
MFIL,8/13/2017,157.0,157.0,155.0,157.0,0.0,5491.0,938.0,545.0
MFIL,8/15/2017,157.0,159.0,154.0,156.0,-0.64,1950.0,938.0,545.0
MFIL,8/16/2017,156.0,162.0,159.0,159.0,1.92,240.0,938.0,545.0
MFIL,8/17/2017,159.0,157.0,155.0,155.0,-2.52,3005.0,938.0,545.0
MFIL,8/20/2017,155.0,159.0,156.0,156.0,0.65,1090.0,938.0,545.0
MFIL,8/21/2017,156.0,156.0,153.0,156.0,0.0,1548.0,938.0,545.0
MFIL,8/22/2017,156.0,159.0,154.0,159.0,1.92,1500.0,938.0,545.0
MFIL,8/23/2017,159.0,157.0,150.0,150.0,-5.66,7905.0,938.0,545.0
MFIL,8/24/2017,150.0,159.0,149.0,159.0,6.0,2047.0,938.0,545.0
MFIL,8/27/2017,159.0,162.0,155.0,155.0,-2.52,1702.0,938.0,545.0
MFIL,8/28/2017,155.0,155.0,152.0,152.0,-1.94,2095.0,938.0,545.0
MFIL,8/30/2017,152.0,153.0,151.0,151.0,-0.66,967.0,938.0,545.0
MFIL,8/31/2017,151.0,153.0,149.0,149.0,-1.32,3237.0,938.0,545.0
MFIL,9/4/2017,149.0,154.0,148.0,148.0,-0.67,2574.0,938.0,545.0
MFIL,9/6/2017,148.0,156.0,148.0,149.0,0.68,4769.0,938.0,545.0
MFIL,9/7/2017,149.0,153.0,148.0,149.0,0.0,6738.0,938.0,545.0
MFIL,9/10/2017,149.0,149.0,147.0,147.0,-1.34,1190.0,938.0,545.0
MFIL,9/11/2017,147.0,149.0,145.0,147.0,0.0,4536.0,938.0,545.0
MFIL,9/12/2017,147.0,148.0,145.0,145.0,-1.36,4140.0,938.0,545.0
MFIL,9/13/2017,145.0,146.0,142.0,144.0,-0.69,4560.0,938.0,545.0
MFIL,9/14/2017,144.0,148.0,142.0,148.0,2.78,5569.0,938.0,545.0
MFIL,9/17/2017,148.0,158.0,146.0,147.0,-0.68,8797.0,938.0,545.0
MFIL,9/18/2017,147.0,149.0,146.0,146.0,-0.68,4200.0,938.0,545.0
MFIL,9/20/2017,146.0,148.0,142.0,145.0,-0.68,2481.0,938.0,545.0
MFIL,9/24/2017,145.0,146.0,143.0,145.0,0.0,7069.0,938.0,545.0
MFIL,9/25/2017,145.0,146.0,144.0,145.0,0.0,2489.0,938.0,545.0
MFIL,9/26/2017,145.0,152.0,147.0,151.0,4.14,3150.0,938.0,545.0
MFIL,10/8/2017,151.0,151.0,146.0,148.0,-1.99,4998.0,938.0,545.0
MFIL,10/9/2017,148.0,148.0,142.0,148.0,0.0,3954.0,938.0,545.0
MFIL,10/10/2017,148.0,147.0,145.0,145.0,-2.03,1318.0,938.0,545.0
MFIL,10/11/2017,145.0,146.0,146.0,146.0,0.69,854.0,938.0,545.0
MFIL,10/12/2017,146.0,148.0,140.0,144.0,-1.37,8096.0,938.0,545.0
MFIL,10/15/2017,144.0,150.0,145.0,145.0,0.69,5513.0,938.0,545.0
MFIL,10/16/2017,145.0,152.0,144.0,152.0,4.83,17108.0,938.0,545.0
MFIL,10/17/2017,152.0,153.0,147.0,149.0,-1.97,2693.0,938.0,545.0
MFIL,10/18/2017,149.0,151.0,150.0,151.0,1.34,700.0,938.0,545.0
MFIL,10/22/2017,151.0,152.0,147.0,147.0,-2.65,1805.0,938.0,545.0
MFIL,10/23/2017,147.0,149.0,145.0,147.0,0.0,3119.0,938.0,545.0
MFIL,10/24/2017,147.0,151.0,145.0,148.0,0.68,2205.0,938.0,545.0
MFIL,10/25/2017,148.0,150.0,145.0,149.0,0.68,2551.0,938.0,545.0
MFIL,10/29/2017,149.0,149.0,146.0,146.0,-2.01,7757.0,938.0,545.0
MFIL,10/30/2017,146.0,152.0,144.0,149.0,2.05,3430.0,938.0,545.0
MFIL,10/31/2017,149.0,149.0,145.0,149.0,0.0,5638.0,938.0,545.0
MFIL,11/1/2017,149.0,151.0,146.0,147.0,-1.34,9807.0,938.0,545.0
MFIL,11/2/2017,147.0,146.0,145.0,146.0,-0.68,3489.0,938.0,545.0
MFIL,11/5/2017,146.0,146.0,141.0,143.0,-2.05,14736.0,938.0,545.0
MFIL,11/6/2017,143.0,143.0,141.0,142.0,-0.7,2136.0,938.0,545.0
MFIL,11/7/2017,142.0,143.0,140.0,140.0,-1.41,4200.0,938.0,545.0
MFIL,11/8/2017,140.0,142.0,137.0,137.0,-2.14,13716.0,938.0,545.0
MFIL,11/9/2017,137.0,141.0,137.0,139.0,1.46,2394.0,938.0,545.0
MFIL,11/12/2017,139.0,140.0,139.0,139.0,0.0,490.0,938.0,545.0
MFIL,11/13/2017,139.0,142.0,141.0,141.0,1.44,4912.0,938.0,545.0
MFIL,11/14/2017,141.0,145.0,143.0,145.0,2.84,1487.0,938.0,545.0
MFIL,11/15/2017,145.0,147.0,143.0,143.0,-1.38,1317.0,938.0,545.0
MFIL,11/16/2017,143.0,141.0,138.0,138.0,-3.5,2011.0,938.0,545.0
MFIL,11/19/2017,138.0,139.0,137.0,139.0,0.72,1359.0,938.0,545.0
MFIL,11/20/2017,139.0,141.0,138.0,141.0,1.44,3226.0,938.0,545.0
MFIL,11/21/2017,141.0,141.0,139.0,139.0,-1.42,23354.0,938.0,545.0
MFIL,11/22/2017,139.0,141.0,140.0,141.0,1.44,357.0,938.0,545.0
MFIL,11/26/2017,141.0,141.0,139.0,141.0,0.0,1150.0,938.0,545.0
MFIL,11/27/2017,141.0,145.0,139.0,145.0,2.84,8563.0,938.0,545.0
MFIL,11/28/2017,145.0,143.0,139.0,141.0,-2.76,1926.0,938.0,545.0
MFIL,11/29/2017,141.0,145.0,140.0,143.0,1.42,5947.0,938.0,545.0
MFIL,11/30/2017,143.0,147.0,140.0,147.0,2.8,6113.0,938.0,545.0
MFIL,12/4/2017,147.0,145.0,143.0,144.0,-2.04,5364.0,938.0,545.0
MFIL,12/5/2017,144.0,146.0,143.0,146.0,1.39,3071.0,938.0,545.0
MFIL,12/6/2017,146.0,148.0,146.0,146.0,0.0,300.0,938.0,545.0
MFIL,12/10/2017,146.0,144.0,136.0,141.0,-3.42,7017.0,938.0,545.0
MFIL,12/11/2017,141.0,145.0,142.0,145.0,2.84,2614.0,938.0,545.0
MFIL,12/12/2017,145.0,144.0,140.0,144.0,-0.69,1334.0,938.0,545.0
MFIL,12/13/2017,144.0,143.0,141.0,142.0,-1.39,2280.0,938.0,545.0
MFIL,12/14/2017,142.0,144.0,140.0,144.0,1.41,1462.0,938.0,545.0
MFIL,12/17/2017,144.0,142.0,140.0,140.0,-2.78,3033.0,938.0,545.0
MFIL,12/18/2017,140.0,140.0,140.0,140.0,0.0,1800.0,938.0,545.0
MFIL,12/19/2017,140.0,141.0,138.0,140.0,0.0,529.0,938.0,545.0
MFIL,12/20/2017,140.0,140.0,139.0,139.0,-0.71,5049.0,938.0,545.0
MFIL,12/21/2017,139.0,147.0,140.0,142.0,2.16,2733.0,938.0,545.0
MFIL,12/24/2017,142.0,142.0,140.0,140.0,-1.41,2220.0,938.0,545.0
MFIL,12/26/2017,140.0,142.0,138.0,140.0,0.0,6591.0,938.0,545.0
MFIL,12/27/2017,140.0,141.0,139.0,140.0,0.0,15998.0,938.0,545.0
MFIL,12/28/2017,140.0,140.0,138.0,139.0,-0.71,8189.0,938.0,545.0
MFIL,12/31/2017,139.0,141.0,138.0,140.0,0.72,10851.0,938.0,545.0
MFIL,1/1/2018,140.0,142.0,138.0,141.0,0.71,5069.0,938.0,545.0
MFIL,1/2/2018,141.0,143.0,141.0,141.0,0.0,7756.0,938.0,545.0
MFIL,1/3/2018,141.0,144.0,141.0,144.0,2.13,13850.0,938.0,545.0
MFIL,1/4/2018,144.0,142.0,140.0,140.0,-2.78,20.0,938.0,545.0
MFIL,1/7/2018,140.0,140.0,140.0,140.0,0.0,523.0,938.0,545.0
MFIL,1/8/2018,140.0,141.0,140.0,141.0,0.71,3189.0,938.0,545.0
MFIL,1/10/2018,141.0,141.0,139.0,140.0,-0.71,1196.0,938.0,545.0
MFIL,1/14/2018,140.0,142.0,140.0,142.0,1.43,9656.0,938.0,545.0
MFIL,1/16/2018,142.0,144.0,140.0,144.0,1.41,2665.0,938.0,545.0
MFIL,1/17/2018,144.0,142.0,141.0,141.0,-2.08,1600.0,938.0,545.0
MFIL,1/21/2018,141.0,141.0,140.0,141.0,0.0,4000.0,938.0,545.0
MFIL,1/22/2018,141.0,145.0,141.0,145.0,2.84,4613.0,938.0,545.0
MFIL,1/23/2018,145.0,145.0,143.0,144.0,-0.69,1120.0,938.0,545.0
MFIL,1/24/2018,144.0,144.0,142.0,144.0,0.0,510.0,938.0,545.0
MFIL,1/25/2018,144.0,147.0,140.0,142.0,-1.39,3531.0,938.0,545.0
MFIL,1/28/2018,142.0,142.0,142.0,142.0,0.0,219.0,938.0,545.0
MFIL,1/29/2018,142.0,142.0,141.0,141.0,-0.7,2335.0,938.0,545.0
MFIL,1/31/2018,141.0,143.0,141.0,143.0,1.42,977.0,938.0,545.0
MFIL,2/1/2018,143.0,142.0,141.0,142.0,-0.7,3100.0,938.0,545.0
MFIL,2/4/2018,142.0,143.0,140.0,143.0,0.7,1650.0,938.0,545.0
MFIL,2/5/2018,143.0,142.0,142.0,142.0,-0.7,250.0,938.0,545.0
MFIL,2/6/2018,142.0,141.0,141.0,141.0,-0.7,1477.0,938.0,545.0
MFIL,2/7/2018,141.0,141.0,139.0,141.0,0.0,1955.0,938.0,545.0
MFIL,2/8/2018,141.0,143.0,143.0,143.0,1.42,120.0,938.0,545.0
MFIL,2/12/2018,143.0,141.0,140.0,140.0,-2.1,500.0,938.0,545.0
MFIL,2/14/2018,140.0,142.0,138.0,142.0,1.43,6718.0,938.0,545.0
MFIL,2/15/2018,142.0,146.0,142.0,146.0,2.82,3760.0,938.0,545.0
MFIL,2/18/2018,144.0,144.0,142.0,142.0,-2.74,200.0,938.0,545.0
MFIL,2/20/2018,140.0,142.0,140.0,142.0,0.0,6729.0,938.0,545.0
MFIL,2/22/2018,141.0,142.0,141.0,142.0,0.0,1450.0,938.0,545.0
MFIL,3/5/2018,141.0,141.0,131.0,131.0,-7.75,2798.0,938.0,545.0
MFIL,3/6/2018,131.0,135.0,129.0,133.0,1.53,4701.0,938.0,545.0
MFIL,3/7/2018,135.0,135.0,135.0,135.0,1.5,20.0,938.0,545.0
MFIL,3/11/2018,133.0,133.0,133.0,133.0,-1.48,20.0,938.0,545.0
MFIL,3/12/2018,131.0,131.0,127.0,127.0,-4.51,5515.0,938.0,545.0
MFIL,3/13/2018,125.0,131.0,123.0,127.0,0.0,1400.0,938.0,545.0
MFIL,3/14/2018,127.0,127.0,127.0,127.0,0.0,350.0,938.0,545.0
MFIL,3/15/2018,127.0,127.0,125.0,127.0,0.0,3950.0,938.0,545.0
MFIL,3/18/2018,129.0,129.0,128.0,128.0,0.79,750.0,938.0,545.0
MFIL,3/19/2018,130.0,130.0,127.0,127.0,-0.78,6314.0,938.0,545.0
MFIL,3/20/2018,126.0,126.0,123.0,125.0,-1.57,3258.0,938.0,545.0
MFIL,3/21/2018,127.0,127.0,119.0,121.0,-3.2,11965.0,938.0,545.0
MFIL,3/22/2018,121.0,126.0,121.0,126.0,4.13,1192.0,938.0,545.0
MFIL,3/27/2018,124.0,125.0,118.0,125.0,-0.79,17422.0,938.0,545.0
MFIL,3/28/2018,123.0,125.0,123.0,125.0,0.0,389.0,938.0,545.0
MFIL,3/29/2018,125.0,125.0,123.0,124.0,-0.8,4600.0,938.0,545.0
MFIL,4/1/2018,123.0,123.0,122.0,122.0,-1.61,111.0,938.0,545.0
MFIL,4/2/2018,124.0,125.0,122.0,124.0,1.64,4766.0,938.0,545.0
MFIL,4/3/2018,124.0,124.0,122.0,123.0,-0.81,973.0,938.0,545.0
MFIL,4/4/2018,121.0,125.0,121.0,125.0,1.63,592.0,938.0,545.0
MFIL,4/5/2018,125.0,128.0,125.0,128.0,2.4,328.0,938.0,545.0
MFIL,4/8/2018,129.0,133.0,129.0,133.0,3.91,2332.0,938.0,545.0
MFIL,4/9/2018,132.0,134.0,129.0,130.0,-2.26,2028.0,938.0,545.0
MFIL,4/10/2018,129.0,130.0,128.0,130.0,0.0,800.0,938.0,545.0
MFIL,4/11/2018,132.0,132.0,129.0,129.0,-0.77,970.0,938.0,545.0
MFIL,4/12/2018,131.0,131.0,129.0,129.0,0.0,300.0,938.0,545.0
MFIL,4/16/2018,127.0,131.0,127.0,131.0,1.55,6978.0,938.0,545.0
MFIL,4/17/2018,133.0,139.0,132.0,136.0,3.82,7204.0,938.0,545.0
MFIL,4/18/2018,138.0,142.0,136.0,142.0,4.41,5062.0,938.0,545.0
MFIL,4/19/2018,143.0,145.0,141.0,141.0,-0.7,5450.0,938.0,545.0
MFIL,4/22/2018,143.0,146.0,143.0,143.0,1.42,1590.0,938.0,545.0
MFIL,4/23/2018,143.0,144.0,135.0,138.0,-3.5,8150.0,938.0,545.0
MFIL,4/24/2018,136.0,138.0,135.0,138.0,0.0,2350.0,938.0,545.0
MFIL,4/25/2018,136.0,136.0,136.0,136.0,-1.45,290.0,938.0,545.0
MFIL,4/26/2018,135.0,135.0,132.0,132.0,-2.94,1120.0,938.0,545.0
MFIL,5/3/2018,132.0,132.0,130.0,131.0,-0.76,2319.0,938.0,545.0
MFIL,5/6/2018,130.0,131.0,129.0,131.0,0.0,1270.0,938.0,545.0
MFIL,5/7/2018,130.0,130.0,130.0,130.0,-0.76,345.0,938.0,545.0
MFIL,5/8/2018,129.0,130.0,129.0,130.0,0.0,450.0,938.0,545.0
MFIL,5/9/2018,130.0,130.0,130.0,130.0,0.0,289.0,938.0,545.0
MFIL,5/10/2018,130.0,131.0,130.0,131.0,0.77,2457.0,938.0,545.0
MFIL,5/14/2018,129.0,131.0,129.0,131.0,0.0,2545.0,938.0,545.0
MFIL,5/15/2018,130.0,130.0,130.0,130.0,-0.76,5000.0,938.0,545.0
MFIL,5/16/2018,130.0,131.0,130.0,131.0,0.77,185.0,938.0,545.0
MFIL,5/17/2018,130.0,130.0,130.0,130.0,-0.76,93.0,938.0,545.0
MFIL,5/20/2018,129.0,129.0,129.0,129.0,-0.77,505.0,938.0,545.0
MFIL,5/21/2018,128.0,131.0,128.0,131.0,1.55,1478.0,938.0,545.0
MFIL,5/24/2018,130.0,130.0,129.0,129.0,-1.53,650.0,938.0,545.0
MFIL,5/27/2018,127.0,127.0,123.0,124.0,-3.88,1630.0,938.0,545.0
MFIL,5/28/2018,122.0,131.0,122.0,131.0,5.65,4804.0,938.0,545.0
MFIL,5/29/2018,129.0,131.0,129.0,130.0,-0.76,2060.0,938.0,545.0
MFIL,5/30/2018,132.0,132.0,132.0,132.0,1.54,145.0,938.0,545.0
MFIL,5/31/2018,132.0,133.0,132.0,132.0,0.0,300.0,938.0,545.0
MFIL,6/3/2018,130.0,130.0,126.0,126.0,-4.55,4462.0,938.0,545.0
MFIL,6/4/2018,124.0,126.0,124.0,126.0,0.0,3675.0,938.0,545.0
MFIL,6/7/2018,126.0,129.0,125.0,129.0,2.38,2903.0,938.0,545.0
MFIL,6/10/2018,127.0,127.0,126.0,126.0,-2.33,3114.0,938.0,545.0
MFIL,6/11/2018,128.0,128.0,126.0,126.0,0.0,874.0,938.0,545.0
MFIL,6/14/2018,128.0,130.0,128.0,130.0,3.17,400.0,938.0,545.0
MFIL,6/21/2018,122.0,122.0,122.0,122.0,-6.15,1000.0,938.0,545.0
MFIL,6/24/2018,124.0,124.0,124.0,124.0,1.64,40.0,938.0,545.0
MFIL,6/25/2018,125.0,127.0,125.0,127.0,2.42,60.0,938.0,545.0
MFIL,6/26/2018,125.0,125.0,121.0,122.0,-3.94,1840.0,938.0,545.0
MFIL,6/28/2018,124.0,126.0,124.0,126.0,3.28,1090.0,938.0,545.0
MFIL,7/2/2018,124.0,124.0,118.0,120.0,-4.76,16386.0,938.0,545.0
MFIL,7/3/2018,122.0,122.0,122.0,122.0,1.67,100.0,938.0,545.0
MFIL,7/4/2018,122.0,122.0,120.0,121.0,-0.82,3064.0,938.0,545.0
MFIL,7/5/2018,122.0,122.0,120.0,120.0,-0.83,2608.0,938.0,545.0
MFIL,7/8/2018,118.0,118.0,118.0,118.0,-1.67,29.0,938.0,545.0
MFIL,7/10/2018,117.0,117.0,116.0,116.0,-1.69,397.0,938.0,545.0
MFIL,7/11/2018,117.0,119.0,114.0,116.0,0.0,5095.0,938.0,545.0
MFIL,7/16/2018,117.0,117.0,117.0,117.0,0.86,7438.0,938.0,545.0
MFIL,7/17/2018,116.0,117.0,116.0,117.0,0.0,76.0,938.0,545.0
MFIL,7/18/2018,117.0,117.0,115.0,115.0,-1.71,1164.0,938.0,545.0
MFIL,7/19/2018,115.0,119.0,115.0,117.0,1.74,3720.0,938.0,545.0
MFIL,7/22/2018,117.0,117.0,116.0,117.0,0.0,2205.0,938.0,545.0
MFIL,7/24/2018,119.0,121.0,119.0,121.0,3.42,300.0,938.0,545.0
MFIL,7/25/2018,119.0,120.0,119.0,119.0,-1.65,1452.0,938.0,545.0
MFIL,7/26/2018,118.0,118.0,115.0,115.0,-3.36,1564.0,938.0,545.0
MFIL,7/29/2018,116.0,119.0,116.0,119.0,3.48,2584.0,938.0,545.0
MFIL,7/30/2018,120.0,120.0,119.0,120.0,0.84,103.0,938.0,545.0
MFIL,8/1/2018,118.0,120.0,118.0,119.0,-0.83,2440.0,938.0,545.0
MFIL,8/2/2018,121.0,123.0,119.0,119.0,0.0,3006.0,938.0,545.0
MFIL,8/5/2018,121.0,121.0,121.0,121.0,1.68,200.0,938.0,545.0
MFIL,8/7/2018,119.0,119.0,119.0,119.0,-1.65,530.0,938.0,545.0
MFIL,8/8/2018,119.0,119.0,119.0,119.0,0.0,150.0,938.0,545.0
MFIL,8/9/2018,121.0,121.0,121.0,121.0,1.68,204.0,938.0,545.0
MFIL,8/12/2018,119.0,119.0,119.0,119.0,-1.65,1100.0,938.0,545.0
MFIL,8/14/2018,120.0,123.0,120.0,123.0,3.36,1788.0,938.0,545.0
MFIL,8/15/2018,121.0,123.0,121.0,123.0,0.0,450.0,938.0,545.0
MFIL,8/16/2018,123.0,123.0,121.0,121.0,-1.63,2218.0,938.0,545.0
MFIL,8/19/2018,121.0,122.0,121.0,122.0,0.83,201.0,938.0,545.0
MFIL,8/20/2018,122.0,122.0,120.0,122.0,0.0,1550.0,938.0,545.0
MFIL,8/21/2018,122.0,123.0,120.0,122.0,0.0,8752.0,938.0,545.0
MFIL,8/22/2018,122.0,122.0,120.0,120.0,-1.64,2210.0,938.0,545.0
MFIL,8/23/2018,120.0,122.0,120.0,120.0,0.0,2021.0,938.0,545.0
MFIL,8/26/2018,120.0,120.0,119.0,119.0,-0.83,1215.0,938.0,545.0
MFIL,8/28/2018,119.0,120.0,117.0,119.0,0.0,3741.0,938.0,545.0
MFIL,8/29/2018,118.0,120.0,118.0,120.0,0.84,1060.0,938.0,545.0
MFIL,8/30/2018,120.0,121.0,120.0,121.0,0.83,200.0,938.0,545.0
MFIL,9/2/2018,121.0,121.0,121.0,121.0,0.0,3576.0,938.0,545.0
MFIL,9/3/2018,123.0,123.0,119.0,121.0,0.0,4841.0,938.0,545.0
MFIL,9/4/2018,123.0,123.0,122.0,122.0,0.83,753.0,938.0,545.0
MFIL,9/5/2018,124.0,128.0,122.0,125.0,2.46,3016.0,938.0,545.0
MFIL,9/6/2018,124.0,124.0,122.0,124.0,-0.8,3400.0,938.0,545.0
MFIL,9/9/2018,122.0,122.0,121.0,121.0,-2.42,197.0,938.0,545.0
MFIL,9/10/2018,120.0,121.0,120.0,121.0,0.0,831.0,938.0,545.0
MFIL,9/11/2018,123.0,124.0,123.0,124.0,2.48,646.0,938.0,545.0
MFIL,9/12/2018,124.0,127.0,124.0,125.0,0.81,5770.0,938.0,545.0
MFIL,9/13/2018,123.0,127.0,123.0,127.0,1.6,661.0,938.0,545.0
MFIL,9/16/2018,127.0,128.0,125.0,126.0,-0.79,3055.0,938.0,545.0
MFIL,9/17/2018,128.0,128.0,125.0,125.0,-0.79,2350.0,938.0,545.0
MFIL,9/18/2018,127.0,128.0,126.0,128.0,2.4,7609.0,938.0,545.0
MFIL,9/20/2018,127.0,127.0,126.0,127.0,-0.78,2428.0,938.0,545.0
MFIL,9/23/2018,129.0,134.0,128.0,134.0,5.51,20954.0,938.0,545.0
MFIL,9/25/2018,136.0,136.0,132.0,134.0,0.0,2262.0,938.0,545.0
MFIL,9/26/2018,132.0,132.0,130.0,130.0,-2.99,12450.0,938.0,545.0
MFIL,9/27/2018,132.0,132.0,129.0,131.0,0.77,7220.0,938.0,545.0
MFIL,9/30/2018,131.0,131.0,129.0,129.0,-1.53,6866.0,938.0,545.0
MFIL,10/1/2018,129.0,129.0,129.0,129.0,0.0,975.0,938.0,545.0
MFIL,10/2/2018,131.0,135.0,128.0,133.0,3.1,17947.0,938.0,545.0
MFIL,10/3/2018,131.0,131.0,131.0,131.0,-1.5,500.0,938.0,545.0
MFIL,10/4/2018,129.0,135.0,127.0,135.0,3.05,3687.0,938.0,545.0
MFIL,10/7/2018,133.0,133.0,133.0,133.0,-1.48,50.0,938.0,545.0
MFIL,10/8/2018,133.0,133.0,128.0,129.0,-3.01,2581.0,938.0,545.0
MFIL,10/9/2018,127.0,128.0,127.0,128.0,-0.78,189.0,938.0,545.0
MFIL,10/10/2018,128.0,130.0,128.0,129.0,0.78,173.0,938.0,545.0
MFIL,10/11/2018,127.0,129.0,127.0,129.0,0.0,770.0,938.0,545.0
MFIL,10/14/2018,131.0,131.0,131.0,131.0,1.55,10.0,938.0,545.0
MFIL,10/23/2018,129.0,129.0,129.0,129.0,-1.53,100.0,938.0,545.0
MFIL,10/24/2018,131.0,131.0,129.0,129.0,0.0,540.0,938.0,545.0
MFIL,10/25/2018,131.0,131.0,128.0,129.0,0.0,5054.0,938.0,545.0
MFIL,10/28/2018,127.0,127.0,127.0,127.0,-1.55,712.0,938.0,545.0
MFIL,10/30/2018,129.0,129.0,128.0,129.0,1.57,775.0,938.0,545.0
MFIL,10/31/2018,128.0,128.0,127.0,127.0,-1.55,484.0,938.0,545.0
MFIL,11/1/2018,128.0,132.0,128.0,132.0,3.94,120.0,938.0,545.0
MFIL,11/4/2018,130.0,130.0,128.0,128.0,-3.03,1266.0,938.0,545.0
MFIL,11/6/2018,128.0,128.0,128.0,128.0,0.0,205.0,938.0,545.0
MFIL,11/12/2018,127.0,128.0,126.0,126.0,-1.56,2030.0,938.0,545.0
MFIL,11/13/2018,126.0,130.0,126.0,130.0,3.17,312.0,938.0,545.0
MFIL,11/14/2018,129.0,130.0,128.0,128.0,-1.54,350.0,938.0,545.0
MFIL,11/15/2018,126.0,126.0,126.0,126.0,-1.56,3000.0,938.0,545.0
MFIL,11/18/2018,124.0,124.0,124.0,124.0,-1.59,1500.0,938.0,545.0
MFIL,11/19/2018,124.0,124.0,124.0,124.0,0.0,30.0,938.0,545.0
MFIL,11/20/2018,124.0,124.0,124.0,124.0,0.0,179.0,938.0,545.0
MFIL,11/21/2018,124.0,124.0,124.0,124.0,0.0,30.0,938.0,545.0
MFIL,11/22/2018,122.0,122.0,122.0,122.0,-1.61,754.0,938.0,545.0
MFIL,11/25/2018,124.0,124.0,122.0,122.0,0.0,970.0,938.0,545.0
MFIL,11/26/2018,124.0,124.0,122.0,122.0,0.0,42.0,938.0,545.0
MFIL,11/27/2018,121.0,124.0,120.0,120.0,-1.64,1822.0,938.0,545.0
MFIL,11/28/2018,120.0,120.0,120.0,120.0,0.0,1852.0,938.0,545.0
MFIL,11/29/2018,120.0,120.0,120.0,120.0,0.0,161.0,938.0,545.0
MFIL,12/2/2018,118.0,120.0,118.0,118.0,-1.67,2633.0,938.0,545.0
MFIL,12/3/2018,118.0,122.0,118.0,120.0,1.69,697.0,938.0,545.0
MFIL,12/6/2018,122.0,124.0,122.0,122.0,1.67,634.0,938.0,545.0
MFIL,12/9/2018,121.0,121.0,121.0,121.0,-0.82,2298.0,938.0,545.0
MFIL,12/10/2018,123.0,125.0,121.0,124.0,2.48,7166.0,938.0,545.0
MFIL,12/11/2018,122.0,122.0,115.0,115.0,-7.26,14935.0,938.0,545.0
MFIL,2/27/2019,115.0,115.0,111.0,111.0,-3.48,25972.0,938.0,545.0
MFIL,3/3/2019,109.0,111.0,109.0,111.0,0.0,4963.0,938.0,545.0
MFIL,3/5/2019,110.0,112.0,110.0,111.0,0.0,7501.0,938.0,545.0
MFIL,3/6/2019,111.0,113.0,111.0,112.0,0.9,5969.0,938.0,545.0
MFIL,3/7/2019,113.0,114.0,112.0,113.0,0.89,1363.0,938.0,545.0
MFIL,3/10/2019,111.0,111.0,111.0,111.0,-1.77,300.0,938.0,545.0
MFIL,3/11/2019,112.0,115.0,111.0,113.0,1.8,8741.0,938.0,545.0
MFIL,3/12/2019,114.0,115.0,111.0,113.0,0.0,13412.0,938.0,545.0
MFIL,3/13/2019,115.0,115.0,113.0,113.0,0.0,7021.0,938.0,545.0
MFIL,3/17/2019,116.0,116.0,115.0,115.0,1.77,2025.0,938.0,545.0
MFIL,3/18/2019,117.0,117.0,115.0,116.0,0.87,8370.0,938.0,545.0
MFIL,3/19/2019,114.0,115.0,114.0,115.0,-0.86,407.0,938.0,545.0
MFIL,3/21/2019,116.0,116.0,113.0,113.0,-1.74,3050.0,938.0,545.0
MFIL,3/24/2019,111.0,113.0,111.0,113.0,0.0,3933.0,938.0,545.0
MFIL,3/25/2019,111.0,112.0,111.0,111.0,-1.77,2910.0,938.0,545.0
MFIL,3/26/2019,111.0,112.0,111.0,112.0,0.9,824.0,938.0,545.0
MFIL,3/28/2019,112.0,115.0,112.0,115.0,2.68,227.0,938.0,545.0
MFIL,3/31/2019,117.0,117.0,110.0,112.0,-2.61,2015.0,938.0,545.0
MFIL,4/1/2019,112.0,112.0,112.0,112.0,0.0,1430.0,938.0,545.0
MFIL,4/2/2019,112.0,112.0,110.0,111.0,-0.89,10336.0,938.0,545.0
MFIL,4/3/2019,113.0,113.0,113.0,113.0,1.8,500.0,938.0,545.0
MFIL,4/4/2019,111.0,113.0,111.0,111.0,-1.77,11404.0,938.0,545.0
MFIL,4/7/2019,112.0,113.0,112.0,113.0,1.8,700.0,938.0,545.0
MFIL,4/8/2019,114.0,114.0,111.0,112.0,-0.88,1660.0,938.0,545.0
MFIL,4/9/2019,114.0,114.0,110.0,112.0,0.0,5389.0,938.0,545.0
MFIL,4/10/2019,112.0,113.0,112.0,113.0,0.89,17723.0,938.0,545.0
MFIL,4/11/2019,111.0,111.0,111.0,111.0,-1.77,350.0,938.0,545.0
MFIL,4/15/2019,110.0,113.0,110.0,113.0,1.8,4542.0,938.0,545.0
MFIL,4/16/2019,114.0,114.0,113.0,114.0,0.88,9260.0,938.0,545.0
MFIL,4/17/2019,113.0,113.0,113.0,113.0,-0.88,200.0,938.0,545.0
MFIL,4/18/2019,115.0,117.0,113.0,113.0,0.0,7456.0,938.0,545.0
MFIL,4/21/2019,115.0,116.0,114.0,116.0,2.65,11047.0,938.0,545.0
MFIL,4/22/2019,114.0,114.0,114.0,114.0,-1.72,4200.0,938.0,545.0
MFIL,4/23/2019,112.0,114.0,112.0,113.0,-0.88,17848.0,938.0,545.0
MFIL,4/24/2019,114.0,117.0,114.0,117.0,3.54,20392.0,938.0,545.0
MFIL,4/25/2019,117.0,121.0,117.0,117.0,0.0,7806.0,938.0,545.0
MFIL,4/28/2019,118.0,119.0,115.0,115.0,-1.71,15772.0,938.0,545.0
MFIL,4/29/2019,115.0,117.0,114.0,114.0,-0.87,6601.0,938.0,545.0
MFIL,4/30/2019,114.0,115.0,114.0,115.0,0.88,2116.0,938.0,545.0
MFIL,5/2/2019,115.0,115.0,114.0,114.0,-0.87,130.0,938.0,545.0
MFIL,5/5/2019,114.0,115.0,113.0,113.0,-0.88,2345.0,938.0,545.0
MFIL,5/6/2019,112.0,112.0,111.0,111.0,-1.77,442.0,938.0,545.0
MFIL,5/7/2019,113.0,115.0,113.0,114.0,2.7,2702.0,938.0,545.0
MFIL,5/8/2019,113.0,114.0,112.0,112.0,-1.75,2791.0,938.0,545.0
MFIL,5/9/2019,114.0,114.0,112.0,112.0,0.0,399.0,938.0,545.0
MFIL,5/12/2019,112.0,114.0,112.0,114.0,1.79,6630.0,938.0,545.0
MFIL,5/13/2019,112.0,114.0,112.0,113.0,-0.88,4091.0,938.0,545.0
MFIL,5/14/2019,113.0,115.0,113.0,115.0,1.77,70.0,938.0,545.0
MFIL,5/15/2019,116.0,117.0,115.0,115.0,0.0,12015.0,938.0,545.0
MFIL,5/16/2019,117.0,119.0,116.0,116.0,0.87,16751.0,938.0,545.0
MFIL,5/19/2019,117.0,121.0,117.0,117.0,0.86,9997.0,938.0,545.0
MFIL,5/20/2019,118.0,119.0,116.0,118.0,0.85,3756.0,938.0,545.0
MFIL,5/21/2019,117.0,124.0,117.0,122.0,3.39,17398.0,938.0,545.0
MFIL,5/22/2019,120.0,123.0,120.0,123.0,0.82,7060.0,938.0,545.0
MFIL,5/23/2019,121.0,122.0,121.0,121.0,-1.63,7600.0,938.0,545.0
MFIL,5/26/2019,121.0,121.0,120.0,120.0,-0.83,2092.0,938.0,545.0
MFIL,5/27/2019,121.0,126.0,120.0,120.0,0.0,3830.0,938.0,545.0
MFIL,5/28/2019,121.0,128.0,121.0,128.0,6.67,12749.0,938.0,545.0
MFIL,5/29/2019,130.0,136.0,128.0,128.0,0.0,34900.0,938.0,545.0
MFIL,5/30/2019,130.0,131.0,127.0,127.0,-0.78,7835.0,938.0,545.0
MFIL,6/2/2019,127.0,129.0,127.0,129.0,1.57,1021.0,938.0,545.0
MFIL,6/3/2019,127.0,127.0,124.0,127.0,-1.55,3810.0,938.0,545.0
MFIL,6/4/2019,121.0,121.0,121.0,121.0,-4.72,117.0,938.0,545.0
MFIL,6/6/2019,123.0,132.0,123.0,130.0,7.44,10305.0,938.0,545.0
MFIL,6/10/2019,130.0,130.0,126.0,126.0,-3.08,2234.0,938.0,545.0
MFIL,6/11/2019,128.0,128.0,126.0,128.0,1.59,1343.0,938.0,545.0
MFIL,6/12/2019,126.0,130.0,126.0,130.0,1.56,3601.0,938.0,545.0
MFIL,6/13/2019,128.0,128.0,126.0,126.0,-3.08,1250.0,938.0,545.0
MFIL,6/17/2019,129.0,129.0,127.0,127.0,0.79,110.0,938.0,545.0
MFIL,6/18/2019,125.0,125.0,123.0,125.0,-1.57,1740.0,938.0,545.0
MFIL,6/19/2019,127.0,127.0,125.0,125.0,0.0,745.0,938.0,545.0
MFIL,6/20/2019,124.0,125.0,124.0,125.0,0.0,219.0,938.0,545.0
MFIL,6/24/2019,126.0,126.0,124.0,126.0,0.8,804.0,938.0,545.0
MFIL,6/25/2019,128.0,128.0,126.0,126.0,0.0,7064.0,938.0,545.0
MFIL,6/26/2019,128.0,128.0,126.0,126.0,0.0,8558.0,938.0,545.0
MFIL,6/27/2019,128.0,130.0,127.0,127.0,0.79,5365.0,938.0,545.0
MFIL,7/1/2019,125.0,125.0,125.0,125.0,-1.57,994.0,938.0,545.0
MFIL,7/2/2019,124.0,126.0,124.0,124.0,-0.8,6471.0,938.0,545.0
MFIL,7/3/2019,125.0,126.0,124.0,125.0,0.81,4161.0,938.0,545.0
MFIL,7/4/2019,125.0,125.0,124.0,124.0,-0.8,1200.0,938.0,545.0
MFIL,7/7/2019,126.0,128.0,125.0,127.0,2.42,8320.0,938.0,545.0
MFIL,7/8/2019,126.0,128.0,125.0,126.0,-0.79,20225.0,938.0,545.0
MFIL,7/9/2019,126.0,130.0,126.0,130.0,3.17,5559.0,938.0,545.0
MFIL,7/10/2019,128.0,128.0,126.0,126.0,-3.08,1583.0,938.0,545.0
MFIL,7/11/2019,127.0,130.0,124.0,125.0,-0.79,24137.0,938.0,545.0
MFIL,7/15/2019,127.0,129.0,125.0,125.0,0.0,7375.0,938.0,545.0
MFIL,7/16/2019,131.0,131.0,128.0,128.0,2.4,30.0,938.0,545.0
MFIL,7/17/2019,126.0,128.0,124.0,128.0,0.0,1255.0,938.0,545.0
MFIL,7/18/2019,129.0,129.0,126.0,126.0,-1.56,12731.0,938.0,545.0
MFIL,7/21/2019,125.0,126.0,125.0,126.0,0.0,946.0,938.0,545.0
MFIL,7/22/2019,127.0,127.0,125.0,126.0,0.0,2930.0,938.0,545.0
MFIL,7/23/2019,124.0,125.0,124.0,125.0,-0.79,249.0,938.0,545.0
MFIL,7/24/2019,127.0,129.0,127.0,129.0,3.2,291.0,938.0,545.0
MFIL,7/25/2019,129.0,130.0,129.0,130.0,0.78,400.0,938.0,545.0
MFIL,7/28/2019,128.0,128.0,126.0,126.0,-3.08,1751.0,938.0,545.0
MFIL,7/29/2019,126.0,127.0,125.0,127.0,0.79,473.0,938.0,545.0
MFIL,7/30/2019,127.0,128.0,126.0,126.0,-0.79,1959.0,938.0,545.0
MFIL,7/31/2019,128.0,128.0,126.0,126.0,0.0,1272.0,938.0,545.0
MFIL,8/1/2019,128.0,129.0,127.0,127.0,0.79,7510.0,938.0,545.0
MFIL,8/4/2019,128.0,128.0,126.0,126.0,-0.79,3431.0,938.0,545.0
MFIL,8/5/2019,128.0,128.0,126.0,126.0,0.0,4014.0,938.0,545.0
MFIL,8/6/2019,124.0,124.0,124.0,124.0,-1.59,128.0,938.0,545.0
MFIL,8/7/2019,122.0,124.0,122.0,122.0,-1.61,3340.0,938.0,545.0
MFIL,8/8/2019,122.0,122.0,122.0,122.0,0.0,228.0,938.0,545.0
MFIL,8/11/2019,122.0,122.0,122.0,122.0,0.0,677.0,938.0,545.0
MFIL,8/12/2019,123.0,125.0,123.0,124.0,1.64,850.0,938.0,545.0
MFIL,8/13/2019,125.0,125.0,123.0,123.0,-0.81,7402.0,938.0,545.0
MFIL,8/14/2019,122.0,122.0,122.0,122.0,-0.81,350.0,938.0,545.0
MFIL,8/15/2019,124.0,130.0,124.0,130.0,6.56,2219.0,938.0,545.0
MFIL,8/18/2019,129.0,129.0,127.0,127.0,-2.31,2050.0,938.0,545.0
MFIL,8/19/2019,125.0,129.0,125.0,129.0,1.57,15040.0,938.0,545.0
MFIL,8/20/2019,127.0,127.0,125.0,125.0,-3.1,975.0,938.0,545.0
MFIL,8/21/2019,125.0,125.0,123.0,125.0,0.0,1754.0,938.0,545.0
MFIL,8/22/2019,126.0,128.0,126.0,126.0,0.8,2243.0,938.0,545.0
MFIL,8/26/2019,127.0,128.0,125.0,128.0,1.59,5186.0,938.0,545.0
MFIL,8/27/2019,128.0,128.0,126.0,127.0,-0.78,1125.0,938.0,545.0
MFIL,8/28/2019,126.0,126.0,125.0,125.0,-1.57,600.0,938.0,545.0
MFIL,8/29/2019,126.0,127.0,126.0,127.0,1.6,1661.0,938.0,545.0
MFIL,9/1/2019,125.0,125.0,125.0,125.0,-1.57,400.0,938.0,545.0
MFIL,9/2/2019,126.0,127.0,126.0,127.0,1.6,4043.0,938.0,545.0
MFIL,9/3/2019,125.0,129.0,123.0,129.0,1.57,7177.0,938.0,545.0
MFIL,9/4/2019,130.0,130.0,126.0,126.0,-2.33,360.0,938.0,545.0
MFIL,9/5/2019,126.0,129.0,126.0,127.0,0.79,4760.0,938.0,545.0
MFIL,9/8/2019,126.0,126.0,126.0,126.0,-0.79,500.0,938.0,545.0
MFIL,9/9/2019,127.0,128.0,125.0,126.0,0.0,7513.0,938.0,545.0
MFIL,9/10/2019,126.0,126.0,126.0,126.0,0.0,305.0,938.0,545.0
MFIL,9/12/2019,126.0,127.0,126.0,126.0,0.0,8301.0,938.0,545.0
MFIL,9/15/2019,125.0,125.0,124.0,124.0,-1.59,4403.0,938.0,545.0
MFIL,9/16/2019,123.0,123.0,122.0,122.0,-1.61,1303.0,938.0,545.0
MFIL,9/17/2019,124.0,126.0,124.0,126.0,3.28,1622.0,938.0,545.0
MFIL,9/18/2019,125.0,125.0,124.0,124.0,-1.59,133.0,938.0,545.0
MFIL,9/19/2019,126.0,130.0,126.0,128.0,3.23,1010.0,938.0,545.0
MFIL,9/22/2019,130.0,130.0,123.0,123.0,-3.91,1770.0,938.0,545.0
MFIL,9/23/2019,123.0,125.0,122.0,122.0,-0.81,5481.0,938.0,545.0
MFIL,9/24/2019,121.0,124.0,120.0,122.0,0.0,4716.0,938.0,545.0
MFIL,9/25/2019,122.0,124.0,122.0,122.0,0.0,944.0,938.0,545.0
MFIL,9/26/2019,123.0,123.0,121.0,121.0,-0.82,704.0,938.0,545.0
MFIL,10/2/2019,123.0,123.0,123.0,123.0,1.65,10.0,938.0,545.0
MFIL,10/3/2019,125.0,126.0,125.0,126.0,2.44,60.0,938.0,545.0
MFIL,10/10/2019,127.0,127.0,127.0,127.0,0.79,200.0,938.0,545.0
MFIL,10/14/2019,128.0,128.0,126.0,126.0,-0.79,1109.0,938.0,545.0
MFIL,10/15/2019,127.0,127.0,124.0,124.0,-1.59,1960.0,938.0,545.0
MFIL,10/16/2019,126.0,127.0,126.0,127.0,2.42,1500.0,938.0,545.0
MFIL,10/17/2019,126.0,127.0,126.0,127.0,0.0,2753.0,938.0,545.0
MFIL,10/20/2019,125.0,127.0,125.0,125.0,-1.57,662.0,938.0,545.0
MFIL,10/22/2019,126.0,127.0,126.0,127.0,1.6,380.0,938.0,545.0
MFIL,10/23/2019,126.0,127.0,126.0,127.0,0.0,440.0,938.0,545.0
MFIL,10/31/2019,126.0,126.0,126.0,126.0,-0.79,523.0,938.0,545.0
MFIL,11/3/2019,127.0,127.0,125.0,125.0,-0.79,469.0,938.0,545.0
MFIL,11/4/2019,125.0,127.0,125.0,127.0,1.6,1065.0,938.0,545.0
MFIL,11/6/2019,125.0,127.0,125.0,127.0,0.0,1080.0,938.0,545.0
MFIL,11/7/2019,126.0,127.0,126.0,127.0,0.0,340.0,938.0,545.0
MFIL,11/10/2019,125.0,127.0,125.0,127.0,0.0,310.0,938.0,545.0
MFIL,11/11/2019,126.0,126.0,126.0,126.0,-0.79,110.0,938.0,545.0
MFIL,11/12/2019,125.0,126.0,124.0,126.0,0.0,489.0,938.0,545.0
MFIL,11/14/2019,126.0,126.0,126.0,126.0,0.0,100.0,938.0,545.0
MFIL,11/17/2019,125.0,125.0,124.0,125.0,-0.79,8185.0,938.0,545.0
MFIL,11/18/2019,126.0,127.0,126.0,127.0,1.6,9500.0,938.0,545.0
MFIL,11/19/2019,126.0,127.0,125.0,126.0,-0.79,3760.0,938.0,545.0
MFIL,11/20/2019,125.0,128.0,125.0,128.0,1.59,6514.0,938.0,545.0
MFIL,11/21/2019,128.0,128.0,127.0,127.0,-0.78,3258.0,938.0,545.0
MFIL,11/24/2019,125.0,125.0,125.0,125.0,-1.57,1778.0,938.0,545.0
MFIL,11/25/2019,125.0,125.0,125.0,125.0,0.0,1145.0,938.0,545.0
MFIL,11/26/2019,127.0,127.0,127.0,127.0,1.6,730.0,938.0,545.0
MFIL,11/27/2019,129.0,129.0,125.0,125.0,-1.57,3429.0,938.0,545.0
MFIL,11/28/2019,127.0,127.0,126.0,126.0,0.8,1170.0,938.0,545.0
MFIL,12/2/2019,126.0,127.0,125.0,127.0,0.79,856.0,938.0,545.0
MFIL,12/9/2019,125.0,128.0,125.0,128.0,0.79,1698.0,938.0,545.0
MFIL,12/10/2019,128.0,128.0,126.0,126.0,-1.56,3886.0,938.0,545.0
MFIL,12/11/2019,128.0,128.0,128.0,128.0,1.59,50.0,938.0,545.0
MFIL,12/12/2019,130.0,136.0,130.0,135.0,5.47,18990.0,938.0,545.0
MFIL,12/15/2019,134.0,134.0,133.0,133.0,-1.48,6400.0,938.0,545.0
MFIL,12/16/2019,132.0,133.0,130.0,130.0,-2.26,14020.0,938.0,545.0
MFIL,12/17/2019,131.0,133.0,131.0,132.0,1.54,13750.0,938.0,545.0
MFIL,12/18/2019,133.0,135.0,131.0,131.0,-0.76,6727.0,938.0,545.0
MFIL,12/19/2019,132.0,137.0,132.0,135.0,3.05,17610.0,938.0,545.0
MFIL,12/22/2019,133.0,139.0,133.0,139.0,2.96,22687.0,938.0,545.0
MFIL,12/23/2019,138.0,144.0,138.0,140.0,0.72,27586.0,938.0,545.0
MFIL,12/24/2019,141.0,145.0,140.0,143.0,2.14,12943.0,938.0,545.0
MFIL,12/25/2019,142.0,142.0,140.0,142.0,-0.7,14727.0,938.0,545.0
MFIL,12/26/2019,141.0,142.0,141.0,142.0,0.0,7738.0,938.0,545.0
MFIL,12/29/2019,143.0,146.0,143.0,145.0,2.11,28154.0,938.0,545.0
MFIL,12/30/2019,144.0,144.0,141.0,142.0,-2.07,11979.0,938.0,545.0
MFIL,12/31/2019,137.0,137.0,130.0,133.0,-6.34,25618.0,938.0,545.0
MFIL,1/1/2020,132.0,132.0,132.0,132.0,-0.75,2850.0,938.0,545.0
MFIL,1/2/2020,134.0,134.0,132.0,133.0,0.76,9957.0,938.0,545.0
MFIL,1/5/2020,133.0,142.0,133.0,141.0,6.02,19887.0,938.0,545.0
MFIL,1/6/2020,139.0,145.0,139.0,145.0,2.84,17572.0,938.0,545.0
MFIL,1/7/2020,145.0,146.0,142.0,145.0,0.0,8466.0,938.0,545.0
MFIL,1/8/2020,144.0,151.0,143.0,151.0,4.14,31647.0,938.0,545.0
MFIL,1/9/2020,153.0,153.0,148.0,150.0,-0.66,17069.0,938.0,545.0
MFIL,1/12/2020,153.0,153.0,149.0,150.0,0.0,4650.0,938.0,545.0
MFIL,1/13/2020,153.0,157.0,147.0,155.0,3.33,26125.0,938.0,545.0
MFIL,1/14/2020,152.0,170.0,150.0,169.0,9.03,53809.0,938.0,545.0
MFIL,1/15/2020,172.0,185.0,171.0,185.0,9.47,65115.0,938.0,545.0
MFIL,1/16/2020,188.0,196.0,186.0,196.0,5.95,60387.0,938.0,545.0
MFIL,1/19/2020,199.0,215.0,199.0,215.0,9.69,152899.0,938.0,545.0
MFIL,1/20/2020,219.0,229.0,204.0,219.0,1.86,141040.0,938.0,545.0
MFIL,1/21/2020,218.0,219.0,208.0,212.0,-3.2,44535.0,938.0,545.0
MFIL,1/22/2020,213.0,217.0,207.0,214.0,0.94,27318.0,938.0,545.0
MFIL,1/23/2020,210.0,210.0,202.0,202.0,-5.61,18987.0,938.0,545.0
MFIL,1/26/2020,199.0,204.0,196.0,198.0,-1.98,16676.0,938.0,545.0
MFIL,1/27/2020,200.0,204.0,196.0,196.0,-1.01,13030.0,938.0,545.0
MFIL,1/28/2020,199.0,208.0,196.0,196.0,0.0,15912.0,938.0,545.0
MFIL,1/29/2020,194.0,197.0,194.0,197.0,0.51,2716.0,938.0,545.0
MFIL,1/30/2020,199.0,200.0,192.0,194.0,-1.52,25150.0,938.0,545.0
MFIL,2/2/2020,197.0,202.0,196.0,197.0,1.55,22835.0,938.0,545.0
MFIL,2/3/2020,194.0,199.0,193.0,195.0,-1.02,10441.0,938.0,545.0
MFIL,2/4/2020,192.0,198.0,189.0,194.0,-0.51,8435.0,938.0,545.0
MFIL,2/5/2020,191.0,200.0,191.0,198.0,2.06,15026.0,938.0,545.0
MFIL,2/6/2020,196.0,196.0,193.0,195.0,-1.52,5708.0,938.0,545.0
MFIL,2/9/2020,194.0,195.0,193.0,195.0,0.0,12515.0,938.0,545.0
MFIL,2/10/2020,194.0,194.0,193.0,194.0,-0.51,6080.0,938.0,545.0
MFIL,2/11/2020,197.0,197.0,193.0,193.0,-0.52,9456.0,938.0,545.0
MFIL,2/12/2020,193.0,197.0,192.0,192.0,-0.52,12903.0,938.0,545.0
MFIL,2/13/2020,192.0,199.0,192.0,193.0,0.52,7387.0,938.0,545.0
MFIL,2/16/2020,195.0,195.0,190.0,192.0,-0.52,19080.0,938.0,545.0
MFIL,2/17/2020,195.0,197.0,194.0,197.0,2.6,15092.0,938.0,545.0
MFIL,2/18/2020,200.0,200.0,193.0,197.0,0.0,21523.0,938.0,545.0
MFIL,2/19/2020,200.0,200.0,193.0,196.0,-0.51,7587.0,938.0,545.0
MFIL,2/20/2020,196.0,207.0,196.0,203.0,3.57,25896.0,938.0,545.0
MFIL,2/23/2020,199.0,216.0,199.0,209.0,2.96,42612.0,938.0,545.0
MFIL,2/24/2020,205.0,229.0,205.0,229.0,9.57,107272.0,938.0,545.0
MFIL,2/25/2020,233.0,251.0,233.0,251.0,9.61,119819.0,938.0,545.0
MFIL,2/26/2020,256.0,276.0,251.0,255.0,1.59,101971.0,938.0,545.0
MFIL,2/27/2020,250.0,265.0,245.0,253.0,-0.78,91836.0,938.0,545.0
MFIL,3/1/2020,258.0,278.0,258.0,278.0,9.88,205945.0,938.0,545.0
MFIL,3/2/2020,283.0,300.0,262.0,262.0,-5.76,64618.0,938.0,545.0
MFIL,3/3/2020,261.0,288.0,259.0,288.0,9.92,133497.0,938.0,545.0
MFIL,3/4/2020,293.0,293.0,272.0,290.0,0.69,67586.0,938.0,545.0
MFIL,3/5/2020,290.0,319.0,280.0,319.0,10.0,268753.0,938.0,545.0
MFIL,3/10/2020,334.0,334.0,288.0,288.0,-9.72,46764.0,938.0,545.0
MFIL,3/11/2020,290.0,300.0,279.0,297.0,3.12,116068.0,938.0,545.0
MFIL,3/12/2020,292.0,294.0,283.0,287.0,-3.37,65231.0,938.0,545.0
MFIL,3/15/2020,301.0,301.0,268.0,268.0,-6.62,81402.0,938.0,545.0
MFIL,3/16/2020,273.0,284.0,257.0,283.0,5.6,25521.0,938.0,545.0
MFIL,3/17/2020,288.0,288.0,265.0,265.0,-6.36,8684.0,938.0,545.0
MFIL,3/18/2020,270.0,270.0,245.0,259.0,-2.26,14152.0,938.0,545.0
MFIL,3/19/2020,254.0,257.0,241.0,243.0,-6.18,42618.0,938.0,545.0
MFIL,3/22/2020,247.0,256.0,239.0,250.0,2.88,340.0,938.0,545.0
MFIL,5/12/2020,248.0,248.0,243.0,243.0,-2.8,50.0,938.0,545.0
MFIL,6/29/2020,239.0,239.0,219.0,240.0,-1.23,16402.0,938.0,545.0
MFIL,6/30/2020,244.0,257.0,244.0,252.0,5.0,1663.0,938.0,545.0
MFIL,7/1/2020,257.0,267.0,257.0,262.0,3.97,3813.0,938.0,545.0
MFIL,7/2/2020,257.0,261.0,256.0,256.0,-2.29,3700.0,938.0,545.0
MFIL,7/5/2020,256.0,265.0,246.0,258.0,0.78,17294.0,938.0,545.0
MFIL,7/6/2020,258.0,260.0,253.0,260.0,0.78,8717.0,938.0,545.0
MFIL,7/7/2020,257.0,286.0,257.0,286.0,10.0,20070.0,938.0,545.0
MFIL,7/8/2020,286.0,290.0,271.0,285.0,-0.35,7381.0,938.0,545.0
MFIL,7/9/2020,282.0,288.0,275.0,288.0,1.05,14991.0,938.0,545.0
MFIL,7/12/2020,293.0,316.0,281.0,316.0,9.72,37057.0,938.0,545.0
MFIL,7/13/2020,316.0,316.0,298.0,305.0,-3.48,27134.0,938.0,545.0
MFIL,7/14/2020,300.0,311.0,300.0,300.0,-1.64,7197.0,938.0,545.0
MFIL,7/15/2020,301.0,310.0,300.0,308.0,2.67,41962.0,938.0,545.0
MFIL,7/16/2020,314.0,314.0,303.0,308.0,0.0,35052.0,938.0,545.0
MFIL,7/19/2020,314.0,338.0,314.0,338.0,9.74,1560.0,938.0,545.0
MFIL,7/20/2020,354.0,354.0,305.0,305.0,-9.76,60853.0,938.0,545.0
MFIL,7/21/2020,300.0,311.0,292.0,297.0,-2.62,41943.0,938.0,545.0
MFIL,7/22/2020,310.0,310.0,284.0,297.0,0.0,11970.0,938.0,545.0
MFIL,7/23/2020,293.0,299.0,283.0,295.0,-0.67,9487.0,938.0,545.0
MFIL,7/26/2020,290.0,295.0,287.0,292.0,-1.02,14992.0,938.0,545.0
MFIL,7/27/2020,295.0,297.0,289.0,293.0,0.34,8659.0,938.0,545.0
MFIL,7/28/2020,298.0,298.0,279.0,293.0,0.0,15657.0,938.0,545.0
MFIL,7/29/2020,288.0,289.0,283.0,287.0,-2.05,11410.0,938.0,545.0
MFIL,7/30/2020,292.0,292.0,279.0,285.0,-0.7,5211.0,938.0,545.0
MFIL,8/2/2020,280.0,288.0,265.0,270.0,-5.26,29414.0,938.0,545.0
MFIL,8/3/2020,275.0,276.0,268.0,271.0,0.37,8757.0,938.0,545.0
MFIL,8/5/2020,271.0,275.0,263.0,270.0,-0.37,12529.0,938.0,545.0
MFIL,8/6/2020,275.0,285.0,268.0,272.0,0.74,4256.0,938.0,545.0
MFIL,8/9/2020,277.0,292.0,267.0,285.0,4.78,22461.0,938.0,545.0
MFIL,8/10/2020,290.0,294.0,274.0,279.0,-2.11,36547.0,938.0,545.0
MFIL,8/11/2020,281.0,283.0,272.0,273.0,-2.15,22714.0,938.0,545.0
MFIL,8/12/2020,276.0,278.0,272.0,277.0,1.47,5157.0,938.0,545.0
MFIL,8/13/2020,277.0,277.0,272.0,274.0,-1.08,9557.0,938.0,545.0
MFIL,8/16/2020,269.0,273.0,268.0,272.0,-0.73,16966.0,938.0,545.0
MFIL,8/17/2020,270.0,275.0,268.0,269.0,-1.1,8051.0,938.0,545.0
MFIL,8/18/2020,274.0,274.0,270.0,272.0,1.12,3366.0,938.0,545.0
MFIL,8/19/2020,272.0,272.0,267.0,267.0,-1.84,5164.0,938.0,545.0
MFIL,8/20/2020,270.0,275.0,267.0,270.0,1.12,3874.0,938.0,545.0
MFIL,8/23/2020,274.0,275.0,270.0,270.0,0.0,2149.0,938.0,545.0
MFIL,8/24/2020,270.0,277.0,270.0,276.0,2.22,10686.0,938.0,545.0
MFIL,8/25/2020,274.0,278.0,274.0,274.0,-0.72,6452.0,938.0,545.0
MFIL,8/26/2020,279.0,286.0,277.0,282.0,2.92,23419.0,938.0,545.0
MFIL,8/27/2020,282.0,292.0,277.0,280.0,-0.71,11695.0,938.0,545.0
MFIL,8/30/2020,277.0,281.0,275.0,278.0,-0.71,14551.0,938.0,545.0
MFIL,8/31/2020,280.0,281.0,275.0,280.0,0.72,23167.0,938.0,545.0
MFIL,9/2/2020,283.0,290.0,277.0,282.0,0.71,60527.0,938.0,545.0
MFIL,9/3/2020,286.0,287.0,278.0,281.0,-0.35,10564.0,938.0,545.0
MFIL,9/6/2020,295.0,295.0,278.0,282.0,0.36,44349.0,938.0,545.0
MFIL,9/7/2020,279.0,284.0,279.0,284.0,0.71,10459.0,938.0,545.0
MFIL,9/8/2020,298.0,309.0,286.0,302.0,6.34,147196.0,938.0,545.0
MFIL,9/9/2020,302.0,317.0,299.0,299.0,-0.99,41622.0,938.0,545.0
MFIL,9/10/2020,296.0,310.0,296.0,304.0,1.67,30786.0,938.0,545.0
MFIL,9/13/2020,301.0,307.0,297.0,302.0,-0.66,39420.0,938.0,545.0
MFIL,9/14/2020,303.0,304.0,300.0,301.0,-0.33,21778.0,938.0,545.0
MFIL,9/15/2020,316.0,316.0,297.0,298.0,-1.0,15880.0,938.0,545.0
MFIL,9/16/2020,298.0,303.0,297.0,299.0,0.34,18362.0,938.0,545.0
MFIL,9/17/2020,310.0,312.0,299.0,310.0,3.68,70710.0,938.0,545.0
MFIL,9/20/2020,316.0,321.0,303.0,314.0,1.29,35121.0,938.0,545.0
MFIL,9/21/2020,315.0,317.0,309.0,314.0,0.0,32778.0,938.0,545.0
MFIL,9/22/2020,310.0,312.0,305.0,308.0,-1.91,30781.0,938.0,545.0
MFIL,9/23/2020,305.0,310.0,305.0,310.0,0.65,19718.0,938.0,545.0
MFIL,9/24/2020,306.0,310.0,305.0,309.0,-0.32,22128.0,938.0,545.0
MFIL,9/27/2020,309.0,313.0,306.0,306.0,-0.97,27638.0,938.0,545.0
MFIL,9/28/2020,309.0,310.0,306.0,306.0,0.0,15758.0,938.0,545.0
MFIL,9/29/2020,308.0,310.0,306.0,306.0,0.0,11984.0,938.0,545.0
MFIL,9/30/2020,306.0,308.0,305.0,305.0,-0.33,12845.0,938.0,545.0
MFIL,10/1/2020,305.0,309.0,303.0,304.0,-0.33,22911.0,938.0,545.0
MFIL,10/4/2020,310.0,313.0,306.0,306.0,0.66,13636.0,938.0,545.0
MFIL,10/5/2020,305.0,311.0,301.0,305.0,-0.33,18596.0,938.0,545.0
MFIL,10/6/2020,305.0,308.0,300.0,306.0,0.33,53608.0,938.0,545.0
MFIL,10/7/2020,307.0,308.0,302.0,307.0,0.33,15022.0,938.0,545.0
MFIL,10/8/2020,310.0,313.0,305.0,305.0,-0.65,17771.0,938.0,545.0
MFIL,10/11/2020,311.0,319.0,311.0,313.0,2.62,69455.0,938.0,545.0
MFIL,10/12/2020,315.0,327.0,309.0,327.0,4.47,48878.0,938.0,545.0
MFIL,10/13/2020,330.0,333.0,314.0,320.0,-2.14,29664.0,938.0,545.0
MFIL,10/14/2020,316.0,318.0,313.0,314.0,-1.88,9129.0,938.0,545.0
MFIL,10/15/2020,316.0,333.0,313.0,320.0,1.91,117485.0,938.0,545.0
MFIL,10/18/2020,336.0,336.0,315.0,315.0,-1.56,23838.0,938.0,545.0
MFIL,10/19/2020,330.0,330.0,312.0,316.0,0.32,29683.0,938.0,545.0
MFIL,10/20/2020,313.0,325.0,313.0,322.0,1.9,17683.0,938.0,545.0
MFIL,10/21/2020,321.0,324.0,319.0,323.0,0.31,14315.0,938.0,545.0
MFIL,10/22/2020,320.0,333.0,320.0,327.0,1.24,39648.0,938.0,545.0
MFIL,10/28/2020,328.0,336.0,327.0,336.0,2.75,39588.0,938.0,545.0
MFIL,10/29/2020,335.0,338.0,330.0,333.0,-0.89,54894.0,938.0,545.0
MFIL,11/1/2020,328.0,334.0,327.0,330.0,-0.9,20151.0,938.0,545.0
MFIL,11/2/2020,330.0,333.0,328.0,329.0,-0.3,17876.0,938.0,545.0
MFIL,11/3/2020,333.0,333.0,329.0,329.0,0.0,23062.0,938.0,545.0
MFIL,11/4/2020,332.0,332.0,329.0,330.0,0.3,24825.0,938.0,545.0
MFIL,11/5/2020,335.0,335.0,327.0,328.0,-0.61,29640.0,938.0,545.0
MFIL,11/8/2020,330.0,343.0,326.0,333.0,1.52,52348.0,938.0,545.0
MFIL,11/9/2020,330.0,336.0,329.0,332.0,-0.3,49613.0,938.0,545.0
MFIL,11/10/2020,332.0,344.0,331.0,334.0,0.6,40351.0,938.0,545.0
MFIL,11/11/2020,335.0,338.0,333.0,333.0,-0.3,22812.0,938.0,545.0
MFIL,11/12/2020,334.0,336.0,328.0,329.0,-1.2,33192.0,938.0,545.0
MFIL,11/18/2020,324.0,338.0,324.0,336.0,2.13,25746.0,938.0,545.0
MFIL,11/19/2020,340.0,342.0,330.0,334.0,-0.6,38830.0,938.0,545.0
MFIL,11/22/2020,331.0,335.0,330.0,331.0,-0.9,15935.0,938.0,545.0
MFIL,11/23/2020,335.0,340.0,329.0,331.0,0.0,17409.0,938.0,545.0
MFIL,11/24/2020,332.0,335.0,329.0,333.0,0.6,37912.0,938.0,545.0
MFIL,11/25/2020,334.0,344.0,334.0,344.0,3.3,67448.0,938.0,545.0
MFIL,11/26/2020,355.0,355.0,346.0,355.0,3.2,45288.0,938.0,545.0
MFIL,11/29/2020,358.0,370.0,358.0,370.0,4.23,57132.0,938.0,545.0
MFIL,11/30/2020,375.0,407.0,375.0,380.0,2.7,41302.0,938.0,545.0
MFIL,12/1/2020,387.0,390.0,378.0,387.0,1.84,44870.0,938.0,545.0
MFIL,12/2/2020,390.0,403.0,387.0,403.0,4.13,55660.0,938.0,545.0
MFIL,12/3/2020,404.0,404.0,397.0,403.0,0.0,70041.0,938.0,545.0
MFIL,12/6/2020,407.0,419.0,400.0,407.0,0.99,90853.0,938.0,545.0
MFIL,12/7/2020,427.0,435.0,401.0,409.0,0.49,152994.0,938.0,545.0
MFIL,12/8/2020,412.0,412.0,395.0,400.0,-2.2,104375.0,938.0,545.0
MFIL,12/9/2020,420.0,420.0,394.0,400.0,0.0,87970.0,938.0,545.0
MFIL,12/10/2020,396.0,400.0,392.0,395.0,-1.25,30137.0,938.0,545.0
MFIL,12/13/2020,399.0,399.0,394.0,396.0,0.25,30169.0,938.0,545.0
MFIL,12/14/2020,400.0,400.0,392.0,397.0,0.25,68431.0,938.0,545.0
MFIL,12/15/2020,393.0,396.0,388.0,391.0,-1.51,84738.0,938.0,545.0
MFIL,12/16/2020,397.0,404.0,388.0,392.0,0.26,40649.0,938.0,545.0
MFIL,12/17/2020,390.0,391.0,385.0,385.0,-1.79,71929.0,938.0,545.0
MFIL,12/20/2020,388.0,392.0,373.0,374.0,-2.86,72100.0,938.0,545.0
MFIL,12/21/2020,370.0,394.0,361.0,384.0,2.67,60523.0,938.0,545.0
MFIL,12/22/2020,390.0,395.0,387.0,395.0,2.86,43201.0,938.0,545.0
MFIL,12/23/2020,414.0,414.0,394.0,394.0,-0.25,26948.0,938.0,545.0
MFIL,12/24/2020,390.0,398.0,385.0,390.0,-1.02,38266.0,938.0,545.0
MFIL,12/27/2020,387.0,390.0,379.0,379.0,-2.82,24627.0,938.0,545.0
MFIL,12/28/2020,377.0,385.0,376.0,380.0,0.26,34712.0,938.0,545.0
MFIL,12/29/2020,385.0,385.0,378.0,379.0,-0.26,79804.0,938.0,545.0
MFIL,12/30/2020,321.0,340.0,321.0,337.0,-11.08,93984.0,938.0,545.0
MFIL,12/31/2020,340.0,340.0,325.0,329.0,-2.37,32082.0,938.0,545.0
MFIL,1/3/2021,325.0,330.0,323.0,327.0,-0.61,26255.0,938.0,545.0
MFIL,1/4/2021,321.0,327.0,321.0,325.0,-0.61,28595.0,938.0,545.0
MFIL,1/5/2021,325.0,327.0,319.0,324.0,-0.31,37742.0,938.0,545.0
MFIL,1/6/2021,325.0,325.0,320.0,325.0,0.31,26194.0,938.0,545.0
MFIL,1/7/2021,329.0,340.0,323.0,334.0,2.77,23438.0,938.0,545.0
MFIL,1/10/2021,335.0,338.0,328.0,332.0,-0.6,48396.0,938.0,545.0
MFIL,1/11/2021,337.0,337.0,332.0,334.0,0.6,34165.0,938.0,545.0
MFIL,1/12/2021,335.0,336.0,326.0,334.0,0.0,22428.0,938.0,545.0
MFIL,1/13/2021,334.0,354.0,330.0,353.0,5.69,107911.0,938.0,545.0
MFIL,1/17/2021,370.0,388.0,339.0,388.0,9.92,182679.0,938.0,545.0
MFIL,1/18/2021,390.0,412.0,390.0,409.0,5.41,68535.0,938.0,545.0
MFIL,1/19/2021,390.0,439.0,387.0,435.0,6.36,74761.0,938.0,545.0
MFIL,1/20/2021,438.0,438.0,419.0,425.0,-2.3,59034.0,938.0,545.0
MFIL,1/21/2021,420.0,433.0,418.0,418.0,-1.65,36485.0,938.0,545.0
MFIL,1/24/2021,426.0,426.0,392.0,407.0,-2.63,62584.0,938.0,545.0
MFIL,1/25/2021,402.0,417.0,400.0,406.0,-0.25,52378.0,938.0,545.0
MFIL,1/26/2021,426.0,428.0,400.0,417.0,2.71,62960.0,938.0,545.0
MFIL,1/27/2021,419.0,448.0,400.0,441.0,5.76,115690.0,938.0,545.0
MFIL,1/28/2021,441.0,460.0,433.0,438.0,-0.68,130793.0,938.0,545.0
MFIL,1/31/2021,438.0,444.0,415.0,431.0,-1.6,89577.0,938.0,545.0
MFIL,2/1/2021,428.0,445.0,428.0,445.0,3.25,55507.0,938.0,545.0
MFIL,2/2/2021,450.0,456.0,442.0,446.0,0.22,39379.0,938.0,545.0
MFIL,2/3/2021,455.0,455.0,434.0,440.0,-1.35,24413.0,938.0,545.0
MFIL,2/4/2021,462.0,462.0,424.0,440.0,0.0,30759.0,938.0,545.0
MFIL,2/7/2021,462.0,484.0,443.0,484.0,10.0,95691.0,938.0,545.0
MFIL,2/8/2021,508.0,532.0,494.0,516.0,6.61,144577.0,938.0,545.0
MFIL,2/9/2021,500.0,549.0,500.0,521.0,0.97,64939.0,938.0,545.0
MFIL,2/10/2021,547.0,547.0,501.0,520.0,-0.19,67634.0,938.0,545.0
MFIL,2/11/2021,512.0,529.0,510.0,510.0,-1.92,41112.0,938.0,545.0
MFIL,2/14/2021,535.0,535.0,495.0,515.0,0.98,26228.0,938.0,545.0
MFIL,2/15/2021,525.0,545.0,520.0,540.0,4.85,59913.0,938.0,545.0
MFIL,2/16/2021,567.0,567.0,525.0,536.0,-0.74,51465.0,938.0,545.0
MFIL,2/17/2021,526.0,535.0,519.0,520.0,-2.99,24018.0,938.0,545.0
MFIL,2/18/2021,546.0,546.0,511.0,518.0,-0.38,22959.0,938.0,545.0
MFIL,2/21/2021,515.0,517.0,503.0,511.0,-1.35,14928.0,938.0,545.0
MFIL,2/22/2021,536.0,536.0,502.0,510.0,-0.2,45920.0,938.0,545.0
MFIL,2/23/2021,535.0,535.0,482.0,509.0,-0.2,53343.0,938.0,545.0
MFIL,2/24/2021,534.0,534.0,504.0,505.0,-0.79,28313.0,938.0,545.0
MFIL,2/25/2021,515.0,515.0,491.0,499.0,-1.19,36396.0,938.0,545.0
MFIL,2/28/2021,508.0,508.0,475.0,479.0,-4.01,64623.0,938.0,545.0
MFIL,3/1/2021,488.0,503.0,482.0,502.0,4.8,74426.0,938.0,545.0
MFIL,3/2/2021,492.0,508.0,475.0,490.0,-2.39,59374.0,938.0,545.0
MFIL,3/3/2021,481.0,485.0,472.0,480.0,-2.04,27652.0,938.0,545.0
MFIL,3/4/2021,476.0,500.0,476.0,486.0,1.25,29078.0,938.0,545.0
MFIL,3/7/2021,480.0,492.0,472.0,474.0,-2.47,39902.0,938.0,545.0
MFIL,3/9/2021,470.0,479.0,463.0,464.0,-2.11,21298.0,938.0,545.0
MFIL,3/10/2021,472.0,472.0,460.0,470.0,1.29,45115.0,938.0,545.0
MFIL,3/14/2021,466.0,468.0,453.0,463.0,-1.49,11780.0,938.0,545.0
MFIL,3/15/2021,455.0,468.0,455.0,457.0,-1.3,13903.0,938.0,545.0
MFIL,3/16/2021,457.0,466.0,456.0,465.0,1.75,23869.0,938.0,545.0
MFIL,3/17/2021,457.0,483.0,457.0,475.0,2.15,73005.0,938.0,545.0
MFIL,3/18/2021,475.0,494.0,472.0,492.0,3.58,62139.0,938.0,545.0
MFIL,3/21/2021,501.0,501.0,480.0,493.0,0.2,25168.0,938.0,545.0
MFIL,3/22/2021,493.0,493.0,480.0,484.0,-1.83,20539.0,938.0,545.0
MFIL,3/23/2021,508.0,508.0,475.0,483.0,-0.21,9089.0,938.0,545.0
MFIL,3/24/2021,480.0,489.0,478.0,485.0,0.41,17688.0,938.0,545.0
MFIL,3/25/2021,485.0,489.0,472.0,475.0,-2.06,33833.0,938.0,545.0
MFIL,3/29/2021,476.0,483.0,472.0,474.0,-0.21,24918.0,938.0,545.0
MFIL,3/30/2021,474.0,499.0,473.0,484.0,2.11,12071.0,938.0,545.0
MFIL,3/31/2021,490.0,493.0,484.0,487.0,0.62,13086.0,938.0,545.0
MFIL,4/1/2021,488.0,495.0,486.0,487.0,0.0,21578.0,938.0,545.0
MFIL,4/4/2021,490.0,500.0,488.0,499.0,2.46,33229.0,938.0,545.0
MFIL,4/5/2021,505.0,516.0,505.0,510.0,2.2,75644.0,938.0,545.0
MFIL,4/6/2021,506.0,510.0,496.0,509.0,-0.2,22774.0,938.0,545.0
MFIL,4/7/2021,512.0,512.0,500.0,500.0,-1.77,21532.0,938.0,545.0
MFIL,4/8/2021,504.0,510.0,501.0,505.0,1.0,9225.0,938.0,545.0
MFIL,4/12/2021,503.0,510.0,503.0,508.0,0.59,26519.0,938.0,545.0
MFIL,4/13/2021,511.0,511.0,504.0,504.0,-0.79,17018.0,938.0,545.0
MFIL,4/15/2021,514.0,527.0,510.0,525.0,4.17,103960.0,938.0,545.0
MFIL,4/18/2021,530.0,538.0,517.0,523.0,-0.38,68485.0,938.0,545.0
MFIL,4/19/2021,524.0,551.0,515.0,539.0,3.06,301605.0,938.0,545.0
MFIL,4/20/2021,545.0,549.0,535.0,539.0,0.0,38432.0,938.0,545.0
MFIL,4/21/2021,560.0,565.0,526.0,531.0,-1.48,310092.0,938.0,545.0
MFIL,4/22/2021,531.0,540.0,515.0,518.0,-2.45,106116.0,938.0,545.0
MFIL,4/25/2021,526.0,527.0,490.0,494.0,-4.63,101946.0,938.0,545.0
MFIL,4/26/2021,495.0,507.0,481.0,484.0,-2.02,67409.0,938.0,545.0
MFIL,4/27/2021,493.0,500.0,484.0,499.0,3.1,59072.0,938.0,545.0
MFIL,4/28/2021,499.0,506.0,487.0,498.0,-0.2,28640.0,938.0,545.0
MFIL,4/29/2021,494.0,499.0,490.0,494.0,-0.8,22188.0,938.0,545.0
MFIL,5/2/2021,494.0,503.0,485.0,495.0,0.2,65977.0,938.0,545.0
MFIL,5/3/2021,500.0,510.0,486.0,489.0,-1.21,83690.0,938.0,545.0
MFIL,5/4/2021,495.0,495.0,487.0,489.0,0.0,52807.0,938.0,545.0
MFIL,5/5/2021,498.0,503.0,489.0,500.0,2.25,60575.0,938.0,545.0
MFIL,5/6/2021,525.0,525.0,498.0,509.0,1.8,114225.0,938.0,545.0
MFIL,5/9/2021,510.0,520.0,501.0,502.0,-1.38,59071.0,938.0,545.0
MFIL,5/10/2021,477.0,512.0,477.0,507.0,1.0,25405.0,938.0,545.0
MFIL,5/11/2021,532.0,532.0,503.0,508.0,0.2,32916.0,938.0,545.0
MFIL,5/12/2021,515.0,515.0,504.0,506.0,-0.39,33368.0,938.0,545.0
MFIL,5/13/2021,507.0,522.0,506.0,517.0,2.17,75168.0,938.0,545.0
MFIL,5/16/2021,525.0,535.0,521.0,527.0,1.93,88778.0,938.0,545.0
MFIL,5/17/2021,530.0,540.0,530.0,534.0,1.33,112026.0,938.0,545.0
MFIL,5/18/2021,536.0,550.0,531.0,544.0,1.87,96896.0,938.0,545.0
MFIL,5/19/2021,550.0,561.0,530.0,540.0,-0.74,107827.0,938.0,545.0
MFIL,5/20/2021,513.0,594.0,513.0,594.0,10.0,332965.0,938.0,545.0
MFIL,5/23/2021,600.0,653.0,567.0,646.0,8.75,270715.0,938.0,545.0
MFIL,5/24/2021,655.0,655.0,621.0,630.0,-2.48,249866.0,938.0,545.0
MFIL,5/25/2021,630.0,647.0,617.0,630.0,0.0,155015.0,938.0,545.0
MFIL,5/27/2021,610.0,665.0,594.0,645.0,2.38,155060.0,938.0,545.0
MFIL,5/30/2021,677.0,701.0,639.0,682.0,5.74,188827.0,938.0,545.0
MFIL,5/31/2021,685.0,700.0,670.0,675.0,-1.03,164658.0,938.0,545.0
MFIL,6/1/2021,675.0,693.0,666.0,682.0,1.04,149171.0,938.0,545.0
MFIL,6/2/2021,690.0,750.0,688.0,750.0,9.97,236553.0,938.0,545.0
MFIL,6/3/2021,787.0,825.0,787.0,825.0,10.0,238411.0,938.0,545.0
MFIL,6/6/2021,860.0,860.0,795.0,825.0,0.0,260406.0,938.0,545.0
MFIL,6/7/2021,784.0,907.0,784.0,907.0,9.94,172288.0,938.0,545.0
MFIL,6/8/2021,952.0,997.0,935.0,997.0,9.92,63953.0,938.0,545.0
MFIL,6/9/2021,1025.0,1096.0,980.0,1023.0,2.61,278962.0,938.0,545.0
MFIL,6/10/2021,974.0,1074.0,974.0,1026.0,0.29,174970.0,938.0,545.0
MFIL,6/13/2021,1050.0,1128.0,1030.0,1118.0,8.97,188024.0,938.0,545.0
MFIL,6/14/2021,1125.0,1200.0,1125.0,1150.0,2.86,122604.0,938.0,545.0
MFIL,6/15/2021,1207.0,1207.0,1088.0,1099.0,-4.43,159636.0,938.0,545.0
MFIL,6/16/2021,1045.0,1133.0,990.0,1049.0,-4.55,164709.0,938.0,545.0
MFIL,6/17/2021,997.0,1091.0,997.0,1045.0,-0.38,140843.0,938.0,545.0
MFIL,6/20/2021,997.0,1070.0,990.0,1000.0,-4.31,186167.0,938.0,545.0
MFIL,6/21/2021,950.0,1029.0,950.0,986.0,-1.4,171966.0,938.0,545.0
MFIL,6/22/2021,1000.0,1050.0,970.0,1050.0,6.49,131858.0,938.0,545.0
MFIL,6/23/2021,998.0,1060.0,990.0,996.0,-5.14,103818.0,938.0,545.0
MFIL,6/24/2021,947.0,1026.0,947.0,995.0,-0.1,124207.0,938.0,545.0
MFIL,6/27/2021,1015.0,1045.0,997.0,1000.0,0.5,52969.0,938.0,545.0
MFIL,6/28/2021,1002.0,1021.0,994.0,995.0,-0.5,40215.0,938.0,545.0
MFIL,6/29/2021,1010.0,1010.0,960.0,970.0,-2.51,54508.0,938.0,545.0
MFIL,6/30/2021,1018.0,1018.0,942.0,1003.0,3.4,87258.0,938.0,545.0
MFIL,7/1/2021,1010.0,1020.0,1000.0,1003.0,0.0,98563.0,938.0,545.0
MFIL,7/4/2021,1023.0,1043.0,995.0,1000.0,-0.3,41585.0,938.0,545.0
MFIL,7/5/2021,984.0,1009.0,982.0,982.0,-1.8,37658.0,938.0,545.0
MFIL,7/6/2021,1031.0,1051.0,982.0,990.0,0.81,32300.0,938.0,545.0
MFIL,7/7/2021,1039.0,1039.0,975.0,981.0,-0.91,61449.0,938.0,545.0
MFIL,7/8/2021,1030.0,1030.0,975.0,1022.0,4.18,98955.0,938.0,545.0
MFIL,7/11/2021,1040.0,1110.0,1022.0,1105.0,8.12,162819.0,938.0,545.0
MFIL,7/12/2021,1110.0,1144.0,1057.0,1081.0,-2.17,218567.0,938.0,545.0
MFIL,7/13/2021,1081.0,1155.0,1081.0,1153.0,6.66,156954.0,938.0,545.0
MFIL,7/14/2021,1205.0,1205.0,1150.0,1187.0,2.95,105263.0,938.0,545.0
MFIL,7/15/2021,1200.0,1290.0,1188.0,1280.0,7.83,189222.0,938.0,545.0
MFIL,7/18/2021,1305.0,1370.0,1272.8,1281.0,0.08,314889.0,938.0,545.0
MFIL,7/19/2021,1281.0,1297.0,1235.0,1240.0,-3.2,206746.0,938.0,545.0
MFIL,7/20/2021,1216.0,1261.0,1216.0,1226.0,-1.13,173389.0,938.0,545.0
MFIL,7/22/2021,1226.0,1315.0,1226.0,1280.0,4.4,222728.0,938.0,545.0
MFIL,7/25/2021,1305.0,1305.0,1262.0,1290.0,0.78,150320.0,938.0,545.0
MFIL,7/26/2021,1295.0,1335.0,1295.0,1315.0,1.94,216562.0,938.0,545.0
MFIL,7/27/2021,1288.7,1322.9,1268.0,1322.9,0.6,154865.0,938.0,545.0
MFIL,7/28/2021,1320.0,1350.0,1320.0,1340.0,1.29,139529.0,938.0,545.0
MFIL,7/29/2021,1350.0,1360.0,1321.0,1323.0,-1.27,83613.0,938.0,545.0
MFIL,8/1/2021,1323.0,1339.0,1280.0,1286.0,-2.8,120180.0,938.0,545.0
MFIL,8/2/2021,1286.0,1305.0,1275.0,1275.0,-0.86,62107.0,938.0,545.0
MFIL,8/3/2021,1300.0,1333.0,1280.0,1310.0,2.75,110357.0,938.0,545.0
MFIL,8/4/2021,1283.8,1361.0,1283.8,1309.0,-0.08,74858.0,938.0,545.0
MFIL,8/5/2021,1282.9,1350.0,1282.9,1294.0,-1.15,133188.0,938.0,545.0
MFIL,8/8/2021,1268.2,1319.0,1268.2,1298.0,0.31,63230.0,938.0,545.0
MFIL,8/9/2021,1323.9,1360.0,1263.0,1300.0,0.15,244595.0,938.0,545.0
MFIL,8/10/2021,1325.0,1350.2,1300.0,1328.0,2.15,238003.0,938.0,545.0
MFIL,8/11/2021,1354.5,1354.5,1295.0,1310.0,-1.36,112557.0,938.0,545.0
MFIL,8/12/2021,1336.2,1336.2,1280.0,1282.0,-2.14,91847.0,938.0,545.0
MFIL,8/15/2021,1280.0,1295.0,1231.0,1257.9,-1.88,145764.0,938.0,545.0
MFIL,8/16/2021,1232.8,1299.3,1232.8,1278.0,1.6,90955.0,938.0,545.0
MFIL,8/17/2021,1303.5,1332.0,1278.0,1328.0,3.91,139681.0,938.0,545.0
MFIL,8/18/2021,1350.0,1456.0,1330.0,1370.0,3.16,248484.0,938.0,545.0
MFIL,8/19/2021,1397.4,1423.0,1323.0,1326.0,-3.21,139788.0,938.0,545.0
MFIL,8/24/2021,1340.0,1390.0,1316.0,1330.0,0.3,145955.0,938.0,545.0
MFIL,8/25/2021,1330.0,1354.6,1300.0,1308.0,-1.65,77971.0,938.0,545.0
MFIL,8/26/2021,1331.0,1331.0,1305.0,1320.0,0.92,121456.0,938.0,545.0
MFIL,8/29/2021,1345.0,1346.4,1300.0,1310.0,-0.76,74619.0,938.0,545.0
MFIL,8/31/2021,1310.0,1334.0,1263.0,1268.0,-3.21,94915.0,938.0,545.0
MFIL,9/1/2021,1280.0,1304.0,1240.0,1247.0,-1.66,70741.0,938.0,545.0
MFIL,9/2/2021,1270.0,1270.0,1180.0,1209.0,-3.05,88580.0,938.0,545.0
MFIL,9/5/2021,1200.0,1232.0,1091.0,1127.0,-6.78,89463.0,938.0,545.0
MFIL,9/6/2021,1106.0,1239.0,1106.0,1239.0,9.94,79899.0,938.0,545.0
MFIL,9/7/2021,1263.7,1263.7,1181.0,1195.0,-3.55,72445.0,938.0,545.0
MFIL,9/8/2021,1195.0,1212.0,1150.0,1159.0,-3.01,54685.0,938.0,545.0
MFIL,9/9/2021,1160.0,1189.0,1150.0,1152.0,-0.6,36917.0,938.0,545.0
MFIL,9/12/2021,1160.0,1215.0,1160.0,1200.0,4.17,71827.0,938.0,545.0
MFIL,9/13/2021,1224.0,1248.0,1180.0,1180.0,-1.67,39727.0,938.0,545.0
MFIL,9/14/2021,1200.0,1200.0,1172.0,1180.0,0.0,19148.0,938.0,545.0
MFIL,9/15/2021,1170.1,1189.0,1143.0,1150.0,-2.54,34017.0,938.0,545.0
MFIL,9/16/2021,1150.0,1170.0,1085.0,1096.0,-4.7,84197.0,938.0,545.0
MFIL,9/20/2021,1100.0,1117.0,990.0,1000.0,-8.76,105034.0,938.0,545.0
MFIL,9/21/2021,1000.0,1059.0,950.0,1020.0,2.0,91785.0,938.0,545.0
MFIL,9/22/2021,1040.4,1112.0,1040.0,1099.0,7.75,53509.0,938.0,545.0
MFIL,9/23/2021,1115.0,1155.0,1103.0,1106.0,0.64,77583.0,938.0,545.0
MFIL,9/26/2021,1126.0,1126.0,1070.0,1074.0,-2.89,47208.0,938.0,545.0
MFIL,9/27/2021,1093.0,1093.0,1016.0,1020.1,-5.02,35085.0,938.0,545.0
MFIL,9/28/2021,1001.0,1048.0,965.0,981.0,-3.83,64977.0,938.0,545.0
MFIL,9/29/2021,981.0,1040.0,971.0,1032.0,5.2,51578.0,938.0,545.0
MFIL,9/30/2021,1048.0,1054.0,999.6,1000.0,-3.1,31719.0,938.0,545.0
MFIL,10/3/2021,1015.0,1020.0,975.0,975.0,-2.5,31963.0,938.0,545.0
MFIL,10/4/2021,977.0,1020.0,950.0,970.0,-0.51,28603.0,938.0,545.0
MFIL,10/5/2021,989.0,1008.7,985.0,998.0,2.89,22084.0,938.0,545.0
MFIL,10/6/2021,1005.0,1071.0,1000.1,1050.0,5.21,46105.0,938.0,545.0
MFIL,10/10/2021,1071.0,1134.0,1060.0,1061.0,1.05,55518.0,938.0,545.0
MFIL,10/11/2021,1080.0,1080.0,1025.0,1025.1,-3.38,34103.0,938.0,545.0
MFIL,10/17/2021,1040.0,1063.0,1029.0,1050.0,2.43,18395.0,938.0,545.0
MFIL,10/18/2021,1050.0,1051.0,1000.0,1020.0,-2.86,31988.0,938.0,545.0
MFIL,10/19/2021,999.6,1020.0,980.0,1004.5,-1.52,30064.0,938.0,545.0
MFIL,10/20/2021,1024.0,1064.0,1015.0,1055.0,5.03,24619.0,938.0,545.0
MFIL,10/21/2021,1055.0,1055.0,1015.0,1025.0,-2.84,21065.0,938.0,545.0
MFIL,10/24/2021,1045.0,1055.0,1025.1,1044.9,1.94,25019.0,938.0,545.0
MFIL,10/25/2021,1064.0,1110.0,1055.0,1100.0,5.27,46959.0,938.0,545.0
MFIL,10/26/2021,1121.0,1148.0,1101.0,1130.0,2.73,42334.0,938.0,545.0
MFIL,10/27/2021,1150.0,1150.0,1105.0,1127.0,-0.27,34419.0,938.0,545.0
MFIL,10/28/2021,1130.0,1132.0,1109.0,1123.0,-0.35,48412.0,938.0,545.0
MFIL,10/31/2021,1120.0,1149.5,1115.0,1136.0,1.16,46967.0,938.0,545.0
MFIL,11/1/2021,1113.4,1225.0,1113.4,1150.0,1.23,95188.0,938.0,545.0
MFIL,11/2/2021,1127.0,1160.0,1084.0,1149.8,-0.02,77826.0,938.0,545.0
MFIL,11/3/2021,1130.0,1162.0,1120.0,1147.0,-0.24,30038.0,938.0,545.0
MFIL,11/8/2021,1169.9,1169.9,1127.0,1129.0,-1.57,18519.0,938.0,545.0
MFIL,11/9/2021,1151.5,1151.5,1074.0,1084.0,-3.99,51471.0,938.0,545.0
MFIL,11/11/2021,1062.4,1095.0,1038.0,1038.0,-4.24,36679.0,938.0,545.0
MFIL,11/14/2021,1020.0,1045.0,1019.4,1037.0,-0.1,33777.0,938.0,545.0
MFIL,11/15/2021,1042.4,1064.0,1038.5,1054.0,1.64,25517.0,938.0,545.0
MFIL,11/16/2021,1055.0,1106.7,1055.0,1106.7,5.0,30548.0,938.0,545.0
MFIL,11/17/2021,1110.0,1180.0,1109.0,1140.0,3.01,75291.0,938.0,545.0
MFIL,11/18/2021,1150.0,1200.0,1130.0,1180.0,3.51,125156.0,938.0,545.0
MFIL,11/21/2021,1180.0,1213.0,1162.0,1165.0,-1.27,48609.0,938.0,545.0
MFIL,11/22/2021,1180.0,1188.0,1147.0,1148.0,-1.46,31730.0,938.0,545.0
MFIL,11/23/2021,1148.0,1150.0,1107.0,1121.0,-2.35,37349.0,938.0,545.0
MFIL,11/24/2021,1110.0,1140.0,1088.2,1131.0,0.89,30656.0,938.0,545.0
MFIL,11/25/2021,1121.0,1143.3,1111.0,1117.9,-1.16,15438.0,938.0,545.0
MFIL,11/28/2021,1095.6,1110.0,1061.0,1068.0,-4.46,40349.0,938.0,545.0
MFIL,11/29/2021,1050.0,1110.0,1048.0,1065.1,-0.27,21488.0,938.0,545.0
MFIL,11/30/2021,1068.0,1090.0,1050.0,1070.0,0.46,26953.0,938.0,545.0
MFIL,12/1/2021,1090.0,1099.0,1074.0,1074.0,0.37,26171.0,938.0,545.0
MFIL,12/2/2021,1075.1,1088.0,1040.0,1050.0,-2.23,26988.0,938.0,545.0
MFIL,12/5/2021,1035.0,1046.0,1002.0,1020.0,-2.86,31688.0,938.0,545.0
MFIL,12/6/2021,1020.0,1060.0,990.0,1050.0,2.94,69723.0,938.0,545.0
MFIL,12/7/2021,1071.0,1080.0,1030.9,1035.0,-1.43,44496.0,938.0,545.0
MFIL,12/8/2021,1015.3,1045.0,1015.0,1025.0,-0.97,28911.0,938.0,545.0
MFIL,12/9/2021,1020.0,1040.0,1003.1,1033.0,0.78,34756.0,938.0,545.0
MFIL,12/12/2021,1079.0,1084.9,1035.0,1044.9,1.15,292390.0,938.0,545.0
MFIL,12/13/2021,1044.0,1044.0,982.0,994.0,-4.87,108772.0,938.0,545.0
MFIL,12/14/2021,1012.0,1049.0,1010.0,1049.0,5.53,42688.0,938.0,545.0
MFIL,12/15/2021,1069.0,1090.3,1005.0,1013.0,-3.43,103884.0,938.0,545.0
MFIL,12/16/2021,1015.0,1015.0,990.0,990.9,-2.18,62948.0,938.0,545.0
MFIL,12/20/2021,1009.0,1010.7,959.0,960.0,-3.12,72665.0,938.0,545.0
MFIL,12/21/2021,965.0,985.0,952.0,965.0,0.52,78482.0,938.0,545.0
MFIL,12/22/2021,984.0,1004.0,969.6,995.0,3.11,69538.0,938.0,545.0
MFIL,12/23/2021,1000.0,1039.0,982.0,983.0,-1.21,87311.0,938.0,545.0
MFIL,12/26/2021,1002.6,1019.0,982.0,986.0,0.31,97254.0,938.0,545.0
MFIL,12/27/2021,1003.0,1003.0,960.1,960.5,-2.59,87848.0,938.0,545.0
MFIL,12/28/2021,959.5,970.0,938.0,944.0,-1.72,131774.0,938.0,545.0
MFIL,12/29/2021,960.0,961.9,935.0,939.0,-0.53,236439.0,938.0,545.0
MFIL,1/2/2022,671.0,680.0,635.1,650.0,-30.78,80735.0,938.0,545.0
MFIL,1/3/2022,650.0,666.0,645.0,657.0,1.08,35277.0,938.0,545.0
MFIL,1/4/2022,660.0,665.0,652.0,657.1,0.02,26798.0,938.0,545.0
MFIL,1/5/2022,670.2,683.0,658.6,660.0,0.44,46834.0,938.0,545.0
MFIL,1/6/2022,650.0,673.0,650.0,664.0,0.61,19995.0,938.0,545.0
MFIL,1/9/2022,670.0,687.0,670.0,680.0,2.41,46997.0,938.0,545.0
MFIL,1/10/2022,693.0,722.0,693.0,712.0,4.71,83335.0,938.0,545.0
MFIL,1/11/2022,726.0,781.0,716.0,760.0,6.74,91544.0,938.0,545.0
MFIL,1/12/2022,765.0,789.4,745.0,749.0,-1.45,88481.0,938.0,545.0
MFIL,1/13/2022,749.0,758.0,735.0,758.0,1.2,61174.0,938.0,545.0
MFIL,1/16/2022,773.0,817.0,773.0,816.0,7.65,130015.0,938.0,545.0
MFIL,1/17/2022,830.0,830.0,782.0,810.0,-0.74,68936.0,938.0,545.0
MFIL,1/18/2022,820.0,820.0,783.0,785.0,-3.09,54324.0,938.0,545.0
MFIL,1/19/2022,785.0,800.0,757.0,766.5,-2.36,50878.0,938.0,545.0
MFIL,1/20/2022,766.5,781.0,755.0,779.9,1.75,33760.0,938.0,545.0
MFIL,1/23/2022,764.4,764.4,745.0,752.0,-3.58,77407.0,938.0,545.0
MFIL,1/24/2022,740.0,749.9,697.0,710.0,-5.59,84255.0,938.0,545.0
MFIL,1/25/2022,700.0,730.0,690.0,705.0,-0.7,52244.0,938.0,545.0
MFIL,1/26/2022,705.0,710.0,675.0,687.5,-2.48,33243.0,938.0,545.0
MFIL,1/27/2022,692.0,703.0,686.0,691.0,0.51,28086.0,938.0,545.0
MFIL,1/30/2022,704.8,750.0,704.8,743.5,7.6,38501.0,938.0,545.0
MFIL,1/31/2022,758.3,758.3,730.0,731.0,-1.68,29053.0,938.0,545.0
MFIL,2/1/2022,731.0,744.0,722.0,732.0,0.14,19291.0,938.0,545.0
MFIL,2/3/2022,745.0,760.0,720.0,726.0,-0.82,27877.0,938.0,545.0
MFIL,2/6/2022,726.0,726.0,704.0,706.0,-2.75,25923.0,938.0,545.0
MFIL,2/7/2022,706.0,720.0,695.0,705.0,-0.14,21232.0,938.0,545.0
MFIL,2/8/2022,710.0,752.0,706.0,710.0,0.71,21644.0,938.0,545.0
MFIL,2/9/2022,710.0,710.0,702.0,702.0,-1.13,9021.0,938.0,545.0
MFIL,2/10/2022,710.0,710.0,695.0,695.5,-0.93,24239.0,938.0,545.0
MFIL,2/13/2022,695.0,695.0,666.0,667.0,-4.1,33060.0,938.0,545.0
MFIL,2/14/2022,670.0,689.0,660.0,669.0,0.3,18994.0,938.0,545.0
MFIL,2/15/2022,672.0,682.0,672.0,677.1,1.21,13118.0,938.0,545.0
MFIL,2/16/2022,684.0,685.0,671.0,674.0,-0.46,11451.0,938.0,545.0
MFIL,2/17/2022,675.0,680.0,670.0,670.0,-0.59,14192.0,938.0,545.0
MFIL,2/20/2022,660.0,665.0,635.1,656.0,-2.09,16874.0,938.0,545.0
MFIL,2/21/2022,665.0,665.0,656.0,660.0,0.61,11895.0,938.0,545.0
MFIL,2/22/2022,670.0,675.0,660.0,667.0,1.06,20455.0,938.0,545.0
MFIL,2/23/2022,660.0,679.0,660.0,665.0,-0.3,15181.0,938.0,545.0
MFIL,2/24/2022,665.0,665.0,650.0,652.0,-1.95,19610.0,938.0,545.0
MFIL,2/27/2022,650.0,655.0,640.0,647.0,-0.77,13127.0,938.0,545.0
MFIL,2/28/2022,646.0,660.0,642.0,644.0,-0.46,15499.0,938.0,545.0
MFIL,3/2/2022,638.0,640.0,615.0,615.0,-4.5,21614.0,938.0,545.0
MFIL,3/6/2022,615.0,624.0,610.0,619.0,0.65,19070.0,938.0,545.0
MFIL,3/7/2022,625.0,627.9,603.0,611.0,-1.29,18175.0,938.0,545.0
MFIL,3/9/2022,620.0,622.0,593.0,593.0,-2.95,14736.0,938.0,545.0
MFIL,3/10/2022,600.0,611.9,592.0,611.9,3.19,12581.0,938.0,545.0
MFIL,3/13/2022,624.0,669.0,620.0,667.0,9.0,33613.0,938.0,545.0
MFIL,3/14/2022,678.0,680.0,655.0,662.0,-0.75,8689.0,938.0,545.0
MFIL,3/15/2022,670.0,672.2,646.0,655.0,-1.06,16905.0,938.0,545.0
MFIL,3/16/2022,655.0,668.0,645.0,647.0,-1.22,10023.0,938.0,545.0
MFIL,3/20/2022,650.0,650.0,631.0,632.0,-2.32,9968.0,938.0,545.0
MFIL,3/21/2022,640.0,649.8,634.0,645.0,2.06,8972.0,938.0,545.0
MFIL,3/22/2022,657.0,659.0,646.0,646.0,0.16,12219.0,938.0,545.0
MFIL,3/23/2022,646.0,648.0,635.1,641.0,-0.77,6949.0,938.0,545.0
MFIL,3/24/2022,632.2,640.0,629.0,630.2,-1.68,11677.0,938.0,545.0
MFIL,3/27/2022,620.0,629.0,597.0,599.9,-4.81,55750.0,938.0,545.0
MFIL,3/28/2022,605.0,606.0,578.0,582.0,-2.98,31060.0,938.0,545.0
MFIL,3/29/2022,582.0,592.0,561.6,565.0,-2.92,34052.0,938.0,545.0
MFIL,3/30/2022,576.0,585.0,544.0,580.0,2.65,36489.0,938.0,545.0
MFIL,3/31/2022,588.0,591.0,565.5,566.0,-2.41,23794.0,938.0,545.0
MFIL,4/3/2022,567.0,567.1,549.2,551.1,-2.63,19403.0,938.0,545.0
MFIL,4/4/2022,552.0,560.0,546.5,551.0,-0.02,15863.0,938.0,545.0
MFIL,4/5/2022,545.0,550.0,530.0,533.1,-3.25,31307.0,938.0,545.0
MFIL,4/6/2022,530.0,533.0,515.0,520.0,-2.46,21151.0,938.0,545.0
MFIL,4/7/2022,520.0,538.9,511.1,530.0,1.92,23234.0,938.0,545.0
MFIL,4/11/2022,535.0,550.0,518.0,518.0,-2.26,27293.0,938.0,545.0
MFIL,4/12/2022,515.0,515.0,500.0,501.5,-3.19,24496.0,938.0,545.0
MFIL,4/13/2022,503.0,509.0,490.0,500.0,-0.3,24960.0,938.0,545.0
MFIL,4/17/2022,510.0,510.0,490.0,493.0,-1.4,18348.0,938.0,545.0
MFIL,4/18/2022,493.0,493.0,468.0,472.0,-4.26,30832.0,938.0,545.0
MFIL,4/19/2022,472.0,480.0,450.0,465.5,-1.38,26192.0,938.0,545.0
MFIL,4/20/2022,465.5,465.5,444.0,446.1,-4.17,28585.0,938.0,545.0
MFIL,4/21/2022,450.0,464.0,430.0,448.0,0.43,20361.0,938.0,545.0
MFIL,4/24/2022,450.0,492.8,450.0,492.8,10.0,30986.0,938.0,545.0
MFIL,4/25/2022,502.6,519.0,485.1,495.0,0.45,49070.0,938.0,545.0
MFIL,4/26/2022,500.0,510.0,485.5,489.0,-1.21,15252.0,938.0,545.0
MFIL,4/27/2022,497.0,497.0,483.0,491.5,0.51,11706.0,938.0,545.0
MFIL,4/28/2022,498.0,500.0,488.0,488.2,-0.67,15307.0,938.0,545.0
MFIL,5/2/2022,492.0,492.0,465.0,468.0,-4.14,19018.0,938.0,545.0
MFIL,5/4/2022,468.0,470.0,450.0,455.0,-2.78,11729.0,938.0,545.0
MFIL,5/5/2022,455.0,462.0,444.0,446.7,-1.82,15554.0,938.0,545.0
MFIL,5/8/2022,446.0,464.1,437.5,460.0,2.98,12392.0,938.0,545.0
MFIL,5/9/2022,466.0,485.0,457.0,473.0,2.83,17049.0,938.0,545.0
MFIL,5/10/2022,473.0,496.0,470.1,495.0,4.65,12942.0,938.0,545.0
MFIL,5/11/2022,495.0,510.0,495.0,507.0,2.42,18949.0,938.0,545.0
MFIL,5/12/2022,517.0,522.0,494.9,507.0,0.0,24865.0,938.0,545.0
MFIL,5/17/2022,500.0,500.0,477.0,479.0,-5.52,16781.0,938.0,545.0
MFIL,5/18/2022,479.0,494.0,461.0,466.1,-2.69,17180.0,938.0,545.0
MFIL,5/19/2022,475.0,484.0,465.0,465.5,-0.13,9701.0,938.0,545.0
MFIL,5/20/2022,470.0,473.9,460.6,460.6,-1.05,8819.0,938.0,545.0
MFIL,5/23/2022,468.0,468.0,450.1,459.0,-0.35,7444.0,938.0,545.0
MFIL,5/24/2022,459.0,489.3,452.0,470.0,2.4,7857.0,938.0,545.0
MFIL,5/25/2022,478.0,479.0,468.0,469.0,-0.21,7569.0,938.0,545.0
MFIL,5/26/2022,472.0,477.5,469.0,469.9,0.19,5245.0,938.0,545.0
MFIL,5/27/2022,475.0,475.0,459.0,462.0,-1.68,11101.0,938.0,545.0
MFIL,5/30/2022,466.0,466.0,452.3,452.3,-2.1,8441.0,938.0,545.0
MFIL,5/31/2022,454.0,456.1,445.0,449.9,-0.53,12159.0,938.0,545.0
MFIL,6/1/2022,455.0,455.0,444.0,446.0,-0.87,7903.0,938.0,545.0
MFIL,6/2/2022,440.0,455.0,440.0,446.0,0.0,8764.0,938.0,545.0
MFIL,6/3/2022,454.9,454.9,439.0,439.0,-1.57,11026.0,938.0,545.0
MFIL,6/6/2022,445.0,450.0,440.0,443.0,0.91,14259.0,938.0,545.0
MFIL,6/7/2022,440.0,445.0,430.1,434.0,-2.03,10187.0,938.0,545.0
MFIL,6/8/2022,434.0,455.0,434.0,448.0,3.23,11997.0,938.0,545.0
MFIL,6/9/2022,456.0,467.0,447.0,448.0,0.0,15808.0,938.0,545.0
MFIL,6/10/2022,448.0,455.0,436.1,442.0,-1.34,6577.0,938.0,545.0
MFIL,6/13/2022,449.9,449.9,433.2,440.0,-0.45,5205.0,938.0,545.0
MFIL,6/14/2022,440.0,440.0,430.0,430.0,-2.27,9967.0,938.0,545.0
MFIL,6/15/2022,430.0,430.0,411.0,417.0,-3.02,16852.0,938.0,545.0
MFIL,6/16/2022,417.0,430.0,410.0,420.0,0.72,6395.0,938.0,545.0
MFIL,6/17/2022,428.0,430.0,416.5,423.0,0.71,2792.0,938.0,545.0
MFIL,6/19/2022,415.5,419.0,404.0,404.0,-4.49,14558.0,938.0,545.0
MFIL,6/20/2022,404.0,404.0,384.2,390.0,-3.47,19802.0,938.0,545.0
MFIL,6/21/2022,384.0,405.9,384.0,400.5,2.69,15779.0,938.0,545.0
MFIL,6/22/2022,396.0,399.9,390.0,396.9,-0.9,6581.0,938.0,545.0
MFIL,6/23/2022,404.0,404.8,377.0,378.0,-4.76,14984.0,938.0,545.0
MFIL,6/24/2022,378.5,389.0,362.0,381.0,0.79,12245.0,938.0,545.0
MFIL,6/26/2022,388.0,412.0,388.0,411.0,7.87,27384.0,938.0,545.0
MFIL,6/27/2022,419.0,426.0,403.0,404.0,-1.7,22089.0,938.0,545.0
MFIL,6/28/2022,396.0,403.0,388.1,396.0,-1.98,7247.0,938.0,545.0
MFIL,6/29/2022,398.0,409.0,398.0,409.0,3.28,13392.0,938.0,545.0
MFIL,6/30/2022,416.0,432.9,410.0,432.0,5.62,24090.0,938.0,545.0
MFIL,7/1/2022,440.6,448.0,427.0,441.0,2.08,18082.0,938.0,545.0
MFIL,7/3/2022,449.8,460.0,443.0,455.0,3.17,30116.0,938.0,545.0
MFIL,7/4/2022,464.1,487.5,445.0,450.0,-1.1,48368.0,938.0,545.0
MFIL,7/5/2022,444.0,464.0,428.4,434.9,-3.36,30602.0,938.0,545.0
MFIL,7/6/2022,440.0,448.0,419.0,445.0,2.32,26118.0,938.0,545.0
MFIL,7/7/2022,453.9,462.0,430.1,438.0,-1.57,19767.0,938.0,545.0
MFIL,7/8/2022,435.0,443.0,430.5,430.5,-1.71,4397.0,938.0,545.0
MFIL,7/11/2022,422.0,430.0,403.0,406.0,-5.69,26051.0,938.0,545.0
MFIL,7/12/2022,414.0,416.0,400.0,414.5,2.09,10283.0,938.0,545.0
MFIL,7/13/2022,422.6,441.6,411.2,439.0,5.91,18371.0,938.0,545.0
MFIL,7/14/2022,447.7,455.0,439.0,444.0,1.14,21537.0,938.0,545.0
MFIL,7/15/2022,452.0,452.0,435.2,447.0,0.68,7007.0,938.0,545.0
MFIL,7/17/2022,440.0,459.0,439.0,444.0,-0.67,9156.0,938.0,545.0
MFIL,7/18/2022,449.0,450.0,437.0,448.0,0.9,12359.0,938.0,545.0
MFIL,7/19/2022,456.0,462.0,445.0,454.0,1.34,15890.0,938.0,545.0
MFIL,7/20/2022,455.0,470.0,450.0,463.0,1.98,20429.0,938.0,545.0
MFIL,7/21/2022,464.0,465.0,454.0,457.0,-1.3,12203.0,938.0,545.0
MFIL,7/22/2022,449.0,456.0,440.2,445.0,-2.63,11075.0,938.0,545.0
MFIL,7/24/2022,453.9,475.0,445.1,471.0,5.84,34650.0,938.0,545.0
MFIL,7/25/2022,479.0,505.0,479.0,500.0,6.16,59091.0,938.0,545.0
MFIL,7/26/2022,500.0,508.0,483.1,485.0,-3.0,50094.0,938.0,545.0
MFIL,7/27/2022,475.3,502.0,470.0,500.0,3.09,41051.0,938.0,545.0
MFIL,7/28/2022,510.0,527.0,499.0,506.0,1.2,78964.0,938.0,545.0
MFIL,7/29/2022,508.0,528.0,500.0,519.7,2.71,30707.0,938.0,545.0
MFIL,7/31/2022,525.0,527.0,510.1,516.0,-0.71,47787.0,938.0,545.0
MFIL,8/1/2022,510.0,519.8,506.0,510.0,-1.16,27262.0,938.0,545.0
MFIL,8/2/2022,506.0,514.0,500.0,510.0,0.0,27807.0,938.0,545.0
MFIL,8/3/2022,513.0,525.0,511.0,511.0,0.2,39933.0,938.0,545.0
MFIL,8/4/2022,501.1,515.1,493.0,493.0,-3.52,40615.0,938.0,545.0
MFIL,8/5/2022,484.0,492.0,466.6,467.0,-5.27,30728.0,938.0,545.0
MFIL,8/7/2022,457.7,481.0,457.7,480.0,2.78,47331.0,938.0,545.0
MFIL,8/8/2022,480.0,487.5,470.0,473.0,-1.46,23308.0,938.0,545.0
MFIL,8/9/2022,470.0,476.0,455.0,459.1,-2.94,28189.0,938.0,545.0
MFIL,8/10/2022,452.0,459.0,443.0,445.0,-3.07,27749.0,938.0,545.0
MFIL,8/11/2022,453.9,453.9,433.0,433.0,-2.7,17183.0,938.0,545.0
MFIL,8/14/2022,435.0,443.0,425.0,425.0,-1.85,19015.0,938.0,545.0
MFIL,8/15/2022,418.0,450.0,418.0,447.8,5.36,26661.0,938.0,545.0
MFIL,8/16/2022,455.9,457.1,430.0,437.0,-2.41,35091.0,938.0,545.0
MFIL,8/17/2022,444.0,444.0,430.1,434.0,-0.69,12352.0,938.0,545.0
MFIL,8/18/2022,442.0,450.0,433.0,450.0,3.69,20445.0,938.0,545.0
MFIL,8/21/2022,459.0,459.0,443.2,445.0,-1.11,14468.0,938.0,545.0
MFIL,8/22/2022,445.0,445.0,435.3,441.2,-0.85,13908.0,938.0,545.0
MFIL,8/23/2022,447.8,447.8,436.3,442.0,0.18,8960.0,938.0,545.0
MFIL,8/24/2022,450.6,450.6,440.1,440.5,-0.34,5772.0,938.0,545.0
MFIL,8/25/2022,449.0,449.0,431.7,431.7,-2.0,8391.0,938.0,545.0
MFIL,8/26/2022,429.0,430.0,425.7,427.0,-1.09,6060.0,938.0,545.0
MFIL,8/28/2022,422.3,430.0,407.0,411.0,-3.75,24514.0,938.0,545.0
MFIL,8/29/2022,411.0,415.0,403.3,414.0,0.73,11459.0,938.0,545.0
MFIL,8/30/2022,419.9,419.9,409.0,409.0,-1.21,7648.0,938.0,545.0
MFIL,8/31/2022,408.0,416.9,401.0,402.0,-1.71,11385.0,938.0,545.0
MFIL,9/1/2022,402.0,411.0,400.0,410.0,1.99,14171.0,938.0,545.0
MFIL,9/2/2022,411.0,415.0,401.8,407.5,-0.61,6241.0,938.0,545.0
MFIL,9/4/2022,415.5,415.6,406.0,408.9,0.34,10426.0,938.0,545.0
MFIL,9/5/2022,405.0,413.0,402.2,407.0,-0.46,6746.0,938.0,545.0
MFIL,9/6/2022,401.1,407.8,399.8,400.0,-1.72,8150.0,938.0,545.0
MFIL,9/7/2022,399.0,400.0,393.1,394.0,-1.5,6975.0,938.0,545.0
MFIL,9/8/2022,394.0,398.9,387.0,398.0,1.02,9723.0,938.0,545.0
MFIL,9/11/2022,398.0,400.0,394.0,395.0,-0.75,11241.0,938.0,545.0
MFIL,9/12/2022,395.0,395.0,382.0,383.1,-3.01,18030.0,938.0,545.0
MFIL,9/13/2022,390.0,400.0,385.0,395.0,3.11,12253.0,938.0,545.0
MFIL,9/14/2022,400.0,422.4,400.0,419.9,6.3,21266.0,938.0,545.0
MFIL,9/15/2022,420.0,423.0,398.5,400.0,-4.74,21919.0,938.0,545.0
MFIL,9/16/2022,392.0,397.0,383.2,393.0,-1.75,12743.0,938.0,545.0
MFIL,9/18/2022,388.0,394.0,384.0,384.0,-2.29,12102.0,938.0,545.0
MFIL,9/20/2022,384.0,384.0,370.1,372.0,-3.12,12138.0,938.0,545.0
MFIL,9/21/2022,377.0,388.0,372.0,376.0,1.08,9659.0,938.0,545.0
MFIL,9/22/2022,383.5,383.5,374.0,374.0,-0.53,7480.0,938.0,545.0
MFIL,9/25/2022,372.0,378.4,369.1,372.0,-0.53,6437.0,938.0,545.0
MFIL,9/27/2022,375.0,387.0,372.2,372.4,0.11,8706.0,938.0,545.0
MFIL,9/28/2022,379.8,386.9,375.0,375.0,0.7,6002.0,938.0,545.0
MFIL,9/29/2022,382.0,386.0,378.5,382.0,1.87,7082.0,938.0,545.0
MFIL,10/9/2022,389.6,396.0,387.0,396.0,3.66,5460.0,938.0,545.0
MFIL,10/10/2022,400.0,404.9,385.0,391.0,-1.26,10019.0,938.0,545.0
MFIL,10/11/2022,385.5,390.0,384.0,385.0,-1.53,3595.0,938.0,545.0
MFIL,10/12/2022,385.0,393.9,380.0,387.0,0.52,5292.0,938.0,545.0
MFIL,10/13/2022,394.7,402.0,385.0,385.0,-0.52,7016.0,938.0,545.0
MFIL,10/16/2022,385.0,390.0,380.3,385.0,0.0,9040.0,938.0,545.0
MFIL,10/17/2022,388.9,388.9,380.0,384.9,-0.03,3085.0,938.0,545.0
MFIL,10/19/2022,390.9,390.9,376.0,377.0,-2.05,6315.0,938.0,545.0
MFIL,10/20/2022,377.0,379.0,372.0,378.5,0.4,4258.0,938.0,545.0
MFIL,10/23/2022,382.0,382.0,377.0,377.0,-0.4,8769.0,938.0,545.0
MFIL,10/31/2022,384.0,395.5,384.0,395.5,4.91,10308.0,938.0,545.0
MFIL,11/1/2022,403.0,420.0,395.2,417.0,5.44,21002.0,938.0,545.0
MFIL,11/2/2022,425.0,429.3,408.7,420.0,0.72,24545.0,938.0,545.0
MFIL,11/3/2022,427.1,443.0,415.0,423.1,0.74,21350.0,938.0,545.0
MFIL,11/6/2022,424.0,443.0,424.0,438.3,3.59,15999.0,938.0,545.0
MFIL,11/7/2022,445.0,461.4,440.0,440.8,0.57,44202.0,938.0,545.0
MFIL,11/8/2022,449.0,453.0,442.2,446.0,1.18,16102.0,938.0,545.0
MFIL,11/9/2022,440.6,446.0,423.0,423.0,-5.16,33186.0,938.0,545.0
MFIL,11/10/2022,431.0,437.0,411.7,418.0,-1.18,18736.0,938.0,545.0
MFIL,11/13/2022,419.9,426.0,410.0,410.0,-1.91,11033.0,938.0,545.0
MFIL,11/14/2022,418.0,427.0,412.0,427.0,4.15,10752.0,938.0,545.0
MFIL,11/15/2022,435.5,435.5,416.0,420.0,-1.64,11918.0,938.0,545.0
MFIL,11/16/2022,428.4,430.0,420.0,420.0,0.0,9466.0,938.0,545.0
MFIL,11/17/2022,421.0,437.5,421.0,426.0,1.43,18425.0,938.0,545.0
MFIL,11/22/2022,426.7,436.0,422.0,422.0,-0.94,9648.0,938.0,545.0
MFIL,11/23/2022,420.1,425.0,414.0,421.0,-0.24,9106.0,938.0,545.0
MFIL,11/24/2022,417.0,430.0,416.0,430.0,2.14,10711.0,938.0,545.0
MFIL,11/27/2022,431.0,445.0,431.0,445.0,3.49,23057.0,938.0,545.0
MFIL,11/28/2022,446.5,450.0,431.0,435.1,-2.22,19749.0,938.0,545.0
MFIL,11/29/2022,430.0,445.0,430.0,443.9,2.02,8156.0,938.0,545.0
MFIL,11/30/2022,437.0,445.0,431.0,440.0,-0.88,5793.0,938.0,545.0
MFIL,12/1/2022,440.1,444.9,436.0,444.9,1.11,6995.0,938.0,545.0
MFIL,12/4/2022,443.0,448.0,438.0,438.0,-1.55,10776.0,938.0,545.0
MFIL,12/5/2022,438.0,439.9,425.0,427.0,-2.51,13887.0,938.0,545.0
MFIL,12/6/2022,433.0,435.0,420.6,426.0,-0.23,10182.0,938.0,545.0
MFIL,12/7/2022,429.0,429.0,417.0,419.0,-1.64,13813.0,938.0,545.0
MFIL,12/11/2022,421.0,424.0,411.0,411.1,-1.89,12357.0,938.0,545.0
MFIL,12/12/2022,411.1,420.0,411.0,418.5,1.8,9287.0,938.0,545.0
MFIL,12/13/2022,422.0,422.0,415.0,416.1,-0.57,7201.0,938.0,545.0
MFIL,12/14/2022,416.1,423.0,415.0,420.0,0.94,5067.0,938.0,545.0
MFIL,12/15/2022,412.0,424.5,407.0,407.0,-3.1,19683.0,938.0,545.0
MFIL,12/18/2022,398.9,398.9,375.0,378.0,-7.13,51202.0,938.0,545.0
MFIL,12/19/2022,372.0,380.0,370.6,379.0,0.26,17311.0,938.0,545.0
MFIL,12/20/2022,375.0,382.0,372.2,375.0,-1.06,21005.0,938.0,545.0
MFIL,12/21/2022,380.0,380.0,368.0,370.0,-1.33,6683.0,938.0,545.0
MFIL,12/22/2022,368.0,375.0,367.1,370.0,0.0,12867.0,938.0,545.0
MFIL,12/26/2022,377.4,395.0,375.0,393.0,6.22,23841.0,938.0,545.0
MFIL,12/27/2022,400.0,427.0,400.0,415.0,5.6,40448.0,938.0,545.0
MFIL,12/28/2022,416.0,436.0,400.1,412.0,-0.72,27379.0,938.0,545.0
MFIL,12/29/2022,415.0,435.5,410.0,432.0,4.85,31094.0,938.0,545.0
MFIL,1/1/2023,440.6,449.9,430.3,434.0,0.46,40778.0,938.0,545.0
MFIL,1/2/2023,434.0,441.0,425.4,437.0,0.69,19506.0,938.0,545.0
MFIL,1/3/2023,432.0,440.0,431.2,434.9,-0.48,25883.0,938.0,545.0
MFIL,1/4/2023,443.0,450.0,434.0,449.5,3.36,28403.0,938.0,545.0
MFIL,1/5/2023,458.0,483.0,450.0,478.0,6.34,76768.0,938.0,545.0
MFIL,1/8/2023,480.0,498.0,460.8,482.0,0.84,60109.0,938.0,545.0
MFIL,1/9/2023,490.0,499.0,482.0,489.0,1.45,49575.0,938.0,545.0
MFIL,1/10/2023,497.0,507.9,460.0,460.0,-5.93,69170.0,938.0,545.0
MFIL,1/12/2023,469.2,485.0,448.6,453.0,-1.52,72045.0,938.0,545.0
MFIL,1/17/2023,459.2,474.0,450.9,467.0,3.09,32329.0,938.0,545.0
MFIL,1/18/2023,476.0,482.0,457.0,464.0,-0.64,34071.0,938.0,545.0
MFIL,1/19/2023,460.0,469.0,456.0,462.0,-0.43,22539.0,938.0,545.0
MFIL,1/23/2023,471.0,482.0,465.0,469.0,1.52,55466.0,938.0,545.0
MFIL,1/24/2023,470.0,494.0,458.0,479.0,2.13,45818.0,938.0,545.0
MFIL,1/25/2023,488.5,508.0,476.0,488.0,1.88,77243.0,938.0,545.0
MFIL,1/26/2023,491.0,500.8,489.1,491.5,0.72,31209.0,938.0,545.0
MFIL,1/29/2023,491.0,506.0,487.0,488.0,-0.71,34460.0,938.0,545.0
MFIL,1/30/2023,487.0,487.0,470.0,470.0,-3.69,38126.0,938.0,545.0
MFIL,1/31/2023,462.0,470.0,456.2,459.5,-2.23,44032.0,938.0,545.0
MFIL,2/1/2023,462.0,466.0,458.5,460.4,0.2,20938.0,938.0,545.0
MFIL,2/2/2023,465.0,466.0,451.3,451.3,-1.98,24621.0,938.0,545.0
MFIL,2/5/2023,460.0,461.0,450.0,454.0,0.6,18518.0,938.0,545.0
MFIL,2/6/2023,450.1,467.0,450.0,461.0,1.54,15202.0,938.0,545.0
MFIL,2/7/2023,469.9,494.0,469.0,492.0,6.72,44968.0,938.0,545.0
MFIL,2/8/2023,499.0,500.0,482.0,484.9,-1.44,32688.0,938.0,545.0
MFIL,2/9/2023,482.0,494.0,476.0,490.0,1.05,30351.0,938.0,545.0
MFIL,2/12/2023,490.0,490.0,461.0,461.0,-5.92,43879.0,938.0,545.0
MFIL,2/14/2023,460.1,472.0,458.1,464.2,0.69,20111.0,938.0,545.0
MFIL,2/15/2023,470.0,473.0,459.0,464.0,-0.04,25606.0,938.0,545.0
MFIL,2/16/2023,467.0,467.0,453.0,453.0,-2.37,27791.0,938.0,545.0
MFIL,2/20/2023,452.0,456.0,448.0,453.0,0.0,25434.0,938.0,545.0
MFIL,2/22/2023,457.0,467.0,455.0,467.0,3.09,14616.0,938.0,545.0
MFIL,2/23/2023,457.7,462.9,450.2,462.9,-0.88,27761.0,938.0,545.0
MFIL,2/26/2023,453.7,465.0,434.0,465.0,0.45,36636.0,938.0,545.0
MFIL,2/27/2023,470.0,472.9,442.0,451.0,-3.01,27159.0,938.0,545.0
MFIL,2/28/2023,453.0,460.0,450.0,454.0,0.67,10734.0,938.0,545.0
MFIL,3/1/2023,451.0,455.0,446.7,453.6,-0.09,12236.0,938.0,545.0
MFIL,3/2/2023,445.0,452.0,440.0,443.0,-2.34,19573.0,938.0,545.0
MFIL,3/5/2023,436.1,437.5,429.0,430.0,-2.93,9992.0,938.0,545.0
MFIL,3/7/2023,437.0,443.0,432.0,433.0,0.7,8616.0,938.0,545.0
MFIL,3/9/2023,441.0,450.0,440.0,446.2,3.05,20236.0,938.0,545.0
MFIL,3/12/2023,455.0,458.0,443.0,443.1,-0.69,16611.0,938.0,545.0
MFIL,3/13/2023,443.1,449.0,436.1,440.0,-0.7,8788.0,938.0,545.0
MFIL,3/14/2023,433.1,452.0,433.1,452.0,2.73,11474.0,938.0,545.0
MFIL,3/15/2023,447.0,449.0,440.6,444.9,-1.57,6325.0,938.0,545.0
MFIL,3/16/2023,440.0,446.0,440.0,442.0,-0.65,5094.0,938.0,545.0
MFIL,3/19/2023,443.0,448.0,438.2,444.8,0.63,7446.0,938.0,545.0
MFIL,3/20/2023,448.0,454.0,445.1,452.8,1.8,12092.0,938.0,545.0
MFIL,3/22/2023,455.0,455.0,443.0,444.0,-1.94,6267.0,938.0,545.0
MFIL,3/23/2023,437.2,444.9,437.0,439.5,-1.01,7456.0,938.0,545.0
MFIL,3/26/2023,435.1,443.0,431.0,431.5,-1.82,12450.0,938.0,545.0
MFIL,3/27/2023,439.5,452.0,428.1,443.0,2.67,15493.0,938.0,545.0
MFIL,3/28/2023,445.0,453.0,444.0,444.0,0.23,10601.0,938.0,545.0
MFIL,3/29/2023,446.0,446.0,438.0,443.5,-0.11,3672.0,938.0,545.0
MFIL,3/30/2023,450.0,450.0,438.0,438.0,-1.24,7959.0,938.0,545.0
MFIL,4/2/2023,439.0,445.0,435.0,435.0,-0.68,5628.0,938.0,545.0
MFIL,4/3/2023,437.8,437.8,426.0,426.8,-1.89,8312.0,938.0,545.0
MFIL,4/4/2023,422.0,429.8,419.0,424.4,-0.56,11018.0,938.0,545.0
MFIL,4/5/2023,424.5,426.0,421.0,423.0,-0.33,8351.0,938.0,545.0
MFIL,4/6/2023,423.2,429.0,420.0,421.0,-0.47,6479.0,938.0,545.0
MFIL,4/9/2023,415.2,422.0,413.2,413.2,-1.85,6499.0,938.0,545.0
MFIL,4/10/2023,420.0,421.0,410.0,418.5,1.28,7884.0,938.0,545.0
MFIL,4/11/2023,415.0,428.0,415.0,426.9,2.01,4562.0,938.0,545.0
MFIL,4/12/2023,434.0,461.0,429.0,461.0,7.99,29286.0,938.0,545.0
MFIL,4/13/2023,461.0,461.5,444.0,445.0,-3.47,24835.0,938.0,545.0
MFIL,4/16/2023,445.0,450.0,437.0,445.0,0.0,5173.0,938.0,545.0
MFIL,4/17/2023,436.6,445.0,433.0,433.0,-2.7,5082.0,938.0,545.0
MFIL,4/18/2023,430.5,445.0,430.5,441.0,1.85,11491.0,938.0,545.0
MFIL,4/19/2023,436.0,450.0,436.0,450.0,2.04,8561.0,938.0,545.0
MFIL,4/20/2023,450.0,450.0,435.0,436.0,-3.11,8114.0,938.0,545.0
MFIL,4/23/2023,436.1,444.0,428.0,435.0,-0.23,8065.0,938.0,545.0
MFIL,4/24/2023,431.0,440.0,430.0,431.0,-0.92,4337.0,938.0,545.0
MFIL,4/25/2023,435.0,443.0,433.0,439.0,1.86,10475.0,938.0,545.0
MFIL,4/26/2023,447.0,447.0,431.5,435.0,-0.91,2503.0,938.0,545.0
MFIL,4/27/2023,429.1,436.0,429.1,432.0,-0.69,5396.0,938.0,545.0
MFIL,4/30/2023,428.0,431.1,426.2,428.0,-0.93,6461.0,938.0,545.0
MFIL,5/2/2023,432.0,438.6,430.0,438.0,2.34,5969.0,938.0,545.0
MFIL,5/3/2023,430.0,435.0,427.0,427.0,-2.51,2868.0,938.0,545.0
MFIL,5/4/2023,430.0,434.5,426.0,432.0,1.17,3662.0,938.0,545.0
MFIL,5/7/2023,430.0,435.0,422.1,422.1,-2.29,3654.0,938.0,545.0
MFIL,5/8/2023,428.0,430.0,418.0,418.0,-0.97,4214.0,938.0,545.0
MFIL,5/9/2023,416.0,432.5,416.0,420.0,0.48,3556.0,938.0,545.0
MFIL,5/10/2023,425.0,425.0,417.0,423.0,0.71,7499.0,938.0,545.0
MFIL,5/11/2023,425.0,429.8,422.3,425.0,0.47,3240.0,938.0,545.0
MFIL,5/14/2023,426.0,428.0,414.1,419.0,-1.41,5723.0,938.0,545.0
MFIL,5/15/2023,424.7,425.0,416.5,419.0,0.0,3077.0,938.0,545.0
MFIL,5/16/2023,427.0,427.0,415.0,420.0,0.24,7604.0,938.0,545.0
MFIL,5/17/2023,422.0,427.5,421.0,427.4,1.76,5192.0,938.0,545.0
MFIL,5/18/2023,433.0,440.0,432.0,434.0,1.54,7758.0,938.0,545.0
MFIL,5/21/2023,442.6,445.0,431.0,433.2,-0.18,7788.0,938.0,545.0
MFIL,5/22/2023,425.5,438.0,425.3,434.0,0.18,3308.0,938.0,545.0
MFIL,5/23/2023,440.0,450.0,435.0,443.4,2.17,12970.0,938.0,545.0
MFIL,5/24/2023,445.0,451.0,440.0,440.0,-0.77,12147.0,938.0,545.0
MFIL,5/28/2023,435.1,447.8,427.0,434.9,-1.16,10271.0,938.0,545.0
MFIL,5/30/2023,430.0,434.9,423.1,428.0,-1.59,11477.0,938.0,545.0
MFIL,5/31/2023,420.0,428.4,418.0,418.0,-2.34,14042.0,938.0,545.0
MFIL,6/1/2023,418.0,425.0,415.0,422.5,1.08,8331.0,938.0,545.0
MFIL,6/4/2023,428.4,439.5,428.0,437.9,3.64,7891.0,938.0,545.0
MFIL,6/5/2023,438.0,444.3,425.0,426.2,-2.67,8948.0,938.0,545.0
MFIL,6/6/2023,430.0,431.9,425.1,430.0,0.89,12563.0,938.0,545.0
MFIL,6/7/2023,438.6,440.0,432.0,433.0,0.7,44060.0,938.0,545.0
MFIL,6/8/2023,439.0,441.0,431.0,437.0,0.92,19487.0,938.0,545.0
MFIL,6/11/2023,437.0,465.0,437.0,462.5,5.84,52696.0,938.0,545.0
MFIL,6/12/2023,471.7,471.7,452.0,455.0,-1.62,32293.0,938.0,545.0
MFIL,6/13/2023,454.0,472.0,451.0,469.0,3.08,61315.0,938.0,545.0
MFIL,6/14/2023,475.0,479.0,460.6,464.0,-1.07,44123.0,938.0,545.0
MFIL,6/15/2023,462.0,464.9,455.0,460.0,-0.86,22616.0,938.0,545.0
MFIL,6/18/2023,469.2,472.0,460.0,469.0,1.96,28537.0,938.0,545.0
MFIL,6/19/2023,475.0,507.0,467.1,490.0,4.48,54056.0,938.0,545.0
MFIL,6/20/2023,495.0,507.9,465.0,472.0,-3.67,53855.0,938.0,545.0
MFIL,6/21/2023,475.0,481.9,460.7,462.0,-2.12,27155.0,938.0,545.0
MFIL,6/22/2023,467.4,480.0,458.0,465.0,0.65,23237.0,938.0,545.0
MFIL,6/25/2023,473.0,498.5,473.0,498.5,7.2,61124.0,938.0,545.0
MFIL,6/26/2023,508.4,520.0,508.0,513.0,2.91,116682.0,938.0,545.0
MFIL,6/27/2023,523.0,558.0,523.0,550.0,7.21,139472.0,938.0,545.0
MFIL,6/28/2023,560.0,561.0,533.0,535.0,-2.73,93694.0,938.0,545.0
MFIL,7/2/2023,543.0,549.0,525.0,530.0,-0.93,88900.0,938.0,545.0
MFIL,7/3/2023,525.2,545.0,523.0,527.5,-0.47,80991.0,938.0,545.0
MFIL,7/4/2023,538.0,545.0,525.0,538.0,1.99,34609.0,938.0,545.0
MFIL,7/5/2023,545.5,548.7,525.0,528.0,-1.86,63210.0,938.0,545.0
MFIL,7/6/2023,517.5,542.0,517.5,530.0,0.38,51533.0,938.0,545.0
MFIL,7/9/2023,519.5,545.7,519.5,545.0,2.83,36274.0,938.0,545.0
MFIL,7/10/2023,550.0,559.8,544.0,553.0,1.47,78092.0,938.0,545.0
MFIL,7/11/2023,560.0,580.0,552.1,570.0,3.07,114913.0,938.0,545.0
MFIL,7/12/2023,572.0,587.0,555.5,566.2,-0.67,67739.0,938.0,545.0
MFIL,7/13/2023,571.0,577.0,553.1,555.0,-1.98,46673.0,938.0,545.0
MFIL,7/16/2023,556.0,564.9,548.0,550.0,-0.9,25243.0,938.0,545.0
MFIL,7/17/2023,550.0,572.0,549.0,571.0,3.82,24932.0,938.0,545.0
MFIL,7/18/2023,569.0,580.0,564.1,564.1,-1.21,40582.0,938.0,545.0
MFIL,7/19/2023,560.0,569.9,554.9,557.5,-1.17,28344.0,938.0,545.0
MFIL,7/20/2023,564.0,564.0,552.0,554.0,-0.63,26055.0,938.0,545.0
MFIL,7/23/2023,563.0,570.0,556.6,565.0,1.99,27520.0,938.0,545.0
MFIL,7/24/2023,553.7,574.9,550.0,555.0,-1.77,34892.0,938.0,545.0
MFIL,7/25/2023,548.5,555.0,538.0,538.1,-3.05,33713.0,938.0,545.0
MFIL,7/26/2023,540.0,545.7,533.0,539.9,0.33,20463.0,938.0,545.0
MFIL,7/27/2023,550.0,550.0,525.5,525.5,-2.67,37831.0,938.0,545.0
MFIL,7/30/2023,534.9,539.8,506.0,511.0,-2.76,36266.0,938.0,545.0
MFIL,7/31/2023,511.0,529.7,511.0,520.0,1.76,31368.0,938.0,545.0
MFIL,8/1/2023,526.9,528.0,497.0,506.0,-2.69,29628.0,938.0,545.0
MFIL,8/2/2023,514.7,520.0,500.0,520.0,2.77,21072.0,938.0,545.0
MFIL,8/3/2023,525.0,528.0,509.0,511.0,-1.73,27127.0,938.0,545.0
MFIL,8/6/2023,520.0,520.0,498.0,506.0,-0.98,21522.0,938.0,545.0
MFIL,8/7/2023,499.0,516.0,498.6,516.0,1.98,17775.0,938.0,545.0
MFIL,8/8/2023,523.9,523.9,498.1,501.0,-2.91,19392.0,938.0,545.0
MFIL,8/9/2023,510.0,527.0,492.0,527.0,5.19,18512.0,938.0,545.0
MFIL,8/10/2023,525.0,529.5,516.0,523.8,-0.61,23033.0,938.0,545.0
MFIL,8/13/2023,528.9,529.9,518.7,529.0,0.99,24064.0,938.0,545.0
MFIL,8/14/2023,530.0,540.0,511.0,531.0,0.38,32748.0,938.0,545.0
MFIL,8/15/2023,528.2,530.0,518.0,519.5,-2.17,22520.0,938.0,545.0
MFIL,8/16/2023,513.0,517.0,510.2,514.8,-0.9,19974.0,938.0,545.0
MFIL,8/17/2023,514.9,523.0,514.9,518.0,0.62,13896.0,938.0,545.0
MFIL,8/20/2023,512.5,518.9,512.0,514.2,-0.73,15841.0,938.0,545.0
MFIL,8/21/2023,506.4,524.0,506.4,514.0,-0.04,12322.0,938.0,545.0
MFIL,8/22/2023,511.1,525.5,511.1,525.0,2.14,11616.0,938.0,545.0
MFIL,8/23/2023,524.0,536.0,524.0,534.8,1.87,17424.0,938.0,545.0
MFIL,8/24/2023,535.0,541.0,518.0,519.1,-2.94,20120.0,938.0,545.0
MFIL,8/27/2023,512.1,518.9,512.1,516.0,-0.6,13894.0,938.0,545.0
MFIL,8/28/2023,518.0,522.9,512.1,518.0,0.39,7104.0,938.0,545.0
MFIL,8/29/2023,515.2,520.9,515.0,519.1,0.21,10807.0,938.0,545.0
MFIL,8/30/2023,519.1,523.0,519.0,520.0,0.17,7181.0,938.0,545.0
MFIL,9/3/2023,517.0,517.0,510.0,510.0,-1.92,13014.0,938.0,545.0
MFIL,9/4/2023,510.0,514.9,500.0,508.0,-0.39,9815.0,938.0,545.0
MFIL,9/5/2023,508.0,511.9,503.2,508.0,0.0,8361.0,938.0,545.0
MFIL,9/7/2023,505.0,506.0,501.1,503.1,-0.96,13359.0,938.0,545.0
MFIL,9/10/2023,504.0,514.0,504.0,513.0,1.97,13023.0,938.0,545.0
MFIL,9/11/2023,520.9,525.5,516.0,525.0,2.34,14677.0,938.0,545.0
MFIL,9/12/2023,515.1,525.0,515.1,521.0,-0.76,7413.0,938.0,545.0
MFIL,9/13/2023,531.3,531.3,517.0,530.0,1.73,13363.0,938.0,545.0
MFIL,9/17/2023,532.0,532.0,515.4,515.4,-2.75,9416.0,938.0,545.0
MFIL,9/18/2023,505.1,524.0,505.1,516.2,0.16,2000.0,938.0,545.0
MFIL,9/19/2023,520.0,530.0,515.0,526.0,1.9,6622.0,938.0,545.0
MFIL,9/21/2023,536.5,547.2,531.1,540.0,2.66,22239.0,938.0,545.0
MFIL,9/24/2023,536.0,544.0,530.0,530.0,-1.85,16918.0,938.0,545.0
MFIL,9/25/2023,534.8,538.0,525.0,525.1,-0.92,5927.0,938.0,545.0
MFIL,9/26/2023,525.0,542.0,525.0,533.0,1.5,7605.0,938.0,545.0
MFIL,9/27/2023,533.0,533.0,525.0,528.0,-0.94,11409.0,938.0,545.0
MFIL,10/1/2023,519.0,525.0,518.0,519.5,-1.61,10662.0,938.0,545.0
MFIL,10/2/2023,513.1,525.0,513.1,517.0,-0.48,14104.0,938.0,545.0
MFIL,10/3/2023,516.0,519.0,510.1,510.1,-1.33,10656.0,938.0,545.0
MFIL,10/4/2023,515.0,526.3,515.0,519.0,1.74,17511.0,938.0,545.0
MFIL,10/5/2023,527.0,527.0,518.0,519.0,0.0,4790.0,938.0,545.0
MFIL,10/8/2023,518.0,518.0,508.0,508.0,-2.12,15447.0,938.0,545.0
MFIL,10/9/2023,509.1,525.3,508.1,510.0,0.39,8819.0,938.0,545.0
MFIL,10/10/2023,512.0,514.0,507.0,510.0,0.0,12429.0,938.0,545.0
MFIL,10/11/2023,512.0,514.1,506.0,510.5,0.1,5341.0,938.0,545.0
MFIL,10/12/2023,510.5,510.5,505.0,508.0,-0.49,9776.0,938.0,545.0
MFIL,10/16/2023,514.9,514.9,498.0,498.0,-1.97,9954.0,938.0,545.0
MFIL,10/17/2023,503.0,512.9,501.0,503.0,1.0,7846.0,938.0,545.0
MFIL,10/18/2023,506.5,512.5,503.1,510.0,1.39,3811.0,938.0,545.0
MFIL,10/19/2023,510.0,514.8,509.0,511.0,0.2,7914.0,938.0,545.0
MFIL,10/29/2023,501.3,511.9,501.2,511.0,0.0,2948.0,938.0,545.0
MFIL,10/30/2023,502.0,510.9,501.0,510.0,-0.2,3806.0,938.0,545.0
MFIL,10/31/2023,510.0,511.9,502.3,511.9,0.37,4170.0,938.0,545.0
MFIL,11/1/2023,506.0,510.0,504.0,508.0,-0.76,3395.0,938.0,545.0
MFIL,11/2/2023,500.3,507.0,498.0,499.0,-1.77,10999.0,938.0,545.0
MFIL,11/5/2023,507.0,507.0,493.0,494.0,-1.0,10078.0,938.0,545.0
MFIL,11/6/2023,503.0,509.0,500.0,500.1,1.23,47902.0,938.0,545.0
MFIL,11/7/2023,501.3,520.0,501.3,514.0,2.78,7997.0,938.0,545.0
MFIL,11/8/2023,510.0,516.0,505.0,510.0,-0.78,5021.0,938.0,545.0
MFIL,11/9/2023,510.0,511.0,506.0,506.0,-0.78,4654.0,938.0,545.0
MFIL,11/20/2023,515.9,520.0,510.0,511.6,1.11,10525.0,938.0,545.0
MFIL,11/21/2023,507.1,516.0,507.1,510.0,-0.31,12221.0,938.0,545.0
MFIL,11/22/2023,510.0,519.0,508.0,513.0,0.59,9780.0,938.0,545.0
MFIL,11/23/2023,509.0,519.0,509.0,512.0,-0.19,6517.0,938.0,545.0
MFIL,11/26/2023,520.0,525.5,510.0,520.2,1.6,12642.0,938.0,545.0
MFIL,11/27/2023,525.0,530.0,522.3,528.0,1.5,38957.0,938.0,545.0
MFIL,11/28/2023,531.0,531.0,523.1,529.0,0.19,14199.0,938.0,545.0
MFIL,11/29/2023,522.0,532.0,518.0,518.2,-2.04,11777.0,938.0,545.0
MFIL,11/30/2023,527.9,527.9,511.0,515.0,-0.62,36267.0,938.0,545.0
MFIL,12/3/2023,504.7,504.7,472.0,489.0,-5.05,52184.0,938.0,545.0
MFIL,12/4/2023,489.5,510.0,488.5,498.2,1.88,23526.0,938.0,545.0
MFIL,12/5/2023,507.9,507.9,493.0,500.0,0.36,13869.0,938.0,545.0
MFIL,12/6/2023,500.0,507.9,496.0,500.0,0.0,11631.0,938.0,545.0
MFIL,12/7/2023,492.6,502.0,492.6,495.0,-1.0,21528.0,938.0,545.0
MFIL,12/10/2023,504.0,523.0,504.0,513.0,3.64,1760.0,938.0,545.0
MFIL,12/11/2023,523.2,533.0,511.0,515.0,0.39,39916.0,938.0,545.0
MFIL,12/12/2023,512.0,531.0,511.0,525.0,1.94,52471.0,938.0,545.0
MFIL,12/13/2023,530.0,544.0,529.0,535.0,1.9,49107.0,938.0,545.0
MFIL,12/14/2023,525.0,540.0,525.0,530.0,-0.93,31490.0,938.0,545.0
MFIL,12/17/2023,519.4,541.0,519.4,539.0,1.7,26142.0,938.0,545.0
MFIL,12/18/2023,544.0,555.0,543.0,545.0,1.11,58823.0,938.0,545.0
MFIL,12/19/2023,545.0,559.0,536.0,551.0,1.1,27393.0,938.0,545.0
MFIL,12/20/2023,551.0,571.2,549.0,569.0,3.27,75964.0,938.0,545.0
MFIL,12/21/2023,558.0,569.0,546.7,555.1,-2.44,77231.0,938.0,545.0
MFIL,12/24/2023,553.1,565.0,553.0,559.0,0.7,66160.0,938.0,545.0
MFIL,12/27/2023,568.0,568.0,540.0,545.0,-2.5,31289.0,938.0,545.0
MFIL,12/28/2023,553.9,555.9,530.6,533.2,-2.17,26381.0,938.0,545.0
MFIL,1/1/2024,535.0,543.0,523.0,523.0,-1.91,28200.0,938.0,545.0
MFIL,1/2/2024,523.0,529.9,516.0,518.0,-0.96,21899.0,938.0,545.0
MFIL,1/3/2024,512.1,528.0,510.0,522.5,0.87,10358.0,938.0,545.0
MFIL,1/4/2024,530.0,532.8,517.0,518.0,-0.86,26421.0,938.0,545.0
MFIL,1/7/2024,518.1,521.0,511.0,512.0,-1.16,22426.0,938.0,545.0
MFIL,1/8/2024,519.0,529.0,513.0,529.0,3.32,22707.0,938.0,545.0
MFIL,1/9/2024,539.4,543.0,531.0,534.8,1.1,37557.0,938.0,545.0
MFIL,1/10/2024,535.0,553.0,535.0,537.0,0.41,35249.0,938.0,545.0
MFIL,1/11/2024,547.0,547.0,528.1,532.0,-0.93,17078.0,938.0,545.0
MFIL,1/14/2024,542.6,542.6,532.0,534.0,0.38,15406.0,938.0,545.0
MFIL,1/16/2024,544.6,555.0,542.0,553.0,3.56,41439.0,938.0,545.0
MFIL,1/17/2024,558.8,562.0,535.5,538.0,-2.71,56249.0,938.0,545.0
MFIL,1/18/2024,538.0,545.0,530.0,540.0,0.37,24396.0,938.0,545.0
MFIL,1/21/2024,529.2,535.0,520.0,522.0,-3.33,41505.0,938.0,545.0
MFIL,1/22/2024,521.0,530.0,515.0,515.0,-1.34,21710.0,938.0,545.0
MFIL,1/23/2024,515.0,523.0,512.1,516.9,0.37,25952.0,938.0,545.0
MFIL,1/24/2024,527.0,527.0,512.0,513.0,-0.75,14557.0,938.0,545.0
MFIL,1/25/2024,510.0,520.0,510.0,511.0,-0.39,13903.0,938.0,545.0
MFIL,1/28/2024,521.2,521.2,510.8,519.0,1.57,10094.0,938.0,545.0
MFIL,1/29/2024,516.0,526.5,516.0,526.0,1.35,16301.0,938.0,545.0
MFIL,1/30/2024,525.0,527.0,520.0,521.1,-0.93,12222.0,938.0,545.0
MFIL,1/31/2024,531.0,531.0,512.3,513.0,-1.55,15719.0,938.0,545.0
MFIL,2/1/2024,510.2,515.9,508.4,513.0,0.0,26777.0,938.0,545.0
MFIL,2/4/2024,503.1,520.0,503.0,510.0,-0.58,15514.0,938.0,545.0
MFIL,2/5/2024,513.0,518.0,512.0,513.5,0.69,5663.0,938.0,545.0
MFIL,2/6/2024,523.7,523.7,513.0,515.0,0.29,7101.0,938.0,545.0
MFIL,2/7/2024,525.3,525.3,514.0,515.1,0.02,14244.0,938.0,545.0
MFIL,2/8/2024,511.1,517.0,510.0,514.0,-0.21,18078.0,938.0,545.0
MFIL,2/11/2024,515.0,523.7,512.0,513.0,-0.19,15973.0,938.0,545.0
MFIL,2/12/2024,514.0,517.5,512.0,517.5,0.88,8943.0,938.0,545.0
MFIL,2/13/2024,510.1,515.0,507.5,508.0,-1.84,18545.0,938.0,545.0
MFIL,2/14/2024,501.0,543.0,501.0,527.1,3.76,99182.0,938.0,545.0
MFIL,2/15/2024,528.0,529.9,519.4,519.4,-1.46,30298.0,938.0,545.0
MFIL,2/18/2024,516.0,516.0,511.0,511.6,-1.5,17039.0,938.0,545.0
MFIL,2/20/2024,510.1,520.5,509.1,510.0,-0.31,13422.0,938.0,545.0
MFIL,2/21/2024,520.0,520.0,510.2,510.2,0.04,10806.0,938.0,545.0
MFIL,2/22/2024,513.0,524.9,506.2,510.0,-0.04,27827.0,938.0,545.0
MFIL,2/25/2024,512.0,520.2,506.1,509.0,-0.2,25108.0,938.0,545.0
MFIL,2/26/2024,506.3,517.0,506.0,515.0,1.18,9724.0,938.0,545.0
MFIL,2/27/2024,515.0,518.0,505.2,512.0,-0.58,7159.0,938.0,545.0
MFIL,2/28/2024,514.9,514.9,503.2,510.0,-0.39,17494.0,938.0,545.0
MFIL,2/29/2024,505.0,510.0,495.1,499.0,-2.16,17625.0,938.0,545.0
MFIL,3/3/2024,496.0,500.0,481.0,486.0,-2.61,19001.0,938.0,545.0
MFIL,3/4/2024,495.7,517.0,495.7,508.0,4.53,4930.0,938.0,545.0
MFIL,3/5/2024,517.9,517.9,493.0,497.5,-2.07,15379.0,938.0,545.0
MFIL,3/6/2024,506.9,510.0,492.0,507.0,1.91,26588.0,938.0,545.0
MFIL,3/7/2024,508.2,517.0,505.0,512.5,1.08,21225.0,938.0,545.0
MFIL,3/10/2024,514.0,520.0,510.0,515.2,0.53,18421.0,938.0,545.0
MFIL,3/12/2024,504.9,525.0,504.9,520.0,0.93,18074.0,938.0,545.0
MFIL,3/13/2024,530.0,534.0,521.0,530.2,1.96,41331.0,938.0,545.0
MFIL,3/14/2024,532.0,537.8,519.1,524.0,-1.17,32686.0,938.0,545.0
MFIL,3/17/2024,524.0,530.0,517.2,524.0,0.0,23437.0,938.0,545.0
MFIL,3/18/2024,525.0,525.0,515.1,518.0,-1.15,14944.0,938.0,545.0
MFIL,3/19/2024,525.0,540.0,525.0,529.0,2.12,49622.0,938.0,545.0
MFIL,3/20/2024,533.0,539.0,519.5,524.0,-0.95,24629.0,938.0,545.0
MFIL,3/21/2024,525.0,535.0,518.3,524.0,0.0,46533.0,938.0,545.0
MFIL,3/25/2024,524.0,526.5,515.1,523.8,-0.04,7290.0,938.0,545.0
MFIL,3/26/2024,518.1,525.0,516.0,517.0,-1.3,19376.0,938.0,545.0
MFIL,3/27/2024,524.9,524.9,508.0,509.0,-1.55,18349.0,938.0,545.0
MFIL,3/28/2024,511.0,513.0,501.3,507.5,-0.29,31645.0,938.0,545.0
MFIL,3/31/2024,507.5,510.0,503.0,507.0,-0.1,13911.0,938.0,545.0
MFIL,4/1/2024,508.0,508.0,480.2,504.5,-0.49,64984.0,938.0,545.0
MFIL,4/2/2024,508.9,509.0,495.0,498.9,-1.11,14373.0,938.0,545.0
MFIL,4/3/2024,504.0,504.0,494.0,504.0,1.02,17100.0,938.0,545.0
MFIL,4/4/2024,504.5,504.5,486.1,497.0,-1.39,40314.0,938.0,545.0
MFIL,4/7/2024,500.0,523.2,493.0,520.0,4.63,49867.0,938.0,545.0
MFIL,4/9/2024,520.1,530.0,512.0,520.0,0.0,57318.0,938.0,545.0
MFIL,4/10/2024,520.0,527.0,505.0,505.0,-2.88,43607.0,938.0,545.0
MFIL,4/14/2024,495.0,517.0,495.0,511.1,1.21,13858.0,938.0,545.0
MFIL,4/15/2024,501.0,520.0,501.0,502.0,-1.78,21461.0,938.0,545.0
MFIL,4/16/2024,503.5,507.0,499.0,501.0,-0.2,12630.0,938.0,545.0
MFIL,4/18/2024,497.0,508.0,495.0,499.0,-0.4,18154.0,938.0,545.0
MFIL,4/21/2024,490.0,509.5,490.0,506.5,1.5,17410.0,938.0,545.0
MFIL,4/22/2024,508.0,508.0,497.2,498.0,-1.68,9876.0,938.0,545.0
MFIL,4/24/2024,507.7,507.8,495.0,498.0,0.0,23579.0,938.0,545.0
MFIL,4/25/2024,506.9,517.0,500.3,504.9,1.39,27240.0,938.0,545.0
MFIL,4/28/2024,505.0,529.0,505.0,518.5,2.69,65426.0,938.0,545.0
MFIL,4/29/2024,525.0,535.0,512.0,530.0,2.22,66671.0,938.0,545.0
MFIL,4/30/2024,530.0,554.0,530.0,538.0,1.51,173584.0,938.0,545.0
MFIL,5/2/2024,538.0,545.0,524.0,524.0,-2.6,45773.0,938.0,545.0
MFIL,5/5/2024,525.0,531.0,509.0,509.3,-2.81,36672.0,938.0,545.0
MFIL,5/6/2024,511.0,518.7,508.0,512.9,0.71,23234.0,938.0,545.0
MFIL,5/7/2024,505.0,517.5,502.0,505.1,-1.52,28131.0,938.0,545.0
MFIL,5/8/2024,515.0,515.0,495.1,514.0,1.76,36533.0,938.0,545.0
MFIL,5/9/2024,518.0,524.0,505.1,505.2,-1.71,18407.0,938.0,545.0
MFIL,5/12/2024,506.1,514.1,503.0,507.9,0.53,18750.0,938.0,545.0
MFIL,5/13/2024,518.0,518.0,500.1,505.2,-0.53,15732.0,938.0,545.0
MFIL,5/14/2024,509.9,513.4,505.0,505.0,-0.04,21884.0,938.0,545.0
MFIL,5/15/2024,514.8,515.0,505.0,508.0,0.59,29758.0,938.0,545.0
MFIL,5/16/2024,510.9,510.9,500.5,503.9,-0.81,26583.0,938.0,545.0
MFIL,5/19/2024,513.9,522.0,501.0,510.0,1.21,54218.0,938.0,545.0
MFIL,5/20/2024,519.8,519.8,507.0,511.0,0.2,28238.0,938.0,545.0
MFIL,5/21/2024,515.0,519.8,508.0,510.0,-0.2,54875.0,938.0,545.0
MFIL,5/22/2024,520.2,520.2,509.0,509.1,-0.18,44711.0,938.0,545.0
MFIL,5/26/2024,510.1,513.0,505.1,508.0,-0.22,22681.0,938.0,545.0
MFIL,5/27/2024,518.1,518.1,503.0,506.5,-0.3,30240.0,938.0,545.0
MFIL,5/29/2024,515.0,516.5,498.0,501.8,-0.93,30387.0,938.0,545.0
MFIL,5/30/2024,501.0,506.0,497.0,503.4,0.32,27857.0,938.0,545.0
MFIL,6/2/2024,505.0,514.8,500.0,506.1,0.54,29297.0,938.0,545.0
MFIL,6/3/2024,514.0,515.0,505.0,507.0,0.18,17898.0,938.0,545.0
MFIL,6/4/2024,514.6,514.6,503.0,508.9,0.37,19833.0,938.0,545.0
MFIL,6/5/2024,504.0,510.0,503.2,506.0,-0.57,22992.0,938.0,545.0
MFIL,6/6/2024,505.0,506.0,498.0,500.0,-1.19,25978.0,938.0,545.0
MFIL,6/9/2024,502.0,506.9,498.1,502.0,0.4,21102.0,938.0,545.0
MFIL,6/10/2024,505.0,511.0,501.0,503.3,0.26,21989.0,938.0,545.0
MFIL,6/11/2024,508.5,513.3,505.6,510.2,1.37,29626.0,938.0,545.0
MFIL,6/12/2024,515.0,520.0,509.0,513.9,0.73,28080.0,938.0,545.0
MFIL,6/13/2024,519.9,538.0,508.1,522.6,1.69,137367.0,938.0,545.0
MFIL,6/16/2024,525.0,539.8,519.5,521.0,-0.31,64803.0,938.0,545.0
MFIL,6/18/2024,521.0,526.0,511.0,512.0,-1.73,24067.0,938.0,545.0
MFIL,6/19/2024,518.8,524.0,512.0,520.0,1.56,29790.0,938.0,545.0
MFIL,6/20/2024,524.9,530.0,517.3,520.0,0.0,40359.0,938.0,545.0
MFIL,6/23/2024,527.0,554.9,521.0,541.1,4.06,115584.0,938.0,545.0
MFIL,6/24/2024,551.1,575.0,540.2,563.0,4.05,255356.0,938.0,545.0
MFIL,6/25/2024,574.2,574.2,543.0,546.0,-3.02,73339.0,938.0,545.0
MFIL,6/26/2024,546.0,549.8,538.1,538.1,-1.45,66081.0,938.0,545.0
MFIL,6/27/2024,542.0,546.7,530.2,530.2,-1.47,41346.0,938.0,545.0
MFIL,6/30/2024,525.1,545.0,525.1,530.1,-0.02,49959.0,938.0,545.0
MFIL,7/1/2024,529.0,536.5,526.0,530.0,-0.02,26899.0,938.0,545.0
MFIL,7/2/2024,540.6,555.0,533.0,541.0,2.08,39767.0,938.0,545.0
MFIL,7/3/2024,542.0,595.1,535.0,594.9,9.96,397306.0,938.0,545.0
MFIL,7/4/2024,606.7,640.5,600.0,620.0,4.22,230316.0,938.0,545.0
MFIL,7/7/2024,620.0,622.0,601.0,604.0,-2.58,173144.0,938.0,545.0
MFIL,7/8/2024,613.0,617.9,594.0,610.0,0.99,96620.0,938.0,545.0
MFIL,7/9/2024,615.0,618.0,610.1,611.0,0.16,44871.0,938.0,545.0
MFIL,7/10/2024,612.0,619.8,611.0,611.0,0.0,60344.0,938.0,545.0
MFIL,7/11/2024,615.0,615.0,603.0,604.0,-1.15,67996.0,938.0,545.0
MFIL,7/14/2024,610.0,627.0,605.0,608.0,0.66,83051.0,938.0,545.0
MFIL,7/15/2024,616.0,620.0,597.0,602.9,-0.84,153153.0,938.0,545.0
MFIL,7/16/2024,602.0,618.0,595.0,611.9,1.49,88543.0,938.0,545.0
MFIL,7/17/2024,618.0,655.0,612.0,650.0,6.23,120483.0,938.0,545.0
MFIL,7/18/2024,655.0,660.0,635.0,635.0,-2.31,164387.0,938.0,545.0
MFIL,7/21/2024,640.0,652.8,623.0,634.0,-0.16,111752.0,938.0,545.0
MFIL,7/22/2024,637.0,644.0,628.0,639.0,0.79,117415.0,938.0,545.0
MFIL,7/23/2024,642.0,656.0,636.3,655.9,2.64,101030.0,938.0,545.0
MFIL,7/24/2024,666.0,674.9,652.8,653.0,-0.44,147432.0,938.0,545.0
MFIL,7/25/2024,659.0,666.0,640.0,649.0,-0.61,91565.0,938.0,545.0
MFIL,7/28/2024,661.9,675.0,641.1,668.0,2.93,124467.0,938.0,545.0
MFIL,7/29/2024,681.3,681.3,650.0,660.0,-1.2,127980.0,938.0,545.0
MFIL,7/30/2024,665.0,707.0,660.0,706.0,6.97,270259.0,938.0,545.0
MFIL,7/31/2024,720.0,771.0,720.0,745.7,5.62,257375.0,938.0,545.0
MFIL,8/1/2024,755.0,800.0,755.0,768.0,2.99,211824.0,938.0,545.0
MFIL,8/5/2024,768.0,780.0,740.0,750.0,-2.34,225153.0,938.0,545.0
MFIL,8/6/2024,750.0,754.0,692.0,692.5,-7.67,252674.0,938.0,545.0
MFIL,8/7/2024,692.5,750.0,680.0,735.0,6.14,158233.0,938.0,545.0
MFIL,8/8/2024,747.0,760.0,720.1,729.8,-0.71,124850.0,938.0,545.0
MFIL,8/11/2024,744.0,749.0,729.0,744.9,2.07,138901.0,938.0,545.0
MFIL,8/12/2024,759.7,772.9,747.1,760.0,2.03,142649.0,938.0,545.0
MFIL,8/13/2024,775.2,800.0,761.3,780.0,2.63,208537.0,938.0,545.0
MFIL,8/14/2024,795.6,857.5,783.0,857.0,9.87,286442.0,938.0,545.0
MFIL,8/15/2024,874.1,917.0,833.0,860.0,0.35,215453.0,938.0,545.0
MFIL,8/18/2024,852.0,878.0,817.0,832.0,-3.26,258800.0,938.0,545.0
MFIL,8/21/2024,848.6,870.0,836.0,848.0,1.92,185622.0,938.0,545.0
MFIL,8/22/2024,864.0,900.0,855.0,867.0,2.24,215605.0,938.0,545.0
MFIL,8/25/2024,884.3,887.0,820.0,825.2,-4.82,191480.0,938.0,545.0
MFIL,8/27/2024,815.0,837.9,778.0,782.1,-5.22,161863.0,938.0,545.0
MFIL,8/28/2024,797.7,811.0,769.4,780.0,-0.27,126909.0,938.0,545.0
MFIL,8/29/2024,780.0,794.0,757.1,762.0,-2.31,128631.0,938.0,545.0
MFIL,9/1/2024,766.0,790.0,730.0,740.0,-2.89,74442.0,938.0,545.0
MFIL,9/2/2024,745.0,803.0,735.0,790.0,6.76,154720.0,938.0,545.0
MFIL,9/3/2024,805.6,819.9,774.2,782.0,-1.01,99261.0,938.0,545.0
MFIL,9/4/2024,797.0,797.0,740.0,746.9,-4.49,95436.0,938.0,545.0
MFIL,9/5/2024,732.0,760.0,722.0,740.0,-0.92,74716.0,938.0,545.0
MFIL,9/8/2024,750.0,754.8,726.2,732.0,-1.08,53509.0,938.0,545.0
MFIL,9/9/2024,734.0,737.0,718.0,721.0,-1.5,77522.0,938.0,545.0
MFIL,9/10/2024,735.0,740.0,716.0,716.0,-0.69,59544.0,938.0,545.0
MFIL,9/11/2024,729.0,729.0,710.1,718.0,0.28,37773.0,938.0,545.0
MFIL,9/12/2024,732.0,744.5,719.0,741.0,3.2,59050.0,938.0,545.0
MFIL,9/15/2024,755.8,765.0,722.0,728.0,-1.75,70823.0,938.0,545.0
MFIL,9/16/2024,723.0,730.0,697.0,700.0,-3.85,47376.0,938.0,545.0
MFIL,9/18/2024,690.0,702.9,680.1,690.0,-1.43,40806.0,938.0,545.0
MFIL,9/22/2024,702.0,717.0,680.1,682.0,-1.16,28657.0,938.0,545.0
MFIL,9/23/2024,695.6,700.0,626.0,638.0,-6.45,53504.0,938.0,545.0
MFIL,9/24/2024,638.0,663.0,616.0,618.0,-3.13,41859.0,938.0,545.0
MFIL,9/25/2024,615.0,638.0,603.0,634.0,2.59,45000.0,938.0,545.0
MFIL,9/26/2024,645.5,656.0,620.0,624.0,-1.58,30935.0,938.0,545.0
MFIL,9/29/2024,613.0,629.2,602.7,608.4,-2.5,40380.0,938.0,545.0
MFIL,9/30/2024,615.0,632.0,615.0,629.4,3.45,25466.0,938.0,545.0
MFIL,10/1/2024,641.9,692.3,641.9,692.3,9.99,65352.0,938.0,545.0
MFIL,10/2/2024,690.0,729.0,690.0,698.0,0.82,76184.0,938.0,545.0
MFIL,10/6/2024,700.0,744.0,694.0,740.0,6.02,62708.0,938.0,545.0
MFIL,10/7/2024,754.8,769.0,725.9,738.0,-0.27,46837.0,938.0,545.0
MFIL,10/8/2024,729.0,739.0,720.0,724.0,-1.9,19200.0,938.0,545.0
MFIL,10/9/2024,720.0,732.9,710.0,730.0,0.83,13441.0,938.0,545.0
MFIL,10/15/2024,732.1,758.0,706.0,756.0,3.56,31241.0,938.0,545.0
MFIL,10/16/2024,758.3,770.0,755.0,764.9,1.18,28348.0,938.0,545.0
MFIL,10/17/2024,763.2,768.0,748.0,751.1,-1.8,31440.0,938.0,545.0
MFIL,10/20/2024,740.0,749.0,720.0,723.0,-3.74,53385.0,938.0,545.0
MFIL,10/21/2024,712.0,729.9,696.1,698.0,-3.46,34592.0,938.0,545.0
MFIL,10/22/2024,698.0,720.0,690.0,720.0,3.15,30569.0,938.0,545.0
MFIL,10/23/2024,734.0,770.0,728.0,768.0,6.67,150052.0,938.0,545.0
MFIL,10/24/2024,775.0,780.5,754.0,755.1,-1.68,85738.0,938.0,545.0
MFIL,10/27/2024,750.0,750.0,735.2,744.8,-1.36,37717.0,938.0,545.0
MFIL,10/28/2024,757.9,772.9,747.0,766.0,2.85,60109.0,938.0,545.0
MFIL,10/29/2024,780.0,790.4,762.0,772.0,0.78,92971.0,938.0,545.0
MFIL,10/30/2024,765.0,778.0,753.0,762.0,-1.3,31710.0,938.0,545.0
MFIL,11/5/2024,769.0,780.0,760.0,760.1,-0.25,30105.0,938.0,545.0
MFIL,11/6/2024,760.1,774.5,755.0,762.5,0.32,25427.0,938.0,545.0
MFIL,11/10/2024,777.0,778.1,765.0,771.5,1.18,33618.0,938.0,545.0
MFIL,11/11/2024,784.9,800.0,774.0,800.0,3.69,116367.0,938.0,545.0
MFIL,11/12/2024,805.0,820.0,798.1,800.0,0.0,88635.0,938.0,545.0
MFIL,11/13/2024,800.0,825.0,798.0,810.2,1.28,72197.0,938.0,545.0
MFIL,11/14/2024,810.2,825.0,810.0,813.2,0.37,77856.0,938.0,545.0
MFIL,11/17/2024,818.0,834.0,807.0,809.0,-0.52,60808.0,938.0,545.0
MFIL,11/19/2024,819.0,819.0,772.0,777.0,-3.96,78125.0,938.0,545.0
MFIL,11/20/2024,777.0,790.0,762.0,773.0,-0.51,48759.0,938.0,545.0
MFIL,11/21/2024,784.9,784.9,740.0,742.5,-3.95,90467.0,938.0,545.0
MFIL,11/24/2024,745.0,760.0,738.0,755.0,1.68,105724.0,938.0,545.0
MFIL,11/25/2024,768.5,799.6,760.0,773.0,2.38,75874.0,938.0,545.0
MFIL,11/26/2024,787.0,788.0,775.0,780.0,0.91,33834.0,938.0,545.0
MFIL,11/27/2024,790.0,793.0,775.0,785.0,0.64,48903.0,938.0,545.0
MFIL,11/28/2024,783.0,784.0,767.1,768.0,-2.17,40712.0,938.0,545.0
MFIL,12/1/2024,752.7,765.0,748.0,755.0,-1.69,51028.0,938.0,545.0
MFIL,12/2/2024,760.0,766.0,746.0,757.0,0.26,38704.0,938.0,545.0
MFIL,12/3/2024,770.0,777.2,739.9,739.9,-2.26,54092.0,938.0,545.0
MFIL,12/4/2024,725.2,769.4,725.2,743.9,0.54,47124.0,938.0,545.0
MFIL,12/5/2024,745.2,753.9,730.0,732.0,-1.6,33599.0,938.0,545.0
MFIL,12/8/2024,728.0,745.6,710.5,724.0,-1.09,43899.0,938.0,545.0
MFIL,12/9/2024,710.0,729.0,695.8,707.0,-2.35,63192.0,938.0,545.0
MFIL,12/10/2024,707.0,710.0,696.0,700.0,-0.99,26890.0,938.0,545.0
MFIL,12/11/2024,703.0,717.0,700.0,712.0,1.71,25016.0,938.0,545.0
MFIL,12/12/2024,720.0,726.0,707.0,707.0,-0.7,38697.0,938.0,545.0
MFIL,12/16/2024,705.0,705.0,680.0,695.0,-1.7,38176.0,938.0,545.0
MFIL,12/17/2024,683.2,704.0,681.1,686.0,-1.29,14474.0,938.0,545.0
MFIL,12/18/2024,699.7,713.0,684.0,685.0,-0.15,25140.0,938.0,545.0
MFIL,12/19/2024,682.2,690.0,670.0,672.0,-1.9,28106.0,938.0,545.0
MFIL,12/22/2024,672.0,684.8,661.7,663.3,-1.29,23237.0,938.0,545.0
MFIL,12/23/2024,670.0,672.0,655.0,668.0,0.71,21043.0,938.0,545.0
MFIL,12/24/2024,679.0,686.0,672.3,685.0,2.54,29620.0,938.0,545.0
MFIL,12/26/2024,685.0,688.0,668.1,670.0,-2.19,17035.0,938.0,545.0
MFIL,12/29/2024,670.0,670.0,650.0,650.0,-2.99,24376.0,938.0,545.0
MFIL,12/31/2024,639.0,648.0,610.0,629.2,-3.2,38757.0,938.0,545.0
MFIL,1/1/2025,639.0,649.9,635.0,645.0,2.51,18164.0,938.0,545.0
MFIL,1/2/2025,636.0,655.0,633.1,647.0,0.31,23626.0,938.0,545.0
MFIL,1/5/2025,659.9,664.9,635.0,635.0,-1.85,38048.0,938.0,545.0
MFIL,1/6/2025,637.0,651.2,635.0,651.2,2.55,45484.0,938.0,545.0
MFIL,1/7/2025,659.9,669.9,652.1,665.0,2.12,31674.0,938.0,545.0
MFIL,1/8/2025,674.5,698.7,674.5,693.0,4.21,45395.0,938.0,545.0
MFIL,1/9/2025,693.0,700.0,670.0,672.0,-3.03,27447.0,938.0,545.0
MFIL,1/12/2025,668.1,668.1,650.0,652.0,-2.98,17785.0,938.0,545.0
MFIL,1/13/2025,658.0,663.1,640.0,649.0,-0.46,32124.0,938.0,545.0
MFIL,1/15/2025,648.9,653.0,634.0,635.0,-2.16,34876.0,938.0,545.0
MFIL,1/16/2025,644.9,648.5,613.0,614.1,-3.29,49906.0,938.0,545.0
MFIL,1/19/2025,620.0,639.0,615.0,633.0,3.08,29787.0,938.0,545.0
MFIL,1/20/2025,633.0,644.9,625.0,630.0,-0.47,52383.0,938.0,545.0
MFIL,1/21/2025,621.1,634.3,621.1,629.9,-0.02,13089.0,938.0,545.0
MFIL,1/22/2025,640.0,644.8,627.0,637.0,1.13,34063.0,938.0,545.0
MFIL,1/23/2025,644.8,648.9,630.5,635.0,-0.31,34191.0,938.0,545.0
MFIL,1/26/2025,630.0,644.9,611.0,616.0,-2.99,41402.0,938.0,545.0
MFIL,1/27/2025,616.0,638.0,612.0,626.0,1.62,36979.0,938.0,545.0
MFIL,1/28/2025,627.0,635.0,620.1,627.0,0.16,20874.0,938.0,545.0
MFIL,2/2/2025,626.0,644.9,626.0,644.9,2.85,25279.0,938.0,545.0
MFIL,2/3/2025,646.5,655.4,638.0,638.0,-1.07,28631.0,938.0,545.0
MFIL,2/4/2025,640.0,641.0,621.0,626.0,-1.88,28701.0,938.0,545.0
MFIL,2/5/2025,626.0,650.1,625.0,648.0,3.51,40857.0,938.0,545.0
MFIL,2/6/2025,654.5,665.1,645.4,647.4,-0.09,67641.0,938.0,545.0
MFIL,2/9/2025,645.1,649.0,635.3,642.1,-0.82,22659.0,938.0,545.0
MFIL,2/10/2025,645.0,650.0,635.0,638.0,-0.64,13531.0,938.0,545.0
MFIL,2/11/2025,645.0,645.0,631.0,632.0,-0.94,23275.0,938.0,545.0
MFIL,2/12/2025,634.0,643.0,630.0,633.0,0.16,20936.0,938.0,545.0
MFIL,2/13/2025,640.0,642.0,630.0,635.1,0.33,34448.0,938.0,545.0
MFIL,2/16/2025,645.5,660.0,638.0,657.0,3.45,73252.0,938.0,545.0
MFIL,2/17/2025,669.0,670.1,654.3,659.0,0.3,42867.0,938.0,545.0
MFIL,2/18/2025,664.0,664.0,638.0,649.0,-1.52,29564.0,938.0,545.0
MFIL,2/20/2025,649.0,658.9,641.0,643.0,-0.92,25493.0,938.0,545.0
MFIL,2/23/2025,643.0,650.0,630.0,643.8,0.12,27915.0,938.0,545.0
MFIL,2/24/2025,651.0,651.0,636.0,640.0,-0.59,32401.0,938.0,545.0
MFIL,2/25/2025,641.0,647.5,638.0,640.0,0.0,23919.0,938.0,545.0
MFIL,2/27/2025,650.6,651.0,639.0,642.0,0.31,27262.0,938.0,545.0
MFIL,3/2/2025,650.0,675.0,646.0,675.0,5.14,50642.0,938.0,545.0
MFIL,3/3/2025,688.5,700.0,665.0,667.0,-1.19,43926.0,938.0,545.0
MFIL,3/4/2025,661.0,677.0,654.0,657.0,-1.5,28059.0,938.0,545.0
MFIL,3/5/2025,650.0,661.0,643.0,655.0,-0.3,24791.0,938.0,545.0
MFIL,3/6/2025,667.0,667.0,647.5,650.0,-0.76,19610.0,938.0,545.0
MFIL,3/9/2025,645.0,657.0,641.1,643.0,-1.08,18943.0,938.0,545.0
MFIL,3/10/2025,643.0,653.9,630.1,635.0,-1.24,19818.0,938.0,545.0
MFIL,3/11/2025,646.5,646.5,622.0,625.0,-1.57,16680.0,938.0,545.0
MFIL,3/12/2025,617.1,630.0,617.1,627.0,0.32,14886.0,938.0,545.0
MFIL,3/16/2025,621.0,629.0,621.0,627.0,0.0,19283.0,938.0,545.0
MFIL,3/17/2025,626.0,633.0,625.0,625.0,-0.32,21883.0,938.0,545.0
MFIL,3/18/2025,637.0,639.8,620.0,620.0,-0.8,13434.0,938.0,545.0
MFIL,3/19/2025,615.0,634.8,615.0,618.0,-0.32,9060.0,938.0,545.0
MFIL,3/20/2025,617.0,626.0,616.7,617.39,-0.1,7762.0,938.0,545.0
MFIL,3/23/2025,619.0,619.2,601.0,602.9,-2.35,23485.0,938.0,545.0
MFIL,3/24/2025,600.0,622.0,600.0,617.01,2.34,17307.0,938.0,545.0
MFIL,3/25/2025,607.0,612.0,595.0,597.91,-3.1,16893.0,938.0,545.0
MFIL,3/26/2025,600.0,606.0,588.0,601.31,0.57,16315.0,938.0,545.0
MFIL,3/27/2025,612.0,620.0,602.0,614.11,2.13,12548.0,938.0,545.0
MFIL,3/30/2025,610.0,626.0,610.0,617.54,0.56,17685.0,938.0,545.0
MFIL,4/1/2025,629.8,629.8,605.1,606.54,-1.78,14472.0,938.0,545.0
MFIL,4/2/2025,605.0,622.0,605.0,613.57,1.16,16085.0,938.0,545.0
MFIL,4/3/2025,606.0,620.0,606.0,608.59,-0.81,18011.0,938.0,545.0
MFIL,4/7/2025,602.0,610.0,599.9,600.17,-1.38,16395.0,938.0,545.0
MFIL,4/8/2025,600.0,604.0,595.0,599.53,-0.11,12813.0,938.0,545.0
MFIL,4/9/2025,587.9,608.0,587.9,599.31,-0.04,11669.0,938.0,545.0
MFIL,4/10/2025,605.0,605.0,597.0,601.31,0.33,10855.0,938.0,545.0
MFIL,4/13/2025,609.0,609.0,597.0,599.37,-0.32,11260.0,938.0,545.0
MFIL,4/15/2025,601.0,608.0,600.0,601.53,0.36,8631.0,938.0,545.0
MFIL,4/16/2025,603.0,604.9,597.3,601.53,0.0,10307.0,938.0,545.0
MFIL,4/17/2025,602.0,610.0,600.1,609.25,1.28,24715.0,938.0,545.0
MFIL,4/20/2025,610.0,610.0,601.1,602.24,-1.15,14390.0,938.0,545.0
MFIL,4/21/2025,604.0,607.4,592.1,593.45,-1.46,31592.0,938.0,545.0
MFIL,4/22/2025,604.0,604.0,595.0,595.32,0.32,19691.0,938.0,545.0
MFIL,4/23/2025,595.0,597.0,585.1,586.55,-1.47,13948.0,938.0,545.0
MFIL,4/24/2025,595.0,595.0,585.0,585.52,-0.18,10338.0,938.0,545.0
MFIL,4/27/2025,597.0,600.0,583.0,585.02,-0.09,12142.0,938.0,545.0
MFIL,4/28/2025,586.0,622.0,581.3,597.28,2.1,20141.0,938.0,545.0
MFIL,4/29/2025,609.2,621.0,587.1,588.56,-1.46,17189.0,938.0,545.0
MFIL,4/30/2025,589.0,593.0,582.3,583.73,-0.82,12974.0,938.0,545.0
MFIL,5/4/2025,594.5,595.0,575.0,579.37,-0.75,17833.0,938.0,545.0
MFIL,5/5/2025,582.0,585.0,580.0,580.75,0.24,12799.0,938.0,545.0
MFIL,5/6/2025,580.0,585.0,574.9,575.13,-0.97,12567.0,938.0,545.0
MFIL,5/7/2025,576.0,619.0,560.0,591.98,2.93,45682.0,938.0,545.0
MFIL,5/8/2025,600.0,640.0,586.0,632.2,6.79,70912.0,938.0,545.0
MFIL,5/11/2025,644.8,644.8,602.0,608.29,-3.78,26811.0,938.0,545.0
MFIL,5/13/2025,612.0,612.0,597.0,597.92,-1.7,22186.0,938.0,545.0
MFIL,5/14/2025,600.0,607.9,591.1,596.68,-0.21,19151.0,938.0,545.0
MFIL,5/15/2025,596.0,605.0,590.0,595.36,-0.22,12666.0,938.0,545.0
MFIL,5/18/2025,607.0,607.0,590.1,592.58,-0.47,7926.0,938.0,545.0
MFIL,5/19/2025,604.0,606.0,581.0,592.28,-0.05,12457.0,938.0,545.0
MFIL,5/20/2025,591.0,607.0,590.0,604.08,1.99,14552.0,938.0,545.0
MFIL,5/21/2025,616.1,640.9,605.0,608.0,0.65,23455.0,938.0,545.0
MFIL,5/22/2025,608.0,610.0,603.5,604.72,-0.54,11357.0,938.0,545.0
MFIL,5/25/2025,615.0,615.0,595.0,596.77,-1.31,12145.0,938.0,545.0
MFIL,5/26/2025,605.0,617.1,595.2,597.29,0.09,11890.0,938.0,545.0
MFIL,5/27/2025,597.0,601.0,594.1,594.58,-0.45,7743.0,938.0,545.0
MFIL,5/28/2025,596.0,599.0,590.0,594.92,0.06,8602.0,938.0,545.0
MFIL,6/2/2025,606.8,606.8,590.0,590.32,-0.77,10468.0,938.0,545.0
MFIL,6/3/2025,578.6,597.0,578.6,588.33,-0.34,13323.0,938.0,545.0
MFIL,6/4/2025,588.5,598.0,583.0,584.35,-0.68,10905.0,938.0,545.0
MFIL,6/5/2025,594.9,596.0,583.0,585.84,0.25,10289.0,938.0,545.0
MFIL,6/8/2025,596.7,597.0,583.0,584.83,-0.17,8555.0,938.0,545.0
MFIL,6/9/2025,586.0,590.0,580.0,584.02,-0.14,11866.0,938.0,545.0
MFIL,6/10/2025,590.0,608.5,586.1,606.16,3.79,25434.0,938.0,545.0
MFIL,6/11/2025,617.9,617.9,595.4,596.68,-1.56,11864.0,938.0,545.0
MFIL,6/12/2025,596.0,605.0,596.0,600.3,0.61,15898.0,938.0,545.0
MFIL,6/15/2025,600.0,606.0,592.0,593.14,-1.19,17202.0,938.0,545.0
MFIL,6/16/2025,600.0,600.0,590.0,590.19,-0.5,14539.0,938.0,545.0
MFIL,6/17/2025,600.0,600.0,580.0,588.41,-0.3,16475.0,938.0,545.0
MFIL,6/18/2025,589.0,597.8,587.2,588.82,0.07,8067.0,938.0,545.0
MFIL,6/19/2025,589.0,596.6,581.2,586.19,-0.45,16622.0,938.0,545.0
MFIL,6/22/2025,581.0,595.3,581.0,581.52,-0.8,9841.0,938.0,545.0
MFIL,6/23/2025,580.4,588.0,577.0,582.08,0.1,6263.0,938.0,545.0
MFIL,6/24/2025,587.0,590.0,578.0,578.55,-0.61,12092.0,938.0,545.0
MFIL,6/25/2025,588.9,588.9,572.0,577.77,-0.13,10775.0,938.0,545.0
MFIL,6/26/2025,580.0,580.0,572.0,572.95,-0.83,9694.0,938.0,545.0
MFIL,6/29/2025,580.0,580.0,570.0,578.79,1.02,4946.0,938.0,545.0
MFIL,6/30/2025,589.8,589.9,581.2,583.39,0.79,5062.0,938.0,545.0
MFIL,7/1/2025,590.0,590.0,579.0,584.49,0.19,10756.0,938.0,545.0
MFIL,7/2/2025,590.0,607.0,588.0,591.41,1.18,23450.0,938.0,545.0
MFIL,7/3/2025,602.9,619.0,593.1,607.71,2.76,58004.0,938.0,545.0
MFIL,7/6/2025,619.0,640.0,610.0,624.49,2.76,61937.0,938.0,545.0
MFIL,7/7/2025,636.9,636.9,600.0,601.19,-3.73,37128.0,938.0,545.0
MFIL,7/8/2025,603.0,610.0,598.0,607.47,1.04,12759.0,938.0,545.0
MFIL,7/9/2025,600.0,612.0,600.0,608.0,0.09,9598.0,938.0,545.0
MFIL,7/10/2025,609.0,620.0,609.0,615.73,1.27,22626.0,938.0,545.0
MFIL,7/13/2025,628.0,650.0,622.3,627.28,1.88,27496.0,938.0,545.0
MFIL,7/14/2025,627.28,627.28,615.0,616.89,-1.66,11540.0,938.0,545.0
MFIL,7/15/2025,618.6,628.0,618.2,622.87,0.97,20121.0,938.0,545.0
MFIL,7/16/2025,634.8,634.8,610.5,623.27,0.06,36490.0,938.0,545.0
MFIL,7/17/2025,634.0,650.8,630.0,649.27,4.17,64270.0,938.0,545.0
MFIL,7/20/2025,650.0,668.0,637.0,643.74,-0.85,97005.0,938.0,545.0
MFIL,7/21/2025,635.1,656.0,623.2,649.47,0.89,66621.0,938.0,545.0
MFIL,7/22/2025,658.0,668.0,653.0,662.57,2.02,53087.0,938.0,545.0
MFIL,7/23/2025,665.0,691.0,653.0,684.13,3.25,95456.0,938.0,545.0
MFIL,7/24/2025,681.2,703.0,681.2,696.33,1.78,100055.0,938.0,545.0
MFIL,7/27/2025,704.9,715.0,697.0,699.71,0.49,161873.0,938.0,545.0
MFIL,7/28/2025,693.0,737.9,690.0,730.83,4.45,252399.0,938.0,545.0
MFIL,7/29/2025,745.4,750.0,735.0,739.16,1.14,102939.0,938.0,545.0
MFIL,7/30/2025,750.0,750.5,710.0,711.49,-3.74,97793.0,938.0,545.0
MFIL,7/31/2025,714.0,735.0,700.1,716.71,0.73,139864.0,938.0,545.0
MFIL,8/3/2025,717.0,730.0,702.0,704.44,-1.71,122077.0,938.0,545.0
MFIL,8/4/2025,717.0,718.5,701.7,706.76,0.33,80954.0,938.0,545.0
MFIL,8/5/2025,712.5,719.0,698.0,704.36,-0.34,65259.0,938.0,545.0
MFIL,8/6/2025,705.0,710.0,695.9,699.14,-0.74,41318.0,938.0,545.0
MFIL,8/7/2025,710.0,723.0,702.1,715.57,2.35,123590.0,938.0,545.0
MFIL,8/11/2025,721.0,727.0,702.1,712.24,-0.47,106582.0,938.0,545.0
MFIL,8/12/2025,719.7,719.7,688.0,690.33,-3.08,91916.0,938.0,545.0
MFIL,8/13/2025,681.3,702.0,681.3,685.87,-0.65,28173.0,938.0,545.0
MFIL,8/14/2025,673.0,692.9,673.0,677.88,-1.16,25995.0,938.0,545.0
MFIL,8/17/2025,677.0,685.0,670.0,670.5,-1.09,14819.0,938.0,545.0
MFIL,8/18/2025,667.0,670.1,661.2,664.98,-0.82,27960.0,938.0,545.0
MFIL,8/19/2025,665.0,674.9,665.0,669.41,0.67,26875.0,938.0,545.0
MFIL,8/20/2025,664.0,680.0,664.0,671.11,0.25,18334.0,938.0,545.0
MFIL,8/21/2025,678.0,679.7,669.0,670.99,-0.02,17480.0,938.0,545.0
MFIL,8/24/2025,672.0,678.0,666.0,672.16,0.17,37177.0,938.0,545.0
MFIL,8/25/2025,668.1,681.3,668.0,672.51,0.05,37486.0,938.0,545.0
MFIL,8/26/2025,683.0,685.9,677.2,679.96,1.11,16899.0,938.0,545.0
MFIL,8/27/2025,690.0,703.8,678.2,698.26,2.69,51705.0,938.0,545.0
MFIL,8/28/2025,700.0,707.0,680.0,683.51,-2.11,34552.0,938.0,545.0
MFIL,8/31/2025,680.0,690.0,674.9,675.48,-1.17,22994.0,938.0,545.0
MFIL,9/1/2025,688.9,688.9,670.1,673.5,-0.29,10383.0,938.0,545.0
MFIL,9/2/2025,683.0,683.0,666.0,667.95,-0.82,23379.0,938.0,545.0
MFIL,9/3/2025,680.9,680.9,665.2,666.45,-0.22,18454.0,938.0,545.0
MFIL,9/4/2025,674.0,674.0,660.1,670.01,0.53,19500.0,938.0,545.0
MFIL,9/7/2025,676.0,690.5,667.0,668.09,-0.29,28171.0,938.0,545.0
MFIL,9/8/2025,674.0,674.0,663.0,668.05,-0.01,16576.0,938.0,545.0
MFIL,9/18/2025,655.0,655.0,620.1,620.5,-7.12,3452.0,938.0,545.0
MFIL,9/21/2025,608.5,680.0,602.0,652.94,5.23,27716.0,938.0,545.0
MFIL,9/23/2025,665.9,675.0,656.0,661.0,1.23,18261.0,938.0,545.0
MFIL,9/24/2025,650.0,659.7,642.0,647.5,-2.04,17811.0,938.0,545.0
MFIL,9/25/2025,640.0,659.0,638.09,647.1,-0.06,16724.0,938.0,545.0
MFIL,9/28/2025,649.0,658.0,645.0,648.0,0.14,20086.0,938.0,545.0
MFIL,10/7/2025,655.0,659.8,648.0,654.0,0.93,49377.0,938.0,545.0
MFIL,10/8/2025,641.0,641.0,607.6,615.0,-5.96,25982.0,938.0,545.0
MFIL,10/9/2025,627.2,639.0,610.0,619.9,0.8,18744.0,938.0,545.0
MFIL,10/12/2025,615.0,615.0,567.0,575.0,-7.24,24201.0,938.0,545.0
MFIL,10/13/2025,575.0,591.0,575.0,587.5,2.17,11489.0,938.0,545.0
MFIL,10/14/2025,599.2,615.0,572.9,579.9,-1.29,17184.0,938.0,545.0
MFIL,10/15/2025,588.0,588.0,570.0,576.0,-0.67,11157.0,938.0,545.0
MFIL,10/16/2025,577.0,577.0,560.0,567.0,-1.56,14776.0,938.0,545.0
MFIL,10/19/2025,560.0,578.3,545.0,568.0,0.18,8943.0,938.0,545.0
MFIL,10/26/2025,570.0,570.0,546.0,561.3,-1.18,3742.0,938.0,545.0
MFIL,10/28/2025,563.0,581.0,563.0,575.0,2.44,19592.0,938.0,545.0
MFIL,10/29/2025,580.0,590.5,563.0,572.9,-0.37,15833.0,938.0,545.0
MFIL,10/30/2025,565.1,587.9,565.0,585.9,2.27,10794.0,938.0,545.0
MFIL,11/2/2025,586.0,615.0,576.2,603.0,2.92,53936.0,938.0,545.0
MFIL,11/3/2025,601.0,622.0,593.0,596.0,-1.16,26567.0,938.0,545.0
MFIL,11/4/2025,604.0,610.0,585.1,588.0,-1.34,14634.0,938.0,545.0
MFIL,11/5/2025,587.0,602.0,580.0,600.0,2.04,20271.0,938.0,545.0
MFIL,11/6/2025,600.0,610.8,596.0,597.0,-0.5,20315.0,938.0,545.0
MFIL,11/9/2025,587.0,600.0,581.0,586.9,-1.69,10858.0,938.0,545.0
MFIL,11/10/2025,580.0,584.3,576.0,584.0,-0.49,9000.0,938.0,545.0
MFIL,11/11/2025,585.0,585.0,573.0,575.1,-1.52,12705.0,938.0,545.0
MFIL,11/12/2025,571.2,585.9,571.2,575.0,-0.02,4463.0,938.0,545.0
MFIL,11/13/2025,584.0,584.0,570.0,580.0,0.87,9039.0,938.0,545.0
MFIL,11/16/2025,587.0,587.0,570.0,574.0,-1.03,9115.0,938.0,545.0
MFIL,11/17/2025,585.0,585.0,572.0,580.0,1.05,9094.0,938.0,545.0
MFIL,11/18/2025,589.0,589.0,577.4,581.9,0.33,8135.0,938.0,545.0
MFIL,11/19/2025,588.8,588.8,573.5,580.0,-0.33,11893.0,938.0,545.0
MFIL,11/20/2025,587.8,587.8,570.2,574.9,-0.88,9726.0,938.0,545.0
MFIL,11/23/2025,584.0,588.0,570.0,587.0,2.1,10781.0,938.0,545.0
MFIL,11/24/2025,596.2,603.0,588.0,602.0,2.56,18481.0,938.0,545.0
MFIL,11/25/2025,613.0,613.0,590.3,600.0,-0.33,9308.0,938.0,545.0
MFIL,11/26/2025,600.0,610.0,591.0,602.0,0.33,11903.0,938.0,545.0
MFIL,11/27/2025,613.9,613.9,590.0,603.0,0.17,18968.0,938.0,545.0
MFIL,11/30/2025,610.0,610.0,592.0,595.1,-1.31,10058.0,938.0,545.0
MFIL,12/1/2025,605.0,610.0,593.8,600.0,0.82,20979.0,938.0,545.0
MFIL,12/2/2025,600.09,620.0,600.0,606.0,1.0,26891.0,938.0,545.0
MFIL,12/3/2025,618.0,627.0,607.0,612.0,0.99,38555.0,938.0,545.0
MFIL,12/7/2025,624.0,625.0,612.7,620.0,1.31,56171.0,938.0,545.0
MFIL,12/8/2025,623.0,645.0,615.0,636.0,2.58,77824.0,938.0,545.0
MFIL,12/9/2025,647.7,661.0,630.9,650.0,2.2,52840.0,938.0,545.0
MFIL,12/10/2025,650.0,665.0,648.0,659.9,1.52,74299.0,938.0,545.0
MFIL,12/11/2025,649.0,659.6,649.0,650.0,-1.5,19314.0,938.0,545.0
MFIL,12/14/2025,659.0,669.9,641.0,658.3,1.28,62948.0,938.0,545.0
MFIL,12/15/2025,671.4,681.3,657.0,667.0,1.32,91625.0,938.0,545.0
MFIL,12/16/2025,679.0,682.0,664.0,681.0,2.1,45708.0,938.0,545.0
MFIL,12/17/2025,680.0,705.8,675.0,701.0,2.94,197493.0,938.0,545.0
MFIL,12/18/2025,706.0,711.0,687.1,687.1,-1.98,122382.0,938.0,545.0
MFIL,12/21/2025,688.0,688.0,673.4,676.7,-1.51,94389.0,938.0,545.0
MFIL,12/22/2025,663.5,698.0,663.5,693.0,2.41,108058.0,938.0,545.0
MFIL,12/23/2025,683.0,704.0,683.0,701.0,1.15,97760.0,938.0,545.0
MFIL,12/24/2025,690.0,718.0,690.0,709.0,1.14,180375.0,938.0,545.0
MFIL,12/28/2025,695.0,729.9,695.0,729.9,2.95,346522.0,938.0,545.0
MFIL,12/29/2025,716.0,733.0,711.0,719.8,-1.38,248452.0,938.0,545.0
MFIL,12/31/2025,727.0,727.0,706.0,717.6,-0.31,80597.0,938.0,545.0
MFIL,1/1/2026,705.0,722.9,705.0,718.0,0.06,118773.0,938.0,545.0
MFIL,1/4/2026,710.0,724.0,710.0,722.7,0.65,202656.0,938.0,545.0
MFIL,1/5/2026,709.0,724.3,709.0,720.0,-0.37,139188.0,938.0,545.0
MFIL,1/6/2026,709.0,743.0,709.0,741.0,2.92,272058.0,938.0,545.0
MFIL,1/7/2026,727.0,763.0,727.0,760.0,2.56,271938.0,938.0,545.0
MFIL,1/8/2026,745.0,765.0,745.0,763.0,0.39,175214.0,938.0,545.0
MFIL,1/12/2026,748.0,774.7,748.0,765.0,0.26,364403.0,938.0,545.0
MFIL,1/13/2026,751.1,781.0,751.1,767.0,0.26,194808.0,938.0,545.0
MFIL,1/14/2026,752.2,800.0,752.2,799.0,4.17,271093.0,938.0,545.0
MFIL,1/18/2026,785.4,851.8,785.4,849.9,6.37,649834.0,938.0,545.0
MFIL,1/20/2026,849.0,873.0,824.3,859.9,1.18,434373.0,938.0,545.0
MFIL,1/21/2026,859.0,859.0,820.0,820.0,-4.64,282105.0,938.0,545.0
MFIL,1/22/2026,803.6,834.0,803.6,834.0,1.71,439358.0,938.0,545.0
MFIL,1/25/2026,820.0,850.0,820.0,839.0,0.6,201171.0,938.0,545.0
MFIL,1/26/2026,822.3,866.9,822.3,860.0,2.5,616598.0,938.0,545.0
MFIL,1/27/2026,842.8,869.0,842.8,849.9,-1.17,282996.0,938.0,545.0
MFIL,1/28/2026,833.0,855.0,833.0,840.0,-1.16,236342.0,938.0,545.0
MFIL,1/29/2026,823.2,854.0,815.0,815.0,-2.98,230708.0,938.0,545.0
MFIL,2/1/2026,815.0,824.0,797.0,799.9,-1.85,184603.0,938.0,545.0
MFIL,2/2/2026,799.9,806.9,785.0,790.0,-1.24,115001.0,938.0,545.0
MFIL,2/3/2026,774.2,799.0,774.2,782.1,-1.0,180814.0,938.0,545.0
MFIL,2/4/2026,794.0,806.8,778.2,796.0,1.78,99388.0,938.0,545.0
MFIL,2/5/2026,780.1,811.0,780.1,811.0,1.88,106232.0,938.0,545.0
MFIL,2/8/2026,794.8,828.0,794.8,800.0,-1.36,211792.0,938.0,545.0
MFIL,2/9/2026,784.0,799.6,777.0,786.5,-1.69,96396.0,938.0,545.0
MFIL,2/10/2026,770.8,800.0,770.8,780.0,-0.83,60775.0,938.0,545.0
MFIL,2/11/2026,764.4,826.0,764.4,791.0,1.41,107550.0,938.0,545.0
MFIL,2/12/2026,790.0,794.0,771.1,778.9,-1.53,49070.0,938.0,545.0
MFIL,2/16/2026,764.0,785.0,764.0,777.0,-0.24,126316.0,938.0,545.0
MFIL,2/17/2026,761.5,787.5,746.2,747.0,-3.86,49324.0,938.0,545.0
MFIL,2/22/2026,750.0,795.0,740.3,780.0,4.42,163227.0,938.0,545.0
MFIL,2/23/2026,764.4,795.0,764.4,794.0,1.79,158083.0,938.0,545.0
MFIL,2/24/2026,779.0,797.0,779.0,794.9,0.11,93510.0,938.0,545.0
MFIL,2/25/2026,780.0,794.9,780.0,787.9,-0.88,92109.0,938.0,545.0
MFIL,2/26/2026,773.0,806.0,773.0,806.0,2.3,160288.0,938.0,545.0
MFIL,2/27/2026,773.0,806.0,773.0,806.0,0.0,160288.0,938.0,545.0
MFIL,2/28/2026,773.0,806.0,773.0,806.0,0.0,160288.0,938.0,545.0
MFIL,3/2/2026,790.0,838.9,790.0,831.0,3.1,344783.0,938.0,545.0
MFIL,3/3/2026,815.0,858.0,815.0,845.0,1.68,267126.0,938.0,545.0
MFIL,3/4/2026,815.0,858.0,815.0,845.0,0.0,267126.0,938.0,545.0
MFIL,3/5/2026,815.0,858.0,815.0,845.0,0.0,267126.0,938.0,545.0
MFIL,3/6/2026,815.0,858.0,815.0,845.0,0.0,267126.0,938.0,545.0
MFIL,3/7/2026,815.0,858.0,815.0,845.0,0.0,267126.0,938.0,545.0
MFIL,3/8/2026,815.0,858.0,815.0,845.0,0.0,267126.0,938.0,545.0
MFIL,3/9/2026,845.0,918.0,845.0,900.0,6.51,7203.0,938.0,545.0
MFIL,3/10/2026,917.8,917.8,836.0,849.0,-5.67,254865.0,938.0,545.0
MFIL,3/11/2026,832.1,858.0,827.0,827.0,-2.59,123359.0,938.0,545.0
MFIL,3/12/2026,810.5,857.0,810.5,854.0,3.26,242964.0,938.0,545.0
MFIL,3/13/2026,810.5,857.0,810.5,854.0,0.0,242964.0,938.0,545.0
MFIL,3/14/2026,810.5,857.0,810.5,854.0,0.0,242964.0,938.0,545.0
MFIL,3/15/2026,837.0,860.8,837.0,855.9,0.22,194273.0,938.0,545.0
MFIL,3/16/2026,839.0,916.0,839.0,860.0,0.48,324528.0,938.0,545.0
MFIL,3/17/2026,842.8,888.0,840.0,855.0,-0.58,90195.0,938.0,545.0
MFIL,3/18/2026,842.8,888.0,840.0,855.0,0.0,90195.0,938.0,545.0
MFIL,3/19/2026,838.0,870.0,838.0,854.0,-0.12,120563.0,938.0,545.0
MFIL,3/20/2026,838.0,870.0,838.0,854.0,0.0,120563.0,938.0,545.0
MFIL,3/21/2026,838.0,870.0,838.0,854.0,0.0,120563.0,938.0,545.0
MFIL,3/22/2026,838.0,861.2,838.0,851.9,-0.25,332480.0,938.0,545.0
MFIL,3/23/2026,851.9,900.0,838.0,879.0,3.18,183648.0,938.0,545.0
MFIL,3/24/2026,861.5,895.4,828.0,890.0,1.25,309677.0,938.0,545.0
MFIL,3/25/2026,887.0,938.0,857.0,865.0,-2.81,186554.0,938.0,545.0
MFIL,3/26/2026,880.7,880.7,852.6,869.9,-1.23,68901.0,938.0,545.0
MFIL,3/29/2026,853.0,867.0,827.0,831.0,-2.58,89452.0,938.0,545.0
MFIL,3/30/2026,814.4,835.0,813.4,813.7,-0.09,43226.0,938.0,545.0
MFIL,3/31/2026,813.7,829.9,797.5,820.0,0.77,83512.0,938.0,545.0
MFIL,4/1/2026,804.0,824.1,797.0,800.0,-0.5,73022.0,938.0,545.0
MFIL,4/2/2026,800.0,805.0,784.1,785.1,-1.86,89701.0,938.0,545.0
MFIL,4/5/2026,769.4,782.0,750.2,770.0,0.08,129771.0,938.0,545.0
MFIL,4/6/2026,755.0,818.0,755.0,818.0,8.34,113642.0,938.0,545.0
MFIL,4/7/2026,802.0,821.0,802.0,820.0,2.24,80207.0,938.0,545.0
MFIL,4/8/2026,804.0,833.0,804.0,819.0,1.87,109776.0,938.0,545.0
MFIL,4/9/2026,805.0,850.0,805.0,825.0,2.48,68229.0,938.0,545.0
MFIL,4/10/2026,808.5,830.0,808.5,830.0,2.66,66919.0,938.0,545.0
MFIL,4/13/2026,813.4,897.7,813.4,839.0,3.15,75417.0,938.0,545.0
MFIL,4/15/2026,822.3,853.0,822.3,852.0,3.61,101917.0,938.0,545.0
MFIL,4/16/2026,835.0,850.0,818.3,830.0,-0.6,78993.0,938.0,545.0
MFIL,4/17/2026,820.0,880.0,810.0,822.8,0.34,44619.0,938.0,545.0
MFIL,4/20/2026,800.0,865.0,787.0,810.0,1.25,38592.0,938.0,545.0
MFIL,4/21/2026,850.5,850.5,780.0,788.9,-7.24,157935.0,938.0,545.0
MFIL,4/22/2026,811.7,811.7,778.2,794.0,-2.18,38246.0,938.0,545.0
MFIL,4/23/2026,833.7,833.7,775.3,777.0,-6.8,32339.0,938.0,545.0
MFIL,4/24/2026,777.0,785.0,759.0,774.0,-0.39,29134.0,938.0,545.0
MFIL,4/27/2026,774.0,790.0,772.3,780.6,0.85,42491.0,938.0,545.0
MFIL,4/28/2026,741.6,790.0,741.6,772.0,4.1,36356.0,938.0,545.0
MFIL,4/29/2026,740.4,785.4,740.4,765.3,3.36,47100.0,938.0,545.0
MFIL,4/30/2026,727.1,777.0,727.1,768.1,5.64,34319.0,938.0,545.0
MFIL,5/4/2026,755.3,784.0,755.3,760.0,0.62,9276.0,938.0,545.0
MFIL,5/5/2026,751.1,775.0,751.1,759.0,1.05,31490.0,938.0,545.0
MFIL,5/6/2026,728.0,770.0,728.0,764.5,5.01,13161.0,938.0,545.0
MFIL,5/7/2026,751.1,773.9,751.1,770.7,2.61,47948.0,938.0,545.0
MFIL,5/8/2026,778.0,800.0,770.0,798.0,2.57,96314.0,938.0,545.0
MFIL,5/11/2026,790.0,818.9,790.0,818.0,3.54,38299.0,938.0,545.0
MFIL,5/12/2026,811.0,818.9,790.2,797.0,-1.73,60974.0,938.0,545.0
MFIL,5/13/2026,796.0,807.0,781.0,803.0,0.88,45258.0,938.0,545.0
MFIL,5/14/2026,786.1,800.0,786.1,793.0,0.88,35311.0,938.0,545.0
MFIL,5/15/2026,795.0,806.9,786.5,797.0,0.25,69541.0,938.0,545.0
MFIL,5/18/2026,782.0,794.0,782.0,785.0,0.38,13594.0,938.0,545.0
MFIL,5/19/2026,786.6,799.9,786.6,793.0,0.81,23906.0,938.0,545.0
MFIL,5/20/2026,783.0,810.0,783.0,809.9,3.44,62095.0,938.0,545.0
MFIL,5/21/2026,798.0,820.0,780.1,805.0,0.88,105917.0,938.0,545.0
MFIL,5/22/2026,791.0,805.0,789.0,802.0,1.39,80771.0,938.0,545.0
MFIL,5/25/2026,785.0,804.8,785.0,798.0,1.66,20443.0,938.0,545.0
MFIL,5/26/2026,780.0,815.0,780.0,794.0,1.79,40934.0,938.0,545.0
MFIL,5/27/2026,780.0,815.0,780.0,791.0,1.41,18374.0,938.0,545.0
MFIL,6/1/2026,786.0,798.0,770.3,783.0,-0.38,45070.0,938.0,545.0
MFIL,6/2/2026,818.0,818.0,779.0,797.0,-2.57,112800.0,938.0,545.0
MFIL,6/3/2026,780.0,801.0,780.0,792.8,1.64,34098.0,938.0,545.0
MFIL,6/4/2026,798.9,798.9,784.2,790.0,-1.11,24394.0,938.0,545.0
MFIL,6/5/2026,778.1,805.0,770.6,804.9,3.44,120817.0,938.0,545.0
MFIL,6/8/2026,790.0,806.0,786.2,790.0,0.0,32601.0,938.0,545.0
MFIL,6/9/2026,775.0,797.3,765.2,790.0,1.94,44172.0,938.0,545.0
MFIL,6/10/2026,780.1,790.0,778.1,785.8,0.73,22017.0,938.0,545.0
MFIL,6/11/2026,750.0,790.0,750.0,775.2,3.36,27116.0,938.0,545.0
MFIL,6/12/2026,760.0,780.0,760.0,770.0,1.32,13855.0,938.0,545.0
MFIL,6/15/2026,760.0,799.0,760.0,774.0,1.84,87753.0,938.0,545.0
MFIL,6/16/2026,768.2,786.9,765.1,769.0,0.1,19810.0,938.0,545.0
MFIL,6/17/2026,731.0,788.0,731.0,766.2,4.82,25523.0,938.0,545.0
MFIL,6/18/2026,764.0,784.9,760.0,768.0,0.52,55136.0,938.0,545.0
MFIL,6/19/2026,730.0,790.9,730.0,777.0,6.44,19001.0,938.0,545.0
MFIL,6/22/2026,740.0,887.0,740.0,813.7,9.96,103834.0,938.0,545.0
MFIL,6/23/2026,793.0,793.0,776.1,785.0,-1.01,26848.0,938.0,545.0
MFIL,6/24/2026,780.0,782.0,767.0,774.0,-0.77,35561.0,938.0,545.0
MFIL,6/26/2026,740.0,878.0,740.0,790.0,6.76,87081.0,938.0,545.0
MFIL,6/29/2026,760.0,795.4,760.0,775.5,2.04,26549.0,938.0,545.0
MFIL,6/30/2026,736.8,795.4,736.8,772.0,4.78,31384.0,938.0,545.0
MFIL,7/1/2026,760.0,779.8,760.0,779.6,2.58,6891.0,938.0,545.0
MFIL,7/2/2026,755.0,802.0,755.0,774.0,2.52,18220.0,938.0,545.0
MFIL,7/3/2026,736.0,782.9,736.0,774.0,5.16,54721.0,938.0,545.0
MFIL,7/6/2026,770.0,779.9,767.0,773.0,0.39,38800.0,938.0,545.0
MFIL,7/7/2026,771.0,779.0,767.0,774.5,0.45,70988.0,938.0,545.0
MFIL,7/8/2026,770.0,774.9,765.0,769.8,-0.03,46320.0,938.0,545.0
MFIL,7/9/2026,770.0,773.0,765.1,772.0,0.26,48827.0,938.0,545.0
MFIL,7/10/2026,771.0,779.0,767.5,775.0,0.52,30764.0,938.0,545.0
MFIL,7/13/2026,770.0,775.0,765.1,769.8,-0.03,20676.0,938.0,545.0
MFIL,7/14/2026,760.0,770.0,759.0,767.8,1.03,46256.0,938.0,545.0
MFIL,7/15/2026,730.0,779.9,730.0,777.0,6.44,47072.0,938.0,545.0
MFIL,7/16/2026,750.0,867.0,750.0,772.0,2.93,13195.0,938.0,545.0
MFIL,7/17/2026,789.0,803.0,780.1,800.0,1.39,116210.0,938.0,545.0
MFIL,7/20/2026,800.0,810.0,782.0,802.0,0.25,65980.0,938.0,545.0
MFIL,7/21/2026,780.0,800.0,780.0,793.9,1.78,31009.0,938.0,545.0
MFIL,7/22/2026,772.0,800.0,772.0,800.0,3.63,41644.0,938.0,545.0
MFIL,7/23/2026,775.0,799.8,775.0,797.0,2.84,11906.0,938.0,545.0
MFIL,7/24/2026,777.0,799.0,777.0,795.9,2.43,27905.0,938.0,545.0
MFIL,7/27/2026,770.0,835.0,770.0,787.0,2.21,43541.0,938.0,545.0
MFIL,7/28/2026,775.0,795.0,775.0,791.9,2.18,79785.0,938.0,545.0
MFIL,7/29/2026,777.0,794.3,777.0,791.8,1.9,64463.0,938.0,545.0
MFIL,7/30/2026,772.0,790.0,772.0,788.0,2.07,31079.0,938.0,545.0
MFIL,7/31/2026,760.0,790.0,760.0,788.0,3.68,24102.0,938.0,545.0
MFIL,8/3/2026,762.0,810.0,762.0,784.8,2.99,16938.0,938.0,545.0
MFIL,8/4/2026,783.0,783.0,766.1,773.5,-1.21,45645.0,938.0,545.0
MFIL,8/5/2026,765.0,797.2,765.0,773.0,1.05,69920.0,938.0,545.0
MFIL,8/6/2026,755.0,825.0,755.0,785.0,3.97,126180.0,938.0,545.0
MFIL,8/7/2026,755.0,777.0,755.0,775.0,2.65,16576.0,938.0,545.0
MFIL,8/10/2026,755.0,774.0,755.0,772.0,2.25,19366.0,938.0,545.0
MFIL,8/11/2026,755.0,777.5,755.0,761.0,0.79,17264.0,938.0,545.0
MFIL,8/12/2026,761.0,783.0,752.0,783.0,2.89,27501.0,938.0,545.0
MFIL,8/13/2026,745.0,810.0,745.0,766.7,2.91,38185.0,938.0,545.0
MFIL,8/14/2026,729.0,767.0,729.0,757.0,3.84,20384.0,938.0,545.0
MFIL,8/17/2026,720.0,763.8,720.0,746.0,3.61,53994.0,938.0,545.0
MFIL,8/18/2026,735.0,748.0,730.0,748.0,1.77,20825.0,938.0,545.0
MFIL,8/19/2026,760.0,760.0,740.0,747.9,-1.59,20616.0,938.0,545.0
MFIL,8/20/2026,745.0,754.0,735.0,748.8,0.51,21688.0,938.0,545.0
MFIL,8/21/2026,740.0,755.0,740.0,746.9,0.93,19708.0,938.0,545.0
MFIL,8/24/2026,740.0,745.0,737.1,740.0,0.0,27115.0,938.0,545.0
MFIL,8/25/2026,740.0,740.0,730.0,738.0,-0.27,14765.0,938.0,545.0
MFIL,8/26/2026,735.0,740.0,720.0,728.9,-0.83,20251.0,938.0,545.0
MFIL,8/27/2026,700.0,735.0,700.0,735.0,5.0,28866.0,938.0,545.0
MFIL,8/31/2026,705.0,730.0,705.0,723.9,2.68,12622.0,938.0,545.0
MFIL,9/1/2026,710.0,727.0,710.0,722.9,1.82,12358.0,938.0,545.0
MFIL,9/2/2026,712.0,725.0,712.0,719.0,0.98,12126.0,938.0,545.0
MFIL,9/3/2026,725.0,795.0,705.5,730.0,0.69,15417.0,938.0,545.0
MFIL,9/7/2026,720.0,740.0,720.0,733.0,1.81,13447.0,938.0,545.0
MFIL,9/9/2026,720.0,741.0,718.0,726.0,0.83,10872.0,938.0,545.0
MFIL,9/10/2026,720.0,733.0,716.4,726.0,0.83,20844.0,938.0,545.0
MFIL,9/11/2026,720.0,730.0,716.6,728.0,1.11,17757.0,938.0,545.0
MFIL,9/14/2026,720.0,820.0,715.0,755.0,4.86,36008.0,938.0,545.0
MFIL,9/15/2026,792.0,792.0,740.0,756.0,-4.55,41145.0,938.0,545.0
MFIL,9/16/2026,740.0,780.0,740.0,756.0,2.16,30712.0,938.0,545.0
MFIL,9/17/2026,741.3,820.0,740.3,765.0,3.2,18279.0,938.0,545.0
MFIL,9/18/2026,765.0,772.0,745.0,760.0,-0.65,21258.0,938.0,545.0
MFIL,9/22/2026,740.0,790.0,740.0,765.0,3.38,29967.0,938.0,545.0
MFIL,9/23/2026,745.0,770.0,745.0,769.0,3.22,19727.0,938.0,545.0
MFIL,9/24/2026,745.0,791.0,745.0,764.8,2.66,69741.0,938.0,545.0
MFIL,9/28/2026,745.0,787.0,745.0,760.0,2.01,12883.0,938.0,545.0
MFIL,9/29/2026,745.0,760.0,745.0,0.0,-100.0,6588.0,938.0,545.0
MFIL,9/30/2026,771.0,771.0,745.0,748.9,-2.87,17391.0,938.0,545.0
MFIL,10/1/2026,731.0,760.0,731.0,749.9,2.59,45204.0,938.0,545.0
MFIL,10/2/2026,745.0,745.0,738.0,741.0,-0.54,19530.0,938.0,545.0
MFILPO,9/29/2026,422.0,422.0,376.0,376.0,-10.9,299850.0,422.0,339.0
MFILPO,9/30/2026,365.0,365.0,335.0,335.0,-8.22,539733.0,422.0,339.0
MFLD85,12/22/2025,1177.0,1177.0,1177.0,1189.0,,1.0,1203.0,1064.0
MFLD85,12/23/2025,1189.0,1189.0,1189.0,1201.0,1.01,1.0,1203.0,1064.0
MFLD85,12/31/2025,1177.0,1177.0,1177.0,1177.0,-2.0,100.0,1203.0,1064.0
MFLD85,1/1/2026,1153.5,1153.5,1153.5,1153.5,-2.0,100.0,1203.0,1064.0
MFLD85,1/5/2026,1130.5,1130.5,1130.5,1130.5,-1.99,25.0,1203.0,1064.0
MFLD85,1/6/2026,1151.0,1151.0,1151.0,1151.0,1.81,50.0,1203.0,1064.0
MFLD85,1/22/2026,1155.0,1155.0,1155.0,1155.0,0.35,25.0,1203.0,1064.0
MFLD85,2/16/2026,1131.9,1131.9,1100.0,1100.0,-4.76,418.0,1203.0,1064.0
MFLD85,2/17/2026,1100.0,1122.0,1100.0,1122.0,2.0,100.0,1203.0,1064.0
MFLD85,2/24/2026,1144.0,1144.4,1144.0,1144.4,2.0,80.0,1203.0,1064.0
MFLD85,3/2/2026,1144.0,1165.0,1144.0,1165.0,1.8,415.0,1203.0,1064.0
MFLD85,3/3/2026,1186.0,1188.0,1186.0,1188.0,1.97,230.0,1203.0,1064.0
MFLD85,3/4/2026,1186.0,1188.0,1186.0,1188.0,0.0,230.0,1203.0,1064.0
MFLD85,3/5/2026,1186.0,1188.0,1186.0,1188.0,0.0,230.0,1203.0,1064.0
MFLD85,3/6/2026,1186.0,1188.0,1186.0,1188.0,0.0,230.0,1203.0,1064.0
MFLD85,3/7/2026,1186.0,1188.0,1186.0,1188.0,0.0,230.0,1203.0,1064.0
MFLD85,3/8/2026,1186.0,1188.0,1186.0,1188.0,0.0,230.0,1203.0,1064.0
MFLD85,3/11/2026,1164.7,1164.7,1141.7,1141.7,-3.9,75.0,1203.0,1064.0
MFLD85,3/12/2026,1141.6,1164.4,1141.6,1164.4,1.99,90.0,1203.0,1064.0
MFLD85,3/13/2026,1141.6,1164.4,1141.6,1164.4,0.0,90.0,1203.0,1064.0
MFLD85,3/14/2026,1141.6,1164.4,1141.6,1164.4,0.0,90.0,1203.0,1064.0
MFLD85,3/15/2026,1155.0,1187.6,1155.0,1187.6,1.99,400.0,1203.0,1064.0
MFLD85,3/16/2026,1163.9,1163.9,1163.9,1163.9,-2.0,25.0,1203.0,1064.0
MFLD85,3/17/2026,1180.0,1187.1,1180.0,1187.1,1.99,280.0,1203.0,1064.0
MFLD85,3/18/2026,1180.0,1187.1,1180.0,1187.1,0.0,280.0,1203.0,1064.0
MFLD85,3/19/2026,1163.7,1163.7,1163.7,1163.7,-1.97,25.0,1203.0,1064.0
MFLD85,3/20/2026,1163.7,1163.7,1163.7,1163.7,0.0,25.0,1203.0,1064.0
MFLD85,3/21/2026,1163.7,1163.7,1163.7,1163.7,0.0,25.0,1203.0,1064.0
MFLD85,3/23/2026,1141.0,1141.0,1141.0,1141.0,-1.95,25.0,1203.0,1064.0
MFLD85,3/24/2026,1140.0,1140.0,1140.0,1140.0,-0.09,287.0,1203.0,1064.0
MFLD85,3/25/2026,1126.0,1126.0,1126.0,1126.0,-1.23,25.0,1203.0,1064.0
MFLD85,3/26/2026,1140.0,1186.0,1131.0,1186.0,4.04,300.0,1203.0,1064.0
MFLD85,3/29/2026,1162.7,1162.7,1162.7,1162.7,0.0,25.0,1203.0,1064.0
MFLD85,4/1/2026,1175.0,1203.0,1175.0,1203.0,2.38,850.0,1203.0,1064.0
MFLD85,4/20/2026,1167.0,1167.0,1167.0,1167.0,0.0,50.0,1203.0,1064.0
MFLD85,5/20/2026,1135.0,1136.0,1135.0,1135.0,0.0,219.0,1203.0,1064.0
MFLD85,5/21/2026,1135.0,1135.0,1134.5,1134.5,-0.04,25.0,1203.0,1064.0
MFLD85,5/27/2026,1120.7,1120.7,1064.0,1064.0,-5.06,10697.0,1203.0,1064.0
MFLD85,6/1/2026,1064.0,1100.0,1064.0,1100.0,3.38,21.0,1203.0,1064.0
MFLD85,6/2/2026,1128.0,1133.0,1128.0,1133.0,0.44,44.0,1203.0,1064.0
MFLD85,6/8/2026,1102.1,1102.1,1100.0,1101.0,-0.1,125.0,1203.0,1064.0
MFLD85,6/10/2026,1105.0,1105.0,1075.1,1075.1,-2.71,150.0,1203.0,1064.0
MFLD85,6/12/2026,1100.0,1100.0,1100.0,1100.0,0.0,25.0,1203.0,1064.0
MFLD85,6/15/2026,1102.0,1102.0,1102.0,1102.0,0.0,50.0,1203.0,1064.0
MFLD85,6/18/2026,1102.0,1102.0,1102.0,1102.0,0.0,30.0,1203.0,1064.0
MFLD85,6/23/2026,1119.0,1120.0,1119.0,1120.0,0.09,50.0,1203.0,1064.0
MFLD85,7/1/2026,1120.0,1120.0,1115.0,1115.0,-0.45,300.0,1203.0,1064.0
MFLD85,7/7/2026,1101.7,1101.7,1101.7,1101.7,0.0,15.0,1203.0,1064.0
MFLD85,7/8/2026,1102.0,1103.1,1102.0,1103.1,0.1,50.0,1203.0,1064.0
MFLD85,7/13/2026,1090.3,1090.3,1090.3,1090.3,0.0,25.0,1203.0,1064.0
MFLD85,7/15/2026,1090.3,1155.5,1090.3,1155.5,5.98,182.0,1203.0,1064.0
MFLD85,7/16/2026,1180.0,1180.0,1180.0,1187.5,0.64,25.0,1203.0,1064.0
MFLD85,8/5/2026,1151.9,1151.9,1116.0,1116.0,-3.12,176.0,1203.0,1064.0
MFLD85,8/19/2026,1085.0,1085.0,1085.0,1085.0,0.0,25.0,1203.0,1064.0
MFLD85,8/20/2026,1085.0,1085.0,1085.0,1085.0,0.0,100.0,1203.0,1064.0
MFLD85,8/25/2026,1075.9,1075.9,1075.9,1075.9,0.0,50.0,1203.0,1064.0
MFLD85,8/26/2026,1104.0,1105.0,1104.0,1105.0,0.09,310.0,1203.0,1064.0
MFLD85,8/31/2026,1105.0,1105.0,1105.0,1105.0,0.0,90.0,1203.0,1064.0
MFLD85,9/3/2026,1105.0,1105.0,1105.0,1105.0,0.0,75.0,1203.0,1064.0
MFLD85,9/9/2026,1090.0,1105.0,1090.0,1105.0,1.38,245.0,1203.0,1064.0
MFLD85,9/10/2026,1100.0,1102.0,1100.0,1102.0,0.18,75.0,1203.0,1064.0
MFLD85,9/11/2026,1105.0,1105.0,1105.0,1105.0,0.0,25.0,1203.0,1064.0
MFLD85,9/15/2026,1095.0,1096.0,1095.0,1096.0,0.09,200.0,1203.0,1064.0
MFLD85,9/16/2026,1100.0,1104.0,1100.0,1104.0,0.36,75.0,1203.0,1064.0
MFLD85,9/17/2026,1102.0,1102.0,1102.0,1102.0,0.0,150.0,1203.0,1064.0
MFLD85,9/23/2026,1105.0,1105.0,1105.0,1105.0,0.0,150.0,1203.0,1064.0
MFLD85,9/24/2026,1105.0,1105.0,1105.0,1105.0,0.0,290.0,1203.0,1064.0
MHCL,12/21/2025,392.1,398.0,388.0,388.0,,10482.0,445.0,261.0
MHCL,12/22/2025,393.0,402.9,385.0,388.5,0.13,2785.0,445.0,261.0
MHCL,12/23/2025,380.9,388.0,380.9,384.0,-1.16,1815.0,445.0,261.0
MHCL,12/24/2025,391.0,391.0,379.0,382.0,-0.52,5675.0,445.0,261.0
MHCL,12/28/2025,382.0,392.9,382.0,392.9,2.85,6687.0,445.0,261.0
MHCL,12/29/2025,388.2,395.0,388.0,388.0,-1.25,5104.0,445.0,261.0
MHCL,12/31/2025,382.1,395.7,382.1,390.0,0.52,12269.0,445.0,261.0
MHCL,1/1/2026,384.0,396.9,383.8,389.0,-0.26,9675.0,445.0,261.0
MHCL,1/4/2026,382.0,399.0,377.0,386.0,-0.77,13014.0,445.0,261.0
MHCL,1/5/2026,385.0,393.0,378.5,385.2,-0.21,11546.0,445.0,261.0
MHCL,1/6/2026,391.9,400.7,380.0,391.0,1.51,7014.0,445.0,261.0
MHCL,1/7/2026,384.1,397.5,384.1,389.9,-0.28,3754.0,445.0,261.0
MHCL,1/8/2026,384.0,388.9,384.0,384.4,-1.41,4470.0,445.0,261.0
MHCL,1/12/2026,384.4,384.9,378.0,382.9,-0.39,8964.0,445.0,261.0
MHCL,1/13/2026,389.0,389.0,373.0,378.0,-1.28,10507.0,445.0,261.0
MHCL,1/14/2026,375.0,382.9,375.0,379.9,0.5,7706.0,445.0,261.0
MHCL,1/18/2026,378.5,382.0,375.0,379.8,-0.03,8693.0,445.0,261.0
MHCL,1/20/2026,385.0,394.9,379.8,382.0,0.58,21454.0,445.0,261.0
MHCL,1/21/2026,375.5,389.0,375.5,384.7,0.71,22644.0,445.0,261.0
MHCL,1/22/2026,377.6,390.0,377.6,390.0,1.38,11097.0,445.0,261.0
MHCL,1/25/2026,390.0,404.0,390.0,402.0,3.08,33908.0,445.0,261.0
MHCL,1/26/2026,406.0,406.0,394.1,398.9,-0.77,33189.0,445.0,261.0
MHCL,1/27/2026,392.0,404.9,389.0,394.9,-1.0,16833.0,445.0,261.0
MHCL,1/28/2026,388.0,402.5,387.5,399.5,1.16,16135.0,445.0,261.0
MHCL,1/29/2026,400.0,412.0,399.9,400.0,0.13,42010.0,445.0,261.0
MHCL,2/1/2026,398.0,404.0,392.2,392.5,-1.88,5782.0,445.0,261.0
MHCL,2/2/2026,392.0,400.0,390.0,392.8,0.08,15414.0,445.0,261.0
MHCL,2/3/2026,390.0,395.9,388.7,389.0,-0.97,12513.0,445.0,261.0
MHCL,2/4/2026,387.0,397.0,387.0,390.2,0.31,12716.0,445.0,261.0
MHCL,2/5/2026,398.0,398.0,390.1,398.0,2.0,9691.0,445.0,261.0
MHCL,2/8/2026,395.5,406.0,395.5,397.5,-0.13,37143.0,445.0,261.0
MHCL,2/9/2026,400.0,402.0,392.0,402.0,1.13,20282.0,445.0,261.0
MHCL,2/10/2026,402.0,403.9,392.1,397.0,-1.24,16748.0,445.0,261.0
MHCL,2/11/2026,395.0,400.0,390.0,392.0,-1.26,13277.0,445.0,261.0
MHCL,2/12/2026,399.7,407.7,390.2,390.3,-0.43,13919.0,445.0,261.0
MHCL,2/16/2026,392.0,395.0,381.1,382.1,-2.1,12107.0,445.0,261.0
MHCL,2/17/2026,376.1,384.0,375.1,382.1,0.0,19260.0,445.0,261.0
MHCL,2/22/2026,382.0,382.1,364.0,364.0,-4.74,16715.0,445.0,261.0
MHCL,2/23/2026,364.0,365.0,345.0,347.9,-4.42,33323.0,445.0,261.0
MHCL,2/24/2026,347.9,351.9,325.0,343.0,-1.41,44637.0,445.0,261.0
MHCL,2/25/2026,343.0,345.4,336.2,337.4,-1.63,22654.0,445.0,261.0
MHCL,2/26/2026,337.0,351.8,335.1,350.0,3.73,37604.0,445.0,261.0
MHCL,2/27/2026,337.0,351.8,335.1,350.0,0.0,37604.0,445.0,261.0
MHCL,2/28/2026,337.0,351.8,335.1,350.0,0.0,37604.0,445.0,261.0
MHCL,3/2/2026,350.0,353.9,335.0,340.0,-2.86,28801.0,445.0,261.0
MHCL,3/3/2026,345.0,367.1,345.0,361.0,6.18,39396.0,445.0,261.0
MHCL,3/4/2026,345.0,367.1,345.0,361.0,0.0,39396.0,445.0,261.0
MHCL,3/5/2026,345.0,367.1,345.0,361.0,0.0,39396.0,445.0,261.0
MHCL,3/6/2026,345.0,367.1,345.0,361.0,0.0,39396.0,445.0,261.0
MHCL,3/7/2026,345.0,367.1,345.0,361.0,0.0,39396.0,445.0,261.0
MHCL,3/8/2026,345.0,367.1,345.0,361.0,0.0,39396.0,445.0,261.0
MHCL,3/9/2026,368.0,382.9,368.0,382.0,5.82,5366.0,445.0,261.0
MHCL,3/10/2026,389.0,398.0,368.5,392.0,2.62,79017.0,445.0,261.0
MHCL,3/11/2026,395.0,395.0,380.3,380.6,-2.91,36622.0,445.0,261.0
MHCL,3/12/2026,378.0,397.7,376.0,383.0,0.63,27187.0,445.0,261.0
MHCL,3/13/2026,378.0,397.7,376.0,383.0,0.0,27187.0,445.0,261.0
MHCL,3/14/2026,378.0,397.7,376.0,383.0,0.0,27187.0,445.0,261.0
MHCL,3/15/2026,390.6,390.6,380.0,386.0,0.78,25471.0,445.0,261.0
MHCL,3/16/2026,386.0,389.0,380.0,383.0,-0.78,25898.0,445.0,261.0
MHCL,3/17/2026,383.0,388.0,377.0,383.0,0.0,28954.0,445.0,261.0
MHCL,3/18/2026,383.0,388.0,377.0,383.0,0.0,28954.0,445.0,261.0
MHCL,3/19/2026,380.0,397.0,380.0,393.2,2.66,63786.0,445.0,261.0
MHCL,3/20/2026,380.0,397.0,380.0,393.2,0.0,63786.0,445.0,261.0
MHCL,3/21/2026,380.0,397.0,380.0,393.2,0.0,63786.0,445.0,261.0
MHCL,3/22/2026,393.2,398.0,390.0,394.0,0.2,30515.0,445.0,261.0
MHCL,3/23/2026,394.0,394.0,384.1,388.6,-1.37,22206.0,445.0,261.0
MHCL,3/24/2026,387.0,394.5,385.5,388.0,-0.15,27732.0,445.0,261.0
MHCL,3/25/2026,388.0,390.0,380.0,383.0,-1.29,22546.0,445.0,261.0
MHCL,3/26/2026,385.0,392.7,380.1,390.0,1.3,28331.0,445.0,261.0
MHCL,3/29/2026,385.0,390.0,380.0,381.0,-1.04,14205.0,445.0,261.0
MHCL,3/30/2026,377.1,381.0,366.6,368.0,-2.41,21707.0,445.0,261.0
MHCL,3/31/2026,362.0,370.0,354.0,360.0,-0.55,28396.0,445.0,261.0
MHCL,4/1/2026,360.0,373.1,359.0,362.0,0.56,22103.0,445.0,261.0
MHCL,4/2/2026,360.0,365.0,348.0,358.0,-0.56,13717.0,445.0,261.0
MHCL,4/5/2026,352.0,354.0,338.1,339.0,-3.69,20201.0,445.0,261.0
MHCL,4/6/2026,340.0,363.9,339.3,360.0,5.88,33272.0,445.0,261.0
MHCL,4/7/2026,367.2,369.0,357.0,360.2,-1.91,13432.0,445.0,261.0
MHCL,4/8/2026,367.0,373.3,362.0,372.0,1.36,16881.0,445.0,261.0
MHCL,4/9/2026,370.0,379.3,366.0,375.0,1.35,8896.0,445.0,261.0
MHCL,4/10/2026,368.1,371.0,365.0,365.0,-0.84,7907.0,445.0,261.0
MHCL,4/13/2026,358.0,374.0,358.0,371.0,3.63,13462.0,445.0,261.0
MHCL,4/15/2026,372.0,380.0,366.0,377.0,1.34,15133.0,445.0,261.0
MHCL,4/16/2026,375.0,375.0,367.2,367.2,-2.08,11886.0,445.0,261.0
MHCL,4/17/2026,366.0,369.8,363.0,364.0,-0.55,9580.0,445.0,261.0
MHCL,4/20/2026,357.2,380.0,357.2,366.0,2.46,6644.0,445.0,261.0
MHCL,4/21/2026,370.0,370.0,360.0,360.1,-2.68,6729.0,445.0,261.0
MHCL,4/22/2026,358.0,358.0,350.5,358.0,0.0,7845.0,445.0,261.0
MHCL,4/23/2026,350.1,358.9,344.2,353.0,0.83,6181.0,445.0,261.0
MHCL,4/24/2026,350.0,351.1,343.2,351.0,0.29,9332.0,445.0,261.0
MHCL,4/27/2026,351.0,355.9,351.0,353.0,0.57,3454.0,445.0,261.0
MHCL,4/28/2026,353.0,358.0,350.0,358.0,1.42,4948.0,445.0,261.0
MHCL,4/29/2026,358.0,358.0,348.0,350.0,-2.23,8020.0,445.0,261.0
MHCL,4/30/2026,345.0,350.6,335.0,350.6,1.62,7607.0,445.0,261.0
MHCL,5/4/2026,341.2,350.0,341.2,345.1,1.14,5312.0,445.0,261.0
MHCL,5/5/2026,345.1,350.0,335.1,344.0,-0.32,3495.0,445.0,261.0
MHCL,5/6/2026,335.4,345.1,335.4,345.1,2.89,2074.0,445.0,261.0
MHCL,5/7/2026,340.0,350.0,340.0,342.2,0.65,5571.0,445.0,261.0
MHCL,5/8/2026,340.0,345.0,340.0,345.0,1.47,3633.0,445.0,261.0
MHCL,5/11/2026,344.0,358.0,344.0,355.0,3.2,9297.0,445.0,261.0
MHCL,5/12/2026,338.0,360.0,338.0,348.0,2.96,15702.0,445.0,261.0
MHCL,5/13/2026,340.1,355.0,340.1,353.5,3.94,1815.0,445.0,261.0
MHCL,5/14/2026,346.0,353.0,346.0,350.0,1.16,1301.0,445.0,261.0
MHCL,5/15/2026,346.0,351.0,346.0,348.4,0.69,2358.0,445.0,261.0
MHCL,5/18/2026,348.1,352.0,348.0,348.0,-0.03,3101.0,445.0,261.0
MHCL,5/19/2026,330.6,361.0,330.6,347.0,4.96,4686.0,445.0,261.0
MHCL,5/20/2026,342.6,354.0,342.6,354.0,3.33,2936.0,445.0,261.0
MHCL,5/21/2026,343.7,360.4,343.7,353.0,2.71,9226.0,445.0,261.0
MHCL,5/22/2026,335.4,370.0,335.4,368.9,9.99,15688.0,445.0,261.0
MHCL,5/25/2026,370.0,372.0,362.0,367.0,-0.81,6214.0,445.0,261.0
MHCL,5/26/2026,360.0,364.5,360.0,362.0,0.56,5393.0,445.0,261.0
MHCL,5/27/2026,358.5,365.0,356.1,360.0,0.42,2517.0,445.0,261.0
MHCL,6/1/2026,360.0,360.5,346.6,350.0,-2.78,3797.0,445.0,261.0
MHCL,6/2/2026,350.0,355.0,346.0,353.9,1.11,8121.0,445.0,261.0
MHCL,6/3/2026,355.0,355.9,348.4,351.9,-0.87,7160.0,445.0,261.0
MHCL,6/4/2026,346.0,356.0,346.0,355.0,2.6,3358.0,445.0,261.0
MHCL,6/5/2026,350.6,355.0,348.0,354.0,0.97,10306.0,445.0,261.0
MHCL,6/8/2026,336.3,350.0,336.3,346.0,2.88,4856.0,445.0,261.0
MHCL,6/9/2026,336.0,353.0,336.0,352.0,4.76,4703.0,445.0,261.0
MHCL,6/10/2026,349.1,359.0,341.5,350.0,0.26,5746.0,445.0,261.0
MHCL,6/11/2026,359.0,359.0,346.0,346.0,-3.62,3774.0,445.0,261.0
MHCL,6/12/2026,355.0,355.0,343.1,347.0,-2.25,1730.0,445.0,261.0
MHCL,6/15/2026,347.0,350.0,339.6,344.9,-0.61,1197.0,445.0,261.0
MHCL,6/16/2026,350.0,350.0,340.0,342.3,-2.2,7494.0,445.0,261.0
MHCL,6/17/2026,342.3,348.0,340.5,344.7,0.7,2058.0,445.0,261.0
MHCL,6/18/2026,343.5,344.2,337.5,344.0,0.15,15331.0,445.0,261.0
MHCL,6/19/2026,340.0,349.5,340.0,343.0,0.88,3802.0,445.0,261.0
MHCL,6/22/2026,343.0,345.0,338.0,344.0,0.29,2788.0,445.0,261.0
MHCL,6/23/2026,353.9,353.9,335.2,343.9,-2.83,5168.0,445.0,261.0
MHCL,6/24/2026,349.0,349.0,335.7,335.8,-3.78,4259.0,445.0,261.0
MHCL,6/26/2026,339.0,339.0,335.0,335.0,-1.18,2364.0,445.0,261.0
MHCL,6/29/2026,350.0,350.0,329.0,330.0,-5.71,2934.0,445.0,261.0
MHCL,6/30/2026,330.0,330.0,325.2,330.0,0.0,4110.0,445.0,261.0
MHCL,7/1/2026,339.0,339.0,327.0,338.9,-0.03,5068.0,445.0,261.0
MHCL,7/2/2026,331.2,337.9,331.2,333.0,0.54,1017.0,445.0,261.0
MHCL,7/3/2026,335.0,335.0,326.5,326.5,-2.54,3413.0,445.0,261.0
MHCL,7/6/2026,325.0,332.0,321.1,321.2,-1.17,1568.0,445.0,261.0
MHCL,7/7/2026,318.1,344.0,318.1,334.0,5.0,4162.0,445.0,261.0
MHCL,7/8/2026,328.0,330.0,318.2,318.2,-2.99,4284.0,445.0,261.0
MHCL,7/9/2026,312.2,321.0,312.2,316.5,1.38,4637.0,445.0,261.0
MHCL,7/10/2026,317.1,322.0,313.5,317.0,-0.03,1410.0,445.0,261.0
MHCL,7/13/2026,312.0,316.7,305.0,305.0,-2.24,5193.0,445.0,261.0
MHCL,7/14/2026,314.1,314.1,301.0,305.2,-2.83,5302.0,445.0,261.0
MHCL,7/15/2026,305.1,310.0,302.0,308.5,1.11,3580.0,445.0,261.0
MHCL,7/16/2026,307.0,310.0,301.0,309.0,0.65,1625.0,445.0,261.0
MHCL,7/17/2026,312.0,344.1,312.0,329.0,5.45,3917.0,445.0,261.0
MHCL,7/20/2026,330.0,339.0,322.8,331.9,0.58,5805.0,445.0,261.0
MHCL,7/21/2026,335.0,339.5,322.0,328.0,-2.09,9465.0,445.0,261.0
MHCL,7/22/2026,334.9,334.9,320.0,321.0,-4.15,1792.0,445.0,261.0
MHCL,7/23/2026,315.5,325.0,315.2,324.0,2.69,3903.0,445.0,261.0
MHCL,7/24/2026,323.0,331.0,315.3,330.0,2.17,5058.0,445.0,261.0
MHCL,7/27/2026,325.0,331.5,322.0,326.0,0.31,3106.0,445.0,261.0
MHCL,7/28/2026,317.0,324.0,311.1,319.0,0.63,10653.0,445.0,261.0
MHCL,7/29/2026,328.5,328.5,314.1,314.1,-4.38,2486.0,445.0,261.0
MHCL,7/30/2026,323.0,323.0,313.0,315.2,-2.41,3485.0,445.0,261.0
MHCL,7/31/2026,316.0,322.9,313.3,317.9,0.6,3275.0,445.0,261.0
MHCL,8/3/2026,317.9,326.9,311.0,318.0,0.03,11004.0,445.0,261.0
MHCL,8/4/2026,310.6,315.0,310.6,315.0,1.42,1277.0,445.0,261.0
MHCL,8/5/2026,310.0,315.0,309.3,312.1,0.68,1370.0,445.0,261.0
MHCL,8/6/2026,321.0,321.0,312.1,312.1,-2.77,5370.0,445.0,261.0
MHCL,8/7/2026,310.0,319.0,305.2,308.0,-0.65,4148.0,445.0,261.0
MHCL,8/10/2026,310.0,310.0,303.1,310.0,0.0,4149.0,445.0,261.0
MHCL,8/11/2026,307.5,314.0,307.5,310.0,0.81,1490.0,445.0,261.0
MHCL,8/12/2026,314.0,314.0,304.7,312.0,-0.64,1765.0,445.0,261.0
MHCL,8/13/2026,308.0,318.0,306.2,315.5,2.44,5244.0,445.0,261.0
MHCL,8/14/2026,311.0,315.0,310.1,311.0,0.0,943.0,445.0,261.0
MHCL,8/17/2026,320.0,320.0,306.0,306.1,-4.34,2593.0,445.0,261.0
MHCL,8/18/2026,305.0,306.5,299.0,305.0,0.0,7692.0,445.0,261.0
MHCL,8/19/2026,300.5,305.0,298.0,303.2,0.9,4832.0,445.0,261.0
MHCL,8/20/2026,296.1,305.0,296.1,303.1,2.36,2480.0,445.0,261.0
MHCL,8/21/2026,302.0,302.0,298.0,298.3,-1.23,2295.0,445.0,261.0
MHCL,8/24/2026,298.3,300.0,295.3,296.5,-0.6,3030.0,445.0,261.0
MHCL,8/25/2026,295.0,295.0,289.0,289.6,-1.83,4438.0,445.0,261.0
MHCL,8/26/2026,285.1,287.0,272.0,282.0,-1.09,18143.0,445.0,261.0
MHCL,8/27/2026,273.6,282.0,265.5,275.0,0.51,4283.0,445.0,261.0
MHCL,8/31/2026,275.0,275.5,261.0,274.0,-0.36,3178.0,445.0,261.0
MHCL,9/1/2026,266.0,282.0,266.0,280.0,5.26,3321.0,445.0,261.0
MHCL,9/2/2026,277.0,285.0,275.0,284.0,2.53,4703.0,445.0,261.0
MHCL,9/3/2026,276.0,285.0,276.0,285.0,3.26,1155.0,445.0,261.0
MHCL,9/7/2026,281.3,281.3,271.0,280.0,-0.46,6450.0,445.0,261.0
MHCL,9/9/2026,280.0,280.0,270.0,279.4,-0.21,2586.0,445.0,261.0
MHCL,9/10/2026,271.7,275.0,271.1,275.0,1.21,1640.0,445.0,261.0
MHCL,9/11/2026,272.5,280.0,272.5,280.0,2.75,1404.0,445.0,261.0
MHCL,9/14/2026,280.0,288.4,275.4,285.0,1.79,3206.0,445.0,261.0
MHCL,9/15/2026,299.0,299.0,290.0,297.7,-0.43,9782.0,445.0,261.0
MHCL,9/16/2026,297.7,297.7,290.1,290.1,-2.55,7025.0,445.0,261.0
MHCL,9/17/2026,292.0,298.0,291.0,293.0,0.34,6153.0,445.0,261.0
MHCL,9/18/2026,293.0,304.0,292.1,299.0,2.05,4612.0,445.0,261.0
MHCL,9/22/2026,299.0,305.5,299.0,300.0,0.33,3515.0,445.0,261.0
MHCL,9/23/2026,297.0,298.0,292.2,293.1,-1.31,4307.0,445.0,261.0
MHCL,9/24/2026,293.1,300.0,292.2,296.0,0.99,3023.0,445.0,261.0
MHCL,9/28/2026,295.0,295.0,286.0,286.0,-3.05,3725.0,445.0,261.0
MHCL,9/29/2026,280.0,288.3,280.0,0.0,-100.0,1338.0,445.0,261.0
MHCL,9/30/2026,283.1,284.0,280.4,282.0,-0.39,7639.0,445.0,261.0
MHCL,10/1/2026,284.0,289.4,278.1,286.0,0.7,6448.0,445.0,261.0
MHCL,10/2/2026,293.0,293.0,279.0,281.0,-4.1,11221.0,445.0,261.0
MHL,12/21/2025,488.0,488.0,478.1,479.1,,9395.0,580.0,435.0
MHL,12/22/2025,473.1,477.0,473.1,475.5,-0.75,8373.0,580.0,435.0
MHL,12/23/2025,472.1,480.0,472.0,479.8,0.9,6808.0,580.0,435.0
MHL,12/24/2025,480.0,483.2,475.0,475.0,-1.0,6260.0,580.0,435.0
MHL,12/28/2025,475.5,488.0,475.1,487.0,2.53,23924.0,580.0,435.0
MHL,12/29/2025,486.0,495.0,485.2,487.0,0.0,27201.0,580.0,435.0
MHL,12/31/2025,495.9,495.9,487.2,487.2,0.04,8702.0,580.0,435.0
MHL,1/1/2026,488.0,493.0,480.0,486.0,-0.25,11481.0,580.0,435.0
MHL,1/4/2026,481.0,485.9,481.0,481.3,-0.97,9172.0,580.0,435.0
MHL,1/5/2026,480.0,497.8,480.0,497.8,3.43,22630.0,580.0,435.0
MHL,1/6/2026,493.0,506.0,490.1,496.9,-0.18,24930.0,580.0,435.0
MHL,1/7/2026,496.0,496.0,487.5,491.8,-1.03,11974.0,580.0,435.0
MHL,1/8/2026,482.5,521.0,482.5,498.0,1.26,11176.0,580.0,435.0
MHL,1/12/2026,490.0,500.0,490.0,496.0,-0.4,11845.0,580.0,435.0
MHL,1/13/2026,491.1,501.1,491.1,498.0,0.4,18049.0,580.0,435.0
MHL,1/14/2026,499.0,504.0,495.0,495.2,-0.56,37564.0,580.0,435.0
MHL,1/18/2026,503.8,515.0,494.0,510.1,3.01,32655.0,580.0,435.0
MHL,1/20/2026,517.7,531.8,513.2,522.5,2.43,71609.0,580.0,435.0
MHL,1/21/2026,523.1,547.0,520.0,530.0,1.44,92587.0,580.0,435.0
MHL,1/22/2026,532.5,549.8,532.5,540.0,1.89,60920.0,580.0,435.0
MHL,1/25/2026,537.1,550.0,534.0,536.0,-0.74,51308.0,580.0,435.0
MHL,1/26/2026,525.5,545.0,517.0,525.0,-2.05,87725.0,580.0,435.0
MHL,1/27/2026,524.5,540.0,515.1,522.5,-0.48,64340.0,580.0,435.0
MHL,1/28/2026,525.0,527.0,511.0,520.0,-0.48,21641.0,580.0,435.0
MHL,1/29/2026,527.0,539.8,520.0,521.2,0.23,49574.0,580.0,435.0
MHL,2/1/2026,531.0,534.0,516.0,516.0,-1.0,18229.0,580.0,435.0
MHL,2/2/2026,514.1,521.9,507.2,510.0,-1.16,25594.0,580.0,435.0
MHL,2/3/2026,507.1,519.9,500.0,510.0,0.0,33083.0,580.0,435.0
MHL,2/4/2026,503.2,518.0,503.2,507.3,-0.53,21861.0,580.0,435.0
MHL,2/5/2026,514.9,527.6,509.2,525.7,3.63,67361.0,580.0,435.0
MHL,2/8/2026,528.0,535.0,521.0,523.0,-0.51,48233.0,580.0,435.0
MHL,2/9/2026,524.0,529.0,512.6,515.0,-1.53,34173.0,580.0,435.0
MHL,2/10/2026,524.7,526.2,515.5,517.0,0.39,18094.0,580.0,435.0
MHL,2/11/2026,515.0,527.0,510.0,517.0,0.0,34218.0,580.0,435.0
MHL,2/12/2026,514.0,526.0,513.1,521.0,0.77,54576.0,580.0,435.0
MHL,2/16/2026,520.0,529.0,520.0,522.0,0.19,43956.0,580.0,435.0
MHL,2/17/2026,529.9,549.9,523.0,534.0,2.3,154646.0,580.0,435.0
MHL,2/22/2026,534.0,539.0,517.0,517.0,-3.18,24340.0,580.0,435.0
MHL,2/23/2026,506.7,523.0,506.7,513.2,-0.74,11619.0,580.0,435.0
MHL,2/24/2026,505.0,524.9,505.0,522.0,1.71,13047.0,580.0,435.0
MHL,2/25/2026,511.6,525.0,511.6,519.0,-0.57,9134.0,580.0,435.0
MHL,2/26/2026,508.7,527.0,508.7,518.0,-0.19,10180.0,580.0,435.0
MHL,2/27/2026,508.7,527.0,508.7,518.0,0.0,10180.0,580.0,435.0
MHL,2/28/2026,508.7,527.0,508.7,518.0,0.0,10180.0,580.0,435.0
MHL,3/2/2026,507.7,521.0,507.7,520.0,0.39,9137.0,580.0,435.0
MHL,3/3/2026,509.6,525.8,509.6,525.6,1.08,19202.0,580.0,435.0
MHL,3/4/2026,509.6,525.8,509.6,525.6,0.0,19202.0,580.0,435.0
MHL,3/5/2026,509.6,525.8,509.6,525.6,0.0,19202.0,580.0,435.0
MHL,3/6/2026,509.6,525.8,509.6,525.6,0.0,19202.0,580.0,435.0
MHL,3/7/2026,509.6,525.8,509.6,525.6,0.0,19202.0,580.0,435.0
MHL,3/8/2026,509.6,525.8,509.6,525.6,0.0,19202.0,580.0,435.0
MHL,3/9/2026,536.1,567.1,536.1,556.0,5.78,1820.0,580.0,435.0
MHL,3/10/2026,556.0,556.0,531.0,537.0,-3.42,74293.0,580.0,435.0
MHL,3/11/2026,535.0,546.0,532.0,535.9,-0.2,28164.0,580.0,435.0
MHL,3/12/2026,526.6,549.0,526.6,548.5,2.35,45197.0,580.0,435.0
MHL,3/13/2026,526.6,549.0,526.6,548.5,0.0,45197.0,580.0,435.0
MHL,3/14/2026,526.6,549.0,526.6,548.5,0.0,45197.0,580.0,435.0
MHL,3/15/2026,559.4,559.4,545.0,545.3,-0.58,27246.0,580.0,435.0
MHL,3/16/2026,535.0,580.0,535.0,562.0,3.06,130183.0,580.0,435.0
MHL,3/17/2026,562.0,565.0,553.1,562.9,0.16,39910.0,580.0,435.0
MHL,3/18/2026,562.0,565.0,553.1,562.9,0.0,39910.0,580.0,435.0
MHL,3/19/2026,562.9,574.0,558.9,561.0,-0.34,45042.0,580.0,435.0
MHL,3/20/2026,562.9,574.0,558.9,561.0,0.0,45042.0,580.0,435.0
MHL,3/21/2026,562.9,574.0,558.9,561.0,0.0,45042.0,580.0,435.0
MHL,3/22/2026,563.0,572.0,552.0,554.8,-1.11,61723.0,580.0,435.0
MHL,3/23/2026,554.8,555.5,545.1,548.7,-1.1,33951.0,580.0,435.0
MHL,3/24/2026,548.0,569.0,540.4,560.0,2.06,43891.0,580.0,435.0
MHL,3/25/2026,560.0,560.0,548.0,548.0,-2.14,28541.0,580.0,435.0
MHL,3/26/2026,554.0,554.0,546.1,549.2,-0.87,32584.0,580.0,435.0
MHL,3/29/2026,550.0,550.0,534.1,536.5,-2.45,27826.0,580.0,435.0
MHL,3/30/2026,536.0,541.0,527.0,536.8,0.15,14807.0,580.0,435.0
MHL,3/31/2026,528.1,545.0,525.0,535.0,1.31,14662.0,580.0,435.0
MHL,4/1/2026,530.1,535.0,516.0,519.0,-2.09,25407.0,580.0,435.0
MHL,4/2/2026,511.0,535.0,511.0,522.7,2.29,24113.0,580.0,435.0
MHL,4/5/2026,513.0,523.0,494.4,499.9,-2.55,35916.0,580.0,435.0
MHL,4/6/2026,500.0,517.9,500.0,509.2,1.84,20475.0,580.0,435.0
MHL,4/7/2026,509.2,521.2,505.1,509.9,0.14,14763.0,580.0,435.0
MHL,4/8/2026,499.9,520.8,499.9,517.0,3.42,17423.0,580.0,435.0
MHL,4/9/2026,506.7,535.0,506.7,526.1,3.83,17694.0,580.0,435.0
MHL,4/10/2026,515.6,526.0,515.6,521.0,1.05,19159.0,580.0,435.0
MHL,4/13/2026,522.1,537.0,522.0,528.0,1.13,16614.0,580.0,435.0
MHL,4/15/2026,538.4,538.4,530.0,535.0,-0.63,15196.0,580.0,435.0
MHL,4/16/2026,539.0,539.0,520.1,525.9,-2.43,15752.0,580.0,435.0
MHL,4/17/2026,525.9,525.9,515.5,519.9,-1.14,13431.0,580.0,435.0
MHL,4/20/2026,534.9,534.9,511.1,513.9,-3.93,5632.0,580.0,435.0
MHL,4/21/2026,489.0,520.9,489.0,514.9,5.3,5693.0,580.0,435.0
MHL,4/22/2026,510.0,518.0,502.1,510.0,0.0,13103.0,580.0,435.0
MHL,4/23/2026,498.0,514.8,498.0,504.9,1.39,6491.0,580.0,435.0
MHL,4/24/2026,504.9,508.9,500.0,506.9,0.4,6071.0,580.0,435.0
MHL,4/27/2026,506.9,510.0,506.0,509.5,0.51,3997.0,580.0,435.0
MHL,4/28/2026,509.5,514.8,505.0,508.0,-0.29,4079.0,580.0,435.0
MHL,4/29/2026,508.0,504.0,495.0,504.0,-0.79,4584.0,580.0,435.0
MHL,4/30/2026,495.1,504.0,490.0,497.0,0.38,9126.0,580.0,435.0
MHL,5/4/2026,500.0,510.0,490.0,490.0,-2.0,8957.0,580.0,435.0
MHL,5/5/2026,484.2,495.0,484.1,489.8,1.16,4981.0,580.0,435.0
MHL,5/6/2026,485.0,493.0,485.0,492.0,1.44,11104.0,580.0,435.0
MHL,5/7/2026,489.0,499.6,484.0,499.6,2.17,7683.0,580.0,435.0
MHL,5/8/2026,499.9,506.8,495.1,502.0,0.42,2275.0,580.0,435.0
MHL,5/11/2026,500.0,509.7,495.1,505.0,1.0,25089.0,580.0,435.0
MHL,5/12/2026,501.1,508.8,492.2,499.0,-0.42,7559.0,580.0,435.0
MHL,5/13/2026,494.0,497.0,490.1,495.4,0.28,4420.0,580.0,435.0
MHL,5/14/2026,492.1,496.0,489.1,496.0,0.79,5149.0,580.0,435.0
MHL,5/15/2026,496.0,502.0,490.2,498.5,0.5,2624.0,580.0,435.0
MHL,5/18/2026,485.1,501.0,485.1,499.9,3.05,3790.0,580.0,435.0
MHL,5/19/2026,494.1,495.0,493.0,493.0,-0.22,941.0,580.0,435.0
MHL,5/20/2026,492.0,501.9,491.6,501.0,1.83,4245.0,580.0,435.0
MHL,5/21/2026,497.0,498.0,493.2,498.0,0.2,1665.0,580.0,435.0
MHL,5/22/2026,492.0,501.9,492.0,500.0,1.63,6671.0,580.0,435.0
MHL,5/25/2026,500.0,510.0,498.5,508.0,1.6,11038.0,580.0,435.0
MHL,5/26/2026,512.0,512.0,501.0,505.1,-1.35,7260.0,580.0,435.0
MHL,5/27/2026,504.0,506.9,500.0,506.5,0.5,10989.0,580.0,435.0
MHL,6/1/2026,496.0,506.0,495.0,499.9,0.79,4455.0,580.0,435.0
MHL,6/2/2026,500.0,504.0,492.0,502.9,0.58,6700.0,580.0,435.0
MHL,6/3/2026,499.0,504.7,497.3,503.9,0.98,4072.0,580.0,435.0
MHL,6/4/2026,529.0,529.0,500.0,506.0,-4.35,9206.0,580.0,435.0
MHL,6/5/2026,498.1,504.0,498.0,500.0,0.38,6285.0,580.0,435.0
MHL,6/8/2026,500.0,500.0,494.1,500.0,0.0,4201.0,580.0,435.0
MHL,6/9/2026,500.0,500.0,492.8,497.5,-0.5,4062.0,580.0,435.0
MHL,6/10/2026,495.1,499.9,495.0,499.7,0.93,3122.0,580.0,435.0
MHL,6/11/2026,475.0,503.0,475.0,497.0,4.63,12778.0,580.0,435.0
MHL,6/12/2026,473.0,497.0,473.0,496.9,5.05,2040.0,580.0,435.0
MHL,6/15/2026,493.0,496.8,491.5,496.0,0.61,1447.0,580.0,435.0
MHL,6/16/2026,496.0,500.0,493.0,497.8,0.36,5668.0,580.0,435.0
MHL,6/17/2026,494.0,502.0,492.5,501.9,1.6,8506.0,580.0,435.0
MHL,6/18/2026,503.9,503.9,492.1,492.1,-2.34,7170.0,580.0,435.0
MHL,6/19/2026,498.0,498.0,492.2,493.5,-0.9,2482.0,580.0,435.0
MHL,6/22/2026,492.2,502.7,492.2,494.5,0.47,886.0,580.0,435.0
MHL,6/23/2026,492.2,494.0,487.0,489.0,-0.65,6664.0,580.0,435.0
MHL,6/24/2026,484.1,492.0,480.0,480.6,-0.72,3313.0,580.0,435.0
MHL,6/26/2026,490.0,490.0,465.8,476.0,-2.86,9577.0,580.0,435.0
MHL,6/29/2026,464.0,477.9,464.0,466.2,0.47,2627.0,580.0,435.0
MHL,6/30/2026,461.0,477.0,452.3,460.0,-0.22,7842.0,580.0,435.0
MHL,7/1/2026,455.0,472.0,455.0,470.0,3.3,2817.0,580.0,435.0
MHL,7/2/2026,470.0,478.8,467.0,476.0,1.28,3480.0,580.0,435.0
MHL,7/3/2026,471.0,478.9,466.4,476.8,1.23,9499.0,580.0,435.0
MHL,7/6/2026,463.0,470.0,463.0,465.2,0.48,1043.0,580.0,435.0
MHL,7/7/2026,459.0,515.0,459.0,491.0,6.97,26619.0,580.0,435.0
MHL,7/8/2026,483.0,491.0,463.0,474.9,-1.68,3811.0,580.0,435.0
MHL,7/9/2026,472.0,472.0,464.0,464.0,-1.69,1844.0,580.0,435.0
MHL,7/10/2026,475.0,475.0,464.0,471.9,-0.65,1377.0,580.0,435.0
MHL,7/13/2026,467.0,468.0,463.2,468.0,0.21,3478.0,580.0,435.0
MHL,7/14/2026,462.3,470.0,455.0,470.0,1.67,2932.0,580.0,435.0
MHL,7/15/2026,466.4,479.5,466.2,478.0,2.49,1159.0,580.0,435.0
MHL,7/16/2026,475.0,475.0,456.3,469.0,-1.26,11462.0,580.0,435.0
MHL,7/17/2026,480.0,489.9,475.0,489.9,2.06,6720.0,580.0,435.0
MHL,7/20/2026,489.9,495.0,480.0,492.0,0.43,10339.0,580.0,435.0
MHL,7/21/2026,490.0,500.0,483.0,490.0,0.0,9016.0,580.0,435.0
MHL,7/22/2026,480.3,487.0,480.3,485.0,0.98,5344.0,580.0,435.0
MHL,7/23/2026,483.0,489.8,477.6,489.8,1.41,3249.0,580.0,435.0
MHL,7/24/2026,489.0,489.0,480.0,485.0,-0.82,6501.0,580.0,435.0
MHL,7/27/2026,480.0,487.0,472.0,478.0,-0.42,5142.0,580.0,435.0
MHL,7/28/2026,473.0,478.0,467.0,470.0,-0.63,9647.0,580.0,435.0
MHL,7/29/2026,470.0,480.0,465.6,474.0,0.85,7960.0,580.0,435.0
MHL,7/30/2026,470.0,470.0,466.2,470.0,0.0,3265.0,580.0,435.0
MHL,7/31/2026,480.0,480.0,463.0,477.8,-0.46,349.0,580.0,435.0
MHL,8/3/2026,481.0,482.0,468.4,476.0,-1.04,1866.0,580.0,435.0
MHL,8/4/2026,476.0,476.0,466.1,467.1,-1.87,5004.0,580.0,435.0
MHL,8/5/2026,467.1,470.0,465.6,469.5,0.51,1739.0,580.0,435.0
MHL,8/6/2026,482.0,482.0,466.0,468.5,-2.8,2541.0,580.0,435.0
MHL,8/7/2026,465.0,473.8,464.0,470.0,1.08,3960.0,580.0,435.0
MHL,8/10/2026,463.0,468.0,463.0,468.0,1.08,700.0,580.0,435.0
MHL,8/11/2026,464.1,472.0,464.1,466.1,0.43,1698.0,580.0,435.0
MHL,8/12/2026,466.0,468.0,463.5,464.0,-0.43,2741.0,580.0,435.0
MHL,8/13/2026,462.2,474.9,462.2,470.0,1.69,4009.0,580.0,435.0
MHL,8/14/2026,463.5,480.0,463.5,465.0,0.32,1564.0,580.0,435.0
MHL,8/17/2026,465.2,473.9,463.2,468.0,0.6,2420.0,580.0,435.0
MHL,8/18/2026,464.0,468.0,455.1,466.0,0.43,4368.0,580.0,435.0
MHL,8/19/2026,462.0,465.0,455.1,465.0,0.65,3234.0,580.0,435.0
MHL,8/20/2026,458.2,468.0,458.2,468.0,2.14,1598.0,580.0,435.0
MHL,8/21/2026,465.0,468.0,458.0,459.0,-1.29,5507.0,580.0,435.0
MHL,8/24/2026,460.0,462.8,455.1,462.8,0.61,2440.0,580.0,435.0
MHL,8/25/2026,455.1,463.9,455.0,463.0,1.74,1481.0,580.0,435.0
MHL,8/26/2026,458.0,459.0,440.0,450.0,-1.75,11337.0,580.0,435.0
MHL,8/27/2026,437.0,458.8,437.0,458.8,4.99,2338.0,580.0,435.0
MHL,8/31/2026,450.0,450.0,437.0,447.0,-0.67,3670.0,580.0,435.0
MHL,9/1/2026,449.0,449.0,440.1,445.0,-0.89,3452.0,580.0,435.0
MHL,9/2/2026,435.1,444.5,435.0,443.3,1.88,5301.0,580.0,435.0
MHL,9/3/2026,442.5,447.8,440.0,445.0,0.56,1354.0,580.0,435.0
MHL,9/7/2026,445.0,454.5,444.0,452.9,1.78,4993.0,580.0,435.0
MHL,9/9/2026,452.9,455.0,442.4,445.5,-1.63,1110.0,580.0,435.0
MHL,9/10/2026,438.1,445.0,435.0,443.9,1.32,2945.0,580.0,435.0
MHL,9/11/2026,443.0,455.0,441.0,455.0,2.71,2347.0,580.0,435.0
MHL,9/14/2026,450.0,469.0,450.0,461.0,2.44,5744.0,580.0,435.0
MHL,9/15/2026,484.0,484.0,457.2,473.4,-2.19,7223.0,580.0,435.0
MHL,9/16/2026,474.0,475.0,460.0,463.9,-2.13,4635.0,580.0,435.0
MHL,9/17/2026,460.0,473.8,460.0,464.0,0.87,5476.0,580.0,435.0
MHL,9/18/2026,460.0,472.0,460.0,470.0,2.17,6452.0,580.0,435.0
MHL,9/22/2026,460.0,474.0,450.1,464.8,1.04,15359.0,580.0,435.0
MHL,9/23/2026,460.0,460.0,453.4,456.0,-0.87,7277.0,580.0,435.0
MHL,9/24/2026,467.0,467.0,455.0,457.0,-2.14,5324.0,580.0,435.0
MHL,9/28/2026,457.0,464.9,451.1,459.0,0.44,3595.0,580.0,435.0
MHL,9/29/2026,450.0,460.0,450.0,0.0,-100.0,771.0,580.0,435.0
MHL,9/30/2026,450.0,451.0,439.1,447.9,-0.47,11115.0,580.0,435.0
MHL,10/1/2026,445.0,454.0,441.2,445.0,0.0,4073.0,580.0,435.0
MHL,10/2/2026,445.0,446.0,440.1,444.0,-0.22,3547.0,580.0,435.0
MHNL,5/12/2019,91.0,91.0,88.0,88.0,,200.0,324.0,223.0
MHNL,5/13/2019,89.0,93.0,89.0,93.0,5.68,730.0,324.0,223.0
MHNL,5/14/2019,94.0,94.0,90.0,90.0,-3.23,300.0,324.0,223.0
MHNL,5/15/2019,86.0,89.0,86.0,89.0,-1.11,550.0,324.0,223.0
MHNL,5/16/2019,90.0,92.0,90.0,92.0,3.37,360.0,324.0,223.0
MHNL,5/19/2019,88.0,94.0,88.0,94.0,2.17,660.0,324.0,223.0
MHNL,5/20/2019,95.0,98.0,92.0,97.0,3.19,1540.0,324.0,223.0
MHNL,5/21/2019,96.0,100.0,96.0,99.0,2.06,1270.0,324.0,223.0
MHNL,5/22/2019,100.0,108.0,100.0,104.0,5.05,18720.0,324.0,223.0
MHNL,5/23/2019,106.0,109.0,97.0,99.0,-4.81,5440.0,324.0,223.0
MHNL,5/26/2019,100.0,105.0,100.0,102.0,3.03,5630.0,324.0,223.0
MHNL,5/27/2019,100.0,107.0,99.0,105.0,2.94,1040.0,324.0,223.0
MHNL,5/28/2019,102.0,102.0,98.0,98.0,-6.67,2200.0,324.0,223.0
MHNL,5/29/2019,99.0,107.0,99.0,105.0,7.14,7770.0,324.0,223.0
MHNL,5/30/2019,107.0,113.0,104.0,104.0,-0.95,4820.0,324.0,223.0
MHNL,6/2/2019,102.0,112.0,102.0,110.0,5.77,790.0,324.0,223.0
MHNL,6/3/2019,108.0,108.0,102.0,104.0,-5.45,1850.0,324.0,223.0
MHNL,6/4/2019,103.0,104.0,101.0,104.0,0.0,1510.0,324.0,223.0
MHNL,6/6/2019,103.0,103.0,100.0,100.0,-3.85,2140.0,324.0,223.0
MHNL,6/10/2019,102.0,103.0,100.0,100.0,0.0,860.0,324.0,223.0
MHNL,6/11/2019,102.0,108.0,101.0,107.0,7.0,5228.0,324.0,223.0
MHNL,6/12/2019,107.0,107.0,104.0,104.0,-2.8,1310.0,324.0,223.0
MHNL,6/13/2019,102.0,108.0,102.0,103.0,-0.96,2250.0,324.0,223.0
MHNL,6/16/2019,105.0,105.0,100.0,100.0,-2.91,4750.0,324.0,223.0
MHNL,6/17/2019,102.0,102.0,101.0,101.0,1.0,1000.0,324.0,223.0
MHNL,6/18/2019,102.0,107.0,101.0,105.0,3.96,3310.0,324.0,223.0
MHNL,6/19/2019,103.0,107.0,103.0,106.0,0.95,3290.0,324.0,223.0
MHNL,6/20/2019,104.0,109.0,102.0,107.0,0.94,2080.0,324.0,223.0
MHNL,6/23/2019,105.0,109.0,105.0,105.0,-1.87,4250.0,324.0,223.0
MHNL,6/24/2019,104.0,107.0,104.0,104.0,-0.95,730.0,324.0,223.0
MHNL,6/25/2019,102.0,105.0,102.0,104.0,0.0,570.0,324.0,223.0
MHNL,6/26/2019,102.0,105.0,102.0,105.0,0.96,810.0,324.0,223.0
MHNL,6/27/2019,103.0,105.0,103.0,104.0,-0.95,680.0,324.0,223.0
MHNL,6/30/2019,102.0,105.0,102.0,103.0,-0.96,580.0,324.0,223.0
MHNL,7/1/2019,101.0,105.0,101.0,104.0,0.97,1150.0,324.0,223.0
MHNL,7/2/2019,104.0,105.0,103.0,104.0,0.0,570.0,324.0,223.0
MHNL,7/3/2019,103.0,107.0,103.0,106.0,1.92,2290.0,324.0,223.0
MHNL,7/4/2019,104.0,107.0,104.0,107.0,0.94,1020.0,324.0,223.0
MHNL,7/7/2019,105.0,106.0,104.0,104.0,-2.8,770.0,324.0,223.0
MHNL,7/8/2019,103.0,106.0,102.0,102.0,-1.92,1210.0,324.0,223.0
MHNL,7/9/2019,102.0,104.0,102.0,104.0,1.96,640.0,324.0,223.0
MHNL,7/10/2019,103.0,105.0,103.0,105.0,0.96,590.0,324.0,223.0
MHNL,7/11/2019,103.0,104.0,102.0,104.0,-0.95,540.0,324.0,223.0
MHNL,7/14/2019,103.0,104.0,103.0,104.0,0.0,430.0,324.0,223.0
MHNL,7/15/2019,103.0,103.0,103.0,103.0,-0.96,360.0,324.0,223.0
MHNL,7/16/2019,104.0,107.0,104.0,105.0,1.94,1350.0,324.0,223.0
MHNL,7/17/2019,103.0,109.0,103.0,106.0,0.95,820.0,324.0,223.0
MHNL,7/18/2019,104.0,106.0,104.0,105.0,-0.94,290.0,324.0,223.0
MHNL,7/21/2019,107.0,107.0,103.0,103.0,-1.9,370.0,324.0,223.0
MHNL,7/22/2019,103.0,103.0,103.0,103.0,0.0,570.0,324.0,223.0
MHNL,7/23/2019,103.0,103.0,102.0,102.0,-0.97,430.0,324.0,223.0
MHNL,7/24/2019,103.0,103.0,101.0,101.0,-0.98,1440.0,324.0,223.0
MHNL,7/25/2019,102.0,106.0,100.0,101.0,0.0,2240.0,324.0,223.0
MHNL,7/28/2019,100.0,101.0,100.0,100.0,-0.99,1380.0,324.0,223.0
MHNL,7/29/2019,100.0,101.0,100.0,100.0,0.0,400.0,324.0,223.0
MHNL,7/30/2019,100.0,102.0,99.0,100.0,0.0,1940.0,324.0,223.0
MHNL,7/31/2019,99.0,100.0,98.0,99.0,-1.0,540.0,324.0,223.0
MHNL,8/1/2019,100.0,107.0,99.0,104.0,5.05,3296.0,324.0,223.0
MHNL,8/4/2019,105.0,114.0,105.0,108.0,3.85,9469.0,324.0,223.0
MHNL,8/5/2019,108.0,108.0,104.0,105.0,-2.78,1110.0,324.0,223.0
MHNL,8/6/2019,103.0,109.0,101.0,104.0,-0.95,1320.0,324.0,223.0
MHNL,8/7/2019,102.0,106.0,101.0,106.0,1.92,735.0,324.0,223.0
MHNL,8/8/2019,104.0,104.0,102.0,103.0,-2.83,850.0,324.0,223.0
MHNL,8/11/2019,101.0,103.0,100.0,102.0,-0.97,690.0,324.0,223.0
MHNL,8/12/2019,100.0,105.0,100.0,102.0,0.0,1140.0,324.0,223.0
MHNL,8/13/2019,102.0,102.0,101.0,101.0,-0.98,290.0,324.0,223.0
MHNL,8/14/2019,102.0,102.0,101.0,101.0,0.0,390.0,324.0,223.0
MHNL,8/15/2019,100.0,102.0,100.0,100.0,-0.99,560.0,324.0,223.0
MHNL,8/18/2019,101.0,101.0,99.0,100.0,0.0,370.0,324.0,223.0
MHNL,8/19/2019,100.0,102.0,99.0,99.0,-1.0,870.0,324.0,223.0
MHNL,8/20/2019,99.0,99.0,100.0,100.0,1.01,4110.0,324.0,223.0
MHNL,8/21/2019,98.0,99.0,96.0,96.0,-4.0,1180.0,324.0,223.0
MHNL,8/22/2019,96.0,96.0,95.0,96.0,0.0,1130.0,324.0,223.0
MHNL,8/25/2019,96.0,96.0,93.0,94.0,-2.08,760.0,324.0,223.0
MHNL,8/26/2019,93.0,96.0,93.0,95.0,1.06,230.0,324.0,223.0
MHNL,8/27/2019,96.0,96.0,94.0,95.0,0.0,205.0,324.0,223.0
MHNL,8/28/2019,94.0,95.0,94.0,94.0,-1.05,300.0,324.0,223.0
MHNL,8/29/2019,93.0,93.0,93.0,93.0,-1.06,380.0,324.0,223.0
MHNL,9/1/2019,92.0,92.0,90.0,91.0,-2.15,480.0,324.0,223.0
MHNL,9/2/2019,90.0,90.0,88.0,88.0,-3.3,580.0,324.0,223.0
MHNL,9/3/2019,87.0,89.0,82.0,89.0,1.14,2120.0,324.0,223.0
MHNL,9/4/2019,88.0,93.0,88.0,90.0,1.12,870.0,324.0,223.0
MHNL,9/5/2019,91.0,92.0,87.0,87.0,-3.33,620.0,324.0,223.0
MHNL,9/8/2019,86.0,86.0,84.0,85.0,-2.3,260.0,324.0,223.0
MHNL,9/9/2019,84.0,84.0,82.0,83.0,-2.35,385.0,324.0,223.0
MHNL,9/10/2019,83.0,88.0,83.0,88.0,6.02,2190.0,324.0,223.0
MHNL,9/11/2019,88.0,88.0,86.0,86.0,-2.27,150.0,324.0,223.0
MHNL,9/12/2019,85.0,85.0,82.0,83.0,-3.49,270.0,324.0,223.0
MHNL,9/15/2019,82.0,82.0,81.0,82.0,-1.2,1170.0,324.0,223.0
MHNL,9/16/2019,81.0,82.0,79.0,79.0,-3.66,870.0,324.0,223.0
MHNL,9/17/2019,80.0,82.0,80.0,82.0,3.8,100.0,324.0,223.0
MHNL,9/18/2019,82.0,87.0,82.0,87.0,6.1,720.0,324.0,223.0
MHNL,9/19/2019,88.0,88.0,87.0,87.0,0.0,120.0,324.0,223.0
MHNL,9/22/2019,84.0,84.0,81.0,81.0,-6.9,210.0,324.0,223.0
MHNL,9/23/2019,80.0,80.0,78.0,78.0,-3.7,730.0,324.0,223.0
MHNL,9/24/2019,78.0,78.0,77.0,78.0,0.0,240.0,324.0,223.0
MHNL,9/25/2019,79.0,80.0,79.0,80.0,2.56,260.0,324.0,223.0
MHNL,9/26/2019,80.0,81.0,79.0,81.0,1.25,630.0,324.0,223.0
MHNL,9/30/2019,80.0,81.0,78.0,78.0,-3.7,1440.0,324.0,223.0
MHNL,10/1/2019,77.0,78.0,76.0,78.0,0.0,640.0,324.0,223.0
MHNL,10/2/2019,77.0,80.0,77.0,79.0,1.28,515.0,324.0,223.0
MHNL,10/3/2019,78.0,80.0,78.0,80.0,1.27,785.0,324.0,223.0
MHNL,10/10/2019,81.0,82.0,81.0,82.0,2.5,110.0,324.0,223.0
MHNL,10/14/2019,81.0,81.0,79.0,79.0,-3.66,845.0,324.0,223.0
MHNL,10/15/2019,78.0,80.0,78.0,80.0,1.27,116.0,324.0,223.0
MHNL,10/16/2019,80.0,80.0,79.0,79.0,-1.25,70.0,324.0,223.0
MHNL,10/17/2019,80.0,80.0,79.0,79.0,0.0,485.0,324.0,223.0
MHNL,10/21/2019,79.0,79.0,78.0,78.0,-1.27,3385.0,324.0,223.0
MHNL,10/22/2019,79.0,81.0,78.0,78.0,0.0,1300.0,324.0,223.0
MHNL,10/23/2019,79.0,79.0,79.0,79.0,1.28,120.0,324.0,223.0
MHNL,10/24/2019,79.0,84.0,79.0,84.0,6.33,610.0,324.0,223.0
MHNL,10/31/2019,85.0,85.0,81.0,81.0,-3.57,460.0,324.0,223.0
MHNL,11/3/2019,80.0,80.0,80.0,80.0,-1.23,570.0,324.0,223.0
MHNL,11/4/2019,79.0,79.0,77.0,77.0,-3.75,990.0,324.0,223.0
MHNL,11/5/2019,78.0,79.0,77.0,77.0,0.0,380.0,324.0,223.0
MHNL,11/6/2019,77.0,78.0,76.0,76.0,-1.3,380.0,324.0,223.0
MHNL,11/7/2019,77.0,78.0,75.0,75.0,-1.32,1670.0,324.0,223.0
MHNL,11/10/2019,74.0,75.0,74.0,75.0,0.0,60.0,324.0,223.0
MHNL,11/11/2019,74.0,76.0,74.0,76.0,1.33,310.0,324.0,223.0
MHNL,11/12/2019,77.0,77.0,76.0,76.0,0.0,228.0,324.0,223.0
MHNL,11/13/2019,76.0,79.0,76.0,79.0,3.95,1730.0,324.0,223.0
MHNL,11/14/2019,79.0,80.0,77.0,78.0,-1.27,2960.0,324.0,223.0
MHNL,11/17/2019,78.0,80.0,77.0,79.0,1.28,1060.0,324.0,223.0
MHNL,11/18/2019,78.0,78.0,78.0,78.0,-1.27,50.0,324.0,223.0
MHNL,11/19/2019,78.0,78.0,77.0,77.0,-1.28,360.0,324.0,223.0
MHNL,11/20/2019,77.0,82.0,76.0,82.0,6.49,1863.0,324.0,223.0
MHNL,11/21/2019,82.0,82.0,79.0,79.0,-3.66,180.0,324.0,223.0
MHNL,11/24/2019,78.0,78.0,76.0,76.0,-3.8,80.0,324.0,223.0
MHNL,11/25/2019,76.0,76.0,75.0,75.0,-1.32,260.0,324.0,223.0
MHNL,11/26/2019,75.0,76.0,75.0,75.0,0.0,1150.0,324.0,223.0
MHNL,11/27/2019,74.0,76.0,74.0,76.0,1.33,130.0,324.0,223.0
MHNL,11/28/2019,75.0,80.0,75.0,80.0,5.26,1050.0,324.0,223.0
MHNL,12/1/2019,79.0,79.0,78.0,78.0,-2.5,90.0,324.0,223.0
MHNL,12/3/2019,77.0,77.0,77.0,77.0,-1.28,60.0,324.0,223.0
MHNL,12/4/2019,76.0,77.0,76.0,77.0,0.0,220.0,324.0,223.0
MHNL,12/5/2019,76.0,76.0,75.0,75.0,-2.6,330.0,324.0,223.0
MHNL,12/8/2019,74.0,76.0,74.0,75.0,0.0,460.0,324.0,223.0
MHNL,12/9/2019,74.0,76.0,74.0,75.0,0.0,230.0,324.0,223.0
MHNL,12/10/2019,75.0,80.0,75.0,80.0,6.67,750.0,324.0,223.0
MHNL,12/11/2019,80.0,80.0,78.0,79.0,-1.25,710.0,324.0,223.0
MHNL,12/12/2019,79.0,86.0,79.0,84.0,6.33,2220.0,324.0,223.0
MHNL,12/15/2019,83.0,85.0,80.0,85.0,1.19,980.0,324.0,223.0
MHNL,12/16/2019,84.0,84.0,81.0,81.0,-4.71,90.0,324.0,223.0
MHNL,12/17/2019,81.0,82.0,80.0,81.0,0.0,530.0,324.0,223.0
MHNL,12/18/2019,80.0,81.0,80.0,80.0,-1.23,510.0,324.0,223.0
MHNL,12/19/2019,81.0,81.0,80.0,80.0,0.0,250.0,324.0,223.0
MHNL,12/22/2019,80.0,83.0,80.0,83.0,3.75,640.0,324.0,223.0
MHNL,12/23/2019,84.0,85.0,82.0,83.0,0.0,860.0,324.0,223.0
MHNL,12/24/2019,82.0,83.0,82.0,83.0,0.0,335.0,324.0,223.0
MHNL,12/25/2019,82.0,84.0,82.0,84.0,1.2,450.0,324.0,223.0
MHNL,12/26/2019,84.0,85.0,84.0,84.0,0.0,440.0,324.0,223.0
MHNL,12/29/2019,84.0,90.0,84.0,90.0,7.14,850.0,324.0,223.0
MHNL,12/30/2019,89.0,89.0,85.0,85.0,-5.56,890.0,324.0,223.0
MHNL,12/31/2019,84.0,84.0,82.0,83.0,-2.35,180.0,324.0,223.0
MHNL,1/1/2020,84.0,84.0,83.0,84.0,1.2,890.0,324.0,223.0
MHNL,1/2/2020,83.0,85.0,83.0,85.0,1.19,450.0,324.0,223.0
MHNL,1/5/2020,84.0,87.0,83.0,87.0,2.35,790.0,324.0,223.0
MHNL,1/6/2020,87.0,88.0,86.0,87.0,0.0,800.0,324.0,223.0
MHNL,1/7/2020,86.0,91.0,86.0,88.0,1.15,1540.0,324.0,223.0
MHNL,1/8/2020,88.0,95.0,88.0,95.0,7.95,11165.0,324.0,223.0
MHNL,1/9/2020,95.0,96.0,93.0,93.0,-2.11,2310.0,324.0,223.0
MHNL,1/12/2020,94.0,95.0,90.0,91.0,-2.15,1160.0,324.0,223.0
MHNL,1/13/2020,91.0,98.0,90.0,93.0,2.2,1020.0,324.0,223.0
MHNL,1/14/2020,92.0,94.0,92.0,92.0,-1.08,750.0,324.0,223.0
MHNL,1/15/2020,91.0,99.0,91.0,98.0,6.52,1490.0,324.0,223.0
MHNL,1/16/2020,99.0,99.0,100.0,104.0,6.12,6540.0,324.0,223.0
MHNL,1/19/2020,104.0,106.0,100.0,104.0,0.0,8320.0,324.0,223.0
MHNL,1/20/2020,102.0,102.0,96.0,96.0,-7.69,4030.0,324.0,223.0
MHNL,1/21/2020,95.0,96.0,94.0,95.0,-1.04,935.0,324.0,223.0
MHNL,1/22/2020,94.0,95.0,93.0,94.0,-1.05,250.0,324.0,223.0
MHNL,1/23/2020,94.0,94.0,92.0,94.0,0.0,470.0,324.0,223.0
MHNL,1/26/2020,93.0,93.0,89.0,90.0,-4.26,510.0,324.0,223.0
MHNL,1/27/2020,90.0,91.0,88.0,90.0,0.0,500.0,324.0,223.0
MHNL,1/28/2020,90.0,91.0,89.0,89.0,-1.11,450.0,324.0,223.0
MHNL,1/29/2020,89.0,91.0,88.0,90.0,1.12,1110.0,324.0,223.0
MHNL,1/30/2020,90.0,91.0,89.0,90.0,0.0,1579.0,324.0,223.0
MHNL,2/2/2020,90.0,92.0,89.0,90.0,0.0,3280.0,324.0,223.0
MHNL,2/3/2020,89.0,92.0,88.0,92.0,2.22,755.0,324.0,223.0
MHNL,2/4/2020,93.0,94.0,92.0,92.0,0.0,1510.0,324.0,223.0
MHNL,2/5/2020,91.0,93.0,91.0,93.0,1.09,510.0,324.0,223.0
MHNL,2/6/2020,94.0,95.0,93.0,93.0,0.0,610.0,324.0,223.0
MHNL,2/9/2020,92.0,93.0,91.0,91.0,-2.15,290.0,324.0,223.0
MHNL,2/10/2020,90.0,91.0,89.0,90.0,-1.1,540.0,324.0,223.0
MHNL,2/11/2020,89.0,90.0,88.0,90.0,0.0,420.0,324.0,223.0
MHNL,2/12/2020,89.0,90.0,89.0,89.0,-1.11,460.0,324.0,223.0
MHNL,2/13/2020,88.0,89.0,87.0,88.0,-1.12,470.0,324.0,223.0
MHNL,2/16/2020,87.0,90.0,87.0,88.0,0.0,775.0,324.0,223.0
MHNL,2/17/2020,88.0,94.0,88.0,93.0,5.68,1039.0,324.0,223.0
MHNL,2/18/2020,94.0,97.0,94.0,97.0,4.3,2140.0,324.0,223.0
MHNL,2/19/2020,97.0,97.0,93.0,94.0,-3.09,540.0,324.0,223.0
MHNL,2/20/2020,94.0,97.0,94.0,97.0,3.19,670.0,324.0,223.0
MHNL,2/23/2020,98.0,98.0,96.0,97.0,0.0,1470.0,324.0,223.0
MHNL,2/24/2020,96.0,97.0,95.0,95.0,-2.06,1290.0,324.0,223.0
MHNL,2/25/2020,94.0,97.0,92.0,97.0,2.11,1980.0,324.0,223.0
MHNL,2/26/2020,96.0,99.0,95.0,96.0,-1.03,1490.0,324.0,223.0
MHNL,2/27/2020,96.0,98.0,95.0,98.0,2.08,560.0,324.0,223.0
MHNL,3/1/2020,97.0,98.0,96.0,96.0,-2.04,2580.0,324.0,223.0
MHNL,3/2/2020,96.0,96.0,94.0,94.0,-2.08,400.0,324.0,223.0
MHNL,3/3/2020,93.0,93.0,90.0,91.0,-3.19,900.0,324.0,223.0
MHNL,3/10/2020,90.0,90.0,88.0,88.0,-3.3,140.0,324.0,223.0
MHNL,3/11/2020,87.0,88.0,87.0,88.0,0.0,560.0,324.0,223.0
MHNL,3/12/2020,87.0,87.0,84.0,84.0,-4.55,570.0,324.0,223.0
MHNL,3/16/2020,83.0,83.0,80.0,81.0,-3.57,1270.0,324.0,223.0
MHNL,3/17/2020,80.0,80.0,77.0,77.0,-4.94,1895.0,324.0,223.0
MHNL,3/18/2020,77.0,83.0,77.0,83.0,7.79,660.0,324.0,223.0
MHNL,3/19/2020,84.0,89.0,84.0,88.0,6.02,6427.0,324.0,223.0
MHNL,7/6/2020,87.0,87.0,86.0,87.0,-1.14,2180.0,324.0,223.0
MHNL,7/7/2020,86.0,86.0,86.0,86.0,-1.15,360.0,324.0,223.0
MHNL,7/8/2020,85.0,86.0,85.0,86.0,0.0,1510.0,324.0,223.0
MHNL,7/9/2020,85.0,86.0,85.0,86.0,0.0,8510.0,324.0,223.0
MHNL,7/12/2020,85.0,87.0,85.0,86.0,0.0,460.0,324.0,223.0
MHNL,7/13/2020,85.0,86.0,82.0,83.0,-3.49,1240.0,324.0,223.0
MHNL,7/14/2020,83.0,83.0,79.0,80.0,-3.61,930.0,324.0,223.0
MHNL,7/15/2020,80.0,80.0,79.0,79.0,-1.25,730.0,324.0,223.0
MHNL,7/16/2020,78.0,80.0,77.0,80.0,1.27,650.0,324.0,223.0
MHNL,7/20/2020,79.0,79.0,76.0,79.0,-1.25,590.0,324.0,223.0
MHNL,7/21/2020,78.0,79.0,78.0,79.0,0.0,940.0,324.0,223.0
MHNL,7/22/2020,78.0,80.0,78.0,79.0,0.0,1200.0,324.0,223.0
MHNL,7/23/2020,79.0,83.0,79.0,81.0,2.53,1800.0,324.0,223.0
MHNL,7/26/2020,81.0,82.0,79.0,79.0,-2.47,2650.0,324.0,223.0
MHNL,7/27/2020,80.0,82.0,80.0,82.0,3.8,1420.0,324.0,223.0
MHNL,7/28/2020,81.0,84.0,81.0,84.0,2.44,660.0,324.0,223.0
MHNL,7/29/2020,85.0,88.0,84.0,88.0,4.76,1447.0,324.0,223.0
MHNL,7/30/2020,88.0,89.0,87.0,87.0,-1.14,913.0,324.0,223.0
MHNL,8/2/2020,86.0,87.0,86.0,86.0,-1.15,790.0,324.0,223.0
MHNL,8/3/2020,86.0,87.0,86.0,87.0,1.16,1325.0,324.0,223.0
MHNL,8/5/2020,86.0,87.0,86.0,86.0,-1.15,1445.0,324.0,223.0
MHNL,8/6/2020,86.0,86.0,84.0,84.0,-2.33,1670.0,324.0,223.0
MHNL,8/9/2020,83.0,84.0,80.0,83.0,-1.19,800.0,324.0,223.0
MHNL,8/10/2020,82.0,83.0,79.0,83.0,0.0,1370.0,324.0,223.0
MHNL,8/11/2020,82.0,83.0,81.0,82.0,-1.2,4370.0,324.0,223.0
MHNL,8/12/2020,82.0,82.0,81.0,82.0,0.0,780.0,324.0,223.0
MHNL,8/13/2020,81.0,82.0,81.0,81.0,-1.22,810.0,324.0,223.0
MHNL,8/16/2020,80.0,82.0,80.0,82.0,1.23,2340.0,324.0,223.0
MHNL,8/17/2020,81.0,82.0,79.0,81.0,-1.22,1290.0,324.0,223.0
MHNL,8/18/2020,80.0,82.0,79.0,82.0,1.23,5928.0,324.0,223.0
MHNL,8/19/2020,81.0,82.0,79.0,82.0,0.0,740.0,324.0,223.0
MHNL,8/20/2020,81.0,81.0,79.0,80.0,-2.44,500.0,324.0,223.0
MHNL,8/23/2020,79.0,80.0,78.0,80.0,0.0,1620.0,324.0,223.0
MHNL,8/24/2020,79.0,81.0,78.0,81.0,1.25,2920.0,324.0,223.0
MHNL,8/25/2020,80.0,82.0,79.0,81.0,0.0,3180.0,324.0,223.0
MHNL,8/26/2020,80.0,80.0,78.0,80.0,-1.23,3940.0,324.0,223.0
MHNL,8/27/2020,80.0,80.0,78.0,78.0,-2.5,1990.0,324.0,223.0
MHNL,8/30/2020,78.0,80.0,78.0,80.0,2.56,1190.0,324.0,223.0
MHNL,8/31/2020,80.0,84.0,80.0,81.0,1.25,4730.0,324.0,223.0
MHNL,9/2/2020,82.0,89.0,79.0,89.0,9.88,18953.0,324.0,223.0
MHNL,9/3/2020,90.0,93.0,86.0,88.0,-1.12,15280.0,324.0,223.0
MHNL,9/6/2020,88.0,92.0,88.0,91.0,3.41,4770.0,324.0,223.0
MHNL,9/7/2020,90.0,90.0,85.0,88.0,-3.3,6485.0,324.0,223.0
MHNL,9/8/2020,87.0,88.0,86.0,86.0,-2.27,1885.0,324.0,223.0
MHNL,9/9/2020,86.0,89.0,86.0,88.0,2.33,1323.0,324.0,223.0
MHNL,9/10/2020,87.0,90.0,87.0,89.0,1.14,2383.0,324.0,223.0
MHNL,9/13/2020,88.0,97.0,88.0,96.0,7.87,9088.0,324.0,223.0
MHNL,9/14/2020,97.0,105.0,97.0,103.0,7.29,16050.0,324.0,223.0
MHNL,9/15/2020,102.0,102.0,97.0,98.0,-4.85,8245.0,324.0,223.0
MHNL,9/16/2020,97.0,107.0,97.0,107.0,9.18,11910.0,324.0,223.0
MHNL,9/17/2020,109.0,117.0,108.0,117.0,9.35,26755.0,324.0,223.0
MHNL,9/20/2020,122.0,126.0,107.0,114.0,-2.56,11848.0,324.0,223.0
MHNL,9/21/2020,115.0,115.0,105.0,105.0,-7.89,11849.0,324.0,223.0
MHNL,9/22/2020,103.0,105.0,101.0,103.0,-1.9,6870.0,324.0,223.0
MHNL,9/23/2020,101.0,113.0,101.0,113.0,9.71,11545.0,324.0,223.0
MHNL,9/24/2020,115.0,124.0,112.0,124.0,9.73,43132.0,324.0,223.0
MHNL,9/27/2020,124.0,136.0,124.0,136.0,9.68,27277.0,324.0,223.0
MHNL,9/28/2020,134.0,138.0,126.0,138.0,1.47,14860.0,324.0,223.0
MHNL,9/29/2020,136.0,145.0,128.0,145.0,5.07,24775.0,324.0,223.0
MHNL,9/30/2020,145.0,154.0,134.0,153.0,5.52,31136.0,324.0,223.0
MHNL,10/1/2020,150.0,150.0,138.0,138.0,-9.8,17665.0,324.0,223.0
MHNL,10/4/2020,132.0,136.0,129.0,134.0,-2.9,9750.0,324.0,223.0
MHNL,10/5/2020,129.0,140.0,129.0,140.0,4.48,9440.0,324.0,223.0
MHNL,10/6/2020,142.0,154.0,136.0,154.0,10.0,39794.0,324.0,223.0
MHNL,10/7/2020,147.0,169.0,147.0,169.0,9.74,44247.0,324.0,223.0
MHNL,10/8/2020,166.0,172.0,158.0,161.0,-4.73,23883.0,324.0,223.0
MHNL,10/11/2020,158.0,164.0,153.0,153.0,-4.97,13430.0,324.0,223.0
MHNL,10/12/2020,160.0,160.0,142.0,158.0,3.27,10330.0,324.0,223.0
MHNL,10/13/2020,155.0,162.0,155.0,155.0,-1.9,17765.0,324.0,223.0
MHNL,10/14/2020,152.0,156.0,145.0,150.0,-3.23,12135.0,324.0,223.0
MHNL,10/15/2020,153.0,164.0,150.0,161.0,7.33,9230.0,324.0,223.0
MHNL,10/18/2020,158.0,162.0,152.0,162.0,0.62,6255.0,324.0,223.0
MHNL,10/19/2020,161.0,176.0,158.0,176.0,8.64,11860.0,324.0,223.0
MHNL,10/20/2020,176.0,193.0,176.0,193.0,9.66,24995.0,324.0,223.0
MHNL,10/21/2020,190.0,207.0,187.0,194.0,0.52,12855.0,324.0,223.0
MHNL,10/22/2020,191.0,200.0,182.0,187.0,-3.61,8457.0,324.0,223.0
MHNL,10/28/2020,184.0,184.0,178.0,182.0,-2.67,5100.0,324.0,223.0
MHNL,10/29/2020,179.0,194.0,173.0,190.0,4.4,8163.0,324.0,223.0
MHNL,11/1/2020,187.0,194.0,185.0,194.0,2.11,6110.0,324.0,223.0
MHNL,11/2/2020,197.0,205.0,192.0,202.0,4.12,22940.0,324.0,223.0
MHNL,11/3/2020,198.0,205.0,195.0,202.0,0.0,15095.0,324.0,223.0
MHNL,11/4/2020,205.0,205.0,197.0,198.0,-1.98,10780.0,324.0,223.0
MHNL,11/5/2020,196.0,202.0,196.0,201.0,1.52,15665.0,324.0,223.0
MHNL,11/8/2020,200.0,218.0,200.0,218.0,8.46,14790.0,324.0,223.0
MHNL,11/9/2020,220.0,220.0,205.0,212.0,-2.75,8410.0,324.0,223.0
MHNL,11/10/2020,209.0,213.0,206.0,208.0,-1.89,14890.0,324.0,223.0
MHNL,11/11/2020,204.0,206.0,201.0,203.0,-2.4,7340.0,324.0,223.0
MHNL,11/12/2020,213.0,213.0,200.0,209.0,2.96,11824.0,324.0,223.0
MHNL,11/18/2020,219.0,219.0,199.0,206.0,-1.44,4400.0,324.0,223.0
MHNL,11/19/2020,202.0,224.0,198.0,224.0,8.74,13505.0,324.0,223.0
MHNL,11/22/2020,228.0,228.0,204.0,204.0,-8.93,6177.0,324.0,223.0
MHNL,11/23/2020,214.0,215.0,204.0,208.0,1.96,16857.0,324.0,223.0
MHNL,11/24/2020,205.0,215.0,204.0,214.0,2.88,11990.0,324.0,223.0
MHNL,11/25/2020,210.0,215.0,206.0,215.0,0.47,9006.0,324.0,223.0
MHNL,11/26/2020,225.0,225.0,207.0,208.0,-3.26,10147.0,324.0,223.0
MHNL,11/29/2020,205.0,209.0,204.0,205.0,-1.44,12674.0,324.0,223.0
MHNL,11/30/2020,204.0,218.0,204.0,215.0,4.88,9692.0,324.0,223.0
MHNL,12/1/2020,215.0,225.0,208.0,219.0,1.86,10790.0,324.0,223.0
MHNL,12/2/2020,220.0,224.0,210.0,217.0,-0.91,25793.0,324.0,223.0
MHNL,12/3/2020,217.0,217.0,205.0,212.0,-2.3,8573.0,324.0,223.0
MHNL,12/6/2020,208.0,208.0,198.0,202.0,-4.72,7760.0,324.0,223.0
MHNL,12/7/2020,202.0,206.0,196.0,205.0,1.49,4285.0,324.0,223.0
MHNL,12/8/2020,205.0,209.0,200.0,201.0,-1.95,16248.0,324.0,223.0
MHNL,12/9/2020,198.0,214.0,198.0,207.0,2.99,37498.0,324.0,223.0
MHNL,12/10/2020,203.0,211.0,199.0,211.0,1.93,11430.0,324.0,223.0
MHNL,12/13/2020,210.0,214.0,201.0,209.0,-0.95,7555.0,324.0,223.0
MHNL,12/14/2020,209.0,209.0,199.0,201.0,-3.83,15480.0,324.0,223.0
MHNL,12/15/2020,201.0,203.0,199.0,201.0,0.0,9245.0,324.0,223.0
MHNL,12/16/2020,211.0,213.0,199.0,199.0,-1.0,8580.0,324.0,223.0
MHNL,12/17/2020,199.0,200.0,193.0,193.0,-3.02,11095.0,324.0,223.0
MHNL,12/20/2020,191.0,191.0,184.0,184.0,-4.66,6290.0,324.0,223.0
MHNL,12/21/2020,181.0,189.0,175.0,184.0,0.0,4155.0,324.0,223.0
MHNL,12/22/2020,182.0,192.0,181.0,192.0,4.35,4607.0,324.0,223.0
MHNL,12/23/2020,193.0,193.0,178.0,182.0,-5.21,4250.0,324.0,223.0
MHNL,12/24/2020,179.0,185.0,176.0,181.0,-0.55,2165.0,324.0,223.0
MHNL,12/27/2020,178.0,183.0,178.0,178.0,-1.66,4932.0,324.0,223.0
MHNL,12/28/2020,177.0,184.0,175.0,184.0,3.37,4700.0,324.0,223.0
MHNL,12/29/2020,182.0,184.0,177.0,181.0,-1.63,2040.0,324.0,223.0
MHNL,12/30/2020,178.0,180.0,175.0,176.0,-2.76,2040.0,324.0,223.0
MHNL,12/31/2020,174.0,183.0,173.0,183.0,3.98,6458.0,324.0,223.0
MHNL,1/3/2021,181.0,181.0,179.0,181.0,-1.09,1650.0,324.0,223.0
MHNL,1/4/2021,179.0,182.0,179.0,182.0,0.55,3890.0,324.0,223.0
MHNL,1/5/2021,185.0,200.0,177.0,197.0,8.24,7350.0,324.0,223.0
MHNL,1/6/2021,200.0,205.0,196.0,196.0,-0.51,11910.0,324.0,223.0
MHNL,1/7/2021,196.0,196.0,191.0,192.0,-2.04,2970.0,324.0,223.0
MHNL,1/10/2021,189.0,192.0,187.0,187.0,-2.6,6090.0,324.0,223.0
MHNL,1/11/2021,184.0,194.0,184.0,190.0,1.6,4250.0,324.0,223.0
MHNL,1/12/2021,187.0,195.0,185.0,188.0,-1.05,5605.0,324.0,223.0
MHNL,1/13/2021,191.0,193.0,184.0,187.0,-0.53,12649.0,324.0,223.0
MHNL,1/17/2021,187.0,195.0,184.0,192.0,2.67,7320.0,324.0,223.0
MHNL,1/18/2021,189.0,192.0,188.0,188.0,-2.08,6200.0,324.0,223.0
MHNL,1/19/2021,187.0,192.0,187.0,188.0,0.0,3200.0,324.0,223.0
MHNL,1/20/2021,188.0,198.0,187.0,194.0,3.19,5016.0,324.0,223.0
MHNL,1/21/2021,197.0,212.0,190.0,210.0,8.25,27707.0,324.0,223.0
MHNL,1/24/2021,210.0,222.0,209.0,221.0,5.24,24990.0,324.0,223.0
MHNL,1/25/2021,217.0,226.0,217.0,220.0,-0.45,14365.0,324.0,223.0
MHNL,1/26/2021,221.0,221.0,210.0,220.0,0.0,16476.0,324.0,223.0
MHNL,1/27/2021,216.0,219.0,210.0,216.0,-1.82,5901.0,324.0,223.0
MHNL,1/28/2021,226.0,226.0,206.0,222.0,2.78,4270.0,324.0,223.0
MHNL,1/31/2021,223.0,223.0,202.0,209.0,-5.86,5320.0,324.0,223.0
MHNL,2/1/2021,207.0,214.0,203.0,210.0,0.48,14417.0,324.0,223.0
MHNL,2/2/2021,214.0,215.0,208.0,214.0,1.9,7078.0,324.0,223.0
MHNL,2/3/2021,218.0,230.0,214.0,223.0,4.21,54567.0,324.0,223.0
MHNL,2/4/2021,234.0,245.0,222.0,245.0,9.87,46112.0,324.0,223.0
MHNL,2/7/2021,257.0,269.0,252.0,269.0,9.8,23488.0,324.0,223.0
MHNL,2/8/2021,270.0,295.0,260.0,264.0,-1.86,23260.0,324.0,223.0
MHNL,2/9/2021,259.0,265.0,244.0,258.0,-2.27,15656.0,324.0,223.0
MHNL,2/10/2021,253.0,258.0,248.0,250.0,-3.1,12541.0,324.0,223.0
MHNL,2/11/2021,245.0,255.0,244.0,244.0,-2.4,10760.0,324.0,223.0
MHNL,2/14/2021,240.0,240.0,223.0,227.0,-6.97,34119.0,324.0,223.0
MHNL,2/15/2021,231.0,245.0,217.0,242.0,6.61,50933.0,324.0,223.0
MHNL,2/16/2021,238.0,239.0,228.0,231.0,-4.55,12764.0,324.0,223.0
MHNL,2/17/2021,231.0,235.0,227.0,232.0,0.43,11987.0,324.0,223.0
MHNL,2/18/2021,228.0,234.0,228.0,232.0,0.0,6216.0,324.0,223.0
MHNL,2/21/2021,232.0,253.0,232.0,240.0,3.45,24863.0,324.0,223.0
MHNL,2/22/2021,252.0,252.0,233.0,240.0,0.0,10058.0,324.0,223.0
MHNL,2/23/2021,236.0,244.0,221.0,244.0,1.67,6942.0,324.0,223.0
MHNL,2/24/2021,240.0,240.0,235.0,239.0,-2.05,9140.0,324.0,223.0
MHNL,2/25/2021,235.0,235.0,227.0,229.0,-4.18,6400.0,324.0,223.0
MHNL,2/28/2021,225.0,225.0,218.0,219.0,-4.37,6493.0,324.0,223.0
MHNL,3/1/2021,219.0,230.0,217.0,224.0,2.28,4517.0,324.0,223.0
MHNL,3/2/2021,221.0,225.0,216.0,222.0,-0.89,10470.0,324.0,223.0
MHNL,3/3/2021,222.0,225.0,217.0,218.0,-1.8,18425.0,324.0,223.0
MHNL,3/4/2021,208.0,236.0,208.0,234.0,7.34,8615.0,324.0,223.0
MHNL,3/7/2021,238.0,239.0,228.0,229.0,-2.14,9930.0,324.0,223.0
MHNL,3/9/2021,228.0,239.0,220.0,237.0,3.49,28509.0,324.0,223.0
MHNL,3/10/2021,236.0,258.0,236.0,250.0,5.49,44851.0,324.0,223.0
MHNL,3/14/2021,262.0,262.0,243.0,250.0,0.0,24527.0,324.0,223.0
MHNL,3/15/2021,250.0,256.0,242.0,254.0,1.6,21425.0,324.0,223.0
MHNL,3/16/2021,255.0,255.0,245.0,249.0,-1.97,8445.0,324.0,223.0
MHNL,3/17/2021,237.0,252.0,237.0,249.0,0.0,13692.0,324.0,223.0
MHNL,3/18/2021,253.0,253.0,245.0,246.0,-1.2,11200.0,324.0,223.0
MHNL,3/21/2021,247.0,251.0,242.0,245.0,-0.41,10068.0,324.0,223.0
MHNL,3/22/2021,241.0,249.0,236.0,239.0,-2.45,8358.0,324.0,223.0
MHNL,3/23/2021,239.0,255.0,236.0,242.0,1.26,13363.0,324.0,223.0
MHNL,3/24/2021,238.0,266.0,238.0,266.0,9.92,48389.0,324.0,223.0
MHNL,3/25/2021,268.0,292.0,256.0,285.0,7.14,75134.0,324.0,223.0
MHNL,3/29/2021,288.0,288.0,263.0,266.0,-6.67,23001.0,324.0,223.0
MHNL,3/30/2021,266.0,273.0,262.0,269.0,1.13,17538.0,324.0,223.0
MHNL,3/31/2021,280.0,280.0,259.0,264.0,-1.86,26168.0,324.0,223.0
MHNL,4/1/2021,264.0,269.0,254.0,260.0,-1.52,13275.0,324.0,223.0
MHNL,4/4/2021,256.0,268.0,251.0,264.0,1.54,27513.0,324.0,223.0
MHNL,4/5/2021,264.0,278.0,257.0,264.0,0.0,20945.0,324.0,223.0
MHNL,4/6/2021,262.0,270.0,259.0,268.0,1.52,19000.0,324.0,223.0
MHNL,4/7/2021,273.0,273.0,255.0,259.0,-3.36,32260.0,324.0,223.0
MHNL,4/8/2021,255.0,270.0,255.0,258.0,-0.39,12761.0,324.0,223.0
MHNL,4/12/2021,253.0,260.0,253.0,257.0,-0.39,8581.0,324.0,223.0
MHNL,4/13/2021,253.0,259.0,253.0,258.0,0.39,3000.0,324.0,223.0
MHNL,4/15/2021,258.0,266.0,258.0,258.0,0.0,35870.0,324.0,223.0
MHNL,4/18/2021,260.0,265.0,254.0,261.0,1.16,10463.0,324.0,223.0
MHNL,4/19/2021,274.0,274.0,259.0,261.0,0.0,20319.0,324.0,223.0
MHNL,4/20/2021,265.0,272.0,260.0,270.0,3.45,25117.0,324.0,223.0
MHNL,4/21/2021,270.0,290.0,267.0,270.0,0.0,34290.0,324.0,223.0
MHNL,4/22/2021,266.0,275.0,262.0,271.0,0.37,24572.0,324.0,223.0
MHNL,4/25/2021,268.0,269.0,255.0,261.0,-3.69,10844.0,324.0,223.0
MHNL,4/26/2021,256.0,258.0,250.0,250.0,-4.21,9567.0,324.0,223.0
MHNL,4/27/2021,247.0,265.0,246.0,264.0,5.6,9270.0,324.0,223.0
MHNL,4/28/2021,260.0,265.0,250.0,262.0,-0.76,2602.0,324.0,223.0
MHNL,4/29/2021,257.0,270.0,257.0,270.0,3.05,8647.0,324.0,223.0
MHNL,5/2/2021,265.0,282.0,262.0,277.0,2.59,26128.0,324.0,223.0
MHNL,5/3/2021,272.0,280.0,270.0,275.0,-0.72,12805.0,324.0,223.0
MHNL,5/4/2021,279.0,296.0,266.0,284.0,3.27,32867.0,324.0,223.0
MHNL,5/5/2021,285.0,301.0,282.0,297.0,4.58,44067.0,324.0,223.0
MHNL,5/6/2021,293.0,293.0,281.0,286.0,-3.7,28253.0,324.0,223.0
MHNL,5/9/2021,281.0,282.0,273.0,277.0,-3.15,12390.0,324.0,223.0
MHNL,5/10/2021,279.0,281.0,267.0,281.0,1.44,11380.0,324.0,223.0
MHNL,5/11/2021,277.0,290.0,277.0,288.0,2.49,18456.0,324.0,223.0
MHNL,5/12/2021,293.0,298.0,278.0,295.0,2.43,23497.0,324.0,223.0
MHNL,5/13/2021,300.0,306.0,289.0,290.0,-1.69,37151.0,324.0,223.0
MHNL,5/16/2021,289.0,292.0,283.0,286.0,-1.38,18857.0,324.0,223.0
MHNL,5/17/2021,284.0,301.0,282.0,291.0,1.75,33649.0,324.0,223.0
MHNL,5/18/2021,296.0,318.0,296.0,313.0,7.56,88706.0,324.0,223.0
MHNL,5/19/2021,317.0,317.0,294.0,299.0,-4.47,39008.0,324.0,223.0
MHNL,5/20/2021,294.0,297.0,288.0,290.0,-3.01,24905.0,324.0,223.0
MHNL,5/23/2021,304.0,316.0,284.0,314.0,8.28,45973.0,324.0,223.0
MHNL,5/24/2021,324.0,345.0,320.0,345.0,9.87,208921.0,324.0,223.0
MHNL,5/25/2021,350.0,379.0,350.0,379.0,9.86,90896.0,324.0,223.0
MHNL,5/27/2021,379.0,415.0,371.0,414.0,9.23,71904.0,324.0,223.0
MHNL,5/30/2021,406.0,412.0,379.0,392.0,-5.31,191123.0,324.0,223.0
MHNL,5/31/2021,388.0,388.0,354.0,360.0,-8.16,72288.0,324.0,223.0
MHNL,6/1/2021,353.0,369.0,338.0,347.0,-3.61,26262.0,324.0,223.0
MHNL,6/2/2021,364.0,373.0,341.0,359.0,3.46,32298.0,324.0,223.0
MHNL,6/3/2021,364.0,365.0,345.0,349.0,-2.79,30929.0,324.0,223.0
MHNL,6/6/2021,343.0,347.0,331.0,340.0,-2.58,33638.0,324.0,223.0
MHNL,6/7/2021,346.0,370.0,345.0,370.0,8.82,28271.0,324.0,223.0
MHNL,6/8/2021,377.0,384.0,370.0,370.0,0.0,45104.0,324.0,223.0
MHNL,6/9/2021,364.0,384.0,357.0,363.0,-1.89,36761.0,324.0,223.0
MHNL,6/10/2021,345.0,392.0,345.0,387.0,6.61,78594.0,324.0,223.0
MHNL,6/13/2021,390.0,420.0,378.0,419.0,8.27,90600.0,324.0,223.0
MHNL,6/14/2021,439.0,439.0,392.0,398.0,-5.01,98154.0,324.0,223.0
MHNL,6/15/2021,400.0,413.0,375.0,379.0,-4.77,44391.0,324.0,223.0
MHNL,6/16/2021,361.0,377.0,342.0,348.0,-8.18,50427.0,324.0,223.0
MHNL,6/17/2021,347.0,364.0,335.0,350.0,0.57,26932.0,324.0,223.0
MHNL,6/20/2021,350.0,356.0,330.0,337.0,-3.71,26870.0,324.0,223.0
MHNL,6/21/2021,343.0,343.0,315.0,319.0,-5.34,15660.0,324.0,223.0
MHNL,6/22/2021,317.0,350.0,317.0,349.0,9.4,19234.0,324.0,223.0
MHNL,6/23/2021,350.0,354.0,335.0,339.0,-2.87,22499.0,324.0,223.0
MHNL,6/24/2021,333.0,344.0,331.0,331.0,-2.36,12960.0,324.0,223.0
MHNL,6/27/2021,337.0,342.0,329.0,330.0,-0.3,12181.0,324.0,223.0
MHNL,6/28/2021,335.0,335.0,320.0,320.0,-3.03,12339.0,324.0,223.0
MHNL,6/29/2021,336.0,336.0,310.0,311.0,-2.81,9672.0,324.0,223.0
MHNL,6/30/2021,305.0,323.0,300.0,317.0,1.93,11654.0,324.0,223.0
MHNL,7/1/2021,323.0,330.0,319.0,325.0,2.52,7439.0,324.0,223.0
MHNL,7/4/2021,309.0,331.0,309.0,317.0,-2.46,13172.0,324.0,223.0
MHNL,7/5/2021,313.0,320.0,313.0,313.0,-1.26,4029.0,324.0,223.0
MHNL,7/6/2021,310.0,316.0,308.0,311.0,-0.64,3942.0,324.0,223.0
MHNL,7/7/2021,317.0,317.0,303.0,303.0,-2.57,6710.0,324.0,223.0
MHNL,7/8/2021,300.0,325.0,298.0,310.0,2.31,5367.0,324.0,223.0
MHNL,7/11/2021,316.0,334.0,310.0,331.0,6.77,6995.0,324.0,223.0
MHNL,7/12/2021,331.0,337.0,322.0,325.0,-1.81,6824.0,324.0,223.0
MHNL,7/13/2021,325.0,328.0,315.0,325.0,0.0,5845.0,324.0,223.0
MHNL,7/14/2021,319.0,342.0,319.0,338.0,4.0,15659.0,324.0,223.0
MHNL,7/15/2021,338.0,358.0,338.0,346.0,2.37,25592.0,324.0,223.0
MHNL,7/18/2021,350.0,377.1,350.0,369.0,6.65,51339.0,324.0,223.0
MHNL,7/19/2021,376.0,388.0,365.0,377.0,2.17,24940.0,324.0,223.0
MHNL,7/20/2021,384.0,413.1,375.0,412.0,9.28,150996.0,324.0,223.0
MHNL,7/22/2021,414.7,453.2,405.0,453.0,9.95,87411.0,324.0,223.0
MHNL,7/25/2021,444.0,494.7,433.0,490.0,8.17,159111.0,324.0,223.0
MHNL,7/26/2021,495.0,539.0,464.0,539.0,10.0,161225.0,324.0,223.0
MHNL,7/27/2021,540.0,590.0,540.0,561.1,4.1,53015.0,324.0,223.0
MHNL,7/28/2021,568.0,590.4,534.1,590.4,5.22,76787.0,324.0,223.0
MHNL,7/29/2021,580.0,591.0,541.0,554.0,-6.17,138232.0,324.0,223.0
MHNL,8/1/2021,545.1,606.0,545.1,603.0,8.84,99347.0,324.0,223.0
MHNL,8/2/2021,603.0,603.0,569.0,590.0,-2.16,76838.0,324.0,223.0
MHNL,8/3/2021,578.4,601.7,567.0,582.0,-1.36,37627.0,324.0,223.0
MHNL,8/4/2021,574.0,601.7,574.0,600.0,3.09,75113.0,324.0,223.0
MHNL,8/5/2021,600.0,603.0,572.1,603.0,0.5,62443.0,324.0,223.0
MHNL,8/8/2021,591.0,626.0,575.0,596.1,-1.14,102982.0,324.0,223.0
MHNL,8/9/2021,608.0,633.0,597.1,628.0,5.35,91036.0,324.0,223.0
MHNL,8/10/2021,640.0,652.8,614.6,633.0,0.8,76816.0,324.0,223.0
MHNL,8/11/2021,633.0,696.3,621.0,667.2,5.4,114365.0,324.0,223.0
MHNL,8/12/2021,680.5,720.0,667.0,682.0,2.22,78656.0,324.0,223.0
MHNL,8/15/2021,668.4,718.0,620.0,645.0,-5.43,97765.0,324.0,223.0
MHNL,8/16/2021,640.0,678.3,640.0,655.0,1.55,59323.0,324.0,223.0
MHNL,8/17/2021,668.0,697.0,657.0,685.0,4.58,91132.0,324.0,223.0
MHNL,8/18/2021,690.0,717.0,679.0,685.0,0.0,76913.0,324.0,223.0
MHNL,8/19/2021,672.0,672.0,627.0,629.0,-8.18,39635.0,324.0,223.0
MHNL,8/24/2021,617.0,617.0,566.1,567.0,-9.86,49045.0,324.0,223.0
MHNL,8/25/2021,555.7,583.0,520.0,550.0,-3.0,45973.0,324.0,223.0
MHNL,8/26/2021,561.0,605.0,542.0,594.3,8.05,52145.0,324.0,223.0
MHNL,8/29/2021,595.0,595.0,558.0,580.0,-2.41,17709.0,324.0,223.0
MHNL,8/31/2021,568.4,568.4,522.0,535.0,-7.76,80649.0,324.0,223.0
MHNL,9/1/2021,545.7,560.0,515.0,528.0,-1.31,26599.0,324.0,223.0
MHNL,9/2/2021,538.5,549.0,490.0,514.9,-2.48,19542.0,324.0,223.0
MHNL,9/5/2021,505.0,510.0,463.5,463.5,-9.98,38478.0,324.0,223.0
MHNL,9/6/2021,472.0,509.8,436.1,509.8,9.99,33974.0,324.0,223.0
MHNL,9/7/2021,501.0,535.0,489.1,507.0,-0.55,44999.0,324.0,223.0
MHNL,9/8/2021,500.0,520.0,490.0,515.8,1.74,29743.0,324.0,223.0
MHNL,9/9/2021,520.0,560.0,518.0,554.0,7.41,98103.0,324.0,223.0
MHNL,9/12/2021,565.0,604.0,565.0,595.0,7.4,85157.0,324.0,223.0
MHNL,9/13/2021,606.0,606.0,553.8,565.0,-5.04,69741.0,324.0,223.0
MHNL,9/14/2021,575.0,587.5,554.0,558.0,-1.24,29727.0,324.0,223.0
MHNL,9/15/2021,552.0,569.0,539.0,539.0,-3.41,17932.0,324.0,223.0
MHNL,9/16/2021,529.0,529.0,494.1,509.0,-5.57,53345.0,324.0,223.0
MHNL,9/20/2021,519.1,519.1,459.0,465.0,-8.64,29340.0,324.0,223.0
MHNL,9/21/2021,458.1,495.0,449.0,467.0,0.43,21626.0,324.0,223.0
MHNL,9/22/2021,476.3,513.7,476.3,513.5,9.96,27088.0,324.0,223.0
MHNL,9/23/2021,520.0,530.0,475.1,502.0,-2.24,28628.0,324.0,223.0
MHNL,9/26/2021,493.0,500.0,461.0,465.0,-7.37,27187.0,324.0,223.0
MHNL,9/27/2021,474.3,483.7,432.0,444.0,-4.52,12362.0,324.0,223.0
MHNL,9/28/2021,435.2,438.0,402.2,417.1,-6.06,28111.0,324.0,223.0
MHNL,9/29/2021,425.0,450.0,408.0,433.0,3.81,41444.0,324.0,223.0
MHNL,9/30/2021,440.0,447.9,412.0,421.0,-2.77,6418.0,324.0,223.0
MHNL,10/3/2021,421.0,421.0,378.9,385.0,-8.55,33524.0,324.0,223.0
MHNL,10/4/2021,392.0,399.8,361.0,361.0,-6.23,15217.0,324.0,223.0
MHNL,10/5/2021,368.0,394.0,368.0,389.0,7.76,13699.0,324.0,223.0
MHNL,10/6/2021,396.7,410.9,381.5,410.0,5.4,24056.0,324.0,223.0
MHNL,10/10/2021,402.0,418.2,376.1,383.6,-6.44,22377.0,324.0,223.0
MHNL,10/11/2021,376.0,390.0,355.0,365.6,-4.69,23343.0,324.0,223.0
MHNL,10/17/2021,372.9,376.0,362.0,372.0,1.75,2280.0,324.0,223.0
MHNL,10/18/2021,365.0,373.0,346.2,350.0,-5.91,10563.0,324.0,223.0
MHNL,10/19/2021,343.0,355.0,320.0,330.0,-5.71,9493.0,324.0,223.0
MHNL,10/20/2021,336.6,350.1,330.4,344.9,4.52,11865.0,324.0,223.0
MHNL,10/21/2021,341.1,355.0,333.3,345.0,0.03,7197.0,324.0,223.0
MHNL,10/24/2021,339.0,372.0,332.3,365.0,5.8,15610.0,324.0,223.0
MHNL,10/25/2021,372.2,401.5,359.0,400.0,9.59,30924.0,324.0,223.0
MHNL,10/26/2021,408.0,440.0,408.0,440.0,10.0,34728.0,324.0,223.0
MHNL,10/27/2021,445.0,484.0,414.6,454.0,3.18,49066.0,324.0,223.0
MHNL,10/28/2021,445.0,468.0,436.1,462.0,1.76,25522.0,324.0,223.0
MHNL,10/31/2021,470.0,490.0,451.0,486.0,5.19,56795.0,324.0,223.0
MHNL,11/1/2021,486.0,495.0,462.0,465.0,-4.32,38225.0,324.0,223.0
MHNL,11/2/2021,474.0,511.4,446.6,500.0,7.53,32025.0,324.0,223.0
MHNL,11/3/2021,510.0,510.0,490.0,497.0,-0.6,17805.0,324.0,223.0
MHNL,11/8/2021,487.1,534.6,484.2,496.0,-0.2,40849.0,324.0,223.0
MHNL,11/9/2021,486.1,488.0,461.0,468.0,-5.65,20249.0,324.0,223.0
MHNL,11/11/2021,458.7,467.0,442.1,445.1,-4.89,14979.0,324.0,223.0
MHNL,11/14/2021,445.1,477.0,437.0,454.9,2.2,26359.0,324.0,223.0
MHNL,11/15/2021,463.9,475.0,454.0,458.9,0.88,22444.0,324.0,223.0
MHNL,11/16/2021,468.0,492.0,463.3,487.0,6.12,20388.0,324.0,223.0
MHNL,11/17/2021,496.7,526.0,496.7,500.0,2.67,43534.0,324.0,223.0
MHNL,11/18/2021,510.0,510.0,477.0,479.9,-4.02,28751.0,324.0,223.0
MHNL,11/21/2021,485.0,499.8,480.0,490.0,2.1,17903.0,324.0,223.0
MHNL,11/22/2021,499.0,504.5,485.1,485.2,-0.98,21474.0,324.0,223.0
MHNL,11/23/2021,479.0,485.0,462.0,471.5,-2.82,18972.0,324.0,223.0
MHNL,11/24/2021,463.0,499.8,451.0,480.0,1.8,31622.0,324.0,223.0
MHNL,11/25/2021,480.0,500.0,480.0,486.0,1.25,20387.0,324.0,223.0
MHNL,11/28/2021,476.3,480.0,442.0,459.0,-5.56,74102.0,324.0,223.0
MHNL,11/29/2021,460.0,480.0,451.1,458.0,-0.22,15223.0,324.0,223.0
MHNL,11/30/2021,467.0,470.0,450.0,465.1,1.55,12539.0,324.0,223.0
MHNL,12/1/2021,467.0,489.0,467.0,483.0,3.85,49420.0,324.0,223.0
MHNL,12/2/2021,475.0,487.0,461.0,466.0,-3.52,23735.0,324.0,223.0
MHNL,12/5/2021,457.1,465.0,440.0,441.0,-5.36,31581.0,324.0,223.0
MHNL,12/6/2021,433.0,466.0,420.0,455.0,3.17,20088.0,324.0,223.0
MHNL,12/7/2021,464.1,467.9,436.0,436.0,-4.18,12972.0,324.0,223.0
MHNL,12/8/2021,431.0,444.5,411.6,415.0,-4.82,18757.0,324.0,223.0
MHNL,12/9/2021,410.0,438.0,404.0,416.5,0.36,9152.0,324.0,223.0
MHNL,12/12/2021,415.0,415.0,381.3,394.0,-5.4,16614.0,324.0,223.0
MHNL,12/13/2021,386.2,395.0,364.0,367.0,-6.85,13078.0,324.0,223.0
MHNL,12/14/2021,374.0,403.7,368.0,403.7,10.0,9495.0,324.0,223.0
MHNL,12/15/2021,411.7,438.6,391.0,410.0,1.56,16945.0,324.0,223.0
MHNL,12/16/2021,402.1,410.0,385.0,385.0,-6.1,12784.0,324.0,223.0
MHNL,12/20/2021,378.0,387.0,373.5,376.0,-2.34,9955.0,324.0,223.0
MHNL,12/21/2021,383.5,403.0,378.1,399.0,6.12,10946.0,324.0,223.0
MHNL,12/22/2021,406.0,423.4,406.0,420.0,5.26,14868.0,324.0,223.0
MHNL,12/23/2021,427.8,432.3,414.0,426.0,1.43,24283.0,324.0,223.0
MHNL,12/26/2021,427.0,433.0,414.0,422.0,-0.94,12268.0,324.0,223.0
MHNL,12/27/2021,420.0,423.0,397.7,398.0,-5.69,27206.0,324.0,223.0
MHNL,12/28/2021,400.0,410.0,390.1,406.0,2.01,17919.0,324.0,223.0
MHNL,12/29/2021,397.9,412.0,397.9,401.0,-1.23,7181.0,324.0,223.0
MHNL,1/2/2022,407.0,420.0,401.1,407.0,1.5,6716.0,324.0,223.0
MHNL,1/3/2022,414.9,425.0,407.0,409.0,0.49,7478.0,324.0,223.0
MHNL,1/4/2022,410.0,420.0,410.0,417.0,1.96,6302.0,324.0,223.0
MHNL,1/5/2022,409.0,439.0,409.0,423.2,1.49,33739.0,324.0,223.0
MHNL,1/6/2022,414.9,434.0,414.9,430.0,1.61,4299.0,324.0,223.0
MHNL,1/9/2022,438.0,467.0,438.0,467.0,8.6,41985.0,324.0,223.0
MHNL,1/10/2022,475.0,484.0,455.0,465.0,-0.43,27492.0,324.0,223.0
MHNL,1/11/2022,465.0,482.0,460.0,482.0,3.66,39025.0,324.0,223.0
MHNL,1/12/2022,474.0,493.9,463.5,465.0,-3.53,48897.0,324.0,223.0
MHNL,1/13/2022,474.3,508.9,462.0,508.9,9.44,31776.0,324.0,223.0
MHNL,1/16/2022,519.0,529.0,500.0,508.0,-0.18,55455.0,324.0,223.0
MHNL,1/17/2022,498.1,531.3,493.1,530.0,4.33,76362.0,324.0,223.0
MHNL,1/18/2022,530.1,551.3,511.0,530.0,0.0,61876.0,324.0,223.0
MHNL,1/19/2022,540.0,540.0,517.0,526.0,-0.75,25908.0,324.0,223.0
MHNL,1/20/2022,536.5,545.0,525.0,540.0,2.66,45537.0,324.0,223.0
MHNL,1/23/2022,549.0,549.0,525.0,525.5,-2.69,13363.0,324.0,223.0
MHNL,1/24/2022,526.0,526.0,482.0,485.0,-7.71,59192.0,324.0,223.0
MHNL,1/25/2022,478.0,512.0,477.1,493.0,1.65,40717.0,324.0,223.0
MHNL,1/26/2022,502.8,502.8,474.1,488.0,-1.01,20547.0,324.0,223.0
MHNL,1/27/2022,496.0,504.0,488.0,497.0,1.84,20998.0,324.0,223.0
MHNL,1/30/2022,506.9,527.0,506.9,524.0,5.43,34749.0,324.0,223.0
MHNL,1/31/2022,534.4,534.4,505.1,506.0,-3.44,18083.0,324.0,223.0
MHNL,2/1/2022,516.1,529.0,504.0,515.0,1.78,32379.0,324.0,223.0
MHNL,2/3/2022,525.0,536.0,511.0,516.0,0.19,79292.0,324.0,223.0
MHNL,2/6/2022,510.0,526.0,509.0,516.0,0.0,39787.0,324.0,223.0
MHNL,2/7/2022,513.0,524.0,510.0,518.0,0.39,29786.0,324.0,223.0
MHNL,2/8/2022,528.3,538.8,502.0,508.9,-1.76,46344.0,324.0,223.0
MHNL,2/9/2022,509.0,509.0,495.4,503.0,-1.16,8881.0,324.0,223.0
MHNL,2/10/2022,500.0,513.0,494.0,495.0,-1.59,10021.0,324.0,223.0
MHNL,2/13/2022,486.0,487.0,467.0,467.0,-5.66,27512.0,324.0,223.0
MHNL,2/14/2022,476.0,494.1,467.5,478.0,2.36,19955.0,324.0,223.0
MHNL,2/15/2022,487.0,500.0,476.0,500.0,4.6,7836.0,324.0,223.0
MHNL,2/16/2022,510.0,510.0,476.7,489.8,-2.04,10366.0,324.0,223.0
MHNL,2/17/2022,499.5,499.5,479.0,488.9,-0.18,7545.0,324.0,223.0
MHNL,2/20/2022,498.6,498.6,470.0,486.9,-0.41,17439.0,324.0,223.0
MHNL,2/21/2022,496.6,496.6,480.0,496.0,1.87,7097.0,324.0,223.0
MHNL,2/22/2022,505.9,509.9,496.0,497.0,0.2,18156.0,324.0,223.0
MHNL,2/23/2022,506.9,506.9,486.1,492.0,-1.01,19423.0,324.0,223.0
MHNL,2/24/2022,501.8,501.8,463.0,490.0,-0.41,18612.0,324.0,223.0
MHNL,2/27/2022,499.8,503.0,481.0,483.5,-1.33,17058.0,324.0,223.0
MHNL,2/28/2022,493.1,501.9,452.0,464.0,-4.03,27233.0,324.0,223.0
MHNL,3/2/2022,473.2,473.2,438.2,446.9,-3.69,6404.0,324.0,223.0
MHNL,3/6/2022,455.8,455.8,428.3,433.0,-3.11,11022.0,324.0,223.0
MHNL,3/7/2022,441.6,441.6,416.0,418.0,-3.46,10929.0,324.0,223.0
MHNL,3/9/2022,426.3,426.3,398.0,398.2,-4.74,12372.0,324.0,223.0
MHNL,3/10/2022,405.9,438.0,402.0,422.9,6.2,15280.0,324.0,223.0
MHNL,3/13/2022,431.3,444.0,426.0,440.0,4.04,23635.0,324.0,223.0
MHNL,3/14/2022,445.0,445.0,427.1,435.0,-1.14,6596.0,324.0,223.0
MHNL,3/15/2022,443.7,444.0,411.6,420.0,-3.45,23535.0,324.0,223.0
MHNL,3/16/2022,428.4,428.4,413.0,415.0,-1.19,14883.0,324.0,223.0
MHNL,3/20/2022,423.3,423.3,409.1,416.9,0.46,12907.0,324.0,223.0
MHNL,3/21/2022,425.2,445.0,410.0,445.0,6.74,122566.0,324.0,223.0
MHNL,3/22/2022,447.0,462.0,439.2,441.0,-0.9,28909.0,324.0,223.0
MHNL,3/23/2022,432.3,440.0,426.0,433.0,-1.81,8119.0,324.0,223.0
MHNL,3/24/2022,426.0,433.0,414.2,415.0,-4.16,29900.0,324.0,223.0
MHNL,3/27/2022,423.0,423.0,397.0,400.0,-3.61,17770.0,324.0,223.0
MHNL,3/28/2022,408.0,415.0,393.0,395.0,-1.25,9967.0,324.0,223.0
MHNL,3/29/2022,401.0,402.9,390.0,390.0,-1.27,6775.0,324.0,223.0
MHNL,3/30/2022,397.8,413.1,395.0,413.0,5.9,11144.0,324.0,223.0
MHNL,3/31/2022,421.2,421.2,395.0,404.0,-2.18,11575.0,324.0,223.0
MHNL,4/3/2022,404.0,406.0,396.0,399.0,-1.24,4238.0,324.0,223.0
MHNL,4/4/2022,405.0,405.0,392.0,394.0,-1.25,3009.0,324.0,223.0
MHNL,4/5/2022,387.0,390.0,377.3,390.0,-1.02,5229.0,324.0,223.0
MHNL,4/6/2022,384.0,390.0,374.0,377.0,-3.33,5095.0,324.0,223.0
MHNL,4/7/2022,384.0,389.9,378.0,379.0,0.53,6135.0,324.0,223.0
MHNL,4/11/2022,386.5,395.0,375.0,375.8,-0.84,7509.0,324.0,223.0
MHNL,4/12/2022,382.9,382.9,365.0,372.0,-1.01,4400.0,324.0,223.0
MHNL,4/13/2022,372.0,386.9,365.0,371.0,-0.27,4390.0,324.0,223.0
MHNL,4/17/2022,376.0,377.0,356.8,360.0,-2.96,2968.0,324.0,223.0
MHNL,4/18/2022,360.0,365.0,345.0,348.0,-3.33,6234.0,324.0,223.0
MHNL,4/19/2022,341.4,353.9,328.3,345.0,-0.86,8264.0,324.0,223.0
MHNL,4/20/2022,351.9,351.9,330.0,330.0,-4.35,5419.0,324.0,223.0
MHNL,4/21/2022,323.4,339.0,317.0,338.0,2.42,8507.0,324.0,223.0
MHNL,4/24/2022,343.0,371.8,334.1,370.0,9.47,20744.0,324.0,223.0
MHNL,4/25/2022,375.0,382.4,350.0,357.0,-3.51,12036.0,324.0,223.0
MHNL,4/26/2022,362.0,369.9,350.0,360.0,0.84,3162.0,324.0,223.0
MHNL,4/27/2022,366.9,366.9,353.0,361.0,0.28,7420.0,324.0,223.0
MHNL,4/28/2022,368.2,375.0,346.0,353.0,-2.22,5917.0,324.0,223.0
MHNL,5/2/2022,346.0,360.0,338.0,342.0,-3.12,4372.0,324.0,223.0
MHNL,5/4/2022,336.0,355.1,323.6,324.0,-5.26,6375.0,324.0,223.0
MHNL,5/5/2022,320.0,328.0,307.0,310.1,-4.29,10735.0,324.0,223.0
MHNL,5/8/2022,305.0,322.0,295.0,322.0,3.84,7008.0,324.0,223.0
MHNL,5/9/2022,322.0,330.0,316.0,318.0,-1.24,5450.0,324.0,223.0
MHNL,5/10/2022,324.0,336.0,320.0,336.0,5.66,5975.0,324.0,223.0
MHNL,5/11/2022,331.0,360.0,331.0,360.0,7.14,20692.0,324.0,223.0
MHNL,5/12/2022,365.0,371.0,350.0,350.0,-2.78,7180.0,324.0,223.0
MHNL,5/17/2022,357.0,364.1,324.0,324.0,-7.43,12008.0,324.0,223.0
MHNL,5/18/2022,318.0,344.0,305.6,330.0,1.85,14038.0,324.0,223.0
MHNL,5/19/2022,328.0,334.0,315.0,326.0,-1.21,6521.0,324.0,223.0
MHNL,5/20/2022,330.0,332.0,315.0,317.0,-2.76,3406.0,324.0,223.0
MHNL,5/23/2022,311.0,318.0,310.0,312.0,-1.58,3848.0,324.0,223.0
MHNL,5/24/2022,317.0,324.0,311.0,321.0,2.88,5175.0,324.0,223.0
MHNL,5/25/2022,321.0,330.0,319.6,329.5,2.65,8015.0,324.0,223.0
MHNL,5/26/2022,336.0,336.0,319.0,321.0,-2.58,3356.0,324.0,223.0
MHNL,5/27/2022,327.0,327.0,309.0,318.0,-0.93,10055.0,324.0,223.0
MHNL,5/30/2022,312.1,317.9,305.5,309.1,-2.8,8650.0,324.0,223.0
MHNL,5/31/2022,305.0,322.0,305.0,310.8,0.55,5709.0,324.0,223.0
MHNL,6/1/2022,315.0,315.0,304.6,307.1,-1.19,7295.0,324.0,223.0
MHNL,6/2/2022,313.0,324.0,288.0,320.0,4.2,417643.0,324.0,223.0
MHNL,6/3/2022,320.0,326.4,304.1,308.0,-3.75,11952.0,324.0,223.0
MHNL,6/6/2022,314.1,320.3,300.0,311.4,1.1,10090.0,324.0,223.0
MHNL,6/7/2022,306.0,323.3,291.0,323.3,3.82,30514.0,324.0,223.0
MHNL,6/8/2022,316.9,322.3,298.0,310.0,-4.11,45406.0,324.0,223.0
MHNL,6/9/2022,314.0,314.9,295.0,303.0,-2.26,37916.0,324.0,223.0
MHNL,6/10/2022,302.0,308.9,292.1,299.8,-1.06,11174.0,324.0,223.0
MHNL,6/13/2022,294.0,299.8,289.0,293.0,-2.27,6125.0,324.0,223.0
MHNL,6/14/2022,290.0,303.9,272.0,303.9,3.72,45478.0,324.0,223.0
MHNL,6/15/2022,309.9,309.9,273.6,286.0,-5.89,35840.0,324.0,223.0
MHNL,6/16/2022,289.9,290.0,275.0,284.0,-0.7,40302.0,324.0,223.0
MHNL,6/17/2022,285.0,285.0,268.7,273.0,-3.87,5388.0,324.0,223.0
MHNL,6/19/2022,277.0,277.0,249.0,253.0,-7.33,22770.0,324.0,223.0
MHNL,6/20/2022,248.0,248.0,230.0,231.0,-8.7,33659.0,324.0,223.0
MHNL,6/21/2022,235.0,248.7,230.0,242.0,4.76,18618.0,324.0,223.0
MHNL,6/22/2022,240.0,240.7,228.4,240.7,-0.54,11700.0,324.0,223.0
MHNL,6/23/2022,235.9,235.9,221.0,228.0,-5.28,13075.0,324.0,223.0
MHNL,6/24/2022,223.5,237.5,215.6,237.5,4.17,14535.0,324.0,223.0
MHNL,6/26/2022,240.9,257.0,232.8,257.0,8.21,49906.0,324.0,223.0
MHNL,6/27/2022,252.0,262.0,242.0,250.0,-2.72,18316.0,324.0,223.0
MHNL,6/28/2022,253.0,253.0,235.2,239.9,-4.04,11844.0,324.0,223.0
MHNL,6/29/2022,243.0,256.0,238.0,250.0,4.21,20272.0,324.0,223.0
MHNL,6/30/2022,255.0,265.0,250.0,263.0,5.2,38176.0,324.0,223.0
MHNL,7/1/2022,268.2,275.0,253.0,275.0,4.56,23059.0,324.0,223.0
MHNL,7/3/2022,270.0,294.0,268.0,290.0,5.45,34666.0,324.0,223.0
MHNL,7/4/2022,294.0,306.0,269.5,300.0,3.45,45149.0,324.0,223.0
MHNL,7/5/2022,306.0,306.0,275.1,284.0,-5.33,48208.0,324.0,223.0
MHNL,7/6/2022,280.0,289.0,267.0,278.0,-2.11,28093.0,324.0,223.0
MHNL,7/7/2022,281.0,293.7,274.0,287.0,3.24,43645.0,324.0,223.0
MHNL,7/8/2022,291.0,291.0,272.0,277.0,-3.48,5858.0,324.0,223.0
MHNL,7/11/2022,271.5,271.5,252.0,252.0,-9.03,21613.0,324.0,223.0
MHNL,7/12/2022,257.0,269.6,246.0,259.0,2.78,14761.0,324.0,223.0
MHNL,7/13/2022,263.0,284.0,258.0,283.0,9.27,34461.0,324.0,223.0
MHNL,7/14/2022,280.0,288.0,272.0,285.6,0.92,26892.0,324.0,223.0
MHNL,7/15/2022,291.3,291.3,272.0,272.0,-4.76,11235.0,324.0,223.0
MHNL,7/17/2022,277.4,277.4,261.4,270.0,-0.74,10002.0,324.0,223.0
MHNL,7/18/2022,275.0,278.0,265.0,274.0,1.48,9215.0,324.0,223.0
MHNL,7/19/2022,278.0,284.0,271.0,279.0,1.82,24117.0,324.0,223.0
MHNL,7/20/2022,284.5,284.5,272.0,272.1,-2.47,17094.0,324.0,223.0
MHNL,7/21/2022,277.5,277.5,269.0,275.5,1.25,14214.0,324.0,223.0
MHNL,7/22/2022,281.0,281.0,262.0,271.2,-1.56,13360.0,324.0,223.0
MHNL,7/24/2022,276.6,287.0,270.0,286.9,5.79,36109.0,324.0,223.0
MHNL,7/25/2022,292.6,312.9,284.0,305.0,6.31,76714.0,324.0,223.0
MHNL,7/26/2022,300.0,305.9,290.0,294.8,-3.34,53210.0,324.0,223.0
MHNL,7/27/2022,290.0,306.0,284.5,300.0,1.76,62228.0,324.0,223.0
MHNL,7/28/2022,304.0,312.0,294.0,304.0,1.33,95219.0,324.0,223.0
MHNL,7/29/2022,310.0,310.0,292.1,300.0,-1.32,18903.0,324.0,223.0
MHNL,7/31/2022,300.0,309.0,300.0,303.0,1.0,49306.0,324.0,223.0
MHNL,8/1/2022,309.0,314.1,301.0,301.2,-0.59,70850.0,324.0,223.0
MHNL,8/2/2022,295.6,315.1,295.6,313.0,3.92,101742.0,324.0,223.0
MHNL,8/3/2022,306.8,339.0,306.8,328.3,4.89,142683.0,324.0,223.0
MHNL,8/4/2022,321.8,331.0,309.0,313.0,-4.66,74383.0,324.0,223.0
MHNL,8/5/2022,310.0,318.0,305.5,305.5,-2.4,36230.0,324.0,223.0
MHNL,8/7/2022,305.0,318.0,305.0,312.9,2.42,44613.0,324.0,223.0
MHNL,8/8/2022,317.0,317.0,302.9,302.9,-3.2,46960.0,324.0,223.0
MHNL,8/9/2022,307.0,307.0,294.0,294.0,-2.94,45500.0,324.0,223.0
MHNL,8/10/2022,299.8,301.0,290.0,296.2,0.75,20875.0,324.0,223.0
MHNL,8/11/2022,296.0,308.0,285.0,287.0,-3.11,35143.0,324.0,223.0
MHNL,8/14/2022,292.7,298.0,284.0,289.0,0.7,42607.0,324.0,223.0
MHNL,8/15/2022,292.7,306.0,291.2,303.0,4.84,39183.0,324.0,223.0
MHNL,8/16/2022,303.0,307.0,290.2,291.0,-3.96,39644.0,324.0,223.0
MHNL,8/17/2022,291.1,306.0,291.0,295.0,1.37,44158.0,324.0,223.0
MHNL,8/18/2022,299.0,308.0,296.3,303.2,2.78,37304.0,324.0,223.0
MHNL,8/21/2022,307.0,310.9,295.4,297.6,-1.85,42262.0,324.0,223.0
MHNL,8/22/2022,300.0,302.0,295.0,296.8,-0.27,24479.0,324.0,223.0
MHNL,8/23/2022,298.9,300.0,292.1,297.0,0.07,23901.0,324.0,223.0
MHNL,8/24/2022,297.0,300.0,290.0,296.8,-0.07,34490.0,324.0,223.0
MHNL,8/25/2022,299.9,299.9,286.2,291.9,-1.65,28858.0,324.0,223.0
MHNL,8/26/2022,286.4,290.0,280.7,282.1,-3.36,20464.0,324.0,223.0
MHNL,8/28/2022,280.0,282.0,268.0,268.0,-5.0,30202.0,324.0,223.0
MHNL,8/29/2022,267.0,274.0,267.0,272.0,1.49,12368.0,324.0,223.0
MHNL,8/30/2022,274.9,275.0,268.0,270.0,-0.74,11105.0,324.0,223.0
MHNL,8/31/2022,270.0,273.0,262.0,262.0,-2.96,9427.0,324.0,223.0
MHNL,9/1/2022,261.0,270.2,260.7,262.2,0.08,19947.0,324.0,223.0
MHNL,9/2/2022,266.0,267.0,260.0,265.0,1.07,7480.0,324.0,223.0
MHNL,9/4/2022,268.0,273.0,264.2,272.9,2.98,4443.0,324.0,223.0
MHNL,9/5/2022,276.0,276.0,270.2,270.2,-0.99,7257.0,324.0,223.0
MHNL,9/6/2022,270.0,270.0,262.8,263.0,-2.66,10901.0,324.0,223.0
MHNL,9/7/2022,258.1,261.0,255.1,261.0,-0.76,6364.0,324.0,223.0
MHNL,9/8/2022,258.0,266.0,256.3,264.0,1.15,8270.0,324.0,223.0
MHNL,9/11/2022,260.8,265.0,258.0,260.0,-1.52,4085.0,324.0,223.0
MHNL,9/12/2022,258.1,258.1,252.0,255.0,-1.92,6725.0,324.0,223.0
MHNL,9/13/2022,259.0,263.9,257.0,261.0,2.35,8149.0,324.0,223.0
MHNL,9/14/2022,264.9,280.0,260.0,275.9,5.71,19460.0,324.0,223.0
MHNL,9/15/2022,276.0,276.0,257.1,264.0,-4.31,37195.0,324.0,223.0
MHNL,9/16/2022,259.0,259.0,245.0,256.9,-2.69,21971.0,324.0,223.0
MHNL,9/18/2022,252.0,255.0,239.3,240.0,-6.58,19090.0,324.0,223.0
MHNL,9/20/2022,236.2,237.1,232.0,234.0,-2.5,9650.0,324.0,223.0
MHNL,9/21/2022,236.0,242.6,235.0,236.0,0.85,7480.0,324.0,223.0
MHNL,9/22/2022,239.0,239.0,230.0,232.0,-1.69,5027.0,324.0,223.0
MHNL,9/25/2022,228.0,234.0,219.0,222.2,-4.22,7530.0,324.0,223.0
MHNL,9/27/2022,225.0,235.0,225.0,228.0,2.61,14480.0,324.0,223.0
MHNL,9/28/2022,231.0,235.6,229.2,229.2,0.53,5752.0,324.0,223.0
MHNL,9/29/2022,230.0,230.0,226.0,229.8,0.26,11765.0,324.0,223.0
MHNL,10/9/2022,234.0,242.7,234.0,241.0,4.87,5860.0,324.0,223.0
MHNL,10/10/2022,239.0,239.0,231.0,231.0,-4.15,1630.0,324.0,223.0
MHNL,10/11/2022,227.0,230.0,227.0,230.0,-0.43,1330.0,324.0,223.0
MHNL,10/12/2022,234.0,236.9,224.9,235.0,2.17,1659.0,324.0,223.0
MHNL,10/13/2022,235.0,237.0,227.5,230.0,-2.13,4970.0,324.0,223.0
MHNL,10/16/2022,230.0,230.0,225.0,228.0,-0.87,5025.0,324.0,223.0
MHNL,10/17/2022,223.5,227.0,220.0,223.0,-2.19,4999.0,324.0,223.0
MHNL,10/19/2022,219.0,223.0,216.1,216.1,-3.09,3516.0,324.0,223.0
MHNL,10/20/2022,213.0,224.0,212.0,217.6,0.69,3393.0,324.0,223.0
MHNL,10/23/2022,217.6,220.0,215.8,217.3,-0.14,850.0,324.0,223.0
MHNL,10/31/2022,216.0,218.0,215.0,217.9,0.28,2346.0,324.0,223.0
MHNL,11/1/2022,215.3,237.0,215.3,237.0,8.77,16332.0,324.0,223.0
MHNL,11/2/2022,240.0,244.7,231.0,231.2,-2.45,21381.0,324.0,223.0
MHNL,11/3/2022,234.0,240.0,232.4,232.5,0.56,6955.0,324.0,223.0
MHNL,11/6/2022,235.0,249.2,235.0,249.2,7.18,9197.0,324.0,223.0
MHNL,11/7/2022,244.5,256.8,240.0,240.0,-3.69,27781.0,324.0,223.0
MHNL,11/8/2022,235.5,250.9,235.2,240.6,0.25,11879.0,324.0,223.0
MHNL,11/9/2022,241.0,243.0,233.0,237.0,-1.5,19590.0,324.0,223.0
MHNL,11/10/2022,234.0,237.0,225.0,230.5,-2.74,15453.0,324.0,223.0
MHNL,11/13/2022,233.0,234.0,226.1,230.6,0.04,3920.0,324.0,223.0
MHNL,11/14/2022,233.0,235.2,230.0,235.0,1.91,12729.0,324.0,223.0
MHNL,11/15/2022,237.0,243.0,236.0,236.0,0.43,9580.0,324.0,223.0
MHNL,11/16/2022,235.0,243.0,235.0,242.9,2.92,12545.0,324.0,223.0
MHNL,11/17/2022,243.0,255.0,242.1,253.0,4.16,35004.0,324.0,223.0
MHNL,11/22/2022,258.0,264.1,253.0,255.0,0.79,37302.0,324.0,223.0
MHNL,11/23/2022,252.0,258.4,248.0,258.0,1.18,14653.0,324.0,223.0
MHNL,11/24/2022,260.0,260.0,251.0,259.0,0.39,14463.0,324.0,223.0
MHNL,11/27/2022,264.0,275.4,258.0,273.8,5.71,36528.0,324.0,223.0
MHNL,11/28/2022,279.0,279.0,263.3,265.0,-3.21,19160.0,324.0,223.0
MHNL,11/29/2022,267.0,269.0,260.0,264.4,-0.23,25129.0,324.0,223.0
MHNL,11/30/2022,260.0,269.0,260.0,265.0,0.23,11249.0,324.0,223.0
MHNL,12/1/2022,268.8,268.8,260.6,261.0,-1.51,9725.0,324.0,223.0
MHNL,12/4/2022,262.0,266.0,259.0,263.5,0.96,6905.0,324.0,223.0
MHNL,12/5/2022,260.0,261.0,251.0,251.0,-4.74,12841.0,324.0,223.0
MHNL,12/6/2022,251.0,257.0,248.1,253.0,0.8,11695.0,324.0,223.0
MHNL,12/7/2022,255.0,255.0,248.2,252.9,-0.04,12643.0,324.0,223.0
MHNL,12/11/2022,248.1,251.0,243.0,247.0,-2.33,8790.0,324.0,223.0
MHNL,12/12/2022,250.0,255.0,245.0,248.9,0.77,13395.0,324.0,223.0
MHNL,12/13/2022,248.0,252.0,247.1,251.0,0.84,2860.0,324.0,223.0
MHNL,12/14/2022,249.0,254.0,246.2,248.0,-1.2,5230.0,324.0,223.0
MHNL,12/15/2022,250.0,250.0,243.0,246.8,-0.48,6367.0,324.0,223.0
MHNL,12/18/2022,241.9,243.0,235.0,235.5,-4.58,16124.0,324.0,223.0
MHNL,12/19/2022,231.6,243.0,231.6,236.1,0.25,6601.0,324.0,223.0
MHNL,12/20/2022,236.0,244.0,236.0,241.0,2.08,5678.0,324.0,223.0
MHNL,12/21/2022,240.0,240.0,236.4,239.0,-0.83,3675.0,324.0,223.0
MHNL,12/22/2022,235.0,239.6,231.5,233.0,-2.51,6889.0,324.0,223.0
MHNL,12/26/2022,237.6,253.0,236.6,249.0,6.87,21444.0,324.0,223.0
MHNL,12/27/2022,253.9,265.0,253.9,260.0,4.42,48668.0,324.0,223.0
MHNL,12/28/2022,255.0,265.2,254.0,256.7,-1.27,36003.0,324.0,223.0
MHNL,12/29/2022,256.0,271.0,252.1,270.0,5.18,38228.0,324.0,223.0
MHNL,1/1/2023,270.0,280.0,263.0,267.5,-0.93,66163.0,324.0,223.0
MHNL,1/2/2023,267.5,278.0,262.3,273.9,2.39,38636.0,324.0,223.0
MHNL,1/3/2023,271.0,287.6,269.0,277.0,1.13,39081.0,324.0,223.0
MHNL,1/4/2023,280.0,300.9,277.0,299.0,7.94,62499.0,324.0,223.0
MHNL,1/5/2023,300.0,307.0,291.1,303.0,1.34,86342.0,324.0,223.0
MHNL,1/8/2023,306.0,319.0,294.0,303.8,0.26,80536.0,324.0,223.0
MHNL,1/9/2023,307.0,329.8,303.0,328.0,7.97,114087.0,324.0,223.0
MHNL,1/10/2023,334.0,356.9,321.6,322.0,-1.83,145405.0,324.0,223.0
MHNL,1/12/2023,327.0,347.0,317.0,319.0,-0.93,105244.0,324.0,223.0
MHNL,1/17/2023,320.0,339.6,316.2,338.0,5.96,96508.0,324.0,223.0
MHNL,1/18/2023,344.0,352.0,333.2,336.0,-0.59,81105.0,324.0,223.0
MHNL,1/19/2023,342.0,347.8,331.3,339.8,1.13,43333.0,324.0,223.0
MHNL,1/23/2023,340.0,342.1,324.0,325.0,-4.36,80754.0,324.0,223.0
MHNL,1/24/2023,330.0,330.0,313.0,325.0,0.0,106814.0,324.0,223.0
MHNL,1/25/2023,331.4,350.2,326.1,340.0,4.62,126806.0,324.0,223.0
MHNL,1/26/2023,342.0,352.0,340.0,343.9,1.15,67525.0,324.0,223.0
MHNL,1/29/2023,338.1,343.0,333.0,337.0,-2.01,38355.0,324.0,223.0
MHNL,1/30/2023,335.0,337.0,326.0,330.0,-2.08,50375.0,324.0,223.0
MHNL,1/31/2023,324.5,336.0,319.1,325.0,-1.52,42731.0,324.0,223.0
MHNL,2/1/2023,329.9,330.0,322.5,327.0,0.62,17128.0,324.0,223.0
MHNL,2/2/2023,332.0,333.0,317.1,319.5,-2.29,41186.0,324.0,223.0
MHNL,2/5/2023,320.0,330.0,320.0,321.5,0.63,16408.0,324.0,223.0
MHNL,2/6/2023,316.1,326.4,316.1,326.0,1.4,12535.0,324.0,223.0
MHNL,2/7/2023,332.5,344.0,326.4,344.0,5.52,49921.0,324.0,223.0
MHNL,2/8/2023,349.8,355.0,334.0,335.1,-2.59,82104.0,324.0,223.0
MHNL,2/9/2023,338.9,348.0,330.0,337.0,0.57,37063.0,324.0,223.0
MHNL,2/12/2023,330.3,330.3,316.7,317.0,-5.93,81623.0,324.0,223.0
MHNL,2/14/2023,318.0,325.0,315.0,315.7,-0.41,26533.0,324.0,223.0
MHNL,2/15/2023,322.0,324.8,307.0,307.0,-2.76,64997.0,324.0,223.0
MHNL,2/16/2023,306.1,314.0,301.9,302.0,-1.63,35574.0,324.0,223.0
MHNL,2/20/2023,301.0,305.0,295.0,301.0,-0.33,41270.0,324.0,223.0
MHNL,2/22/2023,303.0,314.9,302.0,311.8,3.59,41994.0,324.0,223.0
MHNL,2/23/2023,310.9,310.9,298.7,302.5,-2.98,25114.0,324.0,223.0
MHNL,2/26/2023,296.5,308.9,290.6,305.0,0.83,44660.0,324.0,223.0
MHNL,2/27/2023,310.0,313.7,296.7,304.7,-0.1,29861.0,324.0,223.0
MHNL,2/28/2023,305.0,309.0,301.1,301.1,-1.18,18911.0,324.0,223.0
MHNL,3/1/2023,307.0,313.0,297.0,300.0,-0.37,17090.0,324.0,223.0
MHNL,3/2/2023,295.1,303.0,292.1,295.0,-1.67,19706.0,324.0,223.0
MHNL,3/5/2023,300.5,300.5,287.0,287.0,-2.71,15240.0,324.0,223.0
MHNL,3/7/2023,282.1,299.2,282.1,291.0,1.39,17420.0,324.0,223.0
MHNL,3/9/2023,295.0,306.0,295.0,305.0,4.81,35942.0,324.0,223.0
MHNL,3/12/2023,309.0,310.9,299.0,301.9,-1.02,29772.0,324.0,223.0
MHNL,3/13/2023,304.0,305.0,295.0,296.1,-1.92,41584.0,324.0,223.0
MHNL,3/14/2023,301.0,301.0,295.2,300.0,1.32,14800.0,324.0,223.0
MHNL,3/15/2023,306.0,306.0,295.0,300.0,0.0,9645.0,324.0,223.0
MHNL,3/16/2023,299.9,303.0,296.1,301.0,0.33,10595.0,324.0,223.0
MHNL,3/19/2023,301.4,302.9,296.0,296.0,-1.66,18811.0,324.0,223.0
MHNL,3/20/2023,293.5,305.7,293.5,301.6,1.89,17756.0,324.0,223.0
MHNL,3/22/2023,307.0,308.0,297.0,299.0,-0.86,21605.0,324.0,223.0
MHNL,3/23/2023,296.2,301.0,296.2,296.5,-0.84,5645.0,324.0,223.0
MHNL,3/26/2023,291.5,295.5,290.0,295.5,-0.34,9276.0,324.0,223.0
MHNL,3/27/2023,295.4,301.4,290.1,300.0,1.52,20293.0,324.0,223.0
MHNL,3/28/2023,306.0,306.0,295.0,304.0,1.33,29099.0,324.0,223.0
MHNL,3/29/2023,299.0,303.2,297.0,303.0,-0.33,2725.0,324.0,223.0
MHNL,3/30/2023,305.0,305.0,295.0,299.5,-1.16,19204.0,324.0,223.0
MHNL,4/2/2023,305.4,305.4,292.0,292.0,-2.5,10590.0,324.0,223.0
MHNL,4/3/2023,291.0,294.0,289.0,289.0,-1.03,11118.0,324.0,223.0
MHNL,4/4/2023,290.0,292.9,285.2,289.9,0.31,6397.0,324.0,223.0
MHNL,4/5/2023,295.0,295.0,286.0,289.0,-0.31,9792.0,324.0,223.0
MHNL,4/6/2023,286.1,293.3,286.1,289.0,0.0,7575.0,324.0,223.0
MHNL,4/9/2023,294.6,294.6,280.0,281.0,-2.77,9132.0,324.0,223.0
MHNL,4/10/2023,284.0,286.0,280.3,285.0,1.42,3080.0,324.0,223.0
MHNL,4/11/2023,290.0,293.9,285.0,293.6,3.02,5935.0,324.0,223.0
MHNL,4/12/2023,293.6,308.0,292.0,308.0,4.9,36808.0,324.0,223.0
MHNL,4/13/2023,314.0,315.0,300.0,302.0,-1.95,22328.0,324.0,223.0
MHNL,4/16/2023,304.0,304.0,296.0,299.7,-0.76,6456.0,324.0,223.0
MHNL,4/17/2023,300.0,301.0,290.7,291.0,-2.9,8910.0,324.0,223.0
MHNL,4/18/2023,296.0,296.0,286.0,290.0,-0.34,13925.0,324.0,223.0
MHNL,4/19/2023,295.0,299.0,286.7,290.1,0.03,5520.0,324.0,223.0
MHNL,4/20/2023,295.9,300.0,288.7,289.0,-0.38,2600.0,324.0,223.0
MHNL,4/23/2023,286.2,290.0,285.0,285.0,-1.38,3729.0,324.0,223.0
MHNL,4/24/2023,284.0,289.0,280.0,283.0,-0.7,7406.0,324.0,223.0
MHNL,4/25/2023,280.1,291.0,280.1,289.9,2.44,9712.0,324.0,223.0
MHNL,4/26/2023,289.9,294.0,284.2,284.5,-1.86,1520.0,324.0,223.0
MHNL,4/27/2023,281.1,288.0,281.1,284.0,-0.18,5690.0,324.0,223.0
MHNL,4/30/2023,280.4,283.0,278.6,279.0,-1.76,4568.0,324.0,223.0
MHNL,5/2/2023,277.0,284.0,277.0,279.5,0.18,3590.0,324.0,223.0
MHNL,5/3/2023,283.9,283.9,263.4,273.9,-2.0,5144.0,324.0,223.0
MHNL,5/4/2023,279.0,279.0,267.0,277.7,1.39,7570.0,324.0,223.0
MHNL,5/7/2023,280.0,280.0,271.0,273.0,-1.69,3380.0,324.0,223.0
MHNL,5/8/2023,270.0,270.0,258.8,268.2,-1.76,10174.0,324.0,223.0
MHNL,5/9/2023,273.5,274.0,264.0,267.0,-0.45,4753.0,324.0,223.0
MHNL,5/10/2023,262.1,266.0,262.1,265.0,-0.75,2790.0,324.0,223.0
MHNL,5/11/2023,263.1,274.0,263.0,274.0,3.4,1630.0,324.0,223.0
MHNL,5/14/2023,274.0,284.9,260.0,264.4,-3.5,3836.0,324.0,223.0
MHNL,5/15/2023,265.0,280.0,256.0,267.9,1.32,7460.0,324.0,223.0
MHNL,5/16/2023,273.0,273.0,262.6,271.0,1.16,5072.0,324.0,223.0
MHNL,5/17/2023,271.0,280.0,265.0,273.0,0.74,11701.0,324.0,223.0
MHNL,5/18/2023,268.0,283.0,262.7,277.0,1.47,16909.0,324.0,223.0
MHNL,5/21/2023,282.3,287.0,269.0,277.0,0.0,27240.0,324.0,223.0
MHNL,5/22/2023,271.5,279.5,268.3,274.0,-1.08,16755.0,324.0,223.0
MHNL,5/23/2023,279.4,285.0,276.1,282.9,3.25,24165.0,324.0,223.0
MHNL,5/24/2023,287.0,287.0,277.0,281.0,-0.67,17349.0,324.0,223.0
MHNL,5/28/2023,286.0,286.0,277.1,279.0,-0.71,21489.0,324.0,223.0
MHNL,5/30/2023,275.0,280.5,266.6,273.0,-2.15,19609.0,324.0,223.0
MHNL,5/31/2023,267.6,277.0,261.7,266.0,-2.56,14740.0,324.0,223.0
MHNL,6/1/2023,267.0,270.3,260.0,270.3,1.62,12736.0,324.0,223.0
MHNL,6/4/2023,275.7,278.0,273.2,274.0,1.37,11354.0,324.0,223.0
MHNL,6/5/2023,270.0,284.0,270.0,270.0,-1.46,7375.0,324.0,223.0
MHNL,6/6/2023,270.0,275.2,269.1,275.0,1.85,35206.0,324.0,223.0
MHNL,6/7/2023,280.0,286.0,276.0,279.9,1.78,38564.0,324.0,223.0
MHNL,6/8/2023,285.3,285.3,276.1,278.0,-0.68,6131.0,324.0,223.0
MHNL,6/11/2023,280.0,286.6,279.9,285.8,2.81,40240.0,324.0,223.0
MHNL,6/12/2023,289.0,291.5,283.5,290.0,1.47,30077.0,324.0,223.0
MHNL,6/13/2023,290.0,296.6,284.4,290.0,0.0,43689.0,324.0,223.0
MHNL,6/14/2023,295.2,300.0,285.3,291.0,0.34,28981.0,324.0,223.0
MHNL,6/15/2023,295.0,296.5,285.2,288.9,-0.72,5611.0,324.0,223.0
MHNL,6/18/2023,286.0,297.5,286.0,287.3,-0.55,59660.0,324.0,223.0
MHNL,6/19/2023,290.0,290.0,268.0,279.8,-2.61,229164.0,324.0,223.0
MHNL,6/20/2023,285.0,285.0,263.7,266.2,-4.86,86252.0,324.0,223.0
MHNL,6/21/2023,271.0,274.0,264.6,267.9,0.64,23146.0,324.0,223.0
MHNL,6/22/2023,268.0,269.0,254.8,260.0,-2.95,65394.0,324.0,223.0
MHNL,6/25/2023,255.0,260.0,245.0,254.1,-2.27,102079.0,324.0,223.0
MHNL,6/26/2023,259.1,268.0,252.0,252.9,-0.47,37812.0,324.0,223.0
MHNL,6/27/2023,257.9,262.0,252.0,256.0,1.23,51275.0,324.0,223.0
MHNL,6/28/2023,260.0,261.1,254.8,258.0,0.78,42579.0,324.0,223.0
MHNL,7/2/2023,258.1,260.0,243.1,245.0,-5.04,23914.0,324.0,223.0
MHNL,7/3/2023,245.0,254.0,237.3,239.7,-2.16,33481.0,324.0,223.0
MHNL,7/4/2023,241.1,244.0,238.3,241.0,0.54,28106.0,324.0,223.0
MHNL,7/5/2023,236.2,243.0,232.0,234.9,-2.53,11673.0,324.0,223.0
MHNL,7/6/2023,232.0,236.0,227.5,228.0,-2.94,28912.0,324.0,223.0
MHNL,7/9/2023,231.0,240.0,228.0,230.0,0.88,15750.0,324.0,223.0
MHNL,7/10/2023,225.4,238.6,224.0,230.9,0.39,22584.0,324.0,223.0
MHNL,7/11/2023,226.3,233.5,222.0,224.9,-2.6,24719.0,324.0,223.0
MHNL,7/12/2023,228.0,243.0,228.0,241.0,7.16,39571.0,324.0,223.0
MHNL,7/13/2023,244.0,245.0,234.0,235.0,-2.49,22492.0,324.0,223.0
MHNL,7/16/2023,235.0,248.0,230.0,238.0,1.28,22264.0,324.0,223.0
MHNL,7/17/2023,235.1,239.6,234.0,239.0,0.42,10154.0,324.0,223.0
MHNL,7/18/2023,242.0,242.0,233.3,233.3,-2.38,15401.0,324.0,223.0
MHNL,7/19/2023,235.0,236.0,230.1,232.5,-0.34,15515.0,324.0,223.0
MHNL,7/20/2023,227.9,241.9,227.9,237.0,1.94,18370.0,324.0,223.0
MHNL,7/23/2023,240.0,246.0,238.1,242.0,2.11,22804.0,324.0,223.0
MHNL,7/24/2023,242.0,249.0,240.0,242.1,0.04,30346.0,324.0,223.0
MHNL,7/25/2023,240.1,242.0,237.3,237.4,-1.94,14442.0,324.0,223.0
MHNL,7/26/2023,241.0,242.1,237.5,238.1,0.29,11578.0,324.0,223.0
MHNL,7/27/2023,238.0,240.0,235.6,237.0,-0.46,10743.0,324.0,223.0
MHNL,7/30/2023,232.3,236.9,232.0,232.0,-2.11,24295.0,324.0,223.0
MHNL,7/31/2023,236.6,236.6,230.3,230.3,-0.73,9364.0,324.0,223.0
MHNL,8/1/2023,232.0,232.5,227.0,229.0,-0.56,14610.0,324.0,223.0
MHNL,8/2/2023,231.0,231.0,226.4,230.0,0.44,6890.0,324.0,223.0
MHNL,8/3/2023,230.0,231.0,227.0,227.4,-1.13,6316.0,324.0,223.0
MHNL,8/6/2023,230.0,230.0,219.0,219.0,-3.69,9047.0,324.0,223.0
MHNL,8/7/2023,215.1,222.0,215.1,218.0,-0.46,8128.0,324.0,223.0
MHNL,8/8/2023,218.0,222.3,216.0,217.7,-0.14,5798.0,324.0,223.0
MHNL,8/9/2023,213.5,219.2,213.5,219.0,0.6,9132.0,324.0,223.0
MHNL,8/10/2023,221.0,222.0,217.0,219.9,0.41,5594.0,324.0,223.0
MHNL,8/13/2023,217.0,220.0,216.0,218.0,-0.86,5482.0,324.0,223.0
MHNL,8/14/2023,216.0,216.0,212.2,216.0,-0.92,7665.0,324.0,223.0
MHNL,8/15/2023,214.0,214.0,207.5,211.0,-2.31,14038.0,324.0,223.0
MHNL,8/16/2023,207.2,208.0,194.0,194.0,-8.06,51799.0,324.0,223.0
MHNL,8/17/2023,190.3,197.5,189.0,190.0,-2.06,23326.0,324.0,223.0
MHNL,8/20/2023,189.0,189.0,175.7,178.0,-6.32,29170.0,324.0,223.0
MHNL,8/21/2023,177.1,180.0,172.0,173.4,-2.58,27650.0,324.0,223.0
MHNL,8/22/2023,174.0,190.3,174.0,186.9,7.79,9625.0,324.0,223.0
MHNL,8/23/2023,188.1,192.0,186.2,189.0,1.12,12862.0,324.0,223.0
MHNL,8/24/2023,187.0,192.7,180.3,180.5,-4.5,15493.0,324.0,223.0
MHNL,8/27/2023,183.0,183.0,172.4,174.9,-3.1,10448.0,324.0,223.0
MHNL,8/28/2023,175.0,178.3,172.5,176.0,0.63,10553.0,324.0,223.0
MHNL,8/29/2023,176.0,183.0,173.5,180.9,2.78,4080.0,324.0,223.0
MHNL,8/30/2023,178.0,184.0,177.2,184.0,1.71,13821.0,324.0,223.0
MHNL,9/3/2023,186.0,189.6,177.0,180.0,-2.17,9846.0,324.0,223.0
MHNL,9/4/2023,182.0,182.0,176.0,179.0,-0.56,3187.0,324.0,223.0
MHNL,9/5/2023,179.0,179.0,174.5,175.0,-2.23,8805.0,324.0,223.0
MHNL,9/7/2023,172.0,178.0,169.0,175.0,0.0,11380.0,324.0,223.0
MHNL,9/10/2023,174.0,178.5,174.0,175.0,0.0,3190.0,324.0,223.0
MHNL,9/11/2023,172.0,178.9,171.5,177.3,1.31,5420.0,324.0,223.0
MHNL,9/12/2023,177.3,179.0,175.6,175.6,-0.96,5151.0,324.0,223.0
MHNL,9/13/2023,173.5,190.0,173.5,190.0,8.2,12145.0,324.0,223.0
MHNL,9/17/2023,191.0,191.0,185.0,189.0,-0.53,22910.0,324.0,223.0
MHNL,9/18/2023,190.9,190.9,184.0,189.0,0.0,10586.0,324.0,223.0
MHNL,9/19/2023,192.7,200.0,187.0,199.9,5.77,11796.0,324.0,223.0
MHNL,9/21/2023,202.0,214.4,202.0,208.7,4.4,24138.0,324.0,223.0
MHNL,9/24/2023,209.0,214.0,202.0,209.0,0.14,22225.0,324.0,223.0
MHNL,9/25/2023,205.2,219.3,205.0,212.0,1.44,13308.0,324.0,223.0
MHNL,9/26/2023,215.0,218.0,209.0,216.0,1.89,23586.0,324.0,223.0
MHNL,9/27/2023,215.1,216.0,205.0,208.7,-3.38,13529.0,324.0,223.0
MHNL,10/1/2023,205.0,209.0,195.0,203.0,-2.73,13582.0,324.0,223.0
MHNL,10/2/2023,200.0,207.0,199.2,205.0,0.99,5755.0,324.0,223.0
MHNL,10/3/2023,201.8,204.0,197.8,200.0,-2.44,11152.0,324.0,223.0
MHNL,10/4/2023,204.0,204.5,200.0,200.0,0.0,6465.0,324.0,223.0
MHNL,10/5/2023,196.1,205.0,196.1,201.8,0.9,5888.0,324.0,223.0
MHNL,10/8/2023,197.8,199.0,194.1,195.0,-3.37,9049.0,324.0,223.0
MHNL,10/9/2023,195.0,197.9,194.0,194.0,-0.51,2916.0,324.0,223.0
MHNL,10/10/2023,194.0,194.0,188.0,190.0,-2.06,2073.0,324.0,223.0
MHNL,10/11/2023,192.0,192.4,188.7,188.9,-0.58,4230.0,324.0,223.0
MHNL,10/12/2023,190.0,191.0,183.0,190.0,0.58,8957.0,324.0,223.0
MHNL,10/16/2023,186.3,190.0,183.5,187.0,-1.58,4087.0,324.0,223.0
MHNL,10/17/2023,189.0,194.5,183.7,184.1,-1.55,4042.0,324.0,223.0
MHNL,10/18/2023,186.0,198.0,186.0,193.0,4.83,6900.0,324.0,223.0
MHNL,10/19/2023,192.0,196.7,189.2,189.2,-1.97,1038.0,324.0,223.0
MHNL,10/29/2023,190.0,190.0,187.0,187.0,-1.16,125.0,324.0,223.0
MHNL,10/30/2023,184.0,195.5,180.5,188.0,0.53,4911.0,324.0,223.0
MHNL,10/31/2023,185.0,194.7,184.2,184.2,-2.02,2035.0,324.0,223.0
MHNL,11/1/2023,182.0,192.4,182.0,188.9,2.55,2139.0,324.0,223.0
MHNL,11/2/2023,186.0,186.1,180.1,180.5,-4.45,4701.0,324.0,223.0
MHNL,11/5/2023,180.0,183.9,174.0,178.0,-1.39,3446.0,324.0,223.0
MHNL,11/6/2023,177.1,188.2,175.0,188.0,5.62,12771.0,324.0,223.0
MHNL,11/7/2023,188.0,195.4,177.4,191.9,2.07,10390.0,324.0,223.0
MHNL,11/8/2023,195.7,197.9,186.5,190.0,-0.99,4125.0,324.0,223.0
MHNL,11/9/2023,186.2,186.2,183.0,184.0,-3.16,1343.0,324.0,223.0
MHNL,11/20/2023,187.6,187.6,180.9,185.0,0.54,2187.0,324.0,223.0
MHNL,11/21/2023,182.0,183.0,176.4,182.0,-1.62,4460.0,324.0,223.0
MHNL,11/22/2023,180.0,190.0,180.0,190.0,4.4,2333.0,324.0,223.0
MHNL,11/23/2023,187.9,193.0,181.1,192.5,1.32,4339.0,324.0,223.0
MHNL,11/26/2023,192.5,198.9,190.0,197.9,2.81,6970.0,324.0,223.0
MHNL,11/27/2023,194.0,197.8,192.0,195.0,-1.47,3934.0,324.0,223.0
MHNL,11/28/2023,198.9,198.9,190.2,193.0,-1.03,4181.0,324.0,223.0
MHNL,11/29/2023,195.0,196.8,188.9,194.9,0.98,2870.0,324.0,223.0
MHNL,11/30/2023,191.1,191.4,186.2,189.9,-2.57,3524.0,324.0,223.0
MHNL,12/3/2023,186.2,189.9,186.2,186.3,-1.9,2660.0,324.0,223.0
MHNL,12/4/2023,186.0,192.7,185.3,187.8,0.81,4515.0,324.0,223.0
MHNL,12/5/2023,185.0,185.0,181.7,183.0,-2.56,9062.0,324.0,223.0
MHNL,12/6/2023,185.1,186.6,180.6,184.0,0.55,3970.0,324.0,223.0
MHNL,12/7/2023,186.0,187.6,182.6,186.0,1.09,4742.0,324.0,223.0
MHNL,12/10/2023,188.0,201.1,188.0,201.1,8.12,950.0,324.0,223.0
MHNL,12/11/2023,205.1,216.3,195.0,198.8,-1.14,14463.0,324.0,223.0
MHNL,12/12/2023,202.7,210.0,200.1,206.0,3.62,19442.0,324.0,223.0
MHNL,12/13/2023,206.0,213.0,203.0,206.0,0.0,15181.0,324.0,223.0
MHNL,12/14/2023,209.9,209.9,202.1,209.9,1.89,16475.0,324.0,223.0
MHNL,12/17/2023,206.0,225.5,206.0,225.5,7.43,42176.0,324.0,223.0
MHNL,12/18/2023,230.0,238.0,223.0,226.2,0.31,60627.0,324.0,223.0
MHNL,12/19/2023,230.6,235.0,224.8,229.0,1.24,31517.0,324.0,223.0
MHNL,12/20/2023,233.5,251.9,223.0,239.7,4.67,49738.0,324.0,223.0
MHNL,12/21/2023,235.0,249.0,231.0,238.4,-0.54,37499.0,324.0,223.0
MHNL,12/24/2023,235.1,245.0,223.5,225.0,-5.62,33613.0,324.0,223.0
MHNL,12/27/2023,225.2,238.6,225.1,230.0,2.22,29967.0,324.0,223.0
MHNL,12/28/2023,234.6,237.6,230.0,232.9,1.26,38597.0,324.0,223.0
MHNL,1/1/2024,229.2,233.6,219.7,225.0,-3.39,16619.0,324.0,223.0
MHNL,1/2/2024,228.6,228.6,214.4,217.9,-3.16,9498.0,324.0,223.0
MHNL,1/3/2024,222.1,229.5,213.2,221.0,1.42,38205.0,324.0,223.0
MHNL,1/4/2024,225.0,235.0,225.0,231.1,4.57,46507.0,324.0,223.0
MHNL,1/7/2024,227.3,241.5,227.3,235.5,1.9,41164.0,324.0,223.0
MHNL,1/8/2024,235.8,245.0,231.7,245.0,4.03,43455.0,324.0,223.0
MHNL,1/9/2024,249.9,254.3,237.0,237.0,-3.27,58252.0,324.0,223.0
MHNL,1/10/2024,235.3,241.0,232.3,232.3,-1.98,32759.0,324.0,223.0
MHNL,1/11/2024,236.9,241.5,228.1,238.0,2.45,34006.0,324.0,223.0
MHNL,1/14/2024,242.7,260.1,242.7,259.5,9.03,134415.0,324.0,223.0
MHNL,1/16/2024,264.0,278.0,262.1,273.5,5.39,74383.0,324.0,223.0
MHNL,1/17/2024,273.0,273.0,253.0,254.0,-7.13,74322.0,324.0,223.0
MHNL,1/18/2024,249.0,265.0,247.0,260.0,2.36,51736.0,324.0,223.0
MHNL,1/21/2024,260.0,273.9,255.0,259.9,-0.04,83446.0,324.0,223.0
MHNL,1/22/2024,265.0,267.0,256.0,257.0,-1.12,63696.0,324.0,223.0
MHNL,1/23/2024,262.1,270.0,262.0,264.1,2.76,73382.0,324.0,223.0
MHNL,1/24/2024,269.0,273.0,260.0,261.1,-1.14,56587.0,324.0,223.0
MHNL,1/25/2024,266.0,268.0,261.0,264.9,1.46,58218.0,324.0,223.0
MHNL,1/28/2024,269.8,291.0,263.0,286.0,7.97,161463.0,324.0,223.0
MHNL,1/29/2024,291.7,302.0,286.6,287.0,0.35,78904.0,324.0,223.0
MHNL,1/30/2024,292.7,297.0,282.0,288.0,0.35,46919.0,324.0,223.0
MHNL,1/31/2024,293.0,309.0,275.1,280.0,-2.78,105620.0,324.0,223.0
MHNL,2/1/2024,274.5,279.5,265.0,269.9,-3.61,96427.0,324.0,223.0
MHNL,2/4/2024,271.0,273.6,264.0,266.0,-1.44,32634.0,324.0,223.0
MHNL,2/5/2024,271.0,271.0,261.0,268.0,0.75,33813.0,324.0,223.0
MHNL,2/6/2024,269.0,271.0,262.8,270.0,0.75,23231.0,324.0,223.0
MHNL,2/7/2024,275.0,279.2,271.1,279.0,3.33,35476.0,324.0,223.0
MHNL,2/8/2024,274.0,282.4,273.5,281.0,0.72,28813.0,324.0,223.0
MHNL,2/11/2024,283.0,283.0,272.0,273.7,-2.6,23495.0,324.0,223.0
MHNL,2/12/2024,275.0,279.0,272.1,279.0,1.94,23457.0,324.0,223.0
MHNL,2/13/2024,274.0,295.0,268.6,280.0,0.36,85008.0,324.0,223.0
MHNL,2/14/2024,285.6,288.2,274.5,281.0,0.36,40536.0,324.0,223.0
MHNL,2/15/2024,277.0,294.0,277.0,282.1,0.39,91761.0,324.0,223.0
MHNL,2/18/2024,280.0,285.6,272.0,272.6,-3.37,23775.0,324.0,223.0
MHNL,2/20/2024,268.2,277.4,267.0,269.0,-1.32,21664.0,324.0,223.0
MHNL,2/21/2024,274.0,274.0,261.0,262.0,-2.6,25969.0,324.0,223.0
MHNL,2/22/2024,258.4,264.0,251.0,251.0,-4.2,29262.0,324.0,223.0
MHNL,2/25/2024,256.0,259.8,244.1,249.0,-0.8,21305.0,324.0,223.0
MHNL,2/26/2024,249.0,254.0,246.5,254.0,2.01,13246.0,324.0,223.0
MHNL,2/27/2024,250.2,256.0,249.9,253.9,-0.04,13509.0,324.0,223.0
MHNL,2/28/2024,258.0,258.0,246.4,247.0,-2.72,9760.0,324.0,223.0
MHNL,2/29/2024,251.9,251.9,235.0,238.0,-3.64,27436.0,324.0,223.0
MHNL,3/3/2024,233.3,253.5,233.0,237.6,-0.17,18735.0,324.0,223.0
MHNL,3/4/2024,239.0,253.4,239.0,253.4,6.65,80.0,324.0,223.0
MHNL,3/5/2024,253.4,255.0,242.0,244.7,-3.43,39251.0,324.0,223.0
MHNL,3/6/2024,249.4,255.0,241.0,245.0,0.12,26924.0,324.0,223.0
MHNL,3/7/2024,249.5,254.4,245.0,249.8,1.96,9951.0,324.0,223.0
MHNL,3/10/2024,254.0,255.0,248.0,252.0,0.88,18900.0,324.0,223.0
MHNL,3/12/2024,256.9,256.9,249.0,255.5,1.39,18174.0,324.0,223.0
MHNL,3/13/2024,258.0,258.0,250.5,255.5,0.0,16907.0,324.0,223.0
MHNL,3/14/2024,260.6,260.6,251.0,251.0,-1.76,7085.0,324.0,223.0
MHNL,3/17/2024,255.8,255.8,246.8,249.0,-0.8,12576.0,324.0,223.0
MHNL,3/18/2024,252.0,252.0,245.4,246.4,-1.04,6601.0,324.0,223.0
MHNL,3/19/2024,246.4,259.0,241.5,247.0,0.24,10735.0,324.0,223.0
MHNL,3/20/2024,251.8,251.8,240.9,248.4,0.57,4872.0,324.0,223.0
MHNL,3/21/2024,244.2,249.0,239.6,241.0,-2.98,20536.0,324.0,223.0
MHNL,3/25/2024,236.2,242.8,236.2,240.0,-0.41,5501.0,324.0,223.0
MHNL,3/26/2024,243.0,244.0,236.3,242.0,0.83,9365.0,324.0,223.0
MHNL,3/27/2024,242.0,244.5,239.4,239.4,-1.07,3217.0,324.0,223.0
MHNL,3/28/2024,234.8,241.0,234.2,238.1,-0.54,8265.0,324.0,223.0
MHNL,3/31/2024,233.6,247.3,233.6,239.0,0.38,7365.0,324.0,223.0
MHNL,4/1/2024,242.5,242.6,238.0,240.9,0.79,6792.0,324.0,223.0
MHNL,4/2/2024,243.0,245.0,236.5,236.6,-1.78,3613.0,324.0,223.0
MHNL,4/3/2024,236.0,242.0,235.0,238.0,0.59,4150.0,324.0,223.0
MHNL,4/4/2024,242.7,242.7,231.0,235.5,-1.05,11982.0,324.0,223.0
MHNL,4/7/2024,240.0,240.0,230.0,239.9,1.87,10055.0,324.0,223.0
MHNL,4/9/2024,244.6,249.0,235.4,238.9,-0.42,3580.0,324.0,223.0
MHNL,4/10/2024,239.0,239.0,231.0,233.0,-2.47,10379.0,324.0,223.0
MHNL,4/14/2024,237.6,237.6,228.1,228.2,-2.06,6033.0,324.0,223.0
MHNL,4/15/2024,224.1,240.1,224.1,236.9,3.81,12335.0,324.0,223.0
MHNL,4/16/2024,240.6,240.6,230.3,235.0,-0.8,2865.0,324.0,223.0
MHNL,4/18/2024,239.4,239.4,225.5,230.0,-2.13,14605.0,324.0,223.0
MHNL,4/21/2024,233.0,233.0,225.1,231.0,0.43,4822.0,324.0,223.0
MHNL,4/22/2024,235.0,235.0,226.3,229.0,-0.87,6220.0,324.0,223.0
MHNL,4/24/2024,233.5,233.5,224.5,224.5,-1.97,4270.0,324.0,223.0
MHNL,4/25/2024,228.9,231.9,215.7,228.0,1.56,5631.0,324.0,223.0
MHNL,4/28/2024,232.0,232.0,224.0,228.0,0.0,4770.0,324.0,223.0
MHNL,4/29/2024,232.5,237.0,224.0,230.0,0.88,7173.0,324.0,223.0
MHNL,4/30/2024,233.7,234.5,220.9,233.0,1.3,17338.0,324.0,223.0
MHNL,5/2/2024,234.0,237.0,230.0,233.9,0.39,14169.0,324.0,223.0
MHNL,5/5/2024,229.3,233.8,226.0,229.0,-2.09,4671.0,324.0,223.0
MHNL,5/6/2024,230.0,248.5,222.4,248.5,8.52,18265.0,324.0,223.0
MHNL,5/7/2024,244.0,244.0,231.0,234.0,-5.84,15721.0,324.0,223.0
MHNL,5/8/2024,238.6,238.6,228.0,230.0,-1.71,1346.0,324.0,223.0
MHNL,5/9/2024,226.0,234.0,225.0,228.0,-0.87,6628.0,324.0,223.0
MHNL,5/12/2024,232.5,232.5,221.5,228.0,0.0,16110.0,324.0,223.0
MHNL,5/13/2024,232.5,237.1,224.0,228.0,0.0,1452.0,324.0,223.0
MHNL,5/14/2024,232.5,237.0,226.0,237.0,3.95,19994.0,324.0,223.0
MHNL,5/15/2024,240.9,241.0,228.6,230.0,-2.95,10313.0,324.0,223.0
MHNL,5/16/2024,225.5,234.6,225.4,226.0,-1.74,8476.0,324.0,223.0
MHNL,5/19/2024,230.5,244.0,225.0,244.0,7.96,14352.0,324.0,223.0
MHNL,5/20/2024,239.2,239.2,231.2,235.9,-3.32,17890.0,324.0,223.0
MHNL,5/21/2024,231.3,257.0,231.3,251.9,6.78,34435.0,324.0,223.0
MHNL,5/22/2024,256.0,256.0,240.3,241.1,-4.29,20630.0,324.0,223.0
MHNL,5/26/2024,245.9,245.9,233.1,235.0,-2.53,7093.0,324.0,223.0
MHNL,5/27/2024,236.0,238.0,232.0,233.0,-0.85,11581.0,324.0,223.0
MHNL,5/29/2024,237.6,252.0,230.0,230.0,-1.29,17595.0,324.0,223.0
MHNL,5/30/2024,229.0,236.0,226.1,230.9,0.39,7225.0,324.0,223.0
MHNL,6/2/2024,230.0,253.9,228.0,237.0,2.64,11413.0,324.0,223.0
MHNL,6/3/2024,232.3,241.0,232.3,233.0,-1.69,6770.0,324.0,223.0
MHNL,6/4/2024,230.2,234.8,230.1,234.8,0.77,2725.0,324.0,223.0
MHNL,6/5/2024,230.2,235.0,228.1,233.5,-0.55,6744.0,324.0,223.0
MHNL,6/6/2024,238.1,238.1,227.0,229.0,-1.93,8090.0,324.0,223.0
MHNL,6/9/2024,226.0,247.6,226.0,246.0,7.42,12998.0,324.0,223.0
MHNL,6/10/2024,250.9,261.0,226.9,261.0,6.1,43985.0,324.0,223.0
MHNL,6/11/2024,257.1,271.5,240.9,257.0,-1.53,80230.0,324.0,223.0
MHNL,6/12/2024,251.9,272.0,243.0,255.0,-0.78,32554.0,324.0,223.0
MHNL,6/13/2024,260.1,270.0,241.0,265.0,3.92,63680.0,324.0,223.0
MHNL,6/16/2024,270.3,270.3,244.7,253.0,-4.53,40310.0,324.0,223.0
MHNL,6/18/2024,248.0,248.0,243.1,246.0,-2.77,21676.0,324.0,223.0
MHNL,6/19/2024,241.5,248.9,241.5,247.9,0.77,2773.0,324.0,223.0
MHNL,6/20/2024,243.0,257.8,235.3,240.0,-3.19,36775.0,324.0,223.0
MHNL,6/23/2024,235.5,244.8,235.5,238.0,-0.83,12643.0,324.0,223.0
MHNL,6/24/2024,235.0,241.0,233.3,238.0,0.0,12091.0,324.0,223.0
MHNL,6/25/2024,234.2,258.0,234.2,248.9,4.58,45686.0,324.0,223.0
MHNL,6/26/2024,244.0,245.5,237.2,240.9,-3.21,14484.0,324.0,223.0
MHNL,6/27/2024,236.1,250.0,236.1,250.0,3.78,16187.0,324.0,223.0
MHNL,6/30/2024,245.0,249.9,235.3,237.0,-5.2,19909.0,324.0,223.0
MHNL,7/1/2024,235.0,245.8,235.0,240.0,1.27,2410.0,324.0,223.0
MHNL,7/2/2024,244.8,259.0,236.0,241.0,0.42,23611.0,324.0,223.0
MHNL,7/3/2024,240.0,244.9,236.5,237.2,-1.58,7859.0,324.0,223.0
MHNL,7/4/2024,241.0,244.7,238.1,239.0,0.76,9724.0,324.0,223.0
MHNL,7/7/2024,240.0,243.7,236.0,237.1,-0.79,14390.0,324.0,223.0
MHNL,7/8/2024,240.0,241.0,235.5,235.7,-0.59,9112.0,324.0,223.0
MHNL,7/9/2024,235.0,237.8,234.6,235.6,-0.04,4105.0,324.0,223.0
MHNL,7/10/2024,237.0,240.6,235.4,236.1,0.21,15135.0,324.0,223.0
MHNL,7/11/2024,240.0,257.0,237.0,249.0,5.46,60133.0,324.0,223.0
MHNL,7/14/2024,253.9,264.0,250.0,254.6,2.25,26840.0,324.0,223.0
MHNL,7/15/2024,255.0,259.0,246.3,249.0,-2.2,32246.0,324.0,223.0
MHNL,7/16/2024,253.0,262.0,245.1,260.0,4.42,74564.0,324.0,223.0
MHNL,7/17/2024,263.9,284.5,260.0,268.0,3.08,90118.0,324.0,223.0
MHNL,7/18/2024,269.0,270.5,261.7,263.0,-1.87,57739.0,324.0,223.0
MHNL,7/21/2024,264.0,279.9,261.1,279.9,6.43,113550.0,324.0,223.0
MHNL,7/22/2024,284.0,288.0,265.0,282.9,1.07,88625.0,324.0,223.0
MHNL,7/23/2024,278.0,298.8,274.0,284.5,0.57,74475.0,324.0,223.0
MHNL,7/24/2024,290.0,297.5,278.0,285.0,0.18,125490.0,324.0,223.0
MHNL,7/25/2024,290.0,290.0,276.1,278.0,-2.46,60919.0,324.0,223.0
MHNL,7/28/2024,283.5,293.7,274.5,282.0,1.44,92124.0,324.0,223.0
MHNL,7/29/2024,287.0,287.0,276.0,277.0,-1.77,47754.0,324.0,223.0
MHNL,7/30/2024,273.1,290.0,272.0,284.0,2.53,69755.0,324.0,223.0
MHNL,7/31/2024,289.0,304.0,283.5,293.9,3.49,143857.0,324.0,223.0
MHNL,8/1/2024,292.0,303.0,282.5,284.9,-3.06,71045.0,324.0,223.0
MHNL,8/5/2024,289.0,313.3,286.2,313.3,9.97,219555.0,324.0,223.0
MHNL,8/6/2024,319.5,331.0,294.0,300.0,-4.25,250508.0,324.0,223.0
MHNL,8/7/2024,300.0,314.0,295.0,310.0,3.33,102128.0,324.0,223.0
MHNL,8/8/2024,315.0,324.9,305.0,309.0,-0.32,140295.0,324.0,223.0
MHNL,8/11/2024,311.0,330.0,307.0,325.0,5.18,152246.0,324.0,223.0
MHNL,8/12/2024,325.0,339.0,325.0,330.3,1.63,181190.0,324.0,223.0
MHNL,8/13/2024,329.0,336.9,319.1,326.0,-1.3,85195.0,324.0,223.0
MHNL,8/14/2024,320.0,358.6,318.0,358.6,10.0,168330.0,324.0,223.0
MHNL,8/15/2024,351.5,379.0,350.0,360.0,0.39,175404.0,324.0,223.0
MHNL,8/18/2024,366.9,366.9,333.0,337.0,-6.39,121024.0,324.0,223.0
MHNL,8/21/2024,335.0,347.0,325.0,328.0,-2.67,78000.0,324.0,223.0
MHNL,8/22/2024,328.0,345.0,321.5,330.0,0.61,70481.0,324.0,223.0
MHNL,8/25/2024,327.0,336.0,310.0,315.0,-4.55,63650.0,324.0,223.0
MHNL,8/27/2024,314.0,320.0,301.0,301.0,-4.44,69254.0,324.0,223.0
MHNL,8/28/2024,307.0,316.2,295.0,297.2,-1.26,36277.0,324.0,223.0
MHNL,8/29/2024,292.0,303.7,292.0,298.0,0.27,37894.0,324.0,223.0
MHNL,9/1/2024,303.0,310.0,295.0,299.0,0.34,45262.0,324.0,223.0
MHNL,9/2/2024,304.9,321.0,301.0,318.0,6.35,59202.0,324.0,223.0
MHNL,9/3/2024,319.0,320.0,308.9,315.0,-0.94,54455.0,324.0,223.0
MHNL,9/4/2024,315.0,315.0,298.0,302.9,-3.84,25962.0,324.0,223.0
MHNL,9/5/2024,306.0,306.0,282.2,295.0,-2.61,35152.0,324.0,223.0
MHNL,9/8/2024,300.0,312.1,290.0,290.0,-1.69,34561.0,324.0,223.0
MHNL,9/9/2024,295.8,303.0,281.0,281.0,-3.1,36667.0,324.0,223.0
MHNL,9/10/2024,286.6,293.0,280.0,285.0,1.42,29931.0,324.0,223.0
MHNL,9/11/2024,290.7,296.0,278.0,280.0,-1.75,10804.0,324.0,223.0
MHNL,9/12/2024,278.0,292.0,278.0,292.0,4.29,25922.0,324.0,223.0
MHNL,9/15/2024,297.8,302.0,280.1,282.0,-3.42,21047.0,324.0,223.0
MHNL,9/16/2024,285.0,285.0,271.0,278.1,-1.38,19250.0,324.0,223.0
MHNL,9/18/2024,280.0,280.0,265.0,272.9,-1.87,25104.0,324.0,223.0
MHNL,9/22/2024,278.0,282.9,268.0,274.0,0.4,9585.0,324.0,223.0
MHNL,9/23/2024,279.0,279.4,262.0,266.9,-2.59,15286.0,324.0,223.0
MHNL,9/24/2024,262.6,272.0,257.8,257.8,-3.41,19421.0,324.0,223.0
MHNL,9/25/2024,260.0,266.8,255.0,264.0,2.4,14899.0,324.0,223.0
MHNL,9/26/2024,269.2,271.5,257.0,262.0,-0.76,9932.0,324.0,223.0
MHNL,9/29/2024,256.8,265.0,239.0,243.1,-7.21,49148.0,324.0,223.0
MHNL,9/30/2024,238.3,246.0,234.0,243.0,-0.04,17260.0,324.0,223.0
MHNL,10/1/2024,246.0,262.0,245.0,262.0,7.82,15744.0,324.0,223.0
MHNL,10/2/2024,262.3,265.0,250.0,260.0,-0.76,18278.0,324.0,223.0
MHNL,10/6/2024,259.0,269.9,256.0,267.0,2.69,11459.0,324.0,223.0
MHNL,10/7/2024,272.0,289.0,268.0,275.0,3.0,21824.0,324.0,223.0
MHNL,10/8/2024,270.1,280.4,253.0,270.0,-1.82,8019.0,324.0,223.0
MHNL,10/9/2024,265.0,275.0,265.0,273.0,1.11,2265.0,324.0,223.0
MHNL,10/15/2024,273.0,278.0,269.0,277.0,1.47,9401.0,324.0,223.0
MHNL,10/16/2024,281.0,286.9,276.9,282.0,1.81,6282.0,324.0,223.0
MHNL,10/17/2024,287.5,287.6,275.0,275.1,-2.45,10156.0,324.0,223.0
MHNL,10/20/2024,273.0,274.9,261.0,264.8,-3.74,14031.0,324.0,223.0
MHNL,10/21/2024,260.2,270.0,258.5,261.0,-1.44,13070.0,324.0,223.0
MHNL,10/22/2024,257.0,275.0,257.0,266.0,1.92,5509.0,324.0,223.0
MHNL,10/23/2024,271.3,276.7,262.0,265.5,-0.19,5342.0,324.0,223.0
MHNL,10/24/2024,260.2,265.4,260.0,263.0,-0.94,6613.0,324.0,223.0
MHNL,10/27/2024,259.0,266.2,258.6,263.0,0.0,4710.0,324.0,223.0
MHNL,10/28/2024,268.0,268.0,262.0,264.0,0.38,10112.0,324.0,223.0
MHNL,10/29/2024,269.0,277.0,269.0,270.0,2.27,28739.0,324.0,223.0
MHNL,10/30/2024,275.0,276.0,270.0,274.0,1.48,11743.0,324.0,223.0
MHNL,11/5/2024,268.6,270.0,260.0,269.7,-1.57,16424.0,324.0,223.0
MHNL,11/6/2024,264.4,269.1,262.9,269.1,-0.22,9555.0,324.0,223.0
MHNL,11/10/2024,271.0,296.0,271.0,293.0,8.88,41062.0,324.0,223.0
MHNL,11/11/2024,294.0,297.0,283.3,286.0,-2.39,26954.0,324.0,223.0
MHNL,11/12/2024,291.7,291.7,278.0,286.0,0.0,19473.0,324.0,223.0
MHNL,11/13/2024,283.4,303.0,283.4,296.0,3.5,37966.0,324.0,223.0
MHNL,11/14/2024,291.0,301.9,291.0,300.0,1.35,58674.0,324.0,223.0
MHNL,11/17/2024,306.0,306.0,289.1,294.0,-2.0,43417.0,324.0,223.0
MHNL,11/19/2024,290.0,294.8,272.9,278.9,-5.14,29972.0,324.0,223.0
MHNL,11/20/2024,284.4,290.0,271.0,283.0,1.47,25489.0,324.0,223.0
MHNL,11/21/2024,288.3,288.3,267.0,274.0,-3.18,36303.0,324.0,223.0
MHNL,11/24/2024,268.6,279.4,267.1,270.0,-1.46,17323.0,324.0,223.0
MHNL,11/25/2024,275.4,275.4,254.8,273.5,1.3,8909.0,324.0,223.0
MHNL,11/26/2024,278.7,279.0,270.0,275.0,0.55,23110.0,324.0,223.0
MHNL,11/27/2024,280.5,299.0,275.0,294.0,6.91,96867.0,324.0,223.0
MHNL,11/28/2024,294.0,297.0,284.0,288.0,-2.04,21035.0,324.0,223.0
MHNL,12/1/2024,284.0,285.0,273.0,285.0,-1.04,40350.0,324.0,223.0
MHNL,12/2/2024,288.6,298.0,280.1,289.0,1.4,42798.0,324.0,223.0
MHNL,12/3/2024,294.7,300.5,290.4,296.0,2.42,75125.0,324.0,223.0
MHNL,12/4/2024,300.0,304.8,291.2,291.2,-1.62,53311.0,324.0,223.0
MHNL,12/5/2024,286.0,292.0,281.0,281.8,-3.23,24627.0,324.0,223.0
MHNL,12/8/2024,287.0,295.6,276.0,276.0,-2.06,21229.0,324.0,223.0
MHNL,12/9/2024,276.0,284.0,275.0,282.0,2.17,21293.0,324.0,223.0
MHNL,12/10/2024,287.6,287.6,272.6,278.0,-1.42,17790.0,324.0,223.0
MHNL,12/11/2024,283.5,284.0,272.5,282.0,1.44,10464.0,324.0,223.0
MHNL,12/12/2024,287.6,287.6,274.6,274.6,-2.62,17867.0,324.0,223.0
MHNL,12/16/2024,269.5,275.0,266.2,270.0,-1.68,20021.0,324.0,223.0
MHNL,12/17/2024,272.0,275.4,268.0,272.0,0.74,11301.0,324.0,223.0
MHNL,12/18/2024,271.0,275.0,266.6,266.8,-1.91,9293.0,324.0,223.0
MHNL,12/19/2024,265.0,270.0,260.0,264.0,-1.05,14882.0,324.0,223.0
MHNL,12/22/2024,263.8,270.3,256.0,269.9,2.23,13637.0,324.0,223.0
MHNL,12/23/2024,264.6,274.0,264.6,272.5,0.96,11612.0,324.0,223.0
MHNL,12/24/2024,275.9,275.9,261.1,266.0,-2.39,16995.0,324.0,223.0
MHNL,12/26/2024,262.5,269.9,261.1,264.0,-0.75,11962.0,324.0,223.0
MHNL,12/29/2024,260.0,267.0,258.8,260.0,-1.52,12658.0,324.0,223.0
MHNL,12/31/2024,255.1,259.0,245.0,249.0,-4.23,25943.0,324.0,223.0
MHNL,1/1/2025,250.0,257.0,245.0,248.5,-0.2,11603.0,324.0,223.0
MHNL,1/2/2025,246.1,252.0,243.0,245.0,-1.41,33025.0,324.0,223.0
MHNL,1/5/2025,247.5,248.0,240.0,245.8,0.33,42228.0,324.0,223.0
MHNL,1/6/2025,242.4,265.0,242.4,259.0,5.37,25203.0,324.0,223.0
MHNL,1/7/2025,264.0,265.0,255.0,258.0,-0.39,13573.0,324.0,223.0
MHNL,1/8/2025,263.0,263.0,251.1,254.0,-1.55,21308.0,324.0,223.0
MHNL,1/9/2025,258.9,264.0,246.1,261.0,2.76,41845.0,324.0,223.0
MHNL,1/12/2025,264.0,264.0,255.0,256.0,-1.92,14875.0,324.0,223.0
MHNL,1/13/2025,255.0,257.0,249.0,254.0,-0.78,16930.0,324.0,223.0
MHNL,1/15/2025,249.0,258.0,246.0,255.9,0.75,13767.0,324.0,223.0
MHNL,1/16/2025,255.0,255.0,250.0,252.0,-1.52,9912.0,324.0,223.0
MHNL,1/19/2025,252.0,256.0,250.5,253.0,0.4,19255.0,324.0,223.0
MHNL,1/20/2025,258.0,266.8,253.0,262.1,3.6,22775.0,324.0,223.0
MHNL,1/21/2025,267.0,267.0,258.0,259.9,-0.84,10940.0,324.0,223.0
MHNL,1/22/2025,259.0,275.4,259.0,264.2,1.65,31790.0,324.0,223.0
MHNL,1/23/2025,267.5,273.0,265.0,265.5,0.49,40376.0,324.0,223.0
MHNL,1/26/2025,269.9,269.9,261.1,266.0,0.19,18537.0,324.0,223.0
MHNL,1/27/2025,263.0,278.0,263.0,270.0,1.5,18877.0,324.0,223.0
MHNL,1/28/2025,273.0,285.0,265.0,281.9,4.41,64023.0,324.0,223.0
MHNL,2/2/2025,281.9,290.0,281.9,284.0,0.74,60173.0,324.0,223.0
MHNL,2/3/2025,289.6,289.6,276.0,277.0,-2.46,33994.0,324.0,223.0
MHNL,2/4/2025,282.0,282.0,276.0,277.0,0.0,20430.0,324.0,223.0
MHNL,2/5/2025,277.0,292.8,275.3,285.0,2.89,40964.0,324.0,223.0
MHNL,2/6/2025,281.2,290.7,280.0,284.0,-0.35,34085.0,324.0,223.0
MHNL,2/9/2025,285.2,286.9,280.6,280.7,-1.16,29927.0,324.0,223.0
MHNL,2/10/2025,280.7,281.3,270.0,277.4,-1.18,22576.0,324.0,223.0
MHNL,2/11/2025,272.1,277.9,270.4,272.6,-1.73,14665.0,324.0,223.0
MHNL,2/12/2025,271.3,281.0,271.0,277.0,1.61,36076.0,324.0,223.0
MHNL,2/13/2025,282.0,282.4,273.0,273.5,-1.26,11442.0,324.0,223.0
MHNL,2/16/2025,272.3,277.6,270.3,274.0,0.18,26295.0,324.0,223.0
MHNL,2/17/2025,278.9,278.9,270.0,272.0,-0.73,21849.0,324.0,223.0
MHNL,2/18/2025,277.0,293.0,269.0,271.0,-0.37,19062.0,324.0,223.0
MHNL,2/20/2025,270.0,275.0,266.2,266.6,-1.62,23301.0,324.0,223.0
MHNL,2/23/2025,262.0,270.0,260.0,265.0,-0.6,42515.0,324.0,223.0
MHNL,2/24/2025,270.3,274.0,262.1,266.0,0.38,16126.0,324.0,223.0
MHNL,2/25/2025,264.0,271.3,264.0,266.9,0.34,15695.0,324.0,223.0
MHNL,2/27/2025,272.0,281.0,266.1,278.5,4.35,29557.0,324.0,223.0
MHNL,3/2/2025,280.0,285.3,278.0,285.0,2.33,37981.0,324.0,223.0
MHNL,3/3/2025,285.0,290.0,280.0,280.0,-1.75,22090.0,324.0,223.0
MHNL,3/4/2025,280.0,295.0,280.0,280.2,0.07,33500.0,324.0,223.0
MHNL,3/5/2025,285.0,308.2,282.0,304.9,8.82,212335.0,324.0,223.0
MHNL,3/6/2025,305.0,316.0,295.1,299.0,-1.94,119196.0,324.0,223.0
MHNL,3/9/2025,294.5,300.0,286.0,286.0,-4.35,52571.0,324.0,223.0
MHNL,3/10/2025,290.0,296.0,275.5,280.0,-2.1,36477.0,324.0,223.0
MHNL,3/11/2025,280.0,283.9,274.0,279.7,-0.11,40304.0,324.0,223.0
MHNL,3/12/2025,282.0,282.0,269.2,278.8,-0.32,27211.0,324.0,223.0
MHNL,3/16/2025,284.0,284.0,263.8,265.2,-4.88,50890.0,324.0,223.0
MHNL,3/17/2025,269.9,273.0,265.0,267.0,0.68,27913.0,324.0,223.0
MHNL,3/18/2025,272.3,274.7,264.0,274.0,2.62,15795.0,324.0,223.0
MHNL,3/19/2025,275.0,275.0,266.0,269.9,-1.5,12853.0,324.0,223.0
MHNL,3/20/2025,275.1,275.1,265.0,266.14,-1.39,14786.0,324.0,223.0
MHNL,3/23/2025,271.3,271.4,258.0,259.49,-2.5,19034.0,324.0,223.0
MHNL,3/24/2025,258.0,265.2,255.3,264.07,1.77,12502.0,324.0,223.0
MHNL,3/25/2025,259.1,261.0,250.0,250.62,-5.09,26460.0,324.0,223.0
MHNL,3/26/2025,251.0,267.0,250.4,265.29,5.85,19289.0,324.0,223.0
MHNL,3/27/2025,270.0,274.7,262.8,265.67,0.14,14065.0,324.0,223.0
MHNL,3/30/2025,261.0,275.0,261.0,271.34,2.13,32591.0,324.0,223.0
MHNL,4/1/2025,274.9,274.9,261.0,263.81,-2.78,17883.0,324.0,223.0
MHNL,4/2/2025,267.0,271.7,262.0,266.32,0.95,11653.0,324.0,223.0
MHNL,4/3/2025,265.0,271.8,261.1,262.38,-1.48,29656.0,324.0,223.0
MHNL,4/7/2025,267.6,272.8,258.0,259.12,-1.24,4592.0,324.0,223.0
MHNL,4/8/2025,263.1,263.1,251.7,255.4,-1.44,15320.0,324.0,223.0
MHNL,4/9/2025,260.0,264.9,255.0,256.25,0.33,18150.0,324.0,223.0
MHNL,4/10/2025,261.0,262.0,253.6,255.77,-0.19,27830.0,324.0,223.0
MHNL,4/13/2025,253.5,260.8,253.5,258.16,0.93,10228.0,324.0,223.0
MHNL,4/15/2025,262.9,270.0,253.5,268.63,4.06,15502.0,324.0,223.0
MHNL,4/16/2025,268.0,273.3,260.0,271.06,0.9,24301.0,324.0,223.0
MHNL,4/17/2025,265.7,282.8,265.7,277.86,2.51,45874.0,324.0,223.0
MHNL,4/20/2025,277.8,278.9,268.0,269.61,-2.97,9959.0,324.0,223.0
MHNL,4/21/2025,266.0,280.0,266.0,272.07,0.91,37391.0,324.0,223.0
MHNL,4/22/2025,277.0,279.9,270.1,271.48,-0.22,12727.0,324.0,223.0
MHNL,4/23/2025,266.4,280.5,265.1,275.27,1.4,21062.0,324.0,223.0
MHNL,4/24/2025,275.0,275.0,267.2,270.48,-1.74,17113.0,324.0,223.0
MHNL,4/27/2025,265.6,279.0,265.6,272.08,0.59,40825.0,324.0,223.0
MHNL,4/28/2025,266.7,287.0,266.7,269.51,-0.94,21978.0,324.0,223.0
MHNL,4/29/2025,270.0,270.3,264.0,266.64,-1.06,23689.0,324.0,223.0
MHNL,4/30/2025,263.0,275.0,263.0,267.3,0.25,22330.0,324.0,223.0
MHNL,5/4/2025,268.1,274.0,266.6,270.2,1.08,14787.0,324.0,223.0
MHNL,5/5/2025,264.8,272.4,264.0,264.95,-1.94,17726.0,324.0,223.0
MHNL,5/6/2025,259.8,269.9,259.8,264.64,-0.12,20498.0,324.0,223.0
MHNL,5/7/2025,269.0,275.0,265.1,273.02,3.17,19310.0,324.0,223.0
MHNL,5/8/2025,273.0,285.0,270.0,277.87,1.78,61606.0,324.0,223.0
MHNL,5/11/2025,273.1,287.5,273.0,273.45,-1.59,23023.0,324.0,223.0
MHNL,5/13/2025,270.1,270.1,265.0,268.0,-1.99,23056.0,324.0,223.0
MHNL,5/14/2025,269.0,269.0,261.1,263.71,-1.6,16471.0,324.0,223.0
MHNL,5/15/2025,260.1,265.0,260.0,261.76,-0.74,23138.0,324.0,223.0
MHNL,5/18/2025,262.0,266.0,256.7,258.27,-1.33,14839.0,324.0,223.0
MHNL,5/19/2025,260.0,263.1,254.0,257.32,-0.37,20550.0,324.0,223.0
MHNL,5/20/2025,259.7,264.8,254.7,264.07,2.62,26420.0,324.0,223.0
MHNL,5/21/2025,269.3,272.0,258.0,260.82,-1.23,23020.0,324.0,223.0
MHNL,5/22/2025,266.0,267.0,258.0,259.43,-0.53,12929.0,324.0,223.0
MHNL,5/25/2025,260.5,262.0,255.0,256.51,-1.13,18432.0,324.0,223.0
MHNL,5/26/2025,261.6,266.8,256.0,259.73,1.26,12950.0,324.0,223.0
MHNL,5/27/2025,255.1,260.0,252.5,254.1,-2.17,22034.0,324.0,223.0
MHNL,5/28/2025,259.0,259.0,254.0,254.38,0.11,12813.0,324.0,223.0
MHNL,6/2/2025,259.4,269.6,255.5,261.43,2.77,20309.0,324.0,223.0
MHNL,6/3/2025,266.6,266.6,256.0,256.69,-1.81,9069.0,324.0,223.0
MHNL,6/4/2025,261.8,261.8,254.0,258.82,0.83,14299.0,324.0,223.0
MHNL,6/5/2025,262.3,262.9,251.1,255.06,-1.45,14922.0,324.0,223.0
MHNL,6/8/2025,252.2,257.2,252.2,253.03,-0.8,11323.0,324.0,223.0
MHNL,6/9/2025,250.1,259.0,250.1,257.96,1.95,19923.0,324.0,223.0
MHNL,6/10/2025,257.9,263.0,255.1,256.83,-0.44,24646.0,324.0,223.0
MHNL,6/11/2025,261.0,277.8,252.1,265.83,3.5,97065.0,324.0,223.0
MHNL,6/12/2025,271.0,274.5,259.4,264.38,-0.55,28892.0,324.0,223.0
MHNL,6/15/2025,269.5,279.4,257.0,258.08,-2.38,40772.0,324.0,223.0
MHNL,6/16/2025,263.2,270.0,258.8,262.18,1.59,32462.0,324.0,223.0
MHNL,6/17/2025,257.5,266.9,252.4,257.53,-1.77,18244.0,324.0,223.0
MHNL,6/18/2025,253.1,260.8,253.0,257.83,0.12,53586.0,324.0,223.0
MHNL,6/19/2025,252.7,274.5,252.7,265.65,3.03,111385.0,324.0,223.0
MHNL,6/22/2025,265.0,270.0,257.0,257.34,-3.13,32505.0,324.0,223.0
MHNL,6/23/2025,255.0,267.6,255.0,258.36,0.4,52749.0,324.0,223.0
MHNL,6/24/2025,263.5,269.3,258.1,265.02,2.58,38852.0,324.0,223.0
MHNL,6/25/2025,266.0,290.0,261.0,283.93,7.14,131039.0,324.0,223.0
MHNL,6/26/2025,287.0,294.0,275.0,280.79,-1.11,140301.0,324.0,223.0
MHNL,6/29/2025,282.0,292.9,271.1,285.2,1.57,65456.0,324.0,223.0
MHNL,6/30/2025,281.0,290.0,278.0,286.95,0.61,75273.0,324.0,223.0
MHNL,7/1/2025,282.1,298.0,282.1,295.73,3.06,125361.0,324.0,223.0
MHNL,7/2/2025,296.0,298.8,289.0,291.03,-1.59,99559.0,324.0,223.0
MHNL,7/3/2025,292.0,296.0,282.0,283.5,-2.59,72613.0,324.0,223.0
MHNL,7/6/2025,278.0,289.1,278.0,283.2,-0.11,56847.0,324.0,223.0
MHNL,7/7/2025,278.1,287.0,267.2,271.78,-4.03,69105.0,324.0,223.0
MHNL,7/8/2025,267.0,277.0,267.0,275.4,1.33,26055.0,324.0,223.0
MHNL,7/9/2025,275.4,278.0,271.0,274.28,-0.41,35364.0,324.0,223.0
MHNL,7/10/2025,279.7,280.5,269.1,270.26,-1.47,26273.0,324.0,223.0
MHNL,7/13/2025,275.6,277.0,261.0,262.23,-2.97,68756.0,324.0,223.0
MHNL,7/14/2025,265.0,274.0,260.0,267.7,2.09,27465.0,324.0,223.0
MHNL,7/15/2025,267.0,272.7,265.0,265.92,-0.66,30531.0,324.0,223.0
MHNL,7/16/2025,271.2,275.9,263.3,264.87,-0.39,29393.0,324.0,223.0
MHNL,7/17/2025,260.0,285.0,260.0,284.16,7.28,87139.0,324.0,223.0
MHNL,7/20/2025,285.0,293.6,278.6,282.25,-0.67,94102.0,324.0,223.0
MHNL,7/21/2025,277.1,295.7,277.1,291.57,3.3,109610.0,324.0,223.0
MHNL,7/22/2025,288.1,300.0,288.1,290.27,-0.45,65131.0,324.0,223.0
MHNL,7/23/2025,291.0,293.8,283.5,286.31,-1.36,55822.0,324.0,223.0
MHNL,7/24/2025,280.7,302.9,280.7,292.03,2.0,83168.0,324.0,223.0
MHNL,7/27/2025,287.1,295.0,282.0,284.35,-2.63,82086.0,324.0,223.0
MHNL,7/28/2025,280.2,289.4,279.4,286.57,0.78,62893.0,324.0,223.0
MHNL,7/29/2025,281.0,298.0,281.0,287.89,0.46,55893.0,324.0,223.0
MHNL,7/30/2025,291.0,291.0,277.0,278.62,-3.22,84355.0,324.0,223.0
MHNL,7/31/2025,282.9,282.9,269.0,269.84,-3.15,55047.0,324.0,223.0
MHNL,8/3/2025,270.0,274.0,267.0,268.02,-0.67,27954.0,324.0,223.0
MHNL,8/4/2025,272.7,278.7,267.2,270.25,0.83,22694.0,324.0,223.0
MHNL,8/5/2025,265.1,274.0,265.1,266.11,-1.53,28298.0,324.0,223.0
MHNL,8/6/2025,271.0,276.0,263.7,267.96,0.7,31962.0,324.0,223.0
MHNL,8/7/2025,269.9,272.4,265.6,270.04,0.78,18635.0,324.0,223.0
MHNL,8/11/2025,275.0,275.0,264.0,265.07,-1.84,21632.0,324.0,223.0
MHNL,8/12/2025,263.1,270.3,262.7,263.55,-0.57,21191.0,324.0,223.0
MHNL,8/13/2025,261.1,268.0,260.6,266.92,1.28,13927.0,324.0,223.0
MHNL,8/14/2025,265.0,270.0,262.0,266.35,-0.21,16460.0,324.0,223.0
MHNL,8/17/2025,270.0,274.9,262.0,263.11,-1.22,34483.0,324.0,223.0
MHNL,8/18/2025,260.1,270.0,260.1,267.69,1.74,14684.0,324.0,223.0
MHNL,8/19/2025,263.0,273.0,263.0,271.84,1.55,37640.0,324.0,223.0
MHNL,8/20/2025,277.2,277.2,264.0,273.54,0.63,19046.0,324.0,223.0
MHNL,8/21/2025,269.0,272.8,266.8,271.31,-0.82,14626.0,324.0,223.0
MHNL,8/24/2025,266.1,274.9,264.0,266.27,-1.86,16615.0,324.0,223.0
MHNL,8/25/2025,263.1,276.0,263.1,271.87,2.1,12154.0,324.0,223.0
MHNL,8/26/2025,277.2,282.0,266.1,270.76,-0.41,14810.0,324.0,223.0
MHNL,8/27/2025,266.0,273.3,266.0,271.81,0.39,35323.0,324.0,223.0
MHNL,8/28/2025,267.0,271.9,255.0,263.13,-3.19,72466.0,324.0,223.0
MHNL,8/31/2025,264.0,265.0,254.0,257.19,-2.26,25872.0,324.0,223.0
MHNL,9/1/2025,253.1,267.0,250.5,257.41,0.09,28159.0,324.0,223.0
MHNL,9/2/2025,258.1,259.1,250.1,255.7,-0.66,18893.0,324.0,223.0
MHNL,9/3/2025,250.8,255.0,248.0,249.55,-2.41,12257.0,324.0,223.0
MHNL,9/4/2025,246.2,253.9,244.2,249.19,-0.14,18379.0,324.0,223.0
MHNL,9/7/2025,246.1,250.0,245.0,245.92,-1.31,16007.0,324.0,223.0
MHNL,9/8/2025,242.5,250.8,242.3,245.13,-0.32,19219.0,324.0,223.0
MHNL,9/18/2025,245.0,245.0,235.3,235.3,-4.01,305.0,324.0,223.0
MHNL,9/21/2025,235.0,255.0,234.0,250.21,6.34,36838.0,324.0,223.0
MHNL,9/23/2025,245.5,255.0,245.5,254.9,1.87,16837.0,324.0,223.0
MHNL,9/24/2025,258.9,258.9,245.1,253.8,-0.43,6284.0,324.0,223.0
MHNL,9/25/2025,253.0,253.7,245.6,246.5,-2.88,16730.0,324.0,223.0
MHNL,9/28/2025,246.6,251.2,246.5,250.0,1.42,8346.0,324.0,223.0
MHNL,10/7/2025,251.0,253.0,243.2,243.2,-2.72,5010.0,324.0,223.0
MHNL,10/8/2025,247.0,256.9,239.1,243.1,-0.04,11327.0,324.0,223.0
MHNL,10/9/2025,247.9,259.7,240.0,249.0,2.43,17546.0,324.0,223.0
MHNL,10/12/2025,244.1,248.5,231.4,238.9,-4.06,21972.0,324.0,223.0
MHNL,10/13/2025,235.1,245.6,232.1,245.6,2.8,9879.0,324.0,223.0
MHNL,10/14/2025,241.0,242.0,237.1,240.0,-2.28,6224.0,324.0,223.0
MHNL,10/15/2025,235.2,241.0,232.0,241.0,0.42,12216.0,324.0,223.0
MHNL,10/16/2025,236.3,239.9,232.3,239.0,-0.83,7519.0,324.0,223.0
MHNL,10/19/2025,234.3,243.0,226.0,238.9,-0.04,4987.0,324.0,223.0
MHNL,10/26/2025,235.0,236.0,226.2,236.0,-1.21,4724.0,324.0,223.0
MHNL,10/28/2025,236.5,243.0,228.0,243.0,2.97,11120.0,324.0,223.0
MHNL,10/29/2025,241.0,244.5,236.2,244.5,0.62,23218.0,324.0,223.0
MHNL,10/30/2025,239.7,249.0,238.1,247.5,1.23,17774.0,324.0,223.0
MHNL,11/2/2025,248.0,253.3,243.0,253.3,2.34,17602.0,324.0,223.0
MHNL,11/3/2025,249.0,253.3,241.0,252.8,-0.2,6644.0,324.0,223.0
MHNL,11/4/2025,257.8,257.8,242.0,247.7,-2.02,12340.0,324.0,223.0
MHNL,11/5/2025,242.9,252.0,239.3,246.0,-0.69,5266.0,324.0,223.0
MHNL,11/6/2025,250.9,250.9,241.2,247.4,0.57,9523.0,324.0,223.0
MHNL,11/9/2025,242.6,247.4,237.0,243.9,-1.41,13840.0,324.0,223.0
MHNL,11/10/2025,239.1,247.4,235.7,240.0,-1.6,8061.0,324.0,223.0
MHNL,11/11/2025,236.3,241.0,236.0,240.3,0.12,6466.0,324.0,223.0
MHNL,11/12/2025,236.4,240.0,236.4,240.0,-0.12,5532.0,324.0,223.0
MHNL,11/13/2025,235.2,240.0,235.2,240.0,0.0,9110.0,324.0,223.0
MHNL,11/16/2025,244.0,246.7,238.0,238.0,-0.83,17772.0,324.0,223.0
MHNL,11/17/2025,242.7,247.0,235.6,243.8,2.44,25165.0,324.0,223.0
MHNL,11/18/2025,244.5,256.0,239.8,255.5,4.8,44085.0,324.0,223.0
MHNL,11/19/2025,260.0,260.0,244.9,257.5,0.78,16758.0,324.0,223.0
MHNL,11/20/2025,253.0,259.8,244.0,257.0,-0.19,44210.0,324.0,223.0
MHNL,11/23/2025,262.0,272.3,248.0,259.0,0.78,12675.0,324.0,223.0
MHNL,11/24/2025,259.0,264.0,255.1,259.0,0.0,25425.0,324.0,223.0
MHNL,11/25/2025,255.1,259.8,252.3,258.0,-0.39,14408.0,324.0,223.0
MHNL,11/26/2025,253.2,259.0,253.2,254.0,-1.55,9307.0,324.0,223.0
MHNL,11/27/2025,250.5,258.0,250.5,251.3,-1.06,24169.0,324.0,223.0
MHNL,11/30/2025,246.3,261.3,246.3,252.8,0.6,17847.0,324.0,223.0
MHNL,12/1/2025,252.7,252.7,250.0,252.5,-0.12,5309.0,324.0,223.0
MHNL,12/2/2025,249.2,255.5,248.1,253.0,0.2,10119.0,324.0,223.0
MHNL,12/3/2025,258.0,258.0,245.6,246.0,-2.77,13142.0,324.0,223.0
MHNL,12/7/2025,244.3,246.0,242.1,244.9,-0.45,2642.0,324.0,223.0
MHNL,12/8/2025,240.2,247.0,240.2,245.0,0.04,9634.0,324.0,223.0
MHNL,12/9/2025,242.1,248.0,240.7,246.0,0.41,5224.0,324.0,223.0
MHNL,12/10/2025,243.0,249.6,242.9,246.5,0.2,13555.0,324.0,223.0
MHNL,12/11/2025,242.6,247.0,242.6,246.0,-0.2,9919.0,324.0,223.0
MHNL,12/14/2025,250.9,261.0,243.1,249.4,1.38,17830.0,324.0,223.0
MHNL,12/15/2025,244.6,250.0,242.5,249.9,0.2,7769.0,324.0,223.0
MHNL,12/16/2025,252.9,260.0,247.8,254.0,1.64,20529.0,324.0,223.0
MHNL,12/17/2025,259.0,259.0,246.0,250.8,-1.26,17217.0,324.0,223.0
MHNL,12/18/2025,248.0,248.9,245.0,246.7,-1.63,5413.0,324.0,223.0
MHNL,12/21/2025,250.0,250.0,242.0,245.7,-0.41,14235.0,324.0,223.0
MHNL,12/22/2025,241.0,243.9,240.0,242.9,-1.14,9646.0,324.0,223.0
MHNL,12/23/2025,241.0,244.9,241.0,244.9,0.82,2635.0,324.0,223.0
MHNL,12/24/2025,242.3,243.0,241.5,241.6,-1.35,6887.0,324.0,223.0
MHNL,12/28/2025,239.5,250.0,239.5,245.0,1.41,15096.0,324.0,223.0
MHNL,12/29/2025,246.0,247.9,244.3,245.9,0.37,5420.0,324.0,223.0
MHNL,12/31/2025,246.0,248.0,243.5,247.0,0.45,18161.0,324.0,223.0
MHNL,1/1/2026,250.0,250.0,240.1,241.1,-2.39,11425.0,324.0,223.0
MHNL,1/4/2026,238.1,244.0,238.1,243.0,0.79,5945.0,324.0,223.0
MHNL,1/5/2026,247.6,247.6,239.3,244.3,0.53,22893.0,324.0,223.0
MHNL,1/6/2026,244.0,246.6,240.4,244.8,0.2,8918.0,324.0,223.0
MHNL,1/7/2026,245.9,245.9,240.0,242.7,-0.86,9383.0,324.0,223.0
MHNL,1/8/2026,240.0,244.0,239.1,244.0,0.54,10487.0,324.0,223.0
MHNL,1/12/2026,240.0,244.4,232.0,242.0,-0.82,26053.0,324.0,223.0
MHNL,1/13/2026,239.9,243.9,238.0,240.0,-0.83,5882.0,324.0,223.0
MHNL,1/14/2026,244.8,247.0,239.0,239.0,-0.42,10180.0,324.0,223.0
MHNL,1/18/2026,242.9,246.0,240.1,246.0,2.93,15237.0,324.0,223.0
MHNL,1/20/2026,242.0,251.0,242.0,251.0,2.03,22062.0,324.0,223.0
MHNL,1/21/2026,252.6,254.9,248.0,252.5,0.6,31787.0,324.0,223.0
MHNL,1/22/2026,253.0,269.9,250.0,268.9,6.5,70480.0,324.0,223.0
MHNL,1/25/2026,266.1,269.0,264.0,269.0,0.04,35548.0,324.0,223.0
MHNL,1/26/2026,267.1,295.9,260.1,295.9,10.0,198740.0,324.0,223.0
MHNL,1/27/2026,301.8,307.0,272.0,280.0,-5.37,141038.0,324.0,223.0
MHNL,1/28/2026,274.4,288.7,274.3,286.0,2.14,83587.0,324.0,223.0
MHNL,1/29/2026,286.0,295.7,265.1,273.0,-4.55,119793.0,324.0,223.0
MHNL,2/1/2026,277.0,283.0,269.4,276.0,1.1,59646.0,324.0,223.0
MHNL,2/2/2026,271.0,281.5,265.1,272.6,-1.23,22766.0,324.0,223.0
MHNL,2/3/2026,277.9,278.0,263.2,268.0,-1.69,36163.0,324.0,223.0
MHNL,2/4/2026,273.3,278.0,263.2,268.7,0.26,41517.0,324.0,223.0
MHNL,2/5/2026,270.0,286.8,266.6,277.0,3.09,54806.0,324.0,223.0
MHNL,2/8/2026,279.8,285.0,274.4,277.0,0.0,27315.0,324.0,223.0
MHNL,2/9/2026,272.0,279.0,268.0,272.0,-1.81,24024.0,324.0,223.0
MHNL,2/10/2026,277.4,289.9,269.0,280.0,2.94,78221.0,324.0,223.0
MHNL,2/11/2026,281.1,291.0,278.3,290.0,3.57,99584.0,324.0,223.0
MHNL,2/12/2026,291.0,295.0,284.3,287.0,-1.03,77823.0,324.0,223.0
MHNL,2/16/2026,287.0,287.0,271.0,277.0,-3.48,66002.0,324.0,223.0
MHNL,2/17/2026,277.0,277.0,265.0,265.7,-4.08,34562.0,324.0,223.0
MHNL,2/22/2026,265.0,265.0,255.0,256.0,-3.65,29101.0,324.0,223.0
MHNL,2/23/2026,261.0,261.0,252.1,255.9,-0.04,22323.0,324.0,223.0
MHNL,2/24/2026,252.1,260.0,252.1,260.0,1.6,17849.0,324.0,223.0
MHNL,2/25/2026,264.0,264.0,258.0,262.6,1.0,6424.0,324.0,223.0
MHNL,2/26/2026,266.9,266.9,257.7,258.9,-1.41,13994.0,324.0,223.0
MHNL,2/27/2026,266.9,266.9,257.7,258.9,0.0,13994.0,324.0,223.0
MHNL,2/28/2026,266.9,266.9,257.7,258.9,0.0,13994.0,324.0,223.0
MHNL,3/2/2026,254.0,259.9,254.0,256.7,-0.85,13790.0,324.0,223.0
MHNL,3/3/2026,259.7,272.0,259.7,266.8,3.93,24587.0,324.0,223.0
MHNL,3/4/2026,259.7,272.0,259.7,266.8,0.0,24587.0,324.0,223.0
MHNL,3/5/2026,259.7,272.0,259.7,266.8,0.0,24587.0,324.0,223.0
MHNL,3/6/2026,259.7,272.0,259.7,266.8,0.0,24587.0,324.0,223.0
MHNL,3/7/2026,259.7,272.0,259.7,266.8,0.0,24587.0,324.0,223.0
MHNL,3/8/2026,259.7,272.0,259.7,266.8,0.0,24587.0,324.0,223.0
MHNL,3/9/2026,272.1,277.5,272.1,277.5,4.01,40.0,324.0,223.0
MHNL,3/10/2026,283.0,294.0,271.3,278.9,0.5,113457.0,324.0,223.0
MHNL,3/11/2026,283.9,289.6,274.2,280.5,0.57,53949.0,324.0,223.0
MHNL,3/12/2026,280.5,290.7,277.0,287.1,2.35,65417.0,324.0,223.0
MHNL,3/13/2026,280.5,290.7,277.0,287.1,0.0,65417.0,324.0,223.0
MHNL,3/14/2026,280.5,290.7,277.0,287.1,0.0,65417.0,324.0,223.0
MHNL,3/15/2026,292.0,301.1,287.0,297.0,3.45,173370.0,324.0,223.0
MHNL,3/16/2026,299.8,300.0,288.1,293.7,-1.11,64373.0,324.0,223.0
MHNL,3/17/2026,290.0,307.7,288.0,307.7,4.77,85623.0,324.0,223.0
MHNL,3/18/2026,290.0,307.7,288.0,307.7,0.0,85623.0,324.0,223.0
MHNL,3/19/2026,313.8,324.0,302.2,323.5,5.13,216889.0,324.0,223.0
MHNL,3/20/2026,313.8,324.0,302.2,323.5,0.0,216889.0,324.0,223.0
MHNL,3/21/2026,313.8,324.0,302.2,323.5,0.0,216889.0,324.0,223.0
MHNL,3/22/2026,322.0,324.0,304.6,317.9,-1.73,147712.0,324.0,223.0
MHNL,3/23/2026,313.0,314.0,306.0,312.0,-1.86,93465.0,324.0,223.0
MHNL,3/24/2026,312.0,321.1,310.0,314.1,0.67,80585.0,324.0,223.0
MHNL,3/25/2026,315.0,316.0,305.3,311.9,-0.7,63426.0,324.0,223.0
MHNL,3/26/2026,305.7,315.0,305.7,314.7,2.94,37784.0,324.0,223.0
MHNL,3/29/2026,315.0,316.0,295.0,297.8,-5.46,87154.0,324.0,223.0
MHNL,3/30/2026,297.8,304.0,284.3,289.0,-2.96,52347.0,324.0,223.0
MHNL,3/31/2026,289.0,293.8,279.0,286.0,-1.04,35639.0,324.0,223.0
MHNL,4/1/2026,287.0,287.0,270.0,276.0,-3.83,42366.0,324.0,223.0
MHNL,4/2/2026,272.0,279.0,261.7,269.5,-0.92,27961.0,324.0,223.0
MHNL,4/5/2026,270.5,270.5,255.0,258.8,-4.33,42856.0,324.0,223.0
MHNL,4/6/2026,255.4,277.0,255.4,273.5,7.09,42308.0,324.0,223.0
MHNL,4/7/2026,275.0,280.0,268.3,274.9,-0.04,29668.0,324.0,223.0
MHNL,4/8/2026,270.1,279.0,270.1,279.0,3.3,33671.0,324.0,223.0
MHNL,4/9/2026,284.0,286.7,275.1,282.0,-0.7,57271.0,324.0,223.0
MHNL,4/10/2026,277.0,287.5,273.0,273.6,-1.23,44497.0,324.0,223.0
MHNL,4/13/2026,279.0,283.0,269.1,279.0,0.0,32429.0,324.0,223.0
MHNL,4/15/2026,274.2,299.0,274.2,287.0,4.67,62055.0,324.0,223.0
MHNL,4/16/2026,285.0,287.0,275.0,280.0,-1.75,26950.0,324.0,223.0
MHNL,4/17/2026,276.1,280.0,274.5,279.2,1.12,28921.0,324.0,223.0
MHNL,4/20/2026,265.3,298.3,265.3,278.0,4.79,11016.0,324.0,223.0
MHNL,4/21/2026,283.7,283.7,270.1,270.1,-4.79,12481.0,324.0,223.0
MHNL,4/22/2026,256.6,280.2,256.6,274.0,6.78,23143.0,324.0,223.0
MHNL,4/23/2026,278.0,278.0,265.8,271.9,-2.19,3680.0,324.0,223.0
MHNL,4/24/2026,271.9,272.8,265.0,270.0,-0.7,9282.0,324.0,223.0
MHNL,4/27/2026,270.0,275.0,266.8,268.0,-0.74,12010.0,324.0,223.0
MHNL,4/28/2026,255.0,286.6,255.0,267.8,5.02,11463.0,324.0,223.0
MHNL,4/29/2026,267.8,265.9,260.0,264.3,-1.31,20363.0,324.0,223.0
MHNL,4/30/2026,251.1,264.0,251.1,261.0,3.94,22857.0,324.0,223.0
MHNL,5/4/2026,261.0,261.0,255.5,256.5,-1.72,8799.0,324.0,223.0
MHNL,5/5/2026,264.0,288.4,256.1,258.6,-2.05,6629.0,324.0,223.0
MHNL,5/6/2026,263.0,264.9,258.0,259.0,-1.52,9810.0,324.0,223.0
MHNL,5/7/2026,259.2,282.0,256.6,265.0,2.24,17497.0,324.0,223.0
MHNL,5/8/2026,260.1,290.0,260.1,269.2,3.5,11669.0,324.0,223.0
MHNL,5/11/2026,274.9,285.0,262.0,268.8,-2.22,15497.0,324.0,223.0
MHNL,5/12/2026,255.4,277.8,255.4,270.0,5.72,11275.0,324.0,223.0
MHNL,5/13/2026,283.0,283.0,263.2,268.7,-5.05,2421.0,324.0,223.0
MHNL,5/14/2026,282.0,282.0,263.0,263.0,-6.74,5817.0,324.0,223.0
MHNL,5/15/2026,276.1,276.1,260.9,266.0,-3.66,4981.0,324.0,223.0
MHNL,5/18/2026,260.9,265.0,260.1,263.0,0.8,2395.0,324.0,223.0
MHNL,5/19/2026,268.0,268.0,261.0,261.0,-2.61,9838.0,324.0,223.0
MHNL,5/20/2026,261.0,292.0,260.0,292.0,11.88,27294.0,324.0,223.0
MHNL,5/21/2026,290.0,290.0,268.5,270.4,-6.76,29335.0,324.0,223.0
MHNL,5/22/2026,257.0,274.9,257.0,270.0,5.06,17707.0,324.0,223.0
MHNL,5/25/2026,268.0,276.0,268.0,274.0,2.24,6517.0,324.0,223.0
MHNL,5/26/2026,275.0,279.9,269.0,274.0,-0.36,3364.0,324.0,223.0
MHNL,5/27/2026,274.0,275.8,270.0,273.9,-0.04,11115.0,324.0,223.0
MHNL,6/1/2026,275.0,275.0,260.0,268.0,-2.55,24317.0,324.0,223.0
MHNL,6/2/2026,260.0,270.0,260.0,269.0,3.46,22416.0,324.0,223.0
MHNL,6/3/2026,268.0,270.0,260.0,267.0,-0.37,16659.0,324.0,223.0
MHNL,6/4/2026,280.0,280.0,258.2,266.8,-4.71,14747.0,324.0,223.0
MHNL,6/5/2026,267.0,268.0,258.0,262.0,-1.87,21350.0,324.0,223.0
MHNL,6/8/2026,263.0,263.0,258.0,258.0,-1.9,7345.0,324.0,223.0
MHNL,6/9/2026,258.0,262.0,255.0,261.0,1.16,17841.0,324.0,223.0
MHNL,6/10/2026,254.0,264.8,254.0,259.0,1.97,5509.0,324.0,223.0
MHNL,6/11/2026,260.0,260.0,257.0,260.0,0.0,6508.0,324.0,223.0
MHNL,6/12/2026,263.0,263.0,257.8,259.0,-1.52,5740.0,324.0,223.0
MHNL,6/15/2026,257.0,261.0,256.5,258.8,0.7,6114.0,324.0,223.0
MHNL,6/16/2026,256.5,260.9,256.5,258.3,0.7,6823.0,324.0,223.0
MHNL,6/17/2026,260.0,260.0,256.0,259.0,-0.38,9316.0,324.0,223.0
MHNL,6/18/2026,256.2,262.0,256.1,258.8,1.01,5044.0,324.0,223.0
MHNL,6/19/2026,245.9,259.0,245.9,257.0,4.51,9338.0,324.0,223.0
MHNL,6/22/2026,258.0,263.9,255.0,257.0,-0.39,7557.0,324.0,223.0
MHNL,6/23/2026,255.0,256.0,250.2,250.4,-1.8,15635.0,324.0,223.0
MHNL,6/24/2026,252.0,252.0,240.0,251.0,-0.4,13999.0,324.0,223.0
MHNL,6/26/2026,247.0,250.0,243.2,250.0,1.21,3731.0,324.0,223.0
MHNL,6/29/2026,243.2,247.0,243.2,243.5,0.12,1922.0,324.0,223.0
MHNL,6/30/2026,240.2,243.3,233.0,239.4,-0.33,19091.0,324.0,223.0
MHNL,7/1/2026,245.0,246.5,241.1,244.0,-0.41,7320.0,324.0,223.0
MHNL,7/2/2026,243.0,245.6,238.0,245.6,1.07,18888.0,324.0,223.0
MHNL,7/3/2026,242.0,244.0,235.0,241.0,-0.41,19546.0,324.0,223.0
MHNL,7/6/2026,240.0,240.0,234.6,236.0,-1.67,14910.0,324.0,223.0
MHNL,7/7/2026,240.9,240.9,234.1,235.5,-2.24,12325.0,324.0,223.0
MHNL,7/8/2026,235.9,238.9,230.1,234.0,-0.81,7885.0,324.0,223.0
MHNL,7/9/2026,239.0,239.0,229.0,233.0,-2.51,12347.0,324.0,223.0
MHNL,7/10/2026,226.0,237.9,226.0,235.0,3.98,39780.0,324.0,223.0
MHNL,7/13/2026,228.1,240.0,223.0,229.0,0.39,20459.0,324.0,223.0
MHNL,7/14/2026,229.0,230.9,223.0,226.0,-1.31,44919.0,324.0,223.0
MHNL,7/15/2026,227.5,235.9,226.6,231.0,1.54,10896.0,324.0,223.0
MHNL,7/16/2026,233.0,235.0,226.0,235.0,0.86,7796.0,324.0,223.0
MHNL,7/17/2026,227.0,248.9,227.0,244.5,7.71,33394.0,324.0,223.0
MHNL,7/20/2026,240.0,248.8,233.0,246.9,2.88,18310.0,324.0,223.0
MHNL,7/21/2026,247.0,248.0,235.4,244.5,-1.01,33353.0,324.0,223.0
MHNL,7/22/2026,237.3,244.0,237.3,242.9,2.36,16493.0,324.0,223.0
MHNL,7/23/2026,242.5,246.0,237.7,245.0,1.03,12010.0,324.0,223.0
MHNL,7/24/2026,240.0,246.8,240.0,241.5,0.62,9321.0,324.0,223.0
MHNL,7/27/2026,240.8,245.0,235.0,243.8,1.25,8338.0,324.0,223.0
MHNL,7/28/2026,236.5,243.0,236.5,242.9,2.71,8180.0,324.0,223.0
MHNL,7/29/2026,237.0,243.1,237.0,243.0,2.53,7798.0,324.0,223.0
MHNL,7/30/2026,241.9,245.0,237.5,245.0,1.28,10825.0,324.0,223.0
MHNL,7/31/2026,248.0,248.0,235.6,242.0,-2.42,14192.0,324.0,223.0
MHNL,8/3/2026,239.2,243.9,238.2,240.9,0.71,16325.0,324.0,223.0
MHNL,8/4/2026,241.0,241.0,235.1,240.8,-0.08,22641.0,324.0,223.0
MHNL,8/5/2026,246.0,246.0,238.7,241.7,-1.75,4821.0,324.0,223.0
MHNL,8/6/2026,239.5,242.9,237.4,239.9,0.17,14350.0,324.0,223.0
MHNL,8/7/2026,237.7,242.0,237.5,242.0,1.81,3176.0,324.0,223.0
MHNL,8/10/2026,241.0,241.5,236.2,240.9,-0.04,7666.0,324.0,223.0
MHNL,8/11/2026,238.0,242.0,235.2,242.0,1.68,7638.0,324.0,223.0
MHNL,8/12/2026,254.1,254.1,234.8,240.0,-5.55,4858.0,324.0,223.0
MHNL,8/13/2026,228.0,247.9,228.0,244.0,7.02,18187.0,324.0,223.0
MHNL,8/14/2026,242.1,245.0,242.1,244.9,1.16,20572.0,324.0,223.0
MHNL,8/17/2026,245.2,246.0,242.0,243.8,-0.57,25236.0,324.0,223.0
MHNL,8/18/2026,240.1,243.9,240.1,241.9,0.75,11983.0,324.0,223.0
MHNL,8/19/2026,236.6,243.0,236.5,242.4,2.45,11085.0,324.0,223.0
MHNL,8/20/2026,237.0,245.0,237.0,244.6,3.21,10655.0,324.0,223.0
MHNL,8/21/2026,246.0,249.7,239.0,244.0,-0.81,19873.0,324.0,223.0
MHNL,8/24/2026,239.1,244.0,239.1,241.8,1.13,13016.0,324.0,223.0
MHNL,8/25/2026,239.2,242.9,235.0,239.0,-0.08,9875.0,324.0,223.0
MHNL,8/26/2026,236.2,239.2,230.1,237.8,0.68,23992.0,324.0,223.0
MHNL,8/27/2026,230.7,240.0,226.1,238.8,3.51,15056.0,324.0,223.0
MHNL,8/31/2026,236.0,236.0,226.0,233.9,-0.89,8450.0,324.0,223.0
MHNL,9/1/2026,226.9,236.7,226.9,231.0,1.81,7622.0,324.0,223.0
MHNL,9/2/2026,230.0,236.9,226.0,236.9,3.0,2653.0,324.0,223.0
MHNL,9/3/2026,235.0,236.8,232.0,235.5,0.21,2318.0,324.0,223.0
MHNL,9/7/2026,236.0,243.5,236.0,242.0,2.54,20881.0,324.0,223.0
MHNL,9/9/2026,229.9,247.0,229.9,238.0,3.52,12356.0,324.0,223.0
MHNL,9/10/2026,238.0,242.0,237.0,240.0,0.84,5930.0,324.0,223.0
MHNL,9/11/2026,239.0,251.0,239.0,251.0,5.02,31803.0,324.0,223.0
MHNL,9/14/2026,254.8,260.5,250.2,257.0,0.86,37093.0,324.0,223.0
MHNL,9/15/2026,260.0,272.0,256.0,260.0,0.0,38029.0,324.0,223.0
MHNL,9/16/2026,258.0,261.5,253.0,254.0,-1.55,24164.0,324.0,223.0
MHNL,9/17/2026,259.9,268.0,259.9,268.0,3.12,63093.0,324.0,223.0
MHNL,9/18/2026,267.0,269.8,261.5,265.5,-0.56,21609.0,324.0,223.0
MHNL,9/22/2026,265.0,268.0,260.2,261.1,-1.47,15766.0,324.0,223.0
MHNL,9/23/2026,258.0,259.0,250.0,256.9,-0.43,32523.0,324.0,223.0
MHNL,9/24/2026,253.4,263.0,250.1,252.0,-0.55,19609.0,324.0,223.0
MHNL,9/28/2026,250.3,259.0,250.3,253.0,1.08,10456.0,324.0,223.0
MHNL,9/29/2026,250.5,256.9,250.1,0.0,-100.0,11525.0,324.0,223.0
MHNL,9/30/2026,252.0,258.9,251.0,257.0,1.98,9300.0,324.0,223.0
MHNL,10/1/2026,254.2,259.9,254.0,257.0,1.1,22930.0,324.0,223.0
MHNL,10/2/2026,255.1,256.7,250.1,251.5,-1.41,10627.0,324.0,223.0
MKCL,12/21/2025,1371.0,1380.0,1357.0,1360.0,,5697.0,1616.8,810.0
MKCL,12/22/2025,1345.2,1370.0,1345.0,1357.2,-0.21,1838.0,1616.8,810.0
MKCL,12/23/2025,1355.0,1370.8,1350.0,1366.3,0.67,2550.0,1616.8,810.0
MKCL,12/24/2025,1366.0,1370.0,1361.3,1361.3,-0.37,2038.0,1616.8,810.0
MKCL,12/28/2025,1354.0,1385.0,1354.0,1366.6,0.39,3462.0,1616.8,810.0
MKCL,12/29/2025,1367.5,1390.0,1367.5,1373.9,0.53,2761.0,1616.8,810.0
MKCL,12/31/2025,1370.5,1387.0,1360.0,1365.0,-0.65,6837.0,1616.8,810.0
MKCL,1/1/2026,1361.2,1387.0,1358.0,1360.0,-0.37,2394.0,1616.8,810.0
MKCL,1/4/2026,1351.0,1381.0,1347.0,1355.0,-0.37,6633.0,1616.8,810.0
MKCL,1/5/2026,1355.0,1400.0,1355.0,1400.0,3.32,6550.0,1616.8,810.0
MKCL,1/6/2026,1400.0,1455.0,1400.0,1425.0,1.79,8769.0,1616.8,810.0
MKCL,1/7/2026,1425.0,1440.0,1398.1,1400.0,-1.75,6812.0,1616.8,810.0
MKCL,1/8/2026,1375.1,1425.0,1375.1,1410.0,0.71,5500.0,1616.8,810.0
MKCL,1/12/2026,1391.1,1410.0,1391.1,1401.1,-0.63,3409.0,1616.8,810.0
MKCL,1/13/2026,1400.0,1410.0,1395.0,1398.0,-0.22,2219.0,1616.8,810.0
MKCL,1/14/2026,1390.0,1398.0,1368.0,1368.0,-2.15,3977.0,1616.8,810.0
MKCL,1/18/2026,1369.2,1414.0,1369.2,1399.0,2.27,4933.0,1616.8,810.0
MKCL,1/20/2026,1409.0,1428.0,1405.0,1415.0,1.14,2559.0,1616.8,810.0
MKCL,1/21/2026,1400.0,1425.0,1399.0,1418.0,0.21,4239.0,1616.8,810.0
MKCL,1/22/2026,1392.2,1417.0,1392.2,1417.0,-0.07,3322.0,1616.8,810.0
MKCL,1/25/2026,1415.0,1502.4,1415.0,1480.0,4.45,16067.0,1616.8,810.0
MKCL,1/26/2026,1480.0,1500.0,1451.1,1480.0,0.0,9388.0,1616.8,810.0
MKCL,1/27/2026,1455.1,1501.0,1440.1,1445.0,-2.36,17576.0,1616.8,810.0
MKCL,1/28/2026,1423.0,1460.0,1419.1,1440.0,-0.35,8684.0,1616.8,810.0
MKCL,1/29/2026,1468.0,1468.8,1410.1,1410.1,-2.08,5228.0,1616.8,810.0
MKCL,2/1/2026,1425.0,1425.0,1386.1,1390.0,-1.43,4614.0,1616.8,810.0
MKCL,2/2/2026,1410.0,1445.0,1390.0,1411.0,1.51,4888.0,1616.8,810.0
MKCL,2/3/2026,1395.1,1428.0,1395.1,1397.0,-0.99,3228.0,1616.8,810.0
MKCL,2/4/2026,1419.0,1419.0,1387.0,1390.0,-0.5,3906.0,1616.8,810.0
MKCL,2/5/2026,1391.0,1409.9,1379.0,1398.0,0.58,7882.0,1616.8,810.0
MKCL,2/8/2026,1387.0,1400.0,1380.1,1385.0,-0.93,7180.0,1616.8,810.0
MKCL,2/9/2026,1376.0,1402.0,1365.0,1381.0,-0.29,5585.0,1616.8,810.0
MKCL,2/10/2026,1380.0,1400.0,1366.3,1368.0,-0.94,2948.0,1616.8,810.0
MKCL,2/11/2026,1395.0,1422.9,1360.0,1368.0,0.0,3357.0,1616.8,810.0
MKCL,2/12/2026,1351.0,1380.0,1351.0,1370.0,0.15,3190.0,1616.8,810.0
MKCL,2/16/2026,1374.0,1405.0,1374.0,1384.0,1.02,2920.0,1616.8,810.0
MKCL,2/17/2026,1370.5,1389.9,1370.5,1374.0,-0.72,3263.0,1616.8,810.0
MKCL,2/22/2026,1361.0,1365.0,1335.0,1345.0,-2.11,5592.0,1616.8,810.0
MKCL,2/23/2026,1341.0,1353.0,1341.0,1345.5,0.04,1493.0,1616.8,810.0
MKCL,2/24/2026,1344.0,1360.0,1341.0,1346.1,0.04,2190.0,1616.8,810.0
MKCL,2/25/2026,1347.0,1367.0,1347.0,1351.1,0.37,1155.0,1616.8,810.0
MKCL,2/26/2026,1351.0,1375.0,1351.0,1368.0,1.25,2271.0,1616.8,810.0
MKCL,2/27/2026,1351.0,1375.0,1351.0,1368.0,0.0,2271.0,1616.8,810.0
MKCL,2/28/2026,1351.0,1375.0,1351.0,1368.0,0.0,2271.0,1616.8,810.0
MKCL,3/2/2026,1346.0,1373.0,1346.0,1360.0,-0.58,2154.0,1616.8,810.0
MKCL,3/3/2026,1387.0,1398.9,1360.0,1394.9,2.57,4108.0,1616.8,810.0
MKCL,3/4/2026,1387.0,1398.9,1360.0,1394.9,0.0,4108.0,1616.8,810.0
MKCL,3/5/2026,1387.0,1398.9,1360.0,1394.9,0.0,4108.0,1616.8,810.0
MKCL,3/6/2026,1387.0,1398.9,1360.0,1394.9,0.0,4108.0,1616.8,810.0
MKCL,3/7/2026,1387.0,1398.9,1360.0,1394.9,0.0,4108.0,1616.8,810.0
MKCL,3/8/2026,1387.0,1398.9,1360.0,1394.9,0.0,4108.0,1616.8,810.0
MKCL,3/9/2026,1422.7,1422.7,1422.7,1422.7,1.99,40.0,1616.8,810.0
MKCL,3/10/2026,1451.1,1509.0,1408.2,1428.0,0.37,9440.0,1616.8,810.0
MKCL,3/11/2026,1428.0,1450.0,1364.8,1399.0,-2.03,5505.0,1616.8,810.0
MKCL,3/12/2026,1400.0,1411.0,1375.0,1407.0,0.57,5358.0,1616.8,810.0
MKCL,3/13/2026,1400.0,1411.0,1375.0,1407.0,0.0,5358.0,1616.8,810.0
MKCL,3/14/2026,1400.0,1411.0,1375.0,1407.0,0.0,5358.0,1616.8,810.0
MKCL,3/15/2026,1402.0,1414.0,1391.0,1395.0,-0.85,3244.0,1616.8,810.0
MKCL,3/16/2026,1390.1,1406.0,1376.0,1385.0,-0.72,3763.0,1616.8,810.0
MKCL,3/17/2026,1385.0,1405.0,1380.3,1382.0,-0.22,3547.0,1616.8,810.0
MKCL,3/18/2026,1385.0,1405.0,1380.3,1382.0,0.0,3547.0,1616.8,810.0
MKCL,3/19/2026,1390.0,1404.0,1383.0,1387.0,0.36,5047.0,1616.8,810.0
MKCL,3/20/2026,1390.0,1404.0,1383.0,1387.0,0.0,5047.0,1616.8,810.0
MKCL,3/21/2026,1390.0,1404.0,1383.0,1387.0,0.0,5047.0,1616.8,810.0
MKCL,3/22/2026,1400.0,1428.0,1390.3,1427.0,2.88,10261.0,1616.8,810.0
MKCL,3/23/2026,1450.0,1450.0,1411.1,1417.0,-0.7,5913.0,1616.8,810.0
MKCL,3/24/2026,1440.0,1450.0,1426.0,1434.0,1.2,10468.0,1616.8,810.0
MKCL,3/25/2026,1430.0,1458.0,1414.1,1423.0,-0.77,3809.0,1616.8,810.0
MKCL,3/26/2026,1409.0,1435.0,1400.6,1432.0,1.63,3439.0,1616.8,810.0
MKCL,3/29/2026,1405.1,1425.0,1395.0,1400.0,-0.36,6634.0,1616.8,810.0
MKCL,3/30/2026,1400.0,1410.0,1365.0,1382.0,-1.29,8427.0,1616.8,810.0
MKCL,3/31/2026,1390.0,1406.0,1365.2,1400.0,0.72,4546.0,1616.8,810.0
MKCL,4/1/2026,1391.0,1392.0,1346.0,1360.0,-2.23,6453.0,1616.8,810.0
MKCL,4/2/2026,1341.0,1387.0,1335.0,1355.0,1.04,5075.0,1616.8,810.0
MKCL,4/5/2026,1340.0,1366.7,1318.0,1334.0,-0.45,6013.0,1616.8,810.0
MKCL,4/6/2026,1345.0,1364.0,1330.0,1364.0,1.41,4684.0,1616.8,810.0
MKCL,4/7/2026,1346.0,1364.0,1346.0,1351.0,0.37,1730.0,1616.8,810.0
MKCL,4/8/2026,1353.0,1372.8,1351.0,1368.0,1.11,1625.0,1616.8,810.0
MKCL,4/9/2026,1370.0,1381.0,1365.0,1369.2,-0.06,3553.0,1616.8,810.0
MKCL,4/10/2026,1370.0,1370.0,1355.0,1356.2,-1.01,4763.0,1616.8,810.0
MKCL,4/13/2026,1365.2,1365.2,1342.0,1356.5,-0.64,2451.0,1616.8,810.0
MKCL,4/15/2026,1350.0,1383.0,1350.0,1375.0,1.85,3055.0,1616.8,810.0
MKCL,4/16/2026,1355.0,1362.0,1345.0,1355.0,0.0,2898.0,1616.8,810.0
MKCL,4/17/2026,1355.0,1356.0,1347.0,1347.0,-0.59,916.0,1616.8,810.0
MKCL,4/20/2026,1342.0,1359.0,1337.0,1359.0,1.27,2047.0,1616.8,810.0
MKCL,4/21/2026,1340.0,1355.0,1340.0,1344.3,0.32,2608.0,1616.8,810.0
MKCL,4/22/2026,1336.1,1349.0,1335.0,1349.0,0.97,3227.0,1616.8,810.0
MKCL,4/23/2026,1349.0,1350.0,1330.0,1336.5,-0.93,1192.0,1616.8,810.0
MKCL,4/24/2026,1330.1,1339.0,1320.0,1320.0,-0.76,4886.0,1616.8,810.0
MKCL,4/27/2026,1320.0,1340.0,1310.0,1330.0,0.76,1261.0,1616.8,810.0
MKCL,4/28/2026,1330.0,1345.0,1320.0,1338.0,0.6,2434.0,1616.8,810.0
MKCL,4/29/2026,1338.0,1330.0,1310.0,1312.9,-1.88,2617.0,1616.8,810.0
MKCL,4/30/2026,1305.0,1319.0,1304.0,1315.0,0.77,1915.0,1616.8,810.0
MKCL,5/4/2026,1343.0,1343.0,1286.0,1286.0,-4.24,2363.0,1616.8,810.0
MKCL,5/5/2026,1286.0,1315.0,1285.0,1286.0,0.0,1724.0,1616.8,810.0
MKCL,5/6/2026,1286.0,1290.0,1273.1,1280.0,-0.47,622.0,1616.8,810.0
MKCL,5/7/2026,1268.0,1305.0,1268.0,1285.0,1.34,889.0,1616.8,810.0
MKCL,5/8/2026,1285.0,1300.0,1280.0,1290.0,0.39,2053.0,1616.8,810.0
MKCL,5/11/2026,1319.0,1320.0,1297.0,1320.0,0.08,1988.0,1616.8,810.0
MKCL,5/12/2026,1295.0,1340.0,1280.1,1310.0,1.16,2102.0,1616.8,810.0
MKCL,5/13/2026,1280.0,1300.0,1277.0,1290.0,0.78,2861.0,1616.8,810.0
MKCL,5/14/2026,1230.0,1285.0,1230.0,1256.1,2.12,2059.0,1616.8,810.0
MKCL,5/15/2026,1235.1,1269.0,1235.1,1269.0,2.74,2103.0,1616.8,810.0
MKCL,5/18/2026,1270.0,1275.0,1261.0,1271.0,0.08,530.0,1616.8,810.0
MKCL,5/19/2026,1255.0,1270.0,1255.0,1262.0,0.56,1370.0,1616.8,810.0
MKCL,5/20/2026,1251.1,1306.0,1251.1,1295.0,3.51,3726.0,1616.8,810.0
MKCL,5/21/2026,1297.0,1300.0,1277.0,1277.0,-1.54,763.0,1616.8,810.0
MKCL,5/22/2026,1277.0,1299.0,1275.0,1288.0,0.86,1296.0,1616.8,810.0
MKCL,5/25/2026,1290.0,1310.0,1265.0,1297.0,0.54,3077.0,1616.8,810.0
MKCL,5/26/2026,1291.0,1325.0,1270.0,1290.0,-0.08,1302.0,1616.8,810.0
MKCL,5/27/2026,1295.0,1299.0,1272.0,1296.0,0.08,1071.0,1616.8,810.0
MKCL,6/1/2026,1275.0,1285.0,1260.0,1280.0,0.39,1462.0,1616.8,810.0
MKCL,6/2/2026,1261.0,1295.0,1260.2,1265.0,0.32,972.0,1616.8,810.0
MKCL,6/3/2026,1231.0,1283.0,1231.0,1283.0,4.22,580.0,1616.8,810.0
MKCL,6/4/2026,1283.9,1285.0,1260.0,1260.1,-1.85,2509.0,1616.8,810.0
MKCL,6/5/2026,1260.0,1270.0,1251.0,1267.0,0.56,1601.0,1616.8,810.0
MKCL,6/8/2026,1240.0,1263.0,1227.0,1241.0,0.08,2125.0,1616.8,810.0
MKCL,6/9/2026,1235.1,1258.0,1232.1,1237.0,0.15,1570.0,1616.8,810.0
MKCL,6/10/2026,1222.1,1244.5,1222.1,1240.0,1.46,1578.0,1616.8,810.0
MKCL,6/11/2026,1215.0,1240.0,1215.0,1227.3,1.01,1055.0,1616.8,810.0
MKCL,6/12/2026,1222.1,1225.0,1214.0,1214.0,-0.66,1896.0,1616.8,810.0
MKCL,6/15/2026,1210.1,1245.0,1200.1,1202.0,-0.67,1814.0,1616.8,810.0
MKCL,6/16/2026,1202.0,1205.0,1196.0,1199.0,-0.25,2512.0,1616.8,810.0
MKCL,6/17/2026,1199.0,1209.0,1195.0,1199.0,0.0,2307.0,1616.8,810.0
MKCL,6/18/2026,1192.0,1200.0,1180.4,1182.0,-0.84,1892.0,1616.8,810.0
MKCL,6/19/2026,1179.0,1195.0,1150.0,1150.0,-2.46,3946.0,1616.8,810.0
MKCL,6/22/2026,1207.5,1207.5,1149.0,1151.0,-4.68,1125.0,1616.8,810.0
MKCL,6/23/2026,1164.0,1164.0,1130.1,1138.0,-2.23,2133.0,1616.8,810.0
MKCL,6/24/2026,1130.0,1130.0,1096.1,1111.0,-1.68,3212.0,1616.8,810.0
MKCL,6/26/2026,1104.0,1135.0,1100.0,1112.0,0.72,1796.0,1616.8,810.0
MKCL,6/29/2026,1083.1,1100.0,1060.0,1095.0,1.1,2233.0,1616.8,810.0
MKCL,6/30/2026,1090.0,1090.0,1070.0,1090.0,0.0,1191.0,1616.8,810.0
MKCL,7/1/2026,1099.0,1106.9,1090.0,1104.0,0.45,2122.0,1616.8,810.0
MKCL,7/2/2026,1104.0,1118.9,1088.0,1088.0,-1.45,650.0,1616.8,810.0
MKCL,7/3/2026,1088.0,1101.0,1076.0,1097.9,0.91,2106.0,1616.8,810.0
MKCL,7/6/2026,1080.0,1086.0,1070.0,1086.0,0.56,1387.0,1616.8,810.0
MKCL,7/7/2026,1098.0,1122.7,1088.0,1097.0,-0.09,2259.0,1616.8,810.0
MKCL,7/8/2026,1080.0,1087.9,1070.0,1087.9,0.73,960.0,1616.8,810.0
MKCL,7/9/2026,1070.0,1102.0,1065.0,1082.0,1.12,2262.0,1616.8,810.0
MKCL,7/10/2026,1082.0,1085.0,1060.0,1083.0,0.09,1863.0,1616.8,810.0
MKCL,7/13/2026,1070.0,1075.0,1050.6,1074.0,0.37,1943.0,1616.8,810.0
MKCL,7/14/2026,1043.0,1069.0,1043.0,1065.0,2.11,699.0,1616.8,810.0
MKCL,7/15/2026,1065.0,1080.0,1053.0,1070.0,0.47,1581.0,1616.8,810.0
MKCL,7/16/2026,1070.0,1101.0,1050.0,1101.0,2.9,1594.0,1616.8,810.0
MKCL,7/17/2026,1110.0,1124.0,1100.0,1119.0,0.81,2010.0,1616.8,810.0
MKCL,7/20/2026,1090.0,1150.0,1090.0,1149.0,5.41,2110.0,1616.8,810.0
MKCL,7/21/2026,1136.0,1185.0,1136.0,1164.0,2.46,1669.0,1616.8,810.0
MKCL,7/22/2026,1160.0,1163.0,1130.0,1160.0,0.0,2479.0,1616.8,810.0
MKCL,7/23/2026,1160.0,1179.0,1131.2,1141.0,-1.64,1005.0,1616.8,810.0
MKCL,7/24/2026,1150.0,1185.0,1133.0,1180.0,2.61,5080.0,1616.8,810.0
MKCL,7/27/2026,1152.0,1180.0,1144.6,1158.9,0.6,1293.0,1616.8,810.0
MKCL,7/28/2026,1124.2,1149.7,1110.0,1139.0,1.32,2878.0,1616.8,810.0
MKCL,7/29/2026,1157.9,1158.0,1112.0,1143.9,-1.21,459.0,1616.8,810.0
MKCL,7/30/2026,1150.0,1150.0,1110.0,1120.0,-2.61,660.0,1616.8,810.0
MKCL,7/31/2026,1100.0,1124.0,1100.0,1120.0,1.82,2255.0,1616.8,810.0
MKCL,8/3/2026,1100.0,1125.0,1091.0,1105.0,0.45,1754.0,1616.8,810.0
MKCL,8/4/2026,1105.0,1105.0,1072.0,1080.0,-2.26,3493.0,1616.8,810.0
MKCL,8/5/2026,1054.0,1080.0,1052.0,1075.0,1.99,3781.0,1616.8,810.0
MKCL,8/6/2026,1075.0,1083.0,1058.0,1062.0,-1.21,3386.0,1616.8,810.0
MKCL,8/7/2026,1041.0,1075.0,1041.0,1075.0,3.27,2299.0,1616.8,810.0
MKCL,8/10/2026,1050.2,1060.0,1050.1,1051.0,0.08,944.0,1616.8,810.0
MKCL,8/11/2026,1042.5,1082.5,1042.5,1064.0,2.06,3179.0,1616.8,810.0
MKCL,8/12/2026,1060.0,1060.0,1041.0,1050.0,-0.94,4366.0,1616.8,810.0
MKCL,8/13/2026,1050.0,1060.0,1046.0,1052.0,0.19,625.0,1616.8,810.0
MKCL,8/14/2026,1046.0,1050.0,991.0,1048.0,0.19,4710.0,1616.8,810.0
MKCL,8/17/2026,1044.0,1044.0,1004.1,1016.0,-2.68,2099.0,1616.8,810.0
MKCL,8/18/2026,1005.6,1015.0,980.0,985.0,-2.05,3517.0,1616.8,810.0
MKCL,8/19/2026,962.0,983.9,959.0,975.0,1.35,2376.0,1616.8,810.0
MKCL,8/20/2026,960.0,974.0,953.1,960.0,0.0,2120.0,1616.8,810.0
MKCL,8/21/2026,948.0,960.0,905.0,920.0,-2.95,6399.0,1616.8,810.0
MKCL,8/24/2026,920.0,929.0,890.1,895.0,-2.72,4758.0,1616.8,810.0
MKCL,8/25/2026,872.5,917.9,872.5,890.0,2.01,1935.0,1616.8,810.0
MKCL,8/26/2026,900.0,900.0,865.1,885.9,-1.57,4285.0,1616.8,810.0
MKCL,8/27/2026,860.5,883.0,860.0,870.0,1.1,2553.0,1616.8,810.0
MKCL,8/31/2026,867.0,884.9,810.0,820.0,-5.42,3930.0,1616.8,810.0
MKCL,9/1/2026,820.0,854.0,820.0,840.0,2.44,2495.0,1616.8,810.0
MKCL,9/2/2026,840.0,860.0,823.0,860.0,2.38,638.0,1616.8,810.0
MKCL,9/3/2026,861.0,899.9,856.1,899.9,4.52,1680.0,1616.8,810.0
MKCL,9/7/2026,899.0,926.0,895.0,911.0,1.33,2080.0,1616.8,810.0
MKCL,9/9/2026,890.0,911.0,885.1,900.0,1.12,2852.0,1616.8,810.0
MKCL,9/10/2026,875.0,890.0,875.0,890.0,1.71,286.0,1616.8,810.0
MKCL,9/11/2026,900.0,900.0,876.0,896.9,-0.34,587.0,1616.8,810.0
MKCL,9/14/2026,917.0,917.0,872.0,890.0,-2.94,685.0,1616.8,810.0
MKCL,9/15/2026,909.0,930.0,890.0,920.0,1.21,2828.0,1616.8,810.0
MKCL,9/16/2026,940.0,940.0,900.0,911.0,-3.09,692.0,1616.8,810.0
MKCL,9/17/2026,910.0,910.0,880.0,895.0,-1.65,1823.0,1616.8,810.0
MKCL,9/18/2026,899.0,899.5,876.3,879.0,-2.22,1976.0,1616.8,810.0
MKCL,9/22/2026,880.0,895.0,880.0,886.0,0.68,810.0,1616.8,810.0
MKCL,9/23/2026,890.0,890.0,870.0,870.0,-2.25,2079.0,1616.8,810.0
MKCL,9/24/2026,860.0,870.0,845.0,867.0,0.81,3306.0,1616.8,810.0
MKCL,9/28/2026,867.0,869.0,837.0,840.0,-3.11,2554.0,1616.8,810.0
MKCL,9/29/2026,859.0,860.0,815.0,0.0,-100.0,1682.0,1616.8,810.0
MKCL,9/30/2026,830.0,830.0,816.7,830.0,0.0,492.0,1616.8,810.0
MKCL,10/1/2026,820.0,849.9,820.0,847.0,3.29,756.0,1616.8,810.0
MKCL,10/2/2026,832.0,838.0,807.2,810.1,-2.63,5652.0,1616.8,810.0
MKHC,12/21/2025,365.1,366.7,361.2,361.6,,6585.0,414.9,232.1
MKHC,12/22/2025,355.0,367.6,350.5,364.9,0.91,10081.0,414.9,232.1
MKHC,12/23/2025,366.0,367.5,353.3,364.0,-0.25,5701.0,414.9,232.1
MKHC,12/24/2025,367.0,367.0,357.0,357.0,-1.92,5569.0,414.9,232.1
MKHC,12/28/2025,356.0,366.0,356.0,365.0,2.24,5643.0,414.9,232.1
MKHC,12/29/2025,366.0,370.0,356.8,361.9,-0.85,9325.0,414.9,232.1
MKHC,12/31/2025,355.0,363.0,355.0,358.0,-1.08,6263.0,414.9,232.1
MKHC,1/1/2026,356.1,357.0,351.0,357.0,-0.28,8785.0,414.9,232.1
MKHC,1/4/2026,353.0,359.5,343.0,350.0,-1.96,8619.0,414.9,232.1
MKHC,1/5/2026,356.5,356.5,344.0,355.0,1.43,18311.0,414.9,232.1
MKHC,1/6/2026,354.0,360.0,349.2,354.0,-0.28,12753.0,414.9,232.1
MKHC,1/7/2026,348.0,352.0,342.2,349.8,-1.19,15907.0,414.9,232.1
MKHC,1/8/2026,348.0,350.0,340.0,350.0,0.06,11133.0,414.9,232.1
MKHC,1/12/2026,350.0,354.0,337.0,337.0,-3.71,9781.0,414.9,232.1
MKHC,1/13/2026,337.2,340.0,332.2,340.0,0.89,20807.0,414.9,232.1
MKHC,1/14/2026,338.0,345.9,335.0,345.9,1.74,9968.0,414.9,232.1
MKHC,1/18/2026,352.0,352.8,336.0,347.0,0.32,23157.0,414.9,232.1
MKHC,1/20/2026,353.0,353.0,342.1,347.0,0.0,23910.0,414.9,232.1
MKHC,1/21/2026,350.9,352.4,337.1,337.2,-2.82,32046.0,414.9,232.1
MKHC,1/22/2026,342.0,343.9,335.0,343.9,1.99,18063.0,414.9,232.1
MKHC,1/25/2026,350.0,350.0,343.5,350.0,1.77,38547.0,414.9,232.1
MKHC,1/26/2026,357.0,357.0,340.1,347.0,-0.86,21202.0,414.9,232.1
MKHC,1/27/2026,347.0,381.0,341.1,376.0,8.36,68232.0,414.9,232.1
MKHC,1/28/2026,376.0,380.0,368.0,372.9,-0.82,33876.0,414.9,232.1
MKHC,1/29/2026,379.0,381.5,357.8,364.0,-2.39,40862.0,414.9,232.1
MKHC,2/1/2026,370.0,370.0,345.0,352.0,-3.3,35692.0,414.9,232.1
MKHC,2/2/2026,359.0,359.0,340.0,353.0,0.28,33775.0,414.9,232.1
MKHC,2/3/2026,355.0,358.9,340.0,344.0,-2.55,28394.0,414.9,232.1
MKHC,2/4/2026,340.0,349.9,339.0,348.8,1.4,33545.0,414.9,232.1
MKHC,2/5/2026,348.0,351.0,335.6,335.6,-3.78,53777.0,414.9,232.1
MKHC,2/8/2026,340.0,364.8,334.0,350.0,4.29,56569.0,414.9,232.1
MKHC,2/9/2026,343.0,349.6,317.0,331.1,-5.4,378030.0,414.9,232.1
MKHC,2/10/2026,337.0,346.8,324.5,330.0,-0.33,92194.0,414.9,232.1
MKHC,2/11/2026,330.0,343.3,322.0,323.2,-2.06,64613.0,414.9,232.1
MKHC,2/12/2026,329.0,329.0,319.1,323.0,-0.06,76237.0,414.9,232.1
MKHC,2/16/2026,325.0,325.0,318.0,319.0,-1.24,49624.0,414.9,232.1
MKHC,2/17/2026,320.1,323.9,315.0,317.0,-0.63,53960.0,414.9,232.1
MKHC,2/22/2026,323.3,323.3,313.0,317.0,0.0,40902.0,414.9,232.1
MKHC,2/23/2026,316.9,318.0,311.0,312.1,-1.55,27795.0,414.9,232.1
MKHC,2/24/2026,316.0,316.0,310.7,315.8,1.19,27116.0,414.9,232.1
MKHC,2/25/2026,316.1,318.0,314.0,317.0,0.38,29926.0,414.9,232.1
MKHC,2/26/2026,319.9,320.0,314.0,318.0,0.32,26874.0,414.9,232.1
MKHC,2/27/2026,319.9,320.0,314.0,318.0,0.0,26874.0,414.9,232.1
MKHC,2/28/2026,319.9,320.0,314.0,318.0,0.0,26874.0,414.9,232.1
MKHC,3/2/2026,315.0,319.5,313.0,319.4,0.44,23844.0,414.9,232.1
MKHC,3/3/2026,319.0,333.0,319.0,333.0,4.26,35263.0,414.9,232.1
MKHC,3/4/2026,319.0,333.0,319.0,333.0,0.0,35263.0,414.9,232.1
MKHC,3/5/2026,319.0,333.0,319.0,333.0,0.0,35263.0,414.9,232.1
MKHC,3/6/2026,319.0,333.0,319.0,333.0,0.0,35263.0,414.9,232.1
MKHC,3/7/2026,319.0,333.0,319.0,333.0,0.0,35263.0,414.9,232.1
MKHC,3/8/2026,319.0,333.0,319.0,333.0,0.0,35263.0,414.9,232.1
MKHC,3/9/2026,339.6,346.3,339.6,346.3,3.99,1280.0,414.9,232.1
MKHC,3/10/2026,353.2,360.0,334.2,341.2,-1.47,104622.0,414.9,232.1
MKHC,3/11/2026,347.9,348.0,331.4,337.7,-1.03,59340.0,414.9,232.1
MKHC,3/12/2026,338.2,360.0,335.0,353.0,4.53,113395.0,414.9,232.1
MKHC,3/13/2026,338.2,360.0,335.0,353.0,0.0,113395.0,414.9,232.1
MKHC,3/14/2026,338.2,360.0,335.0,353.0,0.0,113395.0,414.9,232.1
MKHC,3/15/2026,355.0,367.0,353.5,363.9,3.09,108932.0,414.9,232.1
MKHC,3/16/2026,371.1,371.1,350.0,354.0,-2.72,54398.0,414.9,232.1
MKHC,3/17/2026,354.0,355.0,347.0,354.0,0.0,40015.0,414.9,232.1
MKHC,3/18/2026,354.0,355.0,347.0,354.0,0.0,40015.0,414.9,232.1
MKHC,3/19/2026,361.0,367.1,358.0,361.1,2.01,104969.0,414.9,232.1
MKHC,3/20/2026,361.0,367.1,358.0,361.1,0.0,104969.0,414.9,232.1
MKHC,3/21/2026,361.0,367.1,358.0,361.1,0.0,104969.0,414.9,232.1
MKHC,3/22/2026,368.3,368.3,350.0,358.0,-0.86,102849.0,414.9,232.1
MKHC,3/23/2026,358.0,358.0,351.0,356.0,-0.56,48468.0,414.9,232.1
MKHC,3/24/2026,353.1,359.9,353.0,355.6,-0.11,51501.0,414.9,232.1
MKHC,3/25/2026,353.0,358.0,349.1,349.1,-1.83,45221.0,414.9,232.1
MKHC,3/26/2026,349.1,367.1,345.0,366.0,4.84,68333.0,414.9,232.1
MKHC,3/29/2026,370.0,370.0,350.6,353.0,-4.59,44621.0,414.9,232.1
MKHC,3/30/2026,350.3,357.3,343.1,343.5,-1.94,48448.0,414.9,232.1
MKHC,3/31/2026,343.5,349.9,335.1,348.0,1.31,29372.0,414.9,232.1
MKHC,4/1/2026,348.0,351.0,328.0,329.0,-5.46,49649.0,414.9,232.1
MKHC,4/2/2026,325.2,338.9,322.5,331.9,2.06,35531.0,414.9,232.1
MKHC,4/5/2026,325.3,328.9,313.0,314.0,-3.47,35396.0,414.9,232.1
MKHC,4/6/2026,314.0,333.4,314.0,332.5,5.89,31195.0,414.9,232.1
MKHC,4/7/2026,336.0,336.0,325.2,325.4,-3.15,21496.0,414.9,232.1
MKHC,4/8/2026,331.0,339.8,325.0,336.4,1.63,41572.0,414.9,232.1
MKHC,4/9/2026,332.0,346.5,330.0,342.0,3.01,40762.0,414.9,232.1
MKHC,4/10/2026,341.5,345.0,335.0,338.0,-1.02,22173.0,414.9,232.1
MKHC,4/13/2026,342.0,351.5,340.0,344.7,0.79,38501.0,414.9,232.1
MKHC,4/15/2026,344.0,355.0,344.0,348.8,1.4,39140.0,414.9,232.1
MKHC,4/16/2026,344.0,348.7,336.0,338.0,-1.74,27673.0,414.9,232.1
MKHC,4/17/2026,344.7,344.7,333.6,338.1,-1.91,19443.0,414.9,232.1
MKHC,4/20/2026,335.1,341.0,330.2,334.0,-0.33,15501.0,414.9,232.1
MKHC,4/21/2026,330.0,337.9,329.0,332.0,0.61,21696.0,414.9,232.1
MKHC,4/22/2026,336.0,336.0,323.1,330.0,-1.79,43534.0,414.9,232.1
MKHC,4/23/2026,346.5,346.5,325.0,326.0,-5.92,8126.0,414.9,232.1
MKHC,4/24/2026,322.1,330.0,322.0,322.0,-0.03,22105.0,414.9,232.1
MKHC,4/27/2026,338.1,338.1,322.6,322.6,-4.58,13767.0,414.9,232.1
MKHC,4/28/2026,322.6,326.0,319.4,321.7,-0.28,19881.0,414.9,232.1
MKHC,4/29/2026,321.7,324.4,316.1,318.4,-1.03,18892.0,414.9,232.1
MKHC,4/30/2026,316.1,322.0,315.3,319.0,0.92,12257.0,414.9,232.1
MKHC,5/4/2026,325.0,325.0,315.0,315.0,-3.08,18995.0,414.9,232.1
MKHC,5/5/2026,313.0,319.0,311.8,315.0,0.64,22616.0,414.9,232.1
MKHC,5/6/2026,313.0,318.0,312.1,312.6,-0.13,15328.0,414.9,232.1
MKHC,5/7/2026,312.6,315.0,310.5,312.9,0.1,9355.0,414.9,232.1
MKHC,5/8/2026,310.2,317.6,310.2,316.0,1.87,8642.0,414.9,232.1
MKHC,5/11/2026,322.0,325.7,318.0,322.0,0.0,21661.0,414.9,232.1
MKHC,5/12/2026,325.1,326.0,318.0,319.0,-1.88,14175.0,414.9,232.1
MKHC,5/13/2026,315.1,320.0,314.0,319.9,1.52,10462.0,414.9,232.1
MKHC,5/14/2026,315.0,324.0,315.0,318.0,0.95,7554.0,414.9,232.1
MKHC,5/15/2026,318.0,321.0,316.0,316.0,-0.63,8344.0,414.9,232.1
MKHC,5/18/2026,315.0,324.8,315.0,323.0,2.54,11656.0,414.9,232.1
MKHC,5/19/2026,324.9,324.9,313.4,319.5,-1.66,12548.0,414.9,232.1
MKHC,5/20/2026,314.1,323.0,314.1,320.0,1.88,14381.0,414.9,232.1
MKHC,5/21/2026,317.5,321.0,317.0,319.5,0.63,10533.0,414.9,232.1
MKHC,5/22/2026,320.0,325.0,317.0,320.0,0.0,23983.0,414.9,232.1
MKHC,5/25/2026,320.0,342.9,320.0,337.1,5.34,65113.0,414.9,232.1
MKHC,5/26/2026,340.0,345.9,335.8,337.0,-0.88,40054.0,414.9,232.1
MKHC,5/27/2026,337.0,337.0,326.0,334.4,-0.77,27800.0,414.9,232.1
MKHC,6/1/2026,328.0,334.0,323.0,326.0,-0.61,13292.0,414.9,232.1
MKHC,6/2/2026,319.1,329.0,319.1,324.5,1.69,12773.0,414.9,232.1
MKHC,6/3/2026,322.2,330.0,321.0,324.9,0.84,8883.0,414.9,232.1
MKHC,6/4/2026,324.2,332.9,320.5,320.5,-1.14,14789.0,414.9,232.1
MKHC,6/5/2026,324.0,325.0,316.1,321.0,-0.93,15537.0,414.9,232.1
MKHC,6/8/2026,320.0,320.0,315.0,316.0,-1.25,15071.0,414.9,232.1
MKHC,6/9/2026,315.0,321.7,313.0,315.0,0.0,35074.0,414.9,232.1
MKHC,6/10/2026,320.0,322.0,313.2,315.0,-1.56,13525.0,414.9,232.1
MKHC,6/11/2026,313.6,320.0,313.1,313.7,0.03,15873.0,414.9,232.1
MKHC,6/12/2026,299.6,321.3,299.6,315.0,5.14,22261.0,414.9,232.1
MKHC,6/15/2026,313.0,317.0,311.6,311.7,-0.42,22925.0,414.9,232.1
MKHC,6/16/2026,314.0,321.0,312.5,316.0,0.64,34494.0,414.9,232.1
MKHC,6/17/2026,316.0,324.5,316.0,322.5,2.06,25056.0,414.9,232.1
MKHC,6/18/2026,315.5,324.5,315.5,318.5,0.95,14268.0,414.9,232.1
MKHC,6/19/2026,318.1,321.0,315.3,315.5,-0.82,7735.0,414.9,232.1
MKHC,6/22/2026,316.0,320.0,314.0,314.9,-0.35,6603.0,414.9,232.1
MKHC,6/23/2026,300.0,318.0,300.0,313.5,4.5,8265.0,414.9,232.1
MKHC,6/24/2026,311.0,311.0,303.0,304.0,-2.25,16651.0,414.9,232.1
MKHC,6/26/2026,305.0,310.0,304.0,308.5,1.15,9291.0,414.9,232.1
MKHC,6/29/2026,305.0,306.0,300.0,302.0,-0.98,11865.0,414.9,232.1
MKHC,6/30/2026,295.6,304.0,295.6,297.0,0.47,16151.0,414.9,232.1
MKHC,7/1/2026,293.0,305.0,293.0,303.0,3.41,6715.0,414.9,232.1
MKHC,7/2/2026,303.0,304.0,298.1,301.5,-0.5,8357.0,414.9,232.1
MKHC,7/3/2026,300.0,304.0,298.1,299.0,-0.33,9706.0,414.9,232.1
MKHC,7/6/2026,296.0,300.1,295.6,297.0,0.34,7828.0,414.9,232.1
MKHC,7/7/2026,302.0,302.0,294.1,298.0,-1.32,13908.0,414.9,232.1
MKHC,7/8/2026,295.0,299.9,294.0,299.9,1.66,6188.0,414.9,232.1
MKHC,7/9/2026,301.2,301.2,293.0,297.0,-1.39,6796.0,414.9,232.1
MKHC,7/10/2026,295.2,296.3,291.0,294.7,-0.17,6432.0,414.9,232.1
MKHC,7/13/2026,294.1,299.0,286.0,286.0,-2.75,16302.0,414.9,232.1
MKHC,7/14/2026,290.0,290.0,279.0,284.6,-1.86,12308.0,414.9,232.1
MKHC,7/15/2026,279.1,290.0,279.1,289.0,3.55,9099.0,414.9,232.1
MKHC,7/16/2026,289.0,295.9,283.0,283.3,-1.97,5751.0,414.9,232.1
MKHC,7/17/2026,275.0,299.0,275.0,296.0,7.64,2731.0,414.9,232.1
MKHC,7/20/2026,293.0,302.8,293.0,301.4,2.87,12896.0,414.9,232.1
MKHC,7/21/2026,300.1,307.0,298.0,300.9,0.27,10735.0,414.9,232.1
MKHC,7/22/2026,291.9,302.0,291.9,300.0,2.77,6464.0,414.9,232.1
MKHC,7/23/2026,294.0,299.4,294.0,299.0,1.7,6383.0,414.9,232.1
MKHC,7/24/2026,297.1,300.0,295.0,297.2,0.03,7089.0,414.9,232.1
MKHC,7/27/2026,293.0,300.0,293.0,294.0,0.34,2973.0,414.9,232.1
MKHC,7/28/2026,293.1,295.0,290.1,291.0,-0.72,3889.0,414.9,232.1
MKHC,7/29/2026,288.6,294.5,288.0,290.1,0.52,7635.0,414.9,232.1
MKHC,7/30/2026,290.0,294.0,284.0,285.0,-1.72,17333.0,414.9,232.1
MKHC,7/31/2026,275.0,292.4,275.0,285.0,3.64,8370.0,414.9,232.1
MKHC,8/3/2026,285.0,290.0,285.0,286.0,0.35,2648.0,414.9,232.1
MKHC,8/4/2026,285.0,286.9,283.1,286.9,0.67,10976.0,414.9,232.1
MKHC,8/5/2026,288.9,289.8,285.0,287.0,-0.66,17057.0,414.9,232.1
MKHC,8/6/2026,285.0,287.0,284.6,285.8,0.28,12603.0,414.9,232.1
MKHC,8/7/2026,271.6,293.0,266.0,280.0,3.09,356138.0,414.9,232.1
MKHC,8/10/2026,280.0,285.0,271.0,271.0,-3.21,15787.0,414.9,232.1
MKHC,8/11/2026,272.1,279.1,268.7,272.8,0.26,64787.0,414.9,232.1
MKHC,8/12/2026,275.0,275.0,266.0,267.0,-2.91,25356.0,414.9,232.1
MKHC,8/13/2026,269.0,272.3,266.4,271.0,0.74,22052.0,414.9,232.1
MKHC,8/14/2026,271.0,271.8,268.4,268.5,-0.92,16650.0,414.9,232.1
MKHC,8/17/2026,268.5,270.0,263.0,268.2,-0.11,30531.0,414.9,232.1
MKHC,8/18/2026,266.0,268.0,262.0,265.0,-0.38,21820.0,414.9,232.1
MKHC,8/19/2026,252.0,265.0,252.0,261.0,3.57,12164.0,414.9,232.1
MKHC,8/20/2026,264.0,264.0,257.5,260.9,-1.17,14335.0,414.9,232.1
MKHC,8/21/2026,262.0,262.0,256.0,259.0,-1.15,29006.0,414.9,232.1
MKHC,8/24/2026,252.0,258.0,250.2,254.9,1.15,22706.0,414.9,232.1
MKHC,8/25/2026,255.0,255.9,250.6,252.4,-1.02,7651.0,414.9,232.1
MKHC,8/26/2026,252.0,252.0,244.0,247.9,-1.63,17930.0,414.9,232.1
MKHC,8/27/2026,243.0,248.0,236.5,246.9,1.6,13055.0,414.9,232.1
MKHC,8/31/2026,244.9,244.9,232.9,233.0,-4.86,14448.0,414.9,232.1
MKHC,9/1/2026,233.0,242.0,233.0,236.0,1.29,9355.0,414.9,232.1
MKHC,9/2/2026,232.1,256.3,232.1,250.0,7.71,28799.0,414.9,232.1
MKHC,9/3/2026,255.0,269.8,254.0,269.6,5.73,64064.0,414.9,232.1
MKHC,9/7/2026,269.6,273.0,259.0,260.0,-3.56,23751.0,414.9,232.1
MKHC,9/9/2026,264.9,264.9,257.0,257.0,-2.98,7641.0,414.9,232.1
MKHC,9/10/2026,257.0,259.9,251.0,255.1,-0.74,9057.0,414.9,232.1
MKHC,9/11/2026,251.2,259.3,251.2,256.5,2.11,12722.0,414.9,232.1
MKHC,9/14/2026,265.0,265.0,257.3,259.5,-2.08,10993.0,414.9,232.1
MKHC,9/15/2026,272.0,278.0,262.0,267.0,-1.84,26478.0,414.9,232.1
MKHC,9/16/2026,266.7,266.9,258.1,258.1,-3.22,15395.0,414.9,232.1
MKHC,9/17/2026,261.0,266.5,257.1,261.0,0.0,16647.0,414.9,232.1
MKHC,9/18/2026,265.6,266.0,259.2,263.5,-0.79,13743.0,414.9,232.1
MKHC,9/22/2026,270.0,270.0,261.0,265.0,-1.85,6199.0,414.9,232.1
MKHC,9/23/2026,265.0,265.0,258.0,258.0,-2.64,14403.0,414.9,232.1
MKHC,9/24/2026,255.8,263.8,255.0,263.8,3.13,14250.0,414.9,232.1
MKHC,9/28/2026,255.9,263.0,253.1,256.0,0.04,7608.0,414.9,232.1
MKHC,9/29/2026,268.8,268.8,250.7,0.0,-100.0,6778.0,414.9,232.1
MKHC,9/30/2026,248.5,255.0,248.5,253.0,1.81,6611.0,414.9,232.1
MKHC,10/1/2026,247.0,257.0,247.0,254.0,2.83,10251.0,414.9,232.1
MKHC,10/2/2026,254.0,254.0,249.0,249.0,-1.97,7319.0,414.9,232.1
MKHL,12/21/2025,808.0,823.9,777.0,809.9,,2743.0,915.0,457.0
MKHL,12/22/2025,795.0,800.0,779.1,800.0,-1.22,1805.0,915.0,457.0
MKHL,12/23/2025,786.2,798.0,772.0,798.0,-0.25,8638.0,915.0,457.0
MKHL,12/24/2025,783.9,799.5,770.0,788.9,-1.14,5880.0,915.0,457.0
MKHL,12/28/2025,774.5,804.0,773.9,783.0,-0.75,5964.0,915.0,457.0
MKHL,12/29/2025,768.8,800.0,768.8,794.0,1.4,6081.0,915.0,457.0
MKHL,12/31/2025,779.5,795.6,779.5,785.0,-1.13,1030.0,915.0,457.0
MKHL,1/1/2026,770.5,785.0,770.5,771.5,-1.72,2944.0,915.0,457.0
MKHL,1/4/2026,756.6,794.0,756.6,793.0,2.79,1275.0,915.0,457.0
MKHL,1/5/2026,778.5,799.8,778.5,789.0,-0.5,4620.0,915.0,457.0
MKHL,1/6/2026,775.0,821.1,762.1,800.0,1.39,4967.0,915.0,457.0
MKHL,1/7/2026,785.0,816.0,770.0,783.6,-2.05,2656.0,915.0,457.0
MKHL,1/8/2026,768.8,800.0,754.1,800.0,2.09,7895.0,915.0,457.0
MKHL,1/12/2026,785.6,810.5,771.0,796.0,-0.5,8112.0,915.0,457.0
MKHL,1/13/2026,780.9,795.0,773.1,774.0,-2.76,6350.0,915.0,457.0
MKHL,1/14/2026,759.2,834.3,759.2,795.0,2.71,11016.0,915.0,457.0
MKHL,1/18/2026,780.5,808.0,771.3,800.1,0.64,7961.0,915.0,457.0
MKHL,1/20/2026,785.6,821.1,784.1,800.0,-0.01,5527.0,915.0,457.0
MKHL,1/21/2026,784.5,816.0,784.5,806.4,0.8,2932.0,915.0,457.0
MKHL,1/22/2026,791.6,807.4,767.0,792.0,-1.79,21515.0,915.0,457.0
MKHL,1/25/2026,780.0,820.0,780.0,819.9,3.52,25808.0,915.0,457.0
MKHL,1/26/2026,804.6,836.0,788.6,819.0,-0.11,43955.0,915.0,457.0
MKHL,1/27/2026,803.5,837.0,803.5,836.9,2.19,31068.0,915.0,457.0
MKHL,1/28/2026,820.6,864.0,807.1,826.0,-1.3,25560.0,915.0,457.0
MKHL,1/29/2026,811.0,881.0,811.0,838.0,1.45,9778.0,915.0,457.0
MKHL,2/1/2026,822.5,853.0,796.4,819.0,-2.27,23098.0,915.0,457.0
MKHL,2/2/2026,803.5,868.0,803.5,839.9,2.55,20431.0,915.0,457.0
MKHL,2/3/2026,823.9,873.1,808.0,842.5,0.31,9075.0,915.0,457.0
MKHL,2/4/2026,827.0,893.0,810.5,851.0,1.01,13457.0,915.0,457.0
MKHL,2/5/2026,835.5,880.0,818.8,865.0,1.65,5937.0,915.0,457.0
MKHL,2/8/2026,848.5,915.0,832.0,870.0,0.58,15590.0,915.0,457.0
MKHL,2/9/2026,853.2,887.0,836.5,863.0,-0.8,24973.0,915.0,457.0
MKHL,2/10/2026,847.0,863.0,820.0,823.0,-4.63,22730.0,915.0,457.0
MKHL,2/11/2026,807.2,829.0,800.0,816.0,-0.85,7400.0,915.0,457.0
MKHL,2/12/2026,800.0,826.0,800.0,809.0,-0.86,21391.0,915.0,457.0
MKHL,2/16/2026,793.5,825.0,778.1,811.0,0.25,12230.0,915.0,457.0
MKHL,2/17/2026,795.4,812.0,776.0,800.0,-1.36,3765.0,915.0,457.0
MKHL,2/22/2026,785.0,798.0,770.0,798.0,-0.25,385.0,915.0,457.0
MKHL,2/23/2026,782.6,790.0,767.0,770.0,-3.51,26227.0,915.0,457.0
MKHL,2/24/2026,760.0,792.0,760.0,764.6,-0.7,3510.0,915.0,457.0
MKHL,2/25/2026,750.0,790.0,750.0,790.0,3.32,2383.0,915.0,457.0
MKHL,2/26/2026,774.5,790.0,760.0,790.0,0.0,9431.0,915.0,457.0
MKHL,2/27/2026,774.5,790.0,760.0,790.0,0.0,9431.0,915.0,457.0
MKHL,2/28/2026,774.5,790.0,760.0,790.0,0.0,9431.0,915.0,457.0
MKHL,3/2/2026,775.0,790.5,760.0,790.5,0.06,640.0,915.0,457.0
MKHL,3/3/2026,775.2,800.0,759.7,800.0,1.2,1683.0,915.0,457.0
MKHL,3/4/2026,775.2,800.0,759.7,800.0,0.0,1683.0,915.0,457.0
MKHL,3/5/2026,775.2,800.0,759.7,800.0,0.0,1683.0,915.0,457.0
MKHL,3/6/2026,775.2,800.0,759.7,800.0,0.0,1683.0,915.0,457.0
MKHL,3/7/2026,775.2,800.0,759.7,800.0,0.0,1683.0,915.0,457.0
MKHL,3/8/2026,775.2,800.0,759.7,800.0,0.0,1683.0,915.0,457.0
MKHL,3/9/2026,816.0,832.3,816.0,832.3,4.04,140.0,915.0,457.0
MKHL,3/10/2026,848.0,848.0,802.0,830.0,-0.28,4570.0,915.0,457.0
MKHL,3/11/2026,814.8,862.0,799.0,862.0,3.86,10280.0,915.0,457.0
MKHL,3/12/2026,845.8,860.0,805.0,860.0,-0.23,7584.0,915.0,457.0
MKHL,3/13/2026,845.8,860.0,805.0,860.0,0.0,7584.0,915.0,457.0
MKHL,3/14/2026,845.8,860.0,805.0,860.0,0.0,7584.0,915.0,457.0
MKHL,3/15/2026,843.5,850.0,799.7,850.0,-1.16,4046.0,915.0,457.0
MKHL,3/16/2026,834.5,834.5,802.0,817.0,-3.88,8127.0,915.0,457.0
MKHL,3/17/2026,800.7,825.0,792.0,813.0,-0.49,3425.0,915.0,457.0
MKHL,3/18/2026,800.7,825.0,792.0,813.0,0.0,3425.0,915.0,457.0
MKHL,3/19/2026,797.5,826.0,797.5,825.0,1.48,5894.0,915.0,457.0
MKHL,3/20/2026,797.5,826.0,797.5,825.0,0.0,5894.0,915.0,457.0
MKHL,3/21/2026,797.5,826.0,797.5,825.0,0.0,5894.0,915.0,457.0
MKHL,3/22/2026,809.8,842.0,795.0,818.0,-0.85,9680.0,915.0,457.0
MKHL,3/23/2026,802.8,834.0,781.0,809.0,-1.1,2414.0,915.0,457.0
MKHL,3/24/2026,793.8,827.0,793.0,797.0,-1.48,3104.0,915.0,457.0
MKHL,3/25/2026,785.0,817.0,780.0,798.0,0.13,11819.0,915.0,457.0
MKHL,3/26/2026,783.5,814.0,770.0,801.0,2.23,7778.0,915.0,457.0
MKHL,3/29/2026,786.8,845.0,766.0,794.5,0.98,21595.0,915.0,457.0
MKHL,3/30/2026,794.5,795.0,756.1,770.0,-3.08,5627.0,915.0,457.0
MKHL,3/31/2026,755.2,800.0,750.0,776.0,2.75,19115.0,915.0,457.0
MKHL,4/1/2026,761.2,776.0,745.0,761.1,-0.01,5896.0,915.0,457.0
MKHL,4/2/2026,746.5,775.0,730.0,756.3,1.31,25237.0,915.0,457.0
MKHL,4/5/2026,742.0,742.3,701.5,703.0,-5.26,4039.0,915.0,457.0
MKHL,4/6/2026,690.0,759.0,677.0,759.0,10.0,90152.0,915.0,457.0
MKHL,4/7/2026,744.0,773.0,705.0,773.0,3.9,11654.0,915.0,457.0
MKHL,4/8/2026,758.2,758.2,720.0,748.0,-1.35,12898.0,915.0,457.0
MKHL,4/9/2026,734.0,792.0,706.0,792.0,7.9,14628.0,915.0,457.0
MKHL,4/10/2026,777.0,777.0,719.9,760.0,-2.19,17772.0,915.0,457.0
MKHL,4/13/2026,745.2,774.0,702.5,738.4,-0.91,19145.0,915.0,457.0
MKHL,4/15/2026,725.0,780.0,711.0,722.0,-0.41,13391.0,915.0,457.0
MKHL,4/16/2026,708.0,729.3,703.7,717.0,1.27,5680.0,915.0,457.0
MKHL,4/17/2026,731.0,731.0,710.1,723.9,-0.97,3312.0,915.0,457.0
MKHL,4/20/2026,703.0,740.0,699.0,700.0,-0.43,3986.0,915.0,457.0
MKHL,4/21/2026,700.0,700.3,680.0,690.0,-1.43,3319.0,915.0,457.0
MKHL,4/22/2026,680.5,690.0,650.0,661.1,-2.85,9565.0,915.0,457.0
MKHL,4/23/2026,680.9,680.9,604.4,630.0,-7.48,16463.0,915.0,457.0
MKHL,4/24/2026,611.1,724.5,600.0,724.5,18.56,13466.0,915.0,457.0
MKHL,4/27/2026,689.0,689.0,640.0,652.0,-5.37,15642.0,915.0,457.0
MKHL,4/28/2026,674.9,674.9,617.0,633.0,-6.21,2339.0,915.0,457.0
MKHL,4/29/2026,602.5,625.0,602.5,615.0,2.07,2433.0,915.0,457.0
MKHL,4/30/2026,615.0,615.0,528.9,559.0,-9.11,10618.0,915.0,457.0
MKHL,5/4/2026,532.0,532.0,502.0,511.0,-3.95,29227.0,915.0,457.0
MKHL,5/5/2026,511.0,540.9,501.0,514.0,0.59,8609.0,915.0,457.0
MKHL,5/6/2026,529.0,529.0,501.1,511.0,-3.4,24224.0,915.0,457.0
MKHL,5/7/2026,521.0,521.0,505.5,508.0,-2.5,4142.0,915.0,457.0
MKHL,5/8/2026,500.5,529.4,500.5,516.5,3.2,4505.0,915.0,457.0
MKHL,5/11/2026,530.0,545.0,515.0,530.0,0.0,26850.0,915.0,457.0
MKHL,5/12/2026,523.0,530.0,515.1,516.3,-1.28,4743.0,915.0,457.0
MKHL,5/13/2026,510.1,530.0,510.1,525.0,2.92,2624.0,915.0,457.0
MKHL,5/14/2026,525.0,525.0,511.1,518.0,-1.33,1545.0,915.0,457.0
MKHL,5/15/2026,508.0,523.0,508.0,510.0,0.39,4476.0,915.0,457.0
MKHL,5/18/2026,503.1,528.0,503.1,517.6,2.88,6906.0,915.0,457.0
MKHL,5/19/2026,491.8,526.2,491.8,526.2,6.99,7530.0,915.0,457.0
MKHL,5/20/2026,539.9,540.0,524.1,540.0,0.02,6702.0,915.0,457.0
MKHL,5/21/2026,556.2,556.2,533.0,542.9,-2.39,3982.0,915.0,457.0
MKHL,5/22/2026,542.9,549.9,538.0,545.0,0.39,3035.0,915.0,457.0
MKHL,5/25/2026,523.1,574.8,523.1,553.0,5.72,7613.0,915.0,457.0
MKHL,5/26/2026,555.0,560.0,551.1,558.0,0.54,1566.0,915.0,457.0
MKHL,5/27/2026,559.0,559.0,550.0,552.0,-1.25,3047.0,915.0,457.0
MKHL,6/1/2026,548.0,550.0,530.1,539.9,-1.48,5370.0,915.0,457.0
MKHL,6/2/2026,550.0,550.0,530.0,539.0,-2.0,2429.0,915.0,457.0
MKHL,6/3/2026,545.0,545.0,510.0,527.6,-3.19,45258.0,915.0,457.0
MKHL,6/4/2026,518.5,535.0,515.0,517.0,-0.29,9583.0,915.0,457.0
MKHL,6/5/2026,510.0,525.0,503.0,515.0,0.98,9562.0,915.0,457.0
MKHL,6/8/2026,490.0,519.0,490.0,510.2,4.12,16944.0,915.0,457.0
MKHL,6/9/2026,505.0,510.9,500.0,510.9,1.17,4758.0,915.0,457.0
MKHL,6/10/2026,496.1,519.0,496.1,510.0,2.8,4319.0,915.0,457.0
MKHL,6/11/2026,520.0,520.0,500.0,504.5,-2.98,19175.0,915.0,457.0
MKHL,6/12/2026,500.0,514.0,500.0,509.9,1.98,10764.0,915.0,457.0
MKHL,6/15/2026,500.0,516.0,500.0,505.0,1.0,19777.0,915.0,457.0
MKHL,6/16/2026,510.0,519.0,498.0,500.0,-1.96,2555.0,915.0,457.0
MKHL,6/17/2026,505.0,514.9,500.3,509.9,0.97,23663.0,915.0,457.0
MKHL,6/18/2026,500.0,520.0,500.0,505.0,1.0,28999.0,915.0,457.0
MKHL,6/19/2026,505.0,507.0,500.0,507.0,0.4,7999.0,915.0,457.0
MKHL,6/22/2026,508.0,508.0,500.0,503.0,-0.98,4168.0,915.0,457.0
MKHL,6/23/2026,501.0,503.0,490.0,497.0,-0.8,7940.0,915.0,457.0
MKHL,6/24/2026,482.1,496.9,473.0,493.9,2.45,7940.0,915.0,457.0
MKHL,6/26/2026,485.0,490.0,480.2,480.2,-0.99,3680.0,915.0,457.0
MKHL,6/29/2026,476.1,488.9,476.0,479.0,0.61,2870.0,915.0,457.0
MKHL,6/30/2026,468.1,475.0,467.0,467.0,-0.23,4632.0,915.0,457.0
MKHL,7/1/2026,470.0,485.0,470.0,485.0,3.19,2318.0,915.0,457.0
MKHL,7/2/2026,495.0,498.0,469.0,479.0,-3.23,3726.0,915.0,457.0
MKHL,7/3/2026,475.1,504.7,475.1,504.7,6.23,7838.0,915.0,457.0
MKHL,7/6/2026,490.0,490.0,476.5,482.0,-1.63,2881.0,915.0,457.0
MKHL,7/7/2026,467.9,485.8,467.9,480.1,2.61,3825.0,915.0,457.0
MKHL,7/8/2026,493.9,493.9,471.1,478.0,-3.22,3101.0,915.0,457.0
MKHL,7/9/2026,475.0,479.0,472.0,474.5,-0.11,8217.0,915.0,457.0
MKHL,7/10/2026,490.0,497.9,472.0,477.0,-2.65,5085.0,915.0,457.0
MKHL,7/13/2026,467.0,491.3,465.0,465.0,-0.43,3640.0,915.0,457.0
MKHL,7/14/2026,458.1,491.3,458.0,466.0,1.72,1254.0,915.0,457.0
MKHL,7/15/2026,466.0,479.9,466.0,479.9,2.98,3491.0,915.0,457.0
MKHL,7/16/2026,457.0,540.0,457.0,540.0,18.16,18305.0,915.0,457.0
MKHL,7/17/2026,513.0,525.0,481.0,518.9,1.15,15530.0,915.0,457.0
MKHL,7/20/2026,518.0,527.3,503.1,527.3,1.8,13017.0,915.0,457.0
MKHL,7/21/2026,512.0,527.9,501.0,519.0,1.37,14809.0,915.0,457.0
MKHL,7/22/2026,510.1,518.0,500.3,514.5,0.86,17642.0,915.0,457.0
MKHL,7/23/2026,501.0,528.9,490.0,512.0,2.2,3010.0,915.0,457.0
MKHL,7/24/2026,498.3,510.0,498.3,507.0,1.75,3735.0,915.0,457.0
MKHL,7/27/2026,493.0,516.9,493.0,501.0,1.62,5754.0,915.0,457.0
MKHL,7/28/2026,495.1,505.0,487.3,503.0,1.6,7193.0,915.0,457.0
MKHL,7/29/2026,488.3,514.0,488.3,514.0,5.26,3608.0,915.0,457.0
MKHL,7/30/2026,498.6,510.0,498.0,510.0,2.29,1482.0,915.0,457.0
MKHL,7/31/2026,497.0,510.0,497.0,504.0,1.41,2237.0,915.0,457.0
MKHL,8/3/2026,495.0,504.0,495.0,502.0,1.41,5048.0,915.0,457.0
MKHL,8/4/2026,495.0,501.0,490.2,493.5,-0.3,1730.0,915.0,457.0
MKHL,8/5/2026,504.5,504.5,484.1,495.0,-1.88,3276.0,915.0,457.0
MKHL,8/6/2026,480.2,502.5,480.2,495.3,3.14,6620.0,915.0,457.0
MKHL,8/7/2026,483.2,495.0,483.2,494.9,2.42,829.0,915.0,457.0
MKHL,8/10/2026,482.0,496.8,482.0,496.8,3.07,2570.0,915.0,457.0
MKHL,8/11/2026,472.0,495.0,472.0,493.1,4.47,964.0,915.0,457.0
MKHL,8/12/2026,495.0,500.0,488.0,500.0,1.01,3148.0,915.0,457.0
MKHL,8/13/2026,519.8,519.8,493.1,500.0,-3.81,1664.0,915.0,457.0
MKHL,8/14/2026,495.0,525.0,488.0,500.1,1.03,2856.0,915.0,457.0
MKHL,8/17/2026,491.0,508.0,491.0,500.0,1.83,3586.0,915.0,457.0
MKHL,8/18/2026,500.0,503.9,498.0,498.6,-0.28,3850.0,915.0,457.0
MKHL,8/19/2026,489.0,500.0,489.0,496.1,1.45,1521.0,915.0,457.0
MKHL,8/20/2026,496.2,496.2,491.9,494.1,-0.42,4543.0,915.0,457.0
MKHL,8/21/2026,507.8,507.8,485.0,500.0,-1.54,3695.0,915.0,457.0
MKHL,8/24/2026,490.0,496.0,490.0,496.0,1.22,420.0,915.0,457.0
MKHL,8/25/2026,493.2,499.9,493.1,493.1,-0.02,3134.0,915.0,457.0
MKHL,8/26/2026,488.1,490.0,481.0,489.0,0.18,3077.0,915.0,457.0
MKHL,8/27/2026,476.0,495.0,476.0,486.5,2.21,1805.0,915.0,457.0
MKHL,8/31/2026,474.2,485.9,467.1,471.6,-0.55,1887.0,915.0,457.0
MKHL,9/1/2026,461.0,483.0,461.0,483.0,4.77,1070.0,915.0,457.0
MKHL,9/2/2026,480.0,488.0,474.0,486.9,1.44,337.0,915.0,457.0
MKHL,9/3/2026,487.0,515.0,477.3,494.0,1.44,2969.0,915.0,457.0
MKHL,9/7/2026,482.2,506.0,482.2,496.1,2.88,934.0,915.0,457.0
MKHL,9/9/2026,483.0,510.0,483.0,495.2,2.53,2908.0,915.0,457.0
MKHL,9/10/2026,494.0,494.7,485.0,494.7,0.14,1840.0,915.0,457.0
MKHL,9/11/2026,499.9,505.0,490.1,505.0,1.02,3595.0,915.0,457.0
MKHL,9/14/2026,495.1,505.5,495.1,505.0,2.0,1594.0,915.0,457.0
MKHL,9/15/2026,530.0,530.0,505.4,511.0,-3.58,1819.0,915.0,457.0
MKHL,9/16/2026,486.0,525.0,486.0,500.0,2.88,1972.0,915.0,457.0
MKHL,9/17/2026,500.0,514.8,500.0,511.5,2.3,2565.0,915.0,457.0
MKHL,9/18/2026,510.0,513.0,501.0,511.9,0.37,2710.0,915.0,457.0
MKHL,9/22/2026,511.0,511.0,496.0,502.6,-1.64,2714.0,915.0,457.0
MKHL,9/23/2026,495.0,513.0,494.0,495.1,0.02,4305.0,915.0,457.0
MKHL,9/24/2026,509.0,509.0,486.0,505.0,-0.79,1046.0,915.0,457.0
MKHL,9/28/2026,480.0,500.0,480.0,497.0,3.54,1821.0,915.0,457.0
MKHL,9/29/2026,486.0,493.0,486.0,0.0,-100.0,4180.0,915.0,457.0
MKHL,9/30/2026,491.0,501.0,490.3,500.0,1.83,1769.0,915.0,457.0
MKHL,10/1/2026,490.0,503.0,487.1,499.0,1.84,2631.0,915.0,457.0
MKHL,10/2/2026,494.0,494.0,490.0,490.0,-0.81,1479.0,915.0,457.0
MKJC,12/8/2021,517.5,538.0,500.0,538.0,,5559.0,635.0,252.0
MKJC,12/9/2021,527.3,530.0,507.0,520.0,-3.35,3576.0,635.0,252.0
MKJC,12/12/2021,509.6,509.6,470.1,506.0,-2.69,6650.0,635.0,252.0
MKJC,12/13/2021,495.9,495.9,458.0,477.0,-5.73,5768.0,635.0,252.0
MKJC,12/14/2021,485.0,518.5,458.2,518.5,8.7,9465.0,635.0,252.0
MKJC,12/15/2021,519.0,528.8,490.1,519.0,0.1,14255.0,635.0,252.0
MKJC,12/16/2021,508.7,508.7,480.0,480.0,-7.51,4875.0,635.0,252.0
MKJC,12/20/2021,470.4,471.2,441.1,452.0,-5.83,7119.0,635.0,252.0
MKJC,12/21/2021,457.0,459.0,436.4,443.0,-1.99,8661.0,635.0,252.0
MKJC,12/22/2021,451.8,470.0,444.0,447.0,0.9,4255.0,635.0,252.0
MKJC,12/23/2021,455.0,468.0,444.9,448.0,0.22,6635.0,635.0,252.0
MKJC,12/26/2021,456.0,463.0,442.1,445.9,-0.47,4808.0,635.0,252.0
MKJC,12/27/2021,453.9,453.9,416.5,430.0,-3.57,4649.0,635.0,252.0
MKJC,12/28/2021,434.0,434.0,409.0,409.0,-4.88,5055.0,635.0,252.0
MKJC,12/29/2021,417.1,430.0,409.0,416.8,1.91,4132.0,635.0,252.0
MKJC,1/2/2022,425.0,425.0,410.0,420.0,0.77,1877.0,635.0,252.0
MKJC,1/3/2022,411.6,436.0,411.6,423.3,0.79,2710.0,635.0,252.0
MKJC,1/4/2022,422.0,428.0,415.1,428.0,1.11,3112.0,635.0,252.0
MKJC,1/5/2022,428.0,462.7,427.8,445.0,3.97,10708.0,635.0,252.0
MKJC,1/6/2022,445.0,474.3,428.0,474.3,6.58,7956.0,635.0,252.0
MKJC,1/9/2022,475.0,503.8,466.1,503.7,6.2,12336.0,635.0,252.0
MKJC,1/10/2022,493.7,525.0,484.0,518.8,3.0,4536.0,635.0,252.0
MKJC,1/11/2022,510.0,525.0,498.0,520.0,0.23,5392.0,635.0,252.0
MKJC,1/12/2022,530.4,542.0,490.0,542.0,4.23,23881.0,635.0,252.0
MKJC,1/13/2022,532.0,543.0,513.0,537.5,-0.83,7312.0,635.0,252.0
MKJC,1/16/2022,537.5,548.0,507.0,525.0,-2.33,12772.0,635.0,252.0
MKJC,1/17/2022,534.0,534.0,504.0,515.0,-1.9,11898.0,635.0,252.0
MKJC,1/18/2022,505.2,525.3,504.7,508.0,-1.36,9041.0,635.0,252.0
MKJC,1/19/2022,500.0,515.0,492.0,500.0,-1.57,8909.0,635.0,252.0
MKJC,1/20/2022,491.0,550.0,491.0,550.0,10.0,35756.0,635.0,252.0
MKJC,1/23/2022,561.0,605.0,561.0,603.5,9.73,45858.0,635.0,252.0
MKJC,1/24/2022,595.0,598.0,565.0,579.0,-4.06,24873.0,635.0,252.0
MKJC,1/25/2022,568.0,591.6,557.0,580.0,0.17,17310.0,635.0,252.0
MKJC,1/26/2022,568.4,591.4,549.0,591.4,1.97,13347.0,635.0,252.0
MKJC,1/27/2022,579.6,603.0,557.0,581.0,-1.76,10652.0,635.0,252.0
MKJC,1/30/2022,592.0,595.0,570.0,580.0,-0.17,34550.0,635.0,252.0
MKJC,1/31/2022,580.0,580.0,561.0,580.0,0.0,12351.0,635.0,252.0
MKJC,2/1/2022,580.0,629.0,574.0,612.0,5.52,33991.0,635.0,252.0
MKJC,2/3/2022,610.0,638.0,610.0,638.0,4.25,39284.0,635.0,252.0
MKJC,2/6/2022,650.0,650.0,612.0,614.0,-3.76,26400.0,635.0,252.0
MKJC,2/7/2022,603.0,615.0,591.9,610.0,-0.65,12574.0,635.0,252.0
MKJC,2/8/2022,622.2,622.2,586.1,596.0,-2.3,16099.0,635.0,252.0
MKJC,2/9/2022,584.2,607.0,577.1,607.0,1.85,8222.0,635.0,252.0
MKJC,2/10/2022,595.0,606.0,585.0,600.0,-1.15,5681.0,635.0,252.0
MKJC,2/13/2022,588.0,598.0,556.0,598.0,-0.33,9207.0,635.0,252.0
MKJC,2/14/2022,586.1,586.1,575.0,575.0,-3.85,2653.0,635.0,252.0
MKJC,2/15/2022,575.0,607.0,570.1,600.0,4.35,4530.0,635.0,252.0
MKJC,2/16/2022,600.0,610.0,566.0,570.0,-5.0,4397.0,635.0,252.0
MKJC,2/17/2022,560.0,597.0,560.0,589.8,3.47,12852.0,635.0,252.0
MKJC,2/20/2022,579.1,622.0,570.0,599.0,1.56,17470.0,635.0,252.0
MKJC,2/21/2022,589.0,623.1,589.0,620.0,3.51,13753.0,635.0,252.0
MKJC,2/22/2022,610.0,682.0,610.0,682.0,10.0,32055.0,635.0,252.0
MKJC,2/23/2022,695.6,733.9,668.6,720.0,5.57,22703.0,635.0,252.0
MKJC,2/24/2022,705.6,714.0,666.0,693.0,-3.75,19410.0,635.0,252.0
MKJC,2/27/2022,679.2,720.0,665.9,678.0,-2.16,12600.0,635.0,252.0
MKJC,2/28/2022,691.5,691.5,621.0,632.0,-6.78,12871.0,635.0,252.0
MKJC,3/2/2022,632.0,640.0,595.9,615.0,-2.69,9396.0,635.0,252.0
MKJC,3/6/2022,622.6,663.0,596.0,663.0,7.8,19794.0,635.0,252.0
MKJC,3/7/2022,676.2,676.2,644.0,665.0,0.3,14258.0,635.0,252.0
MKJC,3/9/2022,675.0,675.0,615.0,646.0,-2.86,9292.0,635.0,252.0
MKJC,3/10/2022,640.0,690.0,634.0,685.0,6.04,17914.0,635.0,252.0
MKJC,3/13/2022,690.0,710.0,673.0,710.0,3.65,19098.0,635.0,252.0
MKJC,3/14/2022,696.0,708.0,681.1,685.3,-3.48,1516.0,635.0,252.0
MKJC,3/15/2022,699.0,699.0,650.0,652.0,-4.86,7993.0,635.0,252.0
MKJC,3/16/2022,665.0,705.0,640.0,692.0,6.13,6260.0,635.0,252.0
MKJC,3/20/2022,678.2,678.2,656.1,666.0,-3.76,8085.0,635.0,252.0
MKJC,3/21/2022,666.0,686.0,643.1,686.0,3.0,8311.0,635.0,252.0
MKJC,3/22/2022,695.0,695.0,652.7,669.9,-2.35,5634.0,635.0,252.0
MKJC,3/23/2022,675.0,675.0,640.0,663.0,-1.03,9565.0,635.0,252.0
MKJC,3/24/2022,649.8,653.0,635.0,636.0,-4.07,5868.0,635.0,252.0
MKJC,3/27/2022,623.3,655.0,615.4,620.0,-2.52,7005.0,635.0,252.0
MKJC,3/28/2022,610.0,637.0,610.0,629.0,1.45,8742.0,635.0,252.0
MKJC,3/29/2022,641.0,641.0,591.0,612.1,-2.69,3728.0,635.0,252.0
MKJC,3/30/2022,624.0,632.0,600.1,631.9,3.23,4237.0,635.0,252.0
MKJC,3/31/2022,621.0,637.5,613.0,620.0,-1.88,5482.0,635.0,252.0
MKJC,4/3/2022,608.0,615.0,597.0,612.0,-1.29,3313.0,635.0,252.0
MKJC,4/4/2022,600.1,625.0,600.0,602.0,-1.63,6209.0,635.0,252.0
MKJC,4/5/2022,590.0,604.0,580.0,584.0,-2.99,6418.0,635.0,252.0
MKJC,4/6/2022,573.0,594.0,573.0,592.0,1.37,2085.0,635.0,252.0
MKJC,4/7/2022,582.0,606.9,582.0,588.0,-0.68,2870.0,635.0,252.0
MKJC,4/11/2022,580.0,603.4,560.0,560.2,-4.73,4160.0,635.0,252.0
MKJC,4/12/2022,550.0,550.0,530.0,540.0,-3.61,2151.0,635.0,252.0
MKJC,4/13/2022,533.0,561.0,531.0,537.0,-0.56,2875.0,635.0,252.0
MKJC,4/17/2022,530.0,545.0,507.7,517.0,-3.72,4869.0,635.0,252.0
MKJC,4/18/2022,507.0,507.3,484.0,493.6,-4.53,3300.0,635.0,252.0
MKJC,4/19/2022,483.8,513.0,456.3,499.0,1.09,3608.0,635.0,252.0
MKJC,4/20/2022,489.1,491.0,478.0,489.0,-2.0,1385.0,635.0,252.0
MKJC,4/21/2022,480.0,517.0,461.1,506.0,3.48,732.0,635.0,252.0
MKJC,4/24/2022,497.0,550.0,497.0,548.0,8.3,2665.0,635.0,252.0
MKJC,4/25/2022,537.1,551.9,516.0,529.0,-3.47,6836.0,635.0,252.0
MKJC,4/26/2022,519.0,538.9,512.0,530.0,0.19,280.0,635.0,252.0
MKJC,4/27/2022,519.4,530.0,501.0,529.8,-0.04,9465.0,635.0,252.0
MKJC,4/28/2022,519.3,540.2,506.0,529.0,-0.15,4477.0,635.0,252.0
MKJC,5/2/2022,538.0,539.0,497.4,505.0,-4.54,3426.0,635.0,252.0
MKJC,5/4/2022,495.0,499.8,480.2,499.0,-1.19,1119.0,635.0,252.0
MKJC,5/5/2022,508.0,508.0,453.0,465.0,-6.81,950.0,635.0,252.0
MKJC,5/8/2022,456.0,485.0,451.0,485.0,4.3,1140.0,635.0,252.0
MKJC,5/9/2022,475.3,510.0,466.0,510.0,5.15,1320.0,635.0,252.0
MKJC,5/10/2022,499.8,547.5,481.0,540.6,6.0,4332.0,635.0,252.0
MKJC,5/11/2022,530.0,561.0,519.4,550.0,1.74,5052.0,635.0,252.0
MKJC,5/12/2022,540.0,553.9,520.0,538.4,-2.11,8062.0,635.0,252.0
MKJC,5/17/2022,527.7,527.7,500.0,504.0,-6.39,2435.0,635.0,252.0
MKJC,5/18/2022,494.2,510.0,476.3,510.0,1.19,2876.0,635.0,252.0
MKJC,5/19/2022,500.0,528.0,490.1,525.0,2.94,5206.0,635.0,252.0
MKJC,5/20/2022,514.5,524.0,484.0,513.0,-2.29,1630.0,635.0,252.0
MKJC,5/23/2022,502.8,505.0,475.0,496.5,-3.22,3220.0,635.0,252.0
MKJC,5/24/2022,496.5,500.0,488.0,499.8,0.66,2216.0,635.0,252.0
MKJC,5/25/2022,490.0,539.0,481.0,529.0,5.84,1936.0,635.0,252.0
MKJC,5/26/2022,519.0,525.9,499.0,525.0,-0.76,660.0,635.0,252.0
MKJC,5/27/2022,514.5,535.0,496.1,535.0,1.9,1940.0,635.0,252.0
MKJC,5/30/2022,524.3,524.3,491.0,505.9,-5.44,2792.0,635.0,252.0
MKJC,5/31/2022,495.8,514.3,480.0,480.0,-5.12,2170.0,635.0,252.0
MKJC,6/1/2022,470.5,528.0,470.5,528.0,10.0,3676.0,635.0,252.0
MKJC,6/2/2022,517.7,517.7,487.4,509.9,-3.43,3000.0,635.0,252.0
MKJC,6/3/2022,500.0,500.0,471.0,497.5,-2.43,3370.0,635.0,252.0
MKJC,6/6/2022,487.6,500.0,477.9,489.0,-1.71,2670.0,635.0,252.0
MKJC,6/7/2022,479.4,507.9,469.9,470.0,-3.89,1680.0,635.0,252.0
MKJC,6/8/2022,478.0,495.0,460.6,489.0,4.04,418.0,635.0,252.0
MKJC,6/9/2022,495.0,502.0,473.0,485.0,-0.82,2439.0,635.0,252.0
MKJC,6/10/2022,476.0,479.0,460.0,469.0,-3.3,3139.0,635.0,252.0
MKJC,6/13/2022,460.0,478.3,460.0,464.0,-1.07,220.0,635.0,252.0
MKJC,6/14/2022,455.0,455.1,438.0,450.0,-3.02,3596.0,635.0,252.0
MKJC,6/15/2022,441.0,459.0,416.9,434.9,-3.36,2280.0,635.0,252.0
MKJC,6/16/2022,427.0,443.0,411.0,433.5,-0.32,1455.0,635.0,252.0
MKJC,6/17/2022,425.0,430.0,417.0,430.0,-0.81,690.0,635.0,252.0
MKJC,6/19/2022,422.0,422.0,406.1,406.1,-5.56,1320.0,635.0,252.0
MKJC,6/20/2022,398.0,405.0,380.1,405.0,-0.27,1260.0,635.0,252.0
MKJC,6/21/2022,405.0,412.0,400.0,412.0,1.73,790.0,635.0,252.0
MKJC,6/22/2022,413.0,413.1,389.1,413.1,0.27,734.0,635.0,252.0
MKJC,6/23/2022,421.3,421.3,373.5,403.8,-2.25,870.0,635.0,252.0
MKJC,6/24/2022,395.8,404.9,372.6,400.0,-0.94,1954.0,635.0,252.0
MKJC,6/26/2022,393.0,433.0,393.0,429.0,7.25,4023.0,635.0,252.0
MKJC,6/27/2022,420.5,454.9,404.8,430.0,0.23,4648.0,635.0,252.0
MKJC,6/28/2022,421.4,421.4,398.3,419.0,-2.56,2105.0,635.0,252.0
MKJC,6/29/2022,411.0,427.2,397.1,411.0,-1.91,4014.0,635.0,252.0
MKJC,6/30/2022,419.0,452.1,413.0,452.1,10.0,8912.0,635.0,252.0
MKJC,7/1/2022,445.2,481.0,413.1,480.0,6.17,4738.0,635.0,252.0
MKJC,7/3/2022,470.4,509.0,451.8,489.0,1.88,6794.0,635.0,252.0
MKJC,7/4/2022,479.4,495.0,458.7,460.0,-5.93,11813.0,635.0,252.0
MKJC,7/5/2022,460.0,469.2,441.1,452.9,-1.54,4730.0,635.0,252.0
MKJC,7/6/2022,444.0,464.0,430.0,464.0,2.45,2627.0,635.0,252.0
MKJC,7/7/2022,464.0,464.0,438.0,462.0,-0.43,4310.0,635.0,252.0
MKJC,7/8/2022,452.8,454.9,438.0,454.9,-1.54,640.0,635.0,252.0
MKJC,7/11/2022,445.9,445.9,412.0,421.0,-7.45,2471.0,635.0,252.0
MKJC,7/12/2022,413.0,428.9,412.0,420.9,-0.02,2830.0,635.0,252.0
MKJC,7/13/2022,415.0,438.5,415.0,438.5,4.18,3763.0,635.0,252.0
MKJC,7/14/2022,436.0,461.0,425.1,461.0,5.13,6530.0,635.0,252.0
MKJC,7/15/2022,465.0,492.6,443.1,492.6,6.85,2882.0,635.0,252.0
MKJC,7/17/2022,483.0,492.0,457.1,475.0,-3.57,4499.0,635.0,252.0
MKJC,7/18/2022,466.0,477.0,457.1,476.9,0.4,2577.0,635.0,252.0
MKJC,7/19/2022,468.0,491.0,468.0,473.0,-0.82,12295.0,635.0,252.0
MKJC,7/20/2022,476.0,476.0,468.5,468.5,-0.95,1615.0,635.0,252.0
MKJC,7/21/2022,467.9,471.0,455.1,458.0,-2.24,2625.0,635.0,252.0
MKJC,7/22/2022,462.0,480.5,450.0,462.0,0.87,2864.0,635.0,252.0
MKJC,7/24/2022,452.8,483.0,452.8,483.0,4.55,6905.0,635.0,252.0
MKJC,7/25/2022,492.0,501.0,480.2,496.0,2.69,10234.0,635.0,252.0
MKJC,7/26/2022,505.0,505.0,477.1,481.0,-3.02,4194.0,635.0,252.0
MKJC,7/27/2022,481.0,488.5,453.4,485.0,0.83,5260.0,635.0,252.0
MKJC,7/28/2022,481.0,533.5,481.0,519.0,7.01,26230.0,635.0,252.0
MKJC,7/29/2022,510.1,530.0,505.1,530.0,2.12,6163.0,635.0,252.0
MKJC,7/31/2022,521.0,571.0,521.0,571.0,7.74,13366.0,635.0,252.0
MKJC,8/1/2022,559.6,582.4,538.0,556.9,-2.47,16967.0,635.0,252.0
MKJC,8/2/2022,545.8,553.7,525.0,545.0,-2.14,10713.0,635.0,252.0
MKJC,8/3/2022,555.0,565.0,530.0,540.1,-0.9,11418.0,635.0,252.0
MKJC,8/4/2022,530.0,539.0,515.0,515.0,-4.65,10935.0,635.0,252.0
MKJC,8/5/2022,506.0,524.5,477.1,478.0,-7.18,8559.0,635.0,252.0
MKJC,8/7/2022,468.5,523.8,468.5,505.3,5.71,16045.0,635.0,252.0
MKJC,8/8/2022,501.0,525.7,501.0,506.1,0.16,8822.0,635.0,252.0
MKJC,8/9/2022,496.0,514.5,480.0,480.1,-5.14,7885.0,635.0,252.0
MKJC,8/10/2022,470.7,497.9,470.7,480.0,-0.02,3596.0,635.0,252.0
MKJC,8/11/2022,489.6,489.6,467.1,467.1,-2.69,5339.0,635.0,252.0
MKJC,8/14/2022,476.4,485.0,467.0,475.0,1.69,1329.0,635.0,252.0
MKJC,8/15/2022,470.0,497.9,466.5,497.9,4.82,1700.0,635.0,252.0
MKJC,8/16/2022,490.0,505.0,478.6,490.0,-1.59,6293.0,635.0,252.0
MKJC,8/17/2022,481.0,499.8,472.0,481.9,-1.65,6357.0,635.0,252.0
MKJC,8/18/2022,473.0,497.0,473.0,489.0,1.47,2361.0,635.0,252.0
MKJC,8/21/2022,495.0,511.0,484.0,493.0,0.82,6716.0,635.0,252.0
MKJC,8/22/2022,485.0,499.0,484.0,487.0,-1.22,901.0,635.0,252.0
MKJC,8/23/2022,477.7,500.0,477.7,498.0,2.26,16391.0,635.0,252.0
MKJC,8/24/2022,506.9,507.8,486.9,498.0,0.0,5469.0,635.0,252.0
MKJC,8/25/2022,506.0,507.9,469.0,469.0,-5.82,7060.0,635.0,252.0
MKJC,8/26/2022,469.1,486.0,462.0,463.0,-1.28,3053.0,635.0,252.0
MKJC,8/28/2022,470.0,491.0,456.0,469.2,1.34,7329.0,635.0,252.0
MKJC,8/29/2022,478.0,506.9,455.9,496.6,5.84,10893.0,635.0,252.0
MKJC,8/30/2022,486.7,487.0,471.0,484.3,-2.48,6565.0,635.0,252.0
MKJC,8/31/2022,474.7,493.9,460.0,490.0,1.18,3072.0,635.0,252.0
MKJC,9/1/2022,480.2,480.2,455.3,472.0,-3.67,8520.0,635.0,252.0
MKJC,9/2/2022,463.0,466.0,461.0,464.9,-1.5,5250.0,635.0,252.0
MKJC,9/4/2022,458.0,500.0,458.0,459.2,-1.23,3482.0,635.0,252.0
MKJC,9/5/2022,450.1,503.0,450.1,493.3,7.43,8635.0,635.0,252.0
MKJC,9/6/2022,483.5,533.4,464.0,475.0,-3.71,15080.0,635.0,252.0
MKJC,9/7/2022,475.0,503.0,470.1,486.0,2.32,8577.0,635.0,252.0
MKJC,9/8/2022,477.0,490.0,467.8,482.0,-0.82,8422.0,635.0,252.0
MKJC,9/11/2022,472.4,509.7,465.4,504.0,4.56,17084.0,635.0,252.0
MKJC,9/12/2022,494.0,494.0,476.1,490.0,-2.78,3472.0,635.0,252.0
MKJC,9/13/2022,481.0,528.0,476.0,528.0,7.76,11453.0,635.0,252.0
MKJC,9/14/2022,517.5,517.5,488.0,514.0,-2.65,30475.0,635.0,252.0
MKJC,9/15/2022,503.8,506.0,471.0,484.0,-5.84,11454.0,635.0,252.0
MKJC,9/16/2022,475.0,475.0,466.0,474.8,-1.9,6437.0,635.0,252.0
MKJC,9/18/2022,466.1,470.0,452.3,453.0,-4.59,7310.0,635.0,252.0
MKJC,9/20/2022,444.0,444.0,427.4,433.0,-4.42,4784.0,635.0,252.0
MKJC,9/21/2022,441.0,456.0,435.0,449.9,3.9,2553.0,635.0,252.0
MKJC,9/22/2022,444.1,445.0,436.1,441.2,-1.93,1200.0,635.0,252.0
MKJC,9/25/2022,440.0,440.0,423.8,434.0,-1.63,3288.0,635.0,252.0
MKJC,9/27/2022,427.6,450.0,427.5,444.9,2.51,5842.0,635.0,252.0
MKJC,9/28/2022,436.2,436.2,428.0,429.0,-3.57,2173.0,635.0,252.0
MKJC,9/29/2022,422.1,430.5,418.0,426.0,-0.7,3716.0,635.0,252.0
MKJC,10/9/2022,434.5,445.0,425.0,445.0,4.46,1648.0,635.0,252.0
MKJC,10/10/2022,437.1,441.9,432.0,437.6,-1.66,480.0,635.0,252.0
MKJC,10/11/2022,430.0,430.0,421.5,428.1,-2.17,1105.0,635.0,252.0
MKJC,10/12/2022,429.0,438.0,429.0,436.0,1.85,889.0,635.0,252.0
MKJC,10/13/2022,428.1,438.0,426.0,433.0,-0.69,2555.0,635.0,252.0
MKJC,10/16/2022,427.0,433.0,407.0,408.0,-5.77,4279.0,635.0,252.0
MKJC,10/17/2022,400.3,415.9,399.9,410.0,0.49,2183.0,635.0,252.0
MKJC,10/19/2022,402.0,405.0,399.0,405.0,-1.22,710.0,635.0,252.0
MKJC,10/20/2022,396.9,399.9,392.0,399.9,-1.26,1670.0,635.0,252.0
MKJC,10/23/2022,407.8,407.8,392.0,400.0,0.03,900.0,635.0,252.0
MKJC,10/31/2022,402.0,406.0,390.0,406.0,1.5,1018.0,635.0,252.0
MKJC,11/1/2022,398.0,415.0,397.9,415.0,2.22,1780.0,635.0,252.0
MKJC,11/2/2022,415.0,433.8,409.0,426.9,2.87,2968.0,635.0,252.0
MKJC,11/3/2022,420.0,425.0,408.0,408.0,-4.43,2530.0,635.0,252.0
MKJC,11/6/2022,408.0,431.8,400.0,425.9,4.39,2980.0,635.0,252.0
MKJC,11/7/2022,430.0,437.7,420.0,420.0,-1.39,4550.0,635.0,252.0
MKJC,11/8/2022,411.6,425.0,410.7,419.0,-0.24,957.0,635.0,252.0
MKJC,11/9/2022,411.1,412.0,396.9,396.9,-5.27,3434.0,635.0,252.0
MKJC,11/10/2022,402.0,405.0,381.3,390.0,-1.74,2230.0,635.0,252.0
MKJC,11/13/2022,383.0,397.0,374.6,380.0,-2.56,2030.0,635.0,252.0
MKJC,11/14/2022,375.0,397.0,375.0,386.0,1.58,1560.0,635.0,252.0
MKJC,11/15/2022,380.0,395.0,378.3,380.0,-1.55,4396.0,635.0,252.0
MKJC,11/16/2022,376.0,394.0,375.0,381.0,0.26,1954.0,635.0,252.0
MKJC,11/17/2022,383.0,404.0,383.0,398.5,4.59,3392.0,635.0,252.0
MKJC,11/22/2022,406.4,406.4,388.0,396.0,-0.63,2057.0,635.0,252.0
MKJC,11/23/2022,396.0,400.5,384.0,400.0,1.01,1406.0,635.0,252.0
MKJC,11/24/2022,405.0,405.0,385.6,397.0,-0.75,1024.0,635.0,252.0
MKJC,11/27/2022,392.0,406.0,392.0,403.0,1.51,2007.0,635.0,252.0
MKJC,11/28/2022,396.1,411.0,390.0,394.0,-2.23,5694.0,635.0,252.0
MKJC,11/29/2022,388.0,408.0,388.0,405.7,2.97,3467.0,635.0,252.0
MKJC,11/30/2022,397.8,413.8,392.0,409.9,1.04,3591.0,635.0,252.0
MKJC,12/1/2022,403.0,419.0,400.0,412.0,0.51,8750.0,635.0,252.0
MKJC,12/4/2022,407.0,423.3,405.2,420.0,1.94,4472.0,635.0,252.0
MKJC,12/5/2022,412.0,418.0,401.6,407.0,-3.1,1028.0,635.0,252.0
MKJC,12/6/2022,399.1,415.0,394.1,398.3,-2.14,7770.0,635.0,252.0
MKJC,12/7/2022,394.0,402.9,394.0,400.0,0.43,2790.0,635.0,252.0
MKJC,12/11/2022,392.0,440.0,387.1,438.0,9.5,5555.0,635.0,252.0
MKJC,12/12/2022,438.0,438.0,397.3,413.0,-5.71,8008.0,635.0,252.0
MKJC,12/13/2022,404.8,412.8,404.0,405.0,-1.94,1833.0,635.0,252.0
MKJC,12/14/2022,413.1,421.0,396.9,405.0,0.0,10071.0,635.0,252.0
MKJC,12/15/2022,396.9,404.0,386.1,386.1,-4.67,5476.0,635.0,252.0
MKJC,12/18/2022,379.0,383.8,376.0,383.0,-0.8,1435.0,635.0,252.0
MKJC,12/19/2022,383.0,383.0,379.0,381.0,-0.52,2655.0,635.0,252.0
MKJC,12/20/2022,388.6,407.5,383.1,388.0,1.84,4122.0,635.0,252.0
MKJC,12/21/2022,388.0,395.7,380.0,383.0,-1.29,2395.0,635.0,252.0
MKJC,12/22/2022,376.0,413.0,376.0,386.0,0.78,6854.0,635.0,252.0
MKJC,12/26/2022,393.7,403.0,389.1,400.0,3.63,7441.0,635.0,252.0
MKJC,12/27/2022,407.0,411.0,398.0,408.0,2.0,8575.0,635.0,252.0
MKJC,12/28/2022,400.0,407.9,392.1,403.5,-1.1,10960.0,635.0,252.0
MKJC,12/29/2022,409.9,415.0,401.0,413.0,2.35,5865.0,635.0,252.0
MKJC,1/1/2023,411.1,425.0,400.0,413.0,0.0,6030.0,635.0,252.0
MKJC,1/2/2023,405.0,418.9,404.0,415.9,0.7,6451.0,635.0,252.0
MKJC,1/3/2023,423.0,423.0,410.0,410.0,-1.42,5130.0,635.0,252.0
MKJC,1/4/2023,410.0,433.5,409.0,432.0,5.37,10354.0,635.0,252.0
MKJC,1/5/2023,437.0,452.0,421.5,444.0,2.78,5442.0,635.0,252.0
MKJC,1/8/2023,445.0,488.4,418.0,458.0,3.15,13157.0,635.0,252.0
MKJC,1/9/2023,467.0,494.7,448.9,488.5,6.66,10517.0,635.0,252.0
MKJC,1/10/2023,478.8,515.0,462.0,475.0,-2.76,13612.0,635.0,252.0
MKJC,1/12/2023,465.5,484.5,441.0,444.0,-6.53,12239.0,635.0,252.0
MKJC,1/17/2023,452.0,465.1,435.4,456.0,2.7,14586.0,635.0,252.0
MKJC,1/18/2023,465.1,474.0,448.0,455.0,-0.22,9608.0,635.0,252.0
MKJC,1/19/2023,455.0,498.4,446.2,498.4,9.54,11981.0,635.0,252.0
MKJC,1/23/2023,488.5,538.5,466.0,538.5,8.05,25843.0,635.0,252.0
MKJC,1/24/2023,527.8,527.8,497.0,509.0,-5.48,18472.0,635.0,252.0
MKJC,1/25/2023,501.0,515.0,498.9,512.0,0.59,10106.0,635.0,252.0
MKJC,1/26/2023,502.0,554.0,495.1,497.2,-2.89,18056.0,635.0,252.0
MKJC,1/29/2023,490.0,497.0,481.0,487.9,-1.87,8276.0,635.0,252.0
MKJC,1/30/2023,488.0,488.0,469.0,470.2,-3.63,5983.0,635.0,252.0
MKJC,1/31/2023,461.9,479.4,461.1,471.0,0.17,4950.0,635.0,252.0
MKJC,2/1/2023,465.0,480.4,465.0,471.0,0.0,1210.0,635.0,252.0
MKJC,2/2/2023,462.1,480.0,449.0,459.0,-2.55,8420.0,635.0,252.0
MKJC,2/5/2023,465.0,467.9,451.0,460.0,0.22,2530.0,635.0,252.0
MKJC,2/6/2023,460.0,469.0,452.1,465.0,1.09,2226.0,635.0,252.0
MKJC,2/7/2023,472.0,489.0,460.6,489.0,5.16,11090.0,635.0,252.0
MKJC,2/8/2023,485.0,497.9,471.2,485.0,-0.82,9511.0,635.0,252.0
MKJC,2/9/2023,475.4,488.5,465.9,488.5,0.72,4246.0,635.0,252.0
MKJC,2/12/2023,478.8,480.0,463.0,463.6,-5.1,5118.0,635.0,252.0
MKJC,2/14/2023,455.3,469.0,455.3,467.0,0.73,2565.0,635.0,252.0
MKJC,2/15/2023,470.0,470.0,457.7,464.5,-0.54,2525.0,635.0,252.0
MKJC,2/16/2023,465.0,466.0,450.0,451.1,-2.88,3095.0,635.0,252.0
MKJC,2/20/2023,443.3,456.0,443.3,450.0,-0.24,2010.0,635.0,252.0
MKJC,2/22/2023,450.0,485.0,450.0,469.0,4.22,2479.0,635.0,252.0
MKJC,2/23/2023,460.0,460.0,439.1,449.0,-4.26,3714.0,635.0,252.0
MKJC,2/26/2023,440.1,460.0,431.0,460.0,2.45,940.0,635.0,252.0
MKJC,2/27/2023,453.5,469.0,441.0,467.0,1.52,2605.0,635.0,252.0
MKJC,2/28/2023,459.0,460.0,456.0,457.0,-2.14,855.0,635.0,252.0
MKJC,3/1/2023,451.0,457.0,441.0,441.0,-3.5,1880.0,635.0,252.0
MKJC,3/2/2023,440.0,444.0,433.9,444.0,0.68,2365.0,635.0,252.0
MKJC,3/5/2023,435.3,435.3,427.0,435.0,-2.03,921.0,635.0,252.0
MKJC,3/7/2023,426.4,450.0,426.4,450.0,3.45,2190.0,635.0,252.0
MKJC,3/9/2023,450.0,461.1,448.1,461.1,2.47,1536.0,635.0,252.0
MKJC,3/12/2023,456.0,456.2,441.0,452.9,-1.78,2620.0,635.0,252.0
MKJC,3/13/2023,460.0,461.9,436.0,447.7,-1.15,1155.0,635.0,252.0
MKJC,3/14/2023,447.0,450.0,441.0,449.8,0.47,1970.0,635.0,252.0
MKJC,3/15/2023,441.5,448.0,440.0,447.0,-0.62,1500.0,635.0,252.0
MKJC,3/16/2023,439.0,448.0,439.0,446.9,-0.02,610.0,635.0,252.0
MKJC,3/19/2023,440.6,446.9,438.7,446.9,0.0,1089.0,635.0,252.0
MKJC,3/20/2023,438.9,455.0,438.7,453.0,1.36,2280.0,635.0,252.0
MKJC,3/22/2023,455.0,455.0,438.1,449.0,-0.88,2390.0,635.0,252.0
MKJC,3/23/2023,440.1,444.6,436.0,444.6,-0.98,1440.0,635.0,252.0
MKJC,3/26/2023,436.0,438.0,430.1,436.6,-1.8,550.0,635.0,252.0
MKJC,3/27/2023,435.0,448.0,425.4,448.0,2.61,480.0,635.0,252.0
MKJC,3/28/2023,445.0,448.0,439.1,440.0,-1.79,3889.0,635.0,252.0
MKJC,3/29/2023,436.1,443.0,435.9,443.0,0.68,320.0,635.0,252.0
MKJC,3/30/2023,443.0,451.8,435.1,443.0,0.0,2052.0,635.0,252.0
MKJC,4/2/2023,436.0,444.7,425.2,432.7,-2.33,2680.0,635.0,252.0
MKJC,4/3/2023,424.3,433.5,422.0,430.0,-0.62,1390.0,635.0,252.0
MKJC,4/4/2023,430.0,439.4,420.0,428.0,-0.47,2025.0,635.0,252.0
MKJC,4/5/2023,420.1,440.7,420.1,440.7,2.97,325.0,635.0,252.0
MKJC,4/6/2023,433.0,433.0,425.6,426.5,-3.22,830.0,635.0,252.0
MKJC,4/9/2023,418.0,426.3,410.3,418.0,-1.99,664.0,635.0,252.0
MKJC,4/10/2023,418.0,420.0,403.9,403.9,-3.37,2932.0,635.0,252.0
MKJC,4/11/2023,404.0,417.1,400.0,410.0,1.51,570.0,635.0,252.0
MKJC,4/12/2023,410.0,433.2,410.0,433.2,5.66,2735.0,635.0,252.0
MKJC,4/13/2023,440.7,441.8,418.0,418.0,-3.51,1402.0,635.0,252.0
MKJC,4/16/2023,420.0,428.4,412.2,412.5,-1.32,690.0,635.0,252.0
MKJC,4/17/2023,407.1,427.0,407.1,409.8,-0.65,740.0,635.0,252.0
MKJC,4/18/2023,403.0,419.0,403.0,409.6,-0.05,493.0,635.0,252.0
MKJC,4/19/2023,402.1,424.0,402.1,416.0,1.56,792.0,635.0,252.0
MKJC,4/20/2023,416.0,416.0,408.8,409.0,-1.68,2270.0,635.0,252.0
MKJC,4/23/2023,400.9,410.0,397.0,397.0,-2.93,2810.0,635.0,252.0
MKJC,4/24/2023,391.1,408.0,391.1,408.0,2.77,1420.0,635.0,252.0
MKJC,4/25/2023,414.0,415.0,406.7,406.7,-0.32,330.0,635.0,252.0
MKJC,4/26/2023,399.0,414.0,399.0,405.0,-0.42,450.0,635.0,252.0
MKJC,4/27/2023,405.0,406.9,395.0,395.0,-2.47,798.0,635.0,252.0
MKJC,4/30/2023,387.1,395.0,383.8,390.0,-1.27,660.0,635.0,252.0
MKJC,5/2/2023,385.0,390.0,385.0,387.4,-0.67,1030.0,635.0,252.0
MKJC,5/3/2023,381.0,390.0,380.0,383.1,-1.11,355.0,635.0,252.0
MKJC,5/4/2023,384.0,398.0,379.0,391.0,2.06,1365.0,635.0,252.0
MKJC,5/7/2023,391.0,394.7,384.1,384.1,-1.76,990.0,635.0,252.0
MKJC,5/8/2023,384.1,385.1,375.4,376.1,-2.08,860.0,635.0,252.0
MKJC,5/9/2023,376.1,389.9,376.0,388.0,3.16,1510.0,635.0,252.0
MKJC,5/10/2023,383.0,389.7,383.0,389.7,0.44,90.0,635.0,252.0
MKJC,5/11/2023,382.0,387.6,374.4,385.0,-1.21,470.0,635.0,252.0
MKJC,5/14/2023,378.0,392.7,373.0,392.7,2.0,440.0,635.0,252.0
MKJC,5/15/2023,384.9,393.0,379.1,390.0,-0.69,370.0,635.0,252.0
MKJC,5/16/2023,382.2,385.2,382.2,385.2,-1.23,70.0,635.0,252.0
MKJC,5/17/2023,386.0,390.0,378.3,389.8,1.19,405.0,635.0,252.0
MKJC,5/18/2023,389.8,406.0,387.1,402.0,3.13,1401.0,635.0,252.0
MKJC,5/21/2023,402.0,414.1,402.0,407.0,1.24,680.0,635.0,252.0
MKJC,5/22/2023,399.0,405.0,385.1,405.0,-0.49,340.0,635.0,252.0
MKJC,5/23/2023,397.0,435.0,397.0,412.0,1.73,1471.0,635.0,252.0
MKJC,5/24/2023,403.8,420.0,400.0,407.0,-1.21,2416.0,635.0,252.0
MKJC,5/28/2023,407.0,415.0,393.2,393.2,-3.39,2090.0,635.0,252.0
MKJC,5/30/2023,388.0,392.0,383.0,390.5,-0.69,3280.0,635.0,252.0
MKJC,5/31/2023,394.0,397.0,376.1,390.0,-0.13,1562.0,635.0,252.0
MKJC,6/1/2023,383.0,389.0,375.4,388.6,-0.36,4550.0,635.0,252.0
MKJC,6/4/2023,396.0,410.0,388.6,393.0,1.13,2196.0,635.0,252.0
MKJC,6/5/2023,385.5,395.0,385.5,393.0,0.0,1000.0,635.0,252.0
MKJC,6/6/2023,385.5,410.0,385.3,392.0,-0.25,5455.0,635.0,252.0
MKJC,6/7/2023,399.8,407.0,394.0,394.1,0.54,1375.0,635.0,252.0
MKJC,6/8/2023,388.0,394.7,387.0,390.0,-1.04,640.0,635.0,252.0
MKJC,6/11/2023,390.0,410.0,390.0,403.0,3.33,4112.0,635.0,252.0
MKJC,6/12/2023,408.0,410.0,398.0,399.1,-0.97,1389.0,635.0,252.0
MKJC,6/13/2023,400.0,420.0,396.3,414.9,3.96,2820.0,635.0,252.0
MKJC,6/14/2023,414.0,423.1,404.0,412.0,-0.7,4223.0,635.0,252.0
MKJC,6/15/2023,406.0,412.0,399.0,403.8,-1.99,1680.0,635.0,252.0
MKJC,6/18/2023,403.0,411.0,403.0,405.0,0.3,2130.0,635.0,252.0
MKJC,6/19/2023,405.0,410.0,397.6,404.0,-0.25,2580.0,635.0,252.0
MKJC,6/20/2023,400.1,415.0,400.0,414.9,2.7,1473.0,635.0,252.0
MKJC,6/21/2023,406.7,407.0,392.0,396.0,-4.56,3446.0,635.0,252.0
MKJC,6/22/2023,396.0,396.0,385.0,396.0,0.0,780.0,635.0,252.0
MKJC,6/25/2023,390.0,407.0,381.5,400.0,1.01,5057.0,635.0,252.0
MKJC,6/26/2023,393.0,406.0,393.0,397.0,-0.75,3049.0,635.0,252.0
MKJC,6/27/2023,390.1,402.0,390.0,395.0,-0.5,3733.0,635.0,252.0
MKJC,6/28/2023,395.3,409.0,389.4,390.0,-1.27,4226.0,635.0,252.0
MKJC,7/2/2023,383.7,395.0,380.0,380.0,-2.56,2308.0,635.0,252.0
MKJC,7/3/2023,372.5,390.0,372.5,377.0,-0.79,3657.0,635.0,252.0
MKJC,7/4/2023,377.0,380.0,372.5,380.0,0.8,1910.0,635.0,252.0
MKJC,7/5/2023,387.6,387.6,369.0,369.0,-2.89,3429.0,635.0,252.0
MKJC,7/6/2023,376.0,390.0,354.0,372.3,0.89,1920.0,635.0,252.0
MKJC,7/9/2023,375.0,380.0,368.0,377.0,1.26,1662.0,635.0,252.0
MKJC,7/10/2023,381.0,381.0,370.0,373.0,-1.06,2259.0,635.0,252.0
MKJC,7/11/2023,367.0,373.0,360.0,373.0,0.0,1651.0,635.0,252.0
MKJC,7/12/2023,367.0,396.0,366.6,396.0,6.17,1189.0,635.0,252.0
MKJC,7/13/2023,403.0,408.0,368.6,379.8,-4.09,3469.0,635.0,252.0
MKJC,7/16/2023,372.5,394.0,372.5,392.0,3.21,1045.0,635.0,252.0
MKJC,7/17/2023,384.2,397.0,376.6,382.1,-2.53,1318.0,635.0,252.0
MKJC,7/18/2023,375.0,397.9,375.0,397.9,4.14,1580.0,635.0,252.0
MKJC,7/19/2023,397.0,397.0,377.6,387.0,-2.74,1000.0,635.0,252.0
MKJC,7/20/2023,394.0,394.0,373.5,384.0,-0.78,1491.0,635.0,252.0
MKJC,7/23/2023,391.0,399.9,385.0,385.8,0.47,835.0,635.0,252.0
MKJC,7/24/2023,393.4,405.0,382.5,389.0,0.83,3700.0,635.0,252.0
MKJC,7/25/2023,389.0,395.0,374.5,385.0,-1.03,4588.0,635.0,252.0
MKJC,7/26/2023,392.0,392.0,370.1,389.1,1.06,1701.0,635.0,252.0
MKJC,7/27/2023,383.0,383.0,373.9,374.0,-3.88,3535.0,635.0,252.0
MKJC,7/30/2023,366.6,381.0,366.6,370.1,-1.04,562.0,635.0,252.0
MKJC,7/31/2023,376.0,381.0,365.7,365.7,-1.19,820.0,635.0,252.0
MKJC,8/1/2023,365.0,369.0,358.7,360.0,-1.56,993.0,635.0,252.0
MKJC,8/2/2023,367.0,367.0,352.9,360.0,0.0,375.0,635.0,252.0
MKJC,8/3/2023,354.0,368.0,354.0,359.0,-0.28,989.0,635.0,252.0
MKJC,8/6/2023,360.0,366.1,343.0,357.0,-0.56,1936.0,635.0,252.0
MKJC,8/7/2023,349.9,371.0,338.0,371.0,3.92,371.0,635.0,252.0
MKJC,8/8/2023,365.0,378.4,356.8,370.0,-0.27,3600.0,635.0,252.0
MKJC,8/9/2023,362.6,368.0,356.0,368.0,-0.54,540.0,635.0,252.0
MKJC,8/10/2023,361.2,364.9,361.0,364.9,-0.84,260.0,635.0,252.0
MKJC,8/13/2023,358.0,369.8,354.0,358.0,-1.89,680.0,635.0,252.0
MKJC,8/14/2023,350.9,371.0,350.9,355.0,-0.84,1104.0,635.0,252.0
MKJC,8/15/2023,348.0,360.0,345.0,346.0,-2.54,2899.0,635.0,252.0
MKJC,8/16/2023,339.1,362.0,332.4,337.0,-2.6,520.0,635.0,252.0
MKJC,8/17/2023,337.0,344.0,333.0,344.0,2.08,955.0,635.0,252.0
MKJC,8/20/2023,350.7,350.7,333.0,339.0,-1.45,440.0,635.0,252.0
MKJC,8/21/2023,332.3,335.1,320.2,333.0,-1.77,2409.0,635.0,252.0
MKJC,8/22/2023,326.4,332.9,320.0,332.9,-0.03,1155.0,635.0,252.0
MKJC,8/23/2023,327.0,335.0,325.0,335.0,0.63,550.0,635.0,252.0
MKJC,8/24/2023,330.0,330.0,326.0,326.0,-2.69,650.0,635.0,252.0
MKJC,8/27/2023,320.0,320.0,314.1,320.0,-1.84,600.0,635.0,252.0
MKJC,8/28/2023,315.1,326.0,315.1,320.4,0.12,345.0,635.0,252.0
MKJC,8/29/2023,314.0,320.0,314.0,315.5,-1.53,1350.0,635.0,252.0
MKJC,8/30/2023,311.1,317.3,311.1,316.0,0.16,220.0,635.0,252.0
MKJC,9/3/2023,311.0,311.0,302.2,303.0,-4.11,1290.0,635.0,252.0
MKJC,9/4/2023,297.0,304.9,293.2,304.9,0.63,915.0,635.0,252.0
MKJC,9/5/2023,298.9,310.9,294.1,310.9,1.97,340.0,635.0,252.0
MKJC,9/7/2023,304.7,304.7,299.0,304.7,-1.99,1058.0,635.0,252.0
MKJC,9/10/2023,299.0,302.4,293.2,300.0,-1.54,750.0,635.0,252.0
MKJC,9/11/2023,300.0,325.0,300.0,325.0,8.33,570.0,635.0,252.0
MKJC,9/12/2023,318.5,320.0,303.0,318.0,-2.15,777.0,635.0,252.0
MKJC,9/13/2023,312.0,322.0,312.0,319.0,0.31,440.0,635.0,252.0
MKJC,9/17/2023,312.7,315.0,308.1,315.0,-1.25,250.0,635.0,252.0
MKJC,9/18/2023,310.0,311.0,308.8,308.8,-1.97,140.0,635.0,252.0
MKJC,9/19/2023,303.0,322.0,303.0,314.0,1.68,820.0,635.0,252.0
MKJC,9/21/2023,320.2,345.4,320.2,345.0,9.87,5563.0,635.0,252.0
MKJC,9/24/2023,338.2,357.4,338.2,356.0,3.19,2087.0,635.0,252.0
MKJC,9/25/2023,360.0,380.0,350.0,368.1,3.4,5286.0,635.0,252.0
MKJC,9/26/2023,360.8,388.4,360.8,385.0,4.59,6828.0,635.0,252.0
MKJC,9/27/2023,377.3,392.0,356.0,381.0,-1.04,4328.0,635.0,252.0
MKJC,10/1/2023,373.6,374.0,360.0,367.0,-3.67,3833.0,635.0,252.0
MKJC,10/2/2023,360.0,374.0,347.0,358.3,-2.37,3242.0,635.0,252.0
MKJC,10/3/2023,355.0,391.6,355.0,368.0,2.71,2650.0,635.0,252.0
MKJC,10/4/2023,360.7,377.0,360.7,377.0,2.45,1360.0,635.0,252.0
MKJC,10/5/2023,370.0,382.8,363.6,373.8,-0.85,1920.0,635.0,252.0
MKJC,10/8/2023,370.0,370.0,356.8,356.8,-4.55,2154.0,635.0,252.0
MKJC,10/9/2023,350.0,362.0,349.7,362.0,1.46,1255.0,635.0,252.0
MKJC,10/10/2023,355.0,357.0,348.0,349.0,-3.59,1295.0,635.0,252.0
MKJC,10/11/2023,345.0,355.9,345.0,350.0,0.29,1100.0,635.0,252.0
MKJC,10/12/2023,344.0,349.0,322.4,342.1,-2.26,735.0,635.0,252.0
MKJC,10/16/2023,340.0,348.8,316.0,334.6,-2.19,520.0,635.0,252.0
MKJC,10/17/2023,328.0,336.0,328.0,335.5,0.27,234.0,635.0,252.0
MKJC,10/18/2023,335.0,345.0,334.1,345.0,2.83,395.0,635.0,252.0
MKJC,10/19/2023,349.0,350.0,329.0,350.0,1.45,707.0,635.0,252.0
MKJC,10/29/2023,343.0,343.0,343.0,343.0,-2.0,10.0,635.0,252.0
MKJC,10/30/2023,336.2,348.9,325.0,348.9,1.72,474.0,635.0,252.0
MKJC,10/31/2023,342.0,342.0,323.1,342.0,-1.98,70.0,635.0,252.0
MKJC,11/1/2023,335.2,342.0,326.0,329.5,-3.65,610.0,635.0,252.0
MKJC,11/2/2023,325.0,335.9,320.1,335.9,1.94,1840.0,635.0,252.0
MKJC,11/5/2023,329.2,329.2,323.0,329.0,-2.05,180.0,635.0,252.0
MKJC,11/6/2023,324.0,332.0,324.0,332.0,0.91,280.0,635.0,252.0
MKJC,11/7/2023,325.4,331.0,324.4,324.4,-2.29,1135.0,635.0,252.0
MKJC,11/8/2023,324.0,330.0,319.0,330.0,1.73,70.0,635.0,252.0
MKJC,11/9/2023,336.6,336.6,320.0,323.0,-2.12,1011.0,635.0,252.0
MKJC,11/20/2023,318.0,323.0,318.0,319.6,-1.05,461.0,635.0,252.0
MKJC,11/21/2023,313.3,316.3,310.1,314.0,-1.75,115.0,635.0,252.0
MKJC,11/22/2023,309.0,327.0,308.1,327.0,4.14,830.0,635.0,252.0
MKJC,11/23/2023,320.5,330.0,315.0,323.4,-1.1,667.0,635.0,252.0
MKJC,11/26/2023,323.0,355.0,322.6,355.0,9.77,2071.0,635.0,252.0
MKJC,11/27/2023,355.0,355.0,340.1,346.0,-2.54,1878.0,635.0,252.0
MKJC,11/28/2023,340.1,348.0,340.1,347.0,0.29,365.0,635.0,252.0
MKJC,11/29/2023,342.1,346.1,340.0,340.0,-2.02,1150.0,635.0,252.0
MKJC,11/30/2023,334.1,340.0,329.0,334.0,-1.76,1032.0,635.0,252.0
MKJC,12/3/2023,340.0,340.0,329.1,336.0,0.6,458.0,635.0,252.0
MKJC,12/4/2023,329.5,349.0,329.5,339.6,1.07,320.0,635.0,252.0
MKJC,12/5/2023,334.4,339.5,326.7,339.5,-0.03,897.0,635.0,252.0
MKJC,12/6/2023,333.1,335.0,329.1,329.2,-3.03,1011.0,635.0,252.0
MKJC,12/7/2023,330.0,347.0,330.0,340.1,3.31,440.0,635.0,252.0
MKJC,12/10/2023,346.9,346.9,346.9,346.9,2.0,10.0,635.0,252.0
MKJC,12/11/2023,353.8,364.0,350.0,351.0,1.18,3995.0,635.0,252.0
MKJC,12/12/2023,347.0,372.0,347.0,365.0,3.99,850.0,635.0,252.0
MKJC,12/13/2023,360.0,379.0,350.9,350.9,-3.86,1400.0,635.0,252.0
MKJC,12/14/2023,344.3,365.0,344.3,360.6,2.76,1224.0,635.0,252.0
MKJC,12/17/2023,354.0,396.0,353.7,396.0,9.82,7048.0,635.0,252.0
MKJC,12/18/2023,401.0,405.0,373.0,380.4,-3.94,10659.0,635.0,252.0
MKJC,12/19/2023,388.0,388.0,374.0,380.0,-0.11,4107.0,635.0,252.0
MKJC,12/20/2023,386.0,388.7,373.5,380.3,0.08,8125.0,635.0,252.0
MKJC,12/21/2023,382.0,382.6,375.1,376.0,-1.13,4526.0,635.0,252.0
MKJC,12/24/2023,383.0,413.6,383.0,413.5,9.97,20442.0,635.0,252.0
MKJC,12/27/2023,406.1,451.2,406.1,447.7,8.27,17721.0,635.0,252.0
MKJC,12/28/2023,438.8,450.0,430.1,441.0,-1.5,6542.0,635.0,252.0
MKJC,1/1/2024,449.8,449.8,412.1,412.1,-6.55,6562.0,635.0,252.0
MKJC,1/2/2024,420.0,420.0,400.1,408.0,-0.99,2948.0,635.0,252.0
MKJC,1/3/2024,402.0,426.3,402.0,415.2,1.76,1630.0,635.0,252.0
MKJC,1/4/2024,423.0,443.2,422.8,438.0,5.49,17842.0,635.0,252.0
MKJC,1/7/2024,446.7,450.0,429.0,429.0,-2.05,5680.0,635.0,252.0
MKJC,1/8/2024,437.5,455.0,430.0,441.2,2.84,6939.0,635.0,252.0
MKJC,1/9/2024,450.0,461.0,429.0,453.0,2.67,16003.0,635.0,252.0
MKJC,1/10/2024,445.0,453.5,436.1,440.0,-2.87,3485.0,635.0,252.0
MKJC,1/11/2024,440.0,456.4,433.1,454.0,3.18,8679.0,635.0,252.0
MKJC,1/14/2024,454.0,499.0,454.0,482.5,6.28,14045.0,635.0,252.0
MKJC,1/16/2024,492.1,511.9,489.1,495.0,2.59,11049.0,635.0,252.0
MKJC,1/17/2024,485.2,494.0,465.0,465.0,-6.06,12085.0,635.0,252.0
MKJC,1/18/2024,465.0,487.5,446.9,467.0,0.43,11997.0,635.0,252.0
MKJC,1/21/2024,467.0,474.5,455.0,455.0,-2.57,9240.0,635.0,252.0
MKJC,1/22/2024,450.0,473.2,440.0,468.0,2.86,4474.0,635.0,252.0
MKJC,1/23/2024,458.7,467.0,442.5,451.0,-3.63,2160.0,635.0,252.0
MKJC,1/24/2024,444.0,461.1,444.0,450.0,-0.22,5410.0,635.0,252.0
MKJC,1/25/2024,448.0,468.0,442.3,446.0,-0.89,3600.0,635.0,252.0
MKJC,1/28/2024,438.4,466.5,438.4,463.0,3.81,7592.0,635.0,252.0
MKJC,1/29/2024,465.0,480.0,461.0,479.9,3.65,12992.0,635.0,252.0
MKJC,1/30/2024,471.0,505.0,471.0,482.0,0.44,10636.0,635.0,252.0
MKJC,1/31/2024,483.0,483.1,461.7,465.9,-3.34,5986.0,635.0,252.0
MKJC,2/1/2024,458.0,474.8,445.0,453.9,-2.58,2755.0,635.0,252.0
MKJC,2/4/2024,445.0,462.9,445.0,452.0,-0.42,657.0,635.0,252.0
MKJC,2/5/2024,450.5,477.0,450.5,454.1,0.46,330.0,635.0,252.0
MKJC,2/6/2024,455.0,462.9,452.5,457.0,0.64,2185.0,635.0,252.0
MKJC,2/7/2024,466.0,493.0,449.0,466.0,1.97,6008.0,635.0,252.0
MKJC,2/8/2024,462.1,495.0,462.1,489.0,4.94,15163.0,635.0,252.0
MKJC,2/11/2024,479.3,506.0,471.5,495.0,1.23,13722.0,635.0,252.0
MKJC,2/12/2024,485.1,510.0,478.0,509.9,3.01,11788.0,635.0,252.0
MKJC,2/13/2024,499.8,545.0,481.0,545.0,6.88,53072.0,635.0,252.0
MKJC,2/14/2024,555.9,592.0,517.2,579.0,6.24,12914.0,635.0,252.0
MKJC,2/15/2024,567.5,577.8,546.0,546.0,-5.7,11824.0,635.0,252.0
MKJC,2/18/2024,548.0,548.0,521.0,522.0,-4.4,5661.0,635.0,252.0
MKJC,2/20/2024,520.0,529.9,502.0,518.9,-0.59,3400.0,635.0,252.0
MKJC,2/21/2024,520.0,528.0,490.1,497.9,-4.05,26695.0,635.0,252.0
MKJC,2/22/2024,488.1,504.9,482.0,501.0,0.62,7133.0,635.0,252.0
MKJC,2/25/2024,510.0,510.0,471.2,483.0,-3.59,1563.0,635.0,252.0
MKJC,2/26/2024,491.0,493.0,476.2,493.0,2.07,6042.0,635.0,252.0
MKJC,2/27/2024,484.1,501.4,475.7,497.0,0.81,4897.0,635.0,252.0
MKJC,2/28/2024,505.9,520.0,477.7,501.0,0.8,10636.0,635.0,252.0
MKJC,2/29/2024,491.1,510.0,480.0,487.8,-2.63,9165.0,635.0,252.0
MKJC,3/3/2024,478.1,487.0,469.0,485.0,-0.57,1800.0,635.0,252.0
MKJC,3/4/2024,494.7,502.1,487.0,502.1,3.53,703.0,635.0,252.0
MKJC,3/5/2024,512.1,512.1,482.3,490.0,-2.41,4975.0,635.0,252.0
MKJC,3/6/2024,481.0,500.0,470.6,490.0,0.0,6861.0,635.0,252.0
MKJC,3/7/2024,499.5,519.0,480.0,493.0,0.61,4920.0,635.0,252.0
MKJC,3/10/2024,502.8,504.0,483.0,504.0,2.23,13527.0,635.0,252.0
MKJC,3/12/2024,514.0,521.0,495.0,506.0,0.4,6258.0,635.0,252.0
MKJC,3/13/2024,516.0,516.0,489.9,499.9,-1.21,6284.0,635.0,252.0
MKJC,3/14/2024,490.0,507.0,483.0,500.0,0.02,5964.0,635.0,252.0
MKJC,3/17/2024,490.0,499.0,477.0,494.0,-1.2,5315.0,635.0,252.0
MKJC,3/18/2024,484.2,497.0,471.0,488.0,-1.21,6640.0,635.0,252.0
MKJC,3/19/2024,479.0,512.0,466.0,466.0,-4.51,12929.0,635.0,252.0
MKJC,3/20/2024,475.3,500.0,468.1,475.9,2.12,5549.0,635.0,252.0
MKJC,3/26/2024,466.4,489.0,460.5,489.0,2.75,4890.0,635.0,252.0
MKJC,3/27/2024,493.0,494.0,466.0,488.0,-0.2,4560.0,635.0,252.0
MKJC,3/28/2024,479.0,481.0,471.0,472.0,-3.28,3250.0,635.0,252.0
MKJC,3/31/2024,453.0,478.0,453.0,470.0,-0.42,5435.0,635.0,252.0
MKJC,4/1/2024,460.6,487.0,457.0,470.0,0.0,6898.0,635.0,252.0
MKJC,4/2/2024,465.0,477.0,460.0,470.0,0.0,5550.0,635.0,252.0
MKJC,4/3/2024,460.6,478.3,455.0,455.0,-3.19,1547.0,635.0,252.0
MKJC,4/4/2024,460.0,478.5,452.1,460.0,1.1,1066.0,635.0,252.0
MKJC,4/7/2024,469.2,469.2,451.0,469.0,1.96,1537.0,635.0,252.0
MKJC,4/9/2024,460.0,477.0,458.7,458.8,-2.17,4109.0,635.0,252.0
MKJC,4/10/2024,455.0,467.0,450.0,460.0,0.26,10041.0,635.0,252.0
MKJC,4/14/2024,452.1,465.0,452.1,462.0,0.43,4030.0,635.0,252.0
MKJC,4/15/2024,452.8,470.0,451.4,454.0,-1.73,1862.0,635.0,252.0
MKJC,4/16/2024,462.9,462.9,450.0,450.0,-0.88,2792.0,635.0,252.0
MKJC,4/18/2024,459.0,468.0,440.0,445.0,-1.11,3475.0,635.0,252.0
MKJC,4/21/2024,437.0,453.0,437.0,453.0,1.8,3835.0,635.0,252.0
MKJC,4/22/2024,459.0,462.0,437.2,442.0,-2.43,1709.0,635.0,252.0
MKJC,4/24/2024,435.0,450.7,435.0,445.0,0.68,1300.0,635.0,252.0
MKJC,4/25/2024,440.0,450.0,429.1,442.0,-0.67,2353.0,635.0,252.0
MKJC,4/28/2024,450.8,450.8,435.0,438.3,-0.84,893.0,635.0,252.0
MKJC,4/29/2024,432.0,443.5,432.0,432.6,-1.3,797.0,635.0,252.0
MKJC,4/30/2024,426.1,469.0,421.1,448.0,3.56,3345.0,635.0,252.0
MKJC,5/2/2024,449.0,455.0,437.1,445.8,-0.49,1988.0,635.0,252.0
MKJC,5/5/2024,437.0,445.0,426.4,429.0,-3.77,2188.0,635.0,252.0
MKJC,5/6/2024,423.0,444.9,420.7,442.8,3.22,3326.0,635.0,252.0
MKJC,5/7/2024,440.0,475.0,431.2,434.0,-1.99,1370.0,635.0,252.0
MKJC,5/8/2024,428.0,435.0,418.0,418.0,-3.69,4584.0,635.0,252.0
MKJC,5/9/2024,426.0,433.0,421.0,425.0,1.67,2788.0,635.0,252.0
MKJC,5/12/2024,416.6,441.0,416.5,422.4,-0.61,1324.0,635.0,252.0
MKJC,5/13/2024,414.0,435.0,414.0,425.0,0.62,3924.0,635.0,252.0
MKJC,5/14/2024,425.0,459.0,422.0,449.0,5.65,5651.0,635.0,252.0
MKJC,5/15/2024,449.0,453.0,437.0,445.0,-0.89,1975.0,635.0,252.0
MKJC,5/16/2024,437.0,447.0,428.0,431.0,-3.15,2305.0,635.0,252.0
MKJC,5/19/2024,439.6,455.0,431.0,444.8,3.2,6041.0,635.0,252.0
MKJC,5/20/2024,453.0,457.8,440.0,457.8,2.92,8376.0,635.0,252.0
MKJC,5/21/2024,458.0,491.8,456.1,474.0,3.54,10093.0,635.0,252.0
MKJC,5/22/2024,483.0,483.0,460.0,464.0,-2.11,4674.0,635.0,252.0
MKJC,5/26/2024,457.0,473.0,450.0,456.0,-1.72,9493.0,635.0,252.0
MKJC,5/27/2024,465.0,480.0,455.0,465.9,2.17,3910.0,635.0,252.0
MKJC,5/29/2024,474.0,482.0,465.0,475.0,1.95,10243.0,635.0,252.0
MKJC,5/30/2024,480.0,509.0,474.3,494.5,4.11,37048.0,635.0,252.0
MKJC,6/2/2024,486.0,505.6,481.0,496.0,0.3,14141.0,635.0,252.0
MKJC,6/3/2024,505.9,505.9,476.0,480.0,-3.23,6810.0,635.0,252.0
MKJC,6/4/2024,488.0,495.0,471.0,485.8,1.21,11444.0,635.0,252.0
MKJC,6/5/2024,476.1,495.0,468.0,475.0,-2.22,4501.0,635.0,252.0
MKJC,6/6/2024,483.0,483.5,468.0,471.0,-0.84,6975.0,635.0,252.0
MKJC,6/9/2024,465.0,514.0,465.0,505.0,7.22,25783.0,635.0,252.0
MKJC,6/10/2024,508.0,545.0,501.0,528.0,4.55,27026.0,635.0,252.0
MKJC,6/11/2024,538.5,538.5,517.3,530.0,0.38,13248.0,635.0,252.0
MKJC,6/12/2024,527.0,540.6,510.6,513.0,-3.21,10082.0,635.0,252.0
MKJC,6/13/2024,521.0,521.0,500.0,500.5,-2.44,16318.0,635.0,252.0
MKJC,6/16/2024,509.0,520.0,498.9,506.0,1.1,7011.0,635.0,252.0
MKJC,6/18/2024,506.0,526.0,506.0,523.8,3.52,24613.0,635.0,252.0
MKJC,6/19/2024,513.4,552.8,513.4,551.0,5.19,27343.0,635.0,252.0
MKJC,6/20/2024,540.0,570.1,540.0,540.0,-2.0,18383.0,635.0,252.0
MKJC,6/23/2024,529.2,594.0,529.2,594.0,10.0,64309.0,635.0,252.0
MKJC,6/24/2024,605.0,629.0,582.2,593.2,-0.13,14864.0,635.0,252.0
MKJC,6/25/2024,598.9,624.0,588.0,615.0,3.67,12446.0,635.0,252.0
MKJC,6/26/2024,614.0,633.0,603.0,624.9,1.61,39829.0,635.0,252.0
MKJC,6/27/2024,612.5,660.0,612.5,660.0,5.62,27182.0,635.0,252.0
MKJC,6/30/2024,646.8,698.0,609.6,698.0,5.76,28342.0,635.0,252.0
MKJC,7/1/2024,684.1,684.1,628.2,639.1,-8.44,21694.0,635.0,252.0
MKJC,7/2/2024,651.8,662.9,625.0,645.0,0.92,18490.0,635.0,252.0
MKJC,7/3/2024,632.1,695.0,619.0,695.0,7.75,30157.0,635.0,252.0
MKJC,7/4/2024,681.1,735.0,625.5,735.0,5.76,73029.0,635.0,252.0
MKJC,7/7/2024,735.0,735.0,661.5,661.5,-10.0,8509.0,635.0,252.0
MKJC,7/8/2024,674.0,674.0,595.4,606.0,-8.39,30953.0,635.0,252.0
MKJC,7/9/2024,594.0,619.0,588.0,590.0,-2.64,12641.0,635.0,252.0
MKJC,7/10/2024,590.0,603.0,580.0,602.5,2.12,13593.0,635.0,252.0
MKJC,7/11/2024,590.5,626.0,586.0,587.0,-2.57,26088.0,635.0,252.0
MKJC,7/14/2024,598.7,609.9,584.0,586.0,-0.17,21069.0,635.0,252.0
MKJC,7/15/2024,579.5,586.0,575.0,576.0,-1.71,16249.0,635.0,252.0
MKJC,7/16/2024,586.0,608.9,555.0,592.0,2.78,33847.0,635.0,252.0
MKJC,7/17/2024,603.0,603.0,581.2,594.8,0.47,23815.0,635.0,252.0
MKJC,7/18/2024,595.1,600.0,586.0,586.5,-1.4,14689.0,635.0,252.0
MKJC,7/21/2024,585.0,615.0,572.0,599.0,2.13,28407.0,635.0,252.0
MKJC,7/22/2024,599.0,609.9,588.0,602.0,0.5,19949.0,635.0,252.0
MKJC,7/23/2024,605.0,610.0,594.0,603.0,0.17,23522.0,635.0,252.0
MKJC,7/24/2024,610.0,610.0,591.2,593.1,-1.64,13252.0,635.0,252.0
MKJC,7/25/2024,582.1,602.7,582.1,596.0,0.49,11094.0,635.0,252.0
MKJC,7/28/2024,607.9,620.0,579.0,591.0,-0.84,7587.0,635.0,252.0
MKJC,7/29/2024,601.0,601.0,575.0,582.0,-1.52,13018.0,635.0,252.0
MKJC,7/30/2024,576.1,605.0,576.1,605.0,3.95,24854.0,635.0,252.0
MKJC,7/31/2024,615.0,617.1,596.0,605.0,0.0,34980.0,635.0,252.0
MKJC,8/1/2024,606.0,610.0,595.0,597.9,-1.17,15276.0,635.0,252.0
MKJC,8/5/2024,600.0,608.0,574.3,590.1,-1.3,20741.0,635.0,252.0
MKJC,8/6/2024,590.0,631.0,589.0,600.0,1.68,55974.0,635.0,252.0
MKJC,8/7/2024,591.0,660.0,591.0,660.0,10.0,46003.0,635.0,252.0
MKJC,8/8/2024,673.0,699.0,642.0,645.0,-2.27,32654.0,635.0,252.0
MKJC,8/11/2024,632.1,670.0,580.5,645.0,0.0,878421.0,635.0,252.0
MKJC,8/12/2024,657.9,698.0,651.0,665.0,3.1,178262.0,635.0,252.0
MKJC,8/13/2024,674.0,700.0,615.0,625.0,-6.02,137020.0,635.0,252.0
MKJC,8/14/2024,612.5,626.2,587.1,606.0,-3.04,418450.0,635.0,252.0
MKJC,8/15/2024,618.0,618.0,576.3,576.3,-4.9,195923.0,635.0,252.0
MKJC,8/18/2024,584.0,610.0,560.0,560.0,-2.83,179737.0,635.0,252.0
MKJC,8/21/2024,570.0,571.0,545.0,545.0,-2.68,112532.0,635.0,252.0
MKJC,8/22/2024,546.0,596.0,546.0,550.0,0.92,86946.0,635.0,252.0
MKJC,8/25/2024,555.0,560.0,534.0,545.0,-0.91,105557.0,635.0,252.0
MKJC,8/27/2024,545.0,560.0,525.1,544.0,-0.18,88876.0,635.0,252.0
MKJC,8/28/2024,544.0,560.0,528.4,546.0,0.37,60213.0,635.0,252.0
MKJC,8/29/2024,546.0,546.0,524.0,525.0,-3.85,43078.0,635.0,252.0
MKJC,9/1/2024,520.0,530.4,502.0,507.0,-3.43,43605.0,635.0,252.0
MKJC,9/2/2024,498.9,531.5,498.9,528.0,4.14,59227.0,635.0,252.0
MKJC,9/3/2024,518.0,533.0,512.1,519.0,-1.7,42413.0,635.0,252.0
MKJC,9/4/2024,529.3,529.3,495.0,500.0,-3.66,50342.0,635.0,252.0
MKJC,9/5/2024,510.0,510.0,480.0,487.0,-2.6,55444.0,635.0,252.0
MKJC,9/8/2024,490.0,501.0,480.0,480.0,-1.44,41900.0,635.0,252.0
MKJC,9/9/2024,480.0,486.0,468.3,471.0,-1.88,29021.0,635.0,252.0
MKJC,9/10/2024,478.0,484.4,470.4,475.0,0.85,33496.0,635.0,252.0
MKJC,9/11/2024,480.0,483.0,470.4,474.0,-0.21,17516.0,635.0,252.0
MKJC,9/12/2024,482.6,509.7,475.2,503.0,6.12,42760.0,635.0,252.0
MKJC,9/15/2024,505.0,519.0,490.0,491.0,-2.39,43779.0,635.0,252.0
MKJC,9/16/2024,500.0,500.0,471.0,478.0,-2.65,34489.0,635.0,252.0
MKJC,9/18/2024,480.0,480.0,464.0,469.9,-1.69,20929.0,635.0,252.0
MKJC,9/22/2024,479.0,498.2,466.8,475.9,1.28,17141.0,635.0,252.0
MKJC,9/23/2024,475.0,475.0,452.0,455.0,-4.39,31902.0,635.0,252.0
MKJC,9/24/2024,464.0,464.0,428.3,428.3,-5.87,28846.0,635.0,252.0
MKJC,9/25/2024,430.0,440.0,422.0,440.0,2.73,24973.0,635.0,252.0
MKJC,9/26/2024,440.0,444.9,419.0,419.0,-4.77,20245.0,635.0,252.0
MKJC,9/29/2024,415.0,420.0,402.0,415.0,-0.95,21220.0,635.0,252.0
MKJC,9/30/2024,410.0,432.0,410.0,432.0,4.1,14244.0,635.0,252.0
MKJC,10/1/2024,438.9,470.0,429.3,460.2,6.53,33658.0,635.0,252.0
MKJC,10/2/2024,469.0,478.0,451.0,458.0,-0.48,29529.0,635.0,252.0
MKJC,10/6/2024,450.0,480.0,446.0,479.0,4.59,25502.0,635.0,252.0
MKJC,10/7/2024,480.0,498.2,479.0,484.0,1.04,13979.0,635.0,252.0
MKJC,10/8/2024,493.0,493.0,466.5,479.0,-1.03,9956.0,635.0,252.0
MKJC,10/9/2024,486.8,486.8,465.0,469.0,-2.09,16570.0,635.0,252.0
MKJC,10/15/2024,478.3,487.8,460.2,475.0,1.28,8091.0,635.0,252.0
MKJC,10/16/2024,484.3,485.0,475.0,480.0,1.05,13252.0,635.0,252.0
MKJC,10/17/2024,488.0,488.0,471.0,475.0,-1.04,21252.0,635.0,252.0
MKJC,10/20/2024,484.5,484.5,457.0,463.0,-2.53,32519.0,635.0,252.0
MKJC,10/21/2024,472.2,472.2,442.0,442.0,-4.54,26328.0,635.0,252.0
MKJC,10/22/2024,450.8,469.0,445.0,468.9,6.09,31184.0,635.0,252.0
MKJC,10/23/2024,468.9,474.2,461.8,467.9,-0.21,17439.0,635.0,252.0
MKJC,10/24/2024,477.2,477.2,456.0,472.0,0.88,22400.0,635.0,252.0
MKJC,10/27/2024,481.4,481.4,462.3,470.0,-0.42,27504.0,635.0,252.0
MKJC,10/28/2024,474.0,484.0,470.0,481.0,2.34,29541.0,635.0,252.0
MKJC,10/29/2024,490.0,493.0,478.8,488.5,1.56,26533.0,635.0,252.0
MKJC,10/30/2024,490.0,494.9,480.0,488.0,-0.1,24888.0,635.0,252.0
MKJC,11/5/2024,497.7,497.7,477.0,484.8,-0.66,14969.0,635.0,252.0
MKJC,11/6/2024,494.4,494.4,475.4,485.0,0.04,12671.0,635.0,252.0
MKJC,11/10/2024,494.7,532.1,485.0,529.0,9.07,100344.0,635.0,252.0
MKJC,11/11/2024,539.5,539.5,516.0,522.0,-1.32,75403.0,635.0,252.0
MKJC,11/12/2024,532.4,532.4,517.5,519.0,-0.57,37123.0,635.0,252.0
MKJC,11/13/2024,529.3,529.3,509.0,511.0,-1.54,53861.0,635.0,252.0
MKJC,11/14/2024,521.2,537.5,519.0,533.0,4.31,98995.0,635.0,252.0
MKJC,11/17/2024,522.4,560.0,522.4,549.0,3.0,67597.0,635.0,252.0
MKJC,11/19/2024,550.1,553.9,513.0,520.0,-5.28,83442.0,635.0,252.0
MKJC,11/20/2024,515.0,539.9,511.5,535.0,2.88,46759.0,635.0,252.0
MKJC,11/21/2024,535.0,545.0,521.0,526.5,-1.59,47537.0,635.0,252.0
MKJC,11/24/2024,530.0,532.9,520.1,520.3,-1.18,26624.0,635.0,252.0
MKJC,11/25/2024,520.0,528.9,514.0,517.1,-0.62,18219.0,635.0,252.0
MKJC,11/26/2024,527.3,550.4,521.1,548.0,5.98,94138.0,635.0,252.0
MKJC,11/27/2024,555.0,570.0,550.1,561.0,2.37,90800.0,635.0,252.0
MKJC,11/28/2024,566.0,570.0,545.0,552.0,-1.6,42714.0,635.0,252.0
MKJC,12/1/2024,545.0,580.0,536.0,573.9,3.97,132555.0,635.0,252.0
MKJC,12/2/2024,577.1,592.0,560.4,561.1,-2.23,65405.0,635.0,252.0
MKJC,12/3/2024,561.1,580.0,561.1,568.0,1.23,34693.0,635.0,252.0
MKJC,12/4/2024,570.0,580.0,559.0,565.0,-0.53,56392.0,635.0,252.0
MKJC,12/5/2024,575.0,575.0,546.0,550.0,-2.65,48170.0,635.0,252.0
MKJC,12/8/2024,546.0,570.0,546.0,548.0,-0.36,51245.0,635.0,252.0
MKJC,12/9/2024,555.0,560.0,550.0,552.0,0.73,42418.0,635.0,252.0
MKJC,12/10/2024,560.0,562.0,545.0,550.0,-0.36,22992.0,635.0,252.0
MKJC,12/11/2024,550.0,557.0,546.0,557.0,1.27,27764.0,635.0,252.0
MKJC,12/12/2024,555.5,569.0,553.0,560.0,0.54,45299.0,635.0,252.0
MKJC,12/16/2024,556.0,556.0,529.0,534.9,-4.48,38175.0,635.0,252.0
MKJC,12/17/2024,535.0,540.0,526.1,529.9,-0.93,24227.0,635.0,252.0
MKJC,12/18/2024,526.7,539.0,520.0,525.0,-0.92,16587.0,635.0,252.0
MKJC,12/19/2024,521.8,529.7,512.0,515.0,-1.9,34742.0,635.0,252.0
MKJC,12/22/2024,514.9,525.0,507.1,513.0,-0.39,25496.0,635.0,252.0
MKJC,12/23/2024,523.0,530.0,512.6,525.0,2.34,12181.0,635.0,252.0
MKJC,12/24/2024,532.5,534.5,525.0,526.9,0.36,23197.0,635.0,252.0
MKJC,12/26/2024,525.1,525.1,512.1,515.0,-2.26,18393.0,635.0,252.0
MKJC,12/29/2024,508.0,529.3,507.1,529.3,2.78,33282.0,635.0,252.0
MKJC,12/31/2024,539.8,539.8,498.0,529.0,-0.06,31035.0,635.0,252.0
MKJC,1/1/2025,518.7,528.0,510.1,521.9,-1.34,8100.0,635.0,252.0
MKJC,1/2/2025,514.0,532.3,513.0,528.0,1.17,17314.0,635.0,252.0
MKJC,1/5/2025,528.0,540.0,525.0,534.8,1.29,31202.0,635.0,252.0
MKJC,1/6/2025,537.0,554.1,534.8,549.7,2.79,39115.0,635.0,252.0
MKJC,1/7/2025,560.6,560.6,538.0,555.0,0.96,40693.0,635.0,252.0
MKJC,1/8/2025,552.0,565.0,550.0,563.0,1.44,68578.0,635.0,252.0
MKJC,1/9/2025,551.9,575.0,551.9,560.0,-0.53,53597.0,635.0,252.0
MKJC,1/12/2025,560.0,570.0,550.0,560.0,0.0,21550.0,635.0,252.0
MKJC,1/13/2025,563.0,563.0,532.4,550.0,-1.79,41994.0,635.0,252.0
MKJC,1/15/2025,552.7,560.0,545.0,550.0,0.0,28457.0,635.0,252.0
MKJC,1/16/2025,539.0,587.0,539.0,565.4,2.8,93763.0,635.0,252.0
MKJC,1/19/2025,576.7,594.6,567.6,591.9,4.69,131151.0,635.0,252.0
MKJC,1/20/2025,603.7,603.7,577.0,577.0,-2.52,102191.0,635.0,252.0
MKJC,1/21/2025,585.0,585.0,560.0,568.0,-1.56,46016.0,635.0,252.0
MKJC,1/22/2025,557.0,590.0,557.0,579.0,1.94,53326.0,635.0,252.0
MKJC,1/23/2025,590.5,594.0,580.0,581.5,0.43,60798.0,635.0,252.0
MKJC,1/26/2025,593.0,610.0,587.1,603.0,3.7,128873.0,635.0,252.0
MKJC,1/27/2025,615.0,615.0,593.9,593.9,-1.51,101168.0,635.0,252.0
MKJC,1/28/2025,600.0,615.1,595.0,606.0,2.04,100128.0,635.0,252.0
MKJC,2/2/2025,617.9,617.9,588.0,594.0,-1.98,99205.0,635.0,252.0
MKJC,2/3/2025,582.9,605.8,582.9,592.0,-0.34,68008.0,635.0,252.0
MKJC,2/4/2025,580.2,605.0,580.2,595.0,0.51,57060.0,635.0,252.0
MKJC,2/5/2025,590.0,628.0,590.0,620.0,4.2,126670.0,635.0,252.0
MKJC,2/6/2025,632.0,632.0,613.0,619.0,-0.16,73174.0,635.0,252.0
MKJC,2/9/2025,610.0,624.9,600.3,604.9,-2.28,55986.0,635.0,252.0
MKJC,2/10/2025,604.0,614.5,590.1,590.1,-2.45,53638.0,635.0,252.0
MKJC,2/11/2025,590.1,607.0,580.2,597.6,1.27,59591.0,635.0,252.0
MKJC,2/12/2025,608.9,608.9,590.0,594.9,-0.45,37461.0,635.0,252.0
MKJC,2/13/2025,583.1,605.0,583.1,586.6,-1.4,36362.0,635.0,252.0
MKJC,2/16/2025,575.6,594.0,575.6,588.0,0.24,43288.0,635.0,252.0
MKJC,2/17/2025,590.0,594.0,583.0,587.0,-0.17,60623.0,635.0,252.0
MKJC,2/18/2025,587.0,598.6,575.5,580.0,-1.19,65745.0,635.0,252.0
MKJC,2/20/2025,580.0,590.0,570.0,589.9,1.71,47674.0,635.0,252.0
MKJC,2/23/2025,578.2,591.0,567.0,584.9,-0.85,47268.0,635.0,252.0
MKJC,2/24/2025,575.0,594.0,575.0,579.0,-1.01,40057.0,635.0,252.0
MKJC,2/25/2025,586.0,586.5,570.3,580.0,0.17,36435.0,635.0,252.0
MKJC,2/27/2025,585.0,599.0,581.0,592.0,2.07,44993.0,635.0,252.0
MKJC,3/2/2025,593.0,599.0,590.0,594.0,0.34,48072.0,635.0,252.0
MKJC,3/3/2025,600.0,607.9,583.0,585.0,-1.52,60308.0,635.0,252.0
MKJC,3/4/2025,594.0,594.0,575.0,579.0,-1.03,37239.0,635.0,252.0
MKJC,3/5/2025,570.2,583.9,568.0,571.9,-1.23,45070.0,635.0,252.0
MKJC,3/6/2025,570.0,577.0,562.3,566.0,-1.03,42765.0,635.0,252.0
MKJC,3/9/2025,560.0,575.0,554.0,564.0,-0.35,36602.0,635.0,252.0
MKJC,3/10/2025,571.0,571.0,555.0,558.9,-0.9,21765.0,635.0,252.0
MKJC,3/11/2025,552.1,557.0,540.0,540.6,-3.27,40877.0,635.0,252.0
MKJC,3/12/2025,529.8,550.0,529.8,548.0,1.37,63659.0,635.0,252.0
MKJC,3/16/2025,555.7,566.0,546.0,564.0,2.92,24899.0,635.0,252.0
MKJC,3/17/2025,565.0,576.0,555.1,562.1,-0.34,43477.0,635.0,252.0
MKJC,3/18/2025,571.9,571.9,551.2,557.7,-0.78,23907.0,635.0,252.0
MKJC,3/19/2025,561.0,561.0,550.0,557.9,0.04,30441.0,635.0,252.0
MKJC,3/20/2025,547.1,555.0,540.1,547.49,-1.87,17151.0,635.0,252.0
MKJC,3/23/2025,540.0,550.0,526.0,529.97,-3.2,55952.0,635.0,252.0
MKJC,3/24/2025,526.5,545.0,526.5,538.29,1.57,19872.0,635.0,252.0
MKJC,3/25/2025,530.0,540.0,521.0,524.92,-2.48,43208.0,635.0,252.0
MKJC,3/26/2025,530.0,536.0,522.3,530.85,1.13,16997.0,635.0,252.0
MKJC,3/27/2025,530.0,549.0,530.0,538.29,1.4,12681.0,635.0,252.0
MKJC,3/30/2025,530.2,555.0,530.2,540.61,0.43,32795.0,635.0,252.0
MKJC,4/1/2025,535.0,546.0,532.0,541.63,0.19,35941.0,635.0,252.0
MKJC,4/2/2025,545.0,564.8,545.0,554.88,2.45,34702.0,635.0,252.0
MKJC,4/3/2025,551.0,557.0,541.0,546.24,-1.56,28778.0,635.0,252.0
MKJC,4/7/2025,541.0,555.0,535.3,536.48,-1.79,44300.0,635.0,252.0
MKJC,4/8/2025,536.0,569.0,524.3,558.17,4.04,58571.0,635.0,252.0
MKJC,4/9/2025,569.0,569.0,545.0,559.25,0.19,65718.0,635.0,252.0
MKJC,4/10/2025,558.0,584.7,558.0,580.77,3.85,121294.0,635.0,252.0
MKJC,4/13/2025,569.2,587.0,569.2,570.44,-1.78,68186.0,635.0,252.0
MKJC,4/15/2025,579.0,579.0,564.0,566.86,-0.63,23981.0,635.0,252.0
MKJC,4/16/2025,578.0,578.0,560.0,563.98,-0.51,35420.0,635.0,252.0
MKJC,4/17/2025,564.0,570.0,560.0,563.69,-0.05,70000.0,635.0,252.0
MKJC,4/20/2025,560.1,567.0,551.0,555.02,-1.54,27290.0,635.0,252.0
MKJC,4/21/2025,552.0,566.1,551.0,555.5,0.09,32010.0,635.0,252.0
MKJC,4/22/2025,553.3,565.0,553.2,557.55,0.37,20740.0,635.0,252.0
MKJC,4/23/2025,557.0,564.0,543.0,545.59,-2.15,25964.0,635.0,252.0
MKJC,4/24/2025,545.0,550.0,541.3,543.34,-0.41,21023.0,635.0,252.0
MKJC,4/27/2025,550.0,550.0,536.7,539.93,-0.63,26299.0,635.0,252.0
MKJC,4/28/2025,536.1,545.0,534.0,534.73,-0.96,22927.0,635.0,252.0
MKJC,4/29/2025,543.0,543.0,534.8,537.44,0.51,15172.0,635.0,252.0
MKJC,4/30/2025,535.0,541.0,525.0,529.92,-1.4,21447.0,635.0,252.0
MKJC,5/4/2025,533.0,536.0,528.0,530.6,0.13,19004.0,635.0,252.0
MKJC,5/5/2025,540.0,551.0,524.0,525.27,-1.0,19759.0,635.0,252.0
MKJC,5/6/2025,525.0,537.0,525.0,525.92,0.12,23275.0,635.0,252.0
MKJC,5/7/2025,525.0,547.0,525.0,537.12,2.13,15281.0,635.0,252.0
MKJC,5/8/2025,547.8,547.8,533.2,534.84,-0.42,38720.0,635.0,252.0
MKJC,5/11/2025,540.0,545.0,525.0,526.74,-1.51,28049.0,635.0,252.0
MKJC,5/13/2025,532.0,532.0,517.0,519.83,-1.31,20706.0,635.0,252.0
MKJC,5/14/2025,518.0,520.0,503.0,506.25,-2.61,30446.0,635.0,252.0
MKJC,5/15/2025,516.09,516.09,506.0,507.56,0.26,11781.0,635.0,252.0
MKJC,5/18/2025,500.0,515.0,497.0,499.2,-1.65,17391.0,635.0,252.0
MKJC,5/19/2025,502.0,503.0,491.0,495.13,-0.82,18956.0,635.0,252.0
MKJC,5/20/2025,495.0,517.0,486.3,508.0,2.6,14352.0,635.0,252.0
MKJC,5/21/2025,518.1,525.1,498.1,499.48,-1.68,21882.0,635.0,252.0
MKJC,5/22/2025,501.0,509.0,497.0,501.31,0.37,15584.0,635.0,252.0
MKJC,5/25/2025,506.0,506.0,495.0,496.4,-0.98,5750.0,635.0,252.0
MKJC,5/26/2025,506.3,516.0,490.7,495.34,-0.21,17591.0,635.0,252.0
MKJC,5/27/2025,491.0,503.0,490.0,491.92,-0.69,10129.0,635.0,252.0
MKJC,5/28/2025,499.0,508.0,490.0,503.7,2.39,21219.0,635.0,252.0
MKJC,6/2/2025,513.7,513.7,494.9,496.87,-1.36,9943.0,635.0,252.0
MKJC,6/3/2025,505.0,505.0,490.0,496.23,-0.13,7406.0,635.0,252.0
MKJC,6/4/2025,506.0,506.0,491.0,491.47,-0.96,4660.0,635.0,252.0
MKJC,6/5/2025,490.2,497.0,490.0,491.35,-0.02,8114.0,635.0,252.0
MKJC,6/8/2025,492.0,492.0,481.0,483.77,-1.54,17884.0,635.0,252.0
MKJC,6/9/2025,475.5,505.0,475.5,499.32,3.21,17999.0,635.0,252.0
MKJC,6/10/2025,509.0,510.0,500.0,500.24,0.18,15040.0,635.0,252.0
MKJC,6/11/2025,493.2,499.0,483.5,496.4,-0.77,23180.0,635.0,252.0
MKJC,6/12/2025,506.0,520.0,498.0,512.13,3.17,39154.0,635.0,252.0
MKJC,6/15/2025,503.1,511.7,503.1,508.39,-0.73,20068.0,635.0,252.0
MKJC,6/16/2025,508.0,534.0,505.0,514.7,1.24,32543.0,635.0,252.0
MKJC,6/17/2025,523.0,523.0,505.3,507.27,-1.44,12993.0,635.0,252.0
MKJC,6/18/2025,505.0,514.0,495.0,501.46,-1.15,22653.0,635.0,252.0
MKJC,6/19/2025,498.3,510.0,498.3,503.4,0.39,13964.0,635.0,252.0
MKJC,6/22/2025,493.4,504.9,490.0,490.36,-2.59,19150.0,635.0,252.0
MKJC,6/23/2025,491.0,498.4,488.2,496.6,1.27,9272.0,635.0,252.0
MKJC,6/24/2025,499.0,520.0,498.0,503.93,1.48,18853.0,635.0,252.0
MKJC,6/25/2025,501.0,540.0,501.0,532.1,5.59,46947.0,635.0,252.0
MKJC,6/26/2025,542.7,559.9,533.8,535.61,0.66,91199.0,635.0,252.0
MKJC,6/29/2025,544.0,544.0,525.0,527.92,-1.44,43369.0,635.0,252.0
MKJC,6/30/2025,525.0,540.0,523.1,528.71,0.15,40181.0,635.0,252.0
MKJC,7/1/2025,524.0,535.0,519.0,522.93,-1.09,36182.0,635.0,252.0
MKJC,7/2/2025,531.0,534.4,516.1,529.8,1.31,36359.0,635.0,252.0
MKJC,7/3/2025,534.2,555.0,528.0,549.71,3.76,79661.0,635.0,252.0
MKJC,7/6/2025,555.0,555.0,528.0,531.66,-3.28,34496.0,635.0,252.0
MKJC,7/7/2025,524.0,540.0,520.0,521.82,-1.85,26361.0,635.0,252.0
MKJC,7/8/2025,518.1,525.0,509.6,517.36,-0.85,29853.0,635.0,252.0
MKJC,7/9/2025,509.0,535.0,509.0,528.06,2.07,17958.0,635.0,252.0
MKJC,7/10/2025,538.0,538.0,520.0,525.27,-0.53,27040.0,635.0,252.0
MKJC,7/13/2025,530.2,532.0,516.0,517.45,-1.49,20918.0,635.0,252.0
MKJC,7/14/2025,507.2,524.9,507.0,511.33,-1.18,26576.0,635.0,252.0
MKJC,7/15/2025,507.2,520.0,507.2,517.05,1.12,18053.0,635.0,252.0
MKJC,7/16/2025,527.3,537.0,518.0,520.1,0.59,29724.0,635.0,252.0
MKJC,7/17/2025,509.7,550.8,509.7,544.09,4.61,57235.0,635.0,252.0
MKJC,7/20/2025,554.9,554.9,534.0,535.41,-1.6,48635.0,635.0,252.0
MKJC,7/21/2025,535.0,544.9,529.0,531.92,-0.65,45317.0,635.0,252.0
MKJC,7/22/2025,542.5,552.0,538.1,550.49,3.49,57994.0,635.0,252.0
MKJC,7/23/2025,550.1,559.8,537.0,548.12,-0.43,56931.0,635.0,252.0
MKJC,7/24/2025,548.0,563.0,544.0,560.03,2.17,78107.0,635.0,252.0
MKJC,7/27/2025,560.3,570.0,542.0,547.43,-2.25,69541.0,635.0,252.0
MKJC,7/28/2025,556.0,600.0,542.5,596.46,8.96,241865.0,635.0,252.0
MKJC,7/29/2025,608.3,620.0,587.0,597.0,0.09,111318.0,635.0,252.0
MKJC,7/30/2025,588.0,622.0,588.0,601.67,0.78,271064.0,635.0,252.0
MKJC,7/31/2025,611.0,619.9,590.0,604.75,0.51,204257.0,635.0,252.0
MKJC,8/3/2025,592.7,616.0,574.3,581.97,-3.77,99747.0,635.0,252.0
MKJC,8/4/2025,593.3,607.0,581.0,600.16,3.13,140029.0,635.0,252.0
MKJC,8/5/2025,588.2,625.0,588.2,604.49,0.72,117732.0,635.0,252.0
MKJC,8/6/2025,602.0,611.0,595.0,597.06,-1.23,65135.0,635.0,252.0
MKJC,8/7/2025,593.1,601.0,577.0,580.97,-2.69,91161.0,635.0,252.0
MKJC,8/11/2025,581.0,590.1,563.6,570.95,-1.72,76672.0,635.0,252.0
MKJC,8/12/2025,578.0,580.0,566.5,567.21,-0.66,43970.0,635.0,252.0
MKJC,8/13/2025,575.0,580.0,560.2,565.44,-0.31,51904.0,635.0,252.0
MKJC,8/14/2025,570.0,572.0,555.2,562.01,-0.61,52845.0,635.0,252.0
MKJC,8/17/2025,570.0,570.0,560.1,564.09,0.37,45159.0,635.0,252.0
MKJC,8/18/2025,575.0,575.0,558.0,570.32,1.1,50569.0,635.0,252.0
MKJC,8/19/2025,579.9,579.9,565.0,568.01,-0.41,45337.0,635.0,252.0
MKJC,8/20/2025,567.0,569.9,562.8,565.68,-0.41,26883.0,635.0,252.0
MKJC,8/21/2025,570.0,580.0,562.1,574.7,1.59,78441.0,635.0,252.0
MKJC,8/24/2025,584.8,584.8,559.0,561.12,-2.36,43904.0,635.0,252.0
MKJC,8/25/2025,557.8,566.9,557.0,565.8,0.83,35718.0,635.0,252.0
MKJC,8/26/2025,558.0,567.0,555.3,560.63,-0.91,36753.0,635.0,252.0
MKJC,8/27/2025,568.0,570.6,561.0,568.65,1.43,22229.0,635.0,252.0
MKJC,8/28/2025,580.0,595.0,569.0,589.21,3.62,197464.0,635.0,252.0
MKJC,8/31/2025,600.8,600.8,576.4,589.12,-0.02,68997.0,635.0,252.0
MKJC,9/1/2025,590.0,593.9,581.1,585.43,-0.63,66094.0,635.0,252.0
MKJC,9/2/2025,587.0,597.0,580.1,581.01,-0.76,59449.0,635.0,252.0
MKJC,9/3/2025,592.6,592.6,573.0,575.43,-0.96,36718.0,635.0,252.0
MKJC,9/4/2025,575.0,586.0,574.0,584.8,1.63,61586.0,635.0,252.0
MKJC,9/7/2025,585.0,596.6,582.0,593.49,1.49,65870.0,635.0,252.0
MKJC,9/8/2025,588.0,616.0,588.0,599.29,0.98,170218.0,635.0,252.0
MKJC,9/18/2025,587.4,587.4,542.5,553.0,-7.72,5571.0,635.0,252.0
MKJC,9/21/2025,560.0,582.0,553.0,578.44,4.6,66622.0,635.0,252.0
MKJC,9/23/2025,572.0,599.0,572.0,599.0,3.55,61113.0,635.0,252.0
MKJC,9/24/2025,601.5,604.8,582.0,585.0,-2.34,59526.0,635.0,252.0
MKJC,9/25/2025,582.0,604.0,581.0,602.0,2.91,85168.0,635.0,252.0
MKJC,9/28/2025,593.2,615.0,593.2,608.0,1.0,81336.0,635.0,252.0
MKJC,10/7/2025,600.1,628.0,598.0,620.0,1.97,177106.0,635.0,252.0
MKJC,10/8/2025,607.6,631.0,590.0,590.0,-4.84,78884.0,635.0,252.0
MKJC,10/9/2025,600.0,635.0,583.0,586.0,-0.68,45199.0,635.0,252.0
MKJC,10/12/2025,597.0,599.9,548.8,572.0,-2.39,129097.0,635.0,252.0
MKJC,10/13/2025,562.0,580.0,562.0,574.9,0.51,30498.0,635.0,252.0
MKJC,10/14/2025,584.8,584.9,550.0,560.0,-2.59,49589.0,635.0,252.0
MKJC,10/15/2025,567.8,567.8,531.0,559.0,-0.18,69712.0,635.0,252.0
MKJC,10/16/2025,560.0,560.0,530.1,550.0,-1.61,63042.0,635.0,252.0
MKJC,10/19/2025,550.0,555.0,541.0,555.0,0.91,10214.0,635.0,252.0
MKJC,10/26/2025,562.0,562.0,544.0,545.0,-1.8,5797.0,635.0,252.0
MKJC,10/28/2025,534.3,568.5,534.3,563.9,3.47,31511.0,635.0,252.0
MKJC,10/29/2025,552.7,570.2,552.0,564.0,0.02,48201.0,635.0,252.0
MKJC,10/30/2025,555.9,571.0,555.0,568.0,0.71,33775.0,635.0,252.0
MKJC,11/2/2025,556.7,594.0,556.7,594.0,4.58,121293.0,635.0,252.0
MKJC,11/3/2025,582.2,593.6,577.1,593.0,-0.17,58973.0,635.0,252.0
MKJC,11/4/2025,583.0,594.0,580.0,587.0,-1.01,33492.0,635.0,252.0
MKJC,11/5/2025,585.0,590.8,580.0,589.8,0.48,44254.0,635.0,252.0
MKJC,11/6/2025,585.0,631.0,574.0,584.0,-0.98,75037.0,635.0,252.0
MKJC,11/9/2025,573.1,586.0,558.0,564.8,-3.29,19190.0,635.0,252.0
MKJC,11/10/2025,555.1,560.0,547.0,560.0,-0.85,21137.0,635.0,252.0
MKJC,11/11/2025,571.2,571.2,547.0,558.9,-0.2,26636.0,635.0,252.0
MKJC,11/12/2025,550.2,556.0,545.0,550.0,-1.59,9143.0,635.0,252.0
MKJC,11/13/2025,539.4,556.8,539.4,553.8,0.69,27779.0,635.0,252.0
MKJC,11/16/2025,564.0,564.0,535.0,536.0,-3.21,15014.0,635.0,252.0
MKJC,11/17/2025,541.0,545.0,530.0,535.9,-0.02,13263.0,635.0,252.0
MKJC,11/18/2025,535.9,546.6,534.0,540.0,0.77,16416.0,635.0,252.0
MKJC,11/19/2025,538.6,544.7,530.0,536.0,-0.74,28585.0,635.0,252.0
MKJC,11/20/2025,546.7,546.7,527.1,530.0,-1.12,22812.0,635.0,252.0
MKJC,11/23/2025,528.0,541.6,528.0,537.8,1.47,25129.0,635.0,252.0
MKJC,11/24/2025,537.0,548.5,531.6,545.0,1.34,27650.0,635.0,252.0
MKJC,11/25/2025,549.0,552.9,537.0,540.0,-0.92,21210.0,635.0,252.0
MKJC,11/26/2025,538.0,542.0,535.0,540.0,0.0,25076.0,635.0,252.0
MKJC,11/27/2025,531.0,552.0,531.0,552.0,2.22,36420.0,635.0,252.0
MKJC,11/30/2025,557.9,558.0,537.0,544.0,-1.45,42233.0,635.0,252.0
MKJC,12/1/2025,537.2,543.0,535.0,540.0,-0.74,11141.0,635.0,252.0
MKJC,12/2/2025,536.8,544.0,536.5,536.5,-0.65,12108.0,635.0,252.0
MKJC,12/3/2025,537.0,542.0,530.1,535.0,-0.28,28251.0,635.0,252.0
MKJC,12/7/2025,535.0,535.0,521.0,528.0,-1.31,28220.0,635.0,252.0
MKJC,12/8/2025,523.2,526.0,518.2,524.7,-0.62,23363.0,635.0,252.0
MKJC,12/9/2025,525.0,534.5,520.0,530.0,1.01,16492.0,635.0,252.0
MKJC,12/10/2025,535.0,538.0,525.0,529.8,-0.04,16899.0,635.0,252.0
MKJC,12/11/2025,522.0,526.8,519.3,522.0,-1.47,29461.0,635.0,252.0
MKJC,12/14/2025,520.0,521.9,508.0,509.0,-2.49,21065.0,635.0,252.0
MKJC,12/15/2025,508.0,516.0,502.0,511.0,0.39,12637.0,635.0,252.0
MKJC,12/16/2025,514.0,521.0,508.1,521.0,1.96,14167.0,635.0,252.0
MKJC,12/17/2025,525.9,526.9,515.0,521.4,0.08,21940.0,635.0,252.0
MKJC,12/18/2025,511.0,531.4,511.0,516.0,-1.04,28045.0,635.0,252.0
MKJC,12/21/2025,510.0,522.0,506.0,520.0,0.78,21133.0,635.0,252.0
MKJC,12/22/2025,509.6,527.9,508.4,510.7,-1.79,19302.0,635.0,252.0
MKJC,12/23/2025,500.5,520.0,500.5,510.0,-0.14,14719.0,635.0,252.0
MKJC,12/24/2025,520.0,520.0,506.6,516.0,1.18,13220.0,635.0,252.0
MKJC,12/28/2025,524.9,524.9,513.0,521.0,0.97,33125.0,635.0,252.0
MKJC,12/29/2025,518.0,527.0,516.3,516.3,-0.9,17862.0,635.0,252.0
MKJC,12/31/2025,526.0,536.5,519.0,519.1,0.54,50042.0,635.0,252.0
MKJC,1/1/2026,524.0,524.0,510.2,510.4,-1.68,15753.0,635.0,252.0
MKJC,1/4/2026,510.0,529.9,500.0,515.0,0.9,44351.0,635.0,252.0
MKJC,1/5/2026,505.2,524.9,505.0,521.0,1.17,18954.0,635.0,252.0
MKJC,1/6/2026,521.1,528.0,516.0,516.1,-0.94,29953.0,635.0,252.0
MKJC,1/7/2026,512.0,525.0,512.0,518.0,0.37,19591.0,635.0,252.0
MKJC,1/8/2026,507.9,525.8,507.9,523.3,1.02,61431.0,635.0,252.0
MKJC,1/12/2026,526.0,526.0,515.0,519.7,-0.69,14395.0,635.0,252.0
MKJC,1/13/2026,520.0,525.0,512.1,519.8,0.02,44485.0,635.0,252.0
MKJC,1/14/2026,520.0,523.8,512.8,515.0,-0.92,35649.0,635.0,252.0
MKJC,1/18/2026,510.1,522.0,510.1,520.0,0.97,42563.0,635.0,252.0
MKJC,1/20/2026,525.0,531.0,522.1,528.8,1.69,40046.0,635.0,252.0
MKJC,1/21/2026,530.0,535.0,526.1,527.3,-0.28,58597.0,635.0,252.0
MKJC,1/22/2026,528.0,534.0,515.0,515.4,-2.26,55446.0,635.0,252.0
MKJC,1/25/2026,525.7,530.0,520.0,520.0,0.89,98205.0,635.0,252.0
MKJC,1/26/2026,523.0,551.0,520.0,544.0,4.62,89146.0,635.0,252.0
MKJC,1/27/2026,546.0,554.7,530.0,534.0,-1.84,119872.0,635.0,252.0
MKJC,1/28/2026,534.0,542.0,528.0,540.0,1.12,52485.0,635.0,252.0
MKJC,1/29/2026,543.0,557.0,536.0,536.1,-0.72,94078.0,635.0,252.0
MKJC,2/1/2026,531.6,539.9,529.0,537.0,0.17,47626.0,635.0,252.0
MKJC,2/2/2026,537.1,548.0,530.0,538.6,0.3,54395.0,635.0,252.0
MKJC,2/3/2026,549.0,565.0,535.0,554.0,2.86,141773.0,635.0,252.0
MKJC,2/4/2026,564.1,564.1,544.0,545.0,-1.62,38331.0,635.0,252.0
MKJC,2/5/2026,536.0,559.0,536.0,552.0,1.28,43713.0,635.0,252.0
MKJC,2/8/2026,541.0,565.0,537.0,537.0,-2.72,55963.0,635.0,252.0
MKJC,2/9/2026,527.0,550.0,527.0,538.0,0.19,50415.0,635.0,252.0
MKJC,2/10/2026,528.5,548.7,527.4,538.0,0.0,44555.0,635.0,252.0
MKJC,2/11/2026,542.0,542.0,530.1,530.2,-1.45,36471.0,635.0,252.0
MKJC,2/12/2026,531.0,539.0,525.1,528.0,-0.41,35558.0,635.0,252.0
MKJC,2/16/2026,528.0,536.9,520.1,522.0,-1.14,21684.0,635.0,252.0
MKJC,2/17/2026,512.0,532.0,512.0,529.0,1.34,41297.0,635.0,252.0
MKJC,2/22/2026,519.1,529.0,519.1,527.0,-0.38,33270.0,635.0,252.0
MKJC,2/23/2026,517.0,530.0,517.0,525.0,-0.38,26132.0,635.0,252.0
MKJC,2/24/2026,514.5,528.0,514.5,527.5,0.48,12380.0,635.0,252.0
MKJC,2/25/2026,518.0,548.0,518.0,525.0,-0.47,23670.0,635.0,252.0
MKJC,2/26/2026,516.0,526.3,516.0,522.0,-0.57,15794.0,635.0,252.0
MKJC,2/27/2026,516.0,526.3,516.0,522.0,0.0,15794.0,635.0,252.0
MKJC,2/28/2026,516.0,526.3,516.0,522.0,0.0,15794.0,635.0,252.0
MKJC,3/2/2026,512.0,542.0,512.0,528.8,1.3,13404.0,635.0,252.0
MKJC,3/3/2026,519.0,538.0,519.0,538.0,1.74,15561.0,635.0,252.0
MKJC,3/4/2026,519.0,538.0,519.0,538.0,0.0,15561.0,635.0,252.0
MKJC,3/5/2026,519.0,538.0,519.0,538.0,0.0,15561.0,635.0,252.0
MKJC,3/6/2026,519.0,538.0,519.0,538.0,0.0,15561.0,635.0,252.0
MKJC,3/7/2026,519.0,538.0,519.0,538.0,0.0,15561.0,635.0,252.0
MKJC,3/8/2026,519.0,538.0,519.0,538.0,0.0,15561.0,635.0,252.0
MKJC,3/9/2026,548.7,580.3,548.7,580.3,7.86,14460.0,635.0,252.0
MKJC,3/10/2026,582.0,582.0,543.0,547.0,-5.74,119941.0,635.0,252.0
MKJC,3/11/2026,547.0,551.1,538.2,542.0,-0.91,55346.0,635.0,252.0
MKJC,3/12/2026,531.2,547.9,531.2,547.9,1.09,56694.0,635.0,252.0
MKJC,3/13/2026,531.2,547.9,531.2,547.9,0.0,56694.0,635.0,252.0
MKJC,3/14/2026,531.2,547.9,531.2,547.9,0.0,56694.0,635.0,252.0
MKJC,3/15/2026,555.0,555.0,541.6,546.0,-0.35,43131.0,635.0,252.0
MKJC,3/16/2026,535.1,556.3,535.1,544.1,-0.35,36590.0,635.0,252.0
MKJC,3/17/2026,533.3,553.8,533.3,547.8,0.68,19678.0,635.0,252.0
MKJC,3/18/2026,533.3,553.8,533.3,547.8,0.0,19678.0,635.0,252.0
MKJC,3/19/2026,536.9,555.9,536.9,547.0,-0.15,72319.0,635.0,252.0
MKJC,3/20/2026,536.9,555.9,536.9,547.0,0.0,72319.0,635.0,252.0
MKJC,3/21/2026,536.9,555.9,536.9,547.0,0.0,72319.0,635.0,252.0
MKJC,3/22/2026,536.1,550.0,536.1,542.1,-0.9,58236.0,635.0,252.0
MKJC,3/23/2026,550.0,552.0,540.0,542.0,-0.02,19998.0,635.0,252.0
MKJC,3/24/2026,544.0,552.0,541.2,552.0,1.85,29871.0,635.0,252.0
MKJC,3/25/2026,552.0,552.0,535.0,537.9,-2.55,41412.0,635.0,252.0
MKJC,3/26/2026,544.0,547.0,535.0,540.0,-0.74,18582.0,635.0,252.0
MKJC,3/29/2026,540.0,540.1,525.1,533.8,-1.15,33233.0,635.0,252.0
MKJC,3/30/2026,535.0,539.0,520.3,530.0,-0.93,20194.0,635.0,252.0
MKJC,3/31/2026,530.0,533.0,515.0,520.0,-1.89,29637.0,635.0,252.0
MKJC,4/1/2026,520.0,523.0,510.0,518.0,-0.38,16895.0,635.0,252.0
MKJC,4/2/2026,510.3,520.0,510.3,514.9,0.9,24187.0,635.0,252.0
MKJC,4/5/2026,505.1,516.5,486.2,492.0,-2.59,33067.0,635.0,252.0
MKJC,4/6/2026,485.0,514.0,484.2,511.7,5.51,14043.0,635.0,252.0
MKJC,4/7/2026,518.9,519.0,496.1,506.0,-2.49,15425.0,635.0,252.0
MKJC,4/8/2026,508.4,514.9,502.0,513.0,0.9,12128.0,635.0,252.0
MKJC,4/9/2026,513.0,523.2,511.5,519.9,1.35,19052.0,635.0,252.0
MKJC,4/10/2026,530.0,540.6,509.5,520.0,-1.89,15576.0,635.0,252.0
MKJC,4/13/2026,529.0,529.0,512.2,518.0,-2.08,13261.0,635.0,252.0
MKJC,4/15/2026,513.6,534.1,513.6,530.0,3.19,16761.0,635.0,252.0
MKJC,4/16/2026,537.0,537.0,517.2,518.9,-3.37,15272.0,635.0,252.0
MKJC,4/17/2026,508.6,538.0,508.6,524.8,3.19,15942.0,635.0,252.0
MKJC,4/20/2026,533.9,533.9,516.0,523.8,-1.89,17621.0,635.0,252.0
MKJC,4/21/2026,500.1,530.5,500.1,517.0,3.38,4658.0,635.0,252.0
MKJC,4/22/2026,510.6,516.8,503.8,509.0,-0.31,12260.0,635.0,252.0
MKJC,4/23/2026,503.1,511.5,503.1,508.0,0.97,23757.0,635.0,252.0
MKJC,4/24/2026,508.0,507.0,501.4,505.0,-0.59,8270.0,635.0,252.0
MKJC,4/27/2026,505.0,510.0,495.3,506.0,0.2,4020.0,635.0,252.0
MKJC,4/28/2026,506.0,506.0,500.0,503.8,-0.43,5395.0,635.0,252.0
MKJC,4/29/2026,503.8,503.9,495.2,499.8,-0.79,5629.0,635.0,252.0
MKJC,4/30/2026,499.0,500.0,493.1,498.0,-0.2,4126.0,635.0,252.0
MKJC,5/4/2026,509.0,509.0,485.0,495.0,-2.75,6616.0,635.0,252.0
MKJC,5/5/2026,490.1,495.0,484.0,494.0,0.8,9758.0,635.0,252.0
MKJC,5/6/2026,504.9,504.9,484.2,494.0,-2.16,11630.0,635.0,252.0
MKJC,5/7/2026,469.4,497.9,469.4,490.0,4.39,6926.0,635.0,252.0
MKJC,5/8/2026,492.0,495.0,490.0,490.2,-0.37,6027.0,635.0,252.0
MKJC,5/11/2026,498.9,505.0,493.0,500.0,0.22,5309.0,635.0,252.0
MKJC,5/12/2026,505.0,506.0,492.0,495.0,-1.98,6197.0,635.0,252.0
MKJC,5/13/2026,486.5,498.0,485.0,488.0,0.31,2045.0,635.0,252.0
MKJC,5/14/2026,504.0,504.0,485.1,485.8,-3.61,4377.0,635.0,252.0
MKJC,5/15/2026,498.0,498.0,483.3,490.0,-1.61,2489.0,635.0,252.0
MKJC,5/18/2026,486.0,491.0,486.0,491.0,1.03,6740.0,635.0,252.0
MKJC,5/19/2026,498.0,498.0,486.1,488.4,-1.93,2235.0,635.0,252.0
MKJC,5/20/2026,511.0,511.0,487.3,499.0,-2.35,4047.0,635.0,252.0
MKJC,5/21/2026,493.3,501.6,492.8,500.5,1.46,4178.0,635.0,252.0
MKJC,5/22/2026,490.0,500.0,490.0,490.0,0.0,14216.0,635.0,252.0
MKJC,5/25/2026,500.0,501.6,493.2,501.0,0.2,5447.0,635.0,252.0
MKJC,5/26/2026,499.0,507.0,495.2,505.9,1.38,3932.0,635.0,252.0
MKJC,5/27/2026,509.5,513.0,497.0,512.6,0.61,9478.0,635.0,252.0
MKJC,6/1/2026,509.0,509.0,500.0,501.0,-1.57,6898.0,635.0,252.0
MKJC,6/2/2026,493.1,505.0,493.1,503.0,2.01,8397.0,635.0,252.0
MKJC,6/3/2026,506.0,506.0,496.0,500.0,-1.19,6179.0,635.0,252.0
MKJC,6/4/2026,495.0,507.0,493.3,504.7,1.96,7890.0,635.0,252.0
MKJC,6/5/2026,492.1,503.8,492.1,503.5,2.32,4804.0,635.0,252.0
MKJC,6/8/2026,495.1,499.9,490.1,498.7,0.73,3918.0,635.0,252.0
MKJC,6/9/2026,488.1,496.0,488.1,493.0,1.0,1860.0,635.0,252.0
MKJC,6/10/2026,488.6,496.0,488.6,489.0,0.08,4264.0,635.0,252.0
MKJC,6/11/2026,487.1,496.0,487.1,496.0,1.83,5455.0,635.0,252.0
MKJC,6/12/2026,488.1,495.0,488.1,490.0,0.39,6888.0,635.0,252.0
MKJC,6/15/2026,489.0,496.0,486.1,486.1,-0.59,2411.0,635.0,252.0
MKJC,6/16/2026,500.0,500.0,482.1,482.1,-3.58,5884.0,635.0,252.0
MKJC,6/17/2026,485.1,495.3,485.0,486.0,0.19,5106.0,635.0,252.0
MKJC,6/18/2026,480.0,489.0,480.0,485.0,1.04,4004.0,635.0,252.0
MKJC,6/19/2026,490.0,495.0,482.5,484.6,-1.1,2421.0,635.0,252.0
MKJC,6/22/2026,460.4,489.2,460.4,481.5,4.58,1780.0,635.0,252.0
MKJC,6/23/2026,480.0,489.0,475.3,479.9,-0.02,4001.0,635.0,252.0
MKJC,6/24/2026,470.6,477.9,460.0,475.0,0.93,4467.0,635.0,252.0
MKJC,6/26/2026,483.0,483.0,460.4,465.1,-3.71,2564.0,635.0,252.0
MKJC,6/29/2026,462.0,471.0,460.1,462.0,0.0,2226.0,635.0,252.0
MKJC,6/30/2026,462.0,462.0,456.1,456.1,-1.28,4842.0,635.0,252.0
MKJC,7/1/2026,445.3,469.8,445.3,460.0,3.3,610.0,635.0,252.0
MKJC,7/2/2026,460.0,460.0,451.0,456.1,-0.85,1718.0,635.0,252.0
MKJC,7/3/2026,458.0,466.0,456.0,461.0,0.66,3103.0,635.0,252.0
MKJC,7/6/2026,465.0,469.9,456.1,462.0,-0.65,5234.0,635.0,252.0
MKJC,7/7/2026,462.0,465.0,455.2,462.0,0.0,6136.0,635.0,252.0
MKJC,7/8/2026,475.0,475.0,445.5,447.0,-5.89,6303.0,635.0,252.0
MKJC,7/9/2026,445.1,447.0,442.0,446.1,0.22,4777.0,635.0,252.0
MKJC,7/10/2026,448.0,457.0,438.2,449.8,0.4,2568.0,635.0,252.0
MKJC,7/13/2026,449.0,450.0,440.0,447.0,-0.45,2482.0,635.0,252.0
MKJC,7/14/2026,436.1,448.9,434.1,448.9,2.94,4334.0,635.0,252.0
MKJC,7/15/2026,442.2,450.2,442.2,446.0,0.86,1916.0,635.0,252.0
MKJC,7/16/2026,468.3,468.3,437.1,445.0,-4.98,2259.0,635.0,252.0
MKJC,7/17/2026,458.0,461.9,452.0,461.0,0.66,4530.0,635.0,252.0
MKJC,7/20/2026,461.0,473.0,461.0,464.0,0.65,7396.0,635.0,252.0
MKJC,7/21/2026,470.0,472.9,457.0,464.0,-1.28,10602.0,635.0,252.0
MKJC,7/22/2026,473.0,473.0,461.9,465.0,-1.69,1770.0,635.0,252.0
MKJC,7/23/2026,488.2,488.2,458.8,480.0,-1.68,16210.0,635.0,252.0
MKJC,7/24/2026,471.0,494.0,471.0,487.0,3.4,12860.0,635.0,252.0
MKJC,7/27/2026,500.0,500.0,467.0,472.0,-5.6,8224.0,635.0,252.0
MKJC,7/28/2026,469.8,474.9,462.0,471.9,0.45,3503.0,635.0,252.0
MKJC,7/29/2026,470.9,474.0,463.0,465.2,-1.21,3515.0,635.0,252.0
MKJC,7/30/2026,465.0,470.0,462.1,468.0,0.65,3650.0,635.0,252.0
MKJC,7/31/2026,456.0,468.9,454.0,462.6,1.45,6682.0,635.0,252.0
MKJC,8/3/2026,462.6,475.0,457.2,466.0,0.73,5108.0,635.0,252.0
MKJC,8/4/2026,457.0,470.0,457.0,460.0,0.66,2060.0,635.0,252.0
MKJC,8/5/2026,458.0,468.0,457.1,460.0,0.44,2086.0,635.0,252.0
MKJC,8/6/2026,455.7,468.0,455.7,457.0,0.29,2753.0,635.0,252.0
MKJC,8/7/2026,455.8,460.8,450.1,453.0,-0.61,6876.0,635.0,252.0
MKJC,8/10/2026,450.2,460.0,450.2,455.0,1.07,2605.0,635.0,252.0
MKJC,8/11/2026,455.0,455.0,445.5,446.1,-1.96,8538.0,635.0,252.0
MKJC,8/12/2026,455.0,455.0,443.3,448.0,-1.54,5717.0,635.0,252.0
MKJC,8/13/2026,440.6,455.0,440.6,450.0,2.13,5478.0,635.0,252.0
MKJC,8/14/2026,447.0,451.0,441.0,449.0,0.45,4278.0,635.0,252.0
MKJC,8/17/2026,439.0,450.0,439.0,443.0,0.91,3072.0,635.0,252.0
MKJC,8/18/2026,420.9,445.0,420.9,441.9,4.99,6429.0,635.0,252.0
MKJC,8/19/2026,419.9,443.0,419.9,440.0,4.79,1009.0,635.0,252.0
MKJC,8/20/2026,433.0,438.0,429.5,432.2,-0.18,6109.0,635.0,252.0
MKJC,8/21/2026,435.0,435.0,424.0,424.1,-2.51,5526.0,635.0,252.0
MKJC,8/24/2026,424.1,432.9,409.0,413.0,-2.62,20060.0,635.0,252.0
MKJC,8/25/2026,420.0,420.0,400.0,414.4,-1.33,8554.0,635.0,252.0
MKJC,8/26/2026,402.0,409.0,352.3,352.3,-12.36,66903.0,635.0,252.0
MKJC,8/27/2026,334.7,339.0,302.0,325.0,-2.9,78815.0,635.0,252.0
MKJC,8/31/2026,320.0,320.0,276.3,276.3,-13.66,106702.0,635.0,252.0
MKJC,9/1/2026,276.3,295.0,252.0,284.9,3.11,54406.0,635.0,252.0
MKJC,9/2/2026,278.0,299.9,273.1,297.4,6.98,41361.0,635.0,252.0
MKJC,9/3/2026,295.0,299.0,286.0,290.0,-1.69,47203.0,635.0,252.0
MKJC,9/7/2026,290.0,296.0,284.1,289.4,-0.21,31973.0,635.0,252.0
MKJC,9/9/2026,290.0,290.0,268.0,274.0,-5.52,34500.0,635.0,252.0
MKJC,9/10/2026,260.3,278.9,260.3,274.0,5.26,12797.0,635.0,252.0
MKJC,9/11/2026,267.4,281.9,265.3,280.0,4.71,22462.0,635.0,252.0
MKJC,9/14/2026,279.0,289.0,277.0,286.7,2.76,12898.0,635.0,252.0
MKJC,9/15/2026,301.0,301.0,284.0,290.0,-3.65,19856.0,635.0,252.0
MKJC,9/16/2026,293.0,308.0,288.0,294.5,0.51,57894.0,635.0,252.0
MKJC,9/17/2026,295.5,300.0,292.1,294.0,-0.51,21258.0,635.0,252.0
MKJC,9/18/2026,292.8,326.9,292.8,320.0,9.29,84581.0,635.0,252.0
MKJC,9/22/2026,304.0,359.0,304.0,338.0,11.18,113194.0,635.0,252.0
MKJC,9/23/2026,321.1,355.0,321.1,339.0,5.57,109908.0,635.0,252.0
MKJC,9/24/2026,322.1,338.0,322.1,329.3,2.24,37780.0,635.0,252.0
MKJC,9/28/2026,320.0,337.7,320.0,325.0,1.56,33925.0,635.0,252.0
MKJC,9/29/2026,308.8,334.0,308.8,0.0,-100.0,26767.0,635.0,252.0
MKJC,9/30/2026,321.0,355.0,315.2,342.0,6.54,124799.0,635.0,252.0
MKJC,10/1/2026,341.0,356.9,326.0,338.0,-0.88,37391.0,635.0,252.0
MKJC,10/2/2026,321.1,350.0,320.1,337.0,4.95,43701.0,635.0,252.0
MLBBL,12/21/2025,1516.7,1516.7,1476.0,1488.0,,3445.0,1661.0,894.0
MLBBL,12/22/2025,1512.9,1512.9,1469.1,1485.9,-0.14,4817.0,1661.0,894.0
MLBBL,12/23/2025,1500.0,1500.0,1470.0,1490.0,0.28,2243.0,1661.0,894.0
MLBBL,12/24/2025,1471.1,1499.0,1471.1,1498.0,0.54,2736.0,1661.0,894.0
MLBBL,12/28/2025,1522.0,1522.0,1485.0,1496.0,-0.13,7360.0,1661.0,894.0
MLBBL,12/29/2025,1524.0,1545.0,1488.2,1514.9,1.26,31252.0,1661.0,894.0
MLBBL,12/31/2025,1352.4,1368.0,1305.0,1341.0,-11.48,4985.0,1661.0,894.0
MLBBL,1/1/2026,1323.0,1333.0,1312.1,1327.0,-1.04,2776.0,1661.0,894.0
MLBBL,1/4/2026,1327.0,1327.0,1300.0,1314.0,-0.98,4846.0,1661.0,894.0
MLBBL,1/5/2026,1314.0,1329.5,1300.0,1325.0,0.84,3278.0,1661.0,894.0
MLBBL,1/6/2026,1325.0,1344.4,1307.0,1343.5,1.4,2137.0,1661.0,894.0
MLBBL,1/7/2026,1317.0,1354.0,1317.0,1330.0,-1.0,5458.0,1661.0,894.0
MLBBL,1/8/2026,1330.0,1330.0,1305.0,1329.9,-0.01,374.0,1661.0,894.0
MLBBL,1/12/2026,1311.0,1326.0,1285.0,1324.0,-0.44,6071.0,1661.0,894.0
MLBBL,1/13/2026,1324.0,1324.9,1300.0,1320.0,-0.3,1560.0,1661.0,894.0
MLBBL,1/14/2026,1301.5,1330.0,1295.0,1315.0,-0.38,3105.0,1661.0,894.0
MLBBL,1/18/2026,1340.9,1367.0,1336.0,1348.0,2.51,4626.0,1661.0,894.0
MLBBL,1/20/2026,1365.0,1369.0,1344.0,1366.0,1.34,7025.0,1661.0,894.0
MLBBL,1/21/2026,1383.5,1385.0,1345.0,1350.0,-1.17,4651.0,1661.0,894.0
MLBBL,1/22/2026,1334.0,1350.0,1332.0,1335.0,-1.11,4502.0,1661.0,894.0
MLBBL,1/25/2026,1358.0,1398.0,1350.0,1390.0,4.12,7389.0,1661.0,894.0
MLBBL,1/26/2026,1410.0,1425.0,1376.0,1425.0,2.52,6460.0,1661.0,894.0
MLBBL,1/27/2026,1425.0,1449.0,1385.0,1438.2,0.93,8842.0,1661.0,894.0
MLBBL,1/28/2026,1410.0,1582.0,1398.0,1575.0,9.51,16965.0,1661.0,894.0
MLBBL,1/29/2026,1543.5,1543.5,1417.5,1417.5,-10.0,40178.0,1661.0,894.0
MLBBL,2/1/2026,1390.0,1555.0,1360.4,1555.0,9.7,28463.0,1661.0,894.0
MLBBL,2/2/2026,1523.9,1523.9,1399.5,1399.5,-10.0,37359.0,1661.0,894.0
MLBBL,2/3/2026,1400.0,1400.0,1366.0,1366.0,-2.39,4518.0,1661.0,894.0
MLBBL,2/4/2026,1389.9,1393.3,1347.5,1350.0,-1.17,3679.0,1661.0,894.0
MLBBL,2/5/2026,1340.1,1373.0,1340.0,1350.0,0.0,6743.0,1661.0,894.0
MLBBL,2/8/2026,1360.0,1377.0,1333.0,1345.0,-0.37,4456.0,1661.0,894.0
MLBBL,2/9/2026,1370.5,1370.5,1308.4,1334.0,-0.82,7528.0,1661.0,894.0
MLBBL,2/10/2026,1335.0,1342.0,1300.0,1315.0,-1.42,4851.0,1661.0,894.0
MLBBL,2/11/2026,1340.9,1340.9,1310.0,1329.0,1.06,2868.0,1661.0,894.0
MLBBL,2/12/2026,1307.5,1329.0,1306.0,1325.0,-0.3,2845.0,1661.0,894.0
MLBBL,2/16/2026,1308.2,1325.0,1308.2,1323.0,-0.15,2263.0,1661.0,894.0
MLBBL,2/17/2026,1302.6,1318.9,1302.5,1303.6,-1.47,3606.0,1661.0,894.0
MLBBL,2/22/2026,1305.0,1316.0,1291.0,1309.9,0.48,2932.0,1661.0,894.0
MLBBL,2/23/2026,1305.0,1315.6,1300.0,1300.0,-0.76,1401.0,1661.0,894.0
MLBBL,2/24/2026,1320.0,1320.0,1302.8,1308.0,0.62,727.0,1661.0,894.0
MLBBL,2/25/2026,1322.0,1331.0,1310.0,1322.0,1.07,678.0,1661.0,894.0
MLBBL,2/26/2026,1322.0,1359.7,1306.0,1342.0,1.51,3451.0,1661.0,894.0
MLBBL,2/27/2026,1322.0,1359.7,1306.0,1342.0,0.0,3451.0,1661.0,894.0
MLBBL,2/28/2026,1322.0,1359.7,1306.0,1342.0,0.0,3451.0,1661.0,894.0
MLBBL,3/2/2026,1330.0,1353.0,1308.0,1346.0,0.3,2449.0,1661.0,894.0
MLBBL,3/3/2026,1319.5,1357.0,1319.1,1356.0,0.74,2097.0,1661.0,894.0
MLBBL,3/4/2026,1319.5,1357.0,1319.1,1356.0,0.0,2097.0,1661.0,894.0
MLBBL,3/5/2026,1319.5,1357.0,1319.1,1356.0,0.0,2097.0,1661.0,894.0
MLBBL,3/6/2026,1319.5,1357.0,1319.1,1356.0,0.0,2097.0,1661.0,894.0
MLBBL,3/7/2026,1319.5,1357.0,1319.1,1356.0,0.0,2097.0,1661.0,894.0
MLBBL,3/8/2026,1319.5,1357.0,1319.1,1356.0,0.0,2097.0,1661.0,894.0
MLBBL,3/9/2026,1383.1,1410.0,1383.1,1410.0,3.98,50.0,1661.0,894.0
MLBBL,3/10/2026,1438.0,1438.2,1379.0,1389.0,-1.49,6850.0,1661.0,894.0
MLBBL,3/11/2026,1386.0,1400.0,1340.0,1364.0,-1.8,4351.0,1661.0,894.0
MLBBL,3/12/2026,1360.0,1370.0,1341.0,1370.0,0.44,2265.0,1661.0,894.0
MLBBL,3/13/2026,1360.0,1370.0,1341.0,1370.0,0.0,2265.0,1661.0,894.0
MLBBL,3/14/2026,1360.0,1370.0,1341.0,1370.0,0.0,2265.0,1661.0,894.0
MLBBL,3/15/2026,1370.0,1388.0,1360.4,1370.0,0.0,2271.0,1661.0,894.0
MLBBL,3/16/2026,1346.0,1380.0,1341.0,1354.0,-1.17,3420.0,1661.0,894.0
MLBBL,3/17/2026,1370.0,1370.0,1337.0,1337.2,-1.24,4411.0,1661.0,894.0
MLBBL,3/18/2026,1370.0,1370.0,1337.0,1337.2,0.0,4411.0,1661.0,894.0
MLBBL,3/19/2026,1335.0,1368.9,1335.0,1357.0,1.48,3814.0,1661.0,894.0
MLBBL,3/20/2026,1335.0,1368.9,1335.0,1357.0,0.0,3814.0,1661.0,894.0
MLBBL,3/21/2026,1335.0,1368.9,1335.0,1357.0,0.0,3814.0,1661.0,894.0
MLBBL,3/22/2026,1383.9,1411.0,1360.0,1395.0,2.8,14210.0,1661.0,894.0
MLBBL,3/23/2026,1405.0,1418.0,1380.5,1392.7,-0.16,3958.0,1661.0,894.0
MLBBL,3/24/2026,1390.0,1397.0,1383.7,1389.8,-0.21,2071.0,1661.0,894.0
MLBBL,3/25/2026,1380.0,1389.7,1348.0,1365.0,-1.78,8676.0,1661.0,894.0
MLBBL,3/26/2026,1380.0,1380.0,1356.0,1375.0,-0.36,1670.0,1661.0,894.0
MLBBL,3/29/2026,1390.0,1390.0,1321.1,1348.0,-3.02,6496.0,1661.0,894.0
MLBBL,3/30/2026,1328.1,1347.0,1312.0,1330.0,0.14,3687.0,1661.0,894.0
MLBBL,3/31/2026,1330.0,1343.0,1304.1,1343.0,0.98,2583.0,1661.0,894.0
MLBBL,4/1/2026,1322.0,1328.0,1293.7,1306.0,-1.21,3933.0,1661.0,894.0
MLBBL,4/2/2026,1288.4,1312.0,1288.2,1291.0,0.2,3101.0,1661.0,894.0
MLBBL,4/5/2026,1285.0,1310.0,1240.5,1250.0,-2.72,6542.0,1661.0,894.0
MLBBL,4/6/2026,1265.0,1295.0,1250.0,1290.0,1.98,2828.0,1661.0,894.0
MLBBL,4/7/2026,1280.0,1298.0,1265.0,1279.0,-0.08,1923.0,1661.0,894.0
MLBBL,4/8/2026,1276.0,1300.0,1276.0,1286.0,0.78,1415.0,1661.0,894.0
MLBBL,4/9/2026,1286.0,1322.0,1285.0,1321.0,2.72,2311.0,1661.0,894.0
MLBBL,4/10/2026,1320.0,1320.0,1288.1,1295.0,-1.89,3071.0,1661.0,894.0
MLBBL,4/13/2026,1291.0,1300.0,1287.0,1287.0,-0.31,599.0,1661.0,894.0
MLBBL,4/15/2026,1285.1,1317.0,1285.0,1309.0,1.86,2347.0,1661.0,894.0
MLBBL,4/16/2026,1290.0,1295.0,1288.2,1295.0,0.39,1143.0,1661.0,894.0
MLBBL,4/17/2026,1278.1,1300.0,1250.1,1300.0,1.71,1877.0,1661.0,894.0
MLBBL,4/20/2026,1310.0,1310.0,1276.6,1294.0,-1.22,1463.0,1661.0,894.0
MLBBL,4/21/2026,1291.0,1291.0,1275.0,1275.2,-1.22,792.0,1661.0,894.0
MLBBL,4/22/2026,1294.0,1294.0,1212.5,1272.9,-1.63,4210.0,1661.0,894.0
MLBBL,4/23/2026,1273.0,1273.0,1240.0,1250.0,-1.81,2699.0,1661.0,894.0
MLBBL,4/24/2026,1232.0,1250.0,1231.0,1245.0,1.06,1677.0,1661.0,894.0
MLBBL,4/27/2026,1245.0,1250.0,1232.2,1232.2,-1.03,1005.0,1661.0,894.0
MLBBL,4/28/2026,1232.2,1240.0,1220.0,1225.0,-0.58,1925.0,1661.0,894.0
MLBBL,4/29/2026,1225.0,1225.0,1210.7,1223.0,-0.16,1661.0,1661.0,894.0
MLBBL,4/30/2026,1190.1,1221.2,1190.1,1205.0,1.25,1372.0,1661.0,894.0
MLBBL,5/4/2026,1201.0,1201.1,1176.1,1190.0,-0.92,1985.0,1661.0,894.0
MLBBL,5/5/2026,1190.0,1204.5,1186.0,1190.0,0.0,713.0,1661.0,894.0
MLBBL,5/6/2026,1180.0,1195.1,1180.0,1195.0,1.27,379.0,1661.0,894.0
MLBBL,5/7/2026,1150.0,1230.0,1143.0,1204.0,4.7,1824.0,1661.0,894.0
MLBBL,5/8/2026,1196.0,1209.0,1196.0,1200.0,0.33,2737.0,1661.0,894.0
MLBBL,5/11/2026,1224.5,1225.0,1206.1,1218.0,-0.53,1316.0,1661.0,894.0
MLBBL,5/12/2026,1207.0,1207.0,1191.0,1195.0,-0.99,3628.0,1661.0,894.0
MLBBL,5/13/2026,1170.2,1199.8,1170.2,1192.0,1.86,1224.0,1661.0,894.0
MLBBL,5/14/2026,1164.5,1190.0,1164.5,1180.0,1.33,1318.0,1661.0,894.0
MLBBL,5/15/2026,1181.5,1199.0,1169.0,1199.0,1.48,1021.0,1661.0,894.0
MLBBL,5/18/2026,1190.0,1195.0,1180.1,1195.0,0.42,674.0,1661.0,894.0
MLBBL,5/19/2026,1218.5,1218.5,1173.0,1189.0,-2.42,1249.0,1661.0,894.0
MLBBL,5/20/2026,1190.0,1191.0,1190.0,1191.0,0.08,350.0,1661.0,894.0
MLBBL,5/21/2026,1195.0,1200.0,1180.0,1180.0,-1.26,824.0,1661.0,894.0
MLBBL,5/22/2026,1172.0,1199.8,1172.0,1198.0,2.22,862.0,1661.0,894.0
MLBBL,5/25/2026,1220.0,1220.0,1183.0,1198.0,-1.8,2789.0,1661.0,894.0
MLBBL,5/26/2026,1190.0,1196.0,1185.0,1196.0,0.5,700.0,1661.0,894.0
MLBBL,5/27/2026,1195.0,1200.0,1190.0,1200.0,0.42,1014.0,1661.0,894.0
MLBBL,6/1/2026,1200.0,1229.0,1181.7,1198.0,-0.17,492.0,1661.0,894.0
MLBBL,6/2/2026,1180.0,1195.0,1180.0,1195.0,1.27,739.0,1661.0,894.0
MLBBL,6/3/2026,1195.0,1210.0,1190.0,1209.0,1.17,2335.0,1661.0,894.0
MLBBL,6/4/2026,1190.0,1214.0,1190.0,1209.9,1.67,1088.0,1661.0,894.0
MLBBL,6/5/2026,1200.0,1209.5,1181.0,1209.5,0.79,1538.0,1661.0,894.0
MLBBL,6/8/2026,1149.9,1200.0,1149.9,1197.9,4.17,784.0,1661.0,894.0
MLBBL,6/9/2026,1190.0,1191.0,1177.4,1189.0,-0.08,1939.0,1661.0,894.0
MLBBL,6/10/2026,1180.0,1194.0,1180.0,1189.0,0.76,369.0,1661.0,894.0
MLBBL,6/11/2026,1190.0,1200.0,1187.0,1192.0,0.17,259.0,1661.0,894.0
MLBBL,6/12/2026,1177.1,1198.9,1170.0,1189.8,1.08,2984.0,1661.0,894.0
MLBBL,6/15/2026,1190.0,1190.0,1166.6,1183.0,-0.59,895.0,1661.0,894.0
MLBBL,6/16/2026,1183.0,1183.0,1165.0,1165.0,-1.52,838.0,1661.0,894.0
MLBBL,6/17/2026,1180.0,1180.0,1145.0,1178.0,-0.17,1141.0,1661.0,894.0
MLBBL,6/18/2026,1184.0,1184.0,1151.2,1170.0,-1.18,516.0,1661.0,894.0
MLBBL,6/19/2026,1170.0,1170.0,1155.0,1169.0,-0.09,787.0,1661.0,894.0
MLBBL,6/22/2026,1160.0,1195.0,1160.0,1179.0,1.64,836.0,1661.0,894.0
MLBBL,6/23/2026,1160.0,1161.0,1151.2,1155.0,-0.43,1849.0,1661.0,894.0
MLBBL,6/24/2026,1155.0,1160.0,1143.6,1160.0,0.43,840.0,1661.0,894.0
MLBBL,6/26/2026,1184.0,1184.0,1148.6,1167.9,-1.36,313.0,1661.0,894.0
MLBBL,6/29/2026,1143.1,1170.0,1140.0,1160.0,1.48,636.0,1661.0,894.0
MLBBL,6/30/2026,1141.0,1150.0,1130.0,1135.0,-0.53,2158.0,1661.0,894.0
MLBBL,7/1/2026,1140.0,1155.0,1135.0,1140.0,0.0,1016.0,1661.0,894.0
MLBBL,7/2/2026,1140.0,1152.0,1124.6,1150.0,0.88,684.0,1661.0,894.0
MLBBL,7/3/2026,1151.0,1151.0,1135.6,1150.0,-0.09,372.0,1661.0,894.0
MLBBL,7/6/2026,1149.0,1177.5,1136.3,1136.5,-1.09,601.0,1661.0,894.0
MLBBL,7/7/2026,1137.0,1160.0,1136.0,1142.0,0.44,2270.0,1661.0,894.0
MLBBL,7/8/2026,1084.9,1139.0,1084.9,1137.0,4.8,346.0,1661.0,894.0
MLBBL,7/9/2026,1140.0,1140.0,1140.0,1140.0,0.0,20.0,1661.0,894.0
MLBBL,7/10/2026,1125.3,1135.0,1115.2,1129.9,0.41,486.0,1661.0,894.0
MLBBL,7/13/2026,1115.0,1115.0,1100.0,1110.0,-0.45,390.0,1661.0,894.0
MLBBL,7/14/2026,1076.7,1133.0,1076.7,1114.0,3.46,1066.0,1661.0,894.0
MLBBL,7/15/2026,1120.0,1120.0,1097.0,1109.0,-0.98,1191.0,1661.0,894.0
MLBBL,7/16/2026,1139.0,1160.0,1100.0,1117.0,-1.93,2227.0,1661.0,894.0
MLBBL,7/17/2026,1137.0,1149.0,1112.0,1149.0,1.06,3543.0,1661.0,894.0
MLBBL,7/20/2026,1179.5,1179.5,1136.0,1166.0,-1.14,1699.0,1661.0,894.0
MLBBL,7/21/2026,1124.3,1187.5,1124.3,1176.5,4.64,1594.0,1661.0,894.0
MLBBL,7/22/2026,1176.5,1176.5,1141.3,1147.1,-2.5,589.0,1661.0,894.0
MLBBL,7/23/2026,1147.1,1159.9,1134.0,1159.9,1.12,960.0,1661.0,894.0
MLBBL,7/24/2026,1131.2,1160.0,1131.2,1150.0,1.66,1507.0,1661.0,894.0
MLBBL,7/27/2026,1168.5,1168.5,1145.0,1158.0,-0.9,443.0,1661.0,894.0
MLBBL,7/28/2026,1140.0,1150.0,1130.0,1150.0,0.88,321.0,1661.0,894.0
MLBBL,7/29/2026,1135.0,1149.9,1134.0,1134.0,-0.09,1025.0,1661.0,894.0
MLBBL,7/30/2026,1140.0,1140.0,1125.1,1134.0,-0.53,303.0,1661.0,894.0
MLBBL,7/31/2026,1118.0,1145.0,1117.0,1142.0,2.15,1210.0,1661.0,894.0
MLBBL,8/3/2026,1150.0,1150.0,1130.1,1139.0,-0.96,1217.0,1661.0,894.0
MLBBL,8/4/2026,1129.0,1144.0,1123.5,1144.0,1.33,656.0,1661.0,894.0
MLBBL,8/5/2026,1140.0,1140.0,1120.0,1135.0,-0.44,483.0,1661.0,894.0
MLBBL,8/6/2026,1117.0,1138.0,1101.1,1121.0,0.36,1592.0,1661.0,894.0
MLBBL,8/7/2026,1115.0,1119.0,1110.0,1119.0,0.36,306.0,1661.0,894.0
MLBBL,8/10/2026,1120.0,1133.0,1111.6,1121.9,0.17,397.0,1661.0,894.0
MLBBL,8/11/2026,1110.0,1113.9,1097.0,1099.5,-0.95,3056.0,1661.0,894.0
MLBBL,8/12/2026,1085.0,1085.0,1052.2,1067.0,-1.66,4754.0,1661.0,894.0
MLBBL,8/13/2026,1070.0,1070.0,1051.2,1062.5,-0.7,1969.0,1661.0,894.0
MLBBL,8/14/2026,1047.1,1062.0,1045.0,1062.0,1.42,795.0,1661.0,894.0
MLBBL,8/17/2026,1062.0,1062.0,1046.2,1055.0,-0.66,691.0,1661.0,894.0
MLBBL,8/18/2026,1040.0,1040.0,1025.1,1036.0,-0.38,1482.0,1661.0,894.0
MLBBL,8/19/2026,1030.0,1030.0,1009.0,1029.9,-0.01,1789.0,1661.0,894.0
MLBBL,8/20/2026,1037.0,1053.8,1011.0,1030.0,-0.68,1233.0,1661.0,894.0
MLBBL,8/21/2026,1010.1,1014.7,995.0,997.0,-1.3,2761.0,1661.0,894.0
MLBBL,8/24/2026,990.0,990.0,922.5,949.9,-4.05,10940.0,1661.0,894.0
MLBBL,8/25/2026,940.0,956.0,937.0,953.5,1.44,1478.0,1661.0,894.0
MLBBL,8/26/2026,960.0,960.0,930.0,954.0,-0.62,779.0,1661.0,894.0
MLBBL,8/27/2026,930.0,952.9,898.0,943.0,1.4,2637.0,1661.0,894.0
MLBBL,8/31/2026,937.0,937.0,894.0,915.0,-2.35,4090.0,1661.0,894.0
MLBBL,9/1/2026,900.0,925.0,900.0,925.0,2.78,1359.0,1661.0,894.0
MLBBL,9/2/2026,910.0,934.0,910.0,927.0,1.87,333.0,1661.0,894.0
MLBBL,9/3/2026,916.1,927.8,915.0,925.0,0.97,867.0,1661.0,894.0
MLBBL,9/7/2026,919.2,977.0,919.1,945.0,2.81,2565.0,1661.0,894.0
MLBBL,9/9/2026,934.0,943.8,931.1,943.8,1.05,794.0,1661.0,894.0
MLBBL,9/10/2026,916.1,944.0,916.1,938.9,2.49,1719.0,1661.0,894.0
MLBBL,9/11/2026,913.0,939.9,913.0,939.0,2.85,1310.0,1661.0,894.0
MLBBL,9/14/2026,951.0,958.0,933.0,955.0,0.42,2234.0,1661.0,894.0
MLBBL,9/15/2026,999.0,999.0,950.0,975.0,-2.4,1692.0,1661.0,894.0
MLBBL,9/16/2026,955.0,974.0,950.1,950.1,-0.51,1513.0,1661.0,894.0
MLBBL,9/17/2026,953.0,970.0,952.0,965.0,1.26,2817.0,1661.0,894.0
MLBBL,9/18/2026,977.0,994.8,970.1,993.0,1.64,4075.0,1661.0,894.0
MLBBL,9/22/2026,1010.5,1010.5,972.3,993.9,-1.64,914.0,1661.0,894.0
MLBBL,9/23/2026,1005.0,1005.0,951.0,969.0,-3.58,2449.0,1661.0,894.0
MLBBL,9/24/2026,920.6,978.9,920.6,978.9,6.33,1411.0,1661.0,894.0
MLBBL,9/28/2026,958.0,978.0,958.0,977.0,1.98,601.0,1661.0,894.0
MLBBL,9/29/2026,952.6,958.0,925.1,0.0,-100.0,2056.0,1661.0,894.0
MLBBL,9/30/2026,978.0,978.0,940.0,962.0,-1.64,793.0,1661.0,894.0
MLBBL,10/1/2026,943.0,951.9,920.1,951.9,0.94,1790.0,1661.0,894.0
MLBBL,10/2/2026,941.1,945.0,923.4,941.0,-0.01,989.0,1661.0,894.0
MLBL,2/7/2017,234.0,234.0,228.0,232.0,,2431.0,418.0,330.7
MLBL,2/8/2017,232.0,245.0,231.0,245.0,5.6,11204.0,418.0,330.7
MLBL,2/9/2017,245.0,251.0,231.0,240.0,-2.04,24264.0,418.0,330.7
MLBL,2/12/2017,240.0,236.0,220.0,221.0,-7.92,12830.0,418.0,330.7
MLBL,2/13/2017,221.0,232.0,201.0,228.0,3.17,9848.0,418.0,330.7
MLBL,2/14/2017,228.0,232.0,220.0,224.0,-1.75,10215.0,418.0,330.7
MLBL,2/15/2017,224.0,238.0,227.0,236.0,5.36,9269.0,418.0,330.7
MLBL,2/16/2017,236.0,244.0,230.0,240.0,1.69,11339.0,418.0,330.7
MLBL,2/19/2017,240.0,242.0,234.0,240.0,0.0,7194.0,418.0,330.7
MLBL,2/20/2017,240.0,244.0,233.0,235.0,-2.08,6048.0,418.0,330.7
MLBL,2/21/2017,235.0,246.0,235.0,235.0,0.0,11285.0,418.0,330.7
MLBL,2/22/2017,235.0,252.0,232.0,251.0,6.81,23669.0,418.0,330.7
MLBL,2/23/2017,251.0,271.0,252.0,260.0,3.59,42316.0,418.0,330.7
MLBL,2/26/2017,260.0,265.0,250.0,259.0,-0.38,19321.0,418.0,330.7
MLBL,2/28/2017,259.0,261.0,246.0,248.0,-4.25,310966.0,418.0,330.7
MLBL,3/1/2017,248.0,259.0,245.0,250.0,0.81,7707.0,418.0,330.7
MLBL,3/2/2017,250.0,258.0,250.0,250.0,0.0,13144.0,418.0,330.7
MLBL,3/5/2017,250.0,261.0,253.0,256.0,2.4,7909.0,418.0,330.7
MLBL,3/6/2017,256.0,256.0,248.0,249.0,-2.73,5126.0,418.0,330.7
MLBL,3/7/2017,249.0,253.0,251.0,251.0,0.8,194.0,418.0,330.7
MLBL,3/9/2017,251.0,248.0,248.0,248.0,-1.2,122.0,418.0,330.7
MLBL,3/13/2017,248.0,248.0,238.0,240.0,-3.23,9135.0,418.0,330.7
MLBL,3/14/2017,240.0,240.0,226.0,228.0,-5.0,19713.0,418.0,330.7
MLBL,8/13/2017,219.0,240.0,223.0,240.0,5.26,192.0,418.0,330.7
MLBL,8/15/2017,240.0,264.0,244.0,264.0,10.0,112861.0,418.0,330.7
MLBL,8/16/2017,264.0,274.0,250.0,253.0,-4.17,61187.0,418.0,330.7
MLBL,8/17/2017,253.0,258.0,250.0,255.0,0.79,18577.0,418.0,330.7
MLBL,8/20/2017,255.0,256.0,245.0,249.0,-2.35,12602.0,418.0,330.7
MLBL,8/21/2017,249.0,251.0,241.0,246.0,-1.2,4225.0,418.0,330.7
MLBL,8/22/2017,246.0,255.0,244.0,248.0,0.81,8606.0,418.0,330.7
MLBL,8/23/2017,248.0,252.0,244.0,245.0,-1.21,6056.0,418.0,330.7
MLBL,8/24/2017,245.0,249.0,245.0,248.0,1.22,14584.0,418.0,330.7
MLBL,8/27/2017,248.0,252.0,242.0,245.0,-1.21,25857.0,418.0,330.7
MLBL,8/28/2017,245.0,245.0,234.0,238.0,-2.86,20147.0,418.0,330.7
MLBL,8/30/2017,238.0,242.0,229.0,234.0,-1.68,32015.0,418.0,330.7
MLBL,8/31/2017,234.0,238.0,228.0,230.0,-1.71,32649.0,418.0,330.7
MLBL,9/4/2017,230.0,239.0,225.0,230.0,0.0,124846.0,418.0,330.7
MLBL,9/6/2017,230.0,235.0,226.0,233.0,1.3,18204.0,418.0,330.7
MLBL,9/7/2017,233.0,233.0,224.0,227.0,-2.58,26831.0,418.0,330.7
MLBL,9/10/2017,227.0,225.0,218.0,220.0,-3.08,23074.0,418.0,330.7
MLBL,9/11/2017,220.0,225.0,218.0,223.0,1.36,15650.0,418.0,330.7
MLBL,9/12/2017,223.0,225.0,216.0,219.0,-1.79,10514.0,418.0,330.7
MLBL,9/13/2017,219.0,224.0,218.0,218.0,-0.46,10069.0,418.0,330.7
MLBL,9/14/2017,218.0,230.0,215.0,220.0,0.92,35355.0,418.0,330.7
MLBL,9/17/2017,220.0,227.0,218.0,225.0,2.27,11085.0,418.0,330.7
MLBL,9/18/2017,225.0,229.0,220.0,228.0,1.33,12721.0,418.0,330.7
MLBL,9/20/2017,228.0,224.0,220.0,224.0,-1.75,10210.0,418.0,330.7
MLBL,9/24/2017,224.0,225.0,220.0,222.0,-0.89,8815.0,418.0,330.7
MLBL,9/25/2017,222.0,227.0,220.0,223.0,0.45,6592.0,418.0,330.7
MLBL,9/26/2017,223.0,227.0,222.0,224.0,0.45,8594.0,418.0,330.7
MLBL,10/3/2017,224.0,226.0,216.0,226.0,0.89,6800.0,418.0,330.7
MLBL,10/4/2017,226.0,225.0,222.0,222.0,-1.77,3692.0,418.0,330.7
MLBL,10/8/2017,222.0,220.0,215.0,220.0,-0.9,24867.0,418.0,330.7
MLBL,10/9/2017,220.0,219.0,214.0,219.0,-0.45,15913.0,418.0,330.7
MLBL,10/10/2017,219.0,224.0,219.0,220.0,0.46,2470.0,418.0,330.7
MLBL,10/11/2017,220.0,223.0,218.0,218.0,-0.91,6723.0,418.0,330.7
MLBL,10/12/2017,218.0,224.0,216.0,217.0,-0.46,10594.0,418.0,330.7
MLBL,10/15/2017,217.0,225.0,217.0,220.0,1.38,10365.0,418.0,330.7
MLBL,10/16/2017,220.0,228.0,220.0,227.0,3.18,12111.0,418.0,330.7
MLBL,10/17/2017,227.0,229.0,219.0,224.0,-1.32,10538.0,418.0,330.7
MLBL,10/18/2017,224.0,228.0,222.0,227.0,1.34,9833.0,418.0,330.7
MLBL,10/22/2017,227.0,231.0,225.0,227.0,0.0,8875.0,418.0,330.7
MLBL,10/23/2017,227.0,229.0,223.0,226.0,-0.44,9180.0,418.0,330.7
MLBL,10/24/2017,226.0,227.0,223.0,224.0,-0.88,7539.0,418.0,330.7
MLBL,10/25/2017,224.0,225.0,221.0,223.0,-0.45,2109.0,418.0,330.7
MLBL,10/29/2017,223.0,227.0,223.0,224.0,0.45,4374.0,418.0,330.7
MLBL,10/30/2017,224.0,226.0,221.0,223.0,-0.45,15472.0,418.0,330.7
MLBL,10/31/2017,223.0,226.0,221.0,222.0,-0.45,5081.0,418.0,330.7
MLBL,11/1/2017,222.0,225.0,221.0,221.0,-0.45,2697.0,418.0,330.7
MLBL,11/2/2017,221.0,224.0,221.0,223.0,0.9,2245.0,418.0,330.7
MLBL,11/5/2017,223.0,225.0,219.0,219.0,-1.79,5728.0,418.0,330.7
MLBL,11/6/2017,219.0,223.0,217.0,218.0,-0.46,11221.0,418.0,330.7
MLBL,11/7/2017,218.0,223.0,218.0,220.0,0.92,5953.0,418.0,330.7
MLBL,11/8/2017,220.0,218.0,214.0,216.0,-1.82,4171.0,418.0,330.7
MLBL,11/9/2017,216.0,212.0,204.0,209.0,-3.24,9096.0,418.0,330.7
MLBL,11/12/2017,209.0,217.0,209.0,217.0,3.83,5340.0,418.0,330.7
MLBL,11/13/2017,217.0,222.0,217.0,220.0,1.38,3594.0,418.0,330.7
MLBL,11/14/2017,220.0,220.0,217.0,220.0,0.0,5617.0,418.0,330.7
MLBL,11/15/2017,220.0,220.0,215.0,216.0,-1.82,6802.0,418.0,330.7
MLBL,11/16/2017,216.0,213.0,208.0,211.0,-2.31,1735.0,418.0,330.7
MLBL,11/19/2017,211.0,212.0,209.0,210.0,-0.47,1755.0,418.0,330.7
MLBL,11/20/2017,210.0,209.0,205.0,205.0,-2.38,9937.0,418.0,330.7
MLBL,11/21/2017,205.0,208.0,202.0,204.0,-0.49,2745.0,418.0,330.7
MLBL,11/22/2017,204.0,208.0,205.0,207.0,1.47,9276.0,418.0,330.7
MLBL,11/23/2017,207.0,214.0,204.0,206.0,-0.48,4963.0,418.0,330.7
MLBL,11/26/2017,206.0,213.0,203.0,212.0,2.91,6835.0,418.0,330.7
MLBL,11/27/2017,212.0,214.0,208.0,214.0,0.94,1748.0,418.0,330.7
MLBL,11/28/2017,214.0,213.0,209.0,212.0,-0.93,3325.0,418.0,330.7
MLBL,11/29/2017,212.0,218.0,210.0,215.0,1.42,3007.0,418.0,330.7
MLBL,11/30/2017,215.0,218.0,212.0,213.0,-0.93,4579.0,418.0,330.7
MLBL,12/4/2017,213.0,211.0,208.0,211.0,-0.94,730.0,418.0,330.7
MLBL,12/5/2017,211.0,212.0,208.0,208.0,-1.42,2384.0,418.0,330.7
MLBL,12/6/2017,208.0,212.0,208.0,208.0,0.0,8391.0,418.0,330.7
MLBL,12/10/2017,208.0,214.0,210.0,210.0,0.96,550.0,418.0,330.7
MLBL,12/11/2017,210.0,218.0,206.0,214.0,1.9,4518.0,418.0,330.7
MLBL,12/12/2017,214.0,212.0,210.0,212.0,-0.93,950.0,418.0,330.7
MLBL,12/13/2017,212.0,212.0,208.0,211.0,-0.47,2909.0,418.0,330.7
MLBL,12/14/2017,211.0,210.0,207.0,207.0,-1.9,1720.0,418.0,330.7
MLBL,12/17/2017,207.0,215.0,208.0,210.0,1.45,4564.0,418.0,330.7
MLBL,12/18/2017,210.0,210.0,207.0,210.0,0.0,8818.0,418.0,330.7
MLBL,12/19/2017,210.0,213.0,206.0,206.0,-1.9,4395.0,418.0,330.7
MLBL,12/20/2017,206.0,210.0,206.0,209.0,1.46,3428.0,418.0,330.7
MLBL,12/21/2017,209.0,206.0,202.0,206.0,-1.44,2483.0,418.0,330.7
MLBL,12/24/2017,206.0,208.0,202.0,204.0,-0.97,7452.0,418.0,330.7
MLBL,12/26/2017,204.0,205.0,196.0,201.0,-1.47,13141.0,418.0,330.7
MLBL,12/27/2017,201.0,199.0,193.0,194.0,-3.48,8210.0,418.0,330.7
MLBL,12/28/2017,194.0,198.0,188.0,198.0,2.06,21316.0,418.0,330.7
MLBL,12/31/2017,198.0,195.0,186.0,190.0,-4.04,6141.0,418.0,330.7
MLBL,1/1/2018,190.0,193.0,190.0,190.0,0.0,14903.0,418.0,330.7
MLBL,1/2/2018,190.0,195.0,191.0,192.0,1.05,7639.0,418.0,330.7
MLBL,1/3/2018,192.0,190.0,188.0,188.0,-2.08,2444.0,418.0,330.7
MLBL,1/4/2018,188.0,193.0,187.0,192.0,2.13,3548.0,418.0,330.7
MLBL,1/7/2018,192.0,194.0,189.0,191.0,-0.52,5112.0,418.0,330.7
MLBL,1/8/2018,191.0,191.0,187.0,191.0,0.0,2423.0,418.0,330.7
MLBL,1/9/2018,191.0,194.0,190.0,193.0,1.05,3998.0,418.0,330.7
MLBL,1/10/2018,193.0,191.0,189.0,190.0,-1.55,3636.0,418.0,330.7
MLBL,1/14/2018,190.0,190.0,182.0,182.0,-4.21,13679.0,418.0,330.7
MLBL,1/16/2018,182.0,180.0,175.0,176.0,-3.3,12970.0,418.0,330.7
MLBL,1/17/2018,176.0,180.0,173.0,179.0,1.7,7672.0,418.0,330.7
MLBL,1/21/2018,179.0,183.0,180.0,181.0,1.12,9708.0,418.0,330.7
MLBL,1/22/2018,181.0,184.0,180.0,182.0,0.55,6425.0,418.0,330.7
MLBL,1/23/2018,182.0,183.0,181.0,182.0,0.0,2621.0,418.0,330.7
MLBL,1/24/2018,182.0,187.0,182.0,187.0,2.75,4993.0,418.0,330.7
MLBL,1/25/2018,187.0,184.0,181.0,184.0,-1.6,1709.0,418.0,330.7
MLBL,1/28/2018,184.0,187.0,183.0,187.0,1.63,4781.0,418.0,330.7
MLBL,1/29/2018,187.0,190.0,183.0,187.0,0.0,4012.0,418.0,330.7
MLBL,1/31/2018,187.0,190.0,187.0,188.0,0.53,4939.0,418.0,330.7
MLBL,2/1/2018,188.0,190.0,188.0,188.0,0.0,1722.0,418.0,330.7
MLBL,2/4/2018,188.0,193.0,189.0,192.0,2.13,4319.0,418.0,330.7
MLBL,2/5/2018,192.0,195.0,189.0,190.0,-1.04,673.0,418.0,330.7
MLBL,2/6/2018,190.0,193.0,188.0,190.0,0.0,2274.0,418.0,330.7
MLBL,2/7/2018,190.0,190.0,186.0,190.0,0.0,2861.0,418.0,330.7
MLBL,2/8/2018,190.0,192.0,187.0,190.0,0.0,14424.0,418.0,330.7
MLBL,2/11/2018,190.0,191.0,187.0,191.0,0.53,785.0,418.0,330.7
MLBL,2/12/2018,191.0,190.0,188.0,190.0,-0.52,704.0,418.0,330.7
MLBL,2/14/2018,190.0,190.0,187.0,188.0,-1.05,2559.0,418.0,330.7
MLBL,2/15/2018,188.0,197.0,191.0,195.0,3.72,6611.0,418.0,330.7
MLBL,2/18/2018,192.0,194.0,190.0,190.0,-2.56,2323.0,418.0,330.7
MLBL,2/20/2018,191.0,192.0,189.0,190.0,0.0,4636.0,418.0,330.7
MLBL,2/21/2018,187.0,191.0,187.0,190.0,0.0,1584.0,418.0,330.7
MLBL,2/22/2018,189.0,191.0,189.0,190.0,0.0,5376.0,418.0,330.7
MLBL,2/25/2018,189.0,190.0,188.0,188.0,-1.05,4992.0,418.0,330.7
MLBL,2/26/2018,186.0,187.0,185.0,186.0,-1.06,5821.0,418.0,330.7
MLBL,2/27/2018,185.0,189.0,182.0,187.0,0.54,8501.0,418.0,330.7
MLBL,2/28/2018,184.0,185.0,182.0,185.0,-1.07,3650.0,418.0,330.7
MLBL,3/4/2018,182.0,182.0,173.0,179.0,-3.24,3794.0,418.0,330.7
MLBL,3/5/2018,180.0,180.0,175.0,176.0,-1.68,6810.0,418.0,330.7
MLBL,3/6/2018,178.0,184.0,173.0,184.0,4.55,9284.0,418.0,330.7
MLBL,3/7/2018,184.0,187.0,182.0,182.0,-1.09,6764.0,418.0,330.7
MLBL,3/11/2018,180.0,182.0,177.0,182.0,0.0,493.0,418.0,330.7
MLBL,3/12/2018,179.0,179.0,173.0,177.0,-2.75,3114.0,418.0,330.7
MLBL,3/13/2018,177.0,177.0,174.0,177.0,0.0,2049.0,418.0,330.7
MLBL,3/14/2018,176.0,178.0,175.0,178.0,0.56,1271.0,418.0,330.7
MLBL,3/15/2018,175.0,181.0,175.0,179.0,0.56,11346.0,418.0,330.7
MLBL,3/18/2018,179.0,179.0,175.0,175.0,-2.23,9491.0,418.0,330.7
MLBL,3/19/2018,173.0,177.0,173.0,176.0,0.57,33501.0,418.0,330.7
MLBL,3/20/2018,173.0,176.0,173.0,175.0,-0.57,4795.0,418.0,330.7
MLBL,3/21/2018,173.0,176.0,173.0,174.0,-0.57,1519.0,418.0,330.7
MLBL,3/22/2018,174.0,175.0,168.0,168.0,-3.45,22227.0,418.0,330.7
MLBL,3/26/2018,165.0,173.0,160.0,160.0,-4.76,17218.0,418.0,330.7
MLBL,3/27/2018,161.0,169.0,158.0,166.0,3.75,14083.0,418.0,330.7
MLBL,3/28/2018,165.0,169.0,164.0,167.0,0.6,11053.0,418.0,330.7
MLBL,3/29/2018,170.0,172.0,168.0,170.0,1.8,9531.0,418.0,330.7
MLBL,4/1/2018,168.0,169.0,164.0,164.0,-3.53,3865.0,418.0,330.7
MLBL,4/2/2018,161.0,169.0,161.0,168.0,2.44,4112.0,418.0,330.7
MLBL,4/3/2018,171.0,171.0,165.0,167.0,-0.6,6100.0,418.0,330.7
MLBL,4/4/2018,170.0,175.0,169.0,175.0,4.79,10464.0,418.0,330.7
MLBL,4/5/2018,175.0,179.0,173.0,179.0,2.29,7369.0,418.0,330.7
MLBL,4/8/2018,180.0,190.0,179.0,183.0,2.23,7069.0,418.0,330.7
MLBL,4/9/2018,185.0,185.0,180.0,180.0,-1.64,4893.0,418.0,330.7
MLBL,4/10/2018,177.0,177.0,175.0,175.0,-2.78,1955.0,418.0,330.7
MLBL,4/11/2018,172.0,177.0,170.0,173.0,-1.14,2106.0,418.0,330.7
MLBL,4/12/2018,171.0,176.0,168.0,176.0,1.73,2437.0,418.0,330.7
MLBL,4/15/2018,176.0,176.0,173.0,173.0,-1.7,1975.0,418.0,330.7
MLBL,4/16/2018,174.0,186.0,174.0,186.0,7.51,12232.0,418.0,330.7
MLBL,4/17/2018,183.0,192.0,183.0,192.0,3.23,24335.0,418.0,330.7
MLBL,4/18/2018,195.0,205.0,190.0,195.0,1.56,16332.0,418.0,330.7
MLBL,4/19/2018,198.0,201.0,192.0,196.0,0.51,20831.0,418.0,330.7
MLBL,4/22/2018,194.0,199.0,190.0,199.0,1.53,18742.0,418.0,330.7
MLBL,4/23/2018,199.0,201.0,189.0,193.0,-3.02,9281.0,418.0,330.7
MLBL,4/24/2018,195.0,195.0,187.0,190.0,-1.55,2370.0,418.0,330.7
MLBL,4/25/2018,188.0,190.0,184.0,186.0,-2.11,11315.0,418.0,330.7
MLBL,4/26/2018,185.0,185.0,184.0,184.0,-1.08,4360.0,418.0,330.7
MLBL,4/29/2018,181.0,187.0,181.0,185.0,0.54,5617.0,418.0,330.7
MLBL,5/2/2018,188.0,188.0,179.0,187.0,1.08,4070.0,418.0,330.7
MLBL,5/3/2018,190.0,190.0,185.0,187.0,0.0,4105.0,418.0,330.7
MLBL,5/6/2018,185.0,187.0,183.0,184.0,-1.6,3607.0,418.0,330.7
MLBL,5/7/2018,183.0,184.0,180.0,184.0,0.0,1918.0,418.0,330.7
MLBL,5/8/2018,183.0,186.0,181.0,186.0,1.09,3600.0,418.0,330.7
MLBL,5/9/2018,188.0,189.0,183.0,185.0,-0.54,6832.0,418.0,330.7
MLBL,5/10/2018,183.0,185.0,181.0,184.0,-0.54,5432.0,418.0,330.7
MLBL,5/14/2018,184.0,184.0,181.0,181.0,-1.63,2393.0,418.0,330.7
MLBL,5/15/2018,179.0,181.0,179.0,181.0,0.0,165.0,418.0,330.7
MLBL,5/16/2018,181.0,184.0,181.0,182.0,0.55,2095.0,418.0,330.7
MLBL,5/17/2018,183.0,185.0,182.0,183.0,0.55,2167.0,418.0,330.7
MLBL,5/20/2018,185.0,186.0,182.0,182.0,-0.55,5820.0,418.0,330.7
MLBL,5/21/2018,179.0,183.0,179.0,181.0,-0.55,684.0,418.0,330.7
MLBL,5/22/2018,180.0,182.0,180.0,181.0,0.0,952.0,418.0,330.7
MLBL,5/23/2018,181.0,183.0,180.0,180.0,-0.55,2440.0,418.0,330.7
MLBL,5/24/2018,180.0,180.0,179.0,179.0,-0.56,3814.0,418.0,330.7
MLBL,5/27/2018,177.0,180.0,176.0,177.0,-1.12,1293.0,418.0,330.7
MLBL,5/28/2018,175.0,183.0,175.0,181.0,2.26,49155.0,418.0,330.7
MLBL,5/29/2018,180.0,185.0,180.0,184.0,1.66,6283.0,418.0,330.7
MLBL,5/30/2018,181.0,187.0,181.0,183.0,-0.54,4623.0,418.0,330.7
MLBL,5/31/2018,180.0,181.0,178.0,178.0,-2.73,3761.0,418.0,330.7
MLBL,6/3/2018,179.0,179.0,176.0,177.0,-0.56,4008.0,418.0,330.7
MLBL,6/4/2018,177.0,177.0,175.0,175.0,-1.13,200.0,418.0,330.7
MLBL,6/6/2018,178.0,181.0,178.0,178.0,1.71,2835.0,418.0,330.7
MLBL,6/7/2018,176.0,178.0,173.0,175.0,-1.69,6995.0,418.0,330.7
MLBL,6/10/2018,173.0,174.0,172.0,172.0,-1.71,4250.0,418.0,330.7
MLBL,6/11/2018,170.0,175.0,168.0,170.0,-1.16,17492.0,418.0,330.7
MLBL,6/12/2018,170.0,172.0,170.0,170.0,0.0,131.0,418.0,330.7
MLBL,6/13/2018,168.0,171.0,165.0,169.0,-0.59,806.0,418.0,330.7
MLBL,6/14/2018,168.0,173.0,168.0,168.0,-0.59,2780.0,418.0,330.7
MLBL,6/17/2018,171.0,175.0,165.0,165.0,-1.79,3021.0,418.0,330.7
MLBL,6/18/2018,165.0,168.0,165.0,167.0,1.21,540.0,418.0,330.7
MLBL,6/19/2018,167.0,167.0,165.0,167.0,0.0,4660.0,418.0,330.7
MLBL,6/20/2018,168.0,168.0,165.0,168.0,0.6,3358.0,418.0,330.7
MLBL,6/21/2018,166.0,169.0,165.0,167.0,-0.6,5060.0,418.0,330.7
MLBL,6/24/2018,168.0,173.0,168.0,170.0,1.8,11993.0,418.0,330.7
MLBL,6/25/2018,172.0,172.0,169.0,169.0,-0.59,6920.0,418.0,330.7
MLBL,6/26/2018,168.0,168.0,165.0,166.0,-1.78,1134.0,418.0,330.7
MLBL,6/27/2018,169.0,169.0,169.0,169.0,1.81,100.0,418.0,330.7
MLBL,6/28/2018,170.0,170.0,168.0,169.0,0.0,7246.0,418.0,330.7
MLBL,7/1/2018,166.0,167.0,164.0,166.0,-1.78,2734.0,418.0,330.7
MLBL,7/2/2018,163.0,167.0,163.0,167.0,0.6,614.0,418.0,330.7
MLBL,7/3/2018,164.0,170.0,164.0,170.0,1.8,10924.0,418.0,330.7
MLBL,7/4/2018,169.0,170.0,167.0,169.0,-0.59,2733.0,418.0,330.7
MLBL,7/5/2018,168.0,175.0,168.0,175.0,3.55,11065.0,418.0,330.7
MLBL,7/8/2018,172.0,178.0,172.0,178.0,1.71,46695.0,418.0,330.7
MLBL,7/9/2018,179.0,179.0,169.0,170.0,-4.49,1928.0,418.0,330.7
MLBL,7/10/2018,167.0,175.0,167.0,171.0,0.59,5195.0,418.0,330.7
MLBL,7/11/2018,168.0,171.0,168.0,171.0,0.0,4214.0,418.0,330.7
MLBL,7/12/2018,172.0,173.0,169.0,169.0,-1.17,1231.0,418.0,330.7
MLBL,7/15/2018,166.0,170.0,165.0,170.0,0.59,8257.0,418.0,330.7
MLBL,7/16/2018,170.0,173.0,170.0,171.0,0.59,140.0,418.0,330.7
MLBL,7/17/2018,172.0,174.0,171.0,174.0,1.75,636.0,418.0,330.7
MLBL,7/18/2018,171.0,173.0,171.0,173.0,-0.57,1243.0,418.0,330.7
MLBL,7/19/2018,172.0,174.0,172.0,173.0,0.0,1188.0,418.0,330.7
MLBL,7/22/2018,172.0,176.0,171.0,173.0,0.0,3398.0,418.0,330.7
MLBL,7/23/2018,175.0,177.0,174.0,175.0,1.16,3852.0,418.0,330.7
MLBL,7/24/2018,175.0,181.0,173.0,175.0,0.0,4460.0,418.0,330.7
MLBL,7/25/2018,176.0,178.0,175.0,175.0,0.0,3191.0,418.0,330.7
MLBL,7/26/2018,178.0,186.0,178.0,180.0,2.86,12252.0,418.0,330.7
MLBL,7/29/2018,180.0,181.0,179.0,179.0,-0.56,22470.0,418.0,330.7
MLBL,7/30/2018,178.0,183.0,178.0,183.0,2.23,12993.0,418.0,330.7
MLBL,7/31/2018,183.0,185.0,182.0,182.0,-0.55,8703.0,418.0,330.7
MLBL,8/1/2018,182.0,188.0,182.0,186.0,2.2,14857.0,418.0,330.7
MLBL,8/2/2018,189.0,189.0,184.0,186.0,0.0,5852.0,418.0,330.7
MLBL,8/5/2018,188.0,193.0,188.0,193.0,3.76,7573.0,418.0,330.7
MLBL,8/6/2018,190.0,190.0,187.0,190.0,-1.55,3584.0,418.0,330.7
MLBL,8/7/2018,191.0,192.0,189.0,190.0,0.0,5485.0,418.0,330.7
MLBL,8/8/2018,189.0,189.0,188.0,189.0,-0.53,2361.0,418.0,330.7
MLBL,8/9/2018,190.0,190.0,186.0,186.0,-1.59,4326.0,418.0,330.7
MLBL,8/12/2018,185.0,188.0,185.0,185.0,-0.54,4359.0,418.0,330.7
MLBL,8/13/2018,185.0,188.0,182.0,188.0,1.62,2536.0,418.0,330.7
MLBL,8/14/2018,187.0,192.0,187.0,192.0,2.13,3020.0,418.0,330.7
MLBL,8/15/2018,191.0,198.0,189.0,198.0,3.12,5405.0,418.0,330.7
MLBL,8/16/2018,195.0,195.0,192.0,193.0,-2.53,9905.0,418.0,330.7
MLBL,8/19/2018,196.0,196.0,190.0,190.0,-1.55,2713.0,418.0,330.7
MLBL,8/20/2018,187.0,191.0,186.0,190.0,0.0,2738.0,418.0,330.7
MLBL,8/21/2018,187.0,193.0,187.0,193.0,1.58,1404.0,418.0,330.7
MLBL,8/22/2018,190.0,194.0,187.0,189.0,-2.07,7306.0,418.0,330.7
MLBL,8/23/2018,187.0,190.0,187.0,187.0,-1.06,5839.0,418.0,330.7
MLBL,8/26/2018,188.0,193.0,188.0,190.0,1.6,2747.0,418.0,330.7
MLBL,8/28/2018,193.0,199.0,190.0,190.0,0.0,48038.0,418.0,330.7
MLBL,8/29/2018,191.0,193.0,189.0,191.0,0.53,8879.0,418.0,330.7
MLBL,8/30/2018,192.0,192.0,190.0,191.0,0.0,7807.0,418.0,330.7
MLBL,9/2/2018,191.0,194.0,190.0,191.0,0.0,8213.0,418.0,330.7
MLBL,9/3/2018,193.0,195.0,190.0,190.0,-0.52,8466.0,418.0,330.7
MLBL,9/4/2018,191.0,194.0,190.0,193.0,1.58,17813.0,418.0,330.7
MLBL,9/5/2018,191.0,197.0,191.0,197.0,2.07,13353.0,418.0,330.7
MLBL,9/6/2018,197.0,198.0,192.0,193.0,-2.03,13635.0,418.0,330.7
MLBL,9/9/2018,196.0,196.0,191.0,191.0,-1.04,7286.0,418.0,330.7
MLBL,9/10/2018,191.0,192.0,190.0,190.0,-0.52,700.0,418.0,330.7
MLBL,9/11/2018,193.0,196.0,193.0,193.0,1.58,9235.0,418.0,330.7
MLBL,9/12/2018,190.0,195.0,187.0,195.0,1.04,58808.0,418.0,330.7
MLBL,9/13/2018,192.0,196.0,192.0,194.0,-0.51,8604.0,418.0,330.7
MLBL,9/16/2018,193.0,200.0,193.0,196.0,1.03,9779.0,418.0,330.7
MLBL,9/17/2018,194.0,197.0,194.0,195.0,-0.51,3297.0,418.0,330.7
MLBL,9/18/2018,195.0,196.0,193.0,195.0,0.0,6281.0,418.0,330.7
MLBL,9/20/2018,193.0,198.0,193.0,198.0,1.54,13112.0,418.0,330.7
MLBL,9/23/2018,196.0,198.0,195.0,198.0,0.0,36147.0,418.0,330.7
MLBL,9/25/2018,201.0,204.0,199.0,205.0,3.54,32714.0,418.0,330.7
MLBL,9/26/2018,205.0,205.0,202.0,204.0,-0.49,12261.0,418.0,330.7
MLBL,9/27/2018,203.0,207.0,202.0,207.0,1.47,39980.0,418.0,330.7
MLBL,9/30/2018,189.0,189.0,179.0,180.0,-13.04,32068.0,418.0,330.7
MLBL,10/1/2018,178.0,180.0,176.0,177.0,-1.67,7455.0,418.0,330.7
MLBL,10/2/2018,177.0,178.0,177.0,177.0,0.0,3816.0,418.0,330.7
MLBL,10/3/2018,177.0,177.0,173.0,173.0,-2.26,10721.0,418.0,330.7
MLBL,10/4/2018,171.0,177.0,171.0,177.0,2.31,3180.0,418.0,330.7
MLBL,10/7/2018,178.0,178.0,171.0,175.0,-1.13,1983.0,418.0,330.7
MLBL,10/8/2018,172.0,174.0,172.0,173.0,-1.14,5955.0,418.0,330.7
MLBL,10/9/2018,176.0,177.0,174.0,175.0,1.16,1125.0,418.0,330.7
MLBL,10/10/2018,173.0,174.0,173.0,174.0,-0.57,850.0,418.0,330.7
MLBL,10/11/2018,172.0,177.0,172.0,177.0,1.72,213.0,418.0,330.7
MLBL,10/14/2018,177.0,181.0,176.0,181.0,2.26,4835.0,418.0,330.7
MLBL,10/15/2018,182.0,182.0,179.0,179.0,-1.1,8240.0,418.0,330.7
MLBL,10/21/2018,176.0,179.0,176.0,178.0,-0.56,835.0,418.0,330.7
MLBL,10/22/2018,177.0,183.0,175.0,183.0,2.81,2890.0,418.0,330.7
MLBL,10/23/2018,180.0,180.0,178.0,180.0,-1.64,8023.0,418.0,330.7
MLBL,10/24/2018,180.0,181.0,180.0,181.0,0.56,1800.0,418.0,330.7
MLBL,10/25/2018,178.0,180.0,178.0,179.0,-1.1,2116.0,418.0,330.7
MLBL,10/28/2018,180.0,180.0,175.0,176.0,-1.68,9458.0,418.0,330.7
MLBL,10/29/2018,173.0,178.0,173.0,177.0,0.57,1367.0,418.0,330.7
MLBL,10/30/2018,180.0,180.0,177.0,180.0,1.69,7531.0,418.0,330.7
MLBL,10/31/2018,178.0,180.0,177.0,178.0,-1.11,5100.0,418.0,330.7
MLBL,11/1/2018,176.0,179.0,176.0,179.0,0.56,1203.0,418.0,330.7
MLBL,11/4/2018,176.0,178.0,176.0,176.0,-1.68,3783.0,418.0,330.7
MLBL,11/5/2018,173.0,180.0,173.0,180.0,2.27,583.0,418.0,330.7
MLBL,11/6/2018,180.0,178.0,176.0,178.0,-1.11,70.0,418.0,330.7
MLBL,11/11/2018,178.0,178.0,175.0,175.0,-1.69,200.0,418.0,330.7
MLBL,11/12/2018,177.0,177.0,174.0,176.0,0.57,323.0,418.0,330.7
MLBL,11/13/2018,176.0,181.0,176.0,178.0,1.14,1778.0,418.0,330.7
MLBL,11/14/2018,177.0,181.0,177.0,181.0,1.69,1626.0,418.0,330.7
MLBL,11/15/2018,178.0,181.0,178.0,180.0,-0.55,4421.0,418.0,330.7
MLBL,11/18/2018,178.0,180.0,178.0,180.0,0.0,2072.0,418.0,330.7
MLBL,11/19/2018,178.0,180.0,176.0,177.0,-1.67,4078.0,418.0,330.7
MLBL,11/20/2018,179.0,179.0,173.0,173.0,-2.26,4677.0,418.0,330.7
MLBL,11/21/2018,174.0,176.0,174.0,176.0,1.73,2816.0,418.0,330.7
MLBL,11/22/2018,176.0,176.0,173.0,173.0,-1.7,2590.0,418.0,330.7
MLBL,11/25/2018,173.0,176.0,173.0,176.0,1.73,1001.0,418.0,330.7
MLBL,11/26/2018,174.0,174.0,171.0,171.0,-2.84,5873.0,418.0,330.7
MLBL,11/27/2018,174.0,175.0,172.0,175.0,2.34,1967.0,418.0,330.7
MLBL,11/28/2018,172.0,176.0,172.0,174.0,-0.57,842.0,418.0,330.7
MLBL,11/29/2018,177.0,177.0,172.0,173.0,-0.57,592.0,418.0,330.7
MLBL,12/2/2018,172.0,174.0,171.0,171.0,-1.16,4675.0,418.0,330.7
MLBL,12/3/2018,170.0,173.0,170.0,172.0,0.58,1746.0,418.0,330.7
MLBL,12/4/2018,170.0,172.0,167.0,172.0,0.0,11000.0,418.0,330.7
MLBL,12/5/2018,169.0,170.0,165.0,166.0,-3.49,7170.0,418.0,330.7
MLBL,12/6/2018,168.0,169.0,165.0,166.0,0.0,7375.0,418.0,330.7
MLBL,12/9/2018,168.0,168.0,163.0,164.0,-1.2,7286.0,418.0,330.7
MLBL,12/10/2018,164.0,169.0,164.0,166.0,1.22,8500.0,418.0,330.7
MLBL,12/11/2018,166.0,170.0,166.0,170.0,2.41,1061.0,418.0,330.7
MLBL,12/12/2018,171.0,171.0,166.0,167.0,-1.76,804.0,418.0,330.7
MLBL,12/13/2018,167.0,170.0,167.0,170.0,1.8,2730.0,418.0,330.7
MLBL,12/16/2018,170.0,173.0,170.0,170.0,0.0,1806.0,418.0,330.7
MLBL,12/17/2018,170.0,175.0,170.0,175.0,2.94,885.0,418.0,330.7
MLBL,12/18/2018,172.0,172.0,167.0,168.0,-4.0,3067.0,418.0,330.7
MLBL,12/19/2018,168.0,169.0,167.0,167.0,-0.6,2507.0,418.0,330.7
MLBL,12/20/2018,167.0,172.0,167.0,168.0,0.6,3339.0,418.0,330.7
MLBL,12/23/2018,171.0,176.0,170.0,175.0,4.17,4220.0,418.0,330.7
MLBL,12/24/2018,172.0,175.0,172.0,173.0,-1.14,1796.0,418.0,330.7
MLBL,12/25/2018,170.0,171.0,168.0,169.0,-2.31,234.0,418.0,330.7
MLBL,12/26/2018,170.0,176.0,169.0,176.0,4.14,2463.0,418.0,330.7
MLBL,12/27/2018,179.0,179.0,174.0,174.0,-1.14,5884.0,418.0,330.7
MLBL,12/30/2018,175.0,175.0,169.0,173.0,-0.57,2574.0,418.0,330.7
MLBL,12/31/2018,172.0,172.0,169.0,169.0,-2.31,5552.0,418.0,330.7
MLBL,1/1/2019,170.0,171.0,169.0,171.0,1.18,395.0,418.0,330.7
MLBL,1/2/2019,170.0,170.0,169.0,169.0,-1.17,2283.0,418.0,330.7
MLBL,1/3/2019,167.0,170.0,167.0,168.0,-0.59,1470.0,418.0,330.7
MLBL,1/6/2019,169.0,169.0,168.0,168.0,0.0,846.0,418.0,330.7
MLBL,1/7/2019,167.0,169.0,167.0,169.0,0.6,807.0,418.0,330.7
MLBL,1/8/2019,168.0,169.0,168.0,169.0,0.0,801.0,418.0,330.7
MLBL,1/9/2019,169.0,170.0,168.0,168.0,-0.59,5310.0,418.0,330.7
MLBL,1/10/2019,170.0,170.0,167.0,168.0,0.0,1373.0,418.0,330.7
MLBL,1/13/2019,167.0,169.0,167.0,167.0,-0.6,1342.0,418.0,330.7
MLBL,1/14/2019,166.0,170.0,166.0,167.0,0.0,1636.0,418.0,330.7
MLBL,1/15/2019,169.0,175.0,169.0,175.0,4.79,2426.0,418.0,330.7
MLBL,1/16/2019,174.0,174.0,168.0,172.0,-1.71,1490.0,418.0,330.7
MLBL,1/17/2019,172.0,172.0,170.0,170.0,-1.16,8891.0,418.0,330.7
MLBL,1/20/2019,170.0,171.0,170.0,171.0,0.59,1420.0,418.0,330.7
MLBL,1/21/2019,170.0,170.0,168.0,168.0,-1.75,1040.0,418.0,330.7
MLBL,1/22/2019,168.0,171.0,167.0,170.0,1.19,1756.0,418.0,330.7
MLBL,1/23/2019,169.0,172.0,169.0,170.0,0.0,2372.0,418.0,330.7
MLBL,1/24/2019,170.0,171.0,169.0,171.0,0.59,1575.0,418.0,330.7
MLBL,1/27/2019,168.0,169.0,168.0,169.0,-1.17,1991.0,418.0,330.7
MLBL,1/28/2019,168.0,170.0,167.0,170.0,0.59,2112.0,418.0,330.7
MLBL,1/29/2019,170.0,173.0,169.0,173.0,1.76,5147.0,418.0,330.7
MLBL,1/30/2019,173.0,173.0,171.0,172.0,-0.58,1241.0,418.0,330.7
MLBL,1/31/2019,172.0,174.0,170.0,174.0,1.16,4482.0,418.0,330.7
MLBL,2/3/2019,172.0,172.0,169.0,169.0,-2.87,859.0,418.0,330.7
MLBL,2/4/2019,168.0,174.0,168.0,168.0,-0.59,5268.0,418.0,330.7
MLBL,2/5/2019,167.0,170.0,167.0,169.0,0.6,2719.0,418.0,330.7
MLBL,2/6/2019,169.0,169.0,167.0,167.0,-1.18,2543.0,418.0,330.7
MLBL,2/7/2019,166.0,170.0,166.0,168.0,0.6,1476.0,418.0,330.7
MLBL,2/10/2019,167.0,168.0,165.0,166.0,-1.19,2056.0,418.0,330.7
MLBL,2/11/2019,164.0,172.0,164.0,172.0,3.61,2040.0,418.0,330.7
MLBL,2/12/2019,169.0,169.0,166.0,166.0,-3.49,7720.0,418.0,330.7
MLBL,2/13/2019,166.0,167.0,163.0,163.0,-1.81,8791.0,418.0,330.7
MLBL,2/14/2019,160.0,164.0,160.0,163.0,0.0,990.0,418.0,330.7
MLBL,2/17/2019,161.0,163.0,160.0,160.0,-1.84,17501.0,418.0,330.7
MLBL,2/18/2019,163.0,163.0,159.0,160.0,0.0,4472.0,418.0,330.7
MLBL,2/19/2019,158.0,163.0,158.0,162.0,1.25,2085.0,418.0,330.7
MLBL,2/20/2019,160.0,161.0,160.0,161.0,-0.62,927.0,418.0,330.7
MLBL,2/21/2019,159.0,161.0,159.0,161.0,0.0,153.0,418.0,330.7
MLBL,2/24/2019,160.0,160.0,156.0,156.0,-3.11,11893.0,418.0,330.7
MLBL,2/25/2019,156.0,159.0,156.0,159.0,1.92,1804.0,418.0,330.7
MLBL,2/26/2019,159.0,160.0,157.0,160.0,0.63,973.0,418.0,330.7
MLBL,2/27/2019,158.0,159.0,157.0,157.0,-1.88,1862.0,418.0,330.7
MLBL,3/3/2019,155.0,158.0,155.0,156.0,-0.64,1732.0,418.0,330.7
MLBL,3/5/2019,155.0,159.0,155.0,157.0,0.64,1204.0,418.0,330.7
MLBL,3/6/2019,158.0,160.0,157.0,158.0,0.64,1230.0,418.0,330.7
MLBL,3/7/2019,157.0,166.0,157.0,166.0,5.06,4794.0,418.0,330.7
MLBL,3/10/2019,163.0,163.0,160.0,163.0,-1.81,1032.0,418.0,330.7
MLBL,3/11/2019,162.0,169.0,160.0,167.0,2.45,4367.0,418.0,330.7
MLBL,3/12/2019,168.0,170.0,165.0,168.0,0.6,4232.0,418.0,330.7
MLBL,3/13/2019,166.0,170.0,166.0,167.0,-0.6,13645.0,418.0,330.7
MLBL,3/14/2019,164.0,173.0,164.0,172.0,2.99,34013.0,418.0,330.7
MLBL,3/17/2019,170.0,175.0,170.0,171.0,-0.58,1867.0,418.0,330.7
MLBL,3/18/2019,170.0,175.0,168.0,170.0,-0.58,13954.0,418.0,330.7
MLBL,3/19/2019,169.0,169.0,167.0,167.0,-1.76,2394.0,418.0,330.7
MLBL,3/21/2019,164.0,170.0,164.0,170.0,1.8,3047.0,418.0,330.7
MLBL,3/24/2019,169.0,169.0,167.0,167.0,-1.76,13561.0,418.0,330.7
MLBL,3/25/2019,168.0,170.0,167.0,170.0,1.8,9462.0,418.0,330.7
MLBL,3/26/2019,168.0,170.0,168.0,170.0,0.0,5041.0,418.0,330.7
MLBL,3/27/2019,168.0,168.0,167.0,167.0,-1.76,5295.0,418.0,330.7
MLBL,3/28/2019,168.0,169.0,167.0,169.0,1.2,6902.0,418.0,330.7
MLBL,3/31/2019,168.0,171.0,168.0,169.0,0.0,1605.0,418.0,330.7
MLBL,4/1/2019,170.0,172.0,168.0,172.0,1.78,71131.0,418.0,330.7
MLBL,4/2/2019,172.0,172.0,169.0,171.0,-0.58,3314.0,418.0,330.7
MLBL,4/3/2019,168.0,173.0,168.0,173.0,1.17,7021.0,418.0,330.7
MLBL,4/4/2019,170.0,173.0,169.0,170.0,-1.73,2745.0,418.0,330.7
MLBL,4/7/2019,172.0,174.0,170.0,174.0,2.35,8342.0,418.0,330.7
MLBL,4/8/2019,173.0,175.0,171.0,173.0,-0.57,13456.0,418.0,330.7
MLBL,4/9/2019,173.0,174.0,170.0,170.0,-1.73,7864.0,418.0,330.7
MLBL,4/10/2019,169.0,172.0,169.0,172.0,1.18,3193.0,418.0,330.7
MLBL,4/11/2019,172.0,175.0,171.0,172.0,0.0,4973.0,418.0,330.7
MLBL,4/15/2019,170.0,178.0,170.0,178.0,3.49,4531.0,418.0,330.7
MLBL,4/16/2019,175.0,179.0,175.0,179.0,0.56,3227.0,418.0,330.7
MLBL,4/17/2019,177.0,178.0,174.0,178.0,-0.56,2947.0,418.0,330.7
MLBL,4/18/2019,179.0,179.0,175.0,175.0,-1.69,2356.0,418.0,330.7
MLBL,4/21/2019,174.0,178.0,174.0,178.0,1.71,9743.0,418.0,330.7
MLBL,4/22/2019,178.0,180.0,175.0,175.0,-1.69,3216.0,418.0,330.7
MLBL,4/23/2019,175.0,178.0,175.0,178.0,1.71,2634.0,418.0,330.7
MLBL,4/24/2019,180.0,186.0,180.0,186.0,4.49,16854.0,418.0,330.7
MLBL,4/25/2019,188.0,197.0,187.0,197.0,5.91,22356.0,418.0,330.7
MLBL,4/28/2019,200.0,204.0,194.0,195.0,-1.02,19075.0,418.0,330.7
MLBL,4/29/2019,193.0,193.0,188.0,192.0,-1.54,5452.0,418.0,330.7
MLBL,4/30/2019,190.0,192.0,186.0,190.0,-1.04,6181.0,418.0,330.7
MLBL,5/2/2019,187.0,192.0,186.0,190.0,0.0,3912.0,418.0,330.7
MLBL,5/5/2019,187.0,190.0,184.0,188.0,-1.05,6702.0,418.0,330.7
MLBL,5/6/2019,188.0,195.0,185.0,195.0,3.72,8386.0,418.0,330.7
MLBL,5/7/2019,197.0,197.0,188.0,190.0,-2.56,6491.0,418.0,330.7
MLBL,5/8/2019,187.0,190.0,187.0,188.0,-1.05,2559.0,418.0,330.7
MLBL,5/9/2019,187.0,190.0,186.0,190.0,1.06,8012.0,418.0,330.7
MLBL,5/12/2019,190.0,190.0,186.0,189.0,-0.53,10352.0,418.0,330.7
MLBL,5/13/2019,188.0,190.0,188.0,190.0,0.53,6500.0,418.0,330.7
MLBL,5/14/2019,189.0,195.0,188.0,193.0,1.58,12474.0,418.0,330.7
MLBL,5/15/2019,194.0,196.0,192.0,192.0,-0.52,15939.0,418.0,330.7
MLBL,5/16/2019,195.0,205.0,194.0,202.0,5.21,41518.0,418.0,330.7
MLBL,5/19/2019,202.0,207.0,200.0,207.0,2.48,26667.0,418.0,330.7
MLBL,5/20/2019,203.0,209.0,199.0,199.0,-3.86,10272.0,418.0,330.7
MLBL,5/21/2019,201.0,202.0,196.0,201.0,1.01,4649.0,418.0,330.7
MLBL,5/22/2019,199.0,202.0,197.0,200.0,-0.5,9736.0,418.0,330.7
MLBL,5/23/2019,202.0,202.0,196.0,197.0,-1.5,5469.0,418.0,330.7
MLBL,5/26/2019,197.0,198.0,196.0,196.0,-0.51,9202.0,418.0,330.7
MLBL,5/27/2019,193.0,199.0,193.0,197.0,0.51,1806.0,418.0,330.7
MLBL,5/28/2019,195.0,197.0,195.0,197.0,0.0,4811.0,418.0,330.7
MLBL,5/29/2019,200.0,202.0,197.0,197.0,0.0,3385.0,418.0,330.7
MLBL,5/30/2019,200.0,203.0,197.0,198.0,0.51,18348.0,418.0,330.7
MLBL,6/2/2019,197.0,200.0,195.0,197.0,-0.51,6668.0,418.0,330.7
MLBL,6/3/2019,196.0,199.0,194.0,195.0,-1.02,23324.0,418.0,330.7
MLBL,6/4/2019,195.0,197.0,193.0,194.0,-0.51,15245.0,418.0,330.7
MLBL,6/6/2019,193.0,197.0,191.0,194.0,0.0,11839.0,418.0,330.7
MLBL,6/10/2019,197.0,197.0,193.0,195.0,0.52,4025.0,418.0,330.7
MLBL,6/11/2019,194.0,196.0,194.0,195.0,0.0,4233.0,418.0,330.7
MLBL,6/12/2019,192.0,196.0,192.0,195.0,0.0,2035.0,418.0,330.7
MLBL,6/13/2019,193.0,195.0,193.0,194.0,-0.51,4348.0,418.0,330.7
MLBL,6/16/2019,194.0,194.0,191.0,192.0,-1.03,14102.0,418.0,330.7
MLBL,6/17/2019,191.0,195.0,191.0,192.0,0.0,8899.0,418.0,330.7
MLBL,6/18/2019,191.0,197.0,191.0,194.0,1.04,19711.0,418.0,330.7
MLBL,6/19/2019,196.0,196.0,193.0,195.0,0.52,1744.0,418.0,330.7
MLBL,6/20/2019,193.0,194.0,192.0,194.0,-0.51,2959.0,418.0,330.7
MLBL,6/23/2019,192.0,193.0,191.0,191.0,-1.55,3177.0,418.0,330.7
MLBL,6/24/2019,190.0,193.0,190.0,192.0,0.52,2967.0,418.0,330.7
MLBL,6/25/2019,193.0,193.0,192.0,192.0,0.0,2807.0,418.0,330.7
MLBL,6/26/2019,190.0,194.0,190.0,193.0,0.52,1379.0,418.0,330.7
MLBL,6/27/2019,192.0,193.0,191.0,192.0,-0.52,2624.0,418.0,330.7
MLBL,6/30/2019,191.0,193.0,191.0,192.0,0.0,7661.0,418.0,330.7
MLBL,7/1/2019,192.0,194.0,190.0,194.0,1.04,3009.0,418.0,330.7
MLBL,7/2/2019,191.0,194.0,191.0,192.0,-1.03,3154.0,418.0,330.7
MLBL,7/3/2019,191.0,195.0,191.0,193.0,0.52,2011.0,418.0,330.7
MLBL,7/4/2019,194.0,195.0,190.0,192.0,-0.52,15275.0,418.0,330.7
MLBL,7/7/2019,192.0,193.0,190.0,191.0,-0.52,2790.0,418.0,330.7
MLBL,7/8/2019,191.0,193.0,190.0,193.0,1.05,5436.0,418.0,330.7
MLBL,7/9/2019,193.0,197.0,192.0,197.0,2.07,8203.0,418.0,330.7
MLBL,7/10/2019,195.0,196.0,193.0,193.0,-2.03,3638.0,418.0,330.7
MLBL,7/11/2019,190.0,193.0,190.0,191.0,-1.04,3422.0,418.0,330.7
MLBL,7/14/2019,192.0,195.0,192.0,194.0,1.57,3918.0,418.0,330.7
MLBL,7/15/2019,196.0,197.0,194.0,197.0,1.55,3122.0,418.0,330.7
MLBL,7/16/2019,195.0,198.0,194.0,195.0,-1.02,2416.0,418.0,330.7
MLBL,7/17/2019,195.0,205.0,195.0,201.0,3.08,19178.0,418.0,330.7
MLBL,7/18/2019,205.0,205.0,200.0,200.0,-0.5,7261.0,418.0,330.7
MLBL,7/21/2019,199.0,200.0,197.0,200.0,0.0,6149.0,418.0,330.7
MLBL,7/22/2019,199.0,201.0,198.0,199.0,-0.5,13046.0,418.0,330.7
MLBL,7/23/2019,202.0,203.0,200.0,203.0,2.01,8903.0,418.0,330.7
MLBL,7/24/2019,203.0,204.0,202.0,204.0,0.49,7808.0,418.0,330.7
MLBL,7/25/2019,201.0,203.0,200.0,200.0,-1.96,9780.0,418.0,330.7
MLBL,7/28/2019,196.0,198.0,196.0,197.0,-1.5,7191.0,418.0,330.7
MLBL,7/29/2019,200.0,202.0,197.0,202.0,2.54,2787.0,418.0,330.7
MLBL,7/30/2019,200.0,204.0,199.0,203.0,0.5,6571.0,418.0,330.7
MLBL,7/31/2019,199.0,205.0,199.0,205.0,0.99,5117.0,418.0,330.7
MLBL,8/1/2019,202.0,206.0,201.0,206.0,0.49,6722.0,418.0,330.7
MLBL,8/4/2019,203.0,205.0,201.0,201.0,-2.43,961.0,418.0,330.7
MLBL,8/5/2019,200.0,206.0,200.0,201.0,0.0,15008.0,418.0,330.7
MLBL,8/6/2019,200.0,201.0,199.0,199.0,-1.0,16541.0,418.0,330.7
MLBL,8/7/2019,200.0,202.0,199.0,200.0,0.5,4338.0,418.0,330.7
MLBL,8/8/2019,201.0,201.0,198.0,200.0,0.0,32661.0,418.0,330.7
MLBL,8/11/2019,198.0,199.0,197.0,197.0,-1.5,2241.0,418.0,330.7
MLBL,8/12/2019,200.0,201.0,197.0,198.0,0.51,5286.0,418.0,330.7
MLBL,8/13/2019,200.0,201.0,199.0,199.0,0.51,11090.0,418.0,330.7
MLBL,8/14/2019,199.0,200.0,196.0,197.0,-1.01,5325.0,418.0,330.7
MLBL,8/15/2019,200.0,205.0,199.0,203.0,3.05,34331.0,418.0,330.7
MLBL,8/18/2019,205.0,209.0,202.0,203.0,0.0,31070.0,418.0,330.7
MLBL,8/19/2019,203.0,212.0,203.0,211.0,3.94,41550.0,418.0,330.7
MLBL,8/20/2019,210.0,210.0,207.0,209.0,-0.95,40504.0,418.0,330.7
MLBL,8/21/2019,208.0,211.0,207.0,211.0,0.96,37259.0,418.0,330.7
MLBL,8/22/2019,214.0,214.0,210.0,212.0,0.47,34987.0,418.0,330.7
MLBL,8/25/2019,212.0,212.0,207.0,211.0,-0.47,33271.0,418.0,330.7
MLBL,8/26/2019,210.0,210.0,206.0,208.0,-1.42,32600.0,418.0,330.7
MLBL,8/27/2019,208.0,209.0,207.0,208.0,0.0,38306.0,418.0,330.7
MLBL,8/28/2019,208.0,211.0,208.0,209.0,0.48,22549.0,418.0,330.7
MLBL,8/29/2019,210.0,213.0,210.0,211.0,0.96,11582.0,418.0,330.7
MLBL,9/1/2019,212.0,214.0,212.0,213.0,0.95,10651.0,418.0,330.7
MLBL,9/2/2019,211.0,211.0,208.0,210.0,-1.41,16916.0,418.0,330.7
MLBL,9/3/2019,214.0,214.0,206.0,212.0,0.95,14927.0,418.0,330.7
MLBL,9/4/2019,209.0,215.0,209.0,213.0,0.47,33840.0,418.0,330.7
MLBL,9/5/2019,215.0,215.0,211.0,212.0,-0.47,8003.0,418.0,330.7
MLBL,9/8/2019,212.0,213.0,209.0,209.0,-1.42,19752.0,418.0,330.7
MLBL,9/9/2019,211.0,211.0,208.0,211.0,0.96,6410.0,418.0,330.7
MLBL,9/10/2019,212.0,215.0,209.0,211.0,0.0,8993.0,418.0,330.7
MLBL,9/11/2019,213.0,213.0,211.0,213.0,0.95,11651.0,418.0,330.7
MLBL,9/12/2019,211.0,214.0,211.0,212.0,-0.47,13870.0,418.0,330.7
MLBL,9/15/2019,210.0,210.0,207.0,208.0,-1.89,12650.0,418.0,330.7
MLBL,9/16/2019,207.0,209.0,206.0,207.0,-0.48,8866.0,418.0,330.7
MLBL,9/17/2019,207.0,214.0,207.0,214.0,3.38,26269.0,418.0,330.7
MLBL,9/18/2019,213.0,214.0,212.0,213.0,-0.47,6973.0,418.0,330.7
MLBL,9/19/2019,212.0,213.0,211.0,212.0,-0.47,5073.0,418.0,330.7
MLBL,9/22/2019,215.0,215.0,209.0,212.0,0.0,4822.0,418.0,330.7
MLBL,9/23/2019,214.0,214.0,209.0,211.0,-0.47,5365.0,418.0,330.7
MLBL,9/24/2019,209.0,211.0,209.0,211.0,0.0,1710.0,418.0,330.7
MLBL,9/25/2019,210.0,211.0,208.0,210.0,-0.47,5965.0,418.0,330.7
MLBL,9/26/2019,209.0,210.0,207.0,208.0,-0.95,5024.0,418.0,330.7
MLBL,9/29/2019,210.0,211.0,208.0,211.0,1.44,5535.0,418.0,330.7
MLBL,9/30/2019,209.0,213.0,209.0,213.0,0.95,4462.0,418.0,330.7
MLBL,10/1/2019,212.0,214.0,211.0,213.0,0.0,8554.0,418.0,330.7
MLBL,10/2/2019,215.0,215.0,212.0,212.0,-0.47,6200.0,418.0,330.7
MLBL,10/3/2019,214.0,214.0,213.0,214.0,0.94,2236.0,418.0,330.7
MLBL,10/10/2019,216.0,217.0,213.0,217.0,1.4,16348.0,418.0,330.7
MLBL,10/14/2019,217.0,218.0,214.0,215.0,-0.92,9126.0,418.0,330.7
MLBL,10/15/2019,216.0,217.0,216.0,217.0,0.93,15673.0,418.0,330.7
MLBL,10/16/2019,219.0,220.0,215.0,216.0,-0.46,7244.0,418.0,330.7
MLBL,10/17/2019,216.0,216.0,212.0,212.0,-1.85,9540.0,418.0,330.7
MLBL,10/20/2019,214.0,215.0,212.0,214.0,0.94,2373.0,418.0,330.7
MLBL,10/21/2019,213.0,215.0,213.0,214.0,0.0,20685.0,418.0,330.7
MLBL,10/22/2019,212.0,213.0,211.0,213.0,-0.47,1017.0,418.0,330.7
MLBL,10/23/2019,213.0,213.0,212.0,213.0,0.0,1999.0,418.0,330.7
MLBL,10/24/2019,213.0,214.0,212.0,214.0,0.47,3868.0,418.0,330.7
MLBL,10/31/2019,214.0,218.0,212.0,214.0,0.0,10111.0,418.0,330.7
MLBL,11/3/2019,214.0,215.0,212.0,213.0,-0.47,7379.0,418.0,330.7
MLBL,11/4/2019,214.0,214.0,212.0,212.0,-0.47,4380.0,418.0,330.7
MLBL,11/5/2019,213.0,214.0,210.0,211.0,-0.47,41268.0,418.0,330.7
MLBL,11/6/2019,192.0,192.0,186.0,187.0,-11.37,3947.0,418.0,330.7
MLBL,11/7/2019,189.0,190.0,183.0,183.0,-2.14,2185.0,418.0,330.7
MLBL,11/10/2019,183.0,184.0,178.0,182.0,-0.55,4770.0,418.0,330.7
MLBL,11/11/2019,180.0,189.0,180.0,189.0,3.85,6952.0,418.0,330.7
MLBL,11/12/2019,187.0,187.0,184.0,184.0,-2.65,397.0,418.0,330.7
MLBL,11/13/2019,181.0,184.0,181.0,184.0,0.0,1741.0,418.0,330.7
MLBL,11/14/2019,184.0,184.0,184.0,184.0,0.0,14.0,418.0,330.7
MLBL,11/17/2019,184.0,184.0,179.0,179.0,-2.72,5837.0,418.0,330.7
MLBL,11/18/2019,182.0,182.0,178.0,178.0,-0.56,473.0,418.0,330.7
MLBL,11/19/2019,179.0,179.0,177.0,177.0,-0.56,4164.0,418.0,330.7
MLBL,11/20/2019,179.0,179.0,172.0,176.0,-0.56,27758.0,418.0,330.7
MLBL,11/21/2019,176.0,176.0,172.0,175.0,-0.57,15836.0,418.0,330.7
MLBL,11/24/2019,175.0,175.0,170.0,173.0,-1.14,21712.0,418.0,330.7
MLBL,11/25/2019,171.0,172.0,170.0,170.0,-1.73,2414.0,418.0,330.7
MLBL,11/26/2019,169.0,170.0,169.0,170.0,0.0,10222.0,418.0,330.7
MLBL,11/27/2019,167.0,176.0,167.0,176.0,3.53,1115.0,418.0,330.7
MLBL,11/28/2019,173.0,173.0,170.0,171.0,-2.84,1852.0,418.0,330.7
MLBL,12/1/2019,170.0,172.0,169.0,172.0,0.58,820.0,418.0,330.7
MLBL,12/2/2019,172.0,172.0,170.0,171.0,-0.58,4824.0,418.0,330.7
MLBL,12/3/2019,170.0,173.0,170.0,172.0,0.58,2657.0,418.0,330.7
MLBL,12/4/2019,172.0,174.0,172.0,173.0,0.58,3552.0,418.0,330.7
MLBL,12/5/2019,172.0,174.0,171.0,172.0,-0.58,4772.0,418.0,330.7
MLBL,12/8/2019,172.0,178.0,172.0,178.0,3.49,3629.0,418.0,330.7
MLBL,12/9/2019,178.0,180.0,174.0,180.0,1.12,9165.0,418.0,330.7
MLBL,12/10/2019,177.0,178.0,175.0,178.0,-1.11,821.0,418.0,330.7
MLBL,12/11/2019,180.0,181.0,178.0,180.0,1.12,3350.0,418.0,330.7
MLBL,12/12/2019,178.0,181.0,177.0,180.0,0.0,6223.0,418.0,330.7
MLBL,12/15/2019,181.0,181.0,177.0,178.0,-1.11,1375.0,418.0,330.7
MLBL,12/16/2019,175.0,178.0,173.0,173.0,-2.81,2199.0,418.0,330.7
MLBL,12/17/2019,172.0,176.0,171.0,176.0,1.73,223.0,418.0,330.7
MLBL,12/18/2019,174.0,177.0,174.0,177.0,0.57,1122.0,418.0,330.7
MLBL,12/19/2019,175.0,175.0,174.0,174.0,-1.69,2604.0,418.0,330.7
MLBL,12/22/2019,174.0,175.0,172.0,174.0,0.0,10891.0,418.0,330.7
MLBL,12/23/2019,175.0,176.0,172.0,174.0,0.0,2489.0,418.0,330.7
MLBL,12/24/2019,173.0,174.0,171.0,171.0,-1.72,7440.0,418.0,330.7
MLBL,12/25/2019,173.0,175.0,173.0,175.0,2.34,2485.0,418.0,330.7
MLBL,12/26/2019,176.0,176.0,173.0,173.0,-1.14,1218.0,418.0,330.7
MLBL,12/29/2019,171.0,173.0,171.0,171.0,-1.16,1329.0,418.0,330.7
MLBL,12/30/2019,171.0,171.0,170.0,170.0,-0.58,1060.0,418.0,330.7
MLBL,12/31/2019,170.0,175.0,170.0,172.0,1.18,1365.0,418.0,330.7
MLBL,1/1/2020,172.0,175.0,172.0,174.0,1.16,885.0,418.0,330.7
MLBL,1/2/2020,174.0,177.0,173.0,175.0,0.57,2569.0,418.0,330.7
MLBL,1/5/2020,177.0,178.0,175.0,175.0,0.0,4015.0,418.0,330.7
MLBL,1/6/2020,178.0,179.0,175.0,175.0,0.0,6503.0,418.0,330.7
MLBL,1/7/2020,176.0,181.0,176.0,180.0,2.86,7916.0,418.0,330.7
MLBL,1/8/2020,181.0,183.0,179.0,180.0,0.0,16618.0,418.0,330.7
MLBL,1/9/2020,180.0,184.0,178.0,184.0,2.22,9929.0,418.0,330.7
MLBL,1/12/2020,182.0,192.0,182.0,185.0,0.54,3950.0,418.0,330.7
MLBL,1/13/2020,186.0,194.0,186.0,190.0,2.7,12960.0,418.0,330.7
MLBL,1/14/2020,190.0,194.0,188.0,194.0,2.11,7539.0,418.0,330.7
MLBL,1/15/2020,197.0,200.0,193.0,200.0,3.09,10159.0,418.0,330.7
MLBL,1/16/2020,197.0,211.0,197.0,211.0,5.5,18750.0,418.0,330.7
MLBL,1/19/2020,215.0,220.0,210.0,220.0,4.27,42050.0,418.0,330.7
MLBL,1/20/2020,218.0,218.0,205.0,209.0,-5.0,15933.0,418.0,330.7
MLBL,1/21/2020,209.0,211.0,206.0,206.0,-1.44,13399.0,418.0,330.7
MLBL,1/22/2020,205.0,210.0,205.0,210.0,1.94,6556.0,418.0,330.7
MLBL,1/23/2020,206.0,207.0,202.0,202.0,-3.81,7083.0,418.0,330.7
MLBL,1/26/2020,200.0,202.0,199.0,200.0,-0.99,13619.0,418.0,330.7
MLBL,1/27/2020,199.0,206.0,197.0,206.0,3.0,14683.0,418.0,330.7
MLBL,1/28/2020,207.0,210.0,203.0,204.0,-0.97,2937.0,418.0,330.7
MLBL,1/29/2020,204.0,205.0,202.0,202.0,-0.98,5665.0,418.0,330.7
MLBL,1/30/2020,202.0,210.0,202.0,210.0,3.96,5593.0,418.0,330.7
MLBL,2/2/2020,210.0,216.0,206.0,212.0,0.95,16637.0,418.0,330.7
MLBL,2/3/2020,210.0,220.0,204.0,214.0,0.94,42414.0,418.0,330.7
MLBL,2/4/2020,210.0,218.0,210.0,213.0,-0.47,18946.0,418.0,330.7
MLBL,2/5/2020,210.0,212.0,209.0,211.0,-0.94,12941.0,418.0,330.7
MLBL,2/6/2020,213.0,221.0,211.0,213.0,0.95,53662.0,418.0,330.7
MLBL,2/9/2020,213.0,213.0,210.0,210.0,-1.41,24874.0,418.0,330.7
MLBL,2/10/2020,208.0,214.0,208.0,214.0,1.9,45202.0,418.0,330.7
MLBL,2/11/2020,210.0,217.0,210.0,215.0,0.47,32856.0,418.0,330.7
MLBL,2/12/2020,217.0,218.0,214.0,216.0,0.47,17547.0,418.0,330.7
MLBL,2/13/2020,216.0,217.0,213.0,213.0,-1.39,18523.0,418.0,330.7
MLBL,2/16/2020,215.0,216.0,213.0,215.0,0.94,22154.0,418.0,330.7
MLBL,2/17/2020,218.0,222.0,215.0,219.0,1.86,41129.0,418.0,330.7
MLBL,2/18/2020,223.0,225.0,219.0,220.0,0.46,24631.0,418.0,330.7
MLBL,2/19/2020,223.0,225.0,219.0,223.0,1.36,32675.0,418.0,330.7
MLBL,2/20/2020,224.0,225.0,222.0,222.0,-0.45,12229.0,418.0,330.7
MLBL,2/23/2020,226.0,238.0,225.0,238.0,7.21,37394.0,418.0,330.7
MLBL,2/24/2020,238.0,243.0,232.0,237.0,-0.42,24729.0,418.0,330.7
MLBL,2/25/2020,233.0,251.0,233.0,249.0,5.06,33924.0,418.0,330.7
MLBL,2/26/2020,250.0,255.0,244.0,250.0,0.4,25075.0,418.0,330.7
MLBL,2/27/2020,245.0,249.0,240.0,247.0,-1.2,34388.0,418.0,330.7
MLBL,3/1/2020,248.0,251.0,234.0,238.0,-3.64,45656.0,418.0,330.7
MLBL,3/2/2020,234.0,236.0,223.0,223.0,-6.3,21536.0,418.0,330.7
MLBL,3/3/2020,219.0,230.0,219.0,226.0,1.35,25049.0,418.0,330.7
MLBL,3/4/2020,222.0,226.0,219.0,219.0,-3.1,25961.0,418.0,330.7
MLBL,3/5/2020,215.0,224.0,215.0,221.0,0.91,28483.0,418.0,330.7
MLBL,3/10/2020,217.0,217.0,207.0,209.0,-5.43,7661.0,418.0,330.7
MLBL,3/11/2020,213.0,224.0,209.0,213.0,1.91,42255.0,418.0,330.7
MLBL,3/12/2020,210.0,220.0,207.0,213.0,0.0,36560.0,418.0,330.7
MLBL,3/15/2020,211.0,211.0,200.0,200.0,-6.1,28875.0,418.0,330.7
MLBL,3/16/2020,197.0,207.0,194.0,203.0,1.5,6889.0,418.0,330.7
MLBL,3/17/2020,200.0,201.0,196.0,200.0,-1.48,18872.0,418.0,330.7
MLBL,3/18/2020,199.0,199.0,191.0,197.0,-1.5,9219.0,418.0,330.7
MLBL,3/19/2020,194.0,197.0,188.0,194.0,-1.52,40986.0,418.0,330.7
MLBL,3/22/2020,194.0,197.0,194.0,197.0,1.55,2041.0,418.0,330.7
MLBL,5/13/2020,194.0,194.0,194.0,194.0,-1.52,10.0,418.0,330.7
MLBL,6/29/2020,191.0,191.0,182.0,176.0,-9.28,5033.0,418.0,330.7
MLBL,6/30/2020,175.0,187.0,175.0,187.0,6.25,2501.0,418.0,330.7
MLBL,7/1/2020,190.0,193.0,190.0,193.0,3.21,2688.0,418.0,330.7
MLBL,7/2/2020,196.0,202.0,182.0,183.0,-5.18,1053.0,418.0,330.7
MLBL,7/5/2020,183.0,183.0,174.0,182.0,-0.55,11660.0,418.0,330.7
MLBL,7/6/2020,180.0,184.0,177.0,182.0,0.0,16956.0,418.0,330.7
MLBL,7/7/2020,182.0,189.0,180.0,187.0,2.75,25500.0,418.0,330.7
MLBL,7/8/2020,184.0,185.0,181.0,183.0,-2.14,15085.0,418.0,330.7
MLBL,7/9/2020,183.0,183.0,180.0,181.0,-1.09,9973.0,418.0,330.7
MLBL,7/12/2020,182.0,185.0,179.0,182.0,0.55,9705.0,418.0,330.7
MLBL,7/13/2020,182.0,190.0,182.0,183.0,0.55,5827.0,418.0,330.7
MLBL,7/14/2020,184.0,185.0,180.0,181.0,-1.09,6781.0,418.0,330.7
MLBL,7/15/2020,182.0,185.0,181.0,183.0,1.1,11134.0,418.0,330.7
MLBL,7/16/2020,183.0,191.0,183.0,191.0,4.37,12023.0,418.0,330.7
MLBL,7/19/2020,194.0,194.0,194.0,194.0,1.57,20.0,418.0,330.7
MLBL,7/20/2020,203.0,213.0,203.0,203.0,4.64,44958.0,418.0,330.7
MLBL,7/21/2020,203.0,211.0,200.0,207.0,1.97,31149.0,418.0,330.7
MLBL,7/22/2020,210.0,211.0,206.0,206.0,-0.48,28225.0,418.0,330.7
MLBL,7/23/2020,205.0,210.0,205.0,206.0,0.0,7839.0,418.0,330.7
MLBL,7/26/2020,207.0,207.0,202.0,203.0,-1.46,10207.0,418.0,330.7
MLBL,7/27/2020,205.0,210.0,203.0,203.0,0.0,8560.0,418.0,330.7
MLBL,7/28/2020,200.0,208.0,200.0,200.0,-1.48,7921.0,418.0,330.7
MLBL,7/29/2020,202.0,202.0,196.0,196.0,-2.0,14435.0,418.0,330.7
MLBL,7/30/2020,193.0,201.0,193.0,199.0,1.53,11958.0,418.0,330.7
MLBL,8/2/2020,196.0,198.0,194.0,195.0,-2.01,6480.0,418.0,330.7
MLBL,8/3/2020,192.0,201.0,189.0,194.0,-0.51,8778.0,418.0,330.7
MLBL,8/5/2020,193.0,196.0,190.0,191.0,-1.55,14356.0,418.0,330.7
MLBL,8/6/2020,191.0,192.0,190.0,192.0,0.52,4456.0,418.0,330.7
MLBL,8/9/2020,189.0,197.0,189.0,194.0,1.04,6965.0,418.0,330.7
MLBL,8/10/2020,196.0,200.0,194.0,200.0,3.09,11393.0,418.0,330.7
MLBL,8/11/2020,199.0,200.0,196.0,198.0,-1.0,7489.0,418.0,330.7
MLBL,8/12/2020,195.0,199.0,195.0,198.0,0.0,1947.0,418.0,330.7
MLBL,8/13/2020,195.0,197.0,195.0,196.0,-1.01,3149.0,418.0,330.7
MLBL,8/16/2020,193.0,193.0,186.0,188.0,-4.08,22478.0,418.0,330.7
MLBL,8/17/2020,186.0,190.0,186.0,189.0,0.53,5139.0,418.0,330.7
MLBL,8/18/2020,187.0,190.0,186.0,188.0,-0.53,18280.0,418.0,330.7
MLBL,8/19/2020,185.0,187.0,183.0,185.0,-1.6,23276.0,418.0,330.7
MLBL,8/20/2020,184.0,198.0,183.0,187.0,1.08,3796.0,418.0,330.7
MLBL,8/23/2020,190.0,192.0,187.0,191.0,2.14,3930.0,418.0,330.7
MLBL,8/24/2020,191.0,193.0,191.0,192.0,0.52,8592.0,418.0,330.7
MLBL,8/25/2020,192.0,198.0,189.0,190.0,-1.04,21636.0,418.0,330.7
MLBL,8/26/2020,189.0,201.0,189.0,198.0,4.21,9668.0,418.0,330.7
MLBL,8/27/2020,196.0,197.0,190.0,191.0,-3.54,14816.0,418.0,330.7
MLBL,8/30/2020,191.0,194.0,190.0,194.0,1.57,3522.0,418.0,330.7
MLBL,8/31/2020,196.0,196.0,192.0,194.0,0.0,5178.0,418.0,330.7
MLBL,9/2/2020,195.0,197.0,193.0,195.0,0.52,13852.0,418.0,330.7
MLBL,9/3/2020,194.0,197.0,192.0,197.0,1.03,5970.0,418.0,330.7
MLBL,9/6/2020,206.0,206.0,193.0,194.0,-1.52,9641.0,418.0,330.7
MLBL,9/7/2020,191.0,196.0,191.0,194.0,0.0,10949.0,418.0,330.7
MLBL,9/8/2020,194.0,194.0,190.0,192.0,-1.03,8489.0,418.0,330.7
MLBL,9/9/2020,192.0,193.0,191.0,193.0,0.52,9494.0,418.0,330.7
MLBL,9/10/2020,191.0,195.0,191.0,193.0,0.0,8830.0,418.0,330.7
MLBL,9/13/2020,193.0,194.0,191.0,193.0,0.0,15558.0,418.0,330.7
MLBL,9/14/2020,194.0,199.0,192.0,198.0,2.59,21645.0,418.0,330.7
MLBL,9/15/2020,199.0,199.0,195.0,195.0,-1.52,34357.0,418.0,330.7
MLBL,9/16/2020,193.0,199.0,193.0,197.0,1.03,8964.0,418.0,330.7
MLBL,9/17/2020,195.0,211.0,195.0,205.0,4.06,53361.0,418.0,330.7
MLBL,9/20/2020,209.0,213.0,204.0,206.0,0.49,33342.0,418.0,330.7
MLBL,9/21/2020,205.0,207.0,202.0,204.0,-0.97,14625.0,418.0,330.7
MLBL,9/22/2020,203.0,207.0,200.0,200.0,-1.96,31745.0,418.0,330.7
MLBL,9/23/2020,198.0,206.0,198.0,206.0,3.0,7240.0,418.0,330.7
MLBL,9/24/2020,205.0,205.0,202.0,204.0,-0.97,12057.0,418.0,330.7
MLBL,9/27/2020,200.0,207.0,200.0,205.0,0.49,11841.0,418.0,330.7
MLBL,9/28/2020,205.0,208.0,204.0,205.0,0.0,10930.0,418.0,330.7
MLBL,9/29/2020,205.0,205.0,203.0,205.0,0.0,10842.0,418.0,330.7
MLBL,9/30/2020,205.0,209.0,202.0,207.0,0.98,19726.0,418.0,330.7
MLBL,10/1/2020,209.0,213.0,209.0,212.0,2.42,45035.0,418.0,330.7
MLBL,10/4/2020,216.0,224.0,214.0,222.0,4.72,84140.0,418.0,330.7
MLBL,10/5/2020,224.0,227.0,221.0,226.0,1.8,93595.0,418.0,330.7
MLBL,10/6/2020,225.0,232.0,224.0,231.0,2.21,82806.0,418.0,330.7
MLBL,10/7/2020,230.0,237.0,229.0,237.0,2.6,83740.0,418.0,330.7
MLBL,10/8/2020,236.0,237.0,227.0,228.0,-3.8,46403.0,418.0,330.7
MLBL,10/11/2020,228.0,235.0,225.0,229.0,0.44,70038.0,418.0,330.7
MLBL,10/12/2020,229.0,238.0,225.0,235.0,2.62,76694.0,418.0,330.7
MLBL,10/13/2020,237.0,239.0,230.0,232.0,-1.28,50082.0,418.0,330.7
MLBL,10/14/2020,236.0,236.0,226.0,226.0,-2.59,23481.0,418.0,330.7
MLBL,10/15/2020,230.0,230.0,223.0,226.0,0.0,11794.0,418.0,330.7
MLBL,10/18/2020,223.0,224.0,222.0,222.0,-1.77,11433.0,418.0,330.7
MLBL,10/19/2020,222.0,229.0,222.0,229.0,3.15,13511.0,418.0,330.7
MLBL,10/20/2020,230.0,231.0,228.0,230.0,0.44,7943.0,418.0,330.7
MLBL,10/21/2020,234.0,234.0,230.0,232.0,0.87,7592.0,418.0,330.7
MLBL,10/22/2020,235.0,235.0,231.0,233.0,0.43,15080.0,418.0,330.7
MLBL,10/28/2020,235.0,239.0,232.0,238.0,2.15,25617.0,418.0,330.7
MLBL,10/29/2020,240.0,242.0,235.0,235.0,-1.26,61994.0,418.0,330.7
MLBL,11/1/2020,234.0,236.0,233.0,235.0,0.0,27215.0,418.0,330.7
MLBL,11/2/2020,234.0,236.0,233.0,235.0,0.0,23536.0,418.0,330.7
MLBL,11/3/2020,232.0,234.0,229.0,229.0,-2.55,24571.0,418.0,330.7
MLBL,11/4/2020,233.0,233.0,228.0,228.0,-0.44,25295.0,418.0,330.7
MLBL,11/5/2020,226.0,228.0,225.0,228.0,0.0,19736.0,418.0,330.7
MLBL,11/8/2020,232.0,232.0,225.0,227.0,-0.44,27915.0,418.0,330.7
MLBL,11/9/2020,228.0,231.0,225.0,228.0,0.44,23144.0,418.0,330.7
MLBL,11/10/2020,230.0,233.0,228.0,231.0,1.32,19896.0,418.0,330.7
MLBL,11/11/2020,235.0,235.0,228.0,231.0,0.0,21425.0,418.0,330.7
MLBL,11/12/2020,231.0,233.0,230.0,231.0,0.0,19430.0,418.0,330.7
MLBL,11/18/2020,231.0,234.0,230.0,231.0,0.0,12175.0,418.0,330.7
MLBL,11/19/2020,230.0,236.0,230.0,235.0,1.73,45310.0,418.0,330.7
MLBL,11/22/2020,239.0,251.0,235.0,235.0,0.0,57578.0,418.0,330.7
MLBL,11/23/2020,233.0,245.0,233.0,241.0,2.55,73074.0,418.0,330.7
MLBL,11/24/2020,241.0,245.0,240.0,243.0,0.83,61793.0,418.0,330.7
MLBL,11/25/2020,246.0,252.0,244.0,250.0,2.88,53176.0,418.0,330.7
MLBL,11/26/2020,255.0,255.0,241.0,243.0,-2.8,53064.0,418.0,330.7
MLBL,11/29/2020,246.0,267.0,246.0,267.0,9.88,123877.0,418.0,330.7
MLBL,11/30/2020,275.0,277.0,251.0,258.0,-3.37,60258.0,418.0,330.7
MLBL,12/1/2020,254.0,262.0,249.0,253.0,-1.94,41791.0,418.0,330.7
MLBL,12/2/2020,250.0,255.0,249.0,252.0,-0.4,52777.0,418.0,330.7
MLBL,12/3/2020,255.0,255.0,245.0,249.0,-1.19,51045.0,418.0,330.7
MLBL,12/6/2020,245.0,246.0,238.0,239.0,-4.02,30546.0,418.0,330.7
MLBL,12/7/2020,250.0,250.0,231.0,248.0,3.77,19192.0,418.0,330.7
MLBL,12/8/2020,260.0,260.0,242.0,249.0,0.4,36003.0,418.0,330.7
MLBL,12/9/2020,261.0,261.0,236.0,247.0,-0.8,158511.0,418.0,330.7
MLBL,12/10/2020,243.0,244.0,239.0,242.0,-2.02,25910.0,418.0,330.7
MLBL,12/13/2020,242.0,248.0,242.0,245.0,1.24,23475.0,418.0,330.7
MLBL,12/14/2020,245.0,250.0,242.0,250.0,2.04,21773.0,418.0,330.7
MLBL,12/15/2020,255.0,257.0,250.0,251.0,0.4,74754.0,418.0,330.7
MLBL,12/16/2020,249.0,255.0,240.0,251.0,0.0,34348.0,418.0,330.7
MLBL,12/17/2020,250.0,251.0,245.0,247.0,-1.59,14059.0,418.0,330.7
MLBL,12/20/2020,243.0,246.0,235.0,237.0,-4.05,33616.0,418.0,330.7
MLBL,12/21/2020,237.0,238.0,225.0,235.0,-0.84,43494.0,418.0,330.7
MLBL,12/22/2020,235.0,246.0,235.0,241.0,2.55,14743.0,418.0,330.7
MLBL,12/23/2020,245.0,245.0,237.0,238.0,-1.24,51187.0,418.0,330.7
MLBL,12/24/2020,238.0,242.0,234.0,238.0,0.0,20892.0,418.0,330.7
MLBL,12/27/2020,234.0,242.0,232.0,236.0,-0.84,23653.0,418.0,330.7
MLBL,12/28/2020,232.0,235.0,230.0,232.0,-1.69,33922.0,418.0,330.7
MLBL,12/29/2020,231.0,237.0,229.0,230.0,-0.86,22765.0,418.0,330.7
MLBL,12/30/2020,230.0,232.0,230.0,231.0,0.43,8048.0,418.0,330.7
MLBL,12/31/2020,233.0,235.0,230.0,233.0,0.87,27585.0,418.0,330.7
MLBL,1/3/2021,232.0,240.0,232.0,239.0,2.58,37168.0,418.0,330.7
MLBL,1/4/2021,239.0,244.0,237.0,241.0,0.84,60676.0,418.0,330.7
MLBL,1/5/2021,245.0,245.0,238.0,240.0,-0.41,31402.0,418.0,330.7
MLBL,1/6/2021,238.0,255.0,237.0,251.0,4.58,67104.0,418.0,330.7
MLBL,1/7/2021,256.0,259.0,253.0,255.0,1.59,66881.0,418.0,330.7
MLBL,1/10/2021,255.0,276.0,255.0,276.0,8.24,128188.0,418.0,330.7
MLBL,1/11/2021,276.0,280.0,269.0,272.0,-1.45,61921.0,418.0,330.7
MLBL,1/12/2021,285.0,285.0,266.0,274.0,0.74,49735.0,418.0,330.7
MLBL,1/13/2021,278.0,278.0,273.0,274.0,0.0,37047.0,418.0,330.7
MLBL,1/17/2021,278.0,294.0,275.0,278.0,1.46,154054.0,418.0,330.7
MLBL,1/18/2021,291.0,291.0,278.0,283.0,1.8,206096.0,418.0,330.7
MLBL,1/19/2021,288.0,298.0,279.0,284.0,0.35,168268.0,418.0,330.7
MLBL,1/20/2021,284.0,288.0,283.0,286.0,0.7,111393.0,418.0,330.7
MLBL,1/21/2021,290.0,300.0,287.0,290.0,1.4,90777.0,418.0,330.7
MLBL,1/24/2021,295.0,305.0,295.0,296.0,2.07,135526.0,418.0,330.7
MLBL,1/25/2021,295.0,297.0,290.0,294.0,-0.68,59622.0,418.0,330.7
MLBL,1/26/2021,293.0,295.0,289.0,291.0,-1.02,41900.0,418.0,330.7
MLBL,1/27/2021,305.0,305.0,284.0,290.0,-0.34,55523.0,418.0,330.7
MLBL,1/28/2021,304.0,304.0,281.0,283.0,-2.41,88166.0,418.0,330.7
MLBL,1/31/2021,280.0,283.0,274.0,276.0,-2.47,63900.0,418.0,330.7
MLBL,2/1/2021,278.0,283.0,275.0,283.0,2.54,63005.0,418.0,330.7
MLBL,2/2/2021,285.0,291.0,284.0,288.0,1.77,63810.0,418.0,330.7
MLBL,2/3/2021,302.0,302.0,286.0,289.0,0.35,156652.0,418.0,330.7
MLBL,2/4/2021,287.0,293.0,284.0,285.0,-1.38,94382.0,418.0,330.7
MLBL,2/7/2021,299.0,299.0,283.0,284.0,-0.35,74312.0,418.0,330.7
MLBL,2/8/2021,287.0,293.0,280.0,293.0,3.17,121984.0,418.0,330.7
MLBL,2/9/2021,300.0,301.0,292.0,299.0,2.05,133527.0,418.0,330.7
MLBL,2/10/2021,313.0,313.0,292.0,305.0,2.01,75794.0,418.0,330.7
MLBL,2/11/2021,306.0,309.0,300.0,305.0,0.0,94087.0,418.0,330.7
MLBL,2/14/2021,320.0,320.0,296.0,300.0,-1.64,57076.0,418.0,330.7
MLBL,2/15/2021,304.0,312.0,303.0,310.0,3.33,113436.0,418.0,330.7
MLBL,2/16/2021,325.0,325.0,310.0,315.0,1.61,117624.0,418.0,330.7
MLBL,2/17/2021,315.0,320.0,315.0,320.0,1.59,70463.0,418.0,330.7
MLBL,2/18/2021,336.0,336.0,315.0,323.0,0.94,56610.0,418.0,330.7
MLBL,2/21/2021,325.0,325.0,310.0,318.0,-1.55,89504.0,418.0,330.7
MLBL,2/22/2021,333.0,333.0,311.0,312.0,-1.89,66724.0,418.0,330.7
MLBL,2/23/2021,327.0,327.0,300.0,312.0,0.0,58433.0,418.0,330.7
MLBL,2/24/2021,327.0,327.0,303.0,309.0,-0.96,112861.0,418.0,330.7
MLBL,2/25/2021,310.0,314.0,303.0,304.0,-1.62,77074.0,418.0,330.7
MLBL,2/28/2021,310.0,310.0,295.0,295.0,-2.96,71722.0,418.0,330.7
MLBL,3/1/2021,291.0,300.0,290.0,299.0,1.36,47069.0,418.0,330.7
MLBL,3/2/2021,304.0,304.0,290.0,294.0,-1.67,45024.0,418.0,330.7
MLBL,3/3/2021,290.0,292.0,285.0,288.0,-2.04,40317.0,418.0,330.7
MLBL,3/4/2021,290.0,301.0,290.0,301.0,4.51,43665.0,418.0,330.7
MLBL,3/7/2021,316.0,316.0,301.0,301.0,0.0,69922.0,418.0,330.7
MLBL,3/9/2021,304.0,306.0,298.0,298.0,-1.0,47104.0,418.0,330.7
MLBL,3/10/2021,298.0,302.0,296.0,299.0,0.34,26751.0,418.0,330.7
MLBL,3/14/2021,300.0,304.0,293.0,297.0,-0.67,31577.0,418.0,330.7
MLBL,3/15/2021,311.0,311.0,289.0,293.0,-1.35,97334.0,418.0,330.7
MLBL,3/16/2021,269.0,270.0,258.0,266.0,-9.22,49825.0,418.0,330.7
MLBL,3/17/2021,279.0,279.0,260.0,264.0,-0.75,31463.0,418.0,330.7
MLBL,3/18/2021,260.0,270.0,260.0,266.0,0.76,35328.0,418.0,330.7
MLBL,3/21/2021,279.0,279.0,268.0,275.0,3.38,52869.0,418.0,330.7
MLBL,3/22/2021,278.0,278.0,271.0,273.0,-0.73,17240.0,418.0,330.7
MLBL,3/23/2021,274.0,274.0,266.0,268.0,-1.83,18625.0,418.0,330.7
MLBL,3/24/2021,268.0,270.0,266.0,270.0,0.75,19857.0,418.0,330.7
MLBL,3/25/2021,275.0,277.0,265.0,270.0,0.0,38179.0,418.0,330.7
MLBL,3/29/2021,270.0,270.0,265.0,268.0,-0.74,9792.0,418.0,330.7
MLBL,3/30/2021,270.0,270.0,265.0,267.0,-0.37,18288.0,418.0,330.7
MLBL,3/31/2021,270.0,273.0,267.0,272.0,1.87,53647.0,418.0,330.7
MLBL,4/1/2021,274.0,279.0,271.0,277.0,1.84,48887.0,418.0,330.7
MLBL,4/4/2021,281.0,285.0,279.0,280.0,1.08,50336.0,418.0,330.7
MLBL,4/5/2021,281.0,285.0,278.0,279.0,-0.36,46005.0,418.0,330.7
MLBL,4/6/2021,278.0,285.0,275.0,285.0,2.15,39084.0,418.0,330.7
MLBL,4/7/2021,286.0,295.0,282.0,292.0,2.46,76377.0,418.0,330.7
MLBL,4/8/2021,292.0,295.0,287.0,292.0,0.0,38748.0,418.0,330.7
MLBL,4/12/2021,296.0,297.0,289.0,295.0,1.03,85919.0,418.0,330.7
MLBL,4/13/2021,296.0,310.0,296.0,310.0,5.08,142282.0,418.0,330.7
MLBL,4/15/2021,310.0,318.0,307.0,309.0,-0.32,126615.0,418.0,330.7
MLBL,4/18/2021,324.0,324.0,302.0,302.0,-2.27,55682.0,418.0,330.7
MLBL,4/19/2021,302.0,303.0,295.0,295.0,-2.32,45890.0,418.0,330.7
MLBL,4/20/2021,295.0,306.0,283.0,292.0,-1.02,149173.0,418.0,330.7
MLBL,4/21/2021,287.0,292.0,282.0,284.0,-2.74,71535.0,418.0,330.7
MLBL,4/22/2021,285.0,299.0,279.0,299.0,5.28,61876.0,418.0,330.7
MLBL,4/25/2021,298.0,298.0,284.0,289.0,-3.34,135071.0,418.0,330.7
MLBL,4/26/2021,285.0,288.0,278.0,280.0,-3.11,69533.0,418.0,330.7
MLBL,4/27/2021,280.0,287.0,280.0,286.0,2.14,54727.0,418.0,330.7
MLBL,4/28/2021,285.0,285.0,278.0,281.0,-1.75,25287.0,418.0,330.7
MLBL,4/29/2021,284.0,284.0,280.0,284.0,1.07,17885.0,418.0,330.7
MLBL,5/2/2021,285.0,289.0,280.0,287.0,1.06,22365.0,418.0,330.7
MLBL,5/3/2021,290.0,290.0,282.0,284.0,-1.05,17199.0,418.0,330.7
MLBL,5/4/2021,280.0,283.0,280.0,282.0,-0.7,21748.0,418.0,330.7
MLBL,5/5/2021,296.0,296.0,280.0,282.0,0.0,15270.0,418.0,330.7
MLBL,5/6/2021,283.0,283.0,279.0,281.0,-0.35,7707.0,418.0,330.7
MLBL,5/9/2021,278.0,280.0,276.0,279.0,-0.71,24975.0,418.0,330.7
MLBL,5/10/2021,278.0,281.0,277.0,280.0,0.36,12195.0,418.0,330.7
MLBL,5/11/2021,277.0,284.0,277.0,283.0,1.07,30371.0,418.0,330.7
MLBL,5/12/2021,285.0,285.0,280.0,282.0,-0.35,26755.0,418.0,330.7
MLBL,5/13/2021,286.0,289.0,283.0,287.0,1.77,37595.0,418.0,330.7
MLBL,5/16/2021,290.0,303.0,290.0,303.0,5.57,206731.0,418.0,330.7
MLBL,5/17/2021,304.0,306.0,297.0,299.0,-1.32,108770.0,418.0,330.7
MLBL,5/18/2021,300.0,307.0,300.0,306.0,2.34,146143.0,418.0,330.7
MLBL,5/19/2021,308.0,312.0,300.0,300.0,-1.96,63406.0,418.0,330.7
MLBL,5/20/2021,298.0,315.0,298.0,311.0,3.67,99704.0,418.0,330.7
MLBL,5/23/2021,315.0,342.0,299.0,342.0,9.97,266181.0,418.0,330.7
MLBL,5/24/2021,344.0,357.0,323.0,332.0,-2.92,272517.0,418.0,330.7
MLBL,5/25/2021,348.0,348.0,322.0,325.0,-2.11,84623.0,418.0,330.7
MLBL,5/27/2021,319.0,342.0,314.0,332.0,2.15,155138.0,418.0,330.7
MLBL,5/30/2021,338.0,365.0,332.0,363.0,9.34,403867.0,418.0,330.7
MLBL,5/31/2021,370.0,380.0,348.0,350.0,-3.58,281170.0,418.0,330.7
MLBL,6/1/2021,351.0,371.0,343.0,369.0,5.43,240420.0,418.0,330.7
MLBL,6/2/2021,372.0,395.0,358.0,395.0,7.05,394493.0,418.0,330.7
MLBL,6/3/2021,414.0,430.0,390.0,405.0,2.53,413499.0,418.0,330.7
MLBL,6/6/2021,410.0,417.0,395.0,416.0,2.72,352356.0,418.0,330.7
MLBL,6/7/2021,425.0,448.0,422.0,443.0,6.49,362541.0,418.0,330.7
MLBL,6/8/2021,450.0,487.0,450.0,487.0,9.93,400699.0,418.0,330.7
MLBL,6/9/2021,495.0,495.0,453.0,456.0,-6.37,324218.0,418.0,330.7
MLBL,6/10/2021,450.0,461.0,436.0,460.0,0.88,285346.0,418.0,330.7
MLBL,6/13/2021,460.0,502.0,455.0,495.0,7.61,376034.0,418.0,330.7
MLBL,6/14/2021,504.0,514.0,484.0,486.0,-1.82,360180.0,418.0,330.7
MLBL,6/15/2021,486.0,486.0,455.0,458.0,-5.76,202609.0,418.0,330.7
MLBL,6/16/2021,449.0,469.0,425.0,440.0,-3.93,190302.0,418.0,330.7
MLBL,6/17/2021,445.0,455.0,428.0,441.0,0.23,207194.0,418.0,330.7
MLBL,6/20/2021,449.0,449.0,412.0,431.0,-2.27,134326.0,418.0,330.7
MLBL,6/21/2021,452.0,452.0,399.0,399.0,-7.42,169823.0,418.0,330.7
MLBL,6/22/2021,418.0,425.0,389.0,422.0,5.76,241779.0,418.0,330.7
MLBL,6/23/2021,443.0,443.0,402.0,403.0,-4.5,158773.0,418.0,330.7
MLBL,6/24/2021,411.0,411.0,395.0,402.0,-0.25,73386.0,418.0,330.7
MLBL,6/27/2021,403.0,406.0,397.0,403.0,0.25,86984.0,418.0,330.7
MLBL,6/28/2021,408.0,408.0,391.0,397.0,-1.49,88404.0,418.0,330.7
MLBL,6/29/2021,416.0,416.0,385.0,387.0,-2.52,96151.0,418.0,330.7
MLBL,6/30/2021,393.0,408.0,373.0,395.0,2.07,105537.0,418.0,330.7
MLBL,7/1/2021,402.0,418.0,396.0,412.0,4.3,201675.0,418.0,330.7
MLBL,7/4/2021,432.0,432.0,408.0,408.0,-0.97,90174.0,418.0,330.7
MLBL,7/5/2021,411.0,414.0,400.0,402.0,-1.47,47013.0,418.0,330.7
MLBL,7/6/2021,400.0,413.0,396.0,402.0,0.0,59614.0,418.0,330.7
MLBL,7/7/2021,406.0,412.0,401.0,405.0,0.75,84224.0,418.0,330.7
MLBL,7/8/2021,407.0,424.0,405.0,423.0,4.44,158378.0,418.0,330.7
MLBL,7/11/2021,425.0,465.0,425.0,465.0,9.93,274411.0,418.0,330.7
MLBL,7/12/2021,470.0,472.0,441.0,450.0,-3.23,314073.0,418.0,330.7
MLBL,7/13/2021,446.0,464.0,444.0,454.0,0.89,130323.0,418.0,330.7
MLBL,7/14/2021,476.0,476.0,448.0,454.0,0.0,72890.0,418.0,330.7
MLBL,7/15/2021,457.0,460.0,445.0,445.0,-1.98,125734.0,418.0,330.7
MLBL,7/18/2021,450.0,484.5,450.0,480.0,7.87,305402.0,418.0,330.7
MLBL,7/19/2021,482.0,499.0,476.0,477.0,-0.62,228377.0,418.0,330.7
MLBL,7/20/2021,480.0,485.0,475.1,481.0,0.84,123322.0,418.0,330.7
MLBL,7/22/2021,490.6,505.0,478.0,481.0,0.0,321883.0,418.0,330.7
MLBL,7/25/2021,489.0,489.0,476.3,480.0,-0.21,165009.0,418.0,330.7
MLBL,7/26/2021,481.0,485.0,465.2,470.0,-2.08,175535.0,418.0,330.7
MLBL,7/27/2021,470.0,484.0,456.0,479.0,1.91,177735.0,418.0,330.7
MLBL,7/28/2021,488.5,495.0,479.0,488.0,1.88,191788.0,418.0,330.7
MLBL,7/29/2021,495.0,500.0,487.0,498.0,2.05,294975.0,418.0,330.7
MLBL,8/1/2021,505.0,515.0,493.7,493.7,-0.86,159300.0,418.0,330.7
MLBL,8/2/2021,503.0,503.0,479.0,486.0,-1.56,90824.0,418.0,330.7
MLBL,8/3/2021,486.0,490.0,479.3,487.0,0.21,66495.0,418.0,330.7
MLBL,8/4/2021,489.0,494.0,480.1,491.0,0.82,98562.0,418.0,330.7
MLBL,8/5/2021,500.0,514.0,490.0,502.0,2.24,340046.0,418.0,330.7
MLBL,8/8/2021,512.0,525.0,506.0,518.0,3.19,246061.0,418.0,330.7
MLBL,8/9/2021,528.3,528.3,510.1,513.0,-0.97,124476.0,418.0,330.7
MLBL,8/10/2021,518.0,564.3,517.0,564.3,10.0,623746.0,418.0,330.7
MLBL,8/11/2021,575.5,609.0,545.0,567.0,0.48,293733.0,418.0,330.7
MLBL,8/12/2021,567.0,623.7,557.0,623.7,10.0,623102.0,418.0,330.7
MLBL,8/15/2021,623.7,652.0,574.0,612.0,-1.88,718817.0,418.0,330.7
MLBL,8/16/2021,612.0,655.0,600.0,635.0,3.76,402927.0,418.0,330.7
MLBL,8/17/2021,635.0,695.0,635.0,683.0,7.56,377862.0,418.0,330.7
MLBL,8/18/2021,683.0,751.3,665.0,751.0,9.96,787390.0,418.0,330.7
MLBL,8/19/2021,760.0,777.0,724.0,727.0,-3.2,427184.0,418.0,330.7
MLBL,8/24/2021,712.5,744.0,699.0,700.0,-3.71,354614.0,418.0,330.7
MLBL,8/25/2021,714.0,714.0,653.7,672.0,-4.0,335708.0,418.0,330.7
MLBL,8/26/2021,685.4,715.0,657.0,700.0,4.17,462286.0,418.0,330.7
MLBL,8/29/2021,714.0,720.0,678.0,690.0,-1.43,323187.0,418.0,330.7
MLBL,8/31/2021,680.0,686.9,655.0,660.0,-4.35,316062.0,418.0,330.7
MLBL,9/1/2021,665.0,675.1,638.0,659.1,-0.14,168856.0,418.0,330.7
MLBL,9/2/2021,652.1,665.0,630.0,635.0,-3.66,171198.0,418.0,330.7
MLBL,9/5/2021,630.0,635.0,571.5,575.0,-9.45,329453.0,418.0,330.7
MLBL,9/6/2021,570.0,632.5,559.0,632.5,10.0,310950.0,418.0,330.7
MLBL,9/7/2021,645.0,645.1,610.1,619.0,-2.13,162196.0,418.0,330.7
MLBL,9/8/2021,619.0,619.0,593.0,597.0,-3.55,131583.0,418.0,330.7
MLBL,9/9/2021,606.0,624.0,585.0,597.0,0.0,127035.0,418.0,330.7
MLBL,9/12/2021,608.9,638.0,605.0,635.0,6.37,272647.0,418.0,330.7
MLBL,9/13/2021,647.0,662.0,626.0,635.0,0.0,251520.0,418.0,330.7
MLBL,9/14/2021,636.0,645.0,619.0,624.0,-1.73,110965.0,418.0,330.7
MLBL,9/15/2021,627.0,627.0,605.0,608.0,-2.56,189100.0,418.0,330.7
MLBL,9/16/2021,595.9,605.0,570.0,581.0,-4.44,195153.0,418.0,330.7
MLBL,9/20/2021,592.6,592.6,540.1,542.0,-6.71,198128.0,418.0,330.7
MLBL,9/21/2021,535.0,570.0,521.5,547.0,0.92,156700.0,418.0,330.7
MLBL,9/22/2021,557.0,600.0,557.0,597.0,9.14,223281.0,418.0,330.7
MLBL,9/23/2021,608.9,615.0,578.2,590.0,-1.17,184035.0,418.0,330.7
MLBL,9/26/2021,601.0,610.0,566.0,570.0,-3.39,120108.0,418.0,330.7
MLBL,9/27/2021,574.0,574.0,545.0,558.0,-2.11,120679.0,418.0,330.7
MLBL,9/28/2021,547.0,567.7,537.0,540.0,-3.23,91740.0,418.0,330.7
MLBL,9/29/2021,540.0,560.8,526.0,558.1,3.35,115966.0,418.0,330.7
MLBL,9/30/2021,565.0,565.0,535.0,542.0,-2.88,54158.0,418.0,330.7
MLBL,10/3/2021,552.8,552.8,528.0,529.0,-2.4,95118.0,418.0,330.7
MLBL,10/4/2021,525.0,539.0,516.0,523.1,-1.12,55560.0,418.0,330.7
MLBL,10/5/2021,520.0,550.7,515.1,535.0,2.27,33835.0,418.0,330.7
MLBL,10/6/2021,545.0,586.0,535.2,586.0,9.53,126166.0,418.0,330.7
MLBL,10/10/2021,597.0,631.3,568.0,631.3,7.73,182631.0,418.0,330.7
MLBL,10/11/2021,643.0,643.0,574.0,576.0,-8.76,212485.0,418.0,330.7
MLBL,10/17/2021,587.0,595.0,565.0,583.0,1.22,45499.0,418.0,330.7
MLBL,10/18/2021,573.0,594.6,555.0,594.6,1.99,100245.0,418.0,330.7
MLBL,10/19/2021,594.6,600.0,545.0,579.0,-2.62,106382.0,418.0,330.7
MLBL,10/20/2021,590.5,612.0,566.5,578.0,-0.17,74076.0,418.0,330.7
MLBL,10/21/2021,588.59,601.0,559.0,560.0,-3.11,41305.0,418.0,330.7
MLBL,10/24/2021,560.0,604.0,549.0,604.0,7.86,85711.0,418.0,330.7
MLBL,10/25/2021,592.0,615.0,568.0,605.0,0.17,269663.0,418.0,330.7
MLBL,10/26/2021,610.0,633.0,601.0,627.0,3.64,181152.0,418.0,330.7
MLBL,10/27/2021,627.0,644.0,609.6,627.0,0.0,167682.0,418.0,330.7
MLBL,10/28/2021,639.5,639.5,613.0,620.0,-1.12,129829.0,418.0,330.7
MLBL,10/31/2021,632.4,675.0,615.2,668.0,7.74,271606.0,418.0,330.7
MLBL,11/1/2021,675.0,720.0,670.0,695.0,4.04,523925.0,418.0,330.7
MLBL,11/2/2021,708.9,735.0,695.1,730.0,5.04,651976.0,418.0,330.7
MLBL,11/3/2021,744.0,803.0,720.0,803.0,10.0,479520.0,418.0,330.7
MLBL,11/8/2021,787.0,883.0,740.8,882.0,9.84,678625.0,418.0,330.7
MLBL,11/9/2021,864.4,864.4,793.8,793.8,-10.0,62320.0,418.0,330.7
MLBL,11/11/2021,809.0,809.0,714.5,714.5,-9.99,656213.0,418.0,330.7
MLBL,11/14/2021,701.0,785.9,696.0,785.0,9.87,379514.0,418.0,330.7
MLBL,11/15/2021,769.3,800.2,725.0,750.0,-4.46,474864.0,418.0,330.7
MLBL,11/16/2021,750.0,825.0,735.0,823.0,9.73,493830.0,418.0,330.7
MLBL,11/17/2021,806.6,806.6,759.3,762.0,-7.41,501124.0,418.0,330.7
MLBL,11/18/2021,746.9,838.0,740.0,740.0,-2.89,753041.0,418.0,330.7
MLBL,11/21/2021,754.8,800.8,725.2,740.0,0.0,682071.0,418.0,330.7
MLBL,11/22/2021,754.0,765.0,740.0,740.0,0.0,462197.0,418.0,330.7
MLBL,11/23/2021,740.0,748.0,712.0,721.1,-2.55,143579.0,418.0,330.7
MLBL,11/24/2021,707.0,730.0,705.1,717.0,-0.57,159977.0,418.0,330.7
MLBL,11/25/2021,713.0,729.0,699.0,703.0,-1.95,227434.0,418.0,330.7
MLBL,11/28/2021,689.0,696.0,643.5,652.0,-7.25,449129.0,418.0,330.7
MLBL,11/29/2021,665.0,691.8,605.3,617.4,-5.31,949154.0,418.0,330.7
MLBL,11/30/2021,629.0,659.9,623.0,650.0,5.28,219049.0,418.0,330.7
MLBL,12/1/2021,663.0,663.0,640.0,648.0,-0.31,114361.0,418.0,330.7
MLBL,12/2/2021,660.0,660.0,611.0,620.0,-4.32,199585.0,418.0,330.7
MLBL,12/5/2021,620.0,627.0,598.0,602.0,-2.9,202465.0,418.0,330.7
MLBL,12/6/2021,602.0,622.3,582.0,622.2,3.36,238826.0,418.0,330.7
MLBL,12/7/2021,634.6,634.6,598.0,599.0,-3.73,192974.0,418.0,330.7
MLBL,12/8/2021,599.0,603.5,575.0,577.0,-3.67,157397.0,418.0,330.7
MLBL,12/9/2021,566.0,588.0,565.0,571.0,-1.04,141310.0,418.0,330.7
MLBL,12/12/2021,567.1,570.0,537.0,537.5,-5.87,150432.0,418.0,330.7
MLBL,12/13/2021,526.8,547.0,510.0,517.0,-3.81,195086.0,418.0,330.7
MLBL,12/14/2021,524.0,568.0,519.0,565.0,9.28,81936.0,418.0,330.7
MLBL,12/15/2021,576.0,599.0,545.0,559.9,-0.9,290221.0,418.0,330.7
MLBL,12/16/2021,559.0,565.0,534.0,535.3,-4.39,115214.0,418.0,330.7
MLBL,12/20/2021,546.0,546.0,519.0,526.8,-1.59,98322.0,418.0,330.7
MLBL,12/21/2021,537.3,550.0,530.0,547.0,3.83,99591.0,418.0,330.7
MLBL,12/22/2021,547.0,576.0,547.0,574.0,4.94,166291.0,418.0,330.7
MLBL,12/23/2021,580.0,584.0,563.1,572.0,-0.35,117797.0,418.0,330.7
MLBL,12/26/2021,583.4,583.4,570.0,574.0,0.35,125310.0,418.0,330.7
MLBL,12/27/2021,585.0,589.0,555.0,564.4,-1.67,321653.0,418.0,330.7
MLBL,12/28/2021,470.3,470.3,449.0,458.0,-18.85,92721.0,418.0,330.7
MLBL,12/29/2021,458.0,460.0,446.0,446.1,-2.6,51340.0,418.0,330.7
MLBL,1/2/2022,450.0,467.0,442.0,466.0,4.46,107893.0,418.0,330.7
MLBL,1/3/2022,466.0,487.5,458.0,470.0,0.86,112151.0,418.0,330.7
MLBL,1/4/2022,466.1,502.9,466.0,499.0,6.17,100327.0,418.0,330.7
MLBL,1/5/2022,507.0,507.0,480.0,483.0,-3.21,90540.0,418.0,330.7
MLBL,1/6/2022,473.5,492.4,473.4,486.1,0.64,61001.0,418.0,330.7
MLBL,1/9/2022,495.0,515.0,495.0,513.5,5.64,126342.0,418.0,330.7
MLBL,1/10/2022,520.0,528.0,503.0,512.0,-0.29,135045.0,418.0,330.7
MLBL,1/11/2022,512.0,541.9,510.0,538.0,5.08,162028.0,418.0,330.7
MLBL,1/12/2022,548.0,548.0,517.0,521.0,-3.16,187528.0,418.0,330.7
MLBL,1/13/2022,521.0,540.0,515.0,535.1,2.71,100168.0,418.0,330.7
MLBL,1/16/2022,545.0,565.0,545.0,560.0,4.65,192025.0,418.0,330.7
MLBL,1/17/2022,569.0,569.9,548.0,552.0,-1.43,112722.0,418.0,330.7
MLBL,1/18/2022,560.0,560.0,527.0,536.0,-2.9,148338.0,418.0,330.7
MLBL,1/19/2022,531.0,544.0,514.0,522.3,-2.56,121353.0,418.0,330.7
MLBL,1/20/2022,532.7,549.0,515.5,548.9,5.09,103782.0,418.0,330.7
MLBL,1/23/2022,559.8,580.0,540.5,547.0,-0.35,198937.0,418.0,330.7
MLBL,1/24/2022,547.0,547.0,515.1,520.0,-4.94,205029.0,418.0,330.7
MLBL,1/25/2022,530.4,533.5,510.6,520.0,0.0,118614.0,418.0,330.7
MLBL,1/26/2022,509.6,526.0,504.7,510.0,-1.92,105900.0,418.0,330.7
MLBL,1/27/2022,520.0,520.1,505.0,508.6,-0.27,53245.0,418.0,330.7
MLBL,1/30/2022,518.0,545.5,518.0,545.0,7.16,143131.0,418.0,330.7
MLBL,1/31/2022,555.9,555.9,532.0,532.2,-2.35,89001.0,418.0,330.7
MLBL,2/1/2022,529.1,548.0,529.1,542.0,1.84,107861.0,418.0,330.7
MLBL,2/3/2022,552.0,554.8,533.0,538.0,-0.74,146006.0,418.0,330.7
MLBL,2/6/2022,530.0,537.0,524.0,525.0,-2.42,120823.0,418.0,330.7
MLBL,2/7/2022,524.0,530.8,517.1,529.0,0.76,45194.0,418.0,330.7
MLBL,2/8/2022,539.5,555.0,520.0,522.0,-1.32,82634.0,418.0,330.7
MLBL,2/9/2022,525.0,525.0,510.1,515.0,-1.34,45328.0,418.0,330.7
MLBL,2/10/2022,512.2,522.0,512.2,514.0,-0.19,44261.0,418.0,330.7
MLBL,2/13/2022,503.8,508.0,488.1,490.0,-4.67,120488.0,418.0,330.7
MLBL,2/14/2022,487.0,507.0,481.0,490.0,0.0,60906.0,418.0,330.7
MLBL,2/15/2022,499.0,504.6,484.0,504.0,2.86,66410.0,418.0,330.7
MLBL,2/16/2022,500.1,509.0,490.0,495.0,-1.79,41466.0,418.0,330.7
MLBL,2/17/2022,504.0,504.0,490.0,490.1,-0.99,38226.0,418.0,330.7
MLBL,2/20/2022,480.3,489.0,470.7,481.0,-1.86,46348.0,418.0,330.7
MLBL,2/21/2022,488.6,489.0,478.0,485.0,0.83,37144.0,418.0,330.7
MLBL,2/22/2022,494.0,503.0,490.0,492.0,1.44,41506.0,418.0,330.7
MLBL,2/23/2022,500.0,500.0,485.0,490.0,-0.41,29765.0,418.0,330.7
MLBL,2/24/2022,490.0,490.0,474.0,478.0,-2.45,56422.0,418.0,330.7
MLBL,2/27/2022,477.0,484.0,470.0,472.0,-1.26,31887.0,418.0,330.7
MLBL,2/28/2022,481.4,488.0,461.1,462.0,-2.12,35364.0,418.0,330.7
MLBL,3/2/2022,471.2,471.2,441.0,445.0,-3.68,71937.0,418.0,330.7
MLBL,3/6/2022,451.0,459.0,441.1,448.0,0.67,40990.0,418.0,330.7
MLBL,3/7/2022,456.0,456.0,447.0,447.0,-0.22,23330.0,418.0,330.7
MLBL,3/9/2022,454.0,454.0,435.0,435.0,-2.68,28718.0,418.0,330.7
MLBL,3/10/2022,442.0,453.0,433.0,453.0,4.14,36960.0,418.0,330.7
MLBL,3/13/2022,462.0,475.0,456.0,468.0,3.31,81349.0,418.0,330.7
MLBL,3/14/2022,472.0,477.3,465.1,474.9,1.47,26966.0,418.0,330.7
MLBL,3/15/2022,474.0,479.0,467.0,470.2,-0.99,61417.0,418.0,330.7
MLBL,3/16/2022,470.2,479.0,465.0,467.0,-0.68,27705.0,418.0,330.7
MLBL,3/20/2022,467.0,475.0,455.0,456.9,-2.16,46598.0,418.0,330.7
MLBL,3/21/2022,465.0,474.0,453.2,472.5,3.41,33355.0,418.0,330.7
MLBL,3/22/2022,481.0,485.0,472.2,477.5,1.06,57509.0,418.0,330.7
MLBL,3/23/2022,482.0,482.0,465.0,469.0,-1.78,26608.0,418.0,330.7
MLBL,3/24/2022,474.9,474.9,460.1,463.0,-1.28,29638.0,418.0,330.7
MLBL,3/27/2022,463.0,463.0,446.1,448.0,-3.24,44772.0,418.0,330.7
MLBL,3/28/2022,448.0,456.0,441.0,441.0,-1.56,36493.0,418.0,330.7
MLBL,3/29/2022,441.0,449.0,440.0,443.0,0.45,18512.0,418.0,330.7
MLBL,3/30/2022,451.6,454.0,440.0,454.0,2.48,65469.0,418.0,330.7
MLBL,3/31/2022,459.0,459.0,441.1,441.2,-2.82,19668.0,418.0,330.7
MLBL,4/3/2022,441.0,441.0,430.0,431.0,-2.31,38903.0,418.0,330.7
MLBL,4/4/2022,433.0,439.0,427.0,429.0,-0.46,33274.0,418.0,330.7
MLBL,4/5/2022,436.9,436.9,410.0,417.0,-2.8,62204.0,418.0,330.7
MLBL,4/6/2022,412.0,419.0,407.0,408.5,-2.04,37913.0,418.0,330.7
MLBL,4/7/2022,405.0,420.2,405.0,417.0,2.08,33945.0,418.0,330.7
MLBL,4/11/2022,425.3,432.0,408.0,410.0,-1.68,50873.0,418.0,330.7
MLBL,4/12/2022,406.6,409.0,401.0,403.0,-1.71,41603.0,418.0,330.7
MLBL,4/13/2022,403.0,414.0,401.0,410.0,1.74,29747.0,418.0,330.7
MLBL,4/17/2022,415.0,415.1,402.0,403.0,-1.71,51949.0,418.0,330.7
MLBL,4/18/2022,400.0,411.0,393.0,399.0,-0.99,112104.0,418.0,330.7
MLBL,4/19/2022,406.9,420.0,401.1,414.0,3.76,93338.0,418.0,330.7
MLBL,4/20/2022,419.0,419.0,401.0,401.0,-3.14,46927.0,418.0,330.7
MLBL,4/21/2022,400.0,416.9,393.2,404.0,0.75,49247.0,418.0,330.7
MLBL,4/24/2022,404.2,438.0,404.2,429.0,6.19,121340.0,418.0,330.7
MLBL,4/25/2022,433.0,443.0,413.5,422.0,-1.63,87921.0,418.0,330.7
MLBL,4/26/2022,429.0,429.9,413.6,417.0,-1.18,50647.0,418.0,330.7
MLBL,4/27/2022,412.7,425.0,412.7,423.0,1.44,60214.0,418.0,330.7
MLBL,4/28/2022,425.5,429.6,416.0,416.2,-1.61,73549.0,418.0,330.7
MLBL,5/2/2022,414.0,417.9,403.0,406.1,-2.43,53912.0,418.0,330.7
MLBL,5/4/2022,409.0,409.4,395.0,397.0,-2.24,61830.0,418.0,330.7
MLBL,5/5/2022,397.0,400.0,385.0,386.0,-2.77,77028.0,418.0,330.7
MLBL,5/8/2022,386.0,405.0,380.0,397.0,2.85,31442.0,418.0,330.7
MLBL,5/9/2022,401.0,411.6,393.2,393.2,-0.96,69171.0,418.0,330.7
MLBL,5/10/2022,396.0,407.0,393.4,405.0,3.0,67926.0,418.0,330.7
MLBL,5/11/2022,413.0,420.0,405.0,420.0,3.7,78118.0,418.0,330.7
MLBL,5/12/2022,422.0,427.0,415.0,416.0,-0.95,84695.0,418.0,330.7
MLBL,5/17/2022,410.1,410.1,397.0,399.5,-3.97,56993.0,418.0,330.7
MLBL,5/18/2022,395.0,410.0,391.8,405.0,1.38,37451.0,418.0,330.7
MLBL,5/19/2022,413.1,413.1,396.0,396.1,-2.2,49183.0,418.0,330.7
MLBL,5/20/2022,403.9,404.0,392.0,393.2,-0.73,27893.0,418.0,330.7
MLBL,5/23/2022,399.0,399.0,386.0,387.0,-1.58,39531.0,418.0,330.7
MLBL,5/24/2022,391.9,399.0,385.0,394.0,1.81,24283.0,418.0,330.7
MLBL,5/25/2022,401.8,403.0,393.0,398.0,1.02,31953.0,418.0,330.7
MLBL,5/26/2022,402.0,403.0,394.2,395.0,-0.75,16462.0,418.0,330.7
MLBL,5/27/2022,399.0,400.0,389.6,392.0,-0.76,34096.0,418.0,330.7
MLBL,5/30/2022,390.0,390.2,380.0,380.1,-3.04,71169.0,418.0,330.7
MLBL,5/31/2022,379.0,387.0,373.0,374.0,-1.6,50899.0,418.0,330.7
MLBL,6/1/2022,380.0,385.0,374.5,378.0,1.07,16130.0,418.0,330.7
MLBL,6/2/2022,382.0,385.0,375.1,376.0,-0.53,18705.0,418.0,330.7
MLBL,6/3/2022,376.0,379.9,370.2,372.0,-1.06,40403.0,418.0,330.7
MLBL,6/6/2022,377.0,382.4,369.5,371.2,-0.22,25858.0,418.0,330.7
MLBL,6/7/2022,371.0,377.9,361.1,364.0,-1.94,31943.0,418.0,330.7
MLBL,6/8/2022,365.0,384.0,363.8,380.0,4.4,39639.0,418.0,330.7
MLBL,6/9/2022,384.0,385.0,370.0,371.0,-2.37,39187.0,418.0,330.7
MLBL,6/10/2022,365.1,372.3,365.0,366.6,-1.19,16659.0,418.0,330.7
MLBL,6/13/2022,368.0,373.0,362.0,365.0,-0.44,13662.0,418.0,330.7
MLBL,6/14/2022,363.0,367.0,352.1,358.0,-1.92,32933.0,418.0,330.7
MLBL,6/15/2022,353.0,358.0,347.1,352.0,-1.68,54884.0,418.0,330.7
MLBL,6/16/2022,348.1,365.0,348.1,352.9,0.26,24339.0,418.0,330.7
MLBL,6/17/2022,355.0,358.0,350.0,354.8,0.54,9528.0,418.0,330.7
MLBL,6/19/2022,350.1,353.0,340.0,340.0,-4.17,36933.0,418.0,330.7
MLBL,6/20/2022,337.0,337.0,321.0,325.0,-4.41,59010.0,418.0,330.7
MLBL,6/21/2022,325.0,343.0,325.0,335.2,3.14,22751.0,418.0,330.7
MLBL,6/22/2022,339.0,339.0,326.3,328.0,-2.15,18120.0,418.0,330.7
MLBL,6/23/2022,325.0,325.0,310.8,316.0,-3.66,30327.0,418.0,330.7
MLBL,6/24/2022,310.3,334.0,305.2,324.0,2.53,22786.0,418.0,330.7
MLBL,6/26/2022,330.0,356.4,330.0,355.0,9.57,77256.0,418.0,330.7
MLBL,6/27/2022,362.1,367.0,340.0,340.0,-4.23,73378.0,418.0,330.7
MLBL,6/28/2022,334.1,345.0,328.0,341.0,0.29,43485.0,418.0,330.7
MLBL,6/29/2022,345.0,356.0,335.0,354.0,3.81,39257.0,418.0,330.7
MLBL,6/30/2022,359.0,377.0,353.0,374.0,5.65,77446.0,418.0,330.7
MLBL,7/1/2022,377.0,381.4,365.0,369.0,-1.34,39309.0,418.0,330.7
MLBL,7/3/2022,365.1,384.0,361.0,384.0,4.07,51611.0,418.0,330.7
MLBL,7/4/2022,386.0,399.7,366.0,373.0,-2.86,116346.0,418.0,330.7
MLBL,7/5/2022,366.0,385.0,360.0,360.0,-3.49,82397.0,418.0,330.7
MLBL,7/6/2022,363.0,372.0,349.0,370.0,2.78,55006.0,418.0,330.7
MLBL,7/7/2022,377.4,388.0,364.0,368.0,-0.54,50580.0,418.0,330.7
MLBL,7/8/2022,368.0,368.0,354.8,355.0,-3.53,24440.0,418.0,330.7
MLBL,7/11/2022,355.0,355.0,332.0,335.0,-5.63,103161.0,418.0,330.7
MLBL,7/12/2022,341.7,346.9,330.0,342.0,2.09,46710.0,418.0,330.7
MLBL,7/13/2022,345.0,366.0,342.0,366.0,7.02,50525.0,418.0,330.7
MLBL,7/14/2022,370.0,379.9,362.0,374.0,2.19,61999.0,418.0,330.7
MLBL,7/15/2022,377.9,379.1,364.0,378.0,1.07,40772.0,418.0,330.7
MLBL,7/17/2022,378.0,385.0,371.0,379.0,0.26,33891.0,418.0,330.7
MLBL,7/18/2022,380.0,385.0,375.0,382.0,0.79,18538.0,418.0,330.7
MLBL,7/19/2022,388.0,391.9,379.9,385.0,0.79,65324.0,418.0,330.7
MLBL,7/20/2022,388.0,391.0,380.0,389.0,1.04,64578.0,418.0,330.7
MLBL,7/21/2022,385.0,392.0,385.0,385.2,-0.98,23713.0,418.0,330.7
MLBL,7/22/2022,384.0,384.0,372.2,373.1,-3.14,35888.0,418.0,330.7
MLBL,7/24/2022,380.0,395.0,370.0,392.0,5.07,64007.0,418.0,330.7
MLBL,7/25/2022,399.0,423.1,395.0,419.0,6.89,122350.0,418.0,330.7
MLBL,7/26/2022,420.0,426.9,403.0,404.1,-3.56,109405.0,418.0,330.7
MLBL,7/27/2022,398.0,415.0,395.0,411.0,1.71,92227.0,418.0,330.7
MLBL,7/28/2022,415.0,430.9,405.0,419.9,2.17,121840.0,418.0,330.7
MLBL,7/29/2022,423.0,443.0,403.4,438.0,4.31,140962.0,418.0,330.7
MLBL,7/31/2022,444.0,446.0,434.0,437.9,-0.02,168003.0,418.0,330.7
MLBL,8/1/2022,440.0,440.0,426.0,428.0,-2.26,83916.0,418.0,330.7
MLBL,8/2/2022,436.5,436.5,416.1,430.0,0.47,99673.0,418.0,330.7
MLBL,8/3/2022,430.0,437.0,422.4,422.4,-1.77,62694.0,418.0,330.7
MLBL,8/4/2022,423.0,426.5,415.5,415.8,-1.56,117727.0,418.0,330.7
MLBL,8/5/2022,409.0,419.0,404.0,405.1,-2.57,81874.0,418.0,330.7
MLBL,8/7/2022,413.2,417.0,404.0,414.7,2.37,96426.0,418.0,330.7
MLBL,8/8/2022,420.0,425.0,401.9,406.0,-2.1,98886.0,418.0,330.7
MLBL,8/9/2022,402.1,409.9,391.1,392.2,-3.4,89830.0,418.0,330.7
MLBL,8/10/2022,397.5,400.0,385.2,395.0,0.71,80061.0,418.0,330.7
MLBL,8/11/2022,390.1,402.5,389.0,389.0,-1.52,54982.0,418.0,330.7
MLBL,8/14/2022,385.0,396.0,380.0,384.9,-1.05,53875.0,418.0,330.7
MLBL,8/15/2022,382.0,403.7,382.0,402.8,4.65,69493.0,418.0,330.7
MLBL,8/16/2022,408.0,412.1,392.2,393.2,-2.38,145685.0,418.0,330.7
MLBL,8/17/2022,394.0,403.0,390.0,394.1,0.23,55250.0,418.0,330.7
MLBL,8/18/2022,392.0,410.0,392.0,408.0,3.53,66532.0,418.0,330.7
MLBL,8/21/2022,410.0,414.0,401.1,402.0,-1.47,58559.0,418.0,330.7
MLBL,8/22/2022,403.0,405.0,396.5,397.0,-1.24,36072.0,418.0,330.7
MLBL,8/23/2022,400.0,404.9,396.0,399.8,0.71,23394.0,418.0,330.7
MLBL,8/24/2022,404.0,404.9,398.0,399.2,-0.15,35483.0,418.0,330.7
MLBL,8/25/2022,407.1,407.1,392.0,393.8,-1.35,35564.0,418.0,330.7
MLBL,8/26/2022,390.0,392.0,385.0,389.0,-1.22,34172.0,418.0,330.7
MLBL,8/28/2022,392.0,392.0,375.5,376.0,-3.34,68417.0,418.0,330.7
MLBL,8/29/2022,374.0,381.3,373.1,380.0,1.06,27133.0,418.0,330.7
MLBL,8/30/2022,385.0,385.0,377.0,379.8,-0.05,21904.0,418.0,330.7
MLBL,8/31/2022,376.0,383.4,373.0,374.9,-1.29,28157.0,418.0,330.7
MLBL,9/1/2022,370.0,377.8,368.1,371.0,-1.04,35147.0,418.0,330.7
MLBL,9/2/2022,378.4,378.4,363.0,369.0,-0.54,20227.0,418.0,330.7
MLBL,9/4/2022,376.3,379.6,373.0,373.1,1.11,21835.0,418.0,330.7
MLBL,9/5/2022,375.0,378.0,372.0,373.0,-0.03,12178.0,418.0,330.7
MLBL,9/6/2022,370.0,374.0,365.0,366.0,-1.88,22549.0,418.0,330.7
MLBL,9/7/2022,362.8,368.0,361.0,363.0,-0.82,10606.0,418.0,330.7
MLBL,9/8/2022,363.0,368.0,356.0,366.0,0.83,32709.0,418.0,330.7
MLBL,9/11/2022,365.1,368.9,358.1,359.5,-1.78,18025.0,418.0,330.7
MLBL,9/12/2022,356.4,364.0,356.0,359.4,-0.03,23112.0,418.0,330.7
MLBL,9/13/2022,357.0,370.9,357.0,367.0,2.11,25767.0,418.0,330.7
MLBL,9/14/2022,371.0,388.5,370.5,386.0,5.18,46840.0,418.0,330.7
MLBL,9/15/2022,390.0,390.0,365.0,367.0,-4.92,80220.0,418.0,330.7
MLBL,9/16/2022,360.0,365.9,348.1,360.0,-1.91,41116.0,418.0,330.7
MLBL,9/18/2022,358.0,360.0,347.0,348.0,-3.33,32266.0,418.0,330.7
MLBL,9/20/2022,349.0,349.0,332.0,335.0,-3.74,49478.0,418.0,330.7
MLBL,9/21/2022,335.0,346.0,335.0,340.0,1.49,25933.0,418.0,330.7
MLBL,9/22/2022,340.0,346.0,336.3,337.5,-0.74,19691.0,418.0,330.7
MLBL,9/25/2022,330.8,344.0,330.0,336.0,-0.44,32646.0,418.0,330.7
MLBL,9/27/2022,340.0,346.0,337.2,342.0,1.79,24518.0,418.0,330.7
MLBL,9/28/2022,344.0,348.8,342.0,346.0,1.17,12185.0,418.0,330.7
MLBL,9/29/2022,350.0,352.2,345.0,350.0,1.16,19211.0,418.0,330.7
MLBL,10/9/2022,356.0,372.0,356.0,365.0,4.29,24093.0,418.0,330.7
MLBL,10/10/2022,368.0,368.0,350.0,351.0,-3.84,48490.0,418.0,330.7
MLBL,10/11/2022,358.0,358.0,345.0,350.0,-0.28,30226.0,418.0,330.7
MLBL,10/12/2022,348.0,367.0,346.2,359.9,2.83,22741.0,418.0,330.7
MLBL,10/13/2022,365.0,369.0,361.0,366.8,1.92,32638.0,418.0,330.7
MLBL,10/16/2022,368.5,369.0,357.1,360.0,-1.85,25085.0,418.0,330.7
MLBL,10/17/2022,367.0,367.2,353.0,354.0,-1.67,13240.0,418.0,330.7
MLBL,10/19/2022,360.0,360.0,345.0,347.0,-1.98,18460.0,418.0,330.7
MLBL,10/20/2022,347.0,357.0,343.2,351.0,1.15,9855.0,418.0,330.7
MLBL,10/23/2022,349.9,357.0,349.9,355.0,1.14,8160.0,418.0,330.7
MLBL,10/31/2022,347.9,348.1,341.0,345.0,-2.82,20512.0,418.0,330.7
MLBL,11/1/2022,345.0,359.8,343.0,356.0,3.19,30594.0,418.0,330.7
MLBL,11/2/2022,358.0,364.0,352.0,360.0,1.12,39810.0,418.0,330.7
MLBL,11/3/2022,360.2,365.9,355.0,356.0,-1.11,28122.0,418.0,330.7
MLBL,11/6/2022,360.0,365.0,353.0,363.0,1.97,35241.0,418.0,330.7
MLBL,11/7/2022,363.0,374.9,361.0,362.5,-0.14,41242.0,418.0,330.7
MLBL,11/8/2022,360.0,365.0,356.0,358.9,-0.99,48772.0,418.0,330.7
MLBL,11/9/2022,355.0,357.0,346.0,347.0,-3.32,39257.0,418.0,330.7
MLBL,11/10/2022,351.0,357.0,341.5,343.0,-1.15,38755.0,418.0,330.7
MLBL,11/13/2022,344.3,348.0,338.3,344.9,0.55,11626.0,418.0,330.7
MLBL,11/14/2022,340.2,350.0,340.1,350.0,1.48,26371.0,418.0,330.7
MLBL,11/15/2022,350.5,350.5,341.0,341.0,-2.57,28056.0,418.0,330.7
MLBL,11/16/2022,341.0,347.0,340.1,344.0,0.88,19665.0,418.0,330.7
MLBL,11/17/2022,345.0,357.0,345.0,353.5,2.76,43835.0,418.0,330.7
MLBL,11/22/2022,358.0,360.0,344.0,350.0,-0.99,18583.0,418.0,330.7
MLBL,11/23/2022,350.0,350.0,340.0,345.0,-1.43,14529.0,418.0,330.7
MLBL,11/24/2022,350.0,350.8,342.0,347.0,0.58,14431.0,418.0,330.7
MLBL,11/27/2022,347.0,358.0,347.0,356.9,2.85,25195.0,418.0,330.7
MLBL,11/28/2022,362.0,362.9,352.0,352.1,-1.34,27084.0,418.0,330.7
MLBL,11/29/2022,350.0,359.0,350.0,355.0,0.82,13283.0,418.0,330.7
MLBL,11/30/2022,362.0,362.0,352.5,356.0,0.28,21948.0,418.0,330.7
MLBL,12/1/2022,354.1,360.0,353.0,357.0,0.28,20490.0,418.0,330.7
MLBL,12/4/2022,356.0,360.0,353.0,355.0,-0.56,28548.0,418.0,330.7
MLBL,12/5/2022,357.0,357.0,345.5,348.0,-1.97,24025.0,418.0,330.7
MLBL,12/6/2022,348.0,350.0,342.2,342.5,-1.58,17316.0,418.0,330.7
MLBL,12/7/2022,345.0,345.4,340.1,341.0,-0.44,18189.0,418.0,330.7
MLBL,12/11/2022,336.2,341.0,335.0,335.0,-1.76,19364.0,418.0,330.7
MLBL,12/12/2022,332.1,347.7,332.0,343.3,2.48,20424.0,418.0,330.7
MLBL,12/13/2022,350.1,350.1,338.1,344.0,0.2,8079.0,418.0,330.7
MLBL,12/14/2022,345.0,347.0,339.0,343.0,-0.29,10748.0,418.0,330.7
MLBL,12/15/2022,336.6,343.0,336.4,336.5,-1.9,16921.0,418.0,330.7
MLBL,12/18/2022,329.8,329.8,309.7,311.9,-7.31,68320.0,418.0,330.7
MLBL,12/19/2022,310.0,314.0,307.2,309.0,-0.93,18955.0,418.0,330.7
MLBL,12/20/2022,311.0,311.0,297.0,302.0,-2.27,58553.0,418.0,330.7
MLBL,12/21/2022,307.0,307.0,298.5,300.0,-0.66,20961.0,418.0,330.7
MLBL,12/22/2022,298.0,301.0,297.0,299.0,-0.33,17629.0,418.0,330.7
MLBL,12/26/2022,304.9,318.0,302.2,318.0,6.35,40776.0,418.0,330.7
MLBL,12/27/2022,324.1,341.0,316.0,332.0,4.4,63063.0,418.0,330.7
MLBL,12/28/2022,327.0,335.6,321.4,326.5,-1.66,25035.0,418.0,330.7
MLBL,12/29/2022,323.1,344.0,321.1,342.5,4.9,79787.0,418.0,330.7
MLBL,1/1/2023,349.3,359.0,340.1,347.0,1.31,99308.0,418.0,330.7
MLBL,1/2/2023,338.6,344.0,327.0,342.0,-1.44,47168.0,418.0,330.7
MLBL,1/3/2023,348.0,348.0,333.0,336.0,-1.75,49349.0,418.0,330.7
MLBL,1/4/2023,337.0,367.0,333.0,367.0,9.23,86181.0,418.0,330.7
MLBL,1/5/2023,374.3,380.0,353.1,361.9,-1.39,106666.0,418.0,330.7
MLBL,1/8/2023,360.0,365.0,353.0,357.0,-1.35,111557.0,418.0,330.7
MLBL,1/9/2023,351.1,366.9,350.1,364.0,1.96,131850.0,418.0,330.7
MLBL,1/10/2023,369.0,388.9,356.1,361.0,-0.82,224759.0,418.0,330.7
MLBL,1/12/2023,368.2,375.5,345.0,350.0,-3.05,82353.0,418.0,330.7
MLBL,1/17/2023,357.0,363.0,345.1,359.0,2.57,66195.0,418.0,330.7
MLBL,1/18/2023,360.3,373.9,351.1,357.0,-0.56,81527.0,418.0,330.7
MLBL,1/19/2023,362.0,365.9,352.5,359.0,0.56,58913.0,418.0,330.7
MLBL,1/23/2023,352.0,365.0,346.1,346.1,-3.59,69031.0,418.0,330.7
MLBL,1/24/2023,347.0,349.0,338.3,345.0,-0.32,45944.0,418.0,330.7
MLBL,1/25/2023,351.8,365.1,349.0,352.0,2.03,116601.0,418.0,330.7
MLBL,1/26/2023,358.0,360.0,352.0,354.0,0.57,28506.0,418.0,330.7
MLBL,1/29/2023,352.0,355.0,347.3,347.5,-1.84,42047.0,418.0,330.7
MLBL,1/30/2023,342.0,348.0,337.0,338.0,-2.73,35021.0,418.0,330.7
MLBL,1/31/2023,338.1,343.7,334.0,338.0,0.0,37953.0,418.0,330.7
MLBL,2/1/2023,343.0,344.5,337.3,340.0,0.59,25524.0,418.0,330.7
MLBL,2/2/2023,346.0,346.0,332.0,333.0,-2.06,38329.0,418.0,330.7
MLBL,2/5/2023,332.0,338.0,326.0,331.9,-0.33,31141.0,418.0,330.7
MLBL,2/6/2023,330.0,334.8,327.1,333.0,0.33,15832.0,418.0,330.7
MLBL,2/7/2023,336.0,351.9,333.6,350.1,5.14,63803.0,418.0,330.7
MLBL,2/8/2023,357.0,362.0,349.1,352.0,0.54,92276.0,418.0,330.7
MLBL,2/9/2023,352.0,355.0,347.3,354.0,0.57,31538.0,418.0,330.7
MLBL,2/12/2023,347.0,347.0,337.0,337.0,-4.8,51157.0,418.0,330.7
MLBL,2/14/2023,335.0,341.0,332.0,332.2,-1.42,11485.0,418.0,330.7
MLBL,2/15/2023,332.2,337.0,330.0,331.0,-0.36,21440.0,418.0,330.7
MLBL,2/16/2023,330.0,334.9,326.1,327.0,-1.21,33967.0,418.0,330.7
MLBL,2/20/2023,328.0,330.0,323.2,326.0,-0.31,22003.0,418.0,330.7
MLBL,2/22/2023,332.5,339.0,328.0,331.0,1.53,23180.0,418.0,330.7
MLBL,2/23/2023,329.0,329.0,322.3,324.0,-2.11,30715.0,418.0,330.7
MLBL,2/26/2023,318.0,330.0,308.0,325.1,0.34,32957.0,418.0,330.7
MLBL,2/27/2023,331.6,334.9,316.1,325.0,-0.03,69915.0,418.0,330.7
MLBL,2/28/2023,320.1,329.9,320.1,322.5,-0.77,22057.0,418.0,330.7
MLBL,3/1/2023,322.0,325.0,316.0,316.0,-2.02,18649.0,418.0,330.7
MLBL,3/2/2023,317.0,320.0,312.0,312.9,-0.98,15795.0,418.0,330.7
MLBL,3/5/2023,312.0,318.0,309.0,312.8,-0.03,26904.0,418.0,330.7
MLBL,3/7/2023,318.0,318.5,312.4,314.9,0.67,25348.0,418.0,330.7
MLBL,3/9/2023,318.9,323.5,315.1,322.9,2.54,39877.0,418.0,330.7
MLBL,3/12/2023,329.0,330.0,315.0,317.1,-1.8,23142.0,418.0,330.7
MLBL,3/13/2023,314.0,319.0,312.8,313.0,-1.29,9295.0,418.0,330.7
MLBL,3/14/2023,313.0,320.0,313.0,315.0,0.64,21701.0,418.0,330.7
MLBL,3/15/2023,315.0,316.0,311.1,311.9,-0.98,17371.0,418.0,330.7
MLBL,3/16/2023,310.1,314.0,310.0,313.0,0.35,13609.0,418.0,330.7
MLBL,3/19/2023,316.0,316.0,310.3,310.3,-0.86,14564.0,418.0,330.7
MLBL,3/20/2023,314.0,317.0,313.0,316.0,1.84,14520.0,418.0,330.7
MLBL,3/22/2023,316.0,320.0,312.0,312.0,-1.27,9875.0,418.0,330.7
MLBL,3/23/2023,313.9,314.0,307.7,310.5,-0.48,9707.0,418.0,330.7
MLBL,3/26/2023,307.0,312.0,306.0,307.7,-0.9,15076.0,418.0,330.7
MLBL,3/27/2023,309.0,315.8,303.0,315.0,2.37,15494.0,418.0,330.7
MLBL,3/28/2023,318.0,320.9,314.0,316.0,0.32,19401.0,418.0,330.7
MLBL,3/29/2023,316.0,316.0,311.0,314.8,-0.38,7855.0,418.0,330.7
MLBL,3/30/2023,319.9,319.9,310.5,310.5,-1.37,7108.0,418.0,330.7
MLBL,4/2/2023,314.0,314.9,305.0,305.0,-1.77,12714.0,418.0,330.7
MLBL,4/3/2023,311.0,311.0,303.5,306.3,0.43,9659.0,418.0,330.7
MLBL,4/4/2023,302.0,309.9,302.0,309.7,1.11,16597.0,418.0,330.7
MLBL,4/5/2023,305.0,311.9,304.0,310.0,0.1,17799.0,418.0,330.7
MLBL,4/6/2023,307.0,310.0,305.0,305.3,-1.52,12401.0,418.0,330.7
MLBL,4/9/2023,300.1,305.0,297.0,300.0,-1.74,23677.0,418.0,330.7
MLBL,4/10/2023,302.0,305.0,299.0,299.3,-0.23,16544.0,418.0,330.7
MLBL,4/11/2023,305.0,311.0,300.0,310.0,3.58,18627.0,418.0,330.7
MLBL,4/12/2023,315.0,330.0,309.0,330.0,6.45,40253.0,418.0,330.7
MLBL,4/13/2023,334.0,335.0,318.5,320.0,-3.03,28990.0,418.0,330.7
MLBL,4/16/2023,319.0,325.0,313.0,319.0,-0.31,12072.0,418.0,330.7
MLBL,4/17/2023,324.9,324.9,310.5,312.0,-2.19,8128.0,418.0,330.7
MLBL,4/18/2023,310.0,313.2,303.0,309.5,-0.8,7176.0,418.0,330.7
MLBL,4/19/2023,315.0,315.0,308.3,312.0,0.81,7308.0,418.0,330.7
MLBL,4/20/2023,305.8,313.0,301.2,303.0,-2.88,38462.0,418.0,330.7
MLBL,4/23/2023,297.2,301.9,296.0,297.4,-1.85,20170.0,418.0,330.7
MLBL,4/24/2023,299.0,300.9,292.1,297.0,-0.13,23492.0,418.0,330.7
MLBL,4/25/2023,302.0,303.9,296.0,303.0,2.02,14144.0,418.0,330.7
MLBL,4/26/2023,302.0,306.9,298.0,300.0,-0.99,15753.0,418.0,330.7
MLBL,4/27/2023,297.1,303.9,297.0,300.0,0.0,12830.0,418.0,330.7
MLBL,4/30/2023,300.0,300.0,294.5,295.0,-1.67,16004.0,418.0,330.7
MLBL,5/2/2023,296.0,298.0,294.2,295.9,0.31,7606.0,418.0,330.7
MLBL,5/3/2023,290.5,299.9,290.5,298.0,0.71,8711.0,418.0,330.7
MLBL,5/4/2023,298.0,303.7,293.0,302.0,1.34,9144.0,418.0,330.7
MLBL,5/7/2023,296.0,300.0,296.0,298.0,-1.32,7818.0,418.0,330.7
MLBL,5/8/2023,295.0,296.0,290.0,296.0,-0.67,13998.0,418.0,330.7
MLBL,5/9/2023,295.0,302.0,294.0,302.0,2.03,14575.0,418.0,330.7
MLBL,5/10/2023,300.1,300.1,296.0,300.0,-0.66,5966.0,418.0,330.7
MLBL,5/11/2023,300.0,300.0,296.0,296.7,-1.1,5776.0,418.0,330.7
MLBL,5/14/2023,297.0,299.0,291.1,294.0,-0.91,4532.0,418.0,330.7
MLBL,5/15/2023,294.0,297.2,289.0,295.0,0.34,5040.0,418.0,330.7
MLBL,5/16/2023,295.0,299.9,291.2,297.0,0.68,2650.0,418.0,330.7
MLBL,5/17/2023,297.0,306.0,293.1,301.0,1.35,35018.0,418.0,330.7
MLBL,5/18/2023,307.0,311.9,301.0,310.0,2.99,19956.0,418.0,330.7
MLBL,5/21/2023,314.0,314.9,303.0,306.0,-1.29,21176.0,418.0,330.7
MLBL,5/22/2023,300.3,308.7,300.0,307.5,0.49,13346.0,418.0,330.7
MLBL,5/23/2023,312.6,315.0,308.1,313.5,1.95,31454.0,418.0,330.7
MLBL,5/24/2023,319.7,319.7,308.0,312.9,-0.19,15021.0,418.0,330.7
MLBL,5/28/2023,315.0,318.0,305.1,305.2,-2.46,27045.0,418.0,330.7
MLBL,5/30/2023,302.9,307.0,295.0,297.9,-2.39,28851.0,418.0,330.7
MLBL,5/31/2023,292.0,299.7,288.8,288.8,-3.05,35361.0,418.0,330.7
MLBL,6/1/2023,294.5,300.0,281.0,291.0,0.76,35033.0,418.0,330.7
MLBL,6/4/2023,295.0,305.0,295.0,304.4,4.6,21524.0,418.0,330.7
MLBL,6/5/2023,308.0,309.0,297.1,297.1,-2.4,19145.0,418.0,330.7
MLBL,6/6/2023,297.0,302.0,295.0,298.0,0.3,15264.0,418.0,330.7
MLBL,6/7/2023,303.0,308.9,298.0,300.0,0.67,13372.0,418.0,330.7
MLBL,6/8/2023,295.5,308.0,295.5,308.0,2.67,46740.0,418.0,330.7
MLBL,6/11/2023,309.9,328.0,306.8,326.0,5.84,103816.0,418.0,330.7
MLBL,6/12/2023,332.0,332.0,319.0,320.0,-1.84,55328.0,418.0,330.7
MLBL,6/13/2023,316.0,330.0,315.6,326.7,2.09,44087.0,418.0,330.7
MLBL,6/14/2023,322.0,335.0,316.0,323.9,-0.86,72568.0,418.0,330.7
MLBL,6/15/2023,323.0,326.0,318.0,323.0,-0.28,29816.0,418.0,330.7
MLBL,6/18/2023,323.0,332.0,321.0,330.0,2.17,55660.0,418.0,330.7
MLBL,6/19/2023,327.0,348.8,326.0,340.0,3.03,89412.0,418.0,330.7
MLBL,6/20/2023,343.0,353.9,330.0,331.0,-2.65,111032.0,418.0,330.7
MLBL,6/21/2023,331.0,337.0,325.3,327.0,-1.21,53853.0,418.0,330.7
MLBL,6/22/2023,322.0,334.9,321.5,325.0,-0.61,34117.0,418.0,330.7
MLBL,6/25/2023,331.5,346.0,326.0,340.0,4.62,97255.0,418.0,330.7
MLBL,6/26/2023,346.0,350.0,338.0,341.8,0.53,72332.0,418.0,330.7
MLBL,6/27/2023,348.0,354.0,341.3,349.5,2.25,98266.0,418.0,330.7
MLBL,6/28/2023,355.0,356.4,338.0,338.0,-3.29,88728.0,418.0,330.7
MLBL,7/2/2023,335.0,341.0,322.1,325.0,-3.85,57843.0,418.0,330.7
MLBL,7/3/2023,325.0,331.5,318.6,320.0,-1.54,55667.0,418.0,330.7
MLBL,7/4/2023,326.4,332.9,317.0,324.0,1.25,20911.0,418.0,330.7
MLBL,7/5/2023,319.1,323.9,317.0,317.0,-2.16,33344.0,418.0,330.7
MLBL,7/6/2023,320.0,322.0,311.7,314.0,-0.95,39975.0,418.0,330.7
MLBL,7/9/2023,320.2,325.0,317.0,324.0,3.18,21021.0,418.0,330.7
MLBL,7/10/2023,330.4,330.4,320.2,322.0,-0.62,36240.0,418.0,330.7
MLBL,7/11/2023,328.0,336.6,320.1,334.0,3.73,74767.0,418.0,330.7
MLBL,7/12/2023,338.0,343.0,330.0,335.0,0.3,47643.0,418.0,330.7
MLBL,7/13/2023,341.6,341.6,328.4,328.4,-1.97,51750.0,418.0,330.7
MLBL,7/16/2023,334.9,334.9,324.0,325.5,-0.88,41162.0,418.0,330.7
MLBL,7/17/2023,330.0,346.0,329.0,345.0,5.99,53465.0,418.0,330.7
MLBL,7/18/2023,350.9,353.6,341.5,343.8,-0.35,112800.0,418.0,330.7
MLBL,7/19/2023,343.0,351.8,341.4,349.0,1.51,109065.0,418.0,330.7
MLBL,7/20/2023,353.0,354.9,348.6,352.5,1.0,105316.0,418.0,330.7
MLBL,7/23/2023,354.9,379.0,350.0,370.5,5.11,185400.0,418.0,330.7
MLBL,7/24/2023,365.0,369.1,355.8,357.0,-3.64,181397.0,418.0,330.7
MLBL,7/25/2023,361.0,361.0,345.0,347.7,-2.61,98410.0,418.0,330.7
MLBL,7/26/2023,349.0,359.9,344.0,350.0,0.66,63756.0,418.0,330.7
MLBL,7/27/2023,355.9,357.0,339.1,340.9,-2.6,57917.0,418.0,330.7
MLBL,7/30/2023,346.0,346.0,331.0,338.0,-0.85,40077.0,418.0,330.7
MLBL,7/31/2023,344.0,344.5,335.2,339.0,0.3,43196.0,418.0,330.7
MLBL,8/1/2023,343.0,344.0,325.0,329.0,-2.95,57763.0,418.0,330.7
MLBL,8/2/2023,325.2,335.0,325.0,334.0,1.52,24414.0,418.0,330.7
MLBL,8/3/2023,336.0,341.0,331.2,333.9,-0.03,29836.0,418.0,330.7
MLBL,8/6/2023,330.1,336.0,320.1,321.0,-3.86,37191.0,418.0,330.7
MLBL,8/7/2023,318.0,327.0,318.0,325.0,1.25,33837.0,418.0,330.7
MLBL,8/8/2023,330.0,330.0,316.0,318.0,-2.15,15830.0,418.0,330.7
MLBL,8/9/2023,317.0,326.0,315.0,326.0,2.52,27141.0,418.0,330.7
MLBL,8/10/2023,323.1,330.0,322.5,324.0,-0.61,20629.0,418.0,330.7
MLBL,8/13/2023,321.0,330.0,320.0,325.0,0.31,26953.0,418.0,330.7
MLBL,8/14/2023,324.0,329.5,324.0,325.0,0.0,21547.0,418.0,330.7
MLBL,8/15/2023,320.9,325.0,316.6,320.0,-1.54,33494.0,418.0,330.7
MLBL,8/16/2023,319.0,324.0,317.0,319.6,-0.12,21951.0,418.0,330.7
MLBL,8/17/2023,322.0,325.8,316.1,322.0,0.75,14403.0,418.0,330.7
MLBL,8/20/2023,317.3,323.0,311.8,317.0,-1.55,30828.0,418.0,330.7
MLBL,8/21/2023,315.0,320.0,310.0,313.0,-1.26,31241.0,418.0,330.7
MLBL,8/22/2023,318.8,318.8,310.6,315.0,0.64,10588.0,418.0,330.7
MLBL,8/23/2023,315.0,324.0,315.0,321.1,1.94,29255.0,418.0,330.7
MLBL,8/24/2023,327.4,327.4,313.2,313.5,-2.37,23097.0,418.0,330.7
MLBL,8/27/2023,317.0,317.0,308.0,310.0,-1.12,22111.0,418.0,330.7
MLBL,8/28/2023,308.6,316.0,308.6,312.0,0.65,6468.0,418.0,330.7
MLBL,8/29/2023,311.0,313.0,310.2,311.5,-0.16,7692.0,418.0,330.7
MLBL,8/30/2023,305.8,314.0,305.8,311.0,-0.16,18180.0,418.0,330.7
MLBL,9/3/2023,306.7,310.0,306.0,307.9,-1.0,13077.0,418.0,330.7
MLBL,9/4/2023,310.0,310.9,300.5,306.9,-0.32,15783.0,418.0,330.7
MLBL,9/5/2023,307.0,309.5,303.8,306.0,-0.29,9378.0,418.0,330.7
MLBL,9/7/2023,305.0,305.0,300.0,300.0,-1.96,19272.0,418.0,330.7
MLBL,9/10/2023,305.0,305.0,302.1,303.0,1.0,17729.0,418.0,330.7
MLBL,9/11/2023,302.0,317.0,302.0,315.0,3.96,25122.0,418.0,330.7
MLBL,9/12/2023,319.0,319.0,304.8,308.0,-2.22,10890.0,418.0,330.7
MLBL,9/13/2023,310.0,320.0,308.0,319.5,3.73,21535.0,418.0,330.7
MLBL,9/17/2023,314.0,315.0,307.8,310.0,-2.97,24557.0,418.0,330.7
MLBL,9/18/2023,310.0,314.0,308.0,312.8,0.9,7169.0,418.0,330.7
MLBL,9/19/2023,312.0,316.0,312.0,314.0,0.38,7679.0,418.0,330.7
MLBL,9/21/2023,320.0,330.0,317.0,328.9,4.75,50228.0,418.0,330.7
MLBL,9/24/2023,331.0,331.0,321.1,322.0,-2.1,19212.0,418.0,330.7
MLBL,9/25/2023,317.0,328.0,317.0,323.8,0.56,16531.0,418.0,330.7
MLBL,9/26/2023,325.0,330.0,325.0,327.0,0.99,14838.0,418.0,330.7
MLBL,9/27/2023,326.9,329.5,319.0,320.0,-2.14,36120.0,418.0,330.7
MLBL,10/1/2023,318.2,320.0,315.2,316.9,-0.97,20212.0,418.0,330.7
MLBL,10/2/2023,313.0,324.9,312.1,322.0,1.61,18487.0,418.0,330.7
MLBL,10/3/2023,321.0,321.5,313.0,316.9,-1.58,6943.0,418.0,330.7
MLBL,10/4/2023,320.0,323.2,317.0,320.0,0.98,26310.0,418.0,330.7
MLBL,10/5/2023,316.0,318.0,314.2,317.0,-0.94,11113.0,418.0,330.7
MLBL,10/8/2023,314.9,315.0,308.0,309.4,-2.4,26165.0,418.0,330.7
MLBL,10/9/2023,308.0,313.9,307.1,308.2,-0.39,13295.0,418.0,330.7
MLBL,10/10/2023,306.0,308.0,300.0,300.1,-2.63,54093.0,418.0,330.7
MLBL,10/11/2023,306.0,306.0,300.0,302.0,0.63,26781.0,418.0,330.7
MLBL,10/12/2023,306.0,306.0,298.0,299.6,-0.79,39411.0,418.0,330.7
MLBL,10/16/2023,299.0,299.5,295.0,296.8,-0.93,23264.0,418.0,330.7
MLBL,10/17/2023,302.0,307.0,298.0,298.1,0.44,14126.0,418.0,330.7
MLBL,10/18/2023,299.8,308.0,298.0,306.5,2.82,15785.0,418.0,330.7
MLBL,10/19/2023,312.0,312.0,302.2,306.0,-0.16,5620.0,418.0,330.7
MLBL,10/29/2023,300.3,303.0,295.0,301.0,-1.63,5699.0,418.0,330.7
MLBL,10/30/2023,295.5,307.0,295.5,305.0,1.33,6284.0,418.0,330.7
MLBL,10/31/2023,300.5,304.0,300.0,304.0,-0.33,5741.0,418.0,330.7
MLBL,11/1/2023,299.0,304.8,296.0,298.0,-1.97,17573.0,418.0,330.7
MLBL,11/2/2023,298.0,300.0,295.0,295.3,-0.91,10027.0,418.0,330.7
MLBL,11/5/2023,293.1,295.0,291.0,292.1,-1.08,13942.0,418.0,330.7
MLBL,11/6/2023,292.3,303.5,292.0,298.8,2.29,12325.0,418.0,330.7
MLBL,11/7/2023,300.0,304.7,294.0,300.0,0.4,8261.0,418.0,330.7
MLBL,11/8/2023,295.0,303.0,295.0,299.0,-0.33,12010.0,418.0,330.7
MLBL,11/9/2023,299.0,299.0,295.0,296.0,-1.0,15971.0,418.0,330.7
MLBL,11/20/2023,301.9,306.9,300.0,306.0,3.38,11627.0,418.0,330.7
MLBL,11/21/2023,301.0,303.0,295.2,299.0,-2.29,6701.0,418.0,330.7
MLBL,11/22/2023,293.3,303.0,293.3,295.0,-1.34,9853.0,418.0,330.7
MLBL,11/23/2023,300.0,305.0,299.0,305.0,3.39,20213.0,418.0,330.7
MLBL,11/26/2023,310.0,311.0,305.7,311.0,1.97,24180.0,418.0,330.7
MLBL,11/27/2023,305.1,317.0,305.1,316.0,1.61,46211.0,418.0,330.7
MLBL,11/28/2023,322.0,322.0,311.5,314.8,-0.38,12809.0,418.0,330.7
MLBL,11/29/2023,315.0,321.0,305.9,308.0,-2.16,18860.0,418.0,330.7
MLBL,11/30/2023,304.0,309.0,302.6,304.8,-1.04,5524.0,418.0,330.7
MLBL,12/3/2023,300.0,305.0,298.0,304.0,-0.26,7294.0,418.0,330.7
MLBL,12/4/2023,306.0,309.7,298.0,300.9,-1.02,22654.0,418.0,330.7
MLBL,12/5/2023,294.9,302.0,294.9,299.0,-0.63,5462.0,418.0,330.7
MLBL,12/6/2023,304.8,304.8,295.0,296.0,-1.0,13159.0,418.0,330.7
MLBL,12/7/2023,294.0,304.9,294.0,298.1,0.71,16567.0,418.0,330.7
MLBL,12/10/2023,304.0,320.0,304.0,316.0,6.0,2428.0,418.0,330.7
MLBL,12/11/2023,322.0,322.0,306.4,315.0,-0.32,80205.0,418.0,330.7
MLBL,12/12/2023,309.0,320.2,309.0,319.0,1.27,38877.0,418.0,330.7
MLBL,12/13/2023,315.0,328.0,315.0,322.0,0.94,71612.0,418.0,330.7
MLBL,12/14/2023,316.1,331.0,316.1,327.0,1.55,78666.0,418.0,330.7
MLBL,12/17/2023,321.9,333.5,321.1,333.4,1.96,50230.0,418.0,330.7
MLBL,12/18/2023,340.0,352.0,334.0,345.0,3.48,172866.0,418.0,330.7
MLBL,12/19/2023,350.0,352.0,336.0,352.0,2.03,84606.0,418.0,330.7
MLBL,12/20/2023,345.0,353.0,340.0,351.0,-0.28,143398.0,418.0,330.7
MLBL,12/21/2023,344.0,347.0,335.0,341.0,-2.85,88332.0,418.0,330.7
MLBL,12/24/2023,335.1,344.0,330.2,330.3,-3.14,76099.0,418.0,330.7
MLBL,12/27/2023,330.0,335.0,327.5,331.0,0.21,52373.0,418.0,330.7
MLBL,12/28/2023,327.0,334.0,326.3,326.3,-1.42,28114.0,418.0,330.7
MLBL,1/1/2024,322.0,333.0,320.2,326.0,-0.09,39396.0,418.0,330.7
MLBL,1/2/2024,322.2,329.9,317.2,320.0,-1.84,40906.0,418.0,330.7
MLBL,1/3/2024,324.0,324.5,319.0,323.9,1.22,24964.0,418.0,330.7
MLBL,1/4/2024,328.6,328.6,317.0,317.0,-2.13,31476.0,418.0,330.7
MLBL,1/7/2024,323.3,323.3,308.3,310.0,-2.21,33819.0,418.0,330.7
MLBL,1/8/2024,316.1,323.0,305.8,321.8,3.81,27987.0,418.0,330.7
MLBL,1/9/2024,324.0,347.8,323.0,337.9,5.0,74061.0,418.0,330.7
MLBL,1/10/2024,344.0,357.0,340.2,350.0,3.58,199756.0,418.0,330.7
MLBL,1/11/2024,348.0,348.0,337.0,342.0,-2.29,42557.0,418.0,330.7
MLBL,1/14/2024,344.0,347.0,338.2,341.0,-0.29,39819.0,418.0,330.7
MLBL,1/16/2024,346.0,358.0,345.0,350.9,2.9,106945.0,418.0,330.7
MLBL,1/17/2024,355.0,367.0,347.5,348.1,-0.8,256625.0,418.0,330.7
MLBL,1/18/2024,345.0,355.0,345.0,348.9,0.23,69494.0,418.0,330.7
MLBL,1/21/2024,343.0,350.0,335.0,335.0,-3.98,96191.0,418.0,330.7
MLBL,1/22/2024,334.0,341.0,328.0,339.1,1.22,64400.0,418.0,330.7
MLBL,1/23/2024,339.0,343.0,335.0,341.8,0.8,39007.0,418.0,330.7
MLBL,1/24/2024,344.9,344.9,331.5,338.0,-1.11,31299.0,418.0,330.7
MLBL,1/25/2024,340.0,340.0,325.0,334.0,-1.18,20378.0,418.0,330.7
MLBL,1/28/2024,336.5,342.0,330.6,337.0,0.9,31100.0,418.0,330.7
MLBL,1/29/2024,331.0,346.8,331.0,338.3,0.39,31531.0,418.0,330.7
MLBL,1/30/2024,343.0,347.1,337.8,340.0,0.5,41838.0,418.0,330.7
MLBL,1/31/2024,346.8,352.0,328.4,329.0,-3.24,47469.0,418.0,330.7
MLBL,2/1/2024,335.5,335.5,325.6,327.0,-0.61,23791.0,418.0,330.7
MLBL,2/4/2024,325.0,329.5,325.0,326.0,-0.31,19060.0,418.0,330.7
MLBL,2/5/2024,332.5,337.0,327.3,336.0,3.07,23871.0,418.0,330.7
MLBL,2/6/2024,339.0,339.6,332.3,338.0,0.6,21641.0,418.0,330.7
MLBL,2/7/2024,340.0,340.0,333.2,334.5,-1.04,19379.0,418.0,330.7
MLBL,2/8/2024,331.0,342.0,330.6,337.2,0.81,23672.0,418.0,330.7
MLBL,2/11/2024,338.0,344.7,336.7,338.0,0.24,36463.0,418.0,330.7
MLBL,2/12/2024,344.7,344.7,337.9,342.0,1.18,16080.0,418.0,330.7
MLBL,2/13/2024,336.1,338.0,331.5,333.0,-2.63,40163.0,418.0,330.7
MLBL,2/14/2024,335.0,356.7,335.0,343.0,3.0,72808.0,418.0,330.7
MLBL,2/15/2024,346.0,347.0,336.1,336.1,-2.01,14397.0,418.0,330.7
MLBL,2/18/2024,332.0,335.0,329.0,330.0,-1.81,21364.0,418.0,330.7
MLBL,2/20/2024,329.0,333.9,327.0,330.6,0.18,20824.0,418.0,330.7
MLBL,2/21/2024,330.6,336.9,326.2,327.0,-1.09,12741.0,418.0,330.7
MLBL,2/22/2024,326.0,330.0,323.0,326.0,-0.31,28975.0,418.0,330.7
MLBL,2/25/2024,321.2,327.6,320.0,320.2,-1.78,21927.0,418.0,330.7
MLBL,2/26/2024,325.0,325.0,318.7,322.0,0.56,12318.0,418.0,330.7
MLBL,2/27/2024,325.0,325.0,320.0,322.9,0.28,15044.0,418.0,330.7
MLBL,2/28/2024,319.0,324.4,318.0,319.0,-1.21,14266.0,418.0,330.7
MLBL,2/29/2024,317.0,317.9,312.1,315.2,-1.19,24992.0,418.0,330.7
MLBL,3/3/2024,311.0,334.9,308.0,314.9,-0.1,11740.0,418.0,330.7
MLBL,3/4/2024,321.1,333.5,321.1,333.5,5.91,80.0,418.0,330.7
MLBL,3/5/2024,335.0,339.0,318.7,319.0,-4.35,30931.0,418.0,330.7
MLBL,3/6/2024,325.2,330.0,317.2,320.0,0.31,22823.0,418.0,330.7
MLBL,3/7/2024,326.4,331.0,320.0,320.2,0.06,8356.0,418.0,330.7
MLBL,3/10/2024,325.8,332.0,325.4,327.0,2.12,27927.0,418.0,330.7
MLBL,3/12/2024,333.5,340.0,329.0,339.9,3.94,23984.0,418.0,330.7
MLBL,3/13/2024,346.6,346.6,335.0,339.0,-0.26,21508.0,418.0,330.7
MLBL,3/14/2024,339.0,339.5,328.4,330.0,-2.65,19790.0,418.0,330.7
MLBL,3/17/2024,333.0,338.9,328.1,333.0,0.91,17204.0,418.0,330.7
MLBL,3/18/2024,330.0,344.0,330.0,339.0,1.8,35922.0,418.0,330.7
MLBL,3/19/2024,339.0,345.0,334.0,337.0,-0.59,22694.0,418.0,330.7
MLBL,3/20/2024,333.0,340.0,331.0,334.0,-0.89,27256.0,418.0,330.7
MLBL,3/21/2024,331.5,340.6,327.4,331.0,-0.9,31975.0,418.0,330.7
MLBL,3/25/2024,331.0,331.0,325.0,325.1,-1.78,13158.0,418.0,330.7
MLBL,3/26/2024,330.0,331.0,325.2,328.0,0.89,8093.0,418.0,330.7
MLBL,3/27/2024,326.0,326.0,317.6,321.8,-1.89,17290.0,418.0,330.7
MLBL,3/28/2024,317.0,327.4,317.0,324.8,0.93,12989.0,418.0,330.7
MLBL,3/31/2024,321.0,324.5,319.0,319.0,-1.79,19045.0,418.0,330.7
MLBL,4/1/2024,319.0,323.0,318.0,323.0,1.25,8532.0,418.0,330.7
MLBL,4/2/2024,318.3,323.0,317.1,320.0,-0.93,26137.0,418.0,330.7
MLBL,4/3/2024,325.0,325.0,315.0,318.0,-0.62,17828.0,418.0,330.7
MLBL,4/4/2024,321.0,322.0,315.2,316.1,-0.6,15063.0,418.0,330.7
MLBL,4/7/2024,316.0,333.0,316.0,333.0,5.35,27549.0,418.0,330.7
MLBL,4/9/2024,337.8,337.8,325.0,330.1,-0.87,59016.0,418.0,330.7
MLBL,4/10/2024,330.0,330.0,322.0,323.9,-1.88,28269.0,418.0,330.7
MLBL,4/14/2024,321.0,325.0,320.1,321.2,-0.83,14609.0,418.0,330.7
MLBL,4/15/2024,321.0,326.4,318.6,318.7,-0.78,17111.0,418.0,330.7
MLBL,4/16/2024,316.3,322.0,316.3,320.0,0.41,18447.0,418.0,330.7
MLBL,4/18/2024,320.0,320.0,314.2,315.0,-1.56,15786.0,418.0,330.7
MLBL,4/21/2024,313.1,319.2,313.0,319.0,1.27,12687.0,418.0,330.7
MLBL,4/22/2024,319.8,320.0,313.1,315.0,-1.25,13789.0,418.0,330.7
MLBL,4/24/2024,315.0,318.0,313.1,314.9,-0.03,7811.0,418.0,330.7
MLBL,4/25/2024,315.0,321.0,312.8,314.5,-0.13,19571.0,418.0,330.7
MLBL,4/28/2024,314.9,324.8,313.0,323.0,2.7,38962.0,418.0,330.7
MLBL,4/29/2024,325.0,327.9,322.0,326.9,1.21,32744.0,418.0,330.7
MLBL,4/30/2024,327.0,350.0,327.0,339.1,3.73,136252.0,418.0,330.7
MLBL,5/2/2024,343.0,348.0,329.0,333.0,-1.8,43378.0,418.0,330.7
MLBL,5/5/2024,330.0,331.0,320.0,323.0,-3.0,52864.0,418.0,330.7
MLBL,5/6/2024,329.0,331.0,317.2,322.1,-0.28,36772.0,418.0,330.7
MLBL,5/7/2024,319.2,338.0,319.2,328.0,1.83,27434.0,418.0,330.7
MLBL,5/8/2024,328.0,329.0,323.0,326.8,-0.37,15004.0,418.0,330.7
MLBL,5/9/2024,332.0,332.0,319.0,326.0,-0.24,39040.0,418.0,330.7
MLBL,5/12/2024,332.5,337.0,326.0,330.3,1.32,32828.0,418.0,330.7
MLBL,5/13/2024,335.0,336.0,328.5,333.0,0.82,33105.0,418.0,330.7
MLBL,5/14/2024,339.0,339.0,331.0,334.1,0.33,40793.0,418.0,330.7
MLBL,5/15/2024,340.0,340.0,328.0,330.0,-1.23,28747.0,418.0,330.7
MLBL,5/16/2024,333.0,333.0,326.0,328.0,-0.61,21541.0,418.0,330.7
MLBL,5/19/2024,334.5,334.5,327.4,330.7,0.82,31223.0,418.0,330.7
MLBL,5/20/2024,335.0,341.0,332.0,334.0,1.0,39361.0,418.0,330.7
MLBL,5/21/2024,330.3,338.0,330.0,335.0,0.3,28519.0,418.0,330.7
MLBL,5/22/2024,335.0,339.0,330.3,332.6,-0.72,34584.0,418.0,330.7
MLBL,5/26/2024,332.0,338.0,329.0,329.0,-1.08,22911.0,418.0,330.7
MLBL,5/27/2024,332.0,335.7,329.1,331.0,0.61,34184.0,418.0,330.7
MLBL,5/29/2024,336.0,337.0,325.0,325.1,-1.78,32634.0,418.0,330.7
MLBL,5/30/2024,325.0,327.7,321.4,323.9,-0.37,28370.0,418.0,330.7
MLBL,6/2/2024,330.0,330.0,321.0,322.2,-0.52,19020.0,418.0,330.7
MLBL,6/3/2024,327.9,328.0,322.2,323.8,0.5,21671.0,418.0,330.7
MLBL,6/4/2024,330.0,330.0,323.0,324.0,0.06,44527.0,418.0,330.7
MLBL,6/5/2024,328.7,328.7,321.1,323.7,-0.09,9293.0,418.0,330.7
MLBL,6/6/2024,323.0,325.0,321.0,322.2,-0.46,28273.0,418.0,330.7
MLBL,6/9/2024,323.1,324.9,320.1,322.5,0.09,22355.0,418.0,330.7
MLBL,6/10/2024,321.0,326.0,320.0,321.0,-0.47,19322.0,418.0,330.7
MLBL,6/11/2024,321.0,327.0,321.0,324.5,1.09,20047.0,418.0,330.7
MLBL,6/12/2024,329.9,330.0,323.4,325.9,0.43,21334.0,418.0,330.7
MLBL,6/13/2024,329.0,339.0,324.0,329.0,0.95,70287.0,418.0,330.7
MLBL,6/16/2024,330.0,336.0,326.1,326.1,-0.88,25799.0,418.0,330.7
MLBL,6/18/2024,331.0,331.0,323.0,323.0,-0.95,15147.0,418.0,330.7
MLBL,6/19/2024,329.0,329.3,321.0,323.7,0.22,15340.0,418.0,330.7
MLBL,6/20/2024,321.1,322.0,318.0,318.6,-1.58,38952.0,418.0,330.7
MLBL,6/23/2024,324.8,324.8,317.2,317.2,-0.44,19492.0,418.0,330.7
MLBL,6/24/2024,322.0,327.9,319.0,326.0,2.77,126801.0,418.0,330.7
MLBL,6/25/2024,329.0,329.9,324.6,324.8,-0.37,34515.0,418.0,330.7
MLBL,6/26/2024,323.0,328.0,320.0,321.8,-0.92,18654.0,418.0,330.7
MLBL,6/27/2024,318.2,324.0,316.7,318.0,-1.18,32221.0,418.0,330.7
MLBL,6/30/2024,311.7,318.1,311.7,315.3,-0.85,18669.0,418.0,330.7
MLBL,7/1/2024,316.2,324.0,316.2,323.0,2.44,56827.0,418.0,330.7
MLBL,7/2/2024,329.4,341.0,323.0,327.0,1.24,81009.0,418.0,330.7
MLBL,7/3/2024,322.0,336.0,321.3,336.0,2.75,137793.0,418.0,330.7
MLBL,7/4/2024,340.0,354.0,335.0,350.0,4.17,492748.0,418.0,330.7
MLBL,7/7/2024,354.9,357.0,346.0,348.9,-0.31,138907.0,418.0,330.7
MLBL,7/8/2024,350.0,350.0,342.2,345.0,-1.12,81427.0,418.0,330.7
MLBL,7/9/2024,349.0,360.0,345.0,357.9,3.74,221445.0,418.0,330.7
MLBL,7/10/2024,360.0,364.0,355.2,358.0,0.03,86067.0,418.0,330.7
MLBL,7/11/2024,364.9,364.9,355.0,357.0,-0.28,87865.0,418.0,330.7
MLBL,7/14/2024,364.1,371.0,357.5,362.8,1.62,116544.0,418.0,330.7
MLBL,7/15/2024,370.0,370.0,350.0,352.0,-2.98,119376.0,418.0,330.7
MLBL,7/16/2024,350.0,375.0,350.0,370.0,5.11,111293.0,418.0,330.7
MLBL,7/17/2024,377.4,384.5,366.1,384.0,3.78,180537.0,418.0,330.7
MLBL,7/18/2024,386.0,399.8,381.0,385.3,0.34,227089.0,418.0,330.7
MLBL,7/21/2024,387.0,392.7,376.0,389.9,1.19,151508.0,418.0,330.7
MLBL,7/22/2024,389.9,392.0,377.3,389.0,-0.23,133922.0,418.0,330.7
MLBL,7/23/2024,386.6,403.9,382.0,398.1,2.34,183818.0,418.0,330.7
MLBL,7/24/2024,390.2,417.0,390.2,400.3,0.55,297488.0,418.0,330.7
MLBL,7/25/2024,397.0,407.5,396.0,402.5,0.55,135904.0,418.0,330.7
MLBL,7/28/2024,410.5,430.0,406.0,427.0,6.09,206498.0,418.0,330.7
MLBL,7/29/2024,435.5,435.5,410.0,413.0,-3.28,197784.0,418.0,330.7
MLBL,7/30/2024,412.0,428.0,403.0,419.8,1.65,176059.0,418.0,330.7
MLBL,7/31/2024,427.9,461.7,418.0,460.0,9.58,466288.0,418.0,330.7
MLBL,8/1/2024,452.8,475.0,452.8,458.0,-0.43,221378.0,418.0,330.7
MLBL,8/5/2024,467.0,467.0,436.0,447.2,-2.36,238541.0,418.0,330.7
MLBL,8/6/2024,447.0,449.8,410.1,413.0,-7.65,247767.0,418.0,330.7
MLBL,8/7/2024,413.0,441.9,410.0,441.0,6.78,209561.0,418.0,330.7
MLBL,8/8/2024,449.5,459.0,435.0,437.0,-0.91,162896.0,418.0,330.7
MLBL,8/11/2024,445.0,453.9,438.0,447.0,2.29,220766.0,418.0,330.7
MLBL,8/12/2024,455.9,477.9,446.2,475.0,6.26,333974.0,418.0,330.7
MLBL,8/13/2024,475.0,483.0,462.1,463.0,-2.53,165238.0,418.0,330.7
MLBL,8/14/2024,464.0,487.0,455.0,482.0,4.1,245179.0,418.0,330.7
MLBL,8/15/2024,486.0,495.2,480.0,480.2,-0.37,266680.0,418.0,330.7
MLBL,8/18/2024,480.0,483.0,455.0,459.0,-4.41,199030.0,418.0,330.7
MLBL,8/21/2024,466.0,475.0,452.1,454.0,-1.09,104029.0,418.0,330.7
MLBL,8/22/2024,462.0,498.0,458.0,485.0,6.83,523775.0,418.0,330.7
MLBL,8/25/2024,490.0,491.6,462.3,465.0,-4.12,212496.0,418.0,330.7
MLBL,8/27/2024,465.0,465.0,436.5,438.0,-5.81,179099.0,418.0,330.7
MLBL,8/28/2024,438.0,453.9,432.1,439.0,0.23,142696.0,418.0,330.7
MLBL,8/29/2024,432.2,444.0,424.0,430.0,-2.05,85447.0,418.0,330.7
MLBL,9/1/2024,430.0,438.0,413.4,417.8,-2.84,88639.0,418.0,330.7
MLBL,9/2/2024,426.0,438.6,415.1,434.0,3.88,131493.0,418.0,330.7
MLBL,9/3/2024,440.0,456.0,426.0,441.0,1.61,160954.0,418.0,330.7
MLBL,9/4/2024,442.0,457.1,427.2,428.0,-2.95,207475.0,418.0,330.7
MLBL,9/5/2024,427.5,434.0,415.0,425.4,-0.61,83697.0,418.0,330.7
MLBL,9/8/2024,426.0,432.0,415.0,415.0,-2.44,73466.0,418.0,330.7
MLBL,9/9/2024,421.5,421.5,405.0,406.0,-2.17,83407.0,418.0,330.7
MLBL,9/10/2024,397.9,417.0,397.9,406.9,0.22,44260.0,418.0,330.7
MLBL,9/11/2024,407.0,413.0,400.3,405.0,-0.47,36731.0,418.0,330.7
MLBL,9/12/2024,396.9,420.0,396.9,419.0,3.46,51838.0,418.0,330.7
MLBL,9/15/2024,427.0,427.3,399.0,402.0,-4.06,95251.0,418.0,330.7
MLBL,9/16/2024,407.0,407.0,390.0,393.0,-2.24,49971.0,418.0,330.7
MLBL,9/18/2024,399.9,412.0,386.2,393.0,0.0,51675.0,418.0,330.7
MLBL,9/22/2024,400.8,410.0,393.0,393.2,0.05,23031.0,418.0,330.7
MLBL,9/23/2024,388.0,397.9,375.1,379.0,-3.61,58589.0,418.0,330.7
MLBL,9/24/2024,380.0,386.5,375.0,375.0,-1.06,38485.0,418.0,330.7
MLBL,9/25/2024,382.5,387.0,368.4,387.0,3.2,47759.0,418.0,330.7
MLBL,9/26/2024,390.0,390.0,375.1,375.1,-3.07,39569.0,418.0,330.7
MLBL,9/29/2024,369.0,387.6,369.0,376.8,0.45,28554.0,418.0,330.7
MLBL,9/30/2024,376.9,387.0,376.9,385.0,2.18,17420.0,418.0,330.7
MLBL,10/1/2024,392.0,413.0,390.0,410.0,6.49,43980.0,418.0,330.7
MLBL,10/2/2024,410.0,413.0,396.9,399.0,-2.68,80782.0,418.0,330.7
MLBL,10/6/2024,404.0,410.0,396.0,410.0,2.76,30200.0,418.0,330.7
MLBL,10/7/2024,416.0,418.2,410.0,412.0,0.49,35228.0,418.0,330.7
MLBL,10/8/2024,415.0,415.0,400.0,404.0,-1.94,28034.0,418.0,330.7
MLBL,10/9/2024,411.0,411.0,402.0,407.6,0.89,12170.0,418.0,330.7
MLBL,10/15/2024,404.0,415.0,404.0,415.0,1.82,9177.0,418.0,330.7
MLBL,10/16/2024,412.0,424.1,411.0,421.9,1.66,24249.0,418.0,330.7
MLBL,10/17/2024,422.0,427.6,415.2,419.0,-0.69,43751.0,418.0,330.7
MLBL,10/20/2024,415.0,417.0,407.0,409.5,-2.27,53345.0,418.0,330.7
MLBL,10/21/2024,409.0,410.0,400.0,400.0,-2.32,55584.0,418.0,330.7
MLBL,10/22/2024,404.0,407.0,400.0,404.9,1.22,18445.0,418.0,330.7
MLBL,10/23/2024,400.2,405.0,397.1,398.0,-1.7,23981.0,418.0,330.7
MLBL,10/24/2024,398.0,398.0,392.1,397.7,-0.08,19590.0,418.0,330.7
MLBL,10/27/2024,400.0,402.0,392.1,392.5,-1.31,21213.0,418.0,330.7
MLBL,10/28/2024,399.5,400.0,394.0,398.0,1.4,35472.0,418.0,330.7
MLBL,10/29/2024,399.0,406.0,399.0,405.8,1.96,36242.0,418.0,330.7
MLBL,10/30/2024,403.0,409.0,395.1,397.0,-2.17,31943.0,418.0,330.7
MLBL,11/5/2024,394.0,401.0,394.0,397.5,0.13,20371.0,418.0,330.7
MLBL,11/6/2024,400.0,408.9,395.4,403.2,1.43,21090.0,418.0,330.7
MLBL,11/10/2024,404.0,415.5,400.6,415.5,3.05,70814.0,418.0,330.7
MLBL,11/11/2024,422.9,428.0,412.6,415.0,-0.12,69667.0,418.0,330.7
MLBL,11/12/2024,420.0,420.8,413.0,416.8,0.43,58859.0,418.0,330.7
MLBL,11/13/2024,413.0,424.3,412.0,422.0,1.25,40448.0,418.0,330.7
MLBL,11/14/2024,422.0,432.0,420.0,425.0,0.71,86086.0,418.0,330.7
MLBL,11/17/2024,433.0,438.0,423.1,429.0,0.94,67830.0,418.0,330.7
MLBL,11/19/2024,425.1,427.0,413.0,413.0,-3.73,60731.0,418.0,330.7
MLBL,11/20/2024,411.0,429.9,410.1,426.9,3.37,87734.0,418.0,330.7
MLBL,11/21/2024,427.0,434.0,415.0,417.5,-2.2,82844.0,418.0,330.7
MLBL,11/24/2024,418.0,423.0,408.0,410.0,-1.8,40794.0,418.0,330.7
MLBL,11/25/2024,408.1,416.0,407.2,412.0,0.49,28261.0,418.0,330.7
MLBL,11/26/2024,420.2,420.2,413.0,416.0,0.97,35943.0,418.0,330.7
MLBL,11/27/2024,418.0,430.0,414.0,426.0,2.4,68958.0,418.0,330.7
MLBL,11/28/2024,417.5,447.0,417.5,429.8,0.89,230299.0,418.0,330.7
MLBL,12/1/2024,422.0,447.0,416.0,445.9,3.75,226995.0,418.0,330.7
MLBL,12/2/2024,450.0,460.0,432.0,434.0,-2.67,208230.0,418.0,330.7
MLBL,12/3/2024,442.4,442.6,425.5,434.6,0.14,52538.0,418.0,330.7
MLBL,12/4/2024,443.2,443.2,422.0,423.0,-2.67,75877.0,418.0,330.7
MLBL,12/5/2024,420.1,428.0,416.2,425.0,0.47,119589.0,418.0,330.7
MLBL,12/8/2024,417.3,429.9,410.0,415.0,-2.35,67822.0,418.0,330.7
MLBL,12/9/2024,417.0,418.0,410.0,411.9,-0.75,38120.0,418.0,330.7
MLBL,12/10/2024,418.0,418.0,405.0,410.0,-0.46,28382.0,418.0,330.7
MLBL,12/11/2024,405.2,414.8,405.2,414.8,1.17,19201.0,418.0,330.7
MLBL,12/12/2024,415.0,415.0,403.1,405.0,-2.36,40078.0,418.0,330.7
MLBL,12/16/2024,407.0,407.0,391.5,394.0,-2.72,48371.0,418.0,330.7
MLBL,12/17/2024,388.1,400.0,388.1,395.0,0.25,21264.0,418.0,330.7
MLBL,12/18/2024,397.0,402.0,390.2,394.9,-0.03,42086.0,418.0,330.7
MLBL,12/19/2024,396.0,396.8,384.1,390.0,-1.24,46747.0,418.0,330.7
MLBL,12/22/2024,386.0,396.0,380.5,384.0,-1.54,35279.0,418.0,330.7
MLBL,12/23/2024,386.0,393.0,382.6,393.0,2.34,17687.0,418.0,330.7
MLBL,12/24/2024,393.0,402.0,388.4,391.4,-0.41,41290.0,418.0,330.7
MLBL,12/26/2024,385.2,394.0,384.0,389.2,-0.56,24142.0,418.0,330.7
MLBL,12/29/2024,396.0,399.0,387.0,389.0,-0.05,55303.0,418.0,330.7
MLBL,12/31/2024,371.1,372.9,358.7,362.0,-6.94,44801.0,418.0,330.7
MLBL,1/1/2025,367.0,370.0,360.1,364.9,0.8,33723.0,418.0,330.7
MLBL,1/2/2025,365.0,372.1,361.3,369.0,1.12,26738.0,418.0,330.7
MLBL,1/5/2025,368.5,372.8,367.1,367.3,-0.46,20595.0,418.0,330.7
MLBL,1/6/2025,365.0,378.0,364.0,376.0,2.37,28419.0,418.0,330.7
MLBL,1/7/2025,376.0,381.7,372.2,376.0,0.0,27740.0,418.0,330.7
MLBL,1/8/2025,379.9,392.0,374.0,388.0,3.19,56114.0,418.0,330.7
MLBL,1/9/2025,393.0,393.0,380.0,380.0,-2.06,39381.0,418.0,330.7
MLBL,1/12/2025,376.5,379.1,369.5,369.5,-2.76,53481.0,418.0,330.7
MLBL,1/13/2025,374.0,374.9,365.0,367.0,-0.68,48325.0,418.0,330.7
MLBL,1/15/2025,374.3,374.3,368.2,369.0,0.54,15896.0,418.0,330.7
MLBL,1/16/2025,370.1,374.5,363.6,365.0,-1.08,27984.0,418.0,330.7
MLBL,1/19/2025,365.0,370.0,362.1,368.0,0.82,32425.0,418.0,330.7
MLBL,1/20/2025,373.1,373.1,364.4,365.5,-0.68,20208.0,418.0,330.7
MLBL,1/21/2025,365.0,371.0,364.0,369.7,1.15,43602.0,418.0,330.7
MLBL,1/22/2025,365.2,378.8,365.2,377.0,1.97,44890.0,418.0,330.7
MLBL,1/23/2025,382.0,382.0,368.0,368.2,-2.33,24649.0,418.0,330.7
MLBL,1/26/2025,368.0,371.0,366.1,368.5,0.08,43872.0,418.0,330.7
MLBL,1/27/2025,366.0,389.9,366.0,385.0,4.48,104771.0,418.0,330.7
MLBL,1/28/2025,386.9,409.0,386.5,402.0,4.42,161943.0,418.0,330.7
MLBL,2/2/2025,410.0,420.3,403.0,417.8,3.93,99231.0,418.0,330.7
MLBL,2/3/2025,417.8,443.0,409.0,416.9,-0.22,135576.0,418.0,330.7
MLBL,2/4/2025,416.0,421.0,407.0,409.0,-1.89,68048.0,418.0,330.7
MLBL,2/5/2025,409.0,415.0,403.0,412.0,0.73,31236.0,418.0,330.7
MLBL,2/6/2025,420.0,420.0,402.4,402.7,-2.26,73695.0,418.0,330.7
MLBL,2/9/2025,407.0,409.0,397.0,398.0,-1.17,41688.0,418.0,330.7
MLBL,2/10/2025,398.0,407.0,389.0,391.0,-1.76,53360.0,418.0,330.7
MLBL,2/11/2025,390.1,412.9,390.0,412.9,5.6,69676.0,418.0,330.7
MLBL,2/12/2025,415.0,423.3,407.2,411.1,-0.44,118343.0,418.0,330.7
MLBL,2/13/2025,415.0,415.0,405.0,405.0,-1.48,35728.0,418.0,330.7
MLBL,2/16/2025,405.0,413.1,403.0,413.0,1.98,59294.0,418.0,330.7
MLBL,2/17/2025,415.0,420.5,407.2,419.0,1.45,99556.0,418.0,330.7
MLBL,2/18/2025,421.0,421.0,405.1,407.0,-2.86,71114.0,418.0,330.7
MLBL,2/20/2025,407.0,409.7,401.1,401.1,-1.45,54995.0,418.0,330.7
MLBL,2/23/2025,393.1,403.0,390.1,391.0,-2.52,107553.0,418.0,330.7
MLBL,2/24/2025,387.0,406.0,387.0,392.1,0.28,47283.0,418.0,330.7
MLBL,2/25/2025,399.7,399.7,392.0,392.9,0.2,31635.0,418.0,330.7
MLBL,2/27/2025,398.0,402.0,395.0,400.0,1.81,57939.0,418.0,330.7
MLBL,3/2/2025,403.0,415.0,399.0,412.0,3.0,90859.0,418.0,330.7
MLBL,3/3/2025,412.0,416.0,403.0,403.6,-2.04,44732.0,418.0,330.7
MLBL,3/4/2025,403.6,411.0,401.1,404.0,0.1,79949.0,418.0,330.7
MLBL,3/5/2025,407.8,407.9,392.0,397.8,-1.53,191274.0,418.0,330.7
MLBL,3/6/2025,404.0,434.0,398.0,429.0,7.84,492632.0,418.0,330.7
MLBL,3/9/2025,429.0,435.0,415.0,422.0,-1.63,257645.0,418.0,330.7
MLBL,3/10/2025,422.0,428.8,405.2,405.9,-3.82,281330.0,418.0,330.7
MLBL,3/11/2025,414.0,446.4,409.0,446.4,9.98,991444.0,418.0,330.7
MLBL,3/12/2025,455.3,488.0,455.3,467.9,4.82,817090.0,418.0,330.7
MLBL,3/16/2025,458.6,465.0,435.2,444.0,-5.11,829355.0,418.0,330.7
MLBL,3/17/2025,436.1,440.0,417.0,420.0,-5.41,524637.0,418.0,330.7
MLBL,3/18/2025,428.4,428.4,416.0,416.6,-0.81,93125.0,418.0,330.7
MLBL,3/19/2025,408.3,431.7,408.3,418.0,0.34,287403.0,418.0,330.7
MLBL,3/20/2025,418.0,422.0,409.2,410.39,-1.82,225151.0,418.0,330.7
MLBL,3/23/2025,411.0,411.0,396.3,398.16,-2.98,299984.0,418.0,330.7
MLBL,3/24/2025,391.0,405.0,391.0,400.81,0.67,115424.0,418.0,330.7
MLBL,3/25/2025,398.0,399.0,385.0,386.05,-3.68,176737.0,418.0,330.7
MLBL,3/26/2025,388.0,403.5,383.0,396.91,2.81,78912.0,418.0,330.7
MLBL,3/27/2025,391.5,408.0,391.5,405.76,2.23,206869.0,418.0,330.7
MLBL,3/30/2025,401.3,415.0,400.0,405.28,-0.12,137611.0,418.0,330.7
MLBL,4/1/2025,405.0,408.0,395.0,396.97,-2.05,95440.0,418.0,330.7
MLBL,4/2/2025,397.0,402.1,392.2,396.34,-0.16,61569.0,418.0,330.7
MLBL,4/3/2025,388.5,405.0,388.5,395.43,-0.23,94468.0,418.0,330.7
MLBL,4/7/2025,396.0,399.0,389.0,390.16,-1.33,76857.0,418.0,330.7
MLBL,4/8/2025,393.0,393.0,384.2,390.05,-0.03,86945.0,418.0,330.7
MLBL,4/9/2025,391.0,395.0,388.1,389.68,-0.09,67285.0,418.0,330.7
MLBL,4/10/2025,390.0,392.0,385.2,386.89,-0.72,71834.0,418.0,330.7
MLBL,4/13/2025,385.5,393.0,384.8,388.59,0.44,71820.0,418.0,330.7
MLBL,4/15/2025,396.0,402.0,384.1,395.61,1.81,131387.0,418.0,330.7
MLBL,4/16/2025,403.0,403.0,390.0,394.99,-0.16,58933.0,418.0,330.7
MLBL,4/17/2025,401.0,403.0,394.2,399.54,1.15,117791.0,418.0,330.7
MLBL,4/20/2025,407.5,407.5,388.1,390.34,-2.3,77769.0,418.0,330.7
MLBL,4/21/2025,390.0,392.7,387.0,389.45,-0.23,73060.0,418.0,330.7
MLBL,4/22/2025,387.1,390.0,385.0,386.22,-0.83,58266.0,418.0,330.7
MLBL,4/23/2025,388.9,388.9,380.0,380.16,-1.57,82251.0,418.0,330.7
MLBL,4/24/2025,372.6,384.9,372.6,381.42,0.33,49666.0,418.0,330.7
MLBL,4/27/2025,378.1,386.0,376.5,378.36,-0.8,88358.0,418.0,330.7
MLBL,4/28/2025,377.0,381.8,375.0,375.75,-0.69,77777.0,418.0,330.7
MLBL,4/29/2025,379.8,380.0,369.2,369.86,-1.57,82289.0,418.0,330.7
MLBL,4/30/2025,375.0,375.0,368.0,369.06,-0.22,52643.0,418.0,330.7
MLBL,5/4/2025,374.0,375.0,367.0,370.12,0.29,68498.0,418.0,330.7
MLBL,5/5/2025,370.0,372.9,365.0,365.28,-1.31,34368.0,418.0,330.7
MLBL,5/6/2025,368.0,371.0,358.0,363.27,-0.55,131672.0,418.0,330.7
MLBL,5/7/2025,368.0,379.5,361.0,377.32,3.87,78212.0,418.0,330.7
MLBL,5/8/2025,380.1,382.5,373.3,378.68,0.36,60301.0,418.0,330.7
MLBL,5/11/2025,380.0,391.5,375.0,387.01,2.2,125519.0,418.0,330.7
MLBL,5/13/2025,391.0,406.0,387.1,395.26,2.13,274403.0,418.0,330.7
MLBL,5/14/2025,398.8,413.0,392.9,409.57,3.62,289119.0,418.0,330.7
MLBL,5/15/2025,403.0,412.0,392.1,397.06,-3.05,153935.0,418.0,330.7
MLBL,5/18/2025,393.2,400.0,382.2,384.18,-3.24,115285.0,418.0,330.7
MLBL,5/19/2025,385.0,393.0,384.0,389.55,1.4,84114.0,418.0,330.7
MLBL,5/20/2025,390.0,400.0,384.5,396.96,1.9,85393.0,418.0,330.7
MLBL,5/21/2025,404.8,411.0,396.0,396.8,-0.04,174929.0,418.0,330.7
MLBL,5/22/2025,400.0,407.0,398.0,400.0,0.81,124010.0,418.0,330.7
MLBL,5/25/2025,407.9,408.0,390.0,394.66,-1.33,60080.0,418.0,330.7
MLBL,5/26/2025,398.0,405.9,390.0,391.61,-0.77,95552.0,418.0,330.7
MLBL,5/27/2025,385.3,396.4,385.3,390.24,-0.35,88333.0,418.0,330.7
MLBL,5/28/2025,392.0,395.6,390.0,393.8,0.91,125829.0,418.0,330.7
MLBL,6/2/2025,398.0,401.6,392.1,392.59,-0.31,82913.0,418.0,330.7
MLBL,6/3/2025,393.0,394.0,386.1,386.47,-1.56,63169.0,418.0,330.7
MLBL,6/4/2025,388.0,390.0,382.2,385.39,-0.28,47099.0,418.0,330.7
MLBL,6/5/2025,388.0,391.5,382.1,382.55,-0.74,46563.0,418.0,330.7
MLBL,6/8/2025,382.1,386.0,381.2,382.49,-0.02,33231.0,418.0,330.7
MLBL,6/9/2025,384.0,395.0,383.9,391.37,2.32,118406.0,418.0,330.7
MLBL,6/10/2025,397.5,397.5,388.0,391.12,-0.06,46913.0,418.0,330.7
MLBL,6/11/2025,395.0,395.0,386.2,390.31,-0.21,49259.0,418.0,330.7
MLBL,6/12/2025,390.0,393.0,386.1,389.01,-0.33,127591.0,418.0,330.7
MLBL,6/15/2025,394.0,394.0,386.0,386.34,-0.69,43539.0,418.0,330.7
MLBL,6/16/2025,388.0,394.0,386.0,387.38,0.27,103412.0,418.0,330.7
MLBL,6/17/2025,387.0,390.0,384.0,385.74,-0.42,49632.0,418.0,330.7
MLBL,6/18/2025,388.0,390.4,384.1,387.21,0.38,46235.0,418.0,330.7
MLBL,6/19/2025,385.1,389.0,383.0,383.25,-1.02,46947.0,418.0,330.7
MLBL,6/22/2025,378.5,387.0,376.0,377.94,-1.39,45922.0,418.0,330.7
MLBL,6/23/2025,380.5,380.5,374.5,374.88,-0.81,32374.0,418.0,330.7
MLBL,6/24/2025,374.0,380.0,372.4,372.85,-0.54,39791.0,418.0,330.7
MLBL,6/25/2025,373.0,377.8,372.0,372.96,0.03,28495.0,418.0,330.7
MLBL,6/26/2025,377.7,379.9,373.0,373.82,0.23,23812.0,418.0,330.7
MLBL,6/29/2025,372.1,379.0,372.0,378.47,1.24,26398.0,418.0,330.7
MLBL,6/30/2025,386.0,386.0,376.0,381.73,0.86,27304.0,418.0,330.7
MLBL,7/1/2025,389.0,389.0,377.5,387.32,1.46,39946.0,418.0,330.7
MLBL,7/2/2025,389.5,395.5,383.2,393.28,1.54,89045.0,418.0,330.7
MLBL,7/3/2025,400.0,405.0,392.2,398.56,1.34,127351.0,418.0,330.7
MLBL,7/6/2025,402.0,402.0,390.0,390.74,-1.96,38741.0,418.0,330.7
MLBL,7/7/2025,393.8,393.8,378.5,383.4,-1.88,69391.0,418.0,330.7
MLBL,7/8/2025,391.0,391.0,378.4,380.31,-0.81,34442.0,418.0,330.7
MLBL,7/9/2025,382.0,387.8,382.0,385.67,1.41,53202.0,418.0,330.7
MLBL,7/10/2025,389.0,397.0,383.1,393.11,1.93,54547.0,418.0,330.7
MLBL,7/13/2025,400.9,408.0,397.0,399.33,1.58,154621.0,418.0,330.7
MLBL,7/14/2025,400.0,400.0,390.6,391.35,-2.0,72062.0,418.0,330.7
MLBL,7/15/2025,395.8,399.9,390.0,397.07,1.46,35055.0,418.0,330.7
MLBL,7/16/2025,403.0,419.0,400.0,411.67,3.68,284936.0,418.0,330.7
MLBL,7/17/2025,417.3,429.3,415.5,422.49,2.63,235903.0,418.0,330.7
MLBL,7/20/2025,425.0,440.0,415.6,421.05,-0.34,212364.0,418.0,330.7
MLBL,7/21/2025,417.0,439.0,413.5,430.17,2.17,358424.0,418.0,330.7
MLBL,7/22/2025,435.0,444.5,430.0,438.83,2.01,330915.0,418.0,330.7
MLBL,7/23/2025,447.6,447.6,425.5,434.1,-1.08,172435.0,418.0,330.7
MLBL,7/24/2025,442.0,442.0,423.4,434.28,0.04,202731.0,418.0,330.7
MLBL,7/27/2025,436.0,452.8,435.0,441.03,1.55,380671.0,418.0,330.7
MLBL,7/28/2025,443.0,462.0,437.1,459.47,4.18,623912.0,418.0,330.7
MLBL,7/29/2025,465.0,468.6,450.0,452.66,-1.48,206098.0,418.0,330.7
MLBL,7/30/2025,443.7,460.0,435.0,436.31,-3.61,185892.0,418.0,330.7
MLBL,7/31/2025,440.0,440.0,425.0,427.89,-1.93,179598.0,418.0,330.7
MLBL,8/3/2025,428.5,430.0,417.1,418.23,-2.26,126326.0,418.0,330.7
MLBL,8/4/2025,424.0,432.0,412.7,422.86,1.11,119798.0,418.0,330.7
MLBL,8/5/2025,424.0,426.0,408.8,409.86,-3.07,101681.0,418.0,330.7
MLBL,8/6/2025,409.0,414.5,407.3,409.53,-0.08,84930.0,418.0,330.7
MLBL,8/7/2025,415.0,415.0,411.0,413.46,0.96,53606.0,418.0,330.7
MLBL,8/11/2025,407.2,413.0,401.0,402.21,-2.72,126170.0,418.0,330.7
MLBL,8/12/2025,400.0,407.2,396.4,398.25,-0.98,50484.0,418.0,330.7
MLBL,8/13/2025,395.6,404.9,395.6,398.73,0.12,53361.0,418.0,330.7
MLBL,8/14/2025,403.0,403.0,395.8,398.96,0.06,49939.0,418.0,330.7
MLBL,8/17/2025,400.0,406.0,393.0,396.42,-0.64,59149.0,418.0,330.7
MLBL,8/18/2025,401.0,402.5,395.0,398.6,0.55,58806.0,418.0,330.7
MLBL,8/19/2025,397.0,404.0,396.6,399.57,0.24,61644.0,418.0,330.7
MLBL,8/20/2025,396.0,403.0,396.0,397.4,-0.54,42785.0,418.0,330.7
MLBL,8/21/2025,400.0,400.0,394.0,394.57,-0.71,42715.0,418.0,330.7
MLBL,8/24/2025,393.5,397.9,388.1,388.62,-1.51,43098.0,418.0,330.7
MLBL,8/25/2025,390.0,394.7,387.2,393.38,1.22,31040.0,418.0,330.7
MLBL,8/26/2025,396.0,399.9,391.0,391.96,-0.36,27247.0,418.0,330.7
MLBL,8/27/2025,391.0,410.1,391.0,409.21,4.4,85902.0,418.0,330.7
MLBL,8/28/2025,409.0,411.9,397.0,397.7,-2.81,103163.0,418.0,330.7
MLBL,8/31/2025,400.9,400.9,391.2,393.46,-1.07,47851.0,418.0,330.7
MLBL,9/1/2025,390.0,397.0,390.0,393.96,0.13,35168.0,418.0,330.7
MLBL,9/2/2025,393.96,396.0,390.0,391.38,-0.65,35128.0,418.0,330.7
MLBL,9/3/2025,399.2,399.2,388.3,389.5,-0.48,45309.0,418.0,330.7
MLBL,9/4/2025,387.2,393.0,386.0,389.7,0.05,38423.0,418.0,330.7
MLBL,9/7/2025,390.0,396.8,388.1,390.44,0.19,32622.0,418.0,330.7
MLBL,9/8/2025,392.5,392.5,383.0,384.24,-1.59,40854.0,418.0,330.7
MLBL,9/18/2025,376.6,376.6,351.1,356.0,-7.35,12211.0,418.0,330.7
MLBL,9/21/2025,348.9,383.8,348.9,382.6,7.47,67152.0,418.0,330.7
MLBL,9/23/2025,390.0,393.9,383.1,390.0,1.93,64170.0,418.0,330.7
MLBL,9/24/2025,390.0,394.0,383.1,383.2,-1.74,33268.0,418.0,330.7
MLBL,9/25/2025,383.2,388.0,381.0,385.0,0.47,31679.0,418.0,330.7
MLBL,9/28/2025,388.9,392.7,385.0,392.7,2.0,16777.0,418.0,330.7
MLBL,10/7/2025,391.9,394.0,380.3,389.8,-0.74,39988.0,418.0,330.7
MLBL,10/8/2025,385.0,389.0,375.0,379.9,-2.54,28830.0,418.0,330.7
MLBL,10/9/2025,387.4,401.0,378.6,383.0,0.82,66663.0,418.0,330.7
MLBL,10/12/2025,379.0,387.9,362.6,369.5,-3.52,39110.0,418.0,330.7
MLBL,10/13/2025,367.1,375.0,366.2,374.0,1.22,20194.0,418.0,330.7
MLBL,10/14/2025,368.1,377.0,362.0,368.0,-1.6,30571.0,418.0,330.7
MLBL,10/15/2025,364.0,370.0,364.0,366.0,-0.54,15407.0,418.0,330.7
MLBL,10/16/2025,373.0,373.3,359.0,363.9,-0.57,31713.0,418.0,330.7
MLBL,10/19/2025,371.0,373.0,364.0,373.0,2.5,7334.0,418.0,330.7
MLBL,10/26/2025,365.6,376.0,361.1,372.0,-0.27,9534.0,418.0,330.7
MLBL,10/28/2025,375.0,385.0,372.4,383.6,3.12,34244.0,418.0,330.7
MLBL,10/29/2025,389.0,389.0,376.2,376.2,-1.93,31150.0,418.0,330.7
MLBL,10/30/2025,374.0,385.0,373.0,380.0,1.01,41031.0,418.0,330.7
MLBL,11/2/2025,386.0,391.0,380.0,386.4,1.68,53238.0,418.0,330.7
MLBL,11/3/2025,393.8,399.0,388.2,391.5,1.32,111138.0,418.0,330.7
MLBL,11/4/2025,390.0,398.0,387.0,387.0,-1.15,46702.0,418.0,330.7
MLBL,11/5/2025,389.0,392.0,384.0,388.0,0.26,34835.0,418.0,330.7
MLBL,11/6/2025,387.0,392.0,383.5,384.7,-0.85,25138.0,418.0,330.7
MLBL,11/9/2025,380.1,382.9,376.5,379.9,-1.25,36893.0,418.0,330.7
MLBL,11/10/2025,381.9,381.9,374.0,378.0,-0.5,15942.0,418.0,330.7
MLBL,11/11/2025,377.1,380.5,373.1,375.0,-0.79,16817.0,418.0,330.7
MLBL,11/12/2025,378.0,382.0,375.0,380.0,1.33,16649.0,418.0,330.7
MLBL,11/13/2025,373.6,381.2,373.6,379.0,-0.26,18619.0,418.0,330.7
MLBL,11/16/2025,376.0,381.9,376.0,378.0,-0.26,14237.0,418.0,330.7
MLBL,11/17/2025,374.0,380.8,374.0,378.0,0.0,10938.0,418.0,330.7
MLBL,11/18/2025,381.0,385.5,380.4,383.9,1.56,30486.0,418.0,330.7
MLBL,11/19/2025,386.9,386.9,380.2,380.6,-0.86,9174.0,418.0,330.7
MLBL,11/20/2025,380.9,380.9,377.0,377.0,-0.95,15561.0,418.0,330.7
MLBL,11/23/2025,380.0,386.0,380.0,384.8,2.07,60162.0,418.0,330.7
MLBL,11/24/2025,383.0,389.7,382.3,388.0,0.83,94189.0,418.0,330.7
MLBL,11/25/2025,387.0,390.0,385.0,389.8,0.46,48076.0,418.0,330.7
MLBL,11/26/2025,387.0,392.6,387.0,388.8,-0.26,39658.0,418.0,330.7
MLBL,11/27/2025,391.9,392.7,386.1,387.1,-0.44,22342.0,418.0,330.7
MLBL,11/30/2025,389.0,391.0,382.5,385.9,-0.31,48403.0,418.0,330.7
MLBL,12/1/2025,387.2,387.4,384.0,385.8,-0.03,23630.0,418.0,330.7
MLBL,12/2/2025,387.9,387.9,382.9,383.9,-0.49,18637.0,418.0,330.7
MLBL,12/3/2025,386.0,386.0,382.0,382.0,-0.49,37298.0,418.0,330.7
MLBL,12/7/2025,380.4,385.7,379.0,380.0,-0.52,27198.0,418.0,330.7
MLBL,12/8/2025,379.2,380.0,377.2,378.3,-0.45,22939.0,418.0,330.7
MLBL,12/9/2025,379.0,380.0,378.2,379.3,0.26,15621.0,418.0,330.7
MLBL,12/10/2025,379.5,380.1,378.0,379.9,0.16,12218.0,418.0,330.7
MLBL,12/11/2025,379.9,382.0,377.0,377.6,-0.61,28087.0,418.0,330.7
MLBL,12/14/2025,376.2,381.6,376.2,378.4,0.21,15208.0,418.0,330.7
MLBL,12/15/2025,376.1,380.0,376.0,380.0,0.42,20640.0,418.0,330.7
MLBL,12/16/2025,381.0,385.0,379.5,384.9,1.29,44049.0,418.0,330.7
MLBL,12/17/2025,392.5,392.5,384.0,386.4,0.39,24916.0,418.0,330.7
MLBL,12/18/2025,387.6,388.0,383.4,384.2,-0.57,16446.0,418.0,330.7
MLBL,12/21/2025,380.0,387.0,380.0,384.0,-0.05,68663.0,418.0,330.7
MLBL,12/22/2025,359.0,361.0,355.2,359.0,-6.51,22661.0,418.0,330.7
MLBL,12/23/2025,359.0,359.0,352.1,355.0,-1.11,13487.0,418.0,330.7
MLBL,12/24/2025,359.0,359.0,351.8,354.5,-0.14,33102.0,418.0,330.7
MLBL,12/28/2025,356.5,364.0,356.1,363.4,2.51,30870.0,418.0,330.7
MLBL,12/29/2025,364.9,367.0,358.0,367.0,0.99,35050.0,418.0,330.7
MLBL,12/31/2025,365.0,369.0,363.1,365.5,-0.41,28064.0,418.0,330.7
MLBL,1/1/2026,368.9,368.9,359.0,359.0,-1.78,15786.0,418.0,330.7
MLBL,1/4/2026,359.0,361.0,355.7,358.0,-0.28,18850.0,418.0,330.7
MLBL,1/5/2026,355.3,367.0,355.0,366.0,2.23,42765.0,418.0,330.7
MLBL,1/6/2026,369.7,373.3,367.5,370.0,1.09,43907.0,418.0,330.7
MLBL,1/7/2026,369.4,372.0,366.0,367.0,-0.81,28675.0,418.0,330.7
MLBL,1/8/2026,365.9,369.0,363.0,367.0,0.0,26062.0,418.0,330.7
MLBL,1/12/2026,370.9,371.0,362.0,362.0,-1.36,22767.0,418.0,330.7
MLBL,1/13/2026,361.2,370.0,361.2,367.9,1.63,27979.0,418.0,330.7
MLBL,1/14/2026,371.0,371.0,363.4,366.5,-0.38,49560.0,418.0,330.7
MLBL,1/18/2026,370.0,380.0,368.3,378.0,3.14,64444.0,418.0,330.7
MLBL,1/20/2026,380.1,390.0,380.0,384.7,1.77,109086.0,418.0,330.7
MLBL,1/21/2026,384.0,389.0,377.2,381.9,-0.73,37064.0,418.0,330.7
MLBL,1/22/2026,380.0,382.8,377.0,382.8,0.24,44090.0,418.0,330.7
MLBL,1/25/2026,385.0,393.1,385.0,392.0,2.4,77119.0,418.0,330.7
MLBL,1/26/2026,395.0,396.9,382.0,382.0,-2.55,76227.0,418.0,330.7
MLBL,1/27/2026,378.1,387.9,371.0,375.9,-1.6,85489.0,418.0,330.7
MLBL,1/28/2026,372.0,380.0,371.2,377.0,0.29,26284.0,418.0,330.7
MLBL,1/29/2026,372.0,383.4,371.0,372.0,-1.33,50864.0,418.0,330.7
MLBL,2/1/2026,370.4,374.6,369.3,373.8,0.48,27332.0,418.0,330.7
MLBL,2/2/2026,373.0,373.0,368.1,368.5,-1.42,27444.0,418.0,330.7
MLBL,2/3/2026,368.5,373.0,366.6,369.0,0.14,24689.0,418.0,330.7
MLBL,2/4/2026,372.0,372.0,365.0,367.0,-0.54,27116.0,418.0,330.7
MLBL,2/5/2026,367.0,372.0,367.0,372.0,1.36,49119.0,418.0,330.7
MLBL,2/8/2026,376.0,376.0,369.0,370.0,-0.54,26127.0,418.0,330.7
MLBL,2/9/2026,366.2,373.0,366.0,367.8,-0.59,38860.0,418.0,330.7
MLBL,2/10/2026,366.1,370.9,361.0,365.9,-0.52,33563.0,418.0,330.7
MLBL,2/11/2026,369.0,369.0,364.0,368.8,0.79,26670.0,418.0,330.7
MLBL,2/12/2026,365.3,374.5,365.3,370.1,0.35,43766.0,418.0,330.7
MLBL,2/16/2026,370.1,372.0,366.2,367.0,-0.84,12618.0,418.0,330.7
MLBL,2/17/2026,366.2,369.0,364.1,364.1,-0.79,34755.0,418.0,330.7
MLBL,2/22/2026,364.0,364.0,359.2,360.9,-0.88,54783.0,418.0,330.7
MLBL,2/23/2026,359.2,364.0,359.2,364.0,0.86,21960.0,418.0,330.7
MLBL,2/24/2026,361.0,369.5,361.0,369.5,1.51,12419.0,418.0,330.7
MLBL,2/25/2026,372.8,372.8,365.1,365.1,-1.19,14295.0,418.0,330.7
MLBL,2/26/2026,369.0,370.0,363.0,364.9,-0.05,12661.0,418.0,330.7
MLBL,2/27/2026,369.0,370.0,363.0,364.9,0.0,12661.0,418.0,330.7
MLBL,2/28/2026,369.0,370.0,363.0,364.9,0.0,12661.0,418.0,330.7
MLBL,3/2/2026,362.0,370.4,361.0,370.4,1.51,27274.0,418.0,330.7
MLBL,3/3/2026,365.0,376.0,365.0,376.0,1.51,24124.0,418.0,330.7
MLBL,3/4/2026,365.0,376.0,365.0,376.0,0.0,24124.0,418.0,330.7
MLBL,3/5/2026,365.0,376.0,365.0,376.0,0.0,24124.0,418.0,330.7
MLBL,3/6/2026,365.0,376.0,365.0,376.0,0.0,24124.0,418.0,330.7
MLBL,3/7/2026,365.0,376.0,365.0,376.0,0.0,24124.0,418.0,330.7
MLBL,3/8/2026,365.0,376.0,365.0,376.0,0.0,24124.0,418.0,330.7
MLBL,3/9/2026,383.5,400.0,383.5,400.0,6.38,2911.0,418.0,330.7
MLBL,3/10/2026,400.0,400.0,385.1,397.8,-0.55,157782.0,418.0,330.7
MLBL,3/11/2026,390.0,397.0,384.1,388.0,-2.46,70532.0,418.0,330.7
MLBL,3/12/2026,384.0,395.0,383.0,392.0,1.03,64108.0,418.0,330.7
MLBL,3/13/2026,384.0,395.0,383.0,392.0,0.0,64108.0,418.0,330.7
MLBL,3/14/2026,384.0,395.0,383.0,392.0,0.0,64108.0,418.0,330.7
MLBL,3/15/2026,392.1,398.0,390.2,394.0,0.51,50142.0,418.0,330.7
MLBL,3/16/2026,399.0,399.0,386.0,386.1,-2.01,55863.0,418.0,330.7
MLBL,3/17/2026,389.9,392.0,383.3,386.0,-0.03,40374.0,418.0,330.7
MLBL,3/18/2026,389.9,392.0,383.3,386.0,0.0,40374.0,418.0,330.7
MLBL,3/19/2026,393.0,408.0,389.3,405.1,4.95,199086.0,418.0,330.7
MLBL,3/20/2026,393.0,408.0,389.3,405.1,0.0,199086.0,418.0,330.7
MLBL,3/21/2026,393.0,408.0,389.3,405.1,0.0,199086.0,418.0,330.7
MLBL,3/22/2026,405.0,418.0,405.0,412.0,1.7,195252.0,418.0,330.7
MLBL,3/23/2026,415.0,415.0,401.7,408.0,-0.97,104521.0,418.0,330.7
MLBL,3/24/2026,411.0,411.0,403.1,408.3,0.07,86375.0,418.0,330.7
MLBL,3/25/2026,408.0,410.0,399.0,400.0,-2.03,87148.0,418.0,330.7
MLBL,3/26/2026,400.0,402.0,395.4,398.0,-0.5,40754.0,418.0,330.7
MLBL,3/29/2026,398.0,401.0,382.4,382.4,-3.92,121970.0,418.0,330.7
MLBL,3/30/2026,381.0,389.0,380.0,382.9,0.5,82427.0,418.0,330.7
MLBL,3/31/2026,378.6,392.4,376.2,388.0,2.48,58973.0,418.0,330.7
MLBL,4/1/2026,389.9,391.0,375.0,378.0,-3.05,63617.0,418.0,330.7
MLBL,4/2/2026,373.4,381.0,371.0,378.0,1.23,32943.0,418.0,330.7
MLBL,4/5/2026,371.6,375.0,358.0,360.0,-3.12,118965.0,418.0,330.7
MLBL,4/6/2026,360.0,375.8,360.0,374.7,4.08,67509.0,418.0,330.7
MLBL,4/7/2026,375.1,378.1,369.0,377.0,0.51,56188.0,418.0,330.7
MLBL,4/8/2026,370.6,382.0,370.6,382.0,3.08,55633.0,418.0,330.7
MLBL,4/9/2026,380.0,387.0,374.4,382.2,0.58,56457.0,418.0,330.7
MLBL,4/10/2026,380.0,384.9,376.0,377.2,-0.74,37764.0,418.0,330.7
MLBL,4/13/2026,378.0,381.5,375.1,375.4,-0.69,111714.0,418.0,330.7
MLBL,4/15/2026,376.1,386.9,375.0,385.7,2.55,54787.0,418.0,330.7
MLBL,4/16/2026,387.0,389.0,379.5,382.5,-1.16,90766.0,418.0,330.7
MLBL,4/17/2026,386.9,386.9,376.0,380.0,-1.78,24666.0,418.0,330.7
MLBL,4/20/2026,391.0,391.0,375.1,375.1,-4.07,19345.0,418.0,330.7
MLBL,4/21/2026,374.0,383.5,372.5,372.5,-0.4,17653.0,418.0,330.7
MLBL,4/22/2026,370.0,377.0,366.1,372.0,0.54,32422.0,418.0,330.7
MLBL,4/23/2026,374.9,374.9,365.0,370.0,-1.31,25630.0,418.0,330.7
MLBL,4/24/2026,368.0,372.0,363.3,369.8,0.49,42796.0,418.0,330.7
MLBL,4/27/2026,369.8,373.0,368.8,369.7,-0.03,16322.0,418.0,330.7
MLBL,4/28/2026,369.7,373.0,366.1,369.9,0.05,24866.0,418.0,330.7
MLBL,4/29/2026,369.9,369.0,364.0,366.0,-1.05,34783.0,418.0,330.7
MLBL,4/30/2026,361.0,368.0,360.1,366.0,1.39,17001.0,418.0,330.7
MLBL,5/4/2026,363.0,365.0,361.0,365.0,0.55,24467.0,418.0,330.7
MLBL,5/5/2026,360.1,365.8,358.0,363.0,0.81,19441.0,418.0,330.7
MLBL,5/6/2026,365.0,366.0,362.1,362.5,-0.68,6094.0,418.0,330.7
MLBL,5/7/2026,362.0,365.0,360.1,365.0,0.83,11419.0,418.0,330.7
MLBL,5/8/2026,361.2,368.7,361.2,367.9,1.85,17458.0,418.0,330.7
MLBL,5/11/2026,370.0,374.9,368.3,374.0,1.08,17612.0,418.0,330.7
MLBL,5/12/2026,377.9,377.9,365.3,368.0,-2.62,11807.0,418.0,330.7
MLBL,5/13/2026,367.0,369.7,363.0,366.8,-0.05,6499.0,418.0,330.7
MLBL,5/14/2026,363.0,369.7,363.0,365.0,0.55,5207.0,418.0,330.7
MLBL,5/15/2026,367.2,369.5,363.7,365.9,-0.35,12839.0,418.0,330.7
MLBL,5/18/2026,365.0,365.0,357.0,363.0,-0.55,38481.0,418.0,330.7
MLBL,5/19/2026,360.2,365.0,360.2,364.1,1.08,13454.0,418.0,330.7
MLBL,5/20/2026,365.0,368.3,363.0,368.0,0.82,10353.0,418.0,330.7
MLBL,5/21/2026,368.0,368.0,363.0,365.0,-0.82,14693.0,418.0,330.7
MLBL,5/22/2026,366.0,366.0,363.9,365.9,-0.03,8094.0,418.0,330.7
MLBL,5/25/2026,369.9,371.0,367.3,370.9,0.27,21133.0,418.0,330.7
MLBL,5/26/2026,367.5,370.8,365.0,367.0,-0.14,8922.0,418.0,330.7
MLBL,5/27/2026,366.0,373.0,366.0,369.9,1.07,15867.0,418.0,330.7
MLBL,6/1/2026,370.0,370.9,362.2,364.0,-1.62,15487.0,418.0,330.7
MLBL,6/2/2026,360.0,375.6,360.0,375.0,4.17,82564.0,418.0,330.7
MLBL,6/3/2026,375.0,379.8,370.2,372.9,-0.56,35658.0,418.0,330.7
MLBL,6/4/2026,370.0,373.9,368.0,369.9,-0.03,11598.0,418.0,330.7
MLBL,6/5/2026,351.5,377.0,351.5,367.5,4.55,13150.0,418.0,330.7
MLBL,6/8/2026,366.7,369.0,363.1,363.5,-0.87,20853.0,418.0,330.7
MLBL,6/9/2026,374.0,374.4,361.2,363.9,-2.7,14380.0,418.0,330.7
MLBL,6/10/2026,363.9,366.0,362.2,363.2,-0.19,19936.0,418.0,330.7
MLBL,6/11/2026,361.7,366.0,361.0,361.0,-0.19,36641.0,418.0,330.7
MLBL,6/12/2026,360.5,365.9,360.0,364.0,0.97,25509.0,418.0,330.7
MLBL,6/15/2026,367.0,367.0,360.4,360.7,-1.72,37156.0,418.0,330.7
MLBL,6/16/2026,361.0,363.0,359.9,361.7,0.19,16049.0,418.0,330.7
MLBL,6/17/2026,361.7,364.9,360.0,362.0,0.08,16732.0,418.0,330.7
MLBL,6/18/2026,360.0,363.5,357.1,357.6,-0.67,13856.0,418.0,330.7
MLBL,6/19/2026,357.0,362.0,357.0,359.1,0.59,6906.0,418.0,330.7
MLBL,6/22/2026,361.1,361.1,357.4,358.0,-0.86,37025.0,418.0,330.7
MLBL,6/23/2026,358.1,359.9,356.0,356.0,-0.59,29145.0,418.0,330.7
MLBL,6/24/2026,356.1,357.0,350.2,355.0,-0.31,20668.0,418.0,330.7
MLBL,6/26/2026,356.0,359.2,352.4,354.9,-0.31,11205.0,418.0,330.7
MLBL,6/29/2026,351.2,356.0,350.2,353.0,0.51,21753.0,418.0,330.7
MLBL,6/30/2026,355.9,355.9,349.0,352.0,-1.1,24329.0,418.0,330.7
MLBL,7/1/2026,354.8,360.0,350.2,355.5,0.2,15638.0,418.0,330.7
MLBL,7/2/2026,355.5,355.5,350.3,355.0,-0.14,20147.0,418.0,330.7
MLBL,7/3/2026,352.1,358.0,352.0,356.0,1.11,14719.0,418.0,330.7
MLBL,7/6/2026,356.0,357.0,350.0,354.0,-0.56,11054.0,418.0,330.7
MLBL,7/7/2026,357.9,357.9,350.6,356.8,-0.31,4977.0,418.0,330.7
MLBL,7/8/2026,350.5,354.9,349.9,352.0,0.43,21816.0,418.0,330.7
MLBL,7/9/2026,349.5,354.0,348.0,348.0,-0.43,13077.0,418.0,330.7
MLBL,7/10/2026,351.0,353.9,345.3,345.4,-1.6,15835.0,418.0,330.7
MLBL,7/13/2026,345.1,345.1,341.1,343.0,-0.61,13825.0,418.0,330.7
MLBL,7/14/2026,340.1,346.9,340.1,344.5,1.29,9655.0,418.0,330.7
MLBL,7/15/2026,350.0,351.0,343.3,350.0,0.0,7687.0,418.0,330.7
MLBL,7/16/2026,355.8,355.8,346.0,346.0,-2.75,4387.0,418.0,330.7
MLBL,7/17/2026,353.0,360.5,350.0,360.5,2.12,20242.0,418.0,330.7
MLBL,7/20/2026,360.0,365.0,357.0,364.6,1.28,28740.0,418.0,330.7
MLBL,7/21/2026,366.9,366.9,358.3,361.0,-1.61,25201.0,418.0,330.7
MLBL,7/22/2026,364.9,364.9,355.5,358.9,-1.64,10084.0,418.0,330.7
MLBL,7/23/2026,355.7,360.0,355.0,360.0,1.21,13600.0,418.0,330.7
MLBL,7/24/2026,365.0,365.0,360.0,364.0,-0.27,29485.0,418.0,330.7
MLBL,7/27/2026,366.8,367.7,358.0,358.0,-2.4,45835.0,418.0,330.7
MLBL,7/28/2026,355.5,360.0,355.4,356.1,0.17,8796.0,418.0,330.7
MLBL,7/29/2026,356.1,358.9,354.5,358.0,0.53,12719.0,418.0,330.7
MLBL,7/30/2026,355.1,357.8,352.4,352.9,-0.62,8814.0,418.0,330.7
MLBL,7/31/2026,352.9,359.0,350.4,357.0,1.16,10082.0,418.0,330.7
MLBL,8/3/2026,359.8,364.9,356.1,356.2,-1.0,17873.0,418.0,330.7
MLBL,8/4/2026,355.0,355.0,351.7,355.0,0.0,16382.0,418.0,330.7
MLBL,8/5/2026,355.2,358.8,353.8,357.0,0.51,17103.0,418.0,330.7
MLBL,8/6/2026,357.0,357.0,350.0,354.3,-0.76,13045.0,418.0,330.7
MLBL,8/7/2026,353.8,354.0,350.4,350.9,-0.82,19251.0,418.0,330.7
MLBL,8/10/2026,351.0,352.0,348.0,348.0,-0.85,17511.0,418.0,330.7
MLBL,8/11/2026,348.0,351.0,346.2,348.0,0.0,9658.0,418.0,330.7
MLBL,8/12/2026,330.7,358.0,330.7,346.5,4.78,9353.0,418.0,330.7
MLBL,8/13/2026,348.0,352.9,346.3,351.0,0.86,15180.0,418.0,330.7
MLBL,8/14/2026,350.0,352.0,348.7,350.0,0.0,5948.0,418.0,330.7
MLBL,8/17/2026,345.2,349.9,345.2,349.7,1.3,2477.0,418.0,330.7
MLBL,8/18/2026,347.0,349.0,345.4,345.4,-0.46,14415.0,418.0,330.7
MLBL,8/19/2026,345.4,348.0,343.7,348.0,0.75,7870.0,418.0,330.7
MLBL,8/20/2026,347.0,349.0,342.0,349.0,0.58,7294.0,418.0,330.7
MLBL,8/21/2026,350.0,351.0,346.0,350.0,0.0,8792.0,418.0,330.7
MLBL,8/24/2026,348.1,351.0,345.0,349.8,0.49,20948.0,418.0,330.7
MLBL,8/25/2026,350.0,351.0,345.2,348.9,-0.31,9353.0,418.0,330.7
MLBL,8/26/2026,343.2,345.9,338.0,344.0,0.23,42896.0,418.0,330.7
MLBL,8/27/2026,336.6,350.0,336.6,347.8,3.33,20729.0,418.0,330.7
MLBL,8/31/2026,340.0,349.0,338.2,340.0,0.0,18802.0,418.0,330.7
MLBL,9/1/2026,340.0,344.9,340.0,341.9,0.56,6399.0,418.0,330.7
MLBL,9/2/2026,344.9,344.9,338.2,343.8,-0.32,4602.0,418.0,330.7
MLBL,9/3/2026,340.0,344.4,340.0,344.0,1.18,5673.0,418.0,330.7
MLBL,9/7/2026,344.0,350.0,344.0,349.6,1.63,21834.0,418.0,330.7
MLBL,9/9/2026,354.6,354.6,345.1,345.2,-2.65,10891.0,418.0,330.7
MLBL,9/10/2026,351.0,351.0,345.0,349.5,-0.43,11140.0,418.0,330.7
MLBL,9/11/2026,342.4,355.0,342.4,354.9,3.65,16051.0,418.0,330.7
MLBL,9/14/2026,354.0,358.7,353.0,357.0,0.85,5581.0,418.0,330.7
MLBL,9/15/2026,374.0,374.8,360.0,364.0,-2.67,40156.0,418.0,330.7
MLBL,9/16/2026,358.0,365.0,358.0,358.1,0.03,19730.0,418.0,330.7
MLBL,9/17/2026,358.7,364.9,358.7,361.4,0.75,30060.0,418.0,330.7
MLBL,9/18/2026,365.0,365.0,358.0,364.5,-0.14,33868.0,418.0,330.7
MLBL,9/22/2026,382.7,382.7,360.4,365.0,-4.63,27560.0,418.0,330.7
MLBL,9/23/2026,361.0,364.0,357.0,360.0,-0.28,46963.0,418.0,330.7
MLBL,9/24/2026,357.0,363.4,353.0,356.2,-0.22,22645.0,418.0,330.7
MLBL,9/28/2026,358.0,360.0,355.0,355.0,-0.84,29223.0,418.0,330.7
MLBL,9/29/2026,355.0,358.9,352.0,0.0,-100.0,13615.0,418.0,330.7
MLBL,9/30/2026,359.0,360.0,353.5,356.7,-0.64,10801.0,418.0,330.7
MLBL,10/1/2026,352.5,357.0,352.5,355.0,0.71,11255.0,418.0,330.7
MLBL,10/2/2026,352.4,359.0,352.1,354.0,0.45,18886.0,418.0,330.7
MLBLD89,12/22/2025,1320.0,1320.0,1320.0,1269.0,,2.0,1381.2,1200.0
MLBLD89,12/24/2025,1294.3,1294.3,1294.3,1294.3,1.99,900.0,1381.2,1200.0
MLBLD89,12/29/2025,1310.0,1342.0,1310.0,1336.2,3.24,529.0,1381.2,1200.0
MLBLD89,1/1/2026,1311.0,1311.0,1311.0,1311.0,-1.89,50.0,1381.2,1200.0
MLBLD89,1/12/2026,1337.2,1337.2,1337.2,1337.2,2.0,100.0,1381.2,1200.0
MLBLD89,1/13/2026,1337.0,1337.0,1337.0,1337.0,-0.01,50.0,1381.2,1200.0
MLBLD89,1/25/2026,1337.0,1337.0,1295.0,1295.0,-3.14,36.0,1381.2,1200.0
MLBLD89,1/26/2026,1294.9,1294.9,1294.9,1294.9,-0.01,50.0,1381.2,1200.0
MLBLD89,1/27/2026,1294.9,1294.9,1250.0,1250.0,-3.47,15.0,1381.2,1200.0
MLBLD89,2/2/2026,1255.0,1255.0,1255.0,1255.0,0.4,60.0,1381.2,1200.0
MLBLD89,2/12/2026,1246.0,1246.0,1246.0,1246.0,-0.72,24.0,1381.2,1200.0
MLBLD89,2/17/2026,1246.0,1246.0,1230.1,1230.1,-1.28,130.0,1381.2,1200.0
MLBLD89,3/10/2026,1212.1,1212.1,1212.1,1212.1,-1.46,25.0,1381.2,1200.0
MLBLD89,3/22/2026,1212.1,1305.0,1212.1,1305.0,7.66,169.0,1381.2,1200.0
MLBLD89,3/24/2026,1330.0,1330.0,1280.0,1280.0,-1.92,85.0,1381.2,1200.0
MLBLD89,3/29/2026,1305.0,1305.0,1305.0,1305.0,0.0,25.0,1381.2,1200.0
MLBLD89,5/6/2026,1265.9,1265.9,1265.9,1265.9,0.0,25.0,1381.2,1200.0
MLBLD89,5/8/2026,1270.0,1270.0,1214.0,1250.0,-1.57,190.0,1381.2,1200.0
MLBLD89,5/11/2026,1280.0,1280.0,1280.0,1280.0,0.0,15.0,1381.2,1200.0
MLBLD89,5/21/2026,1315.0,1315.0,1315.0,1315.0,0.0,25.0,1381.2,1200.0
MLBLD89,6/10/2026,1276.0,1276.0,1258.7,1258.7,-1.36,399.0,1381.2,1200.0
MLBLD89,6/29/2026,1258.0,1260.0,1245.0,1260.0,0.16,50.0,1381.2,1200.0
MLBLD89,6/30/2026,1296.4,1296.4,1296.4,1296.4,0.0,10.0,1381.2,1200.0
MLBLD89,7/1/2026,1258.0,1258.0,1258.0,1258.0,0.0,25.0,1381.2,1200.0
MLBLD89,7/6/2026,1295.7,1295.7,1235.1,1235.1,-4.68,380.0,1381.2,1200.0
MLBLD89,7/7/2026,1272.1,1272.1,1272.1,1272.1,0.0,25.0,1381.2,1200.0
MLBLD89,7/10/2026,1310.0,1310.0,1310.0,1310.0,0.0,100.0,1381.2,1200.0
MLBLD89,7/13/2026,1270.7,1270.7,1270.7,1270.7,0.0,35.0,1381.2,1200.0
MLBLD89,7/14/2026,1234.3,1325.0,1221.0,1325.0,7.35,27346.0,1381.2,1200.0
MLBLD89,7/16/2026,1320.0,1322.0,1320.0,1320.0,0.0,380.0,1381.2,1200.0
MLBLD89,7/17/2026,1280.4,1280.4,1280.4,1280.4,0.0,10.0,1381.2,1200.0
MLBLD89,7/22/2026,1280.4,1280.4,1280.4,1280.4,0.0,25.0,1381.2,1200.0
MLBLD89,8/3/2026,1242.0,1279.0,1242.0,1279.0,2.98,250.0,1381.2,1200.0
MLBLD89,8/6/2026,1279.0,1279.0,1279.0,1279.0,0.0,10.0,1381.2,1200.0
MLBLD89,8/17/2026,1250.0,1250.0,1250.0,1250.0,0.0,25.0,1381.2,1200.0
MLBLD89,8/24/2026,1250.0,1250.0,1250.0,1250.0,0.0,100.0,1381.2,1200.0
MLBLD89,9/3/2026,1287.5,1287.5,1287.5,1287.5,0.0,25.0,1381.2,1200.0
MLBLD89,9/9/2026,1325.0,1325.0,1300.0,1311.0,-1.06,3329.0,1381.2,1200.0
MLBLD89,9/11/2026,1299.0,1381.2,1299.0,1341.0,3.23,3622.0,1381.2,1200.0
MLBLD89,9/30/2026,1325.0,1325.0,1325.0,1325.0,0.0,25.0,1381.2,1200.0
MLBLPO,1/1/2026,198.0,198.0,198.0,198.0,,350000.0,232.0,193.0
MLBLPO,1/4/2026,198.0,198.0,198.0,198.0,0.0,50000.0,232.0,193.0
MLBLPO,1/29/2026,195.0,195.0,195.0,195.0,-1.52,100000.0,232.0,193.0
MLBLPO,2/12/2026,193.0,193.0,193.0,193.0,-1.03,420000.0,232.0,193.0
MLBLPO,2/23/2026,193.0,193.0,193.0,193.0,0.0,257155.0,232.0,193.0
MLBLPO,5/26/2026,201.0,201.0,201.0,201.0,0.0,59800.0,232.0,193.0
MLBLPO,6/1/2026,201.0,201.0,201.0,201.0,0.0,33138.0,232.0,193.0
MLBLPO,7/10/2026,201.0,201.0,201.0,201.0,0.0,10454.0,232.0,193.0
MLBLPO,9/28/2026,201.0,201.0,201.0,201.0,0.0,10688.0,232.0,193.0
MLBS,12/21/2025,1470.0,1609.0,1470.0,1609.0,,759.0,1666.0,967.0
MLBS,12/22/2025,1576.9,1576.9,1456.0,1499.0,-6.84,3019.0,1666.0,967.0
MLBS,12/23/2025,1469.1,1589.0,1445.0,1466.3,-2.18,4993.0,1666.0,967.0
MLBS,12/24/2025,1437.0,1523.0,1437.0,1485.0,1.28,297.0,1666.0,967.0
MLBS,12/28/2025,1456.0,1497.0,1439.0,1488.0,0.2,2487.0,1666.0,967.0
MLBS,12/29/2025,1468.0,1484.9,1440.0,1440.0,-3.23,805.0,1666.0,967.0
MLBS,12/31/2025,1450.0,1472.0,1431.1,1458.9,1.31,1251.0,1666.0,967.0
MLBS,1/1/2026,1437.0,1450.0,1425.0,1450.0,-0.61,1243.0,1666.0,967.0
MLBS,1/4/2026,1422.1,1458.0,1410.0,1450.0,0.0,1350.0,1666.0,967.0
MLBS,1/5/2026,1477.0,1477.0,1424.0,1468.8,1.3,718.0,1666.0,967.0
MLBS,1/6/2026,1441.0,1467.0,1430.0,1450.0,-1.28,1535.0,1666.0,967.0
MLBS,1/7/2026,1450.0,1470.9,1435.0,1448.0,-0.14,426.0,1666.0,967.0
MLBS,1/8/2026,1425.0,1476.9,1425.0,1451.0,0.21,573.0,1666.0,967.0
MLBS,1/12/2026,1427.0,1444.0,1422.0,1444.0,-0.48,1149.0,1666.0,967.0
MLBS,1/13/2026,1416.0,1447.0,1416.0,1430.0,-0.97,1976.0,1666.0,967.0
MLBS,1/14/2026,1440.0,1445.0,1410.0,1410.0,-1.4,1161.0,1666.0,967.0
MLBS,1/18/2026,1438.0,1495.0,1437.0,1437.0,1.91,1786.0,1666.0,967.0
MLBS,1/20/2026,1465.0,1470.0,1442.0,1464.0,1.88,1450.0,1666.0,967.0
MLBS,1/21/2026,1435.3,1460.0,1434.8,1455.0,-0.61,1900.0,1666.0,967.0
MLBS,1/22/2026,1430.1,1465.8,1430.0,1450.0,-0.34,2568.0,1666.0,967.0
MLBS,1/25/2026,1465.0,1509.0,1450.0,1470.0,1.38,4501.0,1666.0,967.0
MLBS,1/26/2026,1475.0,1500.0,1460.0,1460.0,-0.68,1936.0,1666.0,967.0
MLBS,1/27/2026,1488.0,1489.0,1423.1,1451.0,-0.62,1854.0,1666.0,967.0
MLBS,1/28/2026,1450.0,1460.0,1430.0,1440.0,-0.76,1128.0,1666.0,967.0
MLBS,1/29/2026,1460.0,1468.0,1426.1,1450.0,0.69,3914.0,1666.0,967.0
MLBS,2/1/2026,1435.0,1508.0,1435.0,1450.0,0.0,1871.0,1666.0,967.0
MLBS,2/2/2026,1426.2,1469.0,1426.2,1467.0,1.17,777.0,1666.0,967.0
MLBS,2/3/2026,1479.0,1499.4,1449.5,1469.0,0.14,4025.0,1666.0,967.0
MLBS,2/4/2026,1454.3,1480.0,1454.2,1454.2,-1.01,460.0,1666.0,967.0
MLBS,2/5/2026,1483.0,1512.0,1455.0,1478.0,1.64,355.0,1666.0,967.0
MLBS,2/8/2026,1460.0,1507.5,1445.0,1507.5,2.0,1912.0,1666.0,967.0
MLBS,2/9/2026,1498.0,1507.5,1450.6,1456.5,-3.38,2116.0,1666.0,967.0
MLBS,2/10/2026,1455.1,1465.0,1430.0,1433.0,-1.61,659.0,1666.0,967.0
MLBS,2/11/2026,1461.6,1461.6,1423.0,1459.9,1.88,1410.0,1666.0,967.0
MLBS,2/12/2026,1450.0,1450.0,1417.9,1420.0,-2.73,1224.0,1666.0,967.0
MLBS,2/16/2026,1445.0,1495.0,1417.2,1458.0,2.68,2630.0,1666.0,967.0
MLBS,2/17/2026,1440.0,1440.0,1421.0,1423.0,-2.4,1595.0,1666.0,967.0
MLBS,2/22/2026,1410.0,1430.0,1410.0,1417.0,-0.42,441.0,1666.0,967.0
MLBS,2/23/2026,1425.0,1435.0,1425.0,1435.0,1.27,351.0,1666.0,967.0
MLBS,2/24/2026,1440.0,1440.0,1420.0,1430.0,-0.35,615.0,1666.0,967.0
MLBS,2/25/2026,1430.0,1436.9,1420.2,1431.0,0.07,200.0,1666.0,967.0
MLBS,2/26/2026,1430.1,1430.1,1425.2,1428.5,-0.17,375.0,1666.0,967.0
MLBS,2/27/2026,1430.1,1430.1,1425.2,1428.5,0.0,375.0,1666.0,967.0
MLBS,2/28/2026,1430.1,1430.1,1425.2,1428.5,0.0,375.0,1666.0,967.0
MLBS,3/2/2026,1407.0,1439.9,1400.0,1439.9,0.8,1278.0,1666.0,967.0
MLBS,3/3/2026,1420.0,1468.0,1420.0,1468.0,1.95,170.0,1666.0,967.0
MLBS,3/4/2026,1420.0,1468.0,1420.0,1468.0,0.0,170.0,1666.0,967.0
MLBS,3/5/2026,1420.0,1468.0,1420.0,1468.0,0.0,170.0,1666.0,967.0
MLBS,3/6/2026,1420.0,1468.0,1420.0,1468.0,0.0,170.0,1666.0,967.0
MLBS,3/7/2026,1420.0,1468.0,1420.0,1468.0,0.0,170.0,1666.0,967.0
MLBS,3/8/2026,1420.0,1468.0,1420.0,1468.0,0.0,170.0,1666.0,967.0
MLBS,3/10/2026,1497.3,1540.0,1460.0,1494.0,1.77,1884.0,1666.0,967.0
MLBS,3/11/2026,1480.1,1490.0,1464.5,1490.0,-0.27,688.0,1666.0,967.0
MLBS,3/12/2026,1462.1,1490.0,1462.1,1465.0,-1.68,180.0,1666.0,967.0
MLBS,3/13/2026,1462.1,1490.0,1462.1,1465.0,0.0,180.0,1666.0,967.0
MLBS,3/14/2026,1462.1,1490.0,1462.1,1465.0,0.0,180.0,1666.0,967.0
MLBS,3/15/2026,1465.0,1490.0,1460.0,1466.0,0.07,934.0,1666.0,967.0
MLBS,3/16/2026,1460.0,1460.0,1450.0,1451.1,-1.02,620.0,1666.0,967.0
MLBS,3/17/2026,1441.2,1465.0,1439.1,1465.0,0.96,1149.0,1666.0,967.0
MLBS,3/18/2026,1441.2,1465.0,1439.1,1465.0,0.0,1149.0,1666.0,967.0
MLBS,3/19/2026,1468.0,1500.0,1453.0,1500.0,2.39,1626.0,1666.0,967.0
MLBS,3/20/2026,1468.0,1500.0,1453.0,1500.0,0.0,1626.0,1666.0,967.0
MLBS,3/21/2026,1468.0,1500.0,1453.0,1500.0,0.0,1626.0,1666.0,967.0
MLBS,3/22/2026,1528.0,1571.0,1490.0,1550.0,3.33,3929.0,1666.0,967.0
MLBS,3/23/2026,1580.0,1581.0,1512.0,1533.0,-1.1,704.0,1666.0,967.0
MLBS,3/24/2026,1533.0,1539.9,1508.3,1539.9,0.45,1636.0,1666.0,967.0
MLBS,3/25/2026,1515.0,1536.0,1509.2,1536.0,-0.25,1450.0,1666.0,967.0
MLBS,3/26/2026,1536.0,1536.0,1490.1,1536.0,0.0,1383.0,1666.0,967.0
MLBS,3/29/2026,1506.0,1515.0,1477.0,1485.0,-1.39,1490.0,1666.0,967.0
MLBS,3/30/2026,1475.0,1485.0,1451.0,1452.0,-1.56,1225.0,1666.0,967.0
MLBS,3/31/2026,1430.0,1481.0,1415.1,1451.6,1.51,1578.0,1666.0,967.0
MLBS,4/1/2026,1451.6,1458.0,1402.0,1445.0,-0.45,1459.0,1666.0,967.0
MLBS,4/2/2026,1440.0,1443.0,1415.0,1441.0,0.07,343.0,1666.0,967.0
MLBS,4/5/2026,1430.0,1430.0,1366.0,1367.0,-4.41,2395.0,1666.0,967.0
MLBS,4/6/2026,1394.0,1418.9,1370.0,1418.9,1.79,130.0,1666.0,967.0
MLBS,4/7/2026,1391.0,1428.0,1380.0,1428.0,2.66,866.0,1666.0,967.0
MLBS,4/8/2026,1409.9,1433.0,1399.5,1433.0,1.64,440.0,1666.0,967.0
MLBS,4/9/2026,1454.8,1461.6,1433.0,1459.9,0.35,722.0,1666.0,967.0
MLBS,4/10/2026,1460.0,1460.0,1435.2,1436.8,-1.59,937.0,1666.0,967.0
MLBS,4/13/2026,1415.0,1430.0,1381.8,1400.0,-1.06,2686.0,1666.0,967.0
MLBS,4/15/2026,1380.2,1410.0,1380.2,1405.0,1.8,1382.0,1666.0,967.0
MLBS,4/16/2026,1420.0,1420.0,1386.0,1409.0,-0.77,566.0,1666.0,967.0
MLBS,4/17/2026,1386.0,1397.0,1367.1,1397.0,0.79,406.0,1666.0,967.0
MLBS,4/20/2026,1437.0,1437.0,1369.0,1369.0,-4.73,120.0,1666.0,967.0
MLBS,4/21/2026,1400.0,1400.0,1360.0,1385.0,-1.07,175.0,1666.0,967.0
MLBS,4/22/2026,1361.0,1370.0,1344.0,1370.0,0.66,1206.0,1666.0,967.0
MLBS,4/23/2026,1409.0,1409.0,1344.0,1360.0,-3.48,390.0,1666.0,967.0
MLBS,4/24/2026,1400.0,1400.0,1340.0,1341.0,-4.21,830.0,1666.0,967.0
MLBS,4/27/2026,1341.0,1345.0,1311.0,1327.0,-1.04,714.0,1666.0,967.0
MLBS,4/28/2026,1327.0,1320.0,1295.0,1315.0,-0.9,1703.0,1666.0,967.0
MLBS,4/29/2026,1315.0,1285.1,1250.0,1279.4,-2.71,2059.0,1666.0,967.0
MLBS,4/30/2026,1251.0,1261.0,1230.0,1245.0,-0.48,763.0,1666.0,967.0
MLBS,5/4/2026,1223.0,1230.0,1195.0,1224.0,0.08,988.0,1666.0,967.0
MLBS,5/5/2026,1190.0,1240.0,1190.0,1200.0,0.84,345.0,1666.0,967.0
MLBS,5/6/2026,1236.0,1249.0,1212.6,1238.0,0.16,132.0,1666.0,967.0
MLBS,5/7/2026,1201.0,1248.0,1201.0,1225.0,2.0,290.0,1666.0,967.0
MLBS,5/8/2026,1206.0,1229.0,1206.0,1229.0,1.91,220.0,1666.0,967.0
MLBS,5/11/2026,1265.8,1285.0,1240.0,1270.0,0.33,660.0,1666.0,967.0
MLBS,5/12/2026,1308.0,1308.0,1236.5,1250.0,-4.43,750.0,1666.0,967.0
MLBS,5/13/2026,1273.0,1273.0,1217.0,1272.0,-0.08,138.0,1666.0,967.0
MLBS,5/14/2026,1233.9,1255.0,1230.0,1255.0,1.71,160.0,1666.0,967.0
MLBS,5/15/2026,1225.0,1251.0,1225.0,1251.0,2.12,65.0,1666.0,967.0
MLBS,5/18/2026,1216.0,1272.0,1216.0,1235.0,1.56,170.0,1666.0,967.0
MLBS,5/19/2026,1264.9,1264.9,1227.1,1263.9,-0.08,30.0,1666.0,967.0
MLBS,5/20/2026,1280.0,1280.0,1250.0,1277.0,-0.23,166.0,1666.0,967.0
MLBS,5/21/2026,1277.0,1277.0,1251.0,1266.0,-0.86,100.0,1666.0,967.0
MLBS,5/22/2026,1250.0,1279.0,1245.0,1279.0,2.32,70.0,1666.0,967.0
MLBS,5/25/2026,1250.0,1300.0,1250.0,1290.0,3.2,200.0,1666.0,967.0
MLBS,5/26/2026,1289.0,1290.0,1259.0,1289.0,0.0,120.0,1666.0,967.0
MLBS,5/27/2026,1289.0,1293.0,1254.3,1290.0,0.08,320.0,1666.0,967.0
MLBS,6/1/2026,1255.0,1288.0,1254.0,1276.0,1.67,90.0,1666.0,967.0
MLBS,6/2/2026,1239.0,1293.0,1239.0,1293.0,4.36,40.0,1666.0,967.0
MLBS,6/3/2026,1254.3,1277.0,1222.0,1277.0,1.81,290.0,1666.0,967.0
MLBS,6/4/2026,1239.1,1292.0,1239.1,1292.0,4.27,110.0,1666.0,967.0
MLBS,6/5/2026,1255.0,1289.9,1217.9,1275.0,1.59,363.0,1666.0,967.0
MLBS,6/8/2026,1240.1,1254.0,1166.8,1248.5,0.68,965.0,1666.0,967.0
MLBS,6/9/2026,1249.0,1249.0,1213.2,1220.0,-2.32,925.0,1666.0,967.0
MLBS,6/10/2026,1220.0,1246.0,1211.0,1245.0,2.05,282.0,1666.0,967.0
MLBS,6/11/2026,1264.9,1264.9,1218.0,1260.0,-0.39,130.0,1666.0,967.0
MLBS,6/12/2026,1224.0,1240.0,1206.0,1239.0,1.23,160.0,1666.0,967.0
MLBS,6/15/2026,1276.1,1277.0,1165.9,1230.0,-3.61,1597.0,1666.0,967.0
MLBS,6/16/2026,1194.0,1230.0,1193.1,1230.0,3.02,395.0,1666.0,967.0
MLBS,6/17/2026,1197.0,1229.0,1197.0,1202.0,0.42,160.0,1666.0,967.0
MLBS,6/18/2026,1237.9,1245.0,1200.0,1231.0,-0.56,312.0,1666.0,967.0
MLBS,6/19/2026,1200.0,1230.0,1200.0,1228.9,2.41,785.0,1666.0,967.0
MLBS,6/22/2026,1235.0,1235.0,1201.1,1232.9,-0.17,455.0,1666.0,967.0
MLBS,6/23/2026,1210.0,1210.0,1187.1,1187.1,-1.89,537.0,1666.0,967.0
MLBS,6/24/2026,1175.0,1197.0,1168.0,1197.0,1.87,465.0,1666.0,967.0
MLBS,6/26/2026,1179.9,1179.9,1151.8,1169.0,-0.92,285.0,1666.0,967.0
MLBS,6/29/2026,1152.0,1164.0,1132.1,1163.9,1.03,260.0,1666.0,967.0
MLBS,6/30/2026,1131.0,1169.5,1131.0,1169.5,3.4,177.0,1666.0,967.0
MLBS,7/1/2026,1169.0,1180.0,1140.0,1162.0,-0.6,890.0,1666.0,967.0
MLBS,7/2/2026,1168.0,1168.0,1135.1,1166.0,-0.17,530.0,1666.0,967.0
MLBS,7/3/2026,1179.0,1197.7,1170.0,1189.9,0.92,923.0,1666.0,967.0
MLBS,7/6/2026,1155.0,1190.0,1150.0,1187.0,2.77,285.0,1666.0,967.0
MLBS,7/7/2026,1204.0,1204.0,1152.5,1184.9,-1.59,167.0,1666.0,967.0
MLBS,7/8/2026,1155.1,1180.0,1150.1,1179.0,2.07,165.0,1666.0,967.0
MLBS,7/9/2026,1145.0,1146.0,1144.0,1144.0,-0.09,100.0,1666.0,967.0
MLBS,7/10/2026,1135.0,1169.0,1135.0,1169.0,3.0,30.0,1666.0,967.0
MLBS,7/13/2026,1134.0,1190.0,1130.2,1149.9,1.4,672.0,1666.0,967.0
MLBS,7/14/2026,1125.0,1184.3,1113.0,1184.3,5.27,600.0,1666.0,967.0
MLBS,7/15/2026,1161.0,1161.0,1160.0,1160.0,-0.09,130.0,1666.0,967.0
MLBS,7/16/2026,1151.0,1151.0,1116.0,1149.4,-0.14,465.0,1666.0,967.0
MLBS,7/17/2026,1150.0,1190.0,1150.0,1190.0,3.48,348.0,1666.0,967.0
MLBS,7/20/2026,1157.0,1194.0,1157.0,1175.5,1.6,892.0,1666.0,967.0
MLBS,7/21/2026,1175.0,1195.0,1145.0,1166.0,-0.77,652.0,1666.0,967.0
MLBS,7/22/2026,1224.0,1224.0,1165.3,1190.0,-2.78,120.0,1666.0,967.0
MLBS,7/23/2026,1160.6,1198.0,1160.6,1180.0,1.67,86.0,1666.0,967.0
MLBS,7/24/2026,1172.1,1193.0,1144.6,1193.0,1.78,506.0,1666.0,967.0
MLBS,7/27/2026,1162.1,1165.0,1160.0,1162.0,-0.01,525.0,1666.0,967.0
MLBS,7/28/2026,1136.6,1150.0,1136.6,1150.0,1.18,20.0,1666.0,967.0
MLBS,7/29/2026,1116.0,1175.2,1116.0,1172.0,5.02,212.0,1666.0,967.0
MLBS,7/30/2026,1140.2,1158.0,1140.2,1158.0,1.56,59.0,1666.0,967.0
MLBS,7/31/2026,1126.3,1159.0,1126.1,1159.0,2.9,362.0,1666.0,967.0
MLBS,8/3/2026,1200.0,1200.0,1146.0,1158.0,-3.5,260.0,1666.0,967.0
MLBS,8/4/2026,1158.0,1192.0,1158.0,1158.0,0.0,296.0,1666.0,967.0
MLBS,8/5/2026,1123.3,1135.0,1123.3,1135.0,1.04,39.0,1666.0,967.0
MLBS,8/6/2026,1135.0,1135.0,1118.0,1119.0,-1.41,425.0,1666.0,967.0
MLBS,8/7/2026,1130.0,1152.5,1119.0,1152.5,1.99,158.0,1666.0,967.0
MLBS,8/10/2026,1130.0,1130.0,1119.0,1130.0,0.0,444.0,1666.0,967.0
MLBS,8/11/2026,1146.1,1146.1,1116.0,1145.0,-0.1,602.0,1666.0,967.0
MLBS,8/12/2026,1115.0,1144.0,1115.0,1144.0,2.6,115.0,1666.0,967.0
MLBS,8/13/2026,1140.0,1140.0,1114.0,1138.0,-0.18,285.0,1666.0,967.0
MLBS,8/14/2026,1115.0,1117.0,1115.0,1116.1,0.1,150.0,1666.0,967.0
MLBS,8/17/2026,1114.0,1114.0,1100.0,1100.1,-1.25,419.0,1666.0,967.0
MLBS,8/18/2026,1091.0,1100.0,1080.0,1080.0,-1.01,420.0,1666.0,967.0
MLBS,8/19/2026,1050.0,1080.0,1026.0,1080.0,2.86,671.0,1666.0,967.0
MLBS,8/20/2026,1050.0,1060.0,1050.0,1050.0,0.0,246.0,1666.0,967.0
MLBS,8/21/2026,1081.5,1081.5,1046.0,1070.0,-1.06,60.0,1666.0,967.0
MLBS,8/24/2026,1016.5,1071.0,1016.5,1071.0,5.36,361.0,1666.0,967.0
MLBS,8/25/2026,1090.0,1090.0,1083.0,1083.0,-0.64,60.0,1666.0,967.0
MLBS,8/26/2026,1050.6,1050.6,1000.0,1029.0,-2.06,130.0,1666.0,967.0
MLBS,8/27/2026,1010.0,1020.0,1005.0,1020.0,0.99,180.0,1666.0,967.0
MLBS,8/31/2026,990.0,1010.0,985.0,1000.0,1.01,140.0,1666.0,967.0
MLBS,9/1/2026,1000.0,1030.0,999.1,1028.0,2.8,142.0,1666.0,967.0
MLBS,9/2/2026,1005.0,1025.0,967.3,994.3,-1.06,449.0,1666.0,967.0
MLBS,9/3/2026,995.0,1008.0,995.0,995.0,0.0,603.0,1666.0,967.0
MLBS,9/7/2026,980.0,981.0,980.0,981.0,0.1,100.0,1666.0,967.0
MLBS,9/9/2026,967.0,1000.0,967.0,998.0,3.21,230.0,1666.0,967.0
MLBS,9/10/2026,998.0,1000.0,998.0,1000.0,0.2,20.0,1666.0,967.0
MLBS,9/11/2026,1000.0,1000.0,999.0,1000.0,0.0,68.0,1666.0,967.0
MLBS,9/14/2026,1000.0,1019.0,995.0,1019.0,1.9,989.0,1666.0,967.0
MLBS,9/15/2026,1069.0,1069.0,1005.1,1066.0,-0.28,1587.0,1666.0,967.0
MLBS,9/16/2026,1040.0,1040.0,1020.0,1020.0,-1.92,258.0,1666.0,967.0
MLBS,9/17/2026,1000.0,1035.1,1000.0,1035.1,3.51,128.0,1666.0,967.0
MLBS,9/18/2026,1055.0,1055.0,1015.0,1020.0,-3.32,50.0,1666.0,967.0
MLBS,9/22/2026,1005.1,1020.0,1001.0,1019.8,1.46,195.0,1666.0,967.0
MLBS,9/23/2026,1020.0,1020.0,1000.0,1000.0,-1.96,490.0,1666.0,967.0
MLBS,9/24/2026,985.0,1019.0,985.0,1019.0,3.45,130.0,1666.0,967.0
MLBS,9/28/2026,1019.0,1025.0,993.0,1024.0,0.49,510.0,1666.0,967.0
MLBS,9/29/2026,993.3,993.4,993.3,0.0,-100.0,30.0,1666.0,967.0
MLBS,9/30/2026,973.0,999.0,973.0,998.0,2.57,227.0,1666.0,967.0
MLBS,10/1/2026,972.0,999.0,972.0,981.5,0.98,139.0,1666.0,967.0
MLBS,10/2/2026,980.0,999.0,970.0,994.9,1.52,221.0,1666.0,967.0
MLBSL,12/21/2025,2015.0,2015.0,1950.0,1971.0,,708.0,2192.8,1026.0
MLBSL,12/22/2025,1989.0,1989.0,1940.0,1946.0,-1.27,319.0,2192.8,1026.0
MLBSL,12/23/2025,1930.0,1950.1,1922.2,1931.1,-0.77,363.0,2192.8,1026.0
MLBSL,12/24/2025,1910.0,1958.0,1900.1,1921.0,-0.52,742.0,2192.8,1026.0
MLBSL,12/28/2025,1959.4,1959.4,1922.0,1954.0,1.72,693.0,2192.8,1026.0
MLBSL,12/29/2025,1941.0,1941.0,1940.0,1940.0,-0.72,172.0,2192.8,1026.0
MLBSL,12/31/2025,1945.0,1969.0,1927.1,1969.0,1.49,966.0,2192.8,1026.0
MLBSL,1/1/2026,1935.0,1980.0,1929.7,1955.0,-0.71,491.0,2192.8,1026.0
MLBSL,1/4/2026,1950.0,1950.0,1930.0,1931.0,-1.23,898.0,2192.8,1026.0
MLBSL,1/5/2026,1931.0,1949.0,1910.5,1949.0,0.93,998.0,2192.8,1026.0
MLBSL,1/6/2026,1930.0,1968.0,1923.0,1923.0,-1.33,1049.0,2192.8,1026.0
MLBSL,1/7/2026,1905.0,1960.0,1900.2,1945.0,1.14,1638.0,2192.8,1026.0
MLBSL,1/8/2026,1945.0,1947.1,1908.2,1930.0,-0.77,2262.0,2192.8,1026.0
MLBSL,1/12/2026,1901.0,1920.0,1895.0,1900.0,-1.55,2390.0,2192.8,1026.0
MLBSL,1/13/2026,1900.0,1900.0,1870.0,1885.0,-0.79,843.0,2192.8,1026.0
MLBSL,1/14/2026,1900.0,1900.0,1876.0,1900.0,0.8,1147.0,2192.8,1026.0
MLBSL,1/18/2026,1900.0,1937.9,1900.0,1931.9,1.68,330.0,2192.8,1026.0
MLBSL,1/20/2026,1930.0,1967.5,1915.0,1921.0,-0.56,694.0,2192.8,1026.0
MLBSL,1/21/2026,1921.0,1954.9,1901.0,1954.9,1.76,601.0,2192.8,1026.0
MLBSL,1/22/2026,1953.9,1960.0,1926.0,1959.0,0.21,1540.0,2192.8,1026.0
MLBSL,1/25/2026,1998.0,2020.0,1960.1,1978.1,0.97,2652.0,2192.8,1026.0
MLBSL,1/26/2026,1978.1,2016.9,1960.0,1996.6,0.94,1780.0,2192.8,1026.0
MLBSL,1/27/2026,1964.1,1995.0,1935.3,1971.0,-1.28,1584.0,2192.8,1026.0
MLBSL,1/28/2026,1942.0,1970.0,1931.1,1958.0,-0.66,596.0,2192.8,1026.0
MLBSL,1/29/2026,1934.0,1949.0,1916.0,1916.0,-2.15,2883.0,2192.8,1026.0
MLBSL,2/1/2026,1916.0,1938.0,1890.0,1899.0,-0.89,2109.0,2192.8,1026.0
MLBSL,2/2/2026,1885.0,1925.0,1880.0,1890.0,-0.47,1073.0,2192.8,1026.0
MLBSL,2/3/2026,1896.0,1926.9,1885.5,1922.9,1.74,998.0,2192.8,1026.0
MLBSL,2/4/2026,1922.0,1939.0,1887.0,1934.0,0.58,515.0,2192.8,1026.0
MLBSL,2/5/2026,1898.0,1935.9,1898.0,1930.0,-0.21,836.0,2192.8,1026.0
MLBSL,2/8/2026,1940.0,1940.0,1900.0,1929.0,-0.05,577.0,2192.8,1026.0
MLBSL,2/9/2026,1929.0,1929.0,1880.0,1898.0,-1.61,1531.0,2192.8,1026.0
MLBSL,2/10/2026,1900.0,1900.0,1889.0,1890.0,-0.42,1313.0,2192.8,1026.0
MLBSL,2/11/2026,1890.0,1900.0,1875.5,1899.0,0.48,578.0,2192.8,1026.0
MLBSL,2/12/2026,1899.0,1900.0,1861.2,1880.0,-1.0,1037.0,2192.8,1026.0
MLBSL,2/16/2026,1860.0,1890.0,1860.0,1875.0,-0.27,740.0,2192.8,1026.0
MLBSL,2/17/2026,1855.0,1875.0,1851.0,1875.0,0.0,1229.0,2192.8,1026.0
MLBSL,2/22/2026,1875.0,1875.0,1841.2,1850.0,-1.33,218.0,2192.8,1026.0
MLBSL,2/23/2026,1845.0,1860.0,1830.0,1852.9,0.16,726.0,2192.8,1026.0
MLBSL,2/24/2026,1852.9,1858.0,1825.1,1832.1,-1.12,654.0,2192.8,1026.0
MLBSL,2/25/2026,1808.4,1844.0,1808.4,1840.0,0.43,1206.0,2192.8,1026.0
MLBSL,2/26/2026,1839.0,1866.6,1835.0,1866.6,1.45,207.0,2192.8,1026.0
MLBSL,2/27/2026,1839.0,1866.6,1835.0,1866.6,0.0,207.0,2192.8,1026.0
MLBSL,2/28/2026,1839.0,1866.6,1835.0,1866.6,0.0,207.0,2192.8,1026.0
MLBSL,3/2/2026,1830.1,1864.9,1830.0,1858.0,-0.46,373.0,2192.8,1026.0
MLBSL,3/3/2026,1825.0,1870.0,1821.0,1869.9,0.64,762.0,2192.8,1026.0
MLBSL,3/4/2026,1825.0,1870.0,1821.0,1869.9,0.0,762.0,2192.8,1026.0
MLBSL,3/5/2026,1825.0,1870.0,1821.0,1869.9,0.0,762.0,2192.8,1026.0
MLBSL,3/6/2026,1825.0,1870.0,1821.0,1869.9,0.0,762.0,2192.8,1026.0
MLBSL,3/7/2026,1825.0,1870.0,1821.0,1869.9,0.0,762.0,2192.8,1026.0
MLBSL,3/8/2026,1825.0,1870.0,1821.0,1869.9,0.0,762.0,2192.8,1026.0
MLBSL,3/9/2026,1907.2,1945.3,1907.2,1945.3,4.03,20.0,2192.8,1026.0
MLBSL,3/10/2026,1984.2,2031.0,1945.3,2016.0,3.63,11501.0,2192.8,1026.0
MLBSL,3/11/2026,1980.0,1980.0,1952.0,1978.0,-1.88,1430.0,2192.8,1026.0
MLBSL,3/12/2026,1939.0,1974.0,1939.0,1974.0,-0.2,786.0,2192.8,1026.0
MLBSL,3/13/2026,1939.0,1974.0,1939.0,1974.0,0.0,786.0,2192.8,1026.0
MLBSL,3/14/2026,1939.0,1974.0,1939.0,1974.0,0.0,786.0,2192.8,1026.0
MLBSL,3/15/2026,1941.0,1974.9,1925.1,1940.0,-1.72,1368.0,2192.8,1026.0
MLBSL,3/16/2026,1965.0,1975.0,1862.5,1890.0,-2.58,6896.0,2192.8,1026.0
MLBSL,3/17/2026,1890.0,1910.0,1842.4,1907.0,0.9,2391.0,2192.8,1026.0
MLBSL,3/18/2026,1890.0,1910.0,1842.4,1907.0,0.0,2391.0,2192.8,1026.0
MLBSL,3/19/2026,1885.0,1920.0,1848.0,1919.9,0.68,2336.0,2192.8,1026.0
MLBSL,3/20/2026,1885.0,1920.0,1848.0,1919.9,0.0,2336.0,2192.8,1026.0
MLBSL,3/21/2026,1885.0,1920.0,1848.0,1919.9,0.0,2336.0,2192.8,1026.0
MLBSL,3/22/2026,1958.2,1960.0,1895.0,1960.0,2.09,3312.0,2192.8,1026.0
MLBSL,3/23/2026,1950.0,1960.0,1930.0,1956.0,-0.2,1623.0,2192.8,1026.0
MLBSL,3/24/2026,1956.0,2019.0,1943.0,2010.0,2.76,3643.0,2192.8,1026.0
MLBSL,3/25/2026,1970.1,1985.0,1955.0,1976.0,-1.69,1208.0,2192.8,1026.0
MLBSL,3/26/2026,1999.9,2000.2,1950.0,1979.0,-1.05,771.0,2192.8,1026.0
MLBSL,3/29/2026,1950.0,1959.0,1920.0,1948.9,-0.06,935.0,2192.8,1026.0
MLBSL,3/30/2026,1910.0,1945.0,1900.2,1911.0,0.05,784.0,2192.8,1026.0
MLBSL,3/31/2026,1882.0,1919.0,1882.0,1919.0,1.97,1141.0,2192.8,1026.0
MLBSL,4/1/2026,1885.0,1885.0,1840.0,1840.0,-2.39,1378.0,2192.8,1026.0
MLBSL,4/2/2026,1840.0,1890.0,1826.0,1859.5,1.06,1567.0,2192.8,1026.0
MLBSL,4/5/2026,1842.0,1842.0,1765.0,1772.0,-3.8,2622.0,2192.8,1026.0
MLBSL,4/6/2026,1800.0,1870.0,1770.0,1870.0,3.89,2080.0,2192.8,1026.0
MLBSL,4/7/2026,1855.0,1855.0,1815.0,1840.0,-0.81,952.0,2192.8,1026.0
MLBSL,4/8/2026,1807.0,1839.2,1803.2,1839.0,1.77,1805.0,2192.8,1026.0
MLBSL,4/9/2026,1820.0,1856.0,1820.0,1840.0,1.1,1393.0,2192.8,1026.0
MLBSL,4/10/2026,1875.0,1875.0,1840.1,1845.0,-1.6,702.0,2192.8,1026.0
MLBSL,4/13/2026,1820.0,1861.0,1820.0,1861.0,2.25,805.0,2192.8,1026.0
MLBSL,4/15/2026,1825.0,1860.0,1825.0,1840.0,0.82,636.0,2192.8,1026.0
MLBSL,4/16/2026,1840.0,1840.0,1795.0,1840.0,0.0,1243.0,2192.8,1026.0
MLBSL,4/17/2026,1807.0,1848.0,1803.2,1848.0,2.27,1802.0,2192.8,1026.0
MLBSL,4/20/2026,1870.0,1870.0,1820.0,1847.9,-1.18,190.0,2192.8,1026.0
MLBSL,4/21/2026,1847.9,1847.9,1804.0,1844.0,-0.21,253.0,2192.8,1026.0
MLBSL,4/22/2026,1865.0,1865.0,1810.0,1840.0,-1.34,510.0,2192.8,1026.0
MLBSL,4/23/2026,1795.0,1806.1,1795.0,1806.1,0.62,481.0,2192.8,1026.0
MLBSL,4/24/2026,1806.1,1810.0,1780.2,1800.0,-0.34,795.0,2192.8,1026.0
MLBSL,4/27/2026,1800.0,1825.0,1783.0,1814.0,0.78,1243.0,2192.8,1026.0
MLBSL,4/28/2026,1814.0,1814.0,1777.0,1811.0,-0.17,798.0,2192.8,1026.0
MLBSL,4/29/2026,1811.0,1811.0,1777.0,1800.0,-0.61,361.0,2192.8,1026.0
MLBSL,4/30/2026,1790.0,1799.0,1750.0,1789.0,-0.06,1684.0,2192.8,1026.0
MLBSL,5/4/2026,1750.1,1779.0,1750.1,1758.0,0.45,311.0,2192.8,1026.0
MLBSL,5/5/2026,1731.0,1777.0,1725.0,1761.0,1.73,1462.0,2192.8,1026.0
MLBSL,5/6/2026,1755.0,1764.0,1750.0,1750.0,-0.28,90.0,2192.8,1026.0
MLBSL,5/7/2026,1764.9,1798.0,1764.9,1796.0,1.76,483.0,2192.8,1026.0
MLBSL,5/8/2026,1792.0,1813.0,1792.0,1813.0,1.17,666.0,2192.8,1026.0
MLBSL,5/11/2026,1820.0,1837.0,1802.0,1829.9,0.54,398.0,2192.8,1026.0
MLBSL,5/12/2026,1801.0,1850.0,1800.0,1805.0,0.22,1961.0,2192.8,1026.0
MLBSL,5/13/2026,1805.0,1805.0,1783.0,1798.0,-0.39,302.0,2192.8,1026.0
MLBSL,5/14/2026,1805.0,1805.0,1770.0,1799.7,-0.29,885.0,2192.8,1026.0
MLBSL,5/15/2026,1753.0,1810.0,1700.0,1790.1,2.12,1567.0,2192.8,1026.0
MLBSL,5/18/2026,1790.0,1790.0,1750.0,1779.0,-0.61,287.0,2192.8,1026.0
MLBSL,5/19/2026,1750.0,1780.0,1750.0,1780.0,1.71,343.0,2192.8,1026.0
MLBSL,5/20/2026,1775.0,1775.0,1760.0,1775.0,0.0,846.0,2192.8,1026.0
MLBSL,5/21/2026,1775.0,1825.0,1760.0,1825.0,2.82,253.0,2192.8,1026.0
MLBSL,5/22/2026,1780.0,1823.7,1780.0,1800.0,1.12,210.0,2192.8,1026.0
MLBSL,5/25/2026,1800.0,1820.0,1790.0,1820.0,1.11,634.0,2192.8,1026.0
MLBSL,5/26/2026,1810.0,1830.0,1800.1,1801.0,-0.5,825.0,2192.8,1026.0
MLBSL,5/27/2026,1830.0,1835.0,1800.0,1819.0,-0.6,462.0,2192.8,1026.0
MLBSL,6/1/2026,1819.0,1819.0,1800.0,1805.0,-0.77,1485.0,2192.8,1026.0
MLBSL,6/2/2026,1786.9,1825.0,1786.9,1801.1,0.79,1154.0,2192.8,1026.0
MLBSL,6/3/2026,1771.0,1817.0,1771.0,1817.0,2.6,435.0,2192.8,1026.0
MLBSL,6/4/2026,1817.0,1817.0,1780.0,1780.0,-2.04,76.0,2192.8,1026.0
MLBSL,6/5/2026,1770.0,1790.0,1770.0,1790.0,1.13,121.0,2192.8,1026.0
MLBSL,6/8/2026,1789.9,1790.0,1781.0,1781.0,-0.5,1081.0,2192.8,1026.0
MLBSL,6/9/2026,1771.0,1780.0,1757.0,1760.2,-0.61,551.0,2192.8,1026.0
MLBSL,6/10/2026,1770.0,1800.0,1766.0,1800.0,1.69,364.0,2192.8,1026.0
MLBSL,6/11/2026,1780.0,1800.0,1763.0,1800.0,1.12,549.0,2192.8,1026.0
MLBSL,6/12/2026,1750.0,1780.0,1750.0,1780.0,1.71,222.0,2192.8,1026.0
MLBSL,6/15/2026,1780.0,1790.0,1751.0,1790.0,0.56,100.0,2192.8,1026.0
MLBSL,6/16/2026,1760.0,1760.1,1755.0,1757.0,-0.17,152.0,2192.8,1026.0
MLBSL,6/17/2026,1757.0,1787.0,1740.0,1769.9,0.73,996.0,2192.8,1026.0
MLBSL,6/18/2026,1810.0,1810.0,1745.0,1745.0,-3.59,635.0,2192.8,1026.0
MLBSL,6/19/2026,1750.0,1795.0,1741.0,1764.0,0.8,353.0,2192.8,1026.0
MLBSL,6/22/2026,1745.0,1794.0,1741.2,1794.0,2.81,583.0,2192.8,1026.0
MLBSL,6/23/2026,1750.0,1779.9,1740.0,1742.0,-0.46,439.0,2192.8,1026.0
MLBSL,6/24/2026,1720.1,1781.9,1720.1,1772.0,3.02,394.0,2192.8,1026.0
MLBSL,6/26/2026,1721.0,1777.0,1700.0,1731.0,0.58,1054.0,2192.8,1026.0
MLBSL,6/29/2026,1702.0,1731.0,1695.0,1710.0,0.47,748.0,2192.8,1026.0
MLBSL,6/30/2026,1700.0,1725.0,1700.0,1713.0,0.76,374.0,2192.8,1026.0
MLBSL,7/1/2026,1713.0,1745.0,1700.0,1745.0,1.87,294.0,2192.8,1026.0
MLBSL,7/2/2026,1711.0,1740.0,1700.0,1740.0,1.69,550.0,2192.8,1026.0
MLBSL,7/3/2026,1705.2,1740.0,1705.2,1712.0,0.4,57.0,2192.8,1026.0
MLBSL,7/6/2026,1715.0,1742.0,1695.0,1740.0,1.46,258.0,2192.8,1026.0
MLBSL,7/7/2026,1754.0,1754.0,1702.0,1750.0,-0.23,527.0,2192.8,1026.0
MLBSL,7/8/2026,1700.0,1748.7,1681.3,1739.0,2.29,120.0,2192.8,1026.0
MLBSL,7/9/2026,1739.0,1739.0,1690.2,1729.9,-0.52,308.0,2192.8,1026.0
MLBSL,7/10/2026,1686.2,1700.0,1686.2,1700.0,0.82,301.0,2192.8,1026.0
MLBSL,7/13/2026,1700.0,1700.0,1650.5,1665.0,-2.06,307.0,2192.8,1026.0
MLBSL,7/14/2026,1633.0,1703.8,1633.0,1703.8,4.34,242.0,2192.8,1026.0
MLBSL,7/15/2026,1740.8,1740.8,1700.0,1735.0,-0.33,118.0,2192.8,1026.0
MLBSL,7/16/2026,1734.0,1734.0,1686.0,1734.0,0.0,76.0,2192.8,1026.0
MLBSL,7/17/2026,1730.8,1759.0,1730.8,1759.0,1.63,292.0,2192.8,1026.0
MLBSL,7/20/2026,1780.0,1780.0,1780.0,1780.0,0.0,46.0,2192.8,1026.0
MLBSL,7/21/2026,1780.0,1780.0,1701.3,1767.0,-0.73,352.0,2192.8,1026.0
MLBSL,7/22/2026,1740.0,1740.0,1710.0,1711.0,-1.67,210.0,2192.8,1026.0
MLBSL,7/23/2026,1711.0,1740.0,1710.0,1738.0,1.58,317.0,2192.8,1026.0
MLBSL,7/24/2026,1740.0,1741.0,1691.1,1739.9,-0.01,126.0,2192.8,1026.0
MLBSL,7/27/2026,1715.0,1738.9,1696.2,1735.0,1.17,568.0,2192.8,1026.0
MLBSL,7/28/2026,1729.9,1729.9,1695.0,1727.0,-0.17,586.0,2192.8,1026.0
MLBSL,7/29/2026,1727.0,1727.0,1690.0,1690.0,-2.14,51.0,2192.8,1026.0
MLBSL,7/30/2026,1690.0,1690.0,1639.0,1690.0,0.0,1088.0,2192.8,1026.0
MLBSL,7/31/2026,1675.0,1675.0,1630.0,1653.0,-1.31,3046.0,2192.8,1026.0
MLBSL,8/3/2026,1700.0,1751.0,1615.0,1615.0,-5.0,607.0,2192.8,1026.0
MLBSL,8/4/2026,1663.4,1713.3,1663.4,1680.0,1.0,457.0,2192.8,1026.0
MLBSL,8/5/2026,1640.0,1660.0,1635.1,1635.1,-0.3,497.0,2192.8,1026.0
MLBSL,8/6/2026,1635.0,1640.0,1600.0,1600.0,-2.14,1081.0,2192.8,1026.0
MLBSL,8/7/2026,1601.0,1620.0,1601.0,1620.0,1.19,445.0,2192.8,1026.0
MLBSL,8/10/2026,1602.0,1638.0,1601.1,1610.0,0.5,399.0,2192.8,1026.0
MLBSL,8/11/2026,1560.0,1560.0,1368.5,1370.0,-12.18,29670.0,2192.8,1026.0
MLBSL,8/12/2026,1370.0,1370.0,1291.0,1299.0,-5.18,7755.0,2192.8,1026.0
MLBSL,8/13/2026,1234.1,1349.9,1234.1,1310.0,6.15,3558.0,2192.8,1026.0
MLBSL,8/14/2026,1310.0,1310.0,1275.1,1279.0,-2.37,1892.0,2192.8,1026.0
MLBSL,8/17/2026,1279.1,1279.1,1195.0,1195.0,-6.57,9186.0,2192.8,1026.0
MLBSL,8/18/2026,1195.0,1215.0,1180.0,1198.0,0.25,3974.0,2192.8,1026.0
MLBSL,8/19/2026,1220.0,1220.0,1175.0,1218.0,-0.16,2428.0,2192.8,1026.0
MLBSL,8/20/2026,1220.0,1225.0,1206.1,1219.9,-0.01,1440.0,2192.8,1026.0
MLBSL,8/21/2026,1210.0,1215.0,1184.2,1184.2,-2.13,1255.0,2192.8,1026.0
MLBSL,8/24/2026,1190.0,1198.0,1160.1,1180.0,-0.84,1656.0,2192.8,1026.0
MLBSL,8/25/2026,1164.0,1165.0,1150.2,1163.0,-0.09,1789.0,2192.8,1026.0
MLBSL,8/26/2026,1163.0,1163.0,1115.5,1130.0,-2.84,856.0,2192.8,1026.0
MLBSL,8/27/2026,1117.0,1117.0,1090.0,1096.0,-1.88,1473.0,2192.8,1026.0
MLBSL,8/31/2026,1128.0,1128.0,1050.0,1050.0,-6.91,2828.0,2192.8,1026.0
MLBSL,9/1/2026,1050.0,1099.0,1026.0,1036.1,-1.32,1955.0,2192.8,1026.0
MLBSL,9/2/2026,1064.0,1067.0,1036.1,1037.0,-2.54,1289.0,2192.8,1026.0
MLBSL,9/3/2026,1060.0,1060.0,1044.0,1055.0,-0.47,1070.0,2192.8,1026.0
MLBSL,9/7/2026,1060.0,1083.7,1055.0,1072.0,1.13,888.0,2192.8,1026.0
MLBSL,9/9/2026,1070.0,1085.7,1065.0,1077.0,0.65,899.0,2192.8,1026.0
MLBSL,9/10/2026,1075.0,1075.1,1050.0,1075.1,0.01,471.0,2192.8,1026.0
MLBSL,9/11/2026,1052.0,1137.9,1052.0,1076.0,2.28,1307.0,2192.8,1026.0
MLBSL,9/14/2026,1090.0,1099.0,1086.0,1088.1,-0.17,449.0,2192.8,1026.0
MLBSL,9/15/2026,1108.0,1249.0,1101.2,1119.0,0.99,2245.0,2192.8,1026.0
MLBSL,9/16/2026,1149.9,1149.9,1125.0,1125.0,-2.17,935.0,2192.8,1026.0
MLBSL,9/17/2026,1140.0,1140.0,1125.0,1125.0,-1.32,1228.0,2192.8,1026.0
MLBSL,9/18/2026,1140.0,1140.0,1112.0,1133.0,-0.61,1132.0,2192.8,1026.0
MLBSL,9/22/2026,1134.0,1135.1,1126.0,1126.0,-0.71,1026.0,2192.8,1026.0
MLBSL,9/23/2026,1126.0,1126.0,1111.0,1111.0,-1.33,580.0,2192.8,1026.0
MLBSL,9/24/2026,1107.0,1126.4,1107.0,1126.4,1.75,626.0,2192.8,1026.0
MLBSL,9/28/2026,1110.0,1118.0,1107.0,1110.0,0.0,1548.0,2192.8,1026.0
MLBSL,9/29/2026,1100.1,1115.0,1091.0,0.0,-100.0,531.0,2192.8,1026.0
MLBSL,9/30/2026,1090.0,1100.0,1066.2,1100.0,0.92,507.0,2192.8,1026.0
MLBSL,10/1/2026,1105.0,1105.0,1081.0,1081.0,-2.17,330.0,2192.8,1026.0
MLBSL,10/2/2026,1082.0,1095.0,1082.0,1082.1,0.01,464.0,2192.8,1026.0
MLBSLP,1/20/2026,100.0,100.0,100.0,100.0,,83024.0,100.0,100.0
MLBSP,5/18/2026,698.0,698.0,698.0,698.0,0.0,6000.0,957.0,698.0
MMF1,1/26/2026,8.75,8.8,8.58,8.78,,50850.0,10.16,8.27
MMF1,1/27/2026,8.67,8.96,8.67,8.73,-0.57,184228.0,10.16,8.27
MMF1,1/28/2026,8.73,9.0,8.73,8.8,0.8,117444.0,10.16,8.27
MMF1,1/29/2026,8.67,9.04,8.67,8.86,0.68,133100.0,10.16,8.27
MMF1,2/1/2026,8.8,9.14,8.8,9.0,1.58,228710.0,10.16,8.27
MMF1,2/2/2026,8.83,9.18,8.83,9.15,1.67,97325.0,10.16,8.27
MMF1,2/3/2026,9.33,9.68,8.8,9.68,5.79,345512.0,10.16,8.27
MMF1,2/4/2026,9.5,9.69,9.5,9.6,-0.83,334351.0,10.16,8.27
MMF1,2/5/2026,9.42,9.42,8.82,9.0,-6.25,9710.0,10.16,8.27
MMF1,2/8/2026,9.0,9.14,8.95,8.95,-0.56,12830.0,10.16,8.27
MMF1,2/9/2026,8.78,9.25,8.78,8.92,-0.34,7100.0,10.16,8.27
MMF1,2/10/2026,9.09,9.1,8.99,9.05,1.46,19570.0,10.16,8.27
MMF1,2/11/2026,9.18,9.23,8.72,8.92,-1.44,16830.0,10.16,8.27
MMF1,2/12/2026,9.05,9.2,8.81,9.08,1.79,50545.0,10.16,8.27
MMF1,2/16/2026,9.26,9.26,8.91,8.92,-1.76,14750.0,10.16,8.27
MMF1,2/17/2026,8.8,9.27,8.79,9.0,0.9,9100.0,10.16,8.27
MMF1,2/22/2026,9.18,9.18,8.92,9.05,0.56,24416.0,10.16,8.27
MMF1,2/23/2026,9.23,9.8,8.9,9.61,6.19,210071.0,10.16,8.27
MMF1,2/24/2026,9.8,9.8,9.25,9.62,0.1,8860.0,10.16,8.27
MMF1,2/25/2026,9.8,9.8,9.61,9.75,1.35,1400.0,10.16,8.27
MMF1,2/26/2026,9.69,9.69,9.26,9.53,-2.26,16829.0,10.16,8.27
MMF1,2/27/2026,9.69,9.69,9.26,9.53,0.0,16829.0,10.16,8.27
MMF1,2/28/2026,9.69,9.69,9.26,9.53,0.0,16829.0,10.16,8.27
MMF1,3/2/2026,9.7,9.7,9.16,9.25,-2.94,29800.0,10.16,8.27
MMF1,3/3/2026,9.08,9.5,9.08,9.43,1.95,30806.0,10.16,8.27
MMF1,3/4/2026,9.08,9.5,9.08,9.43,0.0,30806.0,10.16,8.27
MMF1,3/5/2026,9.08,9.5,9.08,9.43,0.0,30806.0,10.16,8.27
MMF1,3/6/2026,9.08,9.5,9.08,9.43,0.0,30806.0,10.16,8.27
MMF1,3/7/2026,9.08,9.5,9.08,9.43,0.0,30806.0,10.16,8.27
MMF1,3/8/2026,9.08,9.5,9.08,9.43,0.0,30806.0,10.16,8.27
MMF1,3/10/2026,9.61,9.79,9.31,9.55,1.27,60999.0,10.16,8.27
MMF1,3/11/2026,9.74,9.74,9.42,9.6,0.52,9078.0,10.16,8.27
MMF1,3/12/2026,9.77,9.85,9.26,9.5,-1.04,318307.0,10.16,8.27
MMF1,3/13/2026,9.77,9.85,9.26,9.5,0.0,318307.0,10.16,8.27
MMF1,3/14/2026,9.77,9.85,9.26,9.5,0.0,318307.0,10.16,8.27
MMF1,3/15/2026,9.35,9.5,9.3,9.36,-1.47,29944.0,10.16,8.27
MMF1,3/16/2026,9.3,9.72,9.21,9.53,1.82,23369.0,10.16,8.27
MMF1,3/17/2026,9.72,9.72,9.25,9.45,-0.84,11219.0,10.16,8.27
MMF1,3/18/2026,9.72,9.72,9.25,9.45,0.0,11219.0,10.16,8.27
MMF1,3/19/2026,9.45,9.63,9.32,9.43,-0.21,85978.0,10.16,8.27
MMF1,3/20/2026,9.45,9.63,9.32,9.43,0.0,85978.0,10.16,8.27
MMF1,3/21/2026,9.45,9.63,9.32,9.43,0.0,85978.0,10.16,8.27
MMF1,3/22/2026,9.5,9.88,9.5,9.88,4.77,241871.0,10.16,8.27
MMF1,3/23/2026,10.07,10.07,9.5,9.97,0.91,9010.0,10.16,8.27
MMF1,3/24/2026,10.09,10.09,9.6,9.88,-0.9,27758.0,10.16,8.27
MMF1,3/25/2026,10.0,10.0,9.62,9.83,-0.51,37750.0,10.16,8.27
MMF1,3/26/2026,9.64,9.83,9.56,9.8,1.66,19635.0,10.16,8.27
MMF1,3/29/2026,9.99,9.99,9.45,9.8,-1.9,9211.0,10.16,8.27
MMF1,3/30/2026,9.8,9.8,9.46,9.8,0.0,14940.0,10.16,8.27
MMF1,3/31/2026,9.99,9.99,9.6,9.94,-0.5,28120.0,10.16,8.27
MMF1,4/1/2026,9.8,9.95,9.42,9.8,0.0,19800.0,10.16,8.27
MMF1,4/2/2026,9.9,9.99,9.41,9.57,-3.33,26012.0,10.16,8.27
MMF1,4/5/2026,9.38,9.48,9.13,9.47,0.96,33515.0,10.16,8.27
MMF1,4/6/2026,9.47,9.65,9.1,9.58,1.16,70687.0,10.16,8.27
MMF1,4/7/2026,9.39,9.65,9.22,9.61,2.34,35716.0,10.16,8.27
MMF1,4/8/2026,9.8,9.8,9.32,9.64,-1.63,62927.0,10.16,8.27
MMF1,4/9/2026,9.45,9.66,9.09,9.66,2.22,49600.0,10.16,8.27
MMF1,4/10/2026,9.85,9.85,9.39,9.68,-1.73,86807.0,10.16,8.27
MMF1,4/13/2026,9.51,9.79,9.32,9.41,-1.05,25393.0,10.16,8.27
MMF1,4/15/2026,9.4,10.16,9.4,9.85,4.79,38500.0,10.16,8.27
MMF1,4/16/2026,9.66,9.81,9.61,9.75,0.93,50140.0,10.16,8.27
MMF1,4/17/2026,9.75,9.8,9.61,9.69,-0.62,24598.0,10.16,8.27
MMF1,4/20/2026,9.69,9.9,9.46,9.7,0.1,24307.0,10.16,8.27
MMF1,4/21/2026,9.89,9.89,9.22,9.23,-6.67,22450.0,10.16,8.27
MMF1,4/22/2026,9.23,9.68,8.97,9.42,2.06,28410.0,10.16,8.27
MMF1,4/23/2026,9.7,9.99,9.13,9.51,-1.96,16450.0,10.16,8.27
MMF1,4/24/2026,9.51,9.99,9.39,9.56,0.53,18370.0,10.16,8.27
MMF1,4/27/2026,9.56,9.98,8.87,9.7,1.46,24847.0,10.16,8.27
MMF1,4/28/2026,9.7,9.99,9.07,9.66,-0.41,10673.0,10.16,8.27
MMF1,4/29/2026,9.66,9.68,9.22,9.6,-0.62,18600.0,10.16,8.27
MMF1,4/30/2026,9.7,9.7,9.29,9.56,-1.44,11300.0,10.16,8.27
MMF1,5/4/2026,9.56,9.8,9.08,9.56,0.0,26750.0,10.16,8.27
MMF1,5/5/2026,9.56,9.8,9.29,9.4,-1.67,6020.0,10.16,8.27
MMF1,5/6/2026,9.4,9.78,9.2,9.51,1.17,12563.0,10.16,8.27
MMF1,5/7/2026,9.79,9.79,9.22,9.63,-1.63,16420.0,10.16,8.27
MMF1,5/8/2026,9.35,9.9,9.35,9.5,1.6,42403.0,10.16,8.27
MMF1,5/11/2026,9.5,9.9,9.31,9.51,0.11,18635.0,10.16,8.27
MMF1,5/12/2026,9.79,10.07,9.06,9.59,-2.04,7500.0,10.16,8.27
MMF1,5/13/2026,9.34,9.71,9.08,9.5,1.71,7401.0,10.16,8.27
MMF1,5/14/2026,9.34,9.6,9.23,9.4,0.64,2900.0,10.16,8.27
MMF1,5/15/2026,9.13,9.58,9.13,9.5,4.05,9280.0,10.16,8.27
MMF1,5/18/2026,9.58,9.58,9.39,9.5,-0.84,14700.0,10.16,8.27
MMF1,5/19/2026,9.57,9.59,9.31,9.55,-0.21,7140.0,10.16,8.27
MMF1,5/20/2026,9.5,9.79,9.31,9.32,-1.89,11840.0,10.16,8.27
MMF1,5/21/2026,9.32,9.59,9.25,9.48,1.72,34899.0,10.16,8.27
MMF1,5/22/2026,9.6,9.6,8.98,9.59,-0.1,15300.0,10.16,8.27
MMF1,5/25/2026,9.7,9.7,9.39,9.57,-1.34,5205.0,10.16,8.27
MMF1,5/26/2026,9.29,9.6,9.29,9.55,2.8,12200.0,10.16,8.27
MMF1,5/27/2026,9.32,9.6,9.32,9.48,1.72,15997.0,10.16,8.27
MMF1,6/1/2026,9.6,9.6,9.23,9.48,-1.25,18920.0,10.16,8.27
MMF1,6/2/2026,9.76,9.76,9.2,9.45,-3.18,2800.0,10.16,8.27
MMF1,6/3/2026,9.22,9.5,9.22,9.49,2.93,16597.0,10.16,8.27
MMF1,6/4/2026,9.23,9.48,9.22,9.42,2.06,9940.0,10.16,8.27
MMF1,6/5/2026,9.53,9.53,8.93,9.45,-0.84,13360.0,10.16,8.27
MMF1,6/8/2026,9.6,9.6,9.25,9.5,-1.04,116300.0,10.16,8.27
MMF1,6/9/2026,9.35,9.62,9.35,9.41,0.64,40400.0,10.16,8.27
MMF1,6/10/2026,9.4,9.54,9.4,9.45,0.53,24945.0,10.16,8.27
MMF1,6/11/2026,9.6,9.6,9.33,9.52,-0.83,21700.0,10.16,8.27
MMF1,6/12/2026,9.59,9.59,9.32,9.55,-0.42,10800.0,10.16,8.27
MMF1,6/15/2026,9.3,9.57,9.3,9.55,2.69,53100.0,10.16,8.27
MMF1,6/16/2026,9.5,9.57,9.38,9.56,0.63,37206.0,10.16,8.27
MMF1,6/17/2026,9.55,9.84,9.35,9.58,0.31,22200.0,10.16,8.27
MMF1,6/18/2026,9.45,9.58,9.4,9.58,1.38,33464.0,10.16,8.27
MMF1,6/19/2026,9.58,9.58,9.28,9.45,-1.36,35590.0,10.16,8.27
MMF1,6/22/2026,9.73,9.73,8.89,9.58,-1.54,63550.0,10.16,8.27
MMF1,6/23/2026,9.75,9.75,9.17,9.6,-1.54,34862.0,10.16,8.27
MMF1,6/24/2026,9.79,9.79,9.4,9.63,-1.63,28430.0,10.16,8.27
MMF1,6/26/2026,9.72,9.72,9.3,9.6,-1.23,57800.0,10.16,8.27
MMF1,6/29/2026,9.87,9.87,9.35,9.6,-2.74,27821.0,10.16,8.27
MMF1,6/30/2026,9.35,10.15,9.35,9.7,3.74,10350.0,10.16,8.27
MMF1,7/1/2026,9.71,9.97,9.45,9.65,-0.62,20200.0,10.16,8.27
MMF1,7/2/2026,9.93,9.93,9.4,9.7,-2.32,12700.0,10.16,8.27
MMF1,7/3/2026,9.7,9.95,9.5,9.75,0.52,5300.0,10.16,8.27
MMF1,7/6/2026,9.75,9.75,9.26,9.47,-2.87,11150.0,10.16,8.27
MMF1,7/7/2026,9.75,9.75,9.47,9.68,-0.72,40360.0,10.16,8.27
MMF1,7/8/2026,9.9,9.9,9.3,9.79,-1.11,17730.0,10.16,8.27
MMF1,7/9/2026,9.5,9.88,9.5,9.5,0.0,65000.0,10.16,8.27
MMF1,7/10/2026,9.7,9.7,9.5,9.6,-1.03,34230.0,10.16,8.27
MMF1,7/13/2026,9.6,9.8,9.5,9.7,1.04,457040.0,10.16,8.27
MMF1,7/14/2026,9.59,9.83,9.22,9.8,2.19,584880.0,10.16,8.27
MMF1,7/15/2026,9.51,9.8,9.14,9.75,2.52,28597.0,10.16,8.27
MMF1,7/16/2026,9.8,9.8,9.3,9.75,-0.51,26000.0,10.16,8.27
MMF1,7/17/2026,9.46,9.87,9.3,9.87,4.33,5700.0,10.16,8.27
MMF1,7/20/2026,10.0,10.0,9.43,9.75,-2.5,7704.0,10.16,8.27
MMF1,7/21/2026,10.0,10.0,9.27,9.46,-5.4,80084.0,10.16,8.27
MMF1,7/22/2026,9.18,9.69,9.18,9.69,5.56,16100.0,10.16,8.27
MMF1,7/23/2026,9.4,9.5,9.12,9.5,1.06,5203.0,10.16,8.27
MMF1,7/24/2026,9.4,9.47,9.12,9.47,0.74,45580.0,10.16,8.27
MMF1,7/27/2026,9.19,9.5,9.0,9.5,3.37,4861.0,10.16,8.27
MMF1,7/28/2026,9.22,9.29,9.0,9.12,-1.08,31960.0,10.16,8.27
MMF1,7/29/2026,9.0,9.29,9.0,9.2,2.22,38440.0,10.16,8.27
MMF1,7/30/2026,9.0,9.2,8.95,9.0,0.0,35440.0,10.16,8.27
MMF1,7/31/2026,8.74,9.15,8.74,9.15,4.69,32800.0,10.16,8.27
MMF1,8/3/2026,8.9,9.17,8.9,9.17,3.03,103081.0,10.16,8.27
MMF1,8/4/2026,8.9,9.0,8.9,9.0,1.12,28000.0,10.16,8.27
MMF1,8/5/2026,8.77,9.27,8.77,9.27,5.7,11500.0,10.16,8.27
MMF1,8/6/2026,9.24,9.24,8.73,8.75,-5.3,1700.0,10.16,8.27
MMF1,8/7/2026,8.32,9.15,8.32,8.88,6.73,14980.0,10.16,8.27
MMF1,8/10/2026,8.9,8.98,8.72,8.98,0.9,9400.0,10.16,8.27
MMF1,8/11/2026,8.73,8.99,8.73,8.9,1.95,12930.0,10.16,8.27
MMF1,8/12/2026,8.72,9.16,8.72,9.01,3.33,8950.0,10.16,8.27
MMF1,8/13/2026,8.8,9.0,8.8,9.0,2.27,1000.0,10.16,8.27
MMF1,8/14/2026,8.73,9.0,8.55,8.94,2.41,3400.0,10.16,8.27
MMF1,8/17/2026,8.68,9.0,8.68,8.99,3.57,4500.0,10.16,8.27
MMF1,8/18/2026,9.0,9.22,8.9,8.9,-1.11,2500.0,10.16,8.27
MMF1,8/19/2026,8.64,9.13,8.6,8.67,0.35,8240.0,10.16,8.27
MMF1,8/20/2026,8.7,9.15,8.51,8.96,2.99,8784.0,10.16,8.27
MMF1,8/21/2026,8.8,8.96,8.7,8.95,1.7,5020.0,10.16,8.27
MMF1,8/24/2026,8.7,9.21,8.44,8.95,2.87,8501.0,10.16,8.27
MMF1,8/25/2026,9.19,9.19,8.7,8.7,-5.33,10100.0,10.16,8.27
MMF1,8/26/2026,8.96,9.21,8.73,9.07,1.23,19695.0,10.16,8.27
MMF1,8/27/2026,9.15,9.25,8.6,8.7,-4.92,9800.0,10.16,8.27
MMF1,8/31/2026,8.5,9.18,8.5,8.96,5.41,4879.0,10.16,8.27
MMF1,9/1/2026,8.97,9.0,8.64,8.99,0.22,12079.0,10.16,8.27
MMF1,9/2/2026,8.74,8.99,8.56,8.9,1.83,7500.0,10.16,8.27
MMF1,9/3/2026,8.64,8.89,8.64,8.77,1.5,5641.0,10.16,8.27
MMF1,9/7/2026,8.98,9.0,8.73,9.0,0.22,2500.0,10.16,8.27
MMF1,9/9/2026,9.0,9.08,8.73,8.99,-0.11,4500.0,10.16,8.27
MMF1,9/10/2026,8.9,9.08,8.64,9.06,1.8,14460.0,10.16,8.27
MMF1,9/11/2026,8.9,8.95,8.9,8.95,0.56,900.0,10.16,8.27
MMF1,9/14/2026,9.0,9.0,8.62,8.88,-1.33,4606.0,10.16,8.27
MMF1,9/15/2026,8.9,9.0,8.62,8.89,-0.11,43172.0,10.16,8.27
MMF1,9/16/2026,8.63,8.98,8.63,8.97,3.94,4169.0,10.16,8.27
MMF1,9/17/2026,9.0,9.0,8.64,8.97,-0.33,8109.0,10.16,8.27
MMF1,9/18/2026,8.94,8.95,8.71,8.78,-1.79,19500.0,10.16,8.27
MMF1,9/22/2026,8.78,9.03,8.65,8.93,1.71,19700.0,10.16,8.27
MMF1,9/23/2026,8.9,9.0,8.76,8.8,-1.12,4800.0,10.16,8.27
MMF1,9/24/2026,8.61,8.93,8.61,8.93,3.72,4350.0,10.16,8.27
MMF1,9/28/2026,8.68,8.89,8.42,8.89,2.42,7300.0,10.16,8.27
MMF1,9/29/2026,8.88,8.9,8.63,0.0,-100.0,5683.0,10.16,8.27
MMF1,9/30/2026,8.75,8.91,8.51,8.75,0.0,6500.0,10.16,8.27
MMF1,10/1/2026,8.95,8.95,8.7,8.75,-2.23,6900.0,10.16,8.27
MMF1,10/2/2026,8.6,8.83,8.57,8.83,2.67,5270.0,10.16,8.27
MMKJL,12/21/2025,617.0,625.0,600.0,603.5,,21264.0,667.0,309.0
MMKJL,12/22/2025,603.5,609.6,585.1,585.2,-3.03,28318.0,667.0,309.0
MMKJL,12/23/2025,573.5,626.0,573.5,605.0,3.38,21808.0,667.0,309.0
MMKJL,12/24/2025,592.9,629.0,582.0,606.9,0.31,18668.0,667.0,309.0
MMKJL,12/28/2025,602.0,626.0,598.0,613.0,1.01,18193.0,667.0,309.0
MMKJL,12/29/2025,600.8,625.0,600.8,617.8,0.78,22383.0,667.0,309.0
MMKJL,12/31/2025,605.5,650.0,605.5,627.0,1.49,37956.0,667.0,309.0
MMKJL,1/1/2026,620.0,654.0,605.0,614.8,-1.95,24698.0,667.0,309.0
MMKJL,1/4/2026,602.6,619.0,594.3,606.0,-1.43,25656.0,667.0,309.0
MMKJL,1/5/2026,593.9,621.9,593.9,609.0,0.5,55313.0,667.0,309.0
MMKJL,1/6/2026,597.0,620.8,597.0,600.0,-1.48,19184.0,667.0,309.0
MMKJL,1/7/2026,600.0,600.0,588.0,597.5,-0.42,15674.0,667.0,309.0
MMKJL,1/8/2026,590.1,623.2,588.0,600.0,0.42,40733.0,667.0,309.0
MMKJL,1/12/2026,601.0,609.0,588.0,595.0,-0.83,24982.0,667.0,309.0
MMKJL,1/13/2026,606.0,606.0,583.2,600.0,0.84,20149.0,667.0,309.0
MMKJL,1/14/2026,590.3,611.0,585.0,587.0,-2.17,20011.0,667.0,309.0
MMKJL,1/18/2026,590.0,597.0,588.0,593.0,1.02,15014.0,667.0,309.0
MMKJL,1/20/2026,602.0,605.0,592.6,593.1,0.02,14789.0,667.0,309.0
MMKJL,1/21/2026,595.0,600.0,585.7,586.0,-1.2,19080.0,667.0,309.0
MMKJL,1/22/2026,596.0,596.0,579.0,580.3,-0.97,79031.0,667.0,309.0
MMKJL,1/25/2026,591.9,593.0,577.0,593.0,2.19,72746.0,667.0,309.0
MMKJL,1/26/2026,590.0,596.0,583.0,595.0,0.34,37860.0,667.0,309.0
MMKJL,1/27/2026,595.9,615.0,595.0,595.1,0.02,49429.0,667.0,309.0
MMKJL,1/28/2026,591.1,612.8,591.0,608.9,2.32,61960.0,667.0,309.0
MMKJL,1/29/2026,609.1,621.0,602.0,604.5,-0.72,41366.0,667.0,309.0
MMKJL,2/1/2026,614.9,614.9,590.0,600.0,-0.74,19293.0,667.0,309.0
MMKJL,2/2/2026,611.0,612.0,590.0,600.0,0.0,17243.0,667.0,309.0
MMKJL,2/3/2026,600.1,600.1,588.2,598.0,-0.33,12654.0,667.0,309.0
MMKJL,2/4/2026,599.0,604.5,588.0,591.0,-1.17,14602.0,667.0,309.0
MMKJL,2/5/2026,600.0,609.9,590.0,608.0,2.88,21936.0,667.0,309.0
MMKJL,2/8/2026,610.0,610.0,591.0,591.0,-2.8,15551.0,667.0,309.0
MMKJL,2/9/2026,599.8,599.8,583.0,586.0,-0.85,19118.0,667.0,309.0
MMKJL,2/10/2026,596.9,596.9,580.4,584.5,-0.26,8262.0,667.0,309.0
MMKJL,2/11/2026,585.0,594.7,578.5,580.4,-0.7,11064.0,667.0,309.0
MMKJL,2/12/2026,589.0,591.8,581.0,583.0,0.45,10910.0,667.0,309.0
MMKJL,2/16/2026,577.0,584.0,577.0,577.6,-0.93,7005.0,667.0,309.0
MMKJL,2/17/2026,577.0,580.0,572.0,580.0,0.42,14275.0,667.0,309.0
MMKJL,2/22/2026,580.0,591.6,568.0,568.0,-2.07,8354.0,667.0,309.0
MMKJL,2/23/2026,569.0,569.0,552.1,560.0,-1.41,9000.0,667.0,309.0
MMKJL,2/24/2026,552.1,564.8,552.1,558.3,-0.3,4845.0,667.0,309.0
MMKJL,2/25/2026,558.3,563.9,556.0,556.0,-0.41,3869.0,667.0,309.0
MMKJL,2/26/2026,562.0,562.0,552.8,555.2,-0.14,5844.0,667.0,309.0
MMKJL,2/27/2026,562.0,562.0,552.8,555.2,0.0,5844.0,667.0,309.0
MMKJL,2/28/2026,562.0,562.0,552.8,555.2,0.0,5844.0,667.0,309.0
MMKJL,3/2/2026,544.1,565.0,544.1,565.0,1.77,11387.0,667.0,309.0
MMKJL,3/3/2026,576.0,579.0,568.0,579.0,2.48,5617.0,667.0,309.0
MMKJL,3/4/2026,576.0,579.0,568.0,579.0,0.0,5617.0,667.0,309.0
MMKJL,3/5/2026,576.0,579.0,568.0,579.0,0.0,5617.0,667.0,309.0
MMKJL,3/6/2026,576.0,579.0,568.0,579.0,0.0,5617.0,667.0,309.0
MMKJL,3/7/2026,576.0,579.0,568.0,579.0,0.0,5617.0,667.0,309.0
MMKJL,3/8/2026,576.0,579.0,568.0,579.0,0.0,5617.0,667.0,309.0
MMKJL,3/9/2026,590.5,613.0,590.5,613.0,5.87,1106.0,667.0,309.0
MMKJL,3/10/2026,613.0,615.0,585.0,587.0,-4.24,16150.0,667.0,309.0
MMKJL,3/11/2026,589.0,590.0,571.0,577.0,-1.7,12406.0,667.0,309.0
MMKJL,3/12/2026,577.0,587.9,572.0,579.0,0.35,11229.0,667.0,309.0
MMKJL,3/13/2026,577.0,587.9,572.0,579.0,0.0,11229.0,667.0,309.0
MMKJL,3/14/2026,577.0,587.9,572.0,579.0,0.0,11229.0,667.0,309.0
MMKJL,3/15/2026,570.0,585.0,570.0,578.0,-0.17,6777.0,667.0,309.0
MMKJL,3/16/2026,571.5,580.0,571.0,575.0,-0.52,9956.0,667.0,309.0
MMKJL,3/17/2026,563.5,575.0,563.5,573.0,-0.35,6405.0,667.0,309.0
MMKJL,3/18/2026,563.5,575.0,563.5,573.0,0.0,6405.0,667.0,309.0
MMKJL,3/19/2026,584.4,595.0,564.0,585.0,2.09,12887.0,667.0,309.0
MMKJL,3/20/2026,584.4,595.0,564.0,585.0,0.0,12887.0,667.0,309.0
MMKJL,3/21/2026,584.4,595.0,564.0,585.0,0.0,12887.0,667.0,309.0
MMKJL,3/22/2026,581.0,604.4,573.3,582.5,-0.43,18260.0,667.0,309.0
MMKJL,3/23/2026,580.0,581.0,565.8,573.0,-1.63,22232.0,667.0,309.0
MMKJL,3/24/2026,583.0,586.0,569.0,572.1,-0.16,21364.0,667.0,309.0
MMKJL,3/25/2026,572.0,579.9,568.5,568.5,-0.63,9399.0,667.0,309.0
MMKJL,3/26/2026,570.0,578.0,566.0,573.0,0.53,12743.0,667.0,309.0
MMKJL,3/29/2026,580.0,580.0,560.0,563.0,-2.93,8038.0,667.0,309.0
MMKJL,3/30/2026,554.0,569.0,554.0,555.5,0.27,9273.0,667.0,309.0
MMKJL,3/31/2026,566.5,566.6,550.0,560.0,-1.15,9080.0,667.0,309.0
MMKJL,4/1/2026,555.0,560.0,542.0,550.0,-0.9,9941.0,667.0,309.0
MMKJL,4/2/2026,540.1,554.7,539.1,548.8,1.61,2575.0,667.0,309.0
MMKJL,4/5/2026,540.0,543.0,525.0,525.0,-2.78,8586.0,667.0,309.0
MMKJL,4/6/2026,535.0,540.0,525.0,537.0,0.37,4263.0,667.0,309.0
MMKJL,4/7/2026,547.0,547.0,527.0,528.0,-3.47,5221.0,667.0,309.0
MMKJL,4/8/2026,528.1,559.6,528.1,542.4,2.71,5850.0,667.0,309.0
MMKJL,4/9/2026,553.0,553.2,539.0,551.0,-0.36,6307.0,667.0,309.0
MMKJL,4/10/2026,542.0,549.9,535.0,535.0,-1.29,2685.0,667.0,309.0
MMKJL,4/13/2026,537.0,544.0,537.0,538.1,0.2,5240.0,667.0,309.0
MMKJL,4/15/2026,536.0,555.0,536.0,546.6,1.98,2645.0,667.0,309.0
MMKJL,4/16/2026,538.2,549.0,538.2,542.0,0.71,1005.0,667.0,309.0
MMKJL,4/17/2026,539.0,542.0,530.0,535.0,-0.74,3656.0,667.0,309.0
MMKJL,4/20/2026,530.2,548.0,530.2,537.1,1.3,6161.0,667.0,309.0
MMKJL,4/21/2026,536.9,547.0,531.7,534.0,-0.54,955.0,667.0,309.0
MMKJL,4/22/2026,531.7,538.0,527.1,529.0,-0.51,3697.0,667.0,309.0
MMKJL,4/23/2026,527.5,533.0,520.0,525.0,-0.47,8095.0,667.0,309.0
MMKJL,4/24/2026,525.0,525.0,515.0,520.0,-0.95,3700.0,667.0,309.0
MMKJL,4/27/2026,520.0,522.0,510.1,521.9,0.37,4963.0,667.0,309.0
MMKJL,4/28/2026,521.9,524.0,508.3,515.0,-1.32,5121.0,667.0,309.0
MMKJL,4/29/2026,515.0,529.7,508.0,508.2,-1.32,2737.0,667.0,309.0
MMKJL,4/30/2026,507.0,510.0,491.2,498.0,-1.78,4166.0,667.0,309.0
MMKJL,5/4/2026,491.3,491.3,485.7,488.0,-0.67,2769.0,667.0,309.0
MMKJL,5/5/2026,484.9,499.0,473.5,493.0,1.67,2525.0,667.0,309.0
MMKJL,5/6/2026,490.0,495.0,482.0,485.1,-1.0,2048.0,667.0,309.0
MMKJL,5/7/2026,475.0,485.0,473.0,485.0,2.11,2024.0,667.0,309.0
MMKJL,5/8/2026,485.0,490.0,475.6,490.0,1.03,1653.0,667.0,309.0
MMKJL,5/11/2026,500.0,514.0,490.0,493.0,-1.4,1429.0,667.0,309.0
MMKJL,5/12/2026,491.1,495.0,484.4,486.0,-1.04,3843.0,667.0,309.0
MMKJL,5/13/2026,480.5,488.9,473.1,488.9,1.75,962.0,667.0,309.0
MMKJL,5/14/2026,477.0,491.0,476.1,489.0,2.52,903.0,667.0,309.0
MMKJL,5/15/2026,475.5,491.0,475.5,491.0,3.26,2470.0,667.0,309.0
MMKJL,5/18/2026,477.2,493.4,477.2,493.0,3.31,4664.0,667.0,309.0
MMKJL,5/19/2026,495.0,504.9,490.0,497.9,0.59,1851.0,667.0,309.0
MMKJL,5/20/2026,504.0,504.0,489.2,503.3,-0.14,3774.0,667.0,309.0
MMKJL,5/21/2026,516.0,516.0,490.1,504.0,-2.33,1512.0,667.0,309.0
MMKJL,5/22/2026,495.0,505.0,493.0,501.0,1.21,1624.0,667.0,309.0
MMKJL,5/25/2026,494.0,515.0,494.0,508.0,2.83,2734.0,667.0,309.0
MMKJL,5/26/2026,519.9,519.9,496.2,513.0,-1.33,5590.0,667.0,309.0
MMKJL,5/27/2026,520.0,535.0,519.0,531.0,2.12,20298.0,667.0,309.0
MMKJL,6/1/2026,530.0,540.0,510.0,510.0,-3.77,7398.0,667.0,309.0
MMKJL,6/2/2026,525.3,536.5,503.0,535.0,1.85,5973.0,667.0,309.0
MMKJL,6/3/2026,538.0,549.0,530.1,538.0,0.0,17936.0,667.0,309.0
MMKJL,6/4/2026,537.0,537.0,527.0,527.1,-1.84,7252.0,667.0,309.0
MMKJL,6/5/2026,525.0,525.0,515.0,518.0,-1.33,3598.0,667.0,309.0
MMKJL,6/8/2026,510.0,515.0,505.0,507.5,-0.49,2833.0,667.0,309.0
MMKJL,6/9/2026,505.0,510.0,500.0,509.0,0.79,3625.0,667.0,309.0
MMKJL,6/10/2026,520.0,520.0,509.0,514.0,-1.15,2666.0,667.0,309.0
MMKJL,6/11/2026,502.2,512.0,502.2,510.0,1.55,860.0,667.0,309.0
MMKJL,6/12/2026,510.0,517.0,495.6,510.0,0.0,3525.0,667.0,309.0
MMKJL,6/15/2026,494.7,509.0,494.7,509.0,2.89,1662.0,667.0,309.0
MMKJL,6/16/2026,502.0,505.0,487.0,505.0,0.6,2475.0,667.0,309.0
MMKJL,6/17/2026,505.0,505.0,495.2,498.0,-1.39,720.0,667.0,309.0
MMKJL,6/18/2026,498.0,499.8,488.0,493.0,-1.0,880.0,667.0,309.0
MMKJL,6/19/2026,517.6,517.6,484.0,494.8,-4.4,3923.0,667.0,309.0
MMKJL,6/22/2026,495.0,499.9,485.1,499.9,0.99,1545.0,667.0,309.0
MMKJL,6/23/2026,490.0,494.4,475.0,480.0,-2.04,7311.0,667.0,309.0
MMKJL,6/24/2026,480.0,482.0,462.0,480.0,0.0,5922.0,667.0,309.0
MMKJL,6/26/2026,471.0,484.8,471.0,479.0,1.7,1405.0,667.0,309.0
MMKJL,6/29/2026,479.0,479.0,470.1,473.0,-1.25,485.0,667.0,309.0
MMKJL,6/30/2026,470.1,470.1,466.0,467.0,-0.66,2150.0,667.0,309.0
MMKJL,7/1/2026,466.0,478.9,466.0,476.0,2.15,2297.0,667.0,309.0
MMKJL,7/2/2026,476.2,477.0,470.1,477.0,0.17,1507.0,667.0,309.0
MMKJL,7/3/2026,489.0,489.0,470.1,470.3,-3.82,1905.0,667.0,309.0
MMKJL,7/6/2026,471.5,472.0,465.0,465.0,-1.38,1625.0,667.0,309.0
MMKJL,7/7/2026,465.0,506.0,462.0,466.0,0.22,1809.0,667.0,309.0
MMKJL,7/8/2026,466.0,478.0,462.0,466.5,0.11,2537.0,667.0,309.0
MMKJL,7/9/2026,470.0,470.0,454.0,459.0,-2.34,1752.0,667.0,309.0
MMKJL,7/10/2026,454.0,462.0,454.0,455.0,0.22,1633.0,667.0,309.0
MMKJL,7/13/2026,447.0,458.0,433.7,449.0,0.45,1754.0,667.0,309.0
MMKJL,7/14/2026,447.7,447.7,436.0,438.0,-2.17,2861.0,667.0,309.0
MMKJL,7/15/2026,438.0,450.0,433.0,438.0,0.0,1657.0,667.0,309.0
MMKJL,7/16/2026,440.0,440.0,429.1,430.0,-2.27,2110.0,667.0,309.0
MMKJL,7/17/2026,442.9,455.5,436.1,449.0,1.38,1413.0,667.0,309.0
MMKJL,7/20/2026,440.0,461.0,440.0,455.0,3.41,910.0,667.0,309.0
MMKJL,7/21/2026,456.0,469.5,456.0,465.0,1.97,4295.0,667.0,309.0
MMKJL,7/22/2026,442.0,470.0,442.0,463.4,4.84,2554.0,667.0,309.0
MMKJL,7/23/2026,456.0,475.0,449.2,475.0,4.17,6192.0,667.0,309.0
MMKJL,7/24/2026,475.0,501.6,475.0,496.0,4.42,6845.0,667.0,309.0
MMKJL,7/27/2026,485.0,517.0,485.0,495.0,2.06,22732.0,667.0,309.0
MMKJL,7/28/2026,505.0,509.0,491.0,492.3,-2.51,3759.0,667.0,309.0
MMKJL,7/29/2026,492.0,492.0,480.0,482.0,-2.03,2585.0,667.0,309.0
MMKJL,7/30/2026,493.0,493.0,474.0,485.0,-1.62,4894.0,667.0,309.0
MMKJL,7/31/2026,471.5,485.0,471.0,484.0,2.65,2134.0,667.0,309.0
MMKJL,8/3/2026,480.0,482.0,475.0,481.7,0.35,2117.0,667.0,309.0
MMKJL,8/4/2026,475.0,475.0,471.0,474.0,-0.21,280.0,667.0,309.0
MMKJL,8/5/2026,471.0,471.0,464.0,464.0,-1.49,1803.0,667.0,309.0
MMKJL,8/6/2026,477.9,477.9,450.1,458.0,-4.16,2213.0,667.0,309.0
MMKJL,8/7/2026,455.0,459.0,436.5,454.9,-0.02,6085.0,667.0,309.0
MMKJL,8/10/2026,454.9,468.0,436.0,450.0,-1.08,1791.0,667.0,309.0
MMKJL,8/11/2026,440.1,449.0,440.0,443.0,0.66,1563.0,667.0,309.0
MMKJL,8/12/2026,450.0,450.0,440.1,449.9,-0.02,1475.0,667.0,309.0
MMKJL,8/13/2026,449.0,449.0,442.1,446.0,-0.67,1998.0,667.0,309.0
MMKJL,8/14/2026,442.0,448.0,442.0,444.0,0.45,736.0,667.0,309.0
MMKJL,8/17/2026,445.0,445.0,437.0,439.0,-1.35,1715.0,667.0,309.0
MMKJL,8/18/2026,435.0,455.0,430.0,455.0,4.6,3634.0,667.0,309.0
MMKJL,8/19/2026,455.0,468.0,439.1,443.0,-2.64,2685.0,667.0,309.0
MMKJL,8/20/2026,438.1,443.0,432.0,439.0,0.21,4919.0,667.0,309.0
MMKJL,8/21/2026,439.0,440.0,436.3,436.3,-0.62,1110.0,667.0,309.0
MMKJL,8/24/2026,444.9,444.9,430.0,430.0,-3.35,1545.0,667.0,309.0
MMKJL,8/25/2026,429.0,429.0,423.0,424.0,-1.17,1393.0,667.0,309.0
MMKJL,8/26/2026,414.9,415.1,360.4,375.0,-9.62,22353.0,667.0,309.0
MMKJL,8/27/2026,363.8,368.0,318.8,345.0,-5.17,21103.0,667.0,309.0
MMKJL,8/31/2026,340.0,345.0,309.0,322.9,-5.03,19330.0,667.0,309.0
MMKJL,9/1/2026,315.3,365.0,315.3,346.0,9.74,9498.0,667.0,309.0
MMKJL,9/2/2026,346.0,385.0,339.5,381.4,10.23,22847.0,667.0,309.0
MMKJL,9/3/2026,388.0,388.0,364.0,368.9,-4.92,8438.0,667.0,309.0
MMKJL,9/7/2026,368.0,377.9,336.7,355.2,-3.48,8022.0,667.0,309.0
MMKJL,9/9/2026,355.0,374.0,343.1,346.0,-2.54,6191.0,667.0,309.0
MMKJL,9/10/2026,328.7,350.0,328.7,342.0,4.05,2155.0,667.0,309.0
MMKJL,9/11/2026,325.0,355.0,325.0,351.0,8.0,16411.0,667.0,309.0
MMKJL,9/14/2026,351.0,356.0,349.0,355.0,1.14,6180.0,667.0,309.0
MMKJL,9/15/2026,372.0,372.0,346.0,358.0,-3.76,12550.0,667.0,309.0
MMKJL,9/16/2026,356.0,359.0,351.0,358.7,0.76,4626.0,667.0,309.0
MMKJL,9/17/2026,363.7,363.7,355.0,360.0,-1.02,3709.0,667.0,309.0
MMKJL,9/18/2026,351.1,365.0,351.1,364.5,3.82,7166.0,667.0,309.0
MMKJL,9/22/2026,364.0,374.0,355.2,365.4,0.38,12472.0,667.0,309.0
MMKJL,9/23/2026,361.5,365.0,355.0,365.0,0.97,6142.0,667.0,309.0
MMKJL,9/24/2026,361.0,366.0,361.0,361.0,0.0,1120.0,667.0,309.0
MMKJL,9/28/2026,355.0,360.0,349.0,349.5,-1.55,5970.0,667.0,309.0
MMKJL,9/29/2026,349.0,358.0,339.6,0.0,-100.0,2139.0,667.0,309.0
MMKJL,9/30/2026,357.0,357.0,337.0,343.0,-3.92,2555.0,667.0,309.0
MMKJL,10/1/2026,352.0,369.7,343.1,369.0,4.83,19195.0,667.0,309.0
MMKJL,10/2/2026,373.0,375.0,362.0,362.0,-2.95,12869.0,667.0,309.0
MNBBL,12/27/2011,148.0,148.0,146.0,146.0,,380.0,467.0,314.2
MNBBL,12/28/2011,146.0,144.0,141.0,142.0,-2.74,670.0,467.0,314.2
MNBBL,12/29/2011,142.0,144.0,143.0,144.0,1.41,1510.0,467.0,314.2
MNBBL,1/1/2012,144.0,150.0,146.0,146.0,1.39,1820.0,467.0,314.2
MNBBL,1/2/2012,146.0,150.0,142.0,148.0,1.37,450.0,467.0,314.2
MNBBL,1/3/2012,148.0,154.0,145.0,151.0,2.03,950.0,467.0,314.2
MNBBL,1/4/2012,151.0,150.0,148.0,150.0,-0.66,1590.0,467.0,314.2
MNBBL,1/5/2012,150.0,152.0,151.0,152.0,1.33,940.0,467.0,314.2
MNBBL,1/8/2012,152.0,153.0,149.0,153.0,0.66,990.0,467.0,314.2
MNBBL,1/9/2012,153.0,158.0,153.0,156.0,1.96,970.0,467.0,314.2
MNBBL,1/10/2012,152.0,160.0,156.0,160.0,2.56,700.0,467.0,314.2
MNBBL,1/11/2012,160.0,164.0,157.0,164.0,2.5,1000.0,467.0,314.2
MNBBL,1/12/2012,164.0,165.0,160.0,161.0,-1.83,1700.0,467.0,314.2
MNBBL,1/16/2012,161.0,161.0,159.0,159.0,-1.24,1100.0,467.0,314.2
MNBBL,1/17/2012,159.0,158.0,156.0,157.0,-1.26,1310.0,467.0,314.2
MNBBL,1/18/2012,157.0,161.0,157.0,161.0,2.55,1200.0,467.0,314.2
MNBBL,1/19/2012,161.0,160.0,160.0,160.0,-0.62,530.0,467.0,314.2
MNBBL,1/22/2012,160.0,160.0,159.0,159.0,-0.62,1000.0,467.0,314.2
MNBBL,1/23/2012,159.0,157.0,154.0,157.0,-1.26,580.0,467.0,314.2
MNBBL,1/25/2012,157.0,155.0,154.0,155.0,-1.27,140.0,467.0,314.2
MNBBL,1/26/2012,155.0,160.0,155.0,157.0,1.29,300.0,467.0,314.2
MNBBL,1/29/2012,157.0,165.0,160.0,163.0,3.82,1610.0,467.0,314.2
MNBBL,1/31/2012,163.0,166.0,162.0,162.0,-0.61,1390.0,467.0,314.2
MNBBL,2/1/2012,162.0,165.0,162.0,164.0,1.23,60.0,467.0,314.2
MNBBL,2/2/2012,164.0,165.0,162.0,165.0,0.61,620.0,467.0,314.2
MNBBL,2/5/2012,165.0,165.0,160.0,165.0,0.0,430.0,467.0,314.2
MNBBL,2/6/2012,165.0,165.0,160.0,161.0,-2.42,810.0,467.0,314.2
MNBBL,2/7/2012,161.0,163.0,161.0,161.0,0.0,510.0,467.0,314.2
MNBBL,2/8/2012,161.0,165.0,162.0,162.0,0.62,2320.0,467.0,314.2
MNBBL,2/9/2012,162.0,163.0,160.0,162.0,0.0,560.0,467.0,314.2
MNBBL,2/12/2012,162.0,161.0,161.0,161.0,-0.62,390.0,467.0,314.2
MNBBL,2/13/2012,161.0,169.0,160.0,162.0,0.62,290.0,467.0,314.2
MNBBL,2/14/2012,162.0,160.0,159.0,159.0,-1.85,250.0,467.0,314.2
MNBBL,2/15/2012,159.0,162.0,153.0,162.0,1.89,850.0,467.0,314.2
MNBBL,2/16/2012,162.0,160.0,159.0,160.0,-1.23,730.0,467.0,314.2
MNBBL,2/21/2012,160.0,164.0,159.0,164.0,2.5,1940.0,467.0,314.2
MNBBL,2/23/2012,164.0,166.0,160.0,160.0,-2.44,800.0,467.0,314.2
MNBBL,2/26/2012,160.0,162.0,159.0,162.0,1.25,100.0,467.0,314.2
MNBBL,2/27/2012,162.0,161.0,160.0,161.0,-0.62,1150.0,467.0,314.2
MNBBL,2/28/2012,161.0,161.0,160.0,161.0,0.0,60.0,467.0,314.2
MNBBL,2/29/2012,161.0,167.0,164.0,167.0,3.73,40.0,467.0,314.2
MNBBL,3/1/2012,167.0,165.0,162.0,162.0,-2.99,230.0,467.0,314.2
MNBBL,3/5/2012,162.0,165.0,163.0,163.0,0.62,340.0,467.0,314.2
MNBBL,3/6/2012,163.0,171.0,161.0,171.0,4.91,300.0,467.0,314.2
MNBBL,3/11/2012,171.0,174.0,165.0,165.0,-3.51,620.0,467.0,314.2
MNBBL,3/12/2012,165.0,164.0,162.0,164.0,-0.61,30.0,467.0,314.2
MNBBL,3/13/2012,164.0,170.0,165.0,170.0,3.66,490.0,467.0,314.2
MNBBL,3/14/2012,170.0,173.0,167.0,169.0,-0.59,1550.0,467.0,314.2
MNBBL,3/15/2012,169.0,172.0,169.0,170.0,0.59,1260.0,467.0,314.2
MNBBL,3/18/2012,170.0,171.0,168.0,170.0,0.0,370.0,467.0,314.2
MNBBL,3/19/2012,170.0,173.0,170.0,170.0,0.0,60.0,467.0,314.2
MNBBL,3/20/2012,170.0,169.0,167.0,168.0,-1.18,280.0,467.0,314.2
MNBBL,3/21/2012,168.0,171.0,160.0,171.0,1.79,1130.0,467.0,314.2
MNBBL,3/25/2012,171.0,168.0,162.0,166.0,-2.92,860.0,467.0,314.2
MNBBL,3/26/2012,166.0,168.0,167.0,168.0,1.2,190.0,467.0,314.2
MNBBL,3/27/2012,168.0,169.0,169.0,169.0,0.6,270.0,467.0,314.2
MNBBL,3/28/2012,169.0,170.0,170.0,170.0,0.59,100.0,467.0,314.2
MNBBL,3/29/2012,170.0,167.0,167.0,167.0,-1.76,120.0,467.0,314.2
MNBBL,4/1/2012,167.0,168.0,165.0,168.0,0.6,290.0,467.0,314.2
MNBBL,4/2/2012,168.0,171.0,169.0,171.0,1.79,1430.0,467.0,314.2
MNBBL,4/3/2012,171.0,172.0,170.0,170.0,-0.58,1350.0,467.0,314.2
MNBBL,4/4/2012,170.0,176.0,170.0,170.0,0.0,1290.0,467.0,314.2
MNBBL,4/5/2012,170.0,169.0,168.0,169.0,-0.59,80.0,467.0,314.2
MNBBL,4/8/2012,169.0,175.0,170.0,175.0,3.55,700.0,467.0,314.2
MNBBL,4/9/2012,175.0,181.0,175.0,179.0,2.29,850.0,467.0,314.2
MNBBL,4/10/2012,179.0,185.0,176.0,179.0,0.0,1490.0,467.0,314.2
MNBBL,4/11/2012,179.0,194.0,182.0,194.0,8.38,1160.0,467.0,314.2
MNBBL,4/12/2012,194.0,200.0,184.0,191.0,-1.55,2510.0,467.0,314.2
MNBBL,4/15/2012,191.0,200.0,194.0,197.0,3.14,180.0,467.0,314.2
MNBBL,4/16/2012,197.0,200.0,200.0,200.0,1.52,1310.0,467.0,314.2
MNBBL,4/17/2012,200.0,212.0,196.0,196.0,-2.0,2780.0,467.0,314.2
MNBBL,4/18/2012,196.0,214.0,193.0,210.0,7.14,2130.0,467.0,314.2
MNBBL,4/19/2012,210.0,222.0,209.0,209.0,-0.48,2070.0,467.0,314.2
MNBBL,4/22/2012,209.0,229.0,213.0,229.0,9.57,300.0,467.0,314.2
MNBBL,4/24/2012,229.0,251.0,233.0,251.0,9.61,320.0,467.0,314.2
MNBBL,4/25/2012,251.0,271.0,256.0,271.0,7.97,170.0,467.0,314.2
MNBBL,4/26/2012,271.0,291.0,276.0,291.0,7.38,1810.0,467.0,314.2
MNBBL,4/29/2012,291.0,307.0,279.0,279.0,-4.12,3240.0,467.0,314.2
MNBBL,4/30/2012,279.0,274.0,252.0,270.0,-3.23,2230.0,467.0,314.2
MNBBL,5/2/2012,270.0,265.0,265.0,265.0,-1.85,20.0,467.0,314.2
MNBBL,5/3/2012,265.0,280.0,270.0,280.0,5.66,1160.0,467.0,314.2
MNBBL,5/7/2012,280.0,285.0,285.0,285.0,1.79,30.0,467.0,314.2
MNBBL,5/8/2012,285.0,284.0,279.0,279.0,-2.11,2330.0,467.0,314.2
MNBBL,5/9/2012,279.0,277.0,267.0,272.0,-2.51,2450.0,467.0,314.2
MNBBL,5/10/2012,272.0,267.0,248.0,255.0,-6.25,3370.0,467.0,314.2
MNBBL,5/13/2012,255.0,256.0,240.0,241.0,-5.49,430.0,467.0,314.2
MNBBL,5/14/2012,241.0,237.0,229.0,233.0,-3.32,150.0,467.0,314.2
MNBBL,5/15/2012,233.0,249.0,237.0,249.0,6.87,450.0,467.0,314.2
MNBBL,5/16/2012,249.0,268.0,253.0,268.0,7.63,880.0,467.0,314.2
MNBBL,5/17/2012,268.0,288.0,273.0,288.0,7.46,1340.0,467.0,314.2
MNBBL,5/20/2012,288.0,283.0,260.0,260.0,-9.72,1330.0,467.0,314.2
MNBBL,5/21/2012,260.0,266.0,245.0,259.0,-0.38,2080.0,467.0,314.2
MNBBL,5/22/2012,259.0,259.0,249.0,256.0,-1.16,270.0,467.0,314.2
MNBBL,5/23/2012,256.0,251.0,242.0,242.0,-5.47,40.0,467.0,314.2
MNBBL,5/24/2012,242.0,251.0,234.0,250.0,3.31,2730.0,467.0,314.2
MNBBL,5/27/2012,250.0,270.0,255.0,270.0,8.0,760.0,467.0,314.2
MNBBL,5/29/2012,270.0,265.0,245.0,245.0,-9.26,50.0,467.0,314.2
MNBBL,5/30/2012,245.0,241.0,221.0,221.0,-9.8,2700.0,467.0,314.2
MNBBL,5/31/2012,221.0,243.0,217.0,231.0,4.52,2760.0,467.0,314.2
MNBBL,6/3/2012,231.0,247.0,235.0,247.0,6.93,430.0,467.0,314.2
MNBBL,6/4/2012,247.0,253.0,245.0,253.0,2.43,680.0,467.0,314.2
MNBBL,6/5/2012,253.0,248.0,238.0,239.0,-5.53,2300.0,467.0,314.2
MNBBL,6/6/2012,239.0,245.0,229.0,234.0,-2.09,1520.0,467.0,314.2
MNBBL,6/7/2012,234.0,248.0,233.0,248.0,5.98,850.0,467.0,314.2
MNBBL,6/10/2012,248.0,260.0,225.0,230.0,-7.26,2410.0,467.0,314.2
MNBBL,6/11/2012,230.0,234.0,234.0,234.0,1.74,390.0,467.0,314.2
MNBBL,6/12/2012,234.0,233.0,222.0,233.0,-0.43,190.0,467.0,314.2
MNBBL,6/13/2012,233.0,238.0,235.0,236.0,1.29,1530.0,467.0,314.2
MNBBL,6/14/2012,236.0,233.0,226.0,226.0,-4.24,780.0,467.0,314.2
MNBBL,6/17/2012,226.0,233.0,225.0,233.0,3.1,210.0,467.0,314.2
MNBBL,6/19/2012,233.0,232.0,227.0,232.0,-0.43,1190.0,467.0,314.2
MNBBL,6/20/2012,232.0,239.0,232.0,232.0,0.0,550.0,467.0,314.2
MNBBL,6/21/2012,232.0,234.0,230.0,232.0,0.0,380.0,467.0,314.2
MNBBL,6/25/2012,232.0,251.0,236.0,251.0,8.19,120.0,467.0,314.2
MNBBL,6/28/2012,251.0,253.0,242.0,242.0,-3.59,190.0,467.0,314.2
MNBBL,7/1/2012,242.0,245.0,241.0,242.0,0.0,380.0,467.0,314.2
MNBBL,7/2/2012,242.0,240.0,239.0,239.0,-1.24,610.0,467.0,314.2
MNBBL,7/3/2012,239.0,241.0,238.0,241.0,0.84,450.0,467.0,314.2
MNBBL,7/4/2012,241.0,245.0,239.0,239.0,-0.83,500.0,467.0,314.2
MNBBL,7/5/2012,239.0,242.0,239.0,241.0,0.84,1640.0,467.0,314.2
MNBBL,7/8/2012,241.0,241.0,239.0,241.0,0.0,320.0,467.0,314.2
MNBBL,7/9/2012,241.0,248.0,240.0,248.0,2.9,470.0,467.0,314.2
MNBBL,7/10/2012,248.0,259.0,252.0,253.0,2.02,280.0,467.0,314.2
MNBBL,7/11/2012,253.0,258.0,253.0,256.0,1.19,1580.0,467.0,314.2
MNBBL,7/12/2012,256.0,261.0,255.0,256.0,0.0,4100.0,467.0,314.2
MNBBL,7/15/2012,256.0,273.0,251.0,273.0,6.64,1370.0,467.0,314.2
MNBBL,7/16/2012,273.0,268.0,248.0,248.0,-9.16,1190.0,467.0,314.2
MNBBL,7/17/2012,248.0,262.0,250.0,260.0,4.84,1340.0,467.0,314.2
MNBBL,7/18/2012,260.0,276.0,260.0,271.0,4.23,1260.0,467.0,314.2
MNBBL,7/19/2012,271.0,298.0,276.0,289.0,6.64,5870.0,467.0,314.2
MNBBL,7/22/2012,289.0,295.0,282.0,292.0,1.04,470.0,467.0,314.2
MNBBL,7/23/2012,292.0,297.0,292.0,295.0,1.03,3460.0,467.0,314.2
MNBBL,7/24/2012,295.0,291.0,276.0,290.0,-1.69,1650.0,467.0,314.2
MNBBL,7/25/2012,290.0,300.0,294.0,295.0,1.72,4180.0,467.0,314.2
MNBBL,7/26/2012,295.0,299.0,293.0,299.0,1.36,3130.0,467.0,314.2
MNBBL,7/29/2012,299.0,299.0,285.0,290.0,-3.01,1600.0,467.0,314.2
MNBBL,7/30/2012,290.0,294.0,286.0,289.0,-0.34,1450.0,467.0,314.2
MNBBL,7/31/2012,289.0,292.0,288.0,288.0,-0.35,1930.0,467.0,314.2
MNBBL,8/1/2012,288.0,292.0,287.0,290.0,0.69,2180.0,467.0,314.2
MNBBL,8/5/2012,290.0,295.0,286.0,290.0,0.0,430.0,467.0,314.2
MNBBL,8/6/2012,290.0,300.0,290.0,297.0,2.41,3100.0,467.0,314.2
MNBBL,8/7/2012,297.0,296.0,294.0,294.0,-1.01,550.0,467.0,314.2
MNBBL,8/8/2012,294.0,297.0,293.0,295.0,0.34,990.0,467.0,314.2
MNBBL,8/12/2012,295.0,290.0,285.0,285.0,-3.39,140.0,467.0,314.2
MNBBL,8/13/2012,285.0,285.0,276.0,284.0,-0.35,1480.0,467.0,314.2
MNBBL,8/14/2012,284.0,289.0,279.0,289.0,1.76,530.0,467.0,314.2
MNBBL,8/15/2012,289.0,286.0,280.0,280.0,-3.11,410.0,467.0,314.2
MNBBL,8/16/2012,280.0,285.0,272.0,278.0,-0.71,1350.0,467.0,314.2
MNBBL,8/19/2012,278.0,284.0,274.0,284.0,2.16,120.0,467.0,314.2
MNBBL,8/21/2012,284.0,293.0,284.0,292.0,2.82,2670.0,467.0,314.2
MNBBL,8/22/2012,292.0,302.0,296.0,296.0,1.37,90.0,467.0,314.2
MNBBL,8/23/2012,296.0,291.0,287.0,291.0,-1.69,1040.0,467.0,314.2
MNBBL,8/26/2012,291.0,292.0,282.0,292.0,0.34,170.0,467.0,314.2
MNBBL,8/27/2012,292.0,295.0,291.0,292.0,0.0,1140.0,467.0,314.2
MNBBL,8/28/2012,292.0,295.0,295.0,295.0,1.03,360.0,467.0,314.2
MNBBL,8/29/2012,295.0,294.0,285.0,294.0,-0.34,620.0,467.0,314.2
MNBBL,8/30/2012,294.0,295.0,292.0,293.0,-0.34,730.0,467.0,314.2
MNBBL,9/2/2012,293.0,322.0,297.0,322.0,9.9,7250.0,467.0,314.2
MNBBL,9/3/2012,322.0,343.0,316.0,325.0,0.93,13090.0,467.0,314.2
MNBBL,9/4/2012,325.0,336.0,326.0,330.0,1.54,10580.0,467.0,314.2
MNBBL,9/5/2012,330.0,330.0,315.0,320.0,-3.03,7230.0,467.0,314.2
MNBBL,9/6/2012,320.0,331.0,320.0,326.0,1.88,5960.0,467.0,314.2
MNBBL,9/9/2012,326.0,320.0,315.0,316.0,-3.07,1850.0,467.0,314.2
MNBBL,9/10/2012,316.0,321.0,319.0,320.0,1.27,1590.0,467.0,314.2
MNBBL,9/11/2012,320.0,326.0,321.0,326.0,1.88,800.0,467.0,314.2
MNBBL,9/12/2012,326.0,326.0,320.0,324.0,-0.61,3750.0,467.0,314.2
MNBBL,9/13/2012,324.0,326.0,320.0,323.0,-0.31,470.0,467.0,314.2
MNBBL,9/16/2012,323.0,325.0,320.0,324.0,0.31,3100.0,467.0,314.2
MNBBL,9/17/2012,324.0,320.0,315.0,318.0,-1.85,2310.0,467.0,314.2
MNBBL,9/18/2012,318.0,334.0,320.0,334.0,5.03,500.0,467.0,314.2
MNBBL,9/19/2012,334.0,334.0,326.0,326.0,-2.4,950.0,467.0,314.2
MNBBL,9/20/2012,326.0,324.0,323.0,324.0,-0.61,1310.0,467.0,314.2
MNBBL,9/23/2012,324.0,331.0,323.0,326.0,0.62,2620.0,467.0,314.2
MNBBL,9/24/2012,326.0,324.0,322.0,324.0,-0.61,540.0,467.0,314.2
MNBBL,9/25/2012,324.0,325.0,320.0,322.0,-0.62,1320.0,467.0,314.2
MNBBL,9/26/2012,322.0,336.0,319.0,321.0,-0.31,6870.0,467.0,314.2
MNBBL,9/30/2012,317.0,320.0,318.0,318.0,-0.93,1630.0,467.0,314.2
MNBBL,10/1/2012,318.0,333.0,309.0,333.0,4.72,3980.0,467.0,314.2
MNBBL,10/2/2012,333.0,327.0,303.0,307.0,-7.81,11280.0,467.0,314.2
MNBBL,10/3/2012,307.0,303.0,292.0,296.0,-3.58,6880.0,467.0,314.2
MNBBL,10/4/2012,296.0,323.0,290.0,323.0,9.12,6330.0,467.0,314.2
MNBBL,10/7/2012,323.0,259.0,238.0,238.0,-26.32,140.0,467.0,314.2
MNBBL,10/8/2012,238.0,234.0,218.0,218.0,-8.4,470.0,467.0,314.2
MNBBL,10/9/2012,218.0,215.0,215.0,215.0,-1.38,10.0,467.0,314.2
MNBBL,10/11/2012,215.0,211.0,211.0,211.0,-1.86,10.0,467.0,314.2
MNBBL,10/14/2012,211.0,215.0,213.0,215.0,1.9,440.0,467.0,314.2
MNBBL,10/15/2012,215.0,213.0,213.0,213.0,-0.93,40.0,467.0,314.2
MNBBL,10/18/2012,213.0,213.0,213.0,213.0,0.0,20.0,467.0,314.2
MNBBL,10/30/2012,213.0,215.0,215.0,215.0,0.94,180.0,467.0,314.2
MNBBL,11/1/2012,215.0,235.0,219.0,235.0,9.3,50.0,467.0,314.2
MNBBL,11/4/2012,235.0,256.0,239.0,256.0,8.94,100.0,467.0,314.2
MNBBL,11/5/2012,256.0,281.0,261.0,281.0,9.77,1770.0,467.0,314.2
MNBBL,11/6/2012,281.0,301.0,281.0,281.0,0.0,2220.0,467.0,314.2
MNBBL,11/7/2012,281.0,291.0,285.0,290.0,3.2,1350.0,467.0,314.2
MNBBL,11/8/2012,290.0,298.0,294.0,294.0,1.38,660.0,467.0,314.2
MNBBL,11/11/2012,294.0,290.0,290.0,290.0,-1.36,100.0,467.0,314.2
MNBBL,11/12/2012,290.0,285.0,275.0,284.0,-2.07,250.0,467.0,314.2
MNBBL,11/18/2012,284.0,284.0,284.0,284.0,0.0,50.0,467.0,314.2
MNBBL,11/20/2012,284.0,288.0,275.0,275.0,-3.17,720.0,467.0,314.2
MNBBL,11/21/2012,275.0,272.0,272.0,272.0,-1.09,60.0,467.0,314.2
MNBBL,11/22/2012,272.0,275.0,267.0,274.0,0.74,950.0,467.0,314.2
MNBBL,11/25/2012,274.0,269.0,264.0,264.0,-3.65,30.0,467.0,314.2
MNBBL,11/26/2012,264.0,268.0,268.0,268.0,1.52,300.0,467.0,314.2
MNBBL,11/27/2012,268.0,263.0,258.0,263.0,-1.87,120.0,467.0,314.2
MNBBL,11/28/2012,263.0,263.0,250.0,250.0,-4.94,3230.0,467.0,314.2
MNBBL,11/29/2012,250.0,255.0,250.0,255.0,2.0,120.0,467.0,314.2
MNBBL,12/2/2012,255.0,250.0,250.0,250.0,-1.96,110.0,467.0,314.2
MNBBL,12/4/2012,250.0,260.0,255.0,260.0,4.0,140.0,467.0,314.2
MNBBL,12/5/2012,260.0,265.0,260.0,260.0,0.0,610.0,467.0,314.2
MNBBL,12/6/2012,260.0,266.0,260.0,266.0,2.31,680.0,467.0,314.2
MNBBL,12/9/2012,266.0,266.0,265.0,266.0,0.0,510.0,467.0,314.2
MNBBL,12/10/2012,266.0,261.0,261.0,261.0,-1.88,500.0,467.0,314.2
MNBBL,12/11/2012,261.0,271.0,266.0,266.0,1.92,1100.0,467.0,314.2
MNBBL,12/12/2012,266.0,261.0,256.0,256.0,-3.76,150.0,467.0,314.2
MNBBL,12/13/2012,256.0,262.0,260.0,261.0,1.95,340.0,467.0,314.2
MNBBL,12/16/2012,261.0,271.0,266.0,271.0,3.83,760.0,467.0,314.2
MNBBL,12/17/2012,271.0,274.0,266.0,274.0,1.11,380.0,467.0,314.2
MNBBL,12/18/2012,274.0,269.0,254.0,259.0,-5.47,560.0,467.0,314.2
MNBBL,12/19/2012,259.0,264.0,260.0,264.0,1.93,670.0,467.0,314.2
MNBBL,12/20/2012,264.0,270.0,268.0,270.0,2.27,1120.0,467.0,314.2
MNBBL,12/23/2012,270.0,270.0,270.0,270.0,0.0,180.0,467.0,314.2
MNBBL,12/24/2012,270.0,268.0,262.0,263.0,-2.59,1620.0,467.0,314.2
MNBBL,12/26/2012,263.0,260.0,260.0,260.0,-1.14,60.0,467.0,314.2
MNBBL,12/27/2012,260.0,265.0,264.0,264.0,1.54,340.0,467.0,314.2
MNBBL,1/1/2013,264.0,269.0,258.0,258.0,-2.27,600.0,467.0,314.2
MNBBL,1/2/2013,258.0,263.0,253.0,253.0,-1.94,1740.0,467.0,314.2
MNBBL,1/3/2013,253.0,263.0,258.0,259.0,2.37,1250.0,467.0,314.2
MNBBL,1/6/2013,259.0,263.0,263.0,263.0,1.54,50.0,467.0,314.2
MNBBL,1/7/2013,263.0,268.0,268.0,268.0,1.9,10.0,467.0,314.2
MNBBL,1/8/2013,268.0,272.0,270.0,270.0,0.75,1020.0,467.0,314.2
MNBBL,1/10/2013,270.0,265.0,265.0,265.0,-1.85,20.0,467.0,314.2
MNBBL,1/13/2013,265.0,275.0,265.0,270.0,1.89,490.0,467.0,314.2
MNBBL,1/15/2013,270.0,270.0,265.0,267.0,-1.11,650.0,467.0,314.2
MNBBL,1/16/2013,267.0,265.0,262.0,262.0,-1.87,660.0,467.0,314.2
MNBBL,1/17/2013,262.0,277.0,265.0,270.0,3.05,4040.0,467.0,314.2
MNBBL,1/20/2013,270.0,265.0,261.0,261.0,-3.33,830.0,467.0,314.2
MNBBL,1/21/2013,261.0,266.0,266.0,266.0,1.92,380.0,467.0,314.2
MNBBL,1/22/2013,266.0,271.0,271.0,271.0,1.88,40.0,467.0,314.2
MNBBL,1/23/2013,271.0,275.0,270.0,272.0,0.37,2170.0,467.0,314.2
MNBBL,1/24/2013,272.0,275.0,274.0,274.0,0.74,250.0,467.0,314.2
MNBBL,1/27/2013,274.0,274.0,269.0,269.0,-1.82,3030.0,467.0,314.2
MNBBL,1/28/2013,269.0,270.0,270.0,270.0,0.37,800.0,467.0,314.2
MNBBL,1/30/2013,270.0,270.0,270.0,270.0,0.0,90.0,467.0,314.2
MNBBL,1/31/2013,270.0,271.0,266.0,271.0,0.37,770.0,467.0,314.2
MNBBL,2/3/2013,271.0,280.0,270.0,280.0,3.32,730.0,467.0,314.2
MNBBL,2/4/2013,280.0,290.0,276.0,279.0,-0.36,1060.0,467.0,314.2
MNBBL,2/5/2013,279.0,275.0,269.0,275.0,-1.43,240.0,467.0,314.2
MNBBL,2/6/2013,275.0,275.0,275.0,275.0,0.0,90.0,467.0,314.2
MNBBL,2/10/2013,275.0,275.0,275.0,275.0,0.0,450.0,467.0,314.2
MNBBL,2/12/2013,275.0,275.0,275.0,275.0,0.0,180.0,467.0,314.2
MNBBL,2/13/2013,275.0,280.0,280.0,280.0,1.82,54.0,467.0,314.2
MNBBL,2/14/2013,280.0,290.0,283.0,283.0,1.07,940.0,467.0,314.2
MNBBL,2/17/2013,283.0,300.0,285.0,300.0,6.01,550.0,467.0,314.2
MNBBL,2/19/2013,300.0,300.0,285.0,285.0,-5.0,1200.0,467.0,314.2
MNBBL,2/20/2013,285.0,283.0,283.0,283.0,-0.7,120.0,467.0,314.2
MNBBL,2/21/2013,283.0,281.0,278.0,280.0,-1.06,250.0,467.0,314.2
MNBBL,2/24/2013,280.0,280.0,270.0,270.0,-3.57,1620.0,467.0,314.2
MNBBL,2/25/2013,270.0,285.0,275.0,285.0,5.56,4970.0,467.0,314.2
MNBBL,2/26/2013,285.0,283.0,280.0,280.0,-1.75,251.0,467.0,314.2
MNBBL,2/27/2013,280.0,288.0,277.0,288.0,2.86,1000.0,467.0,314.2
MNBBL,2/28/2013,288.0,290.0,287.0,290.0,0.69,700.0,467.0,314.2
MNBBL,3/3/2013,290.0,293.0,290.0,292.0,0.69,880.0,467.0,314.2
MNBBL,3/4/2013,292.0,290.0,287.0,290.0,-0.68,700.0,467.0,314.2
MNBBL,3/5/2013,290.0,288.0,288.0,288.0,-0.69,130.0,467.0,314.2
MNBBL,3/6/2013,288.0,293.0,286.0,293.0,1.74,652.0,467.0,314.2
MNBBL,3/7/2013,293.0,309.0,295.0,296.0,1.02,5860.0,467.0,314.2
MNBBL,3/11/2013,296.0,305.0,295.0,300.0,1.35,4360.0,467.0,314.2
MNBBL,3/13/2013,300.0,308.0,300.0,302.0,0.67,1870.0,467.0,314.2
MNBBL,3/14/2013,302.0,308.0,294.0,294.0,-2.65,1980.0,467.0,314.2
MNBBL,3/17/2013,294.0,289.0,289.0,289.0,-1.7,480.0,467.0,314.2
MNBBL,3/18/2013,289.0,284.0,275.0,280.0,-3.11,1890.0,467.0,314.2
MNBBL,3/19/2013,280.0,280.0,280.0,280.0,0.0,170.0,467.0,314.2
MNBBL,3/20/2013,280.0,280.0,280.0,280.0,0.0,40.0,467.0,314.2
MNBBL,3/24/2013,280.0,280.0,275.0,280.0,0.0,160.0,467.0,314.2
MNBBL,3/25/2013,280.0,278.0,275.0,278.0,-0.71,1180.0,467.0,314.2
MNBBL,3/27/2013,278.0,279.0,279.0,279.0,0.36,1000.0,467.0,314.2
MNBBL,4/1/2013,279.0,274.0,274.0,274.0,-1.79,40.0,467.0,314.2
MNBBL,4/2/2013,274.0,274.0,274.0,274.0,0.0,90.0,467.0,314.2
MNBBL,4/4/2013,274.0,269.0,269.0,269.0,-1.82,50.0,467.0,314.2
MNBBL,4/7/2013,269.0,270.0,270.0,270.0,0.37,300.0,467.0,314.2
MNBBL,4/8/2013,270.0,275.0,270.0,271.0,0.37,2160.0,467.0,314.2
MNBBL,4/9/2013,271.0,268.0,266.0,268.0,-1.11,310.0,467.0,314.2
MNBBL,4/11/2013,268.0,267.0,267.0,267.0,-0.37,120.0,467.0,314.2
MNBBL,4/15/2013,267.0,273.0,270.0,270.0,1.12,690.0,467.0,314.2
MNBBL,4/17/2013,270.0,280.0,270.0,280.0,3.7,1020.0,467.0,314.2
MNBBL,4/18/2013,280.0,280.0,280.0,280.0,0.0,590.0,467.0,314.2
MNBBL,4/21/2013,280.0,283.0,281.0,281.0,0.36,800.0,467.0,314.2
MNBBL,4/23/2013,281.0,286.0,286.0,286.0,1.78,300.0,467.0,314.2
MNBBL,4/25/2013,286.0,281.0,281.0,281.0,-1.75,1100.0,467.0,314.2
MNBBL,4/28/2013,281.0,280.0,278.0,279.0,-0.71,300.0,467.0,314.2
MNBBL,4/29/2013,279.0,280.0,278.0,278.0,-0.36,420.0,467.0,314.2
MNBBL,4/30/2013,278.0,278.0,273.0,278.0,0.0,410.0,467.0,314.2
MNBBL,5/6/2013,278.0,273.0,273.0,273.0,-1.8,400.0,467.0,314.2
MNBBL,5/7/2013,273.0,278.0,278.0,278.0,1.83,100.0,467.0,314.2
MNBBL,5/8/2013,278.0,283.0,278.0,278.0,0.0,600.0,467.0,314.2
MNBBL,5/12/2013,278.0,273.0,273.0,273.0,-1.8,100.0,467.0,314.2
MNBBL,5/13/2013,273.0,278.0,274.0,278.0,1.83,350.0,467.0,314.2
MNBBL,5/14/2013,278.0,283.0,283.0,283.0,1.8,90.0,467.0,314.2
MNBBL,5/15/2013,283.0,278.0,278.0,278.0,-1.77,150.0,467.0,314.2
MNBBL,5/19/2013,278.0,278.0,278.0,278.0,0.0,30.0,467.0,314.2
MNBBL,5/23/2013,278.0,279.0,273.0,279.0,0.36,480.0,467.0,314.2
MNBBL,5/26/2013,279.0,274.0,270.0,272.0,-2.51,283.0,467.0,314.2
MNBBL,5/27/2013,272.0,274.0,272.0,274.0,0.74,567.0,467.0,314.2
MNBBL,5/28/2013,274.0,275.0,267.0,268.0,-2.19,1198.0,467.0,314.2
MNBBL,6/2/2013,268.0,268.0,265.0,268.0,0.0,628.0,467.0,314.2
MNBBL,6/3/2013,268.0,265.0,265.0,265.0,-1.12,135.0,467.0,314.2
MNBBL,6/4/2013,265.0,265.0,261.0,261.0,-1.51,639.0,467.0,314.2
MNBBL,6/5/2013,261.0,268.0,260.0,265.0,1.53,1182.0,467.0,314.2
MNBBL,6/6/2013,265.0,270.0,265.0,269.0,1.51,1162.0,467.0,314.2
MNBBL,6/9/2013,269.0,265.0,265.0,265.0,-1.49,36.0,467.0,314.2
MNBBL,6/10/2013,265.0,268.0,266.0,267.0,0.75,246.0,467.0,314.2
MNBBL,6/11/2013,267.0,265.0,265.0,265.0,-0.75,36.0,467.0,314.2
MNBBL,6/12/2013,265.0,269.0,264.0,264.0,-0.38,1053.0,467.0,314.2
MNBBL,6/13/2013,264.0,283.0,265.0,265.0,0.38,564.0,467.0,314.2
MNBBL,6/17/2013,265.0,267.0,267.0,267.0,0.75,110.0,467.0,314.2
MNBBL,6/19/2013,267.0,266.0,265.0,266.0,-0.37,340.0,467.0,314.2
MNBBL,6/20/2013,266.0,261.0,261.0,261.0,-1.88,225.0,467.0,314.2
MNBBL,6/23/2013,261.0,260.0,256.0,260.0,-0.38,790.0,467.0,314.2
MNBBL,6/24/2013,260.0,260.0,260.0,260.0,0.0,24.0,467.0,314.2
MNBBL,6/25/2013,260.0,265.0,264.0,265.0,1.92,134.0,467.0,314.2
MNBBL,6/26/2013,265.0,265.0,265.0,265.0,0.0,113.0,467.0,314.2
MNBBL,6/27/2013,265.0,268.0,265.0,268.0,1.13,304.0,467.0,314.2
MNBBL,6/30/2013,268.0,263.0,258.0,258.0,-3.73,158.0,467.0,314.2
MNBBL,7/1/2013,258.0,260.0,260.0,260.0,0.78,150.0,467.0,314.2
MNBBL,7/2/2013,260.0,260.0,257.0,260.0,0.0,430.0,467.0,314.2
MNBBL,7/3/2013,260.0,267.0,262.0,267.0,2.69,569.0,467.0,314.2
MNBBL,7/4/2013,267.0,265.0,262.0,262.0,-1.87,763.0,467.0,314.2
MNBBL,7/7/2013,262.0,258.0,254.0,254.0,-3.05,861.0,467.0,314.2
MNBBL,7/8/2013,254.0,258.0,256.0,256.0,0.79,304.0,467.0,314.2
MNBBL,7/9/2013,256.0,265.0,260.0,265.0,3.52,470.0,467.0,314.2
MNBBL,7/10/2013,265.0,270.0,265.0,265.0,0.0,228.0,467.0,314.2
MNBBL,7/11/2013,265.0,264.0,262.0,264.0,-0.38,356.0,467.0,314.2
MNBBL,7/17/2013,264.0,265.0,265.0,265.0,0.38,200.0,467.0,314.2
MNBBL,7/18/2013,265.0,291.0,270.0,291.0,9.81,1657.0,467.0,314.2
MNBBL,7/21/2013,291.0,305.0,296.0,302.0,3.78,2903.0,467.0,314.2
MNBBL,7/22/2013,302.0,308.0,300.0,301.0,-0.33,2036.0,467.0,314.2
MNBBL,7/24/2013,301.0,295.0,286.0,288.0,-4.32,409.0,467.0,314.2
MNBBL,7/25/2013,288.0,285.0,276.0,276.0,-4.17,685.0,467.0,314.2
MNBBL,7/28/2013,276.0,289.0,281.0,289.0,4.71,299.0,467.0,314.2
MNBBL,7/29/2013,289.0,304.0,294.0,294.0,1.73,4268.0,467.0,314.2
MNBBL,7/30/2013,294.0,294.0,290.0,292.0,-0.68,2972.0,467.0,314.2
MNBBL,7/31/2013,292.0,300.0,297.0,300.0,2.74,3401.0,467.0,314.2
MNBBL,8/1/2013,300.0,301.0,296.0,301.0,0.33,1173.0,467.0,314.2
MNBBL,8/4/2013,301.0,306.0,299.0,299.0,-0.66,2420.0,467.0,314.2
MNBBL,8/5/2013,299.0,304.0,299.0,300.0,0.33,1190.0,467.0,314.2
MNBBL,8/7/2013,300.0,301.0,300.0,300.0,0.0,1096.0,467.0,314.2
MNBBL,8/8/2013,300.0,300.0,300.0,300.0,0.0,1568.0,467.0,314.2
MNBBL,8/11/2013,300.0,303.0,302.0,303.0,1.0,654.0,467.0,314.2
MNBBL,8/12/2013,303.0,310.0,303.0,310.0,2.31,1813.0,467.0,314.2
MNBBL,8/13/2013,310.0,328.0,316.0,328.0,5.81,2044.0,467.0,314.2
MNBBL,8/14/2013,328.0,335.0,323.0,334.0,1.83,1963.0,467.0,314.2
MNBBL,8/15/2013,334.0,331.0,325.0,331.0,-0.9,815.0,467.0,314.2
MNBBL,8/18/2013,331.0,338.0,330.0,333.0,0.6,2905.0,467.0,314.2
MNBBL,8/19/2013,333.0,350.0,336.0,350.0,5.11,1761.0,467.0,314.2
MNBBL,8/20/2013,350.0,362.0,355.0,362.0,3.43,549.0,467.0,314.2
MNBBL,8/25/2013,362.0,360.0,355.0,360.0,-0.55,134.0,467.0,314.2
MNBBL,8/26/2013,360.0,360.0,353.0,353.0,-1.94,220.0,467.0,314.2
MNBBL,8/27/2013,353.0,355.0,346.0,346.0,-1.98,1964.0,467.0,314.2
MNBBL,8/29/2013,346.0,340.0,334.0,340.0,-1.73,556.0,467.0,314.2
MNBBL,9/1/2013,340.0,335.0,329.0,335.0,-1.47,2099.0,467.0,314.2
MNBBL,9/2/2013,335.0,340.0,335.0,340.0,1.49,1344.0,467.0,314.2
MNBBL,9/3/2013,340.0,340.0,335.0,340.0,0.0,1651.0,467.0,314.2
MNBBL,9/4/2013,340.0,336.0,335.0,335.0,-1.47,281.0,467.0,314.2
MNBBL,9/5/2013,335.0,365.0,341.0,365.0,8.96,2829.0,467.0,314.2
MNBBL,9/8/2013,365.0,358.0,332.0,335.0,-8.22,642.0,467.0,314.2
MNBBL,9/9/2013,335.0,362.0,334.0,358.0,6.87,2518.0,467.0,314.2
MNBBL,9/10/2013,358.0,379.0,365.0,370.0,3.35,9411.0,467.0,314.2
MNBBL,9/11/2013,370.0,370.0,353.0,356.0,-3.78,4128.0,467.0,314.2
MNBBL,9/12/2013,356.0,356.0,350.0,350.0,-1.69,551.0,467.0,314.2
MNBBL,9/15/2013,350.0,352.0,345.0,350.0,0.0,3018.0,467.0,314.2
MNBBL,9/16/2013,350.0,357.0,346.0,355.0,1.43,3734.0,467.0,314.2
MNBBL,9/17/2013,355.0,360.0,347.0,359.0,1.13,1225.0,467.0,314.2
MNBBL,9/19/2013,359.0,360.0,348.0,360.0,0.28,6452.0,467.0,314.2
MNBBL,9/22/2013,300.0,294.0,294.0,294.0,-18.33,100.0,467.0,314.2
MNBBL,9/29/2013,294.0,290.0,286.0,286.0,-2.72,257.0,467.0,314.2
MNBBL,9/30/2013,286.0,281.0,266.0,270.0,-5.59,730.0,467.0,314.2
MNBBL,10/1/2013,270.0,265.0,265.0,265.0,-1.85,36.0,467.0,314.2
MNBBL,10/7/2013,265.0,265.0,265.0,265.0,0.0,24.0,467.0,314.2
MNBBL,10/21/2013,265.0,275.0,270.0,275.0,3.77,661.0,467.0,314.2
MNBBL,10/22/2013,275.0,280.0,280.0,280.0,1.82,67.0,467.0,314.2
MNBBL,10/23/2013,280.0,300.0,285.0,299.0,6.79,657.0,467.0,314.2
MNBBL,10/24/2013,299.0,302.0,300.0,302.0,1.0,1854.0,467.0,314.2
MNBBL,10/27/2013,302.0,317.0,302.0,317.0,4.97,809.0,467.0,314.2
MNBBL,10/28/2013,317.0,335.0,323.0,335.0,5.68,320.0,467.0,314.2
MNBBL,10/29/2013,335.0,341.0,340.0,341.0,1.79,3871.0,467.0,314.2
MNBBL,10/30/2013,341.0,347.0,339.0,339.0,-0.59,807.0,467.0,314.2
MNBBL,10/31/2013,339.0,340.0,338.0,340.0,0.29,396.0,467.0,314.2
MNBBL,11/11/2013,342.0,367.0,348.0,367.0,7.94,1440.0,467.0,314.2
MNBBL,11/12/2013,367.0,380.0,370.0,380.0,3.54,2059.0,467.0,314.2
MNBBL,11/13/2013,380.0,400.0,374.0,395.0,3.95,2674.0,467.0,314.2
MNBBL,11/14/2013,395.0,401.0,395.0,399.0,1.01,7319.0,467.0,314.2
MNBBL,11/26/2013,333.0,351.0,339.0,351.0,-12.03,30.0,467.0,314.2
MNBBL,11/27/2013,351.0,386.0,358.0,386.0,9.97,680.0,467.0,314.2
MNBBL,11/28/2013,386.0,424.0,393.0,424.0,9.84,2312.0,467.0,314.2
MNBBL,12/1/2013,424.0,416.0,410.0,410.0,-3.3,78.0,467.0,314.2
MNBBL,12/2/2013,410.0,451.0,410.0,451.0,10.0,8906.0,467.0,314.2
MNBBL,12/3/2013,451.0,469.0,460.0,469.0,3.99,633.0,467.0,314.2
MNBBL,12/5/2013,469.0,496.0,478.0,487.0,3.84,322.0,467.0,314.2
MNBBL,12/8/2013,487.0,490.0,460.0,460.0,-5.54,1032.0,467.0,314.2
MNBBL,12/9/2013,460.0,451.0,451.0,451.0,-1.96,120.0,467.0,314.2
MNBBL,12/10/2013,451.0,442.0,432.0,432.0,-4.21,60.0,467.0,314.2
MNBBL,12/11/2013,432.0,424.0,400.0,415.0,-3.94,663.0,467.0,314.2
MNBBL,12/12/2013,415.0,428.0,420.0,420.0,1.2,1495.0,467.0,314.2
MNBBL,12/16/2013,420.0,436.0,424.0,436.0,3.81,870.0,467.0,314.2
MNBBL,12/19/2013,436.0,444.0,428.0,430.0,-1.38,1763.0,467.0,314.2
MNBBL,12/22/2013,430.0,425.0,415.0,416.0,-3.26,2901.0,467.0,314.2
MNBBL,12/23/2013,416.0,424.0,415.0,416.0,0.0,1349.0,467.0,314.2
MNBBL,12/24/2013,416.0,415.0,413.0,415.0,-0.24,839.0,467.0,314.2
MNBBL,12/26/2013,415.0,431.0,416.0,425.0,2.41,3003.0,467.0,314.2
MNBBL,12/29/2013,425.0,438.0,415.0,438.0,3.06,4112.0,467.0,314.2
MNBBL,12/31/2013,438.0,439.0,430.0,439.0,0.23,573.0,467.0,314.2
MNBBL,1/1/2014,439.0,447.0,432.0,435.0,-0.91,2999.0,467.0,314.2
MNBBL,1/2/2014,435.0,447.0,432.0,447.0,2.76,1488.0,467.0,314.2
MNBBL,1/5/2014,447.0,465.0,442.0,450.0,0.67,6467.0,467.0,314.2
MNBBL,1/6/2014,450.0,480.0,445.0,480.0,6.67,3501.0,467.0,314.2
MNBBL,1/7/2014,480.0,506.0,489.0,495.0,3.12,2121.0,467.0,314.2
MNBBL,1/8/2014,495.0,504.0,491.0,504.0,1.82,2763.0,467.0,314.2
MNBBL,1/9/2014,504.0,500.0,486.0,490.0,-2.78,1596.0,467.0,314.2
MNBBL,1/12/2014,490.0,516.0,490.0,516.0,5.31,1149.0,467.0,314.2
MNBBL,1/13/2014,516.0,567.0,522.0,567.0,9.88,2618.0,467.0,314.2
MNBBL,1/14/2014,567.0,590.0,560.0,586.0,3.35,2494.0,467.0,314.2
MNBBL,1/16/2014,586.0,595.0,571.0,571.0,-2.56,429.0,467.0,314.2
MNBBL,1/19/2014,571.0,579.0,572.0,579.0,1.4,748.0,467.0,314.2
MNBBL,1/20/2014,579.0,590.0,559.0,570.0,-1.55,1831.0,467.0,314.2
MNBBL,1/21/2014,570.0,580.0,570.0,570.0,0.0,282.0,467.0,314.2
MNBBL,1/22/2014,570.0,560.0,542.0,550.0,-3.51,1001.0,467.0,314.2
MNBBL,1/23/2014,550.0,561.0,545.0,550.0,0.0,1404.0,467.0,314.2
MNBBL,1/26/2014,550.0,545.0,525.0,530.0,-3.64,970.0,467.0,314.2
MNBBL,1/27/2014,530.0,520.0,500.0,500.0,-5.66,1329.0,467.0,314.2
MNBBL,1/28/2014,500.0,500.0,490.0,500.0,0.0,613.0,467.0,314.2
MNBBL,1/29/2014,500.0,510.0,510.0,510.0,2.0,381.0,467.0,314.2
MNBBL,2/2/2014,510.0,530.0,500.0,500.0,-1.96,1806.0,467.0,314.2
MNBBL,2/3/2014,500.0,515.0,490.0,515.0,3.0,1234.0,467.0,314.2
MNBBL,2/4/2014,515.0,525.0,505.0,525.0,1.94,964.0,467.0,314.2
MNBBL,2/6/2014,535.0,550.0,540.0,550.0,4.76,1401.0,467.0,314.2
MNBBL,2/9/2014,550.0,561.0,548.0,554.0,0.73,2347.0,467.0,314.2
MNBBL,2/10/2014,554.0,565.0,549.0,549.0,-0.9,170.0,467.0,314.2
MNBBL,2/11/2014,549.0,539.0,539.0,539.0,-1.82,61.0,467.0,314.2
MNBBL,2/12/2014,539.0,545.0,535.0,535.0,-0.74,2342.0,467.0,314.2
MNBBL,2/13/2014,535.0,560.0,525.0,560.0,4.67,2522.0,467.0,314.2
MNBBL,2/16/2014,560.0,549.0,540.0,540.0,-3.57,774.0,467.0,314.2
MNBBL,2/17/2014,540.0,550.0,530.0,550.0,1.85,779.0,467.0,314.2
MNBBL,2/18/2014,550.0,550.0,550.0,550.0,0.0,167.0,467.0,314.2
MNBBL,2/20/2014,550.0,540.0,540.0,540.0,-1.82,80.0,467.0,314.2
MNBBL,2/23/2014,540.0,561.0,550.0,560.0,3.7,191.0,467.0,314.2
MNBBL,2/24/2014,560.0,560.0,550.0,550.0,-1.79,755.0,467.0,314.2
MNBBL,2/25/2014,550.0,550.0,545.0,550.0,0.0,790.0,467.0,314.2
MNBBL,2/26/2014,550.0,551.0,539.0,540.0,-1.82,950.0,467.0,314.2
MNBBL,3/3/2014,540.0,531.0,531.0,531.0,-1.67,24.0,467.0,314.2
MNBBL,3/6/2014,531.0,525.0,522.0,525.0,-1.13,1049.0,467.0,314.2
MNBBL,3/9/2014,515.0,515.0,515.0,515.0,-1.9,61.0,467.0,314.2
MNBBL,3/10/2014,515.0,522.0,515.0,522.0,1.36,415.0,467.0,314.2
MNBBL,3/11/2014,522.0,535.0,520.0,535.0,2.49,535.0,467.0,314.2
MNBBL,3/12/2014,535.0,535.0,535.0,535.0,0.0,200.0,467.0,314.2
MNBBL,3/13/2014,535.0,525.0,520.0,520.0,-2.8,2083.0,467.0,314.2
MNBBL,3/17/2014,520.0,510.0,510.0,510.0,-1.92,661.0,467.0,314.2
MNBBL,3/18/2014,510.0,500.0,481.0,490.0,-3.92,1310.0,467.0,314.2
MNBBL,3/19/2014,490.0,499.0,490.0,490.0,0.0,1297.0,467.0,314.2
MNBBL,3/20/2014,490.0,499.0,490.0,495.0,1.02,817.0,467.0,314.2
MNBBL,3/23/2014,495.0,499.0,481.0,490.0,-1.01,1367.0,467.0,314.2
MNBBL,3/24/2014,490.0,491.0,482.0,491.0,0.2,123.0,467.0,314.2
MNBBL,3/25/2014,491.0,490.0,482.0,482.0,-1.83,576.0,467.0,314.2
MNBBL,3/26/2014,482.0,500.0,482.0,500.0,3.73,269.0,467.0,314.2
MNBBL,3/27/2014,500.0,495.0,490.0,493.0,-1.4,1690.0,467.0,314.2
MNBBL,3/31/2014,493.0,499.0,490.0,499.0,1.22,220.0,467.0,314.2
MNBBL,4/1/2014,499.0,515.0,504.0,510.0,2.2,142.0,467.0,314.2
MNBBL,4/2/2014,510.0,515.0,509.0,510.0,0.0,1397.0,467.0,314.2
MNBBL,4/3/2014,510.0,510.0,500.0,510.0,0.0,1045.0,467.0,314.2
MNBBL,4/6/2014,510.0,505.0,505.0,505.0,-0.98,40.0,467.0,314.2
MNBBL,4/7/2014,505.0,525.0,505.0,525.0,3.96,564.0,467.0,314.2
MNBBL,4/9/2014,525.0,525.0,520.0,525.0,0.0,433.0,467.0,314.2
MNBBL,4/10/2014,525.0,560.0,530.0,560.0,6.67,2819.0,467.0,314.2
MNBBL,4/13/2014,560.0,570.0,559.0,559.0,-0.18,448.0,467.0,314.2
MNBBL,4/15/2014,559.0,555.0,548.0,555.0,-0.72,247.0,467.0,314.2
MNBBL,4/16/2014,555.0,566.0,548.0,548.0,-1.26,1489.0,467.0,314.2
MNBBL,4/17/2014,548.0,550.0,548.0,548.0,0.0,740.0,467.0,314.2
MNBBL,4/20/2014,548.0,547.0,538.0,538.0,-1.82,2451.0,467.0,314.2
MNBBL,4/21/2014,538.0,546.0,535.0,540.0,0.37,2198.0,467.0,314.2
MNBBL,4/22/2014,540.0,545.0,541.0,545.0,0.93,200.0,467.0,314.2
MNBBL,4/23/2014,545.0,545.0,535.0,542.0,-0.55,1081.0,467.0,314.2
MNBBL,4/27/2014,542.0,545.0,530.0,530.0,-2.21,222.0,467.0,314.2
MNBBL,4/28/2014,530.0,528.0,505.0,505.0,-4.72,868.0,467.0,314.2
MNBBL,4/29/2014,505.0,510.0,505.0,510.0,0.99,2463.0,467.0,314.2
MNBBL,4/30/2014,510.0,530.0,510.0,520.0,1.96,2326.0,467.0,314.2
MNBBL,5/4/2014,520.0,526.0,517.0,525.0,0.96,1411.0,467.0,314.2
MNBBL,5/5/2014,525.0,555.0,532.0,552.0,5.14,2759.0,467.0,314.2
MNBBL,5/6/2014,552.0,584.0,541.0,541.0,-1.99,4379.0,467.0,314.2
MNBBL,5/7/2014,541.0,550.0,540.0,544.0,0.55,3307.0,467.0,314.2
MNBBL,5/8/2014,544.0,534.0,525.0,526.0,-3.31,2150.0,467.0,314.2
MNBBL,5/11/2014,526.0,526.0,520.0,524.0,-0.38,1079.0,467.0,314.2
MNBBL,5/12/2014,524.0,526.0,520.0,525.0,0.19,1093.0,467.0,314.2
MNBBL,5/13/2014,525.0,515.0,515.0,515.0,-1.9,56.0,467.0,314.2
MNBBL,5/15/2014,515.0,516.0,515.0,515.0,0.0,162.0,467.0,314.2
MNBBL,5/18/2014,515.0,555.0,516.0,555.0,7.77,3124.0,467.0,314.2
MNBBL,5/19/2014,555.0,544.0,515.0,526.0,-5.23,1889.0,467.0,314.2
MNBBL,5/20/2014,526.0,525.0,518.0,520.0,-1.14,421.0,467.0,314.2
MNBBL,5/21/2014,520.0,540.0,510.0,525.0,0.96,1230.0,467.0,314.2
MNBBL,5/22/2014,525.0,530.0,525.0,530.0,0.95,764.0,467.0,314.2
MNBBL,5/25/2014,530.0,541.0,530.0,532.0,0.38,3122.0,467.0,314.2
MNBBL,5/26/2014,532.0,540.0,535.0,540.0,1.5,471.0,467.0,314.2
MNBBL,5/27/2014,540.0,541.0,535.0,535.0,-0.93,1024.0,467.0,314.2
MNBBL,5/28/2014,535.0,545.0,542.0,545.0,1.87,2735.0,467.0,314.2
MNBBL,6/1/2014,545.0,540.0,535.0,540.0,-0.92,161.0,467.0,314.2
MNBBL,6/2/2014,540.0,540.0,536.0,536.0,-0.74,229.0,467.0,314.2
MNBBL,6/3/2014,536.0,550.0,529.0,550.0,2.61,3797.0,467.0,314.2
MNBBL,6/4/2014,550.0,552.0,540.0,540.0,-1.82,1194.0,467.0,314.2
MNBBL,6/5/2014,540.0,540.0,530.0,540.0,0.0,830.0,467.0,314.2
MNBBL,6/8/2014,540.0,549.0,549.0,549.0,1.67,963.0,467.0,314.2
MNBBL,6/9/2014,549.0,550.0,540.0,550.0,0.18,405.0,467.0,314.2
MNBBL,6/10/2014,550.0,554.0,545.0,545.0,-0.91,503.0,467.0,314.2
MNBBL,6/11/2014,545.0,549.0,535.0,535.0,-1.83,1159.0,467.0,314.2
MNBBL,6/12/2014,535.0,535.0,525.0,532.0,-0.56,3023.0,467.0,314.2
MNBBL,6/15/2014,532.0,545.0,535.0,545.0,2.44,985.0,467.0,314.2
MNBBL,6/16/2014,545.0,547.0,537.0,547.0,0.37,106.0,467.0,314.2
MNBBL,6/17/2014,547.0,555.0,545.0,545.0,-0.37,1022.0,467.0,314.2
MNBBL,6/18/2014,545.0,545.0,525.0,545.0,0.0,903.0,467.0,314.2
MNBBL,6/19/2014,545.0,540.0,540.0,540.0,-0.92,18.0,467.0,314.2
MNBBL,6/23/2014,540.0,530.0,530.0,530.0,-1.85,64.0,467.0,314.2
MNBBL,6/24/2014,530.0,540.0,526.0,535.0,0.94,863.0,467.0,314.2
MNBBL,6/25/2014,535.0,545.0,535.0,542.0,1.31,1265.0,467.0,314.2
MNBBL,6/26/2014,542.0,542.0,532.0,532.0,-1.85,433.0,467.0,314.2
MNBBL,6/29/2014,532.0,545.0,531.0,545.0,2.44,1277.0,467.0,314.2
MNBBL,6/30/2014,545.0,566.0,539.0,555.0,1.83,5631.0,467.0,314.2
MNBBL,7/1/2014,555.0,586.0,546.0,583.0,5.05,2371.0,467.0,314.2
MNBBL,7/2/2014,583.0,628.0,594.0,628.0,7.72,4247.0,467.0,314.2
MNBBL,7/3/2014,628.0,645.0,609.0,609.0,-3.03,955.0,467.0,314.2
MNBBL,7/6/2014,609.0,620.0,598.0,620.0,1.81,2626.0,467.0,314.2
MNBBL,7/7/2014,620.0,610.0,599.0,600.0,-3.23,3290.0,467.0,314.2
MNBBL,7/8/2014,600.0,622.0,600.0,622.0,3.67,3166.0,467.0,314.2
MNBBL,7/9/2014,622.0,635.0,625.0,635.0,2.09,1435.0,467.0,314.2
MNBBL,7/10/2014,635.0,635.0,630.0,630.0,-0.79,400.0,467.0,314.2
MNBBL,7/13/2014,630.0,640.0,630.0,635.0,0.79,690.0,467.0,314.2
MNBBL,7/14/2014,635.0,631.0,627.0,630.0,-0.79,1358.0,467.0,314.2
MNBBL,7/16/2014,630.0,640.0,630.0,630.0,0.0,1454.0,467.0,314.2
MNBBL,7/17/2014,630.0,693.0,631.0,693.0,10.0,7553.0,467.0,314.2
MNBBL,7/20/2014,693.0,762.0,700.0,762.0,9.96,9814.0,467.0,314.2
MNBBL,7/21/2014,762.0,775.0,731.0,731.0,-4.07,3645.0,467.0,314.2
MNBBL,7/22/2014,731.0,745.0,705.0,740.0,1.23,3531.0,467.0,314.2
MNBBL,7/23/2014,740.0,755.0,740.0,750.0,1.35,1579.0,467.0,314.2
MNBBL,7/24/2014,750.0,765.0,740.0,745.0,-0.67,2454.0,467.0,314.2
MNBBL,7/27/2014,745.0,810.0,750.0,795.0,6.71,4270.0,467.0,314.2
MNBBL,7/28/2014,795.0,820.0,785.0,800.0,0.63,8834.0,467.0,314.2
MNBBL,7/30/2014,800.0,816.0,775.0,793.0,-0.88,3737.0,467.0,314.2
MNBBL,7/31/2014,793.0,790.0,750.0,765.0,-3.53,3210.0,467.0,314.2
MNBBL,8/3/2014,765.0,760.0,754.0,760.0,-0.65,1424.0,467.0,314.2
MNBBL,8/4/2014,760.0,755.0,740.0,745.0,-1.97,1404.0,467.0,314.2
MNBBL,8/5/2014,745.0,760.0,745.0,760.0,2.01,2757.0,467.0,314.2
MNBBL,8/6/2014,760.0,776.0,761.0,776.0,2.11,2133.0,467.0,314.2
MNBBL,8/7/2014,776.0,770.0,735.0,740.0,-4.64,1312.0,467.0,314.2
MNBBL,8/12/2014,740.0,735.0,732.0,735.0,-0.68,287.0,467.0,314.2
MNBBL,8/13/2014,735.0,730.0,720.0,720.0,-2.04,117.0,467.0,314.2
MNBBL,8/14/2014,720.0,739.0,725.0,734.0,1.94,1365.0,467.0,314.2
MNBBL,8/18/2014,734.0,730.0,730.0,730.0,-0.54,109.0,467.0,314.2
MNBBL,8/19/2014,730.0,740.0,720.0,735.0,0.68,2193.0,467.0,314.2
MNBBL,8/20/2014,735.0,725.0,721.0,725.0,-1.36,747.0,467.0,314.2
MNBBL,8/21/2014,725.0,711.0,670.0,670.0,-7.59,9123.0,467.0,314.2
MNBBL,8/24/2014,670.0,690.0,644.0,690.0,2.99,678.0,467.0,314.2
MNBBL,8/25/2014,690.0,677.0,665.0,665.0,-3.62,220.0,467.0,314.2
MNBBL,8/26/2014,665.0,691.0,635.0,635.0,-4.51,2836.0,467.0,314.2
MNBBL,8/27/2014,635.0,680.0,645.0,680.0,7.09,2858.0,467.0,314.2
MNBBL,8/28/2014,680.0,740.0,693.0,734.0,7.94,3421.0,467.0,314.2
MNBBL,8/31/2014,734.0,725.0,707.0,707.0,-3.68,744.0,467.0,314.2
MNBBL,9/1/2014,707.0,700.0,652.0,675.0,-4.53,3286.0,467.0,314.2
MNBBL,9/3/2014,675.0,685.0,685.0,685.0,1.48,131.0,467.0,314.2
MNBBL,9/4/2014,685.0,675.0,645.0,645.0,-5.84,1429.0,467.0,314.2
MNBBL,9/7/2014,645.0,650.0,630.0,630.0,-2.33,694.0,467.0,314.2
MNBBL,9/9/2014,630.0,691.0,640.0,691.0,9.68,489.0,467.0,314.2
MNBBL,9/10/2014,691.0,691.0,657.0,670.0,-3.04,1360.0,467.0,314.2
MNBBL,9/11/2014,670.0,720.0,655.0,720.0,7.46,2047.0,467.0,314.2
MNBBL,9/14/2014,720.0,770.0,720.0,770.0,6.94,13662.0,467.0,314.2
MNBBL,9/15/2014,770.0,820.0,765.0,779.0,1.17,20326.0,467.0,314.2
MNBBL,9/16/2014,779.0,800.0,770.0,791.0,1.54,10276.0,467.0,314.2
MNBBL,9/17/2014,791.0,795.0,780.0,783.0,-1.01,7586.0,467.0,314.2
MNBBL,9/18/2014,783.0,783.0,765.0,776.0,-0.89,2502.0,467.0,314.2
MNBBL,9/21/2014,776.0,790.0,750.0,756.0,-2.58,3212.0,467.0,314.2
MNBBL,9/22/2014,756.0,780.0,755.0,760.0,0.53,3015.0,467.0,314.2
MNBBL,9/23/2014,760.0,790.0,760.0,778.0,2.37,3046.0,467.0,314.2
MNBBL,9/24/2014,778.0,805.0,780.0,791.0,1.67,2387.0,467.0,314.2
MNBBL,9/28/2014,791.0,799.0,776.0,791.0,0.0,1929.0,467.0,314.2
MNBBL,9/29/2014,791.0,800.0,785.0,795.0,0.51,2964.0,467.0,314.2
MNBBL,9/30/2014,795.0,825.0,793.0,800.0,0.63,3452.0,467.0,314.2
MNBBL,10/8/2014,800.0,790.0,784.0,789.0,-1.38,1148.0,467.0,314.2
MNBBL,10/9/2014,789.0,798.0,780.0,785.0,-0.51,1029.0,467.0,314.2
MNBBL,10/12/2014,785.0,785.0,771.0,771.0,-1.78,129.0,467.0,314.2
MNBBL,10/13/2014,771.0,770.0,745.0,770.0,-0.13,162.0,467.0,314.2
MNBBL,10/14/2014,770.0,790.0,755.0,785.0,1.95,2530.0,467.0,314.2
MNBBL,10/15/2014,785.0,800.0,771.0,785.0,0.0,1156.0,467.0,314.2
MNBBL,10/16/2014,785.0,809.0,790.0,801.0,2.04,1279.0,467.0,314.2
MNBBL,10/19/2014,801.0,805.0,793.0,795.0,-0.75,1551.0,467.0,314.2
MNBBL,10/20/2014,795.0,800.0,780.0,780.0,-1.89,1876.0,467.0,314.2
MNBBL,10/21/2014,780.0,786.0,772.0,786.0,0.77,851.0,467.0,314.2
MNBBL,10/22/2014,786.0,804.0,787.0,795.0,1.15,2384.0,467.0,314.2
MNBBL,10/26/2014,795.0,801.0,790.0,791.0,-0.5,1228.0,467.0,314.2
MNBBL,10/27/2014,791.0,798.0,792.0,795.0,0.51,2387.0,467.0,314.2
MNBBL,10/28/2014,795.0,826.0,800.0,807.0,1.51,6642.0,467.0,314.2
MNBBL,10/30/2014,807.0,815.0,807.0,810.0,0.37,3262.0,467.0,314.2
MNBBL,11/2/2014,810.0,809.0,798.0,805.0,-0.62,2127.0,467.0,314.2
MNBBL,11/3/2014,805.0,802.0,780.0,785.0,-2.48,1509.0,467.0,314.2
MNBBL,11/4/2014,785.0,780.0,770.0,780.0,-0.64,1618.0,467.0,314.2
MNBBL,11/5/2014,780.0,797.0,775.0,782.0,0.26,1172.0,467.0,314.2
MNBBL,11/6/2014,782.0,812.0,797.0,810.0,3.58,4400.0,467.0,314.2
MNBBL,11/9/2014,810.0,815.0,803.0,810.0,0.0,8534.0,467.0,314.2
MNBBL,11/10/2014,810.0,810.0,781.0,781.0,-3.58,6313.0,467.0,314.2
MNBBL,11/11/2014,781.0,805.0,784.0,800.0,2.43,4927.0,467.0,314.2
MNBBL,11/12/2014,800.0,805.0,794.0,798.0,-0.25,12698.0,467.0,314.2
MNBBL,11/13/2014,798.0,813.0,794.0,800.0,0.25,10908.0,467.0,314.2
MNBBL,11/18/2014,506.0,496.0,487.0,487.0,-39.12,23.0,467.0,314.2
MNBBL,11/19/2014,487.0,492.0,486.0,486.0,-0.21,604.0,467.0,314.2
MNBBL,11/20/2014,486.0,503.0,486.0,492.0,1.23,1385.0,467.0,314.2
MNBBL,11/23/2014,492.0,510.0,501.0,510.0,3.66,164.0,467.0,314.2
MNBBL,11/24/2014,510.0,505.0,502.0,503.0,-1.37,209.0,467.0,314.2
MNBBL,11/25/2014,503.0,515.0,506.0,506.0,0.6,791.0,467.0,314.2
MNBBL,11/30/2014,506.0,496.0,496.0,496.0,-1.98,919.0,467.0,314.2
MNBBL,12/1/2014,496.0,495.0,488.0,488.0,-1.61,1186.0,467.0,314.2
MNBBL,12/2/2014,488.0,479.0,479.0,479.0,-1.84,160.0,467.0,314.2
MNBBL,12/3/2014,479.0,480.0,475.0,479.0,0.0,738.0,467.0,314.2
MNBBL,12/4/2014,479.0,480.0,475.0,480.0,0.21,179.0,467.0,314.2
MNBBL,12/7/2014,480.0,473.0,467.0,467.0,-2.71,1100.0,467.0,314.2
MNBBL,12/8/2014,467.0,468.0,460.0,460.0,-1.5,358.0,467.0,314.2
MNBBL,12/9/2014,460.0,460.0,450.0,460.0,0.0,712.0,467.0,314.2
MNBBL,12/10/2014,460.0,465.0,465.0,465.0,1.09,83.0,467.0,314.2
MNBBL,12/11/2014,465.0,470.0,470.0,470.0,1.08,50.0,467.0,314.2
MNBBL,12/14/2014,470.0,493.0,472.0,493.0,4.89,1537.0,467.0,314.2
MNBBL,12/15/2014,493.0,495.0,468.0,484.0,-1.83,2781.0,467.0,314.2
MNBBL,12/16/2014,484.0,480.0,480.0,480.0,-0.83,250.0,467.0,314.2
MNBBL,12/17/2014,480.0,480.0,473.0,480.0,0.0,1729.0,467.0,314.2
MNBBL,12/18/2014,480.0,485.0,476.0,481.0,0.21,1326.0,467.0,314.2
MNBBL,12/22/2014,481.0,477.0,472.0,472.0,-1.87,465.0,467.0,314.2
MNBBL,12/24/2014,472.0,463.0,460.0,460.0,-2.54,206.0,467.0,314.2
MNBBL,12/28/2014,460.0,469.0,469.0,469.0,1.96,180.0,467.0,314.2
MNBBL,12/31/2014,469.0,475.0,465.0,475.0,1.28,2199.0,467.0,314.2
MNBBL,1/1/2015,475.0,480.0,475.0,480.0,1.05,300.0,467.0,314.2
MNBBL,1/4/2015,480.0,506.0,480.0,506.0,5.42,659.0,467.0,314.2
MNBBL,1/5/2015,506.0,515.0,500.0,504.0,-0.4,1063.0,467.0,314.2
MNBBL,1/6/2015,504.0,500.0,496.0,496.0,-1.59,1338.0,467.0,314.2
MNBBL,1/7/2015,496.0,500.0,500.0,500.0,0.81,402.0,467.0,314.2
MNBBL,1/8/2015,500.0,505.0,495.0,500.0,0.0,2629.0,467.0,314.2
MNBBL,1/11/2015,500.0,500.0,490.0,490.0,-2.0,1322.0,467.0,314.2
MNBBL,1/12/2015,490.0,490.0,481.0,490.0,0.0,1244.0,467.0,314.2
MNBBL,1/13/2015,490.0,499.0,490.0,490.0,0.0,1046.0,467.0,314.2
MNBBL,1/14/2015,490.0,482.0,471.0,471.0,-3.88,450.0,467.0,314.2
MNBBL,1/18/2015,471.0,498.0,480.0,498.0,5.73,130.0,467.0,314.2
MNBBL,1/19/2015,498.0,515.0,500.0,515.0,3.41,5406.0,467.0,314.2
MNBBL,1/20/2015,515.0,541.0,508.0,530.0,2.91,2512.0,467.0,314.2
MNBBL,1/22/2015,530.0,560.0,526.0,540.0,1.89,7108.0,467.0,314.2
MNBBL,1/25/2015,540.0,581.0,550.0,575.0,6.48,2061.0,467.0,314.2
MNBBL,1/26/2015,575.0,593.0,579.0,582.0,1.22,4637.0,467.0,314.2
MNBBL,1/27/2015,582.0,580.0,568.0,576.0,-1.03,1200.0,467.0,314.2
MNBBL,1/28/2015,576.0,585.0,576.0,585.0,1.56,1135.0,467.0,314.2
MNBBL,1/29/2015,585.0,585.0,563.0,563.0,-3.76,1337.0,467.0,314.2
MNBBL,2/1/2015,563.0,570.0,565.0,565.0,0.36,898.0,467.0,314.2
MNBBL,2/2/2015,565.0,570.0,570.0,570.0,0.88,1120.0,467.0,314.2
MNBBL,2/3/2015,570.0,612.0,580.0,590.0,3.51,5581.0,467.0,314.2
MNBBL,2/4/2015,590.0,601.0,585.0,595.0,0.85,2595.0,467.0,314.2
MNBBL,2/5/2015,595.0,590.0,585.0,587.0,-1.34,1961.0,467.0,314.2
MNBBL,2/8/2015,587.0,591.0,583.0,583.0,-0.68,550.0,467.0,314.2
MNBBL,2/9/2015,583.0,590.0,575.0,582.0,-0.17,1371.0,467.0,314.2
MNBBL,2/10/2015,582.0,582.0,570.0,570.0,-2.06,2571.0,467.0,314.2
MNBBL,2/11/2015,570.0,581.0,560.0,581.0,1.93,916.0,467.0,314.2
MNBBL,2/12/2015,581.0,572.0,571.0,572.0,-1.55,302.0,467.0,314.2
MNBBL,2/15/2015,572.0,585.0,574.0,585.0,2.27,2069.0,467.0,314.2
MNBBL,2/16/2015,585.0,590.0,585.0,585.0,0.0,1718.0,467.0,314.2
MNBBL,2/18/2015,585.0,585.0,573.0,580.0,-0.85,4930.0,467.0,314.2
MNBBL,2/22/2015,580.0,570.0,560.0,563.0,-2.93,1959.0,467.0,314.2
MNBBL,2/23/2015,563.0,596.0,574.0,596.0,5.86,230.0,467.0,314.2
MNBBL,2/24/2015,596.0,585.0,565.0,570.0,-4.36,1864.0,467.0,314.2
MNBBL,2/25/2015,570.0,575.0,570.0,575.0,0.88,864.0,467.0,314.2
MNBBL,2/26/2015,575.0,590.0,570.0,570.0,-0.87,2071.0,467.0,314.2
MNBBL,3/1/2015,570.0,578.0,570.0,576.0,1.05,3047.0,467.0,314.2
MNBBL,3/2/2015,576.0,591.0,565.0,580.0,0.69,2068.0,467.0,314.2
MNBBL,3/3/2015,580.0,585.0,571.0,582.0,0.34,1286.0,467.0,314.2
MNBBL,3/4/2015,582.0,582.0,575.0,582.0,0.0,1376.0,467.0,314.2
MNBBL,3/9/2015,582.0,594.0,582.0,582.0,0.0,2386.0,467.0,314.2
MNBBL,3/10/2015,582.0,582.0,575.0,582.0,0.0,633.0,467.0,314.2
MNBBL,3/11/2015,582.0,585.0,576.0,576.0,-1.03,1103.0,467.0,314.2
MNBBL,3/12/2015,576.0,582.0,572.0,580.0,0.69,271.0,467.0,314.2
MNBBL,3/15/2015,580.0,591.0,591.0,591.0,1.9,200.0,467.0,314.2
MNBBL,3/16/2015,591.0,590.0,574.0,574.0,-2.88,245.0,467.0,314.2
MNBBL,3/17/2015,574.0,569.0,563.0,564.0,-1.74,968.0,467.0,314.2
MNBBL,3/18/2015,564.0,565.0,560.0,565.0,0.18,498.0,467.0,314.2
MNBBL,3/19/2015,565.0,570.0,564.0,565.0,0.0,1821.0,467.0,314.2
MNBBL,3/22/2015,565.0,576.0,565.0,566.0,0.18,362.0,467.0,314.2
MNBBL,3/23/2015,566.0,565.0,564.0,564.0,-0.35,274.0,467.0,314.2
MNBBL,3/24/2015,564.0,570.0,565.0,570.0,1.06,341.0,467.0,314.2
MNBBL,3/25/2015,570.0,570.0,565.0,570.0,0.0,189.0,467.0,314.2
MNBBL,3/31/2015,570.0,562.0,560.0,562.0,-1.4,5173.0,467.0,314.2
MNBBL,4/1/2015,562.0,555.0,545.0,545.0,-3.02,1993.0,467.0,314.2
MNBBL,4/2/2015,545.0,555.0,540.0,545.0,0.0,3022.0,467.0,314.2
MNBBL,4/5/2015,545.0,545.0,540.0,541.0,-0.73,1202.0,467.0,314.2
MNBBL,4/6/2015,541.0,550.0,540.0,550.0,1.66,415.0,467.0,314.2
MNBBL,4/7/2015,550.0,555.0,543.0,555.0,0.91,1678.0,467.0,314.2
MNBBL,4/8/2015,555.0,565.0,555.0,560.0,0.9,3047.0,467.0,314.2
MNBBL,4/9/2015,560.0,574.0,565.0,574.0,2.5,1094.0,467.0,314.2
MNBBL,4/12/2015,574.0,584.0,560.0,565.0,-1.57,2107.0,467.0,314.2
MNBBL,4/13/2015,565.0,575.0,570.0,570.0,0.88,240.0,467.0,314.2
MNBBL,4/15/2015,570.0,563.0,560.0,560.0,-1.75,1208.0,467.0,314.2
MNBBL,4/16/2015,560.0,571.0,555.0,571.0,1.96,1010.0,467.0,314.2
MNBBL,4/19/2015,571.0,560.0,558.0,560.0,-1.93,1001.0,467.0,314.2
MNBBL,4/20/2015,560.0,571.0,560.0,560.0,0.0,4780.0,467.0,314.2
MNBBL,4/21/2015,560.0,566.0,560.0,565.0,0.89,3012.0,467.0,314.2
MNBBL,4/22/2015,565.0,565.0,545.0,565.0,0.0,4110.0,467.0,314.2
MNBBL,4/23/2015,565.0,571.0,554.0,564.0,-0.18,2081.0,467.0,314.2
MNBBL,5/31/2015,564.0,553.0,545.0,545.0,-3.37,113.0,467.0,314.2
MNBBL,6/1/2015,545.0,550.0,520.0,522.0,-4.22,1720.0,467.0,314.2
MNBBL,6/3/2015,522.0,550.0,520.0,550.0,5.36,763.0,467.0,314.2
MNBBL,6/4/2015,550.0,550.0,540.0,550.0,0.0,1098.0,467.0,314.2
MNBBL,6/7/2015,550.0,551.0,545.0,546.0,-0.73,1284.0,467.0,314.2
MNBBL,6/8/2015,546.0,568.0,520.0,568.0,4.03,18917.0,467.0,314.2
MNBBL,6/9/2015,568.0,600.0,576.0,588.0,3.52,3329.0,467.0,314.2
MNBBL,6/10/2015,588.0,588.0,575.0,588.0,0.0,1998.0,467.0,314.2
MNBBL,6/11/2015,588.0,580.0,555.0,556.0,-5.44,13971.0,467.0,314.2
MNBBL,6/14/2015,556.0,563.0,535.0,552.0,-0.72,1448.0,467.0,314.2
MNBBL,6/15/2015,552.0,586.0,541.0,560.0,1.45,1195.0,467.0,314.2
MNBBL,6/16/2015,560.0,560.0,539.0,560.0,0.0,7241.0,467.0,314.2
MNBBL,6/17/2015,560.0,551.0,540.0,542.0,-3.21,9147.0,467.0,314.2
MNBBL,6/18/2015,542.0,550.0,538.0,540.0,-0.37,3083.0,467.0,314.2
MNBBL,6/21/2015,540.0,540.0,540.0,540.0,0.0,26.0,467.0,314.2
MNBBL,6/22/2015,540.0,541.0,532.0,532.0,-1.48,2064.0,467.0,314.2
MNBBL,6/23/2015,532.0,540.0,525.0,528.0,-0.75,7675.0,467.0,314.2
MNBBL,6/24/2015,528.0,548.0,530.0,533.0,0.95,3493.0,467.0,314.2
MNBBL,6/25/2015,533.0,535.0,530.0,535.0,0.38,4005.0,467.0,314.2
MNBBL,6/28/2015,535.0,536.0,525.0,532.0,-0.56,7868.0,467.0,314.2
MNBBL,6/29/2015,532.0,559.0,522.0,538.0,1.13,6708.0,467.0,314.2
MNBBL,6/30/2015,538.0,540.0,519.0,531.0,-1.3,7668.0,467.0,314.2
MNBBL,7/1/2015,531.0,532.0,521.0,532.0,0.19,2064.0,467.0,314.2
MNBBL,7/2/2015,532.0,539.0,531.0,537.0,0.94,2144.0,467.0,314.2
MNBBL,7/5/2015,537.0,546.0,530.0,530.0,-1.3,4689.0,467.0,314.2
MNBBL,7/6/2015,530.0,550.0,530.0,530.0,0.0,6148.0,467.0,314.2
MNBBL,7/7/2015,530.0,540.0,529.0,534.0,0.75,3075.0,467.0,314.2
MNBBL,7/8/2015,534.0,544.0,535.0,535.0,0.19,3447.0,467.0,314.2
MNBBL,7/9/2015,535.0,555.0,534.0,541.0,1.12,2583.0,467.0,314.2
MNBBL,7/12/2015,541.0,552.0,531.0,552.0,2.03,2448.0,467.0,314.2
MNBBL,7/13/2015,552.0,559.0,548.0,552.0,0.0,1421.0,467.0,314.2
MNBBL,7/14/2015,552.0,555.0,551.0,555.0,0.54,3669.0,467.0,314.2
MNBBL,7/15/2015,555.0,565.0,555.0,555.0,0.0,944.0,467.0,314.2
MNBBL,7/16/2015,555.0,565.0,558.0,564.0,1.62,5526.0,467.0,314.2
MNBBL,7/22/2015,564.0,590.0,555.0,577.0,2.3,9181.0,467.0,314.2
MNBBL,7/23/2015,577.0,610.0,582.0,610.0,5.72,9771.0,467.0,314.2
MNBBL,7/26/2015,610.0,622.0,622.0,622.0,1.97,10.0,467.0,314.2
MNBBL,7/27/2015,622.0,646.0,618.0,620.0,-0.32,12107.0,467.0,314.2
MNBBL,7/28/2015,620.0,608.0,600.0,600.0,-3.23,8191.0,467.0,314.2
MNBBL,7/29/2015,600.0,605.0,585.0,600.0,0.0,2545.0,467.0,314.2
MNBBL,7/30/2015,600.0,600.0,588.0,594.0,-1.0,4889.0,467.0,314.2
MNBBL,8/2/2015,594.0,605.0,590.0,605.0,1.85,6219.0,467.0,314.2
MNBBL,8/3/2015,605.0,599.0,592.0,595.0,-1.65,6219.0,467.0,314.2
MNBBL,8/4/2015,595.0,599.0,588.0,592.0,-0.5,2873.0,467.0,314.2
MNBBL,8/5/2015,592.0,596.0,589.0,596.0,0.68,10501.0,467.0,314.2
MNBBL,8/6/2015,596.0,615.0,595.0,615.0,3.19,7134.0,467.0,314.2
MNBBL,8/9/2015,615.0,632.0,600.0,616.0,0.16,8519.0,467.0,314.2
MNBBL,8/10/2015,616.0,610.0,605.0,606.0,-1.62,1743.0,467.0,314.2
MNBBL,8/11/2015,606.0,618.0,605.0,615.0,1.49,5896.0,467.0,314.2
MNBBL,8/12/2015,615.0,610.0,591.0,591.0,-3.9,1970.0,467.0,314.2
MNBBL,8/13/2015,591.0,600.0,580.0,587.0,-0.68,2415.0,467.0,314.2
MNBBL,8/16/2015,587.0,598.0,582.0,590.0,0.51,4325.0,467.0,314.2
MNBBL,8/17/2015,590.0,592.0,570.0,592.0,0.34,3202.0,467.0,314.2
MNBBL,8/18/2015,592.0,600.0,579.0,595.0,0.51,9535.0,467.0,314.2
MNBBL,8/19/2015,595.0,612.0,600.0,610.0,2.52,6321.0,467.0,314.2
MNBBL,8/20/2015,610.0,622.0,609.0,618.0,1.31,17593.0,467.0,314.2
MNBBL,8/23/2015,618.0,612.0,580.0,610.0,-1.29,10937.0,467.0,314.2
MNBBL,8/24/2015,610.0,671.0,622.0,671.0,10.0,3600.0,467.0,314.2
MNBBL,8/25/2015,671.0,684.0,668.0,668.0,-0.45,4079.0,467.0,314.2
MNBBL,8/26/2015,668.0,681.0,668.0,670.0,0.3,2355.0,467.0,314.2
MNBBL,8/27/2015,670.0,681.0,670.0,670.0,0.0,1268.0,467.0,314.2
MNBBL,8/31/2015,670.0,690.0,680.0,690.0,2.99,2285.0,467.0,314.2
MNBBL,9/1/2015,690.0,700.0,686.0,690.0,0.0,1168.0,467.0,314.2
MNBBL,9/2/2015,690.0,695.0,678.0,678.0,-1.74,520.0,467.0,314.2
MNBBL,9/3/2015,678.0,665.0,665.0,665.0,-1.92,500.0,467.0,314.2
MNBBL,9/6/2015,665.0,671.0,666.0,666.0,0.15,1735.0,467.0,314.2
MNBBL,9/7/2015,666.0,692.0,678.0,692.0,3.9,293.0,467.0,314.2
MNBBL,9/8/2015,692.0,700.0,685.0,690.0,-0.29,3450.0,467.0,314.2
MNBBL,9/9/2015,690.0,695.0,690.0,690.0,0.0,543.0,467.0,314.2
MNBBL,9/10/2015,690.0,695.0,685.0,685.0,-0.72,1660.0,467.0,314.2
MNBBL,9/13/2015,685.0,699.0,685.0,685.0,0.0,800.0,467.0,314.2
MNBBL,9/14/2015,685.0,697.0,685.0,685.0,0.0,1950.0,467.0,314.2
MNBBL,9/15/2015,685.0,698.0,685.0,690.0,0.73,4790.0,467.0,314.2
MNBBL,9/16/2015,690.0,714.0,699.0,714.0,3.48,2215.0,467.0,314.2
MNBBL,9/17/2015,714.0,720.0,700.0,710.0,-0.56,3168.0,467.0,314.2
MNBBL,9/22/2015,710.0,700.0,696.0,696.0,-1.97,657.0,467.0,314.2
MNBBL,9/23/2015,696.0,708.0,685.0,708.0,1.72,5316.0,467.0,314.2
MNBBL,9/24/2015,708.0,701.0,693.0,693.0,-2.12,2473.0,467.0,314.2
MNBBL,9/28/2015,693.0,680.0,675.0,680.0,-1.88,2614.0,467.0,314.2
MNBBL,9/29/2015,680.0,680.0,670.0,680.0,0.0,2959.0,467.0,314.2
MNBBL,9/30/2015,680.0,734.0,680.0,725.0,6.62,1716.0,467.0,314.2
MNBBL,10/1/2015,725.0,711.0,700.0,700.0,-3.45,3832.0,467.0,314.2
MNBBL,10/4/2015,700.0,745.0,714.0,742.0,6.0,5026.0,467.0,314.2
MNBBL,10/5/2015,742.0,740.0,717.0,718.0,-3.23,5307.0,467.0,314.2
MNBBL,10/6/2015,718.0,720.0,704.0,720.0,0.28,2257.0,467.0,314.2
MNBBL,10/7/2015,720.0,715.0,692.0,710.0,-1.39,1196.0,467.0,314.2
MNBBL,10/8/2015,710.0,719.0,708.0,716.0,0.85,5191.0,467.0,314.2
MNBBL,10/11/2015,716.0,710.0,703.0,703.0,-1.82,2002.0,467.0,314.2
MNBBL,10/14/2015,703.0,708.0,700.0,700.0,-0.43,2370.0,467.0,314.2
MNBBL,10/15/2015,700.0,710.0,690.0,700.0,0.0,1720.0,467.0,314.2
MNBBL,10/18/2015,700.0,701.0,700.0,700.0,0.0,1250.0,467.0,314.2
MNBBL,10/19/2015,700.0,706.0,700.0,705.0,0.71,1906.0,467.0,314.2
MNBBL,10/27/2015,705.0,692.0,681.0,690.0,-2.13,1250.0,467.0,314.2
MNBBL,10/28/2015,690.0,680.0,645.0,680.0,-1.45,3360.0,467.0,314.2
MNBBL,10/29/2015,680.0,688.0,675.0,680.0,0.0,2508.0,467.0,314.2
MNBBL,11/1/2015,680.0,690.0,668.0,690.0,1.47,3886.0,467.0,314.2
MNBBL,11/2/2015,690.0,690.0,679.0,679.0,-1.59,1753.0,467.0,314.2
MNBBL,11/3/2015,679.0,675.0,666.0,675.0,-0.59,2722.0,467.0,314.2
MNBBL,11/4/2015,675.0,685.0,661.0,685.0,1.48,889.0,467.0,314.2
MNBBL,11/5/2015,685.0,711.0,698.0,699.0,2.04,6712.0,467.0,314.2
MNBBL,11/8/2015,699.0,699.0,690.0,697.0,-0.29,1427.0,467.0,314.2
MNBBL,11/9/2015,697.0,724.0,700.0,712.0,2.15,2873.0,467.0,314.2
MNBBL,11/10/2015,712.0,710.0,696.0,710.0,-0.28,4247.0,467.0,314.2
MNBBL,11/15/2015,710.0,706.0,706.0,706.0,-0.56,200.0,467.0,314.2
MNBBL,11/16/2015,706.0,700.0,693.0,693.0,-1.84,1629.0,467.0,314.2
MNBBL,11/18/2015,693.0,700.0,695.0,695.0,0.29,1197.0,467.0,314.2
MNBBL,11/19/2015,695.0,695.0,685.0,690.0,-0.72,2236.0,467.0,314.2
MNBBL,11/22/2015,690.0,682.0,665.0,670.0,-2.9,1849.0,467.0,314.2
MNBBL,11/23/2015,670.0,670.0,642.0,670.0,0.0,2668.0,467.0,314.2
MNBBL,11/24/2015,670.0,675.0,661.0,675.0,0.75,2676.0,467.0,314.2
MNBBL,11/25/2015,675.0,670.0,653.0,660.0,-2.22,7972.0,467.0,314.2
MNBBL,11/26/2015,660.0,659.0,645.0,657.0,-0.45,3505.0,467.0,314.2
MNBBL,11/29/2015,657.0,645.0,637.0,645.0,-1.83,4841.0,467.0,314.2
MNBBL,11/30/2015,645.0,655.0,642.0,655.0,1.55,3643.0,467.0,314.2
MNBBL,12/1/2015,655.0,691.0,661.0,661.0,0.92,2886.0,467.0,314.2
MNBBL,12/2/2015,661.0,671.0,642.0,670.0,1.36,3098.0,467.0,314.2
MNBBL,12/3/2015,670.0,690.0,651.0,688.0,2.69,4889.0,467.0,314.2
MNBBL,12/6/2015,688.0,713.0,697.0,710.0,3.2,5100.0,467.0,314.2
MNBBL,12/7/2015,710.0,730.0,710.0,720.0,1.41,7482.0,467.0,314.2
MNBBL,12/8/2015,720.0,715.0,700.0,710.0,-1.39,5257.0,467.0,314.2
MNBBL,12/9/2015,710.0,744.0,705.0,725.0,2.11,7852.0,467.0,314.2
MNBBL,12/10/2015,725.0,734.0,712.0,734.0,1.24,4630.0,467.0,314.2
MNBBL,12/13/2015,734.0,745.0,720.0,745.0,1.5,4635.0,467.0,314.2
MNBBL,12/14/2015,745.0,750.0,740.0,741.0,-0.54,1570.0,467.0,314.2
MNBBL,12/15/2015,741.0,755.0,743.0,749.0,1.08,6129.0,467.0,314.2
MNBBL,12/16/2015,749.0,754.0,745.0,751.0,0.27,9224.0,467.0,314.2
MNBBL,12/17/2015,751.0,813.0,766.0,800.0,6.52,20466.0,467.0,314.2
MNBBL,12/20/2015,800.0,864.0,800.0,860.0,7.5,35305.0,467.0,314.2
MNBBL,12/21/2015,860.0,890.0,865.0,871.0,1.28,20643.0,467.0,314.2
MNBBL,12/22/2015,871.0,872.0,860.0,872.0,0.11,10929.0,467.0,314.2
MNBBL,12/23/2015,872.0,872.0,855.0,860.0,-1.38,15932.0,467.0,314.2
MNBBL,12/24/2015,860.0,870.0,855.0,860.0,0.0,11213.0,467.0,314.2
MNBBL,12/27/2015,860.0,865.0,841.0,845.0,-1.74,28702.0,467.0,314.2
MNBBL,12/28/2015,645.0,635.0,618.0,629.0,-25.56,11930.0,467.0,314.2
MNBBL,12/29/2015,629.0,645.0,629.0,635.0,0.95,4447.0,467.0,314.2
MNBBL,12/31/2015,635.0,680.0,636.0,675.0,6.3,2875.0,467.0,314.2
MNBBL,1/3/2016,675.0,720.0,687.0,720.0,6.67,12411.0,467.0,314.2
MNBBL,1/4/2016,720.0,720.0,690.0,701.0,-2.64,4694.0,467.0,314.2
MNBBL,1/5/2016,701.0,701.0,691.0,691.0,-1.43,1478.0,467.0,314.2
MNBBL,1/6/2016,691.0,713.0,695.0,706.0,2.17,2242.0,467.0,314.2
MNBBL,1/7/2016,706.0,721.0,702.0,710.0,0.57,2018.0,467.0,314.2
MNBBL,1/10/2016,710.0,705.0,700.0,700.0,-1.41,2880.0,467.0,314.2
MNBBL,1/11/2016,700.0,705.0,700.0,705.0,0.71,522.0,467.0,314.2
MNBBL,1/12/2016,705.0,710.0,695.0,710.0,0.71,5093.0,467.0,314.2
MNBBL,1/13/2016,710.0,715.0,708.0,714.0,0.56,4848.0,467.0,314.2
MNBBL,1/14/2016,714.0,739.0,726.0,726.0,1.68,2477.0,467.0,314.2
MNBBL,1/17/2016,726.0,798.0,740.0,798.0,9.92,13567.0,467.0,314.2
MNBBL,1/18/2016,798.0,845.0,800.0,819.0,2.63,17597.0,467.0,314.2
MNBBL,1/19/2016,819.0,825.0,795.0,809.0,-1.22,4077.0,467.0,314.2
MNBBL,1/20/2016,809.0,827.0,800.0,825.0,1.98,9455.0,467.0,314.2
MNBBL,1/21/2016,825.0,830.0,816.0,816.0,-1.09,3365.0,467.0,314.2
MNBBL,1/24/2016,816.0,824.0,810.0,824.0,0.98,6523.0,467.0,314.2
MNBBL,1/25/2016,824.0,860.0,811.0,830.0,0.73,9366.0,467.0,314.2
MNBBL,1/26/2016,830.0,846.0,830.0,836.0,0.72,5862.0,467.0,314.2
MNBBL,1/27/2016,836.0,840.0,830.0,835.0,-0.12,3120.0,467.0,314.2
MNBBL,1/28/2016,835.0,830.0,820.0,825.0,-1.2,2952.0,467.0,314.2
MNBBL,1/31/2016,825.0,832.0,821.0,832.0,0.85,3859.0,467.0,314.2
MNBBL,2/1/2016,832.0,838.0,825.0,835.0,0.36,4374.0,467.0,314.2
MNBBL,2/2/2016,835.0,836.0,825.0,830.0,-0.6,3403.0,467.0,314.2
MNBBL,2/3/2016,830.0,835.0,825.0,834.0,0.48,4254.0,467.0,314.2
MNBBL,2/4/2016,834.0,839.0,831.0,831.0,-0.36,5394.0,467.0,314.2
MNBBL,2/7/2016,831.0,836.0,820.0,828.0,-0.36,3334.0,467.0,314.2
MNBBL,2/8/2016,828.0,845.0,829.0,837.0,1.09,5504.0,467.0,314.2
MNBBL,2/11/2016,837.0,836.0,824.0,829.0,-0.96,4225.0,467.0,314.2
MNBBL,2/14/2016,829.0,824.0,820.0,821.0,-0.97,416.0,467.0,314.2
MNBBL,2/15/2016,821.0,827.0,820.0,827.0,0.73,2934.0,467.0,314.2
MNBBL,2/16/2016,827.0,832.0,822.0,828.0,0.12,3927.0,467.0,314.2
MNBBL,2/17/2016,828.0,835.0,830.0,830.0,0.24,4233.0,467.0,314.2
MNBBL,2/18/2016,830.0,825.0,820.0,825.0,-0.6,770.0,467.0,314.2
MNBBL,2/21/2016,825.0,822.0,815.0,818.0,-0.85,2290.0,467.0,314.2
MNBBL,2/22/2016,818.0,826.0,824.0,826.0,0.98,2936.0,467.0,314.2
MNBBL,2/23/2016,826.0,825.0,812.0,820.0,-0.73,2771.0,467.0,314.2
MNBBL,2/24/2016,820.0,820.0,818.0,820.0,0.0,3777.0,467.0,314.2
MNBBL,2/25/2016,820.0,825.0,814.0,821.0,0.12,2959.0,467.0,314.2
MNBBL,2/28/2016,821.0,835.0,825.0,830.0,1.1,2918.0,467.0,314.2
MNBBL,2/29/2016,830.0,847.0,827.0,831.0,0.12,10193.0,467.0,314.2
MNBBL,3/1/2016,831.0,900.0,826.0,880.0,5.9,9222.0,467.0,314.2
MNBBL,3/2/2016,880.0,900.0,871.0,875.0,-0.57,8809.0,467.0,314.2
MNBBL,3/3/2016,875.0,885.0,867.0,868.0,-0.8,8231.0,467.0,314.2
MNBBL,3/6/2016,868.0,882.0,856.0,880.0,1.38,4150.0,467.0,314.2
MNBBL,3/10/2016,880.0,890.0,872.0,880.0,0.0,7371.0,467.0,314.2
MNBBL,3/13/2016,880.0,870.0,860.0,860.0,-2.27,3024.0,467.0,314.2
MNBBL,3/14/2016,860.0,888.0,850.0,874.0,1.63,2906.0,467.0,314.2
MNBBL,3/15/2016,874.0,875.0,867.0,867.0,-0.8,1358.0,467.0,314.2
MNBBL,3/16/2016,867.0,868.0,866.0,866.0,-0.12,1074.0,467.0,314.2
MNBBL,3/17/2016,866.0,890.0,868.0,875.0,1.04,5779.0,467.0,314.2
MNBBL,3/20/2016,875.0,885.0,862.0,879.0,0.46,6902.0,467.0,314.2
MNBBL,3/21/2016,879.0,880.0,862.0,880.0,0.11,8096.0,467.0,314.2
MNBBL,3/23/2016,880.0,880.0,855.0,872.0,-0.91,991.0,467.0,314.2
MNBBL,3/24/2016,872.0,875.0,868.0,875.0,0.34,8122.0,467.0,314.2
MNBBL,3/27/2016,875.0,890.0,870.0,890.0,1.71,13051.0,467.0,314.2
MNBBL,3/28/2016,890.0,885.0,875.0,882.0,-0.9,4620.0,467.0,314.2
MNBBL,3/29/2016,882.0,885.0,880.0,885.0,0.34,7431.0,467.0,314.2
MNBBL,3/30/2016,885.0,890.0,880.0,890.0,0.56,4204.0,467.0,314.2
MNBBL,3/31/2016,890.0,889.0,882.0,882.0,-0.9,3630.0,467.0,314.2
MNBBL,4/3/2016,882.0,875.0,853.0,869.0,-1.47,2183.0,467.0,314.2
MNBBL,4/4/2016,869.0,880.0,865.0,869.0,0.0,5065.0,467.0,314.2
MNBBL,4/5/2016,869.0,880.0,868.0,872.0,0.35,7242.0,467.0,314.2
MNBBL,4/6/2016,872.0,880.0,876.0,880.0,0.92,1442.0,467.0,314.2
MNBBL,4/10/2016,880.0,879.0,873.0,875.0,-0.57,2397.0,467.0,314.2
MNBBL,4/11/2016,875.0,882.0,870.0,880.0,0.57,8289.0,467.0,314.2
MNBBL,4/12/2016,880.0,890.0,881.0,888.0,0.91,3213.0,467.0,314.2
MNBBL,4/14/2016,888.0,920.0,895.0,912.0,2.7,7371.0,467.0,314.2
MNBBL,4/17/2016,912.0,993.0,920.0,993.0,8.88,7812.0,467.0,314.2
MNBBL,4/18/2016,993.0,1011.0,970.0,989.0,-0.4,5614.0,467.0,314.2
MNBBL,4/19/2016,989.0,975.0,962.0,974.0,-1.52,2185.0,467.0,314.2
MNBBL,4/20/2016,974.0,985.0,974.0,978.0,0.41,4230.0,467.0,314.2
MNBBL,4/21/2016,978.0,980.0,970.0,971.0,-0.72,5975.0,467.0,314.2
MNBBL,4/24/2016,971.0,980.0,970.0,980.0,0.93,2741.0,467.0,314.2
MNBBL,4/25/2016,980.0,1048.0,989.0,1014.0,3.47,22926.0,467.0,314.2
MNBBL,4/26/2016,1014.0,1020.0,980.0,980.0,-3.35,7084.0,467.0,314.2
MNBBL,4/27/2016,980.0,999.0,980.0,999.0,1.94,5981.0,467.0,314.2
MNBBL,4/28/2016,999.0,1010.0,992.0,996.0,-0.3,5530.0,467.0,314.2
MNBBL,5/2/2016,996.0,997.0,980.0,988.0,-0.8,7618.0,467.0,314.2
MNBBL,5/3/2016,988.0,1000.0,975.0,980.0,-0.81,11580.0,467.0,314.2
MNBBL,5/4/2016,980.0,981.0,968.0,979.0,-0.1,9061.0,467.0,314.2
MNBBL,5/5/2016,979.0,980.0,970.0,972.0,-0.72,1569.0,467.0,314.2
MNBBL,5/8/2016,972.0,980.0,971.0,975.0,0.31,6035.0,467.0,314.2
MNBBL,5/9/2016,975.0,989.0,981.0,981.0,0.62,8568.0,467.0,314.2
MNBBL,5/10/2016,981.0,995.0,962.0,980.0,-0.1,10374.0,467.0,314.2
MNBBL,5/11/2016,980.0,1015.0,980.0,1007.0,2.76,14692.0,467.0,314.2
MNBBL,5/12/2016,1007.0,1008.0,1001.0,1001.0,-0.6,5916.0,467.0,314.2
MNBBL,5/15/2016,1001.0,1030.0,1002.0,1010.0,0.9,8687.0,467.0,314.2
MNBBL,5/16/2016,1010.0,1020.0,991.0,1015.0,0.5,7476.0,467.0,314.2
MNBBL,5/17/2016,1015.0,1090.0,999.0,1090.0,7.39,11669.0,467.0,314.2
MNBBL,5/18/2016,1090.0,1090.0,1065.0,1070.0,-1.83,5645.0,467.0,314.2
MNBBL,5/19/2016,1070.0,1134.0,1080.0,1109.0,3.64,10889.0,467.0,314.2
MNBBL,5/22/2016,1109.0,1134.0,1089.0,1117.0,0.72,6488.0,467.0,314.2
MNBBL,5/23/2016,1117.0,1140.0,1088.0,1135.0,1.61,15413.0,467.0,314.2
MNBBL,5/24/2016,1135.0,1224.0,1116.0,1199.0,5.64,7455.0,467.0,314.2
MNBBL,5/25/2016,1199.0,1205.0,1160.0,1173.0,-2.17,12678.0,467.0,314.2
MNBBL,5/26/2016,1173.0,1190.0,1142.0,1190.0,1.45,15153.0,467.0,314.2
MNBBL,5/29/2016,1190.0,1191.0,1160.0,1169.0,-1.76,6633.0,467.0,314.2
MNBBL,5/30/2016,1169.0,1170.0,1146.0,1157.0,-1.03,7558.0,467.0,314.2
MNBBL,5/31/2016,1157.0,1160.0,1151.0,1156.0,-0.09,3228.0,467.0,314.2
MNBBL,6/1/2016,1156.0,1150.0,1115.0,1135.0,-1.82,3298.0,467.0,314.2
MNBBL,6/2/2016,1135.0,1150.0,1116.0,1135.0,0.0,12630.0,467.0,314.2
MNBBL,6/5/2016,1135.0,1125.0,1070.0,1072.0,-5.55,9193.0,467.0,314.2
MNBBL,6/6/2016,1072.0,1125.0,1093.0,1097.0,2.33,8606.0,467.0,314.2
MNBBL,6/7/2016,1097.0,1155.0,1118.0,1151.0,4.92,7177.0,467.0,314.2
MNBBL,6/8/2016,1151.0,1190.0,1143.0,1180.0,2.52,3174.0,467.0,314.2
MNBBL,6/9/2016,1180.0,1195.0,1157.0,1189.0,0.76,6474.0,467.0,314.2
MNBBL,6/12/2016,1189.0,1210.0,1175.0,1190.0,0.08,8795.0,467.0,314.2
MNBBL,6/13/2016,1190.0,1215.0,1190.0,1190.0,0.0,15453.0,467.0,314.2
MNBBL,6/14/2016,1190.0,1225.0,1190.0,1200.0,0.84,9440.0,467.0,314.2
MNBBL,6/15/2016,1200.0,1220.0,1190.0,1200.0,0.0,4973.0,467.0,314.2
MNBBL,6/16/2016,1200.0,1200.0,1185.0,1185.0,-1.25,3362.0,467.0,314.2
MNBBL,6/19/2016,1185.0,1208.0,1185.0,1185.0,0.0,7721.0,467.0,314.2
MNBBL,6/20/2016,1185.0,1182.0,1147.0,1170.0,-1.27,7124.0,467.0,314.2
MNBBL,6/21/2016,1170.0,1190.0,1175.0,1176.0,0.51,3555.0,467.0,314.2
MNBBL,6/22/2016,1176.0,1210.0,1153.0,1190.0,1.19,5303.0,467.0,314.2
MNBBL,6/23/2016,1190.0,1200.0,1182.0,1185.0,-0.42,7706.0,467.0,314.2
MNBBL,6/26/2016,1185.0,1195.0,1172.0,1175.0,-0.84,4803.0,467.0,314.2
MNBBL,6/27/2016,1175.0,1200.0,1178.0,1200.0,2.13,3523.0,467.0,314.2
MNBBL,6/28/2016,1200.0,1220.0,1185.0,1199.0,-0.08,9014.0,467.0,314.2
MNBBL,6/29/2016,1199.0,1205.0,1180.0,1180.0,-1.58,6298.0,467.0,314.2
MNBBL,6/30/2016,1180.0,1205.0,1190.0,1190.0,0.85,2952.0,467.0,314.2
MNBBL,7/3/2016,1190.0,1234.0,1196.0,1234.0,3.7,13911.0,467.0,314.2
MNBBL,7/4/2016,1234.0,1336.0,1234.0,1323.0,7.21,25192.0,467.0,314.2
MNBBL,7/5/2016,1323.0,1330.0,1280.0,1290.0,-2.49,10171.0,467.0,314.2
MNBBL,7/6/2016,1290.0,1320.0,1270.0,1270.0,-1.55,10258.0,467.0,314.2
MNBBL,7/10/2016,1270.0,1345.0,1295.0,1312.0,3.31,13753.0,467.0,314.2
MNBBL,7/11/2016,1312.0,1310.0,1275.0,1300.0,-0.91,4378.0,467.0,314.2
MNBBL,7/12/2016,1300.0,1300.0,1240.0,1285.0,-1.15,9558.0,467.0,314.2
MNBBL,7/13/2016,1285.0,1299.0,1250.0,1273.0,-0.93,7387.0,467.0,314.2
MNBBL,7/14/2016,1273.0,1311.0,1285.0,1307.0,2.67,8395.0,467.0,314.2
MNBBL,7/17/2016,1307.0,1351.0,1281.0,1320.0,0.99,18818.0,467.0,314.2
MNBBL,7/18/2016,1320.0,1354.0,1300.0,1340.0,1.52,7659.0,467.0,314.2
MNBBL,7/19/2016,1340.0,1400.0,1349.0,1380.0,2.99,18316.0,467.0,314.2
MNBBL,7/20/2016,1380.0,1407.0,1365.0,1366.0,-1.01,4922.0,467.0,314.2
MNBBL,7/21/2016,1366.0,1400.0,1365.0,1365.0,-0.07,7342.0,467.0,314.2
MNBBL,7/25/2016,1365.0,1419.0,1370.0,1410.0,3.3,12358.0,467.0,314.2
MNBBL,7/26/2016,1410.0,1551.0,1438.0,1551.0,10.0,27065.0,467.0,314.2
MNBBL,7/27/2016,1551.0,1657.0,1566.0,1585.0,2.19,24842.0,467.0,314.2
MNBBL,7/28/2016,1585.0,1585.0,1550.0,1575.0,-0.63,10921.0,467.0,314.2
MNBBL,7/31/2016,1575.0,1588.0,1555.0,1565.0,-0.63,6576.0,467.0,314.2
MNBBL,8/1/2016,1565.0,1578.0,1520.0,1549.0,-1.02,7394.0,467.0,314.2
MNBBL,8/2/2016,1549.0,1550.0,1519.0,1524.0,-1.61,3825.0,467.0,314.2
MNBBL,8/3/2016,1524.0,1540.0,1461.0,1487.0,-2.43,11478.0,467.0,314.2
MNBBL,8/4/2016,1487.0,1525.0,1431.0,1475.0,-0.81,8775.0,467.0,314.2
MNBBL,8/7/2016,1475.0,1540.0,1472.0,1472.0,-0.2,9621.0,467.0,314.2
MNBBL,8/8/2016,1472.0,1450.0,1380.0,1390.0,-5.57,6113.0,467.0,314.2
MNBBL,8/9/2016,1390.0,1473.0,1417.0,1473.0,5.97,500.0,467.0,314.2
MNBBL,8/10/2016,1473.0,1512.0,1441.0,1500.0,1.83,14845.0,467.0,314.2
MNBBL,8/11/2016,1500.0,1520.0,1480.0,1499.0,-0.07,5235.0,467.0,314.2
MNBBL,8/14/2016,1499.0,1480.0,1435.0,1440.0,-3.94,7446.0,467.0,314.2
MNBBL,8/15/2016,1440.0,1465.0,1345.0,1400.0,-2.78,9430.0,467.0,314.2
MNBBL,8/16/2016,1400.0,1400.0,1360.0,1400.0,0.0,7031.0,467.0,314.2
MNBBL,8/17/2016,1400.0,1430.0,1410.0,1415.0,1.07,3976.0,467.0,314.2
MNBBL,8/21/2016,1415.0,1440.0,1394.0,1395.0,-1.41,1895.0,467.0,314.2
MNBBL,8/22/2016,1395.0,1390.0,1355.0,1355.0,-2.87,3224.0,467.0,314.2
MNBBL,8/23/2016,1355.0,1381.0,1346.0,1352.0,-0.22,4480.0,467.0,314.2
MNBBL,8/24/2016,1352.0,1415.0,1339.0,1415.0,4.66,2114.0,467.0,314.2
MNBBL,8/28/2016,1415.0,1471.0,1410.0,1445.0,2.12,2920.0,467.0,314.2
MNBBL,8/29/2016,1445.0,1450.0,1432.0,1435.0,-0.69,8472.0,467.0,314.2
MNBBL,8/30/2016,1435.0,1489.0,1450.0,1480.0,3.14,10189.0,467.0,314.2
MNBBL,8/31/2016,1480.0,1506.0,1450.0,1488.0,0.54,4724.0,467.0,314.2
MNBBL,9/1/2016,1488.0,1555.0,1490.0,1545.0,3.83,20625.0,467.0,314.2
MNBBL,9/3/2016,1545.0,1600.0,1553.0,1575.0,1.94,11358.0,467.0,314.2
MNBBL,9/4/2016,1545.0,1600.0,1553.0,1575.0,0.0,11358.0,467.0,314.2
MNBBL,9/5/2016,1575.0,1638.0,1581.0,1590.0,0.95,18918.0,467.0,314.2
MNBBL,9/6/2016,1590.0,1620.0,1570.0,1599.0,0.57,14985.0,467.0,314.2
MNBBL,9/7/2016,1599.0,1609.0,1575.0,1580.0,-1.19,10503.0,467.0,314.2
MNBBL,9/8/2016,1580.0,1600.0,1570.0,1594.0,0.89,10367.0,467.0,314.2
MNBBL,9/11/2016,1594.0,1600.0,1575.0,1590.0,-0.25,21841.0,467.0,314.2
MNBBL,9/12/2016,1590.0,1599.0,1587.0,1599.0,0.57,36070.0,467.0,314.2
MNBBL,9/14/2016,1599.0,1615.0,1592.0,1603.0,0.25,78815.0,467.0,314.2
MNBBL,9/18/2016,1102.0,1212.0,1124.0,1203.0,-24.95,54140.0,467.0,314.2
MNBBL,9/20/2016,1203.0,1250.0,1205.0,1239.0,2.99,23286.0,467.0,314.2
MNBBL,9/21/2016,1239.0,1236.0,1200.0,1230.0,-0.73,13187.0,467.0,314.2
MNBBL,9/22/2016,1230.0,1230.0,1200.0,1211.0,-1.54,6988.0,467.0,314.2
MNBBL,9/25/2016,1211.0,1190.0,1147.0,1169.0,-3.47,9969.0,467.0,314.2
MNBBL,9/26/2016,1169.0,1205.0,1160.0,1189.0,1.71,6105.0,467.0,314.2
MNBBL,9/27/2016,1189.0,1199.0,1172.0,1175.0,-1.18,3921.0,467.0,314.2
MNBBL,9/28/2016,1175.0,1176.0,1160.0,1174.0,-0.09,7081.0,467.0,314.2
MNBBL,9/29/2016,1174.0,1180.0,1157.0,1180.0,0.51,4381.0,467.0,314.2
MNBBL,10/2/2016,1180.0,1280.0,1200.0,1260.0,6.78,21049.0,467.0,314.2
MNBBL,10/3/2016,1260.0,1285.0,1262.0,1272.0,0.95,12432.0,467.0,314.2
MNBBL,10/4/2016,1272.0,1280.0,1262.0,1266.0,-0.47,6792.0,467.0,314.2
MNBBL,10/5/2016,1266.0,1270.0,1250.0,1260.0,-0.47,1296.0,467.0,314.2
MNBBL,10/6/2016,1260.0,1270.0,1250.0,1260.0,0.0,3905.0,467.0,314.2
MNBBL,10/16/2016,1260.0,1276.0,1231.0,1255.0,-0.4,3228.0,467.0,314.2
MNBBL,10/17/2016,1255.0,1280.0,1230.0,1280.0,1.99,8185.0,467.0,314.2
MNBBL,10/18/2016,1280.0,1275.0,1255.0,1275.0,-0.39,6918.0,467.0,314.2
MNBBL,10/19/2016,1275.0,1289.0,1260.0,1280.0,0.39,6161.0,467.0,314.2
MNBBL,10/20/2016,1280.0,1315.0,1260.0,1315.0,2.73,9673.0,467.0,314.2
MNBBL,10/23/2016,1315.0,1410.0,1315.0,1395.0,6.08,20504.0,467.0,314.2
MNBBL,10/24/2016,1395.0,1395.0,1350.0,1380.0,-1.08,9084.0,467.0,314.2
MNBBL,10/25/2016,1380.0,1363.0,1340.0,1340.0,-2.9,6465.0,467.0,314.2
MNBBL,10/26/2016,1340.0,1372.0,1325.0,1372.0,2.39,8051.0,467.0,314.2
MNBBL,10/27/2016,1372.0,1428.0,1390.0,1417.0,3.28,46495.0,467.0,314.2
MNBBL,11/3/2016,1417.0,1529.0,1420.0,1514.0,6.85,23217.0,467.0,314.2
MNBBL,11/7/2016,1514.0,1500.0,1460.0,1472.0,-2.77,28630.0,467.0,314.2
MNBBL,11/8/2016,1472.0,1490.0,1440.0,1445.0,-1.83,67693.0,467.0,314.2
MNBBL,11/9/2016,1178.0,1155.0,1061.0,1084.0,-24.98,16957.0,467.0,314.2
MNBBL,11/10/2016,1084.0,1100.0,1011.0,1029.0,-5.07,9532.0,467.0,314.2
MNBBL,11/13/2016,1029.0,1041.0,1021.0,1024.0,-0.49,4646.0,467.0,314.2
MNBBL,11/14/2016,1024.0,1016.0,986.0,995.0,-2.83,7448.0,467.0,314.2
MNBBL,11/15/2016,995.0,990.0,977.0,983.0,-1.21,5532.0,467.0,314.2
MNBBL,11/16/2016,983.0,980.0,965.0,970.0,-1.32,2371.0,467.0,314.2
MNBBL,11/17/2016,970.0,960.0,902.0,915.0,-5.67,6998.0,467.0,314.2
MNBBL,11/20/2016,915.0,918.0,837.0,889.0,-2.84,15385.0,467.0,314.2
MNBBL,11/21/2016,889.0,892.0,841.0,890.0,0.11,11605.0,467.0,314.2
MNBBL,11/22/2016,890.0,906.0,878.0,901.0,1.24,10615.0,467.0,314.2
MNBBL,11/23/2016,901.0,898.0,856.0,861.0,-4.44,4796.0,467.0,314.2
MNBBL,11/24/2016,861.0,885.0,844.0,880.0,2.21,8230.0,467.0,314.2
MNBBL,11/27/2016,880.0,875.0,804.0,806.0,-8.41,11122.0,467.0,314.2
MNBBL,11/28/2016,806.0,864.0,726.0,845.0,4.84,10499.0,467.0,314.2
MNBBL,11/29/2016,845.0,883.0,813.0,883.0,4.5,10073.0,467.0,314.2
MNBBL,11/30/2016,883.0,928.0,891.0,924.0,4.64,9182.0,467.0,314.2
MNBBL,12/1/2016,924.0,940.0,894.0,901.0,-2.49,7101.0,467.0,314.2
MNBBL,12/4/2016,901.0,905.0,880.0,887.0,-1.55,4359.0,467.0,314.2
MNBBL,12/5/2016,887.0,885.0,853.0,865.0,-2.48,2673.0,467.0,314.2
MNBBL,12/6/2016,865.0,870.0,850.0,865.0,0.0,4984.0,467.0,314.2
MNBBL,12/7/2016,865.0,880.0,848.0,850.0,-1.73,2726.0,467.0,314.2
MNBBL,12/8/2016,850.0,850.0,840.0,841.0,-1.06,2912.0,467.0,314.2
MNBBL,12/11/2016,841.0,830.0,812.0,820.0,-2.5,2000.0,467.0,314.2
MNBBL,12/12/2016,820.0,825.0,789.0,810.0,-1.22,4646.0,467.0,314.2
MNBBL,12/14/2016,810.0,837.0,804.0,816.0,0.74,3458.0,467.0,314.2
MNBBL,12/15/2016,816.0,820.0,805.0,808.0,-0.98,5658.0,467.0,314.2
MNBBL,12/18/2016,808.0,810.0,805.0,810.0,0.25,2202.0,467.0,314.2
MNBBL,12/19/2016,810.0,817.0,811.0,814.0,0.49,1298.0,467.0,314.2
MNBBL,12/20/2016,814.0,805.0,790.0,795.0,-2.33,6464.0,467.0,314.2
MNBBL,12/21/2016,795.0,785.0,770.0,778.0,-2.14,5583.0,467.0,314.2
MNBBL,12/22/2016,778.0,780.0,763.0,770.0,-1.03,3524.0,467.0,314.2
MNBBL,12/26/2016,770.0,775.0,758.0,762.0,-1.04,3354.0,467.0,314.2
MNBBL,12/27/2016,762.0,765.0,733.0,740.0,-2.89,5363.0,467.0,314.2
MNBBL,12/28/2016,740.0,769.0,732.0,752.0,1.62,2050.0,467.0,314.2
MNBBL,12/29/2016,752.0,805.0,760.0,794.0,5.59,1470.0,467.0,314.2
MNBBL,1/1/2017,794.0,825.0,800.0,816.0,2.77,3388.0,467.0,314.2
MNBBL,1/2/2017,816.0,828.0,805.0,819.0,0.37,2364.0,467.0,314.2
MNBBL,1/3/2017,819.0,825.0,795.0,795.0,-2.93,3079.0,467.0,314.2
MNBBL,1/4/2017,795.0,804.0,790.0,793.0,-0.25,2440.0,467.0,314.2
MNBBL,1/5/2017,793.0,824.0,791.0,791.0,-0.25,2640.0,467.0,314.2
MNBBL,1/8/2017,791.0,796.0,787.0,787.0,-0.51,1140.0,467.0,314.2
MNBBL,1/9/2017,787.0,797.0,782.0,790.0,0.38,7440.0,467.0,314.2
MNBBL,1/10/2017,790.0,800.0,788.0,790.0,0.0,1700.0,467.0,314.2
MNBBL,1/11/2017,790.0,808.0,780.0,780.0,-1.27,2659.0,467.0,314.2
MNBBL,1/12/2017,780.0,785.0,780.0,783.0,0.38,2799.0,467.0,314.2
MNBBL,1/15/2017,783.0,790.0,775.0,789.0,0.77,1452.0,467.0,314.2
MNBBL,1/16/2017,789.0,795.0,774.0,795.0,0.76,2228.0,467.0,314.2
MNBBL,1/17/2017,795.0,790.0,780.0,784.0,-1.38,837.0,467.0,314.2
MNBBL,1/18/2017,784.0,790.0,774.0,790.0,0.77,462.0,467.0,314.2
MNBBL,1/19/2017,790.0,783.0,775.0,780.0,-1.27,540.0,467.0,314.2
MNBBL,1/22/2017,780.0,785.0,770.0,778.0,-0.26,2298.0,467.0,314.2
MNBBL,1/23/2017,778.0,780.0,765.0,780.0,0.26,716.0,467.0,314.2
MNBBL,1/24/2017,780.0,776.0,770.0,776.0,-0.51,570.0,467.0,314.2
MNBBL,1/25/2017,776.0,775.0,750.0,764.0,-1.55,2821.0,467.0,314.2
MNBBL,1/26/2017,764.0,759.0,730.0,740.0,-3.14,4534.0,467.0,314.2
MNBBL,1/30/2017,740.0,726.0,666.0,666.0,-10.0,8357.0,467.0,314.2
MNBBL,1/31/2017,666.0,717.0,660.0,699.0,4.95,5304.0,467.0,314.2
MNBBL,2/1/2017,699.0,760.0,700.0,760.0,8.73,5096.0,467.0,314.2
MNBBL,2/2/2017,760.0,776.0,750.0,755.0,-0.66,3371.0,467.0,314.2
MNBBL,2/5/2017,755.0,749.0,704.0,725.0,-3.97,2914.0,467.0,314.2
MNBBL,2/6/2017,725.0,716.0,698.0,714.0,-1.52,4188.0,467.0,314.2
MNBBL,2/7/2017,714.0,708.0,700.0,705.0,-1.26,3377.0,467.0,314.2
MNBBL,2/8/2017,705.0,701.0,685.0,685.0,-2.84,2297.0,467.0,314.2
MNBBL,2/9/2017,685.0,692.0,675.0,675.0,-1.46,4025.0,467.0,314.2
MNBBL,2/12/2017,675.0,678.0,630.0,630.0,-6.67,4131.0,467.0,314.2
MNBBL,2/13/2017,630.0,680.0,590.0,660.0,4.76,8872.0,467.0,314.2
MNBBL,2/14/2017,660.0,670.0,648.0,662.0,0.3,3711.0,467.0,314.2
MNBBL,2/15/2017,662.0,695.0,664.0,688.0,3.93,4328.0,467.0,314.2
MNBBL,2/16/2017,688.0,705.0,675.0,700.0,1.74,9106.0,467.0,314.2
MNBBL,2/19/2017,700.0,714.0,680.0,704.0,0.57,9724.0,467.0,314.2
MNBBL,2/20/2017,704.0,725.0,690.0,690.0,-1.99,11669.0,467.0,314.2
MNBBL,2/21/2017,690.0,717.0,695.0,702.0,1.74,6750.0,467.0,314.2
MNBBL,2/22/2017,702.0,695.0,682.0,690.0,-1.71,860.0,467.0,314.2
MNBBL,2/23/2017,690.0,690.0,675.0,685.0,-0.72,1840.0,467.0,314.2
MNBBL,2/26/2017,685.0,675.0,660.0,660.0,-3.65,2013.0,467.0,314.2
MNBBL,2/28/2017,660.0,659.0,640.0,651.0,-1.36,5480.0,467.0,314.2
MNBBL,3/1/2017,651.0,672.0,660.0,672.0,3.23,2337.0,467.0,314.2
MNBBL,3/2/2017,672.0,680.0,665.0,675.0,0.45,2796.0,467.0,314.2
MNBBL,3/5/2017,675.0,713.0,671.0,702.0,4.0,3611.0,467.0,314.2
MNBBL,3/6/2017,702.0,710.0,693.0,700.0,-0.28,4758.0,467.0,314.2
MNBBL,3/7/2017,700.0,695.0,683.0,685.0,-2.14,3010.0,467.0,314.2
MNBBL,3/9/2017,685.0,697.0,686.0,686.0,0.15,1997.0,467.0,314.2
MNBBL,3/13/2017,686.0,692.0,678.0,681.0,-0.73,2648.0,467.0,314.2
MNBBL,3/14/2017,681.0,694.0,686.0,689.0,1.17,3363.0,467.0,314.2
MNBBL,3/15/2017,689.0,698.0,672.0,686.0,-0.44,1628.0,467.0,314.2
MNBBL,3/16/2017,686.0,689.0,670.0,679.0,-1.02,9064.0,467.0,314.2
MNBBL,3/19/2017,679.0,692.0,680.0,692.0,1.91,4629.0,467.0,314.2
MNBBL,3/20/2017,692.0,714.0,690.0,710.0,2.6,9156.0,467.0,314.2
MNBBL,3/21/2017,710.0,780.0,700.0,780.0,9.86,14701.0,467.0,314.2
MNBBL,3/22/2017,780.0,858.0,795.0,809.0,3.72,22496.0,467.0,314.2
MNBBL,3/23/2017,809.0,850.0,780.0,826.0,2.1,20671.0,467.0,314.2
MNBBL,3/26/2017,826.0,880.0,825.0,866.0,4.84,26525.0,467.0,314.2
MNBBL,3/28/2017,866.0,938.0,880.0,938.0,8.31,19750.0,467.0,314.2
MNBBL,3/29/2017,938.0,975.0,890.0,890.0,-5.12,27496.0,467.0,314.2
MNBBL,3/30/2017,890.0,939.0,870.0,896.0,0.67,18228.0,467.0,314.2
MNBBL,4/2/2017,896.0,985.0,902.0,980.0,9.38,16280.0,467.0,314.2
MNBBL,4/3/2017,980.0,1078.0,950.0,962.0,-1.84,38786.0,467.0,314.2
MNBBL,4/4/2017,962.0,1000.0,934.0,960.0,-0.21,17976.0,467.0,314.2
MNBBL,4/6/2017,960.0,998.0,950.0,975.0,1.56,14553.0,467.0,314.2
MNBBL,4/9/2017,975.0,994.0,960.0,966.0,-0.92,9729.0,467.0,314.2
MNBBL,4/10/2017,966.0,1010.0,963.0,999.0,3.42,31824.0,467.0,314.2
MNBBL,4/11/2017,999.0,1085.0,990.0,1065.0,6.61,84241.0,467.0,314.2
MNBBL,4/12/2017,1065.0,1094.0,1016.0,1035.0,-2.82,51470.0,467.0,314.2
MNBBL,4/13/2017,1035.0,1070.0,1001.0,1048.0,1.26,37643.0,467.0,314.2
MNBBL,4/16/2017,1048.0,1088.0,1000.0,1014.0,-3.24,29805.0,467.0,314.2
MNBBL,4/18/2017,1014.0,1025.0,960.0,999.0,-1.48,26707.0,467.0,314.2
MNBBL,4/19/2017,999.0,1052.0,990.0,1038.0,3.9,33777.0,467.0,314.2
MNBBL,4/20/2017,1038.0,1090.0,1020.0,1030.0,-0.77,21938.0,467.0,314.2
MNBBL,4/23/2017,1030.0,1092.0,1035.0,1045.0,1.46,27577.0,467.0,314.2
MNBBL,4/24/2017,1045.0,1046.0,1025.0,1039.0,-0.57,21042.0,467.0,314.2
MNBBL,4/25/2017,1039.0,1044.0,1020.0,1029.0,-0.96,14162.0,467.0,314.2
MNBBL,4/26/2017,1029.0,1040.0,1020.0,1025.0,-0.39,6250.0,467.0,314.2
MNBBL,4/27/2017,1025.0,1038.0,1010.0,1021.0,-0.39,18609.0,467.0,314.2
MNBBL,4/30/2017,1021.0,1034.0,1005.0,1011.0,-0.98,10261.0,467.0,314.2
MNBBL,5/2/2017,1011.0,1031.0,1007.0,1020.0,0.89,26281.0,467.0,314.2
MNBBL,5/3/2017,1020.0,1060.0,1020.0,1020.0,0.0,16950.0,467.0,314.2
MNBBL,5/4/2017,1020.0,1025.0,1010.0,1016.0,-0.39,7716.0,467.0,314.2
MNBBL,5/7/2017,1016.0,1021.0,986.0,1000.0,-1.57,11366.0,467.0,314.2
MNBBL,5/8/2017,1000.0,1015.0,992.0,992.0,-0.8,6439.0,467.0,314.2
MNBBL,5/9/2017,992.0,1011.0,999.0,1003.0,1.11,9475.0,467.0,314.2
MNBBL,5/11/2017,1003.0,1020.0,1001.0,1004.0,0.1,13633.0,467.0,314.2
MNBBL,5/15/2017,1004.0,1014.0,995.0,995.0,-0.9,15422.0,467.0,314.2
MNBBL,5/16/2017,995.0,1000.0,987.0,987.0,-0.8,10205.0,467.0,314.2
MNBBL,5/17/2017,987.0,1000.0,990.0,993.0,0.61,6972.0,467.0,314.2
MNBBL,5/18/2017,993.0,995.0,983.0,995.0,0.2,14839.0,467.0,314.2
MNBBL,5/21/2017,995.0,1015.0,993.0,1003.0,0.8,24589.0,467.0,314.2
MNBBL,5/22/2017,1003.0,1005.0,990.0,991.0,-1.2,5518.0,467.0,314.2
MNBBL,5/23/2017,991.0,1010.0,990.0,999.0,0.81,12514.0,467.0,314.2
MNBBL,5/24/2017,999.0,1003.0,990.0,1000.0,0.1,10996.0,467.0,314.2
MNBBL,5/28/2017,1000.0,1010.0,988.0,990.0,-1.0,7096.0,467.0,314.2
MNBBL,5/30/2017,990.0,991.0,967.0,980.0,-1.01,12444.0,467.0,314.2
MNBBL,5/31/2017,980.0,994.0,965.0,990.0,1.02,7299.0,467.0,314.2
MNBBL,6/1/2017,990.0,1005.0,985.0,986.0,-0.4,7948.0,467.0,314.2
MNBBL,6/4/2017,986.0,985.0,974.0,977.0,-0.91,8752.0,467.0,314.2
MNBBL,6/5/2017,977.0,987.0,980.0,985.0,0.82,5218.0,467.0,314.2
MNBBL,6/6/2017,985.0,1015.0,995.0,1010.0,2.54,21857.0,467.0,314.2
MNBBL,6/7/2017,1010.0,1030.0,1000.0,1005.0,-0.5,14335.0,467.0,314.2
MNBBL,6/8/2017,1005.0,1003.0,995.0,999.0,-0.6,5701.0,467.0,314.2
MNBBL,6/11/2017,999.0,1010.0,975.0,977.0,-2.2,9314.0,467.0,314.2
MNBBL,6/12/2017,977.0,980.0,960.0,974.0,-0.31,7778.0,467.0,314.2
MNBBL,6/13/2017,974.0,977.0,965.0,970.0,-0.41,7859.0,467.0,314.2
MNBBL,6/14/2017,970.0,977.0,961.0,970.0,0.0,7296.0,467.0,314.2
MNBBL,6/15/2017,970.0,999.0,960.0,970.0,0.0,9659.0,467.0,314.2
MNBBL,6/18/2017,970.0,980.0,961.0,970.0,0.0,4035.0,467.0,314.2
MNBBL,6/19/2017,970.0,963.0,945.0,953.0,-1.75,6952.0,467.0,314.2
MNBBL,6/20/2017,953.0,961.0,921.0,956.0,0.31,16300.0,467.0,314.2
MNBBL,6/21/2017,956.0,957.0,933.0,954.0,-0.21,9449.0,467.0,314.2
MNBBL,6/22/2017,954.0,973.0,945.0,948.0,-0.63,7656.0,467.0,314.2
MNBBL,6/25/2017,948.0,955.0,948.0,952.0,0.42,5302.0,467.0,314.2
MNBBL,6/27/2017,952.0,955.0,935.0,940.0,-1.26,5648.0,467.0,314.2
MNBBL,6/28/2017,940.0,950.0,930.0,946.0,0.64,6583.0,467.0,314.2
MNBBL,7/2/2017,946.0,936.0,925.0,928.0,-1.9,9264.0,467.0,314.2
MNBBL,7/3/2017,928.0,938.0,925.0,926.0,-0.22,9214.0,467.0,314.2
MNBBL,7/4/2017,926.0,926.0,915.0,920.0,-0.65,8751.0,467.0,314.2
MNBBL,7/5/2017,920.0,925.0,915.0,925.0,0.54,5814.0,467.0,314.2
MNBBL,7/6/2017,925.0,955.0,930.0,954.0,3.14,9129.0,467.0,314.2
MNBBL,7/9/2017,954.0,990.0,927.0,948.0,-0.63,15159.0,467.0,314.2
MNBBL,7/10/2017,948.0,975.0,940.0,960.0,1.27,11714.0,467.0,314.2
MNBBL,7/11/2017,960.0,969.0,947.0,967.0,0.73,7407.0,467.0,314.2
MNBBL,7/12/2017,967.0,985.0,966.0,971.0,0.41,8082.0,467.0,314.2
MNBBL,7/13/2017,971.0,980.0,960.0,971.0,0.0,4551.0,467.0,314.2
MNBBL,7/16/2017,971.0,970.0,953.0,957.0,-1.44,9013.0,467.0,314.2
MNBBL,7/17/2017,957.0,975.0,958.0,971.0,1.46,13969.0,467.0,314.2
MNBBL,7/18/2017,971.0,1010.0,986.0,1000.0,2.99,26564.0,467.0,314.2
MNBBL,7/19/2017,1000.0,1020.0,997.0,997.0,-0.3,19862.0,467.0,314.2
MNBBL,7/20/2017,997.0,1009.0,985.0,992.0,-0.5,10414.0,467.0,314.2
MNBBL,7/23/2017,992.0,995.0,986.0,990.0,-0.2,10227.0,467.0,314.2
MNBBL,7/24/2017,990.0,994.0,980.0,981.0,-0.91,9314.0,467.0,314.2
MNBBL,7/25/2017,981.0,1000.0,980.0,993.0,1.22,13185.0,467.0,314.2
MNBBL,7/26/2017,993.0,1002.0,979.0,980.0,-1.31,33836.0,467.0,314.2
MNBBL,7/27/2017,980.0,994.0,965.0,982.0,0.2,32912.0,467.0,314.2
MNBBL,7/30/2017,982.0,980.0,960.0,970.0,-1.22,17781.0,467.0,314.2
MNBBL,7/31/2017,970.0,972.0,955.0,955.0,-1.55,20022.0,467.0,314.2
MNBBL,8/1/2017,955.0,960.0,940.0,943.0,-1.26,36312.0,467.0,314.2
MNBBL,8/2/2017,943.0,960.0,935.0,937.0,-0.64,53608.0,467.0,314.2
MNBBL,8/3/2017,937.0,955.0,926.0,945.0,0.85,108847.0,467.0,314.2
MNBBL,8/6/2017,704.0,730.0,698.0,698.0,-26.14,34357.0,467.0,314.2
MNBBL,8/7/2017,698.0,695.0,677.0,680.0,-2.58,17008.0,467.0,314.2
MNBBL,8/9/2017,680.0,676.0,662.0,662.0,-2.65,13709.0,467.0,314.2
MNBBL,8/10/2017,662.0,675.0,649.0,670.0,1.21,10977.0,467.0,314.2
MNBBL,8/13/2017,670.0,672.0,650.0,664.0,-0.9,14228.0,467.0,314.2
MNBBL,8/15/2017,664.0,665.0,647.0,655.0,-1.36,6429.0,467.0,314.2
MNBBL,8/16/2017,655.0,671.0,655.0,659.0,0.61,6891.0,467.0,314.2
MNBBL,8/17/2017,659.0,663.0,652.0,655.0,-0.61,7551.0,467.0,314.2
MNBBL,8/20/2017,655.0,660.0,650.0,652.0,-0.46,13148.0,467.0,314.2
MNBBL,8/21/2017,652.0,660.0,650.0,653.0,0.15,4875.0,467.0,314.2
MNBBL,8/22/2017,653.0,663.0,650.0,650.0,-0.46,6122.0,467.0,314.2
MNBBL,8/23/2017,650.0,651.0,647.0,649.0,-0.15,4081.0,467.0,314.2
MNBBL,8/24/2017,649.0,650.0,645.0,650.0,0.15,4119.0,467.0,314.2
MNBBL,8/27/2017,650.0,664.0,643.0,647.0,-0.46,7649.0,467.0,314.2
MNBBL,8/28/2017,647.0,653.0,648.0,648.0,0.15,3260.0,467.0,314.2
MNBBL,8/30/2017,648.0,653.0,640.0,640.0,-1.23,3751.0,467.0,314.2
MNBBL,8/31/2017,640.0,646.0,626.0,626.0,-2.19,10382.0,467.0,314.2
MNBBL,9/4/2017,626.0,629.0,605.0,610.0,-2.56,9751.0,467.0,314.2
MNBBL,9/6/2017,610.0,630.0,613.0,618.0,1.31,5223.0,467.0,314.2
MNBBL,9/7/2017,618.0,620.0,608.0,609.0,-1.46,7021.0,467.0,314.2
MNBBL,9/10/2017,609.0,605.0,580.0,583.0,-4.27,11113.0,467.0,314.2
MNBBL,9/11/2017,583.0,596.0,580.0,590.0,1.2,5545.0,467.0,314.2
MNBBL,9/12/2017,590.0,593.0,582.0,586.0,-0.68,7751.0,467.0,314.2
MNBBL,9/13/2017,586.0,608.0,572.0,587.0,0.17,8052.0,467.0,314.2
MNBBL,9/14/2017,587.0,598.0,585.0,591.0,0.68,6890.0,467.0,314.2
MNBBL,9/17/2017,591.0,602.0,592.0,597.0,1.02,11926.0,467.0,314.2
MNBBL,9/18/2017,597.0,600.0,590.0,590.0,-1.17,7897.0,467.0,314.2
MNBBL,9/20/2017,590.0,602.0,590.0,600.0,1.69,7886.0,467.0,314.2
MNBBL,9/24/2017,600.0,602.0,595.0,602.0,0.33,2607.0,467.0,314.2
MNBBL,9/25/2017,602.0,609.0,600.0,608.0,1.0,5829.0,467.0,314.2
MNBBL,9/26/2017,608.0,615.0,608.0,614.0,0.99,1491.0,467.0,314.2
MNBBL,10/3/2017,614.0,620.0,605.0,612.0,-0.33,554.0,467.0,314.2
MNBBL,10/4/2017,612.0,611.0,600.0,605.0,-1.14,6248.0,467.0,314.2
MNBBL,10/8/2017,605.0,600.0,580.0,582.0,-3.8,4603.0,467.0,314.2
MNBBL,10/9/2017,582.0,590.0,580.0,587.0,0.86,3870.0,467.0,314.2
MNBBL,10/10/2017,587.0,592.0,584.0,590.0,0.51,4471.0,467.0,314.2
MNBBL,10/11/2017,590.0,595.0,586.0,587.0,-0.51,2300.0,467.0,314.2
MNBBL,10/12/2017,587.0,591.0,585.0,587.0,0.0,5020.0,467.0,314.2
MNBBL,10/15/2017,587.0,595.0,587.0,592.0,0.85,2610.0,467.0,314.2
MNBBL,10/16/2017,592.0,608.0,595.0,608.0,2.7,7299.0,467.0,314.2
MNBBL,10/17/2017,608.0,620.0,607.0,616.0,1.32,3640.0,467.0,314.2
MNBBL,10/18/2017,616.0,623.0,610.0,619.0,0.49,4138.0,467.0,314.2
MNBBL,10/22/2017,619.0,635.0,623.0,635.0,2.58,4609.0,467.0,314.2
MNBBL,10/23/2017,635.0,640.0,620.0,625.0,-1.57,5521.0,467.0,314.2
MNBBL,10/24/2017,625.0,625.0,610.0,612.0,-2.08,3896.0,467.0,314.2
MNBBL,10/25/2017,612.0,615.0,601.0,605.0,-1.14,3767.0,467.0,314.2
MNBBL,10/29/2017,605.0,615.0,588.0,608.0,0.5,13264.0,467.0,314.2
MNBBL,10/30/2017,608.0,615.0,608.0,609.0,0.16,8148.0,467.0,314.2
MNBBL,10/31/2017,609.0,610.0,598.0,598.0,-1.81,8667.0,467.0,314.2
MNBBL,11/1/2017,598.0,600.0,590.0,600.0,0.33,1840.0,467.0,314.2
MNBBL,11/2/2017,600.0,605.0,589.0,591.0,-1.5,8060.0,467.0,314.2
MNBBL,11/5/2017,591.0,590.0,576.0,576.0,-2.54,12740.0,467.0,314.2
MNBBL,11/6/2017,576.0,600.0,565.0,583.0,1.22,11436.0,467.0,314.2
MNBBL,11/7/2017,583.0,584.0,572.0,575.0,-1.37,10765.0,467.0,314.2
MNBBL,11/8/2017,575.0,575.0,560.0,568.0,-1.22,9979.0,467.0,314.2
MNBBL,11/9/2017,568.0,579.0,567.0,570.0,0.35,6377.0,467.0,314.2
MNBBL,11/12/2017,570.0,570.0,558.0,561.0,-1.58,13100.0,467.0,314.2
MNBBL,11/13/2017,561.0,572.0,563.0,565.0,0.71,5988.0,467.0,314.2
MNBBL,11/14/2017,565.0,585.0,567.0,584.0,3.36,18390.0,467.0,314.2
MNBBL,11/15/2017,584.0,590.0,571.0,576.0,-1.37,7966.0,467.0,314.2
MNBBL,11/16/2017,576.0,571.0,565.0,567.0,-1.56,2402.0,467.0,314.2
MNBBL,11/19/2017,567.0,563.0,539.0,550.0,-3.0,18678.0,467.0,314.2
MNBBL,11/20/2017,550.0,558.0,547.0,558.0,1.45,6009.0,467.0,314.2
MNBBL,11/21/2017,558.0,562.0,552.0,553.0,-0.9,5957.0,467.0,314.2
MNBBL,11/22/2017,553.0,580.0,554.0,560.0,1.27,5414.0,467.0,314.2
MNBBL,11/23/2017,560.0,572.0,562.0,570.0,1.79,11673.0,467.0,314.2
MNBBL,11/26/2017,570.0,580.0,570.0,575.0,0.88,5170.0,467.0,314.2
MNBBL,11/27/2017,575.0,590.0,570.0,578.0,0.52,12830.0,467.0,314.2
MNBBL,11/28/2017,578.0,582.0,578.0,582.0,0.69,9440.0,467.0,314.2
MNBBL,11/29/2017,582.0,602.0,580.0,601.0,3.26,15447.0,467.0,314.2
MNBBL,11/30/2017,601.0,611.0,584.0,599.0,-0.33,8111.0,467.0,314.2
MNBBL,12/4/2017,599.0,610.0,585.0,587.0,-2.0,7755.0,467.0,314.2
MNBBL,12/5/2017,587.0,596.0,580.0,596.0,1.53,5156.0,467.0,314.2
MNBBL,12/6/2017,596.0,610.0,585.0,610.0,2.35,17414.0,467.0,314.2
MNBBL,12/10/2017,610.0,633.0,600.0,605.0,-0.82,12013.0,467.0,314.2
MNBBL,12/11/2017,605.0,602.0,590.0,600.0,-0.83,5818.0,467.0,314.2
MNBBL,12/12/2017,600.0,600.0,585.0,589.0,-1.83,6765.0,467.0,314.2
MNBBL,12/13/2017,589.0,596.0,578.0,590.0,0.17,2854.0,467.0,314.2
MNBBL,12/14/2017,590.0,590.0,583.0,590.0,0.0,3220.0,467.0,314.2
MNBBL,12/17/2017,590.0,590.0,576.0,580.0,-1.69,3168.0,467.0,314.2
MNBBL,12/18/2017,580.0,581.0,575.0,575.0,-0.86,4167.0,467.0,314.2
MNBBL,12/19/2017,575.0,575.0,567.0,567.0,-1.39,2655.0,467.0,314.2
MNBBL,12/20/2017,567.0,570.0,556.0,560.0,-1.23,16465.0,467.0,314.2
MNBBL,12/21/2017,560.0,562.0,543.0,546.0,-2.5,55597.0,467.0,314.2
MNBBL,12/24/2017,455.0,450.0,427.0,445.0,-18.5,13870.0,467.0,314.2
MNBBL,12/26/2017,445.0,443.0,425.0,429.0,-3.6,13603.0,467.0,314.2
MNBBL,12/27/2017,429.0,427.0,414.0,425.0,-0.93,10529.0,467.0,314.2
MNBBL,12/28/2017,425.0,428.0,417.0,417.0,-1.88,14041.0,467.0,314.2
MNBBL,12/31/2017,417.0,414.0,406.0,408.0,-2.16,10811.0,467.0,314.2
MNBBL,1/1/2018,408.0,422.0,405.0,421.0,3.19,9538.0,467.0,314.2
MNBBL,1/2/2018,421.0,445.0,417.0,428.0,1.66,14125.0,467.0,314.2
MNBBL,1/3/2018,428.0,435.0,419.0,421.0,-1.64,10841.0,467.0,314.2
MNBBL,1/4/2018,421.0,420.0,413.0,418.0,-0.71,10806.0,467.0,314.2
MNBBL,1/7/2018,418.0,428.0,415.0,420.0,0.48,7447.0,467.0,314.2
MNBBL,1/8/2018,420.0,428.0,420.0,423.0,0.71,2390.0,467.0,314.2
MNBBL,1/9/2018,423.0,435.0,423.0,431.0,1.89,7675.0,467.0,314.2
MNBBL,1/10/2018,431.0,432.0,416.0,423.0,-1.86,12985.0,467.0,314.2
MNBBL,1/14/2018,423.0,421.0,416.0,420.0,-0.71,9106.0,467.0,314.2
MNBBL,1/16/2018,420.0,420.0,416.0,418.0,-0.48,5426.0,467.0,314.2
MNBBL,1/17/2018,418.0,422.0,416.0,418.0,0.0,6265.0,467.0,314.2
MNBBL,1/21/2018,418.0,423.0,414.0,414.0,-0.96,11461.0,467.0,314.2
MNBBL,1/22/2018,414.0,420.0,414.0,416.0,0.48,6492.0,467.0,314.2
MNBBL,1/23/2018,416.0,422.0,412.0,418.0,0.48,2583.0,467.0,314.2
MNBBL,1/24/2018,418.0,418.0,410.0,414.0,-0.96,9500.0,467.0,314.2
MNBBL,1/25/2018,414.0,422.0,414.0,415.0,0.24,18526.0,467.0,314.2
MNBBL,1/28/2018,415.0,422.0,416.0,419.0,0.96,6820.0,467.0,314.2
MNBBL,1/29/2018,419.0,418.0,415.0,416.0,-0.72,4591.0,467.0,314.2
MNBBL,1/31/2018,416.0,420.0,415.0,419.0,0.72,1926.0,467.0,314.2
MNBBL,2/1/2018,419.0,420.0,416.0,418.0,-0.24,4537.0,467.0,314.2
MNBBL,2/4/2018,418.0,422.0,416.0,418.0,0.0,5040.0,467.0,314.2
MNBBL,2/5/2018,418.0,418.0,414.0,414.0,-0.96,7068.0,467.0,314.2
MNBBL,2/6/2018,414.0,415.0,413.0,414.0,0.0,3447.0,467.0,314.2
MNBBL,2/7/2018,414.0,415.0,406.0,410.0,-0.97,6662.0,467.0,314.2
MNBBL,2/8/2018,410.0,415.0,405.0,413.0,0.73,10494.0,467.0,314.2
MNBBL,2/11/2018,413.0,415.0,412.0,413.0,0.0,2057.0,467.0,314.2
MNBBL,2/12/2018,413.0,416.0,410.0,412.0,-0.24,2013.0,467.0,314.2
MNBBL,2/14/2018,412.0,418.0,410.0,418.0,1.46,8369.0,467.0,314.2
MNBBL,2/15/2018,418.0,448.0,418.0,448.0,7.18,16846.0,467.0,314.2
MNBBL,2/18/2018,455.0,456.0,437.0,440.0,-1.79,27540.0,467.0,314.2
MNBBL,2/20/2018,447.0,447.0,429.0,430.0,-2.27,7940.0,467.0,314.2
MNBBL,2/21/2018,428.0,430.0,424.0,426.0,-0.93,5178.0,467.0,314.2
MNBBL,2/22/2018,428.0,442.0,422.0,426.0,0.0,8028.0,467.0,314.2
MNBBL,2/25/2018,429.0,430.0,420.0,423.0,-0.7,3352.0,467.0,314.2
MNBBL,2/26/2018,422.0,426.0,416.0,416.0,-1.65,11128.0,467.0,314.2
MNBBL,2/27/2018,418.0,434.0,414.0,420.0,0.96,16848.0,467.0,314.2
MNBBL,2/28/2018,418.0,422.0,416.0,419.0,-0.24,8270.0,467.0,314.2
MNBBL,3/4/2018,411.0,417.0,403.0,416.0,-0.72,16889.0,467.0,314.2
MNBBL,3/5/2018,411.0,418.0,406.0,409.0,-1.68,12669.0,467.0,314.2
MNBBL,3/6/2018,406.0,415.0,400.0,413.0,0.98,16208.0,467.0,314.2
MNBBL,3/7/2018,413.0,419.0,408.0,418.0,1.21,17916.0,467.0,314.2
MNBBL,3/11/2018,418.0,418.0,407.0,409.0,-2.15,9228.0,467.0,314.2
MNBBL,3/12/2018,412.0,414.0,400.0,410.0,0.24,10487.0,467.0,314.2
MNBBL,3/13/2018,406.0,408.0,404.0,406.0,-0.98,5820.0,467.0,314.2
MNBBL,3/14/2018,406.0,414.0,406.0,409.0,0.74,3420.0,467.0,314.2
MNBBL,3/15/2018,412.0,412.0,407.0,407.0,-0.49,3404.0,467.0,314.2
MNBBL,3/18/2018,408.0,409.0,403.0,407.0,0.0,2426.0,467.0,314.2
MNBBL,3/19/2018,415.0,415.0,404.0,404.0,-0.74,5231.0,467.0,314.2
MNBBL,3/20/2018,404.0,404.0,398.0,400.0,-0.99,11255.0,467.0,314.2
MNBBL,3/21/2018,400.0,400.0,393.0,398.0,-0.5,7398.0,467.0,314.2
MNBBL,3/22/2018,392.0,400.0,380.0,392.0,-1.51,15270.0,467.0,314.2
MNBBL,3/26/2018,385.0,390.0,370.0,375.0,-4.34,17988.0,467.0,314.2
MNBBL,3/27/2018,377.0,412.0,365.0,393.0,4.8,17163.0,467.0,314.2
MNBBL,3/28/2018,400.0,405.0,378.0,395.0,0.51,18696.0,467.0,314.2
MNBBL,3/29/2018,400.0,402.0,392.0,401.0,1.52,12958.0,467.0,314.2
MNBBL,4/1/2018,401.0,401.0,378.0,388.0,-3.24,12768.0,467.0,314.2
MNBBL,4/2/2018,395.0,395.0,380.0,388.0,0.0,10843.0,467.0,314.2
MNBBL,4/3/2018,388.0,390.0,386.0,390.0,0.52,5699.0,467.0,314.2
MNBBL,4/4/2018,391.0,400.0,390.0,398.0,2.05,13733.0,467.0,314.2
MNBBL,4/5/2018,405.0,411.0,397.0,403.0,1.26,17313.0,467.0,314.2
MNBBL,4/8/2018,407.0,418.0,400.0,410.0,1.74,37655.0,467.0,314.2
MNBBL,4/9/2018,415.0,415.0,402.0,404.0,-1.46,20505.0,467.0,314.2
MNBBL,4/10/2018,397.0,409.0,397.0,399.0,-1.24,11433.0,467.0,314.2
MNBBL,4/11/2018,394.0,406.0,394.0,400.0,0.25,3875.0,467.0,314.2
MNBBL,4/12/2018,402.0,403.0,396.0,396.0,-1.0,7803.0,467.0,314.2
MNBBL,4/15/2018,396.0,406.0,390.0,406.0,2.53,14035.0,467.0,314.2
MNBBL,4/16/2018,398.0,408.0,398.0,405.0,-0.25,13944.0,467.0,314.2
MNBBL,4/17/2018,408.0,426.0,403.0,413.0,1.98,31405.0,467.0,314.2
MNBBL,4/18/2018,421.0,439.0,411.0,434.0,5.08,37190.0,467.0,314.2
MNBBL,4/19/2018,442.0,450.0,428.0,442.0,1.84,38446.0,467.0,314.2
MNBBL,4/22/2018,445.0,453.0,442.0,449.0,1.58,22175.0,467.0,314.2
MNBBL,4/23/2018,455.0,460.0,430.0,435.0,-3.12,24257.0,467.0,314.2
MNBBL,4/24/2018,435.0,438.0,429.0,430.0,-1.15,16055.0,467.0,314.2
MNBBL,4/25/2018,425.0,435.0,422.0,422.0,-1.86,8539.0,467.0,314.2
MNBBL,4/26/2018,425.0,429.0,415.0,415.0,-1.66,13441.0,467.0,314.2
MNBBL,4/29/2018,409.0,420.0,408.0,415.0,0.0,9919.0,467.0,314.2
MNBBL,5/2/2018,420.0,420.0,407.0,418.0,0.72,7658.0,467.0,314.2
MNBBL,5/3/2018,417.0,428.0,415.0,418.0,0.0,10600.0,467.0,314.2
MNBBL,5/6/2018,418.0,420.0,415.0,415.0,-0.72,4425.0,467.0,314.2
MNBBL,5/7/2018,416.0,416.0,410.0,416.0,0.24,5658.0,467.0,314.2
MNBBL,5/8/2018,416.0,424.0,414.0,421.0,1.2,3234.0,467.0,314.2
MNBBL,5/9/2018,424.0,424.0,416.0,416.0,-1.19,5299.0,467.0,314.2
MNBBL,5/10/2018,414.0,417.0,413.0,415.0,-0.24,2917.0,467.0,314.2
MNBBL,5/14/2018,408.0,414.0,402.0,414.0,-0.24,9457.0,467.0,314.2
MNBBL,5/15/2018,410.0,410.0,407.0,410.0,-0.97,3446.0,467.0,314.2
MNBBL,5/16/2018,407.0,415.0,407.0,412.0,0.49,3624.0,467.0,314.2
MNBBL,5/17/2018,411.0,415.0,408.0,410.0,-0.49,8810.0,467.0,314.2
MNBBL,5/20/2018,415.0,415.0,409.0,415.0,1.22,8400.0,467.0,314.2
MNBBL,5/21/2018,416.0,416.0,408.0,414.0,-0.24,3987.0,467.0,314.2
MNBBL,5/22/2018,410.0,410.0,408.0,410.0,-0.97,1481.0,467.0,314.2
MNBBL,5/23/2018,407.0,409.0,406.0,407.0,-0.73,2943.0,467.0,314.2
MNBBL,5/24/2018,406.0,410.0,400.0,401.0,-1.47,8606.0,467.0,314.2
MNBBL,5/27/2018,393.0,399.0,393.0,395.0,-1.5,10026.0,467.0,314.2
MNBBL,5/28/2018,395.0,418.0,395.0,418.0,5.82,8937.0,467.0,314.2
MNBBL,5/29/2018,415.0,417.0,405.0,410.0,-1.91,7901.0,467.0,314.2
MNBBL,5/30/2018,406.0,415.0,406.0,410.0,0.0,1631.0,467.0,314.2
MNBBL,5/31/2018,410.0,411.0,404.0,406.0,-0.98,6327.0,467.0,314.2
MNBBL,6/3/2018,398.0,405.0,396.0,398.0,-1.97,10352.0,467.0,314.2
MNBBL,6/4/2018,404.0,404.0,388.0,392.0,-1.51,11040.0,467.0,314.2
MNBBL,6/6/2018,399.0,406.0,395.0,400.0,2.04,10304.0,467.0,314.2
MNBBL,6/7/2018,398.0,398.0,384.0,384.0,-4.0,6152.0,467.0,314.2
MNBBL,6/10/2018,380.0,387.0,380.0,383.0,-0.26,6410.0,467.0,314.2
MNBBL,6/11/2018,378.0,395.0,377.0,386.0,0.78,7478.0,467.0,314.2
MNBBL,6/12/2018,386.0,393.0,381.0,385.0,-0.26,5482.0,467.0,314.2
MNBBL,6/13/2018,385.0,387.0,381.0,387.0,0.52,2927.0,467.0,314.2
MNBBL,6/14/2018,386.0,393.0,383.0,383.0,-1.03,3610.0,467.0,314.2
MNBBL,6/17/2018,381.0,385.0,381.0,381.0,-0.52,3272.0,467.0,314.2
MNBBL,6/18/2018,382.0,384.0,379.0,382.0,0.26,5340.0,467.0,314.2
MNBBL,6/19/2018,381.0,382.0,380.0,382.0,0.0,1049.0,467.0,314.2
MNBBL,6/20/2018,382.0,384.0,381.0,381.0,-0.26,1791.0,467.0,314.2
MNBBL,6/21/2018,380.0,384.0,380.0,381.0,0.0,4729.0,467.0,314.2
MNBBL,6/24/2018,385.0,385.0,380.0,380.0,-0.26,3353.0,467.0,314.2
MNBBL,6/25/2018,385.0,385.0,378.0,378.0,-0.53,1031.0,467.0,314.2
MNBBL,6/26/2018,375.0,376.0,370.0,370.0,-2.12,5561.0,467.0,314.2
MNBBL,6/27/2018,370.0,379.0,369.0,369.0,-0.27,3814.0,467.0,314.2
MNBBL,6/28/2018,370.0,374.0,365.0,365.0,-1.08,9313.0,467.0,314.2
MNBBL,7/1/2018,367.0,367.0,358.0,358.0,-1.92,9734.0,467.0,314.2
MNBBL,7/2/2018,356.0,372.0,356.0,360.0,0.56,5261.0,467.0,314.2
MNBBL,7/3/2018,367.0,367.0,357.0,360.0,0.0,6889.0,467.0,314.2
MNBBL,7/4/2018,363.0,374.0,360.0,371.0,3.06,2867.0,467.0,314.2
MNBBL,7/5/2018,370.0,385.0,370.0,381.0,2.7,14115.0,467.0,314.2
MNBBL,7/8/2018,388.0,393.0,375.0,378.0,-0.79,10251.0,467.0,314.2
MNBBL,7/9/2018,384.0,384.0,371.0,376.0,-0.53,4589.0,467.0,314.2
MNBBL,7/10/2018,370.0,389.0,369.0,378.0,0.53,2616.0,467.0,314.2
MNBBL,7/11/2018,385.0,392.0,380.0,380.0,0.53,9447.0,467.0,314.2
MNBBL,7/12/2018,381.0,381.0,373.0,373.0,-1.84,10502.0,467.0,314.2
MNBBL,7/15/2018,375.0,383.0,375.0,382.0,2.41,1169.0,467.0,314.2
MNBBL,7/16/2018,386.0,387.0,378.0,378.0,-1.05,5554.0,467.0,314.2
MNBBL,7/17/2018,380.0,385.0,380.0,382.0,1.06,2199.0,467.0,314.2
MNBBL,7/18/2018,380.0,380.0,378.0,380.0,-0.52,4131.0,467.0,314.2
MNBBL,7/19/2018,380.0,380.0,375.0,375.0,-1.32,8291.0,467.0,314.2
MNBBL,7/22/2018,375.0,375.0,371.0,372.0,-0.8,3911.0,467.0,314.2
MNBBL,7/23/2018,374.0,380.0,372.0,380.0,2.15,2805.0,467.0,314.2
MNBBL,7/24/2018,380.0,390.0,380.0,380.0,0.0,10516.0,467.0,314.2
MNBBL,7/25/2018,376.0,380.0,375.0,380.0,0.0,2113.0,467.0,314.2
MNBBL,7/26/2018,380.0,381.0,377.0,377.0,-0.79,7214.0,467.0,314.2
MNBBL,7/29/2018,383.0,384.0,379.0,379.0,0.53,4185.0,467.0,314.2
MNBBL,7/30/2018,381.0,381.0,379.0,379.0,0.0,3023.0,467.0,314.2
MNBBL,7/31/2018,384.0,384.0,377.0,379.0,0.0,7661.0,467.0,314.2
MNBBL,8/1/2018,379.0,380.0,375.0,378.0,-0.26,7485.0,467.0,314.2
MNBBL,8/2/2018,379.0,380.0,376.0,376.0,-0.53,7936.0,467.0,314.2
MNBBL,8/5/2018,380.0,382.0,378.0,380.0,1.06,8154.0,467.0,314.2
MNBBL,8/6/2018,383.0,383.0,378.0,378.0,-0.53,4374.0,467.0,314.2
MNBBL,8/7/2018,377.0,380.0,377.0,380.0,0.53,4036.0,467.0,314.2
MNBBL,8/8/2018,380.0,380.0,377.0,378.0,-0.53,2377.0,467.0,314.2
MNBBL,8/9/2018,378.0,381.0,376.0,379.0,0.26,8226.0,467.0,314.2
MNBBL,8/12/2018,376.0,380.0,374.0,374.0,-1.32,8293.0,467.0,314.2
MNBBL,8/13/2018,375.0,379.0,375.0,378.0,1.07,2325.0,467.0,314.2
MNBBL,8/14/2018,384.0,384.0,374.0,378.0,0.0,10305.0,467.0,314.2
MNBBL,8/15/2018,378.0,392.0,376.0,385.0,1.85,7040.0,467.0,314.2
MNBBL,8/16/2018,390.0,392.0,384.0,389.0,1.04,8840.0,467.0,314.2
MNBBL,8/19/2018,387.0,389.0,384.0,386.0,-0.77,2483.0,467.0,314.2
MNBBL,8/20/2018,382.0,382.0,379.0,379.0,-1.81,6427.0,467.0,314.2
MNBBL,8/21/2018,380.0,380.0,377.0,377.0,-0.53,4246.0,467.0,314.2
MNBBL,8/22/2018,380.0,380.0,377.0,378.0,0.27,2191.0,467.0,314.2
MNBBL,8/23/2018,375.0,380.0,375.0,377.0,-0.26,4526.0,467.0,314.2
MNBBL,8/26/2018,378.0,382.0,374.0,375.0,-0.53,10632.0,467.0,314.2
MNBBL,8/28/2018,373.0,380.0,373.0,378.0,0.8,1447.0,467.0,314.2
MNBBL,8/29/2018,379.0,380.0,375.0,376.0,-0.53,5027.0,467.0,314.2
MNBBL,8/30/2018,369.0,379.0,369.0,379.0,0.8,2501.0,467.0,314.2
MNBBL,9/2/2018,377.0,382.0,375.0,382.0,0.79,8366.0,467.0,314.2
MNBBL,9/3/2018,384.0,391.0,384.0,390.0,2.09,6855.0,467.0,314.2
MNBBL,9/4/2018,390.0,393.0,386.0,390.0,0.0,9930.0,467.0,314.2
MNBBL,9/5/2018,392.0,400.0,392.0,399.0,2.31,14674.0,467.0,314.2
MNBBL,9/6/2018,404.0,406.0,395.0,398.0,-0.25,18289.0,467.0,314.2
MNBBL,9/9/2018,403.0,403.0,388.0,392.0,-1.51,6600.0,467.0,314.2
MNBBL,9/10/2018,390.0,390.0,385.0,388.0,-1.02,7221.0,467.0,314.2
MNBBL,9/11/2018,385.0,402.0,385.0,402.0,3.61,8108.0,467.0,314.2
MNBBL,9/12/2018,400.0,410.0,395.0,410.0,1.99,13179.0,467.0,314.2
MNBBL,9/13/2018,418.0,419.0,408.0,414.0,0.98,32868.0,467.0,314.2
MNBBL,9/16/2018,420.0,423.0,412.0,415.0,0.24,19794.0,467.0,314.2
MNBBL,9/17/2018,415.0,415.0,409.0,409.0,-1.45,7121.0,467.0,314.2
MNBBL,9/18/2018,409.0,410.0,404.0,407.0,-0.49,5704.0,467.0,314.2
MNBBL,9/20/2018,407.0,409.0,405.0,406.0,-0.25,5659.0,467.0,314.2
MNBBL,9/23/2018,406.0,410.0,404.0,405.0,-0.25,6316.0,467.0,314.2
MNBBL,9/25/2018,405.0,414.0,403.0,411.0,1.48,12226.0,467.0,314.2
MNBBL,9/26/2018,410.0,412.0,406.0,411.0,0.0,13462.0,467.0,314.2
MNBBL,9/27/2018,410.0,410.0,403.0,408.0,-0.73,9257.0,467.0,314.2
MNBBL,9/30/2018,402.0,405.0,401.0,405.0,-0.74,5350.0,467.0,314.2
MNBBL,10/1/2018,400.0,403.0,399.0,400.0,-1.23,6425.0,467.0,314.2
MNBBL,10/2/2018,400.0,402.0,395.0,399.0,-0.25,9947.0,467.0,314.2
MNBBL,10/3/2018,396.0,399.0,395.0,395.0,-1.0,7236.0,467.0,314.2
MNBBL,10/4/2018,395.0,395.0,387.0,393.0,-0.51,5215.0,467.0,314.2
MNBBL,10/7/2018,393.0,395.0,389.0,392.0,-0.25,9529.0,467.0,314.2
MNBBL,10/8/2018,392.0,397.0,390.0,397.0,1.28,2611.0,467.0,314.2
MNBBL,10/9/2018,392.0,397.0,390.0,391.0,-1.51,7954.0,467.0,314.2
MNBBL,10/10/2018,390.0,392.0,387.0,391.0,0.0,1628.0,467.0,314.2
MNBBL,10/11/2018,398.0,398.0,395.0,398.0,1.79,562.0,467.0,314.2
MNBBL,10/14/2018,405.0,409.0,400.0,400.0,0.5,4973.0,467.0,314.2
MNBBL,10/15/2018,404.0,404.0,396.0,396.0,-1.0,4449.0,467.0,314.2
MNBBL,10/21/2018,403.0,403.0,399.0,402.0,1.52,742.0,467.0,314.2
MNBBL,10/22/2018,402.0,407.0,401.0,401.0,-0.25,4632.0,467.0,314.2
MNBBL,10/23/2018,400.0,403.0,400.0,401.0,0.0,3644.0,467.0,314.2
MNBBL,10/24/2018,402.0,402.0,401.0,402.0,0.25,4342.0,467.0,314.2
MNBBL,10/25/2018,401.0,403.0,400.0,400.0,-0.5,4451.0,467.0,314.2
MNBBL,10/28/2018,400.0,400.0,396.0,400.0,0.0,8794.0,467.0,314.2
MNBBL,10/29/2018,396.0,398.0,395.0,397.0,-0.75,5587.0,467.0,314.2
MNBBL,10/30/2018,400.0,401.0,398.0,401.0,1.01,2537.0,467.0,314.2
MNBBL,10/31/2018,400.0,403.0,394.0,397.0,-1.0,2580.0,467.0,314.2
MNBBL,11/1/2018,395.0,401.0,395.0,398.0,0.25,2699.0,467.0,314.2
MNBBL,11/4/2018,392.0,400.0,392.0,398.0,0.0,5186.0,467.0,314.2
MNBBL,11/5/2018,405.0,409.0,402.0,406.0,2.01,14913.0,467.0,314.2
MNBBL,11/6/2018,406.0,405.0,398.0,405.0,-0.25,1220.0,467.0,314.2
MNBBL,11/11/2018,405.0,405.0,401.0,401.0,-0.99,5631.0,467.0,314.2
MNBBL,11/12/2018,403.0,403.0,399.0,400.0,-0.25,6002.0,467.0,314.2
MNBBL,11/13/2018,400.0,404.0,400.0,404.0,1.0,3421.0,467.0,314.2
MNBBL,11/14/2018,401.0,405.0,400.0,403.0,-0.25,5653.0,467.0,314.2
MNBBL,11/15/2018,402.0,405.0,402.0,404.0,0.25,16622.0,467.0,314.2
MNBBL,11/18/2018,403.0,406.0,402.0,402.0,-0.5,5904.0,467.0,314.2
MNBBL,11/19/2018,405.0,411.0,403.0,404.0,0.5,12658.0,467.0,314.2
MNBBL,11/20/2018,406.0,407.0,402.0,407.0,0.74,7092.0,467.0,314.2
MNBBL,11/21/2018,404.0,406.0,404.0,406.0,-0.25,3227.0,467.0,314.2
MNBBL,11/22/2018,407.0,410.0,404.0,409.0,0.74,5754.0,467.0,314.2
MNBBL,11/25/2018,415.0,417.0,412.0,414.0,1.22,22615.0,467.0,314.2
MNBBL,11/26/2018,420.0,420.0,412.0,416.0,0.48,19315.0,467.0,314.2
MNBBL,11/27/2018,417.0,419.0,416.0,417.0,0.24,19408.0,467.0,314.2
MNBBL,11/28/2018,416.0,420.0,414.0,415.0,-0.48,8890.0,467.0,314.2
MNBBL,11/29/2018,416.0,416.0,410.0,410.0,-1.2,14494.0,467.0,314.2
MNBBL,12/2/2018,413.0,413.0,405.0,405.0,-1.22,15023.0,467.0,314.2
MNBBL,12/3/2018,404.0,409.0,403.0,408.0,0.74,54823.0,467.0,314.2
MNBBL,12/5/2018,340.0,340.0,324.0,326.0,-20.1,8693.0,467.0,314.2
MNBBL,12/6/2018,325.0,335.0,320.0,328.0,0.61,5565.0,467.0,314.2
MNBBL,12/9/2018,332.0,335.0,331.0,334.0,1.83,9247.0,467.0,314.2
MNBBL,12/10/2018,331.0,340.0,331.0,340.0,1.8,8122.0,467.0,314.2
MNBBL,12/11/2018,343.0,346.0,340.0,344.0,1.18,2072.0,467.0,314.2
MNBBL,12/12/2018,348.0,348.0,335.0,335.0,-2.62,4214.0,467.0,314.2
MNBBL,12/13/2018,335.0,344.0,335.0,340.0,1.49,4399.0,467.0,314.2
MNBBL,12/16/2018,345.0,346.0,340.0,345.0,1.47,7225.0,467.0,314.2
MNBBL,12/17/2018,341.0,346.0,340.0,346.0,0.29,9038.0,467.0,314.2
MNBBL,12/18/2018,345.0,345.0,334.0,340.0,-1.73,11770.0,467.0,314.2
MNBBL,12/19/2018,340.0,346.0,336.0,341.0,0.29,3973.0,467.0,314.2
MNBBL,12/20/2018,347.0,350.0,342.0,343.0,0.59,8388.0,467.0,314.2
MNBBL,12/23/2018,349.0,355.0,346.0,346.0,0.87,6821.0,467.0,314.2
MNBBL,12/24/2018,352.0,352.0,347.0,347.0,0.29,8541.0,467.0,314.2
MNBBL,12/25/2018,351.0,351.0,345.0,347.0,0.0,1570.0,467.0,314.2
MNBBL,12/26/2018,353.0,355.0,350.0,355.0,2.31,9051.0,467.0,314.2
MNBBL,12/27/2018,362.0,369.0,355.0,360.0,1.41,8784.0,467.0,314.2
MNBBL,12/30/2018,367.0,367.0,350.0,352.0,-2.22,8499.0,467.0,314.2
MNBBL,12/31/2018,359.0,359.0,350.0,352.0,0.0,3560.0,467.0,314.2
MNBBL,1/1/2019,359.0,359.0,348.0,354.0,0.57,1616.0,467.0,314.2
MNBBL,1/2/2019,350.0,352.0,350.0,352.0,-0.56,3373.0,467.0,314.2
MNBBL,1/3/2019,350.0,350.0,344.0,347.0,-1.42,11993.0,467.0,314.2
MNBBL,1/6/2019,353.0,353.0,337.0,340.0,-2.02,8252.0,467.0,314.2
MNBBL,1/7/2019,346.0,349.0,340.0,340.0,0.0,6740.0,467.0,314.2
MNBBL,1/8/2019,336.0,347.0,336.0,343.0,0.88,1990.0,467.0,314.2
MNBBL,1/9/2019,349.0,349.0,346.0,349.0,1.75,2774.0,467.0,314.2
MNBBL,1/10/2019,349.0,352.0,345.0,345.0,-1.15,3523.0,467.0,314.2
MNBBL,1/13/2019,346.0,350.0,342.0,350.0,1.45,2920.0,467.0,314.2
MNBBL,1/14/2019,355.0,355.0,345.0,352.0,0.57,1329.0,467.0,314.2
MNBBL,1/15/2019,348.0,355.0,348.0,355.0,0.85,4171.0,467.0,314.2
MNBBL,1/16/2019,362.0,362.0,348.0,352.0,-0.85,5187.0,467.0,314.2
MNBBL,1/17/2019,345.0,352.0,345.0,351.0,-0.28,5503.0,467.0,314.2
MNBBL,1/20/2019,350.0,350.0,345.0,350.0,-0.28,1981.0,467.0,314.2
MNBBL,1/21/2019,346.0,348.0,346.0,348.0,-0.57,3272.0,467.0,314.2
MNBBL,1/22/2019,349.0,349.0,344.0,345.0,-0.86,4706.0,467.0,314.2
MNBBL,1/23/2019,350.0,355.0,347.0,348.0,0.87,3505.0,467.0,314.2
MNBBL,1/24/2019,349.0,351.0,349.0,351.0,0.86,3785.0,467.0,314.2
MNBBL,1/27/2019,345.0,350.0,345.0,345.0,-1.71,5359.0,467.0,314.2
MNBBL,1/28/2019,350.0,350.0,346.0,349.0,1.16,3766.0,467.0,314.2
MNBBL,1/29/2019,348.0,348.0,346.0,346.0,-0.86,1218.0,467.0,314.2
MNBBL,1/30/2019,350.0,350.0,348.0,348.0,0.58,2272.0,467.0,314.2
MNBBL,1/31/2019,351.0,351.0,348.0,348.0,0.0,2610.0,467.0,314.2
MNBBL,2/3/2019,347.0,348.0,346.0,348.0,0.0,4005.0,467.0,314.2
MNBBL,2/4/2019,347.0,347.0,344.0,344.0,-1.15,5180.0,467.0,314.2
MNBBL,2/5/2019,346.0,347.0,342.0,343.0,-0.29,5714.0,467.0,314.2
MNBBL,2/6/2019,342.0,345.0,340.0,340.0,-0.87,4484.0,467.0,314.2
MNBBL,2/7/2019,340.0,346.0,340.0,345.0,1.47,2953.0,467.0,314.2
MNBBL,2/10/2019,347.0,347.0,340.0,340.0,-1.45,3888.0,467.0,314.2
MNBBL,2/11/2019,341.0,343.0,340.0,343.0,0.88,2564.0,467.0,314.2
MNBBL,2/12/2019,341.0,342.0,340.0,340.0,-0.87,6365.0,467.0,314.2
MNBBL,2/13/2019,340.0,342.0,337.0,337.0,-0.88,4195.0,467.0,314.2
MNBBL,2/14/2019,343.0,343.0,333.0,333.0,-1.19,2927.0,467.0,314.2
MNBBL,2/17/2019,333.0,337.0,333.0,335.0,0.6,3197.0,467.0,314.2
MNBBL,2/18/2019,334.0,334.0,330.0,330.0,-1.49,10405.0,467.0,314.2
MNBBL,2/19/2019,330.0,342.0,329.0,340.0,3.03,4212.0,467.0,314.2
MNBBL,2/20/2019,344.0,344.0,334.0,336.0,-1.18,1898.0,467.0,314.2
MNBBL,2/21/2019,331.0,340.0,330.0,340.0,1.19,3408.0,467.0,314.2
MNBBL,2/24/2019,340.0,340.0,335.0,335.0,-1.47,2030.0,467.0,314.2
MNBBL,2/25/2019,333.0,336.0,332.0,336.0,0.3,3046.0,467.0,314.2
MNBBL,2/26/2019,337.0,339.0,334.0,334.0,-0.6,2722.0,467.0,314.2
MNBBL,2/27/2019,335.0,339.0,333.0,336.0,0.6,5524.0,467.0,314.2
MNBBL,3/3/2019,334.0,338.0,330.0,338.0,0.6,6316.0,467.0,314.2
MNBBL,3/5/2019,344.0,344.0,334.0,335.0,-0.89,5903.0,467.0,314.2
MNBBL,3/6/2019,337.0,339.0,336.0,337.0,0.6,2529.0,467.0,314.2
MNBBL,3/7/2019,340.0,342.0,339.0,340.0,0.89,7055.0,467.0,314.2
MNBBL,3/10/2019,340.0,344.0,339.0,344.0,1.18,722.0,467.0,314.2
MNBBL,3/11/2019,343.0,347.0,341.0,347.0,0.87,6830.0,467.0,314.2
MNBBL,3/12/2019,350.0,353.0,339.0,345.0,-0.58,13481.0,467.0,314.2
MNBBL,3/13/2019,350.0,350.0,345.0,345.0,0.0,4250.0,467.0,314.2
MNBBL,3/14/2019,339.0,348.0,339.0,347.0,0.58,4676.0,467.0,314.2
MNBBL,3/17/2019,347.0,349.0,342.0,345.0,-0.58,10089.0,467.0,314.2
MNBBL,3/18/2019,342.0,348.0,342.0,344.0,-0.29,4192.0,467.0,314.2
MNBBL,3/19/2019,338.0,342.0,337.0,340.0,-1.16,3580.0,467.0,314.2
MNBBL,3/21/2019,338.0,340.0,335.0,338.0,-0.59,5750.0,467.0,314.2
MNBBL,3/24/2019,335.0,338.0,335.0,338.0,0.0,3987.0,467.0,314.2
MNBBL,3/25/2019,338.0,344.0,336.0,340.0,0.59,6021.0,467.0,314.2
MNBBL,3/26/2019,343.0,345.0,340.0,342.0,0.59,7516.0,467.0,314.2
MNBBL,3/27/2019,338.0,346.0,338.0,344.0,0.58,6592.0,467.0,314.2
MNBBL,3/28/2019,344.0,345.0,341.0,344.0,0.0,4884.0,467.0,314.2
MNBBL,3/31/2019,344.0,346.0,340.0,344.0,0.0,4452.0,467.0,314.2
MNBBL,4/1/2019,344.0,346.0,342.0,345.0,0.29,9867.0,467.0,314.2
MNBBL,4/2/2019,345.0,355.0,345.0,347.0,0.58,8079.0,467.0,314.2
MNBBL,4/3/2019,349.0,349.0,345.0,346.0,-0.29,8786.0,467.0,314.2
MNBBL,4/4/2019,350.0,350.0,346.0,346.0,0.0,6194.0,467.0,314.2
MNBBL,4/7/2019,345.0,355.0,345.0,352.0,1.73,12587.0,467.0,314.2
MNBBL,4/8/2019,352.0,362.0,351.0,358.0,1.7,31565.0,467.0,314.2
MNBBL,4/9/2019,355.0,360.0,354.0,358.0,0.0,17378.0,467.0,314.2
MNBBL,4/10/2019,354.0,356.0,351.0,355.0,-0.84,3811.0,467.0,314.2
MNBBL,4/11/2019,355.0,360.0,354.0,358.0,0.85,5955.0,467.0,314.2
MNBBL,4/15/2019,358.0,360.0,358.0,360.0,0.56,6882.0,467.0,314.2
MNBBL,4/16/2019,360.0,365.0,360.0,365.0,1.39,6595.0,467.0,314.2
MNBBL,4/17/2019,365.0,379.0,364.0,375.0,2.74,18524.0,467.0,314.2
MNBBL,4/18/2019,380.0,382.0,372.0,380.0,1.33,9820.0,467.0,314.2
MNBBL,4/21/2019,385.0,385.0,372.0,380.0,0.0,14272.0,467.0,314.2
MNBBL,4/22/2019,380.0,387.0,371.0,375.0,-1.32,11359.0,467.0,314.2
MNBBL,4/23/2019,375.0,382.0,370.0,373.0,-0.53,20742.0,467.0,314.2
MNBBL,4/24/2019,375.0,380.0,374.0,378.0,1.34,6882.0,467.0,314.2
MNBBL,4/25/2019,380.0,399.0,380.0,390.0,3.17,25183.0,467.0,314.2
MNBBL,4/28/2019,395.0,400.0,390.0,398.0,2.05,12382.0,467.0,314.2
MNBBL,4/29/2019,399.0,399.0,383.0,397.0,-0.25,21449.0,467.0,314.2
MNBBL,4/30/2019,395.0,395.0,386.0,389.0,-2.02,11800.0,467.0,314.2
MNBBL,5/2/2019,384.0,390.0,383.0,390.0,0.26,11073.0,467.0,314.2
MNBBL,5/5/2019,397.0,397.0,386.0,388.0,-0.51,7064.0,467.0,314.2
MNBBL,5/6/2019,386.0,390.0,386.0,389.0,0.26,32092.0,467.0,314.2
MNBBL,5/7/2019,389.0,391.0,383.0,386.0,-0.77,19425.0,467.0,314.2
MNBBL,5/8/2019,389.0,389.0,379.0,382.0,-1.04,23988.0,467.0,314.2
MNBBL,5/9/2019,377.0,380.0,376.0,376.0,-1.57,14484.0,467.0,314.2
MNBBL,5/12/2019,379.0,385.0,375.0,377.0,0.27,23789.0,467.0,314.2
MNBBL,5/13/2019,375.0,383.0,375.0,379.0,0.53,14003.0,467.0,314.2
MNBBL,5/14/2019,386.0,386.0,382.0,384.0,1.32,12033.0,467.0,314.2
MNBBL,5/15/2019,391.0,391.0,385.0,386.0,0.52,16046.0,467.0,314.2
MNBBL,5/16/2019,389.0,393.0,382.0,382.0,-1.04,10959.0,467.0,314.2
MNBBL,5/19/2019,389.0,389.0,380.0,383.0,0.26,6425.0,467.0,314.2
MNBBL,5/20/2019,380.0,381.0,374.0,375.0,-2.09,14780.0,467.0,314.2
MNBBL,5/21/2019,380.0,381.0,374.0,377.0,0.53,4689.0,467.0,314.2
MNBBL,5/22/2019,380.0,380.0,377.0,379.0,0.53,11515.0,467.0,314.2
MNBBL,5/23/2019,380.0,380.0,375.0,375.0,-1.06,3845.0,467.0,314.2
MNBBL,5/26/2019,372.0,378.0,372.0,375.0,0.0,12444.0,467.0,314.2
MNBBL,5/27/2019,375.0,377.0,372.0,376.0,0.27,6830.0,467.0,314.2
MNBBL,5/28/2019,376.0,378.0,372.0,374.0,-0.53,5657.0,467.0,314.2
MNBBL,5/29/2019,379.0,379.0,374.0,375.0,0.27,2605.0,467.0,314.2
MNBBL,5/30/2019,382.0,394.0,379.0,379.0,1.07,14529.0,467.0,314.2
MNBBL,6/2/2019,381.0,384.0,373.0,374.0,-1.32,6755.0,467.0,314.2
MNBBL,6/3/2019,375.0,378.0,372.0,374.0,0.0,4940.0,467.0,314.2
MNBBL,6/4/2019,375.0,375.0,371.0,371.0,-0.8,7560.0,467.0,314.2
MNBBL,6/6/2019,372.0,372.0,369.0,369.0,-0.54,5017.0,467.0,314.2
MNBBL,6/10/2019,369.0,374.0,369.0,372.0,0.81,8763.0,467.0,314.2
MNBBL,6/11/2019,378.0,379.0,371.0,374.0,0.54,11841.0,467.0,314.2
MNBBL,6/12/2019,372.0,375.0,371.0,375.0,0.27,4543.0,467.0,314.2
MNBBL,6/13/2019,375.0,378.0,373.0,373.0,-0.53,15625.0,467.0,314.2
MNBBL,6/16/2019,370.0,375.0,370.0,373.0,0.0,5120.0,467.0,314.2
MNBBL,6/17/2019,373.0,375.0,369.0,369.0,-1.07,10360.0,467.0,314.2
MNBBL,6/18/2019,366.0,373.0,366.0,369.0,0.0,5421.0,467.0,314.2
MNBBL,6/19/2019,371.0,373.0,370.0,372.0,0.81,4579.0,467.0,314.2
MNBBL,6/20/2019,372.0,374.0,369.0,371.0,-0.27,24430.0,467.0,314.2
MNBBL,6/23/2019,372.0,373.0,368.0,373.0,0.54,5999.0,467.0,314.2
MNBBL,6/24/2019,373.0,373.0,370.0,371.0,-0.54,11960.0,467.0,314.2
MNBBL,6/25/2019,371.0,372.0,369.0,370.0,-0.27,7552.0,467.0,314.2
MNBBL,6/26/2019,370.0,370.0,368.0,368.0,-0.54,11489.0,467.0,314.2
MNBBL,6/27/2019,370.0,370.0,367.0,368.0,0.0,13196.0,467.0,314.2
MNBBL,6/30/2019,367.0,368.0,365.0,365.0,-0.82,5893.0,467.0,314.2
MNBBL,7/1/2019,366.0,367.0,363.0,364.0,-0.27,5139.0,467.0,314.2
MNBBL,7/2/2019,363.0,367.0,362.0,366.0,0.55,3030.0,467.0,314.2
MNBBL,7/3/2019,366.0,371.0,364.0,368.0,0.55,10145.0,467.0,314.2
MNBBL,7/4/2019,375.0,375.0,369.0,369.0,0.27,7135.0,467.0,314.2
MNBBL,7/7/2019,367.0,368.0,366.0,367.0,-0.54,2587.0,467.0,314.2
MNBBL,7/8/2019,368.0,368.0,362.0,364.0,-0.82,9448.0,467.0,314.2
MNBBL,7/9/2019,359.0,364.0,357.0,361.0,-0.82,16022.0,467.0,314.2
MNBBL,7/10/2019,361.0,365.0,360.0,362.0,0.28,11901.0,467.0,314.2
MNBBL,7/11/2019,363.0,365.0,360.0,361.0,-0.28,3690.0,467.0,314.2
MNBBL,7/14/2019,361.0,365.0,361.0,364.0,0.83,3513.0,467.0,314.2
MNBBL,7/15/2019,364.0,365.0,363.0,365.0,0.27,4937.0,467.0,314.2
MNBBL,7/16/2019,383.0,383.0,365.0,370.0,1.37,9380.0,467.0,314.2
MNBBL,7/17/2019,374.0,385.0,372.0,384.0,3.78,13610.0,467.0,314.2
MNBBL,7/18/2019,389.0,389.0,384.0,386.0,0.52,7287.0,467.0,314.2
MNBBL,7/21/2019,386.0,389.0,379.0,379.0,-1.81,8951.0,467.0,314.2
MNBBL,7/22/2019,377.0,382.0,377.0,378.0,-0.26,11503.0,467.0,314.2
MNBBL,7/23/2019,380.0,381.0,379.0,380.0,0.53,5236.0,467.0,314.2
MNBBL,7/24/2019,380.0,383.0,380.0,382.0,0.53,3247.0,467.0,314.2
MNBBL,7/25/2019,385.0,385.0,378.0,378.0,-1.05,11506.0,467.0,314.2
MNBBL,7/28/2019,378.0,378.0,370.0,371.0,-1.85,9769.0,467.0,314.2
MNBBL,7/29/2019,375.0,378.0,368.0,370.0,-0.27,17020.0,467.0,314.2
MNBBL,7/30/2019,377.0,378.0,374.0,378.0,2.16,4027.0,467.0,314.2
MNBBL,7/31/2019,380.0,380.0,376.0,378.0,0.0,13754.0,467.0,314.2
MNBBL,8/1/2019,384.0,384.0,374.0,375.0,-0.79,47868.0,467.0,314.2
MNBBL,8/4/2019,375.0,378.0,374.0,375.0,0.0,25648.0,467.0,314.2
MNBBL,8/5/2019,375.0,378.0,375.0,377.0,0.53,28770.0,467.0,314.2
MNBBL,8/6/2019,377.0,377.0,374.0,376.0,-0.27,23986.0,467.0,314.2
MNBBL,8/7/2019,374.0,377.0,374.0,375.0,-0.27,26931.0,467.0,314.2
MNBBL,8/8/2019,375.0,378.0,370.0,372.0,-0.8,26217.0,467.0,314.2
MNBBL,8/11/2019,373.0,373.0,368.0,368.0,-1.08,8244.0,467.0,314.2
MNBBL,8/12/2019,370.0,371.0,366.0,368.0,0.0,12588.0,467.0,314.2
MNBBL,8/13/2019,369.0,369.0,366.0,368.0,0.0,16162.0,467.0,314.2
MNBBL,8/14/2019,370.0,371.0,368.0,371.0,0.82,10278.0,467.0,314.2
MNBBL,8/15/2019,374.0,381.0,369.0,370.0,-0.27,47156.0,467.0,314.2
MNBBL,8/18/2019,327.0,330.0,325.0,326.0,-11.89,18708.0,467.0,314.2
MNBBL,8/19/2019,331.0,331.0,327.0,329.0,0.92,25633.0,467.0,314.2
MNBBL,8/20/2019,328.0,328.0,326.0,326.0,-0.91,4960.0,467.0,314.2
MNBBL,8/21/2019,329.0,330.0,326.0,328.0,0.61,4988.0,467.0,314.2
MNBBL,8/22/2019,330.0,332.0,326.0,326.0,-0.61,5532.0,467.0,314.2
MNBBL,8/25/2019,326.0,326.0,321.0,325.0,-0.31,8744.0,467.0,314.2
MNBBL,8/26/2019,325.0,328.0,320.0,328.0,0.92,4392.0,467.0,314.2
MNBBL,8/27/2019,329.0,332.0,327.0,328.0,0.0,4376.0,467.0,314.2
MNBBL,8/28/2019,329.0,329.0,323.0,326.0,-0.61,1204.0,467.0,314.2
MNBBL,8/29/2019,325.0,326.0,320.0,320.0,-1.84,6226.0,467.0,314.2
MNBBL,9/1/2019,318.0,319.0,316.0,317.0,-0.94,1982.0,467.0,314.2
MNBBL,9/2/2019,317.0,317.0,311.0,313.0,-1.26,5462.0,467.0,314.2
MNBBL,9/3/2019,311.0,319.0,309.0,317.0,1.28,6198.0,467.0,314.2
MNBBL,9/4/2019,317.0,323.0,317.0,320.0,0.95,7794.0,467.0,314.2
MNBBL,9/5/2019,323.0,324.0,318.0,320.0,0.0,10083.0,467.0,314.2
MNBBL,9/8/2019,320.0,321.0,318.0,318.0,-0.62,7826.0,467.0,314.2
MNBBL,9/9/2019,318.0,318.0,312.0,313.0,-1.57,8574.0,467.0,314.2
MNBBL,9/10/2019,315.0,315.0,310.0,312.0,-0.32,12889.0,467.0,314.2
MNBBL,9/11/2019,312.0,313.0,308.0,308.0,-1.28,12068.0,467.0,314.2
MNBBL,9/12/2019,307.0,311.0,305.0,309.0,0.32,7227.0,467.0,314.2
MNBBL,9/15/2019,306.0,307.0,301.0,303.0,-1.94,11012.0,467.0,314.2
MNBBL,9/16/2019,301.0,302.0,299.0,300.0,-0.99,19629.0,467.0,314.2
MNBBL,9/17/2019,298.0,310.0,298.0,307.0,2.33,12430.0,467.0,314.2
MNBBL,9/18/2019,313.0,317.0,308.0,312.0,1.63,9719.0,467.0,314.2
MNBBL,9/19/2019,312.0,316.0,310.0,312.0,0.0,7196.0,467.0,314.2
MNBBL,9/22/2019,304.0,304.0,301.0,301.0,-3.53,6796.0,467.0,314.2
MNBBL,9/23/2019,300.0,305.0,300.0,302.0,0.33,5791.0,467.0,314.2
MNBBL,9/24/2019,303.0,305.0,302.0,303.0,0.33,2667.0,467.0,314.2
MNBBL,9/25/2019,302.0,303.0,302.0,302.0,-0.33,6582.0,467.0,314.2
MNBBL,9/26/2019,301.0,302.0,300.0,301.0,-0.33,11497.0,467.0,314.2
MNBBL,9/29/2019,301.0,304.0,300.0,300.0,-0.33,5892.0,467.0,314.2
MNBBL,9/30/2019,302.0,304.0,301.0,304.0,1.33,3126.0,467.0,314.2
MNBBL,10/1/2019,304.0,309.0,303.0,308.0,1.32,4753.0,467.0,314.2
MNBBL,10/2/2019,310.0,310.0,308.0,308.0,0.0,3757.0,467.0,314.2
MNBBL,10/3/2019,310.0,311.0,309.0,309.0,0.32,2106.0,467.0,314.2
MNBBL,10/10/2019,309.0,309.0,308.0,308.0,-0.32,300.0,467.0,314.2
MNBBL,10/14/2019,307.0,307.0,303.0,303.0,-1.62,5092.0,467.0,314.2
MNBBL,10/15/2019,304.0,305.0,303.0,305.0,0.66,11035.0,467.0,314.2
MNBBL,10/16/2019,310.0,316.0,305.0,315.0,3.28,2148.0,467.0,314.2
MNBBL,10/17/2019,317.0,317.0,310.0,310.0,-1.59,2788.0,467.0,314.2
MNBBL,10/21/2019,308.0,322.0,306.0,306.0,-1.29,8220.0,467.0,314.2
MNBBL,10/22/2019,306.0,312.0,306.0,309.0,0.98,2004.0,467.0,314.2
MNBBL,10/23/2019,310.0,311.0,307.0,311.0,0.65,2260.0,467.0,314.2
MNBBL,10/24/2019,316.0,317.0,311.0,311.0,0.0,6895.0,467.0,314.2
MNBBL,10/31/2019,317.0,319.0,316.0,317.0,1.93,13466.0,467.0,314.2
MNBBL,11/3/2019,318.0,320.0,315.0,318.0,0.32,7239.0,467.0,314.2
MNBBL,11/4/2019,317.0,318.0,315.0,316.0,-0.63,11102.0,467.0,314.2
MNBBL,11/5/2019,318.0,318.0,316.0,316.0,0.0,9082.0,467.0,314.2
MNBBL,11/6/2019,317.0,318.0,316.0,318.0,0.63,8753.0,467.0,314.2
MNBBL,11/7/2019,318.0,318.0,316.0,318.0,0.0,4690.0,467.0,314.2
MNBBL,11/10/2019,318.0,320.0,316.0,318.0,0.0,7641.0,467.0,314.2
MNBBL,11/11/2019,318.0,319.0,317.0,319.0,0.31,7407.0,467.0,314.2
MNBBL,11/12/2019,317.0,317.0,315.0,316.0,-0.94,1290.0,467.0,314.2
MNBBL,11/13/2019,314.0,317.0,314.0,315.0,-0.32,6249.0,467.0,314.2
MNBBL,11/14/2019,320.0,320.0,315.0,317.0,0.63,3261.0,467.0,314.2
MNBBL,11/17/2019,317.0,320.0,317.0,317.0,0.0,4485.0,467.0,314.2
MNBBL,11/18/2019,315.0,316.0,313.0,315.0,-0.63,8419.0,467.0,314.2
MNBBL,11/19/2019,316.0,318.0,315.0,318.0,0.95,9093.0,467.0,314.2
MNBBL,11/20/2019,318.0,318.0,314.0,314.0,-1.26,11129.0,467.0,314.2
MNBBL,11/21/2019,315.0,316.0,310.0,313.0,-0.32,3448.0,467.0,314.2
MNBBL,11/24/2019,310.0,310.0,307.0,308.0,-1.6,13860.0,467.0,314.2
MNBBL,11/25/2019,306.0,312.0,306.0,309.0,0.32,4724.0,467.0,314.2
MNBBL,11/26/2019,307.0,310.0,307.0,310.0,0.32,6022.0,467.0,314.2
MNBBL,11/27/2019,310.0,315.0,310.0,315.0,1.61,5061.0,467.0,314.2
MNBBL,11/28/2019,314.0,314.0,310.0,313.0,-0.63,9262.0,467.0,314.2
MNBBL,12/1/2019,314.0,315.0,307.0,312.0,-0.32,5201.0,467.0,314.2
MNBBL,12/2/2019,312.0,312.0,309.0,312.0,0.0,4310.0,467.0,314.2
MNBBL,12/3/2019,310.0,312.0,305.0,305.0,-2.24,6009.0,467.0,314.2
MNBBL,12/4/2019,306.0,311.0,306.0,311.0,1.97,11136.0,467.0,314.2
MNBBL,12/5/2019,315.0,315.0,311.0,315.0,1.29,11758.0,467.0,314.2
MNBBL,12/8/2019,315.0,315.0,294.0,312.0,-0.95,55209.0,467.0,314.2
MNBBL,12/9/2019,269.0,280.0,269.0,278.0,-10.9,28125.0,467.0,314.2
MNBBL,12/10/2019,281.0,284.0,277.0,277.0,-0.36,16475.0,467.0,314.2
MNBBL,12/11/2019,279.0,282.0,279.0,279.0,0.72,37854.0,467.0,314.2
MNBBL,12/12/2019,278.0,283.0,277.0,283.0,1.43,10772.0,467.0,314.2
MNBBL,12/15/2019,283.0,285.0,280.0,280.0,-1.06,9026.0,467.0,314.2
MNBBL,12/16/2019,280.0,281.0,276.0,277.0,-1.07,5448.0,467.0,314.2
MNBBL,12/17/2019,277.0,280.0,276.0,277.0,0.0,5363.0,467.0,314.2
MNBBL,12/18/2019,280.0,280.0,275.0,276.0,-0.36,8223.0,467.0,314.2
MNBBL,12/19/2019,277.0,277.0,275.0,275.0,-0.36,7469.0,467.0,314.2
MNBBL,12/22/2019,276.0,276.0,273.0,273.0,-0.73,7807.0,467.0,314.2
MNBBL,12/23/2019,274.0,279.0,273.0,279.0,2.2,10461.0,467.0,314.2
MNBBL,12/24/2019,279.0,280.0,275.0,279.0,0.0,10581.0,467.0,314.2
MNBBL,12/25/2019,278.0,279.0,276.0,276.0,-1.08,4126.0,467.0,314.2
MNBBL,12/26/2019,276.0,279.0,276.0,276.0,0.0,7501.0,467.0,314.2
MNBBL,12/29/2019,275.0,277.0,272.0,273.0,-1.09,6579.0,467.0,314.2
MNBBL,12/30/2019,273.0,273.0,270.0,273.0,0.0,10097.0,467.0,314.2
MNBBL,12/31/2019,273.0,279.0,272.0,275.0,0.73,5163.0,467.0,314.2
MNBBL,1/1/2020,275.0,275.0,273.0,275.0,0.0,3138.0,467.0,314.2
MNBBL,1/2/2020,277.0,280.0,275.0,279.0,1.45,6656.0,467.0,314.2
MNBBL,1/5/2020,280.0,284.0,279.0,280.0,0.36,13357.0,467.0,314.2
MNBBL,1/6/2020,283.0,287.0,280.0,285.0,1.79,22197.0,467.0,314.2
MNBBL,1/7/2020,282.0,294.0,281.0,289.0,1.4,25807.0,467.0,314.2
MNBBL,1/8/2020,287.0,295.0,284.0,291.0,0.69,30632.0,467.0,314.2
MNBBL,1/9/2020,290.0,292.0,289.0,291.0,0.0,11599.0,467.0,314.2
MNBBL,1/12/2020,295.0,306.0,292.0,306.0,5.15,38939.0,467.0,314.2
MNBBL,1/13/2020,310.0,320.0,303.0,306.0,0.0,61507.0,467.0,314.2
MNBBL,1/14/2020,306.0,314.0,304.0,308.0,0.65,32972.0,467.0,314.2
MNBBL,1/15/2020,314.0,316.0,308.0,315.0,2.27,23460.0,467.0,314.2
MNBBL,1/16/2020,318.0,324.0,316.0,318.0,0.95,34147.0,467.0,314.2
MNBBL,1/19/2020,324.0,340.0,322.0,337.0,5.97,49726.0,467.0,314.2
MNBBL,1/20/2020,340.0,341.0,320.0,330.0,-2.08,68210.0,467.0,314.2
MNBBL,1/21/2020,333.0,333.0,320.0,321.0,-2.73,41956.0,467.0,314.2
MNBBL,1/22/2020,321.0,328.0,316.0,319.0,-0.62,34836.0,467.0,314.2
MNBBL,1/23/2020,325.0,325.0,314.0,316.0,-0.94,26739.0,467.0,314.2
MNBBL,1/26/2020,316.0,318.0,306.0,308.0,-2.53,25635.0,467.0,314.2
MNBBL,1/27/2020,314.0,319.0,310.0,317.0,2.92,25004.0,467.0,314.2
MNBBL,1/28/2020,317.0,324.0,317.0,321.0,1.26,14100.0,467.0,314.2
MNBBL,1/29/2020,317.0,321.0,317.0,321.0,0.0,12451.0,467.0,314.2
MNBBL,1/30/2020,321.0,325.0,320.0,322.0,0.31,33733.0,467.0,314.2
MNBBL,2/2/2020,328.0,330.0,325.0,330.0,2.48,49257.0,467.0,314.2
MNBBL,2/3/2020,334.0,334.0,325.0,327.0,-0.91,31305.0,467.0,314.2
MNBBL,2/4/2020,326.0,333.0,323.0,324.0,-0.92,17467.0,467.0,314.2
MNBBL,2/5/2020,325.0,327.0,324.0,327.0,0.93,7448.0,467.0,314.2
MNBBL,2/6/2020,311.0,337.0,311.0,321.0,-1.83,16621.0,467.0,314.2
MNBBL,2/9/2020,318.0,319.0,317.0,317.0,-1.25,10909.0,467.0,314.2
MNBBL,2/10/2020,319.0,320.0,314.0,317.0,0.0,12263.0,467.0,314.2
MNBBL,2/11/2020,319.0,324.0,319.0,322.0,1.58,15067.0,467.0,314.2
MNBBL,2/12/2020,316.0,326.0,316.0,319.0,-0.93,28004.0,467.0,314.2
MNBBL,2/13/2020,333.0,333.0,318.0,319.0,0.0,12629.0,467.0,314.2
MNBBL,2/16/2020,318.0,323.0,317.0,321.0,0.63,40023.0,467.0,314.2
MNBBL,2/17/2020,327.0,330.0,322.0,327.0,1.87,80581.0,467.0,314.2
MNBBL,2/18/2020,330.0,337.0,323.0,330.0,0.92,70372.0,467.0,314.2
MNBBL,2/19/2020,330.0,333.0,326.0,330.0,0.0,54049.0,467.0,314.2
MNBBL,2/20/2020,325.0,332.0,325.0,331.0,0.3,53699.0,467.0,314.2
MNBBL,2/23/2020,337.0,363.0,332.0,357.0,7.85,122613.0,467.0,314.2
MNBBL,2/24/2020,364.0,377.0,352.0,364.0,1.96,95247.0,467.0,314.2
MNBBL,2/25/2020,365.0,369.0,349.0,368.0,1.1,57113.0,467.0,314.2
MNBBL,2/26/2020,361.0,395.0,361.0,383.0,4.08,99093.0,467.0,314.2
MNBBL,2/27/2020,383.0,399.0,366.0,390.0,1.83,91726.0,467.0,314.2
MNBBL,3/1/2020,391.0,409.0,382.0,384.0,-1.54,127488.0,467.0,314.2
MNBBL,3/2/2020,378.0,390.0,360.0,360.0,-6.25,57402.0,467.0,314.2
MNBBL,3/3/2020,353.0,370.0,325.0,362.0,0.56,97755.0,467.0,314.2
MNBBL,3/4/2020,356.0,360.0,338.0,339.0,-6.35,70955.0,467.0,314.2
MNBBL,3/5/2020,333.0,346.0,321.0,340.0,0.29,138457.0,467.0,314.2
MNBBL,3/10/2020,338.0,338.0,322.0,322.0,-5.29,32497.0,467.0,314.2
MNBBL,3/11/2020,328.0,346.0,319.0,346.0,7.45,74214.0,467.0,314.2
MNBBL,3/12/2020,350.0,352.0,329.0,334.0,-3.47,58638.0,467.0,314.2
MNBBL,3/15/2020,328.0,331.0,314.0,315.0,-5.69,55625.0,467.0,314.2
MNBBL,3/16/2020,312.0,322.0,307.0,314.0,-0.32,44029.0,467.0,314.2
MNBBL,3/17/2020,312.0,313.0,304.0,304.0,-3.18,50208.0,467.0,314.2
MNBBL,3/18/2020,302.0,306.0,292.0,298.0,-1.97,47893.0,467.0,314.2
MNBBL,3/19/2020,298.0,304.0,288.0,299.0,0.34,64052.0,467.0,314.2
MNBBL,3/22/2020,303.0,304.0,291.0,296.0,-1.0,6992.0,467.0,314.2
MNBBL,5/12/2020,291.0,291.0,288.0,288.0,-2.7,195.0,467.0,314.2
MNBBL,6/29/2020,283.0,283.0,268.0,275.0,-4.51,7789.0,467.0,314.2
MNBBL,6/30/2020,280.0,300.0,280.0,300.0,9.09,8796.0,467.0,314.2
MNBBL,7/1/2020,306.0,321.0,306.0,320.0,6.67,8653.0,467.0,314.2
MNBBL,7/2/2020,322.0,326.0,291.0,291.0,-9.06,18193.0,467.0,314.2
MNBBL,7/5/2020,290.0,300.0,280.0,297.0,2.06,32621.0,467.0,314.2
MNBBL,7/6/2020,297.0,304.0,296.0,303.0,2.02,20952.0,467.0,314.2
MNBBL,7/7/2020,302.0,313.0,302.0,308.0,1.65,22392.0,467.0,314.2
MNBBL,7/8/2020,308.0,308.0,301.0,305.0,-0.97,16020.0,467.0,314.2
MNBBL,7/9/2020,305.0,309.0,300.0,304.0,-0.33,12220.0,467.0,314.2
MNBBL,7/12/2020,310.0,310.0,302.0,304.0,0.0,15042.0,467.0,314.2
MNBBL,7/13/2020,310.0,322.0,300.0,308.0,1.32,12012.0,467.0,314.2
MNBBL,7/14/2020,310.0,310.0,306.0,308.0,0.0,14084.0,467.0,314.2
MNBBL,7/15/2020,309.0,312.0,307.0,312.0,1.3,19086.0,467.0,314.2
MNBBL,7/16/2020,315.0,320.0,314.0,320.0,2.56,29521.0,467.0,314.2
MNBBL,7/19/2020,326.0,332.0,326.0,332.0,3.75,20.0,467.0,314.2
MNBBL,7/20/2020,348.0,365.0,335.0,346.0,4.22,135993.0,467.0,314.2
MNBBL,7/21/2020,363.0,363.0,340.0,344.0,-0.58,62375.0,467.0,314.2
MNBBL,7/22/2020,361.0,361.0,335.0,340.0,-1.16,35139.0,467.0,314.2
MNBBL,7/23/2020,335.0,340.0,334.0,339.0,-0.29,23555.0,467.0,314.2
MNBBL,7/26/2020,345.0,345.0,335.0,340.0,0.29,32550.0,467.0,314.2
MNBBL,7/27/2020,345.0,348.0,340.0,343.0,0.88,36603.0,467.0,314.2
MNBBL,7/28/2020,342.0,343.0,339.0,339.0,-1.17,20277.0,467.0,314.2
MNBBL,7/29/2020,335.0,340.0,334.0,335.0,-1.18,25209.0,467.0,314.2
MNBBL,7/30/2020,335.0,337.0,329.0,334.0,-0.3,18102.0,467.0,314.2
MNBBL,8/2/2020,334.0,335.0,320.0,320.0,-4.19,38282.0,467.0,314.2
MNBBL,8/3/2020,319.0,329.0,316.0,324.0,1.25,14911.0,467.0,314.2
MNBBL,8/5/2020,319.0,319.0,315.0,317.0,-2.16,24656.0,467.0,314.2
MNBBL,8/6/2020,332.0,332.0,311.0,317.0,0.0,12267.0,467.0,314.2
MNBBL,8/9/2020,314.0,320.0,311.0,320.0,0.95,12481.0,467.0,314.2
MNBBL,8/10/2020,322.0,332.0,322.0,328.0,2.5,25851.0,467.0,314.2
MNBBL,8/11/2020,334.0,337.0,325.0,328.0,0.0,15559.0,467.0,314.2
MNBBL,8/12/2020,334.0,334.0,323.0,327.0,-0.3,8797.0,467.0,314.2
MNBBL,8/13/2020,328.0,330.0,322.0,324.0,-0.92,9253.0,467.0,314.2
MNBBL,8/16/2020,318.0,320.0,307.0,319.0,-1.54,23810.0,467.0,314.2
MNBBL,8/17/2020,325.0,325.0,317.0,321.0,0.63,7538.0,467.0,314.2
MNBBL,8/18/2020,320.0,324.0,317.0,320.0,-0.31,15884.0,467.0,314.2
MNBBL,8/19/2020,316.0,320.0,311.0,318.0,-0.62,14515.0,467.0,314.2
MNBBL,8/20/2020,316.0,320.0,313.0,316.0,-0.63,10757.0,467.0,314.2
MNBBL,8/23/2020,322.0,322.0,314.0,318.0,0.63,8716.0,467.0,314.2
MNBBL,8/24/2020,320.0,325.0,320.0,323.0,1.57,17087.0,467.0,314.2
MNBBL,8/25/2020,328.0,329.0,317.0,325.0,0.62,25734.0,467.0,314.2
MNBBL,8/26/2020,328.0,333.0,323.0,329.0,1.23,33488.0,467.0,314.2
MNBBL,8/27/2020,335.0,335.0,326.0,327.0,-0.61,20066.0,467.0,314.2
MNBBL,8/30/2020,330.0,330.0,323.0,326.0,-0.31,7015.0,467.0,314.2
MNBBL,8/31/2020,326.0,329.0,323.0,325.0,-0.31,21058.0,467.0,314.2
MNBBL,9/2/2020,330.0,331.0,326.0,330.0,1.54,57562.0,467.0,314.2
MNBBL,9/3/2020,330.0,331.0,325.0,330.0,0.0,26360.0,467.0,314.2
MNBBL,9/6/2020,346.0,350.0,323.0,325.0,-1.52,45133.0,467.0,314.2
MNBBL,9/7/2020,315.0,332.0,315.0,321.0,-1.23,23514.0,467.0,314.2
MNBBL,9/8/2020,324.0,326.0,320.0,325.0,1.25,14703.0,467.0,314.2
MNBBL,9/9/2020,325.0,325.0,320.0,320.0,-1.54,30307.0,467.0,314.2
MNBBL,9/10/2020,320.0,340.0,320.0,327.0,2.19,41373.0,467.0,314.2
MNBBL,9/13/2020,329.0,332.0,326.0,329.0,0.61,32570.0,467.0,314.2
MNBBL,9/14/2020,340.0,340.0,328.0,330.0,0.3,27049.0,467.0,314.2
MNBBL,9/15/2020,335.0,335.0,328.0,328.0,-0.61,17457.0,467.0,314.2
MNBBL,9/16/2020,329.0,329.0,322.0,326.0,-0.61,16231.0,467.0,314.2
MNBBL,9/17/2020,316.0,335.0,316.0,330.0,1.23,65800.0,467.0,314.2
MNBBL,9/20/2020,346.0,346.0,333.0,334.0,1.21,33314.0,467.0,314.2
MNBBL,9/21/2020,331.0,337.0,331.0,335.0,0.3,27416.0,467.0,314.2
MNBBL,9/22/2020,351.0,351.0,327.0,328.0,-2.09,36102.0,467.0,314.2
MNBBL,9/23/2020,328.0,334.0,326.0,329.0,0.3,14586.0,467.0,314.2
MNBBL,9/24/2020,345.0,345.0,328.0,329.0,0.0,19179.0,467.0,314.2
MNBBL,9/27/2020,329.0,333.0,327.0,330.0,0.3,26227.0,467.0,314.2
MNBBL,9/28/2020,335.0,335.0,326.0,329.0,-0.3,17688.0,467.0,314.2
MNBBL,9/29/2020,330.0,330.0,326.0,327.0,-0.61,12023.0,467.0,314.2
MNBBL,9/30/2020,327.0,327.0,322.0,325.0,-0.61,31200.0,467.0,314.2
MNBBL,10/1/2020,326.0,336.0,325.0,333.0,2.46,48105.0,467.0,314.2
MNBBL,10/4/2020,339.0,340.0,332.0,334.0,0.3,25241.0,467.0,314.2
MNBBL,10/5/2020,335.0,335.0,330.0,331.0,-0.9,26809.0,467.0,314.2
MNBBL,10/6/2020,336.0,336.0,330.0,331.0,0.0,20585.0,467.0,314.2
MNBBL,10/7/2020,335.0,340.0,331.0,338.0,2.11,68565.0,467.0,314.2
MNBBL,10/8/2020,344.0,344.0,335.0,337.0,-0.3,74536.0,467.0,314.2
MNBBL,10/11/2020,336.0,339.0,333.0,335.0,-0.59,28456.0,467.0,314.2
MNBBL,10/12/2020,335.0,368.0,335.0,368.0,9.85,460478.0,467.0,314.2
MNBBL,10/13/2020,380.0,385.0,361.0,363.0,-1.36,228120.0,467.0,314.2
MNBBL,10/14/2020,364.0,364.0,352.0,354.0,-2.48,100142.0,467.0,314.2
MNBBL,10/15/2020,361.0,363.0,352.0,354.0,0.0,42504.0,467.0,314.2
MNBBL,10/18/2020,354.0,355.0,349.0,352.0,-0.56,36443.0,467.0,314.2
MNBBL,10/19/2020,359.0,365.0,351.0,357.0,1.42,54968.0,467.0,314.2
MNBBL,10/20/2020,360.0,361.0,354.0,360.0,0.84,41683.0,467.0,314.2
MNBBL,10/21/2020,364.0,365.0,359.0,361.0,0.28,64938.0,467.0,314.2
MNBBL,10/22/2020,364.0,365.0,363.0,363.0,0.55,59188.0,467.0,314.2
MNBBL,10/28/2020,368.0,376.0,365.0,375.0,3.31,69466.0,467.0,314.2
MNBBL,10/29/2020,380.0,380.0,365.0,368.0,-1.87,62086.0,467.0,314.2
MNBBL,11/1/2020,368.0,370.0,365.0,370.0,0.54,50589.0,467.0,314.2
MNBBL,11/2/2020,371.0,376.0,367.0,373.0,0.81,54697.0,467.0,314.2
MNBBL,11/3/2020,373.0,375.0,370.0,372.0,-0.27,49591.0,467.0,314.2
MNBBL,11/4/2020,373.0,374.0,370.0,370.0,-0.54,36288.0,467.0,314.2
MNBBL,11/5/2020,374.0,381.0,368.0,370.0,0.0,77911.0,467.0,314.2
MNBBL,11/8/2020,366.0,371.0,363.0,365.0,-1.35,48009.0,467.0,314.2
MNBBL,11/9/2020,370.0,371.0,359.0,359.0,-1.64,36326.0,467.0,314.2
MNBBL,11/10/2020,359.0,365.0,358.0,362.0,0.84,31273.0,467.0,314.2
MNBBL,11/11/2020,365.0,367.0,362.0,364.0,0.55,24081.0,467.0,314.2
MNBBL,11/12/2020,365.0,367.0,362.0,365.0,0.27,78699.0,467.0,314.2
MNBBL,11/18/2020,372.0,379.0,364.0,365.0,0.0,84496.0,467.0,314.2
MNBBL,11/19/2020,366.0,373.0,366.0,372.0,1.92,57395.0,467.0,314.2
MNBBL,11/22/2020,379.0,391.0,377.0,384.0,3.23,167875.0,467.0,314.2
MNBBL,11/23/2020,386.0,391.0,380.0,384.0,0.0,67099.0,467.0,314.2
MNBBL,11/24/2020,390.0,390.0,379.0,384.0,0.0,92033.0,467.0,314.2
MNBBL,11/25/2020,391.0,394.0,386.0,388.0,1.04,86967.0,467.0,314.2
MNBBL,11/26/2020,395.0,402.0,390.0,394.0,1.55,126163.0,467.0,314.2
MNBBL,11/29/2020,401.0,433.0,400.0,433.0,9.9,243407.0,467.0,314.2
MNBBL,11/30/2020,450.0,463.0,424.0,424.0,-2.08,235591.0,467.0,314.2
MNBBL,12/1/2020,445.0,445.0,405.0,414.0,-2.36,78914.0,467.0,314.2
MNBBL,12/2/2020,411.0,430.0,411.0,424.0,2.42,104591.0,467.0,314.2
MNBBL,12/3/2020,430.0,430.0,410.0,417.0,-1.65,92439.0,467.0,314.2
MNBBL,12/6/2020,415.0,415.0,397.0,397.0,-4.8,102819.0,467.0,314.2
MNBBL,12/7/2020,416.0,416.0,384.0,397.0,0.0,141839.0,467.0,314.2
MNBBL,12/8/2020,397.0,402.0,386.0,387.0,-2.52,72215.0,467.0,314.2
MNBBL,12/9/2020,386.0,386.0,375.0,378.0,-2.33,65891.0,467.0,314.2
MNBBL,12/10/2020,375.0,381.0,374.0,378.0,0.0,44388.0,467.0,314.2
MNBBL,12/13/2020,396.0,396.0,376.0,384.0,1.59,36240.0,467.0,314.2
MNBBL,12/14/2020,391.0,395.0,385.0,390.0,1.56,66136.0,467.0,314.2
MNBBL,12/15/2020,409.0,409.0,386.0,389.0,-0.26,38111.0,467.0,314.2
MNBBL,12/16/2020,408.0,408.0,385.0,387.0,-0.51,28641.0,467.0,314.2
MNBBL,12/17/2020,385.0,391.0,385.0,385.0,-0.52,54335.0,467.0,314.2
MNBBL,12/20/2020,382.0,389.0,369.0,372.0,-3.38,79778.0,467.0,314.2
MNBBL,12/21/2020,360.0,374.0,354.0,374.0,0.54,79095.0,467.0,314.2
MNBBL,12/22/2020,380.0,387.0,376.0,386.0,3.21,63405.0,467.0,314.2
MNBBL,12/23/2020,392.0,395.0,379.0,383.0,-0.78,39561.0,467.0,314.2
MNBBL,12/24/2020,385.0,387.0,375.0,380.0,-0.78,50181.0,467.0,314.2
MNBBL,12/27/2020,381.0,385.0,377.0,379.0,-0.26,110009.0,467.0,314.2
MNBBL,12/28/2020,341.0,345.0,328.0,336.0,-11.35,40200.0,467.0,314.2
MNBBL,12/29/2020,342.0,342.0,330.0,331.0,-1.49,29240.0,467.0,314.2
MNBBL,12/30/2020,315.0,341.0,315.0,332.0,0.3,30995.0,467.0,314.2
MNBBL,12/31/2020,329.0,338.0,327.0,335.0,0.9,38482.0,467.0,314.2
MNBBL,1/3/2021,340.0,349.0,337.0,349.0,4.18,83402.0,467.0,314.2
MNBBL,1/4/2021,352.0,366.0,345.0,349.0,0.0,58516.0,467.0,314.2
MNBBL,1/5/2021,350.0,355.0,345.0,346.0,-0.86,24486.0,467.0,314.2
MNBBL,1/6/2021,346.0,352.0,345.0,350.0,1.16,38788.0,467.0,314.2
MNBBL,1/7/2021,351.0,356.0,351.0,353.0,0.86,34261.0,467.0,314.2
MNBBL,1/10/2021,355.0,363.0,353.0,363.0,2.83,86786.0,467.0,314.2
MNBBL,1/11/2021,369.0,377.0,367.0,370.0,1.93,93022.0,467.0,314.2
MNBBL,1/12/2021,368.0,376.0,368.0,374.0,1.08,40094.0,467.0,314.2
MNBBL,1/13/2021,373.0,378.0,373.0,377.0,0.8,42477.0,467.0,314.2
MNBBL,1/17/2021,380.0,384.0,375.0,382.0,1.33,60754.0,467.0,314.2
MNBBL,1/18/2021,385.0,406.0,383.0,398.0,4.19,108718.0,467.0,314.2
MNBBL,1/19/2021,401.0,406.0,390.0,393.0,-1.26,87446.0,467.0,314.2
MNBBL,1/20/2021,390.0,391.0,384.0,386.0,-1.78,57192.0,467.0,314.2
MNBBL,1/21/2021,405.0,413.0,393.0,396.0,2.59,132533.0,467.0,314.2
MNBBL,1/24/2021,400.0,402.0,390.0,399.0,0.76,105355.0,467.0,314.2
MNBBL,1/25/2021,404.0,404.0,391.0,391.0,-2.01,64756.0,467.0,314.2
MNBBL,1/26/2021,390.0,394.0,387.0,388.0,-0.77,61427.0,467.0,314.2
MNBBL,1/27/2021,388.0,395.0,386.0,386.0,-0.52,47862.0,467.0,314.2
MNBBL,1/28/2021,389.0,392.0,381.0,383.0,-0.78,56579.0,467.0,314.2
MNBBL,1/31/2021,385.0,385.0,372.0,373.0,-2.61,42488.0,467.0,314.2
MNBBL,2/1/2021,374.0,394.0,367.0,387.0,3.75,75340.0,467.0,314.2
MNBBL,2/2/2021,390.0,397.0,387.0,390.0,0.78,71097.0,467.0,314.2
MNBBL,2/3/2021,390.0,396.0,385.0,387.0,-0.77,68446.0,467.0,314.2
MNBBL,2/4/2021,383.0,390.0,380.0,387.0,0.0,41113.0,467.0,314.2
MNBBL,2/7/2021,392.0,392.0,383.0,388.0,0.26,78158.0,467.0,314.2
MNBBL,2/8/2021,392.0,401.0,388.0,399.0,2.84,158941.0,467.0,314.2
MNBBL,2/9/2021,404.0,420.0,400.0,404.0,1.25,161906.0,467.0,314.2
MNBBL,2/10/2021,406.0,407.0,398.0,405.0,0.25,89476.0,467.0,314.2
MNBBL,2/11/2021,410.0,418.0,399.0,402.0,-0.74,99320.0,467.0,314.2
MNBBL,2/14/2021,403.0,410.0,395.0,402.0,0.0,67462.0,467.0,314.2
MNBBL,2/15/2021,410.0,412.0,403.0,406.0,1.0,78507.0,467.0,314.2
MNBBL,2/16/2021,410.0,418.0,409.0,413.0,1.72,119181.0,467.0,314.2
MNBBL,2/17/2021,415.0,420.0,404.0,410.0,-0.73,64059.0,467.0,314.2
MNBBL,2/18/2021,410.0,416.0,410.0,414.0,0.98,94821.0,467.0,314.2
MNBBL,2/21/2021,414.0,444.0,414.0,434.0,4.83,254744.0,467.0,314.2
MNBBL,2/22/2021,438.0,444.0,423.0,424.0,-2.3,166488.0,467.0,314.2
MNBBL,2/23/2021,429.0,429.0,407.0,418.0,-1.42,141298.0,467.0,314.2
MNBBL,2/24/2021,426.0,440.0,413.0,424.0,1.44,90788.0,467.0,314.2
MNBBL,2/25/2021,430.0,430.0,415.0,417.0,-1.65,74806.0,467.0,314.2
MNBBL,2/28/2021,413.0,415.0,401.0,403.0,-3.36,115139.0,467.0,314.2
MNBBL,3/1/2021,401.0,414.0,399.0,406.0,0.74,93320.0,467.0,314.2
MNBBL,3/2/2021,411.0,412.0,394.0,396.0,-2.46,74938.0,467.0,314.2
MNBBL,3/3/2021,377.0,398.0,377.0,391.0,-1.26,100386.0,467.0,314.2
MNBBL,3/4/2021,398.0,404.0,394.0,401.0,2.56,68099.0,467.0,314.2
MNBBL,3/7/2021,409.0,409.0,400.0,401.0,0.0,51961.0,467.0,314.2
MNBBL,3/9/2021,400.0,403.0,396.0,397.0,-1.0,26547.0,467.0,314.2
MNBBL,3/10/2021,404.0,404.0,393.0,395.0,-0.5,27705.0,467.0,314.2
MNBBL,3/14/2021,398.0,398.0,385.0,388.0,-1.77,42216.0,467.0,314.2
MNBBL,3/15/2021,393.0,393.0,382.0,385.0,-0.77,42168.0,467.0,314.2
MNBBL,3/16/2021,385.0,392.0,383.0,385.0,0.0,24915.0,467.0,314.2
MNBBL,3/17/2021,384.0,392.0,384.0,391.0,1.56,25549.0,467.0,314.2
MNBBL,3/18/2021,395.0,397.0,386.0,387.0,-1.02,79409.0,467.0,314.2
MNBBL,3/21/2021,390.0,400.0,390.0,397.0,2.58,46770.0,467.0,314.2
MNBBL,3/22/2021,416.0,416.0,395.0,395.0,-0.5,28041.0,467.0,314.2
MNBBL,3/23/2021,396.0,399.0,392.0,396.0,0.25,32254.0,467.0,314.2
MNBBL,3/24/2021,400.0,402.0,396.0,401.0,1.26,53553.0,467.0,314.2
MNBBL,3/25/2021,402.0,404.0,397.0,397.0,-1.0,39994.0,467.0,314.2
MNBBL,3/29/2021,403.0,403.0,396.0,396.0,-0.25,26762.0,467.0,314.2
MNBBL,3/30/2021,395.0,400.0,393.0,397.0,0.25,33173.0,467.0,314.2
MNBBL,3/31/2021,404.0,404.0,398.0,404.0,1.76,62301.0,467.0,314.2
MNBBL,4/1/2021,408.0,413.0,403.0,408.0,0.99,68797.0,467.0,314.2
MNBBL,4/4/2021,420.0,420.0,406.0,415.0,1.72,80306.0,467.0,314.2
MNBBL,4/5/2021,415.0,420.0,409.0,411.0,-0.96,41275.0,467.0,314.2
MNBBL,4/6/2021,414.0,418.0,408.0,411.0,0.0,37302.0,467.0,314.2
MNBBL,4/7/2021,410.0,415.0,410.0,412.0,0.24,46669.0,467.0,314.2
MNBBL,4/8/2021,410.0,415.0,410.0,412.0,0.0,41209.0,467.0,314.2
MNBBL,4/12/2021,432.0,432.0,413.0,418.0,1.46,83115.0,467.0,314.2
MNBBL,4/13/2021,417.0,433.0,416.0,431.0,3.11,134782.0,467.0,314.2
MNBBL,4/15/2021,436.0,455.0,430.0,447.0,3.71,198162.0,467.0,314.2
MNBBL,4/18/2021,425.0,458.0,425.0,440.0,-1.57,183073.0,467.0,314.2
MNBBL,4/19/2021,448.0,448.0,430.0,434.0,-1.36,103424.0,467.0,314.2
MNBBL,4/20/2021,445.0,451.0,437.0,446.0,2.76,233597.0,467.0,314.2
MNBBL,4/21/2021,450.0,455.0,435.0,439.0,-1.57,106613.0,467.0,314.2
MNBBL,4/22/2021,460.0,460.0,430.0,439.0,0.0,90181.0,467.0,314.2
MNBBL,4/25/2021,440.0,444.0,424.0,426.0,-2.96,113404.0,467.0,314.2
MNBBL,4/26/2021,421.0,425.0,409.0,411.0,-3.52,113897.0,467.0,314.2
MNBBL,4/27/2021,410.0,430.0,410.0,430.0,4.62,77072.0,467.0,314.2
MNBBL,4/28/2021,435.0,435.0,420.0,429.0,-0.23,38807.0,467.0,314.2
MNBBL,4/29/2021,429.0,435.0,422.0,434.0,1.17,30629.0,467.0,314.2
MNBBL,5/2/2021,436.0,441.0,427.0,439.0,1.15,63640.0,467.0,314.2
MNBBL,5/3/2021,446.0,446.0,429.0,432.0,-1.59,55041.0,467.0,314.2
MNBBL,5/4/2021,437.0,437.0,428.0,429.0,-0.69,35112.0,467.0,314.2
MNBBL,5/5/2021,428.0,432.0,426.0,428.0,-0.23,40543.0,467.0,314.2
MNBBL,5/6/2021,428.0,429.0,423.0,426.0,-0.47,52034.0,467.0,314.2
MNBBL,5/9/2021,447.0,447.0,420.0,423.0,-0.7,41896.0,467.0,314.2
MNBBL,5/10/2021,423.0,430.0,421.0,429.0,1.42,27964.0,467.0,314.2
MNBBL,5/11/2021,432.0,432.0,428.0,430.0,0.23,30064.0,467.0,314.2
MNBBL,5/12/2021,435.0,435.0,427.0,430.0,0.0,19288.0,467.0,314.2
MNBBL,5/13/2021,430.0,444.0,427.0,437.0,1.63,100723.0,467.0,314.2
MNBBL,5/16/2021,450.0,450.0,441.0,448.0,2.52,103870.0,467.0,314.2
MNBBL,5/17/2021,450.0,455.0,441.0,447.0,-0.22,90156.0,467.0,314.2
MNBBL,5/18/2021,447.0,456.0,447.0,455.0,1.79,156008.0,467.0,314.2
MNBBL,5/19/2021,458.0,458.0,446.0,451.0,-0.88,105483.0,467.0,314.2
MNBBL,5/20/2021,455.0,462.0,450.0,461.0,2.22,150510.0,467.0,314.2
MNBBL,5/23/2021,460.0,502.0,444.0,496.0,7.59,395201.0,467.0,314.2
MNBBL,5/24/2021,510.0,510.0,485.0,489.0,-1.41,218625.0,467.0,314.2
MNBBL,5/25/2021,490.0,492.0,478.0,480.0,-1.84,134359.0,467.0,314.2
MNBBL,5/27/2021,470.0,505.0,462.0,495.0,3.12,229003.0,467.0,314.2
MNBBL,5/30/2021,500.0,537.0,498.0,528.0,6.67,354716.0,467.0,314.2
MNBBL,5/31/2021,535.0,545.0,511.0,515.0,-2.46,195702.0,467.0,314.2
MNBBL,6/1/2021,510.0,522.0,504.0,510.0,-0.97,147173.0,467.0,314.2
MNBBL,6/2/2021,535.0,543.0,508.0,536.0,5.1,281942.0,467.0,314.2
MNBBL,6/3/2021,546.0,580.0,542.0,566.0,5.6,401847.0,467.0,314.2
MNBBL,6/6/2021,580.0,599.0,570.0,590.0,4.24,330025.0,467.0,314.2
MNBBL,6/7/2021,599.0,635.0,570.0,630.0,6.78,542454.0,467.0,314.2
MNBBL,6/8/2021,650.0,693.0,645.0,693.0,10.0,419243.0,467.0,314.2
MNBBL,6/9/2021,700.0,728.0,654.0,667.0,-3.75,446185.0,467.0,314.2
MNBBL,6/10/2021,667.0,690.0,650.0,673.0,0.9,320422.0,467.0,314.2
MNBBL,6/13/2021,673.0,730.0,673.0,723.0,7.43,473398.0,467.0,314.2
MNBBL,6/14/2021,745.0,745.0,707.0,719.0,-0.55,294290.0,467.0,314.2
MNBBL,6/15/2021,719.0,725.0,690.0,697.0,-3.06,326288.0,467.0,314.2
MNBBL,6/16/2021,698.0,700.0,660.0,670.0,-3.87,248595.0,467.0,314.2
MNBBL,6/17/2021,670.0,690.0,655.0,684.0,2.09,202788.0,467.0,314.2
MNBBL,6/20/2021,692.0,692.0,642.0,655.0,-4.24,234792.0,467.0,314.2
MNBBL,6/21/2021,660.0,665.0,620.0,623.0,-4.89,254148.0,467.0,314.2
MNBBL,6/22/2021,650.0,660.0,615.0,660.0,5.94,202277.0,467.0,314.2
MNBBL,6/23/2021,666.0,670.0,631.0,635.0,-3.79,140071.0,467.0,314.2
MNBBL,6/24/2021,625.0,639.0,613.0,624.0,-1.73,161712.0,467.0,314.2
MNBBL,6/27/2021,624.0,633.0,602.0,620.0,-0.64,97503.0,467.0,314.2
MNBBL,6/28/2021,632.0,632.0,613.0,614.0,-0.97,54577.0,467.0,314.2
MNBBL,6/29/2021,620.0,620.0,594.0,598.0,-2.61,128805.0,467.0,314.2
MNBBL,6/30/2021,598.0,626.0,570.0,621.0,3.85,189295.0,467.0,314.2
MNBBL,7/1/2021,640.0,642.0,618.0,632.0,1.77,149039.0,467.0,314.2
MNBBL,7/4/2021,632.0,639.0,620.0,623.0,-1.42,75690.0,467.0,314.2
MNBBL,7/5/2021,620.0,620.0,606.0,608.0,-2.41,62143.0,467.0,314.2
MNBBL,7/6/2021,602.0,618.0,602.0,610.0,0.33,36689.0,467.0,314.2
MNBBL,7/7/2021,610.0,622.0,610.0,614.0,0.66,44136.0,467.0,314.2
MNBBL,7/8/2021,614.0,627.0,611.0,625.0,1.79,62935.0,467.0,314.2
MNBBL,7/11/2021,656.0,669.0,631.0,663.0,6.08,142556.0,467.0,314.2
MNBBL,7/12/2021,663.0,680.0,640.0,653.0,-1.51,157746.0,467.0,314.2
MNBBL,7/13/2021,655.0,669.0,644.0,662.0,1.38,59538.0,467.0,314.2
MNBBL,7/14/2021,670.0,671.0,651.0,659.0,-0.45,46601.0,467.0,314.2
MNBBL,7/15/2021,662.0,668.0,657.0,657.0,-0.3,69027.0,467.0,314.2
MNBBL,7/18/2021,670.0,685.0,670.0,680.9,3.64,126539.0,467.0,314.2
MNBBL,7/19/2021,690.0,700.0,680.0,686.0,0.75,105448.0,467.0,314.2
MNBBL,7/20/2021,687.0,693.0,676.3,680.0,-0.87,56675.0,467.0,314.2
MNBBL,7/22/2021,692.0,692.0,682.0,683.0,0.44,70887.0,467.0,314.2
MNBBL,7/25/2021,692.0,696.0,683.1,690.0,1.02,91519.0,467.0,314.2
MNBBL,7/26/2021,690.0,699.0,686.0,696.0,0.87,110105.0,467.0,314.2
MNBBL,7/27/2021,682.1,693.0,671.0,693.0,-0.43,84333.0,467.0,314.2
MNBBL,7/28/2021,694.5,700.0,690.0,691.7,-0.19,58861.0,467.0,314.2
MNBBL,7/29/2021,695.0,699.0,685.0,685.0,-0.97,60233.0,467.0,314.2
MNBBL,8/1/2021,693.0,696.0,686.0,686.0,0.15,60028.0,467.0,314.2
MNBBL,8/2/2021,695.0,695.0,680.0,682.0,-0.58,63532.0,467.0,314.2
MNBBL,8/3/2021,690.0,690.0,677.0,681.9,-0.01,58082.0,467.0,314.2
MNBBL,8/4/2021,685.0,691.0,681.0,687.0,0.75,69772.0,467.0,314.2
MNBBL,8/5/2021,689.0,724.0,683.0,700.0,1.89,171968.0,467.0,314.2
MNBBL,8/8/2021,714.0,716.8,700.0,701.6,0.23,110858.0,467.0,314.2
MNBBL,8/9/2021,709.0,710.0,692.0,694.0,-1.08,61794.0,467.0,314.2
MNBBL,8/10/2021,705.0,749.0,697.0,735.0,5.91,372361.0,467.0,314.2
MNBBL,8/11/2021,740.0,775.0,725.0,730.0,-0.68,165724.0,467.0,314.2
MNBBL,8/12/2021,730.0,780.0,729.0,774.0,6.03,441188.0,467.0,314.2
MNBBL,8/15/2021,775.0,779.1,740.0,761.0,-1.68,352722.0,467.0,314.2
MNBBL,8/16/2021,770.0,780.0,749.0,758.0,-0.39,146819.0,467.0,314.2
MNBBL,8/17/2021,768.0,801.0,753.0,796.0,5.01,431589.0,467.0,314.2
MNBBL,8/18/2021,810.0,850.0,783.0,834.0,4.77,378552.0,467.0,314.2
MNBBL,8/19/2021,835.0,849.0,800.0,810.0,-2.88,250797.0,467.0,314.2
MNBBL,8/24/2021,824.0,825.0,780.0,781.0,-3.58,231910.0,467.0,314.2
MNBBL,8/25/2021,780.0,780.0,751.0,765.0,-2.05,163046.0,467.0,314.2
MNBBL,8/26/2021,765.0,794.0,756.5,781.0,2.09,191094.0,467.0,314.2
MNBBL,8/29/2021,791.0,796.0,766.4,770.0,-1.41,178178.0,467.0,314.2
MNBBL,8/31/2021,769.9,770.0,740.0,748.0,-2.86,206098.0,467.0,314.2
MNBBL,9/1/2021,755.0,770.0,740.0,740.2,-1.04,140658.0,467.0,314.2
MNBBL,9/2/2021,740.0,750.0,715.0,721.0,-2.59,130650.0,467.0,314.2
MNBBL,9/5/2021,710.0,719.0,671.3,689.0,-4.44,221717.0,467.0,314.2
MNBBL,9/6/2021,680.0,757.9,676.0,757.9,10.0,192396.0,467.0,314.2
MNBBL,9/7/2021,773.0,773.0,725.0,741.0,-2.23,113245.0,467.0,314.2
MNBBL,9/8/2021,753.0,753.0,710.0,710.2,-4.16,88712.0,467.0,314.2
MNBBL,9/9/2021,720.0,723.8,700.0,710.0,-0.03,77874.0,467.0,314.2
MNBBL,9/12/2021,715.0,744.0,701.0,739.0,4.08,134330.0,467.0,314.2
MNBBL,9/13/2021,753.7,764.0,734.0,738.0,-0.14,140576.0,467.0,314.2
MNBBL,9/14/2021,738.0,762.0,727.0,734.0,-0.54,63816.0,467.0,314.2
MNBBL,9/15/2021,748.0,748.0,721.0,725.0,-1.23,63917.0,467.0,314.2
MNBBL,9/16/2021,725.0,725.0,695.2,705.0,-2.76,187789.0,467.0,314.2
MNBBL,9/20/2021,700.0,705.0,662.0,669.0,-5.11,162387.0,467.0,314.2
MNBBL,9/21/2021,669.0,704.0,635.0,673.0,0.6,138857.0,467.0,314.2
MNBBL,9/22/2021,686.0,720.1,685.0,719.0,6.84,110988.0,467.0,314.2
MNBBL,9/23/2021,730.0,744.0,705.0,710.0,-1.25,103201.0,467.0,314.2
MNBBL,9/26/2021,722.0,735.0,703.0,706.0,-0.56,101054.0,467.0,314.2
MNBBL,9/27/2021,706.0,710.0,681.1,685.0,-2.97,62161.0,467.0,314.2
MNBBL,9/28/2021,685.0,690.0,652.0,661.9,-3.37,105702.0,467.0,314.2
MNBBL,9/29/2021,675.0,680.0,640.0,679.9,2.72,92397.0,467.0,314.2
MNBBL,9/30/2021,693.4,693.4,665.0,665.1,-2.18,52831.0,467.0,314.2
MNBBL,10/3/2021,669.0,671.0,651.0,657.0,-1.22,56671.0,467.0,314.2
MNBBL,10/4/2021,643.9,664.0,640.0,649.1,-1.2,47683.0,467.0,314.2
MNBBL,10/5/2021,636.2,670.0,636.2,667.0,2.76,38287.0,467.0,314.2
MNBBL,10/6/2021,679.9,693.0,670.0,688.0,3.15,47823.0,467.0,314.2
MNBBL,10/10/2021,701.7,714.9,688.0,689.6,0.23,74232.0,467.0,314.2
MNBBL,10/11/2021,690.0,693.6,671.0,689.9,0.04,35639.0,467.0,314.2
MNBBL,10/17/2021,702.0,705.0,686.0,699.2,1.35,21841.0,467.0,314.2
MNBBL,10/18/2021,688.0,693.0,660.0,670.0,-4.18,63601.0,467.0,314.2
MNBBL,10/19/2021,670.0,670.0,640.0,649.0,-3.13,63783.0,467.0,314.2
MNBBL,10/20/2021,661.9,679.9,650.0,665.0,2.47,29987.0,467.0,314.2
MNBBL,10/21/2021,674.0,674.0,650.0,656.0,-1.35,34654.0,467.0,314.2
MNBBL,10/24/2021,656.1,669.1,656.0,662.9,1.05,22185.0,467.0,314.2
MNBBL,10/25/2021,676.1,695.0,666.0,692.5,4.47,63030.0,467.0,314.2
MNBBL,10/26/2021,706.0,724.0,703.5,716.9,3.52,83742.0,467.0,314.2
MNBBL,10/27/2021,720.0,731.0,700.7,717.0,0.01,84214.0,467.0,314.2
MNBBL,10/28/2021,723.0,723.0,705.0,712.0,-0.7,48850.0,467.0,314.2
MNBBL,10/31/2021,726.2,741.0,726.2,738.0,3.65,133514.0,467.0,314.2
MNBBL,11/1/2021,749.0,760.0,730.0,738.0,0.0,130909.0,467.0,314.2
MNBBL,11/2/2021,743.0,759.7,725.0,752.0,1.9,104597.0,467.0,314.2
MNBBL,11/3/2021,767.0,767.0,744.0,744.0,-1.06,66013.0,467.0,314.2
MNBBL,11/8/2021,746.0,748.0,732.0,732.0,-1.61,31754.0,467.0,314.2
MNBBL,11/9/2021,730.0,735.0,704.0,708.0,-3.28,100145.0,467.0,314.2
MNBBL,11/11/2021,705.0,705.0,681.0,688.0,-2.82,83884.0,467.0,314.2
MNBBL,11/14/2021,692.0,714.0,679.0,705.0,2.47,56570.0,467.0,314.2
MNBBL,11/15/2021,718.0,730.0,708.0,725.0,2.84,69051.0,467.0,314.2
MNBBL,11/16/2021,736.9,736.9,713.5,729.0,0.55,53416.0,467.0,314.2
MNBBL,11/17/2021,729.0,741.0,725.0,727.0,-0.27,92039.0,467.0,314.2
MNBBL,11/18/2021,725.0,733.0,715.0,715.9,-1.53,63986.0,467.0,314.2
MNBBL,11/21/2021,715.9,727.0,712.0,714.0,-0.27,27797.0,467.0,314.2
MNBBL,11/22/2021,728.0,728.0,707.1,711.0,-0.42,53642.0,467.0,314.2
MNBBL,11/23/2021,711.0,714.0,696.0,699.0,-1.69,54959.0,467.0,314.2
MNBBL,11/24/2021,699.0,711.0,685.0,704.0,0.72,56649.0,467.0,314.2
MNBBL,11/25/2021,711.0,715.0,694.0,695.0,-1.28,49431.0,467.0,314.2
MNBBL,11/28/2021,687.0,697.0,666.0,672.0,-3.31,96723.0,467.0,314.2
MNBBL,11/29/2021,685.0,690.0,661.0,666.0,-0.89,77069.0,467.0,314.2
MNBBL,11/30/2021,678.0,680.0,666.1,672.1,0.92,111407.0,467.0,314.2
MNBBL,12/1/2021,569.7,575.0,557.0,558.0,-16.98,111382.0,467.0,314.2
MNBBL,12/2/2021,555.0,561.0,527.0,533.0,-4.48,71321.0,467.0,314.2
MNBBL,12/5/2021,532.0,532.0,500.0,500.0,-6.19,93752.0,467.0,314.2
MNBBL,12/6/2021,500.0,515.0,480.0,510.0,2.0,91114.0,467.0,314.2
MNBBL,12/7/2021,520.0,534.0,505.0,507.0,-0.59,64020.0,467.0,314.2
MNBBL,12/8/2021,505.0,512.0,492.0,493.5,-2.66,46602.0,467.0,314.2
MNBBL,12/9/2021,494.0,500.8,484.0,493.0,-0.1,42832.0,467.0,314.2
MNBBL,12/12/2021,495.0,495.0,460.0,460.0,-6.69,63414.0,467.0,314.2
MNBBL,12/13/2021,450.8,468.0,430.0,447.0,-2.83,82877.0,467.0,314.2
MNBBL,12/14/2021,453.9,484.0,450.0,484.0,8.28,30276.0,467.0,314.2
MNBBL,12/15/2021,493.0,523.0,476.0,495.0,2.27,98353.0,467.0,314.2
MNBBL,12/16/2021,503.0,503.0,480.0,484.0,-2.22,37932.0,467.0,314.2
MNBBL,12/20/2021,493.6,493.6,463.0,470.7,-2.75,25936.0,467.0,314.2
MNBBL,12/21/2021,480.0,487.3,472.0,485.0,3.04,24016.0,467.0,314.2
MNBBL,12/22/2021,494.7,507.0,490.0,503.5,3.81,52433.0,467.0,314.2
MNBBL,12/23/2021,513.5,513.5,490.0,499.0,-0.89,57937.0,467.0,314.2
MNBBL,12/26/2021,507.9,515.0,500.0,509.0,2.0,68510.0,467.0,314.2
MNBBL,12/27/2021,512.0,513.0,492.1,493.0,-3.14,80363.0,467.0,314.2
MNBBL,12/28/2021,502.8,502.8,484.2,497.0,0.81,30685.0,467.0,314.2
MNBBL,12/29/2021,498.0,502.0,494.0,495.0,-0.4,17723.0,467.0,314.2
MNBBL,1/2/2022,504.9,512.0,495.0,510.0,3.03,47768.0,467.0,314.2
MNBBL,1/3/2022,520.2,524.0,510.0,515.0,0.98,36360.0,467.0,314.2
MNBBL,1/4/2022,515.0,532.0,510.0,530.0,2.91,82464.0,467.0,314.2
MNBBL,1/5/2022,530.0,547.8,522.5,528.0,-0.38,83036.0,467.0,314.2
MNBBL,1/6/2022,525.0,536.0,525.0,536.0,1.52,48131.0,467.0,314.2
MNBBL,1/9/2022,545.0,570.0,540.1,565.1,5.43,85089.0,467.0,314.2
MNBBL,1/10/2022,575.0,586.0,560.0,566.0,0.16,77678.0,467.0,314.2
MNBBL,1/11/2022,570.0,580.0,567.0,576.0,1.77,78332.0,467.0,314.2
MNBBL,1/12/2022,582.0,587.0,555.0,560.0,-2.78,92532.0,467.0,314.2
MNBBL,1/13/2022,560.0,579.5,550.1,579.2,3.43,64826.0,467.0,314.2
MNBBL,1/16/2022,590.7,603.0,585.5,590.1,1.88,84669.0,467.0,314.2
MNBBL,1/17/2022,599.0,599.0,582.1,590.0,-0.02,52050.0,467.0,314.2
MNBBL,1/18/2022,595.0,595.0,571.5,577.0,-2.2,60309.0,467.0,314.2
MNBBL,1/19/2022,588.5,588.5,567.5,569.0,-1.39,59068.0,467.0,314.2
MNBBL,1/20/2022,569.0,582.9,563.0,582.0,2.28,63604.0,467.0,314.2
MNBBL,1/23/2022,585.0,596.0,573.0,577.0,-0.86,61431.0,467.0,314.2
MNBBL,1/24/2022,588.5,588.5,550.1,554.0,-3.99,97847.0,467.0,314.2
MNBBL,1/25/2022,565.0,565.0,547.0,550.0,-0.72,53745.0,467.0,314.2
MNBBL,1/26/2022,550.0,555.0,540.0,547.5,-0.45,52983.0,467.0,314.2
MNBBL,1/27/2022,558.0,558.0,540.0,543.0,-0.82,39083.0,467.0,314.2
MNBBL,1/30/2022,553.8,577.0,553.8,568.5,4.7,64898.0,467.0,314.2
MNBBL,1/31/2022,579.0,579.0,558.2,559.1,-1.65,43679.0,467.0,314.2
MNBBL,2/1/2022,570.0,570.0,555.0,567.9,1.57,31014.0,467.0,314.2
MNBBL,2/3/2022,569.9,579.0,560.0,560.0,-1.39,50855.0,467.0,314.2
MNBBL,2/6/2022,556.0,565.0,551.2,551.3,-1.55,27432.0,467.0,314.2
MNBBL,2/7/2022,562.0,562.3,546.0,556.0,0.85,24275.0,467.0,314.2
MNBBL,2/8/2022,567.1,577.0,546.9,552.0,-0.72,38384.0,467.0,314.2
MNBBL,2/9/2022,550.0,554.0,542.0,544.0,-1.45,26283.0,467.0,314.2
MNBBL,2/10/2022,548.0,552.0,540.0,540.0,-0.74,21266.0,467.0,314.2
MNBBL,2/13/2022,530.0,535.0,521.0,522.0,-3.33,52704.0,467.0,314.2
MNBBL,2/14/2022,522.0,542.0,521.0,525.0,0.57,23978.0,467.0,314.2
MNBBL,2/15/2022,525.9,534.0,518.5,534.0,1.71,45892.0,467.0,314.2
MNBBL,2/16/2022,525.0,540.0,523.5,525.0,-1.69,30933.0,467.0,314.2
MNBBL,2/17/2022,525.0,530.0,520.2,522.4,-0.5,19173.0,467.0,314.2
MNBBL,2/20/2022,515.5,517.9,500.0,511.0,-2.18,50599.0,467.0,314.2
MNBBL,2/21/2022,515.0,520.0,510.0,514.0,0.59,23198.0,467.0,314.2
MNBBL,2/22/2022,520.0,530.0,517.0,527.0,2.53,47300.0,467.0,314.2
MNBBL,2/23/2022,525.0,534.0,520.0,520.0,-1.33,21637.0,467.0,314.2
MNBBL,2/24/2022,530.4,530.4,509.0,510.0,-1.92,44932.0,467.0,314.2
MNBBL,2/27/2022,510.0,515.0,502.0,506.0,-0.78,36877.0,467.0,314.2
MNBBL,2/28/2022,516.0,525.9,499.0,499.0,-1.38,48427.0,467.0,314.2
MNBBL,3/2/2022,493.0,497.0,481.0,481.0,-3.61,40280.0,467.0,314.2
MNBBL,3/6/2022,488.0,493.9,479.3,488.0,1.46,35184.0,467.0,314.2
MNBBL,3/7/2022,490.0,495.0,485.0,485.5,-0.51,33214.0,467.0,314.2
MNBBL,3/9/2022,488.0,494.0,471.8,472.0,-2.78,43611.0,467.0,314.2
MNBBL,3/10/2022,473.0,488.5,466.0,488.0,3.39,39008.0,467.0,314.2
MNBBL,3/13/2022,495.0,525.0,495.0,520.0,6.56,62273.0,467.0,314.2
MNBBL,3/14/2022,530.0,530.0,512.0,525.0,0.96,14335.0,467.0,314.2
MNBBL,3/15/2022,525.5,528.0,513.1,518.0,-1.33,42888.0,467.0,314.2
MNBBL,3/16/2022,523.9,524.0,510.0,510.5,-1.45,26906.0,467.0,314.2
MNBBL,3/20/2022,515.0,520.0,498.0,504.9,-1.1,31720.0,467.0,314.2
MNBBL,3/21/2022,505.0,516.0,499.0,514.9,1.98,31870.0,467.0,314.2
MNBBL,3/22/2022,516.0,525.0,516.0,520.1,1.01,26585.0,467.0,314.2
MNBBL,3/23/2022,520.0,520.0,511.0,514.9,-1.0,14125.0,467.0,314.2
MNBBL,3/24/2022,505.0,518.0,505.0,509.0,-1.15,30174.0,467.0,314.2
MNBBL,3/27/2022,519.1,519.1,495.0,496.5,-2.46,39347.0,467.0,314.2
MNBBL,3/28/2022,496.2,502.8,489.0,490.0,-1.31,31456.0,467.0,314.2
MNBBL,3/29/2022,490.0,499.5,484.0,484.0,-1.22,36772.0,467.0,314.2
MNBBL,3/30/2022,493.5,496.0,484.0,492.0,1.65,37404.0,467.0,314.2
MNBBL,3/31/2022,500.0,501.8,489.0,490.0,-0.41,19705.0,467.0,314.2
MNBBL,4/3/2022,499.0,499.0,484.0,485.0,-1.02,14689.0,467.0,314.2
MNBBL,4/4/2022,494.7,494.7,478.0,486.0,0.21,23912.0,467.0,314.2
MNBBL,4/5/2022,495.7,495.7,470.4,476.0,-2.06,39874.0,467.0,314.2
MNBBL,4/6/2022,476.0,482.0,464.1,468.0,-1.68,46535.0,467.0,314.2
MNBBL,4/7/2022,468.0,475.9,465.0,472.0,0.85,28336.0,467.0,314.2
MNBBL,4/11/2022,481.0,491.0,467.1,468.0,-0.85,28090.0,467.0,314.2
MNBBL,4/12/2022,465.5,467.0,460.0,463.0,-1.07,21940.0,467.0,314.2
MNBBL,4/13/2022,464.0,470.0,459.0,470.0,1.51,24610.0,467.0,314.2
MNBBL,4/17/2022,479.4,479.4,460.6,464.0,-1.28,19346.0,467.0,314.2
MNBBL,4/18/2022,458.1,470.0,454.9,460.1,-0.84,22334.0,467.0,314.2
MNBBL,4/19/2022,469.0,469.0,451.0,462.9,0.61,18029.0,467.0,314.2
MNBBL,4/20/2022,472.1,480.0,456.0,458.0,-1.06,24050.0,467.0,314.2
MNBBL,4/21/2022,467.1,467.1,450.9,463.0,1.09,22960.0,467.0,314.2
MNBBL,4/24/2022,472.2,490.9,463.0,489.0,5.62,40295.0,467.0,314.2
MNBBL,4/25/2022,492.0,495.0,481.0,486.2,-0.57,25620.0,467.0,314.2
MNBBL,4/26/2022,480.0,489.9,476.5,479.9,-1.3,13641.0,467.0,314.2
MNBBL,4/27/2022,479.9,487.0,473.0,485.0,1.06,22611.0,467.0,314.2
MNBBL,4/28/2022,494.7,494.7,480.0,480.1,-1.01,15546.0,467.0,314.2
MNBBL,5/2/2022,480.0,482.0,466.0,466.0,-2.94,22516.0,467.0,314.2
MNBBL,5/4/2022,475.3,475.3,455.0,458.0,-1.72,20312.0,467.0,314.2
MNBBL,5/5/2022,460.0,460.0,447.0,450.0,-1.75,38787.0,467.0,314.2
MNBBL,5/8/2022,445.0,452.0,442.0,452.0,0.44,21632.0,467.0,314.2
MNBBL,5/9/2022,461.0,465.0,452.0,455.0,0.66,29150.0,467.0,314.2
MNBBL,5/10/2022,459.0,468.1,453.0,466.1,2.44,16137.0,467.0,314.2
MNBBL,5/11/2022,467.0,493.0,467.0,488.0,4.7,35182.0,467.0,314.2
MNBBL,5/12/2022,489.0,496.0,482.0,483.0,-1.02,22235.0,467.0,314.2
MNBBL,5/17/2022,483.0,483.0,466.1,468.0,-3.11,16095.0,467.0,314.2
MNBBL,5/18/2022,475.0,475.0,451.1,469.0,0.21,20732.0,467.0,314.2
MNBBL,5/19/2022,469.0,476.0,461.2,461.3,-1.64,10784.0,467.0,314.2
MNBBL,5/20/2022,463.0,470.0,453.0,458.0,-0.72,22661.0,467.0,314.2
MNBBL,5/23/2022,467.1,467.1,445.0,448.0,-2.18,26198.0,467.0,314.2
MNBBL,5/24/2022,456.9,459.8,440.0,456.9,1.99,18129.0,467.0,314.2
MNBBL,5/25/2022,466.0,467.0,458.0,459.0,0.46,20374.0,467.0,314.2
MNBBL,5/26/2022,468.1,468.1,459.0,460.5,0.33,7704.0,467.0,314.2
MNBBL,5/27/2022,469.5,469.5,455.1,459.0,-0.33,17671.0,467.0,314.2
MNBBL,5/30/2022,468.1,468.1,450.6,452.0,-1.53,21202.0,467.0,314.2
MNBBL,5/31/2022,447.0,456.0,445.1,447.0,-1.11,27908.0,467.0,314.2
MNBBL,6/1/2022,443.4,458.0,443.4,446.5,-0.11,17993.0,467.0,314.2
MNBBL,6/2/2022,455.0,455.0,443.0,445.0,-0.34,14413.0,467.0,314.2
MNBBL,6/3/2022,453.9,453.9,435.0,437.0,-1.8,32118.0,467.0,314.2
MNBBL,6/6/2022,445.0,450.0,432.2,439.0,0.46,25214.0,467.0,314.2
MNBBL,6/7/2022,443.0,447.0,432.0,433.0,-1.37,13990.0,467.0,314.2
MNBBL,6/8/2022,435.0,449.7,433.0,445.0,2.77,26168.0,467.0,314.2
MNBBL,6/9/2022,450.0,452.0,440.0,440.0,-1.12,19071.0,467.0,314.2
MNBBL,6/10/2022,432.3,441.0,432.3,436.2,-0.86,6978.0,467.0,314.2
MNBBL,6/13/2022,436.0,437.2,430.0,435.0,-0.28,10715.0,467.0,314.2
MNBBL,6/14/2022,428.1,436.6,423.0,427.4,-1.75,27682.0,467.0,314.2
MNBBL,6/15/2022,435.9,435.9,412.0,420.0,-1.73,33502.0,467.0,314.2
MNBBL,6/16/2022,415.0,433.0,415.0,422.0,0.48,7407.0,467.0,314.2
MNBBL,6/17/2022,423.0,430.0,420.0,422.0,0.0,6214.0,467.0,314.2
MNBBL,6/19/2022,420.0,424.0,404.0,404.0,-4.27,31597.0,467.0,314.2
MNBBL,6/20/2022,401.0,406.0,390.0,390.0,-3.47,49385.0,467.0,314.2
MNBBL,6/21/2022,390.0,405.0,386.0,400.0,2.56,27385.0,467.0,314.2
MNBBL,6/22/2022,406.0,406.0,390.0,395.0,-1.25,22711.0,467.0,314.2
MNBBL,6/23/2022,390.5,390.5,380.0,383.0,-3.04,22168.0,467.0,314.2
MNBBL,6/24/2022,380.0,398.0,368.0,394.0,2.87,28844.0,467.0,314.2
MNBBL,6/26/2022,401.8,428.0,401.8,427.0,8.38,41591.0,467.0,314.2
MNBBL,6/27/2022,430.0,438.0,409.0,413.0,-3.28,52222.0,467.0,314.2
MNBBL,6/28/2022,406.0,413.0,404.1,405.2,-1.89,15163.0,467.0,314.2
MNBBL,6/29/2022,410.0,420.0,398.0,418.5,3.28,26661.0,467.0,314.2
MNBBL,6/30/2022,425.0,443.0,420.0,441.0,5.38,51377.0,467.0,314.2
MNBBL,7/1/2022,441.0,449.0,430.0,435.0,-1.36,35493.0,467.0,314.2
MNBBL,7/3/2022,430.0,444.0,430.0,443.0,1.84,42040.0,467.0,314.2
MNBBL,7/4/2022,450.0,461.0,430.2,441.0,-0.45,67813.0,467.0,314.2
MNBBL,7/5/2022,443.0,451.8,427.4,430.0,-2.49,47442.0,467.0,314.2
MNBBL,7/6/2022,423.2,436.0,415.0,435.9,1.37,31223.0,467.0,314.2
MNBBL,7/7/2022,437.0,447.7,429.0,432.0,-0.89,30057.0,467.0,314.2
MNBBL,7/8/2022,425.0,430.0,422.0,424.0,-1.85,15759.0,467.0,314.2
MNBBL,7/11/2022,416.0,421.0,406.0,410.2,-3.25,43026.0,467.0,314.2
MNBBL,7/12/2022,410.1,425.0,403.1,409.0,-0.29,35795.0,467.0,314.2
MNBBL,7/13/2022,417.1,433.4,413.0,433.4,5.97,43129.0,467.0,314.2
MNBBL,7/14/2022,435.0,450.0,430.0,437.7,0.99,38577.0,467.0,314.2
MNBBL,7/15/2022,437.8,441.6,429.0,439.9,0.5,28089.0,467.0,314.2
MNBBL,7/17/2022,440.0,446.0,435.0,437.0,-0.66,32165.0,467.0,314.2
MNBBL,7/18/2022,440.0,443.0,434.0,439.0,0.46,23142.0,467.0,314.2
MNBBL,7/19/2022,447.0,449.9,438.5,447.0,1.82,58382.0,467.0,314.2
MNBBL,7/20/2022,453.0,453.0,438.1,443.0,-0.89,31536.0,467.0,314.2
MNBBL,7/21/2022,446.0,446.0,438.5,440.0,-0.68,22180.0,467.0,314.2
MNBBL,7/22/2022,440.0,442.0,432.3,435.0,-1.14,19282.0,467.0,314.2
MNBBL,7/24/2022,435.0,452.0,435.0,451.9,3.89,29991.0,467.0,314.2
MNBBL,7/25/2022,456.0,473.0,456.0,470.0,4.01,66808.0,467.0,314.2
MNBBL,7/26/2022,470.0,476.0,453.2,462.8,-1.53,48001.0,467.0,314.2
MNBBL,7/27/2022,459.0,466.0,454.6,465.0,0.48,46325.0,467.0,314.2
MNBBL,7/28/2022,474.0,493.0,466.1,476.0,2.37,83037.0,467.0,314.2
MNBBL,7/29/2022,484.7,494.0,472.0,490.0,2.94,66470.0,467.0,314.2
MNBBL,7/31/2022,499.8,505.1,489.0,496.5,1.33,62084.0,467.0,314.2
MNBBL,8/1/2022,496.0,500.0,486.1,489.0,-1.51,56350.0,467.0,314.2
MNBBL,8/2/2022,489.0,489.0,479.0,483.9,-1.04,42410.0,467.0,314.2
MNBBL,8/3/2022,491.0,492.0,477.3,477.3,-1.36,45549.0,467.0,314.2
MNBBL,8/4/2022,477.0,490.0,467.0,469.0,-1.74,67815.0,467.0,314.2
MNBBL,8/5/2022,478.3,478.3,459.0,460.0,-1.92,30969.0,467.0,314.2
MNBBL,8/7/2022,460.0,469.9,460.0,461.0,0.22,32944.0,467.0,314.2
MNBBL,8/8/2022,470.2,473.9,455.0,456.2,-1.04,34428.0,467.0,314.2
MNBBL,8/9/2022,459.0,459.0,444.0,444.5,-2.56,44368.0,467.0,314.2
MNBBL,8/10/2022,444.5,449.0,439.1,444.0,-0.11,30079.0,467.0,314.2
MNBBL,8/11/2022,441.0,450.0,440.0,440.0,-0.9,20354.0,467.0,314.2
MNBBL,8/14/2022,445.0,445.5,437.0,437.0,-0.68,16722.0,467.0,314.2
MNBBL,8/15/2022,440.0,455.4,438.0,453.0,3.66,40035.0,467.0,314.2
MNBBL,8/16/2022,461.9,463.0,442.0,445.0,-1.77,29224.0,467.0,314.2
MNBBL,8/17/2022,452.0,452.0,438.0,443.0,-0.45,25706.0,467.0,314.2
MNBBL,8/18/2022,449.8,460.0,443.1,455.0,2.71,28464.0,467.0,314.2
MNBBL,8/21/2022,461.0,468.0,454.9,455.0,0.0,32519.0,467.0,314.2
MNBBL,8/22/2022,453.0,459.0,445.1,455.0,0.0,13980.0,467.0,314.2
MNBBL,8/23/2022,450.0,457.0,447.0,450.0,-1.1,13346.0,467.0,314.2
MNBBL,8/24/2022,457.9,459.9,450.0,451.0,0.22,15582.0,467.0,314.2
MNBBL,8/25/2022,442.0,459.0,442.0,447.0,-0.89,15771.0,467.0,314.2
MNBBL,8/26/2022,445.0,447.0,438.1,442.0,-1.12,15318.0,467.0,314.2
MNBBL,8/28/2022,440.0,444.0,435.1,435.1,-1.56,29098.0,467.0,314.2
MNBBL,8/29/2022,435.0,438.0,430.0,436.5,0.32,16439.0,467.0,314.2
MNBBL,8/30/2022,438.0,441.9,437.5,437.5,0.23,12827.0,467.0,314.2
MNBBL,8/31/2022,435.0,439.0,431.2,432.5,-1.14,14755.0,467.0,314.2
MNBBL,9/1/2022,424.0,438.6,424.0,433.0,0.12,13752.0,467.0,314.2
MNBBL,9/2/2022,440.0,440.0,431.0,433.0,0.0,3905.0,467.0,314.2
MNBBL,9/4/2022,436.0,440.9,430.0,437.0,0.92,9326.0,467.0,314.2
MNBBL,9/5/2022,437.0,440.0,432.0,435.0,-0.46,9694.0,467.0,314.2
MNBBL,9/6/2022,430.0,435.0,428.1,429.0,-1.38,19169.0,467.0,314.2
MNBBL,9/7/2022,427.0,430.0,424.0,424.5,-1.05,10933.0,467.0,314.2
MNBBL,9/8/2022,422.0,430.0,422.0,429.0,1.06,7407.0,467.0,314.2
MNBBL,9/11/2022,429.0,432.0,420.0,422.0,-1.63,22076.0,467.0,314.2
MNBBL,9/12/2022,422.0,423.0,418.0,418.0,-0.95,9806.0,467.0,314.2
MNBBL,9/13/2022,425.0,429.6,423.0,425.0,1.67,8202.0,467.0,314.2
MNBBL,9/14/2022,433.5,449.7,426.0,444.5,4.59,40071.0,467.0,314.2
MNBBL,9/15/2022,447.0,447.0,423.1,427.0,-3.94,27683.0,467.0,314.2
MNBBL,9/16/2022,419.0,427.3,411.0,422.0,-1.17,25402.0,467.0,314.2
MNBBL,9/18/2022,430.0,430.0,412.0,412.9,-2.16,28063.0,467.0,314.2
MNBBL,9/20/2022,411.0,411.0,400.1,401.6,-2.74,27885.0,467.0,314.2
MNBBL,9/21/2022,401.0,409.7,400.0,406.5,1.22,12087.0,467.0,314.2
MNBBL,9/22/2022,413.9,413.9,405.0,405.0,-0.37,9963.0,467.0,314.2
MNBBL,9/25/2022,405.0,406.0,397.2,400.0,-1.23,13379.0,467.0,314.2
MNBBL,9/27/2022,408.0,408.0,400.0,403.0,0.75,10448.0,467.0,314.2
MNBBL,9/28/2022,406.0,411.0,406.0,410.0,1.74,8692.0,467.0,314.2
MNBBL,9/29/2022,411.0,426.3,410.5,417.5,1.83,7159.0,467.0,314.2
MNBBL,10/9/2022,420.0,428.5,418.0,427.0,2.28,13952.0,467.0,314.2
MNBBL,10/10/2022,435.0,435.5,418.0,419.3,-1.8,11778.0,467.0,314.2
MNBBL,10/11/2022,419.0,419.0,408.0,411.0,-1.98,18240.0,467.0,314.2
MNBBL,10/12/2022,411.0,419.0,405.0,415.9,1.19,9112.0,467.0,314.2
MNBBL,10/13/2022,415.0,422.0,415.0,419.5,0.87,8518.0,467.0,314.2
MNBBL,10/16/2022,415.0,423.0,407.8,409.0,-2.5,15963.0,467.0,314.2
MNBBL,10/17/2022,417.1,417.1,405.2,407.0,-0.49,16090.0,467.0,314.2
MNBBL,10/19/2022,406.0,409.5,405.0,408.0,0.25,7847.0,467.0,314.2
MNBBL,10/20/2022,411.0,413.9,405.0,410.9,0.71,5312.0,467.0,314.2
MNBBL,10/23/2022,415.0,417.0,410.0,414.0,0.75,7157.0,467.0,314.2
MNBBL,10/31/2022,415.0,417.0,411.0,415.0,0.24,8644.0,467.0,314.2
MNBBL,11/1/2022,416.1,430.0,416.0,429.0,3.37,27534.0,467.0,314.2
MNBBL,11/2/2022,435.0,440.0,426.0,433.0,0.93,33803.0,467.0,314.2
MNBBL,11/3/2022,430.0,440.0,425.0,429.9,-0.72,18679.0,467.0,314.2
MNBBL,11/6/2022,430.0,439.0,429.0,438.0,1.88,16585.0,467.0,314.2
MNBBL,11/7/2022,440.0,445.0,421.6,429.0,-2.05,29992.0,467.0,314.2
MNBBL,11/8/2022,430.0,434.5,424.0,434.5,1.28,32602.0,467.0,314.2
MNBBL,11/9/2022,435.0,435.0,420.1,420.2,-3.29,9366.0,467.0,314.2
MNBBL,11/10/2022,422.1,423.0,413.2,414.9,-1.26,13515.0,467.0,314.2
MNBBL,11/13/2022,416.1,428.0,412.0,412.4,-0.6,16171.0,467.0,314.2
MNBBL,11/14/2022,411.0,420.0,410.0,419.0,1.6,12411.0,467.0,314.2
MNBBL,11/15/2022,420.1,427.0,416.0,417.0,-0.48,10796.0,467.0,314.2
MNBBL,11/16/2022,420.0,423.9,418.0,420.0,0.72,15556.0,467.0,314.2
MNBBL,11/17/2022,428.0,430.0,421.0,426.0,1.43,23154.0,467.0,314.2
MNBBL,11/22/2022,433.0,433.0,419.0,419.0,-1.64,10097.0,467.0,314.2
MNBBL,11/23/2022,420.0,422.0,417.0,420.5,0.36,11114.0,467.0,314.2
MNBBL,11/24/2022,421.0,423.0,420.1,420.5,0.0,22031.0,467.0,314.2
MNBBL,11/27/2022,422.0,428.8,420.0,428.8,1.97,19013.0,467.0,314.2
MNBBL,11/28/2022,425.0,434.4,421.2,425.0,-0.89,12422.0,467.0,314.2
MNBBL,11/29/2022,433.0,433.0,420.0,430.0,1.18,12060.0,467.0,314.2
MNBBL,11/30/2022,428.0,431.9,425.0,429.0,-0.23,5552.0,467.0,314.2
MNBBL,12/1/2022,431.9,433.0,424.5,430.0,0.23,20917.0,467.0,314.2
MNBBL,12/4/2022,425.0,432.9,422.5,430.0,0.0,12230.0,467.0,314.2
MNBBL,12/5/2022,434.9,434.9,427.0,427.0,-0.7,14800.0,467.0,314.2
MNBBL,12/6/2022,422.0,427.5,420.0,425.0,-0.47,13063.0,467.0,314.2
MNBBL,12/7/2022,431.0,431.0,421.0,422.5,-0.59,6294.0,467.0,314.2
MNBBL,12/11/2022,417.0,420.0,413.0,416.0,-1.54,12794.0,467.0,314.2
MNBBL,12/12/2022,415.0,421.5,415.0,421.0,1.2,16965.0,467.0,314.2
MNBBL,12/13/2022,420.0,423.5,418.2,420.0,-0.24,8023.0,467.0,314.2
MNBBL,12/14/2022,420.0,427.0,415.2,417.0,-0.71,5392.0,467.0,314.2
MNBBL,12/15/2022,415.0,418.0,414.1,417.8,0.19,12443.0,467.0,314.2
MNBBL,12/18/2022,425.0,426.2,413.0,414.9,-0.69,18716.0,467.0,314.2
MNBBL,12/19/2022,423.0,423.1,413.0,415.6,0.17,10880.0,467.0,314.2
MNBBL,12/20/2022,415.0,418.0,413.0,414.0,-0.38,12643.0,467.0,314.2
MNBBL,12/21/2022,415.0,417.0,411.6,415.0,0.24,8437.0,467.0,314.2
MNBBL,12/22/2022,414.9,414.9,407.0,409.9,-1.23,19091.0,467.0,314.2
MNBBL,12/26/2022,415.0,422.0,415.0,422.0,2.95,23634.0,467.0,314.2
MNBBL,12/27/2022,430.0,443.0,425.0,438.0,3.79,49306.0,467.0,314.2
MNBBL,12/28/2022,438.0,444.0,423.0,437.0,-0.23,27604.0,467.0,314.2
MNBBL,12/29/2022,438.4,450.7,435.0,450.7,3.14,39794.0,467.0,314.2
MNBBL,1/1/2023,459.0,465.0,447.0,453.0,0.51,78455.0,467.0,314.2
MNBBL,1/2/2023,455.0,468.0,448.0,466.0,2.87,67307.0,467.0,314.2
MNBBL,1/3/2023,470.0,480.0,468.1,476.0,2.15,123293.0,467.0,314.2
MNBBL,1/4/2023,427.7,433.9,423.0,428.6,-9.96,50426.0,467.0,314.2
MNBBL,1/5/2023,437.0,437.1,426.3,427.8,-0.19,43292.0,467.0,314.2
MNBBL,1/8/2023,429.0,429.0,422.1,425.0,-0.65,64681.0,467.0,314.2
MNBBL,1/9/2023,425.0,434.0,421.2,433.8,2.07,84846.0,467.0,314.2
MNBBL,1/10/2023,435.0,450.0,429.0,429.0,-1.11,82698.0,467.0,314.2
MNBBL,1/12/2023,437.5,455.0,419.0,420.0,-2.1,67553.0,467.0,314.2
MNBBL,1/17/2023,425.0,433.4,418.0,425.0,1.19,46989.0,467.0,314.2
MNBBL,1/18/2023,431.0,432.0,420.0,422.1,-0.68,44839.0,467.0,314.2
MNBBL,1/19/2023,427.0,427.0,420.0,420.0,-0.5,31887.0,467.0,314.2
MNBBL,1/23/2023,426.9,426.9,416.0,417.0,-0.71,38678.0,467.0,314.2
MNBBL,1/24/2023,415.1,420.0,410.0,414.0,-0.72,21661.0,467.0,314.2
MNBBL,1/25/2023,422.0,423.3,415.0,416.9,0.7,25218.0,467.0,314.2
MNBBL,1/26/2023,425.0,425.0,412.0,416.7,-0.05,26267.0,467.0,314.2
MNBBL,1/29/2023,415.0,420.0,411.0,412.0,-1.13,25550.0,467.0,314.2
MNBBL,1/30/2023,414.0,414.0,402.2,402.4,-2.33,26257.0,467.0,314.2
MNBBL,1/31/2023,403.0,408.0,399.0,400.0,-0.6,31290.0,467.0,314.2
MNBBL,2/1/2023,401.0,409.0,396.0,408.9,2.22,25438.0,467.0,314.2
MNBBL,2/2/2023,410.0,415.0,399.0,400.0,-2.18,24353.0,467.0,314.2
MNBBL,2/5/2023,399.0,405.0,398.0,400.9,0.22,19838.0,467.0,314.2
MNBBL,2/6/2023,403.0,405.0,397.0,400.0,-0.22,14715.0,467.0,314.2
MNBBL,2/7/2023,401.0,417.9,401.0,417.5,4.37,42884.0,467.0,314.2
MNBBL,2/8/2023,424.0,430.0,412.0,412.0,-1.32,32169.0,467.0,314.2
MNBBL,2/9/2023,412.1,420.0,410.2,419.9,1.92,15070.0,467.0,314.2
MNBBL,2/12/2023,412.0,412.0,403.8,409.0,-2.6,33867.0,467.0,314.2
MNBBL,2/14/2023,405.0,410.0,401.1,402.5,-1.59,29655.0,467.0,314.2
MNBBL,2/15/2023,401.0,406.9,400.1,405.8,0.82,17481.0,467.0,314.2
MNBBL,2/16/2023,410.0,410.0,399.0,400.0,-1.43,26742.0,467.0,314.2
MNBBL,2/20/2023,400.0,400.1,392.0,393.0,-1.75,19493.0,467.0,314.2
MNBBL,2/22/2023,393.0,403.0,393.0,400.0,1.78,20766.0,467.0,314.2
MNBBL,2/23/2023,395.0,400.0,392.1,399.0,-0.25,31988.0,467.0,314.2
MNBBL,2/26/2023,392.0,402.0,385.0,401.0,0.5,36129.0,467.0,314.2
MNBBL,2/27/2023,406.0,406.0,393.0,400.0,-0.25,21669.0,467.0,314.2
MNBBL,2/28/2023,404.0,404.0,398.0,398.0,-0.5,10598.0,467.0,314.2
MNBBL,3/1/2023,400.0,400.0,394.0,395.0,-0.75,13736.0,467.0,314.2
MNBBL,3/2/2023,395.0,395.0,391.0,394.0,-0.25,17586.0,467.0,314.2
MNBBL,3/5/2023,394.0,394.0,385.0,385.5,-2.16,16683.0,467.0,314.2
MNBBL,3/7/2023,393.0,393.0,388.0,391.0,1.43,19112.0,467.0,314.2
MNBBL,3/9/2023,398.0,401.0,393.0,401.0,2.56,21698.0,467.0,314.2
MNBBL,3/12/2023,409.0,410.0,397.0,400.0,-0.25,18246.0,467.0,314.2
MNBBL,3/13/2023,395.1,399.9,393.3,397.0,-0.75,21619.0,467.0,314.2
MNBBL,3/14/2023,402.0,402.0,392.0,396.0,-0.25,16379.0,467.0,314.2
MNBBL,3/15/2023,403.0,403.0,392.0,393.0,-0.76,15343.0,467.0,314.2
MNBBL,3/16/2023,390.0,394.0,380.0,387.9,-1.3,44652.0,467.0,314.2
MNBBL,3/19/2023,389.6,390.0,385.0,387.0,-0.23,10979.0,467.0,314.2
MNBBL,3/20/2023,390.0,395.0,386.3,395.0,2.07,18355.0,467.0,314.2
MNBBL,3/22/2023,395.0,400.0,390.6,390.6,-1.11,12263.0,467.0,314.2
MNBBL,3/23/2023,385.0,398.8,385.0,398.8,2.1,21405.0,467.0,314.2
MNBBL,3/26/2023,393.0,400.0,392.0,394.0,-1.2,26298.0,467.0,314.2
MNBBL,3/27/2023,395.0,400.9,387.0,400.0,1.52,29976.0,467.0,314.2
MNBBL,3/28/2023,403.0,405.0,395.0,398.0,-0.5,12380.0,467.0,314.2
MNBBL,3/29/2023,395.0,399.0,392.1,397.4,-0.15,13561.0,467.0,314.2
MNBBL,3/30/2023,389.5,402.0,389.5,394.8,-0.65,16965.0,467.0,314.2
MNBBL,4/2/2023,400.0,403.0,391.0,391.0,-0.96,18362.0,467.0,314.2
MNBBL,4/3/2023,391.0,391.0,385.0,387.0,-1.02,14841.0,467.0,314.2
MNBBL,4/4/2023,390.0,393.0,384.6,389.0,0.52,15682.0,467.0,314.2
MNBBL,4/5/2023,389.0,392.0,386.0,390.0,0.26,15079.0,467.0,314.2
MNBBL,4/6/2023,390.0,393.0,386.0,386.1,-1.0,16161.0,467.0,314.2
MNBBL,4/9/2023,385.0,386.9,380.0,383.8,-0.6,25840.0,467.0,314.2
MNBBL,4/10/2023,385.0,387.9,379.0,385.3,0.39,34453.0,467.0,314.2
MNBBL,4/11/2023,388.0,395.0,381.0,395.0,2.52,22467.0,467.0,314.2
MNBBL,4/12/2023,400.0,418.0,395.1,415.0,5.06,35809.0,467.0,314.2
MNBBL,4/13/2023,422.0,422.0,400.0,404.0,-2.65,27694.0,467.0,314.2
MNBBL,4/16/2023,405.5,405.5,397.0,401.1,-0.72,16055.0,467.0,314.2
MNBBL,4/17/2023,403.0,405.0,392.0,392.5,-2.14,20264.0,467.0,314.2
MNBBL,4/18/2023,389.0,396.6,389.0,390.6,-0.48,17330.0,467.0,314.2
MNBBL,4/19/2023,398.0,399.0,392.0,393.0,0.61,12196.0,467.0,314.2
MNBBL,4/20/2023,389.0,392.8,386.0,389.0,-1.02,23337.0,467.0,314.2
MNBBL,4/23/2023,389.0,389.0,383.0,386.0,-0.77,18753.0,467.0,314.2
MNBBL,4/24/2023,386.0,392.0,384.0,392.0,1.55,13650.0,467.0,314.2
MNBBL,4/25/2023,386.3,397.0,386.3,397.0,1.28,10941.0,467.0,314.2
MNBBL,4/26/2023,400.0,401.9,393.0,393.0,-1.01,12880.0,467.0,314.2
MNBBL,4/27/2023,390.0,395.0,389.0,393.0,0.0,12534.0,467.0,314.2
MNBBL,4/30/2023,399.0,399.0,388.2,389.0,-1.02,12866.0,467.0,314.2
MNBBL,5/2/2023,389.0,390.0,385.0,390.0,0.26,11859.0,467.0,314.2
MNBBL,5/3/2023,390.0,390.0,386.2,387.0,-0.77,5300.0,467.0,314.2
MNBBL,5/4/2023,387.0,393.8,385.6,389.0,0.52,10694.0,467.0,314.2
MNBBL,5/7/2023,389.0,389.0,385.0,385.2,-0.98,10399.0,467.0,314.2
MNBBL,5/8/2023,382.0,385.0,380.0,381.6,-0.93,10799.0,467.0,314.2
MNBBL,5/9/2023,381.0,387.9,380.0,385.0,0.89,9621.0,467.0,314.2
MNBBL,5/10/2023,392.0,392.0,381.0,381.0,-1.04,14244.0,467.0,314.2
MNBBL,5/11/2023,379.0,386.0,379.0,384.6,0.94,5499.0,467.0,314.2
MNBBL,5/14/2023,389.0,389.0,380.0,383.5,-0.29,13506.0,467.0,314.2
MNBBL,5/15/2023,380.1,385.5,378.0,382.5,-0.26,12943.0,467.0,314.2
MNBBL,5/16/2023,382.0,387.0,381.0,383.4,0.24,4445.0,467.0,314.2
MNBBL,5/17/2023,382.0,390.0,382.0,386.5,0.81,9589.0,467.0,314.2
MNBBL,5/18/2023,394.0,396.0,386.0,394.0,1.94,30483.0,467.0,314.2
MNBBL,5/21/2023,399.0,400.0,390.0,390.5,-0.89,21744.0,467.0,314.2
MNBBL,5/22/2023,398.0,398.0,387.0,392.0,0.38,11571.0,467.0,314.2
MNBBL,5/23/2023,392.0,400.0,391.0,396.5,1.15,16536.0,467.0,314.2
MNBBL,5/24/2023,399.9,399.9,392.0,397.0,0.13,20397.0,467.0,314.2
MNBBL,5/28/2023,397.0,400.0,390.1,393.0,-1.01,26875.0,467.0,314.2
MNBBL,5/30/2023,387.1,390.0,385.0,386.0,-1.78,16814.0,467.0,314.2
MNBBL,5/31/2023,378.3,389.7,378.3,382.0,-1.04,15801.0,467.0,314.2
MNBBL,6/1/2023,385.0,386.3,377.2,382.0,0.0,13146.0,467.0,314.2
MNBBL,6/4/2023,382.0,397.0,382.0,394.0,3.14,15707.0,467.0,314.2
MNBBL,6/5/2023,395.0,397.0,388.4,388.4,-1.42,17882.0,467.0,314.2
MNBBL,6/6/2023,388.0,393.0,388.0,390.0,0.41,6111.0,467.0,314.2
MNBBL,6/7/2023,397.8,397.8,390.0,391.0,0.26,14647.0,467.0,314.2
MNBBL,6/8/2023,390.0,395.2,388.0,394.0,0.77,17533.0,467.0,314.2
MNBBL,6/11/2023,395.0,407.2,394.0,405.9,3.02,69039.0,467.0,314.2
MNBBL,6/12/2023,409.0,412.0,400.0,402.5,-0.84,33760.0,467.0,314.2
MNBBL,6/13/2023,400.0,409.0,400.0,405.0,0.62,31424.0,467.0,314.2
MNBBL,6/14/2023,409.0,412.0,398.6,400.0,-1.23,52451.0,467.0,314.2
MNBBL,6/15/2023,395.0,406.0,395.0,400.0,0.0,23168.0,467.0,314.2
MNBBL,6/18/2023,400.0,405.9,400.0,402.5,0.63,37885.0,467.0,314.2
MNBBL,6/19/2023,404.1,415.0,403.0,412.0,2.36,63976.0,467.0,314.2
MNBBL,6/20/2023,414.0,425.0,406.0,407.0,-1.21,78189.0,467.0,314.2
MNBBL,6/21/2023,408.0,414.8,401.0,404.0,-0.74,28340.0,467.0,314.2
MNBBL,6/22/2023,404.0,410.0,401.0,405.0,0.25,26876.0,467.0,314.2
MNBBL,6/25/2023,405.0,420.0,401.0,416.0,2.72,75382.0,467.0,314.2
MNBBL,6/26/2023,424.0,424.9,413.2,414.0,-0.48,54864.0,467.0,314.2
MNBBL,6/27/2023,414.5,421.0,412.0,418.2,1.01,49436.0,467.0,314.2
MNBBL,6/28/2023,425.0,426.0,415.1,415.1,-0.74,75246.0,467.0,314.2
MNBBL,7/2/2023,414.0,415.0,400.0,401.0,-3.4,68096.0,467.0,314.2
MNBBL,7/3/2023,408.0,408.0,395.0,397.0,-1.0,47056.0,467.0,314.2
MNBBL,7/4/2023,400.0,405.0,397.2,400.2,0.81,17986.0,467.0,314.2
MNBBL,7/5/2023,392.2,403.0,392.2,395.0,-1.3,32868.0,467.0,314.2
MNBBL,7/6/2023,400.0,400.0,392.1,396.0,0.25,21733.0,467.0,314.2
MNBBL,7/9/2023,403.0,403.0,394.1,399.0,0.76,36022.0,467.0,314.2
MNBBL,7/10/2023,405.0,405.0,397.0,399.0,0.0,48403.0,467.0,314.2
MNBBL,7/11/2023,400.0,411.0,397.1,410.0,2.76,65893.0,467.0,314.2
MNBBL,7/12/2023,417.0,421.0,412.3,414.5,1.1,37476.0,467.0,314.2
MNBBL,7/13/2023,415.0,419.9,407.0,407.0,-1.81,30306.0,467.0,314.2
MNBBL,7/16/2023,412.0,412.0,405.1,407.0,0.0,15296.0,467.0,314.2
MNBBL,7/17/2023,406.0,422.0,405.6,419.0,2.95,58139.0,467.0,314.2
MNBBL,7/18/2023,427.0,427.0,419.0,419.0,0.0,53088.0,467.0,314.2
MNBBL,7/19/2023,424.8,425.9,418.0,424.5,1.31,64832.0,467.0,314.2
MNBBL,7/20/2023,425.0,427.5,418.0,422.0,-0.59,28966.0,467.0,314.2
MNBBL,7/23/2023,423.0,446.0,423.0,446.0,5.69,108485.0,467.0,314.2
MNBBL,7/24/2023,446.0,446.0,430.0,431.0,-3.36,76490.0,467.0,314.2
MNBBL,7/25/2023,426.0,429.0,416.5,419.0,-2.78,60734.0,467.0,314.2
MNBBL,7/26/2023,425.0,425.0,413.7,415.0,-0.95,42360.0,467.0,314.2
MNBBL,7/27/2023,416.0,422.0,411.6,413.0,-0.48,31055.0,467.0,314.2
MNBBL,7/30/2023,413.0,419.0,402.1,405.0,-1.94,51549.0,467.0,314.2
MNBBL,7/31/2023,410.0,413.0,405.0,409.0,0.99,27351.0,467.0,314.2
MNBBL,8/1/2023,409.0,415.0,399.0,403.9,-1.25,39272.0,467.0,314.2
MNBBL,8/2/2023,403.0,407.9,401.0,407.0,0.77,25417.0,467.0,314.2
MNBBL,8/3/2023,414.0,414.0,407.1,408.0,0.25,22936.0,467.0,314.2
MNBBL,8/6/2023,413.0,413.0,400.0,402.0,-1.47,41435.0,467.0,314.2
MNBBL,8/7/2023,402.0,407.0,398.0,404.1,0.52,27676.0,467.0,314.2
MNBBL,8/8/2023,402.0,405.0,397.0,398.6,-1.36,28250.0,467.0,314.2
MNBBL,8/9/2023,398.0,403.0,392.0,401.9,0.83,19580.0,467.0,314.2
MNBBL,8/10/2023,401.9,406.5,400.0,402.9,0.25,24482.0,467.0,314.2
MNBBL,8/13/2023,400.6,410.0,400.0,407.0,1.02,22909.0,467.0,314.2
MNBBL,8/14/2023,407.0,412.0,405.0,406.1,-0.22,10176.0,467.0,314.2
MNBBL,8/15/2023,400.2,407.4,398.6,403.0,-0.76,35032.0,467.0,314.2
MNBBL,8/16/2023,400.0,400.0,394.0,396.0,-1.74,45585.0,467.0,314.2
MNBBL,8/17/2023,400.0,400.9,395.0,396.0,0.0,14091.0,467.0,314.2
MNBBL,8/20/2023,393.0,399.9,391.0,394.1,-0.48,49394.0,467.0,314.2
MNBBL,8/21/2023,395.0,400.0,390.8,394.9,0.2,16207.0,467.0,314.2
MNBBL,8/22/2023,392.2,396.0,392.0,396.0,0.28,8990.0,467.0,314.2
MNBBL,8/23/2023,393.1,402.0,393.0,399.0,0.76,22417.0,467.0,314.2
MNBBL,8/24/2023,393.0,400.0,392.1,393.0,-1.5,12673.0,467.0,314.2
MNBBL,8/27/2023,394.0,396.9,390.0,390.1,-0.74,22232.0,467.0,314.2
MNBBL,8/28/2023,390.0,394.0,389.1,392.0,0.49,10201.0,467.0,314.2
MNBBL,8/29/2023,392.0,395.9,390.7,392.9,0.23,9040.0,467.0,314.2
MNBBL,8/30/2023,392.0,397.0,391.2,392.9,0.0,13265.0,467.0,314.2
MNBBL,9/3/2023,391.0,391.9,385.0,386.7,-1.58,20203.0,467.0,314.2
MNBBL,9/4/2023,386.7,390.0,383.2,388.0,0.34,13163.0,467.0,314.2
MNBBL,9/5/2023,388.5,390.0,387.5,389.2,0.31,6668.0,467.0,314.2
MNBBL,9/7/2023,389.0,389.0,385.5,387.0,-0.57,13266.0,467.0,314.2
MNBBL,9/10/2023,382.1,389.0,382.1,385.0,-0.52,6755.0,467.0,314.2
MNBBL,9/11/2023,385.2,391.0,385.1,390.9,1.53,15988.0,467.0,314.2
MNBBL,9/12/2023,391.0,393.0,385.0,386.0,-1.25,18826.0,467.0,314.2
MNBBL,9/13/2023,390.0,393.0,387.1,393.0,1.81,17183.0,467.0,314.2
MNBBL,9/17/2023,387.0,394.7,387.0,388.7,-1.09,14396.0,467.0,314.2
MNBBL,9/18/2023,386.0,391.0,386.0,389.5,0.21,4283.0,467.0,314.2
MNBBL,9/19/2023,393.0,400.0,387.0,400.0,2.7,16704.0,467.0,314.2
MNBBL,9/21/2023,405.0,410.0,400.0,403.1,0.78,52677.0,467.0,314.2
MNBBL,9/24/2023,404.0,404.0,397.1,398.5,-1.14,18761.0,467.0,314.2
MNBBL,9/25/2023,401.0,404.0,397.0,400.0,0.38,17328.0,467.0,314.2
MNBBL,9/26/2023,406.9,406.9,398.0,398.0,-0.5,24836.0,467.0,314.2
MNBBL,9/27/2023,397.1,399.0,391.0,394.5,-0.88,9271.0,467.0,314.2
MNBBL,10/1/2023,390.0,399.8,390.0,391.0,-0.89,12224.0,467.0,314.2
MNBBL,10/2/2023,391.0,395.0,388.1,394.0,0.77,15965.0,467.0,314.2
MNBBL,10/3/2023,395.5,395.5,387.5,390.9,-0.79,6935.0,467.0,314.2
MNBBL,10/4/2023,394.0,396.0,390.0,390.0,-0.23,32026.0,467.0,314.2
MNBBL,10/5/2023,390.0,392.9,385.5,385.5,-1.15,19236.0,467.0,314.2
MNBBL,10/8/2023,385.5,389.0,379.4,380.0,-1.43,30031.0,467.0,314.2
MNBBL,10/9/2023,382.0,384.0,377.0,378.0,-0.53,24807.0,467.0,314.2
MNBBL,10/10/2023,380.0,387.0,372.0,377.0,-0.26,37215.0,467.0,314.2
MNBBL,10/11/2023,380.0,381.0,374.0,375.0,-0.53,22492.0,467.0,314.2
MNBBL,10/12/2023,376.0,376.1,370.0,372.0,-0.8,29034.0,467.0,314.2
MNBBL,10/16/2023,372.0,378.9,368.1,371.0,-0.27,13467.0,467.0,314.2
MNBBL,10/17/2023,375.0,379.9,372.0,372.3,0.35,10764.0,467.0,314.2
MNBBL,10/18/2023,377.0,386.0,375.0,380.0,2.07,15855.0,467.0,314.2
MNBBL,10/19/2023,383.8,385.8,380.0,385.0,1.32,20474.0,467.0,314.2
MNBBL,10/29/2023,386.0,387.0,379.2,380.0,-1.3,17869.0,467.0,314.2
MNBBL,10/30/2023,374.2,386.4,374.2,383.2,0.84,16479.0,467.0,314.2
MNBBL,10/31/2023,382.0,384.0,381.0,381.0,-0.57,10106.0,467.0,314.2
MNBBL,11/1/2023,380.0,383.0,378.5,378.5,-0.66,5011.0,467.0,314.2
MNBBL,11/2/2023,377.0,385.1,376.0,385.1,1.74,19441.0,467.0,314.2
MNBBL,11/5/2023,385.1,385.1,373.5,375.1,-2.6,16426.0,467.0,314.2
MNBBL,11/6/2023,376.0,380.0,375.1,378.0,0.77,12294.0,467.0,314.2
MNBBL,11/7/2023,385.0,385.0,377.0,379.0,0.26,14184.0,467.0,314.2
MNBBL,11/8/2023,379.0,383.0,378.1,379.0,0.0,3622.0,467.0,314.2
MNBBL,11/9/2023,381.0,381.0,376.0,377.1,-0.5,6123.0,467.0,314.2
MNBBL,11/20/2023,378.5,383.0,378.0,383.0,1.56,8726.0,467.0,314.2
MNBBL,11/21/2023,378.1,382.0,378.1,378.4,-1.2,5492.0,467.0,314.2
MNBBL,11/22/2023,374.0,380.0,373.1,375.3,-0.82,8772.0,467.0,314.2
MNBBL,11/23/2023,375.0,379.0,374.0,376.5,0.32,10061.0,467.0,314.2
MNBBL,11/26/2023,377.0,383.6,373.5,383.6,1.89,23362.0,467.0,314.2
MNBBL,11/27/2023,376.0,388.0,376.0,382.0,-0.42,10724.0,467.0,314.2
MNBBL,11/28/2023,384.1,385.9,377.0,382.0,0.0,16019.0,467.0,314.2
MNBBL,11/29/2023,383.0,383.0,378.2,379.0,-0.79,7806.0,467.0,314.2
MNBBL,11/30/2023,376.1,380.0,375.5,380.0,0.26,18967.0,467.0,314.2
MNBBL,12/3/2023,373.2,380.0,373.2,378.8,-0.32,7150.0,467.0,314.2
MNBBL,12/4/2023,376.0,380.0,375.0,376.9,-0.5,5211.0,467.0,314.2
MNBBL,12/5/2023,382.0,384.0,375.3,375.3,-0.42,7618.0,467.0,314.2
MNBBL,12/6/2023,375.3,377.5,375.0,376.0,0.19,5798.0,467.0,314.2
MNBBL,12/7/2023,377.0,379.8,373.0,375.3,-0.19,11332.0,467.0,314.2
MNBBL,12/10/2023,382.0,397.0,381.0,397.0,5.78,3586.0,467.0,314.2
MNBBL,12/11/2023,404.0,404.0,385.0,388.0,-2.27,29284.0,467.0,314.2
MNBBL,12/12/2023,390.0,395.0,388.0,391.0,0.77,40627.0,467.0,314.2
MNBBL,12/13/2023,395.8,404.0,395.0,396.0,1.28,32627.0,467.0,314.2
MNBBL,12/14/2023,390.1,396.8,390.1,396.0,0.0,21736.0,467.0,314.2
MNBBL,12/17/2023,390.0,401.0,388.1,401.0,1.26,34449.0,467.0,314.2
MNBBL,12/18/2023,402.0,417.0,402.0,411.0,2.49,70460.0,467.0,314.2
MNBBL,12/19/2023,411.0,415.0,406.2,414.0,0.73,45929.0,467.0,314.2
MNBBL,12/20/2023,416.0,418.0,410.0,416.9,0.7,65877.0,467.0,314.2
MNBBL,12/21/2023,415.0,425.0,405.8,405.9,-2.64,85125.0,467.0,314.2
MNBBL,12/27/2023,405.0,416.0,405.0,410.0,1.01,59914.0,467.0,314.2
MNBBL,12/28/2023,415.5,415.5,403.0,404.0,-1.46,43358.0,467.0,314.2
MNBBL,1/1/2024,409.9,412.0,404.1,405.0,0.25,47169.0,467.0,314.2
MNBBL,1/2/2024,411.0,411.0,400.0,402.0,-0.74,49364.0,467.0,314.2
MNBBL,1/3/2024,410.0,410.0,403.0,408.0,1.49,65284.0,467.0,314.2
MNBBL,1/4/2024,379.0,380.0,373.0,374.0,-8.33,44398.0,467.0,314.2
MNBBL,1/7/2024,379.0,379.0,369.0,369.0,-1.34,30699.0,467.0,314.2
MNBBL,1/8/2024,374.0,374.0,363.8,370.0,0.27,41508.0,467.0,314.2
MNBBL,1/9/2024,362.8,397.8,362.8,387.0,4.59,66801.0,467.0,314.2
MNBBL,1/10/2024,393.0,396.0,384.0,385.0,-0.52,55578.0,467.0,314.2
MNBBL,1/11/2024,386.0,388.0,380.1,382.0,-0.78,15558.0,467.0,314.2
MNBBL,1/14/2024,387.5,388.0,383.4,384.5,0.65,23699.0,467.0,314.2
MNBBL,1/16/2024,390.0,395.1,388.0,392.7,2.13,58835.0,467.0,314.2
MNBBL,1/17/2024,400.0,404.9,390.0,393.9,0.31,91058.0,467.0,314.2
MNBBL,1/18/2024,393.9,399.9,386.1,388.0,-1.5,55273.0,467.0,314.2
MNBBL,1/21/2024,385.0,385.0,378.0,379.6,-2.16,71075.0,467.0,314.2
MNBBL,1/22/2024,376.0,382.0,374.2,374.5,-1.34,25803.0,467.0,314.2
MNBBL,1/23/2024,378.9,379.0,375.0,375.0,0.13,22934.0,467.0,314.2
MNBBL,1/24/2024,380.0,380.0,371.0,372.0,-0.8,20021.0,467.0,314.2
MNBBL,1/25/2024,378.9,379.4,369.0,372.0,0.0,20591.0,467.0,314.2
MNBBL,1/28/2024,372.6,379.4,370.5,373.5,0.4,18370.0,467.0,314.2
MNBBL,1/29/2024,379.1,379.1,371.3,371.3,-0.59,25341.0,467.0,314.2
MNBBL,1/30/2024,376.9,380.0,372.0,374.0,0.73,26142.0,467.0,314.2
MNBBL,1/31/2024,372.1,375.0,370.9,371.5,-0.67,19200.0,467.0,314.2
MNBBL,2/1/2024,370.0,374.0,366.0,368.1,-0.92,29141.0,467.0,314.2
MNBBL,2/4/2024,368.0,371.2,360.0,368.0,-0.03,23160.0,467.0,314.2
MNBBL,2/5/2024,375.3,375.3,367.8,369.0,0.27,15373.0,467.0,314.2
MNBBL,2/6/2024,370.0,371.0,367.0,370.0,0.27,14177.0,467.0,314.2
MNBBL,2/7/2024,376.0,376.0,369.0,370.0,0.0,10836.0,467.0,314.2
MNBBL,2/8/2024,368.1,371.9,365.4,370.0,0.0,20613.0,467.0,314.2
MNBBL,2/11/2024,371.9,375.0,370.0,370.0,0.0,22323.0,467.0,314.2
MNBBL,2/12/2024,370.0,375.0,368.0,372.0,0.54,11330.0,467.0,314.2
MNBBL,2/13/2024,370.0,370.0,362.0,363.0,-2.42,32750.0,467.0,314.2
MNBBL,2/14/2024,363.0,378.3,360.2,368.0,1.38,32022.0,467.0,314.2
MNBBL,2/15/2024,362.1,371.8,362.1,367.0,-0.27,13706.0,467.0,314.2
MNBBL,2/18/2024,374.3,374.3,360.0,360.0,-1.91,23923.0,467.0,314.2
MNBBL,2/20/2024,366.0,366.0,360.0,360.5,0.14,22149.0,467.0,314.2
MNBBL,2/21/2024,360.0,365.0,358.0,358.5,-0.55,14639.0,467.0,314.2
MNBBL,2/22/2024,358.0,361.0,355.0,356.0,-0.7,22890.0,467.0,314.2
MNBBL,2/25/2024,353.1,358.0,352.2,352.2,-1.07,21155.0,467.0,314.2
MNBBL,2/26/2024,350.4,355.0,350.4,353.1,0.26,15114.0,467.0,314.2
MNBBL,2/27/2024,360.0,360.0,352.1,355.0,0.54,11338.0,467.0,314.2
MNBBL,2/28/2024,351.2,352.2,350.0,351.0,-1.13,13787.0,467.0,314.2
MNBBL,2/29/2024,358.0,358.0,345.0,345.1,-1.68,23664.0,467.0,314.2
MNBBL,3/3/2024,343.6,347.0,343.6,344.0,-0.32,13586.0,467.0,314.2
MNBBL,3/4/2024,350.0,357.8,349.1,357.8,4.01,2030.0,467.0,314.2
MNBBL,3/5/2024,364.9,364.9,348.0,351.8,-1.68,29538.0,467.0,314.2
MNBBL,3/6/2024,354.0,355.0,350.0,352.0,0.06,17904.0,467.0,314.2
MNBBL,3/7/2024,357.9,357.9,351.0,351.0,-0.28,11892.0,467.0,314.2
MNBBL,3/10/2024,357.0,360.0,353.3,356.0,1.42,17053.0,467.0,314.2
MNBBL,3/12/2024,360.0,364.0,357.7,362.5,1.83,37401.0,467.0,314.2
MNBBL,3/13/2024,368.9,377.0,362.6,369.1,1.82,39697.0,467.0,314.2
MNBBL,3/14/2024,365.0,372.0,361.8,364.0,-1.38,29877.0,467.0,314.2
MNBBL,3/17/2024,370.0,370.0,356.9,364.0,0.0,21691.0,467.0,314.2
MNBBL,3/18/2024,364.0,367.0,362.0,365.0,0.27,14641.0,467.0,314.2
MNBBL,3/19/2024,365.0,367.9,362.3,362.6,-0.66,32730.0,467.0,314.2
MNBBL,3/20/2024,366.9,369.0,361.0,368.0,1.49,36757.0,467.0,314.2
MNBBL,3/21/2024,366.0,366.0,360.1,361.0,-1.9,27921.0,467.0,314.2
MNBBL,3/25/2024,368.2,368.2,354.0,355.0,-1.66,15938.0,467.0,314.2
MNBBL,3/26/2024,358.0,358.0,350.0,353.0,-0.56,21208.0,467.0,314.2
MNBBL,3/27/2024,350.0,355.0,348.0,348.0,-1.42,19227.0,467.0,314.2
MNBBL,3/28/2024,350.0,350.0,344.0,345.3,-0.78,21038.0,467.0,314.2
MNBBL,3/31/2024,345.1,350.0,342.0,343.0,-0.67,31965.0,467.0,314.2
MNBBL,4/1/2024,345.0,346.0,340.0,342.0,-0.29,18418.0,467.0,314.2
MNBBL,4/2/2024,342.1,344.5,339.0,340.0,-0.58,25077.0,467.0,314.2
MNBBL,4/3/2024,341.0,341.0,338.0,338.0,-0.59,31055.0,467.0,314.2
MNBBL,4/4/2024,338.0,340.0,335.5,336.1,-0.56,23922.0,467.0,314.2
MNBBL,4/7/2024,336.0,343.0,336.0,342.9,2.02,29981.0,467.0,314.2
MNBBL,4/9/2024,343.0,349.6,343.0,345.5,0.76,41385.0,467.0,314.2
MNBBL,4/10/2024,349.0,349.0,343.0,343.0,-0.72,16471.0,467.0,314.2
MNBBL,4/14/2024,340.0,345.0,340.0,341.0,-0.58,23473.0,467.0,314.2
MNBBL,4/15/2024,341.0,344.0,340.1,340.3,-0.21,15173.0,467.0,314.2
MNBBL,4/16/2024,340.1,342.0,339.1,339.1,-0.35,15119.0,467.0,314.2
MNBBL,4/18/2024,340.0,340.7,335.1,337.0,-0.62,17696.0,467.0,314.2
MNBBL,4/21/2024,337.1,343.7,336.0,339.5,0.74,16376.0,467.0,314.2
MNBBL,4/22/2024,340.0,343.8,337.0,338.0,-0.44,9008.0,467.0,314.2
MNBBL,4/24/2024,338.0,339.9,335.0,336.0,-0.59,18041.0,467.0,314.2
MNBBL,4/25/2024,336.0,339.5,333.5,337.8,0.54,21682.0,467.0,314.2
MNBBL,4/28/2024,335.2,340.0,332.4,338.0,0.06,29532.0,467.0,314.2
MNBBL,4/29/2024,341.0,344.0,339.0,341.0,0.89,23702.0,467.0,314.2
MNBBL,4/30/2024,342.0,367.2,338.0,360.0,5.57,184792.0,467.0,314.2
MNBBL,5/2/2024,367.2,367.2,354.0,355.0,-1.39,37956.0,467.0,314.2
MNBBL,5/5/2024,357.9,357.9,345.1,345.6,-2.65,25243.0,467.0,314.2
MNBBL,5/6/2024,352.4,352.4,340.0,344.9,-0.2,30925.0,467.0,314.2
MNBBL,5/7/2024,340.2,347.0,340.2,346.0,0.32,27111.0,467.0,314.2
MNBBL,5/8/2024,349.0,349.0,343.0,345.0,-0.29,15935.0,467.0,314.2
MNBBL,5/9/2024,344.0,349.8,343.0,345.3,0.09,19906.0,467.0,314.2
MNBBL,5/12/2024,349.1,370.0,343.2,348.5,0.93,30044.0,467.0,314.2
MNBBL,5/13/2024,348.0,362.5,343.1,350.0,0.43,24636.0,467.0,314.2
MNBBL,5/14/2024,355.2,355.2,350.0,354.0,1.14,20871.0,467.0,314.2
MNBBL,5/15/2024,355.1,358.0,350.3,352.9,-0.31,22496.0,467.0,314.2
MNBBL,5/16/2024,359.9,359.9,346.0,347.0,-1.67,28671.0,467.0,314.2
MNBBL,5/19/2024,353.9,360.0,348.2,355.0,2.31,29927.0,467.0,314.2
MNBBL,5/20/2024,358.9,362.1,353.0,353.1,-0.54,46582.0,467.0,314.2
MNBBL,5/21/2024,358.3,358.3,351.0,351.0,-0.59,22176.0,467.0,314.2
MNBBL,5/22/2024,344.0,360.0,344.0,356.0,1.42,46219.0,467.0,314.2
MNBBL,5/26/2024,353.0,358.9,350.5,353.6,-0.67,32258.0,467.0,314.2
MNBBL,5/27/2024,359.0,359.0,351.0,352.1,-0.42,24630.0,467.0,314.2
MNBBL,5/29/2024,358.0,358.0,348.0,348.0,-1.16,31194.0,467.0,314.2
MNBBL,5/30/2024,350.0,350.0,345.1,345.5,-0.72,15289.0,467.0,314.2
MNBBL,6/2/2024,351.0,351.0,344.0,346.0,0.14,21563.0,467.0,314.2
MNBBL,6/3/2024,346.0,346.8,342.7,342.7,-0.95,38824.0,467.0,314.2
MNBBL,6/4/2024,349.5,349.5,340.0,345.9,0.93,25540.0,467.0,314.2
MNBBL,6/5/2024,342.2,348.0,342.1,345.3,-0.17,13532.0,467.0,314.2
MNBBL,6/6/2024,343.2,346.8,341.3,342.1,-0.93,27367.0,467.0,314.2
MNBBL,6/9/2024,340.2,345.0,340.2,342.0,-0.03,22356.0,467.0,314.2
MNBBL,6/10/2024,345.0,345.0,340.5,343.0,0.29,25482.0,467.0,314.2
MNBBL,6/11/2024,345.0,347.0,343.0,346.9,1.14,67834.0,467.0,314.2
MNBBL,6/12/2024,352.0,353.7,347.0,349.0,0.61,28520.0,467.0,314.2
MNBBL,6/13/2024,349.0,357.0,347.2,353.0,1.15,53681.0,467.0,314.2
MNBBL,6/16/2024,354.0,355.9,347.1,348.3,-1.33,25206.0,467.0,314.2
MNBBL,6/18/2024,345.5,348.0,342.2,343.0,-1.52,26201.0,467.0,314.2
MNBBL,6/19/2024,343.0,345.0,340.5,344.0,0.29,23540.0,467.0,314.2
MNBBL,6/20/2024,344.0,345.0,340.0,340.2,-1.1,27197.0,467.0,314.2
MNBBL,6/23/2024,342.0,344.0,339.0,340.0,-0.06,17905.0,467.0,314.2
MNBBL,6/24/2024,345.0,345.0,338.7,343.1,0.91,31623.0,467.0,314.2
MNBBL,6/25/2024,346.0,347.0,343.0,343.2,0.03,23493.0,467.0,314.2
MNBBL,6/26/2024,346.0,346.0,340.1,341.2,-0.58,25041.0,467.0,314.2
MNBBL,6/27/2024,344.0,344.0,340.0,344.0,0.82,23150.0,467.0,314.2
MNBBL,6/30/2024,340.0,345.0,338.2,338.3,-1.66,29852.0,467.0,314.2
MNBBL,7/1/2024,338.0,340.0,336.0,338.0,-0.09,20956.0,467.0,314.2
MNBBL,7/2/2024,344.7,358.5,344.7,347.0,2.66,38457.0,467.0,314.2
MNBBL,7/3/2024,347.0,353.5,342.0,353.5,1.87,41524.0,467.0,314.2
MNBBL,7/4/2024,355.0,369.0,352.0,360.0,1.84,135642.0,467.0,314.2
MNBBL,7/7/2024,364.0,365.0,357.8,359.1,-0.25,56153.0,467.0,314.2
MNBBL,7/8/2024,359.1,361.9,352.0,353.0,-1.7,46793.0,467.0,314.2
MNBBL,7/9/2024,350.1,367.2,350.0,358.4,1.53,62211.0,467.0,314.2
MNBBL,7/10/2024,365.0,365.0,358.5,362.0,1.0,63040.0,467.0,314.2
MNBBL,7/11/2024,369.2,369.2,361.4,365.9,1.08,68921.0,467.0,314.2
MNBBL,7/14/2024,373.2,380.0,369.5,374.9,2.46,83526.0,467.0,314.2
MNBBL,7/15/2024,382.3,382.3,367.0,367.0,-2.11,127106.0,467.0,314.2
MNBBL,7/16/2024,372.0,382.0,365.0,380.0,3.54,94143.0,467.0,314.2
MNBBL,7/17/2024,387.0,394.9,381.0,394.5,3.82,137285.0,467.0,314.2
MNBBL,7/18/2024,397.0,419.3,387.0,415.0,5.2,243319.0,467.0,314.2
MNBBL,7/21/2024,420.0,428.0,407.0,422.0,1.69,273064.0,467.0,314.2
MNBBL,7/22/2024,425.0,425.0,410.6,413.0,-2.13,184638.0,467.0,314.2
MNBBL,7/23/2024,421.2,425.0,410.0,421.0,1.94,222963.0,467.0,314.2
MNBBL,7/24/2024,428.0,430.0,416.4,420.0,-0.24,200560.0,467.0,314.2
MNBBL,7/25/2024,419.0,425.0,414.0,417.0,-0.71,120084.0,467.0,314.2
MNBBL,7/28/2024,425.3,446.0,425.0,439.1,5.3,258237.0,467.0,314.2
MNBBL,7/29/2024,442.0,447.0,425.0,425.0,-3.21,184448.0,467.0,314.2
MNBBL,7/30/2024,432.9,433.0,413.7,427.0,0.47,173426.0,467.0,314.2
MNBBL,7/31/2024,428.0,442.6,428.0,435.9,2.08,260063.0,467.0,314.2
MNBBL,8/1/2024,440.0,447.0,435.0,438.8,0.67,255636.0,467.0,314.2
MNBBL,8/5/2024,435.0,440.0,426.4,433.1,-1.3,175569.0,467.0,314.2
MNBBL,8/6/2024,441.0,441.0,405.8,408.0,-5.8,192784.0,467.0,314.2
MNBBL,8/7/2024,407.0,422.0,401.9,417.0,2.21,155990.0,467.0,314.2
MNBBL,8/8/2024,425.0,430.0,416.0,416.0,-0.24,122267.0,467.0,314.2
MNBBL,8/11/2024,424.0,429.0,417.0,428.5,3.0,188883.0,467.0,314.2
MNBBL,8/12/2024,437.0,438.7,428.0,436.0,1.75,286200.0,467.0,314.2
MNBBL,8/13/2024,444.6,453.1,434.0,435.0,-0.23,271040.0,467.0,314.2
MNBBL,8/14/2024,437.0,450.0,430.0,449.2,3.26,273547.0,467.0,314.2
MNBBL,8/15/2024,458.1,474.9,452.0,467.0,3.96,388054.0,467.0,314.2
MNBBL,8/18/2024,470.0,474.5,448.0,449.1,-3.83,276341.0,467.0,314.2
MNBBL,8/21/2024,450.0,456.0,444.0,445.0,-0.91,170814.0,467.0,314.2
MNBBL,8/22/2024,450.0,482.0,445.0,463.9,4.25,553326.0,467.0,314.2
MNBBL,8/25/2024,473.1,473.1,450.0,451.0,-2.78,236580.0,467.0,314.2
MNBBL,8/27/2024,460.0,460.0,424.0,427.0,-5.32,224708.0,467.0,314.2
MNBBL,8/28/2024,427.0,444.0,420.0,423.0,-0.94,179191.0,467.0,314.2
MNBBL,8/29/2024,428.0,428.0,413.1,414.0,-2.13,128961.0,467.0,314.2
MNBBL,9/1/2024,420.0,422.2,401.5,403.6,-2.51,117510.0,467.0,314.2
MNBBL,9/2/2024,410.0,427.0,401.0,426.5,5.67,128770.0,467.0,314.2
MNBBL,9/3/2024,427.0,434.0,420.0,425.0,-0.35,132536.0,467.0,314.2
MNBBL,9/4/2024,425.0,443.0,417.0,419.9,-1.2,163406.0,467.0,314.2
MNBBL,9/5/2024,415.0,420.0,404.0,416.0,-0.93,166869.0,467.0,314.2
MNBBL,9/8/2024,424.3,424.3,406.7,407.0,-2.16,110090.0,467.0,314.2
MNBBL,9/9/2024,407.0,415.1,401.0,402.0,-1.23,93146.0,467.0,314.2
MNBBL,9/10/2024,394.0,411.0,394.0,399.0,-0.75,79000.0,467.0,314.2
MNBBL,9/11/2024,403.9,405.0,391.2,392.0,-1.75,61410.0,467.0,314.2
MNBBL,9/12/2024,391.0,402.0,388.0,401.1,2.32,76942.0,467.0,314.2
MNBBL,9/15/2024,408.8,409.1,393.8,395.0,-1.52,78231.0,467.0,314.2
MNBBL,9/16/2024,395.0,396.0,387.9,388.0,-1.77,65112.0,467.0,314.2
MNBBL,9/18/2024,390.0,395.0,380.5,385.0,-0.77,66613.0,467.0,314.2
MNBBL,9/22/2024,392.7,400.0,385.0,388.5,0.91,34376.0,467.0,314.2
MNBBL,9/23/2024,388.0,388.0,376.0,379.0,-2.45,71075.0,467.0,314.2
MNBBL,9/24/2024,379.0,383.9,370.6,374.0,-1.32,44311.0,467.0,314.2
MNBBL,9/25/2024,375.0,381.0,368.5,379.0,1.34,38875.0,467.0,314.2
MNBBL,9/26/2024,383.0,384.0,371.5,372.0,-1.85,40064.0,467.0,314.2
MNBBL,9/29/2024,372.0,375.0,368.3,369.0,-0.81,32559.0,467.0,314.2
MNBBL,9/30/2024,376.3,376.3,369.0,374.0,1.36,27373.0,467.0,314.2
MNBBL,10/1/2024,374.0,392.7,374.0,392.5,4.95,71421.0,467.0,314.2
MNBBL,10/2/2024,400.0,400.0,385.5,389.0,-0.89,55067.0,467.0,314.2
MNBBL,10/6/2024,385.0,397.0,382.0,394.0,1.29,35373.0,467.0,314.2
MNBBL,10/7/2024,399.0,405.0,398.0,401.0,1.78,43277.0,467.0,314.2
MNBBL,10/8/2024,406.9,406.9,396.0,396.0,-1.25,19439.0,467.0,314.2
MNBBL,10/9/2024,395.0,400.0,394.0,395.1,-0.23,16529.0,467.0,314.2
MNBBL,10/15/2024,397.2,401.0,390.0,400.0,1.24,30461.0,467.0,314.2
MNBBL,10/16/2024,401.8,416.8,401.1,416.0,4.0,64536.0,467.0,314.2
MNBBL,10/17/2024,419.5,419.5,412.0,412.0,-0.96,47660.0,467.0,314.2
MNBBL,10/20/2024,404.0,412.0,396.0,404.0,-1.94,73776.0,467.0,314.2
MNBBL,10/21/2024,398.0,404.0,392.0,392.9,-2.75,40301.0,467.0,314.2
MNBBL,10/22/2024,392.9,399.0,390.0,396.6,0.94,30551.0,467.0,314.2
MNBBL,10/23/2024,397.0,401.0,393.0,395.8,-0.2,34390.0,467.0,314.2
MNBBL,10/24/2024,395.0,397.0,390.0,391.0,-1.21,32294.0,467.0,314.2
MNBBL,10/27/2024,392.0,397.0,388.1,390.0,-0.26,20741.0,467.0,314.2
MNBBL,10/28/2024,390.1,395.0,390.1,395.0,1.28,34962.0,467.0,314.2
MNBBL,10/29/2024,398.0,402.8,396.1,401.0,1.52,53662.0,467.0,314.2
MNBBL,10/30/2024,401.0,401.0,396.2,398.0,-0.75,22997.0,467.0,314.2
MNBBL,11/5/2024,394.5,400.0,394.1,395.2,-0.7,13336.0,467.0,314.2
MNBBL,11/6/2024,394.0,399.8,394.0,396.0,0.2,18858.0,467.0,314.2
MNBBL,11/10/2024,400.0,406.0,397.5,405.0,2.27,47993.0,467.0,314.2
MNBBL,11/11/2024,408.0,416.0,403.2,404.0,-0.25,57972.0,467.0,314.2
MNBBL,11/12/2024,408.0,412.0,400.1,400.1,-0.97,38554.0,467.0,314.2
MNBBL,11/13/2024,408.0,408.0,398.0,401.0,0.22,31903.0,467.0,314.2
MNBBL,11/14/2024,408.0,408.0,402.0,404.0,0.75,84214.0,467.0,314.2
MNBBL,11/17/2024,408.0,411.9,405.0,410.0,1.49,68867.0,467.0,314.2
MNBBL,11/19/2024,410.0,410.0,401.0,403.0,-1.71,60212.0,467.0,314.2
MNBBL,11/20/2024,401.3,410.5,398.0,410.5,1.86,80610.0,467.0,314.2
MNBBL,11/21/2024,410.0,414.9,401.1,403.0,-1.83,51844.0,467.0,314.2
MNBBL,11/24/2024,404.0,409.9,397.0,399.9,-0.77,38626.0,467.0,314.2
MNBBL,11/25/2024,400.1,403.0,397.0,399.1,-0.2,28626.0,467.0,314.2
MNBBL,11/26/2024,407.0,407.0,397.2,401.0,0.48,47587.0,467.0,314.2
MNBBL,11/27/2024,401.1,410.0,400.5,408.0,1.75,114989.0,467.0,314.2
MNBBL,11/28/2024,410.1,424.0,406.2,410.8,0.69,149948.0,467.0,314.2
MNBBL,12/1/2024,410.0,422.0,403.0,418.0,1.75,147990.0,467.0,314.2
MNBBL,12/2/2024,418.0,428.0,412.0,412.2,-1.39,161874.0,467.0,314.2
MNBBL,12/3/2024,412.4,416.0,406.0,406.2,-1.46,43572.0,467.0,314.2
MNBBL,12/4/2024,414.3,414.3,402.2,404.2,-0.49,58531.0,467.0,314.2
MNBBL,12/5/2024,403.9,404.0,398.1,399.0,-1.29,82180.0,467.0,314.2
MNBBL,12/8/2024,398.0,400.0,395.2,395.2,-0.95,77335.0,467.0,314.2
MNBBL,12/9/2024,400.0,400.0,392.0,392.0,-0.81,34381.0,467.0,314.2
MNBBL,12/10/2024,397.9,397.9,391.0,391.9,-0.03,33325.0,467.0,314.2
MNBBL,12/11/2024,392.2,397.1,391.1,397.0,1.3,32844.0,467.0,314.2
MNBBL,12/12/2024,399.7,399.9,393.0,394.8,-0.55,29834.0,467.0,314.2
MNBBL,12/16/2024,393.5,394.0,388.1,388.3,-1.65,46076.0,467.0,314.2
MNBBL,12/17/2024,385.1,385.1,376.6,378.0,-2.65,111110.0,467.0,314.2
MNBBL,12/18/2024,378.0,380.0,373.1,375.0,-0.79,53465.0,467.0,314.2
MNBBL,12/19/2024,372.5,376.0,370.0,371.0,-1.07,39567.0,467.0,314.2
MNBBL,12/22/2024,370.5,372.2,367.0,367.0,-1.08,29132.0,467.0,314.2
MNBBL,12/23/2024,370.0,380.0,365.5,374.9,2.15,42860.0,467.0,314.2
MNBBL,12/24/2024,382.3,382.3,375.0,376.0,0.29,22350.0,467.0,314.2
MNBBL,12/26/2024,372.0,378.5,370.0,374.5,-0.4,24056.0,467.0,314.2
MNBBL,12/29/2024,371.0,378.4,371.0,375.0,0.13,25505.0,467.0,314.2
MNBBL,12/31/2024,372.0,377.4,365.2,369.0,-1.6,38517.0,467.0,314.2
MNBBL,1/1/2025,369.0,372.9,365.2,371.0,0.54,11209.0,467.0,314.2
MNBBL,1/2/2025,373.5,373.5,369.0,371.0,0.0,23786.0,467.0,314.2
MNBBL,1/5/2025,375.0,377.0,370.0,370.7,-0.08,29352.0,467.0,314.2
MNBBL,1/6/2025,368.0,375.0,368.0,374.0,0.89,41699.0,467.0,314.2
MNBBL,1/7/2025,377.0,380.0,372.2,372.5,-0.4,26464.0,467.0,314.2
MNBBL,1/8/2025,373.5,376.0,370.0,374.0,0.4,39505.0,467.0,314.2
MNBBL,1/9/2025,374.0,375.0,370.0,372.0,-0.53,29023.0,467.0,314.2
MNBBL,1/12/2025,372.0,376.0,368.5,369.0,-0.81,26023.0,467.0,314.2
MNBBL,1/13/2025,374.0,374.0,367.0,368.9,-0.03,26137.0,467.0,314.2
MNBBL,1/15/2025,370.0,375.0,370.0,370.0,0.3,23005.0,467.0,314.2
MNBBL,1/16/2025,377.4,377.4,368.0,370.5,0.14,23695.0,467.0,314.2
MNBBL,1/19/2025,372.0,372.0,365.0,368.5,-0.54,34167.0,467.0,314.2
MNBBL,1/20/2025,370.0,370.0,365.0,367.5,-0.27,32873.0,467.0,314.2
MNBBL,1/21/2025,367.5,372.0,366.5,367.7,0.05,22615.0,467.0,314.2
MNBBL,1/22/2025,370.3,373.9,369.0,369.3,0.44,53303.0,467.0,314.2
MNBBL,1/23/2025,376.0,376.0,370.0,371.0,0.46,22319.0,467.0,314.2
MNBBL,1/26/2025,369.0,378.4,368.0,370.0,-0.27,76881.0,467.0,314.2
MNBBL,1/27/2025,367.1,371.9,367.1,370.4,0.11,24560.0,467.0,314.2
MNBBL,1/28/2025,372.0,376.6,368.5,376.0,1.51,100356.0,467.0,314.2
MNBBL,2/2/2025,380.0,390.0,377.0,386.0,2.66,102415.0,467.0,314.2
MNBBL,2/3/2025,390.0,392.9,380.2,383.0,-0.78,65185.0,467.0,314.2
MNBBL,2/4/2025,382.0,387.0,376.0,383.0,0.0,53140.0,467.0,314.2
MNBBL,2/5/2025,383.0,386.9,380.0,382.0,-0.26,27810.0,467.0,314.2
MNBBL,2/6/2025,377.3,382.0,377.0,378.6,-0.89,46097.0,467.0,314.2
MNBBL,2/9/2025,378.9,380.0,375.1,376.0,-0.69,33535.0,467.0,314.2
MNBBL,2/10/2025,376.0,376.0,373.5,375.0,-0.27,35738.0,467.0,314.2
MNBBL,2/11/2025,375.0,376.0,372.2,372.8,-0.59,22519.0,467.0,314.2
MNBBL,2/12/2025,370.1,377.0,370.0,372.0,-0.21,34923.0,467.0,314.2
MNBBL,2/13/2025,372.0,373.0,369.0,370.6,-0.38,41021.0,467.0,314.2
MNBBL,2/16/2025,374.0,374.0,370.6,373.0,0.65,34285.0,467.0,314.2
MNBBL,2/17/2025,373.0,376.7,372.2,375.1,0.56,64615.0,467.0,314.2
MNBBL,2/18/2025,379.0,381.0,375.0,376.0,0.24,47097.0,467.0,314.2
MNBBL,2/20/2025,375.0,377.0,371.0,373.0,-0.8,25683.0,467.0,314.2
MNBBL,2/23/2025,366.0,375.0,366.0,372.0,-0.27,50904.0,467.0,314.2
MNBBL,2/24/2025,370.0,374.7,370.0,372.0,0.0,50923.0,467.0,314.2
MNBBL,2/25/2025,373.0,373.9,370.2,371.0,-0.27,29207.0,467.0,314.2
MNBBL,2/27/2025,375.0,385.9,374.0,376.0,1.35,55233.0,467.0,314.2
MNBBL,3/2/2025,383.5,391.9,376.2,391.1,4.02,93412.0,467.0,314.2
MNBBL,3/3/2025,395.0,396.0,386.0,388.5,-0.66,87128.0,467.0,314.2
MNBBL,3/4/2025,380.8,390.0,380.5,383.0,-1.42,58735.0,467.0,314.2
MNBBL,3/5/2025,375.4,384.0,375.4,378.0,-1.31,35637.0,467.0,314.2
MNBBL,3/6/2025,380.0,385.0,378.0,382.5,1.19,53630.0,467.0,314.2
MNBBL,3/9/2025,380.0,384.0,376.6,378.8,-0.97,38570.0,467.0,314.2
MNBBL,3/10/2025,380.0,381.0,375.4,375.4,-0.9,21706.0,467.0,314.2
MNBBL,3/11/2025,375.0,389.2,373.4,378.8,0.91,102971.0,467.0,314.2
MNBBL,3/12/2025,380.1,385.0,377.4,380.0,0.32,42840.0,467.0,314.2
MNBBL,3/16/2025,380.0,381.0,373.0,373.1,-1.82,54347.0,467.0,314.2
MNBBL,3/17/2025,370.0,377.0,370.0,373.0,-0.03,34140.0,467.0,314.2
MNBBL,3/18/2025,380.4,380.4,370.0,371.0,-0.54,40674.0,467.0,314.2
MNBBL,3/19/2025,372.0,373.9,370.0,371.0,0.0,27614.0,467.0,314.2
MNBBL,3/20/2025,370.0,371.9,367.4,368.19,-0.76,31977.0,467.0,314.2
MNBBL,3/23/2025,367.2,369.0,362.2,363.0,-1.41,39040.0,467.0,314.2
MNBBL,3/24/2025,355.8,368.0,355.8,363.93,0.26,19352.0,467.0,314.2
MNBBL,3/25/2025,362.0,365.5,357.5,358.34,-1.54,37783.0,467.0,314.2
MNBBL,3/26/2025,351.2,363.5,351.2,363.19,1.35,16888.0,467.0,314.2
MNBBL,3/27/2025,367.0,367.0,360.0,365.11,0.53,28977.0,467.0,314.2
MNBBL,3/30/2025,366.0,372.0,365.6,367.66,0.7,27046.0,467.0,314.2
MNBBL,4/1/2025,369.0,372.9,363.2,365.69,-0.54,26128.0,467.0,314.2
MNBBL,4/2/2025,360.5,367.9,360.5,363.77,-0.53,21375.0,467.0,314.2
MNBBL,4/3/2025,366.8,366.8,363.8,364.63,0.24,32416.0,467.0,314.2
MNBBL,4/7/2025,367.0,367.0,360.8,361.2,-0.94,18099.0,467.0,314.2
MNBBL,4/8/2025,360.5,362.0,358.1,360.22,-0.27,17902.0,467.0,314.2
MNBBL,4/9/2025,367.0,367.0,361.0,361.55,0.37,16866.0,467.0,314.2
MNBBL,4/10/2025,362.0,364.0,361.3,361.59,0.01,14435.0,467.0,314.2
MNBBL,4/13/2025,361.0,363.0,360.0,360.55,-0.29,20921.0,467.0,314.2
MNBBL,4/15/2025,359.0,363.0,358.2,361.9,0.37,19955.0,467.0,314.2
MNBBL,4/16/2025,362.5,364.0,360.3,361.99,0.02,17645.0,467.0,314.2
MNBBL,4/17/2025,364.0,366.9,363.0,365.46,0.96,26762.0,467.0,314.2
MNBBL,4/20/2025,366.0,369.0,363.0,365.59,0.04,31328.0,467.0,314.2
MNBBL,4/21/2025,364.0,365.0,361.0,362.0,-0.98,14764.0,467.0,314.2
MNBBL,4/22/2025,361.0,362.0,359.0,360.7,-0.36,24970.0,467.0,314.2
MNBBL,4/23/2025,358.4,362.0,356.1,357.45,-0.9,16695.0,467.0,314.2
MNBBL,4/24/2025,355.8,359.0,355.5,356.39,-0.3,32300.0,467.0,314.2
MNBBL,4/27/2025,361.9,361.9,356.0,356.39,0.0,22090.0,467.0,314.2
MNBBL,4/28/2025,355.2,360.5,355.0,356.43,0.01,20578.0,467.0,314.2
MNBBL,4/29/2025,356.43,359.0,353.5,354.75,-0.47,33314.0,467.0,314.2
MNBBL,4/30/2025,354.1,359.0,353.2,353.78,-0.27,22673.0,467.0,314.2
MNBBL,5/4/2025,352.1,357.9,352.1,353.81,0.01,15389.0,467.0,314.2
MNBBL,5/5/2025,353.5,355.0,351.2,352.2,-0.46,23659.0,467.0,314.2
MNBBL,5/6/2025,352.6,354.9,350.1,350.46,-0.49,26957.0,467.0,314.2
MNBBL,5/7/2025,350.2,360.0,349.0,357.28,1.95,41245.0,467.0,314.2
MNBBL,5/8/2025,355.1,359.8,354.6,355.55,-0.48,27269.0,467.0,314.2
MNBBL,5/11/2025,358.0,359.0,355.0,357.97,0.68,19803.0,467.0,314.2
MNBBL,5/13/2025,358.9,366.5,354.0,359.15,0.33,47049.0,467.0,314.2
MNBBL,5/14/2025,360.0,370.0,358.2,365.57,1.79,60679.0,467.0,314.2
MNBBL,5/15/2025,370.0,370.0,362.7,367.1,0.42,41470.0,467.0,314.2
MNBBL,5/18/2025,368.0,371.0,362.7,364.22,-0.78,26543.0,467.0,314.2
MNBBL,5/19/2025,365.0,366.0,358.2,362.62,-0.44,27479.0,467.0,314.2
MNBBL,5/20/2025,363.1,367.0,358.0,366.04,0.94,24152.0,467.0,314.2
MNBBL,5/21/2025,370.0,380.0,365.0,365.54,-0.14,51203.0,467.0,314.2
MNBBL,5/22/2025,367.0,371.0,365.0,368.57,0.83,27079.0,467.0,314.2
MNBBL,5/25/2025,369.0,369.0,364.5,365.7,-0.78,18803.0,467.0,314.2
MNBBL,5/26/2025,373.0,374.0,365.1,365.75,0.01,31325.0,467.0,314.2
MNBBL,5/27/2025,366.0,368.0,361.6,367.21,0.4,14238.0,467.0,314.2
MNBBL,5/28/2025,366.0,371.9,360.4,369.4,0.6,35910.0,467.0,314.2
MNBBL,6/2/2025,376.0,376.0,365.5,366.21,-0.86,28491.0,467.0,314.2
MNBBL,6/3/2025,362.1,366.0,362.1,362.5,-1.01,16303.0,467.0,314.2
MNBBL,6/4/2025,359.1,364.6,359.1,360.56,-0.54,14790.0,467.0,314.2
MNBBL,6/5/2025,360.0,362.0,358.1,359.53,-0.29,25243.0,467.0,314.2
MNBBL,6/8/2025,365.0,365.0,358.2,359.22,-0.09,34313.0,467.0,314.2
MNBBL,6/9/2025,358.0,363.9,357.3,359.99,0.21,17559.0,467.0,314.2
MNBBL,6/10/2025,366.0,366.0,360.1,360.74,0.21,32398.0,467.0,314.2
MNBBL,6/11/2025,358.2,365.0,358.1,363.44,0.75,30423.0,467.0,314.2
MNBBL,6/12/2025,368.0,368.0,359.6,360.92,-0.69,36879.0,467.0,314.2
MNBBL,6/15/2025,363.0,365.5,359.3,359.39,-0.42,47222.0,467.0,314.2
MNBBL,6/16/2025,357.1,362.0,357.1,359.62,0.06,23361.0,467.0,314.2
MNBBL,6/17/2025,362.3,363.5,359.0,359.0,-0.17,24516.0,467.0,314.2
MNBBL,6/18/2025,359.0,361.0,358.3,358.84,-0.04,26278.0,467.0,314.2
MNBBL,6/19/2025,358.0,360.0,355.9,357.82,-0.28,52103.0,467.0,314.2
MNBBL,6/22/2025,355.7,361.0,355.0,355.8,-0.56,36129.0,467.0,314.2
MNBBL,6/23/2025,357.0,358.0,354.3,356.01,0.06,19703.0,467.0,314.2
MNBBL,6/24/2025,355.3,357.8,353.7,354.06,-0.55,45315.0,467.0,314.2
MNBBL,6/25/2025,354.2,355.0,353.1,354.28,0.06,25076.0,467.0,314.2
MNBBL,6/26/2025,354.0,354.8,352.4,354.0,-0.08,22749.0,467.0,314.2
MNBBL,6/29/2025,354.0,355.0,353.0,354.61,0.17,29890.0,467.0,314.2
MNBBL,6/30/2025,358.0,359.0,355.0,356.64,0.57,15438.0,467.0,314.2
MNBBL,7/1/2025,356.64,361.0,356.0,359.58,0.82,32677.0,467.0,314.2
MNBBL,7/2/2025,361.8,367.0,357.2,364.9,1.48,52887.0,467.0,314.2
MNBBL,7/3/2025,369.0,393.0,369.0,382.65,4.86,180602.0,467.0,314.2
MNBBL,7/6/2025,386.0,390.0,381.0,381.93,-0.19,64069.0,467.0,314.2
MNBBL,7/7/2025,377.2,383.9,373.0,373.93,-2.09,57711.0,467.0,314.2
MNBBL,7/8/2025,379.0,385.0,370.2,380.35,1.72,58021.0,467.0,314.2
MNBBL,7/9/2025,380.0,385.5,379.0,383.38,0.8,40247.0,467.0,314.2
MNBBL,7/10/2025,385.0,392.5,382.0,389.25,1.53,93123.0,467.0,314.2
MNBBL,7/13/2025,397.0,402.9,391.0,398.76,2.44,134966.0,467.0,314.2
MNBBL,7/14/2025,397.0,403.0,390.0,390.13,-2.16,79237.0,467.0,314.2
MNBBL,7/15/2025,392.0,394.9,388.1,393.16,0.78,64732.0,467.0,314.2
MNBBL,7/16/2025,392.2,408.0,392.2,405.92,3.25,184013.0,467.0,314.2
MNBBL,7/17/2025,410.0,421.3,410.0,419.99,3.47,201905.0,467.0,314.2
MNBBL,7/20/2025,428.3,441.9,422.0,429.33,2.22,412854.0,467.0,314.2
MNBBL,7/21/2025,435.0,454.0,427.0,446.09,3.9,474799.0,467.0,314.2
MNBBL,7/22/2025,450.0,477.0,445.0,466.66,4.61,575106.0,467.0,314.2
MNBBL,7/23/2025,470.0,471.0,455.0,464.58,-0.45,358311.0,467.0,314.2
MNBBL,7/24/2025,458.0,479.9,455.8,473.72,1.97,480131.0,467.0,314.2
MNBBL,7/27/2025,469.9,498.7,469.9,484.35,2.24,575276.0,467.0,314.2
MNBBL,7/28/2025,475.1,503.0,471.0,491.32,1.44,542936.0,467.0,314.2
MNBBL,7/29/2025,501.1,501.1,483.0,489.55,-0.36,364259.0,467.0,314.2
MNBBL,7/30/2025,488.0,490.1,474.0,475.58,-2.85,335832.0,467.0,314.2
MNBBL,7/31/2025,470.0,480.0,463.0,465.01,-2.22,406806.0,467.0,314.2
MNBBL,8/3/2025,465.0,466.0,451.3,453.8,-2.41,256685.0,467.0,314.2
MNBBL,8/4/2025,455.0,462.6,442.1,455.07,0.28,259399.0,467.0,314.2
MNBBL,8/5/2025,453.1,464.1,443.8,444.77,-2.26,151966.0,467.0,314.2
MNBBL,8/6/2025,440.1,446.7,440.1,442.08,-0.6,93452.0,467.0,314.2
MNBBL,8/7/2025,436.0,448.0,436.0,442.51,0.1,107167.0,467.0,314.2
MNBBL,8/11/2025,450.0,450.0,435.2,438.23,-0.97,140512.0,467.0,314.2
MNBBL,8/12/2025,440.0,440.0,430.0,437.11,-0.26,155224.0,467.0,314.2
MNBBL,8/13/2025,431.0,443.0,430.1,439.34,0.51,104667.0,467.0,314.2
MNBBL,8/14/2025,448.0,448.0,438.0,444.48,1.17,122383.0,467.0,314.2
MNBBL,8/17/2025,452.0,467.5,447.1,457.44,2.92,416950.0,467.0,314.2
MNBBL,8/18/2025,457.0,464.0,452.0,457.92,0.1,139748.0,467.0,314.2
MNBBL,8/19/2025,462.0,469.3,456.0,458.15,0.05,250783.0,467.0,314.2
MNBBL,8/20/2025,459.0,462.0,449.0,451.37,-1.48,131958.0,467.0,314.2
MNBBL,8/21/2025,447.0,456.0,444.0,445.17,-1.37,123854.0,467.0,314.2
MNBBL,8/24/2025,445.0,450.0,433.5,434.58,-2.38,176784.0,467.0,314.2
MNBBL,8/25/2025,433.1,440.0,429.6,438.27,0.85,119543.0,467.0,314.2
MNBBL,8/26/2025,440.0,450.0,436.1,444.8,1.49,59396.0,467.0,314.2
MNBBL,8/27/2025,449.0,477.0,441.1,460.75,3.59,260167.0,467.0,314.2
MNBBL,8/28/2025,465.0,465.0,446.2,448.65,-2.63,199228.0,467.0,314.2
MNBBL,8/31/2025,445.0,449.0,440.1,441.63,-1.56,101462.0,467.0,314.2
MNBBL,9/1/2025,450.4,450.4,438.0,447.02,1.22,107160.0,467.0,314.2
MNBBL,9/2/2025,455.0,455.0,445.0,445.96,-0.24,68583.0,467.0,314.2
MNBBL,9/3/2025,448.9,448.9,440.0,441.6,-0.98,70192.0,467.0,314.2
MNBBL,9/4/2025,449.0,449.0,439.0,441.83,0.05,52967.0,467.0,314.2
MNBBL,9/7/2025,450.6,450.6,436.0,442.34,0.12,49580.0,467.0,314.2
MNBBL,9/8/2025,450.0,450.0,436.0,437.63,-1.06,86081.0,467.0,314.2
MNBBL,9/18/2025,430.0,433.5,416.1,426.0,-2.66,35074.0,467.0,314.2
MNBBL,9/21/2025,426.0,452.0,425.0,450.84,5.83,270887.0,467.0,314.2
MNBBL,9/23/2025,455.9,464.0,448.0,457.0,1.37,156849.0,467.0,314.2
MNBBL,9/24/2025,457.0,465.2,450.0,456.7,-0.07,173277.0,467.0,314.2
MNBBL,9/25/2025,456.7,460.0,454.0,459.5,0.61,77843.0,467.0,314.2
MNBBL,9/28/2025,463.0,464.0,457.0,459.7,0.04,91917.0,467.0,314.2
MNBBL,10/7/2025,463.0,464.0,456.3,457.1,-0.57,117960.0,467.0,314.2
MNBBL,10/8/2025,460.0,460.0,440.0,442.5,-3.19,272379.0,467.0,314.2
MNBBL,10/9/2025,451.3,467.0,438.3,442.0,-0.11,270324.0,467.0,314.2
MNBBL,10/12/2025,448.0,448.0,426.4,432.0,-2.26,310008.0,467.0,314.2
MNBBL,10/13/2025,440.0,443.0,432.0,440.0,1.85,113623.0,467.0,314.2
MNBBL,10/14/2025,442.0,443.0,436.3,438.0,-0.45,91570.0,467.0,314.2
MNBBL,10/15/2025,437.0,438.1,434.3,435.8,-0.5,88617.0,467.0,314.2
MNBBL,10/16/2025,439.9,440.0,435.0,435.5,-0.07,350740.0,467.0,314.2
MNBBL,10/19/2025,376.0,377.0,364.0,370.5,-14.93,79370.0,467.0,314.2
MNBBL,10/26/2025,369.0,370.0,363.0,365.0,-1.48,39269.0,467.0,314.2
MNBBL,10/28/2025,365.0,380.0,363.5,374.5,2.6,64227.0,467.0,314.2
MNBBL,10/29/2025,375.5,380.0,370.0,372.0,-0.67,41568.0,467.0,314.2
MNBBL,10/30/2025,376.0,376.0,368.3,372.0,0.0,41295.0,467.0,314.2
MNBBL,11/2/2025,376.0,379.4,372.0,374.3,0.62,68908.0,467.0,314.2
MNBBL,11/3/2025,375.0,380.9,370.0,372.0,-0.61,50929.0,467.0,314.2
MNBBL,11/4/2025,373.0,375.0,367.0,369.0,-0.81,44511.0,467.0,314.2
MNBBL,11/5/2025,366.2,370.0,360.0,364.0,-1.36,61427.0,467.0,314.2
MNBBL,11/6/2025,357.7,365.0,356.0,357.0,-1.92,72779.0,467.0,314.2
MNBBL,11/9/2025,364.1,364.1,353.5,353.6,-0.95,36008.0,467.0,314.2
MNBBL,11/10/2025,353.0,354.0,349.0,350.9,-0.76,40402.0,467.0,314.2
MNBBL,11/11/2025,351.1,351.1,345.0,349.0,-0.54,50438.0,467.0,314.2
MNBBL,11/12/2025,350.9,354.0,346.5,347.0,-0.57,13690.0,467.0,314.2
MNBBL,11/13/2025,346.0,348.0,343.6,347.4,0.12,28739.0,467.0,314.2
MNBBL,11/16/2025,344.1,347.2,344.1,347.0,-0.12,18662.0,467.0,314.2
MNBBL,11/17/2025,347.0,348.5,345.7,347.0,0.0,22281.0,467.0,314.2
MNBBL,11/18/2025,348.7,355.0,348.0,352.0,1.44,42886.0,467.0,314.2
MNBBL,11/19/2025,354.7,358.7,348.3,348.5,-0.99,25921.0,467.0,314.2
MNBBL,11/20/2025,349.8,349.8,345.0,347.0,-0.43,24615.0,467.0,314.2
MNBBL,11/23/2025,347.0,353.0,345.0,352.9,1.7,39475.0,467.0,314.2
MNBBL,11/24/2025,352.9,360.0,352.9,358.5,1.59,42249.0,467.0,314.2
MNBBL,11/25/2025,357.6,359.8,354.0,356.8,-0.47,37304.0,467.0,314.2
MNBBL,11/26/2025,355.0,358.7,352.0,357.0,0.06,24715.0,467.0,314.2
MNBBL,11/27/2025,355.0,358.2,354.0,356.8,-0.06,26433.0,467.0,314.2
MNBBL,11/30/2025,359.0,359.0,353.5,353.5,-0.92,24193.0,467.0,314.2
MNBBL,12/1/2025,354.0,355.0,351.9,353.2,-0.08,21246.0,467.0,314.2
MNBBL,12/2/2025,355.8,355.8,350.5,351.0,-0.62,12546.0,467.0,314.2
MNBBL,12/3/2025,354.0,354.0,345.4,347.9,-0.88,47587.0,467.0,314.2
MNBBL,12/7/2025,347.5,351.3,344.0,345.0,-0.83,48961.0,467.0,314.2
MNBBL,12/8/2025,347.9,347.9,341.3,342.2,-0.81,40530.0,467.0,314.2
MNBBL,12/9/2025,345.0,345.0,341.4,343.0,0.23,17815.0,467.0,314.2
MNBBL,12/10/2025,342.0,345.0,342.0,343.0,0.0,28584.0,467.0,314.2
MNBBL,12/11/2025,347.0,349.1,343.0,344.0,0.29,29195.0,467.0,314.2
MNBBL,12/14/2025,346.9,346.9,342.5,342.5,-0.44,18350.0,467.0,314.2
MNBBL,12/15/2025,343.5,345.7,342.1,344.9,0.7,33298.0,467.0,314.2
MNBBL,12/16/2025,346.5,351.7,345.0,351.6,1.94,28205.0,467.0,314.2
MNBBL,12/17/2025,351.9,354.9,348.2,351.0,-0.17,32222.0,467.0,314.2
MNBBL,12/18/2025,353.8,353.8,348.0,349.0,-0.57,21513.0,467.0,314.2
MNBBL,12/21/2025,349.0,350.0,346.0,347.0,-0.57,12801.0,467.0,314.2
MNBBL,12/22/2025,347.0,348.4,344.0,344.0,-0.86,18902.0,467.0,314.2
MNBBL,12/23/2025,347.5,347.5,342.5,343.6,-0.12,17441.0,467.0,314.2
MNBBL,12/24/2025,340.1,345.0,340.1,342.6,-0.29,40508.0,467.0,314.2
MNBBL,12/28/2025,346.0,352.0,343.1,350.0,2.16,50133.0,467.0,314.2
MNBBL,12/29/2025,350.0,359.9,347.2,353.6,1.03,101469.0,467.0,314.2
MNBBL,12/31/2025,348.8,357.9,348.0,354.9,0.37,30485.0,467.0,314.2
MNBBL,1/1/2026,355.0,355.0,350.2,352.0,-0.82,28968.0,467.0,314.2
MNBBL,1/4/2026,350.0,353.0,346.0,346.0,-1.7,38670.0,467.0,314.2
MNBBL,1/5/2026,347.0,353.9,345.0,351.0,1.45,47306.0,467.0,314.2
MNBBL,1/6/2026,353.9,355.7,350.0,353.8,0.8,47759.0,467.0,314.2
MNBBL,1/7/2026,354.9,355.0,350.0,352.0,-0.51,29813.0,467.0,314.2
MNBBL,1/8/2026,352.0,352.0,348.5,350.0,-0.57,21943.0,467.0,314.2
MNBBL,1/12/2026,350.0,354.0,349.3,351.0,0.29,32646.0,467.0,314.2
MNBBL,1/13/2026,352.0,354.0,348.0,349.2,-0.51,39171.0,467.0,314.2
MNBBL,1/14/2026,353.9,354.8,347.1,349.0,-0.06,62805.0,467.0,314.2
MNBBL,1/18/2026,347.0,367.0,346.6,367.0,5.16,126744.0,467.0,314.2
MNBBL,1/20/2026,368.9,380.0,362.0,374.0,1.91,172840.0,467.0,314.2
MNBBL,1/21/2026,377.9,379.9,368.0,371.9,-0.56,84566.0,467.0,314.2
MNBBL,1/22/2026,367.0,395.0,366.0,388.0,4.33,88444.0,467.0,314.2
MNBBL,1/25/2026,390.5,390.5,377.0,386.6,-0.36,112505.0,467.0,314.2
MNBBL,1/26/2026,388.0,388.0,372.8,376.5,-2.61,131865.0,467.0,314.2
MNBBL,1/27/2026,380.0,380.0,363.1,365.0,-3.05,109414.0,467.0,314.2
MNBBL,1/28/2026,365.0,369.8,360.2,364.0,-0.27,49437.0,467.0,314.2
MNBBL,1/29/2026,365.1,369.4,362.1,362.1,-0.52,82065.0,467.0,314.2
MNBBL,2/1/2026,362.0,365.0,358.5,363.8,0.47,57012.0,467.0,314.2
MNBBL,2/2/2026,364.0,365.1,360.1,364.8,0.27,36582.0,467.0,314.2
MNBBL,2/3/2026,365.9,368.0,361.6,362.3,-0.69,50652.0,467.0,314.2
MNBBL,2/4/2026,361.0,366.8,359.0,363.3,0.28,51887.0,467.0,314.2
MNBBL,2/5/2026,361.0,370.0,360.0,369.1,1.6,58013.0,467.0,314.2
MNBBL,2/8/2026,370.9,376.0,370.0,371.5,0.65,55374.0,467.0,314.2
MNBBL,2/9/2026,364.1,386.0,364.0,365.8,-1.53,77716.0,467.0,314.2
MNBBL,2/10/2026,367.0,367.0,360.0,360.5,-1.45,42278.0,467.0,314.2
MNBBL,2/11/2026,367.7,370.0,360.6,361.3,0.22,40706.0,467.0,314.2
MNBBL,2/12/2026,360.8,366.0,360.0,364.8,0.97,50073.0,467.0,314.2
MNBBL,2/16/2026,369.0,369.0,362.1,363.0,-0.49,32026.0,467.0,314.2
MNBBL,2/17/2026,363.0,366.0,358.7,359.0,-1.1,47763.0,467.0,314.2
MNBBL,2/22/2026,359.9,362.0,353.2,354.0,-1.39,59096.0,467.0,314.2
MNBBL,2/23/2026,353.7,359.0,353.7,357.8,1.07,27626.0,467.0,314.2
MNBBL,2/24/2026,356.0,362.0,356.0,359.9,0.59,19432.0,467.0,314.2
MNBBL,2/25/2026,360.0,363.4,358.4,361.5,0.44,28787.0,467.0,314.2
MNBBL,2/26/2026,361.5,363.9,359.5,360.4,-0.3,31566.0,467.0,314.2
MNBBL,2/27/2026,361.5,363.9,359.5,360.4,0.0,31566.0,467.0,314.2
MNBBL,2/28/2026,361.5,363.9,359.5,360.4,0.0,31566.0,467.0,314.2
MNBBL,3/2/2026,360.0,366.2,356.3,366.0,1.55,44163.0,467.0,314.2
MNBBL,3/3/2026,366.0,374.0,362.0,371.0,1.37,43932.0,467.0,314.2
MNBBL,3/4/2026,366.0,374.0,362.0,371.0,0.0,43932.0,467.0,314.2
MNBBL,3/5/2026,366.0,374.0,362.0,371.0,0.0,43932.0,467.0,314.2
MNBBL,3/6/2026,366.0,374.0,362.0,371.0,0.0,43932.0,467.0,314.2
MNBBL,3/7/2026,366.0,374.0,362.0,371.0,0.0,43932.0,467.0,314.2
MNBBL,3/8/2026,366.0,374.0,362.0,371.0,0.0,43932.0,467.0,314.2
MNBBL,3/9/2026,378.4,385.9,378.4,385.9,4.02,888.0,467.0,314.2
MNBBL,3/10/2026,393.6,407.0,385.0,393.0,1.84,274867.0,467.0,314.2
MNBBL,3/11/2026,400.0,400.0,385.3,388.0,-1.27,91010.0,467.0,314.2
MNBBL,3/12/2026,382.2,394.0,381.3,389.7,0.44,96884.0,467.0,314.2
MNBBL,3/13/2026,382.2,394.0,381.3,389.7,0.0,96884.0,467.0,314.2
MNBBL,3/14/2026,382.2,394.0,381.3,389.7,0.0,96884.0,467.0,314.2
MNBBL,3/15/2026,390.0,397.0,390.0,391.0,0.33,104709.0,467.0,314.2
MNBBL,3/16/2026,391.0,392.0,385.0,385.0,-1.53,62110.0,467.0,314.2
MNBBL,3/17/2026,388.9,388.9,382.0,385.9,0.23,37662.0,467.0,314.2
MNBBL,3/18/2026,388.9,388.9,382.0,385.9,0.0,37662.0,467.0,314.2
MNBBL,3/19/2026,387.0,402.0,387.0,400.1,3.68,206199.0,467.0,314.2
MNBBL,3/20/2026,387.0,402.0,387.0,400.1,0.0,206199.0,467.0,314.2
MNBBL,3/21/2026,387.0,402.0,387.0,400.1,0.0,206199.0,467.0,314.2
MNBBL,3/22/2026,408.0,411.0,405.0,408.0,1.97,239204.0,467.0,314.2
MNBBL,3/23/2026,412.4,412.4,401.1,405.5,-0.61,105361.0,467.0,314.2
MNBBL,3/24/2026,409.0,409.5,401.1,404.9,-0.15,66971.0,467.0,314.2
MNBBL,3/25/2026,404.0,409.0,401.0,401.0,-0.96,74481.0,467.0,314.2
MNBBL,3/26/2026,401.0,401.0,396.0,399.1,-0.47,66451.0,467.0,314.2
MNBBL,3/29/2026,397.0,401.1,387.2,387.2,-2.47,103349.0,467.0,314.2
MNBBL,3/30/2026,385.0,389.8,376.0,379.8,-1.35,107896.0,467.0,314.2
MNBBL,3/31/2026,375.2,385.5,373.0,384.5,2.48,76188.0,467.0,314.2
MNBBL,4/1/2026,381.1,383.8,371.0,373.2,-2.07,78799.0,467.0,314.2
MNBBL,4/2/2026,369.0,377.1,362.2,374.9,1.6,66300.0,467.0,314.2
MNBBL,4/5/2026,375.0,375.0,363.0,364.0,-2.93,88150.0,467.0,314.2
MNBBL,4/6/2026,360.2,379.4,359.0,377.0,4.66,59589.0,467.0,314.2
MNBBL,4/7/2026,379.9,381.5,374.5,375.1,-1.26,46124.0,467.0,314.2
MNBBL,4/8/2026,375.1,381.8,375.1,381.8,1.79,34300.0,467.0,314.2
MNBBL,4/9/2026,382.0,386.0,380.2,385.5,0.92,48228.0,467.0,314.2
MNBBL,4/10/2026,386.0,387.0,377.8,381.0,-1.3,65444.0,467.0,314.2
MNBBL,4/13/2026,386.0,386.0,378.0,379.0,-1.81,36545.0,467.0,314.2
MNBBL,4/15/2026,382.0,385.0,380.0,383.9,0.5,38263.0,467.0,314.2
MNBBL,4/16/2026,386.0,386.0,378.0,379.0,-1.81,36358.0,467.0,314.2
MNBBL,4/17/2026,383.9,383.9,375.0,378.0,-1.54,30508.0,467.0,314.2
MNBBL,4/20/2026,378.0,381.9,375.0,379.9,0.5,24467.0,467.0,314.2
MNBBL,4/21/2026,379.0,383.0,375.1,375.6,-0.9,15677.0,467.0,314.2
MNBBL,4/22/2026,376.0,377.9,370.2,375.9,-0.03,31794.0,467.0,314.2
MNBBL,4/23/2026,380.0,380.0,371.1,375.0,-1.32,21865.0,467.0,314.2
MNBBL,4/24/2026,375.0,375.0,369.0,375.0,0.0,34176.0,467.0,314.2
MNBBL,4/27/2026,375.0,380.0,370.3,373.0,-0.53,25198.0,467.0,314.2
MNBBL,4/28/2026,373.0,376.0,370.0,371.0,-0.54,34221.0,467.0,314.2
MNBBL,4/29/2026,371.0,374.9,368.6,368.6,-0.65,33562.0,467.0,314.2
MNBBL,4/30/2026,371.0,372.0,366.0,372.0,0.27,28768.0,467.0,314.2
MNBBL,5/4/2026,371.0,375.0,367.0,369.0,-0.54,21605.0,467.0,314.2
MNBBL,5/5/2026,367.0,372.5,364.0,367.0,0.0,28439.0,467.0,314.2
MNBBL,5/6/2026,372.0,372.0,368.0,368.0,-1.08,11261.0,467.0,314.2
MNBBL,5/7/2026,372.0,372.0,365.0,368.1,-1.05,15551.0,467.0,314.2
MNBBL,5/8/2026,366.0,371.9,366.0,371.9,1.61,17577.0,467.0,314.2
MNBBL,5/11/2026,375.0,377.0,373.9,375.8,0.21,24066.0,467.0,314.2
MNBBL,5/12/2026,375.8,379.8,373.0,374.2,-0.43,23009.0,467.0,314.2
MNBBL,5/13/2026,374.0,375.0,370.0,374.0,0.0,18670.0,467.0,314.2
MNBBL,5/14/2026,376.8,376.8,372.0,372.0,-1.27,12887.0,467.0,314.2
MNBBL,5/15/2026,375.0,375.7,370.3,371.0,-1.07,12620.0,467.0,314.2
MNBBL,5/18/2026,375.0,375.0,369.5,370.0,-1.33,22615.0,467.0,314.2
MNBBL,5/19/2026,370.1,373.4,369.0,369.0,-0.3,18522.0,467.0,314.2
MNBBL,5/20/2026,370.0,374.0,370.0,373.9,1.05,29521.0,467.0,314.2
MNBBL,5/21/2026,376.0,376.0,371.5,372.1,-1.04,19381.0,467.0,314.2
MNBBL,5/22/2026,375.0,375.0,370.5,372.9,-0.56,18925.0,467.0,314.2
MNBBL,5/25/2026,374.3,379.0,374.0,376.0,0.45,32172.0,467.0,314.2
MNBBL,5/26/2026,376.0,379.0,374.0,375.0,-0.27,12520.0,467.0,314.2
MNBBL,5/27/2026,376.5,377.0,371.0,376.0,-0.13,33110.0,467.0,314.2
MNBBL,6/1/2026,378.0,379.0,373.0,375.0,-0.79,15713.0,467.0,314.2
MNBBL,6/2/2026,373.0,377.0,372.0,374.1,0.29,33473.0,467.0,314.2
MNBBL,6/3/2026,378.0,378.8,374.0,377.5,-0.13,31663.0,467.0,314.2
MNBBL,6/4/2026,379.5,379.5,374.0,375.5,-1.05,16634.0,467.0,314.2
MNBBL,6/5/2026,376.0,377.0,373.0,375.0,-0.27,21423.0,467.0,314.2
MNBBL,6/8/2026,373.0,378.0,370.0,370.0,-0.8,35044.0,467.0,314.2
MNBBL,6/9/2026,377.9,377.9,367.0,374.0,-1.03,48308.0,467.0,314.2
MNBBL,6/10/2026,373.5,377.0,373.0,374.5,0.27,27215.0,467.0,314.2
MNBBL,6/11/2026,376.0,376.0,371.0,375.0,-0.27,32275.0,467.0,314.2
MNBBL,6/12/2026,374.0,375.5,372.0,375.0,0.27,25419.0,467.0,314.2
MNBBL,6/15/2026,374.0,375.4,372.4,373.0,-0.27,17978.0,467.0,314.2
MNBBL,6/16/2026,372.0,372.9,370.0,370.0,-0.54,32262.0,467.0,314.2
MNBBL,6/17/2026,370.0,374.0,369.0,372.1,0.57,13568.0,467.0,314.2
MNBBL,6/18/2026,373.9,373.9,370.0,371.5,-0.64,6663.0,467.0,314.2
MNBBL,6/19/2026,372.0,372.0,369.0,371.5,-0.13,30138.0,467.0,314.2
MNBBL,6/22/2026,371.5,372.4,369.7,370.0,-0.4,20128.0,467.0,314.2
MNBBL,6/23/2026,368.2,370.5,368.2,370.0,0.49,32212.0,467.0,314.2
MNBBL,6/24/2026,368.0,375.0,365.1,370.0,0.54,42135.0,467.0,314.2
MNBBL,6/26/2026,369.0,369.0,365.2,366.9,-0.57,51617.0,467.0,314.2
MNBBL,6/29/2026,370.0,371.0,360.1,365.0,-1.35,20958.0,467.0,314.2
MNBBL,6/30/2026,365.0,365.1,362.0,362.5,-0.68,24239.0,467.0,314.2
MNBBL,7/1/2026,362.0,369.0,362.0,367.9,1.63,13722.0,467.0,314.2
MNBBL,7/2/2026,363.0,369.0,363.0,367.8,1.32,10559.0,467.0,314.2
MNBBL,7/3/2026,368.9,368.9,365.0,366.0,-0.79,31153.0,467.0,314.2
MNBBL,7/6/2026,366.0,367.5,362.0,364.0,-0.55,38117.0,467.0,314.2
MNBBL,7/7/2026,358.0,365.7,358.0,364.0,1.68,34542.0,467.0,314.2
MNBBL,7/8/2026,363.0,365.0,362.0,365.0,0.55,21812.0,467.0,314.2
MNBBL,7/9/2026,365.0,365.7,362.0,363.0,-0.55,50083.0,467.0,314.2
MNBBL,7/10/2026,366.7,366.7,362.0,362.0,-1.28,36985.0,467.0,314.2
MNBBL,7/13/2026,362.0,364.9,359.1,360.0,-0.55,33147.0,467.0,314.2
MNBBL,7/14/2026,362.8,364.0,357.4,360.0,-0.77,31081.0,467.0,314.2
MNBBL,7/15/2026,361.1,366.0,361.1,362.4,0.36,15584.0,467.0,314.2
MNBBL,7/16/2026,362.4,367.9,362.0,362.9,0.14,12086.0,467.0,314.2
MNBBL,7/17/2026,369.8,371.8,365.0,370.0,0.05,23996.0,467.0,314.2
MNBBL,7/20/2026,373.0,376.1,370.1,376.0,0.8,25911.0,467.0,314.2
MNBBL,7/21/2026,376.8,379.9,372.0,376.0,-0.21,41586.0,467.0,314.2
MNBBL,7/22/2026,376.5,377.5,372.0,372.0,-1.2,28844.0,467.0,314.2
MNBBL,7/23/2026,370.0,377.0,368.1,377.0,1.89,25308.0,467.0,314.2
MNBBL,7/24/2026,379.0,380.0,375.1,377.0,-0.53,25623.0,467.0,314.2
MNBBL,7/27/2026,365.0,380.0,365.0,375.0,2.74,25680.0,467.0,314.2
MNBBL,7/28/2026,375.0,376.9,371.1,372.2,-0.75,10581.0,467.0,314.2
MNBBL,7/29/2026,374.0,374.0,370.0,371.2,-0.75,20289.0,467.0,314.2
MNBBL,7/30/2026,372.0,375.0,369.0,370.0,-0.54,22877.0,467.0,314.2
MNBBL,7/31/2026,371.8,372.9,368.0,370.7,-0.3,29292.0,467.0,314.2
MNBBL,8/3/2026,375.0,375.0,370.5,371.3,-0.99,25745.0,467.0,314.2
MNBBL,8/4/2026,373.0,373.0,368.0,370.5,-0.67,19767.0,467.0,314.2
MNBBL,8/5/2026,372.0,372.0,368.0,369.0,-0.81,22207.0,467.0,314.2
MNBBL,8/6/2026,370.0,370.0,367.0,369.5,-0.14,10573.0,467.0,314.2
MNBBL,8/7/2026,368.0,369.8,366.0,366.3,-0.46,17348.0,467.0,314.2
MNBBL,8/10/2026,367.0,370.9,366.0,366.8,-0.05,9170.0,467.0,314.2
MNBBL,8/11/2026,365.0,368.0,365.0,366.8,0.49,17948.0,467.0,314.2
MNBBL,8/12/2026,368.8,368.8,362.0,365.0,-1.03,39825.0,467.0,314.2
MNBBL,8/13/2026,366.0,366.0,363.5,365.0,-0.27,16506.0,467.0,314.2
MNBBL,8/14/2026,365.0,368.0,363.1,363.2,-0.49,22120.0,467.0,314.2
MNBBL,8/17/2026,363.2,363.9,361.1,363.0,-0.06,39694.0,467.0,314.2
MNBBL,8/18/2026,364.0,364.0,360.4,361.0,-0.82,32160.0,467.0,314.2
MNBBL,8/19/2026,361.9,365.0,359.5,361.0,-0.25,33448.0,467.0,314.2
MNBBL,8/20/2026,361.0,362.7,359.2,360.0,-0.28,35952.0,467.0,314.2
MNBBL,8/21/2026,360.0,364.0,360.0,361.0,0.28,23842.0,467.0,314.2
MNBBL,8/24/2026,361.0,363.0,358.3,358.6,-0.66,22749.0,467.0,314.2
MNBBL,8/25/2026,365.0,365.0,356.0,358.3,-1.84,19955.0,467.0,314.2
MNBBL,8/26/2026,358.3,362.0,353.4,357.0,-0.36,34574.0,467.0,314.2
MNBBL,8/27/2026,353.3,359.4,353.2,357.0,1.05,14896.0,467.0,314.2
MNBBL,8/31/2026,353.2,356.0,351.0,353.0,-0.06,23052.0,467.0,314.2
MNBBL,9/1/2026,353.0,356.0,350.2,353.3,0.08,11365.0,467.0,314.2
MNBBL,9/2/2026,353.0,355.9,353.0,354.9,0.54,15015.0,467.0,314.2
MNBBL,9/3/2026,356.0,357.5,355.0,356.9,0.25,28287.0,467.0,314.2
MNBBL,9/7/2026,356.0,356.0,346.0,346.0,-2.81,106524.0,467.0,314.2
MNBBL,9/9/2026,340.0,344.0,316.5,318.4,-6.35,209434.0,467.0,314.2
MNBBL,9/10/2026,318.0,328.7,314.2,325.6,2.39,95324.0,467.0,314.2
MNBBL,9/11/2026,326.5,335.0,324.4,332.3,1.78,51019.0,467.0,314.2
MNBBL,9/14/2026,333.0,337.0,330.0,335.1,0.63,32146.0,467.0,314.2
MNBBL,9/15/2026,351.0,351.0,337.0,340.0,-3.13,70972.0,467.0,314.2
MNBBL,9/16/2026,340.0,340.0,335.0,336.0,-1.18,30889.0,467.0,314.2
MNBBL,9/17/2026,340.0,341.0,333.0,335.0,-1.47,42382.0,467.0,314.2
MNBBL,9/18/2026,337.0,338.0,334.1,336.0,-0.3,23473.0,467.0,314.2
MNBBL,9/22/2026,336.0,341.5,336.0,339.9,1.16,41594.0,467.0,314.2
MNBBL,9/23/2026,356.8,356.8,335.0,338.0,-5.27,30945.0,467.0,314.2
MNBBL,9/24/2026,336.0,337.1,335.0,337.0,0.3,25501.0,467.0,314.2
MNBBL,9/28/2026,337.0,338.6,332.0,333.5,-1.04,27530.0,467.0,314.2
MNBBL,9/29/2026,330.6,335.0,325.2,0.0,-100.0,20415.0,467.0,314.2
MNBBL,9/30/2026,334.0,338.0,330.0,330.0,-1.2,25794.0,467.0,314.2
MNBBL,10/1/2026,330.0,332.0,327.0,331.0,0.3,20082.0,467.0,314.2
MNBBL,10/2/2026,331.0,332.0,329.5,330.0,-0.3,23110.0,467.0,314.2
MNBBLP,3/24/2026,236.2,236.2,236.2,236.2,,90000.0,245.9,236.2
MNBBLP,4/28/2026,236.2,236.2,236.2,236.2,0.0,161841.0,245.9,236.2
MNBBLP,5/14/2026,236.2,236.2,236.2,236.2,0.0,2000.0,245.9,236.2
MNBBLP,6/18/2026,236.2,236.2,236.2,236.2,0.0,12005.0,245.9,236.2
MNBBLP,6/24/2026,236.2,236.2,236.2,236.2,0.0,5000.0,245.9,236.2
MNBBLP,6/26/2026,236.2,236.2,236.2,236.2,0.0,22995.0,245.9,236.2
MNBBLP,7/1/2026,236.2,236.2,236.2,236.2,0.0,46996.0,245.9,236.2
MNBBLP,7/3/2026,236.2,236.2,236.2,236.2,0.0,20000.0,245.9,236.2
MNBBLP,7/6/2026,236.2,236.2,236.2,236.2,0.0,40000.0,245.9,236.2
MNBBLP,8/10/2026,236.2,236.2,236.2,236.2,0.0,156283.0,245.9,236.2
MNBBLP,10/2/2026,236.2,236.2,236.2,236.2,0.0,18000.0,245.9,236.2
MND84/85,12/28/2025,1128.0,1128.0,1128.0,1110.0,,8.0,1128.0,1037.7
MND84/85,1/5/2026,1106.1,1106.1,1106.1,1106.1,-0.35,30.0,1128.0,1037.7
MND84/85,1/25/2026,1085.1,1085.1,1085.1,1085.1,-1.9,30.0,1128.0,1037.7
MND84/85,2/17/2026,1068.0,1068.0,1068.0,1068.0,-1.58,38.0,1128.0,1037.7
MND84/85,2/25/2026,1061.6,1061.6,1061.6,1061.6,-0.6,25.0,1128.0,1037.7
MND84/85,3/3/2026,1075.0,1075.0,1075.0,1075.0,1.26,75.0,1128.0,1037.7
MND84/85,3/4/2026,1075.0,1075.0,1075.0,1075.0,0.0,75.0,1128.0,1037.7
MND84/85,3/5/2026,1075.0,1075.0,1075.0,1075.0,0.0,75.0,1128.0,1037.7
MND84/85,3/6/2026,1075.0,1075.0,1075.0,1075.0,0.0,75.0,1128.0,1037.7
MND84/85,3/7/2026,1075.0,1075.0,1075.0,1075.0,0.0,75.0,1128.0,1037.7
MND84/85,3/8/2026,1075.0,1075.0,1075.0,1075.0,0.0,75.0,1128.0,1037.7
MND84/85,3/15/2026,1096.5,1096.5,1096.5,1096.5,2.0,100.0,1128.0,1037.7
MND84/85,3/16/2026,1098.0,1098.0,1098.0,1098.0,0.14,113.0,1128.0,1037.7
MND84/85,3/23/2026,1100.0,1100.0,1100.0,1100.0,0.18,25.0,1128.0,1037.7
MND84/85,3/24/2026,1078.0,1078.0,1060.1,1060.1,-3.63,25.0,1128.0,1037.7
MND84/85,3/25/2026,1081.3,1100.0,1081.3,1100.0,3.76,150.0,1128.0,1037.7
MND84/85,4/7/2026,1100.0,1100.0,1100.0,1100.0,0.0,100.0,1128.0,1037.7
MND84/85,5/20/2026,1069.3,1069.3,1069.3,1069.1,-0.02,25.0,1128.0,1037.7
MND84/85,5/21/2026,1080.0,1080.0,1080.0,1080.0,0.0,25.0,1128.0,1037.7
MND84/85,5/22/2026,1072.7,1072.7,1072.7,1072.7,0.0,25.0,1128.0,1037.7
MND84/85,5/27/2026,1075.0,1075.0,1061.0,1061.0,-1.3,804.0,1128.0,1037.7
MND84/85,6/5/2026,1069.9,1076.1,1069.9,1076.1,0.58,50.0,1128.0,1037.7
MND84/85,6/16/2026,1070.2,1070.2,1070.2,1070.2,0.0,20.0,1128.0,1037.7
MND84/85,6/17/2026,1070.6,1075.0,1070.6,1075.0,0.41,80.0,1128.0,1037.7
MND84/85,6/22/2026,1073.0,1073.0,1072.6,1072.6,-0.04,50.0,1128.0,1037.7
MND84/85,7/9/2026,1080.0,1080.0,1080.0,1080.0,0.0,25.0,1128.0,1037.7
MND84/85,7/10/2026,1090.0,1100.0,1090.0,1100.0,0.92,88579.0,1128.0,1037.7
MND84/85,7/21/2026,1070.0,1070.0,1070.0,1070.0,0.0,155.0,1128.0,1037.7
MND84/85,7/24/2026,1070.0,1075.0,1070.0,1075.0,0.47,100.0,1128.0,1037.7
MND84/85,8/10/2026,1042.8,1042.8,1042.8,1042.8,0.0,150.0,1128.0,1037.7
MND84/85,8/12/2026,1052.2,1052.2,1052.2,1052.2,0.0,100.0,1128.0,1037.7
MND84/85,9/3/2026,1052.0,1052.0,1052.0,1052.0,0.0,65.0,1128.0,1037.7
MND84/85,9/15/2026,1037.7,1037.7,1037.7,1037.7,0.0,25.0,1128.0,1037.7
MND84/85,9/16/2026,1068.0,1068.0,1068.0,1068.0,0.0,20.0,1128.0,1037.7
MND84/85,9/24/2026,1095.0,1100.0,1095.0,1100.0,0.46,2000.0,1128.0,1037.7
MNMF1,12/21/2025,8.83,9.0,8.83,8.85,,3300.0,10.4,8.53
MNMF1,12/22/2025,8.85,9.04,8.83,9.04,2.15,106400.0,10.4,8.53
MNMF1,12/23/2025,8.87,9.04,8.87,8.94,-1.11,3600.0,10.4,8.53
MNMF1,12/24/2025,8.85,9.1,8.85,9.0,0.67,40440.0,10.4,8.53
MNMF1,12/28/2025,9.0,9.18,9.0,9.03,0.33,933600.0,10.4,8.53
MNMF1,12/29/2025,9.0,9.1,8.9,9.01,-0.22,23200.0,10.4,8.53
MNMF1,12/31/2025,8.93,9.1,8.93,9.05,0.44,9190.0,10.4,8.53
MNMF1,1/1/2026,8.98,9.15,8.98,9.15,1.1,27800.0,10.4,8.53
MNMF1,1/4/2026,8.99,9.1,8.99,9.04,-1.2,3000.0,10.4,8.53
MNMF1,1/5/2026,9.0,9.07,8.9,9.04,0.0,6900.0,10.4,8.53
MNMF1,1/6/2026,9.0,9.2,8.86,9.2,1.77,10050.0,10.4,8.53
MNMF1,1/7/2026,9.02,9.1,8.92,9.04,-1.74,105100.0,10.4,8.53
MNMF1,1/8/2026,9.05,9.2,8.94,9.0,-0.44,4300.0,10.4,8.53
MNMF1,1/12/2026,8.93,9.2,8.92,9.1,1.11,10540.0,10.4,8.53
MNMF1,1/13/2026,8.94,9.27,8.94,9.1,0.0,17570.0,10.4,8.53
MNMF1,1/14/2026,8.94,9.27,8.94,9.2,1.1,8527.0,10.4,8.53
MNMF1,1/18/2026,9.02,9.3,9.02,9.1,-1.09,57810.0,10.4,8.53
MNMF1,1/20/2026,9.1,9.3,9.1,9.25,1.65,145200.0,10.4,8.53
MNMF1,1/21/2026,9.09,9.31,9.09,9.16,-0.97,17005.0,10.4,8.53
MNMF1,1/22/2026,9.1,9.34,9.03,9.21,0.55,100103.0,10.4,8.53
MNMF1,1/25/2026,9.1,9.55,9.1,9.5,3.15,66165.0,10.4,8.53
MNMF1,1/26/2026,9.49,9.7,9.33,9.7,2.11,153812.0,10.4,8.53
MNMF1,1/27/2026,9.89,9.89,9.4,9.5,-2.06,8750.0,10.4,8.53
MNMF1,1/28/2026,9.31,9.67,9.21,9.67,1.79,14350.0,10.4,8.53
MNMF1,1/29/2026,9.49,9.65,9.31,9.52,-1.55,18050.0,10.4,8.53
MNMF1,2/1/2026,9.33,9.5,9.33,9.36,-1.68,8100.0,10.4,8.53
MNMF1,2/2/2026,9.36,9.73,9.36,9.46,1.07,21959.0,10.4,8.53
MNMF1,2/3/2026,9.28,9.47,9.28,9.45,-0.11,24420.0,10.4,8.53
MNMF1,2/4/2026,9.28,9.58,9.28,9.34,-1.16,16100.0,10.4,8.53
MNMF1,2/5/2026,9.52,9.55,9.4,9.41,0.75,34550.0,10.4,8.53
MNMF1,2/8/2026,9.59,9.74,9.33,9.74,3.51,58749.0,10.4,8.53
MNMF1,2/9/2026,9.7,9.73,9.32,9.36,-3.9,3300.0,10.4,8.53
MNMF1,2/10/2026,9.36,9.73,9.26,9.73,3.95,77652.0,10.4,8.53
MNMF1,2/11/2026,9.54,9.58,9.4,9.45,-2.88,7200.0,10.4,8.53
MNMF1,2/12/2026,9.32,9.91,9.32,9.7,2.65,13100.0,10.4,8.53
MNMF1,2/16/2026,9.89,9.89,9.6,9.6,-1.03,7200.0,10.4,8.53
MNMF1,2/17/2026,9.41,9.79,9.41,9.46,-1.46,21209.0,10.4,8.53
MNMF1,2/22/2026,9.31,9.78,9.31,9.77,3.28,26500.0,10.4,8.53
MNMF1,2/23/2026,9.58,9.74,9.22,9.5,-2.76,2900.0,10.4,8.53
MNMF1,2/24/2026,9.68,9.73,9.32,9.7,2.11,16200.0,10.4,8.53
MNMF1,2/25/2026,9.7,9.89,9.52,9.79,0.93,21600.0,10.4,8.53
MNMF1,2/26/2026,9.8,9.8,9.42,9.65,-1.43,11000.0,10.4,8.53
MNMF1,2/27/2026,9.8,9.8,9.42,9.65,0.0,11000.0,10.4,8.53
MNMF1,2/28/2026,9.8,9.8,9.42,9.65,0.0,11000.0,10.4,8.53
MNMF1,3/2/2026,9.46,9.69,9.46,9.68,0.31,5200.0,10.4,8.53
MNMF1,3/3/2026,9.5,9.62,9.34,9.62,-0.62,3900.0,10.4,8.53
MNMF1,3/4/2026,9.5,9.62,9.34,9.62,0.0,3900.0,10.4,8.53
MNMF1,3/5/2026,9.5,9.62,9.34,9.62,0.0,3900.0,10.4,8.53
MNMF1,3/6/2026,9.5,9.62,9.34,9.62,0.0,3900.0,10.4,8.53
MNMF1,3/7/2026,9.5,9.62,9.34,9.62,0.0,3900.0,10.4,8.53
MNMF1,3/8/2026,9.5,9.62,9.34,9.62,0.0,3900.0,10.4,8.53
MNMF1,3/10/2026,9.62,9.84,9.51,9.8,1.87,54400.0,10.4,8.53
MNMF1,3/11/2026,9.61,9.89,9.61,9.85,0.51,30590.0,10.4,8.53
MNMF1,3/12/2026,10.0,10.0,9.52,10.0,1.52,9360.0,10.4,8.53
MNMF1,3/13/2026,10.0,10.0,9.52,10.0,0.0,9360.0,10.4,8.53
MNMF1,3/14/2026,10.0,10.0,9.52,10.0,0.0,9360.0,10.4,8.53
MNMF1,3/15/2026,9.81,9.81,9.43,9.72,-2.8,15900.0,10.4,8.53
MNMF1,3/16/2026,9.54,9.72,9.54,9.66,-0.62,17700.0,10.4,8.53
MNMF1,3/17/2026,9.85,9.85,9.54,9.7,0.41,21400.0,10.4,8.53
MNMF1,3/18/2026,9.85,9.85,9.54,9.7,0.0,21400.0,10.4,8.53
MNMF1,3/19/2026,9.89,9.93,9.61,9.74,0.41,39790.0,10.4,8.53
MNMF1,3/20/2026,9.89,9.93,9.61,9.74,0.0,39790.0,10.4,8.53
MNMF1,3/21/2026,9.89,9.93,9.61,9.74,0.0,39790.0,10.4,8.53
MNMF1,3/22/2026,9.57,10.0,9.57,9.84,1.03,69220.0,10.4,8.53
MNMF1,3/23/2026,9.68,10.03,9.68,9.85,0.1,79500.0,10.4,8.53
MNMF1,3/24/2026,9.85,10.05,9.72,10.0,1.52,152400.0,10.4,8.53
MNMF1,3/25/2026,10.1,10.15,9.92,10.0,0.0,276804.0,10.4,8.53
MNMF1,3/26/2026,9.81,10.17,9.81,10.09,2.85,125150.0,10.4,8.53
MNMF1,3/29/2026,10.07,10.2,10.0,10.1,0.3,128000.0,10.4,8.53
MNMF1,3/30/2026,10.27,10.27,9.8,9.96,-3.02,19704.0,10.4,8.53
MNMF1,3/31/2026,9.9,10.1,9.72,10.1,2.02,43900.0,10.4,8.53
MNMF1,4/1/2026,10.0,10.1,9.81,10.0,0.0,76210.0,10.4,8.53
MNMF1,4/2/2026,9.9,10.1,9.75,9.85,-0.51,9890.0,10.4,8.53
MNMF1,4/5/2026,9.66,10.04,9.66,9.85,1.97,178510.0,10.4,8.53
MNMF1,4/6/2026,9.84,10.2,9.77,10.2,3.66,190369.0,10.4,8.53
MNMF1,4/7/2026,10.0,10.4,10.0,10.0,0.0,544400.0,10.4,8.53
MNMF1,4/8/2026,9.81,10.19,9.81,9.97,1.63,36845.0,10.4,8.53
MNMF1,4/9/2026,9.78,10.0,9.7,10.0,2.25,55850.0,10.4,8.53
MNMF1,4/10/2026,9.81,9.99,9.64,9.9,0.92,7300.0,10.4,8.53
MNMF1,4/13/2026,9.72,9.95,9.72,9.86,1.44,7750.0,10.4,8.53
MNMF1,4/15/2026,9.71,10.0,9.62,10.0,2.99,4940.0,10.4,8.53
MNMF1,4/16/2026,9.87,9.95,9.85,9.9,0.3,2860.0,10.4,8.53
MNMF1,4/17/2026,9.75,10.05,9.75,10.05,3.08,19520.0,10.4,8.53
MNMF1,4/20/2026,9.8,10.05,9.61,9.82,0.2,63900.0,10.4,8.53
MNMF1,4/21/2026,9.54,10.0,9.53,9.99,4.72,177020.0,10.4,8.53
MNMF1,4/22/2026,9.7,9.7,9.5,9.55,-1.55,9400.0,10.4,8.53
MNMF1,4/23/2026,9.55,10.05,9.55,10.05,5.24,47991.0,10.4,8.53
MNMF1,4/24/2026,9.9,10.0,9.9,9.93,0.3,39000.0,10.4,8.53
MNMF1,4/27/2026,9.93,10.02,9.82,10.0,0.7,99280.0,10.4,8.53
MNMF1,4/28/2026,10.0,10.0,9.55,9.89,-1.1,3250.0,10.4,8.53
MNMF1,4/29/2026,9.89,10.02,9.6,10.02,1.31,32100.0,10.4,8.53
MNMF1,4/30/2026,9.72,10.0,9.72,9.85,1.34,6260.0,10.4,8.53
MNMF1,5/4/2026,9.56,9.75,9.56,9.71,1.57,10300.0,10.4,8.53
MNMF1,5/5/2026,9.42,9.7,9.42,9.7,2.97,2320.0,10.4,8.53
MNMF1,5/6/2026,9.98,9.99,9.7,9.81,-1.7,3600.0,10.4,8.53
MNMF1,5/7/2026,9.8,9.81,9.72,9.72,-0.82,1500.0,10.4,8.53
MNMF1,5/8/2026,9.44,9.88,9.44,9.73,3.07,3040.0,10.4,8.53
MNMF1,5/11/2026,9.75,10.04,9.75,9.9,1.54,41050.0,10.4,8.53
MNMF1,5/12/2026,9.9,9.9,9.75,9.84,-0.61,4400.0,10.4,8.53
MNMF1,5/13/2026,10.0,10.02,9.75,9.82,-1.8,5330.0,10.4,8.53
MNMF1,5/14/2026,9.64,9.92,9.64,9.92,2.9,3650.0,10.4,8.53
MNMF1,5/15/2026,9.7,10.08,9.7,10.0,3.09,7000.0,10.4,8.53
MNMF1,5/18/2026,9.9,10.0,9.61,10.0,1.01,62150.0,10.4,8.53
MNMF1,5/19/2026,9.71,9.76,9.71,9.76,0.51,2600.0,10.4,8.53
MNMF1,5/20/2026,9.7,9.99,9.7,9.9,2.06,12750.0,10.4,8.53
MNMF1,5/21/2026,9.75,10.03,9.74,10.0,2.56,30400.0,10.4,8.53
MNMF1,5/22/2026,9.8,10.0,9.8,10.0,2.04,28500.0,10.4,8.53
MNMF1,5/25/2026,9.9,10.0,9.9,9.96,0.61,22506.0,10.4,8.53
MNMF1,5/26/2026,9.72,9.96,9.72,9.8,0.82,35610.0,10.4,8.53
MNMF1,5/27/2026,9.73,10.03,9.73,10.01,2.88,30730.0,10.4,8.53
MNMF1,6/1/2026,9.75,9.99,9.75,9.99,2.46,4050.0,10.4,8.53
MNMF1,6/2/2026,9.73,10.0,9.73,9.85,1.23,36800.0,10.4,8.53
MNMF1,6/3/2026,9.82,10.0,9.82,10.0,1.83,4700.0,10.4,8.53
MNMF1,6/4/2026,9.82,9.99,9.82,9.99,1.73,35750.0,10.4,8.53
MNMF1,6/5/2026,9.82,9.9,9.82,9.85,0.31,7300.0,10.4,8.53
MNMF1,6/8/2026,9.8,9.81,9.61,9.8,0.0,13350.0,10.4,8.53
MNMF1,6/9/2026,9.72,9.97,9.72,9.97,2.57,13320.0,10.4,8.53
MNMF1,6/10/2026,9.8,10.0,9.8,10.0,2.04,1600.0,10.4,8.53
MNMF1,6/11/2026,9.81,10.0,9.81,10.0,1.94,138895.0,10.4,8.53
MNMF1,6/12/2026,9.82,10.0,9.82,10.0,1.83,28045.0,10.4,8.53
MNMF1,6/15/2026,9.82,10.0,9.82,10.0,1.83,2250.0,10.4,8.53
MNMF1,6/16/2026,9.81,10.0,9.75,10.0,1.94,4750.0,10.4,8.53
MNMF1,6/17/2026,9.75,10.0,9.75,10.0,2.56,4250.0,10.4,8.53
MNMF1,6/18/2026,9.76,9.98,9.76,9.98,2.25,2900.0,10.4,8.53
MNMF1,6/19/2026,9.77,9.99,9.77,9.86,0.92,1700.0,10.4,8.53
MNMF1,6/22/2026,9.78,9.86,9.78,9.86,0.82,9100.0,10.4,8.53
MNMF1,6/23/2026,9.78,9.86,9.77,9.83,0.51,77200.0,10.4,8.53
MNMF1,6/24/2026,9.76,9.95,9.76,9.88,1.23,40277.0,10.4,8.53
MNMF1,6/26/2026,9.76,9.99,9.76,9.85,0.92,52750.0,10.4,8.53
MNMF1,6/29/2026,9.75,9.85,9.75,9.81,0.62,3000.0,10.4,8.53
MNMF1,6/30/2026,9.76,9.76,9.75,9.75,-0.1,1100.0,10.4,8.53
MNMF1,7/1/2026,9.5,9.93,9.5,9.81,3.26,6250.0,10.4,8.53
MNMF1,7/2/2026,9.7,9.85,9.7,9.85,1.55,1950.0,10.4,8.53
MNMF1,7/3/2026,9.56,9.85,9.56,9.85,3.03,25700.0,10.4,8.53
MNMF1,7/6/2026,9.58,9.75,9.58,9.67,0.94,6150.0,10.4,8.53
MNMF1,7/7/2026,9.6,9.85,9.5,9.85,2.6,3610.0,10.4,8.53
MNMF1,7/8/2026,9.85,9.85,9.66,9.85,0.0,38385.0,10.4,8.53
MNMF1,7/9/2026,9.56,10.0,9.56,9.8,2.51,54620.0,10.4,8.53
MNMF1,7/10/2026,9.8,9.9,9.8,9.85,0.51,85300.0,10.4,8.53
MNMF1,7/13/2026,9.8,9.85,9.8,9.8,0.0,12150.0,10.4,8.53
MNMF1,7/14/2026,9.8,9.85,9.6,9.6,-2.04,104945.0,10.4,8.53
MNMF1,7/15/2026,9.6,9.9,9.6,9.9,3.13,7300.0,10.4,8.53
MNMF1,7/16/2026,10.2,10.2,9.61,9.9,-2.94,2500.0,10.4,8.53
MNMF1,7/17/2026,9.61,9.61,9.5,9.61,0.0,1100.0,10.4,8.53
MNMF1,7/20/2026,9.6,9.9,9.6,9.9,3.13,7500.0,10.4,8.53
MNMF1,7/21/2026,9.8,9.9,9.51,9.85,0.51,117930.0,10.4,8.53
MNMF1,7/22/2026,9.8,9.85,9.8,9.85,0.51,50221.0,10.4,8.53
MNMF1,7/23/2026,9.8,9.87,9.8,9.87,0.71,2020.0,10.4,8.53
MNMF1,7/24/2026,9.8,10.09,9.51,9.7,-1.02,172054.0,10.4,8.53
MNMF1,7/27/2026,9.52,9.95,9.52,9.8,2.94,3401.0,10.4,8.53
MNMF1,7/28/2026,9.55,9.6,9.55,9.6,0.52,5800.0,10.4,8.53
MNMF1,7/29/2026,9.65,9.93,9.55,9.75,1.04,84881.0,10.4,8.53
MNMF1,7/30/2026,9.51,9.79,9.51,9.58,0.74,101350.0,10.4,8.53
MNMF1,7/31/2026,9.51,9.77,9.51,9.6,0.95,1050.0,10.4,8.53
MNMF1,8/3/2026,9.6,9.71,9.6,9.71,1.15,2900.0,10.4,8.53
MNMF1,8/4/2026,9.57,9.71,9.5,9.5,-0.73,22400.0,10.4,8.53
MNMF1,8/5/2026,9.55,9.6,9.55,9.6,0.52,600.0,10.4,8.53
MNMF1,8/6/2026,9.6,9.6,9.57,9.6,0.0,2000.0,10.4,8.53
MNMF1,8/7/2026,9.53,9.8,9.5,9.8,2.83,13700.0,10.4,8.53
MNMF1,8/10/2026,9.8,9.8,9.46,9.56,-2.45,26200.0,10.4,8.53
MNMF1,8/11/2026,9.51,9.65,9.51,9.51,0.0,117760.0,10.4,8.53
MNMF1,8/12/2026,9.54,9.54,9.54,9.54,0.0,800.0,10.4,8.53
MNMF1,8/13/2026,9.5,9.54,9.5,9.5,0.0,800.0,10.4,8.53
MNMF1,8/14/2026,9.5,9.69,9.5,9.69,2.0,10400.0,10.4,8.53
MNMF1,8/17/2026,9.5,9.78,9.5,9.73,2.42,25300.0,10.4,8.53
MNMF1,8/18/2026,9.5,9.51,9.45,9.46,-0.42,6570.0,10.4,8.53
MNMF1,8/19/2026,9.45,9.7,9.25,9.65,2.12,39850.0,10.4,8.53
MNMF1,8/20/2026,9.38,9.64,9.38,9.5,1.28,31150.0,10.4,8.53
MNMF1,8/21/2026,9.23,9.51,9.23,9.43,2.17,1200.0,10.4,8.53
MNMF1,8/24/2026,9.25,9.5,9.25,9.5,2.7,3540.0,10.4,8.53
MNMF1,8/25/2026,9.23,9.55,9.23,9.35,1.3,1390.0,10.4,8.53
MNMF1,8/26/2026,9.22,9.57,9.22,9.29,0.76,1420.0,10.4,8.53
MNMF1,8/27/2026,9.26,9.5,9.25,9.3,0.43,26000.0,10.4,8.53
MNMF1,8/31/2026,9.03,9.4,9.03,9.1,0.78,59500.0,10.4,8.53
MNMF1,9/1/2026,9.05,9.43,9.05,9.11,0.66,2400.0,10.4,8.53
MNMF1,9/2/2026,9.15,9.15,9.12,9.12,-0.33,900.0,10.4,8.53
MNMF1,9/3/2026,9.05,9.2,9.0,9.0,-0.55,2100.0,10.4,8.53
MNMF1,9/7/2026,9.0,9.28,9.0,9.13,1.44,14650.0,10.4,8.53
MNMF1,9/9/2026,9.01,9.05,9.01,9.05,0.44,1650.0,10.4,8.53
MNMF1,9/10/2026,9.15,9.15,9.01,9.02,-1.42,10600.0,10.4,8.53
MNMF1,9/11/2026,9.0,9.02,8.82,9.0,0.0,4500.0,10.4,8.53
MNMF1,9/14/2026,9.0,9.27,8.9,9.15,1.67,3602.0,10.4,8.53
MNMF1,9/15/2026,9.15,9.32,9.05,9.11,-0.44,5550.0,10.4,8.53
MNMF1,9/16/2026,9.1,9.3,9.1,9.18,0.88,8650.0,10.4,8.53
MNMF1,9/17/2026,9.18,9.18,9.11,9.12,-0.65,3700.0,10.4,8.53
MNMF1,9/18/2026,9.03,9.13,9.03,9.13,1.11,1900.0,10.4,8.53
MNMF1,9/22/2026,9.11,9.29,9.02,9.22,1.21,13215.0,10.4,8.53
MNMF1,9/23/2026,8.96,9.47,8.96,9.15,2.12,236252.0,10.4,8.53
MNMF1,9/24/2026,8.91,9.42,8.91,9.25,3.82,3601.0,10.4,8.53
MNMF1,9/28/2026,8.98,9.27,8.98,9.27,3.23,4250.0,10.4,8.53
MNMF1,9/29/2026,9.27,9.27,9.1,0.0,-100.0,600.0,10.4,8.53
MNMF1,9/30/2026,9.1,9.25,8.98,9.19,0.99,1701.0,10.4,8.53
MNMF1,10/1/2026,8.92,9.14,8.92,8.95,0.34,4299.0,10.4,8.53
MNMF1,10/2/2026,8.91,9.2,8.91,9.1,2.13,172795.0,10.4,8.53
MPFL,9/12/2012,243.0,231.0,223.0,223.0,,40.0,744.0,491.0
MPFL,9/13/2012,223.0,219.0,211.0,211.0,-5.38,30.0,744.0,491.0
MPFL,9/18/2012,211.0,201.0,191.0,191.0,-9.48,70.0,744.0,491.0
MPFL,9/20/2012,191.0,182.0,173.0,173.0,-9.42,80.0,744.0,491.0
MPFL,9/24/2012,173.0,170.0,164.0,164.0,-5.2,50.0,744.0,491.0
MPFL,9/30/2012,164.0,156.0,148.0,148.0,-9.76,80.0,744.0,491.0
MPFL,10/7/2012,148.0,141.0,134.0,134.0,-9.46,100.0,744.0,491.0
MPFL,10/8/2012,134.0,132.0,130.0,130.0,-2.99,30.0,744.0,491.0
MPFL,10/9/2012,130.0,124.0,122.0,122.0,-6.15,40.0,744.0,491.0
MPFL,10/11/2012,122.0,116.0,110.0,110.0,-9.84,40.0,744.0,491.0
MPFL,10/14/2012,110.0,108.0,99.0,99.0,-10.0,620.0,744.0,491.0
MPFL,10/15/2012,99.0,95.0,90.0,90.0,-9.09,1260.0,744.0,491.0
MPFL,10/18/2012,90.0,90.0,83.0,83.0,-7.78,1020.0,744.0,491.0
MPFL,10/30/2012,83.0,89.0,84.0,88.0,6.02,1480.0,744.0,491.0
MPFL,10/31/2012,88.0,91.0,88.0,88.0,0.0,1030.0,744.0,491.0
MPFL,11/1/2012,88.0,89.0,88.0,88.0,0.0,1500.0,744.0,491.0
MPFL,11/4/2012,88.0,88.0,87.0,87.0,-1.14,1280.0,744.0,491.0
MPFL,11/5/2012,87.0,88.0,87.0,87.0,0.0,460.0,744.0,491.0
MPFL,11/6/2012,87.0,87.0,86.0,87.0,0.0,1540.0,744.0,491.0
MPFL,11/7/2012,87.0,87.0,87.0,87.0,0.0,800.0,744.0,491.0
MPFL,11/8/2012,87.0,87.0,87.0,87.0,0.0,550.0,744.0,491.0
MPFL,11/11/2012,87.0,87.0,87.0,87.0,0.0,2230.0,744.0,491.0
MPFL,11/12/2012,87.0,86.0,85.0,85.0,-2.3,300.0,744.0,491.0
MPFL,11/18/2012,85.0,87.0,85.0,86.0,1.18,590.0,744.0,491.0
MPFL,11/20/2012,86.0,89.0,87.0,89.0,3.49,1390.0,744.0,491.0
MPFL,11/22/2012,89.0,88.0,88.0,88.0,-1.12,1020.0,744.0,491.0
MPFL,11/25/2012,88.0,88.0,88.0,88.0,0.0,60.0,744.0,491.0
MPFL,11/26/2012,88.0,87.0,87.0,87.0,-1.14,630.0,744.0,491.0
MPFL,11/28/2012,87.0,87.0,85.0,87.0,0.0,830.0,744.0,491.0
MPFL,12/3/2012,87.0,88.0,88.0,88.0,1.15,410.0,744.0,491.0
MPFL,12/4/2012,88.0,89.0,89.0,89.0,1.14,600.0,744.0,491.0
MPFL,12/5/2012,89.0,88.0,88.0,88.0,-1.12,20.0,744.0,491.0
MPFL,12/6/2012,88.0,89.0,88.0,89.0,1.14,390.0,744.0,491.0
MPFL,12/9/2012,89.0,90.0,90.0,90.0,1.12,320.0,744.0,491.0
MPFL,12/11/2012,90.0,89.0,89.0,89.0,-1.11,530.0,744.0,491.0
MPFL,12/12/2012,89.0,87.0,87.0,87.0,-2.25,190.0,744.0,491.0
MPFL,12/13/2012,87.0,87.0,87.0,87.0,0.0,500.0,744.0,491.0
MPFL,12/16/2012,87.0,87.0,87.0,87.0,0.0,400.0,744.0,491.0
MPFL,12/17/2012,87.0,87.0,86.0,87.0,0.0,80.0,744.0,491.0
MPFL,12/18/2012,87.0,86.0,86.0,86.0,-1.15,280.0,744.0,491.0
MPFL,12/23/2012,86.0,85.0,85.0,85.0,-1.16,20.0,744.0,491.0
MPFL,12/26/2012,85.0,84.0,84.0,84.0,-1.18,500.0,744.0,491.0
MPFL,12/27/2012,84.0,84.0,84.0,84.0,0.0,60.0,744.0,491.0
MPFL,12/31/2012,84.0,84.0,84.0,84.0,0.0,300.0,744.0,491.0
MPFL,1/1/2013,84.0,86.0,85.0,86.0,2.38,100.0,744.0,491.0
MPFL,1/2/2013,86.0,87.0,87.0,87.0,1.16,40.0,744.0,491.0
MPFL,1/7/2013,87.0,86.0,85.0,85.0,-2.3,320.0,744.0,491.0
MPFL,1/9/2013,85.0,86.0,86.0,86.0,1.18,300.0,744.0,491.0
MPFL,1/10/2013,86.0,86.0,85.0,86.0,0.0,320.0,744.0,491.0
MPFL,1/20/2013,86.0,85.0,84.0,84.0,-2.33,90.0,744.0,491.0
MPFL,1/23/2013,84.0,87.0,83.0,87.0,3.57,230.0,744.0,491.0
MPFL,1/24/2013,87.0,87.0,87.0,87.0,0.0,10.0,744.0,491.0
MPFL,2/4/2013,87.0,87.0,87.0,87.0,0.0,200.0,744.0,491.0
MPFL,2/27/2013,87.0,88.0,87.0,87.0,0.0,120.0,744.0,491.0
MPFL,3/25/2013,87.0,86.0,86.0,86.0,-1.15,100.0,744.0,491.0
MPFL,3/28/2013,86.0,83.0,83.0,83.0,-3.49,240.0,744.0,491.0
MPFL,3/31/2013,83.0,82.0,78.0,79.0,-4.82,270.0,744.0,491.0
MPFL,4/1/2013,79.0,80.0,78.0,78.0,-1.27,230.0,744.0,491.0
MPFL,4/2/2013,78.0,77.0,77.0,77.0,-1.28,350.0,744.0,491.0
MPFL,4/3/2013,77.0,75.0,75.0,75.0,-2.6,600.0,744.0,491.0
MPFL,4/4/2013,75.0,74.0,73.0,73.0,-2.67,120.0,744.0,491.0
MPFL,4/7/2013,73.0,75.0,67.0,67.0,-8.22,870.0,744.0,491.0
MPFL,4/8/2013,67.0,68.0,66.0,66.0,-1.49,680.0,744.0,491.0
MPFL,4/9/2013,66.0,66.0,65.0,66.0,0.0,230.0,744.0,491.0
MPFL,4/11/2013,66.0,65.0,63.0,63.0,-4.55,130.0,744.0,491.0
MPFL,4/15/2013,63.0,69.0,63.0,69.0,9.52,420.0,744.0,491.0
MPFL,4/17/2013,69.0,66.0,65.0,65.0,-5.8,660.0,744.0,491.0
MPFL,4/18/2013,65.0,68.0,68.0,68.0,4.62,550.0,744.0,491.0
MPFL,4/21/2013,68.0,69.0,68.0,68.0,0.0,340.0,744.0,491.0
MPFL,4/29/2013,68.0,69.0,69.0,69.0,1.47,280.0,744.0,491.0
MPFL,4/30/2013,69.0,70.0,70.0,70.0,1.45,240.0,744.0,491.0
MPFL,5/2/2013,70.0,71.0,71.0,71.0,1.43,200.0,744.0,491.0
MPFL,5/5/2013,71.0,70.0,69.0,69.0,-2.82,30.0,744.0,491.0
MPFL,5/9/2013,69.0,69.0,69.0,69.0,0.0,120.0,744.0,491.0
MPFL,5/12/2013,69.0,69.0,69.0,69.0,0.0,110.0,744.0,491.0
MPFL,5/19/2013,69.0,68.0,68.0,68.0,-1.45,280.0,744.0,491.0
MPFL,5/21/2013,68.0,67.0,67.0,67.0,-1.47,40.0,744.0,491.0
MPFL,5/30/2013,67.0,66.0,65.0,65.0,-2.99,60.0,744.0,491.0
MPFL,6/11/2013,65.0,65.0,65.0,65.0,0.0,780.0,744.0,491.0
MPFL,6/13/2013,65.0,65.0,65.0,65.0,0.0,320.0,744.0,491.0
MPFL,6/25/2013,65.0,65.0,65.0,65.0,0.0,10.0,744.0,491.0
MPFL,6/27/2013,65.0,65.0,65.0,65.0,0.0,380.0,744.0,491.0
MPFL,7/1/2013,65.0,62.0,60.0,60.0,-7.69,70.0,744.0,491.0
MPFL,7/7/2013,60.0,59.0,59.0,59.0,-1.67,20.0,744.0,491.0
MPFL,7/9/2013,59.0,58.0,58.0,58.0,-1.69,10.0,744.0,491.0
MPFL,7/10/2013,58.0,59.0,59.0,59.0,1.72,20.0,744.0,491.0
MPFL,7/30/2013,59.0,58.0,58.0,58.0,-1.69,10.0,744.0,491.0
MPFL,8/12/2013,58.0,59.0,59.0,59.0,1.72,60.0,744.0,491.0
MPFL,9/17/2013,59.0,60.0,56.0,56.0,-5.08,170.0,744.0,491.0
MPFL,9/19/2013,56.0,55.0,55.0,55.0,-1.79,10.0,744.0,491.0
MPFL,9/22/2013,55.0,54.0,54.0,54.0,-1.82,10.0,744.0,491.0
MPFL,10/1/2013,54.0,53.0,53.0,53.0,-1.85,50.0,744.0,491.0
MPFL,10/2/2013,53.0,56.0,54.0,56.0,5.66,90.0,744.0,491.0
MPFL,10/7/2013,56.0,61.0,55.0,61.0,8.93,340.0,744.0,491.0
MPFL,10/8/2013,61.0,62.0,61.0,62.0,1.64,160.0,744.0,491.0
MPFL,10/9/2013,62.0,62.0,62.0,62.0,0.0,100.0,744.0,491.0
MPFL,10/10/2013,62.0,65.0,63.0,65.0,4.84,30.0,744.0,491.0
MPFL,4/2/2014,65.0,71.0,64.0,71.0,9.23,220.0,744.0,491.0
MPFL,4/3/2014,71.0,78.0,72.0,78.0,9.86,560.0,744.0,491.0
MPFL,4/6/2014,68.0,71.0,69.0,71.0,-8.97,180.0,744.0,491.0
MPFL,4/7/2014,71.0,73.0,72.0,73.0,2.82,20.0,744.0,491.0
MPFL,4/9/2014,73.0,75.0,74.0,75.0,2.74,330.0,744.0,491.0
MPFL,4/27/2014,75.0,76.0,76.0,76.0,1.33,10.0,744.0,491.0
MPFL,5/26/2014,76.0,78.0,77.0,78.0,2.63,20.0,744.0,491.0
MPFL,5/28/2014,78.0,79.0,79.0,79.0,1.28,10.0,744.0,491.0
MPFL,6/3/2014,79.0,80.0,80.0,80.0,1.27,10.0,744.0,491.0
MPFL,6/17/2014,80.0,81.0,81.0,81.0,1.25,10.0,744.0,491.0
MPFL,6/26/2014,81.0,83.0,82.0,83.0,2.47,40.0,744.0,491.0
MPFL,6/29/2014,83.0,84.0,84.0,84.0,1.2,60.0,744.0,491.0
MPFL,7/2/2014,84.0,86.0,85.0,86.0,2.38,50.0,744.0,491.0
MPFL,7/22/2014,86.0,87.0,87.0,87.0,1.16,20.0,744.0,491.0
MPFL,7/30/2014,87.0,90.0,88.0,90.0,3.45,60.0,744.0,491.0
MPFL,7/31/2014,90.0,94.0,91.0,94.0,4.44,140.0,744.0,491.0
MPFL,8/6/2014,94.0,95.0,95.0,95.0,1.06,10.0,744.0,491.0
MPFL,8/7/2014,95.0,97.0,96.0,97.0,2.11,40.0,744.0,491.0
MPFL,8/13/2014,97.0,97.0,97.0,97.0,0.0,20.0,744.0,491.0
MPFL,8/14/2014,97.0,106.0,98.0,106.0,9.28,70.0,744.0,491.0
MPFL,8/18/2014,106.0,112.0,108.0,112.0,5.66,30.0,744.0,491.0
MPFL,8/19/2014,112.0,114.0,114.0,114.0,1.79,20.0,744.0,491.0
MPFL,8/24/2014,114.0,118.0,116.0,118.0,3.51,40.0,744.0,491.0
MPFL,8/25/2014,118.0,129.0,120.0,129.0,9.32,110.0,744.0,491.0
MPFL,8/26/2014,129.0,141.0,131.0,141.0,9.3,1020.0,744.0,491.0
MPFL,8/27/2014,141.0,145.0,137.0,138.0,-2.13,2210.0,744.0,491.0
MPFL,8/28/2014,138.0,139.0,136.0,139.0,0.72,500.0,744.0,491.0
MPFL,8/31/2014,139.0,139.0,135.0,135.0,-2.88,550.0,744.0,491.0
MPFL,9/1/2014,135.0,139.0,135.0,137.0,1.48,540.0,744.0,491.0
MPFL,9/3/2014,137.0,136.0,132.0,136.0,-0.73,400.0,744.0,491.0
MPFL,9/4/2014,136.0,137.0,135.0,135.0,-0.74,240.0,744.0,491.0
MPFL,9/7/2014,135.0,133.0,129.0,129.0,-4.44,70.0,744.0,491.0
MPFL,9/9/2014,129.0,133.0,131.0,131.0,1.55,190.0,744.0,491.0
MPFL,9/10/2014,131.0,130.0,122.0,126.0,-3.82,350.0,744.0,491.0
MPFL,9/11/2014,126.0,124.0,115.0,117.0,-7.14,390.0,744.0,491.0
MPFL,9/14/2014,117.0,115.0,115.0,115.0,-1.71,10.0,744.0,491.0
MPFL,9/15/2014,115.0,124.0,117.0,124.0,7.83,460.0,744.0,491.0
MPFL,9/16/2014,124.0,129.0,126.0,129.0,4.03,190.0,744.0,491.0
MPFL,9/17/2014,129.0,133.0,129.0,133.0,3.1,230.0,744.0,491.0
MPFL,10/9/2014,133.0,135.0,131.0,133.0,0.0,240.0,744.0,491.0
MPFL,10/12/2014,133.0,135.0,131.0,131.0,-1.5,1240.0,744.0,491.0
MPFL,10/13/2014,131.0,129.0,125.0,125.0,-4.58,1000.0,744.0,491.0
MPFL,10/14/2014,125.0,123.0,123.0,123.0,-1.6,370.0,744.0,491.0
MPFL,10/15/2014,123.0,125.0,121.0,125.0,1.63,900.0,744.0,491.0
MPFL,10/16/2014,125.0,123.0,119.0,119.0,-4.8,210.0,744.0,491.0
MPFL,10/26/2014,119.0,121.0,119.0,120.0,0.84,300.0,744.0,491.0
MPFL,10/27/2014,120.0,132.0,118.0,121.0,0.83,2520.0,744.0,491.0
MPFL,10/28/2014,121.0,123.0,119.0,121.0,0.0,440.0,744.0,491.0
MPFL,10/30/2014,121.0,121.0,119.0,120.0,-0.83,160.0,744.0,491.0
MPFL,11/2/2014,120.0,126.0,121.0,121.0,0.83,3300.0,744.0,491.0
MPFL,11/3/2014,121.0,127.0,123.0,123.0,1.65,90.0,744.0,491.0
MPFL,11/4/2014,123.0,121.0,117.0,117.0,-4.88,380.0,744.0,491.0
MPFL,11/5/2014,117.0,119.0,115.0,119.0,1.71,230.0,744.0,491.0
MPFL,11/6/2014,119.0,123.0,119.0,123.0,3.36,820.0,744.0,491.0
MPFL,11/9/2014,123.0,122.0,122.0,122.0,-0.81,100.0,744.0,491.0
MPFL,11/10/2014,122.0,120.0,116.0,119.0,-2.46,1050.0,744.0,491.0
MPFL,11/11/2014,119.0,117.0,117.0,117.0,-1.68,1040.0,744.0,491.0
MPFL,11/12/2014,117.0,119.0,117.0,119.0,1.71,500.0,744.0,491.0
MPFL,11/13/2014,119.0,118.0,117.0,117.0,-1.68,60.0,744.0,491.0
MPFL,11/16/2014,117.0,115.0,115.0,115.0,-1.71,60.0,744.0,491.0
MPFL,11/17/2014,115.0,117.0,113.0,113.0,-1.74,910.0,744.0,491.0
MPFL,11/18/2014,113.0,116.0,111.0,116.0,2.65,500.0,744.0,491.0
MPFL,11/30/2014,116.0,114.0,110.0,111.0,-4.31,500.0,744.0,491.0
MPFL,12/1/2014,111.0,113.0,113.0,113.0,1.8,110.0,744.0,491.0
MPFL,12/2/2014,113.0,111.0,102.0,104.0,-7.96,610.0,744.0,491.0
MPFL,12/3/2014,104.0,104.0,104.0,104.0,0.0,20.0,744.0,491.0
MPFL,12/7/2014,104.0,102.0,100.0,100.0,-3.85,190.0,744.0,491.0
MPFL,12/8/2014,100.0,105.0,100.0,100.0,0.0,560.0,744.0,491.0
MPFL,12/9/2014,100.0,100.0,100.0,100.0,0.0,30.0,744.0,491.0
MPFL,12/10/2014,100.0,110.0,102.0,106.0,6.0,880.0,744.0,491.0
MPFL,12/11/2014,106.0,106.0,104.0,106.0,0.0,490.0,744.0,491.0
MPFL,12/15/2014,106.0,114.0,108.0,114.0,7.55,1460.0,744.0,491.0
MPFL,12/16/2014,114.0,116.0,116.0,116.0,1.75,920.0,744.0,491.0
MPFL,12/17/2014,116.0,118.0,118.0,118.0,1.72,1080.0,744.0,491.0
MPFL,12/24/2014,118.0,116.0,107.0,107.0,-9.32,520.0,744.0,491.0
MPFL,12/28/2014,107.0,106.0,105.0,106.0,-0.93,160.0,744.0,491.0
MPFL,12/29/2014,106.0,105.0,105.0,105.0,-0.94,100.0,744.0,491.0
MPFL,12/31/2014,105.0,103.0,103.0,103.0,-1.9,70.0,744.0,491.0
MPFL,1/1/2015,103.0,104.0,102.0,104.0,0.97,300.0,744.0,491.0
MPFL,1/4/2015,104.0,110.0,104.0,110.0,5.77,230.0,744.0,491.0
MPFL,1/5/2015,110.0,114.0,108.0,114.0,3.64,510.0,744.0,491.0
MPFL,1/6/2015,114.0,117.0,115.0,116.0,1.75,710.0,744.0,491.0
MPFL,1/7/2015,116.0,114.0,112.0,112.0,-3.45,120.0,744.0,491.0
MPFL,1/8/2015,112.0,114.0,114.0,114.0,1.79,30.0,744.0,491.0
MPFL,1/11/2015,114.0,116.0,114.0,114.0,0.0,40.0,744.0,491.0
MPFL,1/13/2015,114.0,114.0,114.0,114.0,0.0,80.0,744.0,491.0
MPFL,1/14/2015,114.0,124.0,116.0,124.0,8.77,2680.0,744.0,491.0
MPFL,1/18/2015,124.0,129.0,125.0,127.0,2.42,300.0,744.0,491.0
MPFL,1/19/2015,127.0,129.0,129.0,129.0,1.57,10.0,744.0,491.0
MPFL,1/20/2015,129.0,129.0,125.0,129.0,0.0,370.0,744.0,491.0
MPFL,1/26/2015,129.0,141.0,131.0,135.0,4.65,790.0,744.0,491.0
MPFL,1/27/2015,135.0,133.0,133.0,133.0,-1.48,10.0,744.0,491.0
MPFL,1/28/2015,133.0,137.0,135.0,137.0,3.01,70.0,744.0,491.0
MPFL,1/29/2015,137.0,141.0,139.0,139.0,1.46,590.0,744.0,491.0
MPFL,2/1/2015,139.0,152.0,141.0,152.0,9.35,420.0,744.0,491.0
MPFL,2/2/2015,152.0,158.0,150.0,151.0,-0.66,1580.0,744.0,491.0
MPFL,2/3/2015,151.0,154.0,146.0,146.0,-3.31,940.0,744.0,491.0
MPFL,2/4/2015,146.0,146.0,141.0,141.0,-3.42,440.0,744.0,491.0
MPFL,2/5/2015,141.0,143.0,140.0,141.0,0.0,950.0,744.0,491.0
MPFL,2/8/2015,141.0,143.0,143.0,143.0,1.42,250.0,744.0,491.0
MPFL,2/9/2015,143.0,148.0,141.0,147.0,2.8,640.0,744.0,491.0
MPFL,2/10/2015,147.0,150.0,147.0,150.0,2.04,780.0,744.0,491.0
MPFL,2/11/2015,150.0,151.0,147.0,151.0,0.67,280.0,744.0,491.0
MPFL,2/12/2015,151.0,166.0,154.0,166.0,9.93,230.0,744.0,491.0
MPFL,2/15/2015,166.0,168.0,160.0,168.0,1.2,120.0,744.0,491.0
MPFL,2/16/2015,168.0,165.0,162.0,162.0,-3.57,100.0,744.0,491.0
MPFL,2/18/2015,162.0,159.0,156.0,156.0,-3.7,40.0,744.0,491.0
MPFL,2/22/2015,156.0,159.0,151.0,151.0,-3.21,500.0,744.0,491.0
MPFL,2/23/2015,151.0,149.0,146.0,146.0,-3.31,510.0,744.0,491.0
MPFL,2/25/2015,146.0,144.0,144.0,144.0,-1.37,60.0,744.0,491.0
MPFL,2/26/2015,144.0,144.0,142.0,144.0,0.0,350.0,744.0,491.0
MPFL,3/1/2015,144.0,158.0,146.0,158.0,9.72,1000.0,744.0,491.0
MPFL,3/2/2015,158.0,173.0,161.0,173.0,9.49,1310.0,744.0,491.0
MPFL,3/3/2015,173.0,179.0,176.0,176.0,1.73,70.0,744.0,491.0
MPFL,3/4/2015,176.0,173.0,167.0,173.0,-1.7,630.0,744.0,491.0
MPFL,3/9/2015,173.0,171.0,170.0,170.0,-1.73,370.0,744.0,491.0
MPFL,3/10/2015,170.0,170.0,167.0,170.0,0.0,500.0,744.0,491.0
MPFL,3/11/2015,170.0,170.0,167.0,169.0,-0.59,410.0,744.0,491.0
MPFL,3/12/2015,169.0,166.0,166.0,166.0,-1.78,20.0,744.0,491.0
MPFL,3/15/2015,166.0,182.0,169.0,182.0,9.64,740.0,744.0,491.0
MPFL,3/16/2015,182.0,188.0,185.0,185.0,1.65,2160.0,744.0,491.0
MPFL,3/17/2015,185.0,184.0,171.0,171.0,-7.57,720.0,744.0,491.0
MPFL,3/18/2015,171.0,178.0,172.0,178.0,4.09,1320.0,744.0,491.0
MPFL,3/19/2015,178.0,195.0,181.0,195.0,9.55,1290.0,744.0,491.0
MPFL,3/22/2015,195.0,197.0,176.0,176.0,-9.74,1780.0,744.0,491.0
MPFL,3/24/2015,176.0,177.0,177.0,177.0,0.57,300.0,744.0,491.0
MPFL,4/1/2015,177.0,174.0,165.0,165.0,-6.78,130.0,744.0,491.0
MPFL,4/2/2015,165.0,162.0,159.0,159.0,-3.64,70.0,744.0,491.0
MPFL,4/12/2015,159.0,156.0,150.0,151.0,-5.03,340.0,744.0,491.0
MPFL,4/23/2015,151.0,150.0,148.0,150.0,-0.66,150.0,744.0,491.0
MPFL,6/22/2015,150.0,150.0,150.0,150.0,0.0,30.0,744.0,491.0
MPFL,6/29/2015,150.0,150.0,150.0,150.0,0.0,40.0,744.0,491.0
MPFL,7/8/2015,150.0,148.0,147.0,148.0,-1.33,1040.0,744.0,491.0
MPFL,7/9/2015,148.0,146.0,145.0,145.0,-2.03,210.0,744.0,491.0
MPFL,7/13/2015,145.0,147.0,147.0,147.0,1.38,260.0,744.0,491.0
MPFL,7/14/2015,147.0,145.0,145.0,145.0,-1.36,40.0,744.0,491.0
MPFL,7/22/2015,145.0,143.0,143.0,143.0,-1.38,150.0,744.0,491.0
MPFL,7/23/2015,143.0,143.0,143.0,143.0,0.0,170.0,744.0,491.0
MPFL,7/29/2015,143.0,145.0,145.0,145.0,1.4,100.0,744.0,491.0
MPFL,8/4/2015,145.0,147.0,147.0,147.0,1.38,50.0,744.0,491.0
MPFL,8/11/2015,147.0,145.0,145.0,145.0,-1.36,40.0,744.0,491.0
MPFL,8/12/2015,145.0,145.0,145.0,145.0,0.0,50.0,744.0,491.0
MPFL,8/23/2015,145.0,145.0,143.0,143.0,-1.38,450.0,744.0,491.0
MPFL,8/26/2015,143.0,147.0,145.0,147.0,2.8,110.0,744.0,491.0
MPFL,8/27/2015,147.0,147.0,147.0,147.0,0.0,80.0,744.0,491.0
MPFL,9/6/2015,147.0,151.0,145.0,145.0,-1.36,590.0,744.0,491.0
MPFL,9/7/2015,145.0,143.0,138.0,138.0,-4.83,500.0,744.0,491.0
MPFL,9/8/2015,138.0,146.0,140.0,146.0,5.8,7610.0,744.0,491.0
MPFL,9/9/2015,146.0,153.0,148.0,153.0,4.79,280.0,744.0,491.0
MPFL,9/10/2015,153.0,153.0,153.0,153.0,0.0,481.0,744.0,491.0
MPFL,9/13/2015,153.0,151.0,150.0,151.0,-1.31,760.0,744.0,491.0
MPFL,9/17/2015,151.0,151.0,151.0,151.0,0.0,10.0,744.0,491.0
MPFL,9/22/2015,151.0,157.0,151.0,155.0,2.65,610.0,744.0,491.0
MPFL,9/24/2015,155.0,158.0,158.0,158.0,1.94,300.0,744.0,491.0
MPFL,10/4/2015,158.0,161.0,157.0,157.0,-0.63,460.0,744.0,491.0
MPFL,10/6/2015,157.0,154.0,151.0,154.0,-1.91,650.0,744.0,491.0
MPFL,10/7/2015,154.0,154.0,153.0,153.0,-0.65,440.0,744.0,491.0
MPFL,11/22/2015,153.0,150.0,141.0,141.0,-7.84,1360.0,744.0,491.0
MPFL,11/24/2015,141.0,139.0,139.0,139.0,-1.42,40.0,744.0,491.0
MPFL,11/25/2015,139.0,137.0,137.0,137.0,-1.44,300.0,744.0,491.0
MPFL,11/29/2015,137.0,135.0,135.0,135.0,-1.46,100.0,744.0,491.0
MPFL,12/2/2015,135.0,133.0,129.0,129.0,-4.44,140.0,744.0,491.0
MPFL,12/8/2015,129.0,138.0,128.0,138.0,6.98,170.0,744.0,491.0
MPFL,12/10/2015,138.0,148.0,140.0,148.0,7.25,241.0,744.0,491.0
MPFL,12/13/2015,148.0,146.0,146.0,146.0,-1.35,190.0,744.0,491.0
MPFL,12/14/2015,146.0,146.0,145.0,146.0,0.0,920.0,744.0,491.0
MPFL,12/15/2015,146.0,148.0,148.0,148.0,1.37,40.0,744.0,491.0
MPFL,12/16/2015,148.0,150.0,150.0,150.0,1.35,64.0,744.0,491.0
MPFL,12/20/2015,150.0,152.0,152.0,152.0,1.33,20.0,744.0,491.0
MPFL,12/21/2015,152.0,155.0,152.0,152.0,0.0,1073.0,744.0,491.0
MPFL,12/22/2015,152.0,154.0,154.0,154.0,1.32,960.0,744.0,491.0
MPFL,12/28/2015,154.0,151.0,151.0,151.0,-1.95,300.0,744.0,491.0
MPFL,1/3/2016,151.0,150.0,150.0,150.0,-0.66,10.0,744.0,491.0
MPFL,1/4/2016,150.0,150.0,150.0,150.0,0.0,33.0,744.0,491.0
MPFL,1/5/2016,150.0,147.0,145.0,145.0,-3.33,452.0,744.0,491.0
MPFL,1/6/2016,145.0,143.0,143.0,143.0,-1.38,120.0,744.0,491.0
MPFL,1/7/2016,143.0,142.0,139.0,142.0,-0.7,488.0,744.0,491.0
MPFL,1/10/2016,142.0,142.0,128.0,130.0,-8.45,643.0,744.0,491.0
MPFL,1/11/2016,130.0,130.0,130.0,130.0,0.0,20.0,744.0,491.0
MPFL,1/12/2016,130.0,132.0,132.0,132.0,1.54,44.0,744.0,491.0
MPFL,1/13/2016,132.0,130.0,130.0,130.0,-1.52,31.0,744.0,491.0
MPFL,1/14/2016,130.0,137.0,130.0,132.0,1.54,537.0,744.0,491.0
MPFL,8/7/2017,125.0,127.0,127.0,127.0,-3.79,11.0,744.0,491.0
MPFL,8/10/2017,127.0,0.0,0.0,0.0,-100.0,8.0,744.0,491.0
MPFL,8/13/2017,127.0,129.0,129.0,129.0,inf,3.0,744.0,491.0
MPFL,8/22/2017,127.0,129.0,129.0,129.0,0.0,10.0,744.0,491.0
MPFL,8/24/2017,129.0,131.0,131.0,131.0,1.55,2000.0,744.0,491.0
MPFL,9/7/2017,131.0,133.0,133.0,133.0,1.53,3.0,744.0,491.0
MPFL,9/14/2017,131.0,133.0,133.0,133.0,0.0,11.0,744.0,491.0
MPFL,9/25/2017,133.0,135.0,135.0,135.0,1.5,10.0,744.0,491.0
MPFL,10/3/2017,135.0,137.0,137.0,137.0,1.48,50.0,744.0,491.0
MPFL,10/17/2017,137.0,139.0,139.0,139.0,1.46,10.0,744.0,491.0
MPFL,10/22/2017,139.0,141.0,141.0,141.0,1.44,10.0,744.0,491.0
MPFL,10/23/2017,141.0,154.0,143.0,154.0,9.22,62.0,744.0,491.0
MPFL,10/24/2017,154.0,169.0,157.0,169.0,9.74,3540.0,744.0,491.0
MPFL,10/25/2017,169.0,185.0,172.0,185.0,9.47,186.0,744.0,491.0
MPFL,10/29/2017,185.0,203.0,188.0,203.0,9.73,4122.0,744.0,491.0
MPFL,10/30/2017,203.0,223.0,207.0,223.0,9.85,4129.0,744.0,491.0
MPFL,10/31/2017,223.0,245.0,227.0,245.0,9.87,216.0,744.0,491.0
MPFL,11/1/2017,245.0,269.0,249.0,269.0,9.8,556.0,744.0,491.0
MPFL,11/2/2017,269.0,284.0,243.0,249.0,-7.43,5278.0,744.0,491.0
MPFL,11/5/2017,249.0,253.0,245.0,253.0,1.61,4938.0,744.0,491.0
MPFL,11/6/2017,253.0,258.0,253.0,258.0,1.98,561.0,744.0,491.0
MPFL,11/7/2017,258.0,268.0,260.0,268.0,3.88,973.0,744.0,491.0
MPFL,11/8/2017,268.0,275.0,264.0,269.0,0.37,1630.0,744.0,491.0
MPFL,11/9/2017,269.0,265.0,255.0,255.0,-5.2,1920.0,744.0,491.0
MPFL,11/12/2017,255.0,260.0,256.0,256.0,0.39,1257.0,744.0,491.0
MPFL,11/13/2017,256.0,261.0,261.0,261.0,1.95,50.0,744.0,491.0
MPFL,11/14/2017,261.0,276.0,266.0,276.0,5.75,230.0,744.0,491.0
MPFL,11/15/2017,276.0,280.0,267.0,280.0,1.45,1787.0,744.0,491.0
MPFL,11/16/2017,280.0,280.0,267.0,267.0,-4.64,1256.0,744.0,491.0
MPFL,11/19/2017,267.0,280.0,270.0,275.0,3.0,1015.0,744.0,491.0
MPFL,11/20/2017,275.0,295.0,280.0,287.0,4.36,1620.0,744.0,491.0
MPFL,11/21/2017,287.0,307.0,290.0,296.0,3.14,1285.0,744.0,491.0
MPFL,11/22/2017,296.0,307.0,290.0,290.0,-2.03,4457.0,744.0,491.0
MPFL,11/23/2017,290.0,295.0,285.0,295.0,1.72,740.0,744.0,491.0
MPFL,11/26/2017,295.0,295.0,295.0,295.0,0.0,100.0,744.0,491.0
MPFL,11/27/2017,295.0,300.0,295.0,300.0,1.69,820.0,744.0,491.0
MPFL,11/28/2017,300.0,305.0,300.0,300.0,0.0,830.0,744.0,491.0
MPFL,11/29/2017,300.0,309.0,303.0,309.0,3.0,1012.0,744.0,491.0
MPFL,11/30/2017,309.0,303.0,303.0,303.0,-1.94,300.0,744.0,491.0
MPFL,12/4/2017,303.0,300.0,300.0,300.0,-0.99,500.0,744.0,491.0
MPFL,12/5/2017,300.0,300.0,300.0,300.0,0.0,1.0,744.0,491.0
MPFL,12/6/2017,300.0,294.0,294.0,294.0,-2.0,40.0,744.0,491.0
MPFL,12/10/2017,294.0,299.0,289.0,299.0,1.7,413.0,744.0,491.0
MPFL,12/13/2017,299.0,294.0,294.0,294.0,-1.67,50.0,744.0,491.0
MPFL,12/17/2017,294.0,289.0,284.0,284.0,-3.4,120.0,744.0,491.0
MPFL,12/18/2017,284.0,295.0,285.0,287.0,1.06,810.0,744.0,491.0
MPFL,12/19/2017,287.0,290.0,282.0,290.0,1.05,580.0,744.0,491.0
MPFL,12/20/2017,290.0,297.0,287.0,291.0,0.34,1983.0,744.0,491.0
MPFL,12/24/2017,291.0,292.0,287.0,287.0,-1.37,2451.0,744.0,491.0
MPFL,12/27/2017,287.0,282.0,278.0,278.0,-3.14,616.0,744.0,491.0
MPFL,12/28/2017,278.0,273.0,273.0,273.0,-1.8,176.0,744.0,491.0
MPFL,12/31/2017,273.0,268.0,268.0,268.0,-1.83,100.0,744.0,491.0
MPFL,1/1/2018,268.0,268.0,268.0,268.0,0.0,11.0,744.0,491.0
MPFL,1/3/2018,268.0,283.0,268.0,283.0,5.6,50.0,744.0,491.0
MPFL,1/4/2018,283.0,311.0,288.0,311.0,9.89,1233.0,744.0,491.0
MPFL,1/7/2018,311.0,342.0,317.0,342.0,9.97,4100.0,744.0,491.0
MPFL,1/8/2018,342.0,376.0,348.0,373.0,9.06,5470.0,744.0,491.0
MPFL,1/9/2018,373.0,375.0,353.0,367.0,-1.61,2470.0,744.0,491.0
MPFL,1/10/2018,367.0,368.0,361.0,368.0,0.27,268.0,744.0,491.0
MPFL,1/14/2018,368.0,370.0,363.0,369.0,0.27,105.0,744.0,491.0
MPFL,1/16/2018,369.0,369.0,362.0,369.0,0.0,41.0,744.0,491.0
MPFL,1/21/2018,369.0,362.0,362.0,362.0,-1.9,100.0,744.0,491.0
MPFL,1/28/2018,362.0,355.0,342.0,342.0,-5.52,81.0,744.0,491.0
MPFL,1/29/2018,342.0,336.0,308.0,308.0,-9.94,167.0,744.0,491.0
MPFL,1/31/2018,308.0,326.0,302.0,326.0,5.84,650.0,744.0,491.0
MPFL,2/1/2018,326.0,332.0,332.0,332.0,1.84,10.0,744.0,491.0
MPFL,2/5/2018,332.0,338.0,338.0,338.0,1.81,11.0,744.0,491.0
MPFL,2/6/2018,338.0,338.0,338.0,338.0,0.0,10.0,744.0,491.0
MPFL,2/11/2018,338.0,332.0,320.0,320.0,-5.33,30.0,744.0,491.0
MPFL,2/12/2018,320.0,314.0,314.0,314.0,-1.88,10.0,744.0,491.0
MPFL,2/14/2018,314.0,320.0,305.0,306.0,-2.55,243.0,744.0,491.0
MPFL,2/15/2018,306.0,312.0,306.0,312.0,1.96,221.0,744.0,491.0
MPFL,2/18/2018,306.0,306.0,299.0,300.0,-3.85,303.0,744.0,491.0
MPFL,2/21/2018,300.0,300.0,289.0,289.0,-3.67,126.0,744.0,491.0
MPFL,2/22/2018,284.0,284.0,284.0,284.0,-1.73,50.0,744.0,491.0
MPFL,3/6/2018,280.0,280.0,280.0,280.0,-1.41,500.0,744.0,491.0
MPFL,3/12/2018,281.0,281.0,281.0,281.0,0.36,11.0,744.0,491.0
MPFL,3/13/2018,286.0,291.0,286.0,291.0,3.56,200.0,744.0,491.0
MPFL,3/14/2018,296.0,296.0,296.0,296.0,1.72,50.0,744.0,491.0
MPFL,4/8/2018,291.0,291.0,291.0,291.0,-1.69,111.0,744.0,491.0
MPFL,4/10/2018,286.0,286.0,286.0,286.0,-1.72,10.0,744.0,491.0
MPFL,4/15/2018,281.0,281.0,281.0,281.0,-1.75,10.0,744.0,491.0
MPFL,4/16/2018,286.0,286.0,286.0,286.0,1.78,10.0,744.0,491.0
MPFL,4/22/2018,291.0,301.0,291.0,301.0,5.24,120.0,744.0,491.0
MPFL,5/22/2018,307.0,307.0,307.0,307.0,1.99,10.0,744.0,491.0
MPFL,6/10/2018,301.0,301.0,301.0,301.0,-1.95,630.0,744.0,491.0
MPFL,7/11/2018,295.0,295.0,295.0,295.0,-1.99,1.0,744.0,491.0
MPFL,8/6/2018,295.0,295.0,275.0,275.0,-6.78,100.0,744.0,491.0
MPFL,8/9/2018,270.0,270.0,250.0,250.0,-9.09,50.0,744.0,491.0
MPFL,8/12/2018,245.0,245.0,225.0,225.0,-10.0,60.0,744.0,491.0
MPFL,8/13/2018,221.0,221.0,205.0,205.0,-8.89,50.0,744.0,491.0
MPFL,8/14/2018,201.0,201.0,194.0,194.0,-5.37,30.0,744.0,491.0
MPFL,8/15/2018,195.0,194.0,190.0,190.0,-2.06,151.0,744.0,491.0
MPFL,8/16/2018,191.0,191.0,190.0,190.0,0.0,260.0,744.0,491.0
MPFL,8/20/2018,188.0,188.0,188.0,188.0,-1.05,200.0,744.0,491.0
MPFL,8/29/2018,185.0,188.0,185.0,188.0,0.0,210.0,744.0,491.0
MPFL,9/3/2018,185.0,194.0,185.0,194.0,3.19,51.0,744.0,491.0
MPFL,9/4/2018,197.0,197.0,193.0,193.0,-0.52,182.0,744.0,491.0
MPFL,9/5/2018,194.0,194.0,194.0,194.0,0.52,100.0,744.0,491.0
MPFL,9/6/2018,191.0,191.0,175.0,176.0,-9.28,2073.0,744.0,491.0
MPFL,9/10/2018,173.0,176.0,173.0,173.0,-1.7,647.0,744.0,491.0
MPFL,9/11/2018,172.0,172.0,171.0,171.0,-1.16,944.0,744.0,491.0
MPFL,9/12/2018,174.0,180.0,174.0,180.0,5.26,885.0,744.0,491.0
MPFL,9/17/2018,183.0,183.0,183.0,183.0,1.67,20.0,744.0,491.0
MPFL,9/27/2018,185.0,185.0,185.0,185.0,1.09,50.0,744.0,491.0
MPFL,9/30/2018,182.0,182.0,182.0,182.0,-1.62,10.0,744.0,491.0
MPFL,10/4/2018,179.0,179.0,165.0,165.0,-9.34,268.0,744.0,491.0
MPFL,10/7/2018,168.0,165.0,165.0,165.0,0.0,48.0,744.0,491.0
MPFL,10/8/2018,164.0,164.0,164.0,164.0,-0.61,4.0,744.0,491.0
MPFL,10/14/2018,165.0,165.0,165.0,165.0,0.61,11.0,744.0,491.0
MPFL,10/15/2018,165.0,166.0,165.0,166.0,0.61,240.0,744.0,491.0
MPFL,11/26/2018,169.0,169.0,163.0,163.0,-1.81,5537.0,744.0,491.0
MPFL,12/3/2018,160.0,160.0,157.0,160.0,-1.84,390.0,744.0,491.0
MPFL,12/4/2018,157.0,157.0,154.0,154.0,-3.75,68.0,744.0,491.0
MPFL,12/5/2018,151.0,151.0,151.0,151.0,-1.95,150.0,744.0,491.0
MPFL,12/16/2018,148.0,148.0,148.0,148.0,-1.99,200.0,744.0,491.0
MPFL,12/19/2018,146.0,146.0,144.0,144.0,-2.7,88.0,744.0,491.0
MPFL,12/20/2018,144.0,144.0,142.0,142.0,-1.39,420.0,744.0,491.0
MPFL,12/24/2018,140.0,142.0,132.0,132.0,-7.04,1571.0,744.0,491.0
MPFL,12/25/2018,134.0,145.0,134.0,145.0,9.85,880.0,744.0,491.0
MPFL,12/26/2018,147.0,159.0,147.0,159.0,9.66,202.0,744.0,491.0
MPFL,12/27/2018,162.0,168.0,159.0,159.0,0.0,1666.0,744.0,491.0
MPFL,12/30/2018,162.0,174.0,162.0,174.0,9.43,253.0,744.0,491.0
MPFL,12/31/2018,174.0,174.0,171.0,171.0,-1.72,82.0,744.0,491.0
MPFL,1/3/2019,171.0,173.0,171.0,173.0,1.17,215.0,744.0,491.0
MPFL,1/7/2019,174.0,174.0,173.0,173.0,0.0,20.0,744.0,491.0
MPFL,1/15/2019,170.0,170.0,170.0,170.0,-1.73,50.0,744.0,491.0
MPFL,1/16/2019,167.0,167.0,167.0,167.0,-1.76,10.0,744.0,491.0
MPFL,1/17/2019,164.0,164.0,161.0,161.0,-3.59,20.0,744.0,491.0
MPFL,1/27/2019,158.0,158.0,158.0,158.0,-1.86,20.0,744.0,491.0
MPFL,1/28/2019,155.0,155.0,152.0,152.0,-3.8,20.0,744.0,491.0
MPFL,1/31/2019,149.0,149.0,149.0,149.0,-1.97,10.0,744.0,491.0
MPFL,2/14/2019,147.0,147.0,147.0,147.0,-1.34,10.0,744.0,491.0
MPFL,2/24/2019,146.0,146.0,142.0,142.0,-3.4,45.0,744.0,491.0
MPFL,2/26/2019,140.0,140.0,140.0,140.0,-1.41,20.0,744.0,491.0
MPFL,2/27/2019,141.0,142.0,138.0,138.0,-1.43,54.0,744.0,491.0
MPFL,3/5/2019,137.0,137.0,136.0,136.0,-1.45,120.0,744.0,491.0
MPFL,3/7/2019,135.0,135.0,135.0,135.0,-0.74,60.0,744.0,491.0
MPFL,3/10/2019,137.0,137.0,137.0,137.0,1.48,25.0,744.0,491.0
MPFL,3/12/2019,139.0,140.0,139.0,140.0,2.19,110.0,744.0,491.0
MPFL,3/13/2019,142.0,142.0,140.0,140.0,0.0,498.0,744.0,491.0
MPFL,3/14/2019,140.0,140.0,140.0,140.0,0.0,200.0,744.0,491.0
MPFL,3/18/2019,142.0,150.0,142.0,150.0,7.14,302.0,744.0,491.0
MPFL,3/19/2019,147.0,147.0,146.0,147.0,-2.0,225.0,744.0,491.0
MPFL,3/21/2019,145.0,145.0,145.0,145.0,-1.36,50.0,744.0,491.0
MPFL,3/25/2019,143.0,143.0,143.0,143.0,-1.38,15.0,744.0,491.0
MPFL,3/26/2019,143.0,143.0,141.0,141.0,-1.4,240.0,744.0,491.0
MPFL,3/27/2019,140.0,140.0,138.0,138.0,-2.13,194.0,744.0,491.0
MPFL,3/28/2019,140.0,140.0,139.0,139.0,0.72,30.0,744.0,491.0
MPFL,3/31/2019,141.0,145.0,141.0,145.0,4.32,220.0,744.0,491.0
MPFL,4/1/2019,147.0,149.0,147.0,147.0,1.38,50.0,744.0,491.0
MPFL,4/2/2019,149.0,149.0,149.0,149.0,1.36,16.0,744.0,491.0
MPFL,4/3/2019,151.0,159.0,151.0,152.0,2.01,262.0,744.0,491.0
MPFL,4/4/2019,153.0,153.0,150.0,150.0,-1.32,75.0,744.0,491.0
MPFL,4/7/2019,147.0,147.0,145.0,145.0,-3.33,221.0,744.0,491.0
MPFL,4/8/2019,147.0,147.0,147.0,147.0,1.38,20.0,744.0,491.0
MPFL,4/9/2019,145.0,145.0,143.0,143.0,-2.72,180.0,744.0,491.0
MPFL,4/10/2019,141.0,141.0,141.0,141.0,-1.4,200.0,744.0,491.0
MPFL,4/21/2019,143.0,143.0,141.0,141.0,0.0,49.0,744.0,491.0
MPFL,4/22/2019,139.0,139.0,139.0,139.0,-1.42,160.0,744.0,491.0
MPFL,4/23/2019,141.0,141.0,140.0,140.0,0.72,300.0,744.0,491.0
MPFL,4/24/2019,142.0,144.0,142.0,144.0,2.86,260.0,744.0,491.0
MPFL,4/25/2019,146.0,146.0,146.0,146.0,1.39,100.0,744.0,491.0
MPFL,4/29/2019,146.0,148.0,146.0,148.0,1.37,40.0,744.0,491.0
MPFL,5/2/2019,150.0,150.0,150.0,150.0,1.35,420.0,744.0,491.0
MPFL,5/5/2019,153.0,165.0,153.0,165.0,10.0,1470.0,744.0,491.0
MPFL,5/6/2019,165.0,181.0,165.0,181.0,9.7,188.0,744.0,491.0
MPFL,5/7/2019,178.0,181.0,175.0,178.0,-1.66,969.0,744.0,491.0
MPFL,5/8/2019,175.0,175.0,161.0,161.0,-9.55,2190.0,744.0,491.0
MPFL,5/9/2019,158.0,158.0,149.0,149.0,-7.45,300.0,744.0,491.0
MPFL,5/13/2019,149.0,149.0,147.0,147.0,-1.34,70.0,744.0,491.0
MPFL,5/14/2019,145.0,145.0,145.0,145.0,-1.36,20.0,744.0,491.0
MPFL,5/16/2019,145.0,159.0,145.0,159.0,9.66,160.0,744.0,491.0
MPFL,5/19/2019,162.0,165.0,162.0,165.0,3.77,110.0,744.0,491.0
MPFL,5/20/2019,168.0,181.0,168.0,181.0,9.7,186.0,744.0,491.0
MPFL,5/21/2019,190.0,199.0,190.0,199.0,9.94,540.0,744.0,491.0
MPFL,5/22/2019,208.0,218.0,208.0,218.0,9.55,160.0,744.0,491.0
MPFL,5/23/2019,228.0,239.0,228.0,239.0,9.63,145.0,744.0,491.0
MPFL,5/26/2019,250.0,262.0,216.0,224.0,-6.28,5390.0,744.0,491.0
MPFL,5/27/2019,224.0,228.0,224.0,227.0,1.34,916.0,744.0,491.0
MPFL,5/28/2019,227.0,227.0,224.0,224.0,-1.32,700.0,744.0,491.0
MPFL,5/29/2019,228.0,228.0,218.0,218.0,-2.68,463.0,744.0,491.0
MPFL,5/30/2019,222.0,230.0,222.0,230.0,5.5,840.0,744.0,491.0
MPFL,6/2/2019,230.0,230.0,222.0,222.0,-3.48,420.0,744.0,491.0
MPFL,6/3/2019,223.0,230.0,223.0,230.0,3.6,795.0,744.0,491.0
MPFL,6/4/2019,230.0,230.0,216.0,216.0,-6.09,808.0,744.0,491.0
MPFL,6/6/2019,220.0,220.0,216.0,216.0,0.0,78.0,744.0,491.0
MPFL,6/10/2019,212.0,220.0,212.0,220.0,1.85,150.0,744.0,491.0
MPFL,6/11/2019,219.0,219.0,215.0,215.0,-2.27,25.0,744.0,491.0
MPFL,6/12/2019,211.0,211.0,200.0,200.0,-6.98,270.0,744.0,491.0
MPFL,6/13/2019,196.0,196.0,193.0,193.0,-3.5,213.0,744.0,491.0
MPFL,6/16/2019,193.0,193.0,193.0,193.0,0.0,15.0,744.0,491.0
MPFL,6/17/2019,190.0,190.0,190.0,190.0,-1.55,16.0,744.0,491.0
MPFL,6/18/2019,190.0,196.0,190.0,196.0,3.16,300.0,744.0,491.0
MPFL,6/19/2019,205.0,215.0,205.0,215.0,9.69,19040.0,744.0,491.0
MPFL,6/20/2019,225.0,236.0,225.0,236.0,9.77,2671.0,744.0,491.0
MPFL,6/23/2019,241.0,257.0,221.0,229.0,-2.97,13747.0,744.0,491.0
MPFL,6/24/2019,233.0,234.0,207.0,207.0,-9.61,4800.0,744.0,491.0
MPFL,6/25/2019,207.0,207.0,187.0,187.0,-9.66,27394.0,744.0,491.0
MPFL,6/27/2019,110.0,119.0,110.0,119.0,-36.36,1396.0,744.0,491.0
MPFL,6/30/2019,121.0,129.0,121.0,125.0,5.04,959.0,744.0,491.0
MPFL,7/1/2019,123.0,126.0,123.0,124.0,-0.8,160.0,744.0,491.0
MPFL,7/2/2019,122.0,122.0,120.0,120.0,-3.23,242.0,744.0,491.0
MPFL,7/3/2019,121.0,126.0,121.0,124.0,3.33,270.0,744.0,491.0
MPFL,7/4/2019,130.0,130.0,126.0,126.0,1.61,211.0,744.0,491.0
MPFL,7/7/2019,132.0,136.0,130.0,130.0,3.17,340.0,744.0,491.0
MPFL,7/8/2019,128.0,128.0,121.0,125.0,-3.85,4082.0,744.0,491.0
MPFL,7/9/2019,127.0,137.0,127.0,135.0,8.0,386.0,744.0,491.0
MPFL,7/10/2019,137.0,143.0,137.0,141.0,4.44,76.0,744.0,491.0
MPFL,7/11/2019,135.0,135.0,133.0,133.0,-5.67,1100.0,744.0,491.0
MPFL,7/14/2019,131.0,131.0,121.0,122.0,-8.27,328.0,744.0,491.0
MPFL,7/15/2019,120.0,124.0,119.0,119.0,-2.46,1400.0,744.0,491.0
MPFL,7/16/2019,117.0,119.0,117.0,117.0,-1.68,850.0,744.0,491.0
MPFL,7/17/2019,122.0,124.0,120.0,120.0,2.56,446.0,744.0,491.0
MPFL,7/21/2019,126.0,126.0,126.0,126.0,5.0,16.0,744.0,491.0
MPFL,7/25/2019,128.0,128.0,126.0,127.0,0.79,220.0,744.0,491.0
MPFL,7/28/2019,125.0,125.0,125.0,125.0,-1.57,10.0,744.0,491.0
MPFL,7/30/2019,123.0,123.0,115.0,117.0,-6.4,635.0,744.0,491.0
MPFL,7/31/2019,119.0,119.0,117.0,119.0,1.71,264.0,744.0,491.0
MPFL,8/1/2019,117.0,117.0,117.0,117.0,-1.68,85.0,744.0,491.0
MPFL,8/4/2019,115.0,116.0,113.0,114.0,-2.56,10955.0,744.0,491.0
MPFL,8/5/2019,112.0,114.0,112.0,114.0,0.0,583.0,744.0,491.0
MPFL,8/6/2019,114.0,114.0,114.0,114.0,0.0,280.0,744.0,491.0
MPFL,8/7/2019,114.0,114.0,113.0,114.0,0.0,356.0,744.0,491.0
MPFL,8/8/2019,114.0,116.0,110.0,110.0,-3.51,1388.0,744.0,491.0
MPFL,8/11/2019,112.0,114.0,112.0,114.0,3.64,170.0,744.0,491.0
MPFL,8/12/2019,113.0,113.0,113.0,113.0,-0.88,10.0,744.0,491.0
MPFL,8/14/2019,111.0,111.0,110.0,110.0,-2.65,200.0,744.0,491.0
MPFL,8/18/2019,110.0,110.0,110.0,110.0,0.0,82.0,744.0,491.0
MPFL,8/19/2019,108.0,108.0,108.0,108.0,-1.82,112.0,744.0,491.0
MPFL,8/20/2019,110.0,110.0,110.0,110.0,1.85,50.0,744.0,491.0
MPFL,8/21/2019,112.0,116.0,112.0,114.0,3.64,192.0,744.0,491.0
MPFL,8/22/2019,112.0,112.0,112.0,112.0,-1.75,516.0,744.0,491.0
MPFL,8/25/2019,111.0,112.0,111.0,112.0,0.0,62.0,744.0,491.0
MPFL,8/26/2019,112.0,112.0,108.0,108.0,-3.57,480.0,744.0,491.0
MPFL,8/28/2019,106.0,106.0,106.0,106.0,-1.85,39.0,744.0,491.0
MPFL,9/2/2019,106.0,106.0,105.0,105.0,-0.94,1000.0,744.0,491.0
MPFL,9/10/2019,105.0,105.0,105.0,105.0,0.0,15.0,744.0,491.0
MPFL,9/12/2019,103.0,103.0,103.0,103.0,-1.9,16.0,744.0,491.0
MPFL,9/23/2019,102.0,103.0,102.0,103.0,0.0,32.0,744.0,491.0
MPFL,9/24/2019,105.0,105.0,105.0,105.0,1.94,10.0,744.0,491.0
MPFL,9/25/2019,105.0,105.0,105.0,105.0,0.0,38.0,744.0,491.0
MPFL,9/26/2019,103.0,103.0,103.0,103.0,-1.9,70.0,744.0,491.0
MPFL,9/30/2019,102.0,102.0,100.0,100.0,-2.91,120.0,744.0,491.0
MPFL,10/1/2019,98.0,98.0,97.0,97.0,-3.0,400.0,744.0,491.0
MPFL,10/3/2019,97.0,97.0,97.0,97.0,0.0,100.0,744.0,491.0
MPFL,10/16/2019,98.0,98.0,98.0,98.0,1.03,10.0,744.0,491.0
MPFL,10/17/2019,99.0,99.0,99.0,99.0,1.02,26.0,744.0,491.0
MPFL,10/23/2019,100.0,102.0,100.0,102.0,3.03,49.0,744.0,491.0
MPFL,10/24/2019,100.0,100.0,100.0,100.0,-1.96,96.0,744.0,491.0
MPFL,10/31/2019,100.0,102.0,100.0,102.0,2.0,201.0,744.0,491.0
MPFL,11/3/2019,102.0,102.0,102.0,102.0,0.0,16.0,744.0,491.0
MPFL,11/4/2019,101.0,101.0,101.0,101.0,-0.98,50.0,744.0,491.0
MPFL,11/5/2019,101.0,101.0,101.0,101.0,0.0,16.0,744.0,491.0
MPFL,11/6/2019,99.0,99.0,98.0,98.0,-2.97,480.0,744.0,491.0
MPFL,11/10/2019,99.0,99.0,99.0,99.0,1.02,10.0,744.0,491.0
MPFL,11/11/2019,100.0,100.0,100.0,100.0,1.01,261.0,744.0,491.0
MPFL,11/12/2019,99.0,100.0,99.0,100.0,0.0,32.0,744.0,491.0
MPFL,11/18/2019,100.0,100.0,100.0,100.0,0.0,16.0,744.0,491.0
MPFL,11/19/2019,100.0,100.0,100.0,100.0,0.0,150.0,744.0,491.0
MPFL,11/21/2019,100.0,100.0,100.0,100.0,0.0,223.0,744.0,491.0
MPFL,11/25/2019,102.0,102.0,100.0,101.0,1.0,193.0,744.0,491.0
MPFL,11/26/2019,100.0,100.0,100.0,100.0,-0.99,10.0,744.0,491.0
MPFL,12/4/2019,101.0,103.0,101.0,103.0,3.0,152.0,744.0,491.0
MPFL,12/5/2019,102.0,102.0,102.0,102.0,-0.97,32.0,744.0,491.0
MPFL,12/9/2019,101.0,101.0,101.0,101.0,-0.98,16.0,744.0,491.0
MPFL,12/11/2019,100.0,102.0,100.0,102.0,0.99,166.0,744.0,491.0
MPFL,12/12/2019,103.0,104.0,103.0,104.0,1.96,509.0,744.0,491.0
MPFL,12/17/2019,102.0,102.0,102.0,102.0,-1.92,100.0,744.0,491.0
MPFL,12/19/2019,103.0,103.0,103.0,103.0,0.98,50.0,744.0,491.0
MPFL,12/23/2019,104.0,106.0,104.0,106.0,2.91,310.0,744.0,491.0
MPFL,12/25/2019,105.0,105.0,105.0,105.0,-0.94,100.0,744.0,491.0
MPFL,12/26/2019,105.0,105.0,105.0,105.0,0.0,50.0,744.0,491.0
MPFL,12/29/2019,105.0,105.0,105.0,105.0,0.0,116.0,744.0,491.0
MPFL,1/1/2020,104.0,104.0,104.0,104.0,-0.95,15.0,744.0,491.0
MPFL,1/2/2020,104.0,104.0,104.0,104.0,0.0,30.0,744.0,491.0
MPFL,1/12/2020,106.0,106.0,106.0,106.0,1.92,14.0,744.0,491.0
MPFL,1/13/2020,106.0,106.0,106.0,106.0,0.0,20.0,744.0,491.0
MPFL,1/14/2020,108.0,108.0,108.0,108.0,1.89,150.0,744.0,491.0
MPFL,1/15/2020,110.0,110.0,110.0,110.0,1.85,10.0,744.0,491.0
MPFL,1/16/2020,112.0,121.0,112.0,121.0,10.0,762.0,744.0,491.0
MPFL,1/19/2020,123.0,133.0,123.0,133.0,9.92,300.0,744.0,491.0
MPFL,1/20/2020,135.0,146.0,135.0,146.0,9.77,3100.0,744.0,491.0
MPFL,1/21/2020,148.0,156.0,144.0,146.0,0.0,4065.0,744.0,491.0
MPFL,1/22/2020,144.0,148.0,141.0,148.0,1.37,1333.0,744.0,491.0
MPFL,1/23/2020,150.0,150.0,147.0,148.0,0.0,246.0,744.0,491.0
MPFL,1/26/2020,148.0,148.0,148.0,148.0,0.0,10.0,744.0,491.0
MPFL,1/27/2020,146.0,150.0,145.0,150.0,1.35,1574.0,744.0,491.0
MPFL,1/28/2020,153.0,159.0,150.0,156.0,4.0,1450.0,744.0,491.0
MPFL,1/29/2020,153.0,153.0,153.0,153.0,-1.92,1000.0,744.0,491.0
MPFL,1/30/2020,150.0,162.0,150.0,159.0,3.92,1707.0,744.0,491.0
MPFL,2/2/2020,156.0,156.0,153.0,153.0,-3.77,110.0,744.0,491.0
MPFL,2/3/2020,150.0,150.0,145.0,145.0,-5.23,552.0,744.0,491.0
MPFL,2/4/2020,147.0,147.0,136.0,138.0,-4.83,2363.0,744.0,491.0
MPFL,2/5/2020,138.0,141.0,136.0,140.0,1.45,2466.0,744.0,491.0
MPFL,2/6/2020,142.0,144.0,142.0,142.0,1.43,1450.0,744.0,491.0
MPFL,2/9/2020,140.0,140.0,134.0,136.0,-4.23,2200.0,744.0,491.0
MPFL,2/10/2020,138.0,140.0,138.0,138.0,1.47,1725.0,744.0,491.0
MPFL,2/11/2020,140.0,140.0,140.0,140.0,1.45,150.0,744.0,491.0
MPFL,2/12/2020,141.0,141.0,140.0,140.0,0.0,136.0,744.0,491.0
MPFL,2/13/2020,142.0,142.0,142.0,142.0,1.43,370.0,744.0,491.0
MPFL,2/16/2020,140.0,140.0,138.0,138.0,-2.82,649.0,744.0,491.0
MPFL,2/17/2020,140.0,140.0,136.0,136.0,-1.45,570.0,744.0,491.0
MPFL,2/18/2020,134.0,136.0,134.0,136.0,0.0,166.0,744.0,491.0
MPFL,2/19/2020,134.0,134.0,123.0,123.0,-9.56,14651.0,744.0,491.0
MPFL,2/20/2020,121.0,130.0,117.0,127.0,3.25,22944.0,744.0,491.0
MPFL,2/23/2020,129.0,134.0,125.0,130.0,2.36,8442.0,744.0,491.0
MPFL,2/24/2020,132.0,133.0,127.0,127.0,-2.31,13012.0,744.0,491.0
MPFL,2/25/2020,127.0,129.0,127.0,129.0,1.57,6078.0,744.0,491.0
MPFL,2/26/2020,131.0,131.0,128.0,129.0,0.0,15627.0,744.0,491.0
MPFL,2/27/2020,127.0,131.0,127.0,131.0,1.55,18187.0,744.0,491.0
MPFL,3/1/2020,130.0,133.0,130.0,131.0,0.0,17455.0,744.0,491.0
MPFL,3/2/2020,131.0,131.0,128.0,128.0,-2.29,6500.0,744.0,491.0
MPFL,3/3/2020,127.0,129.0,123.0,127.0,-0.78,2080.0,744.0,491.0
MPFL,3/4/2020,127.0,131.0,127.0,128.0,0.79,6808.0,744.0,491.0
MPFL,3/5/2020,126.0,140.0,126.0,127.0,-0.78,6952.0,744.0,491.0
MPFL,3/10/2020,125.0,125.0,121.0,121.0,-4.72,258.0,744.0,491.0
MPFL,3/11/2020,119.0,130.0,118.0,130.0,7.44,1886.0,744.0,491.0
MPFL,3/12/2020,128.0,129.0,123.0,123.0,-5.38,10682.0,744.0,491.0
MPFL,3/15/2020,125.0,131.0,120.0,120.0,-2.44,3898.0,744.0,491.0
MPFL,3/16/2020,118.0,130.0,116.0,126.0,5.0,1417.0,744.0,491.0
MPFL,3/17/2020,124.0,125.0,115.0,121.0,-3.97,697.0,744.0,491.0
MPFL,3/18/2020,119.0,121.0,115.0,115.0,-4.96,1222.0,744.0,491.0
MPFL,3/19/2020,117.0,125.0,117.0,120.0,4.35,1900.0,744.0,491.0
MPFL,3/22/2020,119.0,119.0,118.0,119.0,-0.83,226.0,744.0,491.0
MPFL,7/7/2020,117.0,117.0,117.0,117.0,-1.68,50.0,744.0,491.0
MPFL,7/8/2020,115.0,115.0,115.0,115.0,-1.71,10.0,744.0,491.0
MPFL,7/9/2020,113.0,113.0,113.0,113.0,-1.74,19.0,744.0,491.0
MPFL,7/12/2020,111.0,111.0,111.0,111.0,-1.77,300.0,744.0,491.0
MPFL,7/13/2020,111.0,111.0,109.0,109.0,-1.8,700.0,744.0,491.0
MPFL,7/14/2020,109.0,109.0,105.0,105.0,-3.67,2626.0,744.0,491.0
MPFL,7/15/2020,103.0,112.0,103.0,112.0,6.67,2400.0,744.0,491.0
MPFL,7/16/2020,112.0,113.0,110.0,110.0,-1.79,300.0,744.0,491.0
MPFL,7/20/2020,112.0,116.0,108.0,108.0,-1.82,1160.0,744.0,491.0
MPFL,7/21/2020,110.0,112.0,106.0,110.0,1.85,2212.0,744.0,491.0
MPFL,7/22/2020,111.0,114.0,111.0,112.0,1.82,1992.0,744.0,491.0
MPFL,7/23/2020,113.0,113.0,106.0,106.0,-5.36,2383.0,744.0,491.0
MPFL,7/26/2020,107.0,109.0,105.0,107.0,0.94,699.0,744.0,491.0
MPFL,7/27/2020,109.0,110.0,107.0,108.0,0.93,906.0,744.0,491.0
MPFL,7/28/2020,110.0,114.0,108.0,114.0,5.56,2312.0,744.0,491.0
MPFL,7/29/2020,112.0,116.0,108.0,116.0,1.75,2269.0,744.0,491.0
MPFL,7/30/2020,116.0,116.0,112.0,112.0,-3.45,177.0,744.0,491.0
MPFL,8/2/2020,114.0,114.0,110.0,112.0,0.0,2135.0,744.0,491.0
MPFL,8/3/2020,110.0,110.0,110.0,110.0,-1.79,423.0,744.0,491.0
MPFL,8/5/2020,110.0,110.0,108.0,108.0,-1.82,1110.0,744.0,491.0
MPFL,8/6/2020,107.0,107.0,104.0,106.0,-1.85,7377.0,744.0,491.0
MPFL,8/9/2020,108.0,111.0,107.0,107.0,0.94,868.0,744.0,491.0
MPFL,8/10/2020,106.0,108.0,102.0,106.0,-0.93,16094.0,744.0,491.0
MPFL,8/11/2020,108.0,108.0,104.0,108.0,1.89,5110.0,744.0,491.0
MPFL,8/12/2020,110.0,110.0,106.0,110.0,1.85,3401.0,744.0,491.0
MPFL,8/13/2020,108.0,109.0,107.0,108.0,-1.82,654.0,744.0,491.0
MPFL,8/16/2020,108.0,109.0,107.0,107.0,-0.93,243.0,744.0,491.0
MPFL,8/17/2020,107.0,108.0,107.0,108.0,0.93,65.0,744.0,491.0
MPFL,8/18/2020,110.0,110.0,106.0,106.0,-1.85,620.0,744.0,491.0
MPFL,8/19/2020,108.0,108.0,104.0,108.0,1.89,2505.0,744.0,491.0
MPFL,8/20/2020,106.0,106.0,103.0,105.0,-2.78,4448.0,744.0,491.0
MPFL,8/23/2020,107.0,109.0,106.0,108.0,2.86,2000.0,744.0,491.0
MPFL,8/24/2020,110.0,112.0,104.0,106.0,-1.85,3995.0,744.0,491.0
MPFL,8/25/2020,108.0,110.0,107.0,109.0,2.83,5681.0,744.0,491.0
MPFL,8/26/2020,111.0,111.0,107.0,111.0,1.83,5335.0,744.0,491.0
MPFL,8/27/2020,113.0,113.0,106.0,113.0,1.8,3336.0,744.0,491.0
MPFL,8/30/2020,111.0,111.0,109.0,109.0,-3.54,200.0,744.0,491.0
MPFL,8/31/2020,110.0,111.0,105.0,108.0,-0.92,1806.0,744.0,491.0
MPFL,9/2/2020,107.0,112.0,104.0,104.0,-3.7,3681.0,744.0,491.0
MPFL,9/3/2020,106.0,112.0,106.0,110.0,5.77,9855.0,744.0,491.0
MPFL,9/6/2020,112.0,113.0,106.0,106.0,-3.64,4174.0,744.0,491.0
MPFL,9/7/2020,108.0,112.0,106.0,109.0,2.83,2331.0,744.0,491.0
MPFL,9/8/2020,109.0,109.0,106.0,109.0,0.0,4460.0,744.0,491.0
MPFL,9/9/2020,109.0,113.0,109.0,111.0,1.83,10168.0,744.0,491.0
MPFL,9/10/2020,111.0,120.0,107.0,108.0,-2.7,3338.0,744.0,491.0
MPFL,9/13/2020,108.0,109.0,106.0,106.0,-1.85,21897.0,744.0,491.0
MPFL,9/14/2020,108.0,112.0,108.0,110.0,3.77,18123.0,744.0,491.0
MPFL,9/15/2020,112.0,112.0,108.0,108.0,-1.82,1640.0,744.0,491.0
MPFL,9/16/2020,109.0,118.0,108.0,113.0,4.63,4852.0,744.0,491.0
MPFL,9/17/2020,114.0,124.0,111.0,122.0,7.96,64412.0,744.0,491.0
MPFL,9/20/2020,128.0,134.0,128.0,131.0,7.38,30927.0,744.0,491.0
MPFL,9/21/2020,131.0,133.0,122.0,130.0,-0.76,3829.0,744.0,491.0
MPFL,9/22/2020,128.0,128.0,117.0,124.0,-4.62,8792.0,744.0,491.0
MPFL,9/23/2020,126.0,130.0,120.0,122.0,-1.61,2195.0,744.0,491.0
MPFL,9/24/2020,124.0,126.0,117.0,125.0,2.46,29663.0,744.0,491.0
MPFL,9/27/2020,131.0,131.0,120.0,123.0,-1.6,22349.0,744.0,491.0
MPFL,9/28/2020,124.0,130.0,120.0,126.0,2.44,39687.0,744.0,491.0
MPFL,9/29/2020,128.0,130.0,120.0,125.0,-0.79,29971.0,744.0,491.0
MPFL,9/30/2020,127.0,128.0,123.0,125.0,0.0,21366.0,744.0,491.0
MPFL,10/1/2020,127.0,137.0,125.0,137.0,9.6,123747.0,744.0,491.0
MPFL,10/4/2020,139.0,146.0,134.0,139.0,1.46,44864.0,744.0,491.0
MPFL,10/5/2020,141.0,145.0,132.0,136.0,-2.16,10338.0,744.0,491.0
MPFL,10/6/2020,138.0,139.0,133.0,135.0,-0.74,22145.0,744.0,491.0
MPFL,10/7/2020,137.0,146.0,135.0,140.0,3.7,53936.0,744.0,491.0
MPFL,10/8/2020,142.0,154.0,142.0,154.0,10.0,131657.0,744.0,491.0
MPFL,10/11/2020,161.0,161.0,145.0,153.0,-0.65,62371.0,744.0,491.0
MPFL,10/12/2020,154.0,154.0,143.0,146.0,-4.58,35235.0,744.0,491.0
MPFL,10/13/2020,148.0,150.0,144.0,144.0,-1.37,22047.0,744.0,491.0
MPFL,10/14/2020,151.0,151.0,140.0,141.0,-2.08,8289.0,744.0,491.0
MPFL,10/15/2020,143.0,147.0,140.0,141.0,0.0,7753.0,744.0,491.0
MPFL,10/19/2020,142.0,150.0,140.0,143.0,1.42,16427.0,744.0,491.0
MPFL,10/20/2020,141.0,148.0,139.0,146.0,2.1,14865.0,744.0,491.0
MPFL,10/21/2020,148.0,149.0,142.0,145.0,-0.68,8271.0,744.0,491.0
MPFL,10/22/2020,145.0,153.0,143.0,144.0,-0.69,8155.0,744.0,491.0
MPFL,10/28/2020,146.0,148.0,142.0,146.0,1.39,68117.0,744.0,491.0
MPFL,10/29/2020,148.0,148.0,140.0,145.0,-0.68,11312.0,744.0,491.0
MPFL,11/1/2020,145.0,145.0,142.0,142.0,-2.07,12297.0,744.0,491.0
MPFL,11/2/2020,143.0,145.0,142.0,142.0,0.0,5450.0,744.0,491.0
MPFL,11/3/2020,141.0,144.0,141.0,144.0,1.41,4781.0,744.0,491.0
MPFL,11/4/2020,142.0,143.0,141.0,143.0,-0.69,5951.0,744.0,491.0
MPFL,11/5/2020,141.0,143.0,141.0,141.0,-1.4,6219.0,744.0,491.0
MPFL,11/8/2020,143.0,148.0,143.0,145.0,2.84,10344.0,744.0,491.0
MPFL,11/9/2020,146.0,154.0,143.0,145.0,0.0,59501.0,744.0,491.0
MPFL,11/10/2020,147.0,151.0,144.0,144.0,-0.69,15698.0,744.0,491.0
MPFL,11/11/2020,146.0,146.0,144.0,144.0,0.0,4427.0,744.0,491.0
MPFL,11/12/2020,146.0,146.0,143.0,143.0,-0.69,4934.0,744.0,491.0
MPFL,11/18/2020,145.0,153.0,143.0,143.0,0.0,13116.0,744.0,491.0
MPFL,11/19/2020,145.0,149.0,141.0,143.0,0.0,18790.0,744.0,491.0
MPFL,11/22/2020,145.0,153.0,143.0,144.0,0.7,59717.0,744.0,491.0
MPFL,11/23/2020,145.0,153.0,145.0,152.0,5.56,86754.0,744.0,491.0
MPFL,11/24/2020,155.0,167.0,154.0,167.0,9.87,67205.0,744.0,491.0
MPFL,11/25/2020,175.0,183.0,170.0,183.0,9.58,90977.0,744.0,491.0
MPFL,11/26/2020,183.0,189.0,171.0,174.0,-4.92,43520.0,744.0,491.0
MPFL,11/29/2020,174.0,174.0,160.0,167.0,-4.02,19715.0,744.0,491.0
MPFL,11/30/2020,169.0,176.0,161.0,176.0,5.39,19143.0,744.0,491.0
MPFL,12/1/2020,173.0,173.0,161.0,167.0,-5.11,8147.0,744.0,491.0
MPFL,12/2/2020,170.0,173.0,165.0,173.0,3.59,26583.0,744.0,491.0
MPFL,12/3/2020,173.0,173.0,167.0,170.0,-1.73,41610.0,744.0,491.0
MPFL,12/6/2020,167.0,167.0,163.0,163.0,-4.12,1715.0,744.0,491.0
MPFL,12/7/2020,162.0,162.0,157.0,161.0,-1.23,3153.0,744.0,491.0
MPFL,12/8/2020,160.0,161.0,156.0,161.0,0.0,6074.0,744.0,491.0
MPFL,12/9/2020,158.0,164.0,157.0,160.0,-0.62,12597.0,744.0,491.0
MPFL,12/10/2020,160.0,165.0,159.0,159.0,-0.62,15767.0,744.0,491.0
MPFL,12/13/2020,158.0,162.0,158.0,162.0,1.89,18586.0,744.0,491.0
MPFL,12/14/2020,159.0,168.0,158.0,168.0,3.7,10062.0,744.0,491.0
MPFL,12/15/2020,165.0,165.0,159.0,160.0,-4.76,4459.0,744.0,491.0
MPFL,12/16/2020,160.0,167.0,159.0,164.0,2.5,4359.0,744.0,491.0
MPFL,12/17/2020,166.0,167.0,158.0,158.0,-3.66,2982.0,744.0,491.0
MPFL,12/20/2020,155.0,155.0,151.0,151.0,-4.43,8052.0,744.0,491.0
MPFL,12/21/2020,148.0,154.0,144.0,154.0,1.99,4828.0,744.0,491.0
MPFL,12/22/2020,157.0,160.0,153.0,160.0,3.9,4189.0,744.0,491.0
MPFL,12/23/2020,158.0,159.0,155.0,159.0,-0.62,10141.0,744.0,491.0
MPFL,12/24/2020,160.0,160.0,157.0,157.0,-1.26,180.0,744.0,491.0
MPFL,12/27/2020,155.0,155.0,150.0,150.0,-4.46,2267.0,744.0,491.0
MPFL,12/28/2020,147.0,151.0,147.0,150.0,0.0,4729.0,744.0,491.0
MPFL,12/29/2020,147.0,147.0,141.0,141.0,-6.0,7157.0,744.0,491.0
MPFL,12/30/2020,143.0,155.0,143.0,154.0,9.22,8658.0,744.0,491.0
MPFL,12/31/2020,151.0,155.0,151.0,151.0,-1.95,3819.0,744.0,491.0
MPFL,1/3/2021,150.0,153.0,145.0,153.0,1.32,8737.0,744.0,491.0
MPFL,1/4/2021,150.0,153.0,147.0,148.0,-3.27,6914.0,744.0,491.0
MPFL,1/5/2021,147.0,151.0,147.0,151.0,2.03,560.0,744.0,491.0
MPFL,1/6/2021,151.0,151.0,148.0,150.0,-0.66,3605.0,744.0,491.0
MPFL,1/7/2021,147.0,165.0,147.0,165.0,10.0,17207.0,744.0,491.0
MPFL,1/10/2021,168.0,177.0,159.0,168.0,1.82,39488.0,744.0,491.0
MPFL,1/11/2021,168.0,168.0,157.0,158.0,-5.95,3477.0,744.0,491.0
MPFL,1/12/2021,161.0,173.0,161.0,170.0,7.59,79708.0,744.0,491.0
MPFL,1/13/2021,173.0,185.0,161.0,162.0,-4.71,74653.0,744.0,491.0
MPFL,1/17/2021,162.0,178.0,162.0,171.0,5.56,53576.0,744.0,491.0
MPFL,1/18/2021,171.0,174.0,168.0,168.0,-1.75,10556.0,744.0,491.0
MPFL,1/19/2021,169.0,175.0,168.0,172.0,2.38,8574.0,744.0,491.0
MPFL,1/20/2021,175.0,189.0,174.0,183.0,6.4,69449.0,744.0,491.0
MPFL,1/21/2021,186.0,197.0,183.0,183.0,0.0,39078.0,744.0,491.0
MPFL,1/24/2021,185.0,201.0,185.0,199.0,8.74,44150.0,744.0,491.0
MPFL,1/25/2021,202.0,210.0,193.0,197.0,-1.01,44697.0,744.0,491.0
MPFL,1/26/2021,194.0,199.0,189.0,189.0,-4.06,28257.0,744.0,491.0
MPFL,1/27/2021,190.0,190.0,184.0,187.0,-1.06,6650.0,744.0,491.0
MPFL,1/28/2021,190.0,195.0,182.0,189.0,1.07,15269.0,744.0,491.0
MPFL,1/31/2021,190.0,190.0,175.0,175.0,-7.41,7755.0,744.0,491.0
MPFL,2/1/2021,178.0,190.0,175.0,189.0,8.0,12249.0,744.0,491.0
MPFL,2/2/2021,192.0,207.0,185.0,207.0,9.52,87511.0,744.0,491.0
MPFL,2/3/2021,211.0,211.0,194.0,199.0,-3.86,32292.0,744.0,491.0
MPFL,2/4/2021,196.0,210.0,193.0,199.0,0.0,24312.0,744.0,491.0
MPFL,2/7/2021,196.0,206.0,193.0,195.0,-2.01,50071.0,744.0,491.0
MPFL,2/8/2021,186.0,205.0,186.0,195.0,0.0,35396.0,744.0,491.0
MPFL,2/9/2021,198.0,198.0,185.0,185.0,-5.13,21560.0,744.0,491.0
MPFL,2/10/2021,188.0,197.0,188.0,192.0,3.78,7261.0,744.0,491.0
MPFL,2/11/2021,195.0,198.0,184.0,184.0,-4.17,17572.0,744.0,491.0
MPFL,2/14/2021,181.0,194.0,181.0,186.0,1.09,4851.0,744.0,491.0
MPFL,2/15/2021,189.0,192.0,189.0,190.0,2.15,14450.0,744.0,491.0
MPFL,2/16/2021,199.0,209.0,186.0,188.0,-1.05,28215.0,744.0,491.0
MPFL,2/17/2021,186.0,193.0,185.0,192.0,2.13,16982.0,744.0,491.0
MPFL,2/18/2021,191.0,200.0,188.0,195.0,1.56,27140.0,744.0,491.0
MPFL,2/21/2021,198.0,200.0,183.0,193.0,-1.03,46102.0,744.0,491.0
MPFL,2/22/2021,196.0,202.0,186.0,188.0,-2.59,18580.0,744.0,491.0
MPFL,2/23/2021,187.0,190.0,183.0,188.0,0.0,12453.0,744.0,491.0
MPFL,2/24/2021,191.0,194.0,185.0,190.0,1.06,11317.0,744.0,491.0
MPFL,2/25/2021,190.0,190.0,181.0,188.0,-1.05,16599.0,744.0,491.0
MPFL,2/28/2021,186.0,188.0,178.0,180.0,-4.26,10183.0,744.0,491.0
MPFL,3/1/2021,177.0,182.0,177.0,181.0,0.56,11635.0,744.0,491.0
MPFL,3/2/2021,178.0,188.0,176.0,177.0,-2.21,11664.0,744.0,491.0
MPFL,3/3/2021,174.0,178.0,171.0,174.0,-1.69,6123.0,744.0,491.0
MPFL,3/4/2021,171.0,180.0,171.0,179.0,2.87,10868.0,744.0,491.0
MPFL,3/7/2021,182.0,184.0,179.0,180.0,0.56,4750.0,744.0,491.0
MPFL,3/9/2021,180.0,184.0,178.0,178.0,-1.11,4203.0,744.0,491.0
MPFL,3/10/2021,178.0,182.0,178.0,179.0,0.56,5895.0,744.0,491.0
MPFL,3/14/2021,181.0,182.0,174.0,177.0,-1.12,8830.0,744.0,491.0
MPFL,3/15/2021,169.0,179.0,167.0,178.0,0.56,12343.0,744.0,491.0
MPFL,3/16/2021,176.0,179.0,170.0,173.0,-2.81,18347.0,744.0,491.0
MPFL,3/17/2021,176.0,178.0,169.0,172.0,-0.58,11305.0,744.0,491.0
MPFL,3/18/2021,173.0,178.0,172.0,176.0,2.33,16018.0,744.0,491.0
MPFL,3/21/2021,179.0,182.0,175.0,182.0,3.41,6630.0,744.0,491.0
MPFL,3/22/2021,185.0,185.0,178.0,180.0,-1.1,11251.0,744.0,491.0
MPFL,3/23/2021,177.0,180.0,177.0,178.0,-1.11,2029.0,744.0,491.0
MPFL,3/24/2021,181.0,182.0,180.0,182.0,2.25,5098.0,744.0,491.0
MPFL,3/25/2021,181.0,190.0,180.0,180.0,-1.1,35468.0,744.0,491.0
MPFL,3/29/2021,183.0,187.0,183.0,186.0,3.33,17148.0,744.0,491.0
MPFL,3/30/2021,188.0,188.0,185.0,186.0,0.0,4605.0,744.0,491.0
MPFL,3/31/2021,185.0,186.0,184.0,185.0,-0.54,4279.0,744.0,491.0
MPFL,4/1/2021,188.0,188.0,183.0,185.0,0.0,11171.0,744.0,491.0
MPFL,4/4/2021,188.0,191.0,186.0,190.0,2.7,7625.0,744.0,491.0
MPFL,4/5/2021,190.0,200.0,189.0,199.0,4.74,46183.0,744.0,491.0
MPFL,4/6/2021,199.0,212.0,199.0,207.0,4.02,47162.0,744.0,491.0
MPFL,4/7/2021,211.0,227.0,203.0,215.0,3.86,40342.0,744.0,491.0
MPFL,4/8/2021,219.0,236.0,216.0,236.0,9.77,69911.0,744.0,491.0
MPFL,4/12/2021,247.0,247.0,218.0,243.0,2.97,50017.0,744.0,491.0
MPFL,4/13/2021,244.0,249.0,226.0,245.0,0.82,38977.0,744.0,491.0
MPFL,4/15/2021,245.0,245.0,232.0,236.0,-3.67,15280.0,744.0,491.0
MPFL,4/18/2021,240.0,242.0,224.0,226.0,-4.24,16418.0,744.0,491.0
MPFL,4/19/2021,223.0,235.0,223.0,224.0,-0.88,4966.0,744.0,491.0
MPFL,4/20/2021,226.0,230.0,221.0,221.0,-1.34,10755.0,744.0,491.0
MPFL,4/21/2021,223.0,225.0,218.0,219.0,-0.9,9731.0,744.0,491.0
MPFL,4/22/2021,219.0,228.0,218.0,222.0,1.37,3782.0,744.0,491.0
MPFL,4/25/2021,220.0,220.0,210.0,210.0,-5.41,9154.0,744.0,491.0
MPFL,4/26/2021,206.0,206.0,197.0,197.0,-6.19,6693.0,744.0,491.0
MPFL,4/27/2021,200.0,216.0,200.0,216.0,9.64,8414.0,744.0,491.0
MPFL,4/28/2021,220.0,223.0,208.0,208.0,-3.7,5005.0,744.0,491.0
MPFL,4/29/2021,208.0,210.0,204.0,210.0,0.96,5833.0,744.0,491.0
MPFL,5/2/2021,207.0,214.0,207.0,214.0,1.9,4899.0,744.0,491.0
MPFL,5/3/2021,217.0,217.0,210.0,210.0,-1.87,4509.0,744.0,491.0
MPFL,5/4/2021,208.0,220.0,205.0,216.0,2.86,6384.0,744.0,491.0
MPFL,5/5/2021,213.0,215.0,212.0,213.0,-1.39,3250.0,744.0,491.0
MPFL,5/6/2021,217.0,217.0,206.0,208.0,-2.35,8000.0,744.0,491.0
MPFL,5/9/2021,206.0,213.0,206.0,207.0,-0.48,7090.0,744.0,491.0
MPFL,5/10/2021,204.0,219.0,203.0,211.0,1.93,6675.0,744.0,491.0
MPFL,5/11/2021,215.0,218.0,212.0,215.0,1.9,7796.0,744.0,491.0
MPFL,5/12/2021,212.0,220.0,211.0,218.0,1.4,19228.0,744.0,491.0
MPFL,5/13/2021,222.0,235.0,222.0,231.0,5.96,47052.0,744.0,491.0
MPFL,5/16/2021,235.0,247.0,234.0,238.0,3.03,43788.0,744.0,491.0
MPFL,5/17/2021,235.0,256.0,232.0,255.0,7.14,132553.0,744.0,491.0
MPFL,5/18/2021,260.0,280.0,256.0,280.0,9.8,74512.0,744.0,491.0
MPFL,5/19/2021,281.0,306.0,275.0,275.0,-1.79,76765.0,744.0,491.0
MPFL,5/20/2021,280.0,302.0,264.0,297.0,8.0,68525.0,744.0,491.0
MPFL,5/23/2021,292.0,324.0,281.0,322.0,8.42,128804.0,744.0,491.0
MPFL,5/24/2021,338.0,338.0,300.0,311.0,-3.42,80695.0,744.0,491.0
MPFL,5/25/2021,307.0,312.0,300.0,301.0,-3.22,27761.0,744.0,491.0
MPFL,5/27/2021,295.0,318.0,292.0,305.0,1.33,54573.0,744.0,491.0
MPFL,5/30/2021,311.0,329.0,306.0,314.0,2.95,88129.0,744.0,491.0
MPFL,5/31/2021,325.0,325.0,302.0,307.0,-2.23,51103.0,744.0,491.0
MPFL,6/1/2021,307.0,317.0,305.0,310.0,0.98,15874.0,744.0,491.0
MPFL,6/2/2021,315.0,328.0,304.0,326.0,5.16,147245.0,744.0,491.0
MPFL,6/3/2021,335.0,358.0,332.0,341.0,4.6,120557.0,744.0,491.0
MPFL,6/6/2021,358.0,358.0,318.0,325.0,-4.69,40834.0,744.0,491.0
MPFL,6/7/2021,323.0,353.0,323.0,342.0,5.23,126308.0,744.0,491.0
MPFL,6/8/2021,347.0,376.0,347.0,376.0,9.94,84953.0,744.0,491.0
MPFL,6/9/2021,394.0,413.0,371.0,382.0,1.6,125378.0,744.0,491.0
MPFL,6/10/2021,385.0,407.0,370.0,399.0,4.45,39800.0,744.0,491.0
MPFL,6/13/2021,400.0,438.0,400.0,438.0,9.77,82715.0,744.0,491.0
MPFL,6/14/2021,446.0,481.0,430.0,453.0,3.42,86555.0,744.0,491.0
MPFL,6/15/2021,459.0,474.0,427.0,432.0,-4.64,72903.0,744.0,491.0
MPFL,6/16/2021,424.0,424.0,389.0,390.0,-9.72,90171.0,744.0,491.0
MPFL,6/17/2021,390.0,420.0,372.0,406.0,4.1,59529.0,744.0,491.0
MPFL,6/20/2021,426.0,426.0,366.0,396.0,-2.46,33870.0,744.0,491.0
MPFL,6/21/2021,415.0,415.0,358.0,368.0,-7.07,30706.0,744.0,491.0
MPFL,6/22/2021,386.0,401.0,353.0,394.0,7.07,45054.0,744.0,491.0
MPFL,6/23/2021,413.0,413.0,369.0,375.0,-4.82,26367.0,744.0,491.0
MPFL,6/24/2021,382.0,382.0,360.0,362.0,-3.47,20017.0,744.0,491.0
MPFL,6/27/2021,369.0,375.0,350.0,353.0,-2.49,18849.0,744.0,491.0
MPFL,6/28/2021,370.0,370.0,336.0,339.0,-3.97,17164.0,744.0,491.0
MPFL,6/29/2021,355.0,355.0,310.0,318.0,-6.19,29044.0,744.0,491.0
MPFL,6/30/2021,333.0,349.0,294.0,349.0,9.75,55377.0,744.0,491.0
MPFL,7/1/2021,366.0,380.0,348.0,367.0,5.16,43729.0,744.0,491.0
MPFL,7/4/2021,385.0,385.0,351.0,358.0,-2.45,49601.0,744.0,491.0
MPFL,7/5/2021,365.0,365.0,338.0,344.0,-3.91,21794.0,744.0,491.0
MPFL,7/6/2021,350.0,359.0,335.0,339.0,-1.45,10886.0,744.0,491.0
MPFL,7/7/2021,344.0,350.0,325.0,334.0,-1.47,10950.0,744.0,491.0
MPFL,7/8/2021,350.0,352.0,330.0,351.0,5.09,30395.0,744.0,491.0
MPFL,7/11/2021,358.0,386.0,358.0,386.0,9.97,65992.0,744.0,491.0
MPFL,7/12/2021,405.0,424.0,382.0,394.0,2.07,118901.0,744.0,491.0
MPFL,7/13/2021,391.0,419.0,380.0,412.0,4.57,47150.0,744.0,491.0
MPFL,7/14/2021,410.0,438.0,406.0,434.0,5.34,72104.0,744.0,491.0
MPFL,7/15/2021,430.0,456.0,430.0,451.0,3.92,99041.0,744.0,491.0
MPFL,7/18/2021,460.0,460.0,442.0,443.0,-1.77,75794.0,744.0,491.0
MPFL,7/19/2021,451.0,465.0,439.0,447.0,0.9,73424.0,744.0,491.0
MPFL,7/20/2021,440.0,447.0,435.0,442.0,-1.12,31830.0,744.0,491.0
MPFL,7/22/2021,441.9,442.0,431.0,432.1,-2.24,36719.0,744.0,491.0
MPFL,7/25/2021,433.0,448.8,427.0,437.0,1.13,60255.0,744.0,491.0
MPFL,7/26/2021,437.0,451.0,437.0,442.0,1.14,58406.0,744.0,491.0
MPFL,7/27/2021,442.0,486.2,440.0,486.2,10.0,125831.0,744.0,491.0
MPFL,7/28/2021,495.9,534.8,495.9,534.8,10.0,104518.0,744.0,491.0
MPFL,7/29/2021,534.0,548.7,514.0,523.0,-2.21,70020.0,744.0,491.0
MPFL,8/1/2021,512.6,531.0,512.6,515.0,-1.53,64078.0,744.0,491.0
MPFL,8/2/2021,525.0,535.5,521.0,523.7,1.69,24559.0,744.0,491.0
MPFL,8/3/2021,534.0,534.0,516.5,523.0,-0.13,21368.0,744.0,491.0
MPFL,8/4/2021,514.0,556.0,514.0,556.0,6.31,70065.0,744.0,491.0
MPFL,8/5/2021,556.0,564.0,534.0,543.8,-2.19,33491.0,744.0,491.0
MPFL,8/8/2021,554.0,557.0,539.0,550.0,1.14,42677.0,744.0,491.0
MPFL,8/9/2021,559.0,575.0,547.0,574.0,4.36,34417.0,744.0,491.0
MPFL,8/10/2021,585.4,631.4,585.4,628.0,9.41,77498.0,744.0,491.0
MPFL,8/11/2021,628.0,640.0,608.0,625.0,-0.48,45717.0,744.0,491.0
MPFL,8/12/2021,637.5,653.0,620.0,633.0,1.28,53071.0,744.0,491.0
MPFL,8/15/2021,620.4,642.0,588.0,605.0,-4.42,59547.0,744.0,491.0
MPFL,8/16/2021,605.0,605.0,581.0,593.5,-1.9,33896.0,744.0,491.0
MPFL,8/17/2021,605.0,627.0,584.0,609.9,2.76,26926.0,744.0,491.0
MPFL,8/18/2021,622.0,653.0,622.0,639.9,4.92,57557.0,744.0,491.0
MPFL,8/19/2021,645.0,657.0,615.0,620.0,-3.11,34665.0,744.0,491.0
MPFL,8/24/2021,609.0,625.5,595.9,603.1,-2.73,23754.0,744.0,491.0
MPFL,8/25/2021,592.0,601.0,575.0,590.1,-2.16,31117.0,744.0,491.0
MPFL,8/26/2021,601.9,649.0,595.0,644.0,9.13,64687.0,744.0,491.0
MPFL,8/29/2021,656.8,696.0,649.0,660.0,2.48,76224.0,744.0,491.0
MPFL,8/31/2021,668.0,668.0,620.0,646.0,-2.12,131173.0,744.0,491.0
MPFL,9/1/2021,633.1,683.0,603.0,636.0,-1.55,60179.0,744.0,491.0
MPFL,9/2/2021,641.0,648.0,603.0,610.0,-4.09,49374.0,744.0,491.0
MPFL,9/5/2021,599.0,609.0,549.0,563.0,-7.7,46864.0,744.0,491.0
MPFL,9/6/2021,570.0,619.0,547.0,619.0,9.95,66825.0,744.0,491.0
MPFL,9/7/2021,629.0,630.0,593.0,593.0,-4.2,17557.0,744.0,491.0
MPFL,9/8/2021,599.0,602.0,577.0,585.0,-1.35,14019.0,744.0,491.0
MPFL,9/9/2021,596.0,601.9,570.0,578.0,-1.2,17786.0,744.0,491.0
MPFL,9/12/2021,589.5,600.0,580.0,589.0,1.9,11008.0,744.0,491.0
MPFL,9/13/2021,600.7,612.0,590.0,593.0,0.68,14689.0,744.0,491.0
MPFL,9/14/2021,599.8,599.8,579.0,585.0,-1.35,10147.0,744.0,491.0
MPFL,9/15/2021,585.0,585.0,569.0,570.0,-2.56,5100.0,744.0,491.0
MPFL,9/16/2021,570.0,570.0,537.0,540.0,-5.26,12579.0,744.0,491.0
MPFL,9/20/2021,540.0,550.0,486.0,491.0,-9.07,34048.0,744.0,491.0
MPFL,9/21/2021,482.0,521.6,445.0,490.0,-0.2,12953.0,744.0,491.0
MPFL,9/22/2021,499.8,539.0,499.8,539.0,10.0,17046.0,744.0,491.0
MPFL,9/23/2021,549.7,581.0,549.7,560.0,3.9,21908.0,744.0,491.0
MPFL,9/26/2021,570.0,570.0,517.1,517.1,-7.66,10362.0,744.0,491.0
MPFL,9/27/2021,508.0,518.0,485.0,485.0,-6.21,7225.0,744.0,491.0
MPFL,9/28/2021,494.0,503.0,450.0,459.0,-5.36,11999.0,744.0,491.0
MPFL,9/29/2021,458.0,482.3,442.0,474.5,3.38,10519.0,744.0,491.0
MPFL,9/30/2021,474.0,489.8,446.9,455.5,-4.0,3460.0,744.0,491.0
MPFL,10/3/2021,463.9,463.9,439.2,439.2,-3.58,6281.0,744.0,491.0
MPFL,10/4/2021,432.0,456.8,432.0,438.0,-0.27,12606.0,744.0,491.0
MPFL,10/5/2021,440.0,481.8,440.0,481.8,10.0,5151.0,744.0,491.0
MPFL,10/6/2021,481.8,515.0,472.2,505.5,4.92,9703.0,744.0,491.0
MPFL,10/10/2021,510.0,510.0,479.3,483.0,-4.45,6940.0,744.0,491.0
MPFL,10/11/2021,476.0,476.0,440.1,457.9,-5.2,10489.0,744.0,491.0
MPFL,10/17/2021,451.1,469.0,451.1,460.1,0.48,1939.0,744.0,491.0
MPFL,10/18/2021,460.0,460.0,431.0,440.0,-4.37,12765.0,744.0,491.0
MPFL,10/19/2021,433.0,433.0,409.0,416.0,-5.45,4175.0,744.0,491.0
MPFL,10/20/2021,424.3,455.0,424.3,445.0,6.97,3760.0,744.0,491.0
MPFL,10/21/2021,450.0,450.0,436.1,444.0,-0.22,2725.0,744.0,491.0
MPFL,10/24/2021,452.8,465.0,445.0,456.0,2.7,2983.0,744.0,491.0
MPFL,10/25/2021,465.1,501.6,465.1,501.6,10.0,14088.0,744.0,491.0
MPFL,10/26/2021,511.6,538.0,511.6,535.0,6.66,7492.0,744.0,491.0
MPFL,10/27/2021,545.0,554.4,515.5,540.0,0.93,17300.0,744.0,491.0
MPFL,10/28/2021,530.0,538.9,519.4,533.0,-1.3,9592.0,744.0,491.0
MPFL,10/31/2021,543.6,565.4,532.8,550.0,3.19,11400.0,744.0,491.0
MPFL,11/1/2021,561.0,565.0,529.0,529.0,-3.82,9515.0,744.0,491.0
MPFL,11/2/2021,539.0,547.0,522.0,540.0,2.08,7295.0,744.0,491.0
MPFL,11/3/2021,535.0,548.9,520.0,530.0,-1.85,9088.0,744.0,491.0
MPFL,11/8/2021,540.5,551.0,528.0,549.9,3.75,7209.0,744.0,491.0
MPFL,11/9/2021,547.9,547.9,501.0,519.0,-5.62,19878.0,744.0,491.0
MPFL,11/11/2021,508.7,527.8,489.2,490.0,-5.59,10366.0,744.0,491.0
MPFL,11/14/2021,481.0,508.0,472.2,504.0,2.86,1583.0,744.0,491.0
MPFL,11/15/2021,505.0,542.0,505.0,512.0,1.59,22491.0,744.0,491.0
MPFL,11/16/2021,520.0,529.0,520.0,527.5,3.03,6830.0,744.0,491.0
MPFL,11/17/2021,537.0,548.0,528.0,540.0,2.37,33546.0,744.0,491.0
MPFL,11/18/2021,541.0,541.0,528.1,539.8,-0.04,12446.0,744.0,491.0
MPFL,11/21/2021,540.0,545.0,524.0,532.0,-1.44,11270.0,744.0,491.0
MPFL,11/22/2021,522.0,550.6,513.0,545.0,2.44,18076.0,744.0,491.0
MPFL,11/23/2021,539.0,542.0,515.0,520.0,-4.59,14181.0,744.0,491.0
MPFL,11/24/2021,515.0,542.0,503.4,520.0,0.0,13509.0,744.0,491.0
MPFL,11/25/2021,530.0,540.6,512.0,512.0,-1.54,6660.0,744.0,491.0
MPFL,11/28/2021,512.0,515.0,492.0,510.0,-0.39,15729.0,744.0,491.0
MPFL,11/29/2021,520.0,520.0,495.0,503.0,-1.37,8650.0,744.0,491.0
MPFL,11/30/2021,495.0,523.0,490.0,492.5,-2.09,7915.0,744.0,491.0
MPFL,12/1/2021,502.3,512.3,491.2,491.5,-0.2,4580.0,744.0,491.0
MPFL,12/2/2021,500.0,510.0,470.0,471.0,-4.17,7424.0,744.0,491.0
MPFL,12/5/2021,480.0,489.5,437.1,450.0,-4.46,7485.0,744.0,491.0
MPFL,12/6/2021,442.1,459.0,416.5,450.0,0.0,10820.0,744.0,491.0
MPFL,12/7/2021,459.0,460.0,433.3,440.0,-2.22,4606.0,744.0,491.0
MPFL,12/8/2021,432.0,432.0,413.0,420.0,-4.55,8492.0,744.0,491.0
MPFL,12/9/2021,411.6,423.0,405.0,411.0,-2.14,19277.0,744.0,491.0
MPFL,12/12/2021,403.0,412.0,387.9,394.0,-4.14,9498.0,744.0,491.0
MPFL,12/13/2021,388.0,388.0,354.6,358.0,-9.14,17244.0,744.0,491.0
MPFL,12/14/2021,365.1,393.8,365.1,393.8,10.0,8599.0,744.0,491.0
MPFL,12/15/2021,401.6,433.1,400.0,418.0,6.15,43987.0,744.0,491.0
MPFL,12/16/2021,426.0,426.0,396.0,398.0,-4.78,11460.0,744.0,491.0
MPFL,12/20/2021,396.0,405.0,394.0,394.0,-1.01,6025.0,744.0,491.0
MPFL,12/21/2021,401.8,409.8,396.0,405.0,2.79,9642.0,744.0,491.0
MPFL,12/22/2021,413.0,436.0,413.0,429.9,6.15,23596.0,744.0,491.0
MPFL,12/23/2021,422.0,440.0,421.4,431.0,0.26,13648.0,744.0,491.0
MPFL,12/26/2021,422.4,439.6,422.4,424.6,-1.48,6460.0,744.0,491.0
MPFL,12/27/2021,424.0,425.0,398.0,398.0,-6.26,5341.0,744.0,491.0
MPFL,12/28/2021,391.0,430.5,391.0,408.0,2.51,5505.0,744.0,491.0
MPFL,12/29/2021,416.0,423.0,402.1,410.0,0.49,10293.0,744.0,491.0
MPFL,1/2/2022,401.8,433.0,401.8,419.9,2.41,4759.0,744.0,491.0
MPFL,1/3/2022,428.0,434.0,417.0,434.0,3.36,8015.0,744.0,491.0
MPFL,1/4/2022,440.0,477.0,440.0,471.0,8.53,54118.0,744.0,491.0
MPFL,1/5/2022,425.1,433.6,408.0,414.0,-12.1,26645.0,744.0,491.0
MPFL,1/6/2022,420.9,425.0,405.0,420.0,1.45,9771.0,744.0,491.0
MPFL,1/9/2022,428.0,445.0,411.6,441.0,5.0,27985.0,744.0,491.0
MPFL,1/10/2022,449.8,458.7,428.0,450.0,2.04,18877.0,744.0,491.0
MPFL,1/11/2022,441.0,480.0,441.0,475.0,5.56,73847.0,744.0,491.0
MPFL,1/12/2022,470.0,482.0,455.0,455.0,-4.21,45502.0,744.0,491.0
MPFL,1/13/2022,455.0,480.0,449.1,477.5,4.95,27018.0,744.0,491.0
MPFL,1/16/2022,487.0,506.0,477.5,477.5,0.0,32839.0,744.0,491.0
MPFL,1/17/2022,468.0,496.7,463.0,475.0,-0.52,19928.0,744.0,491.0
MPFL,1/18/2022,475.0,478.0,458.0,465.0,-2.11,14861.0,744.0,491.0
MPFL,1/19/2022,455.7,469.0,454.0,457.0,-1.72,10644.0,744.0,491.0
MPFL,1/20/2022,466.0,470.0,450.1,468.0,2.41,16224.0,744.0,491.0
MPFL,1/23/2022,460.0,469.2,450.0,459.0,-1.92,9513.0,744.0,491.0
MPFL,1/24/2022,449.9,455.0,434.0,441.0,-3.92,26710.0,744.0,491.0
MPFL,1/25/2022,433.0,456.9,428.3,440.2,-0.18,24001.0,744.0,491.0
MPFL,1/26/2022,440.0,441.9,418.0,429.0,-2.54,22095.0,744.0,491.0
MPFL,1/27/2022,437.0,445.0,426.3,433.0,0.93,8141.0,744.0,491.0
MPFL,1/30/2022,441.6,467.0,440.0,452.0,4.39,22102.0,744.0,491.0
MPFL,1/31/2022,461.0,461.0,445.3,445.3,-1.48,11291.0,744.0,491.0
MPFL,2/1/2022,454.2,454.2,444.1,449.0,0.83,18003.0,744.0,491.0
MPFL,2/3/2022,457.9,460.0,442.0,442.0,-1.56,17343.0,744.0,491.0
MPFL,2/6/2022,442.0,450.8,433.0,439.0,-0.68,13733.0,744.0,491.0
MPFL,2/7/2022,431.1,447.7,431.1,437.0,-0.46,10776.0,744.0,491.0
MPFL,2/8/2022,445.7,454.6,429.0,439.9,0.66,8771.0,744.0,491.0
MPFL,2/9/2022,432.0,439.9,425.3,430.0,-2.25,3660.0,744.0,491.0
MPFL,2/10/2022,433.0,433.0,420.6,429.0,-0.23,13627.0,744.0,491.0
MPFL,2/13/2022,421.0,421.0,405.0,407.0,-5.13,8130.0,744.0,491.0
MPFL,2/14/2022,410.0,426.3,399.0,404.0,-0.74,7640.0,744.0,491.0
MPFL,2/15/2022,410.0,420.0,408.0,419.0,3.71,2455.0,744.0,491.0
MPFL,2/16/2022,419.0,420.0,410.0,414.8,-1.0,4949.0,744.0,491.0
MPFL,2/17/2022,406.6,414.7,401.1,414.0,-0.19,3150.0,744.0,491.0
MPFL,2/20/2022,413.0,417.0,402.0,414.0,0.0,8373.0,744.0,491.0
MPFL,2/21/2022,414.0,420.8,406.0,413.0,-0.24,4264.0,744.0,491.0
MPFL,2/22/2022,413.0,420.0,408.2,415.0,0.48,6843.0,744.0,491.0
MPFL,2/23/2022,423.3,428.0,412.0,414.0,-0.24,6690.0,744.0,491.0
MPFL,2/24/2022,419.9,419.9,400.0,408.0,-1.45,7485.0,744.0,491.0
MPFL,2/27/2022,408.0,408.0,396.9,398.0,-2.45,4675.0,744.0,491.0
MPFL,2/28/2022,405.9,405.9,382.4,389.0,-2.26,6475.0,744.0,491.0
MPFL,3/2/2022,388.0,392.0,377.6,382.0,-1.8,3308.0,744.0,491.0
MPFL,3/6/2022,385.0,389.0,375.1,380.0,-0.52,5060.0,744.0,491.0
MPFL,3/7/2022,380.2,382.7,370.0,379.0,-0.26,6559.0,744.0,491.0
MPFL,3/9/2022,372.0,379.0,358.0,372.0,-1.85,4336.0,744.0,491.0
MPFL,3/10/2022,379.0,399.8,370.0,398.0,6.99,9683.0,744.0,491.0
MPFL,3/13/2022,405.9,413.1,397.0,406.0,2.01,21211.0,744.0,491.0
MPFL,3/14/2022,400.0,405.0,397.8,398.0,-1.97,2141.0,744.0,491.0
MPFL,3/15/2022,400.0,408.0,393.0,398.0,0.0,5578.0,744.0,491.0
MPFL,3/16/2022,395.0,404.0,391.5,402.0,1.01,6302.0,744.0,491.0
MPFL,3/20/2022,410.0,418.0,394.0,400.0,-0.5,3271.0,744.0,491.0
MPFL,3/21/2022,405.0,407.9,396.9,405.5,1.37,6608.0,744.0,491.0
MPFL,3/22/2022,405.5,413.4,402.1,408.0,0.62,6495.0,744.0,491.0
MPFL,3/23/2022,402.0,409.0,392.0,405.0,-0.74,6027.0,744.0,491.0
MPFL,3/24/2022,410.0,410.0,392.0,400.0,-1.23,7764.0,744.0,491.0
MPFL,3/27/2022,392.0,406.0,378.0,378.0,-5.5,9478.0,744.0,491.0
MPFL,3/28/2022,383.5,384.0,365.0,365.0,-3.44,12958.0,744.0,491.0
MPFL,3/29/2022,372.2,386.9,360.2,360.2,-1.32,6143.0,744.0,491.0
MPFL,3/30/2022,367.4,379.9,363.0,379.0,5.22,6925.0,744.0,491.0
MPFL,3/31/2022,378.0,381.0,365.0,365.0,-3.69,5160.0,744.0,491.0
MPFL,4/3/2022,371.6,371.6,358.6,364.9,-0.03,2451.0,744.0,491.0
MPFL,4/4/2022,360.1,368.2,355.1,360.0,-1.34,5040.0,744.0,491.0
MPFL,4/5/2022,366.0,368.0,343.1,358.0,-0.56,6083.0,744.0,491.0
MPFL,4/6/2022,360.0,360.0,339.0,355.0,-0.84,2818.0,744.0,491.0
MPFL,4/7/2022,347.9,360.0,346.2,357.0,0.56,3655.0,744.0,491.0
MPFL,4/11/2022,364.0,380.0,344.1,361.0,1.12,8381.0,744.0,491.0
MPFL,4/12/2022,354.0,358.4,347.0,358.0,-0.83,2155.0,744.0,491.0
MPFL,4/13/2022,362.9,362.9,355.5,362.6,1.28,500.0,744.0,491.0
MPFL,4/17/2022,369.7,369.7,341.0,357.0,-1.54,4834.0,744.0,491.0
MPFL,4/18/2022,350.0,357.0,331.0,353.9,-0.87,5850.0,744.0,491.0
MPFL,4/19/2022,360.0,360.0,343.0,351.8,-0.59,1789.0,744.0,491.0
MPFL,4/20/2022,358.0,358.0,337.2,337.2,-4.15,2585.0,744.0,491.0
MPFL,4/21/2022,343.5,345.0,330.0,339.0,0.53,13290.0,744.0,491.0
MPFL,4/24/2022,345.0,359.9,344.0,358.7,5.81,5625.0,744.0,491.0
MPFL,4/25/2022,365.0,365.0,344.0,358.0,-0.2,4020.0,744.0,491.0
MPFL,4/26/2022,365.0,365.0,339.1,340.0,-5.03,3998.0,744.0,491.0
MPFL,4/27/2022,346.0,351.0,338.0,348.9,2.62,2364.0,744.0,491.0
MPFL,4/28/2022,348.0,352.0,338.1,343.9,-1.43,6073.0,744.0,491.0
MPFL,5/2/2022,343.0,343.0,320.0,327.0,-4.91,5806.0,744.0,491.0
MPFL,5/4/2022,320.5,326.0,310.0,315.0,-3.67,2279.0,744.0,491.0
MPFL,5/5/2022,315.0,315.0,297.0,297.1,-5.68,1958.0,744.0,491.0
MPFL,5/8/2022,292.0,297.0,280.3,297.0,-0.03,11416.0,744.0,491.0
MPFL,5/9/2022,302.9,306.0,288.2,292.0,-1.68,11702.0,744.0,491.0
MPFL,5/10/2022,297.8,305.9,292.0,299.7,2.64,5821.0,744.0,491.0
MPFL,5/11/2022,305.6,312.5,293.8,308.0,2.77,34646.0,744.0,491.0
MPFL,5/12/2022,314.0,331.0,304.0,305.5,-0.81,20347.0,744.0,491.0
MPFL,5/17/2022,299.4,299.4,278.9,280.0,-8.35,10988.0,744.0,491.0
MPFL,5/18/2022,280.0,287.0,265.0,284.0,1.43,13932.0,744.0,491.0
MPFL,5/19/2022,287.0,288.0,262.7,285.0,0.35,8308.0,744.0,491.0
MPFL,5/20/2022,279.4,288.8,273.0,280.0,-1.75,5337.0,744.0,491.0
MPFL,5/23/2022,274.4,278.0,265.0,272.0,-2.86,8008.0,744.0,491.0
MPFL,5/24/2022,276.0,281.2,270.5,277.0,1.84,5031.0,744.0,491.0
MPFL,5/25/2022,272.0,285.4,272.0,279.0,0.72,7920.0,744.0,491.0
MPFL,5/26/2022,284.0,284.5,269.0,275.0,-1.43,8907.0,744.0,491.0
MPFL,5/27/2022,280.0,280.0,260.0,276.8,0.65,3625.0,744.0,491.0
MPFL,5/30/2022,282.0,282.3,258.0,260.0,-6.07,9989.0,744.0,491.0
MPFL,5/31/2022,255.0,265.0,244.5,246.0,-5.38,12879.0,744.0,491.0
MPFL,6/1/2022,250.9,260.0,238.3,250.0,1.63,7306.0,744.0,491.0
MPFL,6/2/2022,253.0,255.0,245.0,249.0,-0.4,1820.0,744.0,491.0
MPFL,6/3/2022,250.0,255.0,244.1,248.0,-0.4,7622.0,744.0,491.0
MPFL,6/6/2022,252.9,252.9,240.0,244.0,-1.61,11379.0,744.0,491.0
MPFL,6/7/2022,244.0,248.0,231.1,238.9,-2.09,11684.0,744.0,491.0
MPFL,6/8/2022,234.2,257.4,234.2,253.0,5.9,17060.0,744.0,491.0
MPFL,6/9/2022,258.0,263.1,244.0,247.9,-2.02,15357.0,744.0,491.0
MPFL,6/10/2022,252.8,252.8,240.1,244.0,-1.57,2032.0,744.0,491.0
MPFL,6/13/2022,239.2,246.8,235.0,242.4,-0.66,5834.0,744.0,491.0
MPFL,6/14/2022,240.0,240.0,230.0,230.0,-5.12,12737.0,744.0,491.0
MPFL,6/15/2022,230.0,230.0,222.0,227.0,-1.3,3458.0,744.0,491.0
MPFL,6/16/2022,223.0,236.1,223.0,230.0,1.32,4052.0,744.0,491.0
MPFL,6/17/2022,234.6,239.1,226.2,233.0,1.3,1139.0,744.0,491.0
MPFL,6/19/2022,235.0,237.5,223.1,229.4,-1.55,6616.0,744.0,491.0
MPFL,6/20/2022,233.9,233.9,216.1,220.0,-4.1,3457.0,744.0,491.0
MPFL,6/21/2022,215.7,232.4,215.7,231.0,5.0,7394.0,744.0,491.0
MPFL,6/22/2022,227.0,227.4,218.1,223.0,-3.46,2615.0,744.0,491.0
MPFL,6/23/2022,218.6,222.0,206.1,219.0,-1.79,2986.0,744.0,491.0
MPFL,6/24/2022,223.3,227.0,214.7,222.0,1.37,6090.0,744.0,491.0
MPFL,6/26/2022,226.4,235.0,223.5,232.0,4.5,18216.0,744.0,491.0
MPFL,6/27/2022,236.6,241.0,221.0,228.0,-1.72,14318.0,744.0,491.0
MPFL,6/28/2022,226.0,231.9,223.5,229.8,0.79,2985.0,744.0,491.0
MPFL,6/29/2022,233.0,237.0,225.4,236.0,2.7,8355.0,744.0,491.0
MPFL,6/30/2022,238.0,252.0,233.0,252.0,6.78,25421.0,744.0,491.0
MPFL,7/1/2022,247.1,260.0,242.2,248.0,-1.59,12099.0,744.0,491.0
MPFL,7/3/2022,252.0,262.0,240.0,262.0,5.65,26321.0,744.0,491.0
MPFL,7/4/2022,267.0,284.9,251.7,263.9,0.73,33565.0,744.0,491.0
MPFL,7/5/2022,258.8,269.0,242.1,251.0,-4.89,30025.0,744.0,491.0
MPFL,7/6/2022,256.0,261.0,240.1,255.0,1.59,8661.0,744.0,491.0
MPFL,7/7/2022,260.1,265.0,246.0,255.0,0.0,11191.0,744.0,491.0
MPFL,7/8/2022,250.0,255.0,245.0,249.0,-2.35,1850.0,744.0,491.0
MPFL,7/11/2022,244.1,244.1,228.0,228.0,-8.43,10536.0,744.0,491.0
MPFL,7/12/2022,232.5,237.1,220.1,226.8,-0.53,6237.0,744.0,491.0
MPFL,7/13/2022,231.3,243.0,227.0,241.0,6.26,16106.0,744.0,491.0
MPFL,7/14/2022,245.8,250.9,234.4,245.0,1.66,10640.0,744.0,491.0
MPFL,7/15/2022,248.0,248.0,234.0,240.0,-2.04,7867.0,744.0,491.0
MPFL,7/17/2022,243.8,248.9,238.0,242.0,0.83,4196.0,744.0,491.0
MPFL,7/18/2022,237.2,245.0,237.2,245.0,1.24,3317.0,744.0,491.0
MPFL,7/19/2022,249.0,265.2,246.0,246.0,0.41,24955.0,744.0,491.0
MPFL,7/20/2022,250.9,264.1,245.9,260.0,5.69,38556.0,744.0,491.0
MPFL,7/21/2022,260.0,269.0,255.1,257.0,-1.15,9680.0,744.0,491.0
MPFL,7/22/2022,252.0,253.0,247.1,251.0,-2.33,10490.0,744.0,491.0
MPFL,7/24/2022,256.0,276.1,250.0,276.1,10.0,34082.0,744.0,491.0
MPFL,7/25/2022,281.6,303.7,281.6,303.7,10.0,44422.0,744.0,491.0
MPFL,7/26/2022,309.7,334.0,303.0,332.0,9.32,116065.0,744.0,491.0
MPFL,7/27/2022,325.4,358.1,312.6,353.0,6.33,32790.0,744.0,491.0
MPFL,7/28/2022,360.0,373.0,338.0,356.0,0.85,50756.0,744.0,491.0
MPFL,7/29/2022,350.0,363.9,338.0,353.0,-0.84,34231.0,744.0,491.0
MPFL,7/31/2022,347.0,354.0,339.0,342.0,-3.12,63491.0,744.0,491.0
MPFL,8/1/2022,336.0,348.5,330.0,337.0,-1.46,35407.0,744.0,491.0
MPFL,8/2/2022,343.7,343.7,328.3,339.7,0.8,26907.0,744.0,491.0
MPFL,8/3/2022,346.4,346.4,333.0,333.0,-1.97,29848.0,744.0,491.0
MPFL,8/4/2022,333.0,337.0,326.4,330.9,-0.63,22666.0,744.0,491.0
MPFL,8/5/2022,324.3,330.4,312.0,328.0,-0.88,21391.0,744.0,491.0
MPFL,8/7/2022,334.2,335.5,322.0,330.0,0.61,17292.0,744.0,491.0
MPFL,8/8/2022,336.6,336.9,320.6,325.0,-1.52,18554.0,744.0,491.0
MPFL,8/9/2022,331.4,331.4,308.7,308.7,-5.02,17455.0,744.0,491.0
MPFL,8/10/2022,314.0,314.0,297.0,306.0,-0.87,9758.0,744.0,491.0
MPFL,8/11/2022,308.0,314.1,285.0,298.0,-2.61,15648.0,744.0,491.0
MPFL,8/14/2022,298.0,307.9,280.0,282.0,-5.37,10517.0,744.0,491.0
MPFL,8/15/2022,284.9,310.2,284.9,310.2,10.0,23801.0,744.0,491.0
MPFL,8/16/2022,316.4,331.0,310.0,314.9,1.52,30537.0,744.0,491.0
MPFL,8/17/2022,320.0,331.0,313.6,323.0,2.57,11592.0,744.0,491.0
MPFL,8/18/2022,323.0,350.0,317.3,349.8,8.3,72217.0,744.0,491.0
MPFL,8/21/2022,356.0,370.0,343.0,349.0,-0.23,55728.0,744.0,491.0
MPFL,8/22/2022,344.0,362.9,344.0,356.0,2.01,36264.0,744.0,491.0
MPFL,8/23/2022,363.0,363.0,350.0,356.0,0.0,21970.0,744.0,491.0
MPFL,8/24/2022,362.9,363.1,347.0,351.0,-1.4,17159.0,744.0,491.0
MPFL,8/25/2022,350.0,357.1,334.3,336.0,-4.27,24001.0,744.0,491.0
MPFL,8/26/2022,335.0,347.5,326.0,346.0,2.98,19199.0,744.0,491.0
MPFL,8/28/2022,345.9,352.8,333.3,333.5,-3.61,27785.0,744.0,491.0
MPFL,8/29/2022,330.0,345.0,329.0,343.8,3.09,20650.0,744.0,491.0
MPFL,8/30/2022,343.0,345.0,332.0,332.0,-3.43,17507.0,744.0,491.0
MPFL,8/31/2022,338.0,339.9,325.4,325.5,-1.96,14608.0,744.0,491.0
MPFL,9/1/2022,329.0,338.0,322.0,334.0,2.61,25075.0,744.0,491.0
MPFL,9/2/2022,339.0,340.6,330.0,330.0,-1.2,12746.0,744.0,491.0
MPFL,9/4/2022,336.0,340.0,332.0,334.0,1.21,7332.0,744.0,491.0
MPFL,9/5/2022,340.0,340.0,326.1,326.1,-2.37,4038.0,744.0,491.0
MPFL,9/6/2022,320.1,331.9,320.1,329.9,1.17,7487.0,744.0,491.0
MPFL,9/7/2022,324.0,332.9,317.5,330.0,0.03,5661.0,744.0,491.0
MPFL,9/8/2022,333.9,353.0,325.2,343.5,4.09,17263.0,744.0,491.0
MPFL,9/11/2022,347.8,347.8,332.1,336.0,-2.18,5935.0,744.0,491.0
MPFL,9/12/2022,342.7,342.7,328.0,334.9,-0.33,11569.0,744.0,491.0
MPFL,9/13/2022,341.5,341.5,333.2,337.0,0.63,6827.0,744.0,491.0
MPFL,9/14/2022,342.7,354.0,333.1,350.0,3.86,32485.0,744.0,491.0
MPFL,9/15/2022,350.0,356.0,326.0,335.0,-4.29,31037.0,744.0,491.0
MPFL,9/16/2022,332.9,334.5,316.0,327.0,-2.39,10410.0,744.0,491.0
MPFL,9/18/2022,333.0,333.5,316.1,325.0,-0.61,22974.0,744.0,491.0
MPFL,9/20/2022,319.0,319.1,307.0,313.0,-3.69,12585.0,744.0,491.0
MPFL,9/21/2022,319.0,324.9,315.0,323.0,3.19,9630.0,744.0,491.0
MPFL,9/22/2022,316.6,327.0,316.6,319.8,-0.99,5782.0,744.0,491.0
MPFL,9/25/2022,313.8,319.0,300.7,303.0,-5.25,11444.0,744.0,491.0
MPFL,9/27/2022,309.0,318.0,307.9,313.0,3.3,5152.0,744.0,491.0
MPFL,9/28/2022,306.8,319.2,306.8,313.8,0.26,3612.0,744.0,491.0
MPFL,9/29/2022,314.5,327.5,311.0,316.0,0.7,5360.0,744.0,491.0
MPFL,10/9/2022,310.0,328.0,310.0,324.0,2.53,4245.0,744.0,491.0
MPFL,10/10/2022,330.4,335.0,319.4,326.0,0.62,22783.0,744.0,491.0
MPFL,10/11/2022,331.5,331.5,319.5,324.0,-0.61,5175.0,744.0,491.0
MPFL,10/12/2022,324.9,329.0,315.0,326.9,0.9,14773.0,744.0,491.0
MPFL,10/13/2022,332.0,332.5,319.0,323.0,-1.19,7355.0,744.0,491.0
MPFL,10/16/2022,317.0,319.0,306.0,317.8,-1.61,7287.0,744.0,491.0
MPFL,10/17/2022,311.5,315.0,305.5,314.0,-1.2,9813.0,744.0,491.0
MPFL,10/19/2022,307.9,309.0,297.0,304.9,-2.9,9983.0,744.0,491.0
MPFL,10/20/2022,299.0,303.0,296.0,300.0,-1.61,1976.0,744.0,491.0
MPFL,10/23/2022,300.0,303.9,297.0,302.8,0.93,6464.0,744.0,491.0
MPFL,10/31/2022,300.1,306.0,298.1,306.0,1.06,1816.0,744.0,491.0
MPFL,11/1/2022,306.0,325.0,306.0,325.0,6.21,10570.0,744.0,491.0
MPFL,11/2/2022,326.0,329.0,316.7,321.0,-1.23,20412.0,744.0,491.0
MPFL,11/3/2022,322.0,325.0,318.0,323.7,0.84,20202.0,744.0,491.0
MPFL,11/6/2022,323.0,338.4,320.0,338.4,4.54,19947.0,744.0,491.0
MPFL,11/7/2022,339.0,340.0,328.0,330.0,-2.48,11888.0,744.0,491.0
MPFL,11/8/2022,328.0,332.0,323.0,330.4,0.12,5588.0,744.0,491.0
MPFL,11/9/2022,324.0,324.5,305.0,309.0,-6.48,28423.0,744.0,491.0
MPFL,11/10/2022,315.0,319.0,295.0,298.0,-3.56,21324.0,744.0,491.0
MPFL,11/13/2022,302.0,305.0,296.0,299.0,0.34,8308.0,744.0,491.0
MPFL,11/14/2022,303.4,310.0,303.0,310.0,3.68,14249.0,744.0,491.0
MPFL,11/15/2022,310.0,314.0,294.0,302.9,-2.29,15192.0,744.0,491.0
MPFL,11/16/2022,304.0,312.0,299.9,301.3,-0.53,12383.0,744.0,491.0
MPFL,11/17/2022,307.3,314.4,307.3,311.9,3.52,14120.0,744.0,491.0
MPFL,11/22/2022,317.0,317.0,305.8,313.0,0.35,19658.0,744.0,491.0
MPFL,11/23/2022,315.0,315.0,304.5,312.3,-0.22,8821.0,744.0,491.0
MPFL,11/24/2022,306.1,314.9,300.0,313.8,0.48,7990.0,744.0,491.0
MPFL,11/27/2022,315.0,315.0,306.0,314.0,0.06,9203.0,744.0,491.0
MPFL,11/28/2022,320.0,320.0,307.5,308.8,-1.66,7517.0,744.0,491.0
MPFL,11/29/2022,304.3,313.5,304.3,310.1,0.42,3895.0,744.0,491.0
MPFL,11/30/2022,306.0,312.1,306.0,311.9,0.58,4550.0,744.0,491.0
MPFL,12/1/2022,306.4,314.3,305.8,310.0,-0.61,5182.0,744.0,491.0
MPFL,12/4/2022,305.0,315.9,305.0,308.5,-0.48,2980.0,744.0,491.0
MPFL,12/5/2022,305.1,309.0,300.0,304.0,-1.46,4588.0,744.0,491.0
MPFL,12/6/2022,303.0,312.0,301.0,306.0,0.66,5703.0,744.0,491.0
MPFL,12/7/2022,302.2,303.0,294.1,298.0,-2.61,6001.0,744.0,491.0
MPFL,12/11/2022,293.0,301.0,293.0,300.0,0.67,4377.0,744.0,491.0
MPFL,12/12/2022,295.3,301.0,295.2,301.0,0.33,1773.0,744.0,491.0
MPFL,12/13/2022,303.0,303.0,297.2,302.0,0.33,1523.0,744.0,491.0
MPFL,12/14/2022,302.0,306.0,296.0,303.8,0.6,6946.0,744.0,491.0
MPFL,12/15/2022,304.5,305.0,293.4,293.4,-3.42,4100.0,744.0,491.0
MPFL,12/18/2022,299.2,304.0,285.1,297.9,1.53,2980.0,744.0,491.0
MPFL,12/19/2022,303.0,303.0,290.0,295.0,-0.97,2949.0,744.0,491.0
MPFL,12/20/2022,296.0,298.0,291.0,298.0,1.02,1381.0,744.0,491.0
MPFL,12/21/2022,292.1,303.0,289.0,290.0,-2.68,2033.0,744.0,491.0
MPFL,12/27/2022,295.8,319.0,295.8,319.0,10.0,39238.0,744.0,491.0
MPFL,12/28/2022,322.0,328.3,315.0,321.0,0.63,26506.0,744.0,491.0
MPFL,12/29/2022,321.0,336.0,318.1,334.0,4.05,25765.0,744.0,491.0
MPFL,1/1/2023,338.0,341.0,320.0,326.0,-2.4,34877.0,744.0,491.0
MPFL,1/2/2023,330.0,337.9,323.6,334.9,2.73,20237.0,744.0,491.0
MPFL,1/3/2023,336.0,341.0,322.0,328.9,-1.79,14379.0,744.0,491.0
MPFL,1/4/2023,334.7,340.0,329.0,339.0,3.07,14129.0,744.0,491.0
MPFL,1/5/2023,345.7,359.5,340.0,349.0,2.95,36487.0,744.0,491.0
MPFL,1/8/2023,349.0,370.0,342.1,360.0,3.15,41341.0,744.0,491.0
MPFL,1/9/2023,355.1,376.0,355.0,372.0,3.33,32005.0,744.0,491.0
MPFL,1/10/2023,379.4,386.9,350.0,355.0,-4.57,42970.0,744.0,491.0
MPFL,1/12/2023,362.1,376.0,341.0,345.0,-2.82,26988.0,744.0,491.0
MPFL,1/17/2023,345.0,362.1,335.1,357.0,3.48,14135.0,744.0,491.0
MPFL,1/18/2023,364.0,368.9,346.0,352.9,-1.15,15636.0,744.0,491.0
MPFL,1/19/2023,355.0,356.0,339.2,348.0,-1.39,16030.0,744.0,491.0
MPFL,1/23/2023,354.9,356.0,341.1,341.1,-1.98,14812.0,744.0,491.0
MPFL,1/24/2023,344.0,365.0,334.6,363.0,6.42,18907.0,744.0,491.0
MPFL,1/25/2023,370.0,370.0,359.0,360.0,-0.83,37588.0,744.0,491.0
MPFL,1/26/2023,366.0,373.0,356.8,356.8,-0.89,12781.0,744.0,491.0
MPFL,1/29/2023,350.0,354.9,345.1,347.0,-2.75,12865.0,744.0,491.0
MPFL,1/30/2023,342.0,348.0,333.0,333.0,-4.03,35745.0,744.0,491.0
MPFL,1/31/2023,339.0,346.8,335.1,335.1,0.63,16529.0,744.0,491.0
MPFL,2/1/2023,341.0,344.0,334.1,335.0,-0.03,4305.0,744.0,491.0
MPFL,2/2/2023,332.0,351.0,331.2,344.9,2.96,50651.0,744.0,491.0
MPFL,2/5/2023,338.2,353.9,338.2,344.9,0.0,5593.0,744.0,491.0
MPFL,2/6/2023,350.0,350.0,340.0,347.9,0.87,6104.0,744.0,491.0
MPFL,2/7/2023,352.0,363.0,345.0,359.3,3.28,34388.0,744.0,491.0
MPFL,2/8/2023,366.4,370.0,349.0,355.0,-1.2,12418.0,744.0,491.0
MPFL,2/9/2023,360.0,362.0,350.0,362.0,1.97,9740.0,744.0,491.0
MPFL,2/12/2023,354.8,355.0,342.0,343.0,-5.25,11510.0,744.0,491.0
MPFL,2/14/2023,348.0,348.0,337.2,340.0,-0.87,5260.0,744.0,491.0
MPFL,2/15/2023,341.0,346.8,336.3,336.4,-1.06,6557.0,744.0,491.0
MPFL,2/16/2023,333.1,343.0,333.0,336.0,-0.12,10430.0,744.0,491.0
MPFL,2/20/2023,339.0,340.0,330.0,334.0,-0.6,5247.0,744.0,491.0
MPFL,2/22/2023,340.6,347.4,338.5,339.0,1.5,2799.0,744.0,491.0
MPFL,2/23/2023,332.3,342.0,322.0,328.4,-3.13,9113.0,744.0,491.0
MPFL,2/26/2023,327.0,335.0,317.0,334.0,1.71,8386.0,744.0,491.0
MPFL,2/27/2023,339.1,339.1,318.5,330.0,-1.2,8960.0,744.0,491.0
MPFL,2/28/2023,336.0,336.0,326.0,326.1,-1.18,4164.0,744.0,491.0
MPFL,3/1/2023,326.2,330.0,320.1,325.0,-0.34,4721.0,744.0,491.0
MPFL,3/2/2023,321.0,321.0,318.0,320.2,-1.48,2890.0,744.0,491.0
MPFL,3/5/2023,320.0,323.0,316.8,317.4,-0.87,4888.0,744.0,491.0
MPFL,3/7/2023,320.0,326.0,316.0,326.0,2.71,2985.0,744.0,491.0
MPFL,3/9/2023,332.0,341.0,326.0,341.0,4.6,10791.0,744.0,491.0
MPFL,3/12/2023,342.0,344.0,321.8,335.0,-1.76,8067.0,744.0,491.0
MPFL,3/13/2023,328.3,334.2,324.0,327.6,-2.21,2121.0,744.0,491.0
MPFL,3/14/2023,326.5,336.5,323.2,333.0,1.65,2866.0,744.0,491.0
MPFL,3/15/2023,327.2,330.0,322.1,330.0,-0.9,5162.0,744.0,491.0
MPFL,3/16/2023,323.4,328.0,321.6,327.8,-0.67,3445.0,744.0,491.0
MPFL,3/19/2023,334.0,340.6,325.0,325.0,-0.85,6703.0,744.0,491.0
MPFL,3/20/2023,320.3,338.1,320.3,335.7,3.29,3969.0,744.0,491.0
MPFL,3/22/2023,332.9,332.9,326.0,332.3,-1.01,4059.0,744.0,491.0
MPFL,3/23/2023,327.0,328.0,323.2,323.3,-2.71,1979.0,744.0,491.0
MPFL,3/26/2023,319.0,325.3,319.0,320.0,-1.02,3123.0,744.0,491.0
MPFL,3/27/2023,326.0,332.5,315.0,325.0,1.56,4391.0,744.0,491.0
MPFL,3/28/2023,330.0,334.0,325.0,327.5,0.77,6353.0,744.0,491.0
MPFL,3/29/2023,329.8,330.0,322.0,328.4,0.27,976.0,744.0,491.0
MPFL,3/30/2023,323.0,328.0,322.1,322.1,-1.92,1816.0,744.0,491.0
MPFL,4/2/2023,327.0,327.0,314.0,314.0,-2.51,6353.0,744.0,491.0
MPFL,4/3/2023,320.0,320.0,308.0,314.0,0.0,1952.0,744.0,491.0
MPFL,4/4/2023,308.0,320.2,307.8,313.0,-0.32,1910.0,744.0,491.0
MPFL,4/5/2023,309.0,319.2,309.0,315.0,0.64,4570.0,744.0,491.0
MPFL,4/6/2023,319.0,320.2,310.1,310.1,-1.56,4919.0,744.0,491.0
MPFL,4/9/2023,310.2,314.2,308.1,308.5,-0.52,3742.0,744.0,491.0
MPFL,4/10/2023,308.5,312.0,308.1,308.4,-0.03,1439.0,744.0,491.0
MPFL,4/11/2023,310.0,315.5,308.0,312.0,1.17,3165.0,744.0,491.0
MPFL,4/12/2023,318.2,330.0,318.2,329.0,5.45,7169.0,744.0,491.0
MPFL,4/13/2023,335.5,340.0,323.1,324.0,-1.52,7114.0,744.0,491.0
MPFL,4/16/2023,320.1,323.1,315.0,315.0,-2.78,2760.0,744.0,491.0
MPFL,4/17/2023,320.0,320.0,311.0,315.0,0.0,498.0,744.0,491.0
MPFL,4/18/2023,309.0,316.0,308.7,316.0,0.32,632.0,744.0,491.0
MPFL,4/19/2023,320.0,333.8,318.9,332.0,5.06,8137.0,744.0,491.0
MPFL,4/20/2023,325.4,330.6,320.0,326.0,-1.81,3245.0,744.0,491.0
MPFL,4/23/2023,319.5,326.3,319.5,322.0,-1.23,1706.0,744.0,491.0
MPFL,4/24/2023,316.1,328.0,315.0,324.2,0.68,1104.0,744.0,491.0
MPFL,4/25/2023,317.8,328.9,317.0,322.4,-0.56,1760.0,744.0,491.0
MPFL,4/26/2023,328.8,334.9,316.0,323.0,0.19,4958.0,744.0,491.0
MPFL,4/27/2023,329.0,329.0,312.5,314.0,-2.79,1653.0,744.0,491.0
MPFL,4/30/2023,314.0,320.2,313.8,313.8,-0.06,1965.0,744.0,491.0
MPFL,5/2/2023,320.0,320.0,314.0,317.0,1.02,93.0,744.0,491.0
MPFL,5/3/2023,311.0,317.0,311.0,311.1,-1.86,723.0,744.0,491.0
MPFL,5/4/2023,317.3,330.0,306.0,330.0,6.08,5110.0,744.0,491.0
MPFL,5/7/2023,323.4,323.4,300.0,313.0,-5.15,3802.0,744.0,491.0
MPFL,5/8/2023,307.2,315.0,295.1,296.0,-5.43,5156.0,744.0,491.0
MPFL,5/9/2023,290.2,313.0,285.0,297.0,0.34,1302.0,744.0,491.0
MPFL,5/10/2023,302.9,308.9,295.7,295.7,-0.44,2015.0,744.0,491.0
MPFL,5/11/2023,296.0,302.8,291.8,291.8,-1.32,2444.0,744.0,491.0
MPFL,5/14/2023,296.0,300.9,292.4,295.0,1.1,2116.0,744.0,491.0
MPFL,5/15/2023,299.9,304.9,293.0,293.0,-0.68,1070.0,744.0,491.0
MPFL,5/16/2023,298.8,304.0,298.0,303.0,3.41,100.0,744.0,491.0
MPFL,5/17/2023,309.0,309.0,300.0,302.0,-0.33,1605.0,744.0,491.0
MPFL,5/18/2023,308.0,319.0,306.0,310.0,2.65,3480.0,744.0,491.0
MPFL,5/21/2023,305.2,322.0,305.2,310.0,0.0,791.0,744.0,491.0
MPFL,5/22/2023,303.8,319.0,303.8,310.0,0.0,3991.0,744.0,491.0
MPFL,5/23/2023,315.0,322.0,314.0,322.0,3.87,6322.0,744.0,491.0
MPFL,5/24/2023,325.9,326.0,316.0,316.3,-1.77,2163.0,744.0,491.0
MPFL,5/28/2023,322.0,322.0,310.6,310.6,-1.8,2882.0,744.0,491.0
MPFL,5/30/2023,305.0,308.0,305.0,306.1,-1.45,3989.0,744.0,491.0
MPFL,5/31/2023,302.0,314.0,301.6,301.6,-1.47,1251.0,744.0,491.0
MPFL,6/1/2023,306.9,306.9,297.0,305.0,1.13,2447.0,744.0,491.0
MPFL,6/4/2023,311.1,316.0,310.0,314.4,3.08,354.0,744.0,491.0
MPFL,6/5/2023,319.8,319.8,307.3,309.0,-1.72,2664.0,744.0,491.0
MPFL,6/6/2023,309.0,315.0,306.5,307.8,-0.39,2680.0,744.0,491.0
MPFL,6/7/2023,313.9,330.0,300.0,308.0,0.06,13990.0,744.0,491.0
MPFL,6/8/2023,304.0,309.6,297.0,303.0,-1.62,4515.0,744.0,491.0
MPFL,6/11/2023,308.9,328.4,308.9,319.4,5.41,13691.0,744.0,491.0
MPFL,6/12/2023,325.7,332.2,315.0,318.0,-0.44,9249.0,744.0,491.0
MPFL,6/13/2023,313.0,335.0,313.0,325.0,2.2,14934.0,744.0,491.0
MPFL,6/14/2023,331.0,341.7,320.1,330.0,1.54,29263.0,744.0,491.0
MPFL,6/15/2023,336.0,336.0,317.2,317.2,-3.88,8097.0,744.0,491.0
MPFL,6/18/2023,323.0,334.0,316.6,331.0,4.35,7170.0,744.0,491.0
MPFL,6/19/2023,336.9,360.0,330.2,357.0,7.85,47859.0,744.0,491.0
MPFL,6/20/2023,363.9,364.1,334.5,334.5,-6.3,19147.0,744.0,491.0
MPFL,6/21/2023,341.1,341.1,328.1,337.0,0.75,8826.0,744.0,491.0
MPFL,6/22/2023,340.0,342.0,331.0,334.0,-0.89,8855.0,744.0,491.0
MPFL,6/25/2023,340.0,356.0,338.0,352.0,5.39,24750.0,744.0,491.0
MPFL,6/26/2023,359.0,366.0,349.9,356.0,1.14,27208.0,744.0,491.0
MPFL,6/27/2023,357.0,367.0,350.0,355.0,-0.28,79501.0,744.0,491.0
MPFL,6/28/2023,362.1,362.1,350.0,351.0,-1.13,19318.0,744.0,491.0
MPFL,7/2/2023,357.9,375.0,350.8,362.0,3.13,76019.0,744.0,491.0
MPFL,7/3/2023,369.0,370.0,358.0,358.0,-1.1,22013.0,744.0,491.0
MPFL,7/4/2023,365.0,368.0,353.0,368.0,2.79,100930.0,744.0,491.0
MPFL,7/5/2023,365.1,377.4,359.0,363.0,-1.36,47518.0,744.0,491.0
MPFL,7/6/2023,357.2,368.8,357.1,368.0,1.38,31614.0,744.0,491.0
MPFL,7/9/2023,370.0,377.0,364.3,370.0,0.54,24684.0,744.0,491.0
MPFL,7/10/2023,377.0,377.0,367.0,375.0,1.35,59294.0,744.0,491.0
MPFL,7/11/2023,379.9,403.0,374.5,395.0,5.33,94666.0,744.0,491.0
MPFL,7/12/2023,402.9,414.0,390.0,391.5,-0.89,68029.0,744.0,491.0
MPFL,7/13/2023,394.0,395.0,382.2,386.0,-1.4,31350.0,744.0,491.0
MPFL,7/16/2023,390.0,396.0,373.5,381.1,-1.27,22016.0,744.0,491.0
MPFL,7/17/2023,382.0,413.0,378.1,409.0,7.32,59528.0,744.0,491.0
MPFL,7/18/2023,417.1,417.1,400.0,402.5,-1.59,42788.0,744.0,491.0
MPFL,7/19/2023,399.0,407.7,397.0,403.0,0.12,30904.0,744.0,491.0
MPFL,7/20/2023,411.0,425.0,408.0,417.0,3.47,58442.0,744.0,491.0
MPFL,7/23/2023,420.0,430.0,413.0,416.9,-0.02,42179.0,744.0,491.0
MPFL,7/24/2023,417.0,420.0,404.3,408.0,-2.13,34533.0,744.0,491.0
MPFL,7/25/2023,404.6,405.0,397.0,402.6,-1.32,28938.0,744.0,491.0
MPFL,7/26/2023,400.0,409.0,394.0,394.0,-2.14,38294.0,744.0,491.0
MPFL,7/27/2023,396.0,400.0,382.4,394.8,0.2,55901.0,744.0,491.0
MPFL,7/30/2023,324.7,337.0,318.0,319.0,-19.2,29012.0,744.0,491.0
MPFL,7/31/2023,324.9,330.9,310.0,323.0,1.25,41893.0,744.0,491.0
MPFL,8/1/2023,328.0,328.0,309.0,316.8,-1.92,9860.0,744.0,491.0
MPFL,8/2/2023,322.0,322.0,305.0,305.0,-3.72,23331.0,744.0,491.0
MPFL,8/3/2023,307.0,316.0,305.0,308.0,0.98,19617.0,744.0,491.0
MPFL,8/6/2023,308.0,313.9,282.0,297.0,-3.57,15131.0,744.0,491.0
MPFL,8/7/2023,291.2,302.7,285.5,293.1,-1.31,15091.0,744.0,491.0
MPFL,8/8/2023,293.1,300.0,285.2,290.0,-1.06,15746.0,744.0,491.0
MPFL,8/9/2023,294.0,306.3,278.6,306.3,5.62,15906.0,744.0,491.0
MPFL,8/10/2023,309.0,310.0,295.0,303.9,-0.78,17523.0,744.0,491.0
MPFL,8/13/2023,305.0,309.0,299.0,302.5,-0.46,8954.0,744.0,491.0
MPFL,8/14/2023,308.0,316.2,298.0,303.3,0.26,11165.0,744.0,491.0
MPFL,8/15/2023,300.0,304.0,297.0,299.0,-1.42,7615.0,744.0,491.0
MPFL,8/16/2023,301.0,306.0,295.0,295.0,-1.34,5646.0,744.0,491.0
MPFL,8/17/2023,300.9,310.0,297.0,299.0,1.36,10816.0,744.0,491.0
MPFL,8/20/2023,304.0,306.0,294.0,304.0,1.67,3729.0,744.0,491.0
MPFL,8/21/2023,309.8,309.8,291.6,303.0,-0.33,11722.0,744.0,491.0
MPFL,8/22/2023,307.0,308.0,297.0,306.8,1.25,4427.0,744.0,491.0
MPFL,8/23/2023,312.3,312.3,305.0,311.0,1.37,6569.0,744.0,491.0
MPFL,8/24/2023,314.0,314.0,297.0,305.0,-1.93,9915.0,744.0,491.0
MPFL,8/27/2023,309.9,309.9,293.4,308.9,1.28,4305.0,744.0,491.0
MPFL,8/28/2023,303.5,305.0,297.5,301.0,-2.56,2593.0,744.0,491.0
MPFL,8/29/2023,305.0,307.0,294.0,298.9,-0.7,3569.0,744.0,491.0
MPFL,8/30/2023,304.4,304.4,293.1,304.0,1.71,3041.0,744.0,491.0
MPFL,9/3/2023,304.0,304.0,287.2,294.0,-3.29,4819.0,744.0,491.0
MPFL,9/4/2023,297.0,299.0,285.0,291.9,-0.71,2912.0,744.0,491.0
MPFL,9/5/2023,297.0,297.0,286.0,290.0,-0.65,3127.0,744.0,491.0
MPFL,9/7/2023,287.0,289.0,281.0,284.0,-2.07,4104.0,744.0,491.0
MPFL,9/10/2023,285.8,289.6,278.2,282.0,-0.7,18784.0,744.0,491.0
MPFL,9/11/2023,287.0,295.0,284.2,295.0,4.61,8453.0,744.0,491.0
MPFL,9/12/2023,300.9,300.9,285.3,286.0,-3.05,4171.0,744.0,491.0
MPFL,9/13/2023,291.7,295.5,286.1,291.0,1.75,5862.0,744.0,491.0
MPFL,9/17/2023,295.0,301.3,285.0,287.8,-1.1,3537.0,744.0,491.0
MPFL,9/18/2023,283.0,289.0,282.5,289.0,0.42,2071.0,744.0,491.0
MPFL,9/19/2023,294.6,295.0,291.1,295.0,2.08,1609.0,744.0,491.0
MPFL,9/21/2023,300.9,321.0,295.0,310.0,5.08,15938.0,744.0,491.0
MPFL,9/24/2023,310.0,315.0,303.8,304.4,-1.81,15704.0,744.0,491.0
MPFL,9/25/2023,310.4,310.4,303.1,303.1,-0.43,1664.0,744.0,491.0
MPFL,9/26/2023,309.0,319.9,303.2,305.3,0.73,5027.0,744.0,491.0
MPFL,9/27/2023,311.4,311.4,300.0,301.0,-1.41,7904.0,744.0,491.0
MPFL,10/1/2023,297.5,300.9,295.0,299.5,-0.5,7926.0,744.0,491.0
MPFL,10/2/2023,298.0,306.0,298.0,305.0,1.84,5890.0,744.0,491.0
MPFL,10/3/2023,298.9,298.9,294.0,295.1,-3.25,6131.0,744.0,491.0
MPFL,10/4/2023,301.0,304.8,299.0,299.9,1.63,1356.0,744.0,491.0
MPFL,10/5/2023,305.0,305.0,292.7,298.0,-0.63,2751.0,744.0,491.0
MPFL,10/8/2023,302.5,302.5,289.0,289.0,-3.02,3509.0,744.0,491.0
MPFL,10/9/2023,285.2,291.9,285.2,287.5,-0.52,1351.0,744.0,491.0
MPFL,10/10/2023,288.0,288.0,281.8,284.9,-0.9,2996.0,744.0,491.0
MPFL,10/11/2023,289.0,295.0,282.3,285.0,0.04,4788.0,744.0,491.0
MPFL,10/12/2023,285.0,290.0,279.0,279.0,-2.11,5092.0,744.0,491.0
MPFL,10/16/2023,284.0,289.6,277.2,277.2,-0.65,565.0,744.0,491.0
MPFL,10/17/2023,282.7,284.9,273.0,280.0,1.01,3640.0,744.0,491.0
MPFL,10/18/2023,284.6,288.0,284.6,284.9,1.75,2400.0,744.0,491.0
MPFL,10/19/2023,283.0,287.0,283.0,284.0,-0.32,3622.0,744.0,491.0
MPFL,10/29/2023,284.0,284.0,278.4,278.4,-1.97,645.0,744.0,491.0
MPFL,10/30/2023,283.0,284.5,280.0,280.5,0.75,525.0,744.0,491.0
MPFL,10/31/2023,286.0,291.0,265.2,269.0,-4.1,19036.0,744.0,491.0
MPFL,11/1/2023,274.3,274.3,265.6,265.7,-1.23,4859.0,744.0,491.0
MPFL,11/2/2023,271.0,271.0,265.0,265.5,-0.08,6560.0,744.0,491.0
MPFL,11/5/2023,270.8,274.0,261.0,263.8,-0.64,2639.0,744.0,491.0
MPFL,11/6/2023,269.0,273.0,265.1,267.6,1.44,11672.0,744.0,491.0
MPFL,11/7/2023,270.0,284.4,270.0,280.0,4.63,16578.0,744.0,491.0
MPFL,11/8/2023,285.0,290.0,274.4,285.0,1.79,6077.0,744.0,491.0
MPFL,11/9/2023,280.0,283.0,273.0,278.0,-2.46,5580.0,744.0,491.0
MPFL,11/20/2023,277.0,280.0,272.1,273.5,-1.62,7637.0,744.0,491.0
MPFL,11/21/2023,278.9,278.9,265.1,269.0,-1.65,5176.0,744.0,491.0
MPFL,11/22/2023,267.1,273.0,267.0,272.0,1.12,6384.0,744.0,491.0
MPFL,11/23/2023,268.1,277.4,267.0,276.5,1.65,3317.0,744.0,491.0
MPFL,11/26/2023,281.0,289.5,272.0,288.9,4.48,11498.0,744.0,491.0
MPFL,11/27/2023,289.0,297.0,283.3,288.8,-0.03,7513.0,744.0,491.0
MPFL,11/28/2023,288.8,289.0,283.0,286.0,-0.97,3000.0,744.0,491.0
MPFL,11/29/2023,280.3,290.0,274.7,280.0,-2.1,7974.0,744.0,491.0
MPFL,11/30/2023,275.5,278.0,271.0,278.0,-0.71,7067.0,744.0,491.0
MPFL,12/3/2023,273.1,275.0,270.0,273.0,-1.8,4207.0,744.0,491.0
MPFL,12/4/2023,278.0,280.0,271.2,276.0,1.1,7356.0,744.0,491.0
MPFL,12/5/2023,281.0,281.0,272.4,275.0,-0.36,3418.0,744.0,491.0
MPFL,12/6/2023,277.0,279.0,274.6,279.0,1.45,8388.0,744.0,491.0
MPFL,12/7/2023,280.0,286.0,275.1,278.0,-0.36,13049.0,744.0,491.0
MPFL,12/10/2023,283.5,302.0,283.5,300.0,7.91,1810.0,744.0,491.0
MPFL,12/11/2023,306.0,312.0,292.0,297.0,-1.0,24143.0,744.0,491.0
MPFL,12/12/2023,297.0,305.9,295.0,305.0,2.69,46207.0,744.0,491.0
MPFL,12/13/2023,311.1,313.5,299.1,306.0,0.33,33155.0,744.0,491.0
MPFL,12/14/2023,303.0,317.0,303.0,315.0,2.94,19712.0,744.0,491.0
MPFL,12/17/2023,308.7,330.9,305.0,322.0,2.22,55120.0,744.0,491.0
MPFL,12/18/2023,328.0,343.0,327.0,331.2,2.86,79357.0,744.0,491.0
MPFL,12/19/2023,337.8,337.8,321.0,335.0,1.15,34766.0,744.0,491.0
MPFL,12/20/2023,341.7,351.0,335.0,344.0,2.69,64596.0,744.0,491.0
MPFL,12/21/2023,345.0,345.0,329.0,329.0,-4.36,30426.0,744.0,491.0
MPFL,12/24/2023,323.5,342.0,318.0,326.9,-0.64,48460.0,744.0,491.0
MPFL,12/27/2023,330.0,333.0,316.2,322.0,-1.5,25573.0,744.0,491.0
MPFL,12/28/2023,322.0,327.0,317.6,318.0,-1.24,29652.0,744.0,491.0
MPFL,1/1/2024,323.9,336.6,321.0,322.0,1.26,29949.0,744.0,491.0
MPFL,1/2/2024,320.0,321.9,317.8,320.0,-0.62,16453.0,744.0,491.0
MPFL,1/3/2024,319.1,326.4,319.0,324.0,1.25,26544.0,744.0,491.0
MPFL,1/4/2024,322.0,333.0,320.0,326.0,0.62,52202.0,744.0,491.0
MPFL,1/7/2024,329.0,330.0,320.0,321.4,-1.41,11093.0,744.0,491.0
MPFL,1/8/2024,327.8,335.0,321.4,328.0,2.05,84785.0,744.0,491.0
MPFL,1/9/2024,334.5,352.0,331.1,348.9,6.37,125472.0,744.0,491.0
MPFL,1/10/2024,355.8,375.0,355.0,356.0,2.03,84839.0,744.0,491.0
MPFL,1/11/2024,360.0,362.0,348.2,353.4,-0.73,28987.0,744.0,491.0
MPFL,1/14/2024,355.0,360.4,354.0,354.0,0.17,32070.0,744.0,491.0
MPFL,1/16/2024,361.0,383.0,361.0,376.9,6.47,102318.0,744.0,491.0
MPFL,1/17/2024,384.0,391.0,356.5,356.5,-5.41,61102.0,744.0,491.0
MPFL,1/18/2024,350.0,367.2,350.0,361.0,1.26,47170.0,744.0,491.0
MPFL,1/21/2024,359.0,366.9,348.0,348.1,-3.57,43685.0,744.0,491.0
MPFL,1/22/2024,355.0,355.0,341.2,341.2,-1.98,44025.0,744.0,491.0
MPFL,1/23/2024,348.0,349.2,339.2,340.5,-0.21,22993.0,744.0,491.0
MPFL,1/24/2024,347.3,352.0,340.9,340.9,0.12,20903.0,744.0,491.0
MPFL,1/25/2024,344.9,347.0,337.0,347.0,1.79,19289.0,744.0,491.0
MPFL,1/28/2024,353.9,355.0,342.0,345.5,-0.43,12893.0,744.0,491.0
MPFL,1/29/2024,352.4,357.0,346.0,355.0,2.75,25238.0,744.0,491.0
MPFL,1/30/2024,359.0,359.0,348.0,351.9,-0.87,17408.0,744.0,491.0
MPFL,1/31/2024,358.9,358.9,340.0,343.5,-2.39,25203.0,744.0,491.0
MPFL,2/1/2024,341.0,355.0,340.0,346.0,0.73,56428.0,744.0,491.0
MPFL,2/4/2024,341.1,355.0,341.0,348.0,0.58,17997.0,744.0,491.0
MPFL,2/5/2024,354.9,355.0,346.1,349.8,0.52,9352.0,744.0,491.0
MPFL,2/6/2024,346.0,355.0,343.1,353.4,1.03,10015.0,744.0,491.0
MPFL,2/7/2024,356.0,358.0,348.0,348.0,-1.53,10182.0,744.0,491.0
MPFL,2/8/2024,341.1,354.0,341.1,348.4,0.11,12904.0,744.0,491.0
MPFL,2/11/2024,349.0,359.4,349.0,355.8,2.12,16247.0,744.0,491.0
MPFL,2/12/2024,362.0,362.0,351.6,357.0,0.34,21190.0,744.0,491.0
MPFL,2/13/2024,355.0,356.0,344.5,348.0,-2.52,51028.0,744.0,491.0
MPFL,2/14/2024,352.0,379.0,350.0,374.0,7.47,175952.0,744.0,491.0
MPFL,2/15/2024,381.0,381.0,362.0,364.0,-2.67,40195.0,744.0,491.0
MPFL,2/18/2024,363.4,363.5,349.0,351.0,-3.57,28994.0,744.0,491.0
MPFL,2/20/2024,351.0,362.1,351.0,355.0,1.14,20999.0,744.0,491.0
MPFL,2/21/2024,359.8,360.0,345.5,347.0,-2.25,16426.0,744.0,491.0
MPFL,2/22/2024,353.9,359.9,342.1,349.7,0.78,41237.0,744.0,491.0
MPFL,2/25/2024,347.1,364.5,347.1,357.0,2.09,34154.0,744.0,491.0
MPFL,2/26/2024,362.0,362.9,350.0,355.4,-0.45,7811.0,744.0,491.0
MPFL,2/27/2024,356.0,362.5,350.0,358.5,0.87,29270.0,744.0,491.0
MPFL,2/28/2024,355.0,360.0,352.5,356.0,-0.7,17199.0,744.0,491.0
MPFL,2/29/2024,351.3,357.0,337.2,337.2,-5.28,46762.0,744.0,491.0
MPFL,3/3/2024,343.9,345.0,328.0,340.8,1.07,12386.0,744.0,491.0
MPFL,3/4/2024,347.6,361.0,347.6,360.0,5.63,714.0,744.0,491.0
MPFL,3/5/2024,363.0,363.0,344.1,349.9,-2.81,42616.0,744.0,491.0
MPFL,3/6/2024,351.0,363.0,346.0,359.4,2.72,31200.0,744.0,491.0
MPFL,3/7/2024,365.0,370.0,357.1,362.9,0.97,25041.0,744.0,491.0
MPFL,3/10/2024,367.9,370.0,358.0,365.0,0.58,22097.0,744.0,491.0
MPFL,3/12/2024,365.0,371.0,362.0,367.0,0.55,28141.0,744.0,491.0
MPFL,3/13/2024,368.0,391.0,364.0,385.0,4.9,75077.0,744.0,491.0
MPFL,3/14/2024,389.0,389.8,374.0,380.0,-1.3,42446.0,744.0,491.0
MPFL,3/17/2024,376.1,390.0,376.0,378.0,-0.53,35141.0,744.0,491.0
MPFL,3/18/2024,378.0,388.0,378.0,384.5,1.72,32885.0,744.0,491.0
MPFL,3/19/2024,391.0,399.0,384.5,387.0,0.65,57966.0,744.0,491.0
MPFL,3/20/2024,388.0,390.0,375.0,380.0,-1.81,28184.0,744.0,491.0
MPFL,3/21/2024,373.0,392.0,373.0,378.0,-0.53,46216.0,744.0,491.0
MPFL,3/25/2024,371.1,377.0,368.1,370.2,-2.06,32196.0,744.0,491.0
MPFL,3/26/2024,377.6,377.6,367.0,367.0,-0.86,17170.0,744.0,491.0
MPFL,3/27/2024,374.0,374.0,360.0,362.0,-1.36,15115.0,744.0,491.0
MPFL,3/28/2024,359.3,370.2,357.0,365.0,0.83,22764.0,744.0,491.0
MPFL,3/31/2024,366.0,378.4,360.1,361.0,-1.1,26532.0,744.0,491.0
MPFL,4/1/2024,361.0,369.2,360.3,368.5,2.08,21108.0,744.0,491.0
MPFL,4/2/2024,375.0,375.0,361.2,364.0,-1.22,11343.0,744.0,491.0
MPFL,4/3/2024,361.5,365.0,358.0,358.0,-1.65,15312.0,744.0,491.0
MPFL,4/4/2024,360.0,369.4,358.7,360.0,0.56,18297.0,744.0,491.0
MPFL,4/7/2024,356.1,389.4,356.1,385.9,7.19,82621.0,744.0,491.0
MPFL,4/9/2024,392.0,402.0,384.0,387.0,0.29,101845.0,744.0,491.0
MPFL,4/10/2024,387.0,396.0,372.4,372.4,-3.77,40626.0,744.0,491.0
MPFL,4/14/2024,376.6,396.9,370.6,382.9,2.82,41672.0,744.0,491.0
MPFL,4/15/2024,390.0,390.0,370.0,370.0,-3.37,19166.0,744.0,491.0
MPFL,4/16/2024,370.0,376.0,365.2,369.8,-0.05,26105.0,744.0,491.0
MPFL,4/18/2024,375.0,375.0,364.1,369.8,0.0,26512.0,744.0,491.0
MPFL,4/21/2024,365.0,375.0,362.5,372.3,0.68,8400.0,744.0,491.0
MPFL,4/22/2024,378.0,380.0,371.0,371.0,-0.35,22719.0,744.0,491.0
MPFL,4/24/2024,378.0,389.0,373.0,386.4,4.15,95544.0,744.0,491.0
MPFL,4/25/2024,392.0,425.0,392.0,425.0,9.99,226414.0,744.0,491.0
MPFL,4/28/2024,433.5,463.9,428.1,446.3,5.01,244437.0,744.0,491.0
MPFL,4/29/2024,446.4,490.0,437.2,461.1,3.32,167620.0,744.0,491.0
MPFL,4/30/2024,470.3,484.5,441.2,445.0,-3.49,152505.0,744.0,491.0
MPFL,5/2/2024,445.0,464.0,445.0,459.0,3.15,156645.0,744.0,491.0
MPFL,5/5/2024,452.0,477.0,452.0,455.0,-0.87,88009.0,744.0,491.0
MPFL,5/6/2024,455.9,455.9,432.0,432.0,-5.05,80366.0,744.0,491.0
MPFL,5/7/2024,434.5,448.0,433.3,434.0,0.46,23342.0,744.0,491.0
MPFL,5/8/2024,442.0,459.0,440.0,452.0,4.15,64346.0,744.0,491.0
MPFL,5/9/2024,460.0,466.0,451.1,460.0,1.77,91616.0,744.0,491.0
MPFL,5/12/2024,467.0,467.9,446.1,450.0,-2.17,43581.0,744.0,491.0
MPFL,5/13/2024,450.0,453.5,441.0,442.1,-1.76,45290.0,744.0,491.0
MPFL,5/14/2024,449.9,450.0,441.0,445.3,0.72,32021.0,744.0,491.0
MPFL,5/15/2024,446.1,454.0,441.0,444.0,-0.29,28405.0,744.0,491.0
MPFL,5/16/2024,452.8,452.8,431.2,436.0,-1.8,43167.0,744.0,491.0
MPFL,5/19/2024,444.7,444.7,430.1,437.0,0.23,47874.0,744.0,491.0
MPFL,5/20/2024,445.7,445.7,420.1,422.8,-3.25,33436.0,744.0,491.0
MPFL,5/21/2024,423.0,453.0,421.1,449.0,6.2,47503.0,744.0,491.0
MPFL,5/22/2024,450.0,469.0,448.0,460.0,2.45,119171.0,744.0,491.0
MPFL,5/26/2024,457.0,458.0,441.0,441.0,-4.13,42981.0,744.0,491.0
MPFL,5/27/2024,449.8,455.0,440.0,444.0,0.68,34058.0,744.0,491.0
MPFL,5/29/2024,452.8,453.0,437.2,440.0,-0.9,48122.0,744.0,491.0
MPFL,5/30/2024,448.8,463.0,432.4,453.0,2.95,94743.0,744.0,491.0
MPFL,6/2/2024,445.5,498.3,445.5,498.3,10.0,207396.0,744.0,491.0
MPFL,6/3/2024,508.2,535.5,487.0,498.0,-0.06,168183.0,744.0,491.0
MPFL,6/4/2024,488.1,511.0,481.5,498.0,0.0,90657.0,744.0,491.0
MPFL,6/5/2024,489.0,527.3,480.0,490.9,-1.43,85429.0,744.0,491.0
MPFL,6/6/2024,496.0,496.0,478.3,485.0,-1.2,70633.0,744.0,491.0
MPFL,6/9/2024,481.0,489.9,473.0,475.9,-1.88,51483.0,744.0,491.0
MPFL,6/10/2024,471.2,490.0,471.2,477.2,0.27,47828.0,744.0,491.0
MPFL,6/11/2024,484.7,517.8,480.1,515.8,8.09,169687.0,744.0,491.0
MPFL,6/12/2024,525.0,529.0,500.9,515.0,-0.16,139904.0,744.0,491.0
MPFL,6/13/2024,525.0,525.0,502.0,503.0,-2.33,137376.0,744.0,491.0
MPFL,6/16/2024,513.0,514.0,498.0,500.0,-0.6,85923.0,744.0,491.0
MPFL,6/18/2024,491.1,503.9,491.1,494.0,-1.2,61775.0,744.0,491.0
MPFL,6/19/2024,503.0,515.0,490.0,506.0,2.43,120844.0,744.0,491.0
MPFL,6/20/2024,516.0,518.0,496.0,506.5,0.1,157330.0,744.0,491.0
MPFL,6/23/2024,513.9,523.8,505.0,516.0,1.88,164934.0,744.0,491.0
MPFL,6/24/2024,518.0,537.0,511.0,529.0,2.52,196464.0,744.0,491.0
MPFL,6/25/2024,539.5,542.0,520.0,524.0,-0.95,96129.0,744.0,491.0
MPFL,6/26/2024,530.0,530.0,513.2,513.2,-2.06,72001.0,744.0,491.0
MPFL,6/27/2024,523.4,527.0,511.4,513.1,-0.02,68967.0,744.0,491.0
MPFL,6/30/2024,514.0,522.0,510.0,510.0,-0.6,60613.0,744.0,491.0
MPFL,7/1/2024,516.0,516.0,507.8,510.0,0.0,36480.0,744.0,491.0
MPFL,7/2/2024,520.2,541.2,511.0,515.0,0.98,56721.0,744.0,491.0
MPFL,7/3/2024,520.0,550.0,513.0,538.0,4.47,166056.0,744.0,491.0
MPFL,7/4/2024,545.0,551.0,526.0,526.1,-2.21,105577.0,744.0,491.0
MPFL,7/7/2024,530.0,533.0,516.7,517.5,-1.63,59551.0,744.0,491.0
MPFL,7/8/2024,517.5,529.9,517.5,520.5,0.58,42925.0,744.0,491.0
MPFL,7/9/2024,527.0,539.0,522.0,525.0,0.86,40722.0,744.0,491.0
MPFL,7/10/2024,530.0,535.0,521.0,523.0,-0.38,38346.0,744.0,491.0
MPFL,7/11/2024,532.9,532.9,517.0,520.0,-0.57,50476.0,744.0,491.0
MPFL,7/14/2024,530.4,550.0,523.0,524.0,0.77,35145.0,744.0,491.0
MPFL,7/15/2024,534.4,542.0,520.0,529.5,1.05,100207.0,744.0,491.0
MPFL,7/16/2024,539.0,543.9,533.0,542.5,2.46,72823.0,744.0,491.0
MPFL,7/17/2024,552.9,593.9,545.2,591.0,8.94,136869.0,744.0,491.0
MPFL,7/18/2024,602.8,602.8,570.0,579.0,-2.03,88887.0,744.0,491.0
MPFL,7/21/2024,579.0,602.5,572.5,588.0,1.55,118420.0,744.0,491.0
MPFL,7/22/2024,585.2,619.5,578.1,601.2,2.24,107773.0,744.0,491.0
MPFL,7/23/2024,610.0,619.0,602.0,615.5,2.38,50289.0,744.0,491.0
MPFL,7/24/2024,616.1,640.0,607.0,620.0,0.73,83974.0,744.0,491.0
MPFL,7/25/2024,621.0,637.5,614.5,616.0,-0.65,80926.0,744.0,491.0
MPFL,7/28/2024,625.0,636.0,603.7,616.0,0.0,53152.0,744.0,491.0
MPFL,7/29/2024,628.0,628.0,600.5,603.0,-2.11,59960.0,744.0,491.0
MPFL,7/30/2024,610.0,637.0,605.1,630.0,4.48,133309.0,744.0,491.0
MPFL,7/31/2024,642.6,693.0,628.2,692.5,9.92,139276.0,744.0,491.0
MPFL,8/1/2024,695.0,729.3,666.0,675.0,-2.53,101297.0,744.0,491.0
MPFL,8/5/2024,677.0,677.0,643.0,655.0,-2.96,83755.0,744.0,491.0
MPFL,8/6/2024,668.0,668.0,600.1,603.0,-7.94,178436.0,744.0,491.0
MPFL,8/7/2024,605.0,663.3,602.0,656.0,8.79,123941.0,744.0,491.0
MPFL,8/8/2024,656.0,669.0,633.0,640.0,-2.44,76097.0,744.0,491.0
MPFL,8/11/2024,640.0,665.0,638.0,653.0,2.03,81435.0,744.0,491.0
MPFL,8/12/2024,666.0,685.0,655.0,664.0,1.68,93074.0,744.0,491.0
MPFL,8/13/2024,665.0,708.0,660.0,675.0,1.66,137055.0,744.0,491.0
MPFL,8/14/2024,686.0,725.0,676.3,720.0,6.67,132471.0,744.0,491.0
MPFL,8/15/2024,734.4,762.9,698.9,704.0,-2.22,113999.0,744.0,491.0
MPFL,8/18/2024,690.0,774.4,676.2,774.4,10.0,455954.0,744.0,491.0
MPFL,8/21/2024,789.8,851.8,789.8,851.8,9.99,109222.0,744.0,491.0
MPFL,8/22/2024,868.0,936.9,868.0,888.0,4.25,181366.0,744.0,491.0
MPFL,8/25/2024,899.0,930.0,820.0,846.0,-4.73,325862.0,744.0,491.0
MPFL,8/27/2024,830.0,861.4,790.0,810.0,-4.26,115001.0,744.0,491.0
MPFL,8/28/2024,826.0,840.0,765.0,770.0,-4.94,102229.0,744.0,491.0
MPFL,8/29/2024,770.0,794.7,756.0,764.9,-0.66,130775.0,744.0,491.0
MPFL,9/1/2024,780.1,780.1,722.0,725.5,-5.15,109172.0,744.0,491.0
MPFL,9/2/2024,740.0,798.0,719.0,798.0,9.99,143578.0,744.0,491.0
MPFL,9/3/2024,813.9,843.9,790.0,794.1,-0.49,99294.0,744.0,491.0
MPFL,9/4/2024,790.0,815.0,745.5,749.0,-5.68,108506.0,744.0,491.0
MPFL,9/5/2024,757.9,789.0,721.0,753.0,0.53,75937.0,744.0,491.0
MPFL,9/8/2024,768.0,780.0,735.0,737.0,-2.12,52867.0,744.0,491.0
MPFL,9/9/2024,724.0,744.0,720.0,721.0,-2.17,46428.0,744.0,491.0
MPFL,9/10/2024,735.0,748.0,710.0,723.0,0.28,41198.0,744.0,491.0
MPFL,9/11/2024,720.0,740.0,712.0,719.0,-0.55,34909.0,744.0,491.0
MPFL,9/12/2024,733.0,742.0,716.0,733.0,1.95,40503.0,744.0,491.0
MPFL,9/15/2024,747.0,755.0,710.1,717.0,-2.18,66552.0,744.0,491.0
MPFL,9/16/2024,731.3,731.3,680.1,688.0,-4.04,67202.0,744.0,491.0
MPFL,9/18/2024,701.7,701.7,650.0,651.0,-5.38,51024.0,744.0,491.0
MPFL,9/22/2024,664.0,689.9,648.0,654.0,0.46,35786.0,744.0,491.0
MPFL,9/23/2024,667.0,667.0,610.0,619.0,-5.35,62706.0,744.0,491.0
MPFL,9/24/2024,616.0,625.0,579.0,585.0,-5.49,51381.0,744.0,491.0
MPFL,9/25/2024,575.0,615.0,549.0,606.0,3.59,47634.0,744.0,491.0
MPFL,9/26/2024,614.0,615.0,590.0,591.2,-2.44,44303.0,744.0,491.0
MPFL,9/29/2024,593.0,596.7,570.0,590.0,-0.2,21263.0,744.0,491.0
MPFL,9/30/2024,601.0,622.0,591.1,620.0,5.08,36423.0,744.0,491.0
MPFL,10/1/2024,610.0,682.0,610.0,682.0,10.0,75801.0,744.0,491.0
MPFL,10/2/2024,695.0,715.0,673.3,689.0,1.03,72727.0,744.0,491.0
MPFL,10/6/2024,680.0,729.9,680.0,727.5,5.59,45136.0,744.0,491.0
MPFL,10/7/2024,735.2,755.3,713.0,718.0,-1.31,47882.0,744.0,491.0
MPFL,10/8/2024,732.3,732.3,690.0,698.0,-2.79,26494.0,744.0,491.0
MPFL,10/9/2024,695.0,709.9,686.1,695.0,-0.43,31812.0,744.0,491.0
MPFL,10/15/2024,708.9,764.0,695.0,759.8,9.32,113270.0,744.0,491.0
MPFL,10/16/2024,774.9,806.0,761.9,785.0,3.32,88695.0,744.0,491.0
MPFL,10/17/2024,792.0,795.0,761.1,771.0,-1.78,45283.0,744.0,491.0
MPFL,10/20/2024,783.7,783.7,732.0,745.0,-3.37,94313.0,744.0,491.0
MPFL,10/21/2024,752.0,752.0,710.3,712.0,-4.43,70865.0,744.0,491.0
MPFL,10/22/2024,718.0,746.9,718.0,746.0,4.78,53300.0,744.0,491.0
MPFL,10/23/2024,744.0,788.4,744.0,748.0,0.27,82935.0,744.0,491.0
MPFL,10/24/2024,746.0,759.5,733.0,734.0,-1.87,40300.0,744.0,491.0
MPFL,10/27/2024,724.0,752.7,724.0,743.3,1.27,51599.0,744.0,491.0
MPFL,10/28/2024,758.1,779.0,744.2,775.0,4.26,61688.0,744.0,491.0
MPFL,10/29/2024,776.0,797.0,759.5,774.0,-0.13,47421.0,744.0,491.0
MPFL,10/30/2024,785.0,785.0,745.0,745.0,-3.75,89924.0,744.0,491.0
MPFL,11/5/2024,745.0,769.9,739.0,750.0,0.67,27855.0,744.0,491.0
MPFL,11/6/2024,765.0,771.0,744.0,755.0,0.67,29695.0,744.0,491.0
MPFL,11/10/2024,755.0,777.0,755.0,770.0,1.99,44521.0,744.0,491.0
MPFL,11/11/2024,784.0,790.0,751.0,752.0,-2.34,56855.0,744.0,491.0
MPFL,11/12/2024,767.0,775.0,754.0,764.5,1.66,56814.0,744.0,491.0
MPFL,11/13/2024,779.7,816.0,768.0,808.9,5.81,163877.0,744.0,491.0
MPFL,11/14/2024,825.0,839.4,811.0,824.0,1.87,92991.0,744.0,491.0
MPFL,11/17/2024,830.0,830.0,805.0,807.0,-2.06,108702.0,744.0,491.0
MPFL,11/19/2024,823.1,830.0,790.0,795.0,-1.49,101759.0,744.0,491.0
MPFL,11/20/2024,810.9,818.0,780.0,814.0,2.39,47109.0,744.0,491.0
MPFL,11/21/2024,801.0,830.0,788.0,788.0,-3.19,54240.0,744.0,491.0
MPFL,11/24/2024,788.0,804.0,778.0,778.0,-1.27,41106.0,744.0,491.0
MPFL,11/25/2024,793.5,809.2,787.1,798.0,2.57,51655.0,744.0,491.0
MPFL,11/26/2024,813.0,813.0,796.8,804.0,0.75,39637.0,744.0,491.0
MPFL,11/27/2024,810.0,819.9,802.5,809.2,0.65,60147.0,744.0,491.0
MPFL,11/28/2024,825.3,825.3,790.1,793.0,-2.0,37808.0,744.0,491.0
MPFL,12/1/2024,777.2,795.0,777.2,780.0,-1.64,33305.0,744.0,491.0
MPFL,12/2/2024,795.6,805.0,761.0,768.0,-1.54,55363.0,744.0,491.0
MPFL,12/3/2024,783.3,807.8,768.2,782.0,1.82,44178.0,744.0,491.0
MPFL,12/4/2024,797.0,805.0,775.0,775.1,-0.88,21001.0,744.0,491.0
MPFL,12/5/2024,786.9,786.9,745.0,757.0,-2.34,32458.0,744.0,491.0
MPFL,12/8/2024,770.0,770.0,730.1,737.0,-2.64,32456.0,744.0,491.0
MPFL,12/9/2024,751.7,751.7,720.0,743.0,0.81,34968.0,744.0,491.0
MPFL,12/10/2024,757.0,757.5,731.0,735.1,-1.06,10740.0,744.0,491.0
MPFL,12/11/2024,747.9,759.0,735.0,758.0,3.12,28553.0,744.0,491.0
MPFL,12/12/2024,760.0,770.0,735.0,740.0,-2.37,14510.0,744.0,491.0
MPFL,12/16/2024,730.0,735.0,706.0,719.0,-2.84,37657.0,744.0,491.0
MPFL,12/17/2024,706.0,724.0,706.0,715.0,-0.56,20198.0,744.0,491.0
MPFL,12/18/2024,729.0,729.0,712.1,721.0,0.84,14599.0,744.0,491.0
MPFL,12/19/2024,729.0,729.0,696.0,696.0,-3.47,23874.0,744.0,491.0
MPFL,12/22/2024,709.9,710.0,671.3,682.0,-2.01,23443.0,744.0,491.0
MPFL,12/23/2024,695.6,699.0,675.2,697.1,2.21,10412.0,744.0,491.0
MPFL,12/24/2024,704.0,717.2,702.2,710.0,1.85,32202.0,744.0,491.0
MPFL,12/26/2024,699.0,726.8,684.2,685.0,-3.52,19763.0,744.0,491.0
MPFL,12/29/2024,673.0,695.0,649.8,651.0,-4.96,29180.0,744.0,491.0
MPFL,12/31/2024,638.0,650.0,595.0,600.0,-7.83,55667.0,744.0,491.0
MPFL,1/1/2025,611.9,660.0,603.2,643.9,7.32,26867.0,744.0,491.0
MPFL,1/2/2025,656.7,675.0,647.0,668.3,3.79,36727.0,744.0,491.0
MPFL,1/5/2025,678.0,678.0,666.0,673.0,0.7,16136.0,744.0,491.0
MPFL,1/6/2025,678.0,686.3,665.0,684.1,1.65,16827.0,744.0,491.0
MPFL,1/7/2025,697.0,706.8,685.0,701.0,2.47,26927.0,744.0,491.0
MPFL,1/8/2025,714.9,749.0,703.0,725.0,3.42,46363.0,744.0,491.0
MPFL,1/9/2025,725.0,729.0,702.8,709.0,-2.21,32738.0,744.0,491.0
MPFL,1/12/2025,695.0,708.0,685.0,686.0,-3.24,25761.0,744.0,491.0
MPFL,1/13/2025,677.1,697.0,665.0,671.0,-2.19,36117.0,744.0,491.0
MPFL,1/15/2025,684.4,696.0,642.0,649.0,-3.28,37695.0,744.0,491.0
MPFL,1/16/2025,661.9,675.0,616.1,634.0,-2.31,38416.0,744.0,491.0
MPFL,1/19/2025,646.6,656.5,624.1,647.0,2.05,32758.0,744.0,491.0
MPFL,1/20/2025,659.9,659.9,632.1,637.0,-1.55,20000.0,744.0,491.0
MPFL,1/21/2025,648.0,648.0,616.1,616.1,-3.28,20791.0,744.0,491.0
MPFL,1/22/2025,628.4,640.0,623.0,624.0,1.28,28599.0,744.0,491.0
MPFL,1/23/2025,636.4,636.4,615.0,617.0,-1.12,28240.0,744.0,491.0
MPFL,1/26/2025,629.3,629.3,588.9,597.0,-3.24,54596.0,744.0,491.0
MPFL,1/27/2025,605.0,635.0,581.2,618.9,3.67,63589.0,744.0,491.0
MPFL,1/28/2025,631.2,647.0,615.3,645.0,4.22,41304.0,744.0,491.0
MPFL,2/2/2025,644.0,664.0,635.0,662.0,2.64,41139.0,744.0,491.0
MPFL,2/3/2025,662.0,672.0,647.0,648.0,-2.11,36319.0,744.0,491.0
MPFL,2/4/2025,659.0,659.0,632.0,632.5,-2.39,16351.0,744.0,491.0
MPFL,2/5/2025,620.0,670.0,620.0,669.8,5.9,51530.0,744.0,491.0
MPFL,2/6/2025,683.1,736.7,677.0,703.0,4.96,97499.0,744.0,491.0
MPFL,2/9/2025,717.0,754.0,687.0,738.0,4.98,104229.0,744.0,491.0
MPFL,2/10/2025,752.7,775.0,715.0,715.0,-3.12,125314.0,744.0,491.0
MPFL,2/11/2025,729.0,743.0,716.4,723.0,1.12,40006.0,744.0,491.0
MPFL,2/12/2025,737.0,759.8,725.1,747.0,3.32,60963.0,744.0,491.0
MPFL,2/13/2025,761.2,773.1,736.0,740.0,-0.94,98369.0,744.0,491.0
MPFL,2/16/2025,739.1,759.9,732.0,746.0,0.81,60132.0,744.0,491.0
MPFL,2/17/2025,760.2,760.2,723.0,725.0,-2.82,60841.0,744.0,491.0
MPFL,2/18/2025,739.0,739.0,708.0,716.3,-1.2,38371.0,744.0,491.0
MPFL,2/20/2025,730.0,738.9,706.0,720.0,0.52,31465.0,744.0,491.0
MPFL,2/23/2025,706.0,734.0,706.0,712.1,-1.1,39329.0,744.0,491.0
MPFL,2/24/2025,726.0,726.0,705.0,708.2,-0.55,24207.0,744.0,491.0
MPFL,2/25/2025,722.0,722.0,692.0,698.0,-1.44,23982.0,744.0,491.0
MPFL,2/27/2025,698.0,715.0,685.0,709.0,1.58,30531.0,744.0,491.0
MPFL,3/2/2025,723.0,729.8,709.0,725.0,2.26,39599.0,744.0,491.0
MPFL,3/3/2025,739.0,740.0,715.0,719.0,-0.83,40388.0,744.0,491.0
MPFL,3/4/2025,724.0,724.0,698.0,704.0,-2.09,26803.0,744.0,491.0
MPFL,3/5/2025,718.0,718.0,685.0,687.0,-2.41,21572.0,744.0,491.0
MPFL,3/6/2025,699.0,700.6,685.0,686.0,-0.15,24016.0,744.0,491.0
MPFL,3/9/2025,680.2,690.0,674.0,675.0,-1.6,16465.0,744.0,491.0
MPFL,3/10/2025,688.5,702.2,674.0,677.0,0.3,13697.0,744.0,491.0
MPFL,3/11/2025,690.4,690.4,669.0,671.9,-0.75,21915.0,744.0,491.0
MPFL,3/12/2025,670.0,679.9,666.0,666.9,-0.74,19278.0,744.0,491.0
MPFL,3/16/2025,668.0,676.5,644.0,646.0,-3.13,17488.0,744.0,491.0
MPFL,3/17/2025,653.8,670.0,650.0,652.0,0.93,10190.0,744.0,491.0
MPFL,3/18/2025,665.0,665.0,651.0,655.0,0.46,10072.0,744.0,491.0
MPFL,3/19/2025,664.9,664.9,645.1,649.0,-0.92,7182.0,744.0,491.0
MPFL,3/20/2025,648.0,650.0,630.0,634.85,-2.18,19145.0,744.0,491.0
MPFL,3/23/2025,635.0,635.0,610.0,611.35,-3.7,29333.0,744.0,491.0
MPFL,3/24/2025,600.1,641.9,600.1,631.13,3.24,37207.0,744.0,491.0
MPFL,3/25/2025,630.0,631.1,609.0,612.11,-3.01,26991.0,744.0,491.0
MPFL,3/26/2025,624.3,632.0,614.0,629.3,2.81,13148.0,744.0,491.0
MPFL,3/27/2025,630.0,645.0,630.0,640.02,1.7,14717.0,744.0,491.0
MPFL,3/30/2025,630.0,658.9,630.0,643.68,0.57,40557.0,744.0,491.0
MPFL,4/1/2025,655.9,655.9,630.0,632.91,-1.67,15983.0,744.0,491.0
MPFL,4/2/2025,637.0,679.0,630.0,661.95,4.59,29321.0,744.0,491.0
MPFL,4/3/2025,674.0,674.0,642.1,646.99,-2.26,18291.0,744.0,491.0
MPFL,4/7/2025,640.1,645.0,626.1,628.63,-2.84,20700.0,744.0,491.0
MPFL,4/8/2025,628.0,634.0,617.1,630.79,0.34,18640.0,744.0,491.0
MPFL,4/9/2025,643.0,643.0,631.0,633.56,0.44,10025.0,744.0,491.0
MPFL,4/10/2025,645.0,645.0,628.0,630.06,-0.55,10279.0,744.0,491.0
MPFL,4/13/2025,627.0,639.9,625.0,627.28,-0.44,5872.0,744.0,491.0
MPFL,4/15/2025,632.0,642.0,631.0,635.94,1.38,9664.0,744.0,491.0
MPFL,4/16/2025,629.1,634.5,611.0,628.79,-1.12,14116.0,744.0,491.0
MPFL,4/17/2025,626.0,650.0,626.0,636.68,1.25,12034.0,744.0,491.0
MPFL,4/20/2025,634.0,642.7,628.0,633.0,-0.58,7637.0,744.0,491.0
MPFL,4/21/2025,633.0,640.0,620.0,622.73,-1.62,8044.0,744.0,491.0
MPFL,4/22/2025,625.4,630.0,613.0,618.03,-0.75,13981.0,744.0,491.0
MPFL,4/23/2025,621.0,621.0,610.0,611.41,-1.07,11628.0,744.0,491.0
MPFL,4/24/2025,607.0,620.9,604.0,608.42,-0.49,19785.0,744.0,491.0
MPFL,4/27/2025,615.0,619.0,600.0,601.28,-1.17,20838.0,744.0,491.0
MPFL,4/28/2025,603.0,623.9,601.0,604.52,0.54,21574.0,744.0,491.0
MPFL,4/29/2025,615.9,615.9,600.0,600.65,-0.64,15498.0,744.0,491.0
MPFL,4/30/2025,597.2,605.0,595.0,596.51,-0.69,17630.0,744.0,491.0
MPFL,5/4/2025,604.0,604.0,580.1,586.61,-1.66,15899.0,744.0,491.0
MPFL,5/5/2025,581.6,581.6,568.4,569.79,-2.87,25682.0,744.0,491.0
MPFL,5/6/2025,572.8,573.0,558.2,560.56,-1.62,16497.0,744.0,491.0
MPFL,5/7/2025,571.7,603.9,550.0,598.93,6.84,23064.0,744.0,491.0
MPFL,5/8/2025,608.0,658.8,590.0,636.99,6.35,71634.0,744.0,491.0
MPFL,5/11/2025,649.7,649.7,611.1,613.93,-3.62,21174.0,744.0,491.0
MPFL,5/13/2025,610.0,619.0,588.0,590.88,-3.75,27810.0,744.0,491.0
MPFL,5/14/2025,584.1,634.9,580.1,594.91,0.68,22697.0,744.0,491.0
MPFL,5/15/2025,585.0,605.0,585.0,596.83,0.32,9285.0,744.0,491.0
MPFL,5/18/2025,607.0,607.0,588.6,589.46,-1.23,12551.0,744.0,491.0
MPFL,5/19/2025,601.0,612.5,598.0,599.59,1.72,16310.0,744.0,491.0
MPFL,5/20/2025,611.5,618.0,596.0,614.06,2.41,11412.0,744.0,491.0
MPFL,5/21/2025,626.3,651.0,604.0,607.63,-1.05,25252.0,744.0,491.0
MPFL,5/22/2025,610.0,612.0,600.1,603.14,-0.74,16352.0,744.0,491.0
MPFL,5/25/2025,604.0,614.9,600.0,601.67,-0.24,10139.0,744.0,491.0
MPFL,5/26/2025,613.7,620.0,596.0,598.62,-0.51,13736.0,744.0,491.0
MPFL,5/27/2025,593.0,600.5,587.0,589.83,-1.47,7941.0,744.0,491.0
MPFL,5/28/2025,590.0,613.7,590.0,594.51,0.79,10959.0,744.0,491.0
MPFL,6/2/2025,606.4,610.0,595.1,595.26,0.13,6619.0,744.0,491.0
MPFL,6/3/2025,591.2,600.0,587.5,589.28,-1.0,9109.0,744.0,491.0
MPFL,6/4/2025,598.9,599.0,580.0,583.43,-0.99,8770.0,744.0,491.0
MPFL,6/5/2025,591.9,591.9,575.0,577.46,-1.02,10202.0,744.0,491.0
MPFL,6/8/2025,588.0,589.0,569.0,572.01,-0.94,12570.0,744.0,491.0
MPFL,6/9/2025,580.0,584.1,577.0,578.78,1.18,4516.0,744.0,491.0
MPFL,6/10/2025,589.0,622.0,584.0,611.86,5.72,40267.0,744.0,491.0
MPFL,6/11/2025,615.0,616.0,595.0,595.59,-2.66,17947.0,744.0,491.0
MPFL,6/12/2025,590.0,615.0,585.0,599.89,0.72,16669.0,744.0,491.0
MPFL,6/15/2025,605.0,610.0,597.0,604.62,0.79,15401.0,744.0,491.0
MPFL,6/16/2025,601.2,611.0,600.1,602.22,-0.4,28645.0,744.0,491.0
MPFL,6/17/2025,602.1,605.5,595.1,596.04,-1.03,14869.0,744.0,491.0
MPFL,6/18/2025,594.5,600.0,590.0,590.27,-0.97,7894.0,744.0,491.0
MPFL,6/19/2025,590.7,600.9,581.7,582.92,-1.25,12225.0,744.0,491.0
MPFL,6/22/2025,590.0,592.0,573.0,574.73,-1.4,6748.0,744.0,491.0
MPFL,6/23/2025,577.1,583.0,577.1,580.61,1.02,5960.0,744.0,491.0
MPFL,6/24/2025,592.2,604.0,580.0,583.35,0.47,7147.0,744.0,491.0
MPFL,6/25/2025,594.8,594.8,577.0,577.92,-0.93,4550.0,744.0,491.0
MPFL,6/26/2025,585.0,595.0,575.1,575.95,-0.34,6178.0,744.0,491.0
MPFL,6/29/2025,587.4,587.4,573.2,577.6,0.29,5947.0,744.0,491.0
MPFL,6/30/2025,585.0,587.0,574.0,575.08,-0.44,7337.0,744.0,491.0
MPFL,7/1/2025,580.0,585.8,576.1,578.56,0.61,3776.0,744.0,491.0
MPFL,7/2/2025,589.9,603.0,578.6,591.78,2.28,13398.0,744.0,491.0
MPFL,7/3/2025,603.6,625.0,595.0,614.33,3.81,41580.0,744.0,491.0
MPFL,7/6/2025,615.1,641.0,611.0,615.75,0.23,53437.0,744.0,491.0
MPFL,7/7/2025,627.0,627.0,590.1,596.83,-3.07,23238.0,744.0,491.0
MPFL,7/8/2025,596.83,611.1,596.0,604.57,1.3,16864.0,744.0,491.0
MPFL,7/9/2025,606.0,607.0,596.6,601.48,-0.51,7073.0,744.0,491.0
MPFL,7/10/2025,613.5,613.5,601.0,604.54,0.51,10713.0,744.0,491.0
MPFL,7/13/2025,616.6,633.2,616.6,624.46,3.3,44786.0,744.0,491.0
MPFL,7/14/2025,624.0,633.0,622.0,628.5,0.65,26890.0,744.0,491.0
MPFL,7/15/2025,639.0,647.0,626.0,637.45,1.42,34673.0,744.0,491.0
MPFL,7/16/2025,624.8,653.0,624.8,642.2,0.75,35253.0,744.0,491.0
MPFL,7/17/2025,629.4,683.0,629.4,672.56,4.73,53205.0,744.0,491.0
MPFL,7/20/2025,660.1,681.0,645.1,649.71,-3.4,59779.0,744.0,491.0
MPFL,7/21/2025,641.0,657.1,633.6,649.43,-0.04,31620.0,744.0,491.0
MPFL,7/22/2025,660.0,664.9,653.0,662.79,2.06,26591.0,744.0,491.0
MPFL,7/23/2025,672.0,685.0,659.0,679.58,2.53,70536.0,744.0,491.0
MPFL,7/24/2025,691.0,691.0,667.3,670.55,-1.33,32119.0,744.0,491.0
MPFL,7/27/2025,677.0,677.0,650.8,659.96,-1.58,51236.0,744.0,491.0
MPFL,7/28/2025,670.0,677.0,645.0,669.88,1.5,34340.0,744.0,491.0
MPFL,7/29/2025,683.0,694.0,670.0,672.93,0.46,21423.0,744.0,491.0
MPFL,7/30/2025,673.0,676.9,654.0,656.6,-2.43,17738.0,744.0,491.0
MPFL,7/31/2025,646.0,679.8,646.0,658.23,0.25,39751.0,744.0,491.0
MPFL,8/3/2025,645.1,671.1,635.1,638.97,-2.93,24716.0,744.0,491.0
MPFL,8/4/2025,626.2,657.0,626.2,635.98,-0.47,12080.0,744.0,491.0
MPFL,8/5/2025,623.3,655.0,620.0,624.35,-1.83,12314.0,744.0,491.0
MPFL,8/6/2025,624.0,630.0,610.0,622.78,-0.25,21807.0,744.0,491.0
MPFL,8/7/2025,622.78,634.9,622.78,630.57,1.25,13111.0,744.0,491.0
MPFL,8/11/2025,627.1,643.0,627.1,632.78,0.35,23346.0,744.0,491.0
MPFL,8/12/2025,633.0,633.0,615.0,615.02,-2.81,13029.0,744.0,491.0
MPFL,8/13/2025,602.8,625.0,602.8,617.63,0.42,6917.0,744.0,491.0
MPFL,8/14/2025,629.9,629.9,612.0,613.36,-0.69,8874.0,744.0,491.0
MPFL,8/17/2025,625.0,625.0,603.1,604.62,-1.42,7269.0,744.0,491.0
MPFL,8/18/2025,604.0,613.9,602.0,605.76,0.19,13111.0,744.0,491.0
MPFL,8/19/2025,606.0,613.0,605.8,607.44,0.28,6510.0,744.0,491.0
MPFL,8/20/2025,605.0,610.0,600.0,601.01,-1.06,9170.0,744.0,491.0
MPFL,8/21/2025,601.0,609.8,595.0,596.27,-0.79,10182.0,744.0,491.0
MPFL,8/24/2025,594.0,607.0,585.0,594.98,-0.22,15131.0,744.0,491.0
MPFL,8/25/2025,600.0,600.0,587.0,590.5,-0.75,10315.0,744.0,491.0
MPFL,8/26/2025,600.9,600.9,590.0,591.2,0.12,5081.0,744.0,491.0
MPFL,8/27/2025,599.0,609.0,592.5,597.8,1.12,13692.0,744.0,491.0
MPFL,8/28/2025,600.1,616.0,588.0,591.02,-1.13,11131.0,744.0,491.0
MPFL,8/31/2025,600.0,600.0,580.6,582.28,-1.48,7967.0,744.0,491.0
MPFL,9/1/2025,588.0,588.0,580.0,583.38,0.19,9183.0,744.0,491.0
MPFL,9/2/2025,595.0,595.0,575.0,582.0,-0.24,8721.0,744.0,491.0
MPFL,9/3/2025,590.0,590.0,573.2,574.57,-1.28,5237.0,744.0,491.0
MPFL,9/4/2025,586.0,597.0,567.0,570.03,-0.79,11270.0,744.0,491.0
MPFL,9/7/2025,581.4,593.0,560.0,573.18,0.55,5331.0,744.0,491.0
MPFL,9/8/2025,584.0,584.0,561.8,565.57,-1.33,5100.0,744.0,491.0
MPFL,9/18/2025,555.0,555.0,509.1,525.0,-7.17,920.0,744.0,491.0
MPFL,9/21/2025,514.5,570.0,505.0,562.07,7.06,19377.0,744.0,491.0
MPFL,9/23/2025,571.9,579.0,565.2,574.8,2.26,12255.0,744.0,491.0
MPFL,9/24/2025,565.0,574.5,560.0,568.8,-1.04,6452.0,744.0,491.0
MPFL,9/25/2025,574.9,574.9,547.0,562.0,-1.2,5987.0,744.0,491.0
MPFL,9/28/2025,572.8,572.8,561.5,568.9,1.23,5041.0,744.0,491.0
MPFL,10/7/2025,569.0,569.0,548.0,549.2,-3.46,10564.0,744.0,491.0
MPFL,10/8/2025,550.0,561.0,510.0,548.8,-0.07,24595.0,744.0,491.0
MPFL,10/9/2025,559.0,580.0,542.0,550.0,0.22,30316.0,744.0,491.0
MPFL,10/12/2025,545.0,550.0,516.0,527.0,-4.18,19834.0,744.0,491.0
MPFL,10/13/2025,520.0,530.4,515.0,524.5,-0.47,12775.0,744.0,491.0
MPFL,10/14/2025,533.9,533.9,512.4,519.0,-1.05,5513.0,744.0,491.0
MPFL,10/15/2025,514.0,522.0,507.0,509.0,-1.93,6401.0,744.0,491.0
MPFL,10/16/2025,500.0,508.0,499.0,505.0,-0.79,9855.0,744.0,491.0
MPFL,10/19/2025,515.0,515.0,502.2,505.0,0.0,2440.0,744.0,491.0
MPFL,10/26/2025,505.0,505.0,491.0,498.0,-1.39,5750.0,744.0,491.0
MPFL,10/28/2025,507.7,517.9,504.0,513.0,3.01,6724.0,744.0,491.0
MPFL,10/29/2025,516.0,526.0,508.0,510.2,-0.55,17486.0,744.0,491.0
MPFL,10/30/2025,510.0,524.0,510.0,518.2,1.57,12793.0,744.0,491.0
MPFL,11/2/2025,523.8,550.0,523.8,549.0,5.94,35292.0,744.0,491.0
MPFL,11/3/2025,549.1,559.9,539.0,544.1,-0.89,21777.0,744.0,491.0
MPFL,11/4/2025,545.9,550.0,525.0,532.0,-2.22,13601.0,744.0,491.0
MPFL,11/5/2025,526.0,555.0,522.1,549.8,3.35,18191.0,744.0,491.0
MPFL,11/6/2025,555.0,570.0,551.0,561.0,2.04,38489.0,744.0,491.0
MPFL,11/9/2025,550.0,560.0,533.0,533.0,-4.99,17562.0,744.0,491.0
MPFL,11/10/2025,530.0,540.6,530.0,538.0,0.94,8032.0,744.0,491.0
MPFL,11/11/2025,538.0,549.5,530.0,540.1,0.39,7818.0,744.0,491.0
MPFL,11/12/2025,548.8,549.0,530.0,531.1,-1.67,12182.0,744.0,491.0
MPFL,11/13/2025,531.5,535.0,525.0,534.0,0.55,7866.0,744.0,491.0
MPFL,11/16/2025,534.0,535.0,528.0,529.0,-0.94,8959.0,744.0,491.0
MPFL,11/17/2025,526.2,536.5,526.2,530.0,0.19,3685.0,744.0,491.0
MPFL,11/18/2025,540.6,546.0,533.0,540.0,1.89,5176.0,744.0,491.0
MPFL,11/19/2025,547.0,547.0,532.0,535.1,-0.91,4167.0,744.0,491.0
MPFL,11/20/2025,525.0,545.5,525.0,540.0,0.92,8066.0,744.0,491.0
MPFL,11/23/2025,545.0,555.0,541.0,547.0,1.3,5973.0,744.0,491.0
MPFL,11/24/2025,555.0,559.8,548.0,550.3,0.6,10776.0,744.0,491.0
MPFL,11/25/2025,559.9,561.0,548.0,551.0,0.13,14348.0,744.0,491.0
MPFL,11/26/2025,560.0,560.0,544.1,555.0,0.73,3174.0,744.0,491.0
MPFL,11/27/2025,565.4,565.4,546.2,550.9,-0.74,5827.0,744.0,491.0
MPFL,11/30/2025,541.2,560.0,541.2,546.0,-0.89,5940.0,744.0,491.0
MPFL,12/1/2025,550.0,554.9,540.1,548.0,0.37,12434.0,744.0,491.0
MPFL,12/2/2025,537.1,556.0,537.1,552.6,0.84,15076.0,744.0,491.0
MPFL,12/3/2025,555.0,574.0,554.5,559.0,1.16,19307.0,744.0,491.0
MPFL,12/7/2025,568.9,575.0,554.0,560.0,0.18,38104.0,744.0,491.0
MPFL,12/8/2025,560.0,560.0,552.0,558.0,-0.36,13623.0,744.0,491.0
MPFL,12/9/2025,558.0,559.0,551.2,558.4,0.07,9989.0,744.0,491.0
MPFL,12/10/2025,568.5,568.5,542.1,547.5,-1.95,23636.0,744.0,491.0
MPFL,12/11/2025,550.0,550.0,543.6,544.2,-0.6,7214.0,744.0,491.0
MPFL,12/14/2025,555.0,555.0,536.0,536.3,-1.45,14329.0,744.0,491.0
MPFL,12/15/2025,541.0,573.0,539.0,555.2,3.52,22009.0,744.0,491.0
MPFL,12/16/2025,566.2,566.2,558.0,563.0,1.4,12618.0,744.0,491.0
MPFL,12/17/2025,574.2,595.0,564.0,585.0,3.91,80762.0,744.0,491.0
MPFL,12/18/2025,573.3,595.0,573.3,588.9,0.67,68094.0,744.0,491.0
MPFL,12/21/2025,584.0,585.0,564.0,564.6,-4.13,33482.0,744.0,491.0
MPFL,12/22/2025,554.0,575.0,554.0,566.0,0.25,49244.0,744.0,491.0
MPFL,12/23/2025,554.7,571.4,554.2,567.0,0.18,33600.0,744.0,491.0
MPFL,12/24/2025,555.7,587.5,555.7,573.0,1.06,41746.0,744.0,491.0
MPFL,12/28/2025,561.6,604.0,561.6,601.0,4.89,55283.0,744.0,491.0
MPFL,12/29/2025,589.0,618.2,589.0,607.0,1.0,77512.0,744.0,491.0
MPFL,12/31/2025,600.0,621.9,600.0,613.0,0.99,106324.0,744.0,491.0
MPFL,1/1/2026,602.0,616.0,602.0,606.1,-1.13,34355.0,744.0,491.0
MPFL,1/4/2026,595.1,624.9,595.1,615.0,1.47,60541.0,744.0,491.0
MPFL,1/5/2026,603.1,626.2,603.1,625.1,1.64,38173.0,744.0,491.0
MPFL,1/6/2026,612.9,647.0,612.9,641.0,2.54,42048.0,744.0,491.0
MPFL,1/7/2026,628.2,656.5,628.2,642.0,0.16,72004.0,744.0,491.0
MPFL,1/8/2026,654.8,654.8,636.1,640.0,-0.31,25498.0,744.0,491.0
MPFL,1/12/2026,627.2,645.0,627.2,632.1,-1.23,31424.0,744.0,491.0
MPFL,1/13/2026,619.5,634.9,618.0,622.1,-1.58,45413.0,744.0,491.0
MPFL,1/14/2026,610.0,658.0,610.0,652.0,4.81,142779.0,744.0,491.0
MPFL,1/18/2026,645.0,677.8,645.0,675.0,3.53,99598.0,744.0,491.0
MPFL,1/20/2026,665.0,685.0,658.0,668.0,-1.04,79351.0,744.0,491.0
MPFL,1/21/2026,658.0,671.0,645.0,650.4,-2.63,55583.0,744.0,491.0
MPFL,1/22/2026,639.0,674.0,639.0,673.7,3.58,72481.0,744.0,491.0
MPFL,1/25/2026,661.1,686.0,661.1,680.0,0.94,40611.0,744.0,491.0
MPFL,1/26/2026,669.0,680.0,667.0,675.8,-0.62,49791.0,744.0,491.0
MPFL,1/27/2026,666.0,686.0,642.0,644.0,-4.71,76813.0,744.0,491.0
MPFL,1/28/2026,640.0,673.2,640.0,665.0,3.26,39605.0,744.0,491.0
MPFL,1/29/2026,660.0,672.9,634.1,639.9,-3.77,47141.0,744.0,491.0
MPFL,2/1/2026,630.0,649.0,625.0,642.0,0.33,29265.0,744.0,491.0
MPFL,2/2/2026,635.0,652.0,630.1,637.0,-0.78,20657.0,744.0,491.0
MPFL,2/3/2026,625.0,648.0,625.0,640.0,0.47,35117.0,744.0,491.0
MPFL,2/4/2026,630.0,650.0,630.0,642.9,0.45,29279.0,744.0,491.0
MPFL,2/5/2026,632.0,676.0,632.0,657.0,2.19,47607.0,744.0,491.0
MPFL,2/8/2026,644.0,669.0,644.0,657.0,0.0,69365.0,744.0,491.0
MPFL,2/9/2026,660.0,660.0,630.0,630.0,-4.11,26416.0,744.0,491.0
MPFL,2/10/2026,625.0,650.0,625.0,633.9,0.62,16440.0,744.0,491.0
MPFL,2/11/2026,645.0,645.0,625.0,625.0,-1.4,18360.0,744.0,491.0
MPFL,2/12/2026,626.0,637.0,613.5,630.0,0.8,22757.0,744.0,491.0
MPFL,2/16/2026,625.0,639.0,615.1,618.0,-1.9,12732.0,744.0,491.0
MPFL,2/17/2026,610.0,624.0,603.6,610.0,-1.29,21452.0,744.0,491.0
MPFL,2/22/2026,611.0,623.0,588.0,623.0,2.13,20461.0,744.0,491.0
MPFL,2/23/2026,615.0,620.0,602.7,614.0,-1.44,11720.0,744.0,491.0
MPFL,2/24/2026,602.5,615.0,602.5,614.0,0.0,3645.0,744.0,491.0
MPFL,2/25/2026,603.0,622.2,603.0,614.9,0.15,6845.0,744.0,491.0
MPFL,2/26/2026,603.0,620.9,603.0,618.5,0.59,5215.0,744.0,491.0
MPFL,2/27/2026,603.0,620.9,603.0,618.5,0.0,5215.0,744.0,491.0
MPFL,2/28/2026,603.0,620.9,603.0,618.5,0.0,5215.0,744.0,491.0
MPFL,3/2/2026,610.0,639.0,610.0,637.8,3.12,30649.0,744.0,491.0
MPFL,3/3/2026,637.8,672.0,634.0,648.0,1.6,32436.0,744.0,491.0
MPFL,3/4/2026,637.8,672.0,634.0,648.0,0.0,32436.0,744.0,491.0
MPFL,3/5/2026,637.8,672.0,634.0,648.0,0.0,32436.0,744.0,491.0
MPFL,3/6/2026,637.8,672.0,634.0,648.0,0.0,32436.0,744.0,491.0
MPFL,3/7/2026,637.8,672.0,634.0,648.0,0.0,32436.0,744.0,491.0
MPFL,3/8/2026,637.8,672.0,634.0,648.0,0.0,32436.0,744.0,491.0
MPFL,3/9/2026,648.0,700.0,648.0,700.0,8.02,60.0,744.0,491.0
MPFL,3/10/2026,713.0,713.0,652.7,668.0,-4.57,70931.0,744.0,491.0
MPFL,3/11/2026,667.0,680.2,660.1,672.0,0.6,56183.0,744.0,491.0
MPFL,3/12/2026,661.1,692.0,661.1,691.0,2.83,64719.0,744.0,491.0
MPFL,3/13/2026,661.1,692.0,661.1,691.0,0.0,64719.0,744.0,491.0
MPFL,3/14/2026,661.1,692.0,661.1,691.0,0.0,64719.0,744.0,491.0
MPFL,3/15/2026,700.0,725.0,678.0,725.0,4.92,151044.0,744.0,491.0
MPFL,3/16/2026,715.0,730.0,711.0,725.0,0.0,93748.0,744.0,491.0
MPFL,3/17/2026,715.0,730.0,700.0,728.5,0.48,116837.0,744.0,491.0
MPFL,3/18/2026,715.0,730.0,700.0,728.5,0.0,116837.0,744.0,491.0
MPFL,3/19/2026,728.5,728.5,700.0,725.0,-0.48,59952.0,744.0,491.0
MPFL,3/20/2026,728.5,728.5,700.0,725.0,0.0,59952.0,744.0,491.0
MPFL,3/21/2026,728.5,728.5,700.0,725.0,0.0,59952.0,744.0,491.0
MPFL,3/22/2026,723.0,735.0,711.0,725.0,0.0,99793.0,744.0,491.0
MPFL,3/23/2026,725.0,738.0,705.0,730.0,0.69,93027.0,744.0,491.0
MPFL,3/24/2026,744.0,744.0,711.0,724.1,-0.81,30705.0,744.0,491.0
MPFL,3/25/2026,715.0,729.0,705.3,705.3,-2.6,59551.0,744.0,491.0
MPFL,3/26/2026,719.4,719.4,698.1,719.0,-0.06,31689.0,744.0,491.0
MPFL,3/29/2026,725.0,725.0,667.0,690.0,-4.83,53723.0,744.0,491.0
MPFL,3/30/2026,690.0,698.0,642.0,656.0,-4.93,28928.0,744.0,491.0
MPFL,3/31/2026,645.0,670.0,643.0,650.4,0.84,38196.0,744.0,491.0
MPFL,4/1/2026,650.7,658.0,611.0,626.9,-3.66,28061.0,744.0,491.0
MPFL,4/2/2026,637.9,638.0,625.0,627.0,-1.71,16920.0,744.0,491.0
MPFL,4/5/2026,627.0,627.0,588.0,588.0,-6.22,33251.0,744.0,491.0
MPFL,4/6/2026,599.0,621.9,587.1,612.0,2.17,37061.0,744.0,491.0
MPFL,4/7/2026,624.0,630.0,613.7,620.0,-0.64,18976.0,744.0,491.0
MPFL,4/8/2026,624.9,632.0,614.2,627.0,0.34,18031.0,744.0,491.0
MPFL,4/9/2026,638.0,663.9,625.3,663.9,4.06,47871.0,744.0,491.0
MPFL,4/10/2026,651.2,675.0,651.2,664.2,2.0,55085.0,744.0,491.0
MPFL,4/13/2026,663.9,688.0,653.1,671.0,1.07,85211.0,744.0,491.0
MPFL,4/15/2026,668.0,693.0,668.0,675.0,1.05,41951.0,744.0,491.0
MPFL,4/16/2026,676.0,676.0,651.0,651.2,-3.67,20548.0,744.0,491.0
MPFL,4/17/2026,639.0,660.0,631.2,655.0,2.5,29472.0,744.0,491.0
MPFL,4/20/2026,625.0,679.0,625.0,646.6,3.46,6410.0,744.0,491.0
MPFL,4/21/2026,646.0,649.9,627.0,629.7,-2.52,23622.0,744.0,491.0
MPFL,4/22/2026,639.0,639.0,610.9,625.2,-2.16,20975.0,744.0,491.0
MPFL,4/23/2026,621.0,638.0,612.0,623.9,0.47,20140.0,744.0,491.0
MPFL,4/24/2026,606.0,624.0,606.0,624.0,2.97,12829.0,744.0,491.0
MPFL,4/27/2026,624.0,628.0,614.0,628.0,0.64,26663.0,744.0,491.0
MPFL,4/28/2026,628.0,631.0,615.0,615.0,-2.07,12823.0,744.0,491.0
MPFL,4/29/2026,615.0,616.0,608.0,609.0,-0.98,9251.0,744.0,491.0
MPFL,4/30/2026,602.9,610.0,590.0,609.9,1.16,16847.0,744.0,491.0
MPFL,5/4/2026,620.0,620.0,593.0,604.0,-2.58,10523.0,744.0,491.0
MPFL,5/5/2026,603.9,610.0,595.7,604.0,0.02,14600.0,744.0,491.0
MPFL,5/6/2026,605.0,610.0,600.0,603.9,-0.18,6873.0,744.0,491.0
MPFL,5/7/2026,608.0,609.9,603.5,604.9,-0.51,43784.0,744.0,491.0
MPFL,5/8/2026,605.0,618.0,602.1,617.0,1.98,16404.0,744.0,491.0
MPFL,5/11/2026,615.5,643.0,615.2,643.0,4.47,9004.0,744.0,491.0
MPFL,5/12/2026,643.0,643.0,610.0,610.0,-5.13,37966.0,744.0,491.0
MPFL,5/13/2026,612.0,612.0,596.1,609.0,-0.49,20557.0,744.0,491.0
MPFL,5/14/2026,625.8,625.8,596.3,605.0,-3.32,9764.0,744.0,491.0
MPFL,5/15/2026,605.0,618.0,605.0,614.0,1.49,9516.0,744.0,491.0
MPFL,5/18/2026,615.0,615.0,608.2,614.9,-0.02,4640.0,744.0,491.0
MPFL,5/19/2026,614.9,614.9,606.0,614.9,0.0,6428.0,744.0,491.0
MPFL,5/20/2026,624.0,624.0,608.0,619.8,-0.67,17575.0,744.0,491.0
MPFL,5/21/2026,618.0,625.0,608.1,613.0,-0.81,9396.0,744.0,491.0
MPFL,5/22/2026,596.0,619.5,596.0,619.5,3.94,10390.0,744.0,491.0
MPFL,5/25/2026,624.9,629.0,613.0,625.0,0.02,5617.0,744.0,491.0
MPFL,5/26/2026,628.9,628.9,616.0,619.9,-1.43,7880.0,744.0,491.0
MPFL,5/27/2026,616.2,623.0,610.1,620.9,0.76,9601.0,744.0,491.0
MPFL,6/1/2026,609.0,622.9,607.1,610.2,0.2,17162.0,744.0,491.0
MPFL,6/2/2026,615.0,665.0,615.0,660.1,7.33,123061.0,744.0,491.0
MPFL,6/3/2026,643.0,679.0,637.3,650.0,1.09,33610.0,744.0,491.0
MPFL,6/4/2026,641.0,667.0,634.0,634.0,-1.09,44967.0,744.0,491.0
MPFL,6/5/2026,634.0,659.0,634.0,642.0,1.26,70599.0,744.0,491.0
MPFL,6/8/2026,645.0,655.0,635.0,655.0,1.55,37528.0,744.0,491.0
MPFL,6/9/2026,650.0,650.0,625.5,645.0,-0.77,51450.0,744.0,491.0
MPFL,6/10/2026,640.0,654.8,640.0,648.0,1.25,38667.0,744.0,491.0
MPFL,6/11/2026,643.1,650.0,633.0,640.0,-0.48,25586.0,744.0,491.0
MPFL,6/12/2026,621.0,644.0,621.0,630.0,1.45,31170.0,744.0,491.0
MPFL,6/15/2026,620.0,638.6,620.0,632.2,1.97,30907.0,744.0,491.0
MPFL,6/16/2026,620.0,633.8,611.3,618.0,-0.32,28459.0,744.0,491.0
MPFL,6/17/2026,600.0,624.0,600.0,618.8,3.13,36424.0,744.0,491.0
MPFL,6/18/2026,610.0,618.0,610.0,613.0,0.49,6491.0,744.0,491.0
MPFL,6/19/2026,610.0,620.0,610.0,612.0,0.33,10824.0,744.0,491.0
MPFL,6/22/2026,600.0,625.0,600.0,610.0,1.67,8788.0,744.0,491.0
MPFL,6/23/2026,592.0,624.9,592.0,612.9,3.53,24064.0,744.0,491.0
MPFL,6/24/2026,585.0,620.5,585.0,615.0,5.13,25176.0,744.0,491.0
MPFL,6/26/2026,602.0,617.0,602.0,615.5,2.24,5759.0,744.0,491.0
MPFL,6/29/2026,610.0,614.9,605.3,613.9,0.64,9967.0,744.0,491.0
MPFL,6/30/2026,600.0,611.8,600.0,605.0,0.83,29052.0,744.0,491.0
MPFL,7/1/2026,590.0,620.0,590.0,610.0,3.39,7782.0,744.0,491.0
MPFL,7/2/2026,600.0,613.5,600.0,612.0,2.0,3924.0,744.0,491.0
MPFL,7/3/2026,602.0,620.0,602.0,619.0,2.82,8351.0,744.0,491.0
MPFL,7/6/2026,605.0,619.0,605.0,617.6,2.08,13469.0,744.0,491.0
MPFL,7/7/2026,607.0,623.0,607.0,622.8,2.6,5306.0,744.0,491.0
MPFL,7/8/2026,620.0,620.0,605.6,619.7,-0.05,17295.0,744.0,491.0
MPFL,7/9/2026,610.0,610.0,600.0,605.0,-0.82,7597.0,744.0,491.0
MPFL,7/10/2026,591.0,610.0,591.0,609.9,3.2,12428.0,744.0,491.0
MPFL,7/13/2026,600.0,608.9,593.5,599.9,-0.02,6143.0,744.0,491.0
MPFL,7/14/2026,605.0,605.0,590.1,594.8,-1.69,17189.0,744.0,491.0
MPFL,7/15/2026,606.2,606.2,598.0,600.0,-1.02,3665.0,744.0,491.0
MPFL,7/16/2026,600.0,604.0,593.0,594.0,-1.0,2831.0,744.0,491.0
MPFL,7/17/2026,607.9,620.0,596.6,619.9,1.97,8140.0,744.0,491.0
MPFL,7/20/2026,620.0,630.0,613.2,626.8,1.1,5810.0,744.0,491.0
MPFL,7/21/2026,626.0,626.0,611.0,622.0,-0.64,11756.0,744.0,491.0
MPFL,7/22/2026,600.0,630.0,600.0,621.8,3.63,13077.0,744.0,491.0
MPFL,7/23/2026,610.0,626.0,606.0,625.0,2.46,22732.0,744.0,491.0
MPFL,7/24/2026,610.0,635.0,610.0,626.9,2.77,11805.0,744.0,491.0
MPFL,7/27/2026,610.0,628.9,610.0,624.7,2.41,22404.0,744.0,491.0
MPFL,7/28/2026,615.0,622.5,613.5,622.3,1.19,11471.0,744.0,491.0
MPFL,7/29/2026,653.0,653.0,611.1,621.0,-4.9,3483.0,744.0,491.0
MPFL,7/30/2026,610.0,623.8,610.0,618.3,1.36,3992.0,744.0,491.0
MPFL,7/31/2026,607.0,619.7,607.0,619.7,2.09,3811.0,744.0,491.0
MPFL,8/3/2026,625.0,629.6,612.5,612.5,-2.0,5730.0,744.0,491.0
MPFL,8/4/2026,605.0,619.9,605.0,614.8,1.62,6922.0,744.0,491.0
MPFL,8/5/2026,600.0,617.0,582.0,615.0,2.5,8654.0,744.0,491.0
MPFL,8/6/2026,606.0,615.0,606.0,611.0,0.83,7322.0,744.0,491.0
MPFL,8/7/2026,601.1,613.0,601.1,613.0,1.98,7828.0,744.0,491.0
MPFL,8/10/2026,610.0,616.0,610.0,616.0,0.98,9050.0,744.0,491.0
MPFL,8/11/2026,615.0,623.6,612.0,623.6,1.4,8431.0,744.0,491.0
MPFL,8/12/2026,618.0,628.0,615.0,624.0,0.97,15931.0,744.0,491.0
MPFL,8/13/2026,610.0,635.0,610.0,632.5,3.69,26581.0,744.0,491.0
MPFL,8/14/2026,638.0,638.0,630.3,633.3,-0.74,19938.0,744.0,491.0
MPFL,8/17/2026,637.0,637.0,621.1,627.0,-1.57,7179.0,744.0,491.0
MPFL,8/18/2026,627.0,627.0,620.0,622.0,-0.8,4134.0,744.0,491.0
MPFL,8/19/2026,614.0,620.0,612.0,615.0,0.16,11927.0,744.0,491.0
MPFL,8/20/2026,610.0,620.8,608.0,614.0,0.66,4737.0,744.0,491.0
MPFL,8/21/2026,610.2,621.9,606.5,610.8,0.1,2293.0,744.0,491.0
MPFL,8/24/2026,615.0,615.0,603.0,608.0,-1.14,6060.0,744.0,491.0
MPFL,8/25/2026,607.0,607.0,601.0,604.0,-0.49,2069.0,744.0,491.0
MPFL,8/26/2026,600.1,600.1,580.0,599.0,-0.18,10667.0,744.0,491.0
MPFL,8/27/2026,583.3,599.8,583.2,597.6,2.45,7085.0,744.0,491.0
MPFL,8/31/2026,595.0,595.0,580.0,586.0,-1.51,3609.0,744.0,491.0
MPFL,9/1/2026,580.0,590.0,577.0,583.3,0.57,3569.0,744.0,491.0
MPFL,9/2/2026,581.0,589.9,581.0,585.1,0.71,9314.0,744.0,491.0
MPFL,9/3/2026,594.9,594.9,585.1,589.6,-0.89,2316.0,744.0,491.0
MPFL,9/7/2026,584.1,600.0,584.1,595.0,1.87,2600.0,744.0,491.0
MPFL,9/9/2026,585.2,586.0,582.0,585.0,-0.03,2749.0,744.0,491.0
MPFL,9/10/2026,597.8,597.8,545.0,569.5,-4.73,16800.0,744.0,491.0
MPFL,9/11/2026,570.0,571.0,535.0,537.0,-5.79,21137.0,744.0,491.0
MPFL,9/14/2026,537.0,569.0,537.0,565.0,5.21,31611.0,744.0,491.0
MPFL,9/15/2026,592.0,620.0,567.0,620.0,4.73,26160.0,744.0,491.0
MPFL,9/16/2026,618.0,618.0,570.0,594.9,-3.74,18141.0,744.0,491.0
MPFL,9/17/2026,595.0,610.0,587.0,598.8,0.64,20380.0,744.0,491.0
MPFL,9/18/2026,596.2,604.0,587.1,598.0,0.3,12817.0,744.0,491.0
MPFL,9/22/2026,588.6,609.9,588.6,590.0,0.24,15536.0,744.0,491.0
MPFL,9/23/2026,600.0,600.0,585.0,590.0,-1.67,18465.0,744.0,491.0
MPFL,9/24/2026,582.0,589.7,579.1,588.0,1.03,4698.0,744.0,491.0
MPFL,9/28/2026,576.0,590.0,570.4,582.7,1.16,2980.0,744.0,491.0
MPFL,9/29/2026,590.0,590.0,576.0,0.0,-100.0,5365.0,744.0,491.0
MPFL,9/30/2026,574.1,586.3,570.0,584.1,1.74,9061.0,744.0,491.0
MPFL,10/1/2026,585.0,586.0,570.0,584.8,-0.03,8223.0,744.0,491.0
MPFL,10/2/2026,575.1,583.0,570.0,579.0,0.68,9119.0,744.0,491.0
MSHL,12/21/2025,897.0,914.0,896.1,907.9,,830.0,937.0,481.0
MSHL,12/22/2025,912.0,912.0,896.2,896.2,-1.29,1625.0,937.0,481.0
MSHL,12/23/2025,897.0,909.0,895.5,905.9,1.08,2225.0,937.0,481.0
MSHL,12/24/2025,911.0,920.0,908.1,918.0,1.34,2958.0,937.0,481.0
MSHL,12/28/2025,800.1,878.0,800.1,874.0,-4.79,6407.0,937.0,481.0
MSHL,12/29/2025,875.0,875.0,835.0,854.0,-2.29,7945.0,937.0,481.0
MSHL,12/31/2025,864.0,865.0,845.2,845.7,-0.97,922.0,937.0,481.0
MSHL,1/1/2026,835.1,840.0,830.0,840.0,-0.67,2141.0,937.0,481.0
MSHL,1/4/2026,840.0,863.0,830.0,830.0,-1.19,1970.0,937.0,481.0
MSHL,1/5/2026,830.0,830.0,815.0,824.0,-0.72,1215.0,937.0,481.0
MSHL,1/6/2026,825.0,825.0,817.1,825.0,0.12,1600.0,937.0,481.0
MSHL,1/7/2026,817.0,841.0,815.0,816.2,-1.07,1123.0,937.0,481.0
MSHL,1/8/2026,814.1,830.0,807.0,830.0,1.69,856.0,937.0,481.0
MSHL,1/12/2026,815.0,828.0,814.0,828.0,-0.24,2005.0,937.0,481.0
MSHL,1/13/2026,815.0,832.0,813.0,832.0,0.48,1923.0,937.0,481.0
MSHL,1/14/2026,825.0,830.0,815.1,830.0,-0.24,1244.0,937.0,481.0
MSHL,1/18/2026,815.0,843.5,815.0,830.0,0.0,436.0,937.0,481.0
MSHL,1/20/2026,820.0,833.0,820.0,820.0,-1.2,4814.0,937.0,481.0
MSHL,1/21/2026,820.0,836.0,815.0,819.1,-0.11,2805.0,937.0,481.0
MSHL,1/22/2026,820.0,830.0,815.0,825.0,0.72,3682.0,937.0,481.0
MSHL,1/25/2026,825.0,850.0,821.0,840.0,1.82,2880.0,937.0,481.0
MSHL,1/26/2026,840.0,840.0,825.0,833.0,-0.83,1295.0,937.0,481.0
MSHL,1/27/2026,826.0,836.0,823.0,824.0,-1.08,2130.0,937.0,481.0
MSHL,1/28/2026,815.0,829.0,815.0,829.0,0.61,1110.0,937.0,481.0
MSHL,1/29/2026,820.0,877.0,820.0,830.0,0.12,3154.0,937.0,481.0
MSHL,2/1/2026,830.0,846.0,821.0,830.0,0.0,5185.0,937.0,481.0
MSHL,2/2/2026,818.0,830.0,818.0,824.0,-0.72,560.0,937.0,481.0
MSHL,2/3/2026,820.1,827.0,805.0,821.1,-0.35,2398.0,937.0,481.0
MSHL,2/4/2026,810.0,825.9,810.0,820.0,-0.13,1697.0,937.0,481.0
MSHL,2/5/2026,806.0,829.0,806.0,823.0,0.37,975.0,937.0,481.0
MSHL,2/8/2026,810.7,826.0,810.7,820.0,-0.36,654.0,937.0,481.0
MSHL,2/9/2026,821.1,822.0,810.0,820.0,0.0,2190.0,937.0,481.0
MSHL,2/10/2026,815.0,820.0,811.0,811.0,-1.1,995.0,937.0,481.0
MSHL,2/11/2026,827.0,836.0,811.0,815.0,0.49,4997.0,937.0,481.0
MSHL,2/12/2026,810.4,846.0,810.4,815.2,0.02,1508.0,937.0,481.0
MSHL,2/16/2026,810.0,830.0,810.0,820.0,0.59,3306.0,937.0,481.0
MSHL,2/17/2026,820.1,820.1,808.0,808.3,-1.43,1403.0,937.0,481.0
MSHL,2/22/2026,803.1,820.0,795.0,795.1,-1.63,1363.0,937.0,481.0
MSHL,2/23/2026,790.0,805.0,785.1,796.9,0.23,1672.0,937.0,481.0
MSHL,2/24/2026,812.0,820.0,787.0,802.0,0.64,462.0,937.0,481.0
MSHL,2/25/2026,802.0,818.0,788.0,789.0,-1.62,1259.0,937.0,481.0
MSHL,2/26/2026,782.0,800.0,782.0,793.0,0.51,2533.0,937.0,481.0
MSHL,2/27/2026,782.0,800.0,782.0,793.0,0.0,2533.0,937.0,481.0
MSHL,2/28/2026,782.0,800.0,782.0,793.0,0.0,2533.0,937.0,481.0
MSHL,3/2/2026,790.0,798.9,789.0,791.0,-0.25,1035.0,937.0,481.0
MSHL,3/3/2026,785.0,799.0,785.0,790.0,-0.13,1520.0,937.0,481.0
MSHL,3/4/2026,785.0,799.0,785.0,790.0,0.0,1520.0,937.0,481.0
MSHL,3/5/2026,785.0,799.0,785.0,790.0,0.0,1520.0,937.0,481.0
MSHL,3/6/2026,785.0,799.0,785.0,790.0,0.0,1520.0,937.0,481.0
MSHL,3/7/2026,785.0,799.0,785.0,790.0,0.0,1520.0,937.0,481.0
MSHL,3/8/2026,785.0,799.0,785.0,790.0,0.0,1520.0,937.0,481.0
MSHL,3/9/2026,805.8,805.8,805.8,805.8,2.0,10.0,937.0,481.0
MSHL,3/10/2026,821.9,825.0,804.6,821.0,1.89,6568.0,937.0,481.0
MSHL,3/11/2026,804.6,825.0,804.6,825.0,0.49,1626.0,937.0,481.0
MSHL,3/12/2026,812.0,823.9,810.0,823.9,-0.13,1760.0,937.0,481.0
MSHL,3/13/2026,812.0,823.9,810.0,823.9,0.0,1760.0,937.0,481.0
MSHL,3/14/2026,812.0,823.9,810.0,823.9,0.0,1760.0,937.0,481.0
MSHL,3/15/2026,815.6,818.9,803.2,817.5,-0.78,421.0,937.0,481.0
MSHL,3/16/2026,810.0,817.3,790.1,795.1,-2.74,3625.0,937.0,481.0
MSHL,3/17/2026,800.0,815.0,796.0,807.1,1.51,2384.0,937.0,481.0
MSHL,3/18/2026,800.0,815.0,796.0,807.1,0.0,2384.0,937.0,481.0
MSHL,3/19/2026,807.1,820.0,798.0,808.0,0.11,5759.0,937.0,481.0
MSHL,3/20/2026,807.1,820.0,798.0,808.0,0.0,5759.0,937.0,481.0
MSHL,3/21/2026,807.1,820.0,798.0,808.0,0.0,5759.0,937.0,481.0
MSHL,3/22/2026,824.0,824.0,800.0,800.0,-0.99,5503.0,937.0,481.0
MSHL,3/23/2026,816.0,816.0,795.1,805.1,0.64,1764.0,937.0,481.0
MSHL,3/24/2026,820.0,820.0,795.0,805.0,-0.01,3260.0,937.0,481.0
MSHL,3/25/2026,815.0,815.0,800.0,809.0,0.5,831.0,937.0,481.0
MSHL,3/26/2026,801.0,804.3,795.0,804.3,0.41,3045.0,937.0,481.0
MSHL,3/29/2026,805.0,805.0,788.3,793.0,-1.49,1220.0,937.0,481.0
MSHL,3/30/2026,793.0,795.0,785.2,788.0,-0.63,2285.0,937.0,481.0
MSHL,3/31/2026,777.1,796.0,777.1,778.8,0.22,2569.0,937.0,481.0
MSHL,4/1/2026,780.0,780.0,756.0,773.0,-0.9,3433.0,937.0,481.0
MSHL,4/2/2026,757.6,772.7,757.6,762.0,0.58,1195.0,937.0,481.0
MSHL,4/5/2026,757.0,757.0,728.0,740.0,-2.25,2042.0,937.0,481.0
MSHL,4/6/2026,751.9,754.8,740.0,754.0,0.28,1738.0,937.0,481.0
MSHL,4/7/2026,749.0,760.0,745.0,750.0,0.13,1060.0,937.0,481.0
MSHL,4/8/2026,765.0,780.0,759.5,769.0,0.52,777.0,937.0,481.0
MSHL,4/9/2026,775.0,784.0,759.6,766.0,-1.16,1030.0,937.0,481.0
MSHL,4/10/2026,779.9,779.9,755.0,771.9,-1.03,1277.0,937.0,481.0
MSHL,4/13/2026,786.3,787.0,760.5,774.9,-1.45,433.0,937.0,481.0
MSHL,4/15/2026,790.3,805.0,764.0,778.0,-1.56,290.0,937.0,481.0
MSHL,4/16/2026,793.5,793.5,766.0,781.0,-1.58,1962.0,937.0,481.0
MSHL,4/17/2026,796.5,796.5,760.2,775.0,-2.7,242.0,937.0,481.0
MSHL,4/20/2026,752.0,780.0,750.0,750.0,-0.27,680.0,937.0,481.0
MSHL,4/21/2026,750.0,795.6,740.0,740.0,-1.33,1986.0,937.0,481.0
MSHL,4/22/2026,730.0,770.0,730.0,741.3,1.55,908.0,937.0,481.0
MSHL,4/23/2026,725.0,745.0,725.0,730.0,0.69,315.0,937.0,481.0
MSHL,4/24/2026,730.0,735.0,730.0,730.0,0.0,877.0,937.0,481.0
MSHL,4/27/2026,730.0,740.0,721.1,723.2,-0.93,558.0,937.0,481.0
MSHL,4/28/2026,723.2,723.2,718.0,718.0,-0.72,975.0,937.0,481.0
MSHL,4/29/2026,718.0,726.0,702.4,724.0,0.84,541.0,937.0,481.0
MSHL,4/30/2026,706.0,727.1,706.0,727.1,2.99,140.0,937.0,481.0
MSHL,5/4/2026,705.6,715.0,696.0,715.0,1.33,615.0,937.0,481.0
MSHL,5/5/2026,694.0,715.0,694.0,710.1,2.32,303.0,937.0,481.0
MSHL,5/6/2026,695.0,703.0,691.1,694.1,-0.13,1570.0,937.0,481.0
MSHL,5/7/2026,700.0,705.0,692.0,692.0,-1.14,270.0,937.0,481.0
MSHL,5/8/2026,680.0,697.0,680.0,697.0,2.5,991.0,937.0,481.0
MSHL,5/11/2026,690.0,717.9,690.0,709.0,2.75,310.0,937.0,481.0
MSHL,5/12/2026,700.0,710.0,700.0,702.0,0.29,563.0,937.0,481.0
MSHL,5/13/2026,690.0,699.9,690.0,691.4,0.2,490.0,937.0,481.0
MSHL,5/14/2026,680.0,685.0,680.0,681.4,0.21,495.0,937.0,481.0
MSHL,5/15/2026,647.4,693.0,647.4,693.0,7.04,80.0,937.0,481.0
MSHL,5/18/2026,674.0,687.0,672.3,687.0,1.93,1583.0,937.0,481.0
MSHL,5/19/2026,675.0,685.0,675.0,680.0,0.74,507.0,937.0,481.0
MSHL,5/20/2026,663.6,690.0,663.6,676.4,1.93,598.0,937.0,481.0
MSHL,5/21/2026,696.5,696.5,684.0,690.0,-0.93,1396.0,937.0,481.0
MSHL,5/22/2026,680.1,695.0,680.0,695.0,2.19,1323.0,937.0,481.0
MSHL,5/25/2026,695.0,708.0,686.0,708.0,1.87,812.0,937.0,481.0
MSHL,5/26/2026,743.4,743.4,681.3,708.0,-4.76,595.0,937.0,481.0
MSHL,5/27/2026,707.0,707.0,692.3,694.0,-1.84,1422.0,937.0,481.0
MSHL,6/1/2026,673.2,696.0,673.2,681.0,1.16,624.0,937.0,481.0
MSHL,6/2/2026,715.0,715.0,684.1,690.0,-3.5,644.0,937.0,481.0
MSHL,6/3/2026,724.5,724.5,684.0,688.0,-5.04,679.0,937.0,481.0
MSHL,6/4/2026,670.0,690.0,670.0,689.0,2.84,310.0,937.0,481.0
MSHL,6/5/2026,689.9,690.0,680.0,690.0,0.01,144.0,937.0,481.0
MSHL,6/8/2026,670.1,690.0,661.4,690.0,2.97,262.0,937.0,481.0
MSHL,6/9/2026,690.0,690.0,673.0,689.9,-0.01,534.0,937.0,481.0
MSHL,6/10/2026,671.0,690.0,671.0,689.8,2.8,652.0,937.0,481.0
MSHL,6/11/2026,670.1,690.0,670.1,690.0,2.97,180.0,937.0,481.0
MSHL,6/12/2026,671.0,690.0,671.0,690.0,2.83,520.0,937.0,481.0
MSHL,6/15/2026,670.2,705.0,670.1,687.0,2.51,434.0,937.0,481.0
MSHL,6/16/2026,675.0,679.0,670.0,679.0,0.59,339.0,937.0,481.0
MSHL,6/17/2026,662.2,690.0,662.1,688.0,3.9,273.0,937.0,481.0
MSHL,6/18/2026,667.5,680.0,660.7,680.0,1.87,452.0,937.0,481.0
MSHL,6/19/2026,666.0,680.0,666.0,679.9,2.09,121.0,937.0,481.0
MSHL,6/22/2026,660.1,678.0,660.0,677.9,2.7,663.0,937.0,481.0
MSHL,6/23/2026,711.7,711.7,655.0,670.5,-5.79,568.0,937.0,481.0
MSHL,6/24/2026,665.0,667.0,645.1,667.0,0.3,678.0,937.0,481.0
MSHL,6/26/2026,635.1,642.0,619.0,619.0,-2.54,2309.0,937.0,481.0
MSHL,6/29/2026,606.0,617.0,601.1,607.9,0.31,1285.0,937.0,481.0
MSHL,6/30/2026,591.5,593.0,579.7,585.0,-1.1,2129.0,937.0,481.0
MSHL,7/1/2026,590.0,639.9,576.0,639.8,8.44,1982.0,937.0,481.0
MSHL,7/2/2026,626.0,626.0,608.1,619.8,-0.99,370.0,937.0,481.0
MSHL,7/3/2026,602.0,619.5,601.5,604.0,0.33,409.0,937.0,481.0
MSHL,7/6/2026,587.2,610.0,587.2,610.0,3.88,200.0,937.0,481.0
MSHL,7/7/2026,592.0,609.0,592.0,595.0,0.51,67.0,937.0,481.0
MSHL,7/8/2026,595.0,612.2,595.0,600.0,0.84,1374.0,937.0,481.0
MSHL,7/9/2026,605.0,610.0,600.0,600.0,-0.83,2065.0,937.0,481.0
MSHL,7/10/2026,587.0,650.0,587.0,610.0,3.92,703.0,937.0,481.0
MSHL,7/13/2026,605.0,605.0,596.0,596.0,-1.49,866.0,937.0,481.0
MSHL,7/14/2026,585.0,604.0,580.0,599.9,2.55,559.0,937.0,481.0
MSHL,7/15/2026,617.0,617.0,599.0,600.0,-2.76,856.0,937.0,481.0
MSHL,7/16/2026,585.0,590.5,585.0,589.0,0.68,899.0,937.0,481.0
MSHL,7/17/2026,581.0,660.0,581.0,660.0,13.6,249.0,937.0,481.0
MSHL,7/20/2026,693.0,693.0,632.0,658.0,-5.05,1030.0,937.0,481.0
MSHL,7/21/2026,655.0,655.0,635.0,636.4,-2.84,327.0,937.0,481.0
MSHL,7/22/2026,650.0,650.0,620.0,635.0,-2.31,735.0,937.0,481.0
MSHL,7/23/2026,666.7,666.7,591.0,627.3,-5.91,1005.0,937.0,481.0
MSHL,7/24/2026,596.0,665.0,596.0,632.0,6.04,682.0,937.0,481.0
MSHL,7/27/2026,630.0,635.0,615.6,630.0,0.0,523.0,937.0,481.0
MSHL,7/28/2026,630.0,630.0,612.0,616.0,-2.22,443.0,937.0,481.0
MSHL,7/29/2026,610.0,620.0,605.1,609.3,-0.11,443.0,937.0,481.0
MSHL,7/30/2026,609.0,624.0,602.5,602.5,-1.07,1445.0,937.0,481.0
MSHL,7/31/2026,604.0,620.5,604.0,620.5,2.73,373.0,937.0,481.0
MSHL,8/3/2026,607.0,612.0,606.4,612.0,0.82,577.0,937.0,481.0
MSHL,8/4/2026,612.0,630.3,602.09,612.0,0.0,144.0,937.0,481.0
MSHL,8/5/2026,610.0,610.0,609.0,610.0,0.0,76.0,937.0,481.0
MSHL,8/6/2026,606.0,609.0,606.0,609.0,0.5,189.0,937.0,481.0
MSHL,8/7/2026,608.0,625.5,608.0,608.0,0.0,1103.0,937.0,481.0
MSHL,8/10/2026,608.0,610.0,606.0,606.0,-0.33,485.0,937.0,481.0
MSHL,8/11/2026,606.0,618.0,602.1,604.0,-0.33,360.0,937.0,481.0
MSHL,8/12/2026,600.0,605.0,590.1,601.0,0.17,288.0,937.0,481.0
MSHL,8/13/2026,589.1,605.0,589.1,602.0,2.19,189.0,937.0,481.0
MSHL,8/14/2026,592.0,605.0,592.0,594.0,0.34,639.0,937.0,481.0
MSHL,8/17/2026,587.0,595.0,587.0,591.0,0.68,452.0,937.0,481.0
MSHL,8/18/2026,587.0,590.0,585.0,586.0,-0.17,468.0,937.0,481.0
MSHL,8/19/2026,587.0,600.0,582.2,583.0,-0.68,56.0,937.0,481.0
MSHL,8/20/2026,600.0,600.0,582.0,587.0,-2.17,689.0,937.0,481.0
MSHL,8/21/2026,604.0,604.0,575.0,575.0,-4.8,730.0,937.0,481.0
MSHL,8/24/2026,570.0,571.0,566.0,570.0,0.0,640.0,937.0,481.0
MSHL,8/25/2026,565.2,583.0,561.3,561.3,-0.69,1491.0,937.0,481.0
MSHL,8/26/2026,561.0,563.0,549.0,550.0,-1.96,1789.0,937.0,481.0
MSHL,8/27/2026,544.0,550.0,544.0,546.0,0.37,623.0,937.0,481.0
MSHL,8/31/2026,530.0,531.5,510.3,510.3,-3.72,1760.0,937.0,481.0
MSHL,9/1/2026,510.0,535.0,495.5,520.0,1.96,986.0,937.0,481.0
MSHL,9/2/2026,505.0,522.0,501.6,522.0,3.37,766.0,937.0,481.0
MSHL,9/3/2026,510.0,535.0,510.0,534.0,4.71,517.0,937.0,481.0
MSHL,9/7/2026,534.0,540.0,518.0,518.0,-3.0,147.0,937.0,481.0
MSHL,9/9/2026,503.0,515.0,481.0,504.0,0.2,1034.0,937.0,481.0
MSHL,9/10/2026,490.3,505.0,490.3,505.0,3.0,538.0,937.0,481.0
MSHL,9/11/2026,500.0,515.0,496.1,510.0,2.0,422.0,937.0,481.0
MSHL,9/14/2026,510.0,530.0,510.0,525.0,2.94,644.0,937.0,481.0
MSHL,9/15/2026,549.9,560.0,539.0,560.0,1.84,2381.0,937.0,481.0
MSHL,9/16/2026,562.0,565.0,530.0,538.0,-4.27,2050.0,937.0,481.0
MSHL,9/17/2026,538.0,554.0,525.1,531.1,-1.28,361.0,937.0,481.0
MSHL,9/18/2026,520.0,544.5,516.6,527.0,1.35,1648.0,937.0,481.0
MSHL,9/22/2026,542.8,606.0,542.8,606.0,11.64,15749.0,937.0,481.0
MSHL,9/23/2026,620.0,644.6,620.0,622.0,0.32,16853.0,937.0,481.0
MSHL,9/24/2026,622.0,625.0,550.0,550.0,-11.58,13090.0,937.0,481.0
MSHL,9/28/2026,540.0,541.0,510.0,531.0,-1.67,74461.0,937.0,481.0
MSHL,9/29/2026,528.0,535.0,528.0,0.0,-100.0,19199.0,937.0,481.0
MSHL,9/30/2026,530.0,550.0,530.0,540.0,1.89,14306.0,937.0,481.0
MSHL,10/1/2026,540.0,540.0,532.1,535.2,-0.89,12092.0,937.0,481.0
MSHL,10/2/2026,533.1,539.0,533.1,533.5,0.08,6184.0,937.0,481.0
MSLB,12/21/2025,1383.0,1390.0,1347.5,1372.0,,12904.0,1634.0,1089.9
MSLB,12/22/2025,1398.0,1398.0,1338.9,1371.0,-0.07,3010.0,1634.0,1089.9
MSLB,12/23/2025,1370.0,1370.0,1346.1,1350.0,-1.53,1430.0,1634.0,1089.9
MSLB,12/24/2025,1365.0,1377.0,1329.0,1345.0,-0.37,2692.0,1634.0,1089.9
MSLB,12/28/2025,1371.9,1371.9,1338.0,1354.0,0.67,2253.0,1634.0,1089.9
MSLB,12/29/2025,1378.0,1378.0,1335.1,1350.0,-0.3,1465.0,1634.0,1089.9
MSLB,12/31/2025,1340.0,1360.0,1337.0,1339.9,-0.75,3541.0,1634.0,1089.9
MSLB,1/1/2026,1300.0,1310.0,1270.0,1272.0,-5.07,3891.0,1634.0,1089.9
MSLB,1/4/2026,1270.0,1295.0,1263.0,1280.0,0.63,632.0,1634.0,1089.9
MSLB,1/5/2026,1275.0,1290.0,1269.0,1290.0,0.78,1671.0,1634.0,1089.9
MSLB,1/6/2026,1290.0,1300.0,1273.0,1300.0,0.78,1633.0,1634.0,1089.9
MSLB,1/7/2026,1300.0,1300.0,1280.3,1298.0,-0.15,1172.0,1634.0,1089.9
MSLB,1/8/2026,1272.1,1296.0,1264.1,1278.5,-1.5,1780.0,1634.0,1089.9
MSLB,1/12/2026,1263.0,1288.0,1263.0,1271.0,-0.59,2578.0,1634.0,1089.9
MSLB,1/13/2026,1265.1,1280.0,1262.1,1274.0,0.24,2071.0,1634.0,1089.9
MSLB,1/14/2026,1275.0,1293.9,1268.0,1290.0,1.26,1940.0,1634.0,1089.9
MSLB,1/18/2026,1315.7,1315.8,1295.0,1308.0,1.4,3841.0,1634.0,1089.9
MSLB,1/20/2026,1329.0,1356.6,1287.1,1326.0,1.38,2976.0,1634.0,1089.9
MSLB,1/21/2026,1326.0,1331.5,1306.1,1315.0,-0.83,4657.0,1634.0,1089.9
MSLB,1/22/2026,1302.0,1326.0,1300.0,1326.0,0.84,1537.0,1634.0,1089.9
MSLB,1/25/2026,1330.0,1350.0,1315.1,1331.2,0.39,4123.0,1634.0,1089.9
MSLB,1/26/2026,1336.3,1406.0,1336.3,1370.0,2.91,8304.0,1634.0,1089.9
MSLB,1/27/2026,1355.0,1382.0,1318.0,1349.0,-1.53,4328.0,1634.0,1089.9
MSLB,1/28/2026,1324.0,1340.0,1305.1,1321.0,-2.08,1362.0,1634.0,1089.9
MSLB,1/29/2026,1306.0,1335.0,1306.0,1330.0,0.68,2426.0,1634.0,1089.9
MSLB,2/1/2026,1310.0,1367.0,1237.0,1361.7,2.38,10080.0,1634.0,1089.9
MSLB,2/2/2026,1362.0,1362.0,1306.0,1351.5,-0.75,1428.0,1634.0,1089.9
MSLB,2/3/2026,1324.6,1325.0,1312.1,1324.0,-2.03,817.0,1634.0,1089.9
MSLB,2/4/2026,1330.0,1370.0,1304.0,1334.0,0.76,1315.0,1634.0,1089.9
MSLB,2/5/2026,1359.0,1359.0,1311.1,1337.8,0.28,7127.0,1634.0,1089.9
MSLB,2/8/2026,1335.0,1335.0,1300.0,1320.0,-1.33,3304.0,1634.0,1089.9
MSLB,2/9/2026,1296.3,1330.0,1275.1,1319.0,-0.08,5892.0,1634.0,1089.9
MSLB,2/10/2026,1340.0,1345.0,1297.7,1320.0,0.08,1204.0,1634.0,1089.9
MSLB,2/11/2026,1340.0,1340.0,1294.1,1318.0,-0.15,1164.0,1634.0,1089.9
MSLB,2/12/2026,1344.0,1344.0,1278.0,1315.0,-0.23,6369.0,1634.0,1089.9
MSLB,2/16/2026,1320.0,1350.0,1285.0,1288.6,-2.01,1902.0,1634.0,1089.9
MSLB,2/17/2026,1288.7,1300.0,1275.1,1280.0,-0.67,717.0,1634.0,1089.9
MSLB,2/22/2026,1271.0,1280.0,1264.2,1280.0,0.0,1529.0,1634.0,1089.9
MSLB,2/23/2026,1264.1,1300.0,1262.4,1288.2,0.64,1226.0,1634.0,1089.9
MSLB,2/24/2026,1298.0,1300.0,1266.0,1293.0,0.37,3382.0,1634.0,1089.9
MSLB,2/25/2026,1318.8,1345.0,1268.0,1320.0,2.09,1855.0,1634.0,1089.9
MSLB,2/26/2026,1293.6,1335.0,1281.3,1315.0,-0.38,1012.0,1634.0,1089.9
MSLB,2/27/2026,1293.6,1335.0,1281.3,1315.0,0.0,1012.0,1634.0,1089.9
MSLB,2/28/2026,1293.6,1335.0,1281.3,1315.0,0.0,1012.0,1634.0,1089.9
MSLB,3/2/2026,1300.0,1333.0,1288.8,1314.9,-0.01,755.0,1634.0,1089.9
MSLB,3/3/2026,1289.0,1325.0,1289.0,1316.9,0.15,2919.0,1634.0,1089.9
MSLB,3/4/2026,1289.0,1325.0,1289.0,1316.9,0.0,2919.0,1634.0,1089.9
MSLB,3/5/2026,1289.0,1325.0,1289.0,1316.9,0.0,2919.0,1634.0,1089.9
MSLB,3/6/2026,1289.0,1325.0,1289.0,1316.9,0.0,2919.0,1634.0,1089.9
MSLB,3/7/2026,1289.0,1325.0,1289.0,1316.9,0.0,2919.0,1634.0,1089.9
MSLB,3/8/2026,1289.0,1325.0,1289.0,1316.9,0.0,2919.0,1634.0,1089.9
MSLB,3/9/2026,1343.2,1343.2,1343.2,1343.2,2.0,10.0,1634.0,1089.9
MSLB,3/10/2026,1369.0,1369.0,1304.1,1330.0,-0.98,5082.0,1634.0,1089.9
MSLB,3/11/2026,1310.0,1336.2,1302.0,1302.0,-2.11,1323.0,1634.0,1089.9
MSLB,3/12/2026,1290.1,1340.0,1290.1,1330.0,2.15,1823.0,1634.0,1089.9
MSLB,3/13/2026,1290.1,1340.0,1290.1,1330.0,0.0,1823.0,1634.0,1089.9
MSLB,3/14/2026,1290.1,1340.0,1290.1,1330.0,0.0,1823.0,1634.0,1089.9
MSLB,3/15/2026,1305.0,1384.8,1305.0,1336.6,0.5,1547.0,1634.0,1089.9
MSLB,3/16/2026,1311.0,1330.0,1295.0,1305.0,-2.36,1801.0,1634.0,1089.9
MSLB,3/17/2026,1293.1,1390.0,1293.1,1389.0,6.44,2389.0,1634.0,1089.9
MSLB,3/18/2026,1293.1,1390.0,1293.1,1389.0,0.0,2389.0,1634.0,1089.9
MSLB,3/19/2026,1361.3,1361.3,1335.0,1347.8,-2.97,4444.0,1634.0,1089.9
MSLB,3/20/2026,1361.3,1361.3,1335.0,1347.8,0.0,4444.0,1634.0,1089.9
MSLB,3/21/2026,1361.3,1361.3,1335.0,1347.8,0.0,4444.0,1634.0,1089.9
MSLB,3/22/2026,1340.0,1391.0,1325.0,1386.0,2.83,9945.0,1634.0,1089.9
MSLB,3/23/2026,1399.0,1413.7,1365.2,1389.0,0.22,9724.0,1634.0,1089.9
MSLB,3/24/2026,1375.0,1479.0,1370.1,1479.0,6.48,6229.0,1634.0,1089.9
MSLB,3/25/2026,1449.5,1449.5,1385.0,1390.0,-6.02,5885.0,1634.0,1089.9
MSLB,3/26/2026,1362.2,1392.0,1362.2,1380.0,1.31,1813.0,1634.0,1089.9
MSLB,3/29/2026,1358.0,1385.0,1353.0,1355.0,-0.22,3492.0,1634.0,1089.9
MSLB,3/30/2026,1355.0,1374.0,1320.0,1330.0,-1.85,3496.0,1634.0,1089.9
MSLB,3/31/2026,1330.0,1349.9,1305.5,1349.9,1.5,1227.0,1634.0,1089.9
MSLB,4/1/2026,1323.0,1336.2,1280.0,1285.1,-2.86,2483.0,1634.0,1089.9
MSLB,4/2/2026,1299.0,1323.9,1250.0,1285.0,-1.08,2924.0,1634.0,1089.9
MSLB,4/5/2026,1260.1,1286.2,1240.0,1241.0,-1.52,1455.0,1634.0,1089.9
MSLB,4/6/2026,1240.0,1285.0,1238.3,1267.0,2.18,2828.0,1634.0,1089.9
MSLB,4/7/2026,1292.3,1392.0,1251.1,1289.0,-0.26,1661.0,1634.0,1089.9
MSLB,4/8/2026,1314.7,1324.0,1288.7,1314.0,-0.05,862.0,1634.0,1089.9
MSLB,4/9/2026,1287.8,1326.0,1236.9,1319.0,2.42,787.0,1634.0,1089.9
MSLB,4/10/2026,1293.0,1345.0,1241.9,1317.0,1.86,640.0,1634.0,1089.9
MSLB,4/13/2026,1290.7,1320.8,1290.7,1305.2,1.12,1212.0,1634.0,1089.9
MSLB,4/15/2026,1314.9,1327.0,1300.0,1324.0,0.69,2203.0,1634.0,1089.9
MSLB,4/16/2026,1297.6,1309.9,1275.0,1309.9,0.95,464.0,1634.0,1089.9
MSLB,4/17/2026,1285.0,1323.0,1284.0,1310.0,1.95,727.0,1634.0,1089.9
MSLB,4/20/2026,1244.5,1400.5,1244.5,1295.0,4.06,1714.0,1634.0,1089.9
MSLB,4/21/2026,1295.0,1295.0,1267.2,1291.0,-0.31,929.0,1634.0,1089.9
MSLB,4/22/2026,1226.5,1292.0,1226.5,1292.0,5.34,2220.0,1634.0,1089.9
MSLB,4/23/2026,1254.0,1298.0,1220.0,1260.0,0.48,3089.0,1634.0,1089.9
MSLB,4/24/2026,1237.0,1275.0,1237.0,1269.0,2.59,941.0,1634.0,1089.9
MSLB,4/27/2026,1269.0,1411.1,1089.9,1298.0,2.29,3145.0,1634.0,1089.9
MSLB,4/28/2026,1298.0,1336.0,1121.1,1289.0,-0.69,2172.0,1634.0,1089.9
MSLB,4/29/2026,1289.0,1319.0,1176.6,1260.0,-2.25,1374.0,1634.0,1089.9
MSLB,4/30/2026,1260.0,1289.9,1230.0,1241.1,-1.5,613.0,1634.0,1089.9
MSLB,5/4/2026,1265.0,1274.9,1228.0,1253.0,-0.95,3369.0,1634.0,1089.9
MSLB,5/5/2026,1221.0,1269.9,1221.0,1240.0,1.56,1419.0,1634.0,1089.9
MSLB,5/6/2026,1235.0,1254.0,1230.0,1254.0,1.54,292.0,1634.0,1089.9
MSLB,5/7/2026,1220.2,1250.0,1183.6,1238.0,1.46,1766.0,1634.0,1089.9
MSLB,5/8/2026,1212.0,1243.8,1212.0,1243.8,2.62,1288.0,1634.0,1089.9
MSLB,5/11/2026,1250.0,1255.0,1235.0,1245.0,-0.4,1341.0,1634.0,1089.9
MSLB,5/12/2026,1245.0,1255.0,1230.2,1245.0,0.0,431.0,1634.0,1089.9
MSLB,5/13/2026,1230.0,1245.0,1230.0,1245.0,1.22,303.0,1634.0,1089.9
MSLB,5/14/2026,1245.0,1245.0,1225.0,1226.0,-1.53,990.0,1634.0,1089.9
MSLB,5/15/2026,1222.1,1230.0,1222.1,1230.0,0.65,237.0,1634.0,1089.9
MSLB,5/18/2026,1204.0,1240.0,1204.0,1227.5,1.95,709.0,1634.0,1089.9
MSLB,5/19/2026,1166.2,1248.0,1166.2,1239.8,6.31,681.0,1634.0,1089.9
MSLB,5/20/2026,1239.8,1270.0,1218.2,1270.0,2.44,452.0,1634.0,1089.9
MSLB,5/21/2026,1233.0,1243.0,1212.1,1238.0,0.41,776.0,1634.0,1089.9
MSLB,5/22/2026,1211.0,1258.0,1203.0,1240.0,2.39,459.0,1634.0,1089.9
MSLB,5/25/2026,1272.0,1272.0,1235.0,1258.0,-1.1,1480.0,1634.0,1089.9
MSLB,5/26/2026,1227.2,1250.0,1227.2,1243.5,1.33,603.0,1634.0,1089.9
MSLB,5/27/2026,1235.0,1271.0,1235.0,1256.0,1.7,1124.0,1634.0,1089.9
MSLB,6/1/2026,1250.0,1250.0,1236.2,1240.0,-0.8,446.0,1634.0,1089.9
MSLB,6/2/2026,1238.0,1250.0,1237.0,1241.2,0.26,375.0,1634.0,1089.9
MSLB,6/3/2026,1242.0,1252.0,1240.0,1252.0,0.81,290.0,1634.0,1089.9
MSLB,6/4/2026,1244.2,1250.0,1231.1,1245.0,0.06,367.0,1634.0,1089.9
MSLB,6/5/2026,1222.0,1242.0,1222.0,1228.0,0.49,663.0,1634.0,1089.9
MSLB,6/8/2026,1230.0,1250.0,1222.0,1249.0,1.54,991.0,1634.0,1089.9
MSLB,6/9/2026,1220.1,1240.0,1220.0,1240.0,1.63,720.0,1634.0,1089.9
MSLB,6/10/2026,1210.1,1250.0,1210.1,1250.0,3.3,1166.0,1634.0,1089.9
MSLB,6/11/2026,1245.0,1265.0,1228.0,1249.0,0.32,920.0,1634.0,1089.9
MSLB,6/12/2026,1225.0,1248.0,1216.1,1248.0,1.88,841.0,1634.0,1089.9
MSLB,6/15/2026,1248.0,1248.0,1225.0,1230.0,-1.44,920.0,1634.0,1089.9
MSLB,6/16/2026,1220.0,1240.0,1220.0,1236.0,1.31,628.0,1634.0,1089.9
MSLB,6/17/2026,1221.0,1240.0,1221.0,1223.3,0.19,755.0,1634.0,1089.9
MSLB,6/18/2026,1215.0,1249.0,1215.0,1224.0,0.74,668.0,1634.0,1089.9
MSLB,6/19/2026,1215.0,1234.0,1200.0,1234.0,1.56,241.0,1634.0,1089.9
MSLB,6/22/2026,1215.0,1289.0,1215.0,1268.0,4.36,3774.0,1634.0,1089.9
MSLB,6/23/2026,1250.1,1275.0,1235.0,1273.9,1.9,989.0,1634.0,1089.9
MSLB,6/24/2026,1265.0,1265.0,1211.1,1231.1,-2.68,393.0,1634.0,1089.9
MSLB,6/26/2026,1219.0,1267.8,1219.0,1253.0,2.79,736.0,1634.0,1089.9
MSLB,6/29/2026,1228.0,1230.1,1222.3,1222.3,-0.46,301.0,1634.0,1089.9
MSLB,6/30/2026,1220.0,1248.0,1205.1,1245.0,2.05,578.0,1634.0,1089.9
MSLB,7/1/2026,1244.0,1245.0,1216.0,1226.0,-1.45,444.0,1634.0,1089.9
MSLB,7/2/2026,1239.0,1250.0,1215.0,1240.0,0.08,454.0,1634.0,1089.9
MSLB,7/3/2026,1235.0,1250.0,1225.1,1235.0,0.0,1211.0,1634.0,1089.9
MSLB,7/6/2026,1235.0,1250.0,1215.0,1238.0,0.24,514.0,1634.0,1089.9
MSLB,7/7/2026,1238.0,1240.0,1206.5,1240.0,0.16,322.0,1634.0,1089.9
MSLB,7/8/2026,1249.9,1249.9,1212.7,1242.0,-0.63,967.0,1634.0,1089.9
MSLB,7/9/2026,1230.0,1256.5,1210.1,1235.0,0.41,369.0,1634.0,1089.9
MSLB,7/10/2026,1201.0,1237.0,1201.0,1232.6,2.63,1798.0,1634.0,1089.9
MSLB,7/13/2026,1269.0,1269.0,1190.0,1209.0,-4.73,2535.0,1634.0,1089.9
MSLB,7/14/2026,1194.1,1227.0,1194.1,1219.0,2.09,461.0,1634.0,1089.9
MSLB,7/15/2026,1185.0,1239.0,1184.0,1219.0,2.87,1209.0,1634.0,1089.9
MSLB,7/16/2026,1193.2,1230.0,1193.2,1230.0,3.08,246.0,1634.0,1089.9
MSLB,7/17/2026,1240.0,1240.0,1207.0,1239.8,-0.02,991.0,1634.0,1089.9
MSLB,7/20/2026,1216.2,1248.9,1216.2,1248.9,2.69,694.0,1634.0,1089.9
MSLB,7/21/2026,1221.0,1257.5,1221.0,1248.0,2.21,1124.0,1634.0,1089.9
MSLB,7/22/2026,1225.0,1230.0,1216.0,1221.0,-0.33,157.0,1634.0,1089.9
MSLB,7/23/2026,1220.0,1237.0,1204.1,1215.0,-0.41,1110.0,1634.0,1089.9
MSLB,7/24/2026,1215.0,1244.0,1215.0,1244.0,2.39,354.0,1634.0,1089.9
MSLB,7/27/2026,1207.1,1230.0,1207.1,1212.5,0.45,652.0,1634.0,1089.9
MSLB,7/28/2026,1212.5,1220.0,1197.0,1220.0,0.62,140.0,1634.0,1089.9
MSLB,7/29/2026,1201.0,1239.0,1201.0,1205.0,0.33,1042.0,1634.0,1089.9
MSLB,7/30/2026,1198.1,1220.0,1198.1,1220.0,1.83,753.0,1634.0,1089.9
MSLB,7/31/2026,1200.0,1229.0,1190.0,1229.0,2.42,431.0,1634.0,1089.9
MSLB,8/3/2026,1250.0,1318.0,1250.0,1317.0,5.36,22297.0,1634.0,1089.9
MSLB,8/4/2026,1323.9,1323.9,1280.0,1292.0,-2.41,2014.0,1634.0,1089.9
MSLB,8/5/2026,1285.0,1292.0,1270.0,1270.0,-1.17,1365.0,1634.0,1089.9
MSLB,8/6/2026,1265.0,1268.0,1255.0,1255.0,-0.79,2572.0,1634.0,1089.9
MSLB,8/7/2026,1230.0,1265.0,1230.0,1258.0,2.28,909.0,1634.0,1089.9
MSLB,8/10/2026,1260.0,1265.0,1250.0,1259.0,-0.08,1305.0,1634.0,1089.9
MSLB,8/11/2026,1229.0,1275.0,1229.0,1275.0,3.74,445.0,1634.0,1089.9
MSLB,8/12/2026,1246.1,1279.0,1246.1,1252.4,0.51,313.0,1634.0,1089.9
MSLB,8/13/2026,1252.4,1265.0,1240.2,1260.0,0.61,928.0,1634.0,1089.9
MSLB,8/14/2026,1225.1,1269.9,1225.1,1245.0,1.62,2468.0,1634.0,1089.9
MSLB,8/17/2026,1219.0,1260.0,1219.0,1235.0,1.31,551.0,1634.0,1089.9
MSLB,8/18/2026,1208.0,1245.7,1208.0,1234.9,2.23,519.0,1634.0,1089.9
MSLB,8/19/2026,1215.1,1235.0,1215.1,1218.3,0.26,927.0,1634.0,1089.9
MSLB,8/20/2026,1218.3,1240.0,1204.5,1237.9,1.61,520.0,1634.0,1089.9
MSLB,8/21/2026,1235.0,1235.0,1214.2,1234.0,-0.08,176.0,1634.0,1089.9
MSLB,8/24/2026,1211.0,1215.1,1211.0,1215.0,0.33,265.0,1634.0,1089.9
MSLB,8/25/2026,1201.1,1230.0,1201.0,1225.0,1.99,590.0,1634.0,1089.9
MSLB,8/26/2026,1195.3,1225.0,1195.3,1224.0,2.4,474.0,1634.0,1089.9
MSLB,8/27/2026,1224.0,1224.0,1200.0,1214.0,-0.82,216.0,1634.0,1089.9
MSLB,8/31/2026,1191.0,1214.0,1191.0,1200.0,0.76,390.0,1634.0,1089.9
MSLB,9/1/2026,1180.0,1220.0,1165.0,1190.0,0.85,929.0,1634.0,1089.9
MSLB,9/2/2026,1200.0,1219.0,1161.1,1210.0,0.83,753.0,1634.0,1089.9
MSLB,9/3/2026,1200.1,1200.1,1175.0,1196.0,-0.34,928.0,1634.0,1089.9
MSLB,9/7/2026,1197.0,1265.0,1162.0,1225.0,2.34,6586.0,1634.0,1089.9
MSLB,9/9/2026,1190.1,1200.0,1175.0,1199.0,0.75,2383.0,1634.0,1089.9
MSLB,9/10/2026,1175.1,1184.9,1175.0,1184.9,0.83,205.0,1634.0,1089.9
MSLB,9/11/2026,1150.1,1200.0,1150.1,1172.1,1.91,1184.0,1634.0,1089.9
MSLB,9/14/2026,1166.2,1201.0,1166.2,1184.0,1.53,1757.0,1634.0,1089.9
MSLB,9/15/2026,1219.5,1252.0,1193.0,1200.0,-1.6,3766.0,1634.0,1089.9
MSLB,9/16/2026,1200.0,1229.7,1182.0,1195.0,-0.42,1554.0,1634.0,1089.9
MSLB,9/17/2026,1228.0,1228.0,1200.0,1212.0,-1.3,1226.0,1634.0,1089.9
MSLB,9/18/2026,1195.0,1220.0,1185.1,1209.9,1.25,1215.0,1634.0,1089.9
MSLB,9/22/2026,1244.0,1244.0,1204.1,1212.0,-2.57,435.0,1634.0,1089.9
MSLB,9/23/2026,1185.0,1219.9,1185.0,1200.0,1.27,212.0,1634.0,1089.9
MSLB,9/24/2026,1200.0,1219.0,1185.1,1210.0,0.83,741.0,1634.0,1089.9
MSLB,9/28/2026,1175.0,1210.0,1175.0,1199.9,2.12,559.0,1634.0,1089.9
MSLB,9/29/2026,1177.0,1199.0,1142.0,0.0,-100.0,1617.0,1634.0,1089.9
MSLB,9/30/2026,1163.1,1200.0,1163.0,1200.0,3.17,470.0,1634.0,1089.9
MSLB,10/1/2026,1171.6,1194.0,1171.6,1194.0,1.91,223.0,1634.0,1089.9
MSLB,10/2/2026,1167.0,1195.0,1167.0,1189.9,1.96,246.0,1634.0,1089.9
MSLBP,3/17/2026,735.0,735.0,735.0,735.0,,6285.0,735.0,405.0
MSLBP,3/18/2026,735.0,735.0,735.0,735.0,0.0,6285.0,735.0,405.0
MSLBP,4/24/2026,735.0,735.0,735.0,735.0,0.0,4000.0,735.0,405.0
MSLBP,5/21/2026,735.0,735.0,735.0,735.0,0.0,5946.0,735.0,405.0
MSLBP,6/26/2026,735.0,735.0,735.0,735.0,0.0,7087.0,735.0,405.0
MSLBP,7/23/2026,735.0,735.0,735.0,735.0,0.0,20000.0,735.0,405.0
NABBC,5/8/2011,461.0,452.0,452.0,452.0,,455.0,1835.0,662.0
NABBC,6/23/2011,452.0,443.0,435.0,435.0,-3.76,44.0,1835.0,662.0
NABBC,11/28/2013,435.0,427.0,427.0,427.0,-1.84,340.0,1835.0,662.0
NABBC,12/26/2013,427.0,443.0,435.0,443.0,3.75,510.0,1835.0,662.0
NABBC,1/6/2014,443.0,435.0,435.0,435.0,-1.81,219.0,1835.0,662.0
NABBC,12/3/2020,295.0,295.0,295.0,295.0,-32.18,10.0,1835.0,662.0
NABBC,12/6/2020,300.0,300.0,300.0,300.0,1.69,8390.0,1835.0,662.0
NABBC,12/7/2020,306.0,330.0,306.0,330.0,10.0,50.0,1835.0,662.0
NABBC,12/8/2020,336.0,363.0,336.0,363.0,10.0,160.0,1835.0,662.0
NABBC,12/9/2020,370.0,399.0,370.0,399.0,9.92,60.0,1835.0,662.0
NABBC,12/10/2020,400.0,438.0,400.0,438.0,9.77,250.0,1835.0,662.0
NABBC,12/13/2020,446.0,481.0,446.0,481.0,9.82,5450.0,1835.0,662.0
NABBC,12/14/2020,490.0,529.0,490.0,529.0,9.98,670.0,1835.0,662.0
NABBC,12/15/2020,539.0,581.0,539.0,581.0,9.83,3440.0,1835.0,662.0
NABBC,12/16/2020,592.0,639.0,592.0,639.0,9.98,7501.0,1835.0,662.0
NABBC,12/17/2020,670.0,686.0,580.0,591.0,-7.51,4695.0,1835.0,662.0
NABBC,12/20/2020,580.0,580.0,537.0,537.0,-9.14,350.0,1835.0,662.0
NABBC,12/21/2020,527.0,527.0,484.0,484.0,-9.87,5170.0,1835.0,662.0
NABBC,12/22/2020,475.0,475.0,436.0,436.0,-9.92,615.0,1835.0,662.0
NABBC,12/23/2020,428.0,428.0,393.0,393.0,-9.86,3463.0,1835.0,662.0
NABBC,12/24/2020,386.0,386.0,354.0,377.0,-4.07,23660.0,1835.0,662.0
NABBC,12/27/2020,384.0,414.0,384.0,414.0,9.81,310.0,1835.0,662.0
NABBC,12/28/2020,422.0,455.0,422.0,455.0,9.9,1785.0,1835.0,662.0
NABBC,12/29/2020,464.0,500.0,464.0,500.0,9.89,9638.0,1835.0,662.0
NABBC,12/30/2020,510.0,520.0,450.0,450.0,-10.0,5984.0,1835.0,662.0
NABBC,12/31/2020,442.0,450.0,433.0,433.0,-3.78,1778.0,1835.0,662.0
NABBC,1/3/2021,433.0,450.0,390.0,441.0,1.85,20237.0,1835.0,662.0
NABBC,1/4/2021,449.0,485.0,435.0,476.0,7.94,2945.0,1835.0,662.0
NABBC,1/5/2021,485.0,523.0,485.0,523.0,9.87,6655.0,1835.0,662.0
NABBC,1/6/2021,533.0,575.0,533.0,575.0,9.94,265.0,1835.0,662.0
NABBC,1/7/2021,603.0,632.0,603.0,632.0,9.91,26188.0,1835.0,662.0
NABBC,1/10/2021,644.0,695.0,644.0,695.0,9.97,15905.0,1835.0,662.0
NABBC,1/11/2021,708.0,764.0,708.0,764.0,9.93,10813.0,1835.0,662.0
NABBC,1/12/2021,802.0,840.0,720.0,829.0,8.51,28984.0,1835.0,662.0
NABBC,1/13/2021,474.0,511.0,474.0,511.0,-38.36,481.0,1835.0,662.0
NABBC,1/17/2021,521.0,562.0,521.0,562.0,9.98,7180.0,1835.0,662.0
NABBC,1/18/2021,573.0,618.0,573.0,618.0,9.96,5430.0,1835.0,662.0
NABBC,1/19/2021,630.0,679.0,630.0,679.0,9.87,29142.0,1835.0,662.0
NABBC,1/20/2021,692.0,746.0,692.0,746.0,9.87,10415.0,1835.0,662.0
NABBC,1/21/2021,783.0,783.0,672.0,696.0,-6.7,11045.0,1835.0,662.0
NABBC,1/24/2021,696.0,696.0,627.0,627.0,-9.91,6893.0,1835.0,662.0
NABBC,1/25/2021,596.0,689.0,565.0,660.0,5.26,12599.0,1835.0,662.0
NABBC,1/26/2021,670.0,687.0,637.0,648.0,-1.82,4596.0,1835.0,662.0
NABBC,1/27/2021,655.0,655.0,625.0,640.0,-1.23,6994.0,1835.0,662.0
NABBC,1/28/2021,650.0,675.0,640.0,640.0,0.0,2890.0,1835.0,662.0
NABBC,1/31/2021,672.0,704.0,640.0,677.0,5.78,13524.0,1835.0,662.0
NABBC,2/1/2021,689.0,690.0,663.0,677.0,0.0,3224.0,1835.0,662.0
NABBC,2/2/2021,690.0,690.0,657.0,661.0,-2.36,1716.0,1835.0,662.0
NABBC,2/3/2021,649.0,652.0,625.0,632.0,-4.39,6577.0,1835.0,662.0
NABBC,2/4/2021,663.0,663.0,625.0,645.0,2.06,2445.0,1835.0,662.0
NABBC,2/7/2021,633.0,645.0,625.0,627.0,-2.79,4631.0,1835.0,662.0
NABBC,2/8/2021,625.0,625.0,616.0,618.0,-1.44,4392.0,1835.0,662.0
NABBC,2/9/2021,607.0,618.0,605.0,610.0,-1.29,4060.0,1835.0,662.0
NABBC,2/10/2021,610.0,618.0,596.0,606.0,-0.66,4718.0,1835.0,662.0
NABBC,2/11/2021,594.0,605.0,593.0,599.0,-1.16,3004.0,1835.0,662.0
NABBC,2/14/2021,595.0,595.0,568.0,580.0,-3.17,2775.0,1835.0,662.0
NABBC,2/15/2021,591.0,637.0,568.0,611.0,5.34,5285.0,1835.0,662.0
NABBC,2/16/2021,615.0,615.0,599.0,603.0,-1.31,1902.0,1835.0,662.0
NABBC,2/17/2021,615.0,616.0,590.0,602.0,-0.17,2175.0,1835.0,662.0
NABBC,2/18/2021,602.0,622.0,590.0,593.0,-1.5,1759.0,1835.0,662.0
NABBC,2/21/2021,590.0,607.0,586.0,607.0,2.36,880.0,1835.0,662.0
NABBC,2/22/2021,598.0,605.0,595.0,604.0,-0.49,1719.0,1835.0,662.0
NABBC,2/23/2021,593.0,600.0,580.0,585.0,-3.15,1200.0,1835.0,662.0
NABBC,2/24/2021,596.0,610.0,592.0,599.0,2.39,1385.0,1835.0,662.0
NABBC,2/25/2021,610.0,610.0,578.0,580.0,-3.17,2166.0,1835.0,662.0
NABBC,2/28/2021,580.0,591.0,571.0,578.0,-0.34,751.0,1835.0,662.0
NABBC,3/1/2021,580.0,608.0,570.0,591.0,2.25,1190.0,1835.0,662.0
NABBC,3/2/2021,583.0,583.0,562.0,575.0,-2.71,1074.0,1835.0,662.0
NABBC,3/3/2021,580.0,580.0,545.0,550.0,-4.35,2197.0,1835.0,662.0
NABBC,3/4/2021,550.0,561.0,550.0,555.0,0.91,1625.0,1835.0,662.0
NABBC,3/7/2021,566.0,566.0,544.0,549.0,-1.08,776.0,1835.0,662.0
NABBC,3/9/2021,540.0,540.0,520.0,531.0,-3.28,1235.0,1835.0,662.0
NABBC,3/10/2021,523.0,534.0,523.0,534.0,0.56,758.0,1835.0,662.0
NABBC,3/14/2021,540.0,540.0,501.0,503.0,-5.81,1946.0,1835.0,662.0
NABBC,3/15/2021,502.0,513.0,494.0,513.0,1.99,1277.0,1835.0,662.0
NABBC,3/16/2021,522.0,532.0,522.0,528.0,2.92,1311.0,1835.0,662.0
NABBC,3/17/2021,518.0,527.0,518.0,525.0,-0.57,218.0,1835.0,662.0
NABBC,3/18/2021,525.0,560.0,525.0,559.0,6.48,955.0,1835.0,662.0
NABBC,3/21/2021,559.0,569.0,538.0,558.0,-0.18,1958.0,1835.0,662.0
NABBC,3/22/2021,550.0,550.0,537.0,545.0,-2.33,1402.0,1835.0,662.0
NABBC,3/23/2021,555.0,571.0,535.0,540.0,-0.92,1135.0,1835.0,662.0
NABBC,3/24/2021,540.0,550.0,539.0,539.0,-0.19,316.0,1835.0,662.0
NABBC,3/25/2021,549.0,549.0,529.0,538.0,-0.19,913.0,1835.0,662.0
NABBC,3/29/2021,528.0,541.0,522.0,532.0,-1.12,495.0,1835.0,662.0
NABBC,3/30/2021,539.0,555.0,535.0,550.0,3.38,1746.0,1835.0,662.0
NABBC,3/31/2021,539.0,545.0,539.0,545.0,-0.91,170.0,1835.0,662.0
NABBC,4/1/2021,555.0,555.0,537.0,550.0,0.92,2572.0,1835.0,662.0
NABBC,4/4/2021,540.0,540.0,535.0,536.0,-2.55,213.0,1835.0,662.0
NABBC,4/5/2021,528.0,561.0,528.0,545.0,1.68,1780.0,1835.0,662.0
NABBC,4/6/2021,550.0,571.0,550.0,565.0,3.67,2615.0,1835.0,662.0
NABBC,4/7/2021,575.0,586.0,558.0,586.0,3.72,3140.0,1835.0,662.0
NABBC,4/8/2021,575.0,611.0,575.0,595.0,1.54,2555.0,1835.0,662.0
NABBC,4/12/2021,606.0,615.0,580.0,585.0,-1.68,2144.0,1835.0,662.0
NABBC,4/13/2021,595.0,595.0,584.0,595.0,1.71,650.0,1835.0,662.0
NABBC,4/15/2021,585.0,603.0,576.0,595.0,0.0,1330.0,1835.0,662.0
NABBC,4/18/2021,592.0,592.0,576.0,577.0,-3.03,408.0,1835.0,662.0
NABBC,4/19/2021,566.0,585.0,566.0,570.0,-1.21,869.0,1835.0,662.0
NABBC,4/20/2021,570.0,592.0,563.0,592.0,3.86,1640.0,1835.0,662.0
NABBC,4/21/2021,581.0,599.0,561.0,570.0,-3.72,2030.0,1835.0,662.0
NABBC,4/22/2021,560.0,592.0,560.0,574.0,0.7,1707.0,1835.0,662.0
NABBC,4/25/2021,563.0,563.0,518.0,527.0,-8.19,24805.0,1835.0,662.0
NABBC,4/26/2021,518.0,518.0,490.0,500.0,-5.12,17042.0,1835.0,662.0
NABBC,4/27/2021,490.0,526.0,490.0,513.0,2.6,11513.0,1835.0,662.0
NABBC,4/28/2021,513.0,553.0,513.0,538.0,4.87,9228.0,1835.0,662.0
NABBC,4/29/2021,540.0,541.0,509.0,530.0,-1.49,11449.0,1835.0,662.0
NABBC,5/2/2021,520.0,525.0,510.0,524.0,-1.13,7418.0,1835.0,662.0
NABBC,5/3/2021,516.0,560.0,516.0,525.0,0.19,4351.0,1835.0,662.0
NABBC,5/4/2021,520.0,525.0,518.0,522.0,-0.57,2480.0,1835.0,662.0
NABBC,5/5/2021,517.0,523.0,516.0,519.0,-0.57,2152.0,1835.0,662.0
NABBC,5/6/2021,515.0,530.0,511.0,530.0,2.12,10904.0,1835.0,662.0
NABBC,5/9/2021,528.0,529.0,512.0,516.0,-2.64,5562.0,1835.0,662.0
NABBC,5/10/2021,516.0,530.0,514.0,524.0,1.55,7017.0,1835.0,662.0
NABBC,5/11/2021,524.0,570.0,519.0,570.0,8.78,24143.0,1835.0,662.0
NABBC,5/12/2021,575.0,627.0,569.0,627.0,10.0,37347.0,1835.0,662.0
NABBC,5/13/2021,627.0,689.0,610.0,649.0,3.51,20390.0,1835.0,662.0
NABBC,5/16/2021,649.0,657.0,610.0,624.0,-3.85,27665.0,1835.0,662.0
NABBC,5/17/2021,624.0,686.0,611.0,636.0,1.92,28291.0,1835.0,662.0
NABBC,5/18/2021,648.0,660.0,631.0,659.0,3.62,6108.0,1835.0,662.0
NABBC,5/19/2021,660.0,660.0,624.0,630.0,-4.4,5285.0,1835.0,662.0
NABBC,5/20/2021,622.0,637.0,616.0,630.0,0.0,7236.0,1835.0,662.0
NABBC,5/23/2021,621.0,693.0,621.0,685.0,8.73,42750.0,1835.0,662.0
NABBC,5/24/2021,702.0,702.0,673.0,681.0,-0.58,30402.0,1835.0,662.0
NABBC,5/25/2021,685.0,740.0,681.0,725.0,6.46,30589.0,1835.0,662.0
NABBC,5/27/2021,715.0,765.0,687.0,746.0,2.9,23630.0,1835.0,662.0
NABBC,5/30/2021,746.0,750.0,721.0,727.0,-2.55,17160.0,1835.0,662.0
NABBC,5/31/2021,763.0,799.0,740.0,781.0,7.43,59257.0,1835.0,662.0
NABBC,6/1/2021,781.0,830.0,781.0,811.0,3.84,32471.0,1835.0,662.0
NABBC,6/2/2021,851.0,851.0,770.0,805.0,-0.74,12941.0,1835.0,662.0
NABBC,6/3/2021,845.0,845.0,743.0,770.0,-4.35,36472.0,1835.0,662.0
NABBC,6/6/2021,808.0,831.0,724.0,724.0,-5.97,51728.0,1835.0,662.0
NABBC,6/7/2021,724.0,724.0,683.0,702.0,-3.04,20332.0,1835.0,662.0
NABBC,6/8/2021,737.0,737.0,690.0,695.0,-1.0,13098.0,1835.0,662.0
NABBC,6/9/2021,682.0,731.0,682.0,710.0,2.16,14764.0,1835.0,662.0
NABBC,6/10/2021,724.0,724.0,687.0,710.0,0.0,8497.0,1835.0,662.0
NABBC,6/13/2021,745.0,745.0,678.0,691.0,-2.68,15779.0,1835.0,662.0
NABBC,6/14/2021,704.0,732.0,678.0,690.0,-0.14,11014.0,1835.0,662.0
NABBC,6/15/2021,703.0,717.0,660.0,667.0,-3.33,13057.0,1835.0,662.0
NABBC,6/16/2021,654.0,660.0,629.0,635.0,-4.8,9932.0,1835.0,662.0
NABBC,6/17/2021,635.0,661.0,635.0,651.0,2.52,8962.0,1835.0,662.0
NABBC,6/20/2021,651.0,654.0,608.0,652.0,0.15,10515.0,1835.0,662.0
NABBC,6/21/2021,684.0,717.0,654.0,717.0,9.97,42362.0,1835.0,662.0
NABBC,6/22/2021,752.0,764.0,716.0,724.0,0.98,21054.0,1835.0,662.0
NABBC,6/23/2021,735.0,735.0,691.0,693.0,-4.28,4877.0,1835.0,662.0
NABBC,6/24/2021,693.0,699.0,678.0,693.0,0.0,6379.0,1835.0,662.0
NABBC,6/27/2021,681.0,692.0,669.0,670.0,-3.32,6567.0,1835.0,662.0
NABBC,6/28/2021,683.0,683.0,661.0,670.0,0.0,1339.0,1835.0,662.0
NABBC,6/29/2021,683.0,683.0,651.0,652.0,-2.69,2249.0,1835.0,662.0
NABBC,6/30/2021,641.0,650.0,628.0,648.0,-0.61,4390.0,1835.0,662.0
NABBC,7/1/2021,660.0,668.0,627.0,654.0,0.93,4000.0,1835.0,662.0
NABBC,7/4/2021,650.0,663.0,633.0,640.0,-2.14,4484.0,1835.0,662.0
NABBC,7/5/2021,640.0,671.0,640.0,660.0,3.12,7503.0,1835.0,662.0
NABBC,7/6/2021,660.0,672.0,650.0,650.0,-1.52,3518.0,1835.0,662.0
NABBC,7/7/2021,662.0,664.0,650.0,664.0,2.15,2614.0,1835.0,662.0
NABBC,7/8/2021,697.0,697.0,655.0,664.0,0.0,2893.0,1835.0,662.0
NABBC,7/11/2021,677.0,704.0,672.0,698.0,5.12,8949.0,1835.0,662.0
NABBC,7/12/2021,700.0,700.0,676.0,680.0,-2.58,6753.0,1835.0,662.0
NABBC,7/13/2021,680.0,735.0,668.0,700.0,2.94,6946.0,1835.0,662.0
NABBC,7/14/2021,700.0,700.0,675.0,697.0,-0.43,2118.0,1835.0,662.0
NABBC,7/15/2021,685.0,702.0,685.0,697.0,0.0,4570.0,1835.0,662.0
NABBC,7/18/2021,697.0,700.0,685.0,691.2,-0.83,3595.0,1835.0,662.0
NABBC,7/19/2021,705.0,705.0,686.0,686.0,-0.75,3847.0,1835.0,662.0
NABBC,7/20/2021,695.0,695.0,677.0,679.0,-1.02,5150.0,1835.0,662.0
NABBC,7/22/2021,670.0,696.0,670.0,687.0,1.18,5381.0,1835.0,662.0
NABBC,7/25/2021,700.0,710.0,686.0,710.0,3.35,12808.0,1835.0,662.0
NABBC,7/26/2021,710.0,733.0,700.0,719.1,1.28,18096.0,1835.0,662.0
NABBC,7/27/2021,720.0,736.0,715.0,730.0,1.52,12752.0,1835.0,662.0
NABBC,7/28/2021,725.0,803.0,725.0,803.0,10.0,39992.0,1835.0,662.0
NABBC,7/29/2021,810.0,883.0,805.0,825.0,2.74,29022.0,1835.0,662.0
NABBC,8/1/2021,840.0,840.5,774.0,799.0,-3.15,16810.0,1835.0,662.0
NABBC,8/2/2021,784.1,801.0,784.0,797.0,-0.25,12459.0,1835.0,662.0
NABBC,8/3/2021,811.9,811.9,782.0,796.4,-0.08,11465.0,1835.0,662.0
NABBC,8/4/2021,812.3,876.0,772.0,875.0,9.87,44426.0,1835.0,662.0
NABBC,8/5/2021,888.0,888.0,836.0,864.0,-1.26,15122.0,1835.0,662.0
NABBC,8/8/2021,880.0,880.0,833.0,860.0,-0.46,21582.0,1835.0,662.0
NABBC,8/9/2021,860.0,875.0,840.0,840.0,-2.33,16913.0,1835.0,662.0
NABBC,8/10/2021,840.0,924.0,840.0,900.0,7.14,67953.0,1835.0,662.0
NABBC,8/11/2021,915.0,918.0,883.0,886.0,-1.56,15649.0,1835.0,662.0
NABBC,8/12/2021,899.0,952.0,875.0,930.0,4.97,28132.0,1835.0,662.0
NABBC,8/15/2021,912.0,912.0,859.0,882.0,-5.16,15144.0,1835.0,662.0
NABBC,8/16/2021,899.0,909.9,869.0,893.0,1.25,12924.0,1835.0,662.0
NABBC,8/17/2021,886.0,975.0,886.0,948.0,6.16,28616.0,1835.0,662.0
NABBC,8/18/2021,950.0,965.0,921.0,945.0,-0.32,14068.0,1835.0,662.0
NABBC,8/19/2021,927.0,945.0,910.4,917.0,-2.96,8053.0,1835.0,662.0
NABBC,8/24/2021,899.0,947.0,865.0,938.0,2.29,25213.0,1835.0,662.0
NABBC,8/25/2021,954.0,954.0,900.0,940.0,0.21,15139.0,1835.0,662.0
NABBC,8/26/2021,930.0,1034.0,885.0,1034.0,10.0,47001.0,1835.0,662.0
NABBC,8/29/2021,1054.6,1137.4,1054.6,1137.4,10.0,13327.0,1835.0,662.0
NABBC,8/31/2021,1160.0,1251.1,1094.1,1159.0,1.9,53806.0,1835.0,662.0
NABBC,9/1/2021,1159.0,1181.9,1130.0,1147.9,-0.96,8869.0,1835.0,662.0
NABBC,9/2/2021,1148.0,1150.0,1040.0,1069.0,-6.87,23277.0,1835.0,662.0
NABBC,9/5/2021,1047.7,1047.7,962.1,962.1,-10.0,5700.0,1835.0,662.0
NABBC,9/6/2021,942.9,1052.0,912.0,1048.0,8.93,21864.0,1835.0,662.0
NABBC,9/7/2021,1027.1,1027.1,960.0,997.4,-4.83,19805.0,1835.0,662.0
NABBC,9/8/2021,999.0,999.0,936.0,960.0,-3.75,7366.0,1835.0,662.0
NABBC,9/9/2021,979.0,1035.1,955.0,982.0,2.29,8228.0,1835.0,662.0
NABBC,9/12/2021,963.0,998.0,945.1,993.0,1.12,6994.0,1835.0,662.0
NABBC,9/13/2021,1000.0,1012.0,960.1,974.4,-1.87,7465.0,1835.0,662.0
NABBC,9/14/2021,990.9,991.0,949.0,964.0,-1.07,9699.0,1835.0,662.0
NABBC,9/15/2021,945.0,1012.0,926.1,980.0,1.66,40745.0,1835.0,662.0
NABBC,9/16/2021,960.4,999.0,917.3,932.0,-4.9,5269.0,1835.0,662.0
NABBC,9/20/2021,932.0,934.0,842.8,842.8,-9.57,10777.0,1835.0,662.0
NABBC,9/21/2021,827.1,893.0,780.0,856.5,1.63,14805.0,1835.0,662.0
NABBC,9/22/2021,873.0,906.0,860.5,890.0,3.91,6415.0,1835.0,662.0
NABBC,9/23/2021,907.0,925.1,867.0,889.4,-0.07,8619.0,1835.0,662.0
NABBC,9/26/2021,907.0,923.0,825.1,869.9,-2.19,4085.0,1835.0,662.0
NABBC,9/27/2021,853.0,853.0,809.0,841.1,-3.31,4771.0,1835.0,662.0
NABBC,9/28/2021,825.0,853.0,777.2,840.0,-0.13,11928.0,1835.0,662.0
NABBC,9/29/2021,850.0,850.0,791.1,832.0,-0.95,3397.0,1835.0,662.0
NABBC,9/30/2021,830.0,844.8,781.7,809.0,-2.76,4665.0,1835.0,662.0
NABBC,10/3/2021,824.8,824.8,728.1,785.0,-2.97,6845.0,1835.0,662.0
NABBC,10/4/2021,769.3,769.3,711.0,748.9,-4.6,4121.0,1835.0,662.0
NABBC,10/5/2021,763.0,776.0,733.1,760.0,1.48,3787.0,1835.0,662.0
NABBC,10/6/2021,773.0,815.0,760.0,775.0,1.97,3879.0,1835.0,662.0
NABBC,10/10/2021,760.0,775.0,744.8,766.5,-1.1,1876.0,1835.0,662.0
NABBC,10/11/2021,765.0,765.0,700.0,754.0,-1.63,4685.0,1835.0,662.0
NABBC,10/17/2021,769.0,769.0,740.0,754.8,0.11,40.0,1835.0,662.0
NABBC,10/18/2021,742.0,742.0,710.6,720.0,-4.61,702.0,1835.0,662.0
NABBC,10/19/2021,705.6,714.0,670.0,682.0,-5.28,3761.0,1835.0,662.0
NABBC,10/20/2021,695.0,708.9,671.1,689.0,1.03,5039.0,1835.0,662.0
NABBC,10/21/2021,700.0,700.0,672.0,689.0,0.0,892.0,1835.0,662.0
NABBC,10/24/2021,675.4,682.0,648.6,682.0,-1.02,7623.0,1835.0,662.0
NABBC,10/25/2021,694.0,717.5,672.0,705.0,3.37,3775.0,1835.0,662.0
NABBC,10/26/2021,719.0,747.0,708.0,709.0,0.57,9452.0,1835.0,662.0
NABBC,10/27/2021,722.0,773.1,707.0,749.8,5.75,8691.0,1835.0,662.0
NABBC,10/28/2021,750.0,778.9,735.0,770.0,2.69,1806.0,1835.0,662.0
NABBC,10/31/2021,765.0,800.7,750.0,793.0,2.99,10710.0,1835.0,662.0
NABBC,11/1/2021,800.0,806.0,754.1,782.0,-1.39,9270.0,1835.0,662.0
NABBC,11/2/2021,766.4,795.0,737.7,794.0,1.53,2935.0,1835.0,662.0
NABBC,11/3/2021,782.0,793.0,770.0,784.9,-1.15,3602.0,1835.0,662.0
NABBC,11/8/2021,785.0,816.5,785.0,805.0,2.56,6729.0,1835.0,662.0
NABBC,11/9/2021,802.0,803.9,762.1,791.6,-1.66,8296.0,1835.0,662.0
NABBC,11/11/2021,776.0,786.4,758.0,758.0,-4.24,4335.0,1835.0,662.0
NABBC,11/14/2021,755.0,760.0,748.0,750.0,-1.06,640.0,1835.0,662.0
NABBC,11/15/2021,765.0,790.0,765.0,772.3,2.97,1923.0,1835.0,662.0
NABBC,11/16/2021,761.8,818.7,761.8,790.0,2.29,870.0,1835.0,662.0
NABBC,11/17/2021,805.0,830.0,805.0,813.0,2.91,17109.0,1835.0,662.0
NABBC,11/18/2021,802.0,894.3,802.0,866.0,6.52,17235.0,1835.0,662.0
NABBC,11/21/2021,883.0,952.6,883.0,952.6,10.0,5088.0,1835.0,662.0
NABBC,11/22/2021,971.6,1031.0,935.0,949.0,-0.38,37793.0,1835.0,662.0
NABBC,11/23/2021,955.0,955.0,895.0,900.0,-5.16,13104.0,1835.0,662.0
NABBC,11/24/2021,890.0,895.0,870.0,893.0,-0.78,6050.0,1835.0,662.0
NABBC,11/25/2021,910.8,910.8,850.0,879.0,-1.57,8818.0,1835.0,662.0
NABBC,11/28/2021,862.0,866.0,816.5,848.0,-3.53,7757.0,1835.0,662.0
NABBC,11/29/2021,864.0,864.0,828.0,830.0,-2.12,2831.0,1835.0,662.0
NABBC,11/30/2021,846.6,863.5,824.0,856.7,3.22,2886.0,1835.0,662.0
NABBC,12/1/2021,873.0,942.3,865.0,920.0,7.39,27477.0,1835.0,662.0
NABBC,12/2/2021,938.4,957.0,913.3,925.0,0.54,15881.0,1835.0,662.0
NABBC,12/5/2021,940.0,943.0,925.0,933.9,0.96,18004.0,1835.0,662.0
NABBC,12/6/2021,933.9,938.0,882.0,922.5,-1.22,8084.0,1835.0,662.0
NABBC,12/7/2021,940.0,940.0,907.0,914.9,-0.82,6840.0,1835.0,662.0
NABBC,12/8/2021,916.1,929.9,878.0,883.0,-3.49,9380.0,1835.0,662.0
NABBC,12/9/2021,900.6,900.6,850.0,856.0,-3.06,30607.0,1835.0,662.0
NABBC,12/12/2021,518.0,518.0,475.0,485.0,-43.34,12145.0,1835.0,662.0
NABBC,12/13/2021,486.0,486.0,442.0,450.8,-7.05,8922.0,1835.0,662.0
NABBC,12/14/2021,455.0,492.2,455.0,492.0,9.14,4363.0,1835.0,662.0
NABBC,12/15/2021,501.8,525.0,489.2,498.9,1.4,6317.0,1835.0,662.0
NABBC,12/16/2021,500.0,508.0,480.0,495.0,-0.78,3657.0,1835.0,662.0
NABBC,12/20/2021,497.0,497.0,465.0,466.0,-5.86,4773.0,1835.0,662.0
NABBC,12/21/2021,466.0,483.0,456.7,475.0,1.93,3189.0,1835.0,662.0
NABBC,12/22/2021,475.0,502.0,474.0,485.0,2.11,4068.0,1835.0,662.0
NABBC,12/23/2021,494.7,530.0,494.7,528.0,8.87,28372.0,1835.0,662.0
NABBC,12/26/2021,518.0,543.0,491.0,520.0,-1.52,8347.0,1835.0,662.0
NABBC,12/27/2021,509.8,524.0,494.9,500.0,-3.85,4357.0,1835.0,662.0
NABBC,12/28/2021,490.0,504.0,479.5,502.0,0.4,3734.0,1835.0,662.0
NABBC,12/29/2021,495.0,504.0,476.0,485.0,-3.39,2537.0,1835.0,662.0
NABBC,1/2/2022,476.0,503.8,467.0,485.5,0.1,4661.0,1835.0,662.0
NABBC,1/3/2022,485.0,495.0,479.0,489.0,0.72,5196.0,1835.0,662.0
NABBC,1/4/2022,498.0,500.0,480.2,490.0,0.2,3985.0,1835.0,662.0
NABBC,1/5/2022,495.0,505.0,489.0,494.0,0.82,7426.0,1835.0,662.0
NABBC,1/6/2022,494.0,503.9,475.0,494.0,0.0,2200.0,1835.0,662.0
NABBC,1/9/2022,502.0,510.0,485.0,503.0,1.82,6222.0,1835.0,662.0
NABBC,1/10/2022,513.0,523.0,507.0,519.0,3.18,8284.0,1835.0,662.0
NABBC,1/11/2022,519.0,570.9,516.1,570.9,10.0,21672.0,1835.0,662.0
NABBC,1/12/2022,582.3,627.9,571.0,627.9,9.98,13946.0,1835.0,662.0
NABBC,1/13/2022,640.4,690.6,609.0,620.4,-1.19,16404.0,1835.0,662.0
NABBC,1/16/2022,625.0,630.0,608.1,615.0,-0.87,16627.0,1835.0,662.0
NABBC,1/17/2022,620.0,630.0,603.0,604.0,-1.79,7307.0,1835.0,662.0
NABBC,1/18/2022,604.0,610.0,572.5,580.0,-3.97,9337.0,1835.0,662.0
NABBC,1/19/2022,569.2,591.6,568.4,584.0,0.69,5421.0,1835.0,662.0
NABBC,1/20/2022,573.0,613.0,573.0,602.0,3.08,10200.0,1835.0,662.0
NABBC,1/23/2022,613.9,614.0,606.0,610.0,1.33,6750.0,1835.0,662.0
NABBC,1/24/2022,610.0,610.0,575.0,575.5,-5.66,12094.0,1835.0,662.0
NABBC,1/25/2022,575.5,590.0,564.0,577.0,0.26,4140.0,1835.0,662.0
NABBC,1/26/2022,585.0,585.0,566.1,569.0,-1.39,4841.0,1835.0,662.0
NABBC,1/27/2022,580.0,591.6,565.0,570.0,0.18,5469.0,1835.0,662.0
NABBC,1/30/2022,581.4,603.8,570.0,591.2,3.72,5293.0,1835.0,662.0
NABBC,1/31/2022,603.0,603.0,575.0,577.0,-2.4,8448.0,1835.0,662.0
NABBC,2/1/2022,575.0,584.0,570.0,580.0,0.52,7110.0,1835.0,662.0
NABBC,2/3/2022,591.6,592.0,565.0,567.1,-2.22,12124.0,1835.0,662.0
NABBC,2/6/2022,560.0,570.0,555.0,564.0,-0.55,3790.0,1835.0,662.0
NABBC,2/7/2022,570.0,575.0,556.0,560.0,-0.71,2059.0,1835.0,662.0
NABBC,2/8/2022,571.2,577.0,555.0,555.0,-0.89,2479.0,1835.0,662.0
NABBC,2/9/2022,566.0,566.0,543.0,554.0,-0.18,3033.0,1835.0,662.0
NABBC,2/10/2022,545.1,560.0,545.0,545.0,-1.62,1459.0,1835.0,662.0
NABBC,2/13/2022,535.0,535.0,500.0,500.0,-8.26,4688.0,1835.0,662.0
NABBC,2/14/2022,510.0,530.6,500.0,505.0,1.0,4028.0,1835.0,662.0
NABBC,2/15/2022,500.2,546.2,500.2,539.0,6.73,6947.0,1835.0,662.0
NABBC,2/16/2022,528.3,559.0,518.5,538.0,-0.19,2623.0,1835.0,662.0
NABBC,2/17/2022,535.0,548.0,535.0,546.9,1.65,4450.0,1835.0,662.0
NABBC,2/20/2022,537.0,540.0,520.0,521.0,-4.74,3731.0,1835.0,662.0
NABBC,2/21/2022,531.4,531.4,513.0,531.0,1.92,2309.0,1835.0,662.0
NABBC,2/22/2022,540.0,550.0,522.1,530.2,-0.15,3679.0,1835.0,662.0
NABBC,2/23/2022,540.8,565.0,530.0,541.1,2.06,5862.0,1835.0,662.0
NABBC,2/24/2022,531.0,541.6,521.0,539.0,-0.39,4313.0,1835.0,662.0
NABBC,2/27/2022,528.3,540.0,510.0,522.1,-3.14,1468.0,1835.0,662.0
NABBC,2/28/2022,522.2,543.2,511.7,520.0,-0.4,1055.0,1835.0,662.0
NABBC,3/2/2022,510.1,510.1,490.0,501.8,-3.5,4250.0,1835.0,662.0
NABBC,3/6/2022,501.8,505.0,495.0,495.1,-1.34,1947.0,1835.0,662.0
NABBC,3/7/2022,500.0,521.0,496.2,503.0,1.6,1519.0,1835.0,662.0
NABBC,3/9/2022,495.0,498.0,483.2,485.5,-3.48,2942.0,1835.0,662.0
NABBC,3/10/2022,480.0,505.0,480.0,498.0,2.57,2250.0,1835.0,662.0
NABBC,3/13/2022,507.0,540.0,507.0,538.0,8.03,4345.0,1835.0,662.0
NABBC,3/14/2022,540.0,541.0,530.5,541.0,0.56,1025.0,1835.0,662.0
NABBC,3/15/2022,531.1,531.1,523.3,523.3,-3.27,811.0,1835.0,662.0
NABBC,3/16/2022,533.7,533.7,512.1,512.1,-2.14,2660.0,1835.0,662.0
NABBC,3/20/2022,522.0,525.5,515.0,524.8,2.48,1192.0,1835.0,662.0
NABBC,3/21/2022,530.0,535.7,520.0,535.7,2.08,3428.0,1835.0,662.0
NABBC,3/22/2022,530.0,546.4,526.0,544.9,1.72,2773.0,1835.0,662.0
NABBC,3/23/2022,536.0,545.0,526.0,545.0,0.02,4015.0,1835.0,662.0
NABBC,3/24/2022,555.0,555.0,523.0,533.0,-2.2,4856.0,1835.0,662.0
NABBC,3/27/2022,543.0,543.0,503.1,505.0,-5.25,12016.0,1835.0,662.0
NABBC,3/28/2022,495.0,508.0,487.0,495.0,-1.98,8493.0,1835.0,662.0
NABBC,3/29/2022,485.1,501.0,477.0,485.0,-2.02,11423.0,1835.0,662.0
NABBC,3/30/2022,476.0,494.9,472.1,494.7,2.0,12798.0,1835.0,662.0
NABBC,3/31/2022,499.9,499.9,464.0,471.0,-4.79,7615.0,1835.0,662.0
NABBC,4/3/2022,462.0,470.0,455.0,459.9,-2.36,5056.0,1835.0,662.0
NABBC,4/4/2022,459.0,461.3,452.0,454.0,-1.28,4129.0,1835.0,662.0
NABBC,4/5/2022,450.0,450.0,425.1,425.1,-6.37,10283.0,1835.0,662.0
NABBC,4/6/2022,416.6,435.0,412.4,414.0,-2.61,5345.0,1835.0,662.0
NABBC,4/7/2022,405.8,435.0,405.8,420.1,1.47,10757.0,1835.0,662.0
NABBC,4/11/2022,428.5,440.0,411.0,415.0,-1.21,11564.0,1835.0,662.0
NABBC,4/12/2022,415.0,415.6,400.0,405.0,-2.41,4740.0,1835.0,662.0
NABBC,4/13/2022,413.1,413.1,405.0,409.1,1.01,4921.0,1835.0,662.0
NABBC,4/17/2022,409.0,417.0,393.1,393.1,-3.91,7520.0,1835.0,662.0
NABBC,4/18/2022,400.9,407.0,375.2,380.0,-3.33,5705.0,1835.0,662.0
NABBC,4/19/2022,372.4,405.0,372.4,380.0,0.0,6439.0,1835.0,662.0
NABBC,4/20/2022,377.0,377.0,363.0,371.0,-2.37,4474.0,1835.0,662.0
NABBC,4/21/2022,363.6,366.1,349.5,360.0,-2.96,7171.0,1835.0,662.0
NABBC,4/24/2022,367.0,390.1,353.0,389.0,8.06,5748.0,1835.0,662.0
NABBC,4/25/2022,396.7,400.9,377.0,388.0,-0.26,5575.0,1835.0,662.0
NABBC,4/26/2022,385.0,388.0,373.0,381.0,-1.8,2035.0,1835.0,662.0
NABBC,4/27/2022,381.0,388.0,376.0,382.0,0.26,3988.0,1835.0,662.0
NABBC,4/28/2022,388.0,392.0,381.0,383.0,0.26,5251.0,1835.0,662.0
NABBC,5/2/2022,376.1,376.1,363.0,363.0,-5.22,1585.0,1835.0,662.0
NABBC,5/4/2022,363.0,363.0,348.1,354.0,-2.48,2732.0,1835.0,662.0
NABBC,5/5/2022,347.1,347.1,333.4,345.0,-2.54,7728.0,1835.0,662.0
NABBC,5/8/2022,340.0,351.9,333.0,351.9,2.0,2202.0,1835.0,662.0
NABBC,5/9/2022,352.0,362.0,343.0,343.0,-2.53,4252.0,1835.0,662.0
NABBC,5/10/2022,344.0,363.0,338.0,360.0,4.96,2535.0,1835.0,662.0
NABBC,5/11/2022,362.0,380.0,362.0,372.0,3.33,7609.0,1835.0,662.0
NABBC,5/12/2022,375.0,377.0,363.0,374.2,0.59,6030.0,1835.0,662.0
NABBC,5/17/2022,368.0,368.0,354.0,354.0,-5.4,1382.0,1835.0,662.0
NABBC,5/18/2022,347.0,362.0,342.0,362.0,2.26,1238.0,1835.0,662.0
NABBC,5/19/2022,360.0,360.0,348.0,348.0,-3.87,1117.0,1835.0,662.0
NABBC,5/20/2022,353.5,354.8,342.1,345.0,-0.86,3406.0,1835.0,662.0
NABBC,5/23/2022,345.0,351.5,338.2,341.0,-1.16,4429.0,1835.0,662.0
NABBC,5/24/2022,347.0,354.7,336.0,354.7,4.02,6300.0,1835.0,662.0
NABBC,5/25/2022,347.7,375.0,340.8,355.0,0.08,4962.0,1835.0,662.0
NABBC,5/26/2022,347.9,377.0,347.9,377.0,6.2,6418.0,1835.0,662.0
NABBC,5/27/2022,369.6,399.4,362.0,397.0,5.31,9635.0,1835.0,662.0
NABBC,5/30/2022,389.2,390.6,367.1,388.6,-2.12,6010.0,1835.0,662.0
NABBC,5/31/2022,380.9,385.9,366.0,373.0,-4.01,5597.0,1835.0,662.0
NABBC,6/1/2022,365.6,402.9,359.0,389.0,4.29,5547.0,1835.0,662.0
NABBC,6/2/2022,390.0,390.0,376.0,381.0,-2.06,2350.0,1835.0,662.0
NABBC,6/3/2022,373.4,383.5,368.6,378.4,-0.68,6072.0,1835.0,662.0
NABBC,6/6/2022,385.9,402.9,365.0,402.9,6.47,7022.0,1835.0,662.0
NABBC,6/7/2022,410.9,443.1,410.9,417.9,3.72,23782.0,1835.0,662.0
NABBC,6/8/2022,426.2,428.0,415.0,423.0,1.22,5750.0,1835.0,662.0
NABBC,6/9/2022,421.7,436.5,415.0,415.0,-1.89,5509.0,1835.0,662.0
NABBC,6/10/2022,423.3,425.0,397.0,397.0,-4.34,5363.0,1835.0,662.0
NABBC,6/13/2022,397.0,397.0,375.2,388.0,-2.27,4922.0,1835.0,662.0
NABBC,6/14/2022,388.0,388.0,372.7,380.0,-2.06,2005.0,1835.0,662.0
NABBC,6/15/2022,373.0,375.0,372.4,375.0,-1.32,930.0,1835.0,662.0
NABBC,6/16/2022,375.0,386.0,374.9,385.0,2.67,2009.0,1835.0,662.0
NABBC,6/17/2022,380.0,380.0,373.0,380.0,-1.3,720.0,1835.0,662.0
NABBC,6/19/2022,375.0,375.0,365.0,370.0,-2.63,355.0,1835.0,662.0
NABBC,6/20/2022,362.6,364.0,343.0,352.9,-4.62,2460.0,1835.0,662.0
NABBC,6/21/2022,359.8,360.1,357.0,359.0,1.73,1980.0,1835.0,662.0
NABBC,6/22/2022,355.0,359.9,353.1,359.8,0.22,650.0,1835.0,662.0
NABBC,6/23/2022,366.9,366.9,333.0,336.0,-6.61,1460.0,1835.0,662.0
NABBC,6/24/2022,331.0,333.5,317.7,330.0,-1.79,1390.0,1835.0,662.0
NABBC,6/26/2022,323.4,360.0,323.4,359.8,9.03,3252.0,1835.0,662.0
NABBC,6/27/2022,352.7,368.2,346.0,355.0,-1.33,5023.0,1835.0,662.0
NABBC,6/28/2022,347.9,362.6,335.1,362.6,2.14,5068.0,1835.0,662.0
NABBC,6/29/2022,355.6,367.0,348.5,367.0,1.21,1739.0,1835.0,662.0
NABBC,6/30/2022,359.7,395.7,359.7,395.7,7.82,7638.0,1835.0,662.0
NABBC,7/1/2022,399.0,399.8,383.0,395.0,-0.18,1826.0,1835.0,662.0
NABBC,7/3/2022,399.3,409.0,377.0,409.0,3.54,2893.0,1835.0,662.0
NABBC,7/4/2022,417.0,426.0,392.0,393.0,-3.91,3724.0,1835.0,662.0
NABBC,7/5/2022,400.8,412.0,368.2,375.0,-4.58,3841.0,1835.0,662.0
NABBC,7/6/2022,382.5,395.0,366.0,375.0,0.0,3013.0,1835.0,662.0
NABBC,7/7/2022,382.5,390.6,368.2,385.0,2.67,3678.0,1835.0,662.0
NABBC,7/8/2022,377.3,392.7,363.4,379.0,-1.56,660.0,1835.0,662.0
NABBC,7/11/2022,371.5,371.5,348.0,354.9,-6.36,5281.0,1835.0,662.0
NABBC,7/12/2022,361.9,374.0,357.0,357.0,0.59,2193.0,1835.0,662.0
NABBC,7/13/2022,360.0,387.6,360.0,387.6,8.57,2596.0,1835.0,662.0
NABBC,7/14/2022,395.3,403.2,383.2,394.0,1.65,550.0,1835.0,662.0
NABBC,7/15/2022,401.8,401.8,379.0,380.0,-3.55,1778.0,1835.0,662.0
NABBC,7/17/2022,387.6,395.0,377.3,377.3,-0.71,167.0,1835.0,662.0
NABBC,7/18/2022,370.0,384.9,363.1,380.2,0.77,863.0,1835.0,662.0
NABBC,7/19/2022,387.8,395.5,371.9,387.9,2.03,1678.0,1835.0,662.0
NABBC,7/20/2022,395.0,395.6,386.3,391.5,0.93,1145.0,1835.0,662.0
NABBC,7/21/2022,391.0,391.0,387.0,388.0,-0.89,1683.0,1835.0,662.0
NABBC,7/22/2022,382.0,390.0,380.2,380.2,-2.01,1291.0,1835.0,662.0
NABBC,7/24/2022,387.8,402.0,375.0,395.0,3.89,6568.0,1835.0,662.0
NABBC,7/25/2022,402.9,434.5,395.0,434.5,10.0,13027.0,1835.0,662.0
NABBC,7/26/2022,443.0,455.0,423.0,425.0,-2.19,10433.0,1835.0,662.0
NABBC,7/27/2022,432.0,440.0,408.0,429.4,1.04,5764.0,1835.0,662.0
NABBC,7/28/2022,436.7,456.0,418.0,430.0,0.14,11640.0,1835.0,662.0
NABBC,7/29/2022,421.5,453.9,421.4,443.0,3.02,5599.0,1835.0,662.0
NABBC,7/31/2022,449.0,465.0,445.0,449.0,1.35,8330.0,1835.0,662.0
NABBC,8/1/2022,441.0,445.0,437.0,445.0,-0.89,8858.0,1835.0,662.0
NABBC,8/2/2022,450.0,455.0,426.0,445.0,0.0,10187.0,1835.0,662.0
NABBC,8/3/2022,453.9,477.0,447.0,469.8,5.57,21170.0,1835.0,662.0
NABBC,8/4/2022,461.0,494.0,443.2,478.3,1.81,20195.0,1835.0,662.0
NABBC,8/5/2022,487.8,487.8,465.1,470.0,-1.74,12666.0,1835.0,662.0
NABBC,8/7/2022,479.4,483.9,461.3,482.5,2.66,21135.0,1835.0,662.0
NABBC,8/8/2022,492.1,497.9,476.5,484.9,0.5,11373.0,1835.0,662.0
NABBC,8/9/2022,494.5,494.5,467.8,469.0,-3.28,6283.0,1835.0,662.0
NABBC,8/10/2022,462.0,474.0,461.5,474.0,1.07,7916.0,1835.0,662.0
NABBC,8/11/2022,483.4,483.4,462.6,468.0,-1.27,5087.0,1835.0,662.0
NABBC,8/14/2022,477.3,477.3,443.0,460.0,-1.71,4514.0,1835.0,662.0
NABBC,8/15/2022,451.3,471.9,451.0,467.0,1.52,9473.0,1835.0,662.0
NABBC,8/16/2022,476.3,513.7,462.6,462.6,-0.94,46848.0,1835.0,662.0
NABBC,8/17/2022,471.8,471.8,454.0,463.0,0.09,2567.0,1835.0,662.0
NABBC,8/18/2022,470.6,470.8,461.0,469.0,1.3,6100.0,1835.0,662.0
NABBC,8/21/2022,478.3,497.5,459.7,467.9,-0.23,5667.0,1835.0,662.0
NABBC,8/22/2022,467.9,475.0,461.0,470.0,0.45,1910.0,1835.0,662.0
NABBC,8/23/2022,479.4,479.4,460.0,461.0,-1.91,3541.0,1835.0,662.0
NABBC,8/24/2022,470.2,478.0,461.0,470.0,1.95,6390.0,1835.0,662.0
NABBC,8/25/2022,479.4,479.4,461.1,468.0,-0.43,3495.0,1835.0,662.0
NABBC,8/26/2022,458.7,462.0,452.0,462.0,-1.28,5393.0,1835.0,662.0
NABBC,8/28/2022,452.8,452.8,431.0,431.0,-6.71,2085.0,1835.0,662.0
NABBC,8/29/2022,439.6,461.0,439.6,449.0,4.18,7136.0,1835.0,662.0
NABBC,8/30/2022,457.9,467.0,448.9,450.0,0.22,1560.0,1835.0,662.0
NABBC,8/31/2022,459.0,459.0,437.0,442.0,-1.78,879.0,1835.0,662.0
NABBC,9/1/2022,450.8,450.8,428.0,437.0,-1.13,4116.0,1835.0,662.0
NABBC,9/2/2022,429.1,436.8,420.0,420.0,-3.89,6482.0,1835.0,662.0
NABBC,9/4/2022,428.4,444.0,423.5,434.5,3.45,2160.0,1835.0,662.0
NABBC,9/5/2022,426.1,433.9,422.0,433.9,-0.14,4510.0,1835.0,662.0
NABBC,9/6/2022,442.0,446.0,417.1,430.0,-0.9,3569.0,1835.0,662.0
NABBC,9/7/2022,438.6,438.6,414.0,418.0,-2.79,1605.0,1835.0,662.0
NABBC,9/8/2022,424.7,424.7,403.6,419.0,0.24,3391.0,1835.0,662.0
NABBC,9/11/2022,410.7,418.9,400.0,400.0,-4.53,3105.0,1835.0,662.0
NABBC,9/12/2022,392.1,413.4,385.0,400.0,0.0,5871.0,1835.0,662.0
NABBC,9/13/2022,392.5,415.4,392.5,404.9,1.22,1624.0,1835.0,662.0
NABBC,9/14/2022,407.0,414.3,407.0,413.0,2.0,2322.0,1835.0,662.0
NABBC,9/15/2022,419.0,419.8,391.0,395.0,-4.36,1441.0,1835.0,662.0
NABBC,9/16/2022,402.9,402.9,380.3,380.3,-3.72,2499.0,1835.0,662.0
NABBC,9/18/2022,372.7,385.0,365.4,379.9,-0.11,3123.0,1835.0,662.0
NABBC,9/20/2022,372.4,372.4,354.6,355.0,-6.55,3383.0,1835.0,662.0
NABBC,9/21/2022,362.0,368.0,355.0,361.0,1.69,2969.0,1835.0,662.0
NABBC,9/22/2022,368.2,375.3,356.0,357.0,-1.11,1011.0,1835.0,662.0
NABBC,9/25/2022,351.1,355.0,345.1,354.9,-0.59,2874.0,1835.0,662.0
NABBC,9/27/2022,354.0,372.2,348.0,368.9,3.94,2915.0,1835.0,662.0
NABBC,9/28/2022,375.8,375.8,360.7,368.9,0.0,1117.0,1835.0,662.0
NABBC,9/29/2022,376.2,376.2,368.0,372.9,1.08,1733.0,1835.0,662.0
NABBC,10/9/2022,380.3,387.6,380.0,387.3,3.86,1442.0,1835.0,662.0
NABBC,10/10/2022,394.6,395.0,367.0,374.0,-3.43,2468.0,1835.0,662.0
NABBC,10/11/2022,369.0,370.0,361.0,364.9,-2.43,1785.0,1835.0,662.0
NABBC,10/12/2022,369.9,372.0,360.0,370.0,1.4,2727.0,1835.0,662.0
NABBC,10/13/2022,377.4,384.8,367.0,377.0,1.89,1384.0,1835.0,662.0
NABBC,10/16/2022,380.0,380.0,365.0,369.0,-2.12,1784.0,1835.0,662.0
NABBC,10/17/2022,362.1,368.0,362.1,362.2,-1.84,281.0,1835.0,662.0
NABBC,10/19/2022,357.0,357.0,350.0,350.0,-3.37,1123.0,1835.0,662.0
NABBC,10/20/2022,347.0,362.9,345.0,361.9,3.4,725.0,1835.0,662.0
NABBC,10/23/2022,360.0,360.0,347.0,359.0,-0.8,1614.0,1835.0,662.0
NABBC,10/31/2022,366.0,366.0,359.0,359.0,0.0,569.0,1835.0,662.0
NABBC,11/1/2022,366.1,374.9,361.0,373.0,3.9,1878.0,1835.0,662.0
NABBC,11/2/2022,379.9,386.9,377.0,385.0,3.22,4867.0,1835.0,662.0
NABBC,11/3/2022,380.0,380.0,373.0,379.9,-1.32,625.0,1835.0,662.0
NABBC,11/6/2022,387.4,390.0,375.4,390.0,2.66,2440.0,1835.0,662.0
NABBC,11/7/2022,395.0,404.0,384.0,398.9,2.28,7928.0,1835.0,662.0
NABBC,11/8/2022,395.0,395.0,379.5,390.8,-2.03,12316.0,1835.0,662.0
NABBC,11/9/2022,385.0,389.0,368.7,368.7,-5.66,1974.0,1835.0,662.0
NABBC,11/10/2022,376.0,376.0,350.0,361.0,-2.09,3252.0,1835.0,662.0
NABBC,11/13/2022,368.2,370.0,350.0,360.0,-0.28,3060.0,1835.0,662.0
NABBC,11/14/2022,353.0,373.9,353.0,365.0,1.39,350.0,1835.0,662.0
NABBC,11/15/2022,367.9,367.9,350.6,350.6,-3.95,700.0,1835.0,662.0
NABBC,11/16/2022,355.0,370.0,352.0,370.0,5.53,2154.0,1835.0,662.0
NABBC,11/17/2022,377.4,377.4,363.1,369.0,-0.27,2612.0,1835.0,662.0
NABBC,11/22/2022,376.3,383.0,356.0,357.0,-3.25,1559.0,1835.0,662.0
NABBC,11/23/2022,364.0,370.0,352.0,352.0,-1.4,2816.0,1835.0,662.0
NABBC,11/24/2022,345.0,361.0,345.0,355.2,0.91,149.0,1835.0,662.0
NABBC,11/27/2022,362.3,370.0,355.8,360.0,1.35,3240.0,1835.0,662.0
NABBC,11/28/2022,367.2,372.0,360.0,364.0,1.11,1457.0,1835.0,662.0
NABBC,11/29/2022,364.5,369.9,357.4,367.0,0.82,2860.0,1835.0,662.0
NABBC,11/30/2022,366.0,371.0,360.0,371.0,1.09,589.0,1835.0,662.0
NABBC,12/1/2022,370.9,371.0,364.0,366.0,-1.35,905.0,1835.0,662.0
NABBC,12/4/2022,360.2,360.5,360.1,360.5,-1.5,1584.0,1835.0,662.0
NABBC,12/5/2022,361.0,367.9,355.0,367.9,2.05,1350.0,1835.0,662.0
NABBC,12/6/2022,366.0,366.0,360.7,365.9,-0.54,526.0,1835.0,662.0
NABBC,12/7/2022,369.7,369.7,348.1,348.1,-4.86,1530.0,1835.0,662.0
NABBC,12/11/2022,347.3,354.0,345.0,345.1,-0.86,3232.0,1835.0,662.0
NABBC,12/12/2022,345.0,358.0,345.0,350.1,1.45,1790.0,1835.0,662.0
NABBC,12/13/2022,350.0,385.1,345.1,358.0,2.26,2284.0,1835.0,662.0
NABBC,12/14/2022,351.1,387.0,351.1,363.0,1.4,400.0,1835.0,662.0
NABBC,12/15/2022,356.0,356.0,348.0,348.0,-4.13,2503.0,1835.0,662.0
NABBC,12/18/2022,350.0,360.0,336.0,347.0,-0.29,3999.0,1835.0,662.0
NABBC,12/19/2022,347.0,348.0,340.2,340.2,-1.96,1111.0,1835.0,662.0
NABBC,12/20/2022,347.0,354.9,340.0,354.9,4.32,1583.0,1835.0,662.0
NABBC,12/21/2022,359.0,359.0,349.0,352.0,-0.82,2094.0,1835.0,662.0
NABBC,12/22/2022,350.0,357.0,346.3,357.0,1.42,1751.0,1835.0,662.0
NABBC,12/26/2022,363.0,366.1,358.0,366.0,2.52,2373.0,1835.0,662.0
NABBC,12/27/2022,373.0,386.9,366.0,386.0,5.46,15711.0,1835.0,662.0
NABBC,12/28/2022,390.9,393.0,380.0,393.0,1.81,3821.0,1835.0,662.0
NABBC,12/29/2022,400.8,402.0,383.2,395.0,0.51,5298.0,1835.0,662.0
NABBC,1/1/2023,402.9,413.0,380.0,387.0,-2.03,18054.0,1835.0,662.0
NABBC,1/2/2023,381.0,398.8,381.0,397.0,2.58,4147.0,1835.0,662.0
NABBC,1/3/2023,404.0,404.9,390.0,399.0,0.5,4198.0,1835.0,662.0
NABBC,1/4/2023,406.0,426.0,390.1,426.0,6.77,14464.0,1835.0,662.0
NABBC,1/5/2023,432.0,433.0,411.0,414.0,-2.82,12369.0,1835.0,662.0
NABBC,1/8/2023,415.1,447.5,398.0,430.0,3.86,12580.0,1835.0,662.0
NABBC,1/9/2023,431.0,445.0,427.0,437.9,1.84,10772.0,1835.0,662.0
NABBC,1/10/2023,446.0,460.0,440.0,446.0,1.85,23488.0,1835.0,662.0
NABBC,1/12/2023,453.9,462.0,445.0,448.0,0.45,17997.0,1835.0,662.0
NABBC,1/17/2023,445.0,478.0,440.0,475.0,6.03,16939.0,1835.0,662.0
NABBC,1/18/2023,484.5,500.0,462.0,469.0,-1.26,10872.0,1835.0,662.0
NABBC,1/19/2023,478.3,478.3,455.7,467.0,-0.43,2858.0,1835.0,662.0
NABBC,1/23/2023,457.7,465.0,449.0,458.9,-1.73,5897.0,1835.0,662.0
NABBC,1/24/2023,450.0,458.9,445.9,458.9,0.0,10395.0,1835.0,662.0
NABBC,1/25/2023,455.0,464.0,450.0,457.0,-0.41,8660.0,1835.0,662.0
NABBC,1/26/2023,453.0,468.0,453.0,464.5,1.64,13787.0,1835.0,662.0
NABBC,1/29/2023,458.0,468.9,441.0,468.9,0.95,21898.0,1835.0,662.0
NABBC,1/30/2023,460.0,474.9,442.0,442.0,-5.74,24520.0,1835.0,662.0
NABBC,1/31/2023,433.5,442.0,426.0,430.1,-2.69,2620.0,1835.0,662.0
NABBC,2/1/2023,430.0,438.6,421.4,435.9,1.35,2451.0,1835.0,662.0
NABBC,2/2/2023,443.0,443.0,416.5,425.4,-2.41,3176.0,1835.0,662.0
NABBC,2/5/2023,417.0,430.4,415.0,425.0,-0.09,820.0,1835.0,662.0
NABBC,2/6/2023,424.0,431.0,420.0,431.0,1.41,1020.0,1835.0,662.0
NABBC,2/7/2023,435.0,443.0,433.0,441.7,2.48,5734.0,1835.0,662.0
NABBC,2/8/2023,450.0,458.9,433.0,440.9,-0.18,2932.0,1835.0,662.0
NABBC,2/9/2023,433.3,444.0,424.6,440.0,-0.2,960.0,1835.0,662.0
NABBC,2/12/2023,431.2,431.2,423.0,425.0,-3.41,1295.0,1835.0,662.0
NABBC,2/14/2023,418.0,425.0,418.0,425.0,0.0,2112.0,1835.0,662.0
NABBC,2/15/2023,430.0,430.0,418.1,425.0,0.0,1640.0,1835.0,662.0
NABBC,2/16/2023,422.0,423.0,420.0,423.0,-0.47,1692.0,1835.0,662.0
NABBC,2/20/2023,414.9,414.9,412.0,413.8,-2.17,1140.0,1835.0,662.0
NABBC,2/22/2023,422.0,432.0,416.6,430.0,3.91,427.0,1835.0,662.0
NABBC,2/23/2023,422.0,425.0,413.0,425.0,-1.16,4600.0,1835.0,662.0
NABBC,2/26/2023,419.0,419.0,406.9,419.0,-1.41,3382.0,1835.0,662.0
NABBC,2/27/2023,424.0,424.0,405.0,421.0,0.48,1977.0,1835.0,662.0
NABBC,2/28/2023,421.0,437.0,413.1,421.5,0.12,798.0,1835.0,662.0
NABBC,3/1/2023,413.3,429.9,406.3,429.9,1.99,3065.0,1835.0,662.0
NABBC,3/2/2023,421.4,421.4,406.8,413.0,-3.93,1409.0,1835.0,662.0
NABBC,3/5/2023,413.0,413.0,392.0,400.0,-3.15,3818.0,1835.0,662.0
NABBC,3/7/2023,407.8,409.9,393.0,400.0,0.0,1919.0,1835.0,662.0
NABBC,3/9/2023,408.0,416.9,408.0,416.9,4.22,435.0,1835.0,662.0
NABBC,3/12/2023,408.7,414.8,405.5,407.0,-2.37,1954.0,1835.0,662.0
NABBC,3/13/2023,414.0,414.0,403.0,411.0,0.98,3358.0,1835.0,662.0
NABBC,3/14/2023,411.0,411.0,403.6,407.1,-0.95,3546.0,1835.0,662.0
NABBC,3/15/2023,408.0,425.0,402.1,411.0,0.96,5269.0,1835.0,662.0
NABBC,3/16/2023,405.1,414.5,405.1,414.5,0.85,1040.0,1835.0,662.0
NABBC,3/19/2023,407.0,415.0,402.0,413.1,-0.34,7667.0,1835.0,662.0
NABBC,3/20/2023,419.7,419.7,405.0,416.0,0.7,3555.0,1835.0,662.0
NABBC,3/22/2023,416.0,416.0,407.0,412.0,-0.96,1780.0,1835.0,662.0
NABBC,3/23/2023,414.0,414.0,402.8,403.0,-2.18,205.0,1835.0,662.0
NABBC,3/26/2023,411.0,418.0,376.0,383.5,-4.84,4733.0,1835.0,662.0
NABBC,3/27/2023,391.1,398.8,391.0,395.0,3.0,630.0,1835.0,662.0
NABBC,3/28/2023,395.1,404.0,395.1,400.0,1.27,1962.0,1835.0,662.0
NABBC,3/29/2023,400.0,404.9,385.0,404.9,1.22,142.0,1835.0,662.0
NABBC,3/30/2023,400.0,418.0,393.0,404.4,-0.12,3159.0,1835.0,662.0
NABBC,4/2/2023,405.0,405.0,392.0,392.0,-3.07,1360.0,1835.0,662.0
NABBC,4/3/2023,392.0,392.0,392.0,392.0,0.0,1120.0,1835.0,662.0
NABBC,4/4/2023,386.0,391.9,386.0,391.9,-0.03,134.0,1835.0,662.0
NABBC,4/5/2023,398.0,400.0,389.0,389.0,-0.74,16295.0,1835.0,662.0
NABBC,4/6/2023,383.5,393.6,368.1,391.0,0.51,4595.0,1835.0,662.0
NABBC,4/9/2023,391.0,398.0,376.0,376.0,-3.84,980.0,1835.0,662.0
NABBC,4/10/2023,370.0,389.0,370.0,379.0,0.8,571.0,1835.0,662.0
NABBC,4/11/2023,384.0,394.0,384.0,394.0,3.96,655.0,1835.0,662.0
NABBC,4/12/2023,401.8,417.0,393.8,417.0,5.84,3989.0,1835.0,662.0
NABBC,4/13/2023,417.0,417.0,401.0,408.0,-2.16,770.0,1835.0,662.0
NABBC,4/16/2023,400.0,408.0,400.0,400.0,-1.96,860.0,1835.0,662.0
NABBC,4/17/2023,408.0,408.0,393.1,393.1,-1.72,390.0,1835.0,662.0
NABBC,4/18/2023,400.0,400.0,390.0,392.0,-0.28,385.0,1835.0,662.0
NABBC,4/19/2023,394.0,394.0,392.1,392.1,0.03,220.0,1835.0,662.0
NABBC,4/20/2023,386.4,387.0,386.3,387.0,-1.3,175.0,1835.0,662.0
NABBC,4/23/2023,387.0,387.0,375.0,382.0,-1.29,378.0,1835.0,662.0
NABBC,4/24/2023,387.0,388.0,380.0,387.6,1.47,1570.0,1835.0,662.0
NABBC,4/25/2023,388.0,394.8,388.0,394.8,1.86,60.0,1835.0,662.0
NABBC,4/26/2023,387.0,387.0,381.0,381.0,-3.5,140.0,1835.0,662.0
NABBC,4/30/2023,388.0,390.0,373.4,388.9,2.07,1215.0,1835.0,662.0
NABBC,5/2/2023,381.3,381.3,381.2,381.2,-1.98,60.0,1835.0,662.0
NABBC,5/3/2023,388.8,388.8,382.0,382.0,0.21,30.0,1835.0,662.0
NABBC,5/4/2023,374.4,381.8,374.4,377.0,-1.31,160.0,1835.0,662.0
NABBC,5/8/2023,384.5,384.5,369.0,370.0,-1.86,254.0,1835.0,662.0
NABBC,5/9/2023,376.8,377.0,365.0,372.0,0.54,10450.0,1835.0,662.0
NABBC,5/10/2023,370.1,377.0,370.1,370.4,-0.43,310.0,1835.0,662.0
NABBC,5/11/2023,372.0,372.0,363.6,363.6,-1.84,255.0,1835.0,662.0
NABBC,5/14/2023,358.0,374.0,358.0,374.0,2.86,132.0,1835.0,662.0
NABBC,5/15/2023,370.0,378.0,370.0,378.0,1.07,580.0,1835.0,662.0
NABBC,5/16/2023,380.0,380.0,370.0,377.0,-0.26,1335.0,1835.0,662.0
NABBC,5/17/2023,374.9,375.0,370.0,375.0,-0.53,1540.0,1835.0,662.0
NABBC,5/18/2023,375.0,380.0,370.0,380.0,1.33,627.0,1835.0,662.0
NABBC,5/21/2023,379.9,387.4,376.2,387.4,1.95,1609.0,1835.0,662.0
NABBC,5/22/2023,379.7,387.0,375.0,387.0,-0.1,2375.0,1835.0,662.0
NABBC,5/23/2023,387.6,394.0,385.5,390.0,0.78,5436.0,1835.0,662.0
NABBC,5/24/2023,390.0,390.0,384.0,390.0,0.0,2780.0,1835.0,662.0
NABBC,5/28/2023,385.0,387.0,369.0,387.0,-0.77,3025.0,1835.0,662.0
NABBC,5/30/2023,380.0,384.9,360.0,384.9,-0.54,3371.0,1835.0,662.0
NABBC,5/31/2023,380.0,380.0,360.0,367.0,-4.65,1860.0,1835.0,662.0
NABBC,6/1/2023,360.1,372.0,360.0,361.6,-1.47,475.0,1835.0,662.0
NABBC,6/4/2023,368.8,383.0,368.8,383.0,5.92,30.0,1835.0,662.0
NABBC,6/5/2023,375.5,376.9,364.6,376.9,-1.59,3606.0,1835.0,662.0
NABBC,6/6/2023,379.5,379.5,370.3,370.4,-1.72,985.0,1835.0,662.0
NABBC,6/7/2023,377.7,377.7,364.0,372.0,0.43,1798.0,1835.0,662.0
NABBC,6/8/2023,372.0,372.0,366.0,370.0,-0.54,210.0,1835.0,662.0
NABBC,6/11/2023,373.0,395.0,373.0,394.0,6.49,6259.0,1835.0,662.0
NABBC,6/12/2023,401.0,401.0,381.0,385.0,-2.28,4150.0,1835.0,662.0
NABBC,6/13/2023,390.0,401.0,390.0,393.0,2.08,3458.0,1835.0,662.0
NABBC,6/14/2023,398.9,426.0,395.0,406.9,3.54,17735.0,1835.0,662.0
NABBC,6/15/2023,403.0,414.9,399.0,404.9,-0.49,8753.0,1835.0,662.0
NABBC,6/18/2023,412.9,412.9,397.0,405.0,0.02,3300.0,1835.0,662.0
NABBC,6/19/2023,397.0,429.7,397.0,417.8,3.16,6359.0,1835.0,662.0
NABBC,6/20/2023,417.0,434.9,409.5,410.0,-1.87,4718.0,1835.0,662.0
NABBC,6/21/2023,408.0,416.1,393.1,405.0,-1.22,3065.0,1835.0,662.0
NABBC,6/22/2023,400.0,411.9,400.0,402.0,-0.74,1657.0,1835.0,662.0
NABBC,6/25/2023,409.9,426.0,408.0,426.0,5.97,3305.0,1835.0,662.0
NABBC,6/26/2023,434.5,451.0,419.0,429.0,0.7,14450.0,1835.0,662.0
NABBC,6/27/2023,434.8,443.4,426.2,442.0,3.03,5981.0,1835.0,662.0
NABBC,6/28/2023,434.0,435.0,422.0,422.0,-4.52,2960.0,1835.0,662.0
NABBC,7/2/2023,414.0,429.0,406.0,414.0,-1.9,1546.0,1835.0,662.0
NABBC,7/3/2023,414.0,423.3,407.0,423.3,2.25,1749.0,1835.0,662.0
NABBC,7/4/2023,414.9,414.9,404.5,413.0,-2.43,3527.0,1835.0,662.0
NABBC,7/5/2023,406.0,406.0,397.0,397.3,-3.8,1729.0,1835.0,662.0
NABBC,7/6/2023,391.3,413.3,391.2,411.0,3.45,1190.0,1835.0,662.0
NABBC,7/9/2023,417.0,417.0,411.0,413.0,0.49,5134.0,1835.0,662.0
NABBC,7/10/2023,419.0,419.0,406.0,406.0,-1.69,220.0,1835.0,662.0
NABBC,7/11/2023,410.0,430.0,410.0,423.0,4.19,4175.0,1835.0,662.0
NABBC,7/12/2023,431.0,431.0,412.0,412.0,-2.6,2662.0,1835.0,662.0
NABBC,7/13/2023,409.0,440.0,409.0,410.0,-0.49,7958.0,1835.0,662.0
NABBC,7/16/2023,405.5,435.0,405.5,414.0,0.98,2030.0,1835.0,662.0
NABBC,7/17/2023,422.2,439.0,414.0,419.1,1.23,1994.0,1835.0,662.0
NABBC,7/18/2023,427.0,445.0,418.5,437.5,4.39,9423.0,1835.0,662.0
NABBC,7/19/2023,437.0,446.2,431.0,431.0,-1.49,1845.0,1835.0,662.0
NABBC,7/20/2023,437.9,438.0,407.0,429.0,-0.46,34297.0,1835.0,662.0
NABBC,7/23/2023,430.0,460.0,424.1,455.0,6.06,10799.0,1835.0,662.0
NABBC,7/24/2023,455.0,458.0,430.0,439.0,-3.52,15377.0,1835.0,662.0
NABBC,7/25/2023,447.3,447.3,419.0,437.7,-0.3,3341.0,1835.0,662.0
NABBC,7/26/2023,445.0,445.0,419.0,427.9,-2.24,1033.0,1835.0,662.0
NABBC,7/27/2023,419.5,425.0,412.0,412.0,-3.72,2583.0,1835.0,662.0
NABBC,7/30/2023,420.0,427.0,403.8,414.9,0.7,2271.0,1835.0,662.0
NABBC,7/31/2023,415.0,417.6,403.0,403.0,-2.87,4786.0,1835.0,662.0
NABBC,8/1/2023,411.0,419.0,405.0,410.0,1.74,4043.0,1835.0,662.0
NABBC,8/2/2023,410.0,418.2,402.0,415.0,1.22,1350.0,1835.0,662.0
NABBC,8/3/2023,407.1,412.0,405.0,405.0,-2.41,810.0,1835.0,662.0
NABBC,8/6/2023,397.2,397.2,382.3,389.9,-3.73,1500.0,1835.0,662.0
NABBC,8/7/2023,397.0,410.0,389.1,408.9,4.87,3335.0,1835.0,662.0
NABBC,8/8/2023,401.0,401.0,393.0,395.0,-3.4,1087.0,1835.0,662.0
NABBC,8/9/2023,388.2,410.0,387.1,410.0,3.8,1590.0,1835.0,662.0
NABBC,8/10/2023,411.0,411.0,395.0,395.0,-3.66,270.0,1835.0,662.0
NABBC,8/13/2023,395.0,418.0,387.7,406.5,2.91,1154.0,1835.0,662.0
NABBC,8/14/2023,400.0,414.6,398.4,398.9,-1.87,2091.0,1835.0,662.0
NABBC,8/15/2023,405.0,405.0,390.0,397.7,-0.3,9500.0,1835.0,662.0
NABBC,8/16/2023,403.9,403.9,396.0,402.8,1.28,467.0,1835.0,662.0
NABBC,8/17/2023,401.0,401.0,394.8,394.8,-1.99,60.0,1835.0,662.0
NABBC,8/20/2023,388.0,388.0,371.8,372.1,-5.75,1150.0,1835.0,662.0
NABBC,8/21/2023,373.0,379.3,371.0,376.5,1.18,3360.0,1835.0,662.0
NABBC,8/22/2023,369.0,384.0,369.0,384.0,1.99,290.0,1835.0,662.0
NABBC,8/23/2023,379.0,390.0,379.0,390.0,1.56,80.0,1835.0,662.0
NABBC,8/24/2023,390.0,390.0,375.0,375.0,-3.85,602.0,1835.0,662.0
NABBC,8/27/2023,375.0,376.0,370.0,376.0,0.27,1713.0,1835.0,662.0
NABBC,8/28/2023,378.0,383.0,378.0,383.0,1.86,600.0,1835.0,662.0
NABBC,8/29/2023,375.4,382.0,375.4,381.5,-0.39,380.0,1835.0,662.0
NABBC,8/30/2023,375.2,381.5,375.2,381.5,0.0,130.0,1835.0,662.0
NABBC,9/3/2023,373.9,380.0,373.9,375.2,-1.65,1488.0,1835.0,662.0
NABBC,9/4/2023,375.2,375.3,368.1,369.0,-1.65,1380.0,1835.0,662.0
NABBC,9/5/2023,365.0,375.0,362.0,375.0,1.63,571.0,1835.0,662.0
NABBC,9/7/2023,369.1,369.1,360.2,360.2,-3.95,707.0,1835.0,662.0
NABBC,9/10/2023,360.5,375.0,360.0,367.0,1.89,1120.0,1835.0,662.0
NABBC,9/11/2023,374.0,380.0,374.0,375.0,2.18,625.0,1835.0,662.0
NABBC,9/12/2023,375.0,377.0,370.0,370.0,-1.33,600.0,1835.0,662.0
NABBC,9/13/2023,362.6,375.0,360.1,374.0,1.08,900.0,1835.0,662.0
NABBC,9/17/2023,368.0,368.0,356.2,356.2,-4.76,1837.0,1835.0,662.0
NABBC,9/18/2023,350.0,362.0,350.0,360.0,1.07,465.0,1835.0,662.0
NABBC,9/19/2023,366.0,374.5,365.1,365.1,1.42,735.0,1835.0,662.0
NABBC,9/21/2023,372.4,395.3,370.0,387.0,6.0,1956.0,1835.0,662.0
NABBC,9/24/2023,379.5,379.5,379.4,379.4,-1.96,75.0,1835.0,662.0
NABBC,9/25/2023,372.7,379.0,371.9,379.0,-0.11,530.0,1835.0,662.0
NABBC,9/26/2023,386.5,389.9,377.3,377.3,-0.45,900.0,1835.0,662.0
NABBC,9/27/2023,375.0,375.0,370.0,370.0,-1.93,695.0,1835.0,662.0
NABBC,10/1/2023,363.0,363.0,360.0,361.1,-2.41,693.0,1835.0,662.0
NABBC,10/2/2023,360.0,375.7,356.0,362.0,0.25,1540.0,1835.0,662.0
NABBC,10/3/2023,369.2,369.2,358.0,358.0,-1.1,3125.0,1835.0,662.0
NABBC,10/4/2023,365.1,372.4,361.0,361.0,0.84,898.0,1835.0,662.0
NABBC,10/5/2023,368.2,368.2,360.1,360.1,-0.25,425.0,1835.0,662.0
NABBC,10/8/2023,353.1,365.0,344.5,365.0,1.36,3453.0,1835.0,662.0
NABBC,10/9/2023,363.1,390.0,355.8,372.0,1.92,2466.0,1835.0,662.0
NABBC,10/10/2023,365.0,376.0,358.0,376.0,1.08,1220.0,1835.0,662.0
NABBC,10/11/2023,368.5,373.7,368.5,373.7,-0.61,110.0,1835.0,662.0
NABBC,10/12/2023,366.3,370.0,352.1,370.0,-0.99,2597.0,1835.0,662.0
NABBC,10/16/2023,362.6,370.0,355.4,370.0,0.0,45.0,1835.0,662.0
NABBC,10/17/2023,362.6,369.9,355.4,369.9,-0.03,250.0,1835.0,662.0
NABBC,10/18/2023,370.0,370.0,364.0,370.0,0.03,320.0,1835.0,662.0
NABBC,10/29/2023,362.6,374.0,350.0,374.0,1.08,360.0,1835.0,662.0
NABBC,10/30/2023,374.0,374.0,368.0,374.0,0.0,151.0,1835.0,662.0
NABBC,10/31/2023,374.0,374.0,374.0,374.0,0.0,400.0,1835.0,662.0
NABBC,11/1/2023,366.6,366.6,352.8,366.4,-2.03,1870.0,1835.0,662.0
NABBC,11/2/2023,360.0,370.0,352.0,370.0,0.98,1500.0,1835.0,662.0
NABBC,11/6/2023,363.0,363.0,362.6,362.6,-2.0,95.0,1835.0,662.0
NABBC,11/7/2023,362.0,366.0,355.5,355.5,-1.96,2740.0,1835.0,662.0
NABBC,11/8/2023,351.0,357.0,350.0,351.0,-1.27,605.0,1835.0,662.0
NABBC,11/9/2023,353.0,356.0,347.0,356.0,1.42,1061.0,1835.0,662.0
NABBC,11/20/2023,362.0,368.9,361.4,363.5,2.11,740.0,1835.0,662.0
NABBC,11/21/2023,357.0,363.9,350.0,363.9,0.11,210.0,1835.0,662.0
NABBC,11/22/2023,369.9,369.9,365.0,365.0,0.3,90.0,1835.0,662.0
NABBC,11/23/2023,357.7,365.0,357.7,365.0,0.0,20.0,1835.0,662.0
NABBC,11/26/2023,365.0,370.0,353.1,370.0,1.37,685.0,1835.0,662.0
NABBC,11/27/2023,363.0,375.0,356.5,375.0,1.35,970.0,1835.0,662.0
NABBC,11/28/2023,370.0,370.0,355.0,355.0,-5.33,1595.0,1835.0,662.0
NABBC,11/29/2023,360.0,362.0,353.1,362.0,1.97,2555.0,1835.0,662.0
NABBC,11/30/2023,356.1,356.1,349.0,349.0,-3.59,570.0,1835.0,662.0
NABBC,12/3/2023,342.1,350.0,342.1,350.0,0.29,175.0,1835.0,662.0
NABBC,12/4/2023,343.1,355.9,343.1,355.9,1.69,30.0,1835.0,662.0
NABBC,12/6/2023,359.9,359.9,343.0,359.9,1.12,561.0,1835.0,662.0
NABBC,12/7/2023,366.0,366.0,345.0,358.0,-0.53,845.0,1835.0,662.0
NABBC,12/10/2023,364.0,365.0,364.0,365.0,1.96,350.0,1835.0,662.0
NABBC,12/11/2023,365.0,365.0,357.7,358.0,-1.92,2193.0,1835.0,662.0
NABBC,12/12/2023,364.9,370.0,359.0,365.0,1.96,2652.0,1835.0,662.0
NABBC,12/13/2023,371.0,390.1,370.0,380.0,4.11,3591.0,1835.0,662.0
NABBC,12/14/2023,372.4,387.6,366.0,385.0,1.32,1568.0,1835.0,662.0
NABBC,12/17/2023,391.0,391.0,370.0,390.0,1.3,34660.0,1835.0,662.0
NABBC,12/18/2023,382.2,415.0,382.2,406.7,4.28,10361.0,1835.0,662.0
NABBC,12/19/2023,413.5,414.0,381.0,410.0,0.81,17525.0,1835.0,662.0
NABBC,12/20/2023,401.9,401.9,386.1,396.7,-3.24,39151.0,1835.0,662.0
NABBC,12/21/2023,402.0,402.0,382.0,382.0,-3.71,5074.0,1835.0,662.0
NABBC,12/24/2023,381.0,385.0,376.0,376.2,-1.52,2572.0,1835.0,662.0
NABBC,12/27/2023,383.7,386.0,371.0,379.0,0.74,3320.0,1835.0,662.0
NABBC,12/28/2023,371.5,378.9,365.0,377.8,-0.32,3975.0,1835.0,662.0
NABBC,1/1/2024,377.8,377.8,363.6,376.0,-0.48,4895.0,1835.0,662.0
NABBC,1/2/2024,368.6,371.6,365.1,371.6,-1.17,2299.0,1835.0,662.0
NABBC,1/3/2024,371.6,376.9,369.0,376.9,1.43,4641.0,1835.0,662.0
NABBC,1/4/2024,379.9,396.1,379.9,396.1,5.09,16158.0,1835.0,662.0
NABBC,1/7/2024,404.0,435.7,404.0,415.7,4.95,56306.0,1835.0,662.0
NABBC,1/8/2024,417.0,421.0,393.0,393.0,-5.46,13825.0,1835.0,662.0
NABBC,1/9/2024,400.8,432.0,400.8,419.8,6.82,17253.0,1835.0,662.0
NABBC,1/10/2024,428.0,440.0,415.0,421.9,0.5,31490.0,1835.0,662.0
NABBC,1/11/2024,414.0,421.2,409.0,413.0,-2.11,6666.0,1835.0,662.0
NABBC,1/14/2024,421.2,430.4,408.0,415.0,0.48,9027.0,1835.0,662.0
NABBC,1/16/2024,423.3,431.7,415.0,420.0,1.2,15798.0,1835.0,662.0
NABBC,1/17/2024,427.9,428.0,415.0,415.0,-1.19,16674.0,1835.0,662.0
NABBC,1/18/2024,411.5,415.0,403.0,403.0,-2.89,6112.0,1835.0,662.0
NABBC,1/21/2024,411.0,411.0,400.0,407.0,0.99,3399.0,1835.0,662.0
NABBC,1/22/2024,399.0,415.1,399.0,404.0,-0.74,4853.0,1835.0,662.0
NABBC,1/23/2024,412.0,420.0,403.6,405.0,0.25,4269.0,1835.0,662.0
NABBC,1/24/2024,413.1,417.0,405.0,408.8,0.94,4114.0,1835.0,662.0
NABBC,1/25/2024,416.0,416.9,398.0,400.1,-2.13,4494.0,1835.0,662.0
NABBC,1/28/2024,408.1,408.1,398.7,401.0,0.22,1735.0,1835.0,662.0
NABBC,1/29/2024,408.3,413.0,405.0,408.0,1.75,3586.0,1835.0,662.0
NABBC,1/30/2024,411.0,411.0,400.0,409.0,0.25,3681.0,1835.0,662.0
NABBC,1/31/2024,409.0,409.0,395.0,405.0,-0.98,4728.0,1835.0,662.0
NABBC,2/1/2024,406.9,406.9,395.0,395.0,-2.47,1280.0,1835.0,662.0
NABBC,2/4/2024,395.0,403.4,390.1,398.0,0.76,3202.0,1835.0,662.0
NABBC,2/5/2024,405.9,408.0,398.1,405.8,1.96,2450.0,1835.0,662.0
NABBC,2/6/2024,413.9,415.0,405.7,408.3,0.62,1483.0,1835.0,662.0
NABBC,2/7/2024,401.3,408.0,395.0,404.0,-1.05,3133.0,1835.0,662.0
NABBC,2/8/2024,397.5,422.9,397.0,419.9,3.94,8405.0,1835.0,662.0
NABBC,2/11/2024,420.0,430.0,412.5,419.0,-0.21,11972.0,1835.0,662.0
NABBC,2/12/2024,425.0,425.0,410.0,420.0,0.24,7760.0,1835.0,662.0
NABBC,2/13/2024,428.4,428.4,403.5,413.8,-1.48,7298.0,1835.0,662.0
NABBC,2/14/2024,419.9,429.4,411.2,428.9,3.65,16575.0,1835.0,662.0
NABBC,2/15/2024,428.9,442.0,421.2,430.0,0.26,28055.0,1835.0,662.0
NABBC,2/18/2024,428.1,428.1,420.1,423.6,-1.49,9040.0,1835.0,662.0
NABBC,2/20/2024,420.0,423.0,412.1,420.0,-0.85,6250.0,1835.0,662.0
NABBC,2/21/2024,423.8,427.0,421.0,421.0,0.24,1103.0,1835.0,662.0
NABBC,2/22/2024,427.0,427.0,410.0,416.3,-1.12,9040.0,1835.0,662.0
NABBC,2/25/2024,412.0,412.0,401.0,410.2,-1.47,3777.0,1835.0,662.0
NABBC,2/26/2024,407.0,417.5,405.1,417.5,1.78,4665.0,1835.0,662.0
NABBC,2/27/2024,417.0,419.0,413.4,419.0,0.36,2095.0,1835.0,662.0
NABBC,2/28/2024,412.0,420.0,408.2,414.0,-1.19,2099.0,1835.0,662.0
NABBC,2/29/2024,422.0,422.0,392.0,407.0,-1.69,11999.0,1835.0,662.0
NABBC,3/3/2024,407.0,407.0,400.0,405.0,-0.49,2070.0,1835.0,662.0
NABBC,3/4/2024,413.0,429.7,413.0,429.7,6.1,340.0,1835.0,662.0
NABBC,3/5/2024,421.2,421.2,398.0,398.0,-7.38,6913.0,1835.0,662.0
NABBC,3/6/2024,405.9,409.0,395.1,407.0,2.26,3545.0,1835.0,662.0
NABBC,3/7/2024,407.0,407.0,395.2,407.0,0.0,3822.0,1835.0,662.0
NABBC,3/10/2024,402.0,415.0,402.0,406.0,-0.25,3895.0,1835.0,662.0
NABBC,3/12/2024,412.9,417.0,405.0,415.0,2.22,2856.0,1835.0,662.0
NABBC,3/13/2024,418.9,419.0,408.2,408.2,-1.64,1698.0,1835.0,662.0
NABBC,3/14/2024,401.6,416.0,401.6,403.0,-1.27,3560.0,1835.0,662.0
NABBC,3/17/2024,396.0,425.0,396.0,412.7,2.41,7316.0,1835.0,662.0
NABBC,3/18/2024,420.9,428.0,415.0,418.0,1.28,18176.0,1835.0,662.0
NABBC,3/19/2024,418.0,436.0,412.4,433.3,3.66,33396.0,1835.0,662.0
NABBC,3/20/2024,440.0,450.0,437.3,437.3,0.92,27702.0,1835.0,662.0
NABBC,3/21/2024,429.1,447.0,429.0,435.0,-0.53,16473.0,1835.0,662.0
NABBC,3/25/2024,426.5,434.0,418.0,423.0,-2.76,7996.0,1835.0,662.0
NABBC,3/26/2024,430.0,430.0,415.0,424.0,0.24,2330.0,1835.0,662.0
NABBC,3/27/2024,420.0,429.9,413.2,419.2,-1.13,8750.0,1835.0,662.0
NABBC,3/28/2024,422.0,422.0,409.7,419.4,0.05,6123.0,1835.0,662.0
NABBC,3/31/2024,411.2,412.5,403.0,408.0,-2.72,10978.0,1835.0,662.0
NABBC,4/1/2024,416.0,431.0,402.0,409.7,0.42,4467.0,1835.0,662.0
NABBC,4/2/2024,417.8,434.0,404.0,428.0,4.47,11533.0,1835.0,662.0
NABBC,4/3/2024,419.5,424.0,405.1,416.9,-2.59,1831.0,1835.0,662.0
NABBC,4/4/2024,409.5,414.8,409.5,414.0,-0.7,944.0,1835.0,662.0
NABBC,4/7/2024,410.0,429.9,406.1,414.1,0.02,5653.0,1835.0,662.0
NABBC,4/9/2024,422.0,423.0,415.0,420.0,1.42,9177.0,1835.0,662.0
NABBC,4/10/2024,414.0,420.0,414.0,415.8,-1.0,3423.0,1835.0,662.0
NABBC,4/14/2024,415.0,420.0,413.1,420.0,1.01,750.0,1835.0,662.0
NABBC,4/15/2024,414.0,427.0,406.1,414.0,-1.43,8176.0,1835.0,662.0
NABBC,4/16/2024,417.9,417.9,407.5,407.5,-1.57,2450.0,1835.0,662.0
NABBC,4/18/2024,414.0,423.9,400.0,400.0,-1.84,4905.0,1835.0,662.0
NABBC,4/21/2024,408.0,433.8,400.0,414.6,3.65,28830.0,1835.0,662.0
NABBC,4/22/2024,422.0,426.0,415.0,421.3,1.62,8695.0,1835.0,662.0
NABBC,4/24/2024,425.0,445.8,421.2,440.0,4.44,47928.0,1835.0,662.0
NABBC,4/25/2024,448.0,463.0,432.1,432.1,-1.8,50162.0,1835.0,662.0
NABBC,4/28/2024,440.0,443.0,429.3,431.1,-0.23,15008.0,1835.0,662.0
NABBC,4/29/2024,439.0,454.0,434.6,446.0,3.46,15905.0,1835.0,662.0
NABBC,4/30/2024,449.0,477.2,449.0,453.0,1.57,86495.0,1835.0,662.0
NABBC,5/2/2024,460.0,460.0,438.0,440.0,-2.87,21611.0,1835.0,662.0
NABBC,5/5/2024,448.0,448.0,427.0,427.1,-2.93,16254.0,1835.0,662.0
NABBC,5/6/2024,430.0,443.0,421.1,424.4,-0.63,18674.0,1835.0,662.0
NABBC,5/7/2024,432.0,437.8,425.5,434.0,2.26,9425.0,1835.0,662.0
NABBC,5/8/2024,441.9,441.9,424.0,433.0,-0.23,8038.0,1835.0,662.0
NABBC,5/9/2024,424.4,468.0,424.4,457.9,5.75,33333.0,1835.0,662.0
NABBC,5/12/2024,464.9,474.0,445.1,455.0,-0.63,45325.0,1835.0,662.0
NABBC,5/13/2024,450.0,500.5,450.0,500.5,10.0,85885.0,1835.0,662.0
NABBC,5/14/2024,510.5,530.0,503.1,514.3,2.76,42394.0,1835.0,662.0
NABBC,5/15/2024,510.0,528.0,504.5,523.5,1.79,35204.0,1835.0,662.0
NABBC,5/16/2024,513.2,540.0,508.0,536.0,2.39,47441.0,1835.0,662.0
NABBC,5/19/2024,526.0,561.0,526.0,558.0,4.1,37065.0,1835.0,662.0
NABBC,5/20/2024,560.0,560.0,525.0,527.0,-5.56,57365.0,1835.0,662.0
NABBC,5/21/2024,537.5,547.0,521.1,534.0,1.33,22824.0,1835.0,662.0
NABBC,5/22/2024,538.0,564.8,531.0,541.0,1.31,29702.0,1835.0,662.0
NABBC,5/26/2024,533.1,570.0,533.0,570.0,5.36,57594.0,1835.0,662.0
NABBC,5/27/2024,558.6,600.0,558.4,589.9,3.49,50390.0,1835.0,662.0
NABBC,5/29/2024,599.7,636.4,579.0,635.0,7.65,49420.0,1835.0,662.0
NABBC,5/30/2024,622.3,670.0,601.2,635.0,0.0,156628.0,1835.0,662.0
NABBC,6/2/2024,622.3,622.3,575.5,577.0,-9.13,55094.0,1835.0,662.0
NABBC,6/3/2024,565.5,588.5,547.3,568.2,-1.53,44945.0,1835.0,662.0
NABBC,6/4/2024,556.9,625.0,556.9,615.0,8.24,79775.0,1835.0,662.0
NABBC,6/5/2024,602.7,638.0,583.0,596.7,-2.98,63290.0,1835.0,662.0
NABBC,6/6/2024,584.8,623.0,565.0,565.0,-5.31,45633.0,1835.0,662.0
NABBC,6/9/2024,555.0,575.0,553.7,560.1,-0.87,28611.0,1835.0,662.0
NABBC,6/10/2024,552.6,569.0,545.0,560.0,-0.02,27975.0,1835.0,662.0
NABBC,6/11/2024,569.9,572.0,551.2,570.0,1.79,23427.0,1835.0,662.0
NABBC,6/12/2024,560.1,571.7,560.1,571.0,0.18,19294.0,1835.0,662.0
NABBC,6/13/2024,561.2,594.0,561.2,563.0,-1.4,71439.0,1835.0,662.0
NABBC,6/16/2024,574.2,582.0,555.0,555.0,-1.42,9400.0,1835.0,662.0
NABBC,6/18/2024,544.0,573.8,544.0,547.6,-1.33,16899.0,1835.0,662.0
NABBC,6/19/2024,558.5,569.6,542.5,556.7,1.66,11921.0,1835.0,662.0
NABBC,6/20/2024,567.0,567.0,548.0,550.0,-1.2,11414.0,1835.0,662.0
NABBC,6/23/2024,550.2,557.9,521.4,531.0,-3.45,31587.0,1835.0,662.0
NABBC,6/24/2024,541.6,551.0,530.0,545.0,2.64,29932.0,1835.0,662.0
NABBC,6/25/2024,555.0,571.2,551.0,559.0,2.57,41177.0,1835.0,662.0
NABBC,6/26/2024,570.0,570.0,540.5,547.0,-2.15,11311.0,1835.0,662.0
NABBC,6/27/2024,536.1,551.0,533.0,533.0,-2.56,13461.0,1835.0,662.0
NABBC,6/30/2024,543.6,554.0,535.0,535.0,0.38,5537.0,1835.0,662.0
NABBC,7/1/2024,535.0,543.0,535.0,541.9,1.29,4977.0,1835.0,662.0
NABBC,7/2/2024,552.7,570.0,542.0,559.0,3.16,27468.0,1835.0,662.0
NABBC,7/3/2024,549.1,582.0,549.0,580.0,3.76,59588.0,1835.0,662.0
NABBC,7/4/2024,580.0,603.0,580.0,582.0,0.34,59828.0,1835.0,662.0
NABBC,7/7/2024,580.0,593.0,575.0,582.0,0.0,23471.0,1835.0,662.0
NABBC,7/8/2024,588.0,588.0,568.4,578.9,-0.53,26050.0,1835.0,662.0
NABBC,7/9/2024,580.0,605.0,578.0,587.1,1.42,46915.0,1835.0,662.0
NABBC,7/10/2024,586.1,591.1,575.6,585.0,-0.36,19189.0,1835.0,662.0
NABBC,7/11/2024,575.2,595.1,573.0,574.0,-1.88,18143.0,1835.0,662.0
NABBC,7/14/2024,585.4,597.1,575.0,576.0,0.35,12973.0,1835.0,662.0
NABBC,7/15/2024,573.0,580.9,564.0,565.0,-1.91,14457.0,1835.0,662.0
NABBC,7/16/2024,568.8,617.1,565.4,597.9,5.82,20449.0,1835.0,662.0
NABBC,7/17/2024,607.0,607.0,586.1,600.0,0.35,36076.0,1835.0,662.0
NABBC,7/18/2024,612.0,612.0,580.0,581.0,-3.17,24894.0,1835.0,662.0
NABBC,7/21/2024,581.0,591.0,572.1,572.2,-1.51,25357.0,1835.0,662.0
NABBC,7/22/2024,565.2,581.0,565.2,574.0,0.31,20009.0,1835.0,662.0
NABBC,7/23/2024,581.0,592.0,570.3,585.0,1.92,28626.0,1835.0,662.0
NABBC,7/24/2024,590.0,595.0,572.1,580.0,-0.85,22378.0,1835.0,662.0
NABBC,7/25/2024,582.0,594.9,577.1,578.0,-0.34,17497.0,1835.0,662.0
NABBC,7/28/2024,589.5,601.0,576.1,583.1,0.88,18794.0,1835.0,662.0
NABBC,7/29/2024,574.0,607.0,574.0,580.5,-0.45,29409.0,1835.0,662.0
NABBC,7/30/2024,585.0,600.0,584.1,589.0,1.46,30081.0,1835.0,662.0
NABBC,7/31/2024,600.0,629.5,597.0,608.0,3.23,46351.0,1835.0,662.0
NABBC,8/1/2024,619.0,639.9,607.0,608.9,0.15,54781.0,1835.0,662.0
NABBC,8/5/2024,620.0,621.0,592.0,605.0,-0.64,26348.0,1835.0,662.0
NABBC,8/6/2024,608.0,616.0,578.1,579.5,-4.21,33930.0,1835.0,662.0
NABBC,8/7/2024,579.0,603.0,575.1,602.9,4.04,24775.0,1835.0,662.0
NABBC,8/8/2024,603.0,605.0,580.0,589.0,-2.31,27209.0,1835.0,662.0
NABBC,8/11/2024,600.7,624.4,600.0,603.0,2.38,30057.0,1835.0,662.0
NABBC,8/12/2024,591.0,612.0,591.0,600.1,-0.48,34800.0,1835.0,662.0
NABBC,8/13/2024,612.0,612.0,585.1,586.2,-2.32,18381.0,1835.0,662.0
NABBC,8/14/2024,595.0,601.7,587.0,600.0,2.35,20103.0,1835.0,662.0
NABBC,8/15/2024,590.0,621.0,590.0,603.0,0.5,35595.0,1835.0,662.0
NABBC,8/18/2024,615.0,650.0,615.0,630.0,4.48,69168.0,1835.0,662.0
NABBC,8/21/2024,642.6,653.0,618.0,626.0,-0.63,20755.0,1835.0,662.0
NABBC,8/22/2024,638.0,688.6,630.0,688.6,10.0,80268.0,1835.0,662.0
NABBC,8/25/2024,694.0,700.0,658.0,660.0,-4.15,39267.0,1835.0,662.0
NABBC,8/27/2024,660.0,660.0,614.0,623.0,-5.61,35699.0,1835.0,662.0
NABBC,8/28/2024,625.0,655.0,591.1,620.0,-0.48,19018.0,1835.0,662.0
NABBC,8/29/2024,610.0,635.0,605.0,612.0,-1.29,11490.0,1835.0,662.0
NABBC,9/1/2024,622.0,622.0,590.0,595.0,-2.78,11565.0,1835.0,662.0
NABBC,9/2/2024,606.9,630.0,594.0,618.0,3.87,21997.0,1835.0,662.0
NABBC,9/3/2024,630.3,677.0,596.0,645.0,4.37,30449.0,1835.0,662.0
NABBC,9/4/2024,655.0,689.5,635.0,645.0,0.0,52897.0,1835.0,662.0
NABBC,9/5/2024,640.0,644.5,620.0,628.0,-2.64,18806.0,1835.0,662.0
NABBC,9/8/2024,632.0,674.8,630.6,641.0,2.07,36016.0,1835.0,662.0
NABBC,9/9/2024,640.9,666.5,635.0,659.0,2.81,50066.0,1835.0,662.0
NABBC,9/10/2024,670.0,695.0,650.4,679.9,3.17,54197.0,1835.0,662.0
NABBC,9/11/2024,672.1,715.0,672.0,681.0,0.16,29655.0,1835.0,662.0
NABBC,9/12/2024,673.0,691.9,666.4,684.0,0.44,21391.0,1835.0,662.0
NABBC,9/15/2024,670.4,698.0,655.6,660.0,-3.51,31969.0,1835.0,662.0
NABBC,9/16/2024,673.0,673.0,614.0,624.0,-5.45,32430.0,1835.0,662.0
NABBC,9/18/2024,612.0,650.0,610.0,615.0,-1.44,12821.0,1835.0,662.0
NABBC,9/22/2024,627.3,639.0,599.0,612.0,-0.49,14218.0,1835.0,662.0
NABBC,9/23/2024,624.0,624.0,570.0,585.0,-4.41,15897.0,1835.0,662.0
NABBC,9/24/2024,575.0,606.0,546.6,557.0,-4.79,10197.0,1835.0,662.0
NABBC,9/25/2024,547.0,578.0,546.1,577.0,3.59,7039.0,1835.0,662.0
NABBC,9/26/2024,566.1,577.4,544.0,544.0,-5.72,9951.0,1835.0,662.0
NABBC,9/29/2024,533.3,547.7,530.0,540.0,-0.74,10205.0,1835.0,662.0
NABBC,9/30/2024,530.0,574.9,530.0,574.9,6.46,5629.0,1835.0,662.0
NABBC,10/1/2024,570.0,615.0,559.0,615.0,6.98,24840.0,1835.0,662.0
NABBC,10/2/2024,617.9,642.4,592.0,616.0,0.16,16128.0,1835.0,662.0
NABBC,10/6/2024,603.7,637.0,603.7,628.9,2.09,13410.0,1835.0,662.0
NABBC,10/7/2024,641.4,654.2,620.0,639.9,1.75,15552.0,1835.0,662.0
NABBC,10/8/2024,635.0,650.0,622.0,633.0,-1.08,17665.0,1835.0,662.0
NABBC,10/9/2024,645.6,645.6,611.0,611.3,-3.43,4556.0,1835.0,662.0
NABBC,10/15/2024,623.5,635.0,600.0,627.9,2.72,21360.0,1835.0,662.0
NABBC,10/16/2024,639.0,665.0,615.4,648.8,3.33,17686.0,1835.0,662.0
NABBC,10/17/2024,661.7,661.7,632.0,645.0,-0.59,21570.0,1835.0,662.0
NABBC,10/20/2024,632.1,644.6,616.1,619.0,-4.03,15048.0,1835.0,662.0
NABBC,10/21/2024,619.0,631.3,612.1,630.0,1.78,14032.0,1835.0,662.0
NABBC,10/22/2024,638.6,645.0,630.0,643.0,2.06,26572.0,1835.0,662.0
NABBC,10/23/2024,643.5,658.0,625.5,631.0,-1.87,24735.0,1835.0,662.0
NABBC,10/24/2024,635.0,635.0,614.0,619.0,-1.9,8141.0,1835.0,662.0
NABBC,10/27/2024,618.0,630.0,610.1,625.0,0.97,5265.0,1835.0,662.0
NABBC,10/28/2024,630.0,639.0,616.2,639.0,2.24,21650.0,1835.0,662.0
NABBC,10/29/2024,630.5,660.0,629.2,659.5,3.21,34321.0,1835.0,662.0
NABBC,10/30/2024,672.0,695.0,662.0,662.0,0.38,27534.0,1835.0,662.0
NABBC,11/5/2024,662.0,686.0,662.0,674.3,1.86,32876.0,1835.0,662.0
NABBC,11/6/2024,685.9,741.7,680.0,741.7,10.0,88420.0,1835.0,662.0
NABBC,11/10/2024,756.5,815.8,738.0,815.8,9.99,67115.0,1835.0,662.0
NABBC,11/11/2024,815.8,897.3,801.0,897.3,9.99,93140.0,1835.0,662.0
NABBC,11/12/2024,879.4,950.0,860.0,928.0,3.42,47721.0,1835.0,662.0
NABBC,11/13/2024,909.5,996.5,892.0,996.5,7.38,96818.0,1835.0,662.0
NABBC,11/14/2024,976.6,1055.0,955.0,955.0,-4.16,80197.0,1835.0,662.0
NABBC,11/17/2024,974.1,1045.0,974.1,1031.0,7.96,49230.0,1835.0,662.0
NABBC,11/19/2024,1031.0,1106.0,959.0,1106.0,7.27,82070.0,1835.0,662.0
NABBC,11/20/2024,1083.9,1116.0,1021.0,1116.0,0.9,48055.0,1835.0,662.0
NABBC,11/21/2024,1093.7,1115.0,1015.0,1035.0,-7.26,28430.0,1835.0,662.0
NABBC,11/24/2024,1014.3,1030.0,947.0,980.0,-5.31,49860.0,1835.0,662.0
NABBC,11/25/2024,960.4,1012.0,950.0,1000.0,2.04,37663.0,1835.0,662.0
NABBC,11/26/2024,1016.0,1016.0,971.1,995.0,-0.5,8567.0,1835.0,662.0
NABBC,11/27/2024,995.0,1080.0,970.0,1051.0,5.63,44249.0,1835.0,662.0
NABBC,11/28/2024,1030.0,1100.0,1009.4,1060.0,0.86,25851.0,1835.0,662.0
NABBC,12/1/2024,1038.8,1123.0,1001.1,1095.0,3.3,60249.0,1835.0,662.0
NABBC,12/2/2024,1073.1,1189.0,1073.1,1167.8,6.65,75562.0,1835.0,662.0
NABBC,12/3/2024,1144.5,1254.0,1127.0,1234.0,5.67,39649.0,1835.0,662.0
NABBC,12/4/2024,1209.4,1280.0,1160.0,1245.0,0.89,48931.0,1835.0,662.0
NABBC,12/5/2024,1220.1,1293.9,1172.0,1234.2,-0.87,44959.0,1835.0,662.0
NABBC,12/8/2024,1209.6,1239.9,1163.0,1193.9,-3.27,18618.0,1835.0,662.0
NABBC,12/9/2024,1170.1,1215.0,1146.7,1161.0,-2.76,21299.0,1835.0,662.0
NABBC,12/10/2024,1184.0,1184.0,1121.3,1158.0,-0.26,34639.0,1835.0,662.0
NABBC,12/11/2024,1181.0,1260.0,1149.8,1260.0,8.81,47657.0,1835.0,662.0
NABBC,12/12/2024,1234.8,1361.0,1186.0,1355.0,7.54,53773.0,1835.0,662.0
NABBC,12/16/2024,1327.9,1327.9,1222.0,1275.0,-5.9,60410.0,1835.0,662.0
NABBC,12/17/2024,1249.5,1377.0,1201.0,1364.0,6.98,72124.0,1835.0,662.0
NABBC,12/18/2024,1336.8,1433.0,1250.0,1433.0,5.06,61062.0,1835.0,662.0
NABBC,12/19/2024,1404.4,1404.4,1289.7,1301.0,-9.21,39319.0,1835.0,662.0
NABBC,12/22/2024,1275.0,1298.0,1202.0,1244.0,-4.38,22683.0,1835.0,662.0
NABBC,12/23/2024,1219.2,1344.0,1196.0,1339.0,7.64,47027.0,1835.0,662.0
NABBC,12/24/2024,1365.7,1365.7,1222.0,1285.0,-4.03,16401.0,1835.0,662.0
NABBC,12/26/2024,1259.3,1259.3,1156.5,1156.5,-10.0,26712.0,1835.0,662.0
NABBC,12/29/2024,1133.4,1155.5,1040.9,1040.9,-10.0,27145.0,1835.0,662.0
NABBC,12/31/2024,1020.1,1020.1,936.9,936.9,-9.99,33910.0,1835.0,662.0
NABBC,1/1/2025,918.2,1020.0,882.0,1012.0,8.02,54734.0,1835.0,662.0
NABBC,1/2/2025,991.8,1055.0,952.6,1040.0,2.77,41114.0,1835.0,662.0
NABBC,1/5/2025,1019.2,1079.1,945.0,947.7,-8.88,46788.0,1835.0,662.0
NABBC,1/6/2025,947.3,994.5,947.3,994.5,4.94,16919.0,1835.0,662.0
NABBC,1/7/2025,974.7,1018.0,956.0,1002.0,0.75,28172.0,1835.0,662.0
NABBC,1/8/2025,982.0,1080.0,982.0,1023.9,2.19,36788.0,1835.0,662.0
NABBC,1/9/2025,1003.5,1003.5,944.7,968.0,-5.46,52789.0,1835.0,662.0
NABBC,1/12/2025,948.7,1000.0,935.1,988.0,2.07,43343.0,1835.0,662.0
NABBC,1/13/2025,968.3,1075.0,932.0,1075.0,8.81,94206.0,1835.0,662.0
NABBC,1/15/2025,1053.5,1151.0,1034.0,1150.0,6.98,58733.0,1835.0,662.0
NABBC,1/16/2025,1127.0,1241.0,1101.0,1195.0,3.91,34155.0,1835.0,662.0
NABBC,1/19/2025,1171.1,1280.0,1100.0,1280.0,7.11,61501.0,1835.0,662.0
NABBC,1/20/2025,1254.4,1254.4,1159.0,1205.0,-5.86,41113.0,1835.0,662.0
NABBC,1/21/2025,1180.9,1183.2,1115.0,1130.0,-6.22,31340.0,1835.0,662.0
NABBC,1/22/2025,1108.0,1230.0,1076.0,1122.1,-0.7,55040.0,1835.0,662.0
NABBC,1/23/2025,1100.5,1218.0,1100.5,1218.0,8.55,77470.0,1835.0,662.0
NABBC,1/26/2025,1193.7,1256.6,1146.6,1183.0,-2.87,43050.0,1835.0,662.0
NABBC,1/27/2025,1159.4,1250.0,1137.0,1218.0,2.96,59499.0,1835.0,662.0
NABBC,1/28/2025,1193.7,1279.0,1147.0,1208.0,-0.82,36001.0,1835.0,662.0
NABBC,2/2/2025,1184.3,1305.0,1162.3,1253.5,3.77,67854.0,1835.0,662.0
NABBC,2/3/2025,1228.5,1329.0,1200.0,1259.8,0.5,38873.0,1835.0,662.0
NABBC,2/4/2025,1234.7,1284.0,1210.1,1273.0,1.05,33828.0,1835.0,662.0
NABBC,2/5/2025,1247.6,1265.0,1223.0,1254.0,-1.49,31997.0,1835.0,662.0
NABBC,2/6/2025,1229.0,1252.0,1205.0,1251.0,-0.24,72839.0,1835.0,662.0
NABBC,2/9/2025,1226.0,1275.0,1210.0,1255.0,0.32,33146.0,1835.0,662.0
NABBC,2/10/2025,1229.9,1370.0,1208.0,1297.4,3.38,43596.0,1835.0,662.0
NABBC,2/11/2025,1271.5,1353.0,1247.0,1316.0,1.43,80331.0,1835.0,662.0
NABBC,2/12/2025,1289.7,1424.0,1264.0,1370.0,4.1,99101.0,1835.0,662.0
NABBC,2/13/2025,1342.6,1460.0,1323.0,1418.0,3.5,77486.0,1835.0,662.0
NABBC,2/16/2025,1389.7,1471.8,1371.0,1422.0,0.28,68257.0,1835.0,662.0
NABBC,2/17/2025,1393.6,1508.0,1375.1,1412.0,-0.7,76345.0,1835.0,662.0
NABBC,2/18/2025,1383.8,1488.0,1361.1,1428.0,1.13,99947.0,1835.0,662.0
NABBC,2/20/2025,1399.5,1510.0,1381.1,1510.0,5.74,131372.0,1835.0,662.0
NABBC,2/23/2025,1479.8,1560.0,1422.0,1515.0,0.33,107544.0,1835.0,662.0
NABBC,2/24/2025,1484.7,1575.0,1484.7,1498.0,-1.12,92017.0,1835.0,662.0
NABBC,2/25/2025,1468.1,1585.7,1468.1,1510.0,0.8,67760.0,1835.0,662.0
NABBC,2/27/2025,1479.8,1620.0,1479.8,1611.8,6.74,116915.0,1835.0,662.0
NABBC,3/2/2025,1579.6,1720.0,1579.6,1676.0,3.98,105273.0,1835.0,662.0
NABBC,3/3/2025,1709.5,1776.0,1677.0,1733.0,3.4,107239.0,1835.0,662.0
NABBC,3/4/2025,1698.4,1820.0,1698.4,1783.9,2.94,133951.0,1835.0,662.0
NABBC,3/5/2025,1748.3,1840.0,1748.3,1788.1,0.24,121121.0,1835.0,662.0
NABBC,3/6/2025,1752.4,1864.0,1736.0,1800.0,0.67,112461.0,1835.0,662.0
NABBC,3/9/2025,1764.0,1919.7,1764.0,1825.0,1.39,87121.0,1835.0,662.0
NABBC,3/10/2025,1788.5,1866.0,1771.0,1839.0,0.77,29610.0,1835.0,662.0
NABBC,3/11/2025,1802.3,1901.0,1767.0,1875.0,1.96,61674.0,1835.0,662.0
NABBC,3/12/2025,1837.5,1934.0,1800.9,1908.0,1.76,93815.0,1835.0,662.0
NABBC,3/16/2025,1869.9,2000.0,1865.0,1913.0,0.26,73244.0,1835.0,662.0
NABBC,3/17/2025,1874.8,2020.0,1853.0,1943.0,1.57,78361.0,1835.0,662.0
NABBC,3/18/2025,1904.2,2005.0,1867.2,1948.0,0.26,71270.0,1835.0,662.0
NABBC,3/19/2025,1909.1,2060.0,1844.4,1955.0,0.36,69271.0,1835.0,662.0
NABBC,3/20/2025,1915.9,1978.0,1880.0,1966.49,0.59,35841.0,1835.0,662.0
NABBC,3/23/2025,1927.2,2040.0,1888.7,1995.78,1.49,85403.0,1835.0,662.0
NABBC,3/24/2025,1955.9,1960.0,1879.0,1928.34,-3.38,53765.0,1835.0,662.0
NABBC,3/25/2025,1889.8,1929.0,1735.5,1759.94,-8.73,71915.0,1835.0,662.0
NABBC,3/26/2025,1724.8,1759.0,1624.0,1671.18,-5.04,68200.0,1835.0,662.0
NABBC,3/27/2025,1637.8,1695.0,1577.0,1687.14,0.96,67252.0,1835.0,662.0
NABBC,3/30/2025,1653.4,1750.0,1653.4,1741.67,3.23,78807.0,1835.0,662.0
NABBC,4/1/2025,1706.9,1800.0,1673.0,1760.48,1.08,68551.0,1835.0,662.0
NABBC,4/2/2025,1725.3,1798.0,1725.3,1789.48,1.65,65356.0,1835.0,662.0
NABBC,4/3/2025,1753.7,1835.0,1753.7,1819.89,1.7,74073.0,1835.0,662.0
NABBC,4/7/2025,1783.5,1836.0,1765.0,1821.49,0.09,82271.0,1835.0,662.0
NABBC,4/8/2025,1785.1,1843.0,1771.0,1822.2,0.04,82094.0,1835.0,662.0
NABBC,4/9/2025,1785.8,1835.0,1777.9,1814.03,-0.45,16711.0,1835.0,662.0
NABBC,4/10/2025,1777.8,1819.9,1750.0,1777.71,-2.0,84994.0,1835.0,662.0
NABBC,4/13/2025,1742.2,1883.0,1742.2,1798.12,1.15,113194.0,1835.0,662.0
NABBC,4/15/2025,1762.2,1832.0,1762.2,1804.55,0.36,56014.0,1835.0,662.0
NABBC,4/16/2025,1768.5,1834.1,1745.1,1795.21,-0.52,44715.0,1835.0,662.0
NABBC,4/17/2025,1759.4,1794.5,1724.0,1779.37,-0.88,66412.0,1835.0,662.0
NABBC,4/20/2025,1743.8,1917.0,1743.8,1791.46,0.68,120909.0,1835.0,662.0
NABBC,4/21/2025,1755.7,1854.0,1700.0,1776.67,-0.83,92259.0,1835.0,662.0
NABBC,4/22/2025,1741.2,1772.0,1709.0,1727.24,-2.78,14527.0,1835.0,662.0
NABBC,4/23/2025,1692.7,1780.0,1692.7,1732.55,0.31,45664.0,1835.0,662.0
NABBC,4/24/2025,1697.9,1834.5,1612.9,1719.64,-0.75,68383.0,1835.0,662.0
NABBC,4/27/2025,1685.3,1718.1,1606.0,1633.24,-5.02,55930.0,1835.0,662.0
NABBC,4/28/2025,1600.6,1659.0,1600.6,1634.84,0.1,69363.0,1835.0,662.0
NABBC,4/29/2025,1602.2,1680.0,1602.2,1661.21,1.61,71817.0,1835.0,662.0
NABBC,4/30/2025,1628.0,1659.8,1581.6,1658.51,-0.16,51914.0,1835.0,662.0
NABBC,5/4/2025,1658.0,1678.0,1601.1,1648.21,-0.62,87265.0,1835.0,662.0
NABBC,5/5/2025,1615.3,1800.0,1600.0,1654.69,0.39,87443.0,1835.0,662.0
NABBC,5/6/2025,1621.6,1640.0,1568.0,1628.01,-1.61,39637.0,1835.0,662.0
NABBC,5/7/2025,1595.5,1625.0,1580.0,1604.24,-1.46,7360.0,1835.0,662.0
NABBC,5/8/2025,1572.2,1579.0,1491.0,1553.32,-3.17,20865.0,1835.0,662.0
NABBC,5/11/2025,1522.3,1620.0,1522.0,1576.71,1.51,77203.0,1835.0,662.0
NABBC,5/13/2025,1545.2,1600.0,1515.0,1583.72,0.44,54019.0,1835.0,662.0
NABBC,5/14/2025,1552.1,1620.0,1495.0,1599.74,1.01,65068.0,1835.0,662.0
NABBC,5/15/2025,1567.8,1595.0,1477.0,1581.5,-1.14,51105.0,1835.0,662.0
NABBC,5/18/2025,1549.9,1600.0,1490.1,1581.58,0.01,55792.0,1835.0,662.0
NABBC,5/19/2025,1550.0,1578.9,1505.0,1571.86,-0.61,53629.0,1835.0,662.0
NABBC,5/20/2025,1540.5,1571.0,1510.2,1568.08,-0.24,48624.0,1835.0,662.0
NABBC,5/21/2025,1536.8,1570.1,1512.2,1550.06,-1.15,47738.0,1835.0,662.0
NABBC,5/22/2025,1519.1,1549.0,1502.3,1542.87,-0.46,71943.0,1835.0,662.0
NABBC,5/25/2025,1512.1,1540.0,1482.0,1527.78,-0.98,51658.0,1835.0,662.0
NABBC,5/26/2025,1497.3,1537.0,1490.0,1519.52,-0.54,47605.0,1835.0,662.0
NABBC,5/27/2025,1489.2,1557.9,1489.2,1543.04,1.55,91668.0,1835.0,662.0
NABBC,5/28/2025,1512.2,1558.0,1512.2,1551.99,0.58,71960.0,1835.0,662.0
NABBC,6/2/2025,1521.0,1612.5,1521.0,1559.92,0.51,17154.0,1835.0,662.0
NABBC,6/3/2025,1528.8,1619.0,1528.8,1607.2,3.03,57566.0,1835.0,662.0
NABBC,6/4/2025,1575.1,1655.0,1575.1,1646.73,2.46,35900.0,1835.0,662.0
NABBC,6/5/2025,1613.8,1745.0,1613.8,1728.53,4.97,46668.0,1835.0,662.0
NABBC,6/8/2025,1694.0,1758.9,1694.0,1736.39,0.45,27902.0,1835.0,662.0
NABBC,6/9/2025,1701.7,1800.0,1673.0,1721.99,-0.83,53914.0,1835.0,662.0
NABBC,6/10/2025,1687.6,1721.0,1655.0,1659.41,-3.63,10362.0,1835.0,662.0
NABBC,6/11/2025,1626.3,1754.0,1615.0,1678.5,1.15,50727.0,1835.0,662.0
NABBC,6/12/2025,1645.0,1681.0,1630.0,1639.07,-2.35,19649.0,1835.0,662.0
NABBC,6/15/2025,1606.3,1664.0,1602.3,1610.12,-1.77,11399.0,1835.0,662.0
NABBC,6/16/2025,1634.0,1634.0,1536.8,1621.89,0.73,5026.0,1835.0,662.0
NABBC,6/17/2025,1589.5,1589.5,1531.9,1558.0,-3.94,3859.0,1835.0,662.0
NABBC,6/18/2025,1588.0,1618.0,1529.0,1593.55,2.28,62790.0,1835.0,662.0
NABBC,6/19/2025,1564.0,1625.0,1564.0,1597.69,0.26,33054.0,1835.0,662.0
NABBC,6/22/2025,1595.0,1623.0,1561.5,1603.18,0.34,35475.0,1835.0,662.0
NABBC,6/23/2025,1619.0,1619.0,1540.0,1608.01,0.3,23636.0,1835.0,662.0
NABBC,6/24/2025,1576.0,1605.0,1556.2,1600.0,-0.5,57367.0,1835.0,662.0
NABBC,6/25/2025,1590.0,1605.0,1549.0,1603.36,0.21,3638.0,1835.0,662.0
NABBC,6/26/2025,1574.3,1603.2,1552.3,1593.46,-0.62,36574.0,1835.0,662.0
NABBC,6/29/2025,1590.0,1609.0,1565.5,1591.5,-0.12,14735.0,1835.0,662.0
NABBC,6/30/2025,1591.5,1612.0,1560.1,1589.54,-0.12,32370.0,1835.0,662.0
NABBC,7/1/2025,1565.5,1608.0,1565.3,1600.4,0.68,38502.0,1835.0,662.0
NABBC,7/2/2025,1593.5,1670.0,1573.3,1653.82,3.34,30316.0,1835.0,662.0
NABBC,7/3/2025,1621.0,1740.0,1621.0,1691.59,2.28,44961.0,1835.0,662.0
NABBC,7/6/2025,1667.1,1729.9,1667.1,1690.14,-0.09,32055.0,1835.0,662.0
NABBC,7/7/2025,1670.0,1718.0,1611.0,1689.53,-0.04,33143.0,1835.0,662.0
NABBC,7/8/2025,1655.9,1689.6,1655.9,1666.19,-1.38,9778.0,1835.0,662.0
NABBC,7/9/2025,1635.1,1697.0,1633.7,1644.81,-1.28,37557.0,1835.0,662.0
NABBC,7/10/2025,1677.7,1730.0,1612.4,1678.36,2.04,68948.0,1835.0,662.0
NABBC,7/13/2025,1644.8,1813.0,1615.0,1694.32,0.95,36947.0,1835.0,662.0
NABBC,7/14/2025,1676.0,1708.9,1645.0,1699.49,0.31,35254.0,1835.0,662.0
NABBC,7/15/2025,1670.0,1790.0,1637.2,1693.0,-0.38,37814.0,1835.0,662.0
NABBC,7/16/2025,1714.0,1714.0,1629.1,1643.93,-2.9,7074.0,1835.0,662.0
NABBC,7/17/2025,1676.8,1710.0,1612.0,1646.17,0.14,51703.0,1835.0,662.0
NABBC,7/20/2025,1679.0,1704.0,1633.7,1690.0,2.66,44830.0,1835.0,662.0
NABBC,7/21/2025,1720.0,1720.0,1629.0,1633.0,-3.37,13837.0,1835.0,662.0
NABBC,7/22/2025,1650.0,1650.0,1588.0,1603.11,-1.83,9213.0,1835.0,662.0
NABBC,7/23/2025,1603.0,1665.0,1570.0,1598.22,-0.31,20283.0,1835.0,662.0
NABBC,7/24/2025,1630.0,1630.0,1535.7,1589.02,-0.58,18298.0,1835.0,662.0
NABBC,7/27/2025,1558.0,1570.0,1480.0,1488.28,-6.34,9401.0,1835.0,662.0
NABBC,7/28/2025,1500.0,1578.9,1500.0,1572.14,5.63,5048.0,1835.0,662.0
NABBC,7/29/2025,1540.7,1670.0,1540.7,1650.0,4.95,26085.0,1835.0,662.0
NABBC,7/30/2025,1632.1,1759.9,1599.5,1678.45,1.72,17164.0,1835.0,662.0
NABBC,7/31/2025,1645.0,1690.0,1645.0,1658.76,-1.17,6383.0,1835.0,662.0
NABBC,8/3/2025,1691.0,1820.0,1691.0,1722.86,3.86,22637.0,1835.0,662.0
NABBC,8/4/2025,1688.5,1800.0,1688.5,1733.63,0.63,36048.0,1835.0,662.0
NABBC,8/5/2025,1699.0,1764.0,1667.0,1702.52,-1.79,24828.0,1835.0,662.0
NABBC,8/6/2025,1668.5,1732.0,1668.5,1677.65,-1.46,43404.0,1835.0,662.0
NABBC,8/7/2025,1644.1,1689.2,1644.1,1688.15,0.63,52690.0,1835.0,662.0
NABBC,8/11/2025,1654.4,1750.0,1590.3,1648.71,-2.34,55673.0,1835.0,662.0
NABBC,8/12/2025,1615.8,1735.0,1537.0,1614.83,-2.05,24194.0,1835.0,662.0
NABBC,8/13/2025,1582.6,1644.0,1531.0,1586.99,-1.72,12924.0,1835.0,662.0
NABBC,8/14/2025,1555.3,1682.0,1525.0,1558.21,-1.81,46882.0,1835.0,662.0
NABBC,8/17/2025,1527.1,1600.0,1520.0,1520.22,-2.44,14294.0,1835.0,662.0
NABBC,8/18/2025,1501.1,1560.0,1482.1,1554.69,2.27,22699.0,1835.0,662.0
NABBC,8/19/2025,1581.0,1650.0,1430.0,1459.25,-6.14,74536.0,1835.0,662.0
NABBC,8/20/2025,1450.0,1464.9,1421.0,1461.46,0.15,18192.0,1835.0,662.0
NABBC,8/21/2025,1432.3,1595.0,1372.1,1441.73,-1.35,72336.0,1835.0,662.0
NABBC,8/24/2025,1412.9,1527.0,1310.0,1336.65,-7.29,81065.0,1835.0,662.0
NABBC,8/25/2025,732.6,790.1,732.6,790.1,-40.89,2054.0,1835.0,662.0
NABBC,8/26/2025,805.9,869.1,805.9,847.6,7.28,27992.0,1835.0,662.0
NABBC,8/27/2025,864.5,864.5,813.4,830.04,-2.07,25296.0,1835.0,662.0
NABBC,8/28/2025,813.5,846.0,800.0,800.77,-3.53,20144.0,1835.0,662.0
NABBC,8/31/2025,784.8,840.0,775.0,778.64,-2.76,23310.0,1835.0,662.0
NABBC,9/1/2025,763.1,778.3,748.1,752.61,-3.34,14800.0,1835.0,662.0
NABBC,9/2/2025,737.6,756.0,726.1,728.93,-3.15,49606.0,1835.0,662.0
NABBC,9/3/2025,714.4,757.1,714.4,724.25,-0.64,10105.0,1835.0,662.0
NABBC,9/4/2025,725.1,738.9,708.0,713.3,-1.51,23533.0,1835.0,662.0
NABBC,9/7/2025,726.0,726.0,690.1,690.12,-3.25,16953.0,1835.0,662.0
NABBC,9/8/2025,690.1,702.0,672.4,689.46,-0.1,21135.0,1835.0,662.0
NABBC,9/18/2025,675.7,675.7,675.7,675.7,-2.0,85.0,1835.0,662.0
NABBC,9/21/2025,674.0,743.1,672.1,738.86,9.35,35484.0,1835.0,662.0
NABBC,9/23/2025,724.1,812.7,724.0,812.7,9.99,79334.0,1835.0,662.0
NABBC,9/24/2025,796.5,847.0,796.5,820.0,0.9,47682.0,1835.0,662.0
NABBC,9/25/2025,805.0,805.0,761.0,772.0,-5.85,28158.0,1835.0,662.0
NABBC,9/28/2025,756.6,785.2,756.6,784.0,1.55,14486.0,1835.0,662.0
NABBC,10/7/2025,768.4,799.0,725.0,753.0,-3.95,58839.0,1835.0,662.0
NABBC,10/8/2025,738.0,783.0,726.0,754.0,0.13,40429.0,1835.0,662.0
NABBC,10/9/2025,739.0,810.0,725.0,735.0,-2.52,82309.0,1835.0,662.0
NABBC,10/12/2025,720.3,792.5,688.0,724.0,-1.5,81675.0,1835.0,662.0
NABBC,10/13/2025,709.6,790.0,700.1,730.1,0.84,92723.0,1835.0,662.0
NABBC,10/14/2025,715.5,785.0,715.0,734.0,0.53,19896.0,1835.0,662.0
NABBC,10/15/2025,719.4,777.0,705.3,707.0,-3.68,53390.0,1835.0,662.0
NABBC,10/16/2025,692.9,775.0,692.9,720.0,1.84,119254.0,1835.0,662.0
NABBC,10/19/2025,705.6,769.0,666.0,735.0,2.08,43980.0,1835.0,662.0
NABBC,10/26/2025,720.3,779.0,662.0,730.0,-0.68,94455.0,1835.0,662.0
NABBC,10/28/2025,740.0,749.0,724.0,749.0,2.6,14924.0,1835.0,662.0
NABBC,10/29/2025,734.1,757.0,725.2,740.0,-1.2,21953.0,1835.0,662.0
NABBC,10/30/2025,740.0,760.0,735.1,755.0,2.03,14895.0,1835.0,662.0
NABBC,11/2/2025,739.9,825.0,739.9,816.0,8.08,53163.0,1835.0,662.0
NABBC,11/3/2025,799.7,894.0,765.0,805.0,-1.35,51441.0,1835.0,662.0
NABBC,11/4/2025,788.9,822.0,788.9,793.0,-1.49,9837.0,1835.0,662.0
NABBC,11/5/2025,777.2,807.0,776.0,781.0,-1.51,7145.0,1835.0,662.0
NABBC,11/6/2025,765.4,844.5,765.4,801.0,2.56,51395.0,1835.0,662.0
NABBC,11/9/2025,791.0,798.8,785.1,785.1,-1.99,24904.0,1835.0,662.0
NABBC,11/10/2025,775.0,800.0,760.0,785.0,-0.01,9601.0,1835.0,662.0
NABBC,11/11/2025,769.3,810.0,769.3,794.0,1.15,27189.0,1835.0,662.0
NABBC,11/12/2025,809.0,809.0,779.0,785.0,-1.13,16171.0,1835.0,662.0
NABBC,11/13/2025,798.9,798.9,775.7,790.0,0.64,40460.0,1835.0,662.0
NABBC,11/16/2025,790.0,795.0,775.0,775.0,-1.9,5260.0,1835.0,662.0
NABBC,11/17/2025,760.0,838.1,760.0,795.6,2.66,23482.0,1835.0,662.0
NABBC,11/18/2025,810.0,846.0,810.0,840.0,5.58,30555.0,1835.0,662.0
NABBC,11/19/2025,854.0,854.0,818.0,836.8,-0.38,43674.0,1835.0,662.0
NABBC,11/20/2025,820.1,853.0,820.1,851.9,1.8,63130.0,1835.0,662.0
NABBC,11/23/2025,834.9,860.9,818.3,859.0,0.83,22866.0,1835.0,662.0
NABBC,11/24/2025,847.0,883.3,846.1,883.3,2.83,36976.0,1835.0,662.0
NABBC,11/25/2025,883.3,906.9,865.8,901.6,2.07,47353.0,1835.0,662.0
NABBC,11/26/2025,883.6,918.0,883.6,911.0,1.04,18089.0,1835.0,662.0
NABBC,11/27/2025,892.8,957.0,892.8,945.0,3.73,42295.0,1835.0,662.0
NABBC,11/30/2025,926.1,979.0,890.0,965.9,2.21,43130.0,1835.0,662.0
NABBC,12/1/2025,946.6,1030.2,940.0,1030.2,6.66,111752.0,1835.0,662.0
NABBC,12/2/2025,1009.6,1130.0,977.0,1089.0,5.71,84482.0,1835.0,662.0
NABBC,12/3/2025,1070.0,1100.0,1058.0,1075.0,-1.29,37283.0,1835.0,662.0
NABBC,12/7/2025,1053.5,1058.0,1000.0,1019.0,-5.21,10703.0,1835.0,662.0
NABBC,12/8/2025,998.7,1100.0,998.7,1038.0,1.86,55446.0,1835.0,662.0
NABBC,12/9/2025,1020.0,1058.0,1018.0,1021.0,-1.64,45044.0,1835.0,662.0
NABBC,12/10/2025,1000.6,1059.0,1000.6,1031.9,1.07,18003.0,1835.0,662.0
NABBC,12/11/2025,1011.3,1058.0,1011.3,1025.0,-0.67,16572.0,1835.0,662.0
NABBC,12/14/2025,1004.5,1060.0,1004.5,1035.0,0.98,40264.0,1835.0,662.0
NABBC,12/15/2025,1014.3,1043.8,1003.3,1018.1,-1.63,51580.0,1835.0,662.0
NABBC,12/16/2025,1010.3,1119.8,1010.3,1119.8,9.99,35937.0,1835.0,662.0
NABBC,12/17/2025,1097.5,1225.0,1033.5,1218.0,8.77,66327.0,1835.0,662.0
NABBC,12/18/2025,1193.7,1275.0,1190.1,1244.0,2.13,34680.0,1835.0,662.0
NABBC,12/21/2025,1219.2,1219.2,1124.8,1150.1,-7.55,14786.0,1835.0,662.0
NABBC,12/22/2025,1127.1,1230.0,1127.1,1173.2,2.01,27819.0,1835.0,662.0
NABBC,12/23/2025,1149.8,1218.0,1149.8,1161.0,-1.04,12975.0,1835.0,662.0
NABBC,12/24/2025,1137.8,1183.0,1137.0,1145.0,-1.38,32078.0,1835.0,662.0
NABBC,12/28/2025,1123.0,1193.4,1123.0,1152.0,0.61,11461.0,1835.0,662.0
NABBC,12/29/2025,1175.0,1186.9,1137.2,1137.2,-1.28,31999.0,1835.0,662.0
NABBC,12/31/2025,1138.0,1182.0,1130.0,1152.0,1.3,24802.0,1835.0,662.0
NABBC,1/1/2026,1175.0,1182.0,1128.5,1180.0,2.43,38117.0,1835.0,662.0
NABBC,1/4/2026,1156.4,1191.0,1156.4,1160.1,-1.69,49489.0,1835.0,662.0
NABBC,1/5/2026,1136.9,1269.9,1136.9,1259.0,8.53,24999.0,1835.0,662.0
NABBC,1/6/2026,1233.9,1350.0,1233.9,1315.0,4.45,27822.0,1835.0,662.0
NABBC,1/7/2026,1288.7,1395.0,1255.2,1395.0,6.08,50251.0,1835.0,662.0
NABBC,1/8/2026,1367.1,1419.0,1339.8,1402.0,0.5,31451.0,1835.0,662.0
NABBC,1/12/2026,1374.0,1470.0,1352.0,1404.4,0.17,63663.0,1835.0,662.0
NABBC,1/13/2026,1376.4,1403.0,1340.0,1342.0,-4.44,30989.0,1835.0,662.0
NABBC,1/14/2026,1315.2,1395.0,1290.0,1346.4,0.33,85970.0,1835.0,662.0
NABBC,1/18/2026,1319.5,1468.0,1319.5,1412.7,4.92,49300.0,1835.0,662.0
NABBC,1/20/2026,1384.5,1519.8,1384.0,1409.0,-0.26,49182.0,1835.0,662.0
NABBC,1/21/2026,1380.9,1544.2,1380.9,1538.0,9.16,75544.0,1835.0,662.0
NABBC,1/22/2026,1507.3,1528.0,1393.0,1528.0,-0.65,63480.0,1835.0,662.0
NABBC,1/25/2026,1497.5,1628.0,1467.6,1620.0,6.02,65085.0,1835.0,662.0
NABBC,1/26/2026,1587.6,1700.0,1494.4,1700.0,4.94,103412.0,1835.0,662.0
NABBC,1/27/2026,1666.0,1765.0,1530.0,1760.0,3.53,49878.0,1835.0,662.0
NABBC,1/28/2026,1724.8,1724.8,1625.0,1679.0,-4.6,45495.0,1835.0,662.0
NABBC,1/29/2026,1645.5,1725.0,1519.0,1580.0,-5.9,94079.0,1835.0,662.0
NABBC,2/1/2026,1548.4,1669.0,1519.1,1604.0,1.52,50240.0,1835.0,662.0
NABBC,2/2/2026,1572.0,1734.0,1550.0,1699.0,5.92,57110.0,1835.0,662.0
NABBC,2/3/2026,1665.1,1834.0,1568.0,1769.0,4.12,128700.0,1835.0,662.0
NABBC,2/4/2026,1804.3,1804.3,1632.7,1713.6,-3.13,52532.0,1835.0,662.0
NABBC,2/5/2026,1679.4,1800.0,1613.1,1789.9,4.45,63044.0,1835.0,662.0
NABBC,2/8/2026,1754.2,1754.2,1611.0,1689.0,-5.64,34743.0,1835.0,662.0
NABBC,2/9/2026,1655.3,1835.0,1622.2,1676.0,-0.77,126035.0,1835.0,662.0
NABBC,2/10/2026,1642.5,1708.6,1640.0,1655.0,-1.25,21688.0,1835.0,662.0
NABBC,2/11/2026,1621.9,1704.0,1551.0,1579.0,-4.59,33355.0,1835.0,662.0
NABBC,2/12/2026,1547.5,1695.0,1547.5,1600.0,1.33,130568.0,1835.0,662.0
NABBC,2/16/2026,1568.0,1580.0,1505.0,1520.0,-5.0,10752.0,1835.0,662.0
NABBC,2/17/2026,1489.6,1547.7,1368.0,1418.0,-6.71,43532.0,1835.0,662.0
NABBC,2/22/2026,1389.7,1413.9,1282.0,1320.0,-6.91,30096.0,1835.0,662.0
NABBC,2/23/2026,1293.6,1360.0,1270.4,1360.0,3.03,85434.0,1835.0,662.0
NABBC,2/24/2026,1332.8,1477.0,1332.8,1430.0,5.15,9232.0,1835.0,662.0
NABBC,2/25/2026,1450.4,1477.0,1420.0,1420.0,-0.7,42625.0,1835.0,662.0
NABBC,2/26/2026,1405.0,1457.0,1364.0,1422.9,0.2,44611.0,1835.0,662.0
NABBC,2/27/2026,1405.0,1457.0,1364.0,1422.9,0.0,44611.0,1835.0,662.0
NABBC,2/28/2026,1405.0,1457.0,1364.0,1422.9,0.0,44611.0,1835.0,662.0
NABBC,3/2/2026,1394.5,1419.0,1368.1,1399.0,-1.68,4961.0,1835.0,662.0
NABBC,3/3/2026,1372.7,1440.0,1372.7,1425.9,1.92,12739.0,1835.0,662.0
NABBC,3/4/2026,1372.7,1440.0,1372.7,1425.9,0.0,12739.0,1835.0,662.0
NABBC,3/5/2026,1372.7,1440.0,1372.7,1425.9,0.0,12739.0,1835.0,662.0
NABBC,3/6/2026,1372.7,1440.0,1372.7,1425.9,0.0,12739.0,1835.0,662.0
NABBC,3/7/2026,1372.7,1440.0,1372.7,1425.9,0.0,12739.0,1835.0,662.0
NABBC,3/8/2026,1372.7,1440.0,1372.7,1425.9,0.0,12739.0,1835.0,662.0
NABBC,3/9/2026,1454.0,1523.7,1454.0,1522.0,6.74,21024.0,1835.0,662.0
NABBC,3/10/2026,1522.0,1522.0,1414.0,1467.0,-3.61,12967.0,1835.0,662.0
NABBC,3/11/2026,1438.0,1587.1,1356.0,1539.9,4.97,90584.0,1835.0,662.0
NABBC,3/12/2026,1509.2,1581.0,1449.7,1575.0,2.28,75495.0,1835.0,662.0
NABBC,3/13/2026,1509.2,1581.0,1449.7,1575.0,0.0,75495.0,1835.0,662.0
NABBC,3/14/2026,1509.2,1581.0,1449.7,1575.0,0.0,75495.0,1835.0,662.0
NABBC,3/15/2026,1606.5,1606.5,1490.0,1530.0,-2.86,70744.0,1835.0,662.0
NABBC,3/16/2026,1499.4,1559.0,1466.0,1466.0,-4.18,19182.0,1835.0,662.0
NABBC,3/17/2026,1436.7,1527.0,1436.7,1466.0,0.0,76164.0,1835.0,662.0
NABBC,3/18/2026,1436.7,1527.0,1436.7,1466.0,0.0,76164.0,1835.0,662.0
NABBC,3/19/2026,1436.7,1580.0,1385.0,1500.0,2.32,77696.0,1835.0,662.0
NABBC,3/20/2026,1436.7,1580.0,1385.0,1500.0,0.0,77696.0,1835.0,662.0
NABBC,3/21/2026,1436.7,1580.0,1385.0,1500.0,0.0,77696.0,1835.0,662.0
NABBC,3/22/2026,1500.0,1588.0,1450.0,1478.0,-1.47,27219.0,1835.0,662.0
NABBC,3/23/2026,1448.5,1575.0,1375.0,1550.0,4.87,75680.0,1835.0,662.0
NABBC,3/24/2026,1519.0,1519.0,1431.0,1491.0,-3.81,55993.0,1835.0,662.0
NABBC,3/25/2026,1489.0,1599.3,1431.0,1460.0,-2.08,38792.0,1835.0,662.0
NABBC,3/26/2026,1430.8,1520.0,1348.0,1468.0,2.6,79042.0,1835.0,662.0
NABBC,3/29/2026,1438.7,1466.0,1412.1,1439.0,0.02,23354.0,1835.0,662.0
NABBC,3/30/2026,1410.3,1439.0,1383.0,1390.0,-1.44,5041.0,1835.0,662.0
NABBC,3/31/2026,1362.2,1447.0,1310.0,1400.0,2.77,74917.0,1835.0,662.0
NABBC,4/1/2026,1428.0,1428.0,1320.0,1346.4,-5.71,15898.0,1835.0,662.0
NABBC,4/2/2026,1319.5,1340.0,1290.0,1315.0,-0.34,14255.0,1835.0,662.0
NABBC,4/5/2026,1288.7,1313.0,1183.5,1183.5,-8.16,33481.0,1835.0,662.0
NABBC,4/6/2026,1159.9,1238.0,1078.0,1169.0,0.78,22591.0,1835.0,662.0
NABBC,4/7/2026,1192.0,1232.0,1174.1,1200.0,0.67,9264.0,1835.0,662.0
NABBC,4/8/2026,1220.0,1222.0,1176.0,1207.0,-1.07,6065.0,1835.0,662.0
NABBC,4/9/2026,1182.9,1209.9,1180.0,1209.9,2.28,14136.0,1835.0,662.0
NABBC,4/10/2026,1190.5,1234.0,1178.0,1199.6,0.76,37853.0,1835.0,662.0
NABBC,4/13/2026,1220.0,1220.0,1172.1,1173.0,-3.85,7229.0,1835.0,662.0
NABBC,4/15/2026,1196.0,1248.0,1156.1,1237.9,3.5,19389.0,1835.0,662.0
NABBC,4/16/2026,1216.0,1220.0,1195.0,1217.0,0.08,21373.0,1835.0,662.0
NABBC,4/17/2026,1238.0,1238.0,1174.0,1176.0,-5.01,15567.0,1835.0,662.0
NABBC,4/20/2026,1200.0,1200.0,1156.1,1197.0,-0.25,5827.0,1835.0,662.0
NABBC,4/21/2026,1160.0,1245.0,1150.0,1221.0,5.26,15431.0,1835.0,662.0
NABBC,4/22/2026,1184.0,1229.9,1175.0,1200.0,1.35,9964.0,1835.0,662.0
NABBC,4/23/2026,1164.0,1335.0,1164.0,1260.0,8.25,55145.0,1835.0,662.0
NABBC,4/24/2026,1222.0,1293.0,1200.0,1236.0,1.15,18199.0,1835.0,662.0
NABBC,4/27/2026,1198.0,1249.0,1198.0,1211.0,1.09,12715.0,1835.0,662.0
NABBC,4/28/2026,1174.0,1260.0,1174.0,1209.0,2.98,11060.0,1835.0,662.0
NABBC,4/29/2026,1172.0,1208.0,1156.0,1169.9,-0.18,9650.0,1835.0,662.0
NABBC,4/30/2026,1155.0,1195.0,1105.0,1192.0,3.2,8661.0,1835.0,662.0
NABBC,5/4/2026,1157.0,1184.0,1070.0,1094.0,-5.45,9424.0,1835.0,662.0
NABBC,5/5/2026,1063.0,1126.0,1000.0,1100.0,3.48,26248.0,1835.0,662.0
NABBC,5/6/2026,1067.0,1096.0,1005.0,1020.0,-4.4,7039.0,1835.0,662.0
NABBC,5/7/2026,1008.2,1139.0,1008.2,1049.0,4.05,3528.0,1835.0,662.0
NABBC,5/8/2026,1019.1,1060.0,1009.0,1059.0,3.92,9054.0,1835.0,662.0
NABBC,5/11/2026,1059.0,1080.0,1008.8,1054.0,-0.47,10853.0,1835.0,662.0
NABBC,5/12/2026,1060.0,1079.0,1015.1,1018.0,-3.96,5556.0,1835.0,662.0
NABBC,5/13/2026,1043.0,1043.0,980.0,999.0,-4.22,8206.0,1835.0,662.0
NABBC,5/14/2026,1009.8,1010.0,890.0,940.0,-6.91,17753.0,1835.0,662.0
NABBC,5/15/2026,935.0,982.0,930.2,949.0,1.5,8033.0,1835.0,662.0
NABBC,5/18/2026,936.0,958.0,936.0,958.0,2.35,2287.0,1835.0,662.0
NABBC,5/19/2026,935.1,962.0,934.0,959.9,2.65,5487.0,1835.0,662.0
NABBC,5/20/2026,988.0,988.0,952.0,967.0,-2.13,7541.0,1835.0,662.0
NABBC,5/21/2026,967.0,970.0,945.0,959.9,-0.73,2033.0,1835.0,662.0
NABBC,5/22/2026,960.0,970.0,930.0,950.0,-1.04,5947.0,1835.0,662.0
NABBC,5/25/2026,930.0,968.0,930.0,950.0,2.15,6692.0,1835.0,662.0
NABBC,5/26/2026,948.0,948.0,926.0,941.9,-0.64,3407.0,1835.0,662.0
NABBC,5/27/2026,960.0,1018.0,917.0,960.0,0.0,4892.0,1835.0,662.0
NABBC,6/1/2026,935.0,958.0,921.0,921.0,-1.5,3963.0,1835.0,662.0
NABBC,6/2/2026,920.0,936.6,920.0,925.0,0.54,2443.0,1835.0,662.0
NABBC,6/3/2026,919.0,924.0,890.0,914.9,-0.45,10137.0,1835.0,662.0
NABBC,6/4/2026,892.0,919.9,892.0,919.0,3.03,4693.0,1835.0,662.0
NABBC,6/5/2026,905.0,917.0,905.0,916.9,1.31,1314.0,1835.0,662.0
NABBC,6/8/2026,914.0,914.0,870.0,888.7,-2.77,5108.0,1835.0,662.0
NABBC,6/9/2026,876.0,876.0,839.1,866.0,-1.14,9672.0,1835.0,662.0
NABBC,6/10/2026,874.0,874.0,852.0,860.0,-1.6,4611.0,1835.0,662.0
NABBC,6/11/2026,843.0,925.0,843.0,895.0,6.17,7920.0,1835.0,662.0
NABBC,6/12/2026,916.0,916.0,885.0,885.0,-3.38,13829.0,1835.0,662.0
NABBC,6/15/2026,909.9,917.9,866.0,880.0,-3.29,8100.0,1835.0,662.0
NABBC,6/16/2026,836.0,860.0,764.4,855.0,2.27,38661.0,1835.0,662.0
NABBC,6/17/2026,831.0,874.0,831.0,852.0,2.53,5094.0,1835.0,662.0
NABBC,6/18/2026,852.7,862.5,820.0,838.0,-1.72,4795.0,1835.0,662.0
NABBC,6/19/2026,822.5,830.0,796.0,828.0,0.67,20184.0,1835.0,662.0
NABBC,6/22/2026,825.0,828.0,805.0,805.0,-2.42,3770.0,1835.0,662.0
NABBC,6/23/2026,790.0,825.0,790.0,801.0,1.39,6525.0,1835.0,662.0
NABBC,6/24/2026,813.9,813.9,761.6,777.0,-4.53,5857.0,1835.0,662.0
NABBC,6/26/2026,787.0,794.0,771.0,788.0,0.13,22160.0,1835.0,662.0
NABBC,6/29/2026,799.9,799.9,778.0,780.1,-2.48,9295.0,1835.0,662.0
NABBC,6/30/2026,780.0,784.8,760.3,770.0,-1.28,1550.0,1835.0,662.0
NABBC,7/1/2026,789.0,789.0,772.0,772.0,-2.15,3342.0,1835.0,662.0
NABBC,7/2/2026,777.0,777.0,749.1,752.0,-3.22,2959.0,1835.0,662.0
NABBC,7/3/2026,760.0,779.9,750.0,754.0,-0.79,14853.0,1835.0,662.0
NABBC,7/6/2026,740.0,789.9,740.0,745.0,0.68,4552.0,1835.0,662.0
NABBC,7/7/2026,750.0,750.0,735.1,750.0,0.0,7985.0,1835.0,662.0
NABBC,7/8/2026,736.0,736.0,710.0,710.0,-3.53,5619.0,1835.0,662.0
NABBC,7/9/2026,693.1,718.0,693.1,694.4,0.19,7341.0,1835.0,662.0
NABBC,7/10/2026,712.0,735.4,700.2,720.0,1.12,21002.0,1835.0,662.0
NABBC,7/13/2026,720.0,721.0,705.0,713.3,-0.93,5620.0,1835.0,662.0
NABBC,7/14/2026,720.0,740.0,701.0,737.9,2.49,116099.0,1835.0,662.0
NABBC,7/15/2026,740.0,832.0,740.0,799.9,8.09,23899.0,1835.0,662.0
NABBC,7/16/2026,821.0,821.0,777.1,795.0,-3.17,15387.0,1835.0,662.0
NABBC,7/17/2026,814.0,844.0,806.0,825.0,1.35,9854.0,1835.0,662.0
NABBC,7/20/2026,800.2,838.7,800.2,815.0,1.85,100977.0,1835.0,662.0
NABBC,7/21/2026,811.0,820.0,776.0,790.0,-2.59,16399.0,1835.0,662.0
NABBC,7/22/2026,750.5,795.0,750.5,792.0,5.53,10657.0,1835.0,662.0
NABBC,7/23/2026,798.0,798.0,770.2,793.0,-0.63,5634.0,1835.0,662.0
NABBC,7/24/2026,793.0,796.0,777.2,786.0,-0.88,8899.0,1835.0,662.0
NABBC,7/27/2026,800.0,819.0,776.0,782.0,-2.25,17891.0,1835.0,662.0
NABBC,7/28/2026,782.0,799.9,772.0,790.0,1.02,4612.0,1835.0,662.0
NABBC,7/29/2026,776.0,800.0,776.0,785.1,1.17,4249.0,1835.0,662.0
NABBC,7/30/2026,776.5,797.8,776.5,780.2,0.48,7802.0,1835.0,662.0
NABBC,7/31/2026,790.0,790.0,775.0,785.2,-0.61,2623.0,1835.0,662.0
NABBC,8/3/2026,799.0,832.0,795.0,795.4,-0.45,30482.0,1835.0,662.0
NABBC,8/4/2026,783.0,820.0,783.0,813.2,3.86,26511.0,1835.0,662.0
NABBC,8/5/2026,813.0,826.0,810.4,824.9,1.46,9349.0,1835.0,662.0
NABBC,8/6/2026,829.9,875.0,829.9,843.0,1.58,34024.0,1835.0,662.0
NABBC,8/7/2026,840.0,840.0,825.4,825.4,-1.74,13163.0,1835.0,662.0
NABBC,8/10/2026,825.2,832.0,812.0,812.2,-1.58,22306.0,1835.0,662.0
NABBC,8/11/2026,806.2,827.8,804.2,817.0,1.34,11928.0,1835.0,662.0
NABBC,8/12/2026,832.0,835.0,810.0,813.1,-2.27,11627.0,1835.0,662.0
NABBC,8/13/2026,802.0,816.0,802.0,806.7,0.59,11357.0,1835.0,662.0
NABBC,8/14/2026,802.5,811.0,800.0,811.0,1.06,4769.0,1835.0,662.0
NABBC,8/17/2026,820.0,850.0,804.3,807.1,-1.57,21725.0,1835.0,662.0
NABBC,8/18/2026,815.0,820.0,801.0,802.1,-1.58,12833.0,1835.0,662.0
NABBC,8/19/2026,805.0,813.9,802.0,804.3,-0.09,4919.0,1835.0,662.0
NABBC,8/20/2026,802.1,816.9,802.1,804.1,0.25,8932.0,1835.0,662.0
NABBC,8/21/2026,805.0,809.0,786.9,786.9,-2.25,16510.0,1835.0,662.0
NABBC,8/24/2026,799.0,799.0,763.3,766.7,-4.04,8639.0,1835.0,662.0
NABBC,8/25/2026,785.0,785.0,760.0,774.0,-1.4,3535.0,1835.0,662.0
NABBC,8/26/2026,760.0,778.0,758.0,758.4,-0.21,3880.0,1835.0,662.0
NABBC,8/27/2026,758.0,772.0,732.0,751.2,-0.9,8720.0,1835.0,662.0
NABBC,8/31/2026,741.0,749.6,733.0,743.9,0.39,8953.0,1835.0,662.0
NABBC,9/1/2026,740.0,741.9,710.0,726.9,-1.77,14172.0,1835.0,662.0
NABBC,9/2/2026,700.0,730.0,700.0,728.3,4.04,22081.0,1835.0,662.0
NABBC,9/3/2026,728.0,740.0,720.0,732.0,0.55,8368.0,1835.0,662.0
NABBC,9/7/2026,715.1,728.0,710.0,711.1,-0.56,10527.0,1835.0,662.0
NABBC,9/9/2026,712.0,712.0,689.5,709.9,-0.29,39511.0,1835.0,662.0
NABBC,9/10/2026,690.0,709.8,676.0,698.0,1.16,12174.0,1835.0,662.0
NABBC,9/11/2026,705.0,710.9,680.0,700.0,-0.71,7722.0,1835.0,662.0
NABBC,9/14/2026,715.0,715.0,673.0,700.0,-2.1,11523.0,1835.0,662.0
NABBC,9/15/2026,735.0,735.0,687.0,700.4,-4.71,59785.0,1835.0,662.0
NABBC,9/16/2026,703.3,754.9,700.0,745.0,5.93,39738.0,1835.0,662.0
NABBC,9/17/2026,720.0,800.0,720.0,793.0,10.14,40405.0,1835.0,662.0
NABBC,9/18/2026,755.0,865.0,755.0,805.0,6.62,34064.0,1835.0,662.0
NABBC,9/22/2026,765.0,830.0,740.0,749.0,-2.09,38083.0,1835.0,662.0
NABBC,9/23/2026,745.0,790.0,727.0,745.0,0.0,28653.0,1835.0,662.0
NABBC,9/24/2026,707.8,751.8,707.8,751.8,6.22,9518.0,1835.0,662.0
NABBC,9/28/2026,740.0,784.0,725.1,740.6,0.08,17366.0,1835.0,662.0
NABBC,9/29/2026,703.6,752.0,703.6,0.0,-100.0,22965.0,1835.0,662.0
NABBC,9/30/2026,741.0,742.0,715.0,727.9,-1.77,11548.0,1835.0,662.0
NABBC,10/1/2026,711.0,726.0,702.1,713.0,0.28,12345.0,1835.0,662.0
NABBC,10/2/2026,702.2,718.0,702.2,705.0,0.4,5542.0,1835.0,662.0
NABIL,5/15/2011,1091.0,1155.0,1112.0,1155.0,,38.0,581.0,485.0
NABIL,5/16/2011,1155.0,1193.0,1160.0,1193.0,3.29,156.0,581.0,485.0
NABIL,5/18/2011,1193.0,1172.0,1150.0,1172.0,-1.76,939.0,581.0,485.0
NABIL,5/19/2011,1172.0,1194.0,1155.0,1194.0,1.88,490.0,581.0,485.0
NABIL,5/22/2011,1194.0,1193.0,1178.0,1178.0,-1.34,115.0,581.0,485.0
NABIL,5/23/2011,1178.0,1189.0,1165.0,1170.0,-0.68,239.0,581.0,485.0
NABIL,5/24/2011,1170.0,1160.0,1150.0,1150.0,-1.71,282.0,581.0,485.0
NABIL,5/25/2011,1150.0,1159.0,1100.0,1150.0,0.0,597.0,581.0,485.0
NABIL,5/26/2011,1150.0,1149.0,1127.0,1149.0,-0.09,127.0,581.0,485.0
NABIL,5/30/2011,1149.0,1151.0,1140.0,1150.0,0.09,320.0,581.0,485.0
NABIL,5/31/2011,1150.0,1140.0,1080.0,1100.0,-4.35,873.0,581.0,485.0
NABIL,6/1/2011,1100.0,1122.0,1060.0,1080.0,-1.82,338.0,581.0,485.0
NABIL,6/2/2011,1080.0,1101.0,1040.0,1056.0,-2.22,1912.0,581.0,485.0
NABIL,6/5/2011,1056.0,1060.0,1030.0,1060.0,0.38,665.0,581.0,485.0
NABIL,6/6/2011,1060.0,1060.0,1020.0,1055.0,-0.47,1052.0,581.0,485.0
NABIL,6/7/2011,1055.0,1045.0,1000.0,1045.0,-0.95,236.0,581.0,485.0
NABIL,6/8/2011,1045.0,1025.0,985.0,1020.0,-2.39,1212.0,581.0,485.0
NABIL,6/9/2011,1020.0,1025.0,966.0,1023.0,0.29,338.0,581.0,485.0
NABIL,6/12/2011,1023.0,1003.0,932.0,965.0,-5.67,632.0,581.0,485.0
NABIL,6/13/2011,965.0,955.0,903.0,933.0,-3.32,2673.0,581.0,485.0
NABIL,6/14/2011,933.0,915.0,855.0,868.0,-6.97,1716.0,581.0,485.0
NABIL,6/15/2011,868.0,860.0,790.0,817.0,-5.88,1931.0,581.0,485.0
NABIL,6/16/2011,817.0,898.0,803.0,898.0,9.91,1980.0,581.0,485.0
NABIL,6/19/2011,898.0,987.0,915.0,987.0,9.91,1362.0,581.0,485.0
NABIL,6/20/2011,898.0,987.0,915.0,987.0,0.0,1362.0,581.0,485.0
NABIL,6/21/2011,1085.0,1193.0,1106.0,1193.0,20.87,3475.0,581.0,485.0
NABIL,6/23/2011,1193.0,1312.0,1216.0,1310.0,9.81,3749.0,581.0,485.0
NABIL,6/26/2011,1310.0,1375.0,1179.0,1228.0,-6.26,3966.0,581.0,485.0
NABIL,6/27/2011,1228.0,1219.0,1106.0,1106.0,-9.93,552.0,581.0,485.0
NABIL,6/29/2011,1106.0,1140.0,1024.0,1123.0,1.54,1583.0,581.0,485.0
NABIL,6/30/2011,1123.0,1140.0,1060.0,1140.0,1.51,1898.0,581.0,485.0
NABIL,7/3/2011,1140.0,1118.0,1059.0,1065.0,-6.58,863.0,581.0,485.0
NABIL,7/4/2011,1065.0,1086.0,1030.0,1086.0,1.97,3785.0,581.0,485.0
NABIL,7/5/2011,1086.0,1140.0,1086.0,1140.0,4.97,1168.0,581.0,485.0
NABIL,7/6/2011,1140.0,1162.0,1100.0,1100.0,-3.51,1170.0,581.0,485.0
NABIL,7/7/2011,1100.0,1125.0,1098.0,1120.0,1.82,344.0,581.0,485.0
NABIL,7/10/2011,1120.0,1150.0,1135.0,1140.0,1.79,2034.0,581.0,485.0
NABIL,7/11/2011,1140.0,1164.0,1130.0,1160.0,1.75,1784.0,581.0,485.0
NABIL,7/12/2011,1160.0,1240.0,1180.0,1190.0,2.59,1022.0,581.0,485.0
NABIL,7/13/2011,1190.0,1260.0,1190.0,1190.0,0.0,1603.0,581.0,485.0
NABIL,7/14/2011,1190.0,1252.0,1213.0,1252.0,5.21,883.0,581.0,485.0
NABIL,7/17/2011,1252.0,1377.0,1277.0,1377.0,9.98,177.0,581.0,485.0
NABIL,7/18/2011,1377.0,1410.0,1258.0,1283.0,-6.83,1584.0,581.0,485.0
NABIL,7/19/2011,1283.0,1321.0,1285.0,1321.0,2.96,1301.0,581.0,485.0
NABIL,7/20/2011,1321.0,1373.0,1326.0,1356.0,2.65,814.0,581.0,485.0
NABIL,7/21/2011,1356.0,1380.0,1345.0,1370.0,1.03,1285.0,581.0,485.0
NABIL,7/24/2011,1370.0,1345.0,1260.0,1320.0,-3.65,808.0,581.0,485.0
NABIL,7/25/2011,1320.0,1294.0,1294.0,1294.0,-1.97,59.0,581.0,485.0
NABIL,7/26/2011,1294.0,1270.0,1246.0,1265.0,-2.24,652.0,581.0,485.0
NABIL,7/27/2011,1265.0,1294.0,1245.0,1294.0,2.29,2033.0,581.0,485.0
NABIL,7/28/2011,1294.0,1305.0,1276.0,1289.0,-0.39,578.0,581.0,485.0
NABIL,7/31/2011,1289.0,1264.0,1240.0,1250.0,-3.03,539.0,581.0,485.0
NABIL,8/1/2011,1250.0,1254.0,1241.0,1246.0,-0.32,495.0,581.0,485.0
NABIL,8/2/2011,1246.0,1270.0,1242.0,1266.0,1.61,596.0,581.0,485.0
NABIL,8/3/2011,1266.0,1255.0,1235.0,1240.0,-2.05,665.0,581.0,485.0
NABIL,8/4/2011,1240.0,1252.0,1232.0,1252.0,0.97,114.0,581.0,485.0
NABIL,8/9/2011,1252.0,1227.0,1180.0,1182.0,-5.59,740.0,581.0,485.0
NABIL,8/10/2011,1182.0,1234.0,1160.0,1234.0,4.4,1124.0,581.0,485.0
NABIL,8/11/2011,1234.0,1255.0,1220.0,1220.0,-1.13,115.0,581.0,485.0
NABIL,8/15/2011,1220.0,1241.0,1210.0,1225.0,0.41,1476.0,581.0,485.0
NABIL,8/16/2011,1225.0,1230.0,1205.0,1225.0,0.0,1028.0,581.0,485.0
NABIL,8/17/2011,1225.0,1231.0,1210.0,1231.0,0.49,645.0,581.0,485.0
NABIL,8/18/2011,1231.0,1230.0,1220.0,1224.0,-0.57,321.0,581.0,485.0
NABIL,8/22/2011,1224.0,1220.0,1211.0,1211.0,-1.06,104.0,581.0,485.0
NABIL,8/23/2011,1211.0,1210.0,1200.0,1200.0,-0.91,425.0,581.0,485.0
NABIL,8/24/2011,1200.0,1207.0,1190.0,1190.0,-0.83,564.0,581.0,485.0
NABIL,8/25/2011,1190.0,1180.0,1175.0,1180.0,-0.84,403.0,581.0,485.0
NABIL,8/28/2011,1180.0,1157.0,1062.0,1062.0,-10.0,100.0,581.0,485.0
NABIL,8/29/2011,1062.0,1041.0,956.0,956.0,-9.98,863.0,581.0,485.0
NABIL,8/30/2011,956.0,992.0,934.0,992.0,3.77,8063.0,581.0,485.0
NABIL,9/1/2011,992.0,999.0,974.0,990.0,-0.2,1614.0,581.0,485.0
NABIL,9/4/2011,990.0,980.0,970.0,975.0,-1.52,841.0,581.0,485.0
NABIL,9/5/2011,975.0,970.0,953.0,954.0,-2.15,1249.0,581.0,485.0
NABIL,9/6/2011,954.0,955.0,917.0,917.0,-3.88,1811.0,581.0,485.0
NABIL,9/7/2011,917.0,920.0,900.0,903.0,-1.53,824.0,581.0,485.0
NABIL,9/8/2011,903.0,901.0,882.0,885.0,-1.99,1387.0,581.0,485.0
NABIL,9/12/2011,885.0,899.0,875.0,897.0,1.36,451.0,581.0,485.0
NABIL,9/13/2011,897.0,947.0,905.0,947.0,5.57,224.0,581.0,485.0
NABIL,9/14/2011,947.0,929.0,904.0,910.0,-3.91,961.0,581.0,485.0
NABIL,9/15/2011,910.0,925.0,910.0,925.0,1.65,159.0,581.0,485.0
NABIL,9/18/2011,925.0,907.0,890.0,900.0,-2.7,477.0,581.0,485.0
NABIL,9/19/2011,900.0,918.0,900.0,918.0,2.0,830.0,581.0,485.0
NABIL,9/20/2011,918.0,940.0,907.0,940.0,2.4,215.0,581.0,485.0
NABIL,9/21/2011,940.0,950.0,925.0,950.0,1.06,275.0,581.0,485.0
NABIL,9/22/2011,950.0,969.0,955.0,960.0,1.05,308.0,581.0,485.0
NABIL,9/25/2011,960.0,960.0,941.0,941.0,-1.98,224.0,581.0,485.0
NABIL,9/26/2011,941.0,959.0,950.0,950.0,0.96,200.0,581.0,485.0
NABIL,9/27/2011,950.0,949.0,940.0,940.0,-1.05,550.0,581.0,485.0
NABIL,9/29/2011,940.0,959.0,955.0,955.0,1.6,434.0,581.0,485.0
NABIL,10/2/2011,955.0,980.0,974.0,980.0,2.62,272.0,581.0,485.0
NABIL,10/13/2011,980.0,982.0,975.0,982.0,0.2,587.0,581.0,485.0
NABIL,10/16/2011,982.0,998.0,970.0,970.0,-1.22,283.0,581.0,485.0
NABIL,10/17/2011,970.0,965.0,948.0,948.0,-2.27,686.0,581.0,485.0
NABIL,10/18/2011,948.0,966.0,945.0,950.0,0.21,330.0,581.0,485.0
NABIL,10/19/2011,950.0,960.0,927.0,931.0,-2.0,403.0,581.0,485.0
NABIL,10/20/2011,931.0,939.0,902.0,939.0,0.86,1328.0,581.0,485.0
NABIL,10/23/2011,939.0,935.0,915.0,915.0,-2.56,302.0,581.0,485.0
NABIL,10/24/2011,915.0,915.0,881.0,901.0,-1.53,565.0,581.0,485.0
NABIL,10/25/2011,901.0,915.0,850.0,915.0,1.55,1637.0,581.0,485.0
NABIL,10/30/2011,915.0,900.0,900.0,900.0,-1.64,25.0,581.0,485.0
NABIL,10/31/2011,900.0,907.0,899.0,907.0,0.78,366.0,581.0,485.0
NABIL,11/2/2011,907.0,997.0,925.0,996.0,9.81,1447.0,581.0,485.0
NABIL,11/3/2011,996.0,1015.0,930.0,930.0,-6.63,1243.0,581.0,485.0
NABIL,11/6/2011,930.0,930.0,900.0,901.0,-3.12,1337.0,581.0,485.0
NABIL,11/8/2011,901.0,901.0,885.0,892.0,-1.0,605.0,581.0,485.0
NABIL,11/9/2011,892.0,896.0,890.0,890.0,-0.22,870.0,581.0,485.0
NABIL,11/10/2011,890.0,890.0,880.0,880.0,-1.12,391.0,581.0,485.0
NABIL,11/13/2011,880.0,870.0,866.0,870.0,-1.14,145.0,581.0,485.0
NABIL,11/14/2011,870.0,887.0,866.0,867.0,-0.34,553.0,581.0,485.0
NABIL,11/16/2011,867.0,875.0,875.0,875.0,0.92,300.0,581.0,485.0
NABIL,11/17/2011,875.0,909.0,892.0,909.0,3.89,24.0,581.0,485.0
NABIL,11/20/2011,909.0,900.0,880.0,885.0,-2.64,525.0,581.0,485.0
NABIL,11/21/2011,885.0,880.0,870.0,870.0,-1.69,120.0,581.0,485.0
NABIL,11/22/2011,870.0,871.0,862.0,870.0,0.0,911.0,581.0,485.0
NABIL,11/23/2011,870.0,865.0,865.0,865.0,-0.57,147.0,581.0,485.0
NABIL,11/24/2011,865.0,865.0,860.0,860.0,-0.58,153.0,581.0,485.0
NABIL,11/27/2011,860.0,887.0,865.0,887.0,3.14,239.0,581.0,485.0
NABIL,11/28/2011,887.0,872.0,870.0,872.0,-1.69,135.0,581.0,485.0
NABIL,12/1/2011,865.0,887.0,870.0,870.0,-0.23,264.0,581.0,485.0
NABIL,12/4/2011,870.0,870.0,857.0,857.0,-1.49,960.0,581.0,485.0
NABIL,12/5/2011,857.0,850.0,850.0,850.0,-0.82,150.0,581.0,485.0
NABIL,12/6/2011,850.0,850.0,848.0,850.0,0.0,342.0,581.0,485.0
NABIL,12/7/2011,850.0,855.0,838.0,843.0,-0.82,589.0,581.0,485.0
NABIL,12/8/2011,843.0,840.0,840.0,840.0,-0.36,320.0,581.0,485.0
NABIL,12/11/2011,840.0,860.0,823.0,823.0,-2.02,1022.0,581.0,485.0
NABIL,12/12/2011,823.0,807.0,791.0,793.0,-3.65,1189.0,581.0,485.0
NABIL,12/13/2011,793.0,795.0,781.0,790.0,-0.38,1393.0,581.0,485.0
NABIL,12/14/2011,790.0,821.0,790.0,821.0,3.92,292.0,581.0,485.0
NABIL,12/15/2011,821.0,810.0,794.0,809.0,-1.46,1751.0,581.0,485.0
NABIL,12/19/2011,809.0,805.0,800.0,801.0,-0.99,439.0,581.0,485.0
NABIL,12/20/2011,801.0,800.0,799.0,800.0,-0.12,506.0,581.0,485.0
NABIL,12/21/2011,800.0,825.0,782.0,805.0,0.63,1322.0,581.0,485.0
NABIL,12/22/2011,805.0,808.0,790.0,796.0,-1.12,1572.0,581.0,485.0
NABIL,12/26/2011,796.0,800.0,795.0,797.0,0.13,539.0,581.0,485.0
NABIL,12/27/2011,797.0,827.0,782.0,827.0,3.76,704.0,581.0,485.0
NABIL,12/28/2011,827.0,836.0,796.0,836.0,1.09,1316.0,581.0,485.0
NABIL,12/29/2011,836.0,873.0,820.0,873.0,4.43,840.0,581.0,485.0
NABIL,1/1/2012,873.0,879.0,851.0,879.0,0.69,799.0,581.0,485.0
NABIL,1/2/2012,879.0,913.0,882.0,900.0,2.39,1002.0,581.0,485.0
NABIL,1/3/2012,900.0,916.0,892.0,892.0,-0.89,2653.0,581.0,485.0
NABIL,1/4/2012,892.0,875.0,842.0,865.0,-3.03,490.0,581.0,485.0
NABIL,1/5/2012,865.0,875.0,858.0,858.0,-0.81,121.0,581.0,485.0
NABIL,1/8/2012,858.0,845.0,814.0,830.0,-3.26,4835.0,581.0,485.0
NABIL,1/9/2012,830.0,846.0,830.0,846.0,1.93,195.0,581.0,485.0
NABIL,1/10/2012,858.0,862.0,845.0,845.0,-0.12,658.0,581.0,485.0
NABIL,1/11/2012,845.0,874.0,845.0,874.0,3.43,969.0,581.0,485.0
NABIL,1/12/2012,874.0,904.0,860.0,904.0,3.43,773.0,581.0,485.0
NABIL,1/16/2012,904.0,886.0,867.0,879.0,-2.77,235.0,581.0,485.0
NABIL,1/17/2012,879.0,865.0,820.0,861.0,-2.05,2244.0,581.0,485.0
NABIL,1/19/2012,861.0,882.0,830.0,882.0,2.44,1617.0,581.0,485.0
NABIL,1/22/2012,882.0,870.0,836.0,836.0,-5.22,1273.0,581.0,485.0
NABIL,1/23/2012,836.0,843.0,826.0,835.0,-0.12,1255.0,581.0,485.0
NABIL,1/25/2012,835.0,840.0,825.0,840.0,0.6,442.0,581.0,485.0
NABIL,1/26/2012,840.0,830.0,826.0,830.0,-1.19,408.0,581.0,485.0
NABIL,1/29/2012,830.0,830.0,823.0,830.0,0.0,496.0,581.0,485.0
NABIL,1/31/2012,830.0,845.0,842.0,842.0,1.45,143.0,581.0,485.0
NABIL,2/1/2012,842.0,840.0,832.0,832.0,-1.19,250.0,581.0,485.0
NABIL,2/2/2012,832.0,850.0,833.0,850.0,2.16,382.0,581.0,485.0
NABIL,2/5/2012,850.0,840.0,824.0,829.0,-2.47,1035.0,581.0,485.0
NABIL,2/6/2012,829.0,829.0,824.0,824.0,-0.6,545.0,581.0,485.0
NABIL,2/7/2012,824.0,833.0,820.0,830.0,0.73,816.0,581.0,485.0
NABIL,2/8/2012,830.0,841.0,830.0,841.0,1.33,187.0,581.0,485.0
NABIL,2/9/2012,841.0,840.0,830.0,840.0,-0.12,437.0,581.0,485.0
NABIL,2/12/2012,840.0,843.0,828.0,843.0,0.36,1780.0,581.0,485.0
NABIL,2/13/2012,843.0,876.0,832.0,876.0,3.91,885.0,581.0,485.0
NABIL,2/14/2012,876.0,870.0,860.0,860.0,-1.83,447.0,581.0,485.0
NABIL,2/15/2012,860.0,860.0,843.0,843.0,-1.98,182.0,581.0,485.0
NABIL,2/16/2012,843.0,850.0,833.0,850.0,0.83,1286.0,581.0,485.0
NABIL,2/21/2012,850.0,850.0,836.0,850.0,0.0,170.0,581.0,485.0
NABIL,2/23/2012,850.0,850.0,845.0,850.0,0.0,79.0,581.0,485.0
NABIL,2/26/2012,850.0,856.0,833.0,844.0,-0.71,1025.0,581.0,485.0
NABIL,2/27/2012,844.0,847.0,831.0,847.0,0.36,1055.0,581.0,485.0
NABIL,2/28/2012,847.0,867.0,845.0,867.0,2.36,825.0,581.0,485.0
NABIL,2/29/2012,867.0,869.0,860.0,861.0,-0.69,602.0,581.0,485.0
NABIL,3/1/2012,861.0,887.0,865.0,887.0,3.02,497.0,581.0,485.0
NABIL,3/4/2012,887.0,876.0,870.0,874.0,-1.47,590.0,581.0,485.0
NABIL,3/5/2012,874.0,887.0,866.0,883.0,1.03,571.0,581.0,485.0
NABIL,3/6/2012,883.0,885.0,875.0,882.0,-0.11,301.0,581.0,485.0
NABIL,3/11/2012,882.0,885.0,868.0,885.0,0.34,361.0,581.0,485.0
NABIL,3/12/2012,885.0,882.0,880.0,880.0,-0.56,256.0,581.0,485.0
NABIL,3/13/2012,880.0,880.0,863.0,880.0,0.0,501.0,581.0,485.0
NABIL,3/14/2012,880.0,875.0,860.0,860.0,-2.27,389.0,581.0,485.0
NABIL,3/15/2012,860.0,852.0,836.0,852.0,-0.93,446.0,581.0,485.0
NABIL,3/18/2012,852.0,869.0,850.0,867.0,1.76,168.0,581.0,485.0
NABIL,3/19/2012,867.0,882.0,853.0,882.0,1.73,281.0,581.0,485.0
NABIL,3/20/2012,882.0,874.0,847.0,874.0,-0.91,307.0,581.0,485.0
NABIL,3/21/2012,874.0,878.0,850.0,878.0,0.46,900.0,581.0,485.0
NABIL,3/25/2012,878.0,878.0,845.0,878.0,0.0,521.0,581.0,485.0
NABIL,3/26/2012,878.0,861.0,861.0,861.0,-1.94,50.0,581.0,485.0
NABIL,3/27/2012,861.0,873.0,850.0,867.0,0.7,342.0,581.0,485.0
NABIL,3/28/2012,867.0,867.0,850.0,867.0,0.0,317.0,581.0,485.0
NABIL,3/29/2012,867.0,867.0,850.0,867.0,0.0,64.0,581.0,485.0
NABIL,4/1/2012,867.0,852.0,835.0,852.0,-1.73,981.0,581.0,485.0
NABIL,4/2/2012,852.0,880.0,852.0,880.0,3.29,270.0,581.0,485.0
NABIL,4/3/2012,880.0,891.0,867.0,875.0,-0.57,145.0,581.0,485.0
NABIL,4/4/2012,875.0,902.0,878.0,902.0,3.09,106.0,581.0,485.0
NABIL,4/8/2012,902.0,895.0,879.0,895.0,-0.78,318.0,581.0,485.0
NABIL,4/9/2012,895.0,901.0,884.0,901.0,0.67,906.0,581.0,485.0
NABIL,4/10/2012,901.0,892.0,890.0,890.0,-1.22,249.0,581.0,485.0
NABIL,4/11/2012,890.0,925.0,885.0,910.0,2.25,1173.0,581.0,485.0
NABIL,4/12/2012,910.0,988.0,920.0,988.0,8.57,1316.0,581.0,485.0
NABIL,4/15/2012,988.0,1075.0,1007.0,1075.0,8.81,1840.0,581.0,485.0
NABIL,4/17/2012,1075.0,1182.0,994.0,1000.0,-6.98,2664.0,581.0,485.0
NABIL,4/18/2012,1000.0,1081.0,951.0,1081.0,8.1,1741.0,581.0,485.0
NABIL,4/19/2012,1081.0,1144.0,1078.0,1130.0,4.53,3104.0,581.0,485.0
NABIL,4/22/2012,1130.0,1200.0,1130.0,1200.0,6.19,3423.0,581.0,485.0
NABIL,4/24/2012,1200.0,1320.0,1224.0,1320.0,10.0,880.0,581.0,485.0
NABIL,4/25/2012,1320.0,1452.0,1346.0,1450.0,9.85,3631.0,581.0,485.0
NABIL,4/26/2012,1450.0,1550.0,1400.0,1550.0,6.9,6246.0,581.0,485.0
NABIL,4/29/2012,1550.0,1538.0,1461.0,1500.0,-3.23,4632.0,581.0,485.0
NABIL,4/30/2012,1500.0,1470.0,1380.0,1400.0,-6.67,2746.0,581.0,485.0
NABIL,5/2/2012,1400.0,1372.0,1260.0,1260.0,-10.0,956.0,581.0,485.0
NABIL,5/3/2012,1260.0,1386.0,1285.0,1386.0,10.0,522.0,581.0,485.0
NABIL,5/7/2012,1386.0,1524.0,1413.0,1524.0,9.96,1302.0,581.0,485.0
NABIL,5/8/2012,1524.0,1585.0,1470.0,1524.0,0.0,4092.0,581.0,485.0
NABIL,5/9/2012,1524.0,1554.0,1415.0,1459.0,-4.27,6781.0,581.0,485.0
NABIL,5/10/2012,1459.0,1453.0,1387.0,1420.0,-2.67,3591.0,581.0,485.0
NABIL,5/13/2012,1420.0,1392.0,1290.0,1302.0,-8.31,1788.0,581.0,485.0
NABIL,5/14/2012,1302.0,1276.0,1200.0,1219.0,-6.37,2577.0,581.0,485.0
NABIL,5/15/2012,1219.0,1340.0,1219.0,1340.0,9.93,2424.0,581.0,485.0
NABIL,5/16/2012,1340.0,1474.0,1340.0,1474.0,10.0,1090.0,581.0,485.0
NABIL,5/17/2012,1474.0,1563.0,1421.0,1450.0,-1.63,6367.0,581.0,485.0
NABIL,5/20/2012,1450.0,1458.0,1390.0,1450.0,0.0,1648.0,581.0,485.0
NABIL,5/21/2012,1450.0,1460.0,1400.0,1445.0,-0.34,3948.0,581.0,485.0
NABIL,5/22/2012,1445.0,1438.0,1380.0,1438.0,-0.48,1664.0,581.0,485.0
NABIL,5/23/2012,1438.0,1410.0,1325.0,1325.0,-7.86,617.0,581.0,485.0
NABIL,5/24/2012,1325.0,1400.0,1300.0,1369.0,3.32,3006.0,581.0,485.0
NABIL,5/27/2012,1369.0,1448.0,1372.0,1420.0,3.73,4735.0,581.0,485.0
NABIL,5/29/2012,1420.0,1392.0,1338.0,1338.0,-5.77,30.0,581.0,485.0
NABIL,5/30/2012,1338.0,1312.0,1205.0,1205.0,-9.94,399.0,581.0,485.0
NABIL,5/31/2012,1205.0,1228.0,1113.0,1200.0,-0.41,5417.0,581.0,485.0
NABIL,6/3/2012,1200.0,1320.0,1210.0,1313.0,9.42,2718.0,581.0,485.0
NABIL,6/4/2012,1313.0,1313.0,1265.0,1290.0,-1.75,2280.0,581.0,485.0
NABIL,6/5/2012,1290.0,1265.0,1217.0,1242.0,-3.72,1088.0,581.0,485.0
NABIL,6/6/2012,1242.0,1221.0,1190.0,1206.0,-2.9,4535.0,581.0,485.0
NABIL,6/7/2012,1206.0,1258.0,1210.0,1225.0,1.58,1504.0,581.0,485.0
NABIL,6/10/2012,1225.0,1210.0,1188.0,1205.0,-1.63,1572.0,581.0,485.0
NABIL,6/11/2012,1205.0,1253.0,1200.0,1200.0,-0.41,602.0,581.0,485.0
NABIL,6/12/2012,1200.0,1210.0,1195.0,1210.0,0.83,1025.0,581.0,485.0
NABIL,6/13/2012,1210.0,1220.0,1201.0,1220.0,0.83,197.0,581.0,485.0
NABIL,6/14/2012,1220.0,1215.0,1196.0,1212.0,-0.66,903.0,581.0,485.0
NABIL,6/17/2012,1212.0,1205.0,1194.0,1205.0,-0.58,306.0,581.0,485.0
NABIL,6/18/2012,1205.0,1224.0,1200.0,1210.0,0.41,320.0,581.0,485.0
NABIL,6/19/2012,1210.0,1211.0,1186.0,1211.0,0.08,624.0,581.0,485.0
NABIL,6/20/2012,1211.0,1258.0,1195.0,1212.0,0.08,226.0,581.0,485.0
NABIL,6/21/2012,1212.0,1212.0,1200.0,1205.0,-0.58,730.0,581.0,485.0
NABIL,6/25/2012,1205.0,1264.0,1197.0,1264.0,4.9,721.0,581.0,485.0
NABIL,6/26/2012,1264.0,1239.0,1218.0,1226.0,-3.01,358.0,581.0,485.0
NABIL,6/27/2012,1226.0,1264.0,1240.0,1249.0,1.88,1302.0,581.0,485.0
NABIL,6/28/2012,1249.0,1298.0,1250.0,1267.0,1.44,1238.0,581.0,485.0
NABIL,7/1/2012,1267.0,1260.0,1250.0,1260.0,-0.55,1135.0,581.0,485.0
NABIL,7/2/2012,1260.0,1250.0,1242.0,1245.0,-1.19,790.0,581.0,485.0
NABIL,7/3/2012,1245.0,1280.0,1250.0,1280.0,2.81,1302.0,581.0,485.0
NABIL,7/4/2012,1280.0,1325.0,1281.0,1302.0,1.72,784.0,581.0,485.0
NABIL,7/5/2012,1302.0,1293.0,1276.0,1293.0,-0.69,789.0,581.0,485.0
NABIL,7/8/2012,1293.0,1281.0,1265.0,1281.0,-0.93,1230.0,581.0,485.0
NABIL,7/9/2012,1281.0,1285.0,1260.0,1275.0,-0.47,907.0,581.0,485.0
NABIL,7/10/2012,1275.0,1302.0,1288.0,1300.0,1.96,955.0,581.0,485.0
NABIL,7/11/2012,1300.0,1316.0,1310.0,1310.0,0.77,1338.0,581.0,485.0
NABIL,7/12/2012,1310.0,1319.0,1301.0,1319.0,0.69,1100.0,581.0,485.0
NABIL,7/15/2012,1319.0,1365.0,1338.0,1355.0,2.73,1155.0,581.0,485.0
NABIL,7/16/2012,1355.0,1353.0,1340.0,1350.0,-0.37,904.0,581.0,485.0
NABIL,7/17/2012,1350.0,1371.0,1350.0,1371.0,1.56,2701.0,581.0,485.0
NABIL,7/18/2012,1371.0,1395.0,1368.0,1382.0,0.8,2406.0,581.0,485.0
NABIL,7/19/2012,1382.0,1443.0,1400.0,1430.0,3.47,1362.0,581.0,485.0
NABIL,7/22/2012,1430.0,1478.0,1430.0,1475.0,3.15,4131.0,581.0,485.0
NABIL,7/23/2012,1475.0,1502.0,1478.0,1483.0,0.54,3631.0,581.0,485.0
NABIL,7/24/2012,1483.0,1486.0,1447.0,1474.0,-0.61,3187.0,581.0,485.0
NABIL,7/25/2012,1474.0,1490.0,1462.0,1470.0,-0.27,2707.0,581.0,485.0
NABIL,7/26/2012,1470.0,1465.0,1450.0,1450.0,-1.36,1828.0,581.0,485.0
NABIL,7/29/2012,1450.0,1450.0,1431.0,1440.0,-0.69,943.0,581.0,485.0
NABIL,7/30/2012,1440.0,1455.0,1420.0,1450.0,0.69,2028.0,581.0,485.0
NABIL,7/31/2012,1450.0,1462.0,1441.0,1450.0,0.0,651.0,581.0,485.0
NABIL,8/1/2012,1450.0,1470.0,1450.0,1460.0,0.69,2222.0,581.0,485.0
NABIL,8/5/2012,1460.0,1470.0,1440.0,1470.0,0.68,969.0,581.0,485.0
NABIL,8/6/2012,1470.0,1481.0,1470.0,1478.0,0.54,897.0,581.0,485.0
NABIL,8/7/2012,1478.0,1486.0,1470.0,1480.0,0.14,975.0,581.0,485.0
NABIL,8/8/2012,1480.0,1475.0,1460.0,1469.0,-0.74,1167.0,581.0,485.0
NABIL,8/12/2012,1469.0,1460.0,1451.0,1451.0,-1.23,508.0,581.0,485.0
NABIL,8/13/2012,1451.0,1500.0,1455.0,1461.0,0.69,3040.0,581.0,485.0
NABIL,8/14/2012,1461.0,1473.0,1450.0,1455.0,-0.41,1350.0,581.0,485.0
NABIL,8/15/2012,1455.0,1460.0,1445.0,1450.0,-0.34,2545.0,581.0,485.0
NABIL,8/16/2012,1450.0,1475.0,1447.0,1469.0,1.31,2466.0,581.0,485.0
NABIL,8/19/2012,1469.0,1451.0,1441.0,1451.0,-1.23,385.0,581.0,485.0
NABIL,8/21/2012,1451.0,1465.0,1430.0,1465.0,0.96,2488.0,581.0,485.0
NABIL,8/22/2012,1465.0,1472.0,1451.0,1462.0,-0.2,1036.0,581.0,485.0
NABIL,8/23/2012,1462.0,1468.0,1441.0,1465.0,0.21,1546.0,581.0,485.0
NABIL,8/26/2012,1465.0,1465.0,1430.0,1439.0,-1.77,569.0,581.0,485.0
NABIL,8/27/2012,1439.0,1450.0,1436.0,1450.0,0.76,1059.0,581.0,485.0
NABIL,8/28/2012,1450.0,1451.0,1437.0,1437.0,-0.9,1216.0,581.0,485.0
NABIL,8/29/2012,1437.0,1440.0,1423.0,1440.0,0.21,1265.0,581.0,485.0
NABIL,8/30/2012,1440.0,1437.0,1405.0,1437.0,-0.21,1420.0,581.0,485.0
NABIL,9/2/2012,1437.0,1464.0,1440.0,1462.0,1.74,1427.0,581.0,485.0
NABIL,9/3/2012,1462.0,1469.0,1450.0,1460.0,-0.14,731.0,581.0,485.0
NABIL,9/4/2012,1460.0,1459.0,1432.0,1455.0,-0.34,683.0,581.0,485.0
NABIL,9/5/2012,1455.0,1460.0,1440.0,1451.0,-0.27,681.0,581.0,485.0
NABIL,9/6/2012,1451.0,1451.0,1440.0,1443.0,-0.55,2276.0,581.0,485.0
NABIL,9/9/2012,1443.0,1449.0,1435.0,1448.0,0.35,1031.0,581.0,485.0
NABIL,9/10/2012,1448.0,1441.0,1426.0,1426.0,-1.52,524.0,581.0,485.0
NABIL,9/11/2012,1426.0,1520.0,1454.0,1490.0,4.49,7009.0,581.0,485.0
NABIL,9/12/2012,1490.0,1505.0,1480.0,1480.0,-0.67,5042.0,581.0,485.0
NABIL,9/13/2012,1480.0,1489.0,1478.0,1481.0,0.07,1771.0,581.0,485.0
NABIL,9/16/2012,1481.0,1491.0,1480.0,1485.0,0.27,1019.0,581.0,485.0
NABIL,9/17/2012,1485.0,1488.0,1481.0,1488.0,0.2,1287.0,581.0,485.0
NABIL,9/18/2012,1488.0,1500.0,1486.0,1486.0,-0.13,897.0,581.0,485.0
NABIL,9/19/2012,1486.0,1490.0,1480.0,1482.0,-0.27,998.0,581.0,485.0
NABIL,9/20/2012,1482.0,1470.0,1445.0,1470.0,-0.81,350.0,581.0,485.0
NABIL,9/23/2012,1470.0,1460.0,1442.0,1452.0,-1.22,921.0,581.0,485.0
NABIL,9/24/2012,1452.0,1436.0,1410.0,1436.0,-1.1,898.0,581.0,485.0
NABIL,9/25/2012,1436.0,1434.0,1415.0,1426.0,-0.7,1942.0,581.0,485.0
NABIL,9/26/2012,1426.0,1452.0,1400.0,1410.0,-1.12,6206.0,581.0,485.0
NABIL,9/30/2012,1419.0,1444.0,1400.0,1400.0,-0.71,1097.0,581.0,485.0
NABIL,10/1/2012,1400.0,1428.0,1400.0,1402.0,0.14,4518.0,581.0,485.0
NABIL,10/2/2012,1402.0,1413.0,1375.0,1385.0,-1.21,5576.0,581.0,485.0
NABIL,10/3/2012,1385.0,1131.0,1120.0,1120.0,-19.13,218.0,581.0,485.0
NABIL,10/4/2012,1120.0,1125.0,1101.0,1125.0,0.45,723.0,581.0,485.0
NABIL,10/7/2012,1125.0,1145.0,1133.0,1145.0,1.78,1039.0,581.0,485.0
NABIL,10/8/2012,1145.0,1160.0,1145.0,1150.0,0.44,570.0,581.0,485.0
NABIL,10/9/2012,1150.0,1162.0,1140.0,1162.0,1.04,514.0,581.0,485.0
NABIL,10/10/2012,1162.0,1152.0,1143.0,1152.0,-0.86,224.0,581.0,485.0
NABIL,10/11/2012,1152.0,1140.0,1135.0,1135.0,-1.48,377.0,581.0,485.0
NABIL,10/14/2012,1135.0,1157.0,1135.0,1157.0,1.94,177.0,581.0,485.0
NABIL,10/15/2012,1157.0,1160.0,1160.0,1160.0,0.26,26.0,581.0,485.0
NABIL,10/17/2012,1160.0,1160.0,1160.0,1160.0,0.0,211.0,581.0,485.0
NABIL,10/18/2012,1160.0,1165.0,1137.0,1165.0,0.43,636.0,581.0,485.0
NABIL,10/30/2012,1165.0,1224.0,1185.0,1224.0,5.06,291.0,581.0,485.0
NABIL,10/31/2012,1224.0,1248.0,1224.0,1247.0,1.88,806.0,581.0,485.0
NABIL,11/1/2012,1247.0,1249.0,1220.0,1249.0,0.16,1358.0,581.0,485.0
NABIL,11/4/2012,1249.0,1290.0,1250.0,1265.0,1.28,602.0,581.0,485.0
NABIL,11/5/2012,1265.0,1310.0,1280.0,1280.0,1.19,521.0,581.0,485.0
NABIL,11/6/2012,1280.0,1329.0,1300.0,1316.0,2.81,2280.0,581.0,485.0
NABIL,11/7/2012,1316.0,1447.0,1342.0,1447.0,9.95,1661.0,581.0,485.0
NABIL,11/8/2012,1447.0,1575.0,1475.0,1504.0,3.94,5562.0,581.0,485.0
NABIL,11/11/2012,1504.0,1505.0,1376.0,1410.0,-6.25,3220.0,581.0,485.0
NABIL,11/12/2012,1410.0,1455.0,1400.0,1455.0,3.19,1858.0,581.0,485.0
NABIL,11/18/2012,1455.0,1504.0,1455.0,1503.0,3.3,5211.0,581.0,485.0
NABIL,11/20/2012,1503.0,1572.0,1529.0,1550.0,3.13,3483.0,581.0,485.0
NABIL,11/21/2012,1550.0,1565.0,1525.0,1535.0,-0.97,2159.0,581.0,485.0
NABIL,11/22/2012,1535.0,1510.0,1480.0,1510.0,-1.63,3477.0,581.0,485.0
NABIL,11/25/2012,1510.0,1517.0,1480.0,1501.0,-0.6,5926.0,581.0,485.0
NABIL,11/26/2012,1501.0,1492.0,1470.0,1478.0,-1.53,1592.0,581.0,485.0
NABIL,11/27/2012,1478.0,1485.0,1467.0,1485.0,0.47,2331.0,581.0,485.0
NABIL,11/28/2012,1485.0,1499.0,1460.0,1499.0,0.94,1685.0,581.0,485.0
NABIL,11/29/2012,1499.0,1470.0,1452.0,1460.0,-2.6,513.0,581.0,485.0
NABIL,12/2/2012,1460.0,1461.0,1426.0,1445.0,-1.03,3251.0,581.0,485.0
NABIL,12/3/2012,1445.0,1460.0,1403.0,1460.0,1.04,1078.0,581.0,485.0
NABIL,12/4/2012,1460.0,1489.0,1460.0,1466.0,0.41,1708.0,581.0,485.0
NABIL,12/5/2012,1466.0,1510.0,1475.0,1503.0,2.52,6029.0,581.0,485.0
NABIL,12/6/2012,1503.0,1500.0,1475.0,1498.0,-0.33,2285.0,581.0,485.0
NABIL,12/9/2012,1498.0,1475.0,1450.0,1450.0,-3.2,718.0,581.0,485.0
NABIL,12/10/2012,1450.0,1450.0,1420.0,1450.0,0.0,1548.0,581.0,485.0
NABIL,12/11/2012,1450.0,1464.0,1445.0,1450.0,0.0,742.0,581.0,485.0
NABIL,12/12/2012,1450.0,1485.0,1450.0,1480.0,2.07,1125.0,581.0,485.0
NABIL,12/13/2012,1480.0,1509.0,1465.0,1490.0,0.68,601.0,581.0,485.0
NABIL,12/16/2012,1490.0,1534.0,1500.0,1528.0,2.55,4987.0,581.0,485.0
NABIL,12/17/2012,1528.0,1579.0,1535.0,1559.0,2.03,5971.0,581.0,485.0
NABIL,12/18/2012,1559.0,1528.0,1500.0,1522.0,-2.37,2787.0,581.0,485.0
NABIL,12/19/2012,1522.0,1555.0,1523.0,1547.0,1.64,4192.0,581.0,485.0
NABIL,12/20/2012,1547.0,1559.0,1530.0,1556.0,0.58,4104.0,581.0,485.0
NABIL,12/23/2012,1556.0,1575.0,1545.0,1575.0,1.22,4289.0,581.0,485.0
NABIL,12/24/2012,1575.0,1579.0,1550.0,1567.0,-0.51,6737.0,581.0,485.0
NABIL,12/26/2012,1567.0,1623.0,1560.0,1615.0,3.06,5465.0,581.0,485.0
NABIL,12/27/2012,1615.0,1701.0,1506.0,1701.0,5.33,7127.0,581.0,485.0
NABIL,12/31/2012,1701.0,1695.0,1610.0,1693.0,-0.47,3896.0,581.0,485.0
NABIL,1/1/2013,1693.0,1698.0,1660.0,1660.0,-1.95,2821.0,581.0,485.0
NABIL,1/2/2013,1660.0,1684.0,1635.0,1661.0,0.06,3397.0,581.0,485.0
NABIL,1/3/2013,1661.0,1690.0,1660.0,1689.0,1.69,5596.0,581.0,485.0
NABIL,1/6/2013,1689.0,1698.0,1675.0,1675.0,-0.83,1363.0,581.0,485.0
NABIL,1/7/2013,1675.0,1683.0,1650.0,1665.0,-0.6,4852.0,581.0,485.0
NABIL,1/8/2013,1665.0,1665.0,1653.0,1654.0,-0.66,619.0,581.0,485.0
NABIL,1/9/2013,1654.0,1650.0,1640.0,1650.0,-0.24,1314.0,581.0,485.0
NABIL,1/10/2013,1650.0,1646.0,1620.0,1640.0,-0.61,2114.0,581.0,485.0
NABIL,1/13/2013,1640.0,1665.0,1646.0,1650.0,0.61,1896.0,581.0,485.0
NABIL,1/15/2013,1650.0,1668.0,1650.0,1650.0,0.0,1850.0,581.0,485.0
NABIL,1/16/2013,1650.0,1662.0,1640.0,1650.0,0.0,1823.0,581.0,485.0
NABIL,1/17/2013,1650.0,1635.0,1617.0,1620.0,-1.82,2605.0,581.0,485.0
NABIL,1/20/2013,1620.0,1590.0,1540.0,1550.0,-4.32,2151.0,581.0,485.0
NABIL,1/21/2013,1550.0,1612.0,1581.0,1590.0,2.58,468.0,581.0,485.0
NABIL,1/22/2013,1590.0,1620.0,1590.0,1600.0,0.63,1194.0,581.0,485.0
NABIL,1/23/2013,1600.0,1600.0,1575.0,1583.0,-1.06,1800.0,581.0,485.0
NABIL,1/24/2013,1583.0,1601.0,1578.0,1601.0,1.14,3866.0,581.0,485.0
NABIL,1/27/2013,1601.0,1605.0,1590.0,1605.0,0.25,1580.0,581.0,485.0
NABIL,1/28/2013,1605.0,1610.0,1591.0,1605.0,0.0,2032.0,581.0,485.0
NABIL,1/30/2013,1605.0,1606.0,1580.0,1585.0,-1.25,6011.0,581.0,485.0
NABIL,1/31/2013,1585.0,1593.0,1580.0,1580.0,-0.32,2399.0,581.0,485.0
NABIL,2/3/2013,1580.0,1625.0,1595.0,1620.0,2.53,4537.0,581.0,485.0
NABIL,2/4/2013,1620.0,1624.0,1600.0,1622.0,0.12,1449.0,581.0,485.0
NABIL,2/5/2013,1622.0,1625.0,1600.0,1605.0,-1.05,2714.0,581.0,485.0
NABIL,2/6/2013,1605.0,1609.0,1595.0,1608.0,0.19,4577.0,581.0,485.0
NABIL,2/7/2013,1608.0,1611.0,1600.0,1606.0,-0.12,1056.0,581.0,485.0
NABIL,2/10/2013,1606.0,1687.0,1637.0,1655.0,3.05,4707.0,581.0,485.0
NABIL,2/12/2013,1655.0,1735.0,1688.0,1730.0,4.53,5007.0,581.0,485.0
NABIL,2/13/2013,1730.0,1729.0,1682.0,1711.0,-1.1,5548.0,581.0,485.0
NABIL,2/14/2013,1711.0,1755.0,1737.0,1749.0,2.22,5508.0,581.0,485.0
NABIL,2/17/2013,1749.0,1923.0,1783.0,1890.0,8.06,3388.0,581.0,485.0
NABIL,2/19/2013,1890.0,2000.0,1862.0,1866.0,-1.27,11302.0,581.0,485.0
NABIL,2/20/2013,1866.0,1870.0,1813.0,1840.0,-1.39,3753.0,581.0,485.0
NABIL,2/21/2013,1840.0,1894.0,1820.0,1850.0,0.54,4683.0,581.0,485.0
NABIL,2/24/2013,1850.0,1860.0,1840.0,1851.0,0.05,1719.0,581.0,485.0
NABIL,2/25/2013,1851.0,1950.0,1850.0,1885.0,1.84,2323.0,581.0,485.0
NABIL,2/26/2013,1885.0,1922.0,1880.0,1899.0,0.74,4719.0,581.0,485.0
NABIL,2/27/2013,1899.0,1875.0,1862.0,1870.0,-1.53,1777.0,581.0,485.0
NABIL,2/28/2013,1870.0,1889.0,1868.0,1888.0,0.96,1426.0,581.0,485.0
NABIL,3/3/2013,1888.0,1889.0,1871.0,1887.0,-0.05,3654.0,581.0,485.0
NABIL,3/4/2013,1887.0,1886.0,1875.0,1880.0,-0.37,2969.0,581.0,485.0
NABIL,3/5/2013,1880.0,1888.0,1855.0,1868.0,-0.64,5639.0,581.0,485.0
NABIL,3/6/2013,1868.0,1895.0,1860.0,1890.0,1.18,1309.0,581.0,485.0
NABIL,3/7/2013,1890.0,1925.0,1850.0,1925.0,1.85,4043.0,581.0,485.0
NABIL,3/11/2013,1925.0,1939.0,1880.0,1900.0,-1.3,2354.0,581.0,485.0
NABIL,3/13/2013,1900.0,1911.0,1872.0,1908.0,0.42,3412.0,581.0,485.0
NABIL,3/14/2013,1908.0,1998.0,1900.0,1921.0,0.68,2905.0,581.0,485.0
NABIL,3/17/2013,1921.0,1916.0,1900.0,1904.0,-0.88,2533.0,581.0,485.0
NABIL,3/18/2013,1904.0,1909.0,1861.0,1880.0,-1.26,1067.0,581.0,485.0
NABIL,3/19/2013,1880.0,1923.0,1860.0,1890.0,0.53,1872.0,581.0,485.0
NABIL,3/20/2013,1890.0,1901.0,1875.0,1878.0,-0.63,688.0,581.0,485.0
NABIL,3/21/2013,1878.0,1900.0,1870.0,1880.0,0.11,498.0,581.0,485.0
NABIL,3/24/2013,1880.0,1851.0,1825.0,1835.0,-2.39,2994.0,581.0,485.0
NABIL,3/25/2013,1835.0,1852.0,1800.0,1852.0,0.93,2653.0,581.0,485.0
NABIL,3/27/2013,1852.0,1888.0,1841.0,1849.0,-0.16,2300.0,581.0,485.0
NABIL,3/28/2013,1849.0,1852.0,1825.0,1852.0,0.16,4364.0,581.0,485.0
NABIL,3/31/2013,1852.0,1830.0,1785.0,1785.0,-3.62,2556.0,581.0,485.0
NABIL,4/1/2013,1785.0,1811.0,1750.0,1795.0,0.56,3861.0,581.0,485.0
NABIL,4/2/2013,1795.0,1856.0,1760.0,1830.0,1.95,2688.0,581.0,485.0
NABIL,4/3/2013,1830.0,1840.0,1820.0,1825.0,-0.27,1741.0,581.0,485.0
NABIL,4/4/2013,1825.0,1825.0,1801.0,1808.0,-0.93,2424.0,581.0,485.0
NABIL,4/7/2013,1808.0,1808.0,1780.0,1790.0,-1.0,1811.0,581.0,485.0
NABIL,4/8/2013,1790.0,1820.0,1787.0,1800.0,0.56,785.0,581.0,485.0
NABIL,4/9/2013,1800.0,1850.0,1801.0,1850.0,2.78,2545.0,581.0,485.0
NABIL,4/11/2013,1850.0,1860.0,1835.0,1845.0,-0.27,3477.0,581.0,485.0
NABIL,4/15/2013,1845.0,1849.0,1815.0,1835.0,-0.54,1900.0,581.0,485.0
NABIL,4/16/2013,1835.0,1845.0,1815.0,1830.0,-0.27,3250.0,581.0,485.0
NABIL,4/17/2013,1830.0,1826.0,1805.0,1805.0,-1.37,1167.0,581.0,485.0
NABIL,4/18/2013,1805.0,1830.0,1806.0,1815.0,0.55,1755.0,581.0,485.0
NABIL,4/21/2013,1815.0,1835.0,1805.0,1820.0,0.28,1114.0,581.0,485.0
NABIL,4/22/2013,1820.0,1820.0,1750.0,1765.0,-3.02,3818.0,581.0,485.0
NABIL,4/23/2013,1765.0,1836.0,1790.0,1804.0,2.21,1983.0,581.0,485.0
NABIL,4/25/2013,1804.0,1800.0,1780.0,1780.0,-1.33,1273.0,581.0,485.0
NABIL,4/28/2013,1780.0,1777.0,1770.0,1770.0,-0.56,1757.0,581.0,485.0
NABIL,4/29/2013,1770.0,1795.0,1770.0,1770.0,0.0,1506.0,581.0,485.0
NABIL,4/30/2013,1770.0,1785.0,1769.0,1770.0,0.0,515.0,581.0,485.0
NABIL,5/2/2013,1770.0,1771.0,1740.0,1770.0,0.0,1071.0,581.0,485.0
NABIL,5/5/2013,1770.0,1780.0,1720.0,1735.0,-1.98,1168.0,581.0,485.0
NABIL,5/6/2013,1735.0,1715.0,1678.0,1678.0,-3.29,848.0,581.0,485.0
NABIL,5/7/2013,1678.0,1738.0,1675.0,1704.0,1.55,3840.0,581.0,485.0
NABIL,5/8/2013,1704.0,1700.0,1690.0,1690.0,-0.82,234.0,581.0,485.0
NABIL,5/9/2013,1690.0,1702.0,1685.0,1685.0,-0.3,998.0,581.0,485.0
NABIL,5/12/2013,1685.0,1718.0,1660.0,1681.0,-0.24,3800.0,581.0,485.0
NABIL,5/13/2013,1681.0,1718.0,1680.0,1718.0,2.2,2165.0,581.0,485.0
NABIL,5/14/2013,1718.0,1722.0,1690.0,1690.0,-1.63,3704.0,581.0,485.0
NABIL,5/15/2013,1690.0,1723.0,1690.0,1695.0,0.3,9162.0,581.0,485.0
NABIL,5/16/2013,1695.0,1750.0,1700.0,1750.0,3.24,1993.0,581.0,485.0
NABIL,5/19/2013,1750.0,1765.0,1720.0,1726.0,-1.37,10617.0,581.0,485.0
NABIL,5/20/2013,1726.0,1760.0,1730.0,1745.0,1.1,2532.0,581.0,485.0
NABIL,5/21/2013,1745.0,1753.0,1740.0,1750.0,0.29,3286.0,581.0,485.0
NABIL,5/22/2013,1750.0,1763.0,1735.0,1745.0,-0.29,2178.0,581.0,485.0
NABIL,5/23/2013,1745.0,1745.0,1725.0,1745.0,0.0,3462.0,581.0,485.0
NABIL,5/26/2013,1745.0,1750.0,1740.0,1741.0,-0.23,1188.0,581.0,485.0
NABIL,5/27/2013,1741.0,1804.0,1760.0,1804.0,3.62,1415.0,581.0,485.0
NABIL,5/28/2013,1804.0,1785.0,1760.0,1761.0,-2.38,1016.0,581.0,485.0
NABIL,5/30/2013,1761.0,1761.0,1745.0,1745.0,-0.91,2567.0,581.0,485.0
NABIL,6/2/2013,1745.0,1754.0,1730.0,1730.0,-0.86,1852.0,581.0,485.0
NABIL,6/3/2013,1730.0,1760.0,1749.0,1750.0,1.16,669.0,581.0,485.0
NABIL,6/4/2013,1750.0,1755.0,1740.0,1750.0,0.0,590.0,581.0,485.0
NABIL,6/5/2013,1750.0,1750.0,1744.0,1744.0,-0.34,357.0,581.0,485.0
NABIL,6/6/2013,1744.0,1750.0,1731.0,1746.0,0.11,746.0,581.0,485.0
NABIL,6/9/2013,1746.0,1740.0,1740.0,1740.0,-0.34,1721.0,581.0,485.0
NABIL,6/10/2013,1740.0,1742.0,1735.0,1740.0,0.0,3401.0,581.0,485.0
NABIL,6/11/2013,1740.0,1755.0,1744.0,1752.0,0.69,630.0,581.0,485.0
NABIL,6/12/2013,1752.0,1743.0,1735.0,1736.0,-0.91,812.0,581.0,485.0
NABIL,6/13/2013,1736.0,1735.0,1725.0,1728.0,-0.46,1716.0,581.0,485.0
NABIL,6/16/2013,1728.0,1740.0,1725.0,1738.0,0.58,1064.0,581.0,485.0
NABIL,6/17/2013,1738.0,1731.0,1720.0,1720.0,-1.04,1445.0,581.0,485.0
NABIL,6/18/2013,1720.0,1721.0,1701.0,1719.0,-0.06,1011.0,581.0,485.0
NABIL,6/19/2013,1719.0,1722.0,1706.0,1721.0,0.12,1715.0,581.0,485.0
NABIL,6/20/2013,1721.0,1715.0,1706.0,1711.0,-0.58,1816.0,581.0,485.0
NABIL,6/23/2013,1711.0,1718.0,1700.0,1715.0,0.23,528.0,581.0,485.0
NABIL,6/24/2013,1715.0,1721.0,1705.0,1716.0,0.06,812.0,581.0,485.0
NABIL,6/25/2013,1716.0,1730.0,1709.0,1730.0,0.82,1982.0,581.0,485.0
NABIL,6/26/2013,1730.0,1785.0,1730.0,1765.0,2.02,2051.0,581.0,485.0
NABIL,6/27/2013,1765.0,1785.0,1750.0,1773.0,0.45,1651.0,581.0,485.0
NABIL,6/30/2013,1773.0,1771.0,1730.0,1750.0,-1.3,1692.0,581.0,485.0
NABIL,7/1/2013,1750.0,1759.0,1745.0,1747.0,-0.17,1948.0,581.0,485.0
NABIL,7/2/2013,1747.0,1748.0,1740.0,1748.0,0.06,869.0,581.0,485.0
NABIL,7/3/2013,1748.0,1753.0,1725.0,1743.0,-0.29,1706.0,581.0,485.0
NABIL,7/4/2013,1743.0,1746.0,1735.0,1741.0,-0.11,1636.0,581.0,485.0
NABIL,7/7/2013,1741.0,1747.0,1730.0,1741.0,0.0,2216.0,581.0,485.0
NABIL,7/8/2013,1741.0,1754.0,1736.0,1750.0,0.52,2866.0,581.0,485.0
NABIL,7/9/2013,1750.0,1779.0,1753.0,1779.0,1.66,1603.0,581.0,485.0
NABIL,7/10/2013,1779.0,1809.0,1780.0,1805.0,1.46,5003.0,581.0,485.0
NABIL,7/11/2013,1805.0,1795.0,1786.0,1786.0,-1.05,632.0,581.0,485.0
NABIL,7/14/2013,1786.0,1800.0,1788.0,1790.0,0.22,1240.0,581.0,485.0
NABIL,7/15/2013,1790.0,1823.0,1810.0,1815.0,1.4,553.0,581.0,485.0
NABIL,7/16/2013,1815.0,1819.0,1795.0,1800.0,-0.83,2427.0,581.0,485.0
NABIL,7/17/2013,1800.0,1825.0,1801.0,1825.0,1.39,3409.0,581.0,485.0
NABIL,7/18/2013,1825.0,1872.0,1811.0,1865.0,2.19,5092.0,581.0,485.0
NABIL,7/21/2013,1865.0,1970.0,1890.0,1910.0,2.41,5250.0,581.0,485.0
NABIL,7/22/2013,1910.0,1915.0,1885.0,1885.0,-1.31,1031.0,581.0,485.0
NABIL,7/23/2013,1885.0,1920.0,1870.0,1920.0,1.86,898.0,581.0,485.0
NABIL,7/24/2013,1920.0,1900.0,1843.0,1890.0,-1.56,2886.0,581.0,485.0
NABIL,7/25/2013,1890.0,1905.0,1880.0,1889.0,-0.05,1962.0,581.0,485.0
NABIL,7/28/2013,1889.0,1918.0,1880.0,1905.0,0.85,2279.0,581.0,485.0
NABIL,7/29/2013,1905.0,1910.0,1890.0,1900.0,-0.26,2562.0,581.0,485.0
NABIL,7/30/2013,1900.0,1915.0,1900.0,1910.0,0.53,2927.0,581.0,485.0
NABIL,7/31/2013,1910.0,1935.0,1900.0,1925.0,0.79,2384.0,581.0,485.0
NABIL,8/1/2013,1925.0,1950.0,1900.0,1910.0,-0.78,2696.0,581.0,485.0
NABIL,8/4/2013,1910.0,1915.0,1891.0,1915.0,0.26,3186.0,581.0,485.0
NABIL,8/5/2013,1915.0,1901.0,1890.0,1895.0,-1.04,1105.0,581.0,485.0
NABIL,8/6/2013,1895.0,1905.0,1885.0,1903.0,0.42,2029.0,581.0,485.0
NABIL,8/7/2013,1903.0,1920.0,1890.0,1890.0,-0.68,635.0,581.0,485.0
NABIL,8/8/2013,1890.0,1926.0,1880.0,1900.0,0.53,2663.0,581.0,485.0
NABIL,8/11/2013,1900.0,1875.0,1850.0,1870.0,-1.58,867.0,581.0,485.0
NABIL,8/12/2013,1870.0,1870.0,1842.0,1850.0,-1.07,1648.0,581.0,485.0
NABIL,8/13/2013,1850.0,1850.0,1812.0,1830.0,-1.08,2663.0,581.0,485.0
NABIL,8/14/2013,1830.0,1860.0,1819.0,1819.0,-0.6,1105.0,581.0,485.0
NABIL,8/15/2013,1819.0,1845.0,1818.0,1845.0,1.43,651.0,581.0,485.0
NABIL,8/18/2013,1845.0,1845.0,1822.0,1825.0,-1.08,1294.0,581.0,485.0
NABIL,8/19/2013,1825.0,1850.0,1830.0,1838.0,0.71,1782.0,581.0,485.0
NABIL,8/20/2013,1838.0,1855.0,1830.0,1855.0,0.92,807.0,581.0,485.0
NABIL,8/25/2013,1855.0,1870.0,1850.0,1860.0,0.27,1577.0,581.0,485.0
NABIL,8/26/2013,1860.0,1860.0,1840.0,1851.0,-0.48,1868.0,581.0,485.0
NABIL,8/27/2013,1851.0,1859.0,1840.0,1853.0,0.11,1193.0,581.0,485.0
NABIL,8/29/2013,1853.0,1856.0,1830.0,1834.0,-1.03,1962.0,581.0,485.0
NABIL,9/1/2013,1834.0,1840.0,1830.0,1830.0,-0.22,787.0,581.0,485.0
NABIL,9/2/2013,1830.0,1825.0,1820.0,1820.0,-0.55,802.0,581.0,485.0
NABIL,9/3/2013,1820.0,1828.0,1800.0,1820.0,0.0,3564.0,581.0,485.0
NABIL,9/4/2013,1820.0,1840.0,1803.0,1820.0,0.0,2269.0,581.0,485.0
NABIL,9/5/2013,1820.0,1820.0,1799.0,1820.0,0.0,3902.0,581.0,485.0
NABIL,9/8/2013,1820.0,2002.0,1856.0,2002.0,10.0,9905.0,581.0,485.0
NABIL,9/9/2013,2002.0,2039.0,1961.0,1965.0,-1.85,8448.0,581.0,485.0
NABIL,9/10/2013,1965.0,1965.0,1926.0,1940.0,-1.27,5604.0,581.0,485.0
NABIL,9/11/2013,1940.0,1958.0,1940.0,1958.0,0.93,5974.0,581.0,485.0
NABIL,9/12/2013,1958.0,1975.0,1960.0,1965.0,0.36,3529.0,581.0,485.0
NABIL,9/15/2013,1965.0,1995.0,1960.0,1990.0,1.27,9143.0,581.0,485.0
NABIL,9/16/2013,1990.0,2002.0,1990.0,1996.0,0.3,4647.0,581.0,485.0
NABIL,9/17/2013,1996.0,2003.0,1985.0,2000.0,0.2,9843.0,581.0,485.0
NABIL,9/19/2013,2000.0,1991.0,1965.0,1980.0,-1.0,2291.0,581.0,485.0
NABIL,9/22/2013,1980.0,1980.0,1950.0,1975.0,-0.25,2397.0,581.0,485.0
NABIL,9/23/2013,1975.0,1975.0,1941.0,1970.0,-0.25,3089.0,581.0,485.0
NABIL,9/24/2013,1970.0,1990.0,1961.0,1980.0,0.51,4740.0,581.0,485.0
NABIL,9/25/2013,1980.0,1986.0,1976.0,1980.0,0.0,2790.0,581.0,485.0
NABIL,9/26/2013,1980.0,2000.0,1979.0,1980.0,0.0,837.0,581.0,485.0
NABIL,9/29/2013,1980.0,1990.0,1970.0,1975.0,-0.25,2802.0,581.0,485.0
NABIL,9/30/2013,1975.0,1980.0,1975.0,1975.0,0.0,1938.0,581.0,485.0
NABIL,10/1/2013,1975.0,2012.0,1974.0,1980.0,0.25,2887.0,581.0,485.0
NABIL,10/2/2013,1980.0,1985.0,1950.0,1983.0,0.15,1303.0,581.0,485.0
NABIL,10/3/2013,1983.0,1980.0,1960.0,1976.0,-0.35,2340.0,581.0,485.0
NABIL,10/6/2013,1976.0,1980.0,1970.0,1980.0,0.2,1379.0,581.0,485.0
NABIL,10/7/2013,1980.0,1995.0,1980.0,1992.0,0.61,1594.0,581.0,485.0
NABIL,10/8/2013,1992.0,2010.0,1995.0,2010.0,0.9,2489.0,581.0,485.0
NABIL,10/9/2013,2010.0,2014.0,2000.0,2008.0,-0.1,2821.0,581.0,485.0
NABIL,10/10/2013,2008.0,2035.0,2015.0,2030.0,1.1,1255.0,581.0,485.0
NABIL,10/17/2013,2030.0,2065.0,2035.0,2065.0,1.72,3332.0,581.0,485.0
NABIL,10/20/2013,2065.0,2151.0,2050.0,2150.0,4.12,8573.0,581.0,485.0
NABIL,10/21/2013,2150.0,2240.0,2124.0,2200.0,2.33,6354.0,581.0,485.0
NABIL,10/22/2013,2200.0,2200.0,2100.0,2150.0,-2.27,7336.0,581.0,485.0
NABIL,10/23/2013,2150.0,2160.0,2111.0,2140.0,-0.47,2544.0,581.0,485.0
NABIL,10/24/2013,2140.0,2160.0,2118.0,2160.0,0.93,3527.0,581.0,485.0
NABIL,10/27/2013,2160.0,2201.0,2117.0,2200.0,1.85,3228.0,581.0,485.0
NABIL,10/28/2013,2200.0,2230.0,2191.0,2198.0,-0.09,5747.0,581.0,485.0
NABIL,10/29/2013,2198.0,2204.0,2190.0,2201.0,0.14,2987.0,581.0,485.0
NABIL,10/30/2013,2201.0,2206.0,2195.0,2200.0,-0.05,8171.0,581.0,485.0
NABIL,10/31/2013,2200.0,2208.0,2195.0,2198.0,-0.09,5454.0,581.0,485.0
NABIL,11/6/2013,2198.0,2200.0,2191.0,2194.0,-0.18,1535.0,581.0,485.0
NABIL,11/7/2013,2194.0,2199.0,2175.0,2175.0,-0.87,3254.0,581.0,485.0
NABIL,11/11/2013,2170.0,2210.0,2150.0,2201.0,1.2,10578.0,581.0,485.0
NABIL,11/12/2013,2200.0,2250.0,2200.0,2205.0,0.18,3891.0,581.0,485.0
NABIL,11/13/2013,2205.0,2240.0,2205.0,2213.0,0.36,8998.0,581.0,485.0
NABIL,11/14/2013,2213.0,2260.0,2200.0,2229.0,0.72,9683.0,581.0,485.0
NABIL,11/21/2013,2229.0,2451.0,2273.0,2451.0,9.96,10177.0,581.0,485.0
NABIL,11/24/2013,2451.0,2567.0,2400.0,2523.0,2.94,7026.0,581.0,485.0
NABIL,11/25/2013,2523.0,2478.0,2380.0,2447.0,-3.01,4977.0,581.0,485.0
NABIL,11/26/2013,2447.0,2440.0,2380.0,2390.0,-2.33,5083.0,581.0,485.0
NABIL,11/27/2013,2390.0,2390.0,2365.0,2380.0,-0.42,1841.0,581.0,485.0
NABIL,11/28/2013,2380.0,2380.0,2333.0,2380.0,0.0,3395.0,581.0,485.0
NABIL,12/1/2013,2380.0,2495.0,2427.0,2474.0,3.95,5618.0,581.0,485.0
NABIL,12/2/2013,2474.0,2500.0,2470.0,2491.0,0.69,5399.0,581.0,485.0
NABIL,12/3/2013,2491.0,2605.0,2491.0,2575.0,3.37,6324.0,581.0,485.0
NABIL,12/4/2013,2575.0,2725.0,2610.0,2715.0,5.44,6447.0,581.0,485.0
NABIL,12/5/2013,2715.0,2800.0,2695.0,2720.0,0.18,9860.0,581.0,485.0
NABIL,12/8/2013,2720.0,2790.0,2700.0,2750.0,1.1,18668.0,581.0,485.0
NABIL,12/9/2013,2200.0,2400.0,2244.0,2290.0,-16.73,5002.0,581.0,485.0
NABIL,12/10/2013,2290.0,2290.0,2240.0,2255.0,-1.53,1767.0,581.0,485.0
NABIL,12/11/2013,2255.0,2305.0,2260.0,2290.0,1.55,2056.0,581.0,485.0
NABIL,12/12/2013,2290.0,2300.0,2240.0,2245.0,-1.97,1285.0,581.0,485.0
NABIL,12/15/2013,2245.0,2300.0,2216.0,2300.0,2.45,1243.0,581.0,485.0
NABIL,12/16/2013,2300.0,2386.0,2310.0,2386.0,3.74,716.0,581.0,485.0
NABIL,12/18/2013,2386.0,2410.0,2386.0,2410.0,1.01,900.0,581.0,485.0
NABIL,12/19/2013,2410.0,2400.0,2257.0,2399.0,-0.46,3807.0,581.0,485.0
NABIL,12/22/2013,2399.0,2405.0,2361.0,2362.0,-1.54,2354.0,581.0,485.0
NABIL,12/23/2013,2357.0,2330.0,2245.0,2245.0,-4.95,1786.0,581.0,485.0
NABIL,12/24/2013,2245.0,2280.0,2245.0,2258.0,0.58,2047.0,581.0,485.0
NABIL,12/26/2013,2258.0,2320.0,2260.0,2270.0,0.53,4278.0,581.0,485.0
NABIL,12/29/2013,2270.0,2275.0,2220.0,2250.0,-0.88,3809.0,581.0,485.0
NABIL,12/31/2013,2250.0,2250.0,2200.0,2210.0,-1.78,2064.0,581.0,485.0
NABIL,1/1/2014,2210.0,2180.0,2142.0,2151.0,-2.67,433.0,581.0,485.0
NABIL,1/2/2014,2151.0,2150.0,2090.0,2125.0,-1.21,10110.0,581.0,485.0
NABIL,1/5/2014,2125.0,2125.0,2100.0,2125.0,0.0,5113.0,581.0,485.0
NABIL,1/6/2014,2125.0,2118.0,2095.0,2110.0,-0.71,3381.0,581.0,485.0
NABIL,1/7/2014,2110.0,2135.0,2070.0,2126.0,0.76,4731.0,581.0,485.0
NABIL,1/8/2014,2126.0,2180.0,2100.0,2168.0,1.98,2502.0,581.0,485.0
NABIL,1/9/2014,2168.0,2172.0,2125.0,2172.0,0.18,1115.0,581.0,485.0
NABIL,1/12/2014,2172.0,2225.0,2105.0,2225.0,2.44,1788.0,581.0,485.0
NABIL,1/13/2014,2225.0,2260.0,2225.0,2250.0,1.12,1385.0,581.0,485.0
NABIL,1/14/2014,2250.0,2250.0,2220.0,2220.0,-1.33,287.0,581.0,485.0
NABIL,1/16/2014,2220.0,2230.0,2199.0,2199.0,-0.95,163.0,581.0,485.0
NABIL,1/19/2014,2199.0,2230.0,2190.0,2210.0,0.5,1484.0,581.0,485.0
NABIL,1/20/2014,2210.0,2200.0,2166.0,2185.0,-1.13,1001.0,581.0,485.0
NABIL,1/21/2014,2185.0,2177.0,2100.0,2129.0,-2.56,1824.0,581.0,485.0
NABIL,1/22/2014,2129.0,2115.0,2070.0,2090.0,-1.83,2490.0,581.0,485.0
NABIL,1/23/2014,2090.0,2100.0,2050.0,2080.0,-0.48,1919.0,581.0,485.0
NABIL,1/26/2014,2080.0,2100.0,2035.0,2085.0,0.24,2305.0,581.0,485.0
NABIL,1/27/2014,2085.0,2105.0,2075.0,2075.0,-0.48,700.0,581.0,485.0
NABIL,1/28/2014,2075.0,2085.0,2040.0,2057.0,-0.87,3039.0,581.0,485.0
NABIL,1/29/2014,2057.0,2060.0,2025.0,2050.0,-0.34,1516.0,581.0,485.0
NABIL,2/2/2014,2050.0,2061.0,2020.0,2060.0,0.49,3221.0,581.0,485.0
NABIL,2/3/2014,2060.0,2025.0,1995.0,2009.0,-2.48,1729.0,581.0,485.0
NABIL,2/4/2014,2009.0,2020.0,2000.0,2015.0,0.3,701.0,581.0,485.0
NABIL,2/6/2014,2060.0,2077.0,2050.0,2077.0,3.08,3009.0,581.0,485.0
NABIL,2/9/2014,2077.0,2100.0,2075.0,2100.0,1.11,884.0,581.0,485.0
NABIL,2/10/2014,2100.0,2227.0,2142.0,2155.0,2.62,3551.0,581.0,485.0
NABIL,2/11/2014,2155.0,2130.0,2100.0,2130.0,-1.16,2034.0,581.0,485.0
NABIL,2/12/2014,2130.0,2124.0,2090.0,2102.0,-1.31,1982.0,581.0,485.0
NABIL,2/13/2014,2102.0,2103.0,2089.0,2095.0,-0.33,902.0,581.0,485.0
NABIL,2/16/2014,2095.0,2100.0,2075.0,2080.0,-0.72,1096.0,581.0,485.0
NABIL,2/17/2014,2080.0,2100.0,2080.0,2088.0,0.38,687.0,581.0,485.0
NABIL,2/18/2014,2088.0,2105.0,2085.0,2105.0,0.81,814.0,581.0,485.0
NABIL,2/20/2014,2105.0,2140.0,2098.0,2098.0,-0.33,466.0,581.0,485.0
NABIL,2/23/2014,2098.0,2150.0,2100.0,2108.0,0.48,4237.0,581.0,485.0
NABIL,2/24/2014,2108.0,2140.0,2107.0,2133.0,1.19,2640.0,581.0,485.0
NABIL,2/25/2014,2133.0,2130.0,2100.0,2130.0,-0.14,1845.0,581.0,485.0
NABIL,2/26/2014,2130.0,2180.0,2100.0,2149.0,0.89,1200.0,581.0,485.0
NABIL,3/3/2014,2149.0,2130.0,2059.0,2065.0,-3.91,1114.0,581.0,485.0
NABIL,3/4/2014,2065.0,2065.0,1975.0,2015.0,-2.42,2767.0,581.0,485.0
NABIL,3/5/2014,2015.0,2090.0,2000.0,2090.0,3.72,1527.0,581.0,485.0
NABIL,3/6/2014,2090.0,2050.0,2001.0,2015.0,-3.59,1631.0,581.0,485.0
NABIL,3/9/2014,2015.0,2055.0,1990.0,2000.0,-0.74,1254.0,581.0,485.0
NABIL,3/10/2014,2000.0,2005.0,1965.0,1980.0,-1.0,904.0,581.0,485.0
NABIL,3/11/2014,1980.0,1981.0,1960.0,1979.0,-0.05,1671.0,581.0,485.0
NABIL,3/12/2014,1979.0,1970.0,1870.0,1955.0,-1.21,4854.0,581.0,485.0
NABIL,3/13/2014,1955.0,1930.0,1900.0,1907.0,-2.46,2402.0,581.0,485.0
NABIL,3/17/2014,1907.0,1885.0,1840.0,1855.0,-2.73,1944.0,581.0,485.0
NABIL,3/18/2014,1855.0,1865.0,1799.0,1799.0,-3.02,2968.0,581.0,485.0
NABIL,3/19/2014,1799.0,1876.0,1790.0,1845.0,2.56,5212.0,581.0,485.0
NABIL,3/20/2014,1845.0,1910.0,1840.0,1910.0,3.52,2633.0,581.0,485.0
NABIL,3/23/2014,1910.0,1895.0,1881.0,1886.0,-1.26,1880.0,581.0,485.0
NABIL,3/24/2014,1886.0,1940.0,1910.0,1915.0,1.54,1043.0,581.0,485.0
NABIL,3/25/2014,1915.0,1910.0,1880.0,1900.0,-0.78,1319.0,581.0,485.0
NABIL,3/26/2014,1900.0,1895.0,1871.0,1872.0,-1.47,781.0,581.0,485.0
NABIL,3/27/2014,1872.0,1905.0,1877.0,1900.0,1.5,2287.0,581.0,485.0
NABIL,3/31/2014,1900.0,1911.0,1895.0,1895.0,-0.26,1049.0,581.0,485.0
NABIL,4/1/2014,1895.0,1920.0,1880.0,1900.0,0.26,2849.0,581.0,485.0
NABIL,4/2/2014,1900.0,1920.0,1900.0,1900.0,0.0,4093.0,581.0,485.0
NABIL,4/3/2014,1900.0,1950.0,1915.0,1950.0,2.63,1392.0,581.0,485.0
NABIL,4/6/2014,1950.0,2000.0,1965.0,1965.0,0.77,438.0,581.0,485.0
NABIL,4/7/2014,1965.0,1950.0,1893.0,1945.0,-1.02,3054.0,581.0,485.0
NABIL,4/9/2014,1945.0,1960.0,1900.0,1960.0,0.77,1858.0,581.0,485.0
NABIL,4/10/2014,1960.0,2000.0,1961.0,1989.0,1.48,2242.0,581.0,485.0
NABIL,4/13/2014,1989.0,2009.0,1970.0,1995.0,0.3,4388.0,581.0,485.0
NABIL,4/15/2014,1995.0,2003.0,1995.0,1995.0,0.0,572.0,581.0,485.0
NABIL,4/16/2014,1995.0,1991.0,1970.0,1990.0,-0.25,606.0,581.0,485.0
NABIL,4/17/2014,1990.0,1980.0,1943.0,1943.0,-2.36,1617.0,581.0,485.0
NABIL,4/20/2014,1943.0,1950.0,1944.0,1950.0,0.36,2145.0,581.0,485.0
NABIL,4/21/2014,1950.0,1950.0,1920.0,1930.0,-1.03,1235.0,581.0,485.0
NABIL,4/22/2014,1930.0,1960.0,1930.0,1930.0,0.0,382.0,581.0,485.0
NABIL,4/23/2014,1930.0,1940.0,1918.0,1940.0,0.52,699.0,581.0,485.0
NABIL,4/27/2014,1940.0,1930.0,1890.0,1900.0,-2.06,1374.0,581.0,485.0
NABIL,4/28/2014,1900.0,1920.0,1890.0,1910.0,0.53,1057.0,581.0,485.0
NABIL,4/29/2014,1910.0,1910.0,1910.0,1910.0,0.0,45.0,581.0,485.0
NABIL,4/30/2014,1910.0,1940.0,1910.0,1940.0,1.57,326.0,581.0,485.0
NABIL,5/4/2014,1940.0,1940.0,1904.0,1935.0,-0.26,3143.0,581.0,485.0
NABIL,5/5/2014,1935.0,1965.0,1940.0,1960.0,1.29,1684.0,581.0,485.0
NABIL,5/6/2014,1960.0,2077.0,1999.0,2030.0,3.57,2557.0,581.0,485.0
NABIL,5/7/2014,2030.0,2111.0,2040.0,2040.0,0.49,2142.0,581.0,485.0
NABIL,5/8/2014,2040.0,2020.0,2000.0,2012.0,-1.37,1301.0,581.0,485.0
NABIL,5/11/2014,2012.0,2040.0,1995.0,2013.0,0.05,1554.0,581.0,485.0
NABIL,5/12/2014,2013.0,2040.0,1995.0,2015.0,0.1,2015.0,581.0,485.0
NABIL,5/13/2014,2015.0,2030.0,1990.0,2000.0,-0.74,1034.0,581.0,485.0
NABIL,5/15/2014,2000.0,2029.0,1960.0,1960.0,-2.0,1801.0,581.0,485.0
NABIL,5/18/2014,1960.0,1965.0,1941.0,1950.0,-0.51,3500.0,581.0,485.0
NABIL,5/19/2014,1950.0,1950.0,1882.0,1925.0,-1.28,4777.0,581.0,485.0
NABIL,5/20/2014,1925.0,1940.0,1903.0,1915.0,-0.52,3836.0,581.0,485.0
NABIL,5/21/2014,1915.0,1926.0,1890.0,1915.0,0.0,3692.0,581.0,485.0
NABIL,5/22/2014,1915.0,1925.0,1859.0,1859.0,-2.92,21890.0,581.0,485.0
NABIL,5/25/2014,1859.0,1945.0,1788.0,1922.0,3.39,27558.0,581.0,485.0
NABIL,5/26/2014,1922.0,1989.0,1900.0,1989.0,3.49,8695.0,581.0,485.0
NABIL,5/27/2014,1989.0,1960.0,1925.0,1950.0,-1.96,5571.0,581.0,485.0
NABIL,5/28/2014,1950.0,1989.0,1940.0,1985.0,1.79,3993.0,581.0,485.0
NABIL,6/1/2014,1985.0,2050.0,1970.0,2035.0,2.52,6733.0,581.0,485.0
NABIL,6/2/2014,2035.0,2065.0,2020.0,2050.0,0.74,8876.0,581.0,485.0
NABIL,6/3/2014,2050.0,2090.0,2057.0,2069.0,0.93,5985.0,581.0,485.0
NABIL,6/4/2014,2069.0,2075.0,2050.0,2075.0,0.29,5664.0,581.0,485.0
NABIL,6/5/2014,2075.0,2074.0,2035.0,2052.0,-1.11,4170.0,581.0,485.0
NABIL,6/8/2014,2052.0,2099.0,2050.0,2078.0,1.27,4816.0,581.0,485.0
NABIL,6/9/2014,2078.0,2115.0,2078.0,2110.0,1.54,6302.0,581.0,485.0
NABIL,6/10/2014,2110.0,2150.0,2115.0,2143.0,1.56,6260.0,581.0,485.0
NABIL,6/11/2014,2143.0,2190.0,2130.0,2160.0,0.79,7131.0,581.0,485.0
NABIL,6/12/2014,2160.0,2185.0,2127.0,2160.0,0.0,5552.0,581.0,485.0
NABIL,6/15/2014,2160.0,2376.0,2160.0,2330.0,7.87,9465.0,581.0,485.0
NABIL,6/16/2014,2330.0,2380.0,2312.0,2363.0,1.42,11146.0,581.0,485.0
NABIL,6/17/2014,2363.0,2413.0,2310.0,2360.0,-0.13,6689.0,581.0,485.0
NABIL,6/18/2014,2360.0,2370.0,2335.0,2335.0,-1.06,2313.0,581.0,485.0
NABIL,6/19/2014,2335.0,2290.0,2265.0,2270.0,-2.78,3475.0,581.0,485.0
NABIL,6/23/2014,2270.0,2235.0,2186.0,2198.0,-3.17,7097.0,581.0,485.0
NABIL,6/24/2014,2198.0,2255.0,2117.0,2254.0,2.55,4796.0,581.0,485.0
NABIL,6/25/2014,2254.0,2309.0,2250.0,2290.0,1.6,2781.0,581.0,485.0
NABIL,6/26/2014,2290.0,2335.0,2301.0,2301.0,0.48,1527.0,581.0,485.0
NABIL,6/29/2014,2301.0,2340.0,2280.0,2325.0,1.04,4526.0,581.0,485.0
NABIL,6/30/2014,2325.0,2340.0,2300.0,2310.0,-0.65,2748.0,581.0,485.0
NABIL,7/1/2014,2310.0,2355.0,2320.0,2335.0,1.08,3169.0,581.0,485.0
NABIL,7/2/2014,2335.0,2355.0,2300.0,2345.0,0.43,4313.0,581.0,485.0
NABIL,7/3/2014,2345.0,2400.0,2350.0,2360.0,0.64,3317.0,581.0,485.0
NABIL,7/6/2014,2360.0,2420.0,2360.0,2390.0,1.27,4442.0,581.0,485.0
NABIL,7/7/2014,2390.0,2450.0,2400.0,2425.0,1.46,3657.0,581.0,485.0
NABIL,7/8/2014,2425.0,2450.0,2400.0,2450.0,1.03,7731.0,581.0,485.0
NABIL,7/9/2014,2450.0,2460.0,2438.0,2438.0,-0.49,1438.0,581.0,485.0
NABIL,7/10/2014,2438.0,2500.0,2430.0,2500.0,2.54,3612.0,581.0,485.0
NABIL,7/13/2014,2500.0,2661.0,2520.0,2554.0,2.16,4717.0,581.0,485.0
NABIL,7/14/2014,2554.0,2605.0,2530.0,2550.0,-0.16,1345.0,581.0,485.0
NABIL,7/15/2014,2550.0,2540.0,2515.0,2538.0,-0.47,2092.0,581.0,485.0
NABIL,7/16/2014,2538.0,2574.0,2515.0,2535.0,-0.12,1482.0,581.0,485.0
NABIL,7/17/2014,2535.0,2555.0,2490.0,2528.0,-0.28,4066.0,581.0,485.0
NABIL,7/20/2014,2528.0,2629.0,2550.0,2620.0,3.64,3391.0,581.0,485.0
NABIL,7/21/2014,2620.0,2635.0,2590.0,2610.0,-0.38,6600.0,581.0,485.0
NABIL,7/22/2014,2610.0,2657.0,2559.0,2657.0,1.8,11797.0,581.0,485.0
NABIL,7/23/2014,2657.0,2680.0,2600.0,2680.0,0.87,2677.0,581.0,485.0
NABIL,7/24/2014,2680.0,2670.0,2610.0,2652.0,-1.04,2761.0,581.0,485.0
NABIL,7/27/2014,2652.0,2620.0,2600.0,2600.0,-1.96,856.0,581.0,485.0
NABIL,7/28/2014,2600.0,2610.0,2560.0,2610.0,0.38,281.0,581.0,485.0
NABIL,7/30/2014,2610.0,2610.0,2576.0,2580.0,-1.15,1885.0,581.0,485.0
NABIL,7/31/2014,2580.0,2612.0,2565.0,2571.0,-0.35,2070.0,581.0,485.0
NABIL,8/3/2014,2571.0,2600.0,2575.0,2583.0,0.47,2243.0,581.0,485.0
NABIL,8/4/2014,2583.0,2560.0,2470.0,2480.0,-3.99,1906.0,581.0,485.0
NABIL,8/5/2014,2480.0,2550.0,2500.0,2500.0,0.81,4958.0,581.0,485.0
NABIL,8/6/2014,2500.0,2505.0,2480.0,2489.0,-0.44,3605.0,581.0,485.0
NABIL,8/7/2014,2489.0,2500.0,2470.0,2472.0,-0.68,2121.0,581.0,485.0
NABIL,8/12/2014,2472.0,2470.0,2415.0,2415.0,-2.31,1179.0,581.0,485.0
NABIL,8/13/2014,2415.0,2505.0,2385.0,2450.0,1.45,3685.0,581.0,485.0
NABIL,8/14/2014,2450.0,2550.0,2425.0,2513.0,2.57,3681.0,581.0,485.0
NABIL,8/18/2014,2513.0,2555.0,2490.0,2505.0,-0.32,7582.0,581.0,485.0
NABIL,8/19/2014,2505.0,2511.0,2475.0,2475.0,-1.2,2987.0,581.0,485.0
NABIL,8/20/2014,2475.0,2480.0,2400.0,2418.0,-2.3,5743.0,581.0,485.0
NABIL,8/21/2014,2418.0,2502.0,2270.0,2441.0,0.95,4752.0,581.0,485.0
NABIL,8/24/2014,2441.0,2520.0,2439.0,2470.0,1.19,2179.0,581.0,485.0
NABIL,8/25/2014,2470.0,2519.0,2280.0,2360.0,-4.45,4877.0,581.0,485.0
NABIL,8/26/2014,2360.0,2407.0,2223.0,2223.0,-5.81,7014.0,581.0,485.0
NABIL,8/27/2014,2223.0,2400.0,2267.0,2365.0,6.39,7514.0,581.0,485.0
NABIL,8/28/2014,2365.0,2530.0,2410.0,2412.0,1.99,7784.0,581.0,485.0
NABIL,8/31/2014,2412.0,2578.0,2460.0,2462.0,2.07,28055.0,581.0,485.0
NABIL,9/1/2014,2462.0,2460.0,2380.0,2402.0,-2.44,8973.0,581.0,485.0
NABIL,9/3/2014,2402.0,2488.0,2400.0,2424.0,0.92,6112.0,581.0,485.0
NABIL,9/4/2014,2424.0,2410.0,2377.0,2397.0,-1.11,4050.0,581.0,485.0
NABIL,9/7/2014,2397.0,2375.0,2230.0,2230.0,-6.97,3957.0,581.0,485.0
NABIL,9/9/2014,2230.0,2387.0,2250.0,2365.0,6.05,2375.0,581.0,485.0
NABIL,9/10/2014,2365.0,2425.0,2320.0,2320.0,-1.9,4288.0,581.0,485.0
NABIL,9/11/2014,2320.0,2320.0,2250.0,2260.0,-2.59,2728.0,581.0,485.0
NABIL,9/14/2014,2260.0,2285.0,2220.0,2276.0,0.71,3404.0,581.0,485.0
NABIL,9/15/2014,2276.0,2346.0,2260.0,2300.0,1.05,2930.0,581.0,485.0
NABIL,9/16/2014,2300.0,2346.0,2285.0,2325.0,1.09,3472.0,581.0,485.0
NABIL,9/17/2014,2325.0,2350.0,2300.0,2300.0,-1.08,3375.0,581.0,485.0
NABIL,9/18/2014,2300.0,2310.0,2230.0,2247.0,-2.3,3648.0,581.0,485.0
NABIL,9/21/2014,2247.0,2215.0,2165.0,2190.0,-2.54,2116.0,581.0,485.0
NABIL,9/22/2014,2190.0,2175.0,2140.0,2174.0,-0.73,2830.0,581.0,485.0
NABIL,9/23/2014,2174.0,2270.0,2195.0,2213.0,1.79,2415.0,581.0,485.0
NABIL,9/24/2014,2213.0,2346.0,2250.0,2344.0,5.92,2407.0,581.0,485.0
NABIL,9/28/2014,2344.0,2375.0,2330.0,2345.0,0.04,2614.0,581.0,485.0
NABIL,9/29/2014,2345.0,2427.0,2360.0,2399.0,2.3,4217.0,581.0,485.0
NABIL,9/30/2014,2399.0,2407.0,2357.0,2395.0,-0.17,2574.0,581.0,485.0
NABIL,10/8/2014,2395.0,2394.0,2370.0,2370.0,-1.04,433.0,581.0,485.0
NABIL,10/9/2014,2370.0,2380.0,2340.0,2380.0,0.42,704.0,581.0,485.0
NABIL,10/12/2014,2380.0,2360.0,2320.0,2360.0,-0.84,1152.0,581.0,485.0
NABIL,10/13/2014,2360.0,2315.0,2250.0,2272.0,-3.73,2487.0,581.0,485.0
NABIL,10/14/2014,2272.0,2310.0,2280.0,2290.0,0.79,1237.0,581.0,485.0
NABIL,10/15/2014,2290.0,2340.0,2298.0,2340.0,2.18,845.0,581.0,485.0
NABIL,10/16/2014,2340.0,2375.0,2328.0,2340.0,0.0,1374.0,581.0,485.0
NABIL,10/19/2014,2340.0,2324.0,2295.0,2315.0,-1.07,2320.0,581.0,485.0
NABIL,10/20/2014,2315.0,2320.0,2300.0,2320.0,0.22,1595.0,581.0,485.0
NABIL,10/21/2014,2320.0,2361.0,2310.0,2324.0,0.17,1935.0,581.0,485.0
NABIL,10/22/2014,2324.0,2366.0,2314.0,2350.0,1.12,1509.0,581.0,485.0
NABIL,10/26/2014,2350.0,2359.0,2350.0,2350.0,0.0,428.0,581.0,485.0
NABIL,10/27/2014,2350.0,2375.0,2349.0,2364.0,0.6,185.0,581.0,485.0
NABIL,10/28/2014,2364.0,2364.0,2340.0,2350.0,-0.59,1392.0,581.0,485.0
NABIL,10/30/2014,2350.0,2376.0,2306.0,2325.0,-1.06,2519.0,581.0,485.0
NABIL,11/2/2014,2325.0,2325.0,2280.0,2290.0,-1.51,1073.0,581.0,485.0
NABIL,11/3/2014,2290.0,2255.0,2200.0,2200.0,-3.93,3592.0,581.0,485.0
NABIL,11/4/2014,2200.0,2210.0,2160.0,2210.0,0.45,2684.0,581.0,485.0
NABIL,11/5/2014,2210.0,2218.0,2170.0,2206.0,-0.18,6995.0,581.0,485.0
NABIL,11/6/2014,2206.0,2235.0,2191.0,2220.0,0.63,7739.0,581.0,485.0
NABIL,11/9/2014,2220.0,2252.0,2200.0,2217.0,-0.14,11263.0,581.0,485.0
NABIL,11/10/2014,2217.0,2249.0,2180.0,2200.0,-0.77,6328.0,581.0,485.0
NABIL,11/11/2014,2200.0,2200.0,2175.0,2200.0,0.0,6449.0,581.0,485.0
NABIL,11/12/2014,2200.0,2209.0,2170.0,2170.0,-1.36,11776.0,581.0,485.0
NABIL,11/13/2014,1808.0,1830.0,1800.0,1800.0,-17.05,99.0,581.0,485.0
NABIL,11/16/2014,1800.0,1765.0,1670.0,1709.0,-5.06,2309.0,581.0,485.0
NABIL,11/17/2014,1709.0,1678.0,1611.0,1635.0,-4.33,3945.0,581.0,485.0
NABIL,11/18/2014,1635.0,1667.0,1564.0,1667.0,1.96,2897.0,581.0,485.0
NABIL,11/19/2014,1667.0,1710.0,1634.0,1710.0,2.58,2153.0,581.0,485.0
NABIL,11/20/2014,1710.0,1765.0,1700.0,1739.0,1.7,2401.0,581.0,485.0
NABIL,11/23/2014,1739.0,1773.0,1695.0,1742.0,0.17,4018.0,581.0,485.0
NABIL,11/24/2014,1742.0,1724.0,1710.0,1715.0,-1.55,2010.0,581.0,485.0
NABIL,11/25/2014,1715.0,1710.0,1666.0,1696.0,-1.11,3089.0,581.0,485.0
NABIL,11/30/2014,1696.0,1700.0,1680.0,1680.0,-0.94,2125.0,581.0,485.0
NABIL,12/1/2014,1680.0,1701.0,1670.0,1692.0,0.71,3262.0,581.0,485.0
NABIL,12/2/2014,1692.0,1680.0,1635.0,1680.0,-0.71,3265.0,581.0,485.0
NABIL,12/3/2014,1680.0,1710.0,1665.0,1665.0,-0.89,2392.0,581.0,485.0
NABIL,12/4/2014,1665.0,1720.0,1687.0,1714.0,2.94,3338.0,581.0,485.0
NABIL,12/7/2014,1714.0,1718.0,1700.0,1701.0,-0.76,3015.0,581.0,485.0
NABIL,12/8/2014,1701.0,1707.0,1700.0,1707.0,0.35,1571.0,581.0,485.0
NABIL,12/9/2014,1707.0,1720.0,1700.0,1715.0,0.47,2452.0,581.0,485.0
NABIL,12/10/2014,1715.0,1745.0,1682.0,1720.0,0.29,1666.0,581.0,485.0
NABIL,12/11/2014,1720.0,1800.0,1686.0,1800.0,4.65,4183.0,581.0,485.0
NABIL,12/14/2014,1800.0,1947.0,1836.0,1945.0,8.06,864.0,581.0,485.0
NABIL,12/15/2014,1945.0,2000.0,1881.0,1950.0,0.26,3945.0,581.0,485.0
NABIL,12/16/2014,1950.0,1950.0,1915.0,1926.0,-1.23,3779.0,581.0,485.0
NABIL,12/17/2014,1926.0,1915.0,1875.0,1875.0,-2.65,2618.0,581.0,485.0
NABIL,12/18/2014,1875.0,1938.0,1885.0,1938.0,3.36,701.0,581.0,485.0
NABIL,12/22/2014,1938.0,1900.0,1825.0,1836.0,-5.26,1715.0,581.0,485.0
NABIL,12/23/2014,1836.0,1810.0,1800.0,1800.0,-1.96,1178.0,581.0,485.0
NABIL,12/24/2014,1800.0,1856.0,1800.0,1856.0,3.11,3276.0,581.0,485.0
NABIL,12/28/2014,1856.0,1892.0,1858.0,1870.0,0.75,2045.0,581.0,485.0
NABIL,12/29/2014,1870.0,1890.0,1835.0,1873.0,0.16,1493.0,581.0,485.0
NABIL,12/31/2014,1873.0,1855.0,1820.0,1820.0,-2.83,2162.0,581.0,485.0
NABIL,1/1/2015,1820.0,1875.0,1835.0,1875.0,3.02,2383.0,581.0,485.0
NABIL,1/4/2015,1875.0,1889.0,1866.0,1880.0,0.27,1918.0,581.0,485.0
NABIL,1/5/2015,1880.0,1901.0,1855.0,1886.0,0.32,2264.0,581.0,485.0
NABIL,1/6/2015,1886.0,1862.0,1852.0,1852.0,-1.8,421.0,581.0,485.0
NABIL,1/7/2015,1852.0,1898.0,1870.0,1885.0,1.78,1365.0,581.0,485.0
NABIL,1/8/2015,1885.0,1901.0,1880.0,1890.0,0.27,1201.0,581.0,485.0
NABIL,1/11/2015,1890.0,1881.0,1855.0,1855.0,-1.85,1113.0,581.0,485.0
NABIL,1/12/2015,1855.0,1859.0,1840.0,1855.0,0.0,490.0,581.0,485.0
NABIL,1/13/2015,1855.0,1890.0,1825.0,1890.0,1.89,1921.0,581.0,485.0
NABIL,1/14/2015,1890.0,1890.0,1866.0,1869.0,-1.11,643.0,581.0,485.0
NABIL,1/18/2015,1869.0,1894.0,1866.0,1894.0,1.34,1573.0,581.0,485.0
NABIL,1/19/2015,1894.0,2038.0,1857.0,1982.0,4.65,22822.0,581.0,485.0
NABIL,1/20/2015,1982.0,1950.0,1932.0,1950.0,-1.61,2981.0,581.0,485.0
NABIL,1/22/2015,1950.0,1940.0,1853.0,1940.0,-0.51,2851.0,581.0,485.0
NABIL,1/25/2015,1940.0,1960.0,1876.0,1950.0,0.52,2272.0,581.0,485.0
NABIL,1/26/2015,1950.0,1986.0,1950.0,1950.0,0.0,3083.0,581.0,485.0
NABIL,1/27/2015,1950.0,1974.0,1950.0,1974.0,1.23,1708.0,581.0,485.0
NABIL,1/28/2015,1974.0,2020.0,1974.0,2020.0,2.33,4973.0,581.0,485.0
NABIL,1/29/2015,2020.0,2030.0,1990.0,2012.0,-0.4,2342.0,581.0,485.0
NABIL,2/1/2015,2012.0,2060.0,1912.0,2051.0,1.94,2215.0,581.0,485.0
NABIL,2/2/2015,2051.0,2062.0,2033.0,2050.0,-0.05,5873.0,581.0,485.0
NABIL,2/3/2015,2050.0,2055.0,2006.0,2021.0,-1.41,4156.0,581.0,485.0
NABIL,2/4/2015,2021.0,2025.0,2001.0,2010.0,-0.54,4416.0,581.0,485.0
NABIL,2/5/2015,2010.0,2020.0,1995.0,2012.0,0.1,3419.0,581.0,485.0
NABIL,2/8/2015,2012.0,2017.0,2000.0,2010.0,-0.1,1634.0,581.0,485.0
NABIL,2/9/2015,2010.0,2010.0,1980.0,1990.0,-1.0,2813.0,581.0,485.0
NABIL,2/10/2015,1990.0,1998.0,1990.0,1998.0,0.4,1360.0,581.0,485.0
NABIL,2/11/2015,1998.0,2000.0,1998.0,1998.0,0.0,418.0,581.0,485.0
NABIL,2/12/2015,1998.0,2005.0,1985.0,2005.0,0.35,2850.0,581.0,485.0
NABIL,2/15/2015,2005.0,2004.0,1996.0,2000.0,-0.25,2124.0,581.0,485.0
NABIL,2/16/2015,2000.0,2000.0,1985.0,1995.0,-0.25,1483.0,581.0,485.0
NABIL,2/18/2015,1995.0,1985.0,1975.0,1985.0,-0.5,1539.0,581.0,485.0
NABIL,2/22/2015,1985.0,1960.0,1930.0,1947.0,-1.91,2341.0,581.0,485.0
NABIL,2/23/2015,1947.0,1940.0,1905.0,1939.0,-0.41,3583.0,581.0,485.0
NABIL,2/24/2015,1939.0,1950.0,1915.0,1950.0,0.57,499.0,581.0,485.0
NABIL,2/25/2015,1950.0,1952.0,1940.0,1952.0,0.1,1894.0,581.0,485.0
NABIL,2/26/2015,1952.0,1960.0,1921.0,1926.0,-1.33,470.0,581.0,485.0
NABIL,3/1/2015,1926.0,1940.0,1903.0,1930.0,0.21,1809.0,581.0,485.0
NABIL,3/2/2015,1930.0,1930.0,1920.0,1925.0,-0.26,6343.0,581.0,485.0
NABIL,3/3/2015,1925.0,1930.0,1920.0,1930.0,0.26,316.0,581.0,485.0
NABIL,3/4/2015,1930.0,1961.0,1935.0,1940.0,0.52,1399.0,581.0,485.0
NABIL,3/9/2015,1940.0,1975.0,1949.0,1961.0,1.08,2158.0,581.0,485.0
NABIL,3/10/2015,1961.0,1972.0,1940.0,1942.0,-0.97,1395.0,581.0,485.0
NABIL,3/11/2015,1942.0,1960.0,1940.0,1960.0,0.93,855.0,581.0,485.0
NABIL,3/12/2015,1960.0,1945.0,1930.0,1945.0,-0.77,504.0,581.0,485.0
NABIL,3/15/2015,1945.0,1930.0,1916.0,1925.0,-1.03,851.0,581.0,485.0
NABIL,3/16/2015,1925.0,1920.0,1910.0,1911.0,-0.73,681.0,581.0,485.0
NABIL,3/17/2015,1911.0,1920.0,1905.0,1906.0,-0.26,1912.0,581.0,485.0
NABIL,3/18/2015,1906.0,1917.0,1880.0,1901.0,-0.26,1952.0,581.0,485.0
NABIL,3/19/2015,1901.0,1925.0,1900.0,1925.0,1.26,803.0,581.0,485.0
NABIL,3/22/2015,1925.0,1920.0,1900.0,1909.0,-0.83,2388.0,581.0,485.0
NABIL,3/23/2015,1909.0,1904.0,1888.0,1900.0,-0.47,1911.0,581.0,485.0
NABIL,3/24/2015,1900.0,1900.0,1880.0,1900.0,0.0,919.0,581.0,485.0
NABIL,3/25/2015,1900.0,1901.0,1865.0,1887.0,-0.68,1876.0,581.0,485.0
NABIL,3/26/2015,1887.0,1887.0,1860.0,1870.0,-0.9,1816.0,581.0,485.0
NABIL,3/29/2015,1870.0,1880.0,1840.0,1880.0,0.53,794.0,581.0,485.0
NABIL,3/30/2015,1880.0,1882.0,1879.0,1881.0,0.05,1513.0,581.0,485.0
NABIL,3/31/2015,1881.0,1890.0,1875.0,1875.0,-0.32,808.0,581.0,485.0
NABIL,4/1/2015,1875.0,1875.0,1860.0,1875.0,0.0,232.0,581.0,485.0
NABIL,4/2/2015,1875.0,1889.0,1855.0,1889.0,0.75,1601.0,581.0,485.0
NABIL,4/5/2015,1889.0,1870.0,1850.0,1865.0,-1.27,1849.0,581.0,485.0
NABIL,4/6/2015,1865.0,1880.0,1830.0,1880.0,0.8,719.0,581.0,485.0
NABIL,4/7/2015,1880.0,1870.0,1870.0,1870.0,-0.53,134.0,581.0,485.0
NABIL,4/8/2015,1870.0,1895.0,1865.0,1895.0,1.34,649.0,581.0,485.0
NABIL,4/9/2015,1895.0,1930.0,1900.0,1905.0,0.53,633.0,581.0,485.0
NABIL,4/12/2015,1905.0,1960.0,1900.0,1940.0,1.84,1785.0,581.0,485.0
NABIL,4/13/2015,1940.0,1930.0,1895.0,1920.0,-1.03,1721.0,581.0,485.0
NABIL,4/15/2015,1920.0,1930.0,1895.0,1895.0,-1.3,738.0,581.0,485.0
NABIL,4/16/2015,1895.0,1950.0,1885.0,1950.0,2.9,1399.0,581.0,485.0
NABIL,4/19/2015,1950.0,1930.0,1895.0,1925.0,-1.28,1956.0,581.0,485.0
NABIL,4/20/2015,1925.0,1940.0,1900.0,1940.0,0.78,1739.0,581.0,485.0
NABIL,4/21/2015,1940.0,1930.0,1900.0,1930.0,-0.52,6138.0,581.0,485.0
NABIL,4/22/2015,1930.0,1916.0,1880.0,1900.0,-1.55,2300.0,581.0,485.0
NABIL,4/23/2015,1900.0,1905.0,1870.0,1902.0,0.11,2509.0,581.0,485.0
NABIL,5/25/2015,1902.0,1864.0,1712.0,1712.0,-9.99,731.0,581.0,485.0
NABIL,5/26/2015,1712.0,1695.0,1603.0,1650.0,-3.62,7687.0,581.0,485.0
NABIL,5/27/2015,1650.0,1640.0,1585.0,1615.0,-2.12,2258.0,581.0,485.0
NABIL,5/28/2015,1615.0,1632.0,1575.0,1602.0,-0.8,4064.0,581.0,485.0
NABIL,5/31/2015,1602.0,1723.0,1634.0,1723.0,7.55,2975.0,581.0,485.0
NABIL,6/1/2015,1723.0,1841.0,1750.0,1819.0,5.57,2683.0,581.0,485.0
NABIL,6/2/2015,1819.0,1850.0,1810.0,1850.0,1.7,1778.0,581.0,485.0
NABIL,6/3/2015,1850.0,1908.0,1860.0,1908.0,3.14,1392.0,581.0,485.0
NABIL,6/4/2015,1908.0,1930.0,1880.0,1900.0,-0.42,2197.0,581.0,485.0
NABIL,6/7/2015,1900.0,1911.0,1900.0,1910.0,0.53,1707.0,581.0,485.0
NABIL,6/8/2015,1910.0,1940.0,1915.0,1935.0,1.31,478.0,581.0,485.0
NABIL,6/9/2015,1935.0,2010.0,1963.0,2010.0,3.88,2923.0,581.0,485.0
NABIL,6/10/2015,2010.0,2002.0,1980.0,1982.0,-1.39,3961.0,581.0,485.0
NABIL,6/11/2015,1982.0,1970.0,1940.0,1940.0,-2.12,661.0,581.0,485.0
NABIL,6/14/2015,1940.0,1965.0,1921.0,1925.0,-0.77,1089.0,581.0,485.0
NABIL,6/16/2015,1925.0,1930.0,1900.0,1900.0,-1.3,600.0,581.0,485.0
NABIL,6/17/2015,1900.0,1900.0,1881.0,1881.0,-1.0,2620.0,581.0,485.0
NABIL,6/18/2015,1881.0,1880.0,1880.0,1880.0,-0.05,332.0,581.0,485.0
NABIL,6/21/2015,1880.0,1875.0,1860.0,1875.0,-0.27,436.0,581.0,485.0
NABIL,6/22/2015,1875.0,1885.0,1860.0,1875.0,0.0,3016.0,581.0,485.0
NABIL,6/23/2015,1875.0,1880.0,1851.0,1880.0,0.27,2293.0,581.0,485.0
NABIL,6/24/2015,1880.0,1885.0,1880.0,1881.0,0.05,1352.0,581.0,485.0
NABIL,6/25/2015,1881.0,1885.0,1850.0,1885.0,0.21,3274.0,581.0,485.0
NABIL,6/28/2015,1885.0,1901.0,1886.0,1900.0,0.8,911.0,581.0,485.0
NABIL,6/29/2015,1900.0,1920.0,1890.0,1905.0,0.26,3878.0,581.0,485.0
NABIL,6/30/2015,1905.0,1930.0,1892.0,1909.0,0.21,2117.0,581.0,485.0
NABIL,7/1/2015,1909.0,1925.0,1896.0,1909.0,0.0,2457.0,581.0,485.0
NABIL,7/2/2015,1909.0,1910.0,1900.0,1909.0,0.0,2986.0,581.0,485.0
NABIL,7/5/2015,1909.0,1920.0,1901.0,1919.0,0.52,2251.0,581.0,485.0
NABIL,7/6/2015,1919.0,1923.0,1900.0,1923.0,0.21,902.0,581.0,485.0
NABIL,7/7/2015,1923.0,1930.0,1902.0,1911.0,-0.62,3906.0,581.0,485.0
NABIL,7/8/2015,1911.0,1916.0,1905.0,1910.0,-0.05,1567.0,581.0,485.0
NABIL,7/9/2015,1910.0,1922.0,1900.0,1920.0,0.52,1628.0,581.0,485.0
NABIL,7/12/2015,1920.0,1935.0,1900.0,1935.0,0.78,2796.0,581.0,485.0
NABIL,7/13/2015,1935.0,1932.0,1907.0,1924.0,-0.57,1398.0,581.0,485.0
NABIL,7/14/2015,1924.0,1925.0,1910.0,1920.0,-0.21,439.0,581.0,485.0
NABIL,7/15/2015,1920.0,1930.0,1916.0,1930.0,0.52,1266.0,581.0,485.0
NABIL,7/16/2015,1930.0,1930.0,1901.0,1910.0,-1.04,2248.0,581.0,485.0
NABIL,7/22/2015,1910.0,1925.0,1900.0,1900.0,-0.52,3604.0,581.0,485.0
NABIL,7/23/2015,1900.0,2010.0,1900.0,2010.0,5.79,6999.0,581.0,485.0
NABIL,7/26/2015,2010.0,2091.0,2050.0,2091.0,4.03,2070.0,581.0,485.0
NABIL,7/27/2015,2091.0,2300.0,2132.0,2300.0,10.0,46545.0,581.0,485.0
NABIL,7/28/2015,2300.0,2305.0,2200.0,2250.0,-2.17,15694.0,581.0,485.0
NABIL,7/29/2015,2250.0,2250.0,2225.0,2240.0,-0.44,7549.0,581.0,485.0
NABIL,7/30/2015,2240.0,2346.0,2240.0,2300.0,2.68,5450.0,581.0,485.0
NABIL,8/2/2015,2300.0,2346.0,2300.0,2310.0,0.43,6054.0,581.0,485.0
NABIL,8/3/2015,2310.0,2310.0,2298.0,2309.0,-0.04,6203.0,581.0,485.0
NABIL,8/4/2015,2309.0,2310.0,2271.0,2289.0,-0.87,6686.0,581.0,485.0
NABIL,8/5/2015,2289.0,2290.0,2279.0,2280.0,-0.39,6523.0,581.0,485.0
NABIL,8/6/2015,2280.0,2340.0,2290.0,2300.0,0.88,9493.0,581.0,485.0
NABIL,8/9/2015,2300.0,2398.0,2320.0,2398.0,4.26,7017.0,581.0,485.0
NABIL,8/10/2015,2398.0,2493.0,2420.0,2490.0,3.84,7210.0,581.0,485.0
NABIL,8/11/2015,2490.0,2500.0,2450.0,2470.0,-0.8,5823.0,581.0,485.0
NABIL,8/12/2015,2470.0,2480.0,2430.0,2471.0,0.04,4389.0,581.0,485.0
NABIL,8/13/2015,2471.0,2500.0,2440.0,2500.0,1.17,7919.0,581.0,485.0
NABIL,8/16/2015,2500.0,2650.0,2519.0,2595.0,3.8,8792.0,581.0,485.0
NABIL,8/17/2015,2595.0,2750.0,2623.0,2690.0,3.66,14195.0,581.0,485.0
NABIL,8/18/2015,2690.0,2784.0,2637.0,2700.0,0.37,14079.0,581.0,485.0
NABIL,8/19/2015,2700.0,2709.0,2660.0,2690.0,-0.37,7336.0,581.0,485.0
NABIL,8/20/2015,2690.0,2794.0,2690.0,2695.0,0.19,8915.0,581.0,485.0
NABIL,8/23/2015,2695.0,2719.0,2630.0,2670.0,-0.93,7495.0,581.0,485.0
NABIL,8/24/2015,2670.0,2680.0,2600.0,2610.0,-2.25,7472.0,581.0,485.0
NABIL,8/25/2015,2610.0,2600.0,2566.0,2579.0,-1.19,2958.0,581.0,485.0
NABIL,8/26/2015,2579.0,2585.0,2555.0,2556.0,-0.89,1184.0,581.0,485.0
NABIL,8/27/2015,2556.0,2615.0,2570.0,2580.0,0.94,5228.0,581.0,485.0
NABIL,8/31/2015,2580.0,2600.0,2580.0,2599.0,0.74,5198.0,581.0,485.0
NABIL,9/1/2015,2599.0,2606.0,2570.0,2579.0,-0.77,4880.0,581.0,485.0
NABIL,9/2/2015,2579.0,2550.0,2456.0,2480.0,-3.84,5980.0,581.0,485.0
NABIL,9/3/2015,2480.0,2505.0,2454.0,2465.0,-0.6,7315.0,581.0,485.0
NABIL,9/6/2015,2465.0,2475.0,2400.0,2450.0,-0.61,7695.0,581.0,485.0
NABIL,9/7/2015,2450.0,2510.0,2480.0,2499.0,2.0,6420.0,581.0,485.0
NABIL,9/8/2015,2499.0,2548.0,2527.0,2531.0,1.28,5434.0,581.0,485.0
NABIL,9/9/2015,2531.0,2550.0,2511.0,2511.0,-0.79,2291.0,581.0,485.0
NABIL,9/10/2015,2511.0,2515.0,2496.0,2500.0,-0.44,3357.0,581.0,485.0
NABIL,9/13/2015,2500.0,2530.0,2500.0,2505.0,0.2,3986.0,581.0,485.0
NABIL,9/14/2015,2505.0,2630.0,2555.0,2578.0,2.91,5240.0,581.0,485.0
NABIL,9/15/2015,2578.0,2674.0,2616.0,2674.0,3.72,7770.0,581.0,485.0
NABIL,9/16/2015,2674.0,2720.0,2665.0,2675.0,0.04,8423.0,581.0,485.0
NABIL,9/17/2015,2675.0,2725.0,2640.0,2640.0,-1.31,7164.0,581.0,485.0
NABIL,9/22/2015,2640.0,2601.0,2490.0,2510.0,-4.92,6135.0,581.0,485.0
NABIL,9/23/2015,2510.0,2710.0,2560.0,2600.0,3.59,4063.0,581.0,485.0
NABIL,9/24/2015,2600.0,2610.0,2550.0,2575.0,-0.96,2943.0,581.0,485.0
NABIL,9/28/2015,2575.0,2524.0,2425.0,2491.0,-3.26,7147.0,581.0,485.0
NABIL,9/29/2015,2491.0,2550.0,2530.0,2540.0,1.97,1860.0,581.0,485.0
NABIL,9/30/2015,2540.0,2580.0,2550.0,2560.0,0.79,3841.0,581.0,485.0
NABIL,10/1/2015,2560.0,2579.0,2550.0,2550.0,-0.39,4485.0,581.0,485.0
NABIL,10/4/2015,2550.0,2600.0,2570.0,2570.0,0.78,3832.0,581.0,485.0
NABIL,10/5/2015,2570.0,2519.0,2400.0,2440.0,-5.06,8896.0,581.0,485.0
NABIL,10/6/2015,2440.0,2415.0,2392.0,2395.0,-1.84,5150.0,581.0,485.0
NABIL,10/7/2015,2395.0,2390.0,2315.0,2350.0,-1.88,4895.0,581.0,485.0
NABIL,10/8/2015,2350.0,2440.0,2300.0,2440.0,3.83,8804.0,581.0,485.0
NABIL,10/11/2015,2440.0,2480.0,2375.0,2375.0,-2.66,5062.0,581.0,485.0
NABIL,10/14/2015,2375.0,2398.0,2350.0,2375.0,0.0,1262.0,581.0,485.0
NABIL,10/15/2015,2375.0,2360.0,2355.0,2360.0,-0.63,645.0,581.0,485.0
NABIL,10/18/2015,2360.0,2358.0,2350.0,2358.0,-0.08,635.0,581.0,485.0
NABIL,10/19/2015,2358.0,2430.0,2345.0,2400.0,1.78,1322.0,581.0,485.0
NABIL,10/25/2015,2400.0,2356.0,2356.0,2356.0,-1.83,200.0,581.0,485.0
NABIL,10/27/2015,2356.0,2340.0,2280.0,2280.0,-3.23,2207.0,581.0,485.0
NABIL,10/28/2015,2280.0,2270.0,2190.0,2240.0,-1.75,4705.0,581.0,485.0
NABIL,10/29/2015,2240.0,2290.0,2242.0,2279.0,1.74,3741.0,581.0,485.0
NABIL,11/1/2015,2279.0,2300.0,2250.0,2275.0,-0.18,3800.0,581.0,485.0
NABIL,11/2/2015,2275.0,2330.0,2290.0,2310.0,1.54,2382.0,581.0,485.0
NABIL,11/3/2015,2310.0,2289.0,2266.0,2270.0,-1.73,1031.0,581.0,485.0
NABIL,11/4/2015,2270.0,2280.0,2270.0,2280.0,0.44,1000.0,581.0,485.0
NABIL,11/5/2015,2280.0,2260.0,2250.0,2250.0,-1.32,1347.0,581.0,485.0
NABIL,11/8/2015,2250.0,2251.0,2225.0,2249.0,-0.04,1418.0,581.0,485.0
NABIL,11/9/2015,2249.0,2320.0,2270.0,2280.0,1.38,2009.0,581.0,485.0
NABIL,11/10/2015,2280.0,2320.0,2300.0,2310.0,1.32,850.0,581.0,485.0
NABIL,11/15/2015,2310.0,2305.0,2275.0,2305.0,-0.22,911.0,581.0,485.0
NABIL,11/16/2015,2305.0,2290.0,2275.0,2288.0,-0.74,628.0,581.0,485.0
NABIL,11/18/2015,2288.0,2315.0,2300.0,2309.0,0.92,1524.0,581.0,485.0
NABIL,11/19/2015,2309.0,2300.0,2288.0,2288.0,-0.91,1574.0,581.0,485.0
NABIL,11/22/2015,2288.0,2255.0,2200.0,2205.0,-3.63,2830.0,581.0,485.0
NABIL,11/23/2015,2205.0,2210.0,2100.0,2210.0,0.23,1707.0,581.0,485.0
NABIL,11/24/2015,2210.0,2210.0,2170.0,2180.0,-1.36,3418.0,581.0,485.0
NABIL,11/25/2015,2180.0,2160.0,2125.0,2130.0,-2.29,1678.0,581.0,485.0
NABIL,11/26/2015,2130.0,2130.0,2060.0,2100.0,-1.41,4339.0,581.0,485.0
NABIL,11/29/2015,2100.0,2100.0,2000.0,2020.0,-3.81,7340.0,581.0,485.0
NABIL,11/30/2015,2020.0,2090.0,2046.0,2090.0,3.47,3522.0,581.0,485.0
NABIL,12/1/2015,2090.0,2220.0,2131.0,2200.0,5.26,2984.0,581.0,485.0
NABIL,12/2/2015,2200.0,2250.0,2181.0,2248.0,2.18,6332.0,581.0,485.0
NABIL,12/3/2015,2248.0,2300.0,2205.0,2300.0,2.31,9386.0,581.0,485.0
NABIL,12/6/2015,1769.0,1840.0,1799.0,1819.0,-20.91,2215.0,581.0,485.0
NABIL,12/7/2015,1819.0,1950.0,1850.0,1895.0,4.18,3087.0,581.0,485.0
NABIL,12/8/2015,1895.0,1900.0,1858.0,1900.0,0.26,670.0,581.0,485.0
NABIL,12/9/2015,1900.0,1940.0,1910.0,1940.0,2.11,2083.0,581.0,485.0
NABIL,12/10/2015,1940.0,1940.0,1900.0,1900.0,-2.06,1769.0,581.0,485.0
NABIL,12/13/2015,1900.0,1903.0,1881.0,1903.0,0.16,1240.0,581.0,485.0
NABIL,12/14/2015,1903.0,1890.0,1880.0,1890.0,-0.68,1024.0,581.0,485.0
NABIL,12/15/2015,1890.0,1890.0,1860.0,1860.0,-1.59,1870.0,581.0,485.0
NABIL,12/16/2015,1860.0,1865.0,1850.0,1854.0,-0.32,1084.0,581.0,485.0
NABIL,12/17/2015,1854.0,1860.0,1810.0,1842.0,-0.65,17060.0,581.0,485.0
NABIL,12/20/2015,1842.0,1844.0,1815.0,1830.0,-0.65,2620.0,581.0,485.0
NABIL,12/21/2015,1830.0,1825.0,1800.0,1800.0,-1.64,3696.0,581.0,485.0
NABIL,12/22/2015,1800.0,1841.0,1800.0,1840.0,2.22,11125.0,581.0,485.0
NABIL,12/23/2015,1840.0,1840.0,1800.0,1821.0,-1.03,4272.0,581.0,485.0
NABIL,12/24/2015,1821.0,1830.0,1810.0,1815.0,-0.33,10147.0,581.0,485.0
NABIL,12/27/2015,1815.0,1820.0,1800.0,1800.0,-0.83,6169.0,581.0,485.0
NABIL,12/28/2015,1800.0,1820.0,1800.0,1820.0,1.11,3102.0,581.0,485.0
NABIL,12/29/2015,1820.0,1854.0,1820.0,1853.0,1.81,2077.0,581.0,485.0
NABIL,12/31/2015,1853.0,1870.0,1855.0,1860.0,0.38,1657.0,581.0,485.0
NABIL,1/3/2016,1860.0,1860.0,1825.0,1840.0,-1.08,2053.0,581.0,485.0
NABIL,1/4/2016,1840.0,1850.0,1800.0,1800.0,-2.17,2496.0,581.0,485.0
NABIL,1/5/2016,1800.0,1829.0,1798.0,1800.0,0.0,4394.0,581.0,485.0
NABIL,1/6/2016,1800.0,1808.0,1795.0,1795.0,-0.28,2708.0,581.0,485.0
NABIL,1/7/2016,1795.0,1815.0,1800.0,1815.0,1.11,2329.0,581.0,485.0
NABIL,1/10/2016,1815.0,1825.0,1810.0,1820.0,0.28,1164.0,581.0,485.0
NABIL,1/11/2016,1820.0,1835.0,1820.0,1826.0,0.33,3689.0,581.0,485.0
NABIL,1/12/2016,1826.0,1830.0,1820.0,1830.0,0.22,1925.0,581.0,485.0
NABIL,1/13/2016,1830.0,1830.0,1814.0,1814.0,-0.87,3603.0,581.0,485.0
NABIL,1/14/2016,1814.0,1860.0,1820.0,1850.0,1.98,5613.0,581.0,485.0
NABIL,1/17/2016,1850.0,1899.0,1870.0,1890.0,2.16,4290.0,581.0,485.0
NABIL,1/18/2016,1890.0,1965.0,1920.0,1920.0,1.59,9726.0,581.0,485.0
NABIL,1/19/2016,1920.0,1930.0,1880.0,1920.0,0.0,1608.0,581.0,485.0
NABIL,1/20/2016,1920.0,1935.0,1915.0,1921.0,0.05,3643.0,581.0,485.0
NABIL,1/21/2016,1921.0,1920.0,1905.0,1905.0,-0.83,2078.0,581.0,485.0
NABIL,1/24/2016,1905.0,1910.0,1882.0,1895.0,-0.52,2193.0,581.0,485.0
NABIL,1/25/2016,1895.0,1920.0,1900.0,1920.0,1.32,4535.0,581.0,485.0
NABIL,1/26/2016,1920.0,1904.0,1888.0,1898.0,-1.15,3551.0,581.0,485.0
NABIL,1/27/2016,1898.0,1900.0,1884.0,1885.0,-0.68,2929.0,581.0,485.0
NABIL,1/28/2016,1885.0,1899.0,1880.0,1890.0,0.27,2050.0,581.0,485.0
NABIL,1/31/2016,1890.0,1900.0,1880.0,1890.0,0.0,3302.0,581.0,485.0
NABIL,2/1/2016,1890.0,1923.0,1892.0,1905.0,0.79,3476.0,581.0,485.0
NABIL,2/2/2016,1905.0,1929.0,1890.0,1900.0,-0.26,3778.0,581.0,485.0
NABIL,2/3/2016,1900.0,1905.0,1894.0,1900.0,0.0,2036.0,581.0,485.0
NABIL,2/4/2016,1900.0,1935.0,1905.0,1917.0,0.89,4192.0,581.0,485.0
NABIL,2/7/2016,1917.0,1970.0,1930.0,1935.0,0.94,4515.0,581.0,485.0
NABIL,2/8/2016,1935.0,1935.0,1915.0,1919.0,-0.83,3886.0,581.0,485.0
NABIL,2/11/2016,1919.0,1930.0,1900.0,1912.0,-0.36,3387.0,581.0,485.0
NABIL,2/14/2016,1912.0,1901.0,1890.0,1900.0,-0.63,4307.0,581.0,485.0
NABIL,2/15/2016,1900.0,1900.0,1875.0,1900.0,0.0,2053.0,581.0,485.0
NABIL,2/16/2016,1900.0,1890.0,1880.0,1880.0,-1.05,1449.0,581.0,485.0
NABIL,2/17/2016,1880.0,1886.0,1878.0,1886.0,0.32,5273.0,581.0,485.0
NABIL,2/18/2016,1886.0,1898.0,1887.0,1893.0,0.37,3228.0,581.0,485.0
NABIL,2/21/2016,1893.0,1925.0,1893.0,1907.0,0.74,4217.0,581.0,485.0
NABIL,2/22/2016,1907.0,1976.0,1900.0,1955.0,2.52,4212.0,581.0,485.0
NABIL,2/23/2016,1955.0,1985.0,1940.0,1950.0,-0.26,5681.0,581.0,485.0
NABIL,2/24/2016,1950.0,1960.0,1915.0,1915.0,-1.79,4195.0,581.0,485.0
NABIL,2/25/2016,1915.0,1925.0,1877.0,1921.0,0.31,4285.0,581.0,485.0
NABIL,2/28/2016,1921.0,1929.0,1920.0,1920.0,-0.05,2725.0,581.0,485.0
NABIL,2/29/2016,1920.0,1920.0,1900.0,1906.0,-0.73,5612.0,581.0,485.0
NABIL,3/1/2016,1906.0,1915.0,1900.0,1900.0,-0.31,4458.0,581.0,485.0
NABIL,3/2/2016,1900.0,1907.0,1900.0,1900.0,0.0,7900.0,581.0,485.0
NABIL,3/3/2016,1900.0,1907.0,1891.0,1900.0,0.0,5331.0,581.0,485.0
NABIL,3/6/2016,1900.0,1932.0,1909.0,1909.0,0.47,6376.0,581.0,485.0
NABIL,3/10/2016,1909.0,1925.0,1890.0,1900.0,-0.47,5309.0,581.0,485.0
NABIL,3/13/2016,1900.0,1905.0,1895.0,1904.0,0.21,6881.0,581.0,485.0
NABIL,3/14/2016,1904.0,1910.0,1895.0,1895.0,-0.47,2691.0,581.0,485.0
NABIL,3/15/2016,1895.0,1900.0,1880.0,1890.0,-0.26,2344.0,581.0,485.0
NABIL,3/16/2016,1890.0,1905.0,1885.0,1895.0,0.26,4862.0,581.0,485.0
NABIL,3/17/2016,1895.0,1909.0,1887.0,1900.0,0.26,4783.0,581.0,485.0
NABIL,3/20/2016,1900.0,1919.0,1900.0,1910.0,0.53,6955.0,581.0,485.0
NABIL,3/21/2016,1910.0,1938.0,1910.0,1919.0,0.47,5128.0,581.0,485.0
NABIL,3/23/2016,1919.0,1930.0,1918.0,1925.0,0.31,9561.0,581.0,485.0
NABIL,3/24/2016,1925.0,1986.0,1930.0,1985.0,3.12,19150.0,581.0,485.0
NABIL,3/27/2016,1985.0,2115.0,1990.0,2111.0,6.35,24872.0,581.0,485.0
NABIL,3/28/2016,2111.0,2200.0,2111.0,2120.0,0.43,21421.0,581.0,485.0
NABIL,3/29/2016,2120.0,2120.0,2069.0,2099.0,-0.99,12316.0,581.0,485.0
NABIL,3/30/2016,2099.0,2110.0,2089.0,2090.0,-0.43,9623.0,581.0,485.0
NABIL,3/31/2016,2090.0,2099.0,2050.0,2060.0,-1.44,6321.0,581.0,485.0
NABIL,4/3/2016,2060.0,2065.0,2008.0,2044.0,-0.78,16615.0,581.0,485.0
NABIL,4/4/2016,2044.0,2075.0,2044.0,2065.0,1.03,6426.0,581.0,485.0
NABIL,4/5/2016,2065.0,2110.0,2080.0,2091.0,1.26,9382.0,581.0,485.0
NABIL,4/6/2016,2091.0,2105.0,2082.0,2092.0,0.05,6587.0,581.0,485.0
NABIL,4/10/2016,2092.0,2099.0,2080.0,2090.0,-0.1,6121.0,581.0,485.0
NABIL,4/11/2016,2090.0,2100.0,2075.0,2100.0,0.48,5118.0,581.0,485.0
NABIL,4/12/2016,2100.0,2115.0,2095.0,2110.0,0.48,12264.0,581.0,485.0
NABIL,4/14/2016,2110.0,2121.0,2110.0,2120.0,0.47,16535.0,581.0,485.0
NABIL,4/17/2016,2120.0,2133.0,2115.0,2119.0,-0.05,16462.0,581.0,485.0
NABIL,4/18/2016,2119.0,2174.0,2120.0,2170.0,2.41,19064.0,581.0,485.0
NABIL,4/19/2016,2170.0,2234.0,2196.0,2200.0,1.38,20539.0,581.0,485.0
NABIL,4/20/2016,2200.0,2280.0,2240.0,2260.0,2.73,12612.0,581.0,485.0
NABIL,4/21/2016,2260.0,2261.0,2220.0,2241.0,-0.84,10389.0,581.0,485.0
NABIL,4/24/2016,2241.0,2261.0,2235.0,2251.0,0.45,23129.0,581.0,485.0
NABIL,4/25/2016,2251.0,2260.0,2231.0,2260.0,0.4,12157.0,581.0,485.0
NABIL,4/26/2016,2260.0,2258.0,2230.0,2235.0,-1.11,6028.0,581.0,485.0
NABIL,4/27/2016,2235.0,2234.0,2205.0,2232.0,-0.13,5481.0,581.0,485.0
NABIL,4/28/2016,2232.0,2260.0,2236.0,2237.0,0.22,6911.0,581.0,485.0
NABIL,5/2/2016,2237.0,2303.0,2250.0,2302.0,2.91,13851.0,581.0,485.0
NABIL,5/3/2016,2302.0,2320.0,2281.0,2281.0,-0.91,7205.0,581.0,485.0
NABIL,5/4/2016,2281.0,2270.0,2251.0,2260.0,-0.92,7234.0,581.0,485.0
NABIL,5/5/2016,2260.0,2244.0,2200.0,2232.0,-1.24,11076.0,581.0,485.0
NABIL,5/8/2016,2232.0,2295.0,2260.0,2270.0,1.7,17095.0,581.0,485.0
NABIL,5/9/2016,2270.0,2290.0,2265.0,2280.0,0.44,11426.0,581.0,485.0
NABIL,5/10/2016,2280.0,2284.0,2262.0,2269.0,-0.48,5672.0,581.0,485.0
NABIL,5/11/2016,2269.0,2269.0,2241.0,2269.0,0.0,6580.0,581.0,485.0
NABIL,5/12/2016,2269.0,2265.0,2242.0,2250.0,-0.84,4234.0,581.0,485.0
NABIL,5/15/2016,2250.0,2260.0,2237.0,2237.0,-0.58,6561.0,581.0,485.0
NABIL,5/16/2016,2237.0,2248.0,2226.0,2227.0,-0.45,4570.0,581.0,485.0
NABIL,5/17/2016,2227.0,2270.0,2195.0,2270.0,1.93,6183.0,581.0,485.0
NABIL,5/18/2016,2270.0,2270.0,2260.0,2270.0,0.0,7071.0,581.0,485.0
NABIL,5/19/2016,2270.0,2294.0,2260.0,2281.0,0.48,12779.0,581.0,485.0
NABIL,5/22/2016,2281.0,2290.0,2270.0,2273.0,-0.35,8195.0,581.0,485.0
NABIL,5/23/2016,2273.0,2286.0,2275.0,2275.0,0.09,17102.0,581.0,485.0
NABIL,5/24/2016,2275.0,2315.0,2255.0,2310.0,1.54,22878.0,581.0,485.0
NABIL,5/25/2016,2310.0,2340.0,2255.0,2280.0,-1.3,17473.0,581.0,485.0
NABIL,5/26/2016,2280.0,2295.0,2230.0,2271.0,-0.39,21199.0,581.0,485.0
NABIL,5/29/2016,2271.0,2275.0,2251.0,2268.0,-0.13,8274.0,581.0,485.0
NABIL,5/30/2016,2268.0,2260.0,2233.0,2241.0,-1.19,5929.0,581.0,485.0
NABIL,5/31/2016,2241.0,2260.0,2211.0,2220.0,-0.94,14443.0,581.0,485.0
NABIL,6/1/2016,2220.0,2230.0,2200.0,2220.0,0.0,13154.0,581.0,485.0
NABIL,6/2/2016,2220.0,2220.0,2190.0,2208.0,-0.54,7999.0,581.0,485.0
NABIL,6/5/2016,2208.0,2205.0,2150.0,2150.0,-2.63,9695.0,581.0,485.0
NABIL,6/6/2016,2150.0,2200.0,2170.0,2195.0,2.09,5723.0,581.0,485.0
NABIL,6/7/2016,2195.0,2240.0,2200.0,2235.0,1.82,2553.0,581.0,485.0
NABIL,6/8/2016,2235.0,2241.0,2225.0,2241.0,0.27,3432.0,581.0,485.0
NABIL,6/9/2016,2241.0,2241.0,2229.0,2239.0,-0.09,6121.0,581.0,485.0
NABIL,6/12/2016,2239.0,2360.0,2200.0,2341.0,4.56,10137.0,581.0,485.0
NABIL,6/13/2016,2341.0,2433.0,2281.0,2310.0,-1.32,11973.0,581.0,485.0
NABIL,6/14/2016,2310.0,2330.0,2280.0,2280.0,-1.3,13714.0,581.0,485.0
NABIL,6/15/2016,2280.0,2310.0,2280.0,2289.0,0.39,4013.0,581.0,485.0
NABIL,6/16/2016,2289.0,2298.0,2280.0,2295.0,0.26,6768.0,581.0,485.0
NABIL,6/19/2016,2295.0,2299.0,2260.0,2275.0,-0.87,2634.0,581.0,485.0
NABIL,6/20/2016,2275.0,2300.0,2275.0,2276.0,0.04,5110.0,581.0,485.0
NABIL,6/21/2016,2276.0,2295.0,2275.0,2286.0,0.44,7090.0,581.0,485.0
NABIL,6/22/2016,2286.0,2330.0,2290.0,2308.0,0.96,8859.0,581.0,485.0
NABIL,6/23/2016,2308.0,2380.0,2285.0,2340.0,1.39,15451.0,581.0,485.0
NABIL,6/26/2016,2340.0,2412.0,2350.0,2400.0,2.56,17602.0,581.0,485.0
NABIL,6/27/2016,2400.0,2460.0,2400.0,2450.0,2.08,26477.0,581.0,485.0
NABIL,6/28/2016,2450.0,2509.0,2450.0,2471.0,0.86,17785.0,581.0,485.0
NABIL,6/29/2016,2471.0,2490.0,2450.0,2450.0,-0.85,5774.0,581.0,485.0
NABIL,6/30/2016,2450.0,2432.0,2382.0,2410.0,-1.63,7877.0,581.0,485.0
NABIL,7/3/2016,2410.0,2404.0,2389.0,2400.0,-0.41,7898.0,581.0,485.0
NABIL,7/4/2016,2400.0,2400.0,2380.0,2395.0,-0.21,5504.0,581.0,485.0
NABIL,7/5/2016,2395.0,2400.0,2371.0,2380.0,-0.63,9924.0,581.0,485.0
NABIL,7/6/2016,2380.0,2399.0,2370.0,2375.0,-0.21,7384.0,581.0,485.0
NABIL,7/10/2016,2375.0,2408.0,2382.0,2395.0,0.84,12007.0,581.0,485.0
NABIL,7/11/2016,2395.0,2400.0,2360.0,2380.0,-0.63,4852.0,581.0,485.0
NABIL,7/12/2016,2380.0,2382.0,2250.0,2363.0,-0.71,11880.0,581.0,485.0
NABIL,7/13/2016,2363.0,2340.0,2281.0,2330.0,-1.4,6603.0,581.0,485.0
NABIL,7/14/2016,2330.0,2397.0,2325.0,2344.0,0.6,8541.0,581.0,485.0
NABIL,7/17/2016,2344.0,2395.0,2345.0,2370.0,1.11,7199.0,581.0,485.0
NABIL,7/18/2016,2370.0,2417.0,2370.0,2389.0,0.8,12061.0,581.0,485.0
NABIL,7/19/2016,2389.0,2450.0,2390.0,2415.0,1.09,16715.0,581.0,485.0
NABIL,7/20/2016,2415.0,2463.0,2411.0,2420.0,0.21,14158.0,581.0,485.0
NABIL,7/21/2016,2420.0,2445.0,2400.0,2425.0,0.21,8852.0,581.0,485.0
NABIL,7/25/2016,2425.0,2480.0,2435.0,2460.0,1.44,10227.0,581.0,485.0
NABIL,7/26/2016,2460.0,2500.0,2445.0,2450.0,-0.41,15494.0,581.0,485.0
NABIL,7/27/2016,2450.0,2480.0,2450.0,2466.0,0.65,13182.0,581.0,485.0
NABIL,7/28/2016,2466.0,2500.0,2435.0,2465.0,-0.04,16728.0,581.0,485.0
NABIL,7/31/2016,2465.0,2495.0,2368.0,2463.0,-0.08,9411.0,581.0,485.0
NABIL,8/1/2016,2463.0,2470.0,2420.0,2451.0,-0.49,4693.0,581.0,485.0
NABIL,8/2/2016,2451.0,2440.0,2400.0,2440.0,-0.45,2757.0,581.0,485.0
NABIL,8/3/2016,2440.0,2412.0,2376.0,2385.0,-2.25,5966.0,581.0,485.0
NABIL,8/4/2016,2385.0,2385.0,2320.0,2342.0,-1.8,7256.0,581.0,485.0
NABIL,8/7/2016,2342.0,2399.0,2340.0,2345.0,0.13,6957.0,581.0,485.0
NABIL,8/8/2016,2345.0,2316.0,2240.0,2240.0,-4.48,5806.0,581.0,485.0
NABIL,8/9/2016,2240.0,2329.0,2284.0,2329.0,3.97,100.0,581.0,485.0
NABIL,8/10/2016,2329.0,2420.0,2290.0,2350.0,0.9,10963.0,581.0,485.0
NABIL,8/11/2016,2350.0,2397.0,2340.0,2360.0,0.43,6065.0,581.0,485.0
NABIL,8/14/2016,2360.0,2400.0,2321.0,2340.0,-0.85,9548.0,581.0,485.0
NABIL,8/15/2016,2340.0,2300.0,2205.0,2260.0,-3.42,6011.0,581.0,485.0
NABIL,8/16/2016,2260.0,2290.0,2215.0,2285.0,1.11,5042.0,581.0,485.0
NABIL,8/17/2016,2285.0,2305.0,2275.0,2290.0,0.22,5701.0,581.0,485.0
NABIL,8/21/2016,2290.0,2310.0,2280.0,2290.0,0.0,4223.0,581.0,485.0
NABIL,8/22/2016,2290.0,2300.0,2265.0,2277.0,-0.57,5345.0,581.0,485.0
NABIL,8/23/2016,2277.0,2290.0,2270.0,2289.0,0.53,4326.0,581.0,485.0
NABIL,8/24/2016,2289.0,2305.0,2280.0,2300.0,0.48,5288.0,581.0,485.0
NABIL,8/28/2016,2300.0,2340.0,2274.0,2325.0,1.09,7682.0,581.0,485.0
NABIL,8/29/2016,2325.0,2380.0,2320.0,2320.0,-0.22,10886.0,581.0,485.0
NABIL,8/30/2016,2320.0,2380.0,2350.0,2368.0,2.07,3240.0,581.0,485.0
NABIL,8/31/2016,2368.0,2364.0,2340.0,2360.0,-0.34,4905.0,581.0,485.0
NABIL,9/1/2016,2360.0,2377.0,2350.0,2365.0,0.21,5878.0,581.0,485.0
NABIL,9/3/2016,2365.0,2420.0,2372.0,2408.0,1.82,4415.0,581.0,485.0
NABIL,9/4/2016,2365.0,2420.0,2372.0,2408.0,0.0,4415.0,581.0,485.0
NABIL,9/5/2016,2408.0,2479.0,2450.0,2472.0,2.66,9127.0,581.0,485.0
NABIL,9/6/2016,2472.0,2495.0,2395.0,2450.0,-0.89,9151.0,581.0,485.0
NABIL,9/7/2016,2450.0,2548.0,2450.0,2468.0,0.73,54493.0,581.0,485.0
NABIL,9/8/2016,2468.0,2469.0,2430.0,2438.0,-1.22,15550.0,581.0,485.0
NABIL,9/11/2016,2438.0,2440.0,2400.0,2410.0,-1.15,7702.0,581.0,485.0
NABIL,9/12/2016,2410.0,2405.0,2375.0,2390.0,-0.83,10027.0,581.0,485.0
NABIL,9/14/2016,2390.0,2450.0,2400.0,2411.0,0.88,25405.0,581.0,485.0
NABIL,9/18/2016,2411.0,2430.0,2360.0,2369.0,-1.74,24822.0,581.0,485.0
NABIL,9/20/2016,2369.0,2390.0,2340.0,2350.0,-0.8,75157.0,581.0,485.0
NABIL,9/22/2016,1808.0,1800.0,1750.0,1765.0,-24.89,16998.0,581.0,485.0
NABIL,9/25/2016,1765.0,1760.0,1700.0,1700.0,-3.68,14267.0,581.0,485.0
NABIL,9/26/2016,1700.0,1781.0,1685.0,1781.0,4.76,6711.0,581.0,485.0
NABIL,9/27/2016,1781.0,1785.0,1760.0,1768.0,-0.73,6462.0,581.0,485.0
NABIL,9/28/2016,1768.0,1770.0,1757.0,1764.0,-0.23,2686.0,581.0,485.0
NABIL,9/29/2016,1764.0,1798.0,1760.0,1792.0,1.59,7195.0,581.0,485.0
NABIL,10/2/2016,1792.0,1800.0,1780.0,1780.0,-0.67,9133.0,581.0,485.0
NABIL,10/3/2016,1780.0,1800.0,1782.0,1788.0,0.45,3604.0,581.0,485.0
NABIL,10/4/2016,1788.0,1809.0,1795.0,1800.0,0.67,10545.0,581.0,485.0
NABIL,10/5/2016,1800.0,1810.0,1780.0,1790.0,-0.56,4046.0,581.0,485.0
NABIL,10/6/2016,1790.0,1800.0,1780.0,1780.0,-0.56,6546.0,581.0,485.0
NABIL,10/16/2016,1780.0,1800.0,1760.0,1770.0,-0.56,2605.0,581.0,485.0
NABIL,10/17/2016,1770.0,1780.0,1743.0,1774.0,0.23,4532.0,581.0,485.0
NABIL,10/18/2016,1774.0,1800.0,1746.0,1789.0,0.85,4476.0,581.0,485.0
NABIL,10/19/2016,1789.0,1795.0,1781.0,1790.0,0.06,3025.0,581.0,485.0
NABIL,10/20/2016,1790.0,1790.0,1775.0,1785.0,-0.28,4051.0,581.0,485.0
NABIL,10/23/2016,1785.0,1785.0,1762.0,1765.0,-1.12,8690.0,581.0,485.0
NABIL,10/24/2016,1765.0,1770.0,1740.0,1740.0,-1.42,10127.0,581.0,485.0
NABIL,10/25/2016,1740.0,1741.0,1702.0,1729.0,-0.63,2830.0,581.0,485.0
NABIL,10/26/2016,1729.0,1744.0,1705.0,1740.0,0.64,6550.0,581.0,485.0
NABIL,10/27/2016,1740.0,1755.0,1730.0,1755.0,0.86,3259.0,581.0,485.0
NABIL,11/3/2016,1755.0,1795.0,1760.0,1760.0,0.28,5932.0,581.0,485.0
NABIL,11/7/2016,1760.0,1760.0,1735.0,1739.0,-1.19,4023.0,581.0,485.0
NABIL,11/8/2016,1739.0,1758.0,1712.0,1725.0,-0.81,3671.0,581.0,485.0
NABIL,11/9/2016,1725.0,1716.0,1675.0,1708.0,-0.99,5692.0,581.0,485.0
NABIL,11/10/2016,1708.0,1710.0,1697.0,1700.0,-0.47,8482.0,581.0,485.0
NABIL,11/13/2016,1700.0,1720.0,1690.0,1703.0,0.18,9265.0,581.0,485.0
NABIL,11/14/2016,1703.0,1730.0,1703.0,1722.0,1.12,4633.0,581.0,485.0
NABIL,11/15/2016,1722.0,1725.0,1710.0,1716.0,-0.35,4705.0,581.0,485.0
NABIL,11/16/2016,1716.0,1721.0,1695.0,1695.0,-1.22,6094.0,581.0,485.0
NABIL,11/17/2016,1695.0,1705.0,1660.0,1670.0,-1.47,8823.0,581.0,485.0
NABIL,11/20/2016,1670.0,1650.0,1596.0,1630.0,-2.4,8592.0,581.0,485.0
NABIL,11/21/2016,1630.0,1680.0,1605.0,1635.0,0.31,5441.0,581.0,485.0
NABIL,11/22/2016,1635.0,1655.0,1605.0,1630.0,-0.31,7277.0,581.0,485.0
NABIL,11/23/2016,1630.0,1626.0,1596.0,1600.0,-1.84,8590.0,581.0,485.0
NABIL,11/24/2016,1600.0,1610.0,1589.0,1595.0,-0.31,6007.0,581.0,485.0
NABIL,11/27/2016,1595.0,1588.0,1540.0,1555.0,-2.51,4670.0,581.0,485.0
NABIL,11/28/2016,1555.0,1640.0,1450.0,1640.0,5.47,10412.0,581.0,485.0
NABIL,11/29/2016,1640.0,1655.0,1600.0,1655.0,0.91,7847.0,581.0,485.0
NABIL,11/30/2016,1655.0,1700.0,1640.0,1691.0,2.18,7451.0,581.0,485.0
NABIL,12/1/2016,1691.0,1734.0,1652.0,1674.0,-1.01,7265.0,581.0,485.0
NABIL,12/4/2016,1674.0,1670.0,1600.0,1670.0,-0.24,4200.0,581.0,485.0
NABIL,12/5/2016,1670.0,1690.0,1610.0,1640.0,-1.8,2489.0,581.0,485.0
NABIL,12/6/2016,1640.0,1650.0,1618.0,1638.0,-0.12,2942.0,581.0,485.0
NABIL,12/7/2016,1638.0,1640.0,1625.0,1635.0,-0.18,944.0,581.0,485.0
NABIL,12/8/2016,1635.0,1635.0,1616.0,1630.0,-0.31,2418.0,581.0,485.0
NABIL,12/11/2016,1630.0,1615.0,1600.0,1600.0,-1.84,2229.0,581.0,485.0
NABIL,12/12/2016,1600.0,1605.0,1590.0,1590.0,-0.62,3275.0,581.0,485.0
NABIL,12/14/2016,1590.0,1605.0,1575.0,1580.0,-0.63,3618.0,581.0,485.0
NABIL,12/15/2016,1580.0,1596.0,1565.0,1580.0,0.0,3144.0,581.0,485.0
NABIL,12/18/2016,1580.0,1590.0,1565.0,1575.0,-0.32,2536.0,581.0,485.0
NABIL,12/19/2016,1575.0,1581.0,1571.0,1580.0,0.32,6814.0,581.0,485.0
NABIL,12/20/2016,1580.0,1581.0,1565.0,1570.0,-0.63,4956.0,581.0,485.0
NABIL,12/21/2016,1570.0,1561.0,1530.0,1533.0,-2.36,2243.0,581.0,485.0
NABIL,12/22/2016,1533.0,1540.0,1524.0,1530.0,-0.2,4389.0,581.0,485.0
NABIL,12/26/2016,1530.0,1518.0,1500.0,1508.0,-1.44,5860.0,581.0,485.0
NABIL,12/27/2016,1508.0,1500.0,1421.0,1479.0,-1.92,3491.0,581.0,485.0
NABIL,12/28/2016,1479.0,1485.0,1450.0,1475.0,-0.27,6181.0,581.0,485.0
NABIL,12/29/2016,1475.0,1519.0,1481.0,1519.0,2.98,3186.0,581.0,485.0
NABIL,1/1/2017,1519.0,1548.0,1525.0,1530.0,0.72,3097.0,581.0,485.0
NABIL,1/2/2017,1530.0,1550.0,1525.0,1544.0,0.92,10617.0,581.0,485.0
NABIL,1/3/2017,1544.0,1550.0,1525.0,1525.0,-1.23,5907.0,581.0,485.0
NABIL,1/4/2017,1525.0,1529.0,1515.0,1515.0,-0.66,1430.0,581.0,485.0
NABIL,1/5/2017,1515.0,1520.0,1500.0,1505.0,-0.66,4175.0,581.0,485.0
NABIL,1/8/2017,1505.0,1510.0,1495.0,1510.0,0.33,2781.0,581.0,485.0
NABIL,1/9/2017,1510.0,1529.0,1510.0,1519.0,0.6,1389.0,581.0,485.0
NABIL,1/10/2017,1519.0,1551.0,1525.0,1538.0,1.25,3248.0,581.0,485.0
NABIL,1/11/2017,1538.0,1565.0,1540.0,1565.0,1.76,4054.0,581.0,485.0
NABIL,1/12/2017,1565.0,1565.0,1546.0,1560.0,-0.32,1982.0,581.0,485.0
NABIL,1/15/2017,1560.0,1550.0,1530.0,1540.0,-1.28,2316.0,581.0,485.0
NABIL,1/16/2017,1540.0,1540.0,1505.0,1508.0,-2.08,5298.0,581.0,485.0
NABIL,1/17/2017,1508.0,1525.0,1500.0,1505.0,-0.2,3743.0,581.0,485.0
NABIL,1/18/2017,1505.0,1512.0,1490.0,1504.0,-0.07,5013.0,581.0,485.0
NABIL,1/19/2017,1504.0,1515.0,1500.0,1500.0,-0.27,3585.0,581.0,485.0
NABIL,1/22/2017,1500.0,1515.0,1500.0,1506.0,0.4,2713.0,581.0,485.0
NABIL,1/23/2017,1506.0,1516.0,1500.0,1500.0,-0.4,2874.0,581.0,485.0
NABIL,1/24/2017,1500.0,1500.0,1481.0,1487.0,-0.87,2963.0,581.0,485.0
NABIL,1/25/2017,1487.0,1459.0,1426.0,1441.0,-3.09,7828.0,581.0,485.0
NABIL,1/26/2017,1441.0,1445.0,1400.0,1432.0,-0.62,4524.0,581.0,485.0
NABIL,1/30/2017,1432.0,1425.0,1350.0,1365.0,-4.68,6198.0,581.0,485.0
NABIL,1/31/2017,1365.0,1390.0,1304.0,1390.0,1.83,7174.0,581.0,485.0
NABIL,2/1/2017,1390.0,1450.0,1400.0,1442.0,3.74,5711.0,581.0,485.0
NABIL,2/2/2017,1442.0,1485.0,1440.0,1455.0,0.9,5462.0,581.0,485.0
NABIL,2/5/2017,1455.0,1480.0,1412.0,1455.0,0.0,4887.0,581.0,485.0
NABIL,2/6/2017,1455.0,1455.0,1420.0,1420.0,-2.41,3203.0,581.0,485.0
NABIL,2/7/2017,1420.0,1422.0,1400.0,1405.0,-1.06,7394.0,581.0,485.0
NABIL,2/8/2017,1405.0,1420.0,1382.0,1395.0,-0.71,6077.0,581.0,485.0
NABIL,2/9/2017,1395.0,1391.0,1370.0,1370.0,-1.79,4797.0,581.0,485.0
NABIL,2/12/2017,1370.0,1343.0,1295.0,1305.0,-4.74,11250.0,581.0,485.0
NABIL,2/13/2017,1305.0,1380.0,1275.0,1370.0,4.98,10589.0,581.0,485.0
NABIL,2/14/2017,1370.0,1375.0,1346.0,1360.0,-0.73,8847.0,581.0,485.0
NABIL,2/15/2017,1360.0,1412.0,1370.0,1412.0,3.82,6199.0,581.0,485.0
NABIL,2/16/2017,1412.0,1458.0,1415.0,1456.0,3.12,7547.0,581.0,485.0
NABIL,2/19/2017,1456.0,1500.0,1427.0,1496.0,2.75,7010.0,581.0,485.0
NABIL,2/20/2017,1496.0,1549.0,1510.0,1520.0,1.6,7377.0,581.0,485.0
NABIL,2/21/2017,1520.0,1550.0,1495.0,1515.0,-0.33,7723.0,581.0,485.0
NABIL,2/22/2017,1515.0,1505.0,1475.0,1485.0,-1.98,1883.0,581.0,485.0
NABIL,2/23/2017,1485.0,1485.0,1465.0,1471.0,-0.94,2710.0,581.0,485.0
NABIL,2/26/2017,1471.0,1470.0,1405.0,1405.0,-4.49,4770.0,581.0,485.0
NABIL,2/28/2017,1405.0,1400.0,1377.0,1395.0,-0.71,4357.0,581.0,485.0
NABIL,3/1/2017,1395.0,1407.0,1388.0,1400.0,0.36,8356.0,581.0,485.0
NABIL,3/2/2017,1400.0,1421.0,1401.0,1420.0,1.43,3487.0,581.0,485.0
NABIL,3/5/2017,1420.0,1461.0,1395.0,1450.0,2.11,5909.0,581.0,485.0
NABIL,3/6/2017,1450.0,1470.0,1451.0,1469.0,1.31,3287.0,581.0,485.0
NABIL,3/7/2017,1469.0,1450.0,1424.0,1435.0,-2.31,4045.0,581.0,485.0
NABIL,3/9/2017,1435.0,1463.0,1436.0,1436.0,0.07,3014.0,581.0,485.0
NABIL,3/13/2017,1436.0,1460.0,1435.0,1455.0,1.32,2366.0,581.0,485.0
NABIL,3/14/2017,1455.0,1465.0,1440.0,1449.0,-0.41,1385.0,581.0,485.0
NABIL,3/15/2017,1449.0,1449.0,1421.0,1440.0,-0.62,1235.0,581.0,485.0
NABIL,3/16/2017,1440.0,1449.0,1431.0,1440.0,0.0,3233.0,581.0,485.0
NABIL,3/19/2017,1440.0,1446.0,1430.0,1440.0,0.0,4640.0,581.0,485.0
NABIL,3/20/2017,1440.0,1465.0,1440.0,1460.0,1.39,10234.0,581.0,485.0
NABIL,3/21/2017,1460.0,1475.0,1450.0,1475.0,1.03,7625.0,581.0,485.0
NABIL,3/22/2017,1475.0,1538.0,1480.0,1481.0,0.41,12277.0,581.0,485.0
NABIL,3/23/2017,1481.0,1499.0,1465.0,1470.0,-0.74,8543.0,581.0,485.0
NABIL,3/26/2017,1470.0,1529.0,1480.0,1500.0,2.04,14931.0,581.0,485.0
NABIL,3/28/2017,1500.0,1581.0,1529.0,1575.0,5.0,9939.0,581.0,485.0
NABIL,3/29/2017,1575.0,1606.0,1550.0,1570.0,-0.32,18088.0,581.0,485.0
NABIL,3/30/2017,1570.0,1570.0,1541.0,1550.0,-1.27,9746.0,581.0,485.0
NABIL,4/2/2017,1550.0,1591.0,1560.0,1579.0,1.87,8810.0,581.0,485.0
NABIL,4/3/2017,1579.0,1716.0,1550.0,1577.0,-0.13,15195.0,581.0,485.0
NABIL,4/4/2017,1577.0,1594.0,1550.0,1580.0,0.19,8995.0,581.0,485.0
NABIL,4/6/2017,1580.0,1580.0,1556.0,1570.0,-0.63,5503.0,581.0,485.0
NABIL,4/9/2017,1570.0,1585.0,1539.0,1568.0,-0.13,4935.0,581.0,485.0
NABIL,4/10/2017,1568.0,1575.0,1550.0,1575.0,0.45,8280.0,581.0,485.0
NABIL,4/11/2017,1575.0,1628.0,1592.0,1600.0,1.59,9167.0,581.0,485.0
NABIL,4/12/2017,1600.0,1635.0,1592.0,1615.0,0.94,8132.0,581.0,485.0
NABIL,4/13/2017,1615.0,1600.0,1565.0,1590.0,-1.55,4916.0,581.0,485.0
NABIL,4/16/2017,1590.0,1590.0,1540.0,1556.0,-2.14,2911.0,581.0,485.0
NABIL,4/18/2017,1556.0,1556.0,1515.0,1515.0,-2.63,2972.0,581.0,485.0
NABIL,4/19/2017,1515.0,1545.0,1500.0,1540.0,1.65,3753.0,581.0,485.0
NABIL,4/20/2017,1540.0,1570.0,1540.0,1551.0,0.71,4148.0,581.0,485.0
NABIL,4/23/2017,1551.0,1650.0,1580.0,1599.0,3.09,7475.0,581.0,485.0
NABIL,4/24/2017,1599.0,1600.0,1575.0,1599.0,0.0,4041.0,581.0,485.0
NABIL,4/25/2017,1599.0,1596.0,1570.0,1590.0,-0.56,3009.0,581.0,485.0
NABIL,4/26/2017,1590.0,1579.0,1565.0,1574.0,-1.01,2038.0,581.0,485.0
NABIL,4/27/2017,1574.0,1581.0,1557.0,1580.0,0.38,3571.0,581.0,485.0
NABIL,4/30/2017,1580.0,1580.0,1545.0,1545.0,-2.22,6533.0,581.0,485.0
NABIL,5/2/2017,1545.0,1545.0,1535.0,1535.0,-0.65,2341.0,581.0,485.0
NABIL,5/3/2017,1535.0,1596.0,1560.0,1569.0,2.21,3461.0,581.0,485.0
NABIL,5/4/2017,1569.0,1570.0,1552.0,1560.0,-0.57,2743.0,581.0,485.0
NABIL,5/7/2017,1560.0,1560.0,1525.0,1535.0,-1.6,3218.0,581.0,485.0
NABIL,5/8/2017,1535.0,1564.0,1520.0,1540.0,0.33,2702.0,581.0,485.0
NABIL,5/9/2017,1540.0,1580.0,1550.0,1560.0,1.3,2023.0,581.0,485.0
NABIL,5/11/2017,1560.0,1570.0,1560.0,1560.0,0.0,2672.0,581.0,485.0
NABIL,5/15/2017,1560.0,1577.0,1560.0,1560.0,0.0,3167.0,581.0,485.0
NABIL,5/16/2017,1560.0,1560.0,1536.0,1558.0,-0.13,1888.0,581.0,485.0
NABIL,5/17/2017,1558.0,1560.0,1550.0,1560.0,0.13,2503.0,581.0,485.0
NABIL,5/18/2017,1560.0,1565.0,1540.0,1554.0,-0.38,5123.0,581.0,485.0
NABIL,5/21/2017,1554.0,1560.0,1535.0,1550.0,-0.26,1204.0,581.0,485.0
NABIL,5/22/2017,1550.0,1559.0,1535.0,1535.0,-0.97,1271.0,581.0,485.0
NABIL,5/23/2017,1535.0,1560.0,1540.0,1550.0,0.98,3558.0,581.0,485.0
NABIL,5/24/2017,1550.0,1557.0,1541.0,1557.0,0.45,3326.0,581.0,485.0
NABIL,5/28/2017,1557.0,1553.0,1535.0,1538.0,-1.22,4688.0,581.0,485.0
NABIL,5/30/2017,1538.0,1545.0,1499.0,1499.0,-2.54,4117.0,581.0,485.0
NABIL,5/31/2017,1499.0,1515.0,1490.0,1500.0,0.07,5049.0,581.0,485.0
NABIL,6/1/2017,1500.0,1525.0,1495.0,1500.0,0.0,8966.0,581.0,485.0
NABIL,6/4/2017,1500.0,1501.0,1470.0,1480.0,-1.33,8738.0,581.0,485.0
NABIL,6/5/2017,1480.0,1509.0,1480.0,1500.0,1.35,3695.0,581.0,485.0
NABIL,6/6/2017,1500.0,1530.0,1500.0,1519.0,1.27,8003.0,581.0,485.0
NABIL,6/7/2017,1519.0,1540.0,1514.0,1515.0,-0.26,10804.0,581.0,485.0
NABIL,6/8/2017,1515.0,1515.0,1500.0,1512.0,-0.2,3132.0,581.0,485.0
NABIL,6/11/2017,1512.0,1512.0,1470.0,1472.0,-2.65,6190.0,581.0,485.0
NABIL,6/12/2017,1472.0,1479.0,1451.0,1460.0,-0.82,9507.0,581.0,485.0
NABIL,6/13/2017,1460.0,1479.0,1455.0,1460.0,0.0,5712.0,581.0,485.0
NABIL,6/14/2017,1460.0,1460.0,1450.0,1452.0,-0.55,10596.0,581.0,485.0
NABIL,6/15/2017,1452.0,1504.0,1458.0,1480.0,1.93,4356.0,581.0,485.0
NABIL,6/18/2017,1480.0,1480.0,1453.0,1459.0,-1.42,3120.0,581.0,485.0
NABIL,6/19/2017,1459.0,1460.0,1445.0,1450.0,-0.62,6395.0,581.0,485.0
NABIL,6/20/2017,1450.0,1455.0,1436.0,1442.0,-0.55,4585.0,581.0,485.0
NABIL,6/21/2017,1442.0,1460.0,1450.0,1460.0,1.25,3699.0,581.0,485.0
NABIL,6/22/2017,1460.0,1484.0,1451.0,1452.0,-0.55,3172.0,581.0,485.0
NABIL,6/25/2017,1452.0,1490.0,1465.0,1489.0,2.55,3963.0,581.0,485.0
NABIL,6/27/2017,1489.0,1499.0,1485.0,1491.0,0.13,3543.0,581.0,485.0
NABIL,6/28/2017,1491.0,1500.0,1485.0,1499.0,0.54,4402.0,581.0,485.0
NABIL,7/2/2017,1499.0,1499.0,1460.0,1479.0,-1.33,3363.0,581.0,485.0
NABIL,7/3/2017,1479.0,1480.0,1470.0,1475.0,-0.27,2096.0,581.0,485.0
NABIL,7/4/2017,1475.0,1479.0,1472.0,1476.0,0.07,2778.0,581.0,485.0
NABIL,7/5/2017,1476.0,1485.0,1475.0,1475.0,-0.07,2783.0,581.0,485.0
NABIL,7/6/2017,1475.0,1500.0,1475.0,1500.0,1.69,3154.0,581.0,485.0
NABIL,7/9/2017,1500.0,1525.0,1490.0,1500.0,0.0,6988.0,581.0,485.0
NABIL,7/10/2017,1500.0,1505.0,1490.0,1493.0,-0.47,6071.0,581.0,485.0
NABIL,7/11/2017,1493.0,1510.0,1500.0,1506.0,0.87,3583.0,581.0,485.0
NABIL,7/12/2017,1506.0,1520.0,1510.0,1519.0,0.86,2244.0,581.0,485.0
NABIL,7/13/2017,1519.0,1525.0,1512.0,1523.0,0.26,2709.0,581.0,485.0
NABIL,7/16/2017,1523.0,1530.0,1500.0,1530.0,0.46,2912.0,581.0,485.0
NABIL,7/17/2017,1530.0,1599.0,1540.0,1597.0,4.38,11170.0,581.0,485.0
NABIL,7/18/2017,1597.0,1650.0,1599.0,1638.0,2.57,12310.0,581.0,485.0
NABIL,7/19/2017,1638.0,1670.0,1650.0,1658.0,1.22,12595.0,581.0,485.0
NABIL,7/20/2017,1658.0,1670.0,1656.0,1658.0,0.0,6554.0,581.0,485.0
NABIL,7/23/2017,1658.0,1665.0,1630.0,1635.0,-1.39,4811.0,581.0,485.0
NABIL,7/24/2017,1635.0,1650.0,1600.0,1610.0,-1.53,4650.0,581.0,485.0
NABIL,7/25/2017,1610.0,1620.0,1607.0,1612.0,0.12,5546.0,581.0,485.0
NABIL,7/26/2017,1612.0,1643.0,1612.0,1620.0,0.5,3897.0,581.0,485.0
NABIL,7/27/2017,1620.0,1640.0,1625.0,1627.0,0.43,4790.0,581.0,485.0
NABIL,7/30/2017,1627.0,1630.0,1610.0,1620.0,-0.43,3503.0,581.0,485.0
NABIL,7/31/2017,1620.0,1629.0,1620.0,1622.0,0.12,3329.0,581.0,485.0
NABIL,8/1/2017,1622.0,1642.0,1625.0,1635.0,0.8,3486.0,581.0,485.0
NABIL,8/2/2017,1635.0,1640.0,1630.0,1638.0,0.18,4095.0,581.0,485.0
NABIL,8/3/2017,1638.0,1675.0,1652.0,1667.0,1.77,15706.0,581.0,485.0
NABIL,8/6/2017,1667.0,1733.0,1700.0,1728.0,3.66,18127.0,581.0,485.0
NABIL,8/7/2017,1728.0,1773.0,1750.0,1768.0,2.31,17674.0,581.0,485.0
NABIL,8/9/2017,1768.0,1798.0,1775.0,1780.0,0.68,12288.0,581.0,485.0
NABIL,8/10/2017,1780.0,1779.0,1736.0,1758.0,-1.24,10168.0,581.0,485.0
NABIL,8/13/2017,1758.0,1769.0,1745.0,1750.0,-0.46,9970.0,581.0,485.0
NABIL,8/15/2017,1750.0,1749.0,1720.0,1720.0,-1.71,5048.0,581.0,485.0
NABIL,8/16/2017,1720.0,1735.0,1713.0,1718.0,-0.12,7982.0,581.0,485.0
NABIL,8/17/2017,1718.0,1751.0,1710.0,1737.0,1.11,10056.0,581.0,485.0
NABIL,8/20/2017,1737.0,1760.0,1732.0,1735.0,-0.12,5888.0,581.0,485.0
NABIL,8/21/2017,1735.0,1730.0,1715.0,1720.0,-0.86,3081.0,581.0,485.0
NABIL,8/22/2017,1720.0,1730.0,1717.0,1729.0,0.52,5422.0,581.0,485.0
NABIL,8/23/2017,1729.0,1740.0,1730.0,1730.0,0.06,4741.0,581.0,485.0
NABIL,8/24/2017,1730.0,1730.0,1718.0,1729.0,-0.06,4183.0,581.0,485.0
NABIL,8/27/2017,1729.0,1810.0,1755.0,1767.0,2.2,31262.0,581.0,485.0
NABIL,8/28/2017,1767.0,1799.0,1758.0,1762.0,-0.28,20703.0,581.0,485.0
NABIL,8/30/2017,1762.0,1770.0,1722.0,1737.0,-1.42,11486.0,581.0,485.0
NABIL,8/31/2017,1737.0,1750.0,1699.0,1700.0,-2.13,13665.0,581.0,485.0
NABIL,9/4/2017,1700.0,1701.0,1640.0,1665.0,-2.06,13365.0,581.0,485.0
NABIL,9/6/2017,1665.0,1715.0,1670.0,1694.0,1.74,19799.0,581.0,485.0
NABIL,9/7/2017,1694.0,1700.0,1675.0,1675.0,-1.12,28839.0,581.0,485.0
NABIL,9/10/2017,1675.0,1688.0,1632.0,1634.0,-2.45,29951.0,581.0,485.0
NABIL,9/11/2017,1634.0,1650.0,1613.0,1630.0,-0.24,63239.0,581.0,485.0
NABIL,9/12/2017,1254.0,1235.0,1191.0,1191.0,-26.93,16172.0,581.0,485.0
NABIL,9/13/2017,1191.0,1190.0,1170.0,1185.0,-0.5,6694.0,581.0,485.0
NABIL,9/14/2017,1185.0,1210.0,1189.0,1205.0,1.69,9574.0,581.0,485.0
NABIL,9/17/2017,1205.0,1255.0,1210.0,1245.0,3.32,8537.0,581.0,485.0
NABIL,9/18/2017,1245.0,1270.0,1255.0,1264.0,1.53,6829.0,581.0,485.0
NABIL,9/20/2017,1264.0,1274.0,1254.0,1254.0,-0.79,5611.0,581.0,485.0
NABIL,9/24/2017,1254.0,1260.0,1242.0,1254.0,0.0,8497.0,581.0,485.0
NABIL,9/25/2017,1254.0,1265.0,1258.0,1260.0,0.48,2474.0,581.0,485.0
NABIL,9/26/2017,1260.0,1265.0,1251.0,1264.0,0.32,6134.0,581.0,485.0
NABIL,10/3/2017,1264.0,1265.0,1243.0,1265.0,0.08,1586.0,581.0,485.0
NABIL,10/4/2017,1265.0,1269.0,1245.0,1245.0,-1.58,5471.0,581.0,485.0
NABIL,10/8/2017,1245.0,1245.0,1200.0,1218.0,-2.17,5817.0,581.0,485.0
NABIL,10/9/2017,1218.0,1225.0,1200.0,1205.0,-1.07,6902.0,581.0,485.0
NABIL,10/10/2017,1205.0,1211.0,1190.0,1205.0,0.0,2185.0,581.0,485.0
NABIL,10/11/2017,1205.0,1209.0,1199.0,1200.0,-0.41,5616.0,581.0,485.0
NABIL,10/12/2017,1200.0,1205.0,1195.0,1200.0,0.0,6344.0,581.0,485.0
NABIL,10/15/2017,1200.0,1219.0,1200.0,1219.0,1.58,1432.0,581.0,485.0
NABIL,10/16/2017,1219.0,1285.0,1220.0,1285.0,5.41,6273.0,581.0,485.0
NABIL,10/17/2017,1285.0,1291.0,1265.0,1273.0,-0.93,6476.0,581.0,485.0
NABIL,10/18/2017,1273.0,1280.0,1264.0,1277.0,0.31,4812.0,581.0,485.0
NABIL,10/22/2017,1277.0,1285.0,1270.0,1272.0,-0.39,1070.0,581.0,485.0
NABIL,10/23/2017,1272.0,1280.0,1260.0,1265.0,-0.55,1708.0,581.0,485.0
NABIL,10/24/2017,1265.0,1270.0,1251.0,1257.0,-0.63,2908.0,581.0,485.0
NABIL,10/25/2017,1257.0,1265.0,1235.0,1235.0,-1.75,2350.0,581.0,485.0
NABIL,10/29/2017,1235.0,1240.0,1225.0,1230.0,-0.4,2416.0,581.0,485.0
NABIL,10/30/2017,1230.0,1234.0,1220.0,1225.0,-0.41,5881.0,581.0,485.0
NABIL,10/31/2017,1225.0,1225.0,1210.0,1219.0,-0.49,4315.0,581.0,485.0
NABIL,11/1/2017,1219.0,1235.0,1220.0,1220.0,0.08,3253.0,581.0,485.0
NABIL,11/2/2017,1220.0,1230.0,1208.0,1215.0,-0.41,7706.0,581.0,485.0
NABIL,11/5/2017,1215.0,1210.0,1194.0,1203.0,-0.99,7767.0,581.0,485.0
NABIL,11/6/2017,1203.0,1200.0,1180.0,1190.0,-1.08,5666.0,581.0,485.0
NABIL,11/7/2017,1190.0,1195.0,1175.0,1179.0,-0.92,9207.0,581.0,485.0
NABIL,11/8/2017,1179.0,1180.0,1165.0,1165.0,-1.19,4291.0,581.0,485.0
NABIL,11/9/2017,1165.0,1165.0,1130.0,1130.0,-3.0,18364.0,581.0,485.0
NABIL,11/12/2017,1130.0,1150.0,1121.0,1150.0,1.77,10024.0,581.0,485.0
NABIL,11/13/2017,1150.0,1165.0,1150.0,1161.0,0.96,10925.0,581.0,485.0
NABIL,11/14/2017,1161.0,1200.0,1163.0,1200.0,3.36,11066.0,581.0,485.0
NABIL,11/15/2017,1200.0,1208.0,1197.0,1200.0,0.0,8902.0,581.0,485.0
NABIL,11/16/2017,1200.0,1200.0,1180.0,1182.0,-1.5,4677.0,581.0,485.0
NABIL,11/19/2017,1182.0,1200.0,1168.0,1168.0,-1.18,2558.0,581.0,485.0
NABIL,11/20/2017,1168.0,1157.0,1140.0,1140.0,-2.4,11937.0,581.0,485.0
NABIL,11/21/2017,1140.0,1162.0,1130.0,1145.0,0.44,4337.0,581.0,485.0
NABIL,11/22/2017,1145.0,1168.0,1160.0,1166.0,1.83,3050.0,581.0,485.0
NABIL,11/23/2017,1166.0,1175.0,1166.0,1166.0,0.0,5085.0,581.0,485.0
NABIL,11/26/2017,1166.0,1180.0,1170.0,1175.0,0.77,7461.0,581.0,485.0
NABIL,11/27/2017,1175.0,1184.0,1160.0,1165.0,-0.85,7045.0,581.0,485.0
NABIL,11/28/2017,1165.0,1180.0,1165.0,1180.0,1.29,5031.0,581.0,485.0
NABIL,11/29/2017,1180.0,1190.0,1180.0,1180.0,0.0,11254.0,581.0,485.0
NABIL,11/30/2017,1180.0,1190.0,1170.0,1179.0,-0.08,8116.0,581.0,485.0
NABIL,12/4/2017,1179.0,1181.0,1166.0,1166.0,-1.1,4406.0,581.0,485.0
NABIL,12/5/2017,1166.0,1170.0,1155.0,1170.0,0.34,4113.0,581.0,485.0
NABIL,12/6/2017,1170.0,1180.0,1165.0,1168.0,-0.17,4018.0,581.0,485.0
NABIL,12/10/2017,1168.0,1176.0,1155.0,1164.0,-0.34,9654.0,581.0,485.0
NABIL,12/11/2017,1164.0,1167.0,1152.0,1167.0,0.26,2773.0,581.0,485.0
NABIL,12/12/2017,1167.0,1170.0,1153.0,1160.0,-0.6,950.0,581.0,485.0
NABIL,12/13/2017,1160.0,1160.0,1155.0,1156.0,-0.34,2013.0,581.0,485.0
NABIL,12/14/2017,1156.0,1169.0,1159.0,1160.0,0.35,1117.0,581.0,485.0
NABIL,12/17/2017,1160.0,1160.0,1150.0,1155.0,-0.43,3691.0,581.0,485.0
NABIL,12/18/2017,1155.0,1164.0,1160.0,1160.0,0.43,1545.0,581.0,485.0
NABIL,12/19/2017,1160.0,1161.0,1155.0,1155.0,-0.43,2366.0,581.0,485.0
NABIL,12/20/2017,1155.0,1160.0,1145.0,1155.0,0.0,2665.0,581.0,485.0
NABIL,12/21/2017,1155.0,1160.0,1145.0,1149.0,-0.52,4245.0,581.0,485.0
NABIL,12/24/2017,1149.0,1155.0,1148.0,1150.0,0.09,4231.0,581.0,485.0
NABIL,12/26/2017,1150.0,1155.0,1130.0,1145.0,-0.43,2029.0,581.0,485.0
NABIL,12/27/2017,1145.0,1143.0,1130.0,1134.0,-0.96,2831.0,581.0,485.0
NABIL,12/28/2017,1134.0,1129.0,1085.0,1090.0,-3.88,15690.0,581.0,485.0
NABIL,12/31/2017,1090.0,1090.0,1015.0,1020.0,-6.42,19263.0,581.0,485.0
NABIL,1/1/2018,1020.0,1065.0,1020.0,1065.0,4.41,15122.0,581.0,485.0
NABIL,1/2/2018,1065.0,1101.0,1065.0,1080.0,1.41,24418.0,581.0,485.0
NABIL,1/3/2018,1080.0,1100.0,1050.0,1055.0,-2.31,12532.0,581.0,485.0
NABIL,1/4/2018,1055.0,1081.0,1059.0,1080.0,2.37,7265.0,581.0,485.0
NABIL,1/7/2018,1080.0,1090.0,1074.0,1081.0,0.09,8667.0,581.0,485.0
NABIL,1/8/2018,1081.0,1097.0,1080.0,1089.0,0.74,14120.0,581.0,485.0
NABIL,1/9/2018,1089.0,1100.0,1089.0,1090.0,0.09,9727.0,581.0,485.0
NABIL,1/10/2018,1090.0,1093.0,1070.0,1070.0,-1.83,12309.0,581.0,485.0
NABIL,1/14/2018,1070.0,1073.0,1055.0,1065.0,-0.47,9390.0,581.0,485.0
NABIL,1/16/2018,1065.0,1066.0,1025.0,1030.0,-3.29,22276.0,581.0,485.0
NABIL,1/17/2018,1030.0,1045.0,1010.0,1039.0,0.87,20617.0,581.0,485.0
NABIL,1/21/2018,1039.0,1045.0,1025.0,1039.0,0.0,12003.0,581.0,485.0
NABIL,1/22/2018,1039.0,1043.0,1033.0,1039.0,0.0,11946.0,581.0,485.0
NABIL,1/23/2018,1039.0,1040.0,1030.0,1031.0,-0.77,6612.0,581.0,485.0
NABIL,1/24/2018,1031.0,1032.0,1010.0,1015.0,-1.55,19823.0,581.0,485.0
NABIL,1/25/2018,1015.0,1039.0,1020.0,1037.0,2.17,8156.0,581.0,485.0
NABIL,1/28/2018,1037.0,1055.0,1044.0,1048.0,1.06,10059.0,581.0,485.0
NABIL,1/29/2018,1048.0,1055.0,1045.0,1052.0,0.38,11653.0,581.0,485.0
NABIL,1/31/2018,1052.0,1070.0,1058.0,1070.0,1.71,10033.0,581.0,485.0
NABIL,2/1/2018,1070.0,1098.0,1075.0,1090.0,1.87,12664.0,581.0,485.0
NABIL,2/4/2018,1090.0,1099.0,1086.0,1086.0,-0.37,19894.0,581.0,485.0
NABIL,2/5/2018,1086.0,1092.0,1074.0,1077.0,-0.83,12146.0,581.0,485.0
NABIL,2/6/2018,1077.0,1073.0,1065.0,1072.0,-0.46,4578.0,581.0,485.0
NABIL,2/7/2018,1072.0,1066.0,1060.0,1066.0,-0.56,7436.0,581.0,485.0
NABIL,2/8/2018,1066.0,1070.0,1057.0,1065.0,-0.09,8717.0,581.0,485.0
NABIL,2/11/2018,1065.0,1070.0,1060.0,1070.0,0.47,6351.0,581.0,485.0
NABIL,2/12/2018,1070.0,1074.0,1061.0,1062.0,-0.75,6125.0,581.0,485.0
NABIL,2/14/2018,1062.0,1075.0,1060.0,1068.0,0.56,11870.0,581.0,485.0
NABIL,2/15/2018,1068.0,1104.0,1075.0,1104.0,3.37,18692.0,581.0,485.0
NABIL,2/18/2018,1110.0,1126.0,1106.0,1112.0,0.72,19540.0,581.0,485.0
NABIL,2/20/2018,1120.0,1130.0,1093.0,1100.0,-1.08,9378.0,581.0,485.0
NABIL,2/21/2018,1095.0,1096.0,1085.0,1095.0,-0.45,2594.0,581.0,485.0
NABIL,2/22/2018,1100.0,1100.0,1086.0,1090.0,-0.46,8036.0,581.0,485.0
NABIL,2/25/2018,1090.0,1090.0,1065.0,1070.0,-1.83,10593.0,581.0,485.0
NABIL,2/26/2018,1080.0,1085.0,1059.0,1059.0,-1.03,12348.0,581.0,485.0
NABIL,2/27/2018,1060.0,1075.0,1055.0,1068.0,0.85,19270.0,581.0,485.0
NABIL,2/28/2018,1060.0,1067.0,1055.0,1060.0,-0.75,12588.0,581.0,485.0
NABIL,3/4/2018,1045.0,1045.0,1022.0,1034.0,-2.45,13490.0,581.0,485.0
NABIL,3/5/2018,1054.0,1070.0,1031.0,1035.0,0.1,9593.0,581.0,485.0
NABIL,3/6/2018,1035.0,1060.0,1025.0,1050.0,1.45,15880.0,581.0,485.0
NABIL,3/7/2018,1051.0,1065.0,1051.0,1060.0,0.95,21280.0,581.0,485.0
NABIL,3/11/2018,1060.0,1060.0,1040.0,1044.0,-1.51,11768.0,581.0,485.0
NABIL,3/12/2018,1040.0,1043.0,1035.0,1043.0,-0.1,8110.0,581.0,485.0
NABIL,3/13/2018,1037.0,1041.0,1024.0,1030.0,-1.25,14786.0,581.0,485.0
NABIL,3/14/2018,1040.0,1040.0,1030.0,1030.0,0.0,9600.0,581.0,485.0
NABIL,3/15/2018,1030.0,1035.0,1023.0,1023.0,-0.68,11196.0,581.0,485.0
NABIL,3/18/2018,1025.0,1029.0,1019.0,1025.0,0.2,12162.0,581.0,485.0
NABIL,3/19/2018,1030.0,1030.0,1012.0,1015.0,-0.98,12030.0,581.0,485.0
NABIL,3/20/2018,1010.0,1015.0,998.0,1015.0,0.0,23717.0,581.0,485.0
NABIL,3/21/2018,1000.0,1001.0,985.0,985.0,-2.96,20783.0,581.0,485.0
NABIL,3/22/2018,976.0,990.0,969.0,975.0,-1.02,20012.0,581.0,485.0
NABIL,3/26/2018,975.0,965.0,920.0,925.0,-5.13,16921.0,581.0,485.0
NABIL,3/27/2018,925.0,950.0,888.0,939.0,1.51,25557.0,581.0,485.0
NABIL,3/28/2018,950.0,968.0,931.0,968.0,3.09,23753.0,581.0,485.0
NABIL,3/29/2018,974.0,987.0,967.0,970.0,0.21,18810.0,581.0,485.0
NABIL,4/1/2018,975.0,975.0,917.0,945.0,-2.58,15347.0,581.0,485.0
NABIL,4/2/2018,945.0,949.0,937.0,945.0,0.0,8678.0,581.0,485.0
NABIL,4/3/2018,945.0,950.0,939.0,950.0,0.53,11371.0,581.0,485.0
NABIL,4/4/2018,952.0,965.0,950.0,965.0,1.58,16959.0,581.0,485.0
NABIL,4/5/2018,970.0,978.0,965.0,970.0,0.52,27949.0,581.0,485.0
NABIL,4/8/2018,972.0,1010.0,972.0,999.0,2.99,31730.0,581.0,485.0
NABIL,4/9/2018,1015.0,1030.0,994.0,994.0,-0.5,35267.0,581.0,485.0
NABIL,4/10/2018,990.0,1000.0,980.0,986.0,-0.8,11944.0,581.0,485.0
NABIL,4/11/2018,983.0,994.0,980.0,988.0,0.2,8026.0,581.0,485.0
NABIL,4/12/2018,999.0,999.0,988.0,989.0,0.1,14218.0,581.0,485.0
NABIL,4/15/2018,995.0,999.0,979.0,990.0,0.1,13102.0,581.0,485.0
NABIL,4/16/2018,990.0,999.0,980.0,996.0,0.61,8325.0,581.0,485.0
NABIL,4/17/2018,1000.0,1005.0,997.0,1002.0,0.6,16009.0,581.0,485.0
NABIL,4/18/2018,1005.0,1050.0,999.0,1040.0,3.79,21999.0,581.0,485.0
NABIL,4/19/2018,1050.0,1060.0,1041.0,1055.0,1.44,15695.0,581.0,485.0
NABIL,4/22/2018,1066.0,1076.0,1058.0,1065.0,0.95,20691.0,581.0,485.0
NABIL,4/23/2018,1081.0,1081.0,1050.0,1050.0,-1.41,16208.0,581.0,485.0
NABIL,4/24/2018,1055.0,1064.0,1032.0,1032.0,-1.71,8229.0,581.0,485.0
NABIL,4/25/2018,1040.0,1045.0,1030.0,1040.0,0.78,10589.0,581.0,485.0
NABIL,4/26/2018,1050.0,1050.0,1020.0,1030.0,-0.96,13380.0,581.0,485.0
NABIL,4/29/2018,1015.0,1020.0,1002.0,1013.0,-1.65,7378.0,581.0,485.0
NABIL,5/2/2018,1017.0,1025.0,996.0,1009.0,-0.39,10811.0,581.0,485.0
NABIL,5/3/2018,1011.0,1025.0,1009.0,1009.0,0.0,6662.0,581.0,485.0
NABIL,5/6/2018,1005.0,1006.0,1000.0,1005.0,-0.4,6340.0,581.0,485.0
NABIL,5/7/2018,1010.0,1010.0,998.0,999.0,-0.6,6050.0,581.0,485.0
NABIL,5/8/2018,1006.0,1010.0,997.0,1010.0,1.1,8831.0,581.0,485.0
NABIL,5/9/2018,1005.0,1014.0,1003.0,1003.0,-0.69,7968.0,581.0,485.0
NABIL,5/10/2018,1000.0,1010.0,996.0,1003.0,0.0,3212.0,581.0,485.0
NABIL,5/14/2018,1003.0,1004.0,990.0,1000.0,-0.3,8898.0,581.0,485.0
NABIL,5/15/2018,1000.0,1007.0,995.0,1002.0,0.2,2596.0,581.0,485.0
NABIL,5/16/2018,1002.0,1002.0,999.0,1000.0,-0.2,6058.0,581.0,485.0
NABIL,5/17/2018,1005.0,1005.0,1001.0,1002.0,0.2,3295.0,581.0,485.0
NABIL,5/20/2018,1022.0,1022.0,1000.0,1000.0,-0.2,9372.0,581.0,485.0
NABIL,5/21/2018,1000.0,1010.0,996.0,999.0,-0.1,6405.0,581.0,485.0
NABIL,5/22/2018,1000.0,1003.0,995.0,995.0,-0.4,6365.0,581.0,485.0
NABIL,5/23/2018,995.0,999.0,984.0,987.0,-0.8,5655.0,581.0,485.0
NABIL,5/24/2018,992.0,999.0,990.0,990.0,0.3,5307.0,581.0,485.0
NABIL,5/27/2018,990.0,990.0,978.0,989.0,-0.1,3069.0,581.0,485.0
NABIL,5/28/2018,989.0,1012.0,985.0,1012.0,2.33,4170.0,581.0,485.0
NABIL,5/29/2018,1007.0,1010.0,999.0,999.0,-1.28,4198.0,581.0,485.0
NABIL,5/30/2018,1000.0,1013.0,999.0,1000.0,0.1,2360.0,581.0,485.0
NABIL,5/31/2018,1005.0,1005.0,995.0,1000.0,0.0,3164.0,581.0,485.0
NABIL,6/3/2018,1000.0,1000.0,980.0,980.0,-2.0,5913.0,581.0,485.0
NABIL,6/4/2018,970.0,985.0,970.0,979.0,-0.1,3875.0,581.0,485.0
NABIL,6/6/2018,998.0,1000.0,988.0,990.0,1.12,1882.0,581.0,485.0
NABIL,6/7/2018,990.0,990.0,975.0,975.0,-1.52,4786.0,581.0,485.0
NABIL,6/10/2018,970.0,970.0,944.0,956.0,-1.95,5466.0,581.0,485.0
NABIL,6/11/2018,955.0,975.0,945.0,955.0,-0.1,5198.0,581.0,485.0
NABIL,6/12/2018,960.0,960.0,945.0,955.0,0.0,4558.0,581.0,485.0
NABIL,6/13/2018,960.0,960.0,945.0,955.0,0.0,3803.0,581.0,485.0
NABIL,6/14/2018,960.0,963.0,955.0,958.0,0.31,947.0,581.0,485.0
NABIL,6/17/2018,955.0,959.0,940.0,942.0,-1.67,3161.0,581.0,485.0
NABIL,6/18/2018,945.0,955.0,937.0,943.0,0.11,2878.0,581.0,485.0
NABIL,6/19/2018,944.0,944.0,940.0,941.0,-0.21,1365.0,581.0,485.0
NABIL,6/20/2018,940.0,945.0,940.0,940.0,-0.11,3344.0,581.0,485.0
NABIL,6/21/2018,945.0,945.0,940.0,942.0,0.21,2308.0,581.0,485.0
NABIL,6/24/2018,943.0,943.0,936.0,942.0,0.0,4494.0,581.0,485.0
NABIL,6/25/2018,945.0,945.0,930.0,932.0,-1.06,4988.0,581.0,485.0
NABIL,6/26/2018,925.0,931.0,922.0,928.0,-0.43,1174.0,581.0,485.0
NABIL,6/27/2018,930.0,935.0,921.0,930.0,0.22,5047.0,581.0,485.0
NABIL,6/28/2018,932.0,955.0,931.0,931.0,0.11,2623.0,581.0,485.0
NABIL,7/1/2018,945.0,945.0,925.0,928.0,-0.32,4235.0,581.0,485.0
NABIL,7/2/2018,928.0,928.0,917.0,920.0,-0.86,2420.0,581.0,485.0
NABIL,7/3/2018,920.0,926.0,918.0,920.0,0.0,5734.0,581.0,485.0
NABIL,7/4/2018,920.0,920.0,913.0,917.0,-0.33,6221.0,581.0,485.0
NABIL,7/5/2018,920.0,928.0,919.0,924.0,0.76,12676.0,581.0,485.0
NABIL,7/8/2018,942.0,953.0,928.0,940.0,1.73,12880.0,581.0,485.0
NABIL,7/9/2018,941.0,941.0,918.0,918.0,-2.34,11028.0,581.0,485.0
NABIL,7/10/2018,920.0,926.0,917.0,917.0,-0.11,3949.0,581.0,485.0
NABIL,7/11/2018,920.0,928.0,917.0,918.0,0.11,9218.0,581.0,485.0
NABIL,7/12/2018,915.0,922.0,911.0,912.0,-0.65,5387.0,581.0,485.0
NABIL,7/15/2018,912.0,920.0,912.0,920.0,0.88,5465.0,581.0,485.0
NABIL,7/16/2018,915.0,921.0,903.0,921.0,0.11,10813.0,581.0,485.0
NABIL,7/17/2018,917.0,917.0,899.0,900.0,-2.28,64608.0,581.0,485.0
NABIL,7/18/2018,905.0,905.0,897.0,900.0,0.0,28537.0,581.0,485.0
NABIL,7/19/2018,900.0,905.0,898.0,900.0,0.0,36821.0,581.0,485.0
NABIL,7/22/2018,900.0,900.0,897.0,900.0,0.0,6188.0,581.0,485.0
NABIL,7/23/2018,899.0,900.0,898.0,900.0,0.0,11306.0,581.0,485.0
NABIL,7/24/2018,900.0,905.0,898.0,899.0,-0.11,20936.0,581.0,485.0
NABIL,7/25/2018,900.0,900.0,897.0,897.0,-0.22,7248.0,581.0,485.0
NABIL,7/26/2018,900.0,908.0,899.0,905.0,0.89,13263.0,581.0,485.0
NABIL,7/29/2018,919.0,919.0,909.0,910.0,0.55,5574.0,581.0,485.0
NABIL,7/30/2018,910.0,913.0,907.0,909.0,-0.11,5174.0,581.0,485.0
NABIL,7/31/2018,905.0,910.0,905.0,905.0,-0.44,5144.0,581.0,485.0
NABIL,8/1/2018,910.0,910.0,904.0,908.0,0.33,5960.0,581.0,485.0
NABIL,8/2/2018,908.0,909.0,904.0,906.0,-0.22,5552.0,581.0,485.0
NABIL,8/5/2018,906.0,907.0,900.0,905.0,-0.11,6414.0,581.0,485.0
NABIL,8/6/2018,907.0,907.0,900.0,903.0,-0.22,6662.0,581.0,485.0
NABIL,8/7/2018,919.0,919.0,904.0,904.0,0.11,2142.0,581.0,485.0
NABIL,8/8/2018,905.0,910.0,903.0,904.0,0.0,2673.0,581.0,485.0
NABIL,8/9/2018,922.0,922.0,904.0,909.0,0.55,3307.0,581.0,485.0
NABIL,8/12/2018,910.0,910.0,894.0,900.0,-0.99,6359.0,581.0,485.0
NABIL,8/13/2018,900.0,907.0,900.0,907.0,0.78,5383.0,581.0,485.0
NABIL,8/14/2018,907.0,907.0,900.0,907.0,0.0,6383.0,581.0,485.0
NABIL,8/15/2018,916.0,940.0,913.0,935.0,3.09,17869.0,581.0,485.0
NABIL,8/16/2018,930.0,966.0,930.0,957.0,2.35,17494.0,581.0,485.0
NABIL,8/19/2018,960.0,965.0,954.0,959.0,0.21,11046.0,581.0,485.0
NABIL,8/20/2018,960.0,960.0,942.0,948.0,-1.15,9155.0,581.0,485.0
NABIL,8/21/2018,948.0,947.0,940.0,940.0,-0.84,4925.0,581.0,485.0
NABIL,8/22/2018,935.0,945.0,935.0,945.0,0.53,2174.0,581.0,485.0
NABIL,8/23/2018,945.0,945.0,941.0,945.0,0.0,4749.0,581.0,485.0
NABIL,8/26/2018,945.0,948.0,944.0,945.0,0.0,5990.0,581.0,485.0
NABIL,8/28/2018,946.0,950.0,943.0,949.0,0.42,6091.0,581.0,485.0
NABIL,8/29/2018,947.0,949.0,945.0,947.0,-0.21,3171.0,581.0,485.0
NABIL,8/30/2018,950.0,952.0,945.0,947.0,0.0,5231.0,581.0,485.0
NABIL,9/2/2018,949.0,952.0,946.0,950.0,0.32,7021.0,581.0,485.0
NABIL,9/3/2018,969.0,970.0,955.0,964.0,1.47,7503.0,581.0,485.0
NABIL,9/4/2018,970.0,971.0,961.0,966.0,0.21,8115.0,581.0,485.0
NABIL,9/5/2018,967.0,974.0,965.0,970.0,0.41,10041.0,581.0,485.0
NABIL,9/6/2018,972.0,984.0,963.0,965.0,-0.52,16698.0,581.0,485.0
NABIL,9/9/2018,955.0,974.0,955.0,970.0,0.52,7541.0,581.0,485.0
NABIL,9/10/2018,965.0,967.0,960.0,964.0,-0.62,7438.0,581.0,485.0
NABIL,9/11/2018,965.0,969.0,960.0,966.0,0.21,6852.0,581.0,485.0
NABIL,9/12/2018,966.0,967.0,965.0,965.0,-0.1,4296.0,581.0,485.0
NABIL,9/13/2018,966.0,970.0,966.0,968.0,0.31,5373.0,581.0,485.0
NABIL,9/16/2018,970.0,974.0,968.0,969.0,0.1,9770.0,581.0,485.0
NABIL,9/17/2018,967.0,970.0,965.0,968.0,-0.1,1984.0,581.0,485.0
NABIL,9/18/2018,970.0,970.0,966.0,968.0,0.0,5243.0,581.0,485.0
NABIL,9/20/2018,970.0,970.0,960.0,962.0,-0.62,6516.0,581.0,485.0
NABIL,9/23/2018,961.0,964.0,950.0,961.0,-0.1,3193.0,581.0,485.0
NABIL,9/25/2018,965.0,965.0,960.0,965.0,0.42,4909.0,581.0,485.0
NABIL,9/26/2018,960.0,969.0,960.0,966.0,0.1,9356.0,581.0,485.0
NABIL,9/27/2018,960.0,970.0,960.0,961.0,-0.52,3070.0,581.0,485.0
NABIL,9/30/2018,961.0,961.0,950.0,950.0,-1.14,7218.0,581.0,485.0
NABIL,10/1/2018,955.0,956.0,934.0,945.0,-0.53,2593.0,581.0,485.0
NABIL,10/2/2018,945.0,950.0,940.0,945.0,0.0,3936.0,581.0,485.0
NABIL,10/3/2018,945.0,945.0,932.0,942.0,-0.32,5114.0,581.0,485.0
NABIL,10/4/2018,940.0,958.0,916.0,944.0,0.21,5142.0,581.0,485.0
NABIL,10/7/2018,944.0,944.0,927.0,927.0,-1.8,5803.0,581.0,485.0
NABIL,10/8/2018,927.0,944.0,927.0,929.0,0.22,3337.0,581.0,485.0
NABIL,10/9/2018,931.0,939.0,927.0,930.0,0.11,2484.0,581.0,485.0
NABIL,10/10/2018,929.0,932.0,927.0,930.0,0.0,4393.0,581.0,485.0
NABIL,10/11/2018,931.0,937.0,929.0,931.0,0.11,5113.0,581.0,485.0
NABIL,10/14/2018,935.0,939.0,935.0,938.0,0.75,1925.0,581.0,485.0
NABIL,10/15/2018,940.0,956.0,940.0,953.0,1.6,1245.0,581.0,485.0
NABIL,10/21/2018,955.0,955.0,950.0,953.0,0.0,193.0,581.0,485.0
NABIL,10/22/2018,951.0,959.0,950.0,951.0,-0.21,1928.0,581.0,485.0
NABIL,10/23/2018,955.0,960.0,950.0,960.0,0.95,2006.0,581.0,485.0
NABIL,10/24/2018,960.0,970.0,956.0,962.0,0.21,3191.0,581.0,485.0
NABIL,10/25/2018,963.0,963.0,956.0,956.0,-0.62,1044.0,581.0,485.0
NABIL,10/28/2018,956.0,956.0,939.0,942.0,-1.46,2511.0,581.0,485.0
NABIL,10/29/2018,939.0,945.0,939.0,940.0,-0.21,2862.0,581.0,485.0
NABIL,10/30/2018,940.0,945.0,940.0,940.0,0.0,1768.0,581.0,485.0
NABIL,10/31/2018,941.0,952.0,940.0,952.0,1.28,2427.0,581.0,485.0
NABIL,11/1/2018,940.0,949.0,940.0,946.0,-0.63,1572.0,581.0,485.0
NABIL,11/4/2018,947.0,947.0,938.0,940.0,-0.63,2099.0,581.0,485.0
NABIL,11/5/2018,939.0,940.0,935.0,938.0,-0.21,2736.0,581.0,485.0
NABIL,11/6/2018,938.0,900.0,900.0,946.0,0.85,230.0,581.0,485.0
NABIL,11/11/2018,946.0,946.0,897.0,911.0,-3.7,2235.0,581.0,485.0
NABIL,11/12/2018,910.0,911.0,897.0,904.0,-0.77,4075.0,581.0,485.0
NABIL,11/13/2018,915.0,921.0,905.0,919.0,1.66,833.0,581.0,485.0
NABIL,11/14/2018,919.0,920.0,915.0,919.0,0.0,4373.0,581.0,485.0
NABIL,11/15/2018,920.0,940.0,920.0,926.0,0.76,7548.0,581.0,485.0
NABIL,11/18/2018,930.0,930.0,916.0,916.0,-1.08,3113.0,581.0,485.0
NABIL,11/19/2018,915.0,918.0,908.0,917.0,0.11,2568.0,581.0,485.0
NABIL,11/20/2018,918.0,918.0,902.0,902.0,-1.64,760.0,581.0,485.0
NABIL,11/21/2018,891.0,906.0,890.0,906.0,0.44,3991.0,581.0,485.0
NABIL,11/22/2018,910.0,915.0,900.0,900.0,-0.66,4595.0,581.0,485.0
NABIL,11/25/2018,904.0,904.0,898.0,898.0,-0.22,3792.0,581.0,485.0
NABIL,11/26/2018,898.0,898.0,888.0,888.0,-1.11,5967.0,581.0,485.0
NABIL,11/27/2018,885.0,899.0,885.0,889.0,0.11,4029.0,581.0,485.0
NABIL,11/28/2018,892.0,900.0,888.0,889.0,0.0,5451.0,581.0,485.0
NABIL,11/29/2018,885.0,890.0,882.0,882.0,-0.79,3294.0,581.0,485.0
NABIL,12/2/2018,880.0,880.0,865.0,865.0,-1.93,4594.0,581.0,485.0
NABIL,12/3/2018,870.0,875.0,862.0,863.0,-0.23,3135.0,581.0,485.0
NABIL,12/4/2018,860.0,860.0,841.0,860.0,-0.35,13920.0,581.0,485.0
NABIL,12/5/2018,860.0,860.0,849.0,851.0,-1.05,7992.0,581.0,485.0
NABIL,12/6/2018,850.0,850.0,830.0,850.0,-0.12,6099.0,581.0,485.0
NABIL,12/9/2018,853.0,856.0,850.0,852.0,0.24,4171.0,581.0,485.0
NABIL,12/10/2018,855.0,860.0,850.0,853.0,0.12,8181.0,581.0,485.0
NABIL,12/11/2018,855.0,860.0,844.0,855.0,0.23,3869.0,581.0,485.0
NABIL,12/12/2018,855.0,860.0,845.0,851.0,-0.47,3175.0,581.0,485.0
NABIL,12/13/2018,852.0,855.0,847.0,847.0,-0.47,4879.0,581.0,485.0
NABIL,12/16/2018,859.0,859.0,850.0,853.0,0.71,9410.0,581.0,485.0
NABIL,12/17/2018,850.0,869.0,850.0,862.0,1.06,2512.0,581.0,485.0
NABIL,12/18/2018,862.0,862.0,856.0,858.0,-0.46,5028.0,581.0,485.0
NABIL,12/19/2018,860.0,860.0,850.0,850.0,-0.93,7082.0,581.0,485.0
NABIL,12/20/2018,855.0,860.0,845.0,851.0,0.12,3393.0,581.0,485.0
NABIL,12/23/2018,860.0,870.0,860.0,870.0,2.23,8974.0,581.0,485.0
NABIL,12/24/2018,870.0,876.0,865.0,868.0,-0.23,5253.0,581.0,485.0
NABIL,12/25/2018,870.0,870.0,855.0,862.0,-0.69,1588.0,581.0,485.0
NABIL,12/26/2018,870.0,870.0,860.0,864.0,0.23,7037.0,581.0,485.0
NABIL,12/27/2018,875.0,880.0,865.0,865.0,0.12,6193.0,581.0,485.0
NABIL,12/30/2018,866.0,877.0,865.0,866.0,0.12,4130.0,581.0,485.0
NABIL,12/31/2018,879.0,879.0,860.0,860.0,-0.69,7190.0,581.0,485.0
NABIL,1/1/2019,861.0,863.0,851.0,851.0,-1.05,5002.0,581.0,485.0
NABIL,1/2/2019,859.0,859.0,850.0,850.0,-0.12,5122.0,581.0,485.0
NABIL,1/3/2019,851.0,855.0,841.0,841.0,-1.06,9928.0,581.0,485.0
NABIL,1/6/2019,845.0,848.0,835.0,837.0,-0.48,7310.0,581.0,485.0
NABIL,1/7/2019,838.0,840.0,835.0,835.0,-0.24,4589.0,581.0,485.0
NABIL,1/8/2019,836.0,839.0,835.0,837.0,0.24,3971.0,581.0,485.0
NABIL,1/9/2019,840.0,840.0,834.0,834.0,-0.36,4380.0,581.0,485.0
NABIL,1/10/2019,836.0,848.0,834.0,835.0,0.12,5480.0,581.0,485.0
NABIL,1/13/2019,851.0,851.0,838.0,838.0,0.36,3132.0,581.0,485.0
NABIL,1/14/2019,839.0,844.0,830.0,836.0,-0.24,4045.0,581.0,485.0
NABIL,1/15/2019,842.0,842.0,834.0,842.0,0.72,2708.0,581.0,485.0
NABIL,1/16/2019,858.0,858.0,841.0,845.0,0.36,2960.0,581.0,485.0
NABIL,1/17/2019,845.0,845.0,836.0,844.0,-0.12,2128.0,581.0,485.0
NABIL,1/20/2019,844.0,850.0,844.0,850.0,0.71,2650.0,581.0,485.0
NABIL,1/21/2019,842.0,848.0,836.0,843.0,-0.82,3420.0,581.0,485.0
NABIL,1/22/2019,841.0,845.0,841.0,842.0,-0.12,1670.0,581.0,485.0
NABIL,1/23/2019,843.0,850.0,838.0,838.0,-0.48,4189.0,581.0,485.0
NABIL,1/24/2019,843.0,843.0,839.0,840.0,0.24,2567.0,581.0,485.0
NABIL,1/27/2019,841.0,841.0,832.0,838.0,-0.24,3910.0,581.0,485.0
NABIL,1/28/2019,835.0,837.0,832.0,834.0,-0.48,2227.0,581.0,485.0
NABIL,1/29/2019,830.0,835.0,830.0,830.0,-0.48,6286.0,581.0,485.0
NABIL,1/30/2019,835.0,841.0,835.0,837.0,0.84,3605.0,581.0,485.0
NABIL,1/31/2019,838.0,844.0,838.0,841.0,0.48,4408.0,581.0,485.0
NABIL,2/3/2019,842.0,845.0,840.0,841.0,0.0,4165.0,581.0,485.0
NABIL,2/4/2019,837.0,838.0,825.0,829.0,-1.43,5154.0,581.0,485.0
NABIL,2/5/2019,830.0,835.0,830.0,830.0,0.12,2150.0,581.0,485.0
NABIL,2/6/2019,825.0,829.0,825.0,828.0,-0.24,3267.0,581.0,485.0
NABIL,2/7/2019,828.0,835.0,826.0,831.0,0.36,3757.0,581.0,485.0
NABIL,2/10/2019,830.0,830.0,820.0,824.0,-0.84,2399.0,581.0,485.0
NABIL,2/11/2019,830.0,830.0,823.0,825.0,0.12,3879.0,581.0,485.0
NABIL,2/12/2019,826.0,830.0,825.0,825.0,0.0,2448.0,581.0,485.0
NABIL,2/13/2019,830.0,830.0,818.0,822.0,-0.36,3151.0,581.0,485.0
NABIL,2/14/2019,820.0,825.0,818.0,818.0,-0.49,2494.0,581.0,485.0
NABIL,2/17/2019,829.0,829.0,807.0,807.0,-1.34,6470.0,581.0,485.0
NABIL,2/18/2019,815.0,815.0,778.0,783.0,-2.97,29718.0,581.0,485.0
NABIL,2/19/2019,793.0,795.0,776.0,793.0,1.28,7663.0,581.0,485.0
NABIL,2/20/2019,793.0,793.0,780.0,789.0,-0.5,9080.0,581.0,485.0
NABIL,2/21/2019,792.0,803.0,789.0,803.0,1.77,17561.0,581.0,485.0
NABIL,2/24/2019,810.0,810.0,792.0,795.0,-1.0,15486.0,581.0,485.0
NABIL,2/25/2019,795.0,799.0,789.0,794.0,-0.13,31622.0,581.0,485.0
NABIL,2/26/2019,700.0,700.0,678.0,687.0,-13.48,9887.0,581.0,485.0
NABIL,2/27/2019,686.0,689.0,681.0,687.0,0.0,4794.0,581.0,485.0
NABIL,3/3/2019,690.0,691.0,680.0,682.0,-0.73,8715.0,581.0,485.0
NABIL,3/5/2019,682.0,690.0,681.0,683.0,0.15,6279.0,581.0,485.0
NABIL,3/6/2019,683.0,688.0,680.0,686.0,0.44,10200.0,581.0,485.0
NABIL,3/7/2019,689.0,690.0,685.0,688.0,0.29,7555.0,581.0,485.0
NABIL,3/10/2019,689.0,691.0,686.0,691.0,0.44,1992.0,581.0,485.0
NABIL,3/11/2019,694.0,700.0,691.0,696.0,0.72,16082.0,581.0,485.0
NABIL,3/12/2019,705.0,720.0,705.0,720.0,3.45,12524.0,581.0,485.0
NABIL,3/13/2019,725.0,731.0,715.0,715.0,-0.69,11208.0,581.0,485.0
NABIL,3/14/2019,719.0,720.0,708.0,715.0,0.0,3812.0,581.0,485.0
NABIL,3/17/2019,715.0,730.0,715.0,722.0,0.98,9881.0,581.0,485.0
NABIL,3/18/2019,726.0,730.0,722.0,722.0,0.0,9174.0,581.0,485.0
NABIL,3/19/2019,722.0,724.0,718.0,723.0,0.14,1020.0,581.0,485.0
NABIL,3/21/2019,722.0,722.0,708.0,710.0,-1.8,8927.0,581.0,485.0
NABIL,3/24/2019,721.0,721.0,709.0,712.0,0.28,5859.0,581.0,485.0
NABIL,3/25/2019,709.0,716.0,709.0,712.0,0.0,7028.0,581.0,485.0
NABIL,3/26/2019,710.0,712.0,706.0,712.0,0.0,3898.0,581.0,485.0
NABIL,3/27/2019,713.0,715.0,709.0,709.0,-0.42,9163.0,581.0,485.0
NABIL,3/28/2019,708.0,719.0,708.0,714.0,0.71,5004.0,581.0,485.0
NABIL,3/31/2019,715.0,717.0,707.0,712.0,-0.28,7019.0,581.0,485.0
NABIL,4/1/2019,713.0,714.0,709.0,712.0,0.0,11973.0,581.0,485.0
NABIL,4/2/2019,713.0,718.0,710.0,717.0,0.7,15403.0,581.0,485.0
NABIL,4/3/2019,731.0,731.0,712.0,724.0,0.98,14196.0,581.0,485.0
NABIL,4/4/2019,724.0,728.0,718.0,727.0,0.41,8188.0,581.0,485.0
NABIL,4/7/2019,730.0,732.0,721.0,732.0,0.69,23725.0,581.0,485.0
NABIL,4/8/2019,735.0,755.0,730.0,740.0,1.09,23599.0,581.0,485.0
NABIL,4/9/2019,741.0,750.0,740.0,743.0,0.41,12325.0,581.0,485.0
NABIL,4/10/2019,749.0,749.0,735.0,740.0,-0.4,8232.0,581.0,485.0
NABIL,4/11/2019,742.0,743.0,736.0,736.0,-0.54,7882.0,581.0,485.0
NABIL,4/15/2019,736.0,746.0,736.0,746.0,1.36,3377.0,581.0,485.0
NABIL,4/16/2019,749.0,773.0,747.0,766.0,2.68,6057.0,581.0,485.0
NABIL,4/17/2019,775.0,780.0,766.0,773.0,0.91,11183.0,581.0,485.0
NABIL,4/18/2019,785.0,810.0,785.0,810.0,4.79,15287.0,581.0,485.0
NABIL,4/21/2019,815.0,867.0,815.0,866.0,6.91,28899.0,581.0,485.0
NABIL,4/22/2019,880.0,900.0,868.0,880.0,1.62,29675.0,581.0,485.0
NABIL,4/23/2019,875.0,890.0,859.0,881.0,0.11,15000.0,581.0,485.0
NABIL,4/24/2019,881.0,894.0,864.0,878.0,-0.34,6811.0,581.0,485.0
NABIL,4/25/2019,890.0,895.0,877.0,880.0,0.23,9441.0,581.0,485.0
NABIL,4/28/2019,885.0,891.0,873.0,873.0,-0.8,9506.0,581.0,485.0
NABIL,4/29/2019,875.0,880.0,866.0,868.0,-0.57,8403.0,581.0,485.0
NABIL,4/30/2019,871.0,871.0,851.0,856.0,-1.38,7584.0,581.0,485.0
NABIL,5/2/2019,850.0,855.0,845.0,847.0,-1.05,6201.0,581.0,485.0
NABIL,5/5/2019,843.0,844.0,830.0,835.0,-1.42,9479.0,581.0,485.0
NABIL,5/6/2019,845.0,855.0,834.0,851.0,1.92,8355.0,581.0,485.0
NABIL,5/7/2019,856.0,869.0,850.0,850.0,-0.12,8243.0,581.0,485.0
NABIL,5/8/2019,855.0,855.0,840.0,846.0,-0.47,7578.0,581.0,485.0
NABIL,5/9/2019,862.0,862.0,838.0,841.0,-0.59,2950.0,581.0,485.0
NABIL,5/12/2019,841.0,845.0,831.0,841.0,0.0,3539.0,581.0,485.0
NABIL,5/13/2019,845.0,855.0,841.0,844.0,0.36,2652.0,581.0,485.0
NABIL,5/14/2019,840.0,850.0,837.0,848.0,0.47,3614.0,581.0,485.0
NABIL,5/15/2019,848.0,860.0,844.0,851.0,0.35,5163.0,581.0,485.0
NABIL,5/16/2019,851.0,858.0,845.0,845.0,-0.71,6365.0,581.0,485.0
NABIL,5/19/2019,855.0,855.0,831.0,843.0,-0.24,6356.0,581.0,485.0
NABIL,5/20/2019,849.0,849.0,830.0,830.0,-1.54,5507.0,581.0,485.0
NABIL,5/21/2019,829.0,840.0,827.0,840.0,1.2,4169.0,581.0,485.0
NABIL,5/22/2019,856.0,856.0,835.0,841.0,0.12,1981.0,581.0,485.0
NABIL,5/23/2019,843.0,845.0,835.0,841.0,0.0,5508.0,581.0,485.0
NABIL,5/26/2019,857.0,857.0,835.0,840.0,-0.12,5463.0,581.0,485.0
NABIL,5/27/2019,835.0,840.0,835.0,840.0,0.0,2539.0,581.0,485.0
NABIL,5/28/2019,830.0,844.0,830.0,836.0,-0.48,2822.0,581.0,485.0
NABIL,5/29/2019,840.0,840.0,837.0,840.0,0.48,3151.0,581.0,485.0
NABIL,5/30/2019,856.0,882.0,847.0,847.0,0.83,9146.0,581.0,485.0
NABIL,6/2/2019,848.0,848.0,832.0,834.0,-1.53,6077.0,581.0,485.0
NABIL,6/3/2019,835.0,835.0,830.0,833.0,-0.12,2874.0,581.0,485.0
NABIL,6/4/2019,843.0,843.0,829.0,829.0,-0.48,3935.0,581.0,485.0
NABIL,6/6/2019,832.0,832.0,826.0,828.0,-0.12,4877.0,581.0,485.0
NABIL,6/10/2019,820.0,842.0,820.0,826.0,-0.24,4518.0,581.0,485.0
NABIL,6/11/2019,825.0,826.0,820.0,822.0,-0.48,8030.0,581.0,485.0
NABIL,6/12/2019,818.0,823.0,815.0,820.0,-0.24,8943.0,581.0,485.0
NABIL,6/13/2019,820.0,834.0,818.0,827.0,0.85,9849.0,581.0,485.0
NABIL,6/16/2019,820.0,822.0,813.0,814.0,-1.57,13511.0,581.0,485.0
NABIL,6/17/2019,814.0,816.0,807.0,816.0,0.25,10347.0,581.0,485.0
NABIL,6/18/2019,816.0,816.0,806.0,814.0,-0.25,8230.0,581.0,485.0
NABIL,6/19/2019,829.0,829.0,803.0,814.0,0.0,3158.0,581.0,485.0
NABIL,6/20/2019,814.0,814.0,805.0,812.0,-0.25,4301.0,581.0,485.0
NABIL,6/23/2019,820.0,820.0,804.0,805.0,-0.86,5595.0,581.0,485.0
NABIL,6/24/2019,807.0,808.0,802.0,808.0,0.37,3446.0,581.0,485.0
NABIL,6/25/2019,805.0,810.0,800.0,810.0,0.25,4883.0,581.0,485.0
NABIL,6/26/2019,810.0,810.0,802.0,804.0,-0.74,7826.0,581.0,485.0
NABIL,6/27/2019,805.0,815.0,799.0,800.0,-0.5,12955.0,581.0,485.0
NABIL,6/30/2019,806.0,806.0,785.0,785.0,-1.88,28406.0,581.0,485.0
NABIL,7/1/2019,783.0,785.0,780.0,785.0,0.0,8539.0,581.0,485.0
NABIL,7/2/2019,781.0,785.0,775.0,784.0,-0.13,9500.0,581.0,485.0
NABIL,7/3/2019,787.0,799.0,775.0,795.0,1.4,7949.0,581.0,485.0
NABIL,7/4/2019,796.0,800.0,795.0,798.0,0.38,10401.0,581.0,485.0
NABIL,7/7/2019,800.0,805.0,790.0,790.0,-1.0,6481.0,581.0,485.0
NABIL,7/8/2019,790.0,790.0,785.0,787.0,-0.38,4253.0,581.0,485.0
NABIL,7/9/2019,787.0,806.0,786.0,806.0,2.41,11678.0,581.0,485.0
NABIL,7/10/2019,803.0,815.0,801.0,811.0,0.62,9931.0,581.0,485.0
NABIL,7/11/2019,813.0,824.0,813.0,823.0,1.48,8966.0,581.0,485.0
NABIL,7/14/2019,824.0,827.0,820.0,825.0,0.24,3781.0,581.0,485.0
NABIL,7/15/2019,826.0,833.0,799.0,799.0,-3.15,30861.0,581.0,485.0
NABIL,7/16/2019,838.0,838.0,792.0,800.0,0.13,25920.0,581.0,485.0
NABIL,7/17/2019,800.0,814.0,800.0,813.0,1.63,17512.0,581.0,485.0
NABIL,7/18/2019,820.0,820.0,808.0,812.0,-0.12,15304.0,581.0,485.0
NABIL,7/21/2019,808.0,810.0,800.0,801.0,-1.35,19195.0,581.0,485.0
NABIL,7/22/2019,810.0,819.0,803.0,805.0,0.5,19698.0,581.0,485.0
NABIL,7/23/2019,810.0,810.0,802.0,808.0,0.37,13387.0,581.0,485.0
NABIL,7/24/2019,815.0,815.0,805.0,812.0,0.5,17884.0,581.0,485.0
NABIL,7/25/2019,807.0,811.0,800.0,805.0,-0.86,11336.0,581.0,485.0
NABIL,7/28/2019,808.0,808.0,796.0,797.0,-0.99,17431.0,581.0,485.0
NABIL,7/29/2019,800.0,805.0,798.0,803.0,0.75,10970.0,581.0,485.0
NABIL,7/30/2019,803.0,805.0,800.0,801.0,-0.25,10926.0,581.0,485.0
NABIL,7/31/2019,800.0,805.0,800.0,800.0,-0.12,9199.0,581.0,485.0
NABIL,8/1/2019,802.0,805.0,800.0,801.0,0.12,11281.0,581.0,485.0
NABIL,8/4/2019,802.0,803.0,796.0,799.0,-0.25,11095.0,581.0,485.0
NABIL,8/5/2019,795.0,800.0,795.0,800.0,0.13,9946.0,581.0,485.0
NABIL,8/6/2019,795.0,795.0,789.0,790.0,-1.25,13321.0,581.0,485.0
NABIL,8/7/2019,790.0,795.0,784.0,790.0,0.0,9174.0,581.0,485.0
NABIL,8/8/2019,794.0,796.0,787.0,790.0,0.0,10432.0,581.0,485.0
NABIL,8/11/2019,788.0,788.0,781.0,784.0,-0.76,9920.0,581.0,485.0
NABIL,8/12/2019,782.0,788.0,782.0,783.0,-0.13,5650.0,581.0,485.0
NABIL,8/13/2019,785.0,785.0,781.0,782.0,-0.13,6190.0,581.0,485.0
NABIL,8/14/2019,784.0,784.0,775.0,779.0,-0.38,11640.0,581.0,485.0
NABIL,8/15/2019,782.0,785.0,780.0,784.0,0.64,13055.0,581.0,485.0
NABIL,8/18/2019,790.0,790.0,779.0,779.0,-0.64,12387.0,581.0,485.0
NABIL,8/19/2019,779.0,784.0,776.0,778.0,-0.13,10297.0,581.0,485.0
NABIL,8/20/2019,782.0,782.0,777.0,778.0,0.0,12518.0,581.0,485.0
NABIL,8/21/2019,777.0,779.0,775.0,778.0,0.0,13659.0,581.0,485.0
NABIL,8/22/2019,778.0,781.0,777.0,777.0,-0.13,7473.0,581.0,485.0
NABIL,8/25/2019,771.0,780.0,771.0,776.0,-0.13,7386.0,581.0,485.0
NABIL,8/26/2019,776.0,776.0,760.0,775.0,-0.13,23330.0,581.0,485.0
NABIL,8/27/2019,772.0,780.0,771.0,778.0,0.39,5949.0,581.0,485.0
NABIL,8/28/2019,780.0,790.0,770.0,770.0,-1.03,4274.0,581.0,485.0
NABIL,8/29/2019,771.0,775.0,768.0,770.0,0.0,9213.0,581.0,485.0
NABIL,9/1/2019,771.0,772.0,767.0,769.0,-0.13,9261.0,581.0,485.0
NABIL,9/2/2019,769.0,769.0,756.0,758.0,-1.43,6969.0,581.0,485.0
NABIL,9/3/2019,758.0,775.0,750.0,774.0,2.11,8894.0,581.0,485.0
NABIL,9/4/2019,780.0,781.0,770.0,777.0,0.39,15241.0,581.0,485.0
NABIL,9/5/2019,792.0,792.0,777.0,780.0,0.39,8861.0,581.0,485.0
NABIL,9/8/2019,778.0,781.0,775.0,776.0,-0.51,9562.0,581.0,485.0
NABIL,9/9/2019,775.0,778.0,770.0,776.0,0.0,4931.0,581.0,485.0
NABIL,9/10/2019,772.0,775.0,767.0,769.0,-0.9,7569.0,581.0,485.0
NABIL,9/11/2019,765.0,772.0,765.0,772.0,0.39,4673.0,581.0,485.0
NABIL,9/12/2019,770.0,771.0,765.0,770.0,-0.26,10514.0,581.0,485.0
NABIL,9/15/2019,770.0,775.0,759.0,759.0,-1.43,6359.0,581.0,485.0
NABIL,9/16/2019,756.0,756.0,742.0,742.0,-2.24,10591.0,581.0,485.0
NABIL,9/17/2019,745.0,772.0,745.0,750.0,1.08,10137.0,581.0,485.0
NABIL,9/18/2019,765.0,780.0,762.0,775.0,3.33,7924.0,581.0,485.0
NABIL,9/19/2019,784.0,784.0,772.0,775.0,0.0,6481.0,581.0,485.0
NABIL,9/22/2019,768.0,770.0,762.0,765.0,-1.29,7591.0,581.0,485.0
NABIL,9/23/2019,761.0,768.0,760.0,760.0,-0.65,6194.0,581.0,485.0
NABIL,9/24/2019,760.0,760.0,757.0,760.0,0.0,7998.0,581.0,485.0
NABIL,9/25/2019,760.0,765.0,759.0,759.0,-0.13,3910.0,581.0,485.0
NABIL,9/26/2019,760.0,762.0,755.0,759.0,0.0,3989.0,581.0,485.0
NABIL,9/29/2019,760.0,760.0,751.0,752.0,-0.92,3598.0,581.0,485.0
NABIL,9/30/2019,760.0,760.0,754.0,760.0,1.06,4706.0,581.0,485.0
NABIL,10/1/2019,763.0,777.0,761.0,772.0,1.58,2719.0,581.0,485.0
NABIL,10/2/2019,777.0,780.0,770.0,772.0,0.0,4486.0,581.0,485.0
NABIL,10/3/2019,778.0,778.0,769.0,769.0,-0.39,5226.0,581.0,485.0
NABIL,10/10/2019,765.0,773.0,765.0,770.0,0.13,728.0,581.0,485.0
NABIL,10/14/2019,770.0,770.0,757.0,765.0,-0.65,16518.0,581.0,485.0
NABIL,10/15/2019,765.0,765.0,760.0,763.0,-0.26,4973.0,581.0,485.0
NABIL,10/16/2019,768.0,768.0,754.0,762.0,-0.13,4902.0,581.0,485.0
NABIL,10/17/2019,762.0,765.0,759.0,760.0,-0.26,8157.0,581.0,485.0
NABIL,10/20/2019,766.0,766.0,756.0,757.0,-0.39,4145.0,581.0,485.0
NABIL,10/21/2019,757.0,764.0,755.0,758.0,0.13,6056.0,581.0,485.0
NABIL,10/22/2019,758.0,762.0,754.0,756.0,-0.26,17493.0,581.0,485.0
NABIL,10/23/2019,756.0,765.0,756.0,762.0,0.79,3122.0,581.0,485.0
NABIL,10/24/2019,765.0,768.0,755.0,768.0,0.79,8808.0,581.0,485.0
NABIL,10/31/2019,768.0,768.0,753.0,761.0,-0.91,6352.0,581.0,485.0
NABIL,11/3/2019,760.0,760.0,752.0,760.0,-0.13,8041.0,581.0,485.0
NABIL,11/4/2019,764.0,780.0,762.0,768.0,1.05,25965.0,581.0,485.0
NABIL,11/5/2019,775.0,777.0,763.0,770.0,0.26,16182.0,581.0,485.0
NABIL,11/6/2019,774.0,774.0,765.0,768.0,-0.26,13493.0,581.0,485.0
NABIL,11/7/2019,772.0,772.0,755.0,755.0,-1.69,23312.0,581.0,485.0
NABIL,11/10/2019,760.0,763.0,753.0,755.0,0.0,10153.0,581.0,485.0
NABIL,11/11/2019,759.0,765.0,750.0,753.0,-0.26,15505.0,581.0,485.0
NABIL,11/12/2019,760.0,760.0,749.0,750.0,-0.4,21447.0,581.0,485.0
NABIL,11/13/2019,750.0,755.0,750.0,750.0,0.0,6681.0,581.0,485.0
NABIL,11/14/2019,750.0,754.0,749.0,749.0,-0.13,3797.0,581.0,485.0
NABIL,11/17/2019,753.0,755.0,745.0,755.0,0.8,7383.0,581.0,485.0
NABIL,11/18/2019,755.0,756.0,750.0,755.0,0.0,23592.0,581.0,485.0
NABIL,11/19/2019,755.0,755.0,750.0,753.0,-0.26,18207.0,581.0,485.0
NABIL,11/20/2019,755.0,760.0,750.0,750.0,-0.4,29088.0,581.0,485.0
NABIL,11/21/2019,750.0,750.0,739.0,740.0,-1.33,7681.0,581.0,485.0
NABIL,11/24/2019,739.0,742.0,730.0,730.0,-1.35,12391.0,581.0,485.0
NABIL,11/25/2019,731.0,732.0,727.0,730.0,0.0,10567.0,581.0,485.0
NABIL,11/26/2019,726.0,735.0,725.0,730.0,0.0,8682.0,581.0,485.0
NABIL,11/27/2019,731.0,735.0,729.0,732.0,0.27,18463.0,581.0,485.0
NABIL,11/28/2019,732.0,733.0,724.0,725.0,-0.96,15634.0,581.0,485.0
NABIL,12/1/2019,725.0,730.0,723.0,723.0,-0.28,24232.0,581.0,485.0
NABIL,12/2/2019,726.0,726.0,723.0,725.0,0.28,6572.0,581.0,485.0
NABIL,12/3/2019,728.0,730.0,725.0,725.0,0.0,9589.0,581.0,485.0
NABIL,12/4/2019,727.0,729.0,725.0,725.0,0.0,9772.0,581.0,485.0
NABIL,12/5/2019,730.0,737.0,728.0,730.0,0.69,13130.0,581.0,485.0
NABIL,12/8/2019,739.0,739.0,725.0,729.0,-0.14,11013.0,581.0,485.0
NABIL,12/9/2019,730.0,749.0,730.0,736.0,0.96,5466.0,581.0,485.0
NABIL,12/10/2019,736.0,745.0,736.0,743.0,0.95,4466.0,581.0,485.0
NABIL,12/11/2019,745.0,750.0,743.0,747.0,0.54,8847.0,581.0,485.0
NABIL,12/12/2019,750.0,751.0,744.0,749.0,0.27,16206.0,581.0,485.0
NABIL,12/15/2019,755.0,755.0,744.0,744.0,-0.67,16928.0,581.0,485.0
NABIL,12/16/2019,750.0,750.0,737.0,737.0,-0.94,11742.0,581.0,485.0
NABIL,12/17/2019,746.0,747.0,739.0,743.0,0.81,9416.0,581.0,485.0
NABIL,12/18/2019,748.0,750.0,742.0,748.0,0.67,15298.0,581.0,485.0
NABIL,12/19/2019,749.0,755.0,749.0,753.0,0.67,15015.0,581.0,485.0
NABIL,12/22/2019,755.0,760.0,750.0,756.0,0.4,34362.0,581.0,485.0
NABIL,12/23/2019,760.0,762.0,750.0,750.0,-0.79,66023.0,581.0,485.0
NABIL,12/24/2019,662.0,670.0,660.0,667.0,-11.07,22863.0,581.0,485.0
NABIL,12/25/2019,665.0,669.0,665.0,669.0,0.3,12220.0,581.0,485.0
NABIL,12/26/2019,667.0,677.0,665.0,676.0,1.05,14538.0,581.0,485.0
NABIL,12/29/2019,678.0,679.0,673.0,674.0,-0.3,14830.0,581.0,485.0
NABIL,12/30/2019,673.0,687.0,673.0,675.0,0.15,17063.0,581.0,485.0
NABIL,12/31/2019,679.0,682.0,676.0,681.0,0.89,15116.0,581.0,485.0
NABIL,1/1/2020,683.0,690.0,680.0,690.0,1.32,10882.0,581.0,485.0
NABIL,1/2/2020,688.0,690.0,684.0,685.0,-0.72,20018.0,581.0,485.0
NABIL,1/5/2020,690.0,699.0,690.0,697.0,1.75,17152.0,581.0,485.0
NABIL,1/6/2020,700.0,715.0,700.0,713.0,2.3,23487.0,581.0,485.0
NABIL,1/7/2020,725.0,734.0,719.0,722.0,1.26,24397.0,581.0,485.0
NABIL,1/8/2020,725.0,725.0,715.0,721.0,-0.14,17879.0,581.0,485.0
NABIL,1/9/2020,711.0,723.0,711.0,716.0,-0.69,9624.0,581.0,485.0
NABIL,1/12/2020,722.0,728.0,720.0,726.0,1.4,30359.0,581.0,485.0
NABIL,1/13/2020,735.0,749.0,726.0,730.0,0.55,40571.0,581.0,485.0
NABIL,1/14/2020,735.0,735.0,716.0,730.0,0.0,12535.0,581.0,485.0
NABIL,1/15/2020,735.0,743.0,733.0,740.0,1.37,11175.0,581.0,485.0
NABIL,1/16/2020,740.0,759.0,740.0,751.0,1.49,26914.0,581.0,485.0
NABIL,1/19/2020,760.0,766.0,757.0,764.0,1.73,22863.0,581.0,485.0
NABIL,1/20/2020,779.0,780.0,755.0,761.0,-0.39,25615.0,581.0,485.0
NABIL,1/21/2020,767.0,767.0,749.0,755.0,-0.79,18428.0,581.0,485.0
NABIL,1/22/2020,750.0,756.0,745.0,745.0,-1.32,12755.0,581.0,485.0
NABIL,1/23/2020,745.0,745.0,722.0,727.0,-2.42,19663.0,581.0,485.0
NABIL,1/26/2020,727.0,727.0,709.0,712.0,-2.06,20914.0,581.0,485.0
NABIL,1/27/2020,712.0,729.0,706.0,720.0,1.12,17628.0,581.0,485.0
NABIL,1/28/2020,734.0,735.0,725.0,725.0,0.69,15203.0,581.0,485.0
NABIL,1/29/2020,727.0,732.0,721.0,724.0,-0.14,10541.0,581.0,485.0
NABIL,1/30/2020,724.0,737.0,724.0,736.0,1.66,14728.0,581.0,485.0
NABIL,2/2/2020,740.0,754.0,740.0,752.0,2.17,37634.0,581.0,485.0
NABIL,2/3/2020,757.0,758.0,733.0,738.0,-1.86,33172.0,581.0,485.0
NABIL,2/4/2020,741.0,744.0,732.0,739.0,0.14,27241.0,581.0,485.0
NABIL,2/5/2020,739.0,739.0,734.0,734.0,-0.68,20827.0,581.0,485.0
NABIL,2/6/2020,735.0,740.0,726.0,726.0,-1.09,15362.0,581.0,485.0
NABIL,2/9/2020,732.0,732.0,720.0,721.0,-0.69,18422.0,581.0,485.0
NABIL,2/10/2020,725.0,727.0,716.0,720.0,-0.14,23380.0,581.0,485.0
NABIL,2/11/2020,716.0,730.0,715.0,723.0,0.42,27491.0,581.0,485.0
NABIL,2/12/2020,729.0,729.0,721.0,722.0,-0.14,11735.0,581.0,485.0
NABIL,2/13/2020,725.0,727.0,721.0,723.0,0.14,16258.0,581.0,485.0
NABIL,2/16/2020,726.0,726.0,719.0,724.0,0.14,17985.0,581.0,485.0
NABIL,2/17/2020,738.0,757.0,728.0,750.0,3.59,51893.0,581.0,485.0
NABIL,2/18/2020,764.0,765.0,744.0,753.0,0.4,47604.0,581.0,485.0
NABIL,2/19/2020,752.0,753.0,746.0,751.0,-0.27,23379.0,581.0,485.0
NABIL,2/20/2020,752.0,755.0,746.0,755.0,0.53,21585.0,581.0,485.0
NABIL,2/23/2020,758.0,804.0,758.0,790.0,4.64,65129.0,581.0,485.0
NABIL,2/24/2020,805.0,821.0,791.0,800.0,1.27,93540.0,581.0,485.0
NABIL,2/25/2020,805.0,814.0,779.0,814.0,1.75,37640.0,581.0,485.0
NABIL,2/26/2020,830.0,875.0,828.0,870.0,6.88,83212.0,581.0,485.0
NABIL,2/27/2020,861.0,955.0,845.0,955.0,9.77,167082.0,581.0,485.0
NABIL,3/1/2020,965.0,1000.0,936.0,940.0,-1.57,163043.0,581.0,485.0
NABIL,3/2/2020,926.0,939.0,850.0,850.0,-9.57,68203.0,581.0,485.0
NABIL,3/3/2020,835.0,910.0,815.0,888.0,4.47,150206.0,581.0,485.0
NABIL,3/4/2020,888.0,888.0,838.0,847.0,-4.62,107177.0,581.0,485.0
NABIL,3/5/2020,831.0,852.0,813.0,840.0,-0.83,78904.0,581.0,485.0
NABIL,3/10/2020,824.0,824.0,776.0,776.0,-7.62,60824.0,581.0,485.0
NABIL,3/11/2020,791.0,822.0,766.0,815.0,5.03,83501.0,581.0,485.0
NABIL,3/12/2020,831.0,831.0,784.0,790.0,-3.07,65403.0,581.0,485.0
NABIL,3/15/2020,780.0,787.0,748.0,750.0,-5.06,70304.0,581.0,485.0
NABIL,3/16/2020,741.0,764.0,723.0,750.0,0.0,55501.0,581.0,485.0
NABIL,3/17/2020,765.0,765.0,721.0,731.0,-2.53,46620.0,581.0,485.0
NABIL,3/18/2020,731.0,739.0,700.0,715.0,-2.19,43913.0,581.0,485.0
NABIL,3/19/2020,701.0,740.0,690.0,730.0,2.1,55806.0,581.0,485.0
NABIL,3/22/2020,744.0,744.0,700.0,701.0,-3.97,15101.0,581.0,485.0
NABIL,5/12/2020,687.0,687.0,680.0,680.0,-3.0,2295.0,581.0,485.0
NABIL,5/13/2020,667.0,667.0,660.0,660.0,-2.94,435.0,581.0,485.0
NABIL,6/29/2020,627.0,659.0,594.0,660.0,0.0,40720.0,581.0,485.0
NABIL,6/30/2020,670.0,726.0,670.0,725.0,9.85,8769.0,581.0,485.0
NABIL,7/1/2020,725.0,770.0,725.0,770.0,6.21,15536.0,581.0,485.0
NABIL,7/2/2020,785.0,785.0,702.0,720.0,-6.49,21024.0,581.0,485.0
NABIL,7/5/2020,722.0,734.0,699.0,729.0,1.25,59244.0,581.0,485.0
NABIL,7/6/2020,725.0,740.0,715.0,737.0,1.1,32963.0,581.0,485.0
NABIL,7/7/2020,750.0,751.0,740.0,744.0,0.95,41752.0,581.0,485.0
NABIL,7/8/2020,752.0,756.0,730.0,741.0,-0.4,30143.0,581.0,485.0
NABIL,7/9/2020,745.0,749.0,725.0,742.0,0.13,30119.0,581.0,485.0
NABIL,7/12/2020,756.0,770.0,746.0,747.0,0.67,27529.0,581.0,485.0
NABIL,7/13/2020,761.0,769.0,741.0,742.0,-0.67,28339.0,581.0,485.0
NABIL,7/14/2020,756.0,760.0,742.0,745.0,0.4,29973.0,581.0,485.0
NABIL,7/15/2020,750.0,765.0,744.0,765.0,2.68,43439.0,581.0,485.0
NABIL,7/16/2020,775.0,790.0,774.0,790.0,3.27,38787.0,581.0,485.0
NABIL,7/19/2020,805.0,869.0,805.0,869.0,10.0,711.0,581.0,485.0
NABIL,7/20/2020,912.0,955.0,816.0,879.0,1.15,118430.0,581.0,485.0
NABIL,7/21/2020,885.0,886.0,857.0,865.0,-1.59,69536.0,581.0,485.0
NABIL,7/22/2020,860.0,875.0,846.0,846.0,-2.2,51597.0,581.0,485.0
NABIL,7/23/2020,846.0,854.0,831.0,850.0,0.47,55386.0,581.0,485.0
NABIL,7/26/2020,860.0,870.0,853.0,861.0,1.29,58534.0,581.0,485.0
NABIL,7/27/2020,870.0,882.0,860.0,860.0,-0.12,104636.0,581.0,485.0
NABIL,7/28/2020,872.0,872.0,854.0,854.0,-0.7,51916.0,581.0,485.0
NABIL,7/29/2020,855.0,855.0,840.0,845.0,-1.05,45527.0,581.0,485.0
NABIL,7/30/2020,842.0,854.0,840.0,851.0,0.71,41463.0,581.0,485.0
NABIL,8/2/2020,840.0,850.0,820.0,820.0,-3.64,63388.0,581.0,485.0
NABIL,8/3/2020,809.0,828.0,808.0,824.0,0.49,42609.0,581.0,485.0
NABIL,8/5/2020,824.0,824.0,810.0,819.0,-0.61,49182.0,581.0,485.0
NABIL,8/6/2020,859.0,859.0,801.0,814.0,-0.61,21551.0,581.0,485.0
NABIL,8/9/2020,815.0,815.0,800.0,813.0,-0.12,36927.0,581.0,485.0
NABIL,8/10/2020,825.0,840.0,810.0,832.0,2.34,47830.0,581.0,485.0
NABIL,8/11/2020,847.0,847.0,825.0,830.0,-0.24,29776.0,581.0,485.0
NABIL,8/12/2020,844.0,844.0,821.0,836.0,0.72,23975.0,581.0,485.0
NABIL,8/13/2020,877.0,877.0,820.0,825.0,-1.32,36200.0,581.0,485.0
NABIL,8/16/2020,835.0,835.0,810.0,822.0,-0.36,29088.0,581.0,485.0
NABIL,8/17/2020,822.0,824.0,815.0,822.0,0.0,16623.0,581.0,485.0
NABIL,8/18/2020,833.0,840.0,824.0,830.0,0.97,20561.0,581.0,485.0
NABIL,8/19/2020,815.0,825.0,814.0,822.0,-0.96,17216.0,581.0,485.0
NABIL,8/20/2020,812.0,822.0,812.0,817.0,-0.61,10175.0,581.0,485.0
NABIL,8/23/2020,824.0,824.0,814.0,824.0,0.86,14020.0,581.0,485.0
NABIL,8/24/2020,833.0,835.0,825.0,830.0,0.73,22795.0,581.0,485.0
NABIL,8/25/2020,839.0,840.0,823.0,830.0,0.0,23396.0,581.0,485.0
NABIL,8/26/2020,839.0,850.0,830.0,841.0,1.33,44021.0,581.0,485.0
NABIL,8/27/2020,841.0,855.0,841.0,845.0,0.48,23000.0,581.0,485.0
NABIL,8/30/2020,850.0,850.0,835.0,839.0,-0.71,11698.0,581.0,485.0
NABIL,8/31/2020,840.0,846.0,832.0,839.0,0.0,49117.0,581.0,485.0
NABIL,9/2/2020,839.0,866.0,839.0,858.0,2.26,68044.0,581.0,485.0
NABIL,9/3/2020,861.0,864.0,843.0,860.0,0.23,54696.0,581.0,485.0
NABIL,9/6/2020,903.0,903.0,854.0,855.0,-0.58,56147.0,581.0,485.0
NABIL,9/7/2020,863.0,863.0,842.0,849.0,-0.7,19865.0,581.0,485.0
NABIL,9/8/2020,858.0,858.0,840.0,846.0,-0.35,21968.0,581.0,485.0
NABIL,9/9/2020,846.0,846.0,839.0,844.0,-0.24,36262.0,581.0,485.0
NABIL,9/10/2020,849.0,868.0,835.0,845.0,0.12,26842.0,581.0,485.0
NABIL,9/13/2020,855.0,855.0,845.0,849.0,0.47,32164.0,581.0,485.0
NABIL,9/14/2020,855.0,870.0,852.0,856.0,0.82,33179.0,581.0,485.0
NABIL,9/15/2020,860.0,864.0,853.0,856.0,0.0,31304.0,581.0,485.0
NABIL,9/16/2020,858.0,858.0,850.0,853.0,-0.35,15690.0,581.0,485.0
NABIL,9/17/2020,853.0,865.0,851.0,859.0,0.7,33660.0,581.0,485.0
NABIL,9/20/2020,876.0,895.0,870.0,880.0,2.44,72747.0,581.0,485.0
NABIL,9/21/2020,892.0,892.0,876.0,883.0,0.34,61628.0,581.0,485.0
NABIL,9/22/2020,888.0,890.0,870.0,871.0,-1.36,51572.0,581.0,485.0
NABIL,9/23/2020,866.0,877.0,866.0,874.0,0.34,30912.0,581.0,485.0
NABIL,9/24/2020,866.0,877.0,866.0,875.0,0.11,23476.0,581.0,485.0
NABIL,9/27/2020,880.0,883.0,870.0,874.0,-0.11,23447.0,581.0,485.0
NABIL,9/28/2020,885.0,885.0,868.0,871.0,-0.34,17676.0,581.0,485.0
NABIL,9/29/2020,875.0,875.0,862.0,864.0,-0.8,20446.0,581.0,485.0
NABIL,9/30/2020,864.0,875.0,857.0,859.0,-0.58,22250.0,581.0,485.0
NABIL,10/1/2020,860.0,869.0,860.0,867.0,0.93,30640.0,581.0,485.0
NABIL,10/4/2020,890.0,895.0,875.0,880.0,1.5,52843.0,581.0,485.0
NABIL,10/5/2020,885.0,889.0,872.0,876.0,-0.45,22147.0,581.0,485.0
NABIL,10/6/2020,878.0,885.0,872.0,877.0,0.11,18761.0,581.0,485.0
NABIL,10/7/2020,880.0,882.0,868.0,872.0,-0.57,26029.0,581.0,485.0
NABIL,10/8/2020,880.0,882.0,866.0,869.0,-0.34,27048.0,581.0,485.0
NABIL,10/11/2020,868.0,870.0,864.0,866.0,-0.35,24647.0,581.0,485.0
NABIL,10/12/2020,860.0,865.0,860.0,864.0,-0.23,19390.0,581.0,485.0
NABIL,10/13/2020,865.0,865.0,861.0,864.0,0.0,15218.0,581.0,485.0
NABIL,10/14/2020,864.0,865.0,859.0,860.0,-0.46,29183.0,581.0,485.0
NABIL,10/15/2020,817.0,872.0,817.0,860.0,0.0,25564.0,581.0,485.0
NABIL,10/18/2020,860.0,874.0,859.0,859.0,-0.12,18801.0,581.0,485.0
NABIL,10/19/2020,860.0,868.0,860.0,863.0,0.47,11314.0,581.0,485.0
NABIL,10/20/2020,865.0,872.0,862.0,868.0,0.58,11628.0,581.0,485.0
NABIL,10/21/2020,870.0,884.0,870.0,880.0,1.38,30592.0,581.0,485.0
NABIL,10/22/2020,890.0,893.0,880.0,885.0,0.57,46895.0,581.0,485.0
NABIL,10/28/2020,895.0,903.0,892.0,903.0,2.03,59283.0,581.0,485.0
NABIL,10/29/2020,948.0,948.0,898.0,902.0,-0.11,51398.0,581.0,485.0
NABIL,11/1/2020,902.0,902.0,890.0,894.0,-0.89,40311.0,581.0,485.0
NABIL,11/2/2020,891.0,897.0,884.0,886.0,-0.89,29989.0,581.0,485.0
NABIL,11/3/2020,897.0,897.0,884.0,888.0,0.23,15950.0,581.0,485.0
NABIL,11/4/2020,885.0,890.0,884.0,888.0,0.0,20507.0,581.0,485.0
NABIL,11/5/2020,890.0,890.0,875.0,880.0,-0.9,34927.0,581.0,485.0
NABIL,11/8/2020,880.0,880.0,864.0,870.0,-1.14,72463.0,581.0,485.0
NABIL,11/9/2020,866.0,872.0,858.0,862.0,-0.92,90972.0,581.0,485.0
NABIL,11/10/2020,870.0,890.0,865.0,879.0,1.97,29034.0,581.0,485.0
NABIL,11/11/2020,896.0,896.0,872.0,883.0,0.46,41751.0,581.0,485.0
NABIL,11/12/2020,890.0,891.0,883.0,887.0,0.45,36591.0,581.0,485.0
NABIL,11/18/2020,890.0,905.0,888.0,901.0,1.58,61321.0,581.0,485.0
NABIL,11/19/2020,906.0,953.0,900.0,905.0,0.44,94311.0,581.0,485.0
NABIL,11/22/2020,920.0,985.0,920.0,965.0,6.63,229261.0,581.0,485.0
NABIL,11/23/2020,970.0,994.0,969.0,978.0,1.35,75761.0,581.0,485.0
NABIL,11/24/2020,1000.0,1000.0,960.0,972.0,-0.61,58491.0,581.0,485.0
NABIL,11/25/2020,981.0,1039.0,972.0,1038.0,6.79,295613.0,581.0,485.0
NABIL,11/26/2020,1050.0,1141.0,1050.0,1130.0,8.86,343732.0,581.0,485.0
NABIL,11/29/2020,1150.0,1200.0,1141.0,1185.0,4.87,283683.0,581.0,485.0
NABIL,11/30/2020,1244.0,1244.0,1150.0,1159.0,-2.19,196359.0,581.0,485.0
NABIL,12/1/2020,1150.0,1165.0,1115.0,1119.0,-3.45,177245.0,581.0,485.0
NABIL,12/2/2020,1120.0,1147.0,1096.0,1125.0,0.54,205216.0,581.0,485.0
NABIL,12/3/2020,1106.0,1196.0,1106.0,1140.0,1.33,159437.0,581.0,485.0
NABIL,12/6/2020,1123.0,1145.0,1078.0,1078.0,-5.44,161986.0,581.0,485.0
NABIL,12/7/2020,1070.0,1147.0,1057.0,1118.0,3.71,164879.0,581.0,485.0
NABIL,12/8/2020,1140.0,1162.0,1115.0,1124.0,0.54,113499.0,581.0,485.0
NABIL,12/9/2020,1125.0,1135.0,1095.0,1101.0,-2.05,77270.0,581.0,485.0
NABIL,12/10/2020,1115.0,1127.0,1094.0,1120.0,1.73,86977.0,581.0,485.0
NABIL,12/13/2020,1064.0,1165.0,1064.0,1159.0,3.48,110589.0,581.0,485.0
NABIL,12/14/2020,1172.0,1248.0,1160.0,1227.0,5.87,273113.0,581.0,485.0
NABIL,12/15/2020,1210.0,1293.0,1202.0,1240.0,1.06,161533.0,581.0,485.0
NABIL,12/16/2020,1240.0,1254.0,1200.0,1248.0,0.65,149009.0,581.0,485.0
NABIL,12/17/2020,1250.0,1255.0,1228.0,1235.0,-1.04,101916.0,581.0,485.0
NABIL,12/20/2020,1240.0,1246.0,1175.0,1207.0,-2.27,323547.0,581.0,485.0
NABIL,12/21/2020,1180.0,1236.0,1160.0,1231.0,1.99,263971.0,581.0,485.0
NABIL,12/22/2020,1292.0,1354.0,1292.0,1354.0,9.99,48213.0,581.0,485.0
NABIL,12/23/2020,1400.0,1489.0,1400.0,1489.0,9.97,187508.0,581.0,485.0
NABIL,12/24/2020,1550.0,1550.0,1403.0,1425.0,-4.3,425873.0,581.0,485.0
NABIL,12/27/2020,1425.0,1450.0,1381.0,1384.0,-2.88,290409.0,581.0,485.0
NABIL,12/28/2020,1380.0,1395.0,1360.0,1379.0,-0.36,176237.0,581.0,485.0
NABIL,12/29/2020,1380.0,1400.0,1380.0,1386.0,0.51,381895.0,581.0,485.0
NABIL,12/30/2020,1080.0,1108.0,1048.0,1101.0,-20.56,240703.0,581.0,485.0
NABIL,12/31/2020,1110.0,1130.0,1100.0,1100.0,-0.09,126022.0,581.0,485.0
NABIL,1/3/2021,1100.0,1130.0,1080.0,1125.0,2.27,152668.0,581.0,485.0
NABIL,1/4/2021,1135.0,1136.0,1102.0,1111.0,-1.24,91228.0,581.0,485.0
NABIL,1/5/2021,1111.0,1118.0,1095.0,1097.0,-1.26,90991.0,581.0,485.0
NABIL,1/6/2021,1097.0,1104.0,1086.0,1096.0,-0.09,76530.0,581.0,485.0
NABIL,1/7/2021,1042.0,1112.0,1042.0,1091.0,-0.46,77627.0,581.0,485.0
NABIL,1/10/2021,1095.0,1134.0,1095.0,1126.0,3.21,182457.0,581.0,485.0
NABIL,1/11/2021,1182.0,1182.0,1120.0,1125.0,-0.09,67113.0,581.0,485.0
NABIL,1/12/2021,1081.0,1150.0,1081.0,1140.0,1.33,78962.0,581.0,485.0
NABIL,1/13/2021,1130.0,1147.0,1130.0,1132.0,-0.7,48737.0,581.0,485.0
NABIL,1/17/2021,1140.0,1140.0,1117.0,1128.0,-0.35,54196.0,581.0,485.0
NABIL,1/18/2021,1180.0,1180.0,1115.0,1128.0,0.0,79293.0,581.0,485.0
NABIL,1/19/2021,1180.0,1180.0,1112.0,1117.0,-0.98,65561.0,581.0,485.0
NABIL,1/20/2021,1172.0,1172.0,1100.0,1103.0,-1.25,85123.0,581.0,485.0
NABIL,1/21/2021,1100.0,1110.0,1095.0,1109.0,0.54,108401.0,581.0,485.0
NABIL,1/24/2021,1120.0,1139.0,1109.0,1115.0,0.54,128981.0,581.0,485.0
NABIL,1/25/2021,1115.0,1205.0,1110.0,1176.0,5.47,287254.0,581.0,485.0
NABIL,1/26/2021,1190.0,1194.0,1165.0,1168.0,-0.68,133717.0,581.0,485.0
NABIL,1/27/2021,1126.0,1186.0,1126.0,1182.0,1.2,97355.0,581.0,485.0
NABIL,1/28/2021,1182.0,1182.0,1129.0,1145.0,-3.13,143020.0,581.0,485.0
NABIL,1/31/2021,1088.0,1145.0,1088.0,1110.0,-3.06,114576.0,581.0,485.0
NABIL,2/1/2021,1065.0,1151.0,1065.0,1120.0,0.9,60104.0,581.0,485.0
NABIL,2/2/2021,1130.0,1140.0,1120.0,1129.0,0.8,79207.0,581.0,485.0
NABIL,2/3/2021,1150.0,1160.0,1110.0,1120.0,-0.8,110383.0,581.0,485.0
NABIL,2/4/2021,1150.0,1150.0,1111.0,1116.0,-0.36,82322.0,581.0,485.0
NABIL,2/7/2021,1116.0,1125.0,1111.0,1114.0,-0.18,121996.0,581.0,485.0
NABIL,2/8/2021,1130.0,1180.0,1115.0,1165.0,4.58,292168.0,581.0,485.0
NABIL,2/9/2021,1107.0,1197.0,1107.0,1160.0,-0.43,181209.0,581.0,485.0
NABIL,2/10/2021,1160.0,1189.0,1152.0,1176.0,1.38,130150.0,581.0,485.0
NABIL,2/11/2021,1180.0,1250.0,1170.0,1213.0,3.15,317291.0,581.0,485.0
NABIL,2/14/2021,1230.0,1242.0,1200.0,1221.0,0.66,168891.0,581.0,485.0
NABIL,2/15/2021,1230.0,1328.0,1230.0,1321.0,8.19,524258.0,581.0,485.0
NABIL,2/16/2021,1330.0,1386.0,1324.0,1365.0,3.33,399457.0,581.0,485.0
NABIL,2/17/2021,1433.0,1433.0,1350.0,1391.0,1.9,295552.0,581.0,485.0
NABIL,2/18/2021,1400.0,1405.0,1358.0,1367.0,-1.73,188406.0,581.0,485.0
NABIL,2/21/2021,1435.0,1435.0,1335.0,1355.0,-0.88,186705.0,581.0,485.0
NABIL,2/22/2021,1360.0,1360.0,1319.0,1319.0,-2.66,182067.0,581.0,485.0
NABIL,2/23/2021,1300.0,1344.0,1286.0,1335.0,1.21,285817.0,581.0,485.0
NABIL,2/24/2021,1350.0,1375.0,1330.0,1350.0,1.12,143200.0,581.0,485.0
NABIL,2/25/2021,1360.0,1377.0,1314.0,1322.0,-2.07,163157.0,581.0,485.0
NABIL,2/28/2021,1322.0,1325.0,1287.0,1296.0,-1.97,176137.0,581.0,485.0
NABIL,3/1/2021,1259.0,1315.0,1259.0,1314.0,1.39,102909.0,581.0,485.0
NABIL,3/2/2021,1320.0,1323.0,1250.0,1274.0,-3.04,133848.0,581.0,485.0
NABIL,3/3/2021,1258.0,1270.0,1226.0,1244.0,-2.35,152652.0,581.0,485.0
NABIL,3/4/2021,1268.0,1314.0,1260.0,1300.0,4.5,155720.0,581.0,485.0
NABIL,3/7/2021,1300.0,1305.0,1271.0,1285.0,-1.15,67034.0,581.0,485.0
NABIL,3/9/2021,1300.0,1300.0,1264.0,1275.0,-0.78,81515.0,581.0,485.0
NABIL,3/10/2021,1338.0,1338.0,1252.0,1255.0,-1.57,69416.0,581.0,485.0
NABIL,3/14/2021,1250.0,1250.0,1205.0,1215.0,-3.19,169858.0,581.0,485.0
NABIL,3/15/2021,1208.0,1226.0,1190.0,1205.0,-0.82,163239.0,581.0,485.0
NABIL,3/16/2021,1145.0,1225.0,1145.0,1207.0,0.17,115007.0,581.0,485.0
NABIL,3/17/2021,1215.0,1224.0,1200.0,1219.0,0.99,96573.0,581.0,485.0
NABIL,3/18/2021,1279.0,1279.0,1215.0,1243.0,1.97,91022.0,581.0,485.0
NABIL,3/21/2021,1250.0,1274.0,1250.0,1259.0,1.29,110107.0,581.0,485.0
NABIL,3/22/2021,1271.0,1295.0,1238.0,1244.0,-1.19,93451.0,581.0,485.0
NABIL,3/23/2021,1245.0,1245.0,1229.0,1234.0,-0.8,55201.0,581.0,485.0
NABIL,3/24/2021,1250.0,1257.0,1230.0,1239.0,0.41,53495.0,581.0,485.0
NABIL,3/25/2021,1246.0,1255.0,1221.0,1227.0,-0.97,57130.0,581.0,485.0
NABIL,3/29/2021,1227.0,1243.0,1227.0,1232.0,0.41,51438.0,581.0,485.0
NABIL,3/30/2021,1232.0,1240.0,1230.0,1236.0,0.32,97016.0,581.0,485.0
NABIL,3/31/2021,1239.0,1305.0,1238.0,1294.0,4.69,187475.0,581.0,485.0
NABIL,4/1/2021,1294.0,1318.0,1280.0,1283.0,-0.85,108284.0,581.0,485.0
NABIL,4/4/2021,1347.0,1347.0,1293.0,1316.0,2.57,188377.0,581.0,485.0
NABIL,4/5/2021,1315.0,1332.0,1303.0,1315.0,-0.08,117881.0,581.0,485.0
NABIL,4/6/2021,1314.0,1324.0,1300.0,1311.0,-0.3,103143.0,581.0,485.0
NABIL,4/7/2021,1310.0,1334.0,1310.0,1317.0,0.46,104059.0,581.0,485.0
NABIL,4/8/2021,1325.0,1339.0,1316.0,1330.0,0.99,136914.0,581.0,485.0
NABIL,4/12/2021,1335.0,1360.0,1320.0,1348.0,1.35,183552.0,581.0,485.0
NABIL,4/13/2021,1281.0,1381.0,1281.0,1380.0,2.37,209373.0,581.0,485.0
NABIL,4/15/2021,1449.0,1449.0,1350.0,1370.0,-0.72,168272.0,581.0,485.0
NABIL,4/18/2021,1370.0,1370.0,1330.0,1335.0,-2.55,173619.0,581.0,485.0
NABIL,4/19/2021,1369.0,1369.0,1310.0,1318.0,-1.27,142149.0,581.0,485.0
NABIL,4/20/2021,1318.0,1344.0,1305.0,1315.0,-0.23,120001.0,581.0,485.0
NABIL,4/21/2021,1380.0,1380.0,1290.0,1295.0,-1.52,109757.0,581.0,485.0
NABIL,4/22/2021,1295.0,1307.0,1280.0,1298.0,0.23,125239.0,581.0,485.0
NABIL,4/25/2021,1361.0,1361.0,1255.0,1270.0,-2.16,165129.0,581.0,485.0
NABIL,4/26/2021,1250.0,1281.0,1230.0,1231.0,-3.07,156529.0,581.0,485.0
NABIL,4/27/2021,1231.0,1280.0,1231.0,1278.0,3.82,107440.0,581.0,485.0
NABIL,4/28/2021,1225.0,1300.0,1225.0,1264.0,-1.1,84413.0,581.0,485.0
NABIL,4/29/2021,1266.0,1275.0,1257.0,1270.0,0.47,75819.0,581.0,485.0
NABIL,5/2/2021,1295.0,1295.0,1265.0,1275.0,0.39,93567.0,581.0,485.0
NABIL,5/3/2021,1300.0,1304.0,1275.0,1284.0,0.71,117310.0,581.0,485.0
NABIL,5/4/2021,1299.0,1299.0,1271.0,1274.0,-0.78,80193.0,581.0,485.0
NABIL,5/5/2021,1290.0,1290.0,1265.0,1266.0,-0.63,67433.0,581.0,485.0
NABIL,5/6/2021,1273.0,1273.0,1260.0,1265.0,-0.08,60497.0,581.0,485.0
NABIL,5/9/2021,1265.0,1274.0,1250.0,1259.0,-0.47,94346.0,581.0,485.0
NABIL,5/10/2021,1264.0,1273.0,1255.0,1260.0,0.08,67445.0,581.0,485.0
NABIL,5/11/2021,1256.0,1274.0,1256.0,1265.0,0.4,95404.0,581.0,485.0
NABIL,5/12/2021,1265.0,1275.0,1259.0,1262.0,-0.24,94423.0,581.0,485.0
NABIL,5/13/2021,1270.0,1270.0,1260.0,1267.0,0.4,76245.0,581.0,485.0
NABIL,5/16/2021,1265.0,1300.0,1265.0,1288.0,1.66,165718.0,581.0,485.0
NABIL,5/17/2021,1299.0,1320.0,1299.0,1308.0,1.55,103727.0,581.0,485.0
NABIL,5/18/2021,1373.0,1373.0,1304.0,1308.0,0.0,73064.0,581.0,485.0
NABIL,5/19/2021,1373.0,1373.0,1290.0,1302.0,-0.46,103756.0,581.0,485.0
NABIL,5/20/2021,1340.0,1340.0,1282.0,1300.0,-0.15,65407.0,581.0,485.0
NABIL,5/23/2021,1275.0,1313.0,1275.0,1312.0,0.92,107284.0,581.0,485.0
NABIL,5/24/2021,1377.0,1377.0,1310.0,1320.0,0.61,127131.0,581.0,485.0
NABIL,5/25/2021,1286.0,1329.0,1286.0,1306.0,-1.06,85759.0,581.0,485.0
NABIL,5/27/2021,1300.0,1302.0,1282.0,1294.0,-0.92,108286.0,581.0,485.0
NABIL,5/30/2021,1294.0,1316.0,1294.0,1300.0,0.46,90621.0,581.0,485.0
NABIL,5/31/2021,1300.0,1312.0,1282.0,1285.0,-1.15,123090.0,581.0,485.0
NABIL,6/1/2021,1285.0,1295.0,1276.0,1292.0,0.54,110156.0,581.0,485.0
NABIL,6/2/2021,1356.0,1356.0,1286.0,1293.0,0.08,60397.0,581.0,485.0
NABIL,6/3/2021,1255.0,1321.0,1255.0,1309.0,1.24,175139.0,581.0,485.0
NABIL,6/6/2021,1374.0,1374.0,1320.0,1330.0,1.6,193387.0,581.0,485.0
NABIL,6/7/2021,1350.0,1350.0,1308.0,1316.0,-1.05,148222.0,581.0,485.0
NABIL,6/8/2021,1307.0,1321.0,1307.0,1315.0,-0.08,120498.0,581.0,485.0
NABIL,6/9/2021,1380.0,1380.0,1289.0,1310.0,-0.38,148864.0,581.0,485.0
NABIL,6/10/2021,1326.0,1326.0,1299.0,1304.0,-0.46,132428.0,581.0,485.0
NABIL,6/13/2021,1305.0,1312.0,1300.0,1304.0,0.0,142630.0,581.0,485.0
NABIL,6/14/2021,1304.0,1330.0,1301.0,1309.0,0.38,176408.0,581.0,485.0
NABIL,6/15/2021,1374.0,1374.0,1295.0,1312.0,0.23,110411.0,581.0,485.0
NABIL,6/16/2021,1312.0,1340.0,1303.0,1308.0,-0.3,94402.0,581.0,485.0
NABIL,6/17/2021,1308.0,1315.0,1300.0,1309.0,0.08,92288.0,581.0,485.0
NABIL,6/20/2021,1312.0,1312.0,1290.0,1297.0,-0.92,117221.0,581.0,485.0
NABIL,6/21/2021,1300.0,1304.0,1284.0,1285.0,-0.93,129080.0,581.0,485.0
NABIL,6/22/2021,1285.0,1300.0,1280.0,1298.0,1.01,106023.0,581.0,485.0
NABIL,6/23/2021,1362.0,1362.0,1288.0,1291.0,-0.54,94681.0,581.0,485.0
NABIL,6/24/2021,1300.0,1300.0,1280.0,1286.0,-0.39,80446.0,581.0,485.0
NABIL,6/27/2021,1250.0,1306.0,1250.0,1298.0,0.93,81126.0,581.0,485.0
NABIL,6/28/2021,1334.0,1334.0,1297.0,1302.0,0.31,66695.0,581.0,485.0
NABIL,6/29/2021,1310.0,1310.0,1295.0,1296.0,-0.46,62112.0,581.0,485.0
NABIL,6/30/2021,1232.0,1315.0,1232.0,1296.0,0.0,69882.0,581.0,485.0
NABIL,7/1/2021,1296.0,1305.0,1293.0,1297.0,0.08,41519.0,581.0,485.0
NABIL,7/4/2021,1300.0,1305.0,1296.0,1298.0,0.08,47249.0,581.0,485.0
NABIL,7/5/2021,1360.0,1360.0,1295.0,1297.0,-0.08,46953.0,581.0,485.0
NABIL,7/6/2021,1261.0,1303.0,1261.0,1301.0,0.31,68703.0,581.0,485.0
NABIL,7/7/2021,1309.0,1309.0,1297.0,1299.0,-0.15,66773.0,581.0,485.0
NABIL,7/8/2021,1350.0,1350.0,1297.0,1317.0,1.39,90493.0,581.0,485.0
NABIL,7/11/2021,1317.0,1353.0,1317.0,1345.0,2.13,192294.0,581.0,485.0
NABIL,7/12/2021,1400.0,1400.0,1324.0,1338.0,-0.52,162964.0,581.0,485.0
NABIL,7/13/2021,1275.0,1355.0,1275.0,1347.0,0.67,136946.0,581.0,485.0
NABIL,7/14/2021,1350.0,1358.0,1330.0,1349.0,0.15,101853.0,581.0,485.0
NABIL,7/15/2021,1350.0,1361.0,1349.0,1359.0,0.74,87922.0,581.0,485.0
NABIL,7/18/2021,1368.0,1440.0,1368.0,1440.0,5.96,272476.0,581.0,485.0
NABIL,7/19/2021,1468.0,1493.0,1450.0,1451.0,0.76,226566.0,581.0,485.0
NABIL,7/20/2021,1480.0,1490.0,1430.0,1454.0,0.21,113294.0,581.0,485.0
NABIL,7/22/2021,1454.0,1463.0,1449.0,1459.0,0.34,147151.0,581.0,485.0
NABIL,7/25/2021,1488.0,1500.0,1470.0,1499.5,2.78,171727.0,581.0,485.0
NABIL,7/26/2021,1500.0,1515.0,1480.0,1492.0,-0.5,196175.0,581.0,485.0
NABIL,7/27/2021,1462.2,1500.0,1433.0,1489.0,-0.2,211397.0,581.0,485.0
NABIL,7/28/2021,1500.0,1500.0,1480.0,1482.0,-0.47,84254.0,581.0,485.0
NABIL,7/29/2021,1482.0,1490.0,1475.1,1477.0,-0.34,80443.0,581.0,485.0
NABIL,8/1/2021,1494.0,1494.0,1466.5,1480.0,0.2,75284.0,581.0,485.0
NABIL,8/2/2021,1480.0,1495.0,1479.5,1487.0,0.47,59355.0,581.0,485.0
NABIL,8/3/2021,1500.0,1500.0,1485.0,1490.0,0.2,58914.0,581.0,485.0
NABIL,8/4/2021,1500.0,1500.0,1488.0,1488.9,-0.07,63649.0,581.0,485.0
NABIL,8/5/2021,1490.0,1499.0,1482.1,1488.0,-0.06,54477.0,581.0,485.0
NABIL,8/8/2021,1489.0,1503.0,1488.0,1494.0,0.4,88896.0,581.0,485.0
NABIL,8/9/2021,1499.0,1499.0,1490.0,1494.0,0.0,51624.0,581.0,485.0
NABIL,8/10/2021,1496.0,1522.0,1490.0,1512.0,1.2,131079.0,581.0,485.0
NABIL,8/11/2021,1520.0,1540.0,1512.2,1514.0,0.13,76570.0,581.0,485.0
NABIL,8/12/2021,1520.0,1530.0,1515.0,1519.0,0.33,61561.0,581.0,485.0
NABIL,8/15/2021,1520.0,1525.0,1475.0,1505.0,-0.92,247612.0,581.0,485.0
NABIL,8/16/2021,1535.0,1560.0,1499.0,1507.4,0.16,201928.0,581.0,485.0
NABIL,8/17/2021,1518.0,1518.0,1489.0,1495.0,-0.82,216309.0,581.0,485.0
NABIL,8/18/2021,1500.0,1505.0,1485.0,1495.0,0.0,119338.0,581.0,485.0
NABIL,8/19/2021,1500.0,1501.0,1485.0,1490.0,-0.33,106885.0,581.0,485.0
NABIL,8/24/2021,1499.0,1499.0,1477.0,1477.0,-0.87,108363.0,581.0,485.0
NABIL,8/25/2021,1479.0,1479.0,1448.0,1459.0,-1.22,120921.0,581.0,485.0
NABIL,8/26/2021,1460.0,1480.1,1441.0,1450.0,-0.62,159476.0,581.0,485.0
NABIL,8/29/2021,1430.0,1469.0,1413.0,1433.0,-1.17,183055.0,581.0,485.0
NABIL,8/31/2021,1433.0,1433.0,1402.0,1419.0,-0.98,126285.0,581.0,485.0
NABIL,9/1/2021,1435.0,1446.0,1408.0,1420.0,0.07,124665.0,581.0,485.0
NABIL,9/2/2021,1420.5,1440.0,1414.0,1418.0,-0.14,105395.0,581.0,485.0
NABIL,9/5/2021,1420.0,1420.0,1372.0,1388.0,-2.12,177307.0,581.0,485.0
NABIL,9/6/2021,1390.0,1445.0,1380.0,1442.0,3.89,134284.0,581.0,485.0
NABIL,9/7/2021,1455.0,1470.0,1419.0,1429.9,-0.84,79191.0,581.0,485.0
NABIL,9/8/2021,1429.9,1430.0,1404.0,1415.0,-1.04,59583.0,581.0,485.0
NABIL,9/9/2021,1410.0,1420.0,1410.0,1410.0,-0.35,70348.0,581.0,485.0
NABIL,9/12/2021,1415.0,1447.0,1410.0,1440.0,2.13,75225.0,581.0,485.0
NABIL,9/13/2021,1468.8,1482.0,1440.0,1455.0,1.04,210616.0,581.0,485.0
NABIL,9/14/2021,1473.0,1473.0,1445.0,1453.0,-0.14,46726.0,581.0,485.0
NABIL,9/15/2021,1470.0,1470.0,1440.0,1445.0,-0.55,37192.0,581.0,485.0
NABIL,9/16/2021,1430.0,1440.0,1408.0,1424.5,-1.42,108701.0,581.0,485.0
NABIL,9/20/2021,1432.0,1440.0,1380.0,1393.0,-2.21,132043.0,581.0,485.0
NABIL,9/21/2021,1393.0,1415.0,1345.0,1389.0,-0.29,148677.0,581.0,485.0
NABIL,9/22/2021,1415.0,1425.0,1400.0,1424.4,2.55,79284.0,581.0,485.0
NABIL,9/23/2021,1441.1,1455.0,1430.0,1438.0,0.95,136670.0,581.0,485.0
NABIL,9/26/2021,1450.0,1465.0,1427.0,1431.0,-0.49,116113.0,581.0,485.0
NABIL,9/27/2021,1435.0,1435.0,1403.0,1415.0,-1.12,47830.0,581.0,485.0
NABIL,9/28/2021,1415.0,1415.0,1380.0,1395.0,-1.41,86659.0,581.0,485.0
NABIL,9/29/2021,1420.0,1420.0,1379.0,1408.0,0.93,58596.0,581.0,485.0
NABIL,9/30/2021,1413.0,1419.0,1401.0,1407.0,-0.07,47037.0,581.0,485.0
NABIL,10/3/2021,1429.9,1429.9,1393.0,1395.0,-0.85,55819.0,581.0,485.0
NABIL,10/4/2021,1392.0,1407.0,1370.0,1397.0,0.14,60200.0,581.0,485.0
NABIL,10/5/2021,1410.0,1410.0,1394.0,1410.0,0.93,44358.0,581.0,485.0
NABIL,10/6/2021,1410.0,1453.0,1410.0,1444.9,2.48,57353.0,581.0,485.0
NABIL,10/10/2021,1462.6,1500.0,1462.6,1474.0,2.01,77855.0,581.0,485.0
NABIL,10/11/2021,1503.0,1503.0,1439.9,1450.0,-1.63,118043.0,581.0,485.0
NABIL,10/17/2021,1479.0,1507.0,1465.0,1482.0,2.21,56389.0,581.0,485.0
NABIL,10/18/2021,1482.0,1482.0,1448.0,1468.0,-0.94,67707.0,581.0,485.0
NABIL,10/19/2021,1448.0,1450.0,1420.1,1431.0,-2.52,77881.0,581.0,485.0
NABIL,10/20/2021,1459.6,1479.0,1430.0,1460.0,2.03,65244.0,581.0,485.0
NABIL,10/21/2021,1460.0,1480.0,1447.0,1471.0,0.75,65682.0,581.0,485.0
NABIL,10/24/2021,1472.0,1479.0,1462.0,1470.9,-0.01,54884.0,581.0,485.0
NABIL,10/25/2021,1500.3,1500.3,1470.3,1497.0,1.77,78485.0,581.0,485.0
NABIL,10/26/2021,1505.5,1578.0,1498.0,1569.0,4.81,225327.0,581.0,485.0
NABIL,10/27/2021,1569.0,1620.0,1559.0,1606.0,2.36,270557.0,581.0,485.0
NABIL,10/28/2021,1610.0,1619.0,1595.0,1598.0,-0.5,141749.0,581.0,485.0
NABIL,10/31/2021,1600.0,1629.9,1573.0,1580.0,-1.13,176045.0,581.0,485.0
NABIL,11/1/2021,1580.0,1620.0,1551.0,1620.0,2.53,215086.0,581.0,485.0
NABIL,11/2/2021,1650.0,1650.0,1594.0,1608.0,-0.74,131659.0,581.0,485.0
NABIL,11/3/2021,1640.1,1740.0,1640.1,1653.0,2.8,705430.0,581.0,485.0
NABIL,11/8/2021,1660.0,1660.0,1605.0,1614.7,-2.32,186984.0,581.0,485.0
NABIL,11/9/2021,1614.7,1614.7,1570.0,1579.0,-2.21,188332.0,581.0,485.0
NABIL,11/11/2021,1579.0,1580.0,1540.0,1550.0,-1.84,199932.0,581.0,485.0
NABIL,11/14/2021,1570.0,1575.0,1540.0,1548.0,-0.13,107590.0,581.0,485.0
NABIL,11/15/2021,1552.0,1576.0,1540.0,1540.0,-0.52,104146.0,581.0,485.0
NABIL,11/16/2021,1550.0,1565.0,1546.1,1559.0,1.23,74044.0,581.0,485.0
NABIL,11/17/2021,1570.0,1570.0,1548.0,1556.0,-0.19,99187.0,581.0,485.0
NABIL,11/18/2021,1587.1,1587.1,1546.0,1547.0,-0.58,89460.0,581.0,485.0
NABIL,11/21/2021,1560.0,1565.0,1538.0,1544.0,-0.19,75509.0,581.0,485.0
NABIL,11/22/2021,1544.0,1554.9,1540.0,1546.0,0.13,80745.0,581.0,485.0
NABIL,11/23/2021,1550.0,1550.0,1532.0,1537.0,-0.58,62286.0,581.0,485.0
NABIL,11/24/2021,1545.0,1550.0,1527.0,1545.0,0.52,54975.0,581.0,485.0
NABIL,11/25/2021,1547.0,1550.0,1535.0,1538.0,-0.45,64950.0,581.0,485.0
NABIL,11/28/2021,1538.0,1538.0,1520.0,1523.0,-0.98,85621.0,581.0,485.0
NABIL,11/29/2021,1523.0,1530.0,1508.0,1526.0,0.2,60022.0,581.0,485.0
NABIL,11/30/2021,1535.0,1535.0,1518.7,1521.0,-0.33,52965.0,581.0,485.0
NABIL,12/1/2021,1535.3,1535.3,1523.0,1524.2,0.21,36610.0,581.0,485.0
NABIL,12/2/2021,1524.2,1530.0,1509.0,1512.0,-0.8,60311.0,581.0,485.0
NABIL,12/5/2021,1514.0,1514.0,1471.0,1474.0,-2.51,108142.0,581.0,485.0
NABIL,12/6/2021,1445.0,1495.0,1415.0,1485.0,0.75,118177.0,581.0,485.0
NABIL,12/7/2021,1513.9,1514.0,1475.0,1475.0,-0.67,60813.0,581.0,485.0
NABIL,12/8/2021,1475.0,1480.0,1450.0,1456.8,-1.23,47379.0,581.0,485.0
NABIL,12/9/2021,1456.0,1459.0,1434.0,1452.9,-0.27,56323.0,581.0,485.0
NABIL,12/12/2021,1453.0,1453.0,1420.5,1421.0,-2.2,80982.0,581.0,485.0
NABIL,12/13/2021,1421.0,1421.0,1364.0,1366.1,-3.86,130695.0,581.0,485.0
NABIL,12/14/2021,1393.0,1460.0,1380.0,1460.0,6.87,64277.0,581.0,485.0
NABIL,12/15/2021,1460.0,1500.0,1412.0,1450.0,-0.68,90423.0,581.0,485.0
NABIL,12/16/2021,1450.0,1460.0,1421.0,1430.0,-1.38,43538.0,581.0,485.0
NABIL,12/20/2021,1439.9,1439.9,1412.0,1420.0,-0.7,58668.0,581.0,485.0
NABIL,12/21/2021,1423.0,1452.5,1423.0,1452.5,2.29,98889.0,581.0,485.0
NABIL,12/22/2021,1460.0,1492.0,1455.0,1485.0,2.24,79765.0,581.0,485.0
NABIL,12/23/2021,1494.0,1499.0,1471.0,1485.0,0.0,51892.0,581.0,485.0
NABIL,12/26/2021,1514.7,1570.8,1506.0,1524.0,2.63,209837.0,581.0,485.0
NABIL,12/27/2021,1549.0,1550.0,1485.0,1499.0,-1.64,201767.0,581.0,485.0
NABIL,12/28/2021,1500.0,1500.0,1479.2,1480.0,-1.27,170269.0,581.0,485.0
NABIL,12/29/2021,1499.0,1500.0,1450.0,1450.0,-2.03,326139.0,581.0,485.0
NABIL,1/2/2022,1107.0,1151.5,1086.0,1144.0,-21.1,263845.0,581.0,485.0
NABIL,1/3/2022,1150.0,1160.0,1137.0,1137.0,-0.61,130041.0,581.0,485.0
NABIL,1/4/2022,1137.0,1139.0,1117.2,1119.0,-1.58,116739.0,581.0,485.0
NABIL,1/5/2022,1122.0,1138.0,1110.0,1111.9,-0.63,75462.0,581.0,485.0
NABIL,1/6/2022,1111.0,1123.0,1099.6,1114.0,0.19,67780.0,581.0,485.0
NABIL,1/9/2022,1120.0,1129.0,1110.0,1113.0,-0.09,126780.0,581.0,485.0
NABIL,1/10/2022,1113.0,1119.9,1106.1,1111.3,-0.15,120640.0,581.0,485.0
NABIL,1/11/2022,1112.0,1117.0,1105.5,1114.8,0.31,102845.0,581.0,485.0
NABIL,1/12/2022,1120.0,1120.0,1107.0,1107.0,-0.7,105760.0,581.0,485.0
NABIL,1/13/2022,1110.0,1112.0,1104.0,1110.0,0.27,92618.0,581.0,485.0
NABIL,1/16/2022,1120.0,1147.0,1110.0,1140.0,2.7,176667.0,581.0,485.0
NABIL,1/17/2022,1162.0,1179.0,1140.0,1178.9,3.41,113189.0,581.0,485.0
NABIL,1/18/2022,1180.0,1209.0,1180.0,1190.0,0.94,116223.0,581.0,485.0
NABIL,1/19/2022,1213.0,1213.0,1170.1,1177.0,-1.09,73385.0,581.0,485.0
NABIL,1/20/2022,1182.0,1182.0,1160.0,1178.0,0.08,47782.0,581.0,485.0
NABIL,1/23/2022,1178.0,1178.0,1155.0,1161.0,-1.44,79765.0,581.0,485.0
NABIL,1/24/2022,1165.0,1165.0,1125.0,1127.0,-2.93,96165.0,581.0,485.0
NABIL,1/25/2022,1135.0,1145.0,1110.0,1129.1,0.19,52041.0,581.0,485.0
NABIL,1/26/2022,1129.0,1134.9,1115.0,1121.0,-0.72,61217.0,581.0,485.0
NABIL,1/27/2022,1121.0,1130.0,1115.0,1117.0,-0.36,56308.0,581.0,485.0
NABIL,1/30/2022,1139.0,1139.0,1127.1,1135.0,1.61,59027.0,581.0,485.0
NABIL,1/31/2022,1149.0,1149.0,1125.0,1127.0,-0.7,38126.0,581.0,485.0
NABIL,2/1/2022,1129.9,1129.9,1119.3,1121.1,-0.52,54175.0,581.0,485.0
NABIL,2/3/2022,1141.5,1143.5,1121.0,1122.0,0.08,61153.0,581.0,485.0
NABIL,2/6/2022,1130.0,1130.0,1108.5,1109.0,-1.16,71516.0,581.0,485.0
NABIL,2/7/2022,1112.0,1112.0,1106.0,1109.0,0.0,68960.0,581.0,485.0
NABIL,2/8/2022,1128.0,1129.0,1106.0,1107.0,-0.18,51383.0,581.0,485.0
NABIL,2/9/2022,1110.0,1110.0,1098.0,1100.9,-0.55,59639.0,581.0,485.0
NABIL,2/10/2022,1101.0,1101.0,1095.0,1097.1,-0.35,62380.0,581.0,485.0
NABIL,2/13/2022,1095.0,1095.0,1069.0,1070.0,-2.47,87909.0,581.0,485.0
NABIL,2/14/2022,1070.0,1079.0,1064.0,1064.0,-0.56,68303.0,581.0,485.0
NABIL,2/15/2022,1085.0,1085.0,1066.1,1075.0,1.03,53230.0,581.0,485.0
NABIL,2/16/2022,1096.0,1096.0,1070.3,1080.0,0.47,46381.0,581.0,485.0
NABIL,2/17/2022,1081.0,1094.0,1070.0,1079.0,-0.09,34444.0,581.0,485.0
NABIL,2/20/2022,1070.0,1075.0,1045.0,1062.0,-1.58,61489.0,581.0,485.0
NABIL,2/21/2022,1070.0,1073.0,1063.0,1067.0,0.47,39297.0,581.0,485.0
NABIL,2/22/2022,1080.0,1080.0,1069.0,1070.5,0.33,41743.0,581.0,485.0
NABIL,2/23/2022,1084.0,1085.0,1065.0,1067.5,-0.28,29641.0,581.0,485.0
NABIL,2/24/2022,1065.0,1067.0,1048.0,1051.0,-1.55,72385.0,581.0,485.0
NABIL,2/27/2022,1051.0,1051.0,1040.0,1041.0,-0.95,43253.0,581.0,485.0
NABIL,2/28/2022,1050.0,1059.0,1037.0,1040.0,-0.1,45316.0,581.0,485.0
NABIL,3/2/2022,1040.0,1048.0,1000.0,1006.0,-3.27,74636.0,581.0,485.0
NABIL,3/6/2022,985.9,1020.0,985.9,1002.9,-0.31,64365.0,581.0,485.0
NABIL,3/7/2022,1010.0,1012.0,1000.0,1011.9,0.9,47036.0,581.0,485.0
NABIL,3/9/2022,1020.0,1020.0,1006.0,1007.9,-0.4,35691.0,581.0,485.0
NABIL,3/10/2022,988.7,1018.0,988.7,1018.0,1.0,31958.0,581.0,485.0
NABIL,3/13/2022,1036.0,1080.0,1034.0,1079.0,5.99,57510.0,581.0,485.0
NABIL,3/14/2022,1100.0,1100.5,1081.0,1092.0,1.2,23711.0,581.0,485.0
NABIL,3/15/2022,1100.0,1100.0,1075.0,1079.0,-1.19,44505.0,581.0,485.0
NABIL,3/16/2022,1079.0,1089.0,1060.0,1064.0,-1.39,25272.0,581.0,485.0
NABIL,3/20/2022,1080.0,1080.0,1055.3,1060.0,-0.38,28034.0,581.0,485.0
NABIL,3/21/2022,1075.0,1075.0,1046.0,1052.0,-0.75,32178.0,581.0,485.0
NABIL,3/22/2022,1060.0,1065.0,1048.1,1050.0,-0.19,35572.0,581.0,485.0
NABIL,3/23/2022,1060.0,1060.0,1043.0,1047.0,-0.29,29498.0,581.0,485.0
NABIL,3/24/2022,1057.0,1057.0,1036.0,1040.0,-0.67,34482.0,581.0,485.0
NABIL,3/27/2022,1055.0,1055.0,1017.0,1020.0,-1.92,37321.0,581.0,485.0
NABIL,3/28/2022,1029.0,1029.0,1010.0,1017.0,-0.29,36394.0,581.0,485.0
NABIL,3/29/2022,1000.1,1030.0,1000.1,1009.0,-0.79,53395.0,581.0,485.0
NABIL,3/30/2022,995.0,1006.0,993.0,1006.0,-0.3,101034.0,581.0,485.0
NABIL,3/31/2022,1015.0,1019.9,1000.0,1002.0,-0.4,62677.0,581.0,485.0
NABIL,4/3/2022,1010.1,1010.1,995.0,997.0,-0.5,42507.0,581.0,485.0
NABIL,4/4/2022,1000.0,1002.0,995.0,997.0,0.0,56895.0,581.0,485.0
NABIL,4/5/2022,1000.0,1000.0,982.0,984.0,-1.3,87147.0,581.0,485.0
NABIL,4/6/2022,982.0,990.0,963.0,965.0,-1.93,69199.0,581.0,485.0
NABIL,4/7/2022,965.1,976.0,964.0,969.0,0.41,76197.0,581.0,485.0
NABIL,4/11/2022,980.0,995.0,970.0,971.0,0.21,70697.0,581.0,485.0
NABIL,4/12/2022,990.0,990.0,958.1,960.0,-1.13,45151.0,581.0,485.0
NABIL,4/13/2022,970.0,972.0,953.0,971.0,1.15,35450.0,581.0,485.0
NABIL,4/17/2022,980.0,990.0,970.0,971.0,0.0,35787.0,581.0,485.0
NABIL,4/18/2022,972.0,977.0,955.0,956.0,-1.54,51642.0,581.0,485.0
NABIL,4/19/2022,950.0,961.0,935.0,949.0,-0.73,66610.0,581.0,485.0
NABIL,4/20/2022,949.0,950.0,936.0,940.0,-0.95,37902.0,581.0,485.0
NABIL,4/21/2022,945.0,949.0,918.2,935.0,-0.53,55028.0,581.0,485.0
NABIL,4/24/2022,941.0,951.5,930.0,951.5,1.76,47975.0,581.0,485.0
NABIL,4/25/2022,965.0,980.0,936.0,940.9,-1.11,54841.0,581.0,485.0
NABIL,4/26/2022,940.9,947.0,936.0,937.9,-0.32,27496.0,581.0,485.0
NABIL,4/27/2022,939.0,944.6,929.2,934.9,-0.32,34974.0,581.0,485.0
NABIL,4/28/2022,934.0,947.0,927.0,928.0,-0.74,43224.0,581.0,485.0
NABIL,5/2/2022,937.5,937.5,916.5,920.0,-0.86,39086.0,581.0,485.0
NABIL,5/4/2022,920.0,925.0,899.0,909.0,-1.2,37775.0,581.0,485.0
NABIL,5/5/2022,910.0,915.0,900.0,901.9,-0.78,50023.0,581.0,485.0
NABIL,5/8/2022,900.0,910.0,880.0,889.0,-1.43,46835.0,581.0,485.0
NABIL,5/9/2022,889.0,907.0,889.0,896.5,0.84,40948.0,581.0,485.0
NABIL,5/10/2022,912.0,912.0,897.0,909.7,1.47,40752.0,581.0,485.0
NABIL,5/11/2022,915.0,938.0,915.0,933.0,2.56,37027.0,581.0,485.0
NABIL,5/12/2022,949.7,951.0,930.0,930.0,-0.32,54739.0,581.0,485.0
NABIL,5/17/2022,930.0,935.0,908.0,910.0,-2.15,26873.0,581.0,485.0
NABIL,5/18/2022,915.0,918.0,905.3,914.0,0.44,24747.0,581.0,485.0
NABIL,5/19/2022,929.0,929.0,896.0,908.0,-0.66,29333.0,581.0,485.0
NABIL,5/20/2022,901.0,915.0,900.0,906.0,-0.22,25594.0,581.0,485.0
NABIL,5/23/2022,906.0,941.0,898.0,899.0,-0.77,45910.0,581.0,485.0
NABIL,5/24/2022,900.0,905.0,897.0,897.1,-0.21,33616.0,581.0,485.0
NABIL,5/25/2022,915.0,915.0,898.0,900.0,0.32,38263.0,581.0,485.0
NABIL,5/26/2022,918.0,918.0,897.0,898.6,-0.16,39717.0,581.0,485.0
NABIL,5/27/2022,900.0,900.0,896.0,898.0,-0.07,39790.0,581.0,485.0
NABIL,5/30/2022,900.0,901.0,881.0,890.0,-0.89,44382.0,581.0,485.0
NABIL,5/31/2022,890.0,890.0,865.0,875.0,-1.69,45502.0,581.0,485.0
NABIL,6/1/2022,876.0,883.0,866.0,867.0,-0.91,32984.0,581.0,485.0
NABIL,6/2/2022,883.9,883.9,858.0,861.9,-0.59,36911.0,581.0,485.0
NABIL,6/3/2022,855.0,871.9,843.0,845.0,-1.96,43168.0,581.0,485.0
NABIL,6/6/2022,845.0,860.5,837.9,846.0,0.12,41330.0,581.0,485.0
NABIL,6/7/2022,850.0,853.0,830.0,831.5,-1.71,34581.0,581.0,485.0
NABIL,6/8/2022,828.1,855.0,828.0,843.0,1.38,43083.0,581.0,485.0
NABIL,6/9/2022,855.0,864.0,846.0,846.4,0.4,45493.0,581.0,485.0
NABIL,6/10/2022,850.0,855.0,840.0,848.1,0.2,26409.0,581.0,485.0
NABIL,6/13/2022,850.0,850.0,844.8,846.0,-0.25,27758.0,581.0,485.0
NABIL,6/14/2022,846.0,846.0,834.0,838.5,-0.89,38169.0,581.0,485.0
NABIL,6/15/2022,838.0,838.0,810.0,825.0,-1.61,33494.0,581.0,485.0
NABIL,6/16/2022,821.0,833.0,815.0,825.0,0.0,30303.0,581.0,485.0
NABIL,6/17/2022,835.0,835.0,817.0,817.0,-0.97,16582.0,581.0,485.0
NABIL,6/19/2022,817.0,820.5,814.0,816.0,-0.12,49808.0,581.0,485.0
NABIL,6/20/2022,814.0,814.0,793.0,794.9,-2.59,51029.0,581.0,485.0
NABIL,6/21/2022,795.0,799.0,783.0,792.0,-0.36,54464.0,581.0,485.0
NABIL,6/22/2022,799.0,799.9,778.0,782.0,-1.26,43206.0,581.0,485.0
NABIL,6/23/2022,775.0,777.0,748.0,749.0,-4.22,73119.0,581.0,485.0
NABIL,6/24/2022,749.0,750.0,726.0,740.0,-1.2,32412.0,581.0,485.0
NABIL,6/26/2022,754.8,780.0,750.0,775.0,4.73,88020.0,581.0,485.0
NABIL,6/27/2022,790.0,810.0,775.0,780.0,0.65,89874.0,581.0,485.0
NABIL,6/28/2022,794.0,794.0,765.0,778.0,-0.26,35763.0,581.0,485.0
NABIL,6/29/2022,780.0,799.0,770.0,795.0,2.19,28748.0,581.0,485.0
NABIL,6/30/2022,800.0,835.0,800.0,835.0,5.03,46615.0,581.0,485.0
NABIL,7/1/2022,850.0,866.0,833.0,856.0,2.51,42203.0,581.0,485.0
NABIL,7/3/2022,856.0,890.0,856.0,889.0,3.86,71068.0,581.0,485.0
NABIL,7/4/2022,900.0,916.0,893.8,895.0,0.67,114314.0,581.0,485.0
NABIL,7/5/2022,895.0,900.0,860.1,872.0,-2.57,50999.0,581.0,485.0
NABIL,7/6/2022,885.0,889.0,837.0,864.0,-0.92,58061.0,581.0,485.0
NABIL,7/7/2022,864.0,886.0,844.0,845.0,-2.2,51271.0,581.0,485.0
NABIL,7/8/2022,845.0,847.0,825.5,826.0,-2.25,30318.0,581.0,485.0
NABIL,7/11/2022,831.0,831.0,792.0,792.0,-4.12,69864.0,581.0,485.0
NABIL,7/12/2022,796.0,804.9,787.0,796.9,0.62,42720.0,581.0,485.0
NABIL,7/13/2022,800.0,812.0,798.0,811.0,1.77,59513.0,581.0,485.0
NABIL,7/14/2022,826.0,841.2,808.5,817.0,0.74,54640.0,581.0,485.0
NABIL,7/15/2022,829.9,829.9,817.0,824.0,0.86,22065.0,581.0,485.0
NABIL,7/17/2022,828.0,835.0,821.0,830.0,0.73,28983.0,581.0,485.0
NABIL,7/18/2022,832.0,837.0,825.0,832.0,0.24,29302.0,581.0,485.0
NABIL,7/19/2022,844.9,845.0,832.0,838.0,0.72,48099.0,581.0,485.0
NABIL,7/20/2022,847.2,850.0,836.0,845.0,0.84,32488.0,581.0,485.0
NABIL,7/21/2022,847.0,859.8,841.0,855.0,1.18,36824.0,581.0,485.0
NABIL,7/22/2022,855.0,855.0,836.0,839.9,-1.77,26240.0,581.0,485.0
NABIL,7/24/2022,853.0,866.0,848.0,860.0,2.39,41717.0,581.0,485.0
NABIL,7/25/2022,870.9,888.8,870.0,885.0,2.91,53131.0,581.0,485.0
NABIL,7/26/2022,895.0,895.0,865.5,866.0,-2.15,49899.0,581.0,485.0
NABIL,7/27/2022,866.0,870.0,853.0,866.0,0.0,43850.0,581.0,485.0
NABIL,7/28/2022,880.0,880.0,865.0,866.0,0.0,43396.0,581.0,485.0
NABIL,7/29/2022,866.0,880.0,865.0,869.9,0.45,17497.0,581.0,485.0
NABIL,7/31/2022,879.0,882.0,871.0,881.0,1.28,52796.0,581.0,485.0
NABIL,8/1/2022,894.9,897.5,880.0,881.9,0.1,47675.0,581.0,485.0
NABIL,8/2/2022,881.0,884.0,870.0,877.0,-0.56,27948.0,581.0,485.0
NABIL,8/3/2022,880.0,883.0,859.1,862.0,-1.71,93835.0,581.0,485.0
NABIL,8/4/2022,879.2,879.2,850.0,850.0,-1.39,37325.0,581.0,485.0
NABIL,8/5/2022,850.0,850.0,817.0,819.7,-3.56,171702.0,581.0,485.0
NABIL,8/7/2022,819.7,828.0,802.0,817.0,-0.33,156363.0,581.0,485.0
NABIL,8/8/2022,820.0,821.0,800.0,803.0,-1.71,134201.0,581.0,485.0
NABIL,8/9/2022,808.0,808.0,787.2,788.1,-1.86,130944.0,581.0,485.0
NABIL,8/10/2022,787.0,796.0,781.0,790.0,0.24,82028.0,581.0,485.0
NABIL,8/11/2022,800.0,804.0,790.0,793.0,0.38,56771.0,581.0,485.0
NABIL,8/14/2022,800.0,800.0,787.0,789.0,-0.5,56155.0,581.0,485.0
NABIL,8/15/2022,793.0,799.4,789.0,799.4,1.32,52346.0,581.0,485.0
NABIL,8/16/2022,806.9,808.0,798.0,799.0,-0.05,49399.0,581.0,485.0
NABIL,8/17/2022,799.0,801.0,793.0,794.5,-0.56,53622.0,581.0,485.0
NABIL,8/18/2022,800.0,805.0,795.0,802.0,0.94,51320.0,581.0,485.0
NABIL,8/21/2022,802.0,815.0,800.0,801.0,-0.12,44730.0,581.0,485.0
NABIL,8/22/2022,805.0,806.0,795.0,799.0,-0.25,46726.0,581.0,485.0
NABIL,8/23/2022,800.0,803.0,797.0,801.9,0.36,29742.0,581.0,485.0
NABIL,8/24/2022,806.0,810.0,800.0,802.0,0.01,38238.0,581.0,485.0
NABIL,8/25/2022,808.0,809.9,799.0,800.0,-0.25,40361.0,581.0,485.0
NABIL,8/26/2022,800.0,802.0,795.0,795.9,-0.51,19821.0,581.0,485.0
NABIL,8/28/2022,795.0,799.9,790.0,793.5,-0.3,55498.0,581.0,485.0
NABIL,8/29/2022,793.0,798.0,782.0,790.0,-0.44,35660.0,581.0,485.0
NABIL,8/30/2022,789.0,795.0,783.0,789.5,-0.06,56298.0,581.0,485.0
NABIL,8/31/2022,790.0,798.0,785.5,786.0,-0.44,35820.0,581.0,485.0
NABIL,9/1/2022,790.0,791.0,781.0,784.0,-0.25,42923.0,581.0,485.0
NABIL,9/2/2022,786.0,790.0,781.0,784.9,0.11,55803.0,581.0,485.0
NABIL,9/4/2022,783.0,789.9,777.0,779.9,-0.64,80710.0,581.0,485.0
NABIL,9/5/2022,785.0,785.0,775.0,776.1,-0.49,58697.0,581.0,485.0
NABIL,9/6/2022,784.0,784.0,768.0,768.0,-1.04,73282.0,581.0,485.0
NABIL,9/7/2022,767.0,771.0,763.0,763.2,-0.62,33333.0,581.0,485.0
NABIL,9/8/2022,764.0,765.0,758.0,760.0,-0.42,44066.0,581.0,485.0
NABIL,9/11/2022,760.0,767.0,755.0,759.0,-0.13,41713.0,581.0,485.0
NABIL,9/12/2022,755.0,761.0,748.3,755.0,-0.53,54259.0,581.0,485.0
NABIL,9/13/2022,765.0,772.0,751.0,770.0,1.99,77706.0,581.0,485.0
NABIL,9/14/2022,775.0,802.0,774.0,799.0,3.77,82172.0,581.0,485.0
NABIL,9/15/2022,812.0,812.8,779.0,781.0,-2.25,58510.0,581.0,485.0
NABIL,9/16/2022,768.0,779.9,761.0,772.0,-1.15,38993.0,581.0,485.0
NABIL,9/18/2022,780.0,780.0,762.7,764.0,-1.04,44695.0,581.0,485.0
NABIL,9/20/2022,765.0,769.0,749.2,749.5,-1.9,62804.0,581.0,485.0
NABIL,9/21/2022,752.0,768.2,750.0,762.1,1.68,44522.0,581.0,485.0
NABIL,9/22/2022,765.0,770.0,755.0,759.0,-0.41,33966.0,581.0,485.0
NABIL,9/25/2022,759.0,759.0,746.0,752.9,-0.8,57127.0,581.0,485.0
NABIL,9/27/2022,750.0,776.0,750.0,770.0,2.27,34179.0,581.0,485.0
NABIL,9/28/2022,777.0,777.0,767.0,767.0,-0.39,34948.0,581.0,485.0
NABIL,9/29/2022,777.0,780.0,769.0,780.0,1.69,37569.0,581.0,485.0
NABIL,10/9/2022,781.7,808.0,781.7,807.0,3.46,44112.0,581.0,485.0
NABIL,10/10/2022,823.1,823.1,793.8,797.0,-1.24,59995.0,581.0,485.0
NABIL,10/11/2022,800.0,800.0,788.0,792.0,-0.63,39129.0,581.0,485.0
NABIL,10/12/2022,797.0,797.0,787.2,794.0,0.25,30352.0,581.0,485.0
NABIL,10/13/2022,794.0,804.0,790.0,796.0,0.25,42798.0,581.0,485.0
NABIL,10/16/2022,796.0,798.0,790.0,794.0,-0.25,33880.0,581.0,485.0
NABIL,10/17/2022,795.0,799.5,793.0,794.0,0.0,35066.0,581.0,485.0
NABIL,10/19/2022,795.0,800.0,790.0,798.5,0.57,30433.0,581.0,485.0
NABIL,10/20/2022,800.0,801.0,791.0,796.5,-0.25,29921.0,581.0,485.0
NABIL,10/23/2022,800.0,809.9,796.5,808.0,1.44,42040.0,581.0,485.0
NABIL,10/31/2022,810.0,819.0,809.0,816.0,0.99,46691.0,581.0,485.0
NABIL,11/1/2022,818.0,839.6,813.0,835.0,2.33,71557.0,581.0,485.0
NABIL,11/2/2022,835.0,844.0,825.0,830.0,-0.6,67918.0,581.0,485.0
NABIL,11/3/2022,830.0,835.0,820.2,824.0,-0.72,35595.0,581.0,485.0
NABIL,11/6/2022,830.0,834.0,820.1,831.1,0.86,46206.0,581.0,485.0
NABIL,11/7/2022,841.5,842.0,832.0,834.0,0.35,37460.0,581.0,485.0
NABIL,11/8/2022,827.0,835.0,827.0,833.0,-0.12,20635.0,581.0,485.0
NABIL,11/9/2022,834.0,866.5,822.6,823.5,-1.14,46477.0,581.0,485.0
NABIL,11/10/2022,837.0,837.0,814.0,815.0,-1.03,33090.0,581.0,485.0
NABIL,11/13/2022,816.0,822.0,810.0,811.0,-0.49,29230.0,581.0,485.0
NABIL,11/14/2022,815.0,815.0,803.0,814.0,0.37,29743.0,581.0,485.0
NABIL,11/15/2022,827.0,827.0,814.0,817.9,0.48,25680.0,581.0,485.0
NABIL,11/16/2022,821.0,821.0,814.0,819.5,0.2,20391.0,581.0,485.0
NABIL,11/17/2022,821.0,829.0,821.0,827.3,0.95,28777.0,581.0,485.0
NABIL,11/22/2022,828.0,840.0,827.4,829.0,0.21,26547.0,581.0,485.0
NABIL,11/23/2022,830.0,835.0,822.1,824.6,-0.53,22341.0,581.0,485.0
NABIL,11/24/2022,830.0,832.0,820.0,831.0,0.78,32640.0,581.0,485.0
NABIL,11/27/2022,832.0,876.0,832.0,876.0,5.42,139753.0,581.0,485.0
NABIL,11/28/2022,890.0,890.0,870.0,874.0,-0.23,82399.0,581.0,485.0
NABIL,11/29/2022,876.0,880.0,866.7,877.0,0.34,49511.0,581.0,485.0
NABIL,11/30/2022,878.0,883.5,870.1,882.0,0.57,47288.0,581.0,485.0
NABIL,12/1/2022,865.0,915.0,865.0,913.0,3.51,159865.0,581.0,485.0
NABIL,12/4/2022,922.0,930.0,879.3,882.0,-3.4,221592.0,581.0,485.0
NABIL,12/5/2022,866.0,895.0,866.0,883.0,0.11,95864.0,581.0,485.0
NABIL,12/6/2022,900.6,900.6,875.1,888.0,0.57,54482.0,581.0,485.0
NABIL,12/7/2022,884.0,890.0,879.0,881.0,-0.79,51341.0,581.0,485.0
NABIL,12/11/2022,880.0,880.0,842.8,846.0,-3.97,87795.0,581.0,485.0
NABIL,12/12/2022,846.0,846.0,801.7,815.0,-3.66,261519.0,581.0,485.0
NABIL,12/13/2022,816.0,816.9,804.7,807.1,-0.97,88690.0,581.0,485.0
NABIL,12/14/2022,807.0,818.0,807.0,808.0,0.11,52009.0,581.0,485.0
NABIL,12/15/2022,815.0,815.0,803.5,804.0,-0.5,58542.0,581.0,485.0
NABIL,12/18/2022,810.0,810.0,793.0,794.0,-1.24,67787.0,581.0,485.0
NABIL,12/19/2022,795.0,800.0,794.0,797.0,0.38,40026.0,581.0,485.0
NABIL,12/20/2022,800.0,807.0,797.0,800.0,0.38,42079.0,581.0,485.0
NABIL,12/21/2022,816.0,816.0,800.0,807.0,0.88,48877.0,581.0,485.0
NABIL,12/22/2022,809.0,811.0,800.1,810.0,0.37,66052.0,581.0,485.0
NABIL,12/26/2022,811.0,840.0,811.0,838.0,3.46,110057.0,581.0,485.0
NABIL,12/27/2022,847.0,860.0,834.0,842.0,0.48,133855.0,581.0,485.0
NABIL,12/28/2022,845.0,847.0,826.1,834.9,-0.84,105429.0,581.0,485.0
NABIL,12/29/2022,840.0,844.0,835.1,843.0,0.97,110579.0,581.0,485.0
NABIL,1/1/2023,859.0,865.0,850.0,854.5,1.36,263159.0,581.0,485.0
NABIL,1/2/2023,735.5,751.0,725.0,739.0,-13.52,227630.0,581.0,485.0
NABIL,1/3/2023,743.0,750.0,735.0,736.0,-0.41,107994.0,581.0,485.0
NABIL,1/4/2023,750.0,750.0,730.0,736.9,0.12,89872.0,581.0,485.0
NABIL,1/5/2023,744.0,745.0,727.0,727.0,-1.34,132642.0,581.0,485.0
NABIL,1/8/2023,738.9,739.0,718.5,719.1,-1.09,146327.0,581.0,485.0
NABIL,1/9/2023,733.4,733.4,712.0,719.0,-0.01,167381.0,581.0,485.0
NABIL,1/10/2023,720.0,735.0,718.0,719.2,0.03,182296.0,581.0,485.0
NABIL,1/12/2023,733.5,733.5,713.7,714.0,-0.72,101205.0,581.0,485.0
NABIL,1/17/2023,724.0,725.0,709.0,711.0,-0.42,88101.0,581.0,485.0
NABIL,1/18/2023,712.0,718.0,703.0,703.9,-1.0,94709.0,581.0,485.0
NABIL,1/19/2023,705.0,710.0,701.0,703.5,-0.06,93648.0,581.0,485.0
NABIL,1/23/2023,717.5,729.0,710.0,710.9,1.05,114807.0,581.0,485.0
NABIL,1/24/2023,711.0,715.0,709.0,713.0,0.3,67781.0,581.0,485.0
NABIL,1/25/2023,717.0,719.0,709.0,709.1,-0.55,63311.0,581.0,485.0
NABIL,1/26/2023,714.0,714.5,705.3,705.6,-0.49,57638.0,581.0,485.0
NABIL,1/29/2023,707.0,709.0,701.1,702.5,-0.44,57268.0,581.0,485.0
NABIL,1/30/2023,688.5,706.0,688.5,698.0,-0.64,71228.0,581.0,485.0
NABIL,1/31/2023,700.0,700.0,688.0,690.4,-1.09,67697.0,581.0,485.0
NABIL,2/1/2023,695.0,695.0,686.0,690.0,-0.06,57940.0,581.0,485.0
NABIL,2/2/2023,692.0,694.5,685.1,688.0,-0.29,54429.0,581.0,485.0
NABIL,2/5/2023,690.0,698.0,678.0,681.0,-1.02,84062.0,581.0,485.0
NABIL,2/6/2023,682.0,688.0,675.0,677.3,-0.54,54726.0,581.0,485.0
NABIL,2/7/2023,677.3,692.0,677.3,691.9,2.16,69751.0,581.0,485.0
NABIL,2/8/2023,705.0,705.7,685.0,688.0,-0.56,75546.0,581.0,485.0
NABIL,2/9/2023,690.0,698.0,676.0,693.0,0.73,83791.0,581.0,485.0
NABIL,2/12/2023,689.0,690.0,680.0,683.0,-1.44,53279.0,581.0,485.0
NABIL,2/14/2023,683.0,683.0,674.0,675.0,-1.17,59511.0,581.0,485.0
NABIL,2/15/2023,675.0,688.5,670.1,674.5,-0.07,39631.0,581.0,485.0
NABIL,2/16/2023,675.0,676.0,669.0,670.2,-0.64,57195.0,581.0,485.0
NABIL,2/20/2023,670.2,670.2,661.0,662.5,-1.15,53643.0,581.0,485.0
NABIL,2/22/2023,674.8,689.5,664.2,678.9,2.48,57464.0,581.0,485.0
NABIL,2/23/2023,678.0,679.0,665.0,669.0,-1.46,47679.0,581.0,485.0
NABIL,2/26/2023,668.0,670.0,652.0,663.5,-0.82,57017.0,581.0,485.0
NABIL,2/27/2023,672.0,675.1,658.0,661.0,-0.38,41206.0,581.0,485.0
NABIL,2/28/2023,665.0,669.0,656.1,657.0,-0.61,31890.0,581.0,485.0
NABIL,3/1/2023,657.0,660.0,654.0,655.0,-0.3,35796.0,581.0,485.0
NABIL,3/2/2023,652.0,653.0,648.0,649.1,-0.9,59279.0,581.0,485.0
NABIL,3/5/2023,650.0,650.0,635.0,637.3,-1.82,54153.0,581.0,485.0
NABIL,3/7/2023,640.0,642.0,637.0,639.0,0.27,41137.0,581.0,485.0
NABIL,3/9/2023,641.0,648.9,641.0,647.0,1.25,55564.0,581.0,485.0
NABIL,3/12/2023,650.0,653.0,635.0,636.9,-1.56,51762.0,581.0,485.0
NABIL,3/13/2023,624.2,635.0,624.2,629.9,-1.1,55971.0,581.0,485.0
NABIL,3/14/2023,634.0,634.0,623.0,625.0,-0.78,55015.0,581.0,485.0
NABIL,3/15/2023,628.0,628.0,618.0,618.0,-1.12,69209.0,581.0,485.0
NABIL,3/16/2023,623.0,623.0,605.0,613.0,-0.81,65028.0,581.0,485.0
NABIL,3/19/2023,625.0,625.0,605.0,606.0,-1.14,50724.0,581.0,485.0
NABIL,3/20/2023,607.0,613.7,606.5,613.0,1.16,51889.0,581.0,485.0
NABIL,3/22/2023,615.0,619.9,610.0,613.0,0.0,59448.0,581.0,485.0
NABIL,3/23/2023,610.0,612.0,603.0,605.0,-1.31,63514.0,581.0,485.0
NABIL,3/26/2023,605.5,605.5,596.0,596.0,-1.49,58085.0,581.0,485.0
NABIL,3/27/2023,596.0,605.0,588.1,604.0,1.34,68181.0,581.0,485.0
NABIL,3/28/2023,607.0,612.5,602.0,606.5,0.41,48081.0,581.0,485.0
NABIL,3/29/2023,610.0,610.0,599.0,609.0,0.41,31811.0,581.0,485.0
NABIL,3/30/2023,612.0,612.0,600.6,603.0,-0.99,33868.0,581.0,485.0
NABIL,4/2/2023,606.0,610.0,595.0,597.8,-0.86,39669.0,581.0,485.0
NABIL,4/3/2023,600.0,600.0,587.0,589.9,-1.32,61504.0,581.0,485.0
NABIL,4/4/2023,595.0,595.0,586.1,589.0,-0.15,41355.0,581.0,485.0
NABIL,4/5/2023,595.0,595.0,588.0,590.0,0.17,39978.0,581.0,485.0
NABIL,4/6/2023,595.0,600.0,588.0,592.2,0.37,49701.0,581.0,485.0
NABIL,4/9/2023,590.0,590.0,578.1,580.0,-2.06,99562.0,581.0,485.0
NABIL,4/10/2023,580.0,588.0,577.0,582.1,0.36,46442.0,581.0,485.0
NABIL,4/11/2023,593.7,593.7,582.1,592.0,1.7,39186.0,581.0,485.0
NABIL,4/12/2023,603.8,630.9,598.0,629.0,6.25,86971.0,581.0,485.0
NABIL,4/13/2023,641.5,643.8,610.0,618.9,-1.61,72785.0,581.0,485.0
NABIL,4/16/2023,618.9,630.0,613.0,617.0,-0.31,25772.0,581.0,485.0
NABIL,4/17/2023,617.0,625.0,615.0,616.0,-0.16,28045.0,581.0,485.0
NABIL,4/18/2023,604.0,620.0,604.0,616.0,0.0,32979.0,581.0,485.0
NABIL,4/19/2023,603.7,627.0,603.7,620.0,0.65,59588.0,581.0,485.0
NABIL,4/20/2023,608.0,632.0,608.0,620.0,0.0,41287.0,581.0,485.0
NABIL,4/23/2023,620.0,621.0,607.7,609.0,-1.77,34734.0,581.0,485.0
NABIL,4/24/2023,610.0,612.0,603.0,605.0,-0.66,35512.0,581.0,485.0
NABIL,4/25/2023,606.0,607.0,600.0,605.5,0.08,44615.0,581.0,485.0
NABIL,4/26/2023,607.5,610.0,603.5,604.0,-0.25,40984.0,581.0,485.0
NABIL,4/27/2023,602.0,605.5,598.0,600.0,-0.66,54508.0,581.0,485.0
NABIL,4/30/2023,605.0,605.0,593.0,597.0,-0.5,54304.0,581.0,485.0
NABIL,5/2/2023,585.1,608.0,585.1,599.5,0.42,30177.0,581.0,485.0
NABIL,5/3/2023,600.0,600.0,595.0,598.5,-0.17,22982.0,581.0,485.0
NABIL,5/4/2023,600.0,600.0,595.0,598.9,0.07,32806.0,581.0,485.0
NABIL,5/7/2023,600.0,600.0,593.1,595.0,-0.65,28270.0,581.0,485.0
NABIL,5/8/2023,595.0,595.0,591.0,593.0,-0.34,27670.0,581.0,485.0
NABIL,5/9/2023,581.8,612.0,581.8,595.0,0.34,34345.0,581.0,485.0
NABIL,5/10/2023,600.0,600.0,589.0,590.0,-0.84,59646.0,581.0,485.0
NABIL,5/11/2023,590.0,594.0,589.0,590.0,0.0,26707.0,581.0,485.0
NABIL,5/14/2023,590.0,601.0,583.5,584.9,-0.86,52485.0,581.0,485.0
NABIL,5/15/2023,584.0,595.0,583.1,583.8,-0.19,34630.0,581.0,485.0
NABIL,5/16/2023,592.0,592.0,582.0,584.0,0.03,37052.0,581.0,485.0
NABIL,5/17/2023,590.0,594.0,586.0,590.0,1.03,28470.0,581.0,485.0
NABIL,5/18/2023,590.0,600.0,590.0,590.0,0.0,50008.0,581.0,485.0
NABIL,5/21/2023,601.0,611.0,595.0,595.1,0.86,45034.0,581.0,485.0
NABIL,5/22/2023,600.0,601.0,592.0,599.0,0.66,27093.0,581.0,485.0
NABIL,5/23/2023,605.0,607.0,598.0,605.5,1.09,41814.0,581.0,485.0
NABIL,5/24/2023,605.0,613.9,603.0,606.0,0.08,39756.0,581.0,485.0
NABIL,5/28/2023,610.0,615.0,600.0,601.0,-0.83,69792.0,581.0,485.0
NABIL,5/30/2023,600.0,602.0,584.0,587.3,-2.28,76105.0,581.0,485.0
NABIL,5/31/2023,585.0,592.0,575.6,581.5,-0.99,57976.0,581.0,485.0
NABIL,6/1/2023,584.0,590.0,580.0,587.8,1.08,38294.0,581.0,485.0
NABIL,6/4/2023,590.0,606.9,590.0,595.4,1.29,34455.0,581.0,485.0
NABIL,6/5/2023,599.9,606.0,591.0,591.0,-0.74,28519.0,581.0,485.0
NABIL,6/6/2023,590.1,599.0,590.0,591.7,0.12,29785.0,581.0,485.0
NABIL,6/7/2023,591.7,599.0,591.0,591.3,-0.07,33681.0,581.0,485.0
NABIL,6/8/2023,590.0,595.0,587.0,590.9,-0.07,36616.0,581.0,485.0
NABIL,6/11/2023,585.0,596.7,585.0,594.0,0.52,52568.0,581.0,485.0
NABIL,6/12/2023,600.0,602.0,595.0,597.0,0.51,39241.0,581.0,485.0
NABIL,6/13/2023,599.9,601.0,595.0,597.0,0.0,67044.0,581.0,485.0
NABIL,6/14/2023,603.0,604.0,597.0,599.0,0.34,117524.0,581.0,485.0
NABIL,6/15/2023,610.0,610.0,596.0,598.0,-0.17,39563.0,581.0,485.0
NABIL,6/18/2023,600.0,601.0,595.1,596.0,-0.33,77802.0,581.0,485.0
NABIL,6/19/2023,598.0,605.2,593.1,594.0,-0.34,69002.0,581.0,485.0
NABIL,6/20/2023,599.0,603.0,595.0,595.3,0.22,77314.0,581.0,485.0
NABIL,6/21/2023,600.0,600.0,589.1,590.1,-0.87,74080.0,581.0,485.0
NABIL,6/22/2023,595.0,597.0,585.4,588.5,-0.27,57079.0,581.0,485.0
NABIL,6/25/2023,594.0,594.0,581.5,587.0,-0.25,123731.0,581.0,485.0
NABIL,6/26/2023,593.0,593.0,585.2,586.0,-0.17,125517.0,581.0,485.0
NABIL,6/27/2023,593.0,609.9,587.0,608.9,3.91,184325.0,581.0,485.0
NABIL,6/28/2023,620.0,633.0,605.0,606.0,-0.48,151880.0,581.0,485.0
NABIL,7/2/2023,615.0,615.0,591.0,594.0,-1.98,111991.0,581.0,485.0
NABIL,7/3/2023,594.0,594.0,584.0,584.9,-1.53,111999.0,581.0,485.0
NABIL,7/4/2023,585.1,590.0,584.0,586.0,0.19,69678.0,581.0,485.0
NABIL,7/5/2023,574.3,597.1,574.3,582.6,-0.58,70629.0,581.0,485.0
NABIL,7/6/2023,584.0,594.0,580.0,582.1,-0.09,61889.0,581.0,485.0
NABIL,7/9/2023,590.0,593.6,582.0,583.0,0.15,79385.0,581.0,485.0
NABIL,7/10/2023,593.0,593.0,581.0,583.0,0.0,88478.0,581.0,485.0
NABIL,7/11/2023,584.0,587.0,580.0,583.0,0.0,88236.0,581.0,485.0
NABIL,7/12/2023,585.0,589.9,585.0,586.0,0.51,51194.0,581.0,485.0
NABIL,7/13/2023,574.3,597.9,574.3,590.0,0.68,66352.0,581.0,485.0
NABIL,7/16/2023,595.0,605.9,590.0,599.2,1.56,73028.0,581.0,485.0
NABIL,7/17/2023,607.0,612.0,598.0,611.0,1.97,73868.0,581.0,485.0
NABIL,7/18/2023,620.9,621.6,610.0,613.0,0.33,76424.0,581.0,485.0
NABIL,7/19/2023,619.0,619.0,612.0,616.8,0.62,76090.0,581.0,485.0
NABIL,7/20/2023,620.0,628.9,620.0,624.0,1.17,124603.0,581.0,485.0
NABIL,7/23/2023,630.0,649.6,625.2,649.0,4.01,147953.0,581.0,485.0
NABIL,7/24/2023,650.0,653.0,636.0,639.0,-1.54,172938.0,581.0,485.0
NABIL,7/25/2023,640.0,640.0,621.0,623.6,-2.41,103484.0,581.0,485.0
NABIL,7/26/2023,629.0,629.5,618.0,623.5,-0.02,56916.0,581.0,485.0
NABIL,7/27/2023,625.0,628.0,616.0,618.0,-0.88,80901.0,581.0,485.0
NABIL,7/30/2023,623.0,623.9,614.0,616.0,-0.32,79973.0,581.0,485.0
NABIL,7/31/2023,605.0,623.0,605.0,615.0,-0.16,55627.0,581.0,485.0
NABIL,8/1/2023,620.0,621.0,611.0,611.1,-0.63,41626.0,581.0,485.0
NABIL,8/2/2023,619.9,620.0,609.0,613.0,0.31,36975.0,581.0,485.0
NABIL,8/3/2023,618.0,621.0,612.0,613.0,0.0,44414.0,581.0,485.0
NABIL,8/6/2023,625.2,637.7,607.0,612.0,-0.16,113739.0,581.0,485.0
NABIL,8/7/2023,612.0,614.9,602.0,610.0,-0.33,78727.0,581.0,485.0
NABIL,8/8/2023,610.0,614.0,600.0,600.0,-1.64,58044.0,581.0,485.0
NABIL,8/9/2023,604.0,604.0,594.0,603.0,0.5,58335.0,581.0,485.0
NABIL,8/10/2023,604.0,607.3,602.0,606.5,0.58,47833.0,581.0,485.0
NABIL,8/13/2023,608.0,610.0,600.0,603.5,-0.49,60137.0,581.0,485.0
NABIL,8/14/2023,591.5,605.0,591.5,602.8,-0.12,43883.0,581.0,485.0
NABIL,8/15/2023,601.0,601.0,596.6,599.0,-0.63,65912.0,581.0,485.0
NABIL,8/16/2023,599.0,600.0,590.0,592.0,-1.17,53322.0,581.0,485.0
NABIL,8/17/2023,602.5,602.7,592.0,593.0,0.17,32425.0,581.0,485.0
NABIL,8/20/2023,595.0,597.0,588.0,591.9,-0.19,58801.0,581.0,485.0
NABIL,8/21/2023,590.0,598.9,585.0,591.5,-0.07,40222.0,581.0,485.0
NABIL,8/22/2023,592.0,600.0,590.0,594.0,0.42,41686.0,581.0,485.0
NABIL,8/23/2023,594.0,599.9,592.1,599.0,0.84,29155.0,581.0,485.0
NABIL,8/24/2023,595.0,600.0,591.1,592.5,-1.09,43106.0,581.0,485.0
NABIL,8/27/2023,592.5,595.0,589.1,590.0,-0.42,45941.0,581.0,485.0
NABIL,8/28/2023,596.0,596.0,590.0,590.1,0.02,25988.0,581.0,485.0
NABIL,8/29/2023,592.1,596.0,588.1,590.0,-0.02,29237.0,581.0,485.0
NABIL,8/30/2023,596.0,596.0,586.2,587.3,-0.46,51037.0,581.0,485.0
NABIL,9/3/2023,587.3,590.0,583.0,584.0,-0.56,46707.0,581.0,485.0
NABIL,9/4/2023,584.0,587.0,575.3,584.0,0.0,66419.0,581.0,485.0
NABIL,9/5/2023,586.0,589.9,580.6,581.8,-0.38,27803.0,581.0,485.0
NABIL,9/7/2023,585.0,585.0,576.5,577.2,-0.79,51168.0,581.0,485.0
NABIL,9/10/2023,578.9,582.0,577.0,580.0,0.49,51489.0,581.0,485.0
NABIL,9/11/2023,587.0,592.0,578.3,588.7,1.5,70550.0,581.0,485.0
NABIL,9/12/2023,598.0,599.0,583.0,584.0,-0.8,42149.0,581.0,485.0
NABIL,9/13/2023,581.0,590.0,581.0,588.0,0.68,40108.0,581.0,485.0
NABIL,9/17/2023,599.7,608.0,590.0,593.0,0.85,72674.0,581.0,485.0
NABIL,9/18/2023,592.0,592.0,585.0,591.1,-0.32,36430.0,581.0,485.0
NABIL,9/19/2023,592.0,598.0,586.0,589.0,-0.36,31416.0,581.0,485.0
NABIL,9/21/2023,591.0,603.0,591.0,593.0,0.68,38690.0,581.0,485.0
NABIL,9/24/2023,593.0,598.0,586.8,592.0,-0.17,51424.0,581.0,485.0
NABIL,9/25/2023,591.1,598.9,588.0,595.0,0.51,50135.0,581.0,485.0
NABIL,9/26/2023,603.0,603.0,592.0,594.0,-0.17,23327.0,581.0,485.0
NABIL,9/27/2023,600.0,604.0,590.0,591.5,-0.42,30539.0,581.0,485.0
NABIL,10/1/2023,590.0,591.5,584.0,585.0,-1.1,37802.0,581.0,485.0
NABIL,10/2/2023,583.0,588.4,579.5,583.0,-0.34,44667.0,581.0,485.0
NABIL,10/3/2023,585.0,589.0,582.1,584.0,0.17,47601.0,581.0,485.0
NABIL,10/4/2023,586.8,586.8,580.5,583.8,-0.03,47450.0,581.0,485.0
NABIL,10/5/2023,580.2,584.6,580.0,581.7,-0.36,54791.0,581.0,485.0
NABIL,10/8/2023,593.3,593.3,574.5,575.0,-1.15,92585.0,581.0,485.0
NABIL,10/9/2023,579.0,580.0,571.0,571.8,-0.56,61332.0,581.0,485.0
NABIL,10/10/2023,572.0,575.0,568.0,569.0,-0.49,60468.0,581.0,485.0
NABIL,10/11/2023,570.0,570.9,566.5,567.0,-0.35,58358.0,581.0,485.0
NABIL,10/12/2023,570.0,570.0,560.5,566.9,-0.02,50839.0,581.0,485.0
NABIL,10/16/2023,578.0,578.0,566.5,568.0,0.19,30777.0,581.0,485.0
NABIL,10/17/2023,579.0,580.0,570.0,572.1,0.72,37883.0,581.0,485.0
NABIL,10/18/2023,583.0,589.9,573.0,589.5,3.04,27895.0,581.0,485.0
NABIL,10/19/2023,596.5,596.5,586.0,590.0,0.08,66181.0,581.0,485.0
NABIL,10/29/2023,590.0,590.4,579.2,581.0,-1.53,37365.0,581.0,485.0
NABIL,10/30/2023,575.0,580.0,572.0,580.0,-0.17,39951.0,581.0,485.0
NABIL,10/31/2023,579.0,585.0,575.0,578.0,-0.34,25726.0,581.0,485.0
NABIL,11/1/2023,575.0,580.0,575.0,577.6,-0.07,18731.0,581.0,485.0
NABIL,11/2/2023,582.0,582.0,572.0,572.9,-0.81,36808.0,581.0,485.0
NABIL,11/5/2023,572.0,573.0,564.0,566.0,-1.2,50715.0,581.0,485.0
NABIL,11/6/2023,570.0,577.0,567.0,568.0,0.35,29139.0,581.0,485.0
NABIL,11/7/2023,577.8,577.8,567.0,569.9,0.33,32456.0,581.0,485.0
NABIL,11/8/2023,571.0,575.0,568.0,571.5,0.28,28864.0,581.0,485.0
NABIL,11/9/2023,571.5,571.5,569.0,569.2,-0.4,25721.0,581.0,485.0
NABIL,11/20/2023,572.0,572.5,562.0,565.0,-0.74,37308.0,581.0,485.0
NABIL,11/21/2023,566.0,575.0,560.0,561.0,-0.71,33672.0,581.0,485.0
NABIL,11/22/2023,563.0,563.0,558.0,561.0,0.0,38556.0,581.0,485.0
NABIL,11/23/2023,549.9,549.9,505.1,515.0,-8.2,254979.0,581.0,485.0
NABIL,11/26/2023,510.0,533.4,499.0,533.4,3.57,143911.0,581.0,485.0
NABIL,11/27/2023,540.0,540.0,522.0,526.0,-1.39,35690.0,581.0,485.0
NABIL,11/28/2023,529.8,529.8,515.5,517.0,-1.71,32419.0,581.0,485.0
NABIL,11/29/2023,517.0,520.0,508.9,511.9,-0.99,46655.0,581.0,485.0
NABIL,11/30/2023,512.0,512.0,507.0,508.9,-0.59,34128.0,581.0,485.0
NABIL,12/3/2023,516.0,516.0,505.0,506.0,-0.57,33642.0,581.0,485.0
NABIL,12/4/2023,498.0,510.0,498.0,502.0,-0.79,35110.0,581.0,485.0
NABIL,12/5/2023,504.0,510.0,502.0,502.1,0.02,34084.0,581.0,485.0
NABIL,12/6/2023,508.0,509.0,500.0,505.0,0.58,23989.0,581.0,485.0
NABIL,12/7/2023,513.5,514.0,501.0,507.6,0.51,16317.0,581.0,485.0
NABIL,12/10/2023,516.8,530.0,514.0,528.5,4.12,5437.0,581.0,485.0
NABIL,12/11/2023,539.0,539.0,520.0,522.0,-1.23,71048.0,581.0,485.0
NABIL,12/12/2023,528.0,528.0,520.0,521.2,-0.15,61512.0,581.0,485.0
NABIL,12/13/2023,530.0,530.0,520.0,521.0,-0.04,62488.0,581.0,485.0
NABIL,12/14/2023,525.0,527.9,521.0,522.8,0.35,63175.0,581.0,485.0
NABIL,12/17/2023,515.0,518.9,493.0,513.0,-1.87,136029.0,581.0,485.0
NABIL,12/18/2023,513.7,519.5,510.0,513.0,0.0,110278.0,581.0,485.0
NABIL,12/19/2023,523.2,523.2,514.0,518.0,0.97,91419.0,581.0,485.0
NABIL,12/20/2023,525.0,528.0,518.6,520.0,0.39,145825.0,581.0,485.0
NABIL,12/21/2023,520.0,525.0,520.0,523.0,0.58,91036.0,581.0,485.0
NABIL,12/24/2023,523.0,527.0,515.0,515.0,-1.53,85406.0,581.0,485.0
NABIL,12/27/2023,520.0,520.0,508.0,508.0,-1.36,70880.0,581.0,485.0
NABIL,12/28/2023,499.0,514.0,499.0,506.0,-0.39,55161.0,581.0,485.0
NABIL,1/1/2024,513.0,513.0,505.0,505.9,-0.02,56006.0,581.0,485.0
NABIL,1/2/2024,506.0,510.0,498.0,499.9,-1.19,97243.0,581.0,485.0
NABIL,1/3/2024,500.0,501.5,488.6,496.0,-0.78,150208.0,581.0,485.0
NABIL,1/4/2024,498.0,500.9,495.0,495.5,-0.1,93743.0,581.0,485.0
NABIL,1/7/2024,500.0,500.0,489.5,490.0,-1.11,97677.0,581.0,485.0
NABIL,1/8/2024,495.0,495.0,488.0,488.1,-0.39,109400.0,581.0,485.0
NABIL,1/9/2024,488.1,495.0,488.1,490.0,0.39,123332.0,581.0,485.0
NABIL,1/10/2024,495.0,500.0,490.0,492.0,0.41,91478.0,581.0,485.0
NABIL,1/11/2024,499.0,499.9,490.0,493.0,0.2,52810.0,581.0,485.0
NABIL,1/14/2024,500.0,501.0,493.5,494.5,0.3,66912.0,581.0,485.0
NABIL,1/16/2024,500.0,502.0,498.0,501.0,1.31,126928.0,581.0,485.0
NABIL,1/17/2024,503.5,512.0,503.0,504.0,0.6,111028.0,581.0,485.0
NABIL,1/18/2024,507.0,507.0,498.0,498.0,-1.19,78196.0,581.0,485.0
NABIL,1/21/2024,504.0,504.0,492.0,493.0,-1.0,85324.0,581.0,485.0
NABIL,1/22/2024,495.0,495.0,486.5,489.0,-0.81,106960.0,581.0,485.0
NABIL,1/23/2024,489.0,496.0,484.0,484.5,-0.92,102618.0,581.0,485.0
NABIL,1/24/2024,492.0,493.0,484.0,484.9,0.08,75048.0,581.0,485.0
NABIL,1/25/2024,492.5,492.5,483.2,488.0,0.64,78635.0,581.0,485.0
NABIL,1/28/2024,497.0,497.0,487.7,491.0,0.61,62690.0,581.0,485.0
NABIL,1/29/2024,492.0,495.0,485.0,488.0,-0.61,112649.0,581.0,485.0
NABIL,1/30/2024,485.0,494.0,485.0,487.0,-0.2,58884.0,581.0,485.0
NABIL,1/31/2024,489.0,490.0,484.6,484.6,-0.49,101519.0,581.0,485.0
NABIL,2/1/2024,494.2,494.2,480.0,480.6,-0.83,88972.0,581.0,485.0
NABIL,2/4/2024,482.0,483.9,477.0,477.0,-0.75,79654.0,581.0,485.0
NABIL,2/5/2024,481.0,481.0,474.9,475.0,-0.42,65154.0,581.0,485.0
NABIL,2/6/2024,479.0,484.0,475.0,475.0,0.0,62626.0,581.0,485.0
NABIL,2/7/2024,484.5,484.5,474.5,475.1,0.02,72757.0,581.0,485.0
NABIL,2/8/2024,476.0,480.0,475.0,476.5,0.29,40791.0,581.0,485.0
NABIL,2/11/2024,486.0,486.0,474.5,475.0,-0.31,87081.0,581.0,485.0
NABIL,2/12/2024,476.0,477.0,474.0,477.0,0.42,48708.0,581.0,485.0
NABIL,2/13/2024,477.0,479.9,469.1,471.5,-1.15,83243.0,581.0,485.0
NABIL,2/14/2024,471.5,471.5,464.5,465.5,-1.27,63187.0,581.0,485.0
NABIL,2/15/2024,465.0,466.0,462.0,462.5,-0.64,51339.0,581.0,485.0
NABIL,2/18/2024,456.0,465.0,455.5,457.7,-1.04,65595.0,581.0,485.0
NABIL,2/20/2024,456.0,460.0,448.0,449.0,-1.9,90305.0,581.0,485.0
NABIL,2/21/2024,450.0,454.8,448.0,449.0,0.0,61605.0,581.0,485.0
NABIL,2/22/2024,450.0,452.9,443.0,445.0,-0.89,62441.0,581.0,485.0
NABIL,2/25/2024,445.0,445.0,434.0,436.5,-1.91,68284.0,581.0,485.0
NABIL,2/26/2024,436.5,440.0,430.1,434.0,-0.57,63611.0,581.0,485.0
NABIL,2/27/2024,434.0,440.0,432.5,437.8,0.88,44089.0,581.0,485.0
NABIL,2/28/2024,442.0,442.0,435.0,435.0,-0.64,32394.0,581.0,485.0
NABIL,2/29/2024,435.0,435.0,429.0,429.5,-1.26,84087.0,581.0,485.0
NABIL,3/3/2024,429.5,432.0,422.0,424.0,-1.28,57099.0,581.0,485.0
NABIL,3/4/2024,432.4,458.3,432.0,458.3,8.09,14359.0,581.0,485.0
NABIL,3/5/2024,459.0,459.0,435.0,446.0,-2.68,85486.0,581.0,485.0
NABIL,3/6/2024,448.0,450.0,440.0,442.0,-0.9,46408.0,581.0,485.0
NABIL,3/7/2024,450.0,450.0,442.0,445.5,0.79,27778.0,581.0,485.0
NABIL,3/10/2024,448.0,451.0,447.0,449.8,0.97,38263.0,581.0,485.0
NABIL,3/12/2024,458.7,470.0,455.0,469.0,4.27,62909.0,581.0,485.0
NABIL,3/13/2024,477.0,479.9,467.0,473.0,0.85,66733.0,581.0,485.0
NABIL,3/14/2024,480.0,480.0,468.3,471.9,-0.23,48287.0,581.0,485.0
NABIL,3/17/2024,478.0,480.0,462.0,464.0,-1.67,51485.0,581.0,485.0
NABIL,3/18/2024,473.0,473.0,459.0,461.0,-0.65,36185.0,581.0,485.0
NABIL,3/19/2024,460.0,462.0,456.0,460.0,-0.22,34096.0,581.0,485.0
NABIL,3/20/2024,463.0,465.0,456.0,457.0,-0.65,31882.0,581.0,485.0
NABIL,3/21/2024,459.9,459.9,449.0,451.0,-1.31,46500.0,581.0,485.0
NABIL,3/25/2024,458.0,458.0,444.4,445.0,-1.33,33441.0,581.0,485.0
NABIL,3/26/2024,445.1,448.0,440.0,441.8,-0.72,40492.0,581.0,485.0
NABIL,3/27/2024,442.0,447.0,440.0,440.5,-0.29,30220.0,581.0,485.0
NABIL,3/28/2024,442.0,444.0,440.0,442.5,0.45,32919.0,581.0,485.0
NABIL,3/31/2024,443.0,448.0,437.9,440.0,-0.56,55639.0,581.0,485.0
NABIL,4/1/2024,437.0,439.0,432.0,439.0,-0.23,44256.0,581.0,485.0
NABIL,4/2/2024,437.0,440.0,432.0,436.0,-0.68,26386.0,581.0,485.0
NABIL,4/3/2024,439.0,439.0,432.0,434.0,-0.46,40271.0,581.0,485.0
NABIL,4/4/2024,434.0,436.0,432.7,434.0,0.0,37125.0,581.0,485.0
NABIL,4/7/2024,434.0,438.0,430.1,438.0,0.92,83715.0,581.0,485.0
NABIL,4/9/2024,446.7,446.7,432.0,439.0,0.23,51408.0,581.0,485.0
NABIL,4/10/2024,440.0,442.0,436.0,438.0,-0.23,46883.0,581.0,485.0
NABIL,4/14/2024,438.0,446.0,436.6,438.0,0.0,37958.0,581.0,485.0
NABIL,4/15/2024,438.0,439.0,434.1,435.0,-0.68,33297.0,581.0,485.0
NABIL,4/16/2024,435.0,435.0,431.0,433.0,-0.46,33034.0,581.0,485.0
NABIL,4/18/2024,433.0,434.0,429.0,429.9,-0.72,39409.0,581.0,485.0
NABIL,4/21/2024,437.0,437.0,422.0,428.0,-0.44,68601.0,581.0,485.0
NABIL,4/22/2024,428.0,435.0,428.0,429.0,0.23,30359.0,581.0,485.0
NABIL,4/24/2024,430.0,435.0,428.5,429.0,0.0,35268.0,581.0,485.0
NABIL,4/25/2024,429.0,433.0,427.0,427.3,-0.4,52043.0,581.0,485.0
NABIL,4/28/2024,435.8,435.8,427.0,427.0,-0.07,43925.0,581.0,485.0
NABIL,4/29/2024,435.5,435.5,424.5,429.0,0.47,51708.0,581.0,485.0
NABIL,4/30/2024,437.5,437.5,426.0,431.5,0.58,44100.0,581.0,485.0
NABIL,5/2/2024,440.1,440.1,427.5,429.5,-0.46,47931.0,581.0,485.0
NABIL,5/5/2024,430.0,432.0,425.0,426.0,-0.81,41759.0,581.0,485.0
NABIL,5/6/2024,427.0,427.0,423.0,424.0,-0.47,26747.0,581.0,485.0
NABIL,5/7/2024,422.3,430.7,421.9,422.0,-0.47,38545.0,581.0,485.0
NABIL,5/8/2024,427.0,427.0,422.0,424.5,0.59,18323.0,581.0,485.0
NABIL,5/9/2024,428.0,428.0,419.0,422.7,-0.42,40811.0,581.0,485.0
NABIL,5/12/2024,421.1,425.0,420.0,422.0,-0.17,44038.0,581.0,485.0
NABIL,5/13/2024,426.0,431.5,422.4,430.8,2.09,68228.0,581.0,485.0
NABIL,5/14/2024,435.5,435.5,430.0,433.5,0.63,35940.0,581.0,485.0
NABIL,5/15/2024,440.0,441.0,434.0,434.0,0.12,36943.0,581.0,485.0
NABIL,5/16/2024,442.6,442.6,428.0,431.0,-0.69,40117.0,581.0,485.0
NABIL,5/19/2024,439.6,439.6,432.2,437.0,1.39,47893.0,581.0,485.0
NABIL,5/20/2024,443.0,463.4,441.0,458.0,4.81,97887.0,581.0,485.0
NABIL,5/21/2024,460.0,481.0,457.0,480.9,5.0,144313.0,581.0,485.0
NABIL,5/22/2024,480.9,515.0,480.9,514.0,6.88,307056.0,581.0,485.0
NABIL,5/26/2024,515.0,532.0,507.0,517.0,0.58,257882.0,581.0,485.0
NABIL,5/27/2024,523.9,523.9,500.2,507.9,-1.76,101039.0,581.0,485.0
NABIL,5/29/2024,505.0,522.0,488.5,489.0,-3.72,124575.0,581.0,485.0
NABIL,5/30/2024,485.0,492.0,469.8,478.3,-2.19,104947.0,581.0,485.0
NABIL,6/2/2024,476.0,490.5,476.0,490.0,2.45,77895.0,581.0,485.0
NABIL,6/3/2024,496.9,497.0,484.0,484.9,-1.04,46126.0,581.0,485.0
NABIL,6/4/2024,493.0,493.0,480.3,483.0,-0.39,37907.0,581.0,485.0
NABIL,6/5/2024,483.0,487.6,479.0,480.0,-0.62,43444.0,581.0,485.0
NABIL,6/6/2024,480.1,485.0,477.0,477.0,-0.62,40452.0,581.0,485.0
NABIL,6/9/2024,486.5,486.5,474.0,474.0,-0.63,42853.0,581.0,485.0
NABIL,6/10/2024,483.4,483.4,462.6,468.0,-1.27,57462.0,581.0,485.0
NABIL,6/11/2024,477.3,478.1,466.1,478.0,2.14,50026.0,581.0,485.0
NABIL,6/12/2024,480.0,490.0,480.0,483.0,1.05,45437.0,581.0,485.0
NABIL,6/13/2024,490.0,490.0,479.0,479.1,-0.81,63580.0,581.0,485.0
NABIL,6/16/2024,488.6,488.6,473.2,475.0,-0.86,48170.0,581.0,485.0
NABIL,6/18/2024,483.0,483.0,468.7,469.0,-1.26,43382.0,581.0,485.0
NABIL,6/19/2024,469.0,475.0,469.0,472.0,0.64,29603.0,581.0,485.0
NABIL,6/20/2024,481.4,481.4,469.6,470.1,-0.4,51724.0,581.0,485.0
NABIL,6/23/2024,469.0,469.0,465.0,466.0,-0.87,53680.0,581.0,485.0
NABIL,6/24/2024,464.0,467.0,461.1,461.1,-1.05,45036.0,581.0,485.0
NABIL,6/25/2024,462.0,465.0,455.3,458.2,-0.63,56926.0,581.0,485.0
NABIL,6/26/2024,458.8,460.0,455.1,456.0,-0.48,57007.0,581.0,485.0
NABIL,6/27/2024,456.0,457.0,454.6,456.0,0.0,29699.0,581.0,485.0
NABIL,6/30/2024,456.9,461.0,450.8,452.0,-0.88,55043.0,581.0,485.0
NABIL,7/1/2024,457.0,458.8,450.0,458.8,1.5,31786.0,581.0,485.0
NABIL,7/2/2024,467.9,499.3,466.0,477.1,3.99,93437.0,581.0,485.0
NABIL,7/3/2024,477.0,484.0,469.0,484.0,1.45,48855.0,581.0,485.0
NABIL,7/4/2024,485.0,490.0,480.0,487.0,0.62,58487.0,581.0,485.0
NABIL,7/7/2024,487.0,490.0,482.0,487.0,0.0,59675.0,581.0,485.0
NABIL,7/8/2024,487.0,490.0,482.0,490.0,0.62,79001.0,581.0,485.0
NABIL,7/9/2024,490.0,491.9,482.1,490.2,0.04,48124.0,581.0,485.0
NABIL,7/10/2024,500.0,500.0,490.0,497.1,1.41,82435.0,581.0,485.0
NABIL,7/11/2024,507.0,507.0,498.6,507.0,1.99,115571.0,581.0,485.0
NABIL,7/14/2024,517.1,547.0,517.0,529.0,4.34,138178.0,581.0,485.0
NABIL,7/15/2024,539.5,545.0,521.0,524.0,-0.95,157693.0,581.0,485.0
NABIL,7/16/2024,534.4,534.4,514.5,532.9,1.7,116735.0,581.0,485.0
NABIL,7/17/2024,539.0,543.0,531.0,538.0,0.96,138575.0,581.0,485.0
NABIL,7/18/2024,538.0,589.0,538.0,567.0,5.39,242256.0,581.0,485.0
NABIL,7/21/2024,578.0,584.0,568.0,577.0,1.76,248449.0,581.0,485.0
NABIL,7/22/2024,580.0,587.0,563.0,574.0,-0.52,183975.0,581.0,485.0
NABIL,7/23/2024,574.0,580.0,563.0,579.0,0.87,185075.0,581.0,485.0
NABIL,7/24/2024,576.0,590.0,570.0,579.0,0.0,162758.0,581.0,485.0
NABIL,7/25/2024,579.0,579.0,570.0,575.9,-0.54,129069.0,581.0,485.0
NABIL,7/28/2024,587.4,633.4,587.4,633.4,9.98,348250.0,581.0,485.0
NABIL,7/29/2024,646.0,690.0,643.0,649.0,2.46,451587.0,581.0,485.0
NABIL,7/30/2024,658.9,658.9,620.0,644.0,-0.77,331425.0,581.0,485.0
NABIL,7/31/2024,656.8,656.8,640.0,649.3,0.82,288592.0,581.0,485.0
NABIL,8/1/2024,649.3,660.0,638.0,645.0,-0.66,197788.0,581.0,485.0
NABIL,8/5/2024,657.9,700.0,657.0,660.0,2.33,314107.0,581.0,485.0
NABIL,8/6/2024,668.0,668.0,624.0,625.0,-5.3,421596.0,581.0,485.0
NABIL,8/7/2024,613.0,640.0,608.0,631.5,1.04,251049.0,581.0,485.0
NABIL,8/8/2024,644.1,644.1,628.0,630.0,-0.24,154915.0,581.0,485.0
NABIL,8/11/2024,640.0,643.0,635.0,639.1,1.44,196534.0,581.0,485.0
NABIL,8/12/2024,645.0,657.9,640.0,646.9,1.22,228497.0,581.0,485.0
NABIL,8/13/2024,648.0,658.9,643.0,647.9,0.15,208455.0,581.0,485.0
NABIL,8/14/2024,650.0,650.0,640.0,645.0,-0.45,160074.0,581.0,485.0
NABIL,8/15/2024,657.9,673.0,647.0,660.0,2.33,460088.0,581.0,485.0
NABIL,8/18/2024,670.0,682.0,656.0,662.0,0.3,385734.0,581.0,485.0
NABIL,8/21/2024,675.0,675.0,651.0,658.3,-0.56,251551.0,581.0,485.0
NABIL,8/22/2024,658.3,668.0,652.0,654.0,-0.65,210335.0,581.0,485.0
NABIL,8/25/2024,654.0,654.0,636.0,636.9,-2.61,206816.0,581.0,485.0
NABIL,8/27/2024,625.0,640.0,605.0,605.6,-4.91,307846.0,581.0,485.0
NABIL,8/28/2024,617.7,630.0,609.7,616.0,1.72,256298.0,581.0,485.0
NABIL,8/29/2024,625.0,625.0,600.0,605.0,-1.79,155077.0,581.0,485.0
NABIL,9/1/2024,614.0,614.0,589.0,595.0,-1.65,150454.0,581.0,485.0
NABIL,9/2/2024,600.0,612.0,585.0,611.7,2.81,174550.0,581.0,485.0
NABIL,9/3/2024,615.0,623.0,610.0,610.0,-0.28,107180.0,581.0,485.0
NABIL,9/4/2024,622.2,622.2,595.0,595.0,-2.46,139235.0,581.0,485.0
NABIL,9/5/2024,596.0,598.0,585.0,592.0,-0.5,92820.0,581.0,485.0
NABIL,9/8/2024,603.8,603.8,585.0,586.0,-1.01,99880.0,581.0,485.0
NABIL,9/9/2024,588.0,592.0,572.0,573.0,-2.22,93805.0,581.0,485.0
NABIL,9/10/2024,583.0,583.0,567.5,569.8,-0.56,97919.0,581.0,485.0
NABIL,9/11/2024,577.0,577.5,560.0,561.5,-1.46,78865.0,581.0,485.0
NABIL,9/12/2024,572.7,572.7,554.0,569.0,1.34,91654.0,581.0,485.0
NABIL,9/15/2024,574.0,590.0,570.0,571.0,0.35,100482.0,581.0,485.0
NABIL,9/16/2024,571.0,571.0,560.1,561.2,-1.72,56485.0,581.0,485.0
NABIL,9/18/2024,562.0,565.0,550.0,556.0,-0.93,68886.0,581.0,485.0
NABIL,9/22/2024,556.0,578.0,556.0,562.0,1.08,55026.0,581.0,485.0
NABIL,9/23/2024,573.2,573.2,555.0,568.0,1.07,123568.0,581.0,485.0
NABIL,9/24/2024,567.0,567.0,552.1,553.5,-2.55,66337.0,581.0,485.0
NABIL,9/25/2024,550.0,560.0,545.1,555.0,0.27,50441.0,581.0,485.0
NABIL,9/26/2024,555.2,562.0,549.0,550.0,-0.9,50686.0,581.0,485.0
NABIL,9/29/2024,550.0,550.0,540.0,541.5,-1.55,46227.0,581.0,485.0
NABIL,9/30/2024,540.0,550.5,540.0,550.0,1.57,49497.0,581.0,485.0
NABIL,10/1/2024,550.0,571.0,550.0,568.0,3.27,74522.0,581.0,485.0
NABIL,10/2/2024,571.0,579.3,565.0,565.0,-0.53,56823.0,581.0,485.0
NABIL,10/6/2024,565.0,574.0,556.0,574.0,1.59,84468.0,581.0,485.0
NABIL,10/7/2024,584.0,593.2,580.0,591.5,3.05,69067.0,581.0,485.0
NABIL,10/8/2024,592.0,600.0,580.0,591.0,-0.08,65705.0,581.0,485.0
NABIL,10/9/2024,595.0,595.0,580.0,593.0,0.34,38505.0,581.0,485.0
NABIL,10/15/2024,593.0,601.0,593.0,600.0,1.18,69441.0,581.0,485.0
NABIL,10/16/2024,608.0,608.0,601.0,608.0,1.33,94498.0,581.0,485.0
NABIL,10/17/2024,615.0,619.0,602.0,607.1,-0.15,70872.0,581.0,485.0
NABIL,10/20/2024,600.0,606.0,593.0,597.0,-1.66,100302.0,581.0,485.0
NABIL,10/21/2024,595.0,597.0,584.0,585.5,-1.93,112249.0,581.0,485.0
NABIL,10/22/2024,581.5,592.0,577.0,591.0,0.94,77275.0,581.0,485.0
NABIL,10/23/2024,591.0,607.2,591.0,594.0,0.51,63996.0,581.0,485.0
NABIL,10/24/2024,590.1,600.0,590.0,591.5,-0.42,41245.0,581.0,485.0
NABIL,10/27/2024,588.09,599.0,585.1,587.0,-0.76,33289.0,581.0,485.0
NABIL,10/28/2024,585.0,594.9,583.5,585.0,-0.34,51581.0,581.0,485.0
NABIL,10/29/2024,595.0,595.0,586.1,591.8,1.16,38978.0,581.0,485.0
NABIL,10/30/2024,580.0,583.0,569.0,576.0,-2.67,215581.0,581.0,485.0
NABIL,11/5/2024,570.1,576.0,565.0,567.0,-1.56,98344.0,581.0,485.0
NABIL,11/6/2024,565.0,567.0,562.8,564.6,-0.42,54129.0,581.0,485.0
NABIL,11/10/2024,565.0,573.0,565.0,570.0,0.96,108867.0,581.0,485.0
NABIL,11/11/2024,573.0,579.0,568.0,569.0,-0.18,87145.0,581.0,485.0
NABIL,11/12/2024,570.6,572.0,566.0,566.2,-0.49,58126.0,581.0,485.0
NABIL,11/13/2024,566.2,570.0,560.2,561.0,-0.92,48085.0,581.0,485.0
NABIL,11/14/2024,566.0,566.0,557.0,562.0,0.18,59666.0,581.0,485.0
NABIL,11/17/2024,562.0,570.0,562.0,562.1,0.02,62749.0,581.0,485.0
NABIL,11/19/2024,560.0,568.0,557.0,559.8,-0.41,84892.0,581.0,485.0
NABIL,11/20/2024,560.0,562.0,552.0,557.0,-0.5,61578.0,581.0,485.0
NABIL,11/21/2024,565.0,565.0,552.2,553.7,-0.59,56753.0,581.0,485.0
NABIL,11/24/2024,564.0,564.7,555.0,558.0,0.78,109617.0,581.0,485.0
NABIL,11/25/2024,569.1,569.1,542.7,547.6,-1.86,78417.0,581.0,485.0
NABIL,11/26/2024,547.6,556.0,540.0,545.0,-0.47,96250.0,581.0,485.0
NABIL,11/27/2024,545.0,549.5,544.0,548.0,0.55,59923.0,581.0,485.0
NABIL,11/28/2024,545.0,551.0,539.0,540.0,-1.46,98283.0,581.0,485.0
NABIL,12/1/2024,537.3,540.0,534.1,536.0,-0.74,79422.0,581.0,485.0
NABIL,12/2/2024,546.7,546.7,533.0,534.0,-0.37,80685.0,581.0,485.0
NABIL,12/3/2024,544.6,544.6,530.2,532.0,-0.37,62719.0,581.0,485.0
NABIL,12/4/2024,542.6,542.6,530.0,530.0,-0.38,69630.0,581.0,485.0
NABIL,12/5/2024,540.6,540.6,523.0,525.0,-0.94,61452.0,581.0,485.0
NABIL,12/8/2024,526.0,526.0,513.5,514.5,-2.0,76545.0,581.0,485.0
NABIL,12/9/2024,505.0,516.9,505.0,510.0,-0.87,54624.0,581.0,485.0
NABIL,12/10/2024,510.0,514.0,505.0,508.1,-0.37,51966.0,581.0,485.0
NABIL,12/11/2024,508.0,529.8,506.1,528.0,3.92,70328.0,581.0,485.0
NABIL,12/12/2024,535.0,538.5,518.3,520.0,-1.52,56954.0,581.0,485.0
NABIL,12/16/2024,520.0,524.0,509.7,512.9,-1.37,47147.0,581.0,485.0
NABIL,12/17/2024,513.0,518.0,509.1,512.0,-0.18,53169.0,581.0,485.0
NABIL,12/18/2024,501.8,520.4,501.8,511.8,-0.04,57475.0,581.0,485.0
NABIL,12/19/2024,512.0,514.0,508.0,508.0,-0.74,73723.0,581.0,485.0
NABIL,12/22/2024,497.9,511.0,497.9,502.9,-1.0,67080.0,581.0,485.0
NABIL,12/23/2024,502.9,502.9,498.0,501.0,-0.38,86473.0,581.0,485.0
NABIL,12/24/2024,503.0,506.0,499.1,501.0,0.0,66517.0,581.0,485.0
NABIL,12/26/2024,511.0,511.0,498.0,502.0,0.2,127622.0,581.0,485.0
NABIL,12/29/2024,504.1,508.9,499.0,502.7,0.14,64296.0,581.0,485.0
NABIL,12/31/2024,512.7,512.7,498.0,502.0,-0.14,53222.0,581.0,485.0
NABIL,1/1/2025,502.0,502.9,500.0,501.4,-0.12,29808.0,581.0,485.0
NABIL,1/2/2025,502.0,502.0,499.0,499.3,-0.42,43634.0,581.0,485.0
NABIL,1/5/2025,502.0,504.0,498.0,499.0,-0.06,67379.0,581.0,485.0
NABIL,1/6/2025,501.5,501.5,498.0,499.0,0.0,102420.0,581.0,485.0
NABIL,1/7/2025,499.0,504.0,498.0,500.0,0.2,64195.0,581.0,485.0
NABIL,1/8/2025,510.0,510.0,497.0,498.9,-0.22,74206.0,581.0,485.0
NABIL,1/9/2025,499.0,500.0,494.0,495.5,-0.68,138476.0,581.0,485.0
NABIL,1/12/2025,505.4,505.4,490.0,490.6,-0.99,46984.0,581.0,485.0
NABIL,1/13/2025,491.0,496.0,489.5,489.5,-0.22,86269.0,581.0,485.0
NABIL,1/15/2025,492.1,494.0,489.0,489.5,0.0,52957.0,581.0,485.0
NABIL,1/16/2025,490.0,495.0,487.0,489.1,-0.08,51859.0,581.0,485.0
NABIL,1/19/2025,489.0,497.0,485.0,488.2,-0.18,52392.0,581.0,485.0
NABIL,1/20/2025,490.0,495.0,482.2,484.5,-0.76,82199.0,581.0,485.0
NABIL,1/21/2025,484.0,489.0,480.3,483.4,-0.23,50098.0,581.0,485.0
NABIL,1/22/2025,483.0,488.8,483.0,486.0,0.54,62780.0,581.0,485.0
NABIL,1/23/2025,490.0,492.0,485.3,488.0,0.41,51932.0,581.0,485.0
NABIL,1/26/2025,492.0,492.0,482.1,482.2,-1.19,54531.0,581.0,485.0
NABIL,1/27/2025,481.0,483.0,477.2,479.5,-0.56,62150.0,581.0,485.0
NABIL,1/28/2025,478.0,481.0,475.0,476.0,-0.73,108959.0,581.0,485.0
NABIL,2/2/2025,479.0,493.4,476.1,491.4,3.24,105241.0,581.0,485.0
NABIL,2/3/2025,492.0,503.0,491.4,495.9,0.92,109341.0,581.0,485.0
NABIL,2/4/2025,500.0,500.0,490.0,493.0,-0.58,53987.0,581.0,485.0
NABIL,2/5/2025,491.1,493.0,489.5,490.0,-0.61,70028.0,581.0,485.0
NABIL,2/6/2025,494.0,495.0,486.0,486.7,-0.67,50451.0,581.0,485.0
NABIL,2/9/2025,495.0,495.0,485.0,486.3,-0.08,49012.0,581.0,485.0
NABIL,2/10/2025,486.5,490.0,484.0,490.0,0.76,51838.0,581.0,485.0
NABIL,2/11/2025,492.0,492.0,486.0,487.0,-0.61,29647.0,581.0,485.0
NABIL,2/12/2025,487.0,487.0,482.1,485.0,-0.41,51961.0,581.0,485.0
NABIL,2/13/2025,488.0,490.0,482.1,485.5,0.1,40707.0,581.0,485.0
NABIL,2/16/2025,486.8,488.3,482.9,487.0,0.31,53350.0,581.0,485.0
NABIL,2/17/2025,487.0,495.9,485.3,494.0,1.44,70310.0,581.0,485.0
NABIL,2/18/2025,500.0,500.0,494.0,496.0,0.4,60431.0,581.0,485.0
NABIL,2/20/2025,486.1,503.8,486.1,494.9,-0.22,44322.0,581.0,485.0
NABIL,2/23/2025,485.1,495.0,485.1,489.9,-1.01,84304.0,581.0,485.0
NABIL,2/24/2025,490.0,495.0,488.5,489.0,-0.18,63464.0,581.0,485.0
NABIL,2/25/2025,490.0,490.0,488.0,489.0,0.0,36470.0,581.0,485.0
NABIL,2/27/2025,498.7,518.0,498.0,501.8,2.62,123140.0,581.0,485.0
NABIL,3/2/2025,511.8,519.0,506.0,519.0,3.43,114489.0,581.0,485.0
NABIL,3/3/2025,523.0,529.2,515.0,515.0,-0.77,110922.0,581.0,485.0
NABIL,3/4/2025,520.0,520.0,504.0,507.0,-1.55,116499.0,581.0,485.0
NABIL,3/5/2025,509.5,509.5,498.5,499.0,-1.58,66686.0,581.0,485.0
NABIL,3/6/2025,502.0,502.0,498.1,498.1,-0.18,76130.0,581.0,485.0
NABIL,3/9/2025,498.0,502.0,493.0,495.0,-0.62,53038.0,581.0,485.0
NABIL,3/10/2025,496.0,500.0,490.0,491.0,-0.81,44625.0,581.0,485.0
NABIL,3/11/2025,492.0,495.0,486.1,491.0,0.0,45903.0,581.0,485.0
NABIL,3/12/2025,494.0,494.0,489.0,491.0,0.0,39132.0,581.0,485.0
NABIL,3/16/2025,494.9,494.9,485.0,491.1,0.02,71238.0,581.0,485.0
NABIL,3/17/2025,491.1,498.0,486.0,490.0,-0.22,41530.0,581.0,485.0
NABIL,3/18/2025,499.8,499.8,488.0,491.4,0.29,28929.0,581.0,485.0
NABIL,3/19/2025,495.0,496.0,487.0,488.9,-0.51,49272.0,581.0,485.0
NABIL,3/20/2025,489.0,490.0,487.0,487.31,-0.33,36716.0,581.0,485.0
NABIL,3/23/2025,488.0,488.0,482.0,482.62,-0.96,48632.0,581.0,485.0
NABIL,3/24/2025,484.5,486.0,476.5,484.03,0.29,54964.0,581.0,485.0
NABIL,3/25/2025,485.0,485.0,478.0,480.13,-0.81,78144.0,581.0,485.0
NABIL,3/26/2025,485.0,485.0,477.0,481.31,0.25,49757.0,581.0,485.0
NABIL,3/27/2025,490.9,490.9,480.0,485.09,0.79,38210.0,581.0,485.0
NABIL,3/30/2025,485.0,492.0,484.0,485.96,0.18,52866.0,581.0,485.0
NABIL,4/1/2025,490.0,493.0,483.0,484.56,-0.29,37377.0,581.0,485.0
NABIL,4/2/2025,494.2,494.2,484.0,485.26,0.14,36189.0,581.0,485.0
NABIL,4/3/2025,491.0,494.0,486.1,488.73,0.72,42041.0,581.0,485.0
NABIL,4/7/2025,490.0,497.0,482.0,486.97,-0.36,46130.0,581.0,485.0
NABIL,4/8/2025,485.0,486.0,478.0,484.65,-0.48,38820.0,581.0,485.0
NABIL,4/9/2025,494.0,494.0,483.2,486.27,0.33,26187.0,581.0,485.0
NABIL,4/10/2025,491.0,492.4,484.0,485.97,-0.06,30292.0,581.0,485.0
NABIL,4/13/2025,495.6,495.6,484.1,486.97,0.21,44237.0,581.0,485.0
NABIL,4/15/2025,496.0,496.0,486.0,487.96,0.2,62586.0,581.0,485.0
NABIL,4/16/2025,497.0,497.0,488.0,489.31,0.28,43376.0,581.0,485.0
NABIL,4/17/2025,490.8,495.6,489.0,494.38,1.04,54656.0,581.0,485.0
NABIL,4/20/2025,500.0,501.2,490.0,492.09,-0.46,79228.0,581.0,485.0
NABIL,4/21/2025,494.9,495.0,490.0,490.87,-0.25,49104.0,581.0,485.0
NABIL,4/22/2025,490.0,494.0,485.0,487.76,-0.63,31332.0,581.0,485.0
NABIL,4/23/2025,487.0,488.0,482.0,486.77,-0.2,65014.0,581.0,485.0
NABIL,4/24/2025,483.0,489.9,483.0,485.87,-0.18,30597.0,581.0,485.0
NABIL,4/27/2025,490.0,490.0,483.2,485.01,-0.18,50578.0,581.0,485.0
NABIL,4/28/2025,485.3,487.9,480.6,481.3,-0.76,45746.0,581.0,485.0
NABIL,4/29/2025,480.0,488.0,480.0,481.45,0.03,29998.0,581.0,485.0
NABIL,4/30/2025,480.0,487.0,478.0,478.18,-0.68,49915.0,581.0,485.0
NABIL,5/4/2025,480.0,487.4,477.0,478.32,0.03,44594.0,581.0,485.0
NABIL,5/5/2025,478.0,481.0,477.0,478.25,-0.01,39597.0,581.0,485.0
NABIL,5/6/2025,478.0,484.0,475.1,476.94,-0.27,39968.0,581.0,485.0
NABIL,5/7/2025,477.0,485.0,474.1,483.31,1.34,66388.0,581.0,485.0
NABIL,5/8/2025,490.0,490.0,480.5,482.64,-0.14,54724.0,581.0,485.0
NABIL,5/11/2025,490.0,490.0,484.5,485.65,0.62,44892.0,581.0,485.0
NABIL,5/13/2025,488.0,493.6,481.0,487.41,0.36,65061.0,581.0,485.0
NABIL,5/14/2025,490.0,490.0,482.0,483.85,-0.73,25028.0,581.0,485.0
NABIL,5/15/2025,485.0,486.0,481.5,482.11,-0.36,47247.0,581.0,485.0
NABIL,5/18/2025,483.0,485.0,479.0,480.49,-0.34,37266.0,581.0,485.0
NABIL,5/19/2025,488.0,488.0,479.9,482.58,0.43,42039.0,581.0,485.0
NABIL,5/20/2025,482.6,489.0,481.0,488.16,1.16,43243.0,581.0,485.0
NABIL,5/21/2025,497.9,527.0,492.5,494.21,1.24,91325.0,581.0,485.0
NABIL,5/22/2025,499.5,503.0,494.6,499.55,1.08,71455.0,581.0,485.0
NABIL,5/25/2025,509.5,510.0,495.0,496.75,-0.56,108411.0,581.0,485.0
NABIL,5/26/2025,506.6,516.0,496.1,498.07,0.27,87620.0,581.0,485.0
NABIL,5/27/2025,498.0,498.1,493.6,496.48,-0.32,33750.0,581.0,485.0
NABIL,5/28/2025,501.9,501.9,494.0,500.42,0.79,66059.0,581.0,485.0
NABIL,6/2/2025,510.4,510.4,500.1,500.78,0.07,73634.0,581.0,485.0
NABIL,6/3/2025,505.9,505.9,495.0,497.45,-0.66,54808.0,581.0,485.0
NABIL,6/4/2025,499.0,499.0,490.0,491.11,-1.27,48051.0,581.0,485.0
NABIL,6/5/2025,498.0,498.0,489.0,492.37,0.26,47113.0,581.0,485.0
NABIL,6/8/2025,490.0,495.0,489.0,489.65,-0.55,50694.0,581.0,485.0
NABIL,6/9/2025,489.9,494.9,489.0,490.93,0.26,29647.0,581.0,485.0
NABIL,6/10/2025,494.9,494.9,490.0,491.77,0.17,38403.0,581.0,485.0
NABIL,6/11/2025,495.0,495.0,490.0,490.34,-0.29,39951.0,581.0,485.0
NABIL,6/12/2025,493.0,493.0,488.3,489.44,-0.18,53316.0,581.0,485.0
NABIL,6/15/2025,495.0,495.0,490.0,490.73,0.26,43276.0,581.0,485.0
NABIL,6/16/2025,497.0,497.0,489.0,490.59,-0.03,48455.0,581.0,485.0
NABIL,6/17/2025,490.0,492.0,487.1,488.99,-0.33,36559.0,581.0,485.0
NABIL,6/18/2025,490.0,492.0,488.0,489.97,0.2,44689.0,581.0,485.0
NABIL,6/19/2025,494.8,494.8,487.0,489.04,-0.19,78016.0,581.0,485.0
NABIL,6/22/2025,493.0,493.0,485.0,488.99,-0.01,47834.0,581.0,485.0
NABIL,6/23/2025,489.9,489.9,485.0,487.35,-0.34,30576.0,581.0,485.0
NABIL,6/24/2025,489.0,493.0,483.2,487.3,-0.01,54280.0,581.0,485.0
NABIL,6/25/2025,488.0,488.9,481.0,486.24,-0.22,24807.0,581.0,485.0
NABIL,6/26/2025,486.0,488.5,485.1,485.95,-0.06,33097.0,581.0,485.0
NABIL,6/29/2025,482.0,490.0,482.0,489.82,0.8,40790.0,581.0,485.0
NABIL,6/30/2025,490.1,493.1,490.1,491.81,0.41,37425.0,581.0,485.0
NABIL,7/1/2025,496.4,496.4,491.0,491.79,-0.0,35495.0,581.0,485.0
NABIL,7/2/2025,494.5,495.8,491.0,494.96,0.64,55089.0,581.0,485.0
NABIL,7/3/2025,491.1,500.0,490.0,498.22,0.66,91180.0,581.0,485.0
NABIL,7/6/2025,506.0,506.8,499.1,500.89,0.54,64130.0,581.0,485.0
NABIL,7/7/2025,500.0,503.0,496.3,497.07,-0.76,36175.0,581.0,485.0
NABIL,7/8/2025,500.0,500.0,493.0,495.46,-0.32,33006.0,581.0,485.0
NABIL,7/9/2025,500.0,500.0,495.2,499.01,0.72,42721.0,581.0,485.0
NABIL,7/10/2025,503.0,522.0,500.0,511.17,2.44,264663.0,581.0,485.0
NABIL,7/13/2025,521.3,537.5,521.3,535.77,4.81,270279.0,581.0,485.0
NABIL,7/14/2025,538.0,538.0,521.1,522.22,-2.53,165976.0,581.0,485.0
NABIL,7/15/2025,524.0,530.0,515.0,529.8,1.45,136308.0,581.0,485.0
NABIL,7/16/2025,530.0,543.6,530.0,541.37,2.18,260180.0,581.0,485.0
NABIL,7/17/2025,545.0,554.0,542.2,548.66,1.35,192877.0,581.0,485.0
NABIL,7/20/2025,550.0,560.0,548.0,549.77,0.2,233008.0,581.0,485.0
NABIL,7/21/2025,550.0,554.0,540.0,545.21,-0.83,126936.0,581.0,485.0
NABIL,7/22/2025,545.2,555.5,545.2,554.63,1.73,172337.0,581.0,485.0
NABIL,7/23/2025,543.6,562.0,543.6,551.41,-0.58,132486.0,581.0,485.0
NABIL,7/24/2025,552.0,556.0,547.1,548.08,-0.6,95913.0,581.0,485.0
NABIL,7/27/2025,550.0,554.0,545.1,547.84,-0.04,147629.0,581.0,485.0
NABIL,7/28/2025,545.5,547.0,536.0,540.43,-1.35,183214.0,581.0,485.0
NABIL,7/29/2025,547.0,552.0,545.0,548.55,1.5,142244.0,581.0,485.0
NABIL,7/30/2025,550.7,555.0,545.0,545.18,-0.61,115662.0,581.0,485.0
NABIL,7/31/2025,540.1,548.2,535.0,536.48,-1.6,110940.0,581.0,485.0
NABIL,8/3/2025,536.0,538.0,522.5,524.4,-2.25,166184.0,581.0,485.0
NABIL,8/4/2025,524.4,532.0,519.0,527.97,0.68,103313.0,581.0,485.0
NABIL,8/5/2025,517.5,540.0,517.5,527.73,-0.05,91553.0,581.0,485.0
NABIL,8/6/2025,530.0,530.0,523.0,525.93,-0.34,48952.0,581.0,485.0
NABIL,8/7/2025,534.9,534.9,525.6,527.36,0.27,63502.0,581.0,485.0
NABIL,8/11/2025,533.0,534.0,525.0,526.3,-0.2,69423.0,581.0,485.0
NABIL,8/12/2025,530.0,534.5,524.2,524.86,-0.27,79172.0,581.0,485.0
NABIL,8/13/2025,523.0,524.9,522.0,523.63,-0.23,50014.0,581.0,485.0
NABIL,8/14/2025,524.1,526.5,523.1,523.82,0.04,47263.0,581.0,485.0
NABIL,8/17/2025,525.0,528.0,519.0,521.21,-0.5,63880.0,581.0,485.0
NABIL,8/18/2025,520.0,524.0,517.0,518.95,-0.43,48703.0,581.0,485.0
NABIL,8/19/2025,525.0,525.0,518.0,518.81,-0.03,44459.0,581.0,485.0
NABIL,8/20/2025,518.0,521.0,517.0,518.81,0.0,43704.0,581.0,485.0
NABIL,8/21/2025,524.9,524.9,517.3,518.14,-0.13,38427.0,581.0,485.0
NABIL,8/24/2025,520.0,520.0,513.0,513.56,-0.88,72676.0,581.0,485.0
NABIL,8/25/2025,512.0,525.0,509.0,522.58,1.76,81167.0,581.0,485.0
NABIL,8/26/2025,514.5,533.0,514.5,529.35,1.3,67932.0,581.0,485.0
NABIL,8/27/2025,539.9,539.9,526.5,533.87,0.85,64476.0,581.0,485.0
NABIL,8/28/2025,532.0,538.9,527.0,528.86,-0.94,83641.0,581.0,485.0
NABIL,8/31/2025,535.0,536.9,520.0,520.84,-1.52,66938.0,581.0,485.0
NABIL,9/1/2025,531.2,531.2,518.0,527.66,1.31,42334.0,581.0,485.0
NABIL,9/2/2025,538.2,538.2,523.3,523.75,-0.74,34983.0,581.0,485.0
NABIL,9/3/2025,520.0,529.0,519.0,519.88,-0.74,34096.0,581.0,485.0
NABIL,9/4/2025,528.0,528.0,515.0,517.58,-0.44,40199.0,581.0,485.0
NABIL,9/7/2025,507.3,517.8,507.3,514.87,-0.52,25831.0,581.0,485.0
NABIL,9/8/2025,515.0,515.0,510.0,513.15,-0.33,42962.0,581.0,485.0
NABIL,9/18/2025,502.9,502.9,471.0,483.0,-5.88,16660.0,581.0,485.0
NABIL,9/21/2025,474.0,514.0,474.0,510.18,5.63,122490.0,581.0,485.0
NABIL,9/23/2025,516.9,525.0,513.0,523.5,2.61,55373.0,581.0,485.0
NABIL,9/24/2025,525.0,528.0,515.0,522.0,-0.29,59254.0,581.0,485.0
NABIL,9/25/2025,523.0,524.9,516.0,521.6,-0.08,28626.0,581.0,485.0
NABIL,9/28/2025,524.0,528.0,521.0,527.0,1.04,30997.0,581.0,485.0
NABIL,10/7/2025,530.0,530.0,512.6,521.0,-1.14,48977.0,581.0,485.0
NABIL,10/8/2025,523.0,523.0,505.0,514.0,-1.34,78401.0,581.0,485.0
NABIL,10/9/2025,523.9,544.0,514.0,519.9,1.15,43284.0,581.0,485.0
NABIL,10/12/2025,530.2,530.2,505.0,510.5,-1.81,65413.0,581.0,485.0
NABIL,10/13/2025,519.9,520.0,506.0,510.0,-0.1,53374.0,581.0,485.0
NABIL,10/14/2025,518.5,518.5,510.0,510.0,0.0,31168.0,581.0,485.0
NABIL,10/15/2025,518.0,518.0,507.0,508.7,-0.25,38107.0,581.0,485.0
NABIL,10/16/2025,517.9,517.9,506.0,509.0,0.06,37341.0,581.0,485.0
NABIL,10/19/2025,512.0,512.0,506.0,507.9,-0.22,38379.0,581.0,485.0
NABIL,10/26/2025,508.0,508.0,503.0,505.3,-0.51,32708.0,581.0,485.0
NABIL,10/28/2025,505.3,510.0,505.0,509.0,0.73,49884.0,581.0,485.0
NABIL,10/29/2025,509.0,516.3,507.0,507.0,-0.39,51578.0,581.0,485.0
NABIL,10/30/2025,503.1,512.0,503.1,506.0,-0.2,37178.0,581.0,485.0
NABIL,11/2/2025,516.1,516.1,508.0,511.1,1.01,33330.0,581.0,485.0
NABIL,11/3/2025,515.0,517.0,510.1,513.1,0.39,32079.0,581.0,485.0
NABIL,11/4/2025,515.0,517.9,511.1,511.1,-0.39,27560.0,581.0,485.0
NABIL,11/5/2025,513.0,516.9,508.0,513.1,0.39,27044.0,581.0,485.0
NABIL,11/6/2025,515.0,517.0,506.7,507.3,-1.13,46224.0,581.0,485.0
NABIL,11/9/2025,510.0,514.9,507.0,508.5,0.24,39600.0,581.0,485.0
NABIL,11/10/2025,509.0,510.0,506.0,509.0,0.1,49391.0,581.0,485.0
NABIL,11/11/2025,510.0,510.0,505.3,507.9,-0.22,21898.0,581.0,485.0
NABIL,11/12/2025,508.0,508.9,504.0,504.0,-0.77,29577.0,581.0,485.0
NABIL,11/13/2025,505.1,505.1,502.0,503.0,-0.2,32775.0,581.0,485.0
NABIL,11/16/2025,503.0,506.9,501.0,503.5,0.1,31462.0,581.0,485.0
NABIL,11/17/2025,504.0,509.9,504.0,508.0,0.89,24130.0,581.0,485.0
NABIL,11/18/2025,508.0,510.0,505.6,507.1,-0.18,24383.0,581.0,485.0
NABIL,11/19/2025,511.0,511.0,505.0,507.0,-0.02,18121.0,581.0,485.0
NABIL,11/20/2025,508.0,508.0,503.0,506.0,-0.2,27947.0,581.0,485.0
NABIL,11/23/2025,505.0,510.5,505.0,509.5,0.69,48408.0,581.0,485.0
NABIL,11/24/2025,508.0,513.9,507.0,513.0,0.69,22139.0,581.0,485.0
NABIL,11/25/2025,518.0,518.0,508.5,510.5,-0.49,29221.0,581.0,485.0
NABIL,11/26/2025,510.0,513.0,507.0,511.0,0.1,35156.0,581.0,485.0
NABIL,11/27/2025,511.0,517.0,509.0,514.9,0.76,50106.0,581.0,485.0
NABIL,11/30/2025,518.0,522.0,513.0,513.2,-0.33,40956.0,581.0,485.0
NABIL,12/1/2025,519.4,519.4,510.5,512.0,-0.23,21944.0,581.0,485.0
NABIL,12/2/2025,512.0,516.8,510.0,512.5,0.1,39306.0,581.0,485.0
NABIL,12/3/2025,515.0,515.0,510.0,510.2,-0.45,25319.0,581.0,485.0
NABIL,12/7/2025,502.0,510.0,502.0,503.0,-1.41,88964.0,581.0,485.0
NABIL,12/8/2025,503.0,503.0,495.0,495.0,-1.59,81912.0,581.0,485.0
NABIL,12/9/2025,500.0,500.0,491.1,496.0,0.2,55413.0,581.0,485.0
NABIL,12/10/2025,500.0,500.0,493.0,494.7,-0.26,29665.0,581.0,485.0
NABIL,12/11/2025,492.2,497.5,492.0,495.0,0.06,37306.0,581.0,485.0
NABIL,12/14/2025,500.0,500.0,490.0,492.0,-0.61,78979.0,581.0,485.0
NABIL,12/15/2025,492.0,495.0,489.0,494.0,0.41,36245.0,581.0,485.0
NABIL,12/16/2025,494.0,500.0,494.0,499.0,1.01,30522.0,581.0,485.0
NABIL,12/17/2025,503.0,505.0,497.0,499.9,0.18,44903.0,581.0,485.0
NABIL,12/18/2025,500.0,504.0,495.1,499.0,-0.18,39506.0,581.0,485.0
NABIL,12/21/2025,500.0,504.4,493.0,497.0,-0.4,24230.0,581.0,485.0
NABIL,12/22/2025,500.0,500.0,492.0,497.1,0.02,36711.0,581.0,485.0
NABIL,12/23/2025,499.0,502.0,496.5,497.2,0.02,33607.0,581.0,485.0
NABIL,12/24/2025,498.5,500.0,496.1,498.6,0.28,40096.0,581.0,485.0
NABIL,12/28/2025,499.0,504.0,496.0,503.4,0.96,61455.0,581.0,485.0
NABIL,12/29/2025,508.0,508.9,500.0,506.5,0.62,78664.0,581.0,485.0
NABIL,12/31/2025,500.0,502.0,494.7,496.7,-1.93,65111.0,581.0,485.0
NABIL,1/1/2026,495.0,496.0,490.0,492.0,-0.95,35796.0,581.0,485.0
NABIL,1/4/2026,491.5,495.0,488.1,490.3,-0.35,44294.0,581.0,485.0
NABIL,1/5/2026,492.0,492.0,488.1,489.5,-0.16,57630.0,581.0,485.0
NABIL,1/6/2026,490.0,492.0,489.0,489.5,0.0,47593.0,581.0,485.0
NABIL,1/7/2026,493.0,493.9,489.0,489.0,-0.1,38590.0,581.0,485.0
NABIL,1/8/2026,492.0,492.0,486.5,489.0,0.0,35678.0,581.0,485.0
NABIL,1/12/2026,490.0,495.0,487.0,487.0,-0.41,40413.0,581.0,485.0
NABIL,1/13/2026,496.0,496.0,485.0,488.1,0.23,60812.0,581.0,485.0
NABIL,1/14/2026,490.0,490.0,487.0,487.5,-0.12,44542.0,581.0,485.0
NABIL,1/18/2026,488.0,492.0,487.7,490.8,0.68,71435.0,581.0,485.0
NABIL,1/20/2026,490.8,500.0,490.8,496.5,1.16,72522.0,581.0,485.0
NABIL,1/21/2026,502.0,504.0,493.0,496.1,-0.08,44079.0,581.0,485.0
NABIL,1/22/2026,498.0,498.0,492.3,493.1,-0.6,63230.0,581.0,485.0
NABIL,1/25/2026,496.9,499.0,492.0,497.2,0.83,104063.0,581.0,485.0
NABIL,1/26/2026,501.0,504.0,496.0,497.0,-0.04,109372.0,581.0,485.0
NABIL,1/27/2026,497.0,500.0,492.1,494.9,-0.42,72291.0,581.0,485.0
NABIL,1/28/2026,492.1,495.0,490.1,492.0,-0.59,48841.0,581.0,485.0
NABIL,1/29/2026,500.0,508.0,493.0,497.0,1.02,132087.0,581.0,485.0
NABIL,2/1/2026,500.0,506.0,497.0,498.1,0.22,84076.0,581.0,485.0
NABIL,2/2/2026,488.2,500.0,488.2,498.8,0.14,61083.0,581.0,485.0
NABIL,2/3/2026,500.0,500.0,496.0,498.0,-0.16,78804.0,581.0,485.0
NABIL,2/4/2026,489.0,502.0,489.0,496.1,-0.38,49627.0,581.0,485.0
NABIL,2/5/2026,499.9,501.0,496.5,499.3,0.65,98644.0,581.0,485.0
NABIL,2/8/2026,497.3,500.9,497.0,498.5,-0.16,75640.0,581.0,485.0
NABIL,2/9/2026,499.0,499.0,494.0,495.9,-0.52,68038.0,581.0,485.0
NABIL,2/10/2026,496.0,499.8,492.1,496.4,0.1,63267.0,581.0,485.0
NABIL,2/11/2026,500.0,500.0,495.0,496.0,-0.08,42061.0,581.0,485.0
NABIL,2/12/2026,495.0,498.7,492.5,495.0,-0.2,83293.0,581.0,485.0
NABIL,2/16/2026,498.7,498.8,493.0,497.9,0.59,82231.0,581.0,485.0
NABIL,2/17/2026,495.0,498.5,492.0,497.0,-0.18,90768.0,581.0,485.0
NABIL,2/22/2026,497.8,497.8,490.0,495.0,-0.4,43286.0,581.0,485.0
NABIL,2/23/2026,494.5,498.6,493.0,495.4,0.08,57825.0,581.0,485.0
NABIL,2/24/2026,496.0,497.9,495.0,496.0,0.12,33305.0,581.0,485.0
NABIL,2/25/2026,497.0,499.0,495.0,496.0,0.0,30849.0,581.0,485.0
NABIL,2/26/2026,498.0,499.0,496.5,497.9,0.38,32698.0,581.0,485.0
NABIL,2/27/2026,498.0,499.0,496.5,497.9,0.0,32698.0,581.0,485.0
NABIL,2/28/2026,498.0,499.0,496.5,497.9,0.0,32698.0,581.0,485.0
NABIL,3/2/2026,497.9,500.0,494.0,499.0,0.22,58125.0,581.0,485.0
NABIL,3/3/2026,508.9,508.9,497.0,504.0,1.0,53465.0,581.0,485.0
NABIL,3/4/2026,508.9,508.9,497.0,504.0,0.0,53465.0,581.0,485.0
NABIL,3/5/2026,508.9,508.9,497.0,504.0,0.0,53465.0,581.0,485.0
NABIL,3/6/2026,508.9,508.9,497.0,504.0,0.0,53465.0,581.0,485.0
NABIL,3/7/2026,508.9,508.9,497.0,504.0,0.0,53465.0,581.0,485.0
NABIL,3/8/2026,508.9,508.9,497.0,504.0,0.0,53465.0,581.0,485.0
NABIL,3/9/2026,514.0,550.0,514.0,545.0,8.13,4906.0,581.0,485.0
NABIL,3/10/2026,545.0,555.0,528.0,534.8,-1.87,271844.0,581.0,485.0
NABIL,3/11/2026,539.0,539.0,525.0,527.0,-1.46,78574.0,581.0,485.0
NABIL,3/12/2026,522.1,531.7,522.0,529.0,0.38,81850.0,581.0,485.0
NABIL,3/13/2026,522.1,531.7,522.0,529.0,0.0,81850.0,581.0,485.0
NABIL,3/14/2026,522.1,531.7,522.0,529.0,0.0,81850.0,581.0,485.0
NABIL,3/15/2026,531.0,539.0,528.5,530.5,0.28,92278.0,581.0,485.0
NABIL,3/16/2026,530.0,532.0,523.0,523.0,-1.41,67561.0,581.0,485.0
NABIL,3/17/2026,523.0,530.0,523.0,525.8,0.54,47099.0,581.0,485.0
NABIL,3/18/2026,523.0,530.0,523.0,525.8,0.0,47099.0,581.0,485.0
NABIL,3/19/2026,528.0,536.0,527.0,535.2,1.79,151867.0,581.0,485.0
NABIL,3/20/2026,528.0,536.0,527.0,535.2,0.0,151867.0,581.0,485.0
NABIL,3/21/2026,528.0,536.0,527.0,535.2,0.0,151867.0,581.0,485.0
NABIL,3/22/2026,545.0,545.9,537.0,542.1,1.29,178526.0,581.0,485.0
NABIL,3/23/2026,542.1,546.0,536.7,542.0,-0.02,100511.0,581.0,485.0
NABIL,3/24/2026,546.0,546.0,542.5,544.6,0.48,99147.0,581.0,485.0
NABIL,3/25/2026,544.0,548.0,538.0,539.0,-1.03,133329.0,581.0,485.0
NABIL,3/26/2026,539.0,543.0,533.0,543.0,0.74,58580.0,581.0,485.0
NABIL,3/29/2026,550.0,550.0,534.0,534.1,-2.89,174352.0,581.0,485.0
NABIL,3/30/2026,533.0,539.0,525.1,527.0,-1.13,104673.0,581.0,485.0
NABIL,3/31/2026,535.0,535.0,520.0,531.0,-0.75,86278.0,581.0,485.0
NABIL,4/1/2026,531.0,531.0,520.0,523.0,-1.51,70913.0,581.0,485.0
NABIL,4/2/2026,512.6,524.9,512.0,517.5,0.96,83066.0,581.0,485.0
NABIL,4/5/2026,510.0,518.0,499.8,505.3,-0.92,103324.0,581.0,485.0
NABIL,4/6/2026,506.0,522.0,505.0,518.0,2.37,66226.0,581.0,485.0
NABIL,4/7/2026,523.9,525.9,518.0,520.0,-0.74,48132.0,581.0,485.0
NABIL,4/8/2026,520.0,525.0,520.0,524.0,0.77,63582.0,581.0,485.0
NABIL,4/9/2026,521.0,530.0,521.0,528.0,1.34,38820.0,581.0,485.0
NABIL,4/10/2026,532.0,538.0,526.2,529.5,-0.47,85950.0,581.0,485.0
NABIL,4/13/2026,540.0,540.0,520.0,530.0,-1.85,51167.0,581.0,485.0
NABIL,4/15/2026,530.5,534.0,530.0,531.9,0.26,57069.0,581.0,485.0
NABIL,4/16/2026,535.0,538.0,530.0,531.0,-0.75,59730.0,581.0,485.0
NABIL,4/17/2026,541.6,541.6,528.0,530.0,-2.14,39114.0,581.0,485.0
NABIL,4/20/2026,533.0,534.9,527.1,528.0,-0.94,39912.0,581.0,485.0
NABIL,4/21/2026,550.0,550.0,525.0,526.0,-4.36,35671.0,581.0,485.0
NABIL,4/22/2026,526.0,527.0,519.0,526.5,0.1,66642.0,581.0,485.0
NABIL,4/23/2026,530.0,530.0,518.0,520.0,-1.89,33344.0,581.0,485.0
NABIL,4/24/2026,520.0,520.0,515.0,518.0,-0.38,38819.0,581.0,485.0
NABIL,4/27/2026,518.0,522.0,517.5,519.2,0.23,36199.0,581.0,485.0
NABIL,4/28/2026,519.2,532.0,519.2,525.0,1.12,66167.0,581.0,485.0
NABIL,4/29/2026,525.0,527.0,522.0,524.9,-0.02,36190.0,581.0,485.0
NABIL,4/30/2026,524.0,528.1,520.0,528.0,0.76,47024.0,581.0,485.0
NABIL,5/4/2026,528.0,535.0,516.0,521.0,-1.33,62346.0,581.0,485.0
NABIL,5/5/2026,520.0,526.0,516.0,521.6,0.31,38727.0,581.0,485.0
NABIL,5/6/2026,525.0,527.0,522.0,522.3,-0.51,23570.0,581.0,485.0
NABIL,5/7/2026,525.0,525.0,522.2,523.0,-0.38,32514.0,581.0,485.0
NABIL,5/8/2026,525.0,528.0,520.1,523.0,-0.38,44672.0,581.0,485.0
NABIL,5/11/2026,523.0,532.0,523.0,527.0,0.76,37981.0,581.0,485.0
NABIL,5/12/2026,530.0,533.0,527.0,527.0,-0.57,37974.0,581.0,485.0
NABIL,5/13/2026,527.0,528.0,523.1,527.0,0.0,29723.0,581.0,485.0
NABIL,5/14/2026,530.0,530.0,525.0,527.0,-0.57,23778.0,581.0,485.0
NABIL,5/15/2026,525.1,531.0,525.0,527.0,0.36,22776.0,581.0,485.0
NABIL,5/18/2026,527.0,532.0,525.0,526.0,-0.19,44305.0,581.0,485.0
NABIL,5/19/2026,526.0,530.0,523.0,526.0,0.0,41228.0,581.0,485.0
NABIL,5/20/2026,529.9,531.0,524.0,527.4,-0.47,55468.0,581.0,485.0
NABIL,5/21/2026,527.4,530.0,526.2,527.9,0.09,27246.0,581.0,485.0
NABIL,5/22/2026,529.0,530.8,527.9,530.0,0.19,42686.0,581.0,485.0
NABIL,5/25/2026,530.0,536.0,530.0,535.4,1.02,59099.0,581.0,485.0
NABIL,5/26/2026,540.0,540.0,532.1,537.0,-0.56,59432.0,581.0,485.0
NABIL,5/27/2026,538.7,540.0,534.0,537.0,-0.32,68884.0,581.0,485.0
NABIL,6/1/2026,537.0,544.0,531.0,534.0,-0.56,44350.0,581.0,485.0
NABIL,6/2/2026,540.0,540.0,530.0,536.9,-0.57,43239.0,581.0,485.0
NABIL,6/3/2026,536.0,539.0,532.0,536.5,0.09,36962.0,581.0,485.0
NABIL,6/4/2026,563.0,563.0,531.1,538.8,-4.3,35729.0,581.0,485.0
NABIL,6/5/2026,537.0,540.0,535.0,535.0,-0.37,38895.0,581.0,485.0
NABIL,6/8/2026,536.0,539.9,530.2,533.0,-0.56,52406.0,581.0,485.0
NABIL,6/9/2026,531.0,535.0,530.1,533.0,0.38,49834.0,581.0,485.0
NABIL,6/10/2026,535.0,538.0,531.5,536.0,0.19,29859.0,581.0,485.0
NABIL,6/11/2026,536.0,537.8,533.1,533.1,-0.54,31193.0,581.0,485.0
NABIL,6/12/2026,533.1,535.0,532.0,533.0,-0.02,27399.0,581.0,485.0
NABIL,6/15/2026,533.0,536.7,530.0,531.5,-0.28,39328.0,581.0,485.0
NABIL,6/16/2026,532.0,535.0,531.3,532.0,0.0,30151.0,581.0,485.0
NABIL,6/17/2026,532.0,535.0,530.5,532.0,0.0,20805.0,581.0,485.0
NABIL,6/18/2026,505.4,539.0,505.4,532.0,5.26,23502.0,581.0,485.0
NABIL,6/19/2026,536.0,536.0,530.1,531.0,-0.93,37753.0,581.0,485.0
NABIL,6/22/2026,535.0,535.0,527.0,531.0,-0.75,34257.0,581.0,485.0
NABIL,6/23/2026,531.0,531.0,528.0,529.0,-0.38,33271.0,581.0,485.0
NABIL,6/24/2026,529.0,534.8,520.0,524.5,-0.85,68419.0,581.0,485.0
NABIL,6/26/2026,523.0,529.9,519.5,525.0,0.38,47709.0,581.0,485.0
NABIL,6/29/2026,525.0,530.0,522.0,524.0,-0.19,29220.0,581.0,485.0
NABIL,6/30/2026,526.0,527.0,520.2,521.9,-0.78,24993.0,581.0,485.0
NABIL,7/1/2026,520.0,526.0,515.09,525.0,0.96,44906.0,581.0,485.0
NABIL,7/2/2026,530.0,545.2,512.0,541.0,2.08,231443.0,581.0,485.0
NABIL,7/3/2026,540.0,541.0,519.0,530.0,-1.85,114343.0,581.0,485.0
NABIL,7/6/2026,530.0,535.0,523.0,526.0,-0.75,37851.0,581.0,485.0
NABIL,7/7/2026,527.0,545.0,520.0,534.0,1.33,192322.0,581.0,485.0
NABIL,7/8/2026,534.0,539.8,528.1,532.0,-0.37,32674.0,581.0,485.0
NABIL,7/9/2026,532.0,533.0,527.5,528.6,-0.64,42398.0,581.0,485.0
NABIL,7/10/2026,534.0,534.0,527.0,527.8,-1.16,53475.0,581.0,485.0
NABIL,7/13/2026,530.0,531.0,525.0,526.3,-0.7,48177.0,581.0,485.0
NABIL,7/14/2026,525.1,532.9,525.1,530.1,0.95,76835.0,581.0,485.0
NABIL,7/15/2026,515.0,536.0,515.0,534.0,3.69,57577.0,581.0,485.0
NABIL,7/16/2026,535.5,537.9,534.0,534.9,-0.11,28326.0,581.0,485.0
NABIL,7/17/2026,539.0,546.0,536.0,542.7,0.69,66735.0,581.0,485.0
NABIL,7/20/2026,550.0,551.1,542.7,550.0,0.0,100779.0,581.0,485.0
NABIL,7/21/2026,552.0,554.9,548.0,549.0,-0.54,102884.0,581.0,485.0
NABIL,7/22/2026,550.0,550.0,546.0,546.8,-0.58,48017.0,581.0,485.0
NABIL,7/23/2026,546.0,550.0,545.0,550.0,0.73,40281.0,581.0,485.0
NABIL,7/24/2026,550.0,557.6,546.1,553.1,0.56,91376.0,581.0,485.0
NABIL,7/27/2026,553.0,568.0,553.0,560.0,1.27,155380.0,581.0,485.0
NABIL,7/28/2026,560.0,560.0,554.0,558.0,-0.36,61497.0,581.0,485.0
NABIL,7/29/2026,558.0,560.0,553.5,557.5,-0.09,58797.0,581.0,485.0
NABIL,7/30/2026,530.0,566.0,530.0,554.5,4.62,50772.0,581.0,485.0
NABIL,7/31/2026,554.5,558.6,550.0,556.0,0.27,45634.0,581.0,485.0
NABIL,8/3/2026,528.2,568.0,528.2,557.1,5.47,53226.0,581.0,485.0
NABIL,8/4/2026,560.0,561.8,556.5,558.0,-0.36,60087.0,581.0,485.0
NABIL,8/5/2026,530.1,563.0,530.1,557.0,5.07,75852.0,581.0,485.0
NABIL,8/6/2026,568.0,568.0,550.0,552.0,-2.82,53215.0,581.0,485.0
NABIL,8/7/2026,552.0,560.0,550.1,556.0,0.72,83780.0,581.0,485.0
NABIL,8/10/2026,556.0,556.1,548.0,549.4,-1.19,44025.0,581.0,485.0
NABIL,8/11/2026,556.0,556.0,549.0,551.0,-0.9,26088.0,581.0,485.0
NABIL,8/12/2026,551.0,555.0,549.0,550.0,-0.18,27049.0,581.0,485.0
NABIL,8/13/2026,550.0,553.0,548.0,550.0,0.0,20477.0,581.0,485.0
NABIL,8/14/2026,550.0,552.0,549.0,549.9,-0.02,22999.0,581.0,485.0
NABIL,8/17/2026,549.9,555.0,549.9,551.5,0.29,30252.0,581.0,485.0
NABIL,8/18/2026,555.0,555.0,548.0,550.0,-0.9,36097.0,581.0,485.0
NABIL,8/19/2026,556.0,556.0,545.0,548.0,-1.44,95755.0,581.0,485.0
NABIL,8/20/2026,550.0,552.0,547.0,548.5,-0.27,27241.0,581.0,485.0
NABIL,8/21/2026,550.0,552.0,544.2,545.0,-0.91,38251.0,581.0,485.0
NABIL,8/24/2026,545.0,546.0,540.0,541.5,-0.64,34780.0,581.0,485.0
NABIL,8/25/2026,541.5,543.0,540.0,540.6,-0.17,31533.0,581.0,485.0
NABIL,8/26/2026,540.6,542.0,534.9,536.8,-0.7,42608.0,581.0,485.0
NABIL,8/27/2026,535.0,542.0,530.0,540.2,0.97,36950.0,581.0,485.0
NABIL,8/31/2026,540.0,545.0,535.1,535.2,-0.89,43318.0,581.0,485.0
NABIL,9/1/2026,535.0,539.8,533.0,536.5,0.28,25051.0,581.0,485.0
NABIL,9/2/2026,540.0,541.9,537.0,537.5,-0.46,24088.0,581.0,485.0
NABIL,9/3/2026,540.0,540.0,537.5,539.0,-0.19,21616.0,581.0,485.0
NABIL,9/7/2026,545.1,555.5,545.1,552.5,1.36,126376.0,581.0,485.0
NABIL,9/9/2026,553.0,560.0,552.0,552.0,-0.18,48778.0,581.0,485.0
NABIL,9/10/2026,555.0,555.0,550.0,552.5,-0.45,56560.0,581.0,485.0
NABIL,9/11/2026,552.0,554.9,551.0,552.0,0.0,37182.0,581.0,485.0
NABIL,9/14/2026,552.0,557.0,551.2,554.0,0.36,38965.0,581.0,485.0
NABIL,9/15/2026,581.0,581.0,555.0,560.0,-3.61,100142.0,581.0,485.0
NABIL,9/16/2026,565.0,567.0,557.2,560.0,-0.88,55113.0,581.0,485.0
NABIL,9/17/2026,560.0,565.0,558.1,560.0,0.0,51747.0,581.0,485.0
NABIL,9/18/2026,561.0,563.9,560.0,562.9,0.34,71074.0,581.0,485.0
NABIL,9/22/2026,565.0,567.0,561.1,565.7,0.12,90005.0,581.0,485.0
NABIL,9/23/2026,570.0,570.0,565.0,565.0,-0.88,88903.0,581.0,485.0
NABIL,9/24/2026,566.0,570.0,566.0,569.0,0.53,70749.0,581.0,485.0
NABIL,9/28/2026,569.0,570.4,567.0,567.0,-0.35,71637.0,581.0,485.0
NABIL,9/29/2026,567.0,568.0,563.0,0.0,-100.0,68126.0,581.0,485.0
NABIL,9/30/2026,538.0,538.9,529.0,530.7,-1.36,96214.0,581.0,485.0
NABIL,10/1/2026,531.0,532.0,525.0,528.5,-0.47,73656.0,581.0,485.0
NABIL,10/2/2026,529.0,533.0,525.0,528.7,-0.06,60404.0,581.0,485.0
NABILD2089,12/21/2025,1074.0,1104.0,1074.0,1104.0,,975.0,1154.0,1000.0
NABILD2089,12/24/2025,1082.0,1095.0,1082.0,1095.0,-0.82,300.0,1154.0,1000.0
NABILD2089,12/28/2025,1090.0,1090.0,1087.1,1087.1,-0.72,300.0,1154.0,1000.0
NABILD2089,12/29/2025,1087.1,1090.0,1087.1,1090.0,0.27,105.0,1154.0,1000.0
NABILD2089,12/31/2025,1080.0,1092.0,1080.0,1092.0,0.18,250.0,1154.0,1000.0
NABILD2089,1/1/2026,1081.0,1081.0,1081.0,1081.0,-1.01,100.0,1154.0,1000.0
NABILD2089,1/5/2026,1078.0,1085.0,1078.0,1085.0,0.37,50.0,1154.0,1000.0
NABILD2089,1/6/2026,1081.0,1097.0,1081.0,1097.0,1.11,525.0,1154.0,1000.0
NABILD2089,1/7/2026,1077.0,1077.0,1076.0,1076.0,-1.91,30.0,1154.0,1000.0
NABILD2089,1/8/2026,1081.0,1081.0,1080.0,1080.0,0.37,105.0,1154.0,1000.0
NABILD2089,1/12/2026,1082.0,1084.0,1082.0,1084.0,0.37,50.0,1154.0,1000.0
NABILD2089,1/13/2026,1072.0,1095.0,1072.0,1095.0,1.01,500.0,1154.0,1000.0
NABILD2089,1/14/2026,1073.1,1073.1,1073.1,1073.1,-2.0,25.0,1154.0,1000.0
NABILD2089,1/18/2026,1073.0,1073.0,1073.0,1073.0,-0.01,25.0,1154.0,1000.0
NABILD2089,1/20/2026,1053.1,1056.1,1053.1,1056.1,-1.58,50.0,1154.0,1000.0
NABILD2089,1/21/2026,1061.2,1061.2,1061.2,1061.2,0.48,25.0,1154.0,1000.0
NABILD2089,1/25/2026,1052.1,1052.6,1052.1,1052.6,-0.81,50.0,1154.0,1000.0
NABILD2089,1/27/2026,1055.4,1055.4,1055.4,1055.4,0.27,25.0,1154.0,1000.0
NABILD2089,1/28/2026,1055.4,1060.1,1055.4,1060.0,0.44,77.0,1154.0,1000.0
NABILD2089,2/1/2026,1051.0,1052.0,1045.0,1045.0,-1.42,175.0,1154.0,1000.0
NABILD2089,2/2/2026,1056.3,1056.3,1056.3,1056.3,1.08,50.0,1154.0,1000.0
NABILD2089,2/3/2026,1052.8,1052.8,1052.8,1052.8,-0.33,100.0,1154.0,1000.0
NABILD2089,2/4/2026,1055.8,1057.0,1055.8,1057.0,0.4,125.0,1154.0,1000.0
NABILD2089,2/5/2026,1060.0,1060.0,1060.0,1060.0,0.28,425.0,1154.0,1000.0
NABILD2089,2/11/2026,1060.2,1060.4,1060.2,1060.4,0.04,51.0,1154.0,1000.0
NABILD2089,2/12/2026,1060.0,1061.3,1060.0,1061.3,0.08,150.0,1154.0,1000.0
NABILD2089,2/16/2026,1080.0,1080.0,1065.0,1065.0,0.35,58.0,1154.0,1000.0
NABILD2089,2/17/2026,1060.0,1066.1,1060.0,1066.1,0.1,520.0,1154.0,1000.0
NABILD2089,2/25/2026,1066.1,1066.1,1066.1,1080.0,1.3,2.0,1154.0,1000.0
NABILD2089,3/2/2026,1058.4,1058.4,1058.4,1058.4,-2.0,30.0,1154.0,1000.0
NABILD2089,3/10/2026,1058.4,1058.4,1053.1,1053.1,-0.5,25.0,1154.0,1000.0
NABILD2089,3/11/2026,1055.0,1055.0,1055.0,1055.0,0.18,30.0,1154.0,1000.0
NABILD2089,3/12/2026,1058.1,1058.1,1058.1,1058.0,0.28,25.0,1154.0,1000.0
NABILD2089,3/13/2026,1058.1,1058.1,1058.1,1058.0,0.0,25.0,1154.0,1000.0
NABILD2089,3/14/2026,1058.1,1058.1,1058.1,1058.0,0.0,25.0,1154.0,1000.0
NABILD2089,3/15/2026,1058.2,1058.2,1058.2,1058.2,0.02,50.0,1154.0,1000.0
NABILD2089,3/17/2026,1058.2,1078.1,1058.2,1078.1,1.88,100.0,1154.0,1000.0
NABILD2089,3/18/2026,1058.2,1078.1,1058.2,1078.1,0.0,100.0,1154.0,1000.0
NABILD2089,3/19/2026,1056.7,1077.8,1056.7,1077.8,-0.03,75.0,1154.0,1000.0
NABILD2089,3/20/2026,1056.7,1077.8,1056.7,1077.8,0.0,75.0,1154.0,1000.0
NABILD2089,3/21/2026,1056.7,1077.8,1056.7,1077.8,0.0,75.0,1154.0,1000.0
NABILD2089,3/23/2026,1070.0,1070.0,1070.0,1070.0,-0.72,25.0,1154.0,1000.0
NABILD2089,3/24/2026,1050.0,1050.0,1050.0,1050.0,-1.87,25.0,1154.0,1000.0
NABILD2089,3/25/2026,1050.0,1050.0,1050.0,1050.0,0.0,25.0,1154.0,1000.0
NABILD2089,3/26/2026,1070.0,1071.0,1049.6,1070.5,0.05,140.0,1154.0,1000.0
NABILD2089,3/29/2026,1049.1,1060.0,1049.1,1051.1,0.19,80.0,1154.0,1000.0
NABILD2089,3/30/2026,1051.0,1051.0,1051.0,1051.0,0.0,200.0,1154.0,1000.0
NABILD2089,4/5/2026,1053.0,1053.0,1051.0,1051.0,-0.19,80.0,1154.0,1000.0
NABILD2089,4/6/2026,1061.0,1061.0,1061.0,1061.0,0.0,50.0,1154.0,1000.0
NABILD2089,4/7/2026,1060.0,1080.0,1050.0,1080.0,1.89,575.0,1154.0,1000.0
NABILD2089,4/8/2026,1058.6,1058.6,1058.6,1058.6,0.0,70.0,1154.0,1000.0
NABILD2089,4/10/2026,1050.2,1060.0,1050.2,1060.0,0.93,100.0,1154.0,1000.0
NABILD2089,4/15/2026,1049.0,1049.0,1049.0,1049.0,0.0,25.0,1154.0,1000.0
NABILD2089,4/17/2026,1060.0,1061.0,1050.3,1061.0,0.09,125.0,1154.0,1000.0
NABILD2089,4/20/2026,1060.0,1060.0,1051.9,1051.9,-0.76,50.0,1154.0,1000.0
NABILD2089,4/21/2026,1061.0,1061.0,1061.0,1061.0,0.0,25.0,1154.0,1000.0
NABILD2089,4/23/2026,1050.1,1050.1,1050.1,1050.1,0.0,25.0,1154.0,1000.0
NABILD2089,4/24/2026,1050.1,1058.9,1049.1,1058.9,0.84,55.0,1154.0,1000.0
NABILD2089,4/28/2026,1058.9,1088.9,1088.9,1088.9,2.83,21.0,1154.0,1000.0
NABILD2089,4/29/2026,1088.9,1065.0,1065.0,1065.0,-2.19,134.0,1154.0,1000.0
NABILD2089,4/30/2026,1060.0,1065.0,1050.0,1065.0,0.47,175.0,1154.0,1000.0
NABILD2089,5/5/2026,1045.1,1045.1,1045.1,1045.1,0.0,25.0,1154.0,1000.0
NABILD2089,5/7/2026,1051.0,1051.0,1051.0,1051.0,0.0,50.0,1154.0,1000.0
NABILD2089,5/8/2026,1060.0,1060.0,1060.0,1060.0,0.0,25.0,1154.0,1000.0
NABILD2089,5/11/2026,1064.1,1064.1,1064.1,1064.1,0.0,25.0,1154.0,1000.0
NABILD2089,5/14/2026,1063.0,1063.0,1063.0,1063.0,0.0,25.0,1154.0,1000.0
NABILD2089,5/15/2026,1084.0,1145.0,1084.0,1145.0,5.63,2600.0,1154.0,1000.0
NABILD2089,5/18/2026,1128.0,1134.0,1100.0,1125.0,-0.27,1474.0,1154.0,1000.0
NABILD2089,5/19/2026,1140.0,1154.0,1140.0,1150.0,0.88,2945.0,1154.0,1000.0
NABILD2089,5/20/2026,1152.0,1154.0,1120.0,1120.0,-2.78,1722.0,1154.0,1000.0
NABILD2089,5/21/2026,1120.0,1120.0,1100.0,1100.0,-1.79,210.0,1154.0,1000.0
NABILD2089,5/25/2026,1125.0,1133.0,1125.0,1095.1,-2.66,335.0,1154.0,1000.0
NABILD2089,5/26/2026,1100.0,1135.0,1100.0,1135.0,3.18,280.0,1154.0,1000.0
NABILD2089,5/27/2026,1102.0,1102.0,1102.0,1102.0,0.0,25.0,1154.0,1000.0
NABILD2089,6/2/2026,1102.0,1140.0,1102.0,1110.0,0.73,445.0,1154.0,1000.0
NABILD2089,6/3/2026,1128.0,1130.0,1128.0,1130.0,0.18,195.0,1154.0,1000.0
NABILD2089,6/4/2026,1130.0,1130.0,1130.0,1130.0,0.0,125.0,1154.0,1000.0
NABILD2089,6/8/2026,1154.0,1154.0,1140.0,1150.0,-0.35,1845.0,1154.0,1000.0
NABILD2089,6/9/2026,1154.0,1154.0,1154.0,1154.0,0.0,100.0,1154.0,1000.0
NABILD2089,6/11/2026,1120.0,1120.0,1120.0,1120.0,0.0,25.0,1154.0,1000.0
NABILD2089,6/12/2026,1093.1,1093.1,1093.0,1093.0,-0.01,13545.0,1154.0,1000.0
NABILD2089,6/15/2026,1092.0,1092.0,1092.0,1092.0,0.0,100.0,1154.0,1000.0
NABILD2089,6/16/2026,1124.0,1124.0,1124.0,1124.0,0.0,10.0,1154.0,1000.0
NABILD2089,6/17/2026,1105.0,1125.0,1105.0,1125.0,1.81,9555.0,1154.0,1000.0
NABILD2089,6/18/2026,1092.0,1092.0,1092.0,1124.7,2.99,15.0,1154.0,1000.0
NABILD2089,6/19/2026,1092.0,1092.0,1092.0,1124.7,2.99,35.0,1154.0,1000.0
NABILD2089,6/22/2026,1147.9,1147.9,1092.0,1092.0,-4.87,13615.0,1154.0,1000.0
NABILD2089,6/24/2026,1090.0,1090.0,1081.0,1081.0,-0.83,55.0,1154.0,1000.0
NABILD2089,6/26/2026,1090.0,1090.0,1090.0,1090.0,0.0,34.0,1154.0,1000.0
NABILD2089,6/30/2026,1090.0,1090.0,1090.0,1060.0,-2.75,27.0,1154.0,1000.0
NABILD2089,7/1/2026,1073.0,1090.0,1070.0,1122.7,4.63,8944.0,1154.0,1000.0
NABILD2089,7/2/2026,1122.7,1122.7,1122.7,1153.0,2.7,2.0,1154.0,1000.0
NABILD2089,7/9/2026,1153.0,1153.0,1153.0,1124.0,-2.52,2.0,1154.0,1000.0
NABILD2089,7/10/2026,1090.3,1090.3,1090.3,1090.3,0.0,25.0,1154.0,1000.0
NABILD2089,7/13/2026,1075.0,1140.0,1049.0,1140.0,6.05,81874.0,1154.0,1000.0
NABILD2089,7/14/2026,1135.0,1142.0,1130.0,1142.0,0.62,3175.0,1154.0,1000.0
NABILD2089,7/21/2026,1107.8,1107.8,1057.0,1057.0,-4.59,38810.0,1154.0,1000.0
NABILD2089,7/23/2026,1088.0,1088.0,1056.0,1056.0,-2.94,125.0,1154.0,1000.0
NABILD2089,7/24/2026,1056.0,1078.0,1056.0,1078.0,2.08,82.0,1154.0,1000.0
NABILD2089,7/27/2026,1080.0,1099.4,1080.0,1080.0,0.0,550.0,1154.0,1000.0
NABILD2089,7/28/2026,1081.0,1081.0,1081.0,1081.0,0.0,7850.0,1154.0,1000.0
NABILD2089,7/29/2026,1056.0,1056.0,1056.0,1056.0,0.0,10.0,1154.0,1000.0
NABILD2089,7/31/2026,1056.0,1056.0,1056.0,1056.0,0.0,25.0,1154.0,1000.0
NABILD2089,8/3/2026,1025.0,1050.0,1025.0,1050.0,2.44,550.0,1154.0,1000.0
NABILD2089,8/6/2026,1040.0,1040.0,1040.0,1040.0,0.0,25.0,1154.0,1000.0
NABILD2089,8/7/2026,1040.0,1040.0,1040.0,1040.0,0.0,25.0,1154.0,1000.0
NABILD2089,8/10/2026,1025.0,1025.0,1025.0,1055.7,3.0,104.0,1154.0,1000.0
NABILD2089,8/12/2026,1050.0,1068.8,1050.0,1068.1,1.72,531.0,1154.0,1000.0
NABILD2089,8/14/2026,1060.0,1087.3,1060.0,1070.0,0.94,1507.0,1154.0,1000.0
NABILD2089,8/19/2026,1087.3,1087.3,1087.3,1087.3,0.0,100.0,1154.0,1000.0
NABILD2089,8/20/2026,1087.3,1087.3,1087.3,1087.3,0.0,25.0,1154.0,1000.0
NABILD2089,8/24/2026,1056.0,1085.0,1056.0,1085.0,2.75,40.0,1154.0,1000.0
NABILD2089,8/25/2026,1053.0,1053.0,1030.0,1030.0,-2.18,525.0,1154.0,1000.0
NABILD2089,8/26/2026,1060.9,1087.9,1060.9,1087.9,2.55,32.0,1154.0,1000.0
NABILD2089,8/27/2026,1060.0,1060.0,1058.0,1058.0,-0.19,100.0,1154.0,1000.0
NABILD2089,8/31/2026,1050.0,1100.0,1050.0,1100.0,4.76,5558.0,1154.0,1000.0
NABILD2089,9/1/2026,1095.0,1095.0,1095.0,1095.0,0.0,25.0,1154.0,1000.0
NABILD2089,9/2/2026,1095.0,1095.0,1070.0,1070.0,-2.28,47.0,1154.0,1000.0
NABILD2089,9/7/2026,1097.0,1100.0,1097.0,1100.0,0.27,888.0,1154.0,1000.0
NABILD2089,9/9/2026,1100.0,1100.0,1068.0,1068.0,-2.91,150.0,1154.0,1000.0
NABILD2089,9/10/2026,1098.0,1100.0,1098.0,1100.0,0.18,350.0,1154.0,1000.0
NABILD2089,9/11/2026,1105.0,1105.0,1105.0,1105.0,0.0,19.0,1154.0,1000.0
NABILD2089,9/15/2026,1105.0,1105.0,1105.0,1105.0,0.0,25.0,1154.0,1000.0
NABILD2089,9/23/2026,1076.18,1076.18,1076.18,1076.18,0.0,25.0,1154.0,1000.0
NABILD2089,9/28/2026,1076.18,1076.18,1076.18,1076.18,0.0,25.0,1154.0,1000.0
NABILD2089,9/29/2026,1058.0,1058.0,1058.0,0.0,-100.0,25.0,1154.0,1000.0
NABILD2089,9/30/2026,1080.0,1080.0,1080.0,1080.0,0.0,115.0,1154.0,1000.0
NABILD2089,10/1/2026,1080.0,1080.0,1077.0,1077.0,-0.28,45.0,1154.0,1000.0
NABILD2089,10/2/2026,1102.0,1105.0,1102.0,1105.0,0.27,75.0,1154.0,1000.0
NABILD87,12/22/2025,1168.0,1168.0,1157.0,1157.0,,50.0,1200.0,1087.5
NABILD87,12/23/2025,1175.0,1175.0,1175.0,1175.0,1.56,100.0,1200.0,1087.5
NABILD87,12/28/2025,1160.0,1160.0,1160.0,1160.0,-1.28,25.0,1200.0,1087.5
NABILD87,12/29/2025,1155.0,1155.0,1155.0,1155.0,-0.43,25.0,1200.0,1087.5
NABILD87,12/31/2025,1155.0,1155.0,1155.0,1178.1,2.0,1.0,1200.0,1087.5
NABILD87,1/1/2026,1178.1,1178.1,1178.1,1178.1,0.0,19.0,1200.0,1087.5
NABILD87,1/5/2026,1156.0,1156.0,1156.0,1156.0,-1.88,25.0,1200.0,1087.5
NABILD87,1/13/2026,1156.0,1156.0,1156.0,1156.0,0.0,50.0,1200.0,1087.5
NABILD87,1/18/2026,1156.0,1180.0,1156.0,1200.0,3.81,80.0,1200.0,1087.5
NABILD87,1/26/2026,1176.0,1176.0,1176.0,1176.0,-2.0,25.0,1200.0,1087.5
NABILD87,2/25/2026,1156.0,1156.0,1156.0,1156.0,-1.7,25.0,1200.0,1087.5
NABILD87,2/26/2026,1133.0,1133.5,1133.0,1133.5,-1.95,100.0,1200.0,1087.5
NABILD87,2/27/2026,1133.0,1133.5,1133.0,1133.5,0.0,100.0,1200.0,1087.5
NABILD87,2/28/2026,1133.0,1133.5,1133.0,1133.5,0.0,100.0,1200.0,1087.5
NABILD87,3/1/2026,1133.0,1133.5,1133.0,1133.5,0.0,100.0,1200.0,1087.5
NABILD87,3/23/2026,1135.0,1135.0,1135.0,1135.0,0.13,25.0,1200.0,1087.5
NABILD87,3/25/2026,1142.0,1142.0,1142.0,1142.0,0.62,25.0,1200.0,1087.5
NABILD87,4/1/2026,1142.0,1142.0,1142.0,1142.0,0.0,25.0,1200.0,1087.5
NABILD87,4/5/2026,1145.0,1145.0,1145.0,1145.0,0.0,25.0,1200.0,1087.5
NABILD87,4/6/2026,1142.1,1142.1,1142.1,1142.1,0.0,25.0,1200.0,1087.5
NABILD87,4/13/2026,1145.0,1145.0,1145.0,1145.0,0.0,25.0,1200.0,1087.5
NABILD87,4/15/2026,1145.0,1145.0,1145.0,1145.0,0.0,50.0,1200.0,1087.5
NABILD87,4/22/2026,1121.1,1121.1,1121.1,1121.1,0.0,25.0,1200.0,1087.5
NABILD87,4/24/2026,1121.1,1140.0,1140.0,1140.0,1.69,25.0,1200.0,1087.5
NABILD87,4/27/2026,1140.0,1174.0,1174.0,1174.0,2.98,20.0,1200.0,1087.5
NABILD87,4/28/2026,1174.0,1200.0,1200.0,1200.0,2.21,20.0,1200.0,1087.5
NABILD87,4/30/2026,1200.0,1200.0,1129.9,1135.0,-5.42,54.0,1200.0,1087.5
NABILD87,5/4/2026,1135.0,1135.0,1135.0,1105.0,-2.64,5.0,1200.0,1087.5
NABILD87,5/6/2026,1130.0,1130.0,1130.0,1130.0,0.0,50.0,1200.0,1087.5
NABILD87,5/26/2026,1130.0,1150.0,1130.0,1150.0,1.77,50.0,1200.0,1087.5
NABILD87,5/27/2026,1133.1,1133.1,1133.1,1133.1,0.0,25.0,1200.0,1087.5
NABILD87,6/5/2026,1152.0,1152.1,1152.0,1152.1,0.01,28374.0,1200.0,1087.5
NABILD87,6/19/2026,1157.9,1157.9,1157.9,1157.9,0.0,33708.0,1200.0,1087.5
NABILD87,6/22/2026,1125.0,1125.0,1125.0,1125.0,0.0,25.0,1200.0,1087.5
NABILD87,6/23/2026,1125.0,1125.0,1125.0,1114.0,-0.98,6.0,1200.0,1087.5
NABILD87,6/30/2026,1125.1,1125.1,1125.1,1125.1,0.0,25.0,1200.0,1087.5
NABILD87,7/6/2026,1125.0,1125.0,1125.0,1125.0,0.0,24155.0,1200.0,1087.5
NABILD87,7/7/2026,1140.0,1140.0,1140.0,1140.0,0.0,27548.0,1200.0,1087.5
NABILD87,7/8/2026,1125.0,1125.0,1125.0,1125.0,0.0,25.0,1200.0,1087.5
NABILD87,7/14/2026,1125.0,1158.0,1125.0,1158.0,2.93,168554.0,1200.0,1087.5
NABILD87,7/20/2026,1158.0,1158.0,1122.4,1122.4,-3.07,130.0,1200.0,1087.5
NABILD87,7/24/2026,1135.0,1135.0,1135.0,1135.0,0.0,25.0,1200.0,1087.5
NABILD87,7/28/2026,1150.0,1150.0,1150.0,1150.0,0.0,24.0,1200.0,1087.5
NABILD87,8/5/2026,1150.0,1150.0,1150.0,1116.0,-2.96,1.0,1200.0,1087.5
NABILD87,9/10/2026,1087.5,1087.5,1087.5,1087.5,0.0,25.0,1200.0,1087.5
NABILD87,9/15/2026,1101.0,1101.0,1101.0,1101.0,0.0,115.0,1200.0,1087.5
NABILD87,9/16/2026,1101.0,1101.0,1101.0,1101.0,0.0,25.0,1200.0,1087.5
NABILD87,9/22/2026,1125.0,1134.0,1125.0,1134.0,0.8,50.0,1200.0,1087.5
NABILD87,9/30/2026,1134.0,1166.9,1134.0,1166.9,2.9,55.0,1200.0,1087.5
NABILD87,10/2/2026,1159.0,1159.0,1159.0,1159.0,0.0,25.0,1200.0,1087.5
NABILP,3/31/2026,301.1,301.1,301.1,301.1,0.0,13314.0,301.1,301.1
NABILP,9/24/2026,310.0,310.0,310.0,310.0,0.0,504428.0,301.1,301.1
NADEP,12/21/2025,775.1,800.0,760.0,800.0,,3351.0,871.0,652.0
NADEP,12/22/2025,785.0,794.0,761.1,794.0,-0.75,3402.0,871.0,652.0
NADEP,12/23/2025,780.0,800.0,770.1,800.0,0.76,4339.0,871.0,652.0
NADEP,12/24/2025,800.0,800.0,775.0,790.0,-1.25,3345.0,871.0,652.0
NADEP,12/28/2025,795.0,813.9,790.0,813.9,3.03,5166.0,871.0,652.0
NADEP,12/29/2025,813.9,817.0,801.2,811.0,-0.36,3488.0,871.0,652.0
NADEP,12/31/2025,818.0,819.0,811.0,817.9,0.85,1435.0,871.0,652.0
NADEP,1/1/2026,820.1,826.0,800.0,820.0,0.26,4588.0,871.0,652.0
NADEP,1/4/2026,808.0,810.0,787.6,810.0,-1.22,2951.0,871.0,652.0
NADEP,1/5/2026,795.0,820.0,795.0,810.0,0.0,3953.0,871.0,652.0
NADEP,1/6/2026,801.1,817.0,801.0,811.0,0.12,2374.0,871.0,652.0
NADEP,1/7/2026,808.0,814.9,800.1,810.0,-0.12,1479.0,871.0,652.0
NADEP,1/8/2026,804.0,812.0,796.0,808.0,-0.25,5098.0,871.0,652.0
NADEP,1/12/2026,808.0,816.0,800.0,803.0,-0.62,1678.0,871.0,652.0
NADEP,1/13/2026,790.7,801.0,787.0,787.0,-1.99,1482.0,871.0,652.0
NADEP,1/14/2026,782.0,810.0,782.0,795.2,1.04,406.0,871.0,652.0
NADEP,1/18/2026,811.0,820.0,801.1,816.9,2.73,4371.0,871.0,652.0
NADEP,1/20/2026,816.9,831.0,816.2,828.9,1.47,2686.0,871.0,652.0
NADEP,1/21/2026,821.1,829.0,813.2,818.3,-1.28,503.0,871.0,652.0
NADEP,1/22/2026,805.1,820.0,805.1,820.0,0.21,4552.0,871.0,652.0
NADEP,1/25/2026,830.0,844.9,826.0,844.9,3.04,3129.0,871.0,652.0
NADEP,1/26/2026,831.0,850.0,825.0,850.0,0.6,3882.0,871.0,652.0
NADEP,1/27/2026,860.0,860.0,812.0,825.0,-2.94,12786.0,871.0,652.0
NADEP,1/28/2026,825.0,826.0,800.1,826.0,0.12,3091.0,871.0,652.0
NADEP,1/29/2026,829.0,842.5,810.0,810.0,-1.94,2133.0,871.0,652.0
NADEP,2/1/2026,810.0,810.0,794.0,807.9,-0.26,2080.0,871.0,652.0
NADEP,2/2/2026,792.0,824.0,792.0,821.0,1.62,1641.0,871.0,652.0
NADEP,2/3/2026,812.0,812.0,801.1,809.0,-1.46,645.0,871.0,652.0
NADEP,2/4/2026,809.0,813.1,793.0,794.0,-1.85,1589.0,871.0,652.0
NADEP,2/5/2026,799.0,810.0,785.0,805.0,1.39,3537.0,871.0,652.0
NADEP,2/8/2026,815.0,815.0,790.3,795.0,-1.24,2933.0,871.0,652.0
NADEP,2/9/2026,791.1,794.0,765.0,794.0,-0.13,8436.0,871.0,652.0
NADEP,2/10/2026,790.0,790.0,775.0,775.0,-2.39,2440.0,871.0,652.0
NADEP,2/11/2026,775.0,790.0,765.3,770.0,-0.65,2893.0,871.0,652.0
NADEP,2/12/2026,785.4,785.4,768.0,768.0,-0.26,818.0,871.0,652.0
NADEP,2/16/2026,767.0,772.0,756.1,769.0,0.13,1948.0,871.0,652.0
NADEP,2/17/2026,763.0,772.9,756.3,772.9,0.51,2156.0,871.0,652.0
NADEP,2/22/2026,778.0,778.0,739.0,754.0,-2.45,2981.0,871.0,652.0
NADEP,2/23/2026,739.2,768.9,739.1,748.0,-0.8,1044.0,871.0,652.0
NADEP,2/24/2026,762.7,762.7,740.0,754.8,0.91,155.0,871.0,652.0
NADEP,2/25/2026,742.0,762.0,742.0,744.0,-1.43,2025.0,871.0,652.0
NADEP,2/26/2026,741.0,741.0,727.0,741.0,-0.4,9884.0,871.0,652.0
NADEP,2/27/2026,741.0,741.0,727.0,741.0,0.0,9884.0,871.0,652.0
NADEP,2/28/2026,741.0,741.0,727.0,741.0,0.0,9884.0,871.0,652.0
NADEP,3/2/2026,740.0,760.9,736.1,760.9,2.69,4649.0,871.0,652.0
NADEP,3/3/2026,747.5,775.2,745.0,775.2,1.88,6983.0,871.0,652.0
NADEP,3/4/2026,747.5,775.2,745.0,775.2,0.0,6983.0,871.0,652.0
NADEP,3/5/2026,747.5,775.2,745.0,775.2,0.0,6983.0,871.0,652.0
NADEP,3/6/2026,747.5,775.2,745.0,775.2,0.0,6983.0,871.0,652.0
NADEP,3/7/2026,747.5,775.2,745.0,775.2,0.0,6983.0,871.0,652.0
NADEP,3/8/2026,747.5,775.2,745.0,775.2,0.0,6983.0,871.0,652.0
NADEP,3/9/2026,790.7,790.7,790.7,790.7,2.0,10.0,871.0,652.0
NADEP,3/10/2026,806.5,830.0,789.0,804.8,1.78,10727.0,871.0,652.0
NADEP,3/11/2026,820.8,820.8,790.1,801.0,-0.47,4047.0,871.0,652.0
NADEP,3/12/2026,787.2,800.0,785.0,790.0,-1.37,5949.0,871.0,652.0
NADEP,3/13/2026,787.2,800.0,785.0,790.0,0.0,5949.0,871.0,652.0
NADEP,3/14/2026,787.2,800.0,785.0,790.0,0.0,5949.0,871.0,652.0
NADEP,3/15/2026,791.0,809.9,780.0,809.9,2.52,3865.0,871.0,652.0
NADEP,3/16/2026,826.0,826.0,785.1,797.0,-1.59,2941.0,871.0,652.0
NADEP,3/17/2026,785.1,792.0,782.0,792.0,-0.63,1517.0,871.0,652.0
NADEP,3/18/2026,785.1,792.0,782.0,792.0,0.0,1517.0,871.0,652.0
NADEP,3/19/2026,802.0,813.0,788.3,801.3,1.17,4176.0,871.0,652.0
NADEP,3/20/2026,802.0,813.0,788.3,801.3,0.0,4176.0,871.0,652.0
NADEP,3/21/2026,802.0,813.0,788.3,801.3,0.0,4176.0,871.0,652.0
NADEP,3/22/2026,805.0,871.0,805.0,864.7,7.91,20768.0,871.0,652.0
NADEP,3/23/2026,864.0,864.0,843.0,854.9,-1.13,4363.0,871.0,652.0
NADEP,3/24/2026,865.0,865.0,828.0,845.0,-1.16,4436.0,871.0,652.0
NADEP,3/25/2026,833.2,844.0,815.6,831.6,-1.59,11307.0,871.0,652.0
NADEP,3/26/2026,822.0,838.9,813.1,827.0,0.61,5693.0,871.0,652.0
NADEP,3/29/2026,811.1,828.9,809.0,813.0,0.23,4796.0,871.0,652.0
NADEP,3/30/2026,810.0,810.0,785.6,786.0,-2.96,5737.0,871.0,652.0
NADEP,3/31/2026,786.0,803.0,770.4,802.9,2.15,4990.0,871.0,652.0
NADEP,4/1/2026,800.0,800.0,765.0,781.9,-2.26,1976.0,871.0,652.0
NADEP,4/2/2026,775.0,784.0,772.0,783.0,1.03,1897.0,871.0,652.0
NADEP,4/5/2026,768.0,770.0,725.6,743.0,-3.26,4988.0,871.0,652.0
NADEP,4/6/2026,745.0,775.0,745.0,775.0,4.03,2645.0,871.0,652.0
NADEP,4/7/2026,775.0,775.0,750.0,770.0,-0.65,2009.0,871.0,652.0
NADEP,4/8/2026,765.0,780.0,765.0,780.0,1.96,892.0,871.0,652.0
NADEP,4/9/2026,780.0,799.0,776.1,796.0,2.05,3263.0,871.0,652.0
NADEP,4/10/2026,790.0,800.0,781.4,792.0,0.25,2989.0,871.0,652.0
NADEP,4/13/2026,792.0,796.0,781.0,791.7,-0.04,1550.0,871.0,652.0
NADEP,4/15/2026,804.0,806.0,787.0,787.0,-2.11,1808.0,871.0,652.0
NADEP,4/16/2026,774.0,787.0,772.0,787.0,1.68,1183.0,871.0,652.0
NADEP,4/17/2026,773.0,781.0,756.7,781.0,1.03,1266.0,871.0,652.0
NADEP,4/20/2026,820.0,820.0,770.0,787.9,-3.91,946.0,871.0,652.0
NADEP,4/21/2026,787.9,787.9,750.0,769.0,-2.4,972.0,871.0,652.0
NADEP,4/22/2026,751.0,766.0,750.0,766.0,2.0,866.0,871.0,652.0
NADEP,4/23/2026,750.0,760.0,740.0,760.0,1.33,1194.0,871.0,652.0
NADEP,4/24/2026,760.0,766.0,741.0,766.0,0.79,357.0,871.0,652.0
NADEP,4/27/2026,766.0,774.8,750.0,769.0,0.39,307.0,871.0,652.0
NADEP,4/28/2026,769.0,769.0,755.0,755.6,-1.74,526.0,871.0,652.0
NADEP,4/29/2026,755.6,755.6,740.0,750.0,-0.74,985.0,871.0,652.0
NADEP,4/30/2026,730.1,749.0,730.1,740.1,1.37,544.0,871.0,652.0
NADEP,5/4/2026,745.0,746.5,724.0,746.5,0.2,1132.0,871.0,652.0
NADEP,5/5/2026,725.3,750.0,725.3,750.0,3.41,453.0,871.0,652.0
NADEP,5/6/2026,728.2,750.0,728.2,738.0,1.35,842.0,871.0,652.0
NADEP,5/7/2026,725.0,745.0,718.0,745.0,2.76,856.0,871.0,652.0
NADEP,5/8/2026,745.0,764.9,725.0,764.9,2.67,351.0,871.0,652.0
NADEP,5/11/2026,764.0,771.0,755.0,771.0,0.92,715.0,871.0,652.0
NADEP,5/12/2026,783.0,783.9,750.0,762.0,-2.68,1121.0,871.0,652.0
NADEP,5/13/2026,740.0,760.0,740.0,758.0,2.43,281.0,871.0,652.0
NADEP,5/14/2026,750.0,757.4,741.0,757.4,0.99,113.0,871.0,652.0
NADEP,5/15/2026,740.1,750.0,720.0,742.0,0.26,2484.0,871.0,652.0
NADEP,5/18/2026,730.0,742.9,725.3,742.9,1.77,477.0,871.0,652.0
NADEP,5/19/2026,730.0,750.0,728.3,750.0,2.74,458.0,871.0,652.0
NADEP,5/20/2026,750.0,753.0,745.0,753.0,0.4,123.0,871.0,652.0
NADEP,5/21/2026,733.0,750.0,732.0,747.0,1.91,478.0,871.0,652.0
NADEP,5/22/2026,732.0,745.0,732.0,745.0,1.78,344.0,871.0,652.0
NADEP,5/25/2026,741.0,763.2,735.4,745.0,0.54,2425.0,871.0,652.0
NADEP,5/26/2026,740.0,752.0,740.0,745.0,0.68,1440.0,871.0,652.0
NADEP,5/27/2026,745.0,756.0,736.0,756.0,1.48,1017.0,871.0,652.0
NADEP,6/1/2026,756.0,756.0,715.0,752.6,-0.45,1421.0,871.0,652.0
NADEP,6/2/2026,745.0,753.0,730.4,753.0,1.07,1102.0,871.0,652.0
NADEP,6/3/2026,741.0,775.0,741.0,763.0,2.97,870.0,871.0,652.0
NADEP,6/4/2026,760.0,764.0,754.1,760.0,0.0,855.0,871.0,652.0
NADEP,6/5/2026,762.0,764.9,755.1,755.2,-0.89,2211.0,871.0,652.0
NADEP,6/8/2026,738.0,764.0,738.0,755.0,2.3,3610.0,871.0,652.0
NADEP,6/9/2026,755.0,755.0,727.0,753.8,-0.16,2193.0,871.0,652.0
NADEP,6/10/2026,754.0,754.0,740.0,746.0,-1.06,1031.0,871.0,652.0
NADEP,6/11/2026,736.0,753.0,736.0,750.0,1.9,910.0,871.0,652.0
NADEP,6/12/2026,765.0,765.0,740.0,745.0,-2.61,1997.0,871.0,652.0
NADEP,6/15/2026,745.0,749.9,737.1,742.0,-0.4,369.0,871.0,652.0
NADEP,6/16/2026,742.0,754.0,738.1,750.9,1.2,2268.0,871.0,652.0
NADEP,6/17/2026,750.0,750.0,740.1,743.5,-0.87,744.0,871.0,652.0
NADEP,6/18/2026,749.0,750.0,745.0,749.0,0.0,1671.0,871.0,652.0
NADEP,6/19/2026,750.0,756.0,746.3,755.0,0.67,715.0,871.0,652.0
NADEP,6/22/2026,736.0,765.0,736.0,747.6,1.58,473.0,871.0,652.0
NADEP,6/23/2026,750.1,753.9,740.0,753.9,0.51,226.0,871.0,652.0
NADEP,6/24/2026,752.9,752.9,704.1,739.8,-1.74,2872.0,871.0,652.0
NADEP,6/26/2026,730.5,739.0,720.0,730.0,-0.07,948.0,871.0,652.0
NADEP,6/29/2026,722.0,725.0,721.1,722.0,0.0,466.0,871.0,652.0
NADEP,6/30/2026,710.1,724.0,710.0,711.0,0.13,967.0,871.0,652.0
NADEP,7/1/2026,731.9,731.9,715.0,720.0,-1.63,607.0,871.0,652.0
NADEP,7/2/2026,735.0,735.0,716.0,725.0,-1.36,777.0,871.0,652.0
NADEP,7/3/2026,720.1,721.3,720.0,721.3,0.17,391.0,871.0,652.0
NADEP,7/6/2026,721.0,736.9,715.0,716.0,-0.69,826.0,871.0,652.0
NADEP,7/7/2026,720.0,737.0,713.1,720.0,0.0,720.0,871.0,652.0
NADEP,7/8/2026,720.0,730.0,711.2,730.0,1.39,938.0,871.0,652.0
NADEP,7/9/2026,710.1,726.9,710.0,726.9,2.37,827.0,871.0,652.0
NADEP,7/10/2026,725.0,725.0,707.0,724.9,-0.01,618.0,871.0,652.0
NADEP,7/13/2026,726.0,726.0,700.0,719.9,-0.84,870.0,871.0,652.0
NADEP,7/14/2026,700.2,721.0,698.1,700.2,0.0,1811.0,871.0,652.0
NADEP,7/15/2026,701.0,722.0,701.0,705.0,0.57,167.0,871.0,652.0
NADEP,7/16/2026,708.0,739.5,706.0,739.5,4.45,2760.0,871.0,652.0
NADEP,7/17/2026,739.0,750.0,722.2,750.0,1.49,611.0,871.0,652.0
NADEP,7/20/2026,750.0,763.0,741.0,759.8,1.31,1460.0,871.0,652.0
NADEP,7/21/2026,743.0,744.0,739.1,740.0,-0.4,289.0,871.0,652.0
NADEP,7/22/2026,735.0,759.0,726.0,747.0,1.63,3070.0,871.0,652.0
NADEP,7/23/2026,747.0,760.0,726.0,760.0,1.74,386.0,871.0,652.0
NADEP,7/24/2026,760.0,760.0,738.0,738.0,-2.89,288.0,871.0,652.0
NADEP,7/27/2026,737.0,749.9,725.0,744.8,1.06,410.0,871.0,652.0
NADEP,7/28/2026,750.0,750.0,727.5,747.0,-0.4,1052.0,871.0,652.0
NADEP,7/29/2026,747.0,747.0,728.0,729.3,-2.37,161.0,871.0,652.0
NADEP,7/30/2026,740.0,751.0,731.0,741.0,0.14,708.0,871.0,652.0
NADEP,7/31/2026,749.0,749.0,726.6,727.0,-2.94,277.0,871.0,652.0
NADEP,8/3/2026,748.8,748.8,725.0,740.0,-1.18,749.0,871.0,652.0
NADEP,8/4/2026,740.0,740.0,727.0,737.9,-0.28,500.0,871.0,652.0
NADEP,8/5/2026,716.0,737.2,716.0,737.2,2.96,957.0,871.0,652.0
NADEP,8/6/2026,774.0,774.0,720.0,730.0,-5.68,1051.0,871.0,652.0
NADEP,8/7/2026,730.0,730.0,716.0,729.0,-0.14,570.0,871.0,652.0
NADEP,8/10/2026,729.0,729.0,711.2,711.2,-2.44,626.0,871.0,652.0
NADEP,8/11/2026,731.0,731.0,717.0,718.0,-1.78,494.0,871.0,652.0
NADEP,8/12/2026,701.3,720.0,701.3,720.0,2.67,209.0,871.0,652.0
NADEP,8/13/2026,710.0,715.0,710.0,711.0,0.14,556.0,871.0,652.0
NADEP,8/14/2026,732.3,754.0,715.0,715.0,-2.36,295.0,871.0,652.0
NADEP,8/17/2026,702.7,728.0,702.7,710.1,1.05,233.0,871.0,652.0
NADEP,8/18/2026,703.1,714.0,703.0,714.0,1.55,1446.0,871.0,652.0
NADEP,8/19/2026,705.0,714.0,700.1,704.0,-0.14,869.0,871.0,652.0
NADEP,8/20/2026,696.4,711.0,696.0,709.0,1.81,575.0,871.0,652.0
NADEP,8/21/2026,715.0,715.0,695.5,710.9,-0.57,1762.0,871.0,652.0
NADEP,8/24/2026,701.1,705.0,685.0,700.0,-0.16,1118.0,871.0,652.0
NADEP,8/25/2026,690.0,742.0,685.0,742.0,7.54,713.0,871.0,652.0
NADEP,8/26/2026,730.0,730.0,690.0,710.0,-2.74,2450.0,871.0,652.0
NADEP,8/27/2026,688.7,714.0,685.0,714.0,3.67,662.0,871.0,652.0
NADEP,8/31/2026,692.6,707.0,672.1,704.0,1.65,172.0,871.0,652.0
NADEP,9/1/2026,683.0,705.0,682.0,698.9,2.33,3154.0,871.0,652.0
NADEP,9/2/2026,688.9,697.7,652.0,697.7,1.28,1984.0,871.0,652.0
NADEP,9/3/2026,695.0,699.7,685.0,685.0,-1.44,303.0,871.0,652.0
NADEP,9/7/2026,670.0,690.1,670.0,689.0,2.84,256.0,871.0,652.0
NADEP,9/9/2026,671.0,690.0,671.0,677.1,0.91,1670.0,871.0,652.0
NADEP,9/10/2026,677.0,685.0,660.1,676.0,-0.15,515.0,871.0,652.0
NADEP,9/11/2026,676.0,690.0,671.0,680.0,0.59,800.0,871.0,652.0
NADEP,9/14/2026,679.0,700.4,679.0,685.0,0.88,1287.0,871.0,652.0
NADEP,9/15/2026,719.0,730.0,686.1,718.0,-0.14,4014.0,871.0,652.0
NADEP,9/16/2026,718.0,718.0,690.0,690.0,-3.9,2782.0,871.0,652.0
NADEP,9/17/2026,704.9,705.0,690.0,702.9,-0.28,790.0,871.0,652.0
NADEP,9/18/2026,690.0,700.0,690.0,694.0,0.58,1109.0,871.0,652.0
NADEP,9/22/2026,699.0,704.0,683.0,704.0,0.72,2533.0,871.0,652.0
NADEP,9/23/2026,714.0,714.0,670.1,690.0,-3.36,2270.0,871.0,652.0
NADEP,9/24/2026,684.9,695.0,680.0,695.0,1.47,1165.0,871.0,652.0
NADEP,9/28/2026,675.6,693.0,670.0,684.5,1.32,3272.0,871.0,652.0
NADEP,9/29/2026,670.0,673.0,665.6,0.0,-100.0,466.0,871.0,652.0
NADEP,9/30/2026,660.0,667.0,652.0,666.2,0.94,239.0,871.0,652.0
NADEP,10/1/2026,674.0,683.0,665.0,683.0,1.34,2482.0,871.0,652.0
NADEP,10/2/2026,665.1,679.0,665.1,666.1,0.15,514.0,871.0,652.0
NBB,5/10/2011,181.0,178.0,163.0,163.0,,1190.0,1255.0,101.0
NBB,5/11/2011,163.0,160.0,148.0,148.0,-9.2,150.0,1255.0,101.0
NBB,5/12/2011,148.0,146.0,134.0,136.0,-8.11,5400.0,1255.0,101.0
NBB,5/15/2011,136.0,144.0,134.0,134.0,-1.47,863.0,1255.0,101.0
NBB,5/16/2011,134.0,136.0,134.0,134.0,0.0,780.0,1255.0,101.0
NBB,5/18/2011,134.0,132.0,130.0,130.0,-2.99,440.0,1255.0,101.0
NBB,5/19/2011,130.0,133.0,130.0,132.0,1.54,1570.0,1255.0,101.0
NBB,5/22/2011,132.0,132.0,124.0,124.0,-6.06,2280.0,1255.0,101.0
NBB,5/23/2011,124.0,131.0,120.0,131.0,5.65,5100.0,1255.0,101.0
NBB,5/24/2011,131.0,140.0,131.0,138.0,5.34,540.0,1255.0,101.0
NBB,5/25/2011,138.0,144.0,140.0,144.0,4.35,205.0,1255.0,101.0
NBB,5/31/2011,144.0,142.0,132.0,132.0,-8.33,3553.0,1255.0,101.0
NBB,6/1/2011,132.0,134.0,134.0,134.0,1.52,20.0,1255.0,101.0
NBB,6/2/2011,134.0,132.0,129.0,129.0,-3.73,600.0,1255.0,101.0
NBB,6/6/2011,129.0,127.0,125.0,125.0,-3.1,160.0,1255.0,101.0
NBB,6/7/2011,125.0,127.0,125.0,125.0,0.0,502.0,1255.0,101.0
NBB,6/8/2011,125.0,127.0,121.0,121.0,-3.2,190.0,1255.0,101.0
NBB,6/9/2011,121.0,127.0,113.0,113.0,-6.61,610.0,1255.0,101.0
NBB,6/12/2011,113.0,111.0,102.0,102.0,-9.73,2325.0,1255.0,101.0
NBB,6/13/2011,102.0,108.0,104.0,105.0,2.94,1100.0,1255.0,101.0
NBB,6/14/2011,105.0,115.0,107.0,115.0,9.52,1390.0,1255.0,101.0
NBB,6/16/2011,115.0,114.0,114.0,114.0,-0.87,300.0,1255.0,101.0
NBB,6/19/2011,114.0,124.0,116.0,122.0,7.02,1410.0,1255.0,101.0
NBB,6/20/2011,114.0,124.0,116.0,122.0,0.0,1410.0,1255.0,101.0
NBB,6/21/2011,130.0,143.0,130.0,142.0,16.39,11068.0,1255.0,101.0
NBB,6/23/2011,142.0,156.0,144.0,145.0,2.11,7470.0,1255.0,101.0
NBB,6/26/2011,145.0,154.0,147.0,147.0,1.38,810.0,1255.0,101.0
NBB,6/27/2011,147.0,145.0,133.0,133.0,-9.52,3101.0,1255.0,101.0
NBB,6/29/2011,133.0,135.0,125.0,126.0,-5.26,2900.0,1255.0,101.0
NBB,6/30/2011,126.0,130.0,126.0,126.0,0.0,2960.0,1255.0,101.0
NBB,7/3/2011,126.0,124.0,120.0,120.0,-4.76,270.0,1255.0,101.0
NBB,7/4/2011,120.0,124.0,121.0,124.0,3.33,238.0,1255.0,101.0
NBB,7/5/2011,124.0,127.0,123.0,127.0,2.42,850.0,1255.0,101.0
NBB,7/6/2011,127.0,132.0,125.0,132.0,3.94,1980.0,1255.0,101.0
NBB,7/10/2011,132.0,136.0,132.0,132.0,0.0,260.0,1255.0,101.0
NBB,7/11/2011,132.0,130.0,127.0,127.0,-3.79,888.0,1255.0,101.0
NBB,7/12/2011,127.0,125.0,125.0,125.0,-1.57,350.0,1255.0,101.0
NBB,7/13/2011,125.0,132.0,127.0,132.0,5.6,2550.0,1255.0,101.0
NBB,7/14/2011,132.0,138.0,130.0,130.0,-1.52,2275.0,1255.0,101.0
NBB,7/17/2011,130.0,143.0,132.0,143.0,10.0,5720.0,1255.0,101.0
NBB,7/18/2011,143.0,157.0,145.0,157.0,9.79,960.0,1255.0,101.0
NBB,7/19/2011,157.0,154.0,142.0,142.0,-9.55,3601.0,1255.0,101.0
NBB,7/20/2011,142.0,147.0,143.0,147.0,3.52,3248.0,1255.0,101.0
NBB,7/21/2011,147.0,149.0,138.0,138.0,-6.12,2740.0,1255.0,101.0
NBB,7/24/2011,138.0,142.0,140.0,140.0,1.45,200.0,1255.0,101.0
NBB,7/25/2011,140.0,138.0,132.0,132.0,-5.71,800.0,1255.0,101.0
NBB,7/27/2011,132.0,135.0,130.0,130.0,-1.52,1885.0,1255.0,101.0
NBB,7/28/2011,130.0,136.0,130.0,130.0,0.0,1270.0,1255.0,101.0
NBB,7/31/2011,130.0,130.0,126.0,127.0,-2.31,2025.0,1255.0,101.0
NBB,8/2/2011,127.0,137.0,129.0,135.0,6.3,280.0,1255.0,101.0
NBB,8/3/2011,135.0,133.0,130.0,130.0,-3.7,450.0,1255.0,101.0
NBB,8/4/2011,130.0,130.0,130.0,130.0,0.0,100.0,1255.0,101.0
NBB,8/9/2011,130.0,128.0,124.0,125.0,-3.85,1703.0,1255.0,101.0
NBB,8/10/2011,125.0,127.0,121.0,121.0,-3.2,3395.0,1255.0,101.0
NBB,8/11/2011,121.0,129.0,119.0,129.0,6.61,6245.0,1255.0,101.0
NBB,8/15/2011,129.0,132.0,129.0,131.0,1.55,535.0,1255.0,101.0
NBB,8/17/2011,131.0,133.0,131.0,131.0,0.0,270.0,1255.0,101.0
NBB,8/18/2011,131.0,135.0,129.0,135.0,3.05,80.0,1255.0,101.0
NBB,8/22/2011,135.0,137.0,137.0,137.0,1.48,100.0,1255.0,101.0
NBB,8/23/2011,137.0,139.0,139.0,139.0,1.46,30.0,1255.0,101.0
NBB,8/24/2011,139.0,137.0,126.0,126.0,-9.35,3728.0,1255.0,101.0
NBB,8/25/2011,126.0,124.0,122.0,122.0,-3.17,663.0,1255.0,101.0
NBB,8/28/2011,122.0,120.0,116.0,118.0,-3.28,395.0,1255.0,101.0
NBB,8/29/2011,118.0,120.0,116.0,120.0,1.69,2855.0,1255.0,101.0
NBB,8/30/2011,120.0,126.0,122.0,123.0,2.5,1115.0,1255.0,101.0
NBB,9/1/2011,123.0,125.0,122.0,125.0,1.63,665.0,1255.0,101.0
NBB,9/7/2011,125.0,123.0,123.0,123.0,-1.6,75.0,1255.0,101.0
NBB,9/12/2011,123.0,121.0,121.0,121.0,-1.63,625.0,1255.0,101.0
NBB,9/13/2011,121.0,119.0,114.0,114.0,-5.79,500.0,1255.0,101.0
NBB,9/14/2011,114.0,114.0,111.0,111.0,-2.63,1625.0,1255.0,101.0
NBB,9/15/2011,111.0,112.0,108.0,112.0,0.9,531.0,1255.0,101.0
NBB,9/18/2011,112.0,111.0,102.0,106.0,-5.36,3518.0,1255.0,101.0
NBB,9/20/2011,106.0,114.0,108.0,114.0,7.55,1445.0,1255.0,101.0
NBB,9/21/2011,114.0,117.0,116.0,117.0,2.63,185.0,1255.0,101.0
NBB,9/22/2011,117.0,119.0,115.0,115.0,-1.71,295.0,1255.0,101.0
NBB,9/25/2011,115.0,118.0,115.0,118.0,2.61,1095.0,1255.0,101.0
NBB,9/26/2011,118.0,121.0,119.0,119.0,0.85,490.0,1255.0,101.0
NBB,9/27/2011,119.0,117.0,109.0,115.0,-3.36,3065.0,1255.0,101.0
NBB,9/29/2011,115.0,116.0,115.0,115.0,0.0,2075.0,1255.0,101.0
NBB,10/10/2011,115.0,117.0,115.0,115.0,0.0,500.0,1255.0,101.0
NBB,10/12/2011,115.0,123.0,117.0,121.0,5.22,90.0,1255.0,101.0
NBB,10/13/2011,121.0,123.0,121.0,121.0,0.0,45.0,1255.0,101.0
NBB,10/17/2011,121.0,121.0,115.0,121.0,0.0,635.0,1255.0,101.0
NBB,10/18/2011,121.0,119.0,116.0,116.0,-4.13,1575.0,1255.0,101.0
NBB,10/19/2011,116.0,118.0,117.0,118.0,1.72,590.0,1255.0,101.0
NBB,10/20/2011,118.0,118.0,116.0,116.0,-1.69,5100.0,1255.0,101.0
NBB,10/23/2011,116.0,127.0,114.0,127.0,9.48,21785.0,1255.0,101.0
NBB,10/24/2011,127.0,138.0,129.0,138.0,8.66,22223.0,1255.0,101.0
NBB,10/25/2011,138.0,144.0,132.0,140.0,1.45,8285.0,1255.0,101.0
NBB,10/30/2011,140.0,141.0,141.0,141.0,0.71,25.0,1255.0,101.0
NBB,10/31/2011,141.0,139.0,133.0,133.0,-5.67,240.0,1255.0,101.0
NBB,11/2/2011,133.0,146.0,135.0,146.0,9.77,3710.0,1255.0,101.0
NBB,11/3/2011,146.0,154.0,136.0,154.0,5.48,12745.0,1255.0,101.0
NBB,11/6/2011,154.0,151.0,139.0,141.0,-8.44,7973.0,1255.0,101.0
NBB,11/8/2011,141.0,142.0,133.0,135.0,-4.26,4100.0,1255.0,101.0
NBB,11/9/2011,135.0,133.0,131.0,131.0,-2.96,350.0,1255.0,101.0
NBB,11/10/2011,131.0,142.0,130.0,142.0,8.4,1673.0,1255.0,101.0
NBB,11/13/2011,142.0,140.0,136.0,137.0,-3.52,1050.0,1255.0,101.0
NBB,11/14/2011,137.0,150.0,139.0,146.0,6.57,17495.0,1255.0,101.0
NBB,11/15/2011,146.0,152.0,144.0,144.0,-1.37,5940.0,1255.0,101.0
NBB,11/16/2011,144.0,146.0,138.0,138.0,-4.17,1180.0,1255.0,101.0
NBB,11/17/2011,138.0,140.0,136.0,136.0,-1.45,330.0,1255.0,101.0
NBB,11/20/2011,136.0,136.0,134.0,136.0,0.0,735.0,1255.0,101.0
NBB,11/21/2011,136.0,144.0,136.0,144.0,5.88,180.0,1255.0,101.0
NBB,11/22/2011,144.0,142.0,136.0,136.0,-5.56,490.0,1255.0,101.0
NBB,11/23/2011,136.0,134.0,129.0,129.0,-5.15,2153.0,1255.0,101.0
NBB,11/24/2011,129.0,131.0,129.0,131.0,1.55,90.0,1255.0,101.0
NBB,11/27/2011,131.0,139.0,132.0,139.0,6.11,1608.0,1255.0,101.0
NBB,11/28/2011,139.0,137.0,131.0,131.0,-5.76,240.0,1255.0,101.0
NBB,12/4/2011,141.0,139.0,128.0,130.0,-0.76,4053.0,1255.0,101.0
NBB,12/5/2011,130.0,130.0,126.0,126.0,-3.08,1325.0,1255.0,101.0
NBB,12/6/2011,126.0,132.0,124.0,132.0,4.76,2066.0,1255.0,101.0
NBB,12/7/2011,132.0,131.0,126.0,128.0,-3.03,786.0,1255.0,101.0
NBB,12/8/2011,128.0,140.0,126.0,140.0,9.38,1440.0,1255.0,101.0
NBB,12/13/2011,140.0,138.0,137.0,137.0,-2.14,1030.0,1255.0,101.0
NBB,12/18/2011,137.0,135.0,124.0,124.0,-9.49,5920.0,1255.0,101.0
NBB,12/19/2011,124.0,128.0,124.0,125.0,0.81,395.0,1255.0,101.0
NBB,12/20/2011,125.0,127.0,123.0,127.0,1.6,215.0,1255.0,101.0
NBB,12/22/2011,127.0,130.0,123.0,123.0,-3.15,3875.0,1255.0,101.0
NBB,12/26/2011,123.0,122.0,121.0,121.0,-1.63,20195.0,1255.0,101.0
NBB,12/27/2011,121.0,123.0,119.0,120.0,-0.83,4435.0,1255.0,101.0
NBB,12/28/2011,120.0,122.0,120.0,120.0,0.0,400.0,1255.0,101.0
NBB,12/29/2011,120.0,124.0,120.0,123.0,2.5,2435.0,1255.0,101.0
NBB,1/1/2012,123.0,126.0,122.0,126.0,2.44,1590.0,1255.0,101.0
NBB,1/2/2012,126.0,130.0,123.0,128.0,1.59,1105.0,1255.0,101.0
NBB,1/3/2012,128.0,129.0,122.0,127.0,-0.78,430.0,1255.0,101.0
NBB,1/4/2012,127.0,125.0,120.0,120.0,-5.51,2450.0,1255.0,101.0
NBB,1/5/2012,120.0,124.0,118.0,120.0,0.0,5920.0,1255.0,101.0
NBB,1/8/2012,120.0,124.0,122.0,123.0,2.5,845.0,1255.0,101.0
NBB,1/9/2012,123.0,122.0,122.0,122.0,-0.81,945.0,1255.0,101.0
NBB,1/11/2012,122.0,122.0,120.0,122.0,0.0,760.0,1255.0,101.0
NBB,1/12/2012,122.0,122.0,120.0,120.0,-1.64,1060.0,1255.0,101.0
NBB,1/16/2012,120.0,120.0,119.0,120.0,0.0,400.0,1255.0,101.0
NBB,1/17/2012,120.0,124.0,122.0,122.0,1.67,545.0,1255.0,101.0
NBB,1/18/2012,122.0,124.0,122.0,122.0,0.0,230.0,1255.0,101.0
NBB,1/19/2012,122.0,130.0,124.0,130.0,6.56,755.0,1255.0,101.0
NBB,1/23/2012,130.0,132.0,132.0,132.0,1.54,40.0,1255.0,101.0
NBB,1/25/2012,132.0,130.0,130.0,130.0,-1.52,20.0,1255.0,101.0
NBB,1/26/2012,130.0,130.0,130.0,130.0,0.0,1000.0,1255.0,101.0
NBB,1/29/2012,130.0,128.0,120.0,120.0,-7.69,1761.0,1255.0,101.0
NBB,1/31/2012,120.0,121.0,113.0,113.0,-5.83,13700.0,1255.0,101.0
NBB,2/1/2012,113.0,115.0,112.0,112.0,-0.88,2605.0,1255.0,101.0
NBB,2/2/2012,112.0,117.0,113.0,117.0,4.46,300.0,1255.0,101.0
NBB,2/5/2012,117.0,115.0,111.0,111.0,-5.13,1655.0,1255.0,101.0
NBB,2/6/2012,111.0,113.0,110.0,110.0,-0.9,343.0,1255.0,101.0
NBB,2/7/2012,110.0,112.0,110.0,112.0,1.82,525.0,1255.0,101.0
NBB,2/8/2012,112.0,112.0,111.0,112.0,0.0,1460.0,1255.0,101.0
NBB,2/12/2012,112.0,112.0,111.0,112.0,0.0,6825.0,1255.0,101.0
NBB,2/13/2012,112.0,112.0,110.0,112.0,0.0,2080.0,1255.0,101.0
NBB,2/14/2012,112.0,112.0,111.0,111.0,-0.89,573.0,1255.0,101.0
NBB,2/15/2012,111.0,112.0,109.0,111.0,0.0,745.0,1255.0,101.0
NBB,2/16/2012,111.0,113.0,110.0,113.0,1.8,1588.0,1255.0,101.0
NBB,2/21/2012,113.0,111.0,108.0,110.0,-2.65,868.0,1255.0,101.0
NBB,2/23/2012,110.0,114.0,110.0,114.0,3.64,6510.0,1255.0,101.0
NBB,2/26/2012,114.0,115.0,112.0,112.0,-1.75,6243.0,1255.0,101.0
NBB,2/27/2012,112.0,112.0,110.0,112.0,0.0,4070.0,1255.0,101.0
NBB,2/28/2012,112.0,114.0,112.0,112.0,0.0,1000.0,1255.0,101.0
NBB,2/29/2012,112.0,118.0,110.0,111.0,-0.89,1688.0,1255.0,101.0
NBB,3/1/2012,111.0,113.0,112.0,112.0,0.9,693.0,1255.0,101.0
NBB,3/4/2012,112.0,110.0,108.0,108.0,-3.57,2215.0,1255.0,101.0
NBB,3/5/2012,108.0,110.0,110.0,110.0,1.85,100.0,1255.0,101.0
NBB,3/6/2012,110.0,111.0,108.0,108.0,-1.82,9600.0,1255.0,101.0
NBB,3/11/2012,108.0,110.0,110.0,110.0,1.85,225.0,1255.0,101.0
NBB,3/12/2012,110.0,110.0,108.0,108.0,-1.82,9290.0,1255.0,101.0
NBB,3/13/2012,108.0,108.0,108.0,108.0,0.0,9000.0,1255.0,101.0
NBB,3/14/2012,108.0,108.0,107.0,107.0,-0.93,9813.0,1255.0,101.0
NBB,3/15/2012,107.0,111.0,109.0,111.0,3.74,2945.0,1255.0,101.0
NBB,3/18/2012,111.0,109.0,105.0,107.0,-3.6,4025.0,1255.0,101.0
NBB,3/19/2012,107.0,107.0,105.0,105.0,-1.87,4325.0,1255.0,101.0
NBB,3/20/2012,105.0,105.0,104.0,105.0,0.0,660.0,1255.0,101.0
NBB,3/21/2012,105.0,108.0,104.0,108.0,2.86,1840.0,1255.0,101.0
NBB,3/25/2012,108.0,107.0,107.0,107.0,-0.93,150.0,1255.0,101.0
NBB,3/26/2012,107.0,106.0,106.0,106.0,-0.93,38.0,1255.0,101.0
NBB,3/27/2012,106.0,105.0,104.0,104.0,-1.89,2660.0,1255.0,101.0
NBB,3/28/2012,104.0,105.0,103.0,103.0,-0.96,5245.0,1255.0,101.0
NBB,3/29/2012,103.0,103.0,103.0,103.0,0.0,45.0,1255.0,101.0
NBB,4/1/2012,103.0,105.0,105.0,105.0,1.94,250.0,1255.0,101.0
NBB,4/2/2012,105.0,105.0,103.0,104.0,-0.95,685.0,1255.0,101.0
NBB,4/3/2012,104.0,103.0,101.0,103.0,-0.96,4470.0,1255.0,101.0
NBB,4/5/2012,103.0,105.0,103.0,105.0,1.94,730.0,1255.0,101.0
NBB,4/8/2012,105.0,107.0,107.0,107.0,1.9,1250.0,1255.0,101.0
NBB,4/9/2012,107.0,107.0,107.0,107.0,0.0,150.0,1255.0,101.0
NBB,4/10/2012,107.0,109.0,105.0,107.0,0.0,2330.0,1255.0,101.0
NBB,4/11/2012,107.0,113.0,109.0,113.0,5.61,1440.0,1255.0,101.0
NBB,4/12/2012,113.0,124.0,109.0,124.0,9.73,2980.0,1255.0,101.0
NBB,4/15/2012,124.0,134.0,122.0,126.0,1.61,7285.0,1255.0,101.0
NBB,4/16/2012,126.0,132.0,128.0,132.0,4.76,120.0,1255.0,101.0
NBB,4/17/2012,132.0,136.0,119.0,119.0,-9.85,4603.0,1255.0,101.0
NBB,4/18/2012,119.0,129.0,119.0,123.0,3.36,2747.0,1255.0,101.0
NBB,4/19/2012,123.0,127.0,111.0,117.0,-4.88,24420.0,1255.0,101.0
NBB,4/22/2012,117.0,128.0,118.0,128.0,9.4,5130.0,1255.0,101.0
NBB,4/24/2012,128.0,140.0,130.0,140.0,9.38,3160.0,1255.0,101.0
NBB,4/25/2012,140.0,144.0,142.0,144.0,2.86,1095.0,1255.0,101.0
NBB,4/26/2012,144.0,158.0,140.0,157.0,9.03,17205.0,1255.0,101.0
NBB,4/29/2012,157.0,161.0,149.0,150.0,-4.46,10830.0,1255.0,101.0
NBB,5/2/2012,150.0,147.0,147.0,147.0,-2.0,50.0,1255.0,101.0
NBB,5/3/2012,147.0,160.0,154.0,159.0,8.16,10622.0,1255.0,101.0
NBB,5/7/2012,159.0,174.0,162.0,172.0,8.18,7335.0,1255.0,101.0
NBB,5/8/2012,172.0,175.0,166.0,166.0,-3.49,1700.0,1255.0,101.0
NBB,5/9/2012,166.0,163.0,150.0,150.0,-9.64,2850.0,1255.0,101.0
NBB,5/10/2012,150.0,147.0,140.0,142.0,-5.33,1180.0,1255.0,101.0
NBB,5/14/2012,142.0,140.0,128.0,128.0,-9.86,9183.0,1255.0,101.0
NBB,5/15/2012,128.0,140.0,130.0,140.0,9.38,3430.0,1255.0,101.0
NBB,5/17/2012,140.0,154.0,140.0,144.0,2.86,15263.0,1255.0,101.0
NBB,5/20/2012,144.0,146.0,138.0,142.0,-1.39,11765.0,1255.0,101.0
NBB,5/21/2012,142.0,144.0,138.0,144.0,1.41,10090.0,1255.0,101.0
NBB,5/22/2012,144.0,142.0,138.0,142.0,-1.39,2840.0,1255.0,101.0
NBB,5/23/2012,142.0,140.0,132.0,134.0,-5.63,4700.0,1255.0,101.0
NBB,5/24/2012,134.0,138.0,132.0,138.0,2.99,4435.0,1255.0,101.0
NBB,5/27/2012,138.0,149.0,140.0,147.0,6.52,7103.0,1255.0,101.0
NBB,5/30/2012,147.0,145.0,143.0,143.0,-2.72,60.0,1255.0,101.0
NBB,5/31/2012,143.0,141.0,141.0,141.0,-1.4,10.0,1255.0,101.0
NBB,6/3/2012,141.0,141.0,132.0,134.0,-4.96,3995.0,1255.0,101.0
NBB,6/4/2012,134.0,134.0,126.0,127.0,-5.22,5305.0,1255.0,101.0
NBB,6/5/2012,127.0,127.0,124.0,125.0,-1.57,3340.0,1255.0,101.0
NBB,6/6/2012,125.0,125.0,120.0,123.0,-1.6,2810.0,1255.0,101.0
NBB,6/7/2012,123.0,129.0,125.0,127.0,3.25,1828.0,1255.0,101.0
NBB,6/10/2012,127.0,127.0,120.0,120.0,-5.51,3102.0,1255.0,101.0
NBB,6/12/2012,120.0,127.0,121.0,121.0,0.83,4080.0,1255.0,101.0
NBB,6/13/2012,121.0,123.0,118.0,120.0,-0.83,6810.0,1255.0,101.0
NBB,6/14/2012,120.0,122.0,116.0,120.0,0.0,26075.0,1255.0,101.0
NBB,6/17/2012,120.0,121.0,116.0,116.0,-3.33,6845.0,1255.0,101.0
NBB,6/18/2012,116.0,121.0,116.0,118.0,1.72,6400.0,1255.0,101.0
NBB,6/19/2012,118.0,121.0,118.0,119.0,0.85,9145.0,1255.0,101.0
NBB,6/20/2012,119.0,127.0,120.0,121.0,1.68,4100.0,1255.0,101.0
NBB,6/21/2012,121.0,124.0,120.0,120.0,-0.83,4675.0,1255.0,101.0
NBB,6/25/2012,120.0,129.0,121.0,128.0,6.67,605.0,1255.0,101.0
NBB,6/26/2012,128.0,126.0,121.0,121.0,-5.47,770.0,1255.0,101.0
NBB,6/27/2012,121.0,125.0,118.0,122.0,0.83,4420.0,1255.0,101.0
NBB,6/28/2012,122.0,130.0,121.0,122.0,0.0,1775.0,1255.0,101.0
NBB,7/1/2012,122.0,123.0,122.0,123.0,0.82,970.0,1255.0,101.0
NBB,7/2/2012,123.0,123.0,120.0,123.0,0.0,1555.0,1255.0,101.0
NBB,7/3/2012,123.0,121.0,120.0,121.0,-1.63,9615.0,1255.0,101.0
NBB,7/4/2012,121.0,126.0,119.0,124.0,2.48,47835.0,1255.0,101.0
NBB,7/5/2012,124.0,126.0,124.0,125.0,0.81,1220.0,1255.0,101.0
NBB,7/8/2012,125.0,127.0,123.0,125.0,0.0,1925.0,1255.0,101.0
NBB,7/9/2012,125.0,127.0,123.0,125.0,0.0,4200.0,1255.0,101.0
NBB,7/10/2012,125.0,127.0,123.0,127.0,1.6,4065.0,1255.0,101.0
NBB,7/11/2012,127.0,125.0,125.0,125.0,-1.57,365.0,1255.0,101.0
NBB,7/12/2012,125.0,123.0,120.0,122.0,-2.4,9776.0,1255.0,101.0
NBB,7/15/2012,122.0,123.0,120.0,121.0,-0.82,4422.0,1255.0,101.0
NBB,7/16/2012,121.0,128.0,120.0,126.0,4.13,15135.0,1255.0,101.0
NBB,7/17/2012,126.0,126.0,124.0,124.0,-1.59,2010.0,1255.0,101.0
NBB,7/18/2012,124.0,130.0,125.0,128.0,3.23,5690.0,1255.0,101.0
NBB,7/19/2012,128.0,136.0,129.0,136.0,6.25,14905.0,1255.0,101.0
NBB,7/22/2012,136.0,143.0,138.0,143.0,5.15,16655.0,1255.0,101.0
NBB,7/23/2012,143.0,150.0,144.0,147.0,2.8,11225.0,1255.0,101.0
NBB,7/24/2012,147.0,145.0,135.0,141.0,-4.08,4291.0,1255.0,101.0
NBB,7/25/2012,141.0,146.0,140.0,140.0,-0.71,24791.0,1255.0,101.0
NBB,7/26/2012,140.0,140.0,139.0,139.0,-0.71,1975.0,1255.0,101.0
NBB,7/29/2012,139.0,140.0,133.0,133.0,-4.32,2270.0,1255.0,101.0
NBB,7/30/2012,133.0,146.0,135.0,146.0,9.77,23541.0,1255.0,101.0
NBB,7/31/2012,146.0,155.0,143.0,145.0,-0.68,16124.0,1255.0,101.0
NBB,8/1/2012,145.0,145.0,141.0,141.0,-2.76,2755.0,1255.0,101.0
NBB,8/5/2012,141.0,139.0,134.0,137.0,-2.84,7020.0,1255.0,101.0
NBB,8/6/2012,137.0,144.0,139.0,144.0,5.11,2300.0,1255.0,101.0
NBB,8/7/2012,144.0,142.0,137.0,139.0,-3.47,2996.0,1255.0,101.0
NBB,8/8/2012,139.0,141.0,135.0,137.0,-1.44,2723.0,1255.0,101.0
NBB,8/12/2012,137.0,139.0,133.0,134.0,-2.19,3153.0,1255.0,101.0
NBB,8/13/2012,134.0,133.0,128.0,132.0,-1.49,6360.0,1255.0,101.0
NBB,8/14/2012,132.0,130.0,124.0,127.0,-3.79,3905.0,1255.0,101.0
NBB,8/15/2012,127.0,127.0,123.0,127.0,0.0,2475.0,1255.0,101.0
NBB,8/16/2012,127.0,130.0,125.0,130.0,2.36,5520.0,1255.0,101.0
NBB,8/19/2012,130.0,142.0,132.0,142.0,9.23,135.0,1255.0,101.0
NBB,8/21/2012,142.0,140.0,132.0,134.0,-5.63,4670.0,1255.0,101.0
NBB,8/22/2012,134.0,137.0,135.0,135.0,0.75,3293.0,1255.0,101.0
NBB,8/23/2012,135.0,137.0,133.0,135.0,0.0,1985.0,1255.0,101.0
NBB,8/26/2012,135.0,133.0,122.0,125.0,-7.41,11828.0,1255.0,101.0
NBB,8/27/2012,125.0,137.0,127.0,137.0,9.6,6523.0,1255.0,101.0
NBB,8/28/2012,137.0,143.0,132.0,132.0,-3.65,8713.0,1255.0,101.0
NBB,8/29/2012,132.0,138.0,134.0,138.0,4.55,1755.0,1255.0,101.0
NBB,8/30/2012,138.0,147.0,136.0,147.0,6.52,7638.0,1255.0,101.0
NBB,9/2/2012,147.0,145.0,135.0,138.0,-6.12,1695.0,1255.0,101.0
NBB,9/3/2012,138.0,136.0,131.0,133.0,-3.62,12295.0,1255.0,101.0
NBB,9/4/2012,133.0,133.0,130.0,130.0,-2.26,15850.0,1255.0,101.0
NBB,9/5/2012,130.0,132.0,130.0,130.0,0.0,15491.0,1255.0,101.0
NBB,9/6/2012,130.0,135.0,128.0,131.0,0.77,56785.0,1255.0,101.0
NBB,9/9/2012,131.0,142.0,132.0,134.0,2.29,4360.0,1255.0,101.0
NBB,9/10/2012,134.0,138.0,133.0,133.0,-0.75,5368.0,1255.0,101.0
NBB,9/11/2012,133.0,138.0,132.0,134.0,0.75,32825.0,1255.0,101.0
NBB,9/12/2012,134.0,147.0,135.0,147.0,9.7,44676.0,1255.0,101.0
NBB,9/13/2012,147.0,161.0,145.0,151.0,2.72,47011.0,1255.0,101.0
NBB,9/16/2012,151.0,161.0,150.0,158.0,4.64,26770.0,1255.0,101.0
NBB,9/17/2012,158.0,165.0,156.0,163.0,3.16,19725.0,1255.0,101.0
NBB,9/18/2012,163.0,172.0,161.0,168.0,3.07,17988.0,1255.0,101.0
NBB,9/19/2012,168.0,168.0,159.0,162.0,-3.57,25128.0,1255.0,101.0
NBB,9/20/2012,162.0,172.0,159.0,162.0,0.0,20298.0,1255.0,101.0
NBB,9/23/2012,162.0,160.0,153.0,153.0,-5.56,15831.0,1255.0,101.0
NBB,9/24/2012,153.0,151.0,148.0,148.0,-3.27,13000.0,1255.0,101.0
NBB,9/25/2012,148.0,152.0,148.0,148.0,0.0,5400.0,1255.0,101.0
NBB,9/26/2012,148.0,148.0,148.0,148.0,0.0,193.0,1255.0,101.0
NBB,9/30/2012,151.0,158.0,145.0,158.0,6.76,11530.0,1255.0,101.0
NBB,10/1/2012,158.0,166.0,156.0,159.0,0.63,24514.0,1255.0,101.0
NBB,10/2/2012,159.0,158.0,152.0,155.0,-2.52,8763.0,1255.0,101.0
NBB,10/3/2012,155.0,161.0,155.0,157.0,1.29,27290.0,1255.0,101.0
NBB,10/4/2012,157.0,159.0,155.0,159.0,1.27,14650.0,1255.0,101.0
NBB,10/7/2012,159.0,160.0,155.0,155.0,-2.52,42368.0,1255.0,101.0
NBB,10/8/2012,155.0,162.0,158.0,162.0,4.52,18053.0,1255.0,101.0
NBB,10/9/2012,162.0,162.0,158.0,158.0,-2.47,14030.0,1255.0,101.0
NBB,10/10/2012,158.0,161.0,157.0,160.0,1.27,14935.0,1255.0,101.0
NBB,10/11/2012,160.0,160.0,159.0,160.0,0.0,8378.0,1255.0,101.0
NBB,10/14/2012,160.0,169.0,162.0,166.0,3.75,23193.0,1255.0,101.0
NBB,10/15/2012,166.0,169.0,166.0,166.0,0.0,8540.0,1255.0,101.0
NBB,10/17/2012,166.0,172.0,166.0,172.0,3.61,5648.0,1255.0,101.0
NBB,10/18/2012,172.0,172.0,168.0,169.0,-1.74,10979.0,1255.0,101.0
NBB,10/30/2012,169.0,172.0,160.0,168.0,-0.59,19698.0,1255.0,101.0
NBB,10/31/2012,168.0,174.0,167.0,170.0,1.19,8758.0,1255.0,101.0
NBB,11/1/2012,170.0,170.0,165.0,167.0,-1.76,10285.0,1255.0,101.0
NBB,11/4/2012,167.0,183.0,170.0,183.0,9.58,37286.0,1255.0,101.0
NBB,11/5/2012,183.0,201.0,186.0,194.0,6.01,13780.0,1255.0,101.0
NBB,11/6/2012,194.0,197.0,182.0,185.0,-4.64,21400.0,1255.0,101.0
NBB,11/7/2012,185.0,192.0,185.0,190.0,2.7,18405.0,1255.0,101.0
NBB,11/8/2012,190.0,209.0,190.0,205.0,7.89,56473.0,1255.0,101.0
NBB,11/11/2012,205.0,225.0,205.0,208.0,1.46,42648.0,1255.0,101.0
NBB,11/12/2012,208.0,226.0,210.0,223.0,7.21,71330.0,1255.0,101.0
NBB,11/18/2012,223.0,245.0,227.0,245.0,9.87,31551.0,1255.0,101.0
NBB,11/20/2012,245.0,269.0,249.0,269.0,9.8,65695.0,1255.0,101.0
NBB,11/21/2012,269.0,295.0,245.0,269.0,0.0,80316.0,1255.0,101.0
NBB,11/22/2012,269.0,275.0,255.0,266.0,-1.12,62133.0,1255.0,101.0
NBB,11/25/2012,266.0,291.0,265.0,267.0,0.38,73030.0,1255.0,101.0
NBB,11/26/2012,267.0,269.0,255.0,263.0,-1.5,39311.0,1255.0,101.0
NBB,11/27/2012,263.0,261.0,247.0,254.0,-3.42,31828.0,1255.0,101.0
NBB,11/28/2012,254.0,255.0,235.0,241.0,-5.12,34568.0,1255.0,101.0
NBB,11/29/2012,241.0,252.0,232.0,235.0,-2.49,37501.0,1255.0,101.0
NBB,12/2/2012,235.0,231.0,221.0,227.0,-3.4,55820.0,1255.0,101.0
NBB,12/3/2012,227.0,236.0,225.0,234.0,3.08,15749.0,1255.0,101.0
NBB,12/4/2012,234.0,254.0,235.0,245.0,4.7,33630.0,1255.0,101.0
NBB,12/5/2012,245.0,265.0,249.0,265.0,8.16,39670.0,1255.0,101.0
NBB,12/6/2012,265.0,260.0,245.0,251.0,-5.28,54845.0,1255.0,101.0
NBB,12/9/2012,251.0,249.0,241.0,242.0,-3.59,14476.0,1255.0,101.0
NBB,12/10/2012,242.0,248.0,237.0,248.0,2.48,17960.0,1255.0,101.0
NBB,12/11/2012,248.0,249.0,246.0,247.0,-0.4,1893.0,1255.0,101.0
NBB,12/12/2012,247.0,256.0,240.0,256.0,3.64,46211.0,1255.0,101.0
NBB,12/13/2012,256.0,252.0,246.0,249.0,-2.73,34480.0,1255.0,101.0
NBB,12/16/2012,249.0,267.0,253.0,259.0,4.02,37916.0,1255.0,101.0
NBB,12/17/2012,259.0,269.0,255.0,260.0,0.39,69630.0,1255.0,101.0
NBB,12/18/2012,260.0,258.0,246.0,250.0,-3.85,28985.0,1255.0,101.0
NBB,12/19/2012,250.0,262.0,248.0,260.0,4.0,26633.0,1255.0,101.0
NBB,12/20/2012,260.0,261.0,251.0,261.0,0.38,34828.0,1255.0,101.0
NBB,12/23/2012,261.0,262.0,250.0,253.0,-3.07,27958.0,1255.0,101.0
NBB,12/24/2012,253.0,261.0,253.0,255.0,0.79,21368.0,1255.0,101.0
NBB,12/26/2012,255.0,266.0,258.0,261.0,2.35,33564.0,1255.0,101.0
NBB,12/27/2012,261.0,264.0,259.0,259.0,-0.77,42283.0,1255.0,101.0
NBB,12/31/2012,259.0,277.0,259.0,275.0,6.18,54273.0,1255.0,101.0
NBB,1/1/2013,275.0,280.0,265.0,274.0,-0.36,25791.0,1255.0,101.0
NBB,1/2/2013,274.0,275.0,258.0,269.0,-1.82,24798.0,1255.0,101.0
NBB,1/3/2013,269.0,273.0,263.0,267.0,-0.74,32434.0,1255.0,101.0
NBB,1/6/2013,267.0,270.0,258.0,264.0,-1.12,30739.0,1255.0,101.0
NBB,1/7/2013,264.0,267.0,257.0,260.0,-1.52,12528.0,1255.0,101.0
NBB,1/8/2013,260.0,262.0,255.0,262.0,0.77,3530.0,1255.0,101.0
NBB,1/9/2013,262.0,260.0,250.0,255.0,-2.67,18910.0,1255.0,101.0
NBB,1/10/2013,255.0,258.0,250.0,255.0,0.0,11920.0,1255.0,101.0
NBB,1/13/2013,255.0,256.0,245.0,255.0,0.0,13692.0,1255.0,101.0
NBB,1/15/2013,255.0,255.0,249.0,255.0,0.0,25838.0,1255.0,101.0
NBB,1/16/2013,255.0,251.0,248.0,250.0,-1.96,15170.0,1255.0,101.0
NBB,1/17/2013,250.0,250.0,244.0,244.0,-2.4,14375.0,1255.0,101.0
NBB,1/20/2013,244.0,240.0,231.0,236.0,-3.28,6208.0,1255.0,101.0
NBB,1/21/2013,236.0,250.0,240.0,245.0,3.81,7280.0,1255.0,101.0
NBB,1/22/2013,245.0,251.0,245.0,245.0,0.0,18680.0,1255.0,101.0
NBB,1/23/2013,245.0,252.0,245.0,247.0,0.82,15275.0,1255.0,101.0
NBB,1/24/2013,247.0,249.0,240.0,242.0,-2.02,101705.0,1255.0,101.0
NBB,1/27/2013,242.0,243.0,234.0,237.0,-2.07,8288.0,1255.0,101.0
NBB,1/28/2013,237.0,242.0,238.0,242.0,2.11,9970.0,1255.0,101.0
NBB,1/30/2013,242.0,242.0,231.0,238.0,-1.65,5780.0,1255.0,101.0
NBB,1/31/2013,238.0,237.0,232.0,232.0,-2.52,14590.0,1255.0,101.0
NBB,2/3/2013,232.0,255.0,236.0,255.0,9.91,73625.0,1255.0,101.0
NBB,2/4/2013,255.0,275.0,255.0,274.0,7.45,141811.0,1255.0,101.0
NBB,2/5/2013,274.0,300.0,269.0,281.0,2.55,119252.0,1255.0,101.0
NBB,2/6/2013,281.0,309.0,280.0,281.0,0.0,122044.0,1255.0,101.0
NBB,2/7/2013,281.0,284.0,273.0,279.0,-0.71,44537.0,1255.0,101.0
NBB,2/10/2013,279.0,278.0,270.0,274.0,-1.79,30913.0,1255.0,101.0
NBB,2/12/2013,274.0,290.0,275.0,290.0,5.84,117063.0,1255.0,101.0
NBB,2/13/2013,290.0,295.0,276.0,286.0,-1.38,32468.0,1255.0,101.0
NBB,2/14/2013,286.0,294.0,289.0,291.0,1.75,51246.0,1255.0,101.0
NBB,2/17/2013,291.0,320.0,296.0,319.0,9.62,29686.0,1255.0,101.0
NBB,2/19/2013,319.0,337.0,296.0,311.0,-2.51,75376.0,1255.0,101.0
NBB,2/20/2013,311.0,305.0,294.0,302.0,-2.89,63608.0,1255.0,101.0
NBB,2/21/2013,302.0,315.0,298.0,313.0,3.64,67998.0,1255.0,101.0
NBB,2/24/2013,313.0,311.0,306.0,311.0,-0.64,66693.0,1255.0,101.0
NBB,2/25/2013,311.0,335.0,307.0,322.0,3.54,78696.0,1255.0,101.0
NBB,2/26/2013,322.0,340.0,322.0,328.0,1.86,95775.0,1255.0,101.0
NBB,2/27/2013,328.0,330.0,322.0,328.0,0.0,64829.0,1255.0,101.0
NBB,2/28/2013,328.0,347.0,326.0,345.0,5.18,76945.0,1255.0,101.0
NBB,3/3/2013,345.0,358.0,345.0,354.0,2.61,117683.0,1255.0,101.0
NBB,3/4/2013,354.0,361.0,345.0,350.0,-1.13,87863.0,1255.0,101.0
NBB,3/5/2013,350.0,364.0,340.0,345.0,-1.43,85583.0,1255.0,101.0
NBB,3/6/2013,345.0,351.0,338.0,350.0,1.45,54610.0,1255.0,101.0
NBB,3/7/2013,350.0,346.0,338.0,340.0,-2.86,40038.0,1255.0,101.0
NBB,3/11/2013,340.0,345.0,334.0,336.0,-1.18,32763.0,1255.0,101.0
NBB,3/13/2013,336.0,345.0,335.0,345.0,2.68,36435.0,1255.0,101.0
NBB,3/14/2013,345.0,360.0,338.0,338.0,-2.03,49133.0,1255.0,101.0
NBB,3/17/2013,338.0,340.0,325.0,332.0,-1.78,26726.0,1255.0,101.0
NBB,3/18/2013,332.0,335.0,325.0,326.0,-1.81,24140.0,1255.0,101.0
NBB,3/19/2013,326.0,339.0,326.0,332.0,1.84,59910.0,1255.0,101.0
NBB,3/20/2013,332.0,342.0,327.0,328.0,-1.2,59971.0,1255.0,101.0
NBB,3/21/2013,328.0,331.0,325.0,328.0,0.0,23738.0,1255.0,101.0
NBB,3/24/2013,328.0,324.0,315.0,317.0,-3.35,29198.0,1255.0,101.0
NBB,3/25/2013,317.0,341.0,319.0,325.0,2.52,52172.0,1255.0,101.0
NBB,3/27/2013,325.0,337.0,322.0,323.0,-0.62,34671.0,1255.0,101.0
NBB,3/28/2013,323.0,330.0,320.0,323.0,0.0,26108.0,1255.0,101.0
NBB,3/31/2013,323.0,325.0,310.0,311.0,-3.72,32643.0,1255.0,101.0
NBB,4/1/2013,311.0,315.0,300.0,314.0,0.96,47585.0,1255.0,101.0
NBB,4/2/2013,314.0,327.0,314.0,323.0,2.87,50383.0,1255.0,101.0
NBB,4/3/2013,323.0,328.0,315.0,322.0,-0.31,29883.0,1255.0,101.0
NBB,4/4/2013,322.0,327.0,310.0,315.0,-2.17,24970.0,1255.0,101.0
NBB,4/7/2013,315.0,322.0,305.0,317.0,0.63,10578.0,1255.0,101.0
NBB,4/8/2013,317.0,326.0,315.0,324.0,2.21,13875.0,1255.0,101.0
NBB,4/9/2013,324.0,324.0,319.0,322.0,-0.62,10335.0,1255.0,101.0
NBB,4/11/2013,322.0,328.0,322.0,325.0,0.93,15935.0,1255.0,101.0
NBB,4/15/2013,325.0,331.0,322.0,324.0,-0.31,7814.0,1255.0,101.0
NBB,4/16/2013,324.0,325.0,318.0,320.0,-1.23,9393.0,1255.0,101.0
NBB,4/17/2013,320.0,322.0,317.0,318.0,-0.62,5800.0,1255.0,101.0
NBB,4/18/2013,318.0,321.0,309.0,309.0,-2.83,9445.0,1255.0,101.0
NBB,4/21/2013,309.0,311.0,300.0,300.0,-2.91,26703.0,1255.0,101.0
NBB,4/22/2013,300.0,307.0,294.0,307.0,2.33,29538.0,1255.0,101.0
NBB,4/23/2013,307.0,311.0,302.0,305.0,-0.65,18748.0,1255.0,101.0
NBB,4/25/2013,305.0,304.0,283.0,297.0,-2.62,25048.0,1255.0,101.0
NBB,4/28/2013,297.0,300.0,294.0,294.0,-1.01,4605.0,1255.0,101.0
NBB,4/29/2013,294.0,292.0,286.0,289.0,-1.7,16010.0,1255.0,101.0
NBB,4/30/2013,289.0,291.0,280.0,282.0,-2.42,4973.0,1255.0,101.0
NBB,5/2/2013,282.0,279.0,260.0,270.0,-4.26,11515.0,1255.0,101.0
NBB,5/5/2013,270.0,280.0,261.0,261.0,-3.33,13254.0,1255.0,101.0
NBB,5/6/2013,261.0,266.0,262.0,265.0,1.53,2460.0,1255.0,101.0
NBB,5/7/2013,265.0,290.0,270.0,282.0,6.42,6546.0,1255.0,101.0
NBB,5/8/2013,282.0,278.0,277.0,278.0,-1.42,325.0,1255.0,101.0
NBB,5/9/2013,278.0,277.0,269.0,277.0,-0.36,1605.0,1255.0,101.0
NBB,5/12/2013,277.0,272.0,259.0,262.0,-5.42,4757.0,1255.0,101.0
NBB,5/13/2013,262.0,274.0,260.0,274.0,4.58,5868.0,1255.0,101.0
NBB,5/14/2013,274.0,279.0,270.0,275.0,0.36,14105.0,1255.0,101.0
NBB,5/15/2013,275.0,301.0,280.0,300.0,9.09,23188.0,1255.0,101.0
NBB,5/16/2013,300.0,312.0,301.0,311.0,3.67,20663.0,1255.0,101.0
NBB,5/19/2013,311.0,318.0,294.0,318.0,2.25,14095.0,1255.0,101.0
NBB,5/20/2013,318.0,321.0,294.0,296.0,-6.92,4660.0,1255.0,101.0
NBB,5/21/2013,296.0,298.0,292.0,296.0,0.0,13854.0,1255.0,101.0
NBB,5/22/2013,296.0,299.0,294.0,296.0,0.0,10393.0,1255.0,101.0
NBB,5/23/2013,296.0,297.0,294.0,297.0,0.34,6710.0,1255.0,101.0
NBB,5/26/2013,297.0,316.0,294.0,303.0,2.02,13789.0,1255.0,101.0
NBB,5/27/2013,303.0,301.0,297.0,300.0,-0.99,6793.0,1255.0,101.0
NBB,5/28/2013,300.0,298.0,288.0,294.0,-2.0,11299.0,1255.0,101.0
NBB,5/30/2013,294.0,299.0,290.0,290.0,-1.36,13633.0,1255.0,101.0
NBB,6/2/2013,290.0,291.0,280.0,280.0,-3.45,12213.0,1255.0,101.0
NBB,6/3/2013,280.0,290.0,285.0,285.0,1.79,4546.0,1255.0,101.0
NBB,6/4/2013,285.0,302.0,290.0,292.0,2.46,17623.0,1255.0,101.0
NBB,6/5/2013,292.0,301.0,295.0,300.0,2.74,4138.0,1255.0,101.0
NBB,6/6/2013,300.0,300.0,294.0,300.0,0.0,1765.0,1255.0,101.0
NBB,6/9/2013,300.0,306.0,295.0,295.0,-1.67,23438.0,1255.0,101.0
NBB,6/10/2013,295.0,304.0,290.0,293.0,-0.68,14859.0,1255.0,101.0
NBB,6/11/2013,293.0,293.0,290.0,293.0,0.0,7060.0,1255.0,101.0
NBB,6/12/2013,293.0,296.0,289.0,291.0,-0.68,8295.0,1255.0,101.0
NBB,6/13/2013,291.0,300.0,292.0,299.0,2.75,19588.0,1255.0,101.0
NBB,6/16/2013,299.0,309.0,295.0,299.0,0.0,11013.0,1255.0,101.0
NBB,6/17/2013,299.0,296.0,294.0,294.0,-1.67,7938.0,1255.0,101.0
NBB,6/18/2013,294.0,298.0,294.0,298.0,1.36,13115.0,1255.0,101.0
NBB,6/19/2013,298.0,301.0,294.0,301.0,1.01,11215.0,1255.0,101.0
NBB,6/20/2013,301.0,298.0,295.0,297.0,-1.33,9093.0,1255.0,101.0
NBB,6/23/2013,297.0,296.0,286.0,290.0,-2.36,9270.0,1255.0,101.0
NBB,6/24/2013,290.0,290.0,284.0,290.0,0.0,30628.0,1255.0,101.0
NBB,6/25/2013,290.0,300.0,288.0,297.0,2.41,5610.0,1255.0,101.0
NBB,6/26/2013,297.0,306.0,300.0,301.0,1.35,9058.0,1255.0,101.0
NBB,6/27/2013,301.0,296.0,294.0,295.0,-1.99,1825.0,1255.0,101.0
NBB,6/30/2013,295.0,292.0,290.0,290.0,-1.69,11400.0,1255.0,101.0
NBB,7/1/2013,290.0,291.0,286.0,290.0,0.0,8835.0,1255.0,101.0
NBB,7/2/2013,290.0,295.0,283.0,286.0,-1.38,7678.0,1255.0,101.0
NBB,7/3/2013,286.0,293.0,286.0,289.0,1.05,8028.0,1255.0,101.0
NBB,7/4/2013,289.0,290.0,286.0,287.0,-0.69,17615.0,1255.0,101.0
NBB,7/7/2013,287.0,292.0,285.0,287.0,0.0,5700.0,1255.0,101.0
NBB,7/8/2013,287.0,291.0,285.0,290.0,1.05,4560.0,1255.0,101.0
NBB,7/9/2013,290.0,298.0,291.0,295.0,1.72,14219.0,1255.0,101.0
NBB,7/10/2013,295.0,309.0,300.0,309.0,4.75,27885.0,1255.0,101.0
NBB,7/11/2013,309.0,305.0,296.0,305.0,-1.29,7980.0,1255.0,101.0
NBB,7/14/2013,305.0,306.0,297.0,303.0,-0.66,4530.0,1255.0,101.0
NBB,7/15/2013,303.0,303.0,294.0,300.0,-0.99,7930.0,1255.0,101.0
NBB,7/16/2013,300.0,301.0,297.0,300.0,0.0,3030.0,1255.0,101.0
NBB,7/17/2013,300.0,298.0,294.0,295.0,-1.67,3300.0,1255.0,101.0
NBB,7/18/2013,295.0,307.0,290.0,302.0,2.37,16393.0,1255.0,101.0
NBB,7/21/2013,302.0,316.0,305.0,314.0,3.97,30476.0,1255.0,101.0
NBB,7/22/2013,314.0,314.0,302.0,306.0,-2.55,4540.0,1255.0,101.0
NBB,7/23/2013,306.0,310.0,301.0,310.0,1.31,4701.0,1255.0,101.0
NBB,7/24/2013,310.0,313.0,300.0,313.0,0.97,8921.0,1255.0,101.0
NBB,7/25/2013,313.0,307.0,299.0,304.0,-2.88,8885.0,1255.0,101.0
NBB,7/28/2013,304.0,301.0,300.0,300.0,-1.32,9903.0,1255.0,101.0
NBB,7/29/2013,300.0,302.0,294.0,300.0,0.0,14993.0,1255.0,101.0
NBB,7/30/2013,300.0,305.0,300.0,304.0,1.33,30215.0,1255.0,101.0
NBB,7/31/2013,304.0,310.0,301.0,305.0,0.33,22913.0,1255.0,101.0
NBB,8/1/2013,305.0,314.0,303.0,308.0,0.98,13140.0,1255.0,101.0
NBB,8/4/2013,308.0,313.0,306.0,307.0,-0.32,14250.0,1255.0,101.0
NBB,8/5/2013,307.0,307.0,304.0,304.0,-0.98,6475.0,1255.0,101.0
NBB,8/6/2013,304.0,305.0,293.0,300.0,-1.32,11052.0,1255.0,101.0
NBB,8/7/2013,300.0,305.0,294.0,301.0,0.33,8388.0,1255.0,101.0
NBB,8/8/2013,301.0,309.0,300.0,309.0,2.66,6811.0,1255.0,101.0
NBB,8/11/2013,309.0,303.0,298.0,302.0,-2.27,3320.0,1255.0,101.0
NBB,8/12/2013,302.0,307.0,296.0,300.0,-0.66,4900.0,1255.0,101.0
NBB,8/13/2013,300.0,298.0,297.0,298.0,-0.67,630.0,1255.0,101.0
NBB,8/14/2013,298.0,316.0,299.0,300.0,0.67,26094.0,1255.0,101.0
NBB,8/15/2013,300.0,302.0,296.0,298.0,-0.67,5345.0,1255.0,101.0
NBB,8/18/2013,298.0,303.0,295.0,299.0,0.34,10020.0,1255.0,101.0
NBB,8/19/2013,299.0,297.0,288.0,296.0,-1.0,20994.0,1255.0,101.0
NBB,8/20/2013,296.0,304.0,294.0,301.0,1.69,9255.0,1255.0,101.0
NBB,8/25/2013,301.0,331.0,307.0,331.0,9.97,107496.0,1255.0,101.0
NBB,8/26/2013,331.0,364.0,331.0,364.0,9.97,161335.0,1255.0,101.0
NBB,8/27/2013,364.0,400.0,367.0,375.0,3.02,126163.0,1255.0,101.0
NBB,8/29/2013,375.0,378.0,349.0,365.0,-2.67,94905.0,1255.0,101.0
NBB,9/1/2013,365.0,391.0,358.0,387.0,6.03,143405.0,1255.0,101.0
NBB,9/2/2013,387.0,394.0,365.0,373.0,-3.62,83577.0,1255.0,101.0
NBB,9/3/2013,373.0,370.0,360.0,370.0,-0.8,29449.0,1255.0,101.0
NBB,9/4/2013,370.0,383.0,356.0,362.0,-2.16,8193.0,1255.0,101.0
NBB,9/5/2013,362.0,373.0,360.0,370.0,2.21,27748.0,1255.0,101.0
NBB,9/8/2013,370.0,370.0,361.0,370.0,0.0,32748.0,1255.0,101.0
NBB,9/9/2013,370.0,370.0,364.0,367.0,-0.81,25160.0,1255.0,101.0
NBB,9/10/2013,367.0,370.0,363.0,365.0,-0.54,29527.0,1255.0,101.0
NBB,9/11/2013,365.0,372.0,365.0,369.0,1.1,19845.0,1255.0,101.0
NBB,9/12/2013,369.0,369.0,365.0,368.0,-0.27,15570.0,1255.0,101.0
NBB,9/15/2013,368.0,370.0,367.0,369.0,0.27,17620.0,1255.0,101.0
NBB,9/16/2013,369.0,375.0,368.0,372.0,0.81,10548.0,1255.0,101.0
NBB,9/17/2013,372.0,375.0,369.0,373.0,0.27,28163.0,1255.0,101.0
NBB,9/19/2013,373.0,378.0,370.0,378.0,1.34,28035.0,1255.0,101.0
NBB,9/22/2013,375.0,375.0,370.0,370.0,-2.12,25960.0,1255.0,101.0
NBB,9/23/2013,370.0,373.0,367.0,370.0,0.0,23248.0,1255.0,101.0
NBB,9/24/2013,370.0,373.0,367.0,373.0,0.81,24873.0,1255.0,101.0
NBB,9/25/2013,373.0,375.0,370.0,375.0,0.54,14426.0,1255.0,101.0
NBB,9/26/2013,375.0,373.0,370.0,372.0,-0.8,14853.0,1255.0,101.0
NBB,9/29/2013,372.0,372.0,365.0,368.0,-1.08,21385.0,1255.0,101.0
NBB,9/30/2013,368.0,369.0,364.0,369.0,0.27,18455.0,1255.0,101.0
NBB,10/1/2013,369.0,369.0,367.0,367.0,-0.54,23368.0,1255.0,101.0
NBB,10/2/2013,367.0,369.0,366.0,369.0,0.54,11940.0,1255.0,101.0
NBB,10/3/2013,369.0,382.0,370.0,375.0,1.63,35560.0,1255.0,101.0
NBB,10/6/2013,375.0,396.0,380.0,389.0,3.73,33544.0,1255.0,101.0
NBB,10/7/2013,389.0,395.0,390.0,394.0,1.29,38328.0,1255.0,101.0
NBB,10/8/2013,394.0,398.0,390.0,398.0,1.02,19775.0,1255.0,101.0
NBB,10/9/2013,398.0,405.0,375.0,375.0,-5.78,44124.0,1255.0,101.0
NBB,10/10/2013,375.0,392.0,382.0,392.0,4.53,19325.0,1255.0,101.0
NBB,10/17/2013,392.0,405.0,390.0,392.0,0.0,4112.0,1255.0,101.0
NBB,10/20/2013,392.0,408.0,390.0,400.0,2.04,26241.0,1255.0,101.0
NBB,10/21/2013,400.0,408.0,395.0,399.0,-0.25,31855.0,1255.0,101.0
NBB,10/22/2013,399.0,399.0,386.0,393.0,-1.5,11378.0,1255.0,101.0
NBB,10/23/2013,393.0,399.0,385.0,390.0,-0.76,5140.0,1255.0,101.0
NBB,10/24/2013,390.0,390.0,381.0,384.0,-1.54,17788.0,1255.0,101.0
NBB,10/27/2013,384.0,392.0,382.0,392.0,2.08,16216.0,1255.0,101.0
NBB,10/28/2013,392.0,390.0,383.0,386.0,-1.53,19978.0,1255.0,101.0
NBB,10/29/2013,386.0,389.0,383.0,389.0,0.78,13714.0,1255.0,101.0
NBB,10/30/2013,389.0,399.0,388.0,399.0,2.57,24166.0,1255.0,101.0
NBB,10/31/2013,399.0,393.0,386.0,388.0,-2.76,11750.0,1255.0,101.0
NBB,11/6/2013,388.0,388.0,384.0,388.0,0.0,10935.0,1255.0,101.0
NBB,11/7/2013,388.0,394.0,385.0,386.0,-0.52,12066.0,1255.0,101.0
NBB,11/10/2013,386.0,394.0,380.0,394.0,2.07,5895.0,1255.0,101.0
NBB,11/11/2013,394.0,395.0,380.0,390.0,-1.02,22205.0,1255.0,101.0
NBB,11/12/2013,390.0,408.0,394.0,400.0,2.56,62551.0,1255.0,101.0
NBB,11/13/2013,400.0,406.0,397.0,399.0,-0.25,34698.0,1255.0,101.0
NBB,11/14/2013,399.0,403.0,394.0,400.0,0.25,45941.0,1255.0,101.0
NBB,11/21/2013,400.0,440.0,408.0,440.0,10.0,48718.0,1255.0,101.0
NBB,11/24/2013,440.0,484.0,448.0,459.0,4.32,69906.0,1255.0,101.0
NBB,11/25/2013,459.0,460.0,429.0,438.0,-4.58,34400.0,1255.0,101.0
NBB,11/26/2013,437.0,461.0,430.0,444.0,1.37,32283.0,1255.0,101.0
NBB,11/27/2013,444.0,448.0,438.0,439.0,-1.13,16328.0,1255.0,101.0
NBB,11/28/2013,439.0,447.0,434.0,440.0,0.23,34157.0,1255.0,101.0
NBB,12/1/2013,440.0,445.0,440.0,442.0,0.45,28001.0,1255.0,101.0
NBB,12/2/2013,442.0,454.0,430.0,449.0,1.58,45026.0,1255.0,101.0
NBB,12/3/2013,449.0,464.0,441.0,455.0,1.34,65349.0,1255.0,101.0
NBB,12/4/2013,455.0,490.0,455.0,472.0,3.74,43528.0,1255.0,101.0
NBB,12/5/2013,472.0,507.0,470.0,482.0,2.12,48819.0,1255.0,101.0
NBB,12/8/2013,482.0,505.0,478.0,486.0,0.83,46775.0,1255.0,101.0
NBB,12/9/2013,486.0,499.0,478.0,490.0,0.82,37582.0,1255.0,101.0
NBB,12/10/2013,490.0,493.0,485.0,490.0,0.0,42873.0,1255.0,101.0
NBB,12/11/2013,490.0,500.0,492.0,498.0,1.63,87423.0,1255.0,101.0
NBB,12/12/2013,498.0,512.0,496.0,512.0,2.81,80471.0,1255.0,101.0
NBB,12/15/2013,512.0,563.0,513.0,563.0,9.96,97012.0,1255.0,101.0
NBB,12/16/2013,563.0,619.0,574.0,619.0,9.95,75001.0,1255.0,101.0
NBB,12/18/2013,619.0,675.0,625.0,670.0,8.24,31865.0,1255.0,101.0
NBB,12/19/2013,670.0,683.0,615.0,660.0,-1.49,151582.0,1255.0,101.0
NBB,12/22/2013,658.0,670.0,635.0,658.0,-0.3,89206.0,1255.0,101.0
NBB,12/23/2013,665.0,660.0,620.0,625.0,-5.02,43516.0,1255.0,101.0
NBB,12/24/2013,625.0,652.0,598.0,637.0,1.92,115687.0,1255.0,101.0
NBB,12/26/2013,636.0,699.0,648.0,670.0,5.18,68114.0,1255.0,101.0
NBB,12/29/2013,670.0,675.0,655.0,659.0,-1.64,55928.0,1255.0,101.0
NBB,12/31/2013,659.0,660.0,635.0,635.0,-3.64,24635.0,1255.0,101.0
NBB,1/1/2014,635.0,630.0,603.0,611.0,-3.78,65420.0,1255.0,101.0
NBB,1/2/2014,611.0,635.0,600.0,624.0,2.13,65014.0,1255.0,101.0
NBB,1/5/2014,624.0,640.0,630.0,635.0,1.76,29736.0,1255.0,101.0
NBB,1/6/2014,635.0,637.0,615.0,636.0,0.16,30243.0,1255.0,101.0
NBB,1/7/2014,636.0,640.0,620.0,636.0,0.0,36473.0,1255.0,101.0
NBB,1/8/2014,636.0,660.0,626.0,660.0,3.77,37510.0,1255.0,101.0
NBB,1/9/2014,660.0,660.0,640.0,641.0,-2.88,20580.0,1255.0,101.0
NBB,1/12/2014,641.0,655.0,635.0,645.0,0.62,59144.0,1255.0,101.0
NBB,1/13/2014,645.0,645.0,608.0,621.0,-3.72,54706.0,1255.0,101.0
NBB,1/14/2014,621.0,640.0,610.0,625.0,0.64,40415.0,1255.0,101.0
NBB,1/16/2014,625.0,645.0,620.0,634.0,1.44,24357.0,1255.0,101.0
NBB,1/19/2014,634.0,645.0,630.0,639.0,0.79,9741.0,1255.0,101.0
NBB,1/20/2014,639.0,640.0,623.0,623.0,-2.5,12526.0,1255.0,101.0
NBB,1/21/2014,623.0,628.0,615.0,622.0,-0.16,12646.0,1255.0,101.0
NBB,1/22/2014,622.0,640.0,616.0,637.0,2.41,27166.0,1255.0,101.0
NBB,1/23/2014,637.0,664.0,641.0,664.0,4.24,40277.0,1255.0,101.0
NBB,1/26/2014,664.0,671.0,643.0,646.0,-2.71,34971.0,1255.0,101.0
NBB,1/27/2014,646.0,665.0,635.0,638.0,-1.24,11170.0,1255.0,101.0
NBB,1/28/2014,638.0,649.0,621.0,636.0,-0.31,8628.0,1255.0,101.0
NBB,1/29/2014,636.0,640.0,627.0,630.0,-0.94,8624.0,1255.0,101.0
NBB,2/2/2014,630.0,631.0,619.0,621.0,-1.43,9152.0,1255.0,101.0
NBB,2/3/2014,621.0,625.0,608.0,613.0,-1.29,12248.0,1255.0,101.0
NBB,2/4/2014,613.0,630.0,601.0,618.0,0.82,23060.0,1255.0,101.0
NBB,2/6/2014,646.0,642.0,620.0,639.0,3.4,18943.0,1255.0,101.0
NBB,2/9/2014,639.0,630.0,615.0,615.0,-3.76,18441.0,1255.0,101.0
NBB,2/10/2014,615.0,664.0,618.0,626.0,1.79,47960.0,1255.0,101.0
NBB,2/11/2014,626.0,631.0,616.0,620.0,-0.96,19273.0,1255.0,101.0
NBB,2/12/2014,620.0,634.0,608.0,634.0,2.26,28188.0,1255.0,101.0
NBB,2/13/2014,634.0,622.0,610.0,614.0,-3.15,12858.0,1255.0,101.0
NBB,3/3/2014,614.0,618.0,602.0,616.0,0.33,10240.0,1255.0,101.0
NBB,3/4/2014,616.0,616.0,594.0,606.0,-1.62,9413.0,1255.0,101.0
NBB,3/5/2014,606.0,613.0,600.0,600.0,-0.99,10463.0,1255.0,101.0
NBB,3/6/2014,600.0,612.0,598.0,605.0,0.83,16683.0,1255.0,101.0
NBB,3/9/2014,600.0,610.0,590.0,595.0,-1.65,12635.0,1255.0,101.0
NBB,3/10/2014,595.0,600.0,595.0,600.0,0.84,2963.0,1255.0,101.0
NBB,3/11/2014,600.0,599.0,582.0,586.0,-2.33,10185.0,1255.0,101.0
NBB,3/12/2014,586.0,586.0,570.0,575.0,-1.88,5160.0,1255.0,101.0
NBB,3/13/2014,575.0,592.0,575.0,587.0,2.09,3648.0,1255.0,101.0
NBB,3/17/2014,587.0,580.0,560.0,568.0,-3.24,4090.0,1255.0,101.0
NBB,3/18/2014,568.0,576.0,550.0,558.0,-1.76,5235.0,1255.0,101.0
NBB,3/19/2014,558.0,571.0,558.0,558.0,0.0,7045.0,1255.0,101.0
NBB,3/20/2014,558.0,569.0,551.0,565.0,1.25,6110.0,1255.0,101.0
NBB,3/23/2014,565.0,580.0,570.0,580.0,2.65,1785.0,1255.0,101.0
NBB,3/24/2014,580.0,573.0,556.0,570.0,-1.72,2090.0,1255.0,101.0
NBB,3/25/2014,570.0,569.0,565.0,569.0,-0.18,985.0,1255.0,101.0
NBB,3/26/2014,569.0,590.0,565.0,579.0,1.76,1930.0,1255.0,101.0
NBB,3/27/2014,579.0,590.0,565.0,590.0,1.9,9645.0,1255.0,101.0
NBB,3/31/2014,590.0,605.0,586.0,591.0,0.17,16960.0,1255.0,101.0
NBB,4/1/2014,591.0,602.0,591.0,600.0,1.52,4043.0,1255.0,101.0
NBB,4/2/2014,600.0,593.0,585.0,592.0,-1.33,4040.0,1255.0,101.0
NBB,4/3/2014,592.0,610.0,590.0,600.0,1.35,33998.0,1255.0,101.0
NBB,4/6/2014,600.0,624.0,611.0,614.0,2.33,14270.0,1255.0,101.0
NBB,4/7/2014,614.0,611.0,599.0,606.0,-1.3,6930.0,1255.0,101.0
NBB,4/9/2014,606.0,605.0,597.0,600.0,-0.99,8320.0,1255.0,101.0
NBB,4/10/2014,600.0,610.0,600.0,604.0,0.67,6794.0,1255.0,101.0
NBB,4/13/2014,604.0,605.0,596.0,601.0,-0.5,11093.0,1255.0,101.0
NBB,4/15/2014,601.0,605.0,600.0,601.0,0.0,12033.0,1255.0,101.0
NBB,4/16/2014,601.0,601.0,592.0,592.0,-1.5,3585.0,1255.0,101.0
NBB,4/17/2014,592.0,599.0,581.0,599.0,1.18,20255.0,1255.0,101.0
NBB,4/20/2014,599.0,600.0,592.0,600.0,0.17,10535.0,1255.0,101.0
NBB,4/21/2014,600.0,600.0,590.0,600.0,0.0,17168.0,1255.0,101.0
NBB,4/22/2014,600.0,611.0,595.0,611.0,1.83,31125.0,1255.0,101.0
NBB,4/23/2014,611.0,620.0,604.0,605.0,-0.98,12005.0,1255.0,101.0
NBB,4/27/2014,605.0,608.0,590.0,595.0,-1.65,13480.0,1255.0,101.0
NBB,4/28/2014,595.0,606.0,585.0,585.0,-1.68,7375.0,1255.0,101.0
NBB,4/29/2014,585.0,600.0,586.0,600.0,2.56,13550.0,1255.0,101.0
NBB,4/30/2014,600.0,613.0,599.0,602.0,0.33,24928.0,1255.0,101.0
NBB,5/4/2014,602.0,602.0,590.0,600.0,-0.33,12320.0,1255.0,101.0
NBB,5/5/2014,600.0,611.0,592.0,610.0,1.67,32875.0,1255.0,101.0
NBB,5/6/2014,610.0,640.0,613.0,624.0,2.3,22640.0,1255.0,101.0
NBB,5/7/2014,624.0,647.0,621.0,632.0,1.28,13923.0,1255.0,101.0
NBB,5/8/2014,632.0,640.0,616.0,630.0,-0.32,23483.0,1255.0,101.0
NBB,5/11/2014,630.0,638.0,619.0,622.0,-1.27,21313.0,1255.0,101.0
NBB,5/12/2014,622.0,638.0,616.0,625.0,0.48,19205.0,1255.0,101.0
NBB,5/13/2014,625.0,633.0,620.0,628.0,0.48,30733.0,1255.0,101.0
NBB,5/15/2014,628.0,641.0,620.0,641.0,2.07,31056.0,1255.0,101.0
NBB,5/18/2014,641.0,670.0,635.0,670.0,4.52,33184.0,1255.0,101.0
NBB,5/19/2014,670.0,670.0,649.0,663.0,-1.04,85596.0,1255.0,101.0
NBB,5/20/2014,663.0,665.0,640.0,649.0,-2.11,32708.0,1255.0,101.0
NBB,5/21/2014,649.0,660.0,649.0,660.0,1.69,20865.0,1255.0,101.0
NBB,5/22/2014,660.0,660.0,647.0,649.0,-1.67,25241.0,1255.0,101.0
NBB,5/25/2014,649.0,660.0,649.0,655.0,0.92,21225.0,1255.0,101.0
NBB,5/26/2014,655.0,655.0,647.0,653.0,-0.31,17348.0,1255.0,101.0
NBB,5/27/2014,653.0,660.0,650.0,651.0,-0.31,16936.0,1255.0,101.0
NBB,5/28/2014,651.0,662.0,650.0,661.0,1.54,26372.0,1255.0,101.0
NBB,6/1/2014,661.0,688.0,664.0,688.0,4.08,29283.0,1255.0,101.0
NBB,6/2/2014,688.0,692.0,667.0,686.0,-0.29,25006.0,1255.0,101.0
NBB,6/3/2014,686.0,700.0,680.0,681.0,-0.73,20044.0,1255.0,101.0
NBB,6/4/2014,681.0,689.0,672.0,685.0,0.59,21156.0,1255.0,101.0
NBB,6/5/2014,685.0,698.0,675.0,685.0,0.0,29953.0,1255.0,101.0
NBB,6/8/2014,685.0,702.0,685.0,695.0,1.46,31544.0,1255.0,101.0
NBB,6/9/2014,695.0,722.0,700.0,715.0,2.88,33168.0,1255.0,101.0
NBB,6/10/2014,715.0,728.0,709.0,715.0,0.0,22141.0,1255.0,101.0
NBB,6/11/2014,715.0,722.0,701.0,720.0,0.7,25795.0,1255.0,101.0
NBB,6/12/2014,720.0,724.0,700.0,706.0,-1.94,34900.0,1255.0,101.0
NBB,6/15/2014,706.0,735.0,710.0,725.0,2.69,45786.0,1255.0,101.0
NBB,6/16/2014,725.0,740.0,720.0,726.0,0.14,35087.0,1255.0,101.0
NBB,6/17/2014,726.0,735.0,711.0,725.0,-0.14,28731.0,1255.0,101.0
NBB,6/18/2014,725.0,739.0,705.0,720.0,-0.69,16508.0,1255.0,101.0
NBB,6/19/2014,720.0,720.0,696.0,707.0,-1.81,15013.0,1255.0,101.0
NBB,6/23/2014,707.0,710.0,700.0,704.0,-0.42,16121.0,1255.0,101.0
NBB,6/24/2014,704.0,715.0,698.0,713.0,1.28,29389.0,1255.0,101.0
NBB,6/25/2014,713.0,715.0,703.0,708.0,-0.7,43290.0,1255.0,101.0
NBB,6/26/2014,708.0,722.0,704.0,712.0,0.56,66501.0,1255.0,101.0
NBB,6/30/2014,647.0,672.0,657.0,665.0,-6.6,20973.0,1255.0,101.0
NBB,7/1/2014,665.0,671.0,655.0,668.0,0.45,11611.0,1255.0,101.0
NBB,7/2/2014,668.0,670.0,660.0,664.0,-0.6,7980.0,1255.0,101.0
NBB,7/3/2014,664.0,668.0,655.0,660.0,-0.6,11845.0,1255.0,101.0
NBB,7/6/2014,660.0,666.0,657.0,660.0,0.0,23570.0,1255.0,101.0
NBB,7/7/2014,660.0,679.0,661.0,675.0,2.27,21162.0,1255.0,101.0
NBB,7/8/2014,675.0,702.0,671.0,700.0,3.7,13970.0,1255.0,101.0
NBB,7/9/2014,700.0,705.0,688.0,700.0,0.0,12445.0,1255.0,101.0
NBB,7/10/2014,700.0,699.0,688.0,691.0,-1.29,16560.0,1255.0,101.0
NBB,7/13/2014,691.0,743.0,700.0,710.0,2.75,19037.0,1255.0,101.0
NBB,7/14/2014,710.0,710.0,695.0,704.0,-0.85,15035.0,1255.0,101.0
NBB,7/15/2014,704.0,710.0,691.0,691.0,-1.85,8373.0,1255.0,101.0
NBB,7/16/2014,691.0,707.0,695.0,700.0,1.3,16605.0,1255.0,101.0
NBB,7/17/2014,700.0,715.0,701.0,715.0,2.14,26405.0,1255.0,101.0
NBB,7/20/2014,715.0,743.0,710.0,741.0,3.64,26636.0,1255.0,101.0
NBB,7/21/2014,741.0,770.0,727.0,727.0,-1.89,21070.0,1255.0,101.0
NBB,7/22/2014,727.0,735.0,705.0,722.0,-0.69,21505.0,1255.0,101.0
NBB,7/23/2014,722.0,745.0,725.0,745.0,3.19,19358.0,1255.0,101.0
NBB,7/24/2014,745.0,755.0,738.0,740.0,-0.67,34083.0,1255.0,101.0
NBB,7/27/2014,740.0,745.0,725.0,740.0,0.0,10106.0,1255.0,101.0
NBB,7/28/2014,740.0,750.0,715.0,730.0,-1.35,7146.0,1255.0,101.0
NBB,7/30/2014,730.0,730.0,712.0,715.0,-2.05,12830.0,1255.0,101.0
NBB,7/31/2014,715.0,722.0,708.0,712.0,-0.42,17743.0,1255.0,101.0
NBB,8/3/2014,712.0,720.0,700.0,708.0,-0.56,13495.0,1255.0,101.0
NBB,8/4/2014,708.0,705.0,690.0,691.0,-2.4,10219.0,1255.0,101.0
NBB,8/5/2014,691.0,720.0,694.0,696.0,0.72,15201.0,1255.0,101.0
NBB,8/6/2014,696.0,693.0,682.0,686.0,-1.44,7343.0,1255.0,101.0
NBB,8/7/2014,686.0,693.0,668.0,685.0,-0.15,9916.0,1255.0,101.0
NBB,8/12/2014,685.0,710.0,670.0,678.0,-1.02,29990.0,1255.0,101.0
NBB,8/13/2014,678.0,704.0,660.0,690.0,1.77,16323.0,1255.0,101.0
NBB,8/14/2014,690.0,691.0,685.0,690.0,0.0,5378.0,1255.0,101.0
NBB,8/18/2014,690.0,697.0,661.0,663.0,-3.91,21608.0,1255.0,101.0
NBB,8/19/2014,663.0,691.0,662.0,672.0,1.36,17328.0,1255.0,101.0
NBB,8/20/2014,672.0,670.0,650.0,666.0,-0.89,22588.0,1255.0,101.0
NBB,8/21/2014,666.0,675.0,640.0,675.0,1.35,26470.0,1255.0,101.0
NBB,8/24/2014,675.0,675.0,657.0,670.0,-0.74,10223.0,1255.0,101.0
NBB,8/25/2014,670.0,657.0,613.0,649.0,-3.13,19670.0,1255.0,101.0
NBB,8/26/2014,649.0,673.0,590.0,612.0,-5.7,28164.0,1255.0,101.0
NBB,8/27/2014,612.0,659.0,620.0,659.0,7.68,28418.0,1255.0,101.0
NBB,8/28/2014,659.0,660.0,615.0,634.0,-3.79,26608.0,1255.0,101.0
NBB,8/31/2014,634.0,646.0,600.0,601.0,-5.21,27263.0,1255.0,101.0
NBB,9/1/2014,601.0,625.0,575.0,625.0,3.99,29776.0,1255.0,101.0
NBB,9/3/2014,625.0,619.0,600.0,608.0,-2.72,17022.0,1255.0,101.0
NBB,9/4/2014,608.0,612.0,575.0,612.0,0.66,32453.0,1255.0,101.0
NBB,9/7/2014,612.0,601.0,551.0,555.0,-9.31,43295.0,1255.0,101.0
NBB,9/9/2014,555.0,610.0,560.0,609.0,9.73,26418.0,1255.0,101.0
NBB,9/10/2014,609.0,621.0,567.0,585.0,-3.94,25035.0,1255.0,101.0
NBB,9/11/2014,585.0,605.0,552.0,605.0,3.42,24896.0,1255.0,101.0
NBB,9/14/2014,605.0,600.0,579.0,590.0,-2.48,22083.0,1255.0,101.0
NBB,9/15/2014,590.0,601.0,575.0,579.0,-1.86,10133.0,1255.0,101.0
NBB,9/16/2014,579.0,613.0,568.0,613.0,5.87,12580.0,1255.0,101.0
NBB,9/17/2014,613.0,618.0,579.0,600.0,-2.12,32895.0,1255.0,101.0
NBB,9/18/2014,600.0,590.0,571.0,579.0,-3.5,9675.0,1255.0,101.0
NBB,9/21/2014,579.0,575.0,540.0,558.0,-3.63,18308.0,1255.0,101.0
NBB,9/22/2014,558.0,569.0,549.0,555.0,-0.54,10470.0,1255.0,101.0
NBB,9/23/2014,555.0,588.0,566.0,570.0,2.7,5422.0,1255.0,101.0
NBB,9/24/2014,570.0,600.0,572.0,590.0,3.51,9689.0,1255.0,101.0
NBB,9/28/2014,590.0,591.0,568.0,579.0,-1.86,13971.0,1255.0,101.0
NBB,9/29/2014,579.0,595.0,579.0,595.0,2.76,2900.0,1255.0,101.0
NBB,9/30/2014,595.0,603.0,580.0,580.0,-2.52,11728.0,1255.0,101.0
NBB,10/8/2014,580.0,584.0,570.0,576.0,-0.69,1080.0,1255.0,101.0
NBB,10/9/2014,576.0,585.0,578.0,580.0,0.69,2155.0,1255.0,101.0
NBB,10/12/2014,580.0,580.0,568.0,568.0,-2.07,7210.0,1255.0,101.0
NBB,10/13/2014,568.0,579.0,560.0,573.0,0.88,13444.0,1255.0,101.0
NBB,10/14/2014,573.0,571.0,562.0,571.0,-0.35,7335.0,1255.0,101.0
NBB,10/15/2014,571.0,589.0,574.0,582.0,1.93,6056.0,1255.0,101.0
NBB,10/16/2014,582.0,586.0,575.0,580.0,-0.34,5368.0,1255.0,101.0
NBB,10/19/2014,580.0,590.0,577.0,577.0,-0.52,9144.0,1255.0,101.0
NBB,10/20/2014,577.0,615.0,580.0,615.0,6.59,18540.0,1255.0,101.0
NBB,10/21/2014,615.0,603.0,569.0,592.0,-3.74,6760.0,1255.0,101.0
NBB,10/22/2014,592.0,603.0,565.0,576.0,-2.7,6078.0,1255.0,101.0
NBB,10/26/2014,576.0,578.0,575.0,575.0,-0.17,1650.0,1255.0,101.0
NBB,10/27/2014,575.0,580.0,575.0,575.0,0.0,3930.0,1255.0,101.0
NBB,10/28/2014,575.0,580.0,571.0,571.0,-0.7,293.0,1255.0,101.0
NBB,10/30/2014,571.0,575.0,560.0,562.0,-1.58,3427.0,1255.0,101.0
NBB,11/2/2014,562.0,571.0,550.0,552.0,-1.78,7979.0,1255.0,101.0
NBB,11/3/2014,552.0,550.0,540.0,546.0,-1.09,10420.0,1255.0,101.0
NBB,11/4/2014,546.0,572.0,526.0,572.0,4.76,10845.0,1255.0,101.0
NBB,11/5/2014,572.0,562.0,545.0,552.0,-3.5,13725.0,1255.0,101.0
NBB,11/6/2014,552.0,569.0,540.0,569.0,3.08,7080.0,1255.0,101.0
NBB,11/9/2014,569.0,563.0,535.0,538.0,-5.45,6633.0,1255.0,101.0
NBB,11/10/2014,538.0,533.0,526.0,530.0,-1.49,11571.0,1255.0,101.0
NBB,11/11/2014,530.0,560.0,522.0,540.0,1.89,8300.0,1255.0,101.0
NBB,11/12/2014,540.0,548.0,515.0,520.0,-3.7,18075.0,1255.0,101.0
NBB,11/13/2014,520.0,549.0,510.0,520.0,0.0,23443.0,1255.0,101.0
NBB,11/16/2014,520.0,520.0,477.0,494.0,-5.0,32794.0,1255.0,101.0
NBB,11/17/2014,494.0,523.0,459.0,463.0,-6.28,25079.0,1255.0,101.0
NBB,11/18/2014,463.0,472.0,433.0,452.0,-2.38,27850.0,1255.0,101.0
NBB,11/19/2014,452.0,461.0,436.0,451.0,-0.22,8695.0,1255.0,101.0
NBB,11/20/2014,451.0,467.0,451.0,463.0,2.66,12027.0,1255.0,101.0
NBB,11/23/2014,463.0,489.0,466.0,466.0,0.65,16195.0,1255.0,101.0
NBB,11/24/2014,466.0,481.0,459.0,477.0,2.36,14745.0,1255.0,101.0
NBB,11/25/2014,477.0,486.0,461.0,469.0,-1.68,9689.0,1255.0,101.0
NBB,11/30/2014,469.0,480.0,460.0,472.0,0.64,37121.0,1255.0,101.0
NBB,12/1/2014,429.0,425.0,405.0,405.0,-14.19,4149.0,1255.0,101.0
NBB,12/2/2014,405.0,421.0,400.0,415.0,2.47,3695.0,1255.0,101.0
NBB,12/3/2014,415.0,435.0,407.0,414.0,-0.24,2380.0,1255.0,101.0
NBB,12/4/2014,414.0,422.0,414.0,422.0,1.93,6766.0,1255.0,101.0
NBB,12/7/2014,422.0,426.0,418.0,426.0,0.95,680.0,1255.0,101.0
NBB,12/8/2014,426.0,433.0,415.0,420.0,-1.41,2569.0,1255.0,101.0
NBB,12/9/2014,420.0,423.0,414.0,417.0,-0.71,3240.0,1255.0,101.0
NBB,12/10/2014,417.0,430.0,422.0,430.0,3.12,581.0,1255.0,101.0
NBB,12/11/2014,430.0,449.0,424.0,449.0,4.42,3418.0,1255.0,101.0
NBB,12/14/2014,449.0,481.0,457.0,481.0,7.13,15663.0,1255.0,101.0
NBB,12/15/2014,481.0,495.0,453.0,474.0,-1.46,10331.0,1255.0,101.0
NBB,12/16/2014,474.0,480.0,452.0,458.0,-3.38,11097.0,1255.0,101.0
NBB,12/17/2014,458.0,460.0,445.0,460.0,0.44,3165.0,1255.0,101.0
NBB,12/18/2014,460.0,463.0,455.0,461.0,0.22,2961.0,1255.0,101.0
NBB,12/21/2014,461.0,452.0,441.0,450.0,-2.39,5806.0,1255.0,101.0
NBB,12/22/2014,450.0,450.0,438.0,438.0,-2.67,7920.0,1255.0,101.0
NBB,12/23/2014,438.0,438.0,429.0,438.0,0.0,3672.0,1255.0,101.0
NBB,12/24/2014,438.0,448.0,430.0,448.0,2.28,10671.0,1255.0,101.0
NBB,12/28/2014,448.0,459.0,442.0,454.0,1.34,5177.0,1255.0,101.0
NBB,12/29/2014,454.0,452.0,435.0,450.0,-0.88,4268.0,1255.0,101.0
NBB,12/31/2014,450.0,451.0,440.0,442.0,-1.78,7645.0,1255.0,101.0
NBB,1/1/2015,442.0,459.0,450.0,459.0,3.85,2323.0,1255.0,101.0
NBB,1/4/2015,459.0,460.0,450.0,455.0,-0.87,12019.0,1255.0,101.0
NBB,1/5/2015,455.0,471.0,445.0,453.0,-0.44,21052.0,1255.0,101.0
NBB,1/6/2015,453.0,469.0,445.0,458.0,1.1,21491.0,1255.0,101.0
NBB,1/7/2015,458.0,463.0,451.0,460.0,0.44,11203.0,1255.0,101.0
NBB,1/8/2015,460.0,471.0,459.0,471.0,2.39,11661.0,1255.0,101.0
NBB,1/11/2015,471.0,477.0,468.0,469.0,-0.42,18348.0,1255.0,101.0
NBB,1/12/2015,469.0,466.0,453.0,462.0,-1.49,4270.0,1255.0,101.0
NBB,1/13/2015,462.0,464.0,454.0,462.0,0.0,6974.0,1255.0,101.0
NBB,1/14/2015,462.0,468.0,460.0,462.0,0.0,9174.0,1255.0,101.0
NBB,1/18/2015,462.0,488.0,466.0,488.0,5.63,40679.0,1255.0,101.0
NBB,1/19/2015,488.0,536.0,497.0,522.0,6.97,43156.0,1255.0,101.0
NBB,1/20/2015,522.0,533.0,490.0,515.0,-1.34,29889.0,1255.0,101.0
NBB,1/22/2015,515.0,517.0,496.0,511.0,-0.78,20581.0,1255.0,101.0
NBB,1/25/2015,511.0,522.0,510.0,516.0,0.98,17787.0,1255.0,101.0
NBB,1/26/2015,516.0,540.0,517.0,530.0,2.71,29138.0,1255.0,101.0
NBB,1/27/2015,530.0,543.0,531.0,535.0,0.94,10760.0,1255.0,101.0
NBB,1/28/2015,535.0,551.0,540.0,551.0,2.99,13356.0,1255.0,101.0
NBB,1/29/2015,551.0,565.0,540.0,550.0,-0.18,27989.0,1255.0,101.0
NBB,2/1/2015,550.0,561.0,542.0,545.0,-0.91,16219.0,1255.0,101.0
NBB,2/2/2015,545.0,548.0,535.0,548.0,0.55,14082.0,1255.0,101.0
NBB,2/3/2015,548.0,548.0,527.0,530.0,-3.28,8469.0,1255.0,101.0
NBB,2/4/2015,530.0,531.0,520.0,530.0,0.0,23928.0,1255.0,101.0
NBB,2/5/2015,530.0,533.0,519.0,533.0,0.57,8021.0,1255.0,101.0
NBB,2/8/2015,533.0,543.0,525.0,535.0,0.38,10982.0,1255.0,101.0
NBB,2/9/2015,535.0,533.0,520.0,525.0,-1.87,3045.0,1255.0,101.0
NBB,2/10/2015,525.0,525.0,516.0,521.0,-0.76,4052.0,1255.0,101.0
NBB,2/11/2015,521.0,528.0,514.0,522.0,0.19,11919.0,1255.0,101.0
NBB,2/12/2015,522.0,531.0,520.0,525.0,0.57,11769.0,1255.0,101.0
NBB,2/15/2015,525.0,539.0,522.0,522.0,-0.57,7840.0,1255.0,101.0
NBB,2/16/2015,522.0,532.0,520.0,525.0,0.57,9901.0,1255.0,101.0
NBB,2/18/2015,525.0,526.0,520.0,521.0,-0.76,7760.0,1255.0,101.0
NBB,2/22/2015,521.0,519.0,511.0,517.0,-0.77,13208.0,1255.0,101.0
NBB,2/23/2015,517.0,524.0,509.0,519.0,0.39,18509.0,1255.0,101.0
NBB,2/24/2015,519.0,518.0,513.0,516.0,-0.58,7820.0,1255.0,101.0
NBB,2/25/2015,516.0,518.0,512.0,514.0,-0.39,12136.0,1255.0,101.0
NBB,2/26/2015,514.0,525.0,515.0,525.0,2.14,7693.0,1255.0,101.0
NBB,3/1/2015,525.0,520.0,516.0,518.0,-1.33,9262.0,1255.0,101.0
NBB,3/2/2015,518.0,529.0,519.0,527.0,1.74,11464.0,1255.0,101.0
NBB,3/3/2015,527.0,535.0,525.0,528.0,0.19,17877.0,1255.0,101.0
NBB,3/4/2015,528.0,544.0,525.0,526.0,-0.38,12198.0,1255.0,101.0
NBB,3/9/2015,526.0,539.0,526.0,530.0,0.76,10716.0,1255.0,101.0
NBB,3/10/2015,530.0,527.0,525.0,527.0,-0.57,3563.0,1255.0,101.0
NBB,3/11/2015,527.0,522.0,520.0,520.0,-1.33,8940.0,1255.0,101.0
NBB,3/12/2015,520.0,526.0,513.0,525.0,0.96,14194.0,1255.0,101.0
NBB,3/15/2015,525.0,515.0,506.0,514.0,-2.1,4450.0,1255.0,101.0
NBB,3/16/2015,514.0,513.0,508.0,512.0,-0.39,13032.0,1255.0,101.0
NBB,3/17/2015,512.0,515.0,502.0,510.0,-0.39,15011.0,1255.0,101.0
NBB,3/18/2015,510.0,518.0,505.0,518.0,1.57,6247.0,1255.0,101.0
NBB,3/19/2015,518.0,528.0,514.0,519.0,0.19,5860.0,1255.0,101.0
NBB,3/22/2015,519.0,535.0,506.0,506.0,-2.5,7218.0,1255.0,101.0
NBB,3/23/2015,506.0,515.0,500.0,503.0,-0.59,12524.0,1255.0,101.0
NBB,3/24/2015,503.0,510.0,498.0,510.0,1.39,8366.0,1255.0,101.0
NBB,3/25/2015,510.0,502.0,496.0,499.0,-2.16,875.0,1255.0,101.0
NBB,3/26/2015,499.0,501.0,490.0,499.0,0.0,12717.0,1255.0,101.0
NBB,3/29/2015,499.0,499.0,490.0,495.0,-0.8,7214.0,1255.0,101.0
NBB,3/30/2015,495.0,495.0,490.0,492.0,-0.61,1331.0,1255.0,101.0
NBB,3/31/2015,492.0,507.0,490.0,500.0,1.63,8406.0,1255.0,101.0
NBB,4/1/2015,500.0,499.0,493.0,494.0,-1.2,1380.0,1255.0,101.0
NBB,4/2/2015,494.0,504.0,490.0,494.0,0.0,6594.0,1255.0,101.0
NBB,4/5/2015,494.0,492.0,490.0,492.0,-0.4,1703.0,1255.0,101.0
NBB,4/6/2015,492.0,490.0,485.0,488.0,-0.81,2658.0,1255.0,101.0
NBB,4/7/2015,488.0,497.0,495.0,495.0,1.43,1998.0,1255.0,101.0
NBB,4/8/2015,495.0,501.0,492.0,495.0,0.0,3767.0,1255.0,101.0
NBB,4/9/2015,495.0,501.0,494.0,495.0,0.0,8166.0,1255.0,101.0
NBB,4/12/2015,495.0,514.0,500.0,507.0,2.42,4079.0,1255.0,101.0
NBB,4/13/2015,507.0,507.0,498.0,504.0,-0.59,4285.0,1255.0,101.0
NBB,4/15/2015,504.0,500.0,495.0,495.0,-1.79,2255.0,1255.0,101.0
NBB,4/16/2015,495.0,509.0,495.0,505.0,2.02,3522.0,1255.0,101.0
NBB,4/19/2015,505.0,511.0,500.0,502.0,-0.59,8018.0,1255.0,101.0
NBB,4/20/2015,502.0,512.0,504.0,507.0,1.0,10953.0,1255.0,101.0
NBB,4/21/2015,507.0,512.0,507.0,510.0,0.59,6289.0,1255.0,101.0
NBB,4/22/2015,510.0,508.0,490.0,490.0,-3.92,23512.0,1255.0,101.0
NBB,4/23/2015,490.0,494.0,485.0,488.0,-0.41,15663.0,1255.0,101.0
NBB,5/24/2015,488.0,479.0,443.0,443.0,-9.22,65.0,1255.0,101.0
NBB,5/25/2015,443.0,435.0,399.0,399.0,-9.93,9265.0,1255.0,101.0
NBB,5/26/2015,399.0,427.0,385.0,405.0,1.5,42436.0,1255.0,101.0
NBB,5/27/2015,405.0,408.0,397.0,403.0,-0.49,19302.0,1255.0,101.0
NBB,5/28/2015,403.0,422.0,399.0,415.0,2.98,14705.0,1255.0,101.0
NBB,5/31/2015,415.0,440.0,419.0,440.0,6.02,16569.0,1255.0,101.0
NBB,6/1/2015,440.0,459.0,437.0,450.0,2.27,24009.0,1255.0,101.0
NBB,6/2/2015,450.0,453.0,432.0,453.0,0.67,10640.0,1255.0,101.0
NBB,6/3/2015,453.0,479.0,458.0,479.0,5.74,24364.0,1255.0,101.0
NBB,6/4/2015,479.0,482.0,463.0,471.0,-1.67,18909.0,1255.0,101.0
NBB,6/7/2015,471.0,483.0,462.0,481.0,2.12,24589.0,1255.0,101.0
NBB,6/8/2015,481.0,520.0,481.0,516.0,7.28,25282.0,1255.0,101.0
NBB,6/9/2015,516.0,567.0,526.0,538.0,4.26,31846.0,1255.0,101.0
NBB,6/10/2015,538.0,532.0,510.0,520.0,-3.35,13904.0,1255.0,101.0
NBB,6/11/2015,520.0,515.0,495.0,508.0,-2.31,31452.0,1255.0,101.0
NBB,6/14/2015,508.0,514.0,496.0,502.0,-1.18,13770.0,1255.0,101.0
NBB,6/15/2015,502.0,516.0,495.0,508.0,1.2,14626.0,1255.0,101.0
NBB,6/16/2015,508.0,510.0,500.0,505.0,-0.59,11035.0,1255.0,101.0
NBB,6/17/2015,505.0,506.0,500.0,503.0,-0.4,8529.0,1255.0,101.0
NBB,6/18/2015,503.0,504.0,495.0,503.0,0.0,28669.0,1255.0,101.0
NBB,6/21/2015,503.0,495.0,490.0,495.0,-1.59,9582.0,1255.0,101.0
NBB,6/22/2015,495.0,510.0,490.0,500.0,1.01,18792.0,1255.0,101.0
NBB,6/23/2015,500.0,508.0,492.0,508.0,1.6,9028.0,1255.0,101.0
NBB,6/24/2015,508.0,507.0,500.0,504.0,-0.79,15792.0,1255.0,101.0
NBB,6/25/2015,504.0,512.0,496.0,507.0,0.6,26300.0,1255.0,101.0
NBB,6/28/2015,507.0,516.0,502.0,515.0,1.58,24310.0,1255.0,101.0
NBB,6/29/2015,515.0,530.0,507.0,517.0,0.39,21668.0,1255.0,101.0
NBB,6/30/2015,517.0,519.0,503.0,515.0,-0.39,22299.0,1255.0,101.0
NBB,7/1/2015,515.0,525.0,511.0,520.0,0.97,26515.0,1255.0,101.0
NBB,7/2/2015,520.0,515.0,505.0,508.0,-2.31,10843.0,1255.0,101.0
NBB,7/5/2015,508.0,511.0,499.0,505.0,-0.59,18495.0,1255.0,101.0
NBB,7/6/2015,505.0,512.0,505.0,508.0,0.59,15058.0,1255.0,101.0
NBB,7/7/2015,508.0,515.0,502.0,513.0,0.98,11175.0,1255.0,101.0
NBB,7/8/2015,513.0,519.0,513.0,515.0,0.39,14136.0,1255.0,101.0
NBB,7/9/2015,515.0,517.0,513.0,517.0,0.39,14006.0,1255.0,101.0
NBB,7/12/2015,517.0,517.0,509.0,509.0,-1.55,5073.0,1255.0,101.0
NBB,7/13/2015,509.0,510.0,507.0,508.0,-0.2,3457.0,1255.0,101.0
NBB,7/14/2015,508.0,510.0,507.0,509.0,0.2,8529.0,1255.0,101.0
NBB,7/15/2015,509.0,508.0,505.0,508.0,-0.2,11156.0,1255.0,101.0
NBB,7/16/2015,508.0,514.0,506.0,510.0,0.39,10368.0,1255.0,101.0
NBB,7/22/2015,510.0,539.0,520.0,539.0,5.69,24307.0,1255.0,101.0
NBB,7/23/2015,539.0,576.0,538.0,574.0,6.49,51666.0,1255.0,101.0
NBB,7/26/2015,574.0,631.0,585.0,631.0,9.93,5203.0,1255.0,101.0
NBB,7/27/2015,631.0,681.0,570.0,580.0,-8.08,62222.0,1255.0,101.0
NBB,7/28/2015,580.0,593.0,537.0,557.0,-3.97,27069.0,1255.0,101.0
NBB,7/29/2015,557.0,560.0,545.0,556.0,-0.18,24228.0,1255.0,101.0
NBB,7/30/2015,556.0,567.0,545.0,560.0,0.72,49500.0,1255.0,101.0
NBB,8/2/2015,560.0,562.0,550.0,562.0,0.36,7389.0,1255.0,101.0
NBB,8/3/2015,562.0,562.0,545.0,551.0,-1.96,19507.0,1255.0,101.0
NBB,8/4/2015,551.0,556.0,549.0,552.0,0.18,14674.0,1255.0,101.0
NBB,8/5/2015,552.0,559.0,545.0,559.0,1.27,14851.0,1255.0,101.0
NBB,8/6/2015,559.0,585.0,560.0,570.0,1.97,53401.0,1255.0,101.0
NBB,8/9/2015,570.0,604.0,571.0,580.0,1.75,63028.0,1255.0,101.0
NBB,8/10/2015,580.0,602.0,575.0,581.0,0.17,60159.0,1255.0,101.0
NBB,8/11/2015,581.0,583.0,571.0,577.0,-0.69,29175.0,1255.0,101.0
NBB,8/12/2015,577.0,586.0,560.0,581.0,0.69,33337.0,1255.0,101.0
NBB,8/13/2015,581.0,589.0,564.0,580.0,-0.17,53647.0,1255.0,101.0
NBB,8/16/2015,580.0,600.0,560.0,587.0,1.21,99311.0,1255.0,101.0
NBB,8/17/2015,587.0,645.0,598.0,645.0,9.88,76682.0,1255.0,101.0
NBB,8/18/2015,645.0,673.0,610.0,640.0,-0.78,36277.0,1255.0,101.0
NBB,8/19/2015,640.0,685.0,652.0,680.0,6.25,38097.0,1255.0,101.0
NBB,8/20/2015,680.0,719.0,693.0,699.0,2.79,46188.0,1255.0,101.0
NBB,8/23/2015,699.0,704.0,662.0,682.0,-2.43,29494.0,1255.0,101.0
NBB,8/24/2015,682.0,686.0,667.0,668.0,-2.05,19151.0,1255.0,101.0
NBB,8/25/2015,668.0,680.0,647.0,669.0,0.15,28751.0,1255.0,101.0
NBB,8/26/2015,669.0,675.0,665.0,670.0,0.15,21968.0,1255.0,101.0
NBB,8/27/2015,670.0,682.0,670.0,673.0,0.45,20545.0,1255.0,101.0
NBB,8/31/2015,673.0,679.0,668.0,672.0,-0.15,11521.0,1255.0,101.0
NBB,9/1/2015,672.0,670.0,661.0,661.0,-1.64,15875.0,1255.0,101.0
NBB,9/2/2015,661.0,655.0,646.0,652.0,-1.36,28066.0,1255.0,101.0
NBB,9/3/2015,652.0,665.0,657.0,664.0,1.84,23633.0,1255.0,101.0
NBB,9/6/2015,664.0,676.0,635.0,662.0,-0.3,17996.0,1255.0,101.0
NBB,9/7/2015,662.0,661.0,656.0,657.0,-0.76,12205.0,1255.0,101.0
NBB,9/8/2015,657.0,670.0,657.0,666.0,1.37,14862.0,1255.0,101.0
NBB,9/9/2015,666.0,663.0,657.0,661.0,-0.75,11024.0,1255.0,101.0
NBB,9/10/2015,661.0,660.0,650.0,654.0,-1.06,15942.0,1255.0,101.0
NBB,9/13/2015,654.0,666.0,658.0,662.0,1.22,16054.0,1255.0,101.0
NBB,9/14/2015,662.0,680.0,661.0,667.0,0.76,27154.0,1255.0,101.0
NBB,9/15/2015,667.0,699.0,670.0,690.0,3.45,67788.0,1255.0,101.0
NBB,9/16/2015,690.0,701.0,683.0,690.0,0.0,47726.0,1255.0,101.0
NBB,9/17/2015,690.0,698.0,679.0,685.0,-0.72,68713.0,1255.0,101.0
NBB,9/22/2015,685.0,672.0,647.0,650.0,-5.11,63819.0,1255.0,101.0
NBB,9/23/2015,650.0,680.0,663.0,668.0,2.77,39492.0,1255.0,101.0
NBB,9/24/2015,668.0,682.0,669.0,675.0,1.05,37682.0,1255.0,101.0
NBB,9/28/2015,675.0,675.0,639.0,665.0,-1.48,45271.0,1255.0,101.0
NBB,9/29/2015,665.0,675.0,665.0,670.0,0.75,22091.0,1255.0,101.0
NBB,9/30/2015,670.0,676.0,660.0,670.0,0.0,22361.0,1255.0,101.0
NBB,10/1/2015,670.0,670.0,654.0,659.0,-1.64,15647.0,1255.0,101.0
NBB,10/4/2015,659.0,660.0,650.0,653.0,-0.91,14310.0,1255.0,101.0
NBB,10/5/2015,653.0,648.0,631.0,645.0,-1.23,20585.0,1255.0,101.0
NBB,10/6/2015,645.0,640.0,633.0,634.0,-1.71,12485.0,1255.0,101.0
NBB,10/7/2015,634.0,635.0,622.0,631.0,-0.47,25108.0,1255.0,101.0
NBB,10/8/2015,631.0,647.0,620.0,640.0,1.43,17034.0,1255.0,101.0
NBB,10/11/2015,640.0,635.0,618.0,619.0,-3.28,19256.0,1255.0,101.0
NBB,10/14/2015,619.0,620.0,600.0,600.0,-3.07,55205.0,1255.0,101.0
NBB,10/15/2015,600.0,605.0,590.0,598.0,-0.33,11615.0,1255.0,101.0
NBB,10/18/2015,598.0,620.0,597.0,611.0,2.17,23279.0,1255.0,101.0
NBB,10/19/2015,611.0,617.0,612.0,616.0,0.82,15141.0,1255.0,101.0
NBB,10/25/2015,616.0,618.0,610.0,617.0,0.16,1800.0,1255.0,101.0
NBB,10/27/2015,617.0,610.0,582.0,598.0,-3.08,15187.0,1255.0,101.0
NBB,10/28/2015,598.0,600.0,568.0,595.0,-0.5,11957.0,1255.0,101.0
NBB,10/29/2015,595.0,615.0,585.0,590.0,-0.84,17865.0,1255.0,101.0
NBB,11/1/2015,590.0,598.0,588.0,592.0,0.34,20666.0,1255.0,101.0
NBB,11/2/2015,592.0,603.0,595.0,596.0,0.68,17660.0,1255.0,101.0
NBB,11/3/2015,596.0,600.0,590.0,595.0,-0.17,18908.0,1255.0,101.0
NBB,11/4/2015,595.0,600.0,590.0,596.0,0.17,24885.0,1255.0,101.0
NBB,11/5/2015,596.0,598.0,590.0,596.0,0.0,65012.0,1255.0,101.0
NBB,11/8/2015,477.0,470.0,452.0,469.0,-21.31,5730.0,1255.0,101.0
NBB,11/9/2015,469.0,492.0,468.0,492.0,4.9,14533.0,1255.0,101.0
NBB,11/10/2015,492.0,485.0,479.0,481.0,-2.24,13238.0,1255.0,101.0
NBB,11/15/2015,481.0,485.0,478.0,480.0,-0.21,5585.0,1255.0,101.0
NBB,11/16/2015,480.0,479.0,461.0,470.0,-2.08,2582.0,1255.0,101.0
NBB,11/18/2015,470.0,486.0,468.0,470.0,0.0,4300.0,1255.0,101.0
NBB,11/19/2015,470.0,471.0,464.0,465.0,-1.06,7855.0,1255.0,101.0
NBB,11/22/2015,465.0,459.0,445.0,445.0,-4.3,8492.0,1255.0,101.0
NBB,11/23/2015,445.0,445.0,425.0,445.0,0.0,10559.0,1255.0,101.0
NBB,11/24/2015,445.0,440.0,436.0,437.0,-1.8,3204.0,1255.0,101.0
NBB,11/25/2015,437.0,434.0,428.0,428.0,-2.06,7047.0,1255.0,101.0
NBB,11/26/2015,428.0,427.0,413.0,422.0,-1.4,20171.0,1255.0,101.0
NBB,11/29/2015,422.0,425.0,399.0,409.0,-3.08,16243.0,1255.0,101.0
NBB,11/30/2015,409.0,420.0,406.0,418.0,2.2,16256.0,1255.0,101.0
NBB,12/1/2015,418.0,438.0,425.0,438.0,4.78,5941.0,1255.0,101.0
NBB,12/2/2015,438.0,430.0,415.0,427.0,-2.51,4598.0,1255.0,101.0
NBB,12/3/2015,427.0,448.0,420.0,432.0,1.17,8314.0,1255.0,101.0
NBB,12/6/2015,432.0,455.0,432.0,449.0,3.94,20851.0,1255.0,101.0
NBB,12/7/2015,449.0,460.0,445.0,447.0,-0.45,11736.0,1255.0,101.0
NBB,12/8/2015,447.0,448.0,443.0,448.0,0.22,4147.0,1255.0,101.0
NBB,12/9/2015,448.0,459.0,450.0,455.0,1.56,12220.0,1255.0,101.0
NBB,12/10/2015,455.0,451.0,441.0,450.0,-1.1,13670.0,1255.0,101.0
NBB,12/13/2015,450.0,450.0,440.0,440.0,-2.22,5787.0,1255.0,101.0
NBB,12/14/2015,440.0,445.0,432.0,436.0,-0.91,6322.0,1255.0,101.0
NBB,12/15/2015,436.0,435.0,426.0,429.0,-1.61,9581.0,1255.0,101.0
NBB,12/16/2015,429.0,435.0,425.0,428.0,-0.23,3866.0,1255.0,101.0
NBB,12/17/2015,428.0,428.0,423.0,424.0,-0.93,11504.0,1255.0,101.0
NBB,12/20/2015,424.0,431.0,421.0,431.0,1.65,2467.0,1255.0,101.0
NBB,12/21/2015,431.0,449.0,436.0,444.0,3.02,11078.0,1255.0,101.0
NBB,12/22/2015,444.0,449.0,443.0,446.0,0.45,4847.0,1255.0,101.0
NBB,12/23/2015,446.0,447.0,438.0,441.0,-1.12,8068.0,1255.0,101.0
NBB,12/24/2015,441.0,441.0,432.0,437.0,-0.91,13632.0,1255.0,101.0
NBB,12/27/2015,437.0,443.0,432.0,443.0,1.37,4110.0,1255.0,101.0
NBB,12/28/2015,443.0,440.0,435.0,438.0,-1.13,8104.0,1255.0,101.0
NBB,12/29/2015,438.0,450.0,434.0,450.0,2.74,13196.0,1255.0,101.0
NBB,12/31/2015,450.0,455.0,442.0,444.0,-1.33,11996.0,1255.0,101.0
NBB,1/3/2016,444.0,448.0,432.0,432.0,-2.7,14439.0,1255.0,101.0
NBB,1/4/2016,432.0,436.0,430.0,436.0,0.93,17799.0,1255.0,101.0
NBB,1/5/2016,436.0,440.0,430.0,430.0,-1.38,12380.0,1255.0,101.0
NBB,1/6/2016,430.0,432.0,429.0,432.0,0.47,23416.0,1255.0,101.0
NBB,1/7/2016,432.0,442.0,430.0,440.0,1.85,17182.0,1255.0,101.0
NBB,1/10/2016,440.0,440.0,435.0,435.0,-1.14,9301.0,1255.0,101.0
NBB,1/11/2016,435.0,441.0,435.0,438.0,0.69,13007.0,1255.0,101.0
NBB,1/12/2016,438.0,453.0,436.0,453.0,3.42,17086.0,1255.0,101.0
NBB,1/13/2016,453.0,450.0,438.0,440.0,-2.87,5744.0,1255.0,101.0
NBB,1/14/2016,440.0,479.0,445.0,479.0,8.86,32794.0,1255.0,101.0
NBB,1/17/2016,479.0,506.0,476.0,495.0,3.34,61017.0,1255.0,101.0
NBB,1/18/2016,495.0,504.0,475.0,495.0,0.0,67718.0,1255.0,101.0
NBB,1/19/2016,495.0,495.0,476.0,489.0,-1.21,35100.0,1255.0,101.0
NBB,1/20/2016,489.0,488.0,476.0,477.0,-2.45,12417.0,1255.0,101.0
NBB,1/21/2016,477.0,480.0,475.0,477.0,0.0,11425.0,1255.0,101.0
NBB,1/24/2016,477.0,489.0,477.0,488.0,2.31,20010.0,1255.0,101.0
NBB,1/25/2016,488.0,500.0,488.0,492.0,0.82,36121.0,1255.0,101.0
NBB,1/26/2016,492.0,493.0,480.0,480.0,-2.44,8359.0,1255.0,101.0
NBB,1/27/2016,480.0,489.0,480.0,489.0,1.88,15465.0,1255.0,101.0
NBB,1/28/2016,489.0,490.0,481.0,490.0,0.2,23354.0,1255.0,101.0
NBB,1/31/2016,490.0,489.0,484.0,488.0,-0.41,12235.0,1255.0,101.0
NBB,2/1/2016,488.0,497.0,487.0,489.0,0.2,31092.0,1255.0,101.0
NBB,2/2/2016,489.0,497.0,485.0,485.0,-0.82,32872.0,1255.0,101.0
NBB,2/3/2016,485.0,489.0,483.0,487.0,0.41,11158.0,1255.0,101.0
NBB,2/4/2016,487.0,504.0,485.0,502.0,3.08,28294.0,1255.0,101.0
NBB,2/7/2016,502.0,518.0,492.0,497.0,-1.0,28616.0,1255.0,101.0
NBB,2/8/2016,497.0,516.0,496.0,499.0,0.4,35444.0,1255.0,101.0
NBB,2/11/2016,499.0,500.0,490.0,490.0,-1.8,23143.0,1255.0,101.0
NBB,2/14/2016,490.0,498.0,483.0,485.0,-1.02,26813.0,1255.0,101.0
NBB,2/15/2016,485.0,488.0,477.0,485.0,0.0,23303.0,1255.0,101.0
NBB,2/16/2016,485.0,488.0,481.0,485.0,0.0,7175.0,1255.0,101.0
NBB,2/17/2016,485.0,514.0,489.0,509.0,4.95,33732.0,1255.0,101.0
NBB,2/18/2016,509.0,540.0,519.0,535.0,5.11,97817.0,1255.0,101.0
NBB,2/21/2016,535.0,555.0,534.0,538.0,0.56,59246.0,1255.0,101.0
NBB,2/22/2016,538.0,548.0,540.0,545.0,1.3,48692.0,1255.0,101.0
NBB,2/23/2016,545.0,560.0,545.0,559.0,2.57,100687.0,1255.0,101.0
NBB,2/24/2016,559.0,583.0,558.0,560.0,0.18,38709.0,1255.0,101.0
NBB,2/25/2016,560.0,566.0,544.0,560.0,0.0,53829.0,1255.0,101.0
NBB,2/28/2016,560.0,560.0,550.0,555.0,-0.89,32023.0,1255.0,101.0
NBB,2/29/2016,555.0,555.0,546.0,553.0,-0.36,37476.0,1255.0,101.0
NBB,3/1/2016,553.0,554.0,547.0,554.0,0.18,26876.0,1255.0,101.0
NBB,3/2/2016,554.0,554.0,543.0,545.0,-1.62,16106.0,1255.0,101.0
NBB,3/3/2016,545.0,551.0,545.0,548.0,0.55,14441.0,1255.0,101.0
NBB,3/6/2016,548.0,551.0,545.0,545.0,-0.55,24401.0,1255.0,101.0
NBB,3/10/2016,545.0,550.0,545.0,547.0,0.37,34395.0,1255.0,101.0
NBB,3/13/2016,547.0,579.0,550.0,569.0,4.02,58169.0,1255.0,101.0
NBB,3/14/2016,569.0,578.0,562.0,562.0,-1.23,39946.0,1255.0,101.0
NBB,3/15/2016,562.0,565.0,553.0,560.0,-0.36,22798.0,1255.0,101.0
NBB,3/16/2016,560.0,561.0,548.0,550.0,-1.79,33919.0,1255.0,101.0
NBB,3/17/2016,550.0,553.0,534.0,548.0,-0.36,93562.0,1255.0,101.0
NBB,3/20/2016,548.0,547.0,528.0,544.0,-0.73,36692.0,1255.0,101.0
NBB,3/21/2016,544.0,550.0,538.0,540.0,-0.74,21973.0,1255.0,101.0
NBB,3/23/2016,540.0,548.0,536.0,544.0,0.74,25448.0,1255.0,101.0
NBB,3/24/2016,544.0,550.0,541.0,541.0,-0.55,32749.0,1255.0,101.0
NBB,3/27/2016,541.0,575.0,550.0,563.0,4.07,38076.0,1255.0,101.0
NBB,3/28/2016,563.0,585.0,558.0,564.0,0.18,29391.0,1255.0,101.0
NBB,3/29/2016,564.0,568.0,547.0,553.0,-1.95,37075.0,1255.0,101.0
NBB,3/30/2016,553.0,555.0,542.0,550.0,-0.54,21241.0,1255.0,101.0
NBB,3/31/2016,550.0,552.0,545.0,550.0,0.0,30024.0,1255.0,101.0
NBB,4/3/2016,550.0,552.0,541.0,552.0,0.36,28589.0,1255.0,101.0
NBB,4/4/2016,552.0,558.0,547.0,555.0,0.54,40604.0,1255.0,101.0
NBB,4/5/2016,555.0,572.0,550.0,555.0,0.0,42638.0,1255.0,101.0
NBB,4/6/2016,555.0,562.0,553.0,557.0,0.36,94502.0,1255.0,101.0
NBB,4/10/2016,557.0,548.0,525.0,542.0,-2.69,87972.0,1255.0,101.0
NBB,4/11/2016,542.0,558.0,537.0,550.0,1.48,48494.0,1255.0,101.0
NBB,4/12/2016,550.0,555.0,542.0,549.0,-0.18,32523.0,1255.0,101.0
NBB,4/14/2016,549.0,560.0,551.0,560.0,2.0,50814.0,1255.0,101.0
NBB,4/17/2016,560.0,570.0,552.0,565.0,0.89,57337.0,1255.0,101.0
NBB,4/18/2016,565.0,587.0,568.0,580.0,2.65,79605.0,1255.0,101.0
NBB,4/19/2016,580.0,594.0,578.0,583.0,0.52,84007.0,1255.0,101.0
NBB,4/20/2016,583.0,600.0,580.0,598.0,2.57,95788.0,1255.0,101.0
NBB,4/21/2016,598.0,599.0,580.0,590.0,-1.34,39140.0,1255.0,101.0
NBB,4/24/2016,590.0,625.0,597.0,622.0,5.42,128640.0,1255.0,101.0
NBB,4/25/2016,622.0,650.0,623.0,635.0,2.09,94337.0,1255.0,101.0
NBB,4/26/2016,635.0,659.0,631.0,634.0,-0.16,104788.0,1255.0,101.0
NBB,4/27/2016,634.0,645.0,620.0,630.0,-0.63,58338.0,1255.0,101.0
NBB,4/28/2016,630.0,642.0,623.0,629.0,-0.16,62842.0,1255.0,101.0
NBB,5/2/2016,629.0,640.0,623.0,629.0,0.0,37597.0,1255.0,101.0
NBB,5/3/2016,629.0,631.0,610.0,626.0,-0.48,58076.0,1255.0,101.0
NBB,5/4/2016,626.0,624.0,610.0,622.0,-0.64,54770.0,1255.0,101.0
NBB,5/5/2016,622.0,652.0,610.0,637.0,2.41,107766.0,1255.0,101.0
NBB,5/8/2016,637.0,690.0,647.0,676.0,6.12,213250.0,1255.0,101.0
NBB,5/9/2016,676.0,705.0,681.0,683.0,1.04,162500.0,1255.0,101.0
NBB,5/10/2016,683.0,684.0,663.0,670.0,-1.9,90458.0,1255.0,101.0
NBB,5/11/2016,670.0,685.0,664.0,678.0,1.19,73744.0,1255.0,101.0
NBB,5/12/2016,678.0,689.0,678.0,680.0,0.29,91309.0,1255.0,101.0
NBB,5/15/2016,680.0,688.0,676.0,676.0,-0.59,37768.0,1255.0,101.0
NBB,5/16/2016,676.0,680.0,671.0,672.0,-0.59,40863.0,1255.0,101.0
NBB,5/17/2016,672.0,685.0,670.0,682.0,1.49,45857.0,1255.0,101.0
NBB,5/18/2016,682.0,692.0,680.0,692.0,1.47,89766.0,1255.0,101.0
NBB,5/19/2016,692.0,701.0,690.0,698.0,0.87,80912.0,1255.0,101.0
NBB,5/22/2016,698.0,706.0,698.0,705.0,1.0,94361.0,1255.0,101.0
NBB,5/23/2016,705.0,740.0,705.0,739.0,4.82,97200.0,1255.0,101.0
NBB,5/24/2016,739.0,760.0,741.0,750.0,1.49,112982.0,1255.0,101.0
NBB,5/25/2016,750.0,764.0,721.0,734.0,-2.13,164030.0,1255.0,101.0
NBB,5/26/2016,734.0,749.0,710.0,733.0,-0.14,112795.0,1255.0,101.0
NBB,5/29/2016,733.0,749.0,722.0,726.0,-0.95,74685.0,1255.0,101.0
NBB,5/30/2016,726.0,739.0,717.0,728.0,0.28,43337.0,1255.0,101.0
NBB,5/31/2016,728.0,740.0,725.0,730.0,0.27,48935.0,1255.0,101.0
NBB,6/1/2016,730.0,731.0,716.0,720.0,-1.37,42056.0,1255.0,101.0
NBB,6/2/2016,720.0,725.0,713.0,722.0,0.28,67328.0,1255.0,101.0
NBB,6/5/2016,722.0,726.0,697.0,705.0,-2.35,93342.0,1255.0,101.0
NBB,6/6/2016,705.0,740.0,712.0,740.0,4.96,136022.0,1255.0,101.0
NBB,6/7/2016,740.0,804.0,750.0,798.0,7.84,368955.0,1255.0,101.0
NBB,6/8/2016,798.0,828.0,787.0,790.0,-1.0,180766.0,1255.0,101.0
NBB,6/9/2016,790.0,836.0,790.0,829.0,4.94,241520.0,1255.0,101.0
NBB,6/12/2016,829.0,911.0,845.0,869.0,4.83,406111.0,1255.0,101.0
NBB,6/13/2016,869.0,890.0,852.0,865.0,-0.46,157803.0,1255.0,101.0
NBB,6/14/2016,865.0,870.0,840.0,846.0,-2.2,167906.0,1255.0,101.0
NBB,6/15/2016,846.0,850.0,832.0,835.0,-1.3,113147.0,1255.0,101.0
NBB,6/16/2016,835.0,850.0,826.0,831.0,-0.48,69436.0,1255.0,101.0
NBB,6/19/2016,831.0,840.0,815.0,825.0,-0.72,47172.0,1255.0,101.0
NBB,6/20/2016,825.0,841.0,816.0,819.0,-0.73,42006.0,1255.0,101.0
NBB,6/21/2016,819.0,840.0,815.0,840.0,2.56,52379.0,1255.0,101.0
NBB,6/22/2016,840.0,870.0,837.0,841.0,0.12,61295.0,1255.0,101.0
NBB,6/23/2016,841.0,854.0,833.0,840.0,-0.12,56950.0,1255.0,101.0
NBB,6/26/2016,840.0,852.0,839.0,839.0,-0.12,55213.0,1255.0,101.0
NBB,6/27/2016,839.0,872.0,849.0,865.0,3.1,82294.0,1255.0,101.0
NBB,6/28/2016,865.0,885.0,850.0,870.0,0.58,93919.0,1255.0,101.0
NBB,6/29/2016,870.0,880.0,869.0,870.0,0.0,56493.0,1255.0,101.0
NBB,6/30/2016,870.0,875.0,852.0,860.0,-1.15,44443.0,1255.0,101.0
NBB,7/3/2016,860.0,865.0,847.0,865.0,0.58,54237.0,1255.0,101.0
NBB,7/4/2016,865.0,865.0,853.0,859.0,-0.69,35494.0,1255.0,101.0
NBB,7/5/2016,859.0,860.0,844.0,859.0,0.0,37063.0,1255.0,101.0
NBB,7/6/2016,859.0,865.0,856.0,860.0,0.12,33256.0,1255.0,101.0
NBB,7/10/2016,860.0,874.0,861.0,865.0,0.58,49119.0,1255.0,101.0
NBB,7/11/2016,865.0,875.0,857.0,860.0,-0.58,24456.0,1255.0,101.0
NBB,7/12/2016,860.0,865.0,809.0,850.0,-1.16,35118.0,1255.0,101.0
NBB,7/13/2016,850.0,854.0,830.0,847.0,-0.35,31297.0,1255.0,101.0
NBB,7/14/2016,847.0,863.0,849.0,860.0,1.53,27099.0,1255.0,101.0
NBB,7/17/2016,860.0,900.0,850.0,893.0,3.84,56450.0,1255.0,101.0
NBB,7/18/2016,893.0,935.0,901.0,930.0,4.14,118319.0,1255.0,101.0
NBB,7/19/2016,930.0,966.0,920.0,948.0,1.94,79409.0,1255.0,101.0
NBB,7/20/2016,948.0,966.0,920.0,930.0,-1.9,55798.0,1255.0,101.0
NBB,7/21/2016,930.0,947.0,914.0,941.0,1.18,47416.0,1255.0,101.0
NBB,7/25/2016,941.0,983.0,955.0,980.0,4.14,103468.0,1255.0,101.0
NBB,7/26/2016,980.0,1010.0,987.0,1005.0,2.55,134693.0,1255.0,101.0
NBB,7/27/2016,1005.0,1044.0,1008.0,1022.0,1.69,91208.0,1255.0,101.0
NBB,7/28/2016,1022.0,1030.0,985.0,1020.0,-0.2,79378.0,1255.0,101.0
NBB,7/31/2016,1020.0,1020.0,1000.0,1010.0,-0.98,58679.0,1255.0,101.0
NBB,8/1/2016,1010.0,1050.0,1012.0,1038.0,2.77,154364.0,1255.0,101.0
NBB,8/2/2016,1038.0,1045.0,1021.0,1025.0,-1.25,71977.0,1255.0,101.0
NBB,8/3/2016,1025.0,1043.0,1000.0,1030.0,0.49,89813.0,1255.0,101.0
NBB,8/4/2016,1030.0,1030.0,998.0,1011.0,-1.84,97281.0,1255.0,101.0
NBB,8/7/2016,1011.0,1050.0,1019.0,1032.0,2.08,111157.0,1255.0,101.0
NBB,8/8/2016,1032.0,1020.0,970.0,971.0,-5.91,102469.0,1255.0,101.0
NBB,8/9/2016,971.0,1049.0,990.0,1040.0,7.11,33689.0,1255.0,101.0
NBB,8/10/2016,1040.0,1060.0,1016.0,1040.0,0.0,145109.0,1255.0,101.0
NBB,8/11/2016,1040.0,1050.0,1025.0,1039.0,-0.1,69288.0,1255.0,101.0
NBB,8/14/2016,1039.0,1035.0,1019.0,1021.0,-1.73,71984.0,1255.0,101.0
NBB,8/15/2016,1021.0,1029.0,985.0,1010.0,-1.08,93066.0,1255.0,101.0
NBB,8/16/2016,1010.0,1034.0,998.0,1023.0,1.29,72241.0,1255.0,101.0
NBB,8/17/2016,1023.0,1035.0,1024.0,1030.0,0.68,67963.0,1255.0,101.0
NBB,8/21/2016,1030.0,1040.0,1020.0,1023.0,-0.68,50299.0,1255.0,101.0
NBB,8/22/2016,1023.0,1020.0,1000.0,1006.0,-1.66,50631.0,1255.0,101.0
NBB,8/23/2016,1006.0,1024.0,1003.0,1015.0,0.89,53452.0,1255.0,101.0
NBB,8/24/2016,1015.0,1035.0,1011.0,1025.0,0.99,48343.0,1255.0,101.0
NBB,8/28/2016,1025.0,1070.0,1026.0,1070.0,4.39,79630.0,1255.0,101.0
NBB,8/29/2016,1070.0,1115.0,1070.0,1096.0,2.43,106073.0,1255.0,101.0
NBB,8/30/2016,1096.0,1128.0,1085.0,1118.0,2.01,73058.0,1255.0,101.0
NBB,8/31/2016,1118.0,1130.0,1096.0,1125.0,0.63,70903.0,1255.0,101.0
NBB,9/1/2016,1125.0,1155.0,1131.0,1141.0,1.42,69215.0,1255.0,101.0
NBB,9/3/2016,1141.0,1255.0,1163.0,1218.0,6.75,264788.0,1255.0,101.0
NBB,9/4/2016,1141.0,1255.0,1163.0,1218.0,0.0,264788.0,1255.0,101.0
NBB,9/5/2016,1218.0,1235.0,1200.0,1205.0,-1.07,148262.0,1255.0,101.0
NBB,9/6/2016,1205.0,1210.0,1180.0,1192.0,-1.08,105993.0,1255.0,101.0
NBB,9/7/2016,1192.0,1200.0,1170.0,1193.0,0.08,63293.0,1255.0,101.0
NBB,9/8/2016,1193.0,1205.0,1180.0,1189.0,-0.34,53735.0,1255.0,101.0
NBB,9/11/2016,1189.0,1200.0,1182.0,1188.0,-0.08,51073.0,1255.0,101.0
NBB,9/12/2016,1188.0,1200.0,1182.0,1189.0,0.08,35436.0,1255.0,101.0
NBB,9/14/2016,1189.0,1201.0,1175.0,1188.0,-0.08,41202.0,1255.0,101.0
NBB,9/18/2016,1188.0,1197.0,1170.0,1180.0,-0.67,36970.0,1255.0,101.0
NBB,9/20/2016,1180.0,1179.0,1155.0,1162.0,-1.53,39467.0,1255.0,101.0
NBB,9/21/2016,1162.0,1170.0,1146.0,1161.0,-0.09,37796.0,1255.0,101.0
NBB,9/22/2016,1161.0,1170.0,1152.0,1156.0,-0.43,33699.0,1255.0,101.0
NBB,9/25/2016,1156.0,1170.0,1123.0,1165.0,0.78,67879.0,1255.0,101.0
NBB,9/26/2016,1165.0,1180.0,1150.0,1157.0,-0.69,90391.0,1255.0,101.0
NBB,9/27/2016,1157.0,1170.0,1157.0,1162.0,0.43,49018.0,1255.0,101.0
NBB,9/28/2016,1162.0,1166.0,1159.0,1160.0,-0.17,71008.0,1255.0,101.0
NBB,9/29/2016,1160.0,1170.0,1153.0,1153.0,-0.6,76519.0,1255.0,101.0
NBB,10/2/2016,1153.0,1170.0,1157.0,1157.0,0.35,77897.0,1255.0,101.0
NBB,10/3/2016,1157.0,1181.0,1160.0,1178.0,1.82,120946.0,1255.0,101.0
NBB,10/4/2016,1178.0,1195.0,1170.0,1185.0,0.59,144760.0,1255.0,101.0
NBB,10/5/2016,898.0,933.0,900.0,904.0,-23.71,34392.0,1255.0,101.0
NBB,10/6/2016,904.0,909.0,902.0,907.0,0.33,30794.0,1255.0,101.0
NBB,10/16/2016,907.0,906.0,891.0,905.0,-0.22,6588.0,1255.0,101.0
NBB,10/17/2016,905.0,899.0,887.0,899.0,-0.66,9934.0,1255.0,101.0
NBB,10/18/2016,899.0,890.0,880.0,882.0,-1.89,11426.0,1255.0,101.0
NBB,10/19/2016,881.0,888.0,881.0,885.0,0.34,9016.0,1255.0,101.0
NBB,10/20/2016,885.0,897.0,886.0,886.0,0.11,11426.0,1255.0,101.0
NBB,10/23/2016,886.0,884.0,871.0,873.0,-1.47,15173.0,1255.0,101.0
NBB,10/24/2016,873.0,873.0,866.0,868.0,-0.57,10561.0,1255.0,101.0
NBB,10/25/2016,868.0,870.0,846.0,846.0,-2.53,17490.0,1255.0,101.0
NBB,10/26/2016,846.0,850.0,825.0,838.0,-0.95,40074.0,1255.0,101.0
NBB,10/27/2016,838.0,857.0,850.0,853.0,1.79,10931.0,1255.0,101.0
NBB,11/3/2016,853.0,855.0,845.0,852.0,-0.12,9229.0,1255.0,101.0
NBB,11/7/2016,852.0,869.0,834.0,840.0,-1.41,22264.0,1255.0,101.0
NBB,11/8/2016,840.0,850.0,825.0,830.0,-1.19,18758.0,1255.0,101.0
NBB,11/9/2016,830.0,835.0,790.0,812.0,-2.17,16663.0,1255.0,101.0
NBB,11/10/2016,812.0,828.0,813.0,815.0,0.37,10361.0,1255.0,101.0
NBB,11/13/2016,815.0,825.0,810.0,814.0,-0.12,13608.0,1255.0,101.0
NBB,11/14/2016,814.0,820.0,812.0,818.0,0.49,9026.0,1255.0,101.0
NBB,11/15/2016,818.0,830.0,810.0,810.0,-0.98,12093.0,1255.0,101.0
NBB,11/16/2016,810.0,820.0,810.0,810.0,0.0,17245.0,1255.0,101.0
NBB,11/17/2016,810.0,810.0,766.0,785.0,-3.09,21808.0,1255.0,101.0
NBB,11/20/2016,785.0,786.0,731.0,760.0,-3.18,28880.0,1255.0,101.0
NBB,11/21/2016,760.0,794.0,732.0,765.0,0.66,25377.0,1255.0,101.0
NBB,11/22/2016,765.0,764.0,711.0,752.0,-1.7,26660.0,1255.0,101.0
NBB,11/23/2016,752.0,751.0,729.0,735.0,-2.26,21311.0,1255.0,101.0
NBB,11/24/2016,735.0,763.0,725.0,728.0,-0.95,24162.0,1255.0,101.0
NBB,11/27/2016,728.0,729.0,696.0,703.0,-3.43,32858.0,1255.0,101.0
NBB,11/28/2016,703.0,753.0,633.0,720.0,2.42,48294.0,1255.0,101.0
NBB,11/29/2016,720.0,760.0,676.0,759.0,5.42,34699.0,1255.0,101.0
NBB,11/30/2016,759.0,800.0,744.0,799.0,5.27,48934.0,1255.0,101.0
NBB,12/1/2016,799.0,832.0,775.0,809.0,1.25,44104.0,1255.0,101.0
NBB,12/4/2016,809.0,815.0,764.0,781.0,-3.46,26282.0,1255.0,101.0
NBB,12/5/2016,781.0,785.0,765.0,779.0,-0.26,17138.0,1255.0,101.0
NBB,12/6/2016,779.0,784.0,763.0,779.0,0.0,19408.0,1255.0,101.0
NBB,12/7/2016,779.0,781.0,775.0,775.0,-0.51,10614.0,1255.0,101.0
NBB,12/8/2016,775.0,777.0,770.0,770.0,-0.65,9673.0,1255.0,101.0
NBB,12/11/2016,770.0,777.0,755.0,755.0,-1.95,13887.0,1255.0,101.0
NBB,12/12/2016,755.0,748.0,724.0,735.0,-2.65,30690.0,1255.0,101.0
NBB,12/14/2016,735.0,750.0,730.0,745.0,1.36,19374.0,1255.0,101.0
NBB,12/15/2016,745.0,757.0,740.0,754.0,1.21,10392.0,1255.0,101.0
NBB,12/18/2016,754.0,756.0,742.0,746.0,-1.06,14391.0,1255.0,101.0
NBB,12/19/2016,746.0,750.0,730.0,730.0,-2.14,13798.0,1255.0,101.0
NBB,12/20/2016,730.0,731.0,720.0,720.0,-1.37,19545.0,1255.0,101.0
NBB,12/21/2016,720.0,725.0,716.0,718.0,-0.28,13564.0,1255.0,101.0
NBB,12/22/2016,718.0,726.0,718.0,724.0,0.84,19928.0,1255.0,101.0
NBB,12/26/2016,724.0,732.0,700.0,700.0,-3.31,24545.0,1255.0,101.0
NBB,12/27/2016,700.0,708.0,680.0,695.0,-0.71,17211.0,1255.0,101.0
NBB,12/28/2016,695.0,705.0,690.0,705.0,1.44,28561.0,1255.0,101.0
NBB,12/29/2016,705.0,722.0,705.0,721.0,2.27,18228.0,1255.0,101.0
NBB,1/1/2017,721.0,747.0,725.0,739.0,2.5,17259.0,1255.0,101.0
NBB,1/2/2017,739.0,756.0,736.0,751.0,1.62,24691.0,1255.0,101.0
NBB,1/3/2017,751.0,760.0,730.0,730.0,-2.8,22131.0,1255.0,101.0
NBB,1/4/2017,730.0,735.0,716.0,726.0,-0.55,8377.0,1255.0,101.0
NBB,1/5/2017,726.0,734.0,726.0,729.0,0.41,7205.0,1255.0,101.0
NBB,1/8/2017,729.0,730.0,715.0,726.0,-0.41,9225.0,1255.0,101.0
NBB,1/9/2017,726.0,735.0,726.0,732.0,0.83,8524.0,1255.0,101.0
NBB,1/10/2017,732.0,745.0,735.0,738.0,0.82,6035.0,1255.0,101.0
NBB,1/11/2017,738.0,750.0,740.0,740.0,0.27,10218.0,1255.0,101.0
NBB,1/12/2017,740.0,745.0,737.0,742.0,0.27,6938.0,1255.0,101.0
NBB,1/15/2017,742.0,750.0,740.0,741.0,-0.13,5958.0,1255.0,101.0
NBB,1/16/2017,741.0,740.0,725.0,729.0,-1.62,8365.0,1255.0,101.0
NBB,1/17/2017,729.0,726.0,716.0,721.0,-1.1,13613.0,1255.0,101.0
NBB,1/18/2017,721.0,725.0,714.0,721.0,0.0,13551.0,1255.0,101.0
NBB,1/19/2017,721.0,728.0,715.0,715.0,-0.83,12215.0,1255.0,101.0
NBB,1/22/2017,715.0,724.0,715.0,720.0,0.7,10987.0,1255.0,101.0
NBB,1/23/2017,720.0,724.0,715.0,718.0,-0.28,18576.0,1255.0,101.0
NBB,1/24/2017,718.0,720.0,700.0,712.0,-0.84,17437.0,1255.0,101.0
NBB,1/25/2017,712.0,703.0,688.0,696.0,-2.25,27594.0,1255.0,101.0
NBB,1/26/2017,696.0,693.0,667.0,680.0,-2.3,27910.0,1255.0,101.0
NBB,1/30/2017,680.0,680.0,629.0,638.0,-6.18,43838.0,1255.0,101.0
NBB,1/31/2017,638.0,659.0,602.0,647.0,1.41,27125.0,1255.0,101.0
NBB,2/1/2017,647.0,678.0,640.0,671.0,3.71,35126.0,1255.0,101.0
NBB,2/2/2017,671.0,700.0,663.0,669.0,-0.3,19914.0,1255.0,101.0
NBB,2/5/2017,669.0,672.0,625.0,660.0,-1.35,14172.0,1255.0,101.0
NBB,2/6/2017,660.0,660.0,632.0,645.0,-2.27,16708.0,1255.0,101.0
NBB,2/7/2017,645.0,657.0,637.0,649.0,0.62,11854.0,1255.0,101.0
NBB,2/8/2017,649.0,647.0,639.0,640.0,-1.39,11079.0,1255.0,101.0
NBB,2/9/2017,640.0,643.0,623.0,626.0,-2.19,14169.0,1255.0,101.0
NBB,2/12/2017,626.0,622.0,591.0,600.0,-4.15,41372.0,1255.0,101.0
NBB,2/13/2017,600.0,614.0,563.0,609.0,1.5,59817.0,1255.0,101.0
NBB,2/14/2017,609.0,612.0,592.0,605.0,-0.66,33823.0,1255.0,101.0
NBB,2/15/2017,605.0,629.0,604.0,626.0,3.47,30802.0,1255.0,101.0
NBB,2/16/2017,626.0,648.0,620.0,633.0,1.12,28720.0,1255.0,101.0
NBB,2/19/2017,633.0,645.0,623.0,640.0,1.11,24289.0,1255.0,101.0
NBB,2/20/2017,640.0,665.0,628.0,639.0,-0.16,31644.0,1255.0,101.0
NBB,2/21/2017,639.0,659.0,630.0,636.0,-0.47,28556.0,1255.0,101.0
NBB,2/22/2017,636.0,643.0,625.0,636.0,0.0,15044.0,1255.0,101.0
NBB,2/23/2017,636.0,636.0,627.0,629.0,-1.1,11190.0,1255.0,101.0
NBB,2/26/2017,629.0,638.0,610.0,610.0,-3.02,14980.0,1255.0,101.0
NBB,2/28/2017,610.0,614.0,596.0,608.0,-0.33,191351.0,1255.0,101.0
NBB,3/1/2017,608.0,637.0,615.0,634.0,4.28,48397.0,1255.0,101.0
NBB,3/2/2017,634.0,650.0,641.0,648.0,2.21,45993.0,1255.0,101.0
NBB,3/5/2017,648.0,670.0,658.0,665.0,2.62,41449.0,1255.0,101.0
NBB,3/6/2017,665.0,686.0,660.0,660.0,-0.75,172802.0,1255.0,101.0
NBB,3/7/2017,660.0,660.0,637.0,646.0,-2.12,32507.0,1255.0,101.0
NBB,3/9/2017,646.0,660.0,645.0,649.0,0.46,19397.0,1255.0,101.0
NBB,3/13/2017,649.0,669.0,647.0,657.0,1.23,21369.0,1255.0,101.0
NBB,3/14/2017,657.0,662.0,650.0,656.0,-0.15,29347.0,1255.0,101.0
NBB,3/15/2017,656.0,658.0,647.0,651.0,-0.76,9486.0,1255.0,101.0
NBB,3/16/2017,651.0,667.0,650.0,660.0,1.38,40259.0,1255.0,101.0
NBB,3/19/2017,660.0,684.0,670.0,679.0,2.88,57906.0,1255.0,101.0
NBB,3/20/2017,679.0,705.0,684.0,705.0,3.83,71461.0,1255.0,101.0
NBB,3/21/2017,705.0,719.0,695.0,711.0,0.85,56138.0,1255.0,101.0
NBB,3/22/2017,711.0,750.0,720.0,725.0,1.97,60222.0,1255.0,101.0
NBB,3/23/2017,725.0,740.0,712.0,728.0,0.41,65491.0,1255.0,101.0
NBB,3/26/2017,728.0,740.0,728.0,735.0,0.96,79395.0,1255.0,101.0
NBB,3/28/2017,735.0,759.0,730.0,747.0,1.63,127414.0,1255.0,101.0
NBB,3/29/2017,747.0,775.0,725.0,730.0,-2.28,273979.0,1255.0,101.0
NBB,3/30/2017,452.0,485.0,461.0,479.0,-34.38,114789.0,1255.0,101.0
NBB,4/2/2017,479.0,520.0,480.0,500.0,4.38,45615.0,1255.0,101.0
NBB,4/3/2017,500.0,550.0,490.0,496.0,-0.8,74585.0,1255.0,101.0
NBB,4/4/2017,496.0,510.0,480.0,492.0,-0.81,41493.0,1255.0,101.0
NBB,4/6/2017,492.0,496.0,479.0,488.0,-0.81,33404.0,1255.0,101.0
NBB,4/9/2017,488.0,494.0,478.0,479.0,-1.84,29825.0,1255.0,101.0
NBB,4/10/2017,479.0,487.0,479.0,480.0,0.21,24241.0,1255.0,101.0
NBB,4/11/2017,480.0,498.0,485.0,493.0,2.71,20232.0,1255.0,101.0
NBB,4/12/2017,493.0,503.0,485.0,485.0,-1.62,29474.0,1255.0,101.0
NBB,4/13/2017,485.0,485.0,477.0,482.0,-0.62,19957.0,1255.0,101.0
NBB,4/16/2017,482.0,485.0,468.0,469.0,-2.7,22426.0,1255.0,101.0
NBB,4/18/2017,469.0,470.0,450.0,453.0,-3.41,23978.0,1255.0,101.0
NBB,4/19/2017,453.0,475.0,455.0,475.0,4.86,9678.0,1255.0,101.0
NBB,4/20/2017,475.0,495.0,471.0,475.0,0.0,23003.0,1255.0,101.0
NBB,4/23/2017,475.0,502.0,474.0,481.0,1.26,19744.0,1255.0,101.0
NBB,4/24/2017,481.0,490.0,473.0,480.0,-0.21,10845.0,1255.0,101.0
NBB,4/25/2017,480.0,478.0,468.0,472.0,-1.67,8330.0,1255.0,101.0
NBB,4/26/2017,472.0,469.0,455.0,458.0,-2.97,23354.0,1255.0,101.0
NBB,4/27/2017,458.0,460.0,448.0,459.0,0.22,23076.0,1255.0,101.0
NBB,4/30/2017,459.0,459.0,443.0,445.0,-3.05,18542.0,1255.0,101.0
NBB,5/2/2017,445.0,460.0,437.0,449.0,0.9,38642.0,1255.0,101.0
NBB,5/3/2017,449.0,467.0,445.0,445.0,-0.89,15948.0,1255.0,101.0
NBB,5/4/2017,445.0,453.0,440.0,440.0,-1.12,20468.0,1255.0,101.0
NBB,5/7/2017,440.0,440.0,430.0,433.0,-1.59,20042.0,1255.0,101.0
NBB,5/8/2017,433.0,439.0,425.0,430.0,-0.69,13153.0,1255.0,101.0
NBB,5/9/2017,430.0,435.0,425.0,432.0,0.47,22653.0,1255.0,101.0
NBB,5/11/2017,432.0,437.0,430.0,430.0,-0.46,20647.0,1255.0,101.0
NBB,5/15/2017,430.0,454.0,433.0,435.0,1.16,16968.0,1255.0,101.0
NBB,5/16/2017,435.0,437.0,428.0,431.0,-0.92,14731.0,1255.0,101.0
NBB,5/17/2017,431.0,433.0,422.0,422.0,-2.09,18787.0,1255.0,101.0
NBB,5/18/2017,422.0,429.0,420.0,420.0,-0.47,17343.0,1255.0,101.0
NBB,5/21/2017,420.0,420.0,410.0,420.0,0.0,12605.0,1255.0,101.0
NBB,5/22/2017,420.0,426.0,418.0,423.0,0.71,5788.0,1255.0,101.0
NBB,5/23/2017,423.0,430.0,418.0,418.0,-1.18,10741.0,1255.0,101.0
NBB,5/24/2017,418.0,422.0,413.0,418.0,0.0,15384.0,1255.0,101.0
NBB,5/28/2017,418.0,423.0,416.0,417.0,-0.24,17292.0,1255.0,101.0
NBB,5/30/2017,417.0,420.0,413.0,414.0,-0.72,15148.0,1255.0,101.0
NBB,5/31/2017,414.0,422.0,405.0,418.0,0.97,21900.0,1255.0,101.0
NBB,6/1/2017,418.0,426.0,414.0,417.0,-0.24,11546.0,1255.0,101.0
NBB,6/4/2017,417.0,424.0,413.0,423.0,1.44,14230.0,1255.0,101.0
NBB,6/5/2017,423.0,433.0,423.0,429.0,1.42,14544.0,1255.0,101.0
NBB,6/6/2017,429.0,437.0,425.0,436.0,1.63,16441.0,1255.0,101.0
NBB,6/7/2017,436.0,444.0,428.0,434.0,-0.46,10748.0,1255.0,101.0
NBB,6/8/2017,434.0,433.0,418.0,430.0,-0.92,17930.0,1255.0,101.0
NBB,6/11/2017,430.0,425.0,415.0,420.0,-2.33,12799.0,1255.0,101.0
NBB,6/12/2017,420.0,419.0,405.0,419.0,-0.24,9208.0,1255.0,101.0
NBB,6/13/2017,419.0,426.0,413.0,414.0,-1.19,22319.0,1255.0,101.0
NBB,6/14/2017,414.0,417.0,410.0,415.0,0.24,8832.0,1255.0,101.0
NBB,6/15/2017,415.0,427.0,410.0,418.0,0.72,10513.0,1255.0,101.0
NBB,6/18/2017,418.0,418.0,400.0,408.0,-2.39,24320.0,1255.0,101.0
NBB,6/19/2017,408.0,405.0,392.0,403.0,-1.23,25522.0,1255.0,101.0
NBB,6/20/2017,403.0,405.0,392.0,399.0,-0.99,25498.0,1255.0,101.0
NBB,6/21/2017,399.0,401.0,395.0,400.0,0.25,11113.0,1255.0,101.0
NBB,6/22/2017,400.0,405.0,395.0,405.0,1.25,16132.0,1255.0,101.0
NBB,6/25/2017,405.0,406.0,393.0,398.0,-1.73,17662.0,1255.0,101.0
NBB,6/27/2017,398.0,400.0,392.0,395.0,-0.75,12961.0,1255.0,101.0
NBB,6/28/2017,395.0,398.0,394.0,394.0,-0.25,5934.0,1255.0,101.0
NBB,7/2/2017,394.0,396.0,389.0,395.0,0.25,20882.0,1255.0,101.0
NBB,7/3/2017,395.0,400.0,395.0,397.0,0.51,6467.0,1255.0,101.0
NBB,7/4/2017,397.0,396.0,390.0,393.0,-1.01,9569.0,1255.0,101.0
NBB,7/5/2017,393.0,399.0,395.0,397.0,1.02,10222.0,1255.0,101.0
NBB,7/6/2017,397.0,413.0,400.0,411.0,3.53,10653.0,1255.0,101.0
NBB,7/9/2017,411.0,420.0,400.0,407.0,-0.97,29100.0,1255.0,101.0
NBB,7/10/2017,407.0,416.0,405.0,407.0,0.0,16242.0,1255.0,101.0
NBB,7/11/2017,407.0,411.0,404.0,408.0,0.25,9794.0,1255.0,101.0
NBB,7/12/2017,408.0,412.0,400.0,412.0,0.98,14766.0,1255.0,101.0
NBB,7/13/2017,412.0,412.0,400.0,402.0,-2.43,15742.0,1255.0,101.0
NBB,7/16/2017,402.0,408.0,401.0,403.0,0.25,6758.0,1255.0,101.0
NBB,7/17/2017,403.0,414.0,403.0,409.0,1.49,8119.0,1255.0,101.0
NBB,7/18/2017,409.0,419.0,407.0,418.0,2.2,31016.0,1255.0,101.0
NBB,7/19/2017,418.0,430.0,416.0,418.0,0.0,13652.0,1255.0,101.0
NBB,7/20/2017,418.0,417.0,410.0,413.0,-1.2,9075.0,1255.0,101.0
NBB,7/23/2017,413.0,412.0,406.0,409.0,-0.97,10542.0,1255.0,101.0
NBB,7/24/2017,409.0,412.0,401.0,403.0,-1.47,11451.0,1255.0,101.0
NBB,7/25/2017,403.0,408.0,395.0,403.0,0.0,8470.0,1255.0,101.0
NBB,7/26/2017,403.0,403.0,396.0,400.0,-0.74,11673.0,1255.0,101.0
NBB,7/27/2017,400.0,402.0,395.0,401.0,0.25,7803.0,1255.0,101.0
NBB,7/30/2017,401.0,403.0,397.0,402.0,0.25,12217.0,1255.0,101.0
NBB,7/31/2017,402.0,408.0,403.0,403.0,0.25,11969.0,1255.0,101.0
NBB,8/1/2017,403.0,410.0,400.0,402.0,-0.25,11549.0,1255.0,101.0
NBB,8/2/2017,402.0,404.0,398.0,398.0,-1.0,3310.0,1255.0,101.0
NBB,8/3/2017,398.0,400.0,388.0,394.0,-1.01,29033.0,1255.0,101.0
NBB,8/6/2017,394.0,398.0,385.0,392.0,-0.51,30104.0,1255.0,101.0
NBB,8/7/2017,392.0,392.0,385.0,387.0,-1.28,26051.0,1255.0,101.0
NBB,8/9/2017,387.0,392.0,381.0,382.0,-1.29,24652.0,1255.0,101.0
NBB,8/10/2017,382.0,380.0,375.0,378.0,-1.05,35940.0,1255.0,101.0
NBB,8/13/2017,378.0,372.0,364.0,366.0,-3.17,42755.0,1255.0,101.0
NBB,8/15/2017,366.0,373.0,363.0,364.0,-0.55,63024.0,1255.0,101.0
NBB,8/16/2017,364.0,375.0,357.0,365.0,0.27,25195.0,1255.0,101.0
NBB,8/17/2017,365.0,371.0,360.0,362.0,-0.82,37372.0,1255.0,101.0
NBB,8/20/2017,362.0,372.0,353.0,355.0,-1.93,33084.0,1255.0,101.0
NBB,8/21/2017,355.0,359.0,353.0,357.0,0.56,21413.0,1255.0,101.0
NBB,8/22/2017,357.0,365.0,354.0,357.0,0.0,19445.0,1255.0,101.0
NBB,8/23/2017,357.0,362.0,356.0,358.0,0.28,15828.0,1255.0,101.0
NBB,8/24/2017,358.0,365.0,356.0,360.0,0.56,15371.0,1255.0,101.0
NBB,8/27/2017,360.0,367.0,355.0,359.0,-0.28,18569.0,1255.0,101.0
NBB,8/28/2017,359.0,360.0,351.0,351.0,-2.23,15881.0,1255.0,101.0
NBB,8/30/2017,351.0,355.0,341.0,342.0,-2.56,26014.0,1255.0,101.0
NBB,8/31/2017,342.0,345.0,335.0,338.0,-1.17,24127.0,1255.0,101.0
NBB,9/4/2017,338.0,337.0,330.0,332.0,-1.78,31999.0,1255.0,101.0
NBB,9/6/2017,332.0,343.0,330.0,330.0,-0.6,21238.0,1255.0,101.0
NBB,9/7/2017,330.0,333.0,329.0,332.0,0.61,23559.0,1255.0,101.0
NBB,9/10/2017,332.0,328.0,318.0,321.0,-3.31,61003.0,1255.0,101.0
NBB,9/11/2017,321.0,320.0,310.0,311.0,-3.12,75221.0,1255.0,101.0
NBB,9/12/2017,311.0,313.0,308.0,312.0,0.32,29378.0,1255.0,101.0
NBB,9/13/2017,312.0,317.0,310.0,314.0,0.64,33545.0,1255.0,101.0
NBB,9/14/2017,314.0,331.0,312.0,326.0,3.82,24923.0,1255.0,101.0
NBB,9/17/2017,326.0,337.0,322.0,335.0,2.76,28429.0,1255.0,101.0
NBB,9/18/2017,335.0,341.0,331.0,336.0,0.3,28046.0,1255.0,101.0
NBB,9/20/2017,336.0,336.0,329.0,335.0,-0.3,14113.0,1255.0,101.0
NBB,9/24/2017,335.0,335.0,327.0,327.0,-2.39,24496.0,1255.0,101.0
NBB,9/25/2017,327.0,335.0,327.0,331.0,1.22,14030.0,1255.0,101.0
NBB,9/26/2017,331.0,335.0,329.0,331.0,0.0,23569.0,1255.0,101.0
NBB,10/3/2017,331.0,334.0,333.0,333.0,0.6,3006.0,1255.0,101.0
NBB,10/4/2017,333.0,334.0,330.0,330.0,-0.9,6022.0,1255.0,101.0
NBB,10/8/2017,330.0,330.0,311.0,318.0,-3.64,25794.0,1255.0,101.0
NBB,10/9/2017,318.0,324.0,310.0,321.0,0.94,23948.0,1255.0,101.0
NBB,10/10/2017,321.0,325.0,318.0,321.0,0.0,14652.0,1255.0,101.0
NBB,10/11/2017,321.0,328.0,319.0,322.0,0.31,8898.0,1255.0,101.0
NBB,10/12/2017,322.0,323.0,317.0,320.0,-0.62,12004.0,1255.0,101.0
NBB,10/15/2017,320.0,321.0,318.0,320.0,0.0,5566.0,1255.0,101.0
NBB,10/16/2017,320.0,337.0,323.0,337.0,5.31,25824.0,1255.0,101.0
NBB,10/17/2017,337.0,339.0,329.0,335.0,-0.59,14586.0,1255.0,101.0
NBB,10/18/2017,335.0,340.0,326.0,334.0,-0.3,3141.0,1255.0,101.0
NBB,10/22/2017,334.0,341.0,329.0,337.0,0.9,5586.0,1255.0,101.0
NBB,10/23/2017,337.0,340.0,333.0,334.0,-0.89,17055.0,1255.0,101.0
NBB,10/24/2017,334.0,338.0,331.0,336.0,0.6,21564.0,1255.0,101.0
NBB,10/25/2017,336.0,338.0,329.0,332.0,-1.19,16044.0,1255.0,101.0
NBB,10/29/2017,332.0,337.0,324.0,331.0,-0.3,128367.0,1255.0,101.0
NBB,10/30/2017,296.0,295.0,289.0,293.0,-11.48,26405.0,1255.0,101.0
NBB,10/31/2017,293.0,295.0,290.0,293.0,0.0,24284.0,1255.0,101.0
NBB,11/1/2017,293.0,298.0,285.0,289.0,-1.37,62325.0,1255.0,101.0
NBB,11/2/2017,289.0,291.0,284.0,286.0,-1.04,29744.0,1255.0,101.0
NBB,11/5/2017,286.0,287.0,273.0,275.0,-3.85,57163.0,1255.0,101.0
NBB,11/6/2017,275.0,285.0,261.0,278.0,1.09,30807.0,1255.0,101.0
NBB,11/7/2017,278.0,288.0,275.0,280.0,0.72,23931.0,1255.0,101.0
NBB,11/8/2017,280.0,285.0,270.0,278.0,-0.71,18783.0,1255.0,101.0
NBB,11/9/2017,278.0,280.0,275.0,278.0,0.0,13762.0,1255.0,101.0
NBB,11/12/2017,278.0,285.0,276.0,285.0,2.52,50704.0,1255.0,101.0
NBB,11/13/2017,285.0,289.0,276.0,282.0,-1.05,31270.0,1255.0,101.0
NBB,11/14/2017,282.0,295.0,285.0,293.0,3.9,31345.0,1255.0,101.0
NBB,11/15/2017,293.0,296.0,289.0,291.0,-0.68,17013.0,1255.0,101.0
NBB,11/16/2017,291.0,293.0,285.0,288.0,-1.03,13763.0,1255.0,101.0
NBB,11/19/2017,288.0,286.0,280.0,283.0,-1.74,13923.0,1255.0,101.0
NBB,11/20/2017,283.0,280.0,276.0,276.0,-2.47,12962.0,1255.0,101.0
NBB,11/21/2017,276.0,285.0,277.0,283.0,2.54,11565.0,1255.0,101.0
NBB,11/22/2017,283.0,290.0,283.0,286.0,1.06,19196.0,1255.0,101.0
NBB,11/23/2017,286.0,290.0,286.0,290.0,1.4,17490.0,1255.0,101.0
NBB,11/26/2017,290.0,296.0,288.0,292.0,0.69,17540.0,1255.0,101.0
NBB,11/27/2017,292.0,292.0,287.0,287.0,-1.71,17579.0,1255.0,101.0
NBB,11/28/2017,287.0,291.0,287.0,290.0,1.05,14583.0,1255.0,101.0
NBB,11/29/2017,290.0,297.0,288.0,290.0,0.0,18644.0,1255.0,101.0
NBB,11/30/2017,290.0,295.0,290.0,292.0,0.69,11352.0,1255.0,101.0
NBB,12/4/2017,292.0,292.0,288.0,291.0,-0.34,12328.0,1255.0,101.0
NBB,12/5/2017,291.0,291.0,289.0,291.0,0.0,9433.0,1255.0,101.0
NBB,12/6/2017,291.0,294.0,290.0,291.0,0.0,9066.0,1255.0,101.0
NBB,12/10/2017,291.0,303.0,290.0,292.0,0.34,12028.0,1255.0,101.0
NBB,12/11/2017,292.0,291.0,284.0,290.0,-0.68,11642.0,1255.0,101.0
NBB,12/12/2017,290.0,290.0,286.0,286.0,-1.38,9981.0,1255.0,101.0
NBB,12/13/2017,286.0,291.0,280.0,291.0,1.75,6971.0,1255.0,101.0
NBB,12/14/2017,291.0,294.0,286.0,289.0,-0.69,5667.0,1255.0,101.0
NBB,12/17/2017,289.0,291.0,285.0,285.0,-1.38,10307.0,1255.0,101.0
NBB,12/18/2017,285.0,288.0,283.0,284.0,-0.35,9510.0,1255.0,101.0
NBB,12/19/2017,284.0,286.0,282.0,284.0,0.0,13344.0,1255.0,101.0
NBB,12/20/2017,284.0,284.0,280.0,282.0,-0.7,8970.0,1255.0,101.0
NBB,12/21/2017,282.0,283.0,280.0,282.0,0.0,9263.0,1255.0,101.0
NBB,12/24/2017,282.0,286.0,280.0,281.0,-0.35,13371.0,1255.0,101.0
NBB,12/26/2017,281.0,282.0,273.0,274.0,-2.49,12244.0,1255.0,101.0
NBB,12/27/2017,274.0,275.0,266.0,270.0,-1.46,15681.0,1255.0,101.0
NBB,12/28/2017,270.0,277.0,266.0,271.0,0.37,18731.0,1255.0,101.0
NBB,12/31/2017,271.0,272.0,266.0,266.0,-1.85,19835.0,1255.0,101.0
NBB,1/1/2018,266.0,275.0,263.0,275.0,3.38,9581.0,1255.0,101.0
NBB,1/2/2018,275.0,280.0,271.0,278.0,1.09,13258.0,1255.0,101.0
NBB,1/3/2018,278.0,281.0,266.0,273.0,-1.8,17260.0,1255.0,101.0
NBB,1/4/2018,273.0,278.0,269.0,272.0,-0.37,13279.0,1255.0,101.0
NBB,1/7/2018,272.0,278.0,272.0,273.0,0.37,7407.0,1255.0,101.0
NBB,1/8/2018,273.0,277.0,270.0,275.0,0.73,76773.0,1255.0,101.0
NBB,1/9/2018,275.0,278.0,275.0,278.0,1.09,12767.0,1255.0,101.0
NBB,1/10/2018,278.0,278.0,271.0,277.0,-0.36,18701.0,1255.0,101.0
NBB,1/14/2018,277.0,278.0,273.0,277.0,0.0,9061.0,1255.0,101.0
NBB,1/16/2018,277.0,275.0,270.0,272.0,-1.81,8447.0,1255.0,101.0
NBB,1/17/2018,272.0,272.0,268.0,270.0,-0.74,7458.0,1255.0,101.0
NBB,1/21/2018,270.0,273.0,267.0,270.0,0.0,9077.0,1255.0,101.0
NBB,1/22/2018,270.0,273.0,267.0,270.0,0.0,20904.0,1255.0,101.0
NBB,1/23/2018,270.0,271.0,266.0,268.0,-0.74,6177.0,1255.0,101.0
NBB,1/24/2018,268.0,269.0,265.0,268.0,0.0,7728.0,1255.0,101.0
NBB,1/25/2018,268.0,268.0,262.0,268.0,0.0,13340.0,1255.0,101.0
NBB,1/28/2018,268.0,268.0,263.0,264.0,-1.49,12594.0,1255.0,101.0
NBB,1/29/2018,264.0,265.0,260.0,260.0,-1.52,12627.0,1255.0,101.0
NBB,1/31/2018,260.0,262.0,255.0,257.0,-1.15,7771.0,1255.0,101.0
NBB,2/1/2018,257.0,262.0,252.0,257.0,0.0,9146.0,1255.0,101.0
NBB,2/4/2018,257.0,261.0,255.0,258.0,0.39,8821.0,1255.0,101.0
NBB,2/5/2018,258.0,260.0,256.0,257.0,-0.39,5329.0,1255.0,101.0
NBB,2/6/2018,257.0,260.0,254.0,255.0,-0.78,5513.0,1255.0,101.0
NBB,2/7/2018,255.0,256.0,248.0,248.0,-2.75,13894.0,1255.0,101.0
NBB,2/8/2018,248.0,255.0,249.0,250.0,0.81,13405.0,1255.0,101.0
NBB,2/11/2018,250.0,252.0,245.0,246.0,-1.6,14682.0,1255.0,101.0
NBB,2/12/2018,246.0,247.0,243.0,245.0,-0.41,40230.0,1255.0,101.0
NBB,2/14/2018,245.0,249.0,241.0,249.0,1.63,17604.0,1255.0,101.0
NBB,2/15/2018,249.0,261.0,249.0,258.0,3.61,19332.0,1255.0,101.0
NBB,2/18/2018,263.0,267.0,256.0,258.0,0.0,29940.0,1255.0,101.0
NBB,2/20/2018,260.0,260.0,250.0,250.0,-3.1,13369.0,1255.0,101.0
NBB,2/21/2018,248.0,250.0,247.0,248.0,-0.8,8931.0,1255.0,101.0
NBB,2/22/2018,250.0,254.0,246.0,250.0,0.81,12978.0,1255.0,101.0
NBB,2/25/2018,245.0,253.0,245.0,248.0,-0.8,9641.0,1255.0,101.0
NBB,2/26/2018,249.0,250.0,247.0,248.0,0.0,5141.0,1255.0,101.0
NBB,2/27/2018,246.0,250.0,242.0,247.0,-0.4,13863.0,1255.0,101.0
NBB,2/28/2018,247.0,247.0,243.0,243.0,-1.62,9884.0,1255.0,101.0
NBB,3/4/2018,239.0,242.0,229.0,242.0,-0.41,18711.0,1255.0,101.0
NBB,3/5/2018,240.0,244.0,231.0,232.0,-4.13,15106.0,1255.0,101.0
NBB,3/6/2018,229.0,236.0,227.0,236.0,1.72,19407.0,1255.0,101.0
NBB,3/7/2018,234.0,248.0,234.0,243.0,2.97,17593.0,1255.0,101.0
NBB,3/11/2018,242.0,242.0,236.0,236.0,-2.88,5914.0,1255.0,101.0
NBB,3/12/2018,236.0,240.0,236.0,237.0,0.42,10185.0,1255.0,101.0
NBB,3/13/2018,237.0,240.0,237.0,238.0,0.42,4085.0,1255.0,101.0
NBB,3/14/2018,237.0,238.0,235.0,235.0,-1.26,6011.0,1255.0,101.0
NBB,3/15/2018,233.0,239.0,233.0,235.0,0.0,8362.0,1255.0,101.0
NBB,3/18/2018,235.0,236.0,233.0,233.0,-0.85,9037.0,1255.0,101.0
NBB,3/19/2018,233.0,235.0,230.0,234.0,0.43,12325.0,1255.0,101.0
NBB,3/20/2018,234.0,234.0,223.0,230.0,-1.71,13793.0,1255.0,101.0
NBB,3/21/2018,226.0,228.0,222.0,222.0,-3.48,8277.0,1255.0,101.0
NBB,3/22/2018,218.0,228.0,217.0,220.0,-0.9,15261.0,1255.0,101.0
NBB,3/26/2018,218.0,221.0,209.0,211.0,-4.09,56343.0,1255.0,101.0
NBB,3/27/2018,215.0,230.0,204.0,229.0,8.53,18038.0,1255.0,101.0
NBB,3/28/2018,233.0,238.0,218.0,227.0,-0.87,20022.0,1255.0,101.0
NBB,3/29/2018,229.0,229.0,222.0,229.0,0.88,17264.0,1255.0,101.0
NBB,4/1/2018,228.0,228.0,218.0,223.0,-2.62,41060.0,1255.0,101.0
NBB,4/2/2018,223.0,225.0,220.0,221.0,-0.9,6301.0,1255.0,101.0
NBB,4/3/2018,217.0,223.0,215.0,221.0,0.0,16471.0,1255.0,101.0
NBB,4/4/2018,223.0,228.0,219.0,224.0,1.36,28670.0,1255.0,101.0
NBB,4/5/2018,228.0,231.0,224.0,231.0,3.12,54989.0,1255.0,101.0
NBB,4/8/2018,231.0,244.0,225.0,237.0,2.6,97006.0,1255.0,101.0
NBB,4/9/2018,241.0,247.0,234.0,236.0,-0.42,74445.0,1255.0,101.0
NBB,4/10/2018,236.0,239.0,227.0,233.0,-1.27,20739.0,1255.0,101.0
NBB,4/11/2018,230.0,237.0,226.0,237.0,1.72,18374.0,1255.0,101.0
NBB,4/12/2018,238.0,240.0,233.0,234.0,-1.27,9763.0,1255.0,101.0
NBB,4/15/2018,230.0,248.0,228.0,248.0,5.98,31607.0,1255.0,101.0
NBB,4/16/2018,246.0,246.0,237.0,240.0,-3.23,31553.0,1255.0,101.0
NBB,4/17/2018,240.0,246.0,238.0,241.0,0.42,31785.0,1255.0,101.0
NBB,4/18/2018,244.0,258.0,237.0,250.0,3.73,64543.0,1255.0,101.0
NBB,4/19/2018,255.0,258.0,243.0,255.0,2.0,55054.0,1255.0,101.0
NBB,4/22/2018,260.0,270.0,258.0,266.0,4.31,53386.0,1255.0,101.0
NBB,4/23/2018,271.0,274.0,252.0,255.0,-4.14,78979.0,1255.0,101.0
NBB,4/24/2018,254.0,260.0,248.0,256.0,0.39,20723.0,1255.0,101.0
NBB,4/25/2018,251.0,255.0,250.0,250.0,-2.34,17788.0,1255.0,101.0
NBB,4/26/2018,252.0,254.0,241.0,245.0,-2.0,26447.0,1255.0,101.0
NBB,4/29/2018,245.0,246.0,235.0,235.0,-4.08,25051.0,1255.0,101.0
NBB,5/2/2018,235.0,237.0,230.0,237.0,0.85,20758.0,1255.0,101.0
NBB,5/3/2018,240.0,240.0,234.0,236.0,-0.42,26217.0,1255.0,101.0
NBB,5/6/2018,233.0,236.0,232.0,233.0,-1.27,16590.0,1255.0,101.0
NBB,5/7/2018,233.0,235.0,231.0,232.0,-0.43,18816.0,1255.0,101.0
NBB,5/8/2018,234.0,237.0,232.0,237.0,2.16,17243.0,1255.0,101.0
NBB,5/9/2018,237.0,238.0,235.0,236.0,-0.42,16356.0,1255.0,101.0
NBB,5/10/2018,232.0,236.0,230.0,235.0,-0.42,25940.0,1255.0,101.0
NBB,5/14/2018,232.0,234.0,231.0,232.0,-1.28,6162.0,1255.0,101.0
NBB,5/15/2018,235.0,235.0,228.0,228.0,-1.72,3835.0,1255.0,101.0
NBB,5/16/2018,227.0,235.0,226.0,231.0,1.32,14917.0,1255.0,101.0
NBB,5/17/2018,230.0,233.0,229.0,231.0,0.0,13099.0,1255.0,101.0
NBB,5/20/2018,235.0,235.0,230.0,231.0,0.0,13262.0,1255.0,101.0
NBB,5/21/2018,231.0,232.0,229.0,232.0,0.43,18801.0,1255.0,101.0
NBB,5/22/2018,230.0,231.0,228.0,229.0,-1.29,14103.0,1255.0,101.0
NBB,5/23/2018,230.0,230.0,224.0,226.0,-1.31,19684.0,1255.0,101.0
NBB,5/24/2018,226.0,228.0,225.0,226.0,0.0,15129.0,1255.0,101.0
NBB,5/27/2018,225.0,226.0,222.0,226.0,0.0,12397.0,1255.0,101.0
NBB,5/28/2018,224.0,238.0,224.0,235.0,3.98,18737.0,1255.0,101.0
NBB,5/29/2018,239.0,239.0,227.0,233.0,-0.85,12706.0,1255.0,101.0
NBB,5/30/2018,230.0,235.0,227.0,230.0,-1.29,8220.0,1255.0,101.0
NBB,5/31/2018,230.0,230.0,226.0,229.0,-0.43,6647.0,1255.0,101.0
NBB,6/3/2018,228.0,228.0,219.0,221.0,-3.49,16652.0,1255.0,101.0
NBB,6/4/2018,218.0,226.0,217.0,222.0,0.45,10783.0,1255.0,101.0
NBB,6/6/2018,226.0,227.0,224.0,225.0,1.35,3242.0,1255.0,101.0
NBB,6/7/2018,228.0,228.0,218.0,218.0,-3.11,20817.0,1255.0,101.0
NBB,6/10/2018,222.0,222.0,210.0,212.0,-2.75,21679.0,1255.0,101.0
NBB,6/11/2018,210.0,218.0,210.0,214.0,0.94,15743.0,1255.0,101.0
NBB,6/12/2018,212.0,216.0,212.0,213.0,-0.47,5365.0,1255.0,101.0
NBB,6/13/2018,215.0,218.0,214.0,218.0,2.35,6493.0,1255.0,101.0
NBB,6/14/2018,220.0,221.0,216.0,219.0,0.46,8589.0,1255.0,101.0
NBB,6/17/2018,223.0,223.0,212.0,214.0,-2.28,8426.0,1255.0,101.0
NBB,6/18/2018,214.0,216.0,211.0,214.0,0.0,11028.0,1255.0,101.0
NBB,6/19/2018,213.0,214.0,212.0,212.0,-0.93,9416.0,1255.0,101.0
NBB,6/20/2018,213.0,213.0,211.0,211.0,-0.47,3972.0,1255.0,101.0
NBB,6/21/2018,214.0,214.0,208.0,210.0,-0.47,14767.0,1255.0,101.0
NBB,6/24/2018,207.0,213.0,207.0,212.0,0.95,5213.0,1255.0,101.0
NBB,6/25/2018,210.0,213.0,208.0,212.0,0.0,30749.0,1255.0,101.0
NBB,6/26/2018,210.0,211.0,208.0,211.0,-0.47,6321.0,1255.0,101.0
NBB,6/27/2018,210.0,212.0,210.0,212.0,0.47,7432.0,1255.0,101.0
NBB,6/28/2018,213.0,213.0,209.0,212.0,0.0,10526.0,1255.0,101.0
NBB,7/1/2018,208.0,212.0,206.0,207.0,-2.36,10575.0,1255.0,101.0
NBB,7/2/2018,205.0,211.0,205.0,208.0,0.48,15038.0,1255.0,101.0
NBB,7/3/2018,206.0,210.0,206.0,210.0,0.96,15786.0,1255.0,101.0
NBB,7/4/2018,210.0,211.0,207.0,210.0,0.0,23795.0,1255.0,101.0
NBB,7/5/2018,210.0,222.0,210.0,222.0,5.71,25123.0,1255.0,101.0
NBB,7/8/2018,220.0,222.0,215.0,215.0,-3.15,16831.0,1255.0,101.0
NBB,7/9/2018,211.0,216.0,211.0,215.0,0.0,6625.0,1255.0,101.0
NBB,7/10/2018,211.0,216.0,211.0,214.0,-0.47,11252.0,1255.0,101.0
NBB,7/11/2018,218.0,218.0,211.0,215.0,0.47,11621.0,1255.0,101.0
NBB,7/12/2018,216.0,216.0,207.0,212.0,-1.4,28124.0,1255.0,101.0
NBB,7/15/2018,212.0,213.0,209.0,210.0,-0.94,4081.0,1255.0,101.0
NBB,7/16/2018,214.0,214.0,210.0,214.0,1.9,9473.0,1255.0,101.0
NBB,7/17/2018,215.0,215.0,210.0,210.0,-1.87,3964.0,1255.0,101.0
NBB,7/18/2018,210.0,210.0,206.0,208.0,-0.95,13671.0,1255.0,101.0
NBB,7/19/2018,205.0,209.0,205.0,208.0,0.0,13372.0,1255.0,101.0
NBB,7/22/2018,207.0,208.0,207.0,207.0,-0.48,12002.0,1255.0,101.0
NBB,7/23/2018,206.0,208.0,206.0,206.0,-0.48,17335.0,1255.0,101.0
NBB,7/24/2018,210.0,214.0,207.0,208.0,0.97,6381.0,1255.0,101.0
NBB,7/25/2018,211.0,211.0,208.0,208.0,0.0,8249.0,1255.0,101.0
NBB,7/26/2018,209.0,210.0,207.0,208.0,0.0,11361.0,1255.0,101.0
NBB,7/29/2018,209.0,210.0,205.0,207.0,-0.48,21730.0,1255.0,101.0
NBB,7/30/2018,208.0,208.0,205.0,205.0,-0.97,7452.0,1255.0,101.0
NBB,7/31/2018,207.0,208.0,204.0,205.0,0.0,17080.0,1255.0,101.0
NBB,8/1/2018,205.0,207.0,204.0,207.0,0.98,4742.0,1255.0,101.0
NBB,8/2/2018,210.0,210.0,205.0,207.0,0.0,3146.0,1255.0,101.0
NBB,8/5/2018,207.0,208.0,205.0,205.0,-0.97,6265.0,1255.0,101.0
NBB,8/6/2018,203.0,207.0,203.0,207.0,0.98,9982.0,1255.0,101.0
NBB,8/7/2018,211.0,210.0,205.0,206.0,-0.48,10145.0,1255.0,101.0
NBB,8/8/2018,205.0,207.0,204.0,204.0,-0.97,11049.0,1255.0,101.0
NBB,8/9/2018,204.0,205.0,203.0,204.0,0.0,7521.0,1255.0,101.0
NBB,8/12/2018,202.0,206.0,198.0,200.0,-1.96,8661.0,1255.0,101.0
NBB,8/13/2018,200.0,207.0,200.0,205.0,2.5,10904.0,1255.0,101.0
NBB,8/14/2018,205.0,205.0,200.0,205.0,0.0,8988.0,1255.0,101.0
NBB,8/15/2018,206.0,209.0,203.0,205.0,0.0,15278.0,1255.0,101.0
NBB,8/16/2018,205.0,207.0,202.0,205.0,0.0,22415.0,1255.0,101.0
NBB,8/19/2018,205.0,205.0,200.0,201.0,-1.95,27669.0,1255.0,101.0
NBB,8/20/2018,205.0,205.0,200.0,200.0,-0.5,15107.0,1255.0,101.0
NBB,8/21/2018,200.0,202.0,200.0,201.0,0.5,12980.0,1255.0,101.0
NBB,8/22/2018,200.0,203.0,199.0,201.0,0.0,12128.0,1255.0,101.0
NBB,8/23/2018,202.0,202.0,198.0,199.0,-1.0,15009.0,1255.0,101.0
NBB,8/26/2018,200.0,200.0,198.0,199.0,0.0,8573.0,1255.0,101.0
NBB,8/28/2018,199.0,199.0,196.0,198.0,-0.5,8240.0,1255.0,101.0
NBB,8/29/2018,196.0,198.0,196.0,197.0,-0.51,7090.0,1255.0,101.0
NBB,8/30/2018,197.0,199.0,197.0,199.0,1.02,8836.0,1255.0,101.0
NBB,9/2/2018,202.0,203.0,197.0,202.0,1.51,21765.0,1255.0,101.0
NBB,9/3/2018,200.0,207.0,200.0,206.0,1.98,30713.0,1255.0,101.0
NBB,9/4/2018,208.0,208.0,203.0,203.0,-1.46,12230.0,1255.0,101.0
NBB,9/5/2018,204.0,215.0,203.0,212.0,4.43,50377.0,1255.0,101.0
NBB,9/6/2018,215.0,218.0,208.0,210.0,-0.94,30410.0,1255.0,101.0
NBB,9/9/2018,208.0,210.0,206.0,209.0,-0.48,14728.0,1255.0,101.0
NBB,9/10/2018,206.0,206.0,201.0,201.0,-3.83,13212.0,1255.0,101.0
NBB,9/11/2018,200.0,208.0,200.0,206.0,2.49,7285.0,1255.0,101.0
NBB,9/12/2018,204.0,208.0,204.0,207.0,0.49,3539.0,1255.0,101.0
NBB,9/13/2018,211.0,216.0,210.0,215.0,3.86,109674.0,1255.0,101.0
NBB,9/16/2018,219.0,224.0,216.0,218.0,1.4,87259.0,1255.0,101.0
NBB,9/17/2018,218.0,219.0,213.0,213.0,-2.29,28766.0,1255.0,101.0
NBB,9/18/2018,215.0,217.0,210.0,215.0,0.94,22893.0,1255.0,101.0
NBB,9/20/2018,213.0,216.0,212.0,213.0,-0.93,21789.0,1255.0,101.0
NBB,9/23/2018,215.0,218.0,212.0,215.0,0.94,13708.0,1255.0,101.0
NBB,9/25/2018,216.0,230.0,216.0,229.0,6.51,116204.0,1255.0,101.0
NBB,9/26/2018,231.0,234.0,224.0,228.0,-0.44,55964.0,1255.0,101.0
NBB,9/27/2018,226.0,232.0,223.0,223.0,-2.19,31623.0,1255.0,101.0
NBB,9/30/2018,220.0,222.0,219.0,220.0,-1.35,25518.0,1255.0,101.0
NBB,10/1/2018,216.0,218.0,213.0,213.0,-3.18,29539.0,1255.0,101.0
NBB,10/2/2018,212.0,218.0,212.0,214.0,0.47,39568.0,1255.0,101.0
NBB,10/3/2018,212.0,214.0,212.0,212.0,-0.93,13471.0,1255.0,101.0
NBB,10/4/2018,212.0,215.0,210.0,214.0,0.94,21118.0,1255.0,101.0
NBB,10/7/2018,211.0,213.0,210.0,211.0,-1.4,23868.0,1255.0,101.0
NBB,10/8/2018,211.0,214.0,210.0,213.0,0.95,26453.0,1255.0,101.0
NBB,10/9/2018,215.0,216.0,212.0,213.0,0.0,16547.0,1255.0,101.0
NBB,10/10/2018,210.0,210.0,206.0,209.0,-1.88,22553.0,1255.0,101.0
NBB,10/11/2018,212.0,215.0,212.0,214.0,2.39,4835.0,1255.0,101.0
NBB,10/14/2018,215.0,216.0,213.0,216.0,0.93,13965.0,1255.0,101.0
NBB,10/15/2018,216.0,217.0,214.0,216.0,0.0,18924.0,1255.0,101.0
NBB,10/21/2018,217.0,218.0,216.0,216.0,0.0,7625.0,1255.0,101.0
NBB,10/22/2018,216.0,216.0,212.0,212.0,-1.85,8750.0,1255.0,101.0
NBB,10/23/2018,212.0,216.0,212.0,214.0,0.94,4519.0,1255.0,101.0
NBB,10/24/2018,213.0,216.0,213.0,216.0,0.93,7205.0,1255.0,101.0
NBB,10/25/2018,216.0,217.0,211.0,211.0,-2.31,11285.0,1255.0,101.0
NBB,10/28/2018,213.0,213.0,209.0,210.0,-0.47,20830.0,1255.0,101.0
NBB,10/29/2018,210.0,211.0,207.0,208.0,-0.95,20786.0,1255.0,101.0
NBB,10/30/2018,207.0,212.0,207.0,210.0,0.96,14623.0,1255.0,101.0
NBB,10/31/2018,210.0,210.0,207.0,207.0,-1.43,15785.0,1255.0,101.0
NBB,11/1/2018,209.0,210.0,207.0,207.0,0.0,27281.0,1255.0,101.0
NBB,11/4/2018,205.0,207.0,205.0,206.0,-0.48,7443.0,1255.0,101.0
NBB,11/5/2018,207.0,211.0,207.0,210.0,1.94,11206.0,1255.0,101.0
NBB,11/6/2018,210.0,214.0,206.0,213.0,1.43,841.0,1255.0,101.0
NBB,11/11/2018,213.0,213.0,207.0,207.0,-2.82,1544.0,1255.0,101.0
NBB,11/12/2018,206.0,207.0,201.0,202.0,-2.42,19026.0,1255.0,101.0
NBB,11/13/2018,204.0,210.0,203.0,209.0,3.47,5471.0,1255.0,101.0
NBB,11/14/2018,206.0,210.0,205.0,210.0,0.48,5645.0,1255.0,101.0
NBB,11/15/2018,210.0,212.0,204.0,206.0,-1.9,21785.0,1255.0,101.0
NBB,11/18/2018,204.0,205.0,201.0,204.0,-0.97,13814.0,1255.0,101.0
NBB,11/19/2018,200.0,205.0,203.0,204.0,0.0,4076.0,1255.0,101.0
NBB,11/20/2018,205.0,205.0,202.0,203.0,-0.49,10142.0,1255.0,101.0
NBB,11/21/2018,201.0,205.0,201.0,202.0,-0.49,13740.0,1255.0,101.0
NBB,11/22/2018,202.0,203.0,200.0,200.0,-0.99,20372.0,1255.0,101.0
NBB,11/25/2018,201.0,202.0,198.0,199.0,-0.5,15335.0,1255.0,101.0
NBB,11/26/2018,200.0,201.0,196.0,197.0,-1.01,35443.0,1255.0,101.0
NBB,11/27/2018,199.0,202.0,198.0,199.0,1.02,12661.0,1255.0,101.0
NBB,11/28/2018,199.0,201.0,197.0,198.0,-0.5,14885.0,1255.0,101.0
NBB,11/29/2018,196.0,198.0,196.0,197.0,-0.51,17467.0,1255.0,101.0
NBB,12/2/2018,196.0,197.0,192.0,193.0,-2.03,31331.0,1255.0,101.0
NBB,12/3/2018,190.0,199.0,190.0,195.0,1.04,19001.0,1255.0,101.0
NBB,12/4/2018,195.0,196.0,193.0,193.0,-1.03,10180.0,1255.0,101.0
NBB,12/5/2018,196.0,196.0,192.0,192.0,-0.52,13994.0,1255.0,101.0
NBB,12/6/2018,191.0,196.0,189.0,189.0,-1.56,37342.0,1255.0,101.0
NBB,12/9/2018,192.0,193.0,191.0,192.0,1.59,9687.0,1255.0,101.0
NBB,12/10/2018,195.0,199.0,193.0,198.0,3.12,28112.0,1255.0,101.0
NBB,12/11/2018,198.0,199.0,193.0,195.0,-1.52,12252.0,1255.0,101.0
NBB,12/12/2018,194.0,196.0,191.0,196.0,0.51,4072.0,1255.0,101.0
NBB,12/13/2018,195.0,199.0,193.0,196.0,0.0,9841.0,1255.0,101.0
NBB,12/16/2018,199.0,200.0,197.0,200.0,2.04,24350.0,1255.0,101.0
NBB,12/17/2018,204.0,205.0,199.0,205.0,2.5,22160.0,1255.0,101.0
NBB,12/18/2018,207.0,208.0,200.0,200.0,-2.44,26501.0,1255.0,101.0
NBB,12/19/2018,200.0,200.0,196.0,198.0,-1.0,20813.0,1255.0,101.0
NBB,12/20/2018,201.0,201.0,197.0,198.0,0.0,13740.0,1255.0,101.0
NBB,12/23/2018,201.0,205.0,200.0,205.0,3.54,51367.0,1255.0,101.0
NBB,12/24/2018,205.0,205.0,200.0,200.0,-2.44,35253.0,1255.0,101.0
NBB,12/25/2018,200.0,201.0,199.0,201.0,0.5,18578.0,1255.0,101.0
NBB,12/26/2018,199.0,207.0,199.0,207.0,2.99,46860.0,1255.0,101.0
NBB,12/27/2018,210.0,210.0,206.0,207.0,0.0,79726.0,1255.0,101.0
NBB,12/30/2018,203.0,207.0,197.0,198.0,-4.35,21560.0,1255.0,101.0
NBB,12/31/2018,201.0,201.0,194.0,194.0,-2.02,9758.0,1255.0,101.0
NBB,1/1/2019,193.0,195.0,193.0,194.0,0.0,11562.0,1255.0,101.0
NBB,1/2/2019,194.0,194.0,190.0,191.0,-1.55,15453.0,1255.0,101.0
NBB,1/3/2019,193.0,194.0,190.0,192.0,0.52,14244.0,1255.0,101.0
NBB,1/6/2019,194.0,194.0,190.0,190.0,-1.04,12182.0,1255.0,101.0
NBB,1/7/2019,190.0,193.0,189.0,191.0,0.53,13993.0,1255.0,101.0
NBB,1/8/2019,191.0,191.0,189.0,189.0,-1.05,11043.0,1255.0,101.0
NBB,1/9/2019,189.0,191.0,189.0,190.0,0.53,19788.0,1255.0,101.0
NBB,1/10/2019,192.0,193.0,190.0,193.0,1.58,22357.0,1255.0,101.0
NBB,1/13/2019,190.0,192.0,190.0,191.0,-1.04,19070.0,1255.0,101.0
NBB,1/14/2019,190.0,190.0,188.0,189.0,-1.05,11385.0,1255.0,101.0
NBB,1/15/2019,190.0,190.0,188.0,190.0,0.53,10784.0,1255.0,101.0
NBB,1/16/2019,190.0,191.0,189.0,191.0,0.53,21818.0,1255.0,101.0
NBB,1/17/2019,190.0,190.0,188.0,188.0,-1.57,17476.0,1255.0,101.0
NBB,1/20/2019,188.0,189.0,187.0,188.0,0.0,13029.0,1255.0,101.0
NBB,1/21/2019,186.0,187.0,183.0,185.0,-1.6,21527.0,1255.0,101.0
NBB,1/22/2019,186.0,191.0,186.0,186.0,0.54,10681.0,1255.0,101.0
NBB,1/23/2019,186.0,188.0,186.0,187.0,0.54,6096.0,1255.0,101.0
NBB,1/24/2019,187.0,190.0,187.0,188.0,0.53,6999.0,1255.0,101.0
NBB,1/27/2019,188.0,188.0,184.0,185.0,-1.6,16198.0,1255.0,101.0
NBB,1/28/2019,185.0,187.0,185.0,185.0,0.0,12029.0,1255.0,101.0
NBB,1/29/2019,186.0,186.0,183.0,185.0,0.0,11709.0,1255.0,101.0
NBB,1/30/2019,184.0,185.0,183.0,185.0,0.0,10954.0,1255.0,101.0
NBB,1/31/2019,183.0,185.0,183.0,184.0,-0.54,15354.0,1255.0,101.0
NBB,2/3/2019,183.0,185.0,181.0,182.0,-1.09,9622.0,1255.0,101.0
NBB,2/4/2019,181.0,181.0,178.0,178.0,-2.2,28087.0,1255.0,101.0
NBB,2/5/2019,181.0,185.0,181.0,185.0,3.93,21582.0,1255.0,101.0
NBB,2/6/2019,185.0,185.0,182.0,182.0,-1.62,12756.0,1255.0,101.0
NBB,2/7/2019,181.0,187.0,181.0,186.0,2.2,10268.0,1255.0,101.0
NBB,2/10/2019,186.0,186.0,182.0,184.0,-1.08,8112.0,1255.0,101.0
NBB,2/11/2019,181.0,185.0,181.0,183.0,-0.54,9687.0,1255.0,101.0
NBB,2/12/2019,184.0,185.0,184.0,185.0,1.09,8657.0,1255.0,101.0
NBB,2/13/2019,184.0,185.0,182.0,182.0,-1.62,12220.0,1255.0,101.0
NBB,2/14/2019,182.0,183.0,181.0,181.0,-0.55,11357.0,1255.0,101.0
NBB,2/17/2019,183.0,183.0,180.0,181.0,0.0,13586.0,1255.0,101.0
NBB,2/18/2019,181.0,184.0,180.0,183.0,1.1,13932.0,1255.0,101.0
NBB,2/19/2019,184.0,186.0,183.0,185.0,1.09,14018.0,1255.0,101.0
NBB,2/20/2019,185.0,185.0,182.0,184.0,-0.54,7558.0,1255.0,101.0
NBB,2/21/2019,183.0,185.0,182.0,183.0,-0.54,10827.0,1255.0,101.0
NBB,2/24/2019,184.0,184.0,181.0,182.0,-0.55,7105.0,1255.0,101.0
NBB,2/25/2019,181.0,184.0,181.0,184.0,1.1,3953.0,1255.0,101.0
NBB,2/26/2019,183.0,184.0,182.0,182.0,-1.09,10335.0,1255.0,101.0
NBB,2/27/2019,181.0,184.0,181.0,184.0,1.1,4463.0,1255.0,101.0
NBB,3/3/2019,182.0,185.0,182.0,184.0,0.0,13048.0,1255.0,101.0
NBB,3/5/2019,184.0,186.0,183.0,184.0,0.0,11110.0,1255.0,101.0
NBB,3/6/2019,184.0,185.0,183.0,185.0,0.54,19550.0,1255.0,101.0
NBB,3/7/2019,185.0,187.0,183.0,187.0,1.08,18062.0,1255.0,101.0
NBB,3/10/2019,188.0,188.0,184.0,188.0,0.53,8770.0,1255.0,101.0
NBB,3/11/2019,188.0,195.0,188.0,195.0,3.72,27919.0,1255.0,101.0
NBB,3/12/2019,198.0,203.0,194.0,200.0,2.56,41797.0,1255.0,101.0
NBB,3/13/2019,205.0,205.0,194.0,195.0,-2.5,25943.0,1255.0,101.0
NBB,3/14/2019,195.0,198.0,194.0,198.0,1.54,17421.0,1255.0,101.0
NBB,3/17/2019,195.0,202.0,195.0,197.0,-0.51,12140.0,1255.0,101.0
NBB,3/18/2019,197.0,199.0,195.0,196.0,-0.51,12759.0,1255.0,101.0
NBB,3/19/2019,197.0,198.0,194.0,194.0,-1.02,4278.0,1255.0,101.0
NBB,3/21/2019,195.0,196.0,191.0,192.0,-1.03,9627.0,1255.0,101.0
NBB,3/24/2019,190.0,192.0,189.0,192.0,0.0,11448.0,1255.0,101.0
NBB,3/25/2019,192.0,193.0,191.0,193.0,0.52,8404.0,1255.0,101.0
NBB,3/26/2019,193.0,194.0,192.0,193.0,0.0,12100.0,1255.0,101.0
NBB,3/27/2019,192.0,195.0,192.0,193.0,0.0,13937.0,1255.0,101.0
NBB,3/28/2019,194.0,197.0,194.0,196.0,1.55,20294.0,1255.0,101.0
NBB,3/31/2019,195.0,195.0,194.0,195.0,-0.51,10337.0,1255.0,101.0
NBB,4/1/2019,194.0,200.0,194.0,198.0,1.54,27506.0,1255.0,101.0
NBB,4/2/2019,200.0,207.0,200.0,204.0,3.03,111817.0,1255.0,101.0
NBB,4/3/2019,207.0,209.0,204.0,207.0,1.47,88240.0,1255.0,101.0
NBB,4/4/2019,206.0,210.0,205.0,205.0,-0.97,46433.0,1255.0,101.0
NBB,4/7/2019,209.0,213.0,201.0,212.0,3.41,52269.0,1255.0,101.0
NBB,4/8/2019,211.0,216.0,210.0,212.0,0.0,82776.0,1255.0,101.0
NBB,4/9/2019,211.0,213.0,207.0,209.0,-1.42,40067.0,1255.0,101.0
NBB,4/10/2019,209.0,213.0,206.0,211.0,0.96,34322.0,1255.0,101.0
NBB,4/11/2019,214.0,214.0,209.0,212.0,0.47,22404.0,1255.0,101.0
NBB,4/15/2019,212.0,214.0,209.0,211.0,-0.47,8899.0,1255.0,101.0
NBB,4/16/2019,214.0,216.0,211.0,216.0,2.37,51113.0,1255.0,101.0
NBB,4/17/2019,218.0,218.0,214.0,217.0,0.46,55869.0,1255.0,101.0
NBB,4/18/2019,220.0,227.0,215.0,223.0,2.76,63353.0,1255.0,101.0
NBB,4/21/2019,227.0,230.0,222.0,229.0,2.69,85007.0,1255.0,101.0
NBB,4/22/2019,230.0,238.0,228.0,230.0,0.44,128183.0,1255.0,101.0
NBB,4/23/2019,232.0,234.0,227.0,231.0,0.43,36258.0,1255.0,101.0
NBB,4/24/2019,233.0,240.0,231.0,238.0,3.03,57981.0,1255.0,101.0
NBB,4/25/2019,237.0,242.0,236.0,239.0,0.42,53319.0,1255.0,101.0
NBB,4/28/2019,239.0,239.0,232.0,233.0,-2.51,51142.0,1255.0,101.0
NBB,4/29/2019,230.0,241.0,222.0,230.0,-1.29,43952.0,1255.0,101.0
NBB,4/30/2019,230.0,234.0,229.0,232.0,0.87,35568.0,1255.0,101.0
NBB,5/2/2019,228.0,235.0,227.0,228.0,-1.72,24792.0,1255.0,101.0
NBB,5/5/2019,226.0,228.0,225.0,225.0,-1.32,42125.0,1255.0,101.0
NBB,5/6/2019,224.0,231.0,221.0,231.0,2.67,39708.0,1255.0,101.0
NBB,5/7/2019,235.0,239.0,231.0,236.0,2.16,98288.0,1255.0,101.0
NBB,5/8/2019,236.0,236.0,231.0,231.0,-2.12,18904.0,1255.0,101.0
NBB,5/9/2019,230.0,233.0,227.0,228.0,-1.3,19881.0,1255.0,101.0
NBB,5/12/2019,228.0,228.0,225.0,226.0,-0.88,14892.0,1255.0,101.0
NBB,5/13/2019,227.0,229.0,227.0,228.0,0.88,6338.0,1255.0,101.0
NBB,5/14/2019,228.0,232.0,227.0,229.0,0.44,24123.0,1255.0,101.0
NBB,5/15/2019,233.0,235.0,229.0,230.0,0.44,26908.0,1255.0,101.0
NBB,5/16/2019,231.0,231.0,227.0,228.0,-0.87,17405.0,1255.0,101.0
NBB,5/19/2019,232.0,232.0,225.0,228.0,0.0,21742.0,1255.0,101.0
NBB,5/20/2019,225.0,229.0,225.0,225.0,-1.32,34074.0,1255.0,101.0
NBB,5/21/2019,225.0,228.0,225.0,228.0,1.33,31477.0,1255.0,101.0
NBB,5/22/2019,228.0,229.0,224.0,224.0,-1.75,36034.0,1255.0,101.0
NBB,5/23/2019,228.0,228.0,225.0,225.0,0.45,15128.0,1255.0,101.0
NBB,5/26/2019,226.0,227.0,223.0,224.0,-0.44,11735.0,1255.0,101.0
NBB,5/27/2019,222.0,226.0,222.0,225.0,0.45,24428.0,1255.0,101.0
NBB,5/28/2019,225.0,226.0,224.0,224.0,-0.44,10720.0,1255.0,101.0
NBB,5/29/2019,227.0,228.0,222.0,226.0,0.89,34850.0,1255.0,101.0
NBB,5/30/2019,230.0,236.0,227.0,227.0,0.44,55238.0,1255.0,101.0
NBB,6/2/2019,227.0,228.0,224.0,225.0,-0.88,11022.0,1255.0,101.0
NBB,6/3/2019,223.0,225.0,223.0,223.0,-0.89,13331.0,1255.0,101.0
NBB,6/4/2019,227.0,227.0,222.0,223.0,0.0,15906.0,1255.0,101.0
NBB,6/6/2019,223.0,225.0,222.0,222.0,-0.45,15884.0,1255.0,101.0
NBB,6/10/2019,222.0,225.0,222.0,223.0,0.45,16138.0,1255.0,101.0
NBB,6/11/2019,223.0,226.0,223.0,225.0,0.9,13989.0,1255.0,101.0
NBB,6/12/2019,224.0,225.0,223.0,225.0,0.0,15035.0,1255.0,101.0
NBB,6/13/2019,223.0,224.0,222.0,224.0,-0.44,12763.0,1255.0,101.0
NBB,6/16/2019,223.0,224.0,218.0,222.0,-0.89,21340.0,1255.0,101.0
NBB,6/17/2019,233.0,233.0,221.0,222.0,0.0,19739.0,1255.0,101.0
NBB,6/18/2019,211.0,223.0,211.0,221.0,-0.45,12541.0,1255.0,101.0
NBB,6/19/2019,220.0,221.0,218.0,220.0,-0.45,11697.0,1255.0,101.0
NBB,6/20/2019,220.0,226.0,219.0,225.0,2.27,16482.0,1255.0,101.0
NBB,6/23/2019,224.0,224.0,220.0,221.0,-1.78,9307.0,1255.0,101.0
NBB,6/24/2019,221.0,222.0,220.0,222.0,0.45,14744.0,1255.0,101.0
NBB,6/25/2019,223.0,223.0,221.0,221.0,-0.45,19762.0,1255.0,101.0
NBB,6/26/2019,223.0,223.0,219.0,222.0,0.45,21141.0,1255.0,101.0
NBB,6/27/2019,222.0,223.0,221.0,221.0,-0.45,20316.0,1255.0,101.0
NBB,6/30/2019,225.0,225.0,219.0,220.0,-0.45,38946.0,1255.0,101.0
NBB,7/1/2019,221.0,221.0,217.0,218.0,-0.91,21504.0,1255.0,101.0
NBB,7/2/2019,228.0,228.0,218.0,221.0,1.38,12987.0,1255.0,101.0
NBB,7/3/2019,222.0,228.0,220.0,227.0,2.71,39833.0,1255.0,101.0
NBB,7/4/2019,228.0,228.0,221.0,224.0,-1.32,29446.0,1255.0,101.0
NBB,7/7/2019,235.0,235.0,220.0,222.0,-0.89,37778.0,1255.0,101.0
NBB,7/8/2019,222.0,222.0,219.0,219.0,-1.35,39469.0,1255.0,101.0
NBB,7/9/2019,219.0,222.0,218.0,218.0,-0.46,33683.0,1255.0,101.0
NBB,7/10/2019,218.0,220.0,218.0,219.0,0.46,25729.0,1255.0,101.0
NBB,7/11/2019,219.0,220.0,219.0,220.0,0.46,9502.0,1255.0,101.0
NBB,7/14/2019,221.0,222.0,219.0,219.0,-0.45,4987.0,1255.0,101.0
NBB,7/15/2019,219.0,222.0,218.0,222.0,1.37,11403.0,1255.0,101.0
NBB,7/16/2019,233.0,233.0,221.0,222.0,0.0,4942.0,1255.0,101.0
NBB,7/17/2019,224.0,226.0,222.0,225.0,1.35,9739.0,1255.0,101.0
NBB,7/18/2019,228.0,228.0,226.0,226.0,0.44,8953.0,1255.0,101.0
NBB,7/21/2019,226.0,226.0,223.0,225.0,-0.44,5510.0,1255.0,101.0
NBB,7/22/2019,225.0,227.0,225.0,227.0,0.89,16379.0,1255.0,101.0
NBB,7/23/2019,229.0,229.0,225.0,227.0,0.0,14466.0,1255.0,101.0
NBB,7/24/2019,231.0,231.0,226.0,228.0,0.44,32567.0,1255.0,101.0
NBB,7/25/2019,228.0,228.0,224.0,225.0,-1.32,36879.0,1255.0,101.0
NBB,7/28/2019,222.0,223.0,220.0,221.0,-1.78,34609.0,1255.0,101.0
NBB,7/29/2019,223.0,223.0,221.0,222.0,0.45,13814.0,1255.0,101.0
NBB,7/30/2019,222.0,225.0,222.0,223.0,0.45,15417.0,1255.0,101.0
NBB,7/31/2019,223.0,225.0,222.0,223.0,0.0,15090.0,1255.0,101.0
NBB,8/1/2019,223.0,224.0,221.0,222.0,-0.45,25601.0,1255.0,101.0
NBB,8/4/2019,220.0,222.0,219.0,220.0,-0.9,12210.0,1255.0,101.0
NBB,8/5/2019,218.0,221.0,217.0,219.0,-0.45,13279.0,1255.0,101.0
NBB,8/6/2019,219.0,220.0,217.0,219.0,0.0,20151.0,1255.0,101.0
NBB,8/7/2019,216.0,220.0,216.0,219.0,0.0,13380.0,1255.0,101.0
NBB,8/8/2019,218.0,218.0,216.0,216.0,-1.37,17686.0,1255.0,101.0
NBB,8/11/2019,217.0,218.0,215.0,218.0,0.93,21185.0,1255.0,101.0
NBB,8/12/2019,217.0,218.0,216.0,216.0,-0.92,14133.0,1255.0,101.0
NBB,8/13/2019,216.0,219.0,216.0,217.0,0.46,8117.0,1255.0,101.0
NBB,8/14/2019,217.0,217.0,216.0,217.0,0.0,18316.0,1255.0,101.0
NBB,8/15/2019,221.0,221.0,216.0,217.0,0.0,8898.0,1255.0,101.0
NBB,8/18/2019,214.0,219.0,214.0,216.0,-0.46,23792.0,1255.0,101.0
NBB,8/19/2019,215.0,219.0,215.0,218.0,0.93,27490.0,1255.0,101.0
NBB,8/20/2019,218.0,218.0,215.0,217.0,-0.46,25383.0,1255.0,101.0
NBB,8/21/2019,214.0,216.0,214.0,215.0,-0.92,17146.0,1255.0,101.0
NBB,8/22/2019,214.0,216.0,213.0,213.0,-0.93,28052.0,1255.0,101.0
NBB,8/25/2019,215.0,215.0,211.0,214.0,0.47,15936.0,1255.0,101.0
NBB,8/26/2019,213.0,214.0,211.0,212.0,-0.93,15394.0,1255.0,101.0
NBB,8/27/2019,213.0,215.0,212.0,213.0,0.47,18531.0,1255.0,101.0
NBB,8/28/2019,213.0,213.0,211.0,211.0,-0.94,9464.0,1255.0,101.0
NBB,8/29/2019,211.0,213.0,209.0,211.0,0.0,13342.0,1255.0,101.0
NBB,9/1/2019,211.0,213.0,210.0,210.0,-0.47,28661.0,1255.0,101.0
NBB,9/2/2019,209.0,210.0,208.0,208.0,-0.95,25312.0,1255.0,101.0
NBB,9/3/2019,207.0,213.0,206.0,213.0,2.4,32152.0,1255.0,101.0
NBB,9/4/2019,217.0,217.0,210.0,216.0,1.41,18615.0,1255.0,101.0
NBB,9/5/2019,216.0,216.0,213.0,213.0,-1.39,24710.0,1255.0,101.0
NBB,9/8/2019,211.0,213.0,210.0,211.0,-0.94,27246.0,1255.0,101.0
NBB,9/9/2019,211.0,211.0,208.0,209.0,-0.95,36955.0,1255.0,101.0
NBB,9/10/2019,209.0,211.0,207.0,208.0,-0.48,18894.0,1255.0,101.0
NBB,9/11/2019,207.0,209.0,207.0,208.0,0.0,9044.0,1255.0,101.0
NBB,9/12/2019,207.0,210.0,207.0,210.0,0.96,22584.0,1255.0,101.0
NBB,9/15/2019,209.0,209.0,206.0,207.0,-1.43,18379.0,1255.0,101.0
NBB,9/16/2019,208.0,209.0,205.0,208.0,0.48,24723.0,1255.0,101.0
NBB,9/17/2019,208.0,213.0,208.0,213.0,2.4,15221.0,1255.0,101.0
NBB,9/18/2019,216.0,217.0,211.0,213.0,0.0,17754.0,1255.0,101.0
NBB,9/19/2019,214.0,215.0,211.0,213.0,0.0,6459.0,1255.0,101.0
NBB,9/22/2019,210.0,210.0,208.0,208.0,-2.35,14438.0,1255.0,101.0
NBB,9/23/2019,208.0,210.0,207.0,210.0,0.96,28546.0,1255.0,101.0
NBB,9/24/2019,210.0,210.0,207.0,210.0,0.0,17862.0,1255.0,101.0
NBB,9/25/2019,209.0,209.0,206.0,208.0,-0.95,14959.0,1255.0,101.0
NBB,9/26/2019,207.0,209.0,206.0,206.0,-0.96,11494.0,1255.0,101.0
NBB,9/29/2019,207.0,207.0,204.0,205.0,-0.49,14442.0,1255.0,101.0
NBB,9/30/2019,206.0,210.0,205.0,210.0,2.44,10388.0,1255.0,101.0
NBB,10/1/2019,211.0,213.0,207.0,211.0,0.48,14714.0,1255.0,101.0
NBB,10/2/2019,211.0,211.0,209.0,210.0,-0.47,13394.0,1255.0,101.0
NBB,10/3/2019,210.0,212.0,209.0,211.0,0.48,6988.0,1255.0,101.0
NBB,10/10/2019,210.0,210.0,209.0,210.0,-0.47,778.0,1255.0,101.0
NBB,10/14/2019,214.0,214.0,207.0,210.0,0.0,10365.0,1255.0,101.0
NBB,10/15/2019,210.0,211.0,210.0,211.0,0.48,4788.0,1255.0,101.0
NBB,10/16/2019,212.0,213.0,210.0,213.0,0.95,19569.0,1255.0,101.0
NBB,10/17/2019,213.0,213.0,209.0,211.0,-0.94,12260.0,1255.0,101.0
NBB,10/20/2019,211.0,212.0,210.0,210.0,-0.47,5568.0,1255.0,101.0
NBB,10/21/2019,210.0,211.0,209.0,210.0,0.0,11324.0,1255.0,101.0
NBB,10/22/2019,213.0,213.0,210.0,211.0,0.48,12827.0,1255.0,101.0
NBB,10/23/2019,210.0,214.0,210.0,211.0,0.0,6010.0,1255.0,101.0
NBB,10/24/2019,215.0,215.0,213.0,213.0,0.95,11221.0,1255.0,101.0
NBB,10/31/2019,213.0,213.0,209.0,211.0,-0.94,12390.0,1255.0,101.0
NBB,11/3/2019,210.0,211.0,208.0,210.0,-0.47,19194.0,1255.0,101.0
NBB,11/4/2019,210.0,210.0,206.0,207.0,-1.43,12020.0,1255.0,101.0
NBB,11/5/2019,207.0,207.0,205.0,206.0,-0.48,11853.0,1255.0,101.0
NBB,11/6/2019,207.0,207.0,205.0,207.0,0.49,12821.0,1255.0,101.0
NBB,11/7/2019,208.0,208.0,206.0,206.0,-0.48,8187.0,1255.0,101.0
NBB,11/10/2019,206.0,206.0,203.0,205.0,-0.49,9837.0,1255.0,101.0
NBB,11/11/2019,205.0,209.0,202.0,205.0,0.0,22461.0,1255.0,101.0
NBB,11/12/2019,204.0,205.0,202.0,205.0,0.0,13156.0,1255.0,101.0
NBB,11/13/2019,203.0,205.0,202.0,205.0,0.0,4818.0,1255.0,101.0
NBB,11/14/2019,205.0,205.0,201.0,205.0,0.0,12132.0,1255.0,101.0
NBB,11/17/2019,208.0,208.0,204.0,206.0,0.49,11093.0,1255.0,101.0
NBB,11/18/2019,206.0,206.0,204.0,205.0,-0.49,8821.0,1255.0,101.0
NBB,11/19/2019,204.0,206.0,204.0,206.0,0.49,4209.0,1255.0,101.0
NBB,11/20/2019,208.0,208.0,203.0,203.0,-1.46,4670.0,1255.0,101.0
NBB,11/21/2019,202.0,205.0,201.0,202.0,-0.49,14406.0,1255.0,101.0
NBB,11/24/2019,201.0,201.0,198.0,198.0,-1.98,15016.0,1255.0,101.0
NBB,11/25/2019,197.0,200.0,197.0,198.0,0.0,8277.0,1255.0,101.0
NBB,11/26/2019,199.0,200.0,199.0,200.0,1.01,10370.0,1255.0,101.0
NBB,11/27/2019,200.0,202.0,200.0,201.0,0.5,6264.0,1255.0,101.0
NBB,11/28/2019,205.0,205.0,199.0,199.0,-1.0,20792.0,1255.0,101.0
NBB,12/1/2019,200.0,200.0,198.0,198.0,-0.5,12481.0,1255.0,101.0
NBB,12/2/2019,198.0,200.0,198.0,200.0,1.01,8921.0,1255.0,101.0
NBB,12/3/2019,200.0,200.0,199.0,200.0,0.0,8335.0,1255.0,101.0
NBB,12/4/2019,201.0,201.0,199.0,201.0,0.5,15844.0,1255.0,101.0
NBB,12/5/2019,202.0,202.0,199.0,200.0,-0.5,45074.0,1255.0,101.0
NBB,12/8/2019,202.0,202.0,199.0,200.0,0.0,8784.0,1255.0,101.0
NBB,12/9/2019,200.0,203.0,199.0,201.0,0.5,24676.0,1255.0,101.0
NBB,12/10/2019,205.0,206.0,202.0,202.0,0.5,16624.0,1255.0,101.0
NBB,12/11/2019,202.0,207.0,202.0,205.0,1.49,51633.0,1255.0,101.0
NBB,12/12/2019,201.0,204.0,191.0,194.0,-5.37,26611.0,1255.0,101.0
NBB,12/15/2019,195.0,197.0,192.0,193.0,-0.52,25283.0,1255.0,101.0
NBB,12/16/2019,194.0,194.0,190.0,191.0,-1.04,10996.0,1255.0,101.0
NBB,12/17/2019,191.0,192.0,188.0,190.0,-0.52,4316.0,1255.0,101.0
NBB,12/18/2019,190.0,190.0,188.0,188.0,-1.05,9579.0,1255.0,101.0
NBB,12/19/2019,190.0,190.0,187.0,189.0,0.53,5922.0,1255.0,101.0
NBB,12/22/2019,187.0,187.0,185.0,187.0,-1.06,12983.0,1255.0,101.0
NBB,12/23/2019,190.0,190.0,185.0,189.0,1.07,13276.0,1255.0,101.0
NBB,12/24/2019,190.0,191.0,188.0,190.0,0.53,7560.0,1255.0,101.0
NBB,12/25/2019,190.0,190.0,187.0,188.0,-1.05,3443.0,1255.0,101.0
NBB,12/26/2019,188.0,188.0,186.0,187.0,-0.53,3866.0,1255.0,101.0
NBB,12/29/2019,187.0,187.0,186.0,187.0,0.0,7351.0,1255.0,101.0
NBB,12/30/2019,185.0,186.0,184.0,185.0,-1.07,16037.0,1255.0,101.0
NBB,12/31/2019,185.0,189.0,185.0,185.0,0.0,9286.0,1255.0,101.0
NBB,1/1/2020,185.0,187.0,185.0,186.0,0.54,4493.0,1255.0,101.0
NBB,1/2/2020,185.0,189.0,185.0,188.0,1.08,12907.0,1255.0,101.0
NBB,1/5/2020,190.0,194.0,189.0,192.0,2.13,41070.0,1255.0,101.0
NBB,1/6/2020,195.0,198.0,192.0,196.0,2.08,39180.0,1255.0,101.0
NBB,1/7/2020,199.0,201.0,196.0,201.0,2.55,54851.0,1255.0,101.0
NBB,1/8/2020,198.0,202.0,196.0,196.0,-2.49,38388.0,1255.0,101.0
NBB,1/9/2020,196.0,199.0,196.0,198.0,1.02,40174.0,1255.0,101.0
NBB,1/12/2020,200.0,204.0,198.0,204.0,3.03,60404.0,1255.0,101.0
NBB,1/13/2020,208.0,210.0,201.0,203.0,-0.49,49253.0,1255.0,101.0
NBB,1/14/2020,201.0,204.0,199.0,203.0,0.0,16530.0,1255.0,101.0
NBB,1/15/2020,205.0,211.0,204.0,209.0,2.96,21019.0,1255.0,101.0
NBB,1/16/2020,212.0,214.0,208.0,214.0,2.39,72608.0,1255.0,101.0
NBB,1/19/2020,217.0,218.0,213.0,215.0,0.47,57120.0,1255.0,101.0
NBB,1/20/2020,217.0,219.0,204.0,206.0,-4.19,53312.0,1255.0,101.0
NBB,1/21/2020,206.0,210.0,204.0,206.0,0.0,25689.0,1255.0,101.0
NBB,1/22/2020,205.0,206.0,203.0,203.0,-1.46,13745.0,1255.0,101.0
NBB,1/23/2020,203.0,205.0,200.0,201.0,-0.99,20883.0,1255.0,101.0
NBB,1/26/2020,197.0,199.0,194.0,195.0,-2.99,31218.0,1255.0,101.0
NBB,1/27/2020,196.0,202.0,195.0,201.0,3.08,14465.0,1255.0,101.0
NBB,1/28/2020,200.0,206.0,200.0,201.0,0.0,12912.0,1255.0,101.0
NBB,1/29/2020,201.0,202.0,198.0,200.0,-0.5,16087.0,1255.0,101.0
NBB,1/30/2020,199.0,207.0,199.0,204.0,2.0,30629.0,1255.0,101.0
NBB,2/2/2020,208.0,216.0,207.0,214.0,4.9,94588.0,1255.0,101.0
NBB,2/3/2020,217.0,217.0,211.0,213.0,-0.47,37701.0,1255.0,101.0
NBB,2/4/2020,213.0,213.0,206.0,208.0,-2.35,29032.0,1255.0,101.0
NBB,2/5/2020,211.0,211.0,207.0,208.0,0.0,27174.0,1255.0,101.0
NBB,2/6/2020,208.0,211.0,208.0,209.0,0.48,29654.0,1255.0,101.0
NBB,2/9/2020,207.0,207.0,205.0,205.0,-1.91,14679.0,1255.0,101.0
NBB,2/10/2020,203.0,208.0,203.0,207.0,0.98,18708.0,1255.0,101.0
NBB,2/11/2020,209.0,212.0,208.0,210.0,1.45,48558.0,1255.0,101.0
NBB,2/12/2020,209.0,210.0,206.0,206.0,-1.9,22704.0,1255.0,101.0
NBB,2/13/2020,205.0,206.0,204.0,204.0,-0.97,32956.0,1255.0,101.0
NBB,2/16/2020,205.0,206.0,202.0,206.0,0.98,66429.0,1255.0,101.0
NBB,2/17/2020,208.0,216.0,208.0,211.0,2.43,81406.0,1255.0,101.0
NBB,2/18/2020,215.0,219.0,208.0,212.0,0.47,57254.0,1255.0,101.0
NBB,2/19/2020,211.0,213.0,209.0,212.0,0.0,37623.0,1255.0,101.0
NBB,2/20/2020,210.0,212.0,209.0,211.0,-0.47,47142.0,1255.0,101.0
NBB,2/23/2020,214.0,232.0,211.0,224.0,6.16,173928.0,1255.0,101.0
NBB,2/24/2020,227.0,233.0,224.0,225.0,0.45,205595.0,1255.0,101.0
NBB,2/25/2020,228.0,229.0,219.0,226.0,0.44,95654.0,1255.0,101.0
NBB,2/26/2020,230.0,237.0,225.0,232.0,2.65,121177.0,1255.0,101.0
NBB,2/27/2020,230.0,250.0,224.0,250.0,7.76,193954.0,1255.0,101.0
NBB,3/1/2020,255.0,270.0,248.0,250.0,0.0,293863.0,1255.0,101.0
NBB,3/2/2020,249.0,250.0,231.0,231.0,-7.6,101131.0,1255.0,101.0
NBB,3/3/2020,231.0,249.0,219.0,237.0,2.6,127606.0,1255.0,101.0
NBB,3/4/2020,237.0,241.0,224.0,226.0,-4.64,148913.0,1255.0,101.0
NBB,3/5/2020,229.0,233.0,219.0,222.0,-1.77,97387.0,1255.0,101.0
NBB,3/10/2020,219.0,219.0,210.0,212.0,-4.5,25449.0,1255.0,101.0
NBB,3/11/2020,214.0,224.0,210.0,224.0,5.66,89797.0,1255.0,101.0
NBB,3/12/2020,221.0,226.0,212.0,215.0,-4.02,90423.0,1255.0,101.0
NBB,3/15/2020,213.0,214.0,205.0,205.0,-4.65,107267.0,1255.0,101.0
NBB,3/16/2020,205.0,212.0,201.0,206.0,0.49,86011.0,1255.0,101.0
NBB,3/17/2020,204.0,204.0,198.0,200.0,-2.91,87528.0,1255.0,101.0
NBB,3/18/2020,198.0,201.0,194.0,198.0,-1.0,76379.0,1255.0,101.0
NBB,3/19/2020,195.0,203.0,191.0,199.0,0.51,73097.0,1255.0,101.0
NBB,3/22/2020,202.0,203.0,194.0,197.0,-1.01,2912.0,1255.0,101.0
NBB,5/12/2020,194.0,194.0,192.0,192.0,-2.54,58.0,1255.0,101.0
NBB,5/13/2020,189.0,189.0,187.0,187.0,-2.6,30.0,1255.0,101.0
NBB,6/29/2020,184.0,184.0,169.0,178.0,-4.81,21932.0,1255.0,101.0
NBB,6/30/2020,180.0,189.0,180.0,189.0,6.18,2420.0,1255.0,101.0
NBB,7/1/2020,189.0,205.0,189.0,205.0,8.47,2440.0,1255.0,101.0
NBB,7/2/2020,205.0,210.0,185.0,185.0,-9.76,10827.0,1255.0,101.0
NBB,7/5/2020,185.0,194.0,184.0,185.0,0.0,28249.0,1255.0,101.0
NBB,7/6/2020,183.0,190.0,183.0,190.0,2.7,33542.0,1255.0,101.0
NBB,7/7/2020,193.0,204.0,193.0,198.0,4.21,34226.0,1255.0,101.0
NBB,7/8/2020,197.0,200.0,192.0,198.0,0.0,16807.0,1255.0,101.0
NBB,7/9/2020,199.0,199.0,194.0,198.0,0.0,15955.0,1255.0,101.0
NBB,7/12/2020,199.0,201.0,195.0,198.0,0.0,22814.0,1255.0,101.0
NBB,7/13/2020,197.0,198.0,194.0,198.0,0.0,28773.0,1255.0,101.0
NBB,7/14/2020,196.0,197.0,193.0,195.0,-1.52,17050.0,1255.0,101.0
NBB,7/15/2020,197.0,209.0,195.0,209.0,7.18,73393.0,1255.0,101.0
NBB,7/16/2020,205.0,214.0,203.0,213.0,1.91,35117.0,1255.0,101.0
NBB,7/19/2020,217.0,221.0,217.0,221.0,3.76,20.0,1255.0,101.0
NBB,7/20/2020,232.0,243.0,215.0,218.0,-1.36,99565.0,1255.0,101.0
NBB,7/21/2020,218.0,221.0,213.0,215.0,-1.38,112524.0,1255.0,101.0
NBB,7/22/2020,215.0,218.0,209.0,209.0,-2.79,46206.0,1255.0,101.0
NBB,7/23/2020,213.0,213.0,206.0,210.0,0.48,33539.0,1255.0,101.0
NBB,7/26/2020,211.0,217.0,210.0,216.0,2.86,49395.0,1255.0,101.0
NBB,7/27/2020,217.0,218.0,211.0,214.0,-0.93,62732.0,1255.0,101.0
NBB,7/28/2020,212.0,213.0,209.0,212.0,-0.93,41688.0,1255.0,101.0
NBB,7/29/2020,210.0,211.0,207.0,210.0,-0.94,37976.0,1255.0,101.0
NBB,7/30/2020,210.0,211.0,207.0,208.0,-0.95,19447.0,1255.0,101.0
NBB,8/2/2020,205.0,207.0,200.0,201.0,-3.37,42954.0,1255.0,101.0
NBB,8/3/2020,198.0,204.0,198.0,200.0,-0.5,30530.0,1255.0,101.0
NBB,8/5/2020,200.0,200.0,196.0,198.0,-1.0,39297.0,1255.0,101.0
NBB,8/6/2020,200.0,200.0,195.0,196.0,-1.01,24894.0,1255.0,101.0
NBB,8/9/2020,194.0,202.0,194.0,200.0,2.04,22259.0,1255.0,101.0
NBB,8/10/2020,204.0,209.0,201.0,208.0,4.0,37234.0,1255.0,101.0
NBB,8/11/2020,210.0,210.0,202.0,203.0,-2.4,27980.0,1255.0,101.0
NBB,8/12/2020,204.0,209.0,200.0,209.0,2.96,31207.0,1255.0,101.0
NBB,8/13/2020,205.0,205.0,201.0,203.0,-2.87,29904.0,1255.0,101.0
NBB,8/16/2020,199.0,199.0,193.0,197.0,-2.96,63253.0,1255.0,101.0
NBB,8/17/2020,199.0,199.0,195.0,198.0,0.51,20858.0,1255.0,101.0
NBB,8/18/2020,200.0,201.0,195.0,195.0,-1.52,33727.0,1255.0,101.0
NBB,8/19/2020,194.0,195.0,192.0,193.0,-1.03,32143.0,1255.0,101.0
NBB,8/20/2020,190.0,195.0,190.0,193.0,0.0,14568.0,1255.0,101.0
NBB,8/23/2020,193.0,196.0,193.0,195.0,1.04,13709.0,1255.0,101.0
NBB,8/24/2020,197.0,199.0,196.0,198.0,1.54,28479.0,1255.0,101.0
NBB,8/25/2020,198.0,198.0,196.0,197.0,-0.51,34856.0,1255.0,101.0
NBB,8/26/2020,200.0,208.0,197.0,199.0,1.02,67334.0,1255.0,101.0
NBB,8/27/2020,202.0,205.0,198.0,201.0,1.01,46956.0,1255.0,101.0
NBB,8/30/2020,200.0,200.0,197.0,199.0,-1.0,17179.0,1255.0,101.0
NBB,8/31/2020,197.0,202.0,196.0,199.0,0.0,71719.0,1255.0,101.0
NBB,9/2/2020,202.0,204.0,200.0,201.0,1.01,76080.0,1255.0,101.0
NBB,9/3/2020,205.0,205.0,200.0,200.0,-0.5,46628.0,1255.0,101.0
NBB,9/6/2020,210.0,210.0,200.0,201.0,0.5,77720.0,1255.0,101.0
NBB,9/7/2020,203.0,203.0,197.0,198.0,-1.49,43272.0,1255.0,101.0
NBB,9/8/2020,197.0,200.0,196.0,199.0,0.51,29774.0,1255.0,101.0
NBB,9/9/2020,200.0,201.0,197.0,198.0,-0.5,37785.0,1255.0,101.0
NBB,9/10/2020,200.0,201.0,197.0,197.0,-0.51,20899.0,1255.0,101.0
NBB,9/13/2020,197.0,203.0,197.0,199.0,1.02,54759.0,1255.0,101.0
NBB,9/14/2020,199.0,205.0,199.0,202.0,1.51,84416.0,1255.0,101.0
NBB,9/15/2020,205.0,207.0,202.0,204.0,0.99,61373.0,1255.0,101.0
NBB,9/16/2020,204.0,204.0,201.0,203.0,-0.49,24977.0,1255.0,101.0
NBB,9/17/2020,204.0,212.0,201.0,211.0,3.94,140126.0,1255.0,101.0
NBB,9/20/2020,215.0,220.0,212.0,216.0,2.37,93490.0,1255.0,101.0
NBB,9/21/2020,214.0,216.0,208.0,212.0,-1.85,75415.0,1255.0,101.0
NBB,9/22/2020,222.0,222.0,204.0,206.0,-2.83,113173.0,1255.0,101.0
NBB,9/23/2020,196.0,211.0,196.0,209.0,1.46,91445.0,1255.0,101.0
NBB,9/24/2020,211.0,211.0,206.0,207.0,-0.96,49079.0,1255.0,101.0
NBB,9/27/2020,217.0,217.0,207.0,214.0,3.38,116648.0,1255.0,101.0
NBB,9/28/2020,215.0,217.0,212.0,213.0,-0.47,72463.0,1255.0,101.0
NBB,9/29/2020,215.0,215.0,210.0,212.0,-0.47,40600.0,1255.0,101.0
NBB,9/30/2020,212.0,215.0,209.0,212.0,0.0,50561.0,1255.0,101.0
NBB,10/1/2020,202.0,221.0,202.0,220.0,3.77,224691.0,1255.0,101.0
NBB,10/4/2020,231.0,231.0,219.0,226.0,2.73,169768.0,1255.0,101.0
NBB,10/5/2020,228.0,229.0,222.0,224.0,-0.88,75374.0,1255.0,101.0
NBB,10/6/2020,235.0,235.0,221.0,223.0,-0.45,54819.0,1255.0,101.0
NBB,10/7/2020,220.0,230.0,220.0,226.0,1.35,89037.0,1255.0,101.0
NBB,10/8/2020,227.0,229.0,222.0,223.0,-1.33,88670.0,1255.0,101.0
NBB,10/11/2020,223.0,223.0,217.0,219.0,-1.79,74452.0,1255.0,101.0
NBB,10/12/2020,217.0,220.0,215.0,220.0,0.46,53428.0,1255.0,101.0
NBB,10/13/2020,222.0,222.0,216.0,217.0,-1.36,52670.0,1255.0,101.0
NBB,10/14/2020,216.0,217.0,214.0,215.0,-0.92,43988.0,1255.0,101.0
NBB,10/15/2020,218.0,219.0,213.0,216.0,0.47,57134.0,1255.0,101.0
NBB,10/18/2020,217.0,217.0,214.0,215.0,-0.46,27358.0,1255.0,101.0
NBB,10/19/2020,215.0,218.0,214.0,217.0,0.93,36777.0,1255.0,101.0
NBB,10/20/2020,218.0,221.0,217.0,219.0,0.92,32871.0,1255.0,101.0
NBB,10/21/2020,222.0,223.0,219.0,223.0,1.83,62648.0,1255.0,101.0
NBB,10/22/2020,234.0,234.0,221.0,226.0,1.35,116443.0,1255.0,101.0
NBB,10/28/2020,230.0,240.0,228.0,240.0,6.19,215330.0,1255.0,101.0
NBB,10/29/2020,236.0,248.0,234.0,236.0,-1.67,180653.0,1255.0,101.0
NBB,11/1/2020,247.0,247.0,229.0,230.0,-2.54,122680.0,1255.0,101.0
NBB,11/2/2020,229.0,232.0,227.0,229.0,-0.43,88280.0,1255.0,101.0
NBB,11/3/2020,228.0,231.0,226.0,227.0,-0.87,68041.0,1255.0,101.0
NBB,11/4/2020,216.0,232.0,216.0,227.0,0.0,92159.0,1255.0,101.0
NBB,11/5/2020,238.0,238.0,225.0,227.0,0.0,58083.0,1255.0,101.0
NBB,11/8/2020,229.0,229.0,226.0,227.0,0.0,61668.0,1255.0,101.0
NBB,11/9/2020,230.0,230.0,225.0,225.0,-0.88,107417.0,1255.0,101.0
NBB,11/10/2020,225.0,228.0,225.0,227.0,0.89,77610.0,1255.0,101.0
NBB,11/11/2020,229.0,230.0,228.0,230.0,1.32,59274.0,1255.0,101.0
NBB,11/12/2020,234.0,235.0,230.0,231.0,0.43,112253.0,1255.0,101.0
NBB,11/18/2020,240.0,240.0,234.0,238.0,3.03,223998.0,1255.0,101.0
NBB,11/19/2020,238.0,243.0,238.0,240.0,0.84,205091.0,1255.0,101.0
NBB,11/22/2020,245.0,249.0,241.0,243.0,1.25,217285.0,1255.0,101.0
NBB,11/23/2020,247.0,248.0,243.0,243.0,0.0,181779.0,1255.0,101.0
NBB,11/24/2020,245.0,246.0,242.0,244.0,0.41,113632.0,1255.0,101.0
NBB,11/25/2020,248.0,249.0,243.0,249.0,2.05,180412.0,1255.0,101.0
NBB,11/26/2020,249.0,265.0,249.0,263.0,5.62,408036.0,1255.0,101.0
NBB,11/29/2020,266.0,289.0,266.0,289.0,9.89,221631.0,1255.0,101.0
NBB,11/30/2020,303.0,317.0,303.0,317.0,9.69,1056517.0,1255.0,101.0
NBB,12/1/2020,317.0,330.0,293.0,299.0,-5.68,830433.0,1255.0,101.0
NBB,12/2/2020,313.0,313.0,280.0,289.0,-3.34,424549.0,1255.0,101.0
NBB,12/3/2020,294.0,294.0,278.0,281.0,-2.77,270385.0,1255.0,101.0
NBB,12/6/2020,281.0,281.0,262.0,262.0,-6.76,226286.0,1255.0,101.0
NBB,12/7/2020,275.0,275.0,253.0,265.0,1.15,185495.0,1255.0,101.0
NBB,12/8/2020,278.0,278.0,262.0,263.0,-0.75,125729.0,1255.0,101.0
NBB,12/9/2020,265.0,269.0,258.0,259.0,-1.52,156691.0,1255.0,101.0
NBB,12/10/2020,260.0,264.0,255.0,260.0,0.39,107269.0,1255.0,101.0
NBB,12/13/2020,273.0,280.0,261.0,278.0,6.92,146173.0,1255.0,101.0
NBB,12/14/2020,283.0,289.0,274.0,275.0,-1.08,214005.0,1255.0,101.0
NBB,12/15/2020,285.0,285.0,269.0,270.0,-1.82,126768.0,1255.0,101.0
NBB,12/16/2020,283.0,283.0,266.0,273.0,1.11,86830.0,1255.0,101.0
NBB,12/17/2020,286.0,286.0,267.0,269.0,-1.47,114652.0,1255.0,101.0
NBB,12/20/2020,265.0,270.0,258.0,261.0,-2.97,167629.0,1255.0,101.0
NBB,12/21/2020,258.0,262.0,243.0,259.0,-0.77,158450.0,1255.0,101.0
NBB,12/22/2020,264.0,280.0,261.0,269.0,3.86,175913.0,1255.0,101.0
NBB,12/23/2020,282.0,282.0,267.0,268.0,-0.37,142239.0,1255.0,101.0
NBB,12/24/2020,280.0,280.0,263.0,265.0,-1.12,154353.0,1255.0,101.0
NBB,12/27/2020,262.0,262.0,246.0,247.0,-6.79,88404.0,1255.0,101.0
NBB,12/28/2020,243.0,255.0,243.0,247.0,0.0,52788.0,1255.0,101.0
NBB,12/29/2020,250.0,251.0,243.0,245.0,-0.81,73294.0,1255.0,101.0
NBB,12/30/2020,249.0,249.0,241.0,246.0,0.41,127962.0,1255.0,101.0
NBB,12/31/2020,243.0,259.0,243.0,253.0,2.85,150906.0,1255.0,101.0
NBB,1/3/2021,256.0,274.0,256.0,267.0,5.53,223195.0,1255.0,101.0
NBB,1/4/2021,271.0,279.0,268.0,270.0,1.12,171190.0,1255.0,101.0
NBB,1/5/2021,270.0,271.0,263.0,266.0,-1.48,80311.0,1255.0,101.0
NBB,1/6/2021,262.0,272.0,262.0,269.0,1.13,83153.0,1255.0,101.0
NBB,1/7/2021,260.0,275.0,260.0,269.0,0.0,169848.0,1255.0,101.0
NBB,1/10/2021,282.0,284.0,272.0,282.0,4.83,327937.0,1255.0,101.0
NBB,1/11/2021,290.0,295.0,277.0,280.0,-0.71,199649.0,1255.0,101.0
NBB,1/12/2021,282.0,285.0,275.0,280.0,0.0,120213.0,1255.0,101.0
NBB,1/13/2021,284.0,288.0,280.0,282.0,0.71,137614.0,1255.0,101.0
NBB,1/17/2021,287.0,305.0,284.0,303.0,7.45,531764.0,1255.0,101.0
NBB,1/18/2021,307.0,310.0,298.0,299.0,-1.32,192749.0,1255.0,101.0
NBB,1/19/2021,303.0,310.0,291.0,295.0,-1.34,178441.0,1255.0,101.0
NBB,1/20/2021,295.0,300.0,293.0,298.0,1.02,187324.0,1255.0,101.0
NBB,1/21/2021,303.0,306.0,296.0,300.0,0.67,389926.0,1255.0,101.0
NBB,1/24/2021,300.0,306.0,298.0,304.0,1.33,258068.0,1255.0,101.0
NBB,1/25/2021,306.0,309.0,299.0,309.0,1.64,437867.0,1255.0,101.0
NBB,1/26/2021,311.0,311.0,303.0,304.0,-1.62,194399.0,1255.0,101.0
NBB,1/27/2021,304.0,304.0,298.0,299.0,-1.64,206083.0,1255.0,101.0
NBB,1/28/2021,300.0,303.0,288.0,288.0,-3.68,256300.0,1255.0,101.0
NBB,1/31/2021,288.0,295.0,278.0,287.0,-0.35,165467.0,1255.0,101.0
NBB,2/1/2021,290.0,292.0,285.0,288.0,0.35,135562.0,1255.0,101.0
NBB,2/2/2021,302.0,302.0,285.0,293.0,1.74,138191.0,1255.0,101.0
NBB,2/3/2021,295.0,301.0,290.0,296.0,1.02,258282.0,1255.0,101.0
NBB,2/4/2021,310.0,310.0,290.0,292.0,-1.35,88045.0,1255.0,101.0
NBB,2/7/2021,278.0,301.0,278.0,292.0,0.0,125898.0,1255.0,101.0
NBB,2/8/2021,300.0,306.0,292.0,306.0,4.79,366171.0,1255.0,101.0
NBB,2/9/2021,310.0,314.0,298.0,299.0,-2.29,198443.0,1255.0,101.0
NBB,2/10/2021,304.0,308.0,296.0,307.0,2.68,190128.0,1255.0,101.0
NBB,2/11/2021,309.0,313.0,306.0,306.0,-0.33,235224.0,1255.0,101.0
NBB,2/14/2021,309.0,310.0,302.0,304.0,-0.65,150333.0,1255.0,101.0
NBB,2/15/2021,310.0,316.0,306.0,310.0,1.97,171178.0,1255.0,101.0
NBB,2/16/2021,311.0,319.0,310.0,314.0,1.29,315684.0,1255.0,101.0
NBB,2/17/2021,314.0,329.0,312.0,327.0,4.14,372291.0,1255.0,101.0
NBB,2/18/2021,343.0,343.0,325.0,329.0,0.61,301070.0,1255.0,101.0
NBB,2/21/2021,335.0,340.0,325.0,325.0,-1.22,338764.0,1255.0,101.0
NBB,2/22/2021,328.0,330.0,314.0,317.0,-2.46,277376.0,1255.0,101.0
NBB,2/23/2021,321.0,321.0,305.0,316.0,-0.32,212570.0,1255.0,101.0
NBB,2/24/2021,321.0,330.0,316.0,322.0,1.9,229300.0,1255.0,101.0
NBB,2/25/2021,322.0,326.0,313.0,315.0,-2.17,160640.0,1255.0,101.0
NBB,2/28/2021,315.0,315.0,303.0,306.0,-2.86,206205.0,1255.0,101.0
NBB,3/1/2021,320.0,320.0,298.0,309.0,0.98,167550.0,1255.0,101.0
NBB,3/2/2021,312.0,313.0,300.0,301.0,-2.59,156640.0,1255.0,101.0
NBB,3/3/2021,298.0,302.0,295.0,296.0,-1.66,133935.0,1255.0,101.0
NBB,3/4/2021,301.0,309.0,300.0,307.0,3.72,129749.0,1255.0,101.0
NBB,3/7/2021,309.0,310.0,302.0,308.0,0.33,118658.0,1255.0,101.0
NBB,3/9/2021,310.0,310.0,300.0,305.0,-0.97,81119.0,1255.0,101.0
NBB,3/10/2021,300.0,306.0,300.0,304.0,-0.33,47492.0,1255.0,101.0
NBB,3/14/2021,305.0,305.0,297.0,298.0,-1.97,115951.0,1255.0,101.0
NBB,3/15/2021,295.0,301.0,293.0,298.0,0.0,135304.0,1255.0,101.0
NBB,3/16/2021,302.0,307.0,296.0,302.0,1.34,110373.0,1255.0,101.0
NBB,3/17/2021,317.0,323.0,300.0,318.0,5.3,327733.0,1255.0,101.0
NBB,3/18/2021,324.0,349.0,324.0,349.0,9.75,2234273.0,1255.0,101.0
NBB,3/21/2021,349.0,360.0,325.0,355.0,1.72,1152372.0,1255.0,101.0
NBB,3/22/2021,355.0,367.0,350.0,353.0,-0.56,877034.0,1255.0,101.0
NBB,3/23/2021,350.0,371.0,347.0,369.0,4.53,795663.0,1255.0,101.0
NBB,3/24/2021,380.0,393.0,366.0,391.0,5.96,901451.0,1255.0,101.0
NBB,3/25/2021,405.0,405.0,365.0,367.0,-6.14,610314.0,1255.0,101.0
NBB,3/29/2021,367.0,378.0,356.0,363.0,-1.09,400001.0,1255.0,101.0
NBB,3/30/2021,381.0,381.0,361.0,368.0,1.38,245154.0,1255.0,101.0
NBB,3/31/2021,370.0,376.0,369.0,373.0,1.36,251916.0,1255.0,101.0
NBB,4/1/2021,391.0,391.0,369.0,377.0,1.07,407036.0,1255.0,101.0
NBB,4/4/2021,377.0,385.0,370.0,371.0,-1.59,259066.0,1255.0,101.0
NBB,4/5/2021,371.0,375.0,365.0,369.0,-0.54,308061.0,1255.0,101.0
NBB,4/6/2021,375.0,375.0,365.0,366.0,-0.81,175962.0,1255.0,101.0
NBB,4/7/2021,370.0,372.0,364.0,367.0,0.27,224799.0,1255.0,101.0
NBB,4/8/2021,368.0,371.0,367.0,368.0,0.27,198168.0,1255.0,101.0
NBB,4/12/2021,386.0,386.0,365.0,379.0,2.99,249394.0,1255.0,101.0
NBB,4/13/2021,385.0,392.0,376.0,392.0,3.43,476248.0,1255.0,101.0
NBB,4/15/2021,399.0,410.0,394.0,403.0,2.81,615629.0,1255.0,101.0
NBB,4/18/2021,413.0,413.0,390.0,390.0,-3.23,266269.0,1255.0,101.0
NBB,4/19/2021,390.0,397.0,380.0,384.0,-1.54,157517.0,1255.0,101.0
NBB,4/20/2021,386.0,387.0,378.0,382.0,-0.52,156998.0,1255.0,101.0
NBB,4/21/2021,401.0,401.0,375.0,377.0,-1.31,128571.0,1255.0,101.0
NBB,4/22/2021,377.0,396.0,376.0,386.0,2.39,258087.0,1255.0,101.0
NBB,4/25/2021,390.0,390.0,365.0,368.0,-4.66,173179.0,1255.0,101.0
NBB,4/26/2021,365.0,370.0,358.0,359.0,-2.45,161041.0,1255.0,101.0
NBB,4/27/2021,365.0,378.0,360.0,374.0,4.18,226723.0,1255.0,101.0
NBB,4/28/2021,376.0,378.0,372.0,377.0,0.8,108284.0,1255.0,101.0
NBB,4/29/2021,380.0,384.0,373.0,379.0,0.53,226070.0,1255.0,101.0
NBB,5/2/2021,390.0,390.0,379.0,380.0,0.26,267368.0,1255.0,101.0
NBB,5/3/2021,387.0,388.0,378.0,379.0,-0.26,165820.0,1255.0,101.0
NBB,5/4/2021,379.0,383.0,377.0,380.0,0.26,160277.0,1255.0,101.0
NBB,5/5/2021,380.0,383.0,377.0,378.0,-0.53,74020.0,1255.0,101.0
NBB,5/6/2021,373.0,379.0,373.0,376.0,-0.53,116197.0,1255.0,101.0
NBB,5/9/2021,375.0,380.0,371.0,376.0,0.0,173830.0,1255.0,101.0
NBB,5/10/2021,379.0,379.0,372.0,375.0,-0.27,65137.0,1255.0,101.0
NBB,5/11/2021,376.0,379.0,370.0,373.0,-0.53,72507.0,1255.0,101.0
NBB,5/12/2021,390.0,390.0,370.0,371.0,-0.54,59833.0,1255.0,101.0
NBB,5/13/2021,371.0,378.0,371.0,375.0,1.08,88057.0,1255.0,101.0
NBB,5/16/2021,381.0,389.0,377.0,382.0,1.87,186415.0,1255.0,101.0
NBB,5/17/2021,385.0,385.0,376.0,384.0,0.52,136581.0,1255.0,101.0
NBB,5/18/2021,385.0,385.0,380.0,384.0,0.0,141521.0,1255.0,101.0
NBB,5/19/2021,387.0,389.0,381.0,384.0,0.0,348082.0,1255.0,101.0
NBB,5/20/2021,388.0,389.0,383.0,385.0,0.26,139325.0,1255.0,101.0
NBB,5/23/2021,385.0,391.0,375.0,391.0,1.56,243025.0,1255.0,101.0
NBB,5/24/2021,398.0,405.0,390.0,392.0,0.26,525122.0,1255.0,101.0
NBB,5/25/2021,399.0,399.0,384.0,388.0,-1.02,189564.0,1255.0,101.0
NBB,5/27/2021,369.0,390.0,369.0,383.0,-1.29,127685.0,1255.0,101.0
NBB,5/30/2021,385.0,391.0,383.0,388.0,1.31,294244.0,1255.0,101.0
NBB,5/31/2021,392.0,399.0,383.0,384.0,-1.03,328724.0,1255.0,101.0
NBB,6/1/2021,385.0,388.0,375.0,379.0,-1.3,199649.0,1255.0,101.0
NBB,6/2/2021,397.0,397.0,377.0,387.0,2.11,127557.0,1255.0,101.0
NBB,6/3/2021,387.0,397.0,387.0,397.0,2.58,844987.0,1255.0,101.0
NBB,6/6/2021,410.0,436.0,405.0,433.0,9.07,965471.0,1255.0,101.0
NBB,6/7/2021,440.0,445.0,419.0,423.0,-2.31,609152.0,1255.0,101.0
NBB,6/8/2021,423.0,435.0,417.0,430.0,1.65,451990.0,1255.0,101.0
NBB,6/9/2021,442.0,442.0,418.0,420.0,-2.33,327405.0,1255.0,101.0
NBB,6/10/2021,435.0,435.0,412.0,415.0,-1.19,202898.0,1255.0,101.0
NBB,6/13/2021,435.0,435.0,408.0,417.0,0.48,391905.0,1255.0,101.0
NBB,6/14/2021,418.0,435.0,417.0,426.0,2.16,394818.0,1255.0,101.0
NBB,6/15/2021,430.0,435.0,419.0,420.0,-1.41,309683.0,1255.0,101.0
NBB,6/16/2021,409.0,430.0,409.0,418.0,-0.48,206877.0,1255.0,101.0
NBB,6/17/2021,415.0,422.0,414.0,415.0,-0.72,147584.0,1255.0,101.0
NBB,6/20/2021,419.0,420.0,403.0,407.0,-1.93,264177.0,1255.0,101.0
NBB,6/21/2021,413.0,413.0,397.0,398.0,-2.21,289684.0,1255.0,101.0
NBB,6/22/2021,401.0,411.0,392.0,410.0,3.02,205248.0,1255.0,101.0
NBB,6/23/2021,410.0,413.0,402.0,403.0,-1.71,115171.0,1255.0,101.0
NBB,6/24/2021,403.0,403.0,396.0,397.0,-1.49,120693.0,1255.0,101.0
NBB,6/27/2021,400.0,411.0,397.0,408.0,2.77,172617.0,1255.0,101.0
NBB,6/28/2021,410.0,415.0,408.0,408.0,0.0,142620.0,1255.0,101.0
NBB,6/29/2021,410.0,410.0,399.0,400.0,-1.96,100750.0,1255.0,101.0
NBB,6/30/2021,406.0,408.0,394.0,405.0,1.25,156475.0,1255.0,101.0
NBB,7/1/2021,406.0,410.0,402.0,403.0,-0.49,138907.0,1255.0,101.0
NBB,7/4/2021,403.0,403.0,399.0,400.0,-0.74,58027.0,1255.0,101.0
NBB,7/5/2021,398.0,403.0,392.0,396.0,-1.0,116515.0,1255.0,101.0
NBB,7/6/2021,400.0,402.0,395.0,397.0,0.25,106571.0,1255.0,101.0
NBB,7/7/2021,397.0,401.0,397.0,400.0,0.76,89567.0,1255.0,101.0
NBB,7/8/2021,380.0,404.0,380.0,401.0,0.25,149224.0,1255.0,101.0
NBB,7/11/2021,416.0,416.0,405.0,414.0,3.24,143680.0,1255.0,101.0
NBB,7/12/2021,417.0,422.0,407.0,415.0,0.24,240642.0,1255.0,101.0
NBB,7/13/2021,418.0,456.0,415.0,439.0,5.78,1048605.0,1255.0,101.0
NBB,7/14/2021,450.0,452.0,432.0,435.0,-0.91,304333.0,1255.0,101.0
NBB,7/15/2021,456.0,456.0,427.0,436.0,0.23,238772.0,1255.0,101.0
NBB,7/18/2021,444.7,453.8,438.0,453.0,3.9,590606.0,1255.0,101.0
NBB,7/19/2021,445.0,472.5,445.0,460.0,1.55,675825.0,1255.0,101.0
NBB,7/20/2021,461.0,466.0,453.0,460.0,0.0,225542.0,1255.0,101.0
NBB,7/22/2021,458.0,468.0,457.0,465.0,1.09,227494.0,1255.0,101.0
NBB,7/25/2021,469.0,477.0,465.0,477.0,2.58,357392.0,1255.0,101.0
NBB,7/26/2021,486.5,486.5,465.0,465.0,-2.52,305874.0,1255.0,101.0
NBB,7/27/2021,456.0,470.0,452.0,466.6,0.34,383731.0,1255.0,101.0
NBB,7/28/2021,470.0,481.0,464.0,468.0,0.3,252683.0,1255.0,101.0
NBB,7/29/2021,468.1,470.0,461.0,463.6,-0.94,92509.0,1255.0,101.0
NBB,8/1/2021,467.0,472.0,462.1,463.0,-0.13,167641.0,1255.0,101.0
NBB,8/2/2021,470.0,470.0,463.0,464.9,0.41,162172.0,1255.0,101.0
NBB,8/3/2021,467.0,485.0,466.0,483.0,3.89,398665.0,1255.0,101.0
NBB,8/4/2021,485.0,497.0,484.0,493.0,2.07,392730.0,1255.0,101.0
NBB,8/5/2021,495.1,504.8,488.0,497.0,0.81,407239.0,1255.0,101.0
NBB,8/8/2021,506.9,515.0,493.0,495.0,-0.4,458505.0,1255.0,101.0
NBB,8/9/2021,499.0,499.0,487.0,487.1,-1.6,227698.0,1255.0,101.0
NBB,8/10/2021,490.0,500.0,485.0,493.0,1.21,417462.0,1255.0,101.0
NBB,8/11/2021,500.0,502.0,488.0,491.0,-0.41,195483.0,1255.0,101.0
NBB,8/12/2021,494.9,496.5,488.0,493.0,0.41,197917.0,1255.0,101.0
NBB,8/15/2021,493.0,510.0,485.1,498.9,1.2,421603.0,1255.0,101.0
NBB,8/16/2021,500.0,502.0,493.0,497.0,-0.38,269049.0,1255.0,101.0
NBB,8/17/2021,506.9,506.9,490.1,491.1,-1.19,197632.0,1255.0,101.0
NBB,8/18/2021,490.6,500.0,486.4,495.0,0.79,273083.0,1255.0,101.0
NBB,8/19/2021,500.0,502.0,485.0,485.2,-1.98,252768.0,1255.0,101.0
NBB,8/24/2021,493.0,494.0,478.5,480.0,-1.07,256740.0,1255.0,101.0
NBB,8/25/2021,480.0,480.0,468.0,470.0,-2.08,219493.0,1255.0,101.0
NBB,8/26/2021,465.5,476.0,464.0,469.0,-0.21,217387.0,1255.0,101.0
NBB,8/29/2021,478.0,478.0,454.8,456.0,-2.77,244009.0,1255.0,101.0
NBB,8/31/2021,459.1,459.1,443.0,447.0,-1.97,252958.0,1255.0,101.0
NBB,9/1/2021,445.0,460.0,445.0,453.0,1.34,199956.0,1255.0,101.0
NBB,9/2/2021,460.0,462.0,444.9,446.0,-1.55,169776.0,1255.0,101.0
NBB,9/5/2021,446.0,449.0,425.0,435.0,-2.47,254385.0,1255.0,101.0
NBB,9/6/2021,430.0,455.0,428.5,452.8,4.09,283715.0,1255.0,101.0
NBB,9/7/2021,453.0,453.0,440.1,444.0,-1.94,96816.0,1255.0,101.0
NBB,9/8/2021,440.0,448.0,435.0,436.8,-1.62,85475.0,1255.0,101.0
NBB,9/9/2021,440.0,443.9,435.0,437.0,0.05,98780.0,1255.0,101.0
NBB,9/12/2021,440.0,444.1,435.0,442.0,1.14,119705.0,1255.0,101.0
NBB,9/13/2021,450.0,452.0,440.0,445.0,0.68,116060.0,1255.0,101.0
NBB,9/14/2021,446.0,449.9,437.6,443.0,-0.45,97368.0,1255.0,101.0
NBB,9/15/2021,448.0,448.0,433.8,436.5,-1.47,99653.0,1255.0,101.0
NBB,9/16/2021,434.5,434.5,420.0,425.0,-2.63,182725.0,1255.0,101.0
NBB,9/20/2021,425.0,431.0,418.0,420.0,-1.18,161336.0,1255.0,101.0
NBB,9/21/2021,419.9,433.0,406.1,422.1,0.5,146274.0,1255.0,101.0
NBB,9/22/2021,429.0,437.9,425.0,434.0,2.82,138627.0,1255.0,101.0
NBB,9/23/2021,442.6,477.0,442.6,457.0,5.3,434359.0,1255.0,101.0
NBB,9/26/2021,460.0,476.0,456.0,457.0,0.0,247848.0,1255.0,101.0
NBB,9/27/2021,457.0,457.0,440.0,441.0,-3.5,119391.0,1255.0,101.0
NBB,9/28/2021,445.0,447.0,428.0,430.0,-2.49,121282.0,1255.0,101.0
NBB,9/29/2021,430.0,448.9,424.0,448.9,4.4,132275.0,1255.0,101.0
NBB,9/30/2021,456.0,456.0,435.5,438.0,-2.43,108644.0,1255.0,101.0
NBB,10/3/2021,443.0,446.0,426.0,427.0,-2.51,88843.0,1255.0,101.0
NBB,10/4/2021,422.0,430.0,421.0,425.9,-0.26,115303.0,1255.0,101.0
NBB,10/5/2021,428.1,435.0,426.5,433.8,1.85,53907.0,1255.0,101.0
NBB,10/6/2021,441.0,444.0,433.0,439.0,1.2,65141.0,1255.0,101.0
NBB,10/10/2021,445.0,445.0,417.7,417.8,-4.83,358811.0,1255.0,101.0
NBB,10/11/2021,417.8,421.0,408.0,416.0,-0.43,76663.0,1255.0,101.0
NBB,10/17/2021,424.0,424.0,410.0,412.0,-0.96,22504.0,1255.0,101.0
NBB,10/18/2021,405.0,412.0,402.0,403.0,-2.18,49026.0,1255.0,101.0
NBB,10/19/2021,402.0,402.0,382.3,386.5,-4.09,107086.0,1255.0,101.0
NBB,10/20/2021,394.2,410.0,388.0,390.1,0.93,59726.0,1255.0,101.0
NBB,10/21/2021,394.9,394.9,382.0,386.0,-1.05,76582.0,1255.0,101.0
NBB,10/24/2021,386.0,395.5,383.0,393.2,1.87,58351.0,1255.0,101.0
NBB,10/25/2021,395.0,405.0,390.0,405.0,3.0,99354.0,1255.0,101.0
NBB,10/26/2021,409.0,425.0,406.0,420.5,3.83,67324.0,1255.0,101.0
NBB,10/27/2021,428.0,436.0,412.6,430.0,2.26,121478.0,1255.0,101.0
NBB,10/28/2021,434.0,434.0,427.0,430.0,0.0,79071.0,1255.0,101.0
NBB,10/31/2021,435.0,435.0,422.0,425.8,-0.98,295888.0,1255.0,101.0
NBB,11/1/2021,380.0,380.0,365.1,366.9,-13.83,150604.0,1255.0,101.0
NBB,11/2/2021,360.0,367.0,355.0,356.8,-2.75,73319.0,1255.0,101.0
NBB,11/3/2021,360.0,365.0,357.0,357.1,0.08,67905.0,1255.0,101.0
NBB,11/8/2021,356.1,372.4,356.0,356.0,-0.31,69406.0,1255.0,101.0
NBB,11/9/2021,363.0,363.1,344.0,344.0,-3.37,60478.0,1255.0,101.0
NBB,11/11/2021,344.0,350.0,331.0,335.1,-2.59,49935.0,1255.0,101.0
NBB,11/14/2021,330.0,333.0,326.0,328.7,-1.91,51481.0,1255.0,101.0
NBB,11/15/2021,335.2,335.2,325.0,326.0,-0.82,39735.0,1255.0,101.0
NBB,11/16/2021,332.5,358.6,332.5,358.6,10.0,221034.0,1255.0,101.0
NBB,11/17/2021,365.0,394.4,365.0,394.4,9.98,461290.0,1255.0,101.0
NBB,11/18/2021,402.2,408.5,372.0,383.0,-2.89,298399.0,1255.0,101.0
NBB,11/21/2021,390.6,390.6,367.2,374.0,-2.35,128540.0,1255.0,101.0
NBB,11/22/2021,379.9,380.0,368.0,369.0,-1.34,61531.0,1255.0,101.0
NBB,11/23/2021,375.0,376.0,362.0,364.0,-1.36,55968.0,1255.0,101.0
NBB,11/24/2021,360.0,369.0,357.1,365.0,0.27,61841.0,1255.0,101.0
NBB,11/25/2021,372.0,372.0,357.7,360.0,-1.37,52068.0,1255.0,101.0
NBB,11/28/2021,360.0,360.0,343.0,346.0,-3.89,112898.0,1255.0,101.0
NBB,11/29/2021,350.0,358.0,345.1,349.0,0.87,72901.0,1255.0,101.0
NBB,11/30/2021,349.0,360.0,344.3,360.0,3.15,73923.0,1255.0,101.0
NBB,12/1/2021,367.2,373.0,361.1,369.8,2.72,81842.0,1255.0,101.0
NBB,12/2/2021,372.0,381.0,362.7,365.0,-1.3,129851.0,1255.0,101.0
NBB,12/5/2021,369.9,371.0,357.0,360.0,-1.37,143547.0,1255.0,101.0
NBB,12/6/2021,360.0,361.0,343.3,359.0,-0.28,82415.0,1255.0,101.0
NBB,12/7/2021,361.1,367.0,350.0,351.0,-2.23,30470.0,1255.0,101.0
NBB,12/8/2021,351.0,351.0,344.1,345.0,-1.71,34072.0,1255.0,101.0
NBB,12/9/2021,346.0,346.0,336.1,337.1,-2.29,42617.0,1255.0,101.0
NBB,12/12/2021,335.0,335.1,325.4,327.0,-3.0,82215.0,1255.0,101.0
NBB,12/13/2021,321.0,324.0,312.0,315.0,-3.67,78901.0,1255.0,101.0
NBB,12/14/2021,320.0,332.5,320.0,326.0,3.49,25367.0,1255.0,101.0
NBB,12/15/2021,328.9,335.5,321.0,322.4,-1.1,67462.0,1255.0,101.0
NBB,12/16/2021,323.0,354.6,320.0,354.6,9.99,203425.0,1255.0,101.0
NBB,12/20/2021,360.0,367.2,354.8,356.1,0.42,136629.0,1255.0,101.0
NBB,12/21/2021,361.9,377.4,355.0,375.0,5.31,176225.0,1255.0,101.0
NBB,12/22/2021,382.5,390.0,375.0,377.8,0.75,164774.0,1255.0,101.0
NBB,12/23/2021,380.0,390.0,377.0,378.1,0.08,216726.0,1255.0,101.0
NBB,12/26/2021,385.0,390.0,370.0,373.0,-1.35,105948.0,1255.0,101.0
NBB,12/27/2021,380.0,385.0,366.0,370.9,-0.56,164764.0,1255.0,101.0
NBB,12/28/2021,378.3,378.3,363.1,369.0,-0.51,68062.0,1255.0,101.0
NBB,12/29/2021,376.0,402.5,369.0,402.5,9.08,525944.0,1255.0,101.0
NBB,1/2/2022,410.5,426.8,402.5,408.0,1.37,456727.0,1255.0,101.0
NBB,1/3/2022,416.0,416.0,392.0,398.0,-2.45,312095.0,1255.0,101.0
NBB,1/4/2022,405.0,407.0,395.3,405.4,1.86,367258.0,1255.0,101.0
NBB,1/5/2022,411.0,411.0,396.0,396.5,-2.2,194032.0,1255.0,101.0
NBB,1/6/2022,404.0,404.0,392.3,399.0,0.63,104973.0,1255.0,101.0
NBB,1/9/2022,405.0,410.0,399.0,399.5,0.13,171653.0,1255.0,101.0
NBB,1/10/2022,400.0,405.0,387.0,390.1,-2.35,229336.0,1255.0,101.0
NBB,1/11/2022,397.0,397.0,385.0,389.5,-0.15,170334.0,1255.0,101.0
NBB,1/12/2022,397.2,404.0,389.0,400.0,2.7,721055.0,1255.0,101.0
NBBD2085,12/28/2025,1135.0,1135.0,1135.0,1149.0,,1.0,1206.3,1083.0
NBBD2085,12/29/2025,1149.0,1183.0,1149.0,1183.0,2.96,54.0,1206.3,1083.0
NBBD2085,1/1/2026,1164.0,1164.0,1164.0,1163.1,-1.68,12.0,1206.3,1083.0
NBBD2085,1/8/2026,1186.3,1204.0,1186.3,1204.0,3.52,30.0,1206.3,1083.0
NBBD2085,1/12/2026,1180.0,1180.0,1180.0,1180.0,-1.99,291.0,1206.3,1083.0
NBBD2085,1/13/2026,1180.0,1180.0,1170.0,1170.0,-0.85,89.0,1206.3,1083.0
NBBD2085,1/29/2026,1150.0,1150.0,1150.0,1150.0,-1.71,35.0,1206.3,1083.0
NBBD2085,2/9/2026,1155.0,1155.0,1155.0,1155.0,0.43,84.0,1206.3,1083.0
NBBD2085,2/22/2026,1135.0,1135.0,1135.0,1135.0,-1.73,50.0,1206.3,1083.0
NBBD2085,2/26/2026,1150.0,1150.0,1150.0,1150.0,1.32,100.0,1206.3,1083.0
NBBD2085,2/27/2026,1150.0,1150.0,1150.0,1150.0,0.0,100.0,1206.3,1083.0
NBBD2085,2/28/2026,1150.0,1150.0,1150.0,1150.0,0.0,100.0,1206.3,1083.0
NBBD2085,3/1/2026,1150.0,1150.0,1150.0,1150.0,0.0,100.0,1206.3,1083.0
NBBD2085,3/15/2026,1167.0,1167.0,1167.0,1167.0,1.48,187.0,1206.3,1083.0
NBBD2085,3/17/2026,1180.0,1190.3,1180.0,1190.3,2.0,90.0,1206.3,1083.0
NBBD2085,3/18/2026,1180.0,1190.3,1180.0,1190.3,0.0,90.0,1206.3,1083.0
NBBD2085,4/9/2026,1166.5,1166.5,1166.5,1166.5,0.0,25.0,1206.3,1083.0
NBBD2085,4/15/2026,1144.0,1144.0,1144.0,1144.0,0.0,25.0,1206.3,1083.0
NBBD2085,5/4/2026,1123.0,1123.0,1123.0,1123.0,0.0,25.0,1206.3,1083.0
NBBD2085,5/15/2026,1125.0,1125.0,1125.0,1125.0,0.0,10.0,1206.3,1083.0
NBBD2085,5/18/2026,1125.9,1125.9,1125.9,1125.9,0.0,15.0,1206.3,1083.0
NBBD2085,5/27/2026,1127.0,1127.0,1103.0,1103.0,-2.13,425.0,1206.3,1083.0
NBBD2085,6/1/2026,1123.0,1123.0,1123.0,1123.0,0.0,25.0,1206.3,1083.0
NBBD2085,6/3/2026,1130.0,1130.0,1083.0,1083.0,-4.16,92326.0,1206.3,1083.0
NBBD2085,6/5/2026,1115.4,1150.0,1085.0,1150.0,3.1,173120.0,1206.3,1083.0
NBBD2085,6/9/2026,1182.0,1182.0,1175.0,1182.0,0.0,264820.0,1206.3,1083.0
NBBD2085,6/10/2026,1185.0,1188.0,1185.0,1188.0,0.25,50.0,1206.3,1083.0
NBBD2085,6/11/2026,1152.4,1152.4,1152.4,1123.0,-2.55,30.0,1206.3,1083.0
NBBD2085,6/15/2026,1106.1,1158.7,1090.0,1158.7,4.76,247986.0,1206.3,1083.0
NBBD2085,6/17/2026,1184.0,1186.9,1184.0,1186.9,0.24,150.0,1206.3,1083.0
NBBD2085,6/22/2026,1170.0,1170.0,1170.0,1170.0,0.0,247164.0,1206.3,1083.0
NBBD2085,6/29/2026,1135.0,1135.0,1135.0,1135.0,0.0,32.0,1206.3,1083.0
NBBD2085,7/9/2026,1120.1,1120.1,1112.0,1112.0,-0.72,20700.0,1206.3,1083.0
NBBD2085,7/10/2026,1105.1,1105.1,1100.3,1105.0,-0.01,16800.0,1206.3,1083.0
NBBD2085,7/14/2026,1138.0,1138.0,1138.0,1138.0,0.0,50.0,1206.3,1083.0
NBBD2085,7/15/2026,1170.0,1170.0,1170.0,1170.0,0.0,20.0,1206.3,1083.0
NBBD2085,7/16/2026,1140.0,1140.0,1140.0,1140.0,0.0,142.0,1206.3,1083.0
NBBD2085,7/17/2026,1165.0,1165.0,1165.0,1165.0,0.0,40.0,1206.3,1083.0
NBBD2085,7/20/2026,1130.1,1130.1,1115.0,1115.0,-1.34,11100.0,1206.3,1083.0
NBBD2085,7/22/2026,1115.0,1115.0,1115.0,1065.0,-4.48,5.0,1206.3,1083.0
NBBD2085,7/23/2026,1096.9,1100.0,1096.9,1100.0,0.28,10000.0,1206.3,1083.0
NBBD2085,7/24/2026,1100.0,1100.0,1100.0,1133.0,3.0,1.0,1206.3,1083.0
NBBD2085,7/27/2026,1165.0,1165.0,1160.7,1159.0,-0.52,2503.0,1206.3,1083.0
NBBD2085,7/28/2026,1160.0,1160.0,1160.0,1160.0,0.0,9501.0,1206.3,1083.0
NBBD2085,7/29/2026,1160.7,1160.7,1160.7,1160.7,0.0,1000.0,1206.3,1083.0
NBBD2085,9/2/2026,1145.0,1145.0,1145.0,1145.0,0.0,25.0,1206.3,1083.0
NBBD2085,9/7/2026,1145.0,1150.0,1145.0,1150.0,0.44,6420.0,1206.3,1083.0
NBBD2085,9/9/2026,1160.0,1160.0,1160.0,1160.0,0.0,15.0,1206.3,1083.0
NBBD2085,10/2/2026,1130.0,1130.0,1130.0,1130.0,0.0,81.0,1206.3,1083.0
NBF2,1/26/2026,9.58,9.8,9.58,9.6,,5450.0,10.7,8.89
NBF2,1/27/2026,9.45,9.88,9.45,9.8,2.08,66464.0,10.7,8.89
NBF2,1/28/2026,9.61,9.62,9.61,9.62,-1.84,2000.0,10.7,8.89
NBF2,1/29/2026,9.6,9.81,9.6,9.79,1.77,3200.0,10.7,8.89
NBF2,2/1/2026,9.7,9.9,9.7,9.9,1.12,1300.0,10.7,8.89
NBF2,2/2/2026,9.75,9.75,9.75,9.75,-1.52,400.0,10.7,8.89
NBF2,2/3/2026,9.7,9.75,9.56,9.62,-1.33,9796.0,10.7,8.89
NBF2,2/4/2026,9.5,9.65,9.5,9.65,0.31,3799.0,10.7,8.89
NBF2,2/5/2026,9.6,9.84,9.6,9.84,1.97,3800.0,10.7,8.89
NBF2,2/8/2026,9.67,9.91,9.67,9.83,-0.1,18100.0,10.7,8.89
NBF2,2/9/2026,9.65,9.72,9.5,9.72,-1.12,105890.0,10.7,8.89
NBF2,2/10/2026,9.8,9.8,9.58,9.58,-1.44,56232.0,10.7,8.89
NBF2,2/11/2026,9.55,9.77,9.55,9.68,1.04,5000.0,10.7,8.89
NBF2,2/12/2026,9.87,10.1,9.83,9.85,1.76,102500.0,10.7,8.89
NBF2,2/16/2026,9.8,9.99,9.61,9.61,-2.44,60360.0,10.7,8.89
NBF2,2/17/2026,9.61,9.8,9.61,9.62,0.1,9039.0,10.7,8.89
NBF2,2/22/2026,9.8,9.8,9.53,9.6,-0.21,18900.0,10.7,8.89
NBF2,2/23/2026,9.77,9.77,9.5,9.61,0.1,2450.0,10.7,8.89
NBF2,2/24/2026,9.5,9.8,9.5,9.61,0.0,11871.0,10.7,8.89
NBF2,2/25/2026,9.51,9.7,9.51,9.7,0.94,21600.0,10.7,8.89
NBF2,2/26/2026,9.88,9.88,9.63,9.65,-0.52,12740.0,10.7,8.89
NBF2,2/27/2026,9.88,9.88,9.63,9.65,0.0,12740.0,10.7,8.89
NBF2,2/28/2026,9.88,9.88,9.63,9.65,0.0,12740.0,10.7,8.89
NBF2,3/2/2026,9.8,9.8,9.48,9.53,-1.24,22900.0,10.7,8.89
NBF2,3/3/2026,9.53,9.72,9.53,9.72,1.99,3046.0,10.7,8.89
NBF2,3/4/2026,9.53,9.72,9.53,9.72,0.0,3046.0,10.7,8.89
NBF2,3/5/2026,9.53,9.72,9.53,9.72,0.0,3046.0,10.7,8.89
NBF2,3/6/2026,9.53,9.72,9.53,9.72,0.0,3046.0,10.7,8.89
NBF2,3/7/2026,9.53,9.72,9.53,9.72,0.0,3046.0,10.7,8.89
NBF2,3/8/2026,9.53,9.72,9.53,9.72,0.0,3046.0,10.7,8.89
NBF2,3/9/2026,9.89,9.89,9.89,9.89,1.75,5000.0,10.7,8.89
NBF2,3/10/2026,10.08,10.08,9.81,10.0,1.11,49996.0,10.7,8.89
NBF2,3/11/2026,9.87,9.9,9.87,9.9,-1.0,4900.0,10.7,8.89
NBF2,3/12/2026,9.81,10.0,9.81,9.87,-0.3,42180.0,10.7,8.89
NBF2,3/13/2026,9.81,10.0,9.81,9.87,0.0,42180.0,10.7,8.89
NBF2,3/14/2026,9.81,10.0,9.81,9.87,0.0,42180.0,10.7,8.89
NBF2,3/15/2026,10.0,10.0,9.89,9.9,0.3,71200.0,10.7,8.89
NBF2,3/16/2026,9.8,9.99,9.8,9.91,0.1,21820.0,10.7,8.89
NBF2,3/17/2026,9.98,9.98,9.94,9.97,0.61,1650.0,10.7,8.89
NBF2,3/18/2026,9.98,9.98,9.94,9.97,0.0,1650.0,10.7,8.89
NBF2,3/19/2026,9.95,10.16,9.95,10.02,0.5,545450.0,10.7,8.89
NBF2,3/20/2026,9.95,10.16,9.95,10.02,0.0,545450.0,10.7,8.89
NBF2,3/21/2026,9.95,10.16,9.95,10.02,0.0,545450.0,10.7,8.89
NBF2,3/22/2026,10.0,10.18,10.0,10.08,0.6,39800.0,10.7,8.89
NBF2,3/23/2026,10.2,10.6,10.06,10.06,-0.2,34780.0,10.7,8.89
NBF2,3/24/2026,10.06,10.1,10.01,10.05,-0.1,18170.0,10.7,8.89
NBF2,3/25/2026,10.15,10.55,10.05,10.05,0.0,26020.0,10.7,8.89
NBF2,3/26/2026,10.2,10.25,10.0,10.05,-1.47,7905.0,10.7,8.89
NBF2,3/29/2026,10.05,10.24,9.93,10.06,0.1,24237.0,10.7,8.89
NBF2,3/30/2026,9.95,10.14,9.95,10.05,1.01,4500.0,10.7,8.89
NBF2,3/31/2026,9.99,10.1,9.99,10.0,0.1,34820.0,10.7,8.89
NBF2,4/1/2026,10.18,10.18,9.98,9.98,-1.96,22000.0,10.7,8.89
NBF2,4/2/2026,9.8,9.91,9.8,9.91,1.12,495.0,10.7,8.89
NBF2,4/5/2026,9.78,10.28,9.78,10.05,2.76,78180.0,10.7,8.89
NBF2,4/6/2026,9.89,10.08,9.89,10.0,1.11,4900.0,10.7,8.89
NBF2,4/7/2026,9.83,10.09,9.83,10.09,2.64,4300.0,10.7,8.89
NBF2,4/8/2026,10.01,10.29,10.01,10.2,1.9,40232.0,10.7,8.89
NBF2,4/9/2026,10.32,10.32,10.05,10.05,-2.62,1700.0,10.7,8.89
NBF2,4/10/2026,10.2,10.2,9.95,10.0,-1.96,21800.0,10.7,8.89
NBF2,4/13/2026,10.0,10.2,10.0,10.01,0.1,44736.0,10.7,8.89
NBF2,4/15/2026,9.87,10.1,9.87,10.01,1.42,57400.0,10.7,8.89
NBF2,4/16/2026,9.95,9.98,9.9,9.98,0.3,2500.0,10.7,8.89
NBF2,4/17/2026,9.87,10.17,9.87,10.07,2.03,8008.0,10.7,8.89
NBF2,4/20/2026,10.0,10.0,10.0,10.0,0.0,200.0,10.7,8.89
NBF2,4/21/2026,9.75,9.94,9.75,9.94,1.95,2205.0,10.7,8.89
NBF2,4/22/2026,9.77,9.85,9.77,9.85,0.82,2910.0,10.7,8.89
NBF2,4/23/2026,10.14,10.14,10.0,10.1,-0.39,1679.0,10.7,8.89
NBF2,4/24/2026,10.1,9.95,9.9,9.95,-1.49,2400.0,10.7,8.89
NBF2,4/27/2026,9.95,10.0,9.75,10.0,0.5,6200.0,10.7,8.89
NBF2,4/28/2026,10.0,10.24,9.94,9.94,-0.6,2300.0,10.7,8.89
NBF2,4/29/2026,9.94,10.2,9.9,10.15,2.11,10100.0,10.7,8.89
NBF2,4/30/2026,10.0,10.0,9.87,10.0,0.0,1700.0,10.7,8.89
NBF2,5/4/2026,9.84,10.12,9.84,9.86,0.2,1900.0,10.7,8.89
NBF2,5/5/2026,10.0,10.0,9.9,10.0,0.0,20770.0,10.7,8.89
NBF2,5/6/2026,10.1,10.12,9.86,9.88,-2.18,10700.0,10.7,8.89
NBF2,5/7/2026,9.86,10.0,9.86,10.0,1.42,10340.0,10.7,8.89
NBF2,5/8/2026,10.0,10.18,10.0,10.18,1.8,12220.0,10.7,8.89
NBF2,5/11/2026,10.0,10.0,10.0,10.0,0.0,300.0,10.7,8.89
NBF2,5/12/2026,10.01,10.01,10.0,10.0,-0.1,1600.0,10.7,8.89
NBF2,5/13/2026,10.0,10.0,10.0,10.0,0.0,4931.0,10.7,8.89
NBF2,5/14/2026,10.0,10.0,10.0,10.0,0.0,100.0,10.7,8.89
NBF2,5/15/2026,10.2,10.28,10.0,10.0,-1.96,5200.0,10.7,8.89
NBF2,5/18/2026,10.0,10.0,10.0,10.0,0.0,1534.0,10.7,8.89
NBF2,5/19/2026,9.92,10.1,9.89,9.9,-0.2,7600.0,10.7,8.89
NBF2,5/20/2026,10.0,10.0,10.0,10.0,0.0,2100.0,10.7,8.89
NBF2,5/21/2026,9.9,10.0,9.9,10.0,1.01,200.0,10.7,8.89
NBF2,5/22/2026,9.95,9.95,9.95,9.95,0.0,2266.0,10.7,8.89
NBF2,5/25/2026,9.95,10.1,9.9,9.96,0.1,7950.0,10.7,8.89
NBF2,5/26/2026,10.15,10.15,9.91,10.0,-1.48,5750.0,10.7,8.89
NBF2,5/27/2026,10.0,10.19,9.73,10.19,1.9,66915.0,10.7,8.89
NBF2,6/1/2026,9.98,10.2,9.98,10.1,1.2,11592.0,10.7,8.89
NBF2,6/2/2026,10.39,10.4,10.1,10.39,0.0,6691.0,10.7,8.89
NBF2,6/3/2026,10.35,10.39,10.1,10.39,0.39,4330.0,10.7,8.89
NBF2,6/4/2026,10.7,10.7,10.69,10.69,-0.09,200.0,10.7,8.89
NBF2,6/5/2026,10.69,10.69,10.37,10.37,-2.99,229.0,10.7,8.89
NBF2,6/8/2026,10.1,10.4,10.1,10.4,2.97,5300.0,10.7,8.89
NBF2,6/9/2026,10.09,10.09,10.09,10.09,0.0,400.0,10.7,8.89
NBF2,6/10/2026,9.85,9.85,9.85,9.85,0.0,100.0,10.7,8.89
NBF2,6/11/2026,9.88,9.9,9.88,9.88,0.0,4200.0,10.7,8.89
NBF2,6/12/2026,9.91,9.94,9.91,9.94,0.3,1100.0,10.7,8.89
NBF2,6/15/2026,9.7,9.94,9.7,9.72,0.21,2700.0,10.7,8.89
NBF2,6/16/2026,10.01,10.01,9.86,9.86,-1.5,1000.0,10.7,8.89
NBF2,6/17/2026,10.1,10.1,9.85,9.85,-2.48,2200.0,10.7,8.89
NBF2,6/18/2026,10.0,10.2,10.0,10.2,2.0,850.0,10.7,8.89
NBF2,6/19/2026,9.95,10.1,9.95,10.1,1.51,6800.0,10.7,8.89
NBF2,6/22/2026,10.0,10.2,9.91,9.91,-0.9,1200.0,10.7,8.89
NBF2,6/23/2026,10.1,10.2,9.9,9.9,-1.98,1626.0,10.7,8.89
NBF2,6/24/2026,9.9,9.91,9.9,9.91,0.1,400.0,10.7,8.89
NBF2,6/26/2026,10.15,10.4,10.15,10.15,0.0,6924.0,10.7,8.89
NBF2,6/29/2026,9.87,10.16,9.87,10.16,2.94,2100.0,10.7,8.89
NBF2,6/30/2026,9.9,10.15,9.9,10.05,1.52,1920.0,10.7,8.89
NBF2,7/1/2026,10.1,10.24,10.05,10.06,-0.4,3000.0,10.7,8.89
NBF2,7/2/2026,10.36,10.36,9.8,10.06,-2.9,2700.0,10.7,8.89
NBF2,7/3/2026,9.8,10.09,9.75,9.87,0.71,61300.0,10.7,8.89
NBF2,7/6/2026,10.09,10.3,10.0,10.3,2.08,24200.0,10.7,8.89
NBF2,7/7/2026,10.3,10.35,10.0,10.0,-2.91,2000.0,10.7,8.89
NBF2,7/8/2026,10.1,10.1,9.81,9.81,-2.87,19500.0,10.7,8.89
NBF2,7/9/2026,9.8,9.8,9.7,9.7,-1.02,1000.0,10.7,8.89
NBF2,7/10/2026,9.99,10.0,9.7,9.9,-0.9,12315.0,10.7,8.89
NBF2,7/13/2026,9.7,10.03,9.46,10.03,3.4,27011.0,10.7,8.89
NBF2,7/14/2026,10.0,10.0,9.91,10.0,0.0,4700.0,10.7,8.89
NBF2,7/15/2026,9.91,9.95,9.91,9.91,0.0,7100.0,10.7,8.89
NBF2,7/16/2026,9.9,9.93,9.9,9.9,0.0,6311.0,10.7,8.89
NBF2,7/17/2026,9.61,9.9,9.61,9.8,1.98,500.0,10.7,8.89
NBF2,7/20/2026,10.0,10.1,10.0,10.1,1.0,2800.0,10.7,8.89
NBF2,7/21/2026,10.1,10.2,9.8,9.81,-2.87,7200.0,10.7,8.89
NBF2,7/22/2026,9.81,10.4,9.81,10.09,2.85,2880.0,10.7,8.89
NBF2,7/23/2026,10.08,10.31,10.08,10.31,2.28,4000.0,10.7,8.89
NBF2,7/24/2026,10.02,10.02,10.02,10.02,0.0,200.0,10.7,8.89
NBF2,7/27/2026,10.0,10.2,10.0,10.2,2.0,2400.0,10.7,8.89
NBF2,7/29/2026,9.92,9.92,9.9,9.9,-0.2,7500.0,10.7,8.89
NBF2,8/3/2026,9.92,10.14,9.92,10.14,2.22,400.0,10.7,8.89
NBF2,8/4/2026,10.1,10.1,9.85,9.99,-1.09,13114.0,10.7,8.89
NBF2,8/5/2026,10.0,10.0,9.81,9.95,-0.5,16600.0,10.7,8.89
NBF2,8/6/2026,9.94,9.94,9.8,9.9,-0.4,3100.0,10.7,8.89
NBF2,8/7/2026,9.81,10.1,9.81,10.1,2.96,2280.0,10.7,8.89
NBF2,8/10/2026,9.85,10.1,9.81,9.86,0.1,8206.0,10.7,8.89
NBF2,8/11/2026,9.81,9.83,9.81,9.83,0.2,300.0,10.7,8.89
NBF2,8/12/2026,9.85,9.85,9.84,9.84,-0.1,220.0,10.7,8.89
NBF2,8/13/2026,10.05,10.05,9.88,9.88,-1.69,1900.0,10.7,8.89
NBF2,8/17/2026,9.8,9.8,9.8,9.8,0.0,300.0,10.7,8.89
NBF2,8/18/2026,9.81,9.81,9.81,9.81,0.0,3300.0,10.7,8.89
NBF2,8/20/2026,9.55,9.85,9.55,9.85,3.14,6320.0,10.7,8.89
NBF2,8/24/2026,9.85,10.09,9.8,10.09,2.44,2020.0,10.7,8.89
NBF2,8/25/2026,10.0,10.0,9.83,9.83,-1.7,1200.0,10.7,8.89
NBF2,8/26/2026,9.54,9.67,9.54,9.67,1.36,300.0,10.7,8.89
NBF2,8/27/2026,9.71,9.72,9.71,9.72,0.1,1100.0,10.7,8.89
NBF2,8/31/2026,9.72,9.72,9.72,9.72,0.0,1750.0,10.7,8.89
NBF2,9/2/2026,9.72,9.95,9.72,9.8,0.82,8300.0,10.7,8.89
NBF2,9/3/2026,9.75,9.8,9.73,9.8,0.51,1600.0,10.7,8.89
NBF2,9/7/2026,10.09,10.09,9.82,9.82,-2.68,2760.0,10.7,8.89
NBF2,9/9/2026,10.0,10.0,10.0,10.0,0.0,200.0,10.7,8.89
NBF2,9/11/2026,9.74,9.74,9.72,9.72,-0.21,800.0,10.7,8.89
NBF2,9/14/2026,9.73,9.73,9.6,9.6,-1.34,51500.0,10.7,8.89
NBF2,9/15/2026,9.6,9.83,9.5,9.83,2.4,3810.0,10.7,8.89
NBF2,9/16/2026,9.83,9.83,9.55,9.55,-2.85,1100.0,10.7,8.89
NBF2,9/17/2026,9.5,9.5,9.3,9.3,-2.11,11600.0,10.7,8.89
NBF2,9/18/2026,9.23,9.31,9.23,9.31,0.87,260.0,10.7,8.89
NBF2,9/22/2026,9.58,9.6,9.58,9.6,0.21,3020.0,10.7,8.89
NBF2,9/23/2026,9.6,9.79,9.25,9.25,-3.65,31230.0,10.7,8.89
NBF2,9/24/2026,9.25,9.26,9.21,9.21,-0.43,10100.0,10.7,8.89
NBF2,9/28/2026,9.21,9.25,9.21,9.25,0.43,2377.0,10.7,8.89
NBF2,9/29/2026,9.25,9.5,9.25,0.0,-100.0,2500.0,10.7,8.89
NBF2,9/30/2026,9.21,9.48,9.21,9.48,2.93,2200.0,10.7,8.89
NBF2,10/1/2026,9.23,9.23,9.23,9.23,0.0,200.0,10.7,8.89
NBF2,10/2/2026,9.26,9.26,9.0,9.0,-2.81,35100.0,10.7,8.89
NBF3,1/26/2026,9.52,9.67,9.33,9.5,,231520.0,10.22,8.35
NBF3,1/27/2026,9.69,9.87,9.37,9.69,2.0,106990.0,10.22,8.35
NBF3,1/28/2026,9.88,9.88,9.5,9.54,-1.55,13310.0,10.22,8.35
NBF3,1/29/2026,9.6,9.73,9.42,9.6,0.63,81640.0,10.22,8.35
NBF3,2/1/2026,9.41,9.78,9.41,9.56,-0.42,17790.0,10.22,8.35
NBF3,2/2/2026,9.38,9.56,9.31,9.46,-1.05,23540.0,10.22,8.35
NBF3,2/3/2026,9.46,9.64,9.28,9.55,0.95,26905.0,10.22,8.35
NBF3,2/4/2026,9.36,9.59,9.36,9.57,0.21,23449.0,10.22,8.35
NBF3,2/5/2026,9.38,9.62,9.38,9.62,0.52,28299.0,10.22,8.35
NBF3,2/8/2026,9.44,9.6,9.44,9.47,-1.56,41320.0,10.22,8.35
NBF3,2/9/2026,9.4,9.5,9.32,9.4,-0.74,12200.0,10.22,8.35
NBF3,2/10/2026,9.4,9.58,9.22,9.58,1.91,51940.0,10.22,8.35
NBF3,2/11/2026,9.41,9.77,9.39,9.77,1.98,90149.0,10.22,8.35
NBF3,2/12/2026,9.96,9.97,9.61,9.65,-1.23,26825.0,10.22,8.35
NBF3,2/16/2026,9.5,9.6,9.47,9.47,-1.87,13900.0,10.22,8.35
NBF3,2/17/2026,9.47,9.69,9.44,9.45,-0.21,36330.0,10.22,8.35
NBF3,2/22/2026,9.45,9.7,9.32,9.51,0.63,31100.0,10.22,8.35
NBF3,2/23/2026,9.33,9.5,9.15,9.4,-1.16,10042.0,10.22,8.35
NBF3,2/24/2026,9.22,9.56,9.22,9.4,0.0,29954.0,10.22,8.35
NBF3,2/25/2026,9.25,9.5,9.25,9.5,1.06,22280.0,10.22,8.35
NBF3,2/26/2026,9.69,9.69,9.5,9.51,0.11,35990.0,10.22,8.35
NBF3,2/27/2026,9.69,9.69,9.5,9.51,0.0,35990.0,10.22,8.35
NBF3,2/28/2026,9.69,9.69,9.5,9.51,0.0,35990.0,10.22,8.35
NBF3,3/2/2026,9.32,9.5,9.32,9.42,-0.95,4040.0,10.22,8.35
NBF3,3/3/2026,9.5,9.6,9.5,9.6,1.91,4350.0,10.22,8.35
NBF3,3/4/2026,9.5,9.6,9.5,9.6,0.0,4350.0,10.22,8.35
NBF3,3/5/2026,9.5,9.6,9.5,9.6,0.0,4350.0,10.22,8.35
NBF3,3/6/2026,9.5,9.6,9.5,9.6,0.0,4350.0,10.22,8.35
NBF3,3/7/2026,9.5,9.6,9.5,9.6,0.0,4350.0,10.22,8.35
NBF3,3/8/2026,9.5,9.6,9.5,9.6,0.0,4350.0,10.22,8.35
NBF3,3/10/2026,9.66,9.75,9.31,9.75,1.56,46520.0,10.22,8.35
NBF3,3/11/2026,9.65,9.83,9.62,9.7,-0.51,37950.0,10.22,8.35
NBF3,3/12/2026,9.87,9.87,9.51,9.8,1.03,57336.0,10.22,8.35
NBF3,3/13/2026,9.87,9.87,9.51,9.8,0.0,57336.0,10.22,8.35
NBF3,3/14/2026,9.87,9.87,9.51,9.8,0.0,57336.0,10.22,8.35
NBF3,3/15/2026,9.8,9.8,9.62,9.68,-1.22,16270.0,10.22,8.35
NBF3,3/16/2026,9.52,9.75,9.52,9.67,-0.1,45251.0,10.22,8.35
NBF3,3/17/2026,9.86,10.04,9.69,9.71,0.41,53120.0,10.22,8.35
NBF3,3/18/2026,9.86,10.04,9.69,9.71,0.0,53120.0,10.22,8.35
NBF3,3/19/2026,9.6,10.0,9.6,9.85,1.44,164505.0,10.22,8.35
NBF3,3/20/2026,9.6,10.0,9.6,9.85,0.0,164505.0,10.22,8.35
NBF3,3/21/2026,9.6,10.0,9.6,9.85,0.0,164505.0,10.22,8.35
NBF3,3/22/2026,9.85,9.95,9.75,9.87,0.2,92012.0,10.22,8.35
NBF3,3/23/2026,9.81,10.06,9.81,10.05,1.82,164900.0,10.22,8.35
NBF3,3/24/2026,10.05,10.14,9.91,10.14,0.9,81400.0,10.22,8.35
NBF3,3/25/2026,10.0,10.22,10.0,10.05,-0.89,94757.0,10.22,8.35
NBF3,3/26/2026,10.0,10.15,9.9,10.1,1.0,39995.0,10.22,8.35
NBF3,3/29/2026,9.93,10.0,9.85,9.99,0.6,104200.0,10.22,8.35
NBF3,3/30/2026,10.18,10.18,9.73,9.95,-2.26,28480.0,10.22,8.35
NBF3,3/31/2026,9.8,10.0,9.8,9.99,1.94,36500.0,10.22,8.35
NBF3,4/1/2026,9.82,10.09,9.82,9.99,1.73,41840.0,10.22,8.35
NBF3,4/2/2026,9.8,9.9,9.8,9.86,0.61,13725.0,10.22,8.35
NBF3,4/5/2026,9.85,9.85,9.63,9.8,-0.51,41600.0,10.22,8.35
NBF3,4/6/2026,9.62,9.99,9.62,9.9,2.91,11500.0,10.22,8.35
NBF3,4/7/2026,9.71,9.98,9.71,9.9,1.96,36188.0,10.22,8.35
NBF3,4/8/2026,9.72,10.0,9.72,9.9,1.85,26240.0,10.22,8.35
NBF3,4/9/2026,9.72,10.08,9.72,10.0,2.88,49207.0,10.22,8.35
NBF3,4/10/2026,9.9,10.0,9.9,10.0,1.01,23300.0,10.22,8.35
NBF3,4/13/2026,9.81,10.0,9.81,9.97,1.63,17100.0,10.22,8.35
NBF3,4/15/2026,9.78,10.16,9.78,10.0,2.25,160505.0,10.22,8.35
NBF3,4/16/2026,9.91,10.0,9.91,9.95,0.4,19580.0,10.22,8.35
NBF3,4/17/2026,9.8,10.1,9.8,10.1,3.06,79510.0,10.22,8.35
NBF3,4/20/2026,9.8,10.05,9.8,9.95,1.53,40694.0,10.22,8.35
NBF3,4/21/2026,9.96,10.09,9.81,9.97,0.1,35217.0,10.22,8.35
NBF3,4/22/2026,10.0,10.0,9.82,10.0,0.0,11050.0,10.22,8.35
NBF3,4/23/2026,9.95,10.0,9.8,9.91,-0.4,19650.0,10.22,8.35
NBF3,4/24/2026,9.91,9.96,9.62,9.9,-0.1,19460.0,10.22,8.35
NBF3,4/27/2026,9.9,10.0,9.75,9.87,-0.3,13900.0,10.22,8.35
NBF3,4/28/2026,9.87,10.05,9.81,9.86,-0.1,23250.0,10.22,8.35
NBF3,4/29/2026,9.86,10.03,9.81,9.85,-0.1,14300.0,10.22,8.35
NBF3,4/30/2026,9.65,9.89,9.65,9.78,1.35,18650.0,10.22,8.35
NBF3,5/4/2026,9.62,9.98,9.62,9.88,2.7,36559.0,10.22,8.35
NBF3,5/5/2026,9.66,9.93,9.66,9.93,2.8,6550.0,10.22,8.35
NBF3,5/6/2026,9.95,9.99,9.08,9.82,-1.31,35280.0,10.22,8.35
NBF3,5/7/2026,9.54,9.96,9.35,9.81,2.83,14500.0,10.22,8.35
NBF3,5/8/2026,9.63,9.88,9.63,9.88,2.6,15120.0,10.22,8.35
NBF3,5/11/2026,9.88,9.97,9.88,9.93,0.51,38958.0,10.22,8.35
NBF3,5/12/2026,9.73,10.07,9.73,9.92,1.95,39421.0,10.22,8.35
NBF3,5/13/2026,9.85,10.07,9.85,9.89,0.41,24815.0,10.22,8.35
NBF3,5/14/2026,9.87,9.95,9.87,9.95,0.81,17300.0,10.22,8.35
NBF3,5/15/2026,9.7,9.96,9.7,9.9,2.06,30900.0,10.22,8.35
NBF3,5/18/2026,9.7,9.9,9.7,9.9,2.06,10405.0,10.22,8.35
NBF3,5/19/2026,9.64,9.98,9.64,9.98,3.53,12680.0,10.22,8.35
NBF3,5/20/2026,9.98,9.99,9.81,9.95,-0.3,7700.0,10.22,8.35
NBF3,5/21/2026,9.9,10.0,9.77,10.0,1.01,21250.0,10.22,8.35
NBF3,5/22/2026,9.83,9.99,9.83,9.95,1.22,6630.0,10.22,8.35
NBF3,5/25/2026,9.95,9.96,9.95,9.96,0.1,4700.0,10.22,8.35
NBF3,5/26/2026,9.93,9.99,9.93,9.98,0.5,13955.0,10.22,8.35
NBF3,5/27/2026,9.98,9.98,9.9,9.98,0.0,8050.0,10.22,8.35
NBF3,6/1/2026,9.7,9.99,9.41,9.99,2.99,6401.0,10.22,8.35
NBF3,6/2/2026,10.0,10.0,9.9,9.99,-0.1,13990.0,10.22,8.35
NBF3,6/3/2026,9.7,10.04,9.7,10.04,3.51,53845.0,10.22,8.35
NBF3,6/4/2026,9.74,10.07,9.74,10.02,2.87,13191.0,10.22,8.35
NBF3,6/5/2026,9.75,10.04,9.75,10.03,2.87,74484.0,10.22,8.35
NBF3,6/8/2026,9.74,10.03,9.74,10.03,2.98,23150.0,10.22,8.35
NBF3,6/9/2026,9.83,10.03,9.83,9.97,1.42,4400.0,10.22,8.35
NBF3,6/10/2026,10.0,10.0,9.91,9.94,-0.6,25560.0,10.22,8.35
NBF3,6/11/2026,9.8,10.0,9.8,10.0,2.04,23800.0,10.22,8.35
NBF3,6/12/2026,10.0,10.0,9.79,10.0,0.0,68454.0,10.22,8.35
NBF3,6/15/2026,10.0,10.0,9.7,10.0,0.0,19314.0,10.22,8.35
NBF3,6/16/2026,9.7,9.99,9.5,9.99,2.99,86480.0,10.22,8.35
NBF3,6/17/2026,10.0,10.06,9.8,10.05,0.5,94600.0,10.22,8.35
NBF3,6/18/2026,10.05,10.05,9.77,9.95,-1.0,34400.0,10.22,8.35
NBF3,6/19/2026,9.94,10.0,9.69,9.95,0.1,63940.0,10.22,8.35
NBF3,6/22/2026,10.0,10.0,9.5,9.9,-1.0,102090.0,10.22,8.35
NBF3,6/23/2026,9.7,10.0,9.7,10.0,3.09,91550.0,10.22,8.35
NBF3,6/24/2026,9.81,10.0,9.8,9.99,1.83,42190.0,10.22,8.35
NBF3,6/26/2026,9.7,10.03,9.7,10.03,3.4,31589.0,10.22,8.35
NBF3,6/29/2026,9.78,10.0,9.78,10.0,2.25,39750.0,10.22,8.35
NBF3,6/30/2026,9.81,10.15,9.75,10.15,3.47,108340.0,10.22,8.35
NBF3,7/1/2026,9.89,10.0,9.88,10.0,1.11,5300.0,10.22,8.35
NBF3,7/2/2026,9.82,10.0,9.82,10.0,1.83,33900.0,10.22,8.35
NBF3,7/3/2026,9.9,10.0,9.8,10.0,1.01,19450.0,10.22,8.35
NBF3,7/6/2026,9.7,10.0,9.7,10.0,3.09,11775.0,10.22,8.35
NBF3,7/7/2026,10.0,10.08,9.8,10.0,0.0,19400.0,10.22,8.35
NBF3,7/8/2026,9.7,10.0,9.7,10.0,3.09,14250.0,10.22,8.35
NBF3,7/9/2026,10.0,10.03,9.8,9.99,-0.1,49490.0,10.22,8.35
NBF3,7/10/2026,9.7,10.1,9.7,10.1,4.12,47740.0,10.22,8.35
NBF3,7/13/2026,9.95,9.98,9.95,9.98,0.3,14000.0,10.22,8.35
NBF3,7/14/2026,9.98,10.1,9.95,9.95,-0.3,53691.0,10.22,8.35
NBF3,7/15/2026,9.95,10.0,9.95,10.0,0.5,39300.0,10.22,8.35
NBF3,7/16/2026,9.7,9.93,9.5,9.93,2.37,22870.0,10.22,8.35
NBF3,7/17/2026,9.7,10.0,9.7,10.0,3.09,4920.0,10.22,8.35
NBF3,7/20/2026,9.95,10.0,9.95,10.0,0.5,31580.0,10.22,8.35
NBF3,7/21/2026,9.95,10.1,9.95,10.0,0.5,23354.0,10.22,8.35
NBF3,7/22/2026,10.0,10.01,10.0,10.01,0.1,23750.0,10.22,8.35
NBF3,7/23/2026,10.0,10.1,9.9,10.0,0.0,11871.0,10.22,8.35
NBF3,7/24/2026,9.95,10.0,9.66,9.97,0.2,6600.0,10.22,8.35
NBF3,7/27/2026,9.7,9.9,9.51,9.9,2.06,9860.0,10.22,8.35
NBF3,7/28/2026,9.61,9.89,9.61,9.71,1.04,2400.0,10.22,8.35
NBF3,7/29/2026,9.6,10.09,9.33,10.09,5.1,16850.0,10.22,8.35
NBF3,7/30/2026,10.09,10.09,9.78,9.85,-2.38,4240.0,10.22,8.35
NBF3,7/31/2026,9.75,9.88,9.6,9.88,1.33,2800.0,10.22,8.35
NBF3,8/3/2026,9.62,9.93,9.61,9.93,3.22,20900.0,10.22,8.35
NBF3,8/4/2026,9.9,9.9,9.56,9.75,-1.52,10646.0,10.22,8.35
NBF3,8/5/2026,9.6,9.7,9.56,9.65,0.52,12240.0,10.22,8.35
NBF3,8/6/2026,9.58,9.78,9.49,9.51,-0.73,26710.0,10.22,8.35
NBF3,8/7/2026,9.51,9.79,9.23,9.55,0.42,4830.0,10.22,8.35
NBF3,8/10/2026,9.55,9.85,9.55,9.65,1.05,32350.0,10.22,8.35
NBF3,8/11/2026,9.65,9.8,9.54,9.6,-0.52,4550.0,10.22,8.35
NBF3,8/12/2026,9.57,9.73,9.57,9.59,0.21,3700.0,10.22,8.35
NBF3,8/13/2026,9.58,9.8,9.58,9.72,1.46,9140.0,10.22,8.35
NBF3,8/14/2026,9.72,9.8,9.72,9.72,0.0,14010.0,10.22,8.35
NBF3,8/17/2026,9.58,9.75,9.58,9.75,1.77,7300.0,10.22,8.35
NBF3,8/18/2026,9.59,9.79,9.58,9.58,-0.1,14571.0,10.22,8.35
NBF3,8/19/2026,9.58,9.7,9.58,9.6,0.21,9050.0,10.22,8.35
NBF3,8/20/2026,9.6,9.72,9.6,9.67,0.73,10100.0,10.22,8.35
NBF3,8/21/2026,9.5,9.79,9.5,9.67,1.79,14800.0,10.22,8.35
NBF3,8/24/2026,9.56,9.7,9.55,9.7,1.46,15800.0,10.22,8.35
NBF3,8/25/2026,9.5,9.8,9.5,9.7,2.11,61100.0,10.22,8.35
NBF3,8/26/2026,9.42,9.58,9.17,9.58,1.7,1200.0,10.22,8.35
NBF3,8/27/2026,9.5,9.5,9.31,9.34,-1.68,13100.0,10.22,8.35
NBF3,8/31/2026,9.11,9.75,9.11,9.35,2.63,13150.0,10.22,8.35
NBF3,9/1/2026,9.1,9.3,9.1,9.12,0.22,2100.0,10.22,8.35
NBF3,9/2/2026,9.21,9.22,9.1,9.11,-1.09,11700.0,10.22,8.35
NBF3,9/3/2026,9.11,9.54,9.11,9.54,4.72,7800.0,10.22,8.35
NBF3,9/7/2026,9.55,9.9,9.55,9.64,0.94,25750.0,10.22,8.35
NBF3,9/9/2026,9.5,9.5,9.32,9.37,-1.37,28456.0,10.22,8.35
NBF3,9/10/2026,9.39,9.4,9.37,9.4,0.11,11700.0,10.22,8.35
NBF3,9/11/2026,9.4,9.6,9.37,9.6,2.13,5199.0,10.22,8.35
NBF3,9/14/2026,9.42,9.6,9.3,9.36,-0.64,8030.0,10.22,8.35
NBF3,9/15/2026,9.36,9.6,9.2,9.23,-1.39,27730.0,10.22,8.35
NBF3,9/16/2026,9.05,9.5,9.05,9.41,3.98,6886.0,10.22,8.35
NBF3,9/17/2026,9.26,9.7,9.26,9.7,4.75,22500.0,10.22,8.35
NBF3,9/18/2026,9.41,9.99,9.26,9.68,2.87,16900.0,10.22,8.35
NBF3,9/22/2026,9.45,9.51,9.11,9.51,0.63,26300.0,10.22,8.35
NBF3,9/23/2026,9.3,9.3,9.2,9.23,-0.75,400.0,10.22,8.35
NBF3,9/24/2026,9.5,9.5,9.0,9.0,-5.26,19700.0,10.22,8.35
NBF3,9/28/2026,9.0,9.2,9.0,9.16,1.78,22764.0,10.22,8.35
NBF3,9/29/2026,8.95,9.22,8.95,0.0,-100.0,2808.0,10.22,8.35
NBF3,9/30/2026,9.06,9.2,9.06,9.16,1.1,5410.0,10.22,8.35
NBF3,10/1/2026,9.16,9.3,9.16,9.16,0.0,8569.0,10.22,8.35
NBF3,10/2/2026,8.9,9.12,8.9,9.1,2.25,57437.0,10.22,8.35
NBL,2/12/2013,900.0,912.0,880.0,880.0,,4393.0,302.9,235.0
NBL,2/13/2013,880.0,905.0,840.0,897.0,1.93,21258.0,302.9,235.0
NBL,2/14/2013,897.0,880.0,808.0,808.0,-9.92,13260.0,302.9,235.0
NBL,2/19/2013,808.0,825.0,797.0,800.0,-0.99,3313.0,302.9,235.0
NBL,2/20/2013,800.0,816.0,784.0,791.0,-1.12,3091.0,302.9,235.0
NBL,2/21/2013,791.0,805.0,780.0,780.0,-1.39,2252.0,302.9,235.0
NBL,2/24/2013,780.0,779.0,736.0,762.0,-2.31,3195.0,302.9,235.0
NBL,2/25/2013,762.0,770.0,717.0,725.0,-4.86,2420.0,302.9,235.0
NBL,2/26/2013,725.0,714.0,695.0,700.0,-3.45,1765.0,302.9,235.0
NBL,2/27/2013,700.0,700.0,685.0,687.0,-1.86,1607.0,302.9,235.0
NBL,2/28/2013,687.0,702.0,685.0,686.0,-0.15,1121.0,302.9,235.0
NBL,3/3/2013,686.0,714.0,680.0,680.0,-0.87,1388.0,302.9,235.0
NBL,3/4/2013,680.0,683.0,667.0,683.0,0.44,1069.0,302.9,235.0
NBL,3/5/2013,683.0,696.0,670.0,670.0,-1.9,1618.0,302.9,235.0
NBL,3/6/2013,670.0,683.0,657.0,660.0,-1.49,3071.0,302.9,235.0
NBL,3/7/2013,660.0,673.0,632.0,632.0,-4.24,4218.0,302.9,235.0
NBL,3/11/2013,632.0,652.0,630.0,645.0,2.06,3483.0,302.9,235.0
NBL,3/13/2013,645.0,660.0,650.0,660.0,2.33,523.0,302.9,235.0
NBL,3/14/2013,660.0,680.0,653.0,680.0,3.03,2852.0,302.9,235.0
NBL,3/17/2013,680.0,688.0,673.0,680.0,0.0,1952.0,302.9,235.0
NBL,3/18/2013,680.0,680.0,670.0,680.0,0.0,819.0,302.9,235.0
NBL,3/19/2013,680.0,694.0,680.0,686.0,0.88,474.0,302.9,235.0
NBL,3/20/2013,686.0,673.0,673.0,673.0,-1.9,781.0,302.9,235.0
NBL,3/21/2013,673.0,693.0,666.0,666.0,-1.04,924.0,302.9,235.0
NBL,3/24/2013,666.0,670.0,640.0,652.0,-2.1,1488.0,302.9,235.0
NBL,3/25/2013,652.0,665.0,647.0,665.0,1.99,520.0,302.9,235.0
NBL,3/27/2013,665.0,675.0,656.0,665.0,0.0,596.0,302.9,235.0
NBL,3/28/2013,665.0,675.0,652.0,652.0,-1.95,1635.0,302.9,235.0
NBL,3/31/2013,652.0,659.0,648.0,650.0,-0.31,597.0,302.9,235.0
NBL,4/1/2013,650.0,645.0,637.0,640.0,-1.54,2200.0,302.9,235.0
NBL,4/2/2013,640.0,645.0,635.0,641.0,0.16,1725.0,302.9,235.0
NBL,4/3/2013,641.0,652.0,636.0,640.0,-0.16,2128.0,302.9,235.0
NBL,4/4/2013,640.0,641.0,631.0,638.0,-0.31,926.0,302.9,235.0
NBL,4/7/2013,638.0,645.0,636.0,639.0,0.16,1254.0,302.9,235.0
NBL,4/8/2013,639.0,650.0,638.0,641.0,0.31,963.0,302.9,235.0
NBL,4/9/2013,641.0,703.0,640.0,685.0,6.86,5896.0,302.9,235.0
NBL,4/11/2013,685.0,744.0,685.0,727.0,6.13,6685.0,302.9,235.0
NBL,4/15/2013,727.0,760.0,720.0,758.0,4.26,3605.0,302.9,235.0
NBL,4/16/2013,758.0,753.0,739.0,753.0,-0.66,2554.0,302.9,235.0
NBL,4/17/2013,753.0,751.0,738.0,738.0,-1.99,738.0,302.9,235.0
NBL,4/18/2013,738.0,733.0,701.0,710.0,-3.79,1677.0,302.9,235.0
NBL,4/21/2013,710.0,710.0,697.0,705.0,-0.7,741.0,302.9,235.0
NBL,4/22/2013,705.0,703.0,689.0,702.0,-0.43,560.0,302.9,235.0
NBL,4/23/2013,702.0,715.0,686.0,700.0,-0.28,7895.0,302.9,235.0
NBL,4/25/2013,700.0,706.0,686.0,705.0,0.71,2462.0,302.9,235.0
NBL,4/28/2013,705.0,719.0,695.0,699.0,-0.85,1420.0,302.9,235.0
NBL,4/29/2013,699.0,708.0,678.0,695.0,-0.57,2872.0,302.9,235.0
NBL,4/30/2013,695.0,695.0,626.0,626.0,-9.93,13940.0,302.9,235.0
NBL,5/2/2013,626.0,615.0,564.0,564.0,-9.9,8316.0,302.9,235.0
NBL,5/5/2013,564.0,555.0,508.0,508.0,-9.93,11463.0,302.9,235.0
NBL,5/6/2013,508.0,521.0,458.0,521.0,2.56,293777.0,302.9,235.0
NBL,5/7/2013,521.0,558.0,496.0,530.0,1.73,29919.0,302.9,235.0
NBL,5/8/2013,530.0,543.0,490.0,532.0,0.38,140540.0,302.9,235.0
NBL,5/9/2013,532.0,145.0,143.0,145.0,-72.74,135.0,302.9,235.0
NBL,5/22/2013,145.0,159.0,152.0,159.0,9.66,40.0,302.9,235.0
NBL,5/23/2013,159.0,174.0,162.0,174.0,9.43,60.0,302.9,235.0
NBL,5/26/2013,174.0,191.0,177.0,191.0,9.77,120.0,302.9,235.0
NBL,5/27/2013,191.0,204.0,185.0,185.0,-3.14,3065.0,302.9,235.0
NBL,5/28/2013,185.0,182.0,170.0,170.0,-8.11,3812.0,302.9,235.0
NBL,5/30/2013,170.0,177.0,170.0,177.0,4.12,1153.0,302.9,235.0
NBL,6/2/2013,177.0,176.0,173.0,176.0,-0.56,1170.0,302.9,235.0
NBL,6/3/2013,176.0,174.0,172.0,173.0,-1.7,2302.0,302.9,235.0
NBL,6/4/2013,173.0,170.0,170.0,170.0,-1.73,20.0,302.9,235.0
NBL,6/5/2013,170.0,173.0,168.0,168.0,-1.18,937.0,302.9,235.0
NBL,6/6/2013,168.0,168.0,165.0,166.0,-1.19,1250.0,302.9,235.0
NBL,6/9/2013,166.0,166.0,164.0,164.0,-1.2,425.0,302.9,235.0
NBL,6/10/2013,164.0,168.0,163.0,168.0,2.44,3093.0,302.9,235.0
NBL,6/11/2013,168.0,165.0,165.0,165.0,-1.79,240.0,302.9,235.0
NBL,6/12/2013,165.0,165.0,161.0,162.0,-1.82,3937.0,302.9,235.0
NBL,6/13/2013,162.0,162.0,162.0,162.0,0.0,602.0,302.9,235.0
NBL,6/16/2013,162.0,162.0,159.0,162.0,0.0,252.0,302.9,235.0
NBL,6/18/2013,162.0,163.0,161.0,163.0,0.62,696.0,302.9,235.0
NBL,6/19/2013,163.0,165.0,162.0,162.0,-0.61,271.0,302.9,235.0
NBL,6/20/2013,162.0,162.0,159.0,162.0,0.0,200.0,302.9,235.0
NBL,6/23/2013,162.0,159.0,156.0,156.0,-3.7,200.0,302.9,235.0
NBL,6/24/2013,156.0,155.0,150.0,150.0,-3.85,1088.0,302.9,235.0
NBL,6/25/2013,150.0,152.0,146.0,149.0,-0.67,4291.0,302.9,235.0
NBL,6/26/2013,149.0,156.0,150.0,153.0,2.68,2618.0,302.9,235.0
NBL,6/27/2013,153.0,160.0,153.0,157.0,2.61,1660.0,302.9,235.0
NBL,6/30/2013,157.0,161.0,157.0,161.0,2.55,1507.0,302.9,235.0
NBL,7/1/2013,161.0,160.0,158.0,158.0,-1.86,3204.0,302.9,235.0
NBL,7/2/2013,158.0,158.0,152.0,155.0,-1.9,2012.0,302.9,235.0
NBL,7/3/2013,155.0,159.0,156.0,159.0,2.58,1080.0,302.9,235.0
NBL,7/4/2013,159.0,162.0,158.0,159.0,0.0,641.0,302.9,235.0
NBL,7/7/2013,159.0,157.0,157.0,157.0,-1.26,15.0,302.9,235.0
NBL,7/8/2013,157.0,155.0,151.0,154.0,-1.91,425.0,302.9,235.0
NBL,7/9/2013,154.0,159.0,157.0,157.0,1.95,940.0,302.9,235.0
NBL,7/10/2013,157.0,160.0,160.0,160.0,1.91,1169.0,302.9,235.0
NBL,7/11/2013,160.0,163.0,160.0,160.0,0.0,741.0,302.9,235.0
NBL,7/14/2013,160.0,172.0,159.0,172.0,7.5,239.0,302.9,235.0
NBL,7/15/2013,172.0,171.0,169.0,171.0,-0.58,110.0,302.9,235.0
NBL,7/18/2013,171.0,168.0,165.0,165.0,-3.51,95.0,302.9,235.0
NBL,7/21/2013,165.0,162.0,155.0,155.0,-6.06,1141.0,302.9,235.0
NBL,7/22/2013,155.0,153.0,150.0,150.0,-3.23,2360.0,302.9,235.0
NBL,7/23/2013,150.0,154.0,147.0,154.0,2.67,1246.0,302.9,235.0
NBL,7/24/2013,154.0,155.0,152.0,155.0,0.65,1423.0,302.9,235.0
NBL,7/25/2013,155.0,161.0,158.0,158.0,1.94,2518.0,302.9,235.0
NBL,7/28/2013,158.0,163.0,158.0,160.0,1.27,1824.0,302.9,235.0
NBL,7/29/2013,160.0,163.0,162.0,163.0,1.88,1196.0,302.9,235.0
NBL,7/30/2013,163.0,169.0,165.0,169.0,3.68,690.0,302.9,235.0
NBL,7/31/2013,169.0,171.0,167.0,171.0,1.18,1821.0,302.9,235.0
NBL,8/1/2013,171.0,180.0,174.0,175.0,2.34,4726.0,302.9,235.0
NBL,8/4/2013,175.0,182.0,178.0,182.0,4.0,653.0,302.9,235.0
NBL,8/5/2013,180.0,179.0,176.0,176.0,-3.3,143.0,302.9,235.0
NBL,8/6/2013,176.0,175.0,172.0,172.0,-2.27,391.0,302.9,235.0
NBL,8/7/2013,172.0,175.0,170.0,171.0,-0.58,1481.0,302.9,235.0
NBL,8/8/2013,171.0,171.0,168.0,168.0,-1.75,2231.0,302.9,235.0
NBL,8/11/2013,168.0,165.0,156.0,156.0,-7.14,1563.0,302.9,235.0
NBL,8/12/2013,156.0,162.0,155.0,162.0,3.85,1832.0,302.9,235.0
NBL,8/13/2013,162.0,168.0,159.0,159.0,-1.85,3641.0,302.9,235.0
NBL,8/14/2013,159.0,160.0,157.0,160.0,0.63,1093.0,302.9,235.0
NBL,8/15/2013,160.0,160.0,157.0,157.0,-1.88,614.0,302.9,235.0
NBL,8/18/2013,157.0,163.0,158.0,159.0,1.27,3189.0,302.9,235.0
NBL,8/19/2013,159.0,163.0,158.0,163.0,2.52,713.0,302.9,235.0
NBL,8/20/2013,163.0,166.0,161.0,166.0,1.84,1102.0,302.9,235.0
NBL,8/25/2013,166.0,163.0,160.0,161.0,-3.01,556.0,302.9,235.0
NBL,8/26/2013,161.0,167.0,159.0,167.0,3.73,1924.0,302.9,235.0
NBL,8/27/2013,167.0,167.0,165.0,167.0,0.0,767.0,302.9,235.0
NBL,8/29/2013,167.0,171.0,165.0,170.0,1.8,859.0,302.9,235.0
NBL,9/1/2013,170.0,169.0,167.0,169.0,-0.59,156.0,302.9,235.0
NBL,9/2/2013,169.0,171.0,167.0,169.0,0.0,1333.0,302.9,235.0
NBL,9/3/2013,169.0,171.0,165.0,165.0,-2.37,1851.0,302.9,235.0
NBL,9/4/2013,165.0,169.0,164.0,169.0,2.42,3643.0,302.9,235.0
NBL,9/5/2013,169.0,169.0,166.0,169.0,0.0,1176.0,302.9,235.0
NBL,9/8/2013,169.0,172.0,169.0,169.0,0.0,1231.0,302.9,235.0
NBL,9/9/2013,169.0,172.0,166.0,169.0,0.0,2047.0,302.9,235.0
NBL,9/10/2013,169.0,175.0,166.0,166.0,-1.78,660.0,302.9,235.0
NBL,9/11/2013,166.0,168.0,163.0,163.0,-1.81,1849.0,302.9,235.0
NBL,9/12/2013,163.0,162.0,160.0,160.0,-1.84,600.0,302.9,235.0
NBL,9/15/2013,160.0,166.0,163.0,166.0,3.75,282.0,302.9,235.0
NBL,9/16/2013,165.0,163.0,157.0,157.0,-5.42,329.0,302.9,235.0
NBL,9/17/2013,157.0,161.0,154.0,161.0,2.55,507.0,302.9,235.0
NBL,9/19/2013,161.0,162.0,157.0,160.0,-0.62,1948.0,302.9,235.0
NBL,9/22/2013,160.0,160.0,157.0,158.0,-1.25,560.0,302.9,235.0
NBL,9/23/2013,158.0,155.0,155.0,155.0,-1.9,471.0,302.9,235.0
NBL,9/24/2013,155.0,157.0,152.0,157.0,1.29,1180.0,302.9,235.0
NBL,9/25/2013,157.0,166.0,156.0,161.0,2.55,6778.0,302.9,235.0
NBL,9/26/2013,161.0,173.0,162.0,164.0,1.86,10220.0,302.9,235.0
NBL,9/29/2013,164.0,165.0,163.0,163.0,-0.61,3030.0,302.9,235.0
NBL,9/30/2013,163.0,167.0,164.0,164.0,0.61,1537.0,302.9,235.0
NBL,10/1/2013,164.0,166.0,157.0,157.0,-4.27,8349.0,302.9,235.0
NBL,10/2/2013,157.0,157.0,150.0,154.0,-1.91,52517.0,302.9,235.0
NBL,10/3/2013,154.0,154.0,149.0,154.0,0.0,8108.0,302.9,235.0
NBL,10/6/2013,154.0,158.0,153.0,157.0,1.95,12146.0,302.9,235.0
NBL,10/7/2013,157.0,162.0,156.0,157.0,0.0,18733.0,302.9,235.0
NBL,10/8/2013,157.0,159.0,155.0,155.0,-1.27,15100.0,302.9,235.0
NBL,10/9/2013,155.0,155.0,152.0,155.0,0.0,17525.0,302.9,235.0
NBL,10/10/2013,155.0,164.0,157.0,164.0,5.81,13270.0,302.9,235.0
NBL,10/17/2013,164.0,170.0,164.0,170.0,3.66,3590.0,302.9,235.0
NBL,10/20/2013,170.0,171.0,165.0,169.0,-0.59,11234.0,302.9,235.0
NBL,10/21/2013,169.0,172.0,165.0,168.0,-0.59,17977.0,302.9,235.0
NBL,10/22/2013,168.0,168.0,160.0,165.0,-1.79,21064.0,302.9,235.0
NBL,10/23/2013,165.0,167.0,160.0,167.0,1.21,25741.0,302.9,235.0
NBL,10/24/2013,167.0,170.0,165.0,170.0,1.8,20198.0,302.9,235.0
NBL,10/27/2013,170.0,168.0,157.0,167.0,-1.76,34123.0,302.9,235.0
NBL,10/28/2013,167.0,168.0,162.0,165.0,-1.2,28422.0,302.9,235.0
NBL,10/29/2013,165.0,168.0,160.0,166.0,0.61,68595.0,302.9,235.0
NBL,10/30/2013,166.0,170.0,160.0,170.0,2.41,57590.0,302.9,235.0
NBL,10/31/2013,170.0,176.0,168.0,176.0,3.53,67419.0,302.9,235.0
NBL,11/6/2013,176.0,193.0,174.0,193.0,9.66,97079.0,302.9,235.0
NBL,11/7/2013,193.0,199.0,181.0,182.0,-5.7,59077.0,302.9,235.0
NBL,11/10/2013,182.0,194.0,183.0,194.0,6.59,84685.0,302.9,235.0
NBL,11/11/2013,194.0,202.0,189.0,202.0,4.12,42226.0,302.9,235.0
NBL,11/12/2013,202.0,209.0,200.0,202.0,0.0,158799.0,302.9,235.0
NBL,11/13/2013,202.0,211.0,204.0,208.0,2.97,88652.0,302.9,235.0
NBL,11/14/2013,208.0,215.0,202.0,214.0,2.88,200113.0,302.9,235.0
NBL,11/21/2013,214.0,222.0,218.0,222.0,3.74,1267.0,302.9,235.0
NBL,11/24/2013,222.0,244.0,226.0,244.0,9.91,201821.0,302.9,235.0
NBL,11/25/2013,244.0,260.0,235.0,257.0,5.33,158053.0,302.9,235.0
NBL,11/26/2013,257.0,265.0,257.0,264.0,2.72,74797.0,302.9,235.0
NBL,11/27/2013,264.0,265.0,245.0,255.0,-3.41,103005.0,302.9,235.0
NBL,11/28/2013,255.0,256.0,247.0,250.0,-1.96,41023.0,302.9,235.0
NBL,12/1/2013,250.0,263.0,245.0,255.0,2.0,141597.0,302.9,235.0
NBL,12/2/2013,255.0,276.0,255.0,269.0,5.49,55978.0,302.9,235.0
NBL,12/3/2013,268.0,284.0,260.0,284.0,5.58,100207.0,302.9,235.0
NBL,12/4/2013,284.0,312.0,289.0,309.0,8.8,80393.0,302.9,235.0
NBL,12/5/2013,309.0,322.0,296.0,304.0,-1.62,94891.0,302.9,235.0
NBL,12/8/2013,304.0,310.0,291.0,301.0,-0.99,54416.0,302.9,235.0
NBL,12/9/2013,301.0,305.0,291.0,295.0,-1.99,33558.0,302.9,235.0
NBL,12/10/2013,295.0,295.0,285.0,285.0,-3.39,42794.0,302.9,235.0
NBL,12/11/2013,285.0,300.0,284.0,296.0,3.86,91865.0,302.9,235.0
NBL,12/12/2013,296.0,299.0,290.0,290.0,-2.03,32856.0,302.9,235.0
NBL,12/15/2013,290.0,306.0,282.0,302.0,4.14,66006.0,302.9,235.0
NBL,12/16/2013,302.0,332.0,302.0,332.0,9.93,112400.0,302.9,235.0
NBL,12/18/2013,332.0,365.0,333.0,355.0,6.93,138028.0,302.9,235.0
NBL,12/19/2013,355.0,365.0,330.0,355.0,0.0,129292.0,302.9,235.0
NBL,12/22/2013,354.0,374.0,343.0,371.0,4.51,365857.0,302.9,235.0
NBL,12/23/2013,371.0,372.0,351.0,354.0,-4.58,89786.0,302.9,235.0
NBL,12/24/2013,354.0,370.0,341.0,361.0,1.98,92911.0,302.9,235.0
NBL,12/26/2013,365.0,381.0,363.0,363.0,0.55,100275.0,302.9,235.0
NBL,12/29/2013,363.0,370.0,358.0,369.0,1.65,66836.0,302.9,235.0
NBL,12/31/2013,369.0,368.0,343.0,350.0,-5.15,48004.0,302.9,235.0
NBL,1/1/2014,350.0,346.0,331.0,339.0,-3.14,73937.0,302.9,235.0
NBL,1/2/2014,339.0,358.0,330.0,346.0,2.06,71164.0,302.9,235.0
NBL,1/5/2014,346.0,351.0,341.0,345.0,-0.29,27891.0,302.9,235.0
NBL,1/6/2014,345.0,347.0,339.0,343.0,-0.58,23792.0,302.9,235.0
NBL,1/7/2014,343.0,346.0,338.0,340.0,-0.87,50631.0,302.9,235.0
NBL,1/8/2014,340.0,352.0,336.0,338.0,-0.59,69007.0,302.9,235.0
NBL,1/9/2014,338.0,346.0,338.0,345.0,2.07,32275.0,302.9,235.0
NBL,1/12/2014,345.0,360.0,342.0,353.0,2.32,42889.0,302.9,235.0
NBL,1/13/2014,353.0,358.0,343.0,349.0,-1.13,33760.0,302.9,235.0
NBL,1/14/2014,349.0,357.0,347.0,356.0,2.01,55657.0,302.9,235.0
NBL,1/16/2014,356.0,365.0,354.0,359.0,0.84,54326.0,302.9,235.0
NBL,1/19/2014,359.0,384.0,360.0,380.0,5.85,1214703.0,302.9,235.0
NBL,1/20/2014,380.0,380.0,364.0,369.0,-2.89,44974.0,302.9,235.0
NBL,1/21/2014,369.0,370.0,355.0,355.0,-3.79,14971.0,302.9,235.0
NBL,1/22/2014,355.0,355.0,343.0,348.0,-1.97,40290.0,302.9,235.0
NBL,1/23/2014,348.0,349.0,334.0,341.0,-2.01,43757.0,302.9,235.0
NBL,1/26/2014,341.0,349.0,335.0,344.0,0.88,27550.0,302.9,235.0
NBL,1/27/2014,344.0,350.0,334.0,334.0,-2.91,15326.0,302.9,235.0
NBL,1/28/2014,334.0,343.0,336.0,341.0,2.1,20292.0,302.9,235.0
NBL,1/29/2014,341.0,347.0,339.0,346.0,1.47,16649.0,302.9,235.0
NBL,2/2/2014,346.0,346.0,335.0,339.0,-2.02,17766.0,302.9,235.0
NBL,2/3/2014,339.0,337.0,331.0,335.0,-1.18,14102.0,302.9,235.0
NBL,2/4/2014,335.0,339.0,331.0,335.0,0.0,13758.0,302.9,235.0
NBL,2/6/2014,341.0,340.0,328.0,330.0,-1.49,11797.0,302.9,235.0
NBL,2/9/2014,330.0,336.0,327.0,328.0,-0.61,16120.0,302.9,235.0
NBL,2/10/2014,328.0,358.0,334.0,340.0,3.66,49169.0,302.9,235.0
NBL,2/11/2014,340.0,340.0,330.0,330.0,-2.94,18171.0,302.9,235.0
NBL,2/12/2014,330.0,333.0,326.0,329.0,-0.3,22134.0,302.9,235.0
NBL,2/13/2014,329.0,336.0,325.0,335.0,1.82,19002.0,302.9,235.0
NBL,2/16/2014,335.0,342.0,330.0,332.0,-0.9,24494.0,302.9,235.0
NBL,2/17/2014,332.0,339.0,334.0,338.0,1.81,11435.0,302.9,235.0
NBL,2/18/2014,338.0,342.0,335.0,341.0,0.89,11249.0,302.9,235.0
NBL,2/20/2014,341.0,350.0,332.0,335.0,-1.76,16161.0,302.9,235.0
NBL,2/23/2014,335.0,345.0,336.0,340.0,1.49,21789.0,302.9,235.0
NBL,2/24/2014,340.0,346.0,336.0,341.0,0.29,8387.0,302.9,235.0
NBL,2/25/2014,341.0,345.0,334.0,340.0,-0.29,8031.0,302.9,235.0
NBL,2/26/2014,340.0,342.0,330.0,338.0,-0.59,21571.0,302.9,235.0
NBL,3/3/2014,338.0,338.0,323.0,328.0,-2.96,11463.0,302.9,235.0
NBL,3/4/2014,328.0,322.0,311.0,320.0,-2.44,8938.0,302.9,235.0
NBL,3/5/2014,320.0,332.0,320.0,329.0,2.81,170538.0,302.9,235.0
NBL,3/6/2014,329.0,331.0,320.0,325.0,-1.22,195555.0,302.9,235.0
NBL,3/9/2014,325.0,333.0,324.0,330.0,1.54,192560.0,302.9,235.0
NBL,3/10/2014,330.0,338.0,320.0,330.0,0.0,141319.0,302.9,235.0
NBL,3/11/2014,330.0,332.0,325.0,326.0,-1.21,33954.0,302.9,235.0
NBL,3/12/2014,326.0,330.0,321.0,325.0,-0.31,27192.0,302.9,235.0
NBL,3/13/2014,325.0,332.0,319.0,325.0,0.0,16018.0,302.9,235.0
NBL,3/17/2014,325.0,325.0,318.0,319.0,-1.85,13693.0,302.9,235.0
NBL,3/18/2014,319.0,315.0,300.0,302.0,-5.33,47251.0,302.9,235.0
NBL,3/19/2014,302.0,320.0,300.0,316.0,4.64,21701.0,302.9,235.0
NBL,3/20/2014,316.0,320.0,314.0,316.0,0.0,17333.0,302.9,235.0
NBL,3/23/2014,316.0,320.0,316.0,320.0,1.27,14472.0,302.9,235.0
NBL,3/24/2014,320.0,322.0,315.0,322.0,0.63,7870.0,302.9,235.0
NBL,3/25/2014,322.0,320.0,313.0,315.0,-2.17,7738.0,302.9,235.0
NBL,3/26/2014,315.0,317.0,305.0,317.0,0.63,73798.0,302.9,235.0
NBL,3/27/2014,317.0,319.0,310.0,314.0,-0.95,29951.0,302.9,235.0
NBL,3/31/2014,314.0,322.0,305.0,315.0,0.32,34352.0,302.9,235.0
NBL,4/1/2014,315.0,332.0,305.0,318.0,0.95,197182.0,302.9,235.0
NBL,4/2/2014,318.0,321.0,313.0,320.0,0.63,14550.0,302.9,235.0
NBL,4/3/2014,320.0,328.0,310.0,319.0,-0.31,53808.0,302.9,235.0
NBL,4/6/2014,319.0,323.0,316.0,318.0,-0.31,15065.0,302.9,235.0
NBL,4/7/2014,318.0,323.0,312.0,313.0,-1.57,20726.0,302.9,235.0
NBL,4/9/2014,313.0,321.0,310.0,320.0,2.24,30589.0,302.9,235.0
NBL,4/10/2014,320.0,321.0,310.0,317.0,-0.94,153382.0,302.9,235.0
NBL,4/13/2014,317.0,320.0,311.0,319.0,0.63,13142.0,302.9,235.0
NBL,4/15/2014,319.0,322.0,315.0,318.0,-0.31,11559.0,302.9,235.0
NBL,4/16/2014,318.0,319.0,310.0,318.0,0.0,93779.0,302.9,235.0
NBL,4/17/2014,318.0,318.0,305.0,317.0,-0.31,56676.0,302.9,235.0
NBL,4/20/2014,317.0,317.0,315.0,315.0,-0.63,11948.0,302.9,235.0
NBL,4/21/2014,315.0,318.0,305.0,318.0,0.95,39827.0,302.9,235.0
NBL,4/22/2014,318.0,319.0,311.0,317.0,-0.31,23596.0,302.9,235.0
NBL,4/23/2014,317.0,324.0,315.0,321.0,1.26,19764.0,302.9,235.0
NBL,4/27/2014,321.0,325.0,315.0,315.0,-1.87,8543.0,302.9,235.0
NBL,4/28/2014,315.0,322.0,310.0,314.0,-0.32,18121.0,302.9,235.0
NBL,4/29/2014,314.0,317.0,310.0,312.0,-0.64,17420.0,302.9,235.0
NBL,4/30/2014,312.0,317.0,308.0,312.0,0.0,22274.0,302.9,235.0
NBL,5/4/2014,312.0,318.0,306.0,306.0,-1.92,30350.0,302.9,235.0
NBL,5/5/2014,306.0,323.0,309.0,315.0,2.94,20287.0,302.9,235.0
NBL,5/6/2014,315.0,332.0,320.0,323.0,2.54,43060.0,302.9,235.0
NBL,5/7/2014,323.0,335.0,320.0,327.0,1.24,30625.0,302.9,235.0
NBL,5/8/2014,327.0,330.0,319.0,327.0,0.0,8098.0,302.9,235.0
NBL,5/11/2014,327.0,327.0,315.0,317.0,-3.06,3766.0,302.9,235.0
NBL,5/12/2014,317.0,319.0,312.0,317.0,0.0,22594.0,302.9,235.0
NBL,5/13/2014,317.0,318.0,311.0,318.0,0.32,6690.0,302.9,235.0
NBL,5/15/2014,318.0,317.0,313.0,313.0,-1.57,16488.0,302.9,235.0
NBL,5/18/2014,313.0,323.0,313.0,314.0,0.32,15069.0,302.9,235.0
NBL,5/19/2014,314.0,319.0,313.0,315.0,0.32,21267.0,302.9,235.0
NBL,5/20/2014,315.0,316.0,303.0,315.0,0.0,6384.0,302.9,235.0
NBL,5/21/2014,315.0,319.0,312.0,315.0,0.0,9720.0,302.9,235.0
NBL,5/22/2014,315.0,316.0,313.0,314.0,-0.32,21858.0,302.9,235.0
NBL,5/25/2014,314.0,321.0,311.0,321.0,2.23,34168.0,302.9,235.0
NBL,5/26/2014,321.0,325.0,315.0,318.0,-0.93,18123.0,302.9,235.0
NBL,5/27/2014,318.0,319.0,316.0,318.0,0.0,16585.0,302.9,235.0
NBL,5/28/2014,318.0,324.0,315.0,318.0,0.0,28219.0,302.9,235.0
NBL,6/1/2014,318.0,321.0,316.0,321.0,0.94,33175.0,302.9,235.0
NBL,6/2/2014,321.0,336.0,322.0,331.0,3.12,35033.0,302.9,235.0
NBL,6/3/2014,331.0,353.0,332.0,332.0,0.3,34300.0,302.9,235.0
NBL,6/4/2014,332.0,341.0,332.0,336.0,1.2,6819.0,302.9,235.0
NBL,6/5/2014,336.0,339.0,331.0,331.0,-1.49,15945.0,302.9,235.0
NBL,6/8/2014,331.0,338.0,330.0,337.0,1.81,11635.0,302.9,235.0
NBL,6/9/2014,337.0,339.0,328.0,328.0,-2.67,8820.0,302.9,235.0
NBL,6/10/2014,328.0,336.0,330.0,334.0,1.83,8567.0,302.9,235.0
NBL,6/11/2014,334.0,343.0,335.0,338.0,1.2,15160.0,302.9,235.0
NBL,6/12/2014,338.0,347.0,333.0,335.0,-0.89,31751.0,302.9,235.0
NBL,6/15/2014,335.0,353.0,336.0,340.0,1.49,21983.0,302.9,235.0
NBL,6/16/2014,340.0,356.0,340.0,340.0,0.0,53133.0,302.9,235.0
NBL,6/17/2014,340.0,355.0,340.0,344.0,1.18,51272.0,302.9,235.0
NBL,6/18/2014,344.0,366.0,350.0,357.0,3.78,113415.0,302.9,235.0
NBL,6/19/2014,357.0,367.0,357.0,359.0,0.56,107448.0,302.9,235.0
NBL,6/23/2014,359.0,366.0,355.0,360.0,0.28,61669.0,302.9,235.0
NBL,6/24/2014,360.0,387.0,365.0,380.0,5.56,138165.0,302.9,235.0
NBL,6/25/2014,380.0,403.0,385.0,385.0,1.32,131967.0,302.9,235.0
NBL,6/26/2014,385.0,395.0,382.0,385.0,0.0,70539.0,302.9,235.0
NBL,6/29/2014,385.0,397.0,385.0,390.0,1.3,68180.0,302.9,235.0
NBL,6/30/2014,390.0,391.0,380.0,390.0,0.0,44405.0,302.9,235.0
NBL,7/1/2014,390.0,398.0,389.0,392.0,0.51,39954.0,302.9,235.0
NBL,7/2/2014,392.0,398.0,390.0,394.0,0.51,46284.0,302.9,235.0
NBL,7/3/2014,394.0,399.0,389.0,396.0,0.51,41124.0,302.9,235.0
NBL,7/6/2014,396.0,396.0,386.0,386.0,-2.53,33005.0,302.9,235.0
NBL,7/7/2014,386.0,397.0,385.0,386.0,0.0,45275.0,302.9,235.0
NBL,7/8/2014,386.0,402.0,390.0,396.0,2.59,74042.0,302.9,235.0
NBL,7/9/2014,396.0,408.0,392.0,408.0,3.03,72545.0,302.9,235.0
NBL,7/10/2014,408.0,430.0,392.0,422.0,3.43,58918.0,302.9,235.0
NBL,7/13/2014,422.0,462.0,428.0,445.0,5.45,118727.0,302.9,235.0
NBL,7/14/2014,445.0,477.0,451.0,460.0,3.37,114692.0,302.9,235.0
NBL,7/15/2014,460.0,469.0,455.0,462.0,0.43,51441.0,302.9,235.0
NBL,7/16/2014,462.0,477.0,450.0,459.0,-0.65,107124.0,302.9,235.0
NBL,7/17/2014,459.0,470.0,456.0,465.0,1.31,38367.0,302.9,235.0
NBL,7/20/2014,465.0,501.0,461.0,490.0,5.38,248332.0,302.9,235.0
NBL,7/21/2014,490.0,507.0,472.0,505.0,3.06,639369.0,302.9,235.0
NBL,7/22/2014,505.0,512.0,493.0,498.0,-1.39,101019.0,302.9,235.0
NBL,7/23/2014,498.0,522.0,500.0,510.0,2.41,113405.0,302.9,235.0
NBL,7/24/2014,510.0,532.0,510.0,525.0,2.94,85583.0,302.9,235.0
NBL,7/27/2014,525.0,566.0,515.0,549.0,4.57,179635.0,302.9,235.0
NBL,7/28/2014,549.0,558.0,536.0,551.0,0.36,49006.0,302.9,235.0
NBL,7/30/2014,551.0,553.0,527.0,538.0,-2.36,71229.0,302.9,235.0
NBL,7/31/2014,538.0,545.0,520.0,525.0,-2.42,66430.0,302.9,235.0
NBL,8/3/2014,525.0,535.0,510.0,513.0,-2.29,73184.0,302.9,235.0
NBL,8/4/2014,513.0,519.0,497.0,500.0,-2.53,53955.0,302.9,235.0
NBL,8/5/2014,500.0,529.0,500.0,512.0,2.4,57434.0,302.9,235.0
NBL,8/6/2014,512.0,515.0,498.0,499.0,-2.54,38251.0,302.9,235.0
NBL,8/7/2014,499.0,508.0,476.0,503.0,0.8,58160.0,302.9,235.0
NBL,8/12/2014,503.0,506.0,493.0,494.0,-1.79,33410.0,302.9,235.0
NBL,8/13/2014,494.0,504.0,480.0,496.0,0.4,39781.0,302.9,235.0
NBL,8/14/2014,496.0,496.0,481.0,488.0,-1.61,20356.0,302.9,235.0
NBL,8/18/2014,488.0,493.0,470.0,472.0,-3.28,27100.0,302.9,235.0
NBL,8/19/2014,472.0,491.0,455.0,472.0,0.0,24544.0,302.9,235.0
NBL,8/20/2014,472.0,480.0,450.0,450.0,-4.66,30579.0,302.9,235.0
NBL,8/21/2014,450.0,471.0,426.0,465.0,3.33,64527.0,302.9,235.0
NBL,8/24/2014,465.0,470.0,456.0,465.0,0.0,12615.0,302.9,235.0
NBL,8/25/2014,465.0,474.0,439.0,447.0,-3.87,1604.0,302.9,235.0
NBL,8/26/2014,447.0,474.0,410.0,423.0,-5.37,17175.0,302.9,235.0
NBL,8/27/2014,423.0,464.0,431.0,440.0,4.02,78271.0,302.9,235.0
NBL,8/28/2014,440.0,464.0,445.0,452.0,2.73,43285.0,302.9,235.0
NBL,8/31/2014,452.0,454.0,425.0,425.0,-5.97,7604.0,302.9,235.0
NBL,9/1/2014,425.0,434.0,410.0,432.0,1.65,35661.0,302.9,235.0
NBL,9/3/2014,432.0,440.0,400.0,415.0,-3.94,115844.0,302.9,235.0
NBL,9/4/2014,415.0,410.0,395.0,400.0,-3.61,58143.0,302.9,235.0
NBL,9/7/2014,400.0,395.0,370.0,370.0,-7.5,29253.0,302.9,235.0
NBL,9/9/2014,370.0,407.0,377.0,407.0,10.0,55106.0,302.9,235.0
NBL,9/10/2014,407.0,423.0,395.0,399.0,-1.97,70644.0,302.9,235.0
NBL,9/11/2014,399.0,402.0,380.0,396.0,-0.75,28110.0,302.9,235.0
NBL,9/14/2014,396.0,395.0,389.0,390.0,-1.52,15209.0,302.9,235.0
NBL,9/15/2014,390.0,402.0,390.0,402.0,3.08,8852.0,302.9,235.0
NBL,9/16/2014,402.0,400.0,386.0,390.0,-2.99,6571.0,302.9,235.0
NBL,9/17/2014,390.0,395.0,382.0,384.0,-1.54,8232.0,302.9,235.0
NBL,9/18/2014,384.0,386.0,370.0,386.0,0.52,38250.0,302.9,235.0
NBL,9/21/2014,386.0,386.0,360.0,361.0,-6.48,14931.0,302.9,235.0
NBL,9/22/2014,361.0,370.0,360.0,369.0,2.22,8308.0,302.9,235.0
NBL,9/23/2014,369.0,385.0,372.0,382.0,3.52,32278.0,302.9,235.0
NBL,9/24/2014,382.0,393.0,373.0,390.0,2.09,27338.0,302.9,235.0
NBL,9/28/2014,390.0,394.0,383.0,390.0,0.0,13584.0,302.9,235.0
NBL,9/29/2014,390.0,397.0,388.0,390.0,0.0,9600.0,302.9,235.0
NBL,9/30/2014,390.0,401.0,391.0,394.0,1.03,21872.0,302.9,235.0
NBL,10/8/2014,394.0,387.0,380.0,385.0,-2.28,4315.0,302.9,235.0
NBL,10/9/2014,385.0,382.0,378.0,382.0,-0.78,1685.0,302.9,235.0
NBL,10/12/2014,382.0,383.0,375.0,377.0,-1.31,6161.0,302.9,235.0
NBL,10/13/2014,377.0,381.0,370.0,377.0,0.0,17312.0,302.9,235.0
NBL,10/14/2014,377.0,382.0,370.0,377.0,0.0,31346.0,302.9,235.0
NBL,10/15/2014,377.0,400.0,370.0,400.0,6.1,13108.0,302.9,235.0
NBL,10/16/2014,400.0,400.0,390.0,390.0,-2.5,11337.0,302.9,235.0
NBL,10/19/2014,390.0,390.0,380.0,390.0,0.0,22995.0,302.9,235.0
NBL,10/20/2014,390.0,390.0,385.0,389.0,-0.26,11992.0,302.9,235.0
NBL,10/21/2014,389.0,391.0,389.0,389.0,0.0,7541.0,302.9,235.0
NBL,10/22/2014,389.0,394.0,383.0,386.0,-0.77,18925.0,302.9,235.0
NBL,10/26/2014,386.0,389.0,380.0,389.0,0.78,8051.0,302.9,235.0
NBL,10/27/2014,389.0,394.0,385.0,387.0,-0.51,11412.0,302.9,235.0
NBL,10/28/2014,387.0,390.0,385.0,385.0,-0.52,9063.0,302.9,235.0
NBL,10/30/2014,385.0,385.0,373.0,373.0,-3.12,8236.0,302.9,235.0
NBL,11/2/2014,373.0,380.0,370.0,380.0,1.88,19928.0,302.9,235.0
NBL,11/3/2014,380.0,386.0,369.0,369.0,-2.89,7341.0,302.9,235.0
NBL,11/4/2014,369.0,376.0,357.0,376.0,1.9,20149.0,302.9,235.0
NBL,11/5/2014,376.0,383.0,372.0,373.0,-0.8,4217.0,302.9,235.0
NBL,11/6/2014,373.0,383.0,366.0,383.0,2.68,8191.0,302.9,235.0
NBL,11/9/2014,383.0,379.0,365.0,371.0,-3.13,8731.0,302.9,235.0
NBL,11/10/2014,371.0,369.0,362.0,364.0,-1.89,5046.0,302.9,235.0
NBL,11/11/2014,364.0,382.0,357.0,372.0,2.2,21964.0,302.9,235.0
NBL,11/12/2014,372.0,372.0,360.0,366.0,-1.61,21224.0,302.9,235.0
NBL,11/13/2014,366.0,370.0,365.0,369.0,0.82,22643.0,302.9,235.0
NBL,11/16/2014,369.0,380.0,360.0,360.0,-2.44,25304.0,302.9,235.0
NBL,11/17/2014,360.0,367.0,347.0,352.0,-2.22,21825.0,302.9,235.0
NBL,11/18/2014,352.0,362.0,333.0,350.0,-0.57,21118.0,302.9,235.0
NBL,11/19/2014,350.0,357.0,350.0,355.0,1.43,6267.0,302.9,235.0
NBL,11/20/2014,355.0,367.0,350.0,356.0,0.28,27531.0,302.9,235.0
NBL,11/23/2014,356.0,370.0,350.0,350.0,-1.69,22956.0,302.9,235.0
NBL,11/24/2014,350.0,355.0,350.0,353.0,0.86,7311.0,302.9,235.0
NBL,11/25/2014,353.0,355.0,349.0,353.0,0.0,5852.0,302.9,235.0
NBL,11/30/2014,353.0,348.0,343.0,344.0,-2.55,4439.0,302.9,235.0
NBL,12/1/2014,344.0,350.0,340.0,340.0,-1.16,4300.0,302.9,235.0
NBL,12/2/2014,340.0,340.0,326.0,329.0,-3.24,13985.0,302.9,235.0
NBL,12/3/2014,329.0,346.0,328.0,334.0,1.52,20677.0,302.9,235.0
NBL,12/4/2014,334.0,340.0,329.0,334.0,0.0,36145.0,302.9,235.0
NBL,12/7/2014,334.0,340.0,325.0,326.0,-2.4,29800.0,302.9,235.0
NBL,12/8/2014,326.0,332.0,330.0,330.0,1.23,7911.0,302.9,235.0
NBL,12/9/2014,330.0,335.0,330.0,332.0,0.61,9911.0,302.9,235.0
NBL,12/10/2014,332.0,342.0,336.0,342.0,3.01,7821.0,302.9,235.0
NBL,12/11/2014,342.0,353.0,340.0,353.0,3.22,6145.0,302.9,235.0
NBL,12/14/2014,353.0,368.0,353.0,368.0,4.25,31831.0,302.9,235.0
NBL,12/15/2014,368.0,371.0,350.0,367.0,-0.27,206164.0,302.9,235.0
NBL,12/16/2014,367.0,366.0,359.0,361.0,-1.63,33703.0,302.9,235.0
NBL,12/17/2014,361.0,362.0,354.0,359.0,-0.55,19667.0,302.9,235.0
NBL,12/18/2014,359.0,362.0,350.0,360.0,0.28,2787.0,302.9,235.0
NBL,12/21/2014,360.0,360.0,344.0,350.0,-2.78,11166.0,302.9,235.0
NBL,12/22/2014,350.0,355.0,340.0,341.0,-2.57,11438.0,302.9,235.0
NBL,12/23/2014,341.0,346.0,338.0,341.0,0.0,5508.0,302.9,235.0
NBL,12/24/2014,341.0,356.0,337.0,356.0,4.4,13418.0,302.9,235.0
NBL,12/28/2014,356.0,360.0,350.0,355.0,-0.28,53331.0,302.9,235.0
NBL,12/29/2014,355.0,355.0,348.0,350.0,-1.41,10606.0,302.9,235.0
NBL,12/31/2014,350.0,349.0,335.0,345.0,-1.43,572274.0,302.9,235.0
NBL,1/1/2015,345.0,355.0,340.0,340.0,-1.45,45362.0,302.9,235.0
NBL,1/4/2015,340.0,350.0,343.0,345.0,1.47,51424.0,302.9,235.0
NBL,1/5/2015,345.0,357.0,343.0,350.0,1.45,35499.0,302.9,235.0
NBL,1/6/2015,350.0,346.0,341.0,342.0,-2.29,14720.0,302.9,235.0
NBL,1/7/2015,342.0,348.0,336.0,342.0,0.0,14193.0,302.9,235.0
NBL,1/8/2015,342.0,348.0,341.0,344.0,0.58,17190.0,302.9,235.0
NBL,1/11/2015,344.0,344.0,340.0,343.0,-0.29,16144.0,302.9,235.0
NBL,1/12/2015,343.0,344.0,338.0,340.0,-0.87,15061.0,302.9,235.0
NBL,1/13/2015,340.0,341.0,335.0,340.0,0.0,9044.0,302.9,235.0
NBL,1/14/2015,340.0,343.0,335.0,335.0,-1.47,9219.0,302.9,235.0
NBL,1/18/2015,335.0,352.0,334.0,338.0,0.9,18783.0,302.9,235.0
NBL,1/19/2015,338.0,362.0,344.0,344.0,1.78,41916.0,302.9,235.0
NBL,1/20/2015,344.0,348.0,332.0,342.0,-0.58,17578.0,302.9,235.0
NBL,1/22/2015,342.0,343.0,334.0,340.0,-0.58,23477.0,302.9,235.0
NBL,1/25/2015,340.0,341.0,335.0,340.0,0.0,4709.0,302.9,235.0
NBL,1/26/2015,340.0,349.0,336.0,336.0,-1.18,8693.0,302.9,235.0
NBL,1/27/2015,336.0,346.0,335.0,337.0,0.3,11135.0,302.9,235.0
NBL,1/28/2015,337.0,355.0,337.0,349.0,3.56,41461.0,302.9,235.0
NBL,1/29/2015,349.0,355.0,343.0,349.0,0.0,38770.0,302.9,235.0
NBL,2/1/2015,349.0,349.0,345.0,348.0,-0.29,37283.0,302.9,235.0
NBL,2/2/2015,348.0,350.0,344.0,345.0,-0.86,18298.0,302.9,235.0
NBL,2/3/2015,345.0,352.0,346.0,350.0,1.45,67004.0,302.9,235.0
NBL,2/4/2015,350.0,352.0,346.0,347.0,-0.86,12285.0,302.9,235.0
NBL,2/5/2015,347.0,346.0,342.0,345.0,-0.58,12915.0,302.9,235.0
NBL,2/8/2015,345.0,348.0,345.0,346.0,0.29,4040.0,302.9,235.0
NBL,2/9/2015,346.0,346.0,338.0,340.0,-1.73,21303.0,302.9,235.0
NBL,2/10/2015,340.0,349.0,339.0,349.0,2.65,14739.0,302.9,235.0
NBL,2/11/2015,349.0,354.0,337.0,340.0,-2.58,4896.0,302.9,235.0
NBL,2/12/2015,340.0,349.0,339.0,349.0,2.65,8543.0,302.9,235.0
NBL,2/15/2015,349.0,353.0,339.0,348.0,-0.29,5377.0,302.9,235.0
NBL,2/16/2015,348.0,345.0,329.0,336.0,-3.45,23392.0,302.9,235.0
NBL,2/18/2015,336.0,345.0,330.0,335.0,-0.3,7629.0,302.9,235.0
NBL,2/22/2015,335.0,330.0,324.0,325.0,-2.99,25149.0,302.9,235.0
NBL,2/23/2015,325.0,328.0,314.0,322.0,-0.92,27681.0,302.9,235.0
NBL,2/24/2015,322.0,325.0,320.0,325.0,0.93,13576.0,302.9,235.0
NBL,2/25/2015,325.0,334.0,321.0,324.0,-0.31,11934.0,302.9,235.0
NBL,2/26/2015,324.0,344.0,323.0,344.0,6.17,1170.0,302.9,235.0
NBL,3/1/2015,344.0,338.0,320.0,324.0,-5.81,16618.0,302.9,235.0
NBL,3/2/2015,324.0,329.0,320.0,327.0,0.93,7869.0,302.9,235.0
NBL,3/3/2015,327.0,337.0,321.0,337.0,3.06,7437.0,302.9,235.0
NBL,3/4/2015,337.0,339.0,324.0,334.0,-0.89,14262.0,302.9,235.0
NBL,3/9/2015,334.0,339.0,329.0,329.0,-1.5,6449.0,302.9,235.0
NBL,3/10/2015,329.0,330.0,323.0,325.0,-1.22,7855.0,302.9,235.0
NBL,3/11/2015,325.0,331.0,321.0,323.0,-0.62,2711.0,302.9,235.0
NBL,3/12/2015,323.0,326.0,320.0,323.0,0.0,11345.0,302.9,235.0
NBL,3/15/2015,323.0,322.0,317.0,320.0,-0.93,6831.0,302.9,235.0
NBL,3/16/2015,320.0,323.0,316.0,317.0,-0.94,3877.0,302.9,235.0
NBL,3/17/2015,317.0,322.0,310.0,321.0,1.26,7152.0,302.9,235.0
NBL,3/18/2015,321.0,321.0,315.0,320.0,-0.31,5286.0,302.9,235.0
NBL,3/19/2015,320.0,330.0,319.0,319.0,-0.31,1640.0,302.9,235.0
NBL,3/22/2015,319.0,332.0,320.0,320.0,0.31,18216.0,302.9,235.0
NBL,3/23/2015,320.0,322.0,318.0,320.0,0.0,1207.0,302.9,235.0
NBL,3/24/2015,320.0,318.0,308.0,318.0,-0.62,3850.0,302.9,235.0
NBL,3/25/2015,318.0,313.0,309.0,311.0,-2.2,2553.0,302.9,235.0
NBL,3/26/2015,311.0,311.0,304.0,307.0,-1.29,8445.0,302.9,235.0
NBL,3/29/2015,307.0,309.0,302.0,305.0,-0.65,11135.0,302.9,235.0
NBL,3/30/2015,305.0,305.0,300.0,301.0,-1.31,12764.0,302.9,235.0
NBL,3/31/2015,301.0,309.0,300.0,308.0,2.33,10197.0,302.9,235.0
NBL,4/1/2015,308.0,310.0,301.0,301.0,-2.27,3809.0,302.9,235.0
NBL,4/2/2015,301.0,310.0,301.0,310.0,2.99,5296.0,302.9,235.0
NBL,4/5/2015,310.0,314.0,303.0,303.0,-2.26,3110.0,302.9,235.0
NBL,4/6/2015,303.0,307.0,298.0,302.0,-0.33,13457.0,302.9,235.0
NBL,4/7/2015,302.0,304.0,298.0,298.0,-1.32,9535.0,302.9,235.0
NBL,4/8/2015,298.0,308.0,299.0,301.0,1.01,22207.0,302.9,235.0
NBL,4/9/2015,301.0,322.0,301.0,311.0,3.32,5880.0,302.9,235.0
NBL,4/12/2015,311.0,317.0,302.0,302.0,-2.89,14857.0,302.9,235.0
NBL,4/13/2015,302.0,305.0,300.0,302.0,0.0,49972.0,302.9,235.0
NBL,4/15/2015,302.0,305.0,294.0,300.0,-0.66,14917.0,302.9,235.0
NBL,4/16/2015,300.0,300.0,298.0,300.0,0.0,5271.0,302.9,235.0
NBL,4/19/2015,300.0,302.0,296.0,300.0,0.0,3153.0,302.9,235.0
NBL,4/20/2015,300.0,301.0,298.0,298.0,-0.67,4671.0,302.9,235.0
NBL,4/21/2015,298.0,303.0,295.0,295.0,-1.01,11453.0,302.9,235.0
NBL,4/22/2015,295.0,300.0,295.0,300.0,1.69,3832.0,302.9,235.0
NBL,4/23/2015,300.0,297.0,292.0,292.0,-2.67,8051.0,302.9,235.0
NBL,5/24/2015,292.0,287.0,263.0,263.0,-9.93,217.0,302.9,235.0
NBL,5/25/2015,263.0,258.0,237.0,237.0,-9.89,7264.0,302.9,235.0
NBL,5/26/2015,237.0,260.0,225.0,241.0,1.69,48096.0,302.9,235.0
NBL,5/27/2015,241.0,241.0,237.0,238.0,-1.24,10170.0,302.9,235.0
NBL,5/28/2015,238.0,246.0,229.0,240.0,0.84,23636.0,302.9,235.0
NBL,5/31/2015,240.0,250.0,240.0,244.0,1.67,30388.0,302.9,235.0
NBL,6/1/2015,244.0,260.0,242.0,242.0,-0.82,59101.0,302.9,235.0
NBL,6/2/2015,242.0,255.0,242.0,252.0,4.13,35127.0,302.9,235.0
NBL,6/3/2015,252.0,275.0,242.0,264.0,4.76,214930.0,302.9,235.0
NBL,6/4/2015,264.0,289.0,269.0,282.0,6.82,73327.0,302.9,235.0
NBL,6/7/2015,282.0,295.0,281.0,289.0,2.48,39141.0,302.9,235.0
NBL,6/8/2015,289.0,307.0,291.0,295.0,2.08,64575.0,302.9,235.0
NBL,6/9/2015,295.0,324.0,300.0,310.0,5.08,149337.0,302.9,235.0
NBL,6/10/2015,310.0,315.0,295.0,302.0,-2.58,111736.0,302.9,235.0
NBL,6/11/2015,302.0,300.0,294.0,294.0,-2.65,23149.0,302.9,235.0
NBL,6/14/2015,294.0,299.0,284.0,291.0,-1.02,22394.0,302.9,235.0
NBL,6/15/2015,291.0,294.0,280.0,290.0,-0.34,31291.0,302.9,235.0
NBL,6/16/2015,290.0,288.0,284.0,285.0,-1.72,10148.0,302.9,235.0
NBL,6/17/2015,285.0,289.0,283.0,285.0,0.0,7869.0,302.9,235.0
NBL,6/18/2015,285.0,287.0,282.0,284.0,-0.35,21405.0,302.9,235.0
NBL,6/21/2015,284.0,280.0,275.0,277.0,-2.46,10552.0,302.9,235.0
NBL,6/22/2015,277.0,281.0,272.0,276.0,-0.36,16005.0,302.9,235.0
NBL,6/23/2015,276.0,284.0,277.0,284.0,2.9,6256.0,302.9,235.0
NBL,6/24/2015,284.0,283.0,274.0,280.0,-1.41,48028.0,302.9,235.0
NBL,6/25/2015,280.0,286.0,277.0,277.0,-1.07,4768.0,302.9,235.0
NBL,6/28/2015,277.0,287.0,276.0,282.0,1.81,5154.0,302.9,235.0
NBL,6/29/2015,282.0,291.0,280.0,284.0,0.71,21917.0,302.9,235.0
NBL,6/30/2015,284.0,290.0,282.0,285.0,0.35,15322.0,302.9,235.0
NBL,7/1/2015,285.0,290.0,281.0,281.0,-1.4,22249.0,302.9,235.0
NBL,7/2/2015,281.0,279.0,276.0,277.0,-1.42,12251.0,302.9,235.0
NBL,7/5/2015,277.0,289.0,275.0,280.0,1.08,15200.0,302.9,235.0
NBL,7/6/2015,280.0,278.0,271.0,278.0,-0.71,17005.0,302.9,235.0
NBL,7/7/2015,278.0,283.0,268.0,282.0,1.44,27239.0,302.9,235.0
NBL,7/8/2015,282.0,290.0,272.0,286.0,1.42,20998.0,302.9,235.0
NBL,7/9/2015,286.0,285.0,275.0,280.0,-2.1,11380.0,302.9,235.0
NBL,7/12/2015,280.0,282.0,270.0,273.0,-2.5,16774.0,302.9,235.0
NBL,7/13/2015,273.0,277.0,265.0,277.0,1.47,11190.0,302.9,235.0
NBL,7/14/2015,277.0,276.0,270.0,275.0,-0.72,12100.0,302.9,235.0
NBL,7/15/2015,275.0,281.0,270.0,278.0,1.09,10531.0,302.9,235.0
NBL,7/16/2015,278.0,305.0,271.0,305.0,9.71,19596.0,302.9,235.0
NBL,7/22/2015,305.0,299.0,280.0,281.0,-7.87,15070.0,302.9,235.0
NBL,7/23/2015,281.0,294.0,282.0,291.0,3.56,45507.0,302.9,235.0
NBL,7/26/2015,291.0,320.0,296.0,320.0,9.97,20091.0,302.9,235.0
NBL,7/27/2015,320.0,338.0,290.0,299.0,-6.56,52329.0,302.9,235.0
NBL,7/28/2015,299.0,299.0,287.0,287.0,-4.01,24653.0,302.9,235.0
NBL,7/29/2015,287.0,292.0,285.0,287.0,0.0,4626.0,302.9,235.0
NBL,7/30/2015,287.0,289.0,284.0,285.0,-0.7,11564.0,302.9,235.0
NBL,8/2/2015,285.0,287.0,276.0,278.0,-2.46,25676.0,302.9,235.0
NBL,8/3/2015,278.0,283.0,275.0,278.0,0.0,18230.0,302.9,235.0
NBL,8/4/2015,278.0,282.0,270.0,270.0,-2.88,19982.0,302.9,235.0
NBL,8/5/2015,270.0,280.0,270.0,278.0,2.96,12705.0,302.9,235.0
NBL,8/6/2015,278.0,278.0,270.0,273.0,-1.8,11269.0,302.9,235.0
NBL,8/9/2015,273.0,285.0,273.0,277.0,1.47,10605.0,302.9,235.0
NBL,8/10/2015,277.0,282.0,272.0,274.0,-1.08,17804.0,302.9,235.0
NBL,8/11/2015,274.0,272.0,261.0,268.0,-2.19,54423.0,302.9,235.0
NBL,8/12/2015,268.0,270.0,265.0,270.0,0.75,47385.0,302.9,235.0
NBL,8/13/2015,270.0,274.0,266.0,269.0,-0.37,31966.0,302.9,235.0
NBL,8/16/2015,269.0,266.0,258.0,262.0,-2.6,63720.0,302.9,235.0
NBL,8/17/2015,262.0,285.0,267.0,278.0,6.11,20366.0,302.9,235.0
NBL,8/18/2015,278.0,288.0,276.0,278.0,0.0,14111.0,302.9,235.0
NBL,8/19/2015,278.0,299.0,277.0,299.0,7.55,11737.0,302.9,235.0
NBL,8/20/2015,299.0,310.0,291.0,295.0,-1.34,14706.0,302.9,235.0
NBL,8/23/2015,295.0,290.0,290.0,290.0,-1.69,600.0,302.9,235.0
NBL,8/24/2015,290.0,293.0,280.0,281.0,-3.1,5448.0,302.9,235.0
NBL,8/25/2015,281.0,292.0,276.0,290.0,3.2,17100.0,302.9,235.0
NBL,8/26/2015,290.0,296.0,288.0,289.0,-0.34,8417.0,302.9,235.0
NBL,8/27/2015,289.0,287.0,280.0,285.0,-1.38,13650.0,302.9,235.0
NBL,8/31/2015,285.0,290.0,282.0,285.0,0.0,11353.0,302.9,235.0
NBL,9/1/2015,285.0,284.0,280.0,282.0,-1.05,15726.0,302.9,235.0
NBL,9/2/2015,282.0,283.0,277.0,278.0,-1.42,8350.0,302.9,235.0
NBL,9/3/2015,278.0,280.0,278.0,279.0,0.36,6000.0,302.9,235.0
NBL,9/6/2015,279.0,281.0,274.0,277.0,-0.72,6858.0,302.9,235.0
NBL,9/7/2015,277.0,290.0,280.0,282.0,1.81,15986.0,302.9,235.0
NBL,9/8/2015,282.0,295.0,280.0,284.0,0.71,23431.0,302.9,235.0
NBL,9/9/2015,284.0,286.0,280.0,284.0,0.0,8938.0,302.9,235.0
NBL,9/10/2015,284.0,285.0,279.0,283.0,-0.35,12053.0,302.9,235.0
NBL,9/13/2015,283.0,285.0,280.0,282.0,-0.35,16262.0,302.9,235.0
NBL,9/14/2015,282.0,290.0,268.0,285.0,1.06,129389.0,302.9,235.0
NBL,9/15/2015,285.0,290.0,283.0,290.0,1.75,22810.0,302.9,235.0
NBL,9/16/2015,290.0,290.0,285.0,289.0,-0.34,13300.0,302.9,235.0
NBL,9/17/2015,289.0,289.0,282.0,285.0,-1.38,11300.0,302.9,235.0
NBL,9/22/2015,285.0,280.0,276.0,280.0,-1.75,7947.0,302.9,235.0
NBL,9/23/2015,280.0,288.0,268.0,282.0,0.71,116111.0,302.9,235.0
NBL,9/24/2015,282.0,282.0,280.0,280.0,-0.71,4862.0,302.9,235.0
NBL,9/28/2015,280.0,278.0,270.0,275.0,-1.79,5410.0,302.9,235.0
NBL,9/29/2015,275.0,276.0,275.0,276.0,0.36,2025.0,302.9,235.0
NBL,9/30/2015,276.0,281.0,275.0,275.0,-0.36,7936.0,302.9,235.0
NBL,10/1/2015,275.0,280.0,275.0,276.0,0.36,6094.0,302.9,235.0
NBL,10/4/2015,276.0,281.0,273.0,275.0,-0.36,14995.0,302.9,235.0
NBL,10/5/2015,275.0,275.0,270.0,275.0,0.0,2908.0,302.9,235.0
NBL,10/6/2015,275.0,275.0,271.0,271.0,-1.45,3960.0,302.9,235.0
NBL,10/7/2015,271.0,276.0,269.0,270.0,-0.37,12020.0,302.9,235.0
NBL,10/8/2015,270.0,280.0,268.0,280.0,3.7,8633.0,302.9,235.0
NBL,10/11/2015,280.0,279.0,270.0,270.0,-3.57,16018.0,302.9,235.0
NBL,10/14/2015,270.0,267.0,262.0,267.0,-1.11,6000.0,302.9,235.0
NBL,10/15/2015,267.0,270.0,266.0,266.0,-0.37,8479.0,302.9,235.0
NBL,10/18/2015,266.0,272.0,261.0,268.0,0.75,3500.0,302.9,235.0
NBL,10/25/2015,268.0,268.0,263.0,267.0,-0.37,4520.0,302.9,235.0
NBL,10/27/2015,267.0,262.0,253.0,255.0,-4.49,6100.0,302.9,235.0
NBL,10/28/2015,255.0,264.0,250.0,264.0,3.53,9398.0,302.9,235.0
NBL,10/29/2015,264.0,260.0,260.0,260.0,-1.52,2950.0,302.9,235.0
NBL,11/1/2015,260.0,260.0,255.0,258.0,-0.77,842.0,302.9,235.0
NBL,11/2/2015,258.0,259.0,255.0,259.0,0.39,5300.0,302.9,235.0
NBL,11/3/2015,259.0,261.0,252.0,253.0,-2.32,10587.0,302.9,235.0
NBL,11/4/2015,253.0,257.0,253.0,257.0,1.58,1400.0,302.9,235.0
NBL,11/5/2015,257.0,262.0,250.0,252.0,-1.95,29642.0,302.9,235.0
NBL,11/8/2015,252.0,256.0,250.0,252.0,0.0,25515.0,302.9,235.0
NBL,11/9/2015,252.0,265.0,257.0,261.0,3.57,10648.0,302.9,235.0
NBL,11/10/2015,261.0,272.0,263.0,272.0,4.21,8783.0,302.9,235.0
NBL,11/15/2015,272.0,276.0,265.0,276.0,1.47,40169.0,302.9,235.0
NBL,11/16/2015,276.0,281.0,268.0,270.0,-2.17,38843.0,302.9,235.0
NBL,11/18/2015,270.0,278.0,270.0,270.0,0.0,13904.0,302.9,235.0
NBL,11/19/2015,270.0,274.0,269.0,273.0,1.11,7940.0,302.9,235.0
NBL,11/22/2015,273.0,268.0,260.0,264.0,-3.3,13725.0,302.9,235.0
NBL,11/23/2015,264.0,265.0,260.0,263.0,-0.38,12300.0,302.9,235.0
NBL,11/24/2015,263.0,269.0,262.0,269.0,2.28,15146.0,302.9,235.0
NBL,11/25/2015,269.0,264.0,263.0,264.0,-1.86,9332.0,302.9,235.0
NBL,11/26/2015,264.0,264.0,251.0,255.0,-3.41,17402.0,302.9,235.0
NBL,11/29/2015,255.0,255.0,247.0,247.0,-3.14,11070.0,302.9,235.0
NBL,11/30/2015,247.0,262.0,251.0,256.0,3.64,8193.0,302.9,235.0
NBL,12/1/2015,256.0,267.0,261.0,267.0,4.3,6054.0,302.9,235.0
NBL,12/2/2015,267.0,271.0,257.0,267.0,0.0,2310.0,302.9,235.0
NBL,12/3/2015,267.0,272.0,261.0,264.0,-1.12,6860.0,302.9,235.0
NBL,12/6/2015,264.0,274.0,265.0,269.0,1.89,4113.0,302.9,235.0
NBL,12/7/2015,269.0,275.0,268.0,271.0,0.74,5881.0,302.9,235.0
NBL,12/8/2015,271.0,271.0,267.0,268.0,-1.11,5300.0,302.9,235.0
NBL,12/9/2015,268.0,277.0,272.0,275.0,2.61,30050.0,302.9,235.0
NBL,12/10/2015,275.0,280.0,268.0,272.0,-1.09,14624.0,302.9,235.0
NBL,12/13/2015,272.0,275.0,269.0,269.0,-1.1,7150.0,302.9,235.0
NBL,12/14/2015,269.0,283.0,264.0,275.0,2.23,15300.0,302.9,235.0
NBL,12/15/2015,275.0,275.0,270.0,275.0,0.0,3200.0,302.9,235.0
NBL,12/16/2015,275.0,287.0,272.0,287.0,4.36,29223.0,302.9,235.0
NBL,12/17/2015,287.0,292.0,275.0,277.0,-3.48,11487.0,302.9,235.0
NBL,12/20/2015,277.0,282.0,277.0,282.0,1.81,27792.0,302.9,235.0
NBL,12/21/2015,282.0,290.0,280.0,290.0,2.84,27494.0,302.9,235.0
NBL,12/22/2015,290.0,300.0,290.0,294.0,1.38,46152.0,302.9,235.0
NBL,12/23/2015,294.0,293.0,286.0,293.0,-0.34,19601.0,302.9,235.0
NBL,12/24/2015,293.0,296.0,287.0,287.0,-2.05,17210.0,302.9,235.0
NBL,12/27/2015,287.0,295.0,285.0,293.0,2.09,12994.0,302.9,235.0
NBL,12/28/2015,293.0,297.0,290.0,293.0,0.0,43173.0,302.9,235.0
NBL,12/29/2015,293.0,300.0,279.0,300.0,2.39,66740.0,302.9,235.0
NBL,12/31/2015,300.0,317.0,285.0,304.0,1.33,355111.0,302.9,235.0
NBL,1/3/2016,304.0,310.0,306.0,310.0,1.97,40043.0,302.9,235.0
NBL,1/4/2016,310.0,306.0,300.0,301.0,-2.9,23894.0,302.9,235.0
NBL,1/5/2016,301.0,304.0,290.0,290.0,-3.65,15493.0,302.9,235.0
NBL,1/6/2016,290.0,303.0,271.0,299.0,3.1,66866.0,302.9,235.0
NBL,1/7/2016,299.0,300.0,296.0,300.0,0.33,74508.0,302.9,235.0
NBL,1/10/2016,300.0,305.0,294.0,303.0,1.0,35034.0,302.9,235.0
NBL,1/11/2016,303.0,305.0,300.0,301.0,-0.66,22194.0,302.9,235.0
NBL,1/12/2016,301.0,307.0,298.0,301.0,0.0,35223.0,302.9,235.0
NBL,1/13/2016,301.0,307.0,301.0,305.0,1.33,65700.0,302.9,235.0
NBL,1/14/2016,305.0,328.0,305.0,322.0,5.57,115901.0,302.9,235.0
NBL,1/17/2016,322.0,335.0,319.0,330.0,2.48,170631.0,302.9,235.0
NBL,1/18/2016,330.0,348.0,330.0,338.0,2.42,104647.0,302.9,235.0
NBL,1/19/2016,338.0,340.0,327.0,338.0,0.0,56995.0,302.9,235.0
NBL,1/20/2016,338.0,338.0,331.0,338.0,0.0,27344.0,302.9,235.0
NBL,1/21/2016,338.0,343.0,332.0,333.0,-1.48,22446.0,302.9,235.0
NBL,1/24/2016,333.0,335.0,332.0,333.0,0.0,30546.0,302.9,235.0
NBL,1/25/2016,333.0,335.0,320.0,322.0,-3.3,28986.0,302.9,235.0
NBL,1/26/2016,322.0,330.0,321.0,326.0,1.24,14122.0,302.9,235.0
NBL,1/27/2016,326.0,328.0,321.0,321.0,-1.53,10700.0,302.9,235.0
NBL,1/28/2016,321.0,325.0,320.0,324.0,0.93,16714.0,302.9,235.0
NBL,1/31/2016,324.0,326.0,320.0,321.0,-0.93,7898.0,302.9,235.0
NBL,2/1/2016,321.0,327.0,322.0,325.0,1.25,31428.0,302.9,235.0
NBL,2/2/2016,325.0,332.0,321.0,328.0,0.92,32366.0,302.9,235.0
NBL,2/3/2016,328.0,335.0,326.0,330.0,0.61,47110.0,302.9,235.0
NBL,2/4/2016,330.0,333.0,326.0,330.0,0.0,27469.0,302.9,235.0
NBL,2/7/2016,330.0,342.0,328.0,331.0,0.3,41078.0,302.9,235.0
NBL,2/8/2016,331.0,337.0,329.0,333.0,0.6,44997.0,302.9,235.0
NBL,2/11/2016,333.0,366.0,339.0,340.0,2.1,180431.0,302.9,235.0
NBL,2/14/2016,340.0,352.0,339.0,342.0,0.59,31940.0,302.9,235.0
NBL,2/15/2016,342.0,347.0,336.0,345.0,0.88,48757.0,302.9,235.0
NBL,2/16/2016,345.0,355.0,339.0,355.0,2.9,129611.0,302.9,235.0
NBL,2/17/2016,355.0,376.0,355.0,370.0,4.23,158220.0,302.9,235.0
NBL,2/18/2016,370.0,385.0,355.0,375.0,1.35,126655.0,302.9,235.0
NBL,2/21/2016,375.0,387.0,370.0,372.0,-0.8,35109.0,302.9,235.0
NBL,2/22/2016,372.0,378.0,367.0,367.0,-1.34,51310.0,302.9,235.0
NBL,2/23/2016,367.0,374.0,359.0,365.0,-0.54,41202.0,302.9,235.0
NBL,2/24/2016,365.0,365.0,356.0,357.0,-2.19,9977.0,302.9,235.0
NBL,2/25/2016,357.0,367.0,351.0,361.0,1.12,46777.0,302.9,235.0
NBL,2/28/2016,361.0,367.0,360.0,362.0,0.28,39275.0,302.9,235.0
NBL,2/29/2016,362.0,363.0,358.0,361.0,-0.28,19336.0,302.9,235.0
NBL,3/1/2016,361.0,368.0,358.0,368.0,1.94,50317.0,302.9,235.0
NBL,3/2/2016,368.0,375.0,361.0,375.0,1.9,51462.0,302.9,235.0
NBL,3/3/2016,375.0,374.0,368.0,370.0,-1.33,17947.0,302.9,235.0
NBL,3/6/2016,370.0,374.0,366.0,371.0,0.27,30279.0,302.9,235.0
NBL,3/10/2016,371.0,371.0,365.0,371.0,0.0,39615.0,302.9,235.0
NBL,3/13/2016,371.0,381.0,364.0,371.0,0.0,45472.0,302.9,235.0
NBL,3/14/2016,371.0,373.0,364.0,364.0,-1.89,86846.0,302.9,235.0
NBL,3/15/2016,364.0,377.0,346.0,377.0,3.57,147810.0,302.9,235.0
NBL,3/16/2016,377.0,390.0,378.0,382.0,1.33,81352.0,302.9,235.0
NBL,3/17/2016,382.0,410.0,382.0,400.0,4.71,178022.0,302.9,235.0
NBL,3/20/2016,400.0,413.0,388.0,400.0,0.0,138739.0,302.9,235.0
NBL,3/21/2016,400.0,414.0,397.0,400.0,0.0,203878.0,302.9,235.0
NBL,3/23/2016,400.0,424.0,392.0,396.0,-1.0,183130.0,302.9,235.0
NBL,3/24/2016,396.0,395.0,384.0,385.0,-2.78,97381.0,302.9,235.0
NBL,3/27/2016,385.0,408.0,382.0,406.0,5.45,168645.0,302.9,235.0
NBL,3/28/2016,406.0,422.0,400.0,402.0,-0.99,134081.0,302.9,235.0
NBL,3/29/2016,402.0,406.0,396.0,400.0,-0.5,96654.0,302.9,235.0
NBL,3/30/2016,400.0,408.0,400.0,401.0,0.25,120035.0,302.9,235.0
NBL,3/31/2016,401.0,405.0,398.0,401.0,0.0,146774.0,302.9,235.0
NBL,4/3/2016,401.0,400.0,390.0,398.0,-0.75,50884.0,302.9,235.0
NBL,4/4/2016,398.0,401.0,399.0,400.0,0.5,61306.0,302.9,235.0
NBL,4/5/2016,400.0,405.0,399.0,402.0,0.5,52162.0,302.9,235.0
NBL,4/6/2016,402.0,407.0,400.0,405.0,0.75,81341.0,302.9,235.0
NBL,4/10/2016,405.0,406.0,403.0,405.0,0.0,31935.0,302.9,235.0
NBL,4/11/2016,405.0,415.0,405.0,408.0,0.74,76292.0,302.9,235.0
NBL,4/12/2016,408.0,427.0,410.0,422.0,3.43,216085.0,302.9,235.0
NBL,4/14/2016,422.0,433.0,422.0,433.0,2.61,77281.0,302.9,235.0
NBL,4/17/2016,433.0,445.0,433.0,435.0,0.46,89108.0,302.9,235.0
NBL,4/18/2016,435.0,440.0,430.0,432.0,-0.69,80749.0,302.9,235.0
NBL,4/19/2016,432.0,435.0,423.0,425.0,-1.62,32285.0,302.9,235.0
NBL,4/20/2016,425.0,432.0,425.0,426.0,0.24,45621.0,302.9,235.0
NBL,4/21/2016,426.0,430.0,421.0,425.0,-0.23,69974.0,302.9,235.0
NBL,4/24/2016,425.0,440.0,427.0,440.0,3.53,62966.0,302.9,235.0
NBL,4/25/2016,440.0,448.0,435.0,437.0,-0.68,84418.0,302.9,235.0
NBL,4/26/2016,437.0,445.0,430.0,435.0,-0.46,47199.0,302.9,235.0
NBL,4/27/2016,435.0,440.0,430.0,435.0,0.0,77283.0,302.9,235.0
NBL,4/28/2016,435.0,445.0,434.0,440.0,1.15,80652.0,302.9,235.0
NBL,5/2/2016,440.0,452.0,440.0,450.0,2.27,70427.0,302.9,235.0
NBL,5/3/2016,450.0,461.0,447.0,454.0,0.89,95689.0,302.9,235.0
NBL,5/4/2016,454.0,456.0,445.0,449.0,-1.1,92783.0,302.9,235.0
NBL,5/5/2016,449.0,450.0,440.0,447.0,-0.45,35189.0,302.9,235.0
NBL,5/8/2016,447.0,457.0,442.0,457.0,2.24,38882.0,302.9,235.0
NBL,5/9/2016,457.0,465.0,456.0,460.0,0.66,75125.0,302.9,235.0
NBL,5/10/2016,460.0,464.0,455.0,460.0,0.0,162513.0,302.9,235.0
NBL,5/11/2016,460.0,496.0,469.0,489.0,6.3,333994.0,302.9,235.0
NBL,5/12/2016,489.0,504.0,484.0,484.0,-1.02,135417.0,302.9,235.0
NBL,5/15/2016,484.0,493.0,481.0,482.0,-0.41,67831.0,302.9,235.0
NBL,5/16/2016,482.0,488.0,475.0,477.0,-1.04,59838.0,302.9,235.0
NBL,5/17/2016,477.0,486.0,474.0,476.0,-0.21,70793.0,302.9,235.0
NBL,5/18/2016,476.0,480.0,475.0,477.0,0.21,51834.0,302.9,235.0
NBL,5/19/2016,477.0,489.0,474.0,482.0,1.05,78972.0,302.9,235.0
NBL,5/22/2016,482.0,489.0,478.0,481.0,-0.21,87849.0,302.9,235.0
NBL,5/23/2016,481.0,485.0,475.0,485.0,0.83,96282.0,302.9,235.0
NBL,5/24/2016,485.0,498.0,485.0,489.0,0.82,77907.0,302.9,235.0
NBL,5/25/2016,489.0,498.0,471.0,483.0,-1.23,140809.0,302.9,235.0
NBL,5/26/2016,483.0,492.0,467.0,483.0,0.0,90173.0,302.9,235.0
NBL,5/29/2016,483.0,492.0,473.0,480.0,-0.62,70573.0,302.9,235.0
NBL,5/30/2016,480.0,481.0,476.0,476.0,-0.83,55453.0,302.9,235.0
NBL,5/31/2016,476.0,492.0,480.0,482.0,1.26,66954.0,302.9,235.0
NBL,6/1/2016,482.0,490.0,475.0,481.0,-0.21,53641.0,302.9,235.0
NBL,6/2/2016,481.0,479.0,472.0,473.0,-1.66,40217.0,302.9,235.0
NBL,6/5/2016,473.0,475.0,455.0,455.0,-3.81,73667.0,302.9,235.0
NBL,6/6/2016,455.0,477.0,460.0,466.0,2.42,46910.0,302.9,235.0
NBL,6/7/2016,466.0,484.0,469.0,473.0,1.5,33267.0,302.9,235.0
NBL,6/8/2016,473.0,474.0,466.0,473.0,0.0,40672.0,302.9,235.0
NBL,6/9/2016,473.0,470.0,461.0,465.0,-1.69,47011.0,302.9,235.0
NBL,6/12/2016,465.0,480.0,465.0,475.0,2.15,73622.0,302.9,235.0
NBL,6/13/2016,475.0,485.0,474.0,479.0,0.84,121684.0,302.9,235.0
NBL,6/14/2016,479.0,481.0,470.0,471.0,-1.67,22932.0,302.9,235.0
NBL,6/15/2016,471.0,476.0,460.0,465.0,-1.27,38566.0,302.9,235.0
NBL,6/16/2016,465.0,468.0,457.0,460.0,-1.08,66682.0,302.9,235.0
NBL,6/19/2016,460.0,467.0,451.0,457.0,-0.65,18601.0,302.9,235.0
NBL,6/20/2016,457.0,463.0,453.0,462.0,1.09,32050.0,302.9,235.0
NBL,6/21/2016,462.0,460.0,453.0,459.0,-0.65,17031.0,302.9,235.0
NBL,6/22/2016,459.0,470.0,456.0,460.0,0.22,38998.0,302.9,235.0
NBL,6/23/2016,460.0,463.0,455.0,457.0,-0.65,25727.0,302.9,235.0
NBL,6/26/2016,457.0,488.0,455.0,473.0,3.5,56205.0,302.9,235.0
NBL,6/27/2016,473.0,492.0,475.0,490.0,3.59,92235.0,302.9,235.0
NBL,6/28/2016,490.0,499.0,480.0,483.0,-1.43,51393.0,302.9,235.0
NBL,6/29/2016,483.0,489.0,476.0,488.0,1.04,125979.0,302.9,235.0
NBL,6/30/2016,488.0,484.0,475.0,480.0,-1.64,27366.0,302.9,235.0
NBL,7/3/2016,480.0,485.0,471.0,473.0,-1.46,45368.0,302.9,235.0
NBL,7/4/2016,473.0,480.0,470.0,470.0,-0.63,63041.0,302.9,235.0
NBL,7/5/2016,470.0,477.0,470.0,472.0,0.43,29310.0,302.9,235.0
NBL,7/6/2016,472.0,475.0,465.0,470.0,-0.42,69355.0,302.9,235.0
NBL,7/10/2016,470.0,485.0,467.0,472.0,0.43,45385.0,302.9,235.0
NBL,7/11/2016,472.0,480.0,465.0,470.0,-0.42,44940.0,302.9,235.0
NBL,7/12/2016,470.0,472.0,451.0,465.0,-1.06,24558.0,302.9,235.0
NBL,7/13/2016,465.0,465.0,454.0,460.0,-1.08,27795.0,302.9,235.0
NBL,7/14/2016,460.0,473.0,460.0,470.0,2.17,61316.0,302.9,235.0
NBL,7/17/2016,470.0,490.0,470.0,480.0,2.13,109228.0,302.9,235.0
NBL,7/18/2016,480.0,498.0,483.0,498.0,3.75,179182.0,302.9,235.0
NBL,7/19/2016,498.0,532.0,489.0,527.0,5.82,209898.0,302.9,235.0
NBL,7/20/2016,527.0,565.0,510.0,510.0,-3.23,166068.0,302.9,235.0
NBL,7/21/2016,510.0,540.0,514.0,519.0,1.76,135856.0,302.9,235.0
NBL,7/25/2016,519.0,540.0,520.0,540.0,4.05,107723.0,302.9,235.0
NBL,7/26/2016,540.0,566.0,544.0,559.0,3.52,180798.0,302.9,235.0
NBL,7/27/2016,559.0,595.0,569.0,579.0,3.58,190700.0,302.9,235.0
NBL,7/28/2016,579.0,625.0,571.0,617.0,6.56,388311.0,302.9,235.0
NBL,7/31/2016,617.0,640.0,615.0,620.0,0.49,238835.0,302.9,235.0
NBL,8/1/2016,620.0,632.0,596.0,605.0,-2.42,153624.0,302.9,235.0
NBL,8/2/2016,605.0,607.0,588.0,588.0,-2.81,138325.0,302.9,235.0
NBL,8/3/2016,588.0,590.0,565.0,573.0,-2.55,119486.0,302.9,235.0
NBL,8/4/2016,573.0,584.0,547.0,560.0,-2.27,166216.0,302.9,235.0
NBL,8/7/2016,560.0,586.0,550.0,559.0,-0.18,188585.0,302.9,235.0
NBL,8/8/2016,559.0,550.0,510.0,510.0,-8.77,104640.0,302.9,235.0
NBL,8/9/2016,510.0,561.0,520.0,561.0,10.0,75016.0,302.9,235.0
NBL,8/10/2016,561.0,590.0,536.0,560.0,-0.18,155781.0,302.9,235.0
NBL,8/11/2016,560.0,582.0,558.0,562.0,0.36,242286.0,302.9,235.0
NBL,8/14/2016,562.0,560.0,540.0,549.0,-2.31,74435.0,302.9,235.0
NBL,8/15/2016,549.0,547.0,522.0,531.0,-3.28,86215.0,302.9,235.0
NBL,8/16/2016,531.0,546.0,523.0,536.0,0.94,57953.0,302.9,235.0
NBL,8/17/2016,536.0,549.0,536.0,539.0,0.56,51469.0,302.9,235.0
NBL,8/21/2016,539.0,550.0,532.0,535.0,-0.74,31865.0,302.9,235.0
NBL,8/22/2016,535.0,535.0,500.0,517.0,-3.36,92657.0,302.9,235.0
NBL,8/23/2016,517.0,532.0,507.0,514.0,-0.58,46846.0,302.9,235.0
NBL,8/24/2016,514.0,530.0,514.0,522.0,1.56,19606.0,302.9,235.0
NBL,8/28/2016,522.0,528.0,512.0,524.0,0.38,30859.0,302.9,235.0
NBL,8/29/2016,524.0,541.0,522.0,538.0,2.67,63710.0,302.9,235.0
NBL,8/30/2016,538.0,545.0,533.0,538.0,0.0,39721.0,302.9,235.0
NBL,8/31/2016,538.0,540.0,526.0,529.0,-1.67,34849.0,302.9,235.0
NBL,9/1/2016,529.0,540.0,526.0,529.0,0.0,34464.0,302.9,235.0
NBL,9/3/2016,529.0,528.0,520.0,524.0,-0.95,38316.0,302.9,235.0
NBL,9/4/2016,529.0,528.0,520.0,524.0,0.0,38316.0,302.9,235.0
NBL,9/5/2016,524.0,545.0,520.0,533.0,1.72,99834.0,302.9,235.0
NBL,9/6/2016,533.0,545.0,527.0,532.0,-0.19,38141.0,302.9,235.0
NBL,9/7/2016,532.0,542.0,523.0,523.0,-1.69,30728.0,302.9,235.0
NBL,9/8/2016,523.0,532.0,522.0,526.0,0.57,36663.0,302.9,235.0
NBL,9/11/2016,526.0,556.0,531.0,535.0,1.71,52774.0,302.9,235.0
NBL,9/12/2016,535.0,533.0,527.0,530.0,-0.93,30141.0,302.9,235.0
NBL,9/14/2016,530.0,533.0,525.0,525.0,-0.94,21987.0,302.9,235.0
NBL,9/18/2016,525.0,530.0,520.0,523.0,-0.38,30131.0,302.9,235.0
NBL,9/20/2016,523.0,525.0,513.0,515.0,-1.53,63695.0,302.9,235.0
NBL,9/21/2016,515.0,525.0,515.0,520.0,0.97,43971.0,302.9,235.0
NBL,9/22/2016,520.0,520.0,510.0,511.0,-1.73,34490.0,302.9,235.0
NBL,9/25/2016,511.0,505.0,489.0,489.0,-4.31,42886.0,302.9,235.0
NBL,9/26/2016,489.0,505.0,495.0,503.0,2.86,23648.0,302.9,235.0
NBL,9/27/2016,503.0,528.0,502.0,507.0,0.8,20876.0,302.9,235.0
NBL,9/28/2016,507.0,510.0,505.0,510.0,0.59,21890.0,302.9,235.0
NBL,9/29/2016,510.0,510.0,501.0,505.0,-0.98,22289.0,302.9,235.0
NBL,10/2/2016,505.0,512.0,495.0,506.0,0.2,19339.0,302.9,235.0
NBL,10/3/2016,506.0,509.0,505.0,505.0,-0.2,26283.0,302.9,235.0
NBL,10/4/2016,505.0,521.0,503.0,521.0,3.17,19060.0,302.9,235.0
NBL,10/5/2016,521.0,521.0,516.0,520.0,-0.19,8971.0,302.9,235.0
NBL,10/6/2016,520.0,530.0,521.0,524.0,0.77,39553.0,302.9,235.0
NBL,10/16/2016,524.0,524.0,514.0,523.0,-0.19,14650.0,302.9,235.0
NBL,10/17/2016,523.0,533.0,518.0,530.0,1.34,42479.0,302.9,235.0
NBL,10/18/2016,530.0,536.0,522.0,530.0,0.0,37814.0,302.9,235.0
NBL,10/19/2016,530.0,533.0,525.0,529.0,-0.19,22444.0,302.9,235.0
NBL,10/20/2016,529.0,531.0,524.0,525.0,-0.76,27221.0,302.9,235.0
NBL,10/23/2016,525.0,530.0,513.0,514.0,-2.1,20059.0,302.9,235.0
NBL,10/24/2016,514.0,520.0,507.0,512.0,-0.39,11339.0,302.9,235.0
NBL,10/25/2016,512.0,520.0,506.0,510.0,-0.39,21030.0,302.9,235.0
NBL,10/26/2016,510.0,511.0,500.0,511.0,0.2,40534.0,302.9,235.0
NBL,10/27/2016,511.0,519.0,510.0,510.0,-0.2,11053.0,302.9,235.0
NBL,11/3/2016,510.0,514.0,509.0,510.0,0.0,3663.0,302.9,235.0
NBL,11/7/2016,510.0,515.0,506.0,506.0,-0.78,11294.0,302.9,235.0
NBL,11/8/2016,506.0,505.0,494.0,498.0,-1.58,25469.0,302.9,235.0
NBL,11/9/2016,498.0,495.0,475.0,487.0,-2.21,15305.0,302.9,235.0
NBL,11/10/2016,487.0,489.0,481.0,485.0,-0.41,14500.0,302.9,235.0
NBL,11/13/2016,485.0,501.0,478.0,501.0,3.3,8899.0,302.9,235.0
NBL,11/14/2016,501.0,505.0,490.0,494.0,-1.4,23300.0,302.9,235.0
NBL,11/15/2016,494.0,508.0,482.0,490.0,-0.81,40639.0,302.9,235.0
NBL,11/16/2016,490.0,490.0,476.0,476.0,-2.86,18532.0,302.9,235.0
NBL,11/17/2016,476.0,479.0,460.0,460.0,-3.36,41420.0,302.9,235.0
NBL,11/20/2016,460.0,462.0,428.0,448.0,-2.61,41290.0,302.9,235.0
NBL,11/21/2016,448.0,475.0,435.0,455.0,1.56,22767.0,302.9,235.0
NBL,11/22/2016,455.0,461.0,430.0,438.0,-3.74,40001.0,302.9,235.0
NBL,11/23/2016,438.0,445.0,419.0,420.0,-4.11,50176.0,302.9,235.0
NBL,11/24/2016,420.0,446.0,415.0,428.0,1.9,31459.0,302.9,235.0
NBL,11/27/2016,428.0,424.0,404.0,405.0,-5.37,33307.0,302.9,235.0
NBL,11/28/2016,405.0,420.0,383.0,417.0,2.96,46734.0,302.9,235.0
NBL,11/29/2016,417.0,425.0,400.0,425.0,1.92,40628.0,302.9,235.0
NBL,11/30/2016,425.0,435.0,418.0,430.0,1.18,33978.0,302.9,235.0
NBL,12/1/2016,430.0,436.0,422.0,430.0,0.0,39284.0,302.9,235.0
NBL,12/4/2016,430.0,430.0,420.0,420.0,-2.33,12207.0,302.9,235.0
NBL,12/5/2016,420.0,420.0,411.0,412.0,-1.9,10046.0,302.9,235.0
NBL,12/6/2016,412.0,420.0,405.0,412.0,0.0,7735.0,302.9,235.0
NBL,12/7/2016,412.0,412.0,405.0,411.0,-0.24,15401.0,302.9,235.0
NBL,12/8/2016,411.0,415.0,403.0,407.0,-0.97,13992.0,302.9,235.0
NBL,12/11/2016,407.0,411.0,404.0,406.0,-0.25,8550.0,302.9,235.0
NBL,12/12/2016,406.0,405.0,395.0,400.0,-1.48,14456.0,302.9,235.0
NBL,12/14/2016,400.0,412.0,398.0,400.0,0.0,31490.0,302.9,235.0
NBL,12/15/2016,400.0,408.0,402.0,406.0,1.5,4744.0,302.9,235.0
NBL,12/18/2016,406.0,408.0,402.0,405.0,-0.25,15575.0,302.9,235.0
NBL,12/19/2016,405.0,412.0,401.0,405.0,0.0,14459.0,302.9,235.0
NBL,12/20/2016,405.0,402.0,398.0,399.0,-1.48,10837.0,302.9,235.0
NBL,12/21/2016,399.0,403.0,395.0,400.0,0.25,14332.0,302.9,235.0
NBL,12/22/2016,400.0,401.0,392.0,398.0,-0.5,7159.0,302.9,235.0
NBL,12/26/2016,398.0,398.0,387.0,387.0,-2.76,12672.0,302.9,235.0
NBL,12/27/2016,387.0,390.0,370.0,385.0,-0.52,18841.0,302.9,235.0
NBL,12/28/2016,385.0,394.0,378.0,382.0,-0.78,14320.0,302.9,235.0
NBL,12/29/2016,382.0,397.0,385.0,386.0,1.05,17180.0,302.9,235.0
NBL,1/1/2017,386.0,408.0,387.0,395.0,2.33,11546.0,302.9,235.0
NBL,1/2/2017,395.0,408.0,395.0,403.0,2.03,12522.0,302.9,235.0
NBL,1/3/2017,403.0,401.0,394.0,395.0,-1.99,12095.0,302.9,235.0
NBL,1/4/2017,395.0,399.0,391.0,391.0,-1.01,4495.0,302.9,235.0
NBL,1/5/2017,391.0,401.0,394.0,395.0,1.02,9371.0,302.9,235.0
NBL,1/8/2017,395.0,401.0,393.0,396.0,0.25,9420.0,302.9,235.0
NBL,1/9/2017,396.0,400.0,396.0,396.0,0.0,1846.0,302.9,235.0
NBL,1/10/2017,396.0,413.0,396.0,413.0,4.29,10400.0,302.9,235.0
NBL,1/11/2017,413.0,413.0,404.0,406.0,-1.69,13662.0,302.9,235.0
NBL,1/12/2017,406.0,406.0,400.0,405.0,-0.25,12260.0,302.9,235.0
NBL,1/15/2017,405.0,408.0,400.0,403.0,-0.49,17625.0,302.9,235.0
NBL,1/16/2017,403.0,407.0,398.0,400.0,-0.74,17164.0,302.9,235.0
NBL,1/17/2017,400.0,406.0,400.0,406.0,1.5,17243.0,302.9,235.0
NBL,1/18/2017,406.0,408.0,395.0,405.0,-0.25,31504.0,302.9,235.0
NBL,1/19/2017,405.0,413.0,405.0,407.0,0.49,46179.0,302.9,235.0
NBL,1/22/2017,407.0,410.0,403.0,403.0,-0.98,15096.0,302.9,235.0
NBL,1/23/2017,403.0,406.0,400.0,400.0,-0.74,13200.0,302.9,235.0
NBL,1/24/2017,400.0,395.0,388.0,392.0,-2.0,8686.0,302.9,235.0
NBL,1/25/2017,392.0,390.0,380.0,380.0,-3.06,14216.0,302.9,235.0
NBL,1/26/2017,380.0,380.0,359.0,376.0,-1.05,24500.0,302.9,235.0
NBL,1/30/2017,376.0,372.0,344.0,350.0,-6.91,24913.0,302.9,235.0
NBL,1/31/2017,350.0,360.0,341.0,352.0,0.57,13750.0,302.9,235.0
NBL,2/1/2017,352.0,377.0,359.0,377.0,7.1,5950.0,302.9,235.0
NBL,2/2/2017,377.0,389.0,370.0,375.0,-0.53,7619.0,302.9,235.0
NBL,2/5/2017,375.0,375.0,361.0,365.0,-2.67,9360.0,302.9,235.0
NBL,2/6/2017,365.0,368.0,352.0,352.0,-3.56,6870.0,302.9,235.0
NBL,2/7/2017,352.0,370.0,359.0,369.0,4.83,24053.0,302.9,235.0
NBL,2/8/2017,369.0,370.0,360.0,365.0,-1.08,27440.0,302.9,235.0
NBL,2/9/2017,365.0,371.0,358.0,358.0,-1.92,8253.0,302.9,235.0
NBL,2/12/2017,358.0,358.0,342.0,345.0,-3.63,32215.0,302.9,235.0
NBL,2/13/2017,345.0,350.0,329.0,348.0,0.87,40265.0,302.9,235.0
NBL,2/14/2017,348.0,358.0,340.0,345.0,-0.86,19033.0,302.9,235.0
NBL,2/15/2017,345.0,356.0,346.0,355.0,2.9,24851.0,302.9,235.0
NBL,2/16/2017,355.0,367.0,355.0,365.0,2.82,44461.0,302.9,235.0
NBL,2/19/2017,365.0,374.0,360.0,374.0,2.47,30575.0,302.9,235.0
NBL,2/20/2017,374.0,379.0,366.0,367.0,-1.87,34700.0,302.9,235.0
NBL,2/21/2017,367.0,381.0,360.0,364.0,-0.82,37277.0,302.9,235.0
NBL,2/22/2017,364.0,368.0,353.0,363.0,-0.27,25591.0,302.9,235.0
NBL,2/23/2017,363.0,366.0,353.0,358.0,-1.38,20011.0,302.9,235.0
NBL,2/26/2017,358.0,361.0,354.0,355.0,-0.84,24577.0,302.9,235.0
NBL,2/28/2017,355.0,354.0,346.0,354.0,-0.28,28186.0,302.9,235.0
NBL,3/1/2017,354.0,355.0,349.0,351.0,-0.85,22250.0,302.9,235.0
NBL,3/2/2017,351.0,360.0,351.0,359.0,2.28,16685.0,302.9,235.0
NBL,3/5/2017,359.0,367.0,360.0,365.0,1.67,36235.0,302.9,235.0
NBL,3/6/2017,365.0,372.0,365.0,365.0,0.0,24134.0,302.9,235.0
NBL,3/7/2017,365.0,365.0,360.0,360.0,-1.37,18706.0,302.9,235.0
NBL,3/9/2017,360.0,369.0,360.0,365.0,1.39,46897.0,302.9,235.0
NBL,3/13/2017,365.0,378.0,364.0,365.0,0.0,8025.0,302.9,235.0
NBL,3/14/2017,365.0,373.0,360.0,365.0,0.0,19860.0,302.9,235.0
NBL,3/15/2017,365.0,367.0,358.0,363.0,-0.55,16195.0,302.9,235.0
NBL,3/16/2017,363.0,367.0,361.0,365.0,0.55,14110.0,302.9,235.0
NBL,3/19/2017,365.0,371.0,365.0,371.0,1.64,78986.0,302.9,235.0
NBL,3/20/2017,371.0,380.0,368.0,379.0,2.16,78638.0,302.9,235.0
NBL,3/21/2017,379.0,396.0,374.0,393.0,3.69,80419.0,302.9,235.0
NBL,3/22/2017,393.0,420.0,392.0,400.0,1.78,146081.0,302.9,235.0
NBL,3/23/2017,400.0,404.0,395.0,401.0,0.25,66157.0,302.9,235.0
NBL,3/26/2017,401.0,431.0,404.0,425.0,5.99,111759.0,302.9,235.0
NBL,3/28/2017,425.0,467.0,433.0,460.0,8.24,91860.0,302.9,235.0
NBL,3/29/2017,460.0,500.0,462.0,480.0,4.35,208179.0,302.9,235.0
NBL,3/30/2017,480.0,486.0,468.0,478.0,-0.42,89883.0,302.9,235.0
NBL,4/2/2017,478.0,510.0,480.0,510.0,6.69,110948.0,302.9,235.0
NBL,4/3/2017,510.0,540.0,500.0,510.0,0.0,263039.0,302.9,235.0
NBL,4/4/2017,510.0,530.0,500.0,525.0,2.94,248809.0,302.9,235.0
NBL,4/6/2017,525.0,535.0,515.0,519.0,-1.14,149822.0,302.9,235.0
NBL,4/9/2017,519.0,523.0,500.0,502.0,-3.28,210263.0,302.9,235.0
NBL,4/10/2017,502.0,507.0,495.0,502.0,0.0,275865.0,302.9,235.0
NBL,4/11/2017,425.0,460.0,433.0,437.0,-12.95,46158.0,302.9,235.0
NBL,4/12/2017,437.0,445.0,425.0,425.0,-2.75,68860.0,302.9,235.0
NBL,4/13/2017,425.0,430.0,412.0,415.0,-2.35,38418.0,302.9,235.0
NBL,4/16/2017,415.0,425.0,400.0,401.0,-3.37,54001.0,302.9,235.0
NBL,4/18/2017,401.0,403.0,386.0,387.0,-3.49,53232.0,302.9,235.0
NBL,4/19/2017,387.0,404.0,391.0,404.0,4.39,32171.0,302.9,235.0
NBL,4/20/2017,404.0,412.0,395.0,400.0,-0.99,37348.0,302.9,235.0
NBL,4/23/2017,400.0,430.0,406.0,408.0,2.0,42395.0,302.9,235.0
NBL,4/24/2017,408.0,407.0,398.0,400.0,-1.96,22744.0,302.9,235.0
NBL,4/25/2017,400.0,404.0,395.0,400.0,0.0,17689.0,302.9,235.0
NBL,4/26/2017,400.0,405.0,394.0,396.0,-1.0,37382.0,302.9,235.0
NBL,4/27/2017,396.0,399.0,390.0,390.0,-1.52,21420.0,302.9,235.0
NBL,4/30/2017,390.0,390.0,381.0,384.0,-1.54,27613.0,302.9,235.0
NBL,5/2/2017,384.0,384.0,377.0,378.0,-1.56,12017.0,302.9,235.0
NBL,5/3/2017,378.0,385.0,377.0,378.0,0.0,24062.0,302.9,235.0
NBL,5/4/2017,378.0,385.0,379.0,383.0,1.32,13083.0,302.9,235.0
NBL,5/7/2017,383.0,380.0,376.0,379.0,-1.04,7790.0,302.9,235.0
NBL,5/8/2017,379.0,383.0,378.0,383.0,1.06,7760.0,302.9,235.0
NBL,5/9/2017,383.0,383.0,378.0,380.0,-0.78,6488.0,302.9,235.0
NBL,5/11/2017,380.0,397.0,380.0,393.0,3.42,37710.0,302.9,235.0
NBL,5/15/2017,393.0,399.0,388.0,392.0,-0.25,15129.0,302.9,235.0
NBL,5/16/2017,392.0,399.0,386.0,388.0,-1.02,16298.0,302.9,235.0
NBL,5/17/2017,388.0,392.0,386.0,387.0,-0.26,10316.0,302.9,235.0
NBL,5/18/2017,387.0,393.0,378.0,383.0,-1.03,25236.0,302.9,235.0
NBL,5/21/2017,383.0,383.0,375.0,376.0,-1.83,18763.0,302.9,235.0
NBL,5/22/2017,376.0,381.0,368.0,375.0,-0.27,219331.0,302.9,235.0
NBL,5/23/2017,375.0,383.0,376.0,379.0,1.07,33677.0,302.9,235.0
NBL,5/24/2017,379.0,380.0,376.0,378.0,-0.26,18300.0,302.9,235.0
NBL,5/28/2017,378.0,383.0,372.0,375.0,-0.79,26403.0,302.9,235.0
NBL,5/30/2017,375.0,376.0,368.0,373.0,-0.53,25325.0,302.9,235.0
NBL,5/31/2017,373.0,377.0,365.0,375.0,0.54,14924.0,302.9,235.0
NBL,6/1/2017,375.0,378.0,364.0,372.0,-0.8,20270.0,302.9,235.0
NBL,6/4/2017,372.0,375.0,360.0,372.0,0.0,45085.0,302.9,235.0
NBL,6/5/2017,372.0,379.0,373.0,373.0,0.27,15776.0,302.9,235.0
NBL,6/6/2017,373.0,380.0,372.0,379.0,1.61,34971.0,302.9,235.0
NBL,6/7/2017,379.0,381.0,372.0,372.0,-1.85,10650.0,302.9,235.0
NBL,6/8/2017,372.0,375.0,367.0,373.0,0.27,18857.0,302.9,235.0
NBL,6/11/2017,373.0,370.0,364.0,367.0,-1.61,7186.0,302.9,235.0
NBL,6/12/2017,367.0,363.0,358.0,358.0,-2.45,31315.0,302.9,235.0
NBL,6/13/2017,358.0,369.0,358.0,358.0,0.0,14975.0,302.9,235.0
NBL,6/14/2017,358.0,359.0,356.0,357.0,-0.28,31254.0,302.9,235.0
NBL,6/15/2017,357.0,363.0,356.0,360.0,0.84,25588.0,302.9,235.0
NBL,6/18/2017,360.0,360.0,351.0,353.0,-1.94,6295.0,302.9,235.0
NBL,6/19/2017,353.0,355.0,340.0,340.0,-3.68,16080.0,302.9,235.0
NBL,6/20/2017,340.0,350.0,335.0,344.0,1.18,35898.0,302.9,235.0
NBL,6/21/2017,344.0,345.0,339.0,343.0,-0.29,29905.0,302.9,235.0
NBL,6/22/2017,343.0,345.0,340.0,342.0,-0.29,19585.0,302.9,235.0
NBL,6/25/2017,342.0,345.0,341.0,342.0,0.0,25702.0,302.9,235.0
NBL,6/27/2017,342.0,342.0,335.0,339.0,-0.88,100117.0,302.9,235.0
NBL,6/28/2017,339.0,340.0,333.0,335.0,-1.18,64518.0,302.9,235.0
NBL,7/2/2017,335.0,336.0,326.0,334.0,-0.3,50643.0,302.9,235.0
NBL,7/3/2017,334.0,338.0,329.0,329.0,-1.5,17655.0,302.9,235.0
NBL,7/4/2017,329.0,342.0,330.0,338.0,2.74,22940.0,302.9,235.0
NBL,7/5/2017,338.0,341.0,334.0,341.0,0.89,50962.0,302.9,235.0
NBL,7/6/2017,341.0,355.0,341.0,349.0,2.35,65711.0,302.9,235.0
NBL,7/9/2017,349.0,370.0,349.0,360.0,3.15,94284.0,302.9,235.0
NBL,7/10/2017,360.0,365.0,355.0,356.0,-1.11,36021.0,302.9,235.0
NBL,7/11/2017,356.0,365.0,354.0,360.0,1.12,22266.0,302.9,235.0
NBL,7/12/2017,360.0,364.0,359.0,363.0,0.83,7790.0,302.9,235.0
NBL,7/13/2017,363.0,370.0,353.0,364.0,0.28,22379.0,302.9,235.0
NBL,7/16/2017,364.0,371.0,365.0,368.0,1.1,23050.0,302.9,235.0
NBL,7/17/2017,368.0,384.0,370.0,379.0,2.99,26755.0,302.9,235.0
NBL,7/18/2017,379.0,387.0,378.0,387.0,2.11,62771.0,302.9,235.0
NBL,7/19/2017,387.0,393.0,384.0,384.0,-0.78,33960.0,302.9,235.0
NBL,7/20/2017,384.0,387.0,373.0,384.0,0.0,23576.0,302.9,235.0
NBL,7/23/2017,384.0,384.0,373.0,375.0,-2.34,19614.0,302.9,235.0
NBL,7/24/2017,375.0,376.0,370.0,371.0,-1.07,8570.0,302.9,235.0
NBL,7/25/2017,371.0,380.0,370.0,373.0,0.54,5690.0,302.9,235.0
NBL,7/26/2017,373.0,375.0,370.0,372.0,-0.27,8778.0,302.9,235.0
NBL,7/27/2017,372.0,371.0,366.0,371.0,-0.27,6753.0,302.9,235.0
NBL,7/30/2017,371.0,374.0,368.0,369.0,-0.54,8399.0,302.9,235.0
NBL,7/31/2017,369.0,375.0,368.0,370.0,0.27,9825.0,302.9,235.0
NBL,8/1/2017,370.0,372.0,368.0,370.0,0.0,10515.0,302.9,235.0
NBL,8/2/2017,370.0,376.0,370.0,370.0,0.0,19552.0,302.9,235.0
NBL,8/3/2017,370.0,370.0,360.0,364.0,-1.62,55303.0,302.9,235.0
NBL,8/6/2017,364.0,368.0,359.0,367.0,0.82,19900.0,302.9,235.0
NBL,8/7/2017,367.0,370.0,360.0,365.0,-0.54,12605.0,302.9,235.0
NBL,8/9/2017,365.0,370.0,358.0,361.0,-1.1,51599.0,302.9,235.0
NBL,8/10/2017,361.0,362.0,356.0,357.0,-1.11,37883.0,302.9,235.0
NBL,8/13/2017,357.0,363.0,348.0,354.0,-0.84,19146.0,302.9,235.0
NBL,8/15/2017,354.0,370.0,353.0,370.0,4.52,54565.0,302.9,235.0
NBL,8/16/2017,370.0,370.0,362.0,365.0,-1.35,43691.0,302.9,235.0
NBL,8/17/2017,365.0,364.0,355.0,355.0,-2.74,44856.0,302.9,235.0
NBL,8/20/2017,355.0,360.0,350.0,351.0,-1.13,90120.0,302.9,235.0
NBL,8/21/2017,351.0,357.0,353.0,353.0,0.57,6971.0,302.9,235.0
NBL,8/22/2017,353.0,358.0,340.0,350.0,-0.85,126185.0,302.9,235.0
NBL,8/23/2017,350.0,360.0,344.0,357.0,2.0,157177.0,302.9,235.0
NBL,8/24/2017,357.0,361.0,355.0,360.0,0.84,36656.0,302.9,235.0
NBL,8/27/2017,360.0,370.0,361.0,364.0,1.11,23723.0,302.9,235.0
NBL,8/28/2017,364.0,366.0,355.0,360.0,-1.1,18278.0,302.9,235.0
NBL,8/30/2017,360.0,360.0,351.0,358.0,-0.56,23596.0,302.9,235.0
NBL,8/31/2017,358.0,357.0,351.0,352.0,-1.68,36330.0,302.9,235.0
NBL,9/4/2017,352.0,359.0,344.0,351.0,-0.28,19999.0,302.9,235.0
NBL,9/6/2017,351.0,357.0,346.0,350.0,-0.28,45492.0,302.9,235.0
NBL,9/7/2017,350.0,351.0,344.0,347.0,-0.86,16047.0,302.9,235.0
NBL,9/10/2017,347.0,352.0,341.0,347.0,0.0,144684.0,302.9,235.0
NBL,9/11/2017,347.0,352.0,340.0,345.0,-0.58,130852.0,302.9,235.0
NBL,9/12/2017,345.0,348.0,342.0,345.0,0.0,25005.0,302.9,235.0
NBL,9/13/2017,345.0,353.0,342.0,347.0,0.58,13310.0,302.9,235.0
NBL,9/14/2017,347.0,358.0,343.0,356.0,2.59,40010.0,302.9,235.0
NBL,9/17/2017,356.0,360.0,350.0,357.0,0.28,25957.0,302.9,235.0
NBL,9/18/2017,357.0,360.0,350.0,355.0,-0.56,42720.0,302.9,235.0
NBL,9/20/2017,355.0,362.0,350.0,353.0,-0.56,36486.0,302.9,235.0
NBL,9/24/2017,353.0,353.0,349.0,349.0,-1.13,4509.0,302.9,235.0
NBL,9/25/2017,349.0,353.0,350.0,350.0,0.29,15093.0,302.9,235.0
NBL,9/26/2017,350.0,356.0,352.0,354.0,1.14,10069.0,302.9,235.0
NBL,10/3/2017,354.0,356.0,350.0,353.0,-0.28,6379.0,302.9,235.0
NBL,10/4/2017,353.0,360.0,346.0,352.0,-0.28,12258.0,302.9,235.0
NBL,10/8/2017,352.0,348.0,340.0,345.0,-1.99,18538.0,302.9,235.0
NBL,10/9/2017,345.0,344.0,340.0,344.0,-0.29,59226.0,302.9,235.0
NBL,10/10/2017,344.0,345.0,340.0,341.0,-0.87,39134.0,302.9,235.0
NBL,10/11/2017,341.0,345.0,338.0,343.0,0.59,14615.0,302.9,235.0
NBL,10/12/2017,343.0,344.0,334.0,341.0,-0.58,30162.0,302.9,235.0
NBL,10/15/2017,341.0,350.0,340.0,349.0,2.35,11190.0,302.9,235.0
NBL,10/16/2017,349.0,355.0,350.0,355.0,1.72,39741.0,302.9,235.0
NBL,10/17/2017,355.0,359.0,350.0,350.0,-1.41,33435.0,302.9,235.0
NBL,10/18/2017,350.0,354.0,348.0,353.0,0.86,21850.0,302.9,235.0
NBL,10/22/2017,353.0,359.0,352.0,352.0,-0.28,23004.0,302.9,235.0
NBL,10/23/2017,352.0,355.0,350.0,354.0,0.57,13212.0,302.9,235.0
NBL,10/24/2017,354.0,353.0,350.0,350.0,-1.13,10158.0,302.9,235.0
NBL,10/25/2017,350.0,352.0,344.0,346.0,-1.14,38385.0,302.9,235.0
NBL,10/29/2017,346.0,348.0,343.0,343.0,-0.87,9374.0,302.9,235.0
NBL,10/30/2017,343.0,350.0,341.0,349.0,1.75,16010.0,302.9,235.0
NBL,10/31/2017,349.0,346.0,341.0,342.0,-2.01,17452.0,302.9,235.0
NBL,11/1/2017,342.0,345.0,339.0,343.0,0.29,18478.0,302.9,235.0
NBL,11/2/2017,343.0,345.0,339.0,341.0,-0.58,16438.0,302.9,235.0
NBL,11/5/2017,341.0,341.0,335.0,338.0,-0.88,31064.0,302.9,235.0
NBL,11/6/2017,338.0,341.0,335.0,338.0,0.0,15150.0,302.9,235.0
NBL,11/7/2017,338.0,341.0,332.0,337.0,-0.3,15521.0,302.9,235.0
NBL,11/8/2017,337.0,336.0,332.0,336.0,-0.3,16309.0,302.9,235.0
NBL,11/9/2017,336.0,339.0,331.0,336.0,0.0,12377.0,302.9,235.0
NBL,11/12/2017,336.0,342.0,334.0,340.0,1.19,10278.0,302.9,235.0
NBL,11/13/2017,340.0,352.0,342.0,347.0,2.06,31896.0,302.9,235.0
NBL,11/14/2017,347.0,353.0,346.0,353.0,1.73,43320.0,302.9,235.0
NBL,11/15/2017,353.0,358.0,348.0,351.0,-0.57,106287.0,302.9,235.0
NBL,11/16/2017,351.0,351.0,347.0,350.0,-0.28,21639.0,302.9,235.0
NBL,11/19/2017,350.0,347.0,344.0,344.0,-1.71,14731.0,302.9,235.0
NBL,11/20/2017,344.0,346.0,342.0,345.0,0.29,20218.0,302.9,235.0
NBL,11/21/2017,345.0,351.0,343.0,350.0,1.45,15692.0,302.9,235.0
NBL,11/22/2017,350.0,352.0,348.0,352.0,0.57,25073.0,302.9,235.0
NBL,11/23/2017,352.0,357.0,350.0,355.0,0.85,73262.0,302.9,235.0
NBL,11/26/2017,355.0,367.0,356.0,367.0,3.38,154661.0,302.9,235.0
NBL,11/27/2017,367.0,370.0,364.0,365.0,-0.54,78716.0,302.9,235.0
NBL,11/28/2017,365.0,370.0,362.0,367.0,0.55,58191.0,302.9,235.0
NBL,11/29/2017,367.0,378.0,368.0,372.0,1.36,107633.0,302.9,235.0
NBL,11/30/2017,372.0,382.0,369.0,379.0,1.88,81694.0,302.9,235.0
NBL,12/4/2017,379.0,380.0,373.0,376.0,-0.79,34433.0,302.9,235.0
NBL,12/5/2017,376.0,377.0,373.0,377.0,0.27,49928.0,302.9,235.0
NBL,12/6/2017,377.0,381.0,374.0,381.0,1.06,38350.0,302.9,235.0
NBL,12/10/2017,381.0,384.0,374.0,379.0,-0.52,67969.0,302.9,235.0
NBL,12/11/2017,379.0,377.0,373.0,376.0,-0.79,17403.0,302.9,235.0
NBL,12/12/2017,376.0,376.0,370.0,370.0,-1.6,88958.0,302.9,235.0
NBL,12/13/2017,370.0,375.0,368.0,375.0,1.35,25766.0,302.9,235.0
NBL,12/14/2017,375.0,376.0,370.0,373.0,-0.53,36282.0,302.9,235.0
NBL,12/17/2017,373.0,375.0,366.0,366.0,-1.88,37921.0,302.9,235.0
NBL,12/18/2017,366.0,374.0,366.0,366.0,0.0,31040.0,302.9,235.0
NBL,12/19/2017,366.0,373.0,363.0,366.0,0.0,15903.0,302.9,235.0
NBL,12/20/2017,366.0,366.0,359.0,360.0,-1.64,29498.0,302.9,235.0
NBL,12/21/2017,360.0,360.0,356.0,356.0,-1.11,24566.0,302.9,235.0
NBL,12/24/2017,356.0,362.0,353.0,359.0,0.84,19649.0,302.9,235.0
NBL,12/26/2017,359.0,355.0,349.0,350.0,-2.51,35065.0,302.9,235.0
NBL,12/27/2017,350.0,351.0,343.0,348.0,-0.57,35867.0,302.9,235.0
NBL,12/28/2017,348.0,348.0,340.0,347.0,-0.29,31122.0,302.9,235.0
NBL,12/31/2017,347.0,347.0,340.0,347.0,0.0,38724.0,302.9,235.0
NBL,1/1/2018,347.0,357.0,348.0,356.0,2.59,36903.0,302.9,235.0
NBL,1/2/2018,356.0,363.0,350.0,352.0,-1.12,27142.0,302.9,235.0
NBL,1/3/2018,352.0,351.0,347.0,347.0,-1.42,14094.0,302.9,235.0
NBL,1/4/2018,347.0,351.0,346.0,350.0,0.86,25219.0,302.9,235.0
NBL,1/7/2018,350.0,355.0,347.0,350.0,0.0,24766.0,302.9,235.0
NBL,1/8/2018,350.0,355.0,350.0,354.0,1.14,27182.0,302.9,235.0
NBL,1/9/2018,354.0,359.0,352.0,356.0,0.56,21188.0,302.9,235.0
NBL,1/10/2018,356.0,355.0,352.0,353.0,-0.84,10153.0,302.9,235.0
NBL,1/14/2018,353.0,354.0,350.0,352.0,-0.28,15618.0,302.9,235.0
NBL,1/16/2018,352.0,352.0,347.0,349.0,-0.85,8675.0,302.9,235.0
NBL,1/17/2018,349.0,350.0,346.0,347.0,-0.57,22368.0,302.9,235.0
NBL,1/21/2018,347.0,352.0,347.0,348.0,0.29,14838.0,302.9,235.0
NBL,1/22/2018,348.0,350.0,347.0,348.0,0.0,22445.0,302.9,235.0
NBL,1/23/2018,348.0,352.0,347.0,347.0,-0.29,14057.0,302.9,235.0
NBL,1/24/2018,347.0,351.0,347.0,350.0,0.86,11986.0,302.9,235.0
NBL,1/25/2018,350.0,361.0,350.0,361.0,3.14,31618.0,302.9,235.0
NBL,1/28/2018,361.0,366.0,359.0,360.0,-0.28,37720.0,302.9,235.0
NBL,1/29/2018,360.0,360.0,355.0,356.0,-1.11,31426.0,302.9,235.0
NBL,1/31/2018,356.0,362.0,356.0,359.0,0.84,24215.0,302.9,235.0
NBL,2/1/2018,359.0,366.0,360.0,365.0,1.67,117338.0,302.9,235.0
NBL,2/4/2018,365.0,369.0,365.0,365.0,0.0,196879.0,302.9,235.0
NBL,2/5/2018,365.0,368.0,363.0,363.0,-0.55,28479.0,302.9,235.0
NBL,2/6/2018,363.0,364.0,358.0,360.0,-0.83,18522.0,302.9,235.0
NBL,2/7/2018,360.0,365.0,344.0,346.0,-3.89,148369.0,302.9,235.0
NBL,2/8/2018,346.0,350.0,343.0,349.0,0.87,68888.0,302.9,235.0
NBL,2/11/2018,349.0,350.0,346.0,346.0,-0.86,16082.0,302.9,235.0
NBL,2/12/2018,346.0,349.0,345.0,345.0,-0.29,34866.0,302.9,235.0
NBL,2/14/2018,345.0,350.0,345.0,350.0,1.45,25903.0,302.9,235.0
NBL,2/15/2018,350.0,360.0,350.0,360.0,2.86,50403.0,302.9,235.0
NBL,2/18/2018,365.0,367.0,354.0,354.0,-1.67,60388.0,302.9,235.0
NBL,2/20/2018,355.0,358.0,352.0,352.0,-0.56,36110.0,302.9,235.0
NBL,2/21/2018,350.0,355.0,348.0,350.0,-0.57,15553.0,302.9,235.0
NBL,2/22/2018,351.0,352.0,345.0,350.0,0.0,15195.0,302.9,235.0
NBL,2/25/2018,345.0,345.0,340.0,343.0,-2.0,23042.0,302.9,235.0
NBL,2/26/2018,343.0,345.0,340.0,343.0,0.0,16678.0,302.9,235.0
NBL,2/27/2018,343.0,349.0,343.0,346.0,0.87,6903.0,302.9,235.0
NBL,2/28/2018,347.0,347.0,340.0,342.0,-1.16,28842.0,302.9,235.0
NBL,3/4/2018,336.0,340.0,329.0,336.0,-1.75,82056.0,302.9,235.0
NBL,3/5/2018,341.0,341.0,329.0,333.0,-0.89,16214.0,302.9,235.0
NBL,3/6/2018,330.0,337.0,328.0,335.0,0.6,36824.0,302.9,235.0
NBL,3/7/2018,338.0,339.0,335.0,337.0,0.6,41230.0,302.9,235.0
NBL,3/11/2018,331.0,332.0,324.0,324.0,-3.86,32945.0,302.9,235.0
NBL,3/12/2018,330.0,331.0,320.0,325.0,0.31,20317.0,302.9,235.0
NBL,3/13/2018,325.0,329.0,321.0,322.0,-0.92,7916.0,302.9,235.0
NBL,3/14/2018,328.0,328.0,322.0,323.0,0.31,15861.0,302.9,235.0
NBL,3/15/2018,329.0,329.0,320.0,325.0,0.62,47626.0,302.9,235.0
NBL,3/18/2018,326.0,326.0,320.0,324.0,-0.31,19905.0,302.9,235.0
NBL,3/19/2018,324.0,324.0,312.0,315.0,-2.78,19906.0,302.9,235.0
NBL,3/20/2018,313.0,314.0,308.0,314.0,-0.32,22474.0,302.9,235.0
NBL,3/21/2018,309.0,310.0,305.0,306.0,-2.55,67478.0,302.9,235.0
NBL,3/22/2018,305.0,317.0,300.0,307.0,0.33,59296.0,302.9,235.0
NBL,3/26/2018,301.0,304.0,289.0,294.0,-4.23,77507.0,302.9,235.0
NBL,3/27/2018,295.0,309.0,285.0,300.0,2.04,69034.0,302.9,235.0
NBL,3/28/2018,306.0,306.0,297.0,299.0,-0.33,82665.0,302.9,235.0
NBL,3/29/2018,304.0,309.0,300.0,308.0,3.01,26574.0,302.9,235.0
NBL,4/1/2018,308.0,308.0,297.0,303.0,-1.62,34847.0,302.9,235.0
NBL,4/2/2018,306.0,306.0,300.0,302.0,-0.33,20535.0,302.9,235.0
NBL,4/3/2018,300.0,303.0,300.0,303.0,0.33,13691.0,302.9,235.0
NBL,4/4/2018,305.0,310.0,303.0,309.0,1.98,22916.0,302.9,235.0
NBL,4/5/2018,310.0,317.0,309.0,316.0,2.27,42578.0,302.9,235.0
NBL,4/8/2018,314.0,330.0,314.0,324.0,2.53,57910.0,302.9,235.0
NBL,4/9/2018,329.0,331.0,322.0,327.0,0.93,59143.0,302.9,235.0
NBL,4/10/2018,322.0,328.0,318.0,323.0,-1.22,27545.0,302.9,235.0
NBL,4/11/2018,318.0,323.0,316.0,323.0,0.0,12244.0,302.9,235.0
NBL,4/12/2018,326.0,326.0,321.0,321.0,-0.62,29772.0,302.9,235.0
NBL,4/15/2018,317.0,323.0,317.0,322.0,0.31,10986.0,302.9,235.0
NBL,4/16/2018,323.0,330.0,323.0,325.0,0.93,29455.0,302.9,235.0
NBL,4/17/2018,326.0,335.0,326.0,335.0,3.08,54598.0,302.9,235.0
NBL,4/18/2018,339.0,359.0,334.0,346.0,3.28,60836.0,302.9,235.0
NBL,4/19/2018,351.0,362.0,346.0,358.0,3.47,112485.0,302.9,235.0
NBL,4/22/2018,365.0,371.0,359.0,368.0,2.79,99031.0,302.9,235.0
NBL,4/23/2018,375.0,375.0,359.0,363.0,-1.36,260658.0,302.9,235.0
NBL,4/24/2018,361.0,369.0,354.0,366.0,0.83,67001.0,302.9,235.0
NBL,4/25/2018,361.0,367.0,359.0,361.0,-1.37,36818.0,302.9,235.0
NBL,4/26/2018,362.0,362.0,352.0,354.0,-1.94,60577.0,302.9,235.0
NBL,4/29/2018,354.0,356.0,349.0,352.0,-0.56,39156.0,302.9,235.0
NBL,5/2/2018,350.0,353.0,347.0,353.0,0.28,41022.0,302.9,235.0
NBL,5/3/2018,355.0,362.0,351.0,358.0,1.42,161836.0,302.9,235.0
NBL,5/6/2018,351.0,364.0,351.0,353.0,-1.4,56930.0,302.9,235.0
NBL,5/7/2018,353.0,358.0,352.0,354.0,0.28,39380.0,302.9,235.0
NBL,5/8/2018,358.0,360.0,353.0,359.0,1.41,20386.0,302.9,235.0
NBL,5/9/2018,360.0,360.0,355.0,356.0,-0.84,8543.0,302.9,235.0
NBL,5/10/2018,356.0,357.0,355.0,355.0,-0.28,13793.0,302.9,235.0
NBL,5/14/2018,355.0,356.0,350.0,352.0,-0.85,11017.0,302.9,235.0
NBL,5/15/2018,355.0,355.0,351.0,354.0,0.57,2566.0,302.9,235.0
NBL,5/16/2018,351.0,355.0,350.0,355.0,0.28,8391.0,302.9,235.0
NBL,5/17/2018,354.0,360.0,350.0,353.0,-0.56,27724.0,302.9,235.0
NBL,5/20/2018,355.0,355.0,350.0,352.0,-0.28,33559.0,302.9,235.0
NBL,5/21/2018,350.0,352.0,349.0,352.0,0.0,5007.0,302.9,235.0
NBL,5/22/2018,352.0,352.0,348.0,350.0,-0.57,11045.0,302.9,235.0
NBL,5/23/2018,348.0,349.0,346.0,347.0,-0.86,28150.0,302.9,235.0
NBL,5/24/2018,345.0,346.0,330.0,336.0,-3.17,60398.0,302.9,235.0
NBL,5/27/2018,336.0,336.0,324.0,325.0,-3.27,52190.0,302.9,235.0
NBL,5/28/2018,324.0,338.0,322.0,338.0,4.0,48262.0,302.9,235.0
NBL,5/29/2018,338.0,339.0,330.0,333.0,-1.48,25487.0,302.9,235.0
NBL,5/30/2018,332.0,338.0,331.0,333.0,0.0,28966.0,302.9,235.0
NBL,5/31/2018,333.0,333.0,321.0,321.0,-3.6,75469.0,302.9,235.0
NBL,6/3/2018,315.0,324.0,309.0,317.0,-1.25,87540.0,302.9,235.0
NBL,6/4/2018,319.0,319.0,310.0,310.0,-2.21,74863.0,302.9,235.0
NBL,6/6/2018,316.0,322.0,314.0,314.0,1.29,14099.0,302.9,235.0
NBL,6/7/2018,314.0,315.0,311.0,311.0,-0.96,24614.0,302.9,235.0
NBL,6/10/2018,307.0,311.0,305.0,308.0,-0.96,18273.0,302.9,235.0
NBL,6/11/2018,310.0,314.0,306.0,310.0,0.65,48341.0,302.9,235.0
NBL,6/12/2018,308.0,312.0,307.0,309.0,-0.32,17172.0,302.9,235.0
NBL,6/13/2018,310.0,312.0,309.0,311.0,0.65,8186.0,302.9,235.0
NBL,6/14/2018,313.0,314.0,312.0,314.0,0.96,7764.0,302.9,235.0
NBL,6/17/2018,312.0,312.0,300.0,300.0,-4.46,43872.0,302.9,235.0
NBL,6/18/2018,296.0,303.0,292.0,298.0,-0.67,45219.0,302.9,235.0
NBL,6/19/2018,303.0,303.0,297.0,303.0,1.68,89339.0,302.9,235.0
NBL,6/20/2018,300.0,304.0,299.0,299.0,-1.32,48738.0,302.9,235.0
NBL,6/21/2018,295.0,300.0,295.0,298.0,-0.33,17095.0,302.9,235.0
NBL,6/24/2018,299.0,300.0,296.0,298.0,0.0,18044.0,302.9,235.0
NBL,6/25/2018,295.0,295.0,292.0,293.0,-1.68,16793.0,302.9,235.0
NBL,6/26/2018,295.0,295.0,290.0,291.0,-0.68,10852.0,302.9,235.0
NBL,6/27/2018,290.0,294.0,290.0,292.0,0.34,15466.0,302.9,235.0
NBL,6/28/2018,294.0,294.0,292.0,293.0,0.34,13330.0,302.9,235.0
NBL,7/1/2018,292.0,293.0,291.0,292.0,-0.34,27417.0,302.9,235.0
NBL,7/2/2018,289.0,289.0,283.0,284.0,-2.74,18327.0,302.9,235.0
NBL,7/3/2018,285.0,287.0,284.0,285.0,0.35,13245.0,302.9,235.0
NBL,7/4/2018,282.0,289.0,282.0,285.0,0.0,13658.0,302.9,235.0
NBL,7/5/2018,285.0,288.0,285.0,286.0,0.35,24628.0,302.9,235.0
NBL,7/8/2018,290.0,292.0,285.0,285.0,-0.35,13621.0,302.9,235.0
NBL,7/9/2018,283.0,286.0,283.0,285.0,0.0,13600.0,302.9,235.0
NBL,7/10/2018,280.0,289.0,280.0,282.0,-1.05,25338.0,302.9,235.0
NBL,7/11/2018,282.0,284.0,282.0,282.0,0.0,10396.0,302.9,235.0
NBL,7/12/2018,284.0,285.0,280.0,280.0,-0.71,28629.0,302.9,235.0
NBL,7/15/2018,285.0,285.0,281.0,281.0,0.36,12260.0,302.9,235.0
NBL,7/16/2018,282.0,283.0,281.0,281.0,0.0,9173.0,302.9,235.0
NBL,7/17/2018,285.0,285.0,280.0,283.0,0.71,24705.0,302.9,235.0
NBL,7/18/2018,283.0,283.0,280.0,282.0,-0.35,2401.0,302.9,235.0
NBL,7/19/2018,282.0,282.0,280.0,280.0,-0.71,11342.0,302.9,235.0
NBL,7/22/2018,282.0,283.0,281.0,281.0,0.36,18304.0,302.9,235.0
NBL,7/23/2018,283.0,290.0,283.0,290.0,3.2,28941.0,302.9,235.0
NBL,7/24/2018,290.0,295.0,285.0,287.0,-1.03,42236.0,302.9,235.0
NBL,7/25/2018,289.0,289.0,286.0,287.0,0.0,3912.0,302.9,235.0
NBL,7/26/2018,287.0,287.0,283.0,284.0,-1.05,13406.0,302.9,235.0
NBL,7/29/2018,285.0,290.0,285.0,289.0,1.76,31114.0,302.9,235.0
NBL,7/30/2018,293.0,293.0,288.0,291.0,0.69,24886.0,302.9,235.0
NBL,7/31/2018,293.0,293.0,289.0,289.0,-0.69,13050.0,302.9,235.0
NBL,8/1/2018,285.0,290.0,285.0,289.0,0.0,4230.0,302.9,235.0
NBL,8/2/2018,292.0,292.0,287.0,289.0,0.0,7872.0,302.9,235.0
NBL,8/5/2018,290.0,290.0,283.0,285.0,-1.38,5980.0,302.9,235.0
NBL,8/6/2018,290.0,290.0,282.0,282.0,-1.05,14067.0,302.9,235.0
NBL,8/7/2018,287.0,287.0,284.0,284.0,0.71,6688.0,302.9,235.0
NBL,8/8/2018,288.0,288.0,285.0,286.0,0.7,2345.0,302.9,235.0
NBL,8/9/2018,289.0,289.0,284.0,284.0,-0.7,1651.0,302.9,235.0
NBL,8/12/2018,283.0,283.0,280.0,280.0,-1.41,23024.0,302.9,235.0
NBL,8/13/2018,280.0,283.0,280.0,281.0,0.36,12148.0,302.9,235.0
NBL,8/14/2018,286.0,290.0,283.0,285.0,1.42,6060.0,302.9,235.0
NBL,8/15/2018,288.0,295.0,285.0,293.0,2.81,35112.0,302.9,235.0
NBL,8/16/2018,295.0,297.0,290.0,292.0,-0.34,47426.0,302.9,235.0
NBL,8/19/2018,294.0,294.0,286.0,286.0,-2.05,18224.0,302.9,235.0
NBL,8/20/2018,286.0,288.0,284.0,288.0,0.7,13873.0,302.9,235.0
NBL,8/21/2018,287.0,290.0,285.0,286.0,-0.69,14840.0,302.9,235.0
NBL,8/22/2018,285.0,289.0,285.0,285.0,-0.35,12500.0,302.9,235.0
NBL,8/23/2018,285.0,286.0,284.0,285.0,0.0,18050.0,302.9,235.0
NBL,8/26/2018,288.0,290.0,284.0,285.0,0.0,10645.0,302.9,235.0
NBL,8/28/2018,290.0,290.0,284.0,285.0,0.0,12111.0,302.9,235.0
NBL,8/29/2018,290.0,290.0,282.0,282.0,-1.05,13484.0,302.9,235.0
NBL,8/30/2018,287.0,287.0,283.0,286.0,1.42,19325.0,302.9,235.0
NBL,9/2/2018,284.0,290.0,284.0,290.0,1.4,53355.0,302.9,235.0
NBL,9/3/2018,290.0,298.0,290.0,296.0,2.07,64843.0,302.9,235.0
NBL,9/4/2018,295.0,297.0,292.0,293.0,-1.01,12107.0,302.9,235.0
NBL,9/5/2018,296.0,305.0,293.0,297.0,1.37,90228.0,302.9,235.0
NBL,9/6/2018,302.0,305.0,295.0,297.0,0.0,72089.0,302.9,235.0
NBL,9/9/2018,302.0,302.0,294.0,294.0,-1.01,15247.0,302.9,235.0
NBL,9/10/2018,299.0,299.0,289.0,289.0,-1.7,16856.0,302.9,235.0
NBL,9/11/2018,288.0,293.0,284.0,291.0,0.69,37194.0,302.9,235.0
NBL,9/12/2018,290.0,299.0,290.0,298.0,2.41,45123.0,302.9,235.0
NBL,9/13/2018,300.0,303.0,297.0,301.0,1.01,66445.0,302.9,235.0
NBL,9/16/2018,306.0,319.0,300.0,307.0,1.99,157758.0,302.9,235.0
NBL,9/17/2018,310.0,313.0,304.0,306.0,-0.33,79775.0,302.9,235.0
NBL,9/18/2018,305.0,311.0,305.0,307.0,0.33,16279.0,302.9,235.0
NBL,9/20/2018,311.0,315.0,307.0,311.0,1.3,53221.0,302.9,235.0
NBL,9/23/2018,315.0,323.0,311.0,319.0,2.57,97481.0,302.9,235.0
NBL,9/25/2018,325.0,336.0,322.0,334.0,4.7,157318.0,302.9,235.0
NBL,9/26/2018,339.0,340.0,322.0,327.0,-2.1,150600.0,302.9,235.0
NBL,9/27/2018,332.0,332.0,321.0,324.0,-0.92,84483.0,302.9,235.0
NBL,9/30/2018,330.0,330.0,315.0,318.0,-1.85,79138.0,302.9,235.0
NBL,10/1/2018,316.0,320.0,313.0,313.0,-1.57,250271.0,302.9,235.0
NBL,10/2/2018,313.0,320.0,313.0,313.0,0.0,43019.0,302.9,235.0
NBL,10/3/2018,313.0,318.0,309.0,310.0,-0.96,41698.0,302.9,235.0
NBL,10/4/2018,310.0,313.0,307.0,309.0,-0.32,46865.0,302.9,235.0
NBL,10/7/2018,310.0,310.0,303.0,304.0,-1.62,66166.0,302.9,235.0
NBL,10/8/2018,308.0,310.0,306.0,309.0,1.64,16175.0,302.9,235.0
NBL,10/9/2018,310.0,312.0,306.0,306.0,-0.97,34397.0,302.9,235.0
NBL,10/10/2018,306.0,310.0,306.0,307.0,0.33,15056.0,302.9,235.0
NBL,10/11/2018,304.0,310.0,304.0,308.0,0.33,27685.0,302.9,235.0
NBL,10/14/2018,314.0,316.0,307.0,313.0,1.62,23750.0,302.9,235.0
NBL,10/15/2018,314.0,314.0,308.0,311.0,-0.64,21430.0,302.9,235.0
NBL,10/21/2018,313.0,313.0,311.0,311.0,0.0,958.0,302.9,235.0
NBL,10/22/2018,308.0,314.0,308.0,310.0,-0.32,32176.0,302.9,235.0
NBL,10/23/2018,310.0,311.0,309.0,309.0,-0.32,9921.0,302.9,235.0
NBL,10/24/2018,309.0,310.0,309.0,310.0,0.32,5360.0,302.9,235.0
NBL,10/25/2018,310.0,310.0,308.0,309.0,-0.32,10713.0,302.9,235.0
NBL,10/28/2018,309.0,310.0,305.0,307.0,-0.65,11256.0,302.9,235.0
NBL,10/29/2018,305.0,306.0,303.0,303.0,-1.3,15509.0,302.9,235.0
NBL,10/30/2018,302.0,306.0,302.0,306.0,0.99,5642.0,302.9,235.0
NBL,10/31/2018,304.0,307.0,302.0,303.0,-0.98,11710.0,302.9,235.0
NBL,11/1/2018,303.0,305.0,303.0,304.0,0.33,8875.0,302.9,235.0
NBL,11/4/2018,302.0,304.0,300.0,300.0,-1.32,13026.0,302.9,235.0
NBL,11/5/2018,300.0,302.0,300.0,300.0,0.0,30885.0,302.9,235.0
NBL,11/6/2018,300.0,302.0,300.0,301.0,0.33,9616.0,302.9,235.0
NBL,11/11/2018,301.0,302.0,294.0,295.0,-1.99,27671.0,302.9,235.0
NBL,11/12/2018,297.0,297.0,291.0,295.0,0.0,16105.0,302.9,235.0
NBL,11/13/2018,298.0,300.0,295.0,299.0,1.36,20606.0,302.9,235.0
NBL,11/14/2018,306.0,306.0,299.0,304.0,1.67,34603.0,302.9,235.0
NBL,11/15/2018,310.0,310.0,300.0,300.0,-1.32,28850.0,302.9,235.0
NBL,11/18/2018,295.0,295.0,291.0,295.0,-1.67,479916.0,302.9,235.0
NBL,11/19/2018,295.0,296.0,294.0,295.0,0.0,102889.0,302.9,235.0
NBL,11/20/2018,294.0,295.0,292.0,293.0,-0.68,81025.0,302.9,235.0
NBL,11/21/2018,293.0,294.0,292.0,294.0,0.34,107013.0,302.9,235.0
NBL,11/22/2018,296.0,297.0,294.0,296.0,0.68,59992.0,302.9,235.0
NBL,11/25/2018,297.0,300.0,294.0,294.0,-0.68,37121.0,302.9,235.0
NBL,11/26/2018,294.0,295.0,292.0,294.0,0.0,8381.0,302.9,235.0
NBL,11/27/2018,294.0,298.0,294.0,296.0,0.68,35744.0,302.9,235.0
NBL,11/28/2018,291.0,297.0,291.0,296.0,0.0,532427.0,302.9,235.0
NBL,11/29/2018,295.0,296.0,294.0,295.0,-0.34,175782.0,302.9,235.0
NBL,12/2/2018,294.0,295.0,292.0,292.0,-1.02,244841.0,302.9,235.0
NBL,12/3/2018,292.0,293.0,291.0,292.0,0.0,1095018.0,302.9,235.0
NBL,12/4/2018,293.0,296.0,291.0,295.0,1.03,389469.0,302.9,235.0
NBL,12/5/2018,293.0,298.0,290.0,290.0,-1.69,121363.0,302.9,235.0
NBL,12/6/2018,292.0,292.0,288.0,292.0,0.69,114123.0,302.9,235.0
NBL,12/9/2018,295.0,295.0,292.0,295.0,1.03,94368.0,302.9,235.0
NBL,12/10/2018,291.0,298.0,291.0,297.0,0.68,112474.0,302.9,235.0
NBL,12/11/2018,292.0,297.0,292.0,295.0,-0.67,456790.0,302.9,235.0
NBL,12/12/2018,298.0,298.0,295.0,297.0,0.68,117779.0,302.9,235.0
NBL,12/13/2018,298.0,302.0,297.0,302.0,1.68,75519.0,302.9,235.0
NBL,12/16/2018,304.0,310.0,303.0,310.0,2.65,174105.0,302.9,235.0
NBL,12/17/2018,310.0,312.0,306.0,312.0,0.65,143679.0,302.9,235.0
NBL,12/18/2018,318.0,318.0,304.0,306.0,-1.92,166792.0,302.9,235.0
NBL,12/19/2018,306.0,307.0,303.0,304.0,-0.65,42794.0,302.9,235.0
NBL,12/20/2018,309.0,309.0,302.0,304.0,0.0,84630.0,302.9,235.0
NBL,12/23/2018,310.0,316.0,308.0,310.0,1.97,156335.0,302.9,235.0
NBL,12/24/2018,311.0,311.0,305.0,306.0,-1.29,83954.0,302.9,235.0
NBL,12/25/2018,307.0,307.0,304.0,305.0,-0.33,64051.0,302.9,235.0
NBL,12/26/2018,305.0,312.0,304.0,309.0,1.31,141269.0,302.9,235.0
NBL,12/27/2018,312.0,315.0,308.0,310.0,0.32,265409.0,302.9,235.0
NBL,12/30/2018,311.0,312.0,309.0,310.0,0.0,98987.0,302.9,235.0
NBL,12/31/2018,310.0,310.0,307.0,307.0,-0.97,57620.0,302.9,235.0
NBL,1/1/2019,305.0,308.0,305.0,306.0,-0.33,23513.0,302.9,235.0
NBL,1/2/2019,306.0,307.0,305.0,307.0,0.33,17753.0,302.9,235.0
NBL,1/3/2019,310.0,312.0,307.0,309.0,0.65,84700.0,302.9,235.0
NBL,1/6/2019,312.0,312.0,306.0,307.0,-0.65,21607.0,302.9,235.0
NBL,1/7/2019,310.0,310.0,305.0,308.0,0.33,280624.0,302.9,235.0
NBL,1/8/2019,310.0,310.0,306.0,307.0,-0.32,288607.0,302.9,235.0
NBL,1/9/2019,305.0,310.0,305.0,308.0,0.33,158955.0,302.9,235.0
NBL,1/10/2019,308.0,308.0,306.0,307.0,-0.32,379446.0,302.9,235.0
NBL,1/13/2019,305.0,306.0,300.0,300.0,-2.28,383270.0,302.9,235.0
NBL,1/14/2019,302.0,302.0,296.0,297.0,-1.0,158741.0,302.9,235.0
NBL,1/15/2019,299.0,300.0,298.0,299.0,0.67,64049.0,302.9,235.0
NBL,1/16/2019,297.0,297.0,291.0,291.0,-2.68,301140.0,302.9,235.0
NBL,1/17/2019,292.0,295.0,288.0,293.0,0.69,87574.0,302.9,235.0
NBL,1/20/2019,291.0,295.0,291.0,292.0,-0.34,13240.0,302.9,235.0
NBL,1/21/2019,296.0,296.0,290.0,291.0,-0.34,24916.0,302.9,235.0
NBL,1/22/2019,291.0,295.0,291.0,291.0,0.0,36005.0,302.9,235.0
NBL,1/23/2019,289.0,293.0,289.0,292.0,0.34,17173.0,302.9,235.0
NBL,1/24/2019,291.0,293.0,291.0,292.0,0.0,28860.0,302.9,235.0
NBL,1/27/2019,290.0,291.0,289.0,289.0,-1.03,55475.0,302.9,235.0
NBL,1/28/2019,288.0,291.0,288.0,291.0,0.69,45132.0,302.9,235.0
NBL,1/29/2019,290.0,291.0,289.0,290.0,-0.34,32063.0,302.9,235.0
NBL,1/30/2019,290.0,291.0,289.0,290.0,0.0,11347.0,302.9,235.0
NBL,1/31/2019,290.0,291.0,289.0,290.0,0.0,26440.0,302.9,235.0
NBL,2/3/2019,290.0,291.0,289.0,290.0,0.0,48150.0,302.9,235.0
NBL,2/4/2019,290.0,290.0,288.0,288.0,-0.69,93999.0,302.9,235.0
NBL,2/5/2019,289.0,290.0,289.0,290.0,0.69,17657.0,302.9,235.0
NBL,2/6/2019,288.0,289.0,286.0,286.0,-1.38,50729.0,302.9,235.0
NBL,2/7/2019,287.0,288.0,285.0,286.0,0.0,20094.0,302.9,235.0
NBL,2/10/2019,285.0,287.0,285.0,286.0,0.0,25877.0,302.9,235.0
NBL,2/11/2019,282.0,287.0,282.0,285.0,-0.35,17203.0,302.9,235.0
NBL,2/12/2019,286.0,287.0,286.0,287.0,0.7,9109.0,302.9,235.0
NBL,2/13/2019,285.0,287.0,285.0,285.0,-0.7,43442.0,302.9,235.0
NBL,2/14/2019,286.0,286.0,284.0,286.0,0.35,17513.0,302.9,235.0
NBL,2/17/2019,285.0,286.0,284.0,284.0,-0.7,18584.0,302.9,235.0
NBL,2/18/2019,284.0,284.0,283.0,283.0,-0.35,20427.0,302.9,235.0
NBL,2/19/2019,287.0,287.0,283.0,287.0,1.41,31631.0,302.9,235.0
NBL,2/20/2019,285.0,285.0,283.0,283.0,-1.39,23656.0,302.9,235.0
NBL,2/21/2019,284.0,285.0,283.0,284.0,0.35,9879.0,302.9,235.0
NBL,2/24/2019,285.0,286.0,282.0,282.0,-0.7,35569.0,302.9,235.0
NBL,2/25/2019,283.0,284.0,282.0,283.0,0.35,20783.0,302.9,235.0
NBL,2/26/2019,288.0,288.0,282.0,285.0,0.71,16510.0,302.9,235.0
NBL,2/27/2019,285.0,286.0,283.0,285.0,0.0,57845.0,302.9,235.0
NBL,3/3/2019,283.0,285.0,281.0,283.0,-0.7,37310.0,302.9,235.0
NBL,3/5/2019,286.0,286.0,282.0,284.0,0.35,23791.0,302.9,235.0
NBL,3/6/2019,283.0,286.0,282.0,284.0,0.0,48297.0,302.9,235.0
NBL,3/7/2019,285.0,288.0,283.0,288.0,1.41,17232.0,302.9,235.0
NBL,3/10/2019,286.0,287.0,283.0,287.0,-0.35,4466.0,302.9,235.0
NBL,3/11/2019,287.0,289.0,285.0,289.0,0.7,26236.0,302.9,235.0
NBL,3/12/2019,290.0,295.0,288.0,295.0,2.08,54402.0,302.9,235.0
NBL,3/13/2019,296.0,296.0,290.0,290.0,-1.69,34156.0,302.9,235.0
NBL,3/14/2019,294.0,294.0,289.0,292.0,0.69,27805.0,302.9,235.0
NBL,3/17/2019,295.0,295.0,292.0,292.0,0.0,23342.0,302.9,235.0
NBL,3/18/2019,291.0,296.0,289.0,290.0,-0.68,17710.0,302.9,235.0
NBL,3/19/2019,294.0,294.0,289.0,290.0,0.0,5010.0,302.9,235.0
NBL,3/21/2019,291.0,292.0,289.0,290.0,0.0,8720.0,302.9,235.0
NBL,3/24/2019,292.0,292.0,286.0,288.0,-0.69,15906.0,302.9,235.0
NBL,3/25/2019,285.0,288.0,285.0,287.0,-0.35,22863.0,302.9,235.0
NBL,3/26/2019,287.0,290.0,287.0,290.0,1.05,18589.0,302.9,235.0
NBL,3/27/2019,294.0,294.0,288.0,289.0,-0.34,11530.0,302.9,235.0
NBL,3/28/2019,289.0,290.0,288.0,289.0,0.0,17534.0,302.9,235.0
NBL,3/31/2019,290.0,291.0,289.0,290.0,0.35,19550.0,302.9,235.0
NBL,4/1/2019,289.0,293.0,289.0,291.0,0.34,45376.0,302.9,235.0
NBL,4/2/2019,292.0,294.0,292.0,294.0,1.03,36298.0,302.9,235.0
NBL,4/3/2019,294.0,301.0,293.0,298.0,1.36,99097.0,302.9,235.0
NBL,4/4/2019,297.0,298.0,294.0,296.0,-0.67,61272.0,302.9,235.0
NBL,4/7/2019,295.0,302.0,294.0,301.0,1.69,62817.0,302.9,235.0
NBL,4/8/2019,303.0,306.0,299.0,302.0,0.33,123853.0,302.9,235.0
NBL,4/9/2019,304.0,304.0,294.0,298.0,-1.32,127430.0,302.9,235.0
NBL,4/10/2019,303.0,303.0,294.0,298.0,0.0,35880.0,302.9,235.0
NBL,4/11/2019,298.0,301.0,295.0,297.0,-0.34,53294.0,302.9,235.0
NBL,4/15/2019,296.0,299.0,294.0,296.0,-0.34,30074.0,302.9,235.0
NBL,4/16/2019,296.0,300.0,291.0,299.0,1.01,109893.0,302.9,235.0
NBL,4/17/2019,302.0,302.0,296.0,299.0,0.0,145581.0,302.9,235.0
NBL,4/18/2019,299.0,302.0,297.0,302.0,1.0,140590.0,302.9,235.0
NBL,4/21/2019,302.0,318.0,302.0,314.0,3.97,479666.0,302.9,235.0
NBL,4/22/2019,317.0,318.0,308.0,310.0,-1.27,300068.0,302.9,235.0
NBL,4/23/2019,312.0,312.0,308.0,309.0,-0.32,137845.0,302.9,235.0
NBL,4/24/2019,312.0,313.0,308.0,312.0,0.97,292086.0,302.9,235.0
NBL,4/25/2019,314.0,319.0,314.0,315.0,0.96,581857.0,302.9,235.0
NBL,4/28/2019,318.0,328.0,318.0,325.0,3.17,715538.0,302.9,235.0
NBL,4/29/2019,325.0,326.0,318.0,321.0,-1.23,351667.0,302.9,235.0
NBL,4/30/2019,324.0,324.0,315.0,318.0,-0.93,294267.0,302.9,235.0
NBL,5/2/2019,320.0,321.0,311.0,314.0,-1.26,150302.0,302.9,235.0
NBL,5/5/2019,316.0,316.0,309.0,310.0,-1.27,202122.0,302.9,235.0
NBL,5/6/2019,309.0,315.0,309.0,315.0,1.61,123895.0,302.9,235.0
NBL,5/7/2019,317.0,317.0,311.0,311.0,-1.27,141441.0,302.9,235.0
NBL,5/8/2019,314.0,314.0,311.0,313.0,0.64,30364.0,302.9,235.0
NBL,5/9/2019,310.0,312.0,309.0,312.0,-0.32,79325.0,302.9,235.0
NBL,5/12/2019,311.0,312.0,308.0,310.0,-0.64,87036.0,302.9,235.0
NBL,5/13/2019,310.0,311.0,309.0,309.0,-0.32,121099.0,302.9,235.0
NBL,5/14/2019,310.0,315.0,309.0,313.0,1.29,346806.0,302.9,235.0
NBL,5/15/2019,312.0,322.0,312.0,316.0,0.96,415548.0,302.9,235.0
NBL,5/16/2019,321.0,321.0,317.0,319.0,0.95,213891.0,302.9,235.0
NBL,5/19/2019,320.0,338.0,319.0,336.0,5.33,686098.0,302.9,235.0
NBL,5/20/2019,340.0,348.0,337.0,338.0,0.6,677987.0,302.9,235.0
NBL,5/21/2019,339.0,340.0,330.0,333.0,-1.48,259426.0,302.9,235.0
NBL,5/22/2019,335.0,343.0,333.0,343.0,3.0,206344.0,302.9,235.0
NBL,5/23/2019,345.0,346.0,337.0,340.0,-0.87,181744.0,302.9,235.0
NBL,5/26/2019,341.0,342.0,335.0,336.0,-1.18,143892.0,302.9,235.0
NBL,5/27/2019,338.0,339.0,333.0,336.0,0.0,77686.0,302.9,235.0
NBL,5/28/2019,352.0,352.0,333.0,335.0,-0.3,178454.0,302.9,235.0
NBL,5/29/2019,338.0,339.0,335.0,336.0,0.3,111502.0,302.9,235.0
NBL,5/30/2019,346.0,354.0,337.0,339.0,0.89,483680.0,302.9,235.0
NBL,6/2/2019,337.0,339.0,333.0,335.0,-1.18,132560.0,302.9,235.0
NBL,6/3/2019,335.0,335.0,330.0,331.0,-1.19,107787.0,302.9,235.0
NBL,6/4/2019,330.0,335.0,328.0,330.0,-0.3,147620.0,302.9,235.0
NBL,6/6/2019,330.0,334.0,326.0,326.0,-1.21,113091.0,302.9,235.0
NBL,6/10/2019,326.0,329.0,323.0,325.0,-0.31,78576.0,302.9,235.0
NBL,6/11/2019,326.0,329.0,324.0,327.0,0.62,76476.0,302.9,235.0
NBL,6/12/2019,329.0,329.0,324.0,326.0,-0.31,36530.0,302.9,235.0
NBL,6/13/2019,326.0,329.0,323.0,325.0,-0.31,49952.0,302.9,235.0
NBL,6/16/2019,325.0,326.0,322.0,324.0,-0.31,91288.0,302.9,235.0
NBL,6/17/2019,324.0,325.0,320.0,324.0,0.0,102416.0,302.9,235.0
NBL,6/18/2019,323.0,325.0,321.0,323.0,-0.31,58818.0,302.9,235.0
NBL,6/19/2019,323.0,323.0,321.0,321.0,-0.62,55895.0,302.9,235.0
NBL,6/20/2019,323.0,327.0,322.0,325.0,1.25,74143.0,302.9,235.0
NBL,6/23/2019,323.0,325.0,321.0,321.0,-1.23,69340.0,302.9,235.0
NBL,6/24/2019,322.0,324.0,322.0,324.0,0.93,62030.0,302.9,235.0
NBL,6/25/2019,328.0,328.0,324.0,326.0,0.62,55178.0,302.9,235.0
NBL,6/26/2019,325.0,332.0,325.0,331.0,1.53,127349.0,302.9,235.0
NBL,6/27/2019,333.0,336.0,331.0,335.0,1.21,169434.0,302.9,235.0
NBL,6/30/2019,335.0,341.0,332.0,333.0,-0.6,190259.0,302.9,235.0
NBL,7/1/2019,331.0,333.0,329.0,333.0,0.0,79115.0,302.9,235.0
NBL,7/2/2019,333.0,337.0,331.0,337.0,1.2,73591.0,302.9,235.0
NBL,7/3/2019,339.0,341.0,335.0,340.0,0.89,134166.0,302.9,235.0
NBL,7/4/2019,340.0,341.0,336.0,337.0,-0.88,139505.0,302.9,235.0
NBL,7/7/2019,337.0,340.0,337.0,339.0,0.59,121328.0,302.9,235.0
NBL,7/8/2019,339.0,339.0,335.0,336.0,-0.88,70296.0,302.9,235.0
NBL,7/9/2019,339.0,339.0,334.0,335.0,-0.3,79877.0,302.9,235.0
NBL,7/10/2019,337.0,339.0,333.0,338.0,0.9,66210.0,302.9,235.0
NBL,7/11/2019,339.0,339.0,336.0,337.0,-0.3,157150.0,302.9,235.0
NBL,7/14/2019,339.0,339.0,335.0,337.0,0.0,64571.0,302.9,235.0
NBL,7/15/2019,339.0,339.0,335.0,337.0,0.0,155161.0,302.9,235.0
NBL,7/16/2019,339.0,339.0,335.0,336.0,-0.3,172096.0,302.9,235.0
NBL,7/17/2019,342.0,345.0,337.0,345.0,2.68,138862.0,302.9,235.0
NBL,7/18/2019,344.0,348.0,342.0,342.0,-0.87,66349.0,302.9,235.0
NBL,7/21/2019,345.0,345.0,340.0,342.0,0.0,30835.0,302.9,235.0
NBL,7/22/2019,342.0,344.0,342.0,343.0,0.29,32294.0,302.9,235.0
NBL,7/23/2019,344.0,350.0,343.0,350.0,2.04,104302.0,302.9,235.0
NBL,7/24/2019,354.0,355.0,346.0,349.0,-0.29,114426.0,302.9,235.0
NBL,7/25/2019,347.0,349.0,343.0,344.0,-1.43,115670.0,302.9,235.0
NBL,7/28/2019,339.0,341.0,336.0,339.0,-1.45,118728.0,302.9,235.0
NBL,7/29/2019,344.0,344.0,338.0,339.0,0.0,31642.0,302.9,235.0
NBL,7/30/2019,341.0,341.0,338.0,339.0,0.0,46041.0,302.9,235.0
NBL,7/31/2019,338.0,342.0,338.0,340.0,0.29,83641.0,302.9,235.0
NBL,8/1/2019,343.0,343.0,338.0,339.0,-0.29,50317.0,302.9,235.0
NBL,8/4/2019,335.0,337.0,332.0,335.0,-1.18,154007.0,302.9,235.0
NBL,8/5/2019,333.0,335.0,330.0,331.0,-1.19,81332.0,302.9,235.0
NBL,8/6/2019,332.0,332.0,325.0,326.0,-1.51,127107.0,302.9,235.0
NBL,8/7/2019,325.0,332.0,324.0,331.0,1.53,59639.0,302.9,235.0
NBL,8/8/2019,330.0,330.0,327.0,328.0,-0.91,71112.0,302.9,235.0
NBL,8/11/2019,327.0,328.0,326.0,328.0,0.0,36234.0,302.9,235.0
NBL,8/12/2019,328.0,328.0,326.0,327.0,-0.3,33325.0,302.9,235.0
NBL,8/13/2019,330.0,330.0,325.0,326.0,-0.31,44695.0,302.9,235.0
NBL,8/14/2019,326.0,327.0,322.0,324.0,-0.61,65059.0,302.9,235.0
NBL,8/15/2019,324.0,325.0,322.0,325.0,0.31,39284.0,302.9,235.0
NBL,8/18/2019,327.0,327.0,323.0,325.0,0.0,28355.0,302.9,235.0
NBL,8/19/2019,325.0,329.0,324.0,326.0,0.31,33779.0,302.9,235.0
NBL,8/20/2019,326.0,327.0,323.0,326.0,0.0,31843.0,302.9,235.0
NBL,8/21/2019,325.0,326.0,324.0,325.0,-0.31,16301.0,302.9,235.0
NBL,8/22/2019,325.0,326.0,324.0,325.0,0.0,27089.0,302.9,235.0
NBL,8/25/2019,325.0,326.0,320.0,322.0,-0.92,75110.0,302.9,235.0
NBL,8/26/2019,322.0,323.0,321.0,322.0,0.0,51909.0,302.9,235.0
NBL,8/27/2019,322.0,325.0,322.0,324.0,0.62,48135.0,302.9,235.0
NBL,8/28/2019,326.0,326.0,321.0,322.0,-0.62,23281.0,302.9,235.0
NBL,8/29/2019,328.0,328.0,322.0,323.0,0.31,26080.0,302.9,235.0
NBL,9/1/2019,324.0,324.0,319.0,320.0,-0.93,28538.0,302.9,235.0
NBL,9/2/2019,320.0,320.0,314.0,314.0,-1.88,81020.0,302.9,235.0
NBL,9/3/2019,315.0,322.0,311.0,321.0,2.23,105779.0,302.9,235.0
NBL,9/4/2019,320.0,323.0,316.0,320.0,-0.31,63294.0,302.9,235.0
NBL,9/5/2019,331.0,331.0,320.0,321.0,0.31,20580.0,302.9,235.0
NBL,9/8/2019,322.0,323.0,318.0,320.0,-0.31,22252.0,302.9,235.0
NBL,9/9/2019,320.0,320.0,315.0,317.0,-0.94,27821.0,302.9,235.0
NBL,9/10/2019,321.0,321.0,316.0,317.0,0.0,27115.0,302.9,235.0
NBL,9/11/2019,316.0,319.0,314.0,315.0,-0.63,43606.0,302.9,235.0
NBL,9/12/2019,315.0,316.0,313.0,315.0,0.0,64421.0,302.9,235.0
NBL,9/15/2019,317.0,317.0,309.0,310.0,-1.59,55973.0,302.9,235.0
NBL,9/16/2019,310.0,312.0,307.0,310.0,0.0,58196.0,302.9,235.0
NBL,9/17/2019,307.0,319.0,307.0,317.0,2.26,96740.0,302.9,235.0
NBL,9/18/2019,321.0,324.0,318.0,324.0,2.21,81162.0,302.9,235.0
NBL,9/19/2019,325.0,325.0,318.0,318.0,-1.85,31568.0,302.9,235.0
NBL,9/22/2019,318.0,318.0,311.0,311.0,-2.2,21930.0,302.9,235.0
NBL,9/23/2019,311.0,317.0,311.0,314.0,0.96,9235.0,302.9,235.0
NBL,9/24/2019,319.0,319.0,311.0,312.0,-0.64,9053.0,302.9,235.0
NBL,9/25/2019,312.0,316.0,310.0,310.0,-0.64,26815.0,302.9,235.0
NBL,9/26/2019,311.0,312.0,309.0,312.0,0.65,26805.0,302.9,235.0
NBL,9/29/2019,311.0,312.0,309.0,312.0,0.0,19988.0,302.9,235.0
NBL,9/30/2019,312.0,315.0,311.0,315.0,0.96,38026.0,302.9,235.0
NBL,10/1/2019,317.0,318.0,315.0,316.0,0.32,7352.0,302.9,235.0
NBL,10/2/2019,319.0,319.0,313.0,315.0,-0.32,10800.0,302.9,235.0
NBL,10/3/2019,315.0,317.0,315.0,317.0,0.63,8665.0,302.9,235.0
NBL,10/10/2019,312.0,318.0,312.0,318.0,0.32,2940.0,302.9,235.0
NBL,10/14/2019,315.0,318.0,312.0,315.0,-0.94,17820.0,302.9,235.0
NBL,10/15/2019,315.0,318.0,315.0,318.0,0.95,9306.0,302.9,235.0
NBL,10/16/2019,315.0,322.0,314.0,318.0,0.0,10740.0,302.9,235.0
NBL,10/17/2019,317.0,318.0,316.0,317.0,-0.31,17478.0,302.9,235.0
NBL,10/20/2019,320.0,320.0,316.0,317.0,0.0,17236.0,302.9,235.0
NBL,10/21/2019,315.0,318.0,315.0,318.0,0.32,24090.0,302.9,235.0
NBL,10/22/2019,316.0,319.0,316.0,319.0,0.31,15384.0,302.9,235.0
NBL,10/23/2019,321.0,322.0,316.0,318.0,-0.31,13095.0,302.9,235.0
NBL,10/24/2019,317.0,321.0,317.0,320.0,0.63,35053.0,302.9,235.0
NBL,10/31/2019,323.0,323.0,316.0,317.0,-0.94,16390.0,302.9,235.0
NBL,11/3/2019,315.0,316.0,314.0,315.0,-0.63,16475.0,302.9,235.0
NBL,11/4/2019,315.0,315.0,313.0,315.0,0.0,22403.0,302.9,235.0
NBL,11/5/2019,315.0,316.0,314.0,315.0,0.0,16092.0,302.9,235.0
NBL,11/6/2019,315.0,315.0,313.0,314.0,-0.32,20653.0,302.9,235.0
NBL,11/7/2019,313.0,313.0,309.0,312.0,-0.64,90557.0,302.9,235.0
NBL,11/10/2019,308.0,309.0,302.0,305.0,-2.24,69475.0,302.9,235.0
NBL,11/11/2019,305.0,312.0,302.0,309.0,1.31,57794.0,302.9,235.0
NBL,11/12/2019,307.0,307.0,305.0,307.0,-0.65,28472.0,302.9,235.0
NBL,11/13/2019,305.0,307.0,304.0,305.0,-0.65,48500.0,302.9,235.0
NBL,11/14/2019,305.0,312.0,305.0,310.0,1.64,45817.0,302.9,235.0
NBL,11/17/2019,312.0,320.0,310.0,319.0,2.9,99578.0,302.9,235.0
NBL,11/18/2019,325.0,332.0,318.0,320.0,0.31,260644.0,302.9,235.0
NBL,11/19/2019,321.0,322.0,316.0,318.0,-0.62,58928.0,302.9,235.0
NBL,11/20/2019,320.0,321.0,316.0,317.0,-0.31,84285.0,302.9,235.0
NBL,11/21/2019,316.0,317.0,314.0,314.0,-0.95,65257.0,302.9,235.0
NBL,11/24/2019,318.0,318.0,310.0,310.0,-1.27,44142.0,302.9,235.0
NBL,11/25/2019,314.0,317.0,310.0,316.0,1.94,112082.0,302.9,235.0
NBL,11/26/2019,317.0,317.0,312.0,312.0,-1.27,57838.0,302.9,235.0
NBL,11/27/2019,313.0,316.0,313.0,315.0,0.96,35897.0,302.9,235.0
NBL,11/28/2019,315.0,316.0,311.0,312.0,-0.95,21933.0,302.9,235.0
NBL,12/1/2019,312.0,313.0,311.0,311.0,-0.32,13655.0,302.9,235.0
NBL,12/2/2019,312.0,313.0,311.0,312.0,0.32,23337.0,302.9,235.0
NBL,12/3/2019,317.0,317.0,311.0,312.0,0.0,9381.0,302.9,235.0
NBL,12/4/2019,312.0,314.0,312.0,313.0,0.32,31054.0,302.9,235.0
NBL,12/5/2019,314.0,315.0,312.0,313.0,0.0,39669.0,302.9,235.0
NBL,12/8/2019,314.0,314.0,311.0,312.0,-0.32,19458.0,302.9,235.0
NBL,12/9/2019,312.0,315.0,312.0,313.0,0.32,73431.0,302.9,235.0
NBL,12/10/2019,314.0,315.0,313.0,314.0,0.32,37031.0,302.9,235.0
NBL,12/11/2019,315.0,316.0,314.0,314.0,0.0,97626.0,302.9,235.0
NBL,12/12/2019,315.0,316.0,313.0,314.0,0.0,66257.0,302.9,235.0
NBL,12/15/2019,313.0,317.0,313.0,314.0,0.0,144473.0,302.9,235.0
NBL,12/16/2019,313.0,315.0,313.0,314.0,0.0,47696.0,302.9,235.0
NBL,12/17/2019,314.0,314.0,313.0,313.0,-0.32,36406.0,302.9,235.0
NBL,12/18/2019,317.0,317.0,312.0,315.0,0.64,51679.0,302.9,235.0
NBL,12/19/2019,314.0,315.0,313.0,314.0,-0.32,59807.0,302.9,235.0
NBL,12/22/2019,315.0,315.0,314.0,315.0,0.32,90050.0,302.9,235.0
NBL,12/23/2019,314.0,315.0,314.0,315.0,0.0,150456.0,302.9,235.0
NBL,12/24/2019,315.0,317.0,315.0,316.0,0.32,241620.0,302.9,235.0
NBL,12/25/2019,316.0,317.0,315.0,316.0,0.0,145067.0,302.9,235.0
NBL,12/26/2019,316.0,319.0,315.0,317.0,0.32,417340.0,302.9,235.0
NBL,12/29/2019,271.0,271.0,265.0,267.0,-15.77,69886.0,302.9,235.0
NBL,12/30/2019,280.0,280.0,263.0,264.0,-1.12,24371.0,302.9,235.0
NBL,12/31/2019,264.0,265.0,262.0,265.0,0.38,31644.0,302.9,235.0
NBL,1/1/2020,264.0,265.0,263.0,264.0,-0.38,27343.0,302.9,235.0
NBL,1/2/2020,265.0,268.0,263.0,266.0,0.76,25846.0,302.9,235.0
NBL,1/5/2020,265.0,271.0,265.0,270.0,1.5,63823.0,302.9,235.0
NBL,1/6/2020,275.0,277.0,270.0,274.0,1.48,65947.0,302.9,235.0
NBL,1/7/2020,274.0,278.0,273.0,275.0,0.36,71856.0,302.9,235.0
NBL,1/8/2020,279.0,279.0,271.0,273.0,-0.73,55523.0,302.9,235.0
NBL,1/9/2020,272.0,272.0,270.0,271.0,-0.73,28996.0,302.9,235.0
NBL,1/12/2020,273.0,276.0,272.0,273.0,0.74,110930.0,302.9,235.0
NBL,1/13/2020,278.0,283.0,277.0,279.0,2.2,140253.0,302.9,235.0
NBL,1/14/2020,275.0,280.0,275.0,277.0,-0.72,30995.0,302.9,235.0
NBL,1/15/2020,279.0,286.0,276.0,282.0,1.81,103770.0,302.9,235.0
NBL,1/16/2020,283.0,285.0,280.0,282.0,0.0,158071.0,302.9,235.0
NBL,1/19/2020,285.0,288.0,282.0,284.0,0.71,173449.0,302.9,235.0
NBL,1/20/2020,289.0,289.0,276.0,279.0,-1.76,97170.0,302.9,235.0
NBL,1/21/2020,280.0,281.0,276.0,278.0,-0.36,68581.0,302.9,235.0
NBL,1/22/2020,278.0,295.0,276.0,288.0,3.6,317195.0,302.9,235.0
NBL,1/23/2020,292.0,292.0,278.0,280.0,-2.78,206048.0,302.9,235.0
NBL,1/26/2020,285.0,285.0,273.0,273.0,-2.5,66783.0,302.9,235.0
NBL,1/27/2020,272.0,279.0,272.0,276.0,1.1,75600.0,302.9,235.0
NBL,1/28/2020,276.0,277.0,271.0,271.0,-1.81,166814.0,302.9,235.0
NBL,1/29/2020,271.0,272.0,268.0,270.0,-0.37,106912.0,302.9,235.0
NBL,1/30/2020,273.0,274.0,269.0,273.0,1.11,113167.0,302.9,235.0
NBL,2/2/2020,275.0,278.0,272.0,274.0,0.37,105558.0,302.9,235.0
NBL,2/3/2020,275.0,275.0,271.0,273.0,-0.36,67012.0,302.9,235.0
NBL,2/4/2020,273.0,281.0,270.0,271.0,-0.73,81425.0,302.9,235.0
NBL,2/5/2020,275.0,275.0,270.0,270.0,-0.37,55989.0,302.9,235.0
NBL,2/6/2020,271.0,274.0,268.0,270.0,0.0,49567.0,302.9,235.0
NBL,2/9/2020,271.0,271.0,267.0,269.0,-0.37,60188.0,302.9,235.0
NBL,2/10/2020,273.0,273.0,267.0,269.0,0.0,41674.0,302.9,235.0
NBL,2/11/2020,270.0,275.0,268.0,269.0,0.0,66521.0,302.9,235.0
NBL,2/12/2020,270.0,271.0,267.0,267.0,-0.74,105904.0,302.9,235.0
NBL,2/13/2020,268.0,269.0,266.0,267.0,0.0,107979.0,302.9,235.0
NBL,2/16/2020,268.0,268.0,265.0,268.0,0.37,77714.0,302.9,235.0
NBL,2/17/2020,272.0,282.0,270.0,272.0,1.49,185770.0,302.9,235.0
NBL,2/18/2020,277.0,282.0,270.0,272.0,0.0,165119.0,302.9,235.0
NBL,2/19/2020,273.0,273.0,269.0,272.0,0.0,58253.0,302.9,235.0
NBL,2/20/2020,275.0,275.0,270.0,273.0,0.37,142585.0,302.9,235.0
NBL,2/23/2020,277.0,292.0,274.0,285.0,4.4,182865.0,302.9,235.0
NBL,2/24/2020,299.0,299.0,286.0,290.0,1.75,327555.0,302.9,235.0
NBL,2/25/2020,290.0,293.0,282.0,293.0,1.03,138549.0,302.9,235.0
NBL,2/26/2020,295.0,311.0,295.0,308.0,5.12,589988.0,302.9,235.0
NBL,2/27/2020,302.0,322.0,300.0,315.0,2.27,353136.0,302.9,235.0
NBL,3/1/2020,318.0,324.0,304.0,310.0,-1.59,547596.0,302.9,235.0
NBL,3/2/2020,308.0,308.0,292.0,292.0,-5.81,205347.0,302.9,235.0
NBL,3/3/2020,287.0,303.0,283.0,296.0,1.37,251549.0,302.9,235.0
NBL,3/4/2020,294.0,295.0,286.0,288.0,-2.7,229481.0,302.9,235.0
NBL,3/5/2020,284.0,290.0,281.0,285.0,-1.04,145702.0,302.9,235.0
NBL,3/10/2020,281.0,283.0,269.0,270.0,-5.26,84488.0,302.9,235.0
NBL,3/11/2020,275.0,283.0,270.0,283.0,4.81,156064.0,302.9,235.0
NBL,3/12/2020,283.0,285.0,272.0,273.0,-3.53,213483.0,302.9,235.0
NBL,3/15/2020,271.0,273.0,263.0,266.0,-2.56,257710.0,302.9,235.0
NBL,3/16/2020,264.0,269.0,260.0,266.0,0.0,87654.0,302.9,235.0
NBL,3/17/2020,271.0,271.0,257.0,260.0,-2.26,164744.0,302.9,235.0
NBL,3/18/2020,258.0,260.0,252.0,255.0,-1.92,121224.0,302.9,235.0
NBL,3/19/2020,251.0,260.0,245.0,260.0,1.96,195205.0,302.9,235.0
NBL,3/22/2020,260.0,266.0,251.0,251.0,-3.46,20983.0,302.9,235.0
NBL,5/12/2020,246.0,246.0,244.0,244.0,-2.79,240.0,302.9,235.0
NBL,5/13/2020,240.0,240.0,237.0,237.0,-2.87,1680.0,302.9,235.0
NBL,6/29/2020,233.0,233.0,214.0,230.0,-2.95,77584.0,302.9,235.0
NBL,6/30/2020,230.0,246.0,230.0,245.0,6.52,14142.0,302.9,235.0
NBL,7/1/2020,249.0,263.0,246.0,260.0,6.12,12839.0,302.9,235.0
NBL,7/2/2020,262.0,262.0,235.0,245.0,-5.77,41631.0,302.9,235.0
NBL,7/5/2020,241.0,244.0,235.0,241.0,-1.63,47651.0,302.9,235.0
NBL,7/6/2020,241.0,245.0,238.0,244.0,1.24,67917.0,302.9,235.0
NBL,7/7/2020,247.0,251.0,243.0,247.0,1.23,49587.0,302.9,235.0
NBL,7/8/2020,247.0,250.0,240.0,242.0,-2.02,74405.0,302.9,235.0
NBL,7/9/2020,245.0,246.0,240.0,244.0,0.83,48098.0,302.9,235.0
NBL,7/12/2020,248.0,248.0,240.0,242.0,-0.82,85879.0,302.9,235.0
NBL,7/13/2020,245.0,245.0,239.0,240.0,-0.83,56984.0,302.9,235.0
NBL,7/14/2020,241.0,243.0,238.0,240.0,0.0,32011.0,302.9,235.0
NBL,7/15/2020,241.0,249.0,240.0,249.0,3.75,85270.0,302.9,235.0
NBL,7/16/2020,253.0,257.0,248.0,257.0,3.21,92219.0,302.9,235.0
NBL,7/19/2020,269.0,282.0,269.0,282.0,9.73,4563.0,302.9,235.0
NBL,7/20/2020,292.0,301.0,270.0,276.0,-2.13,260028.0,302.9,235.0
NBL,7/21/2020,273.0,275.0,267.0,269.0,-2.54,142910.0,302.9,235.0
NBL,7/22/2020,269.0,274.0,263.0,266.0,-1.12,70053.0,302.9,235.0
NBL,7/23/2020,267.0,267.0,260.0,265.0,-0.38,60960.0,302.9,235.0
NBL,7/26/2020,278.0,278.0,262.0,267.0,0.75,77710.0,302.9,235.0
NBL,7/27/2020,280.0,280.0,265.0,267.0,0.0,109118.0,302.9,235.0
NBL,7/28/2020,280.0,280.0,263.0,264.0,-1.12,110000.0,302.9,235.0
NBL,7/29/2020,265.0,265.0,259.0,260.0,-1.52,96162.0,302.9,235.0
NBL,7/30/2020,260.0,263.0,258.0,261.0,0.38,86435.0,302.9,235.0
NBL,8/2/2020,258.0,259.0,249.0,250.0,-4.21,127977.0,302.9,235.0
NBL,8/3/2020,250.0,258.0,247.0,253.0,1.2,90678.0,302.9,235.0
NBL,8/5/2020,251.0,251.0,246.0,248.0,-1.98,78930.0,302.9,235.0
NBL,8/6/2020,250.0,250.0,244.0,247.0,-0.4,65857.0,302.9,235.0
NBL,8/9/2020,259.0,263.0,248.0,263.0,6.48,184367.0,302.9,235.0
NBL,8/10/2020,271.0,277.0,265.0,277.0,5.32,218528.0,302.9,235.0
NBL,8/11/2020,290.0,290.0,272.0,274.0,-1.08,146156.0,302.9,235.0
NBL,8/12/2020,275.0,275.0,269.0,275.0,0.36,93398.0,302.9,235.0
NBL,8/13/2020,275.0,275.0,268.0,272.0,-1.09,71146.0,302.9,235.0
NBL,8/16/2020,270.0,285.0,267.0,285.0,4.78,294044.0,302.9,235.0
NBL,8/17/2020,286.0,290.0,281.0,283.0,-0.7,273572.0,302.9,235.0
NBL,8/18/2020,285.0,287.0,282.0,284.0,0.35,97472.0,302.9,235.0
NBL,8/19/2020,280.0,282.0,276.0,279.0,-1.76,90317.0,302.9,235.0
NBL,8/20/2020,278.0,281.0,277.0,281.0,0.72,60309.0,302.9,235.0
NBL,8/23/2020,295.0,295.0,280.0,281.0,0.0,89626.0,302.9,235.0
NBL,8/24/2020,295.0,295.0,282.0,290.0,3.2,289610.0,302.9,235.0
NBL,8/25/2020,291.0,293.0,288.0,290.0,0.0,146566.0,302.9,235.0
NBL,8/26/2020,292.0,294.0,289.0,291.0,0.34,205110.0,302.9,235.0
NBL,8/27/2020,305.0,305.0,290.0,291.0,0.0,130023.0,302.9,235.0
NBL,8/30/2020,292.0,293.0,287.0,289.0,-0.69,89269.0,302.9,235.0
NBL,8/31/2020,290.0,294.0,289.0,290.0,0.35,171035.0,302.9,235.0
NBL,9/2/2020,291.0,304.0,291.0,299.0,3.1,298017.0,302.9,235.0
NBL,9/3/2020,305.0,305.0,296.0,303.0,1.34,298162.0,302.9,235.0
NBL,9/6/2020,318.0,318.0,301.0,304.0,0.33,382827.0,302.9,235.0
NBL,9/7/2020,315.0,315.0,298.0,299.0,-1.64,201990.0,302.9,235.0
NBL,9/8/2020,313.0,313.0,295.0,297.0,-0.67,147334.0,302.9,235.0
NBL,9/9/2020,300.0,301.0,297.0,301.0,1.35,227949.0,302.9,235.0
NBL,9/10/2020,316.0,316.0,299.0,301.0,0.0,147982.0,302.9,235.0
NBL,9/13/2020,286.0,306.0,286.0,304.0,1.0,199318.0,302.9,235.0
NBL,9/14/2020,305.0,313.0,303.0,308.0,1.32,416210.0,302.9,235.0
NBL,9/15/2020,300.0,315.0,300.0,309.0,0.32,223449.0,302.9,235.0
NBL,9/16/2020,312.0,312.0,307.0,308.0,-0.32,85492.0,302.9,235.0
NBL,9/17/2020,312.0,315.0,307.0,311.0,0.97,406226.0,302.9,235.0
NBL,9/20/2020,320.0,325.0,316.0,323.0,3.86,443544.0,302.9,235.0
NBL,9/21/2020,339.0,339.0,318.0,333.0,3.1,648790.0,302.9,235.0
NBL,9/22/2020,338.0,338.0,322.0,326.0,-2.1,583004.0,302.9,235.0
NBL,9/23/2020,342.0,342.0,321.0,324.0,-0.61,296292.0,302.9,235.0
NBL,9/24/2020,340.0,340.0,324.0,326.0,0.62,260925.0,302.9,235.0
NBL,9/27/2020,342.0,342.0,325.0,330.0,1.23,211245.0,302.9,235.0
NBL,9/28/2020,346.0,346.0,324.0,330.0,0.0,132472.0,302.9,235.0
NBL,9/29/2020,314.0,331.0,314.0,328.0,-0.61,130831.0,302.9,235.0
NBL,9/30/2020,344.0,344.0,323.0,326.0,-0.61,160289.0,302.9,235.0
NBL,10/1/2020,325.0,329.0,325.0,326.0,0.0,190612.0,302.9,235.0
NBL,10/4/2020,326.0,336.0,326.0,333.0,2.15,359579.0,302.9,235.0
NBL,10/5/2020,333.0,337.0,332.0,335.0,0.6,293565.0,302.9,235.0
NBL,10/6/2020,337.0,337.0,333.0,335.0,0.0,244937.0,302.9,235.0
NBL,10/7/2020,351.0,351.0,332.0,335.0,0.0,217357.0,302.9,235.0
NBL,10/8/2020,336.0,336.0,328.0,330.0,-1.49,159669.0,302.9,235.0
NBL,10/11/2020,332.0,334.0,326.0,327.0,-0.91,162645.0,302.9,235.0
NBL,10/12/2020,331.0,331.0,324.0,328.0,0.31,131825.0,302.9,235.0
NBL,10/13/2020,325.0,329.0,323.0,325.0,-0.91,161539.0,302.9,235.0
NBL,10/14/2020,330.0,330.0,322.0,322.0,-0.92,188593.0,302.9,235.0
NBL,10/15/2020,328.0,328.0,323.0,324.0,0.62,89215.0,302.9,235.0
NBL,10/18/2020,340.0,340.0,320.0,322.0,-0.62,110271.0,302.9,235.0
NBL,10/19/2020,323.0,325.0,322.0,324.0,0.62,62945.0,302.9,235.0
NBL,10/20/2020,325.0,326.0,324.0,326.0,0.62,49286.0,302.9,235.0
NBL,10/21/2020,330.0,334.0,328.0,334.0,2.45,224060.0,302.9,235.0
NBL,10/22/2020,335.0,341.0,335.0,338.0,1.2,230853.0,302.9,235.0
NBL,10/28/2020,354.0,354.0,339.0,349.0,3.25,270436.0,302.9,235.0
NBL,10/29/2020,356.0,356.0,345.0,348.0,-0.29,295349.0,302.9,235.0
NBL,11/1/2020,348.0,348.0,339.0,340.0,-2.3,264291.0,302.9,235.0
NBL,11/2/2020,338.0,343.0,335.0,336.0,-1.18,242136.0,302.9,235.0
NBL,11/3/2020,333.0,340.0,333.0,337.0,0.3,88171.0,302.9,235.0
NBL,11/4/2020,336.0,339.0,334.0,337.0,0.0,96246.0,302.9,235.0
NBL,11/5/2020,337.0,337.0,333.0,335.0,-0.59,103740.0,302.9,235.0
NBL,11/8/2020,335.0,341.0,333.0,336.0,0.3,153557.0,302.9,235.0
NBL,11/9/2020,350.0,350.0,332.0,333.0,-0.89,170723.0,302.9,235.0
NBL,11/10/2020,349.0,349.0,333.0,337.0,1.2,89510.0,302.9,235.0
NBL,11/11/2020,342.0,342.0,336.0,338.0,0.3,83078.0,302.9,235.0
NBL,11/12/2020,340.0,343.0,337.0,343.0,1.48,218075.0,302.9,235.0
NBL,11/18/2020,345.0,345.0,338.0,345.0,0.58,213663.0,302.9,235.0
NBL,11/19/2020,347.0,348.0,340.0,344.0,-0.29,216750.0,302.9,235.0
NBL,11/22/2020,361.0,361.0,345.0,355.0,3.2,656067.0,302.9,235.0
NBL,11/23/2020,355.0,371.0,355.0,368.0,3.66,831565.0,302.9,235.0
NBL,11/24/2020,380.0,380.0,368.0,378.0,2.72,473219.0,302.9,235.0
NBL,11/25/2020,379.0,393.0,378.0,393.0,3.97,607493.0,302.9,235.0
NBL,11/26/2020,412.0,412.0,389.0,393.0,0.0,643664.0,302.9,235.0
NBL,11/29/2020,399.0,425.0,395.0,416.0,5.85,796149.0,302.9,235.0
NBL,11/30/2020,418.0,425.0,406.0,407.0,-2.16,596420.0,302.9,235.0
NBL,12/1/2020,427.0,427.0,397.0,403.0,-0.98,430847.0,302.9,235.0
NBL,12/2/2020,400.0,418.0,400.0,406.0,0.74,407638.0,302.9,235.0
NBL,12/3/2020,414.0,420.0,405.0,413.0,1.72,457173.0,302.9,235.0
NBL,12/6/2020,393.0,411.0,390.0,391.0,-5.33,363988.0,302.9,235.0
NBL,12/7/2020,391.0,405.0,385.0,402.0,2.81,372405.0,302.9,235.0
NBL,12/8/2020,397.0,407.0,397.0,400.0,-0.5,313233.0,302.9,235.0
NBL,12/9/2020,399.0,400.0,390.0,391.0,-2.25,323939.0,302.9,235.0
NBL,12/10/2020,387.0,398.0,386.0,394.0,0.77,229319.0,302.9,235.0
NBL,12/13/2020,395.0,403.0,395.0,402.0,2.03,291284.0,302.9,235.0
NBL,12/14/2020,406.0,412.0,403.0,411.0,2.24,340722.0,302.9,235.0
NBL,12/15/2020,415.0,419.0,411.0,417.0,1.46,544738.0,302.9,235.0
NBL,12/16/2020,416.0,418.0,409.0,416.0,-0.24,271522.0,302.9,235.0
NBL,12/17/2020,410.0,410.0,387.0,390.0,-6.25,961477.0,302.9,235.0
NBL,12/20/2020,390.0,390.0,365.0,369.0,-5.38,535617.0,302.9,235.0
NBL,12/21/2020,360.0,382.0,355.0,371.0,0.54,275556.0,302.9,235.0
NBL,12/22/2020,378.0,391.0,374.0,385.0,3.77,361790.0,302.9,235.0
NBL,12/23/2020,404.0,404.0,375.0,381.0,-1.04,304149.0,302.9,235.0
NBL,12/24/2020,386.0,390.0,372.0,376.0,-1.31,209935.0,302.9,235.0
NBL,12/27/2020,372.0,379.0,367.0,370.0,-1.6,206444.0,302.9,235.0
NBL,12/28/2020,370.0,371.0,365.0,369.0,-0.27,191043.0,302.9,235.0
NBL,12/29/2020,370.0,375.0,367.0,367.0,-0.54,213536.0,302.9,235.0
NBL,12/30/2020,370.0,371.0,366.0,371.0,1.09,320697.0,302.9,235.0
NBL,12/31/2020,335.0,337.0,326.0,337.0,-9.16,220480.0,302.9,235.0
NBL,1/3/2021,339.0,354.0,336.0,354.0,5.04,303082.0,302.9,235.0
NBL,1/4/2021,352.0,357.0,346.0,352.0,-0.56,152310.0,302.9,235.0
NBL,1/5/2021,350.0,350.0,345.0,347.0,-1.42,95017.0,302.9,235.0
NBL,1/6/2021,342.0,349.0,342.0,343.0,-1.15,180527.0,302.9,235.0
NBL,1/7/2021,349.0,349.0,342.0,344.0,0.29,172465.0,302.9,235.0
NBL,1/10/2021,350.0,362.0,346.0,362.0,5.23,346937.0,302.9,235.0
NBL,1/11/2021,363.0,368.0,357.0,363.0,0.28,181529.0,302.9,235.0
NBL,1/12/2021,365.0,365.0,359.0,364.0,0.28,114691.0,302.9,235.0
NBL,1/13/2021,360.0,371.0,360.0,366.0,0.55,214753.0,302.9,235.0
NBL,1/17/2021,367.0,370.0,364.0,368.0,0.55,215789.0,302.9,235.0
NBL,1/18/2021,369.0,372.0,362.0,364.0,-1.09,161525.0,302.9,235.0
NBL,1/19/2021,370.0,370.0,358.0,360.0,-1.1,122780.0,302.9,235.0
NBL,1/20/2021,370.0,370.0,352.0,353.0,-1.94,164604.0,302.9,235.0
NBL,1/21/2021,360.0,360.0,351.0,358.0,1.42,184262.0,302.9,235.0
NBL,1/24/2021,365.0,367.0,356.0,358.0,0.0,176837.0,302.9,235.0
NBL,1/25/2021,360.0,388.0,354.0,383.0,6.98,768185.0,302.9,235.0
NBL,1/26/2021,390.0,408.0,380.0,408.0,6.53,1323629.0,302.9,235.0
NBL,1/27/2021,408.0,408.0,390.0,394.0,-3.43,710260.0,302.9,235.0
NBL,1/28/2021,394.0,394.0,376.0,377.0,-4.31,538692.0,302.9,235.0
NBL,1/31/2021,375.0,381.0,364.0,368.0,-2.39,344454.0,302.9,235.0
NBL,2/1/2021,350.0,380.0,350.0,375.0,1.9,235133.0,302.9,235.0
NBL,2/2/2021,381.0,383.0,375.0,381.0,1.6,219398.0,302.9,235.0
NBL,2/3/2021,385.0,401.0,384.0,388.0,1.84,739561.0,302.9,235.0
NBL,2/4/2021,385.0,392.0,382.0,387.0,-0.26,234196.0,302.9,235.0
NBL,2/7/2021,406.0,406.0,380.0,385.0,-0.52,211692.0,302.9,235.0
NBL,2/8/2021,382.0,397.0,375.0,395.0,2.6,509191.0,302.9,235.0
NBL,2/9/2021,400.0,402.0,384.0,389.0,-1.52,267830.0,302.9,235.0
NBL,2/10/2021,388.0,393.0,380.0,389.0,0.0,263890.0,302.9,235.0
NBL,2/11/2021,400.0,400.0,385.0,387.0,-0.51,242182.0,302.9,235.0
NBL,2/14/2021,390.0,401.0,385.0,394.0,1.81,923290.0,302.9,235.0
NBL,2/15/2021,400.0,407.0,399.0,406.0,3.05,718697.0,302.9,235.0
NBL,2/16/2021,406.0,433.0,406.0,428.0,5.42,920668.0,302.9,235.0
NBL,2/17/2021,428.0,450.0,426.0,443.0,3.5,816723.0,302.9,235.0
NBL,2/18/2021,465.0,465.0,436.0,439.0,-0.9,489267.0,302.9,235.0
NBL,2/21/2021,440.0,464.0,436.0,460.0,4.78,1374307.0,302.9,235.0
NBL,2/22/2021,465.0,469.0,448.0,451.0,-1.96,635162.0,302.9,235.0
NBL,2/23/2021,451.0,455.0,437.0,453.0,0.44,555202.0,302.9,235.0
NBL,2/24/2021,460.0,491.0,450.0,477.0,5.3,1234985.0,302.9,235.0
NBL,2/25/2021,480.0,485.0,460.0,465.0,-2.52,451444.0,302.9,235.0
NBL,2/28/2021,464.0,464.0,443.0,447.0,-3.87,506669.0,302.9,235.0
NBL,3/1/2021,469.0,469.0,435.0,455.0,1.79,449402.0,302.9,235.0
NBL,3/2/2021,456.0,458.0,436.0,443.0,-2.64,511895.0,302.9,235.0
NBL,3/3/2021,440.0,443.0,431.0,443.0,0.0,286191.0,302.9,235.0
NBL,3/4/2021,436.0,459.0,436.0,456.0,2.93,352151.0,302.9,235.0
NBL,3/7/2021,456.0,468.0,451.0,455.0,-0.22,865950.0,302.9,235.0
NBL,3/9/2021,455.0,459.0,446.0,447.0,-1.76,133478.0,302.9,235.0
NBL,3/10/2021,460.0,460.0,446.0,448.0,0.22,151621.0,302.9,235.0
NBL,3/14/2021,449.0,449.0,431.0,434.0,-3.12,249915.0,302.9,235.0
NBL,3/15/2021,434.0,435.0,425.0,426.0,-1.84,188270.0,302.9,235.0
NBL,3/16/2021,430.0,430.0,423.0,425.0,-0.23,111282.0,302.9,235.0
NBL,3/17/2021,430.0,434.0,424.0,433.0,1.88,123883.0,302.9,235.0
NBL,3/18/2021,430.0,438.0,430.0,435.0,0.46,105426.0,302.9,235.0
NBL,3/21/2021,437.0,439.0,432.0,436.0,0.23,216117.0,302.9,235.0
NBL,3/22/2021,444.0,444.0,429.0,430.0,-1.38,208742.0,302.9,235.0
NBL,3/23/2021,430.0,433.0,425.0,427.0,-0.7,136559.0,302.9,235.0
NBL,3/24/2021,430.0,435.0,430.0,433.0,1.41,77841.0,302.9,235.0
NBL,3/25/2021,436.0,438.0,428.0,432.0,-0.23,136194.0,302.9,235.0
NBL,3/29/2021,433.0,433.0,425.0,426.0,-1.39,59193.0,302.9,235.0
NBL,3/30/2021,426.0,428.0,425.0,428.0,0.47,57274.0,302.9,235.0
NBL,3/31/2021,430.0,445.0,427.0,443.0,3.5,240990.0,302.9,235.0
NBL,4/1/2021,465.0,465.0,439.0,443.0,0.0,132276.0,302.9,235.0
NBL,4/4/2021,465.0,465.0,443.0,449.0,1.35,510671.0,302.9,235.0
NBL,4/5/2021,455.0,455.0,440.0,442.0,-1.56,275978.0,302.9,235.0
NBL,4/6/2021,451.0,451.0,437.0,441.0,-0.23,397715.0,302.9,235.0
NBL,4/7/2021,442.0,447.0,440.0,441.0,0.0,98229.0,302.9,235.0
NBL,4/8/2021,441.0,446.0,437.0,445.0,0.91,545585.0,302.9,235.0
NBL,4/12/2021,445.0,448.0,439.0,443.0,-0.45,485755.0,302.9,235.0
NBL,4/13/2021,449.0,460.0,440.0,459.0,3.61,626913.0,302.9,235.0
NBL,4/15/2021,459.0,468.0,455.0,457.0,-0.44,297744.0,302.9,235.0
NBL,4/18/2021,457.0,460.0,443.0,445.0,-2.63,164111.0,302.9,235.0
NBL,4/19/2021,467.0,467.0,435.0,437.0,-1.8,132004.0,302.9,235.0
NBL,4/20/2021,435.0,443.0,431.0,438.0,0.23,107307.0,302.9,235.0
NBL,4/21/2021,420.0,440.0,420.0,431.0,-1.6,154842.0,302.9,235.0
NBL,4/22/2021,425.0,438.0,425.0,438.0,1.62,128723.0,302.9,235.0
NBL,4/25/2021,438.0,438.0,417.0,422.0,-3.65,237984.0,302.9,235.0
NBL,4/26/2021,422.0,425.0,408.0,410.0,-2.84,226939.0,302.9,235.0
NBL,4/27/2021,410.0,423.0,408.0,421.0,2.68,181823.0,302.9,235.0
NBL,4/28/2021,429.0,429.0,412.0,415.0,-1.43,88360.0,302.9,235.0
NBL,4/29/2021,416.0,420.0,414.0,417.0,0.48,69787.0,302.9,235.0
NBL,5/2/2021,437.0,437.0,414.0,426.0,2.16,218159.0,302.9,235.0
NBL,5/3/2021,430.0,430.0,419.0,424.0,-0.47,115483.0,302.9,235.0
NBL,5/4/2021,425.0,425.0,418.0,418.0,-1.42,105632.0,302.9,235.0
NBL,5/5/2021,415.0,423.0,415.0,418.0,0.0,85848.0,302.9,235.0
NBL,5/6/2021,421.0,421.0,416.0,418.0,0.0,282992.0,302.9,235.0
NBL,5/9/2021,415.0,422.0,413.0,416.0,-0.48,89192.0,302.9,235.0
NBL,5/10/2021,430.0,430.0,414.0,417.0,0.24,174057.0,302.9,235.0
NBL,5/11/2021,420.0,421.0,415.0,417.0,0.0,245491.0,302.9,235.0
NBL,5/12/2021,401.0,422.0,401.0,419.0,0.48,86193.0,302.9,235.0
NBL,5/13/2021,439.0,439.0,416.0,419.0,0.0,131406.0,302.9,235.0
NBL,5/16/2021,424.0,425.0,419.0,424.0,1.19,146916.0,302.9,235.0
NBL,5/17/2021,427.0,433.0,426.0,427.0,0.71,116795.0,302.9,235.0
NBL,5/18/2021,430.0,433.0,426.0,428.0,0.23,105881.0,302.9,235.0
NBL,5/19/2021,430.0,440.0,430.0,435.0,1.64,230368.0,302.9,235.0
NBL,5/20/2021,437.0,441.0,434.0,437.0,0.46,129648.0,302.9,235.0
NBL,5/23/2021,437.0,443.0,425.0,443.0,1.37,208441.0,302.9,235.0
NBL,5/24/2021,450.0,455.0,443.0,446.0,0.68,372913.0,302.9,235.0
NBL,5/25/2021,447.0,449.0,438.0,438.0,-1.79,161372.0,302.9,235.0
NBL,5/27/2021,425.0,441.0,425.0,438.0,0.0,176648.0,302.9,235.0
NBL,5/30/2021,440.0,453.0,436.0,443.0,1.14,269048.0,302.9,235.0
NBL,5/31/2021,450.0,450.0,436.0,436.0,-1.58,200142.0,302.9,235.0
NBL,6/1/2021,437.0,440.0,429.0,432.0,-0.92,152719.0,302.9,235.0
NBL,6/2/2021,411.0,440.0,411.0,437.0,1.16,134882.0,302.9,235.0
NBL,6/3/2021,440.0,449.0,438.0,445.0,1.83,438796.0,302.9,235.0
NBL,6/6/2021,453.0,469.0,450.0,460.0,3.37,793652.0,302.9,235.0
NBL,6/7/2021,465.0,467.0,447.0,450.0,-2.17,474793.0,302.9,235.0
NBL,6/8/2021,454.0,458.0,448.0,454.0,0.89,388836.0,302.9,235.0
NBL,6/9/2021,460.0,462.0,449.0,452.0,-0.44,287579.0,302.9,235.0
NBL,6/10/2021,452.0,452.0,444.0,445.0,-1.55,267443.0,302.9,235.0
NBL,6/13/2021,467.0,467.0,440.0,446.0,0.22,299357.0,302.9,235.0
NBL,6/14/2021,446.0,466.0,446.0,453.0,1.57,515818.0,302.9,235.0
NBL,6/15/2021,475.0,475.0,455.0,459.0,1.32,616971.0,302.9,235.0
NBL,6/16/2021,465.0,471.0,456.0,459.0,0.0,411035.0,302.9,235.0
NBL,6/17/2021,462.0,465.0,451.0,455.0,-0.87,251972.0,302.9,235.0
NBL,6/20/2021,459.0,459.0,438.0,447.0,-1.76,259670.0,302.9,235.0
NBL,6/21/2021,469.0,469.0,432.0,434.0,-2.91,341814.0,302.9,235.0
NBL,6/22/2021,435.0,446.0,432.0,445.0,2.53,224081.0,302.9,235.0
NBL,6/23/2021,451.0,452.0,431.0,436.0,-2.02,196870.0,302.9,235.0
NBL,6/24/2021,438.0,440.0,430.0,434.0,-0.46,236213.0,302.9,235.0
NBL,6/27/2021,442.0,448.0,431.0,442.0,1.84,168344.0,302.9,235.0
NBL,6/28/2021,448.0,448.0,442.0,443.0,0.23,190048.0,302.9,235.0
NBL,6/29/2021,443.0,446.0,436.0,439.0,-0.9,253958.0,302.9,235.0
NBL,6/30/2021,460.0,460.0,432.0,438.0,-0.23,90642.0,302.9,235.0
NBL,7/1/2021,438.0,445.0,437.0,437.0,-0.23,252343.0,302.9,235.0
NBL,7/4/2021,437.0,440.0,433.0,434.0,-0.69,100384.0,302.9,235.0
NBL,7/5/2021,434.0,437.0,431.0,437.0,0.69,358785.0,302.9,235.0
NBL,7/6/2021,458.0,458.0,435.0,437.0,0.0,312756.0,302.9,235.0
NBL,7/7/2021,441.0,442.0,433.0,435.0,-0.46,107530.0,302.9,235.0
NBL,7/8/2021,436.0,441.0,434.0,439.0,0.92,491412.0,302.9,235.0
NBL,7/11/2021,442.0,450.0,440.0,450.0,2.51,549377.0,302.9,235.0
NBL,7/12/2021,456.0,459.0,438.0,443.0,-1.56,579926.0,302.9,235.0
NBL,7/13/2021,443.0,447.0,440.0,445.0,0.45,95952.0,302.9,235.0
NBL,7/14/2021,445.0,446.0,440.0,442.0,-0.67,95862.0,302.9,235.0
NBL,7/15/2021,443.0,444.0,440.0,443.0,0.23,194743.0,302.9,235.0
NBL,7/18/2021,450.0,463.0,445.0,460.0,3.84,466455.0,302.9,235.0
NBL,7/19/2021,469.0,473.9,460.8,467.0,1.52,406193.0,302.9,235.0
NBL,7/20/2021,465.0,470.0,461.2,466.0,-0.21,309649.0,302.9,235.0
NBL,7/22/2021,466.0,500.0,466.0,490.0,5.15,745566.0,302.9,235.0
NBL,7/25/2021,499.0,509.9,498.0,508.0,3.67,987585.0,302.9,235.0
NBL,7/26/2021,513.0,515.0,493.0,495.0,-2.56,648314.0,302.9,235.0
NBL,7/27/2021,485.1,497.0,477.0,495.0,0.0,570723.0,302.9,235.0
NBL,7/28/2021,500.0,500.0,485.1,485.6,-1.9,247483.0,302.9,235.0
NBL,7/29/2021,486.1,487.0,481.1,484.0,-0.33,221903.0,302.9,235.0
NBL,8/1/2021,489.0,489.0,480.5,480.5,-0.72,327773.0,302.9,235.0
NBL,8/2/2021,480.5,485.0,478.0,479.5,-0.21,204462.0,302.9,235.0
NBL,8/3/2021,480.0,485.0,475.0,479.0,-0.1,175052.0,302.9,235.0
NBL,8/4/2021,480.0,487.9,477.0,480.0,0.21,270441.0,302.9,235.0
NBL,8/5/2021,481.0,485.0,479.8,482.0,0.42,229935.0,302.9,235.0
NBL,8/8/2021,491.6,492.0,481.0,486.5,0.93,324881.0,302.9,235.0
NBL,8/9/2021,489.9,489.9,482.1,485.0,-0.31,226187.0,302.9,235.0
NBL,8/10/2021,488.0,498.0,481.1,494.0,1.86,285770.0,302.9,235.0
NBL,8/11/2021,503.0,503.8,491.0,497.0,0.61,581703.0,302.9,235.0
NBL,8/12/2021,500.0,504.9,492.0,502.1,1.03,390089.0,302.9,235.0
NBL,8/15/2021,512.1,548.0,512.1,538.8,7.31,1975908.0,302.9,235.0
NBL,8/16/2021,549.5,572.0,543.0,552.9,2.62,1166463.0,302.9,235.0
NBL,8/17/2021,561.0,563.0,542.1,550.4,-0.45,776126.0,302.9,235.0
NBL,8/18/2021,550.0,575.0,542.0,564.0,2.47,783232.0,302.9,235.0
NBL,8/19/2021,575.0,575.0,556.0,559.2,-0.85,513605.0,302.9,235.0
NBL,8/24/2021,559.2,559.2,535.6,540.0,-3.43,769151.0,302.9,235.0
NBL,8/25/2021,540.0,540.0,526.0,528.0,-2.22,371510.0,302.9,235.0
NBL,8/26/2021,528.0,535.0,520.0,528.0,0.0,404489.0,302.9,235.0
NBL,8/29/2021,534.0,535.0,515.1,517.0,-2.08,394669.0,302.9,235.0
NBL,8/31/2021,517.0,534.0,507.0,520.5,0.68,573185.0,302.9,235.0
NBL,9/1/2021,530.9,530.9,517.0,520.0,-0.1,346589.0,302.9,235.0
NBL,9/2/2021,525.0,525.0,506.0,512.0,-1.54,369890.0,302.9,235.0
NBL,9/5/2021,512.0,515.0,492.0,499.0,-2.54,506118.0,302.9,235.0
NBL,9/6/2021,499.0,524.9,496.1,524.8,5.17,368652.0,302.9,235.0
NBL,9/7/2021,530.0,530.0,509.0,513.0,-2.25,248099.0,302.9,235.0
NBL,9/8/2021,513.0,513.0,500.0,503.8,-1.79,252280.0,302.9,235.0
NBL,9/9/2021,504.9,510.0,501.1,503.0,-0.16,194308.0,302.9,235.0
NBL,9/12/2021,503.0,514.0,503.0,510.0,1.39,176260.0,302.9,235.0
NBL,9/13/2021,513.0,520.0,505.0,510.5,0.1,234400.0,302.9,235.0
NBL,9/14/2021,516.0,520.0,505.0,511.0,0.1,177929.0,302.9,235.0
NBL,9/15/2021,516.0,516.0,502.5,504.0,-1.37,132305.0,302.9,235.0
NBL,9/16/2021,505.0,505.0,488.0,491.1,-2.56,373018.0,302.9,235.0
NBL,9/20/2021,500.0,500.0,475.0,475.0,-3.28,275013.0,302.9,235.0
NBL,9/21/2021,475.0,485.0,457.7,477.0,0.42,263282.0,302.9,235.0
NBL,9/22/2021,486.5,490.9,478.7,490.0,2.73,245312.0,302.9,235.0
NBL,9/23/2021,499.8,530.0,499.8,517.0,5.51,522594.0,302.9,235.0
NBL,9/26/2021,527.3,535.0,511.0,514.8,-0.43,411048.0,302.9,235.0
NBL,9/27/2021,510.0,515.0,500.0,501.0,-2.68,255442.0,302.9,235.0
NBL,9/28/2021,501.0,506.9,488.0,490.0,-2.2,292994.0,302.9,235.0
NBL,9/29/2021,490.0,501.0,484.3,501.0,2.24,334495.0,302.9,235.0
NBL,9/30/2021,502.0,506.0,492.0,492.0,-1.8,241679.0,302.9,235.0
NBL,10/3/2021,491.0,498.0,484.0,485.0,-1.42,208355.0,302.9,235.0
NBL,10/4/2021,485.0,488.0,476.0,484.0,-0.21,234925.0,302.9,235.0
NBL,10/5/2021,490.0,490.0,484.2,487.9,0.81,107470.0,302.9,235.0
NBL,10/6/2021,491.9,496.9,486.0,489.0,0.23,217195.0,302.9,235.0
NBL,10/10/2021,495.0,498.0,484.0,485.0,-0.82,194332.0,302.9,235.0
NBL,10/11/2021,485.0,490.0,481.0,485.0,0.0,217094.0,302.9,235.0
NBL,10/17/2021,494.2,494.3,483.0,484.0,-0.21,50395.0,302.9,235.0
NBL,10/18/2021,480.0,480.0,466.0,472.0,-2.48,157783.0,302.9,235.0
NBL,10/19/2021,468.0,468.0,451.0,458.5,-2.86,137334.0,302.9,235.0
NBL,10/20/2021,467.4,485.9,458.0,463.0,0.98,123325.0,302.9,235.0
NBL,10/21/2021,467.0,467.0,457.0,460.0,-0.65,95687.0,302.9,235.0
NBL,10/24/2021,462.0,462.0,453.1,455.1,-1.07,133279.0,302.9,235.0
NBL,10/25/2021,460.0,474.0,456.7,473.2,3.98,226030.0,302.9,235.0
NBL,10/26/2021,480.0,489.9,474.0,489.0,3.34,186479.0,302.9,235.0
NBL,10/27/2021,490.1,491.0,481.0,488.0,-0.2,206435.0,302.9,235.0
NBL,10/28/2021,489.0,489.0,478.8,480.5,-1.54,223915.0,302.9,235.0
NBL,10/31/2021,483.0,484.0,477.0,479.0,-0.31,142378.0,302.9,235.0
NBL,11/1/2021,483.0,488.0,470.0,471.0,-1.67,106343.0,302.9,235.0
NBL,11/2/2021,470.1,479.0,467.0,470.0,-0.21,69797.0,302.9,235.0
NBL,11/3/2021,479.4,484.0,470.0,473.0,0.64,128371.0,302.9,235.0
NBL,11/8/2021,473.0,480.9,470.0,473.0,0.0,55431.0,302.9,235.0
NBL,11/9/2021,473.0,473.0,460.0,465.0,-1.69,102887.0,302.9,235.0
NBL,11/11/2021,465.0,470.0,453.0,454.0,-2.37,90966.0,302.9,235.0
NBL,11/14/2021,454.0,459.0,445.0,450.9,-0.68,69586.0,302.9,235.0
NBL,11/15/2021,458.9,460.0,447.0,449.9,-0.22,95462.0,302.9,235.0
NBL,11/16/2021,455.0,459.8,446.0,459.4,2.11,194896.0,302.9,235.0
NBL,11/17/2021,468.5,468.5,459.0,461.5,0.46,72269.0,302.9,235.0
NBL,11/18/2021,462.0,462.0,449.0,450.0,-2.49,107262.0,302.9,235.0
NBL,11/21/2021,450.0,454.0,445.0,448.0,-0.44,71962.0,302.9,235.0
NBL,11/22/2021,448.0,451.0,445.1,446.5,-0.33,69054.0,302.9,235.0
NBL,11/23/2021,446.0,447.0,435.0,439.0,-1.68,156816.0,302.9,235.0
NBL,11/24/2021,439.0,440.0,433.3,439.5,0.11,48115.0,302.9,235.0
NBL,11/25/2021,445.0,449.0,440.0,445.0,1.25,94906.0,302.9,235.0
NBL,11/28/2021,445.0,450.0,437.0,438.0,-1.57,77518.0,302.9,235.0
NBL,11/29/2021,430.0,445.7,430.0,439.8,0.41,63740.0,302.9,235.0
NBL,11/30/2021,448.0,448.0,435.0,440.0,0.05,64378.0,302.9,235.0
NBL,12/1/2021,440.0,444.0,439.0,439.0,-0.23,51523.0,302.9,235.0
NBL,12/2/2021,440.0,444.0,432.0,435.0,-0.91,111320.0,302.9,235.0
NBL,12/5/2021,439.0,439.0,421.0,422.0,-2.99,121302.0,302.9,235.0
NBL,12/6/2021,430.4,433.0,421.2,431.7,2.3,290753.0,302.9,235.0
NBL,12/7/2021,378.0,380.0,367.0,368.1,-14.73,151300.0,302.9,235.0
NBL,12/8/2021,365.0,368.0,353.0,354.0,-3.83,76439.0,302.9,235.0
NBL,12/9/2021,354.9,354.9,342.0,345.0,-2.54,77127.0,302.9,235.0
NBL,12/12/2021,350.0,350.0,330.5,333.0,-3.48,84988.0,302.9,235.0
NBL,12/13/2021,330.0,330.0,317.0,319.0,-4.2,111283.0,302.9,235.0
NBL,12/14/2021,322.0,336.0,322.0,336.0,5.33,60335.0,302.9,235.0
NBL,12/15/2021,342.7,357.0,335.0,337.0,0.3,90333.0,302.9,235.0
NBL,12/16/2021,331.1,339.6,331.0,337.5,0.15,54541.0,302.9,235.0
NBL,12/20/2021,338.0,340.0,330.8,335.0,-0.74,64968.0,302.9,235.0
NBL,12/21/2021,339.0,340.0,330.0,339.0,1.19,55331.0,302.9,235.0
NBL,12/22/2021,345.0,352.9,344.0,348.5,2.8,84645.0,302.9,235.0
NBL,12/23/2021,354.0,355.0,344.0,350.0,0.43,85104.0,302.9,235.0
NBL,12/26/2021,355.0,355.0,349.0,353.0,0.86,71876.0,302.9,235.0
NBL,12/27/2021,355.0,356.9,338.0,339.0,-3.97,125182.0,302.9,235.0
NBL,12/28/2021,339.0,340.0,333.0,339.0,0.0,64076.0,302.9,235.0
NBL,12/29/2021,340.0,342.0,336.1,339.9,0.27,63277.0,302.9,235.0
NBL,1/2/2022,341.0,345.0,340.0,341.4,0.44,64624.0,302.9,235.0
NBL,1/3/2022,345.0,351.0,341.2,351.0,2.81,82228.0,302.9,235.0
NBL,1/4/2022,351.0,365.0,347.0,365.0,3.99,159483.0,302.9,235.0
NBL,1/5/2022,365.0,376.0,359.0,364.9,-0.03,107348.0,302.9,235.0
NBL,1/6/2022,357.7,373.9,356.0,373.0,2.22,230543.0,302.9,235.0
NBL,1/9/2022,380.4,392.0,374.0,388.5,4.16,158906.0,302.9,235.0
NBL,1/10/2022,395.0,395.0,379.0,385.0,-0.9,133890.0,302.9,235.0
NBL,1/11/2022,377.3,390.0,377.3,388.0,0.78,102075.0,302.9,235.0
NBL,1/12/2022,380.3,390.1,379.0,379.2,-2.27,86256.0,302.9,235.0
NBL,1/13/2022,372.1,383.0,372.1,381.0,0.47,58945.0,302.9,235.0
NBL,1/16/2022,383.0,392.0,383.0,392.0,2.89,116769.0,302.9,235.0
NBL,1/17/2022,399.8,401.4,386.2,393.0,0.26,101121.0,302.9,235.0
NBL,1/18/2022,395.0,402.0,387.0,391.0,-0.51,176346.0,302.9,235.0
NBL,1/19/2022,390.0,397.0,383.0,388.0,-0.77,102036.0,302.9,235.0
NBL,1/20/2022,383.0,391.0,382.0,389.0,0.26,241897.0,302.9,235.0
NBL,1/23/2022,396.0,400.0,385.0,386.1,-0.75,185650.0,302.9,235.0
NBL,1/24/2022,390.0,390.0,371.0,373.0,-3.39,154602.0,302.9,235.0
NBL,1/25/2022,365.6,376.0,357.7,370.0,-0.8,255756.0,302.9,235.0
NBL,1/26/2022,370.1,373.0,362.1,364.5,-1.49,122146.0,302.9,235.0
NBL,1/27/2022,365.0,371.7,362.0,363.0,-0.41,38904.0,302.9,235.0
NBL,1/30/2022,366.0,379.0,366.0,376.1,3.61,92895.0,302.9,235.0
NBL,1/31/2022,383.0,383.6,371.0,373.0,-0.82,54439.0,302.9,235.0
NBL,2/1/2022,373.0,377.9,368.0,375.0,0.54,94788.0,302.9,235.0
NBL,2/3/2022,380.0,382.5,370.0,370.5,-1.2,114244.0,302.9,235.0
NBL,2/6/2022,377.9,377.9,363.5,366.0,-1.21,71088.0,302.9,235.0
NBL,2/7/2022,365.0,369.9,364.0,365.0,-0.27,101611.0,302.9,235.0
NBL,2/8/2022,372.3,373.0,361.0,362.0,-0.82,97164.0,302.9,235.0
NBL,2/9/2022,362.0,364.5,358.0,361.0,-0.28,70502.0,302.9,235.0
NBL,2/10/2022,361.0,363.0,356.0,357.0,-1.11,52118.0,302.9,235.0
NBL,2/13/2022,355.0,355.0,343.0,346.0,-3.08,94758.0,302.9,235.0
NBL,2/14/2022,350.0,357.0,344.0,346.0,0.0,45987.0,302.9,235.0
NBL,2/15/2022,346.0,352.9,345.2,350.0,1.16,42393.0,302.9,235.0
NBL,2/16/2022,356.0,356.0,350.0,351.5,0.43,45340.0,302.9,235.0
NBL,2/17/2022,352.0,355.0,349.0,350.0,-0.43,35746.0,302.9,235.0
NBL,2/20/2022,345.0,350.0,336.2,343.0,-2.0,42187.0,302.9,235.0
NBL,2/21/2022,345.0,349.8,339.0,347.8,1.4,33554.0,302.9,235.0
NBL,2/22/2022,352.9,352.9,344.6,345.1,-0.78,91174.0,302.9,235.0
NBL,2/23/2022,344.0,350.0,344.0,345.8,0.2,41263.0,302.9,235.0
NBL,2/24/2022,345.8,349.0,337.2,339.9,-1.71,87319.0,302.9,235.0
NBL,2/27/2022,333.2,342.0,333.2,335.5,-1.29,54081.0,302.9,235.0
NBL,2/28/2022,342.0,342.2,332.0,333.0,-0.75,73577.0,302.9,235.0
NBL,3/2/2022,333.0,336.0,327.1,327.2,-1.74,217129.0,302.9,235.0
NBL,3/6/2022,333.5,335.9,328.2,329.8,0.79,59635.0,302.9,235.0
NBL,3/7/2022,331.9,339.8,331.0,336.0,1.88,293629.0,302.9,235.0
NBL,3/9/2022,340.0,340.0,332.0,337.0,0.3,40006.0,302.9,235.0
NBL,3/10/2022,337.0,346.5,333.0,345.5,2.52,231402.0,302.9,235.0
NBL,3/13/2022,352.3,355.0,348.0,355.0,2.75,188553.0,302.9,235.0
NBL,3/14/2022,356.9,356.9,349.3,351.0,-1.13,29615.0,302.9,235.0
NBL,3/15/2022,350.1,353.0,344.0,348.0,-0.85,109177.0,302.9,235.0
NBL,3/16/2022,348.0,350.0,341.0,342.0,-1.72,49372.0,302.9,235.0
NBL,3/20/2022,343.0,345.0,337.1,340.0,-0.58,175968.0,302.9,235.0
NBL,3/21/2022,345.0,346.8,338.0,345.5,1.62,174932.0,302.9,235.0
NBL,3/22/2022,345.0,350.0,344.0,345.0,-0.14,51851.0,302.9,235.0
NBL,3/23/2022,345.0,349.0,339.0,340.0,-1.45,80637.0,302.9,235.0
NBL,3/24/2022,335.0,345.0,335.0,337.0,-0.88,51236.0,302.9,235.0
NBL,3/27/2022,339.0,340.0,332.2,333.0,-1.19,62037.0,302.9,235.0
NBL,3/28/2022,333.0,335.0,328.5,328.5,-1.35,88221.0,302.9,235.0
NBL,3/29/2022,335.0,335.0,325.0,325.9,-0.79,66976.0,302.9,235.0
NBL,3/30/2022,326.0,330.0,325.0,329.0,0.95,57174.0,302.9,235.0
NBL,3/31/2022,330.0,334.8,324.0,325.0,-1.22,118011.0,302.9,235.0
NBL,4/3/2022,326.0,326.0,322.0,324.0,-0.31,41368.0,302.9,235.0
NBL,4/4/2022,329.9,329.9,322.1,322.9,-0.34,50429.0,302.9,235.0
NBL,4/5/2022,322.0,326.0,317.0,319.0,-1.21,93019.0,302.9,235.0
NBL,4/6/2022,319.0,322.9,315.2,316.0,-0.94,114218.0,302.9,235.0
NBL,4/7/2022,320.0,326.4,316.0,325.0,2.85,80818.0,302.9,235.0
NBL,4/11/2022,326.0,333.0,321.0,321.0,-1.23,47864.0,302.9,235.0
NBL,4/12/2022,321.5,321.5,313.2,318.0,-0.93,95956.0,302.9,235.0
NBL,4/13/2022,320.0,325.0,312.0,325.0,2.2,55113.0,302.9,235.0
NBL,4/17/2022,331.0,331.0,318.0,318.7,-1.94,87986.0,302.9,235.0
NBL,4/18/2022,317.0,319.9,317.0,318.0,-0.22,34392.0,302.9,235.0
NBL,4/19/2022,318.1,321.0,315.0,320.0,0.63,26799.0,302.9,235.0
NBL,4/20/2022,326.0,326.0,313.6,317.4,-0.81,31792.0,302.9,235.0
NBL,4/21/2022,320.0,320.0,310.0,315.0,-0.76,61413.0,302.9,235.0
NBL,4/24/2022,315.3,325.0,315.3,323.1,2.57,61924.0,302.9,235.0
NBL,4/25/2022,326.1,327.3,316.1,319.0,-1.27,72698.0,302.9,235.0
NBL,4/26/2022,319.0,321.9,316.6,317.0,-0.63,19984.0,302.9,235.0
NBL,4/27/2022,317.0,320.0,315.3,318.0,0.32,50618.0,302.9,235.0
NBL,4/28/2022,322.0,322.0,315.0,315.5,-0.79,53053.0,302.9,235.0
NBL,5/2/2022,315.0,318.0,312.0,313.0,-0.79,45743.0,302.9,235.0
NBL,5/4/2022,313.0,316.0,309.2,309.6,-1.09,52931.0,302.9,235.0
NBL,5/5/2022,309.6,312.0,300.0,303.1,-2.1,125361.0,302.9,235.0
NBL,5/8/2022,303.0,307.0,296.2,306.0,0.96,76740.0,302.9,235.0
NBL,5/9/2022,302.0,311.0,302.0,306.0,0.0,41687.0,302.9,235.0
NBL,5/10/2022,310.9,314.0,306.0,312.6,2.16,17327.0,302.9,235.0
NBL,5/11/2022,317.0,318.0,311.1,317.6,1.6,50744.0,302.9,235.0
NBL,5/12/2022,320.0,323.0,315.0,319.0,0.44,44934.0,302.9,235.0
NBL,5/17/2022,313.0,315.0,305.0,308.0,-3.45,45322.0,302.9,235.0
NBL,5/18/2022,303.1,309.0,303.1,308.5,0.16,20566.0,302.9,235.0
NBL,5/19/2022,314.5,314.5,305.3,308.0,-0.16,21869.0,302.9,235.0
NBL,5/20/2022,302.0,310.0,302.0,307.0,-0.32,15290.0,302.9,235.0
NBL,5/23/2022,307.0,307.0,299.8,300.0,-2.28,70418.0,302.9,235.0
NBL,5/24/2022,300.0,305.0,300.0,301.0,0.33,24649.0,302.9,235.0
NBL,5/25/2022,307.0,307.0,300.0,303.0,0.66,32127.0,302.9,235.0
NBL,5/26/2022,305.2,310.0,303.6,306.0,0.99,35399.0,302.9,235.0
NBL,5/27/2022,311.0,313.0,304.0,306.0,0.0,22700.0,302.9,235.0
NBL,5/30/2022,303.0,307.0,297.0,300.0,-1.96,51590.0,302.9,235.0
NBL,5/31/2022,296.1,300.2,296.1,298.0,-0.67,45100.0,302.9,235.0
NBL,6/1/2022,303.0,303.0,294.7,299.0,0.34,30125.0,302.9,235.0
NBL,6/2/2022,296.0,302.9,296.0,298.0,-0.33,33731.0,302.9,235.0
NBL,6/3/2022,298.0,299.0,292.0,294.0,-1.34,48065.0,302.9,235.0
NBL,6/6/2022,298.0,301.0,290.0,294.8,0.27,35938.0,302.9,235.0
NBL,6/7/2022,292.1,299.0,286.2,287.6,-2.44,51706.0,302.9,235.0
NBL,6/8/2022,287.6,297.0,284.0,293.0,1.88,38863.0,302.9,235.0
NBL,6/9/2022,290.0,300.0,290.0,291.0,-0.68,39566.0,302.9,235.0
NBL,6/10/2022,290.1,292.0,289.7,290.1,-0.31,19263.0,302.9,235.0
NBL,6/13/2022,295.0,295.0,287.0,287.0,-1.07,35984.0,302.9,235.0
NBL,6/14/2022,286.0,291.0,283.5,285.6,-0.49,51556.0,302.9,235.0
NBL,6/15/2022,284.0,285.0,280.0,280.1,-1.93,62140.0,302.9,235.0
NBL,6/16/2022,285.7,288.0,279.0,284.0,1.39,44007.0,302.9,235.0
NBL,6/17/2022,288.0,288.0,279.9,280.0,-1.41,29640.0,302.9,235.0
NBL,6/19/2022,283.0,283.0,277.5,278.9,-0.39,38058.0,302.9,235.0
NBL,6/20/2022,275.1,279.9,270.0,271.0,-2.83,132897.0,302.9,235.0
NBL,6/21/2022,270.0,279.0,270.0,277.0,2.21,93299.0,302.9,235.0
NBL,6/22/2022,280.8,280.9,273.0,274.0,-1.08,97334.0,302.9,235.0
NBL,6/23/2022,270.0,273.0,266.0,268.9,-1.86,103270.0,302.9,235.0
NBL,6/24/2022,270.0,272.3,265.5,269.0,0.04,23536.0,302.9,235.0
NBL,6/26/2022,274.0,279.8,269.0,277.0,2.97,148895.0,302.9,235.0
NBL,6/27/2022,282.5,283.0,271.3,273.0,-1.44,79301.0,302.9,235.0
NBL,6/28/2022,270.0,276.0,269.1,273.7,0.26,77496.0,302.9,235.0
NBL,6/29/2022,273.9,279.2,269.0,279.0,1.94,46304.0,302.9,235.0
NBL,6/30/2022,282.0,294.8,279.0,293.0,5.02,110939.0,302.9,235.0
NBL,7/1/2022,296.0,296.0,286.0,290.0,-1.02,58511.0,302.9,235.0
NBL,7/3/2022,290.0,292.0,287.0,291.0,0.34,59961.0,302.9,235.0
NBL,7/4/2022,296.8,302.0,289.1,290.0,-0.34,165844.0,302.9,235.0
NBL,7/5/2022,290.0,295.0,285.2,289.0,-0.34,82508.0,302.9,235.0
NBL,7/6/2022,284.0,288.0,282.0,286.2,-0.97,51561.0,302.9,235.0
NBL,7/7/2022,291.5,292.0,284.0,287.8,0.56,162340.0,302.9,235.0
NBL,7/8/2022,283.0,288.6,282.0,282.1,-1.98,33421.0,302.9,235.0
NBL,7/11/2022,280.0,280.0,269.0,270.1,-4.25,117431.0,302.9,235.0
NBL,7/12/2022,270.0,279.0,267.0,279.0,3.3,144350.0,302.9,235.0
NBL,7/13/2022,280.1,290.0,270.0,289.0,3.58,275473.0,302.9,235.0
NBL,7/14/2022,294.4,294.4,282.0,290.0,0.35,88906.0,302.9,235.0
NBL,7/15/2022,295.5,298.0,286.0,298.0,2.76,116827.0,302.9,235.0
NBL,7/17/2022,293.0,298.0,290.0,296.8,-0.4,76549.0,302.9,235.0
NBL,7/18/2022,296.8,296.8,290.0,295.5,-0.44,51499.0,302.9,235.0
NBL,7/19/2022,290.1,301.4,290.1,298.0,0.85,84289.0,302.9,235.0
NBL,7/20/2022,302.0,302.0,295.0,295.0,-1.01,39232.0,302.9,235.0
NBL,7/21/2022,295.0,300.0,293.5,296.0,0.34,53939.0,302.9,235.0
NBL,7/22/2022,292.3,296.0,291.6,292.0,-1.35,23093.0,302.9,235.0
NBL,7/24/2022,295.0,299.9,292.0,298.8,2.33,46564.0,302.9,235.0
NBL,7/25/2022,303.0,310.0,300.0,309.0,3.41,111866.0,302.9,235.0
NBL,7/26/2022,310.0,310.0,298.2,300.0,-2.91,62892.0,302.9,235.0
NBL,7/27/2022,297.0,301.0,294.2,296.5,-1.17,50980.0,302.9,235.0
NBL,7/28/2022,297.1,302.0,295.2,295.5,-0.34,63932.0,302.9,235.0
NBL,7/29/2022,296.0,296.0,293.0,294.0,-0.51,50584.0,302.9,235.0
NBL,7/31/2022,299.0,307.8,293.1,307.0,4.42,134627.0,302.9,235.0
NBL,8/1/2022,313.0,317.5,306.0,313.9,2.25,140634.0,302.9,235.0
NBL,8/2/2022,310.0,316.2,307.0,312.0,-0.61,65851.0,302.9,235.0
NBL,8/3/2022,308.0,316.0,308.0,308.0,-1.28,103263.0,302.9,235.0
NBL,8/4/2022,307.0,308.0,296.0,299.0,-2.92,107676.0,302.9,235.0
NBL,8/5/2022,304.9,304.9,293.1,295.8,-1.07,58128.0,302.9,235.0
NBL,8/7/2022,293.0,298.0,291.0,292.0,-1.28,56812.0,302.9,235.0
NBL,8/8/2022,286.2,297.0,286.2,292.0,0.0,48779.0,302.9,235.0
NBL,8/9/2022,292.0,294.0,288.3,288.3,-1.27,39968.0,302.9,235.0
NBL,8/10/2022,288.1,293.8,282.0,286.3,-0.69,71838.0,302.9,235.0
NBL,8/11/2022,292.0,292.0,285.0,286.5,0.07,24352.0,302.9,235.0
NBL,8/14/2022,290.0,290.0,282.0,283.5,-1.05,45214.0,302.9,235.0
NBL,8/15/2022,278.0,289.1,278.0,289.0,1.94,37036.0,302.9,235.0
NBL,8/16/2022,290.0,295.0,285.5,286.0,-1.04,29854.0,302.9,235.0
NBL,8/17/2022,283.29,290.0,283.29,286.0,0.0,26409.0,302.9,235.0
NBL,8/18/2022,285.0,290.0,285.0,288.6,0.91,34582.0,302.9,235.0
NBL,8/21/2022,289.0,293.0,287.0,288.0,-0.21,35031.0,302.9,235.0
NBL,8/22/2022,290.0,290.0,285.3,287.1,-0.31,17736.0,302.9,235.0
NBL,8/23/2022,282.0,290.0,282.0,287.1,0.0,41351.0,302.9,235.0
NBL,8/24/2022,282.0,292.0,282.0,287.5,0.14,28445.0,302.9,235.0
NBL,8/25/2022,282.0,291.0,282.0,287.5,0.0,37275.0,302.9,235.0
NBL,8/26/2022,284.0,289.6,283.0,283.1,-1.53,12726.0,302.9,235.0
NBL,8/28/2022,280.0,286.0,280.0,281.5,-0.57,28659.0,302.9,235.0
NBL,8/29/2022,276.0,283.5,276.0,280.5,-0.36,23000.0,302.9,235.0
NBL,8/30/2022,285.0,285.0,279.0,282.0,0.53,51889.0,302.9,235.0
NBL,8/31/2022,277.0,286.0,277.0,280.0,-0.71,25196.0,302.9,235.0
NBL,9/1/2022,280.0,283.0,277.5,279.0,-0.36,21237.0,302.9,235.0
NBL,9/2/2022,274.0,283.0,274.0,278.5,-0.18,14790.0,302.9,235.0
NBL,9/4/2022,276.0,281.4,276.0,277.0,-0.54,30817.0,302.9,235.0
NBL,9/5/2022,278.0,282.5,277.6,277.8,0.29,16478.0,302.9,235.0
NBL,9/6/2022,280.0,280.0,276.0,276.3,-0.54,15469.0,302.9,235.0
NBL,9/7/2022,271.0,277.4,271.0,275.0,-0.47,17964.0,302.9,235.0
NBL,9/8/2022,270.0,276.0,270.0,273.5,-0.55,31386.0,302.9,235.0
NBL,9/11/2022,269.0,276.0,269.0,271.0,-0.91,41777.0,302.9,235.0
NBL,9/12/2022,270.0,271.0,268.0,270.0,-0.37,26170.0,302.9,235.0
NBL,9/13/2022,265.0,275.0,265.0,272.0,0.74,27618.0,302.9,235.0
NBL,9/14/2022,274.0,279.0,273.0,279.0,2.57,27683.0,302.9,235.0
NBL,9/15/2022,279.0,280.0,270.5,270.5,-3.05,23462.0,302.9,235.0
NBL,9/16/2022,267.0,270.3,263.0,270.0,-0.18,36954.0,302.9,235.0
NBL,9/18/2022,265.0,270.9,265.0,266.4,-1.33,31368.0,302.9,235.0
NBL,9/20/2022,266.4,269.0,264.0,264.1,-0.86,47921.0,302.9,235.0
NBL,9/21/2022,268.9,268.9,265.0,268.0,1.48,16089.0,302.9,235.0
NBL,9/22/2022,268.0,270.0,265.0,267.0,-0.37,26496.0,302.9,235.0
NBL,9/25/2022,272.0,272.0,263.0,265.1,-0.71,37923.0,302.9,235.0
NBL,9/27/2022,269.0,269.6,265.5,269.0,1.47,20955.0,302.9,235.0
NBL,9/28/2022,274.0,274.0,270.1,272.0,1.12,10963.0,302.9,235.0
NBL,9/29/2022,274.0,275.5,272.0,275.0,1.1,14943.0,302.9,235.0
NBL,10/9/2022,275.0,278.0,273.1,277.0,0.73,39942.0,302.9,235.0
NBL,10/10/2022,281.0,281.0,273.5,273.5,-1.26,25333.0,302.9,235.0
NBL,10/11/2022,275.0,275.0,269.0,271.0,-0.91,27905.0,302.9,235.0
NBL,10/12/2022,276.4,276.4,268.0,270.0,-0.37,34971.0,302.9,235.0
NBL,10/13/2022,275.0,275.4,269.0,271.0,0.37,29140.0,302.9,235.0
NBL,10/16/2022,272.0,272.0,270.0,272.0,0.37,16408.0,302.9,235.0
NBL,10/17/2022,272.0,277.0,270.0,273.0,0.37,18365.0,302.9,235.0
NBL,10/19/2022,275.0,275.0,269.7,271.0,-0.73,24391.0,302.9,235.0
NBL,10/20/2022,272.0,275.0,270.0,274.0,1.11,12346.0,302.9,235.0
NBL,10/23/2022,268.6,275.0,267.0,274.0,0.0,118792.0,302.9,235.0
NBL,10/31/2022,274.0,276.4,268.1,274.0,0.0,36886.0,302.9,235.0
NBL,11/1/2022,279.0,282.0,271.2,281.0,2.55,30087.0,302.9,235.0
NBL,11/2/2022,286.0,286.0,278.1,278.2,-1.0,39298.0,302.9,235.0
NBL,11/3/2022,278.0,279.9,275.5,275.5,-0.97,25552.0,302.9,235.0
NBL,11/6/2022,275.5,279.0,270.0,278.3,1.02,31350.0,302.9,235.0
NBL,11/7/2022,273.0,282.5,273.0,278.0,-0.11,36885.0,302.9,235.0
NBL,11/8/2022,281.5,281.5,275.0,277.0,-0.36,14206.0,302.9,235.0
NBL,11/9/2022,282.0,282.0,273.0,274.9,-0.76,20214.0,302.9,235.0
NBL,11/10/2022,280.0,280.0,271.6,272.0,-1.05,25067.0,302.9,235.0
NBL,11/13/2022,270.0,275.0,270.0,271.5,-0.18,24377.0,302.9,235.0
NBL,11/14/2022,275.0,275.0,269.5,273.0,0.55,23104.0,302.9,235.0
NBL,11/15/2022,274.0,274.0,271.8,273.0,0.0,8201.0,302.9,235.0
NBL,11/16/2022,272.0,276.0,272.0,275.0,0.73,23780.0,302.9,235.0
NBL,11/17/2022,280.0,281.6,275.0,280.0,1.82,27646.0,302.9,235.0
NBL,11/22/2022,285.0,290.0,278.0,283.0,1.07,430031.0,302.9,235.0
NBL,11/23/2022,285.0,286.0,280.0,286.0,1.06,449551.0,302.9,235.0
NBL,11/24/2022,288.0,289.0,284.5,287.0,0.35,19313.0,302.9,235.0
NBL,11/27/2022,287.0,289.0,281.5,284.7,-0.8,26457.0,302.9,235.0
NBL,11/28/2022,288.9,288.9,282.6,283.1,-0.56,24213.0,302.9,235.0
NBL,11/29/2022,288.0,288.0,280.5,283.0,-0.04,40315.0,302.9,235.0
NBL,11/30/2022,282.0,285.0,280.5,280.9,-0.74,15012.0,302.9,235.0
NBL,12/1/2022,285.0,285.0,278.2,283.4,0.89,27071.0,302.9,235.0
NBL,12/4/2022,283.0,287.0,280.0,282.0,-0.49,24174.0,302.9,235.0
NBL,12/5/2022,286.0,286.0,278.0,280.0,-0.71,23499.0,302.9,235.0
NBL,12/6/2022,280.0,280.0,274.4,278.0,-0.71,12873.0,302.9,235.0
NBL,12/7/2022,278.0,280.0,275.5,275.5,-0.9,29175.0,302.9,235.0
NBL,12/11/2022,276.1,278.0,273.2,274.0,-0.54,32587.0,302.9,235.0
NBL,12/12/2022,274.0,277.0,273.0,277.0,1.09,15664.0,302.9,235.0
NBL,12/13/2022,277.0,277.0,274.0,276.4,-0.22,128136.0,302.9,235.0
NBL,12/14/2022,274.0,277.0,274.0,276.0,-0.14,11493.0,302.9,235.0
NBL,12/15/2022,277.0,278.0,275.0,277.0,0.36,19693.0,302.9,235.0
NBL,12/18/2022,271.5,271.5,259.1,263.6,-4.84,115056.0,302.9,235.0
NBL,12/19/2022,267.0,267.0,262.3,264.0,0.15,31488.0,302.9,235.0
NBL,12/20/2022,266.0,268.0,264.1,265.0,0.38,27742.0,302.9,235.0
NBL,12/21/2022,266.0,270.0,266.0,266.5,0.57,23435.0,302.9,235.0
NBL,12/22/2022,271.8,271.8,265.0,269.8,1.24,41644.0,302.9,235.0
NBL,12/26/2022,271.0,278.0,270.0,277.9,3.0,55877.0,302.9,235.0
NBL,12/27/2022,277.9,290.0,277.9,287.1,3.31,73968.0,302.9,235.0
NBL,12/28/2022,285.5,288.6,281.4,286.5,-0.21,112881.0,302.9,235.0
NBL,12/29/2022,275.3,280.0,270.1,280.0,-2.27,92934.0,302.9,235.0
NBL,1/1/2023,281.0,284.0,275.0,279.0,-0.36,72930.0,302.9,235.0
NBL,1/2/2023,281.9,281.9,273.6,277.9,-0.39,56863.0,302.9,235.0
NBL,1/3/2023,276.0,277.0,274.1,274.9,-1.08,38050.0,302.9,235.0
NBL,1/4/2023,275.0,278.9,273.0,277.0,0.76,55521.0,302.9,235.0
NBL,1/5/2023,281.0,281.0,274.0,277.3,0.11,87289.0,302.9,235.0
NBL,1/8/2023,277.0,282.0,277.0,279.5,0.79,106809.0,302.9,235.0
NBL,1/9/2023,277.0,295.0,277.0,295.0,5.55,144622.0,302.9,235.0
NBL,1/10/2023,290.0,305.5,290.0,296.0,0.34,450504.0,302.9,235.0
NBL,1/12/2023,301.9,307.0,288.0,293.0,-1.01,157567.0,302.9,235.0
NBL,1/17/2023,294.0,294.0,285.0,285.0,-2.73,84845.0,302.9,235.0
NBL,1/18/2023,289.0,291.0,283.0,284.0,-0.35,93016.0,302.9,235.0
NBL,1/19/2023,284.0,288.0,281.0,282.1,-0.67,59141.0,302.9,235.0
NBL,1/23/2023,282.0,287.0,278.0,279.0,-1.1,80156.0,302.9,235.0
NBL,1/24/2023,275.1,281.0,272.0,272.0,-2.51,92618.0,302.9,235.0
NBL,1/25/2023,277.0,282.3,273.2,276.0,1.47,49022.0,302.9,235.0
NBL,1/26/2023,280.0,280.0,274.0,275.3,-0.25,25935.0,302.9,235.0
NBL,1/29/2023,275.3,279.9,273.1,274.0,-0.47,42044.0,302.9,235.0
NBL,1/30/2023,270.6,275.0,269.5,269.6,-1.61,46217.0,302.9,235.0
NBL,1/31/2023,270.0,270.0,264.5,267.4,-0.82,72386.0,302.9,235.0
NBL,2/1/2023,266.0,271.0,265.0,269.0,0.6,222055.0,302.9,235.0
NBL,2/2/2023,270.0,273.0,267.5,268.0,-0.37,41477.0,302.9,235.0
NBL,2/5/2023,273.3,273.3,267.9,271.0,1.12,97996.0,302.9,235.0
NBL,2/6/2023,268.3,274.0,268.3,273.0,0.74,52025.0,302.9,235.0
NBL,2/7/2023,277.0,287.9,272.0,283.5,3.85,66378.0,302.9,235.0
NBL,2/8/2023,286.0,295.0,285.0,290.0,2.29,185312.0,302.9,235.0
NBL,2/9/2023,294.9,294.9,284.0,289.8,-0.07,67882.0,302.9,235.0
NBL,2/12/2023,285.0,286.0,277.0,279.0,-3.73,66278.0,302.9,235.0
NBL,2/14/2023,279.0,280.0,274.0,274.7,-1.54,61876.0,302.9,235.0
NBL,2/15/2023,274.0,276.0,270.1,272.0,-0.98,38601.0,302.9,235.0
NBL,2/16/2023,276.9,276.9,268.0,268.1,-1.43,58829.0,302.9,235.0
NBL,2/20/2023,268.0,271.5,266.6,267.5,-0.22,49510.0,302.9,235.0
NBL,2/22/2023,272.0,273.4,267.0,271.9,1.64,48226.0,302.9,235.0
NBL,2/23/2023,273.0,273.0,266.7,269.9,-0.74,80562.0,302.9,235.0
NBL,2/26/2023,266.5,270.3,264.5,269.0,-0.33,59277.0,302.9,235.0
NBL,2/27/2023,270.1,273.9,265.0,268.0,-0.37,34192.0,302.9,235.0
NBL,2/28/2023,268.0,270.0,265.6,266.5,-0.56,21270.0,302.9,235.0
NBL,3/1/2023,267.0,269.0,262.5,262.6,-1.46,45356.0,302.9,235.0
NBL,3/2/2023,263.0,264.0,260.0,260.5,-0.8,54841.0,302.9,235.0
NBL,3/5/2023,265.0,265.0,258.0,259.6,-0.35,39021.0,302.9,235.0
NBL,3/7/2023,263.9,266.0,261.0,265.0,2.08,43091.0,302.9,235.0
NBL,3/9/2023,268.0,273.0,267.1,273.0,3.02,46992.0,302.9,235.0
NBL,3/12/2023,273.0,275.0,264.0,266.0,-2.56,54867.0,302.9,235.0
NBL,3/13/2023,266.0,267.0,262.0,262.0,-1.5,27498.0,302.9,235.0
NBL,3/14/2023,266.0,266.0,262.1,265.4,1.3,22913.0,302.9,235.0
NBL,3/15/2023,266.0,266.0,261.7,263.0,-0.9,24921.0,302.9,235.0
NBL,3/16/2023,266.0,266.0,260.2,263.5,0.19,31805.0,302.9,235.0
NBL,3/19/2023,261.0,264.1,260.0,261.9,-0.61,26915.0,302.9,235.0
NBL,3/20/2023,265.0,265.0,260.7,265.0,1.18,28380.0,302.9,235.0
NBL,3/22/2023,265.0,266.0,260.0,261.0,-1.51,24406.0,302.9,235.0
NBL,3/23/2023,258.3,264.0,258.0,260.0,-0.38,37870.0,302.9,235.0
NBL,3/26/2023,264.0,264.0,256.5,257.0,-1.15,42724.0,302.9,235.0
NBL,3/27/2023,259.0,259.0,252.8,258.5,0.58,76860.0,302.9,235.0
NBL,3/28/2023,263.0,263.0,255.0,259.9,0.54,28112.0,302.9,235.0
NBL,3/29/2023,257.0,258.9,255.0,256.9,-1.15,24150.0,302.9,235.0
NBL,3/30/2023,256.0,260.0,256.0,257.3,0.16,21837.0,302.9,235.0
NBL,4/2/2023,258.0,259.0,253.5,255.0,-0.89,26755.0,302.9,235.0
NBL,4/3/2023,255.0,255.0,251.2,252.0,-1.18,22669.0,302.9,235.0
NBL,4/4/2023,252.0,254.1,250.6,251.0,-0.4,38488.0,302.9,235.0
NBL,4/5/2023,254.9,266.0,250.1,259.9,3.55,50698.0,302.9,235.0
NBL,4/6/2023,263.0,263.0,253.3,254.0,-2.27,37955.0,302.9,235.0
NBL,4/9/2023,255.0,255.0,250.0,250.6,-1.34,24651.0,302.9,235.0
NBL,4/10/2023,253.0,254.0,250.3,251.9,0.52,18049.0,302.9,235.0
NBL,4/11/2023,255.0,260.1,252.0,255.0,1.23,21522.0,302.9,235.0
NBL,4/12/2023,255.6,269.0,255.6,267.0,4.71,45942.0,302.9,235.0
NBL,4/13/2023,269.0,270.0,260.0,260.8,-2.32,18944.0,302.9,235.0
NBL,4/16/2023,261.0,265.0,256.6,259.0,-0.69,19141.0,302.9,235.0
NBL,4/17/2023,260.0,261.9,254.0,255.0,-1.54,24424.0,302.9,235.0
NBL,4/18/2023,259.9,259.9,252.0,254.5,-0.2,11416.0,302.9,235.0
NBL,4/19/2023,257.0,257.0,253.0,256.5,0.79,23342.0,302.9,235.0
NBL,4/20/2023,257.0,257.0,252.5,252.5,-1.56,28967.0,302.9,235.0
NBL,4/23/2023,252.0,253.0,247.0,250.2,-0.91,33988.0,302.9,235.0
NBL,4/24/2023,252.0,253.0,249.0,251.0,0.32,29713.0,302.9,235.0
NBL,4/25/2023,251.0,255.0,250.5,252.1,0.44,14877.0,302.9,235.0
NBL,4/26/2023,253.0,255.0,250.3,250.6,-0.6,18479.0,302.9,235.0
NBL,4/27/2023,250.2,252.5,250.1,251.0,0.16,10692.0,302.9,235.0
NBL,4/30/2023,251.0,253.0,250.0,252.0,0.4,18312.0,302.9,235.0
NBL,5/2/2023,257.0,260.0,252.1,255.0,1.19,24305.0,302.9,235.0
NBL,5/3/2023,259.0,260.1,253.6,253.8,-0.47,17273.0,302.9,235.0
NBL,5/4/2023,256.0,256.0,252.0,254.0,0.08,26804.0,302.9,235.0
NBL,5/7/2023,253.0,253.9,250.0,250.1,-1.54,20433.0,302.9,235.0
NBL,5/8/2023,254.8,254.8,248.2,249.0,-0.44,29785.0,302.9,235.0
NBL,5/9/2023,248.0,252.0,247.3,249.0,0.0,18181.0,302.9,235.0
NBL,5/10/2023,249.1,250.0,247.0,247.2,-0.72,32338.0,302.9,235.0
NBL,5/11/2023,247.0,249.0,246.0,247.0,-0.08,22445.0,302.9,235.0
NBL,5/14/2023,249.0,250.8,246.0,249.0,0.81,25390.0,302.9,235.0
NBL,5/15/2023,245.2,248.5,245.2,246.3,-1.08,22864.0,302.9,235.0
NBL,5/16/2023,246.0,247.9,245.0,245.0,-0.53,33376.0,302.9,235.0
NBL,5/17/2023,247.0,249.0,245.0,247.0,0.82,24032.0,302.9,235.0
NBL,5/18/2023,248.0,251.9,246.5,251.3,1.74,49415.0,302.9,235.0
NBL,5/21/2023,250.1,254.9,248.2,249.0,-0.92,32136.0,302.9,235.0
NBL,5/22/2023,252.0,252.0,248.1,248.9,-0.04,27020.0,302.9,235.0
NBL,5/23/2023,253.5,255.5,248.1,254.1,2.09,40104.0,302.9,235.0
NBL,5/24/2023,254.1,258.0,251.0,251.8,-0.91,43428.0,302.9,235.0
NBL,5/28/2023,256.8,270.0,255.0,264.0,4.85,135284.0,302.9,235.0
NBL,5/30/2023,260.0,262.0,253.0,253.1,-4.13,72673.0,302.9,235.0
NBL,5/31/2023,250.7,253.9,248.3,248.3,-1.9,66112.0,302.9,235.0
NBL,6/1/2023,250.0,255.0,248.0,252.0,1.49,42963.0,302.9,235.0
NBL,6/4/2023,250.0,259.9,250.0,257.9,2.34,23310.0,302.9,235.0
NBL,6/5/2023,260.0,261.9,252.9,252.9,-1.94,25133.0,302.9,235.0
NBL,6/6/2023,253.0,256.0,252.0,254.0,0.43,20762.0,302.9,235.0
NBL,6/7/2023,250.0,258.0,250.0,253.9,-0.04,21496.0,302.9,235.0
NBL,6/8/2023,255.5,255.5,251.0,253.0,-0.35,35011.0,302.9,235.0
NBL,6/11/2023,255.9,256.0,252.0,254.0,0.4,30718.0,302.9,235.0
NBL,6/12/2023,257.0,257.0,252.0,253.0,-0.39,29036.0,302.9,235.0
NBL,6/13/2023,252.0,261.0,250.5,256.0,1.19,80396.0,302.9,235.0
NBL,6/14/2023,255.0,260.8,254.0,257.0,0.39,67276.0,302.9,235.0
NBL,6/15/2023,260.0,260.0,253.8,256.0,-0.39,236975.0,302.9,235.0
NBL,6/18/2023,253.0,256.5,252.1,254.9,-0.43,64067.0,302.9,235.0
NBL,6/19/2023,254.0,255.0,251.5,252.2,-1.06,52201.0,302.9,235.0
NBL,6/20/2023,252.1,256.0,251.6,251.6,-0.24,41566.0,302.9,235.0
NBL,6/21/2023,250.0,255.0,247.6,249.0,-1.03,114075.0,302.9,235.0
NBL,6/22/2023,250.0,252.0,247.3,248.0,-0.4,38289.0,302.9,235.0
NBL,6/25/2023,252.0,252.0,246.4,250.0,0.81,81817.0,302.9,235.0
NBL,6/26/2023,250.1,257.0,249.0,251.0,0.4,102861.0,302.9,235.0
NBL,6/27/2023,255.8,262.5,250.1,262.5,4.58,183098.0,302.9,235.0
NBL,6/28/2023,257.3,272.0,254.8,255.2,-2.78,85009.0,302.9,235.0
NBL,7/2/2023,257.0,257.0,249.1,250.0,-2.04,81261.0,302.9,235.0
NBL,7/3/2023,251.0,253.9,248.5,248.5,-0.6,66041.0,302.9,235.0
NBL,7/4/2023,248.0,258.0,248.0,250.0,0.6,43403.0,302.9,235.0
NBL,7/5/2023,250.0,252.0,244.0,245.0,-2.0,193086.0,302.9,235.0
NBL,7/6/2023,244.0,248.8,243.0,245.5,0.2,327175.0,302.9,235.0
NBL,7/9/2023,250.4,250.4,243.6,244.0,-0.61,95272.0,302.9,235.0
NBL,7/10/2023,245.0,253.0,242.2,243.0,-0.41,80974.0,302.9,235.0
NBL,7/11/2023,247.7,247.7,240.0,240.0,-1.23,123621.0,302.9,235.0
NBL,7/12/2023,244.8,248.0,241.2,244.9,2.04,71159.0,302.9,235.0
NBL,7/13/2023,245.3,250.5,243.5,245.0,0.04,89055.0,302.9,235.0
NBL,7/16/2023,249.7,249.7,245.0,249.0,1.63,60584.0,302.9,235.0
NBL,7/17/2023,250.0,256.9,248.6,254.7,2.29,67976.0,302.9,235.0
NBL,7/18/2023,258.0,260.1,253.0,258.0,1.3,86441.0,302.9,235.0
NBL,7/19/2023,256.0,266.0,253.2,264.0,2.33,115010.0,302.9,235.0
NBL,7/20/2023,268.7,268.7,257.0,259.9,-1.55,164484.0,302.9,235.0
NBL,7/23/2023,260.0,280.0,258.0,272.0,4.66,223112.0,302.9,235.0
NBL,7/24/2023,275.0,275.9,263.0,265.5,-2.39,180611.0,302.9,235.0
NBL,7/25/2023,265.0,266.4,257.0,257.8,-2.9,104128.0,302.9,235.0
NBL,7/26/2023,262.0,265.0,257.5,261.0,1.24,53681.0,302.9,235.0
NBL,7/27/2023,262.0,264.8,257.0,257.3,-1.42,50723.0,302.9,235.0
NBL,7/30/2023,259.5,260.0,252.9,255.0,-0.89,88371.0,302.9,235.0
NBL,7/31/2023,259.9,259.9,250.0,253.0,-0.78,86528.0,302.9,235.0
NBL,8/1/2023,255.0,257.0,249.3,250.0,-1.19,79695.0,302.9,235.0
NBL,8/2/2023,255.0,255.0,249.6,253.0,1.2,45896.0,302.9,235.0
NBL,8/3/2023,254.0,261.0,253.2,257.9,1.94,88173.0,302.9,235.0
NBL,8/6/2023,260.0,266.1,256.0,257.0,-0.35,153778.0,302.9,235.0
NBL,8/7/2023,259.9,259.9,253.0,254.9,-0.82,51182.0,302.9,235.0
NBL,8/8/2023,252.2,257.9,251.0,252.0,-1.14,42060.0,302.9,235.0
NBL,8/9/2023,250.2,255.0,246.0,255.0,1.19,81216.0,302.9,235.0
NBL,8/10/2023,252.2,257.0,251.2,254.0,-0.39,25901.0,302.9,235.0
NBL,8/13/2023,259.0,259.0,252.0,254.0,0.0,71148.0,302.9,235.0
NBL,8/14/2023,254.0,257.7,254.0,255.0,0.39,48185.0,302.9,235.0
NBL,8/15/2023,257.0,257.0,253.0,253.0,-0.78,36968.0,302.9,235.0
NBL,8/16/2023,251.1,254.0,250.0,252.0,-0.4,56740.0,302.9,235.0
NBL,8/17/2023,255.9,255.9,251.3,252.9,0.36,21615.0,302.9,235.0
NBL,8/20/2023,250.2,253.1,248.3,250.9,-0.79,74992.0,302.9,235.0
NBL,8/21/2023,254.0,254.0,248.0,250.0,-0.36,60034.0,302.9,235.0
NBL,8/22/2023,253.0,253.0,248.5,251.6,0.64,71762.0,302.9,235.0
NBL,8/23/2023,252.8,252.9,249.0,251.0,-0.24,100227.0,302.9,235.0
NBL,8/24/2023,248.6,253.0,248.6,250.0,-0.4,46711.0,302.9,235.0
NBL,8/27/2023,251.0,252.9,248.3,249.0,-0.4,41650.0,302.9,235.0
NBL,8/28/2023,249.0,253.7,248.0,250.0,0.4,28258.0,302.9,235.0
NBL,8/29/2023,251.0,253.0,250.0,250.1,0.04,28856.0,302.9,235.0
NBL,8/30/2023,250.0,254.8,250.0,251.4,0.52,22480.0,302.9,235.0
NBL,9/3/2023,250.0,251.0,248.6,249.2,-0.88,31390.0,302.9,235.0
NBL,9/4/2023,249.0,252.4,249.0,251.1,0.76,29709.0,302.9,235.0
NBL,9/5/2023,256.1,256.1,249.5,250.4,-0.28,26258.0,302.9,235.0
NBL,9/7/2023,245.4,252.0,245.4,249.0,-0.56,27754.0,302.9,235.0
NBL,9/10/2023,251.9,251.9,248.0,249.0,0.0,38931.0,302.9,235.0
NBL,9/11/2023,249.1,252.5,248.1,252.4,1.37,46416.0,302.9,235.0
NBL,9/12/2023,250.2,252.3,249.0,250.0,-0.95,26136.0,302.9,235.0
NBL,9/13/2023,250.0,254.0,250.0,253.9,1.56,33420.0,302.9,235.0
NBL,9/17/2023,252.0,253.0,249.0,249.1,-1.89,47130.0,302.9,235.0
NBL,9/18/2023,250.9,251.0,248.0,250.0,0.36,17101.0,302.9,235.0
NBL,9/19/2023,253.3,253.3,248.6,249.7,-0.12,49682.0,302.9,235.0
NBL,9/21/2023,252.0,256.0,251.0,253.0,1.32,38382.0,302.9,235.0
NBL,9/24/2023,256.9,256.9,250.5,251.0,-0.79,24218.0,302.9,235.0
NBL,9/25/2023,252.0,252.0,249.0,249.6,-0.56,18137.0,302.9,235.0
NBL,9/26/2023,250.0,253.0,250.0,250.9,0.52,27325.0,302.9,235.0
NBL,9/27/2023,250.2,252.1,249.0,250.7,-0.08,43264.0,302.9,235.0
NBL,10/1/2023,251.0,253.1,248.0,250.4,-0.12,58432.0,302.9,235.0
NBL,10/2/2023,250.0,251.5,247.1,249.2,-0.48,42582.0,302.9,235.0
NBL,10/3/2023,250.0,250.2,248.5,248.5,-0.28,22819.0,302.9,235.0
NBL,10/4/2023,250.0,251.0,249.0,249.8,0.52,13938.0,302.9,235.0
NBL,10/5/2023,251.9,252.0,248.0,249.0,-0.32,26412.0,302.9,235.0
NBL,10/8/2023,253.9,253.9,246.0,247.2,-0.72,36175.0,302.9,235.0
NBL,10/9/2023,247.2,249.9,246.0,246.2,-0.4,27949.0,302.9,235.0
NBL,10/10/2023,249.8,249.9,245.5,246.0,-0.08,25158.0,302.9,235.0
NBL,10/11/2023,250.0,250.0,245.9,246.1,0.04,17939.0,302.9,235.0
NBL,10/12/2023,245.0,246.0,243.0,243.2,-1.18,59698.0,302.9,235.0
NBL,10/16/2023,244.0,244.0,241.0,242.0,-0.49,38363.0,302.9,235.0
NBL,10/17/2023,245.0,248.5,243.9,248.0,2.48,26444.0,302.9,235.0
NBL,10/18/2023,250.0,253.8,248.0,251.0,1.21,28440.0,302.9,235.0
NBL,10/19/2023,255.0,256.0,249.0,251.0,0.0,13571.0,302.9,235.0
NBL,10/29/2023,247.0,251.9,247.0,248.1,-1.16,15200.0,302.9,235.0
NBL,10/30/2023,250.1,250.1,246.0,248.9,0.32,8051.0,302.9,235.0
NBL,10/31/2023,246.0,248.9,245.0,247.9,-0.4,17901.0,302.9,235.0
NBL,11/1/2023,248.0,250.0,245.8,247.8,-0.04,10362.0,302.9,235.0
NBL,11/2/2023,245.5,248.0,243.0,245.0,-1.13,49397.0,302.9,235.0
NBL,11/5/2023,240.1,243.8,240.0,241.5,-1.43,51352.0,302.9,235.0
NBL,11/6/2023,240.0,244.9,240.0,243.2,0.7,17430.0,302.9,235.0
NBL,11/7/2023,241.0,244.9,241.0,242.6,-0.25,16346.0,302.9,235.0
NBL,11/8/2023,237.8,247.4,237.8,243.7,0.45,24093.0,302.9,235.0
NBL,11/9/2023,241.0,245.8,240.4,242.4,-0.53,21789.0,302.9,235.0
NBL,11/20/2023,246.0,246.0,240.0,241.5,-0.37,22550.0,302.9,235.0
NBL,11/21/2023,241.5,243.4,240.0,242.0,0.21,35526.0,302.9,235.0
NBL,11/22/2023,246.0,246.0,239.2,241.9,-0.04,32047.0,302.9,235.0
NBL,11/23/2023,240.0,242.9,239.5,241.8,-0.04,25669.0,302.9,235.0
NBL,11/26/2023,241.8,244.0,238.7,241.0,-0.33,37234.0,302.9,235.0
NBL,11/27/2023,242.0,244.0,240.0,240.0,-0.41,73926.0,302.9,235.0
NBL,11/28/2023,241.0,241.0,238.4,238.5,-0.62,28185.0,302.9,235.0
NBL,11/29/2023,238.0,241.5,238.0,238.2,-0.13,26493.0,302.9,235.0
NBL,11/30/2023,242.0,242.9,237.0,239.0,0.34,31236.0,302.9,235.0
NBL,12/3/2023,242.7,242.7,236.5,237.8,-0.5,32474.0,302.9,235.0
NBL,12/4/2023,238.0,239.0,236.1,236.5,-0.55,18887.0,302.9,235.0
NBL,12/5/2023,238.9,239.0,236.0,236.0,-0.21,18503.0,302.9,235.0
NBL,12/6/2023,236.2,238.0,234.0,235.0,-0.42,29299.0,302.9,235.0
NBL,12/7/2023,236.0,240.4,233.5,240.0,2.13,67640.0,302.9,235.0
NBL,12/10/2023,243.0,246.0,243.0,244.9,2.04,13658.0,302.9,235.0
NBL,12/11/2023,249.7,254.6,240.2,244.0,-0.37,97415.0,302.9,235.0
NBL,12/12/2023,243.9,246.5,242.6,244.9,0.37,83376.0,302.9,235.0
NBL,12/13/2023,246.8,247.7,243.0,244.9,0.0,42048.0,302.9,235.0
NBL,12/14/2023,244.0,245.0,240.0,245.0,0.04,81823.0,302.9,235.0
NBL,12/17/2023,240.1,243.0,231.2,240.0,-2.04,158178.0,302.9,235.0
NBL,12/18/2023,242.0,245.8,240.0,245.0,2.08,133816.0,302.9,235.0
NBL,12/19/2023,246.5,254.9,246.2,254.4,3.84,135362.0,302.9,235.0
NBL,12/20/2023,259.4,259.7,253.0,255.0,0.24,144208.0,302.9,235.0
NBL,12/21/2023,255.0,255.0,245.0,245.7,-3.65,148662.0,302.9,235.0
NBL,12/24/2023,245.0,250.6,242.5,242.5,-1.3,83538.0,302.9,235.0
NBL,12/27/2023,242.3,246.5,240.1,242.0,-0.21,61389.0,302.9,235.0
NBL,12/28/2023,246.0,246.0,239.1,240.0,-0.83,54347.0,302.9,235.0
NBL,1/1/2024,244.8,244.8,238.0,240.0,0.0,95225.0,302.9,235.0
NBL,1/2/2024,239.0,240.0,237.0,237.0,-1.25,62968.0,302.9,235.0
NBL,1/3/2024,235.2,239.0,235.2,238.0,0.42,57218.0,302.9,235.0
NBL,1/4/2024,238.0,240.0,235.9,236.2,-0.76,53096.0,302.9,235.0
NBL,1/7/2024,239.0,239.0,233.0,235.0,-0.51,95197.0,302.9,235.0
NBL,1/8/2024,237.0,238.7,232.3,235.0,0.0,72479.0,302.9,235.0
NBL,1/9/2024,239.7,239.7,234.0,236.0,0.43,110030.0,302.9,235.0
NBL,1/10/2024,238.5,241.0,237.0,237.0,0.42,83335.0,302.9,235.0
NBL,1/11/2024,237.0,241.6,237.0,238.0,0.42,43138.0,302.9,235.0
NBL,1/14/2024,241.0,241.0,235.0,235.9,-0.88,139284.0,302.9,235.0
NBL,1/16/2024,237.0,240.0,234.7,239.5,1.53,213725.0,302.9,235.0
NBL,1/17/2024,242.0,246.8,239.5,242.7,1.34,149311.0,302.9,235.0
NBL,1/18/2024,246.0,246.0,238.3,239.6,-1.28,320195.0,302.9,235.0
NBL,1/21/2024,238.0,238.0,233.0,234.5,-2.13,138795.0,302.9,235.0
NBL,1/22/2024,233.5,238.0,232.5,232.8,-0.72,95787.0,302.9,235.0
NBL,1/23/2024,236.8,236.8,232.1,233.6,0.34,153149.0,302.9,235.0
NBL,1/24/2024,236.0,237.0,232.2,235.7,0.9,58212.0,302.9,235.0
NBL,1/25/2024,234.0,235.7,233.0,234.9,-0.34,59899.0,302.9,235.0
NBL,1/28/2024,235.0,235.0,232.6,234.0,-0.38,30773.0,302.9,235.0
NBL,1/29/2024,238.0,238.0,232.2,233.0,-0.43,37033.0,302.9,235.0
NBL,1/30/2024,233.0,234.9,231.2,231.9,-0.47,100512.0,302.9,235.0
NBL,1/31/2024,227.3,232.5,227.3,231.6,-0.13,44908.0,302.9,235.0
NBL,2/1/2024,231.0,231.5,229.6,231.0,-0.26,54205.0,302.9,235.0
NBL,2/4/2024,229.1,231.0,228.5,229.4,-0.69,66815.0,302.9,235.0
NBL,2/5/2024,231.9,231.9,228.5,229.1,-0.13,41106.0,302.9,235.0
NBL,2/6/2024,229.1,231.9,229.1,229.1,0.0,52607.0,302.9,235.0
NBL,2/7/2024,233.6,238.0,231.0,231.5,1.05,21231.0,302.9,235.0
NBL,2/8/2024,235.6,235.6,230.3,230.7,-0.35,39473.0,302.9,235.0
NBL,2/11/2024,232.1,233.8,229.5,229.5,-0.52,41723.0,302.9,235.0
NBL,2/12/2024,230.0,232.0,228.5,229.4,-0.04,35617.0,302.9,235.0
NBL,2/13/2024,229.0,231.5,227.0,229.8,0.17,42689.0,302.9,235.0
NBL,2/14/2024,229.0,229.9,227.0,227.5,-1.0,31362.0,302.9,235.0
NBL,2/15/2024,226.5,229.9,226.5,227.8,0.13,35889.0,302.9,235.0
NBL,2/18/2024,227.2,229.0,224.5,225.1,-1.19,70103.0,302.9,235.0
NBL,2/20/2024,225.0,226.0,224.3,225.9,0.36,44113.0,302.9,235.0
NBL,2/21/2024,226.0,227.0,223.6,226.0,0.04,42462.0,302.9,235.0
NBL,2/22/2024,223.1,225.0,222.0,223.0,-1.33,45053.0,302.9,235.0
NBL,2/25/2024,223.0,223.0,219.0,219.0,-1.79,63968.0,302.9,235.0
NBL,2/26/2024,219.0,222.9,218.0,218.3,-0.32,40395.0,302.9,235.0
NBL,2/27/2024,218.0,222.5,215.1,219.0,0.32,30580.0,302.9,235.0
NBL,2/28/2024,219.0,222.8,216.8,217.0,-0.91,38745.0,302.9,235.0
NBL,2/29/2024,219.0,219.0,214.3,214.5,-1.15,114752.0,302.9,235.0
NBL,3/3/2024,218.7,218.7,213.0,214.5,0.0,51267.0,302.9,235.0
NBL,3/4/2024,218.7,230.0,218.7,230.0,7.23,10610.0,302.9,235.0
NBL,3/5/2024,234.6,234.6,220.0,222.0,-3.48,46467.0,302.9,235.0
NBL,3/6/2024,222.0,224.0,217.6,218.0,-1.8,34059.0,302.9,235.0
NBL,3/7/2024,222.0,222.2,218.1,221.0,1.38,22817.0,302.9,235.0
NBL,3/10/2024,225.0,225.9,221.1,222.0,0.45,34608.0,302.9,235.0
NBL,3/12/2024,225.0,226.8,222.0,226.1,1.85,29437.0,302.9,235.0
NBL,3/13/2024,227.1,229.0,225.0,225.3,-0.35,42237.0,302.9,235.0
NBL,3/14/2024,225.0,225.0,220.8,223.5,-0.8,26504.0,302.9,235.0
NBL,3/17/2024,221.0,224.0,220.2,223.3,-0.09,33779.0,302.9,235.0
NBL,3/18/2024,227.7,227.7,222.0,224.0,0.31,49054.0,302.9,235.0
NBL,3/19/2024,220.0,225.9,220.0,222.5,-0.67,48649.0,302.9,235.0
NBL,3/20/2024,226.9,226.9,220.0,225.0,1.12,44586.0,302.9,235.0
NBL,3/21/2024,227.9,227.9,222.0,223.5,-0.67,34704.0,302.9,235.0
NBL,3/25/2024,224.0,224.0,220.0,220.9,-1.16,39754.0,302.9,235.0
NBL,3/26/2024,221.0,223.8,219.5,220.6,-0.14,26637.0,302.9,235.0
NBL,3/27/2024,224.0,224.0,218.0,221.0,0.18,36250.0,302.9,235.0
NBL,3/28/2024,225.4,225.4,218.2,219.0,-0.9,21123.0,302.9,235.0
NBL,3/31/2024,219.0,220.0,216.9,217.8,-0.55,25612.0,302.9,235.0
NBL,4/1/2024,216.0,218.0,215.0,216.0,-0.83,48999.0,302.9,235.0
NBL,4/2/2024,220.3,220.3,214.6,215.1,-0.42,35397.0,302.9,235.0
NBL,4/3/2024,215.0,216.0,213.0,214.8,-0.14,79170.0,302.9,235.0
NBL,4/4/2024,214.0,214.1,211.0,212.8,-0.93,88040.0,302.9,235.0
NBL,4/7/2024,215.0,215.0,211.0,214.0,0.56,160309.0,302.9,235.0
NBL,4/9/2024,217.0,217.0,212.5,214.0,0.0,103955.0,302.9,235.0
NBL,4/10/2024,214.0,214.0,212.0,212.5,-0.7,74758.0,302.9,235.0
NBL,4/14/2024,212.5,213.0,209.0,210.5,-0.94,63911.0,302.9,235.0
NBL,4/15/2024,211.0,211.0,207.4,208.5,-0.95,62619.0,302.9,235.0
NBL,4/16/2024,208.0,212.0,206.6,207.0,-0.72,58294.0,302.9,235.0
NBL,4/18/2024,210.0,210.0,205.0,205.7,-0.63,39991.0,302.9,235.0
NBL,4/21/2024,203.1,205.0,199.0,201.8,-1.9,66215.0,302.9,235.0
NBL,4/22/2024,204.9,205.8,199.5,200.0,-0.89,46763.0,302.9,235.0
NBL,4/24/2024,203.0,203.0,199.1,200.0,0.0,32965.0,302.9,235.0
NBL,4/25/2024,202.0,202.0,199.2,199.2,-0.4,41914.0,302.9,235.0
NBL,4/28/2024,203.1,203.1,197.0,201.0,0.9,32220.0,302.9,235.0
NBL,4/29/2024,205.0,205.0,197.0,200.0,-0.5,33812.0,302.9,235.0
NBL,4/30/2024,204.0,204.0,199.5,201.6,0.8,54808.0,302.9,235.0
NBL,5/2/2024,205.6,205.6,200.0,200.0,-0.79,31129.0,302.9,235.0
NBL,5/5/2024,203.5,203.5,198.5,198.5,-0.75,36082.0,302.9,235.0
NBL,5/6/2024,202.4,202.4,198.4,198.8,0.15,39648.0,302.9,235.0
NBL,5/7/2024,198.0,200.0,197.0,197.0,-0.91,39462.0,302.9,235.0
NBL,5/8/2024,199.0,199.0,195.5,196.4,-0.3,22129.0,302.9,235.0
NBL,5/9/2024,196.0,208.0,195.1,208.0,5.91,42639.0,302.9,235.0
NBL,5/12/2024,203.9,203.9,199.2,202.0,-2.88,32310.0,302.9,235.0
NBL,5/13/2024,206.0,209.0,199.0,206.8,2.38,59806.0,302.9,235.0
NBL,5/14/2024,210.9,210.9,202.1,204.0,-1.35,29565.0,302.9,235.0
NBL,5/15/2024,202.0,207.9,202.0,203.5,-0.25,29497.0,302.9,235.0
NBL,5/16/2024,207.5,207.5,202.0,203.0,-0.25,32367.0,302.9,235.0
NBL,5/19/2024,207.0,211.0,203.0,209.4,3.15,51465.0,302.9,235.0
NBL,5/20/2024,213.5,223.0,208.0,219.5,4.82,154435.0,302.9,235.0
NBL,5/21/2024,223.8,223.8,217.0,222.8,1.5,77386.0,302.9,235.0
NBL,5/22/2024,224.5,233.0,220.5,231.8,4.04,148109.0,302.9,235.0
NBL,5/26/2024,236.4,236.4,225.5,227.0,-2.07,97731.0,302.9,235.0
NBL,5/27/2024,224.4,227.5,219.0,226.0,-0.44,66700.0,302.9,235.0
NBL,5/29/2024,230.0,230.4,216.1,216.5,-4.2,35934.0,302.9,235.0
NBL,5/30/2024,216.0,216.9,209.8,213.0,-1.62,46486.0,302.9,235.0
NBL,6/2/2024,216.9,216.9,211.2,214.0,0.47,26896.0,302.9,235.0
NBL,6/3/2024,218.2,218.2,212.0,212.5,-0.7,24007.0,302.9,235.0
NBL,6/4/2024,216.7,216.7,210.7,212.9,0.19,30111.0,302.9,235.0
NBL,6/5/2024,217.1,217.1,209.0,209.0,-1.83,29208.0,302.9,235.0
NBL,6/6/2024,209.0,211.0,205.8,206.0,-1.44,40198.0,302.9,235.0
NBL,6/9/2024,202.0,210.0,202.0,204.8,-0.58,49626.0,302.9,235.0
NBL,6/10/2024,208.8,208.8,204.0,204.3,-0.24,41001.0,302.9,235.0
NBL,6/11/2024,208.3,214.0,204.1,213.1,4.31,40421.0,302.9,235.0
NBL,6/12/2024,214.0,216.9,209.1,216.0,1.36,68922.0,302.9,235.0
NBL,6/13/2024,213.0,215.5,210.2,215.0,-0.46,45989.0,302.9,235.0
NBL,6/16/2024,212.0,216.2,210.6,214.0,-0.47,50871.0,302.9,235.0
NBL,6/18/2024,217.0,217.0,209.1,213.9,-0.05,29194.0,302.9,235.0
NBL,6/19/2024,214.0,214.0,209.0,209.5,-2.06,22935.0,302.9,235.0
NBL,6/20/2024,213.6,213.6,208.2,209.0,-0.24,35965.0,302.9,235.0
NBL,6/23/2024,210.0,210.0,207.2,207.2,-0.86,36786.0,302.9,235.0
NBL,6/24/2024,207.0,211.0,206.0,207.8,0.29,30961.0,302.9,235.0
NBL,6/25/2024,210.5,210.5,205.0,206.5,-0.63,37267.0,302.9,235.0
NBL,6/26/2024,205.5,208.0,205.0,205.1,-0.68,29936.0,302.9,235.0
NBL,6/27/2024,205.1,206.9,203.1,205.5,0.2,34598.0,302.9,235.0
NBL,6/30/2024,205.0,208.0,202.0,204.0,-0.73,48826.0,302.9,235.0
NBL,7/1/2024,204.0,213.0,202.1,213.0,4.41,113583.0,302.9,235.0
NBL,7/2/2024,217.2,234.0,210.1,219.5,3.05,92761.0,302.9,235.0
NBL,7/3/2024,223.0,223.0,211.3,216.5,-1.37,31901.0,302.9,235.0
NBL,7/4/2024,216.5,219.0,215.0,216.1,-0.18,91167.0,302.9,235.0
NBL,7/7/2024,216.0,219.3,213.1,217.7,0.74,83740.0,302.9,235.0
NBL,7/8/2024,220.5,220.5,217.0,219.0,0.6,48185.0,302.9,235.0
NBL,7/9/2024,223.3,223.3,217.0,219.9,0.41,36346.0,302.9,235.0
NBL,7/10/2024,224.2,224.2,219.5,223.7,1.73,58391.0,302.9,235.0
NBL,7/11/2024,228.1,228.9,223.9,228.9,2.32,118488.0,302.9,235.0
NBL,7/14/2024,233.4,237.5,228.4,234.0,2.23,126827.0,302.9,235.0
NBL,7/15/2024,238.5,238.5,226.4,229.5,-1.92,127067.0,302.9,235.0
NBL,7/16/2024,229.5,232.5,226.2,232.0,1.09,143370.0,302.9,235.0
NBL,7/17/2024,236.6,239.0,232.1,237.8,2.5,244368.0,302.9,235.0
NBL,7/18/2024,242.5,259.0,237.0,251.0,5.55,404005.0,302.9,235.0
NBL,7/21/2024,251.0,260.0,243.0,257.0,2.39,296648.0,302.9,235.0
NBL,7/22/2024,257.0,260.0,250.2,253.0,-1.56,239895.0,302.9,235.0
NBL,7/23/2024,256.0,271.5,253.2,270.0,6.72,420546.0,302.9,235.0
NBL,7/24/2024,275.0,275.0,262.0,266.0,-1.48,221652.0,302.9,235.0
NBL,7/25/2024,266.1,275.0,262.0,268.0,0.75,212145.0,302.9,235.0
NBL,7/28/2024,273.3,294.8,273.3,294.8,10.0,815712.0,302.9,235.0
NBL,7/29/2024,300.6,311.9,286.4,288.0,-2.31,452471.0,302.9,235.0
NBL,7/30/2024,293.7,293.7,273.0,285.0,-1.04,417884.0,302.9,235.0
NBL,7/31/2024,289.0,290.0,284.0,286.5,0.53,362266.0,302.9,235.0
NBL,8/1/2024,292.2,292.2,279.0,281.9,-1.61,287256.0,302.9,235.0
NBL,8/5/2024,281.9,283.0,274.4,277.0,-1.74,382518.0,302.9,235.0
NBL,8/6/2024,279.0,279.0,263.1,263.1,-5.02,463822.0,302.9,235.0
NBL,8/7/2024,263.1,271.0,260.1,270.0,2.62,224488.0,302.9,235.0
NBL,8/8/2024,272.0,274.9,266.7,268.0,-0.74,242636.0,302.9,235.0
NBL,8/11/2024,273.3,280.0,270.1,280.0,4.48,374667.0,302.9,235.0
NBL,8/12/2024,285.0,295.8,285.0,293.5,4.82,507117.0,302.9,235.0
NBL,8/13/2024,299.3,300.0,290.1,294.9,0.48,236503.0,302.9,235.0
NBL,8/14/2024,295.0,304.0,291.0,304.0,3.09,422276.0,302.9,235.0
NBL,8/15/2024,302.1,327.0,302.1,326.0,7.24,950655.0,302.9,235.0
NBL,8/18/2024,332.5,337.5,316.1,323.0,-0.92,607268.0,302.9,235.0
NBL,8/21/2024,329.0,329.3,315.1,317.0,-1.86,385960.0,302.9,235.0
NBL,8/22/2024,323.3,327.0,318.5,322.0,1.58,441741.0,302.9,235.0
NBL,8/25/2024,328.4,328.4,308.0,313.0,-2.8,346861.0,302.9,235.0
NBL,8/27/2024,313.0,313.0,298.9,299.0,-4.47,436443.0,302.9,235.0
NBL,8/28/2024,302.0,311.0,295.0,299.0,0.0,225756.0,302.9,235.0
NBL,8/29/2024,300.0,300.5,291.0,295.0,-1.34,221286.0,302.9,235.0
NBL,9/1/2024,299.8,299.8,285.2,286.0,-3.05,131757.0,302.9,235.0
NBL,9/2/2024,286.0,300.0,281.2,297.0,3.85,296576.0,302.9,235.0
NBL,9/3/2024,302.0,303.9,295.0,296.6,-0.13,200765.0,302.9,235.0
NBL,9/4/2024,302.5,302.5,289.1,289.1,-2.53,236510.0,302.9,235.0
NBL,9/5/2024,285.2,289.1,284.0,287.0,-0.73,192999.0,302.9,235.0
NBL,9/8/2024,291.0,291.0,282.2,285.0,-0.7,89528.0,302.9,235.0
NBL,9/9/2024,282.0,287.6,276.0,278.0,-2.46,123340.0,302.9,235.0
NBL,9/10/2024,277.0,282.5,276.0,278.0,0.0,214660.0,302.9,235.0
NBL,9/11/2024,283.0,283.5,271.1,272.0,-2.16,134516.0,302.9,235.0
NBL,9/12/2024,277.4,278.0,270.1,277.9,2.17,152393.0,302.9,235.0
NBL,9/15/2024,281.5,284.8,274.4,275.0,-1.04,120354.0,302.9,235.0
NBL,9/16/2024,273.0,274.0,268.0,270.0,-1.82,98920.0,302.9,235.0
NBL,9/18/2024,275.4,275.4,264.7,267.0,-1.11,85937.0,302.9,235.0
NBL,9/22/2024,272.3,276.9,268.0,271.0,1.5,74365.0,302.9,235.0
NBL,9/23/2024,276.4,276.4,265.5,267.9,-1.14,47978.0,302.9,235.0
NBL,9/24/2024,267.9,268.9,260.0,261.5,-2.39,149322.0,302.9,235.0
NBL,9/25/2024,262.0,270.0,256.4,270.0,3.25,183144.0,302.9,235.0
NBL,9/26/2024,270.2,273.0,261.7,264.0,-2.22,52193.0,302.9,235.0
NBL,9/29/2024,263.0,265.0,258.5,262.0,-0.76,62665.0,302.9,235.0
NBL,9/30/2024,260.0,264.9,258.2,263.0,0.38,40118.0,302.9,235.0
NBL,10/1/2024,267.9,273.0,263.0,273.0,3.8,119057.0,302.9,235.0
NBL,10/2/2024,273.0,280.0,272.0,276.0,1.1,553127.0,302.9,235.0
NBL,10/6/2024,280.0,285.0,276.2,284.0,2.9,86884.0,302.9,235.0
NBL,10/7/2024,289.0,291.8,286.6,289.1,1.8,127631.0,302.9,235.0
NBL,10/8/2024,289.6,291.0,288.0,289.9,0.28,63859.0,302.9,235.0
NBL,10/9/2024,288.0,290.0,286.0,288.0,-0.66,81171.0,302.9,235.0
NBL,10/15/2024,292.9,292.9,286.0,289.6,0.56,42375.0,302.9,235.0
NBL,10/16/2024,291.0,296.5,290.0,294.8,1.8,103158.0,302.9,235.0
NBL,10/17/2024,295.0,302.0,295.0,300.0,1.76,161026.0,302.9,235.0
NBL,10/20/2024,295.0,302.8,289.0,297.0,-1.0,159264.0,302.9,235.0
NBL,10/21/2024,295.7,295.7,286.4,286.5,-3.54,163658.0,302.9,235.0
NBL,10/22/2024,290.0,291.7,286.4,291.0,1.57,67830.0,302.9,235.0
NBL,10/23/2024,296.8,308.0,290.3,292.8,0.62,281978.0,302.9,235.0
NBL,10/24/2024,291.0,292.0,286.0,289.0,-1.3,45480.0,302.9,235.0
NBL,10/27/2024,286.0,288.0,279.3,284.0,-1.73,110971.0,302.9,235.0
NBL,10/28/2024,288.7,288.7,280.0,282.1,-0.67,49516.0,302.9,235.0
NBL,10/29/2024,281.5,288.3,280.3,286.6,1.6,136521.0,302.9,235.0
NBL,10/30/2024,290.0,290.0,284.0,286.5,-0.03,56907.0,302.9,235.0
NBL,11/5/2024,287.0,290.0,285.0,285.5,-0.35,26292.0,302.9,235.0
NBL,11/6/2024,284.0,288.0,283.1,283.1,-0.84,42981.0,302.9,235.0
NBL,11/10/2024,282.4,292.0,282.4,290.0,2.44,74543.0,302.9,235.0
NBL,11/11/2024,295.0,295.0,288.1,289.0,-0.34,103812.0,302.9,235.0
NBL,11/12/2024,290.0,294.6,289.0,289.9,0.31,64692.0,302.9,235.0
NBL,11/13/2024,287.0,291.0,285.0,285.0,-1.69,39948.0,302.9,235.0
NBL,11/14/2024,285.0,295.8,284.1,287.5,0.88,100657.0,302.9,235.0
NBL,11/17/2024,283.1,292.8,283.1,288.5,0.35,99735.0,302.9,235.0
NBL,11/19/2024,290.0,290.0,282.0,283.0,-1.91,71810.0,302.9,235.0
NBL,11/20/2024,280.2,285.0,280.2,281.2,-0.64,29338.0,302.9,235.0
NBL,11/21/2024,281.2,283.0,278.0,280.0,-0.43,70864.0,302.9,235.0
NBL,11/24/2024,285.6,285.6,277.1,278.9,-0.39,48883.0,302.9,235.0
NBL,11/25/2024,284.4,284.4,276.6,279.2,0.11,32958.0,302.9,235.0
NBL,11/26/2024,284.7,285.5,280.0,283.0,1.36,50857.0,302.9,235.0
NBL,11/27/2024,287.0,287.0,282.2,283.5,0.18,39872.0,302.9,235.0
NBL,11/28/2024,285.0,286.0,281.0,282.3,-0.42,51209.0,302.9,235.0
NBL,12/1/2024,280.0,280.9,277.3,279.6,-0.96,44253.0,302.9,235.0
NBL,12/2/2024,285.1,285.1,276.0,277.8,-0.64,86642.0,302.9,235.0
NBL,12/3/2024,283.3,283.3,275.0,279.0,0.43,44139.0,302.9,235.0
NBL,12/4/2024,284.5,284.5,276.3,277.5,-0.54,52293.0,302.9,235.0
NBL,12/5/2024,277.5,278.0,275.0,275.0,-0.9,51524.0,302.9,235.0
NBL,12/8/2024,271.4,280.0,265.0,267.0,-2.91,181908.0,302.9,235.0
NBL,12/9/2024,267.0,270.0,264.6,267.0,0.0,74373.0,302.9,235.0
NBL,12/10/2024,269.0,271.5,265.0,267.0,0.0,23482.0,302.9,235.0
NBL,12/11/2024,264.0,277.0,264.0,277.0,3.75,105228.0,302.9,235.0
NBL,12/12/2024,282.5,282.5,268.2,268.5,-3.07,42271.0,302.9,235.0
NBL,12/16/2024,265.2,269.0,264.0,266.0,-0.93,52892.0,302.9,235.0
NBL,12/17/2024,271.3,271.3,263.6,267.0,0.38,44627.0,302.9,235.0
NBL,12/18/2024,265.2,269.7,265.0,266.0,-0.37,40102.0,302.9,235.0
NBL,12/19/2024,265.0,266.0,263.0,265.1,-0.34,40994.0,302.9,235.0
NBL,12/22/2024,259.8,267.0,259.8,263.0,-0.79,37385.0,302.9,235.0
NBL,12/23/2024,267.0,268.2,261.3,262.2,-0.3,54386.0,302.9,235.0
NBL,12/24/2024,267.4,270.0,262.6,266.6,1.68,63593.0,302.9,235.0
NBL,12/26/2024,271.9,273.0,262.1,272.0,2.03,123843.0,302.9,235.0
NBL,12/29/2024,273.0,275.8,269.3,269.9,-0.77,49431.0,302.9,235.0
NBL,12/31/2024,274.8,274.8,265.7,266.0,-1.44,55267.0,302.9,235.0
NBL,1/1/2025,267.0,268.5,266.2,267.1,0.41,24811.0,302.9,235.0
NBL,1/2/2025,267.0,269.0,265.2,267.7,0.22,34854.0,302.9,235.0
NBL,1/5/2025,266.0,266.0,264.0,264.5,-1.2,72876.0,302.9,235.0
NBL,1/6/2025,269.0,269.0,264.7,268.0,1.32,63720.0,302.9,235.0
NBL,1/7/2025,272.0,272.0,265.5,266.0,-0.75,25492.0,302.9,235.0
NBL,1/8/2025,271.3,271.3,265.0,265.8,-0.08,44633.0,302.9,235.0
NBL,1/9/2025,265.0,266.0,260.0,263.8,-0.75,83543.0,302.9,235.0
NBL,1/12/2025,262.0,266.0,260.8,260.9,-1.1,16224.0,302.9,235.0
NBL,1/13/2025,261.1,261.9,256.0,260.5,-0.15,173677.0,302.9,235.0
NBL,1/15/2025,258.3,258.9,255.5,257.0,-1.34,75059.0,302.9,235.0
NBL,1/16/2025,259.0,259.0,252.0,252.0,-1.95,80820.0,302.9,235.0
NBL,1/19/2025,252.0,255.0,251.0,254.7,1.07,99063.0,302.9,235.0
NBL,1/20/2025,250.2,255.0,250.0,251.0,-1.45,102302.0,302.9,235.0
NBL,1/21/2025,256.0,256.0,247.0,248.0,-1.2,42552.0,302.9,235.0
NBL,1/22/2025,250.0,260.0,245.0,254.0,2.42,101885.0,302.9,235.0
NBL,1/23/2025,259.0,259.0,250.0,250.0,-1.57,41626.0,302.9,235.0
NBL,1/26/2025,246.0,251.4,246.0,248.0,-0.8,40372.0,302.9,235.0
NBL,1/27/2025,249.9,249.9,246.0,246.3,-0.69,30248.0,302.9,235.0
NBL,1/28/2025,245.0,246.9,244.3,245.0,-0.53,58427.0,302.9,235.0
NBL,2/2/2025,249.0,252.5,246.5,252.5,3.06,127938.0,302.9,235.0
NBL,2/3/2025,255.0,262.0,251.2,256.0,1.39,122306.0,302.9,235.0
NBL,2/4/2025,261.1,261.1,254.0,254.2,-0.7,65021.0,302.9,235.0
NBL,2/5/2025,254.5,260.0,252.1,254.0,-0.08,40342.0,302.9,235.0
NBL,2/6/2025,259.0,268.0,252.0,260.0,2.36,103780.0,302.9,235.0
NBL,2/9/2025,265.2,265.2,252.1,252.3,-2.96,76872.0,302.9,235.0
NBL,2/10/2025,253.5,254.0,250.2,252.0,-0.12,46404.0,302.9,235.0
NBL,2/11/2025,252.0,253.8,250.0,252.5,0.2,40580.0,302.9,235.0
NBL,2/12/2025,253.0,255.4,251.2,255.3,1.11,35362.0,302.9,235.0
NBL,2/13/2025,255.2,255.6,250.3,251.5,-1.49,30602.0,302.9,235.0
NBL,2/16/2025,251.0,254.8,251.0,254.8,1.31,59605.0,302.9,235.0
NBL,2/17/2025,255.7,260.0,251.6,258.0,1.26,104068.0,302.9,235.0
NBL,2/18/2025,263.1,263.1,257.0,258.0,0.0,64925.0,302.9,235.0
NBL,2/20/2025,255.0,263.0,252.9,255.0,-1.16,66937.0,302.9,235.0
NBL,2/23/2025,250.0,257.9,250.0,255.2,0.08,80917.0,302.9,235.0
NBL,2/24/2025,255.2,260.0,253.5,255.0,-0.08,97803.0,302.9,235.0
NBL,2/25/2025,255.0,259.4,253.5,256.5,0.59,79195.0,302.9,235.0
NBL,2/27/2025,261.5,269.9,258.9,263.0,2.53,136760.0,302.9,235.0
NBL,3/2/2025,268.2,271.0,264.1,271.0,3.04,120013.0,302.9,235.0
NBL,3/3/2025,275.4,277.0,265.6,268.0,-1.11,96838.0,302.9,235.0
NBL,3/4/2025,270.0,271.0,260.0,264.7,-1.23,119352.0,302.9,235.0
NBL,3/5/2025,269.5,269.5,259.1,262.0,-1.02,88783.0,302.9,235.0
NBL,3/6/2025,267.0,267.0,256.9,261.2,-0.31,59370.0,302.9,235.0
NBL,3/9/2025,260.0,275.0,257.1,260.0,-0.46,66079.0,302.9,235.0
NBL,3/10/2025,256.5,263.8,256.5,258.0,-0.77,37093.0,302.9,235.0
NBL,3/11/2025,260.0,260.0,252.0,255.0,-1.16,116397.0,302.9,235.0
NBL,3/12/2025,253.0,258.0,253.0,254.0,-0.39,36175.0,302.9,235.0
NBL,3/16/2025,257.0,259.0,252.2,254.0,0.0,60787.0,302.9,235.0
NBL,3/17/2025,258.8,258.8,250.4,253.5,-0.2,27777.0,302.9,235.0
NBL,3/18/2025,258.5,258.5,252.1,253.0,-0.2,26811.0,302.9,235.0
NBL,3/19/2025,253.1,257.6,250.0,251.0,-0.79,46315.0,302.9,235.0
NBL,3/20/2025,250.0,251.9,248.0,250.34,-0.26,70004.0,302.9,235.0
NBL,3/23/2025,255.0,255.0,247.0,247.11,-1.29,68774.0,302.9,235.0
NBL,3/24/2025,251.9,251.9,244.0,251.1,1.61,457313.0,302.9,235.0
NBL,3/25/2025,250.0,250.0,244.6,245.28,-2.32,86457.0,302.9,235.0
NBL,3/26/2025,240.5,250.2,240.5,248.05,1.13,31396.0,302.9,235.0
NBL,3/27/2025,253.0,253.0,244.2,249.82,0.71,38682.0,302.9,235.0
NBL,3/30/2025,250.0,255.0,247.2,250.36,0.22,61465.0,302.9,235.0
NBL,4/1/2025,252.0,252.0,246.4,248.77,-0.64,74403.0,302.9,235.0
NBL,4/2/2025,253.7,253.7,246.0,249.99,0.49,212077.0,302.9,235.0
NBL,4/3/2025,250.0,256.0,248.0,251.3,0.52,62089.0,302.9,235.0
NBL,4/7/2025,251.3,255.0,247.0,247.23,-1.62,59446.0,302.9,235.0
NBL,4/8/2025,245.0,248.9,243.7,246.8,-0.17,55941.0,302.9,235.0
NBL,4/9/2025,246.8,256.7,245.0,247.03,0.09,40162.0,302.9,235.0
NBL,4/10/2025,242.5,255.0,242.5,246.12,-0.37,159873.0,302.9,235.0
NBL,4/13/2025,246.0,252.0,246.0,251.0,1.98,56121.0,302.9,235.0
NBL,4/15/2025,256.0,256.0,250.0,250.58,-0.17,49423.0,302.9,235.0
NBL,4/16/2025,255.0,255.0,250.0,251.22,0.26,33497.0,302.9,235.0
NBL,4/17/2025,254.9,254.9,250.4,252.79,0.62,103505.0,302.9,235.0
NBL,4/20/2025,257.8,273.0,257.8,259.21,2.54,406445.0,302.9,235.0
NBL,4/21/2025,264.3,264.3,257.0,257.97,-0.48,103204.0,302.9,235.0
NBL,4/22/2025,259.0,259.9,255.2,256.36,-0.62,74198.0,302.9,235.0
NBL,4/23/2025,257.0,257.0,252.0,252.94,-1.33,62445.0,302.9,235.0
NBL,4/24/2025,255.0,255.0,251.0,251.92,-0.4,81177.0,302.9,235.0
NBL,4/27/2025,252.0,255.0,250.3,251.07,-0.34,60676.0,302.9,235.0
NBL,4/28/2025,255.0,255.0,246.0,250.35,-0.29,96333.0,302.9,235.0
NBL,4/29/2025,249.9,250.0,248.8,249.03,-0.53,34431.0,302.9,235.0
NBL,4/30/2025,249.0,250.0,246.5,246.78,-0.9,71612.0,302.9,235.0
NBL,5/4/2025,249.8,250.1,245.2,245.75,-0.42,76335.0,302.9,235.0
NBL,5/5/2025,245.0,247.0,244.0,244.37,-0.56,79450.0,302.9,235.0
NBL,5/6/2025,248.0,248.0,243.6,244.73,0.15,61386.0,302.9,235.0
NBL,5/7/2025,245.0,253.0,239.2,251.47,2.75,152944.0,302.9,235.0
NBL,5/8/2025,254.0,254.0,246.5,246.66,-1.91,80036.0,302.9,235.0
NBL,5/11/2025,246.0,252.0,246.0,246.91,0.1,54926.0,302.9,235.0
NBL,5/13/2025,242.5,252.2,242.5,245.91,-0.41,54359.0,302.9,235.0
NBL,5/14/2025,245.2,247.7,244.2,245.15,-0.31,59340.0,302.9,235.0
NBL,5/15/2025,244.0,246.8,243.0,243.95,-0.49,50001.0,302.9,235.0
NBL,5/18/2025,245.0,245.2,243.0,244.15,0.08,43123.0,302.9,235.0
NBL,5/19/2025,247.0,250.0,245.0,248.27,1.69,66815.0,302.9,235.0
NBL,5/20/2025,246.9,254.5,244.4,252.72,1.79,54752.0,302.9,235.0
NBL,5/21/2025,257.7,268.0,250.0,251.03,-0.67,118997.0,302.9,235.0
NBL,5/22/2025,255.3,260.0,250.4,258.11,2.82,140892.0,302.9,235.0
NBL,5/25/2025,260.0,262.0,256.1,257.73,-0.15,83685.0,302.9,235.0
NBL,5/26/2025,262.8,270.9,258.0,258.85,0.43,111561.0,302.9,235.0
NBL,5/27/2025,255.1,258.9,255.0,257.87,-0.38,42778.0,302.9,235.0
NBL,5/28/2025,260.0,261.9,255.0,261.34,1.35,91049.0,302.9,235.0
NBL,6/2/2025,266.5,266.5,258.0,259.35,-0.76,136484.0,302.9,235.0
NBL,6/3/2025,261.0,261.0,251.9,252.91,-2.48,78403.0,302.9,235.0
NBL,6/4/2025,251.6,258.0,250.6,256.42,1.39,71892.0,302.9,235.0
NBL,6/5/2025,260.0,260.0,253.4,254.98,-0.56,85324.0,302.9,235.0
NBL,6/8/2025,257.9,257.9,251.3,251.63,-1.31,56199.0,302.9,235.0
NBL,6/9/2025,253.7,255.0,251.6,254.1,0.98,40214.0,302.9,235.0
NBL,6/10/2025,252.0,258.9,250.0,253.11,-0.39,52009.0,302.9,235.0
NBL,6/11/2025,257.0,257.0,249.0,249.97,-1.24,83338.0,302.9,235.0
NBL,6/12/2025,251.0,251.8,247.0,247.69,-0.91,121500.0,302.9,235.0
NBL,6/15/2025,252.6,258.0,251.0,251.25,1.44,71050.0,302.9,235.0
NBL,6/16/2025,253.0,254.5,248.1,253.88,1.05,82514.0,302.9,235.0
NBL,6/17/2025,251.0,258.9,251.0,256.5,1.03,86380.0,302.9,235.0
NBL,6/18/2025,253.0,259.8,253.0,254.2,-0.9,52122.0,302.9,235.0
NBL,6/19/2025,258.0,258.0,252.0,252.46,-0.68,61113.0,302.9,235.0
NBL,6/22/2025,253.0,254.0,250.0,250.21,-0.89,61740.0,302.9,235.0
NBL,6/23/2025,248.2,251.9,243.5,249.77,-0.18,77761.0,302.9,235.0
NBL,6/24/2025,250.0,254.0,250.0,250.84,0.43,56057.0,302.9,235.0
NBL,6/25/2025,253.8,253.8,250.0,251.79,0.38,50371.0,302.9,235.0
NBL,6/26/2025,251.0,253.0,249.0,251.24,-0.22,36629.0,302.9,235.0
NBL,6/29/2025,254.0,254.5,249.3,253.68,0.97,53614.0,302.9,235.0
NBL,6/30/2025,253.0,256.0,252.0,254.01,0.13,49558.0,302.9,235.0
NBL,7/1/2025,254.0,260.0,251.5,259.18,2.04,136286.0,302.9,235.0
NBL,7/2/2025,264.0,264.0,256.0,263.47,1.66,143208.0,302.9,235.0
NBL,7/3/2025,265.0,265.0,260.2,264.19,0.27,105995.0,302.9,235.0
NBL,7/6/2025,263.0,265.9,261.0,263.61,-0.22,98430.0,302.9,235.0
NBL,7/7/2025,268.8,268.8,261.1,262.6,-0.38,93279.0,302.9,235.0
NBL,7/8/2025,265.0,265.0,258.0,260.8,-0.69,132874.0,302.9,235.0
NBL,7/9/2025,258.1,266.0,258.1,264.49,1.41,173834.0,302.9,235.0
NBL,7/10/2025,268.0,279.0,267.1,270.62,2.32,419163.0,302.9,235.0
NBL,7/13/2025,276.0,288.5,276.0,286.01,5.69,482585.0,302.9,235.0
NBL,7/14/2025,290.0,290.0,278.0,279.02,-2.44,308795.0,302.9,235.0
NBL,7/15/2025,282.0,283.9,278.5,281.82,1.0,236540.0,302.9,235.0
NBL,7/16/2025,285.0,294.1,285.0,291.44,3.41,563881.0,302.9,235.0
NBL,7/17/2025,297.2,302.0,295.0,299.67,2.82,695151.0,302.9,235.0
NBL,7/20/2025,305.6,305.9,296.0,297.48,-0.73,542284.0,302.9,235.0
NBL,7/21/2025,303.4,303.4,294.4,297.57,0.03,263231.0,302.9,235.0
NBL,7/22/2025,300.0,305.0,298.1,304.64,2.38,465110.0,302.9,235.0
NBL,7/23/2025,298.6,308.7,298.6,307.98,1.1,500647.0,302.9,235.0
NBL,7/24/2025,309.0,312.0,305.1,306.87,-0.36,311637.0,302.9,235.0
NBL,7/27/2025,307.0,313.0,301.0,301.81,-1.65,356925.0,302.9,235.0
NBL,7/28/2025,302.0,305.0,294.1,298.59,-1.07,328841.0,302.9,235.0
NBL,7/29/2025,299.0,305.0,299.0,300.97,0.8,238261.0,302.9,235.0
NBL,7/30/2025,306.0,306.0,296.0,297.35,-1.2,203460.0,302.9,235.0
NBL,7/31/2025,301.9,302.0,293.0,293.73,-1.22,176466.0,302.9,235.0
NBL,8/3/2025,294.0,295.0,285.1,285.69,-2.74,211773.0,302.9,235.0
NBL,8/4/2025,289.1,294.0,284.5,290.45,1.67,175445.0,302.9,235.0
NBL,8/5/2025,293.7,296.9,287.6,288.66,-0.62,130957.0,302.9,235.0
NBL,8/6/2025,290.0,290.0,285.0,286.4,-0.78,78848.0,302.9,235.0
NBL,8/7/2025,291.9,292.0,284.5,291.08,1.63,69186.0,302.9,235.0
NBL,8/11/2025,295.0,297.0,285.0,286.36,-1.62,170746.0,302.9,235.0
NBL,8/12/2025,286.36,292.0,282.1,283.06,-1.15,81177.0,302.9,235.0
NBL,8/13/2025,282.1,287.0,282.1,282.92,-0.05,51029.0,302.9,235.0
NBL,8/14/2025,282.0,282.0,265.1,266.21,-5.91,604541.0,302.9,235.0
NBL,8/17/2025,265.0,265.0,254.0,256.1,-3.8,303542.0,302.9,235.0
NBL,8/18/2025,255.0,258.0,254.0,255.17,-0.36,121852.0,302.9,235.0
NBL,8/19/2025,259.0,263.0,256.0,257.68,0.98,73873.0,302.9,235.0
NBL,8/20/2025,261.9,261.9,255.0,256.2,-0.57,50722.0,302.9,235.0
NBL,8/21/2025,255.1,257.8,254.7,255.6,-0.23,78750.0,302.9,235.0
NBL,8/24/2025,257.0,259.0,254.0,254.41,-0.47,63502.0,302.9,235.0
NBL,8/25/2025,254.0,257.4,251.0,253.97,-0.17,79112.0,302.9,235.0
NBL,8/26/2025,252.1,256.9,249.9,251.55,-0.95,121734.0,302.9,235.0
NBL,8/27/2025,256.5,256.5,250.7,255.1,1.41,65291.0,302.9,235.0
NBL,8/28/2025,257.7,257.7,252.0,253.1,-0.78,76661.0,302.9,235.0
NBL,8/31/2025,255.0,255.0,250.0,250.33,-1.09,68942.0,302.9,235.0
NBL,9/1/2025,255.3,255.3,249.5,251.65,0.53,57926.0,302.9,235.0
NBL,9/2/2025,256.6,256.6,250.0,250.64,-0.4,63455.0,302.9,235.0
NBL,9/3/2025,245.7,252.0,245.7,249.66,-0.39,52153.0,302.9,235.0
NBL,9/4/2025,253.8,253.8,248.0,249.39,-0.11,51030.0,302.9,235.0
NBL,9/7/2025,247.2,251.0,247.2,248.75,-0.26,51355.0,302.9,235.0
NBL,9/8/2025,250.0,250.0,245.0,246.21,-1.02,97229.0,302.9,235.0
NBL,9/18/2025,242.0,244.0,225.5,230.0,-6.58,10094.0,302.9,235.0
NBL,9/21/2025,225.4,251.3,225.4,249.03,8.27,125787.0,302.9,235.0
NBL,9/23/2025,254.0,254.0,249.0,250.0,0.39,69210.0,302.9,235.0
NBL,9/24/2025,254.0,254.0,245.0,249.0,-0.4,40871.0,302.9,235.0
NBL,9/25/2025,250.0,251.0,248.0,250.0,0.4,56399.0,302.9,235.0
NBL,9/28/2025,255.0,255.0,250.0,251.9,0.76,23772.0,302.9,235.0
NBL,10/7/2025,252.0,254.5,248.0,249.5,-0.95,76247.0,302.9,235.0
NBL,10/8/2025,246.0,249.0,243.0,249.0,-0.2,51462.0,302.9,235.0
NBL,10/9/2025,253.9,261.8,248.0,250.0,0.4,54955.0,302.9,235.0
NBL,10/12/2025,250.0,250.0,243.0,244.0,-2.4,54565.0,302.9,235.0
NBL,10/13/2025,248.8,248.8,239.4,243.5,-0.2,29907.0,302.9,235.0
NBL,10/14/2025,248.0,248.0,240.6,242.0,-0.62,37195.0,302.9,235.0
NBL,10/15/2025,241.5,243.0,240.0,241.0,-0.41,24284.0,302.9,235.0
NBL,10/16/2025,245.7,245.7,240.0,241.0,0.0,27154.0,302.9,235.0
NBL,10/19/2025,240.1,246.0,240.1,243.6,1.08,27420.0,302.9,235.0
NBL,10/26/2025,248.0,248.0,238.8,243.4,-0.08,29709.0,302.9,235.0
NBL,10/28/2025,243.5,249.8,243.5,248.0,1.89,35545.0,302.9,235.0
NBL,10/29/2025,252.9,252.9,248.7,248.9,0.36,39633.0,302.9,235.0
NBL,10/30/2025,253.5,253.5,246.0,251.0,0.84,27297.0,302.9,235.0
NBL,11/2/2025,253.0,256.0,251.0,252.0,0.4,61730.0,302.9,235.0
NBL,11/3/2025,257.0,257.0,249.0,253.0,0.4,45400.0,302.9,235.0
NBL,11/4/2025,250.0,253.0,249.0,249.9,-1.23,35576.0,302.9,235.0
NBL,11/5/2025,248.0,250.0,246.1,249.0,-0.36,54569.0,302.9,235.0
NBL,11/6/2025,253.8,253.8,246.1,248.4,-0.24,33255.0,302.9,235.0
NBL,11/9/2025,248.0,248.0,242.0,244.0,-1.77,70096.0,302.9,235.0
NBL,11/10/2025,239.8,246.8,239.8,241.0,-1.23,49289.0,302.9,235.0
NBL,11/11/2025,240.9,244.0,239.1,240.9,-0.04,50758.0,302.9,235.0
NBL,11/12/2025,243.9,243.9,236.3,238.0,-1.2,108356.0,302.9,235.0
NBL,11/13/2025,240.0,240.0,235.6,238.9,0.38,33024.0,302.9,235.0
NBL,11/16/2025,242.9,242.9,237.6,238.5,-0.17,25095.0,302.9,235.0
NBL,11/17/2025,235.2,240.0,235.2,236.1,-1.01,33513.0,302.9,235.0
NBL,11/18/2025,240.8,240.9,236.0,238.0,0.8,40600.0,302.9,235.0
NBL,11/19/2025,240.0,240.0,236.1,237.0,-0.42,25934.0,302.9,235.0
NBL,11/20/2025,235.1,237.0,235.1,235.6,-0.59,24693.0,302.9,235.0
NBL,11/23/2025,240.0,243.0,238.0,240.0,1.87,29210.0,302.9,235.0
NBL,11/24/2025,240.0,245.0,238.9,245.0,2.08,85331.0,302.9,235.0
NBL,11/25/2025,249.9,249.9,242.2,245.0,0.0,31719.0,302.9,235.0
NBL,11/26/2025,247.8,249.0,243.0,245.9,0.37,35427.0,302.9,235.0
NBL,11/27/2025,246.0,249.5,244.1,248.1,0.89,52080.0,302.9,235.0
NBL,11/30/2025,248.0,250.0,243.5,247.5,-0.24,46518.0,302.9,235.0
NBL,12/1/2025,250.0,250.0,242.1,245.0,-1.01,16670.0,302.9,235.0
NBL,12/2/2025,242.0,248.5,242.0,243.0,-0.82,22108.0,302.9,235.0
NBL,12/3/2025,246.9,246.9,240.2,240.3,-1.11,37450.0,302.9,235.0
NBL,12/7/2025,240.3,242.0,238.0,242.0,0.71,24549.0,302.9,235.0
NBL,12/8/2025,246.8,246.8,240.1,241.8,-0.08,46014.0,302.9,235.0
NBL,12/9/2025,240.0,243.0,238.1,240.0,-0.74,66171.0,302.9,235.0
NBL,12/10/2025,244.0,244.0,239.3,240.0,0.0,35180.0,302.9,235.0
NBL,12/11/2025,239.0,241.0,238.5,240.0,0.0,60461.0,302.9,235.0
NBL,12/14/2025,244.0,244.0,235.1,241.0,0.42,133976.0,302.9,235.0
NBL,12/15/2025,240.0,241.9,237.4,241.9,0.37,35714.0,302.9,235.0
NBL,12/16/2025,238.2,241.0,238.0,241.0,-0.37,14885.0,302.9,235.0
NBL,12/17/2025,241.0,241.0,237.3,240.0,-0.41,45009.0,302.9,235.0
NBL,12/18/2025,240.0,241.0,238.2,239.5,-0.21,23479.0,302.9,235.0
NBL,12/21/2025,238.0,239.0,236.2,239.0,-0.21,54753.0,302.9,235.0
NBL,12/22/2025,238.9,241.0,236.2,238.0,-0.42,23096.0,302.9,235.0
NBL,12/23/2025,242.7,242.7,235.0,236.2,-0.76,29635.0,302.9,235.0
NBL,12/24/2025,236.1,238.0,235.1,237.0,0.34,32280.0,302.9,235.0
NBL,12/28/2025,241.0,241.0,237.0,240.9,1.65,53885.0,302.9,235.0
NBL,12/29/2025,241.0,244.0,238.5,239.9,-0.42,35683.0,302.9,235.0
NBL,12/31/2025,244.0,244.0,237.0,238.9,-0.42,34356.0,302.9,235.0
NBL,1/1/2026,238.0,241.6,237.0,238.0,-0.38,72740.0,302.9,235.0
NBL,1/4/2026,238.0,240.0,236.0,238.0,0.0,50999.0,302.9,235.0
NBL,1/5/2026,236.0,239.9,235.7,239.4,0.59,45014.0,302.9,235.0
NBL,1/6/2026,239.9,241.2,239.0,240.6,0.5,64710.0,302.9,235.0
NBL,1/7/2026,238.3,242.8,238.3,239.6,-0.42,46008.0,302.9,235.0
NBL,1/8/2026,240.2,241.0,239.1,241.0,0.58,35293.0,302.9,235.0
NBL,1/12/2026,241.7,242.9,241.0,242.3,0.54,52644.0,302.9,235.0
NBL,1/13/2026,240.6,242.1,239.5,241.0,-0.54,33165.0,302.9,235.0
NBL,1/14/2026,241.5,241.7,238.2,241.0,0.0,34952.0,302.9,235.0
NBL,1/18/2026,240.9,245.6,239.0,244.0,1.24,105664.0,302.9,235.0
NBL,1/20/2026,245.0,248.9,243.4,247.3,1.35,122022.0,302.9,235.0
NBL,1/21/2026,252.2,252.2,245.2,249.0,0.69,81152.0,302.9,235.0
NBL,1/22/2026,250.0,250.0,245.1,246.9,-0.84,48404.0,302.9,235.0
NBL,1/25/2026,246.0,253.8,246.0,251.9,2.03,94796.0,302.9,235.0
NBL,1/26/2026,246.9,255.0,246.9,252.5,0.24,77835.0,302.9,235.0
NBL,1/27/2026,252.5,255.0,244.2,247.8,-1.86,70598.0,302.9,235.0
NBL,1/28/2026,247.8,250.0,243.0,246.8,-0.4,77834.0,302.9,235.0
NBL,1/29/2026,241.9,250.8,241.9,245.5,-0.53,102913.0,302.9,235.0
NBL,2/1/2026,240.6,247.5,240.6,246.0,0.2,53349.0,302.9,235.0
NBL,2/2/2026,241.1,249.8,241.1,246.0,0.0,26541.0,302.9,235.0
NBL,2/3/2026,241.1,248.0,241.1,243.8,-0.89,70856.0,302.9,235.0
NBL,2/4/2026,239.0,246.8,239.0,241.0,-1.15,41587.0,302.9,235.0
NBL,2/5/2026,242.0,243.5,240.0,243.0,0.83,54000.0,302.9,235.0
NBL,2/8/2026,243.0,247.0,243.0,244.8,0.74,51241.0,302.9,235.0
NBL,2/9/2026,249.0,249.0,240.2,242.0,-1.14,56266.0,302.9,235.0
NBL,2/10/2026,242.0,243.5,240.3,243.5,0.62,46718.0,302.9,235.0
NBL,2/11/2026,244.9,246.0,242.0,243.0,-0.21,29200.0,302.9,235.0
NBL,2/12/2026,244.0,244.6,241.9,243.9,0.37,60629.0,302.9,235.0
NBL,2/16/2026,247.0,247.0,241.0,243.5,-0.16,55546.0,302.9,235.0
NBL,2/17/2026,240.5,244.2,239.0,240.7,-1.15,83367.0,302.9,235.0
NBL,2/22/2026,237.0,243.8,237.0,241.0,0.12,52722.0,302.9,235.0
NBL,2/23/2026,238.0,243.0,238.0,241.8,0.33,44369.0,302.9,235.0
NBL,2/24/2026,242.0,245.0,239.2,240.4,-0.58,34772.0,302.9,235.0
NBL,2/25/2026,243.1,243.1,240.5,240.7,0.12,22150.0,302.9,235.0
NBL,2/26/2026,245.5,245.5,240.6,241.6,0.37,67197.0,302.9,235.0
NBL,2/27/2026,245.5,245.5,240.6,241.6,0.0,67197.0,302.9,235.0
NBL,2/28/2026,245.5,245.5,240.6,241.6,0.0,67197.0,302.9,235.0
NBL,3/2/2026,246.4,246.4,240.0,244.0,0.99,85338.0,302.9,235.0
NBL,3/3/2026,248.8,251.9,244.0,251.0,2.87,111846.0,302.9,235.0
NBL,3/4/2026,248.8,251.9,244.0,251.0,0.0,111846.0,302.9,235.0
NBL,3/5/2026,248.8,251.9,244.0,251.0,0.0,111846.0,302.9,235.0
NBL,3/6/2026,248.8,251.9,244.0,251.0,0.0,111846.0,302.9,235.0
NBL,3/7/2026,248.8,251.9,244.0,251.0,0.0,111846.0,302.9,235.0
NBL,3/8/2026,248.8,251.9,244.0,251.0,0.0,111846.0,302.9,235.0
NBL,3/9/2026,256.0,276.1,256.0,276.0,9.96,11113.0,302.9,235.0
NBL,3/10/2026,281.0,281.0,266.2,271.0,-1.81,377088.0,302.9,235.0
NBL,3/11/2026,276.0,276.0,260.2,260.5,-3.87,157597.0,302.9,235.0
NBL,3/12/2026,261.0,267.9,259.0,266.0,2.11,103064.0,302.9,235.0
NBL,3/13/2026,261.0,267.9,259.0,266.0,0.0,103064.0,302.9,235.0
NBL,3/14/2026,261.0,267.9,259.0,266.0,0.0,103064.0,302.9,235.0
NBL,3/15/2026,268.0,270.0,262.5,264.0,-0.75,141845.0,302.9,235.0
NBL,3/16/2026,264.0,266.0,260.0,261.9,-0.8,92428.0,302.9,235.0
NBL,3/17/2026,265.0,265.0,259.0,263.9,0.76,70518.0,302.9,235.0
NBL,3/18/2026,265.0,265.0,259.0,263.9,0.0,70518.0,302.9,235.0
NBL,3/19/2026,259.0,275.2,259.0,274.7,4.09,299889.0,302.9,235.0
NBL,3/20/2026,259.0,275.2,259.0,274.7,0.0,299889.0,302.9,235.0
NBL,3/21/2026,259.0,275.2,259.0,274.7,0.0,299889.0,302.9,235.0
NBL,3/22/2026,280.0,285.0,278.0,282.6,2.88,366175.0,302.9,235.0
NBL,3/23/2026,285.0,286.0,277.1,282.0,-0.21,165204.0,302.9,235.0
NBL,3/24/2026,284.9,285.0,278.0,283.9,0.67,272588.0,302.9,235.0
NBL,3/25/2026,283.9,284.0,277.0,278.9,-1.76,215500.0,302.9,235.0
NBL,3/26/2026,278.0,302.9,273.4,288.0,3.6,795104.0,302.9,235.0
NBL,3/29/2026,288.0,288.0,279.2,281.0,-2.43,331188.0,302.9,235.0
NBL,3/30/2026,277.9,282.5,270.0,279.0,0.4,344021.0,302.9,235.0
NBL,3/31/2026,273.5,280.9,270.1,278.4,1.79,234029.0,302.9,235.0
NBL,4/1/2026,280.0,280.0,267.7,269.0,-3.93,219719.0,302.9,235.0
NBL,4/2/2026,265.0,270.0,263.2,269.7,1.77,189444.0,302.9,235.0
NBL,4/5/2026,275.0,275.0,254.0,257.0,-6.55,210212.0,302.9,235.0
NBL,4/6/2026,257.0,280.9,254.0,270.8,5.37,279703.0,302.9,235.0
NBL,4/7/2026,270.0,276.4,266.4,270.6,0.22,236601.0,302.9,235.0
NBL,4/8/2026,270.0,292.7,269.5,280.0,3.7,540047.0,302.9,235.0
NBL,4/9/2026,280.0,285.0,277.1,284.0,1.43,437211.0,302.9,235.0
NBL,4/10/2026,289.0,289.0,279.2,279.4,-3.32,287344.0,302.9,235.0
NBL,4/13/2026,279.4,282.4,277.5,278.0,-0.5,96704.0,302.9,235.0
NBL,4/15/2026,282.0,285.0,280.0,285.0,1.06,330079.0,302.9,235.0
NBL,4/16/2026,285.0,285.0,278.7,280.4,-1.61,140362.0,302.9,235.0
NBL,4/17/2026,280.0,281.0,276.5,279.7,-0.11,62065.0,302.9,235.0
NBL,4/20/2026,271.4,279.0,271.4,274.0,0.96,58512.0,302.9,235.0
NBL,4/21/2026,278.9,280.0,270.1,270.1,-3.16,75031.0,302.9,235.0
NBL,4/22/2026,273.0,274.1,265.0,270.0,-1.1,108926.0,302.9,235.0
NBL,4/23/2026,275.0,275.0,268.3,270.0,-1.82,40349.0,302.9,235.0
NBL,4/24/2026,270.0,274.0,266.6,274.0,1.48,66386.0,302.9,235.0
NBL,4/27/2026,274.0,279.0,272.0,276.2,0.8,121261.0,302.9,235.0
NBL,4/28/2026,276.2,278.8,269.6,272.0,-1.52,55252.0,302.9,235.0
NBL,4/29/2026,272.0,276.0,266.0,267.7,-1.58,57242.0,302.9,235.0
NBL,4/30/2026,268.0,268.9,265.0,268.0,0.0,44316.0,302.9,235.0
NBL,5/4/2026,268.0,269.9,256.6,261.0,-2.61,99589.0,302.9,235.0
NBL,5/5/2026,262.7,264.0,258.2,263.6,0.34,90291.0,302.9,235.0
NBL,5/6/2026,250.5,273.0,250.5,261.5,4.39,69913.0,302.9,235.0
NBL,5/7/2026,262.0,263.8,259.0,260.1,-0.73,101701.0,302.9,235.0
NBL,5/8/2026,263.5,265.7,260.4,264.9,0.53,65881.0,302.9,235.0
NBL,5/11/2026,266.0,269.5,265.2,269.5,1.32,62909.0,302.9,235.0
NBL,5/12/2026,269.8,272.9,264.2,265.0,-1.78,48944.0,302.9,235.0
NBL,5/13/2026,265.0,266.0,262.0,266.0,0.38,40584.0,302.9,235.0
NBL,5/14/2026,260.0,267.0,260.0,264.0,1.54,41859.0,302.9,235.0
NBL,5/15/2026,250.8,278.0,250.8,266.8,6.38,17584.0,302.9,235.0
NBL,5/18/2026,253.5,268.9,253.5,265.1,4.58,63987.0,302.9,235.0
NBL,5/19/2026,266.0,268.6,264.2,266.0,0.0,26035.0,302.9,235.0
NBL,5/20/2026,269.8,269.8,264.6,269.0,-0.3,63259.0,302.9,235.0
NBL,5/21/2026,255.6,271.0,255.6,267.8,4.77,37898.0,302.9,235.0
NBL,5/22/2026,267.1,268.0,264.3,265.3,-0.67,74947.0,302.9,235.0
NBL,5/25/2026,252.1,276.0,252.1,273.8,8.61,145742.0,302.9,235.0
NBL,5/26/2026,273.8,274.0,270.0,271.0,-1.02,65939.0,302.9,235.0
NBL,5/27/2026,257.5,274.8,257.5,273.7,6.29,59175.0,302.9,235.0
NBL,6/1/2026,260.1,281.1,260.1,268.0,3.04,63826.0,302.9,235.0
NBL,6/2/2026,273.0,273.0,267.0,270.9,-0.77,45177.0,302.9,235.0
NBL,6/3/2026,270.0,272.0,268.4,270.0,0.0,123346.0,302.9,235.0
NBL,6/4/2026,271.0,273.4,269.5,269.8,-0.44,73653.0,302.9,235.0
NBL,6/5/2026,270.0,272.5,267.3,268.0,-0.74,103366.0,302.9,235.0
NBL,6/8/2026,268.0,269.0,265.2,268.0,0.0,36264.0,302.9,235.0
NBL,6/9/2026,268.9,268.9,265.0,267.5,-0.52,39209.0,302.9,235.0
NBL,6/10/2026,254.2,269.0,254.2,267.0,5.04,31800.0,302.9,235.0
NBL,6/11/2026,269.0,273.0,265.3,268.0,-0.37,57135.0,302.9,235.0
NBL,6/12/2026,269.0,273.9,265.1,269.2,0.07,37475.0,302.9,235.0
NBL,6/15/2026,269.0,270.9,265.1,270.0,0.37,79847.0,302.9,235.0
NBL,6/16/2026,270.0,270.0,266.3,269.9,-0.04,26472.0,302.9,235.0
NBL,6/17/2026,256.5,276.9,256.5,267.0,4.09,76859.0,302.9,235.0
NBL,6/18/2026,254.0,271.5,254.0,265.7,4.61,29487.0,302.9,235.0
NBL,6/19/2026,265.7,268.0,263.3,265.3,-0.15,37753.0,302.9,235.0
NBL,6/22/2026,266.0,269.0,265.3,266.3,0.11,101867.0,302.9,235.0
NBL,6/23/2026,265.0,266.0,263.0,265.0,0.0,67555.0,302.9,235.0
NBL,6/24/2026,265.0,265.0,262.0,263.5,-0.57,44282.0,302.9,235.0
NBL,6/26/2026,267.7,267.7,261.6,263.0,-1.76,15814.0,302.9,235.0
NBL,6/29/2026,263.0,264.3,261.5,262.5,-0.19,25405.0,302.9,235.0
NBL,6/30/2026,265.0,265.0,260.3,262.2,-1.06,38827.0,302.9,235.0
NBL,7/1/2026,260.1,267.9,260.1,265.0,1.88,25349.0,302.9,235.0
NBL,7/2/2026,265.0,270.0,261.6,270.0,1.89,59762.0,302.9,235.0
NBL,7/3/2026,267.1,270.0,266.6,267.7,0.22,16153.0,302.9,235.0
NBL,7/6/2026,270.0,273.0,265.0,265.5,-1.67,29755.0,302.9,235.0
NBL,7/7/2026,265.0,269.9,264.2,269.9,1.85,40931.0,302.9,235.0
NBL,7/8/2026,257.0,269.9,257.0,265.0,3.11,39787.0,302.9,235.0
NBL,7/9/2026,266.0,268.0,263.6,264.0,-0.75,31375.0,302.9,235.0
NBL,7/10/2026,251.0,266.5,251.0,264.5,5.38,32108.0,302.9,235.0
NBL,7/13/2026,266.9,266.9,260.0,261.0,-2.21,40020.0,302.9,235.0
NBL,7/14/2026,267.9,267.9,256.0,260.0,-2.95,91968.0,302.9,235.0
NBL,7/15/2026,265.0,265.0,258.5,259.9,-1.92,31214.0,302.9,235.0
NBL,7/16/2026,264.0,265.0,260.1,261.6,-0.91,38995.0,302.9,235.0
NBL,7/17/2026,265.3,270.0,264.0,266.6,0.49,42394.0,302.9,235.0
NBL,7/20/2026,253.3,272.0,253.3,269.0,6.2,30541.0,302.9,235.0
NBL,7/21/2026,272.0,272.0,265.0,269.0,-1.1,27376.0,302.9,235.0
NBL,7/22/2026,269.0,269.5,265.1,268.9,-0.04,29103.0,302.9,235.0
NBL,7/23/2026,268.9,269.6,265.2,269.0,0.04,28186.0,302.9,235.0
NBL,7/24/2026,271.0,274.0,265.2,272.0,0.37,72549.0,302.9,235.0
NBL,7/27/2026,258.4,275.3,258.4,270.0,4.49,107737.0,302.9,235.0
NBL,7/28/2026,268.2,272.0,268.2,271.9,1.38,154284.0,302.9,235.0
NBL,7/29/2026,274.0,274.0,269.1,272.0,-0.73,46665.0,302.9,235.0
NBL,7/30/2026,259.0,274.0,259.0,270.0,4.25,55675.0,302.9,235.0
NBL,7/31/2026,266.0,272.0,265.6,270.3,1.62,38421.0,302.9,235.0
NBL,8/3/2026,257.0,273.0,257.0,272.0,5.84,97552.0,302.9,235.0
NBL,8/4/2026,270.0,272.0,268.0,268.2,-0.67,30005.0,302.9,235.0
NBL,8/5/2026,269.0,269.0,266.0,268.7,-0.11,31003.0,302.9,235.0
NBL,8/6/2026,255.5,272.0,255.5,269.0,5.28,55321.0,302.9,235.0
NBL,8/7/2026,265.1,270.0,265.0,269.9,1.81,72438.0,302.9,235.0
NBL,8/10/2026,268.0,268.9,263.0,266.0,-0.75,35349.0,302.9,235.0
NBL,8/11/2026,266.0,267.5,264.7,265.9,-0.04,38561.0,302.9,235.0
NBL,8/12/2026,264.0,269.8,264.0,267.0,1.14,40763.0,302.9,235.0
NBL,8/13/2026,269.0,270.3,264.2,268.7,-0.11,48880.0,302.9,235.0
NBL,8/14/2026,271.0,271.0,263.0,269.8,-0.44,78599.0,302.9,235.0
NBL,8/17/2026,283.2,283.2,271.0,276.4,-2.4,400533.0,302.9,235.0
NBL,8/18/2026,276.0,278.5,274.3,274.6,-0.51,149166.0,302.9,235.0
NBL,8/19/2026,275.0,276.8,272.0,275.0,0.0,163307.0,302.9,235.0
NBL,8/20/2026,275.0,277.3,273.0,277.0,0.73,207413.0,302.9,235.0
NBL,8/21/2026,277.0,278.8,275.0,276.8,-0.07,138444.0,302.9,235.0
NBL,8/24/2026,277.0,277.0,274.4,275.0,-0.72,81835.0,302.9,235.0
NBL,8/25/2026,275.0,277.0,273.2,274.8,-0.07,57995.0,302.9,235.0
NBL,8/26/2026,275.0,276.7,271.3,271.7,-1.2,87211.0,302.9,235.0
NBL,8/27/2026,271.0,274.8,270.0,272.3,0.48,85643.0,302.9,235.0
NBL,8/31/2026,272.0,272.1,270.0,270.0,-0.74,52568.0,302.9,235.0
NBL,9/1/2026,271.0,271.9,270.0,271.0,0.0,55196.0,302.9,235.0
NBL,9/2/2026,272.0,274.1,270.2,274.1,0.77,53211.0,302.9,235.0
NBL,9/3/2026,275.1,276.8,272.4,275.9,0.29,90624.0,302.9,235.0
NBL,9/7/2026,276.0,279.0,275.0,279.0,1.09,133042.0,302.9,235.0
NBL,9/9/2026,279.9,280.9,277.0,277.1,-1.0,99062.0,302.9,235.0
NBL,9/10/2026,278.0,278.5,275.0,276.0,-0.72,97537.0,302.9,235.0
NBL,9/11/2026,276.0,280.0,275.0,278.0,0.72,118261.0,302.9,235.0
NBL,9/14/2026,278.0,282.8,278.0,282.5,1.62,112412.0,302.9,235.0
NBL,9/15/2026,296.0,296.0,284.1,288.0,-2.7,275179.0,302.9,235.0
NBL,9/16/2026,288.1,289.0,283.0,284.7,-1.18,179797.0,302.9,235.0
NBL,9/17/2026,287.0,290.0,285.5,288.5,0.52,198024.0,302.9,235.0
NBL,9/18/2026,302.9,302.9,282.0,296.5,-2.11,469074.0,302.9,235.0
NBL,9/22/2026,297.0,300.4,295.0,297.0,0.0,352689.0,302.9,235.0
NBL,9/23/2026,297.0,299.9,291.1,291.5,-1.85,194829.0,302.9,235.0
NBL,9/24/2026,291.0,294.2,287.5,292.0,0.34,315961.0,302.9,235.0
NBL,9/28/2026,290.0,297.0,290.0,294.0,1.38,324129.0,302.9,235.0
NBL,9/29/2026,293.0,294.79,291.5,0.0,-100.0,73852.0,302.9,235.0
NBL,9/30/2026,295.0,295.0,291.6,294.7,-0.1,157573.0,302.9,235.0
NBL,10/1/2026,293.0,295.0,291.0,293.0,0.0,109554.0,302.9,235.0
NBL,10/2/2026,293.0,294.0,290.2,291.8,-0.41,124710.0,302.9,235.0
NBLD82,12/24/2025,1113.8,1113.8,1113.8,1134.5,,26.0,1140.0,1018.0
NBLD82,12/29/2025,1140.0,1140.0,1140.0,1140.0,0.48,25.0,1140.0,1018.0
NBLD82,12/31/2025,1140.0,1140.0,1140.0,1140.0,0.0,110.0,1140.0,1018.0
NBLD82,2/12/2026,1117.19,1117.19,1117.19,1117.19,-2.0,100.0,1140.0,1018.0
NBLD82,2/26/2026,1117.19,1117.19,1077.0,1077.0,-3.6,13.0,1140.0,1018.0
NBLD82,2/27/2026,1117.19,1117.19,1077.0,1077.0,0.0,13.0,1140.0,1018.0
NBLD82,2/28/2026,1117.19,1117.19,1077.0,1077.0,0.0,13.0,1140.0,1018.0
NBLD82,3/2/2026,1062.0,1062.0,1062.0,1062.0,-1.39,1000.0,1140.0,1018.0
NBLD82,3/3/2026,1054.0,1055.1,1054.0,1055.1,-0.65,41.0,1140.0,1018.0
NBLD82,3/4/2026,1054.0,1055.1,1054.0,1055.1,0.0,41.0,1140.0,1018.0
NBLD82,3/5/2026,1054.0,1055.1,1054.0,1055.1,0.0,41.0,1140.0,1018.0
NBLD82,3/6/2026,1054.0,1055.1,1054.0,1055.1,0.0,41.0,1140.0,1018.0
NBLD82,3/7/2026,1054.0,1055.1,1054.0,1055.1,0.0,41.0,1140.0,1018.0
NBLD82,3/8/2026,1054.0,1055.1,1054.0,1055.1,0.0,41.0,1140.0,1018.0
NBLD82,3/10/2026,1056.0,1056.0,1056.0,1056.0,0.09,100.0,1140.0,1018.0
NBLD82,3/16/2026,1054.0,1054.0,1054.0,1047.0,-0.85,105.0,1140.0,1018.0
NBLD82,3/19/2026,1060.0,1060.0,1060.0,1060.0,1.24,50.0,1140.0,1018.0
NBLD82,3/20/2026,1060.0,1060.0,1060.0,1060.0,0.0,50.0,1140.0,1018.0
NBLD82,3/21/2026,1060.0,1060.0,1060.0,1060.0,0.0,50.0,1140.0,1018.0
NBLD82,3/22/2026,1080.0,1080.0,1080.0,1080.0,1.89,507.0,1140.0,1018.0
NBLD82,4/8/2026,1100.0,1101.4,1100.0,1101.3,0.12,135.0,1140.0,1018.0
NBLD82,4/22/2026,1068.3,1068.3,1068.3,1068.3,0.0,225.0,1140.0,1018.0
NBLD82,5/6/2026,1056.1,1056.1,1056.0,1056.0,-0.01,50.0,1140.0,1018.0
NBLD82,5/22/2026,1056.5,1059.0,1056.5,1059.0,0.24,65.0,1140.0,1018.0
NBLD82,6/1/2026,1060.0,1065.0,1060.0,1065.0,0.47,300.0,1140.0,1018.0
NBLD82,6/2/2026,1060.0,1060.1,1059.9,1060.1,0.01,127.0,1140.0,1018.0
NBLD82,6/9/2026,1080.0,1080.0,1080.0,1080.0,0.0,10.0,1140.0,1018.0
NBLD82,6/10/2026,1080.0,1080.0,1054.1,1054.1,-2.4,160.0,1140.0,1018.0
NBLD82,6/15/2026,1053.1,1053.1,1053.1,1053.1,0.0,50.0,1140.0,1018.0
NBLD82,6/16/2026,1056.0,1056.0,1056.0,1056.0,0.0,30154.0,1140.0,1018.0
NBLD82,6/18/2026,1060.0,1080.0,1060.0,1080.0,1.89,30304.0,1140.0,1018.0
NBLD82,6/19/2026,1080.0,1080.0,1080.0,1080.0,0.0,50.0,1140.0,1018.0
NBLD82,6/29/2026,1070.0,1070.0,1070.0,1070.0,0.0,25.0,1140.0,1018.0
NBLD82,7/1/2026,1060.0,1060.0,1060.0,1060.0,0.0,200.0,1140.0,1018.0
NBLD82,7/3/2026,1066.0,1066.0,1060.0,1060.0,-0.56,15000.0,1140.0,1018.0
NBLD82,7/6/2026,1056.4,1056.4,1056.3,1056.3,-0.01,50.0,1140.0,1018.0
NBLD82,7/7/2026,1056.3,1094.0,1056.3,1094.0,3.57,14905.0,1140.0,1018.0
NBLD82,7/14/2026,1089.9,1095.0,1089.9,1095.0,0.47,20205.0,1140.0,1018.0
NBLD82,7/16/2026,1086.0,1086.0,1086.0,1086.0,0.0,10000.0,1140.0,1018.0
NBLD82,8/5/2026,1055.0,1055.0,1055.0,1024.0,-2.94,25.0,1140.0,1018.0
NBLD82,8/6/2026,1023.5,1023.5,1023.1,1023.1,-0.04,50.0,1140.0,1018.0
NBLD82,8/18/2026,1021.2,1021.2,1020.5,1020.5,-0.07,50.0,1140.0,1018.0
NBLD82,8/20/2026,1051.1,1051.1,1051.1,1051.1,0.0,100.0,1140.0,1018.0
NBLD82,9/2/2026,1021.1,1021.1,1018.0,1018.5,-0.25,200.0,1140.0,1018.0
NBLD82,9/15/2026,1023.9,1023.9,1023.9,1054.6,3.0,51.0,1140.0,1018.0
NBLD82,9/29/2026,1023.4,1023.4,1023.4,0.0,-100.0,50.0,1140.0,1018.0
NBLD85,4/5/2026,1163.7,1163.7,1075.0,1075.0,-7.62,125.0,1187.0,1020.0
NBLD85,4/7/2026,1054.0,1054.0,1050.0,1050.3,-0.35,50.0,1187.0,1020.0
NBLD85,4/8/2026,1051.3,1051.3,1051.2,1051.2,-0.01,75.0,1187.0,1020.0
NBLD85,4/9/2026,1050.1,1053.0,1050.1,1053.0,0.28,75.0,1187.0,1020.0
NBLD85,4/13/2026,1055.1,1055.1,1055.1,1055.1,0.0,25.0,1187.0,1020.0
NBLD85,4/15/2026,1055.0,1076.2,1055.0,1076.2,2.01,74.0,1187.0,1020.0
NBLD85,4/16/2026,1055.9,1055.9,1055.9,1055.9,0.0,25.0,1187.0,1020.0
NBLD85,4/17/2026,1077.0,1077.0,1077.0,1077.0,0.0,25.0,1187.0,1020.0
NBLD85,4/22/2026,1050.6,1053.0,1050.6,1053.0,0.23,55.0,1187.0,1020.0
NBLD85,4/23/2026,1053.0,1055.5,1053.0,1055.5,0.24,26.0,1187.0,1020.0
NBLD85,4/27/2026,1055.5,1053.3,1053.3,1053.3,-0.21,10.0,1187.0,1020.0
NBLD85,4/29/2026,1053.3,1061.0,1047.1,1061.0,0.73,75.0,1187.0,1020.0
NBLD85,5/5/2026,1060.0,1060.0,1060.0,1060.0,0.0,10.0,1187.0,1020.0
NBLD85,5/6/2026,1052.0,1052.1,1052.0,1052.0,0.0,130.0,1187.0,1020.0
NBLD85,5/11/2026,1047.9,1047.9,1047.9,1047.9,0.0,25.0,1187.0,1020.0
NBLD85,5/14/2026,1052.2,1052.2,1052.2,1052.2,0.0,25.0,1187.0,1020.0
NBLD85,5/15/2026,1067.0,1070.0,1067.0,1070.0,0.28,58.0,1187.0,1020.0
NBLD85,5/19/2026,1053.0,1053.0,1053.0,1053.0,0.0,25.0,1187.0,1020.0
NBLD85,5/20/2026,1075.7,1084.0,1075.0,1084.0,0.77,265.0,1187.0,1020.0
NBLD85,5/21/2026,1057.1,1057.1,1038.0,1038.0,-1.81,40225.0,1187.0,1020.0
NBLD85,5/22/2026,1052.1,1052.1,1052.1,1052.1,0.0,25.0,1187.0,1020.0
NBLD85,5/25/2026,1079.5,1081.0,1038.0,1105.9,2.45,40905.0,1187.0,1020.0
NBLD85,5/26/2026,1085.0,1085.0,1085.0,1085.0,0.0,40000.0,1187.0,1020.0
NBLD85,5/27/2026,1084.0,1085.0,1084.0,1085.0,0.09,40125.0,1187.0,1020.0
NBLD85,6/1/2026,1085.0,1090.0,1085.0,1090.0,0.46,125.0,1187.0,1020.0
NBLD85,6/2/2026,1060.0,1060.0,1040.0,1040.0,-1.89,18925.0,1187.0,1020.0
NBLD85,6/4/2026,1070.0,1100.0,1070.0,1100.0,2.8,65.0,1187.0,1020.0
NBLD85,6/8/2026,1100.0,1100.0,1100.0,1067.0,-3.0,5.0,1187.0,1020.0
NBLD85,6/9/2026,1067.0,1099.0,1067.0,1080.0,1.22,85.0,1187.0,1020.0
NBLD85,6/12/2026,1080.0,1080.0,1080.0,1080.0,0.0,190.0,1187.0,1020.0
NBLD85,6/15/2026,1070.0,1070.0,1050.0,1050.0,-1.87,25.0,1187.0,1020.0
NBLD85,6/17/2026,1060.0,1065.0,1060.0,1065.0,0.47,75.0,1187.0,1020.0
NBLD85,6/18/2026,1045.9,1053.4,1045.9,1053.4,0.72,60.0,1187.0,1020.0
NBLD85,6/19/2026,1074.6,1074.6,1048.2,1050.0,-2.29,80125.0,1187.0,1020.0
NBLD85,6/26/2026,1074.6,1074.6,1074.6,1074.6,0.0,50000.0,1187.0,1020.0
NBLD85,6/29/2026,1065.0,1065.0,1065.0,1065.0,0.0,30.0,1187.0,1020.0
NBLD85,7/2/2026,1065.0,1112.0,1065.0,1100.0,3.29,134.0,1187.0,1020.0
NBLD85,7/6/2026,1075.0,1087.0,1070.0,1087.0,1.12,105.0,1187.0,1020.0
NBLD85,7/7/2026,1075.0,1086.9,1075.0,1086.9,1.11,4965.0,1187.0,1020.0
NBLD85,7/8/2026,1094.0,1096.0,1094.0,1096.0,0.18,12369.0,1187.0,1020.0
NBLD85,7/13/2026,1099.0,1101.0,1081.0,1081.0,-1.64,35030.0,1187.0,1020.0
NBLD85,7/14/2026,1079.0,1079.0,1079.0,1079.0,0.0,200000.0,1187.0,1020.0
NBLD85,7/15/2026,1050.4,1088.0,1050.4,1088.0,3.58,100050.0,1187.0,1020.0
NBLD85,7/16/2026,1100.0,1100.0,1100.0,1100.0,0.0,20.0,1187.0,1020.0
NBLD85,7/21/2026,1067.0,1080.0,1067.0,1080.0,1.22,29980.0,1187.0,1020.0
NBLD85,7/22/2026,1050.1,1050.1,1050.1,1050.1,0.0,25.0,1187.0,1020.0
NBLD85,7/24/2026,1071.0,1071.0,1040.0,1040.0,-2.89,80.0,1187.0,1020.0
NBLD85,7/27/2026,1070.9,1070.9,1070.9,1070.9,0.0,25.0,1187.0,1020.0
NBLD85,7/28/2026,1046.0,1046.0,1046.0,1046.0,0.0,25.0,1187.0,1020.0
NBLD85,7/29/2026,1035.4,1040.0,1035.4,1040.0,0.44,75.0,1187.0,1020.0
NBLD85,7/30/2026,1040.0,1040.0,1040.0,1045.0,0.48,1.0,1187.0,1020.0
NBLD85,8/10/2026,1020.0,1025.1,1020.0,1025.0,0.49,200.0,1187.0,1020.0
NBLD85,8/14/2026,1021.7,1021.7,1021.7,1021.7,0.0,50.0,1187.0,1020.0
NBLD85,8/18/2026,1051.0,1051.0,1051.0,1051.0,0.0,255.0,1187.0,1020.0
NBLD85,9/1/2026,1025.1,1025.1,1025.1,1025.1,0.0,25.0,1187.0,1020.0
NBLD85,9/10/2026,1040.0,1040.0,1040.0,1040.0,0.0,25.0,1187.0,1020.0
NBLD85,9/11/2026,1070.0,1071.0,1070.0,1070.0,0.0,1019.0,1187.0,1020.0
NBLD85,9/22/2026,1038.0,1038.0,1038.0,1038.0,0.0,25.0,1187.0,1020.0
NBLD85,9/23/2026,1040.0,1040.0,1040.0,1040.0,0.0,25.0,1187.0,1020.0
NBLD85,9/24/2026,1070.0,1071.0,1070.0,1071.0,0.09,550.0,1187.0,1020.0
NBLD85,9/29/2026,1071.0,1071.0,1071.0,0.0,-100.0,50.0,1187.0,1020.0
NBLD85,9/30/2026,1040.0,1040.0,1040.0,1040.0,0.0,50.0,1187.0,1020.0
NBLD85,10/2/2026,1040.0,1065.0,1040.0,1045.6,0.54,338.0,1187.0,1020.0
NBLD87,1/28/2026,1082.0,1082.0,1082.0,1082.0,,50.0,1225.0,1060.0
NBLD87,2/1/2026,1101.0,1102.0,1101.0,1102.0,1.85,50.0,1225.0,1060.0
NBLD87,2/2/2026,1102.0,1102.0,1090.5,1091.0,-1.0,105.0,1225.0,1060.0
NBLD87,2/4/2026,1094.0,1094.0,1094.0,1094.0,0.27,25.0,1225.0,1060.0
NBLD87,2/8/2026,1094.0,1117.0,1094.0,1115.8,1.99,506.0,1225.0,1060.0
NBLD87,2/12/2026,1097.0,1097.0,1097.0,1097.0,-1.68,25.0,1225.0,1060.0
NBLD87,2/16/2026,1095.0,1098.0,1095.0,1098.0,0.09,101.0,1225.0,1060.0
NBLD87,2/17/2026,1098.0,1098.0,1098.0,1098.0,0.0,25.0,1225.0,1060.0
NBLD87,2/23/2026,1095.0,1098.0,1095.0,1098.0,0.0,50.0,1225.0,1060.0
NBLD87,2/26/2026,1091.1,1091.1,1091.1,1091.1,-0.63,25.0,1225.0,1060.0
NBLD87,2/27/2026,1091.1,1091.1,1091.1,1091.1,0.0,25.0,1225.0,1060.0
NBLD87,2/28/2026,1091.1,1091.1,1091.1,1091.1,0.0,25.0,1225.0,1060.0
NBLD87,3/2/2026,1093.0,1093.0,1093.0,1093.0,0.17,25.0,1225.0,1060.0
NBLD87,3/11/2026,1087.1,1087.1,1087.1,1087.1,-0.54,25.0,1225.0,1060.0
NBLD87,3/15/2026,1090.0,1090.0,1090.0,1090.0,0.27,25.0,1225.0,1060.0
NBLD87,3/16/2026,1089.1,1089.1,1089.0,1083.1,-0.63,61.0,1225.0,1060.0
NBLD87,3/19/2026,1065.6,1076.0,1065.6,1075.1,-0.74,75.0,1225.0,1060.0
NBLD87,3/20/2026,1065.6,1076.0,1065.6,1075.1,0.0,75.0,1225.0,1060.0
NBLD87,3/21/2026,1065.6,1076.0,1065.6,1075.1,0.0,75.0,1225.0,1060.0
NBLD87,3/22/2026,1060.0,1124.0,1060.0,1124.0,4.55,276.0,1225.0,1060.0
NBLD87,3/24/2026,1105.0,1105.0,1105.0,1105.0,-1.69,100.0,1225.0,1060.0
NBLD87,3/26/2026,1086.0,1086.0,1085.0,1085.0,-0.09,100.0,1225.0,1060.0
NBLD87,3/29/2026,1095.0,1095.0,1095.0,1095.0,0.0,50.0,1225.0,1060.0
NBLD87,3/30/2026,1087.0,1087.0,1086.0,1086.0,-0.09,50.0,1225.0,1060.0
NBLD87,4/1/2026,1107.0,1107.7,1088.1,1088.1,-1.71,75.0,1225.0,1060.0
NBLD87,4/2/2026,1088.0,1091.5,1088.0,1091.5,0.32,80.0,1225.0,1060.0
NBLD87,4/8/2026,1091.5,1113.0,1091.5,1113.0,1.97,135.0,1225.0,1060.0
NBLD87,4/9/2026,1113.0,1113.0,1113.0,1113.0,0.0,25.0,1225.0,1060.0
NBLD87,4/13/2026,1115.0,1115.0,1115.0,1115.0,0.0,25.0,1225.0,1060.0
NBLD87,4/15/2026,1093.0,1100.0,1093.0,1100.0,0.64,55.0,1225.0,1060.0
NBLD87,4/16/2026,1090.0,1090.0,1090.0,1090.0,0.0,25.0,1225.0,1060.0
NBLD87,4/20/2026,1081.6,1081.6,1081.6,1081.6,0.0,25.0,1225.0,1060.0
NBLD87,4/21/2026,1112.0,1114.0,1090.0,1090.0,-1.98,100.0,1225.0,1060.0
NBLD87,4/24/2026,1090.0,1084.2,1084.2,1084.2,-0.53,25.0,1225.0,1060.0
NBLD87,4/27/2026,1084.2,1084.0,1082.1,1082.1,-0.19,125.0,1225.0,1060.0
NBLD87,4/29/2026,1082.1,1083.0,1076.1,1083.0,0.08,50.0,1225.0,1060.0
NBLD87,4/30/2026,1075.3,1075.3,1075.3,1075.3,0.0,25.0,1225.0,1060.0
NBLD87,5/5/2026,1075.3,1093.7,1062.0,1093.7,1.71,37.0,1225.0,1060.0
NBLD87,5/6/2026,1121.9,1121.9,1121.9,1121.9,0.0,30.0,1225.0,1060.0
NBLD87,5/7/2026,1090.0,1090.0,1090.0,1090.0,0.0,158.0,1225.0,1060.0
NBLD87,5/11/2026,1080.0,1120.0,1080.0,1120.0,3.7,235.0,1225.0,1060.0
NBLD87,5/13/2026,1087.0,1087.0,1087.0,1087.0,0.0,25.0,1225.0,1060.0
NBLD87,5/14/2026,1100.0,1100.0,1100.0,1100.0,0.0,25.0,1225.0,1060.0
NBLD87,5/20/2026,1125.0,1125.0,1125.0,1125.0,0.0,40.0,1225.0,1060.0
NBLD87,5/25/2026,1091.3,1091.3,1091.3,1091.3,0.0,25.0,1225.0,1060.0
NBLD87,5/26/2026,1123.9,1130.0,1123.9,1130.0,0.54,125.0,1225.0,1060.0
NBLD87,5/27/2026,1110.1,1110.1,1110.1,1110.1,0.0,80.0,1225.0,1060.0
NBLD87,6/4/2026,1138.4,1138.4,1138.4,1138.4,0.0,671.0,1225.0,1060.0
NBLD87,6/9/2026,1105.0,1105.0,1072.0,1072.0,-2.99,39033.0,1225.0,1060.0
NBLD87,6/10/2026,1094.0,1098.0,1094.0,1098.0,0.37,35.0,1225.0,1060.0
NBLD87,6/11/2026,1100.0,1100.0,1100.0,1100.0,0.0,50.0,1225.0,1060.0
NBLD87,6/15/2026,1100.0,1139.0,1100.0,1135.0,3.18,39005.0,1225.0,1060.0
NBLD87,6/19/2026,1144.3,1144.3,1144.3,1144.3,0.0,117068.0,1225.0,1060.0
NBLD87,6/22/2026,1132.0,1135.0,1095.0,1100.0,-2.83,371.0,1225.0,1060.0
NBLD87,6/23/2026,1074.6,1074.6,1074.6,1074.6,0.0,25.0,1225.0,1060.0
NBLD87,6/26/2026,1109.4,1144.3,1109.4,1130.0,1.86,195244.0,1225.0,1060.0
NBLD87,6/29/2026,1119.0,1120.0,1119.0,1120.0,0.09,90.0,1225.0,1060.0
NBLD87,6/30/2026,1120.0,1120.0,1120.0,1086.4,-3.0,5.0,1225.0,1060.0
NBLD87,7/1/2026,1084.5,1084.5,1084.5,1084.5,0.0,25.0,1225.0,1060.0
NBLD87,7/6/2026,1095.0,1095.0,1095.0,1095.0,0.0,25.0,1225.0,1060.0
NBLD87,7/7/2026,1095.0,1095.0,1095.0,1095.0,0.0,35.0,1225.0,1060.0
NBLD87,7/8/2026,1085.0,1085.0,1085.0,1085.0,0.0,25.0,1225.0,1060.0
NBLD87,7/9/2026,1093.0,1093.0,1093.0,1093.0,0.0,25.0,1225.0,1060.0
NBLD87,7/10/2026,1125.0,1152.0,1125.0,1174.5,4.4,781151.0,1225.0,1060.0
NBLD87,7/14/2026,1151.0,1215.0,1135.0,1225.0,6.43,167905.0,1225.0,1060.0
NBLD87,7/27/2026,1225.0,1225.0,1120.0,1120.0,-8.57,9781.0,1225.0,1060.0
NBLD87,7/28/2026,1087.1,1088.0,1087.1,1088.0,0.08,50.0,1225.0,1060.0
NBLD87,7/29/2026,1100.0,1100.0,1100.0,1100.0,0.0,25.0,1225.0,1060.0
NBLD87,7/30/2026,1090.0,1090.0,1090.0,1090.0,0.0,25.0,1225.0,1060.0
NBLD87,8/6/2026,1061.1,1061.1,1061.1,1061.1,0.0,10.0,1225.0,1060.0
NBLD87,8/10/2026,1092.0,1092.0,1092.0,1092.0,0.0,25.0,1225.0,1060.0
NBLD87,8/11/2026,1075.3,1080.0,1075.3,1080.0,0.44,50.0,1225.0,1060.0
NBLD87,8/12/2026,1080.0,1080.0,1080.0,1074.0,-0.56,5.0,1225.0,1060.0
NBLD87,8/13/2026,1080.0,1080.0,1080.0,1080.0,0.0,25.0,1225.0,1060.0
NBLD87,8/14/2026,1080.0,1080.0,1080.0,1080.0,0.0,27.0,1225.0,1060.0
NBLD87,8/17/2026,1080.0,1080.0,1080.0,1080.0,0.0,25.0,1225.0,1060.0
NBLD87,8/24/2026,1080.0,1080.0,1080.0,1080.0,0.0,50.0,1225.0,1060.0
NBLD87,8/25/2026,1080.0,1080.0,1080.0,1080.0,0.0,25.0,1225.0,1060.0
NBLD87,9/3/2026,1065.1,1065.1,1065.1,1065.1,0.0,25.0,1225.0,1060.0
NBLD87,9/15/2026,1060.9,1060.9,1060.0,1060.0,-0.08,100.0,1225.0,1060.0
NBLD87,9/23/2026,1072.4,1072.4,1060.0,1060.0,-1.16,700.0,1225.0,1060.0
NBLD87,9/24/2026,1091.8,1091.8,1091.8,1091.8,0.0,10.0,1225.0,1060.0
NBLD87,9/29/2026,1080.0,1112.4,1080.0,0.0,-100.0,50.0,1225.0,1060.0
NBLD87,10/1/2026,1100.0,1100.3,1100.0,1100.3,0.03,75.0,1225.0,1060.0
NCCB,8/28/2011,133.0,131.0,131.0,131.0,,50.0,733.0,100.0
NCCB,8/30/2011,131.0,129.0,119.0,119.0,-9.16,2650.0,733.0,100.0
NCCB,9/1/2011,119.0,124.0,116.0,124.0,4.2,6110.0,733.0,100.0
NCCB,9/4/2011,124.0,130.0,126.0,130.0,4.84,120.0,733.0,100.0
NCCB,9/5/2011,130.0,128.0,126.0,128.0,-1.54,940.0,733.0,100.0
NCCB,9/6/2011,128.0,126.0,120.0,120.0,-6.25,3380.0,733.0,100.0
NCCB,9/7/2011,120.0,122.0,116.0,122.0,1.67,3590.0,733.0,100.0
NCCB,9/8/2011,122.0,122.0,122.0,122.0,0.0,200.0,733.0,100.0
NCCB,9/12/2011,122.0,120.0,114.0,117.0,-4.1,2690.0,733.0,100.0
NCCB,9/13/2011,117.0,121.0,115.0,120.0,2.56,1940.0,733.0,100.0
NCCB,9/14/2011,120.0,120.0,118.0,118.0,-1.67,350.0,733.0,100.0
NCCB,9/15/2011,118.0,120.0,115.0,116.0,-1.69,3090.0,733.0,100.0
NCCB,9/18/2011,116.0,115.0,113.0,114.0,-1.72,1180.0,733.0,100.0
NCCB,9/19/2011,114.0,116.0,116.0,116.0,1.75,50.0,733.0,100.0
NCCB,9/20/2011,116.0,120.0,118.0,120.0,3.45,170.0,733.0,100.0
NCCB,9/21/2011,120.0,120.0,118.0,120.0,0.0,100.0,733.0,100.0
NCCB,9/22/2011,120.0,124.0,116.0,124.0,3.33,1970.0,733.0,100.0
NCCB,9/25/2011,124.0,124.0,122.0,124.0,0.0,300.0,733.0,100.0
NCCB,9/26/2011,124.0,122.0,116.0,119.0,-4.03,2420.0,733.0,100.0
NCCB,9/27/2011,119.0,127.0,121.0,127.0,6.72,220.0,733.0,100.0
NCCB,9/29/2011,127.0,125.0,125.0,125.0,-1.57,30.0,733.0,100.0
NCCB,10/2/2011,125.0,126.0,126.0,126.0,0.8,970.0,733.0,100.0
NCCB,10/9/2011,126.0,125.0,125.0,125.0,-0.79,100.0,733.0,100.0
NCCB,10/10/2011,125.0,137.0,127.0,137.0,9.6,440.0,733.0,100.0
NCCB,10/12/2011,137.0,147.0,139.0,147.0,7.3,660.0,733.0,100.0
NCCB,10/13/2011,147.0,146.0,146.0,146.0,-0.68,100.0,733.0,100.0
NCCB,10/16/2011,146.0,144.0,142.0,143.0,-2.05,2380.0,733.0,100.0
NCCB,11/2/2011,143.0,153.0,141.0,147.0,2.8,2180.0,733.0,100.0
NCCB,11/3/2011,147.0,149.0,149.0,149.0,1.36,20.0,733.0,100.0
NCCB,11/14/2011,149.0,147.0,143.0,143.0,-4.03,110.0,733.0,100.0
NCCB,11/15/2011,143.0,142.0,140.0,140.0,-2.1,410.0,733.0,100.0
NCCB,11/16/2011,140.0,138.0,134.0,134.0,-4.29,120.0,733.0,100.0
NCCB,11/17/2011,134.0,132.0,121.0,121.0,-9.7,1040.0,733.0,100.0
NCCB,11/20/2011,121.0,128.0,119.0,128.0,5.79,5000.0,733.0,100.0
NCCB,11/21/2011,128.0,134.0,134.0,134.0,4.69,20.0,733.0,100.0
NCCB,11/22/2011,134.0,140.0,140.0,140.0,4.48,220.0,733.0,100.0
NCCB,11/27/2011,140.0,147.0,139.0,139.0,-0.71,250.0,733.0,100.0
NCCB,12/1/2011,139.0,145.0,145.0,145.0,4.32,20.0,733.0,100.0
NCCB,12/11/2011,145.0,144.0,142.0,142.0,-2.07,520.0,733.0,100.0
NCCB,12/14/2011,142.0,140.0,134.0,134.0,-5.63,80.0,733.0,100.0
NCCB,12/15/2011,134.0,132.0,121.0,121.0,-9.7,960.0,733.0,100.0
NCCB,12/19/2011,121.0,119.0,110.0,112.0,-7.44,7200.0,733.0,100.0
NCCB,12/20/2011,112.0,117.0,112.0,112.0,0.0,1510.0,733.0,100.0
NCCB,12/21/2011,112.0,114.0,112.0,114.0,1.79,2280.0,733.0,100.0
NCCB,12/22/2011,114.0,112.0,112.0,112.0,-1.75,160.0,733.0,100.0
NCCB,12/26/2011,112.0,114.0,112.0,114.0,1.79,1550.0,733.0,100.0
NCCB,12/27/2011,114.0,112.0,112.0,112.0,-1.75,380.0,733.0,100.0
NCCB,12/28/2011,112.0,116.0,114.0,116.0,3.57,2010.0,733.0,100.0
NCCB,12/29/2011,116.0,124.0,116.0,124.0,6.9,4000.0,733.0,100.0
NCCB,1/2/2012,124.0,126.0,126.0,126.0,1.61,20.0,733.0,100.0
NCCB,1/3/2012,126.0,124.0,124.0,124.0,-1.59,10.0,733.0,100.0
NCCB,1/4/2012,124.0,122.0,112.0,116.0,-6.45,3280.0,733.0,100.0
NCCB,1/5/2012,116.0,114.0,114.0,114.0,-1.72,360.0,733.0,100.0
NCCB,1/8/2012,114.0,116.0,112.0,115.0,0.88,2830.0,733.0,100.0
NCCB,1/9/2012,115.0,116.0,114.0,116.0,0.87,350.0,733.0,100.0
NCCB,1/10/2012,114.0,115.0,113.0,115.0,-0.86,2210.0,733.0,100.0
NCCB,1/11/2012,115.0,116.0,114.0,114.0,-0.87,560.0,733.0,100.0
NCCB,1/12/2012,114.0,125.0,114.0,125.0,9.65,1350.0,733.0,100.0
NCCB,2/21/2012,125.0,123.0,123.0,123.0,-1.6,360.0,733.0,100.0
NCCB,2/23/2012,123.0,125.0,125.0,125.0,1.63,20.0,733.0,100.0
NCCB,3/5/2012,125.0,123.0,113.0,113.0,-9.6,5130.0,733.0,100.0
NCCB,3/6/2012,113.0,113.0,105.0,109.0,-3.54,5560.0,733.0,100.0
NCCB,3/11/2012,109.0,108.0,103.0,104.0,-4.59,3700.0,733.0,100.0
NCCB,3/12/2012,104.0,106.0,103.0,105.0,0.96,3360.0,733.0,100.0
NCCB,3/13/2012,105.0,105.0,103.0,103.0,-1.9,820.0,733.0,100.0
NCCB,3/14/2012,103.0,105.0,104.0,105.0,1.94,2740.0,733.0,100.0
NCCB,3/15/2012,105.0,104.0,104.0,104.0,-0.95,200.0,733.0,100.0
NCCB,3/18/2012,104.0,104.0,102.0,104.0,0.0,1280.0,733.0,100.0
NCCB,3/19/2012,104.0,105.0,103.0,105.0,0.96,1640.0,733.0,100.0
NCCB,3/20/2012,105.0,105.0,103.0,105.0,0.0,700.0,733.0,100.0
NCCB,3/21/2012,105.0,106.0,103.0,106.0,0.95,810.0,733.0,100.0
NCCB,3/25/2012,106.0,108.0,108.0,108.0,1.89,40.0,733.0,100.0
NCCB,3/26/2012,108.0,106.0,106.0,106.0,-1.85,660.0,733.0,100.0
NCCB,3/27/2012,106.0,104.0,101.0,103.0,-2.83,2170.0,733.0,100.0
NCCB,3/28/2012,103.0,105.0,102.0,103.0,0.0,1090.0,733.0,100.0
NCCB,3/29/2012,103.0,103.0,101.0,103.0,0.0,1550.0,733.0,100.0
NCCB,4/1/2012,103.0,105.0,104.0,105.0,1.94,1330.0,733.0,100.0
NCCB,4/2/2012,105.0,107.0,105.0,105.0,0.0,240.0,733.0,100.0
NCCB,4/3/2012,105.0,104.0,103.0,104.0,-0.95,1160.0,733.0,100.0
NCCB,4/4/2012,104.0,104.0,100.0,104.0,0.0,2300.0,733.0,100.0
NCCB,4/5/2012,104.0,106.0,102.0,106.0,1.92,1610.0,733.0,100.0
NCCB,4/8/2012,106.0,108.0,108.0,108.0,1.89,20.0,733.0,100.0
NCCB,4/9/2012,108.0,106.0,106.0,106.0,-1.85,100.0,733.0,100.0
NCCB,4/10/2012,106.0,104.0,104.0,104.0,-1.89,50.0,733.0,100.0
NCCB,4/11/2012,104.0,111.0,102.0,111.0,6.73,2790.0,733.0,100.0
NCCB,4/12/2012,111.0,121.0,105.0,121.0,9.01,7015.0,733.0,100.0
NCCB,4/15/2012,121.0,129.0,123.0,127.0,4.96,2180.0,733.0,100.0
NCCB,4/16/2012,127.0,139.0,129.0,139.0,9.45,2400.0,733.0,100.0
NCCB,4/17/2012,139.0,143.0,139.0,141.0,1.44,2040.0,733.0,100.0
NCCB,4/18/2012,141.0,139.0,127.0,129.0,-8.51,4460.0,733.0,100.0
NCCB,4/19/2012,129.0,133.0,129.0,131.0,1.55,430.0,733.0,100.0
NCCB,4/22/2012,131.0,134.0,127.0,134.0,2.29,3630.0,733.0,100.0
NCCB,4/24/2012,134.0,144.0,132.0,144.0,7.46,1530.0,733.0,100.0
NCCB,4/25/2012,144.0,148.0,146.0,148.0,2.78,600.0,733.0,100.0
NCCB,4/26/2012,148.0,153.0,140.0,153.0,3.38,14840.0,733.0,100.0
NCCB,4/29/2012,153.0,153.0,145.0,145.0,-5.23,2550.0,733.0,100.0
NCCB,5/2/2012,145.0,143.0,143.0,143.0,-1.38,200.0,733.0,100.0
NCCB,5/3/2012,143.0,154.0,145.0,154.0,7.69,1680.0,733.0,100.0
NCCB,5/8/2012,154.0,160.0,155.0,155.0,0.65,1170.0,733.0,100.0
NCCB,5/9/2012,155.0,162.0,149.0,149.0,-3.87,5405.0,733.0,100.0
NCCB,5/13/2012,149.0,147.0,140.0,140.0,-6.04,1020.0,733.0,100.0
NCCB,5/14/2012,140.0,138.0,134.0,134.0,-4.29,120.0,733.0,100.0
NCCB,5/15/2012,134.0,136.0,134.0,134.0,0.0,280.0,733.0,100.0
NCCB,5/16/2012,134.0,142.0,136.0,142.0,5.97,6720.0,733.0,100.0
NCCB,5/17/2012,142.0,149.0,143.0,143.0,0.7,620.0,733.0,100.0
NCCB,5/20/2012,143.0,142.0,140.0,140.0,-2.1,420.0,733.0,100.0
NCCB,5/21/2012,140.0,138.0,133.0,133.0,-5.0,3120.0,733.0,100.0
NCCB,5/22/2012,133.0,140.0,135.0,140.0,5.26,1090.0,733.0,100.0
NCCB,5/24/2012,140.0,138.0,134.0,136.0,-2.86,6290.0,733.0,100.0
NCCB,5/27/2012,136.0,136.0,135.0,135.0,-0.74,400.0,733.0,100.0
NCCB,5/29/2012,135.0,133.0,122.0,122.0,-9.63,2030.0,733.0,100.0
NCCB,5/30/2012,122.0,120.0,114.0,116.0,-4.92,420.0,733.0,100.0
NCCB,5/31/2012,116.0,126.0,118.0,124.0,6.9,4570.0,733.0,100.0
NCCB,6/3/2012,124.0,129.0,122.0,127.0,2.42,1080.0,733.0,100.0
NCCB,6/4/2012,127.0,127.0,123.0,123.0,-3.15,2165.0,733.0,100.0
NCCB,6/5/2012,123.0,123.0,119.0,121.0,-1.63,3890.0,733.0,100.0
NCCB,6/6/2012,121.0,119.0,117.0,117.0,-3.31,1130.0,733.0,100.0
NCCB,6/7/2012,117.0,121.0,119.0,120.0,2.56,520.0,733.0,100.0
NCCB,6/10/2012,120.0,118.0,118.0,118.0,-1.67,1790.0,733.0,100.0
NCCB,6/11/2012,118.0,120.0,120.0,120.0,1.69,247.0,733.0,100.0
NCCB,6/12/2012,120.0,123.0,120.0,123.0,2.5,530.0,733.0,100.0
NCCB,6/13/2012,123.0,127.0,123.0,125.0,1.63,670.0,733.0,100.0
NCCB,6/14/2012,125.0,123.0,120.0,120.0,-4.0,4900.0,733.0,100.0
NCCB,6/17/2012,120.0,121.0,117.0,121.0,0.83,5070.0,733.0,100.0
NCCB,6/18/2012,121.0,119.0,117.0,119.0,-1.65,1820.0,733.0,100.0
NCCB,6/19/2012,119.0,118.0,118.0,118.0,-0.84,1200.0,733.0,100.0
NCCB,6/20/2012,118.0,120.0,120.0,120.0,1.69,860.0,733.0,100.0
NCCB,6/21/2012,120.0,121.0,119.0,121.0,0.83,290.0,733.0,100.0
NCCB,6/25/2012,121.0,126.0,123.0,126.0,4.13,880.0,733.0,100.0
NCCB,6/26/2012,126.0,124.0,118.0,122.0,-3.17,4100.0,733.0,100.0
NCCB,6/27/2012,122.0,124.0,120.0,124.0,1.64,1120.0,733.0,100.0
NCCB,7/1/2012,124.0,123.0,121.0,122.0,-1.61,620.0,733.0,100.0
NCCB,7/2/2012,122.0,122.0,117.0,117.0,-4.1,4640.0,733.0,100.0
NCCB,7/3/2012,117.0,121.0,119.0,121.0,3.42,4790.0,733.0,100.0
NCCB,7/4/2012,121.0,121.0,121.0,121.0,0.0,620.0,733.0,100.0
NCCB,7/5/2012,121.0,120.0,120.0,120.0,-0.83,60.0,733.0,100.0
NCCB,7/8/2012,120.0,122.0,122.0,122.0,1.67,500.0,733.0,100.0
NCCB,7/9/2012,122.0,122.0,122.0,122.0,0.0,940.0,733.0,100.0
NCCB,7/10/2012,122.0,125.0,123.0,123.0,0.82,580.0,733.0,100.0
NCCB,7/11/2012,123.0,135.0,123.0,135.0,9.76,1030.0,733.0,100.0
NCCB,7/15/2012,135.0,140.0,126.0,126.0,-6.67,1740.0,733.0,100.0
NCCB,7/16/2012,126.0,130.0,125.0,130.0,3.17,2850.0,733.0,100.0
NCCB,7/17/2012,130.0,128.0,126.0,126.0,-3.08,670.0,733.0,100.0
NCCB,7/18/2012,126.0,130.0,126.0,130.0,3.17,1850.0,733.0,100.0
NCCB,7/19/2012,130.0,136.0,132.0,136.0,4.62,1430.0,733.0,100.0
NCCB,7/22/2012,136.0,138.0,134.0,135.0,-0.74,1430.0,733.0,100.0
NCCB,7/23/2012,135.0,136.0,133.0,135.0,0.0,980.0,733.0,100.0
NCCB,7/25/2012,135.0,134.0,130.0,130.0,-3.7,6550.0,733.0,100.0
NCCB,7/26/2012,130.0,130.0,130.0,130.0,0.0,200.0,733.0,100.0
NCCB,7/29/2012,130.0,129.0,129.0,129.0,-0.77,100.0,733.0,100.0
NCCB,7/30/2012,129.0,131.0,127.0,129.0,0.0,1240.0,733.0,100.0
NCCB,7/31/2012,129.0,131.0,127.0,130.0,0.78,3110.0,733.0,100.0
NCCB,8/1/2012,130.0,131.0,129.0,131.0,0.77,930.0,733.0,100.0
NCCB,8/5/2012,131.0,130.0,128.0,130.0,-0.76,2590.0,733.0,100.0
NCCB,8/6/2012,130.0,129.0,127.0,127.0,-2.31,1200.0,733.0,100.0
NCCB,8/7/2012,127.0,128.0,125.0,128.0,0.79,1960.0,733.0,100.0
NCCB,8/12/2012,128.0,126.0,120.0,122.0,-4.69,6585.0,733.0,100.0
NCCB,8/13/2012,122.0,128.0,119.0,125.0,2.46,16130.0,733.0,100.0
NCCB,8/15/2012,125.0,125.0,123.0,123.0,-1.6,200.0,733.0,100.0
NCCB,8/16/2012,123.0,123.0,121.0,122.0,-0.81,3510.0,733.0,100.0
NCCB,8/19/2012,122.0,121.0,120.0,121.0,-0.82,980.0,733.0,100.0
NCCB,8/21/2012,121.0,122.0,120.0,120.0,-0.83,6190.0,733.0,100.0
NCCB,8/22/2012,120.0,121.0,119.0,120.0,0.0,3210.0,733.0,100.0
NCCB,8/23/2012,120.0,120.0,120.0,120.0,0.0,20.0,733.0,100.0
NCCB,8/26/2012,120.0,118.0,111.0,115.0,-4.17,7410.0,733.0,100.0
NCCB,8/27/2012,115.0,123.0,117.0,119.0,3.48,3060.0,733.0,100.0
NCCB,8/28/2012,119.0,125.0,119.0,122.0,2.52,7750.0,733.0,100.0
NCCB,8/29/2012,122.0,123.0,119.0,123.0,0.82,4190.0,733.0,100.0
NCCB,8/30/2012,123.0,125.0,124.0,125.0,1.63,440.0,733.0,100.0
NCCB,9/2/2012,125.0,125.0,125.0,125.0,0.0,80.0,733.0,100.0
NCCB,9/3/2012,125.0,123.0,123.0,123.0,-1.6,200.0,733.0,100.0
NCCB,9/4/2012,123.0,122.0,118.0,121.0,-1.63,5270.0,733.0,100.0
NCCB,9/5/2012,121.0,120.0,120.0,120.0,-0.83,160.0,733.0,100.0
NCCB,9/6/2012,120.0,124.0,121.0,124.0,3.33,1130.0,733.0,100.0
NCCB,9/9/2012,124.0,122.0,122.0,122.0,-1.61,1980.0,733.0,100.0
NCCB,9/11/2012,122.0,120.0,116.0,118.0,-3.28,8050.0,733.0,100.0
NCCB,9/12/2012,118.0,126.0,118.0,123.0,4.24,4185.0,733.0,100.0
NCCB,9/13/2012,123.0,125.0,123.0,123.0,0.0,3100.0,733.0,100.0
NCCB,9/16/2012,123.0,125.0,120.0,125.0,1.63,3870.0,733.0,100.0
NCCB,9/17/2012,125.0,125.0,123.0,125.0,0.0,5240.0,733.0,100.0
NCCB,9/18/2012,125.0,130.0,125.0,128.0,2.4,7110.0,733.0,100.0
NCCB,9/19/2012,128.0,127.0,125.0,125.0,-2.34,3620.0,733.0,100.0
NCCB,9/20/2012,125.0,124.0,121.0,123.0,-1.6,6080.0,733.0,100.0
NCCB,9/23/2012,123.0,123.0,119.0,122.0,-0.81,2630.0,733.0,100.0
NCCB,9/24/2012,122.0,123.0,121.0,123.0,0.82,2680.0,733.0,100.0
NCCB,9/25/2012,123.0,122.0,119.0,119.0,-3.25,3200.0,733.0,100.0
NCCB,9/26/2012,119.0,119.0,119.0,119.0,0.0,700.0,733.0,100.0
NCCB,9/30/2012,119.0,120.0,119.0,120.0,0.84,3600.0,733.0,100.0
NCCB,10/1/2012,120.0,121.0,119.0,120.0,0.0,2850.0,733.0,100.0
NCCB,10/2/2012,120.0,120.0,120.0,120.0,0.0,50.0,733.0,100.0
NCCB,10/3/2012,120.0,122.0,120.0,121.0,0.83,3290.0,733.0,100.0
NCCB,10/4/2012,121.0,121.0,121.0,121.0,0.0,20.0,733.0,100.0
NCCB,10/7/2012,121.0,120.0,119.0,119.0,-1.65,60.0,733.0,100.0
NCCB,10/8/2012,119.0,127.0,117.0,127.0,6.72,6520.0,733.0,100.0
NCCB,10/9/2012,127.0,132.0,124.0,125.0,-1.57,4170.0,733.0,100.0
NCCB,10/10/2012,125.0,127.0,125.0,126.0,0.8,3030.0,733.0,100.0
NCCB,10/11/2012,126.0,137.0,126.0,129.0,2.38,18173.0,733.0,100.0
NCCB,10/14/2012,129.0,132.0,130.0,132.0,2.33,910.0,733.0,100.0
NCCB,10/15/2012,132.0,134.0,129.0,130.0,-1.52,3800.0,733.0,100.0
NCCB,10/17/2012,130.0,137.0,132.0,135.0,3.85,2240.0,733.0,100.0
NCCB,10/18/2012,135.0,137.0,133.0,135.0,0.0,4180.0,733.0,100.0
NCCB,10/30/2012,135.0,133.0,133.0,133.0,-1.48,100.0,733.0,100.0
NCCB,10/31/2012,133.0,145.0,135.0,141.0,6.02,2380.0,733.0,100.0
NCCB,11/1/2012,141.0,141.0,137.0,139.0,-1.42,2250.0,733.0,100.0
NCCB,11/4/2012,139.0,152.0,140.0,152.0,9.35,9610.0,733.0,100.0
NCCB,11/5/2012,152.0,166.0,155.0,158.0,3.95,6620.0,733.0,100.0
NCCB,11/6/2012,158.0,163.0,155.0,157.0,-0.63,4260.0,733.0,100.0
NCCB,11/7/2012,157.0,163.0,157.0,160.0,1.91,1410.0,733.0,100.0
NCCB,11/8/2012,160.0,171.0,163.0,166.0,3.75,11330.0,733.0,100.0
NCCB,11/11/2012,166.0,169.0,154.0,154.0,-7.23,980.0,733.0,100.0
NCCB,11/12/2012,154.0,162.0,151.0,161.0,4.55,2140.0,733.0,100.0
NCCB,11/18/2012,161.0,177.0,160.0,177.0,9.94,27190.0,733.0,100.0
NCCB,11/20/2012,177.0,194.0,180.0,194.0,9.6,26770.0,733.0,100.0
NCCB,11/21/2012,194.0,213.0,190.0,202.0,4.12,17150.0,733.0,100.0
NCCB,11/22/2012,202.0,204.0,196.0,202.0,0.0,5120.0,733.0,100.0
NCCB,11/25/2012,202.0,210.0,200.0,200.0,-0.99,9820.0,733.0,100.0
NCCB,11/26/2012,200.0,199.0,196.0,199.0,-0.5,290.0,733.0,100.0
NCCB,11/27/2012,199.0,202.0,196.0,198.0,-0.5,710.0,733.0,100.0
NCCB,11/28/2012,198.0,200.0,192.0,197.0,-0.51,1490.0,733.0,100.0
NCCB,11/29/2012,197.0,196.0,188.0,194.0,-1.52,1550.0,733.0,100.0
NCCB,12/4/2012,194.0,191.0,181.0,185.0,-4.64,8990.0,733.0,100.0
NCCB,12/5/2012,185.0,198.0,188.0,192.0,3.78,7740.0,733.0,100.0
NCCB,12/6/2012,192.0,192.0,184.0,184.0,-4.17,1840.0,733.0,100.0
NCCB,12/9/2012,184.0,182.0,181.0,182.0,-1.09,450.0,733.0,100.0
NCCB,12/10/2012,182.0,179.0,173.0,174.0,-4.4,3958.0,733.0,100.0
NCCB,12/11/2012,174.0,178.0,171.0,177.0,1.72,2100.0,733.0,100.0
NCCB,12/12/2012,177.0,183.0,177.0,183.0,3.39,1770.0,733.0,100.0
NCCB,12/13/2012,183.0,189.0,185.0,188.0,2.73,1930.0,733.0,100.0
NCCB,12/16/2012,188.0,195.0,185.0,195.0,3.72,3230.0,733.0,100.0
NCCB,12/17/2012,195.0,205.0,198.0,201.0,3.08,2130.0,733.0,100.0
NCCB,12/18/2012,201.0,199.0,199.0,199.0,-1.0,40.0,733.0,100.0
NCCB,12/19/2012,199.0,200.0,196.0,200.0,0.5,200.0,733.0,100.0
NCCB,12/20/2012,200.0,197.0,188.0,189.0,-5.5,34000.0,733.0,100.0
NCCB,12/23/2012,189.0,193.0,187.0,188.0,-0.53,5400.0,733.0,100.0
NCCB,12/24/2012,188.0,188.0,185.0,187.0,-0.53,7060.0,733.0,100.0
NCCB,12/26/2012,187.0,201.0,190.0,192.0,2.67,9690.0,733.0,100.0
NCCB,12/27/2012,192.0,195.0,189.0,192.0,0.0,6900.0,733.0,100.0
NCCB,12/31/2012,192.0,198.0,190.0,194.0,1.04,2010.0,733.0,100.0
NCCB,1/1/2013,194.0,191.0,187.0,187.0,-3.61,1790.0,733.0,100.0
NCCB,1/2/2013,187.0,190.0,183.0,183.0,-2.14,7970.0,733.0,100.0
NCCB,1/3/2013,183.0,191.0,180.0,190.0,3.83,81730.0,733.0,100.0
NCCB,1/6/2013,190.0,189.0,189.0,189.0,-0.53,280.0,733.0,100.0
NCCB,1/7/2013,189.0,188.0,186.0,188.0,-0.53,520.0,733.0,100.0
NCCB,1/8/2013,188.0,185.0,179.0,180.0,-4.26,310.0,733.0,100.0
NCCB,1/9/2013,180.0,184.0,179.0,184.0,2.22,610.0,733.0,100.0
NCCB,1/10/2013,184.0,184.0,181.0,184.0,0.0,4010.0,733.0,100.0
NCCB,1/13/2013,184.0,181.0,181.0,181.0,-1.63,100.0,733.0,100.0
NCCB,1/15/2013,181.0,183.0,180.0,180.0,-0.55,1610.0,733.0,100.0
NCCB,1/16/2013,180.0,177.0,174.0,175.0,-2.78,1320.0,733.0,100.0
NCCB,1/17/2013,175.0,175.0,170.0,173.0,-1.14,8170.0,733.0,100.0
NCCB,1/20/2013,173.0,175.0,175.0,175.0,1.16,400.0,733.0,100.0
NCCB,1/21/2013,175.0,178.0,175.0,177.0,1.14,780.0,733.0,100.0
NCCB,1/22/2013,177.0,180.0,177.0,177.0,0.0,4780.0,733.0,100.0
NCCB,1/23/2013,177.0,175.0,171.0,175.0,-1.13,1110.0,733.0,100.0
NCCB,1/24/2013,175.0,175.0,170.0,170.0,-2.86,3040.0,733.0,100.0
NCCB,1/27/2013,170.0,187.0,173.0,187.0,10.0,6870.0,733.0,100.0
NCCB,1/28/2013,187.0,195.0,184.0,187.0,0.0,7180.0,733.0,100.0
NCCB,1/30/2013,187.0,184.0,176.0,176.0,-5.88,3610.0,733.0,100.0
NCCB,1/31/2013,176.0,181.0,176.0,178.0,1.14,3960.0,733.0,100.0
NCCB,2/3/2013,178.0,185.0,176.0,181.0,1.69,6170.0,733.0,100.0
NCCB,2/4/2013,181.0,190.0,181.0,190.0,4.97,4680.0,733.0,100.0
NCCB,2/5/2013,190.0,190.0,187.0,190.0,0.0,2950.0,733.0,100.0
NCCB,2/6/2013,190.0,193.0,188.0,188.0,-1.05,1150.0,733.0,100.0
NCCB,2/7/2013,188.0,191.0,186.0,191.0,1.6,1190.0,733.0,100.0
NCCB,2/10/2013,191.0,188.0,180.0,185.0,-3.14,16050.0,733.0,100.0
NCCB,2/12/2013,185.0,198.0,186.0,196.0,5.95,11900.0,733.0,100.0
NCCB,2/13/2013,196.0,197.0,190.0,193.0,-1.53,7560.0,733.0,100.0
NCCB,2/14/2013,193.0,199.0,195.0,199.0,3.11,10230.0,733.0,100.0
NCCB,2/17/2013,199.0,218.0,202.0,213.0,7.04,5020.0,733.0,100.0
NCCB,2/19/2013,213.0,225.0,208.0,210.0,-1.41,28740.0,733.0,100.0
NCCB,2/20/2013,210.0,209.0,199.0,202.0,-3.81,7620.0,733.0,100.0
NCCB,2/21/2013,202.0,208.0,202.0,205.0,1.49,7160.0,733.0,100.0
NCCB,2/24/2013,205.0,208.0,202.0,202.0,-1.46,4840.0,733.0,100.0
NCCB,2/25/2013,202.0,210.0,201.0,207.0,2.48,15068.0,733.0,100.0
NCCB,2/26/2013,207.0,215.0,204.0,205.0,-0.97,12470.0,733.0,100.0
NCCB,2/27/2013,205.0,213.0,203.0,208.0,1.46,9182.0,733.0,100.0
NCCB,2/28/2013,208.0,228.0,208.0,228.0,9.62,14870.0,733.0,100.0
NCCB,3/3/2013,228.0,244.0,230.0,240.0,5.26,28700.0,733.0,100.0
NCCB,3/4/2013,240.0,252.0,240.0,243.0,1.25,38510.0,733.0,100.0
NCCB,3/5/2013,243.0,248.0,228.0,248.0,2.06,29650.0,733.0,100.0
NCCB,3/6/2013,248.0,247.0,237.0,247.0,-0.4,29110.0,733.0,100.0
NCCB,3/7/2013,247.0,244.0,235.0,235.0,-4.86,16140.0,733.0,100.0
NCCB,3/11/2013,235.0,242.0,238.0,238.0,1.28,4370.0,733.0,100.0
NCCB,3/13/2013,238.0,242.0,237.0,242.0,1.68,12140.0,733.0,100.0
NCCB,3/14/2013,242.0,250.0,237.0,241.0,-0.41,29040.0,733.0,100.0
NCCB,3/17/2013,241.0,234.0,226.0,230.0,-4.56,3290.0,733.0,100.0
NCCB,3/18/2013,230.0,242.0,234.0,240.0,4.35,13672.0,733.0,100.0
NCCB,3/19/2013,240.0,243.0,237.0,238.0,-0.83,3780.0,733.0,100.0
NCCB,3/20/2013,238.0,239.0,235.0,239.0,0.42,4580.0,733.0,100.0
NCCB,3/21/2013,239.0,239.0,236.0,237.0,-0.84,23580.0,733.0,100.0
NCCB,3/24/2013,237.0,235.0,233.0,235.0,-0.84,950.0,733.0,100.0
NCCB,3/25/2013,235.0,236.0,232.0,236.0,0.43,390.0,733.0,100.0
NCCB,3/27/2013,236.0,235.0,226.0,230.0,-2.54,2220.0,733.0,100.0
NCCB,3/28/2013,230.0,230.0,227.0,227.0,-1.3,280.0,733.0,100.0
NCCB,3/31/2013,227.0,225.0,220.0,221.0,-2.64,2880.0,733.0,100.0
NCCB,4/1/2013,221.0,223.0,220.0,222.0,0.45,1470.0,733.0,100.0
NCCB,4/2/2013,222.0,231.0,220.0,231.0,4.05,6690.0,733.0,100.0
NCCB,4/3/2013,231.0,230.0,226.0,226.0,-2.16,300.0,733.0,100.0
NCCB,4/4/2013,226.0,228.0,223.0,228.0,0.88,1300.0,733.0,100.0
NCCB,4/7/2013,228.0,230.0,230.0,230.0,0.88,390.0,733.0,100.0
NCCB,4/8/2013,230.0,228.0,224.0,226.0,-1.74,3060.0,733.0,100.0
NCCB,4/11/2013,226.0,230.0,220.0,220.0,-2.65,23010.0,733.0,100.0
NCCB,4/15/2013,220.0,230.0,220.0,228.0,3.64,18600.0,733.0,100.0
NCCB,4/16/2013,228.0,230.0,225.0,225.0,-1.32,2100.0,733.0,100.0
NCCB,4/17/2013,225.0,224.0,223.0,223.0,-0.89,3240.0,733.0,100.0
NCCB,4/18/2013,223.0,229.0,221.0,229.0,2.69,1360.0,733.0,100.0
NCCB,4/21/2013,229.0,230.0,225.0,225.0,-1.75,710.0,733.0,100.0
NCCB,4/22/2013,225.0,221.0,220.0,221.0,-1.78,2710.0,733.0,100.0
NCCB,4/23/2013,221.0,225.0,217.0,220.0,-0.45,3660.0,733.0,100.0
NCCB,4/25/2013,220.0,220.0,219.0,220.0,0.0,1810.0,733.0,100.0
NCCB,4/28/2013,220.0,229.0,220.0,225.0,2.27,8137.0,733.0,100.0
NCCB,4/29/2013,225.0,230.0,223.0,225.0,0.0,11940.0,733.0,100.0
NCCB,4/30/2013,225.0,225.0,221.0,223.0,-0.89,2330.0,733.0,100.0
NCCB,5/2/2013,223.0,223.0,214.0,214.0,-4.04,2587.0,733.0,100.0
NCCB,5/5/2013,214.0,214.0,210.0,211.0,-1.4,3180.0,733.0,100.0
NCCB,5/6/2013,211.0,213.0,211.0,213.0,0.95,330.0,733.0,100.0
NCCB,5/7/2013,213.0,219.0,209.0,212.0,-0.47,23115.0,733.0,100.0
NCCB,5/8/2013,212.0,219.0,212.0,215.0,1.42,618.0,733.0,100.0
NCCB,5/9/2013,215.0,213.0,208.0,211.0,-1.86,7910.0,733.0,100.0
NCCB,5/12/2013,211.0,209.0,205.0,205.0,-2.84,590.0,733.0,100.0
NCCB,5/13/2013,205.0,210.0,201.0,205.0,0.0,8160.0,733.0,100.0
NCCB,5/14/2013,205.0,215.0,209.0,215.0,4.88,680.0,733.0,100.0
NCCB,5/15/2013,215.0,219.0,215.0,218.0,1.4,1680.0,733.0,100.0
NCCB,5/16/2013,218.0,222.0,210.0,211.0,-3.21,19930.0,733.0,100.0
NCCB,5/19/2013,211.0,216.0,210.0,213.0,0.95,11720.0,733.0,100.0
NCCB,5/20/2013,213.0,217.0,211.0,216.0,1.41,5410.0,733.0,100.0
NCCB,5/21/2013,216.0,215.0,212.0,215.0,-0.46,3680.0,733.0,100.0
NCCB,5/22/2013,215.0,216.0,211.0,216.0,0.47,6240.0,733.0,100.0
NCCB,5/23/2013,216.0,220.0,216.0,216.0,0.0,920.0,733.0,100.0
NCCB,5/27/2013,216.0,218.0,210.0,214.0,-0.93,22820.0,733.0,100.0
NCCB,5/28/2013,214.0,218.0,210.0,211.0,-1.4,59960.0,733.0,100.0
NCCB,5/30/2013,211.0,220.0,207.0,220.0,4.27,30770.0,733.0,100.0
NCCB,6/2/2013,220.0,216.0,210.0,210.0,-4.55,14460.0,733.0,100.0
NCCB,6/3/2013,210.0,214.0,210.0,210.0,0.0,6480.0,733.0,100.0
NCCB,6/4/2013,210.0,222.0,210.0,222.0,5.71,13030.0,733.0,100.0
NCCB,6/5/2013,222.0,218.0,215.0,215.0,-3.15,620.0,733.0,100.0
NCCB,6/9/2013,215.0,214.0,210.0,210.0,-2.33,7830.0,733.0,100.0
NCCB,6/10/2013,210.0,214.0,210.0,211.0,0.48,6780.0,733.0,100.0
NCCB,6/11/2013,211.0,211.0,207.0,210.0,-0.47,11080.0,733.0,100.0
NCCB,6/12/2013,210.0,218.0,207.0,218.0,3.81,12347.0,733.0,100.0
NCCB,6/13/2013,218.0,221.0,212.0,221.0,1.38,10370.0,733.0,100.0
NCCB,6/16/2013,221.0,220.0,216.0,216.0,-2.26,840.0,733.0,100.0
NCCB,6/17/2013,216.0,216.0,212.0,214.0,-0.93,3740.0,733.0,100.0
NCCB,6/18/2013,214.0,214.0,211.0,211.0,-1.4,1370.0,733.0,100.0
NCCB,6/19/2013,211.0,214.0,210.0,214.0,1.42,12937.0,733.0,100.0
NCCB,6/20/2013,214.0,215.0,213.0,213.0,-0.47,960.0,733.0,100.0
NCCB,6/23/2013,213.0,213.0,211.0,212.0,-0.47,1240.0,733.0,100.0
NCCB,6/24/2013,212.0,214.0,211.0,214.0,0.94,13010.0,733.0,100.0
NCCB,6/25/2013,214.0,221.0,213.0,220.0,2.8,29520.0,733.0,100.0
NCCB,6/26/2013,220.0,224.0,219.0,224.0,1.82,6780.0,733.0,100.0
NCCB,6/27/2013,224.0,222.0,215.0,222.0,-0.89,9670.0,733.0,100.0
NCCB,6/30/2013,222.0,218.0,214.0,218.0,-1.8,15970.0,733.0,100.0
NCCB,7/1/2013,218.0,216.0,215.0,215.0,-1.38,2630.0,733.0,100.0
NCCB,7/2/2013,215.0,224.0,216.0,224.0,4.19,3050.0,733.0,100.0
NCCB,7/7/2013,224.0,220.0,214.0,216.0,-3.57,5690.0,733.0,100.0
NCCB,7/8/2013,216.0,218.0,215.0,218.0,0.93,2560.0,733.0,100.0
NCCB,7/9/2013,218.0,222.0,219.0,220.0,0.92,4520.0,733.0,100.0
NCCB,7/10/2013,221.0,233.0,216.0,230.0,4.55,36080.0,733.0,100.0
NCCB,7/11/2013,230.0,232.0,221.0,222.0,-3.48,7510.0,733.0,100.0
NCCB,7/14/2013,222.0,225.0,212.0,212.0,-4.5,57120.0,733.0,100.0
NCCB,7/15/2013,212.0,223.0,216.0,223.0,5.19,3840.0,733.0,100.0
NCCB,7/16/2013,223.0,219.0,216.0,216.0,-3.14,300.0,733.0,100.0
NCCB,7/17/2013,216.0,218.0,212.0,218.0,0.93,87110.0,733.0,100.0
NCCB,7/18/2013,218.0,221.0,220.0,221.0,1.38,1250.0,733.0,100.0
NCCB,7/21/2013,221.0,229.0,220.0,228.0,3.17,40260.0,733.0,100.0
NCCB,7/22/2013,228.0,232.0,224.0,226.0,-0.88,23490.0,733.0,100.0
NCCB,7/23/2013,226.0,235.0,226.0,235.0,3.98,32882.0,733.0,100.0
NCCB,7/24/2013,235.0,235.0,230.0,232.0,-1.28,6860.0,733.0,100.0
NCCB,7/25/2013,232.0,232.0,226.0,226.0,-2.59,9410.0,733.0,100.0
NCCB,7/28/2013,226.0,244.0,227.0,244.0,7.96,33055.0,733.0,100.0
NCCB,7/29/2013,244.0,255.0,241.0,255.0,4.51,62090.0,733.0,100.0
NCCB,7/30/2013,255.0,269.0,255.0,259.0,1.57,23180.0,733.0,100.0
NCCB,7/31/2013,259.0,283.0,264.0,269.0,3.86,66380.0,733.0,100.0
NCCB,8/1/2013,269.0,280.0,260.0,270.0,0.37,29875.0,733.0,100.0
NCCB,8/4/2013,270.0,276.0,266.0,270.0,0.0,12312.0,733.0,100.0
NCCB,8/5/2013,270.0,268.0,260.0,265.0,-1.85,7605.0,733.0,100.0
NCCB,8/6/2013,265.0,268.0,248.0,268.0,1.13,12383.0,733.0,100.0
NCCB,8/7/2013,268.0,266.0,254.0,262.0,-2.24,16320.0,733.0,100.0
NCCB,8/8/2013,262.0,262.0,253.0,260.0,-0.76,14711.0,733.0,100.0
NCCB,8/11/2013,260.0,260.0,255.0,256.0,-1.54,7273.0,733.0,100.0
NCCB,8/12/2013,256.0,265.0,254.0,265.0,3.52,13631.0,733.0,100.0
NCCB,8/13/2013,265.0,264.0,258.0,260.0,-1.89,15289.0,733.0,100.0
NCCB,8/14/2013,260.0,265.0,258.0,258.0,-0.77,10360.0,733.0,100.0
NCCB,8/15/2013,258.0,260.0,255.0,258.0,0.0,7163.0,733.0,100.0
NCCB,8/18/2013,258.0,263.0,258.0,261.0,1.16,5121.0,733.0,100.0
NCCB,8/19/2013,261.0,265.0,260.0,264.0,1.15,13948.0,733.0,100.0
NCCB,8/20/2013,264.0,275.0,262.0,273.0,3.41,21668.0,733.0,100.0
NCCB,8/25/2013,273.0,275.0,265.0,268.0,-1.83,99856.0,733.0,100.0
NCCB,8/26/2013,268.0,279.0,270.0,272.0,1.49,70516.0,733.0,100.0
NCCB,8/27/2013,272.0,293.0,277.0,286.0,5.15,55843.0,733.0,100.0
NCCB,8/29/2013,286.0,290.0,274.0,275.0,-3.85,51400.0,733.0,100.0
NCCB,9/1/2013,275.0,285.0,275.0,280.0,1.82,29980.0,733.0,100.0
NCCB,9/2/2013,280.0,289.0,281.0,286.0,2.14,36907.0,733.0,100.0
NCCB,9/3/2013,286.0,285.0,278.0,285.0,-0.35,16712.0,733.0,100.0
NCCB,9/4/2013,285.0,295.0,279.0,293.0,2.81,52780.0,733.0,100.0
NCCB,9/5/2013,293.0,295.0,285.0,295.0,0.68,35434.0,733.0,100.0
NCCB,9/8/2013,295.0,300.0,285.0,290.0,-1.69,16477.0,733.0,100.0
NCCB,9/9/2013,290.0,295.0,284.0,295.0,1.72,10077.0,733.0,100.0
NCCB,9/10/2013,295.0,290.0,279.0,281.0,-4.75,28075.0,733.0,100.0
NCCB,9/11/2013,281.0,297.0,277.0,278.0,-1.07,20245.0,733.0,100.0
NCCB,9/12/2013,278.0,286.0,278.0,283.0,1.8,7466.0,733.0,100.0
NCCB,9/15/2013,283.0,288.0,280.0,280.0,-1.06,12950.0,733.0,100.0
NCCB,9/16/2013,280.0,282.0,278.0,279.0,-0.36,5919.0,733.0,100.0
NCCB,9/17/2013,279.0,281.0,278.0,280.0,0.36,7759.0,733.0,100.0
NCCB,9/19/2013,280.0,284.0,276.0,282.0,0.71,14708.0,733.0,100.0
NCCB,9/22/2013,282.0,281.0,275.0,275.0,-2.48,5672.0,733.0,100.0
NCCB,9/23/2013,275.0,280.0,270.0,280.0,1.82,4881.0,733.0,100.0
NCCB,9/24/2013,280.0,280.0,271.0,279.0,-0.36,5020.0,733.0,100.0
NCCB,9/25/2013,279.0,277.0,267.0,277.0,-0.72,1582.0,733.0,100.0
NCCB,9/26/2013,277.0,280.0,272.0,280.0,1.08,13024.0,733.0,100.0
NCCB,9/29/2013,280.0,280.0,275.0,280.0,0.0,25561.0,733.0,100.0
NCCB,9/30/2013,280.0,280.0,275.0,280.0,0.0,17098.0,733.0,100.0
NCCB,10/1/2013,280.0,294.0,275.0,275.0,-1.79,33232.0,733.0,100.0
NCCB,10/2/2013,275.0,276.0,274.0,275.0,0.0,20311.0,733.0,100.0
NCCB,10/3/2013,275.0,277.0,274.0,276.0,0.36,10111.0,733.0,100.0
NCCB,10/6/2013,276.0,280.0,273.0,280.0,1.45,21371.0,733.0,100.0
NCCB,10/7/2013,280.0,285.0,275.0,282.0,0.71,10098.0,733.0,100.0
NCCB,10/8/2013,282.0,286.0,280.0,286.0,1.42,4444.0,733.0,100.0
NCCB,10/9/2013,286.0,283.0,281.0,281.0,-1.75,1084.0,733.0,100.0
NCCB,10/10/2013,281.0,288.0,282.0,282.0,0.36,11820.0,733.0,100.0
NCCB,10/17/2013,282.0,288.0,285.0,288.0,2.13,10811.0,733.0,100.0
NCCB,10/20/2013,288.0,300.0,291.0,298.0,3.47,17634.0,733.0,100.0
NCCB,10/21/2013,298.0,301.0,289.0,289.0,-3.02,16367.0,733.0,100.0
NCCB,10/22/2013,289.0,294.0,285.0,285.0,-1.38,7871.0,733.0,100.0
NCCB,10/23/2013,285.0,285.0,278.0,279.0,-2.11,51109.0,733.0,100.0
NCCB,10/24/2013,279.0,283.0,278.0,279.0,0.0,30736.0,733.0,100.0
NCCB,10/27/2013,279.0,282.0,276.0,280.0,0.36,13020.0,733.0,100.0
NCCB,10/28/2013,280.0,281.0,276.0,278.0,-0.71,10721.0,733.0,100.0
NCCB,10/29/2013,278.0,281.0,278.0,281.0,1.08,4920.0,733.0,100.0
NCCB,10/30/2013,281.0,284.0,276.0,280.0,-0.36,40562.0,733.0,100.0
NCCB,10/31/2013,280.0,281.0,274.0,280.0,0.0,120365.0,733.0,100.0
NCCB,11/6/2013,280.0,284.0,275.0,275.0,-1.79,10512.0,733.0,100.0
NCCB,11/7/2013,275.0,283.0,278.0,279.0,1.45,4852.0,733.0,100.0
NCCB,11/10/2013,279.0,284.0,280.0,280.0,0.36,7879.0,733.0,100.0
NCCB,11/11/2013,280.0,285.0,280.0,283.0,1.07,17869.0,733.0,100.0
NCCB,11/12/2013,283.0,294.0,280.0,285.0,0.71,47864.0,733.0,100.0
NCCB,11/13/2013,285.0,294.0,284.0,285.0,0.0,14434.0,733.0,100.0
NCCB,11/14/2013,285.0,292.0,285.0,287.0,0.7,30163.0,733.0,100.0
NCCB,11/21/2013,287.0,315.0,292.0,315.0,9.76,27596.0,733.0,100.0
NCCB,11/24/2013,315.0,345.0,315.0,326.0,3.49,56818.0,733.0,100.0
NCCB,11/25/2013,326.0,332.0,304.0,310.0,-4.91,35702.0,733.0,100.0
NCCB,11/26/2013,310.0,325.0,315.0,322.0,3.87,42640.0,733.0,100.0
NCCB,11/27/2013,322.0,325.0,312.0,316.0,-1.86,17109.0,733.0,100.0
NCCB,11/28/2013,316.0,317.0,314.0,315.0,-0.32,23453.0,733.0,100.0
NCCB,12/1/2013,315.0,320.0,315.0,316.0,0.32,29802.0,733.0,100.0
NCCB,12/2/2013,316.0,332.0,318.0,327.0,3.48,62023.0,733.0,100.0
NCCB,12/3/2013,327.0,340.0,320.0,340.0,3.98,78569.0,733.0,100.0
NCCB,12/4/2013,340.0,374.0,342.0,371.0,9.12,58214.0,733.0,100.0
NCCB,12/5/2013,371.0,397.0,370.0,371.0,0.0,57389.0,733.0,100.0
NCCB,12/8/2013,371.0,370.0,353.0,360.0,-2.96,25292.0,733.0,100.0
NCCB,12/9/2013,360.0,375.0,348.0,365.0,1.39,26225.0,733.0,100.0
NCCB,12/10/2013,365.0,370.0,361.0,364.0,-0.27,19015.0,733.0,100.0
NCCB,12/11/2013,364.0,385.0,371.0,381.0,4.67,40622.0,733.0,100.0
NCCB,12/12/2013,381.0,401.0,379.0,395.0,3.67,37209.0,733.0,100.0
NCCB,12/15/2013,395.0,434.0,395.0,434.0,9.87,67947.0,733.0,100.0
NCCB,12/16/2013,434.0,477.0,442.0,477.0,9.91,48825.0,733.0,100.0
NCCB,12/18/2013,477.0,495.0,463.0,475.0,-0.42,40063.0,733.0,100.0
NCCB,12/19/2013,475.0,470.0,428.0,441.0,-7.16,51687.0,733.0,100.0
NCCB,12/22/2013,441.0,438.0,411.0,430.0,-2.49,104526.0,733.0,100.0
NCCB,12/23/2013,427.0,419.0,403.0,405.0,-5.81,72279.0,733.0,100.0
NCCB,12/24/2013,405.0,434.0,383.0,407.0,0.49,55491.0,733.0,100.0
NCCB,12/26/2013,412.0,440.0,404.0,430.0,5.65,39737.0,733.0,100.0
NCCB,12/29/2013,430.0,424.0,407.0,418.0,-2.79,46188.0,733.0,100.0
NCCB,12/31/2013,418.0,415.0,395.0,395.0,-5.5,24071.0,733.0,100.0
NCCB,1/1/2014,395.0,402.0,380.0,402.0,1.77,18597.0,733.0,100.0
NCCB,1/2/2014,402.0,408.0,381.0,405.0,0.75,22312.0,733.0,100.0
NCCB,1/5/2014,405.0,414.0,402.0,402.0,-0.74,18991.0,733.0,100.0
NCCB,1/6/2014,402.0,409.0,400.0,402.0,0.0,11420.0,733.0,100.0
NCCB,1/7/2014,402.0,410.0,400.0,400.0,-0.5,28262.0,733.0,100.0
NCCB,1/8/2014,400.0,410.0,396.0,400.0,0.0,33514.0,733.0,100.0
NCCB,1/9/2014,400.0,407.0,400.0,405.0,1.25,51326.0,733.0,100.0
NCCB,1/12/2014,405.0,417.0,401.0,411.0,1.48,24908.0,733.0,100.0
NCCB,1/13/2014,411.0,418.0,410.0,410.0,-0.24,16918.0,733.0,100.0
NCCB,1/14/2014,410.0,418.0,402.0,418.0,1.95,21008.0,733.0,100.0
NCCB,1/16/2014,418.0,445.0,422.0,441.0,5.5,59092.0,733.0,100.0
NCCB,1/19/2014,441.0,469.0,445.0,452.0,2.49,58016.0,733.0,100.0
NCCB,1/20/2014,452.0,474.0,450.0,466.0,3.1,64536.0,733.0,100.0
NCCB,1/21/2014,466.0,471.0,452.0,455.0,-2.36,18278.0,733.0,100.0
NCCB,1/22/2014,455.0,454.0,443.0,444.0,-2.42,16599.0,733.0,100.0
NCCB,1/23/2014,444.0,448.0,439.0,443.0,-0.23,12915.0,733.0,100.0
NCCB,1/26/2014,443.0,440.0,429.0,439.0,-0.9,16994.0,733.0,100.0
NCCB,1/27/2014,439.0,440.0,430.0,430.0,-2.05,9952.0,733.0,100.0
NCCB,1/28/2014,430.0,439.0,431.0,434.0,0.93,12746.0,733.0,100.0
NCCB,1/29/2014,434.0,440.0,431.0,438.0,0.92,12606.0,733.0,100.0
NCCB,2/2/2014,438.0,432.0,422.0,428.0,-2.28,8260.0,733.0,100.0
NCCB,2/3/2014,428.0,435.0,415.0,435.0,1.64,16708.0,733.0,100.0
NCCB,2/4/2014,435.0,434.0,417.0,427.0,-1.84,14473.0,733.0,100.0
NCCB,2/6/2014,430.0,431.0,422.0,429.0,0.47,20985.0,733.0,100.0
NCCB,2/9/2014,429.0,431.0,423.0,426.0,-0.7,20617.0,733.0,100.0
NCCB,2/10/2014,426.0,450.0,427.0,434.0,1.88,14602.0,733.0,100.0
NCCB,2/11/2014,434.0,426.0,420.0,422.0,-2.76,10632.0,733.0,100.0
NCCB,2/12/2014,422.0,425.0,417.0,421.0,-0.24,9697.0,733.0,100.0
NCCB,2/13/2014,421.0,430.0,420.0,426.0,1.19,11762.0,733.0,100.0
NCCB,2/16/2014,426.0,418.0,418.0,418.0,-1.88,242.0,733.0,100.0
NCCB,2/17/2014,418.0,423.0,411.0,415.0,-0.72,6941.0,733.0,100.0
NCCB,2/18/2014,415.0,419.0,410.0,414.0,-0.24,9060.0,733.0,100.0
NCCB,2/20/2014,414.0,427.0,414.0,422.0,1.93,18894.0,733.0,100.0
NCCB,2/23/2014,422.0,433.0,417.0,425.0,0.71,12149.0,733.0,100.0
NCCB,2/24/2014,425.0,433.0,413.0,416.0,-2.12,13679.0,733.0,100.0
NCCB,2/25/2014,416.0,424.0,411.0,423.0,1.68,6041.0,733.0,100.0
NCCB,2/26/2014,423.0,437.0,412.0,418.0,-1.18,7704.0,733.0,100.0
NCCB,3/3/2014,418.0,418.0,408.0,410.0,-1.91,14572.0,733.0,100.0
NCCB,3/4/2014,410.0,415.0,400.0,410.0,0.0,14670.0,733.0,100.0
NCCB,3/5/2014,410.0,427.0,412.0,417.0,1.71,13352.0,733.0,100.0
NCCB,3/6/2014,417.0,429.0,419.0,424.0,1.68,21594.0,733.0,100.0
NCCB,3/9/2014,424.0,416.0,410.0,410.0,-3.3,4973.0,733.0,100.0
NCCB,3/10/2014,410.0,417.0,402.0,410.0,0.0,12509.0,733.0,100.0
NCCB,3/11/2014,410.0,411.0,403.0,411.0,0.24,7838.0,733.0,100.0
NCCB,3/12/2014,411.0,410.0,395.0,402.0,-2.19,12390.0,733.0,100.0
NCCB,3/13/2014,402.0,428.0,405.0,420.0,4.48,23167.0,733.0,100.0
NCCB,3/17/2014,420.0,415.0,401.0,401.0,-4.52,8090.0,733.0,100.0
NCCB,3/18/2014,401.0,410.0,396.0,408.0,1.75,14881.0,733.0,100.0
NCCB,3/19/2014,408.0,418.0,409.0,415.0,1.72,7154.0,733.0,100.0
NCCB,3/20/2014,415.0,413.0,407.0,410.0,-1.2,5901.0,733.0,100.0
NCCB,3/23/2014,410.0,418.0,405.0,407.0,-0.73,5314.0,733.0,100.0
NCCB,3/24/2014,407.0,414.0,402.0,410.0,0.74,7534.0,733.0,100.0
NCCB,3/25/2014,410.0,414.0,405.0,405.0,-1.22,8689.0,733.0,100.0
NCCB,3/26/2014,405.0,418.0,403.0,418.0,3.21,5831.0,733.0,100.0
NCCB,3/27/2014,418.0,421.0,411.0,414.0,-0.96,10301.0,733.0,100.0
NCCB,3/31/2014,414.0,443.0,419.0,425.0,2.66,15911.0,733.0,100.0
NCCB,4/1/2014,425.0,433.0,420.0,426.0,0.24,26619.0,733.0,100.0
NCCB,4/2/2014,426.0,434.0,425.0,427.0,0.23,28777.0,733.0,100.0
NCCB,4/3/2014,427.0,437.0,428.0,434.0,1.64,45743.0,733.0,100.0
NCCB,4/6/2014,434.0,431.0,423.0,430.0,-0.92,2118.0,733.0,100.0
NCCB,4/7/2014,430.0,425.0,420.0,420.0,-2.33,3555.0,733.0,100.0
NCCB,4/9/2014,420.0,423.0,412.0,420.0,0.0,5403.0,733.0,100.0
NCCB,4/10/2014,420.0,425.0,420.0,424.0,0.95,10576.0,733.0,100.0
NCCB,4/13/2014,424.0,430.0,422.0,422.0,-0.47,12483.0,733.0,100.0
NCCB,4/15/2014,422.0,430.0,424.0,424.0,0.47,6014.0,733.0,100.0
NCCB,4/16/2014,424.0,426.0,420.0,425.0,0.24,12119.0,733.0,100.0
NCCB,4/17/2014,425.0,422.0,416.0,418.0,-1.65,14419.0,733.0,100.0
NCCB,4/20/2014,418.0,422.0,418.0,422.0,0.96,3668.0,733.0,100.0
NCCB,4/21/2014,422.0,422.0,415.0,420.0,-0.47,7235.0,733.0,100.0
NCCB,4/22/2014,420.0,420.0,417.0,419.0,-0.24,3586.0,733.0,100.0
NCCB,4/23/2014,419.0,420.0,413.0,416.0,-0.72,6337.0,733.0,100.0
NCCB,4/27/2014,416.0,420.0,410.0,415.0,-0.24,13943.0,733.0,100.0
NCCB,4/28/2014,415.0,417.0,405.0,413.0,-0.48,12104.0,733.0,100.0
NCCB,4/29/2014,413.0,417.0,401.0,417.0,0.97,15330.0,733.0,100.0
NCCB,4/30/2014,417.0,418.0,408.0,412.0,-1.2,13768.0,733.0,100.0
NCCB,5/4/2014,412.0,419.0,404.0,410.0,-0.49,11651.0,733.0,100.0
NCCB,5/5/2014,410.0,432.0,412.0,425.0,3.66,13476.0,733.0,100.0
NCCB,5/6/2014,425.0,449.0,424.0,434.0,2.12,32856.0,733.0,100.0
NCCB,5/7/2014,434.0,444.0,430.0,430.0,-0.92,19992.0,733.0,100.0
NCCB,5/8/2014,430.0,431.0,420.0,430.0,0.0,8388.0,733.0,100.0
NCCB,5/11/2014,430.0,430.0,420.0,421.0,-2.09,5289.0,733.0,100.0
NCCB,5/12/2014,421.0,428.0,423.0,425.0,0.95,8178.0,733.0,100.0
NCCB,5/13/2014,425.0,433.0,426.0,432.0,1.65,35106.0,733.0,100.0
NCCB,5/15/2014,432.0,442.0,430.0,440.0,1.85,15061.0,733.0,100.0
NCCB,5/18/2014,440.0,442.0,436.0,441.0,0.23,23878.0,733.0,100.0
NCCB,5/19/2014,441.0,447.0,439.0,446.0,1.13,26638.0,733.0,100.0
NCCB,5/20/2014,446.0,452.0,437.0,452.0,1.35,27349.0,733.0,100.0
NCCB,5/21/2014,452.0,460.0,450.0,455.0,0.66,29442.0,733.0,100.0
NCCB,5/22/2014,455.0,455.0,447.0,450.0,-1.1,16518.0,733.0,100.0
NCCB,5/25/2014,450.0,460.0,452.0,455.0,1.11,10585.0,733.0,100.0
NCCB,5/26/2014,455.0,458.0,450.0,452.0,-0.66,20445.0,733.0,100.0
NCCB,5/27/2014,452.0,454.0,445.0,448.0,-0.88,12530.0,733.0,100.0
NCCB,5/28/2014,448.0,452.0,448.0,449.0,0.22,28522.0,733.0,100.0
NCCB,6/1/2014,449.0,465.0,446.0,457.0,1.78,29660.0,733.0,100.0
NCCB,6/2/2014,457.0,498.0,455.0,487.0,6.56,67254.0,733.0,100.0
NCCB,6/3/2014,487.0,501.0,483.0,483.0,-0.82,78595.0,733.0,100.0
NCCB,6/4/2014,483.0,499.0,475.0,490.0,1.45,54202.0,733.0,100.0
NCCB,6/5/2014,490.0,495.0,482.0,490.0,0.0,26051.0,733.0,100.0
NCCB,6/8/2014,490.0,510.0,486.0,507.0,3.47,64036.0,733.0,100.0
NCCB,6/9/2014,507.0,530.0,498.0,528.0,4.14,95070.0,733.0,100.0
NCCB,6/10/2014,528.0,545.0,525.0,530.0,0.38,50960.0,733.0,100.0
NCCB,6/11/2014,530.0,543.0,519.0,528.0,-0.38,40656.0,733.0,100.0
NCCB,6/12/2014,528.0,553.0,528.0,538.0,1.89,114613.0,733.0,100.0
NCCB,6/15/2014,538.0,554.0,534.0,551.0,2.42,30128.0,733.0,100.0
NCCB,6/16/2014,551.0,560.0,544.0,548.0,-0.54,33753.0,733.0,100.0
NCCB,6/17/2014,548.0,555.0,540.0,549.0,0.18,51883.0,733.0,100.0
NCCB,6/18/2014,549.0,554.0,541.0,548.0,-0.18,33172.0,733.0,100.0
NCCB,6/19/2014,548.0,555.0,539.0,545.0,-0.55,30869.0,733.0,100.0
NCCB,6/23/2014,545.0,550.0,530.0,534.0,-2.02,16314.0,733.0,100.0
NCCB,6/24/2014,534.0,543.0,530.0,540.0,1.12,17528.0,733.0,100.0
NCCB,6/25/2014,540.0,570.0,545.0,570.0,5.56,47143.0,733.0,100.0
NCCB,6/26/2014,570.0,581.0,565.0,570.0,0.0,25447.0,733.0,100.0
NCCB,6/29/2014,570.0,620.0,578.0,589.0,3.33,69685.0,733.0,100.0
NCCB,6/30/2014,589.0,600.0,580.0,600.0,1.87,29304.0,733.0,100.0
NCCB,7/1/2014,600.0,611.0,599.0,604.0,0.67,33306.0,733.0,100.0
NCCB,7/2/2014,604.0,635.0,615.0,628.0,3.97,56566.0,733.0,100.0
NCCB,7/3/2014,628.0,655.0,620.0,630.0,0.32,53657.0,733.0,100.0
NCCB,7/6/2014,630.0,642.0,628.0,635.0,0.79,21348.0,733.0,100.0
NCCB,7/7/2014,635.0,651.0,630.0,637.0,0.31,27861.0,733.0,100.0
NCCB,7/8/2014,637.0,650.0,630.0,638.0,0.16,24280.0,733.0,100.0
NCCB,7/9/2014,638.0,645.0,634.0,640.0,0.31,13002.0,733.0,100.0
NCCB,7/10/2014,640.0,647.0,633.0,647.0,1.09,20043.0,733.0,100.0
NCCB,7/13/2014,647.0,711.0,650.0,660.0,2.01,24606.0,733.0,100.0
NCCB,7/14/2014,660.0,655.0,640.0,646.0,-2.12,12365.0,733.0,100.0
NCCB,7/15/2014,646.0,645.0,634.0,637.0,-1.39,20877.0,733.0,100.0
NCCB,7/16/2014,637.0,652.0,638.0,642.0,0.78,17493.0,733.0,100.0
NCCB,7/17/2014,642.0,653.0,642.0,648.0,0.93,25776.0,733.0,100.0
NCCB,7/20/2014,648.0,698.0,654.0,686.0,5.86,57689.0,733.0,100.0
NCCB,7/21/2014,686.0,715.0,682.0,688.0,0.29,55566.0,733.0,100.0
NCCB,7/22/2014,688.0,700.0,677.0,686.0,-0.29,21824.0,733.0,100.0
NCCB,7/23/2014,686.0,700.0,680.0,680.0,-0.87,25828.0,733.0,100.0
NCCB,7/24/2014,680.0,705.0,667.0,689.0,1.32,32445.0,733.0,100.0
NCCB,7/27/2014,689.0,717.0,690.0,705.0,2.32,39062.0,733.0,100.0
NCCB,7/28/2014,705.0,719.0,700.0,710.0,0.71,25696.0,733.0,100.0
NCCB,7/30/2014,710.0,720.0,700.0,700.0,-1.41,41007.0,733.0,100.0
NCCB,7/31/2014,700.0,718.0,691.0,718.0,2.57,35509.0,733.0,100.0
NCCB,8/3/2014,718.0,715.0,700.0,700.0,-2.51,17058.0,733.0,100.0
NCCB,8/4/2014,700.0,700.0,685.0,692.0,-1.14,10592.0,733.0,100.0
NCCB,8/5/2014,692.0,715.0,695.0,700.0,1.16,34630.0,733.0,100.0
NCCB,8/6/2014,700.0,705.0,680.0,693.0,-1.0,13206.0,733.0,100.0
NCCB,8/7/2014,693.0,709.0,675.0,702.0,1.3,14937.0,733.0,100.0
NCCB,8/12/2014,702.0,695.0,680.0,690.0,-1.71,13220.0,733.0,100.0
NCCB,8/13/2014,690.0,692.0,660.0,685.0,-0.72,24815.0,733.0,100.0
NCCB,8/14/2014,685.0,700.0,670.0,700.0,2.19,80100.0,733.0,100.0
NCCB,8/18/2014,700.0,694.0,680.0,688.0,-1.71,16353.0,733.0,100.0
NCCB,8/19/2014,688.0,701.0,679.0,687.0,-0.15,50540.0,733.0,100.0
NCCB,8/20/2014,687.0,685.0,665.0,665.0,-3.2,34661.0,733.0,100.0
NCCB,8/21/2014,665.0,690.0,640.0,685.0,3.01,26813.0,733.0,100.0
NCCB,8/24/2014,685.0,700.0,670.0,675.0,-1.46,13750.0,733.0,100.0
NCCB,8/25/2014,675.0,671.0,640.0,663.0,-1.78,19870.0,733.0,100.0
NCCB,8/26/2014,663.0,685.0,630.0,637.0,-3.92,19351.0,733.0,100.0
NCCB,8/27/2014,637.0,670.0,649.0,658.0,3.3,40428.0,733.0,100.0
NCCB,8/28/2014,658.0,685.0,658.0,663.0,0.76,34563.0,733.0,100.0
NCCB,8/31/2014,663.0,702.0,662.0,670.0,1.06,36326.0,733.0,100.0
NCCB,9/1/2014,670.0,675.0,649.0,669.0,-0.15,31378.0,733.0,100.0
NCCB,9/3/2014,669.0,679.0,638.0,651.0,-2.69,27741.0,733.0,100.0
NCCB,9/4/2014,651.0,660.0,637.0,660.0,1.38,18657.0,733.0,100.0
NCCB,9/7/2014,660.0,650.0,610.0,612.0,-7.27,18204.0,733.0,100.0
NCCB,9/9/2014,612.0,652.0,620.0,650.0,6.21,37767.0,733.0,100.0
NCCB,9/10/2014,650.0,663.0,620.0,628.0,-3.38,24862.0,733.0,100.0
NCCB,9/11/2014,628.0,631.0,600.0,625.0,-0.48,16745.0,733.0,100.0
NCCB,9/14/2014,625.0,640.0,617.0,638.0,2.08,12370.0,733.0,100.0
NCCB,9/15/2014,638.0,639.0,626.0,636.0,-0.31,12367.0,733.0,100.0
NCCB,9/16/2014,636.0,685.0,625.0,667.0,4.87,42877.0,733.0,100.0
NCCB,9/17/2014,667.0,733.0,657.0,665.0,-0.3,128368.0,733.0,100.0
NCCB,9/18/2014,665.0,665.0,638.0,648.0,-2.56,38371.0,733.0,100.0
NCCB,9/21/2014,648.0,650.0,613.0,628.0,-3.09,21264.0,733.0,100.0
NCCB,9/22/2014,628.0,635.0,605.0,629.0,0.16,21096.0,733.0,100.0
NCCB,9/23/2014,629.0,643.0,622.0,639.0,1.59,20761.0,733.0,100.0
NCCB,9/24/2014,639.0,646.0,635.0,644.0,0.78,8789.0,733.0,100.0
NCCB,9/28/2014,644.0,660.0,644.0,650.0,0.93,18357.0,733.0,100.0
NCCB,9/29/2014,650.0,655.0,635.0,651.0,0.15,10151.0,733.0,100.0
NCCB,9/30/2014,651.0,656.0,635.0,635.0,-2.46,15452.0,733.0,100.0
NCCB,10/8/2014,635.0,639.0,610.0,610.0,-3.94,4506.0,733.0,100.0
NCCB,10/9/2014,610.0,640.0,615.0,620.0,1.64,1878.0,733.0,100.0
NCCB,10/12/2014,620.0,627.0,608.0,615.0,-0.81,10055.0,733.0,100.0
NCCB,10/13/2014,615.0,620.0,612.0,619.0,0.65,5082.0,733.0,100.0
NCCB,10/14/2014,619.0,635.0,619.0,619.0,0.0,5506.0,733.0,100.0
NCCB,10/15/2014,619.0,635.0,622.0,631.0,1.94,7324.0,733.0,100.0
NCCB,10/16/2014,631.0,635.0,620.0,623.0,-1.27,9289.0,733.0,100.0
NCCB,10/19/2014,623.0,625.0,608.0,615.0,-1.28,3624.0,733.0,100.0
NCCB,10/20/2014,615.0,627.0,615.0,616.0,0.16,1638.0,733.0,100.0
NCCB,10/21/2014,616.0,628.0,609.0,619.0,0.49,8209.0,733.0,100.0
NCCB,10/22/2014,619.0,625.0,614.0,625.0,0.97,9971.0,733.0,100.0
NCCB,10/26/2014,625.0,625.0,615.0,615.0,-1.6,2008.0,733.0,100.0
NCCB,10/27/2014,615.0,624.0,614.0,615.0,0.0,7741.0,733.0,100.0
NCCB,10/28/2014,615.0,620.0,605.0,616.0,0.16,12127.0,733.0,100.0
NCCB,10/30/2014,616.0,615.0,600.0,600.0,-2.6,6626.0,733.0,100.0
NCCB,11/2/2014,600.0,610.0,590.0,597.0,-0.5,6842.0,733.0,100.0
NCCB,11/3/2014,597.0,599.0,580.0,593.0,-0.67,4653.0,733.0,100.0
NCCB,11/4/2014,593.0,593.0,572.0,593.0,0.0,10043.0,733.0,100.0
NCCB,11/5/2014,593.0,587.0,575.0,586.0,-1.18,10758.0,733.0,100.0
NCCB,11/6/2014,586.0,588.0,564.0,588.0,0.34,11395.0,733.0,100.0
NCCB,11/9/2014,588.0,583.0,572.0,575.0,-2.21,452.0,733.0,100.0
NCCB,11/10/2014,575.0,585.0,568.0,579.0,0.7,1725.0,733.0,100.0
NCCB,11/11/2014,579.0,590.0,568.0,577.0,-0.35,672.0,733.0,100.0
NCCB,11/12/2014,577.0,577.0,560.0,569.0,-1.39,2250.0,733.0,100.0
NCCB,11/13/2014,569.0,582.0,550.0,582.0,2.28,9127.0,733.0,100.0
NCCB,11/16/2014,582.0,572.0,526.0,526.0,-9.62,6554.0,733.0,100.0
NCCB,11/17/2014,526.0,555.0,505.0,520.0,-1.14,9365.0,733.0,100.0
NCCB,11/18/2014,520.0,535.0,500.0,512.0,-1.54,19744.0,733.0,100.0
NCCB,11/19/2014,512.0,545.0,515.0,535.0,4.49,1557.0,733.0,100.0
NCCB,11/20/2014,535.0,551.0,525.0,541.0,1.12,8277.0,733.0,100.0
NCCB,11/23/2014,541.0,562.0,539.0,540.0,-0.18,5870.0,733.0,100.0
NCCB,11/24/2014,540.0,555.0,530.0,530.0,-1.85,8522.0,733.0,100.0
NCCB,11/25/2014,530.0,538.0,525.0,535.0,0.94,10415.0,733.0,100.0
NCCB,11/30/2014,535.0,528.0,515.0,519.0,-2.99,4434.0,733.0,100.0
NCCB,12/1/2014,519.0,520.0,512.0,515.0,-0.77,2558.0,733.0,100.0
NCCB,12/2/2014,515.0,525.0,514.0,514.0,-0.19,1752.0,733.0,100.0
NCCB,12/3/2014,514.0,529.0,519.0,529.0,2.92,2169.0,733.0,100.0
NCCB,12/4/2014,529.0,538.0,518.0,518.0,-2.08,10152.0,733.0,100.0
NCCB,12/7/2014,518.0,533.0,500.0,523.0,0.97,11234.0,733.0,100.0
NCCB,12/8/2014,523.0,525.0,514.0,515.0,-1.53,7292.0,733.0,100.0
NCCB,12/9/2014,515.0,518.0,514.0,518.0,0.58,2642.0,733.0,100.0
NCCB,12/10/2014,518.0,538.0,518.0,525.0,1.35,3514.0,733.0,100.0
NCCB,12/11/2014,525.0,532.0,523.0,532.0,1.33,7508.0,733.0,100.0
NCCB,12/14/2014,532.0,562.0,542.0,551.0,3.57,16027.0,733.0,100.0
NCCB,12/15/2014,551.0,581.0,540.0,555.0,0.73,34781.0,733.0,100.0
NCCB,12/16/2014,555.0,572.0,540.0,561.0,1.08,10636.0,733.0,100.0
NCCB,12/17/2014,561.0,584.0,551.0,576.0,2.67,9863.0,733.0,100.0
NCCB,12/18/2014,576.0,579.0,563.0,575.0,-0.17,6063.0,733.0,100.0
NCCB,12/21/2014,575.0,584.0,560.0,565.0,-1.74,8384.0,733.0,100.0
NCCB,12/22/2014,565.0,571.0,547.0,547.0,-3.19,20743.0,733.0,100.0
NCCB,12/23/2014,547.0,557.0,519.0,520.0,-4.94,40409.0,733.0,100.0
NCCB,12/24/2014,520.0,541.0,510.0,540.0,3.85,5977.0,733.0,100.0
NCCB,12/28/2014,540.0,576.0,545.0,576.0,6.67,8912.0,733.0,100.0
NCCB,12/29/2014,576.0,585.0,567.0,585.0,1.56,3409.0,733.0,100.0
NCCB,12/31/2014,585.0,575.0,560.0,568.0,-2.91,797.0,733.0,100.0
NCCB,1/1/2015,568.0,575.0,561.0,561.0,-1.23,3221.0,733.0,100.0
NCCB,1/4/2015,561.0,590.0,560.0,590.0,5.17,3811.0,733.0,100.0
NCCB,1/5/2015,590.0,596.0,580.0,585.0,-0.85,1621.0,733.0,100.0
NCCB,1/6/2015,585.0,575.0,570.0,570.0,-2.56,5054.0,733.0,100.0
NCCB,1/7/2015,570.0,585.0,570.0,585.0,2.63,3225.0,733.0,100.0
NCCB,1/8/2015,585.0,620.0,590.0,620.0,5.98,3316.0,733.0,100.0
NCCB,1/11/2015,620.0,608.0,585.0,585.0,-5.65,705.0,733.0,100.0
NCCB,1/12/2015,585.0,585.0,569.0,583.0,-0.34,2447.0,733.0,100.0
NCCB,1/13/2015,583.0,586.0,567.0,576.0,-1.2,1666.0,733.0,100.0
NCCB,1/14/2015,576.0,591.0,569.0,591.0,2.6,792.0,733.0,100.0
NCCB,1/18/2015,591.0,614.0,591.0,600.0,1.52,11152.0,733.0,100.0
NCCB,1/19/2015,600.0,636.0,609.0,635.0,5.83,6065.0,733.0,100.0
NCCB,1/20/2015,635.0,629.0,615.0,617.0,-2.83,2125.0,733.0,100.0
NCCB,1/22/2015,617.0,610.0,602.0,602.0,-2.43,1530.0,733.0,100.0
NCCB,1/25/2015,602.0,610.0,590.0,605.0,0.5,2805.0,733.0,100.0
NCCB,1/26/2015,605.0,613.0,600.0,609.0,0.66,3195.0,733.0,100.0
NCCB,1/27/2015,609.0,621.0,615.0,619.0,1.64,3169.0,733.0,100.0
NCCB,1/28/2015,619.0,639.0,622.0,635.0,2.58,7361.0,733.0,100.0
NCCB,1/29/2015,635.0,648.0,623.0,642.0,1.1,4516.0,733.0,100.0
NCCB,2/1/2015,642.0,645.0,638.0,639.0,-0.47,8373.0,733.0,100.0
NCCB,2/2/2015,639.0,652.0,639.0,652.0,2.03,6625.0,733.0,100.0
NCCB,2/3/2015,652.0,645.0,630.0,635.0,-2.61,12432.0,733.0,100.0
NCCB,2/4/2015,635.0,640.0,630.0,630.0,-0.79,2681.0,733.0,100.0
NCCB,2/5/2015,630.0,625.0,620.0,624.0,-0.95,1687.0,733.0,100.0
NCCB,2/8/2015,624.0,635.0,607.0,630.0,0.96,7640.0,733.0,100.0
NCCB,2/9/2015,630.0,630.0,625.0,627.0,-0.48,1798.0,733.0,100.0
NCCB,2/10/2015,627.0,629.0,625.0,626.0,-0.16,2972.0,733.0,100.0
NCCB,2/11/2015,626.0,630.0,625.0,627.0,0.16,4007.0,733.0,100.0
NCCB,2/12/2015,627.0,635.0,625.0,630.0,0.48,7507.0,733.0,100.0
NCCB,2/15/2015,630.0,640.0,630.0,633.0,0.48,5735.0,733.0,100.0
NCCB,2/16/2015,633.0,635.0,631.0,631.0,-0.32,1342.0,733.0,100.0
NCCB,2/18/2015,631.0,630.0,623.0,630.0,-0.16,5029.0,733.0,100.0
NCCB,2/22/2015,630.0,626.0,618.0,618.0,-1.9,4420.0,733.0,100.0
NCCB,2/23/2015,618.0,631.0,614.0,631.0,2.1,1775.0,733.0,100.0
NCCB,2/24/2015,631.0,640.0,620.0,620.0,-1.74,2251.0,733.0,100.0
NCCB,2/25/2015,620.0,620.0,610.0,615.0,-0.81,795.0,733.0,100.0
NCCB,2/26/2015,615.0,617.0,612.0,617.0,0.33,798.0,733.0,100.0
NCCB,3/1/2015,617.0,616.0,610.0,614.0,-0.49,7883.0,733.0,100.0
NCCB,3/2/2015,614.0,618.0,613.0,613.0,-0.16,2028.0,733.0,100.0
NCCB,3/3/2015,613.0,625.0,610.0,625.0,1.96,5795.0,733.0,100.0
NCCB,3/4/2015,625.0,624.0,615.0,615.0,-1.6,1280.0,733.0,100.0
NCCB,3/9/2015,615.0,633.0,620.0,629.0,2.28,10390.0,733.0,100.0
NCCB,3/10/2015,629.0,629.0,617.0,620.0,-1.43,2345.0,733.0,100.0
NCCB,3/11/2015,620.0,630.0,625.0,630.0,1.61,6830.0,733.0,100.0
NCCB,3/12/2015,630.0,629.0,620.0,626.0,-0.63,5284.0,733.0,100.0
NCCB,3/15/2015,626.0,626.0,615.0,620.0,-0.96,1480.0,733.0,100.0
NCCB,3/16/2015,620.0,617.0,605.0,610.0,-1.61,5331.0,733.0,100.0
NCCB,3/17/2015,610.0,615.0,599.0,615.0,0.82,11482.0,733.0,100.0
NCCB,3/18/2015,615.0,615.0,613.0,614.0,-0.16,4787.0,733.0,100.0
NCCB,3/19/2015,614.0,618.0,611.0,611.0,-0.49,6135.0,733.0,100.0
NCCB,3/22/2015,611.0,615.0,610.0,611.0,0.0,8004.0,733.0,100.0
NCCB,3/23/2015,611.0,611.0,594.0,611.0,0.0,7420.0,733.0,100.0
NCCB,3/24/2015,611.0,611.0,598.0,600.0,-1.8,9558.0,733.0,100.0
NCCB,3/25/2015,600.0,596.0,583.0,583.0,-2.83,1715.0,733.0,100.0
NCCB,3/26/2015,583.0,601.0,578.0,601.0,3.09,3126.0,733.0,100.0
NCCB,3/29/2015,601.0,596.0,582.0,583.0,-3.0,6810.0,733.0,100.0
NCCB,3/30/2015,583.0,592.0,585.0,590.0,1.2,1589.0,733.0,100.0
NCCB,3/31/2015,590.0,592.0,581.0,581.0,-1.53,3760.0,733.0,100.0
NCCB,4/1/2015,581.0,590.0,570.0,590.0,1.55,7340.0,733.0,100.0
NCCB,4/2/2015,590.0,588.0,575.0,585.0,-0.85,3415.0,733.0,100.0
NCCB,4/5/2015,585.0,584.0,573.0,575.0,-1.71,1967.0,733.0,100.0
NCCB,4/6/2015,575.0,596.0,575.0,596.0,3.65,2015.0,733.0,100.0
NCCB,4/7/2015,596.0,600.0,600.0,600.0,0.67,66.0,733.0,100.0
NCCB,4/8/2015,600.0,594.0,590.0,590.0,-1.67,360.0,733.0,100.0
NCCB,4/9/2015,590.0,589.0,574.0,574.0,-2.71,926.0,733.0,100.0
NCCB,4/12/2015,574.0,596.0,585.0,595.0,3.66,7532.0,733.0,100.0
NCCB,4/13/2015,595.0,590.0,581.0,588.0,-1.18,4186.0,733.0,100.0
NCCB,4/15/2015,588.0,585.0,582.0,585.0,-0.51,62.0,733.0,100.0
NCCB,4/16/2015,585.0,582.0,572.0,580.0,-0.85,665.0,733.0,100.0
NCCB,4/19/2015,580.0,591.0,575.0,580.0,0.0,3704.0,733.0,100.0
NCCB,4/21/2015,580.0,585.0,572.0,575.0,-0.86,14880.0,733.0,100.0
NCCB,4/22/2015,575.0,574.0,564.0,574.0,-0.17,4056.0,733.0,100.0
NCCB,4/23/2015,574.0,563.0,563.0,563.0,-1.92,500.0,733.0,100.0
NCCB,5/26/2015,563.0,552.0,541.0,541.0,-3.91,70.0,733.0,100.0
NCCB,5/28/2015,541.0,532.0,500.0,502.0,-7.21,3116.0,733.0,100.0
NCCB,5/31/2015,502.0,528.0,492.0,524.0,4.38,16670.0,733.0,100.0
NCCB,6/1/2015,524.0,534.0,510.0,521.0,-0.57,11076.0,733.0,100.0
NCCB,6/2/2015,521.0,540.0,521.0,540.0,3.65,8729.0,733.0,100.0
NCCB,6/3/2015,540.0,571.0,543.0,564.0,4.44,24947.0,733.0,100.0
NCCB,6/4/2015,564.0,568.0,545.0,563.0,-0.18,5222.0,733.0,100.0
NCCB,6/7/2015,563.0,579.0,563.0,579.0,2.84,6892.0,733.0,100.0
NCCB,6/8/2015,579.0,604.0,580.0,590.0,1.9,8173.0,733.0,100.0
NCCB,6/9/2015,590.0,637.0,590.0,599.0,1.53,12198.0,733.0,100.0
NCCB,6/10/2015,599.0,599.0,580.0,588.0,-1.84,1980.0,733.0,100.0
NCCB,6/11/2015,588.0,588.0,567.0,570.0,-3.06,5032.0,733.0,100.0
NCCB,6/14/2015,570.0,565.0,561.0,562.0,-1.4,1733.0,733.0,100.0
NCCB,6/15/2015,562.0,581.0,560.0,575.0,2.31,1950.0,733.0,100.0
NCCB,6/16/2015,575.0,580.0,545.0,580.0,0.87,12065.0,733.0,100.0
NCCB,6/17/2015,580.0,580.0,569.0,569.0,-1.9,287.0,733.0,100.0
NCCB,6/18/2015,569.0,580.0,564.0,570.0,0.18,30439.0,733.0,100.0
NCCB,6/21/2015,570.0,610.0,570.0,590.0,3.51,29904.0,733.0,100.0
NCCB,6/22/2015,590.0,600.0,586.0,589.0,-0.17,23464.0,733.0,100.0
NCCB,6/23/2015,589.0,599.0,590.0,597.0,1.36,32498.0,733.0,100.0
NCCB,6/24/2015,597.0,616.0,596.0,613.0,2.68,28974.0,733.0,100.0
NCCB,6/25/2015,613.0,623.0,605.0,610.0,-0.49,32388.0,733.0,100.0
NCCB,6/28/2015,610.0,615.0,595.0,600.0,-1.64,53001.0,733.0,100.0
NCCB,6/29/2015,600.0,611.0,600.0,604.0,0.67,49614.0,733.0,100.0
NCCB,6/30/2015,604.0,615.0,590.0,615.0,1.82,103767.0,733.0,100.0
NCCB,7/1/2015,446.0,465.0,445.0,445.0,-27.64,5485.0,733.0,100.0
NCCB,7/2/2015,445.0,445.0,435.0,440.0,-1.12,4296.0,733.0,100.0
NCCB,7/5/2015,440.0,439.0,429.0,435.0,-1.14,1750.0,733.0,100.0
NCCB,7/6/2015,435.0,435.0,430.0,434.0,-0.23,1813.0,733.0,100.0
NCCB,7/7/2015,434.0,462.0,425.0,458.0,5.53,9335.0,733.0,100.0
NCCB,7/8/2015,458.0,449.0,441.0,441.0,-3.71,2020.0,733.0,100.0
NCCB,7/9/2015,441.0,448.0,439.0,448.0,1.59,1681.0,733.0,100.0
NCCB,7/12/2015,448.0,441.0,435.0,435.0,-2.9,2698.0,733.0,100.0
NCCB,7/13/2015,435.0,440.0,434.0,434.0,-0.23,838.0,733.0,100.0
NCCB,7/14/2015,434.0,436.0,430.0,434.0,0.0,2848.0,733.0,100.0
NCCB,7/15/2015,434.0,442.0,418.0,432.0,-0.46,10681.0,733.0,100.0
NCCB,7/16/2015,432.0,459.0,427.0,459.0,6.25,3147.0,733.0,100.0
NCCB,7/22/2015,459.0,452.0,440.0,449.0,-2.18,28345.0,733.0,100.0
NCCB,7/23/2015,449.0,470.0,442.0,470.0,4.68,13353.0,733.0,100.0
NCCB,7/26/2015,470.0,517.0,479.0,517.0,10.0,10855.0,733.0,100.0
NCCB,7/27/2015,517.0,528.0,482.0,482.0,-6.77,23615.0,733.0,100.0
NCCB,7/28/2015,482.0,478.0,451.0,475.0,-1.45,12851.0,733.0,100.0
NCCB,7/29/2015,475.0,489.0,461.0,475.0,0.0,9754.0,733.0,100.0
NCCB,7/30/2015,475.0,484.0,470.0,471.0,-0.84,7316.0,733.0,100.0
NCCB,8/2/2015,471.0,477.0,473.0,477.0,1.27,1518.0,733.0,100.0
NCCB,8/3/2015,477.0,475.0,467.0,470.0,-1.47,5577.0,733.0,100.0
NCCB,8/4/2015,470.0,470.0,461.0,468.0,-0.43,6791.0,733.0,100.0
NCCB,8/5/2015,468.0,470.0,463.0,463.0,-1.07,5784.0,733.0,100.0
NCCB,8/6/2015,463.0,472.0,454.0,458.0,-1.08,9447.0,733.0,100.0
NCCB,8/9/2015,458.0,479.0,460.0,479.0,4.59,10307.0,733.0,100.0
NCCB,8/10/2015,479.0,472.0,464.0,465.0,-2.92,12705.0,733.0,100.0
NCCB,8/11/2015,465.0,465.0,450.0,463.0,-0.43,11484.0,733.0,100.0
NCCB,8/12/2015,463.0,469.0,447.0,469.0,1.3,6004.0,733.0,100.0
NCCB,8/13/2015,469.0,460.0,442.0,453.0,-3.41,6424.0,733.0,100.0
NCCB,8/16/2015,453.0,451.0,435.0,440.0,-2.87,19592.0,733.0,100.0
NCCB,8/17/2015,440.0,484.0,448.0,476.0,8.18,18219.0,733.0,100.0
NCCB,8/18/2015,476.0,494.0,455.0,477.0,0.21,19337.0,733.0,100.0
NCCB,8/19/2015,477.0,509.0,480.0,502.0,5.24,24400.0,733.0,100.0
NCCB,8/20/2015,502.0,523.0,499.0,499.0,-0.6,15312.0,733.0,100.0
NCCB,8/23/2015,499.0,518.0,485.0,488.0,-2.2,11254.0,733.0,100.0
NCCB,8/24/2015,488.0,495.0,485.0,485.0,-0.61,1775.0,733.0,100.0
NCCB,8/25/2015,485.0,485.0,465.0,480.0,-1.03,5811.0,733.0,100.0
NCCB,8/26/2015,480.0,485.0,485.0,485.0,1.04,300.0,733.0,100.0
NCCB,8/27/2015,485.0,490.0,485.0,486.0,0.21,6660.0,733.0,100.0
NCCB,8/31/2015,486.0,492.0,492.0,492.0,1.23,27.0,733.0,100.0
NCCB,9/1/2015,492.0,485.0,474.0,474.0,-3.66,1350.0,733.0,100.0
NCCB,9/2/2015,474.0,465.0,456.0,457.0,-3.59,1350.0,733.0,100.0
NCCB,9/3/2015,457.0,465.0,448.0,455.0,-0.44,4180.0,733.0,100.0
NCCB,9/6/2015,455.0,464.0,431.0,451.0,-0.88,3630.0,733.0,100.0
NCCB,9/7/2015,451.0,462.0,458.0,460.0,2.0,4409.0,733.0,100.0
NCCB,9/8/2015,460.0,465.0,458.0,458.0,-0.43,2030.0,733.0,100.0
NCCB,9/9/2015,458.0,460.0,452.0,457.0,-0.22,7509.0,733.0,100.0
NCCB,9/10/2015,457.0,460.0,450.0,455.0,-0.44,3055.0,733.0,100.0
NCCB,9/13/2015,455.0,458.0,451.0,454.0,-0.22,2602.0,733.0,100.0
NCCB,9/14/2015,454.0,467.0,450.0,453.0,-0.22,10357.0,733.0,100.0
NCCB,9/15/2015,453.0,479.0,460.0,465.0,2.65,14797.0,733.0,100.0
NCCB,9/16/2015,465.0,479.0,455.0,460.0,-1.08,12885.0,733.0,100.0
NCCB,9/17/2015,460.0,469.0,460.0,460.0,0.0,17293.0,733.0,100.0
NCCB,9/22/2015,460.0,456.0,442.0,450.0,-2.17,7361.0,733.0,100.0
NCCB,9/23/2015,450.0,459.0,448.0,452.0,0.44,11700.0,733.0,100.0
NCCB,9/24/2015,452.0,461.0,446.0,447.0,-1.11,13892.0,733.0,100.0
NCCB,9/28/2015,447.0,448.0,439.0,441.0,-1.34,10445.0,733.0,100.0
NCCB,9/29/2015,441.0,450.0,440.0,450.0,2.04,13237.0,733.0,100.0
NCCB,9/30/2015,450.0,461.0,448.0,456.0,1.33,35255.0,733.0,100.0
NCCB,10/1/2015,456.0,465.0,450.0,453.0,-0.66,9900.0,733.0,100.0
NCCB,10/4/2015,453.0,462.0,450.0,450.0,-0.66,10844.0,733.0,100.0
NCCB,10/5/2015,450.0,450.0,445.0,445.0,-1.11,3445.0,733.0,100.0
NCCB,10/6/2015,445.0,445.0,435.0,440.0,-1.12,4933.0,733.0,100.0
NCCB,10/7/2015,440.0,438.0,430.0,435.0,-1.14,9149.0,733.0,100.0
NCCB,10/8/2015,435.0,443.0,430.0,443.0,1.84,12532.0,733.0,100.0
NCCB,10/11/2015,443.0,436.0,420.0,420.0,-5.19,2750.0,733.0,100.0
NCCB,10/14/2015,420.0,435.0,428.0,434.0,3.33,626.0,733.0,100.0
NCCB,10/15/2015,434.0,445.0,438.0,441.0,1.61,805.0,733.0,100.0
NCCB,10/18/2015,441.0,433.0,425.0,430.0,-2.49,1142.0,733.0,100.0
NCCB,10/19/2015,430.0,430.0,428.0,430.0,0.0,1240.0,733.0,100.0
NCCB,10/25/2015,430.0,422.0,420.0,420.0,-2.33,400.0,733.0,100.0
NCCB,10/27/2015,420.0,420.0,400.0,420.0,0.0,8782.0,733.0,100.0
NCCB,10/29/2015,420.0,412.0,412.0,412.0,-1.9,200.0,733.0,100.0
NCCB,11/1/2015,412.0,413.0,400.0,413.0,0.24,1465.0,733.0,100.0
NCCB,11/2/2015,413.0,413.0,405.0,406.0,-1.69,3456.0,733.0,100.0
NCCB,11/3/2015,406.0,405.0,400.0,400.0,-1.48,2940.0,733.0,100.0
NCCB,11/4/2015,400.0,408.0,400.0,403.0,0.75,3656.0,733.0,100.0
NCCB,11/5/2015,403.0,410.0,395.0,410.0,1.74,3326.0,733.0,100.0
NCCB,11/8/2015,410.0,410.0,397.0,410.0,0.0,3009.0,733.0,100.0
NCCB,11/9/2015,410.0,420.0,404.0,413.0,0.73,1670.0,733.0,100.0
NCCB,11/10/2015,413.0,408.0,395.0,401.0,-2.91,5358.0,733.0,100.0
NCCB,11/15/2015,401.0,400.0,392.0,392.0,-2.24,1930.0,733.0,100.0
NCCB,11/16/2015,392.0,399.0,385.0,390.0,-0.51,4609.0,733.0,100.0
NCCB,11/18/2015,390.0,404.0,395.0,395.0,1.28,3922.0,733.0,100.0
NCCB,11/19/2015,395.0,395.0,388.0,392.0,-0.76,4775.0,733.0,100.0
NCCB,11/22/2015,392.0,390.0,371.0,387.0,-1.28,7971.0,733.0,100.0
NCCB,11/23/2015,387.0,385.0,370.0,385.0,-0.52,2325.0,733.0,100.0
NCCB,11/24/2015,385.0,386.0,371.0,386.0,0.26,3458.0,733.0,100.0
NCCB,11/25/2015,386.0,379.0,366.0,379.0,-1.81,2176.0,733.0,100.0
NCCB,11/26/2015,379.0,372.0,360.0,363.0,-4.22,10892.0,733.0,100.0
NCCB,3/7/2017,307.0,315.0,296.0,307.0,-15.43,109665.0,733.0,100.0
NCCB,3/9/2017,307.0,315.0,302.0,312.0,1.63,138669.0,733.0,100.0
NCCB,3/13/2017,312.0,319.0,311.0,314.0,0.64,62254.0,733.0,100.0
NCCB,3/14/2017,314.0,315.0,310.0,310.0,-1.27,51341.0,733.0,100.0
NCCB,3/15/2017,310.0,318.0,308.0,316.0,1.94,54607.0,733.0,100.0
NCCB,3/16/2017,316.0,330.0,315.0,328.0,3.8,153620.0,733.0,100.0
NCCB,3/19/2017,328.0,346.0,320.0,343.0,4.57,182590.0,733.0,100.0
NCCB,3/20/2017,343.0,350.0,339.0,343.0,0.0,116268.0,733.0,100.0
NCCB,3/21/2017,343.0,365.0,334.0,359.0,4.66,167481.0,733.0,100.0
NCCB,3/22/2017,359.0,372.0,346.0,353.0,-1.67,142787.0,733.0,100.0
NCCB,3/23/2017,353.0,360.0,342.0,350.0,-0.85,117793.0,733.0,100.0
NCCB,3/26/2017,350.0,379.0,357.0,376.0,7.43,262623.0,733.0,100.0
NCCB,3/28/2017,376.0,399.0,374.0,392.0,4.26,158622.0,733.0,100.0
NCCB,3/29/2017,392.0,406.0,375.0,384.0,-2.04,179664.0,733.0,100.0
NCCB,3/30/2017,384.0,392.0,370.0,389.0,1.3,135676.0,733.0,100.0
NCCB,4/2/2017,389.0,427.0,395.0,427.0,9.77,130400.0,733.0,100.0
NCCB,4/3/2017,427.0,450.0,405.0,410.0,-3.98,316644.0,733.0,100.0
NCCB,4/4/2017,410.0,418.0,397.0,415.0,1.22,163363.0,733.0,100.0
NCCB,4/6/2017,415.0,446.0,411.0,443.0,6.75,299134.0,733.0,100.0
NCCB,4/9/2017,443.0,450.0,432.0,437.0,-1.35,124215.0,733.0,100.0
NCCB,4/10/2017,437.0,440.0,430.0,437.0,0.0,77341.0,733.0,100.0
NCCB,4/11/2017,437.0,460.0,437.0,452.0,3.43,201913.0,733.0,100.0
NCCB,4/12/2017,452.0,465.0,441.0,464.0,2.65,207688.0,733.0,100.0
NCCB,4/13/2017,464.0,473.0,438.0,454.0,-2.16,381761.0,733.0,100.0
NCCB,4/16/2017,454.0,459.0,435.0,438.0,-3.52,189147.0,733.0,100.0
NCCB,4/18/2017,438.0,445.0,417.0,424.0,-3.2,135688.0,733.0,100.0
NCCB,4/19/2017,424.0,440.0,420.0,436.0,2.83,72590.0,733.0,100.0
NCCB,4/20/2017,436.0,449.0,425.0,432.0,-0.92,103204.0,733.0,100.0
NCCB,4/23/2017,432.0,465.0,436.0,442.0,2.31,79935.0,733.0,100.0
NCCB,4/24/2017,442.0,445.0,434.0,439.0,-0.68,65538.0,733.0,100.0
NCCB,4/25/2017,439.0,436.0,426.0,433.0,-1.37,71754.0,733.0,100.0
NCCB,4/26/2017,433.0,435.0,421.0,425.0,-1.85,78017.0,733.0,100.0
NCCB,4/27/2017,425.0,429.0,410.0,422.0,-0.71,87129.0,733.0,100.0
NCCB,4/30/2017,422.0,428.0,411.0,415.0,-1.66,59173.0,733.0,100.0
NCCB,5/2/2017,415.0,422.0,407.0,414.0,-0.24,60478.0,733.0,100.0
NCCB,5/3/2017,414.0,422.0,413.0,415.0,0.24,33978.0,733.0,100.0
NCCB,5/4/2017,415.0,415.0,408.0,412.0,-0.72,27630.0,733.0,100.0
NCCB,5/7/2017,412.0,413.0,397.0,400.0,-2.91,58244.0,733.0,100.0
NCCB,5/8/2017,400.0,415.0,401.0,415.0,3.75,32334.0,733.0,100.0
NCCB,5/9/2017,415.0,423.0,406.0,420.0,1.2,41703.0,733.0,100.0
NCCB,5/11/2017,420.0,422.0,415.0,419.0,-0.24,25580.0,733.0,100.0
NCCB,5/15/2017,419.0,425.0,407.0,413.0,-1.43,41270.0,733.0,100.0
NCCB,5/16/2017,413.0,414.0,407.0,412.0,-0.24,26381.0,733.0,100.0
NCCB,5/17/2017,412.0,408.0,399.0,400.0,-2.91,86351.0,733.0,100.0
NCCB,5/18/2017,400.0,396.0,385.0,394.0,-1.5,72546.0,733.0,100.0
NCCB,5/21/2017,394.0,398.0,380.0,383.0,-2.79,28619.0,733.0,100.0
NCCB,5/22/2017,383.0,399.0,380.0,390.0,1.83,19336.0,733.0,100.0
NCCB,5/23/2017,390.0,400.0,390.0,392.0,0.51,25549.0,733.0,100.0
NCCB,5/24/2017,392.0,400.0,385.0,400.0,2.04,20369.0,733.0,100.0
NCCB,5/28/2017,400.0,393.0,386.0,388.0,-3.0,30611.0,733.0,100.0
NCCB,5/30/2017,388.0,388.0,378.0,384.0,-1.03,27891.0,733.0,100.0
NCCB,6/20/2017,384.0,391.0,348.0,359.0,-6.51,81628.0,733.0,100.0
NCCB,6/21/2017,359.0,365.0,350.0,359.0,0.0,39523.0,733.0,100.0
NCCB,6/22/2017,359.0,366.0,352.0,359.0,0.0,47173.0,733.0,100.0
NCCB,6/25/2017,359.0,379.0,355.0,377.0,5.01,47209.0,733.0,100.0
NCCB,6/27/2017,377.0,372.0,358.0,365.0,-3.18,30038.0,733.0,100.0
NCCB,6/28/2017,365.0,373.0,362.0,372.0,1.92,46208.0,733.0,100.0
NCCB,7/2/2017,372.0,372.0,360.0,362.0,-2.69,25607.0,733.0,100.0
NCCB,7/3/2017,362.0,373.0,360.0,364.0,0.55,30484.0,733.0,100.0
NCCB,7/4/2017,364.0,371.0,364.0,371.0,1.92,23850.0,733.0,100.0
NCCB,7/5/2017,371.0,389.0,368.0,385.0,3.77,42454.0,733.0,100.0
NCCB,7/6/2017,385.0,404.0,380.0,401.0,4.16,85588.0,733.0,100.0
NCCB,7/9/2017,401.0,415.0,378.0,390.0,-2.74,113998.0,733.0,100.0
NCCB,7/10/2017,390.0,400.0,386.0,395.0,1.28,56410.0,733.0,100.0
NCCB,7/11/2017,395.0,401.0,386.0,398.0,0.76,61152.0,733.0,100.0
NCCB,7/12/2017,398.0,405.0,385.0,388.0,-2.51,63459.0,733.0,100.0
NCCB,7/13/2017,388.0,392.0,383.0,383.0,-1.29,68695.0,733.0,100.0
NCCB,7/16/2017,383.0,390.0,380.0,383.0,0.0,51199.0,733.0,100.0
NCCB,7/17/2017,383.0,390.0,385.0,385.0,0.52,16430.0,733.0,100.0
NCCB,7/18/2017,385.0,396.0,387.0,390.0,1.3,48642.0,733.0,100.0
NCCB,7/19/2017,390.0,394.0,383.0,387.0,-0.77,27669.0,733.0,100.0
NCCB,7/20/2017,387.0,396.0,384.0,390.0,0.78,47012.0,733.0,100.0
NCCB,7/23/2017,390.0,390.0,383.0,385.0,-1.28,23418.0,733.0,100.0
NCCB,7/24/2017,385.0,386.0,380.0,380.0,-1.3,34169.0,733.0,100.0
NCCB,7/25/2017,380.0,385.0,379.0,380.0,0.0,16900.0,733.0,100.0
NCCB,7/26/2017,380.0,385.0,375.0,376.0,-1.05,26117.0,733.0,100.0
NCCB,7/27/2017,376.0,392.0,372.0,392.0,4.26,44274.0,733.0,100.0
NCCB,7/30/2017,392.0,389.0,379.0,380.0,-3.06,44260.0,733.0,100.0
NCCB,7/31/2017,380.0,387.0,379.0,379.0,-0.26,19893.0,733.0,100.0
NCCB,8/1/2017,379.0,383.0,379.0,382.0,0.79,35402.0,733.0,100.0
NCCB,8/2/2017,382.0,387.0,378.0,379.0,-0.79,44950.0,733.0,100.0
NCCB,8/3/2017,379.0,382.0,377.0,379.0,0.0,37121.0,733.0,100.0
NCCB,8/6/2017,379.0,382.0,376.0,376.0,-0.79,17021.0,733.0,100.0
NCCB,8/7/2017,376.0,379.0,374.0,375.0,-0.27,22398.0,733.0,100.0
NCCB,8/9/2017,375.0,380.0,369.0,370.0,-1.33,14761.0,733.0,100.0
NCCB,8/10/2017,370.0,374.0,366.0,370.0,0.0,24594.0,733.0,100.0
NCCB,8/13/2017,370.0,375.0,366.0,370.0,0.0,29899.0,733.0,100.0
NCCB,8/15/2017,370.0,375.0,363.0,365.0,-1.35,12864.0,733.0,100.0
NCCB,8/16/2017,365.0,371.0,365.0,366.0,0.27,20794.0,733.0,100.0
NCCB,8/17/2017,366.0,368.0,364.0,366.0,0.0,15442.0,733.0,100.0
NCCB,8/20/2017,366.0,380.0,362.0,364.0,-0.55,88443.0,733.0,100.0
NCCB,8/21/2017,364.0,368.0,363.0,365.0,0.27,16974.0,733.0,100.0
NCCB,8/22/2017,365.0,380.0,365.0,374.0,2.47,27224.0,733.0,100.0
NCCB,8/23/2017,374.0,377.0,370.0,372.0,-0.53,18831.0,733.0,100.0
NCCB,8/24/2017,372.0,373.0,368.0,370.0,-0.54,22952.0,733.0,100.0
NCCB,8/27/2017,370.0,376.0,369.0,376.0,1.62,28744.0,733.0,100.0
NCCB,8/28/2017,376.0,376.0,364.0,369.0,-1.86,11750.0,733.0,100.0
NCCB,8/30/2017,369.0,370.0,359.0,366.0,-0.81,21049.0,733.0,100.0
NCCB,8/31/2017,366.0,370.0,362.0,365.0,-0.27,20832.0,733.0,100.0
NCCB,9/4/2017,365.0,370.0,358.0,358.0,-1.92,54940.0,733.0,100.0
NCCB,9/6/2017,358.0,366.0,357.0,364.0,1.68,11876.0,733.0,100.0
NCCB,9/7/2017,364.0,369.0,355.0,355.0,-2.47,23180.0,733.0,100.0
NCCB,9/10/2017,355.0,358.0,345.0,345.0,-2.82,43385.0,733.0,100.0
NCCB,9/11/2017,345.0,357.0,339.0,352.0,2.03,23301.0,733.0,100.0
NCCB,9/12/2017,352.0,349.0,342.0,345.0,-1.99,16736.0,733.0,100.0
NCCB,9/13/2017,345.0,354.0,336.0,345.0,0.0,25259.0,733.0,100.0
NCCB,9/14/2017,345.0,357.0,346.0,355.0,2.9,16813.0,733.0,100.0
NCCB,9/17/2017,355.0,360.0,347.0,355.0,0.0,24109.0,733.0,100.0
NCCB,9/18/2017,355.0,358.0,350.0,351.0,-1.13,15944.0,733.0,100.0
NCCB,9/20/2017,351.0,354.0,347.0,352.0,0.28,9313.0,733.0,100.0
NCCB,9/24/2017,352.0,355.0,345.0,349.0,-0.85,5722.0,733.0,100.0
NCCB,9/25/2017,349.0,354.0,343.0,352.0,0.86,7766.0,733.0,100.0
NCCB,9/26/2017,352.0,358.0,349.0,353.0,0.28,5313.0,733.0,100.0
NCCB,10/3/2017,353.0,357.0,350.0,357.0,1.13,7420.0,733.0,100.0
NCCB,10/4/2017,357.0,359.0,350.0,351.0,-1.68,25783.0,733.0,100.0
NCCB,10/8/2017,351.0,346.0,340.0,342.0,-2.56,12060.0,733.0,100.0
NCCB,10/9/2017,342.0,350.0,344.0,345.0,0.88,7252.0,733.0,100.0
NCCB,10/10/2017,345.0,350.0,341.0,343.0,-0.58,8087.0,733.0,100.0
NCCB,10/11/2017,343.0,350.0,340.0,345.0,0.58,10495.0,733.0,100.0
NCCB,10/12/2017,345.0,354.0,340.0,354.0,2.61,15854.0,733.0,100.0
NCCB,10/15/2017,354.0,352.0,349.0,352.0,-0.56,17775.0,733.0,100.0
NCCB,10/16/2017,352.0,365.0,354.0,365.0,3.69,24093.0,733.0,100.0
NCCB,10/17/2017,365.0,372.0,355.0,363.0,-0.55,27538.0,733.0,100.0
NCCB,10/18/2017,363.0,369.0,360.0,367.0,1.1,21002.0,733.0,100.0
NCCB,10/22/2017,367.0,380.0,361.0,370.0,0.82,25700.0,733.0,100.0
NCCB,10/23/2017,370.0,370.0,365.0,365.0,-1.35,10957.0,733.0,100.0
NCCB,10/24/2017,365.0,367.0,362.0,365.0,0.0,19874.0,733.0,100.0
NCCB,10/25/2017,365.0,368.0,361.0,363.0,-0.55,7938.0,733.0,100.0
NCCB,10/29/2017,363.0,362.0,353.0,355.0,-2.2,13678.0,733.0,100.0
NCCB,10/30/2017,355.0,365.0,353.0,363.0,2.25,22802.0,733.0,100.0
NCCB,10/31/2017,363.0,360.0,356.0,360.0,-0.83,13652.0,733.0,100.0
NCCB,11/1/2017,360.0,359.0,353.0,359.0,-0.28,12403.0,733.0,100.0
NCCB,11/2/2017,359.0,358.0,352.0,355.0,-1.11,7205.0,733.0,100.0
NCCB,11/5/2017,355.0,355.0,343.0,348.0,-1.97,27622.0,733.0,100.0
NCCB,11/6/2017,348.0,351.0,342.0,349.0,0.29,33649.0,733.0,100.0
NCCB,11/7/2017,349.0,355.0,340.0,344.0,-1.43,18257.0,733.0,100.0
NCCB,11/8/2017,344.0,343.0,338.0,342.0,-0.58,24726.0,733.0,100.0
NCCB,11/9/2017,342.0,346.0,335.0,342.0,0.0,14302.0,733.0,100.0
NCCB,11/12/2017,342.0,345.0,337.0,345.0,0.88,13383.0,733.0,100.0
NCCB,11/13/2017,345.0,346.0,339.0,345.0,0.0,10276.0,733.0,100.0
NCCB,11/14/2017,345.0,350.0,343.0,345.0,0.0,15907.0,733.0,100.0
NCCB,11/15/2017,345.0,351.0,342.0,344.0,-0.29,26113.0,733.0,100.0
NCCB,11/16/2017,344.0,350.0,340.0,350.0,1.74,12699.0,733.0,100.0
NCCB,11/19/2017,350.0,345.0,340.0,341.0,-2.57,12209.0,733.0,100.0
NCCB,11/20/2017,341.0,344.0,332.0,340.0,-0.29,16358.0,733.0,100.0
NCCB,11/21/2017,340.0,344.0,337.0,340.0,0.0,13308.0,733.0,100.0
NCCB,11/22/2017,340.0,345.0,340.0,344.0,1.18,4686.0,733.0,100.0
NCCB,11/23/2017,344.0,349.0,343.0,344.0,0.0,9500.0,733.0,100.0
NCCB,11/26/2017,344.0,351.0,344.0,349.0,1.45,33221.0,733.0,100.0
NCCB,11/27/2017,349.0,360.0,349.0,357.0,2.29,63418.0,733.0,100.0
NCCB,11/28/2017,357.0,360.0,350.0,359.0,0.56,71358.0,733.0,100.0
NCCB,11/29/2017,359.0,372.0,355.0,365.0,1.67,118263.0,733.0,100.0
NCCB,11/30/2017,365.0,369.0,351.0,366.0,0.27,64811.0,733.0,100.0
NCCB,12/4/2017,366.0,369.0,350.0,365.0,-0.27,81826.0,733.0,100.0
NCCB,12/5/2017,365.0,367.0,360.0,363.0,-0.55,15988.0,733.0,100.0
NCCB,12/6/2017,363.0,367.0,358.0,367.0,1.1,18511.0,733.0,100.0
NCCB,12/10/2017,367.0,374.0,360.0,363.0,-1.09,32697.0,733.0,100.0
NCCB,12/11/2017,363.0,370.0,360.0,368.0,1.38,22252.0,733.0,100.0
NCCB,12/12/2017,368.0,365.0,357.0,357.0,-2.99,38560.0,733.0,100.0
NCCB,12/13/2017,357.0,361.0,354.0,360.0,0.84,16021.0,733.0,100.0
NCCB,12/14/2017,360.0,360.0,358.0,358.0,-0.56,6971.0,733.0,100.0
NCCB,12/17/2017,358.0,360.0,354.0,358.0,0.0,30400.0,733.0,100.0
NCCB,12/18/2017,358.0,361.0,352.0,352.0,-1.68,35232.0,733.0,100.0
NCCB,12/19/2017,352.0,355.0,350.0,355.0,0.85,15673.0,733.0,100.0
NCCB,12/20/2017,355.0,356.0,348.0,351.0,-1.13,10450.0,733.0,100.0
NCCB,12/21/2017,351.0,352.0,348.0,349.0,-0.57,24729.0,733.0,100.0
NCCB,12/24/2017,349.0,360.0,345.0,353.0,1.15,19514.0,733.0,100.0
NCCB,12/26/2017,353.0,350.0,339.0,343.0,-2.83,31883.0,733.0,100.0
NCCB,12/27/2017,343.0,343.0,338.0,340.0,-0.87,74105.0,733.0,100.0
NCCB,12/28/2017,340.0,346.0,330.0,340.0,0.0,27618.0,733.0,100.0
NCCB,12/31/2017,340.0,336.0,329.0,336.0,-1.18,27251.0,733.0,100.0
NCCB,1/1/2018,336.0,340.0,332.0,340.0,1.19,29672.0,733.0,100.0
NCCB,1/2/2018,340.0,342.0,334.0,336.0,-1.18,19696.0,733.0,100.0
NCCB,1/3/2018,336.0,336.0,330.0,335.0,-0.3,18474.0,733.0,100.0
NCCB,1/4/2018,335.0,336.0,330.0,336.0,0.3,16443.0,733.0,100.0
NCCB,1/7/2018,336.0,335.0,331.0,332.0,-1.19,14543.0,733.0,100.0
NCCB,1/8/2018,332.0,340.0,329.0,331.0,-0.3,17383.0,733.0,100.0
NCCB,1/9/2018,331.0,335.0,329.0,334.0,0.91,17306.0,733.0,100.0
NCCB,1/10/2018,334.0,336.0,330.0,335.0,0.3,10041.0,733.0,100.0
NCCB,1/14/2018,335.0,335.0,328.0,331.0,-1.19,15621.0,733.0,100.0
NCCB,1/16/2018,331.0,329.0,325.0,326.0,-1.51,9545.0,733.0,100.0
NCCB,1/17/2018,326.0,325.0,321.0,322.0,-1.23,11891.0,733.0,100.0
NCCB,1/21/2018,322.0,337.0,320.0,326.0,1.24,12743.0,733.0,100.0
NCCB,1/22/2018,326.0,328.0,323.0,326.0,0.0,15536.0,733.0,100.0
NCCB,1/23/2018,326.0,325.0,317.0,321.0,-1.53,10924.0,733.0,100.0
NCCB,1/24/2018,321.0,324.0,316.0,317.0,-1.25,15886.0,733.0,100.0
NCCB,1/25/2018,317.0,325.0,320.0,325.0,2.52,10217.0,733.0,100.0
NCCB,1/28/2018,325.0,330.0,324.0,327.0,0.62,12544.0,733.0,100.0
NCCB,1/29/2018,327.0,329.0,323.0,325.0,-0.61,3654.0,733.0,100.0
NCCB,1/31/2018,325.0,326.0,321.0,325.0,0.0,18660.0,733.0,100.0
NCCB,2/1/2018,325.0,332.0,322.0,327.0,0.62,9311.0,733.0,100.0
NCCB,2/4/2018,327.0,330.0,322.0,322.0,-1.53,14302.0,733.0,100.0
NCCB,2/5/2018,322.0,327.0,320.0,322.0,0.0,11868.0,733.0,100.0
NCCB,2/6/2018,322.0,322.0,318.0,320.0,-0.62,4141.0,733.0,100.0
NCCB,2/7/2018,320.0,318.0,313.0,315.0,-1.56,20612.0,733.0,100.0
NCCB,2/8/2018,315.0,320.0,310.0,320.0,1.59,5116.0,733.0,100.0
NCCB,2/11/2018,320.0,323.0,310.0,319.0,-0.31,8313.0,733.0,100.0
NCCB,2/12/2018,319.0,318.0,311.0,314.0,-1.57,6249.0,733.0,100.0
NCCB,2/14/2018,314.0,318.0,312.0,318.0,1.27,8080.0,733.0,100.0
NCCB,2/15/2018,318.0,330.0,317.0,328.0,3.14,24377.0,733.0,100.0
NCCB,2/18/2018,332.0,333.0,320.0,324.0,-1.22,24656.0,733.0,100.0
NCCB,2/20/2018,324.0,324.0,316.0,318.0,-1.85,7946.0,733.0,100.0
NCCB,2/21/2018,314.0,319.0,313.0,315.0,-0.94,12636.0,733.0,100.0
NCCB,2/22/2018,315.0,320.0,311.0,316.0,0.32,11643.0,733.0,100.0
NCCB,2/25/2018,315.0,315.0,309.0,313.0,-0.95,11432.0,733.0,100.0
NCCB,2/26/2018,316.0,316.0,308.0,313.0,0.0,8552.0,733.0,100.0
NCCB,2/27/2018,313.0,317.0,308.0,312.0,-0.32,11520.0,733.0,100.0
NCCB,2/28/2018,312.0,314.0,305.0,306.0,-1.92,25450.0,733.0,100.0
NCCB,3/4/2018,300.0,300.0,290.0,297.0,-2.94,35338.0,733.0,100.0
NCCB,3/5/2018,300.0,302.0,288.0,288.0,-3.03,21721.0,733.0,100.0
NCCB,3/6/2018,285.0,299.0,275.0,290.0,0.69,44085.0,733.0,100.0
NCCB,3/7/2018,290.0,293.0,287.0,290.0,0.0,19466.0,733.0,100.0
NCCB,3/11/2018,285.0,287.0,279.0,280.0,-3.45,10631.0,733.0,100.0
NCCB,3/12/2018,285.0,285.0,272.0,277.0,-1.07,19358.0,733.0,100.0
NCCB,3/13/2018,282.0,284.0,274.0,277.0,0.0,8894.0,733.0,100.0
NCCB,3/14/2018,276.0,279.0,275.0,277.0,0.0,5596.0,733.0,100.0
NCCB,3/15/2018,279.0,285.0,278.0,280.0,1.08,7018.0,733.0,100.0
NCCB,3/18/2018,275.0,276.0,260.0,273.0,-2.5,86202.0,733.0,100.0
NCCB,3/19/2018,273.0,273.0,268.0,271.0,-0.73,15961.0,733.0,100.0
NCCB,3/20/2018,267.0,269.0,263.0,264.0,-2.58,59651.0,733.0,100.0
NCCB,3/21/2018,260.0,260.0,251.0,254.0,-3.79,30164.0,733.0,100.0
NCCB,3/22/2018,250.0,258.0,248.0,253.0,-0.39,21802.0,733.0,100.0
NCCB,3/26/2018,248.0,248.0,228.0,230.0,-9.09,58023.0,733.0,100.0
NCCB,3/27/2018,227.0,236.0,217.0,232.0,0.87,38051.0,733.0,100.0
NCCB,3/28/2018,233.0,236.0,224.0,228.0,-1.72,39484.0,733.0,100.0
NCCB,3/29/2018,225.0,240.0,225.0,231.0,1.32,17799.0,733.0,100.0
NCCB,4/1/2018,228.0,230.0,222.0,226.0,-2.16,17769.0,733.0,100.0
NCCB,4/2/2018,225.0,231.0,225.0,230.0,1.77,4627.0,733.0,100.0
NCCB,4/3/2018,233.0,234.0,226.0,234.0,1.74,13615.0,733.0,100.0
NCCB,4/4/2018,237.0,242.0,232.0,240.0,2.56,35460.0,733.0,100.0
NCCB,4/5/2018,236.0,246.0,235.0,243.0,1.25,27954.0,733.0,100.0
NCCB,4/8/2018,245.0,266.0,245.0,259.0,6.58,43758.0,733.0,100.0
NCCB,4/9/2018,262.0,262.0,250.0,253.0,-2.32,43027.0,733.0,100.0
NCCB,4/10/2018,250.0,255.0,244.0,253.0,0.0,10477.0,733.0,100.0
NCCB,4/11/2018,248.0,254.0,246.0,254.0,0.4,7101.0,733.0,100.0
NCCB,4/12/2018,253.0,258.0,252.0,255.0,0.39,8909.0,733.0,100.0
NCCB,4/15/2018,250.0,259.0,245.0,259.0,1.57,3349.0,733.0,100.0
NCCB,4/16/2018,254.0,264.0,254.0,261.0,0.77,22041.0,733.0,100.0
NCCB,4/17/2018,264.0,278.0,260.0,270.0,3.45,31100.0,733.0,100.0
NCCB,4/18/2018,275.0,290.0,263.0,279.0,3.33,43771.0,733.0,100.0
NCCB,4/19/2018,279.0,290.0,277.0,280.0,0.36,51315.0,733.0,100.0
NCCB,4/22/2018,285.0,297.0,280.0,297.0,6.07,34184.0,733.0,100.0
NCCB,4/23/2018,295.0,302.0,280.0,285.0,-4.04,67668.0,733.0,100.0
NCCB,4/24/2018,280.0,290.0,277.0,287.0,0.7,15389.0,733.0,100.0
NCCB,4/25/2018,282.0,286.0,280.0,282.0,-1.74,26924.0,733.0,100.0
NCCB,4/26/2018,280.0,285.0,276.0,277.0,-1.77,9036.0,733.0,100.0
NCCB,4/29/2018,280.0,280.0,273.0,278.0,0.36,15237.0,733.0,100.0
NCCB,5/2/2018,275.0,283.0,273.0,278.0,0.0,7246.0,733.0,100.0
NCCB,5/3/2018,282.0,288.0,277.0,280.0,0.72,19562.0,733.0,100.0
NCCB,5/6/2018,280.0,281.0,275.0,277.0,-1.07,6634.0,733.0,100.0
NCCB,5/7/2018,277.0,284.0,277.0,279.0,0.72,9054.0,733.0,100.0
NCCB,5/8/2018,281.0,281.0,278.0,281.0,0.72,2326.0,733.0,100.0
NCCB,5/9/2018,281.0,283.0,278.0,280.0,-0.36,7025.0,733.0,100.0
NCCB,5/10/2018,277.0,284.0,274.0,281.0,0.36,7992.0,733.0,100.0
NCCB,5/14/2018,286.0,286.0,273.0,279.0,-0.71,8024.0,733.0,100.0
NCCB,5/15/2018,274.0,278.0,273.0,276.0,-1.08,553.0,733.0,100.0
NCCB,5/16/2018,273.0,276.0,272.0,276.0,0.0,2842.0,733.0,100.0
NCCB,5/17/2018,275.0,280.0,272.0,278.0,0.72,24251.0,733.0,100.0
NCCB,5/20/2018,280.0,285.0,275.0,279.0,0.36,12325.0,733.0,100.0
NCCB,5/21/2018,280.0,280.0,270.0,274.0,-1.79,9204.0,733.0,100.0
NCCB,5/22/2018,269.0,275.0,269.0,272.0,-0.73,19965.0,733.0,100.0
NCCB,5/23/2018,274.0,274.0,264.0,270.0,-0.74,18223.0,733.0,100.0
NCCB,5/24/2018,266.0,266.0,256.0,261.0,-3.33,16397.0,733.0,100.0
NCCB,5/27/2018,258.0,258.0,251.0,254.0,-2.68,3359.0,733.0,100.0
NCCB,5/28/2018,254.0,268.0,254.0,268.0,5.51,6715.0,733.0,100.0
NCCB,5/29/2018,273.0,275.0,264.0,269.0,0.37,7861.0,733.0,100.0
NCCB,5/30/2018,272.0,277.0,265.0,265.0,-1.49,5049.0,733.0,100.0
NCCB,5/31/2018,261.0,265.0,261.0,265.0,0.0,3171.0,733.0,100.0
NCCB,6/3/2018,260.0,263.0,251.0,259.0,-2.26,12808.0,733.0,100.0
NCCB,6/4/2018,256.0,262.0,253.0,259.0,0.0,8473.0,733.0,100.0
NCCB,6/6/2018,264.0,264.0,259.0,263.0,1.54,675.0,733.0,100.0
NCCB,6/7/2018,258.0,260.0,249.0,258.0,-1.9,36474.0,733.0,100.0
NCCB,6/10/2018,254.0,254.0,241.0,252.0,-2.33,7404.0,733.0,100.0
NCCB,6/11/2018,252.0,254.0,243.0,243.0,-3.57,15884.0,733.0,100.0
NCCB,6/12/2018,242.0,249.0,235.0,246.0,1.23,22472.0,733.0,100.0
NCCB,6/13/2018,244.0,253.0,239.0,253.0,2.85,5846.0,733.0,100.0
NCCB,6/14/2018,248.0,255.0,241.0,255.0,0.79,6003.0,733.0,100.0
NCCB,6/17/2018,250.0,250.0,245.0,245.0,-3.92,8217.0,733.0,100.0
NCCB,6/18/2018,246.0,250.0,240.0,250.0,2.04,3506.0,733.0,100.0
NCCB,6/19/2018,245.0,248.0,240.0,244.0,-2.4,5762.0,733.0,100.0
NCCB,6/20/2018,242.0,242.0,239.0,240.0,-1.64,7505.0,733.0,100.0
NCCB,6/21/2018,244.0,244.0,240.0,240.0,0.0,1781.0,733.0,100.0
NCCB,6/24/2018,238.0,242.0,238.0,238.0,-0.83,11171.0,733.0,100.0
NCCB,6/25/2018,237.0,242.0,235.0,239.0,0.42,6867.0,733.0,100.0
NCCB,6/26/2018,240.0,240.0,233.0,233.0,-2.51,1807.0,733.0,100.0
NCCB,6/27/2018,231.0,237.0,231.0,235.0,0.86,5466.0,733.0,100.0
NCCB,6/28/2018,237.0,244.0,235.0,235.0,0.0,12343.0,733.0,100.0
NCCB,7/1/2018,231.0,235.0,230.0,231.0,-1.7,9913.0,733.0,100.0
NCCB,7/2/2018,230.0,231.0,226.0,231.0,0.0,7329.0,733.0,100.0
NCCB,7/3/2018,228.0,233.0,227.0,233.0,0.87,2898.0,733.0,100.0
NCCB,7/4/2018,234.0,237.0,230.0,235.0,0.86,12590.0,733.0,100.0
NCCB,7/5/2018,239.0,255.0,238.0,254.0,8.09,18890.0,733.0,100.0
NCCB,7/8/2018,255.0,267.0,247.0,250.0,-1.57,67147.0,733.0,100.0
NCCB,7/9/2018,252.0,255.0,245.0,252.0,0.8,26723.0,733.0,100.0
NCCB,7/10/2018,254.0,255.0,248.0,248.0,-1.59,18160.0,733.0,100.0
NCCB,7/11/2018,250.0,254.0,242.0,254.0,2.42,37589.0,733.0,100.0
NCCB,7/12/2018,255.0,255.0,241.0,241.0,-5.12,14583.0,733.0,100.0
NCCB,7/15/2018,241.0,251.0,241.0,251.0,4.15,11066.0,733.0,100.0
NCCB,7/16/2018,250.0,252.0,245.0,250.0,-0.4,4270.0,733.0,100.0
NCCB,7/17/2018,247.0,253.0,242.0,242.0,-3.2,12933.0,733.0,100.0
NCCB,7/18/2018,246.0,249.0,241.0,249.0,2.89,10308.0,733.0,100.0
NCCB,7/19/2018,249.0,249.0,240.0,242.0,-2.81,24519.0,733.0,100.0
NCCB,7/22/2018,243.0,243.0,234.0,235.0,-2.89,43939.0,733.0,100.0
NCCB,7/23/2018,231.0,239.0,231.0,235.0,0.0,7973.0,733.0,100.0
NCCB,7/24/2018,238.0,244.0,235.0,235.0,0.0,24560.0,733.0,100.0
NCCB,7/25/2018,237.0,239.0,230.0,230.0,-2.13,46608.0,733.0,100.0
NCCB,7/26/2018,233.0,235.0,232.0,235.0,2.17,14310.0,733.0,100.0
NCCB,7/29/2018,235.0,235.0,228.0,229.0,-2.55,38599.0,733.0,100.0
NCCB,7/30/2018,233.0,234.0,228.0,231.0,0.87,136802.0,733.0,100.0
NCCB,7/31/2018,190.0,190.0,181.0,185.0,-19.91,22872.0,733.0,100.0
NCCB,8/1/2018,183.0,186.0,179.0,182.0,-1.62,10923.0,733.0,100.0
NCCB,8/2/2018,185.0,184.0,179.0,182.0,0.0,11035.0,733.0,100.0
NCCB,8/5/2018,179.0,181.0,176.0,178.0,-2.2,7646.0,733.0,100.0
NCCB,8/6/2018,176.0,180.0,176.0,178.0,0.0,3116.0,733.0,100.0
NCCB,8/7/2018,181.0,180.0,178.0,178.0,0.0,7843.0,733.0,100.0
NCCB,8/8/2018,181.0,181.0,178.0,180.0,1.12,889.0,733.0,100.0
NCCB,8/9/2018,177.0,180.0,176.0,178.0,-1.11,5208.0,733.0,100.0
NCCB,8/12/2018,175.0,178.0,172.0,174.0,-2.25,15180.0,733.0,100.0
NCCB,8/13/2018,174.0,177.0,172.0,173.0,-0.57,3498.0,733.0,100.0
NCCB,8/14/2018,176.0,178.0,172.0,178.0,2.89,27960.0,733.0,100.0
NCCB,8/15/2018,178.0,181.0,174.0,180.0,1.12,13144.0,733.0,100.0
NCCB,8/16/2018,179.0,182.0,176.0,180.0,0.0,37010.0,733.0,100.0
NCCB,8/19/2018,183.0,183.0,177.0,179.0,-0.56,10134.0,733.0,100.0
NCCB,8/20/2018,176.0,180.0,174.0,178.0,-0.56,11207.0,733.0,100.0
NCCB,8/21/2018,176.0,179.0,176.0,178.0,0.0,7342.0,733.0,100.0
NCCB,8/22/2018,175.0,180.0,175.0,178.0,0.0,12740.0,733.0,100.0
NCCB,8/23/2018,175.0,179.0,175.0,178.0,0.0,6809.0,733.0,100.0
NCCB,8/26/2018,180.0,181.0,176.0,181.0,1.69,5325.0,733.0,100.0
NCCB,8/28/2018,183.0,183.0,176.0,179.0,-1.1,6993.0,733.0,100.0
NCCB,8/29/2018,176.0,180.0,176.0,180.0,0.56,4112.0,733.0,100.0
NCCB,8/30/2018,178.0,181.0,176.0,180.0,0.0,25663.0,733.0,100.0
NCCB,9/2/2018,181.0,183.0,179.0,181.0,0.56,19630.0,733.0,100.0
NCCB,9/3/2018,182.0,187.0,181.0,186.0,2.76,42685.0,733.0,100.0
NCCB,9/4/2018,189.0,189.0,183.0,184.0,-1.08,44221.0,733.0,100.0
NCCB,9/5/2018,187.0,198.0,185.0,196.0,6.52,89838.0,733.0,100.0
NCCB,9/6/2018,196.0,205.0,193.0,196.0,0.0,105374.0,733.0,100.0
NCCB,9/9/2018,195.0,199.0,191.0,193.0,-1.53,31082.0,733.0,100.0
NCCB,9/10/2018,191.0,195.0,191.0,195.0,1.04,33810.0,733.0,100.0
NCCB,9/11/2018,194.0,197.0,192.0,196.0,0.51,34180.0,733.0,100.0
NCCB,9/12/2018,199.0,200.0,193.0,200.0,2.04,27606.0,733.0,100.0
NCCB,9/13/2018,202.0,210.0,201.0,210.0,5.0,120800.0,733.0,100.0
NCCB,9/16/2018,214.0,217.0,208.0,210.0,0.0,205998.0,733.0,100.0
NCCB,9/17/2018,209.0,212.0,206.0,206.0,-1.9,84203.0,733.0,100.0
NCCB,9/18/2018,207.0,209.0,205.0,207.0,0.49,21717.0,733.0,100.0
NCCB,9/20/2018,206.0,212.0,206.0,209.0,0.97,22285.0,733.0,100.0
NCCB,9/23/2018,211.0,216.0,207.0,214.0,2.39,49612.0,733.0,100.0
NCCB,9/25/2018,218.0,228.0,217.0,226.0,5.61,151192.0,733.0,100.0
NCCB,9/26/2018,228.0,236.0,222.0,227.0,0.44,98580.0,733.0,100.0
NCCB,9/27/2018,228.0,228.0,222.0,223.0,-1.76,43345.0,733.0,100.0
NCCB,9/30/2018,222.0,224.0,219.0,221.0,-0.9,46746.0,733.0,100.0
NCCB,10/1/2018,222.0,222.0,215.0,216.0,-2.26,42162.0,733.0,100.0
NCCB,10/2/2018,216.0,220.0,216.0,219.0,1.39,17899.0,733.0,100.0
NCCB,10/3/2018,216.0,218.0,215.0,215.0,-1.83,42422.0,733.0,100.0
NCCB,10/4/2018,212.0,216.0,211.0,213.0,-0.93,38819.0,733.0,100.0
NCCB,10/7/2018,211.0,215.0,208.0,210.0,-1.41,33998.0,733.0,100.0
NCCB,10/8/2018,211.0,215.0,211.0,213.0,1.43,59314.0,733.0,100.0
NCCB,10/9/2018,213.0,215.0,210.0,213.0,0.0,47020.0,733.0,100.0
NCCB,10/10/2018,211.0,216.0,211.0,215.0,0.94,12175.0,733.0,100.0
NCCB,10/11/2018,211.0,214.0,204.0,214.0,-0.47,36545.0,733.0,100.0
NCCB,10/14/2018,217.0,217.0,214.0,217.0,1.4,26832.0,733.0,100.0
NCCB,10/15/2018,221.0,219.0,215.0,216.0,-0.46,23045.0,733.0,100.0
NCCB,10/21/2018,220.0,221.0,217.0,219.0,1.39,13468.0,733.0,100.0
NCCB,10/22/2018,216.0,220.0,215.0,220.0,0.46,10092.0,733.0,100.0
NCCB,10/23/2018,220.0,220.0,217.0,219.0,-0.45,6651.0,733.0,100.0
NCCB,10/24/2018,219.0,220.0,217.0,219.0,0.0,9327.0,733.0,100.0
NCCB,10/25/2018,220.0,220.0,216.0,217.0,-0.91,12206.0,733.0,100.0
NCCB,10/28/2018,217.0,218.0,214.0,215.0,-0.92,23409.0,733.0,100.0
NCCB,10/29/2018,211.0,216.0,207.0,212.0,-1.4,23879.0,733.0,100.0
NCCB,10/30/2018,212.0,215.0,211.0,215.0,1.42,9423.0,733.0,100.0
NCCB,10/31/2018,213.0,213.0,212.0,212.0,-1.4,4774.0,733.0,100.0
NCCB,11/1/2018,211.0,215.0,211.0,212.0,0.0,9067.0,733.0,100.0
NCCB,11/4/2018,212.0,215.0,210.0,210.0,-0.94,13904.0,733.0,100.0
NCCB,11/5/2018,208.0,216.0,208.0,214.0,1.9,7418.0,733.0,100.0
NCCB,11/6/2018,214.0,217.0,210.0,214.0,0.0,2050.0,733.0,100.0
NCCB,11/11/2018,214.0,214.0,210.0,210.0,-1.87,4324.0,733.0,100.0
NCCB,11/12/2018,210.0,210.0,208.0,209.0,-0.48,9915.0,733.0,100.0
NCCB,11/13/2018,212.0,215.0,209.0,212.0,1.44,9192.0,733.0,100.0
NCCB,11/14/2018,211.0,215.0,210.0,213.0,0.47,21516.0,733.0,100.0
NCCB,11/15/2018,213.0,216.0,212.0,215.0,0.94,30416.0,733.0,100.0
NCCB,11/18/2018,211.0,214.0,209.0,210.0,-2.33,21445.0,733.0,100.0
NCCB,11/19/2018,206.0,214.0,207.0,210.0,0.0,8214.0,733.0,100.0
NCCB,11/20/2018,206.0,212.0,206.0,210.0,0.0,7979.0,733.0,100.0
NCCB,11/21/2018,212.0,212.0,208.0,210.0,0.0,3409.0,733.0,100.0
NCCB,11/22/2018,211.0,212.0,210.0,210.0,0.0,18953.0,733.0,100.0
NCCB,11/25/2018,206.0,212.0,206.0,212.0,0.95,17537.0,733.0,100.0
NCCB,11/26/2018,214.0,214.0,207.0,210.0,-0.94,42738.0,733.0,100.0
NCCB,11/27/2018,210.0,211.0,207.0,209.0,-0.48,49875.0,733.0,100.0
NCCB,11/28/2018,210.0,210.0,206.0,209.0,0.0,26637.0,733.0,100.0
NCCB,11/29/2018,208.0,208.0,203.0,204.0,-2.39,36635.0,733.0,100.0
NCCB,12/2/2018,200.0,202.0,199.0,201.0,-1.47,46682.0,733.0,100.0
NCCB,12/3/2018,201.0,206.0,200.0,203.0,1.0,24746.0,733.0,100.0
NCCB,12/4/2018,201.0,206.0,200.0,205.0,0.99,18730.0,733.0,100.0
NCCB,12/5/2018,207.0,207.0,200.0,201.0,-1.95,16980.0,733.0,100.0
NCCB,12/6/2018,198.0,205.0,197.0,199.0,-1.0,49473.0,733.0,100.0
NCCB,12/9/2018,200.0,203.0,199.0,203.0,2.01,27416.0,733.0,100.0
NCCB,12/10/2018,201.0,206.0,201.0,206.0,1.48,52701.0,733.0,100.0
NCCB,12/11/2018,205.0,206.0,203.0,204.0,-0.97,24567.0,733.0,100.0
NCCB,12/12/2018,202.0,205.0,202.0,205.0,0.49,32638.0,733.0,100.0
NCCB,12/13/2018,206.0,210.0,205.0,209.0,1.95,45488.0,733.0,100.0
NCCB,12/16/2018,212.0,217.0,211.0,216.0,3.35,80901.0,733.0,100.0
NCCB,12/17/2018,213.0,221.0,213.0,221.0,2.31,48768.0,733.0,100.0
NCCB,12/18/2018,224.0,224.0,210.0,212.0,-4.07,132824.0,733.0,100.0
NCCB,12/19/2018,208.0,210.0,207.0,210.0,-0.94,51397.0,733.0,100.0
NCCB,12/20/2018,213.0,215.0,208.0,210.0,0.0,51540.0,733.0,100.0
NCCB,12/23/2018,214.0,224.0,213.0,216.0,2.86,103882.0,733.0,100.0
NCCB,12/24/2018,219.0,219.0,213.0,213.0,-1.39,78087.0,733.0,100.0
NCCB,12/25/2018,213.0,214.0,210.0,214.0,0.47,27734.0,733.0,100.0
NCCB,12/26/2018,213.0,218.0,213.0,217.0,1.4,100920.0,733.0,100.0
NCCB,12/27/2018,221.0,224.0,215.0,216.0,-0.46,138829.0,733.0,100.0
NCCB,12/30/2018,218.0,219.0,214.0,214.0,-0.93,73471.0,733.0,100.0
NCCB,12/31/2018,214.0,215.0,212.0,212.0,-0.93,43303.0,733.0,100.0
NCCB,1/1/2019,215.0,215.0,211.0,213.0,0.47,50232.0,733.0,100.0
NCCB,1/2/2019,213.0,215.0,211.0,213.0,0.0,24094.0,733.0,100.0
NCCB,1/3/2019,214.0,215.0,211.0,213.0,0.0,53419.0,733.0,100.0
NCCB,1/6/2019,217.0,221.0,215.0,218.0,2.35,152776.0,733.0,100.0
NCCB,1/7/2019,221.0,221.0,217.0,220.0,0.92,73795.0,733.0,100.0
NCCB,1/8/2019,223.0,223.0,218.0,218.0,-0.91,55531.0,733.0,100.0
NCCB,1/9/2019,221.0,221.0,218.0,219.0,0.46,49740.0,733.0,100.0
NCCB,1/10/2019,220.0,220.0,218.0,220.0,0.46,38460.0,733.0,100.0
NCCB,1/13/2019,220.0,220.0,218.0,218.0,-0.91,24887.0,733.0,100.0
NCCB,1/14/2019,221.0,221.0,218.0,218.0,0.0,27254.0,733.0,100.0
NCCB,1/15/2019,219.0,222.0,219.0,219.0,0.46,28276.0,733.0,100.0
NCCB,1/16/2019,219.0,221.0,216.0,216.0,-1.37,27276.0,733.0,100.0
NCCB,1/17/2019,216.0,218.0,216.0,217.0,0.46,27724.0,733.0,100.0
NCCB,1/20/2019,216.0,217.0,215.0,216.0,-0.46,9994.0,733.0,100.0
NCCB,1/21/2019,215.0,216.0,213.0,214.0,-0.93,26344.0,733.0,100.0
NCCB,1/22/2019,212.0,217.0,212.0,216.0,0.93,9552.0,733.0,100.0
NCCB,1/23/2019,212.0,216.0,212.0,214.0,-0.93,13631.0,733.0,100.0
NCCB,1/24/2019,214.0,215.0,212.0,212.0,-0.93,25647.0,733.0,100.0
NCCB,1/27/2019,212.0,214.0,210.0,211.0,-0.47,39408.0,733.0,100.0
NCCB,1/28/2019,211.0,213.0,211.0,213.0,0.95,22754.0,733.0,100.0
NCCB,1/29/2019,211.0,213.0,211.0,211.0,-0.94,38365.0,733.0,100.0
NCCB,1/30/2019,211.0,215.0,211.0,214.0,1.42,9216.0,733.0,100.0
NCCB,1/31/2019,213.0,214.0,212.0,213.0,-0.47,16670.0,733.0,100.0
NCCB,2/3/2019,213.0,214.0,211.0,212.0,-0.47,9845.0,733.0,100.0
NCCB,2/4/2019,212.0,215.0,210.0,212.0,0.0,10543.0,733.0,100.0
NCCB,2/5/2019,213.0,213.0,211.0,212.0,0.0,18991.0,733.0,100.0
NCCB,2/6/2019,212.0,212.0,209.0,210.0,-0.94,28465.0,733.0,100.0
NCCB,2/7/2019,209.0,211.0,209.0,210.0,0.0,26403.0,733.0,100.0
NCCB,2/10/2019,211.0,211.0,208.0,208.0,-0.95,24166.0,733.0,100.0
NCCB,2/11/2019,208.0,210.0,207.0,210.0,0.96,45056.0,733.0,100.0
NCCB,2/12/2019,213.0,213.0,206.0,207.0,-1.43,33729.0,733.0,100.0
NCCB,2/13/2019,211.0,211.0,206.0,206.0,-0.48,30826.0,733.0,100.0
NCCB,2/14/2019,204.0,206.0,204.0,205.0,-0.49,57775.0,733.0,100.0
NCCB,2/17/2019,208.0,208.0,203.0,205.0,0.0,27572.0,733.0,100.0
NCCB,2/18/2019,203.0,206.0,203.0,205.0,0.0,16940.0,733.0,100.0
NCCB,2/19/2019,205.0,209.0,204.0,209.0,1.95,22990.0,733.0,100.0
NCCB,2/20/2019,212.0,212.0,205.0,205.0,-1.91,13284.0,733.0,100.0
NCCB,2/21/2019,205.0,207.0,204.0,206.0,0.49,7647.0,733.0,100.0
NCCB,2/24/2019,204.0,205.0,203.0,204.0,-0.97,13639.0,733.0,100.0
NCCB,2/25/2019,204.0,205.0,203.0,205.0,0.49,17965.0,733.0,100.0
NCCB,2/26/2019,209.0,209.0,203.0,203.0,-0.98,8455.0,733.0,100.0
NCCB,2/27/2019,206.0,206.0,204.0,205.0,0.99,14370.0,733.0,100.0
NCCB,3/3/2019,205.0,206.0,204.0,205.0,0.0,14947.0,733.0,100.0
NCCB,3/5/2019,204.0,206.0,202.0,202.0,-1.46,31789.0,733.0,100.0
NCCB,3/6/2019,203.0,214.0,203.0,212.0,4.95,71901.0,733.0,100.0
NCCB,3/7/2019,210.0,211.0,205.0,210.0,-0.94,61658.0,733.0,100.0
NCCB,3/10/2019,210.0,210.0,207.0,209.0,-0.48,11511.0,733.0,100.0
NCCB,3/11/2019,210.0,213.0,207.0,213.0,1.91,86821.0,733.0,100.0
NCCB,3/12/2019,213.0,219.0,212.0,218.0,2.35,142296.0,733.0,100.0
NCCB,3/13/2019,218.0,218.0,212.0,213.0,-2.29,86880.0,733.0,100.0
NCCB,3/14/2019,211.0,215.0,211.0,214.0,0.47,91362.0,733.0,100.0
NCCB,3/17/2019,215.0,216.0,214.0,215.0,0.47,49545.0,733.0,100.0
NCCB,3/18/2019,215.0,216.0,212.0,213.0,-0.93,27024.0,733.0,100.0
NCCB,3/19/2019,214.0,217.0,211.0,212.0,-0.47,11532.0,733.0,100.0
NCCB,3/21/2019,213.0,213.0,210.0,211.0,-0.47,39292.0,733.0,100.0
NCCB,3/24/2019,210.0,211.0,209.0,210.0,-0.47,32142.0,733.0,100.0
NCCB,3/25/2019,209.0,211.0,209.0,211.0,0.48,42204.0,733.0,100.0
NCCB,3/26/2019,210.0,211.0,208.0,210.0,-0.47,28927.0,733.0,100.0
NCCB,3/27/2019,211.0,214.0,209.0,213.0,1.43,9720.0,733.0,100.0
NCCB,3/28/2019,211.0,213.0,211.0,213.0,0.0,9760.0,733.0,100.0
NCCB,3/31/2019,214.0,215.0,211.0,212.0,-0.47,20733.0,733.0,100.0
NCCB,4/1/2019,211.0,215.0,210.0,213.0,0.47,22592.0,733.0,100.0
NCCB,4/2/2019,216.0,219.0,215.0,218.0,2.35,184441.0,733.0,100.0
NCCB,4/3/2019,218.0,224.0,216.0,223.0,2.29,188793.0,733.0,100.0
NCCB,4/4/2019,226.0,227.0,220.0,223.0,0.0,111771.0,733.0,100.0
NCCB,4/7/2019,225.0,228.0,220.0,228.0,2.24,98250.0,733.0,100.0
NCCB,4/8/2019,239.0,239.0,225.0,227.0,-0.44,174255.0,733.0,100.0
NCCB,4/9/2019,228.0,228.0,223.0,224.0,-1.32,116761.0,733.0,100.0
NCCB,4/10/2019,224.0,226.0,222.0,226.0,0.89,50210.0,733.0,100.0
NCCB,4/11/2019,223.0,227.0,223.0,226.0,0.0,38611.0,733.0,100.0
NCCB,4/15/2019,224.0,227.0,223.0,226.0,0.0,29013.0,733.0,100.0
NCCB,4/16/2019,228.0,229.0,225.0,229.0,1.33,101810.0,733.0,100.0
NCCB,4/17/2019,232.0,233.0,226.0,227.0,-0.87,98519.0,733.0,100.0
NCCB,4/18/2019,231.0,231.0,227.0,230.0,1.32,98112.0,733.0,100.0
NCCB,4/21/2019,231.0,239.0,229.0,238.0,3.48,184012.0,733.0,100.0
NCCB,4/22/2019,241.0,241.0,230.0,233.0,-2.1,122833.0,733.0,100.0
NCCB,4/23/2019,233.0,234.0,230.0,233.0,0.0,45851.0,733.0,100.0
NCCB,4/24/2019,233.0,243.0,231.0,239.0,2.58,128926.0,733.0,100.0
NCCB,4/25/2019,242.0,247.0,238.0,241.0,0.84,300510.0,733.0,100.0
NCCB,4/28/2019,244.0,247.0,240.0,242.0,0.41,141208.0,733.0,100.0
NCCB,4/29/2019,246.0,246.0,237.0,238.0,-1.65,81450.0,733.0,100.0
NCCB,4/30/2019,237.0,241.0,236.0,237.0,-0.42,48188.0,733.0,100.0
NCCB,5/2/2019,235.0,238.0,235.0,236.0,-0.42,33146.0,733.0,100.0
NCCB,5/5/2019,236.0,237.0,232.0,232.0,-1.69,48358.0,733.0,100.0
NCCB,5/6/2019,232.0,239.0,231.0,238.0,2.59,55072.0,733.0,100.0
NCCB,5/7/2019,242.0,249.0,237.0,247.0,3.78,244793.0,733.0,100.0
NCCB,5/8/2019,249.0,250.0,244.0,247.0,0.0,89540.0,733.0,100.0
NCCB,5/9/2019,248.0,250.0,246.0,246.0,-0.4,126282.0,733.0,100.0
NCCB,5/12/2019,248.0,248.0,242.0,246.0,0.0,42112.0,733.0,100.0
NCCB,5/13/2019,249.0,251.0,248.0,249.0,1.22,60429.0,733.0,100.0
NCCB,5/14/2019,253.0,261.0,251.0,259.0,4.02,214612.0,733.0,100.0
NCCB,5/15/2019,271.0,271.0,259.0,259.0,0.0,562786.0,733.0,100.0
NCCB,5/16/2019,261.0,264.0,258.0,260.0,0.39,191979.0,733.0,100.0
NCCB,5/19/2019,260.0,260.0,255.0,257.0,-1.15,84199.0,733.0,100.0
NCCB,5/20/2019,259.0,259.0,255.0,257.0,0.0,54082.0,733.0,100.0
NCCB,5/21/2019,255.0,260.0,254.0,256.0,-0.39,46682.0,733.0,100.0
NCCB,5/22/2019,256.0,259.0,255.0,257.0,0.39,37579.0,733.0,100.0
NCCB,5/23/2019,257.0,266.0,256.0,263.0,2.33,111735.0,733.0,100.0
NCCB,5/26/2019,265.0,265.0,259.0,260.0,-1.14,79461.0,733.0,100.0
NCCB,5/27/2019,262.0,263.0,259.0,261.0,0.38,50993.0,733.0,100.0
NCCB,5/28/2019,262.0,264.0,260.0,262.0,0.38,47376.0,733.0,100.0
NCCB,5/29/2019,262.0,264.0,261.0,262.0,0.0,46545.0,733.0,100.0
NCCB,5/30/2019,271.0,276.0,264.0,265.0,1.15,234273.0,733.0,100.0
NCCB,6/2/2019,264.0,265.0,260.0,262.0,-1.13,49192.0,733.0,100.0
NCCB,6/3/2019,262.0,264.0,257.0,260.0,-0.76,75150.0,733.0,100.0
NCCB,6/4/2019,260.0,260.0,257.0,259.0,-0.38,65565.0,733.0,100.0
NCCB,6/6/2019,259.0,262.0,258.0,259.0,0.0,48955.0,733.0,100.0
NCCB,6/10/2019,264.0,264.0,257.0,257.0,-0.77,39513.0,733.0,100.0
NCCB,6/11/2019,259.0,260.0,257.0,257.0,0.0,47066.0,733.0,100.0
NCCB,6/12/2019,258.0,259.0,256.0,258.0,0.39,61862.0,733.0,100.0
NCCB,6/13/2019,258.0,259.0,256.0,257.0,-0.39,42902.0,733.0,100.0
NCCB,6/16/2019,258.0,258.0,254.0,256.0,-0.39,40181.0,733.0,100.0
NCCB,6/17/2019,255.0,258.0,253.0,257.0,0.39,20275.0,733.0,100.0
NCCB,6/18/2019,260.0,260.0,255.0,256.0,-0.39,41569.0,733.0,100.0
NCCB,6/19/2019,255.0,258.0,255.0,257.0,0.39,13439.0,733.0,100.0
NCCB,6/20/2019,258.0,262.0,254.0,258.0,0.39,101817.0,733.0,100.0
NCCB,6/23/2019,258.0,259.0,256.0,257.0,-0.39,42566.0,733.0,100.0
NCCB,6/24/2019,256.0,257.0,255.0,256.0,-0.39,38208.0,733.0,100.0
NCCB,6/25/2019,256.0,256.0,253.0,255.0,-0.39,99688.0,733.0,100.0
NCCB,6/26/2019,254.0,255.0,253.0,253.0,-0.78,22573.0,733.0,100.0
NCCB,6/27/2019,253.0,254.0,252.0,252.0,-0.4,35952.0,733.0,100.0
NCCB,6/30/2019,251.0,251.0,244.0,246.0,-2.38,132587.0,733.0,100.0
NCCB,7/1/2019,244.0,246.0,243.0,244.0,-0.81,28820.0,733.0,100.0
NCCB,7/2/2019,244.0,256.0,240.0,254.0,4.1,43259.0,733.0,100.0
NCCB,7/3/2019,255.0,255.0,245.0,251.0,-1.18,56746.0,733.0,100.0
NCCB,7/4/2019,254.0,254.0,247.0,248.0,-1.2,37256.0,733.0,100.0
NCCB,7/7/2019,251.0,254.0,243.0,244.0,-1.61,65875.0,733.0,100.0
NCCB,7/8/2019,244.0,245.0,241.0,242.0,-0.82,64067.0,733.0,100.0
NCCB,7/9/2019,242.0,245.0,242.0,245.0,1.24,28416.0,733.0,100.0
NCCB,7/10/2019,249.0,249.0,242.0,245.0,0.0,37392.0,733.0,100.0
NCCB,7/11/2019,248.0,248.0,241.0,242.0,-1.22,60205.0,733.0,100.0
NCCB,7/14/2019,245.0,245.0,241.0,242.0,0.0,27549.0,733.0,100.0
NCCB,7/15/2019,245.0,246.0,242.0,244.0,0.83,25278.0,733.0,100.0
NCCB,7/16/2019,248.0,248.0,244.0,246.0,0.82,17511.0,733.0,100.0
NCCB,7/17/2019,247.0,250.0,244.0,250.0,1.63,19613.0,733.0,100.0
NCCB,7/18/2019,250.0,250.0,248.0,249.0,-0.4,12148.0,733.0,100.0
NCCB,7/21/2019,249.0,249.0,246.0,248.0,-0.4,18693.0,733.0,100.0
NCCB,7/22/2019,250.0,251.0,248.0,250.0,0.81,20171.0,733.0,100.0
NCCB,7/23/2019,250.0,253.0,249.0,251.0,0.4,23939.0,733.0,100.0
NCCB,7/24/2019,252.0,255.0,251.0,254.0,1.2,23397.0,733.0,100.0
NCCB,7/25/2019,253.0,254.0,249.0,249.0,-1.97,56042.0,733.0,100.0
NCCB,7/28/2019,249.0,249.0,244.0,245.0,-1.61,35079.0,733.0,100.0
NCCB,7/29/2019,243.0,248.0,243.0,244.0,-0.41,14570.0,733.0,100.0
NCCB,7/30/2019,248.0,248.0,244.0,247.0,1.23,13814.0,733.0,100.0
NCCB,7/31/2019,245.0,250.0,244.0,246.0,-0.4,30782.0,733.0,100.0
NCCB,8/1/2019,250.0,250.0,245.0,246.0,0.0,20399.0,733.0,100.0
NCCB,8/4/2019,258.0,258.0,244.0,245.0,-0.41,50518.0,733.0,100.0
NCCB,8/5/2019,246.0,246.0,243.0,244.0,-0.41,70168.0,733.0,100.0
NCCB,8/6/2019,245.0,245.0,242.0,243.0,-0.41,27461.0,733.0,100.0
NCCB,8/7/2019,242.0,245.0,240.0,242.0,-0.41,97844.0,733.0,100.0
NCCB,8/8/2019,246.0,246.0,240.0,242.0,0.0,79930.0,733.0,100.0
NCCB,8/11/2019,238.0,238.0,218.0,218.0,-9.92,3010.0,733.0,100.0
NCCB,8/12/2019,219.0,219.0,205.0,207.0,-5.05,60552.0,733.0,100.0
NCCB,8/13/2019,211.0,211.0,203.0,203.0,-1.93,27083.0,733.0,100.0
NCCB,8/14/2019,206.0,206.0,203.0,205.0,0.99,56768.0,733.0,100.0
NCCB,8/15/2019,206.0,207.0,204.0,205.0,0.0,56074.0,733.0,100.0
NCCB,8/18/2019,205.0,205.0,201.0,203.0,-0.98,19921.0,733.0,100.0
NCCB,8/19/2019,204.0,207.0,203.0,205.0,0.99,22746.0,733.0,100.0
NCCB,8/20/2019,206.0,209.0,202.0,203.0,-0.98,13185.0,733.0,100.0
NCCB,8/21/2019,203.0,205.0,203.0,204.0,0.49,16789.0,733.0,100.0
NCCB,8/22/2019,204.0,207.0,203.0,203.0,-0.49,20345.0,733.0,100.0
NCCB,8/25/2019,205.0,205.0,203.0,204.0,0.49,20481.0,733.0,100.0
NCCB,8/26/2019,203.0,205.0,202.0,204.0,0.0,19059.0,733.0,100.0
NCCB,8/27/2019,204.0,206.0,203.0,205.0,0.49,22242.0,733.0,100.0
NCCB,8/28/2019,206.0,206.0,201.0,202.0,-1.46,36340.0,733.0,100.0
NCCB,8/29/2019,200.0,204.0,200.0,201.0,-0.5,21219.0,733.0,100.0
NCCB,9/1/2019,201.0,204.0,200.0,202.0,0.5,17630.0,733.0,100.0
NCCB,9/2/2019,205.0,205.0,198.0,201.0,-0.5,27681.0,733.0,100.0
NCCB,9/3/2019,202.0,204.0,198.0,204.0,1.49,28681.0,733.0,100.0
NCCB,9/4/2019,204.0,206.0,202.0,205.0,0.49,21497.0,733.0,100.0
NCCB,9/5/2019,206.0,206.0,202.0,204.0,-0.49,21239.0,733.0,100.0
NCCB,9/8/2019,201.0,204.0,201.0,202.0,-0.98,13681.0,733.0,100.0
NCCB,9/9/2019,202.0,203.0,201.0,202.0,0.0,19165.0,733.0,100.0
NCCB,9/10/2019,200.0,202.0,200.0,202.0,0.0,24048.0,733.0,100.0
NCCB,9/11/2019,200.0,202.0,198.0,201.0,-0.5,40175.0,733.0,100.0
NCCB,9/12/2019,201.0,201.0,198.0,200.0,-0.5,25953.0,733.0,100.0
NCCB,9/15/2019,198.0,199.0,192.0,195.0,-2.5,30498.0,733.0,100.0
NCCB,9/16/2019,194.0,194.0,191.0,193.0,-1.03,38034.0,733.0,100.0
NCCB,9/17/2019,195.0,200.0,195.0,199.0,3.11,35056.0,733.0,100.0
NCCB,9/18/2019,200.0,202.0,198.0,202.0,1.51,50000.0,733.0,100.0
NCCB,9/19/2019,202.0,204.0,200.0,200.0,-0.99,21925.0,733.0,100.0
NCCB,9/22/2019,198.0,198.0,195.0,197.0,-1.5,12953.0,733.0,100.0
NCCB,9/23/2019,194.0,200.0,194.0,195.0,-1.02,18212.0,733.0,100.0
NCCB,9/24/2019,195.0,195.0,193.0,194.0,-0.51,10139.0,733.0,100.0
NCCB,9/25/2019,194.0,195.0,193.0,194.0,0.0,12233.0,733.0,100.0
NCCB,9/26/2019,194.0,195.0,194.0,194.0,0.0,12615.0,733.0,100.0
NCCB,9/29/2019,195.0,195.0,192.0,194.0,0.0,7071.0,733.0,100.0
NCCB,9/30/2019,194.0,199.0,194.0,199.0,2.58,5226.0,733.0,100.0
NCCB,10/1/2019,199.0,201.0,197.0,199.0,0.0,7245.0,733.0,100.0
NCCB,10/2/2019,198.0,199.0,197.0,198.0,-0.5,21254.0,733.0,100.0
NCCB,10/3/2019,199.0,201.0,197.0,200.0,1.01,20793.0,733.0,100.0
NCCB,10/10/2019,204.0,204.0,199.0,199.0,-0.5,1430.0,733.0,100.0
NCCB,10/14/2019,202.0,202.0,195.0,198.0,-0.5,7968.0,733.0,100.0
NCCB,10/15/2019,196.0,200.0,196.0,200.0,1.01,7454.0,733.0,100.0
NCCB,10/16/2019,197.0,200.0,196.0,199.0,-0.5,10590.0,733.0,100.0
NCCB,10/17/2019,199.0,199.0,196.0,196.0,-1.51,12753.0,733.0,100.0
NCCB,10/20/2019,198.0,199.0,194.0,197.0,0.51,13069.0,733.0,100.0
NCCB,10/21/2019,196.0,200.0,196.0,199.0,1.02,10602.0,733.0,100.0
NCCB,10/22/2019,198.0,200.0,197.0,200.0,0.5,31165.0,733.0,100.0
NCCB,10/23/2019,201.0,201.0,199.0,201.0,0.5,17174.0,733.0,100.0
NCCB,10/24/2019,195.0,205.0,195.0,202.0,0.5,39833.0,733.0,100.0
NCCB,10/31/2019,206.0,206.0,202.0,204.0,0.99,30817.0,733.0,100.0
NCCB,11/3/2019,202.0,203.0,201.0,203.0,-0.49,16630.0,733.0,100.0
NCCB,11/4/2019,201.0,202.0,200.0,201.0,-0.99,11797.0,733.0,100.0
NCCB,11/5/2019,202.0,207.0,200.0,206.0,2.49,32685.0,733.0,100.0
NCCB,11/6/2019,202.0,207.0,202.0,207.0,0.49,42707.0,733.0,100.0
NCCB,11/7/2019,210.0,210.0,203.0,206.0,-0.48,8456.0,733.0,100.0
NCCB,11/10/2019,205.0,205.0,204.0,205.0,-0.49,21460.0,733.0,100.0
NCCB,11/11/2019,205.0,208.0,204.0,206.0,0.49,50124.0,733.0,100.0
NCCB,11/12/2019,206.0,207.0,204.0,204.0,-0.97,46302.0,733.0,100.0
NCCB,11/13/2019,204.0,205.0,203.0,205.0,0.49,21873.0,733.0,100.0
NCCB,11/14/2019,208.0,208.0,202.0,202.0,-1.46,19217.0,733.0,100.0
NCCB,11/17/2019,198.0,202.0,198.0,202.0,0.0,23335.0,733.0,100.0
NCCB,11/18/2019,202.0,203.0,201.0,202.0,0.0,22214.0,733.0,100.0
NCCB,11/19/2019,202.0,202.0,200.0,201.0,-0.5,16317.0,733.0,100.0
NCCB,11/20/2019,201.0,203.0,200.0,201.0,0.0,28634.0,733.0,100.0
NCCB,11/21/2019,202.0,202.0,198.0,200.0,-0.5,28619.0,733.0,100.0
NCCB,11/24/2019,202.0,202.0,195.0,197.0,-1.5,24943.0,733.0,100.0
NCCB,11/25/2019,196.0,199.0,195.0,199.0,1.02,40487.0,733.0,100.0
NCCB,11/26/2019,197.0,199.0,197.0,198.0,-0.5,32327.0,733.0,100.0
NCCB,11/27/2019,199.0,200.0,197.0,200.0,1.01,7736.0,733.0,100.0
NCCB,11/28/2019,201.0,201.0,197.0,199.0,-0.5,9484.0,733.0,100.0
NCCB,12/1/2019,199.0,200.0,198.0,200.0,0.5,18649.0,733.0,100.0
NCCB,12/2/2019,197.0,199.0,197.0,199.0,-0.5,4773.0,733.0,100.0
NCCB,12/3/2019,199.0,200.0,198.0,198.0,-0.5,8245.0,733.0,100.0
NCCB,12/4/2019,199.0,199.0,197.0,198.0,0.0,9513.0,733.0,100.0
NCCB,12/5/2019,198.0,201.0,197.0,201.0,1.52,16022.0,733.0,100.0
NCCB,12/8/2019,202.0,202.0,198.0,198.0,-1.49,14967.0,733.0,100.0
NCCB,12/9/2019,198.0,200.0,198.0,200.0,1.01,24540.0,733.0,100.0
NCCB,12/10/2019,203.0,203.0,199.0,201.0,0.5,20499.0,733.0,100.0
NCCB,12/11/2019,204.0,204.0,200.0,202.0,0.5,20406.0,733.0,100.0
NCCB,12/12/2019,203.0,205.0,202.0,205.0,1.49,26867.0,733.0,100.0
NCCB,12/15/2019,205.0,206.0,202.0,205.0,0.0,42197.0,733.0,100.0
NCCB,12/16/2019,209.0,209.0,201.0,203.0,-0.98,21790.0,733.0,100.0
NCCB,12/17/2019,203.0,203.0,199.0,201.0,-0.99,8836.0,733.0,100.0
NCCB,12/18/2019,200.0,201.0,199.0,201.0,0.0,22916.0,733.0,100.0
NCCB,12/19/2019,200.0,201.0,199.0,200.0,-0.5,14368.0,733.0,100.0
NCCB,12/22/2019,200.0,208.0,200.0,206.0,3.0,80087.0,733.0,100.0
NCCB,12/23/2019,209.0,209.0,205.0,207.0,0.49,180854.0,733.0,100.0
NCCB,12/24/2019,210.0,210.0,203.0,205.0,-0.97,64107.0,733.0,100.0
NCCB,12/25/2019,207.0,207.0,203.0,204.0,-0.49,17978.0,733.0,100.0
NCCB,12/26/2019,206.0,206.0,203.0,204.0,0.0,15687.0,733.0,100.0
NCCB,12/29/2019,201.0,203.0,201.0,202.0,-0.98,20403.0,733.0,100.0
NCCB,12/30/2019,201.0,202.0,200.0,202.0,0.0,12193.0,733.0,100.0
NCCB,12/31/2019,201.0,203.0,201.0,201.0,-0.5,18918.0,733.0,100.0
NCCB,1/1/2020,202.0,203.0,201.0,203.0,1.0,22459.0,733.0,100.0
NCCB,1/2/2020,203.0,203.0,201.0,203.0,0.0,26636.0,733.0,100.0
NCCB,1/5/2020,200.0,205.0,200.0,203.0,0.0,18371.0,733.0,100.0
NCCB,1/6/2020,205.0,208.0,204.0,204.0,0.49,101700.0,733.0,100.0
NCCB,1/7/2020,210.0,211.0,207.0,209.0,2.45,139109.0,733.0,100.0
NCCB,1/8/2020,213.0,213.0,207.0,208.0,-0.48,58128.0,733.0,100.0
NCCB,1/9/2020,208.0,210.0,207.0,209.0,0.48,37084.0,733.0,100.0
NCCB,1/12/2020,212.0,217.0,212.0,217.0,3.83,104547.0,733.0,100.0
NCCB,1/13/2020,218.0,222.0,217.0,220.0,1.38,164113.0,733.0,100.0
NCCB,1/14/2020,224.0,224.0,217.0,219.0,-0.45,75875.0,733.0,100.0
NCCB,1/15/2020,219.0,225.0,218.0,223.0,1.83,84592.0,733.0,100.0
NCCB,1/16/2020,225.0,229.0,221.0,226.0,1.35,176770.0,733.0,100.0
NCCB,1/19/2020,230.0,237.0,226.0,237.0,4.87,287008.0,733.0,100.0
NCCB,1/20/2020,240.0,242.0,230.0,233.0,-1.69,568495.0,733.0,100.0
NCCB,1/21/2020,212.0,212.0,200.0,205.0,-12.02,89298.0,733.0,100.0
NCCB,1/22/2020,215.0,215.0,201.0,201.0,-1.95,47908.0,733.0,100.0
NCCB,1/23/2020,205.0,205.0,197.0,197.0,-1.99,68913.0,733.0,100.0
NCCB,1/26/2020,206.0,206.0,196.0,198.0,0.51,81426.0,733.0,100.0
NCCB,1/27/2020,199.0,200.0,196.0,200.0,1.01,43304.0,733.0,100.0
NCCB,1/28/2020,200.0,201.0,197.0,198.0,-1.0,49876.0,733.0,100.0
NCCB,1/29/2020,199.0,199.0,195.0,198.0,0.0,30840.0,733.0,100.0
NCCB,1/30/2020,197.0,201.0,196.0,201.0,1.52,59490.0,733.0,100.0
NCCB,2/2/2020,200.0,203.0,198.0,201.0,0.0,82030.0,733.0,100.0
NCCB,2/3/2020,203.0,203.0,199.0,200.0,-0.5,30966.0,733.0,100.0
NCCB,2/4/2020,199.0,200.0,197.0,198.0,-1.0,32501.0,733.0,100.0
NCCB,2/5/2020,198.0,199.0,197.0,198.0,0.0,50398.0,733.0,100.0
NCCB,2/6/2020,199.0,199.0,195.0,196.0,-1.01,24723.0,733.0,100.0
NCCB,2/9/2020,196.0,196.0,194.0,195.0,-0.51,22852.0,733.0,100.0
NCCB,2/10/2020,195.0,196.0,193.0,196.0,0.51,33588.0,733.0,100.0
NCCB,2/11/2020,196.0,199.0,194.0,196.0,0.0,29210.0,733.0,100.0
NCCB,2/12/2020,196.0,197.0,194.0,194.0,-1.02,36375.0,733.0,100.0
NCCB,2/13/2020,195.0,195.0,192.0,193.0,-0.52,36762.0,733.0,100.0
NCCB,2/16/2020,192.0,194.0,191.0,193.0,0.0,59809.0,733.0,100.0
NCCB,2/17/2020,196.0,202.0,194.0,198.0,2.59,60196.0,733.0,100.0
NCCB,2/18/2020,201.0,202.0,196.0,197.0,-0.51,71207.0,733.0,100.0
NCCB,2/19/2020,194.0,197.0,194.0,197.0,0.0,48602.0,733.0,100.0
NCCB,2/20/2020,195.0,197.0,194.0,197.0,0.0,92970.0,733.0,100.0
NCCB,2/23/2020,198.0,216.0,198.0,208.0,5.58,200522.0,733.0,100.0
NCCB,2/24/2020,212.0,217.0,205.0,207.0,-0.48,221853.0,733.0,100.0
NCCB,2/25/2020,217.0,217.0,205.0,210.0,1.45,113474.0,733.0,100.0
NCCB,2/26/2020,214.0,214.0,209.0,213.0,1.43,199305.0,733.0,100.0
NCCB,2/27/2020,223.0,224.0,208.0,224.0,5.16,327407.0,733.0,100.0
NCCB,3/1/2020,235.0,235.0,216.0,217.0,-3.12,273692.0,733.0,100.0
NCCB,3/2/2020,220.0,221.0,206.0,209.0,-3.69,117633.0,733.0,100.0
NCCB,3/3/2020,205.0,213.0,201.0,208.0,-0.48,212508.0,733.0,100.0
NCCB,3/4/2020,210.0,210.0,201.0,203.0,-2.4,133522.0,733.0,100.0
NCCB,3/5/2020,201.0,205.0,198.0,199.0,-1.97,164310.0,733.0,100.0
NCCB,3/10/2020,202.0,202.0,188.0,188.0,-5.53,67051.0,733.0,100.0
NCCB,3/11/2020,191.0,197.0,186.0,197.0,4.79,104059.0,733.0,100.0
NCCB,3/12/2020,200.0,201.0,190.0,191.0,-3.05,108432.0,733.0,100.0
NCCB,3/15/2020,189.0,190.0,183.0,186.0,-2.62,124352.0,733.0,100.0
NCCB,3/16/2020,189.0,189.0,182.0,184.0,-1.08,74104.0,733.0,100.0
NCCB,3/17/2020,185.0,185.0,175.0,178.0,-3.26,118291.0,733.0,100.0
NCCB,3/18/2020,176.0,182.0,170.0,178.0,0.0,75741.0,733.0,100.0
NCCB,3/19/2020,175.0,190.0,169.0,190.0,6.74,138499.0,733.0,100.0
NCCB,3/22/2020,187.0,187.0,176.0,178.0,-6.32,8372.0,733.0,100.0
NCCB,6/29/2020,175.0,175.0,175.0,166.0,-6.74,8673.0,733.0,100.0
NCCB,6/30/2020,163.0,176.0,163.0,176.0,6.02,5583.0,733.0,100.0
NCCB,7/1/2020,179.0,193.0,179.0,193.0,9.66,5461.0,733.0,100.0
NCCB,7/2/2020,196.0,196.0,175.0,178.0,-7.77,11688.0,733.0,100.0
NCCB,7/5/2020,176.0,180.0,170.0,180.0,1.12,39521.0,733.0,100.0
NCCB,7/6/2020,181.0,182.0,175.0,182.0,1.11,100256.0,733.0,100.0
NCCB,7/7/2020,185.0,190.0,181.0,190.0,4.4,47971.0,733.0,100.0
NCCB,7/8/2020,190.0,190.0,181.0,185.0,-2.63,18914.0,733.0,100.0
NCCB,7/9/2020,188.0,188.0,176.0,185.0,0.0,61371.0,733.0,100.0
NCCB,7/12/2020,186.0,188.0,180.0,184.0,-0.54,17812.0,733.0,100.0
NCCB,7/13/2020,187.0,187.0,180.0,185.0,0.54,51457.0,733.0,100.0
NCCB,7/14/2020,184.0,184.0,181.0,182.0,-1.62,30721.0,733.0,100.0
NCCB,7/15/2020,182.0,189.0,179.0,186.0,2.2,30048.0,733.0,100.0
NCCB,7/16/2020,187.0,192.0,185.0,192.0,3.23,54386.0,733.0,100.0
NCCB,7/19/2020,195.0,211.0,195.0,211.0,9.9,3726.0,733.0,100.0
NCCB,7/20/2020,221.0,229.0,195.0,203.0,-3.79,167215.0,733.0,100.0
NCCB,7/21/2020,203.0,207.0,196.0,200.0,-1.48,180766.0,733.0,100.0
NCCB,7/22/2020,201.0,202.0,197.0,199.0,-0.5,59360.0,733.0,100.0
NCCB,7/23/2020,197.0,201.0,194.0,201.0,1.01,50790.0,733.0,100.0
NCCB,7/26/2020,201.0,202.0,197.0,202.0,0.5,61771.0,733.0,100.0
NCCB,7/27/2020,204.0,204.0,198.0,200.0,-0.99,101487.0,733.0,100.0
NCCB,7/28/2020,204.0,204.0,196.0,201.0,0.5,187921.0,733.0,100.0
NCCB,7/29/2020,201.0,201.0,196.0,197.0,-1.99,54529.0,733.0,100.0
NCCB,7/30/2020,200.0,200.0,195.0,198.0,0.51,136182.0,733.0,100.0
NCCB,8/2/2020,195.0,196.0,192.0,194.0,-2.02,226793.0,733.0,100.0
NCCB,8/3/2020,197.0,197.0,188.0,194.0,0.0,39709.0,733.0,100.0
NCCB,8/5/2020,193.0,193.0,187.0,191.0,-1.55,45250.0,733.0,100.0
NCCB,8/6/2020,189.0,190.0,187.0,190.0,-0.52,40852.0,733.0,100.0
NCCB,8/9/2020,187.0,192.0,185.0,192.0,1.05,37755.0,733.0,100.0
NCCB,8/10/2020,195.0,196.0,191.0,196.0,2.08,36874.0,733.0,100.0
NCCB,8/11/2020,198.0,198.0,190.0,195.0,-0.51,242215.0,733.0,100.0
NCCB,8/12/2020,193.0,200.0,192.0,197.0,1.03,35866.0,733.0,100.0
NCCB,8/13/2020,202.0,202.0,193.0,195.0,-1.02,84743.0,733.0,100.0
NCCB,8/16/2020,192.0,193.0,189.0,192.0,-1.54,54679.0,733.0,100.0
NCCB,8/17/2020,189.0,194.0,189.0,193.0,0.52,20329.0,733.0,100.0
NCCB,8/18/2020,191.0,193.0,190.0,193.0,0.0,15437.0,733.0,100.0
NCCB,8/19/2020,190.0,193.0,187.0,190.0,-1.55,41972.0,733.0,100.0
NCCB,8/20/2020,188.0,191.0,187.0,190.0,0.0,14702.0,733.0,100.0
NCCB,8/23/2020,190.0,190.0,187.0,190.0,0.0,20348.0,733.0,100.0
NCCB,8/24/2020,190.0,192.0,189.0,191.0,0.53,40936.0,733.0,100.0
NCCB,8/25/2020,192.0,192.0,189.0,192.0,0.52,35707.0,733.0,100.0
NCCB,8/26/2020,193.0,199.0,191.0,198.0,3.12,98745.0,733.0,100.0
NCCB,8/27/2020,201.0,201.0,193.0,193.0,-2.53,62499.0,733.0,100.0
NCCB,8/30/2020,191.0,195.0,189.0,194.0,0.52,15613.0,733.0,100.0
NCCB,8/31/2020,194.0,196.0,192.0,194.0,0.0,57628.0,733.0,100.0
NCCB,9/2/2020,197.0,199.0,194.0,197.0,1.55,88221.0,733.0,100.0
NCCB,9/3/2020,200.0,200.0,194.0,198.0,0.51,92381.0,733.0,100.0
NCCB,9/6/2020,207.0,207.0,195.0,196.0,-1.01,95141.0,733.0,100.0
NCCB,9/7/2020,194.0,195.0,192.0,195.0,-0.51,88532.0,733.0,100.0
NCCB,9/8/2020,193.0,196.0,193.0,196.0,0.51,56622.0,733.0,100.0
NCCB,9/9/2020,195.0,198.0,193.0,197.0,0.51,109399.0,733.0,100.0
NCCB,9/10/2020,199.0,200.0,195.0,199.0,1.02,85790.0,733.0,100.0
NCCB,9/13/2020,199.0,202.0,196.0,200.0,0.5,157402.0,733.0,100.0
NCCB,9/14/2020,201.0,208.0,198.0,204.0,2.0,266513.0,733.0,100.0
NCCB,9/15/2020,205.0,209.0,203.0,206.0,0.98,178694.0,733.0,100.0
NCCB,9/16/2020,206.0,209.0,204.0,209.0,1.46,170583.0,733.0,100.0
NCCB,9/17/2020,200.0,218.0,200.0,216.0,3.35,308450.0,733.0,100.0
NCCB,9/20/2020,222.0,224.0,214.0,216.0,0.0,109164.0,733.0,100.0
NCCB,9/21/2020,215.0,217.0,211.0,215.0,-0.46,138978.0,733.0,100.0
NCCB,9/22/2020,211.0,215.0,206.0,208.0,-3.26,147213.0,733.0,100.0
NCCB,9/23/2020,208.0,213.0,205.0,212.0,1.92,116822.0,733.0,100.0
NCCB,9/24/2020,209.0,217.0,209.0,213.0,0.47,162631.0,733.0,100.0
NCCB,9/27/2020,217.0,224.0,213.0,219.0,2.82,308742.0,733.0,100.0
NCCB,9/28/2020,221.0,222.0,218.0,220.0,0.46,139932.0,733.0,100.0
NCCB,9/29/2020,219.0,219.0,215.0,215.0,-2.27,44466.0,733.0,100.0
NCCB,9/30/2020,214.0,220.0,213.0,218.0,1.4,76250.0,733.0,100.0
NCCB,10/1/2020,219.0,226.0,216.0,223.0,2.29,244766.0,733.0,100.0
NCCB,10/4/2020,226.0,230.0,220.0,230.0,3.14,516532.0,733.0,100.0
NCCB,10/5/2020,228.0,232.0,224.0,227.0,-1.3,177939.0,733.0,100.0
NCCB,10/6/2020,227.0,229.0,223.0,226.0,-0.44,85236.0,733.0,100.0
NCCB,10/7/2020,223.0,233.0,223.0,228.0,0.88,154318.0,733.0,100.0
NCCB,10/8/2020,230.0,234.0,228.0,230.0,0.88,247414.0,733.0,100.0
NCCB,10/11/2020,228.0,229.0,224.0,226.0,-1.74,55338.0,733.0,100.0
NCCB,10/12/2020,223.0,226.0,222.0,224.0,-0.88,87205.0,733.0,100.0
NCCB,10/13/2020,223.0,226.0,222.0,225.0,0.45,119338.0,733.0,100.0
NCCB,10/14/2020,223.0,227.0,221.0,224.0,-0.44,96700.0,733.0,100.0
NCCB,10/15/2020,225.0,229.0,224.0,225.0,0.45,140098.0,733.0,100.0
NCCB,10/18/2020,225.0,227.0,223.0,226.0,0.44,74780.0,733.0,100.0
NCCB,10/19/2020,227.0,230.0,226.0,229.0,1.33,153873.0,733.0,100.0
NCCB,10/20/2020,230.0,231.0,229.0,230.0,0.44,76010.0,733.0,100.0
NCCB,10/21/2020,230.0,232.0,229.0,231.0,0.43,111603.0,733.0,100.0
NCCB,10/22/2020,242.0,242.0,230.0,235.0,1.73,169083.0,733.0,100.0
NCCB,10/28/2020,246.0,246.0,236.0,242.0,2.98,105618.0,733.0,100.0
NCCB,10/29/2020,242.0,246.0,237.0,238.0,-1.65,126675.0,733.0,100.0
NCCB,11/1/2020,238.0,241.0,234.0,237.0,-0.42,97896.0,733.0,100.0
NCCB,11/2/2020,237.0,238.0,234.0,234.0,-1.27,46173.0,733.0,100.0
NCCB,11/3/2020,232.0,235.0,231.0,235.0,0.43,44739.0,733.0,100.0
NCCB,11/4/2020,234.0,235.0,232.0,232.0,-1.28,45599.0,733.0,100.0
NCCB,11/5/2020,231.0,234.0,230.0,232.0,0.0,59937.0,733.0,100.0
NCCB,11/8/2020,236.0,236.0,230.0,231.0,-0.43,37683.0,733.0,100.0
NCCB,11/9/2020,232.0,234.0,228.0,229.0,-0.87,55823.0,733.0,100.0
NCCB,11/10/2020,230.0,232.0,229.0,231.0,0.87,47833.0,733.0,100.0
NCCB,11/11/2020,232.0,234.0,229.0,233.0,0.87,62810.0,733.0,100.0
NCCB,11/12/2020,235.0,238.0,233.0,234.0,0.43,90208.0,733.0,100.0
NCCB,11/18/2020,230.0,234.0,229.0,230.0,-1.71,82094.0,733.0,100.0
NCCB,11/19/2020,233.0,234.0,230.0,231.0,0.43,104087.0,733.0,100.0
NCCB,11/22/2020,233.0,244.0,233.0,239.0,3.46,198246.0,733.0,100.0
NCCB,11/23/2020,236.0,240.0,236.0,238.0,-0.42,60652.0,733.0,100.0
NCCB,11/24/2020,240.0,242.0,236.0,236.0,-0.84,66463.0,733.0,100.0
NCCB,11/25/2020,240.0,243.0,235.0,240.0,1.69,131770.0,733.0,100.0
NCCB,11/26/2020,245.0,252.0,242.0,249.0,3.75,453301.0,733.0,100.0
NCCB,11/29/2020,261.0,273.0,252.0,273.0,9.64,469809.0,733.0,100.0
NCCB,11/30/2020,285.0,300.0,284.0,298.0,9.16,712539.0,733.0,100.0
NCCB,12/1/2020,297.0,301.0,285.0,300.0,0.67,630979.0,733.0,100.0
NCCB,12/2/2020,303.0,312.0,292.0,299.0,-0.33,387836.0,733.0,100.0
NCCB,12/3/2020,298.0,307.0,293.0,295.0,-1.34,351584.0,733.0,100.0
NCCB,12/6/2020,309.0,309.0,280.0,280.0,-5.08,233670.0,733.0,100.0
NCCB,12/7/2020,275.0,298.0,275.0,290.0,3.57,173445.0,733.0,100.0
NCCB,12/8/2020,304.0,304.0,284.0,288.0,-0.69,141150.0,733.0,100.0
NCCB,12/9/2020,293.0,298.0,279.0,285.0,-1.04,113701.0,733.0,100.0
NCCB,12/10/2020,281.0,288.0,279.0,286.0,0.35,180566.0,733.0,100.0
NCCB,12/13/2020,300.0,300.0,285.0,295.0,3.15,248328.0,733.0,100.0
NCCB,12/14/2020,300.0,300.0,290.0,295.0,0.0,266725.0,733.0,100.0
NCCB,12/15/2020,309.0,309.0,296.0,300.0,1.69,378247.0,733.0,100.0
NCCB,12/16/2020,315.0,330.0,299.0,325.0,8.33,1253376.0,733.0,100.0
NCCB,12/17/2020,330.0,330.0,310.0,312.0,-4.0,395858.0,733.0,100.0
NCCB,12/20/2020,297.0,324.0,294.0,314.0,0.64,802447.0,733.0,100.0
NCCB,12/21/2020,315.0,325.0,298.0,319.0,1.59,491062.0,733.0,100.0
NCCB,12/22/2020,325.0,350.0,325.0,350.0,9.72,794473.0,733.0,100.0
NCCB,12/23/2020,367.0,385.0,355.0,364.0,4.0,627721.0,733.0,100.0
NCCB,12/24/2020,360.0,360.0,339.0,346.0,-4.95,403626.0,733.0,100.0
NCCB,12/27/2020,350.0,350.0,326.0,333.0,-3.76,354871.0,733.0,100.0
NCCB,12/28/2020,334.0,358.0,327.0,353.0,6.01,525802.0,733.0,100.0
NCCB,12/29/2020,360.0,360.0,336.0,341.0,-3.4,189085.0,733.0,100.0
NCCB,12/30/2020,338.0,350.0,336.0,342.0,0.29,395330.0,733.0,100.0
NCCB,12/31/2020,359.0,359.0,338.0,338.0,-1.17,230722.0,733.0,100.0
NCCB,1/3/2021,341.0,365.0,340.0,361.0,6.8,420505.0,733.0,100.0
NCCB,1/4/2021,365.0,376.0,350.0,357.0,-1.11,688211.0,733.0,100.0
NCCB,1/5/2021,340.0,340.0,318.0,325.0,-8.96,99649.0,733.0,100.0
NCCB,1/6/2021,325.0,330.0,322.0,325.0,0.0,70222.0,733.0,100.0
NCCB,1/7/2021,331.0,333.0,325.0,326.0,0.31,173766.0,733.0,100.0
NCCB,1/10/2021,332.0,340.0,328.0,334.0,2.45,196487.0,733.0,100.0
NCCB,1/11/2021,340.0,344.0,327.0,329.0,-1.5,96495.0,733.0,100.0
NCCB,1/12/2021,335.0,335.0,327.0,330.0,0.3,78038.0,733.0,100.0
NCCB,1/13/2021,336.0,336.0,328.0,332.0,0.61,125133.0,733.0,100.0
NCCB,1/17/2021,348.0,348.0,331.0,335.0,0.9,172217.0,733.0,100.0
NCCB,1/18/2021,336.0,342.0,333.0,335.0,0.0,132553.0,733.0,100.0
NCCB,1/19/2021,336.0,342.0,331.0,331.0,-1.19,169739.0,733.0,100.0
NCCB,1/20/2021,331.0,336.0,328.0,333.0,0.6,180156.0,733.0,100.0
NCCB,1/21/2021,339.0,339.0,328.0,331.0,-0.6,121241.0,733.0,100.0
NCCB,1/24/2021,347.0,364.0,347.0,364.0,9.97,220484.0,733.0,100.0
NCCB,1/25/2021,379.0,379.0,343.0,356.0,-2.2,870347.0,733.0,100.0
NCCB,1/26/2021,354.0,361.0,350.0,351.0,-1.4,200095.0,733.0,100.0
NCCB,1/27/2021,368.0,368.0,344.0,350.0,-0.28,215724.0,733.0,100.0
NCCB,1/28/2021,345.0,345.0,328.0,336.0,-4.0,295331.0,733.0,100.0
NCCB,1/31/2021,336.0,336.0,317.0,327.0,-2.68,187435.0,733.0,100.0
NCCB,2/1/2021,324.0,330.0,324.0,325.0,-0.61,110259.0,733.0,100.0
NCCB,2/2/2021,325.0,330.0,319.0,325.0,0.0,188111.0,733.0,100.0
NCCB,2/3/2021,325.0,325.0,312.0,315.0,-3.08,606171.0,733.0,100.0
NCCB,2/4/2021,300.0,322.0,300.0,319.0,1.27,149856.0,733.0,100.0
NCCB,2/7/2021,320.0,321.0,308.0,311.0,-2.51,314183.0,733.0,100.0
NCCB,2/8/2021,326.0,326.0,307.0,311.0,0.0,408359.0,733.0,100.0
NCCB,2/9/2021,326.0,326.0,309.0,311.0,0.0,192677.0,733.0,100.0
NCCB,2/10/2021,316.0,332.0,307.0,315.0,1.29,888064.0,733.0,100.0
NCCB,2/11/2021,321.0,325.0,314.0,314.0,-0.32,173014.0,733.0,100.0
NCCB,2/14/2021,315.0,322.0,309.0,313.0,-0.32,389138.0,733.0,100.0
NCCB,2/15/2021,319.0,322.0,312.0,316.0,0.96,136078.0,733.0,100.0
NCCB,2/16/2021,318.0,327.0,312.0,320.0,1.27,592193.0,733.0,100.0
NCCB,2/17/2021,326.0,339.0,320.0,334.0,4.37,401682.0,733.0,100.0
NCCB,2/18/2021,335.0,346.0,334.0,334.0,0.0,410227.0,733.0,100.0
NCCB,2/21/2021,334.0,337.0,328.0,332.0,-0.6,168781.0,733.0,100.0
NCCB,2/22/2021,337.0,337.0,317.0,320.0,-3.61,216618.0,733.0,100.0
NCCB,2/23/2021,336.0,336.0,311.0,317.0,-0.94,150410.0,733.0,100.0
NCCB,2/24/2021,321.0,329.0,314.0,321.0,1.26,210734.0,733.0,100.0
NCCB,2/25/2021,336.0,336.0,316.0,318.0,-0.93,110267.0,733.0,100.0
NCCB,2/28/2021,322.0,322.0,311.0,314.0,-1.26,236993.0,733.0,100.0
NCCB,3/1/2021,299.0,319.0,299.0,315.0,0.32,96670.0,733.0,100.0
NCCB,3/2/2021,330.0,330.0,304.0,308.0,-2.22,194609.0,733.0,100.0
NCCB,3/3/2021,323.0,323.0,302.0,309.0,0.32,128992.0,733.0,100.0
NCCB,3/4/2021,315.0,316.0,307.0,313.0,1.29,93432.0,733.0,100.0
NCCB,3/7/2021,328.0,328.0,309.0,315.0,0.64,192714.0,733.0,100.0
NCCB,3/9/2021,321.0,321.0,307.0,311.0,-1.27,136972.0,733.0,100.0
NCCB,3/10/2021,311.0,312.0,307.0,310.0,-0.32,77192.0,733.0,100.0
NCCB,3/14/2021,309.0,309.0,304.0,306.0,-1.29,75774.0,733.0,100.0
NCCB,3/15/2021,301.0,308.0,297.0,302.0,-1.31,45004.0,733.0,100.0
NCCB,3/16/2021,298.0,303.0,296.0,299.0,-0.99,112560.0,733.0,100.0
NCCB,3/17/2021,296.0,303.0,293.0,302.0,1.0,100576.0,733.0,100.0
NCCB,3/18/2021,317.0,317.0,301.0,305.0,0.99,96428.0,733.0,100.0
NCCB,3/21/2021,320.0,321.0,309.0,315.0,3.28,140590.0,733.0,100.0
NCCB,3/22/2021,300.0,320.0,300.0,315.0,0.0,132736.0,733.0,100.0
NCCB,3/23/2021,311.0,316.0,310.0,315.0,0.0,77919.0,733.0,100.0
NCCB,3/24/2021,317.0,327.0,316.0,325.0,3.17,301726.0,733.0,100.0
NCCB,3/25/2021,341.0,341.0,322.0,325.0,0.0,341171.0,733.0,100.0
NCCB,3/29/2021,325.0,325.0,311.0,315.0,-3.08,89084.0,733.0,100.0
NCCB,3/30/2021,316.0,323.0,315.0,319.0,1.27,67761.0,733.0,100.0
NCCB,3/31/2021,319.0,324.0,315.0,320.0,0.31,68673.0,733.0,100.0
NCCB,4/1/2021,320.0,320.0,316.0,318.0,-0.62,74423.0,733.0,100.0
NCCB,4/4/2021,318.0,324.0,317.0,318.0,0.0,72800.0,733.0,100.0
NCCB,4/5/2021,318.0,320.0,316.0,318.0,0.0,53471.0,733.0,100.0
NCCB,4/6/2021,318.0,320.0,316.0,320.0,0.63,105804.0,733.0,100.0
NCCB,4/7/2021,320.0,321.0,317.0,317.0,-0.94,63264.0,733.0,100.0
NCCB,4/8/2021,318.0,320.0,315.0,316.0,-0.32,106046.0,733.0,100.0
NCCB,4/12/2021,301.0,328.0,301.0,319.0,0.95,266963.0,733.0,100.0
NCCB,4/13/2021,334.0,334.0,318.0,323.0,1.25,172962.0,733.0,100.0
NCCB,4/15/2021,325.0,333.0,324.0,325.0,0.62,324905.0,733.0,100.0
NCCB,4/18/2021,328.0,332.0,319.0,321.0,-1.23,610181.0,733.0,100.0
NCCB,4/19/2021,321.0,325.0,315.0,316.0,-1.56,301393.0,733.0,100.0
NCCB,4/20/2021,317.0,320.0,314.0,315.0,-0.32,52677.0,733.0,100.0
NCCB,4/21/2021,312.0,319.0,312.0,315.0,0.0,167767.0,733.0,100.0
NCCB,4/22/2021,330.0,346.0,309.0,346.0,9.84,1840976.0,733.0,100.0
NCCB,4/25/2021,363.0,363.0,325.0,330.0,-4.62,517882.0,733.0,100.0
NCCB,4/26/2021,323.0,345.0,323.0,327.0,-0.91,401543.0,733.0,100.0
NCCB,4/27/2021,322.0,333.0,322.0,328.0,0.31,184280.0,733.0,100.0
NCCB,4/28/2021,328.0,347.0,328.0,340.0,3.66,835466.0,733.0,100.0
NCCB,4/29/2021,357.0,357.0,337.0,352.0,3.53,884248.0,733.0,100.0
NCCB,5/2/2021,352.0,375.0,352.0,367.0,4.26,1145753.0,733.0,100.0
NCCB,5/3/2021,376.0,376.0,363.0,363.0,-1.09,630045.0,733.0,100.0
NCCB,5/4/2021,381.0,381.0,360.0,368.0,1.38,627420.0,733.0,100.0
NCCB,5/5/2021,370.0,370.0,363.0,363.0,-1.36,532313.0,733.0,100.0
NCCB,5/6/2021,365.0,375.0,363.0,374.0,3.03,1158147.0,733.0,100.0
NCCB,5/9/2021,375.0,376.0,364.0,366.0,-2.14,782456.0,733.0,100.0
NCCB,5/10/2021,370.0,370.0,364.0,365.0,-0.27,183252.0,733.0,100.0
NCCB,5/11/2021,365.0,369.0,362.0,364.0,-0.27,153216.0,733.0,100.0
NCCB,5/12/2021,365.0,373.0,362.0,369.0,1.37,379632.0,733.0,100.0
NCCB,5/13/2021,387.0,387.0,367.0,367.0,-0.54,153617.0,733.0,100.0
NCCB,5/16/2021,385.0,385.0,370.0,375.0,2.18,837223.0,733.0,100.0
NCCB,5/17/2021,385.0,385.0,369.0,370.0,-1.33,352298.0,733.0,100.0
NCCB,5/18/2021,370.0,375.0,366.0,369.0,-0.27,271268.0,733.0,100.0
NCCB,5/19/2021,370.0,372.0,364.0,365.0,-1.08,262875.0,733.0,100.0
NCCB,5/20/2021,365.0,372.0,363.0,365.0,0.0,183932.0,733.0,100.0
NCCB,5/23/2021,365.0,370.0,363.0,369.0,1.1,282816.0,733.0,100.0
NCCB,5/24/2021,387.0,387.0,365.0,369.0,0.0,468597.0,733.0,100.0
NCCB,5/25/2021,371.0,373.0,365.0,368.0,-0.27,331937.0,733.0,100.0
NCCB,5/27/2021,366.0,370.0,362.0,364.0,-1.09,419431.0,733.0,100.0
NCCB,5/30/2021,375.0,375.0,361.0,364.0,0.0,335671.0,733.0,100.0
NCCB,5/31/2021,364.0,369.0,358.0,361.0,-0.82,213298.0,733.0,100.0
NCCB,6/1/2021,377.0,377.0,356.0,357.0,-1.11,162150.0,733.0,100.0
NCCB,6/2/2021,374.0,374.0,354.0,356.0,-0.28,157623.0,733.0,100.0
NCCB,6/3/2021,356.0,369.0,356.0,363.0,1.97,378252.0,733.0,100.0
NCCB,6/6/2021,368.0,381.0,368.0,374.0,3.03,634332.0,733.0,100.0
NCCB,6/7/2021,379.0,380.0,364.0,367.0,-1.87,842827.0,733.0,100.0
NCCB,6/8/2021,373.0,379.0,365.0,372.0,1.36,786306.0,733.0,100.0
NCCB,6/9/2021,385.0,385.0,372.0,378.0,1.61,627576.0,733.0,100.0
NCCB,6/10/2021,385.0,385.0,373.0,378.0,0.0,764360.0,733.0,100.0
NCCB,6/13/2021,385.0,395.0,373.0,375.0,-0.79,832533.0,733.0,100.0
NCCB,6/14/2021,382.0,389.0,378.0,384.0,2.4,622364.0,733.0,100.0
NCCB,6/15/2021,390.0,390.0,378.0,380.0,-1.04,392571.0,733.0,100.0
NCCB,6/16/2021,379.0,386.0,373.0,378.0,-0.53,536690.0,733.0,100.0
NCCB,6/17/2021,395.0,395.0,373.0,375.0,-0.79,181826.0,733.0,100.0
NCCB,6/20/2021,380.0,380.0,366.0,372.0,-0.8,220704.0,733.0,100.0
NCCB,6/21/2021,390.0,390.0,361.0,365.0,-1.88,227926.0,733.0,100.0
NCCB,6/22/2021,365.0,373.0,360.0,373.0,2.19,274428.0,733.0,100.0
NCCB,6/23/2021,391.0,391.0,363.0,364.0,-2.41,155045.0,733.0,100.0
NCCB,6/24/2021,362.0,365.0,357.0,363.0,-0.27,141564.0,733.0,100.0
NCCB,6/27/2021,367.0,373.0,361.0,370.0,1.93,206935.0,733.0,100.0
NCCB,6/28/2021,352.0,380.0,352.0,365.0,-1.35,94097.0,733.0,100.0
NCCB,6/29/2021,375.0,375.0,362.0,363.0,-0.55,114618.0,733.0,100.0
NCCB,6/30/2021,362.0,363.0,357.0,362.0,-0.28,70220.0,733.0,100.0
NCCB,7/1/2021,369.0,369.0,360.0,363.0,0.28,67770.0,733.0,100.0
NCCB,7/4/2021,367.0,369.0,360.0,361.0,-0.55,128305.0,733.0,100.0
NCCB,7/5/2021,360.0,366.0,359.0,365.0,1.11,125879.0,733.0,100.0
NCCB,7/6/2021,380.0,380.0,361.0,365.0,0.0,109646.0,733.0,100.0
NCCB,7/7/2021,362.0,367.0,362.0,366.0,0.27,87267.0,733.0,100.0
NCCB,7/8/2021,366.0,367.0,360.0,364.0,-0.55,93187.0,733.0,100.0
NCCB,7/11/2021,369.0,376.0,365.0,375.0,3.02,177171.0,733.0,100.0
NCCB,7/12/2021,377.0,377.0,358.0,367.0,-2.13,333982.0,733.0,100.0
NCCB,7/13/2021,367.0,371.0,361.0,364.0,-0.82,137071.0,733.0,100.0
NCCB,7/14/2021,362.0,369.0,362.0,365.0,0.27,91529.0,733.0,100.0
NCCB,7/15/2021,366.0,367.0,362.0,367.0,0.55,122110.0,733.0,100.0
NCCB,7/18/2021,374.3,379.9,367.0,376.5,2.59,320309.0,733.0,100.0
NCCB,7/19/2021,382.0,385.0,372.0,376.0,-0.13,257343.0,733.0,100.0
NCCB,7/20/2021,377.0,379.0,370.0,371.2,-1.28,113328.0,733.0,100.0
NCCB,7/22/2021,373.0,380.0,370.0,376.0,1.29,313523.0,733.0,100.0
NCCB,7/25/2021,382.0,399.9,382.0,399.5,6.25,882324.0,733.0,100.0
NCCB,7/26/2021,407.0,407.0,387.0,389.0,-2.63,436537.0,733.0,100.0
NCCB,7/27/2021,385.0,394.9,374.0,390.0,0.26,307530.0,733.0,100.0
NCCB,7/28/2021,390.0,396.0,380.0,383.0,-1.79,240877.0,733.0,100.0
NCCB,7/29/2021,390.0,390.0,379.0,387.5,1.17,280548.0,733.0,100.0
NCCB,8/1/2021,390.0,390.0,380.0,381.5,-1.55,201310.0,733.0,100.0
NCCB,8/2/2021,382.0,385.0,377.0,385.0,0.92,212909.0,733.0,100.0
NCCB,8/3/2021,385.0,389.9,379.0,380.0,-1.3,108763.0,733.0,100.0
NCCB,8/4/2021,383.0,384.0,377.8,384.0,1.05,159665.0,733.0,100.0
NCCB,8/5/2021,384.0,384.0,378.0,379.0,-1.3,132178.0,733.0,100.0
NCCB,8/8/2021,380.0,380.0,375.0,379.0,0.0,152874.0,733.0,100.0
NCCB,8/9/2021,374.0,379.0,374.0,376.0,-0.79,148618.0,733.0,100.0
NCCB,8/10/2021,376.0,384.0,375.0,381.0,1.33,266893.0,733.0,100.0
NCCB,8/11/2021,385.0,385.3,373.0,376.9,-1.08,190870.0,733.0,100.0
NCCB,8/12/2021,377.0,381.0,373.0,380.0,0.82,169420.0,733.0,100.0
NCCB,8/15/2021,382.0,382.0,365.0,371.8,-2.16,273576.0,733.0,100.0
NCCB,8/16/2021,371.8,372.0,363.0,364.5,-1.96,198424.0,733.0,100.0
NCCB,8/17/2021,357.4,371.0,357.4,360.5,-1.1,242583.0,733.0,100.0
NCCB,8/18/2021,360.0,369.0,357.7,361.9,0.39,207657.0,733.0,100.0
NCCB,8/19/2021,364.0,366.0,356.0,361.0,-0.25,268681.0,733.0,100.0
NCCB,8/24/2021,361.0,362.0,356.1,356.1,-1.36,107386.0,733.0,100.0
NCCB,8/25/2021,356.0,361.0,351.4,354.0,-0.59,105121.0,733.0,100.0
NCCB,8/26/2021,361.0,361.0,349.0,351.0,-0.85,119604.0,733.0,100.0
NCCB,8/29/2021,352.0,355.0,343.1,348.0,-0.85,155837.0,733.0,100.0
NCCB,8/31/2021,348.0,350.0,338.1,340.0,-2.3,131162.0,733.0,100.0
NCCB,9/1/2021,340.0,349.0,338.0,339.0,-0.29,156434.0,733.0,100.0
NCCB,9/2/2021,340.1,342.9,335.0,338.0,-0.29,126527.0,733.0,100.0
NCCB,9/5/2021,335.0,335.0,318.5,326.0,-3.55,115565.0,733.0,100.0
NCCB,9/6/2021,326.0,340.0,321.5,339.9,4.26,135637.0,733.0,100.0
NCCB,9/7/2021,340.0,340.0,330.0,337.9,-0.59,110057.0,733.0,100.0
NCCB,9/8/2021,331.2,336.0,328.0,329.4,-2.52,132703.0,733.0,100.0
NCCB,9/9/2021,335.9,335.9,323.4,326.0,-1.03,61675.0,733.0,100.0
NCCB,9/12/2021,330.0,332.4,324.0,325.0,-0.31,74837.0,733.0,100.0
NCCB,9/13/2021,326.0,334.0,326.0,332.9,2.43,80447.0,733.0,100.0
NCCB,9/14/2021,333.0,334.5,327.0,329.0,-1.17,44091.0,733.0,100.0
NCCB,9/15/2021,326.0,327.0,323.0,324.5,-1.37,47950.0,733.0,100.0
NCCB,9/16/2021,321.0,322.0,315.0,317.0,-2.31,100682.0,733.0,100.0
NCCB,9/20/2021,315.0,319.0,305.5,306.0,-3.47,140379.0,733.0,100.0
NCCB,9/21/2021,306.0,312.0,296.1,305.0,-0.33,92827.0,733.0,100.0
NCCB,9/22/2021,311.0,316.0,307.0,314.3,3.05,73399.0,733.0,100.0
NCCB,9/23/2021,320.0,333.4,315.0,321.0,2.13,214510.0,733.0,100.0
NCCB,9/26/2021,325.0,334.0,315.0,316.9,-1.28,63332.0,733.0,100.0
NCCB,9/27/2021,313.0,315.0,306.0,307.1,-3.09,77937.0,733.0,100.0
NCCB,9/28/2021,305.0,310.0,301.0,303.0,-1.34,163530.0,733.0,100.0
NCCB,9/29/2021,307.5,308.0,297.0,306.9,1.29,65553.0,733.0,100.0
NCCB,9/30/2021,307.0,310.4,297.0,301.0,-1.92,60810.0,733.0,100.0
NCCB,10/3/2021,299.1,300.0,292.0,294.0,-2.33,84518.0,733.0,100.0
NCCB,10/4/2021,299.0,299.0,289.0,291.0,-1.02,63974.0,733.0,100.0
NCCB,10/5/2021,296.8,298.8,291.0,298.8,2.68,36546.0,733.0,100.0
NCCB,10/6/2021,303.0,305.0,299.1,305.0,2.07,49015.0,733.0,100.0
NCCB,10/10/2021,300.0,304.0,297.0,302.0,-0.98,58759.0,733.0,100.0
NCCB,10/11/2021,300.0,300.0,293.0,299.0,-0.99,26053.0,733.0,100.0
NCCB,10/17/2021,300.0,302.0,296.1,301.0,0.67,17820.0,733.0,100.0
NCCB,10/18/2021,299.0,299.1,294.0,295.9,-1.69,46504.0,733.0,100.0
NCCB,10/19/2021,291.0,292.0,277.0,281.0,-5.04,54826.0,733.0,100.0
NCCB,10/20/2021,286.6,297.0,286.0,289.8,3.13,27227.0,733.0,100.0
NCCB,10/21/2021,294.0,295.0,284.4,291.0,0.41,154083.0,733.0,100.0
NCCB,10/24/2021,289.0,293.7,285.2,293.0,0.69,30814.0,733.0,100.0
NCCB,10/25/2021,298.0,303.9,293.0,300.0,2.39,24037.0,733.0,100.0
NCCB,10/26/2021,305.0,306.0,299.0,303.7,1.23,57773.0,733.0,100.0
NCCB,10/27/2021,303.0,307.0,299.0,306.0,0.76,78420.0,733.0,100.0
NCCB,10/28/2021,300.0,304.0,300.0,302.6,-1.11,52136.0,733.0,100.0
NCCB,10/31/2021,307.0,307.0,298.1,300.0,-0.86,86968.0,733.0,100.0
NCCB,11/1/2021,305.0,322.0,300.0,313.8,4.6,142169.0,733.0,100.0
NCCB,11/2/2021,308.0,316.0,307.1,314.7,0.29,70321.0,733.0,100.0
NCCB,11/3/2021,318.0,318.0,311.0,315.0,0.1,60232.0,733.0,100.0
NCCB,11/8/2021,318.9,318.9,308.0,308.0,-2.22,47084.0,733.0,100.0
NCCB,11/9/2021,303.0,313.0,298.9,302.0,-1.95,79405.0,733.0,100.0
NCCB,11/11/2021,300.0,302.5,294.0,294.0,-2.65,61269.0,733.0,100.0
NCCB,11/14/2021,289.0,295.0,288.2,291.9,-0.71,46677.0,733.0,100.0
NCCB,11/15/2021,295.0,296.0,289.2,295.0,1.06,38117.0,733.0,100.0
NCCB,11/16/2021,300.0,304.0,292.0,302.0,2.37,55161.0,733.0,100.0
NCCB,11/17/2021,307.0,308.0,300.0,300.0,-0.66,63666.0,733.0,100.0
NCCB,11/18/2021,300.0,306.0,297.1,300.0,0.0,42746.0,733.0,100.0
NCCB,11/21/2021,295.0,305.0,295.0,300.0,0.0,35039.0,733.0,100.0
NCCB,11/22/2021,300.0,303.0,297.0,300.0,0.0,31206.0,733.0,100.0
NCCB,11/23/2021,295.0,300.0,295.0,298.9,-0.37,21737.0,733.0,100.0
NCCB,11/24/2021,295.1,298.5,293.3,297.8,-0.37,38399.0,733.0,100.0
NCCB,11/25/2021,300.0,306.0,294.0,304.0,2.08,65942.0,733.0,100.0
NCCB,11/28/2021,301.3,301.3,292.0,292.5,-3.78,39869.0,733.0,100.0
NCCB,11/29/2021,292.3,296.0,291.0,293.0,0.17,30079.0,733.0,100.0
NCCB,11/30/2021,292.2,294.0,288.2,292.0,-0.34,37901.0,733.0,100.0
NCCB,12/1/2021,291.0,295.0,287.7,289.9,-0.72,65593.0,733.0,100.0
NCCB,12/2/2021,290.0,290.0,283.1,287.9,-0.69,38638.0,733.0,100.0
NCCB,12/5/2021,284.0,285.0,279.0,280.0,-2.74,51304.0,733.0,100.0
NCCB,12/6/2021,278.0,284.5,267.6,283.9,1.39,40940.0,733.0,100.0
NCCB,12/7/2021,280.0,285.6,275.0,279.0,-1.73,23550.0,733.0,100.0
NCCB,12/8/2021,280.0,280.0,268.0,271.0,-2.87,24563.0,733.0,100.0
NCCB,12/9/2021,236.08,275.0,236.08,275.0,1.48,39960.0,733.0,100.0
NCCB,12/12/2021,274.0,274.0,262.2,268.0,-2.55,41215.0,733.0,100.0
NCCB,12/13/2021,263.0,267.0,252.8,265.0,-1.12,45022.0,733.0,100.0
NCCB,12/14/2021,270.0,275.0,260.1,275.0,3.77,26229.0,733.0,100.0
NCCB,12/15/2021,275.0,279.0,264.0,269.0,-2.18,320665.0,733.0,100.0
NCCB,12/16/2021,270.0,270.0,265.0,268.9,-0.04,15160.0,733.0,100.0
NCCB,12/20/2021,274.2,274.2,260.4,266.0,-1.08,36476.0,733.0,100.0
NCCB,12/21/2021,263.0,275.0,263.0,275.0,3.38,132508.0,733.0,100.0
NCCB,12/22/2021,280.5,280.5,273.0,279.0,1.45,90580.0,733.0,100.0
NCCB,12/23/2021,280.0,282.0,272.0,278.8,-0.07,59835.0,733.0,100.0
NCCB,12/26/2021,282.0,285.0,275.0,284.5,2.04,161768.0,733.0,100.0
NCCB,12/27/2021,267.0,268.0,260.0,263.0,-7.56,69347.0,733.0,100.0
NCCB,12/28/2021,264.9,265.0,256.0,262.0,-0.38,26555.0,733.0,100.0
NCCB,12/29/2021,265.0,265.0,257.4,261.0,-0.38,23281.0,733.0,100.0
NCCB,1/2/2022,260.0,264.0,257.1,262.0,0.38,52145.0,733.0,100.0
NCCB,1/3/2022,258.0,269.0,258.0,266.5,1.72,164879.0,733.0,100.0
NCCB,1/4/2022,269.0,279.6,265.6,279.6,4.92,139933.0,733.0,100.0
NCCB,1/5/2022,285.1,285.1,269.2,273.0,-2.36,75572.0,733.0,100.0
NCCB,1/6/2022,273.0,278.0,267.6,276.5,1.28,83786.0,733.0,100.0
NCCB,1/9/2022,280.0,291.1,280.0,288.2,4.23,330862.0,733.0,100.0
NCCB,1/10/2022,289.0,289.0,281.1,284.6,-1.25,136386.0,733.0,100.0
NCCB,1/11/2022,290.2,290.2,280.0,285.0,0.14,103044.0,733.0,100.0
NCCB,1/12/2022,285.0,289.0,277.0,279.9,-1.79,90173.0,733.0,100.0
NCCB,1/13/2022,279.9,283.0,276.1,281.9,0.71,66191.0,733.0,100.0
NCCB,1/16/2022,287.5,292.5,283.0,285.9,1.42,209733.0,733.0,100.0
NCCB,1/17/2022,290.0,295.0,283.0,286.8,0.31,221247.0,733.0,100.0
NCCB,1/18/2022,286.8,305.0,284.0,295.0,2.86,393150.0,733.0,100.0
NCCB,1/19/2022,297.0,297.0,288.8,292.0,-1.02,82242.0,733.0,100.0
NCCB,1/20/2022,295.0,296.0,289.0,293.0,0.34,170691.0,733.0,100.0
NCCB,1/23/2022,296.0,301.0,287.2,288.0,-1.71,125102.0,733.0,100.0
NCCB,1/24/2022,283.6,288.8,273.4,278.0,-3.47,173576.0,733.0,100.0
NCCB,1/25/2022,273.0,281.0,268.1,277.0,-0.36,73833.0,733.0,100.0
NCCB,1/26/2022,272.1,279.0,271.0,273.0,-1.44,68645.0,733.0,100.0
NCCB,1/27/2022,275.0,275.0,270.0,273.0,0.0,35854.0,733.0,100.0
NCCB,1/30/2022,275.0,283.9,275.0,280.0,2.56,110102.0,733.0,100.0
NCCB,1/31/2022,280.0,280.0,275.5,277.0,-1.07,109054.0,733.0,100.0
NCCB,2/1/2022,275.0,278.0,273.0,276.0,-0.36,128144.0,733.0,100.0
NCCB,2/3/2022,278.0,281.5,271.8,273.0,-1.09,98739.0,733.0,100.0
NCCB,2/6/2022,272.0,275.0,270.1,272.9,-0.04,49734.0,733.0,100.0
NCCB,2/7/2022,269.0,274.1,268.9,274.0,0.4,54231.0,733.0,100.0
NCCB,2/8/2022,279.4,284.9,270.4,273.0,-0.36,74987.0,733.0,100.0
NCCB,2/9/2022,271.0,272.4,269.0,272.2,-0.29,57578.0,733.0,100.0
NCCB,2/10/2022,272.1,275.0,269.0,272.9,0.26,47878.0,733.0,100.0
NCCB,2/13/2022,268.0,268.0,259.0,262.0,-3.99,107653.0,733.0,100.0
NCCB,2/14/2022,258.0,264.9,258.0,262.8,0.31,47665.0,733.0,100.0
NCCB,2/15/2022,260.0,265.0,260.0,264.0,0.46,55948.0,733.0,100.0
NCCB,2/16/2022,264.0,264.0,259.1,261.0,-1.14,32455.0,733.0,100.0
NCCB,2/17/2022,260.0,262.0,258.0,259.9,-0.42,60306.0,733.0,100.0
NCCB,2/20/2022,257.5,259.0,254.3,255.9,-1.54,83322.0,733.0,100.0
NCCB,2/21/2022,258.9,262.0,256.7,262.0,2.38,54329.0,733.0,100.0
NCCB,2/22/2022,264.0,279.0,260.0,269.0,2.67,156696.0,733.0,100.0
NCCB,2/23/2022,269.0,272.0,265.0,266.0,-1.12,69503.0,733.0,100.0
NCCB,2/24/2022,262.1,265.0,256.0,259.0,-2.63,111222.0,733.0,100.0
NCCB,2/27/2022,256.0,260.0,254.8,256.9,-0.81,53780.0,733.0,100.0
NCCB,2/28/2022,260.0,262.0,252.7,254.9,-0.78,38881.0,733.0,100.0
NCCB,3/2/2022,250.0,258.0,249.0,251.0,-1.53,77211.0,733.0,100.0
NCCB,3/6/2022,252.0,254.0,249.0,250.0,-0.4,31755.0,733.0,100.0
NCCB,3/7/2022,254.8,254.8,247.5,248.9,-0.44,23881.0,733.0,100.0
NCCB,3/9/2022,245.0,251.9,244.5,246.0,-1.17,32692.0,733.0,100.0
NCCB,3/10/2022,244.0,249.8,243.0,249.8,1.54,49972.0,733.0,100.0
NCCB,3/13/2022,251.9,258.5,247.0,255.0,2.08,78902.0,733.0,100.0
NCCB,3/14/2022,255.0,258.0,252.0,257.0,0.78,25491.0,733.0,100.0
NCCB,3/15/2022,259.9,260.0,253.1,256.0,-0.39,42884.0,733.0,100.0
NCCB,3/16/2022,256.0,258.0,252.0,255.9,-0.04,30274.0,733.0,100.0
NCCB,3/20/2022,258.9,258.9,251.0,254.9,-0.39,18649.0,733.0,100.0
NCCB,3/21/2022,252.0,256.4,251.3,255.0,0.04,20220.0,733.0,100.0
NCCB,3/22/2022,257.9,258.0,252.9,255.0,0.0,27075.0,733.0,100.0
NCCB,3/23/2022,257.0,257.0,252.0,254.0,-0.39,8824.0,733.0,100.0
NCCB,3/24/2022,252.0,254.9,251.0,254.0,0.0,22725.0,733.0,100.0
NCCB,3/27/2022,251.0,255.0,244.1,246.0,-3.15,89228.0,733.0,100.0
NCCB,3/28/2022,247.0,247.0,240.1,245.9,-0.04,42946.0,733.0,100.0
NCCB,3/29/2022,242.3,250.8,241.8,243.0,-1.18,18473.0,733.0,100.0
NCCB,3/30/2022,244.0,244.0,240.0,244.0,0.41,31883.0,733.0,100.0
NCCB,3/31/2022,246.0,246.0,240.5,245.0,0.41,21593.0,733.0,100.0
NCCB,4/3/2022,241.0,242.0,238.7,241.0,-1.63,15964.0,733.0,100.0
NCCB,4/4/2022,239.0,242.0,237.6,238.0,-1.24,15840.0,733.0,100.0
NCCB,4/5/2022,236.0,237.9,234.0,235.5,-1.05,44935.0,733.0,100.0
NCCB,4/6/2022,237.0,237.0,230.1,231.9,-1.53,34375.0,733.0,100.0
NCCB,4/7/2022,230.0,235.0,230.0,235.0,1.34,38195.0,733.0,100.0
NCCB,4/11/2022,238.0,238.0,229.4,233.7,-0.55,57754.0,733.0,100.0
NCCB,4/12/2022,229.1,235.0,227.1,229.6,-1.75,17528.0,733.0,100.0
NCCB,4/13/2022,226.5,229.5,226.0,229.0,-0.26,25363.0,733.0,100.0
NCCB,4/17/2022,232.0,232.0,223.3,226.0,-1.31,51273.0,733.0,100.0
NCCB,4/18/2022,228.0,228.0,220.5,223.9,-0.93,36840.0,733.0,100.0
NCCB,4/19/2022,225.0,227.0,221.1,226.8,1.3,34279.0,733.0,100.0
NCCB,4/20/2022,225.0,231.3,222.7,226.0,-0.35,88578.0,733.0,100.0
NCCB,4/21/2022,224.0,224.5,221.0,224.0,-0.88,44784.0,733.0,100.0
NCCB,4/24/2022,226.0,234.2,222.5,230.0,2.68,85085.0,733.0,100.0
NCCB,4/25/2022,234.6,236.6,228.0,229.0,-0.43,87132.0,733.0,100.0
NCCB,4/26/2022,231.9,233.0,228.0,229.5,0.22,75278.0,733.0,100.0
NCCB,4/27/2022,229.0,232.9,226.1,231.0,0.65,30250.0,733.0,100.0
NCCB,4/28/2022,230.0,234.0,227.1,231.0,0.0,216227.0,733.0,100.0
NCCB,5/2/2022,231.0,231.0,225.0,227.5,-1.52,53708.0,733.0,100.0
NCCB,5/4/2022,227.0,227.0,221.0,226.0,-0.66,39151.0,733.0,100.0
NCCB,5/5/2022,222.1,224.0,218.5,222.0,-1.77,36398.0,733.0,100.0
NCCB,5/8/2022,219.0,224.0,217.2,224.0,0.9,27250.0,733.0,100.0
NCCB,5/9/2022,220.1,227.0,220.1,225.0,0.45,35149.0,733.0,100.0
NCCB,5/10/2022,221.0,228.0,221.0,228.0,1.33,25446.0,733.0,100.0
NCCB,5/11/2022,227.0,232.0,224.0,232.0,1.75,87160.0,733.0,100.0
NCCB,5/12/2022,235.0,235.0,225.5,230.5,-0.65,50616.0,733.0,100.0
NCCB,5/17/2022,225.9,227.9,222.0,224.0,-2.82,26467.0,733.0,100.0
NCCB,5/18/2022,220.1,225.0,220.1,224.0,0.0,47100.0,733.0,100.0
NCCB,5/19/2022,225.0,226.0,222.0,223.0,-0.45,23072.0,733.0,100.0
NCCB,5/20/2022,220.0,224.8,220.0,222.0,-0.45,24644.0,733.0,100.0
NCCB,5/23/2022,222.0,223.0,218.0,220.6,-0.63,31846.0,733.0,100.0
NCCB,5/24/2022,220.0,224.0,218.0,222.9,1.04,33861.0,733.0,100.0
NCCB,5/25/2022,224.0,225.0,219.0,224.5,0.72,21916.0,733.0,100.0
NCCB,5/26/2022,220.2,231.0,220.2,231.0,2.9,38750.0,733.0,100.0
NCCB,5/27/2022,233.0,233.0,223.0,226.0,-2.16,34497.0,733.0,100.0
NCCB,5/30/2022,223.0,227.0,219.0,223.0,-1.33,67470.0,733.0,100.0
NCCB,5/31/2022,219.3,223.0,215.6,219.0,-1.79,64280.0,733.0,100.0
NCCB,6/1/2022,220.9,220.9,214.8,219.0,0.0,38654.0,733.0,100.0
NCCB,6/2/2022,220.5,220.6,212.7,216.5,-1.14,94954.0,733.0,100.0
NCCB,6/3/2022,213.5,215.0,212.5,215.0,-0.69,17241.0,733.0,100.0
NCCB,6/6/2022,212.0,214.0,207.2,210.0,-2.33,90080.0,733.0,100.0
NCCB,6/7/2022,208.0,208.0,202.0,203.0,-3.33,81548.0,733.0,100.0
NCCB,6/8/2022,202.0,213.0,202.0,213.0,4.93,46917.0,733.0,100.0
NCCB,6/9/2022,213.5,215.0,208.0,211.9,-0.52,38046.0,733.0,100.0
NCCB,6/10/2022,208.0,211.0,205.0,210.0,-0.9,9989.0,733.0,100.0
NCCB,6/13/2022,208.0,209.0,205.0,206.6,-1.62,41019.0,733.0,100.0
NCCB,6/14/2022,208.0,214.0,205.0,209.0,1.16,181907.0,733.0,100.0
NCCB,6/15/2022,211.0,211.0,204.0,209.0,0.0,93220.0,733.0,100.0
NCCB,6/16/2022,211.0,227.0,211.0,222.9,6.65,469983.0,733.0,100.0
NCCB,6/17/2022,225.0,225.0,218.7,221.9,-0.45,184970.0,733.0,100.0
NCCB,6/19/2022,224.0,224.5,216.0,218.0,-1.76,257993.0,733.0,100.0
NCCB,6/20/2022,222.3,222.3,210.0,214.0,-1.83,158187.0,733.0,100.0
NCCB,6/21/2022,213.0,219.0,213.0,217.0,1.4,142300.0,733.0,100.0
NCCB,6/22/2022,215.0,216.5,211.0,211.9,-2.35,119690.0,733.0,100.0
NCCB,6/23/2022,213.9,213.9,200.9,205.8,-2.88,156393.0,733.0,100.0
NCCB,6/24/2022,202.1,208.0,200.0,206.0,0.1,65274.0,733.0,100.0
NCCB,6/26/2022,210.1,212.9,205.0,210.9,2.38,176627.0,733.0,100.0
NCCB,6/27/2022,210.0,213.0,207.0,209.9,-0.47,102957.0,733.0,100.0
NCCB,6/28/2022,207.0,209.9,206.2,207.4,-1.19,34772.0,733.0,100.0
NCCB,6/29/2022,208.5,211.8,206.9,211.0,1.74,100259.0,733.0,100.0
NCCB,6/30/2022,211.0,216.2,210.0,214.2,1.52,72384.0,733.0,100.0
NCCB,7/1/2022,216.4,216.5,211.0,213.9,-0.14,37836.0,733.0,100.0
NCCB,7/3/2022,209.8,217.9,209.7,213.9,0.0,66558.0,733.0,100.0
NCCB,7/4/2022,215.8,218.5,205.8,209.0,-2.29,213905.0,733.0,100.0
NCCB,7/5/2022,206.2,211.5,206.2,208.9,-0.05,111511.0,733.0,100.0
NCCB,7/6/2022,209.0,211.0,206.0,209.4,0.24,89933.0,733.0,100.0
NCCB,7/7/2022,211.0,213.0,207.3,209.0,-0.19,55962.0,733.0,100.0
NCCB,7/8/2022,209.0,210.0,206.0,208.9,-0.05,50898.0,733.0,100.0
NCCB,7/11/2022,205.1,205.1,200.0,202.0,-3.3,95185.0,733.0,100.0
NCCB,7/12/2022,204.0,204.0,197.9,201.0,-0.5,80134.0,733.0,100.0
NCCB,7/13/2022,203.0,205.0,198.1,205.0,1.99,67602.0,733.0,100.0
NCCB,7/14/2022,202.1,206.0,201.0,202.7,-1.12,56598.0,733.0,100.0
NCCB,7/15/2022,205.0,213.0,202.0,210.9,4.05,50356.0,733.0,100.0
NCCB,7/17/2022,208.0,212.0,205.0,209.0,-0.9,54467.0,733.0,100.0
NCCB,7/18/2022,205.0,209.0,205.0,208.0,-0.48,25012.0,733.0,100.0
NCCB,7/19/2022,208.0,212.0,204.3,206.8,-0.58,147360.0,733.0,100.0
NCCB,7/20/2022,208.0,210.0,205.9,208.0,0.58,38920.0,733.0,100.0
NCCB,7/21/2022,205.1,210.9,205.1,210.0,0.96,43406.0,733.0,100.0
NCCB,7/22/2022,209.9,210.0,204.0,207.0,-1.43,88143.0,733.0,100.0
NCCB,7/24/2022,207.0,213.0,205.0,211.0,1.93,153615.0,733.0,100.0
NCCB,7/25/2022,214.0,218.0,211.0,216.0,2.37,201349.0,733.0,100.0
NCCB,7/26/2022,220.0,220.0,207.7,210.0,-2.78,203813.0,733.0,100.0
NCCB,7/27/2022,207.0,211.0,206.0,211.0,0.48,83965.0,733.0,100.0
NCCB,7/28/2022,207.1,213.0,204.2,208.0,-1.42,216213.0,733.0,100.0
NCCB,7/29/2022,208.0,208.9,205.0,207.2,-0.38,96788.0,733.0,100.0
NCCB,7/31/2022,205.2,216.9,205.2,216.0,4.25,332867.0,733.0,100.0
NCCB,8/1/2022,218.0,220.0,214.0,216.0,0.0,212469.0,733.0,100.0
NCCB,8/2/2022,214.0,216.0,211.7,215.8,-0.09,121385.0,733.0,100.0
NCCB,8/3/2022,212.0,217.7,212.0,212.4,-1.58,212374.0,733.0,100.0
NCCB,8/4/2022,210.0,215.0,209.3,210.0,-1.13,174613.0,733.0,100.0
NCCB,8/5/2022,206.8,212.9,206.0,207.5,-1.19,83642.0,733.0,100.0
NCCB,8/7/2022,203.4,211.0,203.4,208.3,0.39,196348.0,733.0,100.0
NCCB,8/8/2022,209.0,214.2,207.5,209.0,0.34,207774.0,733.0,100.0
NCCB,8/9/2022,208.0,210.6,206.0,207.0,-0.96,226134.0,733.0,100.0
NCCB,8/10/2022,208.0,211.1,205.1,208.0,0.48,134718.0,733.0,100.0
NCCB,8/11/2022,210.0,210.8,206.0,206.8,-0.58,115030.0,733.0,100.0
NCCB,8/14/2022,205.0,208.8,203.2,206.9,0.05,42557.0,733.0,100.0
NCCB,8/15/2022,205.0,209.4,205.0,208.0,0.53,228061.0,733.0,100.0
NCCB,8/16/2022,209.0,211.0,207.5,208.0,0.0,53496.0,733.0,100.0
NCCB,8/17/2022,206.1,208.9,206.1,208.0,0.0,40180.0,733.0,100.0
NCCB,8/18/2022,208.0,209.0,206.5,208.6,0.29,72366.0,733.0,100.0
NCCB,8/21/2022,210.0,211.0,207.1,208.5,-0.05,52702.0,733.0,100.0
NCCB,8/22/2022,206.5,208.8,206.0,208.8,0.14,28980.0,733.0,100.0
NCCB,8/23/2022,205.0,212.0,205.0,209.7,0.43,55188.0,733.0,100.0
NCCB,8/24/2022,206.0,212.0,206.0,209.2,-0.24,95410.0,733.0,100.0
NCCB,8/25/2022,206.0,210.1,206.0,207.9,-0.62,43899.0,733.0,100.0
NCCB,8/26/2022,205.8,207.0,205.2,207.0,-0.43,44780.0,733.0,100.0
NCCB,8/28/2022,211.0,211.0,202.7,205.9,-0.53,114378.0,733.0,100.0
NCCB,8/29/2022,203.2,205.0,202.6,203.0,-1.41,110322.0,733.0,100.0
NCCB,8/30/2022,203.4,205.9,201.3,203.0,0.0,92411.0,733.0,100.0
NCCB,8/31/2022,204.0,204.6,200.8,201.5,-0.74,51150.0,733.0,100.0
NCCB,9/1/2022,200.0,203.0,200.0,202.0,0.25,46184.0,733.0,100.0
NCCB,9/2/2022,198.0,204.0,198.0,203.0,0.5,33849.0,733.0,100.0
NCCB,9/4/2022,200.0,203.0,199.3,200.0,-1.48,52310.0,733.0,100.0
NCCB,9/5/2022,202.0,202.0,199.0,202.0,1.0,50701.0,733.0,100.0
NCCB,9/6/2022,200.0,202.0,198.0,199.9,-1.04,54438.0,733.0,100.0
NCCB,9/7/2022,198.1,199.0,197.0,197.8,-1.05,31501.0,733.0,100.0
NCCB,9/8/2022,197.0,198.5,196.0,197.0,-0.4,31796.0,733.0,100.0
NCCB,9/11/2022,198.7,200.0,196.0,196.1,-0.46,28323.0,733.0,100.0
NCCB,9/12/2022,198.0,198.8,194.0,194.2,-0.97,50310.0,733.0,100.0
NCCB,9/13/2022,195.0,196.9,193.6,195.0,0.41,61771.0,733.0,100.0
NCCB,9/14/2022,194.1,199.5,194.1,199.3,2.21,44218.0,733.0,100.0
NCCB,9/15/2022,200.0,200.5,193.0,196.0,-1.66,68699.0,733.0,100.0
NCCB,9/16/2022,194.0,194.0,190.1,192.6,-1.73,31550.0,733.0,100.0
NCCB,9/18/2022,191.1,193.6,187.5,189.0,-1.87,60132.0,733.0,100.0
NCCB,9/20/2022,189.0,189.0,184.1,185.5,-1.85,78764.0,733.0,100.0
NCCB,9/21/2022,187.0,187.0,183.0,185.5,0.0,59527.0,733.0,100.0
NCCB,9/22/2022,186.9,190.0,182.5,190.0,2.43,70925.0,733.0,100.0
NCCB,9/25/2022,190.0,190.0,182.5,184.0,-3.16,43081.0,733.0,100.0
NCCB,11/29/2022,181.5,192.5,181.5,187.0,1.63,135659.0,733.0,100.0
NCCB,11/30/2022,187.0,187.4,184.0,186.0,-0.53,41127.0,733.0,100.0
NCCB,12/1/2022,186.0,186.0,182.2,183.0,-1.61,51336.0,733.0,100.0
NCCB,12/4/2022,181.2,186.6,181.1,185.9,1.58,48613.0,733.0,100.0
NCCB,12/5/2022,185.0,186.0,182.0,185.5,-0.22,40870.0,733.0,100.0
NCCB,12/6/2022,182.0,185.0,181.0,182.8,-1.46,49383.0,733.0,100.0
NCCB,12/7/2022,181.1,183.4,181.0,181.8,-0.55,42276.0,733.0,100.0
NCCB,12/11/2022,184.4,185.1,177.9,180.0,-0.99,43497.0,733.0,100.0
NCCB,12/12/2022,177.0,182.1,177.0,181.8,1.0,109996.0,733.0,100.0
NCCB,12/13/2022,180.0,185.3,180.0,183.5,0.94,43930.0,733.0,100.0
NCCB,12/14/2022,183.5,183.5,181.2,181.8,-0.93,13780.0,733.0,100.0
NCCB,12/15/2022,181.0,181.8,179.1,179.7,-1.16,27980.0,733.0,100.0
NCCB,12/18/2022,179.7,180.0,177.0,179.0,-0.39,35335.0,733.0,100.0
NCCB,12/19/2022,179.0,181.5,176.1,179.9,0.5,19078.0,733.0,100.0
NCCB,12/20/2022,179.0,181.0,177.3,179.0,-0.5,16289.0,733.0,100.0
NCCB,12/21/2022,179.0,181.0,177.7,178.5,-0.28,22534.0,733.0,100.0
NCCB,12/22/2022,180.0,181.0,175.7,176.7,-1.01,62181.0,733.0,100.0
NCCB,12/26/2022,179.2,184.5,178.1,184.5,4.41,69465.0,733.0,100.0
NCCB,12/27/2022,187.1,192.0,183.0,190.0,2.98,155822.0,733.0,100.0
NCCB,12/28/2022,192.0,192.5,185.0,187.3,-1.42,89490.0,733.0,100.0
NCCB,12/29/2022,185.0,190.0,184.0,189.0,0.91,91550.0,733.0,100.0
NCCD86,12/21/2025,1199.9,1218.0,1199.9,1218.0,,670.0,1299.0,1052.0
NCCD86,12/28/2025,1194.0,1194.0,1194.0,1194.0,-1.97,50.0,1299.0,1052.0
NCCD86,12/31/2025,1199.0,1199.0,1199.0,1199.0,0.42,144.0,1299.0,1052.0
NCCD86,1/20/2026,1175.1,1175.1,1175.1,1175.1,-1.99,10.0,1299.0,1052.0
NCCD86,1/28/2026,1151.6,1151.6,1151.6,1151.6,-2.0,76.0,1299.0,1052.0
NCCD86,1/29/2026,1130.0,1130.0,1130.0,1130.0,-1.88,25.0,1299.0,1052.0
NCCD86,2/5/2026,1115.0,1115.0,1115.0,1115.0,-1.33,25.0,1299.0,1052.0
NCCD86,2/8/2026,1116.0,1116.0,1115.5,1115.5,0.04,50.0,1299.0,1052.0
NCCD86,2/16/2026,1121.0,1137.8,1121.0,1137.8,2.0,54.0,1299.0,1052.0
NCCD86,2/17/2026,1117.0,1117.0,1117.0,1117.0,-1.83,60.0,1299.0,1052.0
NCCD86,3/15/2026,1118.1,1118.1,1114.2,1114.2,-0.25,62.0,1299.0,1052.0
NCCD86,3/19/2026,1120.0,1120.0,1120.0,1120.0,0.52,25.0,1299.0,1052.0
NCCD86,3/20/2026,1120.0,1120.0,1120.0,1120.0,0.0,25.0,1299.0,1052.0
NCCD86,3/21/2026,1120.0,1120.0,1120.0,1120.0,0.0,25.0,1299.0,1052.0
NCCD86,3/22/2026,1120.0,1165.2,1120.0,1165.2,4.04,211.0,1299.0,1052.0
NCCD86,3/23/2026,1165.0,1210.0,1165.0,1210.0,3.84,236.0,1299.0,1052.0
NCCD86,4/1/2026,1212.0,1213.0,1212.0,1213.0,0.08,105.0,1299.0,1052.0
NCCD86,4/20/2026,1213.0,1213.0,1177.0,1177.0,-2.97,20.0,1299.0,1052.0
NCCD86,4/21/2026,1143.0,1143.0,1143.0,1143.0,0.0,15.0,1299.0,1052.0
NCCD86,4/23/2026,1143.0,1143.0,1124.0,1131.0,-1.05,55.0,1299.0,1052.0
NCCD86,4/28/2026,1131.0,1125.1,1125.1,1125.1,-0.52,25.0,1299.0,1052.0
NCCD86,5/19/2026,1130.0,1130.0,1130.0,1130.0,0.0,25.0,1299.0,1052.0
NCCD86,5/21/2026,1163.0,1163.0,1163.0,1163.0,0.0,15.0,1299.0,1052.0
NCCD86,6/3/2026,1128.4,1128.4,1128.3,1128.3,-0.01,41.0,1299.0,1052.0
NCCD86,6/5/2026,1162.1,1181.5,1162.1,1181.5,1.67,23399.0,1299.0,1052.0
NCCD86,6/8/2026,1146.2,1146.2,1146.2,1146.2,0.0,90.0,1299.0,1052.0
NCCD86,6/16/2026,1121.0,1154.0,1052.0,1154.0,2.94,22563.0,1299.0,1052.0
NCCD86,6/18/2026,1210.0,1210.0,1210.0,1210.0,0.0,88.0,1299.0,1052.0
NCCD86,6/22/2026,1210.0,1270.4,1180.0,1180.0,-2.48,102.0,1299.0,1052.0
NCCD86,7/7/2026,1180.0,1180.0,1180.0,1144.6,-3.0,3.0,1299.0,1052.0
NCCD86,7/8/2026,1125.1,1188.0,1125.0,1185.0,5.32,373575.0,1299.0,1052.0
NCCD86,7/13/2026,1187.0,1190.0,1183.0,1190.0,0.25,112239.0,1299.0,1052.0
NCCD86,7/15/2026,1190.0,1190.0,1190.0,1225.5,2.98,10.0,1299.0,1052.0
NCCD86,7/16/2026,1225.6,1262.2,1225.6,1299.0,5.99,220.0,1299.0,1052.0
NCCD86,7/22/2026,1299.0,1299.0,1206.0,1206.0,-7.16,231.0,1299.0,1052.0
NCCD86,7/27/2026,1200.0,1200.0,1200.0,1200.0,0.0,22578.0,1299.0,1052.0
NCCD86,8/5/2026,1164.0,1164.0,1164.0,1164.0,0.0,10.0,1299.0,1052.0
NCCD86,8/10/2026,1198.0,1198.0,1198.0,1185.0,-1.09,21.0,1299.0,1052.0
NCCD86,8/12/2026,1185.0,1185.0,1185.0,1116.0,-5.82,3.0,1299.0,1052.0
NCCD86,8/13/2026,1116.0,1116.0,1116.0,1065.0,-4.57,2.0,1299.0,1052.0
NCCD86,8/19/2026,1096.9,1096.9,1096.9,1096.9,0.0,10.0,1299.0,1052.0
NCCD86,8/20/2026,1101.2,1102.1,1101.2,1102.1,0.08,40.0,1299.0,1052.0
NCCD86,8/24/2026,1118.0,1118.0,1118.0,1118.0,0.0,175.0,1299.0,1052.0
NCCD86,8/25/2026,1100.2,1110.0,1099.0,1110.0,0.89,50.0,1299.0,1052.0
NCCD86,8/26/2026,1100.6,1105.0,1100.6,1105.0,0.4,130.0,1299.0,1052.0
NCCD86,8/27/2026,1118.0,1118.0,1118.0,1118.0,0.0,150.0,1299.0,1052.0
NCCD86,9/9/2026,1118.0,1180.0,1118.0,1155.0,3.31,12167.0,1299.0,1052.0
NCCD86,9/11/2026,1180.0,1241.0,1180.0,1241.0,5.17,12345.0,1299.0,1052.0
NCCD86,9/14/2026,1204.0,1204.0,1204.0,1204.0,0.0,25.0,1299.0,1052.0
NCCD86,9/23/2026,1168.0,1168.0,1168.0,1168.0,0.0,25.0,1299.0,1052.0
NCCD86,9/24/2026,1135.0,1135.0,1135.0,1135.0,0.0,25.0,1299.0,1052.0
NCCD86,9/28/2026,1111.0,1111.0,1111.0,1111.0,0.0,50.0,1299.0,1052.0
NCCD86,9/29/2026,1117.0,1117.0,1117.0,0.0,-100.0,200.0,1299.0,1052.0
NCCD86,9/30/2026,1138.0,1150.0,1138.0,1150.0,1.05,525.0,1299.0,1052.0
NESDO,12/21/2025,1481.8,1500.0,1451.1,1500.0,,997.0,1682.0,1272.2
NESDO,12/22/2025,1470.0,1470.0,1444.2,1451.0,-3.27,2073.0,1682.0,1272.2
NESDO,12/23/2025,1430.0,1460.0,1430.0,1450.0,-0.07,1005.0,1682.0,1272.2
NESDO,12/24/2025,1431.3,1479.0,1431.3,1477.0,1.86,1040.0,1682.0,1272.2
NESDO,12/28/2025,1480.0,1489.0,1465.0,1473.5,-0.24,1085.0,1682.0,1272.2
NESDO,12/29/2025,1470.3,1490.0,1470.0,1479.0,0.37,2830.0,1682.0,1272.2
NESDO,12/31/2025,1508.0,1508.0,1477.0,1495.0,1.08,401.0,1682.0,1272.2
NESDO,1/1/2026,1524.0,1524.0,1470.0,1491.0,-0.27,633.0,1682.0,1272.2
NESDO,1/4/2026,1480.0,1495.0,1475.0,1494.8,0.25,474.0,1682.0,1272.2
NESDO,1/5/2026,1480.1,1499.0,1480.0,1499.0,0.28,951.0,1682.0,1272.2
NESDO,1/6/2026,1483.0,1519.0,1483.0,1519.0,1.33,1132.0,1682.0,1272.2
NESDO,1/7/2026,1547.0,1547.0,1493.3,1510.0,-0.59,800.0,1682.0,1272.2
NESDO,1/8/2026,1490.0,1500.0,1481.0,1499.9,-0.67,737.0,1682.0,1272.2
NESDO,1/12/2026,1485.0,1492.0,1480.1,1482.0,-1.19,541.0,1682.0,1272.2
NESDO,1/13/2026,1482.0,1504.0,1476.0,1500.0,1.21,3299.0,1682.0,1272.2
NESDO,1/14/2026,1481.3,1507.0,1481.3,1507.0,0.47,1025.0,1682.0,1272.2
NESDO,1/18/2026,1520.0,1537.0,1505.0,1534.8,1.84,4442.0,1682.0,1272.2
NESDO,1/20/2026,1558.0,1558.0,1530.0,1557.9,1.51,8058.0,1682.0,1272.2
NESDO,1/21/2026,1585.5,1585.5,1526.8,1565.0,0.46,872.0,1682.0,1272.2
NESDO,1/22/2026,1591.0,1591.0,1550.0,1570.0,0.32,2672.0,1682.0,1272.2
NESDO,1/25/2026,1594.0,1600.0,1540.1,1600.0,1.91,2757.0,1682.0,1272.2
NESDO,1/26/2026,1625.0,1625.0,1568.0,1580.0,-1.25,2053.0,1682.0,1272.2
NESDO,1/27/2026,1580.0,1580.0,1548.0,1568.0,-0.76,2685.0,1682.0,1272.2
NESDO,1/28/2026,1540.0,1564.0,1540.0,1564.0,-0.26,503.0,1682.0,1272.2
NESDO,1/29/2026,1535.0,1550.0,1520.0,1539.0,-1.6,2363.0,1682.0,1272.2
NESDO,2/1/2026,1509.0,1536.0,1500.0,1505.0,-2.21,2068.0,1682.0,1272.2
NESDO,2/2/2026,1501.0,1525.0,1475.0,1525.0,1.33,1967.0,1682.0,1272.2
NESDO,2/3/2026,1548.9,1549.0,1494.5,1516.0,-0.59,645.0,1682.0,1272.2
NESDO,2/4/2026,1533.0,1533.0,1490.0,1516.0,0.0,1061.0,1682.0,1272.2
NESDO,2/5/2026,1529.9,1539.0,1500.0,1529.9,0.92,2112.0,1682.0,1272.2
NESDO,2/8/2026,1559.0,1559.0,1475.0,1526.9,-0.2,2236.0,1682.0,1272.2
NESDO,2/9/2026,1530.0,1539.0,1513.0,1524.0,-0.19,1742.0,1682.0,1272.2
NESDO,2/10/2026,1524.0,1547.3,1513.0,1523.0,-0.07,3744.0,1682.0,1272.2
NESDO,2/11/2026,1550.0,1550.0,1500.4,1528.0,0.33,2698.0,1682.0,1272.2
NESDO,2/12/2026,1500.0,1520.0,1500.0,1519.0,-0.59,647.0,1682.0,1272.2
NESDO,2/16/2026,1519.0,1535.0,1505.3,1528.0,0.59,754.0,1682.0,1272.2
NESDO,2/17/2026,1500.0,1519.0,1500.0,1515.0,-0.85,894.0,1682.0,1272.2
NESDO,2/22/2026,1505.0,1529.0,1495.0,1500.0,-0.99,1459.0,1682.0,1272.2
NESDO,2/23/2026,1500.0,1505.0,1490.0,1500.0,0.0,1507.0,1682.0,1272.2
NESDO,2/24/2026,1485.0,1515.0,1485.0,1514.5,0.97,710.0,1682.0,1272.2
NESDO,2/25/2026,1510.0,1529.0,1505.0,1529.0,0.96,1977.0,1682.0,1272.2
NESDO,2/26/2026,1503.0,1545.3,1503.0,1545.3,1.07,1733.0,1682.0,1272.2
NESDO,2/27/2026,1503.0,1545.3,1503.0,1545.3,0.0,1733.0,1682.0,1272.2
NESDO,2/28/2026,1503.0,1545.3,1503.0,1545.3,0.0,1733.0,1682.0,1272.2
NESDO,3/2/2026,1514.4,1553.9,1514.4,1541.0,-0.28,1407.0,1682.0,1272.2
NESDO,3/3/2026,1560.0,1560.0,1530.0,1545.0,0.26,448.0,1682.0,1272.2
NESDO,3/4/2026,1560.0,1560.0,1530.0,1545.0,0.0,448.0,1682.0,1272.2
NESDO,3/5/2026,1560.0,1560.0,1530.0,1545.0,0.0,448.0,1682.0,1272.2
NESDO,3/6/2026,1560.0,1560.0,1530.0,1545.0,0.0,448.0,1682.0,1272.2
NESDO,3/7/2026,1560.0,1560.0,1530.0,1545.0,0.0,448.0,1682.0,1272.2
NESDO,3/8/2026,1560.0,1560.0,1530.0,1545.0,0.0,448.0,1682.0,1272.2
NESDO,3/9/2026,1575.9,1607.4,1575.9,1607.4,4.04,20.0,1682.0,1272.2
NESDO,3/10/2026,1639.5,1671.0,1575.0,1600.0,-0.46,3505.0,1682.0,1272.2
NESDO,3/11/2026,1625.0,1625.0,1581.3,1598.0,-0.12,677.0,1682.0,1272.2
NESDO,3/12/2026,1625.0,1625.0,1570.0,1597.0,-0.06,1652.0,1682.0,1272.2
NESDO,3/13/2026,1625.0,1625.0,1570.0,1597.0,0.0,1652.0,1682.0,1272.2
NESDO,3/14/2026,1625.0,1625.0,1570.0,1597.0,0.0,1652.0,1682.0,1272.2
NESDO,3/15/2026,1625.0,1625.0,1578.0,1595.0,-0.13,2420.0,1682.0,1272.2
NESDO,3/16/2026,1619.8,1619.8,1547.0,1589.4,-0.35,8783.0,1682.0,1272.2
NESDO,3/17/2026,1590.0,1590.0,1550.0,1575.0,-0.91,370.0,1682.0,1272.2
NESDO,3/18/2026,1590.0,1590.0,1550.0,1575.0,0.0,370.0,1682.0,1272.2
NESDO,3/19/2026,1599.0,1600.0,1556.5,1600.0,1.59,3322.0,1682.0,1272.2
NESDO,3/20/2026,1599.0,1600.0,1556.5,1600.0,0.0,3322.0,1682.0,1272.2
NESDO,3/21/2026,1599.0,1600.0,1556.5,1600.0,0.0,3322.0,1682.0,1272.2
NESDO,3/22/2026,1631.9,1658.0,1586.0,1645.0,2.81,5236.0,1682.0,1272.2
NESDO,3/23/2026,1677.9,1677.9,1620.0,1649.9,0.3,3125.0,1682.0,1272.2
NESDO,3/24/2026,1682.0,1682.0,1617.0,1637.9,-0.73,1460.0,1682.0,1272.2
NESDO,3/25/2026,1665.0,1665.0,1569.0,1600.0,-2.31,2503.0,1682.0,1272.2
NESDO,3/26/2026,1623.0,1630.0,1591.2,1605.0,-1.11,2514.0,1682.0,1272.2
NESDO,3/29/2026,1637.0,1637.1,1572.4,1589.0,-2.93,2431.0,1682.0,1272.2
NESDO,3/30/2026,1619.0,1619.0,1552.4,1600.0,-1.17,1588.0,1682.0,1272.2
NESDO,3/31/2026,1570.2,1610.0,1560.2,1600.0,1.9,3028.0,1682.0,1272.2
NESDO,4/1/2026,1568.2,1598.9,1553.2,1577.0,0.56,436.0,1682.0,1272.2
NESDO,4/2/2026,1570.0,1590.0,1551.0,1585.0,0.96,2049.0,1682.0,1272.2
NESDO,4/5/2026,1575.0,1580.0,1507.0,1537.0,-2.41,5377.0,1682.0,1272.2
NESDO,4/6/2026,1560.0,1580.0,1507.0,1548.4,-0.74,3358.0,1682.0,1272.2
NESDO,4/7/2026,1570.0,1570.0,1538.6,1570.0,0.0,2372.0,1682.0,1272.2
NESDO,4/8/2026,1595.0,1595.0,1539.0,1575.0,-1.25,1502.0,1682.0,1272.2
NESDO,4/9/2026,1600.0,1600.0,1550.0,1594.0,-0.38,1404.0,1682.0,1272.2
NESDO,4/10/2026,1620.0,1620.0,1546.0,1572.0,-2.96,493.0,1682.0,1272.2
NESDO,4/13/2026,1550.1,1579.9,1550.1,1579.9,1.92,565.0,1682.0,1272.2
NESDO,4/15/2026,1555.0,1600.0,1555.0,1599.0,2.83,740.0,1682.0,1272.2
NESDO,4/16/2026,1570.1,1579.0,1567.0,1579.0,0.57,1400.0,1682.0,1272.2
NESDO,4/17/2026,1555.0,1569.0,1552.0,1554.0,-0.06,1149.0,1682.0,1272.2
NESDO,4/20/2026,1530.0,1598.9,1520.0,1548.9,1.24,1560.0,1682.0,1272.2
NESDO,4/21/2026,1530.0,1550.1,1515.9,1539.0,0.59,1464.0,1682.0,1272.2
NESDO,4/22/2026,1520.0,1548.0,1494.0,1548.0,1.84,1156.0,1682.0,1272.2
NESDO,4/23/2026,1561.0,1561.0,1521.0,1550.0,-0.7,785.0,1682.0,1272.2
NESDO,4/24/2026,1588.0,1588.0,1503.5,1538.0,-3.15,1226.0,1682.0,1272.2
NESDO,4/27/2026,1538.0,1569.9,1505.1,1569.9,2.07,545.0,1682.0,1272.2
NESDO,4/28/2026,1569.9,1558.0,1530.0,1558.0,-0.76,940.0,1682.0,1272.2
NESDO,4/29/2026,1558.0,1540.0,1515.0,1539.8,-1.17,1185.0,1682.0,1272.2
NESDO,4/30/2026,1510.0,1540.0,1510.0,1538.0,1.85,1253.0,1682.0,1272.2
NESDO,5/4/2026,1510.0,1538.0,1510.0,1530.0,1.32,3893.0,1682.0,1272.2
NESDO,5/5/2026,1510.0,1545.0,1502.3,1534.9,1.65,1076.0,1682.0,1272.2
NESDO,5/6/2026,1514.1,1543.0,1514.1,1539.0,1.64,143.0,1682.0,1272.2
NESDO,5/7/2026,1515.0,1560.0,1514.0,1538.0,1.52,649.0,1682.0,1272.2
NESDO,5/8/2026,1512.0,1538.0,1512.0,1537.0,1.65,297.0,1682.0,1272.2
NESDO,5/11/2026,1550.0,1599.9,1532.5,1568.9,1.22,1947.0,1682.0,1272.2
NESDO,5/12/2026,1537.0,1544.0,1537.0,1544.0,0.46,285.0,1682.0,1272.2
NESDO,5/13/2026,1520.0,1545.0,1520.0,1525.0,0.33,742.0,1682.0,1272.2
NESDO,5/14/2026,1525.0,1540.0,1514.0,1540.0,0.98,455.0,1682.0,1272.2
NESDO,5/15/2026,1520.0,1536.0,1513.0,1533.0,0.86,859.0,1682.0,1272.2
NESDO,5/18/2026,1513.0,1525.0,1513.0,1516.0,0.2,296.0,1682.0,1272.2
NESDO,5/19/2026,1508.4,1529.0,1508.3,1528.0,1.3,494.0,1682.0,1272.2
NESDO,5/20/2026,1510.0,1536.0,1510.0,1536.0,1.72,259.0,1682.0,1272.2
NESDO,5/21/2026,1507.0,1524.9,1507.0,1524.9,1.19,133.0,1682.0,1272.2
NESDO,5/22/2026,1512.0,1524.0,1505.0,1524.0,0.79,703.0,1682.0,1272.2
NESDO,5/25/2026,1535.1,1569.0,1535.0,1550.0,0.97,1243.0,1682.0,1272.2
NESDO,5/26/2026,1540.0,1557.0,1539.9,1557.0,1.1,1766.0,1682.0,1272.2
NESDO,5/27/2026,1565.0,1565.0,1532.0,1563.0,-0.13,386.0,1682.0,1272.2
NESDO,6/1/2026,1526.1,1560.0,1525.3,1560.0,2.22,236.0,1682.0,1272.2
NESDO,6/2/2026,1525.0,1576.9,1525.0,1575.0,3.28,255.0,1682.0,1272.2
NESDO,6/3/2026,1532.0,1568.9,1525.0,1540.0,0.52,1108.0,1682.0,1272.2
NESDO,6/4/2026,1530.0,1535.0,1528.1,1535.0,0.33,47.0,1682.0,1272.2
NESDO,6/5/2026,1550.0,1550.0,1526.4,1540.0,-0.65,351.0,1682.0,1272.2
NESDO,6/8/2026,1540.0,1548.0,1525.2,1548.0,0.52,850.0,1682.0,1272.2
NESDO,6/9/2026,1525.1,1564.0,1525.1,1564.0,2.55,1841.0,1682.0,1272.2
NESDO,6/10/2026,1567.0,1567.0,1530.1,1555.0,-0.77,153.0,1682.0,1272.2
NESDO,6/11/2026,1550.0,1560.0,1550.0,1550.1,0.01,1910.0,1682.0,1272.2
NESDO,6/12/2026,1568.0,1585.0,1546.1,1560.0,-0.51,1419.0,1682.0,1272.2
NESDO,6/15/2026,1550.0,1560.0,1528.2,1555.0,0.32,1080.0,1682.0,1272.2
NESDO,6/16/2026,1526.1,1560.0,1520.1,1559.9,2.21,363.0,1682.0,1272.2
NESDO,6/17/2026,1540.0,1550.0,1525.2,1525.2,-0.96,606.0,1682.0,1272.2
NESDO,6/18/2026,1525.0,1537.0,1502.1,1525.0,0.0,1227.0,1682.0,1272.2
NESDO,6/19/2026,1525.0,1560.0,1515.0,1525.0,0.0,331.0,1682.0,1272.2
NESDO,6/22/2026,1525.0,1575.9,1525.0,1575.0,3.28,4910.0,1682.0,1272.2
NESDO,6/23/2026,1565.0,1585.0,1540.0,1577.0,0.77,6036.0,1682.0,1272.2
NESDO,6/24/2026,1576.0,1580.0,1542.0,1570.0,-0.38,1512.0,1682.0,1272.2
NESDO,6/26/2026,1530.0,1548.9,1515.0,1540.0,0.65,2812.0,1682.0,1272.2
NESDO,6/29/2026,1515.0,1547.9,1515.0,1530.0,0.99,813.0,1682.0,1272.2
NESDO,6/30/2026,1530.0,1530.0,1500.0,1528.0,-0.13,644.0,1682.0,1272.2
NESDO,7/1/2026,1510.0,1540.0,1500.0,1539.9,1.98,525.0,1682.0,1272.2
NESDO,7/2/2026,1525.0,1545.0,1520.0,1545.0,1.31,170.0,1682.0,1272.2
NESDO,7/3/2026,1531.0,1549.9,1520.0,1525.0,-0.39,1898.0,1682.0,1272.2
NESDO,7/6/2026,1550.0,1550.0,1505.1,1529.9,-1.3,596.0,1682.0,1272.2
NESDO,7/7/2026,1500.0,1545.0,1500.0,1532.0,2.13,1281.0,1682.0,1272.2
NESDO,7/8/2026,1515.0,1518.0,1499.1,1518.0,0.2,710.0,1682.0,1272.2
NESDO,7/9/2026,1499.0,1515.0,1465.0,1477.0,-1.47,881.0,1682.0,1272.2
NESDO,7/10/2026,1500.0,1514.0,1477.0,1509.1,0.61,1175.0,1682.0,1272.2
NESDO,7/13/2026,1480.0,1510.0,1425.9,1485.0,0.34,1324.0,1682.0,1272.2
NESDO,7/14/2026,1442.0,1500.0,1442.0,1495.0,3.68,976.0,1682.0,1272.2
NESDO,7/15/2026,1520.0,1520.0,1475.1,1499.8,-1.33,221.0,1682.0,1272.2
NESDO,7/16/2026,1480.0,1480.0,1455.0,1466.0,-0.95,334.0,1682.0,1272.2
NESDO,7/17/2026,1509.9,1530.0,1493.1,1525.0,1.0,231.0,1682.0,1272.2
NESDO,7/20/2026,1520.0,1525.0,1480.0,1524.0,0.26,765.0,1682.0,1272.2
NESDO,7/21/2026,1548.0,1548.0,1502.0,1519.0,-1.87,897.0,1682.0,1272.2
NESDO,7/22/2026,1502.0,1519.9,1502.0,1503.1,0.07,314.0,1682.0,1272.2
NESDO,7/23/2026,1544.2,1544.2,1500.0,1516.0,-1.83,431.0,1682.0,1272.2
NESDO,7/24/2026,1516.0,1524.0,1501.0,1520.0,0.26,333.0,1682.0,1272.2
NESDO,7/27/2026,1490.0,1510.0,1490.0,1505.0,1.01,552.0,1682.0,1272.2
NESDO,7/28/2026,1500.0,1505.0,1465.3,1500.0,0.0,308.0,1682.0,1272.2
NESDO,7/29/2026,1500.0,1529.0,1470.0,1500.0,0.0,371.0,1682.0,1272.2
NESDO,7/30/2026,1480.0,1495.0,1470.2,1495.0,1.01,972.0,1682.0,1272.2
NESDO,7/31/2026,1454.0,1495.0,1454.0,1495.0,2.82,436.0,1682.0,1272.2
NESDO,8/3/2026,1470.0,1500.0,1466.0,1490.0,1.36,202.0,1682.0,1272.2
NESDO,8/4/2026,1456.5,1485.0,1445.3,1475.0,1.27,505.0,1682.0,1272.2
NESDO,8/5/2026,1460.0,1479.0,1460.0,1479.0,1.3,1037.0,1682.0,1272.2
NESDO,8/6/2026,1489.0,1490.0,1455.0,1469.0,-1.34,661.0,1682.0,1272.2
NESDO,8/7/2026,1455.0,1458.0,1439.5,1458.0,0.21,774.0,1682.0,1272.2
NESDO,8/10/2026,1429.0,1459.9,1429.0,1458.0,2.03,187.0,1682.0,1272.2
NESDO,8/11/2026,1450.0,1460.0,1445.0,1448.0,-0.14,508.0,1682.0,1272.2
NESDO,8/12/2026,1430.0,1450.0,1430.0,1450.0,1.4,917.0,1682.0,1272.2
NESDO,8/13/2026,1451.0,1466.9,1426.0,1466.9,1.1,185.0,1682.0,1272.2
NESDO,8/14/2026,1425.0,1454.0,1425.0,1454.0,2.04,440.0,1682.0,1272.2
NESDO,8/17/2026,1435.0,1439.0,1411.1,1416.0,-1.32,926.0,1682.0,1272.2
NESDO,8/18/2026,1416.1,1416.1,1392.1,1412.0,-0.29,1040.0,1682.0,1272.2
NESDO,8/19/2026,1407.0,1412.0,1390.1,1412.0,0.36,855.0,1682.0,1272.2
NESDO,8/20/2026,1411.9,1411.9,1395.0,1395.0,-1.2,315.0,1682.0,1272.2
NESDO,8/21/2026,1385.0,1395.0,1385.0,1395.0,0.72,382.0,1682.0,1272.2
NESDO,8/24/2026,1390.0,1390.0,1351.2,1355.0,-2.52,879.0,1682.0,1272.2
NESDO,8/25/2026,1330.3,1355.0,1330.0,1353.0,1.71,342.0,1682.0,1272.2
NESDO,8/26/2026,1331.0,1349.0,1315.0,1349.0,1.35,542.0,1682.0,1272.2
NESDO,8/27/2026,1330.0,1359.0,1310.0,1345.0,1.13,1126.0,1682.0,1272.2
NESDO,8/31/2026,1310.0,1310.1,1300.0,1300.0,-0.76,550.0,1682.0,1272.2
NESDO,9/1/2026,1300.0,1337.0,1285.0,1300.0,0.0,399.0,1682.0,1272.2
NESDO,9/2/2026,1300.0,1305.0,1275.0,1293.0,-0.54,253.0,1682.0,1272.2
NESDO,9/3/2026,1310.0,1310.0,1290.1,1307.9,-0.16,627.0,1682.0,1272.2
NESDO,9/7/2026,1272.2,1320.0,1272.2,1320.0,3.76,401.0,1682.0,1272.2
NESDO,9/9/2026,1300.0,1339.0,1300.0,1339.0,3.0,241.0,1682.0,1272.2
NESDO,9/10/2026,1315.0,1339.9,1300.0,1339.9,1.89,595.0,1682.0,1272.2
NESDO,9/11/2026,1301.0,1334.0,1301.0,1329.0,2.15,87.0,1682.0,1272.2
NESDO,9/14/2026,1330.0,1344.9,1330.0,1344.9,1.12,187.0,1682.0,1272.2
NESDO,9/15/2026,1385.0,1395.0,1359.0,1370.0,-1.08,842.0,1682.0,1272.2
NESDO,9/16/2026,1370.0,1378.1,1310.0,1354.9,-1.1,1171.0,1682.0,1272.2
NESDO,9/17/2026,1314.4,1351.0,1314.4,1351.0,2.78,238.0,1682.0,1272.2
NESDO,9/18/2026,1325.1,1351.0,1325.1,1351.0,1.95,110.0,1682.0,1272.2
NESDO,9/22/2026,1330.0,1350.0,1323.2,1350.0,1.5,1600.0,1682.0,1272.2
NESDO,9/23/2026,1350.0,1350.0,1320.2,1331.0,-1.41,490.0,1682.0,1272.2
NESDO,9/24/2026,1331.0,1357.9,1320.0,1357.9,2.02,207.0,1682.0,1272.2
NESDO,9/28/2026,1317.2,1330.0,1317.2,1330.0,0.97,261.0,1682.0,1272.2
NESDO,9/29/2026,1329.0,1340.0,1329.0,0.0,-100.0,196.0,1682.0,1272.2
NESDO,9/30/2026,1295.5,1339.1,1295.5,1339.1,3.37,488.0,1682.0,1272.2
NESDO,10/1/2026,1335.0,1339.0,1320.0,1339.0,0.3,732.0,1682.0,1272.2
NESDO,10/2/2026,1320.1,1338.0,1320.1,1325.0,0.37,535.0,1682.0,1272.2
NFS,7/1/2012,119.0,117.0,117.0,117.0,,50.0,725.0,465.0
NFS,7/12/2012,117.0,115.0,115.0,115.0,-1.71,593.0,725.0,465.0
NFS,7/26/2012,115.0,113.0,113.0,113.0,-1.74,123.0,725.0,465.0
NFS,7/30/2012,113.0,111.0,107.0,107.0,-5.31,148.0,725.0,465.0
NFS,8/1/2012,107.0,105.0,103.0,103.0,-3.74,70.0,725.0,465.0
NFS,8/6/2012,103.0,101.0,100.0,100.0,-2.91,400.0,725.0,465.0
NFS,8/12/2012,100.0,98.0,98.0,98.0,-2.0,230.0,725.0,465.0
NFS,8/13/2012,98.0,97.0,96.0,96.0,-2.04,500.0,725.0,465.0
NFS,8/14/2012,96.0,97.0,96.0,97.0,1.04,358.0,725.0,465.0
NFS,8/22/2012,97.0,96.0,95.0,95.0,-2.06,937.0,725.0,465.0
NFS,8/29/2012,95.0,94.0,94.0,94.0,-1.05,50.0,725.0,465.0
NFS,8/30/2012,94.0,93.0,89.0,89.0,-5.32,1179.0,725.0,465.0
NFS,9/5/2012,89.0,88.0,88.0,88.0,-1.12,58.0,725.0,465.0
NFS,9/6/2012,88.0,89.0,89.0,89.0,1.14,100.0,725.0,465.0
NFS,9/17/2012,89.0,88.0,88.0,88.0,-1.12,100.0,725.0,465.0
NFS,9/18/2012,88.0,90.0,89.0,90.0,2.27,357.0,725.0,465.0
NFS,9/19/2012,90.0,91.0,91.0,91.0,1.11,12.0,725.0,465.0
NFS,9/20/2012,91.0,92.0,91.0,92.0,1.1,40.0,725.0,465.0
NFS,9/30/2012,92.0,92.0,92.0,92.0,0.0,200.0,725.0,465.0
NFS,10/1/2012,92.0,91.0,91.0,91.0,-1.09,68.0,725.0,465.0
NFS,10/2/2012,91.0,90.0,90.0,90.0,-1.1,111.0,725.0,465.0
NFS,10/3/2012,90.0,89.0,89.0,89.0,-1.11,171.0,725.0,465.0
NFS,10/7/2012,89.0,90.0,90.0,90.0,1.12,200.0,725.0,465.0
NFS,12/9/2012,90.0,89.0,88.0,88.0,-2.22,260.0,725.0,465.0
NFS,4/9/2013,88.0,90.0,89.0,90.0,2.27,1125.0,725.0,465.0
NFS,6/30/2013,90.0,90.0,90.0,90.0,0.0,111.0,725.0,465.0
NFS,12/31/2013,90.0,91.0,91.0,91.0,1.11,1114.0,725.0,465.0
NFS,1/1/2014,91.0,90.0,90.0,90.0,-1.1,148.0,725.0,465.0
NFS,3/6/2014,90.0,89.0,89.0,89.0,-1.11,91.0,725.0,465.0
NFS,6/9/2014,89.0,90.0,90.0,90.0,1.12,11641.0,725.0,465.0
NFS,7/17/2014,90.0,99.0,91.0,99.0,10.0,1160.0,725.0,465.0
NFS,7/20/2014,99.0,100.0,100.0,100.0,1.01,10.0,725.0,465.0
NFS,7/21/2014,100.0,110.0,102.0,110.0,10.0,2043.0,725.0,465.0
NFS,7/22/2014,110.0,121.0,112.0,121.0,10.0,1188.0,725.0,465.0
NFS,7/23/2014,121.0,133.0,123.0,133.0,9.92,12048.0,725.0,465.0
NFS,7/24/2014,133.0,146.0,135.0,146.0,9.77,10860.0,725.0,465.0
NFS,7/27/2014,146.0,160.0,148.0,160.0,9.59,6232.0,725.0,465.0
NFS,7/28/2014,160.0,175.0,163.0,175.0,9.38,763.0,725.0,465.0
NFS,7/30/2014,175.0,188.0,172.0,172.0,-1.71,8803.0,725.0,465.0
NFS,8/3/2014,172.0,169.0,169.0,169.0,-1.74,50.0,725.0,465.0
NFS,8/5/2014,169.0,166.0,163.0,163.0,-3.55,261.0,725.0,465.0
NFS,8/13/2014,163.0,160.0,157.0,157.0,-3.68,684.0,725.0,465.0
NFS,8/18/2014,157.0,154.0,151.0,154.0,-1.91,616.0,725.0,465.0
NFS,8/19/2014,154.0,151.0,148.0,148.0,-3.9,469.0,725.0,465.0
NFS,8/20/2014,148.0,146.0,134.0,134.0,-9.46,850.0,725.0,465.0
NFS,8/21/2014,134.0,132.0,130.0,130.0,-2.99,109.0,725.0,465.0
NFS,9/11/2014,130.0,128.0,126.0,126.0,-3.08,991.0,725.0,465.0
NFS,9/24/2014,126.0,124.0,124.0,124.0,-1.59,567.0,725.0,465.0
NFS,12/17/2019,124.0,136.0,122.0,136.0,9.68,865.0,725.0,465.0
NFS,12/18/2019,138.0,149.0,138.0,149.0,9.56,5155.0,725.0,465.0
NFS,12/19/2019,151.0,163.0,151.0,163.0,9.4,2934.0,725.0,465.0
NFS,12/22/2019,166.0,179.0,147.0,147.0,-9.82,13863.0,725.0,465.0
NFS,12/23/2019,145.0,154.0,141.0,151.0,2.72,5539.0,725.0,465.0
NFS,12/25/2019,148.0,148.0,136.0,136.0,-9.93,1210.0,725.0,465.0
NFS,12/26/2019,135.0,135.0,123.0,132.0,-2.94,3835.0,725.0,465.0
NFS,12/29/2019,134.0,140.0,134.0,140.0,6.06,455.0,725.0,465.0
NFS,12/31/2019,142.0,144.0,130.0,144.0,2.86,5397.0,725.0,465.0
NFS,1/1/2020,146.0,146.0,140.0,140.0,-2.78,1060.0,725.0,465.0
NFS,1/2/2020,142.0,144.0,142.0,142.0,1.43,1510.0,725.0,465.0
NFS,1/5/2020,140.0,140.0,130.0,134.0,-5.63,815.0,725.0,465.0
NFS,1/6/2020,132.0,135.0,128.0,135.0,0.75,2220.0,725.0,465.0
NFS,1/7/2020,133.0,133.0,130.0,130.0,-3.7,1005.0,725.0,465.0
NFS,1/8/2020,129.0,129.0,128.0,128.0,-1.54,510.0,725.0,465.0
NFS,1/9/2020,128.0,128.0,126.0,126.0,-1.56,940.0,725.0,465.0
NFS,1/12/2020,125.0,130.0,124.0,128.0,1.59,1398.0,725.0,465.0
NFS,1/13/2020,128.0,128.0,124.0,124.0,-3.12,2930.0,725.0,465.0
NFS,1/14/2020,125.0,136.0,125.0,133.0,7.26,1875.0,725.0,465.0
NFS,1/15/2020,135.0,135.0,134.0,134.0,0.75,564.0,725.0,465.0
NFS,1/16/2020,136.0,142.0,136.0,141.0,5.22,740.0,725.0,465.0
NFS,1/19/2020,143.0,145.0,141.0,141.0,0.0,170.0,725.0,465.0
NFS,1/20/2020,143.0,143.0,143.0,143.0,1.42,135.0,725.0,465.0
NFS,1/21/2020,143.0,143.0,143.0,143.0,0.0,50.0,725.0,465.0
NFS,1/26/2020,145.0,145.0,143.0,143.0,0.0,3510.0,725.0,465.0
NFS,1/27/2020,145.0,147.0,145.0,147.0,2.8,20.0,725.0,465.0
NFS,1/28/2020,154.0,154.0,149.0,149.0,1.36,20.0,725.0,465.0
NFS,1/29/2020,156.0,156.0,153.0,153.0,2.68,110.0,725.0,465.0
NFS,1/30/2020,153.0,153.0,150.0,150.0,-1.96,1500.0,725.0,465.0
NFS,2/4/2020,157.0,157.0,157.0,157.0,4.67,10.0,725.0,465.0
NFS,2/6/2020,154.0,154.0,142.0,142.0,-9.55,2400.0,725.0,465.0
NFS,2/9/2020,140.0,140.0,129.0,134.0,-5.63,3077.0,725.0,465.0
NFS,2/10/2020,134.0,135.0,134.0,135.0,0.75,990.0,725.0,465.0
NFS,2/11/2020,133.0,135.0,129.0,135.0,0.0,1585.0,725.0,465.0
NFS,2/12/2020,133.0,134.0,131.0,131.0,-2.96,960.0,725.0,465.0
NFS,2/13/2020,132.0,137.0,132.0,137.0,4.58,2434.0,725.0,465.0
NFS,2/16/2020,136.0,136.0,135.0,135.0,-1.46,330.0,725.0,465.0
NFS,2/17/2020,137.0,139.0,137.0,137.0,1.48,220.0,725.0,465.0
NFS,2/18/2020,135.0,135.0,132.0,132.0,-3.65,1026.0,725.0,465.0
NFS,2/19/2020,132.0,132.0,131.0,132.0,0.0,830.0,725.0,465.0
NFS,2/20/2020,134.0,138.0,134.0,136.0,3.03,670.0,725.0,465.0
NFS,2/23/2020,136.0,136.0,136.0,136.0,0.0,130.0,725.0,465.0
NFS,2/24/2020,136.0,136.0,132.0,132.0,-2.94,1200.0,725.0,465.0
NFS,2/25/2020,133.0,141.0,133.0,138.0,4.55,10925.0,725.0,465.0
NFS,2/26/2020,140.0,151.0,140.0,150.0,8.7,6537.0,725.0,465.0
NFS,2/27/2020,153.0,163.0,153.0,162.0,8.0,6148.0,725.0,465.0
NFS,3/1/2020,162.0,162.0,155.0,155.0,-4.32,592.0,725.0,465.0
NFS,3/2/2020,158.0,158.0,149.0,149.0,-3.87,2134.0,725.0,465.0
NFS,3/3/2020,148.0,154.0,146.0,154.0,3.36,2344.0,725.0,465.0
NFS,3/5/2020,151.0,151.0,151.0,151.0,-1.95,500.0,725.0,465.0
NFS,3/11/2020,148.0,148.0,140.0,140.0,-7.28,652.0,725.0,465.0
NFS,3/12/2020,141.0,141.0,130.0,130.0,-7.14,1105.0,725.0,465.0
NFS,3/15/2020,128.0,128.0,124.0,126.0,-3.08,1300.0,725.0,465.0
NFS,3/16/2020,128.0,128.0,126.0,127.0,0.79,993.0,725.0,465.0
NFS,3/17/2020,125.0,125.0,123.0,123.0,-3.15,125.0,725.0,465.0
NFS,3/18/2020,121.0,121.0,119.0,121.0,-1.63,3140.0,725.0,465.0
NFS,3/19/2020,119.0,121.0,119.0,119.0,-1.65,420.0,725.0,465.0
NFS,7/6/2020,121.0,127.0,121.0,127.0,6.72,260.0,725.0,465.0
NFS,7/7/2020,129.0,135.0,129.0,135.0,6.3,1940.0,725.0,465.0
NFS,7/8/2020,135.0,139.0,135.0,139.0,2.96,120.0,725.0,465.0
NFS,7/9/2020,141.0,141.0,141.0,141.0,1.44,10.0,725.0,465.0
NFS,7/12/2020,139.0,139.0,137.0,137.0,-2.84,120.0,725.0,465.0
NFS,7/13/2020,135.0,135.0,134.0,134.0,-2.19,697.0,725.0,465.0
NFS,7/14/2020,136.0,136.0,130.0,130.0,-2.99,595.0,725.0,465.0
NFS,7/15/2020,130.0,130.0,130.0,130.0,0.0,760.0,725.0,465.0
NFS,7/16/2020,129.0,132.0,129.0,132.0,1.54,420.0,725.0,465.0
NFS,7/20/2020,134.0,138.0,134.0,138.0,4.55,4015.0,725.0,465.0
NFS,7/21/2020,140.0,140.0,134.0,134.0,-2.9,1689.0,725.0,465.0
NFS,7/22/2020,132.0,132.0,130.0,132.0,-1.49,631.0,725.0,465.0
NFS,7/23/2020,134.0,136.0,130.0,130.0,-1.52,1262.0,725.0,465.0
NFS,7/26/2020,130.0,130.0,128.0,130.0,0.0,227.0,725.0,465.0
NFS,7/27/2020,132.0,134.0,132.0,132.0,1.54,560.0,725.0,465.0
NFS,7/28/2020,131.0,133.0,130.0,133.0,0.76,1510.0,725.0,465.0
NFS,7/29/2020,133.0,133.0,133.0,133.0,0.0,200.0,725.0,465.0
NFS,7/30/2020,135.0,135.0,135.0,135.0,1.5,20.0,725.0,465.0
NFS,8/2/2020,137.0,148.0,137.0,148.0,9.63,6820.0,725.0,465.0
NFS,8/3/2020,150.0,162.0,150.0,162.0,9.46,2100.0,725.0,465.0
NFS,8/5/2020,170.0,178.0,170.0,178.0,9.88,26483.0,725.0,465.0
NFS,8/6/2020,181.0,195.0,181.0,195.0,9.55,26932.0,725.0,465.0
NFS,8/9/2020,204.0,214.0,195.0,196.0,0.51,17229.0,725.0,465.0
NFS,8/10/2020,196.0,214.0,177.0,204.0,4.08,5220.0,725.0,465.0
NFS,8/11/2020,200.0,200.0,184.0,184.0,-9.8,560.0,725.0,465.0
NFS,8/12/2020,175.0,184.0,166.0,176.0,-4.35,5336.0,725.0,465.0
NFS,8/13/2020,176.0,176.0,159.0,166.0,-5.68,13888.0,725.0,465.0
NFS,8/16/2020,163.0,166.0,154.0,163.0,-1.81,3025.0,725.0,465.0
NFS,8/17/2020,166.0,169.0,157.0,160.0,-1.84,3081.0,725.0,465.0
NFS,8/18/2020,160.0,162.0,158.0,162.0,1.25,2685.0,725.0,465.0
NFS,8/19/2020,163.0,163.0,159.0,160.0,-1.23,760.0,725.0,465.0
NFS,8/20/2020,163.0,163.0,159.0,162.0,1.25,1630.0,725.0,465.0
NFS,8/23/2020,164.0,166.0,163.0,166.0,2.47,3700.0,725.0,465.0
NFS,8/24/2020,168.0,174.0,168.0,174.0,4.82,7169.0,725.0,465.0
NFS,8/25/2020,177.0,191.0,174.0,174.0,0.0,9130.0,725.0,465.0
NFS,8/26/2020,177.0,188.0,177.0,187.0,7.47,6938.0,725.0,465.0
NFS,8/27/2020,190.0,192.0,182.0,182.0,-2.67,6751.0,725.0,465.0
NFS,8/30/2020,179.0,181.0,179.0,179.0,-1.65,250.0,725.0,465.0
NFS,8/31/2020,182.0,188.0,178.0,183.0,2.23,2475.0,725.0,465.0
NFS,9/2/2020,186.0,186.0,171.0,177.0,-3.28,4797.0,725.0,465.0
NFS,9/3/2020,175.0,181.0,170.0,181.0,2.26,4585.0,725.0,465.0
NFS,9/6/2020,181.0,182.0,176.0,179.0,-1.1,5305.0,725.0,465.0
NFS,9/7/2020,177.0,177.0,170.0,173.0,-3.35,1794.0,725.0,465.0
NFS,9/8/2020,170.0,173.0,170.0,173.0,0.0,1545.0,725.0,465.0
NFS,9/9/2020,170.0,177.0,170.0,172.0,-0.58,3246.0,725.0,465.0
NFS,9/10/2020,175.0,186.0,175.0,185.0,7.56,8425.0,725.0,465.0
NFS,9/13/2020,185.0,188.0,182.0,186.0,0.54,3905.0,725.0,465.0
NFS,9/14/2020,195.0,196.0,188.0,188.0,1.08,10717.0,725.0,465.0
NFS,9/15/2020,191.0,206.0,190.0,195.0,3.72,12210.0,725.0,465.0
NFS,9/16/2020,204.0,204.0,189.0,190.0,-2.56,3084.0,725.0,465.0
NFS,9/17/2020,192.0,201.0,192.0,200.0,5.26,8811.0,725.0,465.0
NFS,9/20/2020,210.0,210.0,197.0,197.0,-1.5,9905.0,725.0,465.0
NFS,9/21/2020,206.0,206.0,197.0,199.0,1.02,4614.0,725.0,465.0
NFS,9/22/2020,200.0,202.0,196.0,197.0,-1.01,5617.0,725.0,465.0
NFS,9/23/2020,197.0,201.0,197.0,199.0,1.02,4820.0,725.0,465.0
NFS,9/24/2020,208.0,208.0,196.0,199.0,0.0,6749.0,725.0,465.0
NFS,9/27/2020,208.0,218.0,208.0,218.0,9.55,7485.0,725.0,465.0
NFS,9/28/2020,228.0,239.0,228.0,239.0,9.63,4031.0,725.0,465.0
NFS,9/29/2020,250.0,262.0,250.0,262.0,9.62,27077.0,725.0,465.0
NFS,9/30/2020,275.0,288.0,236.0,244.0,-6.87,24152.0,725.0,465.0
NFS,10/1/2020,240.0,251.0,240.0,240.0,-1.64,7205.0,725.0,465.0
NFS,10/4/2020,236.0,248.0,221.0,238.0,-0.83,10947.0,725.0,465.0
NFS,10/5/2020,240.0,261.0,238.0,260.0,9.24,25872.0,725.0,465.0
NFS,10/6/2020,273.0,286.0,273.0,286.0,10.0,12469.0,725.0,465.0
NFS,10/7/2020,300.0,314.0,300.0,312.0,9.09,25215.0,725.0,465.0
NFS,10/8/2020,327.0,327.0,292.0,300.0,-3.85,8451.0,725.0,465.0
NFS,10/11/2020,300.0,300.0,270.0,282.0,-6.0,12770.0,725.0,465.0
NFS,10/12/2020,268.0,290.0,268.0,277.0,-1.77,4935.0,725.0,465.0
NFS,10/13/2020,280.0,284.0,272.0,277.0,0.0,7444.0,725.0,465.0
NFS,10/14/2020,290.0,304.0,290.0,304.0,9.75,14340.0,725.0,465.0
NFS,10/15/2020,319.0,334.0,319.0,334.0,9.87,19237.0,725.0,465.0
NFS,10/18/2020,350.0,366.0,308.0,313.0,-6.29,28079.0,725.0,465.0
NFS,10/19/2020,319.0,323.0,308.0,323.0,3.19,20270.0,725.0,465.0
NFS,10/20/2020,339.0,339.0,313.0,317.0,-1.86,8827.0,725.0,465.0
NFS,10/21/2020,322.0,322.0,300.0,301.0,-5.05,17120.0,725.0,465.0
NFS,10/22/2020,193.0,208.0,193.0,208.0,-30.9,5027.0,725.0,465.0
NFS,10/28/2020,218.0,228.0,218.0,228.0,9.62,635.0,725.0,465.0
NFS,10/29/2020,239.0,250.0,239.0,250.0,9.65,2598.0,725.0,465.0
NFS,11/1/2020,262.0,275.0,262.0,275.0,10.0,4643.0,725.0,465.0
NFS,11/2/2020,288.0,302.0,265.0,295.0,7.27,40210.0,725.0,465.0
NFS,11/3/2020,300.0,305.0,290.0,292.0,-1.02,10118.0,725.0,465.0
NFS,11/4/2020,297.0,297.0,280.0,285.0,-2.4,4618.0,725.0,465.0
NFS,11/5/2020,280.0,281.0,276.0,280.0,-1.75,3208.0,725.0,465.0
NFS,11/8/2020,275.0,275.0,265.0,270.0,-3.57,11528.0,725.0,465.0
NFS,11/9/2020,275.0,280.0,274.0,274.0,1.48,3816.0,725.0,465.0
NFS,11/10/2020,275.0,275.0,272.0,275.0,0.36,2404.0,725.0,465.0
NFS,11/11/2020,280.0,280.0,270.0,274.0,-0.36,1500.0,725.0,465.0
NFS,11/12/2020,273.0,273.0,269.0,271.0,-1.09,4062.0,725.0,465.0
NFS,11/18/2020,271.0,272.0,267.0,271.0,0.0,2020.0,725.0,465.0
NFS,11/19/2020,268.0,270.0,265.0,268.0,-1.11,4535.0,725.0,465.0
NFS,11/22/2020,268.0,280.0,254.0,269.0,0.37,12445.0,725.0,465.0
NFS,11/23/2020,274.0,274.0,269.0,269.0,0.0,2737.0,725.0,465.0
NFS,11/24/2020,273.0,273.0,265.0,265.0,-1.49,4161.0,725.0,465.0
NFS,11/25/2020,263.0,268.0,260.0,262.0,-1.13,4463.0,725.0,465.0
NFS,11/26/2020,263.0,263.0,260.0,260.0,-0.76,1973.0,725.0,465.0
NFS,11/29/2020,260.0,260.0,250.0,254.0,-2.31,6123.0,725.0,465.0
NFS,11/30/2020,254.0,254.0,247.0,249.0,-1.97,2655.0,725.0,465.0
NFS,12/1/2020,247.0,248.0,240.0,247.0,-0.8,10475.0,725.0,465.0
NFS,12/2/2020,248.0,248.0,243.0,243.0,-1.62,3880.0,725.0,465.0
NFS,12/3/2020,243.0,243.0,238.0,239.0,-1.65,5457.0,725.0,465.0
NFS,12/6/2020,235.0,240.0,228.0,228.0,-4.6,3201.0,725.0,465.0
NFS,12/7/2020,229.0,240.0,225.0,239.0,4.82,2778.0,725.0,465.0
NFS,12/8/2020,242.0,242.0,238.0,238.0,-0.42,1275.0,725.0,465.0
NFS,12/9/2020,234.0,238.0,226.0,230.0,-3.36,6409.0,725.0,465.0
NFS,12/10/2020,234.0,242.0,226.0,230.0,0.0,2980.0,725.0,465.0
NFS,12/13/2020,234.0,237.0,226.0,230.0,0.0,555.0,725.0,465.0
NFS,12/14/2020,230.0,238.0,222.0,230.0,0.0,3276.0,725.0,465.0
NFS,12/15/2020,234.0,234.0,227.0,229.0,-0.43,631.0,725.0,465.0
NFS,12/16/2020,227.0,231.0,217.0,225.0,-1.75,2708.0,725.0,465.0
NFS,12/17/2020,228.0,233.0,228.0,233.0,3.56,4214.0,725.0,465.0
NFS,12/20/2020,236.0,236.0,218.0,218.0,-6.44,1915.0,725.0,465.0
NFS,12/21/2020,214.0,220.0,203.0,214.0,-1.83,2468.0,725.0,465.0
NFS,12/22/2020,214.0,214.0,209.0,214.0,0.0,2744.0,725.0,465.0
NFS,12/23/2020,218.0,219.0,211.0,219.0,2.34,4603.0,725.0,465.0
NFS,12/24/2020,217.0,217.0,212.0,213.0,-2.74,3919.0,725.0,465.0
NFS,12/27/2020,211.0,215.0,209.0,209.0,-1.88,1455.0,725.0,465.0
NFS,12/28/2020,213.0,213.0,199.0,206.0,-1.44,4808.0,725.0,465.0
NFS,12/29/2020,207.0,213.0,203.0,208.0,0.97,3182.0,725.0,465.0
NFS,12/30/2020,208.0,210.0,203.0,207.0,-0.48,4280.0,725.0,465.0
NFS,12/31/2020,204.0,206.0,202.0,206.0,-0.48,2578.0,725.0,465.0
NFS,1/3/2021,202.0,216.0,202.0,216.0,4.85,2572.0,725.0,465.0
NFS,1/4/2021,220.0,224.0,208.0,208.0,-3.7,1985.0,725.0,465.0
NFS,1/5/2021,210.0,219.0,210.0,216.0,3.85,2567.0,725.0,465.0
NFS,1/6/2021,219.0,232.0,219.0,230.0,6.48,7705.0,725.0,465.0
NFS,1/7/2021,234.0,238.0,228.0,230.0,0.0,4981.0,725.0,465.0
NFS,1/10/2021,240.0,253.0,239.0,250.0,8.7,10419.0,725.0,465.0
NFS,1/11/2021,250.0,250.0,247.0,248.0,-0.8,6517.0,725.0,465.0
NFS,1/12/2021,248.0,248.0,245.0,245.0,-1.21,7025.0,725.0,465.0
NFS,1/13/2021,245.0,253.0,245.0,246.0,0.41,3592.0,725.0,465.0
NFS,1/17/2021,248.0,248.0,244.0,246.0,0.0,3304.0,725.0,465.0
NFS,1/18/2021,248.0,270.0,245.0,270.0,9.76,8001.0,725.0,465.0
NFS,1/19/2021,282.0,297.0,275.0,297.0,10.0,31142.0,725.0,465.0
NFS,1/20/2021,311.0,326.0,311.0,326.0,9.76,9121.0,725.0,465.0
NFS,1/21/2021,342.0,358.0,342.0,358.0,9.82,7495.0,725.0,465.0
NFS,1/24/2021,365.0,393.0,323.0,374.0,4.47,36619.0,725.0,465.0
NFS,1/25/2021,381.0,395.0,348.0,356.0,-4.81,15196.0,725.0,465.0
NFS,1/26/2021,349.0,351.0,331.0,344.0,-3.37,15826.0,725.0,465.0
NFS,1/27/2021,350.0,350.0,326.0,328.0,-4.65,5587.0,725.0,465.0
NFS,1/28/2021,344.0,344.0,302.0,316.0,-3.66,16460.0,725.0,465.0
NFS,1/31/2021,322.0,322.0,305.0,305.0,-3.48,9460.0,725.0,465.0
NFS,2/1/2021,310.0,321.0,305.0,316.0,3.61,3674.0,725.0,465.0
NFS,2/2/2021,316.0,322.0,316.0,316.0,0.0,4026.0,725.0,465.0
NFS,2/3/2021,315.0,341.0,315.0,328.0,3.8,7278.0,725.0,465.0
NFS,2/4/2021,328.0,331.0,319.0,319.0,-2.74,5645.0,725.0,465.0
NFS,2/7/2021,334.0,334.0,288.0,299.0,-6.27,117456.0,725.0,465.0
NFS,2/8/2021,298.0,322.0,290.0,319.0,6.69,65137.0,725.0,465.0
NFS,2/9/2021,319.0,325.0,308.0,316.0,-0.94,22586.0,725.0,465.0
NFS,2/10/2021,317.0,317.0,305.0,312.0,-1.27,24539.0,725.0,465.0
NFS,2/11/2021,298.0,322.0,298.0,303.0,-2.88,34493.0,725.0,465.0
NFS,2/14/2021,298.0,298.0,288.0,296.0,-2.31,22647.0,725.0,465.0
NFS,2/15/2021,301.0,301.0,296.0,298.0,0.68,18892.0,725.0,465.0
NFS,2/16/2021,303.0,303.0,293.0,295.0,-1.01,8989.0,725.0,465.0
NFS,2/17/2021,300.0,300.0,289.0,292.0,-1.02,25689.0,725.0,465.0
NFS,2/18/2021,306.0,306.0,289.0,295.0,1.03,17655.0,725.0,465.0
NFS,2/21/2021,300.0,300.0,292.0,292.0,-1.02,16677.0,725.0,465.0
NFS,2/22/2021,297.0,297.0,290.0,292.0,0.0,13865.0,725.0,465.0
NFS,2/23/2021,305.0,321.0,301.0,321.0,9.93,152620.0,725.0,465.0
NFS,2/24/2021,337.0,353.0,337.0,353.0,9.97,55385.0,725.0,465.0
NFS,2/25/2021,370.0,388.0,338.0,341.0,-3.4,87857.0,725.0,465.0
NFS,2/28/2021,341.0,342.0,313.0,318.0,-6.74,60895.0,725.0,465.0
NFS,3/1/2021,315.0,338.0,311.0,324.0,1.89,29535.0,725.0,465.0
NFS,3/2/2021,324.0,328.0,305.0,313.0,-3.4,18499.0,725.0,465.0
NFS,3/3/2021,313.0,319.0,300.0,315.0,0.64,14382.0,725.0,465.0
NFS,3/4/2021,321.0,327.0,312.0,320.0,1.59,5876.0,725.0,465.0
NFS,3/7/2021,320.0,340.0,313.0,324.0,1.25,20376.0,725.0,465.0
NFS,3/9/2021,322.0,322.0,314.0,316.0,-2.47,13780.0,725.0,465.0
NFS,3/10/2021,331.0,331.0,307.0,310.0,-1.9,15497.0,725.0,465.0
NFS,3/14/2021,316.0,321.0,300.0,306.0,-1.29,12201.0,725.0,465.0
NFS,3/15/2021,312.0,312.0,296.0,308.0,0.65,10567.0,725.0,465.0
NFS,3/16/2021,309.0,313.0,299.0,304.0,-1.3,6940.0,725.0,465.0
NFS,3/17/2021,319.0,319.0,302.0,308.0,1.32,9298.0,725.0,465.0
NFS,3/18/2021,308.0,314.0,305.0,312.0,1.3,6316.0,725.0,465.0
NFS,3/21/2021,317.0,317.0,307.0,309.0,-0.96,8002.0,725.0,465.0
NFS,3/22/2021,313.0,313.0,303.0,304.0,-1.62,14339.0,725.0,465.0
NFS,3/23/2021,304.0,307.0,304.0,307.0,0.99,5777.0,725.0,465.0
NFS,3/24/2021,313.0,313.0,304.0,308.0,0.33,14401.0,725.0,465.0
NFS,3/25/2021,310.0,310.0,304.0,307.0,-0.32,10580.0,725.0,465.0
NFS,3/29/2021,305.0,308.0,303.0,305.0,-0.65,7910.0,725.0,465.0
NFS,3/30/2021,302.0,308.0,302.0,306.0,0.33,12808.0,725.0,465.0
NFS,3/31/2021,310.0,312.0,304.0,307.0,0.33,11329.0,725.0,465.0
NFS,4/1/2021,310.0,325.0,308.0,317.0,3.26,30706.0,725.0,465.0
NFS,4/4/2021,323.0,323.0,311.0,317.0,0.0,7603.0,725.0,465.0
NFS,4/5/2021,304.0,322.0,304.0,311.0,-1.89,14371.0,725.0,465.0
NFS,4/6/2021,317.0,317.0,306.0,311.0,0.0,10684.0,725.0,465.0
NFS,4/7/2021,306.0,315.0,306.0,309.0,-0.64,8720.0,725.0,465.0
NFS,4/8/2021,315.0,321.0,312.0,313.0,1.29,26591.0,725.0,465.0
NFS,4/12/2021,319.0,325.0,315.0,315.0,0.64,18761.0,725.0,465.0
NFS,4/13/2021,316.0,321.0,310.0,312.0,-0.95,7360.0,725.0,465.0
NFS,4/15/2021,308.0,318.0,306.0,314.0,0.64,16033.0,725.0,465.0
NFS,4/18/2021,315.0,316.0,306.0,309.0,-1.59,15312.0,725.0,465.0
NFS,4/19/2021,308.0,312.0,305.0,305.0,-1.29,12222.0,725.0,465.0
NFS,4/20/2021,308.0,314.0,303.0,306.0,0.33,11229.0,725.0,465.0
NFS,4/21/2021,311.0,311.0,304.0,304.0,-0.65,11794.0,725.0,465.0
NFS,4/22/2021,302.0,308.0,302.0,304.0,0.0,12410.0,725.0,465.0
NFS,4/25/2021,302.0,306.0,295.0,299.0,-1.64,19299.0,725.0,465.0
NFS,4/26/2021,295.0,295.0,288.0,294.0,-1.67,24031.0,725.0,465.0
NFS,4/27/2021,290.0,305.0,290.0,305.0,3.74,5279.0,725.0,465.0
NFS,4/28/2021,300.0,305.0,299.0,300.0,-1.64,4328.0,725.0,465.0
NFS,4/29/2021,300.0,300.0,298.0,300.0,0.0,4415.0,725.0,465.0
NFS,5/2/2021,300.0,306.0,300.0,301.0,0.33,6628.0,725.0,465.0
NFS,5/3/2021,316.0,316.0,304.0,304.0,1.0,22383.0,725.0,465.0
NFS,5/4/2021,301.0,310.0,301.0,306.0,0.66,2363.0,725.0,465.0
NFS,5/5/2021,316.0,316.0,304.0,305.0,-0.33,7257.0,725.0,465.0
NFS,5/6/2021,320.0,320.0,302.0,305.0,0.0,14700.0,725.0,465.0
NFS,5/9/2021,320.0,320.0,298.0,298.0,-2.3,13166.0,725.0,465.0
NFS,5/10/2021,303.0,307.0,297.0,306.0,2.68,22807.0,725.0,465.0
NFS,5/11/2021,306.0,308.0,304.0,306.0,0.0,3304.0,725.0,465.0
NFS,5/12/2021,308.0,317.0,304.0,310.0,1.31,21845.0,725.0,465.0
NFS,5/13/2021,311.0,334.0,311.0,325.0,4.84,91596.0,725.0,465.0
NFS,5/16/2021,330.0,345.0,318.0,329.0,1.23,40332.0,725.0,465.0
NFS,5/17/2021,345.0,361.0,328.0,361.0,9.73,130612.0,725.0,465.0
NFS,5/18/2021,379.0,397.0,379.0,397.0,9.97,33659.0,725.0,465.0
NFS,5/19/2021,416.0,436.0,373.0,436.0,9.82,270172.0,725.0,465.0
NFS,5/20/2021,450.0,450.0,406.0,439.0,0.69,135803.0,725.0,465.0
NFS,5/23/2021,435.0,444.0,408.0,433.0,-1.37,89795.0,725.0,465.0
NFS,5/24/2021,440.0,440.0,410.0,420.0,-3.0,63221.0,725.0,465.0
NFS,5/25/2021,441.0,441.0,406.0,409.0,-2.62,48633.0,725.0,465.0
NFS,5/27/2021,409.0,434.0,395.0,416.0,1.71,43295.0,725.0,465.0
NFS,5/30/2021,424.0,430.0,408.0,418.0,0.48,59234.0,725.0,465.0
NFS,5/31/2021,424.0,424.0,395.0,398.0,-4.78,42720.0,725.0,465.0
NFS,6/1/2021,400.0,405.0,391.0,399.0,0.25,22621.0,725.0,465.0
NFS,6/2/2021,395.0,427.0,395.0,425.0,6.52,65247.0,725.0,465.0
NFS,6/3/2021,425.0,458.0,424.0,426.0,0.24,113472.0,725.0,465.0
NFS,6/6/2021,425.0,430.0,406.0,412.0,-3.29,32270.0,725.0,465.0
NFS,6/7/2021,415.0,440.0,415.0,434.0,5.34,65238.0,725.0,465.0
NFS,6/8/2021,440.0,477.0,440.0,477.0,9.91,99238.0,725.0,465.0
NFS,6/9/2021,477.0,495.0,449.0,460.0,-3.56,98970.0,725.0,465.0
NFS,6/10/2021,460.0,469.0,440.0,466.0,1.3,69701.0,725.0,465.0
NFS,6/13/2021,475.0,512.0,466.0,512.0,9.87,127453.0,725.0,465.0
NFS,6/14/2021,520.0,555.0,498.0,504.0,-1.56,66185.0,725.0,465.0
NFS,6/15/2021,505.0,505.0,472.0,474.0,-5.95,56878.0,725.0,465.0
NFS,6/16/2021,470.0,470.0,427.0,428.0,-9.7,58637.0,725.0,465.0
NFS,6/17/2021,428.0,460.0,412.0,452.0,5.61,54914.0,725.0,465.0
NFS,6/20/2021,455.0,469.0,414.0,432.0,-4.42,31113.0,725.0,465.0
NFS,6/21/2021,411.0,450.0,411.0,424.0,-1.85,28013.0,725.0,465.0
NFS,6/22/2021,430.0,458.0,415.0,456.0,7.55,18765.0,725.0,465.0
NFS,6/23/2021,447.0,452.0,427.0,431.0,-5.48,22055.0,725.0,465.0
NFS,6/24/2021,431.0,441.0,423.0,436.0,1.16,18826.0,725.0,465.0
NFS,6/27/2021,440.0,444.0,428.0,441.0,1.15,26879.0,725.0,465.0
NFS,6/28/2021,449.0,457.0,439.0,445.0,0.91,36061.0,725.0,465.0
NFS,6/29/2021,453.0,453.0,435.0,436.0,-2.02,25504.0,725.0,465.0
NFS,6/30/2021,443.0,479.0,428.0,479.0,9.86,101682.0,725.0,465.0
NFS,7/1/2021,502.0,502.0,471.0,472.0,-1.46,45012.0,725.0,465.0
NFS,7/4/2021,477.0,499.0,461.0,491.0,4.03,90689.0,725.0,465.0
NFS,7/5/2021,500.0,530.0,492.0,500.0,1.83,82797.0,725.0,465.0
NFS,7/6/2021,510.0,511.0,491.0,496.0,-0.8,34298.0,725.0,465.0
NFS,7/7/2021,490.0,500.0,486.0,489.0,-1.41,17633.0,725.0,465.0
NFS,7/8/2021,481.0,497.0,481.0,492.0,0.61,27712.0,725.0,465.0
NFS,7/11/2021,480.0,539.0,480.0,528.0,7.32,57672.0,725.0,465.0
NFS,7/12/2021,535.0,550.0,499.0,509.0,-3.6,80904.0,725.0,465.0
NFS,7/13/2021,509.0,535.0,505.0,519.0,1.96,33046.0,725.0,465.0
NFS,7/14/2021,521.0,565.0,511.0,559.0,7.71,122411.0,725.0,465.0
NFS,7/15/2021,568.0,580.0,547.0,570.0,1.97,63488.0,725.0,465.0
NFS,7/18/2021,578.0,626.0,570.0,609.0,6.84,130264.0,725.0,465.0
NFS,7/19/2021,620.0,621.0,586.3,599.0,-1.64,70718.0,725.0,465.0
NFS,7/20/2021,587.1,598.0,585.0,587.0,-2.0,46448.0,725.0,465.0
NFS,7/22/2021,580.0,598.0,570.0,575.0,-2.04,101994.0,725.0,465.0
NFS,7/25/2021,565.0,605.0,565.0,584.0,1.57,52276.0,725.0,465.0
NFS,7/26/2021,576.0,597.0,576.0,584.0,0.0,35722.0,725.0,465.0
NFS,7/27/2021,575.0,610.0,572.4,582.0,-0.34,37689.0,725.0,465.0
NFS,7/28/2021,593.0,640.0,591.0,620.0,6.53,89463.0,725.0,465.0
NFS,7/29/2021,632.4,641.0,619.8,631.0,1.77,51926.0,725.0,465.0
NFS,8/1/2021,631.0,650.0,613.0,650.0,3.01,84674.0,725.0,465.0
NFS,8/2/2021,663.0,680.0,635.1,665.0,2.31,50322.0,725.0,465.0
NFS,8/3/2021,675.0,675.0,640.0,655.0,-1.5,37155.0,725.0,465.0
NFS,8/4/2021,642.1,660.0,640.0,655.0,0.0,33158.0,725.0,465.0
NFS,8/5/2021,660.0,720.5,660.0,720.5,10.0,177166.0,725.0,465.0
NFS,8/8/2021,734.0,792.5,734.0,785.0,8.95,128638.0,725.0,465.0
NFS,8/9/2021,800.0,800.0,755.0,765.0,-2.55,130541.0,725.0,465.0
NFS,8/10/2021,779.0,804.3,765.0,766.0,0.13,99888.0,725.0,465.0
NFS,8/11/2021,775.0,785.0,740.0,751.0,-1.96,60050.0,725.0,465.0
NFS,8/12/2021,741.0,806.0,740.0,790.0,5.19,138581.0,725.0,465.0
NFS,8/15/2021,790.0,790.0,719.4,766.0,-3.04,88528.0,725.0,465.0
NFS,8/16/2021,781.3,796.9,742.0,747.0,-2.48,45626.0,725.0,465.0
NFS,8/17/2021,761.9,763.0,730.0,750.0,0.4,45528.0,725.0,465.0
NFS,8/18/2021,765.0,780.0,750.0,765.0,2.0,78375.0,725.0,465.0
NFS,8/19/2021,780.0,780.0,740.0,740.0,-3.27,36259.0,725.0,465.0
NFS,8/24/2021,742.0,771.0,715.0,737.0,-0.41,32290.0,725.0,465.0
NFS,8/25/2021,737.0,740.0,686.0,696.0,-5.56,53494.0,725.0,465.0
NFS,8/26/2021,685.0,745.6,685.0,723.0,3.88,64582.0,725.0,465.0
NFS,8/29/2021,737.4,760.0,726.0,728.0,0.69,83197.0,725.0,465.0
NFS,8/31/2021,730.0,730.0,695.0,705.0,-3.16,31241.0,725.0,465.0
NFS,9/1/2021,700.0,724.0,690.0,690.0,-2.13,21967.0,725.0,465.0
NFS,9/2/2021,700.0,703.8,635.4,664.0,-3.77,36652.0,725.0,465.0
NFS,9/5/2021,650.8,650.8,597.6,597.6,-10.0,36128.0,725.0,465.0
NFS,9/6/2021,592.0,653.0,565.0,650.0,8.77,35740.0,725.0,465.0
NFS,9/7/2021,663.0,674.2,621.0,629.0,-3.23,34976.0,725.0,465.0
NFS,9/8/2021,620.0,624.0,594.9,600.0,-4.61,28920.0,725.0,465.0
NFS,9/9/2021,601.0,630.3,596.0,621.0,3.5,26550.0,725.0,465.0
NFS,9/12/2021,633.4,664.0,625.0,658.0,5.96,40598.0,725.0,465.0
NFS,9/13/2021,670.0,688.0,646.8,659.0,0.15,41545.0,725.0,465.0
NFS,9/14/2021,660.0,670.0,622.3,649.8,-1.4,26211.0,725.0,465.0
NFS,9/15/2021,662.7,662.7,627.0,627.0,-3.51,23392.0,725.0,465.0
NFS,9/16/2021,615.1,620.0,592.0,599.0,-4.47,40866.0,725.0,465.0
NFS,9/20/2021,610.9,610.9,539.1,540.0,-9.85,33700.0,725.0,465.0
NFS,9/21/2021,530.0,572.0,500.0,540.0,0.0,28468.0,725.0,465.0
NFS,9/22/2021,550.0,591.0,540.1,583.0,7.96,34156.0,725.0,465.0
NFS,9/23/2021,593.0,596.1,549.0,560.0,-3.95,47389.0,725.0,465.0
NFS,9/26/2021,550.0,571.2,517.0,529.9,-5.38,12640.0,725.0,465.0
NFS,9/27/2021,535.0,535.0,482.2,489.0,-7.72,28199.0,725.0,465.0
NFS,9/28/2021,491.0,493.9,440.1,445.9,-8.81,26972.0,725.0,465.0
NFS,9/29/2021,450.0,482.0,417.0,480.0,7.65,23255.0,725.0,465.0
NFS,9/30/2021,489.6,528.0,489.6,528.0,10.0,74319.0,725.0,465.0
NFS,10/3/2021,538.4,549.0,491.1,500.0,-5.3,29127.0,725.0,465.0
NFS,10/4/2021,492.0,514.5,481.0,490.0,-2.0,14152.0,725.0,465.0
NFS,10/5/2021,499.8,508.0,495.0,502.0,2.45,10773.0,725.0,465.0
NFS,10/6/2021,512.0,538.0,502.0,526.0,4.78,18725.0,725.0,465.0
NFS,10/10/2021,526.0,545.0,500.0,519.0,-1.33,22038.0,725.0,465.0
NFS,10/11/2021,529.0,529.0,500.0,508.0,-2.12,8020.0,725.0,465.0
NFS,10/17/2021,518.1,518.1,500.0,515.0,1.38,3015.0,725.0,465.0
NFS,10/18/2021,510.0,510.0,486.0,486.0,-5.63,12834.0,725.0,465.0
NFS,10/19/2021,477.0,485.9,451.0,465.0,-4.32,14322.0,725.0,465.0
NFS,10/20/2021,474.0,502.0,469.0,501.0,7.74,14643.0,725.0,465.0
NFS,10/21/2021,511.0,520.0,480.1,499.0,-0.4,11692.0,725.0,465.0
NFS,10/24/2021,508.9,542.0,500.0,530.0,6.21,32542.0,725.0,465.0
NFS,10/25/2021,539.0,582.0,539.0,569.0,7.36,31083.0,725.0,465.0
NFS,10/26/2021,580.0,600.0,579.0,590.0,3.69,19453.0,725.0,465.0
NFS,10/27/2021,595.0,605.0,560.0,594.0,0.68,38217.0,725.0,465.0
NFS,10/28/2021,605.0,605.0,569.6,588.0,-1.01,25442.0,725.0,465.0
NFS,10/31/2021,588.0,625.0,581.0,615.0,4.59,25614.0,725.0,465.0
NFS,11/1/2021,624.9,624.9,588.1,590.0,-4.07,27687.0,725.0,465.0
NFS,11/2/2021,580.0,601.0,567.1,599.0,1.53,20176.0,725.0,465.0
NFS,11/3/2021,610.0,612.0,587.2,591.0,-1.34,20634.0,725.0,465.0
NFS,11/8/2021,592.0,615.0,592.0,600.0,1.52,18373.0,725.0,465.0
NFS,11/9/2021,612.0,612.0,575.0,584.0,-2.67,26713.0,725.0,465.0
NFS,11/11/2021,575.0,584.0,565.0,565.0,-3.25,32003.0,725.0,465.0
NFS,11/14/2021,564.0,587.0,561.0,570.0,0.88,13673.0,725.0,465.0
NFS,11/15/2021,581.0,594.9,581.0,587.0,2.98,17200.0,725.0,465.0
NFS,11/16/2021,590.0,632.4,578.0,620.0,5.62,22636.0,725.0,465.0
NFS,11/17/2021,632.0,636.0,611.1,611.1,-1.44,26856.0,725.0,465.0
NFS,11/18/2021,599.0,620.0,590.0,593.0,-2.96,16478.0,725.0,465.0
NFS,11/21/2021,581.2,616.0,581.2,599.0,1.01,13072.0,725.0,465.0
NFS,11/22/2021,600.0,602.0,585.0,594.5,-0.75,11910.0,725.0,465.0
NFS,11/23/2021,594.0,605.0,566.0,579.0,-2.61,19608.0,725.0,465.0
NFS,11/24/2021,567.7,597.0,560.0,580.0,0.17,12398.0,725.0,465.0
NFS,11/25/2021,590.0,623.0,571.0,596.0,2.76,27980.0,725.0,465.0
NFS,11/28/2021,584.1,595.7,563.0,584.0,-2.01,17090.0,725.0,465.0
NFS,11/29/2021,585.0,610.0,576.3,585.0,0.17,45000.0,725.0,465.0
NFS,11/30/2021,595.0,596.7,572.0,583.0,-0.34,23822.0,725.0,465.0
NFS,12/1/2021,594.0,605.0,586.5,595.0,2.06,29988.0,725.0,465.0
NFS,12/2/2021,604.9,605.0,575.0,579.9,-2.54,19981.0,725.0,465.0
NFS,12/5/2021,569.0,580.0,550.0,555.0,-4.29,22934.0,725.0,465.0
NFS,12/6/2021,562.5,592.0,529.2,564.9,1.78,19180.0,725.0,465.0
NFS,12/7/2021,576.1,580.0,540.0,542.0,-4.05,21276.0,725.0,465.0
NFS,12/8/2021,535.0,549.0,508.0,513.0,-5.35,19690.0,725.0,465.0
NFS,12/9/2021,522.0,522.0,500.1,513.0,0.0,11767.0,725.0,465.0
NFS,12/12/2021,513.0,513.0,489.0,489.5,-4.58,14765.0,725.0,465.0
NFS,12/13/2021,479.8,489.4,458.0,458.0,-6.44,20995.0,725.0,465.0
NFS,12/14/2021,460.0,503.8,460.0,503.8,10.0,13407.0,725.0,465.0
NFS,12/15/2021,513.0,534.4,490.0,511.0,1.43,29068.0,725.0,465.0
NFS,12/16/2021,511.0,511.0,490.0,490.0,-4.11,11148.0,725.0,465.0
NFS,12/20/2021,499.0,499.0,470.9,470.9,-3.9,6454.0,725.0,465.0
NFS,12/21/2021,475.0,489.0,472.0,486.0,3.21,8638.0,725.0,465.0
NFS,12/22/2021,495.0,518.0,490.0,515.9,6.15,17164.0,725.0,465.0
NFS,12/23/2021,516.0,524.8,501.9,510.0,-1.14,17983.0,725.0,465.0
NFS,12/26/2021,515.0,520.2,505.0,515.0,0.98,16176.0,725.0,465.0
NFS,12/27/2021,508.0,515.0,480.0,480.0,-6.8,13901.0,725.0,465.0
NFS,12/28/2021,471.0,497.0,470.5,495.0,3.12,27960.0,725.0,465.0
NFS,12/29/2021,490.0,524.0,490.0,498.0,0.61,13278.0,725.0,465.0
NFS,1/2/2022,498.0,507.0,490.0,499.0,0.2,8665.0,725.0,465.0
NFS,1/3/2022,506.9,515.1,495.0,498.8,-0.04,16846.0,725.0,465.0
NFS,1/4/2022,508.0,523.0,500.0,522.0,4.65,20695.0,725.0,465.0
NFS,1/5/2022,529.3,542.0,518.5,523.0,0.19,26880.0,725.0,465.0
NFS,1/6/2022,532.0,575.3,519.0,575.3,10.0,47484.0,725.0,465.0
NFS,1/9/2022,586.8,615.0,577.0,615.0,6.9,92274.0,725.0,465.0
NFS,1/10/2022,627.0,635.0,610.0,630.0,2.44,72603.0,725.0,465.0
NFS,1/11/2022,630.0,693.0,620.0,693.0,10.0,102275.0,725.0,465.0
NFS,1/12/2022,693.0,720.0,669.0,680.0,-1.88,80437.0,725.0,465.0
NFS,1/13/2022,690.0,703.0,670.0,702.0,3.24,53972.0,725.0,465.0
NFS,1/16/2022,715.0,729.0,688.0,695.0,-1.0,59695.0,725.0,465.0
NFS,1/17/2022,708.9,730.0,690.0,720.0,3.6,88570.0,725.0,465.0
NFS,1/18/2022,734.4,734.4,695.0,716.0,-0.56,39987.0,725.0,465.0
NFS,1/19/2022,720.0,720.0,690.0,693.0,-3.21,45127.0,725.0,465.0
NFS,1/20/2022,706.8,715.0,683.1,715.0,3.17,51733.0,725.0,465.0
NFS,1/23/2022,720.0,731.0,703.0,706.0,-1.26,49776.0,725.0,465.0
NFS,1/24/2022,720.0,720.0,680.3,686.0,-2.83,84193.0,725.0,465.0
NFS,1/25/2022,672.3,699.9,672.3,682.0,-0.58,34579.0,725.0,465.0
NFS,1/26/2022,680.0,691.0,670.5,677.0,-0.73,33154.0,725.0,465.0
NFS,1/27/2022,690.5,690.5,673.0,678.0,0.15,13210.0,725.0,465.0
NFS,1/30/2022,691.5,737.0,685.0,730.0,7.67,103676.0,725.0,465.0
NFS,1/31/2022,725.0,735.0,710.0,730.0,0.0,67926.0,725.0,465.0
NFS,2/1/2022,720.0,739.9,715.4,735.0,0.68,50055.0,725.0,465.0
NFS,2/3/2022,735.0,760.0,722.0,744.6,1.31,64924.0,725.0,465.0
NFS,2/6/2022,750.0,750.0,707.0,715.0,-3.98,40059.0,725.0,465.0
NFS,2/7/2022,710.0,726.0,710.0,715.0,0.0,45993.0,725.0,465.0
NFS,2/8/2022,729.3,743.8,700.0,701.0,-1.96,30524.0,725.0,465.0
NFS,2/9/2022,690.0,710.0,685.0,710.0,1.28,27273.0,725.0,465.0
NFS,2/10/2022,696.3,708.0,688.0,688.0,-3.1,13440.0,725.0,465.0
NFS,2/13/2022,680.0,680.0,652.0,670.0,-2.62,40622.0,725.0,465.0
NFS,2/14/2022,670.0,685.0,666.0,670.0,0.0,17574.0,725.0,465.0
NFS,2/15/2022,666.0,698.7,666.0,690.0,2.99,13111.0,725.0,465.0
NFS,2/16/2022,702.0,702.0,673.0,680.0,-1.45,8684.0,725.0,465.0
NFS,2/17/2022,681.0,690.0,666.0,670.0,-1.47,14306.0,725.0,465.0
NFS,2/20/2022,660.0,719.0,646.8,698.0,4.18,57738.0,725.0,465.0
NFS,2/21/2022,690.0,718.8,684.1,715.0,2.44,33566.0,725.0,465.0
NFS,2/22/2022,719.0,719.0,705.0,714.9,-0.01,21082.0,725.0,465.0
NFS,2/23/2022,715.0,717.9,688.0,689.0,-3.62,12916.0,725.0,465.0
NFS,2/24/2022,702.7,702.7,668.0,670.0,-2.76,28068.0,725.0,465.0
NFS,2/27/2022,680.0,694.0,667.1,675.0,0.75,15780.0,725.0,465.0
NFS,2/28/2022,676.0,680.0,659.7,660.0,-2.22,12643.0,725.0,465.0
NFS,3/2/2022,651.1,665.0,630.0,638.0,-3.33,30695.0,725.0,465.0
NFS,3/6/2022,640.0,650.0,628.0,638.0,0.0,11275.0,725.0,465.0
NFS,3/7/2022,649.0,649.0,621.1,640.0,0.31,12161.0,725.0,465.0
NFS,3/9/2022,640.0,640.0,615.0,621.0,-2.97,16519.0,725.0,465.0
NFS,3/10/2022,610.1,649.9,610.1,647.0,4.19,19943.0,725.0,465.0
NFS,3/13/2022,655.0,678.4,652.0,675.0,4.33,41963.0,725.0,465.0
NFS,3/14/2022,670.0,678.0,660.0,673.9,-0.16,7570.0,725.0,465.0
NFS,3/15/2022,687.0,687.0,655.0,669.0,-0.73,21117.0,725.0,465.0
NFS,3/16/2022,669.0,695.0,665.1,688.0,2.84,28035.0,725.0,465.0
NFS,3/20/2022,674.3,687.7,663.0,669.0,-2.76,18920.0,725.0,465.0
NFS,3/21/2022,679.0,680.0,660.0,675.0,0.9,17728.0,725.0,465.0
NFS,3/22/2022,675.0,687.0,667.0,667.0,-1.19,15923.0,725.0,465.0
NFS,3/23/2022,680.0,680.0,654.0,664.0,-0.45,65236.0,725.0,465.0
NFS,3/24/2022,677.2,677.2,633.0,633.0,-4.67,44710.0,725.0,465.0
NFS,3/27/2022,645.0,645.0,610.0,611.0,-3.48,21195.0,725.0,465.0
NFS,3/28/2022,602.0,623.2,602.0,612.0,0.16,14516.0,725.0,465.0
NFS,3/29/2022,623.0,623.0,600.0,605.0,-1.14,10108.0,725.0,465.0
NFS,3/30/2022,597.1,617.0,585.0,600.1,-0.81,35352.0,725.0,465.0
NFS,3/31/2022,592.0,614.0,592.0,611.0,1.82,20810.0,725.0,465.0
NFS,4/3/2022,615.0,615.0,596.0,598.0,-2.13,8374.0,725.0,465.0
NFS,4/4/2022,593.0,602.0,587.3,590.0,-1.34,4999.0,725.0,465.0
NFS,4/5/2022,595.0,595.0,566.0,569.0,-3.56,16781.0,725.0,465.0
NFS,4/6/2022,558.0,568.0,550.0,560.0,-1.58,14112.0,725.0,465.0
NFS,4/7/2022,565.0,572.0,558.0,559.0,-0.18,11726.0,725.0,465.0
NFS,4/11/2022,570.1,581.5,550.1,550.5,-1.52,7614.0,725.0,465.0
NFS,4/12/2022,540.2,551.0,520.0,529.0,-3.91,12712.0,725.0,465.0
NFS,4/13/2022,530.0,535.0,513.0,527.0,-0.38,13568.0,725.0,465.0
NFS,4/17/2022,530.0,530.0,508.7,510.1,-3.21,7721.0,725.0,465.0
NFS,4/18/2022,510.1,511.0,484.2,485.6,-4.8,25396.0,725.0,465.0
NFS,4/19/2022,494.8,495.0,477.0,487.2,0.33,22709.0,725.0,465.0
NFS,4/20/2022,495.9,495.9,460.0,460.0,-5.58,7127.0,725.0,465.0
NFS,4/21/2022,451.0,452.0,425.0,445.0,-3.26,74793.0,725.0,465.0
NFS,4/24/2022,453.0,489.5,445.9,479.0,7.64,23511.0,725.0,465.0
NFS,4/25/2022,485.0,485.0,462.0,465.0,-2.92,21593.0,725.0,465.0
NFS,4/26/2022,465.0,480.1,464.0,469.0,0.86,15425.0,725.0,465.0
NFS,4/27/2022,478.0,505.8,475.0,501.0,6.82,68188.0,725.0,465.0
NFS,4/28/2022,511.0,527.0,507.0,510.0,1.8,58933.0,725.0,465.0
NFS,5/2/2022,510.0,514.0,459.0,459.0,-10.0,84800.0,725.0,465.0
NFS,5/4/2022,317.0,340.0,313.0,317.0,-30.94,35756.0,725.0,465.0
NFS,5/5/2022,317.0,317.0,295.0,298.0,-5.99,13648.0,725.0,465.0
NFS,5/8/2022,303.0,303.0,290.1,295.0,-1.01,18500.0,725.0,465.0
NFS,5/9/2022,298.0,309.8,295.0,298.0,1.02,28332.0,725.0,465.0
NFS,5/10/2022,303.0,305.9,294.0,303.0,1.68,22288.0,725.0,465.0
NFS,5/11/2022,309.0,333.3,300.0,333.3,10.0,34379.0,725.0,465.0
NFS,5/12/2022,339.9,366.6,334.0,343.0,2.91,53290.0,725.0,465.0
NFS,5/17/2022,337.0,338.0,318.0,318.0,-7.29,20364.0,725.0,465.0
NFS,5/18/2022,311.7,336.0,301.0,325.0,2.2,14945.0,725.0,465.0
NFS,5/19/2022,331.0,335.0,317.0,320.0,-1.54,10388.0,725.0,465.0
NFS,5/20/2022,326.0,329.9,310.0,311.0,-2.81,8941.0,725.0,465.0
NFS,5/23/2022,317.0,317.2,306.0,309.0,-0.64,9232.0,725.0,465.0
NFS,5/24/2022,303.0,317.0,303.0,310.0,0.32,8462.0,725.0,465.0
NFS,5/25/2022,310.0,318.0,303.0,308.1,-0.61,8428.0,725.0,465.0
NFS,5/26/2022,314.0,317.0,305.0,312.0,1.27,6995.0,725.0,465.0
NFS,5/27/2022,316.0,316.0,303.0,304.0,-2.56,9804.0,725.0,465.0
NFS,5/30/2022,308.0,308.0,296.1,301.9,-0.69,13786.0,725.0,465.0
NFS,5/31/2022,296.0,301.5,290.0,296.0,-1.95,13664.0,725.0,465.0
NFS,6/1/2022,300.0,306.0,294.0,296.0,0.0,11451.0,725.0,465.0
NFS,6/2/2022,299.0,307.0,295.2,296.0,0.0,6152.0,725.0,465.0
NFS,6/3/2022,299.0,299.0,290.0,294.0,-0.68,7062.0,725.0,465.0
NFS,6/6/2022,297.0,304.9,288.5,295.0,0.34,13213.0,725.0,465.0
NFS,6/7/2022,295.1,298.0,283.3,283.3,-3.97,5113.0,725.0,465.0
NFS,6/8/2022,287.0,301.0,277.0,296.0,4.48,12321.0,725.0,465.0
NFS,6/9/2022,300.0,303.0,283.4,285.0,-3.72,13388.0,725.0,465.0
NFS,6/10/2022,280.0,288.0,274.0,285.6,0.21,6198.0,725.0,465.0
NFS,6/13/2022,280.1,285.0,276.5,276.5,-3.19,5670.0,725.0,465.0
NFS,6/14/2022,275.0,275.0,269.0,275.0,-0.54,4851.0,725.0,465.0
NFS,6/15/2022,276.0,276.0,264.6,267.2,-2.84,4817.0,725.0,465.0
NFS,6/16/2022,262.0,282.0,262.0,268.0,0.3,3650.0,725.0,465.0
NFS,6/17/2022,273.0,273.0,263.0,265.2,-1.04,2069.0,725.0,465.0
NFS,6/19/2022,260.0,260.0,250.0,254.5,-4.03,5634.0,725.0,465.0
NFS,6/20/2022,250.0,255.0,236.2,237.2,-6.8,8847.0,725.0,465.0
NFS,6/21/2022,240.0,250.0,240.0,248.0,4.55,9050.0,725.0,465.0
NFS,6/22/2022,252.0,252.0,240.0,244.0,-1.61,7746.0,725.0,465.0
NFS,6/23/2022,239.2,239.2,227.1,229.5,-5.94,3466.0,725.0,465.0
NFS,6/24/2022,225.0,241.0,213.3,231.0,0.65,7733.0,725.0,465.0
NFS,6/26/2022,234.0,254.1,234.0,250.0,8.23,16777.0,725.0,465.0
NFS,6/27/2022,250.0,265.3,236.5,241.0,-3.6,16440.0,725.0,465.0
NFS,6/28/2022,240.0,240.0,235.0,235.0,-2.49,6398.0,725.0,465.0
NFS,6/29/2022,236.0,250.0,233.0,249.0,5.96,6421.0,725.0,465.0
NFS,6/30/2022,253.0,273.9,244.1,273.9,10.0,16973.0,725.0,465.0
NFS,7/1/2022,279.0,300.0,255.1,295.0,7.7,35780.0,725.0,465.0
NFS,7/3/2022,300.9,315.0,299.0,314.9,6.75,29768.0,725.0,465.0
NFS,7/4/2022,315.0,334.5,305.0,308.0,-2.19,47004.0,725.0,465.0
NFS,7/5/2022,302.0,317.3,290.0,291.0,-5.52,18956.0,725.0,465.0
NFS,7/6/2022,287.0,313.0,280.0,300.3,3.2,20885.0,725.0,465.0
NFS,7/7/2022,304.0,314.0,295.0,296.0,-1.43,11894.0,725.0,465.0
NFS,7/8/2022,292.1,296.0,285.0,287.0,-3.04,6429.0,725.0,465.0
NFS,7/11/2022,281.3,286.0,266.0,268.0,-6.62,20088.0,725.0,465.0
NFS,7/12/2022,273.0,285.0,265.0,277.0,3.36,13960.0,725.0,465.0
NFS,7/13/2022,282.0,304.7,272.0,304.7,10.0,21213.0,725.0,465.0
NFS,7/14/2022,308.0,317.0,295.1,304.9,0.07,19265.0,725.0,465.0
NFS,7/15/2022,303.0,307.0,294.0,300.8,-1.34,10211.0,725.0,465.0
NFS,7/17/2022,300.0,306.0,297.1,298.0,-0.93,8422.0,725.0,465.0
NFS,7/18/2022,298.0,309.0,290.0,306.0,2.68,12686.0,725.0,465.0
NFS,7/19/2022,307.0,315.9,306.1,308.0,0.65,16208.0,725.0,465.0
NFS,7/20/2022,305.1,318.0,301.9,312.0,1.3,17678.0,725.0,465.0
NFS,7/21/2022,315.0,315.0,300.0,310.0,-0.64,11582.0,725.0,465.0
NFS,7/22/2022,315.0,316.0,296.0,297.5,-4.03,12974.0,725.0,465.0
NFS,7/24/2022,303.0,319.1,303.0,319.1,7.26,22645.0,725.0,465.0
NFS,7/25/2022,322.2,344.1,322.2,341.0,6.86,45560.0,725.0,465.0
NFS,7/26/2022,345.0,347.0,323.5,325.0,-4.69,37164.0,725.0,465.0
NFS,7/27/2022,320.0,355.8,316.0,346.0,6.46,33381.0,725.0,465.0
NFS,7/28/2022,347.0,362.0,337.0,354.0,2.31,46184.0,725.0,465.0
NFS,7/29/2022,361.0,361.0,341.0,349.0,-1.41,18476.0,725.0,465.0
NFS,7/31/2022,350.0,350.0,338.3,341.0,-2.29,37372.0,725.0,465.0
NFS,8/1/2022,340.0,346.0,324.0,339.9,-0.32,29310.0,725.0,465.0
NFS,8/2/2022,333.2,352.0,314.1,343.1,0.94,216809.0,725.0,465.0
NFS,8/3/2022,349.0,349.0,335.2,343.7,0.17,95363.0,725.0,465.0
NFS,8/4/2022,336.9,347.9,331.3,334.0,-2.82,38566.0,725.0,465.0
NFS,8/5/2022,328.0,339.0,315.1,317.0,-5.09,67465.0,725.0,465.0
NFS,8/7/2022,310.7,332.0,310.7,321.4,1.39,51964.0,725.0,465.0
NFS,8/8/2022,322.0,327.8,312.7,318.0,-1.06,36417.0,725.0,465.0
NFS,8/9/2022,312.1,322.0,304.0,304.0,-4.4,54852.0,725.0,465.0
NFS,8/10/2022,303.0,313.0,298.0,306.0,0.66,50415.0,725.0,465.0
NFS,8/11/2022,306.0,311.8,292.5,295.0,-3.59,26644.0,725.0,465.0
NFS,8/14/2022,295.0,300.9,291.1,292.0,-1.02,25590.0,725.0,465.0
NFS,8/15/2022,292.0,313.1,288.0,311.1,6.54,53331.0,725.0,465.0
NFS,8/16/2022,315.0,319.0,295.0,296.0,-4.85,44930.0,725.0,465.0
NFS,8/17/2022,296.0,308.0,294.0,301.9,1.99,27517.0,725.0,465.0
NFS,8/18/2022,305.0,312.8,302.0,308.0,2.02,35086.0,725.0,465.0
NFS,8/21/2022,314.0,317.0,300.0,302.1,-1.92,34346.0,725.0,465.0
NFS,8/22/2022,300.0,308.2,296.2,306.0,1.29,29431.0,725.0,465.0
NFS,8/23/2022,306.0,307.0,302.0,304.0,-0.65,11441.0,725.0,465.0
NFS,8/24/2022,309.0,309.0,300.0,303.0,-0.33,17227.0,725.0,465.0
NFS,8/25/2022,303.0,307.0,295.1,298.0,-1.65,26501.0,725.0,465.0
NFS,8/26/2022,297.9,298.0,290.0,291.1,-2.32,21126.0,725.0,465.0
NFS,8/28/2022,289.0,291.9,276.4,278.0,-4.5,57056.0,725.0,465.0
NFS,8/29/2022,280.0,285.5,275.0,282.2,1.51,22688.0,725.0,465.0
NFS,8/30/2022,280.0,293.0,280.0,283.0,0.28,14404.0,725.0,465.0
NFS,8/31/2022,283.0,287.0,272.0,275.0,-2.83,18497.0,725.0,465.0
NFS,9/1/2022,275.0,285.0,267.0,274.0,-0.36,23637.0,725.0,465.0
NFS,9/2/2022,270.0,283.5,270.0,274.0,0.0,5673.0,725.0,465.0
NFS,9/4/2022,279.4,284.0,275.0,279.0,1.82,14567.0,725.0,465.0
NFS,9/5/2022,280.1,284.0,276.0,280.0,0.36,9288.0,725.0,465.0
NFS,9/6/2022,282.9,283.0,272.0,273.9,-2.18,9807.0,725.0,465.0
NFS,9/7/2022,270.0,273.0,264.6,270.0,-1.42,7605.0,725.0,465.0
NFS,9/8/2022,272.0,280.0,266.0,274.0,1.48,11895.0,725.0,465.0
NFS,9/11/2022,274.0,280.0,270.0,270.9,-1.13,9325.0,725.0,465.0
NFS,9/12/2022,276.2,276.2,265.5,266.0,-1.81,9306.0,725.0,465.0
NFS,9/13/2022,261.0,277.8,261.0,272.1,2.29,10177.0,725.0,465.0
NFS,9/14/2022,276.0,291.0,275.0,291.0,6.95,31314.0,725.0,465.0
NFS,9/15/2022,294.0,296.0,275.0,279.0,-4.12,34637.0,725.0,465.0
NFS,9/16/2022,273.5,275.0,262.8,273.0,-2.15,13172.0,725.0,465.0
NFS,9/18/2022,268.0,270.0,263.1,263.5,-3.48,14341.0,725.0,465.0
NFS,9/20/2022,260.0,263.0,250.0,250.0,-5.12,16463.0,725.0,465.0
NFS,9/21/2022,255.0,263.0,251.5,253.2,1.28,12184.0,725.0,465.0
NFS,9/22/2022,253.0,258.0,247.3,248.0,-2.05,10263.0,725.0,465.0
NFS,9/25/2022,244.1,248.0,238.0,238.0,-4.03,12993.0,725.0,465.0
NFS,9/27/2022,242.0,248.0,238.0,242.5,1.89,8802.0,725.0,465.0
NFS,9/28/2022,243.0,249.0,239.0,239.0,-1.44,6652.0,725.0,465.0
NFS,9/29/2022,243.0,247.8,240.5,247.0,3.35,4574.0,725.0,465.0
NFS,10/9/2022,251.0,260.0,248.0,258.0,4.45,10810.0,725.0,465.0
NFS,10/10/2022,263.0,263.0,250.0,252.0,-2.33,14966.0,725.0,465.0
NFS,10/11/2022,249.0,249.9,242.1,247.0,-1.98,5729.0,725.0,465.0
NFS,10/12/2022,251.9,257.0,245.2,252.1,2.06,13116.0,725.0,465.0
NFS,10/13/2022,257.0,265.1,255.0,261.0,3.53,30327.0,725.0,465.0
NFS,10/16/2022,262.0,263.0,252.0,254.0,-2.68,14664.0,725.0,465.0
NFS,10/17/2022,251.0,258.0,249.1,249.2,-1.89,9618.0,725.0,465.0
NFS,10/19/2022,248.0,249.0,242.1,247.0,-0.88,8845.0,725.0,465.0
NFS,10/20/2022,248.0,251.0,242.1,243.5,-1.42,6151.0,725.0,465.0
NFS,10/23/2022,247.0,248.0,243.0,246.0,1.03,6282.0,725.0,465.0
NFS,10/31/2022,247.0,248.9,242.1,247.8,0.73,5245.0,725.0,465.0
NFS,11/1/2022,242.9,267.0,242.9,265.9,7.3,25989.0,725.0,465.0
NFS,11/2/2022,268.0,276.0,255.0,265.0,-0.34,25546.0,725.0,465.0
NFS,11/3/2022,265.0,268.0,261.0,264.0,-0.38,12167.0,725.0,465.0
NFS,11/6/2022,264.0,277.0,264.0,275.0,4.17,19491.0,725.0,465.0
NFS,11/7/2022,280.0,290.7,270.0,273.0,-0.73,38614.0,725.0,465.0
NFS,11/8/2022,276.0,289.0,267.6,279.0,2.2,13346.0,725.0,465.0
NFS,11/9/2022,273.5,282.0,258.9,260.2,-6.74,21756.0,725.0,465.0
NFS,11/10/2022,263.0,269.0,247.5,254.0,-2.38,20554.0,725.0,465.0
NFS,11/13/2022,255.0,257.9,249.1,254.0,0.0,8296.0,725.0,465.0
NFS,11/14/2022,259.0,262.6,251.0,262.0,3.15,13406.0,725.0,465.0
NFS,11/15/2022,265.0,266.8,253.0,254.9,-2.71,13729.0,725.0,465.0
NFS,11/16/2022,258.0,260.1,252.0,254.3,-0.24,23424.0,725.0,465.0
NFS,11/17/2022,257.0,266.0,257.0,265.0,4.21,18031.0,725.0,465.0
NFS,11/22/2022,270.0,271.0,258.0,264.0,-0.38,10740.0,725.0,465.0
NFS,11/23/2022,259.1,262.9,250.0,260.0,-1.52,6011.0,725.0,465.0
NFS,11/24/2022,260.0,265.0,260.0,263.0,1.15,9006.0,725.0,465.0
NFS,11/27/2022,268.2,270.0,263.5,266.0,1.14,17301.0,725.0,465.0
NFS,11/28/2022,270.0,276.0,262.8,265.0,-0.38,26253.0,725.0,465.0
NFS,11/29/2022,269.5,271.9,263.1,271.6,2.49,11870.0,725.0,465.0
NFS,11/30/2022,267.3,273.9,265.0,270.0,-0.59,9362.0,725.0,465.0
NFS,12/1/2022,274.9,274.9,266.0,270.0,0.0,12104.0,725.0,465.0
NFS,12/4/2022,273.0,274.0,264.8,268.0,-0.74,6637.0,725.0,465.0
NFS,12/5/2022,269.0,269.0,257.1,258.0,-3.73,7791.0,725.0,465.0
NFS,12/6/2022,257.0,264.0,255.0,261.9,1.51,12836.0,725.0,465.0
NFS,12/7/2022,260.0,260.0,251.6,260.0,-0.73,11665.0,725.0,465.0
NFS,12/11/2022,254.8,256.0,251.0,253.9,-2.35,11497.0,725.0,465.0
NFS,12/12/2022,256.0,259.9,252.7,259.0,2.01,9730.0,725.0,465.0
NFS,12/13/2022,260.0,263.0,254.0,254.0,-1.93,2837.0,725.0,465.0
NFS,12/14/2022,254.0,259.0,250.0,254.0,0.0,2720.0,725.0,465.0
NFS,12/15/2022,250.1,255.0,245.5,250.0,-1.57,10816.0,725.0,465.0
NFS,12/18/2022,250.0,253.0,243.0,245.0,-2.0,6938.0,725.0,465.0
NFS,12/19/2022,247.5,249.9,240.4,245.0,0.0,3533.0,725.0,465.0
NFS,12/20/2022,249.8,250.0,246.0,249.8,1.96,2516.0,725.0,465.0
NFS,12/21/2022,251.0,251.0,243.6,245.0,-1.92,5817.0,725.0,465.0
NFS,12/22/2022,243.2,245.0,240.7,245.0,0.0,13218.0,725.0,465.0
NFS,12/26/2022,249.0,262.0,249.0,258.0,5.31,19133.0,725.0,465.0
NFS,12/27/2022,263.1,276.0,262.0,271.3,5.16,51120.0,725.0,465.0
NFS,12/28/2022,272.9,280.0,266.6,270.0,-0.48,48517.0,725.0,465.0
NFS,12/29/2022,272.0,290.0,267.1,290.0,7.41,48739.0,725.0,465.0
NFS,1/1/2023,294.8,307.0,290.0,299.0,3.1,78488.0,725.0,465.0
NFS,1/2/2023,299.0,306.9,287.3,300.0,0.33,63008.0,725.0,465.0
NFS,1/3/2023,304.0,305.0,294.1,297.0,-1.0,40631.0,725.0,465.0
NFS,1/4/2023,297.0,307.0,297.0,306.0,3.03,39726.0,725.0,465.0
NFS,1/5/2023,312.1,323.0,302.9,314.0,2.61,70952.0,725.0,465.0
NFS,1/8/2023,315.0,330.0,304.0,325.0,3.5,57142.0,725.0,465.0
NFS,1/9/2023,328.0,337.0,318.6,336.0,3.38,114090.0,725.0,465.0
NFS,1/10/2023,341.0,349.0,313.6,319.0,-5.06,104002.0,725.0,465.0
NFS,1/12/2023,325.3,340.4,307.0,307.0,-3.76,71591.0,725.0,465.0
NFS,1/17/2023,313.1,324.8,307.0,323.0,5.21,56868.0,725.0,465.0
NFS,1/18/2023,328.0,333.0,315.0,320.0,-0.93,51234.0,725.0,465.0
NFS,1/19/2023,325.9,325.9,314.0,318.0,-0.62,27653.0,725.0,465.0
NFS,1/23/2023,318.0,330.0,311.7,315.0,-0.94,48101.0,725.0,465.0
NFS,1/24/2023,315.0,335.0,311.8,332.0,5.4,106807.0,725.0,465.0
NFS,1/25/2023,337.0,340.0,329.0,330.0,-0.6,76906.0,725.0,465.0
NFS,1/26/2023,326.0,335.0,326.0,329.0,-0.3,33572.0,725.0,465.0
NFS,1/29/2023,323.0,328.0,313.6,316.8,-3.71,59180.0,725.0,465.0
NFS,1/30/2023,320.0,320.0,305.0,307.0,-3.09,52404.0,725.0,465.0
NFS,1/31/2023,307.0,310.0,299.0,300.0,-2.28,55672.0,725.0,465.0
NFS,2/1/2023,300.0,310.0,300.0,304.5,1.5,18816.0,725.0,465.0
NFS,2/2/2023,304.6,307.0,295.0,295.1,-3.09,27254.0,725.0,465.0
NFS,2/5/2023,300.0,305.2,296.0,296.0,0.3,35237.0,725.0,465.0
NFS,2/6/2023,300.0,306.0,295.0,303.0,2.36,24185.0,725.0,465.0
NFS,2/7/2023,307.0,332.0,303.1,330.0,8.91,75830.0,725.0,465.0
NFS,2/8/2023,336.0,338.0,320.0,324.0,-1.82,58019.0,725.0,465.0
NFS,2/9/2023,326.0,328.4,319.0,328.0,1.23,46142.0,725.0,465.0
NFS,2/12/2023,323.0,323.0,308.7,310.0,-5.49,55495.0,725.0,465.0
NFS,2/14/2023,304.0,314.9,304.0,306.9,-1.0,24530.0,725.0,465.0
NFS,2/15/2023,310.0,314.0,303.0,305.0,-0.62,25691.0,725.0,465.0
NFS,2/16/2023,302.0,311.1,299.3,300.0,-1.64,36783.0,725.0,465.0
NFS,2/20/2023,300.0,308.0,300.0,304.9,1.63,23725.0,725.0,465.0
NFS,2/22/2023,309.0,321.0,308.0,316.7,3.87,57913.0,725.0,465.0
NFS,2/23/2023,315.0,317.9,304.0,306.0,-3.38,39953.0,725.0,465.0
NFS,2/26/2023,299.9,312.0,290.0,309.0,0.98,50876.0,725.0,465.0
NFS,2/27/2023,309.0,311.0,299.0,309.0,0.0,31728.0,725.0,465.0
NFS,2/28/2023,314.0,314.0,305.0,308.0,-0.32,11933.0,725.0,465.0
NFS,3/1/2023,308.0,308.0,300.4,304.0,-1.3,14167.0,725.0,465.0
NFS,3/2/2023,299.0,304.0,296.0,300.0,-1.32,13640.0,725.0,465.0
NFS,3/5/2023,301.0,301.0,290.0,294.0,-2.0,16359.0,725.0,465.0
NFS,3/7/2023,293.0,302.0,293.0,297.0,1.02,15333.0,725.0,465.0
NFS,3/9/2023,300.9,310.0,300.9,308.0,3.7,19924.0,725.0,465.0
NFS,3/12/2023,311.0,313.1,302.0,305.0,-0.97,15012.0,725.0,465.0
NFS,3/13/2023,300.0,306.0,298.0,298.4,-2.16,12223.0,725.0,465.0
NFS,3/14/2023,304.0,305.0,298.1,304.0,1.88,17432.0,725.0,465.0
NFS,3/15/2023,308.9,308.9,298.3,298.3,-1.87,10416.0,725.0,465.0
NFS,3/16/2023,298.0,302.0,298.0,299.0,0.23,13459.0,725.0,465.0
NFS,3/19/2023,302.0,302.5,298.0,298.5,-0.17,14183.0,725.0,465.0
NFS,3/20/2023,302.0,305.0,300.7,304.8,2.11,12709.0,725.0,465.0
NFS,3/22/2023,308.6,308.9,302.5,302.5,-0.75,6300.0,725.0,465.0
NFS,3/23/2023,302.5,302.5,295.0,299.0,-1.16,11823.0,725.0,465.0
NFS,3/26/2023,300.0,303.8,294.0,296.9,-0.7,11072.0,725.0,465.0
NFS,3/27/2023,296.9,302.7,295.0,302.0,1.72,10933.0,725.0,465.0
NFS,3/28/2023,300.0,306.0,298.9,301.0,-0.33,12568.0,725.0,465.0
NFS,3/29/2023,301.0,301.0,297.3,298.0,-1.0,5017.0,725.0,465.0
NFS,3/30/2023,298.1,301.9,296.2,298.0,0.0,9578.0,725.0,465.0
NFS,4/2/2023,301.9,303.9,290.3,293.0,-1.68,11522.0,725.0,465.0
NFS,4/3/2023,289.1,295.0,287.0,288.0,-1.71,10640.0,725.0,465.0
NFS,4/4/2023,288.0,293.0,287.0,287.0,-0.35,8704.0,725.0,465.0
NFS,4/5/2023,287.0,291.0,284.3,289.0,0.7,6834.0,725.0,465.0
NFS,4/6/2023,288.1,289.8,282.3,283.0,-2.08,7312.0,725.0,465.0
NFS,4/9/2023,280.0,280.0,273.0,279.0,-1.41,15097.0,725.0,465.0
NFS,4/10/2023,280.0,286.0,279.0,281.0,0.72,10720.0,725.0,465.0
NFS,4/11/2023,283.0,290.0,281.2,289.0,2.85,11828.0,725.0,465.0
NFS,4/12/2023,294.5,309.0,294.5,308.0,6.57,24445.0,725.0,465.0
NFS,4/13/2023,309.0,313.0,300.0,304.0,-1.3,13351.0,725.0,465.0
NFS,4/16/2023,304.0,307.0,297.0,299.0,-1.64,10159.0,725.0,465.0
NFS,4/17/2023,293.1,298.9,289.0,290.0,-3.01,13269.0,725.0,465.0
NFS,4/18/2023,290.0,291.7,285.0,290.0,0.0,8675.0,725.0,465.0
NFS,4/19/2023,294.0,295.0,288.5,295.0,1.72,7390.0,725.0,465.0
NFS,4/20/2023,292.6,292.6,287.0,287.0,-2.71,6000.0,725.0,465.0
NFS,4/23/2023,285.0,286.4,280.0,284.8,-0.77,12013.0,725.0,465.0
NFS,4/24/2023,284.0,285.0,280.0,283.0,-0.63,6663.0,725.0,465.0
NFS,4/25/2023,285.0,287.0,280.0,284.0,0.35,5839.0,725.0,465.0
NFS,4/26/2023,285.0,286.1,278.9,280.0,-1.41,8365.0,725.0,465.0
NFS,4/27/2023,278.0,283.0,277.5,278.0,-0.71,7300.0,725.0,465.0
NFS,4/30/2023,274.0,279.0,273.0,273.0,-1.8,9923.0,725.0,465.0
NFS,5/2/2023,276.0,278.0,270.1,273.9,0.33,4735.0,725.0,465.0
NFS,5/3/2023,269.1,275.4,269.0,270.9,-1.1,6059.0,725.0,465.0
NFS,5/4/2023,270.9,275.0,269.0,275.0,1.51,4538.0,725.0,465.0
NFS,5/7/2023,275.0,276.0,268.2,268.3,-2.44,2380.0,725.0,465.0
NFS,5/8/2023,268.3,270.0,260.0,264.9,-1.27,8428.0,725.0,465.0
NFS,5/9/2023,270.1,273.9,265.0,267.1,0.83,5524.0,725.0,465.0
NFS,5/10/2023,265.0,268.0,265.0,268.0,0.34,1155.0,725.0,465.0
NFS,5/11/2023,263.3,268.4,263.2,268.0,0.0,3475.0,725.0,465.0
NFS,5/14/2023,268.0,268.0,260.0,263.0,-1.87,1845.0,725.0,465.0
NFS,5/15/2023,263.0,267.0,260.1,263.0,0.0,5415.0,725.0,465.0
NFS,5/16/2023,257.8,265.0,255.5,263.9,0.34,4816.0,725.0,465.0
NFS,5/17/2023,263.9,271.0,263.0,271.0,2.69,4938.0,725.0,465.0
NFS,5/18/2023,271.0,281.9,271.0,279.0,2.95,15640.0,725.0,465.0
NFS,5/21/2023,280.0,283.9,271.0,271.1,-2.83,16310.0,725.0,465.0
NFS,5/22/2023,272.0,283.0,268.0,278.0,2.55,12137.0,725.0,465.0
NFS,5/23/2023,281.2,290.0,276.0,290.0,4.32,28201.0,725.0,465.0
NFS,5/24/2023,286.0,295.8,286.0,295.8,2.0,22576.0,725.0,465.0
NFS,5/28/2023,290.0,296.0,284.5,285.0,-3.65,13838.0,725.0,465.0
NFS,5/30/2023,280.0,285.0,270.0,272.0,-4.56,24843.0,725.0,465.0
NFS,5/31/2023,267.0,274.9,262.0,265.8,-2.28,26962.0,725.0,465.0
NFS,6/1/2023,269.0,274.8,260.5,269.9,1.54,14995.0,725.0,465.0
NFS,6/4/2023,270.0,286.0,270.0,281.7,4.37,17320.0,725.0,465.0
NFS,6/5/2023,282.0,285.9,275.2,278.9,-0.99,19468.0,725.0,465.0
NFS,6/6/2023,280.0,284.0,279.0,282.0,1.11,16937.0,725.0,465.0
NFS,6/7/2023,286.0,290.0,279.0,282.0,0.0,16689.0,725.0,465.0
NFS,6/8/2023,282.0,284.9,280.0,281.0,-0.35,10071.0,725.0,465.0
NFS,6/11/2023,285.0,300.0,285.0,295.0,4.98,55474.0,725.0,465.0
NFS,6/12/2023,299.0,304.4,286.2,290.6,-1.49,19849.0,725.0,465.0
NFS,6/13/2023,285.0,302.0,285.0,297.0,2.2,41900.0,725.0,465.0
NFS,6/14/2023,297.0,304.0,288.0,293.0,-1.35,47616.0,725.0,465.0
NFS,6/15/2023,298.0,298.0,287.4,291.9,-0.38,29646.0,725.0,465.0
NFS,6/18/2023,297.7,300.0,295.0,299.8,2.71,42190.0,725.0,465.0
NFS,6/19/2023,305.7,327.4,300.0,323.8,8.01,115843.0,725.0,465.0
NFS,6/20/2023,330.2,331.0,309.0,309.1,-4.54,77437.0,725.0,465.0
NFS,6/21/2023,315.2,318.0,306.0,308.9,-0.06,46448.0,725.0,465.0
NFS,6/22/2023,313.9,317.0,306.0,308.1,-0.26,33687.0,725.0,465.0
NFS,6/25/2023,314.2,323.0,307.8,322.0,4.51,45476.0,725.0,465.0
NFS,6/26/2023,328.4,335.0,321.0,328.0,1.86,104331.0,725.0,465.0
NFS,6/27/2023,334.5,339.0,327.0,332.0,1.22,82907.0,725.0,465.0
NFS,6/28/2023,338.6,338.6,319.0,320.5,-3.46,60964.0,725.0,465.0
NFS,7/2/2023,326.9,336.9,315.1,317.7,-0.87,80442.0,725.0,465.0
NFS,7/3/2023,315.3,327.0,312.8,314.0,-1.16,67968.0,725.0,465.0
NFS,7/4/2023,320.0,328.0,316.2,323.2,2.93,42308.0,725.0,465.0
NFS,7/5/2023,329.6,346.8,326.4,331.8,2.66,202397.0,725.0,465.0
NFS,7/6/2023,338.0,338.1,327.0,331.9,0.03,55827.0,725.0,465.0
NFS,7/9/2023,335.0,347.0,332.0,346.0,4.25,101114.0,725.0,465.0
NFS,7/10/2023,352.9,372.0,347.0,368.0,6.36,166418.0,725.0,465.0
NFS,7/11/2023,375.2,388.9,360.0,380.0,3.26,107378.0,725.0,465.0
NFS,7/12/2023,387.6,390.0,359.0,360.0,-5.26,139441.0,725.0,465.0
NFS,7/13/2023,360.0,366.8,350.0,353.0,-1.94,62073.0,725.0,465.0
NFS,7/16/2023,360.0,360.0,348.0,351.0,-0.57,56821.0,725.0,465.0
NFS,7/17/2023,358.0,372.0,347.6,369.9,5.38,53039.0,725.0,465.0
NFS,7/18/2023,377.0,377.0,358.1,364.0,-1.6,56943.0,725.0,465.0
NFS,7/19/2023,371.0,371.0,356.0,357.0,-1.92,37862.0,725.0,465.0
NFS,7/20/2023,364.0,364.0,352.4,353.9,-0.87,43586.0,725.0,465.0
NFS,7/23/2023,360.8,365.0,350.0,359.4,1.55,50242.0,725.0,465.0
NFS,7/24/2023,361.0,361.0,348.0,350.0,-2.62,39042.0,725.0,465.0
NFS,7/25/2023,356.9,356.9,339.0,342.9,-2.03,61503.0,725.0,465.0
NFS,7/26/2023,336.1,348.8,336.1,342.9,0.0,28298.0,725.0,465.0
NFS,7/27/2023,343.0,350.8,333.2,336.1,-1.98,33681.0,725.0,465.0
NFS,7/30/2023,342.0,342.0,328.0,329.9,-1.84,29724.0,725.0,465.0
NFS,7/31/2023,335.0,340.0,328.3,334.0,1.24,31405.0,725.0,465.0
NFS,8/1/2023,340.6,340.6,323.0,326.0,-2.4,36408.0,725.0,465.0
NFS,8/2/2023,320.0,334.9,320.0,334.9,2.73,34268.0,725.0,465.0
NFS,8/3/2023,338.0,338.0,329.0,333.0,-0.57,15684.0,725.0,465.0
NFS,8/6/2023,326.4,328.4,310.0,311.9,-6.34,61524.0,725.0,465.0
NFS,8/7/2023,318.0,320.0,309.0,314.9,0.96,22858.0,725.0,465.0
NFS,8/8/2023,311.1,317.4,305.4,307.0,-2.51,17681.0,725.0,465.0
NFS,8/9/2023,311.0,318.0,303.1,318.0,3.58,26432.0,725.0,465.0
NFS,8/10/2023,323.9,329.0,315.6,323.9,1.86,24240.0,725.0,465.0
NFS,8/13/2023,330.0,330.0,318.0,322.0,-0.59,14576.0,725.0,465.0
NFS,8/14/2023,316.0,328.4,316.0,317.0,-1.55,17254.0,725.0,465.0
NFS,8/15/2023,312.0,322.0,309.0,312.0,-1.58,19668.0,725.0,465.0
NFS,8/16/2023,316.0,316.0,305.2,308.0,-1.28,16624.0,725.0,465.0
NFS,8/17/2023,314.0,314.2,308.0,310.0,0.65,18005.0,725.0,465.0
NFS,8/20/2023,311.0,315.0,305.0,305.3,-1.52,5394.0,725.0,465.0
NFS,8/21/2023,301.1,305.9,297.0,299.0,-2.06,17990.0,725.0,465.0
NFS,8/22/2023,295.2,310.9,295.0,308.9,3.31,11541.0,725.0,465.0
NFS,8/23/2023,303.0,318.0,303.0,316.3,2.4,11769.0,725.0,465.0
NFS,8/24/2023,314.0,314.0,305.0,308.0,-2.62,13246.0,725.0,465.0
NFS,8/27/2023,303.0,307.9,297.0,302.8,-1.69,11590.0,725.0,465.0
NFS,8/28/2023,302.0,308.0,299.0,300.0,-0.92,5505.0,725.0,465.0
NFS,8/29/2023,300.0,305.0,298.5,300.0,0.0,4947.0,725.0,465.0
NFS,8/30/2023,303.0,305.0,297.2,298.0,-0.67,4346.0,725.0,465.0
NFS,9/3/2023,295.0,298.8,292.0,294.0,-1.34,8643.0,725.0,465.0
NFS,9/4/2023,292.0,298.0,292.0,295.0,0.34,8574.0,725.0,465.0
NFS,9/5/2023,295.0,298.9,289.1,292.8,-0.75,8422.0,725.0,465.0
NFS,9/7/2023,288.0,293.7,283.1,286.0,-2.32,7759.0,725.0,465.0
NFS,9/10/2023,290.0,293.9,285.0,288.0,0.7,7917.0,725.0,465.0
NFS,9/11/2023,291.8,302.0,290.1,300.0,4.17,10807.0,725.0,465.0
NFS,9/12/2023,301.0,301.0,293.0,295.8,-1.4,10820.0,725.0,465.0
NFS,9/13/2023,301.4,307.0,296.0,306.0,3.45,13883.0,725.0,465.0
NFS,9/17/2023,302.0,305.0,292.2,295.0,-3.59,11969.0,725.0,465.0
NFS,9/18/2023,290.1,301.0,289.5,299.9,1.66,6203.0,725.0,465.0
NFS,9/19/2023,294.7,314.0,294.0,314.0,4.7,16310.0,725.0,465.0
NFS,9/21/2023,319.0,329.9,315.0,322.0,2.55,25128.0,725.0,465.0
NFS,9/24/2023,321.0,325.0,311.0,317.0,-1.55,24413.0,725.0,465.0
NFS,9/25/2023,311.0,322.3,311.0,314.9,-0.66,12173.0,725.0,465.0
NFS,9/26/2023,319.0,325.0,316.0,321.0,1.94,14877.0,725.0,465.0
NFS,9/27/2023,316.0,317.0,310.1,314.8,-1.93,11868.0,725.0,465.0
NFS,10/1/2023,309.0,310.0,305.1,307.0,-2.48,10566.0,725.0,465.0
NFS,10/2/2023,302.3,311.0,302.0,307.0,0.0,9722.0,725.0,465.0
NFS,10/3/2023,308.0,309.0,301.9,307.8,0.26,7051.0,725.0,465.0
NFS,10/4/2023,305.0,312.0,305.0,309.5,0.55,10787.0,725.0,465.0
NFS,10/5/2023,310.0,313.0,303.0,303.1,-2.07,8233.0,725.0,465.0
NFS,10/8/2023,297.1,306.9,297.1,304.0,0.3,16815.0,725.0,465.0
NFS,10/9/2023,298.0,308.0,298.0,304.0,0.0,5227.0,725.0,465.0
NFS,10/10/2023,298.0,308.0,296.1,300.0,-1.32,5508.0,725.0,465.0
NFS,10/11/2023,303.0,303.5,295.0,298.0,-0.67,14115.0,725.0,465.0
NFS,10/12/2023,302.0,302.0,290.0,294.0,-1.34,11830.0,725.0,465.0
NFS,10/16/2023,298.0,298.0,289.0,291.0,-1.02,5641.0,725.0,465.0
NFS,10/17/2023,295.0,305.1,294.5,295.1,1.41,6277.0,725.0,465.0
NFS,10/18/2023,300.0,303.8,296.2,298.0,0.98,4688.0,725.0,465.0
NFS,10/19/2023,302.0,302.0,292.1,292.5,-1.85,4499.0,725.0,465.0
NFS,10/29/2023,297.0,297.0,281.1,288.6,-1.33,3915.0,725.0,465.0
NFS,10/30/2023,291.9,294.0,288.5,293.0,1.52,6753.0,725.0,465.0
NFS,10/31/2023,288.0,291.8,287.2,289.0,-1.37,3072.0,725.0,465.0
NFS,11/1/2023,289.0,290.2,287.1,287.1,-0.66,5667.0,725.0,465.0
NFS,11/2/2023,290.0,290.0,283.5,284.0,-1.08,2656.0,725.0,465.0
NFS,11/5/2023,286.0,286.0,280.6,280.6,-1.2,2904.0,725.0,465.0
NFS,11/6/2023,285.0,293.9,282.0,282.0,0.5,6684.0,725.0,465.0
NFS,11/7/2023,286.0,299.0,282.5,288.0,2.13,1275.0,725.0,465.0
NFS,11/8/2023,291.9,291.9,286.0,289.5,0.52,3131.0,725.0,465.0
NFS,11/9/2023,286.0,286.0,281.0,284.0,-1.9,4767.0,725.0,465.0
NFS,11/20/2023,287.6,290.0,282.0,282.0,-0.7,4627.0,725.0,465.0
NFS,11/21/2023,279.0,281.9,270.0,277.9,-1.45,11132.0,725.0,465.0
NFS,11/22/2023,276.0,283.0,275.0,280.0,0.76,2881.0,725.0,465.0
NFS,11/23/2023,281.0,290.0,281.0,290.0,3.57,8090.0,725.0,465.0
NFS,11/26/2023,293.9,300.0,290.0,299.5,3.28,12528.0,725.0,465.0
NFS,11/27/2023,302.4,305.0,292.0,296.9,-0.87,13357.0,725.0,465.0
NFS,11/28/2023,299.0,302.8,294.0,297.6,0.24,9595.0,725.0,465.0
NFS,11/29/2023,303.5,309.0,291.5,295.6,-0.67,2606.0,725.0,465.0
NFS,11/30/2023,300.0,300.0,287.1,290.0,-1.89,9410.0,725.0,465.0
NFS,12/3/2023,285.0,289.0,282.4,289.0,-0.34,5651.0,725.0,465.0
NFS,12/4/2023,285.0,294.5,285.0,288.8,-0.07,8063.0,725.0,465.0
NFS,12/5/2023,291.0,292.0,286.0,288.6,-0.07,3371.0,725.0,465.0
NFS,12/6/2023,285.0,289.0,285.0,289.0,0.14,3565.0,725.0,465.0
NFS,12/7/2023,284.0,294.7,284.0,291.9,1.0,7210.0,725.0,465.0
NFS,12/10/2023,297.7,315.6,297.7,315.6,8.12,130.0,725.0,465.0
NFS,12/11/2023,321.9,328.3,304.8,308.3,-2.31,21571.0,725.0,465.0
NFS,12/12/2023,313.8,326.0,308.0,323.0,4.77,25508.0,725.0,465.0
NFS,12/13/2023,323.4,330.0,313.6,320.0,-0.93,28152.0,725.0,465.0
NFS,12/14/2023,313.7,320.0,313.7,318.5,-0.47,9624.0,725.0,465.0
NFS,12/17/2023,312.2,330.0,306.1,330.0,3.61,21759.0,725.0,465.0
NFS,12/18/2023,336.5,349.8,329.0,336.0,1.82,58410.0,725.0,465.0
NFS,12/19/2023,339.8,339.8,321.0,337.0,0.3,34088.0,725.0,465.0
NFS,12/20/2023,342.5,350.5,330.0,333.0,-1.19,30655.0,725.0,465.0
NFS,12/21/2023,330.0,334.0,322.1,324.0,-2.7,28380.0,725.0,465.0
NFS,12/24/2023,321.2,334.5,315.2,320.0,-1.23,24277.0,725.0,465.0
NFS,12/27/2023,325.0,326.4,311.0,313.0,-2.19,18164.0,725.0,465.0
NFS,12/28/2023,316.0,322.0,311.1,314.0,0.32,22856.0,725.0,465.0
NFS,1/1/2024,320.2,326.0,311.0,316.9,0.92,25577.0,725.0,465.0
NFS,1/2/2024,319.0,319.0,307.6,307.7,-2.9,12827.0,725.0,465.0
NFS,1/3/2024,313.0,316.0,307.0,314.0,2.05,11988.0,725.0,465.0
NFS,1/4/2024,319.0,319.0,307.4,308.0,-1.91,16652.0,725.0,465.0
NFS,1/7/2024,303.0,313.5,303.0,305.0,-0.97,15326.0,725.0,465.0
NFS,1/8/2024,305.2,316.0,304.0,316.0,3.61,36492.0,725.0,465.0
NFS,1/9/2024,320.0,335.4,316.1,331.0,4.75,68595.0,725.0,465.0
NFS,1/10/2024,337.0,340.0,325.0,325.0,-1.81,43568.0,725.0,465.0
NFS,1/11/2024,329.0,332.0,320.0,332.0,2.15,31177.0,725.0,465.0
NFS,1/14/2024,332.0,344.0,330.0,343.7,3.52,41598.0,725.0,465.0
NFS,1/16/2024,345.0,356.5,345.0,353.0,2.71,56877.0,725.0,465.0
NFS,1/17/2024,358.0,362.0,338.0,341.0,-3.4,106543.0,725.0,465.0
NFS,1/18/2024,337.0,344.0,332.0,334.9,-1.79,54061.0,725.0,465.0
NFS,1/21/2024,330.0,340.0,325.1,325.9,-2.69,48446.0,725.0,465.0
NFS,1/22/2024,331.3,334.5,320.5,323.1,-0.86,31189.0,725.0,465.0
NFS,1/23/2024,323.0,337.0,318.7,323.0,-0.03,13601.0,725.0,465.0
NFS,1/24/2024,329.0,330.0,318.6,320.0,-0.93,18281.0,725.0,465.0
NFS,1/25/2024,316.2,325.0,316.2,320.0,0.0,31724.0,725.0,465.0
NFS,1/28/2024,326.4,329.0,319.6,326.0,1.88,9041.0,725.0,465.0
NFS,1/29/2024,329.0,335.5,323.0,325.0,-0.31,20874.0,725.0,465.0
NFS,1/30/2024,329.9,332.0,321.0,327.4,0.74,17938.0,725.0,465.0
NFS,1/31/2024,322.0,353.0,322.0,329.0,0.49,78067.0,725.0,465.0
NFS,2/1/2024,329.0,346.0,329.0,338.0,2.74,142959.0,725.0,465.0
NFS,2/4/2024,333.0,348.9,333.0,342.9,1.45,55849.0,725.0,465.0
NFS,2/5/2024,337.9,348.9,337.9,339.0,-1.14,39113.0,725.0,465.0
NFS,2/6/2024,338.1,342.9,337.4,338.1,-0.27,14937.0,725.0,465.0
NFS,2/7/2024,343.0,343.0,335.3,340.0,0.56,24692.0,725.0,465.0
NFS,2/8/2024,337.0,339.1,334.0,335.0,-1.47,23520.0,725.0,465.0
NFS,2/11/2024,339.0,345.0,334.6,334.7,-0.09,28403.0,725.0,465.0
NFS,2/12/2024,328.1,341.9,328.1,340.0,1.58,16812.0,725.0,465.0
NFS,2/13/2024,335.0,341.0,330.0,332.0,-2.35,36428.0,725.0,465.0
NFS,2/14/2024,335.0,365.2,334.0,365.2,10.0,297546.0,725.0,465.0
NFS,2/15/2024,372.0,376.0,350.9,356.0,-2.52,149300.0,725.0,465.0
NFS,2/18/2024,363.1,363.1,340.2,345.0,-3.09,65560.0,725.0,465.0
NFS,2/20/2024,345.0,365.0,343.6,352.0,2.03,83849.0,725.0,465.0
NFS,2/21/2024,359.0,359.0,348.0,348.0,-1.14,37267.0,725.0,465.0
NFS,2/22/2024,353.5,369.9,348.0,354.0,1.72,135101.0,725.0,465.0
NFS,2/25/2024,361.0,375.0,351.0,365.4,3.22,152699.0,725.0,465.0
NFS,2/26/2024,365.0,374.9,354.8,360.0,-1.48,53489.0,725.0,465.0
NFS,2/27/2024,366.0,366.0,354.0,357.9,-0.58,23501.0,725.0,465.0
NFS,2/28/2024,357.9,362.0,347.5,353.0,-1.37,30054.0,725.0,465.0
NFS,2/29/2024,358.7,358.7,336.1,337.0,-4.53,72146.0,725.0,465.0
NFS,3/3/2024,332.5,344.0,331.0,336.0,-0.3,34575.0,725.0,465.0
NFS,3/4/2024,342.7,363.5,342.7,356.4,6.07,8952.0,725.0,465.0
NFS,3/5/2024,363.5,363.5,338.0,343.0,-3.76,57544.0,725.0,465.0
NFS,3/6/2024,345.0,356.9,337.2,349.9,2.01,70282.0,725.0,465.0
NFS,3/7/2024,356.7,363.0,351.0,357.0,2.03,60185.0,725.0,465.0
NFS,3/10/2024,357.1,369.2,357.1,362.5,1.54,49038.0,725.0,465.0
NFS,3/12/2024,367.1,370.0,360.0,369.0,1.79,52061.0,725.0,465.0
NFS,3/13/2024,372.0,387.0,364.2,379.0,2.71,122482.0,725.0,465.0
NFS,3/14/2024,386.5,390.9,376.0,377.0,-0.53,101615.0,725.0,465.0
NFS,3/17/2024,384.5,384.5,369.0,373.0,-1.06,51365.0,725.0,465.0
NFS,3/18/2024,370.1,379.9,370.0,375.0,0.54,63569.0,725.0,465.0
NFS,3/19/2024,382.5,404.9,380.0,395.0,5.33,241527.0,725.0,465.0
NFS,3/20/2024,395.0,400.0,380.1,381.0,-3.54,74989.0,725.0,465.0
NFS,3/21/2024,385.0,408.0,380.0,398.0,4.46,154768.0,725.0,465.0
NFS,3/25/2024,397.0,400.0,387.0,390.0,-2.01,59548.0,725.0,465.0
NFS,3/26/2024,385.0,397.8,385.0,390.2,0.05,42850.0,725.0,465.0
NFS,3/27/2024,382.4,397.0,379.0,380.7,-2.43,74827.0,725.0,465.0
NFS,3/28/2024,377.3,390.0,375.0,384.9,1.1,42674.0,725.0,465.0
NFS,3/31/2024,385.0,391.9,381.0,383.0,-0.49,44880.0,725.0,465.0
NFS,4/1/2024,382.0,385.0,375.0,375.0,-2.09,30269.0,725.0,465.0
NFS,4/2/2024,379.9,380.0,370.0,370.0,-1.33,28165.0,725.0,465.0
NFS,4/3/2024,377.0,377.0,367.0,371.0,0.27,24450.0,725.0,465.0
NFS,4/4/2024,375.0,397.0,366.4,385.0,3.77,89001.0,725.0,465.0
NFS,4/7/2024,392.7,423.5,385.0,423.5,10.0,213428.0,725.0,465.0
NFS,4/9/2024,431.9,465.8,431.9,465.8,9.99,333095.0,725.0,465.0
NFS,4/10/2024,475.0,481.0,439.1,448.9,-3.63,212833.0,725.0,465.0
NFS,4/14/2024,448.9,468.0,437.1,452.0,0.69,96206.0,725.0,465.0
NFS,4/15/2024,461.0,475.0,451.0,453.7,0.38,124208.0,725.0,465.0
NFS,4/16/2024,450.0,461.0,441.0,444.0,-2.14,76916.0,725.0,465.0
NFS,4/18/2024,435.2,458.0,427.1,441.0,-0.68,93720.0,725.0,465.0
NFS,4/21/2024,441.0,450.0,426.0,445.0,0.91,86157.0,725.0,465.0
NFS,4/22/2024,440.0,449.8,430.0,432.0,-2.92,50163.0,725.0,465.0
NFS,4/24/2024,439.0,470.0,433.1,456.9,5.76,125721.0,725.0,465.0
NFS,4/25/2024,460.0,477.8,458.3,463.0,1.34,129378.0,725.0,465.0
NFS,4/28/2024,466.1,490.5,460.0,489.8,5.79,140357.0,725.0,465.0
NFS,4/29/2024,490.0,538.7,475.0,538.7,9.98,284292.0,725.0,465.0
NFS,4/30/2024,549.4,590.0,544.1,563.9,4.68,219856.0,725.0,465.0
NFS,5/2/2024,564.0,582.0,552.0,561.5,-0.43,185359.0,725.0,465.0
NFS,5/5/2024,572.7,595.0,550.3,552.0,-1.69,222578.0,725.0,465.0
NFS,5/6/2024,563.0,563.0,500.0,520.0,-5.8,206809.0,725.0,465.0
NFS,5/7/2024,510.0,528.0,495.0,500.0,-3.85,83802.0,725.0,465.0
NFS,5/8/2024,507.9,550.0,492.0,533.0,6.6,94405.0,725.0,465.0
NFS,5/9/2024,534.0,560.0,534.0,548.0,2.81,309663.0,725.0,465.0
NFS,5/12/2024,558.9,560.0,531.0,532.0,-2.92,104801.0,725.0,465.0
NFS,5/13/2024,527.0,542.0,527.0,532.6,0.11,68439.0,725.0,465.0
NFS,5/14/2024,522.0,542.0,522.0,535.0,0.45,106535.0,725.0,465.0
NFS,5/15/2024,531.0,552.3,531.0,541.8,1.27,202923.0,725.0,465.0
NFS,5/16/2024,531.0,550.0,519.5,519.5,-4.12,116356.0,725.0,465.0
NFS,5/19/2024,515.0,535.0,505.2,511.0,-1.64,144993.0,725.0,465.0
NFS,5/20/2024,501.2,511.0,492.0,493.3,-3.46,137198.0,725.0,465.0
NFS,5/21/2024,487.1,535.0,487.1,530.0,7.44,81100.0,725.0,465.0
NFS,5/22/2024,539.0,539.9,511.0,513.0,-3.21,85340.0,725.0,465.0
NFS,5/26/2024,508.1,519.0,506.0,508.0,-0.97,37038.0,725.0,465.0
NFS,5/27/2024,501.0,518.0,501.0,512.4,0.87,44962.0,725.0,465.0
NFS,5/29/2024,512.4,519.0,505.2,506.0,-1.25,71599.0,725.0,465.0
NFS,5/30/2024,510.0,556.6,506.1,556.6,10.0,358012.0,725.0,465.0
NFS,6/2/2024,567.7,612.2,552.0,600.0,7.8,382035.0,725.0,465.0
NFS,6/3/2024,588.0,624.2,583.0,583.0,-2.83,168744.0,725.0,465.0
NFS,6/4/2024,594.0,630.0,579.2,607.7,4.24,213458.0,725.0,465.0
NFS,6/5/2024,600.2,619.8,600.2,601.1,-1.09,122735.0,725.0,465.0
NFS,6/6/2024,600.0,610.0,583.2,583.2,-2.98,96030.0,725.0,465.0
NFS,6/9/2024,583.2,599.7,578.0,582.0,-0.21,133617.0,725.0,465.0
NFS,6/10/2024,593.6,604.0,579.1,585.1,0.53,49912.0,725.0,465.0
NFS,6/11/2024,596.0,606.0,590.0,598.0,2.2,74525.0,725.0,465.0
NFS,6/12/2024,609.9,609.9,590.1,597.9,-0.02,69439.0,725.0,465.0
NFS,6/13/2024,609.8,619.9,597.7,601.0,0.52,470952.0,725.0,465.0
NFS,6/16/2024,609.0,661.1,596.0,661.1,10.0,479987.0,725.0,465.0
NFS,6/18/2024,665.0,678.0,657.0,658.4,-0.41,95392.0,725.0,465.0
NFS,6/19/2024,671.5,724.2,657.0,724.2,9.99,285040.0,725.0,465.0
NFS,6/20/2024,738.6,779.9,715.0,760.4,5.0,94548.0,725.0,465.0
NFS,6/23/2024,775.6,836.4,766.0,836.4,9.99,168880.0,725.0,465.0
NFS,6/24/2024,853.1,920.0,848.0,920.0,10.0,103346.0,725.0,465.0
NFS,6/25/2024,938.4,990.0,938.4,940.2,2.2,100811.0,725.0,465.0
NFS,6/26/2024,921.4,1034.2,881.0,1033.0,9.87,174988.0,725.0,465.0
NFS,6/27/2024,1012.4,1099.0,929.7,929.7,-10.0,238041.0,725.0,465.0
NFS,6/30/2024,948.2,985.0,877.5,970.0,4.33,141937.0,725.0,465.0
NFS,7/1/2024,950.6,950.6,873.0,873.0,-10.0,216843.0,725.0,465.0
NFS,7/2/2024,890.4,907.8,838.0,881.1,0.93,76251.0,725.0,465.0
NFS,7/3/2024,898.7,904.5,863.2,899.8,2.12,133584.0,725.0,465.0
NFS,7/4/2024,881.9,900.6,830.2,883.0,-1.87,202888.0,725.0,465.0
NFS,7/7/2024,865.4,883.9,833.0,857.0,-2.94,63953.0,725.0,465.0
NFS,7/8/2024,839.9,868.0,839.9,849.0,-0.93,73523.0,725.0,465.0
NFS,7/9/2024,832.1,861.0,799.0,815.0,-4.0,198696.0,725.0,465.0
NFS,7/10/2024,831.3,831.3,800.1,820.0,0.61,64118.0,725.0,465.0
NFS,7/11/2024,807.5,848.0,807.5,836.2,1.98,62616.0,725.0,465.0
NFS,7/14/2024,852.9,886.0,840.1,884.0,5.72,220911.0,725.0,465.0
NFS,7/15/2024,901.6,918.0,885.0,894.0,1.13,116790.0,725.0,465.0
NFS,7/16/2024,911.8,911.8,893.0,897.0,0.34,75644.0,725.0,465.0
NFS,7/17/2024,914.9,930.0,891.1,907.1,1.13,124718.0,725.0,465.0
NFS,7/18/2024,889.0,997.8,889.0,997.8,10.0,434129.0,725.0,465.0
NFS,7/21/2024,1017.7,1097.0,1017.7,1084.9,8.73,175396.0,725.0,465.0
NFS,7/22/2024,1106.0,1189.0,1064.0,1180.0,8.77,158194.0,725.0,465.0
NFS,7/23/2024,1156.4,1248.9,1130.0,1209.0,2.46,84896.0,725.0,465.0
NFS,7/24/2024,1233.1,1309.9,1219.5,1270.0,5.05,125473.0,725.0,465.0
NFS,7/25/2024,1295.4,1397.0,1270.1,1389.0,9.37,152769.0,725.0,465.0
NFS,7/28/2024,1361.3,1527.9,1335.0,1484.0,6.84,115710.0,725.0,465.0
NFS,7/29/2024,1513.6,1632.4,1470.0,1629.0,9.77,239152.0,725.0,465.0
NFS,7/30/2024,1596.5,1791.9,1564.6,1791.7,9.99,219412.0,725.0,465.0
NFS,7/31/2024,1755.9,1970.8,1687.0,1958.9,9.33,215179.0,725.0,465.0
NFS,8/1/2024,1919.8,2154.7,1822.8,2154.0,9.96,213771.0,725.0,465.0
NFS,8/5/2024,2111.0,2111.0,1938.6,1938.6,-10.0,34044.0,725.0,465.0
NFS,8/6/2024,1899.9,1899.9,1744.8,1744.8,-10.0,7180.0,725.0,465.0
NFS,8/7/2024,1710.0,1919.2,1570.4,1900.0,8.9,388707.0,725.0,465.0
NFS,8/8/2024,1862.0,2090.0,1754.2,2049.0,7.84,210335.0,725.0,465.0
NFS,8/11/2024,2008.1,2241.9,1844.1,2241.9,9.41,309658.0,725.0,465.0
NFS,8/12/2024,2197.1,2466.0,2017.8,2418.0,7.85,397535.0,725.0,465.0
NFS,8/13/2024,2369.7,2614.9,2176.2,2178.0,-9.93,360943.0,725.0,465.0
NFS,8/14/2024,2134.5,2348.0,2009.1,2300.0,5.6,293526.0,725.0,465.0
NFS,8/15/2024,2254.0,2254.0,2070.0,2070.0,-10.0,136848.0,725.0,465.0
NFS,8/18/2024,2111.4,2111.4,1863.0,1863.0,-10.0,137472.0,725.0,465.0
NFS,8/21/2024,1825.8,2002.0,1690.0,1970.0,5.74,140889.0,725.0,465.0
NFS,8/22/2024,1930.6,2035.3,1800.0,1936.0,-1.73,91875.0,725.0,465.0
NFS,8/25/2024,1897.3,2094.3,1756.2,2030.0,4.86,145828.0,725.0,465.0
NFS,8/27/2024,1989.4,2111.0,1827.0,1827.0,-10.0,218596.0,725.0,465.0
NFS,8/28/2024,1790.5,1900.0,1719.9,1830.0,0.16,231936.0,725.0,465.0
NFS,8/29/2024,1793.4,1930.0,1696.4,1900.0,3.83,192184.0,725.0,465.0
NFS,9/1/2024,1862.0,1862.0,1719.0,1719.0,-9.53,190703.0,725.0,465.0
NFS,9/2/2024,1684.7,1807.0,1635.0,1794.0,4.36,137047.0,725.0,465.0
NFS,9/3/2024,1758.2,1788.0,1614.6,1688.0,-5.91,125424.0,725.0,465.0
NFS,9/4/2024,1688.0,1826.3,1595.0,1650.0,-2.25,181314.0,725.0,465.0
NFS,9/5/2024,1650.0,1785.9,1503.0,1503.0,-8.91,253776.0,725.0,465.0
NFS,9/8/2024,1533.0,1625.0,1533.0,1582.0,5.26,121560.0,725.0,465.0
NFS,9/9/2024,1582.0,1610.0,1500.0,1575.0,-0.44,108672.0,725.0,465.0
NFS,9/10/2024,1543.5,1605.0,1520.0,1558.0,-1.08,79478.0,725.0,465.0
NFS,9/11/2024,1558.0,1575.0,1519.1,1549.0,-0.58,77411.0,725.0,465.0
NFS,9/12/2024,1518.1,1583.0,1518.1,1578.9,1.93,81472.0,725.0,465.0
NFS,9/15/2024,1578.9,1598.9,1480.0,1485.0,-5.95,109826.0,725.0,465.0
NFS,9/16/2024,1485.0,1498.0,1336.5,1360.0,-8.42,151109.0,725.0,465.0
NFS,9/18/2024,1333.0,1390.0,1260.0,1365.9,0.43,129412.0,725.0,465.0
NFS,9/22/2024,1365.9,1393.0,1319.0,1351.0,-1.09,95860.0,725.0,465.0
NFS,9/23/2024,1324.0,1432.9,1215.9,1420.0,5.11,165540.0,725.0,465.0
NFS,9/24/2024,1391.6,1391.6,1278.0,1295.9,-8.74,83871.0,725.0,465.0
NFS,9/25/2024,1270.0,1321.3,1222.0,1300.0,0.32,69230.0,725.0,465.0
NFS,9/26/2024,1274.0,1351.3,1220.0,1258.9,-3.16,106073.0,725.0,465.0
NFS,9/29/2024,1233.8,1233.8,1168.0,1168.0,-7.22,60894.0,725.0,465.0
NFS,9/30/2024,1168.0,1223.0,1125.2,1219.8,4.43,109852.0,725.0,465.0
NFS,10/1/2024,1195.5,1341.7,1172.0,1341.7,9.99,158747.0,725.0,465.0
NFS,10/2/2024,1341.1,1425.0,1341.1,1387.9,3.44,149192.0,725.0,465.0
NFS,10/6/2024,1415.6,1499.0,1341.0,1494.8,7.7,110551.0,725.0,465.0
NFS,10/7/2024,1524.6,1559.0,1451.0,1534.0,2.62,154161.0,725.0,465.0
NFS,10/8/2024,1504.6,1533.0,1380.6,1427.0,-6.98,167598.0,725.0,465.0
NFS,10/9/2024,1398.5,1569.7,1342.6,1390.0,-2.59,156930.0,725.0,465.0
NFS,10/15/2024,1363.0,1457.0,1363.0,1450.0,4.32,79604.0,725.0,465.0
NFS,10/16/2024,1435.0,1469.8,1420.0,1445.5,-0.31,105373.0,725.0,465.0
NFS,10/17/2024,1416.6,1502.2,1388.3,1446.0,0.03,84658.0,725.0,465.0
NFS,10/20/2024,1417.1,1417.1,1355.4,1383.9,-4.29,94542.0,725.0,465.0
NFS,10/21/2024,1356.3,1466.9,1334.0,1350.0,-2.45,101843.0,725.0,465.0
NFS,10/22/2024,1335.0,1393.0,1335.0,1393.0,3.19,37839.0,725.0,465.0
NFS,10/23/2024,1365.2,1402.9,1313.2,1350.0,-3.09,89357.0,725.0,465.0
NFS,10/24/2024,1340.0,1340.0,1301.5,1318.9,-2.3,64270.0,725.0,465.0
NFS,10/27/2024,1292.6,1407.0,1266.8,1407.0,6.68,136239.0,725.0,465.0
NFS,10/28/2024,1378.9,1518.9,1353.0,1400.0,-0.5,240803.0,725.0,465.0
NFS,10/29/2024,1405.0,1425.0,1385.0,1400.0,0.0,55200.0,725.0,465.0
NFS,10/30/2024,1400.0,1500.0,1352.4,1500.0,7.14,120546.0,725.0,465.0
NFS,11/5/2024,1470.0,1559.8,1357.3,1550.0,3.33,211611.0,725.0,465.0
NFS,11/6/2024,1519.0,1519.0,1395.0,1421.9,-8.26,252277.0,725.0,465.0
NFS,11/10/2024,1393.5,1407.0,1345.1,1386.1,-2.52,90027.0,725.0,465.0
NFS,11/11/2024,1375.0,1400.0,1345.0,1352.0,-2.46,72145.0,725.0,465.0
NFS,11/12/2024,1379.0,1379.0,1328.1,1333.0,-1.41,43778.0,725.0,465.0
NFS,11/13/2024,1310.0,1409.0,1310.0,1391.8,4.41,103796.0,725.0,465.0
NFS,11/14/2024,1390.0,1470.5,1372.1,1425.1,2.39,150623.0,725.0,465.0
NFS,11/17/2024,1397.0,1477.0,1397.0,1459.9,2.44,158166.0,725.0,465.0
NFS,11/19/2024,1489.0,1489.0,1401.5,1468.0,0.55,108584.0,725.0,465.0
NFS,11/20/2024,1438.7,1518.9,1411.2,1483.9,1.08,158786.0,725.0,465.0
NFS,11/21/2024,1454.3,1605.0,1401.6,1479.0,-0.33,173118.0,725.0,465.0
NFS,11/24/2024,1449.5,1450.0,1391.6,1400.0,-5.34,60828.0,725.0,465.0
NFS,11/25/2024,1428.0,1460.0,1378.7,1458.0,4.14,141654.0,725.0,465.0
NFS,11/26/2024,1428.9,1581.0,1397.5,1550.0,6.31,319916.0,725.0,465.0
NFS,11/27/2024,1519.0,1519.0,1395.0,1445.0,-6.77,169404.0,725.0,465.0
NFS,11/28/2024,1416.1,1500.0,1357.4,1500.0,3.81,211985.0,725.0,465.0
NFS,12/1/2024,1470.0,1470.0,1350.0,1362.8,-9.15,205384.0,725.0,465.0
NFS,12/2/2024,1335.6,1499.0,1244.0,1244.0,-8.72,456988.0,725.0,465.0
NFS,12/3/2024,1219.2,1332.0,1219.2,1299.9,4.49,88916.0,725.0,465.0
NFS,12/4/2024,1274.0,1300.5,1234.8,1244.0,-4.3,139864.0,725.0,465.0
NFS,12/5/2024,1244.0,1254.5,1132.0,1155.0,-7.15,359392.0,725.0,465.0
NFS,12/8/2024,1132.0,1195.4,1110.0,1195.4,3.5,138669.0,725.0,465.0
NFS,12/9/2024,1171.5,1171.5,1135.0,1150.0,-3.8,54612.0,725.0,465.0
NFS,12/10/2024,1149.0,1150.0,1120.0,1125.0,-2.17,50257.0,725.0,465.0
NFS,12/11/2024,1125.0,1145.9,1115.0,1125.0,0.0,66790.0,725.0,465.0
NFS,12/12/2024,1125.0,1137.9,1085.0,1087.0,-3.38,83171.0,725.0,465.0
NFS,12/16/2024,1087.0,1087.0,1000.0,1006.0,-7.45,124614.0,725.0,465.0
NFS,12/17/2024,1006.0,1076.8,979.1,1067.8,6.14,147391.0,725.0,465.0
NFS,12/18/2024,1080.0,1130.0,1045.0,1116.2,4.53,96887.0,725.0,465.0
NFS,12/19/2024,1116.2,1136.2,1070.0,1098.8,-1.56,91973.0,725.0,465.0
NFS,12/22/2024,1098.0,1100.0,1032.0,1055.0,-3.99,78066.0,725.0,465.0
NFS,12/23/2024,1042.0,1062.0,1025.0,1040.0,-1.42,54724.0,725.0,465.0
NFS,12/24/2024,1050.0,1080.0,1049.0,1074.9,3.36,89249.0,725.0,465.0
NFS,12/26/2024,1053.5,1060.0,1017.0,1044.9,-2.79,67567.0,725.0,465.0
NFS,12/29/2024,1024.1,1040.0,998.0,1002.0,-4.11,79167.0,725.0,465.0
NFS,12/31/2024,1002.0,1002.0,902.0,974.9,-2.7,189918.0,725.0,465.0
NFS,1/1/2025,970.0,1050.0,938.1,1032.9,5.95,84218.0,725.0,465.0
NFS,1/2/2025,1053.5,1117.3,1000.0,1048.0,1.46,83497.0,725.0,465.0
NFS,1/5/2025,1047.0,1065.0,988.0,990.0,-5.53,113180.0,725.0,465.0
NFS,1/6/2025,989.0,1018.0,980.0,994.0,0.4,35094.0,725.0,465.0
NFS,1/7/2025,1008.0,1008.0,981.0,985.0,-0.91,32695.0,725.0,465.0
NFS,1/8/2025,984.0,1051.0,984.0,1001.1,1.63,144984.0,725.0,465.0
NFS,1/9/2025,1001.1,1009.9,975.0,978.0,-2.31,91146.0,725.0,465.0
NFS,1/12/2025,980.0,994.0,950.6,957.0,-2.15,59169.0,725.0,465.0
NFS,1/13/2025,957.0,967.0,915.0,917.0,-4.18,98530.0,725.0,465.0
NFS,1/15/2025,918.0,918.0,850.0,851.0,-7.2,165842.0,725.0,465.0
NFS,1/16/2025,868.0,868.0,800.1,803.0,-5.64,162874.0,725.0,465.0
NFS,1/19/2025,787.0,824.9,771.3,797.0,-0.75,84109.0,725.0,465.0
NFS,1/20/2025,805.0,805.0,740.0,740.0,-7.15,109805.0,725.0,465.0
NFS,1/21/2025,745.0,794.0,741.0,755.0,2.03,91345.0,725.0,465.0
NFS,1/22/2025,770.1,785.0,755.4,781.0,3.44,70252.0,725.0,465.0
NFS,1/23/2025,766.0,790.0,742.0,743.0,-4.87,77192.0,725.0,465.0
NFS,1/26/2025,743.0,750.0,670.4,682.0,-8.21,169362.0,725.0,465.0
NFS,1/27/2025,668.4,743.0,655.0,729.0,6.89,138490.0,725.0,465.0
NFS,1/28/2025,715.0,742.5,703.0,715.0,-1.92,63472.0,725.0,465.0
NFS,2/2/2025,720.0,723.0,700.0,710.0,-0.7,88657.0,725.0,465.0
NFS,2/3/2025,700.0,731.3,700.0,720.0,1.41,82282.0,725.0,465.0
NFS,2/4/2025,725.0,729.0,700.0,703.0,-2.36,37140.0,725.0,465.0
NFS,2/5/2025,710.0,737.0,696.0,721.0,2.56,86608.0,725.0,465.0
NFS,2/6/2025,735.0,775.0,729.0,751.0,4.16,134776.0,725.0,465.0
NFS,2/9/2025,751.0,757.3,735.0,737.0,-1.86,64371.0,725.0,465.0
NFS,2/10/2025,751.0,751.0,725.2,730.0,-0.95,41358.0,725.0,465.0
NFS,2/11/2025,722.3,749.7,715.0,717.9,-1.66,50594.0,725.0,465.0
NFS,2/12/2025,732.0,744.0,711.0,732.0,1.96,47665.0,725.0,465.0
NFS,2/13/2025,746.6,753.7,718.0,736.2,0.57,68231.0,725.0,465.0
NFS,2/16/2025,749.0,809.8,749.0,809.8,10.0,184154.0,725.0,465.0
NFS,2/17/2025,825.0,857.7,825.0,838.0,3.48,169128.0,725.0,465.0
NFS,2/18/2025,854.0,854.6,790.2,803.8,-4.08,103656.0,725.0,465.0
NFS,2/20/2025,800.0,830.0,787.8,807.0,0.4,75169.0,725.0,465.0
NFS,2/23/2025,790.9,823.0,777.0,795.3,-1.45,60813.0,725.0,465.0
NFS,2/24/2025,810.0,816.0,786.0,789.0,-0.79,51878.0,725.0,465.0
NFS,2/25/2025,800.0,803.0,775.0,780.1,-1.13,38969.0,725.0,465.0
NFS,2/27/2025,795.7,805.0,777.0,780.0,-0.01,40045.0,725.0,465.0
NFS,3/2/2025,795.6,820.0,793.0,816.0,4.62,69552.0,725.0,465.0
NFS,3/3/2025,830.0,859.6,816.0,816.0,0.0,84989.0,725.0,465.0
NFS,3/4/2025,823.3,829.9,795.0,797.2,-2.3,65550.0,725.0,465.0
NFS,3/5/2025,805.0,805.0,783.0,785.2,-1.51,36685.0,725.0,465.0
NFS,3/6/2025,786.0,796.0,779.0,781.0,-0.53,45858.0,725.0,465.0
NFS,3/9/2025,782.0,789.8,760.0,761.0,-2.56,49414.0,725.0,465.0
NFS,3/10/2025,775.0,775.0,744.9,744.9,-2.12,45612.0,725.0,465.0
NFS,3/11/2025,745.0,760.0,726.0,734.0,-1.46,45841.0,725.0,465.0
NFS,3/12/2025,735.3,744.5,730.0,734.9,0.12,30046.0,725.0,465.0
NFS,3/16/2025,735.0,745.0,720.2,724.5,-1.42,31019.0,725.0,465.0
NFS,3/17/2025,725.0,742.0,720.3,724.0,-0.07,20937.0,725.0,465.0
NFS,3/18/2025,738.0,738.0,720.0,723.0,-0.14,17315.0,725.0,465.0
NFS,3/19/2025,717.0,731.3,710.0,717.0,-0.83,23634.0,725.0,465.0
NFS,3/20/2025,728.9,728.9,701.0,703.26,-1.92,30580.0,725.0,465.0
NFS,3/23/2025,710.0,715.0,675.0,680.47,-3.24,49925.0,725.0,465.0
NFS,3/24/2025,684.0,706.0,665.0,703.95,3.45,43880.0,725.0,465.0
NFS,3/25/2025,704.0,707.0,677.0,679.26,-3.51,25254.0,725.0,465.0
NFS,3/26/2025,691.9,699.9,680.0,685.88,0.97,12453.0,725.0,465.0
NFS,3/27/2025,698.0,698.0,687.1,690.65,0.7,21941.0,725.0,465.0
NFS,3/30/2025,690.0,719.9,685.0,710.21,2.83,32521.0,725.0,465.0
NFS,4/1/2025,712.0,718.9,695.0,699.56,-1.5,18892.0,725.0,465.0
NFS,4/2/2025,699.0,739.0,692.0,722.96,3.34,49235.0,725.0,465.0
NFS,4/3/2025,723.0,730.0,705.1,708.24,-2.04,17436.0,725.0,465.0
NFS,4/7/2025,712.0,714.8,689.0,690.2,-2.55,29788.0,725.0,465.0
NFS,4/8/2025,690.0,697.8,680.3,693.64,0.5,14052.0,725.0,465.0
NFS,4/9/2025,698.0,707.0,690.0,691.4,-0.32,12323.0,725.0,465.0
NFS,4/10/2025,705.0,705.0,685.0,687.75,-0.53,15727.0,725.0,465.0
NFS,4/13/2025,688.0,699.5,680.4,683.04,-0.68,13196.0,725.0,465.0
NFS,4/15/2025,690.0,702.0,690.0,692.49,1.38,13883.0,725.0,465.0
NFS,4/16/2025,704.0,704.0,685.0,685.74,-0.97,17222.0,725.0,465.0
NFS,4/17/2025,690.0,701.0,687.0,695.98,1.49,31686.0,725.0,465.0
NFS,4/20/2025,699.0,699.0,681.0,686.21,-1.4,14728.0,725.0,465.0
NFS,4/21/2025,688.0,690.0,672.0,678.01,-1.19,26676.0,725.0,465.0
NFS,4/22/2025,688.0,690.0,672.2,673.47,-0.67,18828.0,725.0,465.0
NFS,4/23/2025,686.9,686.9,663.0,665.88,-1.13,19147.0,725.0,465.0
NFS,4/24/2025,670.0,683.0,663.5,665.8,-0.01,17296.0,725.0,465.0
NFS,4/27/2025,658.0,678.0,655.0,657.36,-1.27,29907.0,725.0,465.0
NFS,4/28/2025,660.0,675.0,657.0,665.56,1.25,32548.0,725.0,465.0
NFS,4/29/2025,674.0,675.0,655.0,655.6,-1.5,16659.0,725.0,465.0
NFS,4/30/2025,654.0,660.0,636.5,642.74,-1.96,28346.0,725.0,465.0
NFS,5/4/2025,654.0,654.0,624.0,625.17,-2.73,27866.0,725.0,465.0
NFS,5/5/2025,629.0,629.0,605.0,607.43,-2.84,34272.0,725.0,465.0
NFS,5/6/2025,608.0,610.8,590.0,590.98,-2.71,40934.0,725.0,465.0
NFS,5/7/2025,590.0,644.0,576.0,637.71,7.91,50556.0,725.0,465.0
NFS,5/8/2025,640.0,681.0,625.0,657.12,3.04,62391.0,725.0,465.0
NFS,5/11/2025,657.0,669.9,635.0,637.69,-2.96,31827.0,725.0,465.0
NFS,5/13/2025,640.0,648.0,615.0,621.8,-2.49,25390.0,725.0,465.0
NFS,5/14/2025,634.1,634.1,614.0,615.24,-1.06,19365.0,725.0,465.0
NFS,5/15/2025,625.9,625.9,605.0,609.29,-0.97,20970.0,725.0,465.0
NFS,5/18/2025,619.8,619.8,602.0,602.52,-1.11,21796.0,725.0,465.0
NFS,5/19/2025,614.0,620.0,604.0,608.01,0.91,15738.0,725.0,465.0
NFS,5/20/2025,610.0,635.8,602.2,629.41,3.52,27174.0,725.0,465.0
NFS,5/21/2025,641.9,679.0,630.0,632.76,0.53,46613.0,725.0,465.0
NFS,5/22/2025,630.0,642.0,625.0,627.87,-0.77,21139.0,725.0,465.0
NFS,5/25/2025,640.4,640.4,623.3,624.35,-0.56,13357.0,725.0,465.0
NFS,5/26/2025,636.8,651.0,617.4,619.84,-0.72,28004.0,725.0,465.0
NFS,5/27/2025,618.0,625.0,617.0,619.9,0.01,9604.0,725.0,465.0
NFS,5/28/2025,620.0,626.0,613.5,622.36,0.4,12897.0,725.0,465.0
NFS,6/2/2025,634.8,641.0,621.4,623.21,0.14,12827.0,725.0,465.0
NFS,6/3/2025,628.5,635.0,618.0,620.97,-0.36,16177.0,725.0,465.0
NFS,6/4/2025,631.9,631.9,608.9,612.22,-1.41,14490.0,725.0,465.0
NFS,6/5/2025,624.0,628.9,610.0,611.87,-0.06,13293.0,725.0,465.0
NFS,6/8/2025,622.0,624.0,605.0,606.67,-0.85,15950.0,725.0,465.0
NFS,6/9/2025,612.0,614.0,605.0,605.21,-0.24,13496.0,725.0,465.0
NFS,6/10/2025,612.0,635.0,610.0,630.55,4.19,47781.0,725.0,465.0
NFS,6/11/2025,640.0,643.0,615.0,617.4,-2.09,28302.0,725.0,465.0
NFS,6/12/2025,627.0,675.0,618.0,648.11,4.97,80010.0,725.0,465.0
NFS,6/15/2025,661.0,661.0,644.0,645.03,-0.48,24540.0,725.0,465.0
NFS,6/16/2025,640.0,645.0,626.0,633.08,-1.85,25985.0,725.0,465.0
NFS,6/17/2025,644.9,644.9,622.0,627.02,-0.96,16509.0,725.0,465.0
NFS,6/18/2025,627.0,635.0,620.0,620.96,-0.97,16416.0,725.0,465.0
NFS,6/19/2025,618.0,626.0,613.1,614.92,-0.97,21688.0,725.0,465.0
NFS,6/22/2025,614.2,619.0,611.0,611.94,-0.48,15687.0,725.0,465.0
NFS,6/23/2025,610.0,619.0,608.0,612.47,0.09,17819.0,725.0,465.0
NFS,6/24/2025,616.0,620.9,608.0,608.17,-0.7,11842.0,725.0,465.0
NFS,6/25/2025,608.0,617.9,602.0,605.34,-0.47,16227.0,725.0,465.0
NFS,6/26/2025,603.0,624.0,603.0,605.1,-0.04,24934.0,725.0,465.0
NFS,6/29/2025,615.0,615.0,600.0,605.91,0.13,21997.0,725.0,465.0
NFS,6/30/2025,607.0,620.0,607.0,609.77,0.64,16946.0,725.0,465.0
NFS,7/1/2025,618.0,618.0,610.0,613.89,0.68,14038.0,725.0,465.0
NFS,7/2/2025,617.0,634.9,610.2,631.18,2.82,43499.0,725.0,465.0
NFS,7/3/2025,640.0,694.2,625.0,694.2,9.98,147307.0,725.0,465.0
NFS,7/6/2025,708.0,763.6,708.0,763.6,10.0,156869.0,725.0,465.0
NFS,7/7/2025,778.8,790.0,700.1,722.41,-5.39,205841.0,725.0,465.0
NFS,7/8/2025,722.0,740.5,707.6,733.72,1.57,67045.0,725.0,465.0
NFS,7/9/2025,735.0,745.0,722.0,729.5,-0.58,38322.0,725.0,465.0
NFS,7/10/2025,730.1,758.0,721.8,734.02,0.62,47796.0,725.0,465.0
NFS,7/13/2025,748.7,778.0,741.2,748.0,1.9,58532.0,725.0,465.0
NFS,7/14/2025,750.0,750.0,725.1,729.4,-2.49,24547.0,725.0,465.0
NFS,7/15/2025,722.0,746.0,722.0,735.73,0.87,39042.0,725.0,465.0
NFS,7/16/2025,745.0,753.5,740.0,741.37,0.77,34643.0,725.0,465.0
NFS,7/17/2025,754.0,758.0,744.0,753.17,1.59,53341.0,725.0,465.0
NFS,7/20/2025,768.0,768.0,725.3,732.64,-2.73,73718.0,725.0,465.0
NFS,7/21/2025,746.0,747.0,710.0,724.33,-1.13,57341.0,725.0,465.0
NFS,7/22/2025,738.8,738.8,710.5,730.29,0.82,55342.0,725.0,465.0
NFS,7/23/2025,744.8,764.0,725.2,754.84,3.36,87938.0,725.0,465.0
NFS,7/24/2025,769.9,769.9,741.0,746.45,-1.11,41367.0,725.0,465.0
NFS,7/27/2025,761.0,761.0,721.0,726.24,-2.71,55441.0,725.0,465.0
NFS,7/28/2025,726.0,742.0,711.8,732.8,0.9,43191.0,725.0,465.0
NFS,7/29/2025,747.0,747.0,727.6,729.27,-0.48,29839.0,725.0,465.0
NFS,7/30/2025,731.0,740.0,715.0,716.58,-1.74,47021.0,725.0,465.0
NFS,7/31/2025,718.0,788.2,715.5,788.19,9.99,242942.0,725.0,465.0
NFS,8/3/2025,803.9,851.0,789.0,792.9,0.6,225063.0,725.0,465.0
NFS,8/4/2025,795.0,800.0,758.0,765.29,-3.48,119695.0,725.0,465.0
NFS,8/5/2025,774.9,774.9,743.3,744.29,-2.74,33949.0,725.0,465.0
NFS,8/6/2025,759.0,759.0,729.3,730.71,-1.82,30284.0,725.0,465.0
NFS,8/7/2025,745.0,745.3,731.4,737.61,0.94,39494.0,725.0,465.0
NFS,8/11/2025,735.0,749.0,717.5,721.53,-2.18,50160.0,725.0,465.0
NFS,8/12/2025,735.9,735.9,718.0,720.08,-0.2,26904.0,725.0,465.0
NFS,8/13/2025,718.0,763.9,718.0,731.03,1.52,43683.0,725.0,465.0
NFS,8/14/2025,745.0,745.0,721.0,724.62,-0.88,26840.0,725.0,465.0
NFS,8/17/2025,720.0,731.8,718.0,720.25,-0.6,28707.0,725.0,465.0
NFS,8/18/2025,725.0,744.6,723.0,723.52,0.45,32239.0,725.0,465.0
NFS,8/19/2025,737.7,737.7,715.0,718.48,-0.7,18973.0,725.0,465.0
NFS,8/20/2025,719.0,727.9,715.1,716.25,-0.31,22578.0,725.0,465.0
NFS,8/21/2025,724.0,724.0,703.1,706.77,-1.32,30367.0,725.0,465.0
NFS,8/24/2025,707.8,714.5,685.0,686.81,-2.82,38769.0,725.0,465.0
NFS,8/25/2025,700.0,700.0,673.1,680.53,-0.91,22304.0,725.0,465.0
NFS,8/26/2025,668.0,693.0,668.0,674.95,-0.82,10253.0,725.0,465.0
NFS,8/27/2025,686.0,703.0,679.0,694.91,2.96,24771.0,725.0,465.0
NFS,8/28/2025,700.0,701.0,680.0,681.75,-1.89,23492.0,725.0,465.0
NFS,8/31/2025,679.0,686.7,666.0,667.38,-2.11,17023.0,725.0,465.0
NFS,9/1/2025,680.0,680.0,663.0,665.16,-0.33,14157.0,725.0,465.0
NFS,9/2/2025,657.0,670.0,657.0,662.3,-0.43,12071.0,725.0,465.0
NFS,9/3/2025,665.0,670.0,653.0,654.57,-1.17,9069.0,725.0,465.0
NFS,9/4/2025,650.0,660.0,638.0,639.71,-2.27,21551.0,725.0,465.0
NFS,9/7/2025,635.0,647.7,622.0,643.13,0.53,12558.0,725.0,465.0
NFS,9/8/2025,632.4,645.0,631.0,632.92,-1.59,14762.0,725.0,465.0
NFS,9/18/2025,633.0,633.0,603.0,605.0,-4.41,515.0,725.0,465.0
NFS,9/21/2025,605.0,664.9,600.0,660.01,9.09,32534.0,725.0,465.0
NFS,9/23/2025,655.0,683.0,650.0,671.0,1.67,21574.0,725.0,465.0
NFS,9/24/2025,666.0,672.9,650.0,655.0,-2.38,7686.0,725.0,465.0
NFS,9/25/2025,650.0,662.4,637.0,646.0,-1.37,13732.0,725.0,465.0
NFS,9/28/2025,646.2,660.0,646.2,647.4,0.22,7844.0,725.0,465.0
NFS,10/7/2025,660.0,660.0,628.1,639.0,-1.3,11647.0,725.0,465.0
NFS,10/8/2025,631.1,636.0,605.9,626.0,-2.03,22957.0,725.0,465.0
NFS,10/9/2025,638.5,660.9,631.5,633.0,1.12,19500.0,725.0,465.0
NFS,10/12/2025,621.0,624.0,608.0,615.1,-2.83,25616.0,725.0,465.0
NFS,10/13/2025,608.0,627.4,608.0,626.0,1.77,13552.0,725.0,465.0
NFS,10/14/2025,623.0,629.0,614.0,614.0,-1.92,7685.0,725.0,465.0
NFS,10/15/2025,611.1,619.0,605.2,608.0,-0.98,10755.0,725.0,465.0
NFS,10/16/2025,614.9,614.9,606.0,609.0,0.16,12968.0,725.0,465.0
NFS,10/19/2025,619.9,619.9,605.0,610.0,0.16,6990.0,725.0,465.0
NFS,10/26/2025,605.0,610.0,600.3,609.0,-0.16,3793.0,725.0,465.0
NFS,10/28/2025,616.7,640.5,616.7,631.3,3.66,11692.0,725.0,465.0
NFS,10/29/2025,641.0,655.0,621.0,629.0,-0.36,15435.0,725.0,465.0
NFS,10/30/2025,640.0,652.0,625.3,638.1,1.45,16907.0,725.0,465.0
NFS,11/2/2025,640.0,665.0,640.0,657.5,3.04,29790.0,725.0,465.0
NFS,11/3/2025,662.0,670.0,650.0,652.0,-0.84,11026.0,725.0,465.0
NFS,11/4/2025,645.0,669.0,639.0,639.0,-1.99,19137.0,725.0,465.0
NFS,11/5/2025,651.0,698.0,637.0,698.0,9.23,88917.0,725.0,465.0
NFS,11/6/2025,709.0,725.0,699.0,710.0,1.72,88804.0,725.0,465.0
NFS,11/9/2025,695.8,707.0,660.0,662.0,-6.76,80662.0,725.0,465.0
NFS,11/10/2025,669.0,669.0,640.0,650.0,-1.81,35104.0,725.0,465.0
NFS,11/11/2025,662.8,662.8,641.0,644.5,-0.85,18402.0,725.0,465.0
NFS,11/12/2025,644.5,668.0,636.0,641.9,-0.4,19196.0,725.0,465.0
NFS,11/13/2025,629.1,653.9,629.1,643.0,0.17,24419.0,725.0,465.0
NFS,11/16/2025,650.0,675.0,640.0,640.0,-0.47,23019.0,725.0,465.0
NFS,11/17/2025,652.0,666.0,638.0,664.0,3.75,33133.0,725.0,465.0
NFS,11/18/2025,669.0,677.0,658.0,670.4,0.96,37683.0,725.0,465.0
NFS,11/19/2025,671.0,677.0,648.0,659.9,-1.57,23389.0,725.0,465.0
NFS,11/20/2025,646.8,659.0,638.0,640.0,-3.02,35419.0,725.0,465.0
NFS,11/23/2025,652.0,660.0,640.0,644.5,0.7,25648.0,725.0,465.0
NFS,11/24/2025,655.0,657.3,648.1,653.0,1.32,16028.0,725.0,465.0
NFS,11/25/2025,665.0,665.0,650.0,650.0,-0.46,14704.0,725.0,465.0
NFS,11/26/2025,650.0,659.9,649.0,650.0,0.0,14397.0,725.0,465.0
NFS,11/27/2025,646.3,654.9,644.0,648.0,-0.31,13033.0,725.0,465.0
NFS,11/30/2025,650.0,653.0,638.0,638.3,-1.5,16859.0,725.0,465.0
NFS,12/1/2025,633.6,650.0,633.6,639.3,0.16,16165.0,725.0,465.0
NFS,12/2/2025,648.0,651.9,639.0,640.0,0.11,15285.0,725.0,465.0
NFS,12/3/2025,640.9,662.0,640.9,642.3,0.36,24623.0,725.0,465.0
NFS,12/7/2025,643.0,645.0,638.0,638.5,-0.59,6097.0,725.0,465.0
NFS,12/8/2025,633.0,644.0,630.0,631.0,-1.17,13332.0,725.0,465.0
NFS,12/9/2025,632.0,642.0,631.0,632.0,0.16,8671.0,725.0,465.0
NFS,12/10/2025,642.0,642.0,630.1,635.0,0.47,10058.0,725.0,465.0
NFS,12/11/2025,630.0,640.0,625.0,627.9,-1.12,11882.0,725.0,465.0
NFS,12/14/2025,625.0,632.0,616.0,623.0,-0.78,14180.0,725.0,465.0
NFS,12/15/2025,620.0,629.7,615.0,624.0,0.16,13617.0,725.0,465.0
NFS,12/16/2025,621.1,629.9,621.1,623.0,-0.16,8584.0,725.0,465.0
NFS,12/17/2025,631.5,639.0,624.1,633.1,1.62,14965.0,725.0,465.0
NFS,12/18/2025,644.8,644.8,631.0,631.0,-0.33,9768.0,725.0,465.0
NFS,12/21/2025,630.0,630.6,618.0,623.5,-1.19,10794.0,725.0,465.0
NFS,12/22/2025,617.0,625.0,612.9,614.0,-1.52,13704.0,725.0,465.0
NFS,12/23/2025,614.0,622.5,610.3,617.9,0.64,6312.0,725.0,465.0
NFS,12/24/2025,618.0,622.0,612.2,612.3,-0.91,6913.0,725.0,465.0
NFS,12/28/2025,623.9,632.0,616.0,624.0,1.91,11812.0,725.0,465.0
NFS,12/29/2025,636.0,647.0,626.2,628.2,0.67,21522.0,725.0,465.0
NFS,12/31/2025,632.0,638.8,619.5,619.5,-1.38,32471.0,725.0,465.0
NFS,1/1/2026,619.5,630.0,618.0,618.0,-0.24,8455.0,725.0,465.0
NFS,1/4/2026,612.0,626.9,610.2,618.0,0.0,16896.0,725.0,465.0
NFS,1/5/2026,618.0,632.0,618.0,632.0,2.27,24366.0,725.0,465.0
NFS,1/6/2026,640.4,644.0,633.2,639.0,1.11,33362.0,725.0,465.0
NFS,1/7/2026,632.1,650.0,632.1,636.1,-0.45,32523.0,725.0,465.0
NFS,1/8/2026,626.8,642.0,626.8,630.0,-0.96,23575.0,725.0,465.0
NFS,1/12/2026,642.0,642.4,623.1,628.0,-0.32,21925.0,725.0,465.0
NFS,1/13/2026,628.0,628.0,620.1,625.5,-0.4,17189.0,725.0,465.0
NFS,1/14/2026,625.1,639.9,623.3,630.0,0.72,30244.0,725.0,465.0
NFS,1/18/2026,636.0,666.3,635.0,658.1,4.46,81414.0,725.0,465.0
NFS,1/20/2026,661.0,682.0,660.0,667.0,1.35,66994.0,725.0,465.0
NFS,1/21/2026,667.0,678.0,655.0,659.9,-1.06,32446.0,725.0,465.0
NFS,1/22/2026,647.0,683.0,647.0,675.8,2.41,66136.0,725.0,465.0
NFS,1/25/2026,662.3,696.0,662.3,680.3,0.67,53434.0,725.0,465.0
NFS,1/26/2026,693.0,693.0,661.5,676.0,-0.63,44522.0,725.0,465.0
NFS,1/27/2026,662.5,688.5,655.0,657.0,-2.81,42506.0,725.0,465.0
NFS,1/28/2026,643.9,679.2,643.9,666.0,1.37,50784.0,725.0,465.0
NFS,1/29/2026,673.0,673.0,653.0,653.5,-1.88,37124.0,725.0,465.0
NFS,2/1/2026,645.5,658.0,645.4,647.0,-0.99,14489.0,725.0,465.0
NFS,2/2/2026,641.0,657.9,641.0,647.9,0.14,13336.0,725.0,465.0
NFS,2/3/2026,640.0,652.1,635.0,644.9,-0.46,25976.0,725.0,465.0
NFS,2/4/2026,633.1,682.0,633.1,666.0,3.27,116042.0,725.0,465.0
NFS,2/5/2026,675.0,676.0,656.6,659.0,-1.05,20889.0,725.0,465.0
NFS,2/8/2026,659.0,672.0,654.0,660.0,0.15,40594.0,725.0,465.0
NFS,2/9/2026,655.5,660.5,638.0,640.0,-3.03,30761.0,725.0,465.0
NFS,2/10/2026,630.0,650.0,630.0,638.0,-0.31,18788.0,725.0,465.0
NFS,2/11/2026,650.7,650.7,632.0,635.0,-0.47,14342.0,725.0,465.0
NFS,2/12/2026,635.1,640.0,630.4,632.0,-0.47,21794.0,725.0,465.0
NFS,2/16/2026,643.0,643.0,628.0,629.9,-0.33,17480.0,725.0,465.0
NFS,2/17/2026,630.2,637.0,620.1,625.0,-0.78,15799.0,725.0,465.0
NFS,2/22/2026,625.0,628.0,617.0,619.3,-0.91,18797.0,725.0,465.0
NFS,2/23/2026,625.0,625.0,618.0,622.9,0.58,11651.0,725.0,465.0
NFS,2/24/2026,625.8,625.8,620.0,625.0,0.34,9210.0,725.0,465.0
NFS,2/25/2026,622.0,631.8,622.0,627.0,0.32,8623.0,725.0,465.0
NFS,2/26/2026,618.0,638.0,618.0,626.0,-0.16,11967.0,725.0,465.0
NFS,2/27/2026,618.0,638.0,618.0,626.0,0.0,11967.0,725.0,465.0
NFS,2/28/2026,618.0,638.0,618.0,626.0,0.0,11967.0,725.0,465.0
NFS,3/2/2026,615.0,638.0,615.0,637.9,1.9,19480.0,725.0,465.0
NFS,3/3/2026,630.1,649.0,630.1,644.0,0.96,11221.0,725.0,465.0
NFS,3/4/2026,630.1,649.0,630.1,644.0,0.0,11221.0,725.0,465.0
NFS,3/5/2026,630.1,649.0,630.1,644.0,0.0,11221.0,725.0,465.0
NFS,3/6/2026,630.1,649.0,630.1,644.0,0.0,11221.0,725.0,465.0
NFS,3/7/2026,630.1,649.0,630.1,644.0,0.0,11221.0,725.0,465.0
NFS,3/8/2026,630.1,649.0,630.1,644.0,0.0,11221.0,725.0,465.0
NFS,3/9/2026,656.8,696.0,656.8,695.0,7.92,1120.0,725.0,465.0
NFS,3/10/2026,708.0,708.0,666.6,671.0,-3.45,53356.0,725.0,465.0
NFS,3/11/2026,663.0,679.0,653.0,657.9,-1.95,22557.0,725.0,465.0
NFS,3/12/2026,644.8,666.0,644.8,659.0,0.17,19066.0,725.0,465.0
NFS,3/13/2026,644.8,666.0,644.8,659.0,0.0,19066.0,725.0,465.0
NFS,3/14/2026,644.8,666.0,644.8,659.0,0.0,19066.0,725.0,465.0
NFS,3/15/2026,671.0,671.0,650.0,656.0,-0.46,13877.0,725.0,465.0
NFS,3/16/2026,645.0,664.9,645.0,653.9,-0.32,10933.0,725.0,465.0
NFS,3/17/2026,640.9,657.0,640.9,653.9,0.0,13128.0,725.0,465.0
NFS,3/18/2026,640.9,657.0,640.9,653.9,0.0,13128.0,725.0,465.0
NFS,3/19/2026,660.0,668.0,655.0,663.0,1.39,29626.0,725.0,465.0
NFS,3/20/2026,660.0,668.0,655.0,663.0,0.0,29626.0,725.0,465.0
NFS,3/21/2026,660.0,668.0,655.0,663.0,0.0,29626.0,725.0,465.0
NFS,3/22/2026,674.5,684.0,665.1,684.0,3.17,50988.0,725.0,465.0
NFS,3/23/2026,684.0,684.0,670.0,676.4,-1.11,24239.0,725.0,465.0
NFS,3/24/2026,670.0,682.9,666.6,666.6,-1.45,25069.0,725.0,465.0
NFS,3/25/2026,671.7,673.0,660.0,661.0,-0.84,18479.0,725.0,465.0
NFS,3/26/2026,666.6,667.0,659.0,663.0,-0.54,21782.0,725.0,465.0
NFS,3/29/2026,664.0,665.0,646.0,646.0,-2.71,24651.0,725.0,465.0
NFS,3/30/2026,650.0,653.0,630.0,635.0,-2.31,20300.0,725.0,465.0
NFS,3/31/2026,625.2,647.0,625.2,635.0,1.57,13628.0,725.0,465.0
NFS,4/1/2026,645.0,647.7,613.0,617.0,-4.34,28961.0,725.0,465.0
NFS,4/2/2026,617.0,629.9,610.0,617.0,0.0,20328.0,725.0,465.0
NFS,4/5/2026,608.0,619.0,590.0,590.0,-2.96,39752.0,725.0,465.0
NFS,4/6/2026,590.0,614.0,590.0,610.0,3.39,21543.0,725.0,465.0
NFS,4/7/2026,618.0,619.0,605.0,606.0,-1.94,20018.0,725.0,465.0
NFS,4/8/2026,612.0,619.0,607.4,619.0,1.14,11317.0,725.0,465.0
NFS,4/9/2026,615.5,627.9,615.0,625.0,1.54,16277.0,725.0,465.0
NFS,4/10/2026,631.0,631.0,610.0,619.7,-1.79,18294.0,725.0,465.0
NFS,4/13/2026,626.0,626.0,615.0,617.0,-1.44,9531.0,725.0,465.0
NFS,4/15/2026,617.0,630.0,617.0,625.5,1.38,12706.0,725.0,465.0
NFS,4/16/2026,625.0,625.0,615.0,616.6,-1.34,9847.0,725.0,465.0
NFS,4/17/2026,612.2,617.7,610.0,614.0,0.29,14147.0,725.0,465.0
NFS,4/20/2026,609.0,614.0,607.0,611.1,0.34,7650.0,725.0,465.0
NFS,4/21/2026,612.0,614.0,605.0,605.1,-1.13,8532.0,725.0,465.0
NFS,4/22/2026,603.1,610.0,596.1,603.1,0.0,30009.0,725.0,465.0
NFS,4/23/2026,609.8,609.8,596.0,596.0,-2.26,19043.0,725.0,465.0
NFS,4/24/2026,596.0,600.0,590.0,591.5,-0.76,11027.0,725.0,465.0
NFS,4/27/2026,591.5,600.0,593.6,596.0,0.76,7641.0,725.0,465.0
NFS,4/28/2026,596.0,599.9,590.0,594.0,-0.34,14497.0,725.0,465.0
NFS,4/29/2026,594.0,594.0,588.0,588.3,-0.96,7845.0,725.0,465.0
NFS,4/30/2026,588.0,590.0,576.0,582.0,-1.02,14499.0,725.0,465.0
NFS,5/4/2026,594.0,594.0,563.0,567.0,-4.55,15247.0,725.0,465.0
NFS,5/5/2026,565.1,569.0,555.0,563.0,-0.37,7586.0,725.0,465.0
NFS,5/6/2026,560.0,571.0,555.0,565.0,0.89,6331.0,725.0,465.0
NFS,5/7/2026,562.0,570.0,558.5,558.5,-0.62,10429.0,725.0,465.0
NFS,5/8/2026,568.0,572.0,560.2,569.0,0.18,8002.0,725.0,465.0
NFS,5/11/2026,580.0,580.0,573.0,579.0,-0.17,5194.0,725.0,465.0
NFS,5/12/2026,579.0,593.7,570.0,574.0,-0.86,4843.0,725.0,465.0
NFS,5/13/2026,574.9,574.9,565.0,566.0,-1.55,2444.0,725.0,465.0
NFS,5/14/2026,570.0,570.0,555.0,564.0,-1.05,8103.0,725.0,465.0
NFS,5/15/2026,562.2,571.5,555.0,562.9,0.12,8186.0,725.0,465.0
NFS,5/18/2026,565.0,565.0,557.0,560.0,-0.88,3339.0,725.0,465.0
NFS,5/19/2026,565.0,565.0,555.0,559.5,-0.97,4046.0,725.0,465.0
NFS,5/20/2026,555.0,575.0,555.0,565.2,1.84,7421.0,725.0,465.0
NFS,5/21/2026,560.0,576.6,560.0,567.9,1.41,3053.0,725.0,465.0
NFS,5/22/2026,568.7,570.0,561.2,570.0,0.23,8253.0,725.0,465.0
NFS,5/25/2026,584.0,584.0,570.0,574.1,-1.7,9552.0,725.0,465.0
NFS,5/26/2026,584.9,584.9,570.0,573.0,-2.03,3355.0,725.0,465.0
NFS,5/27/2026,572.2,578.9,564.1,570.0,-0.38,6610.0,725.0,465.0
NFS,6/1/2026,572.0,579.0,556.0,570.0,-0.35,8873.0,725.0,465.0
NFS,6/2/2026,570.0,619.0,570.0,616.0,8.07,83641.0,725.0,465.0
NFS,6/3/2026,619.5,624.0,600.0,609.0,-1.69,28161.0,725.0,465.0
NFS,6/4/2026,609.0,623.0,595.0,606.0,-0.49,20678.0,725.0,465.0
NFS,6/5/2026,592.6,635.0,592.6,620.0,4.62,96231.0,725.0,465.0
NFS,6/8/2026,640.0,640.0,610.0,616.0,-3.75,15303.0,725.0,465.0
NFS,6/9/2026,610.0,624.5,595.0,614.5,0.74,53078.0,725.0,465.0
NFS,6/10/2026,620.0,630.0,616.0,629.4,1.52,62624.0,725.0,465.0
NFS,6/11/2026,623.0,640.0,612.0,623.0,0.0,9878.0,725.0,465.0
NFS,6/12/2026,623.0,633.0,614.9,627.9,0.79,24938.0,725.0,465.0
NFS,6/15/2026,624.0,625.0,606.0,606.0,-2.88,6481.0,725.0,465.0
NFS,6/16/2026,606.0,616.0,599.0,600.0,-0.99,9080.0,725.0,465.0
NFS,6/17/2026,595.0,623.0,595.0,605.0,1.68,9748.0,725.0,465.0
NFS,6/18/2026,614.0,614.0,595.0,595.0,-3.09,12481.0,725.0,465.0
NFS,6/19/2026,596.0,630.0,596.0,604.0,1.34,13730.0,725.0,465.0
NFS,6/22/2026,620.0,620.0,604.0,607.0,-2.1,4529.0,725.0,465.0
NFS,6/23/2026,595.0,600.0,595.0,595.3,0.05,6724.0,725.0,465.0
NFS,6/24/2026,595.1,605.0,586.2,591.0,-0.69,8565.0,725.0,465.0
NFS,6/26/2026,599.8,599.9,576.0,580.0,-3.3,7882.0,725.0,465.0
NFS,6/29/2026,596.0,596.0,570.0,576.0,-3.36,4524.0,725.0,465.0
NFS,6/30/2026,579.9,579.9,565.1,566.0,-2.4,4664.0,725.0,465.0
NFS,7/1/2026,566.0,588.0,562.1,583.6,3.11,8380.0,725.0,465.0
NFS,7/2/2026,584.0,584.0,578.0,583.0,-0.17,5796.0,725.0,465.0
NFS,7/3/2026,580.0,670.0,575.0,670.0,15.52,74156.0,725.0,465.0
NFS,7/6/2026,649.9,649.9,592.0,592.0,-8.91,51456.0,725.0,465.0
NFS,7/7/2026,604.9,607.5,585.0,597.0,-1.31,12159.0,725.0,465.0
NFS,7/8/2026,581.0,597.6,575.2,575.5,-0.95,13065.0,725.0,465.0
NFS,7/9/2026,575.5,583.9,567.0,567.0,-1.48,6360.0,725.0,465.0
NFS,7/10/2026,575.0,652.0,567.0,567.1,-1.37,10979.0,725.0,465.0
NFS,7/13/2026,566.5,582.7,555.0,560.1,-1.13,13966.0,725.0,465.0
NFS,7/14/2026,561.0,572.0,550.0,565.8,0.86,11494.0,725.0,465.0
NFS,7/15/2026,574.0,590.9,568.0,569.0,-0.87,10136.0,725.0,465.0
NFS,7/16/2026,575.0,575.0,555.0,555.0,-3.48,11531.0,725.0,465.0
NFS,7/17/2026,571.0,580.0,571.0,577.7,1.17,5529.0,725.0,465.0
NFS,7/20/2026,585.0,590.0,575.4,585.0,0.0,11713.0,725.0,465.0
NFS,7/21/2026,588.0,596.0,575.0,580.0,-1.36,11307.0,725.0,465.0
NFS,7/22/2026,582.0,590.0,577.0,582.6,0.1,10990.0,725.0,465.0
NFS,7/23/2026,578.5,587.9,578.2,584.0,0.95,3795.0,725.0,465.0
NFS,7/24/2026,585.0,595.0,580.0,582.0,-0.51,13295.0,725.0,465.0
NFS,7/27/2026,581.0,592.0,580.0,585.0,0.69,10778.0,725.0,465.0
NFS,7/28/2026,584.0,592.9,580.0,586.0,0.34,18187.0,725.0,465.0
NFS,7/29/2026,572.1,588.0,572.1,578.5,1.12,7640.0,725.0,465.0
NFS,7/30/2026,577.1,580.0,571.5,575.0,-0.36,4385.0,725.0,465.0
NFS,7/31/2026,582.0,582.0,572.0,576.0,-1.03,2941.0,725.0,465.0
NFS,8/3/2026,600.0,600.0,571.6,571.6,-4.73,5830.0,725.0,465.0
NFS,8/4/2026,572.0,579.9,570.0,571.0,-0.17,12522.0,725.0,465.0
NFS,8/5/2026,579.9,579.9,570.0,570.0,-1.71,2058.0,725.0,465.0
NFS,8/6/2026,570.0,576.0,567.5,568.0,-0.35,1584.0,725.0,465.0
NFS,8/7/2026,568.0,575.0,566.2,567.4,-0.11,1379.0,725.0,465.0
NFS,8/10/2026,580.0,580.0,564.0,564.1,-2.74,3855.0,725.0,465.0
NFS,8/11/2026,565.5,570.0,560.2,560.2,-0.94,6032.0,725.0,465.0
NFS,8/12/2026,565.0,576.9,555.0,565.0,0.0,17373.0,725.0,465.0
NFS,8/13/2026,575.0,575.0,560.2,562.1,-2.24,3649.0,725.0,465.0
NFS,8/14/2026,561.1,567.0,560.0,565.0,0.7,5511.0,725.0,465.0
NFS,8/17/2026,562.0,572.0,556.1,560.0,-0.36,6699.0,725.0,465.0
NFS,8/18/2026,556.0,561.9,556.0,560.0,0.72,4882.0,725.0,465.0
NFS,8/19/2026,560.0,560.0,555.0,556.6,-0.61,3714.0,725.0,465.0
NFS,8/20/2026,565.0,565.0,555.0,555.0,-1.77,6697.0,725.0,465.0
NFS,8/21/2026,561.0,561.0,550.1,550.1,-1.94,6985.0,725.0,465.0
NFS,8/24/2026,560.0,560.0,542.0,544.0,-2.86,11370.0,725.0,465.0
NFS,8/25/2026,541.0,547.0,537.1,539.8,-0.22,5447.0,725.0,465.0
NFS,8/26/2026,530.1,540.0,525.0,530.3,0.04,6500.0,725.0,465.0
NFS,8/27/2026,530.0,541.0,526.0,536.9,1.3,4113.0,725.0,465.0
NFS,8/31/2026,535.0,535.0,525.0,525.0,-1.87,5886.0,725.0,465.0
NFS,9/1/2026,534.9,534.9,520.0,528.0,-1.29,4022.0,725.0,465.0
NFS,9/2/2026,534.9,534.9,520.0,525.0,-1.85,3515.0,725.0,465.0
NFS,9/3/2026,525.0,528.8,520.0,525.0,0.0,3136.0,725.0,465.0
NFS,9/7/2026,525.0,528.0,522.0,524.9,-0.02,6013.0,725.0,465.0
NFS,9/9/2026,521.0,521.0,491.1,491.1,-5.74,21181.0,725.0,465.0
NFS,9/10/2026,480.0,507.0,465.0,471.0,-1.88,21999.0,725.0,465.0
NFS,9/11/2026,474.8,483.8,474.8,483.0,1.73,6361.0,725.0,465.0
NFS,9/14/2026,485.0,503.0,485.0,500.9,3.28,9539.0,725.0,465.0
NFS,9/15/2026,520.0,520.0,506.0,516.0,-0.77,13750.0,725.0,465.0
NFS,9/16/2026,516.0,516.0,500.0,507.9,-1.57,5322.0,725.0,465.0
NFS,9/17/2026,515.0,515.0,505.0,508.0,-1.36,4569.0,725.0,465.0
NFS,9/18/2026,508.0,512.0,504.0,504.0,-0.79,3992.0,725.0,465.0
NFS,9/22/2026,504.0,509.9,489.9,495.1,-1.77,7049.0,725.0,465.0
NFS,9/23/2026,496.0,503.7,481.2,486.0,-2.02,5993.0,725.0,465.0
NFS,9/24/2026,490.0,498.9,482.5,495.0,1.02,4617.0,725.0,465.0
NFS,9/28/2026,480.2,495.0,480.2,489.0,1.83,5983.0,725.0,465.0
NFS,9/29/2026,489.0,499.0,485.0,0.0,-100.0,1232.0,725.0,465.0
NFS,9/30/2026,480.0,494.0,477.0,480.0,0.0,2931.0,725.0,465.0
NFS,10/1/2026,483.0,483.0,480.0,480.0,-0.62,3504.0,725.0,465.0
NFS,10/2/2026,489.4,493.0,478.0,478.0,-2.33,5964.0,725.0,465.0
NGPL,10/26/2016,405.0,413.0,392.0,392.0,,6824.0,502.0,343.0
NGPL,10/27/2016,392.0,406.0,390.0,400.0,2.04,2172.0,502.0,343.0
NGPL,11/3/2016,400.0,399.0,385.0,385.0,-3.75,160.0,502.0,343.0
NGPL,11/7/2016,385.0,385.0,380.0,383.0,-0.52,842.0,502.0,343.0
NGPL,11/8/2016,383.0,385.0,361.0,361.0,-5.74,1597.0,502.0,343.0
NGPL,11/9/2016,361.0,365.0,338.0,340.0,-5.82,1216.0,502.0,343.0
NGPL,11/10/2016,340.0,346.0,328.0,346.0,1.76,160.0,502.0,343.0
NGPL,11/13/2016,346.0,350.0,338.0,342.0,-1.16,633.0,502.0,343.0
NGPL,11/14/2016,342.0,345.0,340.0,344.0,0.58,1271.0,502.0,343.0
NGPL,11/15/2016,344.0,341.0,335.0,336.0,-2.33,1645.0,502.0,343.0
NGPL,11/16/2016,336.0,335.0,325.0,325.0,-3.27,218.0,502.0,343.0
NGPL,11/17/2016,325.0,329.0,320.0,329.0,1.23,310.0,502.0,343.0
NGPL,11/20/2016,329.0,325.0,310.0,310.0,-5.78,234.0,502.0,343.0
NGPL,11/21/2016,310.0,305.0,294.0,304.0,-1.94,1703.0,502.0,343.0
NGPL,11/22/2016,304.0,304.0,294.0,294.0,-3.29,817.0,502.0,343.0
NGPL,11/23/2016,294.0,299.0,289.0,291.0,-1.02,1426.0,502.0,343.0
NGPL,11/24/2016,291.0,298.0,291.0,298.0,2.41,102.0,502.0,343.0
NGPL,11/27/2016,298.0,298.0,290.0,296.0,-0.67,215.0,502.0,343.0
NGPL,11/28/2016,296.0,300.0,291.0,300.0,1.35,103.0,502.0,343.0
NGPL,11/29/2016,300.0,324.0,302.0,323.0,7.67,305.0,502.0,343.0
NGPL,11/30/2016,323.0,336.0,325.0,325.0,0.62,420.0,502.0,343.0
NGPL,12/1/2016,325.0,331.0,305.0,305.0,-6.15,2042.0,502.0,343.0
NGPL,12/4/2016,305.0,305.0,300.0,300.0,-1.64,1090.0,502.0,343.0
NGPL,12/5/2016,300.0,304.0,291.0,298.0,-0.67,226.0,502.0,343.0
NGPL,12/6/2016,298.0,306.0,293.0,301.0,1.01,1290.0,502.0,343.0
NGPL,12/7/2016,301.0,305.0,291.0,292.0,-2.99,525.0,502.0,343.0
NGPL,12/8/2016,292.0,297.0,287.0,287.0,-1.71,1389.0,502.0,343.0
NGPL,12/11/2016,287.0,284.0,278.0,284.0,-1.05,462.0,502.0,343.0
NGPL,12/12/2016,284.0,289.0,275.0,275.0,-3.17,240.0,502.0,343.0
NGPL,12/14/2016,275.0,280.0,265.0,280.0,1.82,338.0,502.0,343.0
NGPL,12/15/2016,280.0,285.0,280.0,280.0,0.0,40.0,502.0,343.0
NGPL,12/18/2016,280.0,280.0,275.0,275.0,-1.79,306.0,502.0,343.0
NGPL,12/19/2016,275.0,275.0,268.0,268.0,-2.55,699.0,502.0,343.0
NGPL,12/20/2016,268.0,273.0,261.0,263.0,-1.87,359.0,502.0,343.0
NGPL,12/21/2016,263.0,258.0,242.0,251.0,-4.56,161.0,502.0,343.0
NGPL,12/22/2016,251.0,259.0,246.0,259.0,3.19,262.0,502.0,343.0
NGPL,12/26/2016,259.0,259.0,254.0,256.0,-1.16,600.0,502.0,343.0
NGPL,12/27/2016,256.0,257.0,251.0,257.0,0.39,122.0,502.0,343.0
NGPL,12/28/2016,257.0,262.0,255.0,257.0,0.0,251.0,502.0,343.0
NGPL,12/29/2016,257.0,262.0,257.0,262.0,1.95,1218.0,502.0,343.0
NGPL,1/1/2017,262.0,285.0,266.0,277.0,5.73,193.0,502.0,343.0
NGPL,1/2/2017,277.0,285.0,280.0,285.0,2.89,1337.0,502.0,343.0
NGPL,1/3/2017,285.0,285.0,280.0,280.0,-1.75,130.0,502.0,343.0
NGPL,1/4/2017,280.0,290.0,280.0,286.0,2.14,126.0,502.0,343.0
NGPL,1/5/2017,286.0,303.0,286.0,303.0,5.94,670.0,502.0,343.0
NGPL,1/8/2017,303.0,309.0,297.0,299.0,-1.32,670.0,502.0,343.0
NGPL,1/9/2017,299.0,299.0,277.0,282.0,-5.69,1009.0,502.0,343.0
NGPL,1/10/2017,282.0,295.0,287.0,295.0,4.61,90.0,502.0,343.0
NGPL,1/11/2017,295.0,295.0,291.0,291.0,-1.36,140.0,502.0,343.0
NGPL,1/12/2017,291.0,296.0,287.0,295.0,1.37,1030.0,502.0,343.0
NGPL,1/15/2017,295.0,297.0,292.0,294.0,-0.34,290.0,502.0,343.0
NGPL,1/16/2017,294.0,290.0,289.0,290.0,-1.36,22.0,502.0,343.0
NGPL,1/17/2017,290.0,297.0,290.0,297.0,2.41,1803.0,502.0,343.0
NGPL,1/18/2017,297.0,294.0,292.0,294.0,-1.01,237.0,502.0,343.0
NGPL,1/19/2017,294.0,290.0,284.0,286.0,-2.72,92.0,502.0,343.0
NGPL,1/22/2017,286.0,283.0,277.0,282.0,-1.4,670.0,502.0,343.0
NGPL,1/23/2017,282.0,285.0,274.0,276.0,-2.13,379.0,502.0,343.0
NGPL,1/24/2017,276.0,276.0,272.0,275.0,-0.36,130.0,502.0,343.0
NGPL,1/25/2017,275.0,275.0,260.0,260.0,-5.45,115.0,502.0,343.0
NGPL,1/26/2017,260.0,257.0,252.0,256.0,-1.54,527.0,502.0,343.0
NGPL,1/30/2017,256.0,251.0,246.0,246.0,-3.91,80.0,502.0,343.0
NGPL,1/31/2017,246.0,255.0,250.0,255.0,3.66,317.0,502.0,343.0
NGPL,2/1/2017,255.0,277.0,250.0,277.0,8.63,1300.0,502.0,343.0
NGPL,2/2/2017,277.0,281.0,270.0,271.0,-2.17,282.0,502.0,343.0
NGPL,2/5/2017,271.0,271.0,264.0,264.0,-2.58,324.0,502.0,343.0
NGPL,2/6/2017,264.0,265.0,260.0,262.0,-0.76,162.0,502.0,343.0
NGPL,2/7/2017,262.0,265.0,260.0,265.0,1.15,1540.0,502.0,343.0
NGPL,2/8/2017,265.0,271.0,251.0,271.0,2.26,1131.0,502.0,343.0
NGPL,2/9/2017,271.0,269.0,260.0,260.0,-4.06,370.0,502.0,343.0
NGPL,2/12/2017,260.0,255.0,245.0,245.0,-5.77,441.0,502.0,343.0
NGPL,2/13/2017,245.0,241.0,237.0,238.0,-2.86,89.0,502.0,343.0
NGPL,2/14/2017,238.0,248.0,242.0,248.0,4.2,717.0,502.0,343.0
NGPL,2/15/2017,248.0,249.0,245.0,249.0,0.4,183.0,502.0,343.0
NGPL,2/16/2017,249.0,270.0,253.0,270.0,8.43,520.0,502.0,343.0
NGPL,2/19/2017,270.0,267.0,262.0,262.0,-2.96,160.0,502.0,343.0
NGPL,2/20/2017,262.0,278.0,262.0,273.0,4.2,362.0,502.0,343.0
NGPL,2/21/2017,273.0,277.0,267.0,267.0,-2.2,270.0,502.0,343.0
NGPL,2/22/2017,267.0,264.0,258.0,264.0,-1.12,428.0,502.0,343.0
NGPL,2/23/2017,264.0,265.0,260.0,260.0,-1.52,80.0,502.0,343.0
NGPL,2/26/2017,260.0,265.0,247.0,253.0,-2.69,1210.0,502.0,343.0
NGPL,2/28/2017,253.0,253.0,248.0,250.0,-1.19,120.0,502.0,343.0
NGPL,3/1/2017,250.0,253.0,244.0,253.0,1.2,709.0,502.0,343.0
NGPL,3/2/2017,253.0,251.0,246.0,250.0,-1.19,3810.0,502.0,343.0
NGPL,3/5/2017,250.0,259.0,255.0,258.0,3.2,228.0,502.0,343.0
NGPL,3/6/2017,258.0,258.0,248.0,252.0,-2.33,281.0,502.0,343.0
NGPL,3/7/2017,252.0,255.0,250.0,250.0,-0.79,207.0,502.0,343.0
NGPL,3/9/2017,250.0,254.0,239.0,251.0,0.4,408.0,502.0,343.0
NGPL,3/13/2017,251.0,253.0,246.0,252.0,0.4,200.0,502.0,343.0
NGPL,3/14/2017,252.0,255.0,250.0,255.0,1.19,100.0,502.0,343.0
NGPL,3/15/2017,255.0,251.0,250.0,250.0,-1.96,30.0,502.0,343.0
NGPL,3/16/2017,250.0,265.0,250.0,265.0,6.0,1503.0,502.0,343.0
NGPL,3/19/2017,265.0,262.0,255.0,260.0,-1.89,168.0,502.0,343.0
NGPL,3/20/2017,260.0,271.0,261.0,271.0,4.23,141.0,502.0,343.0
NGPL,3/21/2017,271.0,280.0,271.0,280.0,3.32,320.0,502.0,343.0
NGPL,3/22/2017,280.0,285.0,276.0,281.0,0.36,675.0,502.0,343.0
NGPL,3/23/2017,281.0,286.0,269.0,276.0,-1.78,1576.0,502.0,343.0
NGPL,3/26/2017,276.0,295.0,261.0,286.0,3.62,2073.0,502.0,343.0
NGPL,3/28/2017,286.0,300.0,290.0,300.0,4.9,520.0,502.0,343.0
NGPL,3/29/2017,300.0,312.0,295.0,295.0,-1.67,2252.0,502.0,343.0
NGPL,3/30/2017,295.0,301.0,287.0,290.0,-1.69,616.0,502.0,343.0
NGPL,4/2/2017,290.0,295.0,290.0,295.0,1.72,5785.0,502.0,343.0
NGPL,4/3/2017,295.0,300.0,285.0,285.0,-3.39,599.0,502.0,343.0
NGPL,4/4/2017,285.0,295.0,280.0,291.0,2.11,701.0,502.0,343.0
NGPL,4/6/2017,291.0,302.0,291.0,301.0,3.44,7059.0,502.0,343.0
NGPL,4/9/2017,301.0,319.0,301.0,317.0,5.32,1189.0,502.0,343.0
NGPL,4/10/2017,317.0,329.0,315.0,329.0,3.79,1182.0,502.0,343.0
NGPL,4/11/2017,329.0,336.0,318.0,336.0,2.13,2441.0,502.0,343.0
NGPL,4/12/2017,336.0,330.0,320.0,321.0,-4.46,626.0,502.0,343.0
NGPL,4/13/2017,321.0,327.0,315.0,323.0,0.62,1332.0,502.0,343.0
NGPL,4/16/2017,323.0,320.0,317.0,318.0,-1.55,110.0,502.0,343.0
NGPL,4/18/2017,318.0,320.0,314.0,318.0,0.0,977.0,502.0,343.0
NGPL,4/19/2017,318.0,324.0,314.0,320.0,0.63,866.0,502.0,343.0
NGPL,4/20/2017,320.0,328.0,319.0,322.0,0.63,2458.0,502.0,343.0
NGPL,4/23/2017,322.0,326.0,314.0,315.0,-2.17,704.0,502.0,343.0
NGPL,4/24/2017,315.0,312.0,308.0,309.0,-1.9,1148.0,502.0,343.0
NGPL,4/25/2017,309.0,315.0,309.0,311.0,0.65,496.0,502.0,343.0
NGPL,4/26/2017,311.0,312.0,305.0,310.0,-0.32,1689.0,502.0,343.0
NGPL,4/27/2017,310.0,311.0,296.0,311.0,0.32,893.0,502.0,343.0
NGPL,4/30/2017,311.0,305.0,299.0,304.0,-2.25,240.0,502.0,343.0
NGPL,5/2/2017,304.0,310.0,298.0,304.0,0.0,609.0,502.0,343.0
NGPL,5/3/2017,304.0,332.0,300.0,332.0,9.21,1063.0,502.0,343.0
NGPL,5/4/2017,332.0,331.0,320.0,320.0,-3.61,664.0,502.0,343.0
NGPL,5/7/2017,320.0,316.0,315.0,316.0,-1.25,140.0,502.0,343.0
NGPL,5/8/2017,316.0,311.0,310.0,311.0,-1.58,192.0,502.0,343.0
NGPL,5/9/2017,311.0,319.0,305.0,319.0,2.57,1126.0,502.0,343.0
NGPL,5/11/2017,319.0,350.0,321.0,333.0,4.39,2467.0,502.0,343.0
NGPL,5/15/2017,333.0,333.0,321.0,326.0,-2.1,679.0,502.0,343.0
NGPL,5/16/2017,326.0,325.0,309.0,320.0,-1.84,680.0,502.0,343.0
NGPL,5/17/2017,320.0,325.0,317.0,317.0,-0.94,332.0,502.0,343.0
NGPL,5/18/2017,317.0,315.0,309.0,312.0,-1.58,110.0,502.0,343.0
NGPL,5/21/2017,312.0,309.0,307.0,307.0,-1.6,180.0,502.0,343.0
NGPL,5/22/2017,307.0,301.0,295.0,296.0,-3.58,140.0,502.0,343.0
NGPL,5/23/2017,296.0,306.0,297.0,300.0,1.35,490.0,502.0,343.0
NGPL,5/24/2017,300.0,310.0,294.0,310.0,3.33,477.0,502.0,343.0
NGPL,5/28/2017,310.0,304.0,295.0,301.0,-2.9,792.0,502.0,343.0
NGPL,5/30/2017,301.0,303.0,295.0,300.0,-0.33,668.0,502.0,343.0
NGPL,5/31/2017,300.0,312.0,300.0,303.0,1.0,730.0,502.0,343.0
NGPL,6/1/2017,303.0,303.0,297.0,300.0,-0.99,272.0,502.0,343.0
NGPL,6/4/2017,300.0,306.0,296.0,300.0,0.0,1758.0,502.0,343.0
NGPL,6/5/2017,300.0,303.0,294.0,299.0,-0.33,539.0,502.0,343.0
NGPL,6/6/2017,299.0,306.0,296.0,306.0,2.34,1271.0,502.0,343.0
NGPL,6/7/2017,306.0,312.0,295.0,298.0,-2.61,1136.0,502.0,343.0
NGPL,6/8/2017,298.0,298.0,293.0,296.0,-0.67,1753.0,502.0,343.0
NGPL,6/11/2017,296.0,292.0,286.0,288.0,-2.7,809.0,502.0,343.0
NGPL,6/12/2017,288.0,285.0,278.0,285.0,-1.04,435.0,502.0,343.0
NGPL,6/13/2017,285.0,290.0,271.0,279.0,-2.11,615.0,502.0,343.0
NGPL,6/14/2017,279.0,284.0,270.0,281.0,0.72,462.0,502.0,343.0
NGPL,6/15/2017,281.0,287.0,276.0,287.0,2.14,370.0,502.0,343.0
NGPL,6/18/2017,287.0,285.0,266.0,271.0,-5.57,118.0,502.0,343.0
NGPL,6/19/2017,271.0,275.0,270.0,272.0,0.37,1100.0,502.0,343.0
NGPL,6/20/2017,272.0,273.0,268.0,271.0,-0.37,428.0,502.0,343.0
NGPL,6/21/2017,271.0,281.0,272.0,281.0,3.69,461.0,502.0,343.0
NGPL,6/22/2017,281.0,282.0,275.0,275.0,-2.14,222.0,502.0,343.0
NGPL,6/25/2017,275.0,280.0,266.0,280.0,1.82,202.0,502.0,343.0
NGPL,6/27/2017,280.0,285.0,277.0,285.0,1.79,484.0,502.0,343.0
NGPL,6/28/2017,285.0,281.0,275.0,276.0,-3.16,162.0,502.0,343.0
NGPL,7/2/2017,276.0,275.0,265.0,265.0,-3.99,905.0,502.0,343.0
NGPL,7/3/2017,265.0,271.0,264.0,271.0,2.26,789.0,502.0,343.0
NGPL,7/4/2017,271.0,272.0,266.0,266.0,-1.85,518.0,502.0,343.0
NGPL,7/5/2017,266.0,266.0,261.0,263.0,-1.13,170.0,502.0,343.0
NGPL,7/6/2017,263.0,268.0,258.0,263.0,0.0,662.0,502.0,343.0
NGPL,7/9/2017,263.0,259.0,253.0,257.0,-2.28,1837.0,502.0,343.0
NGPL,7/10/2017,257.0,260.0,253.0,258.0,0.39,121.0,502.0,343.0
NGPL,7/11/2017,258.0,265.0,255.0,265.0,2.71,262.0,502.0,343.0
NGPL,7/12/2017,265.0,267.0,260.0,263.0,-0.75,380.0,502.0,343.0
NGPL,7/13/2017,263.0,267.0,250.0,263.0,0.0,573.0,502.0,343.0
NGPL,7/16/2017,263.0,267.0,260.0,263.0,0.0,244.0,502.0,343.0
NGPL,7/17/2017,263.0,265.0,260.0,261.0,-0.76,289.0,502.0,343.0
NGPL,7/18/2017,261.0,265.0,260.0,264.0,1.15,332.0,502.0,343.0
NGPL,7/19/2017,264.0,269.0,260.0,262.0,-0.76,454.0,502.0,343.0
NGPL,7/20/2017,262.0,265.0,260.0,263.0,0.38,497.0,502.0,343.0
NGPL,7/23/2017,263.0,273.0,255.0,269.0,2.28,457.0,502.0,343.0
NGPL,7/24/2017,269.0,264.0,254.0,260.0,-3.35,319.0,502.0,343.0
NGPL,7/25/2017,260.0,286.0,260.0,286.0,10.0,2331.0,502.0,343.0
NGPL,7/26/2017,286.0,281.0,271.0,272.0,-4.9,860.0,502.0,343.0
NGPL,7/27/2017,272.0,282.0,262.0,282.0,3.68,582.0,502.0,343.0
NGPL,7/30/2017,282.0,278.0,267.0,278.0,-1.42,445.0,502.0,343.0
NGPL,7/31/2017,278.0,283.0,270.0,272.0,-2.16,570.0,502.0,343.0
NGPL,8/1/2017,272.0,299.0,269.0,296.0,8.82,843.0,502.0,343.0
NGPL,8/2/2017,296.0,296.0,282.0,284.0,-4.05,1149.0,502.0,343.0
NGPL,8/3/2017,284.0,290.0,280.0,285.0,0.35,1581.0,502.0,343.0
NGPL,8/6/2017,285.0,290.0,280.0,286.0,0.35,841.0,502.0,343.0
NGPL,8/7/2017,286.0,283.0,277.0,279.0,-2.45,404.0,502.0,343.0
NGPL,8/9/2017,279.0,281.0,272.0,274.0,-1.79,597.0,502.0,343.0
NGPL,8/10/2017,274.0,287.0,276.0,282.0,2.92,1278.0,502.0,343.0
NGPL,8/13/2017,282.0,278.0,272.0,273.0,-3.19,673.0,502.0,343.0
NGPL,8/15/2017,273.0,273.0,269.0,271.0,-0.73,801.0,502.0,343.0
NGPL,8/16/2017,271.0,269.0,267.0,267.0,-1.48,348.0,502.0,343.0
NGPL,8/17/2017,267.0,267.0,262.0,266.0,-0.37,398.0,502.0,343.0
NGPL,8/20/2017,266.0,265.0,261.0,265.0,-0.38,126.0,502.0,343.0
NGPL,8/21/2017,265.0,265.0,258.0,262.0,-1.13,186.0,502.0,343.0
NGPL,8/22/2017,262.0,262.0,255.0,257.0,-1.91,371.0,502.0,343.0
NGPL,8/23/2017,257.0,266.0,256.0,261.0,1.56,626.0,502.0,343.0
NGPL,8/24/2017,261.0,277.0,261.0,277.0,6.13,2667.0,502.0,343.0
NGPL,8/27/2017,277.0,285.0,264.0,285.0,2.89,1940.0,502.0,343.0
NGPL,8/28/2017,285.0,308.0,289.0,289.0,1.4,6472.0,502.0,343.0
NGPL,8/30/2017,289.0,293.0,278.0,278.0,-3.81,2557.0,502.0,343.0
NGPL,8/31/2017,278.0,290.0,271.0,272.0,-2.16,2976.0,502.0,343.0
NGPL,9/4/2017,272.0,290.0,270.0,290.0,6.62,2617.0,502.0,343.0
NGPL,9/6/2017,290.0,290.0,266.0,266.0,-8.28,3289.0,502.0,343.0
NGPL,9/7/2017,242.0,240.0,227.0,230.0,-13.53,1459.0,502.0,343.0
NGPL,9/10/2017,230.0,230.0,224.0,224.0,-2.61,1530.0,502.0,343.0
NGPL,9/11/2017,224.0,233.0,222.0,233.0,4.02,161.0,502.0,343.0
NGPL,9/12/2017,233.0,229.0,220.0,222.0,-4.72,205.0,502.0,343.0
NGPL,9/13/2017,222.0,225.0,220.0,220.0,-0.9,150.0,502.0,343.0
NGPL,9/14/2017,220.0,237.0,220.0,237.0,7.73,208.0,502.0,343.0
NGPL,9/17/2017,237.0,241.0,233.0,237.0,0.0,178.0,502.0,343.0
NGPL,9/18/2017,237.0,238.0,229.0,230.0,-2.95,157.0,502.0,343.0
NGPL,9/20/2017,230.0,230.0,227.0,228.0,-0.87,238.0,502.0,343.0
NGPL,9/24/2017,228.0,231.0,224.0,224.0,-1.75,317.0,502.0,343.0
NGPL,9/25/2017,224.0,228.0,228.0,228.0,1.79,110.0,502.0,343.0
NGPL,9/26/2017,228.0,239.0,228.0,237.0,3.95,130.0,502.0,343.0
NGPL,10/3/2017,237.0,237.0,236.0,237.0,0.0,116.0,502.0,343.0
NGPL,10/4/2017,237.0,241.0,237.0,237.0,0.0,170.0,502.0,343.0
NGPL,10/8/2017,237.0,235.0,235.0,235.0,-0.84,37.0,502.0,343.0
NGPL,10/9/2017,235.0,236.0,227.0,227.0,-3.4,90.0,502.0,343.0
NGPL,10/10/2017,227.0,234.0,223.0,227.0,0.0,322.0,502.0,343.0
NGPL,10/11/2017,227.0,227.0,219.0,223.0,-1.76,182.0,502.0,343.0
NGPL,10/12/2017,223.0,229.0,224.0,229.0,2.69,284.0,502.0,343.0
NGPL,10/15/2017,229.0,230.0,227.0,230.0,0.44,215.0,502.0,343.0
NGPL,10/16/2017,230.0,234.0,227.0,234.0,1.74,100.0,502.0,343.0
NGPL,10/17/2017,234.0,230.0,226.0,230.0,-1.71,71.0,502.0,343.0
NGPL,10/18/2017,230.0,242.0,226.0,242.0,5.22,385.0,502.0,343.0
NGPL,10/22/2017,242.0,246.0,242.0,242.0,0.0,104.0,502.0,343.0
NGPL,10/24/2017,242.0,244.0,235.0,244.0,0.83,226.0,502.0,343.0
NGPL,10/29/2017,244.0,244.0,244.0,244.0,0.0,10.0,502.0,343.0
NGPL,10/30/2017,244.0,240.0,236.0,236.0,-3.28,20.0,502.0,343.0
NGPL,10/31/2017,236.0,243.0,230.0,243.0,2.97,140.0,502.0,343.0
NGPL,11/1/2017,243.0,242.0,230.0,233.0,-4.12,245.0,502.0,343.0
NGPL,11/2/2017,233.0,230.0,226.0,230.0,-1.29,176.0,502.0,343.0
NGPL,11/5/2017,230.0,242.0,225.0,242.0,5.22,927.0,502.0,343.0
NGPL,11/6/2017,242.0,240.0,224.0,236.0,-2.48,356.0,502.0,343.0
NGPL,11/7/2017,236.0,232.0,232.0,232.0,-1.69,90.0,502.0,343.0
NGPL,11/8/2017,232.0,240.0,228.0,240.0,3.45,60.0,502.0,343.0
NGPL,11/9/2017,240.0,240.0,230.0,235.0,-2.08,215.0,502.0,343.0
NGPL,11/12/2017,235.0,231.0,227.0,230.0,-2.13,113.0,502.0,343.0
NGPL,11/13/2017,230.0,242.0,226.0,242.0,5.22,177.0,502.0,343.0
NGPL,11/14/2017,242.0,245.0,234.0,234.0,-3.31,320.0,502.0,343.0
NGPL,11/15/2017,234.0,233.0,227.0,233.0,-0.43,1166.0,502.0,343.0
NGPL,11/16/2017,233.0,241.0,226.0,241.0,3.43,251.0,502.0,343.0
NGPL,11/19/2017,241.0,245.0,230.0,230.0,-4.56,399.0,502.0,343.0
NGPL,11/20/2017,230.0,237.0,230.0,237.0,3.04,50.0,502.0,343.0
NGPL,11/21/2017,237.0,245.0,233.0,239.0,0.84,630.0,502.0,343.0
NGPL,11/22/2017,239.0,249.0,237.0,243.0,1.67,1631.0,502.0,343.0
NGPL,11/23/2017,243.0,248.0,240.0,240.0,-1.23,2125.0,502.0,343.0
NGPL,11/26/2017,240.0,245.0,235.0,245.0,2.08,393.0,502.0,343.0
NGPL,11/27/2017,245.0,252.0,244.0,252.0,2.86,470.0,502.0,343.0
NGPL,11/28/2017,252.0,247.0,240.0,247.0,-1.98,2800.0,502.0,343.0
NGPL,11/29/2017,247.0,256.0,245.0,250.0,1.21,570.0,502.0,343.0
NGPL,11/30/2017,250.0,249.0,241.0,249.0,-0.4,751.0,502.0,343.0
NGPL,12/4/2017,249.0,255.0,245.0,255.0,2.41,181.0,502.0,343.0
NGPL,12/5/2017,255.0,260.0,245.0,255.0,0.0,392.0,502.0,343.0
NGPL,12/6/2017,255.0,259.0,244.0,259.0,1.57,1683.0,502.0,343.0
NGPL,12/10/2017,259.0,260.0,246.0,255.0,-1.54,1851.0,502.0,343.0
NGPL,12/11/2017,255.0,250.0,242.0,248.0,-2.75,269.0,502.0,343.0
NGPL,12/12/2017,248.0,257.0,244.0,252.0,1.61,487.0,502.0,343.0
NGPL,12/13/2017,252.0,255.0,244.0,255.0,1.19,237.0,502.0,343.0
NGPL,12/14/2017,255.0,259.0,246.0,254.0,-0.39,217.0,502.0,343.0
NGPL,12/17/2017,254.0,260.0,245.0,256.0,0.79,427.0,502.0,343.0
NGPL,12/18/2017,256.0,259.0,244.0,259.0,1.17,414.0,502.0,343.0
NGPL,12/20/2017,259.0,255.0,245.0,250.0,-3.47,330.0,502.0,343.0
NGPL,12/21/2017,250.0,259.0,255.0,259.0,3.6,20.0,502.0,343.0
NGPL,12/24/2017,259.0,262.0,257.0,257.0,-0.77,110.0,502.0,343.0
NGPL,12/26/2017,257.0,252.0,243.0,248.0,-3.5,782.0,502.0,343.0
NGPL,12/27/2017,248.0,257.0,243.0,243.0,-2.02,230.0,502.0,343.0
NGPL,12/28/2017,243.0,243.0,232.0,239.0,-1.65,330.0,502.0,343.0
NGPL,12/31/2017,239.0,240.0,231.0,231.0,-3.35,342.0,502.0,343.0
NGPL,1/1/2018,231.0,243.0,235.0,243.0,5.19,251.0,502.0,343.0
NGPL,1/2/2018,243.0,256.0,238.0,240.0,-1.23,181.0,502.0,343.0
NGPL,1/3/2018,240.0,244.0,236.0,244.0,1.67,1208.0,502.0,343.0
NGPL,1/4/2018,244.0,240.0,235.0,239.0,-2.05,282.0,502.0,343.0
NGPL,1/7/2018,239.0,240.0,236.0,240.0,0.42,750.0,502.0,343.0
NGPL,1/8/2018,240.0,240.0,236.0,237.0,-1.25,446.0,502.0,343.0
NGPL,1/9/2018,237.0,241.0,233.0,241.0,1.69,160.0,502.0,343.0
NGPL,1/10/2018,241.0,242.0,235.0,239.0,-0.83,740.0,502.0,343.0
NGPL,1/14/2018,239.0,236.0,232.0,232.0,-2.93,197.0,502.0,343.0
NGPL,1/16/2018,232.0,231.0,226.0,230.0,-0.86,135.0,502.0,343.0
NGPL,1/17/2018,230.0,230.0,227.0,227.0,-1.3,582.0,502.0,343.0
NGPL,1/21/2018,227.0,233.0,225.0,231.0,1.76,568.0,502.0,343.0
NGPL,1/22/2018,231.0,236.0,228.0,236.0,2.16,412.0,502.0,343.0
NGPL,1/23/2018,236.0,234.0,228.0,228.0,-3.39,365.0,502.0,343.0
NGPL,1/24/2018,228.0,235.0,228.0,229.0,0.44,430.0,502.0,343.0
NGPL,1/25/2018,229.0,230.0,224.0,228.0,-0.44,197.0,502.0,343.0
NGPL,1/28/2018,228.0,231.0,224.0,230.0,0.88,1125.0,502.0,343.0
NGPL,1/29/2018,230.0,234.0,226.0,234.0,1.74,447.0,502.0,343.0
NGPL,1/31/2018,234.0,230.0,227.0,227.0,-2.99,141.0,502.0,343.0
NGPL,2/1/2018,227.0,237.0,230.0,237.0,4.41,355.0,502.0,343.0
NGPL,2/4/2018,237.0,237.0,230.0,235.0,-0.84,107.0,502.0,343.0
NGPL,2/5/2018,235.0,231.0,231.0,231.0,-1.7,12.0,502.0,343.0
NGPL,2/6/2018,231.0,235.0,223.0,228.0,-1.3,676.0,502.0,343.0
NGPL,2/7/2018,228.0,228.0,224.0,228.0,0.0,3295.0,502.0,343.0
NGPL,2/8/2018,228.0,232.0,227.0,232.0,1.75,2691.0,502.0,343.0
NGPL,2/11/2018,232.0,234.0,221.0,230.0,-0.86,553.0,502.0,343.0
NGPL,2/12/2018,230.0,234.0,226.0,234.0,1.74,297.0,502.0,343.0
NGPL,2/14/2018,234.0,230.0,223.0,224.0,-4.27,718.0,502.0,343.0
NGPL,2/15/2018,224.0,235.0,227.0,234.0,4.46,1243.0,502.0,343.0
NGPL,2/18/2018,232.0,235.0,227.0,229.0,-2.14,440.0,502.0,343.0
NGPL,2/20/2018,228.0,229.0,225.0,225.0,-1.75,498.0,502.0,343.0
NGPL,2/21/2018,224.0,224.0,220.0,223.0,-0.89,901.0,502.0,343.0
NGPL,2/22/2018,220.0,224.0,217.0,219.0,-1.79,243.0,502.0,343.0
NGPL,2/25/2018,221.0,222.0,215.0,222.0,1.37,265.0,502.0,343.0
NGPL,2/26/2018,220.0,220.0,215.0,215.0,-3.15,1248.0,502.0,343.0
NGPL,2/27/2018,211.0,211.0,207.0,210.0,-2.33,640.0,502.0,343.0
NGPL,2/28/2018,213.0,214.0,208.0,214.0,1.9,198.0,502.0,343.0
NGPL,3/5/2018,218.0,218.0,214.0,214.0,0.0,144.0,502.0,343.0
NGPL,3/6/2018,210.0,210.0,198.0,201.0,-6.07,1056.0,502.0,343.0
NGPL,3/7/2018,201.0,209.0,201.0,209.0,3.98,123.0,502.0,343.0
NGPL,3/11/2018,205.0,210.0,205.0,206.0,-1.44,436.0,502.0,343.0
NGPL,3/12/2018,203.0,203.0,196.0,196.0,-4.85,1582.0,502.0,343.0
NGPL,3/13/2018,196.0,205.0,193.0,204.0,4.08,787.0,502.0,343.0
NGPL,3/14/2018,208.0,210.0,204.0,210.0,2.94,902.0,502.0,343.0
NGPL,3/15/2018,212.0,215.0,205.0,215.0,2.38,988.0,502.0,343.0
NGPL,3/18/2018,211.0,218.0,211.0,218.0,1.4,292.0,502.0,343.0
NGPL,3/19/2018,218.0,218.0,211.0,216.0,-0.92,558.0,502.0,343.0
NGPL,3/20/2018,212.0,215.0,212.0,215.0,-0.46,27.0,502.0,343.0
NGPL,3/21/2018,211.0,211.0,204.0,204.0,-5.12,1167.0,502.0,343.0
NGPL,3/22/2018,200.0,208.0,200.0,208.0,1.96,594.0,502.0,343.0
NGPL,3/26/2018,208.0,208.0,204.0,208.0,0.0,1061.0,502.0,343.0
NGPL,3/27/2018,204.0,204.0,198.0,204.0,-1.92,369.0,502.0,343.0
NGPL,3/28/2018,208.0,212.0,204.0,212.0,3.92,774.0,502.0,343.0
NGPL,3/29/2018,216.0,221.0,214.0,220.0,3.77,889.0,502.0,343.0
NGPL,4/1/2018,216.0,216.0,200.0,209.0,-5.0,352.0,502.0,343.0
NGPL,4/2/2018,213.0,216.0,204.0,204.0,-2.39,133.0,502.0,343.0
NGPL,4/3/2018,201.0,205.0,201.0,204.0,0.0,746.0,502.0,343.0
NGPL,4/4/2018,204.0,205.0,201.0,201.0,-1.47,1134.0,502.0,343.0
NGPL,4/5/2018,205.0,212.0,205.0,210.0,4.48,913.0,502.0,343.0
NGPL,4/8/2018,206.0,214.0,206.0,210.0,0.0,1246.0,502.0,343.0
NGPL,4/9/2018,210.0,212.0,208.0,208.0,-0.95,402.0,502.0,343.0
NGPL,4/10/2018,206.0,208.0,201.0,201.0,-3.37,554.0,502.0,343.0
NGPL,4/11/2018,198.0,205.0,198.0,200.0,-0.5,273.0,502.0,343.0
NGPL,4/12/2018,200.0,204.0,197.0,198.0,-1.0,423.0,502.0,343.0
NGPL,4/15/2018,198.0,200.0,197.0,200.0,1.01,438.0,502.0,343.0
NGPL,4/16/2018,200.0,206.0,200.0,206.0,3.0,575.0,502.0,343.0
NGPL,4/17/2018,210.0,214.0,209.0,210.0,1.94,1010.0,502.0,343.0
NGPL,4/18/2018,210.0,231.0,206.0,231.0,10.0,1623.0,502.0,343.0
NGPL,4/19/2018,227.0,227.0,215.0,224.0,-3.03,1172.0,502.0,343.0
NGPL,4/22/2018,224.0,228.0,216.0,217.0,-3.12,1952.0,502.0,343.0
NGPL,4/23/2018,216.0,216.0,208.0,208.0,-4.15,631.0,502.0,343.0
NGPL,4/24/2018,204.0,213.0,200.0,206.0,-0.96,1064.0,502.0,343.0
NGPL,4/25/2018,205.0,210.0,198.0,210.0,1.94,682.0,502.0,343.0
NGPL,4/26/2018,206.0,207.0,202.0,202.0,-3.81,211.0,502.0,343.0
NGPL,4/29/2018,200.0,203.0,200.0,203.0,0.5,411.0,502.0,343.0
NGPL,5/2/2018,200.0,203.0,196.0,203.0,0.0,166.0,502.0,343.0
NGPL,5/3/2018,207.0,208.0,205.0,207.0,1.97,179.0,502.0,343.0
NGPL,5/6/2018,207.0,207.0,199.0,201.0,-2.9,228.0,502.0,343.0
NGPL,5/7/2018,200.0,205.0,200.0,205.0,1.99,532.0,502.0,343.0
NGPL,5/8/2018,207.0,211.0,199.0,211.0,2.93,880.0,502.0,343.0
NGPL,5/9/2018,211.0,211.0,200.0,211.0,0.0,1376.0,502.0,343.0
NGPL,5/10/2018,210.0,210.0,200.0,205.0,-2.84,1190.0,502.0,343.0
NGPL,5/14/2018,201.0,210.0,197.0,210.0,2.44,1717.0,502.0,343.0
NGPL,5/15/2018,206.0,210.0,202.0,210.0,0.0,83.0,502.0,343.0
NGPL,5/16/2018,210.0,210.0,210.0,210.0,0.0,122.0,502.0,343.0
NGPL,5/20/2018,210.0,210.0,206.0,206.0,-1.9,23.0,502.0,343.0
NGPL,5/21/2018,203.0,203.0,203.0,203.0,-1.46,7.0,502.0,343.0
NGPL,5/22/2018,202.0,202.0,199.0,200.0,-1.48,208.0,502.0,343.0
NGPL,5/23/2018,196.0,200.0,196.0,198.0,-1.0,481.0,502.0,343.0
NGPL,5/24/2018,198.0,201.0,195.0,195.0,-1.52,478.0,502.0,343.0
NGPL,5/27/2018,192.0,193.0,192.0,192.0,-1.54,462.0,502.0,343.0
NGPL,5/28/2018,190.0,198.0,189.0,198.0,3.12,123.0,502.0,343.0
NGPL,5/29/2018,201.0,201.0,196.0,197.0,-0.51,433.0,502.0,343.0
NGPL,5/30/2018,194.0,202.0,194.0,200.0,1.52,492.0,502.0,343.0
NGPL,5/31/2018,198.0,201.0,198.0,198.0,-1.0,177.0,502.0,343.0
NGPL,6/4/2018,196.0,196.0,187.0,187.0,-5.56,136.0,502.0,343.0
NGPL,6/6/2018,187.0,189.0,183.0,189.0,1.07,486.0,502.0,343.0
NGPL,6/7/2018,190.0,190.0,185.0,185.0,-2.12,171.0,502.0,343.0
NGPL,6/10/2018,182.0,182.0,177.0,177.0,-4.32,154.0,502.0,343.0
NGPL,6/11/2018,180.0,180.0,171.0,171.0,-3.39,432.0,502.0,343.0
NGPL,6/12/2018,168.0,178.0,168.0,178.0,4.09,401.0,502.0,343.0
NGPL,6/13/2018,176.0,176.0,170.0,170.0,-4.49,1102.0,502.0,343.0
NGPL,6/14/2018,168.0,187.0,168.0,185.0,8.82,581.0,502.0,343.0
NGPL,6/17/2018,186.0,186.0,180.0,180.0,-2.7,362.0,502.0,343.0
NGPL,6/18/2018,177.0,177.0,174.0,177.0,-1.67,32.0,502.0,343.0
NGPL,6/19/2018,177.0,180.0,174.0,174.0,-1.69,154.0,502.0,343.0
NGPL,6/20/2018,174.0,174.0,172.0,172.0,-1.15,25.0,502.0,343.0
NGPL,6/21/2018,170.0,177.0,170.0,173.0,0.58,657.0,502.0,343.0
NGPL,6/24/2018,170.0,176.0,169.0,176.0,1.73,143.0,502.0,343.0
NGPL,6/25/2018,174.0,174.0,169.0,170.0,-3.41,157.0,502.0,343.0
NGPL,6/26/2018,167.0,170.0,167.0,167.0,-1.76,56.0,502.0,343.0
NGPL,6/27/2018,170.0,170.0,167.0,167.0,0.0,54.0,502.0,343.0
NGPL,6/28/2018,170.0,173.0,170.0,173.0,3.59,44.0,502.0,343.0
NGPL,7/1/2018,170.0,170.0,170.0,170.0,-1.73,72.0,502.0,343.0
NGPL,7/2/2018,167.0,167.0,167.0,167.0,-1.76,727.0,502.0,343.0
NGPL,7/3/2018,165.0,169.0,164.0,169.0,1.2,276.0,502.0,343.0
NGPL,7/4/2018,170.0,170.0,167.0,167.0,-1.18,111.0,502.0,343.0
NGPL,7/5/2018,167.0,170.0,167.0,170.0,1.8,43.0,502.0,343.0
NGPL,7/8/2018,171.0,171.0,165.0,168.0,-1.18,351.0,502.0,343.0
NGPL,7/9/2018,166.0,171.0,166.0,168.0,0.0,156.0,502.0,343.0
NGPL,7/10/2018,165.0,168.0,165.0,168.0,0.0,819.0,502.0,343.0
NGPL,7/11/2018,168.0,173.0,165.0,173.0,2.98,826.0,502.0,343.0
NGPL,7/12/2018,170.0,170.0,164.0,170.0,-1.73,156.0,502.0,343.0
NGPL,7/15/2018,172.0,172.0,172.0,172.0,1.18,20.0,502.0,343.0
NGPL,7/16/2018,175.0,175.0,163.0,163.0,-5.23,739.0,502.0,343.0
NGPL,7/17/2018,163.0,168.0,163.0,168.0,3.07,84.0,502.0,343.0
NGPL,7/18/2018,165.0,165.0,160.0,163.0,-2.98,1306.0,502.0,343.0
NGPL,7/19/2018,160.0,164.0,160.0,163.0,0.0,93.0,502.0,343.0
NGPL,7/22/2018,161.0,165.0,161.0,163.0,0.0,290.0,502.0,343.0
NGPL,7/23/2018,160.0,167.0,160.0,167.0,2.45,282.0,502.0,343.0
NGPL,7/24/2018,167.0,170.0,163.0,163.0,-2.4,558.0,502.0,343.0
NGPL,7/25/2018,163.0,164.0,160.0,164.0,0.61,108.0,502.0,343.0
NGPL,7/26/2018,162.0,163.0,161.0,161.0,-1.83,369.0,502.0,343.0
NGPL,7/29/2018,160.0,161.0,160.0,161.0,0.0,54.0,502.0,343.0
NGPL,7/30/2018,161.0,162.0,160.0,160.0,-0.62,142.0,502.0,343.0
NGPL,7/31/2018,163.0,163.0,160.0,162.0,1.25,214.0,502.0,343.0
NGPL,8/1/2018,165.0,165.0,161.0,161.0,-0.62,765.0,502.0,343.0
NGPL,8/2/2018,160.0,165.0,160.0,165.0,2.48,385.0,502.0,343.0
NGPL,8/5/2018,165.0,165.0,157.0,160.0,-3.03,168.0,502.0,343.0
NGPL,8/6/2018,160.0,163.0,160.0,161.0,0.63,160.0,502.0,343.0
NGPL,8/7/2018,158.0,161.0,158.0,161.0,0.0,81.0,502.0,343.0
NGPL,8/8/2018,159.0,161.0,159.0,161.0,0.0,290.0,502.0,343.0
NGPL,8/9/2018,161.0,161.0,157.0,157.0,-2.48,118.0,502.0,343.0
NGPL,8/12/2018,155.0,155.0,154.0,154.0,-1.91,2567.0,502.0,343.0
NGPL,8/13/2018,154.0,159.0,148.0,156.0,1.3,4123.0,502.0,343.0
NGPL,8/14/2018,158.0,163.0,155.0,163.0,4.49,258.0,502.0,343.0
NGPL,8/15/2018,166.0,168.0,162.0,168.0,3.07,402.0,502.0,343.0
NGPL,8/16/2018,165.0,168.0,162.0,162.0,-3.57,476.0,502.0,343.0
NGPL,8/19/2018,161.0,167.0,160.0,162.0,0.0,407.0,502.0,343.0
NGPL,8/20/2018,160.0,162.0,160.0,160.0,-1.23,251.0,502.0,343.0
NGPL,8/21/2018,160.0,164.0,156.0,163.0,1.88,1789.0,502.0,343.0
NGPL,8/22/2018,160.0,167.0,157.0,167.0,2.45,373.0,502.0,343.0
NGPL,8/23/2018,164.0,167.0,158.0,167.0,0.0,253.0,502.0,343.0
NGPL,8/26/2018,166.0,175.0,165.0,174.0,4.19,2920.0,502.0,343.0
NGPL,8/28/2018,176.0,177.0,158.0,169.0,-2.87,3013.0,502.0,343.0
NGPL,8/29/2018,172.0,178.0,166.0,176.0,4.14,3182.0,502.0,343.0
NGPL,8/30/2018,179.0,179.0,179.0,179.0,1.7,10.0,502.0,343.0
NGPL,9/2/2018,176.0,176.0,176.0,176.0,-1.68,10.0,502.0,343.0
NGPL,9/3/2018,173.0,173.0,160.0,162.0,-7.95,1912.0,502.0,343.0
NGPL,9/4/2018,161.0,165.0,161.0,165.0,1.85,456.0,502.0,343.0
NGPL,9/5/2018,166.0,168.0,165.0,165.0,0.0,211.0,502.0,343.0
NGPL,9/6/2018,162.0,162.0,154.0,156.0,-5.45,864.0,502.0,343.0
NGPL,9/9/2018,154.0,154.0,147.0,149.0,-4.49,2645.0,502.0,343.0
NGPL,9/10/2018,150.0,150.0,145.0,146.0,-2.01,495.0,502.0,343.0
NGPL,9/11/2018,147.0,148.0,142.0,145.0,-0.68,1476.0,502.0,343.0
NGPL,9/12/2018,147.0,147.0,142.0,147.0,1.38,2642.0,502.0,343.0
NGPL,9/13/2018,145.0,149.0,145.0,145.0,-1.36,164.0,502.0,343.0
NGPL,9/16/2018,143.0,149.0,143.0,147.0,1.38,299.0,502.0,343.0
NGPL,9/17/2018,145.0,145.0,143.0,145.0,-1.36,169.0,502.0,343.0
NGPL,9/18/2018,143.0,147.0,141.0,147.0,1.38,946.0,502.0,343.0
NGPL,9/20/2018,149.0,151.0,140.0,148.0,0.68,1092.0,502.0,343.0
NGPL,9/23/2018,146.0,150.0,144.0,150.0,1.35,444.0,502.0,343.0
NGPL,9/25/2018,150.0,153.0,148.0,151.0,0.67,317.0,502.0,343.0
NGPL,9/26/2018,150.0,150.0,143.0,143.0,-5.3,43.0,502.0,343.0
NGPL,9/27/2018,143.0,150.0,141.0,148.0,3.5,797.0,502.0,343.0
NGPL,9/30/2018,148.0,148.0,148.0,148.0,0.0,11.0,502.0,343.0
NGPL,10/2/2018,146.0,146.0,146.0,146.0,-1.35,1.0,502.0,343.0
NGPL,10/3/2018,150.0,150.0,150.0,150.0,2.74,119.0,502.0,343.0
NGPL,10/4/2018,150.0,150.0,150.0,150.0,0.0,11.0,502.0,343.0
NGPL,10/8/2018,150.0,150.0,142.0,146.0,-2.67,581.0,502.0,343.0
NGPL,10/9/2018,144.0,150.0,144.0,150.0,2.74,98.0,502.0,343.0
NGPL,10/10/2018,147.0,147.0,145.0,147.0,-2.0,942.0,502.0,343.0
NGPL,10/11/2018,145.0,146.0,143.0,146.0,-0.68,79.0,502.0,343.0
NGPL,10/14/2018,144.0,145.0,142.0,143.0,-2.05,185.0,502.0,343.0
NGPL,10/15/2018,143.0,143.0,141.0,141.0,-1.4,5011.0,502.0,343.0
NGPL,10/21/2018,139.0,143.0,138.0,138.0,-2.13,1068.0,502.0,343.0
NGPL,10/22/2018,138.0,138.0,136.0,136.0,-1.45,609.0,502.0,343.0
NGPL,10/23/2018,135.0,138.0,135.0,138.0,1.47,532.0,502.0,343.0
NGPL,10/24/2018,136.0,138.0,136.0,136.0,-1.45,72.0,502.0,343.0
NGPL,10/25/2018,134.0,136.0,132.0,136.0,0.0,437.0,502.0,343.0
NGPL,10/28/2018,134.0,135.0,133.0,135.0,-0.74,98.0,502.0,343.0
NGPL,10/29/2018,133.0,135.0,131.0,131.0,-2.96,467.0,502.0,343.0
NGPL,10/30/2018,133.0,133.0,130.0,130.0,-0.76,222.0,502.0,343.0
NGPL,10/31/2018,130.0,134.0,130.0,134.0,3.08,44.0,502.0,343.0
NGPL,11/1/2018,134.0,134.0,130.0,134.0,0.0,244.0,502.0,343.0
NGPL,11/4/2018,132.0,132.0,130.0,130.0,-2.99,521.0,502.0,343.0
NGPL,11/5/2018,128.0,131.0,128.0,131.0,0.77,167.0,502.0,343.0
NGPL,11/13/2018,131.0,131.0,129.0,129.0,-1.53,35.0,502.0,343.0
NGPL,11/15/2018,131.0,131.0,128.0,130.0,0.78,221.0,502.0,343.0
NGPL,11/18/2018,128.0,128.0,128.0,128.0,-1.54,72.0,502.0,343.0
NGPL,11/19/2018,126.0,128.0,126.0,128.0,0.0,772.0,502.0,343.0
NGPL,11/20/2018,126.0,130.0,126.0,128.0,0.0,502.0,502.0,343.0
NGPL,11/21/2018,126.0,126.0,123.0,124.0,-3.12,860.0,502.0,343.0
NGPL,11/22/2018,122.0,128.0,120.0,128.0,3.23,670.0,502.0,343.0
NGPL,11/25/2018,128.0,136.0,128.0,136.0,6.25,310.0,502.0,343.0
NGPL,11/26/2018,134.0,136.0,132.0,133.0,-2.21,1246.0,502.0,343.0
NGPL,11/27/2018,131.0,133.0,131.0,132.0,-0.75,360.0,502.0,343.0
NGPL,11/28/2018,134.0,136.0,133.0,136.0,3.03,510.0,502.0,343.0
NGPL,11/29/2018,134.0,139.0,134.0,134.0,-1.47,1755.0,502.0,343.0
NGPL,12/2/2018,132.0,132.0,128.0,130.0,-2.99,626.0,502.0,343.0
NGPL,12/3/2018,129.0,132.0,128.0,132.0,1.54,693.0,502.0,343.0
NGPL,12/4/2018,130.0,134.0,130.0,132.0,0.0,106.0,502.0,343.0
NGPL,12/5/2018,132.0,132.0,128.0,130.0,-1.52,121.0,502.0,343.0
NGPL,12/6/2018,132.0,133.0,129.0,129.0,-0.77,581.0,502.0,343.0
NGPL,12/9/2018,127.0,128.0,126.0,126.0,-2.33,750.0,502.0,343.0
NGPL,12/10/2018,124.0,131.0,124.0,131.0,3.97,261.0,502.0,343.0
NGPL,12/11/2018,128.0,128.0,126.0,126.0,-3.82,44.0,502.0,343.0
NGPL,12/12/2018,126.0,126.0,126.0,126.0,0.0,11.0,502.0,343.0
NGPL,12/13/2018,128.0,128.0,126.0,126.0,0.0,22.0,502.0,343.0
NGPL,12/16/2018,127.0,130.0,125.0,130.0,3.17,113.0,502.0,343.0
NGPL,12/17/2018,128.0,130.0,128.0,129.0,-0.77,54.0,502.0,343.0
NGPL,12/18/2018,127.0,127.0,123.0,123.0,-4.65,504.0,502.0,343.0
NGPL,12/19/2018,125.0,126.0,114.0,114.0,-7.32,11024.0,502.0,343.0
NGPL,12/20/2018,116.0,122.0,116.0,119.0,4.39,3602.0,502.0,343.0
NGPL,12/23/2018,121.0,123.0,120.0,123.0,3.36,402.0,502.0,343.0
NGPL,12/24/2018,121.0,121.0,120.0,120.0,-2.44,599.0,502.0,343.0
NGPL,12/25/2018,121.0,122.0,116.0,120.0,0.0,1349.0,502.0,343.0
NGPL,12/26/2018,120.0,122.0,120.0,120.0,0.0,1669.0,502.0,343.0
NGPL,12/27/2018,122.0,124.0,122.0,122.0,1.67,4386.0,502.0,343.0
NGPL,12/30/2018,123.0,126.0,123.0,126.0,3.28,4280.0,502.0,343.0
NGPL,12/31/2018,124.0,124.0,120.0,122.0,-3.17,1972.0,502.0,343.0
NGPL,1/1/2019,123.0,123.0,122.0,122.0,0.0,961.0,502.0,343.0
NGPL,1/2/2019,121.0,123.0,121.0,122.0,0.0,69.0,502.0,343.0
NGPL,1/3/2019,122.0,126.0,122.0,125.0,2.46,358.0,502.0,343.0
NGPL,1/6/2019,124.0,124.0,123.0,123.0,-1.6,353.0,502.0,343.0
NGPL,1/7/2019,122.0,123.0,122.0,122.0,-0.81,478.0,502.0,343.0
NGPL,1/8/2019,121.0,130.0,121.0,127.0,4.1,2457.0,502.0,343.0
NGPL,1/9/2019,127.0,133.0,127.0,131.0,3.15,2255.0,502.0,343.0
NGPL,1/10/2019,131.0,133.0,127.0,133.0,1.53,1034.0,502.0,343.0
NGPL,1/13/2019,133.0,133.0,131.0,133.0,0.0,3122.0,502.0,343.0
NGPL,1/14/2019,131.0,134.0,131.0,132.0,-0.75,203.0,502.0,343.0
NGPL,1/15/2019,130.0,133.0,130.0,133.0,0.76,272.0,502.0,343.0
NGPL,1/16/2019,135.0,137.0,132.0,132.0,-0.75,1237.0,502.0,343.0
NGPL,1/17/2019,130.0,134.0,130.0,132.0,0.0,150.0,502.0,343.0
NGPL,1/20/2019,130.0,130.0,130.0,130.0,-1.52,11.0,502.0,343.0
NGPL,1/21/2019,130.0,132.0,130.0,131.0,0.77,829.0,502.0,343.0
NGPL,1/22/2019,129.0,131.0,129.0,131.0,0.0,317.0,502.0,343.0
NGPL,1/23/2019,132.0,132.0,128.0,128.0,-2.29,498.0,502.0,343.0
NGPL,1/24/2019,126.0,131.0,126.0,131.0,2.34,545.0,502.0,343.0
NGPL,1/27/2019,133.0,133.0,129.0,129.0,-1.53,1134.0,502.0,343.0
NGPL,1/28/2019,129.0,131.0,125.0,131.0,1.55,2568.0,502.0,343.0
NGPL,1/29/2019,129.0,129.0,127.0,127.0,-3.05,1037.0,502.0,343.0
NGPL,1/30/2019,125.0,131.0,124.0,129.0,1.57,501.0,502.0,343.0
NGPL,1/31/2019,131.0,131.0,128.0,128.0,-0.78,1983.0,502.0,343.0
NGPL,2/3/2019,126.0,126.0,125.0,126.0,-1.56,284.0,502.0,343.0
NGPL,2/4/2019,125.0,127.0,125.0,125.0,-0.79,662.0,502.0,343.0
NGPL,2/5/2019,124.0,130.0,124.0,130.0,4.0,555.0,502.0,343.0
NGPL,2/6/2019,128.0,128.0,124.0,125.0,-3.85,57.0,502.0,343.0
NGPL,2/7/2019,125.0,127.0,122.0,125.0,0.0,1391.0,502.0,343.0
NGPL,2/10/2019,123.0,125.0,122.0,125.0,0.0,65.0,502.0,343.0
NGPL,2/11/2019,123.0,127.0,123.0,125.0,0.0,440.0,502.0,343.0
NGPL,2/12/2019,127.0,127.0,125.0,126.0,0.8,256.0,502.0,343.0
NGPL,2/13/2019,125.0,127.0,125.0,126.0,0.0,279.0,502.0,343.0
NGPL,2/14/2019,126.0,126.0,117.0,120.0,-4.76,3912.0,502.0,343.0
NGPL,2/17/2019,118.0,119.0,115.0,115.0,-4.17,838.0,502.0,343.0
NGPL,2/18/2019,114.0,116.0,114.0,115.0,0.0,567.0,502.0,343.0
NGPL,2/19/2019,115.0,118.0,115.0,117.0,1.74,3595.0,502.0,343.0
NGPL,2/20/2019,119.0,119.0,117.0,117.0,0.0,466.0,502.0,343.0
NGPL,2/21/2019,116.0,118.0,116.0,117.0,0.0,55.0,502.0,343.0
NGPL,2/24/2019,115.0,116.0,113.0,113.0,-3.42,655.0,502.0,343.0
NGPL,2/25/2019,112.0,113.0,111.0,113.0,0.0,714.0,502.0,343.0
NGPL,2/26/2019,113.0,115.0,113.0,114.0,0.88,160.0,502.0,343.0
NGPL,2/27/2019,114.0,118.0,112.0,118.0,3.51,839.0,502.0,343.0
NGPL,3/3/2019,118.0,120.0,118.0,120.0,1.69,77.0,502.0,343.0
NGPL,3/5/2019,119.0,119.0,116.0,117.0,-2.5,1215.0,502.0,343.0
NGPL,3/6/2019,115.0,117.0,114.0,115.0,-1.71,1306.0,502.0,343.0
NGPL,3/7/2019,113.0,116.0,113.0,114.0,-0.87,1002.0,502.0,343.0
NGPL,3/10/2019,114.0,114.0,112.0,114.0,0.0,173.0,502.0,343.0
NGPL,3/11/2019,116.0,124.0,116.0,124.0,8.77,51.0,502.0,343.0
NGPL,3/12/2019,126.0,128.0,124.0,127.0,2.42,939.0,502.0,343.0
NGPL,3/13/2019,125.0,127.0,121.0,122.0,-3.94,1191.0,502.0,343.0
NGPL,3/14/2019,123.0,130.0,122.0,130.0,6.56,5361.0,502.0,343.0
NGPL,3/17/2019,128.0,128.0,124.0,124.0,-4.62,828.0,502.0,343.0
NGPL,3/18/2019,122.0,126.0,122.0,126.0,1.61,531.0,502.0,343.0
NGPL,3/19/2019,124.0,129.0,124.0,124.0,-1.59,1117.0,502.0,343.0
NGPL,3/21/2019,123.0,128.0,123.0,124.0,0.0,685.0,502.0,343.0
NGPL,3/24/2019,124.0,126.0,122.0,124.0,0.0,1285.0,502.0,343.0
NGPL,3/25/2019,122.0,126.0,122.0,122.0,-1.61,246.0,502.0,343.0
NGPL,3/26/2019,125.0,125.0,121.0,123.0,0.82,80.0,502.0,343.0
NGPL,3/27/2019,121.0,123.0,121.0,123.0,0.0,55.0,502.0,343.0
NGPL,3/28/2019,121.0,127.0,120.0,127.0,3.25,6886.0,502.0,343.0
NGPL,3/31/2019,127.0,127.0,125.0,125.0,-1.57,358.0,502.0,343.0
NGPL,4/1/2019,123.0,127.0,122.0,125.0,0.0,832.0,502.0,343.0
NGPL,4/2/2019,124.0,125.0,120.0,122.0,-2.4,1457.0,502.0,343.0
NGPL,4/3/2019,120.0,125.0,120.0,123.0,0.82,1151.0,502.0,343.0
NGPL,4/4/2019,121.0,124.0,119.0,124.0,0.81,628.0,502.0,343.0
NGPL,4/7/2019,124.0,126.0,120.0,126.0,1.61,1348.0,502.0,343.0
NGPL,4/8/2019,125.0,126.0,124.0,124.0,-1.59,1200.0,502.0,343.0
NGPL,4/9/2019,122.0,126.0,122.0,124.0,0.0,1303.0,502.0,343.0
NGPL,4/10/2019,124.0,124.0,121.0,122.0,-1.61,1125.0,502.0,343.0
NGPL,4/11/2019,120.0,122.0,119.0,120.0,-1.64,991.0,502.0,343.0
NGPL,4/15/2019,120.0,120.0,119.0,120.0,0.0,143.0,502.0,343.0
NGPL,4/16/2019,118.0,122.0,118.0,121.0,0.83,488.0,502.0,343.0
NGPL,4/17/2019,120.0,122.0,119.0,122.0,0.83,154.0,502.0,343.0
NGPL,4/18/2019,120.0,120.0,118.0,119.0,-2.46,1034.0,502.0,343.0
NGPL,4/21/2019,117.0,120.0,117.0,118.0,-0.84,10666.0,502.0,343.0
NGPL,4/22/2019,118.0,120.0,118.0,118.0,0.0,634.0,502.0,343.0
NGPL,4/23/2019,116.0,119.0,116.0,117.0,-0.85,1046.0,502.0,343.0
NGPL,4/24/2019,116.0,121.0,115.0,120.0,2.56,288.0,502.0,343.0
NGPL,4/25/2019,118.0,122.0,116.0,122.0,1.67,3016.0,502.0,343.0
NGPL,4/28/2019,123.0,125.0,120.0,124.0,1.64,3396.0,502.0,343.0
NGPL,4/29/2019,122.0,122.0,118.0,120.0,-3.23,418.0,502.0,343.0
NGPL,4/30/2019,118.0,126.0,117.0,122.0,1.67,824.0,502.0,343.0
NGPL,5/2/2019,120.0,120.0,120.0,120.0,-1.64,170.0,502.0,343.0
NGPL,5/5/2019,118.0,122.0,114.0,114.0,-5.0,1546.0,502.0,343.0
NGPL,5/6/2019,116.0,119.0,115.0,119.0,4.39,129.0,502.0,343.0
NGPL,5/7/2019,117.0,118.0,115.0,116.0,-2.52,1121.0,502.0,343.0
NGPL,5/8/2019,116.0,121.0,116.0,120.0,3.45,230.0,502.0,343.0
NGPL,5/9/2019,118.0,118.0,117.0,117.0,-2.5,256.0,502.0,343.0
NGPL,5/12/2019,115.0,119.0,115.0,117.0,0.0,561.0,502.0,343.0
NGPL,5/13/2019,116.0,119.0,116.0,116.0,-0.85,188.0,502.0,343.0
NGPL,5/14/2019,118.0,120.0,116.0,117.0,0.86,470.0,502.0,343.0
NGPL,5/15/2019,115.0,120.0,115.0,117.0,0.0,627.0,502.0,343.0
NGPL,5/16/2019,119.0,126.0,118.0,122.0,4.27,1249.0,502.0,343.0
NGPL,5/19/2019,120.0,124.0,119.0,124.0,1.64,1259.0,502.0,343.0
NGPL,5/20/2019,125.0,125.0,125.0,125.0,0.81,10.0,502.0,343.0
NGPL,5/21/2019,123.0,129.0,123.0,129.0,3.2,2566.0,502.0,343.0
NGPL,5/22/2019,127.0,135.0,121.0,132.0,2.33,11575.0,502.0,343.0
NGPL,5/23/2019,130.0,130.0,122.0,125.0,-5.3,1398.0,502.0,343.0
NGPL,5/26/2019,123.0,124.0,121.0,122.0,-2.4,154.0,502.0,343.0
NGPL,5/27/2019,120.0,123.0,119.0,123.0,0.82,676.0,502.0,343.0
NGPL,5/28/2019,121.0,125.0,120.0,123.0,0.0,551.0,502.0,343.0
NGPL,5/29/2019,122.0,125.0,119.0,125.0,1.63,2716.0,502.0,343.0
NGPL,5/30/2019,127.0,129.0,123.0,123.0,-1.6,1042.0,502.0,343.0
NGPL,6/2/2019,125.0,125.0,119.0,120.0,-2.44,501.0,502.0,343.0
NGPL,6/3/2019,121.0,122.0,118.0,120.0,0.0,1346.0,502.0,343.0
NGPL,6/4/2019,122.0,124.0,120.0,121.0,0.83,1705.0,502.0,343.0
NGPL,6/6/2019,119.0,119.0,117.0,117.0,-3.31,220.0,502.0,343.0
NGPL,6/10/2019,118.0,121.0,118.0,119.0,1.71,524.0,502.0,343.0
NGPL,6/11/2019,117.0,127.0,117.0,127.0,6.72,76.0,502.0,343.0
NGPL,6/12/2019,125.0,125.0,118.0,119.0,-6.3,379.0,502.0,343.0
NGPL,6/13/2019,118.0,121.0,115.0,120.0,0.84,1340.0,502.0,343.0
NGPL,6/16/2019,118.0,120.0,116.0,116.0,-3.33,522.0,502.0,343.0
NGPL,6/17/2019,116.0,121.0,116.0,121.0,4.31,874.0,502.0,343.0
NGPL,6/18/2019,119.0,121.0,119.0,119.0,-1.65,382.0,502.0,343.0
NGPL,6/19/2019,120.0,120.0,116.0,117.0,-1.68,1103.0,502.0,343.0
NGPL,6/20/2019,115.0,119.0,115.0,119.0,1.71,1421.0,502.0,343.0
NGPL,6/23/2019,117.0,119.0,116.0,119.0,0.0,516.0,502.0,343.0
NGPL,6/24/2019,117.0,117.0,117.0,117.0,-1.68,110.0,502.0,343.0
NGPL,6/25/2019,117.0,119.0,116.0,119.0,1.71,67.0,502.0,343.0
NGPL,6/26/2019,117.0,118.0,116.0,117.0,-1.68,267.0,502.0,343.0
NGPL,6/27/2019,116.0,117.0,116.0,116.0,-0.85,1719.0,502.0,343.0
NGPL,6/30/2019,115.0,116.0,115.0,115.0,-0.86,1689.0,502.0,343.0
NGPL,7/1/2019,114.0,118.0,114.0,116.0,0.87,1411.0,502.0,343.0
NGPL,7/2/2019,115.0,122.0,114.0,122.0,5.17,2040.0,502.0,343.0
NGPL,7/3/2019,120.0,120.0,114.0,116.0,-4.92,650.0,502.0,343.0
NGPL,7/4/2019,118.0,118.0,114.0,116.0,0.0,710.0,502.0,343.0
NGPL,7/7/2019,114.0,116.0,114.0,115.0,-0.86,131.0,502.0,343.0
NGPL,7/8/2019,115.0,118.0,114.0,116.0,0.87,1215.0,502.0,343.0
NGPL,7/9/2019,116.0,118.0,115.0,118.0,1.72,364.0,502.0,343.0
NGPL,7/10/2019,116.0,119.0,116.0,119.0,0.85,54.0,502.0,343.0
NGPL,7/11/2019,117.0,117.0,115.0,116.0,-2.52,292.0,502.0,343.0
NGPL,7/14/2019,115.0,117.0,115.0,116.0,0.0,1152.0,502.0,343.0
NGPL,7/15/2019,116.0,116.0,115.0,115.0,-0.86,482.0,502.0,343.0
NGPL,7/16/2019,115.0,117.0,115.0,116.0,0.87,151.0,502.0,343.0
NGPL,7/17/2019,116.0,116.0,116.0,116.0,0.0,122.0,502.0,343.0
NGPL,7/18/2019,116.0,118.0,116.0,118.0,1.72,43.0,502.0,343.0
NGPL,7/21/2019,117.0,117.0,113.0,115.0,-2.54,70.0,502.0,343.0
NGPL,7/22/2019,115.0,117.0,115.0,116.0,0.87,306.0,502.0,343.0
NGPL,7/23/2019,115.0,117.0,115.0,117.0,0.86,94.0,502.0,343.0
NGPL,7/24/2019,117.0,118.0,116.0,116.0,-0.85,309.0,502.0,343.0
NGPL,7/25/2019,115.0,116.0,114.0,116.0,0.0,1179.0,502.0,343.0
NGPL,7/28/2019,114.0,115.0,113.0,114.0,-1.72,195.0,502.0,343.0
NGPL,7/29/2019,113.0,117.0,113.0,115.0,0.88,437.0,502.0,343.0
NGPL,7/30/2019,114.0,114.0,114.0,114.0,-0.87,80.0,502.0,343.0
NGPL,7/31/2019,115.0,116.0,114.0,114.0,0.0,137.0,502.0,343.0
NGPL,8/1/2019,114.0,116.0,114.0,116.0,1.75,355.0,502.0,343.0
NGPL,8/4/2019,116.0,116.0,114.0,115.0,-0.86,768.0,502.0,343.0
NGPL,8/5/2019,116.0,116.0,114.0,114.0,-0.87,343.0,502.0,343.0
NGPL,8/6/2019,113.0,115.0,113.0,114.0,0.0,833.0,502.0,343.0
NGPL,8/7/2019,114.0,115.0,114.0,114.0,0.0,1474.0,502.0,343.0
NGPL,8/8/2019,113.0,115.0,113.0,115.0,0.88,218.0,502.0,343.0
NGPL,8/11/2019,113.0,115.0,112.0,113.0,-1.74,2070.0,502.0,343.0
NGPL,8/12/2019,113.0,114.0,113.0,113.0,0.0,643.0,502.0,343.0
NGPL,8/13/2019,114.0,114.0,113.0,113.0,0.0,514.0,502.0,343.0
NGPL,8/14/2019,112.0,113.0,112.0,113.0,0.0,90.0,502.0,343.0
NGPL,8/15/2019,113.0,113.0,112.0,112.0,-0.88,120.0,502.0,343.0
NGPL,8/18/2019,111.0,112.0,111.0,112.0,0.0,65.0,502.0,343.0
NGPL,8/19/2019,113.0,114.0,111.0,114.0,1.79,1105.0,502.0,343.0
NGPL,8/20/2019,113.0,113.0,111.0,111.0,-2.63,1023.0,502.0,343.0
NGPL,8/21/2019,113.0,113.0,112.0,112.0,0.9,121.0,502.0,343.0
NGPL,8/22/2019,111.0,115.0,111.0,115.0,2.68,953.0,502.0,343.0
NGPL,8/25/2019,114.0,118.0,111.0,116.0,0.87,846.0,502.0,343.0
NGPL,8/26/2019,114.0,116.0,112.0,113.0,-2.59,1030.0,502.0,343.0
NGPL,8/27/2019,111.0,115.0,109.0,115.0,1.77,954.0,502.0,343.0
NGPL,8/28/2019,115.0,115.0,114.0,114.0,-0.87,121.0,502.0,343.0
NGPL,8/29/2019,112.0,113.0,112.0,112.0,-1.75,493.0,502.0,343.0
NGPL,9/1/2019,110.0,114.0,103.0,108.0,-3.57,11524.0,502.0,343.0
NGPL,9/2/2019,106.0,108.0,98.0,108.0,0.0,17591.0,502.0,343.0
NGPL,9/3/2019,106.0,110.0,103.0,110.0,1.85,316.0,502.0,343.0
NGPL,9/4/2019,108.0,108.0,108.0,108.0,-1.82,100.0,502.0,343.0
NGPL,9/5/2019,106.0,106.0,102.0,104.0,-3.7,1581.0,502.0,343.0
NGPL,9/8/2019,104.0,105.0,101.0,103.0,-0.96,2271.0,502.0,343.0
NGPL,9/9/2019,104.0,104.0,100.0,100.0,-2.91,1399.0,502.0,343.0
NGPL,9/10/2019,102.0,102.0,98.0,98.0,-2.0,4556.0,502.0,343.0
NGPL,9/11/2019,97.0,100.0,97.0,97.0,-1.02,2134.0,502.0,343.0
NGPL,9/12/2019,97.0,100.0,97.0,100.0,3.09,1089.0,502.0,343.0
NGPL,9/15/2019,98.0,99.0,98.0,99.0,-1.0,244.0,502.0,343.0
NGPL,9/16/2019,98.0,100.0,98.0,99.0,0.0,1486.0,502.0,343.0
NGPL,9/17/2019,100.0,106.0,100.0,106.0,7.07,168.0,502.0,343.0
NGPL,9/18/2019,107.0,107.0,102.0,102.0,-3.77,806.0,502.0,343.0
NGPL,9/19/2019,100.0,99.0,100.0,104.0,1.96,4113.0,502.0,343.0
NGPL,9/22/2019,98.0,100.0,98.0,99.0,-4.81,99.0,502.0,343.0
NGPL,9/23/2019,100.0,99.0,100.0,100.0,1.01,1047.0,502.0,343.0
NGPL,9/24/2019,99.0,99.0,100.0,100.0,0.0,36.0,502.0,343.0
NGPL,9/25/2019,98.0,99.0,98.0,99.0,-1.0,237.0,502.0,343.0
NGPL,9/26/2019,99.0,99.0,98.0,98.0,-1.01,1117.0,502.0,343.0
NGPL,9/29/2019,99.0,99.0,98.0,99.0,1.02,1341.0,502.0,343.0
NGPL,9/30/2019,99.0,99.0,100.0,100.0,1.01,3576.0,502.0,343.0
NGPL,10/1/2019,100.0,102.0,100.0,102.0,2.0,1476.0,502.0,343.0
NGPL,10/2/2019,104.0,104.0,98.0,98.0,-3.92,3816.0,502.0,343.0
NGPL,10/3/2019,99.0,101.0,99.0,101.0,3.06,2407.0,502.0,343.0
NGPL,10/10/2019,99.0,99.0,99.0,99.0,-1.98,77.0,502.0,343.0
NGPL,10/14/2019,99.0,99.0,99.0,99.0,0.0,11.0,502.0,343.0
NGPL,10/15/2019,100.0,100.0,98.0,99.0,0.0,296.0,502.0,343.0
NGPL,10/16/2019,98.0,99.0,98.0,99.0,0.0,45.0,502.0,343.0
NGPL,10/17/2019,100.0,102.0,100.0,102.0,3.03,111.0,502.0,343.0
NGPL,10/20/2019,100.0,100.0,99.0,99.0,-2.94,44.0,502.0,343.0
NGPL,10/21/2019,99.0,99.0,98.0,98.0,-1.01,300.0,502.0,343.0
NGPL,10/22/2019,99.0,99.0,99.0,99.0,1.02,13.0,502.0,343.0
NGPL,10/23/2019,98.0,99.0,98.0,98.0,-1.01,58.0,502.0,343.0
NGPL,10/24/2019,99.0,100.0,99.0,100.0,2.04,1677.0,502.0,343.0
NGPL,10/31/2019,99.0,100.0,98.0,100.0,0.0,688.0,502.0,343.0
NGPL,11/3/2019,98.0,99.0,98.0,99.0,-1.0,544.0,502.0,343.0
NGPL,11/4/2019,100.0,100.0,99.0,100.0,1.01,613.0,502.0,343.0
NGPL,11/5/2019,99.0,99.0,99.0,99.0,-1.0,11.0,502.0,343.0
NGPL,11/6/2019,100.0,100.0,98.0,98.0,-1.01,980.0,502.0,343.0
NGPL,11/7/2019,99.0,99.0,99.0,99.0,1.02,545.0,502.0,343.0
NGPL,11/10/2019,98.0,99.0,98.0,98.0,-1.01,743.0,502.0,343.0
NGPL,11/11/2019,98.0,104.0,98.0,104.0,6.12,1719.0,502.0,343.0
NGPL,11/12/2019,102.0,102.0,102.0,102.0,-1.92,355.0,502.0,343.0
NGPL,11/13/2019,100.0,100.0,98.0,99.0,-2.94,1095.0,502.0,343.0
NGPL,11/14/2019,99.0,100.0,98.0,100.0,1.01,293.0,502.0,343.0
NGPL,11/17/2019,100.0,101.0,98.0,98.0,-2.0,2298.0,502.0,343.0
NGPL,11/18/2019,98.0,98.0,98.0,98.0,0.0,44.0,502.0,343.0
NGPL,11/19/2019,99.0,107.0,99.0,107.0,9.18,28039.0,502.0,343.0
NGPL,11/20/2019,112.0,116.0,108.0,109.0,1.87,23775.0,502.0,343.0
NGPL,11/21/2019,108.0,111.0,107.0,107.0,-1.83,1005.0,502.0,343.0
NGPL,11/24/2019,105.0,109.0,103.0,107.0,0.0,676.0,502.0,343.0
NGPL,11/25/2019,106.0,109.0,106.0,108.0,0.93,4913.0,502.0,343.0
NGPL,11/26/2019,106.0,107.0,106.0,106.0,-1.85,391.0,502.0,343.0
NGPL,11/27/2019,104.0,107.0,104.0,107.0,0.94,697.0,502.0,343.0
NGPL,11/28/2019,106.0,108.0,105.0,108.0,0.93,3542.0,502.0,343.0
NGPL,12/1/2019,107.0,107.0,104.0,104.0,-3.7,7588.0,502.0,343.0
NGPL,12/2/2019,103.0,107.0,103.0,105.0,0.96,786.0,502.0,343.0
NGPL,12/3/2019,105.0,107.0,105.0,106.0,0.95,1333.0,502.0,343.0
NGPL,12/4/2019,106.0,107.0,106.0,106.0,0.0,194.0,502.0,343.0
NGPL,12/5/2019,108.0,110.0,106.0,108.0,1.89,4634.0,502.0,343.0
NGPL,12/8/2019,107.0,110.0,107.0,109.0,0.93,1626.0,502.0,343.0
NGPL,12/9/2019,111.0,114.0,109.0,112.0,2.75,7810.0,502.0,343.0
NGPL,12/10/2019,110.0,112.0,109.0,111.0,-0.89,9177.0,502.0,343.0
NGPL,12/11/2019,112.0,113.0,110.0,112.0,0.9,2301.0,502.0,343.0
NGPL,12/12/2019,111.0,115.0,110.0,114.0,1.79,7304.0,502.0,343.0
NGPL,12/15/2019,116.0,116.0,111.0,112.0,-1.75,7975.0,502.0,343.0
NGPL,12/16/2019,113.0,114.0,110.0,110.0,-1.79,2088.0,502.0,343.0
NGPL,12/17/2019,112.0,113.0,111.0,113.0,2.73,153.0,502.0,343.0
NGPL,12/18/2019,112.0,112.0,112.0,112.0,-0.88,1122.0,502.0,343.0
NGPL,12/19/2019,112.0,112.0,111.0,111.0,-0.89,2544.0,502.0,343.0
NGPL,12/22/2019,111.0,112.0,111.0,111.0,0.0,2259.0,502.0,343.0
NGPL,12/23/2019,112.0,113.0,112.0,112.0,0.9,6907.0,502.0,343.0
NGPL,12/24/2019,112.0,113.0,111.0,112.0,0.0,4790.0,502.0,343.0
NGPL,12/25/2019,112.0,114.0,110.0,112.0,0.0,3465.0,502.0,343.0
NGPL,12/26/2019,112.0,112.0,111.0,112.0,0.0,599.0,502.0,343.0
NGPL,12/29/2019,112.0,112.0,109.0,111.0,-0.89,1832.0,502.0,343.0
NGPL,12/30/2019,109.0,110.0,109.0,109.0,-1.8,1539.0,502.0,343.0
NGPL,12/31/2019,111.0,111.0,108.0,109.0,0.0,1303.0,502.0,343.0
NGPL,1/1/2020,108.0,110.0,108.0,108.0,-0.92,1616.0,502.0,343.0
NGPL,1/2/2020,109.0,111.0,108.0,108.0,0.0,588.0,502.0,343.0
NGPL,1/5/2020,110.0,112.0,110.0,110.0,1.85,6003.0,502.0,343.0
NGPL,1/6/2020,109.0,114.0,109.0,111.0,0.91,1435.0,502.0,343.0
NGPL,1/7/2020,110.0,114.0,110.0,112.0,0.9,2415.0,502.0,343.0
NGPL,1/8/2020,110.0,115.0,110.0,110.0,-1.79,3243.0,502.0,343.0
NGPL,1/9/2020,108.0,112.0,108.0,112.0,1.82,747.0,502.0,343.0
NGPL,1/12/2020,112.0,114.0,112.0,112.0,0.0,2942.0,502.0,343.0
NGPL,1/13/2020,113.0,120.0,113.0,118.0,5.36,25169.0,502.0,343.0
NGPL,1/14/2020,120.0,120.0,115.0,115.0,-2.54,8015.0,502.0,343.0
NGPL,1/15/2020,117.0,125.0,117.0,117.0,1.74,5150.0,502.0,343.0
NGPL,1/16/2020,117.0,121.0,116.0,120.0,2.56,10695.0,502.0,343.0
NGPL,1/19/2020,118.0,122.0,118.0,119.0,-0.83,8576.0,502.0,343.0
NGPL,1/20/2020,119.0,121.0,117.0,117.0,-1.68,11834.0,502.0,343.0
NGPL,1/21/2020,115.0,119.0,115.0,118.0,0.85,6122.0,502.0,343.0
NGPL,1/22/2020,119.0,120.0,113.0,117.0,-0.85,3910.0,502.0,343.0
NGPL,1/23/2020,117.0,117.0,113.0,115.0,-1.71,3758.0,502.0,343.0
NGPL,1/26/2020,113.0,114.0,111.0,114.0,-0.87,5158.0,502.0,343.0
NGPL,1/27/2020,113.0,116.0,113.0,116.0,1.75,888.0,502.0,343.0
NGPL,1/28/2020,114.0,115.0,114.0,114.0,-1.72,2821.0,502.0,343.0
NGPL,1/29/2020,114.0,116.0,114.0,114.0,0.0,1202.0,502.0,343.0
NGPL,1/30/2020,114.0,120.0,113.0,118.0,3.51,16196.0,502.0,343.0
NGPL,2/2/2020,120.0,120.0,113.0,115.0,-2.54,4898.0,502.0,343.0
NGPL,2/3/2020,117.0,120.0,115.0,119.0,3.48,26812.0,502.0,343.0
NGPL,2/4/2020,121.0,121.0,115.0,117.0,-1.68,18702.0,502.0,343.0
NGPL,2/5/2020,117.0,119.0,116.0,118.0,0.85,6055.0,502.0,343.0
NGPL,2/6/2020,117.0,119.0,116.0,117.0,-0.85,3338.0,502.0,343.0
NGPL,2/9/2020,118.0,118.0,115.0,115.0,-1.71,3869.0,502.0,343.0
NGPL,2/10/2020,113.0,115.0,113.0,115.0,0.0,1338.0,502.0,343.0
NGPL,2/11/2020,114.0,119.0,114.0,117.0,1.74,2105.0,502.0,343.0
NGPL,2/12/2020,119.0,126.0,118.0,120.0,2.56,4518.0,502.0,343.0
NGPL,2/13/2020,121.0,121.0,118.0,119.0,-0.83,4338.0,502.0,343.0
NGPL,2/16/2020,121.0,130.0,121.0,130.0,9.24,65214.0,502.0,343.0
NGPL,2/17/2020,132.0,143.0,132.0,143.0,10.0,51759.0,502.0,343.0
NGPL,2/18/2020,143.0,145.0,136.0,140.0,-2.1,33122.0,502.0,343.0
NGPL,2/19/2020,138.0,140.0,135.0,139.0,-0.71,11491.0,502.0,343.0
NGPL,2/20/2020,141.0,141.0,136.0,138.0,-0.72,16125.0,502.0,343.0
NGPL,2/23/2020,140.0,142.0,137.0,140.0,1.45,34493.0,502.0,343.0
NGPL,2/24/2020,140.0,144.0,138.0,142.0,1.43,26590.0,502.0,343.0
NGPL,2/25/2020,140.0,148.0,140.0,145.0,2.11,33954.0,502.0,343.0
NGPL,2/26/2020,147.0,158.0,147.0,149.0,2.76,64391.0,502.0,343.0
NGPL,2/27/2020,147.0,147.0,137.0,139.0,-6.71,20223.0,502.0,343.0
NGPL,3/1/2020,137.0,138.0,129.0,130.0,-6.47,12293.0,502.0,343.0
NGPL,3/2/2020,128.0,130.0,126.0,129.0,-0.77,2608.0,502.0,343.0
NGPL,3/3/2020,129.0,129.0,120.0,122.0,-5.43,11810.0,502.0,343.0
NGPL,3/4/2020,122.0,122.0,114.0,117.0,-4.1,19976.0,502.0,343.0
NGPL,3/5/2020,115.0,119.0,113.0,118.0,0.85,3170.0,502.0,343.0
NGPL,3/10/2020,120.0,120.0,116.0,118.0,0.0,3383.0,502.0,343.0
NGPL,3/11/2020,116.0,120.0,112.0,119.0,0.85,8819.0,502.0,343.0
NGPL,3/12/2020,121.0,123.0,117.0,117.0,-1.68,13278.0,502.0,343.0
NGPL,3/15/2020,115.0,115.0,108.0,112.0,-4.27,9812.0,502.0,343.0
NGPL,3/16/2020,110.0,114.0,110.0,112.0,0.0,9088.0,502.0,343.0
NGPL,3/17/2020,112.0,112.0,105.0,107.0,-4.46,9914.0,502.0,343.0
NGPL,3/18/2020,105.0,107.0,102.0,104.0,-2.8,5390.0,502.0,343.0
NGPL,3/19/2020,102.0,107.0,100.0,107.0,2.88,5059.0,502.0,343.0
NGPL,3/22/2020,105.0,105.0,105.0,105.0,-1.87,500.0,502.0,343.0
NGPL,5/12/2020,103.0,103.0,102.0,102.0,-2.86,550.0,502.0,343.0
NGPL,5/13/2020,100.0,100.0,100.0,100.0,-1.96,11.0,502.0,343.0
NGPL,6/29/2020,99.0,102.0,98.0,105.0,5.0,1241.0,502.0,343.0
NGPL,7/1/2020,105.0,105.0,105.0,105.0,0.0,11.0,502.0,343.0
NGPL,7/2/2020,107.0,109.0,107.0,109.0,3.81,1078.0,502.0,343.0
NGPL,7/5/2020,107.0,110.0,105.0,105.0,-3.67,3194.0,502.0,343.0
NGPL,7/6/2020,104.0,110.0,103.0,106.0,0.95,1418.0,502.0,343.0
NGPL,7/7/2020,105.0,111.0,105.0,111.0,4.72,1581.0,502.0,343.0
NGPL,7/8/2020,111.0,114.0,109.0,113.0,1.8,2239.0,502.0,343.0
NGPL,7/9/2020,112.0,119.0,112.0,114.0,0.88,2609.0,502.0,343.0
NGPL,7/12/2020,113.0,117.0,113.0,117.0,2.63,3121.0,502.0,343.0
NGPL,7/13/2020,117.0,120.0,116.0,117.0,0.0,4027.0,502.0,343.0
NGPL,7/14/2020,119.0,120.0,117.0,118.0,0.85,1881.0,502.0,343.0
NGPL,7/15/2020,118.0,118.0,115.0,115.0,-2.54,5898.0,502.0,343.0
NGPL,7/16/2020,113.0,117.0,113.0,117.0,1.74,3830.0,502.0,343.0
NGPL,7/19/2020,119.0,119.0,119.0,119.0,1.71,100.0,502.0,343.0
NGPL,7/20/2020,120.0,122.0,119.0,119.0,0.0,7045.0,502.0,343.0
NGPL,7/21/2020,119.0,123.0,117.0,121.0,1.68,6608.0,502.0,343.0
NGPL,7/22/2020,119.0,122.0,117.0,121.0,0.0,5611.0,502.0,343.0
NGPL,7/23/2020,120.0,123.0,120.0,121.0,0.0,1588.0,502.0,343.0
NGPL,7/26/2020,119.0,121.0,117.0,118.0,-2.48,2210.0,502.0,343.0
NGPL,7/27/2020,117.0,120.0,113.0,120.0,1.69,8987.0,502.0,343.0
NGPL,7/28/2020,118.0,119.0,116.0,119.0,-0.83,4246.0,502.0,343.0
NGPL,7/29/2020,117.0,120.0,116.0,117.0,-1.68,2802.0,502.0,343.0
NGPL,7/30/2020,118.0,121.0,118.0,121.0,3.42,3535.0,502.0,343.0
NGPL,8/2/2020,119.0,119.0,115.0,115.0,-4.96,6559.0,502.0,343.0
NGPL,8/3/2020,117.0,120.0,115.0,115.0,0.0,4145.0,502.0,343.0
NGPL,8/5/2020,115.0,118.0,114.0,115.0,0.0,6114.0,502.0,343.0
NGPL,8/6/2020,113.0,116.0,113.0,115.0,0.0,2086.0,502.0,343.0
NGPL,8/9/2020,113.0,115.0,113.0,115.0,0.0,3388.0,502.0,343.0
NGPL,8/10/2020,115.0,119.0,115.0,119.0,3.48,5077.0,502.0,343.0
NGPL,8/11/2020,121.0,121.0,117.0,117.0,-1.68,2062.0,502.0,343.0
NGPL,8/12/2020,117.0,120.0,117.0,120.0,2.56,1383.0,502.0,343.0
NGPL,8/13/2020,118.0,118.0,115.0,117.0,-2.5,2652.0,502.0,343.0
NGPL,8/16/2020,116.0,118.0,116.0,118.0,0.85,2928.0,502.0,343.0
NGPL,8/17/2020,118.0,118.0,115.0,115.0,-2.54,8858.0,502.0,343.0
NGPL,8/18/2020,115.0,118.0,115.0,118.0,2.61,1599.0,502.0,343.0
NGPL,8/19/2020,116.0,117.0,116.0,117.0,-0.85,573.0,502.0,343.0
NGPL,8/20/2020,117.0,119.0,116.0,117.0,0.0,790.0,502.0,343.0
NGPL,8/23/2020,118.0,118.0,116.0,116.0,-0.85,1196.0,502.0,343.0
NGPL,8/24/2020,115.0,118.0,115.0,117.0,0.86,7830.0,502.0,343.0
NGPL,8/25/2020,116.0,119.0,116.0,119.0,1.71,2804.0,502.0,343.0
NGPL,8/26/2020,117.0,121.0,116.0,120.0,0.84,9677.0,502.0,343.0
NGPL,8/27/2020,118.0,120.0,117.0,118.0,-1.67,3176.0,502.0,343.0
NGPL,8/30/2020,116.0,123.0,116.0,122.0,3.39,2994.0,502.0,343.0
NGPL,8/31/2020,122.0,132.0,120.0,130.0,6.56,17978.0,502.0,343.0
NGPL,9/2/2020,129.0,143.0,129.0,143.0,10.0,23696.0,502.0,343.0
NGPL,9/3/2020,150.0,153.0,135.0,135.0,-5.59,28044.0,502.0,343.0
NGPL,9/6/2020,137.0,143.0,137.0,138.0,2.22,18765.0,502.0,343.0
NGPL,9/7/2020,140.0,143.0,139.0,139.0,0.72,12374.0,502.0,343.0
NGPL,9/8/2020,139.0,142.0,139.0,142.0,2.16,9114.0,502.0,343.0
NGPL,9/9/2020,149.0,149.0,139.0,139.0,-2.11,3818.0,502.0,343.0
NGPL,9/10/2020,139.0,139.0,134.0,138.0,-0.72,9185.0,502.0,343.0
NGPL,9/13/2020,136.0,142.0,135.0,137.0,-0.72,25141.0,502.0,343.0
NGPL,9/14/2020,138.0,150.0,135.0,145.0,5.84,195758.0,502.0,343.0
NGPL,9/15/2020,147.0,151.0,137.0,144.0,-0.69,39947.0,502.0,343.0
NGPL,9/16/2020,145.0,158.0,142.0,158.0,9.72,45038.0,502.0,343.0
NGPL,9/17/2020,165.0,173.0,164.0,173.0,9.49,53609.0,502.0,343.0
NGPL,9/20/2020,180.0,180.0,156.0,160.0,-7.51,96898.0,502.0,343.0
NGPL,9/21/2020,157.0,167.0,151.0,165.0,3.12,66681.0,502.0,343.0
NGPL,9/22/2020,162.0,165.0,154.0,158.0,-4.24,44749.0,502.0,343.0
NGPL,9/23/2020,161.0,173.0,158.0,172.0,8.86,74497.0,502.0,343.0
NGPL,9/24/2020,180.0,189.0,174.0,185.0,7.56,81806.0,502.0,343.0
NGPL,9/27/2020,188.0,194.0,173.0,180.0,-2.7,82735.0,502.0,343.0
NGPL,9/28/2020,182.0,182.0,172.0,174.0,-3.33,26714.0,502.0,343.0
NGPL,9/29/2020,177.0,185.0,171.0,185.0,6.32,70809.0,502.0,343.0
NGPL,9/30/2020,188.0,188.0,178.0,179.0,-3.24,68746.0,502.0,343.0
NGPL,10/1/2020,186.0,187.0,175.0,176.0,-1.68,44458.0,502.0,343.0
NGPL,10/4/2020,173.0,177.0,169.0,174.0,-1.14,28355.0,502.0,343.0
NGPL,10/5/2020,174.0,185.0,172.0,180.0,3.45,40045.0,502.0,343.0
NGPL,10/6/2020,177.0,198.0,174.0,198.0,10.0,201616.0,502.0,343.0
NGPL,10/7/2020,199.0,217.0,199.0,217.0,9.6,115313.0,502.0,343.0
NGPL,10/8/2020,227.0,230.0,206.0,206.0,-5.07,76142.0,502.0,343.0
NGPL,10/11/2020,210.0,214.0,195.0,200.0,-2.91,97634.0,502.0,343.0
NGPL,10/12/2020,199.0,205.0,194.0,199.0,-0.5,39150.0,502.0,343.0
NGPL,10/13/2020,202.0,202.0,188.0,194.0,-2.51,30055.0,502.0,343.0
NGPL,10/14/2020,197.0,197.0,182.0,187.0,-3.61,27863.0,502.0,343.0
NGPL,10/15/2020,190.0,197.0,184.0,190.0,1.6,14882.0,502.0,343.0
NGPL,10/18/2020,193.0,193.0,184.0,188.0,-1.05,11147.0,502.0,343.0
NGPL,10/19/2020,185.0,198.0,185.0,193.0,2.66,24480.0,502.0,343.0
NGPL,10/20/2020,190.0,212.0,190.0,207.0,7.25,48474.0,502.0,343.0
NGPL,10/21/2020,210.0,210.0,199.0,201.0,-2.9,35092.0,502.0,343.0
NGPL,10/22/2020,198.0,208.0,197.0,203.0,1.0,54397.0,502.0,343.0
NGPL,10/28/2020,206.0,206.0,195.0,198.0,-2.46,20807.0,502.0,343.0
NGPL,10/29/2020,195.0,205.0,195.0,202.0,2.02,13359.0,502.0,343.0
NGPL,11/1/2020,198.0,215.0,195.0,209.0,3.47,58920.0,502.0,343.0
NGPL,11/2/2020,207.0,208.0,204.0,206.0,-1.44,27149.0,502.0,343.0
NGPL,11/3/2020,204.0,212.0,204.0,209.0,1.46,33376.0,502.0,343.0
NGPL,11/4/2020,210.0,212.0,208.0,212.0,1.44,29124.0,502.0,343.0
NGPL,11/5/2020,213.0,216.0,208.0,215.0,1.42,72609.0,502.0,343.0
NGPL,11/8/2020,217.0,225.0,216.0,225.0,4.65,91825.0,502.0,343.0
NGPL,11/9/2020,229.0,230.0,221.0,221.0,-1.78,57418.0,502.0,343.0
NGPL,11/10/2020,224.0,227.0,218.0,222.0,0.45,42294.0,502.0,343.0
NGPL,11/11/2020,221.0,225.0,218.0,220.0,-0.9,21151.0,502.0,343.0
NGPL,11/12/2020,223.0,223.0,214.0,214.0,-2.73,33604.0,502.0,343.0
NGPL,11/18/2020,218.0,218.0,202.0,206.0,-3.74,37411.0,502.0,343.0
NGPL,11/19/2020,202.0,217.0,202.0,216.0,4.85,30795.0,502.0,343.0
NGPL,11/22/2020,212.0,223.0,208.0,220.0,1.85,47024.0,502.0,343.0
NGPL,11/23/2020,213.0,227.0,213.0,226.0,2.73,116218.0,502.0,343.0
NGPL,11/24/2020,227.0,248.0,227.0,248.0,9.73,164092.0,502.0,343.0
NGPL,11/25/2020,260.0,272.0,260.0,272.0,9.68,55627.0,502.0,343.0
NGPL,11/26/2020,272.0,282.0,254.0,256.0,-5.88,115688.0,502.0,343.0
NGPL,11/29/2020,256.0,269.0,250.0,262.0,2.34,128395.0,502.0,343.0
NGPL,11/30/2020,267.0,274.0,253.0,261.0,-0.38,116413.0,502.0,343.0
NGPL,12/1/2020,260.0,261.0,249.0,254.0,-2.68,90390.0,502.0,343.0
NGPL,12/2/2020,250.0,262.0,250.0,250.0,-1.57,48206.0,502.0,343.0
NGPL,12/3/2020,245.0,255.0,241.0,249.0,-0.4,35411.0,502.0,343.0
NGPL,12/6/2020,246.0,246.0,229.0,232.0,-6.83,28835.0,502.0,343.0
NGPL,12/7/2020,235.0,248.0,232.0,247.0,6.47,34391.0,502.0,343.0
NGPL,12/8/2020,244.0,253.0,242.0,247.0,0.0,35097.0,502.0,343.0
NGPL,12/9/2020,245.0,255.0,240.0,240.0,-2.83,23155.0,502.0,343.0
NGPL,12/10/2020,236.0,255.0,232.0,247.0,2.92,25815.0,502.0,343.0
NGPL,12/13/2020,245.0,255.0,241.0,248.0,0.4,14975.0,502.0,343.0
NGPL,12/14/2020,244.0,253.0,236.0,248.0,0.0,10185.0,502.0,343.0
NGPL,12/15/2020,245.0,249.0,242.0,242.0,-2.42,8218.0,502.0,343.0
NGPL,12/16/2020,246.0,248.0,238.0,247.0,2.07,26928.0,502.0,343.0
NGPL,12/17/2020,247.0,250.0,242.0,246.0,-0.4,36881.0,502.0,343.0
NGPL,12/20/2020,246.0,247.0,231.0,236.0,-4.07,42373.0,502.0,343.0
NGPL,12/21/2020,232.0,244.0,228.0,244.0,3.39,31096.0,502.0,343.0
NGPL,12/22/2020,256.0,261.0,245.0,256.0,4.92,113487.0,502.0,343.0
NGPL,12/23/2020,268.0,268.0,248.0,250.0,-2.34,46151.0,502.0,343.0
NGPL,12/24/2020,250.0,251.0,241.0,246.0,-1.6,9005.0,502.0,343.0
NGPL,12/27/2020,243.0,247.0,239.0,242.0,-1.63,9835.0,502.0,343.0
NGPL,12/28/2020,238.0,246.0,234.0,240.0,-0.83,5056.0,502.0,343.0
NGPL,12/29/2020,237.0,241.0,235.0,240.0,0.0,27583.0,502.0,343.0
NGPL,12/30/2020,214.0,218.0,211.0,215.0,-10.42,5520.0,502.0,343.0
NGPL,12/31/2020,216.0,222.0,214.0,214.0,-0.47,6601.0,502.0,343.0
NGPL,1/3/2021,218.0,218.0,210.0,217.0,1.4,9444.0,502.0,343.0
NGPL,1/4/2021,215.0,221.0,214.0,216.0,-0.46,5180.0,502.0,343.0
NGPL,1/5/2021,214.0,229.0,214.0,221.0,2.31,18954.0,502.0,343.0
NGPL,1/6/2021,218.0,226.0,217.0,217.0,-1.81,13223.0,502.0,343.0
NGPL,1/7/2021,218.0,220.0,214.0,214.0,-1.38,13797.0,502.0,343.0
NGPL,1/10/2021,216.0,224.0,212.0,224.0,4.67,11339.0,502.0,343.0
NGPL,1/11/2021,220.0,222.0,218.0,220.0,-1.79,6834.0,502.0,343.0
NGPL,1/12/2021,231.0,231.0,217.0,222.0,0.91,6854.0,502.0,343.0
NGPL,1/13/2021,226.0,230.0,220.0,222.0,0.0,17809.0,502.0,343.0
NGPL,1/17/2021,215.0,227.0,215.0,221.0,-0.45,6808.0,502.0,343.0
NGPL,1/18/2021,232.0,232.0,220.0,223.0,0.9,14477.0,502.0,343.0
NGPL,1/19/2021,225.0,226.0,219.0,225.0,0.9,15366.0,502.0,343.0
NGPL,1/20/2021,226.0,241.0,223.0,240.0,6.67,42356.0,502.0,343.0
NGPL,1/21/2021,244.0,255.0,240.0,242.0,0.83,52871.0,502.0,343.0
NGPL,1/24/2021,246.0,246.0,235.0,239.0,-1.24,7723.0,502.0,343.0
NGPL,1/25/2021,235.0,246.0,231.0,235.0,-1.67,39335.0,502.0,343.0
NGPL,1/26/2021,231.0,240.0,231.0,236.0,0.43,10649.0,502.0,343.0
NGPL,1/27/2021,236.0,240.0,234.0,236.0,0.0,8443.0,502.0,343.0
NGPL,1/28/2021,235.0,237.0,228.0,231.0,-2.12,16007.0,502.0,343.0
NGPL,1/31/2021,235.0,235.0,227.0,227.0,-1.73,10979.0,502.0,343.0
NGPL,2/1/2021,227.0,239.0,227.0,228.0,0.44,11609.0,502.0,343.0
NGPL,2/2/2021,225.0,233.0,225.0,228.0,0.0,10516.0,502.0,343.0
NGPL,2/3/2021,230.0,240.0,227.0,234.0,2.63,40337.0,502.0,343.0
NGPL,2/4/2021,230.0,256.0,230.0,253.0,8.12,148730.0,502.0,343.0
NGPL,2/7/2021,265.0,265.0,241.0,241.0,-4.74,117139.0,502.0,343.0
NGPL,2/8/2021,253.0,255.0,245.0,247.0,2.49,31753.0,502.0,343.0
NGPL,2/9/2021,247.0,256.0,236.0,242.0,-2.02,21232.0,502.0,343.0
NGPL,2/10/2021,254.0,254.0,238.0,238.0,-1.65,23837.0,502.0,343.0
NGPL,2/11/2021,236.0,243.0,236.0,236.0,-0.84,24364.0,502.0,343.0
NGPL,2/14/2021,240.0,248.0,232.0,236.0,0.0,11428.0,502.0,343.0
NGPL,2/15/2021,236.0,251.0,236.0,245.0,3.81,23633.0,502.0,343.0
NGPL,2/16/2021,233.0,241.0,233.0,235.0,-4.08,38422.0,502.0,343.0
NGPL,2/17/2021,233.0,247.0,233.0,236.0,0.43,17907.0,502.0,343.0
NGPL,2/18/2021,239.0,242.0,233.0,242.0,2.54,13775.0,502.0,343.0
NGPL,2/21/2021,243.0,247.0,233.0,241.0,-0.41,26543.0,502.0,343.0
NGPL,2/22/2021,244.0,245.0,235.0,239.0,-0.83,46634.0,502.0,343.0
NGPL,2/23/2021,228.0,243.0,228.0,238.0,-0.42,19446.0,502.0,343.0
NGPL,2/24/2021,242.0,245.0,235.0,236.0,-0.84,9352.0,502.0,343.0
NGPL,2/25/2021,238.0,238.0,232.0,234.0,-0.85,24332.0,502.0,343.0
NGPL,2/28/2021,230.0,235.0,225.0,226.0,-3.42,16848.0,502.0,343.0
NGPL,3/1/2021,223.0,234.0,223.0,231.0,2.21,5842.0,502.0,343.0
NGPL,3/2/2021,227.0,230.0,221.0,222.0,-3.9,8019.0,502.0,343.0
NGPL,3/3/2021,218.0,223.0,217.0,220.0,-0.9,11319.0,502.0,343.0
NGPL,3/4/2021,224.0,228.0,224.0,226.0,2.73,2519.0,502.0,343.0
NGPL,3/7/2021,222.0,225.0,220.0,220.0,-2.65,8073.0,502.0,343.0
NGPL,3/9/2021,220.0,237.0,220.0,228.0,3.64,15237.0,502.0,343.0
NGPL,3/10/2021,228.0,239.0,228.0,234.0,2.63,25188.0,502.0,343.0
NGPL,3/14/2021,231.0,233.0,223.0,233.0,-0.43,8652.0,502.0,343.0
NGPL,3/15/2021,229.0,233.0,225.0,230.0,-1.29,4035.0,502.0,343.0
NGPL,3/16/2021,226.0,232.0,226.0,229.0,-0.43,2165.0,502.0,343.0
NGPL,3/17/2021,240.0,240.0,228.0,229.0,0.0,7868.0,502.0,343.0
NGPL,3/18/2021,230.0,234.0,230.0,231.0,0.87,9116.0,502.0,343.0
NGPL,3/21/2021,242.0,242.0,229.0,235.0,1.73,14493.0,502.0,343.0
NGPL,3/22/2021,231.0,235.0,230.0,233.0,-0.85,7304.0,502.0,343.0
NGPL,3/23/2021,233.0,240.0,230.0,236.0,1.29,28394.0,502.0,343.0
NGPL,3/24/2021,247.0,247.0,235.0,240.0,1.69,38834.0,502.0,343.0
NGPL,3/25/2021,228.0,244.0,228.0,235.0,-2.08,12038.0,502.0,343.0
NGPL,3/29/2021,232.0,235.0,231.0,234.0,-0.43,5740.0,502.0,343.0
NGPL,3/30/2021,238.0,239.0,234.0,237.0,1.28,9791.0,502.0,343.0
NGPL,3/31/2021,235.0,239.0,234.0,234.0,-1.27,10012.0,502.0,343.0
NGPL,4/1/2021,237.0,242.0,235.0,242.0,3.42,34174.0,502.0,343.0
NGPL,4/4/2021,240.0,242.0,237.0,242.0,0.0,16150.0,502.0,343.0
NGPL,4/5/2021,242.0,249.0,239.0,248.0,2.48,30221.0,502.0,343.0
NGPL,4/6/2021,248.0,270.0,244.0,263.0,6.05,94576.0,502.0,343.0
NGPL,4/7/2021,262.0,268.0,251.0,252.0,-4.18,65076.0,502.0,343.0
NGPL,4/8/2021,257.0,267.0,249.0,251.0,-0.4,22744.0,502.0,343.0
NGPL,4/12/2021,255.0,255.0,243.0,248.0,-1.2,36296.0,502.0,343.0
NGPL,4/13/2021,248.0,255.0,244.0,248.0,0.0,12179.0,502.0,343.0
NGPL,4/15/2021,248.0,255.0,245.0,247.0,-0.4,28382.0,502.0,343.0
NGPL,4/18/2021,245.0,260.0,245.0,251.0,1.62,30810.0,502.0,343.0
NGPL,4/19/2021,247.0,250.0,243.0,245.0,-2.39,21759.0,502.0,343.0
NGPL,4/20/2021,245.0,251.0,243.0,249.0,1.63,29440.0,502.0,343.0
NGPL,4/21/2021,261.0,265.0,251.0,254.0,2.01,92233.0,502.0,343.0
NGPL,4/22/2021,255.0,257.0,249.0,254.0,0.0,15504.0,502.0,343.0
NGPL,4/25/2021,249.0,250.0,239.0,240.0,-5.51,25919.0,502.0,343.0
NGPL,4/26/2021,237.0,249.0,231.0,240.0,0.0,24343.0,502.0,343.0
NGPL,4/27/2021,252.0,252.0,229.0,247.0,2.92,27209.0,502.0,343.0
NGPL,4/28/2021,243.0,253.0,241.0,248.0,0.4,24895.0,502.0,343.0
NGPL,4/29/2021,248.0,250.0,241.0,249.0,0.4,24294.0,502.0,343.0
NGPL,5/2/2021,249.0,257.0,247.0,253.0,1.61,57572.0,502.0,343.0
NGPL,5/3/2021,258.0,278.0,258.0,278.0,9.88,345536.0,502.0,343.0
NGPL,5/4/2021,291.0,299.0,270.0,288.0,3.6,105873.0,502.0,343.0
NGPL,5/5/2021,284.0,315.0,279.0,315.0,9.38,88535.0,502.0,343.0
NGPL,5/6/2021,320.0,320.0,286.0,288.0,-8.57,243887.0,502.0,343.0
NGPL,5/9/2021,302.0,302.0,279.0,282.0,-2.08,71755.0,502.0,343.0
NGPL,5/10/2021,287.0,287.0,279.0,283.0,0.35,46248.0,502.0,343.0
NGPL,5/11/2021,297.0,301.0,283.0,296.0,4.59,105841.0,502.0,343.0
NGPL,5/12/2021,282.0,315.0,282.0,312.0,5.41,168088.0,502.0,343.0
NGPL,5/13/2021,298.0,329.0,298.0,317.0,1.6,105802.0,502.0,343.0
NGPL,5/16/2021,332.0,332.0,307.0,310.0,-2.21,74092.0,502.0,343.0
NGPL,5/17/2021,315.0,330.0,310.0,327.0,5.48,156471.0,502.0,343.0
NGPL,5/18/2021,330.0,359.0,330.0,349.0,6.73,142381.0,502.0,343.0
NGPL,5/19/2021,361.0,361.0,324.0,325.0,-6.88,124229.0,502.0,343.0
NGPL,5/20/2021,325.0,339.0,320.0,325.0,0.0,83712.0,502.0,343.0
NGPL,5/23/2021,320.0,340.0,315.0,338.0,4.0,67321.0,502.0,343.0
NGPL,5/24/2021,340.0,363.0,334.0,351.0,3.85,145225.0,502.0,343.0
NGPL,5/25/2021,367.0,377.0,346.0,370.0,5.41,113938.0,502.0,343.0
NGPL,5/27/2021,375.0,407.0,375.0,400.0,8.11,169221.0,502.0,343.0
NGPL,5/30/2021,410.0,422.0,381.0,389.0,-2.75,194580.0,502.0,343.0
NGPL,5/31/2021,396.0,402.0,358.0,362.0,-6.94,125629.0,502.0,343.0
NGPL,6/1/2021,370.0,373.0,351.0,360.0,-0.55,72801.0,502.0,343.0
NGPL,6/2/2021,360.0,389.0,356.0,384.0,6.67,75676.0,502.0,343.0
NGPL,6/3/2021,385.0,400.0,368.0,370.0,-3.65,76473.0,502.0,343.0
NGPL,6/6/2021,388.0,388.0,354.0,362.0,-2.16,61399.0,502.0,343.0
NGPL,6/7/2021,363.0,382.0,363.0,381.0,5.25,76776.0,502.0,343.0
NGPL,6/8/2021,382.0,401.0,380.0,394.0,3.41,142397.0,502.0,343.0
NGPL,6/9/2021,400.0,425.0,392.0,423.0,7.36,227283.0,502.0,343.0
NGPL,6/10/2021,431.0,465.0,430.0,465.0,9.93,264227.0,502.0,343.0
NGPL,6/13/2021,488.0,511.0,470.0,511.0,9.89,284857.0,502.0,343.0
NGPL,6/14/2021,521.0,562.0,505.0,562.0,9.98,306158.0,502.0,343.0
NGPL,6/15/2021,573.0,573.0,529.0,549.0,-2.31,123067.0,502.0,343.0
NGPL,6/16/2021,522.0,540.0,495.0,518.0,-5.65,139662.0,502.0,343.0
NGPL,6/17/2021,518.0,519.0,481.0,500.0,-3.47,176372.0,502.0,343.0
NGPL,6/20/2021,500.0,500.0,465.0,466.0,-6.8,86399.0,502.0,343.0
NGPL,6/21/2021,475.0,475.0,420.0,440.0,-5.58,96364.0,502.0,343.0
NGPL,6/22/2021,445.0,484.0,422.0,484.0,10.0,68785.0,502.0,343.0
NGPL,6/23/2021,508.0,528.0,455.0,528.0,9.09,71762.0,502.0,343.0
NGPL,6/24/2021,528.0,528.0,481.0,500.0,-5.3,84473.0,502.0,343.0
NGPL,6/27/2021,491.0,509.0,485.0,485.0,-3.0,55128.0,502.0,343.0
NGPL,6/28/2021,494.0,498.0,475.0,485.0,0.0,39130.0,502.0,343.0
NGPL,6/29/2021,490.0,494.0,455.0,464.0,-4.33,21839.0,502.0,343.0
NGPL,6/30/2021,455.0,480.0,437.0,455.0,-1.94,40086.0,502.0,343.0
NGPL,7/1/2021,477.0,477.0,445.0,458.0,0.66,52539.0,502.0,343.0
NGPL,7/4/2021,467.0,470.0,449.0,460.0,0.44,112455.0,502.0,343.0
NGPL,7/5/2021,469.0,469.0,445.0,455.0,-1.09,24108.0,502.0,343.0
NGPL,7/6/2021,477.0,477.0,442.0,452.0,-0.66,28206.0,502.0,343.0
NGPL,7/7/2021,458.0,461.0,441.0,441.0,-2.43,7702.0,502.0,343.0
NGPL,7/8/2021,433.0,449.0,433.0,444.0,0.68,23123.0,502.0,343.0
NGPL,7/11/2021,452.0,480.0,447.0,477.0,7.43,137224.0,502.0,343.0
NGPL,7/12/2021,480.0,490.0,469.0,477.0,0.0,76349.0,502.0,343.0
NGPL,7/13/2021,468.0,498.0,468.0,493.0,3.35,48587.0,502.0,343.0
NGPL,7/14/2021,501.0,539.0,489.0,521.0,5.68,191789.0,502.0,343.0
NGPL,7/15/2021,531.0,571.0,531.0,570.0,9.4,285228.0,502.0,343.0
NGPL,7/18/2021,581.0,627.0,581.0,627.0,10.0,268340.0,502.0,343.0
NGPL,7/19/2021,635.0,676.0,613.0,632.0,0.8,219202.0,502.0,343.0
NGPL,7/20/2021,644.6,644.6,615.0,631.0,-0.16,121685.0,502.0,343.0
NGPL,7/22/2021,643.0,694.1,618.4,694.1,10.0,510287.0,502.0,343.0
NGPL,7/25/2021,707.9,763.5,707.9,763.5,10.0,62475.0,502.0,343.0
NGPL,7/26/2021,778.7,839.8,778.7,839.8,9.99,469565.0,502.0,343.0
NGPL,7/27/2021,850.0,917.0,825.2,895.0,6.57,201000.0,502.0,343.0
NGPL,7/28/2021,912.0,938.0,882.0,901.0,0.67,168549.0,502.0,343.0
NGPL,7/29/2021,908.0,910.0,867.0,883.0,-2.0,199697.0,502.0,343.0
NGPL,8/1/2021,883.0,971.3,880.0,969.8,9.83,324163.0,502.0,343.0
NGPL,8/2/2021,989.1,1000.0,941.8,994.0,2.5,239568.0,502.0,343.0
NGPL,8/3/2021,974.2,1072.1,935.0,1040.0,4.63,441539.0,502.0,343.0
NGPL,8/4/2021,1040.0,1043.0,980.0,984.0,-5.38,170444.0,502.0,343.0
NGPL,8/5/2021,984.0,1000.0,940.8,968.8,-1.54,219944.0,502.0,343.0
NGPL,8/8/2021,988.0,1065.6,988.0,1065.6,9.99,468021.0,502.0,343.0
NGPL,8/9/2021,1086.9,1172.1,1086.9,1172.1,9.99,109820.0,502.0,343.0
NGPL,8/10/2021,1195.5,1289.3,1195.5,1255.0,7.07,256380.0,502.0,343.0
NGPL,8/11/2021,1270.0,1331.0,1185.0,1331.0,6.06,221893.0,502.0,343.0
NGPL,8/12/2021,1357.6,1357.6,1278.0,1344.0,0.98,91897.0,502.0,343.0
NGPL,8/15/2021,1344.0,1344.0,1223.1,1270.0,-5.51,86139.0,502.0,343.0
NGPL,8/16/2021,1295.4,1397.0,1198.0,1215.0,-4.33,390540.0,502.0,343.0
NGPL,8/17/2021,1239.3,1289.0,1194.0,1194.0,-1.73,183393.0,502.0,343.0
NGPL,8/18/2021,1217.8,1284.0,1200.0,1255.0,5.11,255153.0,502.0,343.0
NGPL,8/19/2021,1230.0,1240.0,1129.5,1145.0,-8.76,340096.0,502.0,343.0
NGPL,8/24/2021,1122.1,1145.0,1031.0,1050.0,-8.3,155634.0,502.0,343.0
NGPL,8/25/2021,1029.0,1111.0,955.5,1039.0,-1.05,139189.0,502.0,343.0
NGPL,8/26/2021,1050.0,1100.0,1030.0,1068.0,2.79,121313.0,502.0,343.0
NGPL,8/29/2021,1089.3,1153.0,1020.0,1031.0,-3.46,96544.0,502.0,343.0
NGPL,8/31/2021,1051.0,1051.0,1011.0,1025.0,-0.58,70805.0,502.0,343.0
NGPL,9/1/2021,1044.0,1051.0,1000.0,1009.0,-1.56,73690.0,502.0,343.0
NGPL,9/2/2021,1029.0,1029.0,946.0,969.0,-3.96,237391.0,502.0,343.0
NGPL,9/5/2021,807.3,807.3,726.8,749.0,-22.7,67033.0,502.0,343.0
NGPL,9/6/2021,749.0,823.9,721.0,823.9,10.0,102413.0,502.0,343.0
NGPL,9/7/2021,840.0,840.0,785.0,787.0,-4.48,49225.0,502.0,343.0
NGPL,9/8/2021,787.0,800.0,760.0,767.0,-2.54,22118.0,502.0,343.0
NGPL,9/9/2021,779.0,790.0,761.0,780.0,1.69,65524.0,502.0,343.0
NGPL,9/12/2021,795.6,858.0,790.0,855.0,9.62,127264.0,502.0,343.0
NGPL,9/13/2021,872.1,906.0,840.0,850.0,-0.58,103514.0,502.0,343.0
NGPL,9/14/2021,850.1,867.0,823.5,826.0,-2.82,26070.0,502.0,343.0
NGPL,9/15/2021,842.5,842.5,799.0,800.0,-3.15,59515.0,502.0,343.0
NGPL,9/16/2021,800.0,800.0,750.0,768.0,-4.0,57233.0,502.0,343.0
NGPL,9/20/2021,768.0,772.0,700.0,720.0,-6.25,67123.0,502.0,343.0
NGPL,9/21/2021,710.0,759.0,648.0,726.0,0.83,154900.0,502.0,343.0
NGPL,9/22/2021,740.0,768.0,726.0,726.0,0.0,84539.0,502.0,343.0
NGPL,9/23/2021,740.5,760.0,697.0,713.1,-1.78,71966.0,502.0,343.0
NGPL,9/26/2021,715.1,729.0,701.7,705.0,-1.14,119040.0,502.0,343.0
NGPL,9/27/2021,719.0,747.9,685.0,700.0,-0.71,67106.0,502.0,343.0
NGPL,9/28/2021,709.0,714.0,669.0,669.0,-4.43,64003.0,502.0,343.0
NGPL,9/29/2021,682.0,729.0,645.0,698.0,4.33,42580.0,502.0,343.0
NGPL,9/30/2021,711.8,711.8,664.0,664.0,-4.87,23812.0,502.0,343.0
NGPL,10/3/2021,668.0,672.8,635.0,643.0,-3.16,84615.0,502.0,343.0
NGPL,10/4/2021,649.0,649.0,603.9,603.9,-6.08,54551.0,502.0,343.0
NGPL,10/5/2021,615.0,637.0,600.0,615.0,1.84,28931.0,502.0,343.0
NGPL,10/6/2021,627.0,637.0,606.0,606.0,-1.46,32862.0,502.0,343.0
NGPL,10/10/2021,618.1,640.9,604.0,610.0,0.66,38593.0,502.0,343.0
NGPL,10/11/2021,615.0,639.0,598.0,606.1,-0.64,29513.0,502.0,343.0
NGPL,10/17/2021,608.0,630.0,600.0,614.0,1.3,9370.0,502.0,343.0
NGPL,10/18/2021,602.1,610.0,582.0,590.0,-3.91,39798.0,502.0,343.0
NGPL,10/19/2021,598.0,598.0,553.0,572.1,-3.03,19514.0,502.0,343.0
NGPL,10/20/2021,583.5,607.0,578.0,578.0,1.03,15282.0,502.0,343.0
NGPL,10/21/2021,580.0,600.0,571.0,572.0,-1.04,11566.0,502.0,343.0
NGPL,10/24/2021,573.0,612.0,572.0,600.0,4.9,19954.0,502.0,343.0
NGPL,10/25/2021,612.0,654.0,609.0,651.0,8.5,36381.0,502.0,343.0
NGPL,10/26/2021,664.0,716.1,663.0,716.1,10.0,110515.0,502.0,343.0
NGPL,10/27/2021,730.4,760.0,696.1,736.0,2.78,114020.0,502.0,343.0
NGPL,10/28/2021,740.0,790.0,721.3,785.0,6.66,68395.0,502.0,343.0
NGPL,10/31/2021,784.8,862.0,784.8,840.0,7.01,112225.0,502.0,343.0
NGPL,11/1/2021,850.0,871.0,790.0,804.0,-4.29,75648.0,502.0,343.0
NGPL,11/2/2021,811.0,819.0,784.0,802.0,-0.25,83951.0,502.0,343.0
NGPL,11/3/2021,818.0,849.0,800.0,807.0,0.62,63086.0,502.0,343.0
NGPL,11/8/2021,823.1,841.0,795.0,805.5,-0.19,51816.0,502.0,343.0
NGPL,11/9/2021,795.0,797.0,740.1,755.0,-6.27,118255.0,502.0,343.0
NGPL,11/11/2021,739.9,760.0,715.0,725.0,-3.97,52396.0,502.0,343.0
NGPL,11/14/2021,725.0,797.5,700.7,768.0,5.93,90279.0,502.0,343.0
NGPL,11/15/2021,783.3,813.9,743.5,769.0,0.13,165313.0,502.0,343.0
NGPL,11/16/2021,753.7,783.0,753.7,771.0,0.26,57215.0,502.0,343.0
NGPL,11/17/2021,755.6,801.8,755.6,784.0,1.69,67602.0,502.0,343.0
NGPL,11/18/2021,768.4,783.0,750.0,762.0,-2.81,77037.0,502.0,343.0
NGPL,11/21/2021,762.0,776.2,745.0,746.0,-2.1,45924.0,502.0,343.0
NGPL,11/22/2021,746.0,760.9,744.0,748.0,0.27,37662.0,502.0,343.0
NGPL,11/23/2021,748.0,750.0,718.0,730.0,-2.41,50664.0,502.0,343.0
NGPL,11/24/2021,718.4,760.0,695.8,730.0,0.0,124878.0,502.0,343.0
NGPL,11/25/2021,743.9,743.9,716.0,716.0,-1.92,39776.0,502.0,343.0
NGPL,11/28/2021,705.0,721.0,644.4,665.0,-7.12,165626.0,502.0,343.0
NGPL,11/29/2021,665.0,689.0,652.0,665.0,0.0,56905.0,502.0,343.0
NGPL,11/30/2021,675.0,680.0,656.0,675.0,1.5,37945.0,502.0,343.0
NGPL,12/1/2021,688.0,698.7,662.0,671.0,-0.59,53908.0,502.0,343.0
NGPL,12/2/2021,684.0,684.0,661.0,665.0,-0.89,38852.0,502.0,343.0
NGPL,12/5/2021,665.0,665.0,637.0,647.0,-2.71,71766.0,502.0,343.0
NGPL,12/6/2021,635.0,670.0,620.0,660.0,2.01,58774.0,502.0,343.0
NGPL,12/7/2021,673.0,683.0,637.0,640.0,-3.03,33807.0,502.0,343.0
NGPL,12/8/2021,631.1,650.0,617.0,620.0,-3.12,25826.0,502.0,343.0
NGPL,12/9/2021,615.0,626.0,588.0,600.0,-3.23,82316.0,502.0,343.0
NGPL,12/12/2021,605.0,605.0,570.0,578.0,-3.67,60955.0,502.0,343.0
NGPL,12/13/2021,566.5,577.0,530.0,540.0,-6.57,102477.0,502.0,343.0
NGPL,12/14/2021,550.0,594.0,549.0,594.0,10.0,38038.0,502.0,343.0
NGPL,12/15/2021,605.0,652.0,582.0,614.0,3.37,93396.0,502.0,343.0
NGPL,12/16/2021,610.0,610.0,583.1,588.0,-4.23,46612.0,502.0,343.0
NGPL,12/20/2021,576.3,588.0,560.0,565.0,-3.91,29990.0,502.0,343.0
NGPL,12/21/2021,576.3,590.0,570.0,588.0,4.07,29309.0,502.0,343.0
NGPL,12/22/2021,599.0,620.0,588.1,620.0,5.44,51659.0,502.0,343.0
NGPL,12/23/2021,632.0,653.0,602.0,629.0,1.45,70335.0,502.0,343.0
NGPL,12/26/2021,629.0,641.5,614.0,621.0,-1.27,77992.0,502.0,343.0
NGPL,12/27/2021,616.0,626.0,593.0,593.0,-4.51,56083.0,502.0,343.0
NGPL,12/28/2021,589.0,599.0,570.1,587.0,-1.01,45043.0,502.0,343.0
NGPL,12/29/2021,598.0,610.0,576.1,591.0,0.68,25058.0,502.0,343.0
NGPL,1/2/2022,602.0,611.9,579.2,610.0,3.21,130786.0,502.0,343.0
NGPL,1/3/2022,615.0,621.9,605.0,605.0,-0.82,32503.0,502.0,343.0
NGPL,1/4/2022,598.0,635.0,597.0,629.0,3.97,105392.0,502.0,343.0
NGPL,1/5/2022,639.7,661.0,626.0,639.0,1.59,93212.0,502.0,343.0
NGPL,1/6/2022,637.0,649.0,624.3,645.0,0.94,40979.0,502.0,343.0
NGPL,1/9/2022,657.0,700.0,655.7,694.0,7.6,153728.0,502.0,343.0
NGPL,1/10/2022,707.8,723.0,688.0,700.0,0.86,103415.0,502.0,343.0
NGPL,1/11/2022,690.0,722.0,690.0,695.0,-0.71,106387.0,502.0,343.0
NGPL,1/12/2022,695.0,730.0,687.0,710.0,2.16,247140.0,502.0,343.0
NGPL,1/13/2022,724.2,769.0,710.0,765.0,7.75,183760.0,502.0,343.0
NGPL,1/16/2022,780.3,795.0,735.0,760.0,-0.65,268646.0,502.0,343.0
NGPL,1/17/2022,770.0,771.0,740.0,763.0,0.39,140434.0,502.0,343.0
NGPL,1/18/2022,775.0,775.0,730.0,739.0,-3.15,89338.0,502.0,343.0
NGPL,1/19/2022,750.0,750.0,716.0,718.0,-2.84,114026.0,502.0,343.0
NGPL,1/20/2022,727.0,742.0,710.0,738.0,2.79,94546.0,502.0,343.0
NGPL,1/23/2022,749.9,752.0,720.3,729.0,-1.22,84601.0,502.0,343.0
NGPL,1/24/2022,722.9,728.0,681.0,687.0,-5.76,145369.0,502.0,343.0
NGPL,1/25/2022,687.0,708.8,672.3,685.0,-0.29,79250.0,502.0,343.0
NGPL,1/26/2022,685.0,703.0,667.0,671.1,-2.03,59718.0,502.0,343.0
NGPL,1/27/2022,683.0,696.6,667.0,675.0,0.58,43179.0,502.0,343.0
NGPL,1/30/2022,688.5,726.0,688.5,725.0,7.41,97734.0,502.0,343.0
NGPL,1/31/2022,735.0,739.0,710.0,711.0,-1.93,39359.0,502.0,343.0
NGPL,2/1/2022,710.0,733.0,709.0,728.0,2.39,89097.0,502.0,343.0
NGPL,2/3/2022,740.0,753.5,720.0,725.0,-0.41,129155.0,502.0,343.0
NGPL,2/6/2022,716.0,726.0,700.0,705.0,-2.76,64146.0,502.0,343.0
NGPL,2/7/2022,700.0,719.0,695.0,709.0,0.57,33880.0,502.0,343.0
NGPL,2/8/2022,723.0,750.0,692.0,700.0,-1.27,80530.0,502.0,343.0
NGPL,2/9/2022,689.0,705.0,687.0,693.0,-1.0,42382.0,502.0,343.0
NGPL,2/10/2022,698.0,700.0,675.5,675.5,-2.53,44464.0,502.0,343.0
NGPL,2/13/2022,662.0,670.0,641.0,644.0,-4.66,101373.0,502.0,343.0
NGPL,2/14/2022,650.0,664.9,640.0,660.0,2.48,78822.0,502.0,343.0
NGPL,2/15/2022,665.0,695.0,662.0,692.0,4.85,70041.0,502.0,343.0
NGPL,2/16/2022,695.0,704.5,672.1,673.0,-2.75,45959.0,502.0,343.0
NGPL,2/17/2022,680.0,680.0,664.0,666.1,-1.03,49062.0,502.0,343.0
NGPL,2/20/2022,652.8,692.0,642.0,666.0,-0.02,51301.0,502.0,343.0
NGPL,2/21/2022,666.0,688.0,661.0,680.0,2.1,65319.0,502.0,343.0
NGPL,2/22/2022,689.0,698.0,681.0,681.0,0.15,54668.0,502.0,343.0
NGPL,2/23/2022,687.0,693.0,670.0,673.0,-1.17,30547.0,502.0,343.0
NGPL,2/24/2022,670.0,675.0,654.0,655.1,-2.66,41311.0,502.0,343.0
NGPL,2/27/2022,655.0,678.0,645.0,662.0,1.05,40941.0,502.0,343.0
NGPL,2/28/2022,675.0,688.0,638.0,639.0,-3.47,66078.0,502.0,343.0
NGPL,3/2/2022,640.0,640.0,595.0,600.0,-6.1,76279.0,502.0,343.0
NGPL,3/6/2022,600.0,624.0,596.0,602.9,0.48,49572.0,502.0,343.0
NGPL,3/7/2022,610.0,615.0,600.0,607.0,0.68,50984.0,502.0,343.0
NGPL,3/9/2022,594.9,610.0,588.0,590.0,-2.8,29487.0,502.0,343.0
NGPL,3/10/2022,600.0,618.0,590.0,618.0,4.75,46139.0,502.0,343.0
NGPL,3/13/2022,628.0,635.0,619.0,632.5,2.35,54080.0,502.0,343.0
NGPL,3/14/2022,632.1,639.0,622.0,632.0,-0.08,11114.0,502.0,343.0
NGPL,3/15/2022,632.1,636.0,615.0,618.0,-2.22,31525.0,502.0,343.0
NGPL,3/16/2022,622.0,629.0,605.1,608.7,-1.5,25374.0,502.0,343.0
NGPL,3/20/2022,620.0,626.0,609.0,617.8,1.49,29073.0,502.0,343.0
NGPL,3/21/2022,616.0,673.0,616.0,665.2,7.67,84950.0,502.0,343.0
NGPL,3/22/2022,670.0,679.8,645.0,649.0,-2.44,50043.0,502.0,343.0
NGPL,3/23/2022,659.0,659.0,639.0,644.0,-0.77,26284.0,502.0,343.0
NGPL,3/24/2022,644.0,645.0,625.0,629.0,-2.33,31479.0,502.0,343.0
NGPL,3/27/2022,629.0,644.0,610.0,611.0,-2.86,58937.0,502.0,343.0
NGPL,3/28/2022,611.0,632.0,610.0,625.0,2.29,81745.0,502.0,343.0
NGPL,3/29/2022,635.9,635.9,615.0,620.0,-0.8,13852.0,502.0,343.0
NGPL,3/30/2022,621.0,639.0,616.0,633.2,2.13,28877.0,502.0,343.0
NGPL,3/31/2022,643.5,643.5,618.0,625.0,-1.3,39398.0,502.0,343.0
NGPL,4/3/2022,624.0,626.0,615.0,616.2,-1.41,38568.0,502.0,343.0
NGPL,4/4/2022,621.0,621.0,613.0,617.0,0.13,44719.0,502.0,343.0
NGPL,4/5/2022,617.0,617.0,595.0,605.6,-1.85,75209.0,502.0,343.0
NGPL,4/6/2022,615.0,615.0,590.2,599.0,-1.09,28489.0,502.0,343.0
NGPL,4/7/2022,605.0,609.0,589.0,600.0,0.17,35990.0,502.0,343.0
NGPL,4/11/2022,612.0,617.0,592.0,600.0,0.0,61717.0,502.0,343.0
NGPL,4/12/2022,608.9,608.9,589.5,592.0,-1.33,24499.0,502.0,343.0
NGPL,4/13/2022,585.0,606.0,585.0,598.5,1.1,22341.0,502.0,343.0
NGPL,4/17/2022,605.0,608.9,587.0,589.0,-1.59,41315.0,502.0,343.0
NGPL,4/18/2022,595.0,595.0,565.0,566.0,-3.9,47267.0,502.0,343.0
NGPL,4/19/2022,554.8,575.0,550.0,567.0,0.18,30008.0,502.0,343.0
NGPL,4/20/2022,557.5,568.0,545.0,550.0,-3.0,55189.0,502.0,343.0
NGPL,4/21/2022,543.0,560.0,529.0,540.1,-1.8,33196.0,502.0,343.0
NGPL,4/24/2022,549.9,585.0,543.1,584.9,8.29,62185.0,502.0,343.0
NGPL,4/25/2022,589.9,594.0,570.1,572.0,-2.21,34686.0,502.0,343.0
NGPL,4/26/2022,583.0,583.0,556.0,559.0,-2.27,18787.0,502.0,343.0
NGPL,4/27/2022,555.0,592.6,555.0,585.0,4.65,46850.0,502.0,343.0
NGPL,4/28/2022,585.0,603.0,585.0,590.0,0.85,60599.0,502.0,343.0
NGPL,5/2/2022,590.0,590.0,559.0,561.0,-4.92,39898.0,502.0,343.0
NGPL,5/4/2022,566.0,575.0,554.0,567.0,1.07,46821.0,502.0,343.0
NGPL,5/5/2022,575.0,593.0,558.6,571.0,0.71,70994.0,502.0,343.0
NGPL,5/8/2022,582.4,594.0,561.0,591.0,3.5,33037.0,502.0,343.0
NGPL,5/9/2022,599.0,600.0,571.0,576.0,-2.54,24840.0,502.0,343.0
NGPL,5/10/2022,586.9,633.6,580.0,633.6,10.0,162700.0,502.0,343.0
NGPL,5/11/2022,646.2,694.0,646.2,674.0,6.38,129596.0,502.0,343.0
NGPL,5/12/2022,685.0,685.0,649.0,650.0,-3.56,112400.0,502.0,343.0
NGPL,5/17/2022,637.0,640.0,608.0,612.0,-5.85,56409.0,502.0,343.0
NGPL,5/18/2022,600.0,641.0,590.0,630.0,2.94,53666.0,502.0,343.0
NGPL,5/19/2022,630.0,638.9,611.0,615.0,-2.38,28925.0,502.0,343.0
NGPL,5/20/2022,624.9,629.0,607.2,612.0,-0.49,17587.0,502.0,343.0
NGPL,5/23/2022,612.0,612.0,590.1,594.0,-2.94,42002.0,502.0,343.0
NGPL,5/24/2022,598.0,610.9,590.0,604.5,1.77,30280.0,502.0,343.0
NGPL,5/25/2022,604.0,616.0,602.0,604.0,-0.08,17712.0,502.0,343.0
NGPL,5/26/2022,609.0,615.0,598.0,602.0,-0.33,20037.0,502.0,343.0
NGPL,5/27/2022,605.1,609.9,591.0,599.0,-0.5,25279.0,502.0,343.0
NGPL,5/30/2022,610.9,610.9,583.0,583.0,-2.67,41968.0,502.0,343.0
NGPL,5/31/2022,585.0,590.9,571.5,580.0,-0.51,31013.0,502.0,343.0
NGPL,6/1/2022,574.0,593.0,574.0,575.0,-0.86,19057.0,502.0,343.0
NGPL,6/2/2022,585.0,586.0,572.4,577.0,0.35,15741.0,502.0,343.0
NGPL,6/3/2022,566.0,588.5,565.0,569.0,-1.39,18071.0,502.0,343.0
NGPL,6/6/2022,570.0,586.0,568.0,568.0,-0.18,14176.0,502.0,343.0
NGPL,6/7/2022,564.0,576.0,545.1,547.0,-3.7,38578.0,502.0,343.0
NGPL,6/8/2022,540.0,578.9,540.0,570.0,4.2,33159.0,502.0,343.0
NGPL,6/9/2022,580.0,581.4,555.0,555.0,-2.63,32245.0,502.0,343.0
NGPL,6/10/2022,550.0,565.0,547.0,555.0,0.0,21480.0,502.0,343.0
NGPL,6/13/2022,566.0,566.0,554.7,558.0,0.54,12092.0,502.0,343.0
NGPL,6/14/2022,558.0,564.0,540.0,541.0,-3.05,17043.0,502.0,343.0
NGPL,6/15/2022,531.0,540.8,519.6,525.0,-2.96,24419.0,502.0,343.0
NGPL,6/16/2022,517.0,546.0,512.0,527.0,0.38,17916.0,502.0,343.0
NGPL,6/17/2022,527.0,532.4,525.0,530.0,0.57,5402.0,502.0,343.0
NGPL,6/19/2022,520.0,530.4,510.1,511.0,-3.58,17160.0,502.0,343.0
NGPL,6/20/2022,502.0,505.0,485.0,486.0,-4.89,33657.0,502.0,343.0
NGPL,6/21/2022,476.3,510.0,476.3,503.9,3.68,22302.0,502.0,343.0
NGPL,6/22/2022,495.0,502.0,488.0,492.0,-2.36,14831.0,502.0,343.0
NGPL,6/23/2022,490.0,510.0,470.5,499.0,1.42,61287.0,502.0,343.0
NGPL,6/24/2022,508.9,548.9,499.0,526.0,5.41,121440.0,502.0,343.0
NGPL,6/26/2022,536.5,578.6,536.5,578.0,9.89,146754.0,502.0,343.0
NGPL,6/27/2022,589.5,601.2,546.0,550.0,-4.84,89466.0,502.0,343.0
NGPL,6/28/2022,551.0,551.0,522.0,528.0,-4.0,66105.0,502.0,343.0
NGPL,6/29/2022,528.0,545.0,515.0,540.0,2.27,102108.0,502.0,343.0
NGPL,6/30/2022,550.0,559.0,530.0,541.0,0.19,104215.0,502.0,343.0
NGPL,7/1/2022,544.0,548.0,524.0,526.0,-2.77,62705.0,502.0,343.0
NGPL,7/3/2022,536.0,536.5,473.4,509.0,-3.23,436527.0,502.0,343.0
NGPL,7/4/2022,268.8,289.9,268.8,289.9,-43.05,14138.0,502.0,343.0
NGPL,7/5/2022,295.6,318.8,295.6,318.8,9.97,232484.0,502.0,343.0
NGPL,7/6/2022,325.0,325.0,300.1,309.0,-3.07,172015.0,502.0,343.0
NGPL,7/7/2022,315.0,323.0,305.0,308.0,-0.32,52574.0,502.0,343.0
NGPL,7/8/2022,309.0,309.0,299.0,299.5,-2.76,37407.0,502.0,343.0
NGPL,7/11/2022,295.0,295.0,278.0,280.0,-6.51,49343.0,502.0,343.0
NGPL,7/12/2022,282.0,290.0,275.1,286.0,2.14,55701.0,502.0,343.0
NGPL,7/13/2022,286.0,302.9,280.3,302.9,5.91,77006.0,502.0,343.0
NGPL,7/14/2022,308.0,318.0,300.0,302.0,-0.3,43253.0,502.0,343.0
NGPL,7/15/2022,302.0,306.0,296.0,297.0,-1.66,22355.0,502.0,343.0
NGPL,7/17/2022,302.9,313.9,295.0,298.0,0.34,29639.0,502.0,343.0
NGPL,7/18/2022,301.0,302.0,294.0,300.0,0.67,21014.0,502.0,343.0
NGPL,7/19/2022,302.0,303.9,297.0,297.0,-1.0,40209.0,502.0,343.0
NGPL,7/20/2022,300.0,300.0,291.9,294.0,-1.01,28351.0,502.0,343.0
NGPL,7/21/2022,294.0,295.8,289.0,289.7,-1.46,28301.0,502.0,343.0
NGPL,7/22/2022,290.0,292.0,284.0,286.7,-1.04,23436.0,502.0,343.0
NGPL,7/24/2022,290.0,300.0,285.1,295.0,2.9,55044.0,502.0,343.0
NGPL,7/25/2022,297.0,309.8,292.0,308.5,4.58,125228.0,502.0,343.0
NGPL,7/26/2022,306.0,313.9,288.2,300.0,-2.76,64788.0,502.0,343.0
NGPL,7/27/2022,300.0,304.0,290.0,303.9,1.3,37207.0,502.0,343.0
NGPL,7/28/2022,309.0,316.0,297.0,303.9,0.0,104313.0,502.0,343.0
NGPL,7/29/2022,303.9,306.0,299.0,300.9,-0.99,31153.0,502.0,343.0
NGPL,7/31/2022,306.0,306.0,300.0,302.0,0.37,71022.0,502.0,343.0
NGPL,8/1/2022,307.0,312.9,296.0,310.0,2.65,138452.0,502.0,343.0
NGPL,8/2/2022,310.0,313.0,303.0,305.0,-1.61,38146.0,502.0,343.0
NGPL,8/3/2022,311.1,318.0,304.0,310.0,1.64,91104.0,502.0,343.0
NGPL,8/4/2022,316.0,316.0,296.6,301.9,-2.61,74747.0,502.0,343.0
NGPL,8/5/2022,296.0,303.0,293.0,295.0,-2.29,41284.0,502.0,343.0
NGPL,8/7/2022,295.0,303.0,293.5,294.8,-0.07,32806.0,502.0,343.0
NGPL,8/8/2022,300.0,300.6,289.0,291.2,-1.22,43883.0,502.0,343.0
NGPL,8/9/2022,292.0,293.5,280.3,280.4,-3.71,59493.0,502.0,343.0
NGPL,8/10/2022,283.0,285.6,276.0,279.0,-0.5,44668.0,502.0,343.0
NGPL,8/11/2022,283.9,285.0,274.6,274.6,-1.58,31083.0,502.0,343.0
NGPL,8/14/2022,279.0,279.0,267.0,272.1,-0.91,43632.0,502.0,343.0
NGPL,8/15/2022,277.5,280.3,270.2,280.3,3.01,53224.0,502.0,343.0
NGPL,8/16/2022,285.9,291.0,274.9,274.9,-1.93,50291.0,502.0,343.0
NGPL,8/17/2022,280.0,280.0,272.0,273.0,-0.69,24121.0,502.0,343.0
NGPL,8/18/2022,278.0,287.0,273.6,282.0,3.3,33849.0,502.0,343.0
NGPL,8/21/2022,287.0,289.8,277.0,277.5,-1.6,24020.0,502.0,343.0
NGPL,8/22/2022,274.0,280.0,274.0,274.8,-0.97,18883.0,502.0,343.0
NGPL,8/23/2022,280.2,285.0,269.4,277.0,0.8,32295.0,502.0,343.0
NGPL,8/24/2022,280.0,282.0,275.0,277.0,0.0,28486.0,502.0,343.0
NGPL,8/25/2022,282.0,283.0,271.2,271.3,-2.06,23433.0,502.0,343.0
NGPL,8/26/2022,270.0,270.0,267.4,268.5,-1.03,14804.0,502.0,343.0
NGPL,8/28/2022,266.1,275.0,261.0,261.0,-2.79,30261.0,502.0,343.0
NGPL,8/29/2022,260.0,266.2,259.1,266.0,1.92,12141.0,502.0,343.0
NGPL,8/30/2022,271.3,271.3,260.0,262.0,-1.5,24292.0,502.0,343.0
NGPL,8/31/2022,257.0,262.1,253.0,253.2,-3.36,19123.0,502.0,343.0
NGPL,9/1/2022,252.0,258.0,248.5,254.0,0.32,26984.0,502.0,343.0
NGPL,9/2/2022,251.0,267.0,251.0,254.0,0.0,6138.0,502.0,343.0
NGPL,9/4/2022,259.0,263.9,254.0,256.5,0.98,6108.0,502.0,343.0
NGPL,9/5/2022,254.0,260.0,254.0,254.2,-0.9,6013.0,502.0,343.0
NGPL,9/6/2022,259.0,259.0,248.0,249.0,-2.05,14550.0,502.0,343.0
NGPL,9/7/2022,249.0,249.0,243.6,245.5,-1.41,11739.0,502.0,343.0
NGPL,9/8/2022,241.7,254.4,241.0,249.0,1.43,13455.0,502.0,343.0
NGPL,9/11/2022,244.6,249.0,240.3,242.5,-2.61,15582.0,502.0,343.0
NGPL,9/12/2022,237.7,247.0,233.5,236.0,-2.68,30666.0,502.0,343.0
NGPL,9/13/2022,240.7,241.0,235.3,236.0,0.0,22762.0,502.0,343.0
NGPL,9/14/2022,240.5,252.7,240.5,251.8,6.69,31184.0,502.0,343.0
NGPL,9/15/2022,254.0,259.0,237.5,239.0,-5.08,22700.0,502.0,343.0
NGPL,9/16/2022,239.0,239.0,230.6,238.0,-0.42,14003.0,502.0,343.0
NGPL,9/18/2022,234.1,239.7,225.1,225.7,-5.17,29616.0,502.0,343.0
NGPL,9/20/2022,221.2,230.2,215.6,216.0,-4.3,16561.0,502.0,343.0
NGPL,9/21/2022,220.0,228.8,215.6,216.0,0.0,16365.0,502.0,343.0
NGPL,9/22/2022,220.0,224.0,214.0,215.0,-0.46,7881.0,502.0,343.0
NGPL,9/25/2022,215.0,217.0,210.7,211.0,-1.86,11126.0,502.0,343.0
NGPL,9/27/2022,215.0,218.0,209.0,213.1,1.0,13108.0,502.0,343.0
NGPL,9/28/2022,215.0,217.2,208.9,212.0,-0.52,6280.0,502.0,343.0
NGPL,9/29/2022,214.0,216.0,210.0,213.0,0.47,7816.0,502.0,343.0
NGPL,10/9/2022,216.0,223.9,216.0,220.0,3.29,7964.0,502.0,343.0
NGPL,10/10/2022,224.4,228.8,213.0,219.9,-0.05,12156.0,502.0,343.0
NGPL,10/11/2022,219.0,219.9,208.0,212.0,-3.59,14546.0,502.0,343.0
NGPL,10/12/2022,216.0,216.0,208.9,211.6,-0.19,9551.0,502.0,343.0
NGPL,10/13/2022,213.0,215.0,211.1,211.1,-0.24,8883.0,502.0,343.0
NGPL,10/16/2022,214.9,214.9,208.1,209.0,-0.99,7341.0,502.0,343.0
NGPL,10/17/2022,213.0,214.0,209.1,210.0,0.48,4956.0,502.0,343.0
NGPL,10/19/2022,213.9,213.9,205.0,207.0,-1.43,10706.0,502.0,343.0
NGPL,10/20/2022,207.0,207.0,200.0,204.0,-1.45,8475.0,502.0,343.0
NGPL,10/23/2022,208.0,210.0,204.0,209.0,2.45,10458.0,502.0,343.0
NGPL,10/31/2022,210.0,210.9,208.0,209.4,0.19,3434.0,502.0,343.0
NGPL,11/1/2022,210.0,220.8,210.0,220.0,5.06,11188.0,502.0,343.0
NGPL,11/2/2022,223.0,224.4,215.0,218.0,-0.91,14114.0,502.0,343.0
NGPL,11/3/2022,218.0,222.0,215.0,217.0,-0.46,5759.0,502.0,343.0
NGPL,11/6/2022,220.0,225.0,216.0,225.0,3.69,12803.0,502.0,343.0
NGPL,11/7/2022,225.0,230.0,224.0,224.0,-0.44,19466.0,502.0,343.0
NGPL,11/8/2022,220.0,228.0,217.1,218.0,-2.68,8993.0,502.0,343.0
NGPL,11/9/2022,216.0,220.0,212.0,213.0,-2.29,11814.0,502.0,343.0
NGPL,11/10/2022,217.0,217.0,208.8,210.0,-1.41,14219.0,502.0,343.0
NGPL,11/13/2022,209.2,209.3,201.0,205.7,-2.05,27104.0,502.0,343.0
NGPL,11/14/2022,201.6,201.6,185.2,195.0,-5.2,409589.0,502.0,343.0
NGPL,11/15/2022,198.9,198.9,190.0,190.8,-2.15,95207.0,502.0,343.0
NGPL,11/16/2022,191.5,200.8,190.0,198.0,3.77,136293.0,502.0,343.0
NGPL,11/17/2022,200.0,208.8,199.0,207.0,4.55,224179.0,502.0,343.0
NGPL,11/22/2022,207.0,218.0,207.0,210.0,1.45,229793.0,502.0,343.0
NGPL,11/23/2022,208.0,215.0,207.0,213.0,1.43,146041.0,502.0,343.0
NGPL,11/24/2022,213.0,216.0,210.1,215.0,0.94,85931.0,502.0,343.0
NGPL,11/27/2022,217.0,221.0,214.3,219.0,1.86,143597.0,502.0,343.0
NGPL,11/28/2022,223.0,226.4,218.1,220.0,0.46,147097.0,502.0,343.0
NGPL,11/29/2022,220.0,223.3,217.1,221.0,0.45,80208.0,502.0,343.0
NGPL,11/30/2022,219.0,221.0,217.0,218.2,-1.27,34905.0,502.0,343.0
NGPL,12/1/2022,222.3,222.4,216.0,217.0,-0.55,74083.0,502.0,343.0
NGPL,12/4/2022,220.0,224.0,216.0,217.0,0.0,63839.0,502.0,343.0
NGPL,12/5/2022,215.0,221.0,211.0,212.0,-2.3,82215.0,502.0,343.0
NGPL,12/6/2022,216.0,216.0,208.0,209.0,-1.42,81813.0,502.0,343.0
NGPL,12/7/2022,210.0,214.0,205.9,205.9,-1.48,57328.0,502.0,343.0
NGPL,12/11/2022,205.0,207.0,202.0,202.0,-1.89,73331.0,502.0,343.0
NGPL,12/12/2022,200.0,209.0,200.0,208.5,3.22,79590.0,502.0,343.0
NGPL,12/13/2022,208.5,210.9,206.0,208.0,-0.24,34710.0,502.0,343.0
NGPL,12/14/2022,211.0,211.0,205.0,205.5,-1.2,48086.0,502.0,343.0
NGPL,12/15/2022,208.8,208.8,202.6,203.0,-1.22,50922.0,502.0,343.0
NGPL,12/18/2022,203.0,204.0,198.1,199.0,-1.97,73249.0,502.0,343.0
NGPL,12/19/2022,201.0,204.0,200.0,204.0,2.51,33008.0,502.0,343.0
NGPL,12/20/2022,204.1,207.6,203.0,204.0,0.0,32355.0,502.0,343.0
NGPL,12/21/2022,207.0,207.8,202.0,203.9,-0.05,28466.0,502.0,343.0
NGPL,12/22/2022,203.0,206.9,201.4,204.0,0.05,35425.0,502.0,343.0
NGPL,12/26/2022,207.0,219.0,206.0,218.0,6.86,100956.0,502.0,343.0
NGPL,12/27/2022,222.0,228.0,219.1,220.0,0.92,193807.0,502.0,343.0
NGPL,12/28/2022,220.1,223.0,214.0,217.0,-1.36,150213.0,502.0,343.0
NGPL,12/29/2022,220.0,229.0,215.0,227.0,4.61,177218.0,502.0,343.0
NGPL,1/1/2023,231.5,236.5,225.5,228.0,0.44,212310.0,502.0,343.0
NGPL,1/2/2023,232.0,241.5,223.5,239.0,4.82,231535.0,502.0,343.0
NGPL,1/3/2023,242.0,243.0,235.2,236.0,-1.26,145354.0,502.0,343.0
NGPL,1/4/2023,235.0,251.0,235.0,249.9,5.89,188934.0,502.0,343.0
NGPL,1/5/2023,254.0,264.0,246.0,258.9,3.6,303047.0,502.0,343.0
NGPL,1/8/2023,264.0,284.7,254.0,284.6,9.93,526234.0,502.0,343.0
NGPL,1/9/2023,290.2,311.0,285.0,310.0,8.92,560047.0,502.0,343.0
NGPL,1/10/2023,315.0,338.6,299.0,316.0,1.94,655173.0,502.0,343.0
NGPL,1/12/2023,322.3,340.0,306.0,308.0,-2.53,532665.0,502.0,343.0
NGPL,1/17/2023,305.0,318.0,301.1,315.0,2.27,335415.0,502.0,343.0
NGPL,1/18/2023,321.0,325.9,308.7,310.0,-1.59,243724.0,502.0,343.0
NGPL,1/19/2023,310.0,316.0,305.1,308.0,-0.65,117022.0,502.0,343.0
NGPL,1/23/2023,313.8,317.0,301.9,302.0,-1.95,204725.0,502.0,343.0
NGPL,1/24/2023,300.1,309.0,296.0,305.0,0.99,229393.0,502.0,343.0
NGPL,1/25/2023,307.0,312.0,305.0,307.5,0.82,118423.0,502.0,343.0
NGPL,1/26/2023,313.4,313.6,304.0,306.0,-0.49,108783.0,502.0,343.0
NGPL,1/29/2023,305.0,308.9,298.0,300.1,-1.93,168621.0,502.0,343.0
NGPL,1/30/2023,300.1,304.0,287.0,288.8,-3.77,205623.0,502.0,343.0
NGPL,1/31/2023,288.0,300.9,278.0,290.0,0.42,208267.0,502.0,343.0
NGPL,2/1/2023,290.0,296.0,286.1,290.2,0.07,115340.0,502.0,343.0
NGPL,2/2/2023,295.0,295.0,283.0,285.0,-1.79,107109.0,502.0,343.0
NGPL,2/5/2023,288.0,292.0,280.5,286.2,0.42,115130.0,502.0,343.0
NGPL,2/6/2023,282.0,292.0,280.5,287.0,0.28,81079.0,502.0,343.0
NGPL,2/7/2023,286.0,315.0,286.0,314.4,9.55,362494.0,502.0,343.0
NGPL,2/8/2023,320.6,326.4,308.1,309.5,-1.56,282673.0,502.0,343.0
NGPL,2/9/2023,310.0,319.0,308.0,316.9,2.39,169478.0,502.0,343.0
NGPL,2/12/2023,311.0,311.0,294.2,296.0,-6.6,373854.0,502.0,343.0
NGPL,2/14/2023,290.1,295.0,285.0,290.5,-1.86,267118.0,502.0,343.0
NGPL,2/15/2023,289.0,298.5,288.1,289.2,-0.45,124275.0,502.0,343.0
NGPL,2/16/2023,290.0,294.8,282.0,282.0,-2.49,152725.0,502.0,343.0
NGPL,2/20/2023,280.0,285.0,272.0,276.0,-2.13,139607.0,502.0,343.0
NGPL,2/22/2023,268.7,285.0,268.0,282.0,2.17,150217.0,502.0,343.0
NGPL,2/23/2023,282.0,283.0,272.0,275.1,-2.45,153718.0,502.0,343.0
NGPL,2/26/2023,272.5,280.0,260.4,279.0,1.42,157652.0,502.0,343.0
NGPL,2/27/2023,284.5,287.5,266.2,275.1,-1.4,104344.0,502.0,343.0
NGPL,2/28/2023,275.1,285.6,275.0,275.6,0.18,54927.0,502.0,343.0
NGPL,3/1/2023,276.7,276.7,270.0,271.0,-1.67,57748.0,502.0,343.0
NGPL,3/2/2023,269.0,272.0,264.7,266.0,-1.85,51669.0,502.0,343.0
NGPL,3/5/2023,268.0,270.0,260.0,260.0,-2.26,75419.0,502.0,343.0
NGPL,3/7/2023,263.0,270.7,260.2,264.0,1.54,68476.0,502.0,343.0
NGPL,3/9/2023,268.2,280.0,268.2,280.0,6.06,75293.0,502.0,343.0
NGPL,3/12/2023,285.0,290.0,272.2,274.0,-2.14,124976.0,502.0,343.0
NGPL,3/13/2023,270.0,276.0,270.0,270.7,-1.2,48320.0,502.0,343.0
NGPL,3/14/2023,275.9,276.9,268.0,273.0,0.85,59576.0,502.0,343.0
NGPL,3/15/2023,278.0,278.0,268.0,273.8,0.29,58046.0,502.0,343.0
NGPL,3/16/2023,270.5,277.0,270.5,275.2,0.51,33519.0,502.0,343.0
NGPL,3/19/2023,271.0,280.1,271.0,276.0,0.29,56583.0,502.0,343.0
NGPL,3/20/2023,280.0,282.0,276.0,280.0,1.45,57839.0,502.0,343.0
NGPL,3/22/2023,285.0,285.0,275.0,275.0,-1.79,46913.0,502.0,343.0
NGPL,3/23/2023,272.0,277.0,271.0,275.0,0.0,49419.0,502.0,343.0
NGPL,3/26/2023,271.5,276.0,269.0,270.0,-1.82,56407.0,502.0,343.0
NGPL,3/27/2023,270.0,280.5,266.1,280.0,3.7,65161.0,502.0,343.0
NGPL,3/28/2023,282.0,286.5,277.0,278.0,-0.71,98481.0,502.0,343.0
NGPL,3/29/2023,280.0,280.0,275.0,277.0,-0.36,39569.0,502.0,343.0
NGPL,3/30/2023,280.9,285.0,275.0,275.1,-0.69,35257.0,502.0,343.0
NGPL,4/2/2023,280.0,290.0,270.1,270.2,-1.78,53446.0,502.0,343.0
NGPL,4/3/2023,272.5,274.0,265.5,267.0,-1.18,64548.0,502.0,343.0
NGPL,4/4/2023,267.0,272.3,265.2,269.0,0.75,44532.0,502.0,343.0
NGPL,4/5/2023,270.7,270.7,266.0,268.0,-0.37,27279.0,502.0,343.0
NGPL,4/6/2023,273.0,273.3,263.0,263.0,-1.87,46127.0,502.0,343.0
NGPL,4/9/2023,260.0,265.0,258.0,258.3,-1.79,72021.0,502.0,343.0
NGPL,4/10/2023,258.3,264.0,258.3,261.0,1.05,28012.0,502.0,343.0
NGPL,4/11/2023,266.0,266.9,261.0,265.1,1.57,33618.0,502.0,343.0
NGPL,4/12/2023,269.9,281.0,266.6,280.5,5.81,100696.0,502.0,343.0
NGPL,4/13/2023,284.0,288.0,273.1,274.0,-2.32,69999.0,502.0,343.0
NGPL,4/16/2023,276.9,276.9,270.0,272.4,-0.58,33774.0,502.0,343.0
NGPL,4/17/2023,271.0,275.0,266.1,269.0,-1.25,36294.0,502.0,343.0
NGPL,4/18/2023,269.0,270.0,264.5,266.0,-1.12,38896.0,502.0,343.0
NGPL,4/19/2023,270.0,275.0,264.1,265.0,-0.38,31755.0,502.0,343.0
NGPL,4/20/2023,268.0,270.0,260.0,263.0,-0.75,74088.0,502.0,343.0
NGPL,4/23/2023,261.1,264.0,258.1,259.1,-1.48,43365.0,502.0,343.0
NGPL,4/24/2023,264.2,280.1,260.6,261.7,1.0,33106.0,502.0,343.0
NGPL,4/25/2023,262.0,272.2,258.2,263.0,0.5,21562.0,502.0,343.0
NGPL,4/26/2023,263.0,267.0,259.0,262.0,-0.38,57790.0,502.0,343.0
NGPL,4/27/2023,263.9,264.0,258.8,259.6,-0.92,31751.0,502.0,343.0
NGPL,4/30/2023,256.1,260.5,253.1,254.0,-2.16,46476.0,502.0,343.0
NGPL,5/2/2023,258.0,259.0,250.5,250.5,-1.38,23683.0,502.0,343.0
NGPL,5/3/2023,250.0,254.0,245.1,247.5,-1.2,36606.0,502.0,343.0
NGPL,5/4/2023,245.0,251.0,244.0,248.2,0.28,23144.0,502.0,343.0
NGPL,5/7/2023,248.2,248.2,237.5,237.5,-4.31,63762.0,502.0,343.0
NGPL,5/8/2023,240.0,240.0,228.6,231.0,-2.74,58839.0,502.0,343.0
NGPL,5/9/2023,228.0,242.0,228.0,237.0,2.6,34523.0,502.0,343.0
NGPL,5/10/2023,240.0,240.8,234.5,236.0,-0.42,13174.0,502.0,343.0
NGPL,5/11/2023,236.0,238.0,234.0,235.0,-0.42,22103.0,502.0,343.0
NGPL,5/14/2023,238.0,238.0,230.3,233.9,-0.47,25241.0,502.0,343.0
NGPL,5/15/2023,231.0,237.6,227.8,232.2,-0.73,20543.0,502.0,343.0
NGPL,5/16/2023,235.0,238.0,232.2,233.1,0.39,14309.0,502.0,343.0
NGPL,5/17/2023,234.0,240.0,234.0,237.6,1.93,21542.0,502.0,343.0
NGPL,5/18/2023,242.3,255.0,238.1,251.1,5.68,63574.0,502.0,343.0
NGPL,5/21/2023,255.9,261.1,250.0,251.0,-0.04,78473.0,502.0,343.0
NGPL,5/22/2023,254.5,257.9,245.2,254.0,1.2,33828.0,502.0,343.0
NGPL,5/23/2023,258.0,261.9,255.1,259.0,1.97,55045.0,502.0,343.0
NGPL,5/24/2023,262.9,263.9,253.9,258.0,-0.39,56643.0,502.0,343.0
NGPL,5/28/2023,261.9,261.9,252.9,261.5,1.36,153835.0,502.0,343.0
NGPL,5/30/2023,261.5,261.5,245.1,245.1,-6.27,98873.0,502.0,343.0
NGPL,5/31/2023,243.0,255.0,241.0,242.0,-1.26,63230.0,502.0,343.0
NGPL,6/1/2023,243.0,252.0,239.2,246.0,1.65,54266.0,502.0,343.0
NGPL,6/4/2023,250.9,261.0,246.0,254.0,3.25,58476.0,502.0,343.0
NGPL,6/5/2023,259.0,260.0,246.1,248.0,-2.36,56393.0,502.0,343.0
NGPL,6/6/2023,245.5,257.0,245.1,256.9,3.59,65721.0,502.0,343.0
NGPL,6/7/2023,257.0,260.0,254.0,257.0,0.04,85469.0,502.0,343.0
NGPL,6/8/2023,253.1,256.0,251.0,251.0,-2.33,53144.0,502.0,343.0
NGPL,6/11/2023,256.0,260.0,252.2,254.0,1.2,71392.0,502.0,343.0
NGPL,6/12/2023,259.0,264.0,251.5,255.0,0.39,70424.0,502.0,343.0
NGPL,6/13/2023,250.0,264.0,250.0,260.1,2.0,173752.0,502.0,343.0
NGPL,6/14/2023,261.0,277.0,261.0,268.0,3.04,296862.0,502.0,343.0
NGPL,6/15/2023,271.5,273.0,264.1,267.0,-0.37,108708.0,502.0,343.0
NGPL,6/18/2023,271.0,279.5,265.0,276.0,3.37,176677.0,502.0,343.0
NGPL,6/19/2023,277.0,278.0,266.0,271.8,-1.52,94175.0,502.0,343.0
NGPL,6/20/2023,273.0,278.0,259.7,261.0,-3.97,130568.0,502.0,343.0
NGPL,6/21/2023,266.0,266.0,254.0,254.9,-2.34,96480.0,502.0,343.0
NGPL,6/22/2023,252.0,259.0,248.1,251.8,-1.22,87004.0,502.0,343.0
NGPL,6/25/2023,253.0,268.7,247.0,258.0,2.46,153172.0,502.0,343.0
NGPL,6/26/2023,262.0,266.0,252.0,252.5,-2.13,108755.0,502.0,343.0
NGPL,6/27/2023,254.0,259.0,250.0,256.0,1.39,119693.0,502.0,343.0
NGPL,6/28/2023,259.0,260.9,249.5,251.0,-1.95,99963.0,502.0,343.0
NGPL,7/2/2023,247.2,252.9,240.0,241.0,-3.98,121631.0,502.0,343.0
NGPL,7/3/2023,244.2,246.0,237.0,238.0,-1.24,99554.0,502.0,343.0
NGPL,7/4/2023,242.0,243.0,238.0,240.5,1.05,59475.0,502.0,343.0
NGPL,7/5/2023,240.0,240.0,234.5,234.7,-2.41,45533.0,502.0,343.0
NGPL,7/6/2023,233.5,237.9,227.0,231.0,-1.58,71018.0,502.0,343.0
NGPL,7/9/2023,234.0,234.0,229.0,229.0,-0.87,58041.0,502.0,343.0
NGPL,7/10/2023,224.5,236.6,224.5,227.0,-0.87,55377.0,502.0,343.0
NGPL,7/11/2023,231.0,231.0,222.5,223.0,-1.76,58274.0,502.0,343.0
NGPL,7/12/2023,219.1,240.7,219.1,239.0,7.17,92608.0,502.0,343.0
NGPL,7/13/2023,243.7,249.7,238.0,239.0,0.0,117142.0,502.0,343.0
NGPL,7/16/2023,241.8,241.8,233.0,233.9,-2.13,62783.0,502.0,343.0
NGPL,7/17/2023,238.5,239.0,233.0,237.1,1.37,36717.0,502.0,343.0
NGPL,7/18/2023,240.0,243.0,234.0,234.3,-1.18,58835.0,502.0,343.0
NGPL,7/19/2023,237.0,238.3,230.9,231.5,-1.2,60581.0,502.0,343.0
NGPL,7/20/2023,232.0,236.6,226.4,230.0,-0.65,89818.0,502.0,343.0
NGPL,7/23/2023,233.0,239.4,232.0,235.2,2.26,40415.0,502.0,343.0
NGPL,7/24/2023,239.9,250.9,233.3,242.0,2.89,132331.0,502.0,343.0
NGPL,7/25/2023,246.8,254.8,239.0,248.0,2.48,268954.0,502.0,343.0
NGPL,7/26/2023,251.0,251.0,241.2,241.2,-2.74,49186.0,502.0,343.0
NGPL,7/27/2023,245.0,248.0,235.8,238.0,-1.33,64274.0,502.0,343.0
NGPL,7/30/2023,241.0,241.0,229.4,230.6,-3.11,59605.0,502.0,343.0
NGPL,7/31/2023,230.0,237.0,228.0,232.9,1.0,60794.0,502.0,343.0
NGPL,8/1/2023,235.0,235.3,224.0,225.0,-3.39,64194.0,502.0,343.0
NGPL,8/2/2023,225.1,227.9,220.5,226.8,0.8,39773.0,502.0,343.0
NGPL,8/3/2023,227.0,230.0,222.0,226.0,-0.35,33225.0,502.0,343.0
NGPL,8/6/2023,223.0,227.0,216.9,218.9,-3.14,46041.0,502.0,343.0
NGPL,8/7/2023,221.0,221.0,213.6,219.1,0.09,53085.0,502.0,343.0
NGPL,8/8/2023,221.7,221.7,213.3,213.3,-2.65,40005.0,502.0,343.0
NGPL,8/9/2023,213.9,226.7,207.0,219.0,2.67,55284.0,502.0,343.0
NGPL,8/10/2023,221.0,223.3,216.0,221.0,0.91,35480.0,502.0,343.0
NGPL,8/13/2023,221.1,222.9,213.0,217.0,-1.81,25362.0,502.0,343.0
NGPL,8/14/2023,221.3,229.1,214.4,214.5,-1.15,51327.0,502.0,343.0
NGPL,8/15/2023,214.0,215.9,208.1,209.5,-2.33,37289.0,502.0,343.0
NGPL,8/16/2023,205.5,209.6,204.1,206.5,-1.43,33538.0,502.0,343.0
NGPL,8/17/2023,208.3,209.4,204.0,204.9,-0.77,32073.0,502.0,343.0
NGPL,8/20/2023,205.0,205.7,200.9,201.0,-1.9,30420.0,502.0,343.0
NGPL,8/21/2023,201.0,205.0,197.0,197.0,-1.99,41688.0,502.0,343.0
NGPL,8/22/2023,199.0,206.9,197.0,205.0,4.06,27086.0,502.0,343.0
NGPL,8/23/2023,206.2,210.0,204.0,208.0,1.46,35091.0,502.0,343.0
NGPL,8/24/2023,207.0,216.2,204.0,205.0,-1.44,50928.0,502.0,343.0
NGPL,8/27/2023,205.0,208.0,200.9,202.0,-1.46,34009.0,502.0,343.0
NGPL,8/28/2023,204.0,206.0,196.0,200.0,-0.99,41926.0,502.0,343.0
NGPL,8/29/2023,203.0,203.0,198.3,201.0,0.5,14763.0,502.0,343.0
NGPL,8/30/2023,200.0,202.0,198.0,199.0,-1.0,24409.0,502.0,343.0
NGPL,9/3/2023,201.0,202.9,191.1,193.0,-3.02,52010.0,502.0,343.0
NGPL,9/4/2023,192.0,195.0,188.0,193.5,0.26,45657.0,502.0,343.0
NGPL,9/5/2023,194.8,195.0,190.0,191.5,-1.03,19836.0,502.0,343.0
NGPL,9/7/2023,190.0,190.0,185.8,186.0,-2.87,26021.0,502.0,343.0
NGPL,9/10/2023,188.5,194.0,187.6,190.0,2.15,26700.0,502.0,343.0
NGPL,9/11/2023,188.0,200.5,188.0,199.0,4.74,48362.0,502.0,343.0
NGPL,9/12/2023,195.2,200.0,192.4,194.0,-2.51,32060.0,502.0,343.0
NGPL,9/13/2023,196.0,208.0,192.2,208.0,7.22,59451.0,502.0,343.0
NGPL,9/17/2023,207.0,212.1,200.5,203.0,-2.4,44548.0,502.0,343.0
NGPL,9/18/2023,202.0,208.0,199.0,204.0,0.49,14755.0,502.0,343.0
NGPL,9/19/2023,206.0,215.0,202.0,214.0,4.9,45108.0,502.0,343.0
NGPL,9/21/2023,217.0,235.4,214.0,230.0,7.48,180808.0,502.0,343.0
NGPL,9/24/2023,227.0,237.0,222.2,226.0,-1.74,81393.0,502.0,343.0
NGPL,9/25/2023,221.6,230.0,220.5,222.0,-1.77,41168.0,502.0,343.0
NGPL,9/26/2023,226.4,233.0,226.0,227.0,2.25,62607.0,502.0,343.0
NGPL,9/27/2023,231.5,236.1,220.0,222.0,-2.2,66143.0,502.0,343.0
NGPL,10/1/2023,218.5,222.0,212.1,213.0,-4.05,47794.0,502.0,343.0
NGPL,10/2/2023,210.1,220.0,210.0,215.2,1.03,55182.0,502.0,343.0
NGPL,10/3/2023,211.1,219.4,210.9,212.2,-1.39,35190.0,502.0,343.0
NGPL,10/4/2023,216.4,220.0,215.4,216.8,2.17,41487.0,502.0,343.0
NGPL,10/5/2023,215.0,218.7,214.0,214.0,-1.29,24624.0,502.0,343.0
NGPL,10/8/2023,210.0,217.9,207.5,209.0,-2.34,46296.0,502.0,343.0
NGPL,10/9/2023,209.0,214.0,205.5,207.0,-0.96,35494.0,502.0,343.0
NGPL,10/10/2023,210.0,211.0,200.5,201.0,-2.9,40215.0,502.0,343.0
NGPL,10/11/2023,200.5,209.0,197.0,202.0,0.5,27813.0,502.0,343.0
NGPL,10/12/2023,202.5,204.9,200.0,200.3,-0.84,26477.0,502.0,343.0
NGPL,10/16/2023,200.0,202.0,197.5,197.6,-1.35,26801.0,502.0,343.0
NGPL,10/17/2023,201.5,208.5,200.1,200.1,1.27,19520.0,502.0,343.0
NGPL,10/18/2023,204.0,206.0,203.0,204.0,1.95,16265.0,502.0,343.0
NGPL,10/19/2023,205.0,205.6,201.7,202.0,-0.98,11167.0,502.0,343.0
NGPL,10/29/2023,204.0,204.0,198.0,199.0,-1.49,13755.0,502.0,343.0
NGPL,10/30/2023,196.1,202.0,196.0,201.9,1.46,12149.0,502.0,343.0
NGPL,10/31/2023,205.9,205.9,196.0,198.0,-1.93,15761.0,502.0,343.0
NGPL,11/1/2023,195.0,201.8,195.0,196.0,-1.01,10650.0,502.0,343.0
NGPL,11/2/2023,199.9,200.0,193.0,194.6,-0.71,21034.0,502.0,343.0
NGPL,11/5/2023,194.6,196.0,192.1,194.3,-0.15,9034.0,502.0,343.0
NGPL,11/6/2023,197.9,199.0,194.0,194.0,-0.15,21205.0,502.0,343.0
NGPL,11/7/2023,197.8,203.0,196.0,198.0,2.06,15607.0,502.0,343.0
NGPL,11/8/2023,195.0,200.0,195.0,198.8,0.4,4790.0,502.0,343.0
NGPL,11/9/2023,198.0,201.0,196.0,197.0,-0.91,14844.0,502.0,343.0
NGPL,11/20/2023,200.0,202.1,196.0,197.0,0.0,9979.0,502.0,343.0
NGPL,11/21/2023,198.1,200.8,190.2,192.0,-2.54,13959.0,502.0,343.0
NGPL,11/22/2023,190.0,198.5,190.0,195.0,1.56,9739.0,502.0,343.0
NGPL,11/23/2023,195.0,198.9,192.3,195.0,0.0,14174.0,502.0,343.0
NGPL,11/26/2023,194.1,204.1,194.1,203.0,4.1,42622.0,502.0,343.0
NGPL,11/27/2023,202.0,210.0,201.0,206.0,1.48,45368.0,502.0,343.0
NGPL,11/28/2023,206.9,207.0,200.0,204.0,-0.97,29248.0,502.0,343.0
NGPL,11/29/2023,208.0,208.0,200.6,203.7,-0.15,18569.0,502.0,343.0
NGPL,11/30/2023,199.7,207.0,198.0,198.6,-2.5,27919.0,502.0,343.0
NGPL,12/3/2023,197.0,200.0,194.1,196.0,-1.31,18061.0,502.0,343.0
NGPL,12/4/2023,199.0,199.5,194.0,197.0,0.51,16041.0,502.0,343.0
NGPL,12/5/2023,195.0,199.4,195.0,197.0,0.0,10235.0,502.0,343.0
NGPL,12/6/2023,195.0,198.8,195.0,196.0,-0.51,13367.0,502.0,343.0
NGPL,12/7/2023,199.0,199.0,195.4,195.7,-0.15,23345.0,502.0,343.0
NGPL,12/10/2023,199.6,215.2,199.6,215.0,9.86,510.0,502.0,343.0
NGPL,12/11/2023,219.3,223.6,207.5,211.0,-1.86,85062.0,502.0,343.0
NGPL,12/12/2023,209.0,217.3,209.0,213.3,1.09,61306.0,502.0,343.0
NGPL,12/13/2023,214.9,223.0,213.7,215.0,0.8,69217.0,502.0,343.0
NGPL,12/14/2023,211.1,219.0,211.1,216.0,0.47,35949.0,502.0,343.0
NGPL,12/17/2023,211.7,231.0,210.9,228.0,5.56,128070.0,502.0,343.0
NGPL,12/18/2023,232.5,244.0,228.0,233.0,2.19,179536.0,502.0,343.0
NGPL,12/19/2023,233.1,239.0,226.5,235.0,0.86,89316.0,502.0,343.0
NGPL,12/20/2023,233.1,240.1,231.6,235.0,0.0,96603.0,502.0,343.0
NGPL,12/21/2023,239.7,242.0,225.5,227.0,-3.4,147891.0,502.0,343.0
NGPL,12/24/2023,230.0,235.0,224.1,224.1,-1.28,136029.0,502.0,343.0
NGPL,12/27/2023,228.0,231.9,220.2,223.0,-0.49,68642.0,502.0,343.0
NGPL,12/28/2023,227.0,227.0,218.6,223.0,0.0,89450.0,502.0,343.0
NGPL,1/1/2024,224.0,227.4,217.5,217.5,-2.47,71665.0,502.0,343.0
NGPL,1/2/2024,216.0,218.0,210.0,212.0,-2.53,90872.0,502.0,343.0
NGPL,1/3/2024,215.0,222.5,211.0,222.0,4.72,87926.0,502.0,343.0
NGPL,1/4/2024,226.0,232.0,220.5,220.5,-0.68,83908.0,502.0,343.0
NGPL,1/7/2024,223.0,236.5,222.0,231.0,4.76,308245.0,502.0,343.0
NGPL,1/8/2024,235.5,235.5,227.4,235.0,1.73,115778.0,502.0,343.0
NGPL,1/9/2024,238.0,246.7,235.0,238.9,1.66,247239.0,502.0,343.0
NGPL,1/10/2024,243.6,262.7,238.8,262.7,9.96,615491.0,502.0,343.0
NGPL,1/11/2024,267.9,277.0,258.0,262.0,-0.27,300153.0,502.0,343.0
NGPL,1/14/2024,264.0,280.9,264.0,272.5,4.01,365559.0,502.0,343.0
NGPL,1/16/2024,277.0,299.7,275.0,299.7,9.98,457173.0,502.0,343.0
NGPL,1/17/2024,305.6,328.0,298.9,300.0,0.1,1074423.0,502.0,343.0
NGPL,1/18/2024,306.0,328.0,290.0,321.9,7.3,749457.0,502.0,343.0
NGPL,1/21/2024,325.0,331.4,312.1,315.0,-2.14,555010.0,502.0,343.0
NGPL,1/22/2024,309.0,338.5,309.0,327.0,3.81,949435.0,502.0,343.0
NGPL,1/23/2024,321.0,337.0,320.5,321.5,-1.68,352435.0,502.0,343.0
NGPL,1/24/2024,327.0,328.0,318.0,320.0,-0.47,405712.0,502.0,343.0
NGPL,1/25/2024,324.0,334.5,319.3,328.9,2.78,599761.0,502.0,343.0
NGPL,1/28/2024,323.0,351.0,323.0,346.0,5.2,690122.0,502.0,343.0
NGPL,1/29/2024,352.0,352.9,339.0,343.0,-0.87,689516.0,502.0,343.0
NGPL,1/30/2024,349.0,364.8,342.0,360.0,4.96,625609.0,502.0,343.0
NGPL,1/31/2024,365.0,365.0,342.1,342.1,-4.97,693236.0,502.0,343.0
NGPL,2/1/2024,342.0,344.9,332.0,336.0,-1.78,441974.0,502.0,343.0
NGPL,2/4/2024,336.0,343.0,330.0,340.5,1.34,350704.0,502.0,343.0
NGPL,2/5/2024,347.3,349.8,342.3,345.0,1.32,447667.0,502.0,343.0
NGPL,2/6/2024,343.0,349.0,339.1,340.0,-1.45,164152.0,502.0,343.0
NGPL,2/7/2024,344.0,345.0,334.0,338.0,-0.59,194811.0,502.0,343.0
NGPL,2/8/2024,335.1,344.7,334.0,342.6,1.36,215042.0,502.0,343.0
NGPL,2/11/2024,349.4,349.4,336.7,337.5,-1.49,150864.0,502.0,343.0
NGPL,2/12/2024,340.5,344.7,335.1,343.5,1.78,158637.0,502.0,343.0
NGPL,2/13/2024,336.7,342.0,333.0,335.1,-2.45,199614.0,502.0,343.0
NGPL,2/14/2024,339.1,340.0,330.0,338.4,0.98,194705.0,502.0,343.0
NGPL,2/15/2024,339.0,359.6,335.9,336.5,-0.56,239908.0,502.0,343.0
NGPL,2/18/2024,336.5,336.6,324.7,324.7,-3.51,213383.0,502.0,343.0
NGPL,2/20/2024,324.0,331.0,318.0,318.5,-1.91,187386.0,502.0,343.0
NGPL,2/21/2024,323.0,325.0,314.8,317.9,-0.19,123976.0,502.0,343.0
NGPL,2/22/2024,320.0,320.0,305.0,309.0,-2.8,201406.0,502.0,343.0
NGPL,2/25/2024,310.0,316.0,302.0,303.0,-1.94,271632.0,502.0,343.0
NGPL,2/26/2024,308.8,313.1,303.1,308.9,1.95,119323.0,502.0,343.0
NGPL,2/27/2024,313.9,315.0,306.9,307.0,-0.62,74142.0,502.0,343.0
NGPL,2/28/2024,310.0,312.0,299.0,300.0,-2.28,127527.0,502.0,343.0
NGPL,2/29/2024,300.0,304.0,287.0,290.0,-3.33,175571.0,502.0,343.0
NGPL,3/3/2024,286.0,296.9,280.0,289.9,-0.03,114951.0,502.0,343.0
NGPL,3/4/2024,295.6,318.8,295.6,318.0,9.69,31997.0,502.0,343.0
NGPL,3/5/2024,320.0,322.0,300.0,305.0,-4.09,281845.0,502.0,343.0
NGPL,3/6/2024,299.1,314.1,299.1,307.0,0.66,173471.0,502.0,343.0
NGPL,3/7/2024,313.1,318.0,305.0,308.0,0.33,86641.0,502.0,343.0
NGPL,3/10/2024,310.0,314.9,304.0,306.7,-0.42,59504.0,502.0,343.0
NGPL,3/12/2024,310.0,315.8,307.0,313.8,2.31,164131.0,502.0,343.0
NGPL,3/13/2024,314.0,328.2,310.0,320.2,2.04,309981.0,502.0,343.0
NGPL,3/14/2024,321.0,325.0,314.0,316.0,-1.31,102015.0,502.0,343.0
NGPL,3/17/2024,312.0,317.8,310.1,311.1,-1.55,75266.0,502.0,343.0
NGPL,3/18/2024,309.0,314.9,309.0,310.7,-0.13,58369.0,502.0,343.0
NGPL,3/19/2024,316.9,317.0,306.8,310.0,-0.23,82950.0,502.0,343.0
NGPL,3/20/2024,314.0,314.0,304.0,304.9,-1.65,66879.0,502.0,343.0
NGPL,3/21/2024,306.0,309.0,299.0,300.0,-1.61,74809.0,502.0,343.0
NGPL,3/25/2024,300.0,304.0,295.0,296.0,-1.33,54361.0,502.0,343.0
NGPL,3/26/2024,300.0,313.8,295.1,313.0,5.74,127647.0,502.0,343.0
NGPL,3/27/2024,315.0,315.0,303.3,304.0,-2.88,55078.0,502.0,343.0
NGPL,3/28/2024,303.5,309.0,300.0,303.5,-0.16,59378.0,502.0,343.0
NGPL,3/31/2024,300.5,307.9,300.1,301.0,-0.82,50795.0,502.0,343.0
NGPL,4/1/2024,300.0,303.0,297.0,299.0,-0.66,54050.0,502.0,343.0
NGPL,4/2/2024,303.9,303.9,295.8,296.0,-1.0,44909.0,502.0,343.0
NGPL,4/3/2024,299.5,300.0,295.0,296.0,0.0,54101.0,502.0,343.0
NGPL,4/4/2024,299.0,299.4,295.0,296.1,0.03,40059.0,502.0,343.0
NGPL,4/7/2024,302.0,302.0,296.0,299.9,1.28,53507.0,502.0,343.0
NGPL,4/9/2024,305.8,312.5,303.0,312.0,4.03,161902.0,502.0,343.0
NGPL,4/10/2024,318.2,321.5,313.0,316.0,1.28,256708.0,502.0,343.0
NGPL,4/14/2024,318.0,333.0,313.3,332.0,5.06,318533.0,502.0,343.0
NGPL,4/15/2024,335.0,345.7,325.5,326.0,-1.81,527926.0,502.0,343.0
NGPL,4/16/2024,330.0,330.0,314.8,315.0,-3.37,102481.0,502.0,343.0
NGPL,4/18/2024,315.0,315.0,307.0,312.1,-0.92,113068.0,502.0,343.0
NGPL,4/21/2024,311.0,326.0,306.1,318.5,2.05,68568.0,502.0,343.0
NGPL,4/22/2024,320.9,323.0,309.7,310.0,-2.67,79884.0,502.0,343.0
NGPL,4/24/2024,313.0,324.0,304.2,315.5,1.77,115450.0,502.0,343.0
NGPL,4/25/2024,313.1,318.0,311.0,313.0,-0.79,63328.0,502.0,343.0
NGPL,4/28/2024,319.0,321.0,312.1,315.2,0.7,82595.0,502.0,343.0
NGPL,4/29/2024,319.0,319.0,313.0,313.1,-0.67,52617.0,502.0,343.0
NGPL,4/30/2024,310.1,321.3,310.0,319.9,2.17,123906.0,502.0,343.0
NGPL,5/2/2024,319.0,323.0,310.4,310.7,-2.88,79496.0,502.0,343.0
NGPL,5/5/2024,316.8,316.8,302.8,304.8,-1.9,117423.0,502.0,343.0
NGPL,5/6/2024,306.0,309.9,303.0,305.0,0.07,54326.0,502.0,343.0
NGPL,5/7/2024,302.1,311.0,300.0,303.0,-0.66,59755.0,502.0,343.0
NGPL,5/8/2024,309.0,309.0,300.0,302.4,-0.2,41397.0,502.0,343.0
NGPL,5/9/2024,303.0,304.9,298.3,298.3,-1.36,89158.0,502.0,343.0
NGPL,5/12/2024,300.0,305.0,299.0,300.5,0.74,47696.0,502.0,343.0
NGPL,5/13/2024,299.0,304.0,298.5,301.0,0.17,58713.0,502.0,343.0
NGPL,5/14/2024,303.0,310.0,302.6,309.8,2.92,77381.0,502.0,343.0
NGPL,5/15/2024,311.0,312.0,301.3,303.0,-2.19,47828.0,502.0,343.0
NGPL,5/16/2024,300.6,307.0,300.1,301.8,-0.4,57099.0,502.0,343.0
NGPL,5/19/2024,307.8,308.0,299.9,304.5,0.89,73274.0,502.0,343.0
NGPL,5/20/2024,305.3,314.0,304.5,307.0,0.82,113985.0,502.0,343.0
NGPL,5/21/2024,310.0,316.1,305.0,310.7,1.21,165632.0,502.0,343.0
NGPL,5/22/2024,310.8,315.0,306.0,306.5,-1.35,59227.0,502.0,343.0
NGPL,5/26/2024,309.9,309.9,301.0,302.9,-1.17,59944.0,502.0,343.0
NGPL,5/27/2024,304.0,307.0,301.4,304.8,0.63,36696.0,502.0,343.0
NGPL,5/29/2024,310.0,313.0,300.0,302.8,-0.66,63911.0,502.0,343.0
NGPL,5/30/2024,301.1,320.0,300.0,309.0,2.05,495343.0,502.0,343.0
NGPL,6/2/2024,310.0,314.0,308.0,308.1,-0.29,63437.0,502.0,343.0
NGPL,6/3/2024,308.0,310.0,305.0,308.1,0.0,80302.0,502.0,343.0
NGPL,6/4/2024,309.5,311.0,306.0,306.9,-0.39,51148.0,502.0,343.0
NGPL,6/5/2024,306.0,310.0,301.0,303.0,-1.27,45588.0,502.0,343.0
NGPL,6/6/2024,303.2,307.0,300.0,300.1,-0.96,85803.0,502.0,343.0
NGPL,6/9/2024,303.0,305.0,300.0,300.5,0.13,76543.0,502.0,343.0
NGPL,6/10/2024,300.0,308.0,299.0,302.0,0.5,129663.0,502.0,343.0
NGPL,6/11/2024,305.0,319.0,303.5,312.0,3.31,254316.0,502.0,343.0
NGPL,6/12/2024,313.0,316.0,307.8,313.5,0.48,91509.0,502.0,343.0
NGPL,6/13/2024,313.0,313.9,306.0,309.0,-1.44,184652.0,502.0,343.0
NGPL,6/16/2024,311.0,329.0,310.0,316.0,2.27,474800.0,502.0,343.0
NGPL,6/18/2024,320.0,325.0,311.0,315.0,-0.32,193574.0,502.0,343.0
NGPL,6/19/2024,319.9,320.0,314.0,315.0,0.0,53914.0,502.0,343.0
NGPL,6/20/2024,315.0,316.1,308.7,310.0,-1.59,108345.0,502.0,343.0
NGPL,6/23/2024,314.0,321.0,311.1,312.0,0.65,141205.0,502.0,343.0
NGPL,6/24/2024,312.1,319.0,307.0,309.9,-0.67,81786.0,502.0,343.0
NGPL,6/25/2024,313.5,313.8,306.3,307.0,-0.94,63933.0,502.0,343.0
NGPL,6/26/2024,308.0,314.9,305.1,308.0,0.33,93993.0,502.0,343.0
NGPL,6/27/2024,306.0,310.1,302.1,305.1,-0.94,93356.0,502.0,343.0
NGPL,6/30/2024,307.0,308.0,301.0,303.0,-0.69,42437.0,502.0,343.0
NGPL,7/1/2024,303.0,307.1,303.0,305.0,0.66,46711.0,502.0,343.0
NGPL,7/2/2024,311.1,323.0,308.0,311.8,2.23,154856.0,502.0,343.0
NGPL,7/3/2024,318.0,318.0,305.0,308.0,-1.22,73713.0,502.0,343.0
NGPL,7/4/2024,313.4,315.0,308.0,310.0,0.65,82308.0,502.0,343.0
NGPL,7/7/2024,315.0,316.0,308.7,311.1,0.35,167049.0,502.0,343.0
NGPL,7/8/2024,315.0,317.3,311.2,315.0,1.25,142089.0,502.0,343.0
NGPL,7/9/2024,318.0,330.0,312.1,326.5,3.65,408836.0,502.0,343.0
NGPL,7/10/2024,333.0,336.5,327.0,329.0,0.77,266017.0,502.0,343.0
NGPL,7/11/2024,335.5,335.5,323.0,324.0,-1.52,132938.0,502.0,343.0
NGPL,7/14/2024,330.0,339.0,325.0,328.0,1.23,276534.0,502.0,343.0
NGPL,7/15/2024,334.5,348.0,326.0,341.0,3.96,524139.0,502.0,343.0
NGPL,7/16/2024,347.0,370.0,347.0,369.9,8.48,600715.0,502.0,343.0
NGPL,7/17/2024,377.0,380.0,358.0,366.0,-1.05,519651.0,502.0,343.0
NGPL,7/18/2024,367.0,387.0,360.3,373.0,1.91,805741.0,502.0,343.0
NGPL,7/21/2024,380.4,384.0,365.1,375.0,0.54,479924.0,502.0,343.0
NGPL,7/22/2024,376.0,382.5,366.1,379.0,1.07,433884.0,502.0,343.0
NGPL,7/23/2024,384.0,406.0,376.0,398.1,5.04,510959.0,502.0,343.0
NGPL,7/24/2024,399.9,406.0,382.6,390.7,-1.86,429627.0,502.0,343.0
NGPL,7/25/2024,390.7,392.0,383.0,390.1,-0.15,253904.0,502.0,343.0
NGPL,7/28/2024,397.8,400.0,378.3,397.0,1.77,445984.0,502.0,343.0
NGPL,7/29/2024,397.0,432.0,395.3,420.0,5.79,891073.0,502.0,343.0
NGPL,7/30/2024,420.0,451.0,417.0,442.0,5.24,557180.0,502.0,343.0
NGPL,7/31/2024,443.0,455.0,429.0,435.0,-1.58,560468.0,502.0,343.0
NGPL,8/1/2024,435.0,436.5,418.0,424.0,-2.53,787692.0,502.0,343.0
NGPL,8/5/2024,423.0,448.7,411.6,441.0,4.01,675640.0,502.0,343.0
NGPL,8/6/2024,449.2,449.2,415.1,417.0,-5.44,607905.0,502.0,343.0
NGPL,8/7/2024,422.0,454.0,412.0,453.0,8.63,757613.0,502.0,343.0
NGPL,8/8/2024,453.0,484.0,453.0,469.9,3.73,715228.0,502.0,343.0
NGPL,8/11/2024,470.0,485.8,465.0,473.3,0.72,761420.0,502.0,343.0
NGPL,8/12/2024,482.7,497.6,476.1,488.0,3.11,606916.0,502.0,343.0
NGPL,8/13/2024,494.0,494.0,465.0,472.0,-3.28,420056.0,502.0,343.0
NGPL,8/14/2024,480.0,483.3,465.0,481.0,1.91,356015.0,502.0,343.0
NGPL,8/15/2024,490.0,529.0,482.0,500.2,3.99,743059.0,502.0,343.0
NGPL,8/18/2024,510.0,515.0,490.0,502.1,0.38,1034586.0,502.0,343.0
NGPL,8/21/2024,509.8,521.2,490.0,509.0,1.37,661122.0,502.0,343.0
NGPL,8/22/2024,510.0,530.0,506.0,520.0,2.16,586643.0,502.0,343.0
NGPL,8/25/2024,520.0,524.9,499.0,499.0,-4.04,449287.0,502.0,343.0
NGPL,8/27/2024,508.9,508.9,473.0,475.0,-4.81,470443.0,502.0,343.0
NGPL,8/28/2024,480.0,494.0,468.0,481.0,1.26,283617.0,502.0,343.0
NGPL,8/29/2024,488.8,488.8,458.5,467.0,-2.91,536196.0,502.0,343.0
NGPL,9/1/2024,464.0,480.0,458.0,460.0,-1.5,181373.0,502.0,343.0
NGPL,9/2/2024,469.2,498.7,458.0,484.6,5.35,360134.0,502.0,343.0
NGPL,9/3/2024,490.0,495.0,477.0,480.0,-0.95,334211.0,502.0,343.0
NGPL,9/4/2024,484.0,484.0,456.0,456.0,-5.0,217039.0,502.0,343.0
NGPL,9/5/2024,459.0,465.1,445.0,452.1,-0.86,183072.0,502.0,343.0
NGPL,9/8/2024,461.0,465.0,443.0,444.0,-1.79,184395.0,502.0,343.0
NGPL,9/9/2024,444.0,447.5,425.0,429.0,-3.38,205006.0,502.0,343.0
NGPL,9/10/2024,437.0,444.0,421.0,424.1,-1.14,164890.0,502.0,343.0
NGPL,9/11/2024,432.5,435.0,422.0,422.1,-0.47,161318.0,502.0,343.0
NGPL,9/12/2024,425.1,439.9,425.1,439.0,4.0,125121.0,502.0,343.0
NGPL,9/15/2024,445.0,480.4,442.0,450.0,2.51,419500.0,502.0,343.0
NGPL,9/16/2024,458.0,458.0,434.0,445.0,-1.11,185664.0,502.0,343.0
NGPL,9/18/2024,445.0,463.9,435.3,446.0,0.22,203392.0,502.0,343.0
NGPL,9/22/2024,454.9,470.0,445.1,450.1,0.92,156016.0,502.0,343.0
NGPL,9/23/2024,446.0,451.1,426.0,433.0,-3.8,155262.0,502.0,343.0
NGPL,9/24/2024,430.1,437.9,422.0,423.0,-2.31,136747.0,502.0,343.0
NGPL,9/25/2024,431.4,440.0,422.3,437.7,3.48,360890.0,502.0,343.0
NGPL,9/26/2024,446.4,446.4,424.1,425.5,-2.79,73430.0,502.0,343.0
NGPL,9/29/2024,418.0,425.6,407.0,421.0,-1.06,180212.0,502.0,343.0
NGPL,9/30/2024,420.0,428.0,415.0,421.1,0.02,82484.0,502.0,343.0
NGPL,10/1/2024,428.0,446.5,425.0,440.0,4.49,139277.0,502.0,343.0
NGPL,10/2/2024,440.0,444.0,428.0,432.0,-1.82,119213.0,502.0,343.0
NGPL,10/6/2024,425.0,443.6,425.0,437.0,1.16,89292.0,502.0,343.0
NGPL,10/7/2024,441.8,445.1,435.0,440.7,0.85,157411.0,502.0,343.0
NGPL,10/8/2024,446.0,449.0,429.0,430.0,-2.43,66805.0,502.0,343.0
NGPL,10/9/2024,432.0,438.0,427.0,430.0,0.0,59576.0,502.0,343.0
NGPL,10/15/2024,438.6,444.7,431.0,441.9,2.77,109082.0,502.0,343.0
NGPL,10/16/2024,448.0,466.0,440.0,457.0,3.42,158641.0,502.0,343.0
NGPL,10/17/2024,460.0,502.0,460.0,475.0,3.94,388816.0,502.0,343.0
NGPL,10/20/2024,465.5,522.0,458.0,522.0,9.89,437690.0,502.0,343.0
NGPL,10/21/2024,511.6,511.6,471.0,476.0,-8.81,367598.0,502.0,343.0
NGPL,10/22/2024,467.0,483.0,467.0,474.9,-0.23,128617.0,502.0,343.0
NGPL,10/23/2024,466.0,498.4,466.0,471.3,-0.76,279471.0,502.0,343.0
NGPL,10/24/2024,461.9,506.0,461.9,475.0,0.79,132469.0,502.0,343.0
NGPL,10/27/2024,465.5,483.9,465.5,474.0,-0.21,97503.0,502.0,343.0
NGPL,10/28/2024,464.6,484.0,464.6,469.4,-0.97,136625.0,502.0,343.0
NGPL,10/29/2024,478.0,478.0,468.8,469.0,-0.09,174986.0,502.0,343.0
NGPL,10/30/2024,459.7,478.0,459.7,465.0,-0.85,86883.0,502.0,343.0
NGPL,11/5/2024,474.3,474.3,465.0,470.0,1.08,82088.0,502.0,343.0
NGPL,11/6/2024,478.0,479.0,462.0,474.0,0.85,158323.0,502.0,343.0
NGPL,11/10/2024,483.4,505.0,474.1,498.0,5.06,545525.0,502.0,343.0
NGPL,11/11/2024,507.0,518.0,485.1,495.0,-0.6,358779.0,502.0,343.0
NGPL,11/12/2024,496.0,498.9,483.0,484.1,-2.2,110363.0,502.0,343.0
NGPL,11/13/2024,490.0,490.0,479.0,480.0,-0.85,86507.0,502.0,343.0
NGPL,11/14/2024,480.0,527.0,480.0,527.0,9.79,627011.0,502.0,343.0
NGPL,11/17/2024,516.5,571.0,501.0,571.0,8.35,880133.0,502.0,343.0
NGPL,11/19/2024,559.6,559.6,514.0,518.2,-9.25,888319.0,502.0,343.0
NGPL,11/20/2024,510.0,550.0,510.0,519.9,0.33,629983.0,502.0,343.0
NGPL,11/21/2024,510.0,560.0,501.0,501.0,-3.64,456131.0,502.0,343.0
NGPL,11/24/2024,491.0,550.0,481.2,549.0,9.58,720813.0,502.0,343.0
NGPL,11/25/2024,538.1,538.1,494.1,494.1,-10.0,1077685.0,502.0,343.0
NGPL,11/26/2024,494.1,498.0,471.0,483.0,-2.25,688236.0,502.0,343.0
NGPL,11/27/2024,480.0,493.9,480.0,483.0,0.0,351592.0,502.0,343.0
NGPL,11/28/2024,492.6,492.6,472.4,475.0,-1.66,425963.0,502.0,343.0
NGPL,12/1/2024,476.0,484.0,470.0,478.0,0.63,508341.0,502.0,343.0
NGPL,12/2/2024,487.0,487.0,475.9,478.0,0.0,1021017.0,502.0,343.0
NGPL,12/3/2024,294.7,317.9,294.7,314.0,-34.31,848076.0,502.0,343.0
NGPL,12/4/2024,320.0,320.0,305.0,306.0,-2.55,487883.0,502.0,343.0
NGPL,12/5/2024,312.0,312.0,295.1,296.0,-3.27,259577.0,502.0,343.0
NGPL,12/8/2024,294.1,295.5,288.0,289.0,-2.36,147742.0,502.0,343.0
NGPL,12/9/2024,293.0,295.0,282.3,282.3,-2.32,134828.0,502.0,343.0
NGPL,12/10/2024,287.9,287.9,275.0,275.0,-2.59,154343.0,502.0,343.0
NGPL,12/11/2024,280.0,280.0,273.0,278.1,1.13,104782.0,502.0,343.0
NGPL,12/12/2024,279.0,285.1,275.5,278.9,0.29,127387.0,502.0,343.0
NGPL,12/16/2024,275.0,279.9,268.0,269.0,-3.55,145838.0,502.0,343.0
NGPL,12/17/2024,274.0,274.0,267.0,267.0,-0.74,63642.0,502.0,343.0
NGPL,12/18/2024,269.9,272.3,265.5,265.7,-0.49,56843.0,502.0,343.0
NGPL,12/19/2024,266.0,266.0,257.8,257.8,-2.97,97478.0,502.0,343.0
NGPL,12/22/2024,262.9,268.1,255.0,255.5,-0.89,85088.0,502.0,343.0
NGPL,12/23/2024,256.0,263.1,256.0,262.0,2.54,72298.0,502.0,343.0
NGPL,12/24/2024,267.0,270.2,261.9,267.0,1.91,130523.0,502.0,343.0
NGPL,12/26/2024,270.0,270.0,261.0,262.7,-1.61,67464.0,502.0,343.0
NGPL,12/29/2024,262.0,263.0,256.1,256.1,-2.51,72699.0,502.0,343.0
NGPL,12/31/2024,261.2,261.2,250.0,252.1,-1.56,74778.0,502.0,343.0
NGPL,1/1/2025,256.9,257.0,251.8,253.0,0.36,37355.0,502.0,343.0
NGPL,1/2/2025,254.0,259.0,252.1,253.0,0.0,63652.0,502.0,343.0
NGPL,1/5/2025,254.0,260.9,253.0,257.8,1.9,102242.0,502.0,343.0
NGPL,1/6/2025,259.0,272.1,256.1,272.0,5.51,136195.0,502.0,343.0
NGPL,1/7/2025,275.0,277.0,268.0,272.0,0.0,137462.0,502.0,343.0
NGPL,1/8/2025,272.0,274.5,264.1,265.0,-2.57,126062.0,502.0,343.0
NGPL,1/9/2025,270.3,270.3,259.1,267.0,0.75,256267.0,502.0,343.0
NGPL,1/12/2025,272.0,272.0,263.1,264.9,-0.79,72419.0,502.0,343.0
NGPL,1/13/2025,265.0,267.0,260.3,263.0,-0.72,179445.0,502.0,343.0
NGPL,1/15/2025,264.0,270.0,260.3,270.0,2.66,232338.0,502.0,343.0
NGPL,1/16/2025,275.0,275.0,264.7,268.0,-0.74,125470.0,502.0,343.0
NGPL,1/19/2025,270.0,272.7,265.0,265.0,-1.12,205242.0,502.0,343.0
NGPL,1/20/2025,265.1,272.0,265.1,268.2,1.21,215061.0,502.0,343.0
NGPL,1/21/2025,267.2,272.0,266.0,266.2,-0.75,97622.0,502.0,343.0
NGPL,1/22/2025,271.0,273.0,266.0,268.0,0.68,229798.0,502.0,343.0
NGPL,1/23/2025,270.0,290.6,270.0,285.0,6.34,496865.0,502.0,343.0
NGPL,1/26/2025,290.0,290.0,277.0,279.1,-2.07,212377.0,502.0,343.0
NGPL,1/27/2025,282.0,282.0,273.3,273.5,-2.01,203273.0,502.0,343.0
NGPL,1/28/2025,270.2,299.8,269.0,292.0,6.76,609167.0,502.0,343.0
NGPL,2/2/2025,297.8,304.3,292.0,297.2,1.78,368814.0,502.0,343.0
NGPL,2/3/2025,303.1,303.1,286.0,290.0,-2.42,279743.0,502.0,343.0
NGPL,2/4/2025,295.8,295.8,283.0,286.9,-1.07,195275.0,502.0,343.0
NGPL,2/5/2025,285.0,292.6,283.0,286.0,-0.31,110208.0,502.0,343.0
NGPL,2/6/2025,290.0,291.5,280.3,281.0,-1.75,165278.0,502.0,343.0
NGPL,2/9/2025,286.0,287.6,281.0,281.0,0.0,87679.0,502.0,343.0
NGPL,2/10/2025,286.6,286.6,276.0,277.0,-1.42,75008.0,502.0,343.0
NGPL,2/11/2025,271.5,282.0,271.5,275.0,-0.72,71176.0,502.0,343.0
NGPL,2/12/2025,280.5,283.9,275.0,281.2,2.25,119411.0,502.0,343.0
NGPL,2/13/2025,286.8,286.8,278.0,279.7,-0.53,73862.0,502.0,343.0
NGPL,2/16/2025,279.7,285.0,277.0,279.7,0.0,63474.0,502.0,343.0
NGPL,2/17/2025,280.0,288.0,280.0,284.2,1.61,283995.0,502.0,343.0
NGPL,2/18/2025,287.0,290.5,285.0,287.0,0.99,216508.0,502.0,343.0
NGPL,2/20/2025,290.0,290.0,283.6,286.0,-0.35,117456.0,502.0,343.0
NGPL,2/23/2025,284.0,290.0,277.0,285.8,-0.07,165785.0,502.0,343.0
NGPL,2/24/2025,284.1,290.0,282.0,283.9,-0.66,112807.0,502.0,343.0
NGPL,2/25/2025,278.3,287.0,278.2,281.0,-1.02,94232.0,502.0,343.0
NGPL,2/27/2025,285.0,294.7,279.1,294.7,4.88,287919.0,502.0,343.0
NGPL,3/2/2025,296.0,302.0,290.1,300.0,1.8,444360.0,502.0,343.0
NGPL,3/3/2025,306.0,306.0,295.0,296.0,-1.33,321772.0,502.0,343.0
NGPL,3/4/2025,300.0,300.0,289.7,292.0,-1.35,177210.0,502.0,343.0
NGPL,3/5/2025,295.0,297.8,286.0,290.0,-0.68,119003.0,502.0,343.0
NGPL,3/6/2025,286.1,290.0,286.0,286.5,-1.21,85975.0,502.0,343.0
NGPL,3/9/2025,291.0,291.0,283.0,283.0,-1.22,115199.0,502.0,343.0
NGPL,3/10/2025,284.3,291.0,283.0,284.6,0.57,199677.0,502.0,343.0
NGPL,3/11/2025,289.0,289.0,278.1,278.6,-2.11,80205.0,502.0,343.0
NGPL,3/12/2025,280.0,284.1,278.0,279.0,0.14,80059.0,502.0,343.0
NGPL,3/16/2025,284.0,284.0,275.1,275.5,-1.25,64290.0,502.0,343.0
NGPL,3/17/2025,275.5,285.0,272.4,277.0,0.54,120134.0,502.0,343.0
NGPL,3/18/2025,282.4,283.8,278.0,279.0,0.72,46060.0,502.0,343.0
NGPL,3/19/2025,277.0,285.0,275.9,277.0,-0.72,78855.0,502.0,343.0
NGPL,3/20/2025,282.0,282.0,274.0,274.9,-0.76,41713.0,502.0,343.0
NGPL,3/23/2025,275.0,275.0,265.6,266.67,-2.99,107733.0,502.0,343.0
NGPL,3/24/2025,266.2,274.0,266.2,269.57,1.09,72620.0,502.0,343.0
NGPL,3/25/2025,270.0,270.0,261.1,263.92,-2.1,117400.0,502.0,343.0
NGPL,3/26/2025,265.0,267.6,262.2,267.01,1.17,53702.0,502.0,343.0
NGPL,3/27/2025,267.1,272.2,267.1,269.78,1.04,71094.0,502.0,343.0
NGPL,3/30/2025,269.0,278.0,269.0,274.55,1.77,96109.0,502.0,343.0
NGPL,4/1/2025,274.0,278.0,268.0,270.01,-1.65,57758.0,502.0,343.0
NGPL,4/2/2025,264.7,279.7,254.8,266.95,-1.13,1019158.0,502.0,343.0
NGPL,4/3/2025,265.0,274.0,264.0,265.0,-0.73,581472.0,502.0,343.0
NGPL,4/7/2025,259.7,271.0,259.7,266.52,0.57,483401.0,502.0,343.0
NGPL,4/8/2025,270.0,270.0,262.2,265.31,-0.45,231616.0,502.0,343.0
NGPL,4/9/2025,266.0,276.0,265.1,274.23,3.36,618074.0,502.0,343.0
NGPL,4/10/2025,275.0,290.7,275.0,288.55,5.22,932043.0,502.0,343.0
NGPL,4/13/2025,288.0,297.0,285.0,286.24,-0.8,480023.0,502.0,343.0
NGPL,4/15/2025,286.1,299.3,286.1,293.37,2.49,899908.0,502.0,343.0
NGPL,4/16/2025,299.0,320.0,288.6,315.27,7.46,1950806.0,502.0,343.0
NGPL,4/17/2025,321.5,326.4,315.0,319.39,1.31,1185732.0,502.0,343.0
NGPL,4/20/2025,320.0,332.5,311.0,326.49,2.22,1801764.0,502.0,343.0
NGPL,4/21/2025,320.0,347.0,320.0,339.06,3.85,1590205.0,502.0,343.0
NGPL,4/22/2025,344.0,345.7,325.0,325.92,-3.88,1337203.0,502.0,343.0
NGPL,4/23/2025,325.0,325.9,313.0,316.53,-2.88,1293698.0,502.0,343.0
NGPL,4/24/2025,311.0,342.0,311.0,340.47,7.56,2122436.0,502.0,343.0
NGPL,4/27/2025,347.2,371.2,346.0,366.16,7.55,2381547.0,502.0,343.0
NGPL,4/28/2025,373.4,375.0,351.5,355.89,-2.8,1968139.0,502.0,343.0
NGPL,4/29/2025,363.0,375.1,352.8,369.04,3.69,1698840.0,502.0,343.0
NGPL,4/30/2025,376.0,385.0,366.1,368.78,-0.07,1411393.0,502.0,343.0
NGPL,5/4/2025,375.0,375.0,358.5,360.44,-2.26,1512734.0,502.0,343.0
NGPL,5/5/2025,362.0,371.4,354.1,367.37,1.92,1532680.0,502.0,343.0
NGPL,5/6/2025,374.7,394.6,372.0,389.0,5.89,1747581.0,502.0,343.0
NGPL,5/7/2025,396.0,396.0,385.1,390.12,0.29,1408975.0,502.0,343.0
NGPL,5/8/2025,390.2,409.0,383.0,390.34,0.06,1980470.0,502.0,343.0
NGPL,5/11/2025,390.0,397.9,380.1,381.95,-2.15,1561871.0,502.0,343.0
NGPL,5/13/2025,375.0,394.0,375.0,382.32,0.1,1372587.0,502.0,343.0
NGPL,5/14/2025,375.0,389.0,366.0,368.62,-3.58,1294471.0,502.0,343.0
NGPL,5/15/2025,374.0,375.7,366.2,367.63,-0.27,874840.0,502.0,343.0
NGPL,5/18/2025,360.4,373.0,346.0,352.34,-4.16,1120459.0,502.0,343.0
NGPL,5/19/2025,345.3,364.0,345.3,359.16,1.94,763869.0,502.0,343.0
NGPL,5/20/2025,352.0,378.0,352.0,376.03,4.7,1002423.0,502.0,343.0
NGPL,5/21/2025,383.5,391.1,375.0,378.56,0.67,1519849.0,502.0,343.0
NGPL,5/22/2025,372.0,394.9,372.0,379.9,0.35,1785347.0,502.0,343.0
NGPL,5/25/2025,380.0,383.5,370.9,374.43,-1.44,785069.0,502.0,343.0
NGPL,5/26/2025,381.9,388.5,374.0,380.98,1.75,1489302.0,502.0,343.0
NGPL,5/27/2025,378.7,392.1,378.0,387.57,1.73,1089683.0,502.0,343.0
NGPL,5/28/2025,389.0,409.1,389.0,398.83,2.91,2631564.0,502.0,343.0
NGPL,6/2/2025,406.8,406.8,387.0,389.78,-2.27,2202677.0,502.0,343.0
NGPL,6/3/2025,397.0,397.0,380.3,382.08,-1.98,1043327.0,502.0,343.0
NGPL,6/4/2025,385.0,389.0,378.8,380.6,-0.39,588767.0,502.0,343.0
NGPL,6/5/2025,373.0,399.0,373.0,395.88,4.01,1112259.0,502.0,343.0
NGPL,6/8/2025,388.0,404.1,388.0,394.55,-0.34,1547064.0,502.0,343.0
NGPL,6/9/2025,389.0,401.0,389.0,393.92,-0.16,883993.0,502.0,343.0
NGPL,6/10/2025,396.0,402.8,388.0,389.72,-1.07,1079427.0,502.0,343.0
NGPL,6/11/2025,390.0,399.0,387.0,391.97,0.58,990383.0,502.0,343.0
NGPL,6/12/2025,393.0,418.0,390.2,407.11,3.86,2659169.0,502.0,343.0
NGPL,6/15/2025,410.0,429.2,407.5,425.79,4.59,2075197.0,502.0,343.0
NGPL,6/16/2025,418.0,434.8,410.1,411.61,-3.33,2151614.0,502.0,343.0
NGPL,6/17/2025,419.8,419.8,402.7,411.05,-0.14,1129508.0,502.0,343.0
NGPL,6/18/2025,411.5,419.9,409.1,411.23,0.04,918055.0,502.0,343.0
NGPL,6/19/2025,405.0,430.0,405.0,414.3,0.75,2027785.0,502.0,343.0
NGPL,6/22/2025,415.0,422.0,400.1,402.8,-2.78,1010034.0,502.0,343.0
NGPL,6/23/2025,403.0,410.8,396.0,406.38,0.89,831481.0,502.0,343.0
NGPL,6/24/2025,411.0,414.0,401.1,402.81,-0.88,527959.0,502.0,343.0
NGPL,6/25/2025,405.9,407.0,398.0,400.96,-0.46,433317.0,502.0,343.0
NGPL,6/26/2025,400.0,404.9,390.1,390.79,-2.54,818138.0,502.0,343.0
NGPL,6/29/2025,398.6,398.6,386.8,388.95,-0.47,601317.0,502.0,343.0
NGPL,6/30/2025,382.0,402.9,382.0,394.37,1.39,506730.0,502.0,343.0
NGPL,7/1/2025,402.2,407.5,396.1,403.28,2.26,502134.0,502.0,343.0
NGPL,7/2/2025,411.2,411.2,395.0,396.57,-1.66,628782.0,502.0,343.0
NGPL,7/3/2025,399.0,400.0,390.0,390.37,-1.56,561622.0,502.0,343.0
NGPL,7/6/2025,397.2,397.2,380.9,382.47,-2.02,493479.0,502.0,343.0
NGPL,7/7/2025,375.0,389.0,375.0,376.06,-1.68,524633.0,502.0,343.0
NGPL,7/8/2025,376.0,390.0,373.6,387.55,3.06,511059.0,502.0,343.0
NGPL,7/9/2025,390.0,396.0,387.0,387.96,0.11,364050.0,502.0,343.0
NGPL,7/10/2025,395.7,395.7,382.2,382.94,-1.29,438988.0,502.0,343.0
NGPL,7/13/2025,390.5,397.0,379.0,380.68,-0.59,644668.0,502.0,343.0
NGPL,7/14/2025,381.1,385.0,379.0,379.53,-0.3,409692.0,502.0,343.0
NGPL,7/15/2025,384.0,399.4,380.0,396.05,4.35,540023.0,502.0,343.0
NGPL,7/16/2025,400.0,402.6,393.0,398.67,0.66,669291.0,502.0,343.0
NGPL,7/17/2025,400.0,415.0,400.0,411.77,3.29,1005533.0,502.0,343.0
NGPL,7/20/2025,415.0,422.0,408.1,411.23,-0.13,1203383.0,502.0,343.0
NGPL,7/21/2025,411.0,416.9,407.0,411.8,0.14,768074.0,502.0,343.0
NGPL,7/22/2025,411.8,424.1,411.0,420.42,2.09,1109875.0,502.0,343.0
NGPL,7/23/2025,428.8,428.8,416.0,419.72,-0.17,959684.0,502.0,343.0
NGPL,7/24/2025,428.1,447.7,420.0,446.05,6.27,1652546.0,502.0,343.0
NGPL,7/27/2025,450.0,465.0,445.0,446.82,0.17,1955320.0,502.0,343.0
NGPL,7/28/2025,448.0,452.0,437.0,447.86,0.23,1305194.0,502.0,343.0
NGPL,7/29/2025,446.0,459.0,439.0,440.35,-1.68,969650.0,502.0,343.0
NGPL,7/30/2025,434.0,443.0,427.0,428.94,-2.59,895904.0,502.0,343.0
NGPL,7/31/2025,428.0,439.9,425.1,428.91,-0.01,797852.0,502.0,343.0
NGPL,8/3/2025,430.0,439.0,425.0,434.01,1.19,984533.0,502.0,343.0
NGPL,8/4/2025,442.6,444.0,428.5,436.58,0.59,730512.0,502.0,343.0
NGPL,8/5/2025,437.0,440.0,423.7,425.03,-2.65,574667.0,502.0,343.0
NGPL,8/6/2025,425.0,426.0,414.0,415.61,-2.22,701588.0,502.0,343.0
NGPL,8/7/2025,420.0,422.0,413.0,419.44,0.92,476783.0,502.0,343.0
NGPL,8/11/2025,426.3,426.3,411.3,412.13,-1.74,379861.0,502.0,343.0
NGPL,8/12/2025,420.3,420.3,405.0,409.83,-0.56,430596.0,502.0,343.0
NGPL,8/13/2025,418.0,418.0,407.1,408.54,-0.31,331323.0,502.0,343.0
NGPL,8/14/2025,400.4,415.0,400.4,412.01,0.85,260403.0,502.0,343.0
NGPL,8/17/2025,403.8,415.1,403.8,404.39,-1.85,311336.0,502.0,343.0
NGPL,8/18/2025,397.0,413.9,397.0,409.05,1.15,231987.0,502.0,343.0
NGPL,8/19/2025,415.0,415.0,406.5,407.88,-0.29,176652.0,502.0,343.0
NGPL,8/20/2025,399.8,412.0,399.8,404.78,-0.76,221693.0,502.0,343.0
NGPL,8/21/2025,396.7,408.9,396.7,401.24,-0.87,145608.0,502.0,343.0
NGPL,8/24/2025,393.3,409.0,393.3,395.61,-1.4,139284.0,502.0,343.0
NGPL,8/25/2025,387.7,403.9,387.7,400.85,1.32,170125.0,502.0,343.0
NGPL,8/26/2025,392.9,404.8,392.9,398.18,-0.67,139834.0,502.0,343.0
NGPL,8/27/2025,397.2,414.0,397.2,411.6,3.37,268504.0,502.0,343.0
NGPL,8/28/2025,413.2,417.8,402.0,403.71,-1.92,373453.0,502.0,343.0
NGPL,8/31/2025,395.7,408.0,395.7,399.19,-1.12,161051.0,502.0,343.0
NGPL,9/1/2025,407.1,407.1,396.0,400.12,0.23,113408.0,502.0,343.0
NGPL,9/2/2025,397.0,402.0,393.0,394.43,-1.42,205560.0,502.0,343.0
NGPL,9/3/2025,394.1,397.9,391.2,392.06,-0.6,104864.0,502.0,343.0
NGPL,9/4/2025,391.0,398.0,386.9,394.48,0.62,201580.0,502.0,343.0
NGPL,9/7/2025,395.0,401.9,390.1,395.82,0.34,134444.0,502.0,343.0
NGPL,9/8/2025,399.0,405.0,391.9,397.08,0.32,293209.0,502.0,343.0
NGPL,9/18/2025,391.0,391.0,357.4,364.0,-8.33,73519.0,502.0,343.0
NGPL,9/21/2025,364.0,394.0,364.0,390.84,7.37,327992.0,502.0,343.0
NGPL,9/23/2025,391.0,398.0,389.1,394.0,0.81,193147.0,502.0,343.0
NGPL,9/24/2025,394.0,397.0,383.0,387.7,-1.6,213473.0,502.0,343.0
NGPL,9/25/2025,382.0,392.0,382.0,389.9,0.57,125426.0,502.0,343.0
NGPL,9/28/2025,393.0,394.7,389.0,392.0,0.54,119788.0,502.0,343.0
NGPL,10/7/2025,384.2,393.7,377.0,393.0,0.26,206561.0,502.0,343.0
NGPL,10/8/2025,386.1,386.1,368.0,380.0,-3.31,333945.0,502.0,343.0
NGPL,10/9/2025,387.6,396.0,378.5,379.1,-0.24,282577.0,502.0,343.0
NGPL,10/12/2025,374.0,376.0,360.0,361.0,-4.77,217446.0,502.0,343.0
NGPL,10/13/2025,360.0,373.0,357.0,371.0,2.77,179215.0,502.0,343.0
NGPL,10/14/2025,372.0,372.4,360.0,360.0,-2.96,138587.0,502.0,343.0
NGPL,10/15/2025,366.0,367.0,355.1,363.0,0.83,135406.0,502.0,343.0
NGPL,10/16/2025,370.2,370.2,350.0,350.0,-3.58,153146.0,502.0,343.0
NGPL,10/19/2025,343.0,357.0,343.0,353.1,0.89,86514.0,502.0,343.0
NGPL,10/26/2025,358.0,358.0,347.2,356.0,0.82,73676.0,502.0,343.0
NGPL,10/28/2025,356.0,378.5,356.0,376.0,5.62,255731.0,502.0,343.0
NGPL,10/29/2025,375.0,384.9,370.5,380.0,1.06,259015.0,502.0,343.0
NGPL,10/30/2025,375.0,393.0,374.0,388.0,2.11,369374.0,502.0,343.0
NGPL,11/2/2025,391.0,396.2,385.0,391.0,0.77,495502.0,502.0,343.0
NGPL,11/3/2025,385.1,397.0,384.0,387.2,-0.97,403121.0,502.0,343.0
NGPL,11/4/2025,394.9,394.9,380.5,383.6,-0.93,196638.0,502.0,343.0
NGPL,11/5/2025,376.0,387.6,376.0,385.9,0.6,177137.0,502.0,343.0
NGPL,11/6/2025,392.0,392.0,382.2,382.2,-0.96,173339.0,502.0,343.0
NGPL,11/9/2025,380.0,381.0,372.0,374.0,-2.15,135990.0,502.0,343.0
NGPL,11/10/2025,370.0,378.9,370.0,375.0,0.27,111771.0,502.0,343.0
NGPL,11/11/2025,373.0,379.0,373.0,375.1,0.03,101722.0,502.0,343.0
NGPL,11/12/2025,380.0,380.0,371.2,371.9,-0.85,59508.0,502.0,343.0
NGPL,11/13/2025,379.0,379.0,368.4,369.7,-0.59,106032.0,502.0,343.0
NGPL,11/16/2025,369.0,375.8,366.0,368.5,-0.32,67508.0,502.0,343.0
NGPL,11/17/2025,364.2,373.0,364.1,370.0,0.41,90392.0,502.0,343.0
NGPL,11/18/2025,371.0,379.0,371.0,377.0,1.89,134012.0,502.0,343.0
NGPL,11/19/2025,377.0,378.5,370.1,373.1,-1.03,132883.0,502.0,343.0
NGPL,11/20/2025,371.0,378.0,371.0,376.0,0.78,143311.0,502.0,343.0
NGPL,11/23/2025,374.1,390.0,374.0,386.8,2.87,246188.0,502.0,343.0
NGPL,11/24/2025,391.9,394.0,387.4,390.0,0.83,198712.0,502.0,343.0
NGPL,11/25/2025,393.0,409.9,387.5,405.0,3.85,502430.0,502.0,343.0
NGPL,11/26/2025,397.0,412.9,397.0,405.4,0.1,359347.0,502.0,343.0
NGPL,11/27/2025,407.0,408.0,397.6,397.6,-1.92,408061.0,502.0,343.0
NGPL,11/30/2025,387.0,393.4,384.0,389.8,-1.96,456206.0,502.0,343.0
NGPL,12/1/2025,390.0,394.5,387.0,390.2,0.1,170806.0,502.0,343.0
NGPL,12/2/2025,397.9,405.6,390.0,398.3,2.08,403438.0,502.0,343.0
NGPL,12/3/2025,400.1,404.0,393.0,394.0,-1.08,364406.0,502.0,343.0
NGPL,12/7/2025,396.9,406.8,395.0,404.0,2.54,808531.0,502.0,343.0
NGPL,12/8/2025,408.0,418.0,404.0,416.8,3.17,1348861.0,502.0,343.0
NGPL,12/9/2025,425.1,425.1,408.5,409.5,-1.75,768065.0,502.0,343.0
NGPL,12/10/2025,417.6,417.6,401.5,402.6,-1.68,421725.0,502.0,343.0
NGPL,12/11/2025,400.2,409.0,400.0,402.0,-0.15,469770.0,502.0,343.0
NGPL,12/14/2025,401.0,405.9,394.0,394.2,-1.94,473130.0,502.0,343.0
NGPL,12/15/2025,386.4,401.5,386.4,399.3,1.29,357696.0,502.0,343.0
NGPL,12/16/2025,391.4,431.0,391.4,398.0,-0.33,494184.0,502.0,343.0
NGPL,12/17/2025,400.0,402.0,395.1,396.7,-0.33,288652.0,502.0,343.0
NGPL,12/18/2025,396.0,397.3,392.1,392.3,-1.11,275681.0,502.0,343.0
NGPL,12/21/2025,385.0,395.0,385.0,393.0,0.18,220361.0,502.0,343.0
NGPL,12/22/2025,390.1,393.0,388.0,389.6,-0.87,150955.0,502.0,343.0
NGPL,12/23/2025,381.9,392.9,381.9,389.0,-0.15,154801.0,502.0,343.0
NGPL,12/24/2025,394.0,394.0,387.1,387.5,-0.39,188612.0,502.0,343.0
NGPL,12/28/2025,395.2,400.0,390.2,399.9,3.2,233473.0,502.0,343.0
NGPL,12/29/2025,401.0,404.0,395.1,398.0,-0.48,302900.0,502.0,343.0
NGPL,12/31/2025,400.0,404.9,398.0,398.9,0.23,279392.0,502.0,343.0
NGPL,1/1/2026,391.0,406.0,391.0,396.9,-0.5,143323.0,502.0,343.0
NGPL,1/4/2026,395.0,397.0,390.0,393.0,-0.98,212095.0,502.0,343.0
NGPL,1/5/2026,396.6,398.0,390.4,396.9,0.99,212498.0,502.0,343.0
NGPL,1/6/2026,399.9,401.0,393.4,395.2,-0.43,229292.0,502.0,343.0
NGPL,1/7/2026,398.2,398.3,391.3,393.5,-0.43,143112.0,502.0,343.0
NGPL,1/8/2026,395.0,395.0,391.2,392.0,-0.38,239917.0,502.0,343.0
NGPL,1/12/2026,392.0,395.0,388.5,389.0,-0.77,234100.0,502.0,343.0
NGPL,1/13/2026,381.3,404.4,381.3,400.0,2.83,590347.0,502.0,343.0
NGPL,1/14/2026,403.0,407.0,397.0,397.0,-0.75,243624.0,502.0,343.0
NGPL,1/18/2026,397.0,408.9,397.0,403.4,1.61,430999.0,502.0,343.0
NGPL,1/20/2026,396.0,416.2,396.0,409.0,1.39,599844.0,502.0,343.0
NGPL,1/21/2026,400.9,424.5,400.9,406.5,-0.61,471864.0,502.0,343.0
NGPL,1/22/2026,410.9,411.0,405.6,408.0,0.37,253707.0,502.0,343.0
NGPL,1/25/2026,400.0,418.0,400.0,415.0,1.72,518749.0,502.0,343.0
NGPL,1/26/2026,415.0,423.9,410.1,421.0,1.45,783015.0,502.0,343.0
NGPL,1/27/2026,420.0,435.2,415.0,419.0,-0.48,918424.0,502.0,343.0
NGPL,1/28/2026,419.0,424.0,413.4,420.0,0.24,463642.0,502.0,343.0
NGPL,1/29/2026,423.0,439.4,420.0,430.0,2.38,1389420.0,502.0,343.0
NGPL,2/1/2026,434.0,436.0,420.5,423.0,-1.63,664723.0,502.0,343.0
NGPL,2/2/2026,427.0,429.9,420.4,422.0,-0.24,493270.0,502.0,343.0
NGPL,2/3/2026,413.6,433.5,413.6,417.0,-1.18,415126.0,502.0,343.0
NGPL,2/4/2026,408.7,425.0,408.7,417.8,0.19,360688.0,502.0,343.0
NGPL,2/5/2026,413.0,427.0,413.0,422.5,1.12,801489.0,502.0,343.0
NGPL,2/8/2026,427.6,434.6,425.0,427.8,1.25,864010.0,502.0,343.0
NGPL,2/9/2026,430.0,431.0,419.0,423.0,-1.12,795997.0,502.0,343.0
NGPL,2/10/2026,427.0,429.6,417.0,417.0,-1.42,412554.0,502.0,343.0
NGPL,2/11/2026,425.0,428.0,418.1,420.3,0.79,556443.0,502.0,343.0
NGPL,2/12/2026,424.9,445.0,424.0,434.0,3.26,1622098.0,502.0,343.0
NGPL,2/16/2026,441.0,444.0,435.0,437.0,0.69,1100808.0,502.0,343.0
NGPL,2/17/2026,445.7,445.7,425.0,425.1,-2.72,727380.0,502.0,343.0
NGPL,2/22/2026,425.1,425.1,415.0,416.9,-1.93,463187.0,502.0,343.0
NGPL,2/23/2026,417.0,422.0,415.0,416.4,-0.12,401739.0,502.0,343.0
NGPL,2/24/2026,417.6,426.0,417.6,425.0,2.07,366922.0,502.0,343.0
NGPL,2/25/2026,425.0,430.9,424.9,430.0,1.18,594107.0,502.0,343.0
NGPL,2/26/2026,431.0,431.0,424.2,424.9,-1.19,347021.0,502.0,343.0
NGPL,2/27/2026,431.0,431.0,424.2,424.9,0.0,347021.0,502.0,343.0
NGPL,2/28/2026,431.0,431.0,424.2,424.9,0.0,347021.0,502.0,343.0
NGPL,3/2/2026,420.0,429.0,417.1,427.0,0.49,422360.0,502.0,343.0
NGPL,3/3/2026,429.9,435.0,423.0,433.9,1.62,484087.0,502.0,343.0
NGPL,3/4/2026,429.9,435.0,423.0,433.9,0.0,484087.0,502.0,343.0
NGPL,3/5/2026,429.9,435.0,423.0,433.9,0.0,484087.0,502.0,343.0
NGPL,3/6/2026,429.9,435.0,423.0,433.9,0.0,484087.0,502.0,343.0
NGPL,3/7/2026,429.9,435.0,423.0,433.9,0.0,484087.0,502.0,343.0
NGPL,3/8/2026,429.9,435.0,423.0,433.9,0.0,484087.0,502.0,343.0
NGPL,3/9/2026,442.5,477.0,442.5,455.0,4.86,50610.0,502.0,343.0
NGPL,3/10/2026,459.0,476.2,441.0,471.0,3.52,2409989.0,502.0,343.0
NGPL,3/11/2026,471.0,479.2,459.0,460.0,-2.34,882831.0,502.0,343.0
NGPL,3/12/2026,460.0,468.7,454.0,460.0,0.0,838345.0,502.0,343.0
NGPL,3/13/2026,460.0,468.7,454.0,460.0,0.0,838345.0,502.0,343.0
NGPL,3/14/2026,460.0,468.7,454.0,460.0,0.0,838345.0,502.0,343.0
NGPL,3/15/2026,460.0,465.9,454.0,457.0,-0.65,749982.0,502.0,343.0
NGPL,3/16/2026,466.0,466.0,446.0,446.5,-2.3,538983.0,502.0,343.0
NGPL,3/17/2026,437.6,459.0,437.6,459.0,2.8,587552.0,502.0,343.0
NGPL,3/18/2026,437.6,459.0,437.6,459.0,0.0,587552.0,502.0,343.0
NGPL,3/19/2026,459.0,478.0,459.0,474.0,3.27,1426082.0,502.0,343.0
NGPL,3/20/2026,459.0,478.0,459.0,474.0,0.0,1426082.0,502.0,343.0
NGPL,3/21/2026,459.0,478.0,459.0,474.0,0.0,1426082.0,502.0,343.0
NGPL,3/22/2026,473.1,484.9,467.0,484.0,2.11,1533718.0,502.0,343.0
NGPL,3/23/2026,484.0,493.0,477.0,489.0,1.03,1118245.0,502.0,343.0
NGPL,3/24/2026,484.0,502.0,484.0,491.0,0.41,833393.0,502.0,343.0
NGPL,3/25/2026,500.8,500.8,480.0,484.0,-1.43,1082912.0,502.0,343.0
NGPL,3/26/2026,484.0,489.0,477.1,486.1,0.43,854037.0,502.0,343.0
NGPL,3/29/2026,494.0,494.0,467.0,467.0,-5.47,1095223.0,502.0,343.0
NGPL,3/30/2026,476.3,479.0,461.0,470.0,-1.32,930562.0,502.0,343.0
NGPL,3/31/2026,475.1,475.1,459.0,471.9,-0.67,737774.0,502.0,343.0
NGPL,4/1/2026,481.3,481.3,452.0,458.2,-4.8,939756.0,502.0,343.0
NGPL,4/2/2026,458.2,464.8,450.1,462.0,0.83,673745.0,502.0,343.0
NGPL,4/5/2026,455.0,459.0,437.0,437.0,-3.96,949330.0,502.0,343.0
NGPL,4/6/2026,436.6,463.0,436.6,460.1,5.38,628289.0,502.0,343.0
NGPL,4/7/2026,462.0,465.0,452.0,457.0,-1.08,528717.0,502.0,343.0
NGPL,4/8/2026,459.9,463.9,457.1,462.5,0.57,544353.0,502.0,343.0
NGPL,4/9/2026,463.1,474.0,459.0,470.0,1.49,663357.0,502.0,343.0
NGPL,4/10/2026,470.0,477.0,462.0,465.0,-1.06,424821.0,502.0,343.0
NGPL,4/13/2026,465.0,469.0,462.0,468.8,0.82,602653.0,502.0,343.0
NGPL,4/15/2026,474.9,481.0,471.0,473.6,-0.27,687662.0,502.0,343.0
NGPL,4/16/2026,483.0,492.0,462.0,463.7,-4.0,490571.0,502.0,343.0
NGPL,4/17/2026,465.0,468.0,458.0,462.3,-0.58,422787.0,502.0,343.0
NGPL,4/20/2026,462.3,466.0,452.0,452.5,-2.12,293719.0,502.0,343.0
NGPL,4/21/2026,475.0,475.0,446.1,448.0,-5.68,209435.0,502.0,343.0
NGPL,4/22/2026,446.2,459.9,438.0,450.0,0.85,437184.0,502.0,343.0
NGPL,4/23/2026,456.0,456.6,442.1,444.9,-2.43,215922.0,502.0,343.0
NGPL,4/24/2026,441.0,445.0,432.1,445.0,0.91,263519.0,502.0,343.0
NGPL,4/27/2026,445.0,472.0,431.7,447.0,0.45,185875.0,502.0,343.0
NGPL,4/28/2026,424.7,453.0,424.7,442.6,4.21,179957.0,502.0,343.0
NGPL,4/29/2026,442.6,444.0,435.6,436.8,-1.31,189434.0,502.0,343.0
NGPL,4/30/2026,436.0,440.0,430.1,437.0,0.23,205103.0,502.0,343.0
NGPL,5/4/2026,435.0,439.0,424.0,426.9,-1.86,230324.0,502.0,343.0
NGPL,5/5/2026,427.0,434.9,423.0,431.0,0.94,124262.0,502.0,343.0
NGPL,5/6/2026,436.0,436.0,427.1,429.4,-1.51,287810.0,502.0,343.0
NGPL,5/7/2026,408.0,435.0,408.0,431.5,5.76,189083.0,502.0,343.0
NGPL,5/8/2026,430.1,445.0,430.0,444.9,3.44,265612.0,502.0,343.0
NGPL,5/11/2026,450.0,454.8,445.1,454.4,0.98,274260.0,502.0,343.0
NGPL,5/12/2026,455.0,458.0,439.0,443.0,-2.64,260848.0,502.0,343.0
NGPL,5/13/2026,442.0,448.5,437.2,440.1,-0.43,122201.0,502.0,343.0
NGPL,5/14/2026,442.4,446.9,439.0,446.0,0.81,114349.0,502.0,343.0
NGPL,5/15/2026,446.5,451.9,442.5,447.0,0.11,153485.0,502.0,343.0
NGPL,5/18/2026,451.0,451.0,442.0,445.0,-1.33,101986.0,502.0,343.0
NGPL,5/19/2026,444.0,448.0,440.4,442.2,-0.41,95324.0,502.0,343.0
NGPL,5/20/2026,442.2,449.0,442.2,447.1,1.11,89484.0,502.0,343.0
NGPL,5/21/2026,449.5,450.0,444.0,447.0,-0.56,78739.0,502.0,343.0
NGPL,5/22/2026,442.1,451.9,441.0,451.5,2.13,136672.0,502.0,343.0
NGPL,5/25/2026,435.0,462.0,435.0,459.0,5.52,319573.0,502.0,343.0
NGPL,5/26/2026,460.0,462.0,450.0,453.5,-1.41,302816.0,502.0,343.0
NGPL,5/27/2026,455.0,458.1,450.0,455.5,0.11,345642.0,502.0,343.0
NGPL,6/1/2026,455.0,455.5,444.2,447.0,-1.76,206497.0,502.0,343.0
NGPL,6/2/2026,447.0,447.9,441.0,445.8,-0.27,139294.0,502.0,343.0
NGPL,6/3/2026,445.8,448.5,443.3,445.5,-0.07,93169.0,502.0,343.0
NGPL,6/4/2026,467.7,467.7,438.0,441.7,-5.56,140797.0,502.0,343.0
NGPL,6/5/2026,442.9,443.0,437.0,439.9,-0.68,167326.0,502.0,343.0
NGPL,6/8/2026,443.9,443.9,430.0,432.5,-2.57,113737.0,502.0,343.0
NGPL,6/9/2026,454.0,454.0,425.0,433.0,-4.63,207057.0,502.0,343.0
NGPL,6/10/2026,449.0,449.0,430.0,437.9,-2.47,113472.0,502.0,343.0
NGPL,6/11/2026,439.5,439.5,427.0,431.5,-1.82,130103.0,502.0,343.0
NGPL,6/12/2026,420.0,442.0,420.0,431.0,2.62,88157.0,502.0,343.0
NGPL,6/15/2026,439.0,439.0,427.8,429.5,-2.16,63887.0,502.0,343.0
NGPL,6/16/2026,450.9,450.9,425.5,425.9,-5.54,51445.0,502.0,343.0
NGPL,6/17/2026,447.0,447.0,425.5,428.5,-4.14,66331.0,502.0,343.0
NGPL,6/18/2026,449.9,449.9,421.1,424.0,-5.76,92554.0,502.0,343.0
NGPL,6/19/2026,445.0,445.0,422.0,423.1,-4.92,48788.0,502.0,343.0
NGPL,6/22/2026,429.0,429.0,422.5,423.0,-1.4,104124.0,502.0,343.0
NGPL,6/23/2026,420.1,423.0,420.0,420.0,-0.02,133657.0,502.0,343.0
NGPL,6/24/2026,420.0,420.0,409.3,415.0,-1.19,185220.0,502.0,343.0
NGPL,6/26/2026,410.0,415.0,409.5,410.0,0.0,51286.0,502.0,343.0
NGPL,6/29/2026,405.2,410.9,405.1,408.0,0.69,75939.0,502.0,343.0
NGPL,6/30/2026,408.0,408.0,401.0,402.9,-1.25,84495.0,502.0,343.0
NGPL,7/1/2026,404.0,417.0,404.0,414.9,2.7,106621.0,502.0,343.0
NGPL,7/2/2026,409.1,412.0,406.0,411.8,0.66,50388.0,502.0,343.0
NGPL,7/3/2026,410.0,417.0,410.0,412.2,0.54,94433.0,502.0,343.0
NGPL,7/6/2026,416.9,416.9,408.0,408.3,-2.06,74380.0,502.0,343.0
NGPL,7/7/2026,410.0,414.0,406.1,413.0,0.73,99920.0,502.0,343.0
NGPL,7/8/2026,408.0,408.8,402.4,405.9,-0.51,65121.0,502.0,343.0
NGPL,7/9/2026,402.1,410.0,402.1,409.0,1.72,100458.0,502.0,343.0
NGPL,7/10/2026,409.8,413.0,403.3,406.9,-0.71,115383.0,502.0,343.0
NGPL,7/13/2026,403.0,405.0,398.0,399.0,-0.99,129307.0,502.0,343.0
NGPL,7/14/2026,404.0,409.0,393.5,400.3,-0.92,138225.0,502.0,343.0
NGPL,7/15/2026,403.1,408.8,400.0,402.0,-0.27,117905.0,502.0,343.0
NGPL,7/16/2026,406.0,406.0,394.0,398.0,-1.97,228603.0,502.0,343.0
NGPL,7/17/2026,417.0,419.9,404.9,418.2,0.29,360263.0,502.0,343.0
NGPL,7/20/2026,419.9,434.9,418.0,428.8,2.12,251112.0,502.0,343.0
NGPL,7/21/2026,435.0,435.0,422.0,425.0,-2.3,174734.0,502.0,343.0
NGPL,7/22/2026,404.0,428.5,404.0,423.4,4.8,167493.0,502.0,343.0
NGPL,7/23/2026,424.0,424.0,417.4,419.0,-1.18,203489.0,502.0,343.0
NGPL,7/24/2026,420.0,425.8,416.0,420.0,0.0,135494.0,502.0,343.0
NGPL,7/27/2026,416.1,422.0,412.2,413.0,-0.75,140559.0,502.0,343.0
NGPL,7/28/2026,411.5,414.0,409.0,410.0,-0.36,125424.0,502.0,343.0
NGPL,7/29/2026,411.0,413.8,407.6,409.9,-0.27,131658.0,502.0,343.0
NGPL,7/30/2026,413.9,413.9,405.1,407.9,-1.45,82194.0,502.0,343.0
NGPL,7/31/2026,425.0,425.0,403.5,408.1,-3.98,148643.0,502.0,343.0
NGPL,8/3/2026,400.0,413.0,400.0,407.2,1.8,56271.0,502.0,343.0
NGPL,8/4/2026,405.6,409.9,403.0,406.0,0.1,95593.0,502.0,343.0
NGPL,8/5/2026,411.0,411.0,404.0,407.0,-0.97,69796.0,502.0,343.0
NGPL,8/6/2026,409.9,416.0,408.2,412.8,0.71,139627.0,502.0,343.0
NGPL,8/7/2026,413.7,416.0,408.0,408.7,-1.21,74059.0,502.0,343.0
NGPL,8/10/2026,408.0,410.8,405.0,408.5,0.12,65637.0,502.0,343.0
NGPL,8/11/2026,409.8,424.0,407.0,421.0,2.73,427557.0,502.0,343.0
NGPL,8/12/2026,441.0,441.0,415.0,415.0,-5.9,255946.0,502.0,343.0
NGPL,8/13/2026,416.7,418.9,413.0,413.2,-0.84,126937.0,502.0,343.0
NGPL,8/14/2026,392.6,422.5,392.6,414.9,5.68,262237.0,502.0,343.0
NGPL,8/17/2026,415.0,415.0,410.3,411.0,-0.96,98091.0,502.0,343.0
NGPL,8/18/2026,410.2,413.0,408.1,409.9,-0.07,166725.0,502.0,343.0
NGPL,8/19/2026,412.0,412.0,406.4,407.0,-1.21,129970.0,502.0,343.0
NGPL,8/20/2026,406.5,413.0,403.1,412.0,1.35,170242.0,502.0,343.0
NGPL,8/21/2026,411.9,412.0,407.0,407.0,-1.19,114342.0,502.0,343.0
NGPL,8/24/2026,407.0,411.0,402.9,403.2,-0.93,105732.0,502.0,343.0
NGPL,8/25/2026,407.9,407.9,400.2,404.0,-0.96,125020.0,502.0,343.0
NGPL,8/26/2026,400.0,401.0,393.6,396.9,-0.78,180724.0,502.0,343.0
NGPL,8/27/2026,390.1,404.0,385.1,398.0,2.03,102967.0,502.0,343.0
NGPL,8/31/2026,395.0,399.0,387.0,390.0,-1.27,97306.0,502.0,343.0
NGPL,9/1/2026,385.2,397.0,385.2,390.9,1.48,39216.0,502.0,343.0
NGPL,9/2/2026,390.0,396.0,388.1,394.0,1.03,58392.0,502.0,343.0
NGPL,9/3/2026,397.0,397.0,387.1,388.0,-2.27,123903.0,502.0,343.0
NGPL,9/7/2026,390.0,398.1,390.0,393.8,0.97,82826.0,502.0,343.0
NGPL,9/9/2026,399.0,399.0,389.7,392.9,-1.53,100075.0,502.0,343.0
NGPL,9/10/2026,392.0,394.7,387.5,390.0,-0.51,83445.0,502.0,343.0
NGPL,9/11/2026,390.1,397.8,390.0,397.4,1.87,72583.0,502.0,343.0
NGPL,9/14/2026,399.0,406.9,397.0,401.0,0.5,100338.0,502.0,343.0
NGPL,9/15/2026,420.0,420.0,406.6,417.0,-0.71,331950.0,502.0,343.0
NGPL,9/16/2026,415.0,419.0,408.1,408.9,-1.47,134142.0,502.0,343.0
NGPL,9/17/2026,408.0,415.9,406.4,409.0,0.25,120338.0,502.0,343.0
NGPL,9/18/2026,413.0,413.5,408.0,410.0,-0.73,98550.0,502.0,343.0
NGPL,9/22/2026,413.0,415.0,408.2,411.0,-0.48,132714.0,502.0,343.0
NGPL,9/23/2026,410.0,410.0,403.0,405.0,-1.22,106852.0,502.0,343.0
NGPL,9/24/2026,384.8,408.0,384.8,403.0,4.73,74040.0,502.0,343.0
NGPL,9/28/2026,405.0,407.0,397.2,400.0,-1.23,123861.0,502.0,343.0
NGPL,9/29/2026,398.0,403.0,395.1,0.0,-100.0,44574.0,502.0,343.0
NGPL,9/30/2026,401.0,402.0,395.6,396.1,-1.22,78402.0,502.0,343.0
NGPL,10/1/2026,398.1,400.0,395.0,396.7,-0.35,98514.0,502.0,343.0
NGPL,10/2/2026,402.9,402.9,395.8,395.9,-1.74,71907.0,502.0,343.0
NHDL,1/1/2018,211.0,217.0,211.0,217.0,,80.0,796.0,606.2
NHDL,1/2/2018,217.0,221.0,213.0,218.0,0.46,130.0,796.0,606.2
NHDL,1/3/2018,218.0,216.0,214.0,216.0,-0.92,40.0,796.0,606.2
NHDL,1/4/2018,216.0,217.0,212.0,217.0,0.46,50.0,796.0,606.2
NHDL,1/7/2018,217.0,220.0,216.0,220.0,1.38,160.0,796.0,606.2
NHDL,1/8/2018,220.0,229.0,220.0,229.0,4.09,270.0,796.0,606.2
NHDL,1/9/2018,229.0,229.0,227.0,229.0,0.0,110.0,796.0,606.2
NHDL,1/10/2018,229.0,229.0,221.0,229.0,0.0,90.0,796.0,606.2
NHDL,1/14/2018,229.0,230.0,222.0,222.0,-3.06,90.0,796.0,606.2
NHDL,1/16/2018,222.0,218.0,215.0,215.0,-3.15,90.0,796.0,606.2
NHDL,1/17/2018,215.0,219.0,213.0,216.0,0.47,423.0,796.0,606.2
NHDL,1/21/2018,216.0,218.0,212.0,215.0,-0.46,220.0,796.0,606.2
NHDL,1/22/2018,215.0,218.0,211.0,216.0,0.47,120.0,796.0,606.2
NHDL,1/23/2018,216.0,214.0,212.0,213.0,-1.39,110.0,796.0,606.2
NHDL,1/24/2018,213.0,220.0,214.0,220.0,3.29,340.0,796.0,606.2
NHDL,1/25/2018,220.0,220.0,216.0,216.0,-1.82,90.0,796.0,606.2
NHDL,1/28/2018,216.0,215.0,212.0,215.0,-0.46,100.0,796.0,606.2
NHDL,1/29/2018,215.0,218.0,213.0,215.0,0.0,250.0,796.0,606.2
NHDL,1/31/2018,215.0,213.0,208.0,210.0,-2.33,160.0,796.0,606.2
NHDL,2/1/2018,210.0,207.0,206.0,207.0,-1.43,70.0,796.0,606.2
NHDL,2/4/2018,207.0,209.0,207.0,207.0,0.0,300.0,796.0,606.2
NHDL,2/5/2018,207.0,206.0,204.0,204.0,-1.45,70.0,796.0,606.2
NHDL,2/6/2018,204.0,204.0,204.0,204.0,0.0,40.0,796.0,606.2
NHDL,2/7/2018,204.0,208.0,204.0,207.0,1.47,880.0,796.0,606.2
NHDL,2/8/2018,207.0,209.0,202.0,207.0,0.0,70.0,796.0,606.2
NHDL,2/11/2018,207.0,211.0,208.0,211.0,1.93,140.0,796.0,606.2
NHDL,2/12/2018,211.0,208.0,208.0,208.0,-1.42,30.0,796.0,606.2
NHDL,2/14/2018,208.0,215.0,200.0,215.0,3.37,330.0,796.0,606.2
NHDL,2/15/2018,215.0,222.0,216.0,218.0,1.4,190.0,796.0,606.2
NHDL,2/18/2018,222.0,222.0,211.0,211.0,-3.21,520.0,796.0,606.2
NHDL,2/20/2018,210.0,214.0,210.0,212.0,0.47,130.0,796.0,606.2
NHDL,2/21/2018,208.0,214.0,208.0,214.0,0.94,100.0,796.0,606.2
NHDL,2/22/2018,210.0,214.0,210.0,213.0,-0.47,540.0,796.0,606.2
NHDL,2/25/2018,210.0,210.0,203.0,210.0,-1.41,160.0,796.0,606.2
NHDL,2/26/2018,213.0,213.0,205.0,206.0,-1.9,50.0,796.0,606.2
NHDL,2/27/2018,206.0,206.0,206.0,206.0,0.0,10.0,796.0,606.2
NHDL,2/28/2018,202.0,205.0,202.0,203.0,-1.46,70.0,796.0,606.2
NHDL,3/4/2018,199.0,199.0,196.0,196.0,-3.45,170.0,796.0,606.2
NHDL,3/6/2018,199.0,199.0,187.0,190.0,-3.06,220.0,796.0,606.2
NHDL,3/7/2018,187.0,196.0,184.0,196.0,3.16,70.0,796.0,606.2
NHDL,3/11/2018,194.0,197.0,194.0,194.0,-1.02,1866.0,796.0,606.2
NHDL,3/12/2018,197.0,198.0,194.0,198.0,2.06,130.0,796.0,606.2
NHDL,3/13/2018,199.0,199.0,199.0,199.0,0.51,10.0,796.0,606.2
NHDL,3/14/2018,199.0,199.0,199.0,199.0,0.0,10.0,796.0,606.2
NHDL,3/15/2018,196.0,196.0,195.0,195.0,-2.01,40.0,796.0,606.2
NHDL,3/18/2018,192.0,196.0,189.0,189.0,-3.08,110.0,796.0,606.2
NHDL,3/19/2018,186.0,187.0,186.0,186.0,-1.59,80.0,796.0,606.2
NHDL,3/20/2018,183.0,184.0,180.0,180.0,-3.23,80.0,796.0,606.2
NHDL,3/21/2018,180.0,180.0,177.0,180.0,0.0,80.0,796.0,606.2
NHDL,3/22/2018,177.0,180.0,177.0,180.0,0.0,70.0,796.0,606.2
NHDL,3/26/2018,180.0,180.0,177.0,180.0,0.0,30.0,796.0,606.2
NHDL,3/27/2018,177.0,180.0,174.0,180.0,0.0,70.0,796.0,606.2
NHDL,3/28/2018,180.0,180.0,180.0,180.0,0.0,30.0,796.0,606.2
NHDL,3/29/2018,180.0,183.0,180.0,183.0,1.67,170.0,796.0,606.2
NHDL,4/1/2018,183.0,192.0,183.0,189.0,3.28,280.0,796.0,606.2
NHDL,4/2/2018,186.0,189.0,185.0,189.0,0.0,70.0,796.0,606.2
NHDL,4/3/2018,192.0,192.0,190.0,192.0,1.59,160.0,796.0,606.2
NHDL,4/4/2018,195.0,195.0,192.0,195.0,1.56,60.0,796.0,606.2
NHDL,4/5/2018,192.0,196.0,189.0,191.0,-2.05,150.0,796.0,606.2
NHDL,4/8/2018,188.0,193.0,188.0,193.0,1.05,180.0,796.0,606.2
NHDL,4/9/2018,192.0,198.0,189.0,189.0,-2.07,710.0,796.0,606.2
NHDL,4/10/2018,186.0,190.0,184.0,190.0,0.53,280.0,796.0,606.2
NHDL,4/11/2018,192.0,202.0,192.0,202.0,6.32,250.0,796.0,606.2
NHDL,4/12/2018,199.0,200.0,195.0,195.0,-3.47,350.0,796.0,606.2
NHDL,4/15/2018,192.0,192.0,189.0,190.0,-2.56,80.0,796.0,606.2
NHDL,4/16/2018,190.0,191.0,188.0,189.0,-0.53,190.0,796.0,606.2
NHDL,4/17/2018,190.0,199.0,190.0,195.0,3.17,100.0,796.0,606.2
NHDL,4/18/2018,192.0,208.0,190.0,204.0,4.62,140.0,796.0,606.2
NHDL,4/19/2018,204.0,214.0,202.0,214.0,4.9,250.0,796.0,606.2
NHDL,4/22/2018,218.0,218.0,210.0,210.0,-1.87,100.0,796.0,606.2
NHDL,4/23/2018,214.0,215.0,206.0,210.0,0.0,180.0,796.0,606.2
NHDL,4/24/2018,208.0,208.0,204.0,205.0,-2.38,540.0,796.0,606.2
NHDL,4/25/2018,201.0,205.0,201.0,201.0,-1.95,190.0,796.0,606.2
NHDL,4/26/2018,197.0,197.0,195.0,196.0,-2.49,200.0,796.0,606.2
NHDL,4/29/2018,193.0,195.0,193.0,195.0,-0.51,60.0,796.0,606.2
NHDL,5/2/2018,192.0,192.0,187.0,187.0,-4.1,270.0,796.0,606.2
NHDL,5/3/2018,184.0,190.0,184.0,190.0,1.6,130.0,796.0,606.2
NHDL,5/6/2018,188.0,191.0,188.0,188.0,-1.05,240.0,796.0,606.2
NHDL,5/7/2018,188.0,188.0,179.0,185.0,-1.6,200.0,796.0,606.2
NHDL,5/8/2018,185.0,186.0,180.0,186.0,0.54,390.0,796.0,606.2
NHDL,5/9/2018,183.0,186.0,181.0,185.0,-0.54,160.0,796.0,606.2
NHDL,5/10/2018,182.0,187.0,182.0,186.0,0.54,270.0,796.0,606.2
NHDL,5/14/2018,183.0,184.0,181.0,182.0,-2.15,240.0,796.0,606.2
NHDL,5/15/2018,181.0,181.0,179.0,180.0,-1.1,170.0,796.0,606.2
NHDL,5/16/2018,179.0,180.0,179.0,180.0,0.0,40.0,796.0,606.2
NHDL,5/17/2018,180.0,183.0,180.0,183.0,1.67,60.0,796.0,606.2
NHDL,5/20/2018,181.0,184.0,181.0,184.0,0.55,140.0,796.0,606.2
NHDL,5/21/2018,185.0,185.0,180.0,182.0,-1.09,270.0,796.0,606.2
NHDL,5/22/2018,183.0,183.0,181.0,181.0,-0.55,20.0,796.0,606.2
NHDL,5/23/2018,178.0,179.0,175.0,175.0,-3.31,50.0,796.0,606.2
NHDL,5/24/2018,173.0,179.0,173.0,176.0,0.57,40.0,796.0,606.2
NHDL,5/27/2018,178.0,178.0,173.0,177.0,0.57,140.0,796.0,606.2
NHDL,5/28/2018,177.0,177.0,174.0,175.0,-1.13,150.0,796.0,606.2
NHDL,5/29/2018,172.0,175.0,172.0,174.0,-0.57,60.0,796.0,606.2
NHDL,5/30/2018,171.0,175.0,171.0,175.0,0.57,360.0,796.0,606.2
NHDL,5/31/2018,176.0,176.0,174.0,175.0,0.0,90.0,796.0,606.2
NHDL,6/3/2018,176.0,176.0,165.0,165.0,-5.71,790.0,796.0,606.2
NHDL,6/4/2018,162.0,166.0,162.0,164.0,-0.61,80.0,796.0,606.2
NHDL,6/6/2018,163.0,163.0,163.0,163.0,-0.61,10.0,796.0,606.2
NHDL,6/7/2018,161.0,162.0,161.0,161.0,-1.23,190.0,796.0,606.2
NHDL,6/10/2018,158.0,168.0,158.0,168.0,4.35,70.0,796.0,606.2
NHDL,6/11/2018,171.0,184.0,171.0,184.0,9.52,250.0,796.0,606.2
NHDL,6/12/2018,184.0,184.0,179.0,179.0,-2.72,190.0,796.0,606.2
NHDL,6/13/2018,179.0,196.0,179.0,196.0,9.5,580.0,796.0,606.2
NHDL,6/14/2018,197.0,215.0,197.0,215.0,9.69,820.0,796.0,606.2
NHDL,6/17/2018,216.0,219.0,208.0,219.0,1.86,690.0,796.0,606.2
NHDL,6/18/2018,223.0,240.0,223.0,240.0,9.59,2080.0,796.0,606.2
NHDL,6/19/2018,244.0,262.0,240.0,244.0,1.67,2620.0,796.0,606.2
NHDL,6/20/2018,248.0,262.0,237.0,243.0,-0.41,1270.0,796.0,606.2
NHDL,6/21/2018,239.0,239.0,219.0,219.0,-9.88,480.0,796.0,606.2
NHDL,6/24/2018,223.0,223.0,198.0,198.0,-9.59,390.0,796.0,606.2
NHDL,6/25/2018,198.0,201.0,197.0,197.0,-0.51,130.0,796.0,606.2
NHDL,6/26/2018,197.0,197.0,188.0,189.0,-4.06,139.0,796.0,606.2
NHDL,6/27/2018,186.0,192.0,186.0,189.0,0.0,5190.0,796.0,606.2
NHDL,6/28/2018,188.0,188.0,185.0,185.0,-2.12,70.0,796.0,606.2
NHDL,7/1/2018,183.0,183.0,179.0,179.0,-3.24,361.0,796.0,606.2
NHDL,7/2/2018,176.0,176.0,173.0,175.0,-2.23,140.0,796.0,606.2
NHDL,7/3/2018,177.0,177.0,171.0,171.0,-2.29,90.0,796.0,606.2
NHDL,7/4/2018,168.0,177.0,163.0,177.0,3.51,1630.0,796.0,606.2
NHDL,7/5/2018,177.0,183.0,177.0,180.0,1.69,180.0,796.0,606.2
NHDL,7/8/2018,183.0,183.0,180.0,180.0,0.0,80.0,796.0,606.2
NHDL,7/9/2018,177.0,177.0,166.0,170.0,-5.56,100.0,796.0,606.2
NHDL,7/10/2018,171.0,172.0,168.0,168.0,-1.18,199.0,796.0,606.2
NHDL,7/11/2018,166.0,172.0,166.0,169.0,0.6,220.0,796.0,606.2
NHDL,7/12/2018,168.0,180.0,168.0,180.0,6.51,70.0,796.0,606.2
NHDL,7/15/2018,180.0,180.0,168.0,168.0,-6.67,150.0,796.0,606.2
NHDL,7/16/2018,171.0,180.0,168.0,168.0,0.0,1080.0,796.0,606.2
NHDL,7/17/2018,168.0,176.0,168.0,175.0,4.17,360.0,796.0,606.2
NHDL,7/18/2018,172.0,172.0,169.0,169.0,-3.43,50.0,796.0,606.2
NHDL,7/19/2018,168.0,172.0,168.0,168.0,-0.59,810.0,796.0,606.2
NHDL,7/22/2018,165.0,170.0,165.0,170.0,1.19,290.0,796.0,606.2
NHDL,7/24/2018,170.0,174.0,170.0,173.0,1.76,50.0,796.0,606.2
NHDL,7/25/2018,170.0,171.0,168.0,170.0,-1.73,120.0,796.0,606.2
NHDL,7/26/2018,173.0,176.0,173.0,176.0,3.53,20.0,796.0,606.2
NHDL,7/29/2018,173.0,173.0,167.0,167.0,-5.11,120.0,796.0,606.2
NHDL,7/30/2018,164.0,168.0,164.0,165.0,-1.2,70.0,796.0,606.2
NHDL,7/31/2018,167.0,168.0,165.0,165.0,0.0,110.0,796.0,606.2
NHDL,8/1/2018,165.0,166.0,164.0,166.0,0.61,70.0,796.0,606.2
NHDL,8/2/2018,167.0,167.0,164.0,165.0,-0.6,110.0,796.0,606.2
NHDL,8/5/2018,162.0,165.0,162.0,165.0,0.0,80.0,796.0,606.2
NHDL,8/6/2018,168.0,168.0,163.0,165.0,0.0,70.0,796.0,606.2
NHDL,8/7/2018,163.0,167.0,163.0,166.0,0.61,110.0,796.0,606.2
NHDL,8/8/2018,164.0,166.0,164.0,166.0,0.0,110.0,796.0,606.2
NHDL,8/9/2018,166.0,169.0,166.0,168.0,1.2,90.0,796.0,606.2
NHDL,8/12/2018,165.0,165.0,165.0,165.0,-1.79,50.0,796.0,606.2
NHDL,8/13/2018,162.0,162.0,153.0,162.0,-1.82,90.0,796.0,606.2
NHDL,8/14/2018,162.0,163.0,162.0,162.0,0.0,80.0,796.0,606.2
NHDL,8/15/2018,160.0,165.0,160.0,165.0,1.85,50.0,796.0,606.2
NHDL,8/16/2018,162.0,164.0,162.0,163.0,-1.21,300.0,796.0,606.2
NHDL,8/19/2018,161.0,162.0,161.0,162.0,-0.61,30.0,796.0,606.2
NHDL,8/20/2018,162.0,162.0,162.0,162.0,0.0,70.0,796.0,606.2
NHDL,8/21/2018,162.0,163.0,161.0,162.0,0.0,760.0,796.0,606.2
NHDL,8/22/2018,159.0,160.0,159.0,160.0,-1.23,80.0,796.0,606.2
NHDL,8/23/2018,160.0,162.0,159.0,159.0,-0.62,40.0,796.0,606.2
NHDL,8/26/2018,156.0,156.0,156.0,156.0,-1.89,50.0,796.0,606.2
NHDL,8/28/2018,155.0,160.0,155.0,160.0,2.56,80.0,796.0,606.2
NHDL,8/29/2018,157.0,157.0,155.0,155.0,-3.12,80.0,796.0,606.2
NHDL,8/30/2018,158.0,160.0,155.0,160.0,3.23,50.0,796.0,606.2
NHDL,9/2/2018,157.0,160.0,155.0,160.0,0.0,130.0,796.0,606.2
NHDL,9/3/2018,163.0,163.0,160.0,160.0,0.0,1770.0,796.0,606.2
NHDL,9/4/2018,157.0,158.0,157.0,158.0,-1.25,40.0,796.0,606.2
NHDL,9/5/2018,158.0,161.0,157.0,160.0,1.27,60.0,796.0,606.2
NHDL,9/6/2018,160.0,160.0,160.0,160.0,0.0,50.0,796.0,606.2
NHDL,9/9/2018,162.0,162.0,157.0,158.0,-1.25,90.0,796.0,606.2
NHDL,9/10/2018,158.0,159.0,156.0,159.0,0.63,140.0,796.0,606.2
NHDL,9/11/2018,156.0,156.0,151.0,151.0,-5.03,30.0,796.0,606.2
NHDL,9/12/2018,153.0,157.0,153.0,155.0,2.65,150.0,796.0,606.2
NHDL,9/13/2018,154.0,157.0,154.0,155.0,0.0,80.0,796.0,606.2
NHDL,9/16/2018,153.0,156.0,153.0,156.0,0.65,80.0,796.0,606.2
NHDL,9/17/2018,153.0,153.0,153.0,153.0,-1.92,20.0,796.0,606.2
NHDL,9/18/2018,150.0,153.0,150.0,152.0,-0.65,160.0,796.0,606.2
NHDL,9/20/2018,150.0,152.0,150.0,150.0,-1.32,150.0,796.0,606.2
NHDL,9/23/2018,148.0,152.0,148.0,151.0,0.67,120.0,796.0,606.2
NHDL,9/25/2018,150.0,154.0,150.0,152.0,0.66,90.0,796.0,606.2
NHDL,9/26/2018,153.0,153.0,149.0,150.0,-1.32,360.0,796.0,606.2
NHDL,9/27/2018,147.0,149.0,147.0,149.0,-0.67,120.0,796.0,606.2
NHDL,9/30/2018,149.0,151.0,147.0,148.0,-0.67,420.0,796.0,606.2
NHDL,10/1/2018,150.0,151.0,149.0,149.0,0.68,160.0,796.0,606.2
NHDL,10/2/2018,147.0,148.0,145.0,147.0,-1.34,150.0,796.0,606.2
NHDL,10/3/2018,145.0,145.0,139.0,139.0,-5.44,170.0,796.0,606.2
NHDL,10/4/2018,137.0,141.0,137.0,141.0,1.44,140.0,796.0,606.2
NHDL,10/7/2018,139.0,139.0,137.0,137.0,-2.84,30.0,796.0,606.2
NHDL,10/8/2018,136.0,137.0,136.0,136.0,-0.73,70.0,796.0,606.2
NHDL,10/9/2018,134.0,137.0,134.0,135.0,-0.74,60.0,796.0,606.2
NHDL,10/10/2018,133.0,138.0,133.0,138.0,2.22,380.0,796.0,606.2
NHDL,10/11/2018,136.0,136.0,136.0,136.0,-1.45,40.0,796.0,606.2
NHDL,10/14/2018,138.0,138.0,136.0,136.0,0.0,120.0,796.0,606.2
NHDL,10/15/2018,136.0,136.0,136.0,136.0,0.0,200.0,796.0,606.2
NHDL,10/21/2018,134.0,134.0,134.0,134.0,-1.47,50.0,796.0,606.2
NHDL,10/22/2018,133.0,133.0,132.0,132.0,-1.49,140.0,796.0,606.2
NHDL,10/23/2018,131.0,132.0,129.0,132.0,0.0,140.0,796.0,606.2
NHDL,10/25/2018,130.0,130.0,128.0,128.0,-3.03,20.0,796.0,606.2
NHDL,10/28/2018,126.0,127.0,125.0,125.0,-2.34,630.0,796.0,606.2
NHDL,10/29/2018,125.0,125.0,119.0,119.0,-4.8,80.0,796.0,606.2
NHDL,10/30/2018,117.0,129.0,117.0,129.0,8.4,880.0,796.0,606.2
NHDL,10/31/2018,127.0,127.0,125.0,126.0,-2.33,50.0,796.0,606.2
NHDL,11/1/2018,124.0,126.0,124.0,124.0,-1.59,90.0,796.0,606.2
NHDL,11/4/2018,122.0,122.0,122.0,122.0,-1.61,50.0,796.0,606.2
NHDL,11/5/2018,120.0,122.0,120.0,122.0,0.0,20.0,796.0,606.2
NHDL,11/14/2018,120.0,122.0,120.0,120.0,-1.64,40.0,796.0,606.2
NHDL,11/15/2018,120.0,121.0,120.0,121.0,0.83,70.0,796.0,606.2
NHDL,11/18/2018,123.0,125.0,123.0,123.0,1.65,180.0,796.0,606.2
NHDL,11/19/2018,121.0,124.0,121.0,123.0,0.0,110.0,796.0,606.2
NHDL,11/20/2018,123.0,125.0,123.0,125.0,1.63,100.0,796.0,606.2
NHDL,11/21/2018,123.0,124.0,123.0,124.0,-0.8,110.0,796.0,606.2
NHDL,11/22/2018,123.0,127.0,123.0,127.0,2.42,120.0,796.0,606.2
NHDL,11/25/2018,126.0,134.0,126.0,134.0,5.51,550.0,796.0,606.2
NHDL,11/26/2018,132.0,142.0,132.0,140.0,4.48,360.0,796.0,606.2
NHDL,11/27/2018,142.0,151.0,142.0,149.0,6.43,1130.0,796.0,606.2
NHDL,11/28/2018,147.0,153.0,147.0,150.0,0.67,350.0,796.0,606.2
NHDL,11/29/2018,150.0,153.0,150.0,153.0,2.0,160.0,796.0,606.2
NHDL,12/2/2018,153.0,153.0,153.0,153.0,0.0,80.0,796.0,606.2
NHDL,12/4/2018,150.0,150.0,148.0,150.0,-1.96,80.0,796.0,606.2
NHDL,12/5/2018,149.0,149.0,149.0,149.0,-0.67,20.0,796.0,606.2
NHDL,12/6/2018,147.0,151.0,147.0,149.0,0.0,60.0,796.0,606.2
NHDL,12/10/2018,150.0,150.0,148.0,148.0,-0.67,20.0,796.0,606.2
NHDL,12/11/2018,148.0,148.0,146.0,146.0,-1.35,600.0,796.0,606.2
NHDL,12/12/2018,144.0,144.0,144.0,144.0,-1.37,100.0,796.0,606.2
NHDL,12/16/2018,142.0,142.0,136.0,138.0,-4.17,490.0,796.0,606.2
NHDL,12/19/2018,136.0,136.0,132.0,134.0,-2.9,100.0,796.0,606.2
NHDL,12/20/2018,132.0,132.0,132.0,132.0,-1.49,80.0,796.0,606.2
NHDL,12/23/2018,130.0,133.0,130.0,133.0,0.76,320.0,796.0,606.2
NHDL,12/24/2018,132.0,135.0,131.0,135.0,1.5,160.0,796.0,606.2
NHDL,12/25/2018,136.0,137.0,133.0,133.0,-1.48,130.0,796.0,606.2
NHDL,12/26/2018,135.0,135.0,133.0,133.0,0.0,30.0,796.0,606.2
NHDL,12/27/2018,135.0,135.0,135.0,135.0,1.5,130.0,796.0,606.2
NHDL,12/30/2018,133.0,135.0,131.0,133.0,-1.48,590.0,796.0,606.2
NHDL,12/31/2018,131.0,131.0,131.0,131.0,-1.5,10.0,796.0,606.2
NHDL,1/1/2019,130.0,130.0,128.0,129.0,-1.53,50.0,796.0,606.2
NHDL,1/2/2019,127.0,128.0,127.0,128.0,-0.78,20.0,796.0,606.2
NHDL,1/3/2019,128.0,128.0,126.0,126.0,-1.56,20.0,796.0,606.2
NHDL,1/6/2019,126.0,127.0,125.0,127.0,0.79,30.0,796.0,606.2
NHDL,1/7/2019,125.0,130.0,125.0,130.0,2.36,160.0,796.0,606.2
NHDL,1/8/2019,128.0,129.0,127.0,128.0,-1.54,400.0,796.0,606.2
NHDL,1/9/2019,126.0,126.0,126.0,126.0,-1.56,10.0,796.0,606.2
NHDL,1/10/2019,126.0,128.0,124.0,124.0,-1.59,100.0,796.0,606.2
NHDL,1/13/2019,122.0,122.0,122.0,122.0,-1.61,30.0,796.0,606.2
NHDL,1/14/2019,124.0,124.0,124.0,124.0,1.64,30.0,796.0,606.2
NHDL,1/15/2019,125.0,128.0,125.0,128.0,3.23,40.0,796.0,606.2
NHDL,1/16/2019,130.0,140.0,128.0,140.0,9.38,1030.0,796.0,606.2
NHDL,1/17/2019,142.0,149.0,142.0,147.0,5.0,610.0,796.0,606.2
NHDL,1/21/2019,145.0,145.0,145.0,145.0,-1.36,200.0,796.0,606.2
NHDL,1/22/2019,143.0,143.0,131.0,131.0,-9.66,90.0,796.0,606.2
NHDL,1/23/2019,129.0,131.0,127.0,131.0,0.0,161.0,796.0,606.2
NHDL,1/24/2019,129.0,133.0,129.0,133.0,1.53,80.0,796.0,606.2
NHDL,1/27/2019,134.0,134.0,130.0,131.0,-1.5,110.0,796.0,606.2
NHDL,1/28/2019,129.0,130.0,129.0,130.0,-0.76,90.0,796.0,606.2
NHDL,1/29/2019,130.0,132.0,130.0,132.0,1.54,90.0,796.0,606.2
NHDL,1/30/2019,130.0,134.0,130.0,134.0,1.52,50.0,796.0,606.2
NHDL,1/31/2019,132.0,133.0,132.0,133.0,-0.75,30.0,796.0,606.2
NHDL,2/3/2019,132.0,133.0,131.0,131.0,-1.5,60.0,796.0,606.2
NHDL,2/4/2019,129.0,131.0,129.0,131.0,0.0,250.0,796.0,606.2
NHDL,2/5/2019,129.0,132.0,129.0,130.0,-0.76,1100.0,796.0,606.2
NHDL,2/6/2019,128.0,131.0,128.0,131.0,0.77,1270.0,796.0,606.2
NHDL,2/7/2019,130.0,130.0,127.0,128.0,-2.29,120.0,796.0,606.2
NHDL,2/10/2019,126.0,126.0,126.0,126.0,-1.56,90.0,796.0,606.2
NHDL,2/11/2019,124.0,126.0,124.0,126.0,0.0,80.0,796.0,606.2
NHDL,2/12/2019,125.0,125.0,125.0,125.0,-0.79,20.0,796.0,606.2
NHDL,2/13/2019,124.0,127.0,124.0,127.0,1.6,50.0,796.0,606.2
NHDL,2/14/2019,125.0,125.0,124.0,124.0,-2.36,40.0,796.0,606.2
NHDL,2/17/2019,123.0,124.0,120.0,120.0,-3.23,160.0,796.0,606.2
NHDL,2/18/2019,120.0,120.0,118.0,120.0,0.0,120.0,796.0,606.2
NHDL,2/19/2019,118.0,124.0,118.0,122.0,1.67,1120.0,796.0,606.2
NHDL,2/20/2019,120.0,120.0,120.0,120.0,-1.64,20.0,796.0,606.2
NHDL,2/21/2019,118.0,118.0,118.0,118.0,-1.67,60.0,796.0,606.2
NHDL,2/24/2019,118.0,118.0,116.0,116.0,-1.69,100.0,796.0,606.2
NHDL,2/25/2019,116.0,118.0,116.0,118.0,1.72,30.0,796.0,606.2
NHDL,2/26/2019,118.0,121.0,118.0,120.0,1.69,1660.0,796.0,606.2
NHDL,2/27/2019,118.0,122.0,118.0,122.0,1.67,229.0,796.0,606.2
NHDL,3/3/2019,122.0,122.0,118.0,122.0,0.0,140.0,796.0,606.2
NHDL,3/5/2019,120.0,120.0,120.0,120.0,-1.64,10.0,796.0,606.2
NHDL,3/6/2019,120.0,120.0,120.0,120.0,0.0,10.0,796.0,606.2
NHDL,3/7/2019,121.0,123.0,120.0,123.0,2.5,50.0,796.0,606.2
NHDL,3/10/2019,125.0,125.0,125.0,125.0,1.63,20.0,796.0,606.2
NHDL,3/11/2019,127.0,131.0,127.0,131.0,4.8,340.0,796.0,606.2
NHDL,3/12/2019,132.0,139.0,131.0,139.0,6.11,510.0,796.0,606.2
NHDL,3/13/2019,137.0,139.0,135.0,137.0,-1.44,50.0,796.0,606.2
NHDL,3/14/2019,135.0,135.0,131.0,131.0,-4.38,30.0,796.0,606.2
NHDL,3/17/2019,129.0,129.0,127.0,129.0,-1.53,70.0,796.0,606.2
NHDL,3/18/2019,130.0,132.0,126.0,126.0,-2.33,370.0,796.0,606.2
NHDL,3/19/2019,124.0,125.0,124.0,124.0,-1.59,40.0,796.0,606.2
NHDL,3/21/2019,126.0,126.0,125.0,125.0,0.81,360.0,796.0,606.2
NHDL,3/24/2019,123.0,123.0,123.0,123.0,-1.6,90.0,796.0,606.2
NHDL,3/25/2019,123.0,127.0,122.0,127.0,3.25,110.0,796.0,606.2
NHDL,3/26/2019,125.0,126.0,125.0,125.0,-1.57,130.0,796.0,606.2
NHDL,3/27/2019,125.0,127.0,125.0,127.0,1.6,180.0,796.0,606.2
NHDL,3/28/2019,129.0,137.0,125.0,128.0,0.79,1010.0,796.0,606.2
NHDL,3/31/2019,126.0,129.0,126.0,129.0,0.78,280.0,796.0,606.2
NHDL,4/1/2019,127.0,127.0,125.0,127.0,-1.55,160.0,796.0,606.2
NHDL,4/2/2019,125.0,128.0,125.0,127.0,0.0,340.0,796.0,606.2
NHDL,4/3/2019,125.0,127.0,125.0,127.0,0.0,120.0,796.0,606.2
NHDL,4/4/2019,126.0,127.0,123.0,123.0,-3.15,270.0,796.0,606.2
NHDL,4/7/2019,124.0,127.0,124.0,127.0,3.25,100.0,796.0,606.2
NHDL,4/8/2019,125.0,126.0,125.0,126.0,-0.79,170.0,796.0,606.2
NHDL,4/9/2019,124.0,126.0,123.0,123.0,-2.38,80.0,796.0,606.2
NHDL,4/10/2019,123.0,125.0,123.0,125.0,1.63,160.0,796.0,606.2
NHDL,4/11/2019,125.0,125.0,123.0,125.0,0.0,240.0,796.0,606.2
NHDL,4/15/2019,123.0,125.0,123.0,125.0,0.0,50.0,796.0,606.2
NHDL,4/16/2019,123.0,125.0,123.0,125.0,0.0,30.0,796.0,606.2
NHDL,4/17/2019,123.0,125.0,123.0,125.0,0.0,110.0,796.0,606.2
NHDL,4/18/2019,125.0,125.0,125.0,125.0,0.0,40.0,796.0,606.2
NHDL,4/21/2019,123.0,124.0,122.0,122.0,-2.4,80.0,796.0,606.2
NHDL,4/22/2019,121.0,123.0,121.0,123.0,0.82,60.0,796.0,606.2
NHDL,4/23/2019,121.0,123.0,121.0,121.0,-1.63,90.0,796.0,606.2
NHDL,4/24/2019,121.0,123.0,120.0,120.0,-0.83,1120.0,796.0,606.2
NHDL,4/25/2019,119.0,122.0,119.0,121.0,0.83,70.0,796.0,606.2
NHDL,4/28/2019,123.0,133.0,123.0,133.0,9.92,130.0,796.0,606.2
NHDL,4/29/2019,135.0,135.0,133.0,133.0,0.0,110.0,796.0,606.2
NHDL,4/30/2019,135.0,135.0,135.0,135.0,1.5,10.0,796.0,606.2
NHDL,5/2/2019,133.0,133.0,129.0,131.0,-2.96,60.0,796.0,606.2
NHDL,5/6/2019,129.0,129.0,129.0,129.0,-1.53,20.0,796.0,606.2
NHDL,5/7/2019,127.0,127.0,127.0,127.0,-1.55,690.0,796.0,606.2
NHDL,5/8/2019,129.0,131.0,125.0,125.0,-1.57,610.0,796.0,606.2
NHDL,5/9/2019,127.0,137.0,126.0,135.0,8.0,2630.0,796.0,606.2
NHDL,5/12/2019,137.0,146.0,133.0,146.0,8.15,2870.0,796.0,606.2
NHDL,5/13/2019,146.0,155.0,144.0,155.0,6.16,560.0,796.0,606.2
NHDL,5/14/2019,158.0,161.0,158.0,158.0,1.94,120.0,796.0,606.2
NHDL,5/20/2019,155.0,160.0,155.0,160.0,1.27,300.0,796.0,606.2
NHDL,5/22/2019,157.0,170.0,144.0,170.0,6.25,2420.0,796.0,606.2
NHDL,5/23/2019,167.0,167.0,167.0,167.0,-1.76,50.0,796.0,606.2
NHDL,5/30/2019,164.0,164.0,160.0,163.0,-2.4,110.0,796.0,606.2
NHDL,6/10/2019,159.0,159.0,156.0,156.0,-4.29,30.0,796.0,606.2
NHDL,6/11/2019,159.0,159.0,141.0,141.0,-9.62,870.0,796.0,606.2
NHDL,6/12/2019,139.0,139.0,131.0,131.0,-7.09,690.0,796.0,606.2
NHDL,6/13/2019,129.0,134.0,128.0,129.0,-1.53,1040.0,796.0,606.2
NHDL,6/16/2019,128.0,132.0,128.0,132.0,2.33,320.0,796.0,606.2
NHDL,6/17/2019,134.0,136.0,134.0,136.0,3.03,30.0,796.0,606.2
NHDL,6/18/2019,134.0,134.0,129.0,129.0,-5.15,320.0,796.0,606.2
NHDL,6/19/2019,127.0,127.0,125.0,125.0,-3.1,80.0,796.0,606.2
NHDL,6/20/2019,124.0,130.0,124.0,129.0,3.2,450.0,796.0,606.2
NHDL,6/23/2019,127.0,129.0,126.0,127.0,-1.55,170.0,796.0,606.2
NHDL,6/24/2019,125.0,126.0,125.0,126.0,-0.79,90.0,796.0,606.2
NHDL,6/25/2019,124.0,126.0,124.0,125.0,-0.79,70.0,796.0,606.2
NHDL,6/26/2019,125.0,129.0,124.0,129.0,3.2,130.0,796.0,606.2
NHDL,6/27/2019,129.0,129.0,125.0,125.0,-3.1,110.0,796.0,606.2
NHDL,6/30/2019,126.0,126.0,123.0,123.0,-1.6,90.0,796.0,606.2
NHDL,7/1/2019,122.0,123.0,120.0,120.0,-2.44,150.0,796.0,606.2
NHDL,7/2/2019,122.0,123.0,122.0,123.0,2.5,30.0,796.0,606.2
NHDL,7/3/2019,124.0,125.0,124.0,124.0,0.81,80.0,796.0,606.2
NHDL,7/4/2019,122.0,122.0,122.0,122.0,-1.61,10.0,796.0,606.2
NHDL,7/7/2019,120.0,121.0,120.0,121.0,-0.82,80.0,796.0,606.2
NHDL,7/8/2019,121.0,121.0,121.0,121.0,0.0,30.0,796.0,606.2
NHDL,7/9/2019,120.0,122.0,120.0,121.0,0.0,120.0,796.0,606.2
NHDL,7/10/2019,122.0,126.0,122.0,126.0,4.13,150.0,796.0,606.2
NHDL,7/11/2019,124.0,126.0,123.0,123.0,-2.38,110.0,796.0,606.2
NHDL,7/14/2019,121.0,121.0,120.0,120.0,-2.44,60.0,796.0,606.2
NHDL,7/15/2019,122.0,123.0,121.0,122.0,1.67,560.0,796.0,606.2
NHDL,7/16/2019,120.0,122.0,120.0,121.0,-0.82,120.0,796.0,606.2
NHDL,7/17/2019,119.0,121.0,119.0,119.0,-1.65,120.0,796.0,606.2
NHDL,7/18/2019,121.0,130.0,121.0,130.0,9.24,160.0,796.0,606.2
NHDL,7/21/2019,128.0,128.0,128.0,128.0,-1.54,200.0,796.0,606.2
NHDL,7/22/2019,126.0,126.0,123.0,123.0,-3.91,350.0,796.0,606.2
NHDL,7/23/2019,122.0,123.0,122.0,123.0,0.0,30.0,796.0,606.2
NHDL,7/24/2019,125.0,125.0,122.0,122.0,-0.81,1050.0,796.0,606.2
NHDL,7/25/2019,124.0,124.0,124.0,124.0,1.64,10.0,796.0,606.2
NHDL,7/28/2019,122.0,122.0,120.0,121.0,-2.42,80.0,796.0,606.2
NHDL,7/29/2019,120.0,122.0,120.0,121.0,0.0,110.0,796.0,606.2
NHDL,7/30/2019,120.0,124.0,120.0,121.0,0.0,650.0,796.0,606.2
NHDL,7/31/2019,120.0,122.0,120.0,121.0,0.0,90.0,796.0,606.2
NHDL,8/1/2019,121.0,121.0,121.0,121.0,0.0,173.0,796.0,606.2
NHDL,8/4/2019,123.0,123.0,120.0,120.0,-0.83,40.0,796.0,606.2
NHDL,8/5/2019,118.0,118.0,116.0,117.0,-2.5,350.0,796.0,606.2
NHDL,8/6/2019,116.0,117.0,116.0,117.0,0.0,30.0,796.0,606.2
NHDL,8/7/2019,115.0,116.0,115.0,116.0,-0.85,30.0,796.0,606.2
NHDL,8/8/2019,114.0,115.0,114.0,115.0,-0.86,90.0,796.0,606.2
NHDL,8/11/2019,115.0,115.0,115.0,115.0,0.0,80.0,796.0,606.2
NHDL,8/12/2019,114.0,117.0,114.0,117.0,1.74,180.0,796.0,606.2
NHDL,8/13/2019,116.0,117.0,116.0,117.0,0.0,140.0,796.0,606.2
NHDL,8/14/2019,116.0,116.0,116.0,116.0,-0.85,70.0,796.0,606.2
NHDL,8/15/2019,116.0,116.0,116.0,116.0,0.0,20.0,796.0,606.2
NHDL,8/18/2019,114.0,115.0,114.0,115.0,-0.86,70.0,796.0,606.2
NHDL,8/19/2019,114.0,116.0,114.0,116.0,0.87,60.0,796.0,606.2
NHDL,8/20/2019,114.0,115.0,114.0,115.0,-0.86,110.0,796.0,606.2
NHDL,8/21/2019,113.0,113.0,113.0,113.0,-1.74,90.0,796.0,606.2
NHDL,8/22/2019,113.0,113.0,112.0,112.0,-0.88,70.0,796.0,606.2
NHDL,8/25/2019,111.0,112.0,111.0,112.0,0.0,30.0,796.0,606.2
NHDL,8/26/2019,112.0,113.0,111.0,112.0,0.0,180.0,796.0,606.2
NHDL,8/27/2019,111.0,112.0,111.0,112.0,0.0,80.0,796.0,606.2
NHDL,8/28/2019,110.0,113.0,110.0,113.0,0.89,660.0,796.0,606.2
NHDL,8/29/2019,113.0,113.0,110.0,110.0,-2.65,70.0,796.0,606.2
NHDL,9/1/2019,108.0,110.0,108.0,110.0,0.0,1020.0,796.0,606.2
NHDL,9/2/2019,108.0,108.0,105.0,106.0,-3.64,40.0,796.0,606.2
NHDL,9/3/2019,105.0,105.0,105.0,105.0,-0.94,20.0,796.0,606.2
NHDL,9/4/2019,103.0,105.0,103.0,103.0,-1.9,90.0,796.0,606.2
NHDL,9/5/2019,103.0,105.0,103.0,105.0,1.94,70.0,796.0,606.2
NHDL,9/8/2019,103.0,103.0,103.0,103.0,-1.9,60.0,796.0,606.2
NHDL,9/9/2019,101.0,103.0,98.0,98.0,-4.85,2380.0,796.0,606.2
NHDL,9/10/2019,98.0,99.0,98.0,98.0,0.0,40.0,796.0,606.2
NHDL,9/11/2019,97.0,97.0,95.0,95.0,-3.06,1090.0,796.0,606.2
NHDL,9/12/2019,94.0,94.0,94.0,94.0,-1.05,10.0,796.0,606.2
NHDL,9/15/2019,93.0,93.0,92.0,92.0,-2.13,100.0,796.0,606.2
NHDL,9/16/2019,91.0,91.0,91.0,91.0,-1.09,40.0,796.0,606.2
NHDL,9/17/2019,91.0,93.0,91.0,93.0,2.2,60.0,796.0,606.2
NHDL,9/18/2019,94.0,94.0,94.0,94.0,1.08,10.0,796.0,606.2
NHDL,9/19/2019,93.0,95.0,93.0,95.0,1.06,40.0,796.0,606.2
NHDL,9/22/2019,94.0,94.0,93.0,94.0,-1.05,360.0,796.0,606.2
NHDL,9/23/2019,93.0,93.0,93.0,93.0,-1.06,10.0,796.0,606.2
NHDL,9/24/2019,92.0,92.0,92.0,92.0,-1.08,30.0,796.0,606.2
NHDL,9/25/2019,91.0,91.0,90.0,91.0,-1.09,160.0,796.0,606.2
NHDL,9/26/2019,92.0,93.0,91.0,91.0,0.0,60.0,796.0,606.2
NHDL,9/29/2019,92.0,92.0,92.0,92.0,1.1,10.0,796.0,606.2
NHDL,9/30/2019,91.0,91.0,91.0,91.0,-1.09,10.0,796.0,606.2
NHDL,10/1/2019,91.0,94.0,91.0,94.0,3.3,70.0,796.0,606.2
NHDL,10/2/2019,95.0,100.0,95.0,100.0,6.38,320.0,796.0,606.2
NHDL,10/3/2019,98.0,98.0,96.0,96.0,-4.0,60.0,796.0,606.2
NHDL,10/10/2019,96.0,96.0,94.0,94.0,-2.08,70.0,796.0,606.2
NHDL,10/15/2019,95.0,96.0,95.0,96.0,2.13,510.0,796.0,606.2
NHDL,10/16/2019,97.0,98.0,96.0,98.0,2.08,160.0,796.0,606.2
NHDL,10/17/2019,97.0,98.0,96.0,96.0,-2.04,340.0,796.0,606.2
NHDL,10/22/2019,96.0,96.0,95.0,95.0,-1.04,140.0,796.0,606.2
NHDL,10/23/2019,96.0,96.0,96.0,96.0,1.05,30.0,796.0,606.2
NHDL,10/24/2019,96.0,96.0,96.0,96.0,0.0,10.0,796.0,606.2
NHDL,10/31/2019,97.0,97.0,95.0,95.0,-1.04,460.0,796.0,606.2
NHDL,11/3/2019,96.0,97.0,96.0,96.0,1.05,50.0,796.0,606.2
NHDL,11/4/2019,97.0,97.0,96.0,96.0,0.0,40.0,796.0,606.2
NHDL,11/5/2019,97.0,97.0,96.0,96.0,0.0,50.0,796.0,606.2
NHDL,11/6/2019,96.0,96.0,96.0,96.0,0.0,10.0,796.0,606.2
NHDL,11/7/2019,96.0,97.0,96.0,96.0,0.0,50.0,796.0,606.2
NHDL,11/10/2019,96.0,96.0,96.0,96.0,0.0,20.0,796.0,606.2
NHDL,11/11/2019,96.0,96.0,95.0,95.0,-1.04,40.0,796.0,606.2
NHDL,11/12/2019,95.0,97.0,95.0,96.0,1.05,410.0,796.0,606.2
NHDL,11/13/2019,95.0,97.0,95.0,97.0,1.04,40.0,796.0,606.2
NHDL,11/14/2019,96.0,96.0,94.0,94.0,-3.09,30.0,796.0,606.2
NHDL,11/17/2019,94.0,97.0,94.0,96.0,2.13,560.0,796.0,606.2
NHDL,11/19/2019,97.0,105.0,97.0,105.0,9.38,100.0,796.0,606.2
NHDL,11/20/2019,107.0,113.0,101.0,101.0,-3.81,1630.0,796.0,606.2
NHDL,11/21/2019,100.0,111.0,100.0,111.0,9.9,2460.0,796.0,606.2
NHDL,11/24/2019,109.0,111.0,109.0,109.0,-1.8,290.0,796.0,606.2
NHDL,11/25/2019,110.0,110.0,106.0,107.0,-1.83,660.0,796.0,606.2
NHDL,11/26/2019,106.0,106.0,106.0,106.0,-0.93,100.0,796.0,606.2
NHDL,11/27/2019,105.0,108.0,105.0,108.0,1.89,80.0,796.0,606.2
NHDL,11/28/2019,106.0,106.0,104.0,104.0,-3.7,230.0,796.0,606.2
NHDL,12/1/2019,102.0,106.0,102.0,106.0,1.92,70.0,796.0,606.2
NHDL,12/2/2019,107.0,110.0,107.0,110.0,3.77,550.0,796.0,606.2
NHDL,12/3/2019,110.0,110.0,109.0,110.0,0.0,80.0,796.0,606.2
NHDL,12/4/2019,111.0,111.0,109.0,110.0,0.0,880.0,796.0,606.2
NHDL,12/5/2019,110.0,111.0,108.0,109.0,-0.91,410.0,796.0,606.2
NHDL,12/8/2019,108.0,109.0,108.0,109.0,0.0,20.0,796.0,606.2
NHDL,12/9/2019,108.0,109.0,108.0,109.0,0.0,60.0,796.0,606.2
NHDL,12/10/2019,108.0,108.0,108.0,108.0,-0.92,200.0,796.0,606.2
NHDL,12/11/2019,108.0,110.0,108.0,108.0,0.0,130.0,796.0,606.2
NHDL,12/12/2019,108.0,110.0,108.0,109.0,0.93,110.0,796.0,606.2
NHDL,12/15/2019,108.0,119.0,108.0,118.0,8.26,1820.0,796.0,606.2
NHDL,12/16/2019,116.0,116.0,111.0,111.0,-5.93,430.0,796.0,606.2
NHDL,12/17/2019,109.0,112.0,107.0,112.0,0.9,80.0,796.0,606.2
NHDL,12/18/2019,110.0,116.0,110.0,116.0,3.57,340.0,796.0,606.2
NHDL,12/19/2019,117.0,117.0,115.0,116.0,0.0,5504.0,796.0,606.2
NHDL,12/22/2019,114.0,114.0,112.0,114.0,-1.72,1040.0,796.0,606.2
NHDL,12/23/2019,114.0,122.0,114.0,122.0,7.02,250.0,796.0,606.2
NHDL,12/24/2019,120.0,120.0,116.0,117.0,-4.1,550.0,796.0,606.2
NHDL,12/25/2019,115.0,115.0,113.0,113.0,-3.42,70.0,796.0,606.2
NHDL,12/26/2019,111.0,113.0,111.0,112.0,-0.88,50.0,796.0,606.2
NHDL,12/29/2019,114.0,114.0,111.0,112.0,0.0,80.0,796.0,606.2
NHDL,12/30/2019,111.0,111.0,111.0,111.0,-0.89,20.0,796.0,606.2
NHDL,12/31/2019,112.0,114.0,112.0,113.0,1.8,210.0,796.0,606.2
NHDL,1/1/2020,112.0,112.0,112.0,112.0,-0.88,30.0,796.0,606.2
NHDL,1/2/2020,112.0,112.0,112.0,112.0,0.0,30.0,796.0,606.2
NHDL,1/5/2020,112.0,112.0,109.0,110.0,-1.79,1380.0,796.0,606.2
NHDL,1/6/2020,112.0,112.0,110.0,112.0,1.82,90.0,796.0,606.2
NHDL,1/7/2020,112.0,114.0,111.0,114.0,1.79,90.0,796.0,606.2
NHDL,1/8/2020,116.0,116.0,116.0,116.0,1.75,150.0,796.0,606.2
NHDL,1/9/2020,114.0,116.0,113.0,116.0,0.0,760.0,796.0,606.2
NHDL,1/12/2020,118.0,123.0,116.0,123.0,6.03,320.0,796.0,606.2
NHDL,1/13/2020,125.0,126.0,117.0,122.0,-0.81,1890.0,796.0,606.2
NHDL,1/14/2020,120.0,120.0,118.0,118.0,-3.28,1270.0,796.0,606.2
NHDL,1/15/2020,116.0,122.0,116.0,119.0,0.85,500.0,796.0,606.2
NHDL,1/16/2020,120.0,123.0,120.0,121.0,1.68,550.0,796.0,606.2
NHDL,1/19/2020,123.0,127.0,121.0,127.0,4.96,2090.0,796.0,606.2
NHDL,1/20/2020,126.0,128.0,125.0,125.0,-1.57,270.0,796.0,606.2
NHDL,1/21/2020,123.0,130.0,123.0,130.0,4.0,640.0,796.0,606.2
NHDL,1/22/2020,128.0,128.0,122.0,125.0,-3.85,780.0,796.0,606.2
NHDL,1/23/2020,123.0,126.0,123.0,126.0,0.8,320.0,796.0,606.2
NHDL,1/26/2020,124.0,129.0,122.0,125.0,-0.79,1070.0,796.0,606.2
NHDL,1/27/2020,125.0,130.0,123.0,129.0,3.2,70.0,796.0,606.2
NHDL,1/28/2020,131.0,131.0,131.0,131.0,1.55,10.0,796.0,606.2
NHDL,1/29/2020,129.0,129.0,123.0,125.0,-4.58,100.0,796.0,606.2
NHDL,1/30/2020,123.0,123.0,121.0,123.0,-1.6,640.0,796.0,606.2
NHDL,2/2/2020,121.0,124.0,121.0,122.0,-0.81,730.0,796.0,606.2
NHDL,2/3/2020,121.0,133.0,121.0,125.0,2.46,490.0,796.0,606.2
NHDL,2/4/2020,123.0,133.0,123.0,133.0,6.4,270.0,796.0,606.2
NHDL,2/5/2020,135.0,135.0,125.0,125.0,-6.02,1930.0,796.0,606.2
NHDL,2/6/2020,123.0,125.0,123.0,124.0,-0.8,260.0,796.0,606.2
NHDL,2/9/2020,122.0,124.0,120.0,121.0,-2.42,2430.0,796.0,606.2
NHDL,2/10/2020,119.0,120.0,119.0,120.0,-0.83,200.0,796.0,606.2
NHDL,2/11/2020,118.0,129.0,118.0,129.0,7.5,230.0,796.0,606.2
NHDL,2/12/2020,127.0,141.0,127.0,137.0,6.2,1270.0,796.0,606.2
NHDL,2/13/2020,139.0,145.0,126.0,130.0,-5.11,3085.0,796.0,606.2
NHDL,2/16/2020,128.0,142.0,126.0,142.0,9.23,301.0,796.0,606.2
NHDL,2/17/2020,140.0,142.0,130.0,134.0,-5.63,7977.0,796.0,606.2
NHDL,2/18/2020,132.0,143.0,132.0,136.0,1.49,570.0,796.0,606.2
NHDL,2/19/2020,134.0,142.0,134.0,141.0,3.68,1650.0,796.0,606.2
NHDL,2/20/2020,143.0,145.0,135.0,144.0,2.13,2935.0,796.0,606.2
NHDL,2/23/2020,146.0,148.0,142.0,144.0,0.0,2350.0,796.0,606.2
NHDL,2/24/2020,142.0,153.0,142.0,153.0,6.25,3792.0,796.0,606.2
NHDL,2/25/2020,150.0,165.0,147.0,165.0,7.84,2740.0,796.0,606.2
NHDL,2/26/2020,162.0,171.0,156.0,170.0,3.03,4620.0,796.0,606.2
NHDL,2/27/2020,173.0,176.0,164.0,170.0,0.0,2405.0,796.0,606.2
NHDL,3/1/2020,172.0,172.0,161.0,161.0,-5.29,1960.0,796.0,606.2
NHDL,3/2/2020,158.0,158.0,149.0,151.0,-6.21,60.0,796.0,606.2
NHDL,3/3/2020,148.0,165.0,148.0,165.0,9.27,320.0,796.0,606.2
NHDL,3/5/2020,162.0,162.0,149.0,149.0,-9.7,670.0,796.0,606.2
NHDL,3/10/2020,147.0,147.0,145.0,145.0,-2.68,50.0,796.0,606.2
NHDL,3/11/2020,143.0,145.0,143.0,144.0,-0.69,432.0,796.0,606.2
NHDL,3/12/2020,142.0,142.0,137.0,137.0,-4.86,649.0,796.0,606.2
NHDL,3/15/2020,135.0,139.0,132.0,137.0,0.0,363.0,796.0,606.2
NHDL,3/16/2020,136.0,136.0,135.0,135.0,-1.46,200.0,796.0,606.2
NHDL,3/17/2020,133.0,133.0,127.0,127.0,-5.93,50.0,796.0,606.2
NHDL,3/18/2020,126.0,126.0,125.0,125.0,-1.57,871.0,796.0,606.2
NHDL,3/19/2020,123.0,123.0,117.0,117.0,-6.4,590.0,796.0,606.2
NHDL,5/13/2020,115.0,115.0,115.0,115.0,-1.71,100.0,796.0,606.2
NHDL,6/29/2020,113.0,113.0,113.0,113.0,-1.74,50.0,796.0,606.2
NHDL,6/30/2020,113.0,115.0,113.0,115.0,1.77,30.0,796.0,606.2
NHDL,7/2/2020,113.0,113.0,113.0,113.0,-1.74,210.0,796.0,606.2
NHDL,7/5/2020,112.0,115.0,112.0,115.0,1.77,80.0,796.0,606.2
NHDL,7/6/2020,115.0,117.0,113.0,113.0,-1.74,747.0,796.0,606.2
NHDL,7/7/2020,115.0,116.0,111.0,116.0,2.65,1160.0,796.0,606.2
NHDL,7/8/2020,114.0,116.0,113.0,113.0,-2.59,1861.0,796.0,606.2
NHDL,7/9/2020,112.0,117.0,112.0,115.0,1.77,110.0,796.0,606.2
NHDL,7/12/2020,114.0,117.0,114.0,117.0,1.74,110.0,796.0,606.2
NHDL,7/13/2020,117.0,117.0,117.0,117.0,0.0,150.0,796.0,606.2
NHDL,7/14/2020,115.0,118.0,115.0,118.0,0.85,190.0,796.0,606.2
NHDL,7/15/2020,118.0,122.0,118.0,122.0,3.39,205.0,796.0,606.2
NHDL,7/16/2020,120.0,125.0,120.0,125.0,2.46,140.0,796.0,606.2
NHDL,7/20/2020,127.0,129.0,127.0,128.0,2.4,867.0,796.0,606.2
NHDL,7/21/2020,126.0,135.0,126.0,135.0,5.47,540.0,796.0,606.2
NHDL,7/22/2020,135.0,135.0,129.0,130.0,-3.7,170.0,796.0,606.2
NHDL,7/23/2020,128.0,130.0,127.0,127.0,-2.31,712.0,796.0,606.2
NHDL,7/26/2020,126.0,131.0,126.0,131.0,3.15,802.0,796.0,606.2
NHDL,7/27/2020,129.0,133.0,129.0,133.0,1.53,260.0,796.0,606.2
NHDL,7/28/2020,131.0,133.0,128.0,129.0,-3.01,440.0,796.0,606.2
NHDL,7/29/2020,127.0,130.0,127.0,129.0,0.0,240.0,796.0,606.2
NHDL,7/30/2020,127.0,133.0,127.0,133.0,3.1,330.0,796.0,606.2
NHDL,8/2/2020,134.0,134.0,129.0,130.0,-2.26,1257.0,796.0,606.2
NHDL,8/3/2020,129.0,133.0,129.0,132.0,1.54,662.0,796.0,606.2
NHDL,8/5/2020,130.0,132.0,127.0,132.0,0.0,1950.0,796.0,606.2
NHDL,8/6/2020,130.0,131.0,130.0,130.0,-1.52,560.0,796.0,606.2
NHDL,8/9/2020,130.0,132.0,128.0,128.0,-1.54,220.0,796.0,606.2
NHDL,8/10/2020,128.0,132.0,128.0,130.0,1.56,470.0,796.0,606.2
NHDL,8/11/2020,128.0,130.0,128.0,130.0,0.0,2390.0,796.0,606.2
NHDL,8/12/2020,128.0,129.0,126.0,128.0,-1.54,380.0,796.0,606.2
NHDL,8/13/2020,126.0,130.0,126.0,129.0,0.78,891.0,796.0,606.2
NHDL,8/16/2020,127.0,130.0,123.0,128.0,-0.78,672.0,796.0,606.2
NHDL,8/17/2020,126.0,130.0,126.0,130.0,1.56,240.0,796.0,606.2
NHDL,8/18/2020,128.0,132.0,128.0,128.0,-1.54,320.0,796.0,606.2
NHDL,8/19/2020,126.0,129.0,126.0,128.0,0.0,210.0,796.0,606.2
NHDL,8/20/2020,126.0,130.0,126.0,129.0,0.78,80.0,796.0,606.2
NHDL,8/23/2020,128.0,128.0,128.0,128.0,-0.78,80.0,796.0,606.2
NHDL,8/24/2020,127.0,134.0,127.0,130.0,1.56,1440.0,796.0,606.2
NHDL,8/25/2020,128.0,135.0,128.0,135.0,3.85,320.0,796.0,606.2
NHDL,8/26/2020,133.0,134.0,133.0,133.0,-1.48,790.0,796.0,606.2
NHDL,8/27/2020,131.0,133.0,131.0,132.0,-0.75,270.0,796.0,606.2
NHDL,8/30/2020,130.0,132.0,128.0,131.0,-0.76,160.0,796.0,606.2
NHDL,8/31/2020,129.0,140.0,129.0,138.0,5.34,350.0,796.0,606.2
NHDL,9/2/2020,140.0,151.0,140.0,151.0,9.42,2120.0,796.0,606.2
NHDL,9/3/2020,154.0,160.0,150.0,150.0,-0.66,8889.0,796.0,606.2
NHDL,9/6/2020,153.0,161.0,151.0,160.0,6.67,2385.0,796.0,606.2
NHDL,9/7/2020,157.0,170.0,154.0,164.0,2.5,2307.0,796.0,606.2
NHDL,9/8/2020,161.0,165.0,154.0,162.0,-1.22,1770.0,796.0,606.2
NHDL,9/9/2020,165.0,165.0,162.0,162.0,0.0,2000.0,796.0,606.2
NHDL,9/10/2020,159.0,160.0,159.0,160.0,-1.23,290.0,796.0,606.2
NHDL,9/13/2020,157.0,172.0,156.0,172.0,7.5,2030.0,796.0,606.2
NHDL,9/14/2020,169.0,178.0,169.0,170.0,-1.16,1562.0,796.0,606.2
NHDL,9/15/2020,167.0,183.0,162.0,183.0,7.65,4215.0,796.0,606.2
NHDL,9/16/2020,180.0,199.0,173.0,199.0,8.74,1376.0,796.0,606.2
NHDL,9/17/2020,197.0,218.0,197.0,218.0,9.55,6636.0,796.0,606.2
NHDL,9/20/2020,214.0,214.0,202.0,202.0,-7.34,922.0,796.0,606.2
NHDL,9/21/2020,198.0,206.0,189.0,202.0,0.0,4447.0,796.0,606.2
NHDL,9/22/2020,198.0,200.0,190.0,192.0,-4.95,3915.0,796.0,606.2
NHDL,9/23/2020,189.0,195.0,182.0,195.0,1.56,1874.0,796.0,606.2
NHDL,9/24/2020,192.0,214.0,192.0,210.0,7.69,3946.0,796.0,606.2
NHDL,9/27/2020,214.0,223.0,210.0,218.0,3.81,8930.0,796.0,606.2
NHDL,9/28/2020,214.0,214.0,206.0,214.0,-1.83,680.0,796.0,606.2
NHDL,9/29/2020,210.0,220.0,210.0,220.0,2.8,5689.0,796.0,606.2
NHDL,9/30/2020,224.0,228.0,216.0,216.0,-1.82,6560.0,796.0,606.2
NHDL,10/1/2020,212.0,213.0,208.0,210.0,-2.78,5000.0,796.0,606.2
NHDL,10/4/2020,206.0,207.0,195.0,206.0,-1.9,1260.0,796.0,606.2
NHDL,10/5/2020,202.0,215.0,202.0,211.0,2.43,870.0,796.0,606.2
NHDL,10/6/2020,211.0,228.0,211.0,225.0,6.64,7217.0,796.0,606.2
NHDL,10/7/2020,222.0,247.0,222.0,247.0,9.78,15474.0,796.0,606.2
NHDL,10/8/2020,251.0,251.0,223.0,242.0,-2.02,4180.0,796.0,606.2
NHDL,10/11/2020,238.0,241.0,229.0,238.0,-1.65,7883.0,796.0,606.2
NHDL,10/12/2020,234.0,246.0,227.0,238.0,0.0,3380.0,796.0,606.2
NHDL,10/13/2020,234.0,242.0,230.0,230.0,-3.36,8070.0,796.0,606.2
NHDL,10/14/2020,226.0,246.0,221.0,242.0,5.22,1781.0,796.0,606.2
NHDL,10/15/2020,238.0,238.0,230.0,231.0,-4.55,2100.0,796.0,606.2
NHDL,10/20/2020,229.0,251.0,229.0,245.0,6.06,2574.0,796.0,606.2
NHDL,10/21/2020,241.0,258.0,241.0,256.0,4.49,7173.0,796.0,606.2
NHDL,10/22/2020,251.0,258.0,246.0,249.0,-2.73,5900.0,796.0,606.2
NHDL,10/28/2020,248.0,253.0,248.0,253.0,1.61,4881.0,796.0,606.2
NHDL,10/29/2020,248.0,258.0,245.0,258.0,1.98,2240.0,796.0,606.2
NHDL,11/1/2020,253.0,260.0,251.0,251.0,-2.71,1692.0,796.0,606.2
NHDL,11/2/2020,246.0,249.0,246.0,247.0,-1.59,340.0,796.0,606.2
NHDL,11/3/2020,245.0,255.0,243.0,248.0,0.4,3524.0,796.0,606.2
NHDL,11/4/2020,248.0,253.0,248.0,250.0,0.81,1193.0,796.0,606.2
NHDL,11/5/2020,247.0,255.0,247.0,250.0,0.0,1243.0,796.0,606.2
NHDL,11/8/2020,255.0,260.0,250.0,260.0,4.0,6912.0,796.0,606.2
NHDL,11/9/2020,256.0,265.0,255.0,257.0,-1.15,2564.0,796.0,606.2
NHDL,11/10/2020,253.0,253.0,252.0,252.0,-1.95,890.0,796.0,606.2
NHDL,11/11/2020,250.0,257.0,247.0,257.0,1.98,790.0,796.0,606.2
NHDL,11/12/2020,252.0,253.0,247.0,253.0,-1.56,930.0,796.0,606.2
NHDL,11/18/2020,248.0,248.0,239.0,239.0,-5.53,2930.0,796.0,606.2
NHDL,11/19/2020,235.0,248.0,235.0,242.0,1.26,11120.0,796.0,606.2
NHDL,11/22/2020,238.0,246.0,233.0,237.0,-2.07,6995.0,796.0,606.2
NHDL,11/23/2020,238.0,244.0,235.0,236.0,-0.42,2608.0,796.0,606.2
NHDL,11/24/2020,232.0,246.0,232.0,241.0,2.12,2633.0,796.0,606.2
NHDL,11/25/2020,237.0,244.0,237.0,243.0,0.83,390.0,796.0,606.2
NHDL,11/26/2020,243.0,246.0,236.0,241.0,-0.82,4035.0,796.0,606.2
NHDL,11/29/2020,240.0,243.0,238.0,240.0,-0.41,670.0,796.0,606.2
NHDL,11/30/2020,237.0,247.0,236.0,246.0,2.5,1305.0,796.0,606.2
NHDL,12/1/2020,243.0,247.0,236.0,237.0,-3.66,1890.0,796.0,606.2
NHDL,12/2/2020,233.0,247.0,233.0,243.0,2.53,870.0,796.0,606.2
NHDL,12/3/2020,242.0,247.0,240.0,241.0,-0.82,1311.0,796.0,606.2
NHDL,12/6/2020,237.0,237.0,227.0,236.0,-2.07,820.0,796.0,606.2
NHDL,12/7/2020,232.0,240.0,230.0,237.0,0.42,2112.0,796.0,606.2
NHDL,12/8/2020,233.0,245.0,233.0,238.0,0.42,640.0,796.0,606.2
NHDL,12/9/2020,242.0,254.0,238.0,243.0,2.1,5850.0,796.0,606.2
NHDL,12/10/2020,240.0,241.0,238.0,241.0,-0.82,2522.0,796.0,606.2
NHDL,12/14/2020,237.0,237.0,229.0,237.0,-1.66,660.0,796.0,606.2
NHDL,12/15/2020,235.0,240.0,228.0,228.0,-3.8,2800.0,796.0,606.2
NHDL,12/16/2020,228.0,248.0,228.0,233.0,2.19,948.0,796.0,606.2
NHDL,12/17/2020,229.0,237.0,227.0,233.0,0.0,513.0,796.0,606.2
NHDL,12/20/2020,233.0,237.0,231.0,237.0,1.72,1330.0,796.0,606.2
NHDL,12/21/2020,233.0,233.0,224.0,224.0,-5.49,2561.0,796.0,606.2
NHDL,12/22/2020,224.0,240.0,224.0,232.0,3.57,2135.0,796.0,606.2
NHDL,12/23/2020,230.0,243.0,226.0,230.0,-0.86,2260.0,796.0,606.2
NHDL,12/24/2020,226.0,237.0,222.0,237.0,3.04,2981.0,796.0,606.2
NHDL,12/27/2020,233.0,237.0,222.0,226.0,-4.64,350.0,796.0,606.2
NHDL,12/28/2020,222.0,231.0,220.0,223.0,-1.33,1300.0,796.0,606.2
NHDL,12/29/2020,219.0,228.0,219.0,223.0,0.0,300.0,796.0,606.2
NHDL,12/30/2020,219.0,227.0,219.0,223.0,0.0,640.0,796.0,606.2
NHDL,12/31/2020,219.0,227.0,218.0,227.0,1.79,603.0,796.0,606.2
NHDL,1/3/2021,231.0,235.0,227.0,234.0,3.08,559.0,796.0,606.2
NHDL,1/4/2021,230.0,230.0,220.0,230.0,-1.71,90.0,796.0,606.2
NHDL,1/5/2021,226.0,238.0,222.0,238.0,3.48,762.0,796.0,606.2
NHDL,1/6/2021,234.0,234.0,223.0,228.0,-4.2,2802.0,796.0,606.2
NHDL,1/7/2021,224.0,238.0,224.0,238.0,4.39,440.0,796.0,606.2
NHDL,1/11/2021,240.0,242.0,238.0,238.0,0.0,300.0,796.0,606.2
NHDL,1/12/2021,234.0,234.0,226.0,229.0,-3.78,1460.0,796.0,606.2
NHDL,1/13/2021,225.0,229.0,225.0,226.0,-1.31,2120.0,796.0,606.2
NHDL,1/17/2021,226.0,234.0,225.0,227.0,0.44,1285.0,796.0,606.2
NHDL,1/18/2021,225.0,231.0,225.0,228.0,0.44,2330.0,796.0,606.2
NHDL,1/19/2021,232.0,239.0,225.0,236.0,3.51,1872.0,796.0,606.2
NHDL,1/20/2021,239.0,259.0,239.0,259.0,9.75,8263.0,796.0,606.2
NHDL,1/21/2021,271.0,271.0,245.0,248.0,-4.25,17200.0,796.0,606.2
NHDL,1/24/2021,248.0,252.0,247.0,247.0,-0.4,3112.0,796.0,606.2
NHDL,1/25/2021,245.0,247.0,243.0,243.0,-1.62,3146.0,796.0,606.2
NHDL,1/26/2021,240.0,248.0,238.0,246.0,1.23,1095.0,796.0,606.2
NHDL,1/27/2021,244.0,257.0,244.0,252.0,2.44,1220.0,796.0,606.2
NHDL,1/28/2021,255.0,257.0,243.0,245.0,-2.78,1580.0,796.0,606.2
NHDL,1/31/2021,245.0,250.0,245.0,245.0,0.0,6135.0,796.0,606.2
NHDL,2/1/2021,245.0,248.0,245.0,248.0,1.22,1041.0,796.0,606.2
NHDL,2/2/2021,245.0,251.0,245.0,247.0,-0.4,1310.0,796.0,606.2
NHDL,2/3/2021,246.0,252.0,246.0,248.0,0.4,1840.0,796.0,606.2
NHDL,2/4/2021,245.0,256.0,244.0,254.0,2.42,3517.0,796.0,606.2
NHDL,2/7/2021,252.0,265.0,252.0,259.0,1.97,3797.0,796.0,606.2
NHDL,2/8/2021,247.0,265.0,247.0,255.0,-1.54,8420.0,796.0,606.2
NHDL,2/15/2021,251.0,260.0,250.0,260.0,1.96,1662.0,796.0,606.2
NHDL,2/16/2021,255.0,255.0,245.0,251.0,-3.46,2020.0,796.0,606.2
NHDL,2/17/2021,246.0,256.0,246.0,250.0,-0.4,3514.0,796.0,606.2
NHDL,2/18/2021,250.0,275.0,250.0,275.0,10.0,7186.0,796.0,606.2
NHDL,2/21/2021,265.0,302.0,265.0,302.0,9.82,9149.0,796.0,606.2
NHDL,2/22/2021,317.0,332.0,317.0,332.0,9.93,14710.0,796.0,606.2
NHDL,2/23/2021,348.0,361.0,299.0,321.0,-3.31,19185.0,796.0,606.2
NHDL,2/24/2021,327.0,339.0,298.0,315.0,-1.87,3386.0,796.0,606.2
NHDL,2/25/2021,310.0,333.0,303.0,310.0,-1.59,5130.0,796.0,606.2
NHDL,2/28/2021,304.0,313.0,291.0,291.0,-6.13,6083.0,796.0,606.2
NHDL,3/1/2021,296.0,307.0,295.0,301.0,3.44,3497.0,796.0,606.2
NHDL,3/2/2021,306.0,306.0,277.0,279.0,-7.31,4948.0,796.0,606.2
NHDL,3/3/2021,279.0,286.0,268.0,286.0,2.51,3007.0,796.0,606.2
NHDL,3/4/2021,286.0,306.0,283.0,295.0,3.15,880.0,796.0,606.2
NHDL,3/7/2021,309.0,324.0,309.0,324.0,9.83,5335.0,796.0,606.2
NHDL,3/9/2021,340.0,356.0,340.0,356.0,9.88,7634.0,796.0,606.2
NHDL,3/10/2021,373.0,391.0,373.0,390.0,9.55,36340.0,796.0,606.2
NHDL,3/14/2021,409.0,409.0,354.0,359.0,-7.95,25157.0,796.0,606.2
NHDL,3/15/2021,360.0,381.0,352.0,374.0,4.18,48265.0,796.0,606.2
NHDL,3/16/2021,330.0,330.0,314.0,314.0,-16.04,7424.0,796.0,606.2
NHDL,3/17/2021,320.0,320.0,308.0,311.0,-0.96,2236.0,796.0,606.2
NHDL,3/18/2021,305.0,316.0,292.0,307.0,-1.29,5337.0,796.0,606.2
NHDL,3/21/2021,312.0,318.0,295.0,308.0,0.33,3139.0,796.0,606.2
NHDL,3/22/2021,310.0,315.0,296.0,304.0,-1.3,2590.0,796.0,606.2
NHDL,3/23/2021,300.0,316.0,295.0,308.0,1.32,3800.0,796.0,606.2
NHDL,3/24/2021,314.0,314.0,301.0,304.0,-1.3,4925.0,796.0,606.2
NHDL,3/25/2021,298.0,318.0,298.0,305.0,0.33,3433.0,796.0,606.2
NHDL,3/29/2021,299.0,317.0,294.0,306.0,0.33,4415.0,796.0,606.2
NHDL,3/30/2021,306.0,308.0,299.0,303.0,-0.98,2805.0,796.0,606.2
NHDL,3/31/2021,298.0,308.0,297.0,302.0,-0.33,2370.0,796.0,606.2
NHDL,4/1/2021,296.0,315.0,296.0,305.0,0.99,4177.0,796.0,606.2
NHDL,4/4/2021,302.0,335.0,302.0,324.0,6.23,13686.0,796.0,606.2
NHDL,4/5/2021,324.0,325.0,314.0,319.0,-1.54,2583.0,796.0,606.2
NHDL,4/6/2021,315.0,331.0,310.0,324.0,1.57,3982.0,796.0,606.2
NHDL,4/7/2021,322.0,323.0,310.0,314.0,-3.09,3931.0,796.0,606.2
NHDL,4/8/2021,315.0,322.0,310.0,317.0,0.96,1750.0,796.0,606.2
NHDL,4/12/2021,317.0,326.0,311.0,320.0,0.95,4187.0,796.0,606.2
NHDL,4/13/2021,314.0,329.0,314.0,325.0,1.56,6499.0,796.0,606.2
NHDL,4/15/2021,331.0,337.0,320.0,321.0,-1.23,1965.0,796.0,606.2
NHDL,4/18/2021,326.0,353.0,326.0,350.0,9.03,34696.0,796.0,606.2
NHDL,4/19/2021,367.0,367.0,351.0,358.0,2.29,11482.0,796.0,606.2
NHDL,4/20/2021,358.0,381.0,345.0,370.0,3.35,7389.0,796.0,606.2
NHDL,4/21/2021,370.0,370.0,351.0,358.0,-3.24,5686.0,796.0,606.2
NHDL,4/22/2021,351.0,355.0,345.0,350.0,-2.23,3443.0,796.0,606.2
NHDL,4/25/2021,344.0,345.0,329.0,335.0,-4.29,5636.0,796.0,606.2
NHDL,4/26/2021,329.0,330.0,314.0,314.0,-6.27,4990.0,796.0,606.2
NHDL,4/27/2021,313.0,336.0,309.0,331.0,5.41,5227.0,796.0,606.2
NHDL,4/28/2021,330.0,350.0,326.0,348.0,5.14,2976.0,796.0,606.2
NHDL,4/29/2021,342.0,354.0,336.0,340.0,-2.3,4133.0,796.0,606.2
NHDL,5/2/2021,340.0,346.0,336.0,336.0,-1.18,2648.0,796.0,606.2
NHDL,5/3/2021,337.0,354.0,336.0,337.0,0.3,8538.0,796.0,606.2
NHDL,5/4/2021,340.0,370.0,337.0,359.0,6.53,10215.0,796.0,606.2
NHDL,5/5/2021,363.0,387.0,359.0,368.0,2.51,8188.0,796.0,606.2
NHDL,5/6/2021,386.0,386.0,352.0,364.0,-1.09,8298.0,796.0,606.2
NHDL,5/9/2021,382.0,382.0,345.0,351.0,-3.57,5173.0,796.0,606.2
NHDL,5/10/2021,345.0,358.0,344.0,353.0,0.57,3355.0,796.0,606.2
NHDL,5/11/2021,360.0,360.0,353.0,355.0,0.57,1246.0,796.0,606.2
NHDL,5/12/2021,355.0,370.0,350.0,364.0,2.54,4243.0,796.0,606.2
NHDL,5/13/2021,361.0,386.0,360.0,373.0,2.47,5957.0,796.0,606.2
NHDL,5/16/2021,370.0,375.0,363.0,366.0,-1.88,8337.0,796.0,606.2
NHDL,5/17/2021,373.0,385.0,368.0,383.0,4.64,20713.0,796.0,606.2
NHDL,5/18/2021,382.0,421.0,382.0,421.0,9.92,20384.0,796.0,606.2
NHDL,5/19/2021,421.0,421.0,390.0,397.0,-5.7,20742.0,796.0,606.2
NHDL,5/20/2021,390.0,392.0,377.0,385.0,-3.02,9625.0,796.0,606.2
NHDL,5/23/2021,378.0,423.0,378.0,410.0,6.49,17210.0,796.0,606.2
NHDL,5/24/2021,415.0,415.0,397.0,397.0,-3.17,6920.0,796.0,606.2
NHDL,5/25/2021,392.0,427.0,392.0,420.0,5.79,20295.0,796.0,606.2
NHDL,5/27/2021,441.0,462.0,432.0,462.0,10.0,48134.0,796.0,606.2
NHDL,5/30/2021,485.0,508.0,485.0,493.0,6.71,40762.0,796.0,606.2
NHDL,5/31/2021,517.0,517.0,450.0,450.0,-8.72,27261.0,796.0,606.2
NHDL,6/1/2021,450.0,488.0,426.0,452.0,0.44,12691.0,796.0,606.2
NHDL,6/2/2021,460.0,478.0,450.0,470.0,3.98,9211.0,796.0,606.2
NHDL,6/3/2021,470.0,479.0,452.0,460.0,-2.13,11251.0,796.0,606.2
NHDL,6/6/2021,437.0,495.0,437.0,450.0,-2.17,4421.0,796.0,606.2
NHDL,6/7/2021,459.0,466.0,447.0,460.0,2.22,5428.0,796.0,606.2
NHDL,6/8/2021,469.0,478.0,460.0,462.0,0.43,12300.0,796.0,606.2
NHDL,6/9/2021,463.0,479.0,455.0,471.0,1.95,12686.0,796.0,606.2
NHDL,6/10/2021,448.0,499.0,448.0,486.0,3.18,25987.0,796.0,606.2
NHDL,6/13/2021,485.0,534.0,485.0,530.0,9.05,49702.0,796.0,606.2
NHDL,6/14/2021,534.0,534.0,505.0,514.0,-3.02,31317.0,796.0,606.2
NHDL,6/15/2021,514.0,514.0,480.0,481.0,-6.42,19290.0,796.0,606.2
NHDL,6/16/2021,460.0,490.0,433.0,445.0,-7.48,17248.0,796.0,606.2
NHDL,6/17/2021,450.0,472.0,418.0,460.0,3.37,13904.0,796.0,606.2
NHDL,6/20/2021,452.0,460.0,420.0,420.0,-8.7,6730.0,796.0,606.2
NHDL,6/21/2021,415.0,440.0,403.0,413.0,-1.67,14622.0,796.0,606.2
NHDL,6/22/2021,421.0,454.0,402.0,453.0,9.69,8063.0,796.0,606.2
NHDL,6/23/2021,460.0,470.0,430.0,430.0,-5.08,8490.0,796.0,606.2
NHDL,6/24/2021,430.0,455.0,430.0,440.0,2.33,10259.0,796.0,606.2
NHDL,6/27/2021,435.0,460.0,435.0,453.0,2.95,4572.0,796.0,606.2
NHDL,6/28/2021,444.0,456.0,434.0,440.0,-2.87,2160.0,796.0,606.2
NHDL,6/29/2021,432.0,440.0,417.0,423.0,-3.86,3359.0,796.0,606.2
NHDL,6/30/2021,415.0,423.0,408.0,415.0,-1.89,2026.0,796.0,606.2
NHDL,7/1/2021,422.0,434.0,418.0,421.0,1.45,4202.0,796.0,606.2
NHDL,7/4/2021,429.0,438.0,418.0,422.0,0.24,699.0,796.0,606.2
NHDL,7/5/2021,414.0,419.0,406.0,410.0,-2.84,4139.0,796.0,606.2
NHDL,7/6/2021,411.0,419.0,403.0,412.0,0.49,1576.0,796.0,606.2
NHDL,7/7/2021,407.0,410.0,401.0,401.0,-2.67,2247.0,796.0,606.2
NHDL,7/8/2021,395.0,420.0,395.0,416.0,3.74,2275.0,796.0,606.2
NHDL,7/11/2021,424.0,456.0,420.0,456.0,9.62,4457.0,796.0,606.2
NHDL,7/12/2021,456.0,456.0,422.0,440.0,-3.51,7946.0,796.0,606.2
NHDL,7/13/2021,435.0,453.0,432.0,444.0,0.91,1025.0,796.0,606.2
NHDL,7/14/2021,440.0,449.0,436.0,449.0,1.13,3338.0,796.0,606.2
NHDL,7/15/2021,450.0,485.0,450.0,473.0,5.35,37287.0,796.0,606.2
NHDL,7/18/2021,480.0,495.0,480.0,490.0,3.59,22610.0,796.0,606.2
NHDL,7/19/2021,483.0,518.0,479.0,490.0,0.0,15913.0,796.0,606.2
NHDL,7/20/2021,482.0,505.0,482.0,494.0,0.82,9597.0,796.0,606.2
NHDL,7/22/2021,490.0,495.0,486.0,487.0,-1.42,14919.0,796.0,606.2
NHDL,7/25/2021,496.0,515.1,490.0,509.0,4.52,32877.0,796.0,606.2
NHDL,7/26/2021,519.1,529.0,496.0,527.0,3.54,40398.0,796.0,606.2
NHDL,7/27/2021,527.0,579.7,527.0,579.7,10.0,48162.0,796.0,606.2
NHDL,7/28/2021,591.2,637.6,564.0,596.0,2.81,40151.0,796.0,606.2
NHDL,7/29/2021,600.0,637.5,567.0,625.0,4.87,40490.0,796.0,606.2
NHDL,8/1/2021,620.0,650.0,612.5,638.0,2.08,95734.0,796.0,606.2
NHDL,8/2/2021,650.0,650.0,603.7,604.0,-5.33,45871.0,796.0,606.2
NHDL,8/3/2021,616.0,637.0,590.0,617.5,2.24,39113.0,796.0,606.2
NHDL,8/4/2021,606.0,650.0,606.0,632.0,2.35,49107.0,796.0,606.2
NHDL,8/5/2021,640.0,645.0,602.0,615.0,-2.69,33834.0,796.0,606.2
NHDL,8/8/2021,602.7,644.0,602.7,620.0,0.81,27020.0,796.0,606.2
NHDL,8/9/2021,607.6,682.0,607.6,682.0,10.0,108891.0,796.0,606.2
NHDL,8/10/2021,668.4,716.0,668.4,700.0,2.64,82635.0,796.0,606.2
NHDL,8/11/2021,714.0,768.0,702.0,768.0,9.71,113021.0,796.0,606.2
NHDL,8/12/2021,783.0,803.6,748.0,785.0,2.21,131641.0,796.0,606.2
NHDL,8/15/2021,769.3,769.3,708.0,739.0,-5.86,75252.0,796.0,606.2
NHDL,8/16/2021,745.0,788.8,731.0,760.1,2.86,45656.0,796.0,606.2
NHDL,8/17/2021,775.0,824.0,775.0,797.0,4.85,63169.0,796.0,606.2
NHDL,8/18/2021,797.0,840.0,777.0,789.0,-1.0,52153.0,796.0,606.2
NHDL,8/19/2021,789.0,790.0,760.0,760.0,-3.68,47929.0,796.0,606.2
NHDL,8/24/2021,744.8,744.8,684.0,684.0,-10.0,41172.0,796.0,606.2
NHDL,8/25/2021,671.0,736.0,636.0,690.0,0.88,32387.0,796.0,606.2
NHDL,8/26/2021,703.0,720.2,680.0,700.0,1.45,46616.0,796.0,606.2
NHDL,8/29/2021,714.0,714.0,673.0,680.0,-2.86,15547.0,796.0,606.2
NHDL,8/31/2021,678.0,688.0,643.3,670.0,-1.47,19372.0,796.0,606.2
NHDL,9/1/2021,682.0,682.0,632.0,650.0,-2.99,14274.0,796.0,606.2
NHDL,9/2/2021,663.0,671.0,615.0,625.1,-3.83,14976.0,796.0,606.2
NHDL,9/5/2021,622.0,622.0,562.6,567.0,-9.29,14956.0,796.0,606.2
NHDL,9/6/2021,565.0,623.7,551.0,623.7,10.0,33016.0,796.0,606.2
NHDL,9/7/2021,625.0,658.1,596.0,610.0,-2.2,18042.0,796.0,606.2
NHDL,9/8/2021,600.0,613.0,594.0,600.0,-1.64,10694.0,796.0,606.2
NHDL,9/9/2021,612.0,634.0,605.0,626.0,4.33,13899.0,796.0,606.2
NHDL,9/12/2021,638.5,688.0,638.5,683.0,9.11,24082.0,796.0,606.2
NHDL,9/13/2021,696.6,710.0,656.0,659.0,-3.51,17851.0,796.0,606.2
NHDL,9/14/2021,646.0,685.0,645.9,663.0,0.61,8085.0,796.0,606.2
NHDL,9/15/2021,650.0,660.9,623.0,635.0,-4.22,10466.0,796.0,606.2
NHDL,9/16/2021,623.0,634.0,593.0,601.1,-5.34,15246.0,796.0,606.2
NHDL,9/20/2021,612.0,612.0,541.0,570.0,-5.17,11205.0,796.0,606.2
NHDL,9/21/2021,559.0,594.2,530.0,554.0,-2.81,16088.0,796.0,606.2
NHDL,9/22/2021,565.0,604.8,565.0,593.0,7.04,22357.0,796.0,606.2
NHDL,9/23/2021,582.0,607.0,575.0,585.0,-1.35,29953.0,796.0,606.2
NHDL,9/26/2021,582.0,582.0,544.0,549.0,-6.15,11386.0,796.0,606.2
NHDL,9/27/2021,559.9,570.0,503.0,510.0,-7.1,24136.0,796.0,606.2
NHDL,9/28/2021,501.0,517.0,459.0,459.0,-10.0,33647.0,796.0,606.2
NHDL,9/29/2021,468.0,495.7,426.0,489.0,6.54,14227.0,796.0,606.2
NHDL,9/30/2021,495.0,504.9,460.0,473.0,-3.27,13403.0,796.0,606.2
NHDL,10/3/2021,473.0,473.0,435.0,440.0,-6.98,8987.0,796.0,606.2
NHDL,10/4/2021,448.0,456.9,428.0,440.0,0.0,8464.0,796.0,606.2
NHDL,10/5/2021,448.8,464.0,443.0,462.0,5.0,9234.0,796.0,606.2
NHDL,10/6/2021,455.1,500.0,453.0,500.0,8.23,20635.0,796.0,606.2
NHDL,10/10/2021,500.0,500.0,475.0,480.0,-4.0,6666.0,796.0,606.2
NHDL,10/11/2021,480.0,480.0,445.0,470.0,-2.08,7832.0,796.0,606.2
NHDL,10/17/2021,462.0,462.0,452.0,462.0,-1.7,154.0,796.0,606.2
NHDL,10/18/2021,455.0,455.0,428.0,430.0,-6.93,3114.0,796.0,606.2
NHDL,10/19/2021,438.6,438.6,387.0,388.0,-9.77,17519.0,796.0,606.2
NHDL,10/20/2021,395.7,424.0,395.7,412.0,6.19,6476.0,796.0,606.2
NHDL,10/21/2021,420.0,432.3,400.0,408.0,-0.97,4491.0,796.0,606.2
NHDL,10/24/2021,415.0,443.0,402.0,423.0,3.68,6856.0,796.0,606.2
NHDL,10/25/2021,431.4,465.3,430.0,465.3,10.0,15320.0,796.0,606.2
NHDL,10/26/2021,474.6,511.8,470.0,511.8,9.99,36979.0,796.0,606.2
NHDL,10/27/2021,520.0,562.0,508.0,538.6,5.24,21600.0,796.0,606.2
NHDL,10/28/2021,549.3,583.0,520.0,580.0,7.69,20597.0,796.0,606.2
NHDL,10/31/2021,589.9,608.9,563.0,595.0,2.59,22517.0,796.0,606.2
NHDL,11/1/2021,606.9,621.0,568.0,570.0,-4.2,22339.0,796.0,606.2
NHDL,11/2/2021,580.0,600.0,550.0,585.0,2.63,10512.0,796.0,606.2
NHDL,11/3/2021,596.7,608.6,560.0,583.0,-0.34,16005.0,796.0,606.2
NHDL,11/8/2021,583.0,600.0,565.0,582.0,-0.17,9828.0,796.0,606.2
NHDL,11/9/2021,572.0,582.0,524.0,561.2,-3.57,23900.0,796.0,606.2
NHDL,11/11/2021,550.0,555.0,528.3,529.0,-5.74,12602.0,796.0,606.2
NHDL,11/14/2021,534.0,540.0,515.0,523.0,-1.13,12934.0,796.0,606.2
NHDL,11/15/2021,533.4,575.3,533.4,550.0,5.16,12277.0,796.0,606.2
NHDL,11/16/2021,545.0,576.0,545.0,570.0,3.64,26647.0,796.0,606.2
NHDL,11/17/2021,581.4,589.0,546.0,556.0,-2.46,35433.0,796.0,606.2
NHDL,11/18/2021,550.0,578.3,535.0,535.0,-3.78,20298.0,796.0,606.2
NHDL,11/21/2021,545.0,575.0,534.1,543.0,1.5,4542.0,796.0,606.2
NHDL,11/22/2021,553.0,555.0,533.2,537.0,-1.1,10533.0,796.0,606.2
NHDL,11/23/2021,536.0,545.0,504.0,520.0,-3.17,19359.0,796.0,606.2
NHDL,11/24/2021,530.0,540.0,500.0,520.0,0.0,20058.0,796.0,606.2
NHDL,11/25/2021,530.0,540.0,520.0,520.0,0.0,9937.0,796.0,606.2
NHDL,11/28/2021,509.6,516.0,495.0,495.2,-4.77,11654.0,796.0,606.2
NHDL,11/29/2021,495.0,513.9,481.1,483.0,-2.46,14612.0,796.0,606.2
NHDL,11/30/2021,492.6,501.0,473.4,478.0,-1.04,14270.0,796.0,606.2
NHDL,12/1/2021,487.1,511.0,483.1,495.0,3.56,47274.0,796.0,606.2
NHDL,12/2/2021,500.0,504.0,467.0,477.0,-3.64,19822.0,796.0,606.2
NHDL,12/5/2021,468.1,472.0,437.1,456.9,-4.21,38903.0,796.0,606.2
NHDL,12/6/2021,448.0,479.0,425.1,470.0,2.87,36563.0,796.0,606.2
NHDL,12/7/2021,471.1,493.6,442.0,456.0,-2.98,21204.0,796.0,606.2
NHDL,12/8/2021,447.0,455.9,418.0,428.0,-6.14,17916.0,796.0,606.2
NHDL,12/9/2021,426.0,434.0,415.0,420.0,-1.87,19773.0,796.0,606.2
NHDL,12/12/2021,415.0,420.0,378.0,382.0,-9.05,18281.0,796.0,606.2
NHDL,12/13/2021,378.0,400.8,356.6,369.0,-3.4,29317.0,796.0,606.2
NHDL,12/14/2021,376.3,405.9,376.3,405.0,9.76,12629.0,796.0,606.2
NHDL,12/15/2021,413.1,445.5,403.0,427.0,5.43,35948.0,796.0,606.2
NHDL,12/16/2021,418.5,426.8,399.0,400.0,-6.32,18533.0,796.0,606.2
NHDL,12/20/2021,400.0,400.0,381.0,391.0,-2.25,8205.0,796.0,606.2
NHDL,12/21/2021,396.0,405.0,392.0,405.0,3.58,25115.0,796.0,606.2
NHDL,12/22/2021,413.1,432.0,409.9,432.0,6.67,26543.0,796.0,606.2
NHDL,12/23/2021,438.0,446.0,415.6,419.5,-2.89,22336.0,796.0,606.2
NHDL,12/26/2021,419.5,445.0,406.7,418.8,-0.17,25351.0,796.0,606.2
NHDL,12/27/2021,426.5,435.0,391.0,391.0,-6.64,36476.0,796.0,606.2
NHDL,12/28/2021,370.0,385.0,369.9,385.0,-1.53,18308.0,796.0,606.2
NHDL,12/29/2021,392.7,396.0,377.3,384.0,-0.26,8932.0,796.0,606.2
NHDL,1/2/2022,385.0,401.0,383.1,388.9,1.28,13651.0,796.0,606.2
NHDL,1/3/2022,396.6,396.6,382.0,385.0,-1.0,9731.0,796.0,606.2
NHDL,1/4/2022,385.0,408.0,384.0,400.0,3.9,33652.0,796.0,606.2
NHDL,1/5/2022,400.1,418.0,396.0,402.5,0.63,27140.0,796.0,606.2
NHDL,1/6/2022,402.0,412.0,396.1,408.0,1.37,28429.0,796.0,606.2
NHDL,1/9/2022,410.0,448.8,410.0,448.8,10.0,52908.0,796.0,606.2
NHDL,1/10/2022,457.7,489.0,457.7,472.0,5.17,70544.0,796.0,606.2
NHDL,1/11/2022,480.0,507.9,472.0,498.0,5.51,49910.0,796.0,606.2
NHDL,1/12/2022,500.0,506.5,465.0,476.0,-4.42,68681.0,796.0,606.2
NHDL,1/13/2022,468.0,500.8,468.0,499.0,4.83,73460.0,796.0,606.2
NHDL,1/16/2022,507.0,535.0,507.0,520.0,4.21,50533.0,796.0,606.2
NHDL,1/17/2022,530.0,530.0,500.1,520.0,0.0,41077.0,796.0,606.2
NHDL,1/18/2022,520.0,529.0,490.0,505.0,-2.88,39768.0,796.0,606.2
NHDL,1/19/2022,505.0,515.0,490.0,490.0,-2.97,39165.0,796.0,606.2
NHDL,1/20/2022,490.0,511.9,483.0,511.9,4.47,33885.0,796.0,606.2
NHDL,1/23/2022,519.0,525.0,501.8,505.0,-1.35,25209.0,796.0,606.2
NHDL,1/24/2022,505.0,505.0,471.5,475.0,-5.94,58928.0,796.0,606.2
NHDL,1/25/2022,475.0,496.9,465.0,480.0,1.05,35047.0,796.0,606.2
NHDL,1/26/2022,485.0,485.0,459.0,470.0,-2.08,20454.0,796.0,606.2
NHDL,1/27/2022,478.0,485.0,469.5,480.0,2.13,16750.0,796.0,606.2
NHDL,1/30/2022,489.6,518.0,489.6,514.0,7.08,30236.0,796.0,606.2
NHDL,1/31/2022,522.0,522.0,500.0,503.2,-2.1,25896.0,796.0,606.2
NHDL,2/1/2022,513.2,530.0,496.2,522.0,3.74,71046.0,796.0,606.2
NHDL,2/3/2022,532.4,552.8,530.0,532.0,1.92,93142.0,796.0,606.2
NHDL,2/6/2022,540.0,580.0,515.0,575.0,8.08,234511.0,796.0,606.2
NHDL,2/7/2022,575.0,620.1,563.5,599.0,4.17,187210.0,796.0,606.2
NHDL,2/8/2022,610.9,625.0,565.0,568.0,-5.18,66404.0,796.0,606.2
NHDL,2/9/2022,566.0,566.2,540.0,549.0,-3.35,141671.0,796.0,606.2
NHDL,2/10/2022,545.0,550.0,530.3,533.0,-2.91,69292.0,796.0,606.2
NHDL,2/13/2022,522.4,529.0,506.0,507.0,-4.88,48079.0,796.0,606.2
NHDL,2/14/2022,501.1,529.0,501.1,525.0,3.55,49349.0,796.0,606.2
NHDL,2/15/2022,533.0,552.0,520.0,548.0,4.38,38809.0,796.0,606.2
NHDL,2/16/2022,550.0,551.0,526.5,540.0,-1.46,31715.0,796.0,606.2
NHDL,2/17/2022,530.1,539.9,525.0,532.0,-1.48,18302.0,796.0,606.2
NHDL,2/20/2022,521.4,550.0,511.0,527.0,-0.94,39863.0,796.0,606.2
NHDL,2/21/2022,537.5,566.0,525.0,564.9,7.19,77408.0,796.0,606.2
NHDL,2/22/2022,573.9,577.0,553.8,553.8,-1.96,55750.0,796.0,606.2
NHDL,2/23/2022,564.8,585.0,554.0,562.0,1.48,58252.0,796.0,606.2
NHDL,2/24/2022,560.0,569.0,542.0,545.0,-3.02,62318.0,796.0,606.2
NHDL,2/27/2022,534.1,570.0,534.1,550.1,0.94,40004.0,796.0,606.2
NHDL,2/28/2022,561.1,572.0,525.0,527.0,-4.2,35701.0,796.0,606.2
NHDL,3/2/2022,523.0,527.0,508.0,513.0,-2.66,22737.0,796.0,606.2
NHDL,3/6/2022,520.0,523.0,507.0,509.0,-0.78,22801.0,796.0,606.2
NHDL,3/7/2022,515.0,519.0,499.0,500.0,-1.77,22851.0,796.0,606.2
NHDL,3/9/2022,500.0,510.0,473.0,474.0,-5.2,17965.0,796.0,606.2
NHDL,3/10/2022,480.0,515.0,480.0,515.0,8.65,26352.0,796.0,606.2
NHDL,3/13/2022,524.0,535.0,513.0,525.0,1.94,25279.0,796.0,606.2
NHDL,3/14/2022,535.0,535.0,511.0,526.0,0.19,11722.0,796.0,606.2
NHDL,3/15/2022,517.0,526.0,512.0,512.0,-2.66,17944.0,796.0,606.2
NHDL,3/16/2022,506.0,522.0,503.1,504.0,-1.56,11686.0,796.0,606.2
NHDL,3/20/2022,507.0,520.0,500.0,507.0,0.6,10433.0,796.0,606.2
NHDL,3/21/2022,510.0,529.9,504.0,528.0,4.14,20505.0,796.0,606.2
NHDL,3/22/2022,528.0,533.0,519.1,523.0,-0.95,15973.0,796.0,606.2
NHDL,3/23/2022,519.0,519.9,510.5,510.5,-2.39,7591.0,796.0,606.2
NHDL,3/24/2022,510.5,517.0,502.0,505.0,-1.08,9735.0,796.0,606.2
NHDL,3/27/2022,505.0,510.0,481.0,485.1,-3.94,22763.0,796.0,606.2
NHDL,3/28/2022,485.0,500.0,476.1,483.1,-0.41,21656.0,796.0,606.2
NHDL,3/29/2022,490.0,497.0,483.9,489.1,1.24,18131.0,796.0,606.2
NHDL,3/30/2022,490.0,508.0,481.0,505.0,3.25,14710.0,796.0,606.2
NHDL,3/31/2022,495.1,505.0,488.0,488.0,-3.37,18544.0,796.0,606.2
NHDL,4/3/2022,490.0,490.0,478.0,482.5,-1.13,7020.0,796.0,606.2
NHDL,4/4/2022,474.0,490.0,474.0,474.0,-1.76,12416.0,796.0,606.2
NHDL,4/5/2022,467.0,470.0,454.0,459.0,-3.16,16977.0,796.0,606.2
NHDL,4/6/2022,451.0,475.0,450.0,452.0,-1.53,13251.0,796.0,606.2
NHDL,4/7/2022,461.0,474.0,460.0,465.0,2.88,13365.0,796.0,606.2
NHDL,4/11/2022,474.3,483.7,447.1,451.0,-3.01,16465.0,796.0,606.2
NHDL,4/12/2022,445.0,460.0,439.0,443.0,-1.77,8582.0,796.0,606.2
NHDL,4/13/2022,450.0,458.9,437.0,445.0,0.45,8661.0,796.0,606.2
NHDL,4/17/2022,446.0,450.0,435.0,435.1,-2.22,6493.0,796.0,606.2
NHDL,4/18/2022,429.0,434.1,411.0,411.0,-5.54,8498.0,796.0,606.2
NHDL,4/19/2022,406.0,425.0,402.0,418.0,1.7,8534.0,796.0,606.2
NHDL,4/20/2022,409.7,417.8,398.1,407.0,-2.63,7459.0,796.0,606.2
NHDL,4/21/2022,399.0,408.0,390.0,404.0,-0.74,7776.0,796.0,606.2
NHDL,4/24/2022,402.0,444.4,400.0,444.2,9.95,21885.0,796.0,606.2
NHDL,4/25/2022,452.0,458.0,420.0,427.0,-3.87,24702.0,796.0,606.2
NHDL,4/26/2022,418.5,435.0,416.5,424.0,-0.7,6988.0,796.0,606.2
NHDL,4/27/2022,418.0,434.0,416.2,426.0,0.47,4854.0,796.0,606.2
NHDL,4/28/2022,426.0,439.0,419.0,420.5,-1.29,14156.0,796.0,606.2
NHDL,5/2/2022,415.0,415.0,398.0,403.0,-4.16,8736.0,796.0,606.2
NHDL,5/4/2022,403.0,416.0,395.0,396.0,-1.74,11815.0,796.0,606.2
NHDL,5/5/2022,390.0,405.0,382.2,388.0,-2.02,6885.0,796.0,606.2
NHDL,5/8/2022,388.0,414.0,383.0,412.0,6.19,7465.0,796.0,606.2
NHDL,5/9/2022,404.0,420.0,404.0,406.1,-1.43,16299.0,796.0,606.2
NHDL,5/10/2022,412.8,428.0,410.0,424.0,4.41,12356.0,796.0,606.2
NHDL,5/11/2022,424.7,452.0,423.0,450.0,6.13,21234.0,796.0,606.2
NHDL,5/12/2022,459.0,459.0,435.0,436.5,-3.0,23351.0,796.0,606.2
NHDL,5/17/2022,428.0,445.2,413.0,419.0,-4.01,8528.0,796.0,606.2
NHDL,5/18/2022,412.0,442.9,403.0,419.0,0.0,11062.0,796.0,606.2
NHDL,5/19/2022,416.0,433.0,408.0,414.0,-1.19,16259.0,796.0,606.2
NHDL,5/20/2022,406.0,419.0,401.1,404.9,-2.2,6235.0,796.0,606.2
NHDL,5/23/2022,411.0,411.0,391.1,399.0,-1.46,12097.0,796.0,606.2
NHDL,5/24/2022,406.8,414.8,400.0,410.0,2.76,10709.0,796.0,606.2
NHDL,5/25/2022,418.2,423.0,406.0,414.0,0.98,7650.0,796.0,606.2
NHDL,5/26/2022,406.0,420.0,406.0,415.0,0.24,6216.0,796.0,606.2
NHDL,5/27/2022,409.0,412.0,400.0,409.9,-1.23,6769.0,796.0,606.2
NHDL,5/30/2022,402.6,403.2,395.1,398.8,-2.71,6286.0,796.0,606.2
NHDL,5/31/2022,390.9,406.7,388.0,393.0,-1.45,8159.0,796.0,606.2
NHDL,6/1/2022,400.8,400.8,380.0,398.0,1.27,11588.0,796.0,606.2
NHDL,6/2/2022,405.8,405.8,390.0,390.0,-2.01,8923.0,796.0,606.2
NHDL,6/3/2022,382.2,397.5,382.0,382.0,-2.05,14504.0,796.0,606.2
NHDL,6/6/2022,389.6,397.5,383.3,390.0,2.09,5798.0,796.0,606.2
NHDL,6/7/2022,382.3,394.0,375.0,378.9,-2.85,10911.0,796.0,606.2
NHDL,6/8/2022,386.0,397.0,373.1,391.0,3.19,14542.0,796.0,606.2
NHDL,6/9/2022,398.8,400.0,383.0,385.0,-1.53,11169.0,796.0,606.2
NHDL,6/10/2022,378.0,386.9,375.0,380.0,-1.3,7007.0,796.0,606.2
NHDL,6/13/2022,374.0,385.0,374.0,384.9,1.29,4257.0,796.0,606.2
NHDL,6/14/2022,392.4,392.4,361.0,367.5,-4.52,9799.0,796.0,606.2
NHDL,6/15/2022,367.5,374.6,350.0,360.0,-2.04,12243.0,796.0,606.2
NHDL,6/16/2022,367.0,374.0,358.0,364.0,1.11,7557.0,796.0,606.2
NHDL,6/17/2022,364.0,364.0,352.9,362.1,-0.52,2842.0,796.0,606.2
NHDL,6/19/2022,355.5,355.5,339.1,344.5,-4.86,10763.0,796.0,606.2
NHDL,6/20/2022,351.0,351.0,322.0,333.0,-3.34,7972.0,796.0,606.2
NHDL,6/21/2022,339.6,352.9,330.0,340.0,2.1,10627.0,796.0,606.2
NHDL,6/22/2022,346.8,353.0,326.0,335.0,-1.47,4312.0,796.0,606.2
NHDL,6/23/2022,328.3,328.3,306.0,314.0,-6.27,8726.0,796.0,606.2
NHDL,6/24/2022,307.8,337.9,300.0,315.0,0.32,9929.0,796.0,606.2
NHDL,6/26/2022,321.2,345.0,310.0,344.0,9.21,12276.0,796.0,606.2
NHDL,6/27/2022,350.8,359.0,332.0,338.0,-1.74,16627.0,796.0,606.2
NHDL,6/28/2022,332.0,337.0,325.0,325.0,-3.85,5703.0,796.0,606.2
NHDL,6/29/2022,325.0,349.0,322.0,337.2,3.75,9841.0,796.0,606.2
NHDL,6/30/2022,343.9,364.0,343.9,355.0,5.28,20470.0,796.0,606.2
NHDL,7/1/2022,355.1,368.9,348.0,348.0,-1.97,12675.0,796.0,606.2
NHDL,7/3/2022,348.0,378.0,345.0,374.5,7.61,24129.0,796.0,606.2
NHDL,7/4/2022,381.0,399.0,363.6,372.0,-0.67,36860.0,796.0,606.2
NHDL,7/5/2022,372.0,385.0,357.0,359.0,-3.49,27822.0,796.0,606.2
NHDL,7/6/2022,366.1,379.0,350.0,370.0,3.06,22777.0,796.0,606.2
NHDL,7/7/2022,377.0,383.0,356.0,368.9,-0.3,20140.0,796.0,606.2
NHDL,7/8/2022,362.0,365.0,353.0,353.0,-4.31,6814.0,796.0,606.2
NHDL,7/11/2022,346.1,350.0,328.5,336.0,-4.82,10430.0,796.0,606.2
NHDL,7/12/2022,342.0,345.0,332.0,334.0,-0.6,12245.0,796.0,606.2
NHDL,7/13/2022,340.6,359.0,336.0,355.0,6.29,12376.0,796.0,606.2
NHDL,7/14/2022,362.0,367.0,349.0,359.9,1.38,9714.0,796.0,606.2
NHDL,7/15/2022,354.1,360.0,353.0,360.0,0.03,5193.0,796.0,606.2
NHDL,7/17/2022,352.8,362.0,350.1,350.2,-2.72,3063.0,796.0,606.2
NHDL,7/18/2022,346.0,366.0,346.0,366.0,4.51,9750.0,796.0,606.2
NHDL,7/19/2022,373.0,373.0,360.0,367.0,0.27,9473.0,796.0,606.2
NHDL,7/20/2022,360.0,369.5,360.0,361.0,-1.63,5928.0,796.0,606.2
NHDL,7/21/2022,355.0,362.0,352.0,356.0,-1.39,9782.0,796.0,606.2
NHDL,7/22/2022,350.0,356.0,343.0,343.0,-3.65,7144.0,796.0,606.2
NHDL,7/24/2022,345.0,366.9,345.0,365.9,6.68,11439.0,796.0,606.2
NHDL,7/25/2022,373.1,388.2,368.0,382.0,4.4,27066.0,796.0,606.2
NHDL,7/26/2022,378.0,395.9,373.0,375.0,-1.83,28396.0,796.0,606.2
NHDL,7/27/2022,368.0,395.0,356.0,392.0,4.53,26758.0,796.0,606.2
NHDL,7/28/2022,398.0,410.0,365.0,393.0,0.26,29099.0,796.0,606.2
NHDL,7/29/2022,400.0,405.0,379.0,390.0,-0.76,10586.0,796.0,606.2
NHDL,7/31/2022,397.8,409.7,390.0,397.0,1.79,30186.0,796.0,606.2
NHDL,8/1/2022,391.0,412.0,390.0,400.0,0.76,42263.0,796.0,606.2
NHDL,8/2/2022,408.0,423.0,400.0,414.9,3.73,39142.0,796.0,606.2
NHDL,8/3/2022,423.0,431.4,410.0,427.0,2.92,30669.0,796.0,606.2
NHDL,8/4/2022,420.0,432.0,414.0,415.1,-2.79,34840.0,796.0,606.2
NHDL,8/5/2022,412.0,419.9,406.4,412.0,-0.75,32798.0,796.0,606.2
NHDL,8/7/2022,407.0,420.0,407.0,415.0,0.73,13086.0,796.0,606.2
NHDL,8/8/2022,420.0,421.9,411.0,416.0,0.24,29490.0,796.0,606.2
NHDL,8/9/2022,408.2,414.0,402.1,406.0,-2.4,28530.0,796.0,606.2
NHDL,8/10/2022,397.9,412.0,396.6,407.0,0.25,18798.0,796.0,606.2
NHDL,8/11/2022,407.1,424.6,400.2,406.0,-0.25,13748.0,796.0,606.2
NHDL,8/14/2022,408.0,413.0,393.1,398.7,-1.8,15784.0,796.0,606.2
NHDL,8/15/2022,405.0,414.0,395.0,413.9,3.81,12668.0,796.0,606.2
NHDL,8/16/2022,416.0,420.0,398.0,398.0,-3.84,19659.0,796.0,606.2
NHDL,8/17/2022,392.0,410.0,392.0,404.0,1.51,11898.0,796.0,606.2
NHDL,8/18/2022,412.0,416.0,404.0,412.0,1.98,16141.0,796.0,606.2
NHDL,8/21/2022,419.9,425.0,411.6,416.0,0.97,55162.0,796.0,606.2
NHDL,8/22/2022,418.0,418.2,408.0,415.0,-0.24,10319.0,796.0,606.2
NHDL,8/23/2022,412.0,417.0,408.3,413.0,-0.48,7216.0,796.0,606.2
NHDL,8/24/2022,413.0,419.0,408.0,410.0,-0.73,5365.0,796.0,606.2
NHDL,8/25/2022,410.0,413.0,398.4,398.4,-2.83,19177.0,796.0,606.2
NHDL,8/26/2022,396.0,400.0,387.1,387.1,-2.84,14051.0,796.0,606.2
NHDL,8/28/2022,394.8,394.8,372.0,379.0,-2.09,13455.0,796.0,606.2
NHDL,8/29/2022,385.0,385.0,370.0,381.0,0.53,7829.0,796.0,606.2
NHDL,8/30/2022,387.6,387.6,377.1,378.0,-0.79,2160.0,796.0,606.2
NHDL,8/31/2022,383.9,383.9,362.0,366.9,-2.94,12289.0,796.0,606.2
NHDL,9/1/2022,365.0,372.0,358.1,368.0,0.3,6578.0,796.0,606.2
NHDL,9/2/2022,375.0,375.0,359.1,365.0,-0.82,1150.0,796.0,606.2
NHDL,9/4/2022,360.0,375.0,360.0,373.0,2.19,3817.0,796.0,606.2
NHDL,9/5/2022,380.3,380.3,367.0,371.0,-0.54,3878.0,796.0,606.2
NHDL,9/6/2022,375.0,375.0,356.5,358.0,-3.5,6917.0,796.0,606.2
NHDL,9/7/2022,358.0,361.0,355.0,355.1,-0.81,5725.0,796.0,606.2
NHDL,9/8/2022,355.0,370.2,348.2,368.0,3.63,3004.0,796.0,606.2
NHDL,9/11/2022,368.0,371.2,355.0,365.0,-0.82,1164.0,796.0,606.2
NHDL,9/12/2022,368.0,368.0,350.1,357.0,-2.19,5073.0,796.0,606.2
NHDL,9/13/2022,364.0,365.0,357.0,357.0,0.0,3685.0,796.0,606.2
NHDL,9/14/2022,364.1,371.3,357.0,370.0,3.64,6494.0,796.0,606.2
NHDL,9/15/2022,362.7,370.0,337.2,349.0,-5.68,20192.0,796.0,606.2
NHDL,9/16/2022,342.1,344.9,335.3,341.0,-2.29,5375.0,796.0,606.2
NHDL,9/18/2022,336.0,336.0,325.0,325.0,-4.69,13275.0,796.0,606.2
NHDL,9/20/2022,319.0,320.0,304.8,311.0,-4.31,15465.0,796.0,606.2
NHDL,9/21/2022,317.0,317.0,305.0,309.0,-0.64,9220.0,796.0,606.2
NHDL,9/22/2022,314.0,316.0,304.0,316.0,2.27,3557.0,796.0,606.2
NHDL,9/25/2022,314.0,314.0,301.2,301.2,-4.68,2480.0,796.0,606.2
NHDL,9/27/2022,307.2,310.0,295.0,299.0,-0.73,6096.0,796.0,606.2
NHDL,9/28/2022,300.2,305.0,299.0,299.7,0.23,1982.0,796.0,606.2
NHDL,9/29/2022,305.6,305.6,294.0,304.0,1.43,765.0,796.0,606.2
NHDL,10/9/2022,304.0,320.7,302.0,320.7,5.49,4482.0,796.0,606.2
NHDL,10/10/2022,316.0,316.0,308.0,308.0,-3.96,2910.0,796.0,606.2
NHDL,10/11/2022,309.0,309.0,306.0,308.0,0.0,1560.0,796.0,606.2
NHDL,10/12/2022,302.0,314.0,300.0,311.0,0.97,1938.0,796.0,606.2
NHDL,10/13/2022,317.0,317.0,306.0,309.0,-0.64,2133.0,796.0,606.2
NHDL,10/16/2022,310.0,310.0,307.0,310.0,0.32,315.0,796.0,606.2
NHDL,10/17/2022,316.2,322.5,298.1,301.1,-2.87,3746.0,796.0,606.2
NHDL,10/19/2022,301.2,304.0,295.1,300.0,-0.37,4517.0,796.0,606.2
NHDL,10/20/2022,296.0,303.0,294.0,300.0,0.0,4348.0,796.0,606.2
NHDL,10/23/2022,300.0,300.0,295.1,297.2,-0.93,1387.0,796.0,606.2
NHDL,10/31/2022,300.0,303.0,300.0,303.0,1.95,332.0,796.0,606.2
NHDL,11/1/2022,307.0,320.0,307.0,320.0,5.61,6619.0,796.0,606.2
NHDL,11/2/2022,320.0,330.0,315.0,326.0,1.88,9425.0,796.0,606.2
NHDL,11/3/2022,320.0,326.4,320.0,321.8,-1.29,5088.0,796.0,606.2
NHDL,11/6/2022,320.0,337.9,317.0,337.8,4.97,8441.0,796.0,606.2
NHDL,11/7/2022,344.5,344.5,326.0,328.0,-2.9,10438.0,796.0,606.2
NHDL,11/8/2022,334.5,334.5,321.5,322.1,-1.8,3848.0,796.0,606.2
NHDL,11/9/2022,328.5,328.5,316.0,316.0,-1.89,10248.0,796.0,606.2
NHDL,11/10/2022,322.3,322.3,305.0,308.0,-2.53,1379.0,796.0,606.2
NHDL,11/13/2022,310.0,312.0,307.0,307.0,-0.32,1550.0,796.0,606.2
NHDL,11/14/2022,307.0,318.0,306.0,318.0,3.58,2148.0,796.0,606.2
NHDL,11/15/2022,324.3,324.3,302.3,305.0,-4.09,6094.0,796.0,606.2
NHDL,11/16/2022,311.0,317.0,310.0,313.5,2.79,13996.0,796.0,606.2
NHDL,11/17/2022,319.6,339.1,319.6,325.0,3.67,16376.0,796.0,606.2
NHDL,11/22/2022,325.0,334.8,321.0,330.0,1.54,8352.0,796.0,606.2
NHDL,11/23/2022,323.4,333.0,320.0,324.0,-1.82,5961.0,796.0,606.2
NHDL,11/24/2022,318.0,336.6,317.7,336.6,3.89,9576.0,796.0,606.2
NHDL,11/27/2022,341.0,344.0,332.0,344.0,2.2,6336.0,796.0,606.2
NHDL,11/28/2022,346.0,346.0,327.0,335.0,-2.62,16927.0,796.0,606.2
NHDL,11/29/2022,328.5,334.9,327.8,334.9,-0.03,4213.0,796.0,606.2
NHDL,11/30/2022,330.0,335.0,329.2,329.2,-1.7,2826.0,796.0,606.2
NHDL,12/1/2022,329.9,333.0,325.0,326.0,-0.97,2150.0,796.0,606.2
NHDL,12/4/2022,330.0,332.0,323.5,330.0,1.23,4033.0,796.0,606.2
NHDL,12/5/2022,328.0,328.0,312.0,324.0,-1.82,6470.0,796.0,606.2
NHDL,12/6/2022,317.6,320.0,312.8,320.0,-1.23,1456.0,796.0,606.2
NHDL,12/7/2022,314.0,319.9,314.0,315.4,-1.44,2983.0,796.0,606.2
NHDL,12/11/2022,310.0,326.0,309.9,310.0,-1.71,5502.0,796.0,606.2
NHDL,12/12/2022,315.0,318.0,313.5,315.0,1.61,1521.0,796.0,606.2
NHDL,12/13/2022,315.1,320.0,310.2,320.0,1.59,1992.0,796.0,606.2
NHDL,12/14/2022,316.1,320.0,313.6,313.6,-2.0,2275.0,796.0,606.2
NHDL,12/15/2022,309.0,310.5,309.0,310.5,-0.99,2469.0,796.0,606.2
NHDL,12/18/2022,305.0,310.3,300.1,305.0,-1.77,1722.0,796.0,606.2
NHDL,12/19/2022,300.0,305.0,299.0,301.2,-1.25,2698.0,796.0,606.2
NHDL,12/20/2022,301.1,313.0,301.1,310.0,2.92,1423.0,796.0,606.2
NHDL,12/21/2022,306.0,309.0,304.0,304.0,-1.94,2488.0,796.0,606.2
NHDL,12/22/2022,301.6,317.2,301.6,317.2,4.34,1809.0,796.0,606.2
NHDL,12/26/2022,303.1,324.0,303.1,318.5,0.41,8315.0,796.0,606.2
NHDL,12/27/2022,324.8,337.0,322.0,330.6,3.8,23468.0,796.0,606.2
NHDL,12/28/2022,330.6,331.0,325.0,328.0,-0.79,7010.0,796.0,606.2
NHDL,12/29/2022,322.0,355.0,322.0,355.0,8.23,13145.0,796.0,606.2
NHDL,1/1/2023,358.0,359.0,342.0,345.0,-2.82,15629.0,796.0,606.2
NHDL,1/2/2023,349.0,353.9,345.0,352.0,2.03,6334.0,796.0,606.2
NHDL,1/3/2023,345.0,364.9,338.1,354.0,0.57,14436.0,796.0,606.2
NHDL,1/4/2023,353.0,380.0,349.0,378.9,7.03,16951.0,796.0,606.2
NHDL,1/5/2023,386.4,386.4,365.1,382.0,0.82,23404.0,796.0,606.2
NHDL,1/8/2023,388.0,399.0,368.0,383.0,0.26,29518.0,796.0,606.2
NHDL,1/9/2023,381.0,399.0,381.0,394.1,2.9,20845.0,796.0,606.2
NHDL,1/10/2023,400.2,419.0,378.5,392.0,-0.53,59899.0,796.0,606.2
NHDL,1/12/2023,399.8,404.0,372.4,380.0,-3.06,21929.0,796.0,606.2
NHDL,1/17/2023,380.0,400.0,372.5,400.0,5.26,25931.0,796.0,606.2
NHDL,1/18/2023,407.9,411.9,394.0,399.0,-0.25,29669.0,796.0,606.2
NHDL,1/19/2023,400.0,405.0,390.0,397.0,-0.5,12028.0,796.0,606.2
NHDL,1/23/2023,404.0,404.9,385.2,385.2,-2.97,16480.0,796.0,606.2
NHDL,1/24/2023,380.0,390.0,379.0,390.0,1.25,13749.0,796.0,606.2
NHDL,1/25/2023,397.0,402.0,388.0,393.0,0.77,15274.0,796.0,606.2
NHDL,1/26/2023,393.0,403.0,387.0,397.0,1.02,13997.0,796.0,606.2
NHDL,1/29/2023,394.1,401.9,387.0,395.0,-0.5,8965.0,796.0,606.2
NHDL,1/30/2023,390.0,392.8,378.0,378.0,-4.3,10419.0,796.0,606.2
NHDL,1/31/2023,384.5,385.0,370.0,372.0,-1.59,14896.0,796.0,606.2
NHDL,2/1/2023,372.0,380.0,368.0,380.0,2.15,2851.0,796.0,606.2
NHDL,2/2/2023,372.4,384.0,366.0,378.8,-0.32,7641.0,796.0,606.2
NHDL,2/5/2023,386.3,386.3,367.1,370.0,-2.32,4312.0,796.0,606.2
NHDL,2/6/2023,374.4,374.4,363.7,370.0,0.0,4566.0,796.0,606.2
NHDL,2/7/2023,377.0,395.0,374.9,395.0,6.76,14349.0,796.0,606.2
NHDL,2/8/2023,387.8,408.9,387.8,396.0,0.25,15147.0,796.0,606.2
NHDL,2/9/2023,403.0,403.0,388.0,402.0,1.52,9362.0,796.0,606.2
NHDL,2/12/2023,394.0,394.5,385.0,386.0,-3.98,18928.0,796.0,606.2
NHDL,2/14/2023,393.0,393.0,381.3,390.0,1.04,17301.0,796.0,606.2
NHDL,2/15/2023,390.0,404.0,386.1,387.4,-0.67,17467.0,796.0,606.2
NHDL,2/16/2023,393.9,395.1,378.5,388.0,0.15,6821.0,796.0,606.2
NHDL,2/20/2023,382.1,385.0,375.5,383.0,-1.29,5597.0,796.0,606.2
NHDL,2/22/2023,383.0,397.9,383.0,394.0,2.87,4585.0,796.0,606.2
NHDL,2/23/2023,401.8,422.0,387.2,413.0,4.82,87037.0,796.0,606.2
NHDL,2/26/2023,404.8,415.0,388.0,415.0,0.48,24342.0,796.0,606.2
NHDL,2/27/2023,410.0,414.6,393.0,403.4,-2.8,26743.0,796.0,606.2
NHDL,2/28/2023,400.0,410.0,400.0,405.0,0.4,4906.0,796.0,606.2
NHDL,3/1/2023,399.0,404.0,390.0,395.0,-2.47,11048.0,796.0,606.2
NHDL,3/2/2023,398.9,398.9,381.0,388.0,-1.77,7282.0,796.0,606.2
NHDL,3/5/2023,380.5,384.0,374.4,379.9,-2.09,9881.0,796.0,606.2
NHDL,3/7/2023,380.0,386.9,380.0,381.0,0.29,8474.0,796.0,606.2
NHDL,3/9/2023,388.6,400.0,388.3,400.0,4.99,6997.0,796.0,606.2
NHDL,3/12/2023,405.0,405.0,385.0,385.0,-3.75,18294.0,796.0,606.2
NHDL,3/13/2023,389.9,389.9,377.3,385.7,0.18,7407.0,796.0,606.2
NHDL,3/14/2023,381.1,391.9,381.0,389.0,0.86,3732.0,796.0,606.2
NHDL,3/15/2023,396.7,400.0,388.0,397.8,2.26,12384.0,796.0,606.2
NHDL,3/16/2023,401.0,407.0,393.0,398.1,0.08,15036.0,796.0,606.2
NHDL,3/19/2023,406.0,408.0,398.0,408.0,2.49,13005.0,796.0,606.2
NHDL,3/20/2023,402.0,419.0,392.1,417.9,2.43,14560.0,796.0,606.2
NHDL,3/22/2023,417.0,424.0,409.7,409.7,-1.96,16613.0,796.0,606.2
NHDL,3/23/2023,410.0,410.0,394.0,399.0,-2.61,8226.0,796.0,606.2
NHDL,3/26/2023,398.0,400.0,394.0,398.9,-0.03,8709.0,796.0,606.2
NHDL,3/27/2023,404.0,404.0,392.0,403.0,1.03,3269.0,796.0,606.2
NHDL,3/28/2023,411.0,415.0,398.1,404.0,0.25,3637.0,796.0,606.2
NHDL,3/29/2023,412.0,412.0,400.1,406.5,0.62,3858.0,796.0,606.2
NHDL,3/30/2023,412.7,412.7,398.0,398.0,-2.09,6074.0,796.0,606.2
NHDL,4/2/2023,397.0,404.9,389.0,389.1,-2.24,6359.0,796.0,606.2
NHDL,4/3/2023,387.0,394.5,385.2,390.0,0.23,4639.0,796.0,606.2
NHDL,4/4/2023,396.0,397.8,388.0,390.0,0.0,2798.0,796.0,606.2
NHDL,4/5/2023,397.8,397.8,388.0,390.0,0.0,1548.0,796.0,606.2
NHDL,4/6/2023,395.0,395.0,380.0,384.0,-1.54,2063.0,796.0,606.2
NHDL,4/9/2023,388.0,395.7,379.0,380.0,-1.04,1157.0,796.0,606.2
NHDL,4/10/2023,372.4,386.0,370.0,379.0,-0.26,1234.0,796.0,606.2
NHDL,4/11/2023,380.0,403.0,380.0,387.0,2.11,1865.0,796.0,606.2
NHDL,4/12/2023,394.5,410.0,394.5,403.9,4.37,8304.0,796.0,606.2
NHDL,4/13/2023,398.0,411.9,395.0,397.0,-1.71,7967.0,796.0,606.2
NHDL,4/16/2023,389.5,403.9,389.5,399.5,0.63,3196.0,796.0,606.2
NHDL,4/17/2023,407.0,407.0,390.0,391.0,-2.13,2482.0,796.0,606.2
NHDL,4/18/2023,388.0,398.0,386.0,391.0,0.0,668.0,796.0,606.2
NHDL,4/19/2023,384.0,397.0,384.0,395.0,1.02,1500.0,796.0,606.2
NHDL,4/20/2023,390.0,390.5,388.0,389.0,-1.52,2847.0,796.0,606.2
NHDL,4/23/2023,384.0,395.8,378.0,391.0,0.51,3654.0,796.0,606.2
NHDL,4/24/2023,398.8,398.8,380.3,384.0,-1.79,2749.0,796.0,606.2
NHDL,4/25/2023,391.0,393.0,383.7,387.0,0.78,1922.0,796.0,606.2
NHDL,4/26/2023,380.1,393.9,380.1,392.0,1.29,2129.0,796.0,606.2
NHDL,4/27/2023,384.4,388.0,377.1,388.0,-1.02,1263.0,796.0,606.2
NHDL,4/30/2023,381.1,385.3,377.0,380.0,-2.06,8676.0,796.0,606.2
NHDL,5/2/2023,377.0,386.0,373.1,382.0,0.53,2734.0,796.0,606.2
NHDL,5/3/2023,376.0,380.9,375.1,375.1,-1.81,1506.0,796.0,606.2
NHDL,5/4/2023,370.0,385.0,370.0,385.0,2.64,2668.0,796.0,606.2
NHDL,5/7/2023,381.0,381.0,371.2,371.5,-3.51,1233.0,796.0,606.2
NHDL,5/8/2023,371.0,374.0,365.0,365.1,-1.72,4485.0,796.0,606.2
NHDL,5/9/2023,358.1,374.5,358.1,365.5,0.11,1780.0,796.0,606.2
NHDL,5/10/2023,358.5,371.9,358.5,367.3,0.49,1380.0,796.0,606.2
NHDL,5/11/2023,362.0,366.0,361.0,365.9,-0.38,2368.0,796.0,606.2
NHDL,5/14/2023,371.0,371.0,362.0,365.0,-0.25,1033.0,796.0,606.2
NHDL,5/15/2023,358.0,370.0,358.0,364.0,-0.27,3326.0,796.0,606.2
NHDL,5/16/2023,357.0,376.3,357.0,375.9,3.27,1351.0,796.0,606.2
NHDL,5/17/2023,369.0,378.0,362.0,377.0,0.29,1919.0,796.0,606.2
NHDL,5/18/2023,369.5,389.0,365.0,388.9,3.16,5000.0,796.0,606.2
NHDL,5/21/2023,381.2,396.5,381.2,388.0,-0.23,4047.0,796.0,606.2
NHDL,5/22/2023,383.0,392.7,375.4,388.0,0.0,1328.0,796.0,606.2
NHDL,5/23/2023,381.1,402.0,381.1,397.0,2.32,4634.0,796.0,606.2
NHDL,5/24/2023,400.0,400.0,386.0,398.0,0.25,3288.0,796.0,606.2
NHDL,5/28/2023,390.1,399.0,382.3,391.9,-1.53,5580.0,796.0,606.2
NHDL,5/30/2023,384.1,398.9,376.5,380.0,-3.04,3344.0,796.0,606.2
NHDL,5/31/2023,373.0,381.0,370.0,373.0,-1.84,6724.0,796.0,606.2
NHDL,6/1/2023,373.0,378.0,367.5,378.0,1.34,5250.0,796.0,606.2
NHDL,6/4/2023,385.5,395.0,385.0,395.0,4.5,8849.0,796.0,606.2
NHDL,6/5/2023,401.0,401.0,384.0,387.0,-2.03,1973.0,796.0,606.2
NHDL,6/6/2023,380.2,398.7,380.2,391.1,1.06,5801.0,796.0,606.2
NHDL,6/7/2023,398.9,407.0,392.1,395.0,1.0,12272.0,796.0,606.2
NHDL,6/8/2023,402.0,402.0,390.2,394.0,-0.25,10033.0,796.0,606.2
NHDL,6/11/2023,398.0,400.0,392.0,399.5,1.4,3378.0,796.0,606.2
NHDL,6/12/2023,406.0,406.0,392.0,399.0,-0.13,8899.0,796.0,606.2
NHDL,6/13/2023,398.0,416.0,396.1,416.0,4.26,25739.0,796.0,606.2
NHDL,6/14/2023,416.0,423.0,407.0,418.0,0.48,26174.0,796.0,606.2
NHDL,6/15/2023,412.0,416.9,406.0,415.0,-0.72,13206.0,796.0,606.2
NHDL,6/18/2023,415.0,423.3,408.3,421.9,1.66,9959.0,796.0,606.2
NHDL,6/19/2023,415.0,423.0,408.1,418.0,-0.92,16583.0,796.0,606.2
NHDL,6/20/2023,415.5,431.0,410.0,412.0,-1.44,28649.0,796.0,606.2
NHDL,6/21/2023,412.0,415.0,400.0,404.9,-1.72,10078.0,796.0,606.2
NHDL,6/22/2023,405.0,413.1,395.1,403.0,-0.47,5856.0,796.0,606.2
NHDL,6/25/2023,409.0,409.0,385.1,408.0,1.24,13581.0,796.0,606.2
NHDL,6/26/2023,416.0,416.0,397.0,397.3,-2.62,7849.0,796.0,606.2
NHDL,6/27/2023,389.5,413.0,389.5,408.0,2.69,9366.0,796.0,606.2
NHDL,6/28/2023,401.0,408.0,392.0,399.0,-2.21,14618.0,796.0,606.2
NHDL,7/2/2023,391.2,405.0,383.4,383.8,-3.81,9081.0,796.0,606.2
NHDL,7/3/2023,380.0,405.0,377.0,382.0,-0.47,6471.0,796.0,606.2
NHDL,7/4/2023,376.0,390.0,376.0,382.2,0.05,3090.0,796.0,606.2
NHDL,7/5/2023,376.6,391.9,371.5,375.5,-1.75,5333.0,796.0,606.2
NHDL,7/6/2023,380.0,380.0,361.0,372.0,-0.93,4632.0,796.0,606.2
NHDL,7/9/2023,365.6,388.0,365.6,380.0,2.15,2732.0,796.0,606.2
NHDL,7/10/2023,385.0,385.0,368.5,368.5,-3.03,5697.0,796.0,606.2
NHDL,7/11/2023,370.0,372.0,360.0,365.1,-0.92,9250.0,796.0,606.2
NHDL,7/12/2023,370.0,389.0,370.0,388.9,6.52,9894.0,796.0,606.2
NHDL,7/13/2023,396.6,404.3,375.0,375.2,-3.52,6687.0,796.0,606.2
NHDL,7/16/2023,382.7,382.9,375.3,377.0,0.48,1412.0,796.0,606.2
NHDL,7/17/2023,380.0,384.4,376.2,384.4,1.96,3190.0,796.0,606.2
NHDL,7/18/2023,380.0,395.0,380.0,383.0,-0.36,8820.0,796.0,606.2
NHDL,7/19/2023,375.5,390.0,375.5,384.0,0.26,2106.0,796.0,606.2
NHDL,7/20/2023,390.0,390.0,371.0,387.0,0.78,7954.0,796.0,606.2
NHDL,7/23/2023,393.0,393.0,381.2,391.0,1.03,11906.0,796.0,606.2
NHDL,7/24/2023,396.0,396.0,385.0,385.0,-1.53,4288.0,796.0,606.2
NHDL,7/25/2023,379.0,391.0,379.0,391.0,1.56,628.0,796.0,606.2
NHDL,7/26/2023,390.0,390.0,375.0,382.0,-2.3,2674.0,796.0,606.2
NHDL,7/27/2023,377.0,378.0,369.5,374.5,-1.96,2868.0,796.0,606.2
NHDL,7/30/2023,381.8,385.0,373.0,374.0,-0.13,2132.0,796.0,606.2
NHDL,7/31/2023,374.0,385.0,370.0,370.0,-1.07,3185.0,796.0,606.2
NHDL,8/1/2023,363.0,378.9,363.0,374.0,1.08,2641.0,796.0,606.2
NHDL,8/2/2023,366.7,374.0,366.7,374.0,0.0,4835.0,796.0,606.2
NHDL,8/3/2023,372.0,379.4,365.6,370.0,-1.07,6305.0,796.0,606.2
NHDL,8/6/2023,370.0,370.0,358.0,364.0,-1.62,3612.0,796.0,606.2
NHDL,8/7/2023,358.0,372.0,355.4,368.0,1.1,5951.0,796.0,606.2
NHDL,8/8/2023,365.0,365.0,350.0,360.0,-2.17,2627.0,796.0,606.2
NHDL,8/9/2023,367.0,372.0,360.0,372.0,3.33,4556.0,796.0,606.2
NHDL,8/10/2023,373.0,377.0,364.7,366.0,-1.61,3602.0,796.0,606.2
NHDL,8/13/2023,359.1,379.9,359.0,366.9,0.25,847.0,796.0,606.2
NHDL,8/14/2023,369.0,369.0,358.0,359.0,-2.15,4456.0,796.0,606.2
NHDL,8/15/2023,352.1,370.0,352.1,353.1,-1.64,3368.0,796.0,606.2
NHDL,8/16/2023,353.0,353.9,341.1,353.0,-0.03,6382.0,796.0,606.2
NHDL,8/17/2023,360.0,360.0,346.0,347.0,-1.7,2788.0,796.0,606.2
NHDL,8/20/2023,341.1,351.9,337.0,343.8,-0.92,3944.0,796.0,606.2
NHDL,8/21/2023,340.0,345.0,337.1,344.0,0.06,1100.0,796.0,606.2
NHDL,8/22/2023,344.0,358.0,337.5,358.0,4.07,1789.0,796.0,606.2
NHDL,8/23/2023,353.0,364.8,350.0,363.9,1.65,2629.0,796.0,606.2
NHDL,8/24/2023,371.1,371.1,349.1,349.1,-4.07,1640.0,796.0,606.2
NHDL,8/27/2023,349.0,349.0,342.2,342.2,-1.98,904.0,796.0,606.2
NHDL,8/28/2023,340.0,348.0,336.0,337.5,-1.37,5286.0,796.0,606.2
NHDL,8/29/2023,337.2,344.2,337.2,344.0,1.93,1806.0,796.0,606.2
NHDL,8/30/2023,350.8,357.0,339.1,349.9,1.72,347.0,796.0,606.2
NHDL,9/3/2023,356.8,356.8,330.4,336.0,-3.97,2592.0,796.0,606.2
NHDL,9/4/2023,335.0,335.5,303.0,329.0,-2.08,15510.0,796.0,606.2
NHDL,9/5/2023,322.5,337.0,322.5,337.0,2.43,547.0,796.0,606.2
NHDL,9/7/2023,331.0,342.0,324.0,326.0,-3.26,3666.0,796.0,606.2
NHDL,9/10/2023,320.5,330.0,313.8,322.0,-1.23,782.0,796.0,606.2
NHDL,9/11/2023,319.0,337.5,319.0,328.0,1.86,2243.0,796.0,606.2
NHDL,9/12/2023,322.0,334.9,317.6,327.0,-0.3,3948.0,796.0,606.2
NHDL,9/13/2023,326.5,339.0,326.5,332.0,1.53,5028.0,796.0,606.2
NHDL,9/17/2023,330.0,338.0,325.5,326.0,-1.81,2042.0,796.0,606.2
NHDL,9/18/2023,330.0,356.0,321.1,337.1,3.4,3840.0,796.0,606.2
NHDL,9/19/2023,331.1,348.7,331.0,348.7,3.44,4868.0,796.0,606.2
NHDL,9/21/2023,355.6,377.0,353.0,364.0,4.39,11161.0,796.0,606.2
NHDL,9/24/2023,360.5,368.9,342.0,351.0,-3.57,5985.0,796.0,606.2
NHDL,9/25/2023,344.1,357.0,344.1,350.5,-0.14,4638.0,796.0,606.2
NHDL,9/26/2023,356.0,363.0,355.0,360.0,2.71,4476.0,796.0,606.2
NHDL,9/27/2023,352.8,365.0,349.0,355.0,-1.39,3953.0,796.0,606.2
NHDL,10/1/2023,350.0,350.0,337.5,344.2,-3.04,2018.0,796.0,606.2
NHDL,10/2/2023,340.0,350.0,337.4,344.8,0.17,6428.0,796.0,606.2
NHDL,10/3/2023,340.3,344.9,339.5,339.5,-1.54,2069.0,796.0,606.2
NHDL,10/4/2023,340.3,346.2,340.3,342.1,0.77,1625.0,796.0,606.2
NHDL,10/5/2023,345.0,345.1,337.2,345.0,0.85,3431.0,796.0,606.2
NHDL,10/8/2023,338.1,344.0,333.1,335.0,-2.9,5536.0,796.0,606.2
NHDL,10/9/2023,331.2,347.8,329.0,332.0,-0.9,2835.0,796.0,606.2
NHDL,10/10/2023,330.0,337.6,325.5,325.5,-1.96,3736.0,796.0,606.2
NHDL,10/11/2023,321.6,332.0,321.6,327.0,0.46,1847.0,796.0,606.2
NHDL,10/12/2023,325.0,326.0,322.1,322.5,-1.38,3774.0,796.0,606.2
NHDL,10/16/2023,320.0,323.0,313.0,313.0,-2.95,3027.0,796.0,606.2
NHDL,10/17/2023,319.2,325.6,317.0,317.0,1.28,1227.0,796.0,606.2
NHDL,10/18/2023,323.0,330.0,318.1,330.0,4.1,716.0,796.0,606.2
NHDL,10/19/2023,336.0,342.7,327.0,342.7,3.85,1555.0,796.0,606.2
NHDL,10/29/2023,335.9,340.0,334.0,338.7,-1.17,579.0,796.0,606.2
NHDL,10/30/2023,332.1,337.0,330.0,331.5,-2.13,4175.0,796.0,606.2
NHDL,10/31/2023,326.1,345.0,325.5,333.5,0.6,2393.0,796.0,606.2
NHDL,11/1/2023,328.0,328.0,327.0,327.0,-1.95,1007.0,796.0,606.2
NHDL,11/2/2023,330.0,330.0,323.6,325.0,-0.61,822.0,796.0,606.2
NHDL,11/5/2023,318.8,325.8,318.8,325.8,0.25,1499.0,796.0,606.2
NHDL,11/6/2023,320.0,333.4,320.0,330.0,1.29,1328.0,796.0,606.2
NHDL,11/7/2023,336.6,336.6,324.9,330.0,0.0,809.0,796.0,606.2
NHDL,11/8/2023,331.0,340.0,331.0,340.0,3.03,1616.0,796.0,606.2
NHDL,11/9/2023,346.0,346.0,327.0,327.0,-3.82,1165.0,796.0,606.2
NHDL,11/20/2023,321.1,327.1,320.5,322.0,-1.53,3438.0,796.0,606.2
NHDL,11/21/2023,321.1,324.0,318.0,318.0,-1.24,2747.0,796.0,606.2
NHDL,11/22/2023,312.0,337.5,312.0,328.4,3.27,325.0,796.0,606.2
NHDL,11/23/2023,325.1,341.7,325.1,333.0,1.4,5539.0,796.0,606.2
NHDL,11/26/2023,334.0,345.7,333.1,345.7,3.81,1362.0,796.0,606.2
NHDL,11/27/2023,350.0,355.0,338.0,344.0,-0.49,1738.0,796.0,606.2
NHDL,11/28/2023,350.8,350.8,335.0,336.0,-2.33,1151.0,796.0,606.2
NHDL,11/29/2023,342.7,342.7,335.0,335.0,-0.3,2295.0,796.0,606.2
NHDL,11/30/2023,329.5,331.0,329.2,330.1,-1.46,3500.0,796.0,606.2
NHDL,12/3/2023,332.0,338.0,328.0,335.0,1.48,4699.0,796.0,606.2
NHDL,12/4/2023,335.0,341.5,328.3,334.0,-0.3,4486.0,796.0,606.2
NHDL,12/5/2023,330.0,338.6,327.4,338.6,1.38,1916.0,796.0,606.2
NHDL,12/6/2023,333.0,345.0,327.2,340.0,0.41,1464.0,796.0,606.2
NHDL,12/7/2023,333.2,344.8,333.2,342.7,0.79,2342.0,796.0,606.2
NHDL,12/10/2023,349.5,370.0,349.5,370.0,7.97,350.0,796.0,606.2
NHDL,12/11/2023,352.7,358.0,331.6,344.0,-7.03,6227.0,796.0,606.2
NHDL,12/12/2023,344.0,350.0,331.0,349.0,1.45,7449.0,796.0,606.2
NHDL,12/13/2023,354.9,360.0,347.1,348.0,-0.29,12474.0,796.0,606.2
NHDL,12/14/2023,348.0,382.8,346.4,382.8,10.0,10932.0,796.0,606.2
NHDL,12/17/2023,375.2,390.0,365.0,386.0,0.84,14988.0,796.0,606.2
NHDL,12/18/2023,385.0,391.8,373.1,379.0,-1.81,23328.0,796.0,606.2
NHDL,12/19/2023,375.0,376.0,367.1,373.0,-1.58,7972.0,796.0,606.2
NHDL,12/20/2023,380.0,398.2,374.0,395.0,5.9,22266.0,796.0,606.2
NHDL,12/21/2023,395.0,402.0,378.3,382.0,-3.29,48424.0,796.0,606.2
NHDL,12/24/2023,380.0,402.9,380.0,384.0,0.52,41760.0,796.0,606.2
NHDL,12/27/2023,391.0,399.0,375.0,380.0,-1.04,17336.0,796.0,606.2
NHDL,12/28/2023,374.6,385.9,374.5,382.5,0.66,7225.0,796.0,606.2
NHDL,1/1/2024,382.5,390.1,375.0,379.0,-0.92,10067.0,796.0,606.2
NHDL,1/2/2024,379.0,380.0,367.5,374.0,-1.32,6479.0,796.0,606.2
NHDL,1/3/2024,372.0,379.4,370.0,370.0,-1.07,5580.0,796.0,606.2
NHDL,1/4/2024,377.0,390.0,377.0,389.0,5.14,26859.0,796.0,606.2
NHDL,1/7/2024,396.6,427.9,383.0,427.0,9.77,122934.0,796.0,606.2
NHDL,1/8/2024,435.1,452.6,430.0,443.0,3.75,73195.0,796.0,606.2
NHDL,1/9/2024,450.0,450.0,421.2,438.0,-1.13,36626.0,796.0,606.2
NHDL,1/10/2024,430.1,433.0,417.2,419.0,-4.34,28248.0,796.0,606.2
NHDL,1/11/2024,417.0,437.4,415.0,425.0,1.43,59928.0,796.0,606.2
NHDL,1/14/2024,433.5,452.0,426.2,441.1,3.79,117496.0,796.0,606.2
NHDL,1/16/2024,449.0,449.7,435.0,435.0,-1.38,33153.0,796.0,606.2
NHDL,1/17/2024,443.7,450.0,430.0,432.0,-0.69,68373.0,796.0,606.2
NHDL,1/18/2024,425.0,444.0,425.0,433.0,0.23,63600.0,796.0,606.2
NHDL,1/21/2024,433.1,441.0,418.0,419.0,-3.23,30688.0,796.0,606.2
NHDL,1/22/2024,427.3,427.3,410.9,410.9,-1.93,23591.0,796.0,606.2
NHDL,1/23/2024,419.0,420.0,407.0,420.0,2.21,28024.0,796.0,606.2
NHDL,1/24/2024,428.4,440.0,412.5,418.0,-0.48,15248.0,796.0,606.2
NHDL,1/25/2024,414.0,447.3,414.0,447.3,7.01,29830.0,796.0,606.2
NHDL,1/28/2024,456.2,456.2,427.5,440.0,-1.63,50838.0,796.0,606.2
NHDL,1/29/2024,447.6,450.0,432.1,450.0,2.27,27502.0,796.0,606.2
NHDL,1/30/2024,459.0,459.0,445.0,457.0,1.56,18584.0,796.0,606.2
NHDL,1/31/2024,466.1,466.1,438.3,459.0,0.44,57236.0,796.0,606.2
NHDL,2/1/2024,449.9,449.9,439.0,440.0,-4.14,26563.0,796.0,606.2
NHDL,2/4/2024,431.2,448.0,431.2,438.0,-0.45,5447.0,796.0,606.2
NHDL,2/5/2024,438.0,446.0,429.3,429.3,-1.99,3532.0,796.0,606.2
NHDL,2/6/2024,430.0,447.2,430.0,439.9,2.47,2217.0,796.0,606.2
NHDL,2/7/2024,440.0,440.0,433.0,436.0,-0.89,3163.0,796.0,606.2
NHDL,2/8/2024,441.0,449.0,434.0,448.0,2.75,11272.0,796.0,606.2
NHDL,2/11/2024,456.0,460.0,444.0,444.2,-0.85,32853.0,796.0,606.2
NHDL,2/12/2024,452.0,453.0,439.0,450.5,1.42,12031.0,796.0,606.2
NHDL,2/13/2024,459.5,459.5,439.0,447.0,-0.78,25350.0,796.0,606.2
NHDL,2/14/2024,455.9,483.0,445.0,483.0,8.05,52337.0,796.0,606.2
NHDL,2/15/2024,483.0,483.0,459.0,464.1,-3.91,45908.0,796.0,606.2
NHDL,2/18/2024,458.0,466.0,445.2,445.2,-4.07,13365.0,796.0,606.2
NHDL,2/20/2024,438.0,453.0,438.0,440.2,-1.12,16701.0,796.0,606.2
NHDL,2/21/2024,449.0,450.0,436.0,436.0,-0.95,4763.0,796.0,606.2
NHDL,2/22/2024,438.1,442.0,422.0,425.0,-2.52,10962.0,796.0,606.2
NHDL,2/25/2024,429.0,439.0,421.4,422.0,-0.71,9480.0,796.0,606.2
NHDL,2/26/2024,428.0,430.4,423.1,423.1,0.26,5622.0,796.0,606.2
NHDL,2/27/2024,430.5,433.0,427.0,429.0,1.39,5437.0,796.0,606.2
NHDL,2/28/2024,425.0,433.5,425.0,432.5,0.82,3688.0,796.0,606.2
NHDL,2/29/2024,425.0,433.5,420.0,428.0,-1.04,10274.0,796.0,606.2
NHDL,3/3/2024,425.0,428.0,417.1,417.1,-2.55,3488.0,796.0,606.2
NHDL,3/4/2024,425.4,433.9,425.4,433.9,4.03,40.0,796.0,606.2
NHDL,3/5/2024,433.0,437.9,426.1,434.8,0.21,10428.0,796.0,606.2
NHDL,3/6/2024,427.0,435.0,420.5,428.0,-1.56,8832.0,796.0,606.2
NHDL,3/7/2024,435.0,444.9,428.0,438.0,2.34,6977.0,796.0,606.2
NHDL,3/10/2024,440.0,441.0,430.0,434.0,-0.91,3344.0,796.0,606.2
NHDL,3/12/2024,440.0,442.0,431.2,438.0,0.92,5507.0,796.0,606.2
NHDL,3/13/2024,438.0,440.0,430.1,431.0,-1.6,3717.0,796.0,606.2
NHDL,3/14/2024,431.0,439.0,428.0,430.0,-0.23,3633.0,796.0,606.2
NHDL,3/17/2024,438.0,438.0,425.0,428.1,-0.44,4340.0,796.0,606.2
NHDL,3/18/2024,429.9,446.7,424.0,446.0,4.18,4298.0,796.0,606.2
NHDL,3/19/2024,445.0,445.0,429.0,430.1,-3.57,4814.0,796.0,606.2
NHDL,3/20/2024,425.0,433.5,425.0,430.0,-0.02,2246.0,796.0,606.2
NHDL,3/21/2024,421.6,429.9,421.6,422.5,-1.74,4262.0,796.0,606.2
NHDL,3/25/2024,420.0,429.9,420.0,421.1,-0.33,1837.0,796.0,606.2
NHDL,3/26/2024,429.5,436.0,416.2,429.0,1.88,4342.0,796.0,606.2
NHDL,3/27/2024,430.0,431.0,420.7,421.0,-1.86,3796.0,796.0,606.2
NHDL,3/28/2024,413.4,428.0,413.4,425.0,0.95,1226.0,796.0,606.2
NHDL,3/31/2024,421.0,426.0,419.0,419.2,-1.36,6479.0,796.0,606.2
NHDL,4/1/2024,416.0,422.0,416.0,419.0,-0.05,2399.0,796.0,606.2
NHDL,4/2/2024,416.0,418.5,416.0,416.3,-0.64,1257.0,796.0,606.2
NHDL,4/3/2024,416.4,420.0,416.4,417.0,0.17,2681.0,796.0,606.2
NHDL,4/4/2024,412.0,420.0,412.0,414.1,-0.7,2336.0,796.0,606.2
NHDL,4/7/2024,414.0,425.0,414.0,423.0,2.15,1968.0,796.0,606.2
NHDL,4/9/2024,430.9,430.9,422.0,422.0,-0.24,3398.0,796.0,606.2
NHDL,4/10/2024,417.1,428.4,414.0,418.0,-0.95,5195.0,796.0,606.2
NHDL,4/14/2024,423.0,434.8,421.0,429.0,2.63,3175.0,796.0,606.2
NHDL,4/15/2024,424.6,429.0,420.0,420.0,-2.1,2292.0,796.0,606.2
NHDL,4/16/2024,412.2,425.0,412.2,418.1,-0.45,3628.0,796.0,606.2
NHDL,4/18/2024,410.7,424.0,410.7,411.5,-1.58,2838.0,796.0,606.2
NHDL,4/21/2024,408.0,418.0,408.0,415.0,0.85,1534.0,796.0,606.2
NHDL,4/22/2024,420.9,420.9,415.1,415.1,0.02,1931.0,796.0,606.2
NHDL,4/24/2024,415.0,418.0,410.0,418.0,0.7,2813.0,796.0,606.2
NHDL,4/25/2024,425.0,430.0,412.0,412.0,-1.44,4531.0,796.0,606.2
NHDL,4/28/2024,420.0,420.5,412.5,414.2,0.53,2717.0,796.0,606.2
NHDL,4/29/2024,414.4,424.5,414.4,424.5,2.49,5347.0,796.0,606.2
NHDL,4/30/2024,432.8,433.5,424.5,425.5,0.24,9001.0,796.0,606.2
NHDL,5/2/2024,429.0,430.0,422.2,422.2,-0.78,8093.0,796.0,606.2
NHDL,5/5/2024,417.0,436.9,417.0,428.0,1.37,9835.0,796.0,606.2
NHDL,5/6/2024,434.8,434.9,415.8,416.1,-2.78,2157.0,796.0,606.2
NHDL,5/7/2024,424.4,424.4,413.3,424.0,1.9,1617.0,796.0,606.2
NHDL,5/8/2024,430.0,430.0,408.9,425.0,0.24,5888.0,796.0,606.2
NHDL,5/9/2024,416.5,433.5,410.0,428.0,0.71,5627.0,796.0,606.2
NHDL,5/12/2024,436.3,436.5,419.7,419.7,-1.94,3883.0,796.0,606.2
NHDL,5/13/2024,416.1,422.1,415.2,422.1,0.57,2905.0,796.0,606.2
NHDL,5/14/2024,428.0,448.0,428.0,447.0,5.9,38137.0,796.0,606.2
NHDL,5/15/2024,444.1,475.3,444.1,452.2,1.16,37114.0,796.0,606.2
NHDL,5/16/2024,445.0,474.1,443.2,464.0,2.61,35006.0,796.0,606.2
NHDL,5/19/2024,464.0,476.0,454.4,470.0,1.29,41047.0,796.0,606.2
NHDL,5/20/2024,474.9,480.0,465.5,472.0,0.43,59452.0,796.0,606.2
NHDL,5/21/2024,480.0,513.0,464.1,513.0,8.69,64319.0,796.0,606.2
NHDL,5/22/2024,523.0,523.0,484.0,490.0,-4.48,27382.0,796.0,606.2
NHDL,5/26/2024,499.0,499.0,463.1,467.0,-4.69,15811.0,796.0,606.2
NHDL,5/27/2024,476.0,483.5,458.0,474.1,1.52,10143.0,796.0,606.2
NHDL,5/29/2024,483.2,487.0,470.0,476.1,0.42,21060.0,796.0,606.2
NHDL,5/30/2024,472.5,509.0,472.5,500.0,5.02,106835.0,796.0,606.2
NHDL,6/2/2024,500.0,510.0,490.0,506.1,1.22,52424.0,796.0,606.2
NHDL,6/3/2024,516.0,516.0,490.0,493.0,-2.59,54807.0,796.0,606.2
NHDL,6/4/2024,502.0,502.0,480.0,480.3,-2.58,29540.0,796.0,606.2
NHDL,6/5/2024,489.0,493.0,477.0,482.0,0.35,10636.0,796.0,606.2
NHDL,6/6/2024,476.1,514.1,476.1,514.1,6.66,30001.0,796.0,606.2
NHDL,6/9/2024,522.0,522.0,494.0,502.1,-2.33,36531.0,796.0,606.2
NHDL,6/10/2024,502.5,542.6,502.5,534.0,6.35,184176.0,796.0,606.2
NHDL,6/11/2024,544.6,551.8,523.2,548.8,2.77,72988.0,796.0,606.2
NHDL,6/12/2024,541.0,556.0,534.0,537.2,-2.11,37480.0,796.0,606.2
NHDL,6/13/2024,540.0,544.0,529.2,541.0,0.71,54583.0,796.0,606.2
NHDL,6/16/2024,549.9,555.0,530.0,546.9,1.09,28463.0,796.0,606.2
NHDL,6/18/2024,540.5,548.0,524.4,527.0,-3.64,32362.0,796.0,606.2
NHDL,6/19/2024,524.0,533.7,520.0,522.0,-0.95,21047.0,796.0,606.2
NHDL,6/20/2024,525.0,530.0,520.0,520.3,-0.33,40046.0,796.0,606.2
NHDL,6/23/2024,530.7,540.0,514.0,514.0,-1.21,13476.0,796.0,606.2
NHDL,6/24/2024,524.0,527.0,515.0,520.0,1.17,20101.0,796.0,606.2
NHDL,6/25/2024,530.0,539.9,525.0,533.0,2.5,26539.0,796.0,606.2
NHDL,6/26/2024,543.6,543.6,516.6,524.0,-1.69,9078.0,796.0,606.2
NHDL,6/27/2024,532.0,532.0,520.0,520.0,-0.76,7090.0,796.0,606.2
NHDL,6/30/2024,528.0,533.0,520.2,521.0,0.19,42550.0,796.0,606.2
NHDL,7/1/2024,515.2,528.0,513.4,523.0,0.38,30252.0,796.0,606.2
NHDL,7/2/2024,533.4,554.0,523.0,524.2,0.23,19149.0,796.0,606.2
NHDL,7/3/2024,514.0,534.0,514.0,520.0,-0.8,22538.0,796.0,606.2
NHDL,7/4/2024,530.0,530.0,514.0,514.0,-1.15,29081.0,796.0,606.2
NHDL,7/7/2024,524.1,531.8,512.1,513.0,-0.19,13583.0,796.0,606.2
NHDL,7/8/2024,518.0,519.0,512.0,515.0,0.39,10581.0,796.0,606.2
NHDL,7/9/2024,524.8,524.8,510.2,520.0,0.97,32919.0,796.0,606.2
NHDL,7/10/2024,512.1,527.0,512.1,521.0,0.19,10279.0,796.0,606.2
NHDL,7/11/2024,517.6,527.0,517.6,521.4,0.08,10871.0,796.0,606.2
NHDL,7/14/2024,531.0,543.0,522.0,542.9,4.12,42828.0,796.0,606.2
NHDL,7/15/2024,535.1,545.8,534.0,534.0,-1.64,80042.0,796.0,606.2
NHDL,7/16/2024,534.0,573.0,526.0,562.0,5.24,77100.0,796.0,606.2
NHDL,7/17/2024,573.0,583.0,562.1,575.0,2.31,40618.0,796.0,606.2
NHDL,7/18/2024,577.0,598.0,575.0,576.0,0.17,29639.0,796.0,606.2
NHDL,7/21/2024,576.0,578.9,567.2,568.9,-1.23,38723.0,796.0,606.2
NHDL,7/22/2024,579.0,595.0,566.0,595.0,4.59,23348.0,796.0,606.2
NHDL,7/23/2024,606.0,606.0,590.0,594.2,-0.13,42188.0,796.0,606.2
NHDL,7/24/2024,599.0,599.0,569.1,573.3,-3.52,30094.0,796.0,606.2
NHDL,7/25/2024,573.0,580.0,564.1,575.0,0.3,26048.0,796.0,606.2
NHDL,7/28/2024,586.0,586.0,558.8,572.0,-0.52,22676.0,796.0,606.2
NHDL,7/29/2024,561.2,590.0,561.2,575.0,0.52,28663.0,796.0,606.2
NHDL,7/30/2024,586.5,595.0,572.1,591.8,2.92,30853.0,796.0,606.2
NHDL,7/31/2024,602.0,640.0,601.5,640.0,8.14,88126.0,796.0,606.2
NHDL,8/1/2024,644.0,704.0,617.0,704.0,10.0,88770.0,796.0,606.2
NHDL,8/5/2024,690.0,695.0,660.0,672.0,-4.55,49557.0,796.0,606.2
NHDL,8/6/2024,672.0,685.4,618.0,620.0,-7.74,41521.0,796.0,606.2
NHDL,8/7/2024,620.0,660.9,607.6,660.9,6.6,65033.0,796.0,606.2
NHDL,8/8/2024,662.0,670.0,641.1,649.0,-1.8,26881.0,796.0,606.2
NHDL,8/11/2024,661.9,674.0,649.0,660.0,1.69,29501.0,796.0,606.2
NHDL,8/12/2024,673.2,680.0,660.1,660.3,0.05,36187.0,796.0,606.2
NHDL,8/13/2024,656.0,684.0,654.0,670.0,1.47,72065.0,796.0,606.2
NHDL,8/14/2024,657.0,703.0,657.0,699.0,4.33,99406.0,796.0,606.2
NHDL,8/15/2024,705.0,718.0,675.3,675.3,-3.39,81172.0,796.0,606.2
NHDL,8/18/2024,688.0,688.0,640.0,644.0,-4.63,54456.0,796.0,606.2
NHDL,8/21/2024,631.2,675.0,631.2,662.0,2.8,30846.0,796.0,606.2
NHDL,8/22/2024,673.0,675.0,650.0,653.9,-1.22,54800.0,796.0,606.2
NHDL,8/25/2024,648.0,648.0,621.0,637.0,-2.58,19565.0,796.0,606.2
NHDL,8/27/2024,626.0,647.3,608.0,608.9,-4.41,37647.0,796.0,606.2
NHDL,8/28/2024,618.0,637.6,597.8,609.0,0.02,13210.0,796.0,606.2
NHDL,8/29/2024,609.0,620.0,590.0,592.0,-2.79,20162.0,796.0,606.2
NHDL,9/1/2024,594.0,603.8,580.3,582.0,-1.69,11686.0,796.0,606.2
NHDL,9/2/2024,593.0,612.0,581.2,612.0,5.15,34185.0,796.0,606.2
NHDL,9/3/2024,624.0,624.0,605.0,615.0,0.49,44035.0,796.0,606.2
NHDL,9/4/2024,615.0,626.0,581.7,594.0,-3.41,16755.0,796.0,606.2
NHDL,9/5/2024,605.0,605.0,582.2,587.0,-1.18,12433.0,796.0,606.2
NHDL,9/8/2024,580.0,610.0,580.0,581.0,-1.02,4710.0,796.0,606.2
NHDL,9/9/2024,576.0,589.0,573.0,575.0,-1.03,11770.0,796.0,606.2
NHDL,9/10/2024,580.0,591.6,573.0,578.1,0.54,7391.0,796.0,606.2
NHDL,9/11/2024,570.0,574.0,568.2,570.0,-1.4,8618.0,796.0,606.2
NHDL,9/12/2024,560.0,597.0,558.6,587.1,3.0,6736.0,796.0,606.2
NHDL,9/15/2024,587.0,604.3,568.0,568.0,-3.25,18990.0,796.0,606.2
NHDL,9/16/2024,561.0,566.0,555.0,556.0,-2.11,10462.0,796.0,606.2
NHDL,9/18/2024,556.5,574.0,556.5,562.0,1.08,9979.0,796.0,606.2
NHDL,9/22/2024,569.0,571.0,560.0,571.0,1.6,8993.0,796.0,606.2
NHDL,9/23/2024,571.0,571.0,540.0,540.0,-5.43,8007.0,796.0,606.2
NHDL,9/24/2024,550.7,550.8,521.2,521.4,-3.44,5236.0,796.0,606.2
NHDL,9/25/2024,520.0,540.0,520.0,540.0,3.57,29388.0,796.0,606.2
NHDL,9/26/2024,550.0,550.8,536.1,542.2,0.41,12721.0,796.0,606.2
NHDL,9/29/2024,552.0,552.0,530.0,539.0,-0.59,3189.0,796.0,606.2
NHDL,9/30/2024,549.0,551.0,530.0,551.0,2.23,7299.0,796.0,606.2
NHDL,10/1/2024,551.0,584.0,551.0,584.0,5.99,9593.0,796.0,606.2
NHDL,10/2/2024,590.0,599.0,575.0,580.0,-0.68,19583.0,796.0,606.2
NHDL,10/6/2024,583.5,585.0,563.5,585.0,0.86,5993.0,796.0,606.2
NHDL,10/7/2024,590.0,598.2,585.0,586.6,0.27,7400.0,796.0,606.2
NHDL,10/8/2024,575.1,586.6,575.0,584.0,-0.44,311.0,796.0,606.2
NHDL,10/9/2024,584.0,590.0,578.0,586.9,0.5,7988.0,796.0,606.2
NHDL,10/15/2024,590.0,600.0,588.2,593.1,1.06,6061.0,796.0,606.2
NHDL,10/16/2024,604.9,608.0,593.1,600.0,1.16,3017.0,796.0,606.2
NHDL,10/17/2024,611.9,611.9,592.7,605.0,0.83,6976.0,796.0,606.2
NHDL,10/20/2024,604.0,604.0,578.0,578.0,-4.46,9758.0,796.0,606.2
NHDL,10/21/2024,580.0,580.0,562.0,566.1,-2.06,7343.0,796.0,606.2
NHDL,10/22/2024,566.0,588.0,565.8,570.0,0.69,7943.0,796.0,606.2
NHDL,10/23/2024,575.0,580.0,566.0,570.0,0.0,4589.0,796.0,606.2
NHDL,10/24/2024,563.0,580.0,563.0,579.0,1.58,8519.0,796.0,606.2
NHDL,10/27/2024,580.0,588.0,571.1,575.0,-0.69,7274.0,796.0,606.2
NHDL,10/28/2024,586.5,590.0,577.1,581.0,1.04,4464.0,796.0,606.2
NHDL,10/29/2024,592.0,603.8,582.3,597.0,2.75,6886.0,796.0,606.2
NHDL,10/30/2024,597.0,615.0,588.2,599.9,0.49,7809.0,796.0,606.2
NHDL,11/5/2024,594.0,604.0,592.2,604.0,0.68,1086.0,796.0,606.2
NHDL,11/6/2024,616.0,616.0,593.3,605.0,0.17,4784.0,796.0,606.2
NHDL,11/10/2024,615.0,619.8,605.0,612.0,1.16,12259.0,796.0,606.2
NHDL,11/11/2024,619.9,619.9,592.0,613.0,0.16,54279.0,796.0,606.2
NHDL,11/12/2024,605.0,635.0,605.0,618.0,0.82,26875.0,796.0,606.2
NHDL,11/13/2024,630.0,642.0,619.1,633.0,2.43,8797.0,796.0,606.2
NHDL,11/14/2024,642.0,655.0,630.0,655.0,3.48,26381.0,796.0,606.2
NHDL,11/17/2024,668.0,680.0,654.5,660.0,0.76,20144.0,796.0,606.2
NHDL,11/19/2024,646.9,660.0,640.0,650.0,-1.52,33702.0,796.0,606.2
NHDL,11/20/2024,650.0,715.0,637.3,715.0,10.0,57223.0,796.0,606.2
NHDL,11/21/2024,700.7,726.0,686.0,694.2,-2.91,48702.0,796.0,606.2
NHDL,11/24/2024,681.0,699.9,681.0,685.9,-1.2,31305.0,796.0,606.2
NHDL,11/25/2024,674.0,701.0,674.0,699.0,1.91,55949.0,796.0,606.2
NHDL,11/26/2024,705.8,750.0,701.0,743.0,6.29,87647.0,796.0,606.2
NHDL,11/27/2024,747.5,757.0,744.0,745.2,0.3,27866.0,796.0,606.2
NHDL,11/28/2024,760.0,760.0,719.0,723.0,-2.98,48365.0,796.0,606.2
NHDL,12/1/2024,709.0,723.0,701.0,707.7,-2.12,49383.0,796.0,606.2
NHDL,12/2/2024,720.0,745.0,713.1,730.0,3.15,27261.0,796.0,606.2
NHDL,12/3/2024,744.0,744.0,729.0,729.1,-0.12,19055.0,796.0,606.2
NHDL,12/4/2024,739.9,770.0,726.0,752.4,3.2,30094.0,796.0,606.2
NHDL,12/5/2024,767.4,773.0,743.0,749.0,-0.45,28044.0,796.0,606.2
NHDL,12/8/2024,763.9,763.9,734.8,740.0,-1.2,15875.0,796.0,606.2
NHDL,12/9/2024,753.0,753.0,729.0,735.0,-0.68,26020.0,796.0,606.2
NHDL,12/10/2024,746.9,749.0,730.5,737.0,0.27,13987.0,796.0,606.2
NHDL,12/11/2024,751.7,762.9,737.0,762.9,3.51,24877.0,796.0,606.2
NHDL,12/12/2024,748.1,770.5,748.1,754.8,-1.06,10126.0,796.0,606.2
NHDL,12/16/2024,757.0,757.0,729.0,736.0,-2.49,54599.0,796.0,606.2
NHDL,12/17/2024,742.0,742.0,728.0,733.0,-0.41,11047.0,796.0,606.2
NHDL,12/18/2024,725.0,746.0,725.0,725.0,-1.09,10236.0,796.0,606.2
NHDL,12/19/2024,739.5,739.5,710.6,715.0,-1.38,20405.0,796.0,606.2
NHDL,12/22/2024,729.3,742.9,701.5,742.0,3.78,40412.0,796.0,606.2
NHDL,12/23/2024,674.0,754.8,670.0,754.8,1.73,11452.0,796.0,606.2
NHDL,12/24/2024,753.0,753.0,710.7,725.0,-3.95,23542.0,796.0,606.2
NHDL,12/26/2024,739.0,739.0,703.0,727.0,0.28,10615.0,796.0,606.2
NHDL,12/29/2024,720.0,720.0,702.4,710.0,-2.34,3684.0,796.0,606.2
NHDL,12/31/2024,695.8,709.6,695.0,709.0,-0.14,8667.0,796.0,606.2
NHDL,1/1/2025,714.9,714.9,695.1,700.0,-1.27,5514.0,796.0,606.2
NHDL,1/2/2025,710.0,710.0,691.6,705.0,0.71,5180.0,796.0,606.2
NHDL,1/5/2025,708.0,735.0,708.0,735.0,4.26,18662.0,796.0,606.2
NHDL,1/6/2025,722.2,793.0,722.2,780.0,6.12,139071.0,796.0,606.2
NHDL,1/7/2025,764.4,828.0,764.4,820.1,5.14,76070.0,796.0,606.2
NHDL,1/8/2025,836.5,849.9,805.0,840.1,2.44,30422.0,796.0,606.2
NHDL,1/9/2025,824.0,854.0,811.0,849.0,1.06,27662.0,796.0,606.2
NHDL,1/12/2025,833.1,857.9,832.1,845.1,-0.46,29606.0,796.0,606.2
NHDL,1/13/2025,840.0,858.0,837.0,851.0,0.7,37689.0,796.0,606.2
NHDL,1/15/2025,867.9,906.0,866.0,903.9,6.22,59070.0,796.0,606.2
NHDL,1/16/2025,921.0,921.0,890.0,907.6,0.41,31691.0,796.0,606.2
NHDL,1/19/2025,891.0,922.0,878.2,889.9,-1.95,47077.0,796.0,606.2
NHDL,1/20/2025,895.0,920.0,886.0,898.0,0.91,33469.0,796.0,606.2
NHDL,1/21/2025,887.0,914.0,883.0,891.0,-0.78,20384.0,796.0,606.2
NHDL,1/22/2025,900.0,925.3,885.0,925.3,3.85,57001.0,796.0,606.2
NHDL,1/23/2025,935.0,940.0,885.0,930.0,0.51,28365.0,796.0,606.2
NHDL,1/26/2025,915.0,920.0,850.0,850.0,-8.6,52159.0,796.0,606.2
NHDL,1/27/2025,860.0,877.0,804.1,804.1,-5.4,59705.0,796.0,606.2
NHDL,1/28/2025,820.0,829.8,783.1,790.0,-1.75,84362.0,796.0,606.2
NHDL,2/2/2025,799.9,850.0,790.0,840.0,6.33,57489.0,796.0,606.2
NHDL,2/3/2025,830.0,840.0,824.0,830.0,-1.19,45658.0,796.0,606.2
NHDL,2/4/2025,820.0,840.1,820.0,833.0,0.36,28875.0,796.0,606.2
NHDL,2/5/2025,833.0,835.0,822.5,827.2,-0.7,31627.0,796.0,606.2
NHDL,2/6/2025,812.1,843.7,812.1,822.0,-0.63,40437.0,796.0,606.2
NHDL,2/9/2025,835.0,835.0,816.0,827.0,0.61,46571.0,796.0,606.2
NHDL,2/10/2025,813.2,845.0,813.2,836.0,1.09,18502.0,796.0,606.2
NHDL,2/11/2025,844.0,892.0,840.0,892.0,6.7,52245.0,796.0,606.2
NHDL,2/12/2025,900.0,914.9,883.0,896.0,0.45,37402.0,796.0,606.2
NHDL,2/13/2025,913.9,918.0,890.0,899.0,0.33,39415.0,796.0,606.2
NHDL,2/16/2025,914.9,915.0,899.0,915.0,1.78,41000.0,796.0,606.2
NHDL,2/17/2025,897.0,928.0,891.0,892.0,-2.51,19678.0,796.0,606.2
NHDL,2/18/2025,909.8,909.8,880.0,899.9,0.89,13271.0,796.0,606.2
NHDL,2/20/2025,882.0,925.1,870.0,925.1,2.8,24834.0,796.0,606.2
NHDL,2/23/2025,910.0,910.0,870.8,895.0,-3.25,31218.0,796.0,606.2
NHDL,2/24/2025,895.0,958.8,895.0,929.6,3.87,200188.0,796.0,606.2
NHDL,2/25/2025,931.0,959.0,930.0,952.0,2.41,29164.0,796.0,606.2
NHDL,2/27/2025,969.0,997.6,945.0,997.6,4.79,49302.0,796.0,606.2
NHDL,3/2/2025,977.7,989.0,960.7,964.0,-3.37,97602.0,796.0,606.2
NHDL,3/3/2025,983.0,1002.6,965.1,974.0,1.04,58821.0,796.0,606.2
NHDL,3/4/2025,954.6,989.4,940.8,953.0,-2.16,96941.0,796.0,606.2
NHDL,3/5/2025,972.0,972.0,920.0,920.0,-3.46,34855.0,796.0,606.2
NHDL,3/6/2025,916.1,930.0,903.0,904.0,-1.74,25309.0,796.0,606.2
NHDL,3/9/2025,922.0,939.0,880.1,889.0,-1.66,30042.0,796.0,606.2
NHDL,3/10/2025,880.0,900.0,870.0,871.1,-2.01,10601.0,796.0,606.2
NHDL,3/11/2025,886.0,886.0,846.7,860.0,-1.27,11994.0,796.0,606.2
NHDL,3/12/2025,877.1,940.0,850.0,884.0,2.79,31041.0,796.0,606.2
NHDL,3/16/2025,901.0,919.0,860.1,873.0,-1.24,16085.0,796.0,606.2
NHDL,3/17/2025,856.0,890.0,833.0,849.0,-2.75,13725.0,796.0,606.2
NHDL,3/18/2025,848.0,880.0,828.2,850.0,0.12,14988.0,796.0,606.2
NHDL,3/19/2025,840.0,865.0,836.4,839.0,-1.29,5430.0,796.0,606.2
NHDL,3/20/2025,826.9,850.0,826.6,831.56,-0.89,9792.0,796.0,606.2
NHDL,3/23/2025,848.1,882.3,815.5,818.0,-1.63,6566.0,796.0,606.2
NHDL,3/24/2025,834.3,834.3,795.0,823.9,0.72,4323.0,796.0,606.2
NHDL,3/25/2025,807.5,840.0,780.1,789.49,-4.18,4984.0,796.0,606.2
NHDL,3/26/2025,805.2,805.2,766.1,784.91,-0.58,8713.0,796.0,606.2
NHDL,3/27/2025,790.0,814.0,785.0,811.96,3.45,12990.0,796.0,606.2
NHDL,3/30/2025,828.0,829.0,805.0,815.0,0.37,3203.0,796.0,606.2
NHDL,4/1/2025,829.9,829.9,795.0,806.38,-1.06,4065.0,796.0,606.2
NHDL,4/2/2025,821.3,824.9,798.0,802.93,-0.43,17899.0,796.0,606.2
NHDL,4/3/2025,803.0,816.0,796.0,802.0,-0.12,2446.0,796.0,606.2
NHDL,4/7/2025,802.0,810.0,791.2,791.33,-1.33,3681.0,796.0,606.2
NHDL,4/8/2025,776.0,799.3,775.6,795.32,0.5,7085.0,796.0,606.2
NHDL,4/9/2025,805.0,827.3,782.1,791.14,-0.53,7104.0,796.0,606.2
NHDL,4/10/2025,800.0,800.0,777.3,779.37,-1.49,1905.0,796.0,606.2
NHDL,4/13/2025,794.9,794.9,765.4,778.52,-0.11,1999.0,796.0,606.2
NHDL,4/15/2025,763.0,804.0,763.0,794.51,2.05,4661.0,796.0,606.2
NHDL,4/16/2025,800.0,810.0,785.0,800.11,0.7,7351.0,796.0,606.2
NHDL,4/17/2025,814.9,824.0,800.0,815.05,1.87,4351.0,796.0,606.2
NHDL,4/20/2025,806.0,831.0,803.0,803.0,-1.48,4750.0,796.0,606.2
NHDL,4/21/2025,802.0,881.0,793.9,875.86,9.07,40488.0,796.0,606.2
NHDL,4/22/2025,876.0,876.0,795.3,845.45,-3.47,75170.0,796.0,606.2
NHDL,4/23/2025,829.0,862.0,786.0,848.28,0.33,37331.0,796.0,606.2
NHDL,4/24/2025,831.4,832.0,780.0,787.92,-7.12,16093.0,796.0,606.2
NHDL,4/27/2025,800.0,832.0,755.0,762.23,-3.26,16761.0,796.0,606.2
NHDL,4/28/2025,777.4,780.0,749.0,749.52,-1.67,5686.0,796.0,606.2
NHDL,4/29/2025,764.0,764.0,728.6,730.68,-2.51,8151.0,796.0,606.2
NHDL,4/30/2025,716.1,759.9,716.1,743.19,1.71,5382.0,796.0,606.2
NHDL,5/4/2025,757.0,800.0,737.0,737.64,-0.75,9261.0,796.0,606.2
NHDL,5/5/2025,752.0,779.0,722.8,724.0,-1.85,6056.0,796.0,606.2
NHDL,5/6/2025,738.0,738.0,717.1,732.17,1.13,7195.0,796.0,606.2
NHDL,5/7/2025,717.7,745.6,717.7,735.86,0.5,9982.0,796.0,606.2
NHDL,5/8/2025,735.1,748.0,722.4,733.24,-0.36,12167.0,796.0,606.2
NHDL,5/11/2025,735.0,746.0,705.9,710.81,-3.06,13794.0,796.0,606.2
NHDL,5/13/2025,724.0,729.9,696.1,699.05,-1.65,12456.0,796.0,606.2
NHDL,5/14/2025,712.5,713.0,676.2,677.17,-3.13,10689.0,796.0,606.2
NHDL,5/15/2025,680.0,691.0,669.0,672.28,-0.72,4945.0,796.0,606.2
NHDL,5/18/2025,667.1,685.7,667.0,670.77,-0.22,5966.0,796.0,606.2
NHDL,5/19/2025,679.9,699.0,672.2,695.32,3.66,5149.0,796.0,606.2
NHDL,5/20/2025,685.0,737.4,682.0,705.67,1.49,9777.0,796.0,606.2
NHDL,5/21/2025,719.7,762.0,705.0,708.07,0.34,8657.0,796.0,606.2
NHDL,5/22/2025,700.0,715.0,695.9,696.51,-1.63,6217.0,796.0,606.2
NHDL,5/25/2025,690.0,710.0,690.0,692.9,-0.52,1216.0,796.0,606.2
NHDL,5/26/2025,706.0,719.8,681.5,689.23,-0.53,11254.0,796.0,606.2
NHDL,5/27/2025,699.9,700.0,685.0,698.0,1.27,2334.0,796.0,606.2
NHDL,5/28/2025,684.1,709.0,684.1,688.7,-1.33,5849.0,796.0,606.2
NHDL,6/2/2025,700.0,727.9,690.0,691.66,0.43,3423.0,796.0,606.2
NHDL,6/3/2025,695.0,695.0,685.2,686.69,-0.72,5195.0,796.0,606.2
NHDL,6/4/2025,696.0,696.0,673.0,679.9,-0.99,7364.0,796.0,606.2
NHDL,6/5/2025,693.0,705.0,680.0,691.5,1.71,10460.0,796.0,606.2
NHDL,6/8/2025,704.0,704.0,685.0,691.39,-0.02,914.0,796.0,606.2
NHDL,6/9/2025,705.0,747.0,678.3,731.59,5.81,14930.0,796.0,606.2
NHDL,6/10/2025,746.1,746.1,717.5,738.01,0.88,13997.0,796.0,606.2
NHDL,6/11/2025,725.1,744.0,718.0,730.79,-0.98,2557.0,796.0,606.2
NHDL,6/12/2025,729.0,743.0,716.5,733.66,0.39,11059.0,796.0,606.2
NHDL,6/15/2025,748.3,748.3,697.0,701.14,-4.43,27317.0,796.0,606.2
NHDL,6/16/2025,715.1,729.0,650.8,687.67,-1.92,41635.0,796.0,606.2
NHDL,6/17/2025,701.4,720.0,672.0,689.45,0.26,6883.0,796.0,606.2
NHDL,6/18/2025,703.2,703.2,674.1,675.62,-2.01,7337.0,796.0,606.2
NHDL,6/19/2025,688.0,688.9,670.3,675.03,-0.09,9129.0,796.0,606.2
NHDL,6/22/2025,688.5,688.5,660.0,661.23,-2.04,9266.0,796.0,606.2
NHDL,6/23/2025,649.0,674.0,640.0,663.84,0.39,10764.0,796.0,606.2
NHDL,6/24/2025,651.1,690.0,651.1,657.09,-1.02,8354.0,796.0,606.2
NHDL,6/25/2025,668.9,669.0,656.0,656.63,-0.07,3445.0,796.0,606.2
NHDL,6/26/2025,669.0,695.0,661.0,678.03,3.26,9692.0,796.0,606.2
NHDL,6/29/2025,678.03,697.0,665.0,683.95,0.87,1925.0,796.0,606.2
NHDL,6/30/2025,690.0,690.0,676.0,679.83,-0.6,7009.0,796.0,606.2
NHDL,7/1/2025,679.83,685.5,668.0,678.47,-0.2,3120.0,796.0,606.2
NHDL,7/2/2025,691.8,691.8,672.0,674.42,-0.6,6496.0,796.0,606.2
NHDL,7/3/2025,687.5,687.8,671.4,673.63,-0.12,2618.0,796.0,606.2
NHDL,7/6/2025,670.0,683.3,670.0,671.12,-0.37,3817.0,796.0,606.2
NHDL,7/7/2025,671.1,684.4,657.0,657.34,-2.05,9493.0,796.0,606.2
NHDL,7/8/2025,657.1,669.8,653.0,659.0,0.25,13924.0,796.0,606.2
NHDL,7/9/2025,672.0,684.0,660.4,661.01,0.31,6230.0,796.0,606.2
NHDL,7/10/2025,674.2,693.6,672.3,678.48,2.64,10179.0,796.0,606.2
NHDL,7/13/2025,692.0,695.0,678.6,682.03,0.52,10558.0,796.0,606.2
NHDL,7/14/2025,680.1,685.0,675.6,676.15,-0.86,4177.0,796.0,606.2
NHDL,7/15/2025,674.1,683.0,674.1,682.3,0.91,4519.0,796.0,606.2
NHDL,7/16/2025,689.0,689.0,673.0,676.78,-0.81,9515.0,796.0,606.2
NHDL,7/17/2025,685.0,719.9,685.0,714.52,5.58,14834.0,796.0,606.2
NHDL,7/20/2025,725.0,742.5,710.5,716.61,0.29,25840.0,796.0,606.2
NHDL,7/21/2025,718.0,721.1,708.7,717.33,0.1,6920.0,796.0,606.2
NHDL,7/22/2025,731.6,759.0,725.0,740.82,3.27,17164.0,796.0,606.2
NHDL,7/23/2025,740.3,767.0,724.0,737.2,-0.49,20209.0,796.0,606.2
NHDL,7/24/2025,750.0,751.0,725.0,730.21,-0.95,12055.0,796.0,606.2
NHDL,7/27/2025,744.8,774.0,742.0,764.1,4.64,41708.0,796.0,606.2
NHDL,7/28/2025,751.1,770.0,730.0,739.67,-3.2,34641.0,796.0,606.2
NHDL,7/29/2025,754.4,769.0,745.0,750.78,1.5,22480.0,796.0,606.2
NHDL,7/30/2025,765.0,765.0,741.0,742.45,-1.11,19101.0,796.0,606.2
NHDL,7/31/2025,735.0,749.0,727.0,729.92,-1.69,13844.0,796.0,606.2
NHDL,8/3/2025,731.0,734.0,707.6,718.71,-1.54,10931.0,796.0,606.2
NHDL,8/4/2025,726.0,740.5,711.0,718.4,-0.04,8649.0,796.0,606.2
NHDL,8/5/2025,712.0,734.4,712.0,718.36,-0.01,5855.0,796.0,606.2
NHDL,8/6/2025,710.0,725.0,710.0,716.5,-0.26,3527.0,796.0,606.2
NHDL,8/7/2025,716.5,729.0,711.1,715.44,-0.15,8643.0,796.0,606.2
NHDL,8/11/2025,725.0,725.0,712.2,714.98,-0.06,6516.0,796.0,606.2
NHDL,8/12/2025,710.0,712.5,704.2,705.59,-1.31,8082.0,796.0,606.2
NHDL,8/13/2025,705.0,706.0,702.2,703.95,-0.23,3861.0,796.0,606.2
NHDL,8/14/2025,703.95,709.9,703.1,705.76,0.26,7233.0,796.0,606.2
NHDL,8/17/2025,707.0,725.0,707.0,714.32,1.21,5190.0,796.0,606.2
NHDL,8/18/2025,714.0,749.7,710.0,733.08,2.63,28667.0,796.0,606.2
NHDL,8/19/2025,746.0,761.0,725.0,733.05,-0.0,13388.0,796.0,606.2
NHDL,8/20/2025,725.0,741.0,719.1,733.31,0.04,54972.0,796.0,606.2
NHDL,8/21/2025,744.0,744.9,720.0,727.62,-0.78,19798.0,796.0,606.2
NHDL,8/24/2025,727.62,734.0,686.0,718.0,-1.32,7250.0,796.0,606.2
NHDL,8/25/2025,710.0,717.0,701.1,707.99,-1.39,6110.0,796.0,606.2
NHDL,8/26/2025,693.9,714.0,693.9,710.6,0.37,4707.0,796.0,606.2
NHDL,8/27/2025,711.0,720.0,711.0,716.64,0.85,13715.0,796.0,606.2
NHDL,8/28/2025,729.0,729.0,705.0,714.29,-0.33,11590.0,796.0,606.2
NHDL,8/31/2025,701.0,710.0,701.0,707.0,-1.02,7769.0,796.0,606.2
NHDL,9/1/2025,714.0,714.0,700.0,702.39,-0.65,6239.0,796.0,606.2
NHDL,9/2/2025,700.0,705.0,697.4,699.48,-0.41,7240.0,796.0,606.2
NHDL,9/3/2025,709.9,709.9,690.2,693.9,-0.8,41745.0,796.0,606.2
NHDL,9/4/2025,682.0,690.0,682.0,685.17,-1.26,7379.0,796.0,606.2
NHDL,9/7/2025,680.0,689.0,677.6,680.17,-0.73,3144.0,796.0,606.2
NHDL,9/8/2025,680.0,680.0,664.2,665.57,-2.15,7889.0,796.0,606.2
NHDL,9/18/2025,653.0,653.0,653.0,653.0,-1.89,200.0,796.0,606.2
NHDL,9/21/2025,640.0,681.0,640.0,670.76,2.72,8196.0,796.0,606.2
NHDL,9/23/2025,680.0,711.9,670.0,711.9,6.13,6390.0,796.0,606.2
NHDL,9/24/2025,712.0,713.9,692.0,692.6,-2.71,6032.0,796.0,606.2
NHDL,9/25/2025,696.0,708.8,694.0,694.0,0.2,9074.0,796.0,606.2
NHDL,9/28/2025,700.0,710.0,695.0,695.1,0.16,1546.0,796.0,606.2
NHDL,10/7/2025,681.3,705.0,681.0,681.0,-2.03,4266.0,796.0,606.2
NHDL,10/8/2025,671.0,676.0,660.1,676.0,-0.73,3534.0,796.0,606.2
NHDL,10/9/2025,689.5,703.0,666.5,692.0,2.37,3859.0,796.0,606.2
NHDL,10/12/2025,678.2,678.2,633.0,651.0,-5.92,5992.0,796.0,606.2
NHDL,10/13/2025,642.0,671.9,642.0,663.0,1.84,3180.0,796.0,606.2
NHDL,10/14/2025,676.0,676.0,645.0,645.1,-2.7,3333.0,796.0,606.2
NHDL,10/15/2025,657.9,657.9,635.2,640.0,-0.79,4409.0,796.0,606.2
NHDL,10/16/2025,652.8,652.8,636.3,636.3,-0.58,2147.0,796.0,606.2
NHDL,10/19/2025,630.0,652.8,630.0,636.5,0.03,3035.0,796.0,606.2
NHDL,10/26/2025,637.0,660.0,637.0,660.0,3.69,235.0,796.0,606.2
NHDL,10/28/2025,672.8,684.0,659.4,678.1,2.74,5143.0,796.0,606.2
NHDL,10/29/2025,691.0,718.0,675.0,680.0,0.28,9060.0,796.0,606.2
NHDL,10/30/2025,689.9,700.0,670.0,685.0,0.74,5556.0,796.0,606.2
NHDL,11/2/2025,698.7,712.0,685.1,705.0,2.92,3445.0,796.0,606.2
NHDL,11/3/2025,700.0,710.0,679.0,700.0,-0.71,8981.0,796.0,606.2
NHDL,11/4/2025,690.0,691.0,687.1,687.1,-1.84,4307.0,796.0,606.2
NHDL,11/5/2025,680.0,692.0,677.3,677.3,-1.43,3446.0,796.0,606.2
NHDL,11/6/2025,663.9,687.0,663.9,687.0,1.43,3259.0,796.0,606.2
NHDL,11/9/2025,687.0,689.6,676.1,677.0,-1.46,2524.0,796.0,606.2
NHDL,11/10/2025,666.0,690.0,665.0,674.0,-0.44,1272.0,796.0,606.2
NHDL,11/11/2025,674.0,686.0,673.0,678.0,0.59,1898.0,796.0,606.2
NHDL,11/12/2025,685.0,685.0,668.0,668.0,-1.47,2083.0,796.0,606.2
NHDL,11/13/2025,679.0,679.0,655.5,660.0,-1.2,4694.0,796.0,606.2
NHDL,11/16/2025,673.0,675.0,661.0,675.0,2.27,3660.0,796.0,606.2
NHDL,11/17/2025,674.8,685.0,674.8,675.0,0.0,1245.0,796.0,606.2
NHDL,11/18/2025,677.0,700.0,676.6,697.0,3.26,4690.0,796.0,606.2
NHDL,11/19/2025,697.0,709.9,683.3,684.1,-1.85,12560.0,796.0,606.2
NHDL,11/20/2025,695.0,695.0,684.0,686.1,0.29,610.0,796.0,606.2
NHDL,11/23/2025,697.0,700.0,690.0,695.1,1.31,4111.0,796.0,606.2
NHDL,11/24/2025,695.0,698.0,687.0,698.0,0.42,5724.0,796.0,606.2
NHDL,11/25/2025,695.0,697.0,675.1,690.0,-1.15,3214.0,796.0,606.2
NHDL,11/26/2025,689.5,705.0,689.5,700.0,1.45,4793.0,796.0,606.2
NHDL,11/27/2025,686.0,715.0,686.0,715.0,2.14,9675.0,796.0,606.2
NHDL,11/30/2025,701.0,718.0,700.7,710.0,-0.7,3086.0,796.0,606.2
NHDL,12/1/2025,709.8,709.9,695.0,696.1,-1.96,1211.0,796.0,606.2
NHDL,12/2/2025,696.1,705.0,688.3,696.0,-0.01,1328.0,796.0,606.2
NHDL,12/3/2025,695.5,702.0,695.0,698.4,0.34,4154.0,796.0,606.2
NHDL,12/7/2025,700.0,712.0,690.0,690.3,-1.16,2669.0,796.0,606.2
NHDL,12/8/2025,690.3,696.7,683.1,687.0,-0.48,2884.0,796.0,606.2
NHDL,12/9/2025,690.1,700.7,690.1,691.0,0.58,2403.0,796.0,606.2
NHDL,12/10/2025,691.0,700.0,691.0,699.0,1.16,1071.0,796.0,606.2
NHDL,12/11/2025,686.0,699.0,686.0,691.0,-1.14,7477.0,796.0,606.2
NHDL,12/14/2025,686.5,700.7,686.5,691.0,0.0,15262.0,796.0,606.2
NHDL,12/15/2025,680.0,706.8,680.0,704.9,2.01,9834.0,796.0,606.2
NHDL,12/16/2025,704.9,734.9,704.9,720.0,2.14,17582.0,796.0,606.2
NHDL,12/17/2025,705.6,732.0,705.6,729.8,1.36,22975.0,796.0,606.2
NHDL,12/18/2025,715.3,749.0,715.3,743.5,1.88,26157.0,796.0,606.2
NHDL,12/21/2025,730.0,773.0,727.0,729.9,-1.83,35697.0,796.0,606.2
NHDL,12/22/2025,683.0,688.0,662.0,674.0,-7.66,11833.0,796.0,606.2
NHDL,12/23/2025,660.6,684.0,623.0,670.0,-0.59,6145.0,796.0,606.2
NHDL,12/24/2025,669.5,708.0,662.4,680.0,1.49,9153.0,796.0,606.2
NHDL,12/28/2025,690.0,730.0,671.5,697.0,2.5,12391.0,796.0,606.2
NHDL,12/29/2025,695.0,739.8,695.0,731.9,5.01,98469.0,796.0,606.2
NHDL,12/31/2025,717.3,796.0,681.1,738.0,0.83,166252.0,796.0,606.2
NHDL,1/1/2026,723.7,780.0,710.0,742.0,0.54,31787.0,796.0,606.2
NHDL,1/4/2026,727.2,727.2,695.0,710.0,-4.31,44051.0,796.0,606.2
NHDL,1/5/2026,695.8,766.0,695.8,705.0,-0.7,65309.0,796.0,606.2
NHDL,1/6/2026,692.0,733.0,692.0,700.0,-0.71,38196.0,796.0,606.2
NHDL,1/7/2026,710.0,712.0,668.0,682.0,-2.57,90636.0,796.0,606.2
NHDL,1/8/2026,694.0,694.0,666.0,666.0,-2.35,21018.0,796.0,606.2
NHDL,1/12/2026,676.0,679.0,658.0,663.0,-0.45,29098.0,796.0,606.2
NHDL,1/13/2026,661.0,663.0,650.2,662.9,-0.02,16607.0,796.0,606.2
NHDL,1/14/2026,673.0,673.9,660.0,660.0,-0.44,23012.0,796.0,606.2
NHDL,1/18/2026,660.2,672.0,658.6,664.0,0.61,15192.0,796.0,606.2
NHDL,1/20/2026,675.0,688.0,667.2,685.0,3.16,16236.0,796.0,606.2
NHDL,1/21/2026,698.0,700.0,685.0,689.0,0.58,33402.0,796.0,606.2
NHDL,1/22/2026,681.0,695.0,678.1,695.0,0.87,9663.0,796.0,606.2
NHDL,1/25/2026,694.0,704.9,687.0,693.0,-0.29,19932.0,796.0,606.2
NHDL,1/26/2026,698.0,705.9,678.0,678.0,-2.16,20807.0,796.0,606.2
NHDL,1/27/2026,681.0,689.0,665.0,666.0,-1.77,22556.0,796.0,606.2
NHDL,1/28/2026,679.3,679.3,668.0,671.2,0.78,11623.0,796.0,606.2
NHDL,1/29/2026,671.2,689.0,670.0,671.1,-0.01,21273.0,796.0,606.2
NHDL,2/1/2026,661.0,679.0,661.0,669.0,-0.31,8566.0,796.0,606.2
NHDL,2/2/2026,682.0,682.0,655.0,662.0,-1.05,17849.0,796.0,606.2
NHDL,2/3/2026,662.2,669.0,660.0,660.1,-0.29,5215.0,796.0,606.2
NHDL,2/4/2026,673.0,673.0,650.1,660.0,-0.02,9369.0,796.0,606.2
NHDL,2/5/2026,660.2,671.0,651.0,671.0,1.67,12397.0,796.0,606.2
NHDL,2/8/2026,664.0,683.6,657.6,669.0,-0.3,24215.0,796.0,606.2
NHDL,2/9/2026,664.0,664.0,659.0,659.0,-1.49,8752.0,796.0,606.2
NHDL,2/10/2026,656.0,668.9,648.0,655.0,-0.61,26743.0,796.0,606.2
NHDL,2/11/2026,665.0,665.0,645.3,645.3,-1.48,13090.0,796.0,606.2
NHDL,2/12/2026,645.0,655.0,639.0,650.0,0.73,23323.0,796.0,606.2
NHDL,2/16/2026,650.0,655.0,647.0,654.0,0.62,7278.0,796.0,606.2
NHDL,2/17/2026,645.1,649.0,641.0,647.0,-1.07,15524.0,796.0,606.2
NHDL,2/22/2026,636.0,644.0,635.0,635.0,-1.85,8882.0,796.0,606.2
NHDL,2/23/2026,633.0,639.0,630.2,632.0,-0.47,3473.0,796.0,606.2
NHDL,2/24/2026,635.2,638.0,633.0,637.0,0.79,3593.0,796.0,606.2
NHDL,2/25/2026,636.4,647.0,636.1,646.0,1.41,5661.0,796.0,606.2
NHDL,2/26/2026,645.0,650.0,638.0,643.1,-0.45,2057.0,796.0,606.2
NHDL,2/27/2026,645.0,650.0,638.0,643.1,0.0,2057.0,796.0,606.2
NHDL,2/28/2026,645.0,650.0,638.0,643.1,0.0,2057.0,796.0,606.2
NHDL,3/2/2026,633.1,652.0,633.1,643.0,-0.02,3698.0,796.0,606.2
NHDL,3/3/2026,654.9,667.0,640.0,656.9,2.16,11216.0,796.0,606.2
NHDL,3/4/2026,654.9,667.0,640.0,656.9,0.0,11216.0,796.0,606.2
NHDL,3/5/2026,654.9,667.0,640.0,656.9,0.0,11216.0,796.0,606.2
NHDL,3/6/2026,654.9,667.0,640.0,656.9,0.0,11216.0,796.0,606.2
NHDL,3/7/2026,654.9,667.0,640.0,656.9,0.0,11216.0,796.0,606.2
NHDL,3/8/2026,654.9,667.0,640.0,656.9,0.0,11216.0,796.0,606.2
NHDL,3/9/2026,670.0,670.0,670.0,670.0,1.99,110.0,796.0,606.2
NHDL,3/10/2026,683.3,696.9,675.0,690.0,2.99,44376.0,796.0,606.2
NHDL,3/11/2026,677.2,690.0,670.2,689.9,-0.01,25893.0,796.0,606.2
NHDL,3/12/2026,689.9,694.0,683.0,694.0,0.59,14629.0,796.0,606.2
NHDL,3/13/2026,689.9,694.0,683.0,694.0,0.0,14629.0,796.0,606.2
NHDL,3/14/2026,689.9,694.0,683.0,694.0,0.0,14629.0,796.0,606.2
NHDL,3/15/2026,690.0,692.0,678.1,681.0,-1.87,10581.0,796.0,606.2
NHDL,3/16/2026,681.0,681.9,660.0,678.0,-0.44,6968.0,796.0,606.2
NHDL,3/17/2026,670.0,677.6,665.1,671.0,-1.03,4323.0,796.0,606.2
NHDL,3/18/2026,670.0,677.6,665.1,671.0,0.0,4323.0,796.0,606.2
NHDL,3/19/2026,684.0,684.0,671.1,677.5,0.97,16961.0,796.0,606.2
NHDL,3/20/2026,684.0,684.0,671.1,677.5,0.0,16961.0,796.0,606.2
NHDL,3/21/2026,684.0,684.0,671.1,677.5,0.0,16961.0,796.0,606.2
NHDL,3/22/2026,689.0,690.0,677.0,680.0,0.37,9662.0,796.0,606.2
NHDL,3/23/2026,680.0,680.0,669.0,680.0,0.0,9683.0,796.0,606.2
NHDL,3/24/2026,690.0,690.4,668.0,680.0,0.0,4934.0,796.0,606.2
NHDL,3/25/2026,688.0,688.0,671.0,680.0,0.0,9371.0,796.0,606.2
NHDL,3/26/2026,672.0,684.0,670.0,676.0,0.6,5640.0,796.0,606.2
NHDL,3/29/2026,682.0,682.0,660.0,663.5,-2.71,8123.0,796.0,606.2
NHDL,3/30/2026,660.0,669.0,651.0,651.0,-1.36,6837.0,796.0,606.2
NHDL,3/31/2026,651.0,660.0,643.0,658.0,1.08,6440.0,796.0,606.2
NHDL,4/1/2026,658.0,658.0,644.9,647.0,-1.67,4302.0,796.0,606.2
NHDL,4/2/2026,657.0,658.0,638.0,640.0,-2.59,11473.0,796.0,606.2
NHDL,4/5/2026,633.0,644.5,620.0,620.0,-2.05,9076.0,796.0,606.2
NHDL,4/6/2026,632.4,638.9,622.0,634.3,0.3,13268.0,796.0,606.2
NHDL,4/7/2026,639.5,639.5,625.0,627.0,-1.95,3308.0,796.0,606.2
NHDL,4/8/2026,627.0,643.0,627.0,635.0,1.28,4285.0,796.0,606.2
NHDL,4/9/2026,636.0,646.0,631.0,645.0,1.42,14013.0,796.0,606.2
NHDL,4/10/2026,657.8,657.8,635.0,640.0,-2.71,11020.0,796.0,606.2
NHDL,4/13/2026,641.0,655.0,641.0,655.0,2.18,11203.0,796.0,606.2
NHDL,4/15/2026,664.9,670.0,655.4,664.0,-0.14,12530.0,796.0,606.2
NHDL,4/16/2026,664.0,677.2,656.1,663.0,-0.15,10861.0,796.0,606.2
NHDL,4/17/2026,656.1,660.0,655.2,656.0,-0.02,5881.0,796.0,606.2
NHDL,4/20/2026,665.0,665.0,648.0,648.0,-2.56,2923.0,796.0,606.2
NHDL,4/21/2026,629.0,655.0,629.0,650.0,3.34,2693.0,796.0,606.2
NHDL,4/22/2026,650.0,650.0,628.0,641.5,-1.31,5413.0,796.0,606.2
NHDL,4/23/2026,655.0,655.0,629.0,636.0,-2.9,2317.0,796.0,606.2
NHDL,4/24/2026,636.0,649.0,630.0,645.0,1.42,2900.0,796.0,606.2
NHDL,4/27/2026,645.0,650.0,634.0,636.2,-1.36,2319.0,796.0,606.2
NHDL,4/28/2026,636.2,640.0,626.0,626.0,-1.6,3814.0,796.0,606.2
NHDL,4/29/2026,626.0,629.8,618.0,629.8,0.61,5450.0,796.0,606.2
NHDL,4/30/2026,619.0,635.0,619.0,627.0,1.29,972.0,796.0,606.2
NHDL,5/4/2026,642.0,642.0,615.2,615.2,-4.17,3811.0,796.0,606.2
NHDL,5/5/2026,616.0,624.0,615.0,624.0,1.3,4035.0,796.0,606.2
NHDL,5/6/2026,624.0,624.0,616.1,624.0,0.0,598.0,796.0,606.2
NHDL,5/7/2026,642.5,642.5,623.5,634.0,-1.32,767.0,796.0,606.2
NHDL,5/8/2026,647.0,647.0,627.0,636.0,-1.7,2274.0,796.0,606.2
NHDL,5/11/2026,655.0,655.0,635.4,636.9,-2.76,2539.0,796.0,606.2
NHDL,5/12/2026,635.0,645.0,630.0,645.0,1.57,8049.0,796.0,606.2
NHDL,5/13/2026,644.0,683.9,634.0,649.4,0.84,7757.0,796.0,606.2
NHDL,5/14/2026,650.0,650.0,630.0,639.0,-1.69,663.0,796.0,606.2
NHDL,5/15/2026,639.0,639.0,630.0,630.0,-1.41,3544.0,796.0,606.2
NHDL,5/18/2026,634.0,635.0,626.0,633.8,-0.03,3409.0,796.0,606.2
NHDL,5/19/2026,625.0,635.0,621.2,634.9,1.58,520.0,796.0,606.2
NHDL,5/20/2026,635.0,639.5,631.0,639.4,0.69,5247.0,796.0,606.2
NHDL,5/21/2026,639.0,639.0,620.3,638.9,-0.02,2190.0,796.0,606.2
NHDL,5/22/2026,626.0,638.0,620.1,636.9,1.74,3887.0,796.0,606.2
NHDL,5/25/2026,636.9,646.0,636.9,641.1,0.66,204.0,796.0,606.2
NHDL,5/26/2026,660.0,660.0,630.0,633.0,-4.09,4275.0,796.0,606.2
NHDL,5/27/2026,651.7,651.7,635.0,642.2,-1.46,1195.0,796.0,606.2
NHDL,6/1/2026,661.0,680.0,630.0,637.0,-3.63,8782.0,796.0,606.2
NHDL,6/2/2026,630.2,640.0,630.1,635.1,0.78,441.0,796.0,606.2
NHDL,6/3/2026,635.0,649.9,635.0,641.3,0.99,4647.0,796.0,606.2
NHDL,6/4/2026,650.0,679.0,635.6,636.0,-2.15,9286.0,796.0,606.2
NHDL,6/5/2026,636.3,639.0,633.7,637.9,0.25,753.0,796.0,606.2
NHDL,6/8/2026,630.0,649.9,630.0,637.0,1.11,8945.0,796.0,606.2
NHDL,6/9/2026,635.0,640.0,625.0,629.0,-0.94,2786.0,796.0,606.2
NHDL,6/10/2026,629.0,647.0,629.0,633.2,0.67,2687.0,796.0,606.2
NHDL,6/11/2026,637.5,639.0,632.1,638.0,0.08,1777.0,796.0,606.2
NHDL,6/12/2026,624.0,639.0,624.0,633.0,1.44,3576.0,796.0,606.2
NHDL,6/15/2026,633.0,637.5,630.0,630.0,-0.47,2023.0,796.0,606.2
NHDL,6/16/2026,648.0,648.0,628.2,634.9,-2.02,2856.0,796.0,606.2
NHDL,6/17/2026,628.0,636.0,628.0,632.0,0.64,2999.0,796.0,606.2
NHDL,6/18/2026,648.0,648.0,632.1,634.0,-2.16,4794.0,796.0,606.2
NHDL,6/19/2026,634.0,640.0,632.0,636.5,0.39,6528.0,796.0,606.2
NHDL,6/22/2026,635.0,642.0,632.1,640.0,0.79,2430.0,796.0,606.2
NHDL,6/23/2026,656.0,656.0,623.0,632.5,-3.58,6387.0,796.0,606.2
NHDL,6/24/2026,626.0,634.0,622.0,633.9,1.26,4898.0,796.0,606.2
NHDL,6/26/2026,642.0,642.0,627.6,640.0,-0.31,1402.0,796.0,606.2
NHDL,6/29/2026,625.09,635.0,621.2,630.0,0.79,1927.0,796.0,606.2
NHDL,6/30/2026,625.1,636.0,625.1,636.0,1.74,8364.0,796.0,606.2
NHDL,7/1/2026,620.2,638.9,620.2,638.7,2.98,4465.0,796.0,606.2
NHDL,7/2/2026,638.0,646.0,635.0,641.0,0.47,5658.0,796.0,606.2
NHDL,7/3/2026,622.8,641.3,622.8,637.0,2.28,2589.0,796.0,606.2
NHDL,7/6/2026,625.0,643.0,625.0,640.0,2.4,14681.0,796.0,606.2
NHDL,7/7/2026,633.0,637.0,627.0,637.0,0.63,218.0,796.0,606.2
NHDL,7/8/2026,637.0,644.6,630.0,644.6,1.19,1987.0,796.0,606.2
NHDL,7/9/2026,644.0,644.0,631.0,631.0,-2.02,1413.0,796.0,606.2
NHDL,7/10/2026,631.0,642.8,622.1,641.0,1.58,33801.0,796.0,606.2
NHDL,7/13/2026,631.0,631.0,627.0,627.0,-0.63,11015.0,796.0,606.2
NHDL,7/14/2026,620.0,635.0,615.0,631.0,1.77,471.0,796.0,606.2
NHDL,7/15/2026,645.0,645.0,630.0,639.0,-0.93,2660.0,796.0,606.2
NHDL,7/16/2026,639.0,639.0,606.3,630.9,-1.27,17638.0,796.0,606.2
NHDL,7/17/2026,635.0,650.0,622.0,649.0,2.2,5959.0,796.0,606.2
NHDL,7/20/2026,649.0,654.0,644.0,650.0,0.15,4401.0,796.0,606.2
NHDL,7/21/2026,647.0,656.0,640.0,644.1,-0.45,4863.0,796.0,606.2
NHDL,7/22/2026,626.0,658.0,626.0,646.0,3.19,38264.0,796.0,606.2
NHDL,7/23/2026,647.0,648.0,636.5,646.9,-0.02,896.0,796.0,606.2
NHDL,7/24/2026,646.0,655.0,646.0,650.0,0.62,2976.0,796.0,606.2
NHDL,7/27/2026,645.5,646.0,637.0,639.0,-1.01,2457.0,796.0,606.2
NHDL,7/28/2026,625.0,646.0,620.1,639.9,2.38,629.0,796.0,606.2
NHDL,7/29/2026,633.0,639.6,621.0,630.0,-0.47,6118.0,796.0,606.2
NHDL,7/30/2026,630.0,648.8,622.0,630.0,0.0,5389.0,796.0,606.2
NHDL,7/31/2026,630.0,647.0,630.0,647.0,2.7,5442.0,796.0,606.2
NHDL,8/3/2026,649.0,649.0,632.1,643.0,-0.92,1093.0,796.0,606.2
NHDL,8/4/2026,643.0,643.0,628.0,641.9,-0.17,4127.0,796.0,606.2
NHDL,8/5/2026,643.0,644.0,631.1,644.0,0.16,1157.0,796.0,606.2
NHDL,8/6/2026,644.0,644.0,632.1,641.0,-0.47,2636.0,796.0,606.2
NHDL,8/7/2026,635.0,644.0,630.5,640.0,0.79,3032.0,796.0,606.2
NHDL,8/10/2026,638.0,641.0,630.1,640.0,0.31,808.0,796.0,606.2
NHDL,8/11/2026,635.0,643.0,630.3,640.0,0.79,1118.0,796.0,606.2
NHDL,8/12/2026,631.0,642.0,631.0,642.0,1.74,1749.0,796.0,606.2
NHDL,8/13/2026,644.9,646.3,623.2,623.2,-3.36,4798.0,796.0,606.2
NHDL,8/14/2026,623.2,641.7,623.2,637.0,2.21,1000.0,796.0,606.2
NHDL,8/17/2026,635.0,635.0,627.2,635.0,0.0,345.0,796.0,606.2
NHDL,8/18/2026,634.0,637.8,632.0,637.8,0.6,2012.0,796.0,606.2
NHDL,8/19/2026,625.5,635.9,621.1,635.0,1.52,1301.0,796.0,606.2
NHDL,8/20/2026,639.0,639.0,621.0,635.3,-0.58,1457.0,796.0,606.2
NHDL,8/21/2026,634.0,635.0,630.0,635.0,0.16,3951.0,796.0,606.2
NHDL,8/24/2026,621.4,630.0,621.4,624.4,0.48,3900.0,796.0,606.2
NHDL,8/25/2026,623.2,625.0,622.0,622.0,-0.19,2148.0,796.0,606.2
NHDL,8/26/2026,616.0,628.0,616.0,628.0,1.95,564.0,796.0,606.2
NHDL,8/27/2026,616.0,627.0,616.0,623.0,1.14,727.0,796.0,606.2
NHDL,8/31/2026,615.0,620.0,606.2,619.5,0.73,2492.0,796.0,606.2
NHDL,9/1/2026,619.5,628.0,610.0,624.5,0.81,341.0,796.0,606.2
NHDL,9/2/2026,612.1,629.0,612.1,629.0,2.76,475.0,796.0,606.2
NHDL,9/3/2026,616.0,633.0,616.0,633.0,2.76,90.0,796.0,606.2
NHDL,9/7/2026,629.0,635.0,620.1,635.0,0.95,1011.0,796.0,606.2
NHDL,9/9/2026,637.9,637.9,625.0,626.0,-1.87,821.0,796.0,606.2
NHDL,9/10/2026,625.1,628.0,608.0,618.0,-1.14,1731.0,796.0,606.2
NHDL,9/11/2026,630.0,630.0,614.0,628.9,-0.17,3456.0,796.0,606.2
NHDL,9/14/2026,611.0,640.0,611.0,630.0,3.11,2764.0,796.0,606.2
NHDL,9/15/2026,661.0,661.0,633.0,635.5,-3.86,4522.0,796.0,606.2
NHDL,9/16/2026,635.5,638.0,631.1,633.0,-0.39,810.0,796.0,606.2
NHDL,9/17/2026,649.0,649.0,633.0,640.0,-1.39,626.0,796.0,606.2
NHDL,9/18/2026,644.0,644.0,631.2,639.5,-0.7,590.0,796.0,606.2
NHDL,9/22/2026,636.0,644.9,636.0,643.8,1.23,2447.0,796.0,606.2
NHDL,9/23/2026,648.8,648.8,636.5,637.0,-1.82,8471.0,796.0,606.2
NHDL,9/24/2026,642.9,642.9,633.0,633.2,-1.51,3632.0,796.0,606.2
NHDL,9/28/2026,635.0,647.9,633.1,636.1,0.17,4874.0,796.0,606.2
NHDL,9/29/2026,633.1,643.5,617.6,0.0,-100.0,3576.0,796.0,606.2
NHDL,9/30/2026,642.9,643.0,635.0,643.0,0.02,2486.0,796.0,606.2
NHDL,10/1/2026,627.0,643.5,627.0,635.0,1.28,3210.0,796.0,606.2
NHDL,10/2/2026,627.4,639.7,627.1,639.7,1.96,807.0,796.0,606.2
NHPC,6/14/2011,40.0,40.0,39.0,39.0,,2820.0,340.0,179.7
NHPC,6/15/2011,39.0,39.0,39.0,39.0,0.0,9150.0,340.0,179.7
NHPC,6/16/2011,39.0,40.0,39.0,39.0,0.0,5300.0,340.0,179.7
NHPC,6/21/2011,42.0,43.0,43.0,43.0,10.26,1000.0,340.0,179.7
NHPC,6/23/2011,43.0,47.0,44.0,47.0,9.3,9100.0,340.0,179.7
NHPC,6/26/2011,47.0,52.0,44.0,45.0,-4.26,15550.0,340.0,179.7
NHPC,6/27/2011,45.0,44.0,41.0,41.0,-8.89,2300.0,340.0,179.7
NHPC,6/29/2011,41.0,41.0,41.0,41.0,0.0,600.0,340.0,179.7
NHPC,6/30/2011,41.0,41.0,41.0,41.0,0.0,140.0,340.0,179.7
NHPC,7/3/2011,41.0,42.0,42.0,42.0,2.44,400.0,340.0,179.7
NHPC,7/4/2011,42.0,42.0,40.0,40.0,-4.76,4500.0,340.0,179.7
NHPC,7/5/2011,40.0,40.0,40.0,40.0,0.0,19000.0,340.0,179.7
NHPC,7/6/2011,40.0,42.0,40.0,41.0,2.5,25000.0,340.0,179.7
NHPC,7/7/2011,41.0,42.0,42.0,42.0,2.44,2000.0,340.0,179.7
NHPC,7/10/2011,42.0,41.0,41.0,41.0,-2.38,2500.0,340.0,179.7
NHPC,7/11/2011,41.0,41.0,40.0,41.0,0.0,1250.0,340.0,179.7
NHPC,7/12/2011,41.0,41.0,41.0,41.0,0.0,50.0,340.0,179.7
NHPC,7/13/2011,41.0,43.0,42.0,43.0,4.88,300.0,340.0,179.7
NHPC,7/14/2011,43.0,46.0,43.0,43.0,0.0,3200.0,340.0,179.7
NHPC,7/17/2011,43.0,45.0,44.0,45.0,4.65,400.0,340.0,179.7
NHPC,7/18/2011,45.0,46.0,46.0,46.0,2.22,1200.0,340.0,179.7
NHPC,7/19/2011,46.0,45.0,43.0,44.0,-4.35,307100.0,340.0,179.7
NHPC,7/20/2011,44.0,44.0,43.0,43.0,-2.27,6900.0,340.0,179.7
NHPC,7/21/2011,43.0,44.0,43.0,44.0,2.33,301282.0,340.0,179.7
NHPC,7/24/2011,44.0,48.0,45.0,47.0,6.82,1020.0,340.0,179.7
NHPC,7/25/2011,47.0,46.0,42.0,42.0,-10.64,4200.0,340.0,179.7
NHPC,7/27/2011,42.0,43.0,40.0,42.0,0.0,77750.0,340.0,179.7
NHPC,7/28/2011,42.0,44.0,40.0,42.0,0.0,166200.0,340.0,179.7
NHPC,7/31/2011,42.0,43.0,43.0,43.0,2.38,281000.0,340.0,179.7
NHPC,8/2/2011,43.0,44.0,43.0,44.0,2.33,3150.0,340.0,179.7
NHPC,8/3/2011,44.0,44.0,44.0,44.0,0.0,5000.0,340.0,179.7
NHPC,8/4/2011,44.0,46.0,44.0,44.0,0.0,15911.0,340.0,179.7
NHPC,8/7/2011,44.0,44.0,43.0,44.0,0.0,61000.0,340.0,179.7
NHPC,8/9/2011,44.0,44.0,41.0,41.0,-6.82,110010.0,340.0,179.7
NHPC,8/10/2011,41.0,42.0,41.0,42.0,2.44,98280.0,340.0,179.7
NHPC,8/11/2011,42.0,46.0,42.0,45.0,7.14,13380.0,340.0,179.7
NHPC,8/15/2011,45.0,44.0,44.0,44.0,-2.22,11450.0,340.0,179.7
NHPC,8/16/2011,44.0,44.0,44.0,44.0,0.0,200.0,340.0,179.7
NHPC,8/17/2011,44.0,44.0,44.0,44.0,0.0,12800.0,340.0,179.7
NHPC,8/18/2011,44.0,44.0,44.0,44.0,0.0,3500.0,340.0,179.7
NHPC,8/22/2011,44.0,44.0,44.0,44.0,0.0,800.0,340.0,179.7
NHPC,8/23/2011,44.0,44.0,43.0,43.0,-2.27,7100.0,340.0,179.7
NHPC,8/24/2011,43.0,44.0,42.0,42.0,-2.33,4140.0,340.0,179.7
NHPC,8/25/2011,42.0,44.0,43.0,44.0,4.76,17150.0,340.0,179.7
NHPC,8/28/2011,44.0,44.0,43.0,44.0,0.0,2000.0,340.0,179.7
NHPC,8/29/2011,44.0,46.0,42.0,43.0,-2.27,4320.0,340.0,179.7
NHPC,8/30/2011,43.0,44.0,43.0,44.0,2.33,9800.0,340.0,179.7
NHPC,9/1/2011,44.0,46.0,45.0,45.0,2.27,16280.0,340.0,179.7
NHPC,9/4/2011,45.0,47.0,45.0,47.0,4.44,15820.0,340.0,179.7
NHPC,9/5/2011,47.0,46.0,46.0,46.0,-2.13,3130.0,340.0,179.7
NHPC,9/6/2011,46.0,47.0,46.0,46.0,0.0,11600.0,340.0,179.7
NHPC,9/7/2011,46.0,48.0,45.0,48.0,4.35,6747.0,340.0,179.7
NHPC,9/8/2011,48.0,50.0,46.0,48.0,0.0,31200.0,340.0,179.7
NHPC,9/12/2011,48.0,50.0,48.0,49.0,2.08,22400.0,340.0,179.7
NHPC,9/13/2011,49.0,51.0,48.0,50.0,2.04,45700.0,340.0,179.7
NHPC,9/14/2011,50.0,53.0,50.0,53.0,6.0,16950.0,340.0,179.7
NHPC,9/15/2011,53.0,54.0,52.0,52.0,-1.89,18330.0,340.0,179.7
NHPC,9/18/2011,52.0,54.0,52.0,54.0,3.85,12270.0,340.0,179.7
NHPC,9/19/2011,54.0,55.0,53.0,54.0,0.0,24610.0,340.0,179.7
NHPC,9/20/2011,54.0,54.0,54.0,54.0,0.0,27235.0,340.0,179.7
NHPC,9/21/2011,54.0,54.0,54.0,54.0,0.0,13000.0,340.0,179.7
NHPC,9/22/2011,54.0,59.0,54.0,59.0,9.26,28140.0,340.0,179.7
NHPC,9/25/2011,59.0,64.0,60.0,64.0,8.47,13450.0,340.0,179.7
NHPC,9/26/2011,64.0,70.0,65.0,70.0,9.38,15450.0,340.0,179.7
NHPC,9/27/2011,70.0,77.0,68.0,68.0,-2.86,26040.0,340.0,179.7
NHPC,9/29/2011,68.0,67.0,63.0,63.0,-7.35,360.0,340.0,179.7
NHPC,10/2/2011,63.0,62.0,57.0,61.0,-3.17,70600.0,340.0,179.7
NHPC,10/9/2011,61.0,65.0,60.0,65.0,6.56,7700.0,340.0,179.7
NHPC,10/10/2011,65.0,71.0,66.0,69.0,6.15,5780.0,340.0,179.7
NHPC,10/12/2011,69.0,69.0,63.0,64.0,-7.25,5700.0,340.0,179.7
NHPC,10/13/2011,64.0,63.0,60.0,60.0,-6.25,33097.0,340.0,179.7
NHPC,10/16/2011,60.0,63.0,59.0,62.0,3.33,847670.0,340.0,179.7
NHPC,10/17/2011,62.0,68.0,62.0,68.0,9.68,26990.0,340.0,179.7
NHPC,10/18/2011,68.0,70.0,63.0,63.0,-7.35,13000.0,340.0,179.7
NHPC,10/19/2011,63.0,65.0,64.0,65.0,3.17,15300.0,340.0,179.7
NHPC,10/20/2011,65.0,65.0,63.0,64.0,-1.54,10770.0,340.0,179.7
NHPC,10/23/2011,64.0,64.0,62.0,63.0,-1.56,34480.0,340.0,179.7
NHPC,10/24/2011,63.0,64.0,62.0,63.0,0.0,9250.0,340.0,179.7
NHPC,10/25/2011,63.0,63.0,62.0,63.0,0.0,4200.0,340.0,179.7
NHPC,10/30/2011,63.0,65.0,62.0,64.0,1.59,11400.0,340.0,179.7
NHPC,10/31/2011,64.0,64.0,63.0,64.0,0.0,10400.0,340.0,179.7
NHPC,11/2/2011,64.0,70.0,65.0,70.0,9.38,9100.0,340.0,179.7
NHPC,11/3/2011,70.0,70.0,64.0,65.0,-7.14,21600.0,340.0,179.7
NHPC,11/6/2011,65.0,66.0,64.0,65.0,0.0,18100.0,340.0,179.7
NHPC,11/8/2011,65.0,64.0,62.0,62.0,-4.62,2500.0,340.0,179.7
NHPC,11/9/2011,62.0,64.0,61.0,64.0,3.23,340.0,340.0,179.7
NHPC,11/10/2011,64.0,63.0,61.0,61.0,-4.69,5239.0,340.0,179.7
NHPC,11/13/2011,61.0,61.0,60.0,60.0,-1.64,7000.0,340.0,179.7
NHPC,11/14/2011,60.0,60.0,59.0,60.0,0.0,3500.0,340.0,179.7
NHPC,11/15/2011,60.0,60.0,58.0,60.0,0.0,5800.0,340.0,179.7
NHPC,11/16/2011,60.0,59.0,59.0,59.0,-1.67,2500.0,340.0,179.7
NHPC,11/17/2011,59.0,58.0,58.0,58.0,-1.69,2000.0,340.0,179.7
NHPC,11/20/2011,58.0,59.0,59.0,59.0,1.72,770.0,340.0,179.7
NHPC,11/21/2011,59.0,59.0,58.0,58.0,-1.69,2000.0,340.0,179.7
NHPC,11/22/2011,58.0,57.0,56.0,57.0,-1.72,6500.0,340.0,179.7
NHPC,11/23/2011,57.0,57.0,55.0,57.0,0.0,4700.0,340.0,179.7
NHPC,11/24/2011,57.0,56.0,55.0,56.0,-1.75,6070.0,340.0,179.7
NHPC,12/1/2011,53.0,52.0,52.0,52.0,-7.14,1000.0,340.0,179.7
NHPC,12/4/2011,52.0,53.0,53.0,53.0,1.92,100.0,340.0,179.7
NHPC,12/5/2011,53.0,52.0,49.0,49.0,-7.55,6820.0,340.0,179.7
NHPC,12/6/2011,49.0,50.0,50.0,50.0,2.04,200000.0,340.0,179.7
NHPC,12/7/2011,50.0,52.0,51.0,52.0,4.0,150.0,340.0,179.7
NHPC,12/8/2011,52.0,54.0,52.0,54.0,3.85,7000.0,340.0,179.7
NHPC,12/11/2011,54.0,57.0,55.0,55.0,1.85,7278.0,340.0,179.7
NHPC,12/13/2011,55.0,54.0,53.0,53.0,-3.64,1300.0,340.0,179.7
NHPC,12/14/2011,53.0,52.0,52.0,52.0,-1.89,1000.0,340.0,179.7
NHPC,12/15/2011,52.0,53.0,51.0,52.0,0.0,35860.0,340.0,179.7
NHPC,12/20/2011,52.0,51.0,51.0,51.0,-1.92,2000.0,340.0,179.7
NHPC,12/21/2011,51.0,52.0,50.0,50.0,-1.96,5100.0,340.0,179.7
NHPC,12/22/2011,50.0,51.0,50.0,50.0,0.0,27500.0,340.0,179.7
NHPC,12/26/2011,50.0,51.0,49.0,49.0,-2.0,31500.0,340.0,179.7
NHPC,12/27/2011,49.0,51.0,50.0,50.0,2.04,2310.0,340.0,179.7
NHPC,12/28/2011,50.0,52.0,50.0,52.0,4.0,5450.0,340.0,179.7
NHPC,12/29/2011,52.0,51.0,50.0,50.0,-3.85,4100.0,340.0,179.7
NHPC,1/1/2012,50.0,50.0,49.0,50.0,0.0,6400.0,340.0,179.7
NHPC,1/2/2012,50.0,50.0,50.0,50.0,0.0,1500.0,340.0,179.7
NHPC,1/3/2012,50.0,51.0,50.0,51.0,2.0,3110.0,340.0,179.7
NHPC,1/4/2012,51.0,50.0,48.0,48.0,-5.88,3000.0,340.0,179.7
NHPC,1/8/2012,48.0,49.0,48.0,49.0,2.08,403500.0,340.0,179.7
NHPC,1/9/2012,49.0,50.0,47.0,50.0,2.04,648225.0,340.0,179.7
NHPC,1/10/2012,48.0,51.0,50.0,51.0,2.0,8000.0,340.0,179.7
NHPC,1/11/2012,51.0,53.0,52.0,53.0,3.92,70.0,340.0,179.7
NHPC,1/12/2012,53.0,52.0,52.0,52.0,-1.89,500.0,340.0,179.7
NHPC,1/16/2012,52.0,51.0,51.0,51.0,-1.92,1000.0,340.0,179.7
NHPC,1/17/2012,51.0,51.0,50.0,50.0,-1.96,3000.0,340.0,179.7
NHPC,1/22/2012,50.0,51.0,50.0,50.0,0.0,2000.0,340.0,179.7
NHPC,1/26/2012,50.0,49.0,49.0,49.0,-2.0,2000.0,340.0,179.7
NHPC,1/29/2012,49.0,49.0,48.0,49.0,0.0,6000.0,340.0,179.7
NHPC,2/1/2012,49.0,48.0,48.0,48.0,-2.04,1200.0,340.0,179.7
NHPC,2/5/2012,48.0,47.0,46.0,46.0,-4.17,2000.0,340.0,179.7
NHPC,2/7/2012,46.0,47.0,46.0,46.0,0.0,2500.0,340.0,179.7
NHPC,2/8/2012,46.0,46.0,45.0,45.0,-2.17,1860.0,340.0,179.7
NHPC,2/9/2012,45.0,49.0,46.0,49.0,8.89,1050.0,340.0,179.7
NHPC,2/12/2012,49.0,48.0,48.0,48.0,-2.04,1000.0,340.0,179.7
NHPC,2/13/2012,48.0,51.0,48.0,51.0,6.25,781.0,340.0,179.7
NHPC,2/16/2012,51.0,50.0,50.0,50.0,-1.96,190.0,340.0,179.7
NHPC,2/21/2012,50.0,50.0,50.0,50.0,0.0,1000.0,340.0,179.7
NHPC,2/26/2012,50.0,49.0,49.0,49.0,-2.0,250.0,340.0,179.7
NHPC,2/28/2012,49.0,49.0,49.0,49.0,0.0,60.0,340.0,179.7
NHPC,3/5/2012,49.0,50.0,50.0,50.0,2.04,100.0,340.0,179.7
NHPC,3/11/2012,50.0,49.0,48.0,48.0,-4.0,300.0,340.0,179.7
NHPC,3/12/2012,48.0,47.0,47.0,47.0,-2.08,300.0,340.0,179.7
NHPC,3/13/2012,47.0,47.0,47.0,47.0,0.0,400.0,340.0,179.7
NHPC,3/19/2012,47.0,47.0,47.0,47.0,0.0,100.0,340.0,179.7
NHPC,3/29/2012,47.0,46.0,45.0,45.0,-4.26,2300.0,340.0,179.7
NHPC,4/1/2012,45.0,44.0,41.0,41.0,-8.89,12800.0,340.0,179.7
NHPC,4/2/2012,41.0,41.0,39.0,41.0,0.0,20100.0,340.0,179.7
NHPC,4/3/2012,41.0,43.0,40.0,43.0,4.88,5400.0,340.0,179.7
NHPC,4/4/2012,43.0,44.0,41.0,42.0,-2.33,9000.0,340.0,179.7
NHPC,4/5/2012,42.0,42.0,41.0,41.0,-2.38,4000.0,340.0,179.7
NHPC,4/8/2012,41.0,41.0,40.0,40.0,-2.44,25000.0,340.0,179.7
NHPC,4/9/2012,40.0,42.0,40.0,42.0,5.0,15000.0,340.0,179.7
NHPC,4/10/2012,42.0,45.0,43.0,44.0,4.76,6200.0,340.0,179.7
NHPC,4/11/2012,44.0,46.0,42.0,42.0,-4.55,5600.0,340.0,179.7
NHPC,4/12/2012,42.0,44.0,41.0,44.0,4.76,4400.0,340.0,179.7
NHPC,4/15/2012,44.0,48.0,45.0,47.0,6.82,29800.0,340.0,179.7
NHPC,4/16/2012,47.0,48.0,48.0,48.0,2.13,100.0,340.0,179.7
NHPC,4/17/2012,48.0,50.0,49.0,49.0,2.08,11600.0,340.0,179.7
NHPC,4/18/2012,49.0,53.0,48.0,53.0,8.16,10505.0,340.0,179.7
NHPC,4/19/2012,53.0,56.0,51.0,53.0,0.0,24800.0,340.0,179.7
NHPC,4/22/2012,53.0,58.0,54.0,57.0,7.55,63050.0,340.0,179.7
NHPC,4/24/2012,57.0,61.0,58.0,61.0,7.02,1800.0,340.0,179.7
NHPC,4/25/2012,61.0,64.0,62.0,64.0,4.92,34020.0,340.0,179.7
NHPC,4/26/2012,64.0,70.0,64.0,70.0,9.38,84660.0,340.0,179.7
NHPC,4/29/2012,70.0,77.0,71.0,77.0,10.0,23280.0,340.0,179.7
NHPC,4/30/2012,77.0,85.0,78.0,83.0,7.79,64618.0,340.0,179.7
NHPC,5/2/2012,83.0,91.0,75.0,75.0,-9.64,55215.0,340.0,179.7
NHPC,5/3/2012,75.0,77.0,76.0,77.0,2.67,150.0,340.0,179.7
NHPC,5/7/2012,77.0,84.0,80.0,84.0,9.09,14380.0,340.0,179.7
NHPC,5/8/2012,84.0,90.0,85.0,89.0,5.95,13110.0,340.0,179.7
NHPC,5/9/2012,89.0,90.0,84.0,85.0,-4.49,3750.0,340.0,179.7
NHPC,5/10/2012,85.0,84.0,77.0,77.0,-9.41,56480.0,340.0,179.7
NHPC,5/13/2012,77.0,77.0,76.0,76.0,-1.3,420.0,340.0,179.7
NHPC,5/14/2012,76.0,75.0,72.0,72.0,-5.26,1050.0,340.0,179.7
NHPC,5/15/2012,72.0,79.0,73.0,78.0,8.33,18400.0,340.0,179.7
NHPC,5/16/2012,78.0,82.0,78.0,82.0,5.13,9250.0,340.0,179.7
NHPC,5/17/2012,82.0,84.0,79.0,81.0,-1.22,15090.0,340.0,179.7
NHPC,5/20/2012,81.0,80.0,73.0,73.0,-9.88,24110.0,340.0,179.7
NHPC,5/21/2012,73.0,74.0,69.0,70.0,-4.11,35630.0,340.0,179.7
NHPC,5/22/2012,70.0,76.0,68.0,75.0,7.14,10210.0,340.0,179.7
NHPC,5/24/2012,75.0,76.0,76.0,76.0,1.33,520.0,340.0,179.7
NHPC,5/27/2012,76.0,77.0,76.0,76.0,0.0,70.0,340.0,179.7
NHPC,5/31/2012,76.0,75.0,69.0,69.0,-9.21,430.0,340.0,179.7
NHPC,6/3/2012,69.0,68.0,63.0,63.0,-8.7,17950.0,340.0,179.7
NHPC,6/4/2012,63.0,62.0,58.0,58.0,-7.94,14600.0,340.0,179.7
NHPC,6/5/2012,58.0,58.0,53.0,55.0,-5.17,7730.0,340.0,179.7
NHPC,6/6/2012,55.0,58.0,54.0,58.0,5.45,13350.0,340.0,179.7
NHPC,6/7/2012,58.0,63.0,58.0,59.0,1.72,32500.0,340.0,179.7
NHPC,6/10/2012,59.0,61.0,59.0,60.0,1.69,17770.0,340.0,179.7
NHPC,6/11/2012,60.0,60.0,59.0,59.0,-1.67,3000.0,340.0,179.7
NHPC,6/12/2012,59.0,59.0,56.0,56.0,-5.08,5900.0,340.0,179.7
NHPC,6/13/2012,56.0,60.0,57.0,57.0,1.79,8010.0,340.0,179.7
NHPC,6/14/2012,57.0,59.0,57.0,59.0,3.51,1860.0,340.0,179.7
NHPC,6/17/2012,59.0,59.0,56.0,57.0,-3.39,4400.0,340.0,179.7
NHPC,6/18/2012,57.0,57.0,56.0,56.0,-1.75,7000.0,340.0,179.7
NHPC,6/19/2012,56.0,55.0,55.0,55.0,-1.79,2000.0,340.0,179.7
NHPC,6/20/2012,55.0,60.0,56.0,60.0,9.09,9736.0,340.0,179.7
NHPC,6/21/2012,60.0,64.0,61.0,62.0,3.33,34000.0,340.0,179.7
NHPC,6/25/2012,62.0,63.0,60.0,60.0,-3.23,7983.0,340.0,179.7
NHPC,6/26/2012,60.0,59.0,57.0,58.0,-3.33,5500.0,340.0,179.7
NHPC,6/27/2012,58.0,63.0,59.0,62.0,6.9,20615.0,340.0,179.7
NHPC,6/28/2012,62.0,64.0,60.0,61.0,-1.61,24710.0,340.0,179.7
NHPC,7/1/2012,61.0,60.0,59.0,60.0,-1.64,16400.0,340.0,179.7
NHPC,7/2/2012,60.0,59.0,54.0,54.0,-10.0,64750.0,340.0,179.7
NHPC,7/3/2012,54.0,53.0,50.0,53.0,-1.85,20970.0,340.0,179.7
NHPC,7/4/2012,53.0,53.0,51.0,53.0,0.0,33200.0,340.0,179.7
NHPC,7/5/2012,53.0,54.0,52.0,52.0,-1.89,22000.0,340.0,179.7
NHPC,7/8/2012,52.0,53.0,51.0,51.0,-1.92,18100.0,340.0,179.7
NHPC,7/9/2012,51.0,52.0,50.0,52.0,1.96,61400.0,340.0,179.7
NHPC,7/10/2012,52.0,55.0,53.0,55.0,5.77,2700.0,340.0,179.7
NHPC,7/11/2012,55.0,56.0,55.0,55.0,0.0,2200.0,340.0,179.7
NHPC,7/12/2012,55.0,56.0,50.0,50.0,-9.09,67100.0,340.0,179.7
NHPC,7/15/2012,50.0,55.0,51.0,55.0,10.0,3125.0,340.0,179.7
NHPC,7/16/2012,55.0,54.0,53.0,53.0,-3.64,7050.0,340.0,179.7
NHPC,7/17/2012,53.0,55.0,54.0,55.0,3.77,4760.0,340.0,179.7
NHPC,7/18/2012,55.0,56.0,55.0,55.0,0.0,5050.0,340.0,179.7
NHPC,7/19/2012,55.0,55.0,53.0,53.0,-3.64,19800.0,340.0,179.7
NHPC,7/22/2012,53.0,56.0,54.0,55.0,3.77,14367.0,340.0,179.7
NHPC,7/23/2012,55.0,57.0,54.0,54.0,-1.82,23090.0,340.0,179.7
NHPC,7/24/2012,54.0,55.0,53.0,55.0,1.85,8715.0,340.0,179.7
NHPC,7/25/2012,55.0,55.0,54.0,54.0,-1.82,4500.0,340.0,179.7
NHPC,4/17/2013,54.0,55.0,55.0,55.0,1.85,25000.0,340.0,179.7
NHPC,4/18/2013,55.0,57.0,56.0,57.0,3.64,20.0,340.0,179.7
NHPC,4/21/2013,57.0,62.0,58.0,62.0,8.77,50.0,340.0,179.7
NHPC,4/22/2013,62.0,68.0,63.0,68.0,9.68,1060.0,340.0,179.7
NHPC,4/23/2013,68.0,74.0,69.0,74.0,8.82,3060.0,340.0,179.7
NHPC,4/25/2013,74.0,81.0,75.0,77.0,4.05,104705.0,340.0,179.7
NHPC,4/28/2013,77.0,80.0,70.0,70.0,-9.09,173321.0,340.0,179.7
NHPC,4/29/2013,70.0,71.0,65.0,70.0,0.0,21350.0,340.0,179.7
NHPC,4/30/2013,70.0,69.0,66.0,67.0,-4.29,18000.0,340.0,179.7
NHPC,5/2/2013,67.0,66.0,61.0,61.0,-8.96,19780.0,340.0,179.7
NHPC,5/5/2013,61.0,60.0,55.0,55.0,-9.84,11420.0,340.0,179.7
NHPC,5/6/2013,55.0,54.0,50.0,51.0,-7.27,10600.0,340.0,179.7
NHPC,5/8/2013,51.0,54.0,52.0,54.0,5.88,30.0,340.0,179.7
NHPC,5/9/2013,54.0,55.0,55.0,55.0,1.85,10.0,340.0,179.7
NHPC,5/13/2013,55.0,60.0,56.0,60.0,9.09,12060.0,340.0,179.7
NHPC,5/14/2013,60.0,66.0,61.0,66.0,10.0,39880.0,340.0,179.7
NHPC,6/25/2013,66.0,67.0,60.0,60.0,-9.09,11620.0,340.0,179.7
NHPC,6/26/2013,60.0,59.0,56.0,56.0,-6.67,17680.0,340.0,179.7
NHPC,6/27/2013,56.0,58.0,55.0,58.0,3.57,6910.0,340.0,179.7
NHPC,6/30/2013,58.0,57.0,55.0,55.0,-5.17,14167.0,340.0,179.7
NHPC,7/1/2013,55.0,58.0,54.0,58.0,5.45,2850.0,340.0,179.7
NHPC,7/2/2013,58.0,60.0,57.0,59.0,1.72,17470.0,340.0,179.7
NHPC,7/3/2013,59.0,59.0,57.0,57.0,-3.39,8000.0,340.0,179.7
NHPC,7/4/2013,57.0,61.0,56.0,61.0,7.02,70360.0,340.0,179.7
NHPC,7/7/2013,61.0,60.0,60.0,60.0,-1.64,1000.0,340.0,179.7
NHPC,7/8/2013,60.0,59.0,59.0,59.0,-1.67,120.0,340.0,179.7
NHPC,7/9/2013,59.0,58.0,56.0,57.0,-3.39,5500.0,340.0,179.7
NHPC,7/10/2013,57.0,57.0,55.0,55.0,-3.51,16110.0,340.0,179.7
NHPC,7/11/2013,55.0,59.0,56.0,59.0,7.27,24280.0,340.0,179.7
NHPC,7/14/2013,59.0,63.0,60.0,63.0,6.78,160.0,340.0,179.7
NHPC,7/16/2013,63.0,62.0,59.0,59.0,-6.35,510.0,340.0,179.7
NHPC,7/17/2013,59.0,60.0,60.0,60.0,1.69,100.0,340.0,179.7
NHPC,7/18/2013,60.0,59.0,56.0,56.0,-6.67,7900.0,340.0,179.7
NHPC,7/21/2013,56.0,58.0,56.0,58.0,3.57,4410.0,340.0,179.7
NHPC,7/22/2013,58.0,57.0,56.0,56.0,-3.45,3500.0,340.0,179.7
NHPC,7/23/2013,56.0,57.0,56.0,56.0,0.0,7340.0,340.0,179.7
NHPC,7/24/2013,56.0,56.0,55.0,55.0,-1.79,9000.0,340.0,179.7
NHPC,7/25/2013,55.0,56.0,55.0,55.0,0.0,1100.0,340.0,179.7
NHPC,7/28/2013,55.0,56.0,54.0,55.0,0.0,22560.0,340.0,179.7
NHPC,7/29/2013,55.0,56.0,55.0,55.0,0.0,11000.0,340.0,179.7
NHPC,7/30/2013,55.0,55.0,55.0,55.0,0.0,3000.0,340.0,179.7
NHPC,7/31/2013,55.0,55.0,55.0,55.0,0.0,200.0,340.0,179.7
NHPC,8/1/2013,55.0,57.0,54.0,54.0,-1.82,8010.0,340.0,179.7
NHPC,8/4/2013,54.0,56.0,53.0,56.0,3.7,22500.0,340.0,179.7
NHPC,8/5/2013,56.0,57.0,56.0,56.0,0.0,1200.0,340.0,179.7
NHPC,8/6/2013,56.0,55.0,53.0,54.0,-3.57,4000.0,340.0,179.7
NHPC,8/7/2013,54.0,55.0,53.0,53.0,-1.85,12900.0,340.0,179.7
NHPC,8/8/2013,53.0,54.0,53.0,54.0,1.89,11000.0,340.0,179.7
NHPC,8/11/2013,54.0,55.0,53.0,53.0,-1.85,21100.0,340.0,179.7
NHPC,8/12/2013,53.0,53.0,52.0,52.0,-1.89,8000.0,340.0,179.7
NHPC,8/13/2013,52.0,51.0,51.0,51.0,-1.92,4000.0,340.0,179.7
NHPC,8/14/2013,51.0,53.0,52.0,53.0,3.92,3000.0,340.0,179.7
NHPC,8/15/2013,53.0,53.0,52.0,53.0,0.0,3500.0,340.0,179.7
NHPC,8/18/2013,53.0,54.0,53.0,53.0,0.0,6520.0,340.0,179.7
NHPC,8/19/2013,53.0,54.0,52.0,54.0,1.89,8710.0,340.0,179.7
NHPC,8/20/2013,54.0,55.0,53.0,55.0,1.85,20100.0,340.0,179.7
NHPC,8/26/2013,55.0,55.0,54.0,55.0,0.0,1300.0,340.0,179.7
NHPC,8/27/2013,55.0,54.0,52.0,54.0,-1.82,6800.0,340.0,179.7
NHPC,8/29/2013,54.0,55.0,54.0,54.0,0.0,1330.0,340.0,179.7
NHPC,9/1/2013,54.0,53.0,53.0,53.0,-1.85,200.0,340.0,179.7
NHPC,9/2/2013,53.0,52.0,50.0,50.0,-5.66,26550.0,340.0,179.7
NHPC,9/3/2013,50.0,51.0,49.0,50.0,0.0,11983.0,340.0,179.7
NHPC,9/4/2013,50.0,55.0,51.0,55.0,10.0,9900.0,340.0,179.7
NHPC,9/5/2013,55.0,54.0,50.0,53.0,-3.64,83980.0,340.0,179.7
NHPC,9/8/2013,53.0,54.0,53.0,53.0,0.0,2000.0,340.0,179.7
NHPC,9/9/2013,53.0,53.0,50.0,50.0,-5.66,128060.0,340.0,179.7
NHPC,9/10/2013,50.0,51.0,50.0,50.0,0.0,27100.0,340.0,179.7
NHPC,9/11/2013,50.0,51.0,50.0,50.0,0.0,7040.0,340.0,179.7
NHPC,9/12/2013,50.0,50.0,50.0,50.0,0.0,7500.0,340.0,179.7
NHPC,9/15/2013,50.0,50.0,50.0,50.0,0.0,5740.0,340.0,179.7
NHPC,9/16/2013,50.0,51.0,49.0,51.0,2.0,2830.0,340.0,179.7
NHPC,9/17/2013,51.0,54.0,50.0,54.0,5.88,181540.0,340.0,179.7
NHPC,9/19/2013,54.0,53.0,53.0,53.0,-1.85,500.0,340.0,179.7
NHPC,9/22/2013,53.0,53.0,51.0,51.0,-3.77,8000.0,340.0,179.7
NHPC,9/23/2013,51.0,52.0,50.0,51.0,0.0,9700.0,340.0,179.7
NHPC,9/24/2013,51.0,56.0,52.0,54.0,5.88,35200.0,340.0,179.7
NHPC,9/25/2013,54.0,53.0,52.0,53.0,-1.85,5600.0,340.0,179.7
NHPC,9/26/2013,53.0,54.0,51.0,53.0,0.0,62490.0,340.0,179.7
NHPC,9/29/2013,53.0,54.0,51.0,54.0,1.89,22250.0,340.0,179.7
NHPC,9/30/2013,54.0,55.0,51.0,51.0,-5.56,57039.0,340.0,179.7
NHPC,10/1/2013,51.0,54.0,52.0,54.0,5.88,62673.0,340.0,179.7
NHPC,10/2/2013,54.0,59.0,53.0,59.0,9.26,231386.0,340.0,179.7
NHPC,10/3/2013,59.0,64.0,57.0,64.0,8.47,67410.0,340.0,179.7
NHPC,10/6/2013,64.0,65.0,61.0,63.0,-1.56,58396.0,340.0,179.7
NHPC,10/7/2013,63.0,63.0,61.0,62.0,-1.59,8910.0,340.0,179.7
NHPC,10/8/2013,62.0,61.0,58.0,58.0,-6.45,3400.0,340.0,179.7
NHPC,10/9/2013,58.0,59.0,57.0,59.0,1.72,7010.0,340.0,179.7
NHPC,10/24/2013,59.0,61.0,60.0,60.0,1.69,1470.0,340.0,179.7
NHPC,10/27/2013,60.0,59.0,58.0,58.0,-3.33,6060.0,340.0,179.7
NHPC,10/29/2013,58.0,58.0,54.0,54.0,-6.9,20460.0,340.0,179.7
NHPC,10/30/2013,54.0,58.0,55.0,56.0,3.7,16600.0,340.0,179.7
NHPC,10/31/2013,56.0,57.0,55.0,56.0,0.0,14500.0,340.0,179.7
NHPC,11/6/2013,56.0,56.0,53.0,53.0,-5.36,14000.0,340.0,179.7
NHPC,11/7/2013,53.0,53.0,53.0,53.0,0.0,1000.0,340.0,179.7
NHPC,11/10/2013,53.0,52.0,52.0,52.0,-1.89,500.0,340.0,179.7
NHPC,11/13/2013,52.0,53.0,53.0,53.0,1.92,70.0,340.0,179.7
NHPC,11/14/2013,53.0,58.0,54.0,58.0,9.43,13170.0,340.0,179.7
NHPC,11/21/2013,58.0,60.0,59.0,60.0,3.45,20.0,340.0,179.7
NHPC,11/24/2013,60.0,66.0,61.0,66.0,10.0,50450.0,340.0,179.7
NHPC,11/25/2013,66.0,68.0,65.0,66.0,0.0,26800.0,340.0,179.7
NHPC,11/26/2013,66.0,70.0,67.0,70.0,6.06,16320.0,340.0,179.7
NHPC,11/27/2013,70.0,71.0,66.0,66.0,-5.71,6984.0,340.0,179.7
NHPC,11/28/2013,66.0,67.0,65.0,66.0,0.0,11520.0,340.0,179.7
NHPC,12/1/2013,66.0,70.0,66.0,67.0,1.52,30220.0,340.0,179.7
NHPC,12/2/2013,67.0,71.0,68.0,69.0,2.99,22680.0,340.0,179.7
NHPC,12/3/2013,69.0,75.0,70.0,75.0,8.7,164857.0,340.0,179.7
NHPC,12/4/2013,75.0,82.0,76.0,82.0,9.33,9900.0,340.0,179.7
NHPC,12/5/2013,82.0,90.0,83.0,85.0,3.66,114040.0,340.0,179.7
NHPC,12/8/2013,85.0,90.0,82.0,84.0,-1.18,27320.0,340.0,179.7
NHPC,12/9/2013,84.0,85.0,80.0,83.0,-1.19,26470.0,340.0,179.7
NHPC,12/10/2013,83.0,83.0,78.0,80.0,-3.61,32514.0,340.0,179.7
NHPC,12/11/2013,80.0,85.0,81.0,83.0,3.75,11980.0,340.0,179.7
NHPC,12/12/2013,83.0,87.0,83.0,83.0,0.0,13520.0,340.0,179.7
NHPC,12/15/2013,83.0,89.0,84.0,88.0,6.02,28400.0,340.0,179.7
NHPC,12/16/2013,88.0,93.0,89.0,93.0,5.68,5210.0,340.0,179.7
NHPC,12/18/2013,93.0,96.0,93.0,93.0,0.0,19410.0,340.0,179.7
NHPC,12/19/2013,93.0,93.0,90.0,90.0,-3.23,20150.0,340.0,179.7
NHPC,12/22/2013,90.0,90.0,86.0,87.0,-3.33,22200.0,340.0,179.7
NHPC,12/23/2013,86.0,86.0,83.0,83.0,-4.6,8500.0,340.0,179.7
NHPC,12/24/2013,83.0,85.0,80.0,85.0,2.41,40960.0,340.0,179.7
NHPC,12/26/2013,85.0,86.0,84.0,84.0,-1.18,3000.0,340.0,179.7
NHPC,12/29/2013,84.0,83.0,79.0,80.0,-4.76,10100.0,340.0,179.7
NHPC,12/31/2013,80.0,79.0,78.0,79.0,-1.25,2910.0,340.0,179.7
NHPC,1/1/2014,79.0,79.0,77.0,78.0,-1.27,17300.0,340.0,179.7
NHPC,1/2/2014,78.0,80.0,77.0,80.0,2.56,11700.0,340.0,179.7
NHPC,1/5/2014,80.0,81.0,79.0,79.0,-1.25,10300.0,340.0,179.7
NHPC,1/6/2014,79.0,80.0,78.0,78.0,-1.27,7300.0,340.0,179.7
NHPC,1/7/2014,78.0,78.0,77.0,78.0,0.0,6500.0,340.0,179.7
NHPC,1/8/2014,78.0,81.0,78.0,81.0,3.85,9000.0,340.0,179.7
NHPC,1/9/2014,81.0,81.0,80.0,80.0,-1.23,3500.0,340.0,179.7
NHPC,1/12/2014,80.0,81.0,80.0,81.0,1.25,2600.0,340.0,179.7
NHPC,1/14/2014,81.0,84.0,82.0,83.0,2.47,7050.0,340.0,179.7
NHPC,1/16/2014,83.0,84.0,82.0,82.0,-1.2,5390.0,340.0,179.7
NHPC,1/19/2014,82.0,81.0,80.0,81.0,-1.22,54000.0,340.0,179.7
NHPC,1/20/2014,81.0,81.0,79.0,80.0,-1.23,6620.0,340.0,179.7
NHPC,1/21/2014,80.0,82.0,79.0,81.0,1.25,16304.0,340.0,179.7
NHPC,1/22/2014,81.0,80.0,75.0,77.0,-4.94,41220.0,340.0,179.7
NHPC,1/23/2014,77.0,78.0,78.0,78.0,1.3,1000.0,340.0,179.7
NHPC,1/26/2014,78.0,80.0,79.0,80.0,2.56,2200.0,340.0,179.7
NHPC,1/27/2014,80.0,80.0,79.0,79.0,-1.25,9110.0,340.0,179.7
NHPC,1/28/2014,79.0,81.0,77.0,81.0,2.53,19400.0,340.0,179.7
NHPC,1/29/2014,81.0,82.0,81.0,81.0,0.0,17300.0,340.0,179.7
NHPC,2/2/2014,81.0,81.0,79.0,80.0,-1.23,77145.0,340.0,179.7
NHPC,2/3/2014,80.0,87.0,81.0,85.0,6.25,76730.0,340.0,179.7
NHPC,2/4/2014,85.0,86.0,82.0,84.0,-1.18,87920.0,340.0,179.7
NHPC,2/6/2014,92.0,101.0,93.0,101.0,20.24,100870.0,340.0,179.7
NHPC,2/9/2014,101.0,111.0,98.0,100.0,-0.99,176810.0,340.0,179.7
NHPC,2/10/2014,100.0,110.0,102.0,105.0,5.0,76150.0,340.0,179.7
NHPC,2/11/2014,105.0,107.0,101.0,105.0,0.0,67280.0,340.0,179.7
NHPC,2/12/2014,105.0,112.0,105.0,107.0,1.9,94775.0,340.0,179.7
NHPC,2/13/2014,107.0,115.0,105.0,115.0,7.48,143970.0,340.0,179.7
NHPC,3/26/2014,115.0,126.0,117.0,126.0,9.57,21400.0,340.0,179.7
NHPC,3/27/2014,126.0,138.0,128.0,138.0,9.52,76180.0,340.0,179.7
NHPC,3/31/2014,138.0,151.0,135.0,150.0,8.7,387895.0,340.0,179.7
NHPC,4/1/2014,150.0,153.0,139.0,139.0,-7.33,95214.0,340.0,179.7
NHPC,4/2/2014,139.0,148.0,131.0,143.0,2.88,120150.0,340.0,179.7
NHPC,4/3/2014,143.0,147.0,140.0,145.0,1.4,59959.0,340.0,179.7
NHPC,4/6/2014,145.0,145.0,138.0,140.0,-3.45,20073.0,340.0,179.7
NHPC,4/7/2014,140.0,144.0,135.0,137.0,-2.14,46480.0,340.0,179.7
NHPC,4/9/2014,137.0,139.0,137.0,137.0,0.0,51630.0,340.0,179.7
NHPC,4/10/2014,137.0,142.0,136.0,137.0,0.0,52050.0,340.0,179.7
NHPC,4/13/2014,137.0,145.0,137.0,145.0,5.84,8360.0,340.0,179.7
NHPC,4/15/2014,145.0,143.0,137.0,137.0,-5.52,23383.0,340.0,179.7
NHPC,4/16/2014,137.0,139.0,134.0,135.0,-1.46,19620.0,340.0,179.7
NHPC,4/17/2014,135.0,137.0,133.0,133.0,-1.48,30600.0,340.0,179.7
NHPC,4/20/2014,133.0,143.0,134.0,136.0,2.26,57964.0,340.0,179.7
NHPC,4/21/2014,136.0,139.0,134.0,139.0,2.21,14800.0,340.0,179.7
NHPC,4/22/2014,139.0,143.0,136.0,136.0,-2.16,13560.0,340.0,179.7
NHPC,4/23/2014,136.0,142.0,136.0,137.0,0.74,29310.0,340.0,179.7
NHPC,4/27/2014,137.0,139.0,135.0,138.0,0.73,41430.0,340.0,179.7
NHPC,4/28/2014,138.0,146.0,138.0,144.0,4.35,117570.0,340.0,179.7
NHPC,4/29/2014,144.0,158.0,144.0,158.0,9.72,197439.0,340.0,179.7
NHPC,4/30/2014,158.0,173.0,161.0,173.0,9.49,112150.0,340.0,179.7
NHPC,5/4/2014,173.0,190.0,176.0,190.0,9.83,33030.0,340.0,179.7
NHPC,5/5/2014,190.0,209.0,178.0,199.0,4.74,346300.0,340.0,179.7
NHPC,5/6/2014,199.0,199.0,180.0,195.0,-2.01,132114.0,340.0,179.7
NHPC,5/7/2014,195.0,192.0,180.0,181.0,-7.18,152666.0,340.0,179.7
NHPC,5/8/2014,181.0,185.0,177.0,180.0,-0.55,59692.0,340.0,179.7
NHPC,5/11/2014,180.0,180.0,171.0,175.0,-2.78,66350.0,340.0,179.7
NHPC,5/12/2014,175.0,185.0,175.0,181.0,3.43,99194.0,340.0,179.7
NHPC,5/13/2014,181.0,188.0,178.0,180.0,-0.55,92100.0,340.0,179.7
NHPC,5/15/2014,180.0,187.0,173.0,177.0,-1.67,53633.0,340.0,179.7
NHPC,5/18/2014,177.0,183.0,170.0,170.0,-3.95,52064.0,340.0,179.7
NHPC,5/19/2014,170.0,182.0,170.0,170.0,0.0,28030.0,340.0,179.7
NHPC,5/20/2014,170.0,175.0,169.0,175.0,2.94,49831.0,340.0,179.7
NHPC,5/21/2014,175.0,178.0,172.0,172.0,-1.71,30959.0,340.0,179.7
NHPC,5/22/2014,172.0,182.0,170.0,170.0,-1.16,82589.0,340.0,179.7
NHPC,5/25/2014,170.0,179.0,168.0,171.0,0.59,70090.0,340.0,179.7
NHPC,5/26/2014,171.0,175.0,167.0,170.0,-0.58,59980.0,340.0,179.7
NHPC,5/27/2014,170.0,172.0,169.0,170.0,0.0,31330.0,340.0,179.7
NHPC,5/28/2014,170.0,171.0,165.0,167.0,-1.76,71749.0,340.0,179.7
NHPC,6/1/2014,167.0,181.0,160.0,163.0,-2.4,438700.0,340.0,179.7
NHPC,6/2/2014,163.0,179.0,164.0,178.0,9.2,42160.0,340.0,179.7
NHPC,6/3/2014,178.0,190.0,177.0,182.0,2.25,60430.0,340.0,179.7
NHPC,6/4/2014,182.0,185.0,177.0,178.0,-2.2,17460.0,340.0,179.7
NHPC,6/5/2014,178.0,180.0,176.0,176.0,-1.12,19130.0,340.0,179.7
NHPC,6/8/2014,176.0,180.0,175.0,178.0,1.14,19730.0,340.0,179.7
NHPC,6/9/2014,178.0,182.0,175.0,176.0,-1.12,89050.0,340.0,179.7
NHPC,6/10/2014,176.0,180.0,177.0,178.0,1.14,71748.0,340.0,179.7
NHPC,6/11/2014,178.0,181.0,175.0,181.0,1.69,20240.0,340.0,179.7
NHPC,6/12/2014,181.0,180.0,173.0,176.0,-2.76,17900.0,340.0,179.7
NHPC,6/15/2014,176.0,182.0,175.0,177.0,0.57,49400.0,340.0,179.7
NHPC,6/16/2014,177.0,181.0,175.0,178.0,0.56,72730.0,340.0,179.7
NHPC,6/17/2014,178.0,179.0,170.0,173.0,-2.81,69000.0,340.0,179.7
NHPC,6/18/2014,173.0,176.0,173.0,175.0,1.16,31020.0,340.0,179.7
NHPC,6/19/2014,175.0,173.0,170.0,173.0,-1.14,108752.0,340.0,179.7
NHPC,6/23/2014,173.0,174.0,167.0,170.0,-1.73,28800.0,340.0,179.7
NHPC,6/24/2014,170.0,173.0,167.0,168.0,-1.18,46755.0,340.0,179.7
NHPC,6/25/2014,168.0,184.0,171.0,184.0,9.52,321534.0,340.0,179.7
NHPC,6/26/2014,184.0,202.0,187.0,188.0,2.17,186669.0,340.0,179.7
NHPC,6/29/2014,188.0,202.0,190.0,193.0,2.66,120900.0,340.0,179.7
NHPC,6/30/2014,193.0,196.0,187.0,191.0,-1.04,46815.0,340.0,179.7
NHPC,7/1/2014,191.0,200.0,191.0,196.0,2.62,114368.0,340.0,179.7
NHPC,7/2/2014,196.0,199.0,191.0,193.0,-1.53,75830.0,340.0,179.7
NHPC,7/3/2014,193.0,200.0,193.0,198.0,2.59,65397.0,340.0,179.7
NHPC,7/6/2014,198.0,210.0,196.0,200.0,1.01,159303.0,340.0,179.7
NHPC,7/7/2014,200.0,218.0,196.0,214.0,7.0,162120.0,340.0,179.7
NHPC,7/8/2014,214.0,227.0,215.0,215.0,0.47,133588.0,340.0,179.7
NHPC,7/9/2014,215.0,225.0,211.0,220.0,2.33,71899.0,340.0,179.7
NHPC,7/10/2014,220.0,222.0,209.0,212.0,-3.64,155217.0,340.0,179.7
NHPC,7/13/2014,212.0,228.0,213.0,217.0,2.36,132965.0,340.0,179.7
NHPC,7/14/2014,217.0,225.0,211.0,214.0,-1.38,79658.0,340.0,179.7
NHPC,7/15/2014,214.0,223.0,210.0,210.0,-1.87,280833.0,340.0,179.7
NHPC,7/16/2014,210.0,221.0,214.0,219.0,4.29,91180.0,340.0,179.7
NHPC,7/17/2014,219.0,220.0,214.0,217.0,-0.91,88820.0,340.0,179.7
NHPC,7/20/2014,217.0,225.0,213.0,213.0,-1.84,41490.0,340.0,179.7
NHPC,7/21/2014,213.0,222.0,213.0,214.0,0.47,40900.0,340.0,179.7
NHPC,7/22/2014,214.0,221.0,210.0,221.0,3.27,35560.0,340.0,179.7
NHPC,7/23/2014,221.0,217.0,208.0,210.0,-4.98,63857.0,340.0,179.7
NHPC,7/24/2014,210.0,215.0,205.0,208.0,-0.95,53110.0,340.0,179.7
NHPC,7/27/2014,208.0,212.0,205.0,205.0,-1.44,49780.0,340.0,179.7
NHPC,7/28/2014,205.0,209.0,202.0,202.0,-1.46,34950.0,340.0,179.7
NHPC,7/30/2014,202.0,210.0,199.0,202.0,0.0,82500.0,340.0,179.7
NHPC,7/31/2014,202.0,204.0,194.0,195.0,-3.47,81150.0,340.0,179.7
NHPC,8/3/2014,195.0,193.0,185.0,187.0,-4.1,140350.0,340.0,179.7
NHPC,8/4/2014,187.0,195.0,188.0,190.0,1.6,33960.0,340.0,179.7
NHPC,8/5/2014,190.0,193.0,182.0,188.0,-1.05,133080.0,340.0,179.7
NHPC,8/6/2014,188.0,194.0,188.0,193.0,2.66,24220.0,340.0,179.7
NHPC,8/7/2014,193.0,193.0,186.0,193.0,0.0,28050.0,340.0,179.7
NHPC,8/12/2014,193.0,190.0,186.0,187.0,-3.11,12420.0,340.0,179.7
NHPC,8/13/2014,187.0,190.0,178.0,185.0,-1.07,33870.0,340.0,179.7
NHPC,8/14/2014,185.0,186.0,180.0,185.0,0.0,44870.0,340.0,179.7
NHPC,8/18/2014,185.0,187.0,177.0,185.0,0.0,27490.0,340.0,179.7
NHPC,8/19/2014,185.0,188.0,177.0,184.0,-0.54,39170.0,340.0,179.7
NHPC,8/20/2014,184.0,181.0,175.0,178.0,-3.26,15600.0,340.0,179.7
NHPC,8/21/2014,178.0,178.0,166.0,170.0,-4.49,25276.0,340.0,179.7
NHPC,8/24/2014,170.0,175.0,168.0,168.0,-1.18,19766.0,340.0,179.7
NHPC,8/25/2014,168.0,168.0,165.0,165.0,-1.79,1116.0,340.0,179.7
NHPC,8/26/2014,165.0,168.0,159.0,168.0,1.82,4330.0,340.0,179.7
NHPC,8/27/2014,168.0,169.0,157.0,160.0,-4.76,68670.0,340.0,179.7
NHPC,8/28/2014,160.0,176.0,163.0,176.0,10.0,53160.0,340.0,179.7
NHPC,8/31/2014,176.0,177.0,167.0,167.0,-5.11,12502.0,340.0,179.7
NHPC,9/1/2014,167.0,166.0,160.0,162.0,-2.99,13000.0,340.0,179.7
NHPC,9/3/2014,162.0,164.0,149.0,154.0,-4.94,109886.0,340.0,179.7
NHPC,9/4/2014,154.0,155.0,146.0,149.0,-3.25,26650.0,340.0,179.7
NHPC,9/7/2014,149.0,147.0,135.0,135.0,-9.4,32917.0,340.0,179.7
NHPC,9/9/2014,135.0,148.0,135.0,148.0,9.63,44603.0,340.0,179.7
NHPC,9/10/2014,148.0,162.0,147.0,153.0,3.38,52410.0,340.0,179.7
NHPC,9/11/2014,153.0,159.0,148.0,158.0,3.27,45207.0,340.0,179.7
NHPC,9/14/2014,158.0,156.0,152.0,152.0,-3.8,3500.0,340.0,179.7
NHPC,9/15/2014,152.0,152.0,150.0,150.0,-1.32,7260.0,340.0,179.7
NHPC,9/16/2014,150.0,150.0,146.0,148.0,-1.33,8000.0,340.0,179.7
NHPC,9/17/2014,148.0,150.0,146.0,146.0,-1.35,2290.0,340.0,179.7
NHPC,9/18/2014,146.0,147.0,138.0,140.0,-4.11,16110.0,340.0,179.7
NHPC,9/21/2014,140.0,138.0,131.0,134.0,-4.29,18050.0,340.0,179.7
NHPC,9/22/2014,134.0,136.0,130.0,134.0,0.0,16540.0,340.0,179.7
NHPC,9/23/2014,134.0,144.0,136.0,139.0,3.73,43441.0,340.0,179.7
NHPC,9/24/2014,139.0,152.0,141.0,149.0,7.19,18750.0,340.0,179.7
NHPC,9/28/2014,149.0,160.0,149.0,149.0,0.0,34650.0,340.0,179.7
NHPC,9/29/2014,149.0,153.0,150.0,150.0,0.67,15840.0,340.0,179.7
NHPC,9/30/2014,150.0,154.0,149.0,154.0,2.67,3550.0,340.0,179.7
NHPC,10/8/2014,154.0,151.0,151.0,151.0,-1.95,500.0,340.0,179.7
NHPC,10/9/2014,151.0,150.0,150.0,150.0,-0.66,500.0,340.0,179.7
NHPC,10/12/2014,150.0,147.0,144.0,147.0,-2.0,9500.0,340.0,179.7
NHPC,10/13/2014,147.0,147.0,143.0,144.0,-2.04,5050.0,340.0,179.7
NHPC,10/14/2014,144.0,144.0,142.0,143.0,-0.69,7500.0,340.0,179.7
NHPC,10/15/2014,143.0,145.0,143.0,144.0,0.7,15700.0,340.0,179.7
NHPC,10/16/2014,144.0,144.0,140.0,140.0,-2.78,20000.0,340.0,179.7
NHPC,10/19/2014,140.0,140.0,138.0,140.0,0.0,2130.0,340.0,179.7
NHPC,10/20/2014,140.0,143.0,140.0,141.0,0.71,7000.0,340.0,179.7
NHPC,10/21/2014,141.0,143.0,141.0,141.0,0.0,4000.0,340.0,179.7
NHPC,10/26/2014,141.0,151.0,143.0,151.0,7.09,8510.0,340.0,179.7
NHPC,10/27/2014,151.0,154.0,146.0,146.0,-3.31,7310.0,340.0,179.7
NHPC,10/28/2014,146.0,145.0,143.0,145.0,-0.68,3800.0,340.0,179.7
NHPC,10/30/2014,145.0,146.0,143.0,146.0,0.69,3890.0,340.0,179.7
NHPC,11/2/2014,146.0,144.0,140.0,140.0,-4.11,5000.0,340.0,179.7
NHPC,11/3/2014,140.0,141.0,137.0,138.0,-1.43,31200.0,340.0,179.7
NHPC,11/4/2014,138.0,138.0,134.0,137.0,-0.72,36030.0,340.0,179.7
NHPC,11/5/2014,137.0,141.0,136.0,139.0,1.46,19570.0,340.0,179.7
NHPC,11/6/2014,139.0,139.0,135.0,137.0,-1.44,53210.0,340.0,179.7
NHPC,11/9/2014,137.0,139.0,135.0,136.0,-0.73,16780.0,340.0,179.7
NHPC,11/10/2014,136.0,136.0,132.0,134.0,-1.47,17220.0,340.0,179.7
NHPC,11/11/2014,134.0,133.0,128.0,130.0,-2.99,30770.0,340.0,179.7
NHPC,11/12/2014,130.0,137.0,132.0,132.0,1.54,9220.0,340.0,179.7
NHPC,11/13/2014,132.0,134.0,128.0,130.0,-1.52,22700.0,340.0,179.7
NHPC,11/16/2014,130.0,129.0,125.0,125.0,-3.85,17911.0,340.0,179.7
NHPC,11/17/2014,125.0,127.0,114.0,115.0,-8.0,46070.0,340.0,179.7
NHPC,11/18/2014,115.0,125.0,110.0,118.0,2.61,66480.0,340.0,179.7
NHPC,11/19/2014,118.0,120.0,116.0,120.0,1.69,38800.0,340.0,179.7
NHPC,11/20/2014,120.0,128.0,120.0,123.0,2.5,46900.0,340.0,179.7
NHPC,11/23/2014,123.0,133.0,121.0,121.0,-1.63,86520.0,340.0,179.7
NHPC,11/24/2014,121.0,124.0,121.0,124.0,2.48,31060.0,340.0,179.7
NHPC,11/25/2014,124.0,125.0,121.0,123.0,-0.81,19291.0,340.0,179.7
NHPC,11/30/2014,123.0,125.0,123.0,123.0,0.0,500.0,340.0,179.7
NHPC,12/1/2014,123.0,121.0,117.0,119.0,-3.25,20000.0,340.0,179.7
NHPC,12/2/2014,119.0,118.0,112.0,116.0,-2.52,93370.0,340.0,179.7
NHPC,12/3/2014,116.0,123.0,116.0,117.0,0.86,17920.0,340.0,179.7
NHPC,12/4/2014,117.0,122.0,119.0,119.0,1.71,8500.0,340.0,179.7
NHPC,12/7/2014,119.0,120.0,118.0,118.0,-0.84,6500.0,340.0,179.7
NHPC,12/8/2014,118.0,119.0,114.0,114.0,-3.39,16020.0,340.0,179.7
NHPC,12/9/2014,114.0,118.0,116.0,118.0,3.51,11400.0,340.0,179.7
NHPC,12/10/2014,118.0,125.0,119.0,121.0,2.54,15370.0,340.0,179.7
NHPC,12/11/2014,121.0,124.0,121.0,122.0,0.83,11300.0,340.0,179.7
NHPC,12/14/2014,122.0,131.0,122.0,127.0,4.1,72737.0,340.0,179.7
NHPC,12/15/2014,127.0,131.0,125.0,127.0,0.0,34740.0,340.0,179.7
NHPC,12/16/2014,127.0,129.0,123.0,126.0,-0.79,25800.0,340.0,179.7
NHPC,12/17/2014,126.0,126.0,122.0,123.0,-2.38,25597.0,340.0,179.7
NHPC,12/18/2014,123.0,125.0,122.0,125.0,1.63,17850.0,340.0,179.7
NHPC,12/21/2014,125.0,124.0,119.0,120.0,-4.0,20810.0,340.0,179.7
NHPC,12/22/2014,120.0,118.0,118.0,118.0,-1.67,5000.0,340.0,179.7
NHPC,12/23/2014,118.0,120.0,113.0,118.0,0.0,43900.0,340.0,179.7
NHPC,12/24/2014,118.0,123.0,118.0,118.0,0.0,11500.0,340.0,179.7
NHPC,12/28/2014,118.0,126.0,120.0,126.0,6.78,43897.0,340.0,179.7
NHPC,12/29/2014,126.0,124.0,121.0,121.0,-3.97,37000.0,340.0,179.7
NHPC,12/31/2014,121.0,123.0,117.0,123.0,1.65,17400.0,340.0,179.7
NHPC,1/1/2015,123.0,126.0,121.0,123.0,0.0,72020.0,340.0,179.7
NHPC,1/4/2015,123.0,126.0,124.0,124.0,0.81,43880.0,340.0,179.7
NHPC,1/5/2015,124.0,128.0,123.0,123.0,-0.81,28050.0,340.0,179.7
NHPC,1/6/2015,123.0,125.0,120.0,120.0,-2.44,34500.0,340.0,179.7
NHPC,1/7/2015,120.0,125.0,120.0,124.0,3.33,34510.0,340.0,179.7
NHPC,1/8/2015,124.0,127.0,123.0,123.0,-0.81,20750.0,340.0,179.7
NHPC,1/11/2015,123.0,127.0,123.0,125.0,1.63,36900.0,340.0,179.7
NHPC,1/12/2015,125.0,126.0,123.0,124.0,-0.8,10100.0,340.0,179.7
NHPC,1/13/2015,124.0,125.0,122.0,125.0,0.81,15040.0,340.0,179.7
NHPC,1/14/2015,125.0,126.0,123.0,126.0,0.8,15060.0,340.0,179.7
NHPC,1/18/2015,126.0,127.0,124.0,126.0,0.0,15640.0,340.0,179.7
NHPC,1/19/2015,126.0,134.0,127.0,128.0,1.59,73101.0,340.0,179.7
NHPC,1/20/2015,128.0,128.0,124.0,125.0,-2.34,6190.0,340.0,179.7
NHPC,1/22/2015,125.0,125.0,123.0,125.0,0.0,24400.0,340.0,179.7
NHPC,1/25/2015,125.0,128.0,124.0,126.0,0.8,11400.0,340.0,179.7
NHPC,1/26/2015,126.0,127.0,125.0,125.0,-0.79,6020.0,340.0,179.7
NHPC,1/27/2015,125.0,128.0,123.0,128.0,2.4,11900.0,340.0,179.7
NHPC,1/28/2015,128.0,127.0,126.0,127.0,-0.78,4600.0,340.0,179.7
NHPC,1/29/2015,127.0,131.0,125.0,127.0,0.0,23820.0,340.0,179.7
NHPC,2/1/2015,127.0,129.0,125.0,127.0,0.0,14340.0,340.0,179.7
NHPC,2/2/2015,127.0,128.0,124.0,125.0,-1.57,11460.0,340.0,179.7
NHPC,2/3/2015,125.0,126.0,125.0,126.0,0.8,5900.0,340.0,179.7
NHPC,2/4/2015,126.0,128.0,125.0,127.0,0.79,21590.0,340.0,179.7
NHPC,2/5/2015,127.0,126.0,124.0,125.0,-1.57,10120.0,340.0,179.7
NHPC,2/8/2015,125.0,127.0,125.0,127.0,1.6,9800.0,340.0,179.7
NHPC,2/9/2015,127.0,125.0,125.0,125.0,-1.57,6000.0,340.0,179.7
NHPC,2/10/2015,125.0,125.0,124.0,124.0,-0.8,6610.0,340.0,179.7
NHPC,2/11/2015,124.0,125.0,124.0,125.0,0.81,5600.0,340.0,179.7
NHPC,2/12/2015,125.0,125.0,123.0,124.0,-0.8,27500.0,340.0,179.7
NHPC,2/15/2015,124.0,123.0,123.0,123.0,-0.81,4500.0,340.0,179.7
NHPC,2/16/2015,123.0,126.0,123.0,125.0,1.63,29060.0,340.0,179.7
NHPC,2/18/2015,125.0,126.0,122.0,122.0,-2.4,15760.0,340.0,179.7
NHPC,2/22/2015,122.0,124.0,121.0,121.0,-0.82,19057.0,340.0,179.7
NHPC,2/23/2015,121.0,124.0,121.0,121.0,0.0,12631.0,340.0,179.7
NHPC,2/24/2015,121.0,122.0,120.0,120.0,-0.83,11670.0,340.0,179.7
NHPC,2/25/2015,120.0,122.0,120.0,122.0,1.67,10600.0,340.0,179.7
NHPC,2/26/2015,122.0,124.0,121.0,123.0,0.82,13760.0,340.0,179.7
NHPC,3/1/2015,123.0,121.0,118.0,120.0,-2.44,19690.0,340.0,179.7
NHPC,3/2/2015,120.0,123.0,120.0,122.0,1.67,8940.0,340.0,179.7
NHPC,3/3/2015,122.0,122.0,121.0,121.0,-0.82,7900.0,340.0,179.7
NHPC,3/4/2015,121.0,124.0,121.0,124.0,2.48,28270.0,340.0,179.7
NHPC,3/9/2015,124.0,136.0,125.0,131.0,5.65,138997.0,340.0,179.7
NHPC,3/10/2015,131.0,138.0,131.0,131.0,0.0,69270.0,340.0,179.7
NHPC,3/11/2015,131.0,140.0,132.0,135.0,3.05,50587.0,340.0,179.7
NHPC,3/12/2015,135.0,140.0,133.0,139.0,2.96,72340.0,340.0,179.7
NHPC,3/15/2015,139.0,137.0,128.0,134.0,-3.6,24780.0,340.0,179.7
NHPC,3/16/2015,134.0,136.0,128.0,130.0,-2.99,27900.0,340.0,179.7
NHPC,3/17/2015,130.0,131.0,128.0,130.0,0.0,8567.0,340.0,179.7
NHPC,3/18/2015,130.0,132.0,128.0,130.0,0.0,10300.0,340.0,179.7
NHPC,3/19/2015,130.0,134.0,127.0,129.0,-0.77,14920.0,340.0,179.7
NHPC,3/22/2015,129.0,131.0,126.0,129.0,0.0,15670.0,340.0,179.7
NHPC,3/23/2015,129.0,129.0,125.0,129.0,0.0,2270.0,340.0,179.7
NHPC,3/24/2015,129.0,127.0,125.0,127.0,-1.55,11530.0,340.0,179.7
NHPC,3/25/2015,127.0,126.0,124.0,125.0,-1.57,11000.0,340.0,179.7
NHPC,3/26/2015,125.0,127.0,124.0,125.0,0.0,8400.0,340.0,179.7
NHPC,3/29/2015,125.0,124.0,122.0,124.0,-0.8,6000.0,340.0,179.7
NHPC,3/30/2015,124.0,127.0,123.0,123.0,-0.81,8760.0,340.0,179.7
NHPC,3/31/2015,123.0,130.0,124.0,130.0,5.69,12310.0,340.0,179.7
NHPC,4/1/2015,130.0,132.0,126.0,132.0,1.54,8181.0,340.0,179.7
NHPC,4/2/2015,132.0,130.0,125.0,129.0,-2.27,13950.0,340.0,179.7
NHPC,4/5/2015,129.0,131.0,124.0,128.0,-0.78,9440.0,340.0,179.7
NHPC,4/6/2015,128.0,130.0,128.0,130.0,1.56,30.0,340.0,179.7
NHPC,4/8/2015,130.0,132.0,121.0,128.0,-1.54,41231.0,340.0,179.7
NHPC,4/9/2015,128.0,127.0,124.0,127.0,-0.78,15130.0,340.0,179.7
NHPC,4/12/2015,127.0,129.0,124.0,125.0,-1.57,42550.0,340.0,179.7
NHPC,4/13/2015,125.0,128.0,123.0,125.0,0.0,43150.0,340.0,179.7
NHPC,4/15/2015,125.0,125.0,124.0,124.0,-0.8,19600.0,340.0,179.7
NHPC,4/16/2015,124.0,125.0,122.0,125.0,0.81,7200.0,340.0,179.7
NHPC,4/19/2015,125.0,128.0,123.0,126.0,0.8,14920.0,340.0,179.7
NHPC,4/20/2015,126.0,128.0,125.0,125.0,-0.79,950.0,340.0,179.7
NHPC,4/21/2015,125.0,125.0,123.0,125.0,0.0,3750.0,340.0,179.7
NHPC,4/22/2015,125.0,127.0,121.0,122.0,-2.4,10820.0,340.0,179.7
NHPC,4/23/2015,122.0,122.0,119.0,119.0,-2.46,31860.0,340.0,179.7
NHPC,5/25/2015,119.0,117.0,117.0,117.0,-1.68,500.0,340.0,179.7
NHPC,5/26/2015,117.0,115.0,107.0,107.0,-8.55,1407.0,340.0,179.7
NHPC,5/28/2015,107.0,105.0,98.0,105.0,-1.87,40267.0,340.0,179.7
NHPC,5/31/2015,105.0,111.0,104.0,108.0,2.86,27630.0,340.0,179.7
NHPC,6/1/2015,108.0,114.0,108.0,114.0,5.56,36810.0,340.0,179.7
NHPC,6/2/2015,114.0,115.0,108.0,115.0,0.88,28036.0,340.0,179.7
NHPC,6/3/2015,115.0,120.0,115.0,120.0,4.35,16837.0,340.0,179.7
NHPC,6/4/2015,120.0,122.0,114.0,118.0,-1.67,23710.0,340.0,179.7
NHPC,6/7/2015,118.0,118.0,116.0,116.0,-1.69,8700.0,340.0,179.7
NHPC,6/8/2015,116.0,125.0,118.0,125.0,7.76,55530.0,340.0,179.7
NHPC,6/9/2015,125.0,136.0,127.0,128.0,2.4,77660.0,340.0,179.7
NHPC,6/10/2015,128.0,131.0,124.0,130.0,1.56,35790.0,340.0,179.7
NHPC,6/11/2015,130.0,132.0,122.0,124.0,-4.62,17610.0,340.0,179.7
NHPC,6/14/2015,124.0,126.0,118.0,120.0,-3.23,24750.0,340.0,179.7
NHPC,6/15/2015,120.0,124.0,118.0,118.0,-1.67,23000.0,340.0,179.7
NHPC,6/16/2015,118.0,122.0,116.0,119.0,0.85,30600.0,340.0,179.7
NHPC,6/17/2015,119.0,121.0,118.0,119.0,0.0,9000.0,340.0,179.7
NHPC,6/18/2015,119.0,119.0,118.0,118.0,-0.84,4500.0,340.0,179.7
NHPC,6/21/2015,118.0,118.0,114.0,115.0,-2.54,28400.0,340.0,179.7
NHPC,6/22/2015,115.0,119.0,116.0,117.0,1.74,18720.0,340.0,179.7
NHPC,6/23/2015,117.0,119.0,117.0,119.0,1.71,7200.0,340.0,179.7
NHPC,6/24/2015,119.0,118.0,116.0,117.0,-1.68,8680.0,340.0,179.7
NHPC,6/25/2015,117.0,118.0,116.0,116.0,-0.85,4000.0,340.0,179.7
NHPC,6/28/2015,116.0,121.0,116.0,120.0,3.45,27200.0,340.0,179.7
NHPC,6/29/2015,120.0,122.0,118.0,120.0,0.0,19630.0,340.0,179.7
NHPC,6/30/2015,120.0,121.0,117.0,119.0,-0.83,7200.0,340.0,179.7
NHPC,7/1/2015,119.0,122.0,118.0,122.0,2.52,9300.0,340.0,179.7
NHPC,7/2/2015,122.0,120.0,116.0,116.0,-4.92,22830.0,340.0,179.7
NHPC,7/5/2015,116.0,127.0,118.0,121.0,4.31,86717.0,340.0,179.7
NHPC,7/6/2015,121.0,123.0,122.0,123.0,1.65,8420.0,340.0,179.7
NHPC,7/7/2015,123.0,123.0,119.0,119.0,-3.25,5300.0,340.0,179.7
NHPC,7/8/2015,119.0,123.0,119.0,121.0,1.68,12431.0,340.0,179.7
NHPC,7/9/2015,121.0,119.0,118.0,118.0,-2.48,14000.0,340.0,179.7
NHPC,7/12/2015,118.0,120.0,118.0,119.0,0.85,4040.0,340.0,179.7
NHPC,7/13/2015,119.0,118.0,118.0,118.0,-0.84,5000.0,340.0,179.7
NHPC,7/14/2015,118.0,119.0,117.0,117.0,-0.85,8740.0,340.0,179.7
NHPC,7/15/2015,117.0,119.0,118.0,119.0,1.71,23400.0,340.0,179.7
NHPC,7/16/2015,119.0,125.0,117.0,124.0,4.2,10891.0,340.0,179.7
NHPC,7/22/2015,124.0,122.0,120.0,120.0,-3.23,17610.0,340.0,179.7
NHPC,7/23/2015,120.0,123.0,119.0,123.0,2.5,25781.0,340.0,179.7
NHPC,7/26/2015,123.0,131.0,125.0,131.0,6.5,1510.0,340.0,179.7
NHPC,7/27/2015,131.0,135.0,122.0,122.0,-6.87,16370.0,340.0,179.7
NHPC,7/28/2015,122.0,123.0,120.0,120.0,-1.64,22289.0,340.0,179.7
NHPC,7/29/2015,120.0,122.0,118.0,119.0,-0.83,18740.0,340.0,179.7
NHPC,7/30/2015,119.0,122.0,117.0,120.0,0.84,25500.0,340.0,179.7
NHPC,8/2/2015,120.0,128.0,122.0,127.0,5.83,63820.0,340.0,179.7
NHPC,8/3/2015,127.0,126.0,121.0,121.0,-4.72,33800.0,340.0,179.7
NHPC,8/4/2015,121.0,123.0,121.0,123.0,1.65,8250.0,340.0,179.7
NHPC,8/5/2015,123.0,122.0,120.0,120.0,-2.44,6920.0,340.0,179.7
NHPC,8/6/2015,120.0,121.0,118.0,120.0,0.0,14620.0,340.0,179.7
NHPC,8/9/2015,120.0,124.0,120.0,120.0,0.0,9500.0,340.0,179.7
NHPC,8/10/2015,120.0,119.0,116.0,119.0,-0.83,12550.0,340.0,179.7
NHPC,8/11/2015,119.0,120.0,114.0,117.0,-1.68,40520.0,340.0,179.7
NHPC,8/12/2015,117.0,118.0,116.0,116.0,-0.85,19600.0,340.0,179.7
NHPC,8/13/2015,116.0,118.0,116.0,116.0,0.0,19200.0,340.0,179.7
NHPC,8/16/2015,116.0,115.0,113.0,115.0,-0.86,25382.0,340.0,179.7
NHPC,8/17/2015,115.0,119.0,114.0,119.0,3.48,12730.0,340.0,179.7
NHPC,8/18/2015,119.0,121.0,114.0,115.0,-3.36,27740.0,340.0,179.7
NHPC,8/19/2015,115.0,117.0,113.0,114.0,-0.87,13880.0,340.0,179.7
NHPC,8/20/2015,114.0,116.0,110.0,114.0,0.0,66530.0,340.0,179.7
NHPC,8/23/2015,114.0,114.0,110.0,114.0,0.0,23540.0,340.0,179.7
NHPC,8/24/2015,114.0,114.0,112.0,112.0,-1.75,23860.0,340.0,179.7
NHPC,8/25/2015,112.0,114.0,110.0,114.0,1.79,9540.0,340.0,179.7
NHPC,8/26/2015,114.0,115.0,112.0,113.0,-0.88,12400.0,340.0,179.7
NHPC,8/27/2015,113.0,114.0,111.0,113.0,0.0,4220.0,340.0,179.7
NHPC,8/31/2015,113.0,115.0,111.0,112.0,-0.88,28940.0,340.0,179.7
NHPC,9/1/2015,112.0,120.0,111.0,117.0,4.46,68000.0,340.0,179.7
NHPC,9/2/2015,117.0,124.0,116.0,119.0,1.71,78410.0,340.0,179.7
NHPC,9/3/2015,119.0,124.0,118.0,121.0,1.68,109632.0,340.0,179.7
NHPC,9/6/2015,121.0,127.0,119.0,123.0,1.65,80677.0,340.0,179.7
NHPC,9/7/2015,123.0,125.0,123.0,125.0,1.63,56830.0,340.0,179.7
NHPC,9/8/2015,125.0,125.0,123.0,123.0,-1.6,19480.0,340.0,179.7
NHPC,9/9/2015,123.0,123.0,120.0,122.0,-0.81,41310.0,340.0,179.7
NHPC,9/10/2015,122.0,123.0,119.0,120.0,-1.64,10266.0,340.0,179.7
NHPC,9/13/2015,120.0,120.0,117.0,117.0,-2.5,17740.0,340.0,179.7
NHPC,9/14/2015,117.0,121.0,119.0,119.0,1.71,12000.0,340.0,179.7
NHPC,9/15/2015,119.0,121.0,120.0,121.0,1.68,25100.0,340.0,179.7
NHPC,9/16/2015,121.0,123.0,120.0,120.0,-0.83,8600.0,340.0,179.7
NHPC,9/17/2015,120.0,123.0,119.0,121.0,0.83,19300.0,340.0,179.7
NHPC,9/22/2015,121.0,120.0,116.0,118.0,-2.48,18092.0,340.0,179.7
NHPC,9/23/2015,118.0,120.0,117.0,117.0,-0.85,10550.0,340.0,179.7
NHPC,9/24/2015,117.0,117.0,115.0,117.0,0.0,17700.0,340.0,179.7
NHPC,9/28/2015,117.0,117.0,113.0,116.0,-0.85,17440.0,340.0,179.7
NHPC,9/29/2015,116.0,117.0,116.0,116.0,0.0,5600.0,340.0,179.7
NHPC,9/30/2015,116.0,117.0,114.0,116.0,0.0,9900.0,340.0,179.7
NHPC,10/1/2015,116.0,118.0,114.0,116.0,0.0,12800.0,340.0,179.7
NHPC,10/4/2015,116.0,116.0,114.0,115.0,-0.86,7000.0,340.0,179.7
NHPC,10/5/2015,115.0,117.0,114.0,117.0,1.74,4100.0,340.0,179.7
NHPC,10/6/2015,117.0,116.0,112.0,114.0,-2.56,17600.0,340.0,179.7
NHPC,10/7/2015,114.0,114.0,112.0,114.0,0.0,11530.0,340.0,179.7
NHPC,10/8/2015,114.0,121.0,113.0,121.0,6.14,31350.0,340.0,179.7
NHPC,10/11/2015,121.0,119.0,119.0,119.0,-1.65,500.0,340.0,179.7
NHPC,10/14/2015,119.0,117.0,115.0,115.0,-3.36,2000.0,340.0,179.7
NHPC,10/15/2015,115.0,115.0,113.0,113.0,-1.74,1910.0,340.0,179.7
NHPC,10/28/2015,113.0,111.0,109.0,109.0,-3.54,18197.0,340.0,179.7
NHPC,10/29/2015,109.0,113.0,109.0,112.0,2.75,34710.0,340.0,179.7
NHPC,11/1/2015,112.0,116.0,110.0,116.0,3.57,17050.0,340.0,179.7
NHPC,11/2/2015,116.0,114.0,110.0,113.0,-2.59,11230.0,340.0,179.7
NHPC,11/3/2015,113.0,115.0,110.0,111.0,-1.77,7690.0,340.0,179.7
NHPC,11/4/2015,111.0,112.0,111.0,112.0,0.9,14500.0,340.0,179.7
NHPC,11/5/2015,112.0,111.0,111.0,111.0,-0.89,2500.0,340.0,179.7
NHPC,11/8/2015,111.0,111.0,109.0,110.0,-0.9,36960.0,340.0,179.7
NHPC,11/9/2015,110.0,115.0,112.0,113.0,2.73,45850.0,340.0,179.7
NHPC,11/10/2015,113.0,115.0,114.0,114.0,0.88,9666.0,340.0,179.7
NHPC,11/15/2015,114.0,112.0,111.0,111.0,-2.63,9000.0,340.0,179.7
NHPC,11/16/2015,111.0,111.0,110.0,110.0,-0.9,9010.0,340.0,179.7
NHPC,11/18/2015,110.0,114.0,112.0,114.0,3.64,5100.0,340.0,179.7
NHPC,11/19/2015,114.0,112.0,110.0,111.0,-2.63,2000.0,340.0,179.7
NHPC,11/22/2015,111.0,111.0,108.0,109.0,-1.8,17250.0,340.0,179.7
NHPC,11/23/2015,109.0,111.0,108.0,110.0,0.92,19600.0,340.0,179.7
NHPC,11/24/2015,110.0,110.0,108.0,108.0,-1.82,9550.0,340.0,179.7
NHPC,11/25/2015,108.0,109.0,107.0,108.0,0.0,20570.0,340.0,179.7
NHPC,11/26/2015,108.0,110.0,105.0,105.0,-2.78,11544.0,340.0,179.7
NHPC,11/29/2015,105.0,104.0,102.0,104.0,-0.95,5500.0,340.0,179.7
NHPC,11/30/2015,104.0,107.0,103.0,106.0,1.92,12700.0,340.0,179.7
NHPC,12/1/2015,106.0,107.0,106.0,106.0,0.0,5000.0,340.0,179.7
NHPC,12/2/2015,106.0,106.0,104.0,106.0,0.0,6400.0,340.0,179.7
NHPC,12/3/2015,106.0,108.0,107.0,107.0,0.94,3000.0,340.0,179.7
NHPC,12/6/2015,107.0,109.0,107.0,109.0,1.87,2470.0,340.0,179.7
NHPC,12/7/2015,109.0,107.0,107.0,107.0,-1.83,500.0,340.0,179.7
NHPC,12/9/2015,107.0,110.0,104.0,105.0,-1.87,30050.0,340.0,179.7
NHPC,12/10/2015,105.0,110.0,106.0,106.0,0.95,16800.0,340.0,179.7
NHPC,12/13/2015,106.0,114.0,108.0,112.0,5.66,74214.0,340.0,179.7
NHPC,12/14/2015,112.0,115.0,112.0,115.0,2.68,43954.0,340.0,179.7
NHPC,12/15/2015,115.0,115.0,111.0,111.0,-3.48,9120.0,340.0,179.7
NHPC,12/16/2015,111.0,111.0,108.0,108.0,-2.7,11570.0,340.0,179.7
NHPC,12/17/2015,108.0,112.0,108.0,109.0,0.93,9810.0,340.0,179.7
NHPC,12/20/2015,109.0,109.0,107.0,109.0,0.0,8540.0,340.0,179.7
NHPC,12/21/2015,109.0,109.0,107.0,109.0,0.0,9320.0,340.0,179.7
NHPC,12/22/2015,109.0,111.0,107.0,107.0,-1.83,8630.0,340.0,179.7
NHPC,12/23/2015,107.0,110.0,107.0,110.0,2.8,29400.0,340.0,179.7
NHPC,12/24/2015,110.0,108.0,108.0,108.0,-1.82,2000.0,340.0,179.7
NHPC,12/27/2015,108.0,110.0,106.0,110.0,1.85,4860.0,340.0,179.7
NHPC,12/28/2015,110.0,108.0,106.0,107.0,-2.73,9000.0,340.0,179.7
NHPC,12/29/2015,107.0,110.0,107.0,109.0,1.87,17900.0,340.0,179.7
NHPC,12/31/2015,109.0,115.0,107.0,108.0,-0.92,22290.0,340.0,179.7
NHPC,1/3/2016,108.0,111.0,107.0,110.0,1.85,48940.0,340.0,179.7
NHPC,1/4/2016,110.0,115.0,110.0,112.0,1.82,34550.0,340.0,179.7
NHPC,1/5/2016,112.0,114.0,112.0,112.0,0.0,50190.0,340.0,179.7
NHPC,1/6/2016,112.0,123.0,111.0,123.0,9.82,153480.0,340.0,179.7
NHPC,1/7/2016,123.0,125.0,118.0,120.0,-2.44,75605.0,340.0,179.7
NHPC,1/10/2016,120.0,123.0,118.0,123.0,2.5,65180.0,340.0,179.7
NHPC,1/11/2016,123.0,123.0,118.0,119.0,-3.25,16440.0,340.0,179.7
NHPC,1/12/2016,119.0,118.0,113.0,116.0,-2.52,23930.0,340.0,179.7
NHPC,1/13/2016,116.0,117.0,115.0,115.0,-0.86,38720.0,340.0,179.7
NHPC,1/14/2016,115.0,123.0,113.0,118.0,2.61,96200.0,340.0,179.7
NHPC,1/17/2016,118.0,124.0,120.0,124.0,5.08,30.0,340.0,179.7
NHPC,1/18/2016,124.0,136.0,126.0,136.0,9.68,7070.0,340.0,179.7
NHPC,1/19/2016,136.0,149.0,138.0,149.0,9.56,37550.0,340.0,179.7
NHPC,1/20/2016,149.0,157.0,137.0,140.0,-6.04,80040.0,340.0,179.7
NHPC,1/21/2016,140.0,154.0,142.0,154.0,10.0,31880.0,340.0,179.7
NHPC,1/24/2016,154.0,165.0,153.0,159.0,3.25,24670.0,340.0,179.7
NHPC,1/25/2016,159.0,163.0,153.0,158.0,-0.63,26100.0,340.0,179.7
NHPC,1/26/2016,158.0,160.0,150.0,154.0,-2.53,19430.0,340.0,179.7
NHPC,1/27/2016,154.0,153.0,144.0,150.0,-2.6,20580.0,340.0,179.7
NHPC,1/28/2016,150.0,156.0,147.0,147.0,-2.0,31800.0,340.0,179.7
NHPC,1/31/2016,147.0,147.0,143.0,147.0,0.0,29800.0,340.0,179.7
NHPC,2/1/2016,147.0,151.0,145.0,145.0,-1.36,31330.0,340.0,179.7
NHPC,2/2/2016,145.0,146.0,142.0,144.0,-0.69,30090.0,340.0,179.7
NHPC,2/3/2016,144.0,146.0,142.0,142.0,-1.39,5800.0,340.0,179.7
NHPC,2/4/2016,142.0,153.0,140.0,150.0,5.63,69700.0,340.0,179.7
NHPC,2/7/2016,150.0,163.0,150.0,158.0,5.33,143250.0,340.0,179.7
NHPC,2/8/2016,158.0,166.0,158.0,163.0,3.16,125200.0,340.0,179.7
NHPC,2/11/2016,163.0,174.0,165.0,170.0,4.29,99360.0,340.0,179.7
NHPC,2/14/2016,170.0,176.0,164.0,166.0,-2.35,46600.0,340.0,179.7
NHPC,2/15/2016,166.0,168.0,159.0,166.0,0.0,38214.0,340.0,179.7
NHPC,2/16/2016,166.0,169.0,160.0,164.0,-1.2,19500.0,340.0,179.7
NHPC,2/17/2016,164.0,165.0,161.0,163.0,-0.61,17660.0,340.0,179.7
NHPC,2/18/2016,163.0,168.0,162.0,166.0,1.84,56790.0,340.0,179.7
NHPC,2/21/2016,166.0,178.0,169.0,178.0,7.23,257261.0,340.0,179.7
NHPC,2/22/2016,178.0,184.0,174.0,176.0,-1.12,60610.0,340.0,179.7
NHPC,2/23/2016,176.0,176.0,165.0,168.0,-4.55,75770.0,340.0,179.7
NHPC,2/24/2016,168.0,177.0,163.0,164.0,-2.38,69640.0,340.0,179.7
NHPC,2/25/2016,164.0,168.0,160.0,164.0,0.0,57125.0,340.0,179.7
NHPC,2/28/2016,164.0,170.0,160.0,165.0,0.61,39460.0,340.0,179.7
NHPC,2/29/2016,165.0,165.0,163.0,164.0,-0.61,19730.0,340.0,179.7
NHPC,3/1/2016,164.0,167.0,160.0,162.0,-1.22,51330.0,340.0,179.7
NHPC,3/2/2016,162.0,165.0,159.0,162.0,0.0,37350.0,340.0,179.7
NHPC,3/3/2016,162.0,162.0,162.0,162.0,0.0,1000.0,340.0,179.7
NHPC,3/6/2016,162.0,169.0,162.0,167.0,3.09,78000.0,340.0,179.7
NHPC,3/10/2016,167.0,175.0,164.0,175.0,4.79,99680.0,340.0,179.7
NHPC,3/13/2016,175.0,175.0,163.0,174.0,-0.57,191810.0,340.0,179.7
NHPC,3/14/2016,174.0,179.0,171.0,176.0,1.15,123105.0,340.0,179.7
NHPC,3/15/2016,176.0,193.0,173.0,185.0,5.11,231435.0,340.0,179.7
NHPC,3/16/2016,185.0,195.0,186.0,190.0,2.7,191610.0,340.0,179.7
NHPC,3/17/2016,190.0,204.0,191.0,204.0,7.37,424573.0,340.0,179.7
NHPC,3/20/2016,204.0,224.0,205.0,214.0,4.9,332030.0,340.0,179.7
NHPC,3/21/2016,214.0,235.0,209.0,215.0,0.47,579560.0,340.0,179.7
NHPC,3/23/2016,215.0,217.0,200.0,203.0,-5.58,275915.0,340.0,179.7
NHPC,3/24/2016,203.0,204.0,187.0,194.0,-4.43,149013.0,340.0,179.7
NHPC,3/27/2016,194.0,200.0,186.0,190.0,-2.06,84787.0,340.0,179.7
NHPC,3/28/2016,190.0,192.0,180.0,187.0,-1.58,106013.0,340.0,179.7
NHPC,3/29/2016,187.0,189.0,180.0,185.0,-1.07,56821.0,340.0,179.7
NHPC,3/30/2016,185.0,186.0,180.0,181.0,-2.16,104440.0,340.0,179.7
NHPC,3/31/2016,181.0,184.0,177.0,183.0,1.1,70635.0,340.0,179.7
NHPC,4/3/2016,183.0,186.0,174.0,180.0,-1.64,72683.0,340.0,179.7
NHPC,4/4/2016,180.0,183.0,175.0,182.0,1.11,75540.0,340.0,179.7
NHPC,4/5/2016,182.0,184.0,177.0,181.0,-0.55,51330.0,340.0,179.7
NHPC,4/6/2016,181.0,180.0,177.0,179.0,-1.1,38180.0,340.0,179.7
NHPC,4/10/2016,179.0,181.0,173.0,175.0,-2.23,48186.0,340.0,179.7
NHPC,4/11/2016,175.0,178.0,171.0,175.0,0.0,26010.0,340.0,179.7
NHPC,4/12/2016,175.0,180.0,170.0,180.0,2.86,69350.0,340.0,179.7
NHPC,4/14/2016,180.0,183.0,178.0,179.0,-0.56,29480.0,340.0,179.7
NHPC,4/17/2016,179.0,183.0,179.0,180.0,0.56,64120.0,340.0,179.7
NHPC,4/18/2016,180.0,183.0,177.0,182.0,1.11,35854.0,340.0,179.7
NHPC,4/19/2016,182.0,197.0,180.0,190.0,4.4,176018.0,340.0,179.7
NHPC,4/20/2016,190.0,199.0,192.0,195.0,2.63,191042.0,340.0,179.7
NHPC,4/21/2016,195.0,198.0,191.0,191.0,-2.05,126120.0,340.0,179.7
NHPC,4/24/2016,191.0,194.0,189.0,191.0,0.0,29822.0,340.0,179.7
NHPC,4/25/2016,191.0,194.0,189.0,191.0,0.0,28840.0,340.0,179.7
NHPC,4/26/2016,191.0,192.0,185.0,185.0,-3.14,17644.0,340.0,179.7
NHPC,4/27/2016,185.0,189.0,183.0,187.0,1.08,379067.0,340.0,179.7
NHPC,4/28/2016,187.0,192.0,182.0,192.0,2.67,70283.0,340.0,179.7
NHPC,5/2/2016,192.0,190.0,186.0,186.0,-3.12,6450.0,340.0,179.7
NHPC,5/3/2016,186.0,188.0,183.0,188.0,1.08,51134.0,340.0,179.7
NHPC,5/4/2016,188.0,191.0,182.0,191.0,1.6,36340.0,340.0,179.7
NHPC,5/5/2016,191.0,188.0,184.0,187.0,-2.09,20880.0,340.0,179.7
NHPC,5/8/2016,187.0,186.0,181.0,186.0,-0.53,19685.0,340.0,179.7
NHPC,5/9/2016,186.0,189.0,181.0,181.0,-2.69,30620.0,340.0,179.7
NHPC,5/10/2016,181.0,185.0,178.0,182.0,0.55,420260.0,340.0,179.7
NHPC,5/11/2016,182.0,182.0,179.0,182.0,0.0,52880.0,340.0,179.7
NHPC,5/12/2016,182.0,181.0,176.0,180.0,-1.1,72570.0,340.0,179.7
NHPC,5/15/2016,180.0,183.0,174.0,176.0,-2.22,15885.0,340.0,179.7
NHPC,5/16/2016,176.0,181.0,175.0,176.0,0.0,27100.0,340.0,179.7
NHPC,5/17/2016,176.0,179.0,175.0,177.0,0.57,24830.0,340.0,179.7
NHPC,5/18/2016,177.0,186.0,174.0,180.0,1.69,26111.0,340.0,179.7
NHPC,5/19/2016,180.0,183.0,174.0,177.0,-1.67,34280.0,340.0,179.7
NHPC,5/22/2016,177.0,179.0,168.0,168.0,-5.08,87818.0,340.0,179.7
NHPC,5/23/2016,168.0,179.0,170.0,173.0,2.98,51964.0,340.0,179.7
NHPC,5/24/2016,173.0,190.0,174.0,176.0,1.73,84950.0,340.0,179.7
NHPC,5/25/2016,176.0,180.0,175.0,178.0,1.14,35015.0,340.0,179.7
NHPC,5/26/2016,178.0,188.0,179.0,187.0,5.06,148740.0,340.0,179.7
NHPC,5/29/2016,187.0,202.0,188.0,193.0,3.21,334014.0,340.0,179.7
NHPC,5/30/2016,193.0,206.0,193.0,195.0,1.04,288128.0,340.0,179.7
NHPC,5/31/2016,195.0,212.0,195.0,212.0,8.72,441368.0,340.0,179.7
NHPC,6/1/2016,212.0,220.0,203.0,207.0,-2.36,379730.0,340.0,179.7
NHPC,6/2/2016,207.0,207.0,199.0,205.0,-0.97,146134.0,340.0,179.7
NHPC,6/5/2016,205.0,202.0,192.0,196.0,-4.39,130270.0,340.0,179.7
NHPC,6/6/2016,196.0,201.0,192.0,195.0,-0.51,74320.0,340.0,179.7
NHPC,6/7/2016,195.0,199.0,191.0,192.0,-1.54,67094.0,340.0,179.7
NHPC,6/8/2016,192.0,199.0,194.0,195.0,1.56,68233.0,340.0,179.7
NHPC,6/9/2016,195.0,199.0,192.0,194.0,-0.51,82760.0,340.0,179.7
NHPC,6/12/2016,194.0,200.0,194.0,195.0,0.52,70310.0,340.0,179.7
NHPC,6/13/2016,195.0,200.0,194.0,197.0,1.03,64020.0,340.0,179.7
NHPC,6/14/2016,197.0,201.0,195.0,197.0,0.0,86530.0,340.0,179.7
NHPC,6/15/2016,197.0,200.0,194.0,195.0,-1.02,39600.0,340.0,179.7
NHPC,6/16/2016,195.0,198.0,193.0,193.0,-1.03,71144.0,340.0,179.7
NHPC,6/19/2016,193.0,197.0,193.0,195.0,1.04,53900.0,340.0,179.7
NHPC,6/20/2016,195.0,205.0,192.0,201.0,3.08,277106.0,340.0,179.7
NHPC,6/21/2016,201.0,210.0,201.0,208.0,3.48,272305.0,340.0,179.7
NHPC,6/22/2016,208.0,213.0,205.0,210.0,0.96,212790.0,340.0,179.7
NHPC,6/23/2016,210.0,215.0,209.0,210.0,0.0,150305.0,340.0,179.7
NHPC,6/26/2016,210.0,214.0,206.0,206.0,-1.9,63440.0,340.0,179.7
NHPC,6/27/2016,206.0,210.0,205.0,205.0,-0.49,52070.0,340.0,179.7
NHPC,6/28/2016,205.0,208.0,201.0,205.0,0.0,120487.0,340.0,179.7
NHPC,6/29/2016,205.0,206.0,203.0,203.0,-0.98,36177.0,340.0,179.7
NHPC,6/30/2016,203.0,206.0,202.0,204.0,0.49,60111.0,340.0,179.7
NHPC,7/3/2016,204.0,207.0,201.0,201.0,-1.47,67410.0,340.0,179.7
NHPC,7/4/2016,201.0,203.0,200.0,202.0,0.5,68180.0,340.0,179.7
NHPC,7/5/2016,202.0,203.0,200.0,202.0,0.0,55260.0,340.0,179.7
NHPC,7/6/2016,202.0,207.0,201.0,203.0,0.5,70720.0,340.0,179.7
NHPC,7/10/2016,203.0,204.0,200.0,201.0,-0.99,65380.0,340.0,179.7
NHPC,7/11/2016,201.0,203.0,200.0,200.0,-0.5,62210.0,340.0,179.7
NHPC,7/12/2016,200.0,201.0,193.0,199.0,-0.5,113570.0,340.0,179.7
NHPC,7/13/2016,199.0,199.0,191.0,196.0,-1.51,31430.0,340.0,179.7
NHPC,7/14/2016,196.0,199.0,194.0,197.0,0.51,23050.0,340.0,179.7
NHPC,7/17/2016,197.0,198.0,193.0,195.0,-1.02,43800.0,340.0,179.7
NHPC,7/18/2016,195.0,198.0,190.0,198.0,1.54,74430.0,340.0,179.7
NHPC,7/19/2016,198.0,200.0,192.0,195.0,-1.52,51650.0,340.0,179.7
NHPC,7/20/2016,195.0,198.0,191.0,193.0,-1.03,46770.0,340.0,179.7
NHPC,7/21/2016,193.0,200.0,191.0,193.0,0.0,46440.0,340.0,179.7
NHPC,7/25/2016,193.0,199.0,192.0,193.0,0.0,58870.0,340.0,179.7
NHPC,7/26/2016,193.0,197.0,191.0,194.0,0.52,59800.0,340.0,179.7
NHPC,7/27/2016,194.0,207.0,193.0,207.0,6.7,172643.0,340.0,179.7
NHPC,7/28/2016,207.0,213.0,198.0,202.0,-2.42,123700.0,340.0,179.7
NHPC,7/31/2016,202.0,205.0,198.0,204.0,0.99,56770.0,340.0,179.7
NHPC,8/1/2016,204.0,204.0,198.0,203.0,-0.49,47490.0,340.0,179.7
NHPC,8/2/2016,203.0,200.0,193.0,197.0,-2.96,47240.0,340.0,179.7
NHPC,8/3/2016,197.0,200.0,194.0,196.0,-0.51,26722.0,340.0,179.7
NHPC,8/4/2016,196.0,199.0,186.0,190.0,-3.06,58790.0,340.0,179.7
NHPC,8/7/2016,190.0,196.0,190.0,191.0,0.53,60170.0,340.0,179.7
NHPC,8/8/2016,191.0,190.0,185.0,185.0,-3.14,17600.0,340.0,179.7
NHPC,8/9/2016,185.0,194.0,188.0,192.0,3.78,6030.0,340.0,179.7
NHPC,8/10/2016,192.0,195.0,186.0,190.0,-1.04,90070.0,340.0,179.7
NHPC,8/11/2016,190.0,197.0,189.0,190.0,0.0,39050.0,340.0,179.7
NHPC,8/14/2016,190.0,190.0,186.0,186.0,-2.11,18650.0,340.0,179.7
NHPC,8/15/2016,186.0,188.0,178.0,182.0,-2.15,60150.0,340.0,179.7
NHPC,8/16/2016,182.0,185.0,179.0,182.0,0.0,47460.0,340.0,179.7
NHPC,8/17/2016,182.0,185.0,182.0,184.0,1.1,27670.0,340.0,179.7
NHPC,8/21/2016,184.0,187.0,178.0,184.0,0.0,35090.0,340.0,179.7
NHPC,8/22/2016,184.0,184.0,177.0,179.0,-2.72,32324.0,340.0,179.7
NHPC,8/23/2016,179.0,182.0,176.0,179.0,0.0,22280.0,340.0,179.7
NHPC,8/24/2016,179.0,182.0,177.0,178.0,-0.56,14800.0,340.0,179.7
NHPC,8/28/2016,178.0,182.0,179.0,179.0,0.56,19920.0,340.0,179.7
NHPC,8/29/2016,179.0,182.0,176.0,179.0,0.0,38650.0,340.0,179.7
NHPC,8/30/2016,179.0,184.0,179.0,180.0,0.56,24560.0,340.0,179.7
NHPC,8/31/2016,180.0,180.0,175.0,176.0,-2.22,14850.0,340.0,179.7
NHPC,9/1/2016,176.0,182.0,174.0,180.0,2.27,25290.0,340.0,179.7
NHPC,9/3/2016,180.0,183.0,175.0,176.0,-2.22,18111.0,340.0,179.7
NHPC,9/4/2016,180.0,183.0,175.0,176.0,0.0,18111.0,340.0,179.7
NHPC,9/5/2016,176.0,177.0,175.0,175.0,-0.57,19850.0,340.0,179.7
NHPC,9/6/2016,175.0,178.0,174.0,174.0,-0.57,15870.0,340.0,179.7
NHPC,9/7/2016,174.0,177.0,172.0,173.0,-0.57,53930.0,340.0,179.7
NHPC,9/8/2016,173.0,181.0,172.0,181.0,4.62,27240.0,340.0,179.7
NHPC,9/11/2016,181.0,187.0,170.0,178.0,-1.66,23260.0,340.0,179.7
NHPC,9/12/2016,178.0,180.0,175.0,180.0,1.12,32160.0,340.0,179.7
NHPC,9/14/2016,180.0,181.0,175.0,179.0,-0.56,14210.0,340.0,179.7
NHPC,9/18/2016,179.0,178.0,172.0,178.0,-0.56,20670.0,340.0,179.7
NHPC,9/20/2016,178.0,178.0,172.0,172.0,-3.37,23761.0,340.0,179.7
NHPC,9/21/2016,172.0,175.0,170.0,172.0,0.0,19120.0,340.0,179.7
NHPC,9/22/2016,172.0,171.0,169.0,171.0,-0.58,23351.0,340.0,179.7
NHPC,9/25/2016,171.0,170.0,166.0,168.0,-1.75,10210.0,340.0,179.7
NHPC,9/26/2016,168.0,171.0,164.0,170.0,1.19,26798.0,340.0,179.7
NHPC,9/27/2016,170.0,173.0,167.0,168.0,-1.18,7320.0,340.0,179.7
NHPC,9/28/2016,168.0,168.0,165.0,166.0,-1.19,25580.0,340.0,179.7
NHPC,9/29/2016,166.0,168.0,164.0,165.0,-0.6,16460.0,340.0,179.7
NHPC,10/2/2016,165.0,168.0,161.0,163.0,-1.21,11440.0,340.0,179.7
NHPC,10/3/2016,163.0,169.0,163.0,163.0,0.0,4810.0,340.0,179.7
NHPC,10/4/2016,163.0,167.0,161.0,161.0,-1.23,5884.0,340.0,179.7
NHPC,10/5/2016,161.0,169.0,164.0,169.0,4.97,6140.0,340.0,179.7
NHPC,10/6/2016,169.0,170.0,169.0,170.0,0.59,4250.0,340.0,179.7
NHPC,10/16/2016,170.0,170.0,164.0,164.0,-3.53,3100.0,340.0,179.7
NHPC,10/17/2016,164.0,168.0,165.0,165.0,0.61,4130.0,340.0,179.7
NHPC,10/18/2016,165.0,173.0,165.0,170.0,3.03,38343.0,340.0,179.7
NHPC,10/19/2016,170.0,168.0,165.0,165.0,-2.94,19850.0,340.0,179.7
NHPC,10/20/2016,165.0,172.0,166.0,172.0,4.24,24104.0,340.0,179.7
NHPC,10/23/2016,172.0,175.0,166.0,169.0,-1.74,13816.0,340.0,179.7
NHPC,10/24/2016,169.0,166.0,161.0,164.0,-2.96,19860.0,340.0,179.7
NHPC,10/25/2016,164.0,166.0,161.0,165.0,0.61,10920.0,340.0,179.7
NHPC,10/26/2016,165.0,173.0,164.0,170.0,3.03,36100.0,340.0,179.7
NHPC,10/27/2016,170.0,177.0,172.0,173.0,1.76,42320.0,340.0,179.7
NHPC,11/3/2016,173.0,174.0,170.0,174.0,0.58,2530.0,340.0,179.7
NHPC,11/7/2016,174.0,173.0,168.0,169.0,-2.87,9774.0,340.0,179.7
NHPC,11/8/2016,169.0,172.0,164.0,167.0,-1.18,22050.0,340.0,179.7
NHPC,11/9/2016,167.0,165.0,162.0,165.0,-1.2,16790.0,340.0,179.7
NHPC,11/10/2016,165.0,168.0,161.0,165.0,0.0,25244.0,340.0,179.7
NHPC,11/13/2016,165.0,165.0,162.0,164.0,-0.61,8950.0,340.0,179.7
NHPC,11/14/2016,164.0,166.0,163.0,166.0,1.22,13371.0,340.0,179.7
NHPC,11/15/2016,166.0,167.0,162.0,163.0,-1.81,13680.0,340.0,179.7
NHPC,11/16/2016,163.0,167.0,161.0,164.0,0.61,9650.0,340.0,179.7
NHPC,11/17/2016,164.0,170.0,160.0,160.0,-2.44,49540.0,340.0,179.7
NHPC,11/20/2016,160.0,163.0,150.0,157.0,-1.88,42394.0,340.0,179.7
NHPC,11/21/2016,157.0,160.0,150.0,160.0,1.91,34090.0,340.0,179.7
NHPC,11/22/2016,160.0,159.0,156.0,157.0,-1.88,13990.0,340.0,179.7
NHPC,11/23/2016,157.0,160.0,148.0,151.0,-3.82,25873.0,340.0,179.7
NHPC,11/24/2016,151.0,157.0,147.0,152.0,0.66,31176.0,340.0,179.7
NHPC,11/27/2016,152.0,151.0,142.0,142.0,-6.58,18980.0,340.0,179.7
NHPC,11/28/2016,142.0,150.0,132.0,150.0,5.63,23810.0,340.0,179.7
NHPC,11/29/2016,150.0,156.0,143.0,155.0,3.33,18368.0,340.0,179.7
NHPC,11/30/2016,155.0,158.0,150.0,153.0,-1.29,16700.0,340.0,179.7
NHPC,12/1/2016,153.0,156.0,148.0,152.0,-0.65,10490.0,340.0,179.7
NHPC,12/4/2016,152.0,154.0,147.0,154.0,1.32,6251.0,340.0,179.7
NHPC,12/5/2016,154.0,155.0,144.0,144.0,-6.49,8390.0,340.0,179.7
NHPC,12/6/2016,144.0,147.0,142.0,147.0,2.08,9580.0,340.0,179.7
NHPC,12/7/2016,147.0,148.0,145.0,148.0,0.68,6350.0,340.0,179.7
NHPC,12/8/2016,148.0,148.0,144.0,148.0,0.0,9350.0,340.0,179.7
NHPC,12/11/2016,148.0,146.0,136.0,141.0,-4.73,43600.0,340.0,179.7
NHPC,12/12/2016,141.0,144.0,134.0,143.0,1.42,60250.0,340.0,179.7
NHPC,12/14/2016,143.0,145.0,137.0,143.0,0.0,17310.0,340.0,179.7
NHPC,12/15/2016,143.0,148.0,141.0,146.0,2.1,28540.0,340.0,179.7
NHPC,12/18/2016,146.0,150.0,142.0,148.0,1.37,35780.0,340.0,179.7
NHPC,12/19/2016,148.0,146.0,143.0,145.0,-2.03,6011.0,340.0,179.7
NHPC,12/20/2016,145.0,147.0,141.0,142.0,-2.07,10160.0,340.0,179.7
NHPC,12/21/2016,142.0,142.0,137.0,142.0,0.0,11977.0,340.0,179.7
NHPC,12/22/2016,142.0,143.0,137.0,141.0,-0.7,5790.0,340.0,179.7
NHPC,12/26/2016,141.0,139.0,135.0,138.0,-2.13,13800.0,340.0,179.7
NHPC,12/27/2016,138.0,138.0,132.0,136.0,-1.45,35600.0,340.0,179.7
NHPC,12/28/2016,136.0,138.0,135.0,138.0,1.47,22210.0,340.0,179.7
NHPC,12/29/2016,138.0,142.0,138.0,139.0,0.72,22320.0,340.0,179.7
NHPC,1/1/2017,139.0,141.0,136.0,138.0,-0.72,2674.0,340.0,179.7
NHPC,1/2/2017,138.0,140.0,136.0,136.0,-1.45,14840.0,340.0,179.7
NHPC,1/3/2017,136.0,137.0,134.0,134.0,-1.47,16020.0,340.0,179.7
NHPC,1/4/2017,134.0,136.0,135.0,136.0,1.49,10080.0,340.0,179.7
NHPC,1/5/2017,136.0,143.0,136.0,137.0,0.74,71710.0,340.0,179.7
NHPC,1/8/2017,137.0,143.0,137.0,141.0,2.92,12881.0,340.0,179.7
NHPC,1/9/2017,141.0,141.0,138.0,138.0,-2.13,3910.0,340.0,179.7
NHPC,1/10/2017,138.0,141.0,138.0,140.0,1.45,7901.0,340.0,179.7
NHPC,1/11/2017,140.0,142.0,138.0,140.0,0.0,2340.0,340.0,179.7
NHPC,1/12/2017,140.0,142.0,135.0,140.0,0.0,10490.0,340.0,179.7
NHPC,1/15/2017,140.0,140.0,138.0,138.0,-1.43,2600.0,340.0,179.7
NHPC,1/16/2017,138.0,140.0,136.0,140.0,1.45,21280.0,340.0,179.7
NHPC,1/17/2017,140.0,139.0,136.0,139.0,-0.71,16530.0,340.0,179.7
NHPC,1/18/2017,139.0,141.0,137.0,139.0,0.0,19591.0,340.0,179.7
NHPC,1/19/2017,139.0,143.0,138.0,141.0,1.44,28010.0,340.0,179.7
NHPC,1/22/2017,141.0,143.0,139.0,141.0,0.0,13353.0,340.0,179.7
NHPC,1/23/2017,141.0,144.0,137.0,142.0,0.71,33340.0,340.0,179.7
NHPC,1/24/2017,142.0,142.0,138.0,140.0,-1.41,26743.0,340.0,179.7
NHPC,1/25/2017,140.0,138.0,135.0,135.0,-3.57,20157.0,340.0,179.7
NHPC,1/26/2017,135.0,137.0,132.0,135.0,0.0,12340.0,340.0,179.7
NHPC,1/30/2017,135.0,133.0,127.0,129.0,-4.44,17820.0,340.0,179.7
NHPC,1/31/2017,129.0,131.0,125.0,130.0,0.78,38490.0,340.0,179.7
NHPC,2/1/2017,130.0,135.0,130.0,135.0,3.85,11830.0,340.0,179.7
NHPC,2/2/2017,135.0,136.0,130.0,130.0,-3.7,3867.0,340.0,179.7
NHPC,2/5/2017,130.0,132.0,128.0,131.0,0.77,14450.0,340.0,179.7
NHPC,2/6/2017,131.0,131.0,128.0,130.0,-0.76,11750.0,340.0,179.7
NHPC,2/7/2017,130.0,132.0,128.0,129.0,-0.77,6590.0,340.0,179.7
NHPC,2/8/2017,129.0,128.0,124.0,124.0,-3.88,15690.0,340.0,179.7
NHPC,2/9/2017,124.0,125.0,119.0,119.0,-4.03,23130.0,340.0,179.7
NHPC,2/12/2017,119.0,118.0,114.0,118.0,-0.84,7800.0,340.0,179.7
NHPC,2/13/2017,118.0,124.0,114.0,122.0,3.39,4380.0,340.0,179.7
NHPC,2/14/2017,122.0,123.0,117.0,118.0,-3.28,350.0,340.0,179.7
NHPC,2/15/2017,118.0,125.0,118.0,125.0,5.93,28570.0,340.0,179.7
NHPC,2/16/2017,125.0,129.0,121.0,121.0,-3.2,5820.0,340.0,179.7
NHPC,2/19/2017,121.0,125.0,120.0,124.0,2.48,11130.0,340.0,179.7
NHPC,2/20/2017,124.0,126.0,122.0,122.0,-1.61,8325.0,340.0,179.7
NHPC,2/21/2017,122.0,124.0,121.0,121.0,-0.82,8925.0,340.0,179.7
NHPC,2/22/2017,121.0,121.0,116.0,119.0,-1.65,10220.0,340.0,179.7
NHPC,2/23/2017,119.0,121.0,117.0,119.0,0.0,4720.0,340.0,179.7
NHPC,2/26/2017,119.0,119.0,115.0,116.0,-2.52,11930.0,340.0,179.7
NHPC,2/28/2017,116.0,121.0,116.0,121.0,4.31,3750.0,340.0,179.7
NHPC,3/1/2017,121.0,121.0,118.0,121.0,0.0,4700.0,340.0,179.7
NHPC,3/2/2017,121.0,123.0,118.0,122.0,0.83,6760.0,340.0,179.7
NHPC,3/5/2017,122.0,124.0,120.0,121.0,-0.82,26275.0,340.0,179.7
NHPC,3/6/2017,121.0,127.0,122.0,125.0,3.31,23065.0,340.0,179.7
NHPC,3/7/2017,125.0,125.0,121.0,124.0,-0.8,12803.0,340.0,179.7
NHPC,3/9/2017,124.0,128.0,123.0,126.0,1.61,12230.0,340.0,179.7
NHPC,3/13/2017,126.0,129.0,124.0,129.0,2.38,16905.0,340.0,179.7
NHPC,3/14/2017,129.0,131.0,125.0,127.0,-1.55,19560.0,340.0,179.7
NHPC,3/15/2017,127.0,139.0,126.0,139.0,9.45,66361.0,340.0,179.7
NHPC,3/16/2017,139.0,149.0,138.0,143.0,2.88,161769.0,340.0,179.7
NHPC,3/19/2017,143.0,146.0,134.0,146.0,2.1,99951.0,340.0,179.7
NHPC,3/20/2017,146.0,151.0,143.0,149.0,2.05,418418.0,340.0,179.7
NHPC,3/21/2017,149.0,150.0,143.0,146.0,-2.01,21532.0,340.0,179.7
NHPC,3/22/2017,146.0,148.0,142.0,142.0,-2.74,24760.0,340.0,179.7
NHPC,3/23/2017,142.0,156.0,139.0,155.0,9.15,284386.0,340.0,179.7
NHPC,3/26/2017,155.0,164.0,152.0,155.0,0.0,563020.0,340.0,179.7
NHPC,3/28/2017,155.0,158.0,147.0,155.0,0.0,113767.0,340.0,179.7
NHPC,3/29/2017,155.0,164.0,147.0,154.0,-0.65,195022.0,340.0,179.7
NHPC,3/30/2017,154.0,157.0,149.0,154.0,0.0,78680.0,340.0,179.7
NHPC,4/2/2017,154.0,160.0,155.0,159.0,3.25,34925.0,340.0,179.7
NHPC,4/3/2017,159.0,173.0,153.0,158.0,-0.63,186030.0,340.0,179.7
NHPC,4/4/2017,158.0,160.0,151.0,155.0,-1.9,44915.0,340.0,179.7
NHPC,4/6/2017,155.0,156.0,152.0,156.0,0.65,49480.0,340.0,179.7
NHPC,4/9/2017,156.0,157.0,151.0,153.0,-1.92,18640.0,340.0,179.7
NHPC,4/10/2017,153.0,155.0,151.0,153.0,0.0,26100.0,340.0,179.7
NHPC,4/11/2017,153.0,157.0,150.0,153.0,0.0,33975.0,340.0,179.7
NHPC,4/12/2017,153.0,156.0,150.0,152.0,-0.65,77460.0,340.0,179.7
NHPC,4/13/2017,152.0,153.0,150.0,152.0,0.0,47720.0,340.0,179.7
NHPC,4/16/2017,152.0,151.0,148.0,148.0,-2.63,45484.0,340.0,179.7
NHPC,4/18/2017,148.0,149.0,140.0,140.0,-5.41,29900.0,340.0,179.7
NHPC,4/19/2017,140.0,150.0,142.0,144.0,2.86,7870.0,340.0,179.7
NHPC,4/20/2017,144.0,150.0,141.0,144.0,0.0,7890.0,340.0,179.7
NHPC,4/23/2017,144.0,150.0,142.0,142.0,-1.39,10140.0,340.0,179.7
NHPC,4/24/2017,142.0,147.0,143.0,143.0,0.7,4750.0,340.0,179.7
NHPC,4/25/2017,143.0,145.0,141.0,144.0,0.7,9200.0,340.0,179.7
NHPC,4/26/2017,144.0,146.0,142.0,142.0,-1.39,11000.0,340.0,179.7
NHPC,4/27/2017,142.0,145.0,141.0,143.0,0.7,8570.0,340.0,179.7
NHPC,4/30/2017,143.0,143.0,140.0,140.0,-2.1,18125.0,340.0,179.7
NHPC,5/2/2017,140.0,144.0,140.0,140.0,0.0,16470.0,340.0,179.7
NHPC,5/3/2017,140.0,144.0,138.0,138.0,-1.43,13765.0,340.0,179.7
NHPC,5/4/2017,138.0,140.0,135.0,140.0,1.45,159125.0,340.0,179.7
NHPC,5/7/2017,140.0,138.0,133.0,133.0,-5.0,9050.0,340.0,179.7
NHPC,5/8/2017,133.0,141.0,135.0,138.0,3.76,44020.0,340.0,179.7
NHPC,5/9/2017,138.0,145.0,136.0,143.0,3.62,14130.0,340.0,179.7
NHPC,5/11/2017,143.0,150.0,143.0,146.0,2.1,110468.0,340.0,179.7
NHPC,5/15/2017,146.0,148.0,141.0,141.0,-3.42,28750.0,340.0,179.7
NHPC,5/16/2017,141.0,145.0,141.0,145.0,2.84,36298.0,340.0,179.7
NHPC,5/17/2017,145.0,146.0,142.0,146.0,0.69,111950.0,340.0,179.7
NHPC,5/18/2017,146.0,145.0,143.0,144.0,-1.37,3200.0,340.0,179.7
NHPC,5/21/2017,144.0,146.0,140.0,143.0,-0.69,30550.0,340.0,179.7
NHPC,5/22/2017,143.0,143.0,138.0,141.0,-1.4,4267.0,340.0,179.7
NHPC,5/23/2017,141.0,143.0,139.0,140.0,-0.71,8800.0,340.0,179.7
NHPC,5/24/2017,140.0,140.0,138.0,139.0,-0.71,9600.0,340.0,179.7
NHPC,5/28/2017,139.0,143.0,137.0,142.0,2.16,16850.0,340.0,179.7
NHPC,5/30/2017,142.0,144.0,138.0,140.0,-1.41,16450.0,340.0,179.7
NHPC,5/31/2017,140.0,140.0,138.0,140.0,0.0,6350.0,340.0,179.7
NHPC,6/1/2017,140.0,142.0,137.0,142.0,1.43,66963.0,340.0,179.7
NHPC,6/4/2017,142.0,141.0,136.0,140.0,-1.41,18080.0,340.0,179.7
NHPC,6/5/2017,140.0,140.0,136.0,138.0,-1.43,5400.0,340.0,179.7
NHPC,6/6/2017,138.0,140.0,136.0,139.0,0.72,4446.0,340.0,179.7
NHPC,6/7/2017,139.0,140.0,138.0,138.0,-0.72,2800.0,340.0,179.7
NHPC,6/8/2017,138.0,138.0,135.0,135.0,-2.17,9450.0,340.0,179.7
NHPC,6/11/2017,135.0,141.0,136.0,139.0,2.96,27860.0,340.0,179.7
NHPC,6/12/2017,139.0,140.0,134.0,139.0,0.0,21245.0,340.0,179.7
NHPC,6/13/2017,139.0,140.0,134.0,138.0,-0.72,12925.0,340.0,179.7
NHPC,6/14/2017,138.0,142.0,135.0,135.0,-2.17,44170.0,340.0,179.7
NHPC,6/15/2017,135.0,137.0,134.0,137.0,1.48,11510.0,340.0,179.7
NHPC,6/18/2017,137.0,138.0,133.0,138.0,0.73,12560.0,340.0,179.7
NHPC,6/19/2017,138.0,136.0,133.0,135.0,-2.17,6040.0,340.0,179.7
NHPC,7/12/2017,135.0,142.0,128.0,130.0,-3.7,33983.0,340.0,179.7
NHPC,7/13/2017,130.0,134.0,128.0,132.0,1.54,59925.0,340.0,179.7
NHPC,7/16/2017,132.0,134.0,130.0,130.0,-1.52,2975.0,340.0,179.7
NHPC,7/17/2017,130.0,135.0,130.0,135.0,3.85,29800.0,340.0,179.7
NHPC,7/18/2017,135.0,144.0,135.0,142.0,5.19,41191.0,340.0,179.7
NHPC,7/19/2017,142.0,144.0,136.0,136.0,-4.23,19850.0,340.0,179.7
NHPC,7/20/2017,136.0,138.0,134.0,134.0,-1.47,14320.0,340.0,179.7
NHPC,7/23/2017,134.0,142.0,135.0,140.0,4.48,84350.0,340.0,179.7
NHPC,7/24/2017,140.0,154.0,142.0,154.0,10.0,335478.0,340.0,179.7
NHPC,7/25/2017,154.0,163.0,149.0,151.0,-1.95,205780.0,340.0,179.7
NHPC,7/26/2017,151.0,163.0,148.0,150.0,-0.66,195720.0,340.0,179.7
NHPC,7/27/2017,150.0,156.0,147.0,148.0,-1.33,42220.0,340.0,179.7
NHPC,7/30/2017,148.0,150.0,142.0,142.0,-4.05,36910.0,340.0,179.7
NHPC,7/31/2017,142.0,148.0,141.0,141.0,-0.7,18090.0,340.0,179.7
NHPC,8/1/2017,141.0,147.0,143.0,146.0,3.55,33370.0,340.0,179.7
NHPC,8/2/2017,146.0,148.0,143.0,145.0,-0.68,55015.0,340.0,179.7
NHPC,8/3/2017,145.0,146.0,144.0,144.0,-0.69,21360.0,340.0,179.7
NHPC,8/6/2017,144.0,156.0,145.0,155.0,7.64,568918.0,340.0,179.7
NHPC,8/7/2017,155.0,158.0,148.0,154.0,-0.65,111394.0,340.0,179.7
NHPC,8/9/2017,154.0,158.0,152.0,155.0,0.65,116260.0,340.0,179.7
NHPC,8/10/2017,155.0,155.0,152.0,154.0,-0.65,106230.0,340.0,179.7
NHPC,8/13/2017,154.0,165.0,155.0,163.0,5.84,398970.0,340.0,179.7
NHPC,8/15/2017,163.0,171.0,159.0,165.0,1.23,280403.0,340.0,179.7
NHPC,8/16/2017,165.0,163.0,156.0,158.0,-4.24,135807.0,340.0,179.7
NHPC,8/17/2017,158.0,158.0,152.0,153.0,-3.16,60505.0,340.0,179.7
NHPC,8/20/2017,153.0,155.0,145.0,149.0,-2.61,37350.0,340.0,179.7
NHPC,8/21/2017,149.0,151.0,146.0,147.0,-1.34,8470.0,340.0,179.7
NHPC,8/22/2017,147.0,149.0,145.0,147.0,0.0,16730.0,340.0,179.7
NHPC,8/23/2017,147.0,147.0,145.0,145.0,-1.36,23634.0,340.0,179.7
NHPC,8/24/2017,145.0,147.0,144.0,145.0,0.0,26400.0,340.0,179.7
NHPC,8/27/2017,145.0,147.0,141.0,143.0,-1.38,28440.0,340.0,179.7
NHPC,8/28/2017,143.0,144.0,141.0,142.0,-0.7,20100.0,340.0,179.7
NHPC,8/30/2017,142.0,144.0,140.0,142.0,0.0,14809.0,340.0,179.7
NHPC,8/31/2017,142.0,142.0,139.0,141.0,-0.7,17220.0,340.0,179.7
NHPC,9/4/2017,141.0,141.0,136.0,137.0,-2.84,14610.0,340.0,179.7
NHPC,9/6/2017,137.0,141.0,135.0,139.0,1.46,44430.0,340.0,179.7
NHPC,9/7/2017,139.0,140.0,135.0,135.0,-2.88,9493.0,340.0,179.7
NHPC,9/10/2017,135.0,136.0,130.0,133.0,-1.48,37050.0,340.0,179.7
NHPC,9/11/2017,133.0,135.0,130.0,133.0,0.0,17750.0,340.0,179.7
NHPC,9/12/2017,133.0,132.0,129.0,129.0,-3.01,20900.0,340.0,179.7
NHPC,9/13/2017,129.0,132.0,129.0,132.0,2.33,11670.0,340.0,179.7
NHPC,9/14/2017,132.0,134.0,131.0,134.0,1.52,7790.0,340.0,179.7
NHPC,9/17/2017,134.0,138.0,130.0,130.0,-2.99,1900.0,340.0,179.7
NHPC,9/18/2017,130.0,134.0,130.0,133.0,2.31,10650.0,340.0,179.7
NHPC,9/20/2017,133.0,133.0,131.0,132.0,-0.75,1100.0,340.0,179.7
NHPC,9/24/2017,132.0,133.0,130.0,132.0,0.0,74879.0,340.0,179.7
NHPC,9/25/2017,132.0,133.0,131.0,132.0,0.0,36600.0,340.0,179.7
NHPC,9/26/2017,132.0,134.0,132.0,132.0,0.0,1990.0,340.0,179.7
NHPC,10/3/2017,132.0,134.0,134.0,134.0,1.52,600.0,340.0,179.7
NHPC,10/4/2017,134.0,135.0,129.0,132.0,-1.49,26260.0,340.0,179.7
NHPC,10/8/2017,132.0,131.0,125.0,129.0,-2.27,89549.0,340.0,179.7
NHPC,10/9/2017,129.0,129.0,127.0,129.0,0.0,17890.0,340.0,179.7
NHPC,10/10/2017,129.0,130.0,126.0,129.0,0.0,17050.0,340.0,179.7
NHPC,10/11/2017,129.0,129.0,125.0,127.0,-1.55,8360.0,340.0,179.7
NHPC,10/12/2017,127.0,128.0,126.0,127.0,0.0,16450.0,340.0,179.7
NHPC,10/15/2017,127.0,129.0,127.0,129.0,1.57,3210.0,340.0,179.7
NHPC,10/16/2017,129.0,130.0,127.0,129.0,0.0,17267.0,340.0,179.7
NHPC,10/17/2017,129.0,135.0,131.0,133.0,3.1,4010.0,340.0,179.7
NHPC,10/18/2017,133.0,131.0,127.0,130.0,-2.26,17750.0,340.0,179.7
NHPC,10/22/2017,130.0,131.0,129.0,129.0,-0.77,6550.0,340.0,179.7
NHPC,10/23/2017,129.0,128.0,127.0,128.0,-0.78,10400.0,340.0,179.7
NHPC,10/24/2017,128.0,132.0,129.0,131.0,2.34,48839.0,340.0,179.7
NHPC,10/25/2017,131.0,131.0,127.0,127.0,-3.05,5100.0,340.0,179.7
NHPC,10/29/2017,127.0,129.0,125.0,128.0,0.79,19450.0,340.0,179.7
NHPC,10/30/2017,128.0,130.0,126.0,126.0,-1.56,26600.0,340.0,179.7
NHPC,10/31/2017,126.0,128.0,125.0,126.0,0.0,34810.0,340.0,179.7
NHPC,11/1/2017,126.0,126.0,123.0,124.0,-1.59,32200.0,340.0,179.7
NHPC,11/2/2017,124.0,128.0,123.0,124.0,0.0,8250.0,340.0,179.7
NHPC,11/5/2017,124.0,126.0,123.0,123.0,-0.81,17780.0,340.0,179.7
NHPC,11/6/2017,123.0,125.0,122.0,124.0,0.81,14660.0,340.0,179.7
NHPC,11/7/2017,124.0,123.0,122.0,122.0,-1.61,14110.0,340.0,179.7
NHPC,11/8/2017,122.0,122.0,119.0,120.0,-1.64,37433.0,340.0,179.7
NHPC,11/9/2017,120.0,120.0,116.0,119.0,-0.83,19630.0,340.0,179.7
NHPC,11/12/2017,119.0,120.0,117.0,118.0,-0.84,20923.0,340.0,179.7
NHPC,11/13/2017,118.0,123.0,117.0,120.0,1.69,27545.0,340.0,179.7
NHPC,11/14/2017,120.0,123.0,119.0,121.0,0.83,9220.0,340.0,179.7
NHPC,11/15/2017,121.0,121.0,117.0,117.0,-3.31,13270.0,340.0,179.7
NHPC,11/16/2017,117.0,120.0,117.0,118.0,0.85,25520.0,340.0,179.7
NHPC,11/19/2017,118.0,118.0,116.0,117.0,-0.85,8550.0,340.0,179.7
NHPC,11/20/2017,117.0,117.0,115.0,116.0,-0.85,13950.0,340.0,179.7
NHPC,11/21/2017,116.0,118.0,116.0,117.0,0.86,4600.0,340.0,179.7
NHPC,11/22/2017,117.0,118.0,116.0,117.0,0.0,14265.0,340.0,179.7
NHPC,11/23/2017,117.0,119.0,117.0,118.0,0.85,8350.0,340.0,179.7
NHPC,11/26/2017,118.0,122.0,117.0,119.0,0.85,29800.0,340.0,179.7
NHPC,11/27/2017,119.0,120.0,116.0,118.0,-0.84,21537.0,340.0,179.7
NHPC,11/28/2017,118.0,124.0,116.0,121.0,2.54,35476.0,340.0,179.7
NHPC,11/29/2017,121.0,130.0,122.0,125.0,3.31,90875.0,340.0,179.7
NHPC,11/30/2017,125.0,129.0,124.0,125.0,0.0,15010.0,340.0,179.7
NHPC,12/4/2017,125.0,125.0,123.0,125.0,0.0,18530.0,340.0,179.7
NHPC,12/5/2017,125.0,125.0,121.0,125.0,0.0,2550.0,340.0,179.7
NHPC,12/6/2017,125.0,126.0,125.0,126.0,0.8,5317.0,340.0,179.7
NHPC,12/10/2017,126.0,125.0,123.0,123.0,-2.38,13195.0,340.0,179.7
NHPC,12/11/2017,123.0,123.0,121.0,123.0,0.0,5748.0,340.0,179.7
NHPC,12/12/2017,123.0,123.0,121.0,121.0,-1.63,8780.0,340.0,179.7
NHPC,12/13/2017,121.0,124.0,121.0,121.0,0.0,4220.0,340.0,179.7
NHPC,12/14/2017,121.0,122.0,120.0,122.0,0.83,7440.0,340.0,179.7
NHPC,12/17/2017,122.0,121.0,118.0,120.0,-1.64,32040.0,340.0,179.7
NHPC,12/18/2017,120.0,122.0,118.0,122.0,1.67,10283.0,340.0,179.7
NHPC,12/19/2017,122.0,120.0,117.0,117.0,-4.1,9000.0,340.0,179.7
NHPC,12/20/2017,117.0,121.0,117.0,117.0,0.0,9950.0,340.0,179.7
NHPC,12/21/2017,117.0,118.0,117.0,117.0,0.0,5350.0,340.0,179.7
NHPC,12/24/2017,117.0,121.0,117.0,120.0,2.56,11030.0,340.0,179.7
NHPC,12/26/2017,120.0,119.0,117.0,119.0,-0.83,14619.0,340.0,179.7
NHPC,12/27/2017,119.0,118.0,114.0,118.0,-0.84,59990.0,340.0,179.7
NHPC,12/28/2017,118.0,117.0,115.0,116.0,-1.69,12550.0,340.0,179.7
NHPC,12/31/2017,116.0,117.0,115.0,116.0,0.0,8490.0,340.0,179.7
NHPC,1/1/2018,116.0,120.0,116.0,120.0,3.45,23470.0,340.0,179.7
NHPC,1/2/2018,120.0,121.0,116.0,118.0,-1.67,31440.0,340.0,179.7
NHPC,1/3/2018,118.0,118.0,116.0,116.0,-1.69,4540.0,340.0,179.7
NHPC,1/4/2018,116.0,120.0,116.0,118.0,1.72,19800.0,340.0,179.7
NHPC,1/7/2018,118.0,118.0,116.0,116.0,-1.69,8600.0,340.0,179.7
NHPC,1/8/2018,116.0,120.0,118.0,119.0,2.59,9320.0,340.0,179.7
NHPC,1/9/2018,119.0,121.0,118.0,120.0,0.84,8240.0,340.0,179.7
NHPC,1/10/2018,120.0,119.0,118.0,119.0,-0.83,24950.0,340.0,179.7
NHPC,1/14/2018,119.0,119.0,116.0,116.0,-2.52,18000.0,340.0,179.7
NHPC,1/16/2018,116.0,117.0,114.0,116.0,0.0,26550.0,340.0,179.7
NHPC,1/17/2018,116.0,117.0,115.0,115.0,-0.86,18480.0,340.0,179.7
NHPC,1/21/2018,115.0,116.0,114.0,115.0,0.0,82951.0,340.0,179.7
NHPC,1/22/2018,115.0,116.0,114.0,115.0,0.0,38940.0,340.0,179.7
NHPC,1/23/2018,115.0,115.0,114.0,115.0,0.0,7000.0,340.0,179.7
NHPC,1/24/2018,115.0,116.0,115.0,116.0,0.87,8670.0,340.0,179.7
NHPC,1/25/2018,116.0,115.0,115.0,115.0,-0.86,2100.0,340.0,179.7
NHPC,1/28/2018,115.0,115.0,114.0,114.0,-0.87,13870.0,340.0,179.7
NHPC,1/29/2018,114.0,115.0,114.0,115.0,0.88,4010.0,340.0,179.7
NHPC,1/31/2018,115.0,115.0,112.0,113.0,-1.74,12454.0,340.0,179.7
NHPC,2/1/2018,113.0,115.0,112.0,114.0,0.88,8650.0,340.0,179.7
NHPC,2/4/2018,114.0,114.0,112.0,114.0,0.0,20080.0,340.0,179.7
NHPC,2/5/2018,114.0,114.0,113.0,113.0,-0.88,8460.0,340.0,179.7
NHPC,2/6/2018,113.0,113.0,109.0,110.0,-2.65,17229.0,340.0,179.7
NHPC,2/7/2018,110.0,109.0,108.0,108.0,-1.82,28727.0,340.0,179.7
NHPC,2/8/2018,108.0,110.0,107.0,110.0,1.85,27155.0,340.0,179.7
NHPC,2/11/2018,110.0,109.0,106.0,106.0,-3.64,27470.0,340.0,179.7
NHPC,2/12/2018,106.0,108.0,106.0,108.0,1.89,15390.0,340.0,179.7
NHPC,2/14/2018,108.0,110.0,104.0,110.0,1.85,14410.0,340.0,179.7
NHPC,2/15/2018,110.0,115.0,107.0,115.0,4.55,29750.0,340.0,179.7
NHPC,2/18/2018,113.0,114.0,108.0,109.0,-5.22,9400.0,340.0,179.7
NHPC,2/20/2018,110.0,111.0,108.0,110.0,0.92,5740.0,340.0,179.7
NHPC,2/21/2018,110.0,110.0,107.0,108.0,-1.82,5144.0,340.0,179.7
NHPC,2/22/2018,108.0,110.0,108.0,110.0,1.85,17050.0,340.0,179.7
NHPC,2/25/2018,109.0,109.0,105.0,107.0,-2.73,5449.0,340.0,179.7
NHPC,2/26/2018,105.0,108.0,105.0,108.0,0.93,22310.0,340.0,179.7
NHPC,2/27/2018,109.0,110.0,106.0,106.0,-1.85,25760.0,340.0,179.7
NHPC,2/28/2018,108.0,108.0,104.0,105.0,-0.94,19440.0,340.0,179.7
NHPC,3/4/2018,106.0,106.0,102.0,102.0,-2.86,18573.0,340.0,179.7
NHPC,3/5/2018,104.0,104.0,100.0,100.0,-1.96,40665.0,340.0,179.7
NHPC,3/6/2018,101.0,106.0,100.0,103.0,3.0,43180.0,340.0,179.7
NHPC,3/7/2018,105.0,105.0,101.0,103.0,0.0,10870.0,340.0,179.7
NHPC,3/11/2018,103.0,103.0,98.0,98.0,-4.85,62020.0,340.0,179.7
NHPC,3/12/2018,99.0,102.0,99.0,100.0,2.04,10800.0,340.0,179.7
NHPC,3/13/2018,102.0,102.0,99.0,100.0,0.0,5846.0,340.0,179.7
NHPC,3/14/2018,99.0,100.0,99.0,99.0,-1.0,4200.0,340.0,179.7
NHPC,3/15/2018,100.0,101.0,100.0,101.0,2.02,1940.0,340.0,179.7
NHPC,3/18/2018,101.0,101.0,97.0,97.0,-3.96,20780.0,340.0,179.7
NHPC,3/19/2018,96.0,100.0,96.0,98.0,1.03,14740.0,340.0,179.7
NHPC,3/20/2018,98.0,99.0,94.0,96.0,-2.04,40430.0,340.0,179.7
NHPC,3/21/2018,97.0,98.0,92.0,93.0,-3.12,12580.0,340.0,179.7
NHPC,3/22/2018,92.0,95.0,90.0,93.0,0.0,16010.0,340.0,179.7
NHPC,3/26/2018,92.0,92.0,87.0,87.0,-6.45,11430.0,340.0,179.7
NHPC,3/27/2018,87.0,93.0,84.0,93.0,6.9,17430.0,340.0,179.7
NHPC,3/28/2018,94.0,97.0,89.0,90.0,-3.23,32360.0,340.0,179.7
NHPC,3/29/2018,91.0,92.0,89.0,92.0,2.22,11900.0,340.0,179.7
NHPC,4/1/2018,91.0,91.0,90.0,90.0,-2.17,4240.0,340.0,179.7
NHPC,4/2/2018,90.0,90.0,88.0,88.0,-2.22,1480.0,340.0,179.7
NHPC,4/3/2018,89.0,91.0,88.0,91.0,3.41,6650.0,340.0,179.7
NHPC,4/4/2018,91.0,92.0,90.0,92.0,1.1,4750.0,340.0,179.7
NHPC,4/5/2018,92.0,95.0,91.0,91.0,-1.09,12570.0,340.0,179.7
NHPC,4/8/2018,92.0,96.0,92.0,94.0,3.3,17020.0,340.0,179.7
NHPC,4/9/2018,94.0,96.0,93.0,94.0,0.0,6100.0,340.0,179.7
NHPC,4/10/2018,93.0,95.0,92.0,93.0,-1.06,5710.0,340.0,179.7
NHPC,4/11/2018,92.0,95.0,92.0,94.0,1.08,5180.0,340.0,179.7
NHPC,4/12/2018,93.0,93.0,90.0,91.0,-3.19,25920.0,340.0,179.7
NHPC,4/15/2018,91.0,93.0,91.0,93.0,2.2,1600.0,340.0,179.7
NHPC,4/16/2018,93.0,94.0,92.0,92.0,-1.08,5200.0,340.0,179.7
NHPC,4/17/2018,92.0,96.0,90.0,93.0,1.09,22415.0,340.0,179.7
NHPC,4/18/2018,94.0,102.0,92.0,98.0,5.38,74040.0,340.0,179.7
NHPC,4/19/2018,99.0,104.0,97.0,100.0,2.04,57030.0,340.0,179.7
NHPC,4/22/2018,102.0,104.0,98.0,102.0,2.0,26430.0,340.0,179.7
NHPC,4/23/2018,103.0,106.0,97.0,99.0,-2.94,37800.0,340.0,179.7
NHPC,4/24/2018,98.0,99.0,98.0,98.0,-1.01,2580.0,340.0,179.7
NHPC,4/25/2018,97.0,99.0,96.0,96.0,-2.04,6995.0,340.0,179.7
NHPC,4/26/2018,96.0,98.0,94.0,94.0,-2.08,10430.0,340.0,179.7
NHPC,4/29/2018,93.0,94.0,93.0,93.0,-1.06,2800.0,340.0,179.7
NHPC,5/2/2018,93.0,95.0,92.0,95.0,2.15,5820.0,340.0,179.7
NHPC,5/3/2018,96.0,96.0,94.0,95.0,0.0,7770.0,340.0,179.7
NHPC,5/6/2018,96.0,96.0,94.0,94.0,-1.05,510.0,340.0,179.7
NHPC,5/7/2018,93.0,93.0,91.0,91.0,-3.19,16340.0,340.0,179.7
NHPC,5/8/2018,92.0,94.0,92.0,94.0,3.3,2000.0,340.0,179.7
NHPC,5/9/2018,93.0,93.0,93.0,93.0,-1.06,360.0,340.0,179.7
NHPC,5/10/2018,94.0,94.0,92.0,92.0,-1.08,7000.0,340.0,179.7
NHPC,5/14/2018,92.0,94.0,91.0,92.0,0.0,13220.0,340.0,179.7
NHPC,5/15/2018,92.0,92.0,91.0,92.0,0.0,1020.0,340.0,179.7
NHPC,5/16/2018,92.0,93.0,92.0,93.0,1.09,1200.0,340.0,179.7
NHPC,5/17/2018,94.0,94.0,92.0,92.0,-1.08,1700.0,340.0,179.7
NHPC,5/20/2018,93.0,94.0,91.0,91.0,-1.09,17544.0,340.0,179.7
NHPC,5/21/2018,92.0,92.0,90.0,90.0,-1.1,4125.0,340.0,179.7
NHPC,5/22/2018,91.0,92.0,90.0,90.0,0.0,8640.0,340.0,179.7
NHPC,5/23/2018,90.0,92.0,90.0,90.0,0.0,9320.0,340.0,179.7
NHPC,5/24/2018,89.0,91.0,89.0,89.0,-1.11,10080.0,340.0,179.7
NHPC,5/27/2018,88.0,90.0,88.0,90.0,1.12,2060.0,340.0,179.7
NHPC,5/28/2018,89.0,92.0,89.0,92.0,2.22,16200.0,340.0,179.7
NHPC,5/29/2018,91.0,91.0,90.0,91.0,-1.09,3480.0,340.0,179.7
NHPC,5/30/2018,90.0,92.0,89.0,89.0,-2.2,5020.0,340.0,179.7
NHPC,5/31/2018,90.0,91.0,90.0,90.0,1.12,4120.0,340.0,179.7
NHPC,6/3/2018,90.0,90.0,90.0,90.0,0.0,100.0,340.0,179.7
NHPC,6/4/2018,89.0,89.0,89.0,89.0,-1.11,50.0,340.0,179.7
NHPC,6/6/2018,89.0,90.0,88.0,88.0,-1.12,2400.0,340.0,179.7
NHPC,6/7/2018,88.0,88.0,87.0,88.0,0.0,5600.0,340.0,179.7
NHPC,6/10/2018,87.0,88.0,84.0,84.0,-4.55,15835.0,340.0,179.7
NHPC,6/11/2018,84.0,85.0,84.0,84.0,0.0,5315.0,340.0,179.7
NHPC,6/12/2018,85.0,86.0,84.0,86.0,2.38,5190.0,340.0,179.7
NHPC,6/13/2018,87.0,87.0,85.0,85.0,-1.16,960.0,340.0,179.7
NHPC,6/14/2018,86.0,89.0,86.0,88.0,3.53,5120.0,340.0,179.7
NHPC,6/17/2018,89.0,89.0,88.0,88.0,0.0,3000.0,340.0,179.7
NHPC,6/18/2018,87.0,87.0,85.0,85.0,-3.41,1863.0,340.0,179.7
NHPC,6/19/2018,86.0,86.0,85.0,86.0,1.18,4650.0,340.0,179.7
NHPC,6/20/2018,86.0,88.0,86.0,88.0,2.33,850.0,340.0,179.7
NHPC,6/21/2018,87.0,87.0,85.0,85.0,-3.41,4150.0,340.0,179.7
NHPC,6/24/2018,86.0,86.0,85.0,86.0,1.18,560.0,340.0,179.7
NHPC,6/25/2018,85.0,85.0,84.0,84.0,-2.33,3500.0,340.0,179.7
NHPC,6/26/2018,85.0,85.0,84.0,84.0,0.0,800.0,340.0,179.7
NHPC,6/27/2018,85.0,85.0,83.0,83.0,-1.19,530.0,340.0,179.7
NHPC,6/28/2018,82.0,82.0,81.0,82.0,-1.2,8170.0,340.0,179.7
NHPC,7/1/2018,81.0,82.0,78.0,78.0,-4.88,9730.0,340.0,179.7
NHPC,7/2/2018,78.0,80.0,78.0,79.0,1.28,2300.0,340.0,179.7
NHPC,7/3/2018,79.0,80.0,79.0,79.0,0.0,3200.0,340.0,179.7
NHPC,7/4/2018,79.0,82.0,79.0,81.0,2.53,16100.0,340.0,179.7
NHPC,7/5/2018,82.0,84.0,82.0,83.0,2.47,14300.0,340.0,179.7
NHPC,7/8/2018,82.0,82.0,80.0,82.0,-1.2,11360.0,340.0,179.7
NHPC,7/9/2018,81.0,82.0,81.0,82.0,0.0,8310.0,340.0,179.7
NHPC,7/10/2018,82.0,82.0,80.0,81.0,-1.22,13300.0,340.0,179.7
NHPC,7/11/2018,81.0,83.0,78.0,78.0,-3.7,19190.0,340.0,179.7
NHPC,7/12/2018,78.0,81.0,78.0,80.0,2.56,2200.0,340.0,179.7
NHPC,7/15/2018,81.0,81.0,81.0,81.0,1.25,4400.0,340.0,179.7
NHPC,7/16/2018,80.0,86.0,80.0,86.0,6.17,22027.0,340.0,179.7
NHPC,7/17/2018,86.0,88.0,84.0,85.0,-1.16,12250.0,340.0,179.7
NHPC,7/18/2018,84.0,89.0,83.0,89.0,4.71,17950.0,340.0,179.7
NHPC,7/19/2018,88.0,89.0,84.0,84.0,-5.62,22610.0,340.0,179.7
NHPC,7/22/2018,83.0,85.0,83.0,85.0,1.19,2035.0,340.0,179.7
NHPC,7/23/2018,86.0,86.0,85.0,85.0,0.0,550.0,340.0,179.7
NHPC,7/24/2018,84.0,86.0,81.0,81.0,-4.71,14320.0,340.0,179.7
NHPC,7/25/2018,82.0,83.0,80.0,83.0,2.47,10460.0,340.0,179.7
NHPC,7/26/2018,82.0,82.0,80.0,80.0,-3.61,13330.0,340.0,179.7
NHPC,7/29/2018,81.0,86.0,81.0,86.0,7.5,8500.0,340.0,179.7
NHPC,7/30/2018,86.0,86.0,82.0,86.0,0.0,3670.0,340.0,179.7
NHPC,7/31/2018,86.0,86.0,84.0,84.0,-2.33,140.0,340.0,179.7
NHPC,8/1/2018,83.0,83.0,81.0,83.0,-1.19,7600.0,340.0,179.7
NHPC,8/2/2018,82.0,82.0,81.0,81.0,-2.41,600.0,340.0,179.7
NHPC,8/5/2018,80.0,81.0,79.0,80.0,-1.23,11870.0,340.0,179.7
NHPC,8/6/2018,79.0,80.0,79.0,80.0,0.0,3400.0,340.0,179.7
NHPC,8/7/2018,80.0,80.0,79.0,79.0,-1.25,4540.0,340.0,179.7
NHPC,8/8/2018,79.0,80.0,78.0,80.0,1.27,3480.0,340.0,179.7
NHPC,8/9/2018,79.0,80.0,78.0,78.0,-2.5,2300.0,340.0,179.7
NHPC,8/12/2018,78.0,79.0,77.0,77.0,-1.28,3600.0,340.0,179.7
NHPC,8/13/2018,76.0,80.0,75.0,80.0,3.9,12720.0,340.0,179.7
NHPC,8/14/2018,81.0,81.0,78.0,80.0,0.0,3160.0,340.0,179.7
NHPC,8/15/2018,79.0,84.0,78.0,84.0,5.0,15930.0,340.0,179.7
NHPC,8/16/2018,83.0,83.0,80.0,80.0,-4.76,8930.0,340.0,179.7
NHPC,8/19/2018,80.0,81.0,79.0,79.0,-1.25,3740.0,340.0,179.7
NHPC,8/20/2018,78.0,78.0,78.0,78.0,-1.27,7900.0,340.0,179.7
NHPC,8/21/2018,79.0,79.0,77.0,78.0,0.0,6071.0,340.0,179.7
NHPC,8/22/2018,77.0,79.0,77.0,78.0,0.0,3850.0,340.0,179.7
NHPC,8/23/2018,77.0,79.0,77.0,77.0,-1.28,15680.0,340.0,179.7
NHPC,8/26/2018,78.0,78.0,78.0,78.0,1.3,1700.0,340.0,179.7
NHPC,8/28/2018,77.0,77.0,76.0,77.0,-1.28,6800.0,340.0,179.7
NHPC,8/29/2018,76.0,77.0,76.0,76.0,-1.3,4200.0,340.0,179.7
NHPC,8/30/2018,76.0,78.0,76.0,78.0,2.63,6050.0,340.0,179.7
NHPC,9/2/2018,79.0,79.0,79.0,79.0,1.28,3500.0,340.0,179.7
NHPC,9/3/2018,79.0,81.0,79.0,79.0,0.0,16473.0,340.0,179.7
NHPC,9/4/2018,80.0,82.0,79.0,79.0,0.0,15247.0,340.0,179.7
NHPC,9/5/2018,80.0,83.0,80.0,83.0,5.06,11950.0,340.0,179.7
NHPC,9/6/2018,84.0,85.0,80.0,80.0,-3.61,41059.0,340.0,179.7
NHPC,9/9/2018,80.0,81.0,80.0,81.0,1.25,14810.0,340.0,179.7
NHPC,9/10/2018,81.0,81.0,80.0,81.0,0.0,5690.0,340.0,179.7
NHPC,9/11/2018,82.0,85.0,81.0,83.0,2.47,36233.0,340.0,179.7
NHPC,9/12/2018,83.0,85.0,81.0,85.0,2.41,13700.0,340.0,179.7
NHPC,9/13/2018,85.0,86.0,82.0,83.0,-2.35,39885.0,340.0,179.7
NHPC,9/16/2018,82.0,85.0,82.0,82.0,-1.2,11946.0,340.0,179.7
NHPC,9/17/2018,81.0,84.0,80.0,80.0,-2.44,12850.0,340.0,179.7
NHPC,9/18/2018,81.0,84.0,81.0,84.0,5.0,23900.0,340.0,179.7
NHPC,9/20/2018,83.0,84.0,82.0,83.0,-1.19,9180.0,340.0,179.7
NHPC,9/23/2018,84.0,84.0,80.0,80.0,-3.61,25150.0,340.0,179.7
NHPC,9/25/2018,81.0,83.0,79.0,82.0,2.5,30210.0,340.0,179.7
NHPC,9/26/2018,81.0,85.0,81.0,81.0,-1.22,22800.0,340.0,179.7
NHPC,9/27/2018,81.0,89.0,81.0,89.0,9.88,241416.0,340.0,179.7
NHPC,9/30/2018,90.0,92.0,85.0,86.0,-3.37,43200.0,340.0,179.7
NHPC,10/1/2018,87.0,88.0,83.0,84.0,-2.33,52150.0,340.0,179.7
NHPC,10/2/2018,85.0,85.0,83.0,83.0,-1.19,20730.0,340.0,179.7
NHPC,10/3/2018,83.0,83.0,81.0,81.0,-2.41,19270.0,340.0,179.7
NHPC,10/4/2018,80.0,82.0,79.0,80.0,-1.23,35470.0,340.0,179.7
NHPC,10/7/2018,81.0,83.0,80.0,83.0,3.75,73495.0,340.0,179.7
NHPC,10/8/2018,82.0,82.0,80.0,81.0,-2.41,22360.0,340.0,179.7
NHPC,10/9/2018,82.0,82.0,80.0,80.0,-1.23,3255.0,340.0,179.7
NHPC,10/10/2018,80.0,81.0,80.0,81.0,1.25,11215.0,340.0,179.7
NHPC,10/11/2018,80.0,81.0,80.0,80.0,-1.23,10200.0,340.0,179.7
NHPC,10/14/2018,80.0,83.0,80.0,82.0,2.5,1355.0,340.0,179.7
NHPC,10/15/2018,82.0,82.0,79.0,79.0,-3.66,29870.0,340.0,179.7
NHPC,10/22/2018,80.0,81.0,80.0,81.0,2.53,210.0,340.0,179.7
NHPC,10/23/2018,81.0,81.0,80.0,81.0,0.0,10410.0,340.0,179.7
NHPC,10/24/2018,81.0,81.0,80.0,81.0,0.0,1120.0,340.0,179.7
NHPC,10/25/2018,80.0,81.0,79.0,79.0,-2.47,16360.0,340.0,179.7
NHPC,10/28/2018,79.0,80.0,79.0,79.0,0.0,15630.0,340.0,179.7
NHPC,10/29/2018,78.0,79.0,78.0,79.0,0.0,3601.0,340.0,179.7
NHPC,10/30/2018,79.0,80.0,78.0,78.0,-1.27,21000.0,340.0,179.7
NHPC,10/31/2018,79.0,79.0,78.0,79.0,1.28,8000.0,340.0,179.7
NHPC,11/1/2018,78.0,79.0,78.0,78.0,-1.27,16440.0,340.0,179.7
NHPC,11/4/2018,79.0,81.0,79.0,80.0,2.56,4110.0,340.0,179.7
NHPC,11/5/2018,79.0,79.0,78.0,79.0,-1.25,8600.0,340.0,179.7
NHPC,11/6/2018,79.0,80.0,80.0,79.0,0.0,1010.0,340.0,179.7
NHPC,11/11/2018,79.0,79.0,78.0,78.0,-1.27,550.0,340.0,179.7
NHPC,11/12/2018,79.0,79.0,78.0,78.0,0.0,4190.0,340.0,179.7
NHPC,11/13/2018,79.0,81.0,78.0,79.0,1.28,26271.0,340.0,179.7
NHPC,11/14/2018,79.0,79.0,77.0,77.0,-2.53,10550.0,340.0,179.7
NHPC,11/15/2018,78.0,80.0,77.0,77.0,0.0,6030.0,340.0,179.7
NHPC,11/18/2018,77.0,77.0,76.0,77.0,0.0,5500.0,340.0,179.7
NHPC,11/19/2018,76.0,77.0,75.0,76.0,-1.3,7400.0,340.0,179.7
NHPC,11/20/2018,76.0,76.0,75.0,75.0,-1.32,3400.0,340.0,179.7
NHPC,11/21/2018,75.0,76.0,75.0,75.0,0.0,3850.0,340.0,179.7
NHPC,11/22/2018,76.0,77.0,75.0,75.0,0.0,6980.0,340.0,179.7
NHPC,11/25/2018,75.0,75.0,74.0,74.0,-1.33,6633.0,340.0,179.7
NHPC,11/26/2018,74.0,74.0,71.0,71.0,-4.05,17508.0,340.0,179.7
NHPC,11/27/2018,71.0,75.0,71.0,73.0,2.82,16485.0,340.0,179.7
NHPC,11/28/2018,74.0,74.0,71.0,72.0,-1.37,20830.0,340.0,179.7
NHPC,11/29/2018,73.0,73.0,70.0,70.0,-2.78,30584.0,340.0,179.7
NHPC,12/2/2018,71.0,72.0,70.0,71.0,1.43,33418.0,340.0,179.7
NHPC,12/3/2018,70.0,73.0,70.0,73.0,2.82,10816.0,340.0,179.7
NHPC,12/4/2018,72.0,73.0,71.0,73.0,0.0,320.0,340.0,179.7
NHPC,12/5/2018,72.0,72.0,69.0,69.0,-5.48,13155.0,340.0,179.7
NHPC,12/6/2018,70.0,71.0,70.0,70.0,1.45,4885.0,340.0,179.7
NHPC,12/9/2018,71.0,71.0,69.0,69.0,-1.43,4100.0,340.0,179.7
NHPC,12/10/2018,70.0,71.0,69.0,70.0,1.45,10581.0,340.0,179.7
NHPC,12/11/2018,70.0,70.0,70.0,70.0,0.0,5800.0,340.0,179.7
NHPC,12/12/2018,70.0,71.0,70.0,71.0,1.43,2000.0,340.0,179.7
NHPC,12/13/2018,72.0,72.0,70.0,70.0,-1.41,5245.0,340.0,179.7
NHPC,12/16/2018,71.0,73.0,71.0,71.0,1.43,2410.0,340.0,179.7
NHPC,12/17/2018,70.0,72.0,70.0,72.0,1.41,300.0,340.0,179.7
NHPC,12/18/2018,71.0,71.0,70.0,70.0,-2.78,6500.0,340.0,179.7
NHPC,12/19/2018,69.0,69.0,69.0,69.0,-1.43,4930.0,340.0,179.7
NHPC,12/20/2018,68.0,71.0,68.0,71.0,2.9,6570.0,340.0,179.7
NHPC,12/23/2018,72.0,73.0,71.0,71.0,0.0,5810.0,340.0,179.7
NHPC,12/24/2018,72.0,73.0,70.0,71.0,0.0,12700.0,340.0,179.7
NHPC,12/25/2018,70.0,70.0,69.0,70.0,-1.41,2260.0,340.0,179.7
NHPC,12/26/2018,71.0,71.0,69.0,70.0,0.0,15945.0,340.0,179.7
NHPC,12/27/2018,71.0,73.0,69.0,69.0,-1.43,34075.0,340.0,179.7
NHPC,12/30/2018,70.0,70.0,69.0,70.0,1.45,2400.0,340.0,179.7
NHPC,12/31/2018,70.0,70.0,69.0,69.0,-1.43,7230.0,340.0,179.7
NHPC,1/1/2019,70.0,70.0,68.0,69.0,0.0,2800.0,340.0,179.7
NHPC,1/2/2019,69.0,69.0,69.0,69.0,0.0,755.0,340.0,179.7
NHPC,1/3/2019,69.0,69.0,68.0,69.0,0.0,1300.0,340.0,179.7
NHPC,1/6/2019,68.0,69.0,68.0,68.0,-1.45,6660.0,340.0,179.7
NHPC,1/7/2019,69.0,69.0,67.0,69.0,1.47,3480.0,340.0,179.7
NHPC,1/8/2019,70.0,70.0,67.0,68.0,-1.45,2240.0,340.0,179.7
NHPC,1/9/2019,69.0,69.0,68.0,68.0,0.0,1830.0,340.0,179.7
NHPC,1/10/2019,69.0,70.0,68.0,70.0,2.94,177530.0,340.0,179.7
NHPC,1/13/2019,70.0,70.0,68.0,69.0,-1.43,4500.0,340.0,179.7
NHPC,1/14/2019,70.0,71.0,69.0,71.0,2.9,13157.0,340.0,179.7
NHPC,1/15/2019,70.0,70.0,70.0,70.0,-1.41,500.0,340.0,179.7
NHPC,1/16/2019,70.0,70.0,67.0,70.0,0.0,7150.0,340.0,179.7
NHPC,1/17/2019,70.0,70.0,67.0,69.0,-1.43,10830.0,340.0,179.7
NHPC,1/20/2019,68.0,69.0,68.0,69.0,0.0,60.0,340.0,179.7
NHPC,1/21/2019,68.0,68.0,66.0,66.0,-4.35,8500.0,340.0,179.7
NHPC,1/22/2019,67.0,68.0,67.0,68.0,3.03,5900.0,340.0,179.7
NHPC,1/23/2019,68.0,70.0,67.0,70.0,2.94,13160.0,340.0,179.7
NHPC,1/24/2019,69.0,70.0,67.0,69.0,-1.43,8260.0,340.0,179.7
NHPC,1/27/2019,69.0,69.0,67.0,67.0,-2.9,7415.0,340.0,179.7
NHPC,1/28/2019,67.0,68.0,67.0,68.0,1.49,7240.0,340.0,179.7
NHPC,1/29/2019,68.0,69.0,68.0,69.0,1.47,2500.0,340.0,179.7
NHPC,1/30/2019,70.0,70.0,67.0,67.0,-2.9,3000.0,340.0,179.7
NHPC,1/31/2019,67.0,67.0,67.0,67.0,0.0,630.0,340.0,179.7
NHPC,2/3/2019,68.0,68.0,67.0,67.0,0.0,2310.0,340.0,179.7
NHPC,2/4/2019,68.0,68.0,67.0,67.0,0.0,3550.0,340.0,179.7
NHPC,2/5/2019,66.0,66.0,64.0,66.0,-1.49,16527.0,340.0,179.7
NHPC,2/6/2019,66.0,67.0,65.0,65.0,-1.52,8430.0,340.0,179.7
NHPC,2/7/2019,64.0,66.0,64.0,65.0,0.0,5253.0,340.0,179.7
NHPC,2/10/2019,64.0,66.0,63.0,63.0,-3.08,17410.0,340.0,179.7
NHPC,2/11/2019,62.0,63.0,62.0,63.0,0.0,20000.0,340.0,179.7
NHPC,2/12/2019,62.0,64.0,62.0,64.0,1.59,6350.0,340.0,179.7
NHPC,2/13/2019,63.0,64.0,63.0,64.0,0.0,5300.0,340.0,179.7
NHPC,2/14/2019,63.0,63.0,63.0,63.0,-1.56,5746.0,340.0,179.7
NHPC,2/17/2019,62.0,63.0,61.0,62.0,-1.59,6115.0,340.0,179.7
NHPC,2/18/2019,63.0,63.0,59.0,63.0,1.61,9342.0,340.0,179.7
NHPC,2/19/2019,62.0,62.0,61.0,62.0,-1.59,4770.0,340.0,179.7
NHPC,2/20/2019,62.0,62.0,62.0,62.0,0.0,1755.0,340.0,179.7
NHPC,2/21/2019,62.0,62.0,62.0,62.0,0.0,550.0,340.0,179.7
NHPC,2/24/2019,62.0,62.0,61.0,62.0,0.0,2650.0,340.0,179.7
NHPC,2/25/2019,61.0,62.0,59.0,60.0,-3.23,6378.0,340.0,179.7
NHPC,2/26/2019,61.0,62.0,61.0,62.0,3.33,2750.0,340.0,179.7
NHPC,2/27/2019,63.0,63.0,61.0,61.0,-1.61,3013.0,340.0,179.7
NHPC,3/3/2019,61.0,62.0,61.0,62.0,1.64,3120.0,340.0,179.7
NHPC,3/5/2019,61.0,62.0,61.0,62.0,0.0,2590.0,340.0,179.7
NHPC,3/6/2019,61.0,62.0,61.0,62.0,0.0,3410.0,340.0,179.7
NHPC,3/7/2019,62.0,67.0,62.0,67.0,8.06,30673.0,340.0,179.7
NHPC,3/10/2019,66.0,66.0,64.0,64.0,-4.48,3200.0,340.0,179.7
NHPC,3/11/2019,66.0,69.0,65.0,69.0,7.81,44638.0,340.0,179.7
NHPC,3/12/2019,69.0,75.0,69.0,75.0,8.7,88027.0,340.0,179.7
NHPC,3/13/2019,77.0,77.0,71.0,71.0,-5.33,18090.0,340.0,179.7
NHPC,3/14/2019,70.0,74.0,70.0,71.0,0.0,15324.0,340.0,179.7
NHPC,3/17/2019,73.0,75.0,72.0,72.0,1.41,12100.0,340.0,179.7
NHPC,3/18/2019,71.0,72.0,71.0,72.0,0.0,15610.0,340.0,179.7
NHPC,3/19/2019,72.0,74.0,72.0,74.0,2.78,16465.0,340.0,179.7
NHPC,3/21/2019,75.0,75.0,72.0,74.0,0.0,11100.0,340.0,179.7
NHPC,3/24/2019,73.0,73.0,71.0,72.0,-2.7,12160.0,340.0,179.7
NHPC,3/25/2019,71.0,72.0,71.0,72.0,0.0,23880.0,340.0,179.7
NHPC,3/26/2019,71.0,73.0,71.0,73.0,1.39,2375.0,340.0,179.7
NHPC,3/27/2019,72.0,72.0,71.0,72.0,-1.37,3220.0,340.0,179.7
NHPC,3/28/2019,71.0,72.0,71.0,72.0,0.0,5215.0,340.0,179.7
NHPC,3/31/2019,72.0,73.0,72.0,73.0,1.39,10340.0,340.0,179.7
NHPC,4/1/2019,74.0,74.0,71.0,74.0,1.37,10850.0,340.0,179.7
NHPC,4/2/2019,73.0,73.0,71.0,73.0,-1.35,16465.0,340.0,179.7
NHPC,4/3/2019,72.0,72.0,70.0,72.0,-1.37,2365.0,340.0,179.7
NHPC,4/4/2019,72.0,72.0,70.0,71.0,-1.39,10285.0,340.0,179.7
NHPC,4/7/2019,72.0,72.0,71.0,72.0,1.41,2620.0,340.0,179.7
NHPC,4/8/2019,71.0,73.0,70.0,71.0,-1.39,14850.0,340.0,179.7
NHPC,4/9/2019,71.0,72.0,70.0,72.0,1.41,5570.0,340.0,179.7
NHPC,4/10/2019,71.0,71.0,70.0,70.0,-2.78,8710.0,340.0,179.7
NHPC,4/11/2019,70.0,73.0,70.0,71.0,1.43,4060.0,340.0,179.7
NHPC,4/15/2019,72.0,72.0,70.0,71.0,0.0,6210.0,340.0,179.7
NHPC,4/16/2019,70.0,73.0,70.0,72.0,1.41,8150.0,340.0,179.7
NHPC,4/17/2019,71.0,71.0,69.0,70.0,-2.78,14980.0,340.0,179.7
NHPC,4/18/2019,69.0,72.0,69.0,69.0,-1.43,10865.0,340.0,179.7
NHPC,4/21/2019,69.0,73.0,68.0,72.0,4.35,17830.0,340.0,179.7
NHPC,4/22/2019,71.0,71.0,69.0,69.0,-4.17,15000.0,340.0,179.7
NHPC,4/23/2019,68.0,71.0,68.0,69.0,0.0,8377.0,340.0,179.7
NHPC,4/24/2019,69.0,69.0,68.0,68.0,-1.45,3940.0,340.0,179.7
NHPC,4/25/2019,68.0,72.0,68.0,69.0,1.47,13605.0,340.0,179.7
NHPC,4/28/2019,70.0,72.0,70.0,72.0,4.35,21100.0,340.0,179.7
NHPC,4/29/2019,72.0,73.0,69.0,69.0,-4.17,18362.0,340.0,179.7
NHPC,4/30/2019,70.0,75.0,70.0,73.0,5.8,62154.0,340.0,179.7
NHPC,5/2/2019,72.0,72.0,69.0,71.0,-2.74,10680.0,340.0,179.7
NHPC,5/5/2019,71.0,73.0,69.0,69.0,-2.82,5785.0,340.0,179.7
NHPC,5/6/2019,68.0,72.0,68.0,72.0,4.35,13451.0,340.0,179.7
NHPC,5/7/2019,71.0,71.0,69.0,69.0,-4.17,15470.0,340.0,179.7
NHPC,5/8/2019,69.0,70.0,69.0,69.0,0.0,6355.0,340.0,179.7
NHPC,5/9/2019,70.0,70.0,68.0,68.0,-1.45,13775.0,340.0,179.7
NHPC,5/12/2019,68.0,69.0,65.0,67.0,-1.47,32580.0,340.0,179.7
NHPC,5/13/2019,67.0,70.0,66.0,70.0,4.48,46193.0,340.0,179.7
NHPC,5/14/2019,70.0,70.0,67.0,68.0,-2.86,17304.0,340.0,179.7
NHPC,5/15/2019,68.0,69.0,68.0,69.0,1.47,6280.0,340.0,179.7
NHPC,5/16/2019,68.0,68.0,67.0,67.0,-2.9,22850.0,340.0,179.7
NHPC,5/19/2019,66.0,69.0,66.0,66.0,-1.49,5630.0,340.0,179.7
NHPC,5/20/2019,66.0,68.0,66.0,68.0,3.03,3360.0,340.0,179.7
NHPC,5/21/2019,67.0,69.0,66.0,69.0,1.47,27895.0,340.0,179.7
NHPC,5/22/2019,70.0,75.0,70.0,75.0,8.7,174731.0,340.0,179.7
NHPC,5/23/2019,78.0,82.0,72.0,73.0,-2.67,137463.0,340.0,179.7
NHPC,5/26/2019,72.0,72.0,70.0,70.0,-4.11,29933.0,340.0,179.7
NHPC,5/27/2019,70.0,72.0,69.0,69.0,-1.43,11040.0,340.0,179.7
NHPC,5/28/2019,70.0,71.0,69.0,69.0,0.0,6640.0,340.0,179.7
NHPC,5/29/2019,70.0,72.0,70.0,72.0,4.35,5380.0,340.0,179.7
NHPC,5/30/2019,75.0,77.0,70.0,71.0,-1.39,21238.0,340.0,179.7
NHPC,6/2/2019,72.0,72.0,69.0,70.0,-1.41,24220.0,340.0,179.7
NHPC,6/3/2019,69.0,70.0,68.0,68.0,-2.86,7410.0,340.0,179.7
NHPC,6/4/2019,69.0,72.0,69.0,69.0,1.47,12250.0,340.0,179.7
NHPC,6/6/2019,70.0,70.0,69.0,69.0,0.0,1440.0,340.0,179.7
NHPC,6/10/2019,68.0,69.0,68.0,69.0,0.0,7500.0,340.0,179.7
NHPC,6/11/2019,69.0,69.0,68.0,68.0,-1.45,13510.0,340.0,179.7
NHPC,6/12/2019,69.0,69.0,67.0,69.0,1.47,9020.0,340.0,179.7
NHPC,6/13/2019,68.0,69.0,68.0,68.0,-1.45,4570.0,340.0,179.7
NHPC,6/16/2019,68.0,69.0,67.0,68.0,0.0,3210.0,340.0,179.7
NHPC,6/17/2019,68.0,68.0,67.0,67.0,-1.47,10000.0,340.0,179.7
NHPC,6/18/2019,67.0,69.0,67.0,68.0,1.49,8536.0,340.0,179.7
NHPC,6/19/2019,69.0,69.0,67.0,68.0,0.0,3902.0,340.0,179.7
NHPC,6/20/2019,68.0,69.0,67.0,68.0,0.0,5600.0,340.0,179.7
NHPC,6/23/2019,67.0,68.0,67.0,68.0,0.0,5800.0,340.0,179.7
NHPC,6/24/2019,69.0,69.0,66.0,68.0,0.0,14230.0,340.0,179.7
NHPC,6/25/2019,67.0,68.0,67.0,68.0,0.0,15931.0,340.0,179.7
NHPC,6/26/2019,67.0,69.0,66.0,68.0,0.0,6610.0,340.0,179.7
NHPC,6/27/2019,67.0,68.0,66.0,68.0,0.0,12881.0,340.0,179.7
NHPC,6/30/2019,67.0,67.0,66.0,66.0,-2.94,3500.0,340.0,179.7
NHPC,7/1/2019,66.0,66.0,64.0,65.0,-1.52,58590.0,340.0,179.7
NHPC,7/2/2019,65.0,66.0,63.0,66.0,1.54,31025.0,340.0,179.7
NHPC,7/3/2019,65.0,67.0,64.0,67.0,1.52,10620.0,340.0,179.7
NHPC,7/4/2019,66.0,66.0,65.0,65.0,-2.99,9500.0,340.0,179.7
NHPC,7/7/2019,64.0,65.0,64.0,64.0,-1.54,12520.0,340.0,179.7
NHPC,7/8/2019,65.0,65.0,65.0,65.0,1.56,10005.0,340.0,179.7
NHPC,7/9/2019,65.0,67.0,65.0,65.0,0.0,10560.0,340.0,179.7
NHPC,7/10/2019,65.0,65.0,64.0,64.0,-1.54,13845.0,340.0,179.7
NHPC,7/11/2019,65.0,65.0,64.0,64.0,0.0,5940.0,340.0,179.7
NHPC,7/14/2019,63.0,65.0,63.0,65.0,1.56,7820.0,340.0,179.7
NHPC,7/15/2019,64.0,66.0,64.0,65.0,0.0,530.0,340.0,179.7
NHPC,7/16/2019,64.0,65.0,64.0,64.0,-1.54,4260.0,340.0,179.7
NHPC,7/17/2019,65.0,68.0,65.0,67.0,4.69,6610.0,340.0,179.7
NHPC,7/18/2019,67.0,67.0,65.0,66.0,-1.49,13740.0,340.0,179.7
NHPC,7/21/2019,65.0,66.0,65.0,66.0,0.0,1000.0,340.0,179.7
NHPC,7/22/2019,65.0,66.0,64.0,66.0,0.0,10360.0,340.0,179.7
NHPC,7/23/2019,65.0,66.0,64.0,66.0,0.0,2082.0,340.0,179.7
NHPC,7/24/2019,65.0,66.0,65.0,65.0,-1.52,7610.0,340.0,179.7
NHPC,7/25/2019,66.0,66.0,64.0,65.0,0.0,3200.0,340.0,179.7
NHPC,7/28/2019,64.0,65.0,64.0,64.0,-1.54,4460.0,340.0,179.7
NHPC,7/29/2019,65.0,66.0,65.0,66.0,3.12,1140.0,340.0,179.7
NHPC,7/30/2019,67.0,67.0,65.0,65.0,-1.52,3580.0,340.0,179.7
NHPC,7/31/2019,66.0,66.0,64.0,65.0,0.0,6020.0,340.0,179.7
NHPC,8/1/2019,68.0,68.0,64.0,66.0,1.54,8606.0,340.0,179.7
NHPC,8/4/2019,66.0,66.0,64.0,64.0,-3.03,1020.0,340.0,179.7
NHPC,8/5/2019,65.0,66.0,64.0,65.0,1.56,19470.0,340.0,179.7
NHPC,8/6/2019,65.0,65.0,63.0,64.0,-1.54,3880.0,340.0,179.7
NHPC,8/7/2019,63.0,65.0,63.0,65.0,1.56,2085.0,340.0,179.7
NHPC,8/8/2019,64.0,64.0,63.0,63.0,-3.08,5385.0,340.0,179.7
NHPC,8/11/2019,62.0,64.0,62.0,62.0,-1.59,7220.0,340.0,179.7
NHPC,8/12/2019,63.0,64.0,62.0,64.0,3.23,8320.0,340.0,179.7
NHPC,8/13/2019,63.0,63.0,62.0,62.0,-3.12,6590.0,340.0,179.7
NHPC,8/14/2019,63.0,63.0,62.0,62.0,0.0,4845.0,340.0,179.7
NHPC,8/15/2019,62.0,62.0,61.0,62.0,0.0,4400.0,340.0,179.7
NHPC,8/18/2019,61.0,62.0,60.0,62.0,0.0,13890.0,340.0,179.7
NHPC,8/19/2019,61.0,61.0,59.0,61.0,-1.61,42555.0,340.0,179.7
NHPC,8/20/2019,60.0,60.0,60.0,60.0,-1.64,7400.0,340.0,179.7
NHPC,8/21/2019,61.0,61.0,60.0,60.0,0.0,3030.0,340.0,179.7
NHPC,8/22/2019,61.0,61.0,59.0,59.0,-1.67,11590.0,340.0,179.7
NHPC,8/25/2019,59.0,59.0,57.0,57.0,-3.39,9060.0,340.0,179.7
NHPC,8/26/2019,58.0,60.0,58.0,58.0,1.75,12075.0,340.0,179.7
NHPC,8/27/2019,59.0,60.0,59.0,60.0,3.45,610.0,340.0,179.7
NHPC,8/28/2019,60.0,60.0,57.0,58.0,-3.33,8780.0,340.0,179.7
NHPC,8/29/2019,59.0,60.0,58.0,58.0,0.0,4060.0,340.0,179.7
NHPC,9/1/2019,58.0,58.0,57.0,57.0,-1.72,4150.0,340.0,179.7
NHPC,9/2/2019,57.0,58.0,56.0,56.0,-1.75,2600.0,340.0,179.7
NHPC,9/3/2019,56.0,60.0,55.0,59.0,5.36,9810.0,340.0,179.7
NHPC,9/4/2019,58.0,60.0,57.0,58.0,-1.69,5100.0,340.0,179.7
NHPC,9/5/2019,58.0,59.0,56.0,56.0,-3.45,6610.0,340.0,179.7
NHPC,9/8/2019,57.0,58.0,56.0,56.0,0.0,4620.0,340.0,179.7
NHPC,9/9/2019,57.0,57.0,54.0,56.0,0.0,18750.0,340.0,179.7
NHPC,9/10/2019,57.0,57.0,55.0,56.0,0.0,7400.0,340.0,179.7
NHPC,9/11/2019,55.0,55.0,53.0,55.0,-1.79,5300.0,340.0,179.7
NHPC,9/12/2019,54.0,55.0,54.0,54.0,-1.82,3530.0,340.0,179.7
NHPC,9/15/2019,53.0,55.0,53.0,54.0,0.0,2820.0,340.0,179.7
NHPC,9/16/2019,53.0,54.0,53.0,53.0,-1.85,11187.0,340.0,179.7
NHPC,9/17/2019,54.0,57.0,54.0,57.0,7.55,15060.0,340.0,179.7
NHPC,9/18/2019,57.0,58.0,55.0,57.0,0.0,4700.0,340.0,179.7
NHPC,9/22/2019,55.0,55.0,53.0,53.0,-7.02,2150.0,340.0,179.7
NHPC,9/23/2019,54.0,55.0,53.0,53.0,0.0,3000.0,340.0,179.7
NHPC,9/24/2019,53.0,55.0,52.0,52.0,-1.89,6400.0,340.0,179.7
NHPC,9/25/2019,53.0,53.0,52.0,52.0,0.0,7000.0,340.0,179.7
NHPC,9/26/2019,52.0,53.0,50.0,52.0,0.0,15445.0,340.0,179.7
NHPC,9/29/2019,53.0,53.0,52.0,53.0,1.92,550.0,340.0,179.7
NHPC,9/30/2019,52.0,54.0,51.0,54.0,1.89,5290.0,340.0,179.7
NHPC,10/1/2019,53.0,53.0,53.0,53.0,-1.85,3830.0,340.0,179.7
NHPC,10/2/2019,54.0,54.0,52.0,52.0,-1.89,4510.0,340.0,179.7
NHPC,10/3/2019,51.0,53.0,51.0,53.0,1.92,700.0,340.0,179.7
NHPC,10/10/2019,53.0,54.0,53.0,53.0,0.0,1690.0,340.0,179.7
NHPC,10/14/2019,52.0,54.0,52.0,54.0,1.89,5600.0,340.0,179.7
NHPC,10/15/2019,53.0,54.0,51.0,53.0,-1.85,5420.0,340.0,179.7
NHPC,10/16/2019,52.0,53.0,52.0,53.0,0.0,5970.0,340.0,179.7
NHPC,10/17/2019,54.0,54.0,53.0,53.0,0.0,500.0,340.0,179.7
NHPC,10/20/2019,53.0,53.0,53.0,53.0,0.0,1910.0,340.0,179.7
NHPC,10/21/2019,54.0,54.0,52.0,52.0,-1.89,1930.0,340.0,179.7
NHPC,10/22/2019,53.0,54.0,52.0,53.0,1.92,4400.0,340.0,179.7
NHPC,10/23/2019,54.0,56.0,54.0,54.0,1.89,6935.0,340.0,179.7
NHPC,10/24/2019,55.0,56.0,54.0,56.0,3.7,3590.0,340.0,179.7
NHPC,10/31/2019,55.0,55.0,55.0,55.0,-1.79,10.0,340.0,179.7
NHPC,11/3/2019,54.0,54.0,53.0,53.0,-3.64,2300.0,340.0,179.7
NHPC,11/4/2019,54.0,54.0,53.0,53.0,0.0,3050.0,340.0,179.7
NHPC,11/5/2019,52.0,52.0,51.0,51.0,-3.77,1700.0,340.0,179.7
NHPC,11/6/2019,52.0,53.0,52.0,53.0,3.92,300.0,340.0,179.7
NHPC,11/7/2019,53.0,56.0,53.0,55.0,3.77,9385.0,340.0,179.7
NHPC,11/10/2019,55.0,56.0,54.0,54.0,-1.82,590.0,340.0,179.7
NHPC,11/11/2019,55.0,55.0,53.0,54.0,0.0,4610.0,340.0,179.7
NHPC,11/12/2019,55.0,55.0,54.0,54.0,0.0,2020.0,340.0,179.7
NHPC,11/13/2019,53.0,54.0,53.0,53.0,-1.85,1505.0,340.0,179.7
NHPC,11/14/2019,54.0,54.0,51.0,51.0,-3.77,13120.0,340.0,179.7
NHPC,11/17/2019,51.0,52.0,51.0,51.0,0.0,4425.0,340.0,179.7
NHPC,11/18/2019,51.0,52.0,50.0,51.0,0.0,4397.0,340.0,179.7
NHPC,11/19/2019,52.0,53.0,51.0,52.0,1.96,25230.0,340.0,179.7
NHPC,11/20/2019,52.0,52.0,50.0,50.0,-3.85,10245.0,340.0,179.7
NHPC,11/21/2019,51.0,51.0,50.0,50.0,0.0,2340.0,340.0,179.7
NHPC,11/24/2019,51.0,52.0,50.0,52.0,4.0,22640.0,340.0,179.7
NHPC,11/25/2019,51.0,52.0,50.0,50.0,-3.85,21710.0,340.0,179.7
NHPC,11/26/2019,51.0,52.0,51.0,52.0,4.0,1838.0,340.0,179.7
NHPC,11/27/2019,52.0,52.0,50.0,51.0,-1.92,7460.0,340.0,179.7
NHPC,11/28/2019,50.0,50.0,50.0,50.0,-1.96,15460.0,340.0,179.7
NHPC,12/1/2019,50.0,50.0,50.0,50.0,0.0,1500.0,340.0,179.7
NHPC,12/2/2019,51.0,52.0,51.0,51.0,2.0,1020.0,340.0,179.7
NHPC,12/3/2019,51.0,51.0,51.0,51.0,0.0,700.0,340.0,179.7
NHPC,12/4/2019,52.0,52.0,50.0,51.0,0.0,6720.0,340.0,179.7
NHPC,12/5/2019,52.0,53.0,51.0,52.0,1.96,4772.0,340.0,179.7
NHPC,12/8/2019,53.0,54.0,51.0,52.0,0.0,3320.0,340.0,179.7
NHPC,12/9/2019,52.0,53.0,52.0,53.0,1.92,3850.0,340.0,179.7
NHPC,12/10/2019,53.0,53.0,51.0,51.0,-3.77,9250.0,340.0,179.7
NHPC,12/11/2019,51.0,53.0,51.0,51.0,0.0,7210.0,340.0,179.7
NHPC,12/12/2019,51.0,56.0,51.0,55.0,7.84,9723.0,340.0,179.7
NHPC,12/15/2019,55.0,56.0,54.0,54.0,-1.82,2010.0,340.0,179.7
NHPC,12/16/2019,53.0,53.0,52.0,52.0,-3.7,8500.0,340.0,179.7
NHPC,12/17/2019,51.0,52.0,50.0,52.0,0.0,4680.0,340.0,179.7
NHPC,12/18/2019,53.0,53.0,51.0,51.0,-1.92,8110.0,340.0,179.7
NHPC,12/19/2019,52.0,52.0,50.0,50.0,-1.96,6105.0,340.0,179.7
NHPC,12/22/2019,51.0,52.0,51.0,51.0,2.0,3130.0,340.0,179.7
NHPC,12/23/2019,51.0,52.0,51.0,51.0,0.0,6194.0,340.0,179.7
NHPC,12/24/2019,51.0,51.0,50.0,51.0,0.0,3750.0,340.0,179.7
NHPC,12/25/2019,50.0,51.0,50.0,51.0,0.0,1040.0,340.0,179.7
NHPC,12/29/2019,52.0,52.0,50.0,50.0,-1.96,8520.0,340.0,179.7
NHPC,12/30/2019,50.0,51.0,50.0,51.0,2.0,7370.0,340.0,179.7
NHPC,12/31/2019,52.0,52.0,51.0,51.0,0.0,680.0,340.0,179.7
NHPC,1/1/2020,50.0,51.0,50.0,50.0,-1.96,5241.0,340.0,179.7
NHPC,1/2/2020,50.0,51.0,50.0,50.0,0.0,4500.0,340.0,179.7
NHPC,1/5/2020,50.0,53.0,50.0,53.0,6.0,770.0,340.0,179.7
NHPC,1/6/2020,52.0,52.0,51.0,51.0,-3.77,5900.0,340.0,179.7
NHPC,1/7/2020,52.0,53.0,51.0,53.0,3.92,28515.0,340.0,179.7
NHPC,1/8/2020,55.0,55.0,52.0,52.0,-1.89,3740.0,340.0,179.7
NHPC,1/9/2020,53.0,53.0,51.0,51.0,-1.92,10960.0,340.0,179.7
NHPC,1/12/2020,52.0,55.0,52.0,54.0,5.88,15665.0,340.0,179.7
NHPC,1/13/2020,55.0,57.0,52.0,55.0,1.85,71798.0,340.0,179.7
NHPC,1/14/2020,54.0,55.0,52.0,53.0,-3.64,27390.0,340.0,179.7
NHPC,1/15/2020,53.0,54.0,53.0,54.0,1.89,5340.0,340.0,179.7
NHPC,1/16/2020,55.0,55.0,53.0,53.0,-1.85,31640.0,340.0,179.7
NHPC,1/19/2020,54.0,58.0,53.0,56.0,5.66,75850.0,340.0,179.7
NHPC,1/20/2020,56.0,56.0,52.0,52.0,-7.14,27242.0,340.0,179.7
NHPC,1/21/2020,53.0,55.0,52.0,53.0,1.92,19560.0,340.0,179.7
NHPC,1/22/2020,52.0,54.0,52.0,52.0,-1.89,5910.0,340.0,179.7
NHPC,1/23/2020,52.0,54.0,52.0,52.0,0.0,17755.0,340.0,179.7
NHPC,1/26/2020,52.0,53.0,50.0,50.0,-3.85,39740.0,340.0,179.7
NHPC,1/27/2020,51.0,53.0,51.0,53.0,6.0,7820.0,340.0,179.7
NHPC,1/28/2020,55.0,55.0,53.0,54.0,1.89,390.0,340.0,179.7
NHPC,1/29/2020,53.0,53.0,51.0,52.0,-3.7,20640.0,340.0,179.7
NHPC,1/30/2020,53.0,55.0,51.0,53.0,1.92,11900.0,340.0,179.7
NHPC,2/2/2020,52.0,54.0,52.0,54.0,1.89,26452.0,340.0,179.7
NHPC,2/3/2020,54.0,59.0,53.0,59.0,9.26,218849.0,340.0,179.7
NHPC,2/4/2020,60.0,64.0,60.0,64.0,8.47,468987.0,340.0,179.7
NHPC,2/5/2020,65.0,65.0,60.0,60.0,-6.25,87932.0,340.0,179.7
NHPC,2/6/2020,61.0,62.0,56.0,58.0,-3.33,17300.0,340.0,179.7
NHPC,2/9/2020,58.0,61.0,56.0,58.0,0.0,10493.0,340.0,179.7
NHPC,2/10/2020,59.0,59.0,57.0,57.0,-1.72,5022.0,340.0,179.7
NHPC,2/11/2020,56.0,59.0,56.0,58.0,1.75,40156.0,340.0,179.7
NHPC,2/12/2020,59.0,60.0,57.0,58.0,0.0,8850.0,340.0,179.7
NHPC,2/13/2020,59.0,59.0,55.0,56.0,-3.45,18635.0,340.0,179.7
NHPC,2/16/2020,55.0,58.0,55.0,58.0,3.57,12698.0,340.0,179.7
NHPC,2/17/2020,59.0,63.0,57.0,60.0,3.45,135425.0,340.0,179.7
NHPC,2/18/2020,61.0,61.0,58.0,60.0,0.0,154876.0,340.0,179.7
NHPC,2/19/2020,59.0,60.0,58.0,59.0,-1.67,9540.0,340.0,179.7
NHPC,2/20/2020,58.0,64.0,58.0,64.0,8.47,76500.0,340.0,179.7
NHPC,2/23/2020,67.0,67.0,61.0,62.0,-3.12,36340.0,340.0,179.7
NHPC,2/24/2020,63.0,64.0,59.0,61.0,-1.61,44070.0,340.0,179.7
NHPC,2/25/2020,60.0,67.0,60.0,67.0,9.84,264241.0,340.0,179.7
NHPC,2/26/2020,68.0,73.0,65.0,68.0,1.49,135744.0,340.0,179.7
NHPC,2/27/2020,67.0,72.0,65.0,68.0,0.0,103970.0,340.0,179.7
NHPC,3/1/2020,68.0,70.0,63.0,64.0,-5.88,69890.0,340.0,179.7
NHPC,3/2/2020,63.0,65.0,62.0,62.0,-3.12,37097.0,340.0,179.7
NHPC,3/3/2020,61.0,66.0,61.0,62.0,0.0,47640.0,340.0,179.7
NHPC,3/4/2020,62.0,63.0,58.0,58.0,-6.45,62101.0,340.0,179.7
NHPC,3/5/2020,58.0,62.0,57.0,58.0,0.0,31399.0,340.0,179.7
NHPC,3/10/2020,57.0,57.0,57.0,57.0,-1.72,160.0,340.0,179.7
NHPC,3/11/2020,58.0,61.0,57.0,61.0,7.02,18760.0,340.0,179.7
NHPC,3/12/2020,60.0,60.0,57.0,58.0,-4.92,24665.0,340.0,179.7
NHPC,3/15/2020,57.0,57.0,53.0,53.0,-8.62,52955.0,340.0,179.7
NHPC,3/16/2020,53.0,56.0,53.0,55.0,3.77,13828.0,340.0,179.7
NHPC,3/17/2020,56.0,57.0,52.0,52.0,-5.45,18336.0,340.0,179.7
NHPC,3/18/2020,52.0,53.0,51.0,52.0,0.0,26850.0,340.0,179.7
NHPC,3/19/2020,51.0,52.0,50.0,51.0,-1.92,56540.0,340.0,179.7
NHPC,3/22/2020,51.0,53.0,51.0,53.0,3.92,460.0,340.0,179.7
NHPC,6/29/2020,52.0,52.0,50.0,50.0,-5.66,10100.0,340.0,179.7
NHPC,6/30/2020,49.0,50.0,49.0,50.0,0.0,6200.0,340.0,179.7
NHPC,7/1/2020,50.0,50.0,50.0,50.0,0.0,30.0,340.0,179.7
NHPC,7/2/2020,51.0,51.0,49.0,49.0,-2.0,4020.0,340.0,179.7
NHPC,7/5/2020,49.0,52.0,49.0,52.0,6.12,15750.0,340.0,179.7
NHPC,7/6/2020,52.0,53.0,52.0,53.0,1.92,8935.0,340.0,179.7
NHPC,7/7/2020,53.0,57.0,52.0,57.0,7.55,25400.0,340.0,179.7
NHPC,7/8/2020,56.0,56.0,53.0,54.0,-5.26,3000.0,340.0,179.7
NHPC,7/9/2020,53.0,54.0,52.0,52.0,-3.7,3800.0,340.0,179.7
NHPC,7/12/2020,53.0,55.0,53.0,54.0,3.85,3465.0,340.0,179.7
NHPC,7/13/2020,55.0,55.0,52.0,52.0,-3.7,4405.0,340.0,179.7
NHPC,7/14/2020,52.0,54.0,52.0,54.0,3.85,5980.0,340.0,179.7
NHPC,7/15/2020,54.0,54.0,53.0,53.0,-1.85,5386.0,340.0,179.7
NHPC,7/16/2020,52.0,54.0,51.0,52.0,-1.89,15880.0,340.0,179.7
NHPC,7/19/2020,54.0,56.0,54.0,56.0,7.69,4440.0,340.0,179.7
NHPC,7/20/2020,57.0,58.0,54.0,55.0,-1.79,32860.0,340.0,179.7
NHPC,7/21/2020,54.0,55.0,52.0,53.0,-3.64,14260.0,340.0,179.7
NHPC,7/22/2020,52.0,54.0,52.0,54.0,1.89,5878.0,340.0,179.7
NHPC,7/23/2020,54.0,54.0,53.0,54.0,0.0,7207.0,340.0,179.7
NHPC,7/26/2020,53.0,54.0,52.0,52.0,-3.7,11560.0,340.0,179.7
NHPC,7/27/2020,52.0,54.0,51.0,52.0,0.0,23548.0,340.0,179.7
NHPC,7/28/2020,52.0,54.0,52.0,53.0,1.92,16928.0,340.0,179.7
NHPC,7/29/2020,52.0,53.0,51.0,51.0,-3.77,41680.0,340.0,179.7
NHPC,7/30/2020,52.0,56.0,52.0,56.0,9.8,124299.0,340.0,179.7
NHPC,8/2/2020,56.0,57.0,53.0,53.0,-5.36,36130.0,340.0,179.7
NHPC,8/3/2020,52.0,57.0,52.0,55.0,3.77,23790.0,340.0,179.7
NHPC,8/5/2020,54.0,55.0,52.0,54.0,-1.82,4350.0,340.0,179.7
NHPC,8/6/2020,53.0,54.0,52.0,52.0,-3.7,3740.0,340.0,179.7
NHPC,8/9/2020,54.0,55.0,51.0,52.0,0.0,22430.0,340.0,179.7
NHPC,8/10/2020,53.0,54.0,52.0,53.0,1.92,28225.0,340.0,179.7
NHPC,8/11/2020,54.0,54.0,52.0,52.0,-1.89,6200.0,340.0,179.7
NHPC,8/12/2020,52.0,54.0,52.0,53.0,1.92,15003.0,340.0,179.7
NHPC,8/13/2020,53.0,54.0,52.0,53.0,0.0,18710.0,340.0,179.7
NHPC,8/16/2020,55.0,55.0,51.0,54.0,1.89,12960.0,340.0,179.7
NHPC,8/17/2020,53.0,54.0,52.0,53.0,-1.85,4970.0,340.0,179.7
NHPC,8/18/2020,53.0,54.0,52.0,53.0,0.0,11910.0,340.0,179.7
NHPC,8/19/2020,52.0,53.0,52.0,53.0,0.0,18025.0,340.0,179.7
NHPC,8/20/2020,52.0,53.0,52.0,53.0,0.0,11065.0,340.0,179.7
NHPC,8/23/2020,52.0,53.0,52.0,53.0,0.0,11495.0,340.0,179.7
NHPC,8/24/2020,54.0,54.0,52.0,54.0,1.89,10367.0,340.0,179.7
NHPC,8/25/2020,53.0,53.0,52.0,52.0,-3.7,10870.0,340.0,179.7
NHPC,8/26/2020,52.0,54.0,52.0,52.0,0.0,25790.0,340.0,179.7
NHPC,8/27/2020,52.0,54.0,52.0,54.0,3.85,30679.0,340.0,179.7
NHPC,8/30/2020,54.0,55.0,52.0,53.0,-1.85,4110.0,340.0,179.7
NHPC,8/31/2020,54.0,58.0,53.0,56.0,5.66,118154.0,340.0,179.7
NHPC,9/2/2020,57.0,61.0,56.0,61.0,8.93,178373.0,340.0,179.7
NHPC,9/3/2020,64.05,66.0,58.0,59.0,-3.28,81217.0,340.0,179.7
NHPC,9/6/2020,60.0,62.0,58.0,59.0,0.0,111356.0,340.0,179.7
NHPC,9/7/2020,58.0,60.0,56.0,58.0,-1.69,73040.0,340.0,179.7
NHPC,9/8/2020,59.0,60.0,57.0,59.0,1.72,24160.0,340.0,179.7
NHPC,9/9/2020,58.0,61.0,57.0,59.0,0.0,101195.0,340.0,179.7
NHPC,9/10/2020,57.0,60.0,57.0,60.0,1.69,14608.0,340.0,179.7
NHPC,9/13/2020,60.0,60.0,58.0,59.0,-1.67,29350.0,340.0,179.7
NHPC,9/14/2020,60.0,64.0,60.0,64.0,8.47,229110.0,340.0,179.7
NHPC,9/15/2020,67.0,70.0,65.0,66.0,3.12,222368.0,340.0,179.7
NHPC,9/16/2020,66.0,72.0,65.0,72.0,9.09,261091.0,340.0,179.7
NHPC,9/17/2020,75.0,79.0,75.0,79.0,9.72,328532.0,340.0,179.7
NHPC,9/20/2020,82.95,86.0,76.0,80.0,1.27,447990.0,340.0,179.7
NHPC,9/21/2020,84.0,84.0,72.0,84.0,5.0,444432.0,340.0,179.7
NHPC,9/22/2020,88.2,88.2,77.0,79.0,-5.95,270945.0,340.0,179.7
NHPC,9/23/2020,79.0,86.0,74.0,86.0,8.86,267190.0,340.0,179.7
NHPC,9/24/2020,87.0,92.0,82.0,87.0,1.16,611280.0,340.0,179.7
NHPC,9/27/2020,91.0,91.0,84.0,87.0,0.0,444688.0,340.0,179.7
NHPC,9/28/2020,90.0,90.0,82.0,85.0,-2.3,179461.0,340.0,179.7
NHPC,9/29/2020,85.0,93.0,82.0,90.0,5.88,410677.0,340.0,179.7
NHPC,9/30/2020,92.0,99.0,91.0,98.0,8.89,955573.0,340.0,179.7
NHPC,10/1/2020,102.0,107.0,100.0,104.0,6.12,589422.0,340.0,179.7
NHPC,10/4/2020,104.0,106.0,96.0,96.0,-7.69,419113.0,340.0,179.7
NHPC,10/5/2020,100.0,101.0,93.0,100.0,4.17,308042.0,340.0,179.7
NHPC,10/6/2020,102.0,110.0,99.0,110.0,10.0,1053692.0,340.0,179.7
NHPC,10/7/2020,115.0,121.0,113.0,121.0,10.0,523864.0,340.0,179.7
NHPC,10/8/2020,127.0,133.0,119.0,123.0,1.65,825933.0,340.0,179.7
NHPC,10/11/2020,127.0,127.0,116.0,118.0,-4.07,499342.0,340.0,179.7
NHPC,10/12/2020,120.0,120.0,112.0,117.0,-0.85,390679.0,340.0,179.7
NHPC,10/13/2020,116.0,119.0,108.0,111.0,-5.13,457985.0,340.0,179.7
NHPC,10/14/2020,115.0,115.0,104.0,106.0,-4.5,277431.0,340.0,179.7
NHPC,10/15/2020,110.0,113.0,106.0,108.0,1.89,180107.0,340.0,179.7
NHPC,10/18/2020,109.0,112.0,104.0,107.0,-0.93,137263.0,340.0,179.7
NHPC,10/19/2020,106.0,117.0,105.0,114.0,6.54,248224.0,340.0,179.7
NHPC,10/20/2020,119.0,119.0,114.0,118.0,3.51,200004.0,340.0,179.7
NHPC,10/21/2020,119.0,121.0,112.0,113.0,-4.24,157208.0,340.0,179.7
NHPC,10/22/2020,118.0,118.0,110.0,113.0,0.0,156950.0,340.0,179.7
NHPC,10/28/2020,113.0,115.0,109.0,110.0,-2.65,215328.0,340.0,179.7
NHPC,10/29/2020,109.0,113.0,108.0,112.0,1.82,121973.0,340.0,179.7
NHPC,11/1/2020,117.0,117.0,109.0,112.0,0.0,124717.0,340.0,179.7
NHPC,11/2/2020,112.0,114.0,111.0,112.0,0.0,118672.0,340.0,179.7
NHPC,11/3/2020,114.0,114.0,110.0,112.0,0.0,125463.0,340.0,179.7
NHPC,11/4/2020,112.0,113.0,111.0,112.0,0.0,60085.0,340.0,179.7
NHPC,11/5/2020,113.0,117.0,111.0,115.0,2.68,301714.0,340.0,179.7
NHPC,11/8/2020,117.0,120.0,115.0,119.0,3.48,547081.0,340.0,179.7
NHPC,11/9/2020,124.0,124.0,116.0,118.0,-0.84,372129.0,340.0,179.7
NHPC,11/10/2020,119.0,120.0,114.0,117.0,-0.85,227836.0,340.0,179.7
NHPC,11/11/2020,117.0,120.0,117.0,118.0,0.85,143288.0,340.0,179.7
NHPC,11/12/2020,120.0,123.0,115.0,119.0,0.85,438970.0,340.0,179.7
NHPC,11/18/2020,119.0,124.0,116.0,117.0,-1.68,215063.0,340.0,179.7
NHPC,11/19/2020,119.0,128.0,118.0,127.0,8.55,584941.0,340.0,179.7
NHPC,11/22/2020,127.0,136.0,125.0,129.0,1.57,563054.0,340.0,179.7
NHPC,11/23/2020,129.0,133.0,127.0,131.0,1.55,344384.0,340.0,179.7
NHPC,11/24/2020,130.0,140.0,130.0,138.0,5.34,462435.0,340.0,179.7
NHPC,11/25/2020,144.0,144.0,130.0,133.0,-3.62,389609.0,340.0,179.7
NHPC,11/26/2020,135.0,136.0,127.0,128.0,-3.76,378566.0,340.0,179.7
NHPC,11/29/2020,122.0,136.0,122.0,128.0,0.0,363293.0,340.0,179.7
NHPC,11/30/2020,134.4,135.0,128.0,133.0,3.91,310922.0,340.0,179.7
NHPC,12/1/2020,132.0,135.0,129.0,130.0,-2.26,153237.0,340.0,179.7
NHPC,12/2/2020,136.0,136.0,128.0,130.0,0.0,117921.0,340.0,179.7
NHPC,12/3/2020,131.0,131.0,125.0,126.0,-3.08,127199.0,340.0,179.7
NHPC,12/6/2020,125.0,129.0,121.0,123.0,-2.38,192066.0,340.0,179.7
NHPC,12/7/2020,123.0,126.0,120.0,122.0,-0.81,114237.0,340.0,179.7
NHPC,12/8/2020,124.0,128.0,119.0,121.0,-0.82,157639.0,340.0,179.7
NHPC,12/9/2020,123.0,127.0,119.0,123.0,1.65,296837.0,340.0,179.7
NHPC,12/10/2020,125.0,126.0,118.0,122.0,-0.81,187915.0,340.0,179.7
NHPC,12/13/2020,122.0,124.0,119.0,123.0,0.82,151484.0,340.0,179.7
NHPC,12/14/2020,121.0,124.0,120.0,121.0,-1.63,93243.0,340.0,179.7
NHPC,12/15/2020,127.0,127.0,119.0,120.0,-0.83,97948.0,340.0,179.7
NHPC,12/16/2020,118.0,122.0,118.0,120.0,0.0,89465.0,340.0,179.7
NHPC,12/17/2020,118.0,124.0,116.0,119.0,-0.83,157956.0,340.0,179.7
NHPC,12/20/2020,118.0,127.0,111.0,115.0,-3.36,231866.0,340.0,179.7
NHPC,12/21/2020,113.0,120.0,109.0,119.0,3.48,184078.0,340.0,179.7
NHPC,12/22/2020,121.0,127.0,116.0,121.0,1.68,143125.0,340.0,179.7
NHPC,12/23/2020,123.0,123.0,119.0,122.0,0.83,141951.0,340.0,179.7
NHPC,12/24/2020,122.0,123.0,117.0,118.0,-3.28,98988.0,340.0,179.7
NHPC,12/27/2020,119.0,122.0,115.0,116.0,-1.69,35667.0,340.0,179.7
NHPC,12/28/2020,115.0,120.0,115.0,115.0,-0.86,68216.0,340.0,179.7
NHPC,12/29/2020,116.0,121.0,113.0,115.0,0.0,116425.0,340.0,179.7
NHPC,12/30/2020,115.0,116.0,113.0,114.0,-0.87,74713.0,340.0,179.7
NHPC,12/31/2020,112.0,118.0,111.0,112.0,-1.75,76137.0,340.0,179.7
NHPC,1/3/2021,114.0,115.0,112.0,114.0,1.79,57175.0,340.0,179.7
NHPC,1/4/2021,114.0,115.0,112.0,113.0,-0.88,28709.0,340.0,179.7
NHPC,1/5/2021,114.0,122.0,112.0,118.0,4.42,284246.0,340.0,179.7
NHPC,1/6/2021,120.0,124.0,115.0,115.0,-2.54,158067.0,340.0,179.7
NHPC,1/7/2021,117.0,119.0,115.0,116.0,0.87,31859.0,340.0,179.7
NHPC,1/10/2021,118.0,120.0,115.0,116.0,0.0,44871.0,340.0,179.7
NHPC,1/11/2021,111.0,120.0,111.0,117.0,0.86,74570.0,340.0,179.7
NHPC,1/12/2021,117.0,119.0,114.0,117.0,0.0,59146.0,340.0,179.7
NHPC,1/13/2021,112.0,120.0,112.0,116.0,-0.85,115277.0,340.0,179.7
NHPC,1/17/2021,118.0,119.0,115.0,118.0,1.72,80893.0,340.0,179.7
NHPC,1/18/2021,113.0,120.0,113.0,118.0,0.0,57183.0,340.0,179.7
NHPC,1/19/2021,113.0,119.0,113.0,117.0,-0.85,33075.0,340.0,179.7
NHPC,1/20/2021,112.0,119.0,112.0,116.0,-0.85,55520.0,340.0,179.7
NHPC,1/21/2021,117.0,119.0,115.0,118.0,1.72,168594.0,340.0,179.7
NHPC,1/24/2021,120.0,122.0,116.0,117.0,-0.85,178740.0,340.0,179.7
NHPC,1/25/2021,122.0,128.0,120.0,128.0,9.4,551321.0,340.0,179.7
NHPC,1/26/2021,134.0,140.0,128.0,132.0,3.12,789594.0,340.0,179.7
NHPC,1/27/2021,132.0,145.0,132.0,145.0,9.85,1454223.0,340.0,179.7
NHPC,1/28/2021,152.0,159.0,141.0,142.0,-2.07,657098.0,340.0,179.7
NHPC,1/31/2021,149.0,149.0,133.0,137.0,-3.52,481689.0,340.0,179.7
NHPC,2/1/2021,143.0,148.0,134.0,140.0,2.19,496054.0,340.0,179.7
NHPC,2/2/2021,147.0,147.0,138.0,140.0,0.0,177544.0,340.0,179.7
NHPC,2/3/2021,141.0,147.0,138.0,140.0,0.0,627159.0,340.0,179.7
NHPC,2/4/2021,140.0,148.0,138.0,142.0,1.43,458316.0,340.0,179.7
NHPC,2/7/2021,144.0,146.0,139.0,145.0,2.11,242440.0,340.0,179.7
NHPC,2/8/2021,152.0,152.0,138.0,140.0,-3.45,173312.0,340.0,179.7
NHPC,2/9/2021,140.0,143.0,137.0,140.0,0.0,126657.0,340.0,179.7
NHPC,2/10/2021,139.0,140.0,135.0,136.0,-2.86,171155.0,340.0,179.7
NHPC,2/11/2021,138.0,139.0,135.0,135.0,-0.74,118239.0,340.0,179.7
NHPC,2/14/2021,134.0,136.0,132.0,134.0,-0.74,127765.0,340.0,179.7
NHPC,2/15/2021,134.0,140.0,133.0,137.0,2.24,190375.0,340.0,179.7
NHPC,2/16/2021,134.0,140.0,134.0,136.0,-0.73,138868.0,340.0,179.7
NHPC,2/17/2021,134.0,137.0,133.0,135.0,-0.74,65741.0,340.0,179.7
NHPC,2/18/2021,136.0,139.0,134.0,137.0,1.48,179863.0,340.0,179.7
NHPC,2/21/2021,138.0,150.0,135.0,147.0,7.3,626888.0,340.0,179.7
NHPC,2/22/2021,150.0,153.0,143.0,148.0,0.68,503493.0,340.0,179.7
NHPC,2/23/2021,150.0,153.0,140.0,146.0,-1.35,253754.0,340.0,179.7
NHPC,2/24/2021,148.0,150.0,145.0,146.0,0.0,253257.0,340.0,179.7
NHPC,2/25/2021,139.0,160.0,139.0,158.0,8.22,1372097.0,340.0,179.7
NHPC,2/28/2021,158.0,158.0,148.0,149.0,-5.7,359032.0,340.0,179.7
NHPC,3/1/2021,149.0,153.0,146.0,149.0,0.0,223754.0,340.0,179.7
NHPC,3/2/2021,142.0,150.0,139.0,142.0,-4.7,277754.0,340.0,179.7
NHPC,3/3/2021,144.0,150.0,140.0,149.0,4.93,281434.0,340.0,179.7
NHPC,3/4/2021,151.0,163.0,148.0,163.0,9.4,713094.0,340.0,179.7
NHPC,3/7/2021,170.0,170.0,153.0,154.0,-5.52,288821.0,340.0,179.7
NHPC,3/9/2021,156.0,157.0,150.0,154.0,0.0,99436.0,340.0,179.7
NHPC,3/10/2021,154.0,160.0,152.0,158.0,2.6,248566.0,340.0,179.7
NHPC,3/14/2021,151.0,162.0,151.0,159.0,0.63,305049.0,340.0,179.7
NHPC,3/15/2021,159.0,165.0,155.0,160.0,0.63,382535.0,340.0,179.7
NHPC,3/16/2021,160.0,176.0,159.0,166.0,3.75,733956.0,340.0,179.7
NHPC,3/17/2021,171.0,171.0,161.0,163.0,-1.81,181290.0,340.0,179.7
NHPC,3/18/2021,166.0,166.0,161.0,164.0,0.61,159717.0,340.0,179.7
NHPC,3/21/2021,165.0,165.0,161.0,162.0,-1.22,173085.0,340.0,179.7
NHPC,3/22/2021,161.0,164.0,160.0,160.0,-1.23,137064.0,340.0,179.7
NHPC,3/23/2021,163.0,164.0,160.0,163.0,1.88,112619.0,340.0,179.7
NHPC,3/24/2021,164.0,165.0,161.0,163.0,0.0,75265.0,340.0,179.7
NHPC,3/25/2021,165.0,165.0,160.0,162.0,-0.61,129166.0,340.0,179.7
NHPC,3/29/2021,164.0,164.0,159.0,161.0,-0.62,82049.0,340.0,179.7
NHPC,3/30/2021,169.0,169.0,159.0,161.0,0.0,98725.0,340.0,179.7
NHPC,3/31/2021,159.0,162.0,159.0,161.0,0.0,79879.0,340.0,179.7
NHPC,4/1/2021,161.0,166.0,160.0,164.0,1.86,227552.0,340.0,179.7
NHPC,4/4/2021,172.0,174.0,165.0,167.0,1.83,267799.0,340.0,179.7
NHPC,4/5/2021,161.0,175.0,161.0,170.0,1.8,199314.0,340.0,179.7
NHPC,4/6/2021,162.0,185.0,162.0,184.0,8.24,694928.0,340.0,179.7
NHPC,4/7/2021,190.0,191.0,173.0,177.0,-3.8,266758.0,340.0,179.7
NHPC,4/8/2021,169.0,180.0,169.0,172.0,-2.82,134804.0,340.0,179.7
NHPC,4/12/2021,173.0,174.0,168.0,171.0,-0.58,155196.0,340.0,179.7
NHPC,4/13/2021,172.0,172.0,165.0,166.0,-2.92,338643.0,340.0,179.7
NHPC,4/15/2021,166.0,171.0,159.0,162.0,-2.41,845205.0,340.0,179.7
NHPC,4/18/2021,162.0,163.0,156.0,159.0,-1.85,411427.0,340.0,179.7
NHPC,4/19/2021,161.0,161.0,155.0,157.0,-1.26,261599.0,340.0,179.7
NHPC,4/20/2021,160.0,160.0,155.0,158.0,0.64,133521.0,340.0,179.7
NHPC,4/21/2021,160.0,164.0,157.0,161.0,1.9,227933.0,340.0,179.7
NHPC,4/22/2021,164.0,164.0,159.0,161.0,0.0,141971.0,340.0,179.7
NHPC,4/25/2021,159.0,161.0,152.0,156.0,-3.11,211199.0,340.0,179.7
NHPC,4/26/2021,153.0,156.0,143.0,146.0,-6.41,376987.0,340.0,179.7
NHPC,4/27/2021,153.0,157.0,146.0,157.0,7.53,234940.0,340.0,179.7
NHPC,4/28/2021,157.0,158.0,150.0,151.0,-3.82,136325.0,340.0,179.7
NHPC,4/29/2021,153.0,158.0,150.0,157.0,3.97,172336.0,340.0,179.7
NHPC,5/2/2021,160.0,160.0,154.0,158.0,0.64,183561.0,340.0,179.7
NHPC,5/3/2021,160.0,161.0,155.0,157.0,-0.63,140727.0,340.0,179.7
NHPC,5/4/2021,158.0,164.0,155.0,162.0,3.18,411234.0,340.0,179.7
NHPC,5/5/2021,170.0,170.0,161.0,167.0,3.09,502941.0,340.0,179.7
NHPC,5/6/2021,170.0,170.0,161.0,165.0,-1.2,313524.0,340.0,179.7
NHPC,5/9/2021,165.0,165.0,159.0,160.0,-3.03,190332.0,340.0,179.7
NHPC,5/10/2021,160.0,162.0,155.0,160.0,0.0,125323.0,340.0,179.7
NHPC,5/11/2021,153.0,163.0,153.0,161.0,0.63,214010.0,340.0,179.7
NHPC,5/12/2021,164.0,169.0,160.0,168.0,4.35,570796.0,340.0,179.7
NHPC,5/13/2021,168.0,182.0,167.0,179.0,6.55,1447634.0,340.0,179.7
NHPC,5/16/2021,184.0,185.0,172.0,174.0,-2.79,625073.0,340.0,179.7
NHPC,5/17/2021,172.0,189.0,172.0,180.0,3.45,596386.0,340.0,179.7
NHPC,5/18/2021,185.0,198.0,180.0,198.0,10.0,1428750.0,340.0,179.7
NHPC,5/19/2021,207.0,217.0,193.0,205.0,3.54,1466033.0,340.0,179.7
NHPC,5/20/2021,205.0,208.0,194.0,203.0,-0.98,785737.0,340.0,179.7
NHPC,5/23/2021,196.0,209.0,189.0,205.0,0.99,689849.0,340.0,179.7
NHPC,5/24/2021,215.0,215.0,199.0,201.0,-1.95,494245.0,340.0,179.7
NHPC,5/25/2021,203.0,215.0,200.0,214.0,6.47,897010.0,340.0,179.7
NHPC,5/27/2021,215.0,235.0,208.0,235.0,9.81,1181821.0,340.0,179.7
NHPC,5/30/2021,245.0,258.0,238.0,254.0,8.09,1875990.0,340.0,179.7
NHPC,5/31/2021,266.0,266.0,237.0,240.0,-5.51,1102511.0,340.0,179.7
NHPC,6/1/2021,235.0,250.0,230.0,234.0,-2.5,513283.0,340.0,179.7
NHPC,6/2/2021,223.0,251.0,223.0,248.0,5.98,664423.0,340.0,179.7
NHPC,6/3/2021,255.0,255.0,236.0,241.0,-2.82,634944.0,340.0,179.7
NHPC,6/6/2021,245.0,251.0,231.0,245.0,1.66,944861.0,340.0,179.7
NHPC,6/7/2021,257.0,269.0,248.0,269.0,9.8,1654498.0,340.0,179.7
NHPC,6/8/2021,280.0,285.0,265.0,274.0,1.86,922110.0,340.0,179.7
NHPC,6/9/2021,280.0,280.0,263.0,265.0,-3.28,683399.0,340.0,179.7
NHPC,6/10/2021,278.0,285.0,263.0,281.0,6.04,1217508.0,340.0,179.7
NHPC,6/13/2021,290.0,309.0,285.0,309.0,9.96,1805738.0,340.0,179.7
NHPC,6/14/2021,320.0,339.0,307.0,329.0,6.47,1218100.0,340.0,179.7
NHPC,6/15/2021,345.0,345.0,320.0,323.0,-1.82,1029301.0,340.0,179.7
NHPC,6/16/2021,307.0,313.0,291.0,291.0,-9.91,1570077.0,340.0,179.7
NHPC,6/17/2021,277.0,307.0,266.0,298.0,2.41,1045717.0,340.0,179.7
NHPC,6/20/2021,312.0,318.0,283.0,308.0,3.36,1093148.0,340.0,179.7
NHPC,6/21/2021,310.0,314.0,286.0,288.0,-6.49,962637.0,340.0,179.7
NHPC,6/22/2021,274.0,316.0,274.0,316.0,9.72,854417.0,340.0,179.7
NHPC,6/23/2021,331.0,342.0,317.0,323.0,2.22,1029266.0,340.0,179.7
NHPC,6/24/2021,335.0,335.0,315.0,323.0,0.0,706619.0,340.0,179.7
NHPC,6/27/2021,335.0,345.0,323.0,340.0,5.26,1209545.0,340.0,179.7
NHPC,6/28/2021,350.0,350.0,327.0,332.0,-2.35,525730.0,340.0,179.7
NHPC,6/29/2021,348.0,365.0,331.0,331.0,-0.3,1067259.0,340.0,179.7
NHPC,6/30/2021,347.0,347.0,319.0,329.0,-0.6,577785.0,340.0,179.7
NHPC,7/1/2021,345.0,345.0,320.0,322.0,-2.13,362393.0,340.0,179.7
NHPC,7/4/2021,321.0,329.0,319.0,319.0,-0.93,412867.0,340.0,179.7
NHPC,7/5/2021,334.0,334.0,304.0,305.0,-4.39,396243.0,340.0,179.7
NHPC,7/6/2021,320.0,320.0,292.0,293.0,-3.93,362029.0,340.0,179.7
NHPC,7/7/2021,280.0,300.0,280.0,288.0,-1.71,248534.0,340.0,179.7
NHPC,7/8/2021,300.0,300.0,280.0,295.0,2.43,218960.0,340.0,179.7
NHPC,7/11/2021,295.0,320.0,295.0,317.0,7.46,352859.0,340.0,179.7
NHPC,7/12/2021,302.0,324.0,300.0,304.0,-4.1,624888.0,340.0,179.7
NHPC,7/13/2021,304.0,310.0,299.0,307.0,0.99,171338.0,340.0,179.7
NHPC,7/14/2021,307.0,317.0,304.0,310.0,0.98,150018.0,340.0,179.7
NHPC,7/15/2021,309.0,320.0,308.0,310.0,0.0,518374.0,340.0,179.7
NHPC,7/18/2021,316.2,325.0,314.0,317.0,2.26,438112.0,340.0,179.7
NHPC,7/19/2021,323.3,325.0,314.6,317.0,0.0,441356.0,340.0,179.7
NHPC,7/20/2021,323.3,325.0,315.1,320.0,0.95,491636.0,340.0,179.7
NHPC,7/22/2021,325.0,330.0,318.0,325.0,1.56,534028.0,340.0,179.7
NHPC,7/25/2021,330.0,345.0,326.0,342.0,5.23,935020.0,340.0,179.7
NHPC,7/26/2021,345.0,350.5,334.0,348.0,1.75,716340.0,340.0,179.7
NHPC,7/27/2021,350.0,380.0,338.1,367.0,5.46,954224.0,340.0,179.7
NHPC,7/28/2021,374.3,396.0,363.0,377.0,2.72,958921.0,340.0,179.7
NHPC,7/29/2021,384.0,384.0,364.0,368.9,-2.15,518167.0,340.0,179.7
NHPC,8/1/2021,375.0,385.8,363.6,384.5,4.23,953329.0,340.0,179.7
NHPC,8/2/2021,392.1,392.1,375.0,377.0,-1.95,497046.0,340.0,179.7
NHPC,8/3/2021,382.0,382.0,368.5,378.0,0.27,437594.0,340.0,179.7
NHPC,8/4/2021,385.0,399.9,380.0,391.6,3.6,819759.0,340.0,179.7
NHPC,8/5/2021,399.0,399.0,377.0,381.0,-2.71,493977.0,340.0,179.7
NHPC,8/8/2021,383.0,394.0,372.0,387.0,1.57,520189.0,340.0,179.7
NHPC,8/9/2021,390.0,425.5,385.0,419.0,8.27,1041316.0,340.0,179.7
NHPC,8/10/2021,427.0,435.0,400.1,406.0,-3.1,740300.0,340.0,179.7
NHPC,8/11/2021,404.0,431.4,404.0,420.0,3.45,640155.0,340.0,179.7
NHPC,8/12/2021,428.0,428.0,408.0,410.0,-2.38,426774.0,340.0,179.7
NHPC,8/15/2021,402.0,407.9,385.0,399.0,-2.68,821670.0,340.0,179.7
NHPC,8/16/2021,406.5,438.9,402.0,438.9,10.0,1721783.0,340.0,179.7
NHPC,8/17/2021,447.6,482.7,447.6,482.7,9.98,752621.0,340.0,179.7
NHPC,8/18/2021,492.3,530.9,490.0,498.0,3.17,1542200.0,340.0,179.7
NHPC,8/19/2021,490.0,495.0,468.5,481.0,-3.41,1742958.0,340.0,179.7
NHPC,8/24/2021,475.0,475.0,432.9,432.9,-10.0,1328716.0,340.0,179.7
NHPC,8/25/2021,424.3,459.0,405.0,441.0,1.87,836844.0,340.0,179.7
NHPC,8/26/2021,441.0,479.0,441.0,468.0,6.12,523708.0,340.0,179.7
NHPC,8/29/2021,477.0,480.0,455.8,461.5,-1.39,682517.0,340.0,179.7
NHPC,8/31/2021,460.0,465.0,439.0,443.4,-3.92,453883.0,340.0,179.7
NHPC,9/1/2021,443.4,456.0,435.0,437.0,-1.44,235097.0,340.0,179.7
NHPC,9/2/2021,445.7,450.0,422.0,424.0,-2.97,279346.0,340.0,179.7
NHPC,9/5/2021,415.6,420.2,381.6,393.0,-7.31,522978.0,340.0,179.7
NHPC,9/6/2021,386.0,432.3,386.0,432.3,10.0,482404.0,340.0,179.7
NHPC,9/7/2021,440.0,442.0,420.0,425.0,-1.69,278659.0,340.0,179.7
NHPC,9/8/2021,424.0,429.4,410.0,413.0,-2.82,190514.0,340.0,179.7
NHPC,9/9/2021,415.0,429.4,410.0,425.0,2.91,360945.0,340.0,179.7
NHPC,9/12/2021,433.5,467.5,433.5,467.5,10.0,645819.0,340.0,179.7
NHPC,9/13/2021,476.8,498.7,456.7,466.0,-0.32,718687.0,340.0,179.7
NHPC,9/14/2021,475.0,477.0,459.0,468.0,0.43,254688.0,340.0,179.7
NHPC,9/15/2021,468.0,468.0,450.0,455.0,-2.78,289263.0,340.0,179.7
NHPC,9/16/2021,445.9,450.0,431.0,432.0,-5.05,412649.0,340.0,179.7
NHPC,9/20/2021,430.0,435.0,400.0,410.0,-5.09,387781.0,340.0,179.7
NHPC,9/21/2021,410.0,446.0,393.0,414.0,0.98,365885.0,340.0,179.7
NHPC,9/22/2021,422.0,450.8,419.0,449.0,8.45,421973.0,340.0,179.7
NHPC,9/23/2021,457.9,460.0,434.0,439.0,-2.23,493841.0,340.0,179.7
NHPC,9/26/2021,440.0,445.0,414.0,420.0,-4.33,418926.0,340.0,179.7
NHPC,9/27/2021,428.0,451.0,411.1,418.0,-0.48,284910.0,340.0,179.7
NHPC,9/28/2021,415.0,422.0,401.0,403.0,-3.59,381255.0,340.0,179.7
NHPC,9/29/2021,403.0,420.0,396.0,419.0,3.97,281602.0,340.0,179.7
NHPC,9/30/2021,424.0,426.0,402.8,402.8,-3.87,196199.0,340.0,179.7
NHPC,10/3/2021,405.0,408.0,376.0,381.0,-5.41,366479.0,340.0,179.7
NHPC,10/4/2021,373.4,392.0,369.0,371.5,-2.49,253903.0,340.0,179.7
NHPC,10/5/2021,371.5,390.6,366.0,387.0,4.17,127548.0,340.0,179.7
NHPC,10/6/2021,394.0,410.0,394.0,398.0,2.84,240971.0,340.0,179.7
NHPC,10/10/2021,405.0,413.0,386.3,388.9,-2.29,173963.0,340.0,179.7
NHPC,10/11/2021,385.5,385.5,373.0,381.0,-2.03,186051.0,340.0,179.7
NHPC,10/17/2021,385.0,395.7,372.2,388.0,1.84,73929.0,340.0,179.7
NHPC,10/18/2021,381.0,385.0,368.0,369.0,-4.9,123114.0,340.0,179.7
NHPC,10/19/2021,369.0,369.0,332.1,334.0,-9.49,268246.0,340.0,179.7
NHPC,10/20/2021,340.6,367.4,340.6,367.3,9.97,181318.0,340.0,179.7
NHPC,10/21/2021,374.0,381.3,360.0,363.1,-1.14,100233.0,340.0,179.7
NHPC,10/24/2021,364.0,384.0,360.0,374.0,3.0,145755.0,340.0,179.7
NHPC,10/25/2021,381.4,408.0,377.0,407.0,8.82,308730.0,340.0,179.7
NHPC,10/26/2021,415.0,428.0,406.8,418.0,2.7,302208.0,340.0,179.7
NHPC,10/27/2021,415.0,424.0,402.0,408.0,-2.39,267432.0,340.0,179.7
NHPC,10/28/2021,406.0,446.0,400.0,434.0,6.37,688094.0,340.0,179.7
NHPC,10/31/2021,442.0,453.0,434.0,443.0,2.07,362429.0,340.0,179.7
NHPC,11/1/2021,451.8,451.8,423.0,424.0,-4.29,347512.0,340.0,179.7
NHPC,11/2/2021,429.0,432.0,415.0,426.0,0.47,163140.0,340.0,179.7
NHPC,11/3/2021,434.2,442.0,422.0,422.0,-0.94,121287.0,340.0,179.7
NHPC,11/8/2021,429.0,450.0,424.0,439.0,4.03,349189.0,340.0,179.7
NHPC,11/9/2021,447.7,456.0,424.0,428.5,-2.39,480612.0,340.0,179.7
NHPC,11/11/2021,429.0,430.0,411.7,415.0,-3.15,235016.0,340.0,179.7
NHPC,11/14/2021,423.0,429.0,412.0,416.0,0.24,166310.0,340.0,179.7
NHPC,11/15/2021,424.3,431.0,420.1,424.5,2.04,200830.0,340.0,179.7
NHPC,11/16/2021,430.0,464.0,427.0,463.0,9.07,674397.0,340.0,179.7
NHPC,11/17/2021,472.2,481.0,454.0,457.0,-1.3,559998.0,340.0,179.7
NHPC,11/18/2021,466.1,484.0,442.1,444.0,-2.84,421159.0,340.0,179.7
NHPC,11/21/2021,444.0,466.0,444.0,458.9,3.36,522626.0,340.0,179.7
NHPC,11/22/2021,468.0,471.0,455.6,460.5,0.35,254519.0,340.0,179.7
NHPC,11/23/2021,461.0,462.0,443.0,448.0,-2.71,271416.0,340.0,179.7
NHPC,11/24/2021,440.0,453.8,436.0,448.0,0.0,314491.0,340.0,179.7
NHPC,11/25/2021,450.0,453.0,440.0,440.0,-1.79,162459.0,340.0,179.7
NHPC,11/28/2021,431.2,441.0,407.0,409.0,-7.05,540878.0,340.0,179.7
NHPC,11/29/2021,409.0,430.0,402.0,412.0,0.73,364830.0,340.0,179.7
NHPC,11/30/2021,405.0,427.0,405.0,421.0,2.18,182298.0,340.0,179.7
NHPC,12/1/2021,429.4,429.4,417.0,417.0,-0.95,201525.0,340.0,179.7
NHPC,12/2/2021,423.0,423.0,405.0,408.0,-2.16,268082.0,340.0,179.7
NHPC,12/5/2021,416.1,439.0,401.0,404.0,-0.98,692440.0,340.0,179.7
NHPC,12/6/2021,412.0,420.0,388.0,411.0,1.73,379912.0,340.0,179.7
NHPC,12/7/2021,419.2,422.0,395.0,397.0,-3.41,184253.0,340.0,179.7
NHPC,12/8/2021,395.0,403.9,373.0,382.0,-3.78,309070.0,340.0,179.7
NHPC,12/9/2021,375.0,387.8,371.7,380.3,-0.45,194416.0,340.0,179.7
NHPC,12/12/2021,380.0,380.0,347.0,348.0,-8.49,379380.0,340.0,179.7
NHPC,12/13/2021,349.0,349.0,313.5,315.0,-9.48,412004.0,340.0,179.7
NHPC,12/14/2021,321.3,346.5,320.0,346.5,10.0,210961.0,340.0,179.7
NHPC,12/15/2021,353.4,374.3,340.0,353.0,1.88,439547.0,340.0,179.7
NHPC,12/16/2021,355.0,359.0,339.2,341.0,-3.4,188765.0,340.0,179.7
NHPC,12/20/2021,341.0,341.0,318.5,328.0,-3.81,165069.0,340.0,179.7
NHPC,12/21/2021,334.5,347.8,329.1,346.0,5.49,147718.0,340.0,179.7
NHPC,12/22/2021,352.0,372.3,352.0,372.0,7.51,319261.0,340.0,179.7
NHPC,12/23/2021,378.4,384.0,364.0,364.0,-2.15,298041.0,340.0,179.7
NHPC,12/26/2021,364.0,371.2,352.0,355.0,-2.47,230972.0,340.0,179.7
NHPC,12/27/2021,362.0,362.0,335.0,338.0,-4.79,199822.0,340.0,179.7
NHPC,12/28/2021,332.0,351.0,329.5,337.0,-0.3,172672.0,340.0,179.7
NHPC,12/29/2021,343.0,343.0,330.0,334.0,-0.89,104928.0,340.0,179.7
NHPC,1/2/2022,339.0,340.0,333.0,335.0,0.3,124593.0,340.0,179.7
NHPC,1/3/2022,340.6,349.7,336.0,337.0,0.6,150852.0,340.0,179.7
NHPC,1/4/2022,340.0,347.3,335.0,345.0,2.37,149674.0,340.0,179.7
NHPC,1/5/2022,345.0,364.0,345.0,350.0,1.45,277428.0,340.0,179.7
NHPC,1/6/2022,353.0,365.0,346.0,362.0,3.43,180086.0,340.0,179.7
NHPC,1/9/2022,369.0,394.0,369.0,391.0,8.01,442478.0,340.0,179.7
NHPC,1/10/2022,398.8,410.0,385.1,389.9,-0.28,479697.0,340.0,179.7
NHPC,1/11/2022,397.0,397.4,384.2,390.0,0.03,221288.0,340.0,179.7
NHPC,1/12/2022,390.0,403.0,381.3,384.1,-1.51,307264.0,340.0,179.7
NHPC,1/13/2022,384.0,405.0,382.1,401.0,4.4,306800.0,340.0,179.7
NHPC,1/16/2022,409.0,422.0,408.1,412.0,2.74,350633.0,340.0,179.7
NHPC,1/17/2022,414.0,417.0,404.0,411.9,-0.02,283519.0,340.0,179.7
NHPC,1/18/2022,409.1,414.0,391.0,399.7,-2.96,281640.0,340.0,179.7
NHPC,1/19/2022,403.0,403.0,389.1,390.0,-2.43,234918.0,340.0,179.7
NHPC,1/20/2022,396.0,405.9,384.4,405.0,3.85,248719.0,340.0,179.7
NHPC,1/23/2022,408.7,416.8,397.0,397.3,-1.9,227121.0,340.0,179.7
NHPC,1/24/2022,390.0,397.0,375.1,377.0,-5.11,392240.0,340.0,179.7
NHPC,1/25/2022,377.0,388.0,368.0,378.0,0.27,335689.0,340.0,179.7
NHPC,1/26/2022,379.0,380.0,366.6,370.0,-2.12,249104.0,340.0,179.7
NHPC,1/27/2022,375.0,376.5,366.0,369.8,-0.05,116565.0,340.0,179.7
NHPC,1/30/2022,377.1,400.0,377.1,395.9,7.06,314122.0,340.0,179.7
NHPC,1/31/2022,403.5,403.5,386.0,388.0,-2.0,172471.0,340.0,179.7
NHPC,2/1/2022,395.7,421.0,385.4,417.1,7.5,955270.0,340.0,179.7
NHPC,2/3/2022,425.4,441.6,417.0,418.0,0.22,578092.0,340.0,179.7
NHPC,2/6/2022,418.0,420.0,407.0,412.0,-1.44,582543.0,340.0,179.7
NHPC,2/7/2022,412.0,435.0,406.0,431.2,4.66,650096.0,340.0,179.7
NHPC,2/8/2022,439.8,448.5,418.0,424.0,-1.67,490374.0,340.0,179.7
NHPC,2/9/2022,422.0,427.0,416.0,425.0,0.24,342990.0,340.0,179.7
NHPC,2/10/2022,429.0,435.0,420.5,431.0,1.41,522397.0,340.0,179.7
NHPC,2/13/2022,422.4,422.4,406.1,414.0,-3.94,611664.0,340.0,179.7
NHPC,2/14/2022,422.2,446.9,422.2,431.7,4.28,1270784.0,340.0,179.7
NHPC,2/15/2022,440.0,440.0,426.5,438.0,1.46,428526.0,340.0,179.7
NHPC,2/16/2022,445.0,445.0,426.0,427.0,-2.51,412059.0,340.0,179.7
NHPC,2/17/2022,427.0,432.0,423.5,426.1,-0.21,175199.0,340.0,179.7
NHPC,2/20/2022,420.0,428.2,411.6,418.5,-1.78,292889.0,340.0,179.7
NHPC,2/21/2022,426.8,426.8,418.0,422.0,0.84,203475.0,340.0,179.7
NHPC,2/22/2022,427.9,429.0,422.0,424.5,0.59,178841.0,340.0,179.7
NHPC,2/23/2022,428.0,430.0,420.0,424.0,-0.12,223266.0,340.0,179.7
NHPC,2/24/2022,430.0,430.0,414.5,415.0,-2.12,642637.0,340.0,179.7
NHPC,2/27/2022,357.0,370.0,350.0,366.0,-11.81,397027.0,340.0,179.7
NHPC,2/28/2022,373.3,388.0,348.9,350.0,-4.37,338192.0,340.0,179.7
NHPC,3/2/2022,350.0,355.0,327.0,329.5,-5.86,205379.0,340.0,179.7
NHPC,3/6/2022,329.0,339.0,320.0,320.0,-2.88,142707.0,340.0,179.7
NHPC,3/7/2022,325.0,330.0,313.6,313.8,-1.94,124196.0,340.0,179.7
NHPC,3/9/2022,320.0,320.0,301.0,305.0,-2.8,104919.0,340.0,179.7
NHPC,3/10/2022,310.0,320.9,299.0,320.0,4.92,146566.0,340.0,179.7
NHPC,3/13/2022,326.0,336.6,317.0,331.0,3.44,173005.0,340.0,179.7
NHPC,3/14/2022,337.6,337.6,325.0,327.0,-1.21,43441.0,340.0,179.7
NHPC,3/15/2022,333.0,333.0,319.5,320.0,-2.14,111737.0,340.0,179.7
NHPC,3/16/2022,324.9,326.0,316.0,317.0,-0.94,78566.0,340.0,179.7
NHPC,3/20/2022,320.0,323.0,315.0,318.0,0.32,63029.0,340.0,179.7
NHPC,3/21/2022,320.0,330.3,316.0,328.0,3.14,121135.0,340.0,179.7
NHPC,3/22/2022,332.5,334.5,321.6,327.0,-0.3,65126.0,340.0,179.7
NHPC,3/23/2022,329.0,329.0,320.0,321.8,-1.59,43587.0,340.0,179.7
NHPC,3/24/2022,320.0,325.0,314.2,315.0,-2.11,83142.0,340.0,179.7
NHPC,3/27/2022,316.0,316.0,300.3,304.0,-3.49,136760.0,340.0,179.7
NHPC,3/28/2022,303.0,309.0,295.2,296.5,-2.47,92192.0,340.0,179.7
NHPC,3/29/2022,297.0,302.3,290.0,294.0,-0.84,71263.0,340.0,179.7
NHPC,3/30/2022,296.9,305.0,290.0,304.0,3.4,88844.0,340.0,179.7
NHPC,3/31/2022,306.0,306.0,296.0,296.0,-2.63,64864.0,340.0,179.7
NHPC,4/3/2022,295.0,295.0,290.0,290.6,-1.82,32048.0,340.0,179.7
NHPC,4/4/2022,290.0,295.5,289.0,292.0,0.48,66481.0,340.0,179.7
NHPC,4/5/2022,292.0,292.0,280.3,284.0,-2.74,99942.0,340.0,179.7
NHPC,4/6/2022,285.0,286.0,274.7,277.0,-2.46,84294.0,340.0,179.7
NHPC,4/7/2022,280.0,285.0,273.6,278.0,0.36,89765.0,340.0,179.7
NHPC,4/11/2022,283.5,290.0,265.0,268.0,-3.6,96651.0,340.0,179.7
NHPC,4/12/2022,265.0,270.0,258.0,261.0,-2.61,83305.0,340.0,179.7
NHPC,4/13/2022,266.0,266.2,255.8,264.8,1.46,48620.0,340.0,179.7
NHPC,4/17/2022,268.0,269.0,255.0,255.0,-3.7,45694.0,340.0,179.7
NHPC,4/18/2022,260.0,260.0,239.0,243.0,-4.71,111222.0,340.0,179.7
NHPC,4/19/2022,245.0,249.4,235.7,243.0,0.0,61677.0,340.0,179.7
NHPC,4/20/2022,244.0,247.5,233.0,234.0,-3.7,34832.0,340.0,179.7
NHPC,4/21/2022,236.0,242.0,224.6,237.0,1.28,79588.0,340.0,179.7
NHPC,4/24/2022,241.0,260.7,237.2,260.7,10.0,84634.0,340.0,179.7
NHPC,4/25/2022,265.0,282.0,255.0,267.0,2.42,174439.0,340.0,179.7
NHPC,4/26/2022,268.0,277.4,260.0,264.7,-0.86,52859.0,340.0,179.7
NHPC,4/27/2022,262.0,271.0,260.0,269.0,1.62,53730.0,340.0,179.7
NHPC,4/28/2022,269.0,273.5,260.0,261.1,-2.94,62254.0,340.0,179.7
NHPC,5/2/2022,264.0,264.0,245.0,249.9,-4.29,62670.0,340.0,179.7
NHPC,5/4/2022,250.0,252.0,235.0,236.5,-5.36,67785.0,340.0,179.7
NHPC,5/5/2022,233.0,241.0,229.1,231.0,-2.33,65243.0,340.0,179.7
NHPC,5/8/2022,231.0,251.0,225.0,242.0,4.76,64827.0,340.0,179.7
NHPC,5/9/2022,245.0,256.0,238.0,241.1,-0.37,86579.0,340.0,179.7
NHPC,5/10/2022,242.5,265.0,242.0,263.0,9.08,88746.0,340.0,179.7
NHPC,5/11/2022,266.0,289.3,266.0,289.3,10.0,209105.0,340.0,179.7
NHPC,5/12/2022,295.0,310.0,285.1,293.0,1.28,179395.0,340.0,179.7
NHPC,5/17/2022,291.0,292.0,271.0,271.0,-7.51,145651.0,340.0,179.7
NHPC,5/18/2022,266.0,290.7,260.8,286.0,5.54,114605.0,340.0,179.7
NHPC,5/19/2022,284.0,297.0,281.0,284.5,-0.52,78654.0,340.0,179.7
NHPC,5/20/2022,286.0,288.0,278.0,279.0,-1.93,41762.0,340.0,179.7
NHPC,5/23/2022,281.0,282.0,263.7,270.0,-3.23,71013.0,340.0,179.7
NHPC,5/24/2022,275.0,284.0,264.0,278.0,2.96,70218.0,340.0,179.7
NHPC,5/25/2022,283.5,286.9,278.0,282.0,1.44,53458.0,340.0,179.7
NHPC,5/26/2022,282.5,284.9,277.0,280.0,-0.71,32147.0,340.0,179.7
NHPC,5/27/2022,280.0,282.0,271.0,273.0,-2.5,66291.0,340.0,179.7
NHPC,5/30/2022,276.0,276.0,262.0,263.5,-3.48,69307.0,340.0,179.7
NHPC,5/31/2022,260.0,273.0,255.0,259.0,-1.71,60887.0,340.0,179.7
NHPC,6/1/2022,258.0,267.0,258.0,264.0,1.93,42132.0,340.0,179.7
NHPC,6/2/2022,267.0,270.0,261.5,261.5,-0.95,43435.0,340.0,179.7
NHPC,6/3/2022,263.9,265.0,256.0,260.0,-0.57,50226.0,340.0,179.7
NHPC,6/6/2022,263.0,270.0,257.0,263.0,1.15,49621.0,340.0,179.7
NHPC,6/7/2022,260.0,265.0,255.1,256.0,-2.66,32245.0,340.0,179.7
NHPC,6/8/2022,259.0,281.0,257.2,268.0,4.69,80621.0,340.0,179.7
NHPC,6/9/2022,272.0,276.0,260.6,263.0,-1.87,76448.0,340.0,179.7
NHPC,6/10/2022,263.0,266.0,258.0,259.0,-1.52,52187.0,340.0,179.7
NHPC,6/13/2022,260.0,263.0,257.1,257.1,-0.73,21400.0,340.0,179.7
NHPC,6/14/2022,257.0,260.0,248.0,249.1,-3.11,52444.0,340.0,179.7
NHPC,6/15/2022,245.2,248.0,240.0,243.0,-2.45,50678.0,340.0,179.7
NHPC,6/16/2022,244.9,250.4,238.6,244.0,0.41,39348.0,340.0,179.7
NHPC,6/17/2022,246.8,248.0,240.0,241.0,-1.23,19359.0,340.0,179.7
NHPC,6/19/2022,240.0,240.0,226.7,227.0,-5.81,58278.0,340.0,179.7
NHPC,6/20/2022,227.0,230.5,219.0,221.0,-2.64,88872.0,340.0,179.7
NHPC,6/21/2022,220.0,232.0,219.0,226.4,2.44,57351.0,340.0,179.7
NHPC,6/22/2022,228.0,228.0,215.0,216.5,-4.37,96383.0,340.0,179.7
NHPC,6/23/2022,215.0,215.0,199.9,203.4,-6.05,139315.0,340.0,179.7
NHPC,6/24/2022,202.0,211.0,191.6,201.0,-1.18,119560.0,340.0,179.7
NHPC,6/26/2022,205.0,221.1,203.0,221.1,10.0,168371.0,340.0,179.7
NHPC,6/27/2022,224.0,231.0,213.1,214.0,-3.21,146696.0,340.0,179.7
NHPC,6/28/2022,214.0,218.0,206.0,209.0,-2.34,82201.0,340.0,179.7
NHPC,6/29/2022,211.0,223.0,207.0,221.0,5.74,115524.0,340.0,179.7
NHPC,6/30/2022,225.0,241.0,223.0,239.0,8.14,231522.0,340.0,179.7
NHPC,7/1/2022,243.7,249.0,230.0,238.9,-0.04,107386.0,340.0,179.7
NHPC,7/3/2022,238.0,255.0,234.0,254.0,6.32,155260.0,340.0,179.7
NHPC,7/4/2022,259.0,269.9,242.1,249.0,-1.97,290739.0,340.0,179.7
NHPC,7/5/2022,249.0,263.0,240.0,247.0,-0.8,183296.0,340.0,179.7
NHPC,7/6/2022,250.0,255.0,238.1,247.0,0.0,172414.0,340.0,179.7
NHPC,7/7/2022,251.9,259.0,243.0,244.0,-1.21,101172.0,340.0,179.7
NHPC,7/8/2022,246.0,248.0,236.0,238.5,-2.25,67330.0,340.0,179.7
NHPC,7/11/2022,233.8,236.0,219.0,220.0,-7.76,145563.0,340.0,179.7
NHPC,7/12/2022,223.1,233.0,219.1,227.0,3.18,126427.0,340.0,179.7
NHPC,7/13/2022,229.9,246.8,228.0,245.0,7.93,123690.0,340.0,179.7
NHPC,7/14/2022,247.0,254.1,240.0,246.0,0.41,111092.0,340.0,179.7
NHPC,7/15/2022,243.0,245.8,238.0,240.0,-2.44,65597.0,340.0,179.7
NHPC,7/17/2022,236.4,242.8,232.3,239.0,-0.42,64417.0,340.0,179.7
NHPC,7/18/2022,240.0,245.0,234.4,241.0,0.84,47112.0,340.0,179.7
NHPC,7/19/2022,240.6,253.9,239.3,241.5,0.21,81308.0,340.0,179.7
NHPC,7/20/2022,245.0,245.0,238.2,239.1,-0.99,57772.0,340.0,179.7
NHPC,7/21/2022,242.0,242.0,235.1,235.6,-1.46,67772.0,340.0,179.7
NHPC,7/22/2022,235.0,238.0,230.3,232.0,-1.53,58009.0,340.0,179.7
NHPC,7/24/2022,235.0,255.0,232.1,253.0,9.05,119322.0,340.0,179.7
NHPC,7/25/2022,255.0,270.1,254.8,265.0,4.74,295485.0,340.0,179.7
NHPC,7/26/2022,266.0,273.0,255.9,266.0,0.38,267987.0,340.0,179.7
NHPC,7/27/2022,260.7,288.0,260.7,282.0,6.02,272654.0,340.0,179.7
NHPC,7/28/2022,285.0,297.8,270.0,282.0,0.0,238644.0,340.0,179.7
NHPC,7/29/2022,285.0,288.0,271.6,284.9,1.03,204289.0,340.0,179.7
NHPC,7/31/2022,279.3,280.0,268.4,275.5,-3.3,354431.0,340.0,179.7
NHPC,8/1/2022,273.0,285.0,271.5,271.5,-1.45,254688.0,340.0,179.7
NHPC,8/2/2022,275.0,276.9,265.6,270.9,-0.22,156712.0,340.0,179.7
NHPC,8/3/2022,270.9,282.0,268.0,273.0,0.78,189039.0,340.0,179.7
NHPC,8/4/2022,270.0,276.9,265.0,265.5,-2.75,141872.0,340.0,179.7
NHPC,8/5/2022,265.0,267.0,260.0,262.0,-1.32,99481.0,340.0,179.7
NHPC,8/7/2022,267.0,269.0,261.7,265.0,1.15,98281.0,340.0,179.7
NHPC,8/8/2022,260.0,278.9,260.0,271.9,2.6,279969.0,340.0,179.7
NHPC,8/9/2022,277.3,282.0,263.7,263.7,-3.02,170808.0,340.0,179.7
NHPC,8/10/2022,265.0,267.8,259.0,262.0,-0.64,58853.0,340.0,179.7
NHPC,8/11/2022,258.1,266.8,252.0,254.0,-3.05,75490.0,340.0,179.7
NHPC,8/14/2022,254.0,258.0,245.0,246.0,-3.15,114547.0,340.0,179.7
NHPC,8/15/2022,246.0,260.0,242.2,260.0,5.69,99113.0,340.0,179.7
NHPC,8/16/2022,265.2,266.8,248.2,250.0,-3.85,149251.0,340.0,179.7
NHPC,8/17/2022,255.0,255.9,247.0,249.9,-0.04,80063.0,340.0,179.7
NHPC,8/18/2022,245.0,263.0,245.0,260.5,4.24,130226.0,340.0,179.7
NHPC,8/21/2022,263.9,265.7,251.0,254.2,-2.42,104125.0,340.0,179.7
NHPC,8/22/2022,249.2,259.0,249.2,252.4,-0.71,88459.0,340.0,179.7
NHPC,8/23/2022,249.0,255.8,249.0,255.0,1.03,50032.0,340.0,179.7
NHPC,8/24/2022,253.0,258.7,252.0,256.0,0.39,46417.0,340.0,179.7
NHPC,8/25/2022,252.0,259.0,249.9,250.1,-2.3,66996.0,340.0,179.7
NHPC,8/26/2022,250.0,250.0,243.2,245.1,-2.0,46043.0,340.0,179.7
NHPC,8/28/2022,240.2,246.9,237.0,238.0,-2.9,117744.0,340.0,179.7
NHPC,8/29/2022,233.3,239.8,233.3,237.0,-0.42,41840.0,340.0,179.7
NHPC,8/30/2022,240.0,242.9,232.0,234.6,-1.01,47271.0,340.0,179.7
NHPC,8/31/2022,234.6,237.5,227.0,227.3,-3.11,92635.0,340.0,179.7
NHPC,9/1/2022,229.9,234.0,223.5,230.0,1.19,84073.0,340.0,179.7
NHPC,9/2/2022,230.0,233.9,229.0,231.0,0.43,47779.0,340.0,179.7
NHPC,9/4/2022,230.0,236.0,230.0,233.0,0.87,42293.0,340.0,179.7
NHPC,9/5/2022,237.6,242.2,233.0,235.0,0.86,60628.0,340.0,179.7
NHPC,9/6/2022,239.7,239.7,227.0,228.0,-2.98,44082.0,340.0,179.7
NHPC,9/7/2022,225.0,226.0,220.5,222.0,-2.63,42993.0,340.0,179.7
NHPC,9/8/2022,221.0,230.0,220.0,227.0,2.25,63725.0,340.0,179.7
NHPC,9/11/2022,231.5,231.5,222.0,222.0,-2.2,31457.0,340.0,179.7
NHPC,9/12/2022,222.0,225.0,218.5,221.0,-0.45,52709.0,340.0,179.7
NHPC,9/13/2022,223.9,227.0,219.0,222.2,0.54,30409.0,340.0,179.7
NHPC,9/14/2022,225.0,233.0,220.5,231.0,3.96,73751.0,340.0,179.7
NHPC,9/15/2022,234.0,234.0,215.0,216.9,-6.1,172552.0,340.0,179.7
NHPC,9/16/2022,212.6,212.9,206.0,212.9,-1.84,99905.0,340.0,179.7
NHPC,9/18/2022,208.7,214.0,203.0,204.0,-4.18,68562.0,340.0,179.7
NHPC,9/20/2022,200.1,204.0,196.0,196.0,-3.92,71408.0,340.0,179.7
NHPC,9/21/2022,192.1,205.0,192.1,201.5,2.81,83080.0,340.0,179.7
NHPC,9/22/2022,200.0,204.0,197.0,198.4,-1.54,39338.0,340.0,179.7
NHPC,9/25/2022,195.0,198.0,187.3,189.0,-4.74,64575.0,340.0,179.7
NHPC,9/27/2022,191.0,196.0,187.2,188.2,-0.42,76446.0,340.0,179.7
NHPC,9/28/2022,191.9,199.6,188.0,188.7,0.27,25350.0,340.0,179.7
NHPC,9/29/2022,185.3,194.0,185.3,192.7,2.12,36195.0,340.0,179.7
NHPC,10/9/2022,189.1,197.0,189.1,195.8,1.61,22506.0,340.0,179.7
NHPC,10/10/2022,199.6,200.0,191.0,192.0,-1.94,26902.0,340.0,179.7
NHPC,10/11/2022,194.0,194.0,188.0,191.0,-0.52,28098.0,340.0,179.7
NHPC,10/12/2022,187.2,194.0,176.4,194.0,1.57,33549.0,340.0,179.7
NHPC,10/13/2022,195.0,198.0,191.0,194.0,0.0,34584.0,340.0,179.7
NHPC,10/16/2022,191.0,196.0,189.1,192.5,-0.77,37888.0,340.0,179.7
NHPC,10/17/2022,194.0,194.0,187.5,187.5,-2.6,18516.0,340.0,179.7
NHPC,10/19/2022,185.0,190.0,179.0,184.5,-1.6,73536.0,340.0,179.7
NHPC,10/20/2022,181.3,184.0,179.1,180.0,-2.44,15493.0,340.0,179.7
NHPC,10/23/2022,176.5,186.5,176.5,186.5,3.61,18406.0,340.0,179.7
NHPC,10/31/2022,186.5,187.5,183.1,187.5,0.54,23075.0,340.0,179.7
NHPC,11/1/2022,183.8,197.8,183.8,197.8,5.49,111168.0,340.0,179.7
NHPC,11/2/2022,201.7,206.0,195.0,203.9,3.08,122014.0,340.0,179.7
NHPC,11/3/2022,203.0,206.0,198.1,199.0,-2.4,39780.0,340.0,179.7
NHPC,11/6/2022,200.9,210.1,195.3,208.0,4.52,108089.0,340.0,179.7
NHPC,11/7/2022,210.0,215.0,204.0,204.9,-1.49,126531.0,340.0,179.7
NHPC,11/8/2022,208.7,208.7,201.0,202.0,-1.42,59058.0,340.0,179.7
NHPC,11/9/2022,198.0,206.0,195.1,196.4,-2.77,100433.0,340.0,179.7
NHPC,11/10/2022,199.0,199.8,188.0,192.0,-2.24,74180.0,340.0,179.7
NHPC,11/13/2022,188.2,196.0,187.0,187.0,-2.6,35383.0,340.0,179.7
NHPC,11/14/2022,188.0,198.0,186.0,194.5,4.01,31837.0,340.0,179.7
NHPC,11/15/2022,196.0,197.8,190.0,191.9,-1.34,51913.0,340.0,179.7
NHPC,11/16/2022,190.0,196.0,190.0,194.9,1.56,24381.0,340.0,179.7
NHPC,11/17/2022,196.0,204.0,195.1,204.0,4.67,90053.0,340.0,179.7
NHPC,11/22/2022,207.0,220.3,206.1,207.9,1.91,136924.0,340.0,179.7
NHPC,11/23/2022,203.8,210.0,203.8,204.2,-1.78,50093.0,340.0,179.7
NHPC,11/24/2022,200.2,212.0,200.2,209.0,2.35,52245.0,340.0,179.7
NHPC,11/27/2022,206.2,212.0,206.0,210.5,0.72,42836.0,340.0,179.7
NHPC,11/28/2022,214.7,218.0,208.0,209.9,-0.29,37919.0,340.0,179.7
NHPC,11/29/2022,209.9,213.0,206.1,208.0,-0.91,33994.0,340.0,179.7
NHPC,11/30/2022,211.0,211.0,204.0,208.5,0.24,20054.0,340.0,179.7
NHPC,12/1/2022,206.0,213.9,206.0,211.0,1.2,51453.0,340.0,179.7
NHPC,12/4/2022,213.0,213.0,207.4,208.9,-1.0,29014.0,340.0,179.7
NHPC,12/5/2022,211.0,212.9,203.9,205.0,-1.87,32118.0,340.0,179.7
NHPC,12/6/2022,202.0,205.0,198.0,202.0,-1.46,48629.0,340.0,179.7
NHPC,12/7/2022,203.0,204.0,198.0,198.1,-1.93,30937.0,340.0,179.7
NHPC,12/11/2022,200.9,203.8,196.1,197.0,-0.56,35359.0,340.0,179.7
NHPC,12/12/2022,200.0,206.0,198.1,202.0,2.54,45031.0,340.0,179.7
NHPC,12/13/2022,200.1,204.0,199.3,201.0,-0.5,19323.0,340.0,179.7
NHPC,12/14/2022,200.0,203.0,199.0,199.0,-1.0,14655.0,340.0,179.7
NHPC,12/15/2022,197.0,201.5,196.0,196.6,-1.21,31714.0,340.0,179.7
NHPC,12/18/2022,195.0,196.0,190.0,190.0,-3.36,50515.0,340.0,179.7
NHPC,12/19/2022,193.8,201.5,187.0,192.1,1.11,11093.0,340.0,179.7
NHPC,12/20/2022,190.0,198.0,190.0,195.0,1.51,28666.0,340.0,179.7
NHPC,12/21/2022,194.1,197.0,192.0,192.0,-1.54,13086.0,340.0,179.7
NHPC,12/22/2022,192.0,195.0,190.6,192.0,0.0,16046.0,340.0,179.7
NHPC,12/26/2022,195.8,204.0,194.8,203.1,5.78,65031.0,340.0,179.7
NHPC,12/27/2022,206.1,215.0,206.1,209.9,3.35,190774.0,340.0,179.7
NHPC,12/28/2022,214.0,214.0,205.0,208.0,-0.91,95774.0,340.0,179.7
NHPC,12/29/2022,206.9,221.5,204.0,220.8,6.15,177777.0,340.0,179.7
NHPC,1/1/2023,223.0,240.7,217.0,227.3,2.94,209800.0,340.0,179.7
NHPC,1/2/2023,229.0,245.0,223.0,243.0,6.91,248532.0,340.0,179.7
NHPC,1/3/2023,243.0,252.9,236.5,245.0,0.82,204112.0,340.0,179.7
NHPC,1/4/2023,243.0,255.3,243.0,251.0,2.45,158166.0,340.0,179.7
NHPC,1/5/2023,254.0,259.0,245.0,252.5,0.6,195722.0,340.0,179.7
NHPC,1/8/2023,252.5,262.0,244.2,250.0,-0.99,295683.0,340.0,179.7
NHPC,1/9/2023,252.0,264.0,248.0,262.0,4.8,291891.0,340.0,179.7
NHPC,1/10/2023,264.0,279.0,256.0,262.9,0.34,361957.0,340.0,179.7
NHPC,1/12/2023,268.1,273.0,250.1,251.0,-4.53,237852.0,340.0,179.7
NHPC,1/17/2023,255.0,266.0,246.2,259.5,3.39,149103.0,340.0,179.7
NHPC,1/18/2023,263.4,285.0,260.1,283.0,9.06,551631.0,340.0,179.7
NHPC,1/19/2023,285.0,286.2,274.0,279.0,-1.41,216738.0,340.0,179.7
NHPC,1/23/2023,278.0,279.9,267.1,268.0,-3.94,204926.0,340.0,179.7
NHPC,1/24/2023,268.1,280.0,261.2,274.1,2.28,201206.0,340.0,179.7
NHPC,1/25/2023,278.0,283.0,273.0,278.0,1.42,365092.0,340.0,179.7
NHPC,1/26/2023,282.0,282.9,274.0,275.0,-1.08,179703.0,340.0,179.7
NHPC,1/29/2023,270.0,277.0,266.3,268.6,-2.33,141177.0,340.0,179.7
NHPC,1/30/2023,264.0,269.0,256.0,259.0,-3.57,169267.0,340.0,179.7
NHPC,1/31/2023,262.0,268.0,255.0,258.0,-0.39,130189.0,340.0,179.7
NHPC,2/1/2023,257.0,262.0,256.0,257.0,-0.39,64572.0,340.0,179.7
NHPC,2/2/2023,258.0,260.0,247.0,247.9,-3.54,175544.0,340.0,179.7
NHPC,2/5/2023,248.0,256.9,245.1,248.8,0.36,110644.0,340.0,179.7
NHPC,2/6/2023,249.0,252.0,246.0,249.2,0.16,45186.0,340.0,179.7
NHPC,2/7/2023,250.5,268.0,250.5,266.0,6.74,149173.0,340.0,179.7
NHPC,2/8/2023,271.3,275.0,260.0,263.9,-0.79,259387.0,340.0,179.7
NHPC,2/9/2023,262.0,268.4,262.0,268.0,1.55,78760.0,340.0,179.7
NHPC,2/12/2023,262.7,262.7,248.0,252.2,-5.9,171854.0,340.0,179.7
NHPC,2/14/2023,250.0,257.0,248.5,252.0,-0.08,73388.0,340.0,179.7
NHPC,2/15/2023,249.1,256.7,249.0,250.0,-0.79,86902.0,340.0,179.7
NHPC,2/16/2023,252.9,252.9,244.0,244.0,-2.4,98144.0,340.0,179.7
NHPC,2/20/2023,242.2,247.0,242.1,244.6,0.25,51403.0,340.0,179.7
NHPC,2/22/2023,246.1,267.0,246.0,257.0,5.07,99140.0,340.0,179.7
NHPC,2/23/2023,257.0,258.0,248.0,249.0,-3.11,112498.0,340.0,179.7
NHPC,2/26/2023,244.1,252.4,237.5,252.0,1.2,115707.0,340.0,179.7
NHPC,2/27/2023,255.1,256.0,244.0,250.0,-0.79,90734.0,340.0,179.7
NHPC,2/28/2023,249.9,254.6,247.0,248.0,-0.8,42740.0,340.0,179.7
NHPC,3/1/2023,244.0,250.9,242.1,242.5,-2.22,41114.0,340.0,179.7
NHPC,3/2/2023,243.0,245.0,238.2,238.3,-1.73,68809.0,340.0,179.7
NHPC,3/5/2023,240.0,242.0,233.6,235.0,-1.38,42017.0,340.0,179.7
NHPC,3/7/2023,239.0,241.1,235.4,238.0,1.28,30432.0,340.0,179.7
NHPC,3/9/2023,241.7,253.0,240.0,250.0,5.04,95388.0,340.0,179.7
NHPC,3/12/2023,254.0,258.0,248.0,248.0,-0.8,90092.0,340.0,179.7
NHPC,3/13/2023,248.0,250.0,242.0,243.0,-2.02,31607.0,340.0,179.7
NHPC,3/14/2023,243.0,250.0,243.0,245.0,0.82,36073.0,340.0,179.7
NHPC,3/15/2023,248.0,248.0,240.1,242.2,-1.14,46764.0,340.0,179.7
NHPC,3/16/2023,243.5,247.0,242.5,244.9,1.11,30874.0,340.0,179.7
NHPC,3/19/2023,242.1,247.0,241.0,243.0,-0.78,27665.0,340.0,179.7
NHPC,3/20/2023,245.0,248.0,245.0,247.1,1.69,35845.0,340.0,179.7
NHPC,3/22/2023,250.0,252.0,244.0,244.4,-1.09,33148.0,340.0,179.7
NHPC,3/23/2023,242.7,243.9,238.0,240.0,-1.8,45915.0,340.0,179.7
NHPC,3/26/2023,238.1,241.0,234.3,238.0,-0.83,47982.0,340.0,179.7
NHPC,3/27/2023,240.0,247.0,235.0,245.5,3.15,53053.0,340.0,179.7
NHPC,3/28/2023,249.0,250.0,243.0,245.0,-0.2,52960.0,340.0,179.7
NHPC,3/29/2023,243.0,246.5,243.0,244.4,-0.24,14830.0,340.0,179.7
NHPC,3/30/2023,243.0,247.7,240.2,241.0,-1.39,26650.0,340.0,179.7
NHPC,4/2/2023,244.8,249.9,236.2,236.5,-1.87,37872.0,340.0,179.7
NHPC,4/3/2023,234.0,238.0,232.0,234.0,-1.06,24996.0,340.0,179.7
NHPC,4/4/2023,235.0,237.4,230.3,233.0,-0.43,27538.0,340.0,179.7
NHPC,4/5/2023,233.2,237.0,232.1,234.0,0.43,25117.0,340.0,179.7
NHPC,4/6/2023,234.0,236.0,229.0,230.0,-1.71,39246.0,340.0,179.7
NHPC,4/9/2023,230.0,230.0,223.2,227.5,-1.09,41923.0,340.0,179.7
NHPC,4/10/2023,229.0,229.0,223.0,226.0,-0.66,29034.0,340.0,179.7
NHPC,4/11/2023,226.0,232.0,223.3,230.0,1.77,36913.0,340.0,179.7
NHPC,4/12/2023,233.0,245.8,231.5,245.8,6.87,75249.0,340.0,179.7
NHPC,4/13/2023,248.0,248.0,237.0,239.0,-2.77,61627.0,340.0,179.7
NHPC,4/16/2023,234.5,242.0,234.5,237.0,-0.84,25885.0,340.0,179.7
NHPC,4/17/2023,240.0,241.7,233.0,233.0,-1.69,27718.0,340.0,179.7
NHPC,4/18/2023,235.0,236.0,230.3,231.0,-0.86,20369.0,340.0,179.7
NHPC,4/19/2023,233.0,239.0,233.0,235.5,1.95,15751.0,340.0,179.7
NHPC,4/20/2023,236.0,239.0,231.1,231.1,-1.87,16058.0,340.0,179.7
NHPC,4/23/2023,234.0,235.0,225.0,225.9,-2.25,59106.0,340.0,179.7
NHPC,4/24/2023,225.0,230.4,224.0,227.4,0.66,28663.0,340.0,179.7
NHPC,4/25/2023,229.0,233.5,228.3,230.8,1.5,33190.0,340.0,179.7
NHPC,4/26/2023,230.0,233.5,225.4,225.9,-2.12,17348.0,340.0,179.7
NHPC,4/27/2023,230.4,232.0,225.1,226.0,0.04,26295.0,340.0,179.7
NHPC,4/30/2023,224.0,224.5,219.0,220.0,-2.65,42253.0,340.0,179.7
NHPC,5/2/2023,222.5,223.0,215.6,216.0,-1.82,17283.0,340.0,179.7
NHPC,5/3/2023,214.0,219.0,210.0,211.7,-1.99,22856.0,340.0,179.7
NHPC,5/4/2023,210.0,213.0,208.0,211.0,-0.33,44611.0,340.0,179.7
NHPC,5/7/2023,210.0,211.9,204.8,205.0,-2.84,24816.0,340.0,179.7
NHPC,5/8/2023,207.0,207.1,196.9,199.0,-2.93,45610.0,340.0,179.7
NHPC,5/9/2023,201.0,211.0,198.0,205.9,3.47,38369.0,340.0,179.7
NHPC,5/10/2023,207.0,208.0,200.0,204.0,-0.92,16298.0,340.0,179.7
NHPC,5/11/2023,201.0,206.6,201.0,206.6,1.27,37215.0,340.0,179.7
NHPC,5/14/2023,207.0,207.0,201.0,201.0,-2.71,24359.0,340.0,179.7
NHPC,5/15/2023,203.0,204.0,197.0,200.0,-0.5,27044.0,340.0,179.7
NHPC,5/16/2023,198.2,204.3,198.1,202.0,1.0,14849.0,340.0,179.7
NHPC,5/17/2023,203.0,211.0,202.0,208.9,3.42,34326.0,340.0,179.7
NHPC,5/18/2023,210.0,217.0,208.0,215.0,2.92,52517.0,340.0,179.7
NHPC,5/21/2023,218.0,221.5,212.0,212.0,-1.4,60933.0,340.0,179.7
NHPC,5/22/2023,215.0,216.2,204.0,214.0,0.94,30712.0,340.0,179.7
NHPC,5/23/2023,217.0,227.0,214.0,227.0,6.07,77301.0,340.0,179.7
NHPC,5/24/2023,230.0,231.0,222.5,224.9,-0.93,70359.0,340.0,179.7
NHPC,5/28/2023,228.0,229.3,217.0,218.0,-3.07,63871.0,340.0,179.7
NHPC,5/30/2023,218.0,220.9,210.0,210.0,-3.67,74348.0,340.0,179.7
NHPC,5/31/2023,210.0,219.0,206.0,208.0,-0.95,109114.0,340.0,179.7
NHPC,6/1/2023,207.2,217.1,206.1,211.0,1.44,41698.0,340.0,179.7
NHPC,6/4/2023,215.2,224.3,213.0,221.0,4.74,62306.0,340.0,179.7
NHPC,6/5/2023,224.0,225.0,217.0,221.0,0.0,100033.0,340.0,179.7
NHPC,6/6/2023,220.0,228.0,219.0,227.0,2.71,80939.0,340.0,179.7
NHPC,6/7/2023,230.0,238.5,229.0,232.0,2.2,223361.0,340.0,179.7
NHPC,6/8/2023,232.0,235.0,226.0,227.0,-2.16,117365.0,340.0,179.7
NHPC,6/11/2023,230.0,230.0,221.6,228.0,0.44,132738.0,340.0,179.7
NHPC,6/12/2023,232.5,232.5,219.6,223.9,-1.8,118605.0,340.0,179.7
NHPC,6/13/2023,228.3,228.3,219.6,221.1,-1.25,221812.0,340.0,179.7
NHPC,6/14/2023,223.0,230.0,219.5,226.0,2.22,232248.0,340.0,179.7
NHPC,6/15/2023,229.5,230.0,222.0,223.1,-1.28,334319.0,340.0,179.7
NHPC,6/18/2023,185.7,200.0,185.7,199.8,-10.44,439509.0,340.0,179.7
NHPC,6/19/2023,203.7,207.0,197.0,199.0,-0.4,209229.0,340.0,179.7
NHPC,6/20/2023,201.0,201.9,193.0,195.0,-2.01,95911.0,340.0,179.7
NHPC,6/21/2023,198.9,198.9,189.2,190.9,-2.1,81447.0,340.0,179.7
NHPC,6/22/2023,190.1,193.0,185.3,186.4,-2.36,93550.0,340.0,179.7
NHPC,6/25/2023,190.1,192.0,185.0,191.0,2.47,142851.0,340.0,179.7
NHPC,6/26/2023,194.8,195.9,186.2,187.0,-2.09,94146.0,340.0,179.7
NHPC,6/27/2023,187.0,196.0,187.0,195.9,4.76,145802.0,340.0,179.7
NHPC,6/28/2023,195.9,197.0,190.0,190.0,-3.01,118839.0,340.0,179.7
NHPC,7/2/2023,192.0,192.0,182.0,183.5,-3.42,96364.0,340.0,179.7
NHPC,7/3/2023,182.0,187.0,177.0,178.0,-3.0,116910.0,340.0,179.7
NHPC,7/4/2023,175.0,185.0,174.5,178.0,0.0,47239.0,340.0,179.7
NHPC,7/5/2023,181.5,181.5,173.0,174.0,-2.25,53331.0,340.0,179.7
NHPC,7/6/2023,174.0,176.8,171.0,172.0,-1.15,74504.0,340.0,179.7
NHPC,7/9/2023,174.0,177.4,170.0,171.0,-0.58,54014.0,340.0,179.7
NHPC,7/10/2023,170.0,177.8,168.6,170.0,-0.58,70557.0,340.0,179.7
NHPC,7/11/2023,169.0,170.0,165.1,165.6,-2.59,54846.0,340.0,179.7
NHPC,7/12/2023,167.0,182.1,167.0,182.1,9.96,112266.0,340.0,179.7
NHPC,7/13/2023,185.7,190.9,180.0,180.5,-0.88,115790.0,340.0,179.7
NHPC,7/16/2023,180.5,180.5,175.0,177.9,-1.44,39944.0,340.0,179.7
NHPC,7/17/2023,181.0,181.5,174.0,179.0,0.62,48939.0,340.0,179.7
NHPC,7/18/2023,181.0,183.0,177.5,178.0,-0.56,59782.0,340.0,179.7
NHPC,7/19/2023,180.0,180.0,176.0,176.0,-1.12,37688.0,340.0,179.7
NHPC,7/20/2023,178.0,180.0,173.5,176.0,0.0,72055.0,340.0,179.7
NHPC,7/23/2023,178.0,182.0,178.0,179.1,1.76,54550.0,340.0,179.7
NHPC,7/24/2023,179.2,184.6,177.4,178.0,-0.61,84807.0,340.0,179.7
NHPC,7/25/2023,180.0,181.5,175.5,176.6,-0.79,54755.0,340.0,179.7
NHPC,7/26/2023,176.0,179.0,174.0,175.0,-0.91,39023.0,340.0,179.7
NHPC,7/27/2023,176.0,178.3,171.0,172.0,-1.71,47466.0,340.0,179.7
NHPC,7/30/2023,172.0,174.0,167.0,167.0,-2.91,79563.0,340.0,179.7
NHPC,7/31/2023,169.0,173.0,167.0,168.0,0.6,44157.0,340.0,179.7
NHPC,8/1/2023,170.0,170.9,162.8,164.0,-2.38,131782.0,340.0,179.7
NHPC,8/2/2023,165.0,167.2,162.6,163.5,-0.3,42782.0,340.0,179.7
NHPC,8/3/2023,165.0,169.0,163.0,163.5,0.0,53288.0,340.0,179.7
NHPC,8/6/2023,165.0,165.0,159.0,159.0,-2.75,65881.0,340.0,179.7
NHPC,8/7/2023,161.0,164.0,158.0,160.0,0.63,34471.0,340.0,179.7
NHPC,8/8/2023,160.0,162.0,157.0,157.0,-1.88,34676.0,340.0,179.7
NHPC,8/9/2023,157.0,163.0,154.0,162.5,3.5,52449.0,340.0,179.7
NHPC,8/10/2023,163.0,164.0,160.0,160.0,-1.54,20924.0,340.0,179.7
NHPC,8/13/2023,162.0,162.0,158.0,159.1,-0.56,28075.0,340.0,179.7
NHPC,8/14/2023,160.0,161.5,156.8,157.1,-1.26,28916.0,340.0,179.7
NHPC,8/15/2023,156.1,158.0,153.1,154.7,-1.53,54222.0,340.0,179.7
NHPC,8/16/2023,156.0,156.0,150.0,152.0,-1.75,64243.0,340.0,179.7
NHPC,8/17/2023,152.0,155.0,150.5,151.8,-0.13,32409.0,340.0,179.7
NHPC,8/20/2023,153.0,153.0,147.0,148.3,-2.31,44617.0,340.0,179.7
NHPC,8/21/2023,150.0,151.1,146.0,146.2,-1.42,26843.0,340.0,179.7
NHPC,8/22/2023,148.0,149.0,144.0,148.8,1.78,20945.0,340.0,179.7
NHPC,8/23/2023,150.0,155.0,149.5,155.0,4.17,71165.0,340.0,179.7
NHPC,8/24/2023,158.1,158.1,148.2,149.0,-3.87,59299.0,340.0,179.7
NHPC,8/27/2023,149.1,150.7,147.0,148.9,-0.07,21319.0,340.0,179.7
NHPC,8/28/2023,150.0,151.0,146.2,147.0,-1.28,22707.0,340.0,179.7
NHPC,8/29/2023,148.0,148.0,145.2,146.4,-0.41,20709.0,340.0,179.7
NHPC,8/30/2023,148.0,149.0,145.8,146.5,0.07,12184.0,340.0,179.7
NHPC,9/3/2023,148.0,148.0,144.0,145.5,-0.68,17124.0,340.0,179.7
NHPC,9/4/2023,145.5,146.5,142.7,144.0,-1.03,21315.0,340.0,179.7
NHPC,9/5/2023,144.0,144.0,140.0,140.0,-2.78,34843.0,340.0,179.7
NHPC,9/7/2023,138.2,140.0,137.0,137.1,-2.07,24688.0,340.0,179.7
NHPC,9/10/2023,138.0,138.0,130.4,133.0,-2.99,70200.0,340.0,179.7
NHPC,9/11/2023,134.2,139.9,132.0,139.0,4.51,33134.0,340.0,179.7
NHPC,9/12/2023,139.0,140.0,132.2,134.0,-3.6,29625.0,340.0,179.7
NHPC,9/13/2023,135.0,146.6,135.0,144.0,7.46,52349.0,340.0,179.7
NHPC,9/17/2023,144.0,144.0,136.6,137.0,-4.86,59950.0,340.0,179.7
NHPC,9/18/2023,138.0,139.6,137.9,139.2,1.61,26074.0,340.0,179.7
NHPC,9/19/2023,140.0,145.4,137.0,144.0,3.45,70698.0,340.0,179.7
NHPC,9/21/2023,146.8,158.4,146.8,158.4,10.0,173694.0,340.0,179.7
NHPC,9/24/2023,159.0,163.0,151.0,155.0,-2.15,108084.0,340.0,179.7
NHPC,9/25/2023,155.0,156.0,149.9,154.9,-0.06,64100.0,340.0,179.7
NHPC,9/26/2023,156.0,164.0,156.0,162.0,4.58,73148.0,340.0,179.7
NHPC,9/27/2023,163.0,165.0,155.2,157.0,-3.09,61207.0,340.0,179.7
NHPC,10/1/2023,155.0,155.4,149.0,151.6,-3.44,51284.0,340.0,179.7
NHPC,10/2/2023,150.0,155.8,148.0,154.9,2.18,51935.0,340.0,179.7
NHPC,10/3/2023,152.0,154.9,150.0,152.0,-1.87,19762.0,340.0,179.7
NHPC,10/4/2023,154.0,157.0,151.1,153.0,0.66,30980.0,340.0,179.7
NHPC,10/5/2023,156.0,156.0,151.9,152.4,-0.39,27468.0,340.0,179.7
NHPC,10/8/2023,155.4,155.4,149.0,149.0,-2.23,51546.0,340.0,179.7
NHPC,10/9/2023,147.0,151.8,146.1,147.0,-1.34,35503.0,340.0,179.7
NHPC,10/10/2023,146.0,152.8,145.0,145.7,-0.88,20146.0,340.0,179.7
NHPC,10/11/2023,144.5,148.6,143.0,144.0,-1.17,27762.0,340.0,179.7
NHPC,10/12/2023,143.0,145.7,141.0,141.4,-1.81,31915.0,340.0,179.7
NHPC,10/16/2023,143.0,144.2,137.3,139.9,-1.06,34405.0,340.0,179.7
NHPC,10/17/2023,141.0,148.0,141.0,141.8,1.36,18807.0,340.0,179.7
NHPC,10/18/2023,143.0,146.0,143.0,145.0,2.26,12499.0,340.0,179.7
NHPC,10/19/2023,144.0,145.8,140.0,140.1,-3.38,23640.0,340.0,179.7
NHPC,10/29/2023,137.3,137.3,126.1,129.0,-7.92,317480.0,340.0,179.7
NHPC,10/30/2023,130.0,136.0,128.1,133.0,3.1,117406.0,340.0,179.7
NHPC,10/31/2023,134.0,134.0,130.5,131.0,-1.5,78382.0,340.0,179.7
NHPC,11/1/2023,130.5,133.0,129.1,130.0,-0.76,43731.0,340.0,179.7
NHPC,11/2/2023,129.0,131.5,128.0,129.0,-0.77,85572.0,340.0,179.7
NHPC,11/5/2023,129.0,129.0,127.3,127.5,-1.16,34179.0,340.0,179.7
NHPC,11/6/2023,127.0,131.0,127.0,129.4,1.49,53808.0,340.0,179.7
NHPC,11/7/2023,130.9,131.9,128.0,129.0,-0.31,45037.0,340.0,179.7
NHPC,11/8/2023,130.0,155.0,128.0,128.5,-0.39,45268.0,340.0,179.7
NHPC,11/9/2023,130.0,130.9,127.4,128.0,-0.39,46851.0,340.0,179.7
NHPC,11/20/2023,128.0,134.5,127.2,127.9,-0.08,45169.0,340.0,179.7
NHPC,11/21/2023,129.0,129.0,126.1,126.8,-0.86,39807.0,340.0,179.7
NHPC,11/22/2023,126.0,129.3,126.0,128.3,1.18,33061.0,340.0,179.7
NHPC,11/23/2023,127.9,133.0,126.3,131.9,2.81,78110.0,340.0,179.7
NHPC,11/26/2023,132.0,135.6,132.0,134.2,1.74,103895.0,340.0,179.7
NHPC,11/27/2023,134.0,138.9,133.5,134.0,-0.15,133415.0,340.0,179.7
NHPC,11/28/2023,135.0,138.0,133.0,134.0,0.0,32944.0,340.0,179.7
NHPC,11/29/2023,136.6,136.6,131.0,132.0,-1.49,23958.0,340.0,179.7
NHPC,11/30/2023,134.5,134.5,127.0,128.4,-2.73,99886.0,340.0,179.7
NHPC,12/3/2023,128.5,130.9,127.4,130.0,1.25,60866.0,340.0,179.7
NHPC,12/4/2023,131.0,132.4,129.1,130.2,0.15,54214.0,340.0,179.7
NHPC,12/5/2023,131.0,134.0,131.0,134.0,2.92,132944.0,340.0,179.7
NHPC,12/6/2023,132.3,135.4,132.3,132.6,-1.04,42399.0,340.0,179.7
NHPC,12/7/2023,134.0,135.9,132.0,135.9,2.49,118630.0,340.0,179.7
NHPC,12/10/2023,138.6,148.8,138.6,147.8,8.76,45193.0,340.0,179.7
NHPC,12/11/2023,150.7,157.0,140.3,146.9,-0.61,240368.0,340.0,179.7
NHPC,12/12/2023,147.0,150.7,144.0,146.6,-0.2,125181.0,340.0,179.7
NHPC,12/13/2023,148.0,153.0,147.0,150.0,2.32,165418.0,340.0,179.7
NHPC,12/14/2023,150.0,157.5,147.1,156.9,4.6,222191.0,340.0,179.7
NHPC,12/17/2023,154.0,169.0,148.0,169.0,7.71,332386.0,340.0,179.7
NHPC,12/18/2023,172.3,177.4,163.7,167.0,-1.18,628157.0,340.0,179.7
NHPC,12/19/2023,164.0,171.0,162.0,168.5,0.9,251222.0,340.0,179.7
NHPC,12/20/2023,171.0,174.0,163.0,169.5,0.59,323870.0,340.0,179.7
NHPC,12/21/2023,171.5,172.5,165.0,165.0,-2.65,215285.0,340.0,179.7
NHPC,12/24/2023,167.0,169.5,161.2,161.4,-2.18,194740.0,340.0,179.7
NHPC,12/27/2023,163.8,167.0,157.0,158.0,-2.11,180024.0,340.0,179.7
NHPC,12/28/2023,160.0,160.5,154.5,155.0,-1.9,130587.0,340.0,179.7
NHPC,1/1/2024,157.0,163.0,152.9,154.0,-0.65,109606.0,340.0,179.7
NHPC,1/2/2024,155.0,156.0,152.0,153.6,-0.26,149678.0,340.0,179.7
NHPC,1/3/2024,155.0,162.0,154.1,162.0,5.47,206909.0,340.0,179.7
NHPC,1/4/2024,164.0,167.1,159.9,161.9,-0.06,232123.0,340.0,179.7
NHPC,1/7/2024,165.0,166.0,158.0,158.0,-2.41,193363.0,340.0,179.7
NHPC,1/8/2024,160.0,162.0,158.0,161.0,1.9,126627.0,340.0,179.7
NHPC,1/9/2024,163.0,164.2,155.9,157.0,-2.48,209717.0,340.0,179.7
NHPC,1/10/2024,158.0,162.1,155.0,157.0,0.0,144661.0,340.0,179.7
NHPC,1/11/2024,160.1,160.1,155.5,156.9,-0.06,110869.0,340.0,179.7
NHPC,1/14/2024,160.0,167.9,158.1,165.6,5.54,303057.0,340.0,179.7
NHPC,1/16/2024,165.9,180.5,165.9,174.0,5.07,572840.0,340.0,179.7
NHPC,1/17/2024,177.4,182.0,169.0,169.1,-2.82,477979.0,340.0,179.7
NHPC,1/18/2024,166.0,179.5,162.6,173.0,2.31,344537.0,340.0,179.7
NHPC,1/21/2024,173.0,187.0,173.0,181.0,4.62,755311.0,340.0,179.7
NHPC,1/22/2024,184.6,186.5,176.0,177.0,-2.21,431210.0,340.0,179.7
NHPC,1/23/2024,178.0,182.0,175.5,176.5,-0.28,218798.0,340.0,179.7
NHPC,1/24/2024,180.0,182.0,172.0,173.0,-1.98,203410.0,340.0,179.7
NHPC,1/25/2024,176.0,176.0,171.0,171.9,-0.64,165183.0,340.0,179.7
NHPC,1/28/2024,172.1,176.0,171.0,173.0,0.64,143557.0,340.0,179.7
NHPC,1/29/2024,176.4,178.0,174.0,175.2,1.27,217124.0,340.0,179.7
NHPC,1/30/2024,177.0,179.2,175.0,177.9,1.54,204898.0,340.0,179.7
NHPC,1/31/2024,177.9,180.0,171.5,173.0,-2.75,168748.0,340.0,179.7
NHPC,2/1/2024,171.0,173.3,167.6,168.0,-2.89,203325.0,340.0,179.7
NHPC,2/4/2024,168.0,172.0,165.2,167.1,-0.54,118998.0,340.0,179.7
NHPC,2/5/2024,169.0,170.0,167.0,168.0,0.54,72174.0,340.0,179.7
NHPC,2/6/2024,169.9,171.0,167.6,168.3,0.18,82530.0,340.0,179.7
NHPC,2/7/2024,170.0,171.0,167.7,168.9,0.36,78552.0,340.0,179.7
NHPC,2/8/2024,169.0,169.9,167.0,169.0,0.06,108660.0,340.0,179.7
NHPC,2/11/2024,172.3,173.0,169.0,169.1,0.06,114628.0,340.0,179.7
NHPC,2/12/2024,172.0,172.5,168.7,172.0,1.71,89626.0,340.0,179.7
NHPC,2/13/2024,175.4,175.4,167.0,168.0,-2.33,104875.0,340.0,179.7
NHPC,2/14/2024,168.0,169.0,165.0,166.0,-1.19,134730.0,340.0,179.7
NHPC,2/15/2024,166.0,169.0,165.5,166.0,0.0,132803.0,340.0,179.7
NHPC,2/18/2024,166.0,168.4,161.0,162.0,-2.41,131065.0,340.0,179.7
NHPC,2/20/2024,164.0,165.0,161.0,161.0,-0.62,84862.0,340.0,179.7
NHPC,2/21/2024,163.0,164.2,159.8,160.0,-0.62,65891.0,340.0,179.7
NHPC,2/22/2024,156.9,162.0,156.9,157.2,-1.75,87006.0,340.0,179.7
NHPC,2/25/2024,159.0,160.2,152.0,152.0,-3.31,93304.0,340.0,179.7
NHPC,2/26/2024,152.0,157.0,150.1,153.0,0.66,59886.0,340.0,179.7
NHPC,2/27/2024,156.0,158.0,153.0,156.0,1.96,57837.0,340.0,179.7
NHPC,2/28/2024,153.0,158.0,153.0,153.5,-1.6,23363.0,340.0,179.7
NHPC,2/29/2024,154.8,155.0,149.7,150.0,-2.28,67871.0,340.0,179.7
NHPC,3/3/2024,152.0,158.0,149.0,151.0,0.67,88617.0,340.0,179.7
NHPC,3/4/2024,154.0,166.1,154.0,166.0,9.93,13325.0,340.0,179.7
NHPC,3/5/2024,169.0,169.3,157.0,162.0,-2.41,200814.0,340.0,179.7
NHPC,3/6/2024,162.0,165.7,155.1,160.0,-1.23,137565.0,340.0,179.7
NHPC,3/7/2024,163.2,166.0,161.0,161.0,0.63,82744.0,340.0,179.7
NHPC,3/10/2024,164.2,165.0,161.0,162.5,0.93,42085.0,340.0,179.7
NHPC,3/12/2024,165.5,168.8,162.6,165.0,1.54,87778.0,340.0,179.7
NHPC,3/13/2024,165.5,167.0,162.2,163.2,-1.09,87398.0,340.0,179.7
NHPC,3/14/2024,165.0,165.0,161.0,163.0,-0.12,50890.0,340.0,179.7
NHPC,3/17/2024,163.0,164.9,159.0,159.6,-2.09,62634.0,340.0,179.7
NHPC,3/18/2024,161.0,161.0,158.1,159.7,0.06,29409.0,340.0,179.7
NHPC,3/19/2024,161.0,161.8,156.1,156.1,-2.25,66869.0,340.0,179.7
NHPC,3/20/2024,159.0,160.0,155.5,156.9,0.51,44513.0,340.0,179.7
NHPC,3/21/2024,156.0,158.0,154.6,155.4,-0.96,81783.0,340.0,179.7
NHPC,3/25/2024,157.0,157.0,153.0,154.0,-0.9,36999.0,340.0,179.7
NHPC,3/26/2024,156.0,156.0,152.2,154.0,0.0,48278.0,340.0,179.7
NHPC,3/27/2024,156.0,156.9,151.6,153.0,-0.65,53976.0,340.0,179.7
NHPC,3/28/2024,154.0,154.0,150.1,151.7,-0.85,54477.0,340.0,179.7
NHPC,3/31/2024,152.0,153.0,149.1,150.0,-1.12,59149.0,340.0,179.7
NHPC,4/1/2024,150.0,151.0,147.0,148.0,-1.33,80608.0,340.0,179.7
NHPC,4/2/2024,150.0,150.4,146.0,146.2,-1.22,60659.0,340.0,179.7
NHPC,4/3/2024,147.0,148.0,144.5,145.0,-0.82,113063.0,340.0,179.7
NHPC,4/4/2024,146.0,147.8,145.0,145.5,0.34,59820.0,340.0,179.7
NHPC,4/7/2024,147.0,150.0,145.0,149.3,2.61,51063.0,340.0,179.7
NHPC,4/9/2024,151.5,153.0,149.2,152.0,1.81,66000.0,340.0,179.7
NHPC,4/10/2024,154.0,154.9,151.0,151.5,-0.33,40628.0,340.0,179.7
NHPC,4/14/2024,152.0,152.5,148.5,148.6,-1.91,42953.0,340.0,179.7
NHPC,4/15/2024,149.0,151.0,146.2,146.2,-1.62,33944.0,340.0,179.7
NHPC,4/16/2024,146.0,148.9,146.0,146.9,0.48,30193.0,340.0,179.7
NHPC,4/18/2024,147.0,147.9,144.2,145.0,-1.29,41814.0,340.0,179.7
NHPC,4/21/2024,147.0,148.0,144.0,148.0,2.07,43687.0,340.0,179.7
NHPC,4/22/2024,149.9,150.0,145.5,145.6,-1.62,17710.0,340.0,179.7
NHPC,4/24/2024,147.0,147.0,145.0,146.3,0.48,24880.0,340.0,179.7
NHPC,4/25/2024,145.0,148.9,144.0,144.0,-1.57,50963.0,340.0,179.7
NHPC,4/28/2024,146.0,148.8,144.2,145.8,1.25,29417.0,340.0,179.7
NHPC,4/29/2024,148.0,148.0,144.1,145.0,-0.55,25583.0,340.0,179.7
NHPC,4/30/2024,145.1,152.8,142.2,149.0,2.76,79454.0,340.0,179.7
NHPC,5/2/2024,150.0,151.0,146.1,146.5,-1.68,45018.0,340.0,179.7
NHPC,5/5/2024,148.6,148.6,144.0,144.9,-1.09,38531.0,340.0,179.7
NHPC,5/6/2024,144.0,146.8,144.0,144.4,-0.35,24173.0,340.0,179.7
NHPC,5/7/2024,146.9,146.9,144.0,145.0,0.42,16125.0,340.0,179.7
NHPC,5/8/2024,145.0,147.0,142.2,142.6,-1.66,36540.0,340.0,179.7
NHPC,5/9/2024,144.0,144.4,141.2,142.9,0.21,26075.0,340.0,179.7
NHPC,5/12/2024,143.0,145.3,142.1,144.0,0.77,47001.0,340.0,179.7
NHPC,5/13/2024,145.5,145.5,143.2,145.1,0.76,47953.0,340.0,179.7
NHPC,5/14/2024,145.1,150.0,143.4,148.6,2.41,74581.0,340.0,179.7
NHPC,5/15/2024,150.0,150.8,146.1,148.0,-0.4,37039.0,340.0,179.7
NHPC,5/16/2024,148.0,148.9,145.4,146.0,-1.35,26455.0,340.0,179.7
NHPC,5/19/2024,146.0,148.8,146.0,146.0,0.0,58566.0,340.0,179.7
NHPC,5/20/2024,148.0,150.0,146.5,148.0,1.37,64187.0,340.0,179.7
NHPC,5/21/2024,150.0,150.0,146.0,149.0,0.68,44414.0,340.0,179.7
NHPC,5/22/2024,148.1,151.0,148.0,149.0,0.0,50132.0,340.0,179.7
NHPC,5/26/2024,151.0,151.0,146.4,147.0,-1.34,37180.0,340.0,179.7
NHPC,5/27/2024,146.2,149.1,146.0,146.9,-0.07,71635.0,340.0,179.7
NHPC,5/29/2024,149.0,154.8,145.8,147.0,0.07,56276.0,340.0,179.7
NHPC,5/30/2024,147.0,149.0,145.1,145.9,-0.75,49015.0,340.0,179.7
NHPC,6/2/2024,147.0,148.0,145.1,146.0,0.07,40539.0,340.0,179.7
NHPC,6/3/2024,144.0,148.0,144.0,145.5,-0.34,46991.0,340.0,179.7
NHPC,6/4/2024,146.0,147.8,145.1,147.2,1.17,45324.0,340.0,179.7
NHPC,6/5/2024,145.5,147.0,144.5,146.0,-0.82,38181.0,340.0,179.7
NHPC,6/6/2024,144.9,146.0,142.5,144.0,-1.37,45976.0,340.0,179.7
NHPC,6/9/2024,146.8,146.8,141.7,142.1,-1.32,30715.0,340.0,179.7
NHPC,6/10/2024,142.0,145.8,142.0,143.5,0.99,53353.0,340.0,179.7
NHPC,6/11/2024,144.0,148.1,144.0,146.3,1.95,81323.0,340.0,179.7
NHPC,6/12/2024,148.3,150.0,146.6,147.0,0.48,79911.0,340.0,179.7
NHPC,6/13/2024,149.2,149.2,144.5,146.9,-0.07,63081.0,340.0,179.7
NHPC,6/16/2024,145.0,154.0,145.0,149.0,1.43,152017.0,340.0,179.7
NHPC,6/18/2024,150.0,150.9,146.0,147.9,-0.74,45238.0,340.0,179.7
NHPC,6/19/2024,150.0,150.0,145.1,147.2,-0.47,29868.0,340.0,179.7
NHPC,6/20/2024,145.1,149.1,144.0,144.8,-1.63,60323.0,340.0,179.7
NHPC,6/23/2024,146.0,146.0,142.1,143.0,-1.24,87325.0,340.0,179.7
NHPC,6/24/2024,145.1,145.1,141.5,142.4,-0.42,65363.0,340.0,179.7
NHPC,6/25/2024,145.0,145.0,141.5,142.8,0.28,31600.0,340.0,179.7
NHPC,6/26/2024,145.6,145.6,140.1,141.0,-1.26,61050.0,340.0,179.7
NHPC,6/27/2024,139.8,142.0,139.2,141.0,0.0,58525.0,340.0,179.7
NHPC,6/30/2024,138.4,141.8,136.0,138.4,-1.84,135611.0,340.0,179.7
NHPC,7/1/2024,138.3,139.9,136.7,138.0,-0.29,52339.0,340.0,179.7
NHPC,7/2/2024,140.7,149.2,140.7,145.6,5.51,148243.0,340.0,179.7
NHPC,7/3/2024,148.5,148.5,141.8,143.0,-1.79,48122.0,340.0,179.7
NHPC,7/4/2024,141.0,146.8,140.0,143.1,0.07,86699.0,340.0,179.7
NHPC,7/7/2024,143.0,145.0,142.0,144.0,0.63,54462.0,340.0,179.7
NHPC,7/8/2024,145.0,145.0,142.0,143.0,-0.69,43744.0,340.0,179.7
NHPC,7/9/2024,140.2,144.8,140.2,143.0,0.0,54449.0,340.0,179.7
NHPC,7/10/2024,140.2,145.0,140.2,144.9,1.33,60988.0,340.0,179.7
NHPC,7/11/2024,147.7,148.9,144.0,147.5,1.79,113591.0,340.0,179.7
NHPC,7/14/2024,150.4,162.2,150.4,160.5,8.81,271064.0,340.0,179.7
NHPC,7/15/2024,163.7,170.0,159.9,162.9,1.5,366412.0,340.0,179.7
NHPC,7/16/2024,159.7,175.0,159.7,175.0,7.43,439035.0,340.0,179.7
NHPC,7/17/2024,178.0,184.0,173.0,177.0,1.14,461024.0,340.0,179.7
NHPC,7/18/2024,180.5,182.9,173.1,179.0,1.13,478557.0,340.0,179.7
NHPC,7/21/2024,179.0,183.0,175.3,182.0,1.68,433024.0,340.0,179.7
NHPC,7/22/2024,185.6,186.0,176.0,184.0,1.1,373435.0,340.0,179.7
NHPC,7/23/2024,185.0,195.0,182.0,193.8,5.33,448664.0,340.0,179.7
NHPC,7/24/2024,196.0,201.5,191.3,193.0,-0.41,686562.0,340.0,179.7
NHPC,7/25/2024,195.8,196.0,190.0,192.5,-0.26,261547.0,340.0,179.7
NHPC,7/28/2024,196.3,209.1,194.0,199.6,3.69,344986.0,340.0,179.7
NHPC,7/29/2024,203.5,204.0,196.0,196.8,-1.4,402511.0,340.0,179.7
NHPC,7/30/2024,197.0,210.0,190.0,203.0,3.15,496646.0,340.0,179.7
NHPC,7/31/2024,203.0,216.0,203.0,210.0,3.45,852230.0,340.0,179.7
NHPC,8/1/2024,210.0,216.0,208.0,209.0,-0.48,404082.0,340.0,179.7
NHPC,8/5/2024,210.0,213.1,202.0,208.0,-0.48,484733.0,340.0,179.7
NHPC,8/6/2024,210.0,210.0,191.6,192.9,-7.26,557983.0,340.0,179.7
NHPC,8/7/2024,192.0,203.8,188.0,203.0,5.24,344683.0,340.0,179.7
NHPC,8/8/2024,205.0,209.0,200.0,202.0,-0.49,430065.0,340.0,179.7
NHPC,8/11/2024,205.0,222.2,204.0,222.2,10.0,1195461.0,340.0,179.7
NHPC,8/12/2024,226.6,244.4,226.6,244.4,9.99,711918.0,340.0,179.7
NHPC,8/13/2024,249.2,266.0,244.1,259.0,5.97,1163191.0,340.0,179.7
NHPC,8/14/2024,253.9,278.9,245.0,271.8,4.94,925595.0,340.0,179.7
NHPC,8/15/2024,277.0,290.0,268.0,279.0,2.65,873302.0,340.0,179.7
NHPC,8/18/2024,279.0,279.0,255.0,262.0,-6.09,1138662.0,340.0,179.7
NHPC,8/21/2024,267.2,267.2,254.0,254.6,-2.82,428567.0,340.0,179.7
NHPC,8/22/2024,259.0,268.0,247.0,260.3,2.24,560841.0,340.0,179.7
NHPC,8/25/2024,260.3,265.0,248.0,249.0,-4.34,481523.0,340.0,179.7
NHPC,8/27/2024,253.0,253.0,228.0,229.9,-7.67,664180.0,340.0,179.7
NHPC,8/28/2024,230.0,246.8,230.0,236.0,2.65,448298.0,340.0,179.7
NHPC,8/29/2024,240.7,242.0,230.0,234.0,-0.85,412910.0,340.0,179.7
NHPC,9/1/2024,238.0,239.9,225.1,226.0,-3.42,275848.0,340.0,179.7
NHPC,9/2/2024,226.0,248.6,222.2,248.6,10.0,616421.0,340.0,179.7
NHPC,9/3/2024,253.5,265.0,250.0,255.0,2.57,671938.0,340.0,179.7
NHPC,9/4/2024,260.0,260.0,239.0,243.5,-4.51,498496.0,340.0,179.7
NHPC,9/5/2024,239.0,244.0,235.0,239.0,-1.85,309852.0,340.0,179.7
NHPC,9/8/2024,239.0,245.8,232.4,234.0,-2.09,272789.0,340.0,179.7
NHPC,9/9/2024,238.6,238.6,229.7,230.0,-1.71,278749.0,340.0,179.7
NHPC,9/10/2024,232.6,235.9,225.8,229.0,-0.43,191397.0,340.0,179.7
NHPC,9/11/2024,229.0,233.0,223.0,224.1,-2.14,190479.0,340.0,179.7
NHPC,9/12/2024,228.0,239.9,222.0,235.0,4.86,241111.0,340.0,179.7
NHPC,9/15/2024,237.7,242.0,227.0,228.4,-2.81,251240.0,340.0,179.7
NHPC,9/16/2024,229.0,229.0,219.9,221.0,-3.24,228653.0,340.0,179.7
NHPC,9/18/2024,221.0,225.0,218.0,218.3,-1.22,182549.0,340.0,179.7
NHPC,9/22/2024,222.6,231.0,219.6,220.0,0.78,143495.0,340.0,179.7
NHPC,9/23/2024,218.0,221.8,210.0,213.0,-3.18,172582.0,340.0,179.7
NHPC,9/24/2024,214.0,216.6,200.0,203.5,-4.46,248603.0,340.0,179.7
NHPC,9/25/2024,205.0,214.0,198.0,211.0,3.69,257823.0,340.0,179.7
NHPC,9/26/2024,212.0,215.0,200.0,203.8,-3.41,100864.0,340.0,179.7
NHPC,9/29/2024,199.8,204.8,196.0,198.3,-2.7,180583.0,340.0,179.7
NHPC,9/30/2024,202.2,206.2,195.2,204.0,2.87,84957.0,340.0,179.7
NHPC,10/1/2024,204.0,223.0,204.0,222.9,9.26,226785.0,340.0,179.7
NHPC,10/2/2024,227.0,228.0,211.0,216.0,-3.1,284599.0,340.0,179.7
NHPC,10/6/2024,213.0,222.0,212.0,220.0,1.85,129590.0,340.0,179.7
NHPC,10/7/2024,223.3,230.0,220.2,226.4,2.91,170920.0,340.0,179.7
NHPC,10/8/2024,230.0,230.0,220.6,222.0,-1.94,83258.0,340.0,179.7
NHPC,10/9/2024,225.0,225.0,218.0,221.9,-0.05,157273.0,340.0,179.7
NHPC,10/15/2024,225.0,226.0,222.0,225.0,1.4,36833.0,340.0,179.7
NHPC,10/16/2024,227.5,245.5,226.0,235.7,4.76,224288.0,340.0,179.7
NHPC,10/17/2024,238.0,240.4,229.5,231.0,-1.99,150049.0,340.0,179.7
NHPC,10/20/2024,226.5,232.0,219.0,224.0,-3.03,215104.0,340.0,179.7
NHPC,10/21/2024,228.4,228.4,219.0,220.0,-1.79,164731.0,340.0,179.7
NHPC,10/22/2024,218.0,224.0,218.0,220.1,0.05,119762.0,340.0,179.7
NHPC,10/23/2024,223.0,226.0,220.0,220.1,0.0,72565.0,340.0,179.7
NHPC,10/24/2024,220.3,224.4,218.0,220.0,-0.05,83541.0,340.0,179.7
NHPC,10/27/2024,220.0,223.3,218.0,219.0,-0.45,90859.0,340.0,179.7
NHPC,10/28/2024,222.0,227.0,218.4,227.0,3.65,107260.0,340.0,179.7
NHPC,10/29/2024,227.0,232.0,227.0,231.5,1.98,162381.0,340.0,179.7
NHPC,10/30/2024,236.0,236.0,227.1,227.8,-1.6,81085.0,340.0,179.7
NHPC,11/5/2024,230.0,230.0,224.5,226.9,-0.4,73735.0,340.0,179.7
NHPC,11/6/2024,225.0,228.0,224.1,224.2,-1.19,65989.0,340.0,179.7
NHPC,11/10/2024,221.1,237.5,221.1,237.5,5.93,242512.0,340.0,179.7
NHPC,11/11/2024,238.0,244.0,231.3,236.0,-0.63,246571.0,340.0,179.7
NHPC,11/12/2024,232.2,239.7,229.0,230.1,-2.5,110313.0,340.0,179.7
NHPC,11/13/2024,230.0,232.6,226.0,227.4,-1.17,110373.0,340.0,179.7
NHPC,11/14/2024,226.0,234.5,226.0,228.7,0.57,188240.0,340.0,179.7
NHPC,11/17/2024,224.2,247.0,224.2,233.9,2.27,161197.0,340.0,179.7
NHPC,11/19/2024,234.0,234.0,226.1,227.8,-2.61,216065.0,340.0,179.7
NHPC,11/20/2024,229.0,229.5,224.0,227.0,-0.35,94797.0,340.0,179.7
NHPC,11/21/2024,229.0,229.0,222.0,222.5,-1.98,113522.0,340.0,179.7
NHPC,11/24/2024,225.0,225.0,216.4,218.0,-2.02,179018.0,340.0,179.7
NHPC,11/25/2024,221.0,224.0,219.0,222.0,1.83,160527.0,340.0,179.7
NHPC,11/26/2024,226.4,236.1,223.0,232.0,4.5,254401.0,340.0,179.7
NHPC,11/27/2024,236.6,236.6,232.0,233.0,0.43,144230.0,340.0,179.7
NHPC,11/28/2024,233.0,234.0,228.0,229.0,-1.72,111363.0,340.0,179.7
NHPC,12/1/2024,224.5,231.0,221.0,230.0,0.44,198244.0,340.0,179.7
NHPC,12/2/2024,234.5,238.3,230.1,234.0,1.74,315482.0,340.0,179.7
NHPC,12/3/2024,235.0,250.0,235.0,249.0,6.41,693207.0,340.0,179.7
NHPC,12/4/2024,253.9,254.0,239.7,242.0,-2.81,504328.0,340.0,179.7
NHPC,12/5/2024,237.2,246.7,233.0,234.9,-2.93,258757.0,340.0,179.7
NHPC,12/8/2024,231.1,235.0,224.0,224.0,-4.64,249136.0,340.0,179.7
NHPC,12/9/2024,228.4,230.8,223.6,226.0,0.89,126920.0,340.0,179.7
NHPC,12/10/2024,230.5,230.5,222.5,224.2,-0.8,90925.0,340.0,179.7
NHPC,12/11/2024,220.0,229.0,220.0,229.0,2.14,96028.0,340.0,179.7
NHPC,12/12/2024,230.0,231.5,222.5,223.5,-2.4,130847.0,340.0,179.7
NHPC,12/16/2024,222.0,232.4,219.2,232.4,3.98,145915.0,340.0,179.7
NHPC,12/17/2024,227.8,227.8,220.0,223.0,-4.04,154611.0,340.0,179.7
NHPC,12/18/2024,227.4,227.4,218.9,219.0,-1.79,95208.0,340.0,179.7
NHPC,12/19/2024,220.1,220.8,216.0,216.8,-1.0,139364.0,340.0,179.7
NHPC,12/22/2024,219.0,221.0,213.7,214.0,-1.29,119808.0,340.0,179.7
NHPC,12/23/2024,215.0,220.4,214.0,217.6,1.68,84627.0,340.0,179.7
NHPC,12/24/2024,218.0,221.1,217.0,218.2,0.28,111999.0,340.0,179.7
NHPC,12/26/2024,218.2,219.9,216.5,217.9,-0.14,67315.0,340.0,179.7
NHPC,12/29/2024,218.0,219.0,213.8,214.0,-1.79,70184.0,340.0,179.7
NHPC,12/31/2024,214.0,214.9,207.0,209.0,-2.34,160107.0,340.0,179.7
NHPC,1/1/2025,210.0,212.0,208.0,208.8,-0.1,46695.0,340.0,179.7
NHPC,1/2/2025,210.8,212.9,208.1,211.0,1.05,47740.0,340.0,179.7
NHPC,1/5/2025,211.0,213.0,208.2,210.2,-0.38,60345.0,340.0,179.7
NHPC,1/6/2025,212.0,228.3,212.0,226.0,7.52,166519.0,340.0,179.7
NHPC,1/7/2025,226.0,226.0,220.0,221.0,-2.21,108155.0,340.0,179.7
NHPC,1/8/2025,222.0,224.0,220.0,220.9,-0.05,85160.0,340.0,179.7
NHPC,1/9/2025,218.0,223.0,218.0,220.5,-0.18,122290.0,340.0,179.7
NHPC,1/12/2025,221.5,224.9,216.0,218.0,-1.13,58637.0,340.0,179.7
NHPC,1/13/2025,221.0,221.0,213.5,213.9,-1.88,63666.0,340.0,179.7
NHPC,1/15/2025,214.0,217.9,212.2,212.4,-0.7,53123.0,340.0,179.7
NHPC,1/16/2025,215.3,215.4,211.0,213.7,0.61,58351.0,340.0,179.7
NHPC,1/19/2025,215.0,217.5,213.1,214.0,0.14,43255.0,340.0,179.7
NHPC,1/20/2025,216.0,218.9,213.0,217.3,1.54,57781.0,340.0,179.7
NHPC,1/21/2025,219.5,219.5,214.0,215.0,-1.06,28117.0,340.0,179.7
NHPC,1/22/2025,215.0,223.0,215.0,221.9,3.21,148030.0,340.0,179.7
NHPC,1/23/2025,224.3,225.9,218.0,218.8,-1.4,93841.0,340.0,179.7
NHPC,1/26/2025,220.0,220.0,216.1,216.1,-1.23,63694.0,340.0,179.7
NHPC,1/27/2025,217.0,218.9,214.1,215.5,-0.28,92470.0,340.0,179.7
NHPC,1/28/2025,215.0,221.3,215.0,220.0,2.09,115410.0,340.0,179.7
NHPC,2/2/2025,224.2,226.9,223.0,226.0,2.73,253230.0,340.0,179.7
NHPC,2/3/2025,228.0,230.0,221.1,223.9,-0.93,136807.0,340.0,179.7
NHPC,2/4/2025,225.0,226.5,220.1,221.7,-0.98,113464.0,340.0,179.7
NHPC,2/5/2025,226.0,227.0,222.0,223.7,0.9,156275.0,340.0,179.7
NHPC,2/6/2025,228.0,228.0,222.3,222.9,-0.36,122661.0,340.0,179.7
NHPC,2/9/2025,222.9,227.3,220.2,220.5,-1.08,114776.0,340.0,179.7
NHPC,2/10/2025,224.8,224.8,217.0,217.6,-1.32,79206.0,340.0,179.7
NHPC,2/11/2025,220.0,220.8,216.0,218.0,0.18,59490.0,340.0,179.7
NHPC,2/12/2025,218.0,221.9,217.0,218.0,0.0,91807.0,340.0,179.7
NHPC,2/13/2025,221.0,221.3,216.4,217.5,-0.23,75735.0,340.0,179.7
NHPC,2/16/2025,221.8,225.4,216.0,222.9,2.48,126377.0,340.0,179.7
NHPC,2/17/2025,225.5,226.8,220.0,221.8,-0.49,134193.0,340.0,179.7
NHPC,2/18/2025,217.4,225.0,217.1,218.2,-1.62,92376.0,340.0,179.7
NHPC,2/20/2025,218.0,220.0,216.4,217.0,-0.55,77528.0,340.0,179.7
NHPC,2/23/2025,216.0,230.2,213.0,218.6,0.74,164776.0,340.0,179.7
NHPC,2/24/2025,221.0,224.4,218.0,219.0,0.18,135805.0,340.0,179.7
NHPC,2/25/2025,220.0,221.1,218.1,218.2,-0.37,66143.0,340.0,179.7
NHPC,2/27/2025,220.5,232.0,218.1,228.0,4.49,350899.0,340.0,179.7
NHPC,3/2/2025,229.9,236.5,228.3,236.5,3.73,272332.0,340.0,179.7
NHPC,3/3/2025,241.2,241.2,228.0,228.6,-3.34,191298.0,340.0,179.7
NHPC,3/4/2025,230.0,239.7,225.2,231.0,1.05,316360.0,340.0,179.7
NHPC,3/5/2025,227.0,234.0,226.1,228.7,-1.0,196079.0,340.0,179.7
NHPC,3/6/2025,230.8,232.0,226.0,228.0,-0.31,93515.0,340.0,179.7
NHPC,3/9/2025,229.9,229.9,221.0,221.0,-3.07,144155.0,340.0,179.7
NHPC,3/10/2025,223.4,224.9,218.0,219.9,-0.5,128096.0,340.0,179.7
NHPC,3/11/2025,221.9,221.9,215.0,216.0,-1.77,143962.0,340.0,179.7
NHPC,3/12/2025,211.7,220.0,211.7,216.0,0.0,74985.0,340.0,179.7
NHPC,3/16/2025,220.1,220.1,212.4,214.0,-0.93,116318.0,340.0,179.7
NHPC,3/17/2025,215.0,217.7,212.5,215.0,0.47,56913.0,340.0,179.7
NHPC,3/18/2025,217.3,217.3,213.0,214.0,-0.47,62154.0,340.0,179.7
NHPC,3/19/2025,215.9,216.0,212.0,212.8,-0.56,110030.0,340.0,179.7
NHPC,3/20/2025,215.0,215.0,211.0,211.6,-0.56,78590.0,340.0,179.7
NHPC,3/23/2025,211.0,213.8,204.0,204.72,-3.25,147728.0,340.0,179.7
NHPC,3/24/2025,206.0,211.0,205.0,209.59,2.38,136906.0,340.0,179.7
NHPC,3/25/2025,207.0,209.0,202.0,203.42,-2.94,106335.0,340.0,179.7
NHPC,3/26/2025,200.8,208.9,200.8,207.12,1.82,65437.0,340.0,179.7
NHPC,3/27/2025,207.9,210.0,204.2,208.8,0.81,77998.0,340.0,179.7
NHPC,3/30/2025,209.0,216.0,207.0,212.59,1.82,145957.0,340.0,179.7
NHPC,4/1/2025,214.0,214.8,208.0,209.47,-1.47,62235.0,340.0,179.7
NHPC,4/2/2025,207.1,212.0,207.1,209.36,-0.05,34571.0,340.0,179.7
NHPC,4/3/2025,210.0,214.0,207.0,207.8,-0.75,92539.0,340.0,179.7
NHPC,4/7/2025,211.9,211.9,205.1,205.55,-1.08,101615.0,340.0,179.7
NHPC,4/8/2025,209.6,209.6,203.0,206.53,0.48,73339.0,340.0,179.7
NHPC,4/9/2025,208.6,210.6,205.7,207.09,0.27,50935.0,340.0,179.7
NHPC,4/10/2025,207.0,209.0,206.0,206.48,-0.29,61508.0,340.0,179.7
NHPC,4/13/2025,207.0,210.0,205.1,206.86,0.18,48578.0,340.0,179.7
NHPC,4/15/2025,208.9,213.0,205.1,210.76,1.89,121647.0,340.0,179.7
NHPC,4/16/2025,210.0,216.7,210.0,215.85,2.42,149781.0,340.0,179.7
NHPC,4/17/2025,219.9,224.0,215.9,222.9,3.27,239906.0,340.0,179.7
NHPC,4/20/2025,225.0,225.0,214.5,217.55,-2.4,134972.0,340.0,179.7
NHPC,4/21/2025,219.9,225.0,215.6,220.81,1.5,184273.0,340.0,179.7
NHPC,4/22/2025,224.8,226.9,220.2,223.27,1.11,246212.0,340.0,179.7
NHPC,4/23/2025,223.1,223.1,216.0,216.53,-3.02,100815.0,340.0,179.7
NHPC,4/24/2025,216.5,221.0,214.0,219.09,1.18,191498.0,340.0,179.7
NHPC,4/27/2025,223.0,228.3,219.4,226.99,3.61,352772.0,340.0,179.7
NHPC,4/28/2025,225.0,241.0,225.0,231.12,1.82,557135.0,340.0,179.7
NHPC,4/29/2025,234.0,235.0,225.5,226.21,-2.12,131055.0,340.0,179.7
NHPC,4/30/2025,229.9,232.2,224.1,226.07,-0.06,275561.0,340.0,179.7
NHPC,5/4/2025,230.0,234.7,229.0,229.89,1.69,251289.0,340.0,179.7
NHPC,5/5/2025,232.9,233.4,221.5,222.59,-3.18,140511.0,340.0,179.7
NHPC,5/6/2025,224.0,229.5,223.5,227.17,2.06,202164.0,340.0,179.7
NHPC,5/7/2025,227.1,240.0,227.1,237.78,4.67,801310.0,340.0,179.7
NHPC,5/8/2025,242.5,244.5,236.0,238.65,0.37,494512.0,340.0,179.7
NHPC,5/11/2025,239.0,243.0,230.3,231.49,-3.0,233952.0,340.0,179.7
NHPC,5/13/2025,232.0,234.5,223.1,223.93,-3.27,219709.0,340.0,179.7
NHPC,5/14/2025,222.4,227.0,220.0,220.76,-1.42,182722.0,340.0,179.7
NHPC,5/15/2025,220.1,222.0,217.0,220.01,-0.34,256528.0,340.0,179.7
NHPC,5/18/2025,220.0,224.4,217.0,217.6,-1.1,119752.0,340.0,179.7
NHPC,5/19/2025,221.8,221.9,217.7,218.76,0.53,102672.0,340.0,179.7
NHPC,5/20/2025,217.0,228.0,214.4,226.83,3.69,172524.0,340.0,179.7
NHPC,5/21/2025,231.3,240.0,221.0,221.66,-2.28,196640.0,340.0,179.7
NHPC,5/22/2025,221.1,224.7,217.6,219.4,-1.02,112464.0,340.0,179.7
NHPC,5/25/2025,223.5,223.5,216.5,218.68,-0.33,76568.0,340.0,179.7
NHPC,5/26/2025,223.0,229.9,217.0,217.98,-0.32,101754.0,340.0,179.7
NHPC,5/27/2025,217.4,221.0,215.6,216.46,-0.7,118647.0,340.0,179.7
NHPC,5/28/2025,218.7,220.8,216.2,217.72,0.58,77232.0,340.0,179.7
NHPC,6/2/2025,222.0,225.0,217.0,217.51,-0.1,137192.0,340.0,179.7
NHPC,6/3/2025,215.4,219.6,215.4,216.14,-0.63,88558.0,340.0,179.7
NHPC,6/4/2025,216.5,218.9,213.0,213.99,-0.99,139511.0,340.0,179.7
NHPC,6/5/2025,214.0,217.0,211.1,215.45,0.68,74963.0,340.0,179.7
NHPC,6/8/2025,215.0,224.0,215.0,215.53,0.04,81692.0,340.0,179.7
NHPC,6/9/2025,215.0,222.4,215.0,219.49,1.84,136215.0,340.0,179.7
NHPC,6/10/2025,221.8,223.7,220.0,221.55,0.94,140539.0,340.0,179.7
NHPC,6/11/2025,225.0,225.0,218.1,220.25,-0.59,151622.0,340.0,179.7
NHPC,6/12/2025,222.9,227.0,219.1,220.31,0.03,176643.0,340.0,179.7
NHPC,6/15/2025,223.6,226.0,217.6,219.96,-0.16,160741.0,340.0,179.7
NHPC,6/16/2025,220.2,226.0,219.2,220.32,0.16,206400.0,340.0,179.7
NHPC,6/17/2025,223.0,224.0,217.0,218.15,-0.98,73013.0,340.0,179.7
NHPC,6/18/2025,216.1,225.9,216.1,220.57,1.11,106448.0,340.0,179.7
NHPC,6/19/2025,223.0,225.0,219.1,220.38,-0.09,319070.0,340.0,179.7
NHPC,6/22/2025,220.0,222.8,214.0,214.67,-2.59,116602.0,340.0,179.7
NHPC,6/23/2025,215.0,216.8,212.0,213.73,-0.44,105728.0,340.0,179.7
NHPC,6/24/2025,217.9,217.9,213.3,213.77,0.02,80852.0,340.0,179.7
NHPC,6/25/2025,218.0,218.0,211.3,212.11,-0.78,96866.0,340.0,179.7
NHPC,6/26/2025,213.0,215.4,212.5,212.82,0.33,90357.0,340.0,179.7
NHPC,6/29/2025,215.0,215.0,211.2,212.48,-0.16,39100.0,340.0,179.7
NHPC,6/30/2025,213.0,214.8,210.4,211.31,-0.55,90894.0,340.0,179.7
NHPC,7/1/2025,213.0,216.3,210.1,215.28,1.88,77504.0,340.0,179.7
NHPC,7/2/2025,214.2,218.4,214.0,215.05,-0.11,79142.0,340.0,179.7
NHPC,7/3/2025,218.0,219.3,213.2,213.8,-0.58,101348.0,340.0,179.7
NHPC,7/6/2025,214.0,215.7,212.0,212.38,-0.66,74579.0,340.0,179.7
NHPC,7/7/2025,212.0,215.0,210.7,211.65,-0.34,55263.0,340.0,179.7
NHPC,7/8/2025,210.1,213.3,210.0,210.8,-0.4,88586.0,340.0,179.7
NHPC,7/9/2025,210.5,213.5,210.1,212.19,0.66,60523.0,340.0,179.7
NHPC,7/10/2025,211.1,215.0,211.0,212.26,0.03,107994.0,340.0,179.7
NHPC,7/13/2025,216.5,223.0,213.0,213.52,0.59,102696.0,340.0,179.7
NHPC,7/14/2025,214.0,214.4,211.3,211.72,-0.84,76214.0,340.0,179.7
NHPC,7/15/2025,213.9,215.9,211.7,212.89,0.55,75586.0,340.0,179.7
NHPC,7/16/2025,214.9,216.0,212.0,213.83,0.44,70748.0,340.0,179.7
NHPC,7/17/2025,212.7,222.0,212.7,219.88,2.83,186909.0,340.0,179.7
NHPC,7/20/2025,220.0,227.9,219.0,221.48,0.73,314388.0,340.0,179.7
NHPC,7/21/2025,221.5,224.0,217.5,220.12,-0.61,128466.0,340.0,179.7
NHPC,7/22/2025,222.0,228.0,221.0,225.18,2.3,275782.0,340.0,179.7
NHPC,7/23/2025,225.0,237.0,225.0,233.71,3.79,487644.0,340.0,179.7
NHPC,7/24/2025,235.0,237.9,231.0,232.49,-0.52,203954.0,340.0,179.7
NHPC,7/27/2025,237.0,237.0,224.0,225.49,-3.01,345249.0,340.0,179.7
NHPC,7/28/2025,229.9,229.9,220.0,225.04,-0.2,221685.0,340.0,179.7
NHPC,7/29/2025,229.5,229.5,223.5,224.24,-0.36,158782.0,340.0,179.7
NHPC,7/30/2025,228.7,228.7,219.6,220.19,-1.81,149714.0,340.0,179.7
NHPC,7/31/2025,221.0,222.5,217.6,218.24,-0.89,143683.0,340.0,179.7
NHPC,8/3/2025,216.4,220.0,215.0,215.71,-1.16,144773.0,340.0,179.7
NHPC,8/4/2025,211.4,222.0,211.4,217.16,0.67,98824.0,340.0,179.7
NHPC,8/5/2025,218.7,218.9,213.0,213.21,-1.82,96407.0,340.0,179.7
NHPC,8/6/2025,215.0,216.0,213.0,213.58,0.17,66548.0,340.0,179.7
NHPC,8/7/2025,217.8,219.3,214.0,215.95,1.11,77677.0,340.0,179.7
NHPC,8/11/2025,219.0,219.0,213.1,214.21,-0.81,106682.0,340.0,179.7
NHPC,8/12/2025,216.0,216.0,211.0,211.47,-1.28,101170.0,340.0,179.7
NHPC,8/13/2025,211.0,214.5,210.0,210.56,-0.43,65560.0,340.0,179.7
NHPC,8/14/2025,206.4,213.5,206.4,211.9,0.64,61452.0,340.0,179.7
NHPC,8/17/2025,214.0,215.0,208.0,208.48,-1.61,93318.0,340.0,179.7
NHPC,8/18/2025,204.4,212.7,204.4,211.15,1.28,50586.0,340.0,179.7
NHPC,8/19/2025,207.0,219.6,207.0,211.04,-0.05,30100.0,340.0,179.7
NHPC,8/20/2025,209.0,213.0,209.0,210.55,-0.23,70916.0,340.0,179.7
NHPC,8/21/2025,208.0,212.6,208.0,209.02,-0.73,47411.0,340.0,179.7
NHPC,8/24/2025,211.0,211.0,207.0,207.95,-0.51,51889.0,340.0,179.7
NHPC,8/25/2025,210.0,210.0,206.3,208.09,0.07,54480.0,340.0,179.7
NHPC,8/26/2025,211.0,211.0,206.3,207.13,-0.46,53555.0,340.0,179.7
NHPC,8/27/2025,203.0,212.0,203.0,211.37,2.05,59349.0,340.0,179.7
NHPC,8/28/2025,211.0,212.0,207.1,207.22,-1.96,89957.0,340.0,179.7
NHPC,8/31/2025,203.1,210.0,203.1,205.74,-0.71,61378.0,340.0,179.7
NHPC,9/1/2025,208.9,208.9,204.2,204.91,-0.4,41369.0,340.0,179.7
NHPC,9/2/2025,209.0,209.0,203.2,203.54,-0.67,34770.0,340.0,179.7
NHPC,9/3/2025,207.6,207.6,203.2,203.44,-0.05,57793.0,340.0,179.7
NHPC,9/4/2025,199.4,205.0,199.4,203.65,0.1,57595.0,340.0,179.7
NHPC,9/7/2025,205.0,205.0,201.2,202.0,-0.81,39348.0,340.0,179.7
NHPC,9/8/2025,200.1,202.0,197.1,198.39,-1.79,58381.0,340.0,179.7
NHPC,9/18/2025,195.0,195.0,178.6,178.6,-9.98,2425.0,340.0,179.7
NHPC,9/21/2025,179.0,196.4,179.0,196.4,9.97,118095.0,340.0,179.7
NHPC,9/23/2025,200.3,209.6,197.0,205.5,4.63,92836.0,340.0,179.7
NHPC,9/24/2025,208.0,208.0,199.6,200.1,-2.63,66447.0,340.0,179.7
NHPC,9/25/2025,204.0,204.0,198.1,200.0,-0.05,78352.0,340.0,179.7
NHPC,9/28/2025,202.0,203.0,198.5,200.0,0.0,42203.0,340.0,179.7
NHPC,10/7/2025,204.0,204.0,194.5,196.1,-1.95,50147.0,340.0,179.7
NHPC,10/8/2025,200.0,200.0,188.5,194.0,-1.07,61163.0,340.0,179.7
NHPC,10/9/2025,197.8,210.0,197.0,198.0,2.06,60681.0,340.0,179.7
NHPC,10/12/2025,199.0,199.0,190.0,192.0,-3.03,71118.0,340.0,179.7
NHPC,10/13/2025,189.0,195.8,189.0,195.0,1.56,43244.0,340.0,179.7
NHPC,10/14/2025,195.0,195.1,187.0,190.0,-2.56,48728.0,340.0,179.7
NHPC,10/15/2025,193.8,193.8,182.5,184.9,-2.68,56312.0,340.0,179.7
NHPC,10/16/2025,187.0,188.0,180.4,185.0,0.05,42597.0,340.0,179.7
NHPC,10/19/2025,188.7,189.0,179.7,186.9,1.03,29689.0,340.0,179.7
NHPC,10/26/2025,183.2,187.0,182.0,186.0,-0.48,22091.0,340.0,179.7
NHPC,10/28/2025,188.0,193.0,185.0,192.0,3.23,47225.0,340.0,179.7
NHPC,10/29/2025,195.0,196.0,189.0,192.0,0.0,46271.0,340.0,179.7
NHPC,10/30/2025,191.0,195.0,190.0,194.0,1.04,28110.0,340.0,179.7
NHPC,11/2/2025,194.0,202.0,194.0,202.0,4.12,92586.0,340.0,179.7
NHPC,11/3/2025,200.0,204.0,195.2,197.0,-2.48,40077.0,340.0,179.7
NHPC,11/4/2025,197.0,198.0,193.6,194.0,-1.52,38881.0,340.0,179.7
NHPC,11/5/2025,195.0,196.5,192.2,194.9,0.46,20334.0,340.0,179.7
NHPC,11/6/2025,198.7,198.7,190.3,193.0,-0.97,39036.0,340.0,179.7
NHPC,11/9/2025,189.2,192.0,189.2,191.0,-1.04,26904.0,340.0,179.7
NHPC,11/10/2025,194.0,194.0,189.0,190.0,-0.52,17670.0,340.0,179.7
NHPC,11/11/2025,193.8,193.8,189.2,191.5,0.79,30752.0,340.0,179.7
NHPC,11/12/2025,188.2,191.9,187.3,189.0,-1.31,38788.0,340.0,179.7
NHPC,11/13/2025,187.1,190.8,187.0,187.2,-0.95,30639.0,340.0,179.7
NHPC,11/16/2025,188.0,190.0,186.2,188.0,0.43,18180.0,340.0,179.7
NHPC,11/17/2025,187.0,190.5,187.0,189.0,0.53,15971.0,340.0,179.7
NHPC,11/18/2025,191.0,192.3,190.0,190.2,0.63,19027.0,340.0,179.7
NHPC,11/19/2025,192.0,192.0,187.2,187.9,-1.21,8090.0,340.0,179.7
NHPC,11/20/2025,191.0,191.0,186.0,188.0,0.05,35452.0,340.0,179.7
NHPC,11/23/2025,191.7,195.0,190.0,193.7,3.03,35577.0,340.0,179.7
NHPC,11/24/2025,194.0,196.3,192.0,195.9,1.14,54147.0,340.0,179.7
NHPC,11/25/2025,195.9,197.4,194.1,196.0,0.05,63803.0,340.0,179.7
NHPC,11/26/2025,199.9,199.9,194.9,194.9,-0.56,49930.0,340.0,179.7
NHPC,11/27/2025,194.0,206.0,191.5,197.8,1.49,56534.0,340.0,179.7
NHPC,11/30/2025,194.0,199.0,191.1,193.0,-2.43,82414.0,340.0,179.7
NHPC,12/1/2025,192.0,194.0,190.2,192.0,-0.52,38554.0,340.0,179.7
NHPC,12/2/2025,190.1,195.6,190.0,191.9,-0.05,26732.0,340.0,179.7
NHPC,12/3/2025,195.7,195.7,188.0,191.0,-0.47,45943.0,340.0,179.7
NHPC,12/7/2025,188.0,191.9,188.0,189.9,-0.58,32757.0,340.0,179.7
NHPC,12/8/2025,188.0,190.0,187.2,189.0,-0.47,28558.0,340.0,179.7
NHPC,12/9/2025,190.0,191.0,186.5,187.7,-0.69,24420.0,340.0,179.7
NHPC,12/10/2025,187.8,189.0,187.0,187.5,-0.11,18910.0,340.0,179.7
NHPC,12/11/2025,187.1,189.0,186.0,187.0,-0.27,42669.0,340.0,179.7
NHPC,12/14/2025,186.0,188.9,186.0,186.3,-0.37,38485.0,340.0,179.7
NHPC,12/15/2025,187.0,189.0,186.0,186.8,0.27,24284.0,340.0,179.7
NHPC,12/16/2025,185.3,189.6,185.3,189.5,1.45,42034.0,340.0,179.7
NHPC,12/17/2025,191.0,191.0,188.0,189.0,-0.26,16065.0,340.0,179.7
NHPC,12/18/2025,190.8,190.8,186.4,187.0,-1.06,24779.0,340.0,179.7
NHPC,12/21/2025,186.0,188.0,184.0,185.0,-1.07,41269.0,340.0,179.7
NHPC,12/22/2025,185.0,185.0,183.0,183.9,-0.59,13364.0,340.0,179.7
NHPC,12/23/2025,183.9,185.1,182.1,183.0,-0.49,36824.0,340.0,179.7
NHPC,12/24/2025,183.0,190.8,183.0,190.8,4.26,75633.0,340.0,179.7
NHPC,12/28/2025,192.0,195.0,190.0,193.9,1.62,86714.0,340.0,179.7
NHPC,12/29/2025,190.1,194.9,189.2,190.0,-2.01,49945.0,340.0,179.7
NHPC,12/31/2025,187.0,194.0,187.0,190.9,0.47,30440.0,340.0,179.7
NHPC,1/1/2026,194.7,194.7,186.2,187.9,-1.57,40388.0,340.0,179.7
NHPC,1/4/2026,187.9,188.0,185.0,186.0,-1.01,14848.0,340.0,179.7
NHPC,1/5/2026,182.3,189.0,182.3,188.8,1.51,42321.0,340.0,179.7
NHPC,1/6/2026,188.8,190.5,187.0,188.0,-0.42,56190.0,340.0,179.7
NHPC,1/7/2026,189.9,189.9,185.0,185.3,-1.44,67441.0,340.0,179.7
NHPC,1/8/2026,186.0,191.8,185.0,190.3,2.7,97147.0,340.0,179.7
NHPC,1/12/2026,191.0,191.9,187.0,188.0,-1.21,20728.0,340.0,179.7
NHPC,1/13/2026,188.0,191.5,186.6,190.4,1.28,56630.0,340.0,179.7
NHPC,1/14/2026,194.2,194.2,187.2,187.8,-1.37,53912.0,340.0,179.7
NHPC,1/18/2026,188.0,192.9,188.0,190.0,1.17,65807.0,340.0,179.7
NHPC,1/20/2026,192.0,204.0,191.3,203.9,7.32,331894.0,340.0,179.7
NHPC,1/21/2026,207.9,211.1,202.2,205.1,0.59,276853.0,340.0,179.7
NHPC,1/22/2026,207.2,215.0,207.2,214.1,4.39,343468.0,340.0,179.7
NHPC,1/25/2026,218.3,223.1,213.0,220.9,3.18,379609.0,340.0,179.7
NHPC,1/26/2026,220.9,224.8,212.0,214.0,-3.12,333794.0,340.0,179.7
NHPC,1/27/2026,218.0,219.0,206.1,207.0,-3.27,357375.0,340.0,179.7
NHPC,1/28/2026,206.5,209.1,204.0,206.0,-0.48,161950.0,340.0,179.7
NHPC,1/29/2026,210.0,225.5,210.0,216.9,5.29,883953.0,340.0,179.7
NHPC,2/1/2026,221.2,224.4,212.8,215.0,-0.88,199067.0,340.0,179.7
NHPC,2/2/2026,216.0,217.0,211.2,211.4,-1.67,100391.0,340.0,179.7
NHPC,2/3/2026,215.6,216.0,205.0,205.7,-2.7,257839.0,340.0,179.7
NHPC,2/4/2026,209.8,213.9,204.0,207.0,0.63,96037.0,340.0,179.7
NHPC,2/5/2026,206.1,218.4,206.0,215.8,4.25,324728.0,340.0,179.7
NHPC,2/8/2026,219.0,224.0,217.0,217.0,0.56,483728.0,340.0,179.7
NHPC,2/9/2026,217.0,235.0,213.0,229.8,5.9,1072249.0,340.0,179.7
NHPC,2/10/2026,234.3,239.0,223.0,227.0,-1.22,615293.0,340.0,179.7
NHPC,2/11/2026,231.5,232.4,223.0,229.0,0.88,305661.0,340.0,179.7
NHPC,2/12/2026,233.0,241.8,229.0,234.5,2.4,1205239.0,340.0,179.7
NHPC,2/16/2026,238.7,248.5,229.2,230.1,-1.88,955179.0,340.0,179.7
NHPC,2/17/2026,230.0,234.0,218.0,218.0,-5.26,500742.0,340.0,179.7
NHPC,2/22/2026,220.0,220.0,211.0,212.0,-2.75,297291.0,340.0,179.7
NHPC,2/23/2026,216.0,218.8,210.2,212.2,0.09,215340.0,340.0,179.7
NHPC,2/24/2026,215.9,215.9,213.0,215.0,1.32,90498.0,340.0,179.7
NHPC,2/25/2026,217.0,225.0,215.0,223.3,3.86,273938.0,340.0,179.7
NHPC,2/26/2026,227.7,227.7,220.0,224.0,0.31,153366.0,340.0,179.7
NHPC,2/27/2026,227.7,227.7,220.0,224.0,0.0,153366.0,340.0,179.7
NHPC,2/28/2026,227.7,227.7,220.0,224.0,0.0,153366.0,340.0,179.7
NHPC,3/2/2026,220.0,224.0,215.7,222.1,-0.85,146344.0,340.0,179.7
NHPC,3/3/2026,220.0,227.4,219.0,226.6,2.03,261553.0,340.0,179.7
NHPC,3/4/2026,220.0,227.4,219.0,226.6,0.0,261553.0,340.0,179.7
NHPC,3/5/2026,220.0,227.4,219.0,226.6,0.0,261553.0,340.0,179.7
NHPC,3/6/2026,220.0,227.4,219.0,226.6,0.0,261553.0,340.0,179.7
NHPC,3/7/2026,220.0,227.4,219.0,226.6,0.0,261553.0,340.0,179.7
NHPC,3/8/2026,220.0,227.4,219.0,226.6,0.0,261553.0,340.0,179.7
NHPC,3/9/2026,231.0,249.2,231.0,241.0,6.35,18680.0,340.0,179.7
NHPC,3/10/2026,244.2,244.2,230.5,239.9,-0.46,794521.0,340.0,179.7
NHPC,3/11/2026,244.0,263.8,237.0,263.8,9.96,1901186.0,340.0,179.7
NHPC,3/12/2026,269.0,290.1,269.0,290.1,9.97,2354251.0,340.0,179.7
NHPC,3/13/2026,269.0,290.1,269.0,290.1,0.0,2354251.0,340.0,179.7
NHPC,3/14/2026,269.0,290.1,269.0,290.1,0.0,2354251.0,340.0,179.7
NHPC,3/15/2026,295.0,295.0,277.0,281.9,-2.83,2200661.0,340.0,179.7
NHPC,3/16/2026,283.0,303.5,279.4,297.0,5.36,2272245.0,340.0,179.7
NHPC,3/17/2026,300.0,313.9,297.0,299.2,0.74,1577627.0,340.0,179.7
NHPC,3/18/2026,300.0,313.9,297.0,299.2,0.0,1577627.0,340.0,179.7
NHPC,3/19/2026,300.0,327.4,296.0,312.0,4.28,2169302.0,340.0,179.7
NHPC,3/20/2026,300.0,327.4,296.0,312.0,0.0,2169302.0,340.0,179.7
NHPC,3/21/2026,300.0,327.4,296.0,312.0,0.0,2169302.0,340.0,179.7
NHPC,3/22/2026,318.2,325.3,305.0,315.0,0.96,2477027.0,340.0,179.7
NHPC,3/23/2026,308.7,309.8,299.0,307.8,-2.29,1893855.0,340.0,179.7
NHPC,3/24/2026,309.0,312.0,302.0,303.4,-1.43,753305.0,340.0,179.7
NHPC,3/25/2026,309.0,309.0,298.0,301.2,-0.73,691946.0,340.0,179.7
NHPC,3/26/2026,304.5,328.7,300.0,320.0,5.09,1483331.0,340.0,179.7
NHPC,3/29/2026,320.0,326.0,309.1,310.0,-3.12,1457856.0,340.0,179.7
NHPC,3/30/2026,310.0,317.8,297.0,301.0,-2.9,1232243.0,340.0,179.7
NHPC,3/31/2026,301.0,305.0,284.8,293.0,-2.66,1080618.0,340.0,179.7
NHPC,4/1/2026,294.0,294.0,269.1,272.0,-7.48,1102318.0,340.0,179.7
NHPC,4/2/2026,272.0,286.0,262.0,276.8,1.76,874968.0,340.0,179.7
NHPC,4/5/2026,277.0,277.0,249.2,251.0,-9.39,1437001.0,340.0,179.7
NHPC,4/6/2026,256.0,276.1,251.0,276.1,7.85,991527.0,340.0,179.7
NHPC,4/7/2026,280.0,287.0,272.0,276.0,-1.43,843664.0,340.0,179.7
NHPC,4/8/2026,276.0,289.7,271.0,288.0,4.35,1066106.0,340.0,179.7
NHPC,4/9/2026,293.0,315.0,288.2,307.0,4.78,1439197.0,340.0,179.7
NHPC,4/10/2026,301.0,316.6,301.0,310.5,3.16,1641255.0,340.0,179.7
NHPC,4/13/2026,313.0,334.5,310.8,331.2,5.81,2854266.0,340.0,179.7
NHPC,4/15/2026,332.0,340.0,324.1,324.9,-2.14,1728398.0,340.0,179.7
NHPC,4/16/2026,325.0,326.0,317.0,318.9,-1.88,1732317.0,340.0,179.7
NHPC,4/17/2026,318.0,326.0,309.2,318.5,0.16,2116424.0,340.0,179.7
NHPC,4/20/2026,318.5,318.5,303.0,306.0,-3.92,938127.0,340.0,179.7
NHPC,4/21/2026,305.0,308.5,296.0,298.0,-2.3,777373.0,340.0,179.7
NHPC,4/22/2026,300.0,319.9,292.0,310.0,3.33,1359116.0,340.0,179.7
NHPC,4/23/2026,325.0,325.0,303.0,307.0,-5.54,606389.0,340.0,179.7
NHPC,4/24/2026,300.0,314.1,300.0,312.5,4.17,790498.0,340.0,179.7
NHPC,4/27/2026,310.0,316.0,306.0,306.5,-1.13,479172.0,340.0,179.7
NHPC,4/28/2026,310.0,310.0,296.0,297.0,-4.19,698140.0,340.0,179.7
NHPC,4/29/2026,297.0,300.0,288.0,290.0,-2.36,596044.0,340.0,179.7
NHPC,4/30/2026,293.0,299.9,279.1,296.0,1.02,669730.0,340.0,179.7
NHPC,5/4/2026,296.0,299.7,278.1,283.0,-4.39,547062.0,340.0,179.7
NHPC,5/5/2026,283.0,290.2,276.2,282.3,-0.25,404132.0,340.0,179.7
NHPC,5/6/2026,288.0,288.0,276.0,276.1,-4.13,530163.0,340.0,179.7
NHPC,5/7/2026,262.3,280.0,262.3,273.0,4.08,526682.0,340.0,179.7
NHPC,5/8/2026,285.0,285.0,274.2,283.1,-0.67,267595.0,340.0,179.7
NHPC,5/11/2026,286.0,299.0,285.0,296.5,3.67,598013.0,340.0,179.7
NHPC,5/12/2026,300.0,302.0,283.0,285.0,-5.0,656163.0,340.0,179.7
NHPC,5/13/2026,299.2,299.2,278.5,284.9,-4.78,290526.0,340.0,179.7
NHPC,5/14/2026,286.0,286.0,280.0,284.0,-0.7,173663.0,340.0,179.7
NHPC,5/15/2026,280.0,289.7,280.0,281.0,0.36,300605.0,340.0,179.7
NHPC,5/18/2026,282.2,285.0,280.0,281.0,-0.43,187372.0,340.0,179.7
NHPC,5/19/2026,282.0,284.0,276.1,279.3,-0.96,214996.0,340.0,179.7
NHPC,5/20/2026,265.4,289.9,265.4,289.9,9.23,348979.0,340.0,179.7
NHPC,5/21/2026,303.0,303.0,283.0,288.5,-4.79,245588.0,340.0,179.7
NHPC,5/22/2026,289.0,297.6,286.0,295.0,2.08,550729.0,340.0,179.7
NHPC,5/25/2026,309.7,309.7,295.0,297.0,-4.1,507480.0,340.0,179.7
NHPC,5/26/2026,297.0,299.7,291.0,293.0,-1.35,269806.0,340.0,179.7
NHPC,5/27/2026,280.0,305.0,280.0,301.0,7.5,1073288.0,340.0,179.7
NHPC,6/1/2026,299.0,307.0,292.0,295.0,-1.34,552680.0,340.0,179.7
NHPC,6/2/2026,299.0,299.0,293.0,294.9,-1.37,297400.0,340.0,179.7
NHPC,6/3/2026,309.6,309.6,286.6,293.5,-5.2,431485.0,340.0,179.7
NHPC,6/4/2026,296.9,297.0,286.3,286.3,-3.57,267468.0,340.0,179.7
NHPC,6/5/2026,275.0,291.9,275.0,283.5,3.09,255608.0,340.0,179.7
NHPC,6/8/2026,280.0,284.0,278.0,281.0,0.36,323318.0,340.0,179.7
NHPC,6/9/2026,283.9,289.0,276.1,287.0,1.09,347718.0,340.0,179.7
NHPC,6/10/2026,287.0,290.0,283.0,285.0,-0.7,179341.0,340.0,179.7
NHPC,6/11/2026,287.7,287.7,280.2,282.0,-1.98,154586.0,340.0,179.7
NHPC,6/12/2026,283.0,289.0,280.3,283.1,0.04,267800.0,340.0,179.7
NHPC,6/15/2026,283.5,287.0,279.5,282.0,-0.53,245858.0,340.0,179.7
NHPC,6/16/2026,282.0,283.0,278.4,280.0,-0.71,232398.0,340.0,179.7
NHPC,6/17/2026,294.0,294.0,278.0,280.0,-4.76,136759.0,340.0,179.7
NHPC,6/18/2026,280.1,287.0,280.0,281.0,0.32,229727.0,340.0,179.7
NHPC,6/19/2026,295.0,295.0,280.0,280.3,-4.98,225907.0,340.0,179.7
NHPC,6/22/2026,284.0,284.0,278.4,279.3,-1.65,195439.0,340.0,179.7
NHPC,6/23/2026,278.2,280.7,270.1,271.0,-2.59,306360.0,340.0,179.7
NHPC,6/24/2026,272.0,274.5,262.0,271.7,-0.11,306086.0,340.0,179.7
NHPC,6/26/2026,266.0,270.0,262.3,265.7,-0.11,141420.0,340.0,179.7
NHPC,6/29/2026,278.9,278.9,261.0,262.0,-6.06,97288.0,340.0,179.7
NHPC,6/30/2026,264.8,264.8,250.0,255.0,-3.7,205607.0,340.0,179.7
NHPC,7/1/2026,255.0,268.8,255.0,265.9,4.27,224002.0,340.0,179.7
NHPC,7/2/2026,265.9,268.0,260.0,264.7,-0.45,105470.0,340.0,179.7
NHPC,7/3/2026,270.0,270.0,261.0,261.9,-3.0,84513.0,340.0,179.7
NHPC,7/6/2026,255.0,265.0,254.5,254.5,-0.2,110741.0,340.0,179.7
NHPC,7/7/2026,255.0,261.5,255.0,260.0,1.96,155050.0,340.0,179.7
NHPC,7/8/2026,260.0,262.9,252.6,255.0,-1.92,136233.0,340.0,179.7
NHPC,7/9/2026,257.9,257.9,250.0,253.0,-1.9,135613.0,340.0,179.7
NHPC,7/10/2026,256.0,257.7,251.0,253.0,-1.17,148326.0,340.0,179.7
NHPC,7/13/2026,255.0,255.8,246.1,248.0,-2.75,163376.0,340.0,179.7
NHPC,7/14/2026,251.9,253.6,240.0,247.5,-1.75,262303.0,340.0,179.7
NHPC,7/15/2026,254.9,254.9,242.5,249.9,-1.96,132466.0,340.0,179.7
NHPC,7/16/2026,257.0,257.0,242.6,243.0,-5.45,169424.0,340.0,179.7
NHPC,7/17/2026,245.9,270.0,245.9,269.0,9.39,426685.0,340.0,179.7
NHPC,7/20/2026,272.0,285.3,262.3,280.0,2.94,571209.0,340.0,179.7
NHPC,7/21/2026,285.0,287.0,277.0,282.9,-0.74,659711.0,340.0,179.7
NHPC,7/22/2026,297.0,297.0,280.0,285.4,-3.91,559326.0,340.0,179.7
NHPC,7/23/2026,299.0,299.0,281.1,284.0,-5.02,356524.0,340.0,179.7
NHPC,7/24/2026,298.0,298.0,280.0,280.4,-5.91,320535.0,340.0,179.7
NHPC,7/27/2026,272.0,282.0,267.0,269.9,-0.77,315028.0,340.0,179.7
NHPC,7/28/2026,283.0,283.0,265.0,268.0,-5.3,255472.0,340.0,179.7
NHPC,7/29/2026,260.0,273.0,260.0,267.6,2.92,131662.0,340.0,179.7
NHPC,7/30/2026,260.0,274.0,260.0,265.0,1.92,147186.0,340.0,179.7
NHPC,7/31/2026,260.0,271.8,260.0,269.4,3.62,164645.0,340.0,179.7
NHPC,8/3/2026,261.4,279.0,261.4,273.2,4.51,270002.0,340.0,179.7
NHPC,8/4/2026,273.2,283.8,270.2,279.0,2.12,594849.0,340.0,179.7
NHPC,8/5/2026,282.9,285.0,277.4,281.9,-0.35,322098.0,340.0,179.7
NHPC,8/6/2026,282.8,289.9,276.8,277.1,-2.02,683738.0,340.0,179.7
NHPC,8/7/2026,263.3,280.0,263.3,273.0,3.68,191698.0,340.0,179.7
NHPC,8/10/2026,260.0,278.0,260.0,272.2,4.69,227236.0,340.0,179.7
NHPC,8/11/2026,273.0,278.9,272.0,273.7,0.26,201232.0,340.0,179.7
NHPC,8/12/2026,260.3,276.9,260.3,271.9,4.46,123741.0,340.0,179.7
NHPC,8/13/2026,271.9,276.5,269.0,271.9,0.0,241188.0,340.0,179.7
NHPC,8/14/2026,258.4,274.9,258.4,268.0,3.72,219724.0,340.0,179.7
NHPC,8/17/2026,265.0,270.5,263.0,266.0,0.38,221133.0,340.0,179.7
NHPC,8/18/2026,252.7,269.0,252.7,261.9,3.64,195828.0,340.0,179.7
NHPC,8/19/2026,248.9,265.0,248.9,263.0,5.66,169326.0,340.0,179.7
NHPC,8/20/2026,265.4,272.0,260.0,272.0,2.49,193614.0,340.0,179.7
NHPC,8/21/2026,272.0,273.9,265.0,265.8,-2.28,200387.0,340.0,179.7
NHPC,8/24/2026,265.9,265.9,260.0,261.6,-1.62,108683.0,340.0,179.7
NHPC,8/25/2026,266.0,266.0,258.0,258.8,-2.71,127057.0,340.0,179.7
NHPC,8/26/2026,258.8,260.0,249.0,250.0,-3.4,329656.0,340.0,179.7
NHPC,8/27/2026,250.0,259.0,246.0,254.6,1.84,188666.0,340.0,179.7
NHPC,8/31/2026,254.0,254.0,245.0,248.0,-2.36,129856.0,340.0,179.7
NHPC,9/1/2026,250.0,257.0,247.1,251.8,0.72,151272.0,340.0,179.7
NHPC,9/2/2026,251.0,255.9,251.0,255.9,1.95,88957.0,340.0,179.7
NHPC,9/3/2026,254.9,257.5,252.6,254.0,-0.35,92558.0,340.0,179.7
NHPC,9/7/2026,250.0,259.0,250.0,257.0,2.8,159367.0,340.0,179.7
NHPC,9/9/2026,261.0,261.0,254.4,254.5,-2.49,97442.0,340.0,179.7
NHPC,9/10/2026,254.4,259.0,251.5,255.7,0.51,117146.0,340.0,179.7
NHPC,9/11/2026,257.9,265.0,255.0,264.6,2.6,291214.0,340.0,179.7
NHPC,9/14/2026,264.6,269.5,260.2,263.0,-0.6,152642.0,340.0,179.7
NHPC,9/15/2026,276.0,283.0,266.0,267.5,-3.08,284481.0,340.0,179.7
NHPC,9/16/2026,269.0,270.0,261.7,263.7,-1.97,194518.0,340.0,179.7
NHPC,9/17/2026,269.0,270.0,264.0,265.0,-1.49,142101.0,340.0,179.7
NHPC,9/18/2026,265.1,273.5,263.2,272.9,2.94,272771.0,340.0,179.7
NHPC,9/22/2026,274.9,279.0,270.5,274.0,-0.33,317874.0,340.0,179.7
NHPC,9/23/2026,261.0,278.9,261.0,267.0,2.3,240865.0,340.0,179.7
NHPC,9/24/2026,265.0,268.0,263.0,265.5,0.19,205784.0,340.0,179.7
NHPC,9/28/2026,276.0,276.0,260.0,260.1,-5.76,128631.0,340.0,179.7
NHPC,9/29/2026,272.1,272.1,259.0,0.0,-100.0,76193.0,340.0,179.7
NHPC,9/30/2026,262.0,265.0,260.0,260.0,-0.76,91812.0,340.0,179.7
NHPC,10/1/2026,263.9,268.8,258.1,261.6,-0.87,199421.0,340.0,179.7
NHPC,10/2/2026,263.9,266.0,260.0,260.3,-1.36,118285.0,340.0,179.7
NIB,3/24/2011,600.0,601.0,591.0,598.0,,1158.0,1224.0,211.0
NIB,3/25/2011,598.0,600.0,590.0,590.0,-1.34,2418.0,1224.0,211.0
NIB,3/27/2011,590.0,585.0,567.0,567.0,-3.9,2004.0,1224.0,211.0
NIB,3/28/2011,567.0,560.0,544.0,555.0,-2.12,1916.0,1224.0,211.0
NIB,3/29/2011,555.0,545.0,535.0,545.0,-1.8,1173.0,1224.0,211.0
NIB,3/30/2011,545.0,555.0,547.0,555.0,1.83,344.0,1224.0,211.0
NIB,3/31/2011,555.0,569.0,550.0,550.0,-0.9,2765.0,1224.0,211.0
NIB,4/4/2011,550.0,561.0,546.0,547.0,-0.55,1165.0,1224.0,211.0
NIB,4/5/2011,547.0,555.0,530.0,539.0,-1.46,1550.0,1224.0,211.0
NIB,4/6/2011,539.0,545.0,536.0,536.0,-0.56,694.0,1224.0,211.0
NIB,4/7/2011,536.0,540.0,529.0,536.0,0.0,1176.0,1224.0,211.0
NIB,4/10/2011,536.0,546.0,529.0,529.0,-1.31,410.0,1224.0,211.0
NIB,4/11/2011,529.0,535.0,530.0,531.0,0.38,983.0,1224.0,211.0
NIB,4/13/2011,531.0,535.0,535.0,535.0,0.75,50.0,1224.0,211.0
NIB,4/17/2011,535.0,530.0,525.0,530.0,-0.93,394.0,1224.0,211.0
NIB,4/18/2011,530.0,525.0,525.0,525.0,-0.94,183.0,1224.0,211.0
NIB,4/19/2011,525.0,520.0,520.0,520.0,-0.95,92.0,1224.0,211.0
NIB,4/20/2011,520.0,530.0,530.0,530.0,1.92,50.0,1224.0,211.0
NIB,4/21/2011,530.0,540.0,530.0,540.0,1.89,112.0,1224.0,211.0
NIB,4/26/2011,540.0,535.0,535.0,535.0,-0.93,115.0,1224.0,211.0
NIB,4/27/2011,535.0,540.0,528.0,532.0,-0.56,1654.0,1224.0,211.0
NIB,4/28/2011,532.0,535.0,525.0,525.0,-1.32,551.0,1224.0,211.0
NIB,5/2/2011,525.0,531.0,525.0,525.0,0.0,468.0,1224.0,211.0
NIB,5/3/2011,525.0,525.0,505.0,507.0,-3.43,1442.0,1224.0,211.0
NIB,5/4/2011,507.0,510.0,500.0,500.0,-1.38,1256.0,1224.0,211.0
NIB,5/5/2011,500.0,503.0,502.0,503.0,0.6,508.0,1224.0,211.0
NIB,5/8/2011,503.0,513.0,510.0,510.0,1.39,330.0,1224.0,211.0
NIB,5/9/2011,510.0,510.0,510.0,510.0,0.0,135.0,1224.0,211.0
NIB,5/10/2011,510.0,529.0,520.0,520.0,1.96,703.0,1224.0,211.0
NIB,5/12/2011,520.0,521.0,521.0,521.0,0.19,86.0,1224.0,211.0
NIB,5/15/2011,521.0,550.0,530.0,550.0,5.57,455.0,1224.0,211.0
NIB,5/16/2011,550.0,561.0,549.0,549.0,-0.18,1087.0,1224.0,211.0
NIB,5/18/2011,549.0,549.0,511.0,511.0,-6.92,1467.0,1224.0,211.0
NIB,5/19/2011,511.0,520.0,502.0,510.0,-0.2,1034.0,1224.0,211.0
NIB,5/22/2011,510.0,511.0,500.0,507.0,-0.59,1782.0,1224.0,211.0
NIB,5/23/2011,507.0,510.0,500.0,500.0,-1.38,2127.0,1224.0,211.0
NIB,5/24/2011,500.0,510.0,505.0,505.0,1.0,300.0,1224.0,211.0
NIB,5/25/2011,505.0,500.0,500.0,500.0,-0.99,200.0,1224.0,211.0
NIB,5/26/2011,500.0,510.0,510.0,510.0,2.0,300.0,1224.0,211.0
NIB,5/30/2011,510.0,519.0,519.0,519.0,1.76,100.0,1224.0,211.0
NIB,5/31/2011,519.0,515.0,490.0,490.0,-5.59,2772.0,1224.0,211.0
NIB,6/1/2011,490.0,498.0,492.0,497.0,1.43,304.0,1224.0,211.0
NIB,6/2/2011,497.0,500.0,490.0,497.0,0.0,245.0,1224.0,211.0
NIB,6/5/2011,497.0,489.0,480.0,485.0,-2.41,778.0,1224.0,211.0
NIB,6/6/2011,485.0,490.0,472.0,478.0,-1.44,579.0,1224.0,211.0
NIB,6/7/2011,478.0,473.0,460.0,460.0,-3.77,897.0,1224.0,211.0
NIB,6/8/2011,460.0,453.0,440.0,440.0,-4.35,1378.0,1224.0,211.0
NIB,6/9/2011,440.0,432.0,430.0,430.0,-2.27,522.0,1224.0,211.0
NIB,6/12/2011,430.0,425.0,422.0,425.0,-1.16,134.0,1224.0,211.0
NIB,6/13/2011,425.0,425.0,401.0,401.0,-5.65,1025.0,1224.0,211.0
NIB,6/14/2011,401.0,401.0,380.0,384.0,-4.24,2634.0,1224.0,211.0
NIB,6/15/2011,384.0,378.0,365.0,378.0,-1.56,1398.0,1224.0,211.0
NIB,6/16/2011,378.0,415.0,380.0,415.0,9.79,1200.0,1224.0,211.0
NIB,6/19/2011,415.0,448.0,423.0,448.0,7.95,820.0,1224.0,211.0
NIB,6/20/2011,415.0,448.0,423.0,448.0,0.0,820.0,1224.0,211.0
NIB,6/21/2011,448.0,492.0,457.0,492.0,9.82,820.0,1224.0,211.0
NIB,6/23/2011,492.0,541.0,501.0,541.0,9.96,7166.0,1224.0,211.0
NIB,6/26/2011,541.0,595.0,494.0,494.0,-8.69,4703.0,1224.0,211.0
NIB,6/27/2011,494.0,485.0,446.0,446.0,-9.72,419.0,1224.0,211.0
NIB,6/29/2011,446.0,481.0,432.0,475.0,6.5,2604.0,1224.0,211.0
NIB,6/30/2011,475.0,489.0,471.0,481.0,1.26,1210.0,1224.0,211.0
NIB,7/3/2011,481.0,475.0,460.0,460.0,-4.37,1618.0,1224.0,211.0
NIB,7/4/2011,460.0,465.0,450.0,465.0,1.09,6115.0,1224.0,211.0
NIB,7/5/2011,465.0,472.0,450.0,471.0,1.29,12111.0,1224.0,211.0
NIB,7/6/2011,471.0,511.0,465.0,485.0,2.97,2083.0,1224.0,211.0
NIB,7/7/2011,485.0,485.0,470.0,472.0,-2.68,2005.0,1224.0,211.0
NIB,7/10/2011,472.0,499.0,472.0,482.0,2.12,2518.0,1224.0,211.0
NIB,7/11/2011,482.0,500.0,474.0,496.0,2.9,3964.0,1224.0,211.0
NIB,7/12/2011,496.0,509.0,498.0,500.0,0.81,4255.0,1224.0,211.0
NIB,7/13/2011,500.0,548.0,506.0,506.0,1.2,2985.0,1224.0,211.0
NIB,7/14/2011,506.0,520.0,510.0,515.0,1.78,4268.0,1224.0,211.0
NIB,7/17/2011,515.0,555.0,525.0,555.0,7.77,92.0,1224.0,211.0
NIB,7/18/2011,555.0,588.0,520.0,520.0,-6.31,6026.0,1224.0,211.0
NIB,7/19/2011,520.0,550.0,520.0,550.0,5.77,1843.0,1224.0,211.0
NIB,7/20/2011,550.0,572.0,550.0,569.0,3.45,5887.0,1224.0,211.0
NIB,7/21/2011,569.0,580.0,557.0,560.0,-1.58,3386.0,1224.0,211.0
NIB,7/24/2011,560.0,550.0,519.0,530.0,-5.36,3447.0,1224.0,211.0
NIB,7/25/2011,530.0,529.0,510.0,529.0,-0.19,824.0,1224.0,211.0
NIB,7/26/2011,529.0,525.0,500.0,515.0,-2.65,2584.0,1224.0,211.0
NIB,7/27/2011,515.0,550.0,510.0,550.0,6.8,3380.0,1224.0,211.0
NIB,7/28/2011,550.0,539.0,527.0,528.0,-4.0,1872.0,1224.0,211.0
NIB,7/31/2011,528.0,529.0,520.0,526.0,-0.38,698.0,1224.0,211.0
NIB,8/1/2011,526.0,530.0,516.0,530.0,0.76,2719.0,1224.0,211.0
NIB,8/2/2011,530.0,526.0,516.0,516.0,-2.64,1408.0,1224.0,211.0
NIB,8/3/2011,516.0,524.0,524.0,524.0,1.55,155.0,1224.0,211.0
NIB,8/4/2011,524.0,526.0,515.0,515.0,-1.72,2935.0,1224.0,211.0
NIB,8/7/2011,515.0,525.0,524.0,525.0,1.94,514.0,1224.0,211.0
NIB,8/8/2011,525.0,524.0,511.0,514.0,-2.1,1726.0,1224.0,211.0
NIB,8/9/2011,514.0,515.0,508.0,510.0,-0.78,1192.0,1224.0,211.0
NIB,8/10/2011,510.0,527.0,512.0,527.0,3.33,2627.0,1224.0,211.0
NIB,8/11/2011,527.0,529.0,517.0,529.0,0.38,569.0,1224.0,211.0
NIB,8/15/2011,529.0,530.0,520.0,521.0,-1.51,314.0,1224.0,211.0
NIB,8/16/2011,521.0,534.0,517.0,525.0,0.77,2077.0,1224.0,211.0
NIB,8/17/2011,525.0,531.0,516.0,523.0,-0.38,3149.0,1224.0,211.0
NIB,8/18/2011,523.0,540.0,513.0,540.0,3.25,4428.0,1224.0,211.0
NIB,8/22/2011,540.0,545.0,530.0,536.0,-0.74,1779.0,1224.0,211.0
NIB,8/23/2011,536.0,545.0,527.0,545.0,1.68,3724.0,1224.0,211.0
NIB,8/24/2011,545.0,552.0,539.0,542.0,-0.55,1212.0,1224.0,211.0
NIB,8/25/2011,542.0,535.0,520.0,525.0,-3.14,865.0,1224.0,211.0
NIB,8/28/2011,525.0,516.0,505.0,509.0,-3.05,971.0,1224.0,211.0
NIB,8/29/2011,509.0,517.0,500.0,517.0,1.57,1399.0,1224.0,211.0
NIB,8/30/2011,517.0,534.0,525.0,528.0,2.13,1003.0,1224.0,211.0
NIB,9/1/2011,528.0,540.0,530.0,530.0,0.38,814.0,1224.0,211.0
NIB,9/4/2011,530.0,525.0,516.0,520.0,-1.89,1879.0,1224.0,211.0
NIB,9/5/2011,520.0,520.0,509.0,514.0,-1.15,1014.0,1224.0,211.0
NIB,9/6/2011,514.0,510.0,504.0,504.0,-1.95,1052.0,1224.0,211.0
NIB,9/7/2011,504.0,505.0,500.0,500.0,-0.79,1691.0,1224.0,211.0
NIB,9/8/2011,500.0,505.0,495.0,500.0,0.0,1259.0,1224.0,211.0
NIB,9/12/2011,500.0,500.0,481.0,481.0,-3.8,681.0,1224.0,211.0
NIB,9/13/2011,481.0,475.0,472.0,475.0,-1.25,970.0,1224.0,211.0
NIB,9/14/2011,475.0,472.0,463.0,465.0,-2.11,3976.0,1224.0,211.0
NIB,9/15/2011,465.0,472.0,459.0,465.0,0.0,906.0,1224.0,211.0
NIB,9/18/2011,465.0,466.0,465.0,465.0,0.0,160.0,1224.0,211.0
NIB,9/19/2011,465.0,472.0,455.0,472.0,1.51,644.0,1224.0,211.0
NIB,9/20/2011,472.0,475.0,463.0,475.0,0.64,2361.0,1224.0,211.0
NIB,9/21/2011,475.0,490.0,484.0,490.0,3.16,1125.0,1224.0,211.0
NIB,9/22/2011,490.0,539.0,499.0,539.0,10.0,7553.0,1224.0,211.0
NIB,9/25/2011,539.0,592.0,549.0,573.0,6.31,13866.0,1224.0,211.0
NIB,9/26/2011,573.0,570.0,541.0,550.0,-4.01,8527.0,1224.0,211.0
NIB,9/27/2011,550.0,561.0,550.0,560.0,1.82,1777.0,1224.0,211.0
NIB,9/29/2011,560.0,558.0,545.0,554.0,-1.07,2240.0,1224.0,211.0
NIB,10/2/2011,554.0,559.0,554.0,556.0,0.36,1118.0,1224.0,211.0
NIB,10/10/2011,556.0,567.0,567.0,567.0,1.98,55.0,1224.0,211.0
NIB,10/12/2011,567.0,578.0,556.0,571.0,0.71,3587.0,1224.0,211.0
NIB,10/13/2011,571.0,570.0,550.0,562.0,-1.58,2204.0,1224.0,211.0
NIB,10/16/2011,562.0,567.0,555.0,566.0,0.71,2022.0,1224.0,211.0
NIB,10/17/2011,566.0,577.0,560.0,565.0,-0.18,1248.0,1224.0,211.0
NIB,10/18/2011,565.0,569.0,565.0,568.0,0.53,1002.0,1224.0,211.0
NIB,10/19/2011,568.0,577.0,557.0,565.0,-0.53,3942.0,1224.0,211.0
NIB,10/20/2011,565.0,566.0,552.0,555.0,-1.77,8873.0,1224.0,211.0
NIB,10/23/2011,555.0,571.0,550.0,556.0,0.18,3629.0,1224.0,211.0
NIB,10/24/2011,556.0,567.0,553.0,553.0,-0.54,7970.0,1224.0,211.0
NIB,10/25/2011,553.0,564.0,556.0,561.0,1.45,5454.0,1224.0,211.0
NIB,11/2/2011,561.0,493.0,457.0,493.0,-12.12,312.0,1224.0,211.0
NIB,11/3/2011,493.0,490.0,455.0,470.0,-4.67,938.0,1224.0,211.0
NIB,11/6/2011,470.0,465.0,461.0,465.0,-1.06,1090.0,1224.0,211.0
NIB,11/8/2011,465.0,469.0,469.0,469.0,0.86,20.0,1224.0,211.0
NIB,11/9/2011,469.0,460.0,432.0,432.0,-7.89,2109.0,1224.0,211.0
NIB,11/10/2011,432.0,435.0,435.0,435.0,0.69,78.0,1224.0,211.0
NIB,11/13/2011,435.0,432.0,416.0,416.0,-4.37,706.0,1224.0,211.0
NIB,11/14/2011,416.0,416.0,403.0,408.0,-1.92,1446.0,1224.0,211.0
NIB,11/15/2011,408.0,415.0,405.0,406.0,-0.49,2995.0,1224.0,211.0
NIB,11/16/2011,406.0,410.0,400.0,407.0,0.25,1947.0,1224.0,211.0
NIB,11/17/2011,407.0,431.0,415.0,431.0,5.9,126.0,1224.0,211.0
NIB,11/20/2011,431.0,440.0,425.0,425.0,-1.39,708.0,1224.0,211.0
NIB,11/21/2011,425.0,436.0,429.0,436.0,2.59,355.0,1224.0,211.0
NIB,11/22/2011,436.0,430.0,422.0,428.0,-1.83,492.0,1224.0,211.0
NIB,11/23/2011,428.0,422.0,421.0,422.0,-1.4,450.0,1224.0,211.0
NIB,11/24/2011,422.0,422.0,418.0,421.0,-0.24,688.0,1224.0,211.0
NIB,11/27/2011,421.0,422.0,420.0,422.0,0.24,231.0,1224.0,211.0
NIB,12/1/2011,423.0,420.0,418.0,420.0,-0.47,867.0,1224.0,211.0
NIB,12/4/2011,420.0,418.0,415.0,416.0,-0.95,555.0,1224.0,211.0
NIB,12/5/2011,416.0,414.0,408.0,408.0,-1.92,1762.0,1224.0,211.0
NIB,12/6/2011,408.0,408.0,401.0,407.0,-0.25,841.0,1224.0,211.0
NIB,12/7/2011,407.0,409.0,405.0,407.0,0.0,2416.0,1224.0,211.0
NIB,12/8/2011,407.0,404.0,392.0,392.0,-3.69,2500.0,1224.0,211.0
NIB,12/11/2011,392.0,400.0,389.0,397.0,1.28,1244.0,1224.0,211.0
NIB,12/12/2011,397.0,419.0,388.0,390.0,-1.76,2515.0,1224.0,211.0
NIB,12/13/2011,390.0,388.0,384.0,388.0,-0.51,636.0,1224.0,211.0
NIB,12/14/2011,388.0,400.0,384.0,394.0,1.55,2250.0,1224.0,211.0
NIB,12/15/2011,394.0,404.0,393.0,394.0,0.0,2199.0,1224.0,211.0
NIB,12/18/2011,394.0,395.0,388.0,388.0,-1.52,1816.0,1224.0,211.0
NIB,12/19/2011,388.0,390.0,390.0,390.0,0.52,276.0,1224.0,211.0
NIB,12/20/2011,390.0,395.0,390.0,395.0,1.28,583.0,1224.0,211.0
NIB,12/21/2011,395.0,398.0,388.0,389.0,-1.52,2098.0,1224.0,211.0
NIB,12/22/2011,389.0,393.0,389.0,389.0,0.0,355.0,1224.0,211.0
NIB,12/26/2011,389.0,393.0,390.0,390.0,0.26,125.0,1224.0,211.0
NIB,12/27/2011,390.0,392.0,385.0,390.0,0.0,804.0,1224.0,211.0
NIB,12/28/2011,390.0,390.0,381.0,381.0,-2.31,3177.0,1224.0,211.0
NIB,12/29/2011,381.0,390.0,385.0,389.0,2.1,1928.0,1224.0,211.0
NIB,1/1/2012,389.0,410.0,391.0,402.0,3.34,1004.0,1224.0,211.0
NIB,1/2/2012,402.0,419.0,395.0,407.0,1.24,2695.0,1224.0,211.0
NIB,1/3/2012,407.0,424.0,408.0,408.0,0.25,1439.0,1224.0,211.0
NIB,1/4/2012,408.0,408.0,400.0,400.0,-1.96,1102.0,1224.0,211.0
NIB,1/5/2012,400.0,400.0,393.0,400.0,0.0,1322.0,1224.0,211.0
NIB,1/8/2012,400.0,405.0,398.0,405.0,1.25,889.0,1224.0,211.0
NIB,1/9/2012,405.0,403.0,400.0,401.0,-0.99,1300.0,1224.0,211.0
NIB,1/10/2012,400.0,403.0,400.0,400.0,-0.25,387.0,1224.0,211.0
NIB,1/11/2012,400.0,403.0,403.0,403.0,0.75,97.0,1224.0,211.0
NIB,1/12/2012,403.0,408.0,400.0,400.0,-0.74,1051.0,1224.0,211.0
NIB,1/16/2012,400.0,403.0,396.0,396.0,-1.0,1675.0,1224.0,211.0
NIB,1/17/2012,396.0,391.0,389.0,389.0,-1.77,1115.0,1224.0,211.0
NIB,1/18/2012,389.0,395.0,383.0,383.0,-1.54,3059.0,1224.0,211.0
NIB,1/19/2012,383.0,395.0,390.0,393.0,2.61,1517.0,1224.0,211.0
NIB,1/22/2012,393.0,400.0,395.0,400.0,1.78,1068.0,1224.0,211.0
NIB,1/23/2012,400.0,398.0,398.0,398.0,-0.5,103.0,1224.0,211.0
NIB,1/26/2012,398.0,400.0,394.0,396.0,-0.5,220.0,1224.0,211.0
NIB,1/29/2012,396.0,397.0,395.0,395.0,-0.25,1267.0,1224.0,211.0
NIB,1/31/2012,395.0,398.0,387.0,387.0,-2.03,1900.0,1224.0,211.0
NIB,2/1/2012,387.0,394.0,380.0,383.0,-1.03,902.0,1224.0,211.0
NIB,2/2/2012,383.0,384.0,384.0,384.0,0.26,280.0,1224.0,211.0
NIB,2/5/2012,384.0,389.0,384.0,385.0,0.26,1953.0,1224.0,211.0
NIB,2/6/2012,385.0,385.0,385.0,385.0,0.0,1788.0,1224.0,211.0
NIB,2/7/2012,385.0,383.0,370.0,370.0,-3.9,2982.0,1224.0,211.0
NIB,2/8/2012,370.0,375.0,363.0,371.0,0.27,1700.0,1224.0,211.0
NIB,2/9/2012,371.0,379.0,374.0,379.0,2.16,346.0,1224.0,211.0
NIB,2/12/2012,379.0,380.0,380.0,380.0,0.26,813.0,1224.0,211.0
NIB,2/13/2012,380.0,379.0,373.0,379.0,-0.26,1892.0,1224.0,211.0
NIB,2/14/2012,379.0,387.0,380.0,380.0,0.26,542.0,1224.0,211.0
NIB,2/15/2012,380.0,384.0,377.0,377.0,-0.79,821.0,1224.0,211.0
NIB,2/16/2012,377.0,388.0,380.0,388.0,2.92,753.0,1224.0,211.0
NIB,2/21/2012,388.0,388.0,378.0,378.0,-2.58,374.0,1224.0,211.0
NIB,2/23/2012,378.0,380.0,370.0,372.0,-1.59,1705.0,1224.0,211.0
NIB,2/26/2012,372.0,372.0,370.0,372.0,0.0,271.0,1224.0,211.0
NIB,2/27/2012,372.0,370.0,370.0,370.0,-0.54,1654.0,1224.0,211.0
NIB,2/28/2012,370.0,386.0,370.0,380.0,2.7,1294.0,1224.0,211.0
NIB,2/29/2012,380.0,385.0,375.0,382.0,0.53,1385.0,1224.0,211.0
NIB,3/1/2012,382.0,387.0,384.0,384.0,0.52,1266.0,1224.0,211.0
NIB,3/4/2012,384.0,389.0,384.0,385.0,0.26,2202.0,1224.0,211.0
NIB,3/5/2012,385.0,381.0,378.0,378.0,-1.82,1790.0,1224.0,211.0
NIB,3/6/2012,378.0,385.0,380.0,380.0,0.53,605.0,1224.0,211.0
NIB,3/11/2012,380.0,384.0,371.0,377.0,-0.79,387.0,1224.0,211.0
NIB,3/12/2012,377.0,382.0,368.0,370.0,-1.86,1900.0,1224.0,211.0
NIB,3/13/2012,370.0,381.0,370.0,381.0,2.97,168.0,1224.0,211.0
NIB,3/14/2012,381.0,380.0,369.0,375.0,-1.57,1781.0,1224.0,211.0
NIB,3/15/2012,375.0,375.0,368.0,370.0,-1.33,970.0,1224.0,211.0
NIB,3/18/2012,370.0,374.0,367.0,369.0,-0.27,1465.0,1224.0,211.0
NIB,3/19/2012,369.0,370.0,365.0,365.0,-1.08,2593.0,1224.0,211.0
NIB,3/20/2012,365.0,370.0,358.0,370.0,1.37,1703.0,1224.0,211.0
NIB,3/21/2012,370.0,377.0,370.0,377.0,1.89,211.0,1224.0,211.0
NIB,3/25/2012,377.0,377.0,377.0,377.0,0.0,64.0,1224.0,211.0
NIB,3/26/2012,377.0,370.0,360.0,362.0,-3.98,861.0,1224.0,211.0
NIB,3/27/2012,362.0,362.0,360.0,360.0,-0.55,2652.0,1224.0,211.0
NIB,3/28/2012,360.0,365.0,360.0,361.0,0.28,783.0,1224.0,211.0
NIB,3/29/2012,361.0,364.0,359.0,360.0,-0.28,1261.0,1224.0,211.0
NIB,4/1/2012,360.0,364.0,355.0,364.0,1.11,794.0,1224.0,211.0
NIB,4/2/2012,364.0,371.0,364.0,370.0,1.65,565.0,1224.0,211.0
NIB,4/3/2012,370.0,372.0,367.0,371.0,0.27,1569.0,1224.0,211.0
NIB,4/4/2012,371.0,371.0,359.0,359.0,-3.23,2078.0,1224.0,211.0
NIB,4/5/2012,359.0,370.0,355.0,370.0,3.06,3276.0,1224.0,211.0
NIB,4/8/2012,370.0,372.0,364.0,372.0,0.54,444.0,1224.0,211.0
NIB,4/9/2012,372.0,380.0,374.0,375.0,0.81,604.0,1224.0,211.0
NIB,4/10/2012,375.0,382.0,375.0,382.0,1.87,1417.0,1224.0,211.0
NIB,4/11/2012,382.0,419.0,389.0,398.0,4.19,2406.0,1224.0,211.0
NIB,4/12/2012,398.0,417.0,400.0,413.0,3.77,1761.0,1224.0,211.0
NIB,4/15/2012,413.0,454.0,355.0,451.0,9.2,26253.0,1224.0,211.0
NIB,4/16/2012,451.0,487.0,460.0,487.0,7.98,497.0,1224.0,211.0
NIB,4/17/2012,487.0,506.0,439.0,439.0,-9.86,6093.0,1224.0,211.0
NIB,4/18/2012,439.0,482.0,419.0,451.0,2.73,4008.0,1224.0,211.0
NIB,4/19/2012,451.0,479.0,452.0,472.0,4.66,7585.0,1224.0,211.0
NIB,4/22/2012,472.0,499.0,478.0,499.0,5.72,6901.0,1224.0,211.0
NIB,4/24/2012,499.0,548.0,508.0,548.0,9.82,2321.0,1224.0,211.0
NIB,4/25/2012,548.0,602.0,558.0,602.0,9.85,526.0,1224.0,211.0
NIB,4/26/2012,602.0,626.0,556.0,603.0,0.17,17410.0,1224.0,211.0
NIB,4/29/2012,603.0,599.0,579.0,590.0,-2.16,7336.0,1224.0,211.0
NIB,4/30/2012,590.0,579.0,531.0,531.0,-10.0,5343.0,1224.0,211.0
NIB,5/3/2012,531.0,584.0,541.0,584.0,9.98,4747.0,1224.0,211.0
NIB,5/7/2012,584.0,642.0,595.0,642.0,9.93,5558.0,1224.0,211.0
NIB,5/8/2012,642.0,660.0,603.0,640.0,-0.31,6250.0,1224.0,211.0
NIB,5/9/2012,640.0,628.0,595.0,599.0,-6.41,9568.0,1224.0,211.0
NIB,5/10/2012,599.0,600.0,541.0,568.0,-5.18,5503.0,1224.0,211.0
NIB,5/13/2012,568.0,557.0,513.0,523.0,-7.92,4471.0,1224.0,211.0
NIB,5/14/2012,523.0,513.0,471.0,483.0,-7.65,2032.0,1224.0,211.0
NIB,5/15/2012,483.0,492.0,492.0,492.0,1.86,10.0,1224.0,211.0
NIB,5/17/2012,492.0,541.0,501.0,541.0,9.96,2495.0,1224.0,211.0
NIB,5/20/2012,541.0,577.0,533.0,560.0,3.51,7697.0,1224.0,211.0
NIB,5/21/2012,560.0,586.0,545.0,571.0,1.96,4919.0,1224.0,211.0
NIB,5/22/2012,571.0,572.0,539.0,555.0,-2.8,3921.0,1224.0,211.0
NIB,5/23/2012,555.0,544.0,500.0,515.0,-7.21,4457.0,1224.0,211.0
NIB,5/24/2012,515.0,551.0,520.0,545.0,5.83,3236.0,1224.0,211.0
NIB,5/27/2012,545.0,585.0,555.0,562.0,3.12,6489.0,1224.0,211.0
NIB,5/29/2012,562.0,551.0,506.0,506.0,-9.96,160.0,1224.0,211.0
NIB,5/30/2012,506.0,496.0,456.0,456.0,-9.88,611.0,1224.0,211.0
NIB,5/31/2012,456.0,481.0,431.0,462.0,1.32,6223.0,1224.0,211.0
NIB,6/3/2012,462.0,508.0,471.0,508.0,9.96,4761.0,1224.0,211.0
NIB,6/4/2012,508.0,520.0,483.0,502.0,-1.18,4633.0,1224.0,211.0
NIB,6/5/2012,502.0,498.0,486.0,491.0,-2.19,2148.0,1224.0,211.0
NIB,6/6/2012,491.0,483.0,455.0,460.0,-6.31,2535.0,1224.0,211.0
NIB,6/7/2012,460.0,482.0,455.0,478.0,3.91,2163.0,1224.0,211.0
NIB,6/10/2012,478.0,480.0,460.0,469.0,-1.88,1732.0,1224.0,211.0
NIB,6/11/2012,469.0,485.0,469.0,472.0,0.64,1306.0,1224.0,211.0
NIB,6/12/2012,472.0,475.0,454.0,475.0,0.64,1385.0,1224.0,211.0
NIB,6/13/2012,475.0,475.0,465.0,470.0,-1.05,601.0,1224.0,211.0
NIB,6/14/2012,470.0,468.0,460.0,468.0,-0.43,1406.0,1224.0,211.0
NIB,6/17/2012,468.0,468.0,460.0,466.0,-0.43,370.0,1224.0,211.0
NIB,6/18/2012,466.0,463.0,454.0,457.0,-1.93,1582.0,1224.0,211.0
NIB,6/19/2012,457.0,457.0,450.0,455.0,-0.44,3036.0,1224.0,211.0
NIB,6/20/2012,455.0,482.0,460.0,460.0,1.1,1240.0,1224.0,211.0
NIB,6/21/2012,460.0,474.0,460.0,474.0,3.04,4675.0,1224.0,211.0
NIB,6/25/2012,474.0,497.0,479.0,490.0,3.38,676.0,1224.0,211.0
NIB,6/26/2012,490.0,481.0,472.0,480.0,-2.04,1008.0,1224.0,211.0
NIB,6/27/2012,480.0,499.0,480.0,497.0,3.54,3083.0,1224.0,211.0
NIB,6/28/2012,497.0,523.0,497.0,507.0,2.01,6453.0,1224.0,211.0
NIB,7/1/2012,507.0,500.0,494.0,500.0,-1.38,2092.0,1224.0,211.0
NIB,7/2/2012,500.0,494.0,488.0,492.0,-1.6,1519.0,1224.0,211.0
NIB,7/3/2012,492.0,505.0,489.0,500.0,1.63,1427.0,1224.0,211.0
NIB,7/4/2012,500.0,507.0,500.0,503.0,0.6,2453.0,1224.0,211.0
NIB,7/5/2012,503.0,512.0,506.0,512.0,1.79,2391.0,1224.0,211.0
NIB,7/8/2012,512.0,508.0,501.0,506.0,-1.17,2440.0,1224.0,211.0
NIB,7/9/2012,506.0,511.0,500.0,507.0,0.2,3258.0,1224.0,211.0
NIB,7/10/2012,507.0,515.0,507.0,515.0,1.58,1741.0,1224.0,211.0
NIB,7/11/2012,515.0,517.0,513.0,517.0,0.39,1400.0,1224.0,211.0
NIB,7/12/2012,517.0,514.0,501.0,502.0,-2.9,1269.0,1224.0,211.0
NIB,7/15/2012,502.0,511.0,500.0,511.0,1.79,2317.0,1224.0,211.0
NIB,7/16/2012,511.0,505.0,500.0,503.0,-1.57,3205.0,1224.0,211.0
NIB,7/17/2012,503.0,508.0,504.0,507.0,0.8,956.0,1224.0,211.0
NIB,7/18/2012,507.0,532.0,510.0,532.0,4.93,1974.0,1224.0,211.0
NIB,7/19/2012,532.0,550.0,530.0,530.0,-0.38,2977.0,1224.0,211.0
NIB,7/22/2012,530.0,553.0,504.0,545.0,2.83,3414.0,1224.0,211.0
NIB,7/23/2012,545.0,572.0,550.0,569.0,4.4,11618.0,1224.0,211.0
NIB,7/24/2012,569.0,565.0,545.0,561.0,-1.41,4471.0,1224.0,211.0
NIB,7/25/2012,561.0,569.0,558.0,562.0,0.18,2912.0,1224.0,211.0
NIB,7/26/2012,562.0,562.0,550.0,560.0,-0.36,1778.0,1224.0,211.0
NIB,7/29/2012,560.0,549.0,537.0,545.0,-2.68,3422.0,1224.0,211.0
NIB,7/30/2012,545.0,561.0,550.0,555.0,1.83,5202.0,1224.0,211.0
NIB,7/31/2012,555.0,556.0,550.0,556.0,0.18,1772.0,1224.0,211.0
NIB,8/1/2012,556.0,554.0,548.0,552.0,-0.72,2294.0,1224.0,211.0
NIB,8/5/2012,552.0,556.0,545.0,551.0,-0.18,4171.0,1224.0,211.0
NIB,8/6/2012,551.0,559.0,550.0,554.0,0.54,2642.0,1224.0,211.0
NIB,8/7/2012,554.0,558.0,550.0,553.0,-0.18,4892.0,1224.0,211.0
NIB,8/8/2012,553.0,553.0,540.0,540.0,-2.35,3677.0,1224.0,211.0
NIB,8/12/2012,540.0,554.0,538.0,538.0,-0.37,7933.0,1224.0,211.0
NIB,8/13/2012,538.0,543.0,530.0,543.0,0.93,5155.0,1224.0,211.0
NIB,8/14/2012,543.0,564.0,535.0,535.0,-1.47,6114.0,1224.0,211.0
NIB,8/15/2012,535.0,535.0,523.0,523.0,-2.24,2432.0,1224.0,211.0
NIB,8/16/2012,523.0,540.0,515.0,540.0,3.25,725.0,1224.0,211.0
NIB,8/19/2012,540.0,544.0,522.0,537.0,-0.56,2863.0,1224.0,211.0
NIB,8/21/2012,537.0,546.0,527.0,539.0,0.37,4271.0,1224.0,211.0
NIB,8/22/2012,539.0,537.0,530.0,535.0,-0.74,1278.0,1224.0,211.0
NIB,8/23/2012,535.0,534.0,525.0,534.0,-0.19,4526.0,1224.0,211.0
NIB,8/26/2012,534.0,537.0,515.0,523.0,-2.06,3093.0,1224.0,211.0
NIB,8/27/2012,523.0,531.0,520.0,531.0,1.53,5617.0,1224.0,211.0
NIB,8/28/2012,531.0,541.0,526.0,530.0,-0.19,5248.0,1224.0,211.0
NIB,8/29/2012,530.0,532.0,531.0,532.0,0.38,801.0,1224.0,211.0
NIB,8/30/2012,532.0,534.0,527.0,534.0,0.38,3333.0,1224.0,211.0
NIB,9/2/2012,534.0,545.0,531.0,545.0,2.06,4792.0,1224.0,211.0
NIB,9/3/2012,545.0,555.0,536.0,541.0,-0.73,3589.0,1224.0,211.0
NIB,9/4/2012,541.0,549.0,531.0,543.0,0.37,2045.0,1224.0,211.0
NIB,9/5/2012,543.0,540.0,536.0,537.0,-1.1,2754.0,1224.0,211.0
NIB,9/6/2012,537.0,540.0,535.0,540.0,0.56,958.0,1224.0,211.0
NIB,9/9/2012,540.0,533.0,528.0,533.0,-1.3,1049.0,1224.0,211.0
NIB,9/10/2012,533.0,535.0,520.0,535.0,0.38,3478.0,1224.0,211.0
NIB,9/11/2012,535.0,542.0,538.0,539.0,0.75,1994.0,1224.0,211.0
NIB,9/12/2012,539.0,539.0,530.0,536.0,-0.56,3147.0,1224.0,211.0
NIB,9/13/2012,536.0,550.0,544.0,549.0,2.43,2667.0,1224.0,211.0
NIB,9/16/2012,549.0,552.0,540.0,552.0,0.55,2138.0,1224.0,211.0
NIB,9/17/2012,552.0,555.0,541.0,550.0,-0.36,2738.0,1224.0,211.0
NIB,9/18/2012,550.0,560.0,550.0,555.0,0.91,3674.0,1224.0,211.0
NIB,9/19/2012,555.0,557.0,540.0,550.0,-0.9,3823.0,1224.0,211.0
NIB,9/20/2012,550.0,545.0,538.0,539.0,-2.0,3692.0,1224.0,211.0
NIB,9/23/2012,539.0,542.0,528.0,540.0,0.19,7181.0,1224.0,211.0
NIB,9/24/2012,540.0,544.0,538.0,543.0,0.56,10896.0,1224.0,211.0
NIB,9/25/2012,543.0,556.0,543.0,544.0,0.18,5958.0,1224.0,211.0
NIB,9/26/2012,544.0,558.0,544.0,547.0,0.55,7686.0,1224.0,211.0
NIB,9/30/2012,540.0,544.0,536.0,544.0,-0.55,1054.0,1224.0,211.0
NIB,10/1/2012,544.0,535.0,535.0,535.0,-1.65,462.0,1224.0,211.0
NIB,10/2/2012,535.0,538.0,534.0,536.0,0.19,1461.0,1224.0,211.0
NIB,10/3/2012,536.0,541.0,535.0,537.0,0.19,3766.0,1224.0,211.0
NIB,10/4/2012,537.0,537.0,531.0,534.0,-0.56,1518.0,1224.0,211.0
NIB,10/7/2012,534.0,535.0,523.0,530.0,-0.75,10202.0,1224.0,211.0
NIB,10/8/2012,530.0,537.0,530.0,533.0,0.57,3052.0,1224.0,211.0
NIB,10/9/2012,533.0,533.0,530.0,532.0,-0.19,3588.0,1224.0,211.0
NIB,10/10/2012,532.0,535.0,520.0,532.0,0.0,2192.0,1224.0,211.0
NIB,10/11/2012,532.0,535.0,533.0,534.0,0.38,479.0,1224.0,211.0
NIB,10/14/2012,534.0,532.0,532.0,532.0,-0.37,100.0,1224.0,211.0
NIB,10/15/2012,532.0,537.0,530.0,532.0,0.0,787.0,1224.0,211.0
NIB,10/17/2012,532.0,534.0,522.0,532.0,0.0,2954.0,1224.0,211.0
NIB,10/18/2012,532.0,536.0,530.0,536.0,0.75,959.0,1224.0,211.0
NIB,10/30/2012,536.0,577.0,536.0,559.0,4.29,2522.0,1224.0,211.0
NIB,10/31/2012,559.0,603.0,562.0,571.0,2.15,5161.0,1224.0,211.0
NIB,11/1/2012,571.0,575.0,563.0,567.0,-0.7,3602.0,1224.0,211.0
NIB,11/4/2012,567.0,568.0,560.0,567.0,0.0,1482.0,1224.0,211.0
NIB,11/5/2012,567.0,589.0,567.0,571.0,0.71,7168.0,1224.0,211.0
NIB,11/6/2012,571.0,578.0,569.0,576.0,0.88,7075.0,1224.0,211.0
NIB,11/7/2012,576.0,600.0,581.0,593.0,2.95,8953.0,1224.0,211.0
NIB,11/8/2012,593.0,649.0,604.0,642.0,8.26,21885.0,1224.0,211.0
NIB,11/11/2012,642.0,706.0,651.0,661.0,2.96,25786.0,1224.0,211.0
NIB,11/12/2012,661.0,674.0,654.0,670.0,1.36,11887.0,1224.0,211.0
NIB,11/18/2012,670.0,735.0,678.0,732.0,9.25,17458.0,1224.0,211.0
NIB,11/20/2012,732.0,798.0,738.0,775.0,5.87,21968.0,1224.0,211.0
NIB,11/21/2012,775.0,780.0,730.0,764.0,-1.42,20929.0,1224.0,211.0
NIB,11/22/2012,764.0,776.0,755.0,771.0,0.92,22095.0,1224.0,211.0
NIB,11/25/2012,771.0,800.0,770.0,776.0,0.65,11109.0,1224.0,211.0
NIB,11/26/2012,776.0,800.0,753.0,797.0,2.71,26128.0,1224.0,211.0
NIB,11/27/2012,797.0,876.0,812.0,822.0,3.14,31933.0,1224.0,211.0
NIB,11/28/2012,822.0,840.0,825.0,831.0,1.09,18537.0,1224.0,211.0
NIB,11/29/2012,831.0,829.0,800.0,829.0,-0.24,11105.0,1224.0,211.0
NIB,12/2/2012,829.0,820.0,800.0,807.0,-2.65,14149.0,1224.0,211.0
NIB,12/3/2012,807.0,810.0,795.0,800.0,-0.87,12783.0,1224.0,211.0
NIB,12/4/2012,800.0,836.0,799.0,829.0,3.62,22546.0,1224.0,211.0
NIB,12/5/2012,829.0,868.0,821.0,847.0,2.17,19098.0,1224.0,211.0
NIB,12/6/2012,847.0,851.0,815.0,847.0,0.0,13721.0,1224.0,211.0
NIB,12/9/2012,847.0,840.0,815.0,826.0,-2.48,7569.0,1224.0,211.0
NIB,12/10/2012,826.0,832.0,820.0,832.0,0.73,8672.0,1224.0,211.0
NIB,12/11/2012,832.0,843.0,824.0,837.0,0.6,6286.0,1224.0,211.0
NIB,12/12/2012,837.0,853.0,843.0,847.0,1.19,8923.0,1224.0,211.0
NIB,12/13/2012,847.0,865.0,848.0,860.0,1.53,13694.0,1224.0,211.0
NIB,12/16/2012,860.0,906.0,875.0,904.0,5.12,23485.0,1224.0,211.0
NIB,12/17/2012,904.0,949.0,922.0,945.0,4.54,28151.0,1224.0,211.0
NIB,12/18/2012,945.0,939.0,910.0,933.0,-1.27,17465.0,1224.0,211.0
NIB,12/19/2012,933.0,953.0,921.0,940.0,0.75,27097.0,1224.0,211.0
NIB,12/20/2012,940.0,827.0,767.0,818.0,-12.98,7608.0,1224.0,211.0
NIB,12/23/2012,818.0,822.0,812.0,822.0,0.49,4451.0,1224.0,211.0
NIB,12/24/2012,822.0,826.0,815.0,820.0,-0.24,6199.0,1224.0,211.0
NIB,12/26/2012,820.0,851.0,819.0,849.0,3.54,4588.0,1224.0,211.0
NIB,12/27/2012,849.0,875.0,849.0,864.0,1.77,6297.0,1224.0,211.0
NIB,12/31/2012,864.0,855.0,832.0,840.0,-2.78,1583.0,1224.0,211.0
NIB,1/1/2013,840.0,855.0,825.0,839.0,-0.12,3482.0,1224.0,211.0
NIB,1/2/2013,839.0,845.0,823.0,845.0,0.72,3169.0,1224.0,211.0
NIB,1/3/2013,845.0,844.0,831.0,831.0,-1.66,2186.0,1224.0,211.0
NIB,1/6/2013,831.0,831.0,823.0,831.0,0.0,2326.0,1224.0,211.0
NIB,1/7/2013,831.0,820.0,802.0,815.0,-1.93,4272.0,1224.0,211.0
NIB,1/8/2013,815.0,830.0,830.0,830.0,1.84,12.0,1224.0,211.0
NIB,1/9/2013,830.0,820.0,795.0,820.0,-1.2,3479.0,1224.0,211.0
NIB,1/10/2013,820.0,820.0,800.0,820.0,0.0,5364.0,1224.0,211.0
NIB,1/13/2013,820.0,816.0,801.0,814.0,-0.73,2644.0,1224.0,211.0
NIB,1/15/2013,814.0,830.0,810.0,830.0,1.97,2526.0,1224.0,211.0
NIB,1/16/2013,830.0,818.0,799.0,816.0,-1.69,2379.0,1224.0,211.0
NIB,1/17/2013,816.0,800.0,773.0,781.0,-4.29,3044.0,1224.0,211.0
NIB,1/20/2013,781.0,785.0,730.0,745.0,-4.61,3131.0,1224.0,211.0
NIB,1/21/2013,745.0,790.0,746.0,786.0,5.5,3524.0,1224.0,211.0
NIB,1/22/2013,786.0,805.0,786.0,805.0,2.42,1284.0,1224.0,211.0
NIB,1/23/2013,805.0,789.0,770.0,770.0,-4.35,3449.0,1224.0,211.0
NIB,1/24/2013,770.0,779.0,750.0,758.0,-1.56,5355.0,1224.0,211.0
NIB,1/27/2013,758.0,774.0,760.0,760.0,0.26,5905.0,1224.0,211.0
NIB,1/28/2013,760.0,765.0,760.0,760.0,0.0,2212.0,1224.0,211.0
NIB,1/30/2013,760.0,760.0,750.0,755.0,-0.66,9392.0,1224.0,211.0
NIB,1/31/2013,755.0,756.0,750.0,754.0,-0.13,6473.0,1224.0,211.0
NIB,2/3/2013,754.0,780.0,760.0,765.0,1.46,6671.0,1224.0,211.0
NIB,2/4/2013,765.0,773.0,763.0,769.0,0.52,2538.0,1224.0,211.0
NIB,2/5/2013,769.0,767.0,760.0,765.0,-0.52,2424.0,1224.0,211.0
NIB,2/6/2013,765.0,765.0,760.0,765.0,0.0,1361.0,1224.0,211.0
NIB,2/7/2013,765.0,765.0,757.0,760.0,-0.65,1813.0,1224.0,211.0
NIB,2/10/2013,760.0,790.0,760.0,790.0,3.95,3538.0,1224.0,211.0
NIB,2/12/2013,790.0,826.0,781.0,814.0,3.04,7463.0,1224.0,211.0
NIB,2/13/2013,814.0,803.0,795.0,796.0,-2.21,2598.0,1224.0,211.0
NIB,2/14/2013,796.0,816.0,796.0,803.0,0.88,5669.0,1224.0,211.0
NIB,2/17/2013,803.0,883.0,819.0,883.0,9.96,1755.0,1224.0,211.0
NIB,2/19/2013,883.0,916.0,824.0,840.0,-4.87,15532.0,1224.0,211.0
NIB,2/20/2013,840.0,833.0,810.0,820.0,-2.38,4043.0,1224.0,211.0
NIB,2/21/2013,820.0,836.0,805.0,826.0,0.73,6500.0,1224.0,211.0
NIB,2/24/2013,826.0,827.0,805.0,815.0,-1.33,3020.0,1224.0,211.0
NIB,2/25/2013,815.0,840.0,810.0,824.0,1.1,4567.0,1224.0,211.0
NIB,2/26/2013,824.0,844.0,820.0,823.0,-0.12,4457.0,1224.0,211.0
NIB,2/27/2013,823.0,812.0,806.0,811.0,-1.46,3976.0,1224.0,211.0
NIB,2/28/2013,811.0,813.0,805.0,811.0,0.0,3376.0,1224.0,211.0
NIB,3/3/2013,811.0,807.0,800.0,803.0,-0.99,5831.0,1224.0,211.0
NIB,3/4/2013,803.0,813.0,800.0,810.0,0.87,6680.0,1224.0,211.0
NIB,3/5/2013,810.0,803.0,794.0,801.0,-1.11,4371.0,1224.0,211.0
NIB,3/6/2013,801.0,810.0,795.0,810.0,1.12,2387.0,1224.0,211.0
NIB,3/7/2013,810.0,806.0,797.0,798.0,-1.48,1976.0,1224.0,211.0
NIB,3/11/2013,798.0,805.0,790.0,791.0,-0.88,3456.0,1224.0,211.0
NIB,3/13/2013,791.0,810.0,805.0,809.0,2.28,5458.0,1224.0,211.0
NIB,3/14/2013,809.0,857.0,810.0,816.0,0.87,6366.0,1224.0,211.0
NIB,3/17/2013,816.0,805.0,800.0,800.0,-1.96,2663.0,1224.0,211.0
NIB,3/18/2013,800.0,802.0,786.0,790.0,-1.25,2912.0,1224.0,211.0
NIB,3/19/2013,790.0,810.0,796.0,810.0,2.53,2460.0,1224.0,211.0
NIB,3/20/2013,810.0,806.0,796.0,799.0,-1.36,2345.0,1224.0,211.0
NIB,3/21/2013,799.0,801.0,790.0,796.0,-0.38,1353.0,1224.0,211.0
NIB,3/24/2013,796.0,789.0,772.0,772.0,-3.02,4169.0,1224.0,211.0
NIB,3/25/2013,772.0,795.0,764.0,780.0,1.04,2328.0,1224.0,211.0
NIB,3/27/2013,780.0,779.0,768.0,777.0,-0.38,3649.0,1224.0,211.0
NIB,3/28/2013,777.0,780.0,765.0,770.0,-0.9,2133.0,1224.0,211.0
NIB,3/31/2013,770.0,765.0,760.0,762.0,-1.04,2808.0,1224.0,211.0
NIB,4/1/2013,762.0,777.0,748.0,774.0,1.57,1976.0,1224.0,211.0
NIB,4/2/2013,774.0,780.0,759.0,777.0,0.39,3521.0,1224.0,211.0
NIB,4/3/2013,777.0,792.0,774.0,780.0,0.39,3850.0,1224.0,211.0
NIB,4/4/2013,780.0,777.0,766.0,768.0,-1.54,1221.0,1224.0,211.0
NIB,4/7/2013,768.0,775.0,766.0,772.0,0.52,791.0,1224.0,211.0
NIB,4/8/2013,772.0,775.0,768.0,772.0,0.0,1800.0,1224.0,211.0
NIB,4/9/2013,772.0,786.0,775.0,786.0,1.81,1210.0,1224.0,211.0
NIB,4/11/2013,786.0,790.0,775.0,785.0,-0.13,6130.0,1224.0,211.0
NIB,4/15/2013,785.0,790.0,778.0,781.0,-0.51,1912.0,1224.0,211.0
NIB,4/16/2013,781.0,785.0,775.0,781.0,0.0,3605.0,1224.0,211.0
NIB,4/17/2013,781.0,775.0,770.0,774.0,-0.9,1443.0,1224.0,211.0
NIB,4/18/2013,774.0,766.0,759.0,764.0,-1.29,5407.0,1224.0,211.0
NIB,4/21/2013,764.0,753.0,730.0,734.0,-3.93,8216.0,1224.0,211.0
NIB,4/22/2013,734.0,734.0,695.0,707.0,-3.68,26246.0,1224.0,211.0
NIB,4/23/2013,707.0,751.0,715.0,739.0,4.53,3604.0,1224.0,211.0
NIB,4/25/2013,739.0,754.0,730.0,736.0,-0.41,6741.0,1224.0,211.0
NIB,4/28/2013,736.0,739.0,710.0,729.0,-0.95,6386.0,1224.0,211.0
NIB,4/29/2013,729.0,754.0,719.0,730.0,0.14,7338.0,1224.0,211.0
NIB,4/30/2013,730.0,728.0,718.0,720.0,-1.37,3663.0,1224.0,211.0
NIB,5/2/2013,720.0,710.0,690.0,690.0,-4.17,3777.0,1224.0,211.0
NIB,5/5/2013,690.0,703.0,690.0,700.0,1.45,6584.0,1224.0,211.0
NIB,5/6/2013,700.0,687.0,670.0,671.0,-4.14,4327.0,1224.0,211.0
NIB,5/7/2013,671.0,717.0,660.0,703.0,4.77,7843.0,1224.0,211.0
NIB,5/8/2013,703.0,700.0,693.0,695.0,-1.14,3395.0,1224.0,211.0
NIB,5/9/2013,695.0,700.0,690.0,690.0,-0.72,2611.0,1224.0,211.0
NIB,5/12/2013,690.0,702.0,690.0,691.0,0.14,3349.0,1224.0,211.0
NIB,5/13/2013,691.0,697.0,681.0,697.0,0.87,1297.0,1224.0,211.0
NIB,5/14/2013,697.0,714.0,695.0,703.0,0.86,2522.0,1224.0,211.0
NIB,5/15/2013,703.0,725.0,700.0,718.0,2.13,4053.0,1224.0,211.0
NIB,5/16/2013,718.0,741.0,718.0,733.0,2.09,3834.0,1224.0,211.0
NIB,5/19/2013,733.0,729.0,715.0,722.0,-1.5,4395.0,1224.0,211.0
NIB,5/20/2013,722.0,722.0,709.0,716.0,-0.83,4780.0,1224.0,211.0
NIB,5/21/2013,716.0,730.0,716.0,725.0,1.26,3624.0,1224.0,211.0
NIB,5/22/2013,725.0,727.0,720.0,722.0,-0.41,2340.0,1224.0,211.0
NIB,5/23/2013,722.0,723.0,715.0,720.0,-0.28,8639.0,1224.0,211.0
NIB,5/26/2013,720.0,724.0,720.0,724.0,0.56,4898.0,1224.0,211.0
NIB,5/27/2013,724.0,740.0,720.0,740.0,2.21,4227.0,1224.0,211.0
NIB,5/28/2013,740.0,740.0,730.0,730.0,-1.35,2698.0,1224.0,211.0
NIB,5/30/2013,730.0,733.0,726.0,730.0,0.0,3488.0,1224.0,211.0
NIB,6/2/2013,730.0,734.0,720.0,722.0,-1.1,2099.0,1224.0,211.0
NIB,6/3/2013,722.0,725.0,722.0,724.0,0.28,1208.0,1224.0,211.0
NIB,6/4/2013,724.0,727.0,720.0,724.0,0.0,3358.0,1224.0,211.0
NIB,6/5/2013,724.0,724.0,717.0,724.0,0.0,2513.0,1224.0,211.0
NIB,6/6/2013,724.0,725.0,720.0,724.0,0.0,2255.0,1224.0,211.0
NIB,6/9/2013,724.0,724.0,715.0,724.0,0.0,2818.0,1224.0,211.0
NIB,6/10/2013,724.0,725.0,722.0,725.0,0.14,3502.0,1224.0,211.0
NIB,6/11/2013,725.0,726.0,720.0,723.0,-0.28,2961.0,1224.0,211.0
NIB,6/12/2013,723.0,728.0,715.0,726.0,0.41,2032.0,1224.0,211.0
NIB,6/13/2013,726.0,725.0,720.0,720.0,-0.83,1717.0,1224.0,211.0
NIB,6/16/2013,720.0,737.0,720.0,724.0,0.56,5174.0,1224.0,211.0
NIB,6/17/2013,724.0,726.0,720.0,722.0,-0.28,2340.0,1224.0,211.0
NIB,6/18/2013,722.0,722.0,712.0,721.0,-0.14,5111.0,1224.0,211.0
NIB,6/19/2013,721.0,718.0,707.0,715.0,-0.83,3044.0,1224.0,211.0
NIB,6/20/2013,715.0,715.0,700.0,707.0,-1.12,6632.0,1224.0,211.0
NIB,6/23/2013,707.0,710.0,701.0,710.0,0.42,1642.0,1224.0,211.0
NIB,6/24/2013,710.0,720.0,710.0,720.0,1.41,3061.0,1224.0,211.0
NIB,6/25/2013,720.0,742.0,722.0,731.0,1.53,1381.0,1224.0,211.0
NIB,6/26/2013,731.0,751.0,743.0,746.0,2.05,2599.0,1224.0,211.0
NIB,6/27/2013,746.0,746.0,735.0,740.0,-0.8,2420.0,1224.0,211.0
NIB,6/30/2013,740.0,739.0,728.0,737.0,-0.41,716.0,1224.0,211.0
NIB,7/1/2013,737.0,735.0,725.0,729.0,-1.09,7120.0,1224.0,211.0
NIB,7/2/2013,729.0,731.0,725.0,730.0,0.14,4870.0,1224.0,211.0
NIB,7/3/2013,730.0,732.0,722.0,732.0,0.27,8198.0,1224.0,211.0
NIB,7/4/2013,732.0,734.0,724.0,733.0,0.14,2004.0,1224.0,211.0
NIB,7/7/2013,733.0,747.0,730.0,743.0,1.36,7144.0,1224.0,211.0
NIB,7/8/2013,743.0,760.0,734.0,755.0,1.62,12254.0,1224.0,211.0
NIB,7/9/2013,755.0,777.0,740.0,777.0,2.91,9113.0,1224.0,211.0
NIB,7/10/2013,777.0,804.0,780.0,789.0,1.54,8096.0,1224.0,211.0
NIB,7/11/2013,789.0,795.0,780.0,784.0,-0.63,4223.0,1224.0,211.0
NIB,7/14/2013,784.0,805.0,780.0,784.0,0.0,1231.0,1224.0,211.0
NIB,7/15/2013,784.0,790.0,780.0,784.0,0.0,2244.0,1224.0,211.0
NIB,7/16/2013,784.0,781.0,760.0,781.0,-0.38,4487.0,1224.0,211.0
NIB,7/17/2013,781.0,782.0,778.0,780.0,-0.13,2033.0,1224.0,211.0
NIB,7/18/2013,780.0,802.0,785.0,800.0,2.56,6440.0,1224.0,211.0
NIB,7/21/2013,800.0,858.0,810.0,830.0,3.75,12899.0,1224.0,211.0
NIB,7/22/2013,830.0,835.0,790.0,807.0,-2.77,6211.0,1224.0,211.0
NIB,7/23/2013,807.0,813.0,800.0,810.0,0.37,7176.0,1224.0,211.0
NIB,7/24/2013,810.0,822.0,805.0,811.0,0.12,11787.0,1224.0,211.0
NIB,7/25/2013,811.0,815.0,801.0,806.0,-0.62,5148.0,1224.0,211.0
NIB,7/28/2013,806.0,819.0,808.0,816.0,1.24,3531.0,1224.0,211.0
NIB,7/29/2013,816.0,825.0,816.0,816.0,0.0,2073.0,1224.0,211.0
NIB,7/30/2013,816.0,840.0,820.0,831.0,1.84,3622.0,1224.0,211.0
NIB,7/31/2013,831.0,843.0,830.0,833.0,0.24,17065.0,1224.0,211.0
NIB,8/1/2013,833.0,845.0,819.0,840.0,0.84,6529.0,1224.0,211.0
NIB,8/4/2013,840.0,849.0,840.0,841.0,0.12,10059.0,1224.0,211.0
NIB,8/5/2013,841.0,850.0,820.0,823.0,-2.14,2683.0,1224.0,211.0
NIB,8/6/2013,823.0,827.0,799.0,821.0,-0.24,3174.0,1224.0,211.0
NIB,8/7/2013,821.0,821.0,812.0,813.0,-0.97,2655.0,1224.0,211.0
NIB,8/8/2013,813.0,825.0,810.0,822.0,1.11,7647.0,1224.0,211.0
NIB,8/11/2013,822.0,820.0,801.0,810.0,-1.46,2724.0,1224.0,211.0
NIB,8/12/2013,810.0,826.0,800.0,810.0,0.0,10859.0,1224.0,211.0
NIB,8/13/2013,810.0,820.0,812.0,816.0,0.74,2931.0,1224.0,211.0
NIB,8/14/2013,816.0,822.0,810.0,817.0,0.12,5377.0,1224.0,211.0
NIB,8/15/2013,817.0,823.0,814.0,817.0,0.0,2120.0,1224.0,211.0
NIB,8/18/2013,817.0,823.0,816.0,820.0,0.37,7574.0,1224.0,211.0
NIB,8/19/2013,820.0,827.0,815.0,825.0,0.61,8904.0,1224.0,211.0
NIB,8/20/2013,825.0,840.0,821.0,823.0,-0.24,5084.0,1224.0,211.0
NIB,8/25/2013,823.0,837.0,821.0,835.0,1.46,3672.0,1224.0,211.0
NIB,8/26/2013,835.0,830.0,816.0,820.0,-1.8,4059.0,1224.0,211.0
NIB,8/27/2013,820.0,830.0,822.0,822.0,0.24,9956.0,1224.0,211.0
NIB,8/29/2013,822.0,825.0,816.0,823.0,0.12,1671.0,1224.0,211.0
NIB,9/1/2013,823.0,818.0,806.0,810.0,-1.58,8284.0,1224.0,211.0
NIB,9/2/2013,810.0,815.0,810.0,815.0,0.62,3367.0,1224.0,211.0
NIB,9/3/2013,815.0,822.0,810.0,818.0,0.37,2371.0,1224.0,211.0
NIB,9/4/2013,818.0,822.0,810.0,818.0,0.0,4080.0,1224.0,211.0
NIB,9/5/2013,818.0,821.0,815.0,820.0,0.24,3885.0,1224.0,211.0
NIB,9/8/2013,820.0,856.0,821.0,852.0,3.9,7271.0,1224.0,211.0
NIB,9/9/2013,852.0,859.0,840.0,857.0,0.59,8226.0,1224.0,211.0
NIB,9/10/2013,857.0,857.0,841.0,846.0,-1.28,6312.0,1224.0,211.0
NIB,9/11/2013,846.0,855.0,835.0,845.0,-0.12,6321.0,1224.0,211.0
NIB,9/12/2013,845.0,856.0,845.0,853.0,0.95,5083.0,1224.0,211.0
NIB,9/15/2013,853.0,855.0,840.0,845.0,-0.94,5970.0,1224.0,211.0
NIB,9/16/2013,845.0,853.0,845.0,848.0,0.36,6318.0,1224.0,211.0
NIB,9/17/2013,848.0,845.0,835.0,837.0,-1.3,4159.0,1224.0,211.0
NIB,9/19/2013,837.0,834.0,820.0,832.0,-0.6,10780.0,1224.0,211.0
NIB,9/22/2013,832.0,830.0,817.0,825.0,-0.84,5312.0,1224.0,211.0
NIB,9/23/2013,825.0,822.0,810.0,820.0,-0.61,5824.0,1224.0,211.0
NIB,9/24/2013,820.0,848.0,819.0,848.0,3.41,2262.0,1224.0,211.0
NIB,9/25/2013,848.0,840.0,820.0,825.0,-2.71,3291.0,1224.0,211.0
NIB,9/26/2013,825.0,840.0,825.0,835.0,1.21,4883.0,1224.0,211.0
NIB,9/29/2013,835.0,835.0,823.0,832.0,-0.36,5201.0,1224.0,211.0
NIB,9/30/2013,832.0,845.0,827.0,828.0,-0.48,6271.0,1224.0,211.0
NIB,10/1/2013,828.0,829.0,823.0,823.0,-0.6,2597.0,1224.0,211.0
NIB,10/2/2013,823.0,824.0,820.0,820.0,-0.36,2363.0,1224.0,211.0
NIB,10/3/2013,820.0,830.0,815.0,823.0,0.37,7375.0,1224.0,211.0
NIB,10/6/2013,823.0,836.0,826.0,836.0,1.58,2902.0,1224.0,211.0
NIB,10/7/2013,836.0,847.0,837.0,847.0,1.32,2285.0,1224.0,211.0
NIB,10/8/2013,847.0,851.0,840.0,851.0,0.47,1265.0,1224.0,211.0
NIB,10/9/2013,851.0,852.0,845.0,852.0,0.12,2797.0,1224.0,211.0
NIB,10/10/2013,852.0,862.0,851.0,860.0,0.94,3377.0,1224.0,211.0
NIB,10/17/2013,860.0,865.0,864.0,864.0,0.47,288.0,1224.0,211.0
NIB,10/20/2013,864.0,891.0,881.0,886.0,2.55,5186.0,1224.0,211.0
NIB,10/21/2013,886.0,911.0,872.0,894.0,0.9,9166.0,1224.0,211.0
NIB,10/22/2013,894.0,888.0,880.0,880.0,-1.57,3560.0,1224.0,211.0
NIB,10/23/2013,880.0,880.0,872.0,880.0,0.0,2741.0,1224.0,211.0
NIB,10/24/2013,880.0,880.0,872.0,872.0,-0.91,2532.0,1224.0,211.0
NIB,10/27/2013,872.0,882.0,861.0,875.0,0.34,9982.0,1224.0,211.0
NIB,10/28/2013,875.0,878.0,870.0,877.0,0.23,5174.0,1224.0,211.0
NIB,10/29/2013,877.0,883.0,865.0,879.0,0.23,8018.0,1224.0,211.0
NIB,10/30/2013,879.0,890.0,874.0,880.0,0.11,5273.0,1224.0,211.0
NIB,10/31/2013,880.0,880.0,835.0,846.0,-3.86,14071.0,1224.0,211.0
NIB,11/6/2013,846.0,855.0,832.0,846.0,0.0,3706.0,1224.0,211.0
NIB,11/7/2013,846.0,836.0,831.0,831.0,-1.77,2042.0,1224.0,211.0
NIB,11/10/2013,831.0,828.0,820.0,820.0,-1.32,2791.0,1224.0,211.0
NIB,11/11/2013,820.0,846.0,816.0,845.0,3.05,5037.0,1224.0,211.0
NIB,11/12/2013,845.0,877.0,850.0,861.0,1.89,3106.0,1224.0,211.0
NIB,11/13/2013,861.0,874.0,850.0,852.0,-1.05,5327.0,1224.0,211.0
NIB,11/14/2013,852.0,850.0,836.0,850.0,-0.23,5627.0,1224.0,211.0
NIB,11/21/2013,850.0,935.0,867.0,934.0,9.88,9564.0,1224.0,211.0
NIB,11/24/2013,934.0,988.0,900.0,925.0,-0.96,20314.0,1224.0,211.0
NIB,11/25/2013,925.0,926.0,882.0,903.0,-2.38,9567.0,1224.0,211.0
NIB,11/26/2013,903.0,921.0,885.0,902.0,-0.11,12240.0,1224.0,211.0
NIB,11/27/2013,902.0,905.0,865.0,890.0,-1.33,17604.0,1224.0,211.0
NIB,11/28/2013,890.0,890.0,880.0,880.0,-1.12,3535.0,1224.0,211.0
NIB,12/1/2013,880.0,890.0,876.0,880.0,0.0,5118.0,1224.0,211.0
NIB,12/2/2013,880.0,894.0,876.0,885.0,0.57,7823.0,1224.0,211.0
NIB,12/3/2013,885.0,915.0,890.0,914.0,3.28,20640.0,1224.0,211.0
NIB,12/4/2013,914.0,966.0,890.0,938.0,2.63,20943.0,1224.0,211.0
NIB,12/5/2013,938.0,982.0,911.0,933.0,-0.53,20810.0,1224.0,211.0
NIB,12/8/2013,933.0,941.0,918.0,920.0,-1.39,13839.0,1224.0,211.0
NIB,12/9/2013,920.0,950.0,930.0,950.0,3.26,21654.0,1224.0,211.0
NIB,12/10/2013,950.0,959.0,941.0,951.0,0.11,39097.0,1224.0,211.0
NIB,12/11/2013,865.0,916.0,882.0,916.0,-3.68,126.0,1224.0,211.0
NIB,12/12/2013,916.0,898.0,870.0,880.0,-3.93,4503.0,1224.0,211.0
NIB,12/15/2013,880.0,897.0,851.0,897.0,1.93,6415.0,1224.0,211.0
NIB,12/16/2013,897.0,971.0,914.0,971.0,8.25,3982.0,1224.0,211.0
NIB,12/18/2013,971.0,1068.0,985.0,1067.0,9.89,13575.0,1224.0,211.0
NIB,12/19/2013,1067.0,1080.0,995.0,1050.0,-1.59,13092.0,1224.0,211.0
NIB,12/22/2013,1050.0,1060.0,1025.0,1036.0,-1.33,13522.0,1224.0,211.0
NIB,12/23/2013,1036.0,1020.0,986.0,986.0,-4.83,8064.0,1224.0,211.0
NIB,12/24/2013,986.0,1020.0,965.0,1005.0,1.93,8545.0,1224.0,211.0
NIB,12/26/2013,1005.0,1085.0,1025.0,1033.0,2.79,5126.0,1224.0,211.0
NIB,12/29/2013,1033.0,1050.0,1000.0,1005.0,-2.71,11525.0,1224.0,211.0
NIB,12/31/2013,1005.0,1025.0,995.0,1010.0,0.5,4690.0,1224.0,211.0
NIB,1/1/2014,1010.0,1000.0,962.0,980.0,-2.97,2496.0,1224.0,211.0
NIB,1/2/2014,980.0,1000.0,943.0,1000.0,2.04,7138.0,1224.0,211.0
NIB,1/5/2014,1000.0,996.0,980.0,990.0,-1.0,4275.0,1224.0,211.0
NIB,1/6/2014,990.0,990.0,972.0,974.0,-1.62,3833.0,1224.0,211.0
NIB,1/7/2014,974.0,990.0,951.0,980.0,0.62,1899.0,1224.0,211.0
NIB,1/8/2014,980.0,1010.0,995.0,1004.0,2.45,4057.0,1224.0,211.0
NIB,1/9/2014,1004.0,1004.0,990.0,1004.0,0.0,2911.0,1224.0,211.0
NIB,1/12/2014,1004.0,1016.0,1000.0,1006.0,0.2,7592.0,1224.0,211.0
NIB,1/13/2014,1006.0,1014.0,997.0,1007.0,0.1,8593.0,1224.0,211.0
NIB,1/14/2014,1007.0,1010.0,995.0,1010.0,0.3,6543.0,1224.0,211.0
NIB,1/16/2014,1010.0,1044.0,1010.0,1032.0,2.18,3835.0,1224.0,211.0
NIB,1/19/2014,1032.0,1025.0,1000.0,1020.0,-1.16,8997.0,1224.0,211.0
NIB,1/20/2014,1020.0,1015.0,990.0,1000.0,-1.96,4471.0,1224.0,211.0
NIB,1/21/2014,1000.0,1005.0,993.0,996.0,-0.4,3512.0,1224.0,211.0
NIB,1/22/2014,996.0,1003.0,980.0,999.0,0.3,2921.0,1224.0,211.0
NIB,1/23/2014,999.0,1005.0,990.0,992.0,-0.7,1602.0,1224.0,211.0
NIB,1/26/2014,992.0,989.0,970.0,970.0,-2.22,587.0,1224.0,211.0
NIB,1/27/2014,970.0,989.0,965.0,965.0,-0.52,1217.0,1224.0,211.0
NIB,1/28/2014,965.0,989.0,962.0,969.0,0.41,2640.0,1224.0,211.0
NIB,1/29/2014,969.0,974.0,950.0,950.0,-1.96,4460.0,1224.0,211.0
NIB,2/2/2014,950.0,960.0,930.0,931.0,-2.0,6906.0,1224.0,211.0
NIB,2/3/2014,931.0,955.0,925.0,930.0,-0.11,2305.0,1224.0,211.0
NIB,2/4/2014,930.0,940.0,924.0,935.0,0.54,7976.0,1224.0,211.0
NIB,2/6/2014,940.0,949.0,920.0,946.0,1.18,4666.0,1224.0,211.0
NIB,2/9/2014,946.0,943.0,915.0,916.0,-3.17,2694.0,1224.0,211.0
NIB,2/10/2014,916.0,1005.0,934.0,954.0,4.15,11325.0,1224.0,211.0
NIB,2/11/2014,954.0,971.0,940.0,956.0,0.21,3533.0,1224.0,211.0
NIB,2/12/2014,956.0,951.0,932.0,935.0,-2.2,3089.0,1224.0,211.0
NIB,2/13/2014,935.0,941.0,922.0,941.0,0.64,4957.0,1224.0,211.0
NIB,2/16/2014,941.0,949.0,930.0,948.0,0.74,3088.0,1224.0,211.0
NIB,2/17/2014,948.0,940.0,918.0,930.0,-1.9,4245.0,1224.0,211.0
NIB,2/18/2014,930.0,945.0,930.0,938.0,0.86,5412.0,1224.0,211.0
NIB,2/20/2014,938.0,956.0,931.0,953.0,1.6,11788.0,1224.0,211.0
NIB,2/23/2014,953.0,990.0,945.0,969.0,1.68,10620.0,1224.0,211.0
NIB,2/24/2014,969.0,1000.0,953.0,970.0,0.1,11167.0,1224.0,211.0
NIB,2/25/2014,970.0,988.0,955.0,974.0,0.41,2899.0,1224.0,211.0
NIB,2/26/2014,974.0,993.0,940.0,946.0,-2.87,6010.0,1224.0,211.0
NIB,3/3/2014,946.0,950.0,920.0,930.0,-1.69,2871.0,1224.0,211.0
NIB,3/4/2014,930.0,929.0,897.0,906.0,-2.58,3433.0,1224.0,211.0
NIB,3/5/2014,906.0,937.0,906.0,933.0,2.98,2588.0,1224.0,211.0
NIB,3/6/2014,933.0,930.0,910.0,910.0,-2.47,6195.0,1224.0,211.0
NIB,3/9/2014,910.0,901.0,900.0,900.0,-1.1,557.0,1224.0,211.0
NIB,3/10/2014,900.0,905.0,880.0,897.0,-0.33,3240.0,1224.0,211.0
NIB,3/11/2014,897.0,897.0,882.0,885.0,-1.34,4180.0,1224.0,211.0
NIB,3/12/2014,885.0,890.0,856.0,866.0,-2.15,3714.0,1224.0,211.0
NIB,3/13/2014,866.0,900.0,870.0,870.0,0.46,2500.0,1224.0,211.0
NIB,3/17/2014,870.0,855.0,838.0,852.0,-2.07,16031.0,1224.0,211.0
NIB,3/18/2014,852.0,842.0,830.0,830.0,-2.58,4412.0,1224.0,211.0
NIB,3/19/2014,830.0,900.0,844.0,844.0,1.69,3171.0,1224.0,211.0
NIB,3/20/2014,844.0,882.0,844.0,882.0,4.5,6623.0,1224.0,211.0
NIB,3/23/2014,882.0,886.0,870.0,882.0,0.0,9097.0,1224.0,211.0
NIB,3/24/2014,882.0,901.0,892.0,895.0,1.47,2295.0,1224.0,211.0
NIB,3/25/2014,895.0,899.0,870.0,880.0,-1.68,3442.0,1224.0,211.0
NIB,3/26/2014,880.0,882.0,860.0,860.0,-2.27,7949.0,1224.0,211.0
NIB,3/27/2014,860.0,869.0,850.0,851.0,-1.05,2739.0,1224.0,211.0
NIB,3/31/2014,851.0,860.0,845.0,860.0,1.06,5044.0,1224.0,211.0
NIB,4/1/2014,860.0,880.0,860.0,872.0,1.4,7016.0,1224.0,211.0
NIB,4/2/2014,872.0,877.0,865.0,875.0,0.34,7207.0,1224.0,211.0
NIB,4/3/2014,875.0,874.0,857.0,858.0,-1.94,4645.0,1224.0,211.0
NIB,4/6/2014,858.0,859.0,850.0,854.0,-0.47,1454.0,1224.0,211.0
NIB,4/7/2014,854.0,870.0,846.0,852.0,-0.23,2406.0,1224.0,211.0
NIB,4/9/2014,852.0,850.0,822.0,842.0,-1.17,6818.0,1224.0,211.0
NIB,4/10/2014,842.0,858.0,837.0,852.0,1.19,6828.0,1224.0,211.0
NIB,4/13/2014,852.0,864.0,850.0,861.0,1.06,3180.0,1224.0,211.0
NIB,4/15/2014,861.0,870.0,855.0,855.0,-0.7,4240.0,1224.0,211.0
NIB,4/16/2014,855.0,850.0,840.0,842.0,-1.52,2609.0,1224.0,211.0
NIB,4/17/2014,842.0,855.0,833.0,840.0,-0.24,4387.0,1224.0,211.0
NIB,4/20/2014,840.0,840.0,830.0,830.0,-1.19,6441.0,1224.0,211.0
NIB,4/21/2014,830.0,841.0,819.0,841.0,1.33,4555.0,1224.0,211.0
NIB,4/22/2014,841.0,846.0,825.0,845.0,0.48,3842.0,1224.0,211.0
NIB,4/23/2014,845.0,850.0,835.0,845.0,0.0,2490.0,1224.0,211.0
NIB,4/27/2014,845.0,843.0,821.0,830.0,-1.78,3531.0,1224.0,211.0
NIB,4/28/2014,830.0,830.0,810.0,810.0,-2.41,9262.0,1224.0,211.0
NIB,4/29/2014,810.0,836.0,820.0,834.0,2.96,4545.0,1224.0,211.0
NIB,4/30/2014,834.0,835.0,828.0,835.0,0.12,2926.0,1224.0,211.0
NIB,5/4/2014,835.0,839.0,825.0,832.0,-0.36,2838.0,1224.0,211.0
NIB,5/5/2014,832.0,858.0,830.0,858.0,3.12,6015.0,1224.0,211.0
NIB,5/6/2014,858.0,900.0,874.0,892.0,3.96,3494.0,1224.0,211.0
NIB,5/7/2014,892.0,904.0,881.0,881.0,-1.23,4196.0,1224.0,211.0
NIB,5/8/2014,881.0,890.0,850.0,850.0,-3.52,1860.0,1224.0,211.0
NIB,5/11/2014,850.0,870.0,835.0,841.0,-1.06,2968.0,1224.0,211.0
NIB,5/12/2014,841.0,860.0,837.0,846.0,0.59,2557.0,1224.0,211.0
NIB,5/13/2014,846.0,865.0,848.0,860.0,1.65,3403.0,1224.0,211.0
NIB,5/15/2014,860.0,877.0,855.0,865.0,0.58,2300.0,1224.0,211.0
NIB,5/18/2014,865.0,866.0,855.0,866.0,0.12,8064.0,1224.0,211.0
NIB,5/19/2014,866.0,880.0,850.0,855.0,-1.27,3344.0,1224.0,211.0
NIB,5/20/2014,855.0,856.0,839.0,842.0,-1.52,5347.0,1224.0,211.0
NIB,5/21/2014,842.0,847.0,835.0,841.0,-0.12,2840.0,1224.0,211.0
NIB,5/22/2014,841.0,846.0,837.0,840.0,-0.12,2921.0,1224.0,211.0
NIB,5/25/2014,840.0,856.0,837.0,840.0,0.0,4852.0,1224.0,211.0
NIB,5/26/2014,840.0,845.0,831.0,831.0,-1.07,6539.0,1224.0,211.0
NIB,5/27/2014,831.0,837.0,828.0,830.0,-0.12,9204.0,1224.0,211.0
NIB,5/28/2014,830.0,840.0,826.0,826.0,-0.48,6388.0,1224.0,211.0
NIB,6/1/2014,826.0,850.0,824.0,840.0,1.69,6000.0,1224.0,211.0
NIB,6/2/2014,840.0,858.0,845.0,856.0,1.9,1714.0,1224.0,211.0
NIB,6/3/2014,856.0,870.0,860.0,868.0,1.4,7720.0,1224.0,211.0
NIB,6/4/2014,868.0,874.0,858.0,858.0,-1.15,3330.0,1224.0,211.0
NIB,6/5/2014,858.0,860.0,841.0,855.0,-0.35,4296.0,1224.0,211.0
NIB,6/8/2014,855.0,869.0,855.0,862.0,0.82,5312.0,1224.0,211.0
NIB,6/9/2014,862.0,869.0,860.0,867.0,0.58,8468.0,1224.0,211.0
NIB,6/10/2014,867.0,900.0,870.0,889.0,2.54,6410.0,1224.0,211.0
NIB,6/11/2014,889.0,919.0,899.0,903.0,1.57,8453.0,1224.0,211.0
NIB,6/12/2014,903.0,910.0,893.0,901.0,-0.22,7203.0,1224.0,211.0
NIB,6/15/2014,901.0,933.0,893.0,925.0,2.66,18827.0,1224.0,211.0
NIB,6/16/2014,925.0,958.0,925.0,950.0,2.7,10121.0,1224.0,211.0
NIB,6/17/2014,950.0,966.0,925.0,945.0,-0.53,10047.0,1224.0,211.0
NIB,6/18/2014,945.0,959.0,931.0,931.0,-1.48,3682.0,1224.0,211.0
NIB,6/19/2014,931.0,925.0,910.0,918.0,-1.4,4423.0,1224.0,211.0
NIB,6/23/2014,918.0,918.0,901.0,911.0,-0.76,2727.0,1224.0,211.0
NIB,6/24/2014,911.0,919.0,907.0,907.0,-0.44,3216.0,1224.0,211.0
NIB,6/25/2014,907.0,922.0,895.0,922.0,1.65,5675.0,1224.0,211.0
NIB,6/26/2014,922.0,925.0,915.0,915.0,-0.76,5258.0,1224.0,211.0
NIB,6/29/2014,915.0,951.0,915.0,915.0,0.0,5236.0,1224.0,211.0
NIB,6/30/2014,915.0,927.0,915.0,927.0,1.31,4828.0,1224.0,211.0
NIB,7/1/2014,927.0,934.0,912.0,930.0,0.32,21975.0,1224.0,211.0
NIB,7/2/2014,930.0,950.0,930.0,950.0,2.15,9750.0,1224.0,211.0
NIB,7/3/2014,950.0,956.0,930.0,940.0,-1.05,6878.0,1224.0,211.0
NIB,7/6/2014,940.0,941.0,930.0,930.0,-1.06,1386.0,1224.0,211.0
NIB,7/7/2014,930.0,951.0,912.0,945.0,1.61,5107.0,1224.0,211.0
NIB,7/8/2014,945.0,975.0,930.0,960.0,1.59,13887.0,1224.0,211.0
NIB,7/9/2014,960.0,979.0,954.0,979.0,1.98,3026.0,1224.0,211.0
NIB,7/10/2014,979.0,1003.0,960.0,1000.0,2.15,11806.0,1224.0,211.0
NIB,7/13/2014,1000.0,1055.0,1000.0,1004.0,0.4,9066.0,1224.0,211.0
NIB,7/14/2014,1004.0,1003.0,961.0,996.0,-0.8,2421.0,1224.0,211.0
NIB,7/15/2014,996.0,977.0,960.0,960.0,-3.61,541.0,1224.0,211.0
NIB,7/16/2014,960.0,999.0,965.0,990.0,3.12,6557.0,1224.0,211.0
NIB,7/17/2014,990.0,1050.0,980.0,1050.0,6.06,22408.0,1224.0,211.0
NIB,7/20/2014,1050.0,1125.0,1051.0,1100.0,4.76,25823.0,1224.0,211.0
NIB,7/21/2014,1100.0,1130.0,1080.0,1090.0,-0.91,19629.0,1224.0,211.0
NIB,7/22/2014,1090.0,1086.0,1050.0,1080.0,-0.92,12848.0,1224.0,211.0
NIB,7/23/2014,1080.0,1100.0,1061.0,1079.0,-0.09,7731.0,1224.0,211.0
NIB,7/24/2014,1079.0,1099.0,1070.0,1073.0,-0.56,7399.0,1224.0,211.0
NIB,7/27/2014,1073.0,1084.0,1042.0,1042.0,-2.89,2251.0,1224.0,211.0
NIB,7/28/2014,1042.0,1060.0,1022.0,1054.0,1.15,3355.0,1224.0,211.0
NIB,7/30/2014,1054.0,1060.0,1034.0,1039.0,-1.42,7706.0,1224.0,211.0
NIB,7/31/2014,1039.0,1060.0,1036.0,1060.0,2.02,5407.0,1224.0,211.0
NIB,8/3/2014,1060.0,1065.0,1032.0,1050.0,-0.94,5568.0,1224.0,211.0
NIB,8/4/2014,1050.0,1029.0,1011.0,1015.0,-3.33,5855.0,1224.0,211.0
NIB,8/5/2014,1015.0,1035.0,1005.0,1015.0,0.0,5967.0,1224.0,211.0
NIB,8/6/2014,1015.0,1030.0,1005.0,1006.0,-0.89,3035.0,1224.0,211.0
NIB,8/7/2014,1006.0,1026.0,983.0,1026.0,1.99,5908.0,1224.0,211.0
NIB,8/12/2014,1026.0,1020.0,995.0,995.0,-3.02,1783.0,1224.0,211.0
NIB,8/13/2014,995.0,1010.0,957.0,990.0,-0.5,5683.0,1224.0,211.0
NIB,8/14/2014,990.0,1005.0,980.0,980.0,-1.01,3578.0,1224.0,211.0
NIB,8/18/2014,980.0,985.0,950.0,962.0,-1.84,3962.0,1224.0,211.0
NIB,8/19/2014,962.0,965.0,941.0,951.0,-1.14,7342.0,1224.0,211.0
NIB,8/20/2014,951.0,965.0,932.0,945.0,-0.63,9182.0,1224.0,211.0
NIB,8/21/2014,945.0,950.0,909.0,944.0,-0.11,5481.0,1224.0,211.0
NIB,8/24/2014,944.0,950.0,930.0,930.0,-1.48,3079.0,1224.0,211.0
NIB,8/25/2014,930.0,912.0,880.0,895.0,-3.76,4805.0,1224.0,211.0
NIB,8/26/2014,895.0,918.0,841.0,845.0,-5.59,8743.0,1224.0,211.0
NIB,8/27/2014,845.0,920.0,861.0,899.0,6.39,12391.0,1224.0,211.0
NIB,8/28/2014,899.0,940.0,900.0,900.0,0.11,10548.0,1224.0,211.0
NIB,8/31/2014,900.0,901.0,886.0,890.0,-1.11,5261.0,1224.0,211.0
NIB,9/1/2014,890.0,902.0,845.0,900.0,1.12,6600.0,1224.0,211.0
NIB,9/3/2014,900.0,890.0,866.0,878.0,-2.44,2155.0,1224.0,211.0
NIB,9/4/2014,878.0,866.0,850.0,865.0,-1.48,4022.0,1224.0,211.0
NIB,9/7/2014,865.0,870.0,790.0,800.0,-7.51,5100.0,1224.0,211.0
NIB,9/9/2014,800.0,848.0,816.0,840.0,5.0,11535.0,1224.0,211.0
NIB,9/10/2014,840.0,907.0,851.0,859.0,2.26,8603.0,1224.0,211.0
NIB,9/11/2014,859.0,920.0,826.0,914.0,6.4,10923.0,1224.0,211.0
NIB,9/14/2014,914.0,936.0,891.0,909.0,-0.55,22634.0,1224.0,211.0
NIB,9/15/2014,909.0,911.0,899.0,902.0,-0.77,9054.0,1224.0,211.0
NIB,9/16/2014,902.0,907.0,895.0,905.0,0.33,9220.0,1224.0,211.0
NIB,9/17/2014,905.0,928.0,900.0,908.0,0.33,6066.0,1224.0,211.0
NIB,9/18/2014,908.0,900.0,879.0,879.0,-3.19,2276.0,1224.0,211.0
NIB,9/21/2014,879.0,879.0,857.0,859.0,-2.28,4286.0,1224.0,211.0
NIB,9/22/2014,859.0,870.0,850.0,865.0,0.7,3770.0,1224.0,211.0
NIB,9/23/2014,865.0,890.0,860.0,881.0,1.85,3736.0,1224.0,211.0
NIB,9/24/2014,881.0,905.0,880.0,895.0,1.59,3708.0,1224.0,211.0
NIB,9/28/2014,895.0,930.0,910.0,930.0,3.91,1492.0,1224.0,211.0
NIB,9/29/2014,930.0,944.0,914.0,940.0,1.08,3458.0,1224.0,211.0
NIB,9/30/2014,940.0,952.0,920.0,925.0,-1.6,5965.0,1224.0,211.0
NIB,10/8/2014,925.0,943.0,912.0,920.0,-0.54,17880.0,1224.0,211.0
NIB,10/9/2014,920.0,790.0,787.0,787.0,-14.46,1522.0,1224.0,211.0
NIB,10/12/2014,787.0,772.0,750.0,750.0,-4.7,340.0,1224.0,211.0
NIB,10/13/2014,750.0,769.0,760.0,760.0,1.33,1514.0,1224.0,211.0
NIB,10/14/2014,760.0,775.0,765.0,768.0,1.05,1778.0,1224.0,211.0
NIB,10/15/2014,768.0,783.0,770.0,783.0,1.95,205.0,1224.0,211.0
NIB,10/16/2014,783.0,795.0,765.0,765.0,-2.3,1460.0,1224.0,211.0
NIB,10/19/2014,765.0,770.0,765.0,770.0,0.65,787.0,1224.0,211.0
NIB,10/20/2014,770.0,784.0,758.0,784.0,1.82,2655.0,1224.0,211.0
NIB,10/21/2014,784.0,797.0,784.0,786.0,0.26,338.0,1224.0,211.0
NIB,10/22/2014,786.0,783.0,783.0,783.0,-0.38,671.0,1224.0,211.0
NIB,10/26/2014,783.0,768.0,768.0,768.0,-1.92,25.0,1224.0,211.0
NIB,10/27/2014,768.0,775.0,768.0,775.0,0.91,633.0,1224.0,211.0
NIB,10/28/2014,775.0,780.0,770.0,775.0,0.0,877.0,1224.0,211.0
NIB,10/30/2014,775.0,770.0,765.0,765.0,-1.29,242.0,1224.0,211.0
NIB,11/2/2014,765.0,764.0,755.0,755.0,-1.31,673.0,1224.0,211.0
NIB,11/3/2014,755.0,755.0,740.0,740.0,-1.99,2271.0,1224.0,211.0
NIB,11/4/2014,740.0,740.0,727.0,733.0,-0.95,999.0,1224.0,211.0
NIB,11/5/2014,733.0,747.0,739.0,740.0,0.95,515.0,1224.0,211.0
NIB,11/6/2014,740.0,740.0,729.0,740.0,0.0,1075.0,1224.0,211.0
NIB,11/9/2014,740.0,730.0,720.0,728.0,-1.62,1130.0,1224.0,211.0
NIB,11/10/2014,728.0,725.0,717.0,725.0,-0.41,1453.0,1224.0,211.0
NIB,11/11/2014,725.0,725.0,711.0,715.0,-1.38,2410.0,1224.0,211.0
NIB,11/12/2014,715.0,720.0,695.0,702.0,-1.82,5656.0,1224.0,211.0
NIB,11/13/2014,702.0,716.0,695.0,705.0,0.43,2763.0,1224.0,211.0
NIB,11/16/2014,705.0,705.0,700.0,701.0,-0.57,1303.0,1224.0,211.0
NIB,11/17/2014,701.0,700.0,679.0,695.0,-0.86,2742.0,1224.0,211.0
NIB,11/18/2014,695.0,700.0,690.0,700.0,0.72,1809.0,1224.0,211.0
NIB,11/19/2014,700.0,706.0,695.0,700.0,0.0,1613.0,1224.0,211.0
NIB,11/20/2014,700.0,715.0,701.0,710.0,1.43,2860.0,1224.0,211.0
NIB,11/23/2014,710.0,740.0,710.0,720.0,1.41,4761.0,1224.0,211.0
NIB,11/24/2014,720.0,729.0,695.0,706.0,-1.94,3630.0,1224.0,211.0
NIB,11/25/2014,706.0,705.0,685.0,690.0,-2.27,2722.0,1224.0,211.0
NIB,11/30/2014,690.0,700.0,685.0,690.0,0.0,833.0,1224.0,211.0
NIB,12/1/2014,690.0,686.0,675.0,675.0,-2.17,2864.0,1224.0,211.0
NIB,12/2/2014,675.0,670.0,650.0,670.0,-0.74,6540.0,1224.0,211.0
NIB,12/3/2014,670.0,690.0,670.0,675.0,0.75,3063.0,1224.0,211.0
NIB,12/4/2014,675.0,681.0,665.0,669.0,-0.89,3466.0,1224.0,211.0
NIB,12/7/2014,669.0,670.0,656.0,660.0,-1.35,7249.0,1224.0,211.0
NIB,12/8/2014,660.0,651.0,647.0,651.0,-1.36,5181.0,1224.0,211.0
NIB,12/9/2014,651.0,658.0,650.0,656.0,0.77,3142.0,1224.0,211.0
NIB,12/10/2014,656.0,676.0,650.0,664.0,1.22,4605.0,1224.0,211.0
NIB,12/11/2014,664.0,680.0,655.0,675.0,1.66,1912.0,1224.0,211.0
NIB,12/14/2014,675.0,722.0,688.0,717.0,6.22,6843.0,1224.0,211.0
NIB,12/15/2014,717.0,755.0,703.0,721.0,0.56,5719.0,1224.0,211.0
NIB,12/16/2014,721.0,730.0,714.0,720.0,-0.14,8836.0,1224.0,211.0
NIB,12/17/2014,720.0,720.0,706.0,720.0,0.0,3022.0,1224.0,211.0
NIB,12/18/2014,720.0,725.0,711.0,717.0,-0.42,2246.0,1224.0,211.0
NIB,12/21/2014,717.0,710.0,703.0,707.0,-1.39,1275.0,1224.0,211.0
NIB,12/22/2014,707.0,700.0,675.0,675.0,-4.53,2638.0,1224.0,211.0
NIB,12/23/2014,675.0,686.0,666.0,685.0,1.48,6558.0,1224.0,211.0
NIB,12/24/2014,685.0,700.0,685.0,699.0,2.04,2072.0,1224.0,211.0
NIB,12/28/2014,699.0,724.0,709.0,714.0,2.15,2752.0,1224.0,211.0
NIB,12/29/2014,714.0,715.0,700.0,715.0,0.14,2199.0,1224.0,211.0
NIB,12/31/2014,715.0,715.0,701.0,709.0,-0.84,2005.0,1224.0,211.0
NIB,1/1/2015,709.0,720.0,709.0,718.0,1.27,849.0,1224.0,211.0
NIB,1/4/2015,718.0,735.0,720.0,735.0,2.37,6534.0,1224.0,211.0
NIB,1/5/2015,735.0,760.0,726.0,734.0,-0.14,5637.0,1224.0,211.0
NIB,1/6/2015,734.0,740.0,726.0,735.0,0.14,3801.0,1224.0,211.0
NIB,1/7/2015,735.0,741.0,729.0,736.0,0.14,3351.0,1224.0,211.0
NIB,1/8/2015,736.0,750.0,734.0,735.0,-0.14,3454.0,1224.0,211.0
NIB,1/11/2015,735.0,732.0,709.0,715.0,-2.72,5430.0,1224.0,211.0
NIB,1/12/2015,715.0,726.0,710.0,720.0,0.7,5958.0,1224.0,211.0
NIB,1/13/2015,720.0,728.0,710.0,728.0,1.11,3106.0,1224.0,211.0
NIB,1/14/2015,728.0,730.0,729.0,730.0,0.27,2906.0,1224.0,211.0
NIB,1/18/2015,730.0,735.0,721.0,735.0,0.68,2154.0,1224.0,211.0
NIB,1/19/2015,735.0,793.0,739.0,750.0,2.04,11456.0,1224.0,211.0
NIB,1/20/2015,750.0,768.0,725.0,733.0,-2.27,2582.0,1224.0,211.0
NIB,1/22/2015,733.0,745.0,719.0,745.0,1.64,2753.0,1224.0,211.0
NIB,1/25/2015,745.0,760.0,745.0,755.0,1.34,4286.0,1224.0,211.0
NIB,1/26/2015,755.0,770.0,750.0,750.0,-0.66,6670.0,1224.0,211.0
NIB,1/27/2015,750.0,770.0,750.0,770.0,2.67,2180.0,1224.0,211.0
NIB,1/28/2015,770.0,785.0,772.0,780.0,1.3,6670.0,1224.0,211.0
NIB,1/29/2015,780.0,790.0,760.0,781.0,0.13,8230.0,1224.0,211.0
NIB,2/1/2015,781.0,790.0,770.0,774.0,-0.9,2882.0,1224.0,211.0
NIB,2/2/2015,774.0,787.0,772.0,772.0,-0.26,3549.0,1224.0,211.0
NIB,2/3/2015,772.0,779.0,774.0,774.0,0.26,1504.0,1224.0,211.0
NIB,2/4/2015,774.0,772.0,760.0,760.0,-1.81,5369.0,1224.0,211.0
NIB,2/5/2015,760.0,770.0,764.0,765.0,0.66,3637.0,1224.0,211.0
NIB,2/8/2015,765.0,775.0,758.0,770.0,0.65,3400.0,1224.0,211.0
NIB,2/9/2015,770.0,780.0,749.0,761.0,-1.17,3123.0,1224.0,211.0
NIB,2/10/2015,761.0,760.0,750.0,750.0,-1.45,4498.0,1224.0,211.0
NIB,2/11/2015,750.0,754.0,750.0,754.0,0.53,594.0,1224.0,211.0
NIB,2/12/2015,754.0,753.0,745.0,750.0,-0.53,4285.0,1224.0,211.0
NIB,2/15/2015,750.0,760.0,750.0,750.0,0.0,3875.0,1224.0,211.0
NIB,2/16/2015,750.0,755.0,746.0,748.0,-0.27,825.0,1224.0,211.0
NIB,2/18/2015,748.0,751.0,741.0,741.0,-0.94,2737.0,1224.0,211.0
NIB,2/22/2015,741.0,742.0,735.0,739.0,-0.27,3703.0,1224.0,211.0
NIB,2/23/2015,739.0,739.0,725.0,734.0,-0.68,3181.0,1224.0,211.0
NIB,2/24/2015,734.0,733.0,727.0,730.0,-0.54,2939.0,1224.0,211.0
NIB,2/25/2015,730.0,730.0,725.0,726.0,-0.55,1966.0,1224.0,211.0
NIB,2/26/2015,726.0,729.0,725.0,727.0,0.14,1720.0,1224.0,211.0
NIB,3/1/2015,727.0,741.0,713.0,732.0,0.69,5248.0,1224.0,211.0
NIB,3/2/2015,732.0,739.0,735.0,739.0,0.96,1489.0,1224.0,211.0
NIB,3/3/2015,739.0,738.0,730.0,731.0,-1.08,2424.0,1224.0,211.0
NIB,3/4/2015,731.0,735.0,728.0,731.0,0.0,3398.0,1224.0,211.0
NIB,3/9/2015,731.0,745.0,735.0,740.0,1.23,1581.0,1224.0,211.0
NIB,3/10/2015,740.0,740.0,735.0,740.0,0.0,1484.0,1224.0,211.0
NIB,3/11/2015,740.0,741.0,740.0,740.0,0.0,509.0,1224.0,211.0
NIB,3/12/2015,740.0,740.0,735.0,740.0,0.0,491.0,1224.0,211.0
NIB,3/15/2015,740.0,740.0,730.0,730.0,-1.35,1294.0,1224.0,211.0
NIB,3/16/2015,730.0,730.0,716.0,719.0,-1.51,1427.0,1224.0,211.0
NIB,3/17/2015,719.0,727.0,715.0,725.0,0.83,2227.0,1224.0,211.0
NIB,3/18/2015,725.0,720.0,707.0,720.0,-0.69,6490.0,1224.0,211.0
NIB,3/19/2015,720.0,728.0,716.0,725.0,0.69,3229.0,1224.0,211.0
NIB,3/22/2015,725.0,730.0,725.0,726.0,0.14,1024.0,1224.0,211.0
NIB,3/23/2015,726.0,726.0,706.0,706.0,-2.75,1007.0,1224.0,211.0
NIB,3/24/2015,706.0,703.0,700.0,703.0,-0.42,2659.0,1224.0,211.0
NIB,3/25/2015,703.0,707.0,700.0,707.0,0.57,3726.0,1224.0,211.0
NIB,3/26/2015,707.0,710.0,700.0,709.0,0.28,1304.0,1224.0,211.0
NIB,3/29/2015,709.0,711.0,700.0,704.0,-0.71,3937.0,1224.0,211.0
NIB,3/30/2015,704.0,714.0,700.0,714.0,1.42,2345.0,1224.0,211.0
NIB,3/31/2015,714.0,724.0,713.0,713.0,-0.14,1852.0,1224.0,211.0
NIB,4/1/2015,713.0,715.0,710.0,710.0,-0.42,1963.0,1224.0,211.0
NIB,4/2/2015,710.0,717.0,712.0,717.0,0.99,538.0,1224.0,211.0
NIB,4/5/2015,717.0,724.0,710.0,710.0,-0.98,3479.0,1224.0,211.0
NIB,4/6/2015,710.0,711.0,703.0,706.0,-0.56,2402.0,1224.0,211.0
NIB,4/7/2015,706.0,715.0,708.0,711.0,0.71,339.0,1224.0,211.0
NIB,4/8/2015,711.0,721.0,713.0,721.0,1.41,1555.0,1224.0,211.0
NIB,4/9/2015,721.0,726.0,719.0,725.0,0.55,1151.0,1224.0,211.0
NIB,4/12/2015,725.0,725.0,715.0,715.0,-1.38,2834.0,1224.0,211.0
NIB,4/13/2015,715.0,708.0,700.0,708.0,-0.98,4639.0,1224.0,211.0
NIB,4/15/2015,708.0,714.0,700.0,712.0,0.56,1324.0,1224.0,211.0
NIB,4/16/2015,712.0,720.0,705.0,720.0,1.12,663.0,1224.0,211.0
NIB,4/19/2015,720.0,715.0,710.0,715.0,-0.69,423.0,1224.0,211.0
NIB,4/20/2015,715.0,722.0,703.0,716.0,0.14,572.0,1224.0,211.0
NIB,4/21/2015,716.0,725.0,720.0,722.0,0.84,2524.0,1224.0,211.0
NIB,4/22/2015,722.0,725.0,715.0,723.0,0.14,2160.0,1224.0,211.0
NIB,4/23/2015,723.0,722.0,710.0,710.0,-1.8,2964.0,1224.0,211.0
NIB,5/26/2015,710.0,696.0,670.0,670.0,-5.63,40.0,1224.0,211.0
NIB,5/27/2015,670.0,657.0,603.0,603.0,-10.0,5633.0,1224.0,211.0
NIB,5/28/2015,603.0,610.0,573.0,610.0,1.16,12208.0,1224.0,211.0
NIB,5/31/2015,610.0,656.0,618.0,649.0,6.39,4433.0,1224.0,211.0
NIB,6/1/2015,649.0,690.0,657.0,676.0,4.16,4123.0,1224.0,211.0
NIB,6/2/2015,676.0,700.0,660.0,700.0,3.55,4366.0,1224.0,211.0
NIB,6/3/2015,700.0,713.0,674.0,706.0,0.86,6630.0,1224.0,211.0
NIB,6/4/2015,706.0,715.0,700.0,704.0,-0.28,5648.0,1224.0,211.0
NIB,6/7/2015,704.0,715.0,704.0,713.0,1.28,4586.0,1224.0,211.0
NIB,6/8/2015,713.0,729.0,717.0,722.0,1.26,9818.0,1224.0,211.0
NIB,6/9/2015,722.0,775.0,736.0,751.0,4.02,14183.0,1224.0,211.0
NIB,6/10/2015,751.0,745.0,719.0,742.0,-1.2,3663.0,1224.0,211.0
NIB,6/11/2015,742.0,728.0,703.0,714.0,-3.77,3137.0,1224.0,211.0
NIB,6/14/2015,714.0,719.0,700.0,700.0,-1.96,5061.0,1224.0,211.0
NIB,6/15/2015,700.0,715.0,698.0,709.0,1.29,1364.0,1224.0,211.0
NIB,6/16/2015,709.0,720.0,704.0,706.0,-0.42,4251.0,1224.0,211.0
NIB,6/17/2015,706.0,705.0,701.0,703.0,-0.42,3102.0,1224.0,211.0
NIB,6/18/2015,703.0,712.0,700.0,705.0,0.28,2378.0,1224.0,211.0
NIB,6/21/2015,705.0,700.0,695.0,699.0,-0.85,1807.0,1224.0,211.0
NIB,6/22/2015,699.0,712.0,697.0,712.0,1.86,1657.0,1224.0,211.0
NIB,6/23/2015,712.0,712.0,698.0,708.0,-0.56,3570.0,1224.0,211.0
NIB,6/24/2015,708.0,717.0,708.0,708.0,0.0,1576.0,1224.0,211.0
NIB,6/25/2015,708.0,718.0,705.0,705.0,-0.42,858.0,1224.0,211.0
NIB,6/28/2015,705.0,717.0,706.0,717.0,1.7,2599.0,1224.0,211.0
NIB,6/29/2015,717.0,730.0,709.0,714.0,-0.42,2865.0,1224.0,211.0
NIB,6/30/2015,714.0,720.0,710.0,715.0,0.14,2270.0,1224.0,211.0
NIB,7/1/2015,715.0,720.0,712.0,714.0,-0.14,1112.0,1224.0,211.0
NIB,7/2/2015,714.0,710.0,705.0,709.0,-0.7,2122.0,1224.0,211.0
NIB,7/5/2015,709.0,710.0,699.0,705.0,-0.56,2688.0,1224.0,211.0
NIB,7/6/2015,705.0,705.0,695.0,704.0,-0.14,13837.0,1224.0,211.0
NIB,7/7/2015,704.0,705.0,698.0,698.0,-0.85,5392.0,1224.0,211.0
NIB,7/8/2015,698.0,712.0,700.0,703.0,0.72,8213.0,1224.0,211.0
NIB,7/9/2015,703.0,709.0,700.0,702.0,-0.14,2909.0,1224.0,211.0
NIB,7/12/2015,702.0,708.0,701.0,701.0,-0.14,4079.0,1224.0,211.0
NIB,7/13/2015,701.0,704.0,701.0,703.0,0.29,3660.0,1224.0,211.0
NIB,7/14/2015,703.0,705.0,700.0,705.0,0.28,1119.0,1224.0,211.0
NIB,7/15/2015,705.0,709.0,698.0,703.0,-0.28,6344.0,1224.0,211.0
NIB,7/16/2015,703.0,714.0,701.0,704.0,0.14,4149.0,1224.0,211.0
NIB,7/22/2015,704.0,708.0,702.0,705.0,0.14,1698.0,1224.0,211.0
NIB,7/23/2015,705.0,768.0,706.0,768.0,8.94,6493.0,1224.0,211.0
NIB,7/26/2015,768.0,783.0,783.0,783.0,1.95,918.0,1224.0,211.0
NIB,7/27/2015,783.0,861.0,798.0,850.0,8.56,47940.0,1224.0,211.0
NIB,7/28/2015,850.0,845.0,799.0,810.0,-4.71,16161.0,1224.0,211.0
NIB,7/29/2015,810.0,800.0,783.0,798.0,-1.48,14161.0,1224.0,211.0
NIB,7/30/2015,798.0,815.0,784.0,786.0,-1.5,6322.0,1224.0,211.0
NIB,8/2/2015,786.0,809.0,780.0,809.0,2.93,4709.0,1224.0,211.0
NIB,8/3/2015,809.0,805.0,793.0,801.0,-0.99,8280.0,1224.0,211.0
NIB,8/4/2015,801.0,815.0,799.0,815.0,1.75,15707.0,1224.0,211.0
NIB,8/5/2015,815.0,811.0,775.0,811.0,-0.49,15432.0,1224.0,211.0
NIB,8/6/2015,811.0,816.0,797.0,801.0,-1.23,19869.0,1224.0,211.0
NIB,8/9/2015,801.0,881.0,817.0,881.0,9.99,10784.0,1224.0,211.0
NIB,8/10/2015,881.0,951.0,898.0,939.0,6.58,7684.0,1224.0,211.0
NIB,8/11/2015,939.0,1000.0,957.0,990.0,5.43,20803.0,1224.0,211.0
NIB,8/12/2015,990.0,990.0,975.0,975.0,-1.52,15470.0,1224.0,211.0
NIB,8/13/2015,975.0,1005.0,990.0,1000.0,2.56,9162.0,1224.0,211.0
NIB,8/16/2015,1000.0,1100.0,1020.0,1100.0,10.0,11059.0,1224.0,211.0
NIB,8/17/2015,1100.0,1200.0,1110.0,1150.0,4.55,21899.0,1224.0,211.0
NIB,8/18/2015,1150.0,1155.0,1085.0,1110.0,-3.48,13315.0,1224.0,211.0
NIB,8/19/2015,1110.0,1117.0,1090.0,1094.0,-1.44,10261.0,1224.0,211.0
NIB,8/20/2015,1094.0,1137.0,1097.0,1105.0,1.01,15932.0,1224.0,211.0
NIB,8/23/2015,1105.0,1115.0,1026.0,1073.0,-2.9,9429.0,1224.0,211.0
NIB,8/24/2015,1073.0,1082.0,1045.0,1050.0,-2.14,12597.0,1224.0,211.0
NIB,8/25/2015,1050.0,1050.0,1026.0,1047.0,-0.29,4538.0,1224.0,211.0
NIB,8/26/2015,1047.0,1065.0,1036.0,1038.0,-0.86,6522.0,1224.0,211.0
NIB,8/27/2015,1038.0,1060.0,1040.0,1041.0,0.29,3478.0,1224.0,211.0
NIB,8/31/2015,1041.0,1040.0,1012.0,1030.0,-1.06,5921.0,1224.0,211.0
NIB,9/1/2015,1030.0,1033.0,1020.0,1020.0,-0.97,9595.0,1224.0,211.0
NIB,9/2/2015,1020.0,1020.0,1000.0,1009.0,-1.08,13653.0,1224.0,211.0
NIB,9/3/2015,1009.0,1006.0,996.0,1000.0,-0.89,8959.0,1224.0,211.0
NIB,9/6/2015,1000.0,1007.0,980.0,997.0,-0.3,4038.0,1224.0,211.0
NIB,9/7/2015,997.0,1009.0,992.0,992.0,-0.5,7383.0,1224.0,211.0
NIB,9/8/2015,992.0,1031.0,1000.0,1000.0,0.81,12883.0,1224.0,211.0
NIB,9/9/2015,1000.0,1015.0,1000.0,1005.0,0.5,9341.0,1224.0,211.0
NIB,9/10/2015,1005.0,1030.0,1005.0,1025.0,1.99,14766.0,1224.0,211.0
NIB,9/13/2015,1025.0,1058.0,1014.0,1058.0,3.22,15609.0,1224.0,211.0
NIB,9/14/2015,1058.0,1080.0,1062.0,1079.0,1.98,18255.0,1224.0,211.0
NIB,9/15/2015,1079.0,1115.0,1088.0,1099.0,1.85,11672.0,1224.0,211.0
NIB,9/16/2015,1099.0,1100.0,1071.0,1080.0,-1.73,12450.0,1224.0,211.0
NIB,9/17/2015,1080.0,1090.0,1050.0,1059.0,-1.94,6816.0,1224.0,211.0
NIB,9/22/2015,1059.0,1080.0,1007.0,1008.0,-4.82,9726.0,1224.0,211.0
NIB,9/23/2015,1008.0,1060.0,1010.0,1056.0,4.76,12797.0,1224.0,211.0
NIB,9/24/2015,1056.0,1057.0,1040.0,1050.0,-0.57,8898.0,1224.0,211.0
NIB,9/28/2015,1050.0,1075.0,1012.0,1055.0,0.48,23863.0,1224.0,211.0
NIB,9/29/2015,1055.0,1079.0,1055.0,1071.0,1.52,20331.0,1224.0,211.0
NIB,9/30/2015,1071.0,1088.0,1075.0,1077.0,0.56,13470.0,1224.0,211.0
NIB,10/1/2015,1077.0,1072.0,1062.0,1063.0,-1.3,9689.0,1224.0,211.0
NIB,10/4/2015,1063.0,1065.0,1041.0,1045.0,-1.69,11675.0,1224.0,211.0
NIB,10/5/2015,1045.0,1045.0,1035.0,1038.0,-0.67,9979.0,1224.0,211.0
NIB,10/6/2015,1038.0,1035.0,1020.0,1028.0,-0.96,6859.0,1224.0,211.0
NIB,10/7/2015,1028.0,1023.0,1001.0,1020.0,-0.78,7523.0,1224.0,211.0
NIB,10/8/2015,1020.0,1060.0,1010.0,1040.0,1.96,8106.0,1224.0,211.0
NIB,10/11/2015,1040.0,1033.0,1020.0,1026.0,-1.35,12399.0,1224.0,211.0
NIB,10/14/2015,1026.0,1030.0,1020.0,1025.0,-0.1,3163.0,1224.0,211.0
NIB,10/15/2015,1025.0,1035.0,1015.0,1033.0,0.78,8803.0,1224.0,211.0
NIB,10/18/2015,1033.0,1035.0,1021.0,1032.0,-0.1,12507.0,1224.0,211.0
NIB,10/19/2015,1032.0,1034.0,1018.0,1033.0,0.1,16651.0,1224.0,211.0
NIB,10/25/2015,1033.0,1035.0,1030.0,1032.0,-0.1,609.0,1224.0,211.0
NIB,10/27/2015,1032.0,1031.0,992.0,997.0,-3.39,15825.0,1224.0,211.0
NIB,10/28/2015,997.0,998.0,966.0,998.0,0.1,9439.0,1224.0,211.0
NIB,10/29/2015,998.0,1022.0,985.0,1002.0,0.4,41274.0,1224.0,211.0
NIB,11/1/2015,753.0,739.0,715.0,739.0,-26.25,4618.0,1224.0,211.0
NIB,11/2/2015,739.0,745.0,733.0,733.0,-0.81,7677.0,1224.0,211.0
NIB,11/3/2015,733.0,728.0,718.0,720.0,-1.77,7925.0,1224.0,211.0
NIB,11/4/2015,720.0,744.0,710.0,727.0,0.97,5636.0,1224.0,211.0
NIB,11/5/2015,727.0,725.0,710.0,718.0,-1.24,2448.0,1224.0,211.0
NIB,11/8/2015,718.0,705.0,703.0,705.0,-1.81,2172.0,1224.0,211.0
NIB,11/9/2015,705.0,733.0,719.0,730.0,3.55,1418.0,1224.0,211.0
NIB,11/10/2015,730.0,728.0,710.0,720.0,-1.37,4400.0,1224.0,211.0
NIB,11/15/2015,720.0,715.0,703.0,710.0,-1.39,2581.0,1224.0,211.0
NIB,11/16/2015,710.0,715.0,704.0,712.0,0.28,2138.0,1224.0,211.0
NIB,11/18/2015,712.0,720.0,707.0,707.0,-0.7,1197.0,1224.0,211.0
NIB,11/19/2015,707.0,703.0,696.0,703.0,-0.57,5604.0,1224.0,211.0
NIB,11/22/2015,703.0,694.0,678.0,678.0,-3.56,4648.0,1224.0,211.0
NIB,11/23/2015,678.0,674.0,652.0,674.0,-0.59,1114.0,1224.0,211.0
NIB,11/24/2015,674.0,680.0,672.0,678.0,0.59,1161.0,1224.0,211.0
NIB,11/25/2015,678.0,678.0,665.0,665.0,-1.92,3126.0,1224.0,211.0
NIB,11/26/2015,665.0,660.0,640.0,654.0,-1.65,5541.0,1224.0,211.0
NIB,11/29/2015,654.0,641.0,617.0,624.0,-4.59,4608.0,1224.0,211.0
NIB,11/30/2015,624.0,650.0,621.0,626.0,0.32,3577.0,1224.0,211.0
NIB,12/1/2015,626.0,666.0,638.0,666.0,6.39,2176.0,1224.0,211.0
NIB,12/2/2015,666.0,665.0,645.0,665.0,-0.15,6528.0,1224.0,211.0
NIB,12/3/2015,665.0,691.0,660.0,675.0,1.5,3405.0,1224.0,211.0
NIB,12/6/2015,675.0,700.0,680.0,694.0,2.81,7261.0,1224.0,211.0
NIB,12/7/2015,694.0,705.0,687.0,690.0,-0.58,5622.0,1224.0,211.0
NIB,12/8/2015,690.0,693.0,680.0,689.0,-0.14,3067.0,1224.0,211.0
NIB,12/9/2015,689.0,705.0,695.0,696.0,1.02,4484.0,1224.0,211.0
NIB,12/10/2015,696.0,700.0,684.0,690.0,-0.86,1869.0,1224.0,211.0
NIB,12/13/2015,690.0,700.0,690.0,695.0,0.72,1697.0,1224.0,211.0
NIB,12/14/2015,695.0,695.0,680.0,695.0,0.0,2946.0,1224.0,211.0
NIB,12/15/2015,695.0,690.0,685.0,687.0,-1.15,756.0,1224.0,211.0
NIB,12/16/2015,687.0,678.0,670.0,678.0,-1.31,1177.0,1224.0,211.0
NIB,12/17/2015,678.0,672.0,666.0,670.0,-1.18,3899.0,1224.0,211.0
NIB,12/20/2015,670.0,675.0,667.0,670.0,0.0,4205.0,1224.0,211.0
NIB,12/21/2015,670.0,676.0,670.0,670.0,0.0,4818.0,1224.0,211.0
NIB,12/22/2015,670.0,700.0,675.0,700.0,4.48,7736.0,1224.0,211.0
NIB,12/23/2015,700.0,696.0,685.0,685.0,-2.14,7569.0,1224.0,211.0
NIB,12/24/2015,685.0,697.0,686.0,690.0,0.73,2820.0,1224.0,211.0
NIB,12/27/2015,690.0,690.0,685.0,690.0,0.0,6161.0,1224.0,211.0
NIB,12/28/2015,690.0,690.0,686.0,690.0,0.0,3831.0,1224.0,211.0
NIB,12/29/2015,690.0,692.0,689.0,690.0,0.0,10328.0,1224.0,211.0
NIB,12/31/2015,690.0,700.0,690.0,692.0,0.29,5265.0,1224.0,211.0
NIB,1/3/2016,692.0,698.0,692.0,695.0,0.43,9881.0,1224.0,211.0
NIB,1/4/2016,695.0,700.0,692.0,700.0,0.72,9062.0,1224.0,211.0
NIB,1/5/2016,700.0,708.0,698.0,705.0,0.71,14342.0,1224.0,211.0
NIB,1/6/2016,705.0,725.0,705.0,719.0,1.99,12032.0,1224.0,211.0
NIB,1/7/2016,719.0,780.0,730.0,770.0,7.09,15731.0,1224.0,211.0
NIB,1/10/2016,770.0,795.0,770.0,779.0,1.17,22048.0,1224.0,211.0
NIB,1/11/2016,779.0,778.0,770.0,778.0,-0.13,10724.0,1224.0,211.0
NIB,1/12/2016,778.0,780.0,767.0,777.0,-0.13,6689.0,1224.0,211.0
NIB,1/13/2016,777.0,770.0,765.0,765.0,-1.54,6801.0,1224.0,211.0
NIB,1/14/2016,765.0,777.0,756.0,777.0,1.57,10090.0,1224.0,211.0
NIB,1/17/2016,777.0,792.0,775.0,781.0,0.51,10491.0,1224.0,211.0
NIB,1/18/2016,781.0,795.0,760.0,775.0,-0.77,12067.0,1224.0,211.0
NIB,1/19/2016,775.0,775.0,757.0,775.0,0.0,17728.0,1224.0,211.0
NIB,1/20/2016,775.0,780.0,765.0,772.0,-0.39,8600.0,1224.0,211.0
NIB,1/21/2016,772.0,771.0,766.0,768.0,-0.52,3592.0,1224.0,211.0
NIB,1/24/2016,768.0,790.0,768.0,777.0,1.17,24365.0,1224.0,211.0
NIB,1/25/2016,777.0,805.0,781.0,796.0,2.45,20261.0,1224.0,211.0
NIB,1/26/2016,796.0,804.0,787.0,789.0,-0.88,25516.0,1224.0,211.0
NIB,1/27/2016,789.0,795.0,785.0,789.0,0.0,11812.0,1224.0,211.0
NIB,1/28/2016,789.0,793.0,785.0,787.0,-0.25,8148.0,1224.0,211.0
NIB,1/31/2016,787.0,825.0,795.0,825.0,4.83,48745.0,1224.0,211.0
NIB,2/1/2016,825.0,873.0,825.0,873.0,5.82,41916.0,1224.0,211.0
NIB,2/2/2016,873.0,901.0,871.0,890.0,1.95,37212.0,1224.0,211.0
NIB,2/3/2016,890.0,890.0,870.0,880.0,-1.12,29269.0,1224.0,211.0
NIB,2/4/2016,880.0,897.0,870.0,872.0,-0.91,19765.0,1224.0,211.0
NIB,2/7/2016,872.0,899.0,880.0,899.0,3.1,59975.0,1224.0,211.0
NIB,2/8/2016,899.0,907.0,895.0,895.0,-0.44,10543.0,1224.0,211.0
NIB,2/11/2016,895.0,914.0,898.0,914.0,2.12,27955.0,1224.0,211.0
NIB,2/14/2016,914.0,969.0,930.0,944.0,3.28,48953.0,1224.0,211.0
NIB,2/15/2016,944.0,940.0,910.0,934.0,-1.06,36447.0,1224.0,211.0
NIB,2/16/2016,934.0,925.0,900.0,920.0,-1.5,19707.0,1224.0,211.0
NIB,2/17/2016,920.0,935.0,920.0,923.0,0.33,29791.0,1224.0,211.0
NIB,2/18/2016,923.0,935.0,924.0,932.0,0.98,38730.0,1224.0,211.0
NIB,2/21/2016,932.0,952.0,932.0,951.0,2.04,53876.0,1224.0,211.0
NIB,2/22/2016,951.0,1000.0,950.0,989.0,4.0,44121.0,1224.0,211.0
NIB,2/23/2016,989.0,1028.0,975.0,980.0,-0.91,35008.0,1224.0,211.0
NIB,2/24/2016,980.0,980.0,956.0,960.0,-2.04,24239.0,1224.0,211.0
NIB,2/25/2016,960.0,980.0,941.0,970.0,1.04,26533.0,1224.0,211.0
NIB,2/28/2016,970.0,1035.0,988.0,1013.0,4.43,104806.0,1224.0,211.0
NIB,2/29/2016,1013.0,1025.0,1000.0,1010.0,-0.3,43230.0,1224.0,211.0
NIB,3/1/2016,1010.0,1015.0,992.0,994.0,-1.58,10113.0,1224.0,211.0
NIB,3/2/2016,994.0,995.0,972.0,980.0,-1.41,16086.0,1224.0,211.0
NIB,3/3/2016,980.0,980.0,965.0,966.0,-1.43,16931.0,1224.0,211.0
NIB,3/6/2016,966.0,960.0,952.0,952.0,-1.45,15289.0,1224.0,211.0
NIB,3/10/2016,952.0,955.0,937.0,950.0,-0.21,19834.0,1224.0,211.0
NIB,3/13/2016,950.0,950.0,940.0,946.0,-0.42,17694.0,1224.0,211.0
NIB,3/14/2016,946.0,947.0,930.0,935.0,-1.16,4540.0,1224.0,211.0
NIB,3/15/2016,935.0,950.0,935.0,941.0,0.64,5363.0,1224.0,211.0
NIB,3/16/2016,941.0,951.0,940.0,940.0,-0.11,6680.0,1224.0,211.0
NIB,3/17/2016,940.0,965.0,944.0,965.0,2.66,13283.0,1224.0,211.0
NIB,3/20/2016,965.0,985.0,961.0,965.0,0.0,13693.0,1224.0,211.0
NIB,3/21/2016,965.0,980.0,951.0,965.0,0.0,7532.0,1224.0,211.0
NIB,3/23/2016,965.0,985.0,960.0,983.0,1.87,7153.0,1224.0,211.0
NIB,3/24/2016,983.0,994.0,970.0,985.0,0.2,11359.0,1224.0,211.0
NIB,3/27/2016,985.0,1022.0,980.0,992.0,0.71,19731.0,1224.0,211.0
NIB,3/28/2016,992.0,1000.0,980.0,990.0,-0.2,27117.0,1224.0,211.0
NIB,3/29/2016,990.0,991.0,975.0,990.0,0.0,16627.0,1224.0,211.0
NIB,3/30/2016,990.0,990.0,981.0,988.0,-0.2,9714.0,1224.0,211.0
NIB,3/31/2016,988.0,990.0,980.0,988.0,0.0,10881.0,1224.0,211.0
NIB,4/3/2016,988.0,988.0,960.0,983.0,-0.51,8036.0,1224.0,211.0
NIB,4/4/2016,983.0,994.0,980.0,989.0,0.61,7709.0,1224.0,211.0
NIB,4/5/2016,989.0,1008.0,989.0,1007.0,1.82,19621.0,1224.0,211.0
NIB,4/6/2016,1007.0,1050.0,1007.0,1045.0,3.77,37196.0,1224.0,211.0
NIB,4/10/2016,1045.0,1111.0,1060.0,1098.0,5.07,51060.0,1224.0,211.0
NIB,4/11/2016,1098.0,1101.0,1081.0,1090.0,-0.73,18790.0,1224.0,211.0
NIB,4/12/2016,1090.0,1100.0,1090.0,1099.0,0.83,18934.0,1224.0,211.0
NIB,4/14/2016,1099.0,1110.0,1094.0,1110.0,1.0,20122.0,1224.0,211.0
NIB,4/17/2016,1110.0,1118.0,1100.0,1100.0,-0.9,18227.0,1224.0,211.0
NIB,4/18/2016,1100.0,1115.0,1100.0,1111.0,1.0,36900.0,1224.0,211.0
NIB,4/19/2016,1111.0,1140.0,1119.0,1133.0,1.98,20870.0,1224.0,211.0
NIB,4/20/2016,1133.0,1224.0,1141.0,1185.0,4.59,50676.0,1224.0,211.0
NIB,4/21/2016,1185.0,1207.0,1170.0,1200.0,1.27,40987.0,1224.0,211.0
NIB,4/24/2016,1200.0,1215.0,1200.0,1208.0,0.67,27927.0,1224.0,211.0
NIB,4/25/2016,1208.0,1204.0,1191.0,1195.0,-1.08,14339.0,1224.0,211.0
NIB,4/26/2016,1195.0,1192.0,1157.0,1157.0,-3.18,16435.0,1224.0,211.0
NIB,4/27/2016,1157.0,1200.0,1138.0,1175.0,1.56,15284.0,1224.0,211.0
NIB,4/28/2016,1175.0,1180.0,1160.0,1180.0,0.43,12225.0,1224.0,211.0
NIB,5/2/2016,1180.0,1200.0,1163.0,1163.0,-1.44,21049.0,1224.0,211.0
NIB,5/3/2016,1163.0,1160.0,1130.0,1140.0,-1.98,38211.0,1224.0,211.0
NIB,5/4/2016,1140.0,1139.0,1111.0,1127.0,-1.14,36888.0,1224.0,211.0
NIB,5/5/2016,1127.0,1130.0,1106.0,1110.0,-1.51,23904.0,1224.0,211.0
NIB,5/8/2016,1110.0,1130.0,1110.0,1118.0,0.72,18812.0,1224.0,211.0
NIB,5/9/2016,1118.0,1120.0,1106.0,1113.0,-0.45,15864.0,1224.0,211.0
NIB,5/10/2016,1113.0,1114.0,1088.0,1092.0,-1.89,24206.0,1224.0,211.0
NIB,5/11/2016,1092.0,1090.0,1069.0,1075.0,-1.56,17312.0,1224.0,211.0
NIB,5/12/2016,1075.0,1095.0,1070.0,1083.0,0.74,14763.0,1224.0,211.0
NIB,5/15/2016,1083.0,1081.0,1060.0,1060.0,-2.12,13456.0,1224.0,211.0
NIB,5/16/2016,1060.0,1055.0,1036.0,1045.0,-1.42,14919.0,1224.0,211.0
NIB,5/17/2016,1045.0,1085.0,1040.0,1072.0,2.58,8865.0,1224.0,211.0
NIB,5/18/2016,1072.0,1096.0,1072.0,1090.0,1.68,5841.0,1224.0,211.0
NIB,5/19/2016,1090.0,1100.0,1080.0,1080.0,-0.92,8564.0,1224.0,211.0
NIB,5/22/2016,1080.0,1082.0,1050.0,1060.0,-1.85,18083.0,1224.0,211.0
NIB,5/23/2016,1060.0,1087.0,1060.0,1080.0,1.89,17692.0,1224.0,211.0
NIB,5/24/2016,1080.0,1120.0,1080.0,1108.0,2.59,27496.0,1224.0,211.0
NIB,5/25/2016,1108.0,1115.0,1065.0,1080.0,-2.53,32297.0,1224.0,211.0
NIB,5/26/2016,1080.0,1080.0,1050.0,1073.0,-0.65,29659.0,1224.0,211.0
NIB,5/29/2016,1073.0,1076.0,1050.0,1053.0,-1.86,27762.0,1224.0,211.0
NIB,5/30/2016,1053.0,1049.0,1041.0,1047.0,-0.57,21928.0,1224.0,211.0
NIB,5/31/2016,1047.0,1060.0,1037.0,1038.0,-0.86,20229.0,1224.0,211.0
NIB,6/1/2016,1038.0,1041.0,1020.0,1034.0,-0.39,16489.0,1224.0,211.0
NIB,6/2/2016,1034.0,1040.0,1000.0,1028.0,-0.58,18189.0,1224.0,211.0
NIB,6/5/2016,1028.0,1016.0,982.0,995.0,-3.21,19041.0,1224.0,211.0
NIB,6/6/2016,995.0,1030.0,1005.0,1023.0,2.81,14091.0,1224.0,211.0
NIB,6/7/2016,1023.0,1032.0,1020.0,1026.0,0.29,17097.0,1224.0,211.0
NIB,6/8/2016,1026.0,1025.0,1010.0,1016.0,-0.97,12517.0,1224.0,211.0
NIB,6/9/2016,1016.0,1020.0,965.0,1002.0,-1.38,48972.0,1224.0,211.0
NIB,6/12/2016,1002.0,1080.0,997.0,1052.0,4.99,24755.0,1224.0,211.0
NIB,6/13/2016,1052.0,1118.0,1051.0,1065.0,1.24,15673.0,1224.0,211.0
NIB,6/14/2016,1065.0,1085.0,1040.0,1045.0,-1.88,15009.0,1224.0,211.0
NIB,6/15/2016,1045.0,1055.0,1025.0,1055.0,0.96,14240.0,1224.0,211.0
NIB,6/16/2016,1055.0,1060.0,1021.0,1035.0,-1.9,27089.0,1224.0,211.0
NIB,6/19/2016,1035.0,1041.0,1010.0,1033.0,-0.19,7897.0,1224.0,211.0
NIB,6/20/2016,1033.0,1035.0,1017.0,1025.0,-0.77,9709.0,1224.0,211.0
NIB,6/21/2016,1025.0,1045.0,1015.0,1035.0,0.98,9168.0,1224.0,211.0
NIB,6/22/2016,1035.0,1060.0,1031.0,1045.0,0.97,20923.0,1224.0,211.0
NIB,6/23/2016,1045.0,1051.0,1025.0,1040.0,-0.48,18594.0,1224.0,211.0
NIB,6/26/2016,1040.0,1078.0,1036.0,1036.0,-0.38,16298.0,1224.0,211.0
NIB,6/27/2016,1036.0,1082.0,1035.0,1080.0,4.25,38624.0,1224.0,211.0
NIB,6/28/2016,1080.0,1135.0,1070.0,1108.0,2.59,34878.0,1224.0,211.0
NIB,6/29/2016,1108.0,1120.0,1070.0,1080.0,-2.53,19465.0,1224.0,211.0
NIB,6/30/2016,1080.0,1090.0,1050.0,1072.0,-0.74,16852.0,1224.0,211.0
NIB,7/3/2016,1072.0,1078.0,1040.0,1057.0,-1.4,16782.0,1224.0,211.0
NIB,7/4/2016,1057.0,1070.0,1050.0,1061.0,0.38,13709.0,1224.0,211.0
NIB,7/5/2016,1061.0,1067.0,1050.0,1050.0,-1.04,10613.0,1224.0,211.0
NIB,7/6/2016,1050.0,1060.0,1048.0,1048.0,-0.19,13016.0,1224.0,211.0
NIB,7/10/2016,1048.0,1070.0,1060.0,1064.0,1.53,10781.0,1224.0,211.0
NIB,7/11/2016,1064.0,1069.0,1050.0,1050.0,-1.32,6118.0,1224.0,211.0
NIB,7/12/2016,1050.0,1064.0,1015.0,1042.0,-0.76,9559.0,1224.0,211.0
NIB,7/13/2016,1042.0,1046.0,1025.0,1046.0,0.38,6991.0,1224.0,211.0
NIB,7/14/2016,1046.0,1054.0,1025.0,1040.0,-0.57,53393.0,1224.0,211.0
NIB,7/17/2016,1040.0,1081.0,1000.0,1080.0,3.85,49240.0,1224.0,211.0
NIB,7/18/2016,1080.0,1134.0,1085.0,1134.0,5.0,58974.0,1224.0,211.0
NIB,7/19/2016,1134.0,1195.0,1139.0,1150.0,1.41,57049.0,1224.0,211.0
NIB,7/20/2016,1150.0,1185.0,1121.0,1126.0,-2.09,36258.0,1224.0,211.0
NIB,7/21/2016,1126.0,1135.0,1102.0,1130.0,0.36,41399.0,1224.0,211.0
NIB,7/25/2016,1130.0,1152.0,1120.0,1130.0,0.0,36819.0,1224.0,211.0
NIB,7/26/2016,1130.0,1161.0,1125.0,1140.0,0.88,47594.0,1224.0,211.0
NIB,7/27/2016,1140.0,1160.0,1132.0,1150.0,0.88,45301.0,1224.0,211.0
NIB,7/28/2016,1150.0,1158.0,1115.0,1151.0,0.09,29092.0,1224.0,211.0
NIB,7/31/2016,1151.0,1160.0,1125.0,1137.0,-1.22,58945.0,1224.0,211.0
NIB,8/1/2016,1137.0,1140.0,1115.0,1120.0,-1.5,24364.0,1224.0,211.0
NIB,8/2/2016,1120.0,1135.0,1105.0,1114.0,-0.54,40015.0,1224.0,211.0
NIB,8/3/2016,1114.0,1116.0,1083.0,1087.0,-2.42,39936.0,1224.0,211.0
NIB,8/4/2016,1087.0,1079.0,1051.0,1055.0,-2.94,46073.0,1224.0,211.0
NIB,8/7/2016,1055.0,1096.0,1030.0,1040.0,-1.42,57810.0,1224.0,211.0
NIB,8/8/2016,1040.0,1040.0,983.0,1000.0,-3.85,27481.0,1224.0,211.0
NIB,8/9/2016,1000.0,1075.0,1015.0,1060.0,6.0,21346.0,1224.0,211.0
NIB,8/10/2016,1060.0,1076.0,985.0,1047.0,-1.23,61287.0,1224.0,211.0
NIB,8/11/2016,1047.0,1046.0,1034.0,1042.0,-0.48,37121.0,1224.0,211.0
NIB,8/14/2016,1042.0,1043.0,1000.0,1019.0,-2.21,29496.0,1224.0,211.0
NIB,8/15/2016,1019.0,1020.0,989.0,990.0,-2.85,49536.0,1224.0,211.0
NIB,8/16/2016,990.0,1009.0,983.0,998.0,0.81,39885.0,1224.0,211.0
NIB,8/17/2016,998.0,1029.0,996.0,1024.0,2.61,45563.0,1224.0,211.0
NIB,8/21/2016,1024.0,1035.0,1002.0,1017.0,-0.68,28932.0,1224.0,211.0
NIB,8/22/2016,1017.0,1065.0,1020.0,1026.0,0.88,125619.0,1224.0,211.0
NIB,8/23/2016,1026.0,1043.0,1020.0,1028.0,0.19,75122.0,1224.0,211.0
NIB,8/24/2016,1028.0,1038.0,1005.0,1030.0,0.19,43771.0,1224.0,211.0
NIB,8/28/2016,1030.0,1040.0,1000.0,1022.0,-0.78,50040.0,1224.0,211.0
NIB,8/29/2016,1022.0,1030.0,1016.0,1028.0,0.59,45132.0,1224.0,211.0
NIB,8/30/2016,1028.0,1032.0,1022.0,1027.0,-0.1,31851.0,1224.0,211.0
NIB,8/31/2016,1027.0,1070.0,1017.0,1068.0,3.99,70049.0,1224.0,211.0
NIB,9/1/2016,1068.0,1100.0,1065.0,1085.0,1.59,102650.0,1224.0,211.0
NIB,9/3/2016,1085.0,1084.0,1050.0,1070.0,-1.38,135078.0,1224.0,211.0
NIB,9/4/2016,1085.0,1084.0,1050.0,1070.0,0.0,135078.0,1224.0,211.0
NIB,9/5/2016,1070.0,1098.0,1062.0,1090.0,1.87,245296.0,1224.0,211.0
NIB,9/6/2016,908.0,959.0,896.0,910.0,-16.51,43279.0,1224.0,211.0
NIB,9/7/2016,910.0,909.0,875.0,883.0,-2.97,15143.0,1224.0,211.0
NIB,9/8/2016,883.0,900.0,870.0,871.0,-1.36,14941.0,1224.0,211.0
NIB,9/11/2016,871.0,872.0,850.0,852.0,-2.18,24922.0,1224.0,211.0
NIB,9/12/2016,852.0,855.0,830.0,840.0,-1.41,16480.0,1224.0,211.0
NIB,9/14/2016,840.0,839.0,820.0,828.0,-1.43,35367.0,1224.0,211.0
NIB,9/18/2016,828.0,835.0,810.0,835.0,0.85,28092.0,1224.0,211.0
NIB,9/20/2016,835.0,835.0,810.0,820.0,-1.8,20410.0,1224.0,211.0
NIB,9/21/2016,820.0,818.0,796.0,815.0,-0.61,15479.0,1224.0,211.0
NIB,9/22/2016,815.0,815.0,800.0,810.0,-0.61,19027.0,1224.0,211.0
NIB,9/25/2016,810.0,806.0,785.0,795.0,-1.85,16944.0,1224.0,211.0
NIB,9/26/2016,795.0,809.0,794.0,798.0,0.38,20363.0,1224.0,211.0
NIB,9/27/2016,798.0,813.0,795.0,796.0,-0.25,16487.0,1224.0,211.0
NIB,9/28/2016,796.0,804.0,790.0,799.0,0.38,11705.0,1224.0,211.0
NIB,9/29/2016,799.0,805.0,796.0,800.0,0.13,8119.0,1224.0,211.0
NIB,10/2/2016,800.0,810.0,796.0,805.0,0.63,15758.0,1224.0,211.0
NIB,10/3/2016,805.0,805.0,790.0,804.0,-0.12,19480.0,1224.0,211.0
NIB,10/4/2016,804.0,809.0,800.0,805.0,0.12,25048.0,1224.0,211.0
NIB,10/5/2016,805.0,812.0,805.0,810.0,0.62,12256.0,1224.0,211.0
NIB,10/6/2016,810.0,823.0,802.0,816.0,0.74,15536.0,1224.0,211.0
NIB,10/16/2016,816.0,815.0,805.0,807.0,-1.1,7120.0,1224.0,211.0
NIB,10/17/2016,807.0,810.0,795.0,803.0,-0.5,12499.0,1224.0,211.0
NIB,10/18/2016,803.0,801.0,790.0,794.0,-1.12,19662.0,1224.0,211.0
NIB,10/19/2016,794.0,801.0,790.0,796.0,0.25,11984.0,1224.0,211.0
NIB,10/20/2016,796.0,800.0,784.0,794.0,-0.25,10720.0,1224.0,211.0
NIB,10/23/2016,794.0,802.0,785.0,790.0,-0.5,19782.0,1224.0,211.0
NIB,10/24/2016,790.0,792.0,780.0,789.0,-0.13,13396.0,1224.0,211.0
NIB,10/25/2016,789.0,785.0,772.0,775.0,-1.77,7836.0,1224.0,211.0
NIB,10/26/2016,775.0,782.0,765.0,775.0,0.0,13717.0,1224.0,211.0
NIB,10/27/2016,775.0,784.0,769.0,784.0,1.16,9195.0,1224.0,211.0
NIB,11/3/2016,784.0,788.0,766.0,788.0,0.51,6932.0,1224.0,211.0
NIB,11/7/2016,788.0,800.0,780.0,783.0,-0.63,10475.0,1224.0,211.0
NIB,11/8/2016,783.0,787.0,771.0,775.0,-1.02,12107.0,1224.0,211.0
NIB,11/9/2016,775.0,775.0,752.0,765.0,-1.29,13851.0,1224.0,211.0
NIB,11/10/2016,765.0,775.0,766.0,771.0,0.78,16075.0,1224.0,211.0
NIB,11/13/2016,771.0,779.0,765.0,773.0,0.26,15363.0,1224.0,211.0
NIB,11/14/2016,773.0,777.0,772.0,774.0,0.13,17126.0,1224.0,211.0
NIB,11/15/2016,774.0,785.0,772.0,775.0,0.13,16965.0,1224.0,211.0
NIB,11/16/2016,775.0,774.0,765.0,767.0,-1.03,14481.0,1224.0,211.0
NIB,11/17/2016,767.0,765.0,753.0,765.0,-0.26,15327.0,1224.0,211.0
NIB,11/20/2016,765.0,765.0,725.0,735.0,-3.92,18356.0,1224.0,211.0
NIB,11/21/2016,735.0,760.0,730.0,748.0,1.77,18333.0,1224.0,211.0
NIB,11/22/2016,748.0,763.0,720.0,745.0,-0.4,17808.0,1224.0,211.0
NIB,11/23/2016,745.0,745.0,721.0,725.0,-2.68,22210.0,1224.0,211.0
NIB,11/24/2016,725.0,756.0,716.0,735.0,1.38,14296.0,1224.0,211.0
NIB,11/27/2016,735.0,738.0,697.0,710.0,-3.4,23787.0,1224.0,211.0
NIB,11/28/2016,710.0,740.0,685.0,731.0,2.96,18150.0,1224.0,211.0
NIB,11/29/2016,731.0,749.0,704.0,740.0,1.23,33758.0,1224.0,211.0
NIB,11/30/2016,740.0,765.0,739.0,763.0,3.11,30050.0,1224.0,211.0
NIB,12/1/2016,763.0,780.0,735.0,765.0,0.26,27196.0,1224.0,211.0
NIB,12/4/2016,765.0,769.0,745.0,750.0,-1.96,12125.0,1224.0,211.0
NIB,12/5/2016,750.0,759.0,735.0,740.0,-1.33,10580.0,1224.0,211.0
NIB,12/6/2016,740.0,759.0,735.0,755.0,2.03,9781.0,1224.0,211.0
NIB,12/7/2016,755.0,759.0,745.0,759.0,0.53,9597.0,1224.0,211.0
NIB,12/8/2016,759.0,759.0,735.0,742.0,-2.24,7563.0,1224.0,211.0
NIB,12/11/2016,742.0,746.0,731.0,735.0,-0.94,11386.0,1224.0,211.0
NIB,12/12/2016,735.0,740.0,721.0,733.0,-0.27,17383.0,1224.0,211.0
NIB,12/14/2016,733.0,746.0,720.0,733.0,0.0,11385.0,1224.0,211.0
NIB,12/15/2016,733.0,737.0,725.0,735.0,0.27,11040.0,1224.0,211.0
NIB,12/18/2016,735.0,750.0,731.0,748.0,1.77,10300.0,1224.0,211.0
NIB,12/19/2016,748.0,750.0,726.0,733.0,-2.01,9731.0,1224.0,211.0
NIB,12/20/2016,733.0,730.0,724.0,726.0,-0.95,9185.0,1224.0,211.0
NIB,12/21/2016,726.0,740.0,720.0,721.0,-0.69,12829.0,1224.0,211.0
NIB,12/22/2016,721.0,723.0,718.0,721.0,0.0,10459.0,1224.0,211.0
NIB,12/26/2016,721.0,735.0,702.0,710.0,-1.53,16343.0,1224.0,211.0
NIB,12/27/2016,710.0,710.0,690.0,700.0,-1.41,19972.0,1224.0,211.0
NIB,12/28/2016,700.0,712.0,695.0,700.0,0.0,15490.0,1224.0,211.0
NIB,12/29/2016,700.0,718.0,702.0,717.0,2.43,11325.0,1224.0,211.0
NIB,1/1/2017,717.0,724.0,712.0,717.0,0.0,13702.0,1224.0,211.0
NIB,1/2/2017,717.0,731.0,720.0,725.0,1.12,14538.0,1224.0,211.0
NIB,1/3/2017,725.0,726.0,711.0,711.0,-1.93,11535.0,1224.0,211.0
NIB,1/4/2017,711.0,720.0,700.0,712.0,0.14,10079.0,1224.0,211.0
NIB,1/5/2017,712.0,715.0,705.0,707.0,-0.7,8884.0,1224.0,211.0
NIB,1/8/2017,707.0,713.0,702.0,702.0,-0.71,10900.0,1224.0,211.0
NIB,1/9/2017,702.0,710.0,705.0,706.0,0.57,8071.0,1224.0,211.0
NIB,1/10/2017,706.0,715.0,707.0,714.0,1.13,8981.0,1224.0,211.0
NIB,1/11/2017,714.0,728.0,710.0,714.0,0.0,6587.0,1224.0,211.0
NIB,1/12/2017,714.0,717.0,706.0,715.0,0.14,11055.0,1224.0,211.0
NIB,1/15/2017,715.0,717.0,705.0,714.0,-0.14,8039.0,1224.0,211.0
NIB,1/16/2017,714.0,713.0,702.0,704.0,-1.4,13399.0,1224.0,211.0
NIB,1/17/2017,704.0,714.0,700.0,706.0,0.28,16443.0,1224.0,211.0
NIB,1/18/2017,706.0,708.0,699.0,708.0,0.28,18263.0,1224.0,211.0
NIB,1/19/2017,708.0,710.0,700.0,702.0,-0.85,11118.0,1224.0,211.0
NIB,1/22/2017,702.0,705.0,699.0,700.0,-0.28,10249.0,1224.0,211.0
NIB,1/23/2017,700.0,703.0,700.0,702.0,0.29,17508.0,1224.0,211.0
NIB,1/24/2017,702.0,702.0,690.0,690.0,-1.71,20931.0,1224.0,211.0
NIB,1/25/2017,690.0,695.0,670.0,675.0,-2.17,34024.0,1224.0,211.0
NIB,1/26/2017,675.0,680.0,648.0,662.0,-1.93,37783.0,1224.0,211.0
NIB,1/30/2017,662.0,663.0,635.0,640.0,-3.32,27467.0,1224.0,211.0
NIB,1/31/2017,640.0,655.0,616.0,655.0,2.34,26333.0,1224.0,211.0
NIB,2/1/2017,655.0,695.0,656.0,691.0,5.5,25633.0,1224.0,211.0
NIB,2/2/2017,691.0,713.0,671.0,685.0,-0.87,28849.0,1224.0,211.0
NIB,2/5/2017,685.0,685.0,665.0,676.0,-1.31,20381.0,1224.0,211.0
NIB,2/6/2017,676.0,681.0,664.0,675.0,-0.15,13330.0,1224.0,211.0
NIB,2/7/2017,675.0,680.0,665.0,678.0,0.44,15414.0,1224.0,211.0
NIB,2/8/2017,678.0,680.0,665.0,670.0,-1.18,19225.0,1224.0,211.0
NIB,2/9/2017,670.0,670.0,658.0,660.0,-1.49,23520.0,1224.0,211.0
NIB,2/12/2017,660.0,660.0,637.0,651.0,-1.36,17696.0,1224.0,211.0
NIB,2/13/2017,651.0,664.0,638.0,650.0,-0.15,27499.0,1224.0,211.0
NIB,2/14/2017,650.0,664.0,645.0,660.0,1.54,29010.0,1224.0,211.0
NIB,2/15/2017,660.0,679.0,657.0,679.0,2.88,19178.0,1224.0,211.0
NIB,2/16/2017,679.0,695.0,671.0,690.0,1.62,34400.0,1224.0,211.0
NIB,2/19/2017,690.0,700.0,682.0,691.0,0.14,26719.0,1224.0,211.0
NIB,2/20/2017,691.0,705.0,686.0,691.0,0.0,33066.0,1224.0,211.0
NIB,2/21/2017,691.0,704.0,680.0,689.0,-0.29,19029.0,1224.0,211.0
NIB,2/22/2017,689.0,690.0,669.0,683.0,-0.87,12420.0,1224.0,211.0
NIB,2/23/2017,683.0,687.0,676.0,685.0,0.29,9315.0,1224.0,211.0
NIB,2/26/2017,685.0,690.0,667.0,670.0,-2.19,17692.0,1224.0,211.0
NIB,2/28/2017,670.0,670.0,650.0,669.0,-0.15,24369.0,1224.0,211.0
NIB,3/1/2017,669.0,674.0,660.0,670.0,0.15,12074.0,1224.0,211.0
NIB,3/2/2017,670.0,680.0,670.0,674.0,0.6,17595.0,1224.0,211.0
NIB,3/5/2017,674.0,699.0,674.0,690.0,2.37,21950.0,1224.0,211.0
NIB,3/6/2017,690.0,704.0,690.0,692.0,0.29,17182.0,1224.0,211.0
NIB,3/7/2017,692.0,692.0,675.0,685.0,-1.01,18439.0,1224.0,211.0
NIB,3/9/2017,685.0,692.0,683.0,687.0,0.29,23991.0,1224.0,211.0
NIB,3/13/2017,687.0,700.0,691.0,691.0,0.58,13864.0,1224.0,211.0
NIB,3/14/2017,691.0,700.0,683.0,690.0,-0.14,11882.0,1224.0,211.0
NIB,3/15/2017,690.0,695.0,684.0,690.0,0.0,10358.0,1224.0,211.0
NIB,3/16/2017,690.0,700.0,692.0,696.0,0.87,13333.0,1224.0,211.0
NIB,3/19/2017,696.0,699.0,690.0,696.0,0.0,19784.0,1224.0,211.0
NIB,3/20/2017,696.0,708.0,696.0,708.0,1.72,38630.0,1224.0,211.0
NIB,3/21/2017,708.0,728.0,704.0,720.0,1.69,33889.0,1224.0,211.0
NIB,3/22/2017,720.0,753.0,720.0,725.0,0.69,52734.0,1224.0,211.0
NIB,3/23/2017,725.0,743.0,718.0,718.0,-0.97,33577.0,1224.0,211.0
NIB,3/26/2017,718.0,755.0,718.0,738.0,2.79,70359.0,1224.0,211.0
NIB,3/28/2017,738.0,805.0,745.0,785.0,6.37,42031.0,1224.0,211.0
NIB,3/29/2017,785.0,819.0,785.0,790.0,0.64,40545.0,1224.0,211.0
NIB,3/30/2017,790.0,789.0,770.0,780.0,-1.27,34014.0,1224.0,211.0
NIB,4/2/2017,780.0,816.0,790.0,816.0,4.62,22372.0,1224.0,211.0
NIB,4/3/2017,816.0,867.0,786.0,808.0,-0.98,75916.0,1224.0,211.0
NIB,4/4/2017,808.0,821.0,780.0,801.0,-0.87,35142.0,1224.0,211.0
NIB,4/6/2017,801.0,800.0,785.0,794.0,-0.87,16269.0,1224.0,211.0
NIB,4/9/2017,794.0,801.0,782.0,789.0,-0.63,30516.0,1224.0,211.0
NIB,4/10/2017,789.0,816.0,785.0,816.0,3.42,38606.0,1224.0,211.0
NIB,4/11/2017,816.0,831.0,812.0,820.0,0.49,44062.0,1224.0,211.0
NIB,4/12/2017,820.0,836.0,810.0,816.0,-0.49,53802.0,1224.0,211.0
NIB,4/13/2017,816.0,815.0,785.0,801.0,-1.84,27589.0,1224.0,211.0
NIB,4/16/2017,801.0,810.0,778.0,781.0,-2.5,21969.0,1224.0,211.0
NIB,4/18/2017,781.0,781.0,762.0,770.0,-1.41,19288.0,1224.0,211.0
NIB,4/19/2017,770.0,834.0,756.0,818.0,6.23,17418.0,1224.0,211.0
NIB,4/20/2017,818.0,824.0,790.0,798.0,-2.44,21677.0,1224.0,211.0
NIB,4/23/2017,798.0,861.0,805.0,820.0,2.76,39315.0,1224.0,211.0
NIB,4/24/2017,820.0,818.0,800.0,810.0,-1.22,24906.0,1224.0,211.0
NIB,4/25/2017,810.0,807.0,796.0,798.0,-1.48,20413.0,1224.0,211.0
NIB,4/26/2017,798.0,800.0,791.0,795.0,-0.38,18004.0,1224.0,211.0
NIB,4/27/2017,795.0,797.0,785.0,790.0,-0.63,24866.0,1224.0,211.0
NIB,4/30/2017,790.0,789.0,770.0,777.0,-1.65,24938.0,1224.0,211.0
NIB,5/2/2017,777.0,785.0,768.0,775.0,-0.26,36007.0,1224.0,211.0
NIB,5/3/2017,775.0,800.0,775.0,780.0,0.65,27394.0,1224.0,211.0
NIB,5/4/2017,780.0,783.0,773.0,780.0,0.0,17335.0,1224.0,211.0
NIB,5/7/2017,780.0,780.0,750.0,760.0,-2.56,41285.0,1224.0,211.0
NIB,5/8/2017,760.0,772.0,755.0,762.0,0.26,19326.0,1224.0,211.0
NIB,5/9/2017,762.0,774.0,751.0,770.0,1.05,26633.0,1224.0,211.0
NIB,5/11/2017,770.0,776.0,765.0,769.0,-0.13,19677.0,1224.0,211.0
NIB,5/15/2017,769.0,780.0,765.0,765.0,-0.52,17183.0,1224.0,211.0
NIB,5/16/2017,765.0,770.0,756.0,767.0,0.26,18581.0,1224.0,211.0
NIB,5/17/2017,767.0,771.0,752.0,765.0,-0.26,20482.0,1224.0,211.0
NIB,5/18/2017,765.0,775.0,755.0,765.0,0.0,18557.0,1224.0,211.0
NIB,5/21/2017,765.0,770.0,755.0,759.0,-0.78,26516.0,1224.0,211.0
NIB,5/22/2017,759.0,761.0,751.0,759.0,0.0,12679.0,1224.0,211.0
NIB,5/23/2017,759.0,780.0,755.0,765.0,0.79,16863.0,1224.0,211.0
NIB,5/24/2017,765.0,770.0,755.0,760.0,-0.65,16152.0,1224.0,211.0
NIB,5/28/2017,760.0,760.0,750.0,754.0,-0.79,31735.0,1224.0,211.0
NIB,5/30/2017,754.0,761.0,745.0,745.0,-1.19,27135.0,1224.0,211.0
NIB,5/31/2017,745.0,756.0,740.0,752.0,0.94,29171.0,1224.0,211.0
NIB,6/1/2017,752.0,763.0,754.0,756.0,0.53,20857.0,1224.0,211.0
NIB,6/4/2017,756.0,757.0,743.0,750.0,-0.79,27274.0,1224.0,211.0
NIB,6/5/2017,750.0,760.0,745.0,752.0,0.27,23083.0,1224.0,211.0
NIB,6/6/2017,752.0,769.0,753.0,764.0,1.6,27231.0,1224.0,211.0
NIB,6/7/2017,764.0,770.0,755.0,758.0,-0.79,26783.0,1224.0,211.0
NIB,6/8/2017,758.0,757.0,746.0,754.0,-0.53,14957.0,1224.0,211.0
NIB,6/11/2017,754.0,769.0,740.0,750.0,-0.53,12314.0,1224.0,211.0
NIB,6/12/2017,750.0,750.0,739.0,742.0,-1.07,11829.0,1224.0,211.0
NIB,6/13/2017,742.0,755.0,739.0,745.0,0.4,29937.0,1224.0,211.0
NIB,6/14/2017,745.0,749.0,740.0,743.0,-0.27,13969.0,1224.0,211.0
NIB,6/15/2017,743.0,758.0,739.0,745.0,0.27,12702.0,1224.0,211.0
NIB,6/18/2017,745.0,750.0,733.0,735.0,-1.34,18810.0,1224.0,211.0
NIB,6/19/2017,735.0,749.0,731.0,736.0,0.14,8270.0,1224.0,211.0
NIB,6/20/2017,736.0,737.0,728.0,733.0,-0.41,13251.0,1224.0,211.0
NIB,6/21/2017,733.0,734.0,720.0,733.0,0.0,11754.0,1224.0,211.0
NIB,6/22/2017,733.0,742.0,721.0,738.0,0.68,8215.0,1224.0,211.0
NIB,6/25/2017,738.0,745.0,732.0,743.0,0.68,11518.0,1224.0,211.0
NIB,6/27/2017,743.0,754.0,735.0,745.0,0.27,19157.0,1224.0,211.0
NIB,6/28/2017,745.0,752.0,740.0,744.0,-0.13,16539.0,1224.0,211.0
NIB,7/2/2017,744.0,749.0,728.0,731.0,-1.75,17201.0,1224.0,211.0
NIB,7/3/2017,731.0,745.0,731.0,740.0,1.23,9996.0,1224.0,211.0
NIB,7/4/2017,740.0,744.0,730.0,740.0,0.0,14893.0,1224.0,211.0
NIB,7/5/2017,740.0,747.0,741.0,747.0,0.95,18690.0,1224.0,211.0
NIB,7/6/2017,747.0,759.0,745.0,757.0,1.34,20816.0,1224.0,211.0
NIB,7/9/2017,757.0,772.0,752.0,767.0,1.32,33429.0,1224.0,211.0
NIB,7/10/2017,767.0,764.0,753.0,762.0,-0.65,8593.0,1224.0,211.0
NIB,7/11/2017,762.0,769.0,750.0,766.0,0.52,65169.0,1224.0,211.0
NIB,7/12/2017,766.0,774.0,764.0,771.0,0.65,13583.0,1224.0,211.0
NIB,7/13/2017,771.0,774.0,764.0,770.0,-0.13,21118.0,1224.0,211.0
NIB,7/16/2017,770.0,775.0,760.0,775.0,0.65,10891.0,1224.0,211.0
NIB,7/17/2017,775.0,800.0,766.0,780.0,0.65,19271.0,1224.0,211.0
NIB,7/18/2017,780.0,800.0,785.0,800.0,2.56,31686.0,1224.0,211.0
NIB,7/19/2017,800.0,813.0,790.0,802.0,0.25,20719.0,1224.0,211.0
NIB,7/20/2017,802.0,805.0,793.0,800.0,-0.25,24837.0,1224.0,211.0
NIB,7/23/2017,800.0,802.0,782.0,786.0,-1.75,35570.0,1224.0,211.0
NIB,7/24/2017,786.0,790.0,774.0,774.0,-1.53,12394.0,1224.0,211.0
NIB,7/25/2017,774.0,786.0,761.0,779.0,0.65,24363.0,1224.0,211.0
NIB,7/26/2017,779.0,784.0,772.0,773.0,-0.77,12873.0,1224.0,211.0
NIB,7/27/2017,773.0,780.0,770.0,775.0,0.26,12738.0,1224.0,211.0
NIB,7/30/2017,775.0,778.0,763.0,776.0,0.13,12635.0,1224.0,211.0
NIB,7/31/2017,776.0,785.0,775.0,777.0,0.13,17027.0,1224.0,211.0
NIB,8/1/2017,777.0,782.0,769.0,771.0,-0.77,12583.0,1224.0,211.0
NIB,8/2/2017,771.0,780.0,771.0,775.0,0.52,10905.0,1224.0,211.0
NIB,8/3/2017,775.0,778.0,768.0,776.0,0.13,19687.0,1224.0,211.0
NIB,8/6/2017,776.0,778.0,770.0,772.0,-0.52,15999.0,1224.0,211.0
NIB,8/7/2017,772.0,775.0,769.0,770.0,-0.26,16931.0,1224.0,211.0
NIB,8/9/2017,770.0,773.0,770.0,773.0,0.39,17218.0,1224.0,211.0
NIB,8/10/2017,773.0,774.0,769.0,770.0,-0.39,19340.0,1224.0,211.0
NIB,8/13/2017,770.0,780.0,764.0,769.0,-0.13,16775.0,1224.0,211.0
NIB,8/15/2017,769.0,773.0,764.0,764.0,-0.65,24861.0,1224.0,211.0
NIB,8/16/2017,764.0,775.0,760.0,770.0,0.79,18899.0,1224.0,211.0
NIB,8/17/2017,770.0,774.0,765.0,770.0,0.0,20257.0,1224.0,211.0
NIB,8/20/2017,770.0,775.0,766.0,766.0,-0.52,26910.0,1224.0,211.0
NIB,8/21/2017,766.0,770.0,764.0,768.0,0.26,14228.0,1224.0,211.0
NIB,8/22/2017,768.0,772.0,765.0,768.0,0.0,20423.0,1224.0,211.0
NIB,8/23/2017,768.0,770.0,765.0,768.0,0.0,13884.0,1224.0,211.0
NIB,8/24/2017,768.0,774.0,767.0,772.0,0.52,21681.0,1224.0,211.0
NIB,8/27/2017,772.0,782.0,770.0,778.0,0.78,16757.0,1224.0,211.0
NIB,8/28/2017,778.0,792.0,765.0,770.0,-1.03,27594.0,1224.0,211.0
NIB,8/30/2017,770.0,780.0,761.0,773.0,0.39,20572.0,1224.0,211.0
NIB,8/31/2017,773.0,773.0,760.0,764.0,-1.16,36905.0,1224.0,211.0
NIB,9/4/2017,764.0,767.0,755.0,757.0,-0.92,27029.0,1224.0,211.0
NIB,9/6/2017,757.0,805.0,742.0,762.0,0.66,91979.0,1224.0,211.0
NIB,9/7/2017,762.0,773.0,761.0,762.0,0.0,41271.0,1224.0,211.0
NIB,9/10/2017,762.0,764.0,746.0,748.0,-1.84,30799.0,1224.0,211.0
NIB,9/11/2017,748.0,752.0,742.0,748.0,0.0,22389.0,1224.0,211.0
NIB,9/12/2017,748.0,749.0,740.0,740.0,-1.07,20211.0,1224.0,211.0
NIB,9/13/2017,740.0,745.0,735.0,740.0,0.0,44785.0,1224.0,211.0
NIB,9/14/2017,740.0,770.0,736.0,751.0,1.49,37496.0,1224.0,211.0
NIB,9/17/2017,751.0,790.0,751.0,770.0,2.53,25632.0,1224.0,211.0
NIB,9/18/2017,770.0,781.0,756.0,761.0,-1.17,21855.0,1224.0,211.0
NIB,9/20/2017,761.0,772.0,760.0,768.0,0.92,25070.0,1224.0,211.0
NIB,9/24/2017,768.0,769.0,757.0,760.0,-1.04,27750.0,1224.0,211.0
NIB,9/25/2017,760.0,762.0,756.0,757.0,-0.39,24270.0,1224.0,211.0
NIB,9/26/2017,757.0,765.0,757.0,764.0,0.92,42483.0,1224.0,211.0
NIB,10/3/2017,764.0,768.0,757.0,764.0,0.0,64114.0,1224.0,211.0
NIB,10/4/2017,664.0,665.0,644.0,645.0,-15.58,17862.0,1224.0,211.0
NIB,10/8/2017,645.0,647.0,620.0,629.0,-2.48,19739.0,1224.0,211.0
NIB,10/9/2017,629.0,641.0,618.0,623.0,-0.95,11784.0,1224.0,211.0
NIB,10/10/2017,623.0,623.0,611.0,620.0,-0.48,13716.0,1224.0,211.0
NIB,10/11/2017,620.0,624.0,619.0,620.0,0.0,12682.0,1224.0,211.0
NIB,10/12/2017,620.0,626.0,620.0,625.0,0.81,12238.0,1224.0,211.0
NIB,10/15/2017,625.0,628.0,620.0,623.0,-0.32,4621.0,1224.0,211.0
NIB,10/16/2017,623.0,660.0,624.0,660.0,5.94,19195.0,1224.0,211.0
NIB,10/17/2017,660.0,665.0,640.0,650.0,-1.52,13836.0,1224.0,211.0
NIB,10/18/2017,650.0,655.0,646.0,650.0,0.0,18916.0,1224.0,211.0
NIB,10/22/2017,650.0,660.0,646.0,646.0,-0.62,11438.0,1224.0,211.0
NIB,10/23/2017,646.0,653.0,645.0,647.0,0.15,4984.0,1224.0,211.0
NIB,10/24/2017,647.0,648.0,639.0,647.0,0.0,7602.0,1224.0,211.0
NIB,10/25/2017,647.0,648.0,644.0,644.0,-0.46,7439.0,1224.0,211.0
NIB,10/29/2017,644.0,645.0,635.0,636.0,-1.24,8454.0,1224.0,211.0
NIB,10/30/2017,636.0,645.0,632.0,636.0,0.0,9991.0,1224.0,211.0
NIB,10/31/2017,636.0,638.0,631.0,635.0,-0.16,11747.0,1224.0,211.0
NIB,11/1/2017,635.0,636.0,626.0,626.0,-1.42,12492.0,1224.0,211.0
NIB,11/2/2017,626.0,634.0,621.0,628.0,0.32,12849.0,1224.0,211.0
NIB,11/5/2017,628.0,650.0,625.0,626.0,-0.32,33255.0,1224.0,211.0
NIB,11/6/2017,626.0,634.0,623.0,630.0,0.64,23265.0,1224.0,211.0
NIB,11/7/2017,630.0,635.0,628.0,631.0,0.16,30828.0,1224.0,211.0
NIB,11/8/2017,631.0,631.0,621.0,625.0,-0.95,31122.0,1224.0,211.0
NIB,11/9/2017,625.0,634.0,625.0,629.0,0.64,22964.0,1224.0,211.0
NIB,11/12/2017,629.0,637.0,631.0,636.0,1.11,23745.0,1224.0,211.0
NIB,11/13/2017,636.0,650.0,637.0,646.0,1.57,23934.0,1224.0,211.0
NIB,11/14/2017,646.0,663.0,642.0,656.0,1.55,28744.0,1224.0,211.0
NIB,11/15/2017,656.0,669.0,651.0,659.0,0.46,20613.0,1224.0,211.0
NIB,11/16/2017,659.0,658.0,634.0,651.0,-1.21,14948.0,1224.0,211.0
NIB,11/19/2017,651.0,657.0,640.0,650.0,-0.15,18551.0,1224.0,211.0
NIB,11/20/2017,650.0,659.0,636.0,650.0,0.0,18217.0,1224.0,211.0
NIB,11/21/2017,650.0,650.0,643.0,647.0,-0.46,9365.0,1224.0,211.0
NIB,11/22/2017,647.0,658.0,646.0,647.0,0.0,11535.0,1224.0,211.0
NIB,11/23/2017,647.0,657.0,647.0,654.0,1.08,11954.0,1224.0,211.0
NIB,11/26/2017,654.0,670.0,658.0,665.0,1.68,17482.0,1224.0,211.0
NIB,11/27/2017,665.0,669.0,663.0,667.0,0.3,17346.0,1224.0,211.0
NIB,11/28/2017,667.0,669.0,666.0,666.0,-0.15,13013.0,1224.0,211.0
NIB,11/29/2017,666.0,692.0,669.0,674.0,1.2,20357.0,1224.0,211.0
NIB,11/30/2017,674.0,682.0,672.0,680.0,0.89,20562.0,1224.0,211.0
NIB,12/4/2017,680.0,690.0,671.0,674.0,-0.88,20086.0,1224.0,211.0
NIB,12/5/2017,674.0,675.0,666.0,675.0,0.15,10378.0,1224.0,211.0
NIB,12/6/2017,675.0,684.0,674.0,677.0,0.3,16208.0,1224.0,211.0
NIB,12/10/2017,677.0,690.0,668.0,671.0,-0.89,13745.0,1224.0,211.0
NIB,12/11/2017,671.0,675.0,666.0,667.0,-0.6,17699.0,1224.0,211.0
NIB,12/12/2017,667.0,670.0,662.0,662.0,-0.75,11019.0,1224.0,211.0
NIB,12/13/2017,662.0,671.0,655.0,669.0,1.06,18750.0,1224.0,211.0
NIB,12/14/2017,669.0,673.0,667.0,672.0,0.45,13519.0,1224.0,211.0
NIB,12/17/2017,672.0,671.0,658.0,664.0,-1.19,12054.0,1224.0,211.0
NIB,12/18/2017,664.0,665.0,659.0,663.0,-0.15,10223.0,1224.0,211.0
NIB,12/19/2017,663.0,667.0,661.0,661.0,-0.3,19643.0,1224.0,211.0
NIB,12/20/2017,661.0,664.0,651.0,651.0,-1.51,18934.0,1224.0,211.0
NIB,12/21/2017,651.0,660.0,642.0,650.0,-0.15,28459.0,1224.0,211.0
NIB,12/24/2017,650.0,659.0,650.0,655.0,0.77,14490.0,1224.0,211.0
NIB,12/26/2017,655.0,655.0,646.0,655.0,0.0,16709.0,1224.0,211.0
NIB,12/27/2017,655.0,651.0,640.0,650.0,-0.76,16269.0,1224.0,211.0
NIB,12/28/2017,650.0,650.0,633.0,649.0,-0.15,13115.0,1224.0,211.0
NIB,12/31/2017,649.0,647.0,632.0,643.0,-0.92,22912.0,1224.0,211.0
NIB,1/1/2018,643.0,656.0,645.0,655.0,1.87,22737.0,1224.0,211.0
NIB,1/2/2018,655.0,665.0,650.0,660.0,0.76,22399.0,1224.0,211.0
NIB,1/3/2018,660.0,660.0,656.0,657.0,-0.45,8665.0,1224.0,211.0
NIB,1/4/2018,657.0,659.0,649.0,659.0,0.3,16770.0,1224.0,211.0
NIB,1/7/2018,659.0,661.0,655.0,656.0,-0.46,7962.0,1224.0,211.0
NIB,1/8/2018,656.0,666.0,655.0,663.0,1.07,11855.0,1224.0,211.0
NIB,1/9/2018,663.0,669.0,659.0,667.0,0.6,16393.0,1224.0,211.0
NIB,1/10/2018,667.0,668.0,658.0,658.0,-1.35,15237.0,1224.0,211.0
NIB,1/14/2018,658.0,658.0,650.0,657.0,-0.15,10234.0,1224.0,211.0
NIB,1/16/2018,657.0,657.0,648.0,657.0,0.0,13776.0,1224.0,211.0
NIB,1/17/2018,657.0,655.0,647.0,652.0,-0.76,9034.0,1224.0,211.0
NIB,1/21/2018,652.0,656.0,652.0,653.0,0.15,7017.0,1224.0,211.0
NIB,1/22/2018,653.0,655.0,650.0,652.0,-0.15,9479.0,1224.0,211.0
NIB,1/23/2018,652.0,653.0,649.0,652.0,0.0,8678.0,1224.0,211.0
NIB,1/24/2018,652.0,652.0,650.0,650.0,-0.31,7464.0,1224.0,211.0
NIB,1/25/2018,650.0,658.0,648.0,654.0,0.62,10001.0,1224.0,211.0
NIB,1/28/2018,654.0,661.0,655.0,661.0,1.07,16864.0,1224.0,211.0
NIB,1/29/2018,661.0,663.0,659.0,663.0,0.3,13683.0,1224.0,211.0
NIB,1/31/2018,663.0,669.0,660.0,666.0,0.45,18243.0,1224.0,211.0
NIB,2/1/2018,666.0,671.0,666.0,669.0,0.45,20450.0,1224.0,211.0
NIB,2/4/2018,669.0,676.0,669.0,673.0,0.6,15190.0,1224.0,211.0
NIB,2/5/2018,673.0,680.0,672.0,673.0,0.0,15421.0,1224.0,211.0
NIB,2/6/2018,673.0,674.0,666.0,668.0,-0.74,10552.0,1224.0,211.0
NIB,2/7/2018,668.0,668.0,662.0,663.0,-0.75,9127.0,1224.0,211.0
NIB,2/8/2018,663.0,670.0,661.0,669.0,0.9,11466.0,1224.0,211.0
NIB,2/11/2018,669.0,674.0,669.0,673.0,0.6,9298.0,1224.0,211.0
NIB,2/12/2018,673.0,672.0,665.0,669.0,-0.59,13569.0,1224.0,211.0
NIB,2/14/2018,669.0,675.0,665.0,672.0,0.45,14909.0,1224.0,211.0
NIB,2/15/2018,672.0,685.0,673.0,683.0,1.64,46089.0,1224.0,211.0
NIB,2/18/2018,687.0,694.0,683.0,687.0,0.59,40995.0,1224.0,211.0
NIB,2/20/2018,691.0,694.0,680.0,682.0,-0.73,23556.0,1224.0,211.0
NIB,2/21/2018,680.0,680.0,672.0,675.0,-1.03,8701.0,1224.0,211.0
NIB,2/22/2018,677.0,680.0,670.0,673.0,-0.3,10408.0,1224.0,211.0
NIB,2/25/2018,670.0,675.0,670.0,671.0,-0.3,13051.0,1224.0,211.0
NIB,2/26/2018,671.0,675.0,666.0,668.0,-0.45,14545.0,1224.0,211.0
NIB,2/27/2018,667.0,675.0,667.0,675.0,1.05,12352.0,1224.0,211.0
NIB,2/28/2018,676.0,676.0,667.0,668.0,-1.04,13515.0,1224.0,211.0
NIB,3/4/2018,662.0,665.0,650.0,652.0,-2.4,23967.0,1224.0,211.0
NIB,3/5/2018,660.0,663.0,650.0,652.0,0.0,18800.0,1224.0,211.0
NIB,3/6/2018,659.0,665.0,649.0,665.0,1.99,21436.0,1224.0,211.0
NIB,3/7/2018,665.0,674.0,665.0,674.0,1.35,23127.0,1224.0,211.0
NIB,3/11/2018,675.0,675.0,656.0,662.0,-1.78,17580.0,1224.0,211.0
NIB,3/12/2018,663.0,665.0,652.0,653.0,-1.36,20133.0,1224.0,211.0
NIB,3/13/2018,646.0,666.0,646.0,658.0,0.77,11944.0,1224.0,211.0
NIB,3/14/2018,660.0,662.0,658.0,660.0,0.3,6761.0,1224.0,211.0
NIB,3/15/2018,662.0,662.0,647.0,661.0,0.15,16357.0,1224.0,211.0
NIB,3/18/2018,664.0,664.0,655.0,656.0,-0.76,6285.0,1224.0,211.0
NIB,3/19/2018,656.0,659.0,655.0,655.0,-0.15,14330.0,1224.0,211.0
NIB,3/20/2018,652.0,655.0,650.0,654.0,-0.15,21518.0,1224.0,211.0
NIB,3/21/2018,653.0,653.0,646.0,649.0,-0.76,17153.0,1224.0,211.0
NIB,3/22/2018,642.0,653.0,640.0,645.0,-0.62,29370.0,1224.0,211.0
NIB,3/26/2018,645.0,645.0,626.0,635.0,-1.55,37696.0,1224.0,211.0
NIB,3/27/2018,632.0,651.0,616.0,636.0,0.16,32305.0,1224.0,211.0
NIB,3/28/2018,648.0,650.0,630.0,645.0,1.42,20399.0,1224.0,211.0
NIB,3/29/2018,650.0,653.0,646.0,649.0,0.62,19971.0,1224.0,211.0
NIB,4/1/2018,645.0,648.0,631.0,640.0,-1.39,13651.0,1224.0,211.0
NIB,4/2/2018,640.0,645.0,640.0,640.0,0.0,9602.0,1224.0,211.0
NIB,4/3/2018,640.0,647.0,636.0,645.0,0.78,16369.0,1224.0,211.0
NIB,4/4/2018,645.0,660.0,645.0,656.0,1.71,19365.0,1224.0,211.0
NIB,4/5/2018,660.0,667.0,657.0,665.0,1.37,26595.0,1224.0,211.0
NIB,4/8/2018,670.0,680.0,667.0,673.0,1.2,29947.0,1224.0,211.0
NIB,4/9/2018,676.0,681.0,663.0,664.0,-1.34,21754.0,1224.0,211.0
NIB,4/10/2018,674.0,674.0,661.0,661.0,-0.45,9260.0,1224.0,211.0
NIB,4/11/2018,662.0,669.0,658.0,669.0,1.21,8824.0,1224.0,211.0
NIB,4/12/2018,669.0,675.0,665.0,667.0,-0.3,10653.0,1224.0,211.0
NIB,4/15/2018,666.0,674.0,658.0,661.0,-0.9,12978.0,1224.0,211.0
NIB,4/16/2018,664.0,670.0,661.0,664.0,0.45,10054.0,1224.0,211.0
NIB,4/17/2018,670.0,670.0,663.0,667.0,0.45,7414.0,1224.0,211.0
NIB,4/18/2018,666.0,695.0,662.0,662.0,-0.75,28679.0,1224.0,211.0
NIB,4/19/2018,675.0,685.0,675.0,684.0,3.32,37495.0,1224.0,211.0
NIB,4/22/2018,690.0,700.0,686.0,693.0,1.32,21235.0,1224.0,211.0
NIB,4/23/2018,695.0,700.0,676.0,680.0,-1.88,26341.0,1224.0,211.0
NIB,4/24/2018,682.0,682.0,671.0,675.0,-0.74,9555.0,1224.0,211.0
NIB,4/25/2018,675.0,692.0,675.0,681.0,0.89,23803.0,1224.0,211.0
NIB,4/26/2018,682.0,682.0,668.0,670.0,-1.62,16174.0,1224.0,211.0
NIB,4/29/2018,665.0,667.0,658.0,664.0,-0.9,22208.0,1224.0,211.0
NIB,5/2/2018,670.0,672.0,656.0,666.0,0.3,19644.0,1224.0,211.0
NIB,5/3/2018,671.0,671.0,665.0,667.0,0.15,17228.0,1224.0,211.0
NIB,5/6/2018,665.0,668.0,659.0,660.0,-1.05,14181.0,1224.0,211.0
NIB,5/7/2018,660.0,662.0,657.0,659.0,-0.15,10402.0,1224.0,211.0
NIB,5/8/2018,660.0,661.0,656.0,660.0,0.15,22536.0,1224.0,211.0
NIB,5/9/2018,662.0,665.0,658.0,660.0,0.0,16658.0,1224.0,211.0
NIB,5/10/2018,665.0,665.0,657.0,660.0,0.0,10243.0,1224.0,211.0
NIB,5/14/2018,665.0,665.0,654.0,655.0,-0.76,18012.0,1224.0,211.0
NIB,5/15/2018,651.0,655.0,650.0,651.0,-0.61,4528.0,1224.0,211.0
NIB,5/16/2018,651.0,658.0,651.0,655.0,0.61,11921.0,1224.0,211.0
NIB,5/17/2018,656.0,658.0,654.0,656.0,0.15,7467.0,1224.0,211.0
NIB,5/20/2018,660.0,665.0,654.0,654.0,-0.3,14698.0,1224.0,211.0
NIB,5/21/2018,655.0,656.0,652.0,654.0,0.0,12065.0,1224.0,211.0
NIB,5/22/2018,653.0,656.0,650.0,650.0,-0.61,11105.0,1224.0,211.0
NIB,5/23/2018,652.0,653.0,648.0,648.0,-0.31,19505.0,1224.0,211.0
NIB,5/24/2018,650.0,652.0,648.0,648.0,0.0,9030.0,1224.0,211.0
NIB,5/27/2018,648.0,648.0,644.0,645.0,-0.46,16175.0,1224.0,211.0
NIB,5/28/2018,645.0,659.0,634.0,656.0,1.71,17293.0,1224.0,211.0
NIB,5/29/2018,655.0,657.0,651.0,652.0,-0.61,8951.0,1224.0,211.0
NIB,5/30/2018,665.0,665.0,647.0,650.0,-0.31,12378.0,1224.0,211.0
NIB,5/31/2018,652.0,655.0,642.0,646.0,-0.62,25080.0,1224.0,211.0
NIB,6/3/2018,635.0,647.0,635.0,640.0,-0.93,20385.0,1224.0,211.0
NIB,6/4/2018,635.0,649.0,630.0,638.0,-0.31,18931.0,1224.0,211.0
NIB,6/6/2018,650.0,655.0,641.0,642.0,0.63,4120.0,1224.0,211.0
NIB,6/7/2018,642.0,646.0,630.0,630.0,-1.87,31090.0,1224.0,211.0
NIB,6/10/2018,639.0,639.0,624.0,625.0,-0.79,25575.0,1224.0,211.0
NIB,6/11/2018,630.0,636.0,619.0,628.0,0.48,21973.0,1224.0,211.0
NIB,6/12/2018,630.0,630.0,623.0,629.0,0.16,15607.0,1224.0,211.0
NIB,6/13/2018,630.0,631.0,626.0,630.0,0.16,6871.0,1224.0,211.0
NIB,6/14/2018,631.0,635.0,625.0,625.0,-0.79,10631.0,1224.0,211.0
NIB,6/17/2018,629.0,629.0,617.0,625.0,0.0,6233.0,1224.0,211.0
NIB,6/18/2018,617.0,626.0,617.0,625.0,0.0,5189.0,1224.0,211.0
NIB,6/19/2018,625.0,625.0,621.0,622.0,-0.48,6272.0,1224.0,211.0
NIB,6/20/2018,622.0,623.0,620.0,621.0,-0.16,3762.0,1224.0,211.0
NIB,6/21/2018,620.0,626.0,618.0,625.0,0.64,12413.0,1224.0,211.0
NIB,6/24/2018,621.0,630.0,618.0,622.0,-0.48,6725.0,1224.0,211.0
NIB,6/25/2018,625.0,629.0,620.0,620.0,-0.32,7831.0,1224.0,211.0
NIB,6/26/2018,625.0,625.0,615.0,615.0,-0.81,17214.0,1224.0,211.0
NIB,6/27/2018,612.0,624.0,611.0,624.0,1.46,6025.0,1224.0,211.0
NIB,6/28/2018,624.0,625.0,618.0,624.0,0.0,10821.0,1224.0,211.0
NIB,7/1/2018,624.0,625.0,615.0,615.0,-1.44,10200.0,1224.0,211.0
NIB,7/2/2018,615.0,617.0,610.0,615.0,0.0,16571.0,1224.0,211.0
NIB,7/3/2018,615.0,625.0,610.0,615.0,0.0,10542.0,1224.0,211.0
NIB,7/4/2018,616.0,619.0,613.0,618.0,0.49,10471.0,1224.0,211.0
NIB,7/5/2018,618.0,630.0,615.0,629.0,1.78,17651.0,1224.0,211.0
NIB,7/8/2018,627.0,638.0,623.0,628.0,-0.16,14954.0,1224.0,211.0
NIB,7/9/2018,628.0,630.0,614.0,620.0,-1.27,20943.0,1224.0,211.0
NIB,7/10/2018,620.0,625.0,619.0,620.0,0.0,14541.0,1224.0,211.0
NIB,7/11/2018,620.0,631.0,620.0,621.0,0.16,15016.0,1224.0,211.0
NIB,7/12/2018,629.0,629.0,617.0,618.0,-0.48,14870.0,1224.0,211.0
NIB,7/15/2018,620.0,624.0,619.0,623.0,0.81,11888.0,1224.0,211.0
NIB,7/16/2018,635.0,635.0,616.0,621.0,-0.32,15606.0,1224.0,211.0
NIB,7/17/2018,633.0,633.0,623.0,623.0,0.32,7379.0,1224.0,211.0
NIB,7/18/2018,630.0,630.0,619.0,621.0,-0.32,11409.0,1224.0,211.0
NIB,7/19/2018,626.0,626.0,619.0,620.0,-0.16,13331.0,1224.0,211.0
NIB,7/22/2018,620.0,622.0,616.0,622.0,0.32,6516.0,1224.0,211.0
NIB,7/23/2018,620.0,621.0,617.0,617.0,-0.8,25956.0,1224.0,211.0
NIB,7/24/2018,620.0,624.0,618.0,620.0,0.49,19224.0,1224.0,211.0
NIB,7/25/2018,620.0,623.0,620.0,620.0,0.0,4949.0,1224.0,211.0
NIB,7/26/2018,625.0,625.0,618.0,622.0,0.32,6124.0,1224.0,211.0
NIB,7/29/2018,625.0,628.0,620.0,623.0,0.16,4513.0,1224.0,211.0
NIB,7/30/2018,623.0,626.0,620.0,620.0,-0.48,6157.0,1224.0,211.0
NIB,7/31/2018,616.0,623.0,616.0,621.0,0.16,11625.0,1224.0,211.0
NIB,8/1/2018,620.0,624.0,619.0,624.0,0.48,5166.0,1224.0,211.0
NIB,8/2/2018,623.0,625.0,621.0,624.0,0.0,5179.0,1224.0,211.0
NIB,8/5/2018,624.0,625.0,619.0,625.0,0.16,6053.0,1224.0,211.0
NIB,8/6/2018,620.0,626.0,618.0,619.0,-0.96,4925.0,1224.0,211.0
NIB,8/7/2018,622.0,624.0,619.0,620.0,0.16,11795.0,1224.0,211.0
NIB,8/8/2018,620.0,623.0,619.0,621.0,0.16,6304.0,1224.0,211.0
NIB,8/9/2018,620.0,622.0,620.0,620.0,-0.16,6849.0,1224.0,211.0
NIB,8/12/2018,621.0,622.0,618.0,619.0,-0.16,7550.0,1224.0,211.0
NIB,8/13/2018,616.0,622.0,616.0,621.0,0.32,7594.0,1224.0,211.0
NIB,8/14/2018,626.0,633.0,622.0,625.0,0.64,13694.0,1224.0,211.0
NIB,8/15/2018,625.0,636.0,625.0,632.0,1.12,18333.0,1224.0,211.0
NIB,8/16/2018,639.0,640.0,632.0,639.0,1.11,13108.0,1224.0,211.0
NIB,8/19/2018,631.0,639.0,631.0,631.0,-1.25,11587.0,1224.0,211.0
NIB,8/20/2018,633.0,635.0,626.0,629.0,-0.32,14477.0,1224.0,211.0
NIB,8/21/2018,630.0,635.0,628.0,635.0,0.95,8473.0,1224.0,211.0
NIB,8/22/2018,630.0,633.0,625.0,627.0,-1.26,13879.0,1224.0,211.0
NIB,8/23/2018,633.0,633.0,625.0,626.0,-0.16,7970.0,1224.0,211.0
NIB,8/26/2018,629.0,631.0,627.0,627.0,0.16,3558.0,1224.0,211.0
NIB,8/28/2018,627.0,632.0,625.0,628.0,0.16,8217.0,1224.0,211.0
NIB,8/29/2018,628.0,631.0,628.0,628.0,0.0,20964.0,1224.0,211.0
NIB,8/30/2018,634.0,634.0,628.0,631.0,0.48,6009.0,1224.0,211.0
NIB,9/2/2018,632.0,637.0,630.0,637.0,0.95,10433.0,1224.0,211.0
NIB,9/3/2018,637.0,647.0,637.0,644.0,1.1,17927.0,1224.0,211.0
NIB,9/4/2018,645.0,649.0,642.0,646.0,0.31,11812.0,1224.0,211.0
NIB,9/5/2018,641.0,656.0,641.0,655.0,1.39,16453.0,1224.0,211.0
NIB,9/6/2018,660.0,660.0,642.0,644.0,-1.68,15055.0,1224.0,211.0
NIB,9/9/2018,644.0,650.0,640.0,648.0,0.62,10508.0,1224.0,211.0
NIB,9/10/2018,650.0,650.0,644.0,644.0,-0.62,3497.0,1224.0,211.0
NIB,9/11/2018,644.0,649.0,641.0,642.0,-0.31,9560.0,1224.0,211.0
NIB,9/12/2018,641.0,650.0,638.0,650.0,1.25,7603.0,1224.0,211.0
NIB,9/13/2018,657.0,659.0,647.0,651.0,0.15,10912.0,1224.0,211.0
NIB,9/16/2018,653.0,657.0,651.0,652.0,0.15,17367.0,1224.0,211.0
NIB,9/17/2018,653.0,658.0,650.0,651.0,-0.15,12981.0,1224.0,211.0
NIB,9/18/2018,655.0,655.0,650.0,650.0,-0.15,11613.0,1224.0,211.0
NIB,9/20/2018,647.0,652.0,647.0,650.0,0.0,17889.0,1224.0,211.0
NIB,9/23/2018,638.0,653.0,638.0,648.0,-0.31,11535.0,1224.0,211.0
NIB,9/25/2018,650.0,661.0,650.0,660.0,1.85,84217.0,1224.0,211.0
NIB,9/26/2018,660.0,669.0,660.0,664.0,0.61,26869.0,1224.0,211.0
NIB,9/27/2018,660.0,664.0,655.0,655.0,-1.36,16031.0,1224.0,211.0
NIB,9/30/2018,655.0,655.0,645.0,645.0,-1.53,16084.0,1224.0,211.0
NIB,10/1/2018,650.0,650.0,636.0,638.0,-1.09,20873.0,1224.0,211.0
NIB,10/2/2018,644.0,650.0,637.0,641.0,0.47,10734.0,1224.0,211.0
NIB,10/3/2018,641.0,641.0,637.0,640.0,-0.16,17340.0,1224.0,211.0
NIB,10/4/2018,639.0,641.0,635.0,640.0,0.0,14020.0,1224.0,211.0
NIB,10/7/2018,640.0,640.0,630.0,634.0,-0.94,9038.0,1224.0,211.0
NIB,10/8/2018,630.0,646.0,630.0,634.0,0.0,6199.0,1224.0,211.0
NIB,10/9/2018,633.0,644.0,631.0,631.0,-0.47,13288.0,1224.0,211.0
NIB,10/10/2018,624.0,635.0,624.0,635.0,0.63,3489.0,1224.0,211.0
NIB,10/11/2018,628.0,642.0,628.0,640.0,0.79,4511.0,1224.0,211.0
NIB,10/14/2018,647.0,648.0,640.0,648.0,1.25,4120.0,1224.0,211.0
NIB,10/15/2018,648.0,650.0,645.0,646.0,-0.31,4385.0,1224.0,211.0
NIB,10/21/2018,644.0,646.0,642.0,644.0,-0.31,1287.0,1224.0,211.0
NIB,10/22/2018,645.0,648.0,644.0,646.0,0.31,1742.0,1224.0,211.0
NIB,10/23/2018,651.0,651.0,640.0,644.0,-0.31,4345.0,1224.0,211.0
NIB,10/24/2018,638.0,650.0,638.0,650.0,0.93,5842.0,1224.0,211.0
NIB,10/25/2018,650.0,650.0,643.0,643.0,-1.08,7574.0,1224.0,211.0
NIB,10/28/2018,642.0,643.0,637.0,637.0,-0.93,7682.0,1224.0,211.0
NIB,10/29/2018,637.0,638.0,634.0,636.0,-0.16,3754.0,1224.0,211.0
NIB,10/30/2018,636.0,642.0,635.0,640.0,0.63,3581.0,1224.0,211.0
NIB,10/31/2018,641.0,641.0,636.0,636.0,-0.62,4016.0,1224.0,211.0
NIB,11/1/2018,638.0,639.0,636.0,637.0,0.16,4939.0,1224.0,211.0
NIB,11/4/2018,630.0,633.0,626.0,626.0,-1.73,13430.0,1224.0,211.0
NIB,11/5/2018,626.0,638.0,626.0,636.0,1.6,2683.0,1224.0,211.0
NIB,11/6/2018,636.0,600.0,600.0,635.0,-0.16,2438.0,1224.0,211.0
NIB,11/11/2018,635.0,635.0,625.0,628.0,-1.1,4341.0,1224.0,211.0
NIB,11/12/2018,625.0,628.0,619.0,622.0,-0.96,4834.0,1224.0,211.0
NIB,11/13/2018,626.0,635.0,622.0,630.0,1.29,3190.0,1224.0,211.0
NIB,11/14/2018,625.0,633.0,625.0,633.0,0.48,3925.0,1224.0,211.0
NIB,11/15/2018,630.0,640.0,630.0,635.0,0.32,15158.0,1224.0,211.0
NIB,11/18/2018,635.0,643.0,631.0,635.0,0.0,5958.0,1224.0,211.0
NIB,11/19/2018,635.0,635.0,628.0,632.0,-0.47,5583.0,1224.0,211.0
NIB,11/20/2018,630.0,632.0,628.0,629.0,-0.47,4389.0,1224.0,211.0
NIB,11/21/2018,630.0,635.0,626.0,629.0,0.0,6271.0,1224.0,211.0
NIB,11/22/2018,631.0,635.0,631.0,632.0,0.48,2466.0,1224.0,211.0
NIB,11/25/2018,630.0,631.0,625.0,626.0,-0.95,6175.0,1224.0,211.0
NIB,11/26/2018,625.0,630.0,625.0,626.0,0.0,6870.0,1224.0,211.0
NIB,11/27/2018,629.0,632.0,625.0,627.0,0.16,4822.0,1224.0,211.0
NIB,11/28/2018,629.0,633.0,628.0,629.0,0.32,8490.0,1224.0,211.0
NIB,11/29/2018,641.0,641.0,626.0,628.0,-0.16,7051.0,1224.0,211.0
NIB,12/2/2018,628.0,629.0,617.0,617.0,-1.75,17179.0,1224.0,211.0
NIB,12/3/2018,611.0,623.0,611.0,617.0,0.0,8193.0,1224.0,211.0
NIB,12/4/2018,618.0,621.0,615.0,619.0,0.32,8974.0,1224.0,211.0
NIB,12/5/2018,618.0,619.0,614.0,617.0,-0.32,14692.0,1224.0,211.0
NIB,12/6/2018,610.0,621.0,610.0,619.0,0.32,10238.0,1224.0,211.0
NIB,12/9/2018,618.0,621.0,616.0,619.0,0.0,5809.0,1224.0,211.0
NIB,12/10/2018,631.0,655.0,631.0,648.0,4.68,84595.0,1224.0,211.0
NIB,12/11/2018,650.0,651.0,647.0,650.0,0.31,43933.0,1224.0,211.0
NIB,12/12/2018,653.0,653.0,649.0,649.0,-0.15,25119.0,1224.0,211.0
NIB,12/13/2018,652.0,652.0,649.0,652.0,0.46,20185.0,1224.0,211.0
NIB,12/16/2018,652.0,669.0,652.0,668.0,2.45,41290.0,1224.0,211.0
NIB,12/17/2018,668.0,672.0,665.0,671.0,0.45,18602.0,1224.0,211.0
NIB,12/18/2018,675.0,675.0,644.0,665.0,-0.89,24770.0,1224.0,211.0
NIB,12/19/2018,661.0,667.0,655.0,664.0,-0.15,35576.0,1224.0,211.0
NIB,12/20/2018,670.0,672.0,666.0,666.0,0.3,27382.0,1224.0,211.0
NIB,12/23/2018,679.0,683.0,670.0,677.0,1.65,38095.0,1224.0,211.0
NIB,12/24/2018,680.0,684.0,674.0,676.0,-0.15,47611.0,1224.0,211.0
NIB,12/25/2018,679.0,683.0,672.0,681.0,0.74,92161.0,1224.0,211.0
NIB,12/26/2018,568.0,574.0,557.0,567.0,-16.74,39918.0,1224.0,211.0
NIB,12/27/2018,569.0,594.0,569.0,571.0,0.71,21374.0,1224.0,211.0
NIB,12/30/2018,571.0,575.0,564.0,568.0,-0.53,14747.0,1224.0,211.0
NIB,12/31/2018,566.0,566.0,558.0,560.0,-1.41,10549.0,1224.0,211.0
NIB,1/1/2019,560.0,562.0,553.0,555.0,-0.89,9511.0,1224.0,211.0
NIB,1/2/2019,555.0,556.0,550.0,552.0,-0.54,11258.0,1224.0,211.0
NIB,1/3/2019,552.0,553.0,548.0,550.0,-0.36,13629.0,1224.0,211.0
NIB,1/6/2019,550.0,552.0,547.0,548.0,-0.36,9427.0,1224.0,211.0
NIB,1/7/2019,550.0,552.0,549.0,551.0,0.55,8483.0,1224.0,211.0
NIB,1/8/2019,551.0,551.0,546.0,546.0,-0.91,7781.0,1224.0,211.0
NIB,1/9/2019,543.0,555.0,543.0,549.0,0.55,16894.0,1224.0,211.0
NIB,1/10/2019,549.0,549.0,545.0,547.0,-0.36,5626.0,1224.0,211.0
NIB,1/13/2019,555.0,555.0,544.0,546.0,-0.18,6940.0,1224.0,211.0
NIB,1/14/2019,542.0,549.0,542.0,549.0,0.55,3295.0,1224.0,211.0
NIB,1/15/2019,548.0,550.0,547.0,550.0,0.18,6183.0,1224.0,211.0
NIB,1/16/2019,553.0,553.0,543.0,544.0,-1.09,9956.0,1224.0,211.0
NIB,1/17/2019,549.0,549.0,540.0,543.0,-0.18,12044.0,1224.0,211.0
NIB,1/20/2019,540.0,544.0,539.0,539.0,-0.74,8455.0,1224.0,211.0
NIB,1/21/2019,544.0,545.0,534.0,536.0,-0.56,11404.0,1224.0,211.0
NIB,1/22/2019,538.0,540.0,535.0,537.0,0.19,15140.0,1224.0,211.0
NIB,1/23/2019,540.0,540.0,537.0,539.0,0.37,6425.0,1224.0,211.0
NIB,1/24/2019,544.0,548.0,535.0,538.0,-0.19,12134.0,1224.0,211.0
NIB,1/27/2019,540.0,540.0,530.0,532.0,-1.12,18491.0,1224.0,211.0
NIB,1/28/2019,535.0,535.0,531.0,532.0,0.0,14452.0,1224.0,211.0
NIB,1/29/2019,533.0,535.0,531.0,533.0,0.19,13806.0,1224.0,211.0
NIB,1/30/2019,531.0,534.0,531.0,531.0,-0.38,9733.0,1224.0,211.0
NIB,1/31/2019,541.0,541.0,531.0,532.0,0.19,7746.0,1224.0,211.0
NIB,2/3/2019,535.0,535.0,527.0,528.0,-0.75,21379.0,1224.0,211.0
NIB,2/4/2019,528.0,528.0,525.0,525.0,-0.57,19113.0,1224.0,211.0
NIB,2/5/2019,527.0,530.0,523.0,525.0,0.0,14316.0,1224.0,211.0
NIB,2/6/2019,524.0,524.0,521.0,522.0,-0.57,9976.0,1224.0,211.0
NIB,2/7/2019,529.0,529.0,520.0,521.0,-0.19,21319.0,1224.0,211.0
NIB,2/10/2019,522.0,523.0,517.0,520.0,-0.19,21137.0,1224.0,211.0
NIB,2/11/2019,515.0,518.0,514.0,516.0,-0.77,9011.0,1224.0,211.0
NIB,2/12/2019,516.0,518.0,515.0,516.0,0.0,6523.0,1224.0,211.0
NIB,2/13/2019,518.0,520.0,515.0,515.0,-0.19,7209.0,1224.0,211.0
NIB,2/14/2019,514.0,516.0,510.0,512.0,-0.58,16924.0,1224.0,211.0
NIB,2/17/2019,512.0,517.0,505.0,508.0,-0.78,8158.0,1224.0,211.0
NIB,2/18/2019,509.0,510.0,502.0,503.0,-0.98,9197.0,1224.0,211.0
NIB,2/19/2019,505.0,513.0,505.0,513.0,1.99,5167.0,1224.0,211.0
NIB,2/20/2019,515.0,519.0,510.0,511.0,-0.39,6455.0,1224.0,211.0
NIB,2/21/2019,510.0,511.0,499.0,504.0,-1.37,17250.0,1224.0,211.0
NIB,2/24/2019,510.0,510.0,500.0,505.0,0.2,8410.0,1224.0,211.0
NIB,2/25/2019,509.0,509.0,503.0,506.0,0.2,6807.0,1224.0,211.0
NIB,2/26/2019,506.0,507.0,503.0,504.0,-0.4,5858.0,1224.0,211.0
NIB,2/27/2019,504.0,505.0,501.0,503.0,-0.2,9214.0,1224.0,211.0
NIB,3/3/2019,503.0,506.0,500.0,500.0,-0.6,7928.0,1224.0,211.0
NIB,3/5/2019,501.0,505.0,501.0,504.0,0.8,6637.0,1224.0,211.0
NIB,3/6/2019,505.0,508.0,505.0,508.0,0.79,5942.0,1224.0,211.0
NIB,3/7/2019,509.0,517.0,509.0,517.0,1.77,10455.0,1224.0,211.0
NIB,3/10/2019,520.0,520.0,516.0,520.0,0.58,3152.0,1224.0,211.0
NIB,3/11/2019,520.0,531.0,518.0,531.0,2.12,10993.0,1224.0,211.0
NIB,3/12/2019,540.0,541.0,532.0,541.0,1.88,18459.0,1224.0,211.0
NIB,3/13/2019,541.0,544.0,536.0,537.0,-0.74,13712.0,1224.0,211.0
NIB,3/14/2019,530.0,536.0,530.0,535.0,-0.37,14172.0,1224.0,211.0
NIB,3/17/2019,537.0,542.0,531.0,540.0,0.93,54914.0,1224.0,211.0
NIB,3/18/2019,540.0,543.0,536.0,541.0,0.19,17260.0,1224.0,211.0
NIB,3/19/2019,542.0,542.0,532.0,535.0,-1.11,1523.0,1224.0,211.0
NIB,3/21/2019,536.0,536.0,525.0,530.0,-0.93,8768.0,1224.0,211.0
NIB,3/24/2019,540.0,540.0,526.0,530.0,0.0,8070.0,1224.0,211.0
NIB,3/25/2019,530.0,533.0,524.0,530.0,0.0,12773.0,1224.0,211.0
NIB,3/26/2019,526.0,531.0,526.0,527.0,-0.57,11808.0,1224.0,211.0
NIB,3/27/2019,531.0,531.0,527.0,528.0,0.19,2961.0,1224.0,211.0
NIB,3/28/2019,526.0,530.0,526.0,530.0,0.38,8747.0,1224.0,211.0
NIB,3/31/2019,531.0,533.0,527.0,528.0,-0.38,7204.0,1224.0,211.0
NIB,4/1/2019,529.0,533.0,527.0,529.0,0.19,11305.0,1224.0,211.0
NIB,4/2/2019,528.0,535.0,528.0,534.0,0.95,15912.0,1224.0,211.0
NIB,4/3/2019,534.0,539.0,533.0,535.0,0.19,22693.0,1224.0,211.0
NIB,4/4/2019,534.0,537.0,534.0,535.0,0.0,10843.0,1224.0,211.0
NIB,4/7/2019,535.0,548.0,535.0,548.0,2.43,16664.0,1224.0,211.0
NIB,4/8/2019,550.0,559.0,545.0,559.0,2.01,78212.0,1224.0,211.0
NIB,4/9/2019,560.0,562.0,550.0,555.0,-0.72,29874.0,1224.0,211.0
NIB,4/10/2019,555.0,555.0,546.0,550.0,-0.9,12810.0,1224.0,211.0
NIB,4/11/2019,546.0,550.0,546.0,549.0,-0.18,10129.0,1224.0,211.0
NIB,4/15/2019,550.0,554.0,547.0,548.0,-0.18,5722.0,1224.0,211.0
NIB,4/16/2019,538.0,559.0,538.0,559.0,2.01,17236.0,1224.0,211.0
NIB,4/17/2019,559.0,561.0,548.0,552.0,-1.25,42129.0,1224.0,211.0
NIB,4/18/2019,552.0,554.0,544.0,554.0,0.36,31661.0,1224.0,211.0
NIB,4/21/2019,558.0,569.0,548.0,567.0,2.35,72471.0,1224.0,211.0
NIB,4/22/2019,577.0,579.0,558.0,565.0,-0.35,43070.0,1224.0,211.0
NIB,4/23/2019,570.0,574.0,560.0,565.0,0.0,16494.0,1224.0,211.0
NIB,4/24/2019,593.0,593.0,565.0,569.0,0.71,28033.0,1224.0,211.0
NIB,4/25/2019,571.0,579.0,571.0,577.0,1.41,40457.0,1224.0,211.0
NIB,4/28/2019,586.0,610.0,583.0,585.0,1.39,72024.0,1224.0,211.0
NIB,4/29/2019,582.0,587.0,570.0,575.0,-1.71,33713.0,1224.0,211.0
NIB,4/30/2019,577.0,580.0,567.0,568.0,-1.22,20076.0,1224.0,211.0
NIB,5/2/2019,568.0,569.0,560.0,565.0,-0.53,21469.0,1224.0,211.0
NIB,5/5/2019,565.0,565.0,555.0,556.0,-1.59,21541.0,1224.0,211.0
NIB,5/6/2019,557.0,566.0,554.0,565.0,1.62,25680.0,1224.0,211.0
NIB,5/7/2019,554.0,568.0,554.0,565.0,0.0,17370.0,1224.0,211.0
NIB,5/8/2019,570.0,570.0,557.0,562.0,-0.53,17345.0,1224.0,211.0
NIB,5/9/2019,556.0,564.0,545.0,562.0,0.0,19002.0,1224.0,211.0
NIB,5/12/2019,553.0,554.0,529.0,548.0,-2.49,45535.0,1224.0,211.0
NIB,5/13/2019,555.0,555.0,541.0,547.0,-0.18,18936.0,1224.0,211.0
NIB,5/14/2019,550.0,551.0,546.0,551.0,0.73,39034.0,1224.0,211.0
NIB,5/15/2019,554.0,554.0,549.0,550.0,-0.18,26481.0,1224.0,211.0
NIB,5/16/2019,551.0,553.0,545.0,546.0,-0.73,21464.0,1224.0,211.0
NIB,5/19/2019,550.0,555.0,542.0,543.0,-0.55,15967.0,1224.0,211.0
NIB,5/20/2019,540.0,545.0,538.0,542.0,-0.18,18522.0,1224.0,211.0
NIB,5/21/2019,545.0,545.0,536.0,537.0,-0.92,25498.0,1224.0,211.0
NIB,5/22/2019,535.0,542.0,535.0,535.0,-0.37,17121.0,1224.0,211.0
NIB,5/23/2019,535.0,539.0,531.0,537.0,0.37,20698.0,1224.0,211.0
NIB,5/26/2019,539.0,539.0,534.0,535.0,-0.37,12696.0,1224.0,211.0
NIB,5/27/2019,536.0,536.0,531.0,532.0,-0.56,8933.0,1224.0,211.0
NIB,5/28/2019,532.0,539.0,532.0,536.0,0.75,11347.0,1224.0,211.0
NIB,5/29/2019,537.0,540.0,535.0,538.0,0.37,35553.0,1224.0,211.0
NIB,5/30/2019,548.0,564.0,539.0,543.0,0.93,35927.0,1224.0,211.0
NIB,6/2/2019,543.0,545.0,535.0,540.0,-0.55,8570.0,1224.0,211.0
NIB,6/3/2019,535.0,540.0,532.0,534.0,-1.11,14347.0,1224.0,211.0
NIB,6/4/2019,535.0,536.0,531.0,532.0,-0.37,17391.0,1224.0,211.0
NIB,6/6/2019,532.0,536.0,531.0,532.0,0.0,14923.0,1224.0,211.0
NIB,6/10/2019,535.0,535.0,525.0,526.0,-1.13,17065.0,1224.0,211.0
NIB,6/11/2019,526.0,533.0,526.0,531.0,0.95,10576.0,1224.0,211.0
NIB,6/12/2019,535.0,535.0,527.0,529.0,-0.38,9321.0,1224.0,211.0
NIB,6/13/2019,530.0,533.0,527.0,530.0,0.19,10158.0,1224.0,211.0
NIB,6/16/2019,530.0,531.0,524.0,528.0,-0.38,10872.0,1224.0,211.0
NIB,6/17/2019,530.0,530.0,524.0,527.0,-0.19,10674.0,1224.0,211.0
NIB,6/18/2019,527.0,530.0,524.0,530.0,0.57,12054.0,1224.0,211.0
NIB,6/19/2019,531.0,535.0,525.0,529.0,-0.19,11392.0,1224.0,211.0
NIB,6/20/2019,530.0,531.0,526.0,528.0,-0.19,15045.0,1224.0,211.0
NIB,6/23/2019,521.0,527.0,521.0,525.0,-0.57,18535.0,1224.0,211.0
NIB,6/24/2019,526.0,527.0,524.0,526.0,0.19,10877.0,1224.0,211.0
NIB,6/25/2019,527.0,529.0,525.0,526.0,0.0,10505.0,1224.0,211.0
NIB,6/26/2019,526.0,529.0,523.0,525.0,-0.19,8187.0,1224.0,211.0
NIB,6/27/2019,525.0,527.0,523.0,527.0,0.38,9208.0,1224.0,211.0
NIB,6/30/2019,530.0,530.0,521.0,523.0,-0.76,13646.0,1224.0,211.0
NIB,7/1/2019,524.0,524.0,517.0,519.0,-0.76,22221.0,1224.0,211.0
NIB,7/2/2019,516.0,519.0,515.0,519.0,0.0,12804.0,1224.0,211.0
NIB,7/3/2019,520.0,530.0,519.0,523.0,0.77,18291.0,1224.0,211.0
NIB,7/4/2019,525.0,525.0,514.0,521.0,-0.38,12651.0,1224.0,211.0
NIB,7/7/2019,521.0,523.0,518.0,518.0,-0.58,14583.0,1224.0,211.0
NIB,7/8/2019,516.0,517.0,513.0,517.0,-0.19,23196.0,1224.0,211.0
NIB,7/9/2019,518.0,518.0,512.0,516.0,-0.19,13865.0,1224.0,211.0
NIB,7/10/2019,513.0,525.0,512.0,512.0,-0.78,13839.0,1224.0,211.0
NIB,7/11/2019,510.0,516.0,509.0,515.0,0.59,14571.0,1224.0,211.0
NIB,7/14/2019,515.0,519.0,515.0,516.0,0.19,4797.0,1224.0,211.0
NIB,7/15/2019,515.0,520.0,515.0,520.0,0.78,11966.0,1224.0,211.0
NIB,7/16/2019,523.0,524.0,515.0,519.0,-0.19,15165.0,1224.0,211.0
NIB,7/17/2019,516.0,521.0,516.0,520.0,0.19,10292.0,1224.0,211.0
NIB,7/18/2019,522.0,524.0,520.0,520.0,0.0,11482.0,1224.0,211.0
NIB,7/21/2019,519.0,520.0,516.0,516.0,-0.77,12328.0,1224.0,211.0
NIB,7/22/2019,516.0,520.0,515.0,515.0,-0.19,17467.0,1224.0,211.0
NIB,7/23/2019,513.0,522.0,513.0,520.0,0.97,8485.0,1224.0,211.0
NIB,7/24/2019,520.0,527.0,520.0,526.0,1.15,9830.0,1224.0,211.0
NIB,7/25/2019,525.0,525.0,520.0,520.0,-1.14,10799.0,1224.0,211.0
NIB,7/28/2019,514.0,518.0,512.0,514.0,-1.15,17746.0,1224.0,211.0
NIB,7/29/2019,515.0,518.0,514.0,515.0,0.19,10168.0,1224.0,211.0
NIB,7/30/2019,522.0,522.0,514.0,517.0,0.39,4278.0,1224.0,211.0
NIB,7/31/2019,515.0,521.0,514.0,518.0,0.19,11149.0,1224.0,211.0
NIB,8/1/2019,520.0,522.0,516.0,520.0,0.39,13978.0,1224.0,211.0
NIB,8/4/2019,519.0,520.0,513.0,514.0,-1.15,8767.0,1224.0,211.0
NIB,8/5/2019,517.0,517.0,512.0,514.0,0.0,22432.0,1224.0,211.0
NIB,8/6/2019,512.0,512.0,509.0,510.0,-0.78,16343.0,1224.0,211.0
NIB,8/7/2019,515.0,515.0,510.0,511.0,0.2,8134.0,1224.0,211.0
NIB,8/8/2019,515.0,520.0,508.0,510.0,-0.2,11869.0,1224.0,211.0
NIB,8/11/2019,506.0,510.0,505.0,507.0,-0.59,27104.0,1224.0,211.0
NIB,8/12/2019,505.0,517.0,505.0,510.0,0.59,7837.0,1224.0,211.0
NIB,8/13/2019,505.0,509.0,505.0,507.0,-0.59,16815.0,1224.0,211.0
NIB,8/14/2019,509.0,509.0,507.0,508.0,0.2,4606.0,1224.0,211.0
NIB,8/15/2019,502.0,502.0,479.0,492.0,-3.15,48000.0,1224.0,211.0
NIB,8/18/2019,490.0,491.0,477.0,479.0,-2.64,35348.0,1224.0,211.0
NIB,8/19/2019,479.0,480.0,462.0,480.0,0.21,31112.0,1224.0,211.0
NIB,8/20/2019,480.0,480.0,471.0,471.0,-1.88,16974.0,1224.0,211.0
NIB,8/21/2019,471.0,471.0,466.0,468.0,-0.64,14444.0,1224.0,211.0
NIB,8/22/2019,468.0,472.0,464.0,466.0,-0.43,17056.0,1224.0,211.0
NIB,8/25/2019,466.0,468.0,462.0,465.0,-0.21,32830.0,1224.0,211.0
NIB,8/26/2019,466.0,474.0,460.0,465.0,0.0,14527.0,1224.0,211.0
NIB,8/27/2019,465.0,471.0,465.0,467.0,0.43,14139.0,1224.0,211.0
NIB,8/28/2019,465.0,467.0,462.0,463.0,-0.86,10099.0,1224.0,211.0
NIB,8/29/2019,464.0,466.0,461.0,464.0,0.22,17203.0,1224.0,211.0
NIB,9/1/2019,464.0,466.0,459.0,459.0,-1.08,16708.0,1224.0,211.0
NIB,9/2/2019,460.0,460.0,453.0,453.0,-1.31,10720.0,1224.0,211.0
NIB,9/3/2019,451.0,459.0,445.0,459.0,1.32,13379.0,1224.0,211.0
NIB,9/4/2019,460.0,462.0,457.0,460.0,0.22,7049.0,1224.0,211.0
NIB,9/5/2019,464.0,464.0,456.0,457.0,-0.65,8315.0,1224.0,211.0
NIB,9/8/2019,457.0,457.0,448.0,448.0,-1.97,13691.0,1224.0,211.0
NIB,9/9/2019,450.0,450.0,444.0,446.0,-0.45,10288.0,1224.0,211.0
NIB,9/10/2019,445.0,459.0,443.0,450.0,0.9,10881.0,1224.0,211.0
NIB,9/11/2019,447.0,453.0,445.0,449.0,-0.22,9035.0,1224.0,211.0
NIB,9/12/2019,449.0,449.0,444.0,445.0,-0.89,13529.0,1224.0,211.0
NIB,9/15/2019,441.0,446.0,439.0,440.0,-1.12,10411.0,1224.0,211.0
NIB,9/16/2019,435.0,437.0,428.0,428.0,-2.73,21433.0,1224.0,211.0
NIB,9/17/2019,430.0,444.0,430.0,442.0,3.27,9730.0,1224.0,211.0
NIB,9/18/2019,449.0,468.0,440.0,449.0,1.58,10393.0,1224.0,211.0
NIB,9/19/2019,452.0,452.0,444.0,446.0,-0.67,3255.0,1224.0,211.0
NIB,9/22/2019,443.0,443.0,437.0,441.0,-1.12,6701.0,1224.0,211.0
NIB,9/23/2019,439.0,443.0,439.0,441.0,0.0,4674.0,1224.0,211.0
NIB,9/24/2019,439.0,442.0,437.0,439.0,-0.45,5685.0,1224.0,211.0
NIB,9/25/2019,437.0,439.0,432.0,434.0,-1.14,13151.0,1224.0,211.0
NIB,9/26/2019,434.0,435.0,433.0,435.0,0.23,3669.0,1224.0,211.0
NIB,9/29/2019,434.0,434.0,428.0,433.0,-0.46,4618.0,1224.0,211.0
NIB,9/30/2019,431.0,444.0,431.0,444.0,2.54,5091.0,1224.0,211.0
NIB,10/1/2019,445.0,446.0,440.0,445.0,0.23,7537.0,1224.0,211.0
NIB,10/2/2019,443.0,446.0,437.0,437.0,-1.8,8148.0,1224.0,211.0
NIB,10/3/2019,442.0,444.0,440.0,444.0,1.6,2652.0,1224.0,211.0
NIB,10/10/2019,442.0,445.0,441.0,442.0,-0.45,7794.0,1224.0,211.0
NIB,10/14/2019,443.0,443.0,436.0,436.0,-1.36,7064.0,1224.0,211.0
NIB,10/15/2019,436.0,442.0,434.0,439.0,0.69,4376.0,1224.0,211.0
NIB,10/16/2019,441.0,441.0,437.0,438.0,-0.23,11139.0,1224.0,211.0
NIB,10/17/2019,440.0,445.0,440.0,443.0,1.14,11751.0,1224.0,211.0
NIB,10/20/2019,442.0,445.0,442.0,444.0,0.23,8287.0,1224.0,211.0
NIB,10/21/2019,445.0,450.0,442.0,443.0,-0.23,8426.0,1224.0,211.0
NIB,10/22/2019,443.0,445.0,440.0,441.0,-0.45,13244.0,1224.0,211.0
NIB,10/23/2019,440.0,444.0,440.0,442.0,0.23,4605.0,1224.0,211.0
NIB,10/24/2019,443.0,452.0,439.0,445.0,0.68,9935.0,1224.0,211.0
NIB,10/31/2019,444.0,444.0,440.0,441.0,-0.9,11310.0,1224.0,211.0
NIB,11/3/2019,441.0,442.0,439.0,442.0,0.23,6805.0,1224.0,211.0
NIB,11/4/2019,443.0,443.0,439.0,442.0,0.0,7493.0,1224.0,211.0
NIB,11/5/2019,442.0,445.0,440.0,444.0,0.45,7038.0,1224.0,211.0
NIB,11/6/2019,444.0,451.0,441.0,450.0,1.35,8769.0,1224.0,211.0
NIB,11/7/2019,450.0,452.0,443.0,445.0,-1.11,5953.0,1224.0,211.0
NIB,11/10/2019,445.0,445.0,440.0,441.0,-0.9,6013.0,1224.0,211.0
NIB,11/11/2019,441.0,449.0,441.0,445.0,0.91,9889.0,1224.0,211.0
NIB,11/12/2019,445.0,459.0,445.0,459.0,3.15,16754.0,1224.0,211.0
NIB,11/13/2019,450.0,452.0,437.0,439.0,-4.36,40595.0,1224.0,211.0
NIB,11/14/2019,438.0,439.0,431.0,435.0,-0.91,11094.0,1224.0,211.0
NIB,11/17/2019,433.0,433.0,421.0,422.0,-2.99,18971.0,1224.0,211.0
NIB,11/18/2019,422.0,422.0,417.0,420.0,-0.47,14034.0,1224.0,211.0
NIB,11/19/2019,420.0,424.0,414.0,422.0,0.48,10434.0,1224.0,211.0
NIB,11/20/2019,422.0,426.0,420.0,423.0,0.24,12445.0,1224.0,211.0
NIB,11/21/2019,424.0,425.0,419.0,423.0,0.0,11729.0,1224.0,211.0
NIB,11/24/2019,422.0,422.0,417.0,419.0,-0.95,6909.0,1224.0,211.0
NIB,11/25/2019,420.0,423.0,414.0,418.0,-0.24,7523.0,1224.0,211.0
NIB,11/26/2019,418.0,423.0,416.0,418.0,0.0,6914.0,1224.0,211.0
NIB,11/27/2019,416.0,418.0,415.0,417.0,-0.24,8515.0,1224.0,211.0
NIB,11/28/2019,425.0,425.0,416.0,416.0,-0.24,4684.0,1224.0,211.0
NIB,12/1/2019,418.0,420.0,414.0,415.0,-0.24,6537.0,1224.0,211.0
NIB,12/2/2019,415.0,416.0,413.0,415.0,0.0,15354.0,1224.0,211.0
NIB,12/3/2019,413.0,415.0,413.0,413.0,-0.48,3307.0,1224.0,211.0
NIB,12/4/2019,415.0,415.0,412.0,412.0,-0.24,7454.0,1224.0,211.0
NIB,12/5/2019,412.0,415.0,411.0,412.0,0.0,8550.0,1224.0,211.0
NIB,12/8/2019,415.0,417.0,412.0,417.0,1.21,9884.0,1224.0,211.0
NIB,12/9/2019,421.0,423.0,416.0,421.0,0.96,7921.0,1224.0,211.0
NIB,12/10/2019,423.0,432.0,422.0,428.0,1.66,8495.0,1224.0,211.0
NIB,12/11/2019,429.0,430.0,424.0,424.0,-0.93,9290.0,1224.0,211.0
NIB,12/12/2019,432.0,432.0,424.0,429.0,1.18,5145.0,1224.0,211.0
NIB,12/15/2019,426.0,433.0,423.0,428.0,-0.23,8230.0,1224.0,211.0
NIB,12/16/2019,430.0,430.0,426.0,427.0,-0.23,4601.0,1224.0,211.0
NIB,12/17/2019,425.0,435.0,425.0,429.0,0.47,13805.0,1224.0,211.0
NIB,12/18/2019,430.0,431.0,425.0,428.0,-0.23,7505.0,1224.0,211.0
NIB,12/19/2019,422.0,427.0,422.0,425.0,-0.7,6344.0,1224.0,211.0
NIB,12/22/2019,424.0,433.0,422.0,425.0,0.0,9182.0,1224.0,211.0
NIB,12/23/2019,426.0,433.0,426.0,430.0,1.18,14155.0,1224.0,211.0
NIB,12/24/2019,435.0,437.0,432.0,433.0,0.7,15066.0,1224.0,211.0
NIB,12/25/2019,431.0,436.0,427.0,435.0,0.46,7789.0,1224.0,211.0
NIB,12/26/2019,437.0,438.0,431.0,435.0,0.0,8620.0,1224.0,211.0
NIB,12/29/2019,435.0,437.0,431.0,433.0,-0.46,24512.0,1224.0,211.0
NIB,12/30/2019,385.0,390.0,382.0,390.0,-9.93,16444.0,1224.0,211.0
NIB,12/31/2019,390.0,403.0,390.0,400.0,2.56,13595.0,1224.0,211.0
NIB,1/1/2020,400.0,401.0,398.0,400.0,0.0,7512.0,1224.0,211.0
NIB,1/2/2020,408.0,408.0,398.0,398.0,-0.5,4596.0,1224.0,211.0
NIB,1/5/2020,391.0,397.0,375.0,393.0,-1.26,39579.0,1224.0,211.0
NIB,1/6/2020,393.0,402.0,390.0,401.0,2.04,43209.0,1224.0,211.0
NIB,1/7/2020,402.0,406.0,401.0,403.0,0.5,15062.0,1224.0,211.0
NIB,1/8/2020,403.0,405.0,399.0,400.0,-0.74,20812.0,1224.0,211.0
NIB,1/9/2020,400.0,402.0,397.0,398.0,-0.5,20041.0,1224.0,211.0
NIB,1/12/2020,402.0,404.0,400.0,403.0,1.26,32126.0,1224.0,211.0
NIB,1/13/2020,405.0,419.0,405.0,412.0,2.23,12892.0,1224.0,211.0
NIB,1/14/2020,415.0,416.0,402.0,405.0,-1.7,31091.0,1224.0,211.0
NIB,1/15/2020,412.0,413.0,405.0,409.0,0.99,12678.0,1224.0,211.0
NIB,1/16/2020,410.0,414.0,408.0,409.0,0.0,33974.0,1224.0,211.0
NIB,1/19/2020,417.0,417.0,409.0,411.0,0.49,49574.0,1224.0,211.0
NIB,1/20/2020,409.0,416.0,404.0,405.0,-1.46,39050.0,1224.0,211.0
NIB,1/21/2020,405.0,408.0,400.0,400.0,-1.23,24326.0,1224.0,211.0
NIB,1/22/2020,401.0,404.0,400.0,401.0,0.25,15223.0,1224.0,211.0
NIB,1/23/2020,402.0,408.0,398.0,398.0,-0.75,20460.0,1224.0,211.0
NIB,1/26/2020,398.0,402.0,395.0,397.0,-0.25,16104.0,1224.0,211.0
NIB,1/27/2020,399.0,400.0,396.0,397.0,0.0,10316.0,1224.0,211.0
NIB,1/28/2020,404.0,404.0,393.0,395.0,-0.5,31605.0,1224.0,211.0
NIB,1/29/2020,396.0,398.0,389.0,389.0,-1.52,43311.0,1224.0,211.0
NIB,1/30/2020,391.0,395.0,389.0,389.0,0.0,29199.0,1224.0,211.0
NIB,2/2/2020,389.0,400.0,389.0,397.0,2.06,26812.0,1224.0,211.0
NIB,2/3/2020,403.0,403.0,395.0,397.0,0.0,24339.0,1224.0,211.0
NIB,2/4/2020,397.0,400.0,395.0,397.0,0.0,20892.0,1224.0,211.0
NIB,2/5/2020,400.0,400.0,393.0,395.0,-0.5,12909.0,1224.0,211.0
NIB,2/6/2020,395.0,396.0,393.0,395.0,0.0,13059.0,1224.0,211.0
NIB,2/9/2020,388.0,388.0,377.0,383.0,-3.04,70949.0,1224.0,211.0
NIB,2/10/2020,390.0,390.0,380.0,380.0,-0.78,44733.0,1224.0,211.0
NIB,2/11/2020,385.0,386.0,379.0,380.0,0.0,51265.0,1224.0,211.0
NIB,2/12/2020,385.0,385.0,377.0,378.0,-0.53,23924.0,1224.0,211.0
NIB,2/13/2020,378.0,378.0,371.0,375.0,-0.79,43736.0,1224.0,211.0
NIB,2/16/2020,375.0,376.0,368.0,373.0,-0.53,55935.0,1224.0,211.0
NIB,2/17/2020,375.0,380.0,370.0,379.0,1.61,39523.0,1224.0,211.0
NIB,2/18/2020,380.0,388.0,378.0,387.0,2.11,66170.0,1224.0,211.0
NIB,2/19/2020,394.0,394.0,383.0,385.0,-0.52,15302.0,1224.0,211.0
NIB,2/20/2020,390.0,396.0,386.0,396.0,2.86,46487.0,1224.0,211.0
NIB,2/23/2020,400.0,412.0,399.0,412.0,4.04,97360.0,1224.0,211.0
NIB,2/24/2020,418.0,443.0,418.0,428.0,3.88,117519.0,1224.0,211.0
NIB,2/25/2020,428.0,436.0,416.0,435.0,1.64,61561.0,1224.0,211.0
NIB,2/26/2020,429.0,450.0,429.0,450.0,3.45,74215.0,1224.0,211.0
NIB,2/27/2020,450.0,495.0,438.0,484.0,7.56,123519.0,1224.0,211.0
NIB,3/1/2020,490.0,500.0,466.0,466.0,-3.72,121084.0,1224.0,211.0
NIB,3/2/2020,468.0,468.0,435.0,435.0,-6.65,66184.0,1224.0,211.0
NIB,3/3/2020,434.0,452.0,404.0,448.0,2.99,96445.0,1224.0,211.0
NIB,3/4/2020,448.0,448.0,421.0,423.0,-5.58,66456.0,1224.0,211.0
NIB,3/5/2020,415.0,425.0,400.0,416.0,-1.65,56360.0,1224.0,211.0
NIB,3/10/2020,410.0,410.0,394.0,400.0,-3.85,32179.0,1224.0,211.0
NIB,3/11/2020,392.0,418.0,392.0,418.0,4.5,46426.0,1224.0,211.0
NIB,3/12/2020,422.0,430.0,400.0,402.0,-3.83,56808.0,1224.0,211.0
NIB,3/15/2020,400.0,404.0,387.0,388.0,-3.48,49256.0,1224.0,211.0
NIB,3/16/2020,385.0,397.0,382.0,387.0,-0.26,40320.0,1224.0,211.0
NIB,3/17/2020,384.0,392.0,378.0,380.0,-1.81,38154.0,1224.0,211.0
NIB,3/18/2020,380.0,394.0,365.0,379.0,-0.26,35176.0,1224.0,211.0
NIB,3/19/2020,372.0,388.0,358.0,379.0,0.0,41101.0,1224.0,211.0
NIB,3/22/2020,380.0,380.0,370.0,373.0,-1.58,2600.0,1224.0,211.0
NIB,5/12/2020,366.0,366.0,362.0,362.0,-2.95,140.0,1224.0,211.0
NIB,5/13/2020,355.0,355.0,352.0,352.0,-2.76,102.0,1224.0,211.0
NIB,6/29/2020,335.0,387.0,335.0,387.0,9.94,33192.0,1224.0,211.0
NIB,6/30/2020,394.0,425.0,394.0,425.0,9.82,7406.0,1224.0,211.0
NIB,7/1/2020,433.0,467.0,433.0,465.0,9.41,17914.0,1224.0,211.0
NIB,7/2/2020,488.0,494.0,435.0,441.0,-5.16,39135.0,1224.0,211.0
NIB,7/5/2020,435.0,453.0,420.0,439.0,-0.45,50242.0,1224.0,211.0
NIB,7/6/2020,438.0,440.0,428.0,439.0,0.0,33872.0,1224.0,211.0
NIB,7/7/2020,440.0,447.0,432.0,442.0,0.68,46799.0,1224.0,211.0
NIB,7/8/2020,440.0,448.0,430.0,440.0,-0.45,24117.0,1224.0,211.0
NIB,7/9/2020,448.0,448.0,435.0,440.0,0.0,30729.0,1224.0,211.0
NIB,7/12/2020,448.0,452.0,436.0,438.0,-0.45,23717.0,1224.0,211.0
NIB,7/13/2020,441.0,444.0,431.0,434.0,-0.91,19262.0,1224.0,211.0
NIB,7/14/2020,434.0,442.0,430.0,432.0,-0.46,22141.0,1224.0,211.0
NIB,7/15/2020,439.0,439.0,431.0,431.0,-0.23,20316.0,1224.0,211.0
NIB,7/16/2020,439.0,440.0,435.0,440.0,2.09,30120.0,1224.0,211.0
NIB,7/19/2020,462.0,484.0,462.0,484.0,10.0,4167.0,1224.0,211.0
NIB,7/20/2020,508.0,532.0,463.0,478.0,-1.24,150121.0,1224.0,211.0
NIB,7/21/2020,500.0,500.0,466.0,467.0,-2.3,59577.0,1224.0,211.0
NIB,7/22/2020,476.0,476.0,454.0,458.0,-1.93,45789.0,1224.0,211.0
NIB,7/23/2020,451.0,463.0,445.0,459.0,0.22,32573.0,1224.0,211.0
NIB,7/26/2020,459.0,468.0,459.0,464.0,1.09,37048.0,1224.0,211.0
NIB,7/27/2020,464.0,476.0,462.0,470.0,1.29,55284.0,1224.0,211.0
NIB,7/28/2020,467.0,472.0,462.0,469.0,-0.21,37549.0,1224.0,211.0
NIB,7/29/2020,462.0,472.0,460.0,467.0,-0.43,37948.0,1224.0,211.0
NIB,7/30/2020,464.0,472.0,464.0,465.0,-0.43,38222.0,1224.0,211.0
NIB,8/2/2020,460.0,461.0,449.0,451.0,-3.01,53485.0,1224.0,211.0
NIB,8/3/2020,445.0,458.0,442.0,458.0,1.55,32750.0,1224.0,211.0
NIB,8/5/2020,455.0,455.0,437.0,448.0,-2.18,60979.0,1224.0,211.0
NIB,8/6/2020,458.0,458.0,435.0,441.0,-1.56,26032.0,1224.0,211.0
NIB,8/9/2020,438.0,445.0,432.0,445.0,0.91,26724.0,1224.0,211.0
NIB,8/10/2020,445.0,454.0,444.0,451.0,1.35,40796.0,1224.0,211.0
NIB,8/11/2020,455.0,455.0,446.0,450.0,-0.22,20119.0,1224.0,211.0
NIB,8/12/2020,451.0,451.0,445.0,449.0,-0.22,21100.0,1224.0,211.0
NIB,8/13/2020,448.0,448.0,440.0,442.0,-1.56,36639.0,1224.0,211.0
NIB,8/16/2020,435.0,436.0,405.0,417.0,-5.66,96353.0,1224.0,211.0
NIB,8/17/2020,417.0,417.0,408.0,415.0,-0.48,57685.0,1224.0,211.0
NIB,8/18/2020,422.0,422.0,413.0,417.0,0.48,32419.0,1224.0,211.0
NIB,8/19/2020,410.0,418.0,409.0,416.0,-0.24,18460.0,1224.0,211.0
NIB,8/20/2020,416.0,419.0,414.0,419.0,0.72,5455.0,1224.0,211.0
NIB,8/23/2020,420.0,420.0,413.0,417.0,-0.48,9566.0,1224.0,211.0
NIB,8/24/2020,425.0,425.0,417.0,421.0,0.96,45059.0,1224.0,211.0
NIB,8/25/2020,425.0,429.0,418.0,420.0,-0.24,20761.0,1224.0,211.0
NIB,8/26/2020,427.0,428.0,417.0,422.0,0.48,55840.0,1224.0,211.0
NIB,8/27/2020,427.0,427.0,422.0,424.0,0.47,20290.0,1224.0,211.0
NIB,8/30/2020,423.0,423.0,418.0,421.0,-0.71,9548.0,1224.0,211.0
NIB,8/31/2020,419.0,426.0,419.0,424.0,0.71,36561.0,1224.0,211.0
NIB,9/2/2020,403.0,440.0,403.0,430.0,1.42,66367.0,1224.0,211.0
NIB,9/3/2020,451.0,451.0,422.0,429.0,-0.23,55148.0,1224.0,211.0
NIB,9/6/2020,437.0,445.0,423.0,428.0,-0.23,34839.0,1224.0,211.0
NIB,9/7/2020,425.0,425.0,420.0,420.0,-1.87,31433.0,1224.0,211.0
NIB,9/8/2020,418.0,422.0,418.0,419.0,-0.24,20071.0,1224.0,211.0
NIB,9/9/2020,418.0,420.0,416.0,417.0,-0.48,38207.0,1224.0,211.0
NIB,9/10/2020,420.0,424.0,417.0,419.0,0.48,22940.0,1224.0,211.0
NIB,9/13/2020,425.0,430.0,416.0,419.0,0.0,35195.0,1224.0,211.0
NIB,9/14/2020,420.0,427.0,418.0,422.0,0.72,35807.0,1224.0,211.0
NIB,9/15/2020,430.0,430.0,418.0,421.0,-0.24,36634.0,1224.0,211.0
NIB,9/16/2020,421.0,425.0,414.0,420.0,-0.24,25143.0,1224.0,211.0
NIB,9/17/2020,441.0,441.0,419.0,429.0,2.14,51581.0,1224.0,211.0
NIB,9/20/2020,435.0,444.0,428.0,431.0,0.47,38402.0,1224.0,211.0
NIB,9/21/2020,431.0,431.0,425.0,429.0,-0.46,31994.0,1224.0,211.0
NIB,9/22/2020,450.0,450.0,421.0,424.0,-1.17,34917.0,1224.0,211.0
NIB,9/23/2020,423.0,423.0,416.0,420.0,-0.94,43833.0,1224.0,211.0
NIB,9/24/2020,441.0,441.0,419.0,423.0,0.71,31967.0,1224.0,211.0
NIB,9/27/2020,428.0,428.0,421.0,424.0,0.24,28343.0,1224.0,211.0
NIB,9/28/2020,424.0,424.0,420.0,420.0,-0.94,21312.0,1224.0,211.0
NIB,9/29/2020,422.0,422.0,417.0,419.0,-0.24,24416.0,1224.0,211.0
NIB,9/30/2020,416.0,420.0,415.0,418.0,-0.24,30228.0,1224.0,211.0
NIB,10/1/2020,416.0,425.0,416.0,420.0,0.48,51814.0,1224.0,211.0
NIB,10/4/2020,423.0,427.0,419.0,420.0,0.0,50077.0,1224.0,211.0
NIB,10/5/2020,420.0,424.0,419.0,420.0,0.0,29956.0,1224.0,211.0
NIB,10/6/2020,419.0,424.0,419.0,420.0,0.0,21242.0,1224.0,211.0
NIB,10/7/2020,420.0,424.0,418.0,421.0,0.24,31521.0,1224.0,211.0
NIB,10/8/2020,428.0,428.0,419.0,420.0,-0.24,38514.0,1224.0,211.0
NIB,10/11/2020,425.0,425.0,416.0,418.0,-0.48,31852.0,1224.0,211.0
NIB,10/12/2020,416.0,419.0,415.0,418.0,0.0,26307.0,1224.0,211.0
NIB,10/13/2020,418.0,419.0,415.0,416.0,-0.48,30631.0,1224.0,211.0
NIB,10/14/2020,420.0,420.0,413.0,414.0,-0.48,25346.0,1224.0,211.0
NIB,10/15/2020,415.0,422.0,414.0,414.0,0.0,21800.0,1224.0,211.0
NIB,10/18/2020,420.0,420.0,411.0,412.0,-0.48,25508.0,1224.0,211.0
NIB,10/19/2020,415.0,416.0,412.0,414.0,0.49,12355.0,1224.0,211.0
NIB,10/20/2020,414.0,416.0,414.0,416.0,0.48,20466.0,1224.0,211.0
NIB,10/21/2020,418.0,424.0,416.0,422.0,1.44,26511.0,1224.0,211.0
NIB,10/22/2020,443.0,443.0,421.0,426.0,0.95,35666.0,1224.0,211.0
NIB,10/28/2020,430.0,440.0,427.0,439.0,3.05,72380.0,1224.0,211.0
NIB,10/29/2020,450.0,450.0,439.0,440.0,0.23,76618.0,1224.0,211.0
NIB,11/1/2020,462.0,462.0,432.0,436.0,-0.91,30920.0,1224.0,211.0
NIB,11/2/2020,450.0,450.0,430.0,431.0,-1.15,31657.0,1224.0,211.0
NIB,11/3/2020,433.0,434.0,428.0,430.0,-0.23,27895.0,1224.0,211.0
NIB,11/4/2020,425.0,430.0,425.0,428.0,-0.47,20110.0,1224.0,211.0
NIB,11/5/2020,425.0,427.0,424.0,425.0,-0.7,30102.0,1224.0,211.0
NIB,11/8/2020,430.0,430.0,424.0,427.0,0.47,57180.0,1224.0,211.0
NIB,11/9/2020,426.0,426.0,423.0,423.0,-0.94,29570.0,1224.0,211.0
NIB,11/10/2020,424.0,426.0,422.0,423.0,0.0,23219.0,1224.0,211.0
NIB,11/11/2020,425.0,427.0,423.0,425.0,0.47,40337.0,1224.0,211.0
NIB,11/12/2020,425.0,430.0,423.0,428.0,0.71,62472.0,1224.0,211.0
NIB,11/18/2020,428.0,428.0,418.0,420.0,-1.87,49129.0,1224.0,211.0
NIB,11/19/2020,420.0,425.0,418.0,419.0,-0.24,60356.0,1224.0,211.0
NIB,11/22/2020,422.0,431.0,420.0,425.0,1.43,63132.0,1224.0,211.0
NIB,11/23/2020,433.0,441.0,427.0,430.0,1.18,90253.0,1224.0,211.0
NIB,11/24/2020,427.0,436.0,427.0,427.0,-0.7,48000.0,1224.0,211.0
NIB,11/25/2020,435.0,439.0,426.0,431.0,0.94,77126.0,1224.0,211.0
NIB,11/26/2020,435.0,445.0,432.0,440.0,2.09,137733.0,1224.0,211.0
NIB,11/29/2020,462.0,484.0,447.0,484.0,10.0,297344.0,1224.0,211.0
NIB,11/30/2020,490.0,525.0,490.0,520.0,7.44,484583.0,1224.0,211.0
NIB,12/1/2020,520.0,525.0,499.0,502.0,-3.46,213143.0,1224.0,211.0
NIB,12/2/2020,502.0,507.0,490.0,499.0,-0.6,190661.0,1224.0,211.0
NIB,12/3/2020,495.0,508.0,495.0,496.0,-0.6,163865.0,1224.0,211.0
NIB,12/6/2020,491.0,491.0,468.0,468.0,-5.65,131984.0,1224.0,211.0
NIB,12/7/2020,460.0,488.0,451.0,483.0,3.21,115343.0,1224.0,211.0
NIB,12/8/2020,491.0,491.0,479.0,479.0,-0.83,103962.0,1224.0,211.0
NIB,12/9/2020,481.0,483.0,465.0,470.0,-1.88,83672.0,1224.0,211.0
NIB,12/10/2020,468.0,477.0,461.0,476.0,1.28,68244.0,1224.0,211.0
NIB,12/13/2020,471.0,484.0,470.0,481.0,1.05,83327.0,1224.0,211.0
NIB,12/14/2020,484.0,503.0,480.0,497.0,3.33,169443.0,1224.0,211.0
NIB,12/15/2020,490.0,540.0,490.0,531.0,6.84,239338.0,1224.0,211.0
NIB,12/16/2020,557.0,557.0,520.0,521.0,-1.88,243146.0,1224.0,211.0
NIB,12/17/2020,520.0,523.0,501.0,509.0,-2.3,97114.0,1224.0,211.0
NIB,12/20/2020,530.0,530.0,490.0,497.0,-2.36,160309.0,1224.0,211.0
NIB,12/21/2020,473.0,509.0,465.0,500.0,0.6,114208.0,1224.0,211.0
NIB,12/22/2020,525.0,525.0,503.0,509.0,1.8,144671.0,1224.0,211.0
NIB,12/23/2020,515.0,520.0,503.0,505.0,-0.79,113132.0,1224.0,211.0
NIB,12/24/2020,514.0,515.0,501.0,503.0,-0.4,105856.0,1224.0,211.0
NIB,12/27/2020,510.0,512.0,496.0,497.0,-1.19,92956.0,1224.0,211.0
NIB,12/28/2020,500.0,505.0,490.0,499.0,0.4,60297.0,1224.0,211.0
NIB,12/29/2020,508.0,508.0,499.0,500.0,0.2,41541.0,1224.0,211.0
NIB,12/30/2020,500.0,513.0,500.0,510.0,2.0,71600.0,1224.0,211.0
NIB,12/31/2020,515.0,519.0,512.0,513.0,0.59,118058.0,1224.0,211.0
NIB,1/3/2021,515.0,527.0,514.0,527.0,2.73,127347.0,1224.0,211.0
NIB,1/4/2021,553.0,553.0,530.0,534.0,1.33,120015.0,1224.0,211.0
NIB,1/5/2021,550.0,550.0,534.0,540.0,1.12,383826.0,1224.0,211.0
NIB,1/6/2021,478.0,493.0,478.0,485.0,-10.19,122949.0,1224.0,211.0
NIB,1/7/2021,482.0,490.0,482.0,482.0,-0.62,46551.0,1224.0,211.0
NIB,1/10/2021,482.0,490.0,482.0,484.0,0.41,71066.0,1224.0,211.0
NIB,1/11/2021,490.0,493.0,484.0,486.0,0.41,72882.0,1224.0,211.0
NIB,1/12/2021,490.0,490.0,484.0,487.0,0.21,40553.0,1224.0,211.0
NIB,1/13/2021,485.0,491.0,483.0,485.0,-0.41,62033.0,1224.0,211.0
NIB,1/17/2021,493.0,493.0,481.0,482.0,-0.62,82370.0,1224.0,211.0
NIB,1/18/2021,468.0,490.0,468.0,480.0,-0.41,82165.0,1224.0,211.0
NIB,1/19/2021,489.0,489.0,477.0,483.0,0.63,113733.0,1224.0,211.0
NIB,1/20/2021,492.0,492.0,477.0,481.0,-0.41,59745.0,1224.0,211.0
NIB,1/21/2021,481.0,482.0,474.0,478.0,-0.62,91721.0,1224.0,211.0
NIB,1/24/2021,478.0,490.0,474.0,477.0,-0.21,134162.0,1224.0,211.0
NIB,1/25/2021,480.0,482.0,468.0,473.0,-0.84,115908.0,1224.0,211.0
NIB,1/26/2021,496.0,496.0,465.0,469.0,-0.85,114083.0,1224.0,211.0
NIB,1/27/2021,469.0,470.0,462.0,465.0,-0.85,79462.0,1224.0,211.0
NIB,1/28/2021,465.0,465.0,452.0,456.0,-1.94,100783.0,1224.0,211.0
NIB,1/31/2021,450.0,451.0,440.0,443.0,-2.85,87754.0,1224.0,211.0
NIB,2/1/2021,443.0,454.0,443.0,446.0,0.68,39694.0,1224.0,211.0
NIB,2/2/2021,446.0,454.0,445.0,448.0,0.45,58241.0,1224.0,211.0
NIB,2/3/2021,456.0,460.0,449.0,451.0,0.67,78531.0,1224.0,211.0
NIB,2/4/2021,460.0,460.0,445.0,447.0,-0.89,44590.0,1224.0,211.0
NIB,2/7/2021,448.0,450.0,445.0,446.0,-0.22,58547.0,1224.0,211.0
NIB,2/8/2021,446.0,453.0,443.0,453.0,1.57,85599.0,1224.0,211.0
NIB,2/9/2021,460.0,466.0,454.0,458.0,1.1,66417.0,1224.0,211.0
NIB,2/10/2021,461.0,465.0,452.0,460.0,0.44,46764.0,1224.0,211.0
NIB,2/11/2021,452.0,474.0,452.0,465.0,1.09,83716.0,1224.0,211.0
NIB,2/14/2021,472.0,480.0,457.0,459.0,-1.29,50237.0,1224.0,211.0
NIB,2/15/2021,460.0,467.0,458.0,462.0,0.65,73705.0,1224.0,211.0
NIB,2/16/2021,467.0,480.0,463.0,471.0,1.95,139271.0,1224.0,211.0
NIB,2/17/2021,475.0,475.0,468.0,472.0,0.21,70352.0,1224.0,211.0
NIB,2/18/2021,473.0,503.0,470.0,500.0,5.93,303977.0,1224.0,211.0
NIB,2/21/2021,502.0,514.0,496.0,504.0,0.8,248264.0,1224.0,211.0
NIB,2/22/2021,501.0,510.0,488.0,488.0,-3.17,198284.0,1224.0,211.0
NIB,2/23/2021,490.0,490.0,472.0,484.0,-0.82,109517.0,1224.0,211.0
NIB,2/24/2021,484.0,490.0,480.0,480.0,-0.83,99955.0,1224.0,211.0
NIB,2/25/2021,480.0,483.0,469.0,473.0,-1.46,136064.0,1224.0,211.0
NIB,2/28/2021,473.0,473.0,460.0,462.0,-2.33,81058.0,1224.0,211.0
NIB,3/1/2021,471.0,472.0,452.0,466.0,0.87,50123.0,1224.0,211.0
NIB,3/2/2021,461.0,470.0,454.0,457.0,-1.93,51725.0,1224.0,211.0
NIB,3/3/2021,449.0,455.0,443.0,455.0,-0.44,75962.0,1224.0,211.0
NIB,3/4/2021,456.0,464.0,449.0,460.0,1.1,43877.0,1224.0,211.0
NIB,3/7/2021,469.0,469.0,454.0,456.0,-0.87,31693.0,1224.0,211.0
NIB,3/9/2021,456.0,460.0,451.0,455.0,-0.22,40276.0,1224.0,211.0
NIB,3/10/2021,456.0,456.0,447.0,451.0,-0.88,30867.0,1224.0,211.0
NIB,3/14/2021,473.0,494.0,460.0,470.0,4.21,192426.0,1224.0,211.0
NIB,3/15/2021,480.0,480.0,462.0,463.0,-1.49,68866.0,1224.0,211.0
NIB,3/16/2021,462.0,472.0,461.0,464.0,0.22,45377.0,1224.0,211.0
NIB,3/17/2021,466.0,468.0,462.0,466.0,0.43,23467.0,1224.0,211.0
NIB,3/18/2021,469.0,469.0,458.0,466.0,0.0,60272.0,1224.0,211.0
NIB,3/21/2021,470.0,475.0,465.0,473.0,1.5,133085.0,1224.0,211.0
NIB,3/22/2021,480.0,480.0,463.0,465.0,-1.69,127121.0,1224.0,211.0
NIB,3/23/2021,465.0,470.0,462.0,463.0,-0.43,69282.0,1224.0,211.0
NIB,3/24/2021,464.0,466.0,462.0,464.0,0.22,131747.0,1224.0,211.0
NIB,3/25/2021,470.0,470.0,454.0,459.0,-1.08,157527.0,1224.0,211.0
NIB,3/29/2021,461.0,461.0,454.0,456.0,-0.65,44818.0,1224.0,211.0
NIB,3/30/2021,454.0,457.0,454.0,456.0,0.0,30127.0,1224.0,211.0
NIB,3/31/2021,460.0,465.0,456.0,460.0,0.88,33559.0,1224.0,211.0
NIB,4/1/2021,465.0,465.0,455.0,458.0,-0.43,44486.0,1224.0,211.0
NIB,4/4/2021,466.0,468.0,457.0,458.0,0.0,65817.0,1224.0,211.0
NIB,4/5/2021,462.0,462.0,455.0,457.0,-0.22,54062.0,1224.0,211.0
NIB,4/6/2021,457.0,459.0,455.0,458.0,0.22,44411.0,1224.0,211.0
NIB,4/7/2021,455.0,467.0,455.0,460.0,0.44,45038.0,1224.0,211.0
NIB,4/8/2021,465.0,468.0,456.0,459.0,-0.22,67393.0,1224.0,211.0
NIB,4/12/2021,459.0,465.0,457.0,459.0,0.0,75827.0,1224.0,211.0
NIB,4/13/2021,450.0,466.0,450.0,466.0,1.53,56356.0,1224.0,211.0
NIB,4/15/2021,475.0,475.0,466.0,469.0,0.64,126189.0,1224.0,211.0
NIB,4/18/2021,475.0,484.0,471.0,473.0,0.85,103474.0,1224.0,211.0
NIB,4/19/2021,473.0,473.0,463.0,463.0,-2.11,83447.0,1224.0,211.0
NIB,4/20/2021,463.0,465.0,457.0,464.0,0.22,62385.0,1224.0,211.0
NIB,4/21/2021,487.0,487.0,457.0,458.0,-1.29,57834.0,1224.0,211.0
NIB,4/22/2021,458.0,460.0,448.0,459.0,0.22,74484.0,1224.0,211.0
NIB,4/25/2021,475.0,475.0,455.0,457.0,-0.44,94434.0,1224.0,211.0
NIB,4/26/2021,450.0,459.0,447.0,449.0,-1.75,73491.0,1224.0,211.0
NIB,4/27/2021,430.0,459.0,430.0,452.0,0.67,68024.0,1224.0,211.0
NIB,4/28/2021,459.0,459.0,446.0,448.0,-0.88,27059.0,1224.0,211.0
NIB,4/29/2021,450.0,453.0,446.0,447.0,-0.22,36775.0,1224.0,211.0
NIB,5/2/2021,447.0,455.0,447.0,452.0,1.12,69082.0,1224.0,211.0
NIB,5/3/2021,474.0,474.0,449.0,449.0,-0.66,46966.0,1224.0,211.0
NIB,5/4/2021,455.0,455.0,445.0,448.0,-0.22,69778.0,1224.0,211.0
NIB,5/5/2021,453.0,453.0,445.0,446.0,-0.45,41226.0,1224.0,211.0
NIB,5/6/2021,445.0,450.0,441.0,445.0,-0.22,57483.0,1224.0,211.0
NIB,5/9/2021,467.0,467.0,440.0,447.0,0.45,53163.0,1224.0,211.0
NIB,5/10/2021,451.0,451.0,444.0,447.0,0.0,30922.0,1224.0,211.0
NIB,5/11/2021,447.0,451.0,444.0,449.0,0.45,26068.0,1224.0,211.0
NIB,5/12/2021,456.0,456.0,448.0,453.0,0.89,55626.0,1224.0,211.0
NIB,5/30/2022,405.0,405.0,367.7,367.7,-18.83,9320.0,1224.0,211.0
NIB,5/31/2022,360.4,360.4,331.0,331.0,-9.98,12666.0,1224.0,211.0
NIB,6/1/2022,324.4,324.4,297.9,307.0,-7.25,399556.0,1224.0,211.0
NIB,6/2/2022,300.9,308.9,299.0,299.1,-2.57,87488.0,1224.0,211.0
NIB,6/3/2022,301.0,301.0,287.0,287.0,-4.05,107746.0,1224.0,211.0
NIB,6/6/2022,287.0,293.0,279.3,287.0,0.0,91258.0,1224.0,211.0
NIB,6/7/2022,285.0,286.9,274.0,274.1,-4.49,71679.0,1224.0,211.0
NIB,6/8/2022,276.0,279.0,264.8,275.5,0.51,174787.0,1224.0,211.0
NIB,6/9/2022,277.0,279.9,271.1,271.1,-1.6,65391.0,1224.0,211.0
NIB,6/10/2022,270.0,270.0,262.0,265.0,-2.25,160736.0,1224.0,211.0
NIB,11/22/2022,270.3,278.4,262.0,267.0,0.75,67227.0,1224.0,211.0
NIB,11/23/2022,267.0,270.0,260.0,262.0,-1.87,35294.0,1224.0,211.0
NIB,11/24/2022,260.0,263.0,258.0,259.7,-0.88,56171.0,1224.0,211.0
NIB,11/27/2022,258.0,261.0,255.2,257.8,-0.73,45459.0,1224.0,211.0
NIB,11/28/2022,260.4,261.9,257.1,257.9,0.04,38362.0,1224.0,211.0
NIB,11/29/2022,263.0,263.0,255.8,257.0,-0.35,23271.0,1224.0,211.0
NIB,11/30/2022,257.0,257.0,253.1,254.0,-1.17,32385.0,1224.0,211.0
NIB,12/1/2022,255.0,255.0,252.0,252.5,-0.59,33931.0,1224.0,211.0
NIB,12/4/2022,253.0,255.1,250.0,251.0,-0.59,64447.0,1224.0,211.0
NIB,12/5/2022,251.0,252.1,248.1,249.9,-0.44,44058.0,1224.0,211.0
NIB,12/6/2022,250.0,255.0,249.1,251.8,0.76,65096.0,1224.0,211.0
NIB,12/7/2022,242.1,242.1,234.0,235.0,-6.67,27482.0,1224.0,211.0
NIB,12/11/2022,231.0,232.0,221.2,221.5,-5.74,45184.0,1224.0,211.0
NIB,12/12/2022,217.3,228.9,217.3,222.0,0.23,36750.0,1224.0,211.0
NIB,12/13/2022,222.0,228.0,218.1,219.0,-1.35,22448.0,1224.0,211.0
NIB,12/14/2022,223.0,223.0,217.0,218.2,-0.37,25147.0,1224.0,211.0
NIB,12/15/2022,217.4,220.0,216.0,218.7,0.23,36650.0,1224.0,211.0
NIB,12/18/2022,217.0,219.0,214.0,214.7,-1.83,40103.0,1224.0,211.0
NIB,12/19/2022,214.7,218.0,212.0,214.0,-0.33,26669.0,1224.0,211.0
NIB,12/20/2022,216.0,216.0,212.0,214.0,0.0,40217.0,1224.0,211.0
NIB,12/21/2022,215.0,217.0,211.0,212.2,-0.84,28492.0,1224.0,211.0
NIB,12/22/2022,212.2,214.0,211.0,212.9,0.33,28957.0,1224.0,211.0
NIB,12/26/2022,215.9,230.5,215.0,230.5,8.27,83771.0,1224.0,211.0
NIB,12/27/2022,232.0,242.9,232.0,238.0,3.25,73757.0,1224.0,211.0
NIB,12/28/2022,240.0,240.0,230.0,231.1,-2.9,33506.0,1224.0,211.0
NIB,12/29/2022,227.5,240.6,227.5,238.0,2.99,53891.0,1224.0,211.0
NIB,1/1/2023,240.0,247.0,234.0,239.6,0.67,156046.0,1224.0,211.0
NIB,1/2/2023,234.9,241.8,233.0,238.0,-0.67,55611.0,1224.0,211.0
NIB,1/3/2023,236.0,241.7,233.0,234.2,-1.6,64638.0,1224.0,211.0
NIB,1/4/2023,236.0,239.0,234.3,238.9,2.01,41993.0,1224.0,211.0
NIB,1/5/2023,241.7,242.0,236.0,236.1,-1.17,50743.0,1224.0,211.0
NIB,1/8/2023,240.8,241.0,232.0,237.0,0.38,71120.0,1224.0,211.0
NIB,1/9/2023,233.0,241.7,233.0,241.0,1.69,88058.0,1224.0,211.0
NIB,1/10/2023,245.0,265.0,240.1,251.0,4.15,185345.0,1224.0,211.0
NIBD2082,12/21/2025,1075.0,1075.0,1075.0,1075.0,,775.0,1170.0,1008.5
NIBD2082,12/23/2025,1085.0,1085.0,1085.0,1085.0,0.93,25.0,1170.0,1008.5
NIBD2082,12/31/2025,1095.0,1095.0,1095.0,1095.0,0.92,25.0,1170.0,1008.5
NIBD2082,1/1/2026,1080.0,1095.0,1080.0,1095.0,0.0,162.0,1170.0,1008.5
NIBD2082,1/6/2026,1073.1,1075.0,1063.3,1063.3,-2.89,162.0,1170.0,1008.5
NIBD2082,1/7/2026,1063.7,1063.7,1063.5,1063.5,0.02,120.0,1170.0,1008.5
NIBD2082,1/12/2026,1064.8,1064.8,1064.2,1064.8,0.12,150.0,1170.0,1008.5
NIBD2082,1/22/2026,1064.8,1064.8,1064.8,1043.6,-1.99,5.0,1170.0,1008.5
NIBD2082,1/25/2026,1022.8,1022.8,1020.0,1020.0,-2.26,442.0,1170.0,1008.5
NIBD2082,1/27/2026,1018.5,1018.5,1017.0,1017.0,-0.29,1000.0,1170.0,1008.5
NIBD2082,2/1/2026,1017.5,1017.5,1017.5,1017.5,0.05,50.0,1170.0,1008.5
NIBD2082,2/2/2026,1017.4,1017.4,1017.0,1017.1,-0.04,524.0,1170.0,1008.5
NIBD2082,2/5/2026,1036.0,1036.0,1036.0,1036.0,1.86,90.0,1170.0,1008.5
NIBD2082,2/17/2026,1016.9,1016.9,1016.9,1016.9,-1.84,25.0,1170.0,1008.5
NIBD2082,2/22/2026,1017.1,1017.1,1016.4,1016.4,-0.05,250.0,1170.0,1008.5
NIBD2082,3/3/2026,1030.0,1030.0,1030.0,1030.0,1.34,15.0,1170.0,1008.5
NIBD2082,3/4/2026,1030.0,1030.0,1030.0,1030.0,0.0,15.0,1170.0,1008.5
NIBD2082,3/5/2026,1030.0,1030.0,1030.0,1030.0,0.0,15.0,1170.0,1008.5
NIBD2082,3/6/2026,1030.0,1030.0,1030.0,1030.0,0.0,15.0,1170.0,1008.5
NIBD2082,3/7/2026,1030.0,1030.0,1030.0,1030.0,0.0,15.0,1170.0,1008.5
NIBD2082,3/8/2026,1030.0,1030.0,1030.0,1030.0,0.0,15.0,1170.0,1008.5
NIBD2082,3/11/2026,1039.0,1039.0,1020.0,1020.0,-0.97,250.0,1170.0,1008.5
NIBD2082,3/15/2026,1020.0,1020.0,1020.0,1020.0,0.0,300.0,1170.0,1008.5
NIBD2082,3/17/2026,1017.0,1017.0,1014.3,1014.3,-0.56,400.0,1170.0,1008.5
NIBD2082,3/18/2026,1017.0,1017.0,1014.3,1014.3,0.0,400.0,1170.0,1008.5
NIBD2082,3/22/2026,1020.0,1020.0,1020.0,1020.0,0.56,310.0,1170.0,1008.5
NIBD2082,3/26/2026,1014.0,1014.0,1008.5,1008.5,-0.54,290.0,1170.0,1008.5
NIBD2082,4/15/2026,1028.6,1028.6,1028.6,1028.6,0.0,25.0,1170.0,1008.5
NIBD2082,4/20/2026,1038.0,1055.0,1038.0,1055.0,1.64,500.0,1170.0,1008.5
NIBD2082,5/14/2026,1040.0,1040.0,1040.0,1040.0,0.0,25.0,1170.0,1008.5
NIBD2082,6/8/2026,1017.0,1017.0,1017.0,1017.0,0.0,46.0,1170.0,1008.5
NIBD2082,6/16/2026,1041.5,1042.0,1040.0,1040.0,-0.14,195.0,1170.0,1008.5
NIBD84,1/27/2026,1107.4,1107.4,1107.4,1107.4,,70.0,1130.0,1017.2
NIBD84,2/12/2026,1086.0,1086.0,1086.0,1086.0,-1.93,25.0,1130.0,1017.2
NIBD84,2/22/2026,1065.0,1065.0,1065.0,1065.0,-1.93,26.0,1130.0,1017.2
NIBD84,2/23/2026,1061.19,1061.19,1061.19,1061.19,-0.36,25.0,1130.0,1017.2
NIBD84,2/24/2026,1050.0,1055.1,1050.0,1055.1,-0.57,55.0,1130.0,1017.2
NIBD84,3/2/2026,1057.1,1057.1,1050.0,1050.0,-0.48,200.0,1130.0,1017.2
NIBD84,3/11/2026,1052.1,1052.1,1052.1,1052.1,0.2,50.0,1130.0,1017.2
NIBD84,3/12/2026,1056.0,1056.0,1056.0,1056.0,0.37,25.0,1130.0,1017.2
NIBD84,3/13/2026,1056.0,1056.0,1056.0,1056.0,0.0,25.0,1130.0,1017.2
NIBD84,3/14/2026,1056.0,1056.0,1056.0,1056.0,0.0,25.0,1130.0,1017.2
NIBD84,3/15/2026,1056.0,1056.0,1056.0,1056.0,0.0,25.0,1130.0,1017.2
NIBD84,3/17/2026,1074.9,1074.9,1074.9,1074.9,1.79,226.0,1130.0,1017.2
NIBD84,3/18/2026,1074.9,1074.9,1074.9,1074.9,0.0,226.0,1130.0,1017.2
NIBD84,3/19/2026,1071.5,1071.5,1071.5,1071.5,-0.32,100.0,1130.0,1017.2
NIBD84,3/20/2026,1071.5,1071.5,1071.5,1071.5,0.0,100.0,1130.0,1017.2
NIBD84,3/21/2026,1071.5,1071.5,1071.5,1071.5,0.0,100.0,1130.0,1017.2
NIBD84,3/22/2026,1070.0,1070.0,1056.1,1056.1,-1.44,50.0,1130.0,1017.2
NIBD84,3/23/2026,1056.0,1070.0,1056.0,1070.0,1.32,107.0,1130.0,1017.2
NIBD84,3/24/2026,1050.0,1057.0,1050.0,1057.0,-1.21,75.0,1130.0,1017.2
NIBD84,3/25/2026,1054.0,1054.0,1054.0,1054.0,-0.28,25.0,1130.0,1017.2
NIBD84,3/26/2026,1074.0,1074.0,1074.0,1074.0,0.0,25.0,1130.0,1017.2
NIBD84,3/31/2026,1052.6,1052.6,1052.6,1052.6,0.0,25.0,1130.0,1017.2
NIBD84,4/1/2026,1065.0,1065.0,1052.0,1052.0,-1.22,225.0,1130.0,1017.2
NIBD84,4/5/2026,1053.0,1053.0,1053.0,1053.0,0.0,25.0,1130.0,1017.2
NIBD84,4/7/2026,1060.0,1060.0,1060.0,1060.0,0.0,58.0,1130.0,1017.2
NIBD84,4/8/2026,1050.8,1050.8,1050.8,1050.8,0.0,25.0,1130.0,1017.2
NIBD84,4/9/2026,1048.2,1055.0,1048.2,1050.0,0.17,75.0,1130.0,1017.2
NIBD84,4/10/2026,1053.7,1053.7,1053.7,1053.7,0.0,25.0,1130.0,1017.2
NIBD84,4/13/2026,1052.1,1052.1,1052.0,1052.0,-0.01,75.0,1130.0,1017.2
NIBD84,4/15/2026,1070.0,1073.0,1070.0,1073.0,0.28,75.0,1130.0,1017.2
NIBD84,4/16/2026,1053.9,1053.9,1053.9,1053.9,0.0,25.0,1130.0,1017.2
NIBD84,4/20/2026,1052.1,1052.1,1052.1,1052.1,0.0,25.0,1130.0,1017.2
NIBD84,4/29/2026,1052.1,1083.6,1053.1,1056.0,0.37,325.0,1130.0,1017.2
NIBD84,4/30/2026,1087.5,1087.5,1055.0,1055.0,-2.99,125.0,1130.0,1017.2
NIBD84,5/5/2026,1052.0,1052.0,1052.0,1052.0,0.0,25.0,1130.0,1017.2
NIBD84,5/7/2026,1067.0,1067.0,1067.0,1067.0,0.0,25.0,1130.0,1017.2
NIBD84,5/11/2026,1049.5,1049.5,1049.5,1049.5,0.0,25.0,1130.0,1017.2
NIBD84,5/15/2026,1049.1,1049.1,1048.8,1048.8,-0.03,50.0,1130.0,1017.2
NIBD84,5/20/2026,1048.1,1060.0,1048.1,1060.0,1.14,55.0,1130.0,1017.2
NIBD84,5/21/2026,1055.0,1055.0,1053.2,1053.2,-0.17,175.0,1130.0,1017.2
NIBD84,5/22/2026,1050.2,1050.2,1050.1,1050.1,-0.01,50.0,1130.0,1017.2
NIBD84,5/25/2026,1052.1,1052.1,1052.1,1052.1,0.0,25.0,1130.0,1017.2
NIBD84,5/26/2026,1051.1,1055.0,1048.0,1048.0,-0.29,96803.0,1130.0,1017.2
NIBD84,6/1/2026,1079.4,1083.0,1079.4,1083.0,0.33,96667.0,1130.0,1017.2
NIBD84,6/2/2026,1084.0,1090.0,1084.0,1090.0,0.55,610.0,1130.0,1017.2
NIBD84,6/8/2026,1057.3,1057.3,1045.0,1052.0,-0.5,230.0,1130.0,1017.2
NIBD84,6/10/2026,1052.0,1052.0,1052.0,1052.0,0.0,25.0,1130.0,1017.2
NIBD84,6/15/2026,1050.4,1050.4,1050.4,1050.4,0.0,25.0,1130.0,1017.2
NIBD84,6/16/2026,1048.0,1048.0,1047.3,1047.3,-0.07,50.0,1130.0,1017.2
NIBD84,6/17/2026,1074.0,1075.0,1074.0,1075.0,0.09,75.0,1130.0,1017.2
NIBD84,6/19/2026,1055.8,1055.8,1055.8,1055.8,0.0,50.0,1130.0,1017.2
NIBD84,6/22/2026,1060.0,1065.0,1060.0,1065.0,0.47,50.0,1130.0,1017.2
NIBD84,6/30/2026,1051.3,1065.0,1051.3,1065.0,1.3,155.0,1130.0,1017.2
NIBD84,7/2/2026,1075.0,1085.0,1075.0,1085.0,0.93,14178.0,1130.0,1017.2
NIBD84,7/6/2026,1079.9,1109.9,1079.9,1109.9,2.78,486043.0,1130.0,1017.2
NIBD84,7/8/2026,1077.0,1099.0,1077.0,1077.0,0.0,10962.0,1130.0,1017.2
NIBD84,7/10/2026,1062.0,1062.1,1062.0,1062.0,0.0,48206.0,1130.0,1017.2
NIBD84,7/13/2026,1077.0,1077.0,1045.1,1055.0,-2.04,48399.0,1130.0,1017.2
NIBD84,7/14/2026,1082.0,1084.0,1064.1,1064.1,-1.65,134.0,1130.0,1017.2
NIBD84,7/16/2026,1096.0,1102.0,1096.0,1102.0,0.55,48315.0,1130.0,1017.2
NIBD84,7/22/2026,1069.0,1069.0,1040.0,1040.0,-2.71,80.0,1130.0,1017.2
NIBD84,7/23/2026,1034.0,1040.0,1034.0,1036.0,0.19,75.0,1130.0,1017.2
NIBD84,7/24/2026,1066.1,1066.1,1050.0,1050.0,-1.51,85.0,1130.0,1017.2
NIBD84,7/27/2026,1063.3,1063.3,1063.3,1063.3,0.0,30.0,1130.0,1017.2
NIBD84,7/29/2026,1045.0,1045.0,1045.0,1045.0,0.0,25.0,1130.0,1017.2
NIBD84,7/30/2026,1042.0,1042.0,1042.0,1042.0,0.0,25.0,1130.0,1017.2
NIBD84,7/31/2026,1050.0,1050.0,1050.0,1050.0,0.0,75.0,1130.0,1017.2
NIBD84,8/3/2026,1040.0,1040.0,1040.0,1040.0,0.0,25.0,1130.0,1017.2
NIBD84,8/5/2026,1040.1,1040.1,1040.1,1040.1,0.0,25.0,1130.0,1017.2
NIBD84,8/6/2026,1035.3,1035.3,1035.3,1035.3,0.0,50.0,1130.0,1017.2
NIBD84,8/10/2026,1035.1,1035.1,1035.0,1035.0,-0.01,100.0,1130.0,1017.2
NIBD84,8/12/2026,1030.3,1030.3,1030.3,1030.3,0.0,25.0,1130.0,1017.2
NIBD84,8/14/2026,1030.0,1034.1,1030.0,1034.1,0.4,50.0,1130.0,1017.2
NIBD84,8/17/2026,1035.0,1035.0,1035.0,1035.0,0.0,25.0,1130.0,1017.2
NIBD84,8/18/2026,1030.1,1030.1,1030.1,1030.1,0.0,25.0,1130.0,1017.2
NIBD84,8/21/2026,1035.0,1035.0,1035.0,1035.0,0.0,25.0,1130.0,1017.2
NIBD84,8/25/2026,1030.0,1033.3,1030.0,1033.1,0.3,190.0,1130.0,1017.2
NIBD84,8/26/2026,1022.6,1030.0,1022.5,1030.0,0.72,100.0,1130.0,1017.2
NIBD84,9/1/2026,1017.2,1017.2,1017.2,1017.2,0.0,25.0,1130.0,1017.2
NIBD84,9/2/2026,1031.1,1031.1,1031.1,1031.1,0.0,55.0,1130.0,1017.2
NIBD84,9/17/2026,1026.3,1035.0,1026.3,1035.0,0.85,75.0,1130.0,1017.2
NIBD84,9/24/2026,1060.9,1064.9,1060.9,1064.9,0.38,730.0,1130.0,1017.2
NIBD84,9/28/2026,1045.0,1045.0,1045.0,1045.0,0.0,1306.0,1130.0,1017.2
NIBD84,9/29/2026,1045.0,1069.0,1045.0,0.0,-100.0,50.0,1130.0,1017.2
NIBD84,10/2/2026,1040.0,1040.0,1040.0,1040.0,0.0,20.0,1130.0,1017.2
NIBLGF,1/26/2026,8.9,9.1,8.9,9.01,,10460.0,11.81,8.1
NIBLGF,1/27/2026,9.0,9.26,8.91,9.26,2.77,113500.0,11.81,8.1
NIBLGF,1/28/2026,9.15,9.44,9.0,9.25,-0.11,105572.0,11.81,8.1
NIBLGF,1/29/2026,9.2,9.2,9.03,9.06,-2.05,18480.0,11.81,8.1
NIBLGF,2/1/2026,8.94,9.65,8.94,9.65,6.51,238210.0,11.81,8.1
NIBLGF,2/2/2026,9.46,9.46,9.28,9.3,-3.63,59000.0,11.81,8.1
NIBLGF,2/3/2026,9.12,9.3,9.12,9.12,-1.94,3950.0,11.81,8.1
NIBLGF,2/4/2026,9.02,9.66,9.02,9.2,0.88,12500.0,11.81,8.1
NIBLGF,2/5/2026,9.1,9.65,9.1,9.65,4.89,173805.0,11.81,8.1
NIBLGF,2/8/2026,9.46,9.64,8.74,9.63,-0.21,47800.0,11.81,8.1
NIBLGF,2/9/2026,9.44,9.82,9.31,9.82,1.97,4177.0,11.81,8.1
NIBLGF,2/10/2026,9.63,10.21,9.4,10.21,3.97,12680.0,11.81,8.1
NIBLGF,2/11/2026,10.21,11.03,9.8,9.8,-4.02,50800.0,11.81,8.1
NIBLGF,2/12/2026,9.7,9.7,9.51,9.52,-2.86,3050.0,11.81,8.1
NIBLGF,2/16/2026,9.33,9.33,9.33,9.33,-2.0,900.0,11.81,8.1
NIBLGF,2/17/2026,9.15,9.5,8.46,9.5,1.82,71300.0,11.81,8.1
NIBLGF,2/22/2026,9.31,9.88,9.31,9.88,4.0,3460.0,11.81,8.1
NIBLGF,2/23/2026,10.0,10.86,9.51,9.65,-2.33,87150.0,11.81,8.1
NIBLGF,2/24/2026,9.46,9.46,9.28,9.46,-1.97,400.0,11.81,8.1
NIBLGF,2/25/2026,9.29,9.29,9.28,9.28,-1.9,200.0,11.81,8.1
NIBLGF,2/26/2026,9.28,9.3,9.12,9.16,-1.29,1131.0,11.81,8.1
NIBLGF,2/27/2026,9.28,9.3,9.12,9.16,0.0,1131.0,11.81,8.1
NIBLGF,2/28/2026,9.28,9.3,9.12,9.16,0.0,1131.0,11.81,8.1
NIBLGF,3/2/2026,8.98,9.71,8.24,9.71,6.0,33000.0,11.81,8.1
NIBLGF,3/3/2026,9.65,9.9,9.42,9.9,1.96,21540.0,11.81,8.1
NIBLGF,3/4/2026,9.65,9.9,9.42,9.9,0.0,21540.0,11.81,8.1
NIBLGF,3/5/2026,9.65,9.9,9.42,9.9,0.0,21540.0,11.81,8.1
NIBLGF,3/6/2026,9.65,9.9,9.42,9.9,0.0,21540.0,11.81,8.1
NIBLGF,3/7/2026,9.65,9.9,9.42,9.9,0.0,21540.0,11.81,8.1
NIBLGF,3/8/2026,9.65,9.9,9.42,9.9,0.0,21540.0,11.81,8.1
NIBLGF,3/10/2026,10.09,10.3,9.34,10.3,4.04,13350.0,11.81,8.1
NIBLGF,3/11/2026,10.1,10.92,9.71,9.9,-3.88,45285.0,11.81,8.1
NIBLGF,3/12/2026,9.9,9.9,9.52,9.55,-3.54,8110.0,11.81,8.1
NIBLGF,3/13/2026,9.9,9.9,9.52,9.55,0.0,8110.0,11.81,8.1
NIBLGF,3/14/2026,9.9,9.9,9.52,9.55,0.0,8110.0,11.81,8.1
NIBLGF,3/15/2026,9.37,9.55,9.37,9.39,-1.68,16708.0,11.81,8.1
NIBLGF,3/16/2026,9.44,9.44,9.23,9.43,0.43,23490.0,11.81,8.1
NIBLGF,3/17/2026,9.43,9.46,9.25,9.46,0.32,19290.0,11.81,8.1
NIBLGF,3/18/2026,9.43,9.46,9.25,9.46,0.0,19290.0,11.81,8.1
NIBLGF,3/19/2026,9.29,9.54,9.29,9.36,-1.06,27590.0,11.81,8.1
NIBLGF,3/20/2026,9.29,9.54,9.29,9.36,0.0,27590.0,11.81,8.1
NIBLGF,3/21/2026,9.29,9.54,9.29,9.36,0.0,27590.0,11.81,8.1
NIBLGF,3/22/2026,9.3,9.69,8.65,9.46,1.07,265400.0,11.81,8.1
NIBLGF,3/23/2026,9.3,9.85,9.3,9.56,1.06,60200.0,11.81,8.1
NIBLGF,3/24/2026,9.74,9.89,8.66,9.89,3.45,83200.0,11.81,8.1
NIBLGF,3/25/2026,9.85,10.0,9.66,10.0,1.11,26500.0,11.81,8.1
NIBLGF,3/26/2026,10.19,11.0,9.73,9.74,-4.42,67300.0,11.81,8.1
NIBLGF,3/29/2026,9.56,10.32,9.56,10.32,7.95,23500.0,11.81,8.1
NIBLGF,3/30/2026,10.12,11.35,9.71,9.75,-3.66,53968.0,11.81,8.1
NIBLGF,3/31/2026,9.6,9.6,9.25,9.36,-2.5,7300.0,11.81,8.1
NIBLGF,4/1/2026,9.25,9.4,9.25,9.32,0.76,4800.0,11.81,8.1
NIBLGF,4/2/2026,9.26,9.69,8.52,9.69,4.64,190510.0,11.81,8.1
NIBLGF,4/5/2026,9.6,9.84,9.41,9.84,2.5,3800.0,11.81,8.1
NIBLGF,4/6/2026,9.65,10.74,9.57,10.74,11.3,61790.0,11.81,8.1
NIBLGF,4/7/2026,10.53,11.81,9.97,9.98,-5.22,194618.0,11.81,8.1
NIBLGF,4/8/2026,9.98,10.0,9.79,9.79,-1.9,1200.0,11.81,8.1
NIBLGF,4/9/2026,9.6,9.85,9.55,9.85,2.6,3715.0,11.81,8.1
NIBLGF,4/10/2026,9.66,9.66,9.45,9.45,-2.17,4350.0,11.81,8.1
NIBLGF,4/13/2026,9.39,9.5,9.39,9.5,1.17,4500.0,11.81,8.1
NIBLGF,4/15/2026,9.5,9.5,9.43,9.5,0.0,46310.0,11.81,8.1
NIBLGF,4/16/2026,9.33,9.64,9.33,9.5,1.82,7300.0,11.81,8.1
NIBLGF,4/17/2026,9.38,9.68,9.38,9.5,1.28,24650.0,11.81,8.1
NIBLGF,4/20/2026,9.5,9.5,9.35,9.5,0.0,3900.0,11.81,8.1
NIBLGF,4/21/2026,9.55,9.55,9.41,9.41,-1.47,1600.0,11.81,8.1
NIBLGF,4/22/2026,9.4,9.69,9.4,9.42,0.21,3200.0,11.81,8.1
NIBLGF,4/23/2026,9.37,9.4,9.37,9.4,0.32,800.0,11.81,8.1
NIBLGF,4/24/2026,9.4,9.4,9.34,9.38,-0.21,8430.0,11.81,8.1
NIBLGF,4/27/2026,9.38,9.35,9.25,9.35,-0.32,427.0,11.81,8.1
NIBLGF,4/28/2026,9.35,9.35,9.24,9.29,-0.64,2800.0,11.81,8.1
NIBLGF,4/29/2026,9.29,9.42,9.14,9.31,0.22,3500.0,11.81,8.1
NIBLGF,4/30/2026,9.1,9.65,9.1,9.65,6.04,7200.0,11.81,8.1
NIBLGF,5/4/2026,9.4,9.5,9.22,9.22,-1.91,2200.0,11.81,8.1
NIBLGF,5/5/2026,9.14,9.5,9.14,9.5,3.94,5300.0,11.81,8.1
NIBLGF,5/6/2026,9.33,9.77,9.33,9.5,1.82,11300.0,11.81,8.1
NIBLGF,5/7/2026,9.25,9.52,9.25,9.52,2.92,3700.0,11.81,8.1
NIBLGF,5/8/2026,9.3,9.6,9.3,9.57,2.9,3000.0,11.81,8.1
NIBLGF,5/11/2026,9.5,9.5,9.5,9.5,0.0,200.0,11.81,8.1
NIBLGF,5/12/2026,9.78,9.78,9.5,9.5,-2.86,700.0,11.81,8.1
NIBLGF,5/13/2026,9.3,9.6,9.3,9.6,3.23,600.0,11.81,8.1
NIBLGF,5/14/2026,9.7,9.88,9.35,9.35,-3.61,4300.0,11.81,8.1
NIBLGF,5/15/2026,9.3,9.5,9.11,9.5,2.15,7960.0,11.81,8.1
NIBLGF,5/18/2026,9.28,9.4,9.11,9.38,1.08,7700.0,11.81,8.1
NIBLGF,5/19/2026,9.1,9.16,9.1,9.16,0.66,700.0,11.81,8.1
NIBLGF,5/20/2026,9.11,9.38,9.11,9.38,2.96,1000.0,11.81,8.1
NIBLGF,5/21/2026,9.12,9.63,9.11,9.63,5.59,5870.0,11.81,8.1
NIBLGF,5/22/2026,9.4,9.91,9.26,9.91,5.43,9070.0,11.81,8.1
NIBLGF,5/25/2026,9.62,9.62,9.42,9.43,-1.98,1100.0,11.81,8.1
NIBLGF,5/26/2026,9.4,9.5,9.31,9.5,1.06,13350.0,11.81,8.1
NIBLGF,5/27/2026,9.78,9.78,9.31,9.32,-4.7,3150.0,11.81,8.1
NIBLGF,6/1/2026,9.24,9.3,9.06,9.12,-1.3,850.0,11.81,8.1
NIBLGF,6/2/2026,9.0,9.38,9.0,9.21,2.33,4300.0,11.81,8.1
NIBLGF,6/3/2026,9.24,9.4,9.13,9.2,-0.43,5400.0,11.81,8.1
NIBLGF,6/4/2026,9.25,9.68,9.25,9.4,1.62,2137.0,11.81,8.1
NIBLGF,6/5/2026,9.39,9.45,9.39,9.4,0.11,4500.0,11.81,8.1
NIBLGF,6/8/2026,9.4,9.4,9.39,9.39,-0.11,1297.0,11.81,8.1
NIBLGF,6/9/2026,9.5,9.79,9.39,9.39,-1.16,7500.0,11.81,8.1
NIBLGF,6/10/2026,9.39,9.66,9.39,9.39,0.0,16400.0,11.81,8.1
NIBLGF,6/11/2026,9.4,9.4,9.4,9.4,0.0,700.0,11.81,8.1
NIBLGF,6/12/2026,9.22,9.22,9.22,9.22,0.0,200.0,11.81,8.1
NIBLGF,6/15/2026,9.22,9.23,9.22,9.23,0.11,600.0,11.81,8.1
NIBLGF,6/16/2026,9.35,9.36,9.35,9.36,0.11,3000.0,11.81,8.1
NIBLGF,6/17/2026,9.35,9.6,9.35,9.35,0.0,1300.0,11.81,8.1
NIBLGF,6/18/2026,9.35,9.5,9.35,9.5,1.6,8720.0,11.81,8.1
NIBLGF,6/19/2026,9.35,9.5,9.35,9.35,0.0,2020.0,11.81,8.1
NIBLGF,6/22/2026,9.36,9.36,9.35,9.35,-0.11,300.0,11.81,8.1
NIBLGF,6/23/2026,9.36,9.5,9.35,9.35,-0.11,575.0,11.81,8.1
NIBLGF,6/24/2026,9.35,9.5,9.35,9.5,1.6,5800.0,11.81,8.1
NIBLGF,6/26/2026,9.45,9.82,9.45,9.82,3.92,1800.0,11.81,8.1
NIBLGF,6/29/2026,9.53,9.53,9.3,9.5,-0.31,1300.0,11.81,8.1
NIBLGF,6/30/2026,9.5,9.5,9.25,9.31,-2.0,1900.0,11.81,8.1
NIBLGF,7/1/2026,9.3,9.3,9.21,9.25,-0.54,1300.0,11.81,8.1
NIBLGF,7/2/2026,9.5,9.52,9.25,9.25,-2.63,9900.0,11.81,8.1
NIBLGF,7/6/2026,9.02,9.5,8.98,9.5,5.32,6800.0,11.81,8.1
NIBLGF,7/7/2026,9.46,9.46,9.3,9.3,-1.69,2750.0,11.81,8.1
NIBLGF,7/8/2026,9.2,9.57,9.2,9.29,0.98,13900.0,11.81,8.1
NIBLGF,7/9/2026,9.29,9.29,9.29,9.29,0.0,521.0,11.81,8.1
NIBLGF,7/10/2026,9.02,9.5,9.02,9.5,5.32,500.0,11.81,8.1
NIBLGF,7/13/2026,9.22,9.22,8.73,9.0,-2.39,2350.0,11.81,8.1
NIBLGF,7/14/2026,8.99,9.5,8.99,9.5,5.67,7300.0,11.81,8.1
NIBLGF,7/15/2026,9.22,9.49,9.22,9.49,2.93,200.0,11.81,8.1
NIBLGF,7/16/2026,9.21,10.91,9.21,10.91,18.46,39150.0,11.81,8.1
NIBLGF,7/20/2026,10.59,10.59,10.55,10.55,-0.38,530.0,11.81,8.1
NIBLGF,7/21/2026,10.24,10.24,9.41,9.78,-4.49,9000.0,11.81,8.1
NIBLGF,7/22/2026,9.49,9.5,9.49,9.5,0.11,6100.0,11.81,8.1
NIBLGF,7/23/2026,9.23,9.25,9.2,9.25,0.22,2150.0,11.81,8.1
NIBLGF,7/24/2026,8.99,9.5,8.99,9.22,2.56,800.0,11.81,8.1
NIBLGF,7/27/2026,9.65,9.65,9.22,9.22,-4.46,27790.0,11.81,8.1
NIBLGF,7/28/2026,9.22,9.22,9.22,9.22,0.0,400.0,11.81,8.1
NIBLGF,7/29/2026,9.11,9.11,9.11,9.11,0.0,150.0,11.81,8.1
NIBLGF,7/30/2026,9.0,9.0,9.0,9.0,0.0,3150.0,11.81,8.1
NIBLGF,7/31/2026,9.03,9.6,9.03,9.6,6.31,12500.0,11.81,8.1
NIBLGF,8/3/2026,9.65,9.75,9.65,9.75,1.04,55000.0,11.81,8.1
NIBLGF,8/4/2026,9.72,9.72,9.72,9.72,0.0,200.0,11.81,8.1
NIBLGF,8/5/2026,9.43,9.43,9.43,9.43,0.0,100.0,11.81,8.1
NIBLGF,8/6/2026,9.16,9.5,9.16,9.25,0.98,2800.0,11.81,8.1
NIBLGF,8/10/2026,9.0,9.25,8.73,8.8,-2.22,450.0,11.81,8.1
NIBLGF,8/11/2026,8.81,9.02,8.8,8.88,0.79,2635.0,11.81,8.1
NIBLGF,8/12/2026,8.9,9.15,8.89,8.89,-0.11,201855.0,11.81,8.1
NIBLGF,8/13/2026,8.89,8.89,8.76,8.81,-0.9,25750.0,11.81,8.1
NIBLGF,8/14/2026,9.05,9.05,8.82,8.86,-2.1,700.0,11.81,8.1
NIBLGF,8/17/2026,8.83,8.85,8.83,8.85,0.23,1200.0,11.81,8.1
NIBLGF,8/18/2026,8.6,8.7,8.6,8.64,0.47,36900.0,11.81,8.1
NIBLGF,8/19/2026,8.63,8.89,8.63,8.89,3.01,7680.0,11.81,8.1
NIBLGF,8/20/2026,8.64,8.64,8.4,8.48,-1.85,1500.0,11.81,8.1
NIBLGF,8/21/2026,8.28,8.96,8.28,8.8,6.28,25300.0,11.81,8.1
NIBLGF,8/24/2026,8.61,8.9,8.6,8.85,2.79,15600.0,11.81,8.1
NIBLGF,8/25/2026,8.9,8.9,8.59,8.8,-1.12,11000.0,11.81,8.1
NIBLGF,8/26/2026,9.05,9.05,8.54,8.54,-5.64,7000.0,11.81,8.1
NIBLGF,8/27/2026,8.5,8.54,8.41,8.54,0.47,1400.0,11.81,8.1
NIBLGF,8/31/2026,8.5,8.54,8.32,8.32,-2.12,900.0,11.81,8.1
NIBLGF,9/1/2026,8.4,8.4,8.2,8.25,-1.79,950.0,11.81,8.1
NIBLGF,9/2/2026,8.49,8.6,8.49,8.6,1.3,4495.0,11.81,8.1
NIBLGF,9/3/2026,8.6,8.6,8.36,8.36,-2.79,200.0,11.81,8.1
NIBLGF,9/7/2026,8.36,8.5,8.26,8.5,1.67,2855.0,11.81,8.1
NIBLGF,9/9/2026,8.5,8.59,8.41,8.59,1.06,26800.0,11.81,8.1
NIBLGF,9/10/2026,8.5,8.6,8.5,8.51,0.12,10900.0,11.81,8.1
NIBLGF,9/11/2026,8.31,8.5,8.1,8.5,2.29,259482.0,11.81,8.1
NIBLGF,9/14/2026,8.5,8.5,8.47,8.5,0.0,101668.0,11.81,8.1
NIBLGF,9/15/2026,8.65,8.8,8.54,8.6,-0.58,42700.0,11.81,8.1
NIBLGF,9/16/2026,8.6,8.6,8.4,8.48,-1.4,406450.0,11.81,8.1
NIBLGF,9/17/2026,8.7,8.73,8.7,8.73,0.34,15700.0,11.81,8.1
NIBLGF,9/18/2026,8.98,8.98,8.75,8.9,-0.89,29380.0,11.81,8.1
NIBLGF,9/22/2026,8.85,8.96,8.61,8.71,-1.58,116510.0,11.81,8.1
NIBLGF,9/23/2026,8.71,8.73,8.45,8.61,-1.15,701600.0,11.81,8.1
NIBLGF,9/24/2026,8.62,8.75,8.62,8.69,0.81,21245.0,11.81,8.1
NIBLGF,9/28/2026,8.71,8.83,8.7,8.83,1.38,76746.0,11.81,8.1
NIBLGF,9/29/2026,8.82,8.83,8.62,0.0,-100.0,27610.0,11.81,8.1
NIBLGF,9/30/2026,8.73,8.77,8.71,8.71,-0.23,272780.0,11.81,8.1
NIBLGF,10/1/2026,8.73,8.81,8.73,8.81,0.92,1775.0,11.81,8.1
NIBLGF,10/2/2026,8.81,9.16,8.6,9.16,3.97,821955.0,11.81,8.1
NIBLSTF,1/26/2026,8.85,9.13,8.68,8.98,,171833.0,10.85,8.0
NIBLSTF,1/27/2026,8.85,9.15,8.85,9.15,1.89,103800.0,10.85,8.0
NIBLSTF,1/28/2026,8.97,9.3,8.8,9.2,0.55,11070.0,10.85,8.0
NIBLSTF,1/29/2026,9.02,9.1,8.92,8.92,-3.04,15840.0,10.85,8.0
NIBLSTF,2/1/2026,8.85,9.24,8.56,8.73,-2.13,918100.0,10.85,8.0
NIBLSTF,2/2/2026,8.9,9.24,8.73,9.06,3.78,191671.0,10.85,8.0
NIBLSTF,2/3/2026,8.88,9.41,8.88,9.23,1.88,174697.0,10.85,8.0
NIBLSTF,2/4/2026,9.41,9.41,9.2,9.37,1.52,508700.0,10.85,8.0
NIBLSTF,2/5/2026,9.55,9.55,9.1,9.15,-2.35,8800.0,10.85,8.0
NIBLSTF,2/8/2026,9.33,9.33,9.11,9.11,-0.44,6300.0,10.85,8.0
NIBLSTF,2/9/2026,8.97,9.29,8.97,9.22,1.21,2500.0,10.85,8.0
NIBLSTF,2/10/2026,9.4,9.4,9.05,9.28,0.65,6000.0,10.85,8.0
NIBLSTF,2/11/2026,9.46,9.46,9.0,9.09,-2.05,3700.0,10.85,8.0
NIBLSTF,2/12/2026,9.27,9.45,9.09,9.26,1.87,2900.0,10.85,8.0
NIBLSTF,2/16/2026,9.26,9.4,9.05,9.23,-0.32,6300.0,10.85,8.0
NIBLSTF,2/17/2026,9.41,9.41,8.94,9.12,-1.19,5250.0,10.85,8.0
NIBLSTF,2/22/2026,9.3,9.3,9.02,9.2,0.88,3112.0,10.85,8.0
NIBLSTF,2/23/2026,9.3,9.3,8.91,9.25,0.54,10960.0,10.85,8.0
NIBLSTF,2/24/2026,9.43,9.43,8.81,9.25,0.0,26780.0,10.85,8.0
NIBLSTF,2/25/2026,9.3,9.3,9.08,9.13,-1.3,5743.0,10.85,8.0
NIBLSTF,2/26/2026,9.3,9.3,9.0,9.05,-0.88,1800.0,10.85,8.0
NIBLSTF,2/27/2026,9.3,9.3,9.0,9.05,0.0,1800.0,10.85,8.0
NIBLSTF,2/28/2026,9.3,9.3,9.0,9.05,0.0,1800.0,10.85,8.0
NIBLSTF,3/2/2026,9.2,9.37,9.05,9.28,2.54,7012.0,10.85,8.0
NIBLSTF,3/3/2026,9.11,9.2,9.11,9.2,-0.86,6088.0,10.85,8.0
NIBLSTF,3/4/2026,9.11,9.2,9.11,9.2,0.0,6088.0,10.85,8.0
NIBLSTF,3/5/2026,9.11,9.2,9.11,9.2,0.0,6088.0,10.85,8.0
NIBLSTF,3/6/2026,9.11,9.2,9.11,9.2,0.0,6088.0,10.85,8.0
NIBLSTF,3/7/2026,9.11,9.2,9.11,9.2,0.0,6088.0,10.85,8.0
NIBLSTF,3/8/2026,9.11,9.2,9.11,9.2,0.0,6088.0,10.85,8.0
NIBLSTF,3/9/2026,9.38,9.38,9.38,9.38,1.96,100.0,10.85,8.0
NIBLSTF,3/10/2026,9.56,9.56,9.12,9.36,-0.21,6600.0,10.85,8.0
NIBLSTF,3/11/2026,9.54,9.54,9.2,9.47,1.18,16720.0,10.85,8.0
NIBLSTF,3/12/2026,9.65,9.79,9.35,9.6,1.37,213600.0,10.85,8.0
NIBLSTF,3/13/2026,9.65,9.79,9.35,9.6,0.0,213600.0,10.85,8.0
NIBLSTF,3/14/2026,9.65,9.79,9.35,9.6,0.0,213600.0,10.85,8.0
NIBLSTF,3/15/2026,9.5,9.87,9.29,9.32,-2.92,15010.0,10.85,8.0
NIBLSTF,3/16/2026,9.5,9.5,9.22,9.22,-1.07,3900.0,10.85,8.0
NIBLSTF,3/17/2026,9.4,9.4,9.25,9.35,1.41,13450.0,10.85,8.0
NIBLSTF,3/18/2026,9.4,9.4,9.25,9.35,0.0,13450.0,10.85,8.0
NIBLSTF,3/19/2026,9.3,9.55,9.21,9.49,1.5,17620.0,10.85,8.0
NIBLSTF,3/20/2026,9.3,9.55,9.21,9.49,0.0,17620.0,10.85,8.0
NIBLSTF,3/21/2026,9.3,9.55,9.21,9.49,0.0,17620.0,10.85,8.0
NIBLSTF,3/22/2026,9.4,9.66,9.4,9.6,1.16,45400.0,10.85,8.0
NIBLSTF,3/23/2026,9.41,9.55,8.87,9.55,-0.52,81830.0,10.85,8.0
NIBLSTF,3/24/2026,9.37,9.82,9.37,9.7,1.57,30060.0,10.85,8.0
NIBLSTF,3/25/2026,9.52,9.87,9.4,9.87,1.75,43890.0,10.85,8.0
NIBLSTF,3/26/2026,10.01,10.85,9.42,9.7,-3.1,146973.0,10.85,8.0
NIBLSTF,3/29/2026,9.7,9.88,9.42,9.6,-1.03,43450.0,10.85,8.0
NIBLSTF,3/30/2026,9.41,9.5,9.3,9.41,0.0,30230.0,10.85,8.0
NIBLSTF,3/31/2026,9.5,9.59,9.29,9.31,-2.0,33932.0,10.85,8.0
NIBLSTF,4/1/2026,9.2,9.67,9.2,9.34,1.52,33283.0,10.85,8.0
NIBLSTF,4/2/2026,9.32,9.33,9.32,9.33,0.11,5330.0,10.85,8.0
NIBLSTF,4/5/2026,9.32,9.32,9.16,9.16,-1.72,11000.0,10.85,8.0
NIBLSTF,4/6/2026,8.98,9.34,8.98,9.24,2.9,5100.0,10.85,8.0
NIBLSTF,4/7/2026,9.2,9.38,9.2,9.3,1.09,7300.0,10.85,8.0
NIBLSTF,4/8/2026,9.12,9.34,9.12,9.3,1.97,1700.0,10.85,8.0
NIBLSTF,4/9/2026,9.12,9.38,8.94,9.25,1.43,48927.0,10.85,8.0
NIBLSTF,4/10/2026,9.25,9.43,9.1,9.28,0.32,11250.0,10.85,8.0
NIBLSTF,4/13/2026,9.28,9.35,9.28,9.29,0.11,3800.0,10.85,8.0
NIBLSTF,4/15/2026,9.28,9.3,9.15,9.29,0.11,42900.0,10.85,8.0
NIBLSTF,4/16/2026,9.15,9.35,9.15,9.23,0.87,13100.0,10.85,8.0
NIBLSTF,4/17/2026,9.14,9.27,9.14,9.27,1.42,9210.0,10.85,8.0
NIBLSTF,4/20/2026,9.14,9.38,9.14,9.22,0.88,13907.0,10.85,8.0
NIBLSTF,4/21/2026,9.14,9.37,8.96,9.21,0.77,23550.0,10.85,8.0
NIBLSTF,4/22/2026,9.21,9.3,9.05,9.09,-1.3,4150.0,10.85,8.0
NIBLSTF,4/23/2026,9.06,9.25,9.0,9.25,2.1,11110.0,10.85,8.0
NIBLSTF,4/24/2026,9.25,9.25,9.25,9.25,0.0,2600.0,10.85,8.0
NIBLSTF,4/27/2026,9.25,9.2,9.01,9.2,-0.54,1800.0,10.85,8.0
NIBLSTF,4/28/2026,9.2,9.2,9.01,9.02,-1.96,20089.0,10.85,8.0
NIBLSTF,4/29/2026,9.02,9.3,8.95,9.05,0.33,21300.0,10.85,8.0
NIBLSTF,4/30/2026,8.96,9.0,8.96,9.0,0.45,41095.0,10.85,8.0
NIBLSTF,5/4/2026,9.0,9.44,8.8,9.0,0.0,152373.0,10.85,8.0
NIBLSTF,5/5/2026,8.86,9.57,8.67,9.07,2.37,24250.0,10.85,8.0
NIBLSTF,5/6/2026,8.88,9.39,8.88,9.37,5.52,37121.0,10.85,8.0
NIBLSTF,5/7/2026,9.37,9.6,9.09,9.39,0.21,4100.0,10.85,8.0
NIBLSTF,5/8/2026,8.93,9.64,8.93,9.49,6.27,13900.0,10.85,8.0
NIBLSTF,5/11/2026,9.47,9.66,9.3,9.6,1.37,6800.0,10.85,8.0
NIBLSTF,5/12/2026,9.32,9.4,9.29,9.29,-0.32,2900.0,10.85,8.0
NIBLSTF,5/13/2026,9.29,9.76,9.1,9.1,-2.05,2013.0,10.85,8.0
NIBLSTF,5/14/2026,9.04,9.59,9.04,9.43,4.31,2820.0,10.85,8.0
NIBLSTF,5/15/2026,9.75,9.75,9.18,9.42,-3.38,2343.0,10.85,8.0
NIBLSTF,5/18/2026,9.65,9.65,9.14,9.15,-5.18,1100.0,10.85,8.0
NIBLSTF,5/19/2026,9.0,9.34,9.0,9.34,3.78,1500.0,10.85,8.0
NIBLSTF,5/20/2026,9.35,9.35,9.08,9.33,-0.21,1700.0,10.85,8.0
NIBLSTF,5/21/2026,9.06,9.33,9.0,9.31,2.76,1400.0,10.85,8.0
NIBLSTF,5/22/2026,9.34,9.34,9.1,9.29,-0.54,10800.0,10.85,8.0
NIBLSTF,5/25/2026,9.13,9.35,9.13,9.32,2.08,2780.0,10.85,8.0
NIBLSTF,5/26/2026,9.0,9.34,9.0,9.34,3.78,2150.0,10.85,8.0
NIBLSTF,5/27/2026,9.16,9.34,9.16,9.33,1.86,3810.0,10.85,8.0
NIBLSTF,6/1/2026,9.13,9.34,9.13,9.34,2.3,4600.0,10.85,8.0
NIBLSTF,6/2/2026,9.35,9.35,9.12,9.13,-2.35,5830.0,10.85,8.0
NIBLSTF,6/3/2026,9.4,9.4,8.9,9.1,-3.19,23615.0,10.85,8.0
NIBLSTF,6/4/2026,9.2,9.2,9.01,9.18,-0.22,11450.0,10.85,8.0
NIBLSTF,6/5/2026,9.2,9.2,9.0,9.2,0.0,18350.0,10.85,8.0
NIBLSTF,6/8/2026,9.2,9.42,8.91,9.42,2.39,52350.0,10.85,8.0
NIBLSTF,6/9/2026,9.38,9.38,9.0,9.28,-1.07,19195.0,10.85,8.0
NIBLSTF,6/10/2026,9.28,9.52,8.99,9.36,0.86,13400.0,10.85,8.0
NIBLSTF,6/11/2026,9.08,9.39,9.08,9.11,0.33,11180.0,10.85,8.0
NIBLSTF,6/12/2026,9.56,9.56,9.03,9.4,-1.67,3050.0,10.85,8.0
NIBLSTF,6/15/2026,9.2,9.39,8.93,9.35,1.63,4700.0,10.85,8.0
NIBLSTF,6/16/2026,9.8,9.8,8.99,9.4,-4.08,4610.0,10.85,8.0
NIBLSTF,6/17/2026,9.25,9.4,9.04,9.35,1.08,4420.0,10.85,8.0
NIBLSTF,6/18/2026,9.35,9.5,9.07,9.33,-0.21,9160.0,10.85,8.0
NIBLSTF,6/19/2026,9.3,9.46,9.1,9.12,-1.94,7070.0,10.85,8.0
NIBLSTF,6/22/2026,9.39,9.42,8.85,8.95,-4.69,1200.0,10.85,8.0
NIBLSTF,6/23/2026,9.0,9.37,8.76,9.29,3.22,16403.0,10.85,8.0
NIBLSTF,6/24/2026,9.5,9.5,9.05,9.25,-2.63,1223.0,10.85,8.0
NIBLSTF,6/26/2026,9.5,9.5,8.79,9.3,-2.11,13100.0,10.85,8.0
NIBLSTF,6/29/2026,9.03,9.51,8.77,9.3,2.99,7807.0,10.85,8.0
NIBLSTF,6/30/2026,8.89,9.31,8.89,9.31,4.72,1200.0,10.85,8.0
NIBLSTF,7/1/2026,9.05,9.3,9.04,9.08,0.33,2900.0,10.85,8.0
NIBLSTF,7/2/2026,9.22,9.24,8.97,9.01,-2.28,1000.0,10.85,8.0
NIBLSTF,7/3/2026,9.12,9.3,8.91,9.3,1.97,10180.0,10.85,8.0
NIBLSTF,7/6/2026,9.5,9.5,8.43,8.6,-9.47,3700.0,10.85,8.0
NIBLSTF,7/7/2026,8.61,9.36,8.61,9.07,5.34,12750.0,10.85,8.0
NIBLSTF,7/8/2026,9.34,9.34,8.91,8.91,-4.6,9100.0,10.85,8.0
NIBLSTF,7/9/2026,9.17,9.3,8.9,9.17,0.0,2350.0,10.85,8.0
NIBLSTF,7/10/2026,9.5,9.5,8.47,8.47,-10.84,120850.0,10.85,8.0
NIBLSTF,7/13/2026,8.72,9.11,8.15,8.42,-3.44,151627.0,10.85,8.0
NIBLSTF,7/14/2026,8.67,9.07,8.6,9.07,4.61,28000.0,10.85,8.0
NIBLSTF,7/15/2026,8.9,8.9,8.5,8.5,-4.49,93040.0,10.85,8.0
NIBLSTF,7/16/2026,8.92,9.45,8.3,9.04,1.35,36531.0,10.85,8.0
NIBLSTF,7/17/2026,8.8,9.18,8.54,9.18,4.32,24400.0,10.85,8.0
NIBLSTF,7/20/2026,8.91,9.16,8.9,8.91,0.0,59800.0,10.85,8.0
NIBLSTF,7/21/2026,8.66,8.91,8.66,8.67,0.12,1500.0,10.85,8.0
NIBLSTF,7/22/2026,8.7,8.8,8.56,8.6,-1.15,11900.0,10.85,8.0
NIBLSTF,7/23/2026,8.6,8.85,8.6,8.85,2.91,6740.0,10.85,8.0
NIBLSTF,7/24/2026,8.85,8.85,8.64,8.8,-0.56,3286.0,10.85,8.0
NIBLSTF,7/27/2026,8.8,8.8,8.7,8.8,0.0,10400.0,10.85,8.0
NIBLSTF,7/28/2026,8.7,8.9,8.66,8.8,1.15,1000.0,10.85,8.0
NIBLSTF,7/29/2026,8.66,8.99,8.61,8.99,3.81,2627.0,10.85,8.0
NIBLSTF,7/30/2026,8.73,8.77,8.52,8.77,0.46,1201.0,10.85,8.0
NIBLSTF,7/31/2026,8.89,8.89,8.62,8.62,-3.04,4373.0,10.85,8.0
NIBLSTF,8/3/2026,8.41,9.13,8.22,8.7,3.45,63800.0,10.85,8.0
NIBLSTF,8/4/2026,8.6,8.81,8.4,8.81,2.44,8480.0,10.85,8.0
NIBLSTF,8/5/2026,8.55,8.55,8.51,8.55,0.0,690.0,10.85,8.0
NIBLSTF,8/6/2026,8.3,8.79,8.3,8.79,5.9,17927.0,10.85,8.0
NIBLSTF,8/7/2026,8.6,8.8,8.53,8.79,2.21,6700.0,10.85,8.0
NIBLSTF,8/10/2026,8.55,8.55,8.5,8.54,-0.12,2610.0,10.85,8.0
NIBLSTF,8/11/2026,8.54,8.8,8.54,8.59,0.59,1200.0,10.85,8.0
NIBLSTF,8/12/2026,8.5,8.75,8.5,8.55,0.59,8722.0,10.85,8.0
NIBLSTF,8/13/2026,8.56,8.59,8.56,8.56,0.0,650.0,10.85,8.0
NIBLSTF,8/14/2026,8.81,8.98,8.57,8.57,-2.72,118351.0,10.85,8.0
NIBLSTF,8/17/2026,8.58,8.65,8.4,8.43,-1.75,17974.0,10.85,8.0
NIBLSTF,8/18/2026,8.25,8.62,8.25,8.38,1.58,930.0,10.85,8.0
NIBLSTF,8/19/2026,8.38,8.64,8.38,8.41,0.36,1500.0,10.85,8.0
NIBLSTF,8/20/2026,8.31,8.41,8.31,8.38,0.84,6650.0,10.85,8.0
NIBLSTF,8/21/2026,8.5,8.5,8.25,8.33,-2.0,4737.0,10.85,8.0
NIBLSTF,8/24/2026,8.16,8.47,8.16,8.47,3.8,6900.0,10.85,8.0
NIBLSTF,8/25/2026,8.24,8.41,8.24,8.41,2.06,710.0,10.85,8.0
NIBLSTF,8/27/2026,8.41,8.41,8.41,8.41,0.0,5650.0,10.85,8.0
NIBLSTF,8/31/2026,8.16,8.18,8.16,8.18,0.25,400.0,10.85,8.0
NIBLSTF,9/1/2026,8.0,8.42,8.0,8.17,2.12,2050.0,10.85,8.0
NIBLSTF,9/2/2026,8.03,8.22,8.03,8.22,2.37,1300.0,10.85,8.0
NIBLSTF,9/3/2026,8.01,8.3,8.01,8.3,3.62,450.0,10.85,8.0
NIBLSTF,9/7/2026,8.1,8.34,8.1,8.34,2.96,3730.0,10.85,8.0
NIBLSTF,9/9/2026,8.34,8.34,8.15,8.25,-1.08,1140.0,10.85,8.0
NIBLSTF,9/10/2026,8.17,8.25,8.16,8.17,0.0,31300.0,10.85,8.0
NIBLSTF,9/11/2026,8.26,8.4,8.16,8.4,1.69,449711.0,10.85,8.0
NIBLSTF,9/14/2026,8.4,8.5,8.3,8.5,1.19,1650.0,10.85,8.0
NIBLSTF,9/15/2026,8.25,8.36,8.18,8.36,1.33,1470.0,10.85,8.0
NIBLSTF,9/16/2026,8.32,8.5,8.15,8.3,-0.24,208732.0,10.85,8.0
NIBLSTF,9/17/2026,8.33,8.5,8.33,8.4,0.84,21690.0,10.85,8.0
NIBLSTF,9/18/2026,8.21,8.5,8.21,8.36,1.83,20760.0,10.85,8.0
NIBLSTF,9/22/2026,8.6,8.6,8.3,8.33,-3.14,19400.0,10.85,8.0
NIBLSTF,9/23/2026,8.33,8.4,8.26,8.3,-0.36,12600.0,10.85,8.0
NIBLSTF,9/24/2026,8.31,8.45,8.31,8.45,1.68,44970.0,10.85,8.0
NIBLSTF,9/28/2026,8.7,8.7,8.41,8.41,-3.33,51350.0,10.85,8.0
NIBLSTF,9/29/2026,8.41,8.45,8.41,0.0,-100.0,28250.0,10.85,8.0
NIBLSTF,9/30/2026,8.41,8.64,8.41,8.63,2.62,67400.0,10.85,8.0
NIBLSTF,10/1/2026,8.41,8.5,8.41,8.46,0.59,17560.0,10.85,8.0
NIBLSTF,10/2/2026,8.42,8.5,8.33,8.33,-1.07,230151.0,10.85,8.0
NIBSF2,1/26/2026,8.78,9.0,8.78,8.93,,91850.0,11.13,8.1
NIBSF2,1/27/2026,8.85,9.42,8.85,9.1,1.9,103920.0,11.13,8.1
NIBSF2,1/28/2026,9.2,9.3,9.08,9.23,1.43,187531.0,11.13,8.1
NIBSF2,1/29/2026,9.05,9.59,9.05,9.4,1.84,123910.0,11.13,8.1
NIBSF2,2/1/2026,9.22,9.4,9.11,9.11,-3.09,8825.0,11.13,8.1
NIBSF2,2/2/2026,8.95,9.18,8.95,9.18,0.77,2860.0,11.13,8.1
NIBSF2,2/3/2026,9.36,9.54,9.02,9.54,3.92,68214.0,11.13,8.1
NIBSF2,2/4/2026,9.73,9.73,9.05,9.33,-2.2,10900.0,11.13,8.1
NIBSF2,2/5/2026,9.51,9.8,8.95,9.8,5.04,129092.0,11.13,8.1
NIBSF2,2/8/2026,9.61,9.8,9.25,9.25,-5.61,25400.0,11.13,8.1
NIBSF2,2/9/2026,9.1,9.29,9.07,9.29,0.43,2150.0,11.13,8.1
NIBSF2,2/10/2026,9.29,9.31,9.13,9.31,0.22,2000.0,11.13,8.1
NIBSF2,2/11/2026,9.13,9.31,9.02,9.15,-1.72,5240.0,11.13,8.1
NIBSF2,2/12/2026,9.2,9.3,9.12,9.15,0.0,10315.0,11.13,8.1
NIBSF2,2/16/2026,9.02,9.17,9.02,9.08,-0.77,4470.0,11.13,8.1
NIBSF2,2/17/2026,8.91,9.26,8.17,9.26,1.98,40600.0,11.13,8.1
NIBSF2,2/22/2026,9.26,9.57,9.23,9.57,3.35,27455.0,11.13,8.1
NIBSF2,2/23/2026,9.74,10.52,9.02,9.11,-4.81,43330.0,11.13,8.1
NIBSF2,2/24/2026,9.02,9.2,9.02,9.03,-0.88,4400.0,11.13,8.1
NIBSF2,2/25/2026,8.85,9.21,8.85,9.03,0.0,4360.0,11.13,8.1
NIBSF2,2/26/2026,9.0,9.21,9.0,9.04,0.11,3650.0,11.13,8.1
NIBSF2,2/27/2026,9.0,9.21,9.0,9.04,0.0,3650.0,11.13,8.1
NIBSF2,2/28/2026,9.0,9.21,9.0,9.04,0.0,3650.0,11.13,8.1
NIBSF2,3/2/2026,8.94,9.22,8.91,9.22,1.99,9390.0,11.13,8.1
NIBSF2,3/3/2026,9.05,9.25,9.05,9.11,-1.19,2500.0,11.13,8.1
NIBSF2,3/4/2026,9.05,9.25,9.05,9.11,0.0,2500.0,11.13,8.1
NIBSF2,3/5/2026,9.05,9.25,9.05,9.11,0.0,2500.0,11.13,8.1
NIBSF2,3/6/2026,9.05,9.25,9.05,9.11,0.0,2500.0,11.13,8.1
NIBSF2,3/7/2026,9.05,9.25,9.05,9.11,0.0,2500.0,11.13,8.1
NIBSF2,3/8/2026,9.05,9.25,9.05,9.11,0.0,2500.0,11.13,8.1
NIBSF2,3/10/2026,9.11,9.2,9.1,9.12,0.11,25000.0,11.13,8.1
NIBSF2,3/11/2026,9.12,9.82,9.02,9.5,4.17,184258.0,11.13,8.1
NIBSF2,3/12/2026,9.35,9.5,9.35,9.36,-1.47,15431.0,11.13,8.1
NIBSF2,3/13/2026,9.35,9.5,9.35,9.36,0.0,15431.0,11.13,8.1
NIBSF2,3/14/2026,9.35,9.5,9.35,9.36,0.0,15431.0,11.13,8.1
NIBSF2,3/15/2026,9.19,9.4,9.19,9.32,-0.43,15335.0,11.13,8.1
NIBSF2,3/16/2026,9.5,9.5,9.22,9.38,0.64,20304.0,11.13,8.1
NIBSF2,3/17/2026,9.56,9.56,9.3,9.37,-0.11,15281.0,11.13,8.1
NIBSF2,3/18/2026,9.56,9.56,9.3,9.37,0.0,15281.0,11.13,8.1
NIBSF2,3/19/2026,9.54,9.54,9.3,9.48,1.17,13550.0,11.13,8.1
NIBSF2,3/20/2026,9.54,9.54,9.3,9.48,0.0,13550.0,11.13,8.1
NIBSF2,3/21/2026,9.54,9.54,9.3,9.48,0.0,13550.0,11.13,8.1
NIBSF2,3/22/2026,9.48,9.74,9.45,9.74,2.74,135248.0,11.13,8.1
NIBSF2,3/23/2026,9.74,9.8,9.6,9.65,-0.92,69830.0,11.13,8.1
NIBSF2,3/24/2026,9.46,9.8,9.46,9.8,1.55,34060.0,11.13,8.1
NIBSF2,3/25/2026,9.65,9.8,9.65,9.8,0.0,11967.0,11.13,8.1
NIBSF2,3/26/2026,9.66,9.8,9.52,9.55,-1.14,16035.0,11.13,8.1
NIBSF2,3/29/2026,9.37,9.55,9.37,9.55,1.92,6150.0,11.13,8.1
NIBSF2,3/30/2026,9.5,9.51,9.5,9.51,0.11,10400.0,11.13,8.1
NIBSF2,3/31/2026,9.32,9.4,9.32,9.35,0.32,5000.0,11.13,8.1
NIBSF2,4/1/2026,9.25,9.35,9.21,9.22,-0.32,49279.0,11.13,8.1
NIBSF2,4/2/2026,9.06,9.58,8.29,9.58,5.74,73495.0,11.13,8.1
NIBSF2,4/5/2026,9.7,9.7,9.32,9.5,-2.06,9400.0,11.13,8.1
NIBSF2,4/6/2026,9.55,10.12,9.36,10.12,5.97,106299.0,11.13,8.1
NIBSF2,4/7/2026,10.12,11.13,9.7,9.81,-3.06,171300.0,11.13,8.1
NIBSF2,4/8/2026,9.85,9.85,9.66,9.72,-1.32,15380.0,11.13,8.1
NIBSF2,4/9/2026,9.53,9.6,9.4,9.5,-0.31,20100.0,11.13,8.1
NIBSF2,4/10/2026,9.41,9.59,9.41,9.47,0.64,7100.0,11.13,8.1
NIBSF2,4/13/2026,9.41,9.53,9.34,9.45,0.43,6731.0,11.13,8.1
NIBSF2,4/15/2026,9.29,9.47,9.29,9.45,1.72,27261.0,11.13,8.1
NIBSF2,4/16/2026,9.45,9.45,9.28,9.28,-1.8,11094.0,11.13,8.1
NIBSF2,4/17/2026,9.18,9.36,9.18,9.36,1.96,6702.0,11.13,8.1
NIBSF2,4/20/2026,9.09,9.35,9.09,9.35,2.86,2800.0,11.13,8.1
NIBSF2,4/21/2026,9.08,9.63,9.08,9.5,4.63,16420.0,11.13,8.1
NIBSF2,4/22/2026,9.23,9.6,9.23,9.32,0.98,12300.0,11.13,8.1
NIBSF2,4/23/2026,9.2,9.35,9.2,9.35,1.63,5367.0,11.13,8.1
NIBSF2,4/24/2026,9.35,9.27,9.26,9.27,-0.86,700.0,11.13,8.1
NIBSF2,4/27/2026,9.27,9.39,9.0,9.38,1.19,7150.0,11.13,8.1
NIBSF2,4/28/2026,9.38,9.5,9.16,9.5,1.28,5810.0,11.13,8.1
NIBSF2,4/29/2026,9.5,9.5,8.98,9.5,0.0,5150.0,11.13,8.1
NIBSF2,4/30/2026,9.23,9.5,9.23,9.27,0.43,13409.0,11.13,8.1
NIBSF2,5/4/2026,9.02,9.2,9.02,9.12,1.11,3050.0,11.13,8.1
NIBSF2,5/5/2026,9.03,9.52,9.03,9.15,1.33,2780.0,11.13,8.1
NIBSF2,5/6/2026,9.3,9.4,9.06,9.3,0.0,9810.0,11.13,8.1
NIBSF2,5/7/2026,9.2,9.31,9.15,9.15,-0.54,10900.0,11.13,8.1
NIBSF2,5/8/2026,9.15,9.43,9.15,9.22,0.77,28360.0,11.13,8.1
NIBSF2,5/11/2026,9.03,9.3,9.03,9.16,1.44,2700.0,11.13,8.1
NIBSF2,5/12/2026,9.16,9.48,9.1,9.48,3.49,2600.0,11.13,8.1
NIBSF2,5/13/2026,9.4,9.47,9.21,9.47,0.74,2200.0,11.13,8.1
NIBSF2,5/14/2026,9.22,9.39,9.22,9.3,0.87,4629.0,11.13,8.1
NIBSF2,5/15/2026,9.3,9.3,9.1,9.2,-1.08,2200.0,11.13,8.1
NIBSF2,5/18/2026,9.1,9.5,9.0,9.5,4.4,15397.0,11.13,8.1
NIBSF2,5/19/2026,9.23,9.26,9.23,9.25,0.22,2300.0,11.13,8.1
NIBSF2,5/20/2026,9.14,9.68,9.14,9.55,4.49,7000.0,11.13,8.1
NIBSF2,5/21/2026,9.27,9.5,9.27,9.29,0.22,4300.0,11.13,8.1
NIBSF2,5/22/2026,9.29,9.4,9.21,9.35,0.65,3300.0,11.13,8.1
NIBSF2,5/25/2026,9.14,9.41,9.14,9.25,1.2,4710.0,11.13,8.1
NIBSF2,5/26/2026,9.15,9.48,9.15,9.46,3.39,6920.0,11.13,8.1
NIBSF2,5/27/2026,9.19,9.6,9.19,9.58,4.24,5950.0,11.13,8.1
NIBSF2,6/1/2026,9.31,9.32,9.04,9.04,-2.9,10400.0,11.13,8.1
NIBSF2,6/2/2026,9.09,9.21,9.09,9.2,1.21,1800.0,11.13,8.1
NIBSF2,6/3/2026,9.0,9.57,9.0,9.3,3.33,15150.0,11.13,8.1
NIBSF2,6/4/2026,9.15,9.57,9.15,9.32,1.86,11300.0,11.13,8.1
NIBSF2,6/5/2026,9.2,9.3,9.15,9.22,0.22,2200.0,11.13,8.1
NIBSF2,6/8/2026,9.0,9.28,9.0,9.28,3.11,21953.0,11.13,8.1
NIBSF2,6/9/2026,9.14,9.2,9.14,9.2,0.66,3937.0,11.13,8.1
NIBSF2,6/10/2026,9.05,9.41,9.05,9.24,2.1,5100.0,11.13,8.1
NIBSF2,6/11/2026,9.1,9.25,9.0,9.25,1.65,5200.0,11.13,8.1
NIBSF2,6/12/2026,9.01,9.03,9.01,9.03,0.22,1500.0,11.13,8.1
NIBSF2,6/15/2026,9.02,9.15,9.02,9.12,1.11,5300.0,11.13,8.1
NIBSF2,6/16/2026,8.99,9.26,8.99,9.1,1.22,11350.0,11.13,8.1
NIBSF2,6/17/2026,8.99,9.2,8.99,9.06,0.78,37150.0,11.13,8.1
NIBSF2,6/18/2026,9.03,9.1,9.03,9.1,0.78,4800.0,11.13,8.1
NIBSF2,6/19/2026,9.1,9.27,8.85,9.27,1.87,14600.0,11.13,8.1
NIBSF2,6/22/2026,9.0,9.52,9.0,9.52,5.78,3823.0,11.13,8.1
NIBSF2,6/23/2026,9.25,9.39,9.25,9.35,1.08,29250.0,11.13,8.1
NIBSF2,6/24/2026,9.07,9.25,9.07,9.08,0.11,800.0,11.13,8.1
NIBSF2,6/26/2026,9.01,9.1,8.76,9.0,-0.11,42291.0,11.13,8.1
NIBSF2,6/29/2026,9.01,9.06,8.73,9.06,0.55,10600.0,11.13,8.1
NIBSF2,6/30/2026,9.0,9.2,9.0,9.2,2.22,7900.0,11.13,8.1
NIBSF2,7/1/2026,9.0,9.15,9.0,9.02,0.22,1500.0,11.13,8.1
NIBSF2,7/2/2026,9.02,9.1,9.02,9.1,0.89,400.0,11.13,8.1
NIBSF2,7/3/2026,9.1,9.1,8.86,9.1,0.0,2813.0,11.13,8.1
NIBSF2,7/6/2026,8.91,9.1,8.65,9.02,1.23,9950.0,11.13,8.1
NIBSF2,7/7/2026,8.8,9.1,8.8,8.98,2.05,14314.0,11.13,8.1
NIBSF2,7/9/2026,8.75,9.1,8.73,9.1,4.0,4999.0,11.13,8.1
NIBSF2,7/10/2026,8.87,8.87,8.83,8.86,-0.11,20300.0,11.13,8.1
NIBSF2,7/13/2026,8.86,8.97,8.45,8.46,-4.51,3702321.0,11.13,8.1
NIBSF2,7/14/2026,8.71,8.8,8.51,8.7,-0.11,37595.0,11.13,8.1
NIBSF2,7/15/2026,8.9,9.1,8.74,9.1,2.25,39455.0,11.13,8.1
NIBSF2,7/16/2026,8.85,9.1,8.59,9.1,2.82,72200.0,11.13,8.1
NIBSF2,7/17/2026,8.84,8.85,8.84,8.85,0.11,3920.0,11.13,8.1
NIBSF2,7/20/2026,8.7,9.0,8.7,9.0,3.45,13750.0,11.13,8.1
NIBSF2,7/21/2026,8.73,9.0,8.73,9.0,3.09,23000.0,11.13,8.1
NIBSF2,7/22/2026,8.81,9.05,8.81,8.82,0.11,21918.0,11.13,8.1
NIBSF2,7/23/2026,8.57,8.9,8.57,8.89,3.73,2826.0,11.13,8.1
NIBSF2,7/24/2026,8.7,8.95,8.69,8.85,1.72,13030.0,11.13,8.1
NIBSF2,7/27/2026,9.1,9.1,8.57,8.87,-2.53,4820.0,11.13,8.1
NIBSF2,7/28/2026,8.8,8.99,8.8,8.99,2.16,10650.0,11.13,8.1
NIBSF2,7/29/2026,8.75,9.05,8.75,8.75,0.0,9500.0,11.13,8.1
NIBSF2,7/30/2026,8.55,8.8,8.54,8.8,2.92,10800.0,11.13,8.1
NIBSF2,7/31/2026,9.0,9.0,8.8,8.8,-2.22,8910.0,11.13,8.1
NIBSF2,8/3/2026,8.8,8.9,8.56,8.81,0.11,2910.0,11.13,8.1
NIBSF2,8/4/2026,9.07,9.07,8.67,8.67,-4.41,5910.0,11.13,8.1
NIBSF2,8/5/2026,8.78,8.78,8.45,8.65,-1.48,5440.0,11.13,8.1
NIBSF2,8/6/2026,8.6,9.0,8.6,9.0,4.65,52174.0,11.13,8.1
NIBSF2,8/7/2026,8.74,8.76,8.74,8.76,0.23,600.0,11.13,8.1
NIBSF2,8/10/2026,8.8,8.87,8.8,8.87,0.8,17400.0,11.13,8.1
NIBSF2,8/11/2026,8.79,8.87,8.79,8.87,0.91,4100.0,11.13,8.1
NIBSF2,8/12/2026,8.87,8.87,8.82,8.83,-0.45,800.0,11.13,8.1
NIBSF2,8/13/2026,8.8,8.98,8.8,8.85,0.57,1898.0,11.13,8.1
NIBSF2,8/14/2026,9.05,9.05,8.8,9.0,-0.55,1290.0,11.13,8.1
NIBSF2,8/17/2026,8.79,8.82,8.79,8.82,0.34,500.0,11.13,8.1
NIBSF2,8/18/2026,8.8,8.89,8.8,8.8,0.0,14350.0,11.13,8.1
NIBSF2,8/19/2026,8.79,8.8,8.79,8.8,0.11,950.0,11.13,8.1
NIBSF2,8/20/2026,8.79,8.79,8.58,8.58,-2.39,15300.0,11.13,8.1
NIBSF2,8/21/2026,8.58,8.6,8.55,8.57,-0.12,950.0,11.13,8.1
NIBSF2,8/24/2026,8.5,8.5,8.37,8.38,-1.41,47150.0,11.13,8.1
NIBSF2,8/25/2026,8.15,8.6,8.15,8.53,4.66,3639.0,11.13,8.1
NIBSF2,8/26/2026,8.4,8.5,8.4,8.5,1.19,800.0,11.13,8.1
NIBSF2,8/27/2026,8.5,8.5,8.5,8.5,0.0,200.0,11.13,8.1
NIBSF2,8/31/2026,8.41,8.6,8.41,8.5,1.07,2980.0,11.13,8.1
NIBSF2,9/1/2026,8.25,8.49,8.25,8.49,2.91,1400.0,11.13,8.1
NIBSF2,9/2/2026,8.3,8.5,8.29,8.33,0.36,24500.0,11.13,8.1
NIBSF2,9/3/2026,8.35,8.4,8.35,8.35,0.0,600.0,11.13,8.1
NIBSF2,9/7/2026,8.2,8.3,8.16,8.3,1.22,203610.0,11.13,8.1
NIBSF2,9/9/2026,8.2,8.4,8.2,8.29,1.1,52700.0,11.13,8.1
NIBSF2,9/10/2026,8.29,8.46,8.28,8.46,2.05,7520.0,11.13,8.1
NIBSF2,9/11/2026,8.4,8.4,8.4,8.4,0.0,100.0,11.13,8.1
NIBSF2,9/14/2026,8.4,8.5,8.4,8.5,1.19,1150.0,11.13,8.1
NIBSF2,9/15/2026,8.41,8.66,8.41,8.66,2.97,12025.0,11.13,8.1
NIBSF2,9/16/2026,8.8,8.84,8.62,8.62,-2.05,27310.0,11.13,8.1
NIBSF2,9/17/2026,8.61,8.86,8.61,8.61,0.0,14710.0,11.13,8.1
NIBSF2,9/18/2026,8.61,8.65,8.46,8.54,-0.81,17390.0,11.13,8.1
NIBSF2,9/22/2026,8.52,8.52,8.5,8.52,0.0,6400.0,11.13,8.1
NIBSF2,9/23/2026,8.32,8.52,8.32,8.52,2.4,2160.0,11.13,8.1
NIBSF2,9/24/2026,8.75,8.75,8.54,8.74,-0.11,7686.0,11.13,8.1
NIBSF2,9/28/2026,8.71,8.74,8.71,8.74,0.34,20100.0,11.13,8.1
NIBSF2,9/29/2026,8.54,8.6,8.54,0.0,-100.0,11616.0,11.13,8.1
NIBSF2,9/30/2026,8.5,8.7,8.5,8.57,0.82,27010.0,11.13,8.1
NIBSF2,10/1/2026,8.63,8.63,8.63,8.63,0.0,100.0,11.13,8.1
NIBSF2,10/2/2026,9.06,9.06,8.62,8.62,-4.86,20899.0,11.13,8.1
NICA,7/29/2013,700.0,714.0,700.0,713.0,,12604.0,411.0,302.9
NICA,7/30/2013,713.0,739.0,710.0,733.0,2.81,11888.0,411.0,302.9
NICA,7/31/2013,733.0,743.0,720.0,732.0,-0.14,16045.0,411.0,302.9
NICA,8/1/2013,732.0,746.0,722.0,726.0,-0.82,16832.0,411.0,302.9
NICA,8/4/2013,726.0,730.0,710.0,710.0,-2.2,13593.0,411.0,302.9
NICA,8/5/2013,710.0,710.0,690.0,702.0,-1.13,10674.0,411.0,302.9
NICA,8/6/2013,702.0,707.0,662.0,700.0,-0.28,10700.0,411.0,302.9
NICA,8/7/2013,700.0,707.0,686.0,690.0,-1.43,9805.0,411.0,302.9
NICA,8/8/2013,690.0,690.0,670.0,670.0,-2.9,21368.0,411.0,302.9
NICA,8/11/2013,670.0,670.0,660.0,663.0,-1.04,6558.0,411.0,302.9
NICA,8/12/2013,663.0,664.0,655.0,657.0,-0.9,5132.0,411.0,302.9
NICA,8/13/2013,657.0,665.0,650.0,658.0,0.15,4580.0,411.0,302.9
NICA,8/14/2013,658.0,655.0,628.0,628.0,-4.56,10225.0,411.0,302.9
NICA,8/15/2013,628.0,628.0,604.0,614.0,-2.23,10293.0,411.0,302.9
NICA,8/18/2013,614.0,642.0,614.0,638.0,3.91,8933.0,411.0,302.9
NICA,8/19/2013,638.0,649.0,632.0,640.0,0.31,4023.0,411.0,302.9
NICA,8/20/2013,640.0,652.0,635.0,647.0,1.09,11568.0,411.0,302.9
NICA,8/25/2013,647.0,647.0,638.0,644.0,-0.46,6208.0,411.0,302.9
NICA,8/26/2013,644.0,645.0,628.0,631.0,-2.02,6237.0,411.0,302.9
NICA,8/27/2013,631.0,650.0,626.0,640.0,1.43,11433.0,411.0,302.9
NICA,8/29/2013,640.0,645.0,631.0,638.0,-0.31,23136.0,411.0,302.9
NICA,9/1/2013,638.0,638.0,630.0,635.0,-0.47,7678.0,411.0,302.9
NICA,9/2/2013,635.0,641.0,626.0,635.0,0.0,10758.0,411.0,302.9
NICA,9/3/2013,635.0,638.0,629.0,630.0,-0.79,20263.0,411.0,302.9
NICA,9/4/2013,630.0,642.0,622.0,625.0,-0.79,3978.0,411.0,302.9
NICA,9/5/2013,625.0,625.0,621.0,625.0,0.0,4271.0,411.0,302.9
NICA,9/8/2013,625.0,634.0,620.0,621.0,-0.64,21774.0,411.0,302.9
NICA,9/9/2013,621.0,634.0,620.0,633.0,1.93,8818.0,411.0,302.9
NICA,9/10/2013,633.0,638.0,620.0,620.0,-2.05,5479.0,411.0,302.9
NICA,9/11/2013,620.0,625.0,616.0,625.0,0.81,8212.0,411.0,302.9
NICA,9/12/2013,625.0,622.0,619.0,622.0,-0.48,1797.0,411.0,302.9
NICA,9/15/2013,622.0,623.0,618.0,618.0,-0.64,4941.0,411.0,302.9
NICA,9/16/2013,618.0,617.0,605.0,615.0,-0.49,3632.0,411.0,302.9
NICA,9/17/2013,615.0,614.0,608.0,611.0,-0.65,6735.0,411.0,302.9
NICA,9/19/2013,611.0,610.0,600.0,610.0,-0.16,5987.0,411.0,302.9
NICA,9/22/2013,598.0,598.0,587.0,594.0,-2.62,2361.0,411.0,302.9
NICA,9/23/2013,594.0,596.0,584.0,596.0,0.34,6184.0,411.0,302.9
NICA,9/24/2013,596.0,604.0,597.0,603.0,1.17,5223.0,411.0,302.9
NICA,9/25/2013,603.0,598.0,590.0,598.0,-0.83,3376.0,411.0,302.9
NICA,9/26/2013,598.0,605.0,593.0,594.0,-0.67,2222.0,411.0,302.9
NICA,9/29/2013,594.0,594.0,588.0,593.0,-0.17,5097.0,411.0,302.9
NICA,9/30/2013,593.0,590.0,581.0,584.0,-1.52,2382.0,411.0,302.9
NICA,10/1/2013,584.0,589.0,581.0,584.0,0.0,3171.0,411.0,302.9
NICA,10/2/2013,584.0,596.0,579.0,595.0,1.88,1017.0,411.0,302.9
NICA,10/3/2013,595.0,595.0,584.0,595.0,0.0,2064.0,411.0,302.9
NICA,10/6/2013,595.0,607.0,587.0,607.0,2.02,2617.0,411.0,302.9
NICA,10/7/2013,607.0,646.0,599.0,622.0,2.47,431.0,411.0,302.9
NICA,10/8/2013,622.0,617.0,605.0,615.0,-1.13,1616.0,411.0,302.9
NICA,10/9/2013,615.0,615.0,595.0,615.0,0.0,944.0,411.0,302.9
NICA,10/10/2013,615.0,620.0,603.0,620.0,0.81,2612.0,411.0,302.9
NICA,10/17/2013,620.0,647.0,620.0,635.0,2.42,2059.0,411.0,302.9
NICA,10/20/2013,635.0,663.0,635.0,660.0,3.94,7738.0,411.0,302.9
NICA,10/21/2013,660.0,693.0,652.0,666.0,0.91,9821.0,411.0,302.9
NICA,10/22/2013,666.0,665.0,645.0,645.0,-3.15,9367.0,411.0,302.9
NICA,10/23/2013,645.0,644.0,635.0,640.0,-0.78,3207.0,411.0,302.9
NICA,10/24/2013,640.0,641.0,630.0,638.0,-0.31,4392.0,411.0,302.9
NICA,10/27/2013,638.0,643.0,610.0,627.0,-1.72,20010.0,411.0,302.9
NICA,10/28/2013,627.0,621.0,613.0,620.0,-1.12,4234.0,411.0,302.9
NICA,10/29/2013,620.0,640.0,618.0,630.0,1.61,7580.0,411.0,302.9
NICA,10/30/2013,630.0,641.0,616.0,641.0,1.75,4278.0,411.0,302.9
NICA,10/31/2013,641.0,645.0,622.0,630.0,-1.72,13446.0,411.0,302.9
NICA,11/6/2013,630.0,627.0,615.0,627.0,-0.48,1100.0,411.0,302.9
NICA,11/7/2013,627.0,655.0,628.0,635.0,1.28,3833.0,411.0,302.9
NICA,11/10/2013,635.0,642.0,630.0,630.0,-0.79,5508.0,411.0,302.9
NICA,11/11/2013,630.0,654.0,627.0,654.0,3.81,5107.0,411.0,302.9
NICA,11/12/2013,654.0,685.0,650.0,655.0,0.15,6554.0,411.0,302.9
NICA,11/13/2013,655.0,667.0,636.0,645.0,-1.53,17494.0,411.0,302.9
NICA,11/14/2013,645.0,647.0,639.0,647.0,0.31,6439.0,411.0,302.9
NICA,11/21/2013,647.0,708.0,659.0,695.0,7.42,7277.0,411.0,302.9
NICA,11/24/2013,695.0,764.0,687.0,698.0,0.43,18544.0,411.0,302.9
NICA,11/25/2013,698.0,698.0,664.0,668.0,-4.3,9430.0,411.0,302.9
NICA,11/26/2013,668.0,685.0,660.0,671.0,0.45,7622.0,411.0,302.9
NICA,11/27/2013,671.0,675.0,651.0,658.0,-1.94,2173.0,411.0,302.9
NICA,11/28/2013,658.0,660.0,640.0,651.0,-1.06,7138.0,411.0,302.9
NICA,12/1/2013,651.0,662.0,645.0,650.0,-0.15,107794.0,411.0,302.9
NICA,12/2/2013,650.0,693.0,650.0,670.0,3.08,31973.0,411.0,302.9
NICA,12/3/2013,670.0,695.0,682.0,692.0,3.28,21886.0,411.0,302.9
NICA,12/4/2013,692.0,732.0,691.0,715.0,3.32,31863.0,411.0,302.9
NICA,12/5/2013,715.0,743.0,706.0,724.0,1.26,60375.0,411.0,302.9
NICA,12/8/2013,724.0,726.0,700.0,710.0,-1.93,15956.0,411.0,302.9
NICA,12/9/2013,710.0,719.0,705.0,709.0,-0.14,5129.0,411.0,302.9
NICA,12/10/2013,709.0,709.0,691.0,700.0,-1.27,7355.0,411.0,302.9
NICA,12/11/2013,700.0,720.0,703.0,711.0,1.57,16483.0,411.0,302.9
NICA,12/12/2013,711.0,724.0,697.0,724.0,1.83,30679.0,411.0,302.9
NICA,12/15/2013,724.0,745.0,709.0,742.0,2.49,59921.0,411.0,302.9
NICA,12/16/2013,742.0,816.0,756.0,816.0,9.97,36619.0,411.0,302.9
NICA,12/18/2013,816.0,897.0,824.0,897.0,9.93,41249.0,411.0,302.9
NICA,12/19/2013,897.0,900.0,808.0,879.0,-2.01,60364.0,411.0,302.9
NICA,12/22/2013,875.0,875.0,810.0,836.0,-4.89,52786.0,411.0,302.9
NICA,12/23/2013,836.0,825.0,775.0,783.0,-6.34,29079.0,411.0,302.9
NICA,12/24/2013,783.0,832.0,764.0,803.0,2.55,24385.0,411.0,302.9
NICA,12/26/2013,803.0,860.0,815.0,815.0,1.49,22385.0,411.0,302.9
NICA,12/29/2013,815.0,818.0,794.0,815.0,0.0,28367.0,411.0,302.9
NICA,12/31/2013,815.0,816.0,799.0,806.0,-1.1,21248.0,411.0,302.9
NICA,1/1/2014,806.0,807.0,775.0,786.0,-2.48,15632.0,411.0,302.9
NICA,1/2/2014,786.0,810.0,765.0,804.0,2.29,7593.0,411.0,302.9
NICA,1/5/2014,804.0,805.0,791.0,795.0,-1.12,16534.0,411.0,302.9
NICA,1/6/2014,795.0,796.0,790.0,792.0,-0.38,6700.0,411.0,302.9
NICA,1/7/2014,792.0,804.0,790.0,799.0,0.88,6021.0,411.0,302.9
NICA,1/8/2014,799.0,805.0,795.0,796.0,-0.38,10346.0,411.0,302.9
NICA,1/9/2014,796.0,800.0,792.0,799.0,0.38,6608.0,411.0,302.9
NICA,1/12/2014,799.0,825.0,800.0,817.0,2.25,18527.0,411.0,302.9
NICA,1/13/2014,817.0,835.0,811.0,817.0,0.0,12308.0,411.0,302.9
NICA,1/14/2014,817.0,814.0,800.0,814.0,-0.37,3326.0,411.0,302.9
NICA,1/16/2014,814.0,838.0,815.0,820.0,0.74,9127.0,411.0,302.9
NICA,1/19/2014,820.0,825.0,805.0,818.0,-0.24,3190.0,411.0,302.9
NICA,1/20/2014,818.0,824.0,800.0,800.0,-2.2,6879.0,411.0,302.9
NICA,1/21/2014,800.0,806.0,785.0,796.0,-0.5,14635.0,411.0,302.9
NICA,1/22/2014,796.0,800.0,766.0,790.0,-0.75,20517.0,411.0,302.9
NICA,1/23/2014,790.0,790.0,779.0,787.0,-0.38,4680.0,411.0,302.9
NICA,1/26/2014,787.0,800.0,782.0,791.0,0.51,8519.0,411.0,302.9
NICA,1/27/2014,791.0,800.0,780.0,792.0,0.13,6808.0,411.0,302.9
NICA,1/28/2014,792.0,800.0,777.0,792.0,0.0,13553.0,411.0,302.9
NICA,1/29/2014,792.0,791.0,779.0,781.0,-1.39,10585.0,411.0,302.9
NICA,2/2/2014,781.0,789.0,770.0,780.0,-0.13,11892.0,411.0,302.9
NICA,2/3/2014,780.0,779.0,765.0,775.0,-0.64,16812.0,411.0,302.9
NICA,2/4/2014,775.0,779.0,750.0,779.0,0.52,18976.0,411.0,302.9
NICA,2/6/2014,780.0,785.0,770.0,774.0,-0.64,2658.0,411.0,302.9
NICA,2/9/2014,774.0,795.0,771.0,795.0,2.71,7846.0,411.0,302.9
NICA,2/10/2014,795.0,867.0,800.0,801.0,0.75,12247.0,411.0,302.9
NICA,2/11/2014,801.0,802.0,786.0,791.0,-1.25,5256.0,411.0,302.9
NICA,2/12/2014,791.0,806.0,790.0,800.0,1.14,4331.0,411.0,302.9
NICA,2/13/2014,800.0,809.0,799.0,808.0,1.0,5315.0,411.0,302.9
NICA,2/16/2014,808.0,795.0,776.0,780.0,-3.47,3199.0,411.0,302.9
NICA,2/17/2014,780.0,795.0,780.0,785.0,0.64,3027.0,411.0,302.9
NICA,2/18/2014,785.0,799.0,782.0,795.0,1.27,1816.0,411.0,302.9
NICA,2/20/2014,795.0,811.0,800.0,804.0,1.13,4581.0,411.0,302.9
NICA,2/23/2014,804.0,820.0,800.0,810.0,0.75,6943.0,411.0,302.9
NICA,2/24/2014,810.0,825.0,780.0,786.0,-2.96,11483.0,411.0,302.9
NICA,2/25/2014,786.0,800.0,780.0,800.0,1.78,5271.0,411.0,302.9
NICA,2/26/2014,800.0,800.0,780.0,780.0,-2.5,4496.0,411.0,302.9
NICA,3/3/2014,780.0,775.0,762.0,770.0,-1.28,2089.0,411.0,302.9
NICA,3/4/2014,770.0,772.0,750.0,770.0,0.0,4838.0,411.0,302.9
NICA,3/5/2014,770.0,785.0,762.0,779.0,1.17,3715.0,411.0,302.9
NICA,3/6/2014,779.0,790.0,760.0,775.0,-0.51,3687.0,411.0,302.9
NICA,3/9/2014,770.0,769.0,751.0,751.0,-3.1,3723.0,411.0,302.9
NICA,3/10/2014,751.0,760.0,740.0,750.0,-0.13,7162.0,411.0,302.9
NICA,3/11/2014,750.0,745.0,736.0,738.0,-1.6,2745.0,411.0,302.9
NICA,3/12/2014,738.0,741.0,730.0,733.0,-0.68,4187.0,411.0,302.9
NICA,3/13/2014,733.0,750.0,735.0,750.0,2.32,4580.0,411.0,302.9
NICA,3/17/2014,750.0,745.0,730.0,730.0,-2.67,4751.0,411.0,302.9
NICA,3/18/2014,730.0,740.0,700.0,700.0,-4.11,16038.0,411.0,302.9
NICA,3/19/2014,700.0,729.0,701.0,717.0,2.43,4123.0,411.0,302.9
NICA,3/20/2014,717.0,721.0,710.0,715.0,-0.28,5069.0,411.0,302.9
NICA,3/23/2014,715.0,717.0,710.0,716.0,0.14,4683.0,411.0,302.9
NICA,3/24/2014,716.0,729.0,700.0,721.0,0.7,8026.0,411.0,302.9
NICA,3/25/2014,721.0,720.0,707.0,720.0,-0.14,9221.0,411.0,302.9
NICA,3/26/2014,720.0,731.0,720.0,730.0,1.39,1444.0,411.0,302.9
NICA,3/27/2014,730.0,732.0,715.0,715.0,-2.05,6735.0,411.0,302.9
NICA,3/31/2014,701.0,734.0,702.0,734.0,2.66,1398.0,411.0,302.9
NICA,4/1/2014,734.0,759.0,725.0,745.0,1.5,4735.0,411.0,302.9
NICA,4/2/2014,745.0,757.0,730.0,757.0,1.61,10955.0,411.0,302.9
NICA,4/3/2014,757.0,760.0,740.0,740.0,-2.25,2134.0,411.0,302.9
NICA,4/6/2014,740.0,734.0,723.0,727.0,-1.76,4714.0,411.0,302.9
NICA,4/7/2014,727.0,739.0,720.0,725.0,-0.28,2640.0,411.0,302.9
NICA,4/9/2014,725.0,728.0,716.0,721.0,-0.55,5757.0,411.0,302.9
NICA,4/10/2014,721.0,740.0,715.0,715.0,-0.83,5565.0,411.0,302.9
NICA,4/13/2014,715.0,749.0,718.0,735.0,2.8,6589.0,411.0,302.9
NICA,4/15/2014,735.0,745.0,736.0,736.0,0.14,2297.0,411.0,302.9
NICA,4/16/2014,736.0,736.0,720.0,724.0,-1.63,4591.0,411.0,302.9
NICA,4/17/2014,724.0,735.0,717.0,725.0,0.14,4537.0,411.0,302.9
NICA,4/20/2014,725.0,726.0,715.0,723.0,-0.28,5125.0,411.0,302.9
NICA,4/21/2014,723.0,726.0,715.0,723.0,0.0,4316.0,411.0,302.9
NICA,4/22/2014,723.0,725.0,716.0,725.0,0.28,5733.0,411.0,302.9
NICA,4/23/2014,725.0,735.0,718.0,730.0,0.69,10248.0,411.0,302.9
NICA,4/27/2014,730.0,736.0,720.0,723.0,-0.96,4846.0,411.0,302.9
NICA,4/28/2014,723.0,725.0,710.0,718.0,-0.69,7193.0,411.0,302.9
NICA,4/29/2014,718.0,728.0,705.0,707.0,-1.53,10800.0,411.0,302.9
NICA,4/30/2014,707.0,719.0,707.0,713.0,0.85,6400.0,411.0,302.9
NICA,5/4/2014,713.0,715.0,707.0,708.0,-0.7,10809.0,411.0,302.9
NICA,5/5/2014,708.0,750.0,705.0,750.0,5.93,14100.0,411.0,302.9
NICA,5/6/2014,750.0,783.0,747.0,768.0,2.4,18763.0,411.0,302.9
NICA,5/7/2014,768.0,782.0,753.0,755.0,-1.69,12773.0,411.0,302.9
NICA,5/8/2014,755.0,758.0,735.0,752.0,-0.4,1781.0,411.0,302.9
NICA,5/11/2014,752.0,745.0,727.0,745.0,-0.93,11597.0,411.0,302.9
NICA,5/12/2014,745.0,746.0,731.0,740.0,-0.67,7125.0,411.0,302.9
NICA,5/13/2014,740.0,785.0,750.0,761.0,2.84,17364.0,411.0,302.9
NICA,5/15/2014,761.0,767.0,748.0,759.0,-0.26,11616.0,411.0,302.9
NICA,5/18/2014,759.0,765.0,750.0,761.0,0.26,5565.0,411.0,302.9
NICA,5/19/2014,761.0,756.0,740.0,741.0,-2.63,7628.0,411.0,302.9
NICA,5/20/2014,741.0,749.0,730.0,735.0,-0.81,7285.0,411.0,302.9
NICA,5/21/2014,735.0,754.0,739.0,754.0,2.59,3031.0,411.0,302.9
NICA,5/22/2014,754.0,758.0,750.0,755.0,0.13,2592.0,411.0,302.9
NICA,5/25/2014,755.0,759.0,750.0,752.0,-0.4,5524.0,411.0,302.9
NICA,5/26/2014,752.0,756.0,742.0,745.0,-0.93,2733.0,411.0,302.9
NICA,5/27/2014,745.0,748.0,734.0,740.0,-0.67,7178.0,411.0,302.9
NICA,5/28/2014,740.0,750.0,731.0,743.0,0.41,9179.0,411.0,302.9
NICA,6/1/2014,743.0,774.0,736.0,768.0,3.36,13720.0,411.0,302.9
NICA,6/2/2014,768.0,800.0,768.0,782.0,1.82,15161.0,411.0,302.9
NICA,6/3/2014,782.0,817.0,787.0,790.0,1.02,15492.0,411.0,302.9
NICA,6/4/2014,790.0,802.0,783.0,790.0,0.0,13781.0,411.0,302.9
NICA,6/5/2014,790.0,803.0,770.0,797.0,0.89,12192.0,411.0,302.9
NICA,6/8/2014,797.0,819.0,782.0,815.0,2.26,10745.0,411.0,302.9
NICA,6/9/2014,815.0,830.0,790.0,820.0,0.61,12221.0,411.0,302.9
NICA,6/10/2014,820.0,832.0,784.0,823.0,0.37,16308.0,411.0,302.9
NICA,6/11/2014,823.0,852.0,820.0,844.0,2.55,20869.0,411.0,302.9
NICA,6/12/2014,844.0,850.0,834.0,843.0,-0.12,18238.0,411.0,302.9
NICA,6/15/2014,843.0,895.0,845.0,890.0,5.58,20485.0,411.0,302.9
NICA,6/16/2014,890.0,916.0,882.0,900.0,1.12,25640.0,411.0,302.9
NICA,6/17/2014,900.0,912.0,871.0,898.0,-0.22,28669.0,411.0,302.9
NICA,6/18/2014,898.0,904.0,880.0,887.0,-1.22,13840.0,411.0,302.9
NICA,6/19/2014,887.0,890.0,860.0,871.0,-1.8,14307.0,411.0,302.9
NICA,6/23/2014,871.0,880.0,853.0,870.0,-0.11,7306.0,411.0,302.9
NICA,6/24/2014,870.0,880.0,859.0,870.0,0.0,10860.0,411.0,302.9
NICA,6/25/2014,870.0,882.0,866.0,877.0,0.8,9500.0,411.0,302.9
NICA,6/26/2014,877.0,885.0,868.0,872.0,-0.57,6923.0,411.0,302.9
NICA,6/29/2014,872.0,895.0,880.0,890.0,2.06,12909.0,411.0,302.9
NICA,6/30/2014,890.0,890.0,870.0,886.0,-0.45,7923.0,411.0,302.9
NICA,7/1/2014,886.0,893.0,880.0,884.0,-0.23,9541.0,411.0,302.9
NICA,7/2/2014,884.0,895.0,885.0,889.0,0.57,7558.0,411.0,302.9
NICA,7/3/2014,889.0,893.0,880.0,885.0,-0.45,16605.0,411.0,302.9
NICA,7/6/2014,885.0,890.0,870.0,890.0,0.56,18115.0,411.0,302.9
NICA,7/7/2014,890.0,928.0,885.0,915.0,2.81,7383.0,411.0,302.9
NICA,7/8/2014,915.0,945.0,910.0,930.0,1.64,18850.0,411.0,302.9
NICA,7/9/2014,930.0,955.0,912.0,955.0,2.69,5121.0,411.0,302.9
NICA,7/10/2014,955.0,988.0,920.0,988.0,3.46,24045.0,411.0,302.9
NICA,7/13/2014,988.0,1029.0,976.0,991.0,0.3,28002.0,411.0,302.9
NICA,7/14/2014,991.0,1000.0,965.0,980.0,-1.11,3750.0,411.0,302.9
NICA,7/15/2014,980.0,988.0,963.0,979.0,-0.1,7551.0,411.0,302.9
NICA,7/16/2014,979.0,990.0,968.0,970.0,-0.92,7162.0,411.0,302.9
NICA,7/17/2014,970.0,989.0,960.0,973.0,0.31,13097.0,411.0,302.9
NICA,7/20/2014,973.0,1010.0,973.0,985.0,1.23,14869.0,411.0,302.9
NICA,7/21/2014,985.0,1005.0,970.0,982.0,-0.3,21108.0,411.0,302.9
NICA,7/22/2014,982.0,982.0,965.0,970.0,-1.22,21987.0,411.0,302.9
NICA,7/23/2014,970.0,985.0,960.0,980.0,1.03,18748.0,411.0,302.9
NICA,7/24/2014,980.0,980.0,951.0,966.0,-1.43,13607.0,411.0,302.9
NICA,7/27/2014,966.0,985.0,950.0,960.0,-0.62,10803.0,411.0,302.9
NICA,7/28/2014,960.0,972.0,941.0,970.0,1.04,4356.0,411.0,302.9
NICA,7/30/2014,970.0,969.0,950.0,950.0,-2.06,18498.0,411.0,302.9
NICA,7/31/2014,950.0,959.0,941.0,950.0,0.0,6282.0,411.0,302.9
NICA,8/3/2014,950.0,945.0,926.0,931.0,-2.0,9122.0,411.0,302.9
NICA,8/4/2014,931.0,940.0,910.0,920.0,-1.18,10581.0,411.0,302.9
NICA,8/5/2014,920.0,953.0,910.0,917.0,-0.33,10004.0,411.0,302.9
NICA,8/6/2014,917.0,925.0,902.0,915.0,-0.22,14679.0,411.0,302.9
NICA,8/7/2014,915.0,915.0,876.0,902.0,-1.42,6474.0,411.0,302.9
NICA,8/12/2014,902.0,920.0,867.0,867.0,-3.88,9882.0,411.0,302.9
NICA,8/13/2014,867.0,896.0,850.0,870.0,0.35,15066.0,411.0,302.9
NICA,8/14/2014,870.0,897.0,860.0,885.0,1.72,8530.0,411.0,302.9
NICA,8/18/2014,885.0,897.0,850.0,855.0,-3.39,13653.0,411.0,302.9
NICA,8/19/2014,855.0,875.0,850.0,855.0,0.0,16533.0,411.0,302.9
NICA,8/20/2014,855.0,861.0,844.0,855.0,0.0,17040.0,411.0,302.9
NICA,8/21/2014,855.0,873.0,824.0,862.0,0.82,14341.0,411.0,302.9
NICA,8/24/2014,862.0,885.0,851.0,852.0,-1.16,6618.0,411.0,302.9
NICA,8/25/2014,852.0,835.0,805.0,826.0,-3.05,7886.0,411.0,302.9
NICA,8/26/2014,826.0,850.0,799.0,804.0,-2.66,6882.0,411.0,302.9
NICA,8/27/2014,804.0,850.0,820.0,835.0,3.86,5452.0,411.0,302.9
NICA,8/28/2014,835.0,833.0,801.0,808.0,-3.23,11683.0,411.0,302.9
NICA,8/31/2014,808.0,815.0,800.0,801.0,-0.87,15221.0,411.0,302.9
NICA,9/1/2014,801.0,800.0,771.0,800.0,-0.12,11838.0,411.0,302.9
NICA,9/3/2014,800.0,804.0,784.0,789.0,-1.38,10122.0,411.0,302.9
NICA,9/4/2014,789.0,790.0,762.0,762.0,-3.42,11354.0,411.0,302.9
NICA,9/7/2014,762.0,777.0,698.0,726.0,-4.72,11533.0,411.0,302.9
NICA,9/9/2014,726.0,762.0,735.0,740.0,1.93,15532.0,411.0,302.9
NICA,9/10/2014,740.0,785.0,745.0,765.0,3.38,29699.0,411.0,302.9
NICA,9/11/2014,765.0,785.0,730.0,770.0,0.65,7548.0,411.0,302.9
NICA,9/14/2014,770.0,789.0,755.0,765.0,-0.65,5274.0,411.0,302.9
NICA,9/15/2014,765.0,765.0,750.0,756.0,-1.18,8391.0,411.0,302.9
NICA,9/16/2014,756.0,805.0,745.0,800.0,5.82,10742.0,411.0,302.9
NICA,9/17/2014,800.0,816.0,776.0,780.0,-2.5,8051.0,411.0,302.9
NICA,9/18/2014,780.0,795.0,751.0,775.0,-0.64,10668.0,411.0,302.9
NICA,9/21/2014,775.0,775.0,725.0,742.0,-4.26,4959.0,411.0,302.9
NICA,9/22/2014,742.0,750.0,738.0,746.0,0.54,7252.0,411.0,302.9
NICA,9/23/2014,746.0,760.0,740.0,758.0,1.61,4551.0,411.0,302.9
NICA,9/24/2014,758.0,770.0,752.0,770.0,1.58,2210.0,411.0,302.9
NICA,9/28/2014,770.0,785.0,770.0,785.0,1.95,2375.0,411.0,302.9
NICA,9/29/2014,785.0,794.0,779.0,794.0,1.15,2230.0,411.0,302.9
NICA,9/30/2014,794.0,800.0,790.0,800.0,0.76,7302.0,411.0,302.9
NICA,10/8/2014,800.0,790.0,780.0,780.0,-2.5,171.0,411.0,302.9
NICA,10/9/2014,780.0,780.0,749.0,760.0,-2.56,4037.0,411.0,302.9
NICA,10/12/2014,760.0,790.0,753.0,754.0,-0.79,2651.0,411.0,302.9
NICA,10/13/2014,754.0,761.0,750.0,755.0,0.13,3074.0,411.0,302.9
NICA,10/14/2014,755.0,795.0,745.0,771.0,2.12,3114.0,411.0,302.9
NICA,10/15/2014,771.0,795.0,765.0,790.0,2.46,2149.0,411.0,302.9
NICA,10/16/2014,790.0,809.0,780.0,791.0,0.13,5604.0,411.0,302.9
NICA,10/19/2014,791.0,789.0,770.0,789.0,-0.25,1990.0,411.0,302.9
NICA,10/20/2014,789.0,793.0,772.0,785.0,-0.51,2700.0,411.0,302.9
NICA,10/21/2014,785.0,790.0,772.0,773.0,-1.53,3051.0,411.0,302.9
NICA,10/22/2014,773.0,800.0,766.0,785.0,1.55,757.0,411.0,302.9
NICA,10/26/2014,785.0,802.0,755.0,788.0,0.38,1188.0,411.0,302.9
NICA,10/27/2014,788.0,805.0,790.0,800.0,1.52,5518.0,411.0,302.9
NICA,10/28/2014,800.0,835.0,787.0,822.0,2.75,31016.0,411.0,302.9
NICA,10/30/2014,822.0,830.0,797.0,801.0,-2.55,16470.0,411.0,302.9
NICA,11/2/2014,801.0,812.0,795.0,800.0,-0.12,12098.0,411.0,302.9
NICA,11/3/2014,800.0,795.0,777.0,778.0,-2.75,3461.0,411.0,302.9
NICA,11/4/2014,778.0,793.0,752.0,793.0,1.93,4259.0,411.0,302.9
NICA,11/5/2014,793.0,799.0,775.0,791.0,-0.25,3897.0,411.0,302.9
NICA,11/6/2014,791.0,790.0,778.0,785.0,-0.76,574.0,411.0,302.9
NICA,11/9/2014,785.0,770.0,751.0,760.0,-3.18,5471.0,411.0,302.9
NICA,11/10/2014,760.0,758.0,746.0,750.0,-1.32,2099.0,411.0,302.9
NICA,11/11/2014,750.0,770.0,745.0,760.0,1.33,5841.0,411.0,302.9
NICA,11/12/2014,760.0,770.0,750.0,753.0,-0.92,5258.0,411.0,302.9
NICA,11/13/2014,753.0,759.0,738.0,749.0,-0.53,3078.0,411.0,302.9
NICA,11/16/2014,749.0,760.0,718.0,720.0,-3.87,5541.0,411.0,302.9
NICA,11/17/2014,720.0,730.0,709.0,725.0,0.69,8484.0,411.0,302.9
NICA,11/18/2014,725.0,715.0,683.0,710.0,-2.07,9909.0,411.0,302.9
NICA,11/19/2014,710.0,724.0,700.0,715.0,0.7,8967.0,411.0,302.9
NICA,11/20/2014,715.0,736.0,710.0,722.0,0.98,2463.0,411.0,302.9
NICA,11/23/2014,722.0,752.0,720.0,720.0,-0.28,6959.0,411.0,302.9
NICA,11/24/2014,720.0,731.0,719.0,726.0,0.83,7170.0,411.0,302.9
NICA,11/25/2014,726.0,737.0,717.0,737.0,1.52,6944.0,411.0,302.9
NICA,11/30/2014,737.0,735.0,727.0,730.0,-0.95,2124.0,411.0,302.9
NICA,12/1/2014,730.0,727.0,718.0,721.0,-1.23,3984.0,411.0,302.9
NICA,12/2/2014,721.0,720.0,709.0,719.0,-0.28,6416.0,411.0,302.9
NICA,12/3/2014,719.0,745.0,720.0,724.0,0.7,13213.0,411.0,302.9
NICA,12/4/2014,724.0,749.0,725.0,735.0,1.52,13692.0,411.0,302.9
NICA,12/7/2014,735.0,741.0,731.0,738.0,0.41,4572.0,411.0,302.9
NICA,12/8/2014,738.0,745.0,726.0,745.0,0.95,7065.0,411.0,302.9
NICA,12/9/2014,745.0,745.0,731.0,742.0,-0.4,4383.0,411.0,302.9
NICA,12/10/2014,742.0,764.0,743.0,754.0,1.62,5813.0,411.0,302.9
NICA,12/11/2014,754.0,759.0,745.0,759.0,0.66,16410.0,411.0,302.9
NICA,12/14/2014,759.0,800.0,761.0,800.0,5.4,35238.0,411.0,302.9
NICA,12/15/2014,696.0,723.0,675.0,706.0,-11.75,3850.0,411.0,302.9
NICA,12/16/2014,706.0,714.0,690.0,694.0,-1.7,1348.0,411.0,302.9
NICA,12/17/2014,694.0,695.0,685.0,685.0,-1.3,380.0,411.0,302.9
NICA,12/18/2014,685.0,685.0,675.0,675.0,-1.46,1066.0,411.0,302.9
NICA,12/21/2014,675.0,663.0,652.0,652.0,-3.41,1436.0,411.0,302.9
NICA,12/22/2014,652.0,658.0,640.0,653.0,0.15,1817.0,411.0,302.9
NICA,12/23/2014,653.0,660.0,636.0,649.0,-0.61,3698.0,411.0,302.9
NICA,12/24/2014,649.0,655.0,650.0,655.0,0.92,1488.0,411.0,302.9
NICA,12/28/2014,655.0,685.0,668.0,675.0,3.05,3101.0,411.0,302.9
NICA,12/29/2014,675.0,695.0,662.0,695.0,2.96,1235.0,411.0,302.9
NICA,1/1/2015,695.0,682.0,658.0,658.0,-5.32,42.0,411.0,302.9
NICA,1/4/2015,658.0,675.0,656.0,670.0,1.82,9163.0,411.0,302.9
NICA,1/5/2015,670.0,685.0,666.0,667.0,-0.45,7320.0,411.0,302.9
NICA,1/6/2015,667.0,670.0,661.0,661.0,-0.9,4534.0,411.0,302.9
NICA,1/7/2015,661.0,668.0,650.0,658.0,-0.45,7487.0,411.0,302.9
NICA,1/8/2015,658.0,680.0,660.0,670.0,1.82,4341.0,411.0,302.9
NICA,1/11/2015,670.0,682.0,661.0,661.0,-1.34,3460.0,411.0,302.9
NICA,1/12/2015,661.0,665.0,655.0,658.0,-0.45,1816.0,411.0,302.9
NICA,1/13/2015,658.0,666.0,650.0,665.0,1.06,4640.0,411.0,302.9
NICA,1/14/2015,665.0,666.0,658.0,666.0,0.15,3124.0,411.0,302.9
NICA,1/18/2015,666.0,679.0,660.0,665.0,-0.15,5442.0,411.0,302.9
NICA,1/19/2015,665.0,730.0,677.0,710.0,6.77,9674.0,411.0,302.9
NICA,1/20/2015,710.0,700.0,683.0,685.0,-3.52,3397.0,411.0,302.9
NICA,1/22/2015,685.0,682.0,667.0,675.0,-1.46,1028.0,411.0,302.9
NICA,1/25/2015,675.0,690.0,670.0,690.0,2.22,2568.0,411.0,302.9
NICA,1/26/2015,690.0,703.0,682.0,686.0,-0.58,6468.0,411.0,302.9
NICA,1/27/2015,686.0,693.0,680.0,692.0,0.87,1684.0,411.0,302.9
NICA,1/28/2015,692.0,705.0,692.0,701.0,1.3,3692.0,411.0,302.9
NICA,1/29/2015,701.0,714.0,690.0,700.0,-0.14,9166.0,411.0,302.9
NICA,2/1/2015,700.0,705.0,690.0,705.0,0.71,14939.0,411.0,302.9
NICA,2/2/2015,705.0,711.0,687.0,699.0,-0.85,2237.0,411.0,302.9
NICA,2/3/2015,699.0,692.0,685.0,686.0,-1.86,1810.0,411.0,302.9
NICA,2/4/2015,686.0,690.0,680.0,685.0,-0.15,2030.0,411.0,302.9
NICA,2/5/2015,685.0,680.0,675.0,677.0,-1.17,2485.0,411.0,302.9
NICA,2/8/2015,677.0,689.0,675.0,685.0,1.18,4717.0,411.0,302.9
NICA,2/9/2015,685.0,684.0,675.0,681.0,-0.58,1163.0,411.0,302.9
NICA,2/10/2015,681.0,695.0,676.0,695.0,2.06,1162.0,411.0,302.9
NICA,2/11/2015,695.0,692.0,681.0,688.0,-1.01,4268.0,411.0,302.9
NICA,2/12/2015,688.0,692.0,680.0,680.0,-1.16,3730.0,411.0,302.9
NICA,2/15/2015,680.0,685.0,679.0,680.0,0.0,6123.0,411.0,302.9
NICA,2/16/2015,680.0,679.0,675.0,675.0,-0.74,2400.0,411.0,302.9
NICA,2/18/2015,675.0,675.0,666.0,666.0,-1.33,2060.0,411.0,302.9
NICA,2/22/2015,666.0,667.0,660.0,663.0,-0.45,1876.0,411.0,302.9
NICA,2/23/2015,663.0,667.0,658.0,662.0,-0.15,2591.0,411.0,302.9
NICA,2/24/2015,662.0,663.0,659.0,660.0,-0.3,2680.0,411.0,302.9
NICA,2/25/2015,660.0,664.0,651.0,660.0,0.0,3560.0,411.0,302.9
NICA,2/26/2015,660.0,684.0,658.0,666.0,0.91,1038.0,411.0,302.9
NICA,3/1/2015,666.0,666.0,660.0,662.0,-0.6,5324.0,411.0,302.9
NICA,3/2/2015,662.0,705.0,663.0,705.0,6.5,2457.0,411.0,302.9
NICA,3/3/2015,705.0,691.0,668.0,668.0,-5.25,522.0,411.0,302.9
NICA,3/4/2015,668.0,685.0,670.0,675.0,1.05,3760.0,411.0,302.9
NICA,3/9/2015,675.0,700.0,680.0,691.0,2.37,3709.0,411.0,302.9
NICA,3/11/2015,691.0,682.0,675.0,677.0,-2.03,1096.0,411.0,302.9
NICA,3/12/2015,677.0,680.0,653.0,677.0,0.0,3697.0,411.0,302.9
NICA,3/15/2015,677.0,670.0,664.0,670.0,-1.03,1883.0,411.0,302.9
NICA,3/16/2015,670.0,662.0,653.0,655.0,-2.24,2818.0,411.0,302.9
NICA,3/17/2015,655.0,660.0,640.0,655.0,0.0,3646.0,411.0,302.9
NICA,3/18/2015,655.0,662.0,652.0,655.0,0.0,2426.0,411.0,302.9
NICA,3/19/2015,655.0,664.0,645.0,660.0,0.76,2366.0,411.0,302.9
NICA,3/22/2015,660.0,660.0,650.0,650.0,-1.52,6245.0,411.0,302.9
NICA,3/23/2015,650.0,653.0,650.0,652.0,0.31,2298.0,411.0,302.9
NICA,3/24/2015,652.0,657.0,641.0,649.0,-0.46,6193.0,411.0,302.9
NICA,3/25/2015,649.0,654.0,638.0,645.0,-0.62,4791.0,411.0,302.9
NICA,3/26/2015,645.0,648.0,640.0,640.0,-0.78,2082.0,411.0,302.9
NICA,3/29/2015,640.0,647.0,631.0,647.0,1.09,2539.0,411.0,302.9
NICA,3/30/2015,647.0,640.0,635.0,637.0,-1.55,1311.0,411.0,302.9
NICA,3/31/2015,637.0,653.0,633.0,653.0,2.51,1972.0,411.0,302.9
NICA,4/1/2015,653.0,649.0,641.0,643.0,-1.53,2771.0,411.0,302.9
NICA,4/2/2015,643.0,655.0,646.0,654.0,1.71,800.0,411.0,302.9
NICA,4/5/2015,654.0,645.0,636.0,641.0,-1.99,1285.0,411.0,302.9
NICA,4/6/2015,641.0,652.0,640.0,641.0,0.0,1382.0,411.0,302.9
NICA,4/7/2015,641.0,643.0,640.0,643.0,0.31,2352.0,411.0,302.9
NICA,4/8/2015,643.0,655.0,645.0,646.0,0.47,2645.0,411.0,302.9
NICA,4/9/2015,646.0,655.0,649.0,655.0,1.39,945.0,411.0,302.9
NICA,4/12/2015,655.0,679.0,656.0,668.0,1.98,1884.0,411.0,302.9
NICA,4/13/2015,668.0,661.0,655.0,661.0,-1.05,96.0,411.0,302.9
NICA,4/15/2015,661.0,655.0,649.0,655.0,-0.91,1948.0,411.0,302.9
NICA,4/16/2015,655.0,660.0,647.0,650.0,-0.76,419.0,411.0,302.9
NICA,4/19/2015,650.0,660.0,646.0,660.0,1.54,2728.0,411.0,302.9
NICA,4/20/2015,660.0,660.0,648.0,648.0,-1.82,1085.0,411.0,302.9
NICA,4/21/2015,648.0,658.0,648.0,658.0,1.54,5121.0,411.0,302.9
NICA,4/22/2015,658.0,660.0,645.0,645.0,-1.98,3088.0,411.0,302.9
NICA,4/23/2015,645.0,650.0,646.0,650.0,0.78,565.0,411.0,302.9
NICA,5/25/2015,650.0,637.0,625.0,625.0,-3.85,30.0,411.0,302.9
NICA,5/26/2015,625.0,613.0,563.0,563.0,-9.92,2135.0,411.0,302.9
NICA,5/27/2015,563.0,552.0,529.0,529.0,-6.04,8645.0,411.0,302.9
NICA,5/28/2015,529.0,540.0,509.0,535.0,1.13,12604.0,411.0,302.9
NICA,5/31/2015,535.0,581.0,530.0,555.0,3.74,3325.0,411.0,302.9
NICA,6/1/2015,555.0,588.0,561.0,570.0,2.7,7287.0,411.0,302.9
NICA,6/2/2015,570.0,592.0,573.0,590.0,3.51,2513.0,411.0,302.9
NICA,6/3/2015,590.0,625.0,589.0,615.0,4.24,6023.0,411.0,302.9
NICA,6/4/2015,615.0,627.0,601.0,622.0,1.14,7821.0,411.0,302.9
NICA,6/7/2015,622.0,632.0,610.0,632.0,1.61,9235.0,411.0,302.9
NICA,6/8/2015,632.0,656.0,638.0,649.0,2.69,14110.0,411.0,302.9
NICA,6/9/2015,649.0,701.0,656.0,665.0,2.47,14496.0,411.0,302.9
NICA,6/10/2015,665.0,664.0,646.0,657.0,-1.2,8968.0,411.0,302.9
NICA,6/11/2015,657.0,660.0,625.0,631.0,-3.96,6693.0,411.0,302.9
NICA,6/14/2015,631.0,633.0,618.0,633.0,0.32,3536.0,411.0,302.9
NICA,6/15/2015,633.0,640.0,619.0,625.0,-1.26,4053.0,411.0,302.9
NICA,6/16/2015,625.0,642.0,622.0,622.0,-0.48,4247.0,411.0,302.9
NICA,6/17/2015,622.0,622.0,612.0,622.0,0.0,5058.0,411.0,302.9
NICA,6/18/2015,622.0,622.0,613.0,622.0,0.0,2415.0,411.0,302.9
NICA,6/21/2015,622.0,615.0,608.0,615.0,-1.13,4384.0,411.0,302.9
NICA,6/22/2015,615.0,622.0,607.0,616.0,0.16,5352.0,411.0,302.9
NICA,6/23/2015,616.0,624.0,605.0,615.0,-0.16,1897.0,411.0,302.9
NICA,6/24/2015,615.0,624.0,615.0,615.0,0.0,1549.0,411.0,302.9
NICA,6/25/2015,615.0,628.0,614.0,621.0,0.98,3413.0,411.0,302.9
NICA,6/28/2015,621.0,628.0,616.0,618.0,-0.48,4619.0,411.0,302.9
NICA,6/29/2015,618.0,630.0,620.0,620.0,0.32,6289.0,411.0,302.9
NICA,6/30/2015,620.0,627.0,612.0,617.0,-0.48,4126.0,411.0,302.9
NICA,7/1/2015,617.0,622.0,612.0,615.0,-0.32,4903.0,411.0,302.9
NICA,7/2/2015,615.0,615.0,602.0,608.0,-1.14,5485.0,411.0,302.9
NICA,7/5/2015,608.0,612.0,604.0,605.0,-0.49,12264.0,411.0,302.9
NICA,7/6/2015,605.0,610.0,603.0,610.0,0.83,3617.0,411.0,302.9
NICA,7/7/2015,610.0,614.0,607.0,610.0,0.0,2686.0,411.0,302.9
NICA,7/8/2015,610.0,614.0,609.0,611.0,0.16,4922.0,411.0,302.9
NICA,7/9/2015,611.0,616.0,610.0,610.0,-0.16,2634.0,411.0,302.9
NICA,7/12/2015,610.0,612.0,599.0,608.0,-0.33,3871.0,411.0,302.9
NICA,7/13/2015,608.0,612.0,607.0,610.0,0.33,3950.0,411.0,302.9
NICA,7/14/2015,610.0,615.0,598.0,610.0,0.0,3804.0,411.0,302.9
NICA,7/15/2015,610.0,612.0,608.0,612.0,0.33,1785.0,411.0,302.9
NICA,7/16/2015,612.0,620.0,605.0,617.0,0.82,2862.0,411.0,302.9
NICA,7/22/2015,617.0,622.0,610.0,616.0,-0.16,1978.0,411.0,302.9
NICA,7/23/2015,616.0,664.0,620.0,660.0,7.14,4388.0,411.0,302.9
NICA,7/26/2015,660.0,726.0,673.0,726.0,10.0,9309.0,411.0,302.9
NICA,7/27/2015,726.0,784.0,711.0,730.0,0.55,75451.0,411.0,302.9
NICA,7/28/2015,730.0,730.0,702.0,712.0,-2.47,15309.0,411.0,302.9
NICA,7/29/2015,712.0,712.0,693.0,708.0,-0.56,7221.0,411.0,302.9
NICA,7/30/2015,708.0,725.0,695.0,702.0,-0.85,13154.0,411.0,302.9
NICA,8/2/2015,702.0,716.0,695.0,700.0,-0.28,7123.0,411.0,302.9
NICA,8/3/2015,700.0,710.0,700.0,705.0,0.71,15134.0,411.0,302.9
NICA,8/4/2015,705.0,720.0,703.0,720.0,2.13,12309.0,411.0,302.9
NICA,8/5/2015,720.0,724.0,703.0,715.0,-0.69,12179.0,411.0,302.9
NICA,8/6/2015,715.0,736.0,711.0,730.0,2.1,24147.0,411.0,302.9
NICA,8/9/2015,730.0,773.0,733.0,773.0,5.89,47260.0,411.0,302.9
NICA,8/10/2015,773.0,826.0,775.0,812.0,5.05,55069.0,411.0,302.9
NICA,8/11/2015,812.0,852.0,810.0,841.0,3.57,97092.0,411.0,302.9
NICA,8/12/2015,841.0,851.0,833.0,850.0,1.07,88461.0,411.0,302.9
NICA,8/13/2015,850.0,894.0,841.0,894.0,5.18,53663.0,411.0,302.9
NICA,8/16/2015,894.0,894.0,830.0,891.0,-0.34,93166.0,411.0,302.9
NICA,8/17/2015,891.0,945.0,884.0,923.0,3.59,42568.0,411.0,302.9
NICA,8/18/2015,923.0,920.0,890.0,904.0,-2.06,24505.0,411.0,302.9
NICA,8/19/2015,904.0,938.0,900.0,930.0,2.88,27267.0,411.0,302.9
NICA,8/20/2015,930.0,954.0,918.0,920.0,-1.08,22516.0,411.0,302.9
NICA,8/23/2015,920.0,925.0,889.0,902.0,-1.96,11094.0,411.0,302.9
NICA,8/24/2015,902.0,918.0,877.0,885.0,-1.88,10704.0,411.0,302.9
NICA,8/25/2015,885.0,887.0,869.0,882.0,-0.34,6433.0,411.0,302.9
NICA,8/26/2015,882.0,900.0,875.0,882.0,0.0,12927.0,411.0,302.9
NICA,8/27/2015,882.0,899.0,876.0,885.0,0.34,5244.0,411.0,302.9
NICA,8/31/2015,885.0,883.0,867.0,882.0,-0.34,6783.0,411.0,302.9
NICA,9/1/2015,882.0,895.0,883.0,886.0,0.45,21634.0,411.0,302.9
NICA,9/2/2015,886.0,883.0,855.0,860.0,-2.93,10672.0,411.0,302.9
NICA,9/3/2015,860.0,875.0,863.0,874.0,1.63,13803.0,411.0,302.9
NICA,9/6/2015,874.0,895.0,841.0,886.0,1.37,13535.0,411.0,302.9
NICA,9/7/2015,886.0,908.0,890.0,905.0,2.14,13819.0,411.0,302.9
NICA,9/8/2015,905.0,930.0,903.0,930.0,2.76,22643.0,411.0,302.9
NICA,9/9/2015,930.0,948.0,920.0,943.0,1.4,29001.0,411.0,302.9
NICA,9/10/2015,943.0,943.0,920.0,930.0,-1.38,18656.0,411.0,302.9
NICA,9/13/2015,930.0,950.0,930.0,944.0,1.51,13538.0,411.0,302.9
NICA,9/14/2015,944.0,969.0,947.0,953.0,0.95,41773.0,411.0,302.9
NICA,9/15/2015,953.0,989.0,970.0,970.0,1.78,31112.0,411.0,302.9
NICA,9/16/2015,970.0,982.0,955.0,968.0,-0.21,34305.0,411.0,302.9
NICA,9/17/2015,968.0,975.0,949.0,952.0,-1.65,28849.0,411.0,302.9
NICA,9/22/2015,952.0,950.0,913.0,920.0,-3.36,23240.0,411.0,302.9
NICA,9/23/2015,920.0,958.0,936.0,940.0,2.17,19431.0,411.0,302.9
NICA,9/24/2015,940.0,957.0,925.0,949.0,0.96,19391.0,411.0,302.9
NICA,9/28/2015,949.0,938.0,910.0,938.0,-1.16,17729.0,411.0,302.9
NICA,9/29/2015,938.0,960.0,938.0,960.0,2.35,12392.0,411.0,302.9
NICA,9/30/2015,960.0,986.0,955.0,985.0,2.6,30770.0,411.0,302.9
NICA,10/1/2015,985.0,1010.0,970.0,993.0,0.81,29266.0,411.0,302.9
NICA,10/4/2015,993.0,1012.0,980.0,985.0,-0.81,29292.0,411.0,302.9
NICA,10/5/2015,985.0,979.0,970.0,970.0,-1.52,22203.0,411.0,302.9
NICA,10/6/2015,970.0,970.0,946.0,946.0,-2.47,11879.0,411.0,302.9
NICA,10/7/2015,946.0,965.0,925.0,951.0,0.53,9423.0,411.0,302.9
NICA,10/8/2015,951.0,955.0,933.0,950.0,-0.11,9440.0,411.0,302.9
NICA,10/11/2015,950.0,941.0,915.0,920.0,-3.16,13136.0,411.0,302.9
NICA,10/14/2015,920.0,918.0,908.0,909.0,-1.2,7491.0,411.0,302.9
NICA,10/15/2015,909.0,927.0,900.0,914.0,0.55,9840.0,411.0,302.9
NICA,10/18/2015,914.0,906.0,896.0,896.0,-1.97,10125.0,411.0,302.9
NICA,10/19/2015,896.0,912.0,890.0,911.0,1.67,13288.0,411.0,302.9
NICA,10/25/2015,911.0,900.0,881.0,897.0,-1.54,6765.0,411.0,302.9
NICA,10/27/2015,897.0,892.0,861.0,866.0,-3.46,10718.0,411.0,302.9
NICA,10/28/2015,866.0,880.0,840.0,874.0,0.92,13802.0,411.0,302.9
NICA,10/29/2015,874.0,891.0,870.0,880.0,0.69,11730.0,411.0,302.9
NICA,11/1/2015,880.0,872.0,850.0,866.0,-1.59,4126.0,411.0,302.9
NICA,11/2/2015,866.0,885.0,869.0,878.0,1.39,8389.0,411.0,302.9
NICA,11/3/2015,878.0,868.0,860.0,868.0,-1.14,3149.0,411.0,302.9
NICA,11/4/2015,868.0,893.0,866.0,877.0,1.04,6344.0,411.0,302.9
NICA,11/5/2015,877.0,876.0,867.0,872.0,-0.57,7385.0,411.0,302.9
NICA,11/8/2015,872.0,865.0,857.0,860.0,-1.38,5009.0,411.0,302.9
NICA,11/9/2015,860.0,894.0,870.0,894.0,3.95,7945.0,411.0,302.9
NICA,11/10/2015,894.0,891.0,875.0,889.0,-0.56,8335.0,411.0,302.9
NICA,11/15/2015,889.0,874.0,860.0,874.0,-1.69,3025.0,411.0,302.9
NICA,11/16/2015,874.0,865.0,851.0,860.0,-1.6,6603.0,411.0,302.9
NICA,11/18/2015,860.0,880.0,870.0,875.0,1.74,5915.0,411.0,302.9
NICA,11/19/2015,875.0,874.0,857.0,871.0,-0.46,3183.0,411.0,302.9
NICA,11/22/2015,871.0,855.0,839.0,839.0,-3.67,9270.0,411.0,302.9
NICA,11/23/2015,839.0,840.0,817.0,840.0,0.12,13496.0,411.0,302.9
NICA,11/24/2015,840.0,835.0,824.0,835.0,-0.6,13585.0,411.0,302.9
NICA,11/25/2015,835.0,835.0,822.0,835.0,0.0,6702.0,411.0,302.9
NICA,11/26/2015,835.0,824.0,801.0,815.0,-2.4,15623.0,411.0,302.9
NICA,11/29/2015,815.0,814.0,787.0,787.0,-3.44,10979.0,411.0,302.9
NICA,11/30/2015,787.0,808.0,787.0,800.0,1.65,11386.0,411.0,302.9
NICA,12/1/2015,800.0,840.0,810.0,838.0,4.75,6761.0,411.0,302.9
NICA,12/2/2015,838.0,840.0,802.0,818.0,-2.39,7157.0,411.0,302.9
NICA,12/3/2015,818.0,850.0,815.0,838.0,2.44,16673.0,411.0,302.9
NICA,12/6/2015,838.0,884.0,851.0,884.0,5.49,23660.0,411.0,302.9
NICA,12/7/2015,884.0,895.0,875.0,892.0,0.9,24009.0,411.0,302.9
NICA,12/8/2015,892.0,905.0,875.0,903.0,1.23,21148.0,411.0,302.9
NICA,12/9/2015,903.0,923.0,905.0,920.0,1.88,33780.0,411.0,302.9
NICA,12/10/2015,920.0,940.0,920.0,939.0,2.07,54716.0,411.0,302.9
NICA,12/13/2015,939.0,960.0,910.0,920.0,-2.02,19927.0,411.0,302.9
NICA,12/14/2015,920.0,916.0,902.0,907.0,-1.41,12553.0,411.0,302.9
NICA,12/15/2015,907.0,921.0,910.0,915.0,0.88,13654.0,411.0,302.9
NICA,12/16/2015,915.0,918.0,900.0,907.0,-0.87,9714.0,411.0,302.9
NICA,12/17/2015,907.0,915.0,901.0,915.0,0.88,17448.0,411.0,302.9
NICA,12/20/2015,915.0,957.0,901.0,957.0,4.59,30396.0,411.0,302.9
NICA,12/21/2015,957.0,1052.0,976.0,1052.0,9.93,93168.0,411.0,302.9
NICA,12/22/2015,1052.0,1157.0,1021.0,1029.0,-2.19,119750.0,411.0,302.9
NICA,12/23/2015,1029.0,1036.0,1006.0,1008.0,-2.04,54700.0,411.0,302.9
NICA,12/24/2015,1008.0,1019.0,1002.0,1012.0,0.4,34569.0,411.0,302.9
NICA,12/27/2015,1012.0,1024.0,1012.0,1019.0,0.69,22998.0,411.0,302.9
NICA,12/28/2015,1019.0,1017.0,1000.0,1000.0,-1.86,30514.0,411.0,302.9
NICA,12/29/2015,1000.0,1008.0,998.0,1006.0,0.6,22015.0,411.0,302.9
NICA,12/31/2015,1006.0,1015.0,999.0,999.0,-0.7,34876.0,411.0,302.9
NICA,1/3/2016,999.0,1021.0,1000.0,1014.0,1.5,50335.0,411.0,302.9
NICA,1/4/2016,1014.0,1034.0,1010.0,1012.0,-0.2,41061.0,411.0,302.9
NICA,1/5/2016,1012.0,1012.0,999.0,999.0,-1.28,42311.0,411.0,302.9
NICA,1/6/2016,999.0,1007.0,995.0,999.0,0.0,54491.0,411.0,302.9
NICA,1/7/2016,999.0,1010.0,991.0,997.0,-0.2,101756.0,411.0,302.9
NICA,1/10/2016,717.0,725.0,700.0,700.0,-29.79,7483.0,411.0,302.9
NICA,1/11/2016,700.0,705.0,695.0,700.0,0.0,6752.0,411.0,302.9
NICA,1/12/2016,700.0,719.0,699.0,719.0,2.71,12534.0,411.0,302.9
NICA,1/13/2016,719.0,715.0,706.0,706.0,-1.81,1880.0,411.0,302.9
NICA,1/14/2016,706.0,708.0,700.0,705.0,-0.14,4225.0,411.0,302.9
NICA,1/17/2016,705.0,729.0,705.0,729.0,3.4,6444.0,411.0,302.9
NICA,1/18/2016,729.0,765.0,715.0,724.0,-0.69,9066.0,411.0,302.9
NICA,1/19/2016,724.0,728.0,718.0,728.0,0.55,4087.0,411.0,302.9
NICA,1/20/2016,728.0,720.0,715.0,715.0,-1.79,4750.0,411.0,302.9
NICA,1/21/2016,715.0,717.0,711.0,714.0,-0.14,8086.0,411.0,302.9
NICA,1/24/2016,714.0,724.0,715.0,720.0,0.84,9158.0,411.0,302.9
NICA,1/25/2016,720.0,730.0,715.0,720.0,0.0,14597.0,411.0,302.9
NICA,1/26/2016,720.0,724.0,715.0,720.0,0.0,11030.0,411.0,302.9
NICA,1/27/2016,720.0,720.0,710.0,712.0,-1.11,4489.0,411.0,302.9
NICA,1/28/2016,712.0,711.0,707.0,710.0,-0.28,8349.0,411.0,302.9
NICA,1/31/2016,710.0,710.0,700.0,709.0,-0.14,3143.0,411.0,302.9
NICA,2/1/2016,709.0,726.0,710.0,721.0,1.69,10652.0,411.0,302.9
NICA,2/2/2016,721.0,740.0,720.0,723.0,0.28,29888.0,411.0,302.9
NICA,2/3/2016,723.0,750.0,725.0,725.0,0.28,27172.0,411.0,302.9
NICA,2/4/2016,725.0,735.0,724.0,726.0,0.14,14681.0,411.0,302.9
NICA,2/7/2016,726.0,740.0,722.0,726.0,0.0,12458.0,411.0,302.9
NICA,2/8/2016,726.0,732.0,722.0,722.0,-0.55,17546.0,411.0,302.9
NICA,2/11/2016,722.0,726.0,720.0,723.0,0.14,8473.0,411.0,302.9
NICA,2/14/2016,723.0,737.0,722.0,722.0,-0.14,13211.0,411.0,302.9
NICA,2/15/2016,722.0,725.0,714.0,718.0,-0.55,5195.0,411.0,302.9
NICA,2/16/2016,718.0,720.0,711.0,711.0,-0.97,8228.0,411.0,302.9
NICA,2/17/2016,711.0,725.0,710.0,723.0,1.69,8159.0,411.0,302.9
NICA,2/18/2016,723.0,738.0,709.0,733.0,1.38,21176.0,411.0,302.9
NICA,2/21/2016,733.0,759.0,740.0,749.0,2.18,38252.0,411.0,302.9
NICA,2/22/2016,749.0,760.0,737.0,755.0,0.8,29107.0,411.0,302.9
NICA,2/23/2016,755.0,769.0,747.0,755.0,0.0,11757.0,411.0,302.9
NICA,2/24/2016,755.0,760.0,740.0,745.0,-1.32,8323.0,411.0,302.9
NICA,2/25/2016,745.0,748.0,725.0,744.0,-0.13,10460.0,411.0,302.9
NICA,2/28/2016,744.0,750.0,735.0,741.0,-0.4,14002.0,411.0,302.9
NICA,2/29/2016,741.0,745.0,735.0,740.0,-0.13,18226.0,411.0,302.9
NICA,3/1/2016,740.0,742.0,735.0,735.0,-0.68,3637.0,411.0,302.9
NICA,3/2/2016,735.0,742.0,730.0,741.0,0.82,7179.0,411.0,302.9
NICA,3/3/2016,741.0,743.0,738.0,740.0,-0.13,11804.0,411.0,302.9
NICA,3/6/2016,740.0,749.0,740.0,745.0,0.68,5534.0,411.0,302.9
NICA,3/10/2016,745.0,750.0,740.0,742.0,-0.4,15243.0,411.0,302.9
NICA,3/13/2016,742.0,756.0,741.0,741.0,-0.13,9949.0,411.0,302.9
NICA,3/14/2016,741.0,744.0,739.0,740.0,-0.13,14969.0,411.0,302.9
NICA,3/15/2016,740.0,742.0,738.0,740.0,0.0,6928.0,411.0,302.9
NICA,3/16/2016,740.0,746.0,737.0,739.0,-0.14,13251.0,411.0,302.9
NICA,3/17/2016,739.0,753.0,741.0,742.0,0.41,5356.0,411.0,302.9
NICA,3/20/2016,742.0,749.0,739.0,747.0,0.67,8174.0,411.0,302.9
NICA,3/21/2016,747.0,761.0,746.0,750.0,0.4,16186.0,411.0,302.9
NICA,3/23/2016,750.0,761.0,745.0,755.0,0.67,6157.0,411.0,302.9
NICA,3/24/2016,755.0,762.0,750.0,760.0,0.66,35795.0,411.0,302.9
NICA,3/27/2016,760.0,800.0,770.0,785.0,3.29,24001.0,411.0,302.9
NICA,3/28/2016,785.0,800.0,780.0,790.0,0.64,15039.0,411.0,302.9
NICA,3/29/2016,790.0,792.0,768.0,780.0,-1.27,11369.0,411.0,302.9
NICA,3/30/2016,780.0,782.0,774.0,774.0,-0.77,7723.0,411.0,302.9
NICA,3/31/2016,774.0,775.0,762.0,765.0,-1.16,7924.0,411.0,302.9
NICA,4/3/2016,765.0,770.0,752.0,767.0,0.26,9855.0,411.0,302.9
NICA,4/4/2016,767.0,773.0,761.0,770.0,0.39,5189.0,411.0,302.9
NICA,4/5/2016,770.0,785.0,775.0,775.0,0.65,5184.0,411.0,302.9
NICA,4/6/2016,775.0,779.0,772.0,775.0,0.0,9094.0,411.0,302.9
NICA,4/10/2016,775.0,790.0,776.0,776.0,0.13,10945.0,411.0,302.9
NICA,4/11/2016,776.0,781.0,776.0,776.0,0.0,7145.0,411.0,302.9
NICA,4/12/2016,776.0,790.0,778.0,782.0,0.77,12984.0,411.0,302.9
NICA,4/14/2016,782.0,836.0,785.0,807.0,3.2,18822.0,411.0,302.9
NICA,4/17/2016,807.0,830.0,813.0,830.0,2.85,18250.0,411.0,302.9
NICA,4/18/2016,830.0,877.0,833.0,872.0,5.06,30191.0,411.0,302.9
NICA,4/19/2016,872.0,884.0,843.0,854.0,-2.06,36006.0,411.0,302.9
NICA,4/20/2016,854.0,866.0,852.0,859.0,0.59,19102.0,411.0,302.9
NICA,4/21/2016,859.0,867.0,847.0,851.0,-0.93,20159.0,411.0,302.9
NICA,4/24/2016,851.0,871.0,843.0,850.0,-0.12,29317.0,411.0,302.9
NICA,4/25/2016,850.0,880.0,856.0,875.0,2.94,44819.0,411.0,302.9
NICA,4/26/2016,875.0,888.0,863.0,863.0,-1.37,33328.0,411.0,302.9
NICA,4/27/2016,863.0,880.0,851.0,876.0,1.51,23594.0,411.0,302.9
NICA,4/28/2016,876.0,878.0,860.0,865.0,-1.26,17778.0,411.0,302.9
NICA,5/2/2016,865.0,871.0,856.0,861.0,-0.46,19569.0,411.0,302.9
NICA,5/3/2016,861.0,865.0,858.0,864.0,0.35,25556.0,411.0,302.9
NICA,5/4/2016,864.0,879.0,855.0,878.0,1.62,56355.0,411.0,302.9
NICA,5/5/2016,878.0,903.0,864.0,900.0,2.51,58825.0,411.0,302.9
NICA,5/8/2016,900.0,950.0,914.0,950.0,5.56,128264.0,411.0,302.9
NICA,5/9/2016,950.0,969.0,934.0,959.0,0.95,77126.0,411.0,302.9
NICA,5/10/2016,959.0,965.0,926.0,935.0,-2.5,62743.0,411.0,302.9
NICA,5/11/2016,935.0,935.0,911.0,920.0,-1.6,81424.0,411.0,302.9
NICA,5/12/2016,920.0,944.0,913.0,923.0,0.33,144468.0,411.0,302.9
NICA,5/15/2016,758.0,788.0,758.0,780.0,-15.49,42382.0,411.0,302.9
NICA,5/16/2016,780.0,780.0,766.0,772.0,-1.03,15287.0,411.0,302.9
NICA,5/17/2016,772.0,771.0,760.0,763.0,-1.17,6985.0,411.0,302.9
NICA,5/18/2016,763.0,771.0,763.0,770.0,0.92,17096.0,411.0,302.9
NICA,5/19/2016,770.0,785.0,755.0,768.0,-0.26,25776.0,411.0,302.9
NICA,5/22/2016,768.0,784.0,765.0,775.0,0.91,17858.0,411.0,302.9
NICA,5/23/2016,775.0,784.0,775.0,777.0,0.26,31204.0,411.0,302.9
NICA,5/24/2016,777.0,799.0,782.0,790.0,1.67,31735.0,411.0,302.9
NICA,5/25/2016,790.0,796.0,768.0,771.0,-2.41,28732.0,411.0,302.9
NICA,5/26/2016,771.0,780.0,755.0,772.0,0.13,37018.0,411.0,302.9
NICA,5/29/2016,772.0,775.0,754.0,756.0,-2.07,18969.0,411.0,302.9
NICA,5/30/2016,756.0,760.0,745.0,745.0,-1.46,16065.0,411.0,302.9
NICA,5/31/2016,745.0,757.0,746.0,749.0,0.54,31109.0,411.0,302.9
NICA,6/1/2016,749.0,755.0,740.0,747.0,-0.27,20448.0,411.0,302.9
NICA,6/2/2016,747.0,750.0,732.0,740.0,-0.94,29789.0,411.0,302.9
NICA,6/5/2016,740.0,740.0,718.0,718.0,-2.97,21699.0,411.0,302.9
NICA,6/6/2016,718.0,750.0,710.0,732.0,1.95,14794.0,411.0,302.9
NICA,6/7/2016,732.0,749.0,735.0,741.0,1.23,20109.0,411.0,302.9
NICA,6/8/2016,741.0,760.0,745.0,750.0,1.21,9532.0,411.0,302.9
NICA,6/9/2016,750.0,750.0,743.0,743.0,-0.93,14948.0,411.0,302.9
NICA,6/12/2016,743.0,760.0,730.0,754.0,1.48,26571.0,411.0,302.9
NICA,6/13/2016,754.0,780.0,738.0,760.0,0.8,15077.0,411.0,302.9
NICA,6/14/2016,760.0,763.0,748.0,756.0,-0.53,26580.0,411.0,302.9
NICA,6/15/2016,756.0,755.0,735.0,745.0,-1.46,19930.0,411.0,302.9
NICA,6/16/2016,745.0,751.0,736.0,745.0,0.0,19188.0,411.0,302.9
NICA,6/19/2016,745.0,749.0,730.0,736.0,-1.21,12918.0,411.0,302.9
NICA,6/20/2016,736.0,749.0,735.0,739.0,0.41,9017.0,411.0,302.9
NICA,6/21/2016,739.0,749.0,739.0,745.0,0.81,12279.0,411.0,302.9
NICA,6/22/2016,745.0,770.0,751.0,759.0,1.88,30361.0,411.0,302.9
NICA,6/23/2016,759.0,770.0,756.0,757.0,-0.26,14530.0,411.0,302.9
NICA,6/26/2016,757.0,775.0,760.0,774.0,2.25,13930.0,411.0,302.9
NICA,6/27/2016,774.0,800.0,780.0,800.0,3.36,34968.0,411.0,302.9
NICA,6/28/2016,800.0,829.0,800.0,810.0,1.25,42740.0,411.0,302.9
NICA,6/29/2016,810.0,819.0,805.0,812.0,0.25,37075.0,411.0,302.9
NICA,6/30/2016,812.0,811.0,794.0,808.0,-0.49,24263.0,411.0,302.9
NICA,7/3/2016,808.0,802.0,784.0,797.0,-1.36,19671.0,411.0,302.9
NICA,7/4/2016,797.0,800.0,790.0,795.0,-0.25,14872.0,411.0,302.9
NICA,7/5/2016,795.0,801.0,775.0,794.0,-0.13,9935.0,411.0,302.9
NICA,7/6/2016,794.0,805.0,793.0,799.0,0.63,16892.0,411.0,302.9
NICA,7/10/2016,799.0,805.0,790.0,800.0,0.13,35767.0,411.0,302.9
NICA,7/11/2016,800.0,814.0,790.0,790.0,-1.25,27117.0,411.0,302.9
NICA,7/12/2016,790.0,799.0,776.0,783.0,-0.89,26481.0,411.0,302.9
NICA,7/13/2016,783.0,780.0,765.0,778.0,-0.64,21074.0,411.0,302.9
NICA,7/14/2016,778.0,804.0,780.0,798.0,2.57,38266.0,411.0,302.9
NICA,7/17/2016,798.0,825.0,795.0,824.0,3.26,32592.0,411.0,302.9
NICA,7/18/2016,824.0,906.0,840.0,880.0,6.8,56056.0,411.0,302.9
NICA,7/19/2016,880.0,910.0,863.0,898.0,2.05,80145.0,411.0,302.9
NICA,7/20/2016,898.0,933.0,878.0,904.0,0.67,84210.0,411.0,302.9
NICA,7/21/2016,904.0,919.0,880.0,890.0,-1.55,43448.0,411.0,302.9
NICA,7/25/2016,890.0,901.0,885.0,899.0,1.01,55981.0,411.0,302.9
NICA,7/26/2016,899.0,925.0,895.0,901.0,0.22,47795.0,411.0,302.9
NICA,7/27/2016,901.0,934.0,901.0,914.0,1.44,43251.0,411.0,302.9
NICA,7/28/2016,914.0,922.0,900.0,910.0,-0.44,42814.0,411.0,302.9
NICA,7/31/2016,910.0,910.0,895.0,896.0,-1.54,22432.0,411.0,302.9
NICA,8/1/2016,896.0,896.0,868.0,879.0,-1.9,31294.0,411.0,302.9
NICA,8/2/2016,879.0,885.0,868.0,873.0,-0.68,18631.0,411.0,302.9
NICA,8/3/2016,873.0,875.0,850.0,869.0,-0.46,23967.0,411.0,302.9
NICA,8/4/2016,869.0,860.0,837.0,845.0,-2.76,37522.0,411.0,302.9
NICA,8/7/2016,845.0,872.0,845.0,849.0,0.47,30297.0,411.0,302.9
NICA,8/8/2016,849.0,835.0,790.0,791.0,-6.83,19988.0,411.0,302.9
NICA,8/9/2016,791.0,854.0,806.0,854.0,7.96,2400.0,411.0,302.9
NICA,8/10/2016,854.0,881.0,810.0,850.0,-0.47,43751.0,411.0,302.9
NICA,8/11/2016,850.0,852.0,845.0,846.0,-0.47,18495.0,411.0,302.9
NICA,8/14/2016,846.0,850.0,817.0,830.0,-1.89,23569.0,411.0,302.9
NICA,8/15/2016,830.0,820.0,800.0,815.0,-1.81,19258.0,411.0,302.9
NICA,8/16/2016,815.0,820.0,799.0,811.0,-0.49,17079.0,411.0,302.9
NICA,8/17/2016,811.0,844.0,819.0,838.0,3.33,13932.0,411.0,302.9
NICA,8/21/2016,838.0,840.0,812.0,820.0,-2.15,10624.0,411.0,302.9
NICA,8/22/2016,820.0,813.0,804.0,805.0,-1.83,13402.0,411.0,302.9
NICA,8/23/2016,805.0,818.0,799.0,810.0,0.62,14078.0,411.0,302.9
NICA,8/24/2016,810.0,826.0,804.0,820.0,1.23,20315.0,411.0,302.9
NICA,8/28/2016,820.0,890.0,836.0,890.0,8.54,125529.0,411.0,302.9
NICA,8/29/2016,890.0,893.0,878.0,884.0,-0.67,50459.0,411.0,302.9
NICA,8/30/2016,884.0,903.0,885.0,892.0,0.9,40767.0,411.0,302.9
NICA,8/31/2016,892.0,895.0,880.0,890.0,-0.22,23912.0,411.0,302.9
NICA,9/1/2016,890.0,900.0,885.0,889.0,-0.11,27977.0,411.0,302.9
NICA,9/3/2016,889.0,904.0,885.0,885.0,-0.45,16990.0,411.0,302.9
NICA,9/4/2016,889.0,904.0,885.0,885.0,0.0,16990.0,411.0,302.9
NICA,9/5/2016,885.0,900.0,888.0,895.0,1.13,54714.0,411.0,302.9
NICA,9/6/2016,895.0,918.0,893.0,912.0,1.9,49187.0,411.0,302.9
NICA,9/7/2016,912.0,902.0,880.0,895.0,-1.86,25027.0,411.0,302.9
NICA,9/8/2016,895.0,903.0,890.0,903.0,0.89,17857.0,411.0,302.9
NICA,9/11/2016,903.0,903.0,881.0,895.0,-0.89,38682.0,411.0,302.9
NICA,9/12/2016,895.0,901.0,880.0,899.0,0.45,39233.0,411.0,302.9
NICA,9/14/2016,899.0,920.0,894.0,894.0,-0.56,80530.0,411.0,302.9
NICA,9/18/2016,894.0,894.0,875.0,885.0,-1.01,49880.0,411.0,302.9
NICA,9/20/2016,885.0,898.0,867.0,880.0,-0.56,144031.0,411.0,302.9
NICA,9/21/2016,698.0,711.0,665.0,680.0,-22.73,18405.0,411.0,302.9
NICA,9/22/2016,680.0,680.0,661.0,665.0,-2.21,17244.0,411.0,302.9
NICA,9/25/2016,665.0,655.0,630.0,635.0,-4.51,21743.0,411.0,302.9
NICA,9/26/2016,635.0,663.0,626.0,663.0,4.41,12019.0,411.0,302.9
NICA,9/27/2016,663.0,671.0,650.0,660.0,-0.45,13753.0,411.0,302.9
NICA,9/28/2016,660.0,660.0,646.0,650.0,-1.52,9601.0,411.0,302.9
NICA,9/29/2016,650.0,663.0,642.0,650.0,0.0,10265.0,411.0,302.9
NICA,10/2/2016,650.0,660.0,645.0,648.0,-0.31,8574.0,411.0,302.9
NICA,10/3/2016,648.0,660.0,650.0,658.0,1.54,6433.0,411.0,302.9
NICA,10/4/2016,658.0,664.0,655.0,663.0,0.76,8348.0,411.0,302.9
NICA,10/5/2016,663.0,680.0,659.0,680.0,2.56,9946.0,411.0,302.9
NICA,10/6/2016,680.0,683.0,674.0,678.0,-0.29,8003.0,411.0,302.9
NICA,10/16/2016,678.0,666.0,658.0,660.0,-2.65,3547.0,411.0,302.9
NICA,10/17/2016,660.0,660.0,647.0,651.0,-1.36,5758.0,411.0,302.9
NICA,10/18/2016,651.0,655.0,644.0,646.0,-0.77,6085.0,411.0,302.9
NICA,10/19/2016,646.0,651.0,642.0,648.0,0.31,6977.0,411.0,302.9
NICA,10/20/2016,648.0,651.0,643.0,648.0,0.0,3303.0,411.0,302.9
NICA,10/23/2016,648.0,650.0,633.0,635.0,-2.01,6063.0,411.0,302.9
NICA,10/24/2016,635.0,636.0,624.0,627.0,-1.26,6771.0,411.0,302.9
NICA,10/25/2016,627.0,626.0,610.0,615.0,-1.91,10593.0,411.0,302.9
NICA,10/26/2016,615.0,615.0,600.0,609.0,-0.98,19957.0,411.0,302.9
NICA,10/27/2016,609.0,620.0,608.0,610.0,0.16,6749.0,411.0,302.9
NICA,11/3/2016,610.0,620.0,608.0,614.0,0.66,2568.0,411.0,302.9
NICA,11/7/2016,614.0,618.0,606.0,612.0,-0.33,9272.0,411.0,302.9
NICA,11/8/2016,612.0,612.0,595.0,596.0,-2.61,6455.0,411.0,302.9
NICA,11/9/2016,596.0,606.0,580.0,582.0,-2.35,10255.0,411.0,302.9
NICA,11/10/2016,582.0,598.0,587.0,591.0,1.55,19889.0,411.0,302.9
NICA,11/13/2016,591.0,592.0,585.0,587.0,-0.68,6912.0,411.0,302.9
NICA,11/14/2016,587.0,595.0,582.0,586.0,-0.17,12668.0,411.0,302.9
NICA,11/15/2016,586.0,592.0,570.0,570.0,-2.73,15963.0,411.0,302.9
NICA,11/16/2016,570.0,579.0,570.0,570.0,0.0,8105.0,411.0,302.9
NICA,11/17/2016,570.0,575.0,545.0,547.0,-4.04,21731.0,411.0,302.9
NICA,11/20/2016,547.0,550.0,522.0,530.0,-3.11,39521.0,411.0,302.9
NICA,11/21/2016,530.0,565.0,527.0,545.0,2.83,18853.0,411.0,302.9
NICA,11/22/2016,545.0,550.0,525.0,540.0,-0.92,18744.0,411.0,302.9
NICA,11/23/2016,540.0,542.0,525.0,533.0,-1.3,22374.0,411.0,302.9
NICA,11/24/2016,533.0,553.0,525.0,535.0,0.38,15416.0,411.0,302.9
NICA,11/27/2016,535.0,531.0,505.0,508.0,-5.05,20997.0,411.0,302.9
NICA,11/28/2016,508.0,545.0,488.0,534.0,5.12,21646.0,411.0,302.9
NICA,11/29/2016,534.0,566.0,514.0,562.0,5.24,21579.0,411.0,302.9
NICA,11/30/2016,562.0,580.0,555.0,573.0,1.96,21959.0,411.0,302.9
NICA,12/1/2016,573.0,582.0,560.0,569.0,-0.7,24219.0,411.0,302.9
NICA,12/4/2016,569.0,567.0,555.0,555.0,-2.46,14632.0,411.0,302.9
NICA,12/5/2016,555.0,560.0,528.0,533.0,-3.96,15295.0,411.0,302.9
NICA,12/6/2016,533.0,545.0,530.0,539.0,1.13,14565.0,411.0,302.9
NICA,12/7/2016,539.0,544.0,535.0,539.0,0.0,7217.0,411.0,302.9
NICA,12/8/2016,539.0,540.0,534.0,536.0,-0.56,8066.0,411.0,302.9
NICA,12/11/2016,536.0,538.0,522.0,529.0,-1.31,10906.0,411.0,302.9
NICA,12/12/2016,529.0,537.0,515.0,530.0,0.19,3967.0,411.0,302.9
NICA,12/14/2016,530.0,540.0,521.0,534.0,0.75,9427.0,411.0,302.9
NICA,12/15/2016,534.0,537.0,530.0,537.0,0.56,5999.0,411.0,302.9
NICA,12/18/2016,537.0,537.0,525.0,535.0,-0.37,6606.0,411.0,302.9
NICA,12/19/2016,535.0,537.0,525.0,525.0,-1.87,6368.0,411.0,302.9
NICA,12/20/2016,525.0,525.0,512.0,520.0,-0.95,5450.0,411.0,302.9
NICA,12/21/2016,520.0,519.0,501.0,510.0,-1.92,8363.0,411.0,302.9
NICA,12/22/2016,510.0,515.0,501.0,514.0,0.78,3320.0,411.0,302.9
NICA,12/26/2016,514.0,515.0,493.0,497.0,-3.31,9448.0,411.0,302.9
NICA,12/27/2016,497.0,505.0,476.0,482.0,-3.02,13779.0,411.0,302.9
NICA,12/28/2016,482.0,495.0,480.0,486.0,0.83,11911.0,411.0,302.9
NICA,12/29/2016,486.0,502.0,494.0,502.0,3.29,15310.0,411.0,302.9
NICA,1/1/2017,502.0,516.0,502.0,510.0,1.59,7855.0,411.0,302.9
NICA,1/2/2017,510.0,522.0,508.0,522.0,2.35,9528.0,411.0,302.9
NICA,1/3/2017,522.0,520.0,503.0,508.0,-2.68,11020.0,411.0,302.9
NICA,1/4/2017,508.0,510.0,493.0,508.0,0.0,7959.0,411.0,302.9
NICA,1/5/2017,508.0,508.0,496.0,503.0,-0.98,11264.0,411.0,302.9
NICA,1/8/2017,503.0,500.0,490.0,497.0,-1.19,14975.0,411.0,302.9
NICA,1/9/2017,497.0,503.0,491.0,503.0,1.21,12959.0,411.0,302.9
NICA,1/10/2017,503.0,508.0,501.0,501.0,-0.4,7145.0,411.0,302.9
NICA,1/11/2017,501.0,510.0,499.0,500.0,-0.2,8569.0,411.0,302.9
NICA,1/12/2017,500.0,505.0,498.0,505.0,1.0,11634.0,411.0,302.9
NICA,1/15/2017,505.0,505.0,495.0,503.0,-0.4,2861.0,411.0,302.9
NICA,1/16/2017,503.0,503.0,495.0,497.0,-1.19,7255.0,411.0,302.9
NICA,1/17/2017,497.0,500.0,492.0,500.0,0.6,8214.0,411.0,302.9
NICA,1/18/2017,500.0,510.0,491.0,499.0,-0.2,12104.0,411.0,302.9
NICA,1/19/2017,499.0,500.0,495.0,496.0,-0.6,5109.0,411.0,302.9
NICA,1/22/2017,496.0,501.0,494.0,494.0,-0.4,8247.0,411.0,302.9
NICA,1/23/2017,494.0,493.0,488.0,488.0,-1.21,9530.0,411.0,302.9
NICA,1/24/2017,488.0,494.0,471.0,480.0,-1.64,12559.0,411.0,302.9
NICA,1/25/2017,480.0,479.0,454.0,465.0,-3.12,13693.0,411.0,302.9
NICA,1/26/2017,465.0,469.0,447.0,456.0,-1.94,20406.0,411.0,302.9
NICA,1/30/2017,456.0,451.0,437.0,445.0,-2.41,21770.0,411.0,302.9
NICA,1/31/2017,445.0,464.0,439.0,455.0,2.25,10784.0,411.0,302.9
NICA,2/1/2017,455.0,479.0,456.0,477.0,4.84,11343.0,411.0,302.9
NICA,2/2/2017,477.0,495.0,462.0,475.0,-0.42,15489.0,411.0,302.9
NICA,2/5/2017,475.0,473.0,453.0,466.0,-1.89,5095.0,411.0,302.9
NICA,2/6/2017,466.0,466.0,458.0,460.0,-1.29,5397.0,411.0,302.9
NICA,2/7/2017,460.0,463.0,434.0,458.0,-0.43,11518.0,411.0,302.9
NICA,2/8/2017,458.0,459.0,435.0,438.0,-4.37,23079.0,411.0,302.9
NICA,2/9/2017,438.0,435.0,421.0,426.0,-2.74,21780.0,411.0,302.9
NICA,2/12/2017,426.0,426.0,407.0,414.0,-2.82,16125.0,411.0,302.9
NICA,2/13/2017,414.0,423.0,400.0,423.0,2.17,31399.0,411.0,302.9
NICA,2/14/2017,423.0,423.0,405.0,407.0,-3.78,11603.0,411.0,302.9
NICA,2/15/2017,407.0,430.0,410.0,429.0,5.41,12093.0,411.0,302.9
NICA,2/16/2017,429.0,448.0,421.0,446.0,3.96,25025.0,411.0,302.9
NICA,2/19/2017,446.0,454.0,423.0,444.0,-0.45,30607.0,411.0,302.9
NICA,2/20/2017,444.0,451.0,439.0,440.0,-0.9,16082.0,411.0,302.9
NICA,2/21/2017,440.0,449.0,432.0,435.0,-1.14,18519.0,411.0,302.9
NICA,2/22/2017,435.0,435.0,425.0,425.0,-2.3,8577.0,411.0,302.9
NICA,2/23/2017,425.0,433.0,420.0,422.0,-0.71,11868.0,411.0,302.9
NICA,2/26/2017,422.0,425.0,418.0,420.0,-0.47,3185.0,411.0,302.9
NICA,2/28/2017,420.0,422.0,410.0,417.0,-0.71,3580.0,411.0,302.9
NICA,3/1/2017,417.0,420.0,417.0,419.0,0.48,5816.0,411.0,302.9
NICA,3/2/2017,419.0,424.0,419.0,423.0,0.95,7026.0,411.0,302.9
NICA,3/5/2017,423.0,431.0,416.0,431.0,1.89,6998.0,411.0,302.9
NICA,3/6/2017,431.0,438.0,426.0,431.0,0.0,10286.0,411.0,302.9
NICA,3/7/2017,431.0,430.0,422.0,425.0,-1.39,3819.0,411.0,302.9
NICA,3/9/2017,425.0,437.0,425.0,432.0,1.65,8613.0,411.0,302.9
NICA,3/13/2017,432.0,439.0,432.0,435.0,0.69,10695.0,411.0,302.9
NICA,3/14/2017,435.0,441.0,435.0,435.0,0.0,16549.0,411.0,302.9
NICA,3/15/2017,435.0,440.0,430.0,439.0,0.92,10404.0,411.0,302.9
NICA,3/16/2017,439.0,444.0,437.0,440.0,0.23,16755.0,411.0,302.9
NICA,3/19/2017,440.0,450.0,436.0,449.0,2.05,29956.0,411.0,302.9
NICA,3/20/2017,403.0,424.0,403.0,424.0,-5.57,7412.0,411.0,302.9
NICA,3/21/2017,424.0,432.0,418.0,432.0,1.89,7603.0,411.0,302.9
NICA,3/22/2017,432.0,451.0,433.0,436.0,0.93,21202.0,411.0,302.9
NICA,3/23/2017,436.0,444.0,428.0,432.0,-0.92,11678.0,411.0,302.9
NICA,3/26/2017,432.0,455.0,435.0,450.0,4.17,15335.0,411.0,302.9
NICA,3/28/2017,450.0,477.0,450.0,477.0,6.0,11946.0,411.0,302.9
NICA,3/29/2017,477.0,504.0,451.0,471.0,-1.26,29039.0,411.0,302.9
NICA,3/30/2017,471.0,470.0,460.0,460.0,-2.34,11655.0,411.0,302.9
NICA,4/2/2017,460.0,496.0,469.0,491.0,6.74,9033.0,411.0,302.9
NICA,4/3/2017,491.0,540.0,482.0,490.0,-0.2,22972.0,411.0,302.9
NICA,4/4/2017,490.0,510.0,481.0,485.0,-1.02,28912.0,411.0,302.9
NICA,4/6/2017,485.0,488.0,472.0,484.0,-0.21,10529.0,411.0,302.9
NICA,4/9/2017,484.0,499.0,479.0,480.0,-0.83,13087.0,411.0,302.9
NICA,4/10/2017,480.0,485.0,476.0,482.0,0.42,7953.0,411.0,302.9
NICA,4/11/2017,482.0,518.0,482.0,515.0,6.85,25801.0,411.0,302.9
NICA,4/12/2017,515.0,525.0,508.0,508.0,-1.36,37185.0,411.0,302.9
NICA,4/13/2017,508.0,516.0,498.0,504.0,-0.79,21185.0,411.0,302.9
NICA,4/16/2017,504.0,510.0,482.0,482.0,-4.37,7761.0,411.0,302.9
NICA,4/18/2017,482.0,490.0,463.0,469.0,-2.7,15342.0,411.0,302.9
NICA,4/19/2017,469.0,502.0,470.0,502.0,7.04,23524.0,411.0,302.9
NICA,4/20/2017,502.0,520.0,485.0,495.0,-1.39,25355.0,411.0,302.9
NICA,4/23/2017,495.0,530.0,504.0,509.0,2.83,28303.0,411.0,302.9
NICA,4/24/2017,509.0,507.0,495.0,495.0,-2.75,13024.0,411.0,302.9
NICA,4/25/2017,495.0,500.0,488.0,492.0,-0.61,18904.0,411.0,302.9
NICA,4/26/2017,492.0,498.0,485.0,489.0,-0.61,10384.0,411.0,302.9
NICA,4/27/2017,489.0,493.0,478.0,483.0,-1.23,6941.0,411.0,302.9
NICA,4/30/2017,483.0,485.0,464.0,470.0,-2.69,32564.0,411.0,302.9
NICA,5/2/2017,470.0,479.0,457.0,470.0,0.0,7684.0,411.0,302.9
NICA,5/3/2017,470.0,489.0,470.0,475.0,1.06,12835.0,411.0,302.9
NICA,5/4/2017,475.0,476.0,466.0,471.0,-0.84,13536.0,411.0,302.9
NICA,5/7/2017,471.0,472.0,460.0,463.0,-1.7,11320.0,411.0,302.9
NICA,5/8/2017,463.0,470.0,462.0,465.0,0.43,4816.0,411.0,302.9
NICA,5/9/2017,465.0,468.0,462.0,466.0,0.22,12151.0,411.0,302.9
NICA,5/11/2017,466.0,473.0,465.0,470.0,0.86,12123.0,411.0,302.9
NICA,5/15/2017,470.0,483.0,466.0,472.0,0.43,8925.0,411.0,302.9
NICA,5/16/2017,472.0,470.0,464.0,465.0,-1.48,8482.0,411.0,302.9
NICA,5/17/2017,465.0,472.0,461.0,464.0,-0.22,10087.0,411.0,302.9
NICA,5/18/2017,464.0,468.0,460.0,465.0,0.22,12050.0,411.0,302.9
NICA,5/21/2017,465.0,465.0,459.0,460.0,-1.08,13712.0,411.0,302.9
NICA,5/22/2017,460.0,456.0,450.0,453.0,-1.52,9814.0,411.0,302.9
NICA,5/23/2017,453.0,465.0,455.0,462.0,1.99,6832.0,411.0,302.9
NICA,5/24/2017,462.0,463.0,456.0,461.0,-0.22,7177.0,411.0,302.9
NICA,5/28/2017,461.0,455.0,450.0,455.0,-1.3,7627.0,411.0,302.9
NICA,5/30/2017,455.0,463.0,449.0,451.0,-0.88,13491.0,411.0,302.9
NICA,5/31/2017,451.0,458.0,447.0,455.0,0.89,12546.0,411.0,302.9
NICA,6/1/2017,455.0,460.0,450.0,450.0,-1.1,6680.0,411.0,302.9
NICA,6/4/2017,450.0,455.0,444.0,447.0,-0.67,17317.0,411.0,302.9
NICA,6/5/2017,447.0,459.0,442.0,455.0,1.79,14454.0,411.0,302.9
NICA,6/6/2017,455.0,465.0,455.0,465.0,2.2,14634.0,411.0,302.9
NICA,6/7/2017,465.0,470.0,452.0,453.0,-2.58,16302.0,411.0,302.9
NICA,6/8/2017,453.0,465.0,445.0,450.0,-0.66,11279.0,411.0,302.9
NICA,6/11/2017,450.0,447.0,438.0,438.0,-2.67,20165.0,411.0,302.9
NICA,6/12/2017,438.0,442.0,432.0,435.0,-0.68,6720.0,411.0,302.9
NICA,6/13/2017,435.0,446.0,431.0,440.0,1.15,7458.0,411.0,302.9
NICA,6/14/2017,440.0,446.0,435.0,440.0,0.0,7361.0,411.0,302.9
NICA,6/15/2017,440.0,447.0,430.0,445.0,1.14,13314.0,411.0,302.9
NICA,6/18/2017,445.0,447.0,433.0,438.0,-1.57,7346.0,411.0,302.9
NICA,6/19/2017,438.0,440.0,433.0,436.0,-0.46,2687.0,411.0,302.9
NICA,6/20/2017,436.0,437.0,425.0,436.0,0.0,8393.0,411.0,302.9
NICA,6/21/2017,436.0,437.0,428.0,431.0,-1.15,6474.0,411.0,302.9
NICA,6/22/2017,431.0,433.0,430.0,432.0,0.23,6999.0,411.0,302.9
NICA,6/25/2017,432.0,441.0,433.0,439.0,1.62,10108.0,411.0,302.9
NICA,6/27/2017,439.0,444.0,435.0,442.0,0.68,11037.0,411.0,302.9
NICA,6/28/2017,442.0,442.0,435.0,436.0,-1.36,11771.0,411.0,302.9
NICA,7/2/2017,436.0,435.0,422.0,427.0,-2.06,10121.0,411.0,302.9
NICA,7/3/2017,427.0,432.0,426.0,430.0,0.7,7507.0,411.0,302.9
NICA,7/4/2017,430.0,440.0,424.0,431.0,0.23,9683.0,411.0,302.9
NICA,7/5/2017,431.0,435.0,428.0,435.0,0.93,7725.0,411.0,302.9
NICA,7/6/2017,435.0,442.0,434.0,441.0,1.38,7012.0,411.0,302.9
NICA,7/9/2017,441.0,452.0,440.0,445.0,0.91,15841.0,411.0,302.9
NICA,7/10/2017,445.0,446.0,443.0,445.0,0.0,6158.0,411.0,302.9
NICA,7/11/2017,445.0,450.0,440.0,446.0,0.22,4786.0,411.0,302.9
NICA,7/12/2017,446.0,452.0,445.0,450.0,0.9,8340.0,411.0,302.9
NICA,7/13/2017,450.0,448.0,443.0,445.0,-1.11,5038.0,411.0,302.9
NICA,7/16/2017,445.0,453.0,440.0,442.0,-0.67,11997.0,411.0,302.9
NICA,7/17/2017,442.0,455.0,444.0,455.0,2.94,11095.0,411.0,302.9
NICA,7/18/2017,455.0,475.0,458.0,474.0,4.18,30535.0,411.0,302.9
NICA,7/19/2017,474.0,483.0,468.0,470.0,-0.84,17403.0,411.0,302.9
NICA,7/20/2017,470.0,480.0,470.0,472.0,0.43,26329.0,411.0,302.9
NICA,7/23/2017,472.0,480.0,464.0,466.0,-1.27,30287.0,411.0,302.9
NICA,7/24/2017,466.0,470.0,456.0,460.0,-1.29,25111.0,411.0,302.9
NICA,7/25/2017,460.0,469.0,460.0,463.0,0.65,10580.0,411.0,302.9
NICA,7/26/2017,463.0,466.0,455.0,459.0,-0.86,16769.0,411.0,302.9
NICA,7/27/2017,459.0,465.0,457.0,458.0,-0.22,8279.0,411.0,302.9
NICA,7/30/2017,458.0,468.0,450.0,458.0,0.0,10079.0,411.0,302.9
NICA,7/31/2017,458.0,465.0,458.0,461.0,0.66,10283.0,411.0,302.9
NICA,8/1/2017,461.0,465.0,458.0,462.0,0.22,12151.0,411.0,302.9
NICA,8/2/2017,462.0,466.0,462.0,463.0,0.22,12444.0,411.0,302.9
NICA,8/3/2017,463.0,470.0,464.0,469.0,1.3,24579.0,411.0,302.9
NICA,8/6/2017,469.0,478.0,468.0,468.0,-0.21,18709.0,411.0,302.9
NICA,8/7/2017,468.0,474.0,468.0,468.0,0.0,18924.0,411.0,302.9
NICA,8/9/2017,468.0,475.0,465.0,465.0,-0.64,14262.0,411.0,302.9
NICA,8/10/2017,465.0,465.0,459.0,462.0,-0.65,8816.0,411.0,302.9
NICA,8/13/2017,462.0,473.0,465.0,467.0,1.08,54872.0,411.0,302.9
NICA,8/15/2017,467.0,470.0,459.0,463.0,-0.86,15597.0,411.0,302.9
NICA,8/16/2017,463.0,472.0,460.0,462.0,-0.22,17261.0,411.0,302.9
NICA,8/17/2017,462.0,470.0,460.0,462.0,0.0,20057.0,411.0,302.9
NICA,8/20/2017,462.0,465.0,456.0,456.0,-1.3,18074.0,411.0,302.9
NICA,8/21/2017,456.0,460.0,449.0,457.0,0.22,11655.0,411.0,302.9
NICA,8/22/2017,457.0,460.0,452.0,457.0,0.0,13414.0,411.0,302.9
NICA,8/23/2017,457.0,463.0,451.0,455.0,-0.44,16330.0,411.0,302.9
NICA,8/24/2017,455.0,460.0,455.0,458.0,0.66,13033.0,411.0,302.9
NICA,8/27/2017,458.0,481.0,464.0,470.0,2.62,62701.0,411.0,302.9
NICA,8/28/2017,470.0,472.0,462.0,465.0,-1.06,32657.0,411.0,302.9
NICA,8/30/2017,465.0,465.0,448.0,451.0,-3.01,87940.0,411.0,302.9
NICA,8/31/2017,451.0,450.0,438.0,441.0,-2.22,142581.0,411.0,302.9
NICA,9/4/2017,368.0,365.0,344.0,346.0,-21.54,23965.0,411.0,302.9
NICA,9/6/2017,346.0,358.0,345.0,349.0,0.87,15960.0,411.0,302.9
NICA,9/7/2017,349.0,353.0,345.0,345.0,-1.15,10659.0,411.0,302.9
NICA,9/10/2017,345.0,345.0,339.0,340.0,-1.45,19619.0,411.0,302.9
NICA,9/11/2017,340.0,346.0,335.0,346.0,1.76,14034.0,411.0,302.9
NICA,9/12/2017,346.0,345.0,335.0,342.0,-1.16,12972.0,411.0,302.9
NICA,9/13/2017,342.0,345.0,331.0,340.0,-0.58,9124.0,411.0,302.9
NICA,9/14/2017,340.0,349.0,335.0,346.0,1.76,13386.0,411.0,302.9
NICA,9/17/2017,346.0,353.0,344.0,353.0,2.02,10391.0,411.0,302.9
NICA,9/18/2017,353.0,357.0,352.0,353.0,0.0,9526.0,411.0,302.9
NICA,9/20/2017,353.0,352.0,346.0,348.0,-1.42,8406.0,411.0,302.9
NICA,9/24/2017,348.0,351.0,344.0,350.0,0.57,4527.0,411.0,302.9
NICA,9/25/2017,350.0,357.0,350.0,356.0,1.71,5365.0,411.0,302.9
NICA,9/26/2017,356.0,360.0,354.0,357.0,0.28,5974.0,411.0,302.9
NICA,10/3/2017,357.0,370.0,359.0,365.0,2.24,3978.0,411.0,302.9
NICA,10/4/2017,365.0,369.0,350.0,350.0,-4.11,10450.0,411.0,302.9
NICA,10/8/2017,350.0,350.0,341.0,348.0,-0.57,13409.0,411.0,302.9
NICA,10/9/2017,348.0,352.0,342.0,350.0,0.57,7348.0,411.0,302.9
NICA,10/10/2017,350.0,350.0,345.0,346.0,-1.14,12361.0,411.0,302.9
NICA,10/11/2017,346.0,351.0,342.0,351.0,1.45,8660.0,411.0,302.9
NICA,10/12/2017,351.0,357.0,352.0,354.0,0.85,8392.0,411.0,302.9
NICA,10/15/2017,354.0,355.0,349.0,355.0,0.28,6036.0,411.0,302.9
NICA,10/16/2017,355.0,372.0,355.0,372.0,4.79,11856.0,411.0,302.9
NICA,10/17/2017,372.0,382.0,363.0,375.0,0.81,18138.0,411.0,302.9
NICA,10/18/2017,375.0,378.0,369.0,378.0,0.8,8754.0,411.0,302.9
NICA,10/22/2017,378.0,381.0,365.0,369.0,-2.38,33415.0,411.0,302.9
NICA,10/23/2017,369.0,370.0,348.0,366.0,-0.81,21882.0,411.0,302.9
NICA,10/24/2017,366.0,368.0,359.0,362.0,-1.09,20778.0,411.0,302.9
NICA,10/25/2017,362.0,365.0,359.0,363.0,0.28,4063.0,411.0,302.9
NICA,10/29/2017,363.0,363.0,357.0,358.0,-1.38,11839.0,411.0,302.9
NICA,10/30/2017,358.0,363.0,353.0,363.0,1.4,10493.0,411.0,302.9
NICA,10/31/2017,363.0,364.0,362.0,363.0,0.0,3442.0,411.0,302.9
NICA,11/1/2017,363.0,363.0,357.0,357.0,-1.65,22323.0,411.0,302.9
NICA,11/2/2017,357.0,360.0,349.0,353.0,-1.12,10044.0,411.0,302.9
NICA,11/5/2017,353.0,360.0,347.0,360.0,1.98,16310.0,411.0,302.9
NICA,11/6/2017,360.0,356.0,346.0,354.0,-1.67,3918.0,411.0,302.9
NICA,11/7/2017,354.0,360.0,347.0,347.0,-1.98,9870.0,411.0,302.9
NICA,11/8/2017,347.0,346.0,338.0,340.0,-2.02,19862.0,411.0,302.9
NICA,11/9/2017,340.0,345.0,335.0,340.0,0.0,28151.0,411.0,302.9
NICA,11/12/2017,340.0,351.0,340.0,351.0,3.24,8625.0,411.0,302.9
NICA,11/13/2017,351.0,353.0,349.0,353.0,0.57,14865.0,411.0,302.9
NICA,11/14/2017,353.0,359.0,350.0,356.0,0.85,12073.0,411.0,302.9
NICA,11/15/2017,356.0,363.0,354.0,359.0,0.84,11657.0,411.0,302.9
NICA,11/16/2017,359.0,355.0,348.0,351.0,-2.23,15488.0,411.0,302.9
NICA,11/19/2017,351.0,355.0,343.0,350.0,-0.28,21715.0,411.0,302.9
NICA,11/20/2017,350.0,352.0,344.0,345.0,-1.43,27602.0,411.0,302.9
NICA,11/21/2017,345.0,351.0,344.0,350.0,1.45,5861.0,411.0,302.9
NICA,11/22/2017,350.0,351.0,346.0,351.0,0.29,12911.0,411.0,302.9
NICA,11/23/2017,351.0,360.0,351.0,360.0,2.56,7226.0,411.0,302.9
NICA,11/26/2017,360.0,365.0,360.0,365.0,1.39,16104.0,411.0,302.9
NICA,11/27/2017,365.0,366.0,361.0,362.0,-0.82,16846.0,411.0,302.9
NICA,11/28/2017,362.0,365.0,358.0,360.0,-0.55,11498.0,411.0,302.9
NICA,11/29/2017,360.0,371.0,360.0,367.0,1.94,24683.0,411.0,302.9
NICA,11/30/2017,367.0,372.0,365.0,370.0,0.82,11206.0,411.0,302.9
NICA,12/4/2017,370.0,371.0,358.0,361.0,-2.43,5819.0,411.0,302.9
NICA,12/5/2017,361.0,365.0,358.0,363.0,0.55,9511.0,411.0,302.9
NICA,12/6/2017,363.0,365.0,358.0,362.0,-0.28,11257.0,411.0,302.9
NICA,12/10/2017,362.0,363.0,356.0,357.0,-1.38,7932.0,411.0,302.9
NICA,12/11/2017,357.0,360.0,357.0,357.0,0.0,1292.0,411.0,302.9
NICA,12/12/2017,357.0,361.0,357.0,358.0,0.28,10265.0,411.0,302.9
NICA,12/13/2017,358.0,360.0,355.0,359.0,0.28,6093.0,411.0,302.9
NICA,12/14/2017,359.0,365.0,359.0,365.0,1.67,7250.0,411.0,302.9
NICA,12/17/2017,365.0,360.0,351.0,355.0,-2.74,5006.0,411.0,302.9
NICA,12/18/2017,355.0,363.0,354.0,360.0,1.41,19571.0,411.0,302.9
NICA,12/19/2017,360.0,360.0,353.0,360.0,0.0,7876.0,411.0,302.9
NICA,12/20/2017,360.0,360.0,352.0,352.0,-2.22,8188.0,411.0,302.9
NICA,12/21/2017,352.0,351.0,347.0,349.0,-0.85,9168.0,411.0,302.9
NICA,12/24/2017,349.0,351.0,346.0,349.0,0.0,15350.0,411.0,302.9
NICA,12/26/2017,349.0,347.0,342.0,343.0,-1.72,7661.0,411.0,302.9
NICA,12/27/2017,343.0,345.0,332.0,339.0,-1.17,16281.0,411.0,302.9
NICA,12/28/2017,339.0,343.0,336.0,339.0,0.0,7672.0,411.0,302.9
NICA,12/31/2017,339.0,344.0,331.0,337.0,-0.59,13062.0,411.0,302.9
NICA,1/1/2018,337.0,346.0,337.0,344.0,2.08,15700.0,411.0,302.9
NICA,1/2/2018,344.0,347.0,339.0,342.0,-0.58,11570.0,411.0,302.9
NICA,1/3/2018,342.0,341.0,336.0,336.0,-1.75,10654.0,411.0,302.9
NICA,1/4/2018,336.0,342.0,335.0,338.0,0.6,10327.0,411.0,302.9
NICA,1/7/2018,338.0,347.0,337.0,345.0,2.07,9386.0,411.0,302.9
NICA,1/8/2018,345.0,350.0,345.0,348.0,0.87,17120.0,411.0,302.9
NICA,1/9/2018,348.0,350.0,348.0,350.0,0.57,10010.0,411.0,302.9
NICA,1/10/2018,350.0,349.0,344.0,346.0,-1.14,8821.0,411.0,302.9
NICA,1/14/2018,346.0,346.0,340.0,345.0,-0.29,12291.0,411.0,302.9
NICA,1/16/2018,345.0,351.0,342.0,347.0,0.58,16550.0,411.0,302.9
NICA,1/17/2018,347.0,347.0,341.0,343.0,-1.15,8376.0,411.0,302.9
NICA,1/21/2018,343.0,348.0,343.0,343.0,0.0,9964.0,411.0,302.9
NICA,1/22/2018,343.0,345.0,341.0,345.0,0.58,7411.0,411.0,302.9
NICA,1/23/2018,345.0,343.0,337.0,341.0,-1.16,7803.0,411.0,302.9
NICA,1/24/2018,341.0,347.0,339.0,344.0,0.88,7029.0,411.0,302.9
NICA,1/25/2018,344.0,351.0,344.0,351.0,2.03,22405.0,411.0,302.9
NICA,1/28/2018,351.0,348.0,344.0,346.0,-1.42,12943.0,411.0,302.9
NICA,1/29/2018,346.0,348.0,341.0,348.0,0.58,17381.0,411.0,302.9
NICA,1/31/2018,348.0,346.0,341.0,344.0,-1.15,12608.0,411.0,302.9
NICA,2/1/2018,344.0,350.0,341.0,347.0,0.87,22342.0,411.0,302.9
NICA,2/4/2018,347.0,350.0,347.0,348.0,0.29,16782.0,411.0,302.9
NICA,2/5/2018,348.0,348.0,346.0,348.0,0.0,8577.0,411.0,302.9
NICA,2/6/2018,348.0,349.0,344.0,346.0,-0.57,7027.0,411.0,302.9
NICA,2/7/2018,346.0,345.0,341.0,341.0,-1.45,4071.0,411.0,302.9
NICA,2/8/2018,341.0,344.0,339.0,342.0,0.29,9362.0,411.0,302.9
NICA,2/11/2018,342.0,347.0,343.0,347.0,1.46,5007.0,411.0,302.9
NICA,2/12/2018,347.0,349.0,344.0,349.0,0.58,7453.0,411.0,302.9
NICA,2/14/2018,349.0,348.0,344.0,348.0,-0.29,11425.0,411.0,302.9
NICA,2/15/2018,348.0,357.0,347.0,357.0,2.59,26577.0,411.0,302.9
NICA,2/18/2018,360.0,364.0,350.0,360.0,0.84,31366.0,411.0,302.9
NICA,2/20/2018,363.0,363.0,354.0,354.0,-1.67,29824.0,411.0,302.9
NICA,2/21/2018,348.0,350.0,346.0,347.0,-1.98,5875.0,411.0,302.9
NICA,2/22/2018,347.0,354.0,345.0,348.0,0.29,6636.0,411.0,302.9
NICA,2/25/2018,348.0,348.0,343.0,347.0,-0.29,11103.0,411.0,302.9
NICA,2/26/2018,347.0,347.0,343.0,343.0,-1.15,11992.0,411.0,302.9
NICA,2/27/2018,343.0,348.0,342.0,345.0,0.58,13405.0,411.0,302.9
NICA,2/28/2018,343.0,345.0,342.0,342.0,-0.87,2742.0,411.0,302.9
NICA,3/4/2018,336.0,340.0,331.0,334.0,-2.34,18341.0,411.0,302.9
NICA,3/5/2018,338.0,339.0,331.0,334.0,0.0,17242.0,411.0,302.9
NICA,3/6/2018,336.0,339.0,330.0,339.0,1.5,20976.0,411.0,302.9
NICA,3/7/2018,340.0,344.0,338.0,340.0,0.29,11941.0,411.0,302.9
NICA,3/11/2018,335.0,335.0,326.0,327.0,-3.82,45826.0,411.0,302.9
NICA,3/12/2018,326.0,333.0,320.0,327.0,0.0,44678.0,411.0,302.9
NICA,3/13/2018,327.0,327.0,324.0,326.0,-0.31,12610.0,411.0,302.9
NICA,3/14/2018,322.0,326.0,322.0,325.0,-0.31,6604.0,411.0,302.9
NICA,3/15/2018,324.0,328.0,324.0,326.0,0.31,31274.0,411.0,302.9
NICA,3/18/2018,326.0,327.0,323.0,324.0,-0.61,8329.0,411.0,302.9
NICA,3/19/2018,324.0,325.0,319.0,319.0,-1.54,17787.0,411.0,302.9
NICA,3/20/2018,320.0,321.0,315.0,316.0,-0.94,16734.0,411.0,302.9
NICA,3/21/2018,314.0,315.0,306.0,309.0,-2.22,18664.0,411.0,302.9
NICA,3/22/2018,314.0,314.0,302.0,304.0,-1.62,19432.0,411.0,302.9
NICA,3/26/2018,298.0,303.0,294.0,298.0,-1.97,15568.0,411.0,302.9
NICA,3/27/2018,295.0,309.0,285.0,308.0,3.36,13125.0,411.0,302.9
NICA,3/28/2018,305.0,309.0,300.0,307.0,-0.32,15130.0,411.0,302.9
NICA,3/29/2018,312.0,318.0,307.0,315.0,2.61,10960.0,411.0,302.9
NICA,4/1/2018,316.0,316.0,303.0,308.0,-2.22,11449.0,411.0,302.9
NICA,4/2/2018,306.0,308.0,305.0,308.0,0.0,2719.0,411.0,302.9
NICA,4/3/2018,303.0,308.0,303.0,308.0,0.0,5288.0,411.0,302.9
NICA,4/4/2018,310.0,314.0,307.0,310.0,0.65,5694.0,411.0,302.9
NICA,4/5/2018,316.0,319.0,311.0,318.0,2.58,14733.0,411.0,302.9
NICA,4/8/2018,320.0,332.0,320.0,330.0,3.77,25338.0,411.0,302.9
NICA,4/9/2018,335.0,336.0,323.0,328.0,-0.61,15606.0,411.0,302.9
NICA,4/10/2018,323.0,332.0,316.0,322.0,-1.83,9966.0,411.0,302.9
NICA,4/11/2018,317.0,323.0,316.0,323.0,0.31,3501.0,411.0,302.9
NICA,4/12/2018,326.0,328.0,322.0,323.0,0.0,8904.0,411.0,302.9
NICA,4/15/2018,320.0,322.0,314.0,318.0,-1.55,13360.0,411.0,302.9
NICA,4/16/2018,318.0,326.0,318.0,324.0,1.89,10296.0,411.0,302.9
NICA,4/17/2018,322.0,332.0,322.0,330.0,1.85,13633.0,411.0,302.9
NICA,4/18/2018,330.0,348.0,328.0,338.0,2.42,17142.0,411.0,302.9
NICA,4/19/2018,340.0,349.0,335.0,346.0,2.37,33625.0,411.0,302.9
NICA,4/22/2018,341.0,357.0,341.0,356.0,2.89,33695.0,411.0,302.9
NICA,4/23/2018,357.0,361.0,348.0,350.0,-1.69,35197.0,411.0,302.9
NICA,4/24/2018,346.0,349.0,342.0,343.0,-2.0,14697.0,411.0,302.9
NICA,4/25/2018,343.0,344.0,339.0,340.0,-0.87,15294.0,411.0,302.9
NICA,4/26/2018,340.0,342.0,336.0,336.0,-1.18,24001.0,411.0,302.9
NICA,4/29/2018,334.0,339.0,331.0,334.0,-0.6,42224.0,411.0,302.9
NICA,5/2/2018,335.0,338.0,331.0,338.0,1.2,11337.0,411.0,302.9
NICA,5/3/2018,341.0,342.0,338.0,341.0,0.89,32659.0,411.0,302.9
NICA,5/6/2018,338.0,340.0,335.0,337.0,-1.17,11511.0,411.0,302.9
NICA,5/7/2018,335.0,342.0,332.0,337.0,0.0,17494.0,411.0,302.9
NICA,5/8/2018,337.0,341.0,335.0,339.0,0.59,15267.0,411.0,302.9
NICA,5/9/2018,342.0,343.0,337.0,342.0,0.88,14076.0,411.0,302.9
NICA,5/10/2018,337.0,343.0,337.0,338.0,-1.17,12434.0,411.0,302.9
NICA,5/14/2018,338.0,341.0,337.0,339.0,0.3,20858.0,411.0,302.9
NICA,5/15/2018,338.0,340.0,338.0,340.0,0.29,2489.0,411.0,302.9
NICA,5/16/2018,340.0,340.0,337.0,340.0,0.0,4606.0,411.0,302.9
NICA,5/17/2018,340.0,342.0,339.0,340.0,0.0,12323.0,411.0,302.9
NICA,5/20/2018,345.0,345.0,339.0,340.0,0.0,10094.0,411.0,302.9
NICA,5/21/2018,340.0,343.0,338.0,340.0,0.0,6321.0,411.0,302.9
NICA,5/22/2018,339.0,340.0,338.0,338.0,-0.59,8541.0,411.0,302.9
NICA,5/23/2018,338.0,338.0,336.0,336.0,-0.59,7443.0,411.0,302.9
NICA,5/24/2018,334.0,338.0,334.0,334.0,-0.6,26336.0,411.0,302.9
NICA,5/27/2018,333.0,333.0,327.0,329.0,-1.5,10394.0,411.0,302.9
NICA,5/28/2018,328.0,341.0,328.0,333.0,1.22,5608.0,411.0,302.9
NICA,5/29/2018,332.0,338.0,330.0,338.0,1.5,6193.0,411.0,302.9
NICA,5/30/2018,340.0,344.0,336.0,338.0,0.0,14724.0,411.0,302.9
NICA,5/31/2018,338.0,340.0,334.0,337.0,-0.3,16961.0,411.0,302.9
NICA,6/3/2018,331.0,338.0,324.0,328.0,-2.67,9977.0,411.0,302.9
NICA,6/4/2018,322.0,329.0,322.0,326.0,-0.61,7155.0,411.0,302.9
NICA,6/6/2018,332.0,338.0,332.0,334.0,2.45,3040.0,411.0,302.9
NICA,6/7/2018,332.0,333.0,326.0,327.0,-2.1,6980.0,411.0,302.9
NICA,6/10/2018,325.0,325.0,317.0,321.0,-1.83,12953.0,411.0,302.9
NICA,6/11/2018,319.0,325.0,315.0,322.0,0.31,17638.0,411.0,302.9
NICA,6/12/2018,319.0,325.0,319.0,325.0,0.93,4469.0,411.0,302.9
NICA,6/13/2018,319.0,325.0,319.0,324.0,-0.31,2655.0,411.0,302.9
NICA,6/14/2018,329.0,330.0,324.0,327.0,0.93,8432.0,411.0,302.9
NICA,6/17/2018,325.0,325.0,318.0,320.0,-2.14,23503.0,411.0,302.9
NICA,6/18/2018,320.0,326.0,315.0,318.0,-0.62,4545.0,411.0,302.9
NICA,6/19/2018,318.0,320.0,313.0,318.0,0.0,83801.0,411.0,302.9
NICA,6/20/2018,318.0,320.0,317.0,318.0,0.0,2517.0,411.0,302.9
NICA,6/21/2018,314.0,320.0,314.0,315.0,-0.94,2483.0,411.0,302.9
NICA,6/24/2018,313.0,321.0,313.0,316.0,0.32,1673.0,411.0,302.9
NICA,6/25/2018,317.0,318.0,313.0,313.0,-0.95,4336.0,411.0,302.9
NICA,6/26/2018,318.0,318.0,309.0,310.0,-0.96,18030.0,411.0,302.9
NICA,6/27/2018,306.0,315.0,306.0,312.0,0.65,7345.0,411.0,302.9
NICA,6/28/2018,313.0,316.0,312.0,314.0,0.64,15615.0,411.0,302.9
NICA,7/1/2018,317.0,321.0,311.0,311.0,-0.96,4695.0,411.0,302.9
NICA,7/2/2018,309.0,316.0,306.0,306.0,-1.61,12858.0,411.0,302.9
NICA,7/3/2018,306.0,312.0,306.0,311.0,1.63,7603.0,411.0,302.9
NICA,7/4/2018,310.0,316.0,309.0,315.0,1.29,8879.0,411.0,302.9
NICA,7/5/2018,317.0,320.0,313.0,320.0,1.59,12796.0,411.0,302.9
NICA,7/8/2018,319.0,322.0,315.0,319.0,-0.31,5894.0,411.0,302.9
NICA,7/9/2018,315.0,317.0,313.0,316.0,-0.94,12165.0,411.0,302.9
NICA,7/10/2018,318.0,323.0,316.0,320.0,1.27,8415.0,411.0,302.9
NICA,7/11/2018,321.0,322.0,311.0,311.0,-2.81,9992.0,411.0,302.9
NICA,7/12/2018,313.0,315.0,311.0,315.0,1.29,13648.0,411.0,302.9
NICA,7/15/2018,315.0,317.0,311.0,317.0,0.63,5868.0,411.0,302.9
NICA,7/16/2018,317.0,319.0,315.0,316.0,-0.32,3562.0,411.0,302.9
NICA,7/17/2018,317.0,320.0,316.0,316.0,0.0,4190.0,411.0,302.9
NICA,7/18/2018,317.0,317.0,316.0,317.0,0.32,4878.0,411.0,302.9
NICA,7/19/2018,313.0,317.0,312.0,312.0,-1.58,7255.0,411.0,302.9
NICA,7/22/2018,311.0,312.0,307.0,310.0,-0.64,11581.0,411.0,302.9
NICA,7/23/2018,310.0,311.0,308.0,311.0,0.32,951.0,411.0,302.9
NICA,7/24/2018,311.0,316.0,311.0,314.0,0.96,9354.0,411.0,302.9
NICA,7/25/2018,315.0,315.0,310.0,314.0,0.0,5938.0,411.0,302.9
NICA,7/26/2018,314.0,314.0,310.0,311.0,-0.96,3729.0,411.0,302.9
NICA,7/29/2018,313.0,313.0,309.0,310.0,-0.32,6690.0,411.0,302.9
NICA,7/30/2018,310.0,312.0,306.0,312.0,0.65,2672.0,411.0,302.9
NICA,7/31/2018,313.0,316.0,311.0,313.0,0.32,6326.0,411.0,302.9
NICA,8/1/2018,315.0,316.0,312.0,316.0,0.96,6318.0,411.0,302.9
NICA,8/2/2018,315.0,317.0,314.0,317.0,0.32,5531.0,411.0,302.9
NICA,8/5/2018,318.0,319.0,315.0,316.0,-0.32,4436.0,411.0,302.9
NICA,8/6/2018,315.0,318.0,314.0,315.0,-0.32,6141.0,411.0,302.9
NICA,8/7/2018,315.0,320.0,314.0,315.0,0.0,4293.0,411.0,302.9
NICA,8/8/2018,316.0,316.0,310.0,312.0,-0.95,10693.0,411.0,302.9
NICA,8/9/2018,314.0,314.0,306.0,309.0,-0.96,10753.0,411.0,302.9
NICA,8/12/2018,304.0,314.0,304.0,304.0,-1.62,8903.0,411.0,302.9
NICA,8/13/2018,305.0,310.0,305.0,309.0,1.64,4058.0,411.0,302.9
NICA,8/14/2018,307.0,313.0,307.0,312.0,0.97,2453.0,411.0,302.9
NICA,8/15/2018,312.0,320.0,312.0,318.0,1.92,11005.0,411.0,302.9
NICA,8/16/2018,324.0,324.0,318.0,322.0,1.26,19874.0,411.0,302.9
NICA,8/19/2018,325.0,325.0,316.0,316.0,-1.86,19853.0,411.0,302.9
NICA,8/20/2018,320.0,320.0,313.0,317.0,0.32,10193.0,411.0,302.9
NICA,8/21/2018,318.0,318.0,313.0,314.0,-0.95,4251.0,411.0,302.9
NICA,8/22/2018,312.0,315.0,312.0,314.0,0.0,868.0,411.0,302.9
NICA,8/23/2018,313.0,315.0,311.0,313.0,-0.32,24722.0,411.0,302.9
NICA,8/26/2018,315.0,315.0,313.0,313.0,0.0,3770.0,411.0,302.9
NICA,8/28/2018,312.0,325.0,311.0,325.0,3.83,19657.0,411.0,302.9
NICA,8/29/2018,319.0,325.0,319.0,325.0,0.0,15344.0,411.0,302.9
NICA,8/30/2018,322.0,342.0,322.0,340.0,4.62,62781.0,411.0,302.9
NICA,9/2/2018,334.0,361.0,334.0,359.0,5.59,91649.0,411.0,302.9
NICA,9/3/2018,357.0,370.0,356.0,366.0,1.95,93515.0,411.0,302.9
NICA,9/4/2018,360.0,389.0,360.0,383.0,4.64,89078.0,411.0,302.9
NICA,9/5/2018,384.0,391.0,376.0,383.0,0.0,90822.0,411.0,302.9
NICA,9/6/2018,383.0,384.0,372.0,378.0,-1.31,42207.0,411.0,302.9
NICA,9/9/2018,375.0,385.0,372.0,382.0,1.06,66875.0,411.0,302.9
NICA,9/10/2018,382.0,385.0,375.0,384.0,0.52,38444.0,411.0,302.9
NICA,9/11/2018,381.0,391.0,381.0,390.0,1.56,70801.0,411.0,302.9
NICA,9/12/2018,386.0,408.0,386.0,408.0,4.62,128576.0,411.0,302.9
NICA,9/13/2018,410.0,425.0,410.0,413.0,1.23,133992.0,411.0,302.9
NICA,9/16/2018,421.0,422.0,408.0,408.0,-1.21,87720.0,411.0,302.9
NICA,9/17/2018,409.0,415.0,401.0,411.0,0.74,52792.0,411.0,302.9
NICA,9/18/2018,411.0,411.0,405.0,407.0,-0.97,40826.0,411.0,302.9
NICA,9/20/2018,407.0,423.0,407.0,423.0,3.93,112030.0,411.0,302.9
NICA,9/23/2018,425.0,447.0,420.0,440.0,4.02,161693.0,411.0,302.9
NICA,9/25/2018,447.0,459.0,442.0,447.0,1.59,131491.0,411.0,302.9
NICA,9/26/2018,450.0,451.0,434.0,441.0,-1.34,60980.0,411.0,302.9
NICA,9/27/2018,440.0,445.0,434.0,438.0,-0.68,48864.0,411.0,302.9
NICA,9/30/2018,432.0,444.0,432.0,442.0,0.91,72471.0,411.0,302.9
NICA,10/1/2018,442.0,442.0,430.0,435.0,-1.58,57208.0,411.0,302.9
NICA,10/2/2018,433.0,435.0,426.0,430.0,-1.15,37786.0,411.0,302.9
NICA,10/3/2018,427.0,432.0,422.0,422.0,-1.86,59156.0,411.0,302.9
NICA,10/4/2018,429.0,429.0,415.0,425.0,0.71,39411.0,411.0,302.9
NICA,10/7/2018,427.0,427.0,417.0,422.0,-0.71,39336.0,411.0,302.9
NICA,10/8/2018,420.0,429.0,420.0,427.0,1.18,30008.0,411.0,302.9
NICA,10/9/2018,428.0,434.0,425.0,428.0,0.23,38484.0,411.0,302.9
NICA,10/10/2018,435.0,435.0,423.0,427.0,-0.23,16922.0,411.0,302.9
NICA,10/11/2018,425.0,436.0,425.0,431.0,0.94,35013.0,411.0,302.9
NICA,10/14/2018,431.0,440.0,430.0,436.0,1.16,36357.0,411.0,302.9
NICA,10/15/2018,436.0,446.0,436.0,441.0,1.15,36215.0,411.0,302.9
NICA,10/21/2018,434.0,453.0,434.0,450.0,2.04,40570.0,411.0,302.9
NICA,10/22/2018,450.0,452.0,445.0,448.0,-0.44,17871.0,411.0,302.9
NICA,10/23/2018,448.0,448.0,442.0,447.0,-0.22,38249.0,411.0,302.9
NICA,10/24/2018,446.0,446.0,439.0,445.0,-0.45,28009.0,411.0,302.9
NICA,10/25/2018,445.0,445.0,437.0,445.0,0.0,26122.0,411.0,302.9
NICA,10/28/2018,453.0,453.0,428.0,430.0,-3.37,52690.0,411.0,302.9
NICA,10/29/2018,426.0,430.0,423.0,424.0,-1.4,32369.0,411.0,302.9
NICA,10/30/2018,428.0,434.0,425.0,430.0,1.42,17692.0,411.0,302.9
NICA,10/31/2018,425.0,427.0,419.0,419.0,-2.56,20649.0,411.0,302.9
NICA,11/1/2018,417.0,425.0,416.0,420.0,0.24,30349.0,411.0,302.9
NICA,11/4/2018,415.0,419.0,411.0,413.0,-1.67,28303.0,411.0,302.9
NICA,11/5/2018,421.0,423.0,414.0,419.0,1.45,38758.0,411.0,302.9
NICA,11/6/2018,419.0,421.0,413.0,423.0,0.95,2343.0,411.0,302.9
NICA,11/11/2018,423.0,431.0,410.0,416.0,-1.65,19111.0,411.0,302.9
NICA,11/12/2018,418.0,420.0,416.0,419.0,0.72,9149.0,411.0,302.9
NICA,11/13/2018,419.0,427.0,419.0,425.0,1.43,19534.0,411.0,302.9
NICA,11/14/2018,432.0,432.0,421.0,424.0,-0.24,3169.0,411.0,302.9
NICA,11/15/2018,429.0,429.0,417.0,419.0,-1.18,16512.0,411.0,302.9
NICA,11/18/2018,425.0,426.0,416.0,422.0,0.72,70675.0,411.0,302.9
NICA,11/19/2018,417.0,418.0,412.0,413.0,-2.13,17192.0,411.0,302.9
NICA,11/20/2018,410.0,413.0,409.0,411.0,-0.48,19592.0,411.0,302.9
NICA,11/21/2018,407.0,415.0,407.0,415.0,0.97,8660.0,411.0,302.9
NICA,11/22/2018,414.0,414.0,410.0,411.0,-0.96,8880.0,411.0,302.9
NICA,11/25/2018,410.0,412.0,405.0,408.0,-0.73,8455.0,411.0,302.9
NICA,11/26/2018,405.0,411.0,405.0,410.0,0.49,9871.0,411.0,302.9
NICA,11/27/2018,416.0,416.0,409.0,411.0,0.24,12802.0,411.0,302.9
NICA,11/28/2018,413.0,413.0,403.0,407.0,-0.97,9895.0,411.0,302.9
NICA,11/29/2018,408.0,416.0,403.0,405.0,-0.49,11494.0,411.0,302.9
NICA,12/2/2018,413.0,413.0,398.0,400.0,-1.23,36901.0,411.0,302.9
NICA,12/3/2018,408.0,416.0,398.0,403.0,0.75,22920.0,411.0,302.9
NICA,12/4/2018,404.0,409.0,404.0,409.0,1.49,45055.0,411.0,302.9
NICA,12/5/2018,365.0,365.0,353.0,358.0,-12.47,34885.0,411.0,302.9
NICA,12/6/2018,356.0,358.0,351.0,357.0,-0.28,22789.0,411.0,302.9
NICA,12/9/2018,357.0,375.0,355.0,375.0,5.04,23098.0,411.0,302.9
NICA,12/10/2018,380.0,385.0,375.0,382.0,1.87,20752.0,411.0,302.9
NICA,12/11/2018,385.0,385.0,374.0,375.0,-1.83,31606.0,411.0,302.9
NICA,12/12/2018,380.0,380.0,372.0,373.0,-0.53,5460.0,411.0,302.9
NICA,12/13/2018,380.0,381.0,375.0,378.0,1.34,30932.0,411.0,302.9
NICA,12/16/2018,380.0,388.0,378.0,383.0,1.32,23739.0,411.0,302.9
NICA,12/17/2018,385.0,388.0,380.0,388.0,1.31,33325.0,411.0,302.9
NICA,12/18/2018,390.0,390.0,376.0,380.0,-2.06,55370.0,411.0,302.9
NICA,12/19/2018,380.0,383.0,378.0,380.0,0.0,28505.0,411.0,302.9
NICA,12/20/2018,386.0,386.0,380.0,380.0,0.0,43983.0,411.0,302.9
NICA,12/23/2018,383.0,394.0,383.0,392.0,3.16,46394.0,411.0,302.9
NICA,12/24/2018,388.0,395.0,386.0,386.0,-1.53,29532.0,411.0,302.9
NICA,12/25/2018,385.0,385.0,380.0,381.0,-1.3,29912.0,411.0,302.9
NICA,12/26/2018,382.0,396.0,382.0,395.0,3.67,35578.0,411.0,302.9
NICA,12/27/2018,395.0,400.0,388.0,389.0,-1.52,21635.0,411.0,302.9
NICA,12/30/2018,389.0,389.0,384.0,387.0,-0.51,15441.0,411.0,302.9
NICA,12/31/2018,385.0,385.0,380.0,380.0,-1.81,9724.0,411.0,302.9
NICA,1/1/2019,380.0,383.0,377.0,380.0,0.0,7155.0,411.0,302.9
NICA,1/2/2019,380.0,382.0,378.0,382.0,0.53,19408.0,411.0,302.9
NICA,1/3/2019,381.0,385.0,381.0,383.0,0.26,8316.0,411.0,302.9
NICA,1/6/2019,380.0,382.0,377.0,377.0,-1.57,9575.0,411.0,302.9
NICA,1/7/2019,377.0,383.0,377.0,379.0,0.53,17398.0,411.0,302.9
NICA,1/8/2019,381.0,384.0,380.0,382.0,0.79,26447.0,411.0,302.9
NICA,1/9/2019,382.0,392.0,382.0,388.0,1.57,43470.0,411.0,302.9
NICA,1/10/2019,386.0,390.0,385.0,390.0,0.52,28615.0,411.0,302.9
NICA,1/13/2019,392.0,392.0,383.0,384.0,-1.54,74495.0,411.0,302.9
NICA,1/14/2019,385.0,390.0,385.0,386.0,0.52,8106.0,411.0,302.9
NICA,1/15/2019,386.0,392.0,386.0,390.0,1.04,15949.0,411.0,302.9
NICA,1/16/2019,393.0,401.0,390.0,398.0,2.05,77989.0,411.0,302.9
NICA,1/17/2019,400.0,401.0,395.0,396.0,-0.5,27748.0,411.0,302.9
NICA,1/20/2019,397.0,397.0,392.0,392.0,-1.01,5752.0,411.0,302.9
NICA,1/21/2019,390.0,399.0,389.0,389.0,-0.77,17919.0,411.0,302.9
NICA,1/22/2019,390.0,392.0,389.0,390.0,0.26,7735.0,411.0,302.9
NICA,1/23/2019,393.0,394.0,391.0,392.0,0.51,8939.0,411.0,302.9
NICA,1/24/2019,392.0,396.0,391.0,392.0,0.0,20113.0,411.0,302.9
NICA,1/27/2019,390.0,392.0,389.0,391.0,-0.26,27179.0,411.0,302.9
NICA,1/28/2019,391.0,394.0,391.0,393.0,0.51,12704.0,411.0,302.9
NICA,1/29/2019,391.0,392.0,389.0,390.0,-0.76,24692.0,411.0,302.9
NICA,1/30/2019,390.0,392.0,390.0,392.0,0.51,23118.0,411.0,302.9
NICA,1/31/2019,393.0,394.0,390.0,391.0,-0.26,11447.0,411.0,302.9
NICA,2/3/2019,394.0,395.0,390.0,390.0,-0.26,22031.0,411.0,302.9
NICA,2/4/2019,391.0,392.0,388.0,389.0,-0.26,31537.0,411.0,302.9
NICA,2/5/2019,394.0,394.0,389.0,389.0,0.0,14198.0,411.0,302.9
NICA,2/6/2019,384.0,390.0,384.0,387.0,-0.51,12115.0,411.0,302.9
NICA,2/7/2019,386.0,390.0,385.0,390.0,0.78,9862.0,411.0,302.9
NICA,2/10/2019,389.0,391.0,382.0,385.0,-1.28,20647.0,411.0,302.9
NICA,2/11/2019,381.0,387.0,381.0,386.0,0.26,10406.0,411.0,302.9
NICA,2/12/2019,393.0,393.0,384.0,386.0,0.0,11167.0,411.0,302.9
NICA,2/13/2019,388.0,392.0,384.0,384.0,-0.52,15606.0,411.0,302.9
NICA,2/14/2019,382.0,389.0,380.0,384.0,0.0,17211.0,411.0,302.9
NICA,2/17/2019,387.0,388.0,383.0,387.0,0.78,13443.0,411.0,302.9
NICA,2/18/2019,385.0,386.0,383.0,385.0,-0.52,13348.0,411.0,302.9
NICA,2/19/2019,389.0,389.0,385.0,389.0,1.04,10351.0,411.0,302.9
NICA,2/20/2019,395.0,395.0,385.0,387.0,-0.51,6553.0,411.0,302.9
NICA,2/21/2019,388.0,388.0,382.0,384.0,-0.78,13521.0,411.0,302.9
NICA,2/24/2019,385.0,385.0,368.0,370.0,-3.65,36648.0,411.0,302.9
NICA,2/25/2019,370.0,377.0,370.0,374.0,1.08,16761.0,411.0,302.9
NICA,2/26/2019,374.0,380.0,373.0,376.0,0.53,9932.0,411.0,302.9
NICA,2/27/2019,375.0,382.0,375.0,378.0,0.53,7888.0,411.0,302.9
NICA,3/3/2019,380.0,380.0,377.0,378.0,0.0,13490.0,411.0,302.9
NICA,3/5/2019,378.0,382.0,377.0,381.0,0.79,31858.0,411.0,302.9
NICA,3/6/2019,380.0,386.0,378.0,385.0,1.05,22986.0,411.0,302.9
NICA,3/7/2019,385.0,392.0,385.0,391.0,1.56,26697.0,411.0,302.9
NICA,3/10/2019,392.0,396.0,385.0,394.0,0.77,10089.0,411.0,302.9
NICA,3/11/2019,399.0,400.0,393.0,400.0,1.52,55606.0,411.0,302.9
NICA,3/12/2019,403.0,404.0,397.0,401.0,0.25,48902.0,411.0,302.9
NICA,3/13/2019,405.0,405.0,396.0,398.0,-0.75,31903.0,411.0,302.9
NICA,3/14/2019,395.0,400.0,395.0,399.0,0.25,20294.0,411.0,302.9
NICA,3/17/2019,401.0,405.0,400.0,401.0,0.5,38412.0,411.0,302.9
NICA,3/18/2019,400.0,402.0,397.0,398.0,-0.75,21236.0,411.0,302.9
NICA,3/19/2019,402.0,402.0,398.0,399.0,0.25,3790.0,411.0,302.9
NICA,3/21/2019,397.0,399.0,395.0,395.0,-1.0,22176.0,411.0,302.9
NICA,3/24/2019,393.0,399.0,393.0,396.0,0.25,11361.0,411.0,302.9
NICA,3/25/2019,394.0,400.0,394.0,398.0,0.51,8113.0,411.0,302.9
NICA,3/26/2019,398.0,400.0,395.0,398.0,0.0,15558.0,411.0,302.9
NICA,3/27/2019,400.0,400.0,397.0,398.0,0.0,13921.0,411.0,302.9
NICA,3/28/2019,403.0,403.0,396.0,398.0,0.0,15408.0,411.0,302.9
NICA,3/31/2019,401.0,402.0,399.0,400.0,0.5,24402.0,411.0,302.9
NICA,4/1/2019,404.0,410.0,400.0,410.0,2.5,54571.0,411.0,302.9
NICA,4/2/2019,412.0,426.0,410.0,426.0,3.9,89445.0,411.0,302.9
NICA,4/3/2019,428.0,439.0,421.0,436.0,2.35,101042.0,411.0,302.9
NICA,4/4/2019,440.0,444.0,431.0,440.0,0.92,107396.0,411.0,302.9
NICA,4/7/2019,443.0,472.0,439.0,468.0,6.36,147987.0,411.0,302.9
NICA,4/8/2019,470.0,478.0,462.0,466.0,-0.43,161971.0,411.0,302.9
NICA,4/9/2019,470.0,471.0,456.0,458.0,-1.72,116366.0,411.0,302.9
NICA,4/10/2019,463.0,469.0,457.0,466.0,1.75,63030.0,411.0,302.9
NICA,4/11/2019,466.0,471.0,465.0,469.0,0.64,54800.0,411.0,302.9
NICA,4/15/2019,466.0,473.0,466.0,470.0,0.21,39084.0,411.0,302.9
NICA,4/16/2019,471.0,498.0,470.0,492.0,4.68,106050.0,411.0,302.9
NICA,4/17/2019,497.0,498.0,484.0,487.0,-1.02,92921.0,411.0,302.9
NICA,4/18/2019,489.0,493.0,481.0,482.0,-1.03,60312.0,411.0,302.9
NICA,4/21/2019,490.0,495.0,478.0,494.0,2.49,94558.0,411.0,302.9
NICA,4/22/2019,494.0,500.0,483.0,484.0,-2.02,79167.0,411.0,302.9
NICA,4/23/2019,478.0,495.0,478.0,490.0,1.24,58722.0,411.0,302.9
NICA,4/24/2019,490.0,508.0,490.0,506.0,3.27,128530.0,411.0,302.9
NICA,4/25/2019,508.0,515.0,502.0,507.0,0.2,88888.0,411.0,302.9
NICA,4/28/2019,512.0,512.0,501.0,502.0,-0.99,84179.0,411.0,302.9
NICA,4/29/2019,498.0,502.0,495.0,496.0,-1.2,62052.0,411.0,302.9
NICA,4/30/2019,497.0,500.0,492.0,495.0,-0.2,23369.0,411.0,302.9
NICA,5/2/2019,492.0,495.0,488.0,491.0,-0.81,31276.0,411.0,302.9
NICA,5/5/2019,487.0,490.0,483.0,483.0,-1.63,35721.0,411.0,302.9
NICA,5/6/2019,480.0,496.0,480.0,496.0,2.69,39149.0,411.0,302.9
NICA,5/7/2019,490.0,502.0,484.0,494.0,-0.4,33241.0,411.0,302.9
NICA,5/8/2019,492.0,496.0,490.0,493.0,-0.2,19495.0,411.0,302.9
NICA,5/9/2019,493.0,493.0,487.0,488.0,-1.01,25211.0,411.0,302.9
NICA,5/12/2019,485.0,498.0,482.0,498.0,2.05,40990.0,411.0,302.9
NICA,5/13/2019,501.0,501.0,486.0,487.0,-2.21,42220.0,411.0,302.9
NICA,5/14/2019,495.0,499.0,487.0,493.0,1.23,39731.0,411.0,302.9
NICA,5/15/2019,500.0,500.0,491.0,491.0,-0.41,49643.0,411.0,302.9
NICA,5/16/2019,490.0,495.0,487.0,490.0,-0.2,25182.0,411.0,302.9
NICA,5/19/2019,490.0,491.0,484.0,484.0,-1.22,38861.0,411.0,302.9
NICA,5/20/2019,482.0,491.0,481.0,483.0,-0.21,38921.0,411.0,302.9
NICA,5/21/2019,484.0,487.0,480.0,482.0,-0.21,39645.0,411.0,302.9
NICA,5/22/2019,483.0,485.0,481.0,484.0,0.41,25076.0,411.0,302.9
NICA,5/23/2019,486.0,486.0,481.0,484.0,0.0,24480.0,411.0,302.9
NICA,5/26/2019,484.0,485.0,476.0,477.0,-1.45,36547.0,411.0,302.9
NICA,5/27/2019,482.0,482.0,475.0,480.0,0.63,31557.0,411.0,302.9
NICA,5/28/2019,479.0,482.0,476.0,480.0,0.0,20813.0,411.0,302.9
NICA,5/29/2019,480.0,485.0,480.0,480.0,0.0,19752.0,411.0,302.9
NICA,5/30/2019,500.0,502.0,483.0,485.0,1.04,67442.0,411.0,302.9
NICA,6/2/2019,484.0,484.0,478.0,478.0,-1.44,49886.0,411.0,302.9
NICA,6/3/2019,475.0,475.0,465.0,468.0,-2.09,193172.0,411.0,302.9
NICA,6/4/2019,467.0,474.0,463.0,470.0,0.43,30464.0,411.0,302.9
NICA,6/6/2019,469.0,475.0,458.0,460.0,-2.13,62274.0,411.0,302.9
NICA,6/10/2019,457.0,465.0,449.0,451.0,-1.96,91893.0,411.0,302.9
NICA,6/11/2019,454.0,458.0,447.0,457.0,1.33,60515.0,411.0,302.9
NICA,6/12/2019,460.0,466.0,455.0,458.0,0.22,33591.0,411.0,302.9
NICA,6/13/2019,467.0,471.0,454.0,454.0,-0.87,39607.0,411.0,302.9
NICA,6/16/2019,463.0,472.0,451.0,451.0,-0.66,35541.0,411.0,302.9
NICA,6/17/2019,455.0,460.0,451.0,454.0,0.67,32855.0,411.0,302.9
NICA,6/18/2019,462.0,462.0,455.0,461.0,1.54,43757.0,411.0,302.9
NICA,6/19/2019,463.0,470.0,461.0,466.0,1.08,46789.0,411.0,302.9
NICA,6/20/2019,468.0,475.0,465.0,471.0,1.07,30484.0,411.0,302.9
NICA,6/23/2019,480.0,480.0,460.0,466.0,-1.06,26800.0,411.0,302.9
NICA,6/24/2019,468.0,469.0,465.0,467.0,0.21,29942.0,411.0,302.9
NICA,6/25/2019,470.0,473.0,466.0,469.0,0.43,21895.0,411.0,302.9
NICA,6/26/2019,470.0,475.0,466.0,467.0,-0.43,14360.0,411.0,302.9
NICA,6/27/2019,475.0,475.0,462.0,463.0,-0.86,21927.0,411.0,302.9
NICA,6/30/2019,459.0,463.0,456.0,456.0,-1.51,27859.0,411.0,302.9
NICA,7/1/2019,455.0,458.0,449.0,456.0,0.0,38691.0,411.0,302.9
NICA,7/2/2019,461.0,461.0,453.0,455.0,-0.22,31497.0,411.0,302.9
NICA,7/3/2019,464.0,472.0,456.0,462.0,1.54,20331.0,411.0,302.9
NICA,7/4/2019,466.0,469.0,460.0,462.0,0.0,16735.0,411.0,302.9
NICA,7/7/2019,471.0,476.0,455.0,458.0,-0.87,22121.0,411.0,302.9
NICA,7/8/2019,454.0,455.0,450.0,452.0,-1.31,31564.0,411.0,302.9
NICA,7/9/2019,454.0,454.0,444.0,449.0,-0.66,42350.0,411.0,302.9
NICA,7/10/2019,447.0,449.0,443.0,445.0,-0.89,37178.0,411.0,302.9
NICA,7/11/2019,450.0,450.0,443.0,445.0,0.0,39147.0,411.0,302.9
NICA,7/14/2019,449.0,450.0,441.0,443.0,-0.45,15141.0,411.0,302.9
NICA,7/15/2019,444.0,447.0,441.0,446.0,0.68,46364.0,411.0,302.9
NICA,7/16/2019,450.0,450.0,444.0,448.0,0.45,14110.0,411.0,302.9
NICA,7/17/2019,450.0,457.0,450.0,456.0,1.79,26501.0,411.0,302.9
NICA,7/18/2019,456.0,464.0,456.0,459.0,0.66,28359.0,411.0,302.9
NICA,7/21/2019,458.0,462.0,455.0,461.0,0.44,14798.0,411.0,302.9
NICA,7/22/2019,468.0,468.0,458.0,463.0,0.43,16651.0,411.0,302.9
NICA,7/23/2019,463.0,469.0,462.0,465.0,0.43,12440.0,411.0,302.9
NICA,7/24/2019,467.0,479.0,465.0,474.0,1.94,32270.0,411.0,302.9
NICA,7/25/2019,470.0,476.0,465.0,467.0,-1.48,33130.0,411.0,302.9
NICA,7/28/2019,465.0,465.0,457.0,459.0,-1.71,47251.0,411.0,302.9
NICA,7/29/2019,462.0,464.0,460.0,462.0,0.65,15259.0,411.0,302.9
NICA,7/30/2019,467.0,467.0,463.0,465.0,0.65,7866.0,411.0,302.9
NICA,7/31/2019,474.0,474.0,465.0,468.0,0.65,12296.0,411.0,302.9
NICA,8/1/2019,473.0,473.0,465.0,467.0,-0.21,20007.0,411.0,302.9
NICA,8/4/2019,474.0,474.0,465.0,467.0,0.0,12134.0,411.0,302.9
NICA,8/5/2019,469.0,469.0,463.0,465.0,-0.43,34781.0,411.0,302.9
NICA,8/6/2019,464.0,464.0,451.0,458.0,-1.51,43065.0,411.0,302.9
NICA,8/7/2019,451.0,460.0,451.0,453.0,-1.09,17917.0,411.0,302.9
NICA,8/8/2019,455.0,455.0,449.0,449.0,-0.88,15933.0,411.0,302.9
NICA,8/11/2019,447.0,452.0,447.0,449.0,0.0,11993.0,411.0,302.9
NICA,8/12/2019,449.0,450.0,448.0,450.0,0.22,12265.0,411.0,302.9
NICA,8/13/2019,450.0,453.0,448.0,449.0,-0.22,5472.0,411.0,302.9
NICA,8/14/2019,447.0,450.0,443.0,443.0,-1.34,18041.0,411.0,302.9
NICA,8/15/2019,449.0,450.0,443.0,444.0,0.23,46360.0,411.0,302.9
NICA,8/18/2019,450.0,458.0,449.0,451.0,1.58,54223.0,411.0,302.9
NICA,8/19/2019,453.0,464.0,451.0,460.0,2.0,37488.0,411.0,302.9
NICA,8/20/2019,460.0,461.0,453.0,453.0,-1.52,29190.0,411.0,302.9
NICA,8/21/2019,454.0,457.0,451.0,454.0,0.22,38058.0,411.0,302.9
NICA,8/22/2019,462.0,462.0,452.0,454.0,0.0,42153.0,411.0,302.9
NICA,8/25/2019,451.0,453.0,448.0,448.0,-1.32,32538.0,411.0,302.9
NICA,8/26/2019,450.0,450.0,446.0,447.0,-0.22,31024.0,411.0,302.9
NICA,8/27/2019,451.0,451.0,447.0,447.0,0.0,52701.0,411.0,302.9
NICA,8/28/2019,471.0,471.0,438.0,439.0,-1.79,72685.0,411.0,302.9
NICA,8/29/2019,447.0,450.0,437.0,439.0,0.0,29723.0,411.0,302.9
NICA,9/1/2019,462.0,462.0,439.0,440.0,0.23,15482.0,411.0,302.9
NICA,9/2/2019,436.0,471.0,435.0,436.0,-0.91,11942.0,411.0,302.9
NICA,9/3/2019,439.0,449.0,426.0,449.0,2.98,50696.0,411.0,302.9
NICA,9/4/2019,441.0,453.0,440.0,451.0,0.45,22602.0,411.0,302.9
NICA,9/5/2019,454.0,454.0,447.0,449.0,-0.44,29014.0,411.0,302.9
NICA,9/8/2019,450.0,453.0,448.0,448.0,-0.22,35963.0,411.0,302.9
NICA,9/9/2019,450.0,450.0,443.0,448.0,0.0,15778.0,411.0,302.9
NICA,9/10/2019,450.0,450.0,443.0,448.0,0.0,27649.0,411.0,302.9
NICA,9/11/2019,450.0,454.0,444.0,447.0,-0.22,22108.0,411.0,302.9
NICA,9/12/2019,446.0,450.0,445.0,448.0,0.22,79341.0,411.0,302.9
NICA,9/15/2019,441.0,441.0,390.0,391.0,-12.72,22199.0,411.0,302.9
NICA,9/16/2019,390.0,391.0,377.0,380.0,-2.81,31341.0,411.0,302.9
NICA,9/17/2019,377.0,390.0,376.0,387.0,1.84,18010.0,411.0,302.9
NICA,9/18/2019,394.0,398.0,387.0,395.0,2.07,23035.0,411.0,302.9
NICA,9/19/2019,400.0,400.0,390.0,390.0,-1.27,5187.0,411.0,302.9
NICA,9/22/2019,393.0,393.0,378.0,383.0,-1.79,7772.0,411.0,302.9
NICA,9/23/2019,390.0,390.0,378.0,379.0,-1.04,13501.0,411.0,302.9
NICA,9/24/2019,379.0,381.0,376.0,379.0,0.0,13035.0,411.0,302.9
NICA,9/25/2019,379.0,381.0,375.0,376.0,-0.79,15432.0,411.0,302.9
NICA,9/26/2019,377.0,377.0,375.0,375.0,-0.27,14312.0,411.0,302.9
NICA,9/29/2019,374.0,377.0,372.0,375.0,0.0,22722.0,411.0,302.9
NICA,9/30/2019,376.0,378.0,375.0,378.0,0.8,9075.0,411.0,302.9
NICA,10/1/2019,378.0,384.0,375.0,384.0,1.59,5241.0,411.0,302.9
NICA,10/2/2019,389.0,390.0,382.0,384.0,0.0,7310.0,411.0,302.9
NICA,10/3/2019,401.0,401.0,383.0,389.0,1.3,8409.0,411.0,302.9
NICA,10/10/2019,389.0,389.0,383.0,385.0,-1.03,3175.0,411.0,302.9
NICA,10/14/2019,385.0,385.0,378.0,378.0,-1.82,10343.0,411.0,302.9
NICA,10/15/2019,380.0,385.0,378.0,385.0,1.85,11302.0,411.0,302.9
NICA,10/16/2019,390.0,390.0,383.0,386.0,0.26,15604.0,411.0,302.9
NICA,10/17/2019,387.0,387.0,384.0,386.0,0.0,10188.0,411.0,302.9
NICA,10/20/2019,393.0,400.0,382.0,382.0,-1.04,12661.0,411.0,302.9
NICA,10/21/2019,382.0,389.0,382.0,384.0,0.52,6069.0,411.0,302.9
NICA,10/22/2019,384.0,391.0,384.0,391.0,1.82,24454.0,411.0,302.9
NICA,10/23/2019,392.0,401.0,390.0,398.0,1.79,37258.0,411.0,302.9
NICA,10/24/2019,400.0,414.0,400.0,411.0,3.27,84273.0,411.0,302.9
NICA,10/31/2019,416.0,418.0,408.0,408.0,-0.73,29033.0,411.0,302.9
NICA,11/3/2019,408.0,408.0,402.0,405.0,-0.74,10405.0,411.0,302.9
NICA,11/4/2019,405.0,405.0,397.0,400.0,-1.23,10935.0,411.0,302.9
NICA,11/5/2019,400.0,401.0,397.0,397.0,-0.75,13299.0,411.0,302.9
NICA,11/6/2019,400.0,404.0,396.0,400.0,0.76,20215.0,411.0,302.9
NICA,11/7/2019,397.0,403.0,397.0,399.0,-0.25,10888.0,411.0,302.9
NICA,11/10/2019,406.0,406.0,397.0,400.0,0.25,27061.0,411.0,302.9
NICA,11/11/2019,398.0,406.0,398.0,404.0,1.0,21981.0,411.0,302.9
NICA,11/12/2019,404.0,404.0,398.0,398.0,-1.49,12817.0,411.0,302.9
NICA,11/13/2019,398.0,400.0,398.0,399.0,0.25,8746.0,411.0,302.9
NICA,11/14/2019,399.0,406.0,399.0,406.0,1.75,22377.0,411.0,302.9
NICA,11/17/2019,414.0,420.0,410.0,418.0,2.96,94663.0,411.0,302.9
NICA,11/18/2019,420.0,424.0,415.0,417.0,-0.24,33570.0,411.0,302.9
NICA,11/19/2019,419.0,419.0,410.0,411.0,-1.44,21424.0,411.0,302.9
NICA,11/20/2019,411.0,417.0,407.0,410.0,-0.24,20611.0,411.0,302.9
NICA,11/21/2019,410.0,413.0,400.0,404.0,-1.46,31833.0,411.0,302.9
NICA,11/24/2019,402.0,406.0,396.0,400.0,-0.99,21650.0,411.0,302.9
NICA,11/25/2019,400.0,408.0,398.0,405.0,1.25,10402.0,411.0,302.9
NICA,11/26/2019,404.0,406.0,403.0,406.0,0.25,24891.0,411.0,302.9
NICA,11/27/2019,405.0,408.0,405.0,408.0,0.49,16628.0,411.0,302.9
NICA,11/28/2019,408.0,410.0,406.0,406.0,-0.49,19814.0,411.0,302.9
NICA,12/1/2019,407.0,407.0,405.0,406.0,0.0,30520.0,411.0,302.9
NICA,12/2/2019,406.0,407.0,404.0,404.0,-0.49,26575.0,411.0,302.9
NICA,12/3/2019,405.0,407.0,403.0,405.0,0.25,31452.0,411.0,302.9
NICA,12/4/2019,409.0,409.0,403.0,403.0,-0.49,47834.0,411.0,302.9
NICA,12/5/2019,405.0,408.0,405.0,407.0,0.99,24306.0,411.0,302.9
NICA,12/8/2019,407.0,409.0,404.0,405.0,-0.49,24612.0,411.0,302.9
NICA,12/9/2019,405.0,410.0,405.0,410.0,1.23,17775.0,411.0,302.9
NICA,12/10/2019,414.0,415.0,409.0,410.0,0.0,20176.0,411.0,302.9
NICA,12/11/2019,410.0,415.0,410.0,414.0,0.98,13581.0,411.0,302.9
NICA,12/12/2019,412.0,418.0,412.0,414.0,0.0,17030.0,411.0,302.9
NICA,12/15/2019,415.0,424.0,414.0,421.0,1.69,62405.0,411.0,302.9
NICA,12/16/2019,425.0,425.0,414.0,418.0,-0.71,46637.0,411.0,302.9
NICA,12/17/2019,415.0,418.0,413.0,414.0,-0.96,24206.0,411.0,302.9
NICA,12/18/2019,420.0,420.0,414.0,416.0,0.48,17181.0,411.0,302.9
NICA,12/19/2019,418.0,418.0,413.0,413.0,-0.72,23427.0,411.0,302.9
NICA,12/22/2019,412.0,419.0,412.0,415.0,0.48,23136.0,411.0,302.9
NICA,12/23/2019,421.0,421.0,414.0,415.0,0.0,46469.0,411.0,302.9
NICA,12/24/2019,415.0,419.0,414.0,414.0,-0.24,34008.0,411.0,302.9
NICA,12/25/2019,414.0,416.0,413.0,413.0,-0.24,41239.0,411.0,302.9
NICA,12/26/2019,414.0,414.0,412.0,412.0,-0.24,35827.0,411.0,302.9
NICA,12/29/2019,415.0,415.0,406.0,408.0,-0.97,18417.0,411.0,302.9
NICA,12/30/2019,407.0,408.0,405.0,405.0,-0.74,28616.0,411.0,302.9
NICA,12/31/2019,413.0,414.0,407.0,408.0,0.74,28129.0,411.0,302.9
NICA,1/1/2020,410.0,413.0,408.0,411.0,0.74,35563.0,411.0,302.9
NICA,1/2/2020,413.0,415.0,411.0,413.0,0.49,41445.0,411.0,302.9
NICA,1/5/2020,414.0,431.0,413.0,427.0,3.39,102503.0,411.0,302.9
NICA,1/6/2020,430.0,441.0,428.0,440.0,3.04,194558.0,411.0,302.9
NICA,1/7/2020,442.0,449.0,435.0,438.0,-0.45,146948.0,411.0,302.9
NICA,1/8/2020,439.0,442.0,432.0,434.0,-0.91,98321.0,411.0,302.9
NICA,1/9/2020,431.0,437.0,431.0,433.0,-0.23,33427.0,411.0,302.9
NICA,1/12/2020,439.0,451.0,438.0,446.0,3.0,91556.0,411.0,302.9
NICA,1/13/2020,453.0,459.0,445.0,450.0,0.9,123765.0,411.0,302.9
NICA,1/14/2020,450.0,450.0,443.0,443.0,-1.56,64306.0,411.0,302.9
NICA,1/15/2020,446.0,474.0,446.0,472.0,6.55,160108.0,411.0,302.9
NICA,1/16/2020,475.0,484.0,475.0,475.0,0.64,142355.0,411.0,302.9
NICA,1/19/2020,484.0,489.0,475.0,477.0,0.42,131384.0,411.0,302.9
NICA,1/20/2020,484.0,492.0,470.0,479.0,0.42,125366.0,411.0,302.9
NICA,1/21/2020,488.0,493.0,480.0,482.0,0.63,195430.0,411.0,302.9
NICA,1/22/2020,490.0,490.0,477.0,478.0,-0.83,61558.0,411.0,302.9
NICA,1/23/2020,485.0,485.0,470.0,472.0,-1.26,55322.0,411.0,302.9
NICA,1/26/2020,472.0,475.0,466.0,467.0,-1.06,63904.0,411.0,302.9
NICA,1/27/2020,465.0,474.0,464.0,471.0,0.86,57507.0,411.0,302.9
NICA,1/28/2020,475.0,480.0,474.0,475.0,0.85,42456.0,411.0,302.9
NICA,1/29/2020,478.0,478.0,469.0,470.0,-1.05,31065.0,411.0,302.9
NICA,1/30/2020,471.0,483.0,470.0,480.0,2.13,65696.0,411.0,302.9
NICA,2/2/2020,484.0,493.0,482.0,492.0,2.5,128887.0,411.0,302.9
NICA,2/3/2020,495.0,496.0,487.0,488.0,-0.81,71812.0,411.0,302.9
NICA,2/4/2020,488.0,489.0,481.0,481.0,-1.43,63839.0,411.0,302.9
NICA,2/5/2020,500.0,500.0,480.0,482.0,0.21,45781.0,411.0,302.9
NICA,2/6/2020,483.0,485.0,479.0,481.0,-0.21,66736.0,411.0,302.9
NICA,2/9/2020,481.0,490.0,478.0,483.0,0.42,71613.0,411.0,302.9
NICA,2/10/2020,483.0,489.0,482.0,488.0,1.04,73372.0,411.0,302.9
NICA,2/11/2020,497.0,505.0,490.0,503.0,3.07,228218.0,411.0,302.9
NICA,2/12/2020,505.0,510.0,504.0,508.0,0.99,123088.0,411.0,302.9
NICA,2/13/2020,507.0,509.0,500.0,503.0,-0.98,99381.0,411.0,302.9
NICA,2/16/2020,503.0,511.0,502.0,511.0,1.59,78765.0,411.0,302.9
NICA,2/17/2020,513.0,545.0,513.0,539.0,5.48,164128.0,411.0,302.9
NICA,2/18/2020,544.0,558.0,540.0,548.0,1.67,194043.0,411.0,302.9
NICA,2/19/2020,550.0,553.0,543.0,547.0,-0.18,109712.0,411.0,302.9
NICA,2/20/2020,548.0,554.0,548.0,554.0,1.28,106954.0,411.0,302.9
NICA,2/23/2020,556.0,602.0,556.0,596.0,7.58,159238.0,411.0,302.9
NICA,2/24/2020,607.0,619.0,590.0,594.0,-0.34,174260.0,411.0,302.9
NICA,2/25/2020,588.0,598.0,575.0,595.0,0.17,153538.0,411.0,302.9
NICA,2/26/2020,603.0,615.0,595.0,610.0,2.52,166838.0,411.0,302.9
NICA,2/27/2020,605.0,663.0,587.0,660.0,8.2,330732.0,411.0,302.9
NICA,3/1/2020,670.0,680.0,636.0,639.0,-3.18,334054.0,411.0,302.9
NICA,3/2/2020,639.0,639.0,600.0,603.0,-5.63,236109.0,411.0,302.9
NICA,3/3/2020,591.0,621.0,579.0,608.0,0.83,305633.0,411.0,302.9
NICA,3/4/2020,608.0,610.0,577.0,577.0,-5.1,220724.0,411.0,302.9
NICA,3/5/2020,588.0,589.0,560.0,575.0,-0.35,168687.0,411.0,302.9
NICA,3/10/2020,564.0,564.0,526.0,526.0,-8.52,149878.0,411.0,302.9
NICA,3/11/2020,520.0,569.0,520.0,567.0,7.79,265635.0,411.0,302.9
NICA,3/12/2020,564.0,569.0,545.0,550.0,-3.0,210135.0,411.0,302.9
NICA,3/15/2020,545.0,547.0,518.0,518.0,-5.82,215664.0,411.0,302.9
NICA,3/16/2020,518.0,531.0,511.0,522.0,0.77,246391.0,411.0,302.9
NICA,3/17/2020,522.0,522.0,501.0,508.0,-2.68,197047.0,411.0,302.9
NICA,3/18/2020,511.0,518.0,491.0,502.0,-1.18,166700.0,411.0,302.9
NICA,3/19/2020,498.0,515.0,482.0,509.0,1.39,192055.0,411.0,302.9
NICA,3/22/2020,500.0,510.0,488.0,496.0,-2.55,22489.0,411.0,302.9
NICA,5/12/2020,487.0,487.0,482.0,482.0,-2.82,95.0,411.0,302.9
NICA,5/13/2020,473.0,473.0,468.0,468.0,-2.9,60.0,411.0,302.9
NICA,6/29/2020,459.0,459.0,422.0,469.0,0.21,75742.0,411.0,302.9
NICA,6/30/2020,462.0,510.0,462.0,506.0,7.89,10579.0,411.0,302.9
NICA,7/1/2020,514.0,534.0,514.0,525.0,3.75,33967.0,411.0,302.9
NICA,7/2/2020,530.0,530.0,473.0,485.0,-7.62,44886.0,411.0,302.9
NICA,7/5/2020,480.0,502.0,472.0,490.0,1.03,64804.0,411.0,302.9
NICA,7/6/2020,491.0,500.0,480.0,499.0,1.84,35198.0,411.0,302.9
NICA,7/7/2020,499.0,517.0,499.0,510.0,2.2,72828.0,411.0,302.9
NICA,7/8/2020,503.0,515.0,500.0,505.0,-0.98,35217.0,411.0,302.9
NICA,7/9/2020,502.0,509.0,496.0,502.0,-0.59,69253.0,411.0,302.9
NICA,7/12/2020,511.0,515.0,506.0,510.0,1.59,88061.0,411.0,302.9
NICA,7/13/2020,510.0,518.0,509.0,516.0,1.18,91574.0,411.0,302.9
NICA,7/14/2020,541.0,541.0,518.0,533.0,3.29,90120.0,411.0,302.9
NICA,7/15/2020,540.0,555.0,539.0,553.0,3.75,189465.0,411.0,302.9
NICA,7/16/2020,563.0,571.0,557.0,570.0,3.07,100312.0,411.0,302.9
NICA,7/19/2020,581.0,627.0,581.0,627.0,10.0,1111.0,411.0,302.9
NICA,7/20/2020,658.0,671.0,584.0,595.0,-5.1,288033.0,411.0,302.9
NICA,7/21/2020,600.0,604.0,580.0,587.0,-1.34,193137.0,411.0,302.9
NICA,7/22/2020,587.0,600.0,578.0,580.0,-1.19,121795.0,411.0,302.9
NICA,7/23/2020,580.0,582.0,569.0,579.0,-0.17,102536.0,411.0,302.9
NICA,7/26/2020,585.0,598.0,580.0,594.0,2.59,146673.0,411.0,302.9
NICA,7/27/2020,600.0,605.0,586.0,588.0,-1.01,101036.0,411.0,302.9
NICA,7/28/2020,585.0,592.0,579.0,580.0,-1.36,96294.0,411.0,302.9
NICA,7/29/2020,577.0,579.0,570.0,570.0,-1.72,155181.0,411.0,302.9
NICA,7/30/2020,570.0,577.0,565.0,570.0,0.0,89310.0,411.0,302.9
NICA,8/2/2020,566.0,566.0,552.0,552.0,-3.16,125621.0,411.0,302.9
NICA,8/3/2020,550.0,560.0,544.0,556.0,0.72,93087.0,411.0,302.9
NICA,8/5/2020,549.0,553.0,542.0,550.0,-1.08,89373.0,411.0,302.9
NICA,8/6/2020,545.0,551.0,537.0,548.0,-0.36,73572.0,411.0,302.9
NICA,8/9/2020,548.0,555.0,538.0,553.0,0.91,49047.0,411.0,302.9
NICA,8/10/2020,556.0,576.0,550.0,574.0,3.8,128478.0,411.0,302.9
NICA,8/11/2020,576.0,582.0,570.0,572.0,-0.35,74503.0,411.0,302.9
NICA,8/12/2020,580.0,580.0,564.0,574.0,0.35,67657.0,411.0,302.9
NICA,8/13/2020,570.0,583.0,570.0,577.0,0.52,120252.0,411.0,302.9
NICA,8/16/2020,575.0,575.0,560.0,566.0,-1.91,71817.0,411.0,302.9
NICA,8/17/2020,569.0,569.0,562.0,566.0,0.0,37723.0,411.0,302.9
NICA,8/18/2020,566.0,570.0,562.0,565.0,-0.18,43780.0,411.0,302.9
NICA,8/19/2020,555.0,563.0,553.0,554.0,-1.95,59039.0,411.0,302.9
NICA,8/20/2020,554.0,564.0,554.0,560.0,1.08,15745.0,411.0,302.9
NICA,8/23/2020,558.0,571.0,557.0,565.0,0.89,23761.0,411.0,302.9
NICA,8/24/2020,570.0,579.0,568.0,574.0,1.59,99698.0,411.0,302.9
NICA,8/25/2020,574.0,581.0,573.0,576.0,0.35,94522.0,411.0,302.9
NICA,8/26/2020,579.0,600.0,577.0,590.0,2.43,176951.0,411.0,302.9
NICA,8/27/2020,600.0,600.0,586.0,588.0,-0.34,140837.0,411.0,302.9
NICA,8/30/2020,584.0,587.0,579.0,581.0,-1.19,44108.0,411.0,302.9
NICA,8/31/2020,590.0,600.0,581.0,589.0,1.38,169903.0,411.0,302.9
NICA,9/2/2020,598.0,604.0,592.0,599.0,1.7,192770.0,411.0,302.9
NICA,9/3/2020,611.0,611.0,588.0,595.0,-0.67,68906.0,411.0,302.9
NICA,9/6/2020,624.0,624.0,582.0,588.0,-1.18,114541.0,411.0,302.9
NICA,9/7/2020,591.0,592.0,576.0,577.0,-1.87,72833.0,411.0,302.9
NICA,9/8/2020,575.0,582.0,570.0,579.0,0.35,49349.0,411.0,302.9
NICA,9/9/2020,577.0,582.0,571.0,577.0,-0.35,62944.0,411.0,302.9
NICA,9/10/2020,580.0,586.0,576.0,576.0,-0.17,48020.0,411.0,302.9
NICA,9/13/2020,576.0,587.0,574.0,587.0,1.91,93975.0,411.0,302.9
NICA,9/14/2020,594.0,595.0,584.0,589.0,0.34,70052.0,411.0,302.9
NICA,9/15/2020,587.0,590.0,580.0,581.0,-1.36,46177.0,411.0,302.9
NICA,9/16/2020,581.0,582.0,575.0,579.0,-0.34,43649.0,411.0,302.9
NICA,9/17/2020,580.0,593.0,577.0,590.0,1.9,115847.0,411.0,302.9
NICA,9/20/2020,598.0,604.0,591.0,592.0,0.34,81497.0,411.0,302.9
NICA,9/21/2020,610.0,610.0,584.0,589.0,-0.51,54931.0,411.0,302.9
NICA,9/22/2020,590.0,590.0,576.0,577.0,-2.04,72466.0,411.0,302.9
NICA,9/23/2020,573.0,581.0,572.0,578.0,0.17,33384.0,411.0,302.9
NICA,9/24/2020,606.0,606.0,576.0,579.0,0.17,37060.0,411.0,302.9
NICA,9/27/2020,607.0,607.0,575.0,580.0,0.17,48614.0,411.0,302.9
NICA,9/28/2020,584.0,584.0,578.0,579.0,-0.17,46486.0,411.0,302.9
NICA,9/29/2020,579.0,579.0,570.0,573.0,-1.04,58385.0,411.0,302.9
NICA,9/30/2020,601.0,601.0,569.0,571.0,-0.35,60813.0,411.0,302.9
NICA,10/1/2020,575.0,582.0,571.0,579.0,1.4,73645.0,411.0,302.9
NICA,10/4/2020,579.0,588.0,579.0,580.0,0.17,66773.0,411.0,302.9
NICA,10/5/2020,589.0,589.0,577.0,577.0,-0.52,54309.0,411.0,302.9
NICA,10/6/2020,580.0,580.0,574.0,574.0,-0.52,42913.0,411.0,302.9
NICA,10/7/2020,576.0,577.0,572.0,575.0,0.17,66003.0,411.0,302.9
NICA,10/8/2020,582.0,589.0,571.0,573.0,-0.35,52226.0,411.0,302.9
NICA,10/11/2020,575.0,582.0,571.0,574.0,0.17,73636.0,411.0,302.9
NICA,10/12/2020,580.0,587.0,575.0,580.0,1.05,87414.0,411.0,302.9
NICA,10/13/2020,585.0,591.0,578.0,579.0,-0.17,49233.0,411.0,302.9
NICA,10/14/2020,587.0,587.0,575.0,579.0,0.0,32158.0,411.0,302.9
NICA,10/15/2020,607.0,607.0,577.0,578.0,-0.17,40608.0,411.0,302.9
NICA,10/18/2020,585.0,585.0,572.0,572.0,-1.04,28061.0,411.0,302.9
NICA,10/19/2020,575.0,579.0,574.0,577.0,0.87,17751.0,411.0,302.9
NICA,10/20/2020,580.0,582.0,575.0,581.0,0.69,35260.0,411.0,302.9
NICA,10/21/2020,610.0,634.0,602.0,605.0,4.13,399513.0,411.0,302.9
NICA,10/22/2020,615.0,615.0,600.0,605.0,0.0,162894.0,411.0,302.9
NICA,10/28/2020,610.0,618.0,605.0,617.0,1.98,139393.0,411.0,302.9
NICA,10/29/2020,625.0,629.0,617.0,620.0,0.49,190125.0,411.0,302.9
NICA,11/1/2020,620.0,629.0,613.0,622.0,0.32,173339.0,411.0,302.9
NICA,11/2/2020,618.0,624.0,617.0,618.0,-0.64,109064.0,411.0,302.9
NICA,11/3/2020,618.0,623.0,615.0,619.0,0.16,134689.0,411.0,302.9
NICA,11/4/2020,620.0,621.0,615.0,619.0,0.0,61952.0,411.0,302.9
NICA,11/5/2020,620.0,621.0,616.0,618.0,-0.16,86880.0,411.0,302.9
NICA,11/8/2020,620.0,622.0,617.0,619.0,0.16,78936.0,411.0,302.9
NICA,11/9/2020,622.0,623.0,617.0,618.0,-0.16,66336.0,411.0,302.9
NICA,11/10/2020,620.0,624.0,617.0,619.0,0.16,95856.0,411.0,302.9
NICA,11/11/2020,620.0,645.0,620.0,642.0,3.72,246848.0,411.0,302.9
NICA,11/12/2020,650.0,650.0,635.0,644.0,0.31,212901.0,411.0,302.9
NICA,11/18/2020,649.0,675.0,644.0,670.0,4.04,274516.0,411.0,302.9
NICA,11/19/2020,675.0,683.0,664.0,670.0,0.0,232275.0,411.0,302.9
NICA,11/22/2020,674.0,694.0,671.0,691.0,3.13,259501.0,411.0,302.9
NICA,11/23/2020,695.0,699.0,686.0,687.0,-0.58,214571.0,411.0,302.9
NICA,11/24/2020,720.0,720.0,687.0,697.0,1.46,538774.0,411.0,302.9
NICA,11/25/2020,610.0,640.0,605.0,634.0,-9.04,309672.0,411.0,302.9
NICA,11/26/2020,648.0,650.0,623.0,624.0,-1.58,235735.0,411.0,302.9
NICA,11/29/2020,638.0,678.0,626.0,660.0,5.77,311229.0,411.0,302.9
NICA,11/30/2020,680.0,692.0,644.0,647.0,-1.97,193860.0,411.0,302.9
NICA,12/1/2020,646.0,655.0,630.0,632.0,-2.32,170189.0,411.0,302.9
NICA,12/2/2020,635.0,688.0,630.0,653.0,3.32,199988.0,411.0,302.9
NICA,12/3/2020,660.0,660.0,637.0,644.0,-1.38,141764.0,411.0,302.9
NICA,12/6/2020,632.0,644.0,623.0,623.0,-3.26,158242.0,411.0,302.9
NICA,12/7/2020,623.0,636.0,620.0,633.0,1.61,148276.0,411.0,302.9
NICA,12/8/2020,664.0,664.0,625.0,626.0,-1.11,128039.0,411.0,302.9
NICA,12/9/2020,625.0,626.0,611.0,612.0,-2.24,127221.0,411.0,302.9
NICA,12/10/2020,612.0,621.0,608.0,616.0,0.65,104431.0,411.0,302.9
NICA,12/13/2020,620.0,652.0,620.0,650.0,5.52,236248.0,411.0,302.9
NICA,12/14/2020,663.0,673.0,648.0,667.0,2.62,337934.0,411.0,302.9
NICA,12/15/2020,680.0,680.0,667.0,672.0,0.75,284988.0,411.0,302.9
NICA,12/16/2020,700.0,700.0,665.0,669.0,-0.45,170003.0,411.0,302.9
NICA,12/17/2020,665.0,699.0,665.0,690.0,3.14,349388.0,411.0,302.9
NICA,12/20/2020,690.0,749.0,671.0,707.0,2.46,674434.0,411.0,302.9
NICA,12/21/2020,707.0,777.0,699.0,777.0,9.9,605883.0,411.0,302.9
NICA,12/22/2020,815.0,854.0,814.0,854.0,9.91,555811.0,411.0,302.9
NICA,12/23/2020,896.0,920.0,825.0,852.0,-0.23,381481.0,411.0,302.9
NICA,12/24/2020,863.0,863.0,813.0,827.0,-2.93,390680.0,411.0,302.9
NICA,12/27/2020,827.0,836.0,805.0,810.0,-2.06,329040.0,411.0,302.9
NICA,12/28/2020,809.0,854.0,801.0,854.0,5.43,359860.0,411.0,302.9
NICA,12/29/2020,854.0,863.0,840.0,842.0,-1.41,176925.0,411.0,302.9
NICA,12/30/2020,842.0,881.0,835.0,870.0,3.33,370286.0,411.0,302.9
NICA,12/31/2020,875.0,898.0,870.0,882.0,1.38,304296.0,411.0,302.9
NICA,1/3/2021,895.0,908.0,892.0,899.0,1.93,304366.0,411.0,302.9
NICA,1/4/2021,908.0,913.0,885.0,892.0,-0.78,234042.0,411.0,302.9
NICA,1/5/2021,890.0,899.0,880.0,883.0,-1.01,184653.0,411.0,302.9
NICA,1/6/2021,898.0,899.0,882.0,892.0,1.02,110605.0,411.0,302.9
NICA,1/7/2021,893.0,916.0,890.0,908.0,1.79,250027.0,411.0,302.9
NICA,1/10/2021,910.0,935.0,910.0,927.0,2.09,194033.0,411.0,302.9
NICA,1/11/2021,945.0,963.0,912.0,915.0,-1.29,176512.0,411.0,302.9
NICA,1/12/2021,930.0,950.0,907.0,918.0,0.33,135414.0,411.0,302.9
NICA,1/13/2021,925.0,936.0,907.0,912.0,-0.65,174132.0,411.0,302.9
NICA,1/17/2021,925.0,925.0,896.0,901.0,-1.21,254035.0,411.0,302.9
NICA,1/18/2021,902.0,935.0,896.0,906.0,0.55,223189.0,411.0,302.9
NICA,1/19/2021,951.0,951.0,895.0,900.0,-0.66,223860.0,411.0,302.9
NICA,1/20/2021,905.0,905.0,885.0,889.0,-1.22,205128.0,411.0,302.9
NICA,1/21/2021,890.0,901.0,885.0,887.0,-0.22,181625.0,411.0,302.9
NICA,1/24/2021,899.0,905.0,880.0,885.0,-0.23,234231.0,411.0,302.9
NICA,1/25/2021,929.0,929.0,880.0,907.0,2.49,330776.0,411.0,302.9
NICA,1/26/2021,909.0,915.0,897.0,900.0,-0.77,154147.0,411.0,302.9
NICA,1/27/2021,902.0,902.0,888.0,893.0,-0.78,158020.0,411.0,302.9
NICA,1/28/2021,892.0,895.0,868.0,875.0,-2.02,325484.0,411.0,302.9
NICA,1/31/2021,875.0,880.0,858.0,860.0,-1.71,356920.0,411.0,302.9
NICA,2/1/2021,877.0,877.0,855.0,857.0,-0.35,206175.0,411.0,302.9
NICA,2/2/2021,899.0,899.0,861.0,888.0,3.62,188825.0,411.0,302.9
NICA,2/3/2021,850.0,915.0,850.0,882.0,-0.68,157512.0,411.0,302.9
NICA,2/4/2021,882.0,882.0,870.0,877.0,-0.57,139753.0,411.0,302.9
NICA,2/7/2021,877.0,880.0,869.0,874.0,-0.34,124789.0,411.0,302.9
NICA,2/8/2021,880.0,899.0,874.0,889.0,1.72,230184.0,411.0,302.9
NICA,2/9/2021,900.0,905.0,880.0,888.0,-0.11,256674.0,411.0,302.9
NICA,2/10/2021,888.0,895.0,878.0,884.0,-0.45,108250.0,411.0,302.9
NICA,2/11/2021,888.0,920.0,880.0,889.0,0.57,230138.0,411.0,302.9
NICA,2/14/2021,900.0,900.0,875.0,877.0,-1.35,171612.0,411.0,302.9
NICA,2/15/2021,890.0,921.0,886.0,917.0,4.56,448841.0,411.0,302.9
NICA,2/16/2021,930.0,940.0,911.0,924.0,0.76,363939.0,411.0,302.9
NICA,2/17/2021,930.0,935.0,911.0,923.0,-0.11,205348.0,411.0,302.9
NICA,2/18/2021,923.0,983.0,923.0,963.0,4.33,587795.0,411.0,302.9
NICA,2/21/2021,1000.0,1000.0,944.0,955.0,-0.83,320881.0,411.0,302.9
NICA,2/22/2021,951.0,951.0,914.0,918.0,-3.87,410509.0,411.0,302.9
NICA,2/23/2021,920.0,925.0,893.0,925.0,0.76,361039.0,411.0,302.9
NICA,2/24/2021,940.0,955.0,915.0,920.0,-0.54,220278.0,411.0,302.9
NICA,2/25/2021,966.0,966.0,900.0,905.0,-1.63,224463.0,411.0,302.9
NICA,2/28/2021,900.0,900.0,878.0,883.0,-2.43,277409.0,411.0,302.9
NICA,3/1/2021,927.0,927.0,861.0,892.0,1.02,202862.0,411.0,302.9
NICA,3/2/2021,909.0,909.0,862.0,880.0,-1.35,203295.0,411.0,302.9
NICA,3/3/2021,866.0,876.0,853.0,870.0,-1.14,247185.0,411.0,302.9
NICA,3/4/2021,913.0,913.0,870.0,893.0,2.64,177944.0,411.0,302.9
NICA,3/7/2021,910.0,910.0,875.0,878.0,-1.68,101323.0,411.0,302.9
NICA,3/9/2021,880.0,880.0,866.0,869.0,-1.03,80802.0,411.0,302.9
NICA,3/10/2021,912.0,912.0,861.0,866.0,-0.35,54313.0,411.0,302.9
NICA,3/14/2021,875.0,875.0,843.0,859.0,-0.81,135716.0,411.0,302.9
NICA,3/15/2021,901.0,901.0,840.0,855.0,-0.47,147770.0,411.0,302.9
NICA,3/16/2021,842.0,867.0,842.0,860.0,0.58,102391.0,411.0,302.9
NICA,3/17/2021,865.0,874.0,854.0,865.0,0.58,66842.0,411.0,302.9
NICA,3/18/2021,861.0,879.0,860.0,872.0,0.81,84339.0,411.0,302.9
NICA,3/21/2021,878.0,894.0,870.0,893.0,2.41,116839.0,411.0,302.9
NICA,3/22/2021,909.0,909.0,876.0,881.0,-1.34,69309.0,411.0,302.9
NICA,3/23/2021,872.0,880.0,872.0,877.0,-0.45,48299.0,411.0,302.9
NICA,3/24/2021,880.0,886.0,877.0,879.0,0.23,60092.0,411.0,302.9
NICA,3/25/2021,890.0,890.0,870.0,872.0,-0.8,50778.0,411.0,302.9
NICA,3/29/2021,871.0,880.0,867.0,872.0,0.0,36653.0,411.0,302.9
NICA,3/30/2021,875.0,875.0,870.0,872.0,0.0,100427.0,411.0,302.9
NICA,3/31/2021,900.0,910.0,875.0,903.0,3.56,154542.0,411.0,302.9
NICA,4/1/2021,910.0,910.0,899.0,907.0,0.44,168392.0,411.0,302.9
NICA,4/4/2021,920.0,929.0,912.0,921.0,1.54,206169.0,411.0,302.9
NICA,4/5/2021,954.0,954.0,914.0,914.0,-0.76,163192.0,411.0,302.9
NICA,4/6/2021,959.0,959.0,901.0,918.0,0.44,111261.0,411.0,302.9
NICA,4/7/2021,936.0,936.0,912.0,920.0,0.22,132663.0,411.0,302.9
NICA,4/8/2021,938.0,938.0,907.0,918.0,-0.22,99242.0,411.0,302.9
NICA,4/12/2021,921.0,949.0,915.0,949.0,3.38,267210.0,411.0,302.9
NICA,4/13/2021,960.0,971.0,948.0,970.0,2.21,254036.0,411.0,302.9
NICA,4/15/2021,979.0,998.0,970.0,979.0,0.93,331555.0,411.0,302.9
NICA,4/18/2021,1027.0,1027.0,960.0,963.0,-1.63,272250.0,411.0,302.9
NICA,4/19/2021,960.0,963.0,935.0,948.0,-1.56,201971.0,411.0,302.9
NICA,4/20/2021,943.0,959.0,930.0,940.0,-0.84,120526.0,411.0,302.9
NICA,4/21/2021,943.0,943.0,920.0,921.0,-2.02,130573.0,411.0,302.9
NICA,4/22/2021,934.0,934.0,907.0,922.0,0.11,121770.0,411.0,302.9
NICA,4/25/2021,925.0,925.0,900.0,908.0,-1.52,226128.0,411.0,302.9
NICA,4/26/2021,953.0,953.0,874.0,892.0,-1.76,181784.0,411.0,302.9
NICA,4/27/2021,848.0,916.0,848.0,913.0,2.35,127941.0,411.0,302.9
NICA,4/28/2021,930.0,930.0,896.0,899.0,-1.53,125316.0,411.0,302.9
NICA,4/29/2021,943.0,943.0,895.0,897.0,-0.22,82739.0,411.0,302.9
NICA,5/2/2021,900.0,909.0,895.0,904.0,0.78,110099.0,411.0,302.9
NICA,5/3/2021,910.0,914.0,897.0,898.0,-0.66,100965.0,411.0,302.9
NICA,5/4/2021,900.0,900.0,890.0,890.0,-0.89,73877.0,411.0,302.9
NICA,5/5/2021,869.0,900.0,869.0,887.0,-0.34,72643.0,411.0,302.9
NICA,5/6/2021,890.0,891.0,882.0,886.0,-0.11,60231.0,411.0,302.9
NICA,5/9/2021,886.0,893.0,877.0,884.0,-0.23,65133.0,411.0,302.9
NICA,5/10/2021,880.0,895.0,880.0,892.0,0.9,44848.0,411.0,302.9
NICA,5/11/2021,892.0,901.0,891.0,892.0,0.0,68098.0,411.0,302.9
NICA,5/12/2021,936.0,936.0,885.0,887.0,-0.56,53176.0,411.0,302.9
NICA,5/13/2021,925.0,925.0,887.0,889.0,0.23,40349.0,411.0,302.9
NICA,5/16/2021,900.0,904.0,895.0,903.0,1.57,72541.0,411.0,302.9
NICA,5/17/2021,909.0,913.0,900.0,907.0,0.44,82122.0,411.0,302.9
NICA,5/18/2021,890.0,908.0,890.0,905.0,-0.22,78733.0,411.0,302.9
NICA,5/19/2021,919.0,919.0,900.0,905.0,0.0,91053.0,411.0,302.9
NICA,5/20/2021,906.0,918.0,905.0,906.0,0.11,58888.0,411.0,302.9
NICA,5/23/2021,906.0,948.0,895.0,948.0,4.64,160448.0,411.0,302.9
NICA,5/24/2021,940.0,950.0,918.0,923.0,-2.64,194943.0,411.0,302.9
NICA,5/25/2021,925.0,925.0,906.0,910.0,-1.41,115162.0,411.0,302.9
NICA,5/27/2021,895.0,912.0,893.0,905.0,-0.55,137867.0,411.0,302.9
NICA,5/30/2021,950.0,950.0,890.0,907.0,0.22,121910.0,411.0,302.9
NICA,5/31/2021,913.0,929.0,902.0,902.0,-0.55,169234.0,411.0,302.9
NICA,6/1/2021,900.0,907.0,895.0,904.0,0.22,118739.0,411.0,302.9
NICA,6/2/2021,905.0,905.0,896.0,900.0,-0.44,86849.0,411.0,302.9
NICA,6/3/2021,905.0,935.0,905.0,918.0,2.0,246324.0,411.0,302.9
NICA,6/6/2021,925.0,950.0,921.0,928.0,1.09,250508.0,411.0,302.9
NICA,6/7/2021,945.0,945.0,904.0,908.0,-2.16,257985.0,411.0,302.9
NICA,6/8/2021,920.0,928.0,902.0,916.0,0.88,214151.0,411.0,302.9
NICA,6/9/2021,925.0,932.0,913.0,914.0,-0.22,147331.0,411.0,302.9
NICA,6/10/2021,900.0,920.0,900.0,907.0,-0.77,151038.0,411.0,302.9
NICA,6/13/2021,912.0,912.0,897.0,902.0,-0.55,203447.0,411.0,302.9
NICA,6/14/2021,910.0,935.0,901.0,910.0,0.89,203503.0,411.0,302.9
NICA,6/15/2021,920.0,921.0,901.0,905.0,-0.55,153136.0,411.0,302.9
NICA,6/16/2021,906.0,922.0,899.0,900.0,-0.55,84534.0,411.0,302.9
NICA,6/17/2021,900.0,907.0,898.0,901.0,0.11,139278.0,411.0,302.9
NICA,6/20/2021,901.0,910.0,890.0,893.0,-0.89,135627.0,411.0,302.9
NICA,6/21/2021,894.0,898.0,882.0,883.0,-1.12,145331.0,411.0,302.9
NICA,6/22/2021,885.0,907.0,881.0,905.0,2.49,176117.0,411.0,302.9
NICA,6/23/2021,905.0,905.0,892.0,893.0,-1.33,120895.0,411.0,302.9
NICA,6/24/2021,893.0,907.0,890.0,896.0,0.34,144591.0,411.0,302.9
NICA,6/27/2021,940.0,940.0,882.0,916.0,2.23,212905.0,411.0,302.9
NICA,6/28/2021,921.0,952.0,915.0,935.0,2.07,536806.0,411.0,302.9
NICA,6/29/2021,945.0,945.0,914.0,915.0,-2.14,137194.0,411.0,302.9
NICA,6/30/2021,910.0,918.0,903.0,915.0,0.0,85224.0,411.0,302.9
NICA,7/1/2021,915.0,918.0,908.0,911.0,-0.44,116472.0,411.0,302.9
NICA,7/4/2021,911.0,925.0,910.0,918.0,0.77,132415.0,411.0,302.9
NICA,7/5/2021,920.0,920.0,910.0,910.0,-0.87,91023.0,411.0,302.9
NICA,7/6/2021,913.0,920.0,910.0,916.0,0.66,69482.0,411.0,302.9
NICA,7/7/2021,925.0,925.0,914.0,916.0,0.0,113264.0,411.0,302.9
NICA,7/8/2021,920.0,935.0,914.0,926.0,1.09,181363.0,411.0,302.9
NICA,7/11/2021,935.0,975.0,930.0,964.0,4.1,419084.0,411.0,302.9
NICA,7/12/2021,970.0,981.0,952.0,956.0,-0.83,361409.0,411.0,302.9
NICA,7/13/2021,960.0,977.0,954.0,973.0,1.78,205796.0,411.0,302.9
NICA,7/14/2021,975.0,980.0,959.0,975.0,0.21,127034.0,411.0,302.9
NICA,7/15/2021,980.0,999.0,970.0,994.0,1.95,334226.0,411.0,302.9
NICA,7/18/2021,1007.0,1070.0,1001.0,1065.0,7.14,342114.0,411.0,302.9
NICA,7/19/2021,1080.0,1083.0,1036.0,1045.0,-1.88,335938.0,411.0,302.9
NICA,7/20/2021,1060.0,1060.0,1030.0,1031.6,-1.28,226606.0,411.0,302.9
NICA,7/22/2021,1032.0,1045.0,1011.0,1034.0,0.23,349971.0,411.0,302.9
NICA,7/25/2021,1040.0,1085.0,1040.0,1073.0,3.77,316583.0,411.0,302.9
NICA,7/26/2021,1080.0,1085.0,1046.0,1053.0,-1.86,316542.0,411.0,302.9
NICA,7/27/2021,1032.0,1071.0,1012.0,1054.0,0.09,474075.0,411.0,302.9
NICA,7/28/2021,1060.0,1072.0,1041.0,1042.0,-1.14,99689.0,411.0,302.9
NICA,7/29/2021,1022.0,1054.0,1022.0,1036.0,-0.58,124985.0,411.0,302.9
NICA,8/1/2021,1045.0,1048.0,1026.2,1029.9,-0.59,113061.0,411.0,302.9
NICA,8/2/2021,1040.0,1040.0,1020.0,1026.0,-0.38,113315.0,411.0,302.9
NICA,8/3/2021,1027.0,1035.0,1023.0,1027.7,0.17,84712.0,411.0,302.9
NICA,8/4/2021,1048.0,1048.0,1024.0,1025.7,-0.19,119270.0,411.0,302.9
NICA,8/5/2021,1026.0,1035.0,1025.0,1026.0,0.03,87494.0,411.0,302.9
NICA,8/8/2021,1039.0,1039.0,1026.0,1028.0,0.19,66300.0,411.0,302.9
NICA,8/9/2021,1035.0,1035.0,1017.0,1018.0,-0.97,102873.0,411.0,302.9
NICA,8/10/2021,1020.0,1067.9,1017.0,1047.0,2.85,147195.0,411.0,302.9
NICA,8/11/2021,1051.0,1066.0,1027.5,1032.0,-1.43,89806.0,411.0,302.9
NICA,8/12/2021,1032.0,1040.0,1028.0,1034.0,0.19,143592.0,411.0,302.9
NICA,8/15/2021,1013.4,1030.0,980.0,1004.0,-2.9,336814.0,411.0,302.9
NICA,8/16/2021,1004.0,1004.0,986.0,988.0,-1.59,363653.0,411.0,302.9
NICA,8/17/2021,988.5,991.0,970.1,973.0,-1.52,206972.0,411.0,302.9
NICA,8/18/2021,988.0,998.5,960.0,995.0,2.26,223612.0,411.0,302.9
NICA,8/19/2021,1004.0,1004.0,966.0,969.0,-2.61,266456.0,411.0,302.9
NICA,8/24/2021,985.0,986.0,950.0,951.0,-1.86,141517.0,411.0,302.9
NICA,8/25/2021,970.0,970.0,935.0,940.0,-1.16,158222.0,411.0,302.9
NICA,8/26/2021,957.0,958.0,933.0,936.9,-0.33,173201.0,411.0,302.9
NICA,8/29/2021,955.0,955.0,918.0,920.0,-1.8,136304.0,411.0,302.9
NICA,8/31/2021,938.0,938.0,903.0,914.0,-0.65,159777.0,411.0,302.9
NICA,9/1/2021,920.0,927.0,905.1,912.0,-0.22,104201.0,411.0,302.9
NICA,9/2/2021,912.0,918.0,898.0,905.5,-0.71,127440.0,411.0,302.9
NICA,9/5/2021,905.6,905.6,876.0,893.0,-1.38,130256.0,411.0,302.9
NICA,9/6/2021,880.0,937.0,880.0,929.0,4.03,218544.0,411.0,302.9
NICA,9/7/2021,939.0,939.0,895.0,907.0,-2.37,97523.0,411.0,302.9
NICA,9/8/2021,907.0,907.0,885.0,895.0,-1.32,104324.0,411.0,302.9
NICA,9/9/2021,900.0,901.0,885.0,891.0,-0.45,93559.0,411.0,302.9
NICA,9/12/2021,900.0,907.0,880.2,906.0,1.68,130358.0,411.0,302.9
NICA,9/13/2021,923.0,955.0,907.0,927.0,2.32,299759.0,411.0,302.9
NICA,9/14/2021,943.0,943.0,918.3,919.1,-0.85,168837.0,411.0,302.9
NICA,9/15/2021,920.0,924.0,903.0,912.0,-0.77,96697.0,411.0,302.9
NICA,9/16/2021,930.2,930.2,890.1,897.0,-1.64,161004.0,411.0,302.9
NICA,9/20/2021,897.1,897.1,875.0,875.1,-2.44,171670.0,411.0,302.9
NICA,9/21/2021,858.0,887.0,850.0,870.0,-0.58,173627.0,411.0,302.9
NICA,9/22/2021,887.0,899.0,881.0,890.0,2.3,72519.0,411.0,302.9
NICA,9/23/2021,907.8,915.0,887.0,902.0,1.35,218766.0,411.0,302.9
NICA,9/26/2021,920.0,920.0,882.0,884.0,-2.0,93082.0,411.0,302.9
NICA,9/27/2021,884.0,890.0,866.0,870.0,-1.58,66203.0,411.0,302.9
NICA,9/28/2021,865.0,880.0,851.0,859.0,-1.26,169341.0,411.0,302.9
NICA,9/29/2021,872.1,872.1,845.0,865.0,0.7,89368.0,411.0,302.9
NICA,9/30/2021,865.0,872.1,848.0,862.9,-0.24,82748.0,411.0,302.9
NICA,10/3/2021,850.1,860.0,844.0,849.1,-1.6,88933.0,411.0,302.9
NICA,10/4/2021,849.1,858.0,833.0,850.0,0.11,94801.0,411.0,302.9
NICA,10/5/2021,850.0,854.9,842.0,850.0,0.0,39369.0,411.0,302.9
NICA,10/6/2021,855.0,865.0,848.0,858.0,0.94,54341.0,411.0,302.9
NICA,10/10/2021,873.0,873.0,845.2,850.0,-0.93,55797.0,411.0,302.9
NICA,10/11/2021,850.0,850.0,833.5,840.0,-1.18,40240.0,411.0,302.9
NICA,10/17/2021,845.0,850.0,830.5,849.0,1.07,34196.0,411.0,302.9
NICA,10/18/2021,849.0,849.0,816.0,830.0,-2.24,62559.0,411.0,302.9
NICA,10/19/2021,818.0,819.0,785.0,791.0,-4.7,110546.0,411.0,302.9
NICA,10/20/2021,806.0,821.0,795.0,802.0,1.39,58775.0,411.0,302.9
NICA,10/21/2021,795.0,809.8,794.1,808.0,0.75,61630.0,411.0,302.9
NICA,10/24/2021,800.0,835.0,799.0,830.0,2.72,113978.0,411.0,302.9
NICA,10/25/2021,832.0,841.0,820.0,836.0,0.72,70258.0,411.0,302.9
NICA,10/26/2021,819.3,841.5,790.0,837.0,0.12,299356.0,411.0,302.9
NICA,10/27/2021,830.0,873.2,826.0,870.0,3.94,230090.0,411.0,302.9
NICA,10/28/2021,870.0,876.0,855.0,871.0,0.11,199592.0,411.0,302.9
NICA,10/31/2021,871.0,902.1,856.0,893.0,2.53,222689.0,411.0,302.9
NICA,11/1/2021,910.0,910.0,870.0,874.0,-2.13,133727.0,411.0,302.9
NICA,11/2/2021,890.0,890.0,865.0,869.0,-0.57,62963.0,411.0,302.9
NICA,11/3/2021,886.0,886.0,866.0,869.9,0.1,62379.0,411.0,302.9
NICA,11/8/2021,860.0,880.0,856.0,856.0,-1.6,53173.0,411.0,302.9
NICA,11/9/2021,860.0,860.0,830.0,839.0,-1.99,100951.0,411.0,302.9
NICA,11/11/2021,825.1,841.5,824.0,824.0,-1.79,60792.0,411.0,302.9
NICA,11/14/2021,825.0,835.0,813.1,825.5,0.18,40711.0,411.0,302.9
NICA,11/15/2021,817.0,833.0,817.0,824.9,-0.07,46501.0,411.0,302.9
NICA,11/16/2021,825.0,870.0,820.0,870.0,5.47,104559.0,411.0,302.9
NICA,11/17/2021,880.0,897.0,862.0,875.0,0.57,143618.0,411.0,302.9
NICA,11/18/2021,874.0,874.0,845.9,854.0,-2.4,86241.0,411.0,302.9
NICA,11/21/2021,870.0,870.0,836.0,840.0,-1.64,51751.0,411.0,302.9
NICA,11/22/2021,855.0,860.0,832.1,850.0,1.19,38185.0,411.0,302.9
NICA,11/23/2021,850.0,856.0,825.0,836.0,-1.65,64274.0,411.0,302.9
NICA,11/24/2021,836.0,836.0,821.7,831.0,-0.6,96252.0,411.0,302.9
NICA,11/25/2021,825.0,843.0,825.0,842.0,1.32,81644.0,411.0,302.9
NICA,11/28/2021,835.0,835.0,813.0,817.0,-2.97,66398.0,411.0,302.9
NICA,11/29/2021,824.0,825.0,797.0,800.0,-2.08,73172.0,411.0,302.9
NICA,11/30/2021,813.8,813.8,790.0,810.0,1.25,94516.0,411.0,302.9
NICA,12/1/2021,800.0,822.0,800.0,804.8,-0.64,25231.0,411.0,302.9
NICA,12/2/2021,805.0,805.0,780.0,788.0,-2.09,114952.0,411.0,302.9
NICA,12/5/2021,785.0,785.0,758.6,765.0,-2.92,73387.0,411.0,302.9
NICA,12/6/2021,760.0,787.0,745.0,787.0,2.88,68582.0,411.0,302.9
NICA,12/7/2021,790.0,795.2,765.0,766.0,-2.67,48358.0,411.0,302.9
NICA,12/8/2021,760.0,760.0,742.0,749.0,-2.22,45768.0,411.0,302.9
NICA,12/9/2021,746.0,756.0,740.0,742.6,-0.85,50635.0,411.0,302.9
NICA,12/12/2021,748.0,748.0,722.0,725.0,-2.37,53496.0,411.0,302.9
NICA,12/13/2021,712.0,722.0,701.0,709.0,-2.21,70526.0,411.0,302.9
NICA,12/14/2021,723.0,739.5,716.0,739.5,4.3,18561.0,411.0,302.9
NICA,12/15/2021,754.0,767.0,725.0,732.0,-1.01,69145.0,411.0,302.9
NICA,12/16/2021,736.5,736.5,721.0,734.0,0.27,28600.0,411.0,302.9
NICA,12/20/2021,748.6,748.6,720.0,722.0,-1.63,50222.0,411.0,302.9
NICA,12/21/2021,735.0,736.0,722.0,731.2,1.27,30657.0,411.0,302.9
NICA,12/22/2021,745.0,756.0,735.0,752.0,2.84,54868.0,411.0,302.9
NICA,12/23/2021,767.0,767.0,749.0,760.0,1.06,53583.0,411.0,302.9
NICA,12/26/2021,765.0,775.0,760.0,769.9,1.3,70760.0,411.0,302.9
NICA,12/27/2021,770.0,774.0,744.0,744.0,-3.36,65018.0,411.0,302.9
NICA,12/28/2021,740.0,747.0,730.0,738.0,-0.81,43607.0,411.0,302.9
NICA,12/29/2021,726.1,744.0,725.0,740.0,0.27,77201.0,411.0,302.9
NICA,1/2/2022,754.8,773.0,730.0,769.0,3.92,73533.0,411.0,302.9
NICA,1/3/2022,769.0,788.4,765.0,784.0,1.95,78276.0,411.0,302.9
NICA,1/4/2022,790.0,813.7,772.0,807.8,3.04,79587.0,411.0,302.9
NICA,1/5/2022,819.9,819.9,792.0,795.0,-1.58,78208.0,411.0,302.9
NICA,1/6/2022,782.0,839.0,782.0,838.0,5.41,178781.0,411.0,302.9
NICA,1/9/2022,854.7,871.0,850.0,867.1,3.47,162594.0,411.0,302.9
NICA,1/10/2022,870.0,879.0,852.0,860.0,-0.82,160045.0,411.0,302.9
NICA,1/11/2022,870.0,872.0,855.0,864.5,0.52,83864.0,411.0,302.9
NICA,1/12/2022,870.0,889.5,863.0,866.0,0.17,170915.0,411.0,302.9
NICA,1/13/2022,868.0,890.0,861.0,880.5,1.67,94487.0,411.0,302.9
NICA,1/16/2022,895.0,912.0,882.0,900.0,2.21,137916.0,411.0,302.9
NICA,1/17/2022,918.0,918.0,893.0,898.0,-0.22,111345.0,411.0,302.9
NICA,1/18/2022,900.0,927.0,899.0,914.0,1.78,207182.0,411.0,302.9
NICA,1/19/2022,932.2,932.2,910.0,912.0,-0.22,145505.0,411.0,302.9
NICA,1/20/2022,912.0,920.0,901.6,917.0,0.55,116652.0,411.0,302.9
NICA,1/23/2022,935.0,935.3,899.0,903.0,-1.53,191997.0,411.0,302.9
NICA,1/24/2022,900.0,900.0,866.0,866.2,-4.08,419335.0,411.0,302.9
NICA,1/25/2022,850.0,883.0,845.2,867.0,0.09,227148.0,411.0,302.9
NICA,1/26/2022,868.0,873.0,856.0,860.0,-0.81,109049.0,411.0,302.9
NICA,1/27/2022,861.0,869.9,856.0,859.6,-0.05,56260.0,411.0,302.9
NICA,1/30/2022,876.7,888.0,872.0,883.0,2.72,99204.0,411.0,302.9
NICA,1/31/2022,890.0,890.0,870.1,872.0,-1.25,65157.0,411.0,302.9
NICA,2/1/2022,875.0,883.0,865.0,870.0,-0.23,58118.0,411.0,302.9
NICA,2/3/2022,870.0,877.0,860.0,860.4,-1.1,150826.0,411.0,302.9
NICA,2/6/2022,856.0,860.0,845.0,853.0,-0.86,72123.0,411.0,302.9
NICA,2/7/2022,853.0,858.0,839.0,843.0,-1.17,59770.0,411.0,302.9
NICA,2/8/2022,855.0,872.0,826.0,837.0,-0.71,86778.0,411.0,302.9
NICA,2/9/2022,840.0,840.0,821.0,828.0,-1.08,87317.0,411.0,302.9
NICA,2/10/2022,830.0,839.0,814.0,818.0,-1.21,95660.0,411.0,302.9
NICA,2/13/2022,802.0,811.0,789.0,807.0,-1.34,180844.0,411.0,302.9
NICA,2/14/2022,811.0,814.0,798.0,805.0,-0.25,65371.0,411.0,302.9
NICA,2/15/2022,805.0,810.0,802.0,805.0,0.0,45673.0,411.0,302.9
NICA,2/16/2022,806.0,815.0,803.0,807.0,0.25,43171.0,411.0,302.9
NICA,2/17/2022,805.0,816.0,804.0,816.0,1.12,55936.0,411.0,302.9
NICA,2/20/2022,799.7,812.0,790.0,803.1,-1.58,58816.0,411.0,302.9
NICA,2/21/2022,808.0,810.0,798.0,806.1,0.37,30102.0,411.0,302.9
NICA,2/22/2022,806.0,815.0,802.0,808.0,0.24,37501.0,411.0,302.9
NICA,2/23/2022,810.0,810.0,801.0,804.0,-0.5,26347.0,411.0,302.9
NICA,2/24/2022,804.0,804.0,785.0,790.0,-1.74,62153.0,411.0,302.9
NICA,2/27/2022,790.0,800.0,777.7,783.0,-0.89,94586.0,411.0,302.9
NICA,2/28/2022,798.0,798.0,771.0,773.0,-1.28,55256.0,411.0,302.9
NICA,3/2/2022,770.0,775.0,760.0,762.0,-1.42,76482.0,411.0,302.9
NICA,3/6/2022,777.2,785.0,755.0,768.0,0.79,36346.0,411.0,302.9
NICA,3/7/2022,770.0,774.9,747.0,774.0,0.78,138577.0,411.0,302.9
NICA,3/9/2022,785.0,785.0,750.0,760.0,-1.81,138776.0,411.0,302.9
NICA,3/10/2022,760.0,762.0,747.0,758.0,-0.26,165638.0,411.0,302.9
NICA,3/13/2022,769.0,790.0,758.0,782.0,3.17,93422.0,411.0,302.9
NICA,3/14/2022,785.0,789.0,770.0,778.0,-0.51,29363.0,411.0,302.9
NICA,3/15/2022,780.0,781.0,770.0,772.0,-0.77,50282.0,411.0,302.9
NICA,3/16/2022,772.0,778.0,765.0,768.0,-0.52,46676.0,411.0,302.9
NICA,3/20/2022,776.0,776.0,764.0,770.0,0.26,42001.0,411.0,302.9
NICA,3/21/2022,775.0,780.0,762.0,773.0,0.39,47286.0,411.0,302.9
NICA,3/22/2022,770.0,785.0,770.0,779.9,0.89,41446.0,411.0,302.9
NICA,3/23/2022,780.0,785.0,773.0,785.0,0.65,108697.0,411.0,302.9
NICA,3/24/2022,780.0,790.0,769.3,780.0,-0.64,67523.0,411.0,302.9
NICA,3/27/2022,780.0,790.0,766.0,766.0,-1.79,67429.0,411.0,302.9
NICA,3/28/2022,761.0,765.0,755.0,759.9,-0.8,37146.0,411.0,302.9
NICA,3/29/2022,756.0,765.0,754.0,757.0,-0.38,40516.0,411.0,302.9
NICA,3/30/2022,758.0,770.0,757.0,767.0,1.32,29760.0,411.0,302.9
NICA,3/31/2022,772.0,772.0,755.0,764.0,-0.39,39695.0,411.0,302.9
NICA,4/3/2022,770.0,778.0,756.2,761.9,-0.27,18189.0,411.0,302.9
NICA,4/4/2022,777.1,777.1,757.0,762.0,0.01,19152.0,411.0,302.9
NICA,4/5/2022,777.2,777.2,748.0,751.2,-1.42,69542.0,411.0,302.9
NICA,4/6/2022,750.0,750.0,739.0,741.9,-1.24,52534.0,411.0,302.9
NICA,4/7/2022,750.0,765.0,746.0,765.0,3.11,51777.0,411.0,302.9
NICA,4/11/2022,765.0,774.0,740.0,763.0,-0.26,91552.0,411.0,302.9
NICA,4/12/2022,775.0,775.0,745.0,752.0,-1.44,44168.0,411.0,302.9
NICA,4/13/2022,748.0,760.0,745.0,757.0,0.66,51266.0,411.0,302.9
NICA,4/17/2022,772.1,772.1,746.0,751.0,-0.79,38725.0,411.0,302.9
NICA,4/18/2022,756.0,756.0,745.0,747.5,-0.47,32922.0,411.0,302.9
NICA,4/19/2022,750.0,764.8,746.0,760.0,1.67,28688.0,411.0,302.9
NICA,4/20/2022,775.0,775.0,750.8,755.0,-0.66,66139.0,411.0,302.9
NICA,4/21/2022,770.1,770.1,740.0,765.0,1.32,55724.0,411.0,302.9
NICA,4/24/2022,780.0,800.0,765.0,796.0,4.05,62866.0,411.0,302.9
NICA,4/25/2022,800.0,800.0,776.0,776.0,-2.51,68468.0,411.0,302.9
NICA,4/26/2022,785.0,791.0,773.0,784.4,1.08,35741.0,411.0,302.9
NICA,4/27/2022,773.0,781.8,770.1,781.8,-0.33,37180.0,411.0,302.9
NICA,4/28/2022,780.0,790.0,779.0,782.0,0.03,44865.0,411.0,302.9
NICA,5/2/2022,780.0,780.0,767.0,773.5,-1.09,33499.0,411.0,302.9
NICA,5/4/2022,770.0,773.0,765.1,771.5,-0.26,23016.0,411.0,302.9
NICA,5/5/2022,762.0,770.0,747.5,764.0,-0.97,89146.0,411.0,302.9
NICA,5/8/2022,751.0,765.0,750.0,765.0,0.13,48636.0,411.0,302.9
NICA,5/9/2022,780.3,780.3,750.0,774.0,1.18,65468.0,411.0,302.9
NICA,5/10/2022,777.0,785.0,770.0,785.0,1.42,25257.0,411.0,302.9
NICA,5/11/2022,794.0,800.0,785.0,792.0,0.89,60355.0,411.0,302.9
NICA,5/12/2022,800.0,819.0,790.1,808.0,2.02,69720.0,411.0,302.9
NICA,5/17/2022,808.0,814.0,775.0,775.0,-4.08,64901.0,411.0,302.9
NICA,5/18/2022,780.0,789.0,771.0,786.0,1.42,27047.0,411.0,302.9
NICA,5/19/2022,794.0,794.0,777.0,781.0,-0.64,29672.0,411.0,302.9
NICA,5/20/2022,780.0,785.0,776.0,780.0,-0.13,14791.0,411.0,302.9
NICA,5/23/2022,785.0,785.0,760.0,764.2,-2.03,38586.0,411.0,302.9
NICA,5/24/2022,760.0,773.0,750.0,768.0,0.5,22335.0,411.0,302.9
NICA,5/25/2022,783.0,783.0,770.0,775.0,0.91,20264.0,411.0,302.9
NICA,5/26/2022,790.5,790.5,774.0,781.5,0.84,22046.0,411.0,302.9
NICA,5/27/2022,785.0,785.0,770.0,772.0,-1.22,35663.0,411.0,302.9
NICA,5/30/2022,787.4,787.4,750.0,760.0,-1.55,53026.0,411.0,302.9
NICA,5/31/2022,770.0,770.0,748.0,752.7,-0.96,71623.0,411.0,302.9
NICA,6/1/2022,750.0,763.0,748.0,759.9,0.96,42503.0,411.0,302.9
NICA,6/2/2022,760.0,760.0,741.0,744.5,-2.03,87718.0,411.0,302.9
NICA,6/3/2022,745.0,757.0,728.1,739.0,-0.74,84842.0,411.0,302.9
NICA,6/6/2022,744.0,746.0,724.0,727.0,-1.62,92806.0,411.0,302.9
NICA,6/7/2022,728.0,729.0,700.0,708.9,-2.49,86403.0,411.0,302.9
NICA,6/8/2022,700.0,732.0,700.0,723.0,1.99,58996.0,411.0,302.9
NICA,6/9/2022,720.0,731.7,715.0,716.0,-0.97,43462.0,411.0,302.9
NICA,6/10/2022,730.3,730.3,700.0,716.0,0.0,42734.0,411.0,302.9
NICA,6/13/2022,716.0,716.0,705.0,709.5,-0.91,34498.0,411.0,302.9
NICA,6/14/2022,706.0,710.0,701.0,703.2,-0.89,33384.0,411.0,302.9
NICA,6/15/2022,717.2,717.2,691.9,704.0,0.11,63277.0,411.0,302.9
NICA,6/16/2022,704.0,707.9,690.0,697.4,-0.94,51244.0,411.0,302.9
NICA,6/17/2022,700.0,705.0,690.0,695.0,-0.34,32624.0,411.0,302.9
NICA,6/19/2022,699.0,699.0,680.2,682.0,-1.87,47112.0,411.0,302.9
NICA,6/20/2022,680.0,680.0,671.1,674.4,-1.11,64703.0,411.0,302.9
NICA,6/21/2022,680.0,693.6,670.3,685.0,1.57,46893.0,411.0,302.9
NICA,6/22/2022,685.0,685.0,669.5,670.0,-2.19,36984.0,411.0,302.9
NICA,6/23/2022,670.0,670.0,646.5,652.9,-2.55,63783.0,411.0,302.9
NICA,6/24/2022,648.0,670.0,634.0,659.0,0.93,31888.0,411.0,302.9
NICA,6/26/2022,672.0,686.0,662.0,686.0,4.1,75516.0,411.0,302.9
NICA,6/27/2022,691.0,693.0,676.0,678.0,-1.17,46048.0,411.0,302.9
NICA,6/28/2022,665.1,679.0,665.1,672.5,-0.81,15590.0,411.0,302.9
NICA,6/29/2022,675.0,680.0,664.0,679.0,0.97,21950.0,411.0,302.9
NICA,6/30/2022,682.0,698.7,680.0,698.7,2.9,51903.0,411.0,302.9
NICA,7/1/2022,701.0,705.0,687.0,689.9,-1.26,65273.0,411.0,302.9
NICA,7/3/2022,690.0,718.0,680.0,718.0,4.07,99723.0,411.0,302.9
NICA,7/4/2022,720.0,734.0,699.0,704.0,-1.95,140168.0,411.0,302.9
NICA,7/5/2022,704.0,713.0,690.0,690.0,-1.99,50002.0,411.0,302.9
NICA,7/6/2022,690.0,693.0,676.2,689.0,-0.14,42283.0,411.0,302.9
NICA,7/7/2022,702.0,710.0,680.0,685.0,-0.58,38738.0,411.0,302.9
NICA,7/8/2022,685.0,687.0,664.3,668.0,-2.48,45733.0,411.0,302.9
NICA,7/11/2022,662.0,662.0,640.0,648.0,-2.99,134434.0,411.0,302.9
NICA,7/12/2022,648.0,660.0,646.0,657.0,1.39,53503.0,411.0,302.9
NICA,7/13/2022,657.0,680.0,657.0,680.0,3.5,124370.0,411.0,302.9
NICA,7/14/2022,670.0,697.8,667.1,694.0,2.06,448553.0,411.0,302.9
NICA,7/15/2022,694.0,704.0,688.0,696.0,0.29,44293.0,411.0,302.9
NICA,7/17/2022,709.9,709.9,691.0,703.0,1.01,64978.0,411.0,302.9
NICA,7/18/2022,703.0,704.0,695.0,703.0,0.0,48670.0,411.0,302.9
NICA,7/19/2022,709.0,718.0,704.1,713.0,1.42,96528.0,411.0,302.9
NICA,7/20/2022,710.0,720.0,709.0,716.0,0.42,64499.0,411.0,302.9
NICA,7/21/2022,730.0,735.0,719.0,722.0,0.84,155068.0,411.0,302.9
NICA,7/22/2022,724.0,724.9,712.0,713.0,-1.25,47223.0,411.0,302.9
NICA,7/24/2022,713.0,724.9,706.0,724.0,1.54,86801.0,411.0,302.9
NICA,7/25/2022,733.0,734.5,728.0,731.0,0.97,101736.0,411.0,302.9
NICA,7/26/2022,731.1,731.1,708.0,709.0,-3.01,102412.0,411.0,302.9
NICA,7/27/2022,709.0,714.9,701.0,711.0,0.28,54808.0,411.0,302.9
NICA,7/28/2022,719.9,719.9,705.1,709.0,-0.28,75111.0,411.0,302.9
NICA,7/29/2022,712.0,715.0,706.0,707.9,-0.16,30305.0,411.0,302.9
NICA,7/31/2022,710.0,731.0,707.0,725.0,2.42,87775.0,411.0,302.9
NICA,8/1/2022,730.0,730.0,721.0,722.0,-0.41,60754.0,411.0,302.9
NICA,8/2/2022,730.0,730.0,720.2,720.2,-0.25,44090.0,411.0,302.9
NICA,8/3/2022,720.2,725.0,715.0,715.0,-0.72,50858.0,411.0,302.9
NICA,8/4/2022,719.9,719.9,705.0,706.0,-1.26,58366.0,411.0,302.9
NICA,8/5/2022,700.0,704.8,695.0,695.5,-1.49,33014.0,411.0,302.9
NICA,8/7/2022,700.0,706.0,695.0,699.0,0.5,41323.0,411.0,302.9
NICA,8/8/2022,712.9,712.9,686.0,694.0,-0.72,47484.0,411.0,302.9
NICA,8/9/2022,694.0,695.0,681.0,687.0,-1.01,47705.0,411.0,302.9
NICA,8/10/2022,680.1,683.0,665.1,674.0,-1.89,61587.0,411.0,302.9
NICA,8/11/2022,665.0,677.0,665.0,669.0,-0.74,44403.0,411.0,302.9
NICA,8/14/2022,669.0,669.0,657.0,660.5,-1.27,49791.0,411.0,302.9
NICA,8/15/2022,650.0,666.5,648.0,666.5,0.91,66185.0,411.0,302.9
NICA,8/16/2022,679.8,679.8,663.1,664.1,-0.36,59039.0,411.0,302.9
NICA,8/17/2022,665.0,665.0,657.0,660.0,-0.62,39009.0,411.0,302.9
NICA,8/18/2022,661.0,673.0,658.0,668.0,1.21,29374.0,411.0,302.9
NICA,8/21/2022,669.9,675.0,665.0,667.0,-0.15,23208.0,411.0,302.9
NICA,8/22/2022,665.0,665.0,655.0,663.0,-0.6,29684.0,411.0,302.9
NICA,8/23/2022,667.9,667.9,661.0,662.0,-0.15,13142.0,411.0,302.9
NICA,8/24/2022,670.0,670.0,661.6,664.0,0.3,22672.0,411.0,302.9
NICA,8/25/2022,665.0,665.7,659.0,659.0,-0.75,33612.0,411.0,302.9
NICA,8/26/2022,657.0,660.0,652.0,655.0,-0.61,18693.0,411.0,302.9
NICA,8/28/2022,651.0,655.0,645.1,646.1,-1.36,45482.0,411.0,302.9
NICA,8/29/2022,645.0,650.0,644.1,649.0,0.45,13292.0,411.0,302.9
NICA,8/30/2022,657.0,658.0,645.3,645.3,-0.57,16576.0,411.0,302.9
NICA,8/31/2022,650.0,650.0,638.1,638.3,-1.08,27446.0,411.0,302.9
NICA,9/1/2022,638.0,651.0,637.0,641.5,0.5,20303.0,411.0,302.9
NICA,9/2/2022,649.9,650.0,642.0,645.0,0.55,4993.0,411.0,302.9
NICA,9/4/2022,645.1,652.0,644.5,648.0,0.47,21391.0,411.0,302.9
NICA,9/5/2022,639.0,650.0,639.0,647.0,-0.15,19888.0,411.0,302.9
NICA,9/6/2022,647.0,647.5,638.0,642.9,-0.63,10623.0,411.0,302.9
NICA,9/7/2022,642.0,654.8,630.0,635.0,-1.23,37836.0,411.0,302.9
NICA,9/8/2022,640.0,641.0,626.0,630.9,-0.65,29046.0,411.0,302.9
NICA,9/11/2022,627.0,634.9,627.0,630.0,-0.14,17208.0,411.0,302.9
NICA,9/12/2022,627.0,630.0,626.0,627.1,-0.46,19410.0,411.0,302.9
NICA,9/13/2022,635.0,635.0,631.0,633.0,0.94,21945.0,411.0,302.9
NICA,9/14/2022,635.0,650.0,635.0,650.0,2.69,18053.0,411.0,302.9
NICA,9/15/2022,653.0,653.0,628.1,630.0,-3.08,41415.0,411.0,302.9
NICA,9/16/2022,621.0,629.9,618.0,627.0,-0.48,19072.0,411.0,302.9
NICA,9/18/2022,620.1,626.9,617.0,617.1,-1.58,38395.0,411.0,302.9
NICA,9/20/2022,620.0,620.0,602.0,603.1,-2.27,34869.0,411.0,302.9
NICA,9/21/2022,615.0,615.0,605.0,610.0,1.14,23401.0,411.0,302.9
NICA,9/22/2022,620.8,620.8,609.0,613.9,0.64,7862.0,411.0,302.9
NICA,9/25/2022,618.0,620.0,600.3,604.3,-1.56,30846.0,411.0,302.9
NICA,9/27/2022,610.0,618.0,605.1,609.0,0.78,19390.0,411.0,302.9
NICA,9/28/2022,609.0,617.0,608.0,612.0,0.49,16060.0,411.0,302.9
NICA,9/29/2022,612.0,623.0,605.2,618.3,1.03,26572.0,411.0,302.9
NICA,10/9/2022,629.0,632.0,614.0,632.0,2.22,24888.0,411.0,302.9
NICA,10/10/2022,633.7,633.7,613.0,621.4,-1.68,18776.0,411.0,302.9
NICA,10/11/2022,620.0,621.0,608.6,609.0,-2.0,19681.0,411.0,302.9
NICA,10/12/2022,610.0,617.7,607.3,612.5,0.57,17812.0,411.0,302.9
NICA,10/13/2022,610.0,615.0,606.0,612.0,-0.08,25259.0,411.0,302.9
NICA,10/16/2022,620.0,620.0,608.0,609.9,-0.34,14547.0,411.0,302.9
NICA,10/17/2022,612.0,614.0,610.0,610.0,0.02,9862.0,411.0,302.9
NICA,10/19/2022,615.0,618.0,610.0,615.1,0.84,23531.0,411.0,302.9
NICA,10/20/2022,615.0,620.0,612.5,615.9,0.13,21739.0,411.0,302.9
NICA,10/23/2022,617.0,624.9,616.0,618.0,0.34,9212.0,411.0,302.9
NICA,10/31/2022,629.9,664.0,629.9,660.0,6.8,95003.0,411.0,302.9
NICA,11/1/2022,665.0,702.0,661.0,695.0,5.3,97337.0,411.0,302.9
NICA,11/2/2022,700.0,702.0,684.0,693.6,-0.2,52344.0,411.0,302.9
NICA,11/3/2022,690.0,691.0,678.0,684.0,-1.38,46344.0,411.0,302.9
NICA,11/6/2022,690.0,693.0,678.1,689.0,0.73,45183.0,411.0,302.9
NICA,11/7/2022,698.0,698.0,678.0,678.0,-1.6,50047.0,411.0,302.9
NICA,11/8/2022,676.0,680.0,674.0,676.1,-0.28,29430.0,411.0,302.9
NICA,11/9/2022,685.0,685.0,669.1,670.0,-0.9,24540.0,411.0,302.9
NICA,11/10/2022,672.0,675.0,660.0,660.1,-1.48,38406.0,411.0,302.9
NICA,11/13/2022,660.1,667.9,650.0,660.0,-0.02,19746.0,411.0,302.9
NICA,11/14/2022,660.0,671.0,657.0,669.0,1.36,30779.0,411.0,302.9
NICA,11/15/2022,680.0,680.0,661.0,665.0,-0.6,23607.0,411.0,302.9
NICA,11/16/2022,666.0,685.0,665.0,680.0,2.26,23582.0,411.0,302.9
NICA,11/17/2022,692.0,692.0,685.0,688.0,1.18,30365.0,411.0,302.9
NICA,11/22/2022,699.7,700.0,686.0,686.0,-0.29,22019.0,411.0,302.9
NICA,11/23/2022,686.0,690.0,681.2,683.0,-0.44,11745.0,411.0,302.9
NICA,11/24/2022,685.0,690.0,680.0,690.0,1.02,42892.0,411.0,302.9
NICA,11/27/2022,695.0,700.0,685.2,699.0,1.3,33586.0,411.0,302.9
NICA,11/28/2022,700.0,705.8,686.5,689.0,-1.43,52802.0,411.0,302.9
NICA,11/29/2022,680.0,694.0,678.0,688.2,-0.12,24057.0,411.0,302.9
NICA,11/30/2022,684.0,699.0,684.0,697.0,1.28,24065.0,411.0,302.9
NICA,12/1/2022,695.0,723.0,693.1,711.5,2.08,57322.0,411.0,302.9
NICA,12/4/2022,711.5,720.0,710.0,712.9,0.2,46294.0,411.0,302.9
NICA,12/5/2022,712.0,712.0,697.8,698.0,-2.09,35135.0,411.0,302.9
NICA,12/6/2022,700.0,705.0,692.0,693.0,-0.72,50730.0,411.0,302.9
NICA,12/7/2022,686.0,699.0,686.0,688.3,-0.68,36633.0,411.0,302.9
NICA,12/11/2022,675.0,685.0,670.1,670.1,-2.64,57943.0,411.0,302.9
NICA,12/12/2022,666.0,679.9,660.0,679.0,1.33,61536.0,411.0,302.9
NICA,12/13/2022,679.0,688.0,674.0,676.3,-0.4,26409.0,411.0,302.9
NICA,12/14/2022,672.0,717.0,672.0,675.1,-0.18,16910.0,411.0,302.9
NICA,12/15/2022,672.0,678.9,670.1,672.0,-0.46,15343.0,411.0,302.9
NICA,12/18/2022,665.0,670.0,661.1,665.0,-1.04,25597.0,411.0,302.9
NICA,12/19/2022,665.0,670.0,661.3,665.2,0.03,11080.0,411.0,302.9
NICA,12/20/2022,667.0,680.0,666.0,673.0,1.17,14011.0,411.0,302.9
NICA,12/21/2022,660.0,682.0,660.0,667.3,-0.85,175719.0,411.0,302.9
NICA,12/22/2022,654.0,666.0,654.0,665.2,-0.31,86046.0,411.0,302.9
NICA,12/26/2022,673.0,695.0,670.2,694.0,4.33,100520.0,411.0,302.9
NICA,12/27/2022,700.0,710.0,696.0,700.1,0.88,143766.0,411.0,302.9
NICA,12/28/2022,702.0,706.0,689.0,689.0,-1.59,79579.0,411.0,302.9
NICA,12/29/2022,702.0,726.0,689.0,722.2,4.82,135700.0,411.0,302.9
NICA,1/1/2023,727.0,750.0,723.0,738.0,2.19,136249.0,411.0,302.9
NICA,1/2/2023,738.0,772.8,725.0,765.0,3.66,146722.0,411.0,302.9
NICA,1/3/2023,775.0,775.0,755.0,767.9,0.38,125746.0,411.0,302.9
NICA,1/4/2023,760.0,797.0,760.0,784.0,2.1,100499.0,411.0,302.9
NICA,1/5/2023,799.6,805.0,778.0,790.0,0.77,150073.0,411.0,302.9
NICA,1/8/2023,789.0,803.0,784.0,790.1,0.01,100573.0,411.0,302.9
NICA,1/9/2023,790.0,821.0,781.0,804.0,1.76,208228.0,411.0,302.9
NICA,1/10/2023,811.0,835.0,796.0,805.0,0.12,205989.0,411.0,302.9
NICA,1/12/2023,821.1,828.0,801.1,803.0,-0.25,157664.0,411.0,302.9
NICA,1/17/2023,819.0,820.0,796.1,816.3,1.66,99350.0,411.0,302.9
NICA,1/18/2023,820.0,825.0,804.0,811.0,-0.65,94624.0,411.0,302.9
NICA,1/19/2023,811.0,850.0,804.1,845.0,4.19,216337.0,411.0,302.9
NICA,1/23/2023,861.9,861.9,831.0,835.0,-1.18,151120.0,411.0,302.9
NICA,1/24/2023,849.5,850.0,825.1,832.0,-0.36,90781.0,411.0,302.9
NICA,1/25/2023,844.9,844.9,823.0,825.0,-0.84,72897.0,411.0,302.9
NICA,1/26/2023,832.0,833.5,818.0,824.0,-0.12,76729.0,411.0,302.9
NICA,1/29/2023,823.0,833.6,820.0,826.0,0.24,86314.0,411.0,302.9
NICA,1/30/2023,820.0,830.0,810.5,811.9,-1.71,92484.0,411.0,302.9
NICA,1/31/2023,815.0,820.0,803.6,808.5,-0.42,87591.0,411.0,302.9
NICA,2/1/2023,802.0,823.0,802.0,815.1,0.82,58462.0,411.0,302.9
NICA,2/2/2023,815.1,825.0,802.0,810.4,-0.58,67366.0,411.0,302.9
NICA,2/5/2023,811.0,825.0,811.0,817.0,0.81,71506.0,411.0,302.9
NICA,2/6/2023,805.1,831.0,805.1,828.0,1.35,78309.0,411.0,302.9
NICA,2/7/2023,815.1,839.5,815.1,835.0,0.85,154737.0,411.0,302.9
NICA,2/8/2023,848.6,852.0,834.0,835.0,0.0,97610.0,411.0,302.9
NICA,2/9/2023,834.0,841.8,830.0,840.0,0.6,49992.0,411.0,302.9
NICA,2/12/2023,825.0,835.0,817.0,820.9,-2.27,93577.0,411.0,302.9
NICA,2/14/2023,817.1,821.0,810.2,815.5,-0.66,84726.0,411.0,302.9
NICA,2/15/2023,810.1,821.0,810.1,817.0,0.18,57530.0,411.0,302.9
NICA,2/16/2023,810.0,818.0,810.0,811.5,-0.67,45965.0,411.0,302.9
NICA,2/20/2023,809.0,819.9,798.0,815.0,0.43,68598.0,411.0,302.9
NICA,2/22/2023,821.0,821.0,808.0,818.0,0.37,55398.0,411.0,302.9
NICA,2/23/2023,808.0,815.0,803.4,814.0,-0.49,98136.0,411.0,302.9
NICA,2/26/2023,810.1,815.0,793.8,810.0,-0.49,98067.0,411.0,302.9
NICA,2/27/2023,810.0,820.0,801.1,812.0,0.25,62896.0,411.0,302.9
NICA,2/28/2023,801.0,815.5,801.0,811.5,-0.06,37309.0,411.0,302.9
NICA,3/1/2023,805.1,815.0,804.1,806.0,-0.68,40211.0,411.0,302.9
NICA,3/2/2023,806.0,806.0,798.1,800.0,-0.74,54595.0,411.0,302.9
NICA,3/5/2023,813.0,813.0,792.2,794.0,-0.75,32917.0,411.0,302.9
NICA,3/7/2023,795.0,801.0,788.0,796.0,0.25,38109.0,411.0,302.9
NICA,3/9/2023,791.0,810.0,791.0,808.0,1.51,28688.0,411.0,302.9
NICA,3/12/2023,820.0,822.0,797.0,798.0,-1.24,31706.0,411.0,302.9
NICA,3/13/2023,800.0,813.0,776.9,777.0,-2.63,79814.0,411.0,302.9
NICA,3/14/2023,782.8,790.0,757.0,764.0,-1.67,136733.0,411.0,302.9
NICA,3/15/2023,772.0,772.0,739.0,748.0,-2.09,138593.0,411.0,302.9
NICA,3/16/2023,755.0,755.0,736.1,750.0,0.27,66560.0,411.0,302.9
NICA,3/19/2023,755.0,755.0,739.0,742.0,-1.07,53939.0,411.0,302.9
NICA,3/20/2023,749.0,749.0,731.1,738.0,-0.54,84134.0,411.0,302.9
NICA,3/22/2023,740.1,740.1,721.0,723.0,-2.03,113311.0,411.0,302.9
NICA,3/23/2023,729.0,729.0,666.5,686.0,-5.12,314524.0,411.0,302.9
NICA,3/26/2023,686.0,697.9,680.0,687.0,0.15,115245.0,411.0,302.9
NICA,3/27/2023,680.0,695.0,675.3,695.0,1.16,57816.0,411.0,302.9
NICA,3/28/2023,708.0,708.0,688.0,689.0,-0.86,62508.0,411.0,302.9
NICA,3/29/2023,690.0,694.0,687.0,689.0,0.0,51749.0,411.0,302.9
NICA,3/30/2023,700.0,700.0,689.0,690.8,0.26,30902.0,411.0,302.9
NICA,4/2/2023,703.0,719.1,689.0,692.0,0.17,72783.0,411.0,302.9
NICA,4/3/2023,704.9,704.9,686.0,690.0,-0.29,42504.0,411.0,302.9
NICA,4/4/2023,700.0,700.0,685.0,696.6,0.96,47314.0,411.0,302.9
NICA,4/5/2023,699.0,700.0,691.0,696.2,-0.06,26748.0,411.0,302.9
NICA,4/6/2023,705.0,705.0,693.0,697.0,0.11,30695.0,411.0,302.9
NICA,4/9/2023,697.0,698.0,690.0,693.0,-0.57,35930.0,411.0,302.9
NICA,4/10/2023,688.0,695.9,688.0,693.0,0.0,39095.0,411.0,302.9
NICA,4/11/2023,700.0,704.0,692.3,697.5,0.65,24498.0,411.0,302.9
NICA,4/12/2023,704.0,735.0,704.0,730.0,4.66,87390.0,411.0,302.9
NICA,4/13/2023,735.0,740.0,719.0,722.0,-1.1,73696.0,411.0,302.9
NICA,4/16/2023,730.0,766.0,721.0,733.0,1.52,50033.0,411.0,302.9
NICA,4/17/2023,730.0,738.0,727.4,728.0,-0.68,42664.0,411.0,302.9
NICA,4/18/2023,726.0,739.0,722.1,735.0,0.96,36250.0,411.0,302.9
NICA,4/19/2023,741.8,742.0,731.0,740.7,0.78,43290.0,411.0,302.9
NICA,4/20/2023,755.5,755.5,729.0,734.0,-0.9,78369.0,411.0,302.9
NICA,4/23/2023,735.0,736.0,722.2,723.0,-1.5,32862.0,411.0,302.9
NICA,4/24/2023,724.0,724.0,717.0,717.0,-0.83,26276.0,411.0,302.9
NICA,4/25/2023,724.9,735.0,718.0,735.0,2.51,23019.0,411.0,302.9
NICA,4/26/2023,735.0,736.0,724.0,724.0,-1.5,32344.0,411.0,302.9
NICA,4/27/2023,725.0,726.5,720.0,725.0,0.14,19375.0,411.0,302.9
NICA,4/30/2023,726.0,736.6,717.1,720.0,-0.69,15050.0,411.0,302.9
NICA,5/2/2023,729.0,729.0,714.0,714.0,-0.83,18441.0,411.0,302.9
NICA,5/3/2023,715.0,715.0,710.1,712.6,-0.2,14729.0,411.0,302.9
NICA,5/4/2023,720.0,723.0,707.0,717.0,0.62,22581.0,411.0,302.9
NICA,5/7/2023,717.0,723.0,709.2,714.9,-0.29,21718.0,411.0,302.9
NICA,5/8/2023,712.0,719.0,706.5,708.0,-0.97,27837.0,411.0,302.9
NICA,5/9/2023,708.2,720.0,700.1,711.9,0.55,20728.0,411.0,302.9
NICA,5/10/2023,719.0,719.0,709.0,709.0,-0.41,17826.0,411.0,302.9
NICA,5/11/2023,709.9,711.9,707.0,709.0,0.0,22977.0,411.0,302.9
NICA,5/14/2023,717.0,717.0,699.0,699.0,-1.41,65044.0,411.0,302.9
NICA,5/15/2023,699.1,706.0,693.1,694.6,-0.63,43687.0,411.0,302.9
NICA,5/16/2023,695.3,704.0,689.3,690.0,-0.66,72505.0,411.0,302.9
NICA,5/17/2023,690.0,704.5,690.0,700.0,1.45,68132.0,411.0,302.9
NICA,5/18/2023,700.0,709.5,698.1,708.5,1.21,96034.0,411.0,302.9
NICA,5/21/2023,712.0,715.0,705.0,708.0,-0.07,48741.0,411.0,302.9
NICA,5/22/2023,708.0,709.9,700.0,705.9,-0.3,68416.0,411.0,302.9
NICA,5/23/2023,712.0,724.0,710.0,721.0,2.14,100970.0,411.0,302.9
NICA,5/24/2023,725.0,759.0,717.1,733.5,1.73,37135.0,411.0,302.9
NICA,5/28/2023,735.0,747.0,723.0,725.2,-1.13,57567.0,411.0,302.9
NICA,5/30/2023,721.7,725.0,700.0,715.0,-1.41,66387.0,411.0,302.9
NICA,5/31/2023,710.0,717.0,698.0,703.0,-1.68,86240.0,411.0,302.9
NICA,6/1/2023,710.0,716.0,698.5,713.5,1.49,64360.0,411.0,302.9
NICA,6/4/2023,710.0,735.0,710.0,712.6,-0.13,85849.0,411.0,302.9
NICA,6/5/2023,724.9,724.9,712.0,712.1,-0.07,51968.0,411.0,302.9
NICA,6/6/2023,716.0,720.0,713.1,716.0,0.55,20101.0,411.0,302.9
NICA,6/7/2023,716.0,724.0,715.1,716.5,0.07,35488.0,411.0,302.9
NICA,6/8/2023,715.0,721.9,714.5,719.0,0.35,28350.0,411.0,302.9
NICA,6/11/2023,721.0,735.0,716.2,731.0,1.67,97299.0,411.0,302.9
NICA,6/12/2023,733.0,746.0,733.0,739.0,1.09,57704.0,411.0,302.9
NICA,6/13/2023,753.7,753.7,733.0,750.0,1.49,87057.0,411.0,302.9
NICA,6/14/2023,735.0,784.0,735.0,775.0,3.33,142091.0,411.0,302.9
NICA,6/15/2023,775.0,778.0,760.0,778.0,0.39,54223.0,411.0,302.9
NICA,6/18/2023,785.0,786.0,769.0,778.0,0.0,44461.0,411.0,302.9
NICA,6/19/2023,779.0,780.0,767.0,768.2,-1.26,54506.0,411.0,302.9
NICA,6/20/2023,775.0,778.0,755.0,759.0,-1.2,34384.0,411.0,302.9
NICA,6/21/2023,764.0,771.0,750.0,750.0,-1.19,52004.0,411.0,302.9
NICA,6/22/2023,755.0,760.0,743.0,750.0,0.0,63239.0,411.0,302.9
NICA,6/25/2023,750.0,770.0,740.0,769.0,2.53,89107.0,411.0,302.9
NICA,6/26/2023,782.8,793.0,775.0,787.0,2.34,104175.0,411.0,302.9
NICA,6/27/2023,800.0,803.4,785.0,800.3,1.69,74430.0,411.0,302.9
NICA,6/28/2023,809.0,814.0,782.0,785.5,-1.85,100750.0,411.0,302.9
NICA,7/2/2023,780.0,795.4,766.0,768.5,-2.16,85825.0,411.0,302.9
NICA,7/3/2023,768.5,774.0,761.0,766.0,-0.33,37583.0,411.0,302.9
NICA,7/4/2023,770.0,779.0,761.0,770.0,0.52,48521.0,411.0,302.9
NICA,7/5/2023,770.1,780.0,766.0,769.4,-0.08,56329.0,411.0,302.9
NICA,7/6/2023,778.9,778.9,761.0,766.0,-0.44,37975.0,411.0,302.9
NICA,7/9/2023,778.9,789.9,772.3,789.0,3.0,43972.0,411.0,302.9
NICA,7/10/2023,794.0,797.0,785.0,788.9,-0.01,61999.0,411.0,302.9
NICA,7/11/2023,790.0,793.9,781.0,783.0,-0.75,37571.0,411.0,302.9
NICA,7/12/2023,790.0,793.5,775.0,780.0,-0.38,49480.0,411.0,302.9
NICA,7/13/2023,790.0,790.0,779.2,781.9,0.24,40669.0,411.0,302.9
NICA,7/16/2023,790.0,796.0,782.0,793.8,1.52,48967.0,411.0,302.9
NICA,7/17/2023,798.0,807.0,789.0,803.0,1.16,55849.0,411.0,302.9
NICA,7/18/2023,809.6,818.0,803.0,810.0,0.87,83521.0,411.0,302.9
NICA,7/19/2023,810.0,817.0,800.0,810.0,0.0,181640.0,411.0,302.9
NICA,7/20/2023,817.0,818.0,806.2,811.0,0.12,67669.0,411.0,302.9
NICA,7/23/2023,820.0,825.1,808.0,822.0,1.36,136053.0,411.0,302.9
NICA,7/24/2023,825.0,825.0,806.1,810.0,-1.46,89524.0,411.0,302.9
NICA,7/25/2023,809.9,815.0,793.0,794.5,-1.91,86821.0,411.0,302.9
NICA,7/26/2023,800.0,805.0,788.0,790.1,-0.55,68079.0,411.0,302.9
NICA,7/27/2023,774.3,802.0,774.3,784.0,-0.77,61909.0,411.0,302.9
NICA,7/30/2023,798.0,798.0,774.1,777.0,-0.89,74894.0,411.0,302.9
NICA,7/31/2023,786.0,800.0,770.3,785.0,1.03,51397.0,411.0,302.9
NICA,8/1/2023,770.0,794.0,770.0,778.0,-0.89,48045.0,411.0,302.9
NICA,8/2/2023,790.0,790.0,774.2,779.0,0.13,34169.0,411.0,302.9
NICA,8/3/2023,790.0,793.1,782.1,789.0,1.28,42059.0,411.0,302.9
NICA,8/6/2023,800.0,812.0,774.0,778.0,-1.39,141442.0,411.0,302.9
NICA,8/7/2023,770.0,786.0,770.0,775.0,-0.39,52929.0,411.0,302.9
NICA,8/8/2023,775.0,784.0,770.1,770.1,-0.63,30614.0,411.0,302.9
NICA,8/9/2023,771.0,785.9,770.0,785.9,2.05,32720.0,411.0,302.9
NICA,8/10/2023,786.0,790.0,772.3,787.0,0.14,65038.0,411.0,302.9
NICA,8/13/2023,789.0,800.0,782.0,798.0,1.4,51617.0,411.0,302.9
NICA,8/14/2023,798.0,806.0,796.0,798.0,0.0,69704.0,411.0,302.9
NICA,8/15/2023,799.0,799.0,784.1,785.0,-1.63,29917.0,411.0,302.9
NICA,8/16/2023,785.0,785.0,773.0,785.0,0.0,31107.0,411.0,302.9
NICA,8/17/2023,785.0,797.0,778.0,781.9,-0.39,27752.0,411.0,302.9
NICA,8/20/2023,776.1,790.0,776.1,780.0,-0.24,34292.0,411.0,302.9
NICA,8/21/2023,772.0,790.0,772.0,779.0,-0.13,26580.0,411.0,302.9
NICA,8/22/2023,778.5,787.0,777.1,782.0,0.39,11727.0,411.0,302.9
NICA,8/23/2023,780.1,805.8,780.0,800.0,2.3,48779.0,411.0,302.9
NICA,8/24/2023,800.0,807.1,794.0,794.5,-0.69,64412.0,411.0,302.9
NICA,8/27/2023,789.0,794.0,782.5,790.0,-0.57,22697.0,411.0,302.9
NICA,8/28/2023,805.0,805.0,788.0,789.0,-0.13,23084.0,411.0,302.9
NICA,8/29/2023,790.0,795.9,786.0,787.5,-0.19,18161.0,411.0,302.9
NICA,8/30/2023,792.0,799.0,787.2,788.1,0.08,33034.0,411.0,302.9
NICA,9/3/2023,788.0,790.0,781.5,783.0,-0.65,23300.0,411.0,302.9
NICA,9/4/2023,783.1,787.2,775.0,783.0,0.0,34063.0,411.0,302.9
NICA,9/5/2023,785.0,785.0,778.0,778.8,-0.54,14746.0,411.0,302.9
NICA,9/7/2023,779.0,779.0,773.1,775.0,-0.49,29986.0,411.0,302.9
NICA,9/10/2023,780.0,790.0,775.0,780.0,0.65,27417.0,411.0,302.9
NICA,9/11/2023,780.0,805.0,778.0,798.1,2.32,49803.0,411.0,302.9
NICA,9/12/2023,800.0,804.0,792.0,792.5,-0.7,22370.0,411.0,302.9
NICA,9/13/2023,802.0,824.0,797.9,819.0,3.34,97903.0,411.0,302.9
NICA,9/17/2023,835.3,852.0,803.1,814.0,-0.61,337149.0,411.0,302.9
NICA,9/18/2023,818.0,818.0,799.0,805.9,-1.0,53973.0,411.0,302.9
NICA,9/19/2023,806.0,806.0,796.6,805.0,-0.11,48207.0,411.0,302.9
NICA,9/21/2023,819.0,819.0,799.0,800.0,-0.62,118792.0,411.0,302.9
NICA,9/24/2023,807.0,813.0,795.0,797.0,-0.38,109470.0,411.0,302.9
NICA,9/25/2023,800.0,807.8,791.0,792.0,-0.63,58347.0,411.0,302.9
NICA,9/26/2023,800.0,800.0,782.0,788.6,-0.43,106020.0,411.0,302.9
NICA,9/27/2023,800.0,800.0,769.3,777.4,-1.42,79635.0,411.0,302.9
NICA,10/1/2023,780.0,790.0,758.6,765.0,-1.6,122313.0,411.0,302.9
NICA,10/2/2023,765.0,766.0,756.0,761.5,-0.46,285352.0,411.0,302.9
NICA,10/3/2023,600.0,601.0,573.0,573.0,-24.75,91760.0,411.0,302.9
NICA,10/4/2023,573.0,573.0,566.1,568.0,-0.87,55162.0,411.0,302.9
NICA,10/5/2023,567.0,567.0,559.0,562.0,-1.06,38826.0,411.0,302.9
NICA,10/8/2023,562.0,573.0,548.1,549.0,-2.31,81362.0,411.0,302.9
NICA,10/9/2023,555.0,558.0,541.0,541.9,-1.29,40407.0,411.0,302.9
NICA,10/10/2023,542.9,544.0,535.3,536.0,-1.09,56229.0,411.0,302.9
NICA,10/11/2023,536.3,542.9,531.0,535.0,-0.19,66243.0,411.0,302.9
NICA,10/12/2023,538.0,538.0,529.0,531.0,-0.75,47891.0,411.0,302.9
NICA,10/16/2023,536.0,541.0,510.0,515.0,-3.01,66053.0,411.0,302.9
NICA,10/17/2023,516.0,528.0,515.0,517.2,0.43,57459.0,411.0,302.9
NICA,10/18/2023,520.0,539.0,520.0,538.0,4.02,31104.0,411.0,302.9
NICA,10/19/2023,538.0,546.0,532.0,542.5,0.84,45018.0,411.0,302.9
NICA,10/29/2023,541.0,542.0,531.1,533.6,-1.64,28904.0,411.0,302.9
NICA,10/30/2023,543.9,543.9,530.2,536.2,0.49,16196.0,411.0,302.9
NICA,10/31/2023,535.1,543.0,529.0,530.0,-1.16,21230.0,411.0,302.9
NICA,11/1/2023,539.7,539.7,527.0,530.0,0.0,14536.0,411.0,302.9
NICA,11/2/2023,527.0,530.0,519.3,519.4,-2.0,26372.0,411.0,302.9
NICA,11/5/2023,520.0,520.0,499.9,501.0,-3.54,60499.0,411.0,302.9
NICA,11/6/2023,504.0,505.9,497.6,498.0,-0.6,42864.0,411.0,302.9
NICA,11/7/2023,499.9,505.5,499.0,505.5,1.51,28094.0,411.0,302.9
NICA,11/8/2023,505.0,509.8,502.0,502.5,-0.59,15773.0,411.0,302.9
NICA,11/9/2023,512.5,512.5,498.0,499.3,-0.64,23830.0,411.0,302.9
NICA,11/20/2023,508.0,508.0,499.0,500.0,0.14,23771.0,411.0,302.9
NICA,11/21/2023,501.0,501.0,495.0,495.0,-1.0,13252.0,411.0,302.9
NICA,11/22/2023,496.0,499.9,490.1,498.0,0.61,11581.0,411.0,302.9
NICA,11/23/2023,498.0,505.0,498.0,504.0,1.2,25084.0,411.0,302.9
NICA,11/26/2023,506.0,518.0,502.0,518.0,2.78,31405.0,411.0,302.9
NICA,11/27/2023,520.0,527.8,510.0,513.0,-0.97,19627.0,411.0,302.9
NICA,11/28/2023,508.1,514.0,508.1,511.0,-0.39,8467.0,411.0,302.9
NICA,11/29/2023,514.0,514.0,508.0,508.0,-0.59,8435.0,411.0,302.9
NICA,11/30/2023,516.0,516.2,499.0,500.0,-1.57,42251.0,411.0,302.9
NICA,12/3/2023,500.0,505.0,491.5,498.0,-0.4,16859.0,411.0,302.9
NICA,12/4/2023,495.1,502.0,495.1,497.0,-0.2,15691.0,411.0,302.9
NICA,12/5/2023,497.0,500.1,495.0,498.9,0.38,19564.0,411.0,302.9
NICA,12/6/2023,497.0,500.0,495.0,495.6,-0.66,12300.0,411.0,302.9
NICA,12/7/2023,505.0,505.0,491.0,497.5,0.38,22557.0,411.0,302.9
NICA,12/10/2023,505.0,530.0,505.0,524.0,5.33,6616.0,411.0,302.9
NICA,12/11/2023,525.0,529.9,505.0,509.9,-2.69,93195.0,411.0,302.9
NICA,12/12/2023,509.0,517.8,504.0,510.0,0.02,62527.0,411.0,302.9
NICA,12/13/2023,514.0,520.0,505.1,510.0,0.0,57588.0,411.0,302.9
NICA,12/14/2023,508.0,511.8,501.6,506.9,-0.61,40832.0,411.0,302.9
NICA,12/17/2023,500.0,507.0,497.0,501.0,-1.16,76166.0,411.0,302.9
NICA,12/18/2023,504.5,519.0,501.0,515.0,2.79,139478.0,411.0,302.9
NICA,12/19/2023,524.0,532.0,518.0,530.0,2.91,107626.0,411.0,302.9
NICA,12/20/2023,532.0,549.8,532.0,545.0,2.83,99290.0,411.0,302.9
NICA,12/21/2023,545.0,555.0,530.0,532.0,-2.39,96029.0,411.0,302.9
NICA,12/24/2023,530.0,540.0,521.5,528.0,-0.75,75142.0,411.0,302.9
NICA,12/27/2023,523.0,530.0,519.0,520.0,-1.52,90557.0,411.0,302.9
NICA,12/28/2023,520.0,525.0,511.0,512.0,-1.54,66034.0,411.0,302.9
NICA,1/1/2024,515.0,524.9,512.0,513.9,0.37,32342.0,411.0,302.9
NICA,1/2/2024,520.0,520.0,509.0,509.9,-0.78,42542.0,411.0,302.9
NICA,1/3/2024,511.0,515.0,509.0,514.1,0.82,30658.0,411.0,302.9
NICA,1/4/2024,512.3,517.0,509.0,510.9,-0.62,51626.0,411.0,302.9
NICA,1/7/2024,510.0,510.0,498.0,499.0,-2.33,111777.0,411.0,302.9
NICA,1/8/2024,499.5,505.0,494.2,504.0,1.0,94978.0,411.0,302.9
NICA,1/9/2024,514.0,514.0,506.0,507.0,0.6,69070.0,411.0,302.9
NICA,1/10/2024,509.0,523.0,509.0,518.0,2.17,112076.0,411.0,302.9
NICA,1/11/2024,522.7,522.7,510.0,512.9,-0.98,50497.0,411.0,302.9
NICA,1/14/2024,515.0,517.8,510.0,511.2,-0.33,53006.0,411.0,302.9
NICA,1/16/2024,515.0,515.0,508.0,514.0,0.55,209619.0,411.0,302.9
NICA,1/17/2024,516.0,525.0,507.0,512.0,-0.39,114163.0,411.0,302.9
NICA,1/18/2024,510.0,515.0,505.0,509.0,-0.59,82751.0,411.0,302.9
NICA,1/21/2024,509.0,509.0,495.0,496.1,-2.53,169221.0,411.0,302.9
NICA,1/22/2024,495.0,498.0,488.0,489.0,-1.43,108014.0,411.0,302.9
NICA,1/23/2024,495.0,496.0,477.0,478.6,-2.13,138735.0,411.0,302.9
NICA,1/24/2024,469.1,494.4,469.1,477.3,-0.27,67640.0,411.0,302.9
NICA,1/25/2024,486.8,486.8,476.0,480.0,0.57,85602.0,411.0,302.9
NICA,1/28/2024,489.0,489.0,480.0,481.0,0.21,55234.0,411.0,302.9
NICA,1/29/2024,482.0,483.9,478.0,479.7,-0.27,50577.0,411.0,302.9
NICA,1/30/2024,480.0,487.0,478.5,479.0,-0.15,46693.0,411.0,302.9
NICA,1/31/2024,481.0,481.9,474.0,475.0,-0.84,64290.0,411.0,302.9
NICA,2/1/2024,475.5,475.5,463.1,466.0,-1.89,96457.0,411.0,302.9
NICA,2/4/2024,466.0,470.0,459.0,468.5,0.54,71555.0,411.0,302.9
NICA,2/5/2024,471.0,476.1,469.0,474.9,1.37,46778.0,411.0,302.9
NICA,2/6/2024,474.9,482.9,474.9,477.8,0.61,58942.0,411.0,302.9
NICA,2/7/2024,487.3,487.3,478.6,479.0,0.25,52013.0,411.0,302.9
NICA,2/8/2024,488.5,488.5,470.0,474.6,-0.92,49857.0,411.0,302.9
NICA,2/11/2024,465.2,471.0,450.8,455.1,-4.11,182831.0,411.0,302.9
NICA,2/12/2024,450.0,455.0,439.0,450.1,-1.1,309656.0,411.0,302.9
NICA,2/13/2024,450.1,454.0,440.1,441.9,-1.82,174782.0,411.0,302.9
NICA,2/14/2024,433.1,448.0,433.1,443.0,0.25,83609.0,411.0,302.9
NICA,2/15/2024,434.2,440.0,430.0,433.0,-2.26,200617.0,411.0,302.9
NICA,2/18/2024,433.0,455.8,433.0,444.0,2.54,307692.0,411.0,302.9
NICA,2/20/2024,436.0,452.9,436.0,442.0,-0.45,118355.0,411.0,302.9
NICA,2/21/2024,448.0,448.0,439.0,440.0,-0.45,141689.0,411.0,302.9
NICA,2/22/2024,438.6,440.0,423.4,427.0,-2.95,149028.0,411.0,302.9
NICA,2/25/2024,427.0,430.0,410.0,410.9,-3.77,176046.0,411.0,302.9
NICA,2/26/2024,408.0,419.9,405.1,418.0,1.73,98421.0,411.0,302.9
NICA,2/27/2024,415.0,426.0,412.3,418.5,0.12,70324.0,411.0,302.9
NICA,2/28/2024,413.4,418.0,413.0,415.0,-0.84,36695.0,411.0,302.9
NICA,2/29/2024,415.0,415.0,408.0,412.0,-0.72,109726.0,411.0,302.9
NICA,3/3/2024,412.0,417.0,406.0,407.0,-1.21,60400.0,411.0,302.9
NICA,3/4/2024,415.1,438.0,415.1,435.0,6.88,11800.0,411.0,302.9
NICA,3/5/2024,435.0,439.0,414.0,416.9,-4.16,107535.0,411.0,302.9
NICA,3/6/2024,421.0,424.9,411.4,418.0,0.26,73115.0,411.0,302.9
NICA,3/7/2024,425.9,425.9,418.1,421.9,0.93,39804.0,411.0,302.9
NICA,3/10/2024,425.0,428.9,419.5,420.0,-0.45,84813.0,411.0,302.9
NICA,3/12/2024,428.4,434.0,422.0,433.5,3.21,85533.0,411.0,302.9
NICA,3/13/2024,442.1,442.1,428.0,432.0,-0.35,84991.0,411.0,302.9
NICA,3/14/2024,432.0,432.9,425.1,425.1,-1.6,67871.0,411.0,302.9
NICA,3/17/2024,424.2,424.2,417.0,418.0,-1.67,58774.0,411.0,302.9
NICA,3/18/2024,416.0,421.5,416.0,418.2,0.05,45079.0,411.0,302.9
NICA,3/19/2024,420.0,423.0,417.0,417.2,-0.24,20842.0,411.0,302.9
NICA,3/20/2024,417.0,425.0,415.5,417.0,-0.05,41724.0,411.0,302.9
NICA,3/21/2024,419.0,419.9,414.1,414.1,-0.7,28308.0,411.0,302.9
NICA,3/25/2024,410.1,413.0,409.0,410.1,-0.97,71062.0,411.0,302.9
NICA,3/26/2024,415.0,415.0,409.2,413.0,0.71,29379.0,411.0,302.9
NICA,3/27/2024,413.0,413.0,408.0,411.0,-0.48,42526.0,411.0,302.9
NICA,3/28/2024,413.9,414.0,407.0,410.0,-0.24,33224.0,411.0,302.9
NICA,3/31/2024,413.0,413.0,406.0,407.0,-0.73,30600.0,411.0,302.9
NICA,4/1/2024,410.0,412.5,405.0,407.9,0.22,51254.0,411.0,302.9
NICA,4/2/2024,412.0,412.0,405.0,406.8,-0.27,28130.0,411.0,302.9
NICA,4/3/2024,410.0,410.0,399.0,402.0,-1.18,59686.0,411.0,302.9
NICA,4/4/2024,400.0,402.0,398.0,398.0,-1.0,61026.0,411.0,302.9
NICA,4/7/2024,398.0,398.8,390.3,397.0,-0.25,80715.0,411.0,302.9
NICA,4/9/2024,400.0,406.9,396.9,398.8,0.45,47203.0,411.0,302.9
NICA,4/10/2024,405.9,405.9,394.1,395.0,-0.95,40657.0,411.0,302.9
NICA,4/14/2024,398.0,400.0,394.0,395.0,0.0,29072.0,411.0,302.9
NICA,4/15/2024,392.0,395.0,390.0,391.0,-1.01,63551.0,411.0,302.9
NICA,4/16/2024,389.0,393.0,387.3,390.0,-0.26,33400.0,411.0,302.9
NICA,4/18/2024,390.0,390.0,383.0,385.0,-1.28,38828.0,411.0,302.9
NICA,4/21/2024,377.3,380.0,366.1,373.0,-3.12,127611.0,411.0,302.9
NICA,4/22/2024,372.0,373.0,357.1,358.0,-4.02,105899.0,411.0,302.9
NICA,4/24/2024,358.0,360.0,345.0,351.0,-1.96,132036.0,411.0,302.9
NICA,4/25/2024,351.5,355.0,346.0,348.5,-0.71,49901.0,411.0,302.9
NICA,4/28/2024,355.4,355.4,347.0,351.6,0.89,60351.0,411.0,302.9
NICA,4/29/2024,358.6,358.6,351.6,352.0,0.11,45855.0,411.0,302.9
NICA,4/30/2024,359.0,365.0,351.1,363.0,3.12,69508.0,411.0,302.9
NICA,5/2/2024,370.2,370.2,357.0,357.0,-1.65,63914.0,411.0,302.9
NICA,5/5/2024,356.1,359.0,349.0,349.0,-2.24,53700.0,411.0,302.9
NICA,5/6/2024,345.1,351.9,344.6,346.9,-0.6,59983.0,411.0,302.9
NICA,5/7/2024,350.0,355.9,347.1,348.0,0.32,47490.0,411.0,302.9
NICA,5/8/2024,349.1,352.0,341.6,350.0,0.57,47782.0,411.0,302.9
NICA,5/9/2024,345.0,352.8,345.0,350.0,0.0,29902.0,411.0,302.9
NICA,5/12/2024,350.0,355.0,347.0,352.0,0.57,39449.0,411.0,302.9
NICA,5/13/2024,350.0,364.9,350.0,363.0,3.12,55261.0,411.0,302.9
NICA,5/14/2024,368.1,369.0,356.8,365.5,0.69,47874.0,411.0,302.9
NICA,5/15/2024,359.0,370.0,357.8,358.0,-2.05,64416.0,411.0,302.9
NICA,5/16/2024,365.1,365.1,355.1,360.1,0.59,75546.0,411.0,302.9
NICA,5/19/2024,367.3,385.7,362.0,385.0,6.91,135375.0,411.0,302.9
NICA,5/20/2024,385.0,421.0,385.0,419.9,9.06,276638.0,411.0,302.9
NICA,5/21/2024,420.0,432.7,407.1,429.5,2.29,201842.0,411.0,302.9
NICA,5/22/2024,430.5,458.0,420.4,452.9,5.45,287668.0,411.0,302.9
NICA,5/26/2024,455.0,458.0,435.0,435.1,-3.93,219186.0,411.0,302.9
NICA,5/27/2024,443.8,443.8,424.5,428.0,-1.63,161570.0,411.0,302.9
NICA,5/29/2024,435.0,442.0,412.6,414.0,-3.27,116281.0,411.0,302.9
NICA,5/30/2024,417.0,417.9,402.0,407.6,-1.55,99271.0,411.0,302.9
NICA,6/2/2024,407.0,429.3,407.0,424.0,4.02,112458.0,411.0,302.9
NICA,6/3/2024,425.0,427.1,413.0,415.1,-2.1,52109.0,411.0,302.9
NICA,6/4/2024,423.4,423.4,414.0,415.5,0.1,31000.0,411.0,302.9
NICA,6/5/2024,415.0,415.0,407.2,412.0,-0.84,40825.0,411.0,302.9
NICA,6/6/2024,410.0,412.8,407.0,408.0,-0.97,40467.0,411.0,302.9
NICA,6/9/2024,416.1,416.1,401.0,401.0,-1.72,63378.0,411.0,302.9
NICA,6/10/2024,409.0,409.0,400.0,401.1,0.02,57100.0,411.0,302.9
NICA,6/11/2024,409.1,421.0,402.0,418.0,4.21,71137.0,411.0,302.9
NICA,6/12/2024,425.0,425.0,418.0,418.0,0.0,81660.0,411.0,302.9
NICA,6/13/2024,418.0,418.0,411.5,415.1,-0.69,45758.0,411.0,302.9
NICA,6/16/2024,416.0,420.0,410.0,412.0,-0.75,69817.0,411.0,302.9
NICA,6/18/2024,407.0,410.0,403.0,404.0,-1.94,58636.0,411.0,302.9
NICA,6/19/2024,402.0,408.0,402.0,404.0,0.0,30586.0,411.0,302.9
NICA,6/20/2024,412.0,412.0,401.1,401.1,-0.72,42682.0,411.0,302.9
NICA,6/23/2024,409.0,409.0,400.0,403.0,0.47,32541.0,411.0,302.9
NICA,6/24/2024,408.9,408.9,400.0,400.4,-0.65,40516.0,411.0,302.9
NICA,6/25/2024,408.3,408.3,397.2,398.1,-0.57,42749.0,411.0,302.9
NICA,6/26/2024,406.0,406.0,396.6,397.0,-0.28,45572.0,411.0,302.9
NICA,6/27/2024,397.0,399.0,394.0,397.0,0.0,56848.0,411.0,302.9
NICA,6/30/2024,400.0,400.0,393.5,394.1,-0.73,45391.0,411.0,302.9
NICA,7/1/2024,400.0,400.5,391.1,400.0,1.5,48992.0,411.0,302.9
NICA,7/2/2024,408.0,440.0,408.0,418.0,4.5,147642.0,411.0,302.9
NICA,7/3/2024,410.6,420.0,407.0,420.0,0.48,75714.0,411.0,302.9
NICA,7/4/2024,420.1,430.1,417.0,424.6,1.1,106679.0,411.0,302.9
NICA,7/7/2024,430.0,430.0,421.3,429.0,1.04,73287.0,411.0,302.9
NICA,7/8/2024,430.0,434.0,426.4,427.0,-0.47,74221.0,411.0,302.9
NICA,7/9/2024,425.0,435.0,422.0,433.1,1.43,72357.0,411.0,302.9
NICA,7/10/2024,441.7,441.7,433.0,438.0,1.13,98818.0,411.0,302.9
NICA,7/11/2024,446.7,447.2,438.0,446.1,1.85,117154.0,411.0,302.9
NICA,7/14/2024,455.0,468.0,447.0,449.0,0.65,157454.0,411.0,302.9
NICA,7/15/2024,457.9,457.9,443.0,443.2,-1.29,155082.0,411.0,302.9
NICA,7/16/2024,452.0,469.0,439.0,461.0,4.02,139792.0,411.0,302.9
NICA,7/17/2024,470.2,482.4,466.0,478.6,3.82,193151.0,411.0,302.9
NICA,7/18/2024,478.0,525.0,469.2,500.0,4.47,331046.0,411.0,302.9
NICA,7/21/2024,500.0,511.0,492.5,504.2,0.84,272349.0,411.0,302.9
NICA,7/22/2024,508.0,513.0,492.0,502.0,-0.44,201152.0,411.0,302.9
NICA,7/23/2024,502.0,513.0,490.0,508.0,1.2,280089.0,411.0,302.9
NICA,7/24/2024,510.0,520.0,497.9,499.0,-1.77,218750.0,411.0,302.9
NICA,7/25/2024,499.0,505.0,491.0,501.9,0.58,163606.0,411.0,302.9
NICA,7/28/2024,511.9,552.0,511.9,552.0,9.98,642139.0,411.0,302.9
NICA,7/29/2024,563.0,573.0,533.0,534.5,-3.17,415282.0,411.0,302.9
NICA,7/30/2024,534.5,537.6,515.5,530.0,-0.84,296884.0,411.0,302.9
NICA,7/31/2024,533.1,539.0,525.0,530.0,0.0,321197.0,411.0,302.9
NICA,8/1/2024,540.6,540.6,516.0,517.0,-2.45,397416.0,411.0,302.9
NICA,8/5/2024,506.7,506.7,480.0,495.9,-4.08,677340.0,411.0,302.9
NICA,8/6/2024,495.9,495.9,474.0,474.4,-4.34,499757.0,411.0,302.9
NICA,8/7/2024,470.0,487.4,470.0,483.0,1.81,214696.0,411.0,302.9
NICA,8/8/2024,483.0,495.0,480.0,487.0,0.83,245160.0,411.0,302.9
NICA,8/11/2024,490.0,508.0,490.0,504.3,3.55,437035.0,411.0,302.9
NICA,8/12/2024,514.0,534.0,504.0,525.0,4.1,429436.0,411.0,302.9
NICA,8/13/2024,535.5,535.5,513.0,516.0,-1.71,192089.0,411.0,302.9
NICA,8/14/2024,516.0,523.0,508.0,520.0,0.78,193085.0,411.0,302.9
NICA,8/15/2024,520.0,557.0,518.5,545.1,4.83,751075.0,411.0,302.9
NICA,8/18/2024,550.0,564.0,535.0,537.7,-1.36,480715.0,411.0,302.9
NICA,8/21/2024,539.0,539.0,525.0,530.0,-1.43,209828.0,411.0,302.9
NICA,8/22/2024,530.0,542.6,527.0,528.0,-0.38,198426.0,411.0,302.9
NICA,8/25/2024,528.0,537.9,515.0,516.0,-2.27,264501.0,411.0,302.9
NICA,8/27/2024,515.0,525.0,496.1,497.0,-3.68,251927.0,411.0,302.9
NICA,8/28/2024,506.0,516.0,493.0,498.0,0.2,141796.0,411.0,302.9
NICA,8/29/2024,498.8,503.0,489.3,494.0,-0.8,125957.0,411.0,302.9
NICA,9/1/2024,503.8,503.8,485.0,485.2,-1.78,122470.0,411.0,302.9
NICA,9/2/2024,485.0,503.9,480.0,501.0,3.26,124169.0,411.0,302.9
NICA,9/3/2024,501.0,512.0,489.6,498.0,-0.6,196070.0,411.0,302.9
NICA,9/4/2024,507.9,507.9,480.0,482.0,-3.21,78221.0,411.0,302.9
NICA,9/5/2024,484.0,489.0,473.0,479.0,-0.62,85177.0,411.0,302.9
NICA,9/8/2024,487.0,488.0,470.0,474.5,-0.94,63926.0,411.0,302.9
NICA,9/9/2024,476.0,479.0,460.0,465.0,-2.0,108664.0,411.0,302.9
NICA,9/10/2024,468.0,473.0,455.0,460.0,-1.08,121413.0,411.0,302.9
NICA,9/11/2024,460.0,465.5,457.1,458.5,-0.33,73610.0,411.0,302.9
NICA,9/12/2024,467.6,470.0,456.0,469.0,2.29,89053.0,411.0,302.9
NICA,9/15/2024,475.0,478.2,460.0,462.0,-1.49,121891.0,411.0,302.9
NICA,9/16/2024,469.0,469.0,452.1,452.9,-1.97,93821.0,411.0,302.9
NICA,9/18/2024,458.0,458.0,447.0,455.0,0.46,59933.0,411.0,302.9
NICA,9/22/2024,464.1,471.0,449.2,452.0,-0.66,78178.0,411.0,302.9
NICA,9/23/2024,461.0,461.0,443.0,444.5,-1.66,87158.0,411.0,302.9
NICA,9/24/2024,441.1,444.0,430.0,430.2,-3.22,114932.0,411.0,302.9
NICA,9/25/2024,427.0,442.6,427.0,442.5,2.86,78402.0,411.0,302.9
NICA,9/26/2024,433.7,448.0,433.7,437.0,-1.24,57402.0,411.0,302.9
NICA,9/29/2024,435.0,440.0,429.0,436.0,-0.23,32022.0,411.0,302.9
NICA,9/30/2024,442.7,442.9,435.0,440.0,0.92,39543.0,411.0,302.9
NICA,10/1/2024,447.5,463.9,441.0,458.7,4.25,118682.0,411.0,302.9
NICA,10/2/2024,465.0,474.0,458.0,462.0,0.72,106390.0,411.0,302.9
NICA,10/6/2024,470.0,476.9,462.0,474.0,2.6,70077.0,411.0,302.9
NICA,10/7/2024,483.0,483.4,475.0,475.0,0.21,61966.0,411.0,302.9
NICA,10/8/2024,470.0,485.0,468.0,480.0,1.05,270991.0,411.0,302.9
NICA,10/9/2024,480.0,483.0,473.0,478.0,-0.42,38554.0,411.0,302.9
NICA,10/15/2024,487.5,489.0,476.0,486.8,1.84,14812.0,411.0,302.9
NICA,10/16/2024,494.0,501.9,484.0,498.7,2.44,302170.0,411.0,302.9
NICA,10/17/2024,498.0,505.0,493.0,493.0,-1.14,80563.0,411.0,302.9
NICA,10/20/2024,484.0,495.0,479.1,480.0,-2.64,187805.0,411.0,302.9
NICA,10/21/2024,472.0,480.0,468.4,469.2,-2.25,70285.0,411.0,302.9
NICA,10/22/2024,475.0,476.0,459.5,465.0,-0.9,104000.0,411.0,302.9
NICA,10/23/2024,460.0,460.0,450.0,452.0,-2.8,182640.0,411.0,302.9
NICA,10/24/2024,450.0,455.0,439.0,443.0,-1.99,104890.0,411.0,302.9
NICA,10/27/2024,443.0,446.0,437.0,444.0,0.23,55784.0,411.0,302.9
NICA,10/28/2024,452.0,452.0,441.0,443.0,-0.23,59809.0,411.0,302.9
NICA,10/29/2024,445.0,452.0,445.0,450.9,1.78,65634.0,411.0,302.9
NICA,10/30/2024,450.0,454.0,443.1,445.8,-1.13,77838.0,411.0,302.9
NICA,11/5/2024,440.3,455.8,440.0,444.0,-0.4,51361.0,411.0,302.9
NICA,11/6/2024,445.0,447.0,439.0,440.0,-0.9,63545.0,411.0,302.9
NICA,11/10/2024,448.0,449.8,442.1,449.8,2.23,82617.0,411.0,302.9
NICA,11/11/2024,458.0,462.1,450.0,454.0,0.93,159935.0,411.0,302.9
NICA,11/12/2024,463.0,463.0,450.0,457.0,0.66,98128.0,411.0,302.9
NICA,11/13/2024,464.1,464.1,448.0,451.7,-1.16,70413.0,411.0,302.9
NICA,11/14/2024,450.1,453.0,443.3,445.1,-1.46,124178.0,411.0,302.9
NICA,11/17/2024,445.5,447.0,440.0,440.3,-1.08,164538.0,411.0,302.9
NICA,11/19/2024,442.0,442.0,429.1,431.2,-2.07,230820.0,411.0,302.9
NICA,11/20/2024,439.8,439.8,428.0,429.9,-0.3,116555.0,411.0,302.9
NICA,11/21/2024,431.0,433.0,426.0,426.3,-0.84,111250.0,411.0,302.9
NICA,11/24/2024,430.0,430.0,423.0,427.0,0.16,112104.0,411.0,302.9
NICA,11/25/2024,435.5,435.5,422.1,425.0,-0.47,108838.0,411.0,302.9
NICA,11/26/2024,431.0,435.7,425.1,434.5,2.24,114088.0,411.0,302.9
NICA,11/27/2024,435.0,438.8,431.6,436.9,0.55,77997.0,411.0,302.9
NICA,11/28/2024,437.0,437.9,430.0,435.3,-0.37,81755.0,411.0,302.9
NICA,12/1/2024,444.0,444.0,427.2,428.8,-1.49,126527.0,411.0,302.9
NICA,12/2/2024,430.0,430.0,425.0,427.9,-0.21,181491.0,411.0,302.9
NICA,12/3/2024,436.0,436.0,417.0,419.8,-1.89,410484.0,411.0,302.9
NICA,12/4/2024,420.0,425.0,415.0,415.2,-1.1,143772.0,411.0,302.9
NICA,12/5/2024,406.9,415.0,406.0,409.9,-1.28,155704.0,411.0,302.9
NICA,12/8/2024,409.9,414.9,400.1,405.0,-1.2,159922.0,411.0,302.9
NICA,12/9/2024,396.9,411.4,396.9,405.0,0.0,66907.0,411.0,302.9
NICA,12/10/2024,396.9,411.0,396.9,405.0,0.0,58539.0,411.0,302.9
NICA,12/11/2024,404.0,415.0,397.0,415.0,2.47,150942.0,411.0,302.9
NICA,12/12/2024,423.3,423.3,402.8,403.0,-2.89,84801.0,411.0,302.9
NICA,12/16/2024,403.0,403.0,395.0,398.2,-1.19,113101.0,411.0,302.9
NICA,12/17/2024,396.0,399.9,395.5,397.0,-0.3,80508.0,411.0,302.9
NICA,12/18/2024,389.1,412.0,389.1,392.0,-1.26,83131.0,411.0,302.9
NICA,12/19/2024,384.2,395.1,384.2,392.9,0.23,73620.0,411.0,302.9
NICA,12/22/2024,392.9,400.6,387.1,390.0,-0.74,73760.0,411.0,302.9
NICA,12/23/2024,382.2,391.0,382.2,388.8,-0.31,82637.0,411.0,302.9
NICA,12/24/2024,395.0,398.0,390.0,396.0,1.85,51143.0,411.0,302.9
NICA,12/26/2024,388.1,409.9,388.0,403.0,1.77,92340.0,411.0,302.9
NICA,12/29/2024,400.0,404.7,391.0,391.0,-2.98,70534.0,411.0,302.9
NICA,12/31/2024,383.2,395.0,376.6,385.0,-1.53,132291.0,411.0,302.9
NICA,1/1/2025,377.3,388.0,377.3,383.6,-0.36,43278.0,411.0,302.9
NICA,1/2/2025,390.0,390.0,377.4,386.9,0.86,58340.0,411.0,302.9
NICA,1/5/2025,385.0,389.7,382.7,384.0,-0.75,88991.0,411.0,302.9
NICA,1/6/2025,388.0,390.0,382.1,388.0,1.04,78034.0,411.0,302.9
NICA,1/7/2025,395.7,395.7,384.0,387.8,-0.05,59219.0,411.0,302.9
NICA,1/8/2025,393.5,393.5,383.0,387.0,-0.21,45107.0,411.0,302.9
NICA,1/9/2025,386.0,388.0,381.0,383.4,-0.93,78694.0,411.0,302.9
NICA,1/12/2025,385.0,385.2,381.0,381.0,-0.63,36094.0,411.0,302.9
NICA,1/13/2025,388.6,388.6,377.5,377.6,-0.89,84072.0,411.0,302.9
NICA,1/15/2025,370.1,384.0,370.1,377.8,0.05,51468.0,411.0,302.9
NICA,1/16/2025,375.2,377.8,368.0,368.9,-2.36,67591.0,411.0,302.9
NICA,1/19/2025,365.1,370.0,361.6,366.0,-0.79,83984.0,411.0,302.9
NICA,1/20/2025,362.0,363.6,351.6,357.5,-2.32,187054.0,411.0,302.9
NICA,1/21/2025,357.0,361.0,354.0,359.0,0.42,85995.0,411.0,302.9
NICA,1/22/2025,359.0,370.0,355.0,369.8,3.01,137664.0,411.0,302.9
NICA,1/23/2025,369.0,371.8,364.3,366.0,-1.03,59766.0,411.0,302.9
NICA,1/26/2025,362.1,364.9,356.0,356.5,-2.6,87702.0,411.0,302.9
NICA,1/27/2025,362.8,362.8,351.0,353.0,-0.98,95052.0,411.0,302.9
NICA,1/28/2025,353.0,362.0,350.0,357.0,1.13,104728.0,411.0,302.9
NICA,2/2/2025,355.0,367.0,355.0,367.0,2.8,81796.0,411.0,302.9
NICA,2/3/2025,369.2,385.5,369.0,372.0,1.36,147482.0,411.0,302.9
NICA,2/4/2025,379.0,379.0,367.0,369.3,-0.73,54568.0,411.0,302.9
NICA,2/5/2025,366.0,370.1,363.0,365.0,-1.16,50984.0,411.0,302.9
NICA,2/6/2025,363.0,368.0,359.0,365.9,0.25,73453.0,411.0,302.9
NICA,2/9/2025,358.6,370.0,358.6,366.0,0.03,55880.0,411.0,302.9
NICA,2/10/2025,369.9,369.9,363.2,364.1,-0.52,28859.0,411.0,302.9
NICA,2/11/2025,367.0,370.0,361.0,364.0,-0.03,48342.0,411.0,302.9
NICA,2/12/2025,365.0,370.0,360.0,363.1,-0.25,47038.0,411.0,302.9
NICA,2/13/2025,360.0,366.0,360.0,363.0,-0.03,47627.0,411.0,302.9
NICA,2/16/2025,367.0,370.9,365.0,370.7,2.12,70533.0,411.0,302.9
NICA,2/17/2025,371.0,386.9,370.7,382.0,3.05,108899.0,411.0,302.9
NICA,2/18/2025,389.0,389.6,375.0,377.0,-1.31,74518.0,411.0,302.9
NICA,2/20/2025,384.5,384.5,373.6,374.5,-0.66,42089.0,411.0,302.9
NICA,2/23/2025,367.1,375.2,365.3,373.1,-0.37,69490.0,411.0,302.9
NICA,2/24/2025,380.5,380.5,371.0,372.0,-0.29,95948.0,411.0,302.9
NICA,2/25/2025,375.0,379.8,373.5,374.5,0.67,64721.0,411.0,302.9
NICA,2/27/2025,381.0,404.0,381.0,399.0,6.54,180854.0,411.0,302.9
NICA,3/2/2025,406.0,410.9,392.0,410.0,2.76,158503.0,411.0,302.9
NICA,3/3/2025,410.0,417.9,402.0,404.0,-1.46,104126.0,411.0,302.9
NICA,3/4/2025,405.0,409.0,397.0,397.0,-1.73,81739.0,411.0,302.9
NICA,3/5/2025,402.0,402.0,390.2,391.0,-1.51,75942.0,411.0,302.9
NICA,3/6/2025,391.0,397.0,390.1,395.0,1.02,57950.0,411.0,302.9
NICA,3/9/2025,402.0,402.0,387.0,387.5,-1.9,53120.0,411.0,302.9
NICA,3/10/2025,379.8,393.5,379.8,382.0,-1.42,51563.0,411.0,302.9
NICA,3/11/2025,380.0,384.0,375.5,379.0,-0.79,52438.0,411.0,302.9
NICA,3/12/2025,380.0,384.0,379.1,384.0,1.32,37447.0,411.0,302.9
NICA,3/16/2025,381.0,389.7,375.0,378.0,-1.56,47059.0,411.0,302.9
NICA,3/17/2025,379.0,382.0,374.0,376.0,-0.53,52266.0,411.0,302.9
NICA,3/18/2025,383.0,383.0,372.0,374.9,-0.29,46712.0,411.0,302.9
NICA,3/19/2025,375.0,376.0,371.5,372.1,-0.75,28240.0,411.0,302.9
NICA,3/20/2025,373.6,375.0,370.0,371.31,-0.21,26250.0,411.0,302.9
NICA,3/23/2025,371.0,375.0,364.0,365.0,-1.7,58246.0,411.0,302.9
NICA,3/24/2025,372.0,372.0,360.2,369.08,1.12,31813.0,411.0,302.9
NICA,3/25/2025,376.4,376.4,362.0,362.76,-1.71,56734.0,411.0,302.9
NICA,3/26/2025,360.0,369.8,359.0,366.94,1.15,66232.0,411.0,302.9
NICA,3/27/2025,374.2,374.2,365.0,369.68,0.75,42064.0,411.0,302.9
NICA,3/30/2025,370.0,381.9,370.0,376.42,1.82,43372.0,411.0,302.9
NICA,4/1/2025,375.0,379.0,369.0,371.77,-1.24,35751.0,411.0,302.9
NICA,4/2/2025,379.2,379.2,368.6,372.08,0.08,22972.0,411.0,302.9
NICA,4/3/2025,373.0,409.0,371.0,378.09,1.62,78106.0,411.0,302.9
NICA,4/7/2025,380.0,384.0,375.0,376.82,-0.34,39850.0,411.0,302.9
NICA,4/8/2025,374.0,374.9,370.0,372.49,-1.15,37140.0,411.0,302.9
NICA,4/9/2025,374.0,378.5,373.0,375.1,0.7,18012.0,411.0,302.9
NICA,4/10/2025,375.0,379.0,375.0,377.54,0.65,38690.0,411.0,302.9
NICA,4/13/2025,378.0,379.9,371.0,376.04,-0.4,39615.0,411.0,302.9
NICA,4/15/2025,383.0,383.0,375.4,378.78,0.73,28213.0,411.0,302.9
NICA,4/16/2025,385.0,385.0,377.0,377.87,-0.24,26891.0,411.0,302.9
NICA,4/17/2025,379.0,385.0,378.0,383.07,1.38,59899.0,411.0,302.9
NICA,4/20/2025,375.5,375.5,369.0,369.81,-3.46,122259.0,411.0,302.9
NICA,4/21/2025,370.0,370.0,362.8,363.72,-1.65,128678.0,411.0,302.9
NICA,4/22/2025,364.0,367.4,361.6,365.22,0.41,62793.0,411.0,302.9
NICA,4/23/2025,365.0,365.0,357.0,358.22,-1.92,81937.0,411.0,302.9
NICA,4/24/2025,351.1,363.0,351.1,357.67,-0.15,47357.0,411.0,302.9
NICA,4/27/2025,355.5,361.0,353.0,354.09,-1.0,67402.0,411.0,302.9
NICA,4/28/2025,358.0,358.0,350.2,352.89,-0.34,64893.0,411.0,302.9
NICA,4/29/2025,353.0,354.1,350.0,351.57,-0.37,63441.0,411.0,302.9
NICA,4/30/2025,350.3,351.0,346.3,346.84,-1.35,119600.0,411.0,302.9
NICA,5/4/2025,350.0,352.5,346.0,349.46,0.76,42458.0,411.0,302.9
NICA,5/5/2025,350.0,351.0,344.0,348.79,-0.19,91034.0,411.0,302.9
NICA,5/6/2025,350.0,350.0,342.1,344.23,-1.31,61181.0,411.0,302.9
NICA,5/7/2025,342.0,360.0,340.1,358.27,4.08,51281.0,411.0,302.9
NICA,5/8/2025,359.0,359.0,347.0,352.29,-1.67,84006.0,411.0,302.9
NICA,5/11/2025,345.3,359.0,345.3,349.98,-0.66,55925.0,411.0,302.9
NICA,5/13/2025,350.0,352.0,344.0,347.21,-0.79,69156.0,411.0,302.9
NICA,5/14/2025,346.0,351.0,345.3,346.24,-0.28,27056.0,411.0,302.9
NICA,5/15/2025,346.0,348.0,339.9,341.58,-1.35,143396.0,411.0,302.9
NICA,5/18/2025,343.8,343.8,335.5,337.51,-1.19,111931.0,411.0,302.9
NICA,5/19/2025,338.0,344.0,336.0,340.13,0.78,76308.0,411.0,302.9
NICA,5/20/2025,340.0,344.9,337.0,341.04,0.27,129948.0,411.0,302.9
NICA,5/21/2025,347.8,361.0,343.0,344.08,0.89,124236.0,411.0,302.9
NICA,5/22/2025,350.0,378.4,344.0,370.91,7.8,388565.0,411.0,302.9
NICA,5/25/2025,370.0,377.4,359.2,364.6,-1.7,154179.0,411.0,302.9
NICA,5/26/2025,371.8,379.0,354.5,362.83,-0.49,226738.0,411.0,302.9
NICA,5/27/2025,357.1,364.0,355.0,361.45,-0.38,43915.0,411.0,302.9
NICA,5/28/2025,356.0,376.9,356.0,371.62,2.81,310444.0,411.0,302.9
NICA,6/2/2025,376.0,382.5,366.0,369.69,-0.52,151086.0,411.0,302.9
NICA,6/3/2025,370.0,370.0,354.0,360.12,-2.59,127629.0,411.0,302.9
NICA,6/4/2025,355.1,359.0,352.1,353.97,-1.71,80718.0,411.0,302.9
NICA,6/5/2025,351.1,357.0,350.0,353.75,-0.06,84068.0,411.0,302.9
NICA,6/8/2025,350.0,361.0,348.0,348.67,-1.44,68124.0,411.0,302.9
NICA,6/9/2025,348.0,351.9,345.0,349.81,0.33,109064.0,411.0,302.9
NICA,6/10/2025,351.0,352.0,345.0,350.1,0.08,125344.0,411.0,302.9
NICA,6/11/2025,355.0,355.0,347.2,347.71,-0.68,60834.0,411.0,302.9
NICA,6/12/2025,345.0,350.0,345.0,347.74,0.01,54077.0,411.0,302.9
NICA,6/15/2025,348.5,349.0,344.0,344.15,-1.03,57297.0,411.0,302.9
NICA,6/16/2025,342.2,347.9,342.0,344.81,0.19,66024.0,411.0,302.9
NICA,6/17/2025,345.0,351.0,340.0,342.68,-0.62,52555.0,411.0,302.9
NICA,6/18/2025,340.5,348.0,340.5,341.66,-0.3,73017.0,411.0,302.9
NICA,6/19/2025,344.9,345.9,337.2,340.63,-0.3,177028.0,411.0,302.9
NICA,6/22/2025,333.9,345.0,333.9,337.67,-0.87,74852.0,411.0,302.9
NICA,6/23/2025,335.5,343.4,333.0,337.54,-0.04,36751.0,411.0,302.9
NICA,6/24/2025,344.0,345.0,335.0,335.39,-0.64,117512.0,411.0,302.9
NICA,6/25/2025,338.5,340.9,335.3,338.68,0.98,62197.0,411.0,302.9
NICA,6/26/2025,340.0,341.0,336.0,337.42,-0.37,37902.0,411.0,302.9
NICA,6/29/2025,340.0,345.0,335.0,343.92,1.93,64107.0,411.0,302.9
NICA,6/30/2025,340.1,345.0,338.0,340.78,-0.91,58312.0,411.0,302.9
NICA,7/1/2025,339.2,350.0,338.2,346.22,1.6,75776.0,411.0,302.9
NICA,7/2/2025,352.0,353.9,343.6,352.39,1.78,99579.0,411.0,302.9
NICA,7/3/2025,355.0,363.0,347.0,360.53,2.31,134444.0,411.0,302.9
NICA,7/6/2025,360.0,360.5,353.5,355.23,-1.47,87837.0,411.0,302.9
NICA,7/7/2025,352.0,354.9,347.0,347.77,-2.1,65015.0,411.0,302.9
NICA,7/8/2025,349.5,351.0,342.4,346.83,-0.27,48932.0,411.0,302.9
NICA,7/9/2025,350.0,365.0,347.4,360.46,3.93,164992.0,411.0,302.9
NICA,7/10/2025,367.6,375.0,363.0,368.59,2.26,268028.0,411.0,302.9
NICA,7/13/2025,375.9,405.4,375.9,405.4,9.99,935652.0,411.0,302.9
NICA,7/14/2025,413.5,413.5,400.0,404.59,-0.2,591115.0,411.0,302.9
NICA,7/15/2025,405.0,416.5,391.1,413.64,2.24,752172.0,411.0,302.9
NICA,7/16/2025,415.0,426.0,410.5,420.05,1.55,652885.0,411.0,302.9
NICA,7/17/2025,428.4,428.4,414.0,418.72,-0.32,613888.0,411.0,302.9
NICA,7/20/2025,420.0,420.0,404.0,405.83,-3.08,774408.0,411.0,302.9
NICA,7/21/2025,404.5,412.0,400.3,410.35,1.11,314794.0,411.0,302.9
NICA,7/22/2025,410.0,418.0,406.0,416.42,1.48,379370.0,411.0,302.9
NICA,7/23/2025,417.0,417.0,407.1,410.62,-1.39,264074.0,411.0,302.9
NICA,7/24/2025,418.8,418.8,403.0,404.97,-1.38,211844.0,411.0,302.9
NICA,7/27/2025,407.0,412.0,398.9,400.35,-1.14,357867.0,411.0,302.9
NICA,7/28/2025,400.0,403.0,388.7,396.3,-1.01,416122.0,411.0,302.9
NICA,7/29/2025,403.0,410.0,395.0,400.89,1.16,308929.0,411.0,302.9
NICA,7/30/2025,405.0,406.7,388.0,390.2,-2.67,189372.0,411.0,302.9
NICA,7/31/2025,390.0,396.9,383.5,386.43,-0.97,170007.0,411.0,302.9
NICA,8/3/2025,386.0,388.0,381.0,381.91,-1.17,146401.0,411.0,302.9
NICA,8/4/2025,388.7,399.0,385.0,395.76,3.63,275662.0,411.0,302.9
NICA,8/5/2025,403.5,403.5,385.9,386.38,-2.37,168482.0,411.0,302.9
NICA,8/6/2025,391.0,391.0,385.0,385.51,-0.23,63156.0,411.0,302.9
NICA,8/7/2025,392.8,392.8,383.0,384.68,-0.22,83056.0,411.0,302.9
NICA,8/11/2025,389.0,392.0,381.1,381.26,-0.89,101169.0,411.0,302.9
NICA,8/12/2025,385.0,385.0,376.1,376.92,-1.14,59057.0,411.0,302.9
NICA,8/13/2025,380.0,380.0,370.0,370.48,-1.71,85556.0,411.0,302.9
NICA,8/14/2025,371.8,371.9,363.1,365.66,-1.3,88358.0,411.0,302.9
NICA,8/17/2025,358.4,358.4,340.0,348.64,-4.65,256794.0,411.0,302.9
NICA,8/18/2025,350.0,351.0,344.5,348.23,-0.12,103749.0,411.0,302.9
NICA,8/19/2025,348.5,355.1,348.1,350.65,0.69,83058.0,411.0,302.9
NICA,8/20/2025,353.0,356.0,350.0,351.12,0.13,58516.0,411.0,302.9
NICA,8/21/2025,350.1,353.9,348.0,348.38,-0.78,47481.0,411.0,302.9
NICA,8/24/2025,348.2,349.5,343.0,343.56,-1.38,94633.0,411.0,302.9
NICA,8/25/2025,343.0,345.0,337.0,344.34,0.23,76387.0,411.0,302.9
NICA,8/26/2025,349.9,349.9,344.0,344.53,0.06,34295.0,411.0,302.9
NICA,8/27/2025,351.4,352.9,345.2,351.44,2.01,75720.0,411.0,302.9
NICA,8/28/2025,352.0,355.0,350.0,351.32,-0.03,63594.0,411.0,302.9
NICA,8/31/2025,352.0,353.0,345.0,346.46,-1.38,31039.0,411.0,302.9
NICA,9/1/2025,353.3,353.3,341.0,350.02,1.03,62119.0,411.0,302.9
NICA,9/2/2025,357.0,357.0,345.0,345.15,-1.39,45243.0,411.0,302.9
NICA,9/3/2025,346.5,346.8,344.0,344.79,-0.1,22544.0,411.0,302.9
NICA,9/4/2025,341.3,345.0,341.3,344.18,-0.18,46045.0,411.0,302.9
NICA,9/7/2025,338.0,344.7,338.0,341.54,-0.77,33752.0,411.0,302.9
NICA,9/8/2025,341.0,342.0,338.5,339.78,-0.52,51679.0,411.0,302.9
NICA,9/18/2025,333.0,333.0,308.7,314.0,-7.59,7459.0,411.0,302.9
NICA,9/21/2025,310.5,332.4,310.5,331.42,5.55,108087.0,411.0,302.9
NICA,9/23/2025,335.0,338.9,333.0,336.8,1.62,49990.0,411.0,302.9
NICA,9/24/2025,337.0,338.4,331.0,334.0,-0.83,31306.0,411.0,302.9
NICA,9/25/2025,330.1,336.7,330.1,331.2,-0.84,24603.0,411.0,302.9
NICA,9/28/2025,335.0,337.0,333.0,334.0,0.85,31511.0,411.0,302.9
NICA,10/7/2025,332.0,335.0,326.4,330.2,-1.14,38679.0,411.0,302.9
NICA,10/8/2025,331.5,331.5,318.0,321.0,-2.79,81048.0,411.0,302.9
NICA,10/9/2025,327.4,345.0,326.1,328.0,2.18,35932.0,411.0,302.9
NICA,10/12/2025,329.0,329.0,318.0,321.0,-2.13,61096.0,411.0,302.9
NICA,10/13/2025,327.0,327.0,320.0,322.0,0.31,43486.0,411.0,302.9
NICA,10/14/2025,322.0,324.5,316.0,316.7,-1.65,36339.0,411.0,302.9
NICA,10/15/2025,316.0,319.0,315.0,317.0,0.09,28907.0,411.0,302.9
NICA,10/16/2025,319.0,319.0,314.0,314.1,-0.91,33027.0,411.0,302.9
NICA,10/19/2025,314.0,320.0,313.6,314.1,0.0,18515.0,411.0,302.9
NICA,10/26/2025,312.1,316.0,312.0,316.0,0.6,25544.0,411.0,302.9
NICA,10/28/2025,316.0,327.0,316.0,324.0,2.53,39389.0,411.0,302.9
NICA,10/29/2025,329.7,329.7,317.1,319.0,-1.54,41189.0,411.0,302.9
NICA,10/30/2025,316.0,323.9,312.0,321.0,0.63,30393.0,411.0,302.9
NICA,11/2/2025,327.4,327.5,320.2,323.9,0.9,68588.0,411.0,302.9
NICA,11/3/2025,324.0,330.0,321.2,324.0,0.03,43294.0,411.0,302.9
NICA,11/4/2025,324.0,328.0,320.0,321.0,-0.93,38008.0,411.0,302.9
NICA,11/5/2025,322.0,325.0,319.1,322.5,0.47,28471.0,411.0,302.9
NICA,11/6/2025,322.0,326.9,320.5,322.0,-0.16,31827.0,411.0,302.9
NICA,11/9/2025,320.0,320.0,315.0,316.2,-1.8,57077.0,411.0,302.9
NICA,11/10/2025,316.0,319.9,311.0,315.9,-0.09,46722.0,411.0,302.9
NICA,11/11/2025,319.0,319.0,311.5,312.2,-1.17,42493.0,411.0,302.9
NICA,11/12/2025,312.4,316.4,311.5,311.8,-0.13,31341.0,411.0,302.9
NICA,11/13/2025,312.0,314.0,308.2,308.9,-0.93,46844.0,411.0,302.9
NICA,11/16/2025,308.9,312.0,307.2,308.3,-0.19,25022.0,411.0,302.9
NICA,11/17/2025,308.0,310.0,307.0,307.5,-0.26,43796.0,411.0,302.9
NICA,11/18/2025,306.3,309.6,306.3,309.0,0.49,34492.0,411.0,302.9
NICA,11/19/2025,311.9,311.9,305.7,306.9,-0.68,35247.0,411.0,302.9
NICA,11/20/2025,306.1,307.5,304.5,306.4,-0.16,47593.0,411.0,302.9
NICA,11/23/2025,312.2,312.2,307.0,309.0,0.85,52221.0,411.0,302.9
NICA,11/24/2025,309.0,316.9,309.0,316.9,2.56,87011.0,411.0,302.9
NICA,11/25/2025,316.9,320.0,312.1,320.0,0.98,45468.0,411.0,302.9
NICA,11/26/2025,315.0,335.0,315.0,326.0,1.88,98559.0,411.0,302.9
NICA,11/27/2025,328.9,343.1,321.0,334.9,2.73,199986.0,411.0,302.9
NICA,11/30/2025,337.2,340.0,328.0,330.0,-1.46,77227.0,411.0,302.9
NICA,12/1/2025,328.0,330.9,323.4,324.0,-1.82,60641.0,411.0,302.9
NICA,12/2/2025,322.0,327.0,317.1,326.9,0.9,60134.0,411.0,302.9
NICA,12/3/2025,322.9,328.7,319.5,320.0,-2.11,29618.0,411.0,302.9
NICA,12/7/2025,316.5,321.0,315.0,315.8,-1.31,47682.0,411.0,302.9
NICA,12/8/2025,314.0,319.0,314.0,317.0,0.38,27639.0,411.0,302.9
NICA,12/9/2025,321.0,321.0,315.6,316.1,-0.28,26045.0,411.0,302.9
NICA,12/10/2025,319.9,319.9,315.0,316.2,0.03,34740.0,411.0,302.9
NICA,12/11/2025,316.0,318.5,315.5,316.0,-0.06,28406.0,411.0,302.9
NICA,12/14/2025,320.0,320.0,315.3,317.0,0.32,47378.0,411.0,302.9
NICA,12/15/2025,316.1,330.2,316.0,328.0,3.47,152335.0,411.0,302.9
NICA,12/16/2025,331.9,331.9,323.5,326.0,-0.61,40675.0,411.0,302.9
NICA,12/17/2025,325.0,327.9,321.0,323.0,-0.92,31340.0,411.0,302.9
NICA,12/18/2025,322.0,324.0,316.6,317.0,-1.86,64599.0,411.0,302.9
NICA,12/21/2025,318.0,320.0,315.2,317.0,0.0,26822.0,411.0,302.9
NICA,12/22/2025,315.2,319.0,310.0,315.4,-0.5,62478.0,411.0,302.9
NICA,12/23/2025,312.8,319.0,312.8,318.0,0.82,33536.0,411.0,302.9
NICA,12/24/2025,319.0,322.9,316.5,321.0,0.94,35797.0,411.0,302.9
NICA,12/28/2025,324.0,336.0,320.6,335.0,4.36,131308.0,411.0,302.9
NICA,12/29/2025,335.0,335.0,324.0,325.0,-2.99,56073.0,411.0,302.9
NICA,12/31/2025,327.0,332.0,324.6,327.0,0.62,45656.0,411.0,302.9
NICA,1/1/2026,332.9,332.9,322.2,324.8,-0.67,25445.0,411.0,302.9
NICA,1/4/2026,331.2,356.0,331.0,344.0,5.91,634749.0,411.0,302.9
NICA,1/5/2026,350.0,355.5,344.2,352.3,2.41,226433.0,411.0,302.9
NICA,1/6/2026,355.0,359.0,351.0,353.1,0.23,147211.0,411.0,302.9
NICA,1/7/2026,354.0,354.0,343.8,343.8,-2.63,135639.0,411.0,302.9
NICA,1/8/2026,337.0,349.0,337.0,345.9,0.61,92775.0,411.0,302.9
NICA,1/12/2026,346.0,348.9,339.0,339.1,-1.97,63530.0,411.0,302.9
NICA,1/13/2026,332.4,373.0,332.4,338.0,-0.32,142207.0,411.0,302.9
NICA,1/14/2026,331.3,342.0,331.3,334.2,-1.12,87141.0,411.0,302.9
NICA,1/18/2026,339.7,347.0,335.0,339.0,1.44,163190.0,411.0,302.9
NICA,1/20/2026,332.5,350.0,332.5,346.0,2.06,141100.0,411.0,302.9
NICA,1/21/2026,348.0,348.0,340.0,342.0,-1.16,91181.0,411.0,302.9
NICA,1/22/2026,347.9,347.9,337.0,341.9,-0.03,71540.0,411.0,302.9
NICA,1/25/2026,343.9,355.0,340.0,351.2,2.72,164488.0,411.0,302.9
NICA,1/26/2026,356.9,365.0,347.7,356.0,1.37,250861.0,411.0,302.9
NICA,1/27/2026,355.0,362.0,346.0,347.0,-2.53,108099.0,411.0,302.9
NICA,1/28/2026,344.2,350.0,344.0,345.9,-0.32,75584.0,411.0,302.9
NICA,1/29/2026,340.0,343.0,337.0,337.3,-2.49,106393.0,411.0,302.9
NICA,2/1/2026,334.0,338.0,330.5,330.5,-2.02,88265.0,411.0,302.9
NICA,2/2/2026,330.5,338.0,330.5,334.0,1.06,39025.0,411.0,302.9
NICA,2/3/2026,337.0,337.8,321.5,328.0,-1.8,106817.0,411.0,302.9
NICA,2/4/2026,322.0,332.9,322.0,326.0,-0.61,69033.0,411.0,302.9
NICA,2/5/2026,327.0,329.9,325.0,327.7,0.52,55997.0,411.0,302.9
NICA,2/8/2026,333.9,333.9,327.3,328.7,0.31,48970.0,411.0,302.9
NICA,2/9/2026,328.2,328.2,322.2,323.0,-1.73,114234.0,411.0,302.9
NICA,2/10/2026,327.9,327.9,320.5,322.0,-0.31,74460.0,411.0,302.9
NICA,2/11/2026,315.6,328.0,315.6,320.9,-0.34,72607.0,411.0,302.9
NICA,2/12/2026,320.8,330.0,320.1,329.9,2.8,195633.0,411.0,302.9
NICA,2/16/2026,330.0,330.0,324.2,325.9,-1.21,25760.0,411.0,302.9
NICA,2/17/2026,324.2,330.0,322.0,323.0,-0.89,145521.0,411.0,302.9
NICA,2/22/2026,325.0,327.5,320.4,321.0,-0.62,34856.0,411.0,302.9
NICA,2/23/2026,321.0,324.5,320.0,322.0,0.31,53331.0,411.0,302.9
NICA,2/24/2026,322.0,326.9,321.0,323.7,0.53,24034.0,411.0,302.9
NICA,2/25/2026,322.0,326.0,322.0,322.3,-0.43,32708.0,411.0,302.9
NICA,2/26/2026,328.7,328.7,322.8,325.0,0.84,29539.0,411.0,302.9
NICA,2/27/2026,328.7,328.7,322.8,325.0,0.0,29539.0,411.0,302.9
NICA,2/28/2026,328.7,328.7,322.8,325.0,0.0,29539.0,411.0,302.9
NICA,3/2/2026,325.0,329.5,322.0,329.5,1.38,42373.0,411.0,302.9
NICA,3/3/2026,336.0,338.0,327.5,334.9,1.64,55876.0,411.0,302.9
NICA,3/4/2026,336.0,338.0,327.5,334.9,0.0,55876.0,411.0,302.9
NICA,3/5/2026,336.0,338.0,327.5,334.9,0.0,55876.0,411.0,302.9
NICA,3/6/2026,336.0,338.0,327.5,334.9,0.0,55876.0,411.0,302.9
NICA,3/7/2026,336.0,338.0,327.5,334.9,0.0,55876.0,411.0,302.9
NICA,3/8/2026,336.0,338.0,327.5,334.9,0.0,55876.0,411.0,302.9
NICA,3/9/2026,341.5,355.2,341.5,355.2,6.06,690.0,411.0,302.9
NICA,3/10/2026,360.0,360.0,339.0,349.7,-1.55,338163.0,411.0,302.9
NICA,3/11/2026,352.0,352.0,341.0,344.0,-1.63,110266.0,411.0,302.9
NICA,3/12/2026,339.0,356.4,338.2,349.7,1.66,179017.0,411.0,302.9
NICA,3/13/2026,339.0,356.4,338.2,349.7,0.0,179017.0,411.0,302.9
NICA,3/14/2026,339.0,356.4,338.2,349.7,0.0,179017.0,411.0,302.9
NICA,3/15/2026,354.7,354.7,345.0,348.5,-0.34,100898.0,411.0,302.9
NICA,3/16/2026,345.5,347.0,341.6,342.6,-1.69,70422.0,411.0,302.9
NICA,3/17/2026,339.7,347.0,338.0,345.0,0.7,64570.0,411.0,302.9
NICA,3/18/2026,339.7,347.0,338.0,345.0,0.0,64570.0,411.0,302.9
NICA,3/19/2026,346.0,367.0,346.0,366.0,6.09,326932.0,411.0,302.9
NICA,3/20/2026,346.0,367.0,346.0,366.0,0.0,326932.0,411.0,302.9
NICA,3/21/2026,346.0,367.0,346.0,366.0,0.0,326932.0,411.0,302.9
NICA,3/22/2026,370.0,390.0,367.1,389.0,6.28,515134.0,411.0,302.9
NICA,3/23/2026,396.7,396.7,376.0,389.0,0.0,314867.0,411.0,302.9
NICA,3/24/2026,389.0,411.0,377.4,394.0,1.29,585324.0,411.0,302.9
NICA,3/25/2026,387.0,404.9,387.0,398.0,1.02,498555.0,411.0,302.9
NICA,3/26/2026,398.0,402.0,390.0,401.0,0.75,321458.0,411.0,302.9
NICA,3/29/2026,401.0,401.0,383.7,383.7,-4.31,444715.0,411.0,302.9
NICA,3/30/2026,383.6,388.0,370.0,370.6,-3.39,309907.0,411.0,302.9
NICA,3/31/2026,371.0,387.6,365.0,380.2,2.48,294429.0,411.0,302.9
NICA,4/1/2026,387.8,387.8,372.5,374.0,-3.56,220782.0,411.0,302.9
NICA,4/2/2026,374.0,381.4,367.3,376.9,0.78,195379.0,411.0,302.9
NICA,4/5/2026,371.0,371.0,352.1,353.0,-4.85,302502.0,411.0,302.9
NICA,4/6/2026,357.0,375.0,355.0,373.5,4.62,157316.0,411.0,302.9
NICA,4/7/2026,374.8,377.0,364.0,375.0,0.05,120597.0,411.0,302.9
NICA,4/8/2026,370.0,379.8,368.0,379.0,2.43,282931.0,411.0,302.9
NICA,4/9/2026,378.0,382.9,375.0,375.0,-0.79,154661.0,411.0,302.9
NICA,4/10/2026,382.5,382.5,367.6,369.1,-3.5,135801.0,411.0,302.9
NICA,4/13/2026,363.0,372.0,363.0,370.0,1.93,70305.0,411.0,302.9
NICA,4/15/2026,370.0,382.0,370.0,376.5,1.76,168998.0,411.0,302.9
NICA,4/16/2026,379.0,379.0,371.2,371.6,-1.95,32826.0,411.0,302.9
NICA,4/17/2026,365.1,374.0,365.1,366.3,0.33,115093.0,411.0,302.9
NICA,4/20/2026,360.0,370.0,360.0,362.0,0.56,67632.0,411.0,302.9
NICA,4/21/2026,362.0,365.0,358.3,360.0,-0.55,51180.0,411.0,302.9
NICA,4/22/2026,360.0,368.0,352.1,364.5,1.25,120256.0,411.0,302.9
NICA,4/23/2026,364.0,368.0,357.0,361.0,-0.82,23161.0,411.0,302.9
NICA,4/24/2026,361.0,365.0,351.2,361.2,0.06,73243.0,411.0,302.9
NICA,4/27/2026,361.2,383.0,360.0,375.0,3.82,121835.0,411.0,302.9
NICA,4/28/2026,370.0,370.0,355.0,359.0,-2.97,125197.0,411.0,302.9
NICA,4/29/2026,359.0,359.0,349.0,359.0,0.0,86667.0,411.0,302.9
NICA,4/30/2026,355.0,359.0,350.1,358.0,0.85,62652.0,411.0,302.9
NICA,5/4/2026,375.0,375.0,359.2,359.4,-4.16,327440.0,411.0,302.9
NICA,5/5/2026,365.0,371.5,360.0,365.0,0.0,127364.0,411.0,302.9
NICA,5/6/2026,373.0,373.0,359.0,361.0,-3.22,61864.0,411.0,302.9
NICA,5/7/2026,360.1,365.0,356.0,356.0,-1.14,139029.0,411.0,302.9
NICA,5/8/2026,364.0,364.0,353.6,356.7,-2.01,65272.0,411.0,302.9
NICA,5/11/2026,362.0,365.0,355.3,364.8,0.77,115151.0,411.0,302.9
NICA,5/12/2026,364.0,364.9,354.3,355.8,-2.25,102639.0,411.0,302.9
NICA,5/13/2026,356.0,357.9,350.1,354.9,-0.31,45191.0,411.0,302.9
NICA,5/14/2026,358.9,358.9,350.3,351.9,-1.95,26336.0,411.0,302.9
NICA,5/15/2026,335.0,360.0,335.0,352.0,5.07,60201.0,411.0,302.9
NICA,5/18/2026,355.0,355.0,348.8,349.0,-1.69,56092.0,411.0,302.9
NICA,5/19/2026,348.6,354.8,346.0,347.0,-0.46,42771.0,411.0,302.9
NICA,5/20/2026,348.0,351.9,345.0,351.0,0.86,45856.0,411.0,302.9
NICA,5/21/2026,351.0,357.9,350.0,351.5,0.14,16453.0,411.0,302.9
NICA,5/22/2026,353.0,353.0,346.0,352.5,-0.14,58510.0,411.0,302.9
NICA,5/25/2026,365.0,365.0,345.0,356.0,-2.47,37190.0,411.0,302.9
NICA,5/26/2026,358.9,358.9,340.0,347.3,-3.23,108822.0,411.0,302.9
NICA,5/27/2026,354.0,354.0,349.0,350.5,-0.99,56407.0,411.0,302.9
NICA,6/1/2026,348.0,354.0,338.2,344.1,-1.12,111231.0,411.0,302.9
NICA,6/2/2026,348.0,348.0,343.0,346.1,-0.55,47782.0,411.0,302.9
NICA,6/3/2026,363.4,363.4,345.0,353.2,-2.81,61136.0,411.0,302.9
NICA,6/4/2026,354.9,354.9,350.0,350.3,-1.3,32020.0,411.0,302.9
NICA,6/5/2026,347.2,350.9,345.0,346.0,-0.35,63840.0,411.0,302.9
NICA,6/8/2026,328.7,350.2,328.7,341.5,3.89,62930.0,411.0,302.9
NICA,6/9/2026,343.0,349.9,336.0,344.0,0.29,65374.0,411.0,302.9
NICA,6/10/2026,327.0,348.0,327.0,343.0,4.89,34778.0,411.0,302.9
NICA,6/11/2026,343.0,343.9,340.0,342.0,-0.29,29425.0,411.0,302.9
NICA,6/12/2026,341.9,342.7,339.0,340.0,-0.56,36575.0,411.0,302.9
NICA,6/15/2026,340.0,342.0,338.0,338.3,-0.5,41635.0,411.0,302.9
NICA,6/16/2026,337.5,340.0,335.8,335.9,-0.47,43787.0,411.0,302.9
NICA,6/17/2026,320.0,341.0,320.0,335.0,4.69,63723.0,411.0,302.9
NICA,6/18/2026,336.0,338.0,333.0,333.1,-0.86,40859.0,411.0,302.9
NICA,6/19/2026,349.7,349.7,332.0,337.8,-3.4,70436.0,411.0,302.9
NICA,6/22/2026,337.8,338.0,333.1,334.9,-0.86,42306.0,411.0,302.9
NICA,6/23/2026,318.2,335.0,318.2,332.0,4.34,64306.0,411.0,302.9
NICA,6/24/2026,330.5,333.0,328.0,331.0,0.15,62959.0,411.0,302.9
NICA,6/26/2026,333.0,335.0,329.0,331.9,-0.33,25518.0,411.0,302.9
NICA,6/29/2026,330.1,330.1,325.0,328.3,-0.55,36913.0,411.0,302.9
NICA,6/30/2026,330.0,330.0,325.0,327.1,-0.88,30707.0,411.0,302.9
NICA,7/1/2026,323.2,336.0,323.2,333.9,3.31,43504.0,411.0,302.9
NICA,7/2/2026,334.0,345.0,331.0,344.0,2.99,45178.0,411.0,302.9
NICA,7/3/2026,340.0,344.0,335.1,335.1,-1.44,32743.0,411.0,302.9
NICA,7/6/2026,343.0,343.0,333.0,334.0,-2.62,40166.0,411.0,302.9
NICA,7/7/2026,334.0,342.0,333.0,340.0,1.8,50145.0,411.0,302.9
NICA,7/8/2026,336.0,336.2,328.1,332.0,-1.19,55337.0,411.0,302.9
NICA,7/9/2026,330.0,332.8,328.0,329.9,-0.03,32553.0,411.0,302.9
NICA,7/10/2026,313.5,336.0,313.5,326.7,4.21,65546.0,411.0,302.9
NICA,7/13/2026,330.0,330.0,320.0,323.4,-2.0,41983.0,411.0,302.9
NICA,7/14/2026,329.0,329.0,320.0,324.2,-1.46,24358.0,411.0,302.9
NICA,7/15/2026,330.0,331.0,321.1,329.9,-0.03,29988.0,411.0,302.9
NICA,7/16/2026,330.0,331.0,325.0,325.1,-1.48,21138.0,411.0,302.9
NICA,7/17/2026,331.0,341.9,327.0,339.7,2.63,43198.0,411.0,302.9
NICA,7/20/2026,323.0,348.0,323.0,342.1,5.91,73386.0,411.0,302.9
NICA,7/21/2026,325.0,349.0,325.0,342.0,5.23,56528.0,411.0,302.9
NICA,7/22/2026,342.0,343.0,336.2,340.9,-0.32,45184.0,411.0,302.9
NICA,7/23/2026,324.0,349.0,324.0,341.0,5.25,32463.0,411.0,302.9
NICA,7/24/2026,334.2,349.5,334.2,344.2,2.99,91081.0,411.0,302.9
NICA,7/27/2026,344.0,353.5,337.0,340.0,-1.16,138033.0,411.0,302.9
NICA,7/28/2026,340.0,342.5,332.0,340.0,0.0,89521.0,411.0,302.9
NICA,7/29/2026,345.0,345.0,335.0,338.9,-1.77,37161.0,411.0,302.9
NICA,7/30/2026,322.0,351.7,322.0,339.9,5.56,40428.0,411.0,302.9
NICA,7/31/2026,335.0,340.0,335.0,336.1,0.33,26479.0,411.0,302.9
NICA,8/3/2026,320.0,356.3,320.0,337.9,5.59,49827.0,411.0,302.9
NICA,8/4/2026,354.7,354.7,330.0,330.0,-6.96,65240.0,411.0,302.9
NICA,8/5/2026,346.5,346.5,313.5,329.1,-5.02,49029.0,411.0,302.9
NICA,8/6/2026,329.2,332.0,325.0,327.9,-0.39,69912.0,411.0,302.9
NICA,8/7/2026,327.0,327.0,325.0,326.0,-0.31,43627.0,411.0,302.9
NICA,8/10/2026,326.0,326.9,325.0,325.0,-0.31,25167.0,411.0,302.9
NICA,8/11/2026,325.0,328.0,325.0,326.0,0.31,25681.0,411.0,302.9
NICA,8/12/2026,330.0,334.0,325.0,325.1,-1.48,31814.0,411.0,302.9
NICA,8/13/2026,326.0,327.0,323.2,325.0,-0.31,30045.0,411.0,302.9
NICA,8/14/2026,325.0,325.0,322.0,324.4,-0.18,34884.0,411.0,302.9
NICA,8/17/2026,320.0,324.8,319.1,320.0,0.0,64199.0,411.0,302.9
NICA,8/18/2026,320.0,320.0,315.0,315.0,-1.56,83475.0,411.0,302.9
NICA,8/19/2026,316.0,317.3,314.1,315.7,-0.09,64786.0,411.0,302.9
NICA,8/20/2026,308.0,317.0,308.0,313.6,1.82,64478.0,411.0,302.9
NICA,8/21/2026,312.9,315.1,312.9,314.0,0.35,53856.0,411.0,302.9
NICA,8/24/2026,314.0,315.0,310.1,311.0,-0.96,50912.0,411.0,302.9
NICA,8/25/2026,310.1,312.2,308.0,308.3,-0.58,48486.0,411.0,302.9
NICA,8/26/2026,308.0,310.0,306.1,308.0,0.0,62038.0,411.0,302.9
NICA,8/27/2026,306.0,310.0,305.2,308.1,0.69,36729.0,411.0,302.9
NICA,8/31/2026,308.0,312.0,304.0,306.0,-0.65,42554.0,411.0,302.9
NICA,9/1/2026,306.0,311.8,303.1,308.0,0.65,19910.0,411.0,302.9
NICA,9/2/2026,309.0,309.0,306.0,308.0,-0.32,21103.0,411.0,302.9
NICA,9/3/2026,308.0,310.0,307.0,309.5,0.49,26480.0,411.0,302.9
NICA,9/7/2026,310.5,315.0,309.0,309.0,-0.48,38044.0,411.0,302.9
NICA,9/9/2026,324.4,324.4,306.3,308.0,-5.06,32159.0,411.0,302.9
NICA,9/10/2026,309.0,309.0,302.9,303.1,-1.91,69017.0,411.0,302.9
NICA,9/11/2026,305.0,310.0,303.1,308.4,1.11,14681.0,411.0,302.9
NICA,9/14/2026,306.0,315.0,306.0,314.0,2.61,44186.0,411.0,302.9
NICA,9/15/2026,329.0,332.0,315.1,329.9,0.27,146946.0,411.0,302.9
NICA,9/16/2026,345.0,345.0,318.0,322.0,-6.67,73845.0,411.0,302.9
NICA,9/17/2026,322.0,328.9,322.0,325.0,0.93,63062.0,411.0,302.9
NICA,9/18/2026,324.0,332.1,322.7,328.4,1.36,77993.0,411.0,302.9
NICA,9/22/2026,328.0,334.0,323.1,326.3,-0.52,61214.0,411.0,302.9
NICA,9/23/2026,324.0,328.0,316.0,317.0,-2.16,78682.0,411.0,302.9
NICA,9/24/2026,317.0,318.9,315.1,316.3,-0.22,40945.0,411.0,302.9
NICA,9/28/2026,315.0,318.5,312.0,314.0,-0.32,44139.0,411.0,302.9
NICA,9/29/2026,316.0,316.0,307.0,0.0,-100.0,52060.0,411.0,302.9
NICA,9/30/2026,313.0,314.9,309.3,312.0,-0.32,46858.0,411.0,302.9
NICA,10/1/2026,312.0,315.0,311.0,313.4,0.45,41683.0,411.0,302.9
NICA,10/2/2026,314.0,314.0,308.9,309.3,-1.5,78322.0,411.0,302.9
NICAD2091,12/21/2025,1061.0,1082.2,1061.0,1082.0,,100.0,1106.0,1005.2
NICAD2091,12/22/2025,1090.1,1092.2,1090.1,1090.1,0.75,300.0,1106.0,1005.2
NICAD2091,12/23/2025,1075.0,1090.0,1075.0,1090.0,-0.01,125.0,1106.0,1005.2
NICAD2091,12/24/2025,1100.0,1100.0,1100.0,1100.0,0.92,125.0,1106.0,1005.2
NICAD2091,12/28/2025,1080.0,1080.0,1080.0,1080.0,-1.82,25.0,1106.0,1005.2
NICAD2091,12/29/2025,1098.0,1101.6,1098.0,1101.0,1.94,610.0,1106.0,1005.2
NICAD2091,12/31/2025,1079.0,1079.0,1071.0,1071.0,-2.72,50.0,1106.0,1005.2
NICAD2091,1/1/2026,1090.0,1090.0,1081.0,1081.0,0.93,100.0,1106.0,1005.2
NICAD2091,1/4/2026,1085.0,1102.6,1070.0,1102.6,2.0,151.0,1106.0,1005.2
NICAD2091,1/7/2026,1081.0,1081.0,1081.0,1081.0,-1.96,10.0,1106.0,1005.2
NICAD2091,1/8/2026,1080.0,1080.0,1072.0,1072.0,-0.83,50.0,1106.0,1005.2
NICAD2091,1/12/2026,1073.1,1093.0,1073.0,1073.3,0.12,105.0,1106.0,1005.2
NICAD2091,1/13/2026,1073.3,1094.0,1073.3,1094.0,1.93,75.0,1106.0,1005.2
NICAD2091,1/14/2026,1073.1,1073.4,1073.1,1073.4,-1.88,50.0,1106.0,1005.2
NICAD2091,1/18/2026,1055.0,1055.0,1043.0,1043.0,-2.83,300.0,1106.0,1005.2
NICAD2091,1/20/2026,1048.0,1058.0,1048.0,1055.1,1.16,1075.0,1106.0,1005.2
NICAD2091,1/21/2026,1056.0,1056.0,1056.0,1056.0,0.09,25.0,1106.0,1005.2
NICAD2091,1/22/2026,1055.0,1060.0,1055.0,1060.0,0.38,120.0,1106.0,1005.2
NICAD2091,1/25/2026,1071.0,1071.0,1060.0,1060.0,0.0,1015.0,1106.0,1005.2
NICAD2091,1/26/2026,1041.1,1045.3,1041.1,1045.3,-1.39,65.0,1106.0,1005.2
NICAD2091,1/27/2026,1053.0,1068.0,1053.0,1068.0,2.17,75.0,1106.0,1005.2
NICAD2091,1/28/2026,1054.0,1057.1,1054.0,1057.1,-1.02,50.0,1106.0,1005.2
NICAD2091,1/29/2026,1057.5,1060.8,1057.5,1060.8,0.35,218.0,1106.0,1005.2
NICAD2091,2/1/2026,1045.0,1058.0,1045.0,1058.0,-0.26,125.0,1106.0,1005.2
NICAD2091,2/2/2026,1060.0,1060.0,1060.0,1060.0,0.19,50.0,1106.0,1005.2
NICAD2091,2/3/2026,1040.0,1040.0,1040.0,1040.0,-1.89,25.0,1106.0,1005.2
NICAD2091,2/4/2026,1048.1,1048.1,1048.1,1048.1,0.78,25.0,1106.0,1005.2
NICAD2091,2/8/2026,1065.0,1065.0,1065.0,1065.0,1.61,212.0,1106.0,1005.2
NICAD2091,2/9/2026,1057.19,1076.0,1057.1,1076.0,1.03,380.0,1106.0,1005.2
NICAD2091,2/10/2026,1065.0,1065.0,1065.0,1065.0,-1.02,25.0,1106.0,1005.2
NICAD2091,2/11/2026,1055.7,1055.7,1055.6,1055.6,-0.88,100.0,1106.0,1005.2
NICAD2091,2/12/2026,1064.1,1064.1,1064.0,1064.0,0.8,250.0,1106.0,1005.2
NICAD2091,2/17/2026,1077.0,1077.0,1077.0,1077.0,1.22,1075.0,1106.0,1005.2
NICAD2091,2/22/2026,1056.0,1060.0,1056.0,1060.0,-1.58,50.0,1106.0,1005.2
NICAD2091,2/23/2026,1052.0,1052.0,1052.0,1052.0,-0.75,75.0,1106.0,1005.2
NICAD2091,2/24/2026,1060.5,1060.5,1060.0,1060.0,0.76,80.0,1106.0,1005.2
NICAD2091,2/25/2026,1062.0,1062.0,1062.0,1062.0,0.19,50.0,1106.0,1005.2
NICAD2091,2/26/2026,1062.0,1080.0,1062.0,1080.0,1.69,180.0,1106.0,1005.2
NICAD2091,2/27/2026,1062.0,1080.0,1062.0,1080.0,0.0,180.0,1106.0,1005.2
NICAD2091,2/28/2026,1062.0,1080.0,1062.0,1080.0,0.0,180.0,1106.0,1005.2
NICAD2091,3/2/2026,1062.0,1062.0,1057.0,1060.0,-1.85,80.0,1106.0,1005.2
NICAD2091,3/3/2026,1060.0,1080.0,1060.0,1062.3,0.22,170.0,1106.0,1005.2
NICAD2091,3/4/2026,1060.0,1080.0,1060.0,1062.3,0.0,170.0,1106.0,1005.2
NICAD2091,3/5/2026,1060.0,1080.0,1060.0,1062.3,0.0,170.0,1106.0,1005.2
NICAD2091,3/6/2026,1060.0,1080.0,1060.0,1062.3,0.0,170.0,1106.0,1005.2
NICAD2091,3/7/2026,1060.0,1080.0,1060.0,1062.3,0.0,170.0,1106.0,1005.2
NICAD2091,3/8/2026,1060.0,1080.0,1060.0,1062.3,0.0,170.0,1106.0,1005.2
NICAD2091,3/10/2026,1070.0,1072.0,1070.0,1070.0,0.72,100.0,1106.0,1005.2
NICAD2091,3/11/2026,1066.0,1066.0,1066.0,1066.0,-0.37,35.0,1106.0,1005.2
NICAD2091,3/15/2026,1050.0,1080.0,1050.0,1066.3,0.03,375.0,1106.0,1005.2
NICAD2091,3/16/2026,1066.3,1080.0,1066.3,1080.0,1.28,50.0,1106.0,1005.2
NICAD2091,3/17/2026,1061.1,1086.9,1061.1,1086.9,0.64,525.0,1106.0,1005.2
NICAD2091,3/18/2026,1061.1,1086.9,1061.1,1086.9,0.0,525.0,1106.0,1005.2
NICAD2091,3/19/2026,1085.0,1085.0,1063.3,1063.3,-2.17,50.0,1106.0,1005.2
NICAD2091,3/20/2026,1085.0,1085.0,1063.3,1063.3,0.0,50.0,1106.0,1005.2
NICAD2091,3/21/2026,1085.0,1085.0,1063.3,1063.3,0.0,50.0,1106.0,1005.2
NICAD2091,3/22/2026,1064.0,1064.0,1063.6,1064.0,0.07,75.0,1106.0,1005.2
NICAD2091,3/23/2026,1055.0,1064.0,1055.0,1064.0,0.0,40.0,1106.0,1005.2
NICAD2091,3/25/2026,1051.1,1051.1,1051.1,1051.1,-1.21,25.0,1106.0,1005.2
NICAD2091,3/26/2026,1055.0,1072.1,1055.0,1072.1,1.62,35.0,1106.0,1005.2
NICAD2091,3/29/2026,1055.1,1055.1,1055.1,1055.1,0.0,25.0,1106.0,1005.2
NICAD2091,3/30/2026,1055.1,1055.1,1040.1,1055.0,-0.01,80.0,1106.0,1005.2
NICAD2091,3/31/2026,1045.0,1045.0,1045.0,1045.0,0.0,40.0,1106.0,1005.2
NICAD2091,4/1/2026,1042.0,1042.0,1042.0,1042.0,0.0,25.0,1106.0,1005.2
NICAD2091,4/5/2026,1042.0,1042.0,1041.1,1041.1,-0.09,30.0,1106.0,1005.2
NICAD2091,4/6/2026,1050.0,1055.0,1050.0,1050.0,0.0,100.0,1106.0,1005.2
NICAD2091,4/7/2026,1054.0,1060.0,1054.0,1060.0,0.57,50.0,1106.0,1005.2
NICAD2091,4/8/2026,1060.0,1060.0,1050.1,1050.1,-0.93,50.0,1106.0,1005.2
NICAD2091,4/10/2026,1042.1,1043.9,1042.1,1043.9,0.17,175.0,1106.0,1005.2
NICAD2091,4/13/2026,1042.6,1055.0,1042.6,1050.1,0.72,125.0,1106.0,1005.2
NICAD2091,4/15/2026,1050.0,1055.0,1046.0,1055.0,0.48,85.0,1106.0,1005.2
NICAD2091,4/16/2026,1054.0,1054.0,1054.0,1054.0,0.0,25.0,1106.0,1005.2
NICAD2091,4/20/2026,1049.2,1049.2,1049.2,1049.2,0.0,25.0,1106.0,1005.2
NICAD2091,4/21/2026,1040.0,1071.0,1040.0,1048.8,0.85,86.0,1106.0,1005.2
NICAD2091,4/22/2026,1052.0,1059.0,1052.0,1059.0,0.67,150.0,1106.0,1005.2
NICAD2091,4/23/2026,1046.1,1054.6,1046.1,1075.9,2.85,51.0,1106.0,1005.2
NICAD2091,4/28/2026,1075.9,1051.5,1051.5,1078.9,0.28,26.0,1106.0,1005.2
NICAD2091,4/29/2026,1078.9,1050.0,1050.0,1050.0,-2.68,25.0,1106.0,1005.2
NICAD2091,4/30/2026,1051.0,1068.0,1051.0,1068.0,1.62,235.0,1106.0,1005.2
NICAD2091,5/4/2026,1040.2,1040.2,1040.2,1040.2,0.0,25.0,1106.0,1005.2
NICAD2091,5/6/2026,1066.9,1066.9,1066.9,1066.9,0.0,26.0,1106.0,1005.2
NICAD2091,5/7/2026,1066.0,1066.0,1047.0,1047.0,-1.78,50.0,1106.0,1005.2
NICAD2091,5/12/2026,1041.1,1078.4,1041.1,1078.4,3.58,150.0,1106.0,1005.2
NICAD2091,5/13/2026,1084.0,1084.0,1051.5,1051.5,-3.0,283.0,1106.0,1005.2
NICAD2091,5/15/2026,1069.0,1070.0,1069.0,1070.0,0.09,50.0,1106.0,1005.2
NICAD2091,5/18/2026,1050.0,1070.0,1050.0,1070.0,1.9,125.0,1106.0,1005.2
NICAD2091,5/19/2026,1050.2,1050.2,1050.2,1050.2,0.0,25.0,1106.0,1005.2
NICAD2091,5/22/2026,1052.2,1052.2,1052.2,1052.2,0.0,25.0,1106.0,1005.2
NICAD2091,5/25/2026,1053.6,1053.6,1053.6,1053.6,0.0,25.0,1106.0,1005.2
NICAD2091,5/26/2026,1061.0,1084.0,1061.0,1084.0,2.17,264.0,1106.0,1005.2
NICAD2091,5/27/2026,1051.5,1065.0,1051.5,1065.0,1.28,50.0,1106.0,1005.2
NICAD2091,6/1/2026,1060.0,1065.0,1060.0,1065.0,0.47,60.0,1106.0,1005.2
NICAD2091,6/2/2026,1060.0,1060.0,1060.0,1060.0,0.0,25.0,1106.0,1005.2
NICAD2091,6/3/2026,1065.0,1065.0,1065.0,1065.0,0.0,25.0,1106.0,1005.2
NICAD2091,6/4/2026,1047.5,1078.0,1047.5,1078.0,2.91,50.0,1106.0,1005.2
NICAD2091,6/9/2026,1061.0,1072.0,1061.0,1072.0,1.04,100.0,1106.0,1005.2
NICAD2091,6/10/2026,1069.1,1075.0,1069.1,1075.0,0.55,50.0,1106.0,1005.2
NICAD2091,6/12/2026,1055.6,1057.6,1055.6,1057.6,0.19,50.0,1106.0,1005.2
NICAD2091,6/16/2026,1050.0,1060.0,1050.0,1060.0,0.95,50.0,1106.0,1005.2
NICAD2091,6/17/2026,1060.0,1060.0,1060.0,1060.0,0.0,50.0,1106.0,1005.2
NICAD2091,6/18/2026,1050.0,1050.0,1050.0,1050.0,0.0,25.0,1106.0,1005.2
NICAD2091,6/19/2026,1045.3,1045.3,1045.3,1045.3,0.0,25.0,1106.0,1005.2
NICAD2091,6/22/2026,1052.4,1052.4,1052.4,1052.4,0.0,25.0,1106.0,1005.2
NICAD2091,6/23/2026,1055.0,1055.0,1055.0,1055.0,0.0,98079.0,1106.0,1005.2
NICAD2091,6/24/2026,1055.0,1055.0,1055.0,1055.0,0.0,49040.0,1106.0,1005.2
NICAD2091,6/26/2026,1055.7,1056.1,1055.7,1056.1,0.04,50.0,1106.0,1005.2
NICAD2091,6/30/2026,1060.0,1066.0,1060.0,1061.0,0.09,225.0,1106.0,1005.2
NICAD2091,7/1/2026,1061.0,1067.0,1061.0,1067.0,0.57,100.0,1106.0,1005.2
NICAD2091,7/2/2026,1060.0,1070.0,1060.0,1070.0,0.94,210.0,1106.0,1005.2
NICAD2091,7/3/2026,1052.1,1052.1,1052.1,1052.1,0.0,25.0,1106.0,1005.2
NICAD2091,7/6/2026,1065.1,1065.1,1065.1,1065.1,0.0,25.0,1106.0,1005.2
NICAD2091,7/7/2026,1055.1,1056.1,1055.1,1056.1,0.09,50.0,1106.0,1005.2
NICAD2091,7/8/2026,1070.0,1070.0,1070.0,1070.0,0.0,120.0,1106.0,1005.2
NICAD2091,7/9/2026,1070.0,1070.0,1070.0,1070.0,0.0,40.0,1106.0,1005.2
NICAD2091,7/10/2026,1060.1,1074.0,1060.1,1074.0,1.31,200.0,1106.0,1005.2
NICAD2091,7/14/2026,1074.0,1106.0,1074.0,1106.0,2.98,98598.0,1106.0,1005.2
NICAD2091,7/16/2026,1090.0,1090.0,1090.0,1090.0,0.0,49040.0,1106.0,1005.2
NICAD2091,7/21/2026,1057.3,1057.3,1057.3,1057.3,0.0,20.0,1106.0,1005.2
NICAD2091,7/22/2026,1025.7,1056.4,1025.7,1045.0,1.88,430.0,1106.0,1005.2
NICAD2091,7/27/2026,1033.1,1055.0,1033.1,1055.0,2.12,300.0,1106.0,1005.2
NICAD2091,7/29/2026,1041.0,1048.1,1041.0,1048.1,0.68,45.0,1106.0,1005.2
NICAD2091,7/31/2026,1044.1,1044.1,1044.1,1044.1,0.0,25.0,1106.0,1005.2
NICAD2091,8/3/2026,1031.0,1031.0,1031.0,1031.0,0.0,50.0,1106.0,1005.2
NICAD2091,8/5/2026,1050.0,1050.0,1050.0,1050.0,0.0,25.0,1106.0,1005.2
NICAD2091,8/10/2026,1048.0,1049.0,1048.0,1049.0,0.1,54.0,1106.0,1005.2
NICAD2091,8/11/2026,1022.3,1032.0,1022.3,1032.0,0.95,50.0,1106.0,1005.2
NICAD2091,8/18/2026,1055.0,1064.0,1051.0,1062.0,0.66,555.0,1106.0,1005.2
NICAD2091,8/19/2026,1072.0,1072.0,1072.0,1073.6,0.15,36.0,1106.0,1005.2
NICAD2091,8/20/2026,1050.0,1050.0,1050.0,1050.0,0.0,25.0,1106.0,1005.2
NICAD2091,8/25/2026,1025.0,1025.0,1025.0,1025.0,0.0,25.0,1106.0,1005.2
NICAD2091,8/27/2026,1030.0,1032.0,1030.0,1032.0,0.19,50.0,1106.0,1005.2
NICAD2091,8/31/2026,1062.9,1094.0,1062.9,1094.0,2.93,2119.0,1106.0,1005.2
NICAD2091,9/1/2026,1061.2,1061.2,1061.2,1061.2,0.0,15.0,1106.0,1005.2
NICAD2091,9/7/2026,1093.0,1093.0,1093.0,1093.0,0.0,50.0,1106.0,1005.2
NICAD2091,9/9/2026,1090.0,1090.0,1090.0,1090.0,0.0,25.0,1106.0,1005.2
NICAD2091,9/14/2026,1082.0,1082.0,1082.0,1082.0,0.0,25.0,1106.0,1005.2
NICAD2091,9/18/2026,1055.2,1055.2,1055.2,1055.2,0.0,25.0,1106.0,1005.2
NICAD2091,9/22/2026,1045.1,1070.0,1045.1,1070.0,2.38,53.0,1106.0,1005.2
NICAD2091,9/23/2026,1070.0,1070.0,1070.0,1070.0,0.0,172.0,1106.0,1005.2
NICAD2091,9/29/2026,1050.0,1076.5,1045.2,0.0,-100.0,75.0,1106.0,1005.2
NICAD2091,10/1/2026,1086.0,1086.0,1086.0,1086.0,0.0,50.0,1106.0,1005.2
NICAD2091,10/2/2026,1086.0,1086.0,1086.0,1086.0,0.0,25.0,1106.0,1005.2
NICAD85/86,12/22/2025,1133.0,1150.0,1133.0,1150.0,,17.0,1264.0,1097.0
NICAD85/86,12/24/2025,1160.0,1160.0,1160.0,1160.0,0.87,25.0,1264.0,1097.0
NICAD85/86,1/5/2026,1143.0,1143.0,1143.0,1143.0,-1.47,25.0,1264.0,1097.0
NICAD85/86,1/13/2026,1163.0,1163.0,1163.0,1163.0,1.75,100.0,1264.0,1097.0
NICAD85/86,1/18/2026,1163.0,1163.0,1139.8,1139.8,-1.99,75.0,1264.0,1097.0
NICAD85/86,1/20/2026,1139.8,1139.8,1139.8,1117.1,-1.99,1.0,1264.0,1097.0
NICAD85/86,1/22/2026,1097.0,1097.0,1097.0,1097.0,-1.8,11.0,1264.0,1097.0
NICAD85/86,2/1/2026,1106.0,1108.0,1106.0,1108.0,1.0,75.0,1264.0,1097.0
NICAD85/86,2/10/2026,1130.0,1130.0,1130.0,1130.0,1.99,54.0,1264.0,1097.0
NICAD85/86,2/17/2026,1130.1,1130.1,1130.1,1130.1,0.01,38.0,1264.0,1097.0
NICAD85/86,2/24/2026,1150.0,1150.0,1150.0,1150.0,1.76,25.0,1264.0,1097.0
NICAD85/86,2/26/2026,1155.0,1155.0,1155.0,1155.0,0.43,54.0,1264.0,1097.0
NICAD85/86,2/27/2026,1155.0,1155.0,1155.0,1155.0,0.0,54.0,1264.0,1097.0
NICAD85/86,2/28/2026,1155.0,1155.0,1155.0,1155.0,0.0,54.0,1264.0,1097.0
NICAD85/86,3/2/2026,1135.1,1135.1,1135.1,1135.1,-1.72,25.0,1264.0,1097.0
NICAD85/86,3/3/2026,1156.0,1157.8,1156.0,1157.8,2.0,40.0,1264.0,1097.0
NICAD85/86,3/4/2026,1156.0,1157.8,1156.0,1157.8,0.0,40.0,1264.0,1097.0
NICAD85/86,3/5/2026,1156.0,1157.8,1156.0,1157.8,0.0,40.0,1264.0,1097.0
NICAD85/86,3/6/2026,1156.0,1157.8,1156.0,1157.8,0.0,40.0,1264.0,1097.0
NICAD85/86,3/7/2026,1156.0,1157.8,1156.0,1157.8,0.0,40.0,1264.0,1097.0
NICAD85/86,3/8/2026,1156.0,1157.8,1156.0,1157.8,0.0,40.0,1264.0,1097.0
NICAD85/86,3/17/2026,1158.0,1181.0,1158.0,1181.0,2.0,145.0,1264.0,1097.0
NICAD85/86,3/18/2026,1158.0,1181.0,1158.0,1181.0,0.0,145.0,1264.0,1097.0
NICAD85/86,3/22/2026,1181.0,1181.0,1153.0,1157.4,-2.0,253.0,1264.0,1097.0
NICAD85/86,3/23/2026,1135.0,1135.0,1135.0,1135.0,-1.94,25.0,1264.0,1097.0
NICAD85/86,3/24/2026,1140.0,1140.0,1128.0,1128.0,-0.62,50.0,1264.0,1097.0
NICAD85/86,3/26/2026,1122.0,1122.0,1122.0,1122.0,0.0,25.0,1264.0,1097.0
NICAD85/86,4/1/2026,1122.0,1122.0,1122.0,1122.0,0.0,25.0,1264.0,1097.0
NICAD85/86,4/5/2026,1124.0,1124.0,1124.0,1124.0,0.0,25.0,1264.0,1097.0
NICAD85/86,4/10/2026,1125.0,1125.0,1125.0,1125.0,0.0,25.0,1264.0,1097.0
NICAD85/86,4/15/2026,1125.0,1125.0,1125.0,1125.0,0.0,40.0,1264.0,1097.0
NICAD85/86,4/20/2026,1125.0,1125.0,1125.0,1125.0,0.0,26.0,1264.0,1097.0
NICAD85/86,4/21/2026,1125.0,1125.0,1125.0,1125.0,0.0,100.0,1264.0,1097.0
NICAD85/86,4/27/2026,1125.0,1124.1,1124.1,1124.1,-0.08,25.0,1264.0,1097.0
NICAD85/86,5/4/2026,1122.5,1122.5,1122.1,1122.1,-0.04,40.0,1264.0,1097.0
NICAD85/86,5/5/2026,1125.0,1130.0,1125.0,1125.2,0.02,135.0,1264.0,1097.0
NICAD85/86,5/20/2026,1125.1,1125.1,1125.1,1125.1,0.0,25.0,1264.0,1097.0
NICAD85/86,6/2/2026,1158.8,1190.0,1158.8,1190.0,2.69,1387.0,1264.0,1097.0
NICAD85/86,6/3/2026,1190.0,1195.0,1190.0,1190.0,0.0,400.0,1264.0,1097.0
NICAD85/86,6/8/2026,1180.1,1180.1,1180.1,1180.1,0.0,100.0,1264.0,1097.0
NICAD85/86,6/10/2026,1180.1,1195.0,1180.1,1205.0,2.11,27.0,1264.0,1097.0
NICAD85/86,6/12/2026,1169.0,1169.0,1169.0,1169.0,0.0,25.0,1264.0,1097.0
NICAD85/86,6/15/2026,1204.0,1204.0,1204.0,1217.9,1.15,82.0,1264.0,1097.0
NICAD85/86,6/18/2026,1264.0,1264.0,1264.0,1264.0,0.0,200.0,1264.0,1097.0
NICAD85/86,7/2/2026,1226.1,1226.1,1130.0,1130.0,-7.84,360836.0,1264.0,1097.0
NICAD85/86,7/3/2026,1130.0,1130.0,1130.0,1130.0,0.0,39165.0,1264.0,1097.0
NICAD85/86,7/7/2026,1126.0,1148.0,1117.0,1131.0,0.44,40201.0,1264.0,1097.0
NICAD85/86,7/9/2026,1160.0,1160.0,1160.0,1160.0,0.0,10.0,1264.0,1097.0
NICAD85/86,7/10/2026,1125.2,1150.0,1125.2,1150.0,2.2,75.0,1264.0,1097.0
NICAD85/86,7/13/2026,1131.0,1154.0,1131.0,1154.0,2.03,409900.0,1264.0,1097.0
NICAD85/86,7/14/2026,1139.0,1139.0,1130.0,1130.0,-0.79,10050.0,1264.0,1097.0
NICAD85/86,7/16/2026,1140.0,1174.0,1140.0,1174.0,2.98,100225.0,1264.0,1097.0
NICAD85/86,8/10/2026,1165.0,1169.9,1165.0,1166.0,0.09,191.0,1264.0,1097.0
NICAD85/86,8/19/2026,1140.0,1140.0,1140.0,1140.0,0.0,15.0,1264.0,1097.0
NICAD85/86,8/24/2026,1140.0,1140.0,1140.0,1140.0,0.0,20.0,1264.0,1097.0
NICAD85/86,9/1/2026,1120.0,1120.0,1120.0,1120.0,0.0,20.0,1264.0,1097.0
NICAD85/86,9/2/2026,1120.0,1120.0,1120.0,1120.0,0.0,225.0,1264.0,1097.0
NICAD85/86,9/3/2026,1120.0,1120.0,1120.0,1120.0,0.0,340.0,1264.0,1097.0
NICAD85/86,9/11/2026,1120.0,1120.0,1120.0,1120.0,0.0,600.0,1264.0,1097.0
NICAD85/86,9/18/2026,1111.0,1111.0,1111.0,1111.0,0.0,25.0,1264.0,1097.0
NICAD85/86,9/23/2026,1120.0,1120.0,1120.0,1120.0,0.0,425.0,1264.0,1097.0
NICAD85/86,9/24/2026,1120.0,1120.0,1120.0,1120.0,0.0,25.0,1264.0,1097.0
NICAD85/86,9/29/2026,1120.0,1120.0,1120.0,1120.0,0.0,390.0,1264.0,1097.0
NICAD85/86,9/30/2026,1153.6,1153.6,1135.0,1135.0,-1.61,67.0,1264.0,1097.0
NICAP,8/10/2026,179.0,179.0,179.0,179.0,0.0,7981.0,193.0,179.0
NICAP,8/18/2026,179.0,179.0,179.0,179.0,0.0,9404.0,193.0,179.0
NICAP,9/23/2026,179.0,179.0,179.0,179.0,0.0,35225.0,193.0,179.0
NICAP,9/30/2026,179.0,179.0,179.0,179.0,0.0,30.0,193.0,179.0
NICBF,1/26/2026,8.91,9.42,8.91,9.42,,17705.0,11.2,8.45
NICBF,1/27/2026,9.3,9.6,9.25,9.6,1.91,47768.0,11.2,8.45
NICBF,1/28/2026,9.45,9.84,9.45,9.84,2.5,9500.0,11.2,8.45
NICBF,1/29/2026,9.65,9.89,8.92,9.89,0.51,22100.0,11.2,8.45
NICBF,2/2/2026,9.75,9.94,9.73,9.94,0.51,22749.0,11.2,8.45
NICBF,2/3/2026,9.8,10.93,9.61,9.61,-3.32,34757.0,11.2,8.45
NICBF,2/4/2026,9.43,9.45,9.43,9.45,-1.66,600.0,11.2,8.45
NICBF,2/5/2026,9.5,9.62,9.5,9.5,0.53,4700.0,11.2,8.45
NICBF,2/8/2026,9.33,9.51,9.33,9.5,0.0,15700.0,11.2,8.45
NICBF,2/9/2026,9.32,9.32,9.32,9.32,-1.89,2100.0,11.2,8.45
NICBF,2/10/2026,9.3,9.3,9.3,9.3,-0.21,7200.0,11.2,8.45
NICBF,2/11/2026,9.12,9.2,9.12,9.19,-1.18,7300.0,11.2,8.45
NICBF,2/12/2026,9.37,9.37,9.2,9.2,0.11,892.0,11.2,8.45
NICBF,2/16/2026,9.03,9.32,9.03,9.32,1.3,5900.0,11.2,8.45
NICBF,2/17/2026,9.21,9.69,9.21,9.65,3.54,38385.0,11.2,8.45
NICBF,2/22/2026,9.8,9.8,9.61,9.61,-0.41,1300.0,11.2,8.45
NICBF,2/23/2026,9.42,9.6,9.42,9.6,-0.1,18500.0,11.2,8.45
NICBF,2/26/2026,9.61,9.61,9.61,9.61,0.1,1200.0,11.2,8.45
NICBF,2/27/2026,9.61,9.61,9.61,9.61,0.0,1200.0,11.2,8.45
NICBF,2/28/2026,9.61,9.61,9.61,9.61,0.0,1200.0,11.2,8.45
NICBF,3/2/2026,9.42,9.43,9.42,9.43,-1.87,500.0,11.2,8.45
NICBF,3/3/2026,9.61,9.61,9.61,9.61,1.91,500.0,11.2,8.45
NICBF,3/4/2026,9.61,9.61,9.61,9.61,0.0,500.0,11.2,8.45
NICBF,3/5/2026,9.61,9.61,9.61,9.61,0.0,500.0,11.2,8.45
NICBF,3/6/2026,9.61,9.61,9.61,9.61,0.0,500.0,11.2,8.45
NICBF,3/7/2026,9.61,9.61,9.61,9.61,0.0,500.0,11.2,8.45
NICBF,3/8/2026,9.61,9.61,9.61,9.61,0.0,500.0,11.2,8.45
NICBF,3/10/2026,9.42,9.42,9.06,9.06,-5.72,350.0,11.2,8.45
NICBF,3/11/2026,9.15,9.34,9.13,9.34,3.09,7900.0,11.2,8.45
NICBF,3/12/2026,9.5,9.85,9.5,9.71,3.96,9100.0,11.2,8.45
NICBF,3/13/2026,9.5,9.85,9.5,9.71,0.0,9100.0,11.2,8.45
NICBF,3/14/2026,9.5,9.85,9.5,9.71,0.0,9100.0,11.2,8.45
NICBF,3/15/2026,9.68,9.71,9.53,9.71,0.0,34420.0,11.2,8.45
NICBF,3/16/2026,9.52,9.6,9.52,9.6,-1.13,200.0,11.2,8.45
NICBF,3/17/2026,9.41,9.98,8.7,9.98,3.96,20200.0,11.2,8.45
NICBF,3/18/2026,9.41,9.98,8.7,9.98,0.0,20200.0,11.2,8.45
NICBF,3/19/2026,9.79,10.16,9.79,10.16,1.8,3400.0,11.2,8.45
NICBF,3/20/2026,9.79,10.16,9.79,10.16,0.0,3400.0,11.2,8.45
NICBF,3/21/2026,9.79,10.16,9.79,10.16,0.0,3400.0,11.2,8.45
NICBF,3/22/2026,10.16,11.17,9.58,9.58,-5.71,20900.0,11.2,8.45
NICBF,3/23/2026,9.4,9.98,9.03,9.97,4.07,99965.0,11.2,8.45
NICBF,3/24/2026,9.8,10.48,9.8,10.48,5.12,5850.0,11.2,8.45
NICBF,3/25/2026,10.28,10.45,9.5,10.45,-0.29,2900.0,11.2,8.45
NICBF,3/26/2026,10.6,11.07,10.55,10.55,-0.47,52700.0,11.2,8.45
NICBF,3/29/2026,10.34,10.34,10.1,10.19,-1.45,13800.0,11.2,8.45
NICBF,3/30/2026,10.14,11.2,10.14,10.16,0.2,43650.0,11.2,8.45
NICBF,3/31/2026,9.96,10.16,9.58,9.58,-3.82,5200.0,11.2,8.45
NICBF,4/1/2026,9.76,9.76,9.39,9.39,-3.79,15200.0,11.2,8.45
NICBF,4/2/2026,9.57,9.57,9.38,9.38,-1.99,2100.0,11.2,8.45
NICBF,4/5/2026,9.2,9.75,8.45,9.6,4.35,101838.0,11.2,8.45
NICBF,4/6/2026,9.79,9.96,9.79,9.96,1.74,10100.0,11.2,8.45
NICBF,4/7/2026,9.89,10.34,9.89,10.34,4.55,45200.0,11.2,8.45
NICBF,4/8/2026,10.14,10.54,9.71,10.54,3.94,68800.0,11.2,8.45
NICBF,4/9/2026,10.69,10.69,9.81,9.83,-8.04,7052.0,11.2,8.45
NICBF,4/10/2026,9.64,9.64,9.29,9.42,-2.28,42448.0,11.2,8.45
NICBF,4/13/2026,9.3,9.34,9.3,9.34,0.43,200.0,11.2,8.45
NICBF,4/15/2026,9.52,9.52,9.5,9.52,0.0,5600.0,11.2,8.45
NICBF,4/16/2026,9.6,9.6,9.6,9.6,0.0,15000.0,11.2,8.45
NICBF,4/17/2026,9.48,9.52,9.48,9.52,0.42,2000.0,11.2,8.45
NICBF,4/21/2026,9.26,9.52,9.26,9.52,2.81,2900.0,11.2,8.45
NICBF,4/22/2026,9.51,9.52,9.31,9.32,-2.0,5300.0,11.2,8.45
NICBF,4/23/2026,9.32,9.7,9.32,9.7,4.08,5900.0,11.2,8.45
NICBF,4/24/2026,9.7,9.47,9.42,9.47,-2.37,1600.0,11.2,8.45
NICBF,4/28/2026,9.47,9.48,9.47,9.47,0.0,5100.0,11.2,8.45
NICBF,4/29/2026,9.47,9.98,9.47,9.47,0.0,10000.0,11.2,8.45
NICBF,4/30/2026,9.47,9.5,9.47,9.5,0.32,3890.0,11.2,8.45
NICBF,5/4/2026,9.47,9.47,9.19,9.31,-1.69,6844.0,11.2,8.45
NICBF,5/5/2026,9.19,9.74,9.19,9.74,5.98,1810.0,11.2,8.45
NICBF,5/6/2026,9.45,9.45,9.33,9.33,-1.27,400.0,11.2,8.45
NICBF,5/7/2026,9.4,9.41,9.4,9.41,0.11,300.0,11.2,8.45
NICBF,5/8/2026,9.69,9.95,9.69,9.95,2.68,2300.0,11.2,8.45
NICBF,5/12/2026,9.66,9.66,9.66,9.66,0.0,500.0,11.2,8.45
NICBF,5/13/2026,9.85,9.85,9.85,9.85,0.0,4100.0,11.2,8.45
NICBF,5/14/2026,9.83,9.83,9.83,9.83,0.0,750.0,11.2,8.45
NICBF,5/15/2026,9.8,9.8,9.8,9.8,0.0,635.0,11.2,8.45
NICBF,5/19/2026,9.76,9.76,9.6,9.6,-1.64,300.0,11.2,8.45
NICBF,5/20/2026,9.65,9.65,9.65,9.65,0.0,500.0,11.2,8.45
NICBF,5/22/2026,9.65,9.65,9.3,9.4,-2.59,2950.0,11.2,8.45
NICBF,5/25/2026,9.68,9.68,9.68,9.68,0.0,100.0,11.2,8.45
NICBF,5/26/2026,9.75,9.75,9.7,9.75,0.0,12300.0,11.2,8.45
NICBF,5/27/2026,9.7,9.8,9.7,9.7,0.0,5365.0,11.2,8.45
NICBF,6/3/2026,9.7,9.7,9.43,9.43,-2.78,1000.0,11.2,8.45
NICBF,6/4/2026,9.42,9.5,9.42,9.5,0.85,1100.0,11.2,8.45
NICBF,6/5/2026,9.5,9.75,9.5,9.75,2.63,3400.0,11.2,8.45
NICBF,6/8/2026,9.46,9.46,9.46,9.46,0.0,1000.0,11.2,8.45
NICBF,6/9/2026,9.18,9.18,9.18,9.18,0.0,400.0,11.2,8.45
NICBF,6/10/2026,9.2,9.52,9.2,9.2,0.0,16500.0,11.2,8.45
NICBF,6/11/2026,9.2,9.2,9.2,9.2,0.0,100.0,11.2,8.45
NICBF,6/15/2026,9.15,9.15,9.15,9.15,0.0,300.0,11.2,8.45
NICBF,6/17/2026,9.42,9.7,9.41,9.41,-0.11,14600.0,11.2,8.45
NICBF,6/19/2026,9.41,9.41,9.41,9.41,0.0,600.0,11.2,8.45
NICBF,6/22/2026,9.69,9.69,9.18,9.18,-5.26,3600.0,11.2,8.45
NICBF,6/23/2026,9.12,9.16,9.12,9.16,0.44,2400.0,11.2,8.45
NICBF,6/24/2026,9.22,9.22,9.22,9.22,0.0,100.0,11.2,8.45
NICBF,6/26/2026,9.3,9.3,9.3,9.3,0.0,100.0,11.2,8.45
NICBF,6/29/2026,9.05,9.05,9.04,9.04,-0.11,800.0,11.2,8.45
NICBF,6/30/2026,9.08,9.08,9.08,9.08,0.0,200.0,11.2,8.45
NICBF,7/1/2026,9.03,9.03,9.03,9.03,0.0,250.0,11.2,8.45
NICBF,7/2/2026,9.3,9.3,9.3,9.3,0.0,500.0,11.2,8.45
NICBF,7/3/2026,9.3,9.3,9.3,9.3,0.0,1200.0,11.2,8.45
NICBF,7/6/2026,9.06,9.09,9.06,9.09,0.33,6100.0,11.2,8.45
NICBF,7/7/2026,9.36,9.36,9.36,9.36,0.0,600.0,11.2,8.45
NICBF,7/8/2026,9.6,9.6,9.6,9.6,0.0,7300.0,11.2,8.45
NICBF,7/9/2026,9.33,9.33,9.33,9.33,0.0,900.0,11.2,8.45
NICBF,7/10/2026,9.12,9.12,9.1,9.1,-0.22,3000.0,11.2,8.45
NICBF,7/13/2026,9.01,9.01,8.98,8.98,-0.33,3000.0,11.2,8.45
NICBF,7/15/2026,9.24,9.24,9.24,9.24,0.0,800.0,11.2,8.45
NICBF,7/20/2026,9.05,9.1,9.05,9.1,0.55,1500.0,11.2,8.45
NICBF,7/21/2026,9.08,9.1,9.08,9.1,0.22,2200.0,11.2,8.45
NICBF,7/22/2026,9.1,9.1,9.1,9.1,0.0,400.0,11.2,8.45
NICBF,7/24/2026,9.12,9.12,9.12,9.12,0.0,100.0,11.2,8.45
NICBF,7/27/2026,9.07,9.34,9.07,9.34,2.98,400.0,11.2,8.45
NICBF,7/31/2026,9.5,9.5,9.5,9.5,0.0,1400.0,11.2,8.45
NICBF,8/3/2026,9.4,9.4,9.4,9.4,0.0,500.0,11.2,8.45
NICBF,8/4/2026,9.12,9.12,9.02,9.02,-1.1,1500.0,11.2,8.45
NICBF,8/5/2026,9.15,9.2,9.15,9.2,0.55,10550.0,11.2,8.45
NICBF,8/6/2026,9.07,9.1,9.07,9.1,0.33,600.0,11.2,8.45
NICBF,8/7/2026,9.1,9.57,9.1,9.57,5.16,1200.0,11.2,8.45
NICBF,8/10/2026,9.57,9.57,9.3,9.3,-2.82,200.0,11.2,8.45
NICBF,8/11/2026,9.3,9.3,9.3,9.3,0.0,300.0,11.2,8.45
NICBF,8/12/2026,9.5,9.5,9.2,9.2,-3.16,600.0,11.2,8.45
NICBF,8/17/2026,9.21,9.21,9.21,9.21,0.0,100.0,11.2,8.45
NICBF,8/19/2026,9.21,9.48,9.21,9.48,2.93,500.0,11.2,8.45
NICBF,8/20/2026,9.67,9.67,9.64,9.64,-0.31,1615.0,11.2,8.45
NICBF,8/21/2026,9.91,9.91,9.3,9.3,-6.16,1840.0,11.2,8.45
NICBF,8/24/2026,9.3,9.3,9.3,9.3,0.0,100.0,11.2,8.45
NICBF,8/25/2026,9.03,9.03,9.03,9.03,0.0,200.0,11.2,8.45
NICBF,8/26/2026,9.3,9.3,9.3,9.3,0.0,200.0,11.2,8.45
NICBF,8/27/2026,9.04,9.04,9.04,9.04,0.0,100.0,11.2,8.45
NICBF,8/31/2026,8.82,8.82,8.82,8.82,0.0,100.0,11.2,8.45
NICBF,9/1/2026,8.82,8.9,8.64,8.89,0.79,22200.0,11.2,8.45
NICBF,9/2/2026,8.69,8.69,8.69,8.69,0.0,100.0,11.2,8.45
NICBF,9/3/2026,8.95,8.95,8.72,8.72,-2.57,20000.0,11.2,8.45
NICBF,9/9/2026,8.65,8.72,8.62,8.66,0.12,13700.0,11.2,8.45
NICBF,9/10/2026,8.7,8.7,8.63,8.63,-0.8,200.0,11.2,8.45
NICBF,9/11/2026,8.47,8.47,8.47,8.47,0.0,100.0,11.2,8.45
NICBF,9/15/2026,8.6,8.95,8.6,8.95,4.07,10521.0,11.2,8.45
NICBF,9/16/2026,8.9,9.16,8.9,8.91,0.11,600.0,11.2,8.45
NICBF,9/17/2026,8.91,9.16,8.91,9.16,2.81,1550.0,11.2,8.45
NICBF,9/22/2026,8.9,9.0,8.9,8.9,0.0,1050.0,11.2,8.45
NICBF,9/23/2026,8.8,8.8,8.8,8.8,0.0,100.0,11.2,8.45
NICBF,9/28/2026,9.04,9.04,9.04,9.04,0.0,500.0,11.2,8.45
NICBF,9/29/2026,9.04,9.04,9.04,0.0,-100.0,100.0,11.2,8.45
NICBF,9/30/2026,8.8,9.0,8.8,9.0,2.27,31000.0,11.2,8.45
NICBF,10/2/2026,9.0,9.0,9.0,9.0,0.0,1000.0,11.2,8.45
NICD83/84,12/23/2025,1133.0,1133.0,1133.0,1133.0,,200.0,1149.0,1001.4
NICD83/84,1/1/2026,1120.0,1120.0,1115.0,1100.0,-2.91,105.0,1149.0,1001.4
NICD83/84,1/4/2026,1100.0,1120.0,1100.0,1120.0,1.82,225.0,1149.0,1001.4
NICD83/84,1/18/2026,1097.6,1119.5,1097.6,1119.5,-0.04,845.0,1149.0,1001.4
NICD83/84,2/26/2026,1119.5,1120.0,1119.5,1120.0,0.04,265.0,1149.0,1001.4
NICD83/84,2/27/2026,1119.5,1120.0,1119.5,1120.0,0.0,265.0,1149.0,1001.4
NICD83/84,2/28/2026,1119.5,1120.0,1119.5,1120.0,0.0,265.0,1149.0,1001.4
NICD83/84,3/1/2026,1119.5,1120.0,1119.5,1120.0,0.0,265.0,1149.0,1001.4
NICD83/84,3/23/2026,1138.0,1138.0,1138.0,1138.0,1.61,17.0,1149.0,1001.4
NICD83/84,5/14/2026,1105.0,1105.0,1105.0,1105.0,0.0,20.0,1149.0,1001.4
NICD83/84,6/8/2026,1075.0,1075.0,1075.0,1075.0,0.0,25.0,1149.0,1001.4
NICD83/84,6/17/2026,1042.8,1042.8,1042.8,1042.8,0.0,12.0,1149.0,1001.4
NICD83/84,6/18/2026,1050.0,1050.0,1050.0,1050.0,0.0,25.0,1149.0,1001.4
NICD83/84,7/2/2026,1043.0,1043.0,1036.0,1036.0,-0.67,50.0,1149.0,1001.4
NICD83/84,7/3/2026,1045.0,1045.0,1045.0,1045.0,0.0,100.0,1149.0,1001.4
NICD83/84,7/8/2026,1045.0,1045.0,1044.0,1045.0,0.0,1870.0,1149.0,1001.4
NICD83/84,7/9/2026,1045.0,1097.2,1045.0,1075.0,2.87,115.0,1149.0,1001.4
NICD83/84,7/13/2026,1045.0,1050.0,1041.0,1050.0,0.48,8480.0,1149.0,1001.4
NICD83/84,7/15/2026,1057.0,1057.0,1052.0,1052.0,-0.47,208100.0,1149.0,1001.4
NICD83/84,7/16/2026,1079.9,1079.9,1079.9,1079.9,0.0,10.0,1149.0,1001.4
NICD83/84,7/23/2026,1048.0,1048.0,1048.0,1048.0,0.0,20.0,1149.0,1001.4
NICD83/84,7/27/2026,1035.0,1035.0,1028.1,1029.1,-0.57,99.0,1149.0,1001.4
NICD83/84,7/28/2026,1025.9,1026.0,1025.9,1026.0,0.01,600.0,1149.0,1001.4
NICD83/84,7/29/2026,1027.1,1027.1,1027.0,1027.0,-0.01,300.0,1149.0,1001.4
NICD83/84,8/5/2026,1029.0,1037.0,1029.0,1037.0,0.78,900.0,1149.0,1001.4
NICD83/84,8/14/2026,1015.0,1015.0,1005.0,1005.3,-0.96,950.0,1149.0,1001.4
NICD83/84,8/17/2026,1011.0,1011.0,1011.0,1011.0,0.0,125.0,1149.0,1001.4
NICD83/84,8/19/2026,1003.0,1003.0,1001.4,1002.8,-0.02,2345.0,1149.0,1001.4
NICD83/84,8/24/2026,1006.0,1010.0,1006.0,1010.0,0.4,300.0,1149.0,1001.4
NICD88,12/22/2025,1093.1,1093.1,1093.1,1137.1,,5.0,1153.0,1043.0
NICD88,12/23/2025,1147.0,1147.0,1147.0,1147.0,0.87,20.0,1153.0,1043.0
NICD88,12/29/2025,1153.0,1153.0,1130.0,1130.0,-1.48,360.0,1153.0,1043.0
NICD88,1/5/2026,1140.1,1140.1,1140.1,1140.1,0.89,100.0,1153.0,1043.0
NICD88,1/12/2026,1130.0,1130.0,1130.0,1130.0,-0.89,90.0,1153.0,1043.0
NICD88,1/13/2026,1140.0,1150.0,1140.0,1150.0,1.77,175.0,1153.0,1043.0
NICD88,1/14/2026,1130.0,1130.0,1130.0,1130.0,-1.74,25.0,1153.0,1043.0
NICD88,1/18/2026,1108.0,1108.0,1090.0,1090.0,-3.54,50.0,1153.0,1043.0
NICD88,1/20/2026,1090.0,1090.0,1090.0,1090.0,0.0,5.0,1153.0,1043.0
NICD88,1/21/2026,1069.0,1069.0,1069.0,1069.0,-1.93,25.0,1153.0,1043.0
NICD88,1/25/2026,1080.0,1080.0,1080.0,1080.0,1.03,25.0,1153.0,1043.0
NICD88,1/26/2026,1076.0,1076.0,1076.0,1076.0,-0.37,95.0,1153.0,1043.0
NICD88,1/27/2026,1081.1,1081.1,1081.1,1081.1,0.47,25.0,1153.0,1043.0
NICD88,2/4/2026,1081.0,1081.0,1081.0,1081.0,-0.01,25.0,1153.0,1043.0
NICD88,2/8/2026,1081.0,1120.0,1081.0,1120.0,3.61,430.0,1153.0,1043.0
NICD88,2/11/2026,1099.0,1099.0,1099.0,1099.0,-1.88,25.0,1153.0,1043.0
NICD88,3/3/2026,1078.4,1078.4,1078.4,1078.4,-1.87,25.0,1153.0,1043.0
NICD88,3/4/2026,1078.4,1078.4,1078.4,1078.4,0.0,25.0,1153.0,1043.0
NICD88,3/5/2026,1078.4,1078.4,1078.4,1078.4,0.0,25.0,1153.0,1043.0
NICD88,3/6/2026,1078.4,1078.4,1078.4,1078.4,0.0,25.0,1153.0,1043.0
NICD88,3/7/2026,1078.4,1078.4,1078.4,1078.4,0.0,25.0,1153.0,1043.0
NICD88,3/8/2026,1078.4,1078.4,1078.4,1078.4,0.0,25.0,1153.0,1043.0
NICD88,3/10/2026,1070.0,1090.0,1070.0,1090.0,1.08,75.0,1153.0,1043.0
NICD88,3/11/2026,1090.0,1090.0,1090.0,1090.0,0.0,25.0,1153.0,1043.0
NICD88,3/16/2026,1081.2,1081.2,1081.2,1081.2,-0.81,25.0,1153.0,1043.0
NICD88,3/17/2026,1087.0,1087.2,1087.0,1087.2,0.55,50.0,1153.0,1043.0
NICD88,3/18/2026,1087.0,1087.2,1087.0,1087.2,0.0,50.0,1153.0,1043.0
NICD88,3/22/2026,1087.2,1127.0,1087.2,1127.0,3.66,120.0,1153.0,1043.0
NICD88,3/23/2026,1105.0,1105.0,1105.0,1105.0,-1.95,25.0,1153.0,1043.0
NICD88,3/30/2026,1105.0,1105.0,1082.9,1082.9,-2.0,25.0,1153.0,1043.0
NICD88,4/16/2026,1083.0,1083.0,1083.0,1083.0,0.0,25.0,1153.0,1043.0
NICD88,4/17/2026,1082.3,1082.3,1082.3,1082.3,0.0,25.0,1153.0,1043.0
NICD88,4/20/2026,1071.4,1071.4,1068.0,1068.0,-0.32,50.0,1153.0,1043.0
NICD88,4/29/2026,1068.0,1069.0,1069.0,1069.0,0.09,25.0,1153.0,1043.0
NICD88,5/6/2026,1075.0,1075.0,1075.0,1075.0,0.0,50.0,1153.0,1043.0
NICD88,5/13/2026,1073.0,1073.0,1073.0,1073.0,0.0,25.0,1153.0,1043.0
NICD88,5/14/2026,1073.0,1073.0,1073.0,1073.0,0.0,25.0,1153.0,1043.0
NICD88,5/22/2026,1075.0,1078.0,1075.0,1078.0,0.28,55.0,1153.0,1043.0
NICD88,5/25/2026,1110.0,1110.0,1110.0,1110.0,0.0,25.0,1153.0,1043.0
NICD88,6/1/2026,1078.1,1078.1,1078.0,1078.0,-0.01,25.0,1153.0,1043.0
NICD88,6/4/2026,1110.3,1140.5,1110.3,1140.5,2.72,1020.0,1153.0,1043.0
NICD88,6/26/2026,1106.3,1106.3,1078.8,1085.1,-1.92,60.0,1153.0,1043.0
NICD88,6/30/2026,1085.0,1085.0,1079.0,1079.0,-0.55,155.0,1153.0,1043.0
NICD88,7/2/2026,1077.1,1077.1,1077.1,1077.1,0.0,25.0,1153.0,1043.0
NICD88,7/3/2026,1100.0,1100.0,1100.0,1100.0,0.0,30.0,1153.0,1043.0
NICD88,7/7/2026,1077.3,1077.3,1077.2,1077.0,-0.03,50.0,1153.0,1043.0
NICD88,7/14/2026,1109.0,1140.0,1100.0,1100.0,-0.81,153199.0,1153.0,1043.0
NICD88,7/15/2026,1133.0,1133.0,1133.0,1133.0,0.0,20010.0,1153.0,1043.0
NICD88,7/16/2026,1125.0,1125.0,1125.0,1125.0,0.0,54.0,1153.0,1043.0
NICD88,7/17/2026,1095.0,1095.0,1092.1,1092.1,-0.26,900.0,1153.0,1043.0
NICD88,7/21/2026,1085.0,1095.0,1085.0,1095.0,0.92,110.0,1153.0,1043.0
NICD88,7/22/2026,1115.0,1115.0,1115.0,1115.0,0.0,25.0,1153.0,1043.0
NICD88,7/23/2026,1100.0,1100.0,1100.0,1100.0,0.0,25.0,1153.0,1043.0
NICD88,7/29/2026,1100.0,1100.0,1100.0,1100.0,0.0,50.0,1153.0,1043.0
NICD88,7/31/2026,1100.0,1100.0,1100.0,1100.0,0.0,25.0,1153.0,1043.0
NICD88,8/3/2026,1085.0,1100.0,1085.0,1100.0,1.38,75.0,1153.0,1043.0
NICD88,8/6/2026,1100.0,1100.0,1100.0,1100.0,0.0,50.0,1153.0,1043.0
NICD88,8/17/2026,1100.0,1100.0,1100.0,1100.0,0.0,75.0,1153.0,1043.0
NICD88,8/31/2026,1067.0,1067.0,1067.0,1067.0,0.0,25.0,1153.0,1043.0
NICD88,9/3/2026,1099.0,1099.0,1095.0,1095.0,-0.36,50.0,1153.0,1043.0
NICD88,9/7/2026,1085.0,1085.0,1085.0,1085.0,0.0,14.0,1153.0,1043.0
NICD88,9/24/2026,1085.0,1085.0,1085.0,1085.0,0.0,1000.0,1153.0,1043.0
NICD88,10/1/2026,1117.5,1117.5,1117.5,1117.5,0.0,500.0,1153.0,1043.0
NICFC,1/26/2026,9.21,9.21,9.04,9.1,,3000.0,9.89,8.37
NICFC,1/27/2026,9.1,9.14,8.96,9.14,0.44,6287.0,9.89,8.37
NICFC,1/28/2026,9.0,9.2,9.0,9.13,-0.11,3650.0,9.89,8.37
NICFC,1/29/2026,9.01,9.2,9.01,9.15,0.22,3100.0,9.89,8.37
NICFC,2/1/2026,9.01,9.1,9.01,9.1,-0.55,2950.0,9.89,8.37
NICFC,2/2/2026,8.96,9.18,8.96,9.11,0.11,4500.0,9.89,8.37
NICFC,2/3/2026,8.97,9.1,8.97,9.1,-0.11,2000.0,9.89,8.37
NICFC,2/4/2026,9.0,9.2,9.0,9.15,0.55,9400.0,9.89,8.37
NICFC,2/5/2026,9.0,9.28,9.0,9.16,0.11,40800.0,9.89,8.37
NICFC,2/8/2026,9.0,9.48,9.0,9.19,0.33,2700.0,9.89,8.37
NICFC,2/9/2026,9.1,9.17,9.1,9.16,-0.33,2300.0,9.89,8.37
NICFC,2/10/2026,9.1,9.2,9.1,9.15,-0.11,5500.0,9.89,8.37
NICFC,2/11/2026,9.0,9.17,9.0,9.16,0.11,4200.0,9.89,8.37
NICFC,2/12/2026,9.0,9.28,9.0,9.16,0.0,3600.0,9.89,8.37
NICFC,2/16/2026,9.0,9.2,9.0,9.2,0.44,3110.0,9.89,8.37
NICFC,2/17/2026,9.16,9.2,9.16,9.2,0.0,3300.0,9.89,8.37
NICFC,2/22/2026,9.17,9.2,9.16,9.16,-0.43,45250.0,9.89,8.37
NICFC,2/23/2026,9.03,9.2,9.03,9.16,0.0,13350.0,9.89,8.37
NICFC,2/24/2026,9.02,9.2,9.02,9.2,0.44,1300.0,9.89,8.37
NICFC,2/25/2026,9.3,9.38,9.13,9.2,0.0,8300.0,9.89,8.37
NICFC,2/26/2026,9.3,9.48,9.12,9.46,2.83,36907.0,9.89,8.37
NICFC,2/27/2026,9.3,9.48,9.12,9.46,0.0,36907.0,9.89,8.37
NICFC,2/28/2026,9.3,9.48,9.12,9.46,0.0,36907.0,9.89,8.37
NICFC,3/2/2026,9.28,9.44,9.1,9.44,-0.21,1000.0,9.89,8.37
NICFC,3/3/2026,9.26,9.62,9.26,9.62,1.91,27023.0,9.89,8.37
NICFC,3/4/2026,9.26,9.62,9.26,9.62,0.0,27023.0,9.89,8.37
NICFC,3/5/2026,9.26,9.62,9.26,9.62,0.0,27023.0,9.89,8.37
NICFC,3/6/2026,9.26,9.62,9.26,9.62,0.0,27023.0,9.89,8.37
NICFC,3/7/2026,9.26,9.62,9.26,9.62,0.0,27023.0,9.89,8.37
NICFC,3/8/2026,9.26,9.62,9.26,9.62,0.0,27023.0,9.89,8.37
NICFC,3/9/2026,9.81,9.81,9.81,9.81,1.98,200.0,9.89,8.37
NICFC,3/10/2026,9.8,9.8,9.35,9.35,-4.69,3600.0,9.89,8.37
NICFC,3/11/2026,9.19,9.44,9.19,9.42,0.75,3400.0,9.89,8.37
NICFC,3/12/2026,9.6,9.6,9.24,9.5,0.85,5700.0,9.89,8.37
NICFC,3/13/2026,9.6,9.6,9.24,9.5,0.0,5700.0,9.89,8.37
NICFC,3/14/2026,9.6,9.6,9.24,9.5,0.0,5700.0,9.89,8.37
NICFC,3/15/2026,9.69,9.69,9.3,9.5,0.0,46860.0,9.89,8.37
NICFC,3/16/2026,9.32,9.51,9.32,9.51,0.11,5100.0,9.89,8.37
NICFC,3/17/2026,9.35,9.5,9.35,9.4,-1.16,2400.0,9.89,8.37
NICFC,3/18/2026,9.35,9.5,9.35,9.4,0.0,2400.0,9.89,8.37
NICFC,3/19/2026,9.35,9.69,9.35,9.43,0.32,10747.0,9.89,8.37
NICFC,3/20/2026,9.35,9.69,9.35,9.43,0.0,10747.0,9.89,8.37
NICFC,3/21/2026,9.35,9.69,9.35,9.43,0.0,10747.0,9.89,8.37
NICFC,3/22/2026,9.31,9.7,9.31,9.63,2.12,23970.0,9.89,8.37
NICFC,3/23/2026,9.46,9.7,9.46,9.63,0.0,4400.0,9.89,8.37
NICFC,3/24/2026,9.48,9.69,9.48,9.69,0.62,2340.0,9.89,8.37
NICFC,3/25/2026,9.53,9.7,9.53,9.7,0.1,4590.0,9.89,8.37
NICFC,3/26/2026,9.54,9.89,9.54,9.8,2.73,13850.0,9.89,8.37
NICFC,3/29/2026,9.61,9.79,9.61,9.66,0.52,19430.0,9.89,8.37
NICFC,3/30/2026,9.47,9.66,9.47,9.52,0.53,3000.0,9.89,8.37
NICFC,3/31/2026,9.5,9.6,9.5,9.6,1.05,8905.0,9.89,8.37
NICFC,4/1/2026,9.51,9.55,9.36,9.36,-1.58,11500.0,9.89,8.37
NICFC,4/2/2026,9.27,9.3,9.27,9.3,0.32,1700.0,9.89,8.37
NICFC,4/5/2026,9.15,9.47,9.15,9.33,1.97,18819.0,9.89,8.37
NICFC,4/6/2026,9.15,9.33,9.0,9.31,1.75,5981.0,9.89,8.37
NICFC,4/7/2026,9.31,9.31,9.23,9.3,-0.11,7450.0,9.89,8.37
NICFC,4/8/2026,9.17,9.48,9.17,9.39,2.4,3550.0,9.89,8.37
NICFC,4/9/2026,9.21,9.5,9.21,9.5,3.15,8100.0,9.89,8.37
NICFC,4/10/2026,9.41,9.78,9.41,9.45,0.43,10693.0,9.89,8.37
NICFC,4/13/2026,9.45,9.5,9.45,9.5,0.53,54826.0,9.89,8.37
NICFC,4/15/2026,9.34,9.52,9.34,9.52,1.93,8720.0,9.89,8.37
NICFC,4/16/2026,9.36,9.52,9.35,9.36,0.0,2700.0,9.89,8.37
NICFC,4/17/2026,9.33,9.51,9.33,9.45,1.29,3700.0,9.89,8.37
NICFC,4/20/2026,9.33,9.5,9.33,9.4,0.75,6750.0,9.89,8.37
NICFC,4/21/2026,9.33,9.5,9.33,9.39,0.64,9700.0,9.89,8.37
NICFC,4/22/2026,9.33,9.34,9.33,9.34,0.11,1900.0,9.89,8.37
NICFC,4/23/2026,9.33,9.5,9.33,9.5,1.82,5900.0,9.89,8.37
NICFC,4/24/2026,9.5,9.29,9.02,9.2,-3.16,1100.0,9.89,8.37
NICFC,4/27/2026,9.2,9.32,9.0,9.26,0.65,2000.0,9.89,8.37
NICFC,4/28/2026,9.26,9.27,9.1,9.27,0.11,2200.0,9.89,8.37
NICFC,4/29/2026,9.27,9.27,9.0,9.27,0.0,1700.0,9.89,8.37
NICFC,4/30/2026,9.0,9.25,9.0,9.18,2.0,7550.0,9.89,8.37
NICFC,5/4/2026,8.97,9.43,8.97,9.15,2.01,9200.0,9.89,8.37
NICFC,5/5/2026,9.1,9.44,8.97,9.25,1.65,1600.0,9.89,8.37
NICFC,5/6/2026,9.11,9.52,9.11,9.4,3.18,1450.0,9.89,8.37
NICFC,5/7/2026,9.13,9.67,9.12,9.27,1.53,5895.0,9.89,8.37
NICFC,5/8/2026,9.2,9.5,9.2,9.4,2.17,1400.0,9.89,8.37
NICFC,5/11/2026,9.21,9.57,9.21,9.57,3.91,5250.0,9.89,8.37
NICFC,5/12/2026,9.3,9.57,9.3,9.4,1.08,1910.0,9.89,8.37
NICFC,5/13/2026,9.21,9.38,9.04,9.38,1.85,2000.0,9.89,8.37
NICFC,5/14/2026,9.17,9.52,9.17,9.34,1.85,12400.0,9.89,8.37
NICFC,5/15/2026,9.6,9.6,9.23,9.32,-2.92,700.0,9.89,8.37
NICFC,5/18/2026,9.15,9.4,9.15,9.4,2.73,3700.0,9.89,8.37
NICFC,5/19/2026,9.18,9.26,9.18,9.26,0.87,1335.0,9.89,8.37
NICFC,5/20/2026,9.15,9.53,9.15,9.35,2.19,6800.0,9.89,8.37
NICFC,5/21/2026,9.27,9.54,9.27,9.4,1.4,4450.0,9.89,8.37
NICFC,5/22/2026,9.15,9.57,9.15,9.4,2.73,18150.0,9.89,8.37
NICFC,5/25/2026,9.17,9.53,9.17,9.5,3.6,2250.0,9.89,8.37
NICFC,5/26/2026,9.27,9.55,9.27,9.55,3.02,4000.0,9.89,8.37
NICFC,5/27/2026,9.35,9.59,9.32,9.59,2.57,12400.0,9.89,8.37
NICFC,6/1/2026,9.35,9.4,9.34,9.34,-0.11,1600.0,9.89,8.37
NICFC,6/2/2026,9.2,9.5,9.2,9.3,1.09,2250.0,9.89,8.37
NICFC,6/3/2026,9.22,9.5,9.2,9.5,3.04,6550.0,9.89,8.37
NICFC,6/4/2026,9.5,9.5,9.5,9.5,0.0,3900.0,9.89,8.37
NICFC,6/5/2026,9.5,9.54,9.2,9.54,0.42,3450.0,9.89,8.37
NICFC,6/8/2026,9.26,9.5,9.26,9.3,0.43,600.0,9.89,8.37
NICFC,6/9/2026,9.57,9.57,9.3,9.5,-0.73,3900.0,9.89,8.37
NICFC,6/10/2026,9.22,9.6,9.22,9.35,1.41,3650.0,9.89,8.37
NICFC,6/11/2026,9.35,9.51,9.23,9.25,-1.07,3300.0,9.89,8.37
NICFC,6/12/2026,9.25,9.34,9.25,9.26,0.11,2400.0,9.89,8.37
NICFC,6/15/2026,9.0,9.44,9.0,9.4,4.44,3205.0,9.89,8.37
NICFC,6/16/2026,9.4,9.45,9.39,9.39,-0.11,15930.0,9.89,8.37
NICFC,6/17/2026,9.39,9.45,9.39,9.45,0.64,6870.0,9.89,8.37
NICFC,6/18/2026,9.39,9.67,9.39,9.39,0.0,2100.0,9.89,8.37
NICFC,6/19/2026,9.39,9.4,9.2,9.32,-0.75,14450.0,9.89,8.37
NICFC,6/22/2026,9.21,9.4,9.2,9.33,1.3,2750.0,9.89,8.37
NICFC,6/23/2026,9.3,9.33,9.22,9.23,-0.75,2600.0,9.89,8.37
NICFC,6/24/2026,8.97,9.34,8.97,9.27,3.34,1900.0,9.89,8.37
NICFC,6/26/2026,9.14,9.26,9.14,9.26,1.31,600.0,9.89,8.37
NICFC,6/29/2026,9.1,9.1,9.04,9.07,-0.33,3750.0,9.89,8.37
NICFC,6/30/2026,9.02,9.28,9.01,9.1,0.89,2950.0,9.89,8.37
NICFC,7/1/2026,8.99,9.35,8.99,9.35,4.0,3100.0,9.89,8.37
NICFC,7/2/2026,9.3,9.45,9.3,9.45,1.61,4600.0,9.89,8.37
NICFC,7/3/2026,9.17,9.4,9.17,9.4,2.51,1430.0,9.89,8.37
NICFC,7/6/2026,9.4,9.4,9.12,9.39,-0.11,32500.0,9.89,8.37
NICFC,7/7/2026,9.17,9.35,9.17,9.35,1.96,14000.0,9.89,8.37
NICFC,7/8/2026,9.24,9.36,9.24,9.36,1.3,5500.0,9.89,8.37
NICFC,7/9/2026,9.26,9.38,9.26,9.37,1.19,12800.0,9.89,8.37
NICFC,7/10/2026,9.14,9.6,9.14,9.6,5.03,2750.0,9.89,8.37
NICFC,7/13/2026,9.32,9.32,9.15,9.16,-1.72,1800.0,9.89,8.37
NICFC,7/14/2026,9.17,9.18,9.17,9.17,0.0,2600.0,9.89,8.37
NICFC,7/15/2026,9.17,9.49,9.17,9.49,3.49,17270.0,9.89,8.37
NICFC,7/16/2026,9.5,9.5,9.0,9.06,-4.63,2340.0,9.89,8.37
NICFC,7/17/2026,8.8,9.35,8.8,9.1,3.41,900.0,9.89,8.37
NICFC,7/20/2026,9.1,9.37,8.93,9.3,2.2,1500.0,9.89,8.37
NICFC,7/21/2026,9.5,9.5,9.03,9.03,-4.95,68780.0,9.89,8.37
NICFC,7/22/2026,9.0,9.27,9.0,9.27,3.0,1600.0,9.89,8.37
NICFC,7/23/2026,9.02,9.1,9.02,9.1,0.89,900.0,9.89,8.37
NICFC,7/24/2026,9.1,9.45,9.1,9.2,1.1,10500.0,9.89,8.37
NICFC,7/27/2026,9.01,9.46,9.0,9.46,4.99,23850.0,9.89,8.37
NICFC,7/28/2026,9.2,9.22,9.11,9.22,0.22,1700.0,9.89,8.37
NICFC,7/29/2026,9.2,9.2,9.1,9.12,-0.87,4172.0,9.89,8.37
NICFC,7/30/2026,9.05,9.28,9.03,9.28,2.54,3100.0,9.89,8.37
NICFC,7/31/2026,9.3,9.3,9.03,9.1,-2.15,1850.0,9.89,8.37
NICFC,8/3/2026,9.02,9.34,9.01,9.34,3.55,11200.0,9.89,8.37
NICFC,8/4/2026,9.1,9.15,9.1,9.12,0.22,800.0,9.89,8.37
NICFC,8/5/2026,9.1,9.2,9.1,9.12,0.22,1599.0,9.89,8.37
NICFC,8/6/2026,9.1,9.14,9.1,9.13,0.33,2100.0,9.89,8.37
NICFC,8/7/2026,9.1,9.37,9.1,9.37,2.97,4800.0,9.89,8.37
NICFC,8/10/2026,9.1,9.2,9.1,9.2,1.1,6830.0,9.89,8.37
NICFC,8/11/2026,9.1,9.2,9.1,9.2,1.1,900.0,9.89,8.37
NICFC,8/12/2026,9.2,9.47,9.2,9.3,1.09,4529.0,9.89,8.37
NICFC,8/13/2026,9.1,9.2,9.05,9.07,-0.33,3500.0,9.89,8.37
NICFC,8/14/2026,9.0,9.1,9.0,9.1,1.11,1300.0,9.89,8.37
NICFC,8/17/2026,9.1,9.1,9.05,9.1,0.0,2100.0,9.89,8.37
NICFC,8/18/2026,9.05,9.07,9.05,9.07,0.22,900.0,9.89,8.37
NICFC,8/19/2026,8.83,9.0,8.83,9.0,1.93,1201.0,9.89,8.37
NICFC,8/20/2026,8.75,9.25,8.75,9.25,5.71,4801.0,9.89,8.37
NICFC,8/21/2026,9.25,9.25,8.98,8.99,-2.81,1669.0,9.89,8.37
NICFC,8/24/2026,9.0,9.2,8.74,9.2,2.22,4273.0,9.89,8.37
NICFC,8/25/2026,8.93,8.93,8.7,8.9,-0.34,3398.0,9.89,8.37
NICFC,8/26/2026,8.64,9.0,8.64,8.92,3.24,1000.0,9.89,8.37
NICFC,8/27/2026,8.8,8.92,8.8,8.88,0.91,300.0,9.89,8.37
NICFC,8/31/2026,8.88,8.88,8.7,8.78,-1.13,1100.0,9.89,8.37
NICFC,9/1/2026,8.71,8.81,8.71,8.81,1.15,1000.0,9.89,8.37
NICFC,9/2/2026,8.7,8.9,8.66,8.75,0.57,1700.0,9.89,8.37
NICFC,9/3/2026,8.7,8.73,8.7,8.72,0.23,2500.0,9.89,8.37
NICFC,9/7/2026,8.72,9.0,8.72,8.77,0.57,1350.0,9.89,8.37
NICFC,9/9/2026,8.77,9.03,8.54,9.03,2.96,14697.0,9.89,8.37
NICFC,9/10/2026,8.77,8.9,8.77,8.79,0.23,800.0,9.89,8.37
NICFC,9/11/2026,8.7,8.7,8.7,8.7,0.0,200.0,9.89,8.37
NICFC,9/14/2026,8.45,8.6,8.45,8.6,1.78,1100.0,9.89,8.37
NICFC,9/15/2026,8.65,8.8,8.65,8.71,0.69,1600.0,9.89,8.37
NICFC,9/16/2026,8.7,8.96,8.7,8.96,2.99,5905.0,9.89,8.37
NICFC,9/17/2026,8.7,9.0,8.44,8.8,1.15,1400.0,9.89,8.37
NICFC,9/18/2026,8.75,8.9,8.75,8.9,1.71,1500.0,9.89,8.37
NICFC,9/22/2026,8.92,9.01,8.92,8.93,0.11,9955.0,9.89,8.37
NICFC,9/23/2026,8.71,8.91,8.71,8.91,2.3,700.0,9.89,8.37
NICFC,9/24/2026,8.91,8.93,8.7,8.87,-0.45,3400.0,9.89,8.37
NICFC,9/28/2026,8.91,8.92,8.91,8.92,0.11,15000.0,9.89,8.37
NICFC,9/29/2026,8.92,8.95,8.92,0.0,-100.0,1200.0,9.89,8.37
NICFC,9/30/2026,8.92,8.93,8.92,8.93,0.11,1500.0,9.89,8.37
NICFC,10/1/2026,8.92,8.98,8.92,8.98,0.67,5550.0,9.89,8.37
NICFC,10/2/2026,8.72,8.91,8.72,8.91,2.18,1600.0,9.89,8.37
NICGF2,1/26/2026,9.15,9.34,9.13,9.33,,84473.0,10.13,8.14
NICGF2,1/27/2026,9.15,9.18,9.15,9.18,-1.61,9300.0,10.13,8.14
NICGF2,1/28/2026,9.06,9.2,9.06,9.17,-0.11,2450.0,10.13,8.14
NICGF2,1/29/2026,9.15,9.38,9.15,9.27,1.09,40700.0,10.13,8.14
NICGF2,2/1/2026,9.13,9.43,9.13,9.43,1.73,40300.0,10.13,8.14
NICGF2,2/2/2026,9.25,9.26,9.25,9.26,-1.8,1200.0,10.13,8.14
NICGF2,2/3/2026,9.16,9.46,9.16,9.3,0.43,49320.0,10.13,8.14
NICGF2,2/4/2026,9.13,9.48,9.13,9.48,1.94,35750.0,10.13,8.14
NICGF2,2/5/2026,9.3,9.3,9.12,9.3,-1.9,3500.0,10.13,8.14
NICGF2,2/8/2026,9.3,9.48,9.16,9.35,0.54,9450.0,10.13,8.14
NICGF2,2/9/2026,9.22,9.35,9.22,9.27,-0.86,2700.0,10.13,8.14
NICGF2,2/10/2026,9.25,9.45,9.11,9.45,1.94,40610.0,10.13,8.14
NICGF2,2/11/2026,9.27,9.31,9.1,9.1,-3.7,130600.0,10.13,8.14
NICGF2,2/12/2026,8.97,9.32,8.97,9.19,0.99,3180.0,10.13,8.14
NICGF2,2/16/2026,9.18,9.3,9.05,9.16,-0.33,2900.0,10.13,8.14
NICGF2,2/17/2026,9.11,9.47,9.11,9.47,3.38,67994.0,10.13,8.14
NICGF2,2/22/2026,9.29,9.47,9.29,9.4,-0.74,27300.0,10.13,8.14
NICGF2,2/23/2026,9.22,9.25,9.04,9.25,-1.6,1300.0,10.13,8.14
NICGF2,2/24/2026,9.08,9.26,9.08,9.26,0.11,1750.0,10.13,8.14
NICGF2,2/25/2026,9.44,9.44,9.26,9.4,1.51,500.0,10.13,8.14
NICGF2,2/26/2026,9.22,9.22,9.22,9.22,-1.91,2800.0,10.13,8.14
NICGF2,2/27/2026,9.22,9.22,9.22,9.22,0.0,2800.0,10.13,8.14
NICGF2,2/28/2026,9.22,9.22,9.22,9.22,0.0,2800.0,10.13,8.14
NICGF2,3/2/2026,9.4,9.4,9.22,9.4,1.95,3540.0,10.13,8.14
NICGF2,3/3/2026,9.58,9.58,9.22,9.27,-1.38,5530.0,10.13,8.14
NICGF2,3/4/2026,9.58,9.58,9.22,9.27,0.0,5530.0,10.13,8.14
NICGF2,3/5/2026,9.58,9.58,9.22,9.27,0.0,5530.0,10.13,8.14
NICGF2,3/6/2026,9.58,9.58,9.22,9.27,0.0,5530.0,10.13,8.14
NICGF2,3/7/2026,9.58,9.58,9.22,9.27,0.0,5530.0,10.13,8.14
NICGF2,3/8/2026,9.58,9.58,9.22,9.27,0.0,5530.0,10.13,8.14
NICGF2,3/10/2026,9.27,9.3,9.2,9.3,0.32,3750.0,10.13,8.14
NICGF2,3/11/2026,9.22,9.51,9.22,9.39,0.97,16900.0,10.13,8.14
NICGF2,3/12/2026,9.25,9.44,9.25,9.44,0.53,4310.0,10.13,8.14
NICGF2,3/13/2026,9.25,9.44,9.25,9.44,0.0,4310.0,10.13,8.14
NICGF2,3/14/2026,9.25,9.44,9.25,9.44,0.0,4310.0,10.13,8.14
NICGF2,3/15/2026,9.31,9.53,9.31,9.5,0.64,35500.0,10.13,8.14
NICGF2,3/16/2026,9.4,9.7,9.4,9.7,2.11,23850.0,10.13,8.14
NICGF2,3/17/2026,9.51,9.51,9.24,9.24,-4.74,550.0,10.13,8.14
NICGF2,3/18/2026,9.51,9.51,9.24,9.24,0.0,550.0,10.13,8.14
NICGF2,3/19/2026,9.26,9.63,9.26,9.63,4.22,54700.0,10.13,8.14
NICGF2,3/20/2026,9.26,9.63,9.26,9.63,0.0,54700.0,10.13,8.14
NICGF2,3/21/2026,9.26,9.63,9.26,9.63,0.0,54700.0,10.13,8.14
NICGF2,3/22/2026,9.5,9.82,9.5,9.64,0.1,43850.0,10.13,8.14
NICGF2,3/23/2026,9.48,9.71,9.48,9.71,0.73,2975.0,10.13,8.14
NICGF2,3/24/2026,9.53,9.66,9.53,9.66,-0.51,3400.0,10.13,8.14
NICGF2,3/25/2026,9.51,9.8,9.51,9.8,1.45,166673.0,10.13,8.14
NICGF2,3/26/2026,9.61,9.99,9.5,9.8,1.98,86500.0,10.13,8.14
NICGF2,3/29/2026,9.75,9.78,9.75,9.78,0.31,1850.0,10.13,8.14
NICGF2,3/30/2026,9.6,9.8,9.6,9.8,2.08,21200.0,10.13,8.14
NICGF2,3/31/2026,9.61,9.71,9.42,9.71,1.04,10240.0,10.13,8.14
NICGF2,4/1/2026,9.52,9.56,9.52,9.56,0.42,2900.0,10.13,8.14
NICGF2,4/2/2026,9.37,9.4,9.21,9.35,-0.21,4100.0,10.13,8.14
NICGF2,4/5/2026,9.17,9.21,9.17,9.18,0.11,11580.0,10.13,8.14
NICGF2,4/6/2026,9.01,9.54,9.01,9.54,5.88,3700.0,10.13,8.14
NICGF2,4/7/2026,9.4,9.58,9.35,9.43,0.32,1790.0,10.13,8.14
NICGF2,4/8/2026,9.26,9.53,9.26,9.53,2.92,7300.0,10.13,8.14
NICGF2,4/9/2026,9.36,9.54,9.36,9.47,1.18,2750.0,10.13,8.14
NICGF2,4/10/2026,9.31,9.5,9.31,9.48,1.83,5001.0,10.13,8.14
NICGF2,4/13/2026,9.3,9.61,9.3,9.61,3.33,3201.0,10.13,8.14
NICGF2,4/15/2026,9.42,9.69,9.25,9.69,2.87,14650.0,10.13,8.14
NICGF2,4/16/2026,9.5,10.03,9.5,9.95,4.74,73472.0,10.13,8.14
NICGF2,4/17/2026,9.9,9.94,9.9,9.94,0.4,1000.0,10.13,8.14
NICGF2,4/20/2026,9.65,9.65,9.38,9.44,-2.18,1500.0,10.13,8.14
NICGF2,4/21/2026,9.19,9.33,9.19,9.33,1.52,2700.0,10.13,8.14
NICGF2,4/22/2026,9.07,9.22,9.07,9.22,1.65,1800.0,10.13,8.14
NICGF2,4/23/2026,9.07,9.4,9.07,9.4,3.64,1200.0,10.13,8.14
NICGF2,4/24/2026,9.4,9.22,9.2,9.22,-1.91,1200.0,10.13,8.14
NICGF2,4/27/2026,9.22,9.36,9.0,9.36,1.52,2200.0,10.13,8.14
NICGF2,4/28/2026,9.36,9.64,9.08,9.5,1.5,5821.0,10.13,8.14
NICGF2,4/29/2026,9.5,9.78,9.06,9.78,2.95,23669.0,10.13,8.14
NICGF2,4/30/2026,9.49,9.49,9.3,9.31,-1.9,400.0,10.13,8.14
NICGF2,5/4/2026,9.05,9.57,9.05,9.57,5.75,16175.0,10.13,8.14
NICGF2,5/5/2026,9.29,9.3,9.29,9.3,0.11,400.0,10.13,8.14
NICGF2,5/6/2026,9.3,9.78,9.15,9.78,5.16,2900.0,10.13,8.14
NICGF2,5/7/2026,9.49,9.78,9.26,9.53,0.42,3282.0,10.13,8.14
NICGF2,5/8/2026,9.25,9.81,9.25,9.52,2.92,42758.0,10.13,8.14
NICGF2,5/11/2026,9.5,9.78,9.33,9.4,-1.05,3982.0,10.13,8.14
NICGF2,5/12/2026,9.4,9.4,9.25,9.3,-1.06,1800.0,10.13,8.14
NICGF2,5/13/2026,9.3,9.75,9.3,9.68,4.09,3600.0,10.13,8.14
NICGF2,5/14/2026,9.9,9.9,9.4,9.5,-4.04,3800.0,10.13,8.14
NICGF2,5/15/2026,9.5,9.68,9.25,9.26,-2.53,1000.0,10.13,8.14
NICGF2,5/18/2026,9.28,9.5,9.28,9.4,1.29,12700.0,10.13,8.14
NICGF2,5/19/2026,9.68,9.68,9.4,9.45,-2.38,5300.0,10.13,8.14
NICGF2,5/20/2026,9.4,9.68,9.21,9.45,0.53,17100.0,10.13,8.14
NICGF2,5/21/2026,9.5,9.73,9.21,9.73,2.42,11680.0,10.13,8.14
NICGF2,5/22/2026,9.98,9.98,9.4,9.64,-3.41,1300.0,10.13,8.14
NICGF2,5/25/2026,9.92,9.92,9.4,9.5,-4.23,1700.0,10.13,8.14
NICGF2,5/26/2026,9.28,9.7,9.28,9.69,4.42,1800.0,10.13,8.14
NICGF2,5/27/2026,9.8,9.8,9.28,9.72,-0.82,1600.0,10.13,8.14
NICGF2,6/1/2026,9.43,9.6,9.31,9.58,1.59,4137.0,10.13,8.14
NICGF2,6/2/2026,9.3,9.58,9.3,9.32,0.22,1500.0,10.13,8.14
NICGF2,6/3/2026,9.32,9.5,9.32,9.4,0.86,1100.0,10.13,8.14
NICGF2,6/4/2026,9.13,9.4,8.92,9.37,2.63,1600.0,10.13,8.14
NICGF2,6/5/2026,9.65,9.65,9.34,9.36,-3.01,12100.0,10.13,8.14
NICGF2,6/8/2026,9.6,9.6,9.33,9.6,0.0,3200.0,10.13,8.14
NICGF2,6/9/2026,9.32,9.62,9.16,9.62,3.22,1700.0,10.13,8.14
NICGF2,6/10/2026,9.78,9.78,9.41,9.61,-1.74,12600.0,10.13,8.14
NICGF2,6/11/2026,9.33,9.65,9.33,9.65,3.43,8200.0,10.13,8.14
NICGF2,6/12/2026,10.13,10.13,9.27,9.36,-7.6,1600.0,10.13,8.14
NICGF2,6/15/2026,9.2,9.5,9.2,9.26,0.65,3900.0,10.13,8.14
NICGF2,6/16/2026,9.4,9.4,9.15,9.22,-1.91,3500.0,10.13,8.14
NICGF2,6/17/2026,9.19,9.54,9.19,9.5,3.37,5820.0,10.13,8.14
NICGF2,6/18/2026,9.22,9.5,9.22,9.5,3.04,9508.0,10.13,8.14
NICGF2,6/19/2026,9.55,9.55,9.26,9.55,0.0,15900.0,10.13,8.14
NICGF2,6/22/2026,9.27,9.5,9.27,9.5,2.48,1700.0,10.13,8.14
NICGF2,6/23/2026,9.22,9.69,9.22,9.31,0.98,34299.0,10.13,8.14
NICGF2,6/24/2026,9.12,9.25,9.12,9.25,1.43,2926.0,10.13,8.14
NICGF2,6/26/2026,9.27,9.27,8.92,9.17,-1.08,1800.0,10.13,8.14
NICGF2,6/29/2026,9.15,9.2,9.12,9.2,0.55,14600.0,10.13,8.14
NICGF2,6/30/2026,9.1,9.19,9.1,9.12,0.22,7900.0,10.13,8.14
NICGF2,7/1/2026,9.01,9.42,9.01,9.42,4.55,10500.0,10.13,8.14
NICGF2,7/2/2026,9.2,9.44,9.2,9.3,1.09,13200.0,10.13,8.14
NICGF2,7/3/2026,9.1,9.21,9.1,9.21,1.21,900.0,10.13,8.14
NICGF2,7/6/2026,9.45,9.45,9.13,9.2,-2.65,7700.0,10.13,8.14
NICGF2,7/7/2026,8.99,9.25,8.99,9.15,1.78,1500.0,10.13,8.14
NICGF2,7/8/2026,9.2,9.2,9.2,9.2,0.0,500.0,10.13,8.14
NICGF2,7/9/2026,9.0,9.45,9.0,9.12,1.33,15800.0,10.13,8.14
NICGF2,7/10/2026,9.12,9.22,9.01,9.1,-0.22,6950.0,10.13,8.14
NICGF2,7/13/2026,9.2,9.2,9.12,9.15,-0.54,700.0,10.13,8.14
NICGF2,7/14/2026,9.0,9.38,9.0,9.38,4.22,8200.0,10.13,8.14
NICGF2,7/15/2026,9.1,9.47,9.1,9.43,3.63,605.0,10.13,8.14
NICGF2,7/16/2026,9.9,9.9,9.22,9.49,-4.14,2680.0,10.13,8.14
NICGF2,7/17/2026,9.3,9.5,9.3,9.5,2.15,52027.0,10.13,8.14
NICGF2,7/20/2026,9.22,9.35,9.15,9.35,1.41,2000.0,10.13,8.14
NICGF2,7/21/2026,9.1,9.37,9.1,9.1,0.0,900.0,10.13,8.14
NICGF2,7/22/2026,9.02,9.25,9.02,9.11,1.0,1000.0,10.13,8.14
NICGF2,7/23/2026,9.0,9.28,9.0,9.28,3.11,1200.0,10.13,8.14
NICGF2,7/24/2026,9.28,9.4,9.11,9.38,1.08,12300.0,10.13,8.14
NICGF2,7/27/2026,9.55,9.55,9.27,9.27,-2.93,5100.0,10.13,8.14
NICGF2,7/28/2026,9.05,9.3,9.05,9.3,2.76,1900.0,10.13,8.14
NICGF2,7/29/2026,9.05,9.2,9.05,9.14,0.99,700.0,10.13,8.14
NICGF2,7/30/2026,9.0,9.2,9.0,9.2,2.22,1600.0,10.13,8.14
NICGF2,7/31/2026,9.0,9.04,9.0,9.04,0.44,600.0,10.13,8.14
NICGF2,8/3/2026,9.08,9.25,9.08,9.25,1.87,10900.0,10.13,8.14
NICGF2,8/4/2026,9.02,9.2,9.02,9.12,1.11,2900.0,10.13,8.14
NICGF2,8/5/2026,9.04,9.05,9.04,9.05,0.11,1600.0,10.13,8.14
NICGF2,8/6/2026,8.85,9.18,8.85,9.18,3.73,2300.0,10.13,8.14
NICGF2,8/7/2026,9.05,9.18,9.05,9.18,1.44,1010.0,10.13,8.14
NICGF2,8/10/2026,9.0,9.23,9.0,9.23,2.56,5970.0,10.13,8.14
NICGF2,8/11/2026,9.0,9.02,9.0,9.01,0.11,1900.0,10.13,8.14
NICGF2,8/12/2026,9.01,9.28,9.01,9.08,0.78,1590.0,10.13,8.14
NICGF2,8/13/2026,8.91,9.0,8.91,8.99,0.9,800.0,10.13,8.14
NICGF2,8/14/2026,9.01,9.5,9.01,9.5,5.44,700.0,10.13,8.14
NICGF2,8/17/2026,9.22,9.22,9.22,9.22,0.0,300.0,10.13,8.14
NICGF2,8/18/2026,8.95,9.0,8.95,9.0,0.56,900.0,10.13,8.14
NICGF2,8/19/2026,9.0,9.0,8.74,8.97,-0.33,1000.0,10.13,8.14
NICGF2,8/20/2026,9.0,9.0,9.0,9.0,0.0,500.0,10.13,8.14
NICGF2,8/21/2026,9.0,9.0,9.0,9.0,0.0,1500.0,10.13,8.14
NICGF2,8/24/2026,9.0,9.0,8.95,8.96,-0.44,2000.0,10.13,8.14
NICGF2,8/25/2026,8.71,8.74,8.71,8.74,0.34,300.0,10.13,8.14
NICGF2,8/27/2026,8.63,8.74,8.63,8.69,0.7,400.0,10.13,8.14
NICGF2,8/31/2026,8.6,8.8,8.55,8.7,1.16,3600.0,10.13,8.14
NICGF2,9/1/2026,8.75,8.82,8.75,8.82,0.8,1100.0,10.13,8.14
NICGF2,9/2/2026,8.56,8.7,8.56,8.7,1.64,400.0,10.13,8.14
NICGF2,9/3/2026,8.5,8.9,8.5,8.64,1.65,8415.0,10.13,8.14
NICGF2,9/7/2026,8.64,8.89,8.64,8.89,2.89,600.0,10.13,8.14
NICGF2,9/9/2026,8.72,8.9,8.65,8.7,-0.23,800.0,10.13,8.14
NICGF2,9/10/2026,8.7,8.96,8.7,8.96,2.99,31190.0,10.13,8.14
NICGF2,9/11/2026,8.7,8.7,8.7,8.7,0.0,200.0,10.13,8.14
NICGF2,9/14/2026,8.7,8.7,8.45,8.47,-2.64,550.0,10.13,8.14
NICGF2,9/15/2026,8.51,8.55,8.51,8.55,0.47,650.0,10.13,8.14
NICGF2,9/16/2026,8.51,8.56,8.51,8.54,0.35,18020.0,10.13,8.14
NICGF2,9/17/2026,8.53,8.79,8.53,8.56,0.35,2101.0,10.13,8.14
NICGF2,9/18/2026,8.14,8.96,8.14,8.7,6.88,1500.0,10.13,8.14
NICGF2,9/22/2026,8.71,8.75,8.71,8.75,0.46,200.0,10.13,8.14
NICGF2,9/23/2026,8.55,8.7,8.55,8.7,1.75,2100.0,10.13,8.14
NICGF2,9/24/2026,8.7,8.9,8.7,8.9,2.3,31400.0,10.13,8.14
NICGF2,9/28/2026,8.91,8.91,8.91,8.91,0.0,500.0,10.13,8.14
NICGF2,9/29/2026,8.91,8.91,8.67,0.0,-100.0,600.0,10.13,8.14
NICGF2,9/30/2026,8.72,9.21,8.72,8.99,3.1,3102.0,10.13,8.14
NICGF2,10/1/2026,8.76,9.02,8.76,8.88,1.37,2400.0,10.13,8.14
NICGF2,10/2/2026,8.98,8.98,8.92,8.94,-0.45,36189.0,10.13,8.14
NICL,12/21/2025,514.0,514.0,505.0,505.0,,7336.0,575.0,408.0
NICL,12/22/2025,510.9,510.9,500.2,502.0,-0.59,5647.0,575.0,408.0
NICL,12/23/2025,502.0,502.5,496.2,501.7,-0.06,11889.0,575.0,408.0
NICL,12/24/2025,501.0,506.0,500.1,504.9,0.64,8774.0,575.0,408.0
NICL,12/28/2025,505.0,513.8,505.0,510.0,1.01,14349.0,575.0,408.0
NICL,12/29/2025,517.0,517.0,499.9,501.5,-1.67,21896.0,575.0,408.0
NICL,12/31/2025,508.0,510.9,504.5,506.0,0.9,9047.0,575.0,408.0
NICL,1/1/2026,508.0,508.0,500.0,500.2,-1.15,6941.0,575.0,408.0
NICL,1/4/2026,507.7,507.7,496.0,498.9,-0.26,8376.0,575.0,408.0
NICL,1/5/2026,500.0,501.0,493.0,500.0,0.22,23959.0,575.0,408.0
NICL,1/6/2026,505.9,510.0,502.0,504.3,0.86,20276.0,575.0,408.0
NICL,1/7/2026,505.0,507.8,500.0,504.0,-0.06,12794.0,575.0,408.0
NICL,1/8/2026,504.0,507.0,500.0,502.0,-0.4,7528.0,575.0,408.0
NICL,1/12/2026,500.0,503.0,499.0,501.1,-0.18,12775.0,575.0,408.0
NICL,1/13/2026,500.0,506.9,497.0,498.1,-0.6,22834.0,575.0,408.0
NICL,1/14/2026,503.0,509.0,498.1,509.0,2.19,18294.0,575.0,408.0
NICL,1/18/2026,518.0,518.0,504.0,506.0,-0.59,12058.0,575.0,408.0
NICL,1/20/2026,512.9,517.0,510.0,515.0,1.78,18705.0,575.0,408.0
NICL,1/21/2026,518.0,520.0,514.0,514.0,-0.19,17452.0,575.0,408.0
NICL,1/22/2026,521.0,521.0,510.1,513.0,-0.19,10800.0,575.0,408.0
NICL,1/25/2026,520.0,540.5,513.2,531.0,3.51,30490.0,575.0,408.0
NICL,1/26/2026,538.0,538.8,525.0,527.1,-0.73,24446.0,575.0,408.0
NICL,1/27/2026,525.0,532.0,514.6,514.6,-2.37,24988.0,575.0,408.0
NICL,1/28/2026,506.0,515.0,506.0,513.2,-0.27,10149.0,575.0,408.0
NICL,1/29/2026,505.0,518.0,505.0,511.1,-0.41,14820.0,575.0,408.0
NICL,2/1/2026,514.0,514.0,509.4,512.1,0.2,11554.0,575.0,408.0
NICL,2/2/2026,519.0,519.0,508.1,508.1,-0.78,8091.0,575.0,408.0
NICL,2/3/2026,515.0,515.0,504.1,505.0,-0.61,16740.0,575.0,408.0
NICL,2/4/2026,503.0,512.5,500.2,504.7,-0.06,13186.0,575.0,408.0
NICL,2/5/2026,504.7,513.0,502.0,511.9,1.43,17758.0,575.0,408.0
NICL,2/8/2026,515.0,517.9,507.0,510.0,-0.37,16255.0,575.0,408.0
NICL,2/9/2026,510.0,510.0,499.0,499.0,-2.16,27146.0,575.0,408.0
NICL,2/10/2026,508.0,508.0,489.1,499.0,0.0,43828.0,575.0,408.0
NICL,2/11/2026,501.0,508.9,486.0,495.0,-0.8,46327.0,575.0,408.0
NICL,2/12/2026,500.0,500.0,491.1,496.0,0.2,13107.0,575.0,408.0
NICL,2/16/2026,495.1,502.0,495.1,499.0,0.6,8976.0,575.0,408.0
NICL,2/17/2026,500.0,500.0,488.0,490.0,-1.8,19935.0,575.0,408.0
NICL,2/22/2026,490.0,491.3,483.0,485.6,-0.9,16981.0,575.0,408.0
NICL,2/23/2026,483.1,490.0,483.0,487.9,0.47,5138.0,575.0,408.0
NICL,2/24/2026,485.0,490.0,485.0,487.0,-0.18,11765.0,575.0,408.0
NICL,2/25/2026,496.0,496.0,484.3,487.0,0.0,15723.0,575.0,408.0
NICL,2/26/2026,487.0,495.9,487.0,492.0,1.03,9918.0,575.0,408.0
NICL,2/27/2026,487.0,495.9,487.0,492.0,0.0,9918.0,575.0,408.0
NICL,2/28/2026,487.0,495.9,487.0,492.0,0.0,9918.0,575.0,408.0
NICL,3/2/2026,489.0,497.0,488.0,494.1,0.43,7496.0,575.0,408.0
NICL,3/3/2026,493.6,502.0,490.0,501.9,1.58,17306.0,575.0,408.0
NICL,3/4/2026,493.6,502.0,490.0,501.9,0.0,17306.0,575.0,408.0
NICL,3/5/2026,493.6,502.0,490.0,501.9,0.0,17306.0,575.0,408.0
NICL,3/6/2026,493.6,502.0,490.0,501.9,0.0,17306.0,575.0,408.0
NICL,3/7/2026,493.6,502.0,490.0,501.9,0.0,17306.0,575.0,408.0
NICL,3/8/2026,493.6,502.0,490.0,501.9,0.0,17306.0,575.0,408.0
NICL,3/9/2026,511.9,532.5,511.9,532.5,6.1,140.0,575.0,408.0
NICL,3/10/2026,543.0,543.0,515.1,522.5,-1.88,44871.0,575.0,408.0
NICL,3/11/2026,523.0,525.0,515.0,516.3,-1.19,20766.0,575.0,408.0
NICL,3/12/2026,516.0,522.0,510.7,520.1,0.74,24232.0,575.0,408.0
NICL,3/13/2026,516.0,522.0,510.7,520.1,0.0,24232.0,575.0,408.0
NICL,3/14/2026,516.0,522.0,510.7,520.1,0.0,24232.0,575.0,408.0
NICL,3/15/2026,527.0,527.0,515.0,516.5,-0.69,19942.0,575.0,408.0
NICL,3/16/2026,519.0,519.0,514.1,515.9,-0.12,20380.0,575.0,408.0
NICL,3/17/2026,516.0,517.4,513.0,515.0,-0.17,19027.0,575.0,408.0
NICL,3/18/2026,516.0,517.4,513.0,515.0,0.0,19027.0,575.0,408.0
NICL,3/19/2026,523.0,526.0,516.0,525.0,1.94,48744.0,575.0,408.0
NICL,3/20/2026,523.0,526.0,516.0,525.0,0.0,48744.0,575.0,408.0
NICL,3/21/2026,523.0,526.0,516.0,525.0,0.0,48744.0,575.0,408.0
NICL,3/22/2026,535.0,553.0,529.8,550.2,4.8,84685.0,575.0,408.0
NICL,3/23/2026,559.0,559.0,543.0,549.9,-0.05,40842.0,575.0,408.0
NICL,3/24/2026,559.9,559.9,545.0,547.1,-0.51,35419.0,575.0,408.0
NICL,3/25/2026,542.0,552.8,538.0,540.0,-1.3,43009.0,575.0,408.0
NICL,3/26/2026,537.0,543.7,536.2,541.9,0.91,15430.0,575.0,408.0
NICL,3/29/2026,552.7,552.7,530.1,530.2,-4.07,35923.0,575.0,408.0
NICL,3/30/2026,520.0,531.0,515.6,520.5,0.1,24197.0,575.0,408.0
NICL,3/31/2026,529.0,529.0,510.1,520.9,-1.53,19349.0,575.0,408.0
NICL,4/1/2026,525.0,525.0,503.0,509.0,-3.05,16083.0,575.0,408.0
NICL,4/2/2026,500.0,511.0,498.9,509.0,1.8,35935.0,575.0,408.0
NICL,4/5/2026,500.0,502.5,487.1,487.9,-2.42,35428.0,575.0,408.0
NICL,4/6/2026,487.0,506.0,479.0,501.8,3.04,25851.0,575.0,408.0
NICL,4/7/2026,501.8,519.5,499.0,501.0,-0.16,15177.0,575.0,408.0
NICL,4/8/2026,501.0,509.9,491.2,507.8,1.36,30074.0,575.0,408.0
NICL,4/9/2026,507.8,512.0,503.1,511.5,0.73,14093.0,575.0,408.0
NICL,4/10/2026,512.1,515.0,500.3,502.5,-1.87,9555.0,575.0,408.0
NICL,4/13/2026,508.9,508.9,500.5,501.1,-1.53,6567.0,575.0,408.0
NICL,4/15/2026,511.0,511.0,501.0,502.1,-1.74,9730.0,575.0,408.0
NICL,4/16/2026,500.0,507.4,497.0,498.0,-0.4,13091.0,575.0,408.0
NICL,4/17/2026,500.0,500.0,495.0,496.0,-0.8,11069.0,575.0,408.0
NICL,4/20/2026,509.9,509.9,495.0,496.0,-2.73,4966.0,575.0,408.0
NICL,4/21/2026,496.0,505.0,491.2,492.0,-0.81,10560.0,575.0,408.0
NICL,4/22/2026,492.0,495.0,480.0,494.9,0.59,14121.0,575.0,408.0
NICL,4/23/2026,495.1,496.1,489.1,489.2,-1.19,6370.0,575.0,408.0
NICL,4/24/2026,480.1,489.9,477.2,485.4,1.1,9000.0,575.0,408.0
NICL,4/27/2026,485.4,498.9,485.5,485.5,0.02,3588.0,575.0,408.0
NICL,4/28/2026,485.5,489.0,480.2,481.0,-0.93,8912.0,575.0,408.0
NICL,4/29/2026,481.0,489.0,480.0,481.0,0.0,9485.0,575.0,408.0
NICL,4/30/2026,480.5,486.0,479.0,482.2,0.35,4928.0,575.0,408.0
NICL,5/4/2026,475.3,489.0,475.3,480.1,1.01,3589.0,575.0,408.0
NICL,5/5/2026,480.1,489.0,480.0,482.0,0.4,6139.0,575.0,408.0
NICL,5/6/2026,479.0,490.0,479.0,482.4,0.71,6369.0,575.0,408.0
NICL,5/7/2026,482.0,489.5,482.0,483.9,0.39,4191.0,575.0,408.0
NICL,5/8/2026,484.0,492.5,484.0,489.1,1.05,3322.0,575.0,408.0
NICL,5/11/2026,475.0,502.9,475.0,497.8,4.8,5803.0,575.0,408.0
NICL,5/12/2026,494.0,496.0,491.0,493.0,-0.2,5091.0,575.0,408.0
NICL,5/13/2026,517.6,517.6,489.0,492.5,-4.85,4312.0,575.0,408.0
NICL,5/14/2026,490.2,490.2,484.0,485.0,-1.06,3430.0,575.0,408.0
NICL,5/15/2026,482.0,489.0,477.7,486.5,0.93,7709.0,575.0,408.0
NICL,5/18/2026,497.9,497.9,481.1,482.8,-3.03,7785.0,575.0,408.0
NICL,5/19/2026,492.0,492.0,483.0,484.0,-1.63,3899.0,575.0,408.0
NICL,5/20/2026,482.0,490.0,481.1,487.4,1.12,5506.0,575.0,408.0
NICL,5/21/2026,487.5,494.0,482.1,492.0,0.92,5369.0,575.0,408.0
NICL,5/22/2026,490.2,497.0,486.2,497.0,1.39,7161.0,575.0,408.0
NICL,5/25/2026,500.0,508.0,497.0,506.4,1.28,14146.0,575.0,408.0
NICL,5/26/2026,514.7,514.7,500.0,506.0,-1.69,7308.0,575.0,408.0
NICL,5/27/2026,501.1,514.0,501.1,510.0,1.78,10260.0,575.0,408.0
NICL,6/1/2026,510.0,529.0,510.0,524.7,2.88,69095.0,575.0,408.0
NICL,6/2/2026,527.0,527.0,510.0,526.6,-0.08,35177.0,575.0,408.0
NICL,6/3/2026,526.6,571.0,521.2,559.1,6.17,274336.0,575.0,408.0
NICL,6/4/2026,559.1,575.0,551.0,565.0,1.06,185261.0,575.0,408.0
NICL,6/5/2026,565.0,570.0,557.1,563.0,-0.35,99249.0,575.0,408.0
NICL,6/8/2026,567.0,567.0,543.1,546.0,-3.7,62575.0,575.0,408.0
NICL,6/9/2026,538.1,548.0,525.0,542.0,0.72,71868.0,575.0,408.0
NICL,6/10/2026,542.0,552.0,531.3,538.7,-0.61,25219.0,575.0,408.0
NICL,6/11/2026,529.0,550.0,528.1,542.5,2.55,34370.0,575.0,408.0
NICL,6/12/2026,515.4,551.0,515.4,541.9,5.14,25222.0,575.0,408.0
NICL,6/15/2026,514.9,546.1,514.9,535.0,3.9,22638.0,575.0,408.0
NICL,6/16/2026,508.3,549.0,508.3,535.0,5.25,23361.0,575.0,408.0
NICL,6/17/2026,535.0,537.0,529.1,531.0,-0.75,12642.0,575.0,408.0
NICL,6/18/2026,539.9,539.9,527.0,531.0,-1.65,22503.0,575.0,408.0
NICL,6/19/2026,536.0,539.0,527.3,538.0,0.37,19550.0,575.0,408.0
NICL,6/22/2026,540.0,540.0,534.0,535.1,-0.91,13638.0,575.0,408.0
NICL,6/23/2026,535.0,544.9,527.0,527.2,-1.46,22480.0,575.0,408.0
NICL,6/24/2026,535.0,535.0,516.0,521.0,-2.62,15913.0,575.0,408.0
NICL,6/26/2026,527.0,527.0,515.0,516.5,-1.99,18181.0,575.0,408.0
NICL,6/29/2026,510.0,520.0,510.0,516.0,1.18,14087.0,575.0,408.0
NICL,6/30/2026,521.0,530.0,511.1,513.7,-1.4,7677.0,575.0,408.0
NICL,7/1/2026,522.9,529.1,516.0,526.0,0.59,24242.0,575.0,408.0
NICL,7/2/2026,512.4,524.9,512.1,520.0,1.48,10810.0,575.0,408.0
NICL,7/3/2026,535.0,535.0,515.0,522.8,-2.28,22952.0,575.0,408.0
NICL,7/6/2026,514.1,520.0,514.1,519.0,0.95,7975.0,575.0,408.0
NICL,7/7/2026,514.0,524.0,503.5,520.9,1.34,23477.0,575.0,408.0
NICL,7/8/2026,519.0,525.0,511.2,519.9,0.17,23010.0,575.0,408.0
NICL,7/9/2026,513.0,518.8,511.0,513.0,0.0,15359.0,575.0,408.0
NICL,7/10/2026,505.0,535.0,505.0,509.1,0.81,20350.0,575.0,408.0
NICL,7/13/2026,520.0,520.0,501.3,503.0,-3.27,15007.0,575.0,408.0
NICL,7/14/2026,503.0,507.0,497.1,505.0,0.4,6228.0,575.0,408.0
NICL,7/15/2026,515.0,515.0,505.6,509.0,-1.17,9816.0,575.0,408.0
NICL,7/16/2026,534.4,534.4,505.0,512.9,-4.02,10117.0,575.0,408.0
NICL,7/17/2026,520.0,527.0,517.1,524.8,0.92,9270.0,575.0,408.0
NICL,7/20/2026,523.0,537.7,522.0,532.0,1.72,15876.0,575.0,408.0
NICL,7/21/2026,538.4,538.4,523.0,525.9,-2.32,13979.0,575.0,408.0
NICL,7/22/2026,525.0,526.0,519.0,519.0,-1.14,11570.0,575.0,408.0
NICL,7/23/2026,519.0,524.0,513.0,520.0,0.19,11905.0,575.0,408.0
NICL,7/24/2026,525.0,530.0,513.7,520.0,-0.95,14533.0,575.0,408.0
NICL,7/27/2026,521.0,524.9,513.0,513.0,-1.54,7762.0,575.0,408.0
NICL,7/28/2026,520.0,520.0,510.5,510.9,-1.75,12231.0,575.0,408.0
NICL,7/29/2026,520.0,520.0,506.0,510.0,-1.92,24893.0,575.0,408.0
NICL,7/30/2026,510.0,510.0,500.0,505.0,-0.98,22144.0,575.0,408.0
NICL,7/31/2026,500.1,508.0,500.0,507.0,1.38,8107.0,575.0,408.0
NICL,8/3/2026,507.0,513.9,505.0,508.0,0.2,7848.0,575.0,408.0
NICL,8/4/2026,508.0,508.0,500.0,503.0,-0.98,16874.0,575.0,408.0
NICL,8/5/2026,528.1,528.1,499.0,503.0,-4.75,4567.0,575.0,408.0
NICL,8/6/2026,505.0,514.9,499.0,500.0,-0.99,18496.0,575.0,408.0
NICL,8/7/2026,513.4,513.4,495.0,499.0,-2.8,10404.0,575.0,408.0
NICL,8/10/2026,508.7,508.7,495.5,506.9,-0.35,26927.0,575.0,408.0
NICL,8/11/2026,509.9,509.9,497.0,500.2,-1.9,14229.0,575.0,408.0
NICL,8/12/2026,500.0,501.0,498.0,500.0,0.0,2876.0,575.0,408.0
NICL,8/13/2026,500.0,507.0,496.0,504.0,0.8,1969.0,575.0,408.0
NICL,8/14/2026,500.6,504.9,500.0,500.0,-0.12,2687.0,575.0,408.0
NICL,8/17/2026,496.0,500.0,493.0,496.0,0.0,5833.0,575.0,408.0
NICL,8/18/2026,493.2,501.8,493.1,497.9,0.95,3133.0,575.0,408.0
NICL,8/19/2026,509.9,509.9,492.0,494.8,-2.96,2352.0,575.0,408.0
NICL,8/20/2026,495.0,508.0,490.0,491.1,-0.79,11067.0,575.0,408.0
NICL,8/21/2026,504.9,504.9,488.0,488.0,-3.35,11362.0,575.0,408.0
NICL,8/24/2026,489.0,490.0,480.1,484.0,-1.02,8500.0,575.0,408.0
NICL,8/25/2026,484.1,486.9,481.0,486.9,0.58,9712.0,575.0,408.0
NICL,8/26/2026,482.1,483.0,452.0,455.0,-5.62,62074.0,575.0,408.0
NICL,8/27/2026,450.0,454.0,433.0,442.2,-1.73,22351.0,575.0,408.0
NICL,8/31/2026,432.0,453.8,408.0,416.9,-3.5,30964.0,575.0,408.0
NICL,9/1/2026,422.0,426.0,413.0,424.7,0.64,8475.0,575.0,408.0
NICL,9/2/2026,430.0,430.0,417.7,425.9,-0.95,15161.0,575.0,408.0
NICL,9/3/2026,426.3,426.3,415.2,420.0,-1.48,7318.0,575.0,408.0
NICL,9/7/2026,430.0,440.0,423.1,436.9,1.6,8608.0,575.0,408.0
NICL,9/9/2026,432.5,440.9,425.0,430.9,-0.37,8663.0,575.0,408.0
NICL,9/10/2026,421.0,428.8,418.3,419.0,-0.48,6319.0,575.0,408.0
NICL,9/11/2026,422.0,439.7,420.0,435.0,3.08,8603.0,575.0,408.0
NICL,9/14/2026,435.0,447.0,434.0,446.9,2.74,9372.0,575.0,408.0
NICL,9/15/2026,469.0,469.0,442.0,457.9,-2.37,35536.0,575.0,408.0
NICL,9/16/2026,458.9,465.0,446.1,460.0,0.24,17982.0,575.0,408.0
NICL,9/17/2026,463.0,471.9,456.1,461.0,-0.43,8473.0,575.0,408.0
NICL,9/18/2026,461.0,468.8,450.0,466.9,1.28,17353.0,575.0,408.0
NICL,9/22/2026,466.1,466.1,455.0,465.7,-0.09,34480.0,575.0,408.0
NICL,9/23/2026,465.0,465.0,453.7,459.0,-1.29,15398.0,575.0,408.0
NICL,9/24/2026,447.3,458.0,447.3,456.0,1.95,5455.0,575.0,408.0
NICL,9/28/2026,450.1,460.0,445.2,445.3,-1.07,10006.0,575.0,408.0
NICL,9/29/2026,447.0,447.6,433.6,0.0,-100.0,9280.0,575.0,408.0
NICL,9/30/2026,448.0,448.0,440.0,445.0,-0.67,4222.0,575.0,408.0
NICL,10/1/2026,440.2,449.9,440.2,446.0,1.32,1590.0,575.0,408.0
NICL,10/2/2026,446.0,447.9,442.0,443.0,-0.67,1778.0,575.0,408.0
NICLBSL,12/21/2025,546.0,547.0,540.0,546.0,,12230.0,679.0,490.0
NICLBSL,12/22/2025,540.0,550.8,535.5,550.8,0.88,7320.0,679.0,490.0
NICLBSL,12/23/2025,555.0,557.0,541.0,553.8,0.54,2702.0,679.0,490.0
NICLBSL,12/24/2025,553.9,558.0,540.0,548.0,-1.05,6651.0,679.0,490.0
NICLBSL,12/28/2025,545.0,559.9,545.0,559.9,2.17,9361.0,679.0,490.0
NICLBSL,12/29/2025,556.0,566.1,550.0,556.0,-0.7,12945.0,679.0,490.0
NICLBSL,12/31/2025,561.0,561.0,552.5,558.6,0.47,8863.0,679.0,490.0
NICLBSL,1/1/2026,565.0,565.0,547.6,555.0,-0.64,12786.0,679.0,490.0
NICLBSL,1/4/2026,550.0,562.9,550.0,554.0,-0.18,12217.0,679.0,490.0
NICLBSL,1/5/2026,554.0,561.9,546.3,561.0,1.26,10765.0,679.0,490.0
NICLBSL,1/6/2026,561.0,568.0,560.0,560.4,-0.11,9224.0,679.0,490.0
NICLBSL,1/7/2026,550.5,564.0,550.5,559.5,-0.16,8780.0,679.0,490.0
NICLBSL,1/8/2026,550.8,560.0,550.8,560.0,0.09,6488.0,679.0,490.0
NICLBSL,1/12/2026,556.5,564.0,551.0,560.0,0.0,9669.0,679.0,490.0
NICLBSL,1/13/2026,558.0,563.0,555.1,558.8,-0.21,4692.0,679.0,490.0
NICLBSL,1/14/2026,558.8,561.0,555.0,558.9,0.02,5302.0,679.0,490.0
NICLBSL,1/18/2026,562.0,576.0,562.0,570.0,1.99,18980.0,679.0,490.0
NICLBSL,1/20/2026,577.0,584.0,573.0,578.9,1.56,18619.0,679.0,490.0
NICLBSL,1/21/2026,578.9,580.4,571.1,575.0,-0.67,7467.0,679.0,490.0
NICLBSL,1/22/2026,565.0,574.0,565.0,573.0,-0.35,7424.0,679.0,490.0
NICLBSL,1/25/2026,581.0,596.0,575.0,595.0,3.84,24443.0,679.0,490.0
NICLBSL,1/26/2026,600.0,603.0,588.0,593.9,-0.18,28890.0,679.0,490.0
NICLBSL,1/27/2026,588.0,595.0,570.0,573.0,-3.52,19678.0,679.0,490.0
NICLBSL,1/28/2026,563.2,582.0,563.1,578.9,1.03,10987.0,679.0,490.0
NICLBSL,1/29/2026,575.0,579.9,565.1,569.8,-1.57,12918.0,679.0,490.0
NICLBSL,2/1/2026,580.0,580.0,563.1,565.0,-0.84,17253.0,679.0,490.0
NICLBSL,2/2/2026,560.0,579.0,560.0,571.8,1.2,15491.0,679.0,490.0
NICLBSL,2/3/2026,579.0,580.0,568.1,569.0,-0.49,11987.0,679.0,490.0
NICLBSL,2/4/2026,569.0,580.0,569.0,571.5,0.44,18533.0,679.0,490.0
NICLBSL,2/5/2026,571.6,584.9,571.5,583.0,2.01,18923.0,679.0,490.0
NICLBSL,2/8/2026,590.0,595.0,570.0,578.0,-0.86,22267.0,679.0,490.0
NICLBSL,2/9/2026,570.0,581.4,564.2,570.0,-1.38,10852.0,679.0,490.0
NICLBSL,2/10/2026,560.2,570.0,560.2,561.0,-1.58,7191.0,679.0,490.0
NICLBSL,2/11/2026,572.0,572.2,556.0,562.0,0.18,5640.0,679.0,490.0
NICLBSL,2/12/2026,556.2,565.0,556.2,561.9,-0.02,10780.0,679.0,490.0
NICLBSL,2/16/2026,558.0,563.1,558.0,559.2,-0.48,6472.0,679.0,490.0
NICLBSL,2/17/2026,555.2,559.0,550.0,550.0,-1.65,10586.0,679.0,490.0
NICLBSL,2/22/2026,550.0,554.0,546.2,546.5,-0.64,8031.0,679.0,490.0
NICLBSL,2/23/2026,546.0,569.9,542.1,549.9,0.62,8349.0,679.0,490.0
NICLBSL,2/24/2026,557.0,557.0,546.3,553.0,0.56,7904.0,679.0,490.0
NICLBSL,2/25/2026,552.0,559.0,550.2,553.0,0.0,4658.0,679.0,490.0
NICLBSL,2/26/2026,553.2,559.0,553.1,556.0,0.54,2569.0,679.0,490.0
NICLBSL,2/27/2026,553.2,559.0,553.1,556.0,0.0,2569.0,679.0,490.0
NICLBSL,2/28/2026,553.2,559.0,553.1,556.0,0.0,2569.0,679.0,490.0
NICLBSL,3/2/2026,555.0,561.9,548.1,560.8,0.86,5850.0,679.0,490.0
NICLBSL,3/3/2026,555.1,569.0,555.1,566.7,1.05,7724.0,679.0,490.0
NICLBSL,3/4/2026,555.1,569.0,555.1,566.7,0.0,7724.0,679.0,490.0
NICLBSL,3/5/2026,555.1,569.0,555.1,566.7,0.0,7724.0,679.0,490.0
NICLBSL,3/6/2026,555.1,569.0,555.1,566.7,0.0,7724.0,679.0,490.0
NICLBSL,3/7/2026,555.1,569.0,555.1,566.7,0.0,7724.0,679.0,490.0
NICLBSL,3/8/2026,555.1,569.0,555.1,566.7,0.0,7724.0,679.0,490.0
NICLBSL,3/9/2026,578.0,589.5,578.0,589.5,4.02,210.0,679.0,490.0
NICLBSL,3/10/2026,600.0,603.0,577.8,593.0,0.59,43121.0,679.0,490.0
NICLBSL,3/11/2026,585.2,594.0,579.0,583.5,-1.6,18413.0,679.0,490.0
NICLBSL,3/12/2026,578.0,596.7,578.0,592.0,1.46,24960.0,679.0,490.0
NICLBSL,3/13/2026,578.0,596.7,578.0,592.0,0.0,24960.0,679.0,490.0
NICLBSL,3/14/2026,578.0,596.7,578.0,592.0,0.0,24960.0,679.0,490.0
NICLBSL,3/15/2026,590.0,599.8,585.0,593.9,0.32,14135.0,679.0,490.0
NICLBSL,3/16/2026,595.0,595.0,580.0,584.8,-1.53,16887.0,679.0,490.0
NICLBSL,3/17/2026,584.0,585.0,575.5,585.0,0.03,10701.0,679.0,490.0
NICLBSL,3/18/2026,584.0,585.0,575.5,585.0,0.0,10701.0,679.0,490.0
NICLBSL,3/19/2026,595.0,610.0,588.2,610.0,4.27,50717.0,679.0,490.0
NICLBSL,3/20/2026,595.0,610.0,588.2,610.0,0.0,50717.0,679.0,490.0
NICLBSL,3/21/2026,595.0,610.0,588.2,610.0,0.0,50717.0,679.0,490.0
NICLBSL,3/22/2026,619.0,671.0,616.0,666.0,9.18,134401.0,679.0,490.0
NICLBSL,3/23/2026,679.0,679.0,646.0,655.0,-1.65,62253.0,679.0,490.0
NICLBSL,3/24/2026,662.0,672.0,650.1,660.0,0.76,28702.0,679.0,490.0
NICLBSL,3/25/2026,661.0,669.0,646.0,646.0,-2.12,37207.0,679.0,490.0
NICLBSL,3/26/2026,641.0,649.0,631.0,649.0,1.25,23640.0,679.0,490.0
NICLBSL,3/29/2026,649.0,649.0,620.0,620.1,-4.45,31537.0,679.0,490.0
NICLBSL,3/30/2026,616.0,644.1,601.0,609.0,-1.14,41791.0,679.0,490.0
NICLBSL,3/31/2026,606.0,625.0,598.1,619.0,2.15,21447.0,679.0,490.0
NICLBSL,4/1/2026,619.0,619.0,590.0,591.1,-4.51,35157.0,679.0,490.0
NICLBSL,4/2/2026,595.0,608.0,585.0,595.0,0.0,16329.0,679.0,490.0
NICLBSL,4/5/2026,597.0,597.0,563.0,563.0,-5.7,29634.0,679.0,490.0
NICLBSL,4/6/2026,564.0,591.5,556.1,582.0,3.19,20081.0,679.0,490.0
NICLBSL,4/7/2026,583.0,590.0,575.0,582.0,-0.17,10679.0,679.0,490.0
NICLBSL,4/8/2026,582.5,598.0,582.5,595.0,2.15,12969.0,679.0,490.0
NICLBSL,4/9/2026,595.0,609.9,585.0,608.7,2.3,17766.0,679.0,490.0
NICLBSL,4/10/2026,601.0,618.9,591.1,615.0,2.33,20125.0,679.0,490.0
NICLBSL,4/13/2026,610.0,615.0,600.1,608.0,-0.33,10217.0,679.0,490.0
NICLBSL,4/15/2026,595.9,618.0,595.9,609.0,2.2,11958.0,679.0,490.0
NICLBSL,4/16/2026,604.1,608.9,592.0,597.0,-1.18,21247.0,679.0,490.0
NICLBSL,4/17/2026,591.0,600.0,586.0,590.0,-0.17,12406.0,679.0,490.0
NICLBSL,4/20/2026,587.4,601.6,580.0,587.2,-0.03,7274.0,679.0,490.0
NICLBSL,4/21/2026,580.0,597.0,580.0,587.0,1.21,7547.0,679.0,490.0
NICLBSL,4/22/2026,580.0,590.0,563.0,583.0,0.52,17259.0,679.0,490.0
NICLBSL,4/23/2026,585.0,600.4,566.0,584.0,-0.17,6977.0,679.0,490.0
NICLBSL,4/24/2026,574.0,590.0,573.0,585.0,1.92,10228.0,679.0,490.0
NICLBSL,4/27/2026,585.0,590.0,574.0,580.2,-0.82,4089.0,679.0,490.0
NICLBSL,4/28/2026,551.2,585.0,551.2,580.0,5.22,4717.0,679.0,490.0
NICLBSL,4/29/2026,581.0,581.0,566.0,578.0,-0.52,4770.0,679.0,490.0
NICLBSL,4/30/2026,578.0,578.0,566.1,576.5,-0.26,5885.0,679.0,490.0
NICLBSL,5/4/2026,574.0,584.0,565.0,569.4,-0.8,4708.0,679.0,490.0
NICLBSL,5/5/2026,565.0,580.0,565.0,577.0,2.12,7116.0,679.0,490.0
NICLBSL,5/6/2026,564.0,580.0,564.0,575.0,1.95,3070.0,679.0,490.0
NICLBSL,5/7/2026,564.0,580.0,564.0,578.0,2.48,1661.0,679.0,490.0
NICLBSL,5/8/2026,580.0,583.0,570.0,578.0,-0.34,7934.0,679.0,490.0
NICLBSL,5/11/2026,583.0,584.0,575.4,583.0,0.0,18714.0,679.0,490.0
NICLBSL,5/12/2026,590.0,592.0,575.0,579.0,-1.86,9954.0,679.0,490.0
NICLBSL,5/13/2026,564.0,580.0,564.0,575.0,1.95,3272.0,679.0,490.0
NICLBSL,5/14/2026,575.0,579.8,566.7,575.0,0.0,4726.0,679.0,490.0
NICLBSL,5/15/2026,566.0,581.0,566.0,570.0,0.71,4830.0,679.0,490.0
NICLBSL,5/18/2026,565.1,576.0,560.0,565.0,-0.02,7735.0,679.0,490.0
NICLBSL,5/19/2026,560.2,565.0,560.0,562.0,0.32,6205.0,679.0,490.0
NICLBSL,5/20/2026,560.1,569.2,560.0,568.9,1.57,5046.0,679.0,490.0
NICLBSL,5/21/2026,569.0,569.9,564.0,564.3,-0.83,3697.0,679.0,490.0
NICLBSL,5/22/2026,565.0,574.9,564.1,574.0,1.59,2938.0,679.0,490.0
NICLBSL,5/25/2026,574.0,599.4,574.0,595.0,3.66,8807.0,679.0,490.0
NICLBSL,5/26/2026,588.0,590.0,580.0,588.5,0.09,3821.0,679.0,490.0
NICLBSL,5/27/2026,580.0,596.0,571.1,579.9,-0.02,8337.0,679.0,490.0
NICLBSL,6/1/2026,590.0,590.0,565.2,576.0,-2.37,7986.0,679.0,490.0
NICLBSL,6/2/2026,565.3,578.0,565.2,577.0,2.07,3202.0,679.0,490.0
NICLBSL,6/3/2026,578.0,590.0,578.0,580.0,0.35,10802.0,679.0,490.0
NICLBSL,6/4/2026,587.9,587.9,576.1,578.0,-1.68,2876.0,679.0,490.0
NICLBSL,6/5/2026,572.0,580.0,572.0,578.0,1.05,3084.0,679.0,490.0
NICLBSL,6/8/2026,573.5,586.0,569.1,569.1,-0.77,5034.0,679.0,490.0
NICLBSL,6/9/2026,566.3,577.7,566.2,574.0,1.36,3566.0,679.0,490.0
NICLBSL,6/10/2026,565.4,584.0,565.4,570.0,0.81,2999.0,679.0,490.0
NICLBSL,6/11/2026,566.1,576.0,566.1,569.0,0.51,1732.0,679.0,490.0
NICLBSL,6/12/2026,567.1,571.0,566.1,568.3,0.21,3241.0,679.0,490.0
NICLBSL,6/15/2026,567.0,579.9,567.0,573.9,1.22,2713.0,679.0,490.0
NICLBSL,6/16/2026,570.0,571.9,568.1,571.0,0.18,2206.0,679.0,490.0
NICLBSL,6/17/2026,569.9,575.0,565.1,570.0,0.02,4831.0,679.0,490.0
NICLBSL,6/18/2026,566.0,573.0,566.0,570.0,0.71,2794.0,679.0,490.0
NICLBSL,6/19/2026,565.1,573.0,565.1,570.0,0.87,1705.0,679.0,490.0
NICLBSL,6/22/2026,565.0,575.0,565.0,573.1,1.43,3964.0,679.0,490.0
NICLBSL,6/23/2026,565.0,571.0,560.9,563.3,-0.3,3723.0,679.0,490.0
NICLBSL,6/24/2026,561.1,569.0,558.0,561.5,0.07,5054.0,679.0,490.0
NICLBSL,6/26/2026,560.1,565.0,552.0,553.1,-1.25,4535.0,679.0,490.0
NICLBSL,6/29/2026,552.0,557.0,552.0,555.0,0.54,3859.0,679.0,490.0
NICLBSL,6/30/2026,550.1,558.0,546.1,546.1,-0.73,6071.0,679.0,490.0
NICLBSL,7/1/2026,550.0,557.9,550.0,557.9,1.44,4761.0,679.0,490.0
NICLBSL,7/2/2026,558.0,558.0,548.0,552.0,-1.08,2646.0,679.0,490.0
NICLBSL,7/3/2026,552.0,558.0,550.0,554.0,0.36,6482.0,679.0,490.0
NICLBSL,7/6/2026,550.0,560.0,550.0,553.0,0.55,3029.0,679.0,490.0
NICLBSL,7/7/2026,560.0,560.0,551.1,555.9,-0.73,1703.0,679.0,490.0
NICLBSL,7/8/2026,553.0,564.5,551.3,554.0,0.18,3998.0,679.0,490.0
NICLBSL,7/9/2026,551.0,554.0,549.0,552.0,0.18,3694.0,679.0,490.0
NICLBSL,7/10/2026,552.6,554.0,548.0,551.0,-0.29,3126.0,679.0,490.0
NICLBSL,7/13/2026,560.0,560.0,545.0,545.0,-2.68,4919.0,679.0,490.0
NICLBSL,7/14/2026,543.1,549.5,527.0,541.0,-0.39,7772.0,679.0,490.0
NICLBSL,7/15/2026,552.0,552.0,537.0,544.0,-1.45,1272.0,679.0,490.0
NICLBSL,7/16/2026,560.0,560.0,540.2,542.0,-3.21,4464.0,679.0,490.0
NICLBSL,7/17/2026,554.9,572.6,548.0,572.6,3.19,7397.0,679.0,490.0
NICLBSL,7/20/2026,556.2,575.0,556.2,569.0,2.3,5880.0,679.0,490.0
NICLBSL,7/21/2026,577.0,578.0,560.0,564.7,-2.13,5863.0,679.0,490.0
NICLBSL,7/22/2026,559.0,564.9,555.0,564.9,1.06,3933.0,679.0,490.0
NICLBSL,7/23/2026,560.0,570.0,556.0,560.0,0.0,5822.0,679.0,490.0
NICLBSL,7/24/2026,552.0,576.0,552.0,568.0,2.9,9403.0,679.0,490.0
NICLBSL,7/27/2026,560.0,568.4,559.9,562.0,0.36,9570.0,679.0,490.0
NICLBSL,7/28/2026,558.0,562.0,552.0,560.0,0.36,5273.0,679.0,490.0
NICLBSL,7/29/2026,555.0,560.0,552.3,558.0,0.54,4106.0,679.0,490.0
NICLBSL,7/30/2026,556.0,556.0,550.0,552.0,-0.72,6307.0,679.0,490.0
NICLBSL,7/31/2026,546.0,561.0,545.3,558.0,2.2,5387.0,679.0,490.0
NICLBSL,8/3/2026,560.0,570.0,556.0,559.0,-0.18,8118.0,679.0,490.0
NICLBSL,8/4/2026,559.0,559.0,549.2,554.0,-0.89,6498.0,679.0,490.0
NICLBSL,8/5/2026,550.0,554.5,546.5,548.0,-0.36,4346.0,679.0,490.0
NICLBSL,8/6/2026,546.1,551.0,546.1,549.0,0.53,999.0,679.0,490.0
NICLBSL,8/7/2026,545.2,552.0,545.0,547.0,0.33,7143.0,679.0,490.0
NICLBSL,8/10/2026,545.1,553.9,542.0,545.0,-0.02,5117.0,679.0,490.0
NICLBSL,8/11/2026,547.0,550.0,545.0,545.2,-0.33,3045.0,679.0,490.0
NICLBSL,8/12/2026,540.0,554.9,540.0,548.5,1.57,5770.0,679.0,490.0
NICLBSL,8/13/2026,546.0,553.0,546.0,550.0,0.73,4625.0,679.0,490.0
NICLBSL,8/14/2026,550.0,558.0,545.1,554.9,0.89,2571.0,679.0,490.0
NICLBSL,8/17/2026,555.0,558.0,547.0,547.7,-1.32,10574.0,679.0,490.0
NICLBSL,8/18/2026,547.9,547.9,543.1,546.0,-0.35,3077.0,679.0,490.0
NICLBSL,8/19/2026,540.1,547.0,540.0,546.9,1.26,5413.0,679.0,490.0
NICLBSL,8/20/2026,546.9,546.9,540.0,543.5,-0.62,3698.0,679.0,490.0
NICLBSL,8/21/2026,544.0,545.0,535.0,542.9,-0.2,7211.0,679.0,490.0
NICLBSL,8/24/2026,534.0,542.9,534.0,539.0,0.94,3384.0,679.0,490.0
NICLBSL,8/25/2026,539.0,544.7,528.0,533.0,-1.11,6746.0,679.0,490.0
NICLBSL,8/26/2026,525.0,534.0,510.1,527.2,0.42,9792.0,679.0,490.0
NICLBSL,8/27/2026,512.0,535.9,512.0,528.0,3.12,3053.0,679.0,490.0
NICLBSL,8/31/2026,531.0,531.0,506.0,519.0,-2.26,5419.0,679.0,490.0
NICLBSL,9/1/2026,529.0,529.0,505.2,518.0,-2.08,3071.0,679.0,490.0
NICLBSL,9/2/2026,511.0,525.0,510.1,519.9,1.74,2302.0,679.0,490.0
NICLBSL,9/3/2026,512.0,517.7,510.0,515.0,0.59,7262.0,679.0,490.0
NICLBSL,9/7/2026,513.1,525.0,508.1,512.8,-0.06,9569.0,679.0,490.0
NICLBSL,9/9/2026,512.0,522.0,500.0,513.0,0.2,7329.0,679.0,490.0
NICLBSL,9/10/2026,500.1,509.7,499.0,506.0,1.18,5046.0,679.0,490.0
NICLBSL,9/11/2026,507.0,515.0,490.0,509.5,0.49,7177.0,679.0,490.0
NICLBSL,9/14/2026,506.0,517.0,502.5,517.0,2.17,3750.0,679.0,490.0
NICLBSL,9/15/2026,540.0,540.0,517.0,532.0,-1.48,12791.0,679.0,490.0
NICLBSL,9/16/2026,540.0,540.0,517.0,521.0,-3.52,2957.0,679.0,490.0
NICLBSL,9/17/2026,525.0,529.9,519.0,522.9,-0.4,2971.0,679.0,490.0
NICLBSL,9/18/2026,523.0,523.0,518.0,523.0,0.0,3291.0,679.0,490.0
NICLBSL,9/22/2026,520.0,529.0,512.0,520.0,0.0,15131.0,679.0,490.0
NICLBSL,9/23/2026,520.0,520.0,510.6,513.0,-1.35,6901.0,679.0,490.0
NICLBSL,9/24/2026,519.0,519.0,506.3,516.9,-0.4,3514.0,679.0,490.0
NICLBSL,9/28/2026,517.0,518.9,506.0,506.5,-2.03,5379.0,679.0,490.0
NICLBSL,9/29/2026,506.5,512.0,504.0,0.0,-100.0,2164.0,679.0,490.0
NICLBSL,9/30/2026,508.0,508.0,500.0,503.9,-0.81,4972.0,679.0,490.0
NICLBSL,10/1/2026,512.5,512.5,500.2,508.0,-0.88,1881.0,679.0,490.0
NICLBSL,10/2/2026,499.0,515.0,499.0,505.0,1.2,1685.0,679.0,490.0
NICSF,1/26/2026,8.73,8.99,8.56,8.97,,98770.0,9.97,8.04
NICSF,1/27/2026,8.95,9.14,8.78,9.1,1.45,104195.0,9.97,8.04
NICSF,1/28/2026,8.95,9.46,8.95,9.46,3.96,50350.0,9.97,8.04
NICSF,1/29/2026,9.5,9.64,9.25,9.25,-2.22,101351.0,9.97,8.04
NICSF,2/1/2026,9.1,9.18,8.95,9.0,-2.7,4675.0,9.97,8.04
NICSF,2/2/2026,8.95,9.18,8.95,9.18,2.0,248993.0,9.97,8.04
NICSF,2/3/2026,9.0,9.01,8.95,9.0,-1.96,900.0,9.97,8.04
NICSF,2/4/2026,8.85,9.09,8.85,9.0,0.0,3328.0,9.97,8.04
NICSF,2/5/2026,8.84,9.23,8.84,9.23,2.56,16000.0,9.97,8.04
NICSF,2/8/2026,9.05,9.12,8.95,8.96,-2.93,1300.0,9.97,8.04
NICSF,2/9/2026,8.96,8.96,8.86,8.89,-0.78,1900.0,9.97,8.04
NICSF,2/10/2026,8.86,9.06,8.86,8.91,0.22,18600.0,9.97,8.04
NICSF,2/11/2026,8.8,8.91,8.76,8.82,-1.01,4000.0,9.97,8.04
NICSF,2/12/2026,8.67,9.1,8.67,8.92,1.13,6200.0,9.97,8.04
NICSF,2/16/2026,8.75,8.95,8.65,8.9,-0.22,5600.0,9.97,8.04
NICSF,2/17/2026,8.8,9.12,8.8,9.12,2.47,8613.0,9.97,8.04
NICSF,2/22/2026,9.24,9.24,8.95,9.1,-0.22,600.0,9.97,8.04
NICSF,2/23/2026,8.95,9.05,8.88,8.89,-2.31,7500.0,9.97,8.04
NICSF,2/24/2026,9.0,9.19,9.0,9.1,2.36,18250.0,9.97,8.04
NICSF,2/25/2026,8.95,9.28,8.82,9.1,0.0,5350.0,9.97,8.04
NICSF,2/26/2026,8.96,9.15,8.96,9.02,-0.88,7000.0,9.97,8.04
NICSF,2/27/2026,8.96,9.15,8.96,9.02,0.0,7000.0,9.97,8.04
NICSF,2/28/2026,8.96,9.15,8.96,9.02,0.0,7000.0,9.97,8.04
NICSF,3/2/2026,8.96,9.18,8.96,9.18,1.77,21994.0,9.97,8.04
NICSF,3/3/2026,9.08,9.48,9.02,9.48,3.27,30985.0,9.97,8.04
NICSF,3/4/2026,9.08,9.48,9.02,9.48,0.0,30985.0,9.97,8.04
NICSF,3/5/2026,9.08,9.48,9.02,9.48,0.0,30985.0,9.97,8.04
NICSF,3/6/2026,9.08,9.48,9.02,9.48,0.0,30985.0,9.97,8.04
NICSF,3/7/2026,9.08,9.48,9.02,9.48,0.0,30985.0,9.97,8.04
NICSF,3/8/2026,9.08,9.48,9.02,9.48,0.0,30985.0,9.97,8.04
NICSF,3/10/2026,9.3,9.49,9.3,9.49,0.11,14150.0,9.97,8.04
NICSF,3/11/2026,9.31,9.5,9.31,9.5,0.11,233750.0,9.97,8.04
NICSF,3/12/2026,9.36,9.54,9.35,9.54,0.42,24900.0,9.97,8.04
NICSF,3/13/2026,9.36,9.54,9.35,9.54,0.0,24900.0,9.97,8.04
NICSF,3/14/2026,9.36,9.54,9.35,9.54,0.0,24900.0,9.97,8.04
NICSF,3/15/2026,9.35,9.6,9.35,9.52,-0.21,25768.0,9.97,8.04
NICSF,3/16/2026,9.71,9.71,9.35,9.5,-0.21,8860.0,9.97,8.04
NICSF,3/17/2026,9.69,9.69,9.31,9.32,-1.89,14500.0,9.97,8.04
NICSF,3/18/2026,9.69,9.69,9.31,9.32,0.0,14500.0,9.97,8.04
NICSF,3/19/2026,9.49,9.6,9.35,9.6,3.0,21230.0,9.97,8.04
NICSF,3/20/2026,9.49,9.6,9.35,9.6,0.0,21230.0,9.97,8.04
NICSF,3/21/2026,9.49,9.6,9.35,9.6,0.0,21230.0,9.97,8.04
NICSF,3/22/2026,9.45,9.72,9.45,9.6,0.0,43963.0,9.97,8.04
NICSF,3/23/2026,9.41,9.7,9.32,9.7,1.04,28510.0,9.97,8.04
NICSF,3/24/2026,9.7,9.78,9.51,9.78,0.82,29168.0,9.97,8.04
NICSF,3/25/2026,9.6,9.6,9.32,9.52,-2.66,16494.0,9.97,8.04
NICSF,3/26/2026,9.34,9.58,9.34,9.55,2.25,19500.0,9.97,8.04
NICSF,3/29/2026,9.4,9.54,9.37,9.5,1.06,11853.0,9.97,8.04
NICSF,3/30/2026,9.32,9.38,9.32,9.38,0.64,7300.0,9.97,8.04
NICSF,3/31/2026,9.5,9.58,9.3,9.41,-0.95,17470.0,9.97,8.04
NICSF,4/1/2026,9.25,9.41,9.17,9.4,1.62,9600.0,9.97,8.04
NICSF,4/2/2026,9.22,9.7,9.22,9.4,1.95,7800.0,9.97,8.04
NICSF,4/5/2026,9.22,9.3,9.04,9.11,-1.19,22300.0,9.97,8.04
NICSF,4/6/2026,8.96,9.47,8.96,9.31,3.91,11050.0,9.97,8.04
NICSF,4/7/2026,9.13,9.32,9.13,9.32,2.08,1470.0,9.97,8.04
NICSF,4/8/2026,9.32,9.5,9.32,9.45,1.39,8350.0,9.97,8.04
NICSF,4/9/2026,9.27,9.48,9.27,9.3,0.32,4400.0,9.97,8.04
NICSF,4/10/2026,9.3,9.4,9.27,9.3,0.0,4500.0,9.97,8.04
NICSF,4/13/2026,9.27,9.44,9.27,9.43,1.73,9033.0,9.97,8.04
NICSF,4/15/2026,9.3,9.47,9.28,9.4,1.08,4670.0,9.97,8.04
NICSF,4/16/2026,9.27,9.45,9.27,9.45,1.94,19500.0,9.97,8.04
NICSF,4/17/2026,9.27,9.45,9.25,9.27,0.0,5500.0,9.97,8.04
NICSF,4/20/2026,9.3,9.37,9.06,9.16,-1.51,12660.0,9.97,8.04
NICSF,4/21/2026,9.2,9.3,8.94,9.21,0.11,7525.0,9.97,8.04
NICSF,4/22/2026,9.2,9.39,9.11,9.39,2.07,2657.0,9.97,8.04
NICSF,4/23/2026,9.12,9.19,9.12,9.18,0.66,5300.0,9.97,8.04
NICSF,4/24/2026,9.18,9.37,9.01,9.2,0.22,4416.0,9.97,8.04
NICSF,4/27/2026,9.2,9.4,9.2,9.26,0.65,4400.0,9.97,8.04
NICSF,4/28/2026,9.26,9.25,9.1,9.16,-1.08,5150.0,9.97,8.04
NICSF,4/29/2026,9.16,9.4,9.15,9.4,2.62,1900.0,9.97,8.04
NICSF,4/30/2026,9.3,9.38,9.07,9.38,0.86,7850.0,9.97,8.04
NICSF,5/4/2026,9.1,9.67,8.89,9.25,1.65,54830.0,9.97,8.04
NICSF,5/5/2026,9.4,9.52,9.2,9.28,-1.28,6400.0,9.97,8.04
NICSF,5/6/2026,9.25,9.55,9.12,9.45,2.16,27518.0,9.97,8.04
NICSF,5/7/2026,9.7,9.7,9.6,9.6,-1.03,200.0,9.97,8.04
NICSF,5/8/2026,9.32,9.7,9.25,9.7,4.08,14850.0,9.97,8.04
NICSF,5/11/2026,9.97,9.97,9.25,9.6,-3.71,2900.0,9.97,8.04
NICSF,5/12/2026,9.4,9.6,9.32,9.58,1.91,1500.0,9.97,8.04
NICSF,5/13/2026,9.4,9.78,9.14,9.24,-1.7,4400.0,9.97,8.04
NICSF,5/14/2026,9.25,9.25,9.0,9.25,0.0,29101.0,9.97,8.04
NICSF,5/15/2026,9.5,9.5,8.97,9.15,-3.68,48650.0,9.97,8.04
NICSF,5/18/2026,9.2,9.4,9.0,9.25,0.54,15401.0,9.97,8.04
NICSF,5/19/2026,9.02,9.25,9.01,9.25,2.55,11101.0,9.97,8.04
NICSF,5/20/2026,9.0,9.4,9.0,9.36,4.0,13960.0,9.97,8.04
NICSF,5/21/2026,9.36,9.6,9.12,9.13,-2.46,2727.0,9.97,8.04
NICSF,5/22/2026,9.4,9.58,9.17,9.29,-1.17,18725.0,9.97,8.04
NICSF,5/25/2026,9.39,9.39,9.11,9.2,-2.02,2500.0,9.97,8.04
NICSF,5/26/2026,9.3,9.4,9.13,9.3,0.0,1310.0,9.97,8.04
NICSF,5/27/2026,9.07,9.34,9.07,9.32,2.76,4925.0,9.97,8.04
NICSF,6/1/2026,9.4,9.46,9.1,9.1,-3.19,16000.0,9.97,8.04
NICSF,6/2/2026,9.37,9.37,9.1,9.13,-2.56,5247.0,9.97,8.04
NICSF,6/3/2026,9.4,9.4,9.11,9.32,-0.85,2600.0,9.97,8.04
NICSF,6/4/2026,9.4,9.4,9.1,9.29,-1.17,9050.0,9.97,8.04
NICSF,6/5/2026,9.4,9.4,9.13,9.35,-0.53,2700.0,9.97,8.04
NICSF,6/8/2026,9.37,9.6,9.11,9.31,-0.64,90353.0,9.97,8.04
NICSF,6/9/2026,9.26,9.44,9.25,9.44,1.94,45346.0,9.97,8.04
NICSF,6/10/2026,9.6,9.6,9.22,9.49,-1.15,34650.0,9.97,8.04
NICSF,6/11/2026,9.25,9.45,9.25,9.45,2.16,18600.0,9.97,8.04
NICSF,6/12/2026,9.5,9.6,9.2,9.4,-1.05,25500.0,9.97,8.04
NICSF,6/15/2026,9.25,9.45,9.25,9.4,1.62,23600.0,9.97,8.04
NICSF,6/16/2026,9.8,9.8,9.26,9.53,-2.76,31040.0,9.97,8.04
NICSF,6/17/2026,9.4,9.48,9.3,9.3,-1.06,9789.0,9.97,8.04
NICSF,6/18/2026,9.3,9.57,9.28,9.3,0.0,7150.0,9.97,8.04
NICSF,6/19/2026,9.22,9.29,9.22,9.23,0.11,4150.0,9.97,8.04
NICSF,6/22/2026,9.23,9.28,9.23,9.28,0.54,6610.0,9.97,8.04
NICSF,6/23/2026,9.2,9.58,9.2,9.38,1.96,30895.0,9.97,8.04
NICSF,6/24/2026,9.2,9.39,9.15,9.3,1.09,14500.0,9.97,8.04
NICSF,6/26/2026,9.2,9.44,9.2,9.44,2.61,4040.0,9.97,8.04
NICSF,6/29/2026,9.25,9.35,9.25,9.35,1.08,12200.0,9.97,8.04
NICSF,6/30/2026,9.3,9.5,9.25,9.3,0.0,32650.0,9.97,8.04
NICSF,7/1/2026,9.22,9.35,9.21,9.3,0.87,10700.0,9.97,8.04
NICSF,7/2/2026,9.26,9.48,9.26,9.48,2.38,24800.0,9.97,8.04
NICSF,7/3/2026,9.21,9.24,9.21,9.24,0.33,6300.0,9.97,8.04
NICSF,7/6/2026,9.24,9.35,8.92,9.35,1.19,18300.0,9.97,8.04
NICSF,7/7/2026,9.2,9.36,8.96,9.16,-0.43,1700.0,9.97,8.04
NICSF,7/8/2026,9.2,9.45,9.17,9.4,2.17,45900.0,9.97,8.04
NICSF,7/9/2026,9.35,9.35,9.1,9.1,-2.67,52784.0,9.97,8.04
NICSF,7/10/2026,9.3,9.4,9.3,9.35,0.54,39725.0,9.97,8.04
NICSF,7/13/2026,9.36,9.37,9.03,9.2,-1.71,3062450.0,9.97,8.04
NICSF,7/14/2026,9.35,9.35,9.35,9.35,0.0,125000.0,9.97,8.04
NICSF,7/15/2026,9.07,9.07,8.91,9.0,-0.77,1600.0,9.97,8.04
NICSF,7/16/2026,9.0,9.2,9.0,9.1,1.11,2800.0,9.97,8.04
NICSF,7/17/2026,9.1,9.26,9.0,9.26,1.76,2900.0,9.97,8.04
NICSF,7/20/2026,9.0,9.4,9.0,9.27,3.0,1855.0,9.97,8.04
NICSF,7/21/2026,9.01,9.2,8.74,9.0,-0.11,5550.0,9.97,8.04
NICSF,7/22/2026,9.01,9.2,9.0,9.0,-0.11,7300.0,9.97,8.04
NICSF,7/23/2026,8.9,9.2,8.8,9.2,3.37,824.0,9.97,8.04
NICSF,7/24/2026,9.2,9.2,8.93,9.2,0.0,11980.0,9.97,8.04
NICSF,7/27/2026,8.93,9.0,8.81,9.0,0.78,1200.0,9.97,8.04
NICSF,7/28/2026,8.8,9.0,8.8,8.9,1.14,22080.0,9.97,8.04
NICSF,7/29/2026,9.0,9.0,8.92,8.95,-0.56,6100.0,9.97,8.04
NICSF,7/30/2026,9.0,9.0,8.8,8.8,-2.22,6900.0,9.97,8.04
NICSF,7/31/2026,8.97,9.0,8.77,9.0,0.33,4420.0,9.97,8.04
NICSF,8/3/2026,8.75,9.11,8.75,9.0,2.86,350000.0,9.97,8.04
NICSF,8/4/2026,9.0,9.0,8.8,8.8,-2.22,2300.0,9.97,8.04
NICSF,8/5/2026,8.8,8.8,8.52,8.8,0.0,5300.0,9.97,8.04
NICSF,8/6/2026,8.6,8.6,8.56,8.56,-0.47,500.0,9.97,8.04
NICSF,8/7/2026,8.56,8.95,8.56,8.9,3.97,6700.0,9.97,8.04
NICSF,8/10/2026,9.0,9.0,8.64,8.64,-4.0,15345.0,9.97,8.04
NICSF,8/11/2026,8.6,8.66,8.6,8.66,0.7,200.0,9.97,8.04
NICSF,8/12/2026,8.8,9.0,8.8,8.83,0.34,33117.0,9.97,8.04
NICSF,8/13/2026,8.6,9.0,8.6,8.89,3.37,1710.0,9.97,8.04
NICSF,8/14/2026,9.0,9.16,8.9,9.0,0.0,1790.0,9.97,8.04
NICSF,8/17/2026,8.8,8.81,8.73,8.73,-0.8,1900.0,9.97,8.04
NICSF,8/18/2026,8.99,8.99,8.5,8.51,-5.34,9800.0,9.97,8.04
NICSF,8/19/2026,8.3,8.3,8.3,8.3,0.0,1600.0,9.97,8.04
NICSF,8/20/2026,8.4,8.85,8.3,8.85,5.36,2050.0,9.97,8.04
NICSF,8/21/2026,9.0,9.1,8.77,8.77,-2.56,21660.0,9.97,8.04
NICSF,8/24/2026,8.77,9.19,8.77,8.85,0.91,11540.0,9.97,8.04
NICSF,8/25/2026,8.8,8.8,8.61,8.67,-1.48,2740.0,9.97,8.04
NICSF,8/26/2026,8.6,8.6,8.36,8.36,-2.79,600.0,9.97,8.04
NICSF,8/27/2026,8.6,8.61,8.45,8.48,-1.4,6400.0,9.97,8.04
NICSF,8/31/2026,8.43,8.48,8.2,8.2,-2.73,8100.0,9.97,8.04
NICSF,9/1/2026,8.25,8.4,8.25,8.28,0.36,700.0,9.97,8.04
NICSF,9/2/2026,8.36,8.52,8.35,8.52,1.91,2200.0,9.97,8.04
NICSF,9/3/2026,8.55,8.55,8.31,8.31,-2.81,2037.0,9.97,8.04
NICSF,9/7/2026,8.22,8.47,8.21,8.35,1.58,1100.0,9.97,8.04
NICSF,9/9/2026,8.35,8.35,8.25,8.25,-1.2,450.0,9.97,8.04
NICSF,9/10/2026,8.21,8.25,8.2,8.25,0.49,4200.0,9.97,8.04
NICSF,9/11/2026,8.17,8.2,8.17,8.2,0.37,700.0,9.97,8.04
NICSF,9/14/2026,8.2,8.6,8.2,8.6,4.88,2600.0,9.97,8.04
NICSF,9/15/2026,8.5,8.5,8.4,8.5,0.0,1200.0,9.97,8.04
NICSF,9/16/2026,8.5,8.5,8.5,8.5,0.0,7245.0,9.97,8.04
NICSF,9/17/2026,8.35,8.68,8.2,8.68,3.95,4700.0,9.97,8.04
NICSF,9/18/2026,8.43,8.51,8.43,8.51,0.95,700.0,9.97,8.04
NICSF,9/22/2026,8.26,8.65,8.26,8.4,1.69,12180.0,9.97,8.04
NICSF,9/23/2026,8.21,8.6,8.21,8.6,4.75,2850.0,9.97,8.04
NICSF,9/24/2026,8.8,8.85,8.2,8.6,-2.27,4648.0,9.97,8.04
NICSF,9/28/2026,8.4,8.5,8.21,8.3,-1.19,6300.0,9.97,8.04
NICSF,9/29/2026,8.54,8.6,8.5,0.0,-100.0,5900.0,9.97,8.04
NICSF,9/30/2026,8.6,8.8,8.31,8.32,-3.26,4300.0,9.97,8.04
NICSF,10/1/2026,8.31,8.54,8.31,8.5,2.29,5490.0,9.97,8.04
NICSF,10/2/2026,8.5,8.75,8.32,8.32,-2.12,8852.0,9.97,8.04
NIFRA,4/25/2021,565.0,570.0,537.0,541.0,,723657.0,299.0,232.0
NIFRA,4/26/2021,540.0,541.0,520.0,526.0,-2.77,476237.0,299.0,232.0
NIFRA,4/27/2021,520.0,548.0,517.0,547.0,3.99,392155.0,299.0,232.0
NIFRA,4/28/2021,550.0,555.0,532.0,545.0,-0.37,209761.0,299.0,232.0
NIFRA,4/29/2021,545.0,549.0,534.0,542.0,-0.55,210781.0,299.0,232.0
NIFRA,5/2/2021,542.0,545.0,535.0,542.0,0.0,448160.0,299.0,232.0
NIFRA,5/3/2021,542.0,554.0,542.0,544.0,0.37,368189.0,299.0,232.0
NIFRA,5/4/2021,560.0,560.0,541.0,544.0,0.0,302660.0,299.0,232.0
NIFRA,5/5/2021,544.0,544.0,539.0,540.0,-0.74,230204.0,299.0,232.0
NIFRA,5/6/2021,540.0,540.0,531.0,532.0,-1.48,282014.0,299.0,232.0
NIFRA,5/9/2021,530.0,535.0,520.0,528.0,-0.75,297827.0,299.0,232.0
NIFRA,5/10/2021,528.0,540.0,525.0,534.0,1.14,182691.0,299.0,232.0
NIFRA,5/11/2021,540.0,543.0,530.0,537.0,0.56,216667.0,299.0,232.0
NIFRA,5/12/2021,511.0,545.0,511.0,534.0,-0.56,167760.0,299.0,232.0
NIFRA,5/13/2021,534.0,537.0,525.0,531.0,-0.56,256911.0,299.0,232.0
NIFRA,5/16/2021,535.0,549.0,526.0,547.0,3.01,546356.0,299.0,232.0
NIFRA,5/17/2021,555.0,560.0,545.0,546.0,-0.18,331567.0,299.0,232.0
NIFRA,5/18/2021,546.0,553.0,542.0,544.0,-0.37,314084.0,299.0,232.0
NIFRA,5/19/2021,544.0,552.0,537.0,538.0,-1.1,323110.0,299.0,232.0
NIFRA,5/20/2021,560.0,560.0,530.0,537.0,-0.19,371438.0,299.0,232.0
NIFRA,5/23/2021,537.0,543.0,529.0,538.0,0.19,362473.0,299.0,232.0
NIFRA,5/24/2021,539.0,545.0,535.0,536.0,-0.37,344835.0,299.0,232.0
NIFRA,5/25/2021,555.0,555.0,532.0,534.0,-0.37,261918.0,299.0,232.0
NIFRA,5/27/2021,534.0,536.0,529.0,530.0,-0.75,391248.0,299.0,232.0
NIFRA,5/30/2021,530.0,545.0,528.0,530.0,0.0,522428.0,299.0,232.0
NIFRA,5/31/2021,530.0,535.0,526.0,526.0,-0.75,332230.0,299.0,232.0
NIFRA,6/1/2021,526.0,532.0,523.0,525.0,-0.19,285458.0,299.0,232.0
NIFRA,6/2/2021,525.0,528.0,523.0,524.0,-0.19,312966.0,299.0,232.0
NIFRA,6/3/2021,525.0,540.0,525.0,533.0,1.72,618859.0,299.0,232.0
NIFRA,6/6/2021,542.0,581.0,542.0,578.0,8.44,1478885.0,299.0,232.0
NIFRA,6/7/2021,590.0,599.0,566.0,572.0,-1.04,805770.0,299.0,232.0
NIFRA,6/8/2021,578.0,578.0,560.0,561.0,-1.92,588485.0,299.0,232.0
NIFRA,6/9/2021,561.0,568.0,547.0,549.0,-2.14,466594.0,299.0,232.0
NIFRA,6/10/2021,560.0,560.0,540.0,541.0,-1.46,444293.0,299.0,232.0
NIFRA,6/13/2021,541.0,548.0,534.0,537.0,-0.74,419915.0,299.0,232.0
NIFRA,6/14/2021,540.0,565.0,539.0,550.0,2.42,577558.0,299.0,232.0
NIFRA,6/15/2021,563.0,563.0,539.0,539.0,-2.0,320786.0,299.0,232.0
NIFRA,6/16/2021,525.0,536.0,523.0,534.0,-0.93,483442.0,299.0,232.0
NIFRA,6/17/2021,534.0,535.0,525.0,529.0,-0.94,464954.0,299.0,232.0
NIFRA,6/20/2021,520.0,537.0,520.0,523.0,-1.13,388678.0,299.0,232.0
NIFRA,6/21/2021,523.0,526.0,509.0,510.0,-2.49,420675.0,299.0,232.0
NIFRA,6/22/2021,515.0,524.0,505.0,524.0,2.75,402416.0,299.0,232.0
NIFRA,6/23/2021,529.0,533.0,511.0,512.0,-2.29,201087.0,299.0,232.0
NIFRA,6/24/2021,512.0,518.0,508.0,510.0,-0.39,252503.0,299.0,232.0
NIFRA,6/27/2021,510.0,519.0,506.0,511.0,0.2,306783.0,299.0,232.0
NIFRA,6/28/2021,515.0,518.0,505.0,509.0,-0.39,185355.0,299.0,232.0
NIFRA,6/29/2021,509.0,515.0,502.0,503.0,-1.18,247114.0,299.0,232.0
NIFRA,6/30/2021,503.0,505.0,495.0,500.0,-0.6,240095.0,299.0,232.0
NIFRA,7/1/2021,505.0,508.0,500.0,501.0,0.2,209366.0,299.0,232.0
NIFRA,7/4/2021,501.0,505.0,496.0,497.0,-0.8,184761.0,299.0,232.0
NIFRA,7/5/2021,497.0,499.0,488.0,489.0,-1.61,271311.0,299.0,232.0
NIFRA,7/6/2021,489.0,495.0,481.0,484.0,-1.02,255098.0,299.0,232.0
NIFRA,7/7/2021,484.0,486.0,478.0,479.0,-1.03,227513.0,299.0,232.0
NIFRA,7/8/2021,480.0,508.0,473.0,490.0,2.3,290179.0,299.0,232.0
NIFRA,7/11/2021,495.0,512.0,495.0,511.0,4.29,373329.0,299.0,232.0
NIFRA,7/12/2021,536.0,536.0,490.0,495.0,-3.13,364593.0,299.0,232.0
NIFRA,7/13/2021,504.0,504.0,488.0,494.0,-0.2,253886.0,299.0,232.0
NIFRA,7/14/2021,494.0,505.0,489.0,491.0,-0.61,154072.0,299.0,232.0
NIFRA,7/15/2021,495.0,497.0,490.0,492.0,0.2,164324.0,299.0,232.0
NIFRA,7/18/2021,492.0,504.0,492.0,499.0,1.42,207820.0,299.0,232.0
NIFRA,7/19/2021,502.0,508.0,495.4,498.0,-0.2,212059.0,299.0,232.0
NIFRA,7/20/2021,498.0,500.0,491.0,492.0,-1.2,159685.0,299.0,232.0
NIFRA,7/22/2021,492.0,497.0,490.0,492.6,0.12,209467.0,299.0,232.0
NIFRA,7/25/2021,492.0,498.0,490.1,492.0,-0.12,300559.0,299.0,232.0
NIFRA,7/26/2021,495.0,496.0,487.1,488.0,-0.81,294200.0,299.0,232.0
NIFRA,7/27/2021,486.0,495.2,482.0,492.5,0.92,293096.0,299.0,232.0
NIFRA,7/28/2021,492.0,495.0,486.1,490.0,-0.51,216256.0,299.0,232.0
NIFRA,7/29/2021,490.0,493.0,486.6,487.0,-0.61,206567.0,299.0,232.0
NIFRA,8/1/2021,496.7,496.7,484.1,484.7,-0.47,220642.0,299.0,232.0
NIFRA,8/2/2021,485.0,485.2,481.1,481.5,-0.66,232036.0,299.0,232.0
NIFRA,8/3/2021,491.0,491.0,480.0,483.5,0.42,233403.0,299.0,232.0
NIFRA,8/4/2021,473.9,516.0,473.9,499.5,3.31,552344.0,299.0,232.0
NIFRA,8/5/2021,500.0,505.0,489.0,492.0,-1.5,226837.0,299.0,232.0
NIFRA,8/8/2021,488.0,488.0,480.0,482.0,-2.03,392438.0,299.0,232.0
NIFRA,8/9/2021,482.0,482.0,477.0,478.0,-0.83,311376.0,299.0,232.0
NIFRA,8/10/2021,478.0,487.5,475.0,481.0,0.63,344596.0,299.0,232.0
NIFRA,8/11/2021,490.0,490.0,476.0,478.0,-0.62,267068.0,299.0,232.0
NIFRA,8/12/2021,487.0,487.0,475.0,475.5,-0.52,296207.0,299.0,232.0
NIFRA,8/15/2021,477.0,482.0,467.0,468.0,-1.58,365348.0,299.0,232.0
NIFRA,8/16/2021,470.0,470.0,460.1,461.9,-1.3,329789.0,299.0,232.0
NIFRA,8/17/2021,461.0,466.0,455.0,456.0,-1.28,374615.0,299.0,232.0
NIFRA,8/18/2021,456.0,494.0,449.5,480.0,5.26,693344.0,299.0,232.0
NIFRA,8/19/2021,489.6,492.0,465.0,468.1,-2.48,297630.0,299.0,232.0
NIFRA,8/24/2021,469.0,469.0,457.0,458.3,-2.09,212566.0,299.0,232.0
NIFRA,8/25/2021,456.0,456.0,450.2,451.2,-1.55,203612.0,299.0,232.0
NIFRA,8/26/2021,452.0,460.0,447.0,448.4,-0.62,268366.0,299.0,232.0
NIFRA,8/29/2021,440.0,453.0,439.0,439.1,-2.07,308431.0,299.0,232.0
NIFRA,8/31/2021,439.0,444.0,427.0,428.0,-2.53,284420.0,299.0,232.0
NIFRA,9/1/2021,428.0,442.6,427.0,431.0,0.7,189142.0,299.0,232.0
NIFRA,9/2/2021,435.0,439.6,417.0,418.5,-2.9,262291.0,299.0,232.0
NIFRA,9/5/2021,426.8,426.8,400.0,402.0,-3.94,344529.0,299.0,232.0
NIFRA,9/6/2021,400.0,424.0,400.0,423.5,5.35,245189.0,299.0,232.0
NIFRA,9/7/2021,430.0,430.0,409.1,412.2,-2.67,162279.0,299.0,232.0
NIFRA,9/8/2021,412.0,412.0,404.0,404.0,-1.99,133879.0,299.0,232.0
NIFRA,9/9/2021,404.0,414.0,401.1,404.1,0.02,132126.0,299.0,232.0
NIFRA,9/12/2021,410.0,412.0,403.0,403.7,-0.1,187082.0,299.0,232.0
NIFRA,9/13/2021,403.0,410.0,400.0,401.5,-0.54,215429.0,299.0,232.0
NIFRA,9/14/2021,401.0,404.0,399.0,399.7,-0.45,218439.0,299.0,232.0
NIFRA,9/15/2021,399.0,402.0,394.0,394.5,-1.3,179287.0,299.0,232.0
NIFRA,9/16/2021,395.0,395.0,384.7,388.5,-1.52,230337.0,299.0,232.0
NIFRA,9/20/2021,388.0,389.9,364.6,365.0,-6.05,291101.0,299.0,232.0
NIFRA,9/21/2021,365.0,397.0,351.7,382.0,4.66,541390.0,299.0,232.0
NIFRA,9/22/2021,389.0,400.0,385.0,389.0,1.83,250875.0,299.0,232.0
NIFRA,9/23/2021,382.7,398.0,377.0,379.0,-2.57,192952.0,299.0,232.0
NIFRA,9/26/2021,386.5,386.5,364.0,364.6,-3.8,161812.0,299.0,232.0
NIFRA,9/27/2021,364.6,370.1,349.0,350.0,-4.0,206877.0,299.0,232.0
NIFRA,9/28/2021,350.0,357.0,338.2,339.8,-2.91,198611.0,299.0,232.0
NIFRA,9/29/2021,338.0,352.0,331.3,350.9,3.27,170926.0,299.0,232.0
NIFRA,9/30/2021,352.0,354.0,343.2,344.3,-1.88,100402.0,299.0,232.0
NIFRA,10/3/2021,350.0,350.0,334.0,335.0,-2.7,102615.0,299.0,232.0
NIFRA,10/4/2021,340.0,340.0,326.0,332.0,-0.9,96660.0,299.0,232.0
NIFRA,10/5/2021,332.0,339.0,332.0,336.0,1.2,88376.0,299.0,232.0
NIFRA,10/6/2021,336.0,344.9,336.0,344.0,2.38,121946.0,299.0,232.0
NIFRA,10/10/2021,350.0,350.0,343.0,344.0,0.0,89147.0,299.0,232.0
NIFRA,10/11/2021,350.8,378.4,350.0,361.5,5.09,324332.0,299.0,232.0
NIFRA,10/17/2021,368.7,368.7,354.0,360.0,-0.41,75468.0,299.0,232.0
NIFRA,10/18/2021,360.0,364.0,344.0,348.0,-3.33,95320.0,299.0,232.0
NIFRA,10/19/2021,345.0,346.0,332.5,335.0,-3.74,129619.0,299.0,232.0
NIFRA,10/20/2021,338.0,350.0,338.0,342.5,2.24,79034.0,299.0,232.0
NIFRA,10/21/2021,343.0,348.8,336.0,338.0,-1.31,66702.0,299.0,232.0
NIFRA,10/24/2021,338.0,344.0,336.0,337.2,-0.24,71357.0,299.0,232.0
NIFRA,10/25/2021,337.0,347.0,337.0,346.9,2.88,81851.0,299.0,232.0
NIFRA,10/26/2021,345.0,358.0,345.0,355.0,2.33,129038.0,299.0,232.0
NIFRA,10/27/2021,355.0,362.0,349.0,353.0,-0.56,86232.0,299.0,232.0
NIFRA,10/28/2021,353.0,353.0,347.0,348.8,-1.19,87422.0,299.0,232.0
NIFRA,10/31/2021,350.0,355.0,349.0,351.4,0.75,121645.0,299.0,232.0
NIFRA,11/1/2021,358.0,358.0,348.0,349.0,-0.68,114146.0,299.0,232.0
NIFRA,11/2/2021,349.0,350.0,345.0,349.7,0.2,61891.0,299.0,232.0
NIFRA,11/3/2021,345.0,352.0,345.0,349.0,-0.2,71443.0,299.0,232.0
NIFRA,11/8/2021,355.9,375.0,355.0,372.0,6.59,253551.0,299.0,232.0
NIFRA,11/9/2021,372.0,385.0,362.6,374.0,0.54,242919.0,299.0,232.0
NIFRA,11/11/2021,370.0,375.0,360.0,361.0,-3.48,114346.0,299.0,232.0
NIFRA,11/14/2021,368.2,375.5,355.0,355.0,-1.66,118795.0,299.0,232.0
NIFRA,11/15/2021,355.0,365.8,355.0,355.8,0.23,83297.0,299.0,232.0
NIFRA,11/16/2021,350.0,367.2,350.0,358.0,0.62,76190.0,299.0,232.0
NIFRA,11/17/2021,365.0,370.0,360.1,361.5,0.98,113811.0,299.0,232.0
NIFRA,11/18/2021,361.0,365.0,356.1,357.0,-1.24,114092.0,299.0,232.0
NIFRA,11/21/2021,360.0,364.0,354.0,355.4,-0.45,86458.0,299.0,232.0
NIFRA,11/22/2021,355.0,363.0,353.0,358.9,0.98,128568.0,299.0,232.0
NIFRA,11/23/2021,358.9,361.0,351.9,353.0,-1.64,84926.0,299.0,232.0
NIFRA,11/24/2021,360.0,360.0,350.0,358.0,1.42,204852.0,299.0,232.0
NIFRA,11/25/2021,338.1,338.1,332.0,335.0,-6.42,131504.0,299.0,232.0
NIFRA,11/28/2021,336.0,336.0,313.6,321.0,-4.18,177279.0,299.0,232.0
NIFRA,11/29/2021,321.0,321.0,316.0,316.2,-1.5,81228.0,299.0,232.0
NIFRA,11/30/2021,317.0,320.0,308.0,312.5,-1.17,91375.0,299.0,232.0
NIFRA,12/1/2021,310.0,316.1,310.0,313.6,0.35,77321.0,299.0,232.0
NIFRA,12/2/2021,307.4,316.0,307.4,310.0,-1.15,71495.0,299.0,232.0
NIFRA,12/5/2021,316.2,316.2,297.1,299.0,-3.55,148968.0,299.0,232.0
NIFRA,12/6/2021,299.0,302.0,288.0,298.1,-0.3,158263.0,299.0,232.0
NIFRA,12/7/2021,300.0,313.0,290.0,297.0,-0.37,148038.0,299.0,232.0
NIFRA,12/8/2021,298.0,301.0,290.0,293.6,-1.14,70229.0,299.0,232.0
NIFRA,12/9/2021,293.6,298.7,290.5,296.0,0.82,68966.0,299.0,232.0
NIFRA,12/12/2021,299.0,299.0,284.2,284.2,-3.99,146644.0,299.0,232.0
NIFRA,12/13/2021,279.0,280.0,268.5,270.1,-4.96,134542.0,299.0,232.0
NIFRA,12/14/2021,275.0,291.0,275.0,290.0,7.37,57731.0,299.0,232.0
NIFRA,12/15/2021,295.8,310.0,285.0,291.9,0.66,174205.0,299.0,232.0
NIFRA,12/16/2021,297.6,297.7,286.2,289.0,-0.99,74886.0,299.0,232.0
NIFRA,12/20/2021,288.0,292.5,284.0,289.0,0.0,51655.0,299.0,232.0
NIFRA,12/21/2021,289.0,294.6,287.0,291.0,0.69,52346.0,299.0,232.0
NIFRA,12/22/2021,290.0,301.0,290.0,301.0,3.44,100683.0,299.0,232.0
NIFRA,12/23/2021,301.0,307.0,296.8,302.0,0.33,116170.0,299.0,232.0
NIFRA,12/26/2021,302.0,310.0,300.0,302.0,0.0,77040.0,299.0,232.0
NIFRA,12/27/2021,304.9,307.9,292.0,293.0,-2.98,83592.0,299.0,232.0
NIFRA,12/28/2021,290.0,294.9,284.0,291.9,-0.38,78749.0,299.0,232.0
NIFRA,12/29/2021,290.0,293.5,289.0,291.0,-0.31,51602.0,299.0,232.0
NIFRA,1/2/2022,291.0,295.0,290.0,292.0,0.34,75101.0,299.0,232.0
NIFRA,1/3/2022,287.0,297.0,287.0,293.9,0.65,58152.0,299.0,232.0
NIFRA,1/4/2022,294.1,322.0,289.1,316.0,7.52,181835.0,299.0,232.0
NIFRA,1/5/2022,316.0,320.0,307.0,307.9,-2.56,113843.0,299.0,232.0
NIFRA,1/6/2022,305.0,311.0,301.8,308.0,0.03,72266.0,299.0,232.0
NIFRA,1/9/2022,308.0,320.9,308.0,316.0,2.6,152930.0,299.0,232.0
NIFRA,1/10/2022,316.0,324.0,314.0,318.0,0.63,165581.0,299.0,232.0
NIFRA,1/11/2022,324.3,345.0,317.9,339.0,6.6,217947.0,299.0,232.0
NIFRA,1/12/2022,340.0,372.9,340.0,372.9,10.0,443532.0,299.0,232.0
NIFRA,1/13/2022,380.3,400.0,372.9,392.9,5.36,572402.0,299.0,232.0
NIFRA,1/16/2022,400.0,415.0,385.0,389.0,-0.99,640840.0,299.0,232.0
NIFRA,1/17/2022,390.0,396.0,376.0,382.5,-1.67,280447.0,299.0,232.0
NIFRA,1/18/2022,382.0,384.0,370.1,372.1,-2.72,263726.0,299.0,232.0
NIFRA,1/19/2022,372.0,373.0,363.1,368.0,-1.1,209171.0,299.0,232.0
NIFRA,1/20/2022,372.0,375.0,366.0,374.0,1.63,217424.0,299.0,232.0
NIFRA,1/23/2022,374.0,382.0,368.0,372.0,-0.53,183380.0,299.0,232.0
NIFRA,1/24/2022,374.0,374.0,352.0,356.0,-4.3,256935.0,299.0,232.0
NIFRA,1/25/2022,358.0,362.0,342.0,353.5,-0.7,160557.0,299.0,232.0
NIFRA,1/26/2022,354.0,354.0,339.0,343.1,-2.94,162777.0,299.0,232.0
NIFRA,1/27/2022,343.0,350.0,340.1,341.0,-0.61,110333.0,299.0,232.0
NIFRA,1/30/2022,347.8,375.1,347.8,375.1,10.0,335843.0,299.0,232.0
NIFRA,1/31/2022,382.6,391.5,368.0,379.0,1.04,432113.0,299.0,232.0
NIFRA,2/1/2022,386.5,386.5,372.5,376.0,-0.79,234316.0,299.0,232.0
NIFRA,2/3/2022,383.0,392.0,376.0,376.5,0.13,479810.0,299.0,232.0
NIFRA,2/6/2022,376.5,381.0,365.3,380.0,0.93,261674.0,299.0,232.0
NIFRA,2/7/2022,375.0,413.0,375.0,410.1,7.92,1227275.0,299.0,232.0
NIFRA,2/8/2022,418.3,435.0,398.0,405.0,-1.24,778107.0,299.0,232.0
NIFRA,2/9/2022,404.0,405.0,392.0,397.0,-1.98,357001.0,299.0,232.0
NIFRA,2/10/2022,392.0,401.0,390.0,392.0,-1.26,329169.0,299.0,232.0
NIFRA,2/13/2022,385.0,385.0,360.7,367.0,-6.38,685053.0,299.0,232.0
NIFRA,2/14/2022,360.0,379.9,360.0,364.0,-0.82,303691.0,299.0,232.0
NIFRA,2/15/2022,356.8,381.0,356.8,377.0,3.57,163852.0,299.0,232.0
NIFRA,2/16/2022,384.0,384.0,367.0,372.0,-1.33,219828.0,299.0,232.0
NIFRA,2/17/2022,372.0,374.0,366.0,369.0,-0.81,116473.0,299.0,232.0
NIFRA,2/20/2022,369.0,374.0,355.0,361.5,-2.03,224491.0,299.0,232.0
NIFRA,2/21/2022,368.0,375.0,362.0,365.9,1.22,118146.0,299.0,232.0
NIFRA,2/22/2022,366.0,371.0,363.2,364.9,-0.27,111847.0,299.0,232.0
NIFRA,2/23/2022,361.0,367.0,358.0,360.0,-1.34,137830.0,299.0,232.0
NIFRA,2/24/2022,360.0,360.9,350.0,354.0,-1.67,235395.0,299.0,232.0
NIFRA,2/27/2022,354.0,360.0,345.1,351.0,-0.85,155707.0,299.0,232.0
NIFRA,2/28/2022,358.0,365.0,341.8,343.9,-2.02,173421.0,299.0,232.0
NIFRA,3/2/2022,343.9,345.9,329.0,331.0,-3.75,220597.0,299.0,232.0
NIFRA,3/6/2022,331.0,338.0,325.1,331.0,0.0,129473.0,299.0,232.0
NIFRA,3/7/2022,332.0,337.0,328.0,330.0,-0.3,107525.0,299.0,232.0
NIFRA,3/9/2022,330.0,333.0,321.5,323.0,-2.12,96432.0,299.0,232.0
NIFRA,3/10/2022,323.0,336.0,319.0,336.0,4.02,185613.0,299.0,232.0
NIFRA,3/13/2022,342.0,356.0,338.0,354.0,5.36,227867.0,299.0,232.0
NIFRA,3/14/2022,354.0,358.0,345.0,348.0,-1.69,82838.0,299.0,232.0
NIFRA,3/15/2022,350.0,350.0,340.0,342.0,-1.72,157124.0,299.0,232.0
NIFRA,3/16/2022,341.0,345.9,337.5,337.5,-1.32,106986.0,299.0,232.0
NIFRA,3/20/2022,340.0,357.0,336.0,354.0,4.89,171499.0,299.0,232.0
NIFRA,3/21/2022,360.0,360.0,347.1,353.0,-0.28,180026.0,299.0,232.0
NIFRA,3/22/2022,353.0,360.0,353.0,353.1,0.03,138968.0,299.0,232.0
NIFRA,3/23/2022,353.1,353.1,346.1,348.0,-1.44,114510.0,299.0,232.0
NIFRA,3/24/2022,349.0,349.0,340.0,340.0,-2.3,128898.0,299.0,232.0
NIFRA,3/27/2022,337.0,343.0,331.0,332.0,-2.35,152689.0,299.0,232.0
NIFRA,3/28/2022,333.0,334.9,326.0,326.1,-1.78,134867.0,299.0,232.0
NIFRA,3/29/2022,326.1,334.0,325.0,326.5,0.12,100040.0,299.0,232.0
NIFRA,3/30/2022,332.0,338.6,326.0,337.0,3.22,103888.0,299.0,232.0
NIFRA,3/31/2022,337.0,341.0,330.0,331.5,-1.63,82958.0,299.0,232.0
NIFRA,4/3/2022,330.0,330.0,323.0,324.7,-2.05,92142.0,299.0,232.0
NIFRA,4/4/2022,324.0,328.0,322.0,323.6,-0.34,95123.0,299.0,232.0
NIFRA,4/5/2022,323.6,323.6,315.0,317.0,-2.04,138955.0,299.0,232.0
NIFRA,4/6/2022,315.0,322.0,311.1,318.0,0.32,130855.0,299.0,232.0
NIFRA,4/7/2022,312.0,329.9,312.0,324.0,1.89,138885.0,299.0,232.0
NIFRA,4/11/2022,330.4,337.0,318.0,318.5,-1.7,222068.0,299.0,232.0
NIFRA,4/12/2022,315.0,320.4,312.0,314.0,-1.41,117778.0,299.0,232.0
NIFRA,4/13/2022,310.7,320.0,310.0,316.0,0.64,102510.0,299.0,232.0
NIFRA,4/17/2022,315.0,320.0,309.5,310.0,-1.9,107084.0,299.0,232.0
NIFRA,4/18/2022,312.0,312.0,300.0,300.0,-3.23,122674.0,299.0,232.0
NIFRA,4/19/2022,300.0,309.0,293.0,302.0,0.67,99793.0,299.0,232.0
NIFRA,4/20/2022,300.0,305.0,295.0,296.3,-1.89,106913.0,299.0,232.0
NIFRA,4/21/2022,296.0,302.8,290.9,299.0,0.91,109454.0,299.0,232.0
NIFRA,4/24/2022,300.0,320.9,296.0,317.9,6.32,152478.0,299.0,232.0
NIFRA,4/25/2022,318.0,320.9,308.7,309.5,-2.64,113420.0,299.0,232.0
NIFRA,4/26/2022,310.0,313.0,303.8,305.5,-1.29,74586.0,299.0,232.0
NIFRA,4/27/2022,301.0,309.0,300.0,307.0,0.49,63206.0,299.0,232.0
NIFRA,4/28/2022,312.0,312.0,301.0,301.6,-1.76,114023.0,299.0,232.0
NIFRA,5/2/2022,302.0,302.0,295.0,295.3,-2.09,125585.0,299.0,232.0
NIFRA,5/4/2022,296.0,299.0,290.0,292.1,-1.08,99614.0,299.0,232.0
NIFRA,5/5/2022,293.0,295.0,285.0,286.5,-1.92,121469.0,299.0,232.0
NIFRA,5/8/2022,287.0,299.0,280.0,297.3,3.77,92245.0,299.0,232.0
NIFRA,5/9/2022,298.0,302.0,290.0,292.0,-1.78,110453.0,299.0,232.0
NIFRA,5/10/2022,295.0,300.0,292.0,299.2,2.47,68424.0,299.0,232.0
NIFRA,5/11/2022,294.7,311.0,294.7,309.0,3.28,98431.0,299.0,232.0
NIFRA,5/12/2022,309.0,315.0,301.1,302.0,-2.27,87012.0,299.0,232.0
NIFRA,5/17/2022,299.0,301.0,290.0,292.0,-3.31,77100.0,299.0,232.0
NIFRA,5/18/2022,296.0,296.9,287.1,290.0,-0.68,63188.0,299.0,232.0
NIFRA,5/19/2022,291.1,295.8,289.0,290.0,0.0,67614.0,299.0,232.0
NIFRA,5/20/2022,288.0,295.0,287.5,290.0,0.0,46782.0,299.0,232.0
NIFRA,5/23/2022,290.0,290.0,283.0,283.7,-2.17,73828.0,299.0,232.0
NIFRA,5/24/2022,287.0,289.9,280.6,286.0,0.81,43538.0,299.0,232.0
NIFRA,5/25/2022,290.0,292.9,285.5,285.5,-0.17,60952.0,299.0,232.0
NIFRA,5/26/2022,290.7,290.7,285.0,287.0,0.53,56271.0,299.0,232.0
NIFRA,5/27/2022,285.0,291.9,283.0,285.0,-0.7,49978.0,299.0,232.0
NIFRA,5/30/2022,285.0,289.0,277.0,277.4,-2.67,83006.0,299.0,232.0
NIFRA,5/31/2022,278.0,281.0,270.0,272.9,-1.62,90866.0,299.0,232.0
NIFRA,6/1/2022,275.0,277.0,271.0,274.5,0.59,60533.0,299.0,232.0
NIFRA,6/2/2022,275.5,279.0,271.0,271.1,-1.24,50586.0,299.0,232.0
NIFRA,6/3/2022,265.8,276.0,265.8,268.5,-0.96,52214.0,299.0,232.0
NIFRA,6/6/2022,273.0,275.9,266.0,269.1,0.22,67655.0,299.0,232.0
NIFRA,6/7/2022,268.1,271.0,262.0,262.0,-2.64,59946.0,299.0,232.0
NIFRA,6/8/2022,263.0,275.5,262.0,273.0,4.2,100083.0,299.0,232.0
NIFRA,6/9/2022,271.0,279.9,267.0,268.0,-1.83,80519.0,299.0,232.0
NIFRA,6/10/2022,273.0,273.0,264.1,268.9,0.34,35540.0,299.0,232.0
NIFRA,6/13/2022,265.1,270.0,264.0,264.6,-1.6,34768.0,299.0,232.0
NIFRA,6/14/2022,262.0,263.0,255.0,256.5,-3.06,99008.0,299.0,232.0
NIFRA,6/15/2022,257.5,257.5,247.0,252.0,-1.75,73439.0,299.0,232.0
NIFRA,6/16/2022,247.0,258.9,247.0,252.0,0.0,57997.0,299.0,232.0
NIFRA,6/17/2022,253.0,256.0,250.0,250.5,-0.6,21156.0,299.0,232.0
NIFRA,6/19/2022,250.0,254.0,242.0,242.0,-3.39,79012.0,299.0,232.0
NIFRA,6/20/2022,242.0,242.0,231.5,233.5,-3.51,97965.0,299.0,232.0
NIFRA,6/21/2022,233.0,245.0,230.1,241.0,3.21,78620.0,299.0,232.0
NIFRA,6/22/2022,241.0,241.0,235.0,236.0,-2.07,47674.0,299.0,232.0
NIFRA,6/23/2022,238.0,238.0,228.0,228.1,-3.35,77192.0,299.0,232.0
NIFRA,6/24/2022,228.0,240.0,221.5,232.4,1.89,60604.0,299.0,232.0
NIFRA,6/26/2022,232.0,249.0,232.0,248.5,6.93,118265.0,299.0,232.0
NIFRA,6/27/2022,253.4,255.0,240.4,241.0,-3.02,91212.0,299.0,232.0
NIFRA,6/28/2022,238.0,241.0,232.1,239.3,-0.71,78988.0,299.0,232.0
NIFRA,6/29/2022,244.0,245.0,235.0,243.0,1.55,60411.0,299.0,232.0
NIFRA,6/30/2022,247.0,257.0,244.0,254.6,4.77,121168.0,299.0,232.0
NIFRA,7/1/2022,250.0,260.0,250.0,251.0,-1.41,47058.0,299.0,232.0
NIFRA,7/3/2022,246.0,264.0,241.1,261.9,4.34,101703.0,299.0,232.0
NIFRA,7/4/2022,267.0,274.0,255.0,258.0,-1.49,178532.0,299.0,232.0
NIFRA,7/5/2022,252.9,261.0,247.0,247.0,-4.26,128069.0,299.0,232.0
NIFRA,7/6/2022,250.0,252.0,241.1,250.0,1.21,84478.0,299.0,232.0
NIFRA,7/7/2022,252.0,260.0,244.1,247.0,-1.2,67965.0,299.0,232.0
NIFRA,7/8/2022,248.0,249.0,237.5,240.5,-2.63,60023.0,299.0,232.0
NIFRA,7/11/2022,240.0,240.0,231.0,232.0,-3.53,110528.0,299.0,232.0
NIFRA,7/12/2022,232.0,239.0,230.3,233.0,0.43,92289.0,299.0,232.0
NIFRA,7/13/2022,233.0,244.0,230.5,244.0,4.72,73157.0,299.0,232.0
NIFRA,7/14/2022,244.0,250.9,241.0,242.4,-0.66,76790.0,299.0,232.0
NIFRA,7/15/2022,243.1,244.0,239.2,240.0,-0.99,40374.0,299.0,232.0
NIFRA,7/17/2022,243.0,246.0,240.0,242.0,0.83,57214.0,299.0,232.0
NIFRA,7/18/2022,241.0,247.0,240.0,243.5,0.62,46856.0,299.0,232.0
NIFRA,7/19/2022,244.0,250.0,243.1,244.0,0.21,68376.0,299.0,232.0
NIFRA,7/20/2022,244.0,248.0,242.0,245.0,0.41,39721.0,299.0,232.0
NIFRA,7/21/2022,245.0,245.0,240.0,240.3,-1.92,59653.0,299.0,232.0
NIFRA,7/22/2022,245.0,246.0,238.3,240.0,-0.12,71190.0,299.0,232.0
NIFRA,7/24/2022,244.0,248.0,239.9,246.5,2.71,123649.0,299.0,232.0
NIFRA,7/25/2022,249.0,255.0,245.1,253.0,2.64,157997.0,299.0,232.0
NIFRA,7/26/2022,255.0,257.0,245.0,245.1,-3.12,125228.0,299.0,232.0
NIFRA,7/27/2022,244.0,247.8,241.0,247.4,0.94,90584.0,299.0,232.0
NIFRA,7/28/2022,249.0,265.3,247.0,250.0,1.05,215017.0,299.0,232.0
NIFRA,7/29/2022,252.0,257.0,249.1,251.2,0.48,89958.0,299.0,232.0
NIFRA,7/31/2022,252.0,267.0,251.0,264.0,5.1,273966.0,299.0,232.0
NIFRA,8/1/2022,268.0,269.2,260.0,263.0,-0.38,211469.0,299.0,232.0
NIFRA,8/2/2022,264.0,264.0,255.5,259.0,-1.52,105893.0,299.0,232.0
NIFRA,8/3/2022,264.0,264.0,253.0,254.0,-1.93,140288.0,299.0,232.0
NIFRA,8/4/2022,254.0,256.0,247.0,248.0,-2.36,154422.0,299.0,232.0
NIFRA,8/5/2022,249.0,249.0,242.0,242.0,-2.42,72923.0,299.0,232.0
NIFRA,8/7/2022,240.0,249.5,238.5,243.0,0.41,65696.0,299.0,232.0
NIFRA,8/8/2022,247.8,247.8,239.0,239.0,-1.65,102562.0,299.0,232.0
NIFRA,8/9/2022,237.2,240.0,235.0,235.0,-1.67,98225.0,299.0,232.0
NIFRA,8/10/2022,234.0,239.0,231.5,235.0,0.0,56855.0,299.0,232.0
NIFRA,8/11/2022,235.0,239.0,233.2,234.0,-0.43,58253.0,299.0,232.0
NIFRA,8/14/2022,229.4,235.0,229.0,229.9,-1.75,87124.0,299.0,232.0
NIFRA,8/15/2022,226.0,237.4,226.0,236.6,2.91,70265.0,299.0,232.0
NIFRA,8/16/2022,235.0,240.0,229.4,230.1,-2.75,86087.0,299.0,232.0
NIFRA,8/17/2022,231.0,233.0,227.3,231.0,0.39,54991.0,299.0,232.0
NIFRA,8/18/2022,230.0,238.9,230.0,237.0,2.6,76930.0,299.0,232.0
NIFRA,8/21/2022,235.0,240.9,233.0,234.9,-0.89,41512.0,299.0,232.0
NIFRA,8/22/2022,233.5,235.0,230.6,232.7,-0.94,46025.0,299.0,232.0
NIFRA,8/23/2022,230.0,233.0,230.0,232.0,-0.3,39306.0,299.0,232.0
NIFRA,8/24/2022,228.0,237.0,228.0,232.6,0.26,38823.0,299.0,232.0
NIFRA,8/25/2022,228.0,234.0,228.0,231.8,-0.34,50536.0,299.0,232.0
NIFRA,8/26/2022,231.8,231.8,228.1,229.0,-1.21,36361.0,299.0,232.0
NIFRA,8/28/2022,225.0,230.0,224.5,225.0,-1.75,82956.0,299.0,232.0
NIFRA,8/29/2022,225.0,227.0,221.9,225.5,0.22,64113.0,299.0,232.0
NIFRA,8/30/2022,228.0,230.0,225.1,226.8,0.58,19865.0,299.0,232.0
NIFRA,8/31/2022,224.5,228.0,224.0,225.1,-0.75,33083.0,299.0,232.0
NIFRA,9/1/2022,220.6,227.0,220.6,223.1,-0.89,40413.0,299.0,232.0
NIFRA,9/2/2022,225.0,225.9,223.0,223.0,-0.04,12089.0,299.0,232.0
NIFRA,9/4/2022,222.0,226.0,222.0,223.0,0.0,41198.0,299.0,232.0
NIFRA,9/5/2022,218.6,225.0,218.6,222.3,-0.31,35687.0,299.0,232.0
NIFRA,9/6/2022,222.0,226.0,219.5,220.0,-1.03,58130.0,299.0,232.0
NIFRA,9/7/2022,216.0,222.0,216.0,217.6,-1.09,32928.0,299.0,232.0
NIFRA,9/8/2022,217.2,221.0,215.8,217.2,-0.18,44738.0,299.0,232.0
NIFRA,9/11/2022,221.5,221.5,213.0,215.0,-1.01,74533.0,299.0,232.0
NIFRA,9/12/2022,215.0,217.0,212.0,214.0,-0.47,42693.0,299.0,232.0
NIFRA,9/13/2022,214.0,219.0,213.1,215.9,0.89,43593.0,299.0,232.0
NIFRA,9/14/2022,215.0,224.0,215.0,223.1,3.33,61871.0,299.0,232.0
NIFRA,9/15/2022,226.7,226.7,211.6,214.0,-4.08,83601.0,299.0,232.0
NIFRA,9/16/2022,210.0,213.0,205.8,210.2,-1.78,42620.0,299.0,232.0
NIFRA,9/18/2022,211.0,211.0,205.0,205.0,-2.47,78020.0,299.0,232.0
NIFRA,9/20/2022,201.0,205.0,198.0,199.9,-2.49,82393.0,299.0,232.0
NIFRA,9/21/2022,203.0,205.9,199.0,202.5,1.3,55598.0,299.0,232.0
NIFRA,9/22/2022,200.0,202.0,197.1,199.8,-1.33,51537.0,299.0,232.0
NIFRA,9/25/2022,195.9,195.9,179.9,187.0,-6.41,139884.0,299.0,232.0
NIFRA,9/27/2022,187.0,190.0,185.0,187.6,0.32,43498.0,299.0,232.0
NIFRA,9/28/2022,190.0,190.0,187.0,188.0,0.21,29732.0,299.0,232.0
NIFRA,9/29/2022,190.0,193.6,189.0,192.0,2.13,50688.0,299.0,232.0
NIFRA,10/9/2022,194.0,196.9,192.0,194.5,1.3,33857.0,299.0,232.0
NIFRA,10/10/2022,195.0,196.0,189.0,189.2,-2.72,49135.0,299.0,232.0
NIFRA,10/11/2022,186.3,188.4,184.0,186.2,-1.59,53755.0,299.0,232.0
NIFRA,10/12/2022,188.0,190.0,185.0,187.4,0.64,30946.0,299.0,232.0
NIFRA,10/13/2022,190.0,192.0,186.0,187.4,0.0,39680.0,299.0,232.0
NIFRA,10/16/2022,185.0,189.3,185.0,186.0,-0.75,29584.0,299.0,232.0
NIFRA,10/17/2022,186.0,187.4,182.5,186.9,0.48,40332.0,299.0,232.0
NIFRA,10/19/2022,184.0,186.0,184.0,185.0,-1.02,41987.0,299.0,232.0
NIFRA,10/20/2022,185.0,187.0,184.0,185.8,0.43,29247.0,299.0,232.0
NIFRA,10/23/2022,187.0,189.6,186.0,187.1,0.7,25605.0,299.0,232.0
NIFRA,10/31/2022,188.0,192.0,188.0,189.0,1.02,32954.0,299.0,232.0
NIFRA,11/1/2022,191.0,200.9,189.0,200.9,6.3,74432.0,299.0,232.0
NIFRA,11/2/2022,200.0,210.0,197.0,204.0,1.54,74843.0,299.0,232.0
NIFRA,11/3/2022,208.0,208.0,198.5,199.3,-2.3,46292.0,299.0,232.0
NIFRA,11/6/2022,200.0,204.0,197.0,201.5,1.1,52939.0,299.0,232.0
NIFRA,11/7/2022,205.0,205.0,199.0,199.0,-1.24,71837.0,299.0,232.0
NIFRA,11/8/2022,201.0,201.0,196.0,197.1,-0.95,32323.0,299.0,232.0
NIFRA,11/9/2022,198.0,201.0,192.0,192.0,-2.59,52490.0,299.0,232.0
NIFRA,11/10/2022,193.0,195.0,189.2,190.0,-1.04,39357.0,299.0,232.0
NIFRA,11/13/2022,190.0,192.0,187.2,189.0,-0.53,31560.0,299.0,232.0
NIFRA,11/14/2022,190.0,192.0,187.5,191.0,1.06,37536.0,299.0,232.0
NIFRA,11/15/2022,190.0,195.0,190.0,190.0,-0.52,51112.0,299.0,232.0
NIFRA,11/16/2022,193.0,195.5,189.0,193.0,1.58,65947.0,299.0,232.0
NIFRA,11/17/2022,192.0,195.0,189.2,194.1,0.57,54020.0,299.0,232.0
NIFRA,11/22/2022,197.9,198.0,190.6,190.7,-1.75,38922.0,299.0,232.0
NIFRA,11/23/2022,190.0,193.0,188.0,189.0,-0.89,34557.0,299.0,232.0
NIFRA,11/24/2022,190.0,191.0,188.0,188.3,-0.37,38536.0,299.0,232.0
NIFRA,11/27/2022,190.0,192.0,189.0,192.0,1.96,42357.0,299.0,232.0
NIFRA,11/28/2022,195.0,199.9,190.0,192.0,0.0,44987.0,299.0,232.0
NIFRA,11/29/2022,192.0,193.0,189.3,191.2,-0.42,24248.0,299.0,232.0
NIFRA,11/30/2022,189.0,193.0,189.0,190.0,-0.63,29166.0,299.0,232.0
NIFRA,12/1/2022,190.0,192.0,188.1,189.1,-0.47,38802.0,299.0,232.0
NIFRA,12/4/2022,190.0,192.0,188.0,188.5,-0.32,49715.0,299.0,232.0
NIFRA,12/5/2022,189.9,190.0,187.1,187.5,-0.53,33161.0,299.0,232.0
NIFRA,12/6/2022,187.0,189.0,185.3,185.7,-0.96,40665.0,299.0,232.0
NIFRA,12/7/2022,189.0,189.0,185.0,185.0,-0.38,38424.0,299.0,232.0
NIFRA,12/11/2022,188.0,188.0,183.0,183.0,-1.08,44083.0,299.0,232.0
NIFRA,12/12/2022,182.5,184.5,181.0,184.5,0.82,33717.0,299.0,232.0
NIFRA,12/13/2022,184.5,186.0,182.5,184.0,-0.27,26925.0,299.0,232.0
NIFRA,12/14/2022,184.0,187.6,183.6,186.0,1.09,21664.0,299.0,232.0
NIFRA,12/15/2022,186.5,186.5,183.0,183.1,-1.56,24105.0,299.0,232.0
NIFRA,12/18/2022,183.0,183.2,180.0,181.1,-1.09,50448.0,299.0,232.0
NIFRA,12/19/2022,181.0,182.0,179.3,180.5,-0.33,27364.0,299.0,232.0
NIFRA,12/20/2022,176.9,181.5,176.9,180.1,-0.22,31681.0,299.0,232.0
NIFRA,12/21/2022,183.0,183.7,179.0,179.6,-0.28,30971.0,299.0,232.0
NIFRA,12/22/2022,179.0,181.0,178.0,179.0,-0.33,26551.0,299.0,232.0
NIFRA,12/26/2022,180.0,191.0,180.0,186.7,4.3,73563.0,299.0,232.0
NIFRA,12/27/2022,190.0,205.3,190.0,204.5,9.53,211014.0,299.0,232.0
NIFRA,12/28/2022,208.5,208.5,199.0,199.5,-2.44,135358.0,299.0,232.0
NIFRA,12/29/2022,202.0,210.0,196.0,209.7,5.11,138915.0,299.0,232.0
NIFRA,1/1/2023,211.0,217.1,205.0,214.0,2.05,162327.0,299.0,232.0
NIFRA,1/2/2023,214.0,217.9,208.0,213.0,-0.47,83694.0,299.0,232.0
NIFRA,1/3/2023,213.1,214.0,205.0,208.0,-2.35,81379.0,299.0,232.0
NIFRA,1/4/2023,208.0,215.0,206.1,213.2,2.5,106398.0,299.0,232.0
NIFRA,1/5/2023,213.0,219.0,210.1,217.9,2.2,154372.0,299.0,232.0
NIFRA,1/8/2023,218.0,239.6,213.3,233.0,6.93,283680.0,299.0,232.0
NIFRA,1/9/2023,234.0,241.9,231.0,241.8,3.78,200620.0,299.0,232.0
NIFRA,1/10/2023,244.0,252.0,229.0,236.0,-2.4,282318.0,299.0,232.0
NIFRA,1/12/2023,240.0,245.0,225.1,228.0,-3.39,247823.0,299.0,232.0
NIFRA,1/17/2023,225.0,242.5,225.0,241.7,6.01,182100.0,299.0,232.0
NIFRA,1/18/2023,240.0,246.0,236.0,236.0,-2.36,182265.0,299.0,232.0
NIFRA,1/19/2023,235.0,259.0,233.0,253.0,7.2,350793.0,299.0,232.0
NIFRA,1/23/2023,258.0,261.0,242.0,242.0,-4.35,277901.0,299.0,232.0
NIFRA,1/24/2023,240.1,247.8,234.0,242.0,0.0,132620.0,299.0,232.0
NIFRA,1/25/2023,241.0,250.8,237.0,241.5,-0.21,137285.0,299.0,232.0
NIFRA,1/26/2023,236.7,245.8,236.7,240.0,-0.62,89416.0,299.0,232.0
NIFRA,1/29/2023,241.0,242.8,235.0,235.0,-2.08,131466.0,299.0,232.0
NIFRA,1/30/2023,235.0,237.0,226.4,227.0,-3.4,167664.0,299.0,232.0
NIFRA,1/31/2023,227.0,232.0,220.0,225.0,-0.88,121833.0,299.0,232.0
NIFRA,2/1/2023,225.0,227.0,221.1,224.0,-0.44,80391.0,299.0,232.0
NIFRA,2/2/2023,222.0,234.9,218.6,219.4,-2.05,101114.0,299.0,232.0
NIFRA,2/5/2023,220.0,225.0,219.0,221.9,1.14,96581.0,299.0,232.0
NIFRA,2/6/2023,222.0,225.0,219.0,222.9,0.45,64923.0,299.0,232.0
NIFRA,2/7/2023,219.0,238.4,219.0,237.9,6.73,196244.0,299.0,232.0
NIFRA,2/8/2023,241.0,242.6,233.6,235.0,-1.22,147581.0,299.0,232.0
NIFRA,2/9/2023,235.0,239.9,230.5,239.0,1.7,78152.0,299.0,232.0
NIFRA,2/12/2023,234.3,234.3,225.0,227.0,-5.02,132984.0,299.0,232.0
NIFRA,2/14/2023,225.5,229.0,221.5,223.0,-1.76,115206.0,299.0,232.0
NIFRA,2/15/2023,220.1,226.9,220.1,221.9,-0.49,81937.0,299.0,232.0
NIFRA,2/16/2023,220.0,224.9,219.0,220.3,-0.72,90175.0,299.0,232.0
NIFRA,2/20/2023,220.0,222.0,215.1,216.0,-1.95,84658.0,299.0,232.0
NIFRA,2/22/2023,216.0,227.0,216.0,224.8,4.07,139794.0,299.0,232.0
NIFRA,2/23/2023,221.0,222.3,217.0,220.0,-2.14,79930.0,299.0,232.0
NIFRA,2/26/2023,219.0,223.0,211.0,222.0,0.91,109112.0,299.0,232.0
NIFRA,2/27/2023,225.0,225.0,216.0,222.8,0.36,124059.0,299.0,232.0
NIFRA,2/28/2023,227.2,230.9,220.0,227.4,2.06,166140.0,299.0,232.0
NIFRA,3/1/2023,230.0,231.0,222.1,223.0,-1.93,51438.0,299.0,232.0
NIFRA,3/2/2023,220.0,222.0,217.0,217.0,-2.69,69134.0,299.0,232.0
NIFRA,3/5/2023,216.0,218.0,211.4,213.4,-1.66,117332.0,299.0,232.0
NIFRA,3/7/2023,215.0,217.9,211.0,216.0,1.22,68004.0,299.0,232.0
NIFRA,3/9/2023,217.0,226.0,216.1,226.0,4.63,99212.0,299.0,232.0
NIFRA,3/12/2023,230.0,230.0,219.3,221.0,-2.21,183211.0,299.0,232.0
NIFRA,3/13/2023,221.0,222.0,217.2,217.5,-1.58,82573.0,299.0,232.0
NIFRA,3/14/2023,213.2,221.6,213.2,219.0,0.69,62968.0,299.0,232.0
NIFRA,3/15/2023,218.0,222.0,216.8,219.0,0.0,58560.0,299.0,232.0
NIFRA,3/16/2023,215.0,222.0,215.0,218.0,-0.46,67395.0,299.0,232.0
NIFRA,3/19/2023,218.0,220.0,216.1,219.0,0.46,61004.0,299.0,232.0
NIFRA,3/20/2023,217.5,222.5,217.0,222.5,1.6,61282.0,299.0,232.0
NIFRA,3/22/2023,223.0,226.0,218.9,219.0,-1.57,75329.0,299.0,232.0
NIFRA,3/23/2023,217.2,220.0,216.3,217.0,-0.91,57925.0,299.0,232.0
NIFRA,3/26/2023,215.0,217.1,213.0,215.0,-0.92,81700.0,299.0,232.0
NIFRA,3/27/2023,215.0,218.8,212.2,218.0,1.4,69874.0,299.0,232.0
NIFRA,3/28/2023,220.0,221.9,216.8,218.2,0.09,61620.0,299.0,232.0
NIFRA,3/29/2023,216.0,220.0,215.5,218.9,0.32,40357.0,299.0,232.0
NIFRA,3/30/2023,220.0,221.8,218.0,219.0,0.05,40628.0,299.0,232.0
NIFRA,4/2/2023,219.0,225.0,215.0,216.0,-1.37,70560.0,299.0,232.0
NIFRA,4/3/2023,216.0,216.0,213.0,213.3,-1.25,53408.0,299.0,232.0
NIFRA,4/4/2023,215.0,216.0,211.0,213.3,0.0,40043.0,299.0,232.0
NIFRA,4/5/2023,212.0,217.0,211.0,215.0,0.8,42388.0,299.0,232.0
NIFRA,4/6/2023,217.0,219.0,211.6,211.7,-1.53,74020.0,299.0,232.0
NIFRA,4/9/2023,215.7,215.7,207.3,208.0,-1.75,54808.0,299.0,232.0
NIFRA,4/10/2023,207.2,211.0,206.2,209.9,0.91,51724.0,299.0,232.0
NIFRA,4/11/2023,209.0,217.0,209.0,213.0,1.48,54281.0,299.0,232.0
NIFRA,4/12/2023,215.0,222.0,214.0,220.6,3.57,97464.0,299.0,232.0
NIFRA,4/13/2023,222.0,224.8,218.2,219.7,-0.41,129997.0,299.0,232.0
NIFRA,4/16/2023,218.0,223.4,216.1,223.0,1.5,100059.0,299.0,232.0
NIFRA,4/17/2023,222.0,223.0,217.5,218.0,-2.24,68649.0,299.0,232.0
NIFRA,4/18/2023,218.0,221.7,216.0,218.0,0.0,67521.0,299.0,232.0
NIFRA,4/19/2023,222.3,226.0,219.2,221.0,1.38,108273.0,299.0,232.0
NIFRA,4/20/2023,222.0,225.0,216.2,216.2,-2.17,51969.0,299.0,232.0
NIFRA,4/23/2023,212.6,216.0,212.1,214.0,-1.02,61600.0,299.0,232.0
NIFRA,4/24/2023,211.0,217.0,211.0,214.1,0.05,43615.0,299.0,232.0
NIFRA,4/25/2023,216.0,219.3,212.0,215.2,0.51,50037.0,299.0,232.0
NIFRA,4/26/2023,214.0,217.0,212.3,212.7,-1.16,47505.0,299.0,232.0
NIFRA,4/27/2023,212.0,214.0,211.5,212.2,-0.24,45775.0,299.0,232.0
NIFRA,4/30/2023,210.0,214.2,210.0,211.0,-0.57,63598.0,299.0,232.0
NIFRA,5/2/2023,215.2,215.2,209.1,209.6,-0.66,47065.0,299.0,232.0
NIFRA,5/3/2023,209.1,210.0,206.5,207.0,-1.24,42828.0,299.0,232.0
NIFRA,5/4/2023,206.0,211.0,205.0,208.1,0.53,34545.0,299.0,232.0
NIFRA,5/7/2023,208.0,208.9,205.1,205.9,-1.06,31947.0,299.0,232.0
NIFRA,5/8/2023,204.0,208.0,203.1,205.0,-0.44,44322.0,299.0,232.0
NIFRA,5/9/2023,205.0,208.9,204.0,207.5,1.22,42782.0,299.0,232.0
NIFRA,5/10/2023,205.1,210.0,204.0,206.5,-0.48,29319.0,299.0,232.0
NIFRA,5/11/2023,202.4,208.0,202.4,204.8,-0.82,35303.0,299.0,232.0
NIFRA,5/14/2023,204.0,208.0,202.1,202.1,-1.32,50645.0,299.0,232.0
NIFRA,5/15/2023,201.0,204.9,200.0,203.0,0.45,41721.0,299.0,232.0
NIFRA,5/16/2023,200.0,205.0,200.0,204.0,0.49,43712.0,299.0,232.0
NIFRA,5/17/2023,200.0,208.0,200.0,206.5,1.23,34477.0,299.0,232.0
NIFRA,5/18/2023,205.1,214.0,205.0,210.5,1.94,75011.0,299.0,232.0
NIFRA,5/21/2023,210.1,218.2,210.0,212.9,1.14,93188.0,299.0,232.0
NIFRA,5/22/2023,210.0,215.1,208.4,212.2,-0.33,60352.0,299.0,232.0
NIFRA,5/23/2023,212.0,219.0,212.0,216.7,2.12,83877.0,299.0,232.0
NIFRA,5/24/2023,215.0,220.0,215.0,219.8,1.43,98895.0,299.0,232.0
NIFRA,5/28/2023,219.8,234.5,216.2,224.0,1.91,346644.0,299.0,232.0
NIFRA,5/30/2023,220.1,224.0,213.0,214.0,-4.46,275721.0,299.0,232.0
NIFRA,5/31/2023,212.0,216.0,206.0,208.5,-2.57,163609.0,299.0,232.0
NIFRA,6/1/2023,210.0,214.2,205.4,211.9,1.63,136186.0,299.0,232.0
NIFRA,6/4/2023,216.1,224.4,216.0,221.1,4.34,145979.0,299.0,232.0
NIFRA,6/5/2023,225.5,225.5,216.8,217.5,-1.63,117197.0,299.0,232.0
NIFRA,6/6/2023,218.0,220.0,214.7,218.0,0.23,65877.0,299.0,232.0
NIFRA,6/7/2023,220.0,222.0,215.7,216.0,-0.92,122445.0,299.0,232.0
NIFRA,6/8/2023,216.0,219.6,214.1,215.0,-0.46,86849.0,299.0,232.0
NIFRA,6/11/2023,214.5,220.5,214.5,218.7,1.72,142891.0,299.0,232.0
NIFRA,6/12/2023,223.0,223.0,216.6,218.0,-0.32,110466.0,299.0,232.0
NIFRA,6/13/2023,216.0,228.0,216.0,225.5,3.44,251341.0,299.0,232.0
NIFRA,6/14/2023,223.3,234.0,223.0,226.0,0.22,315499.0,299.0,232.0
NIFRA,6/15/2023,224.0,230.5,221.0,225.0,-0.44,109917.0,299.0,232.0
NIFRA,6/18/2023,229.0,230.0,221.4,225.2,0.09,220387.0,299.0,232.0
NIFRA,6/19/2023,227.0,235.6,223.1,230.0,2.13,244881.0,299.0,232.0
NIFRA,6/20/2023,230.0,248.0,230.0,237.2,3.13,849396.0,299.0,232.0
NIFRA,6/21/2023,237.0,245.8,234.5,234.5,-1.14,354463.0,299.0,232.0
NIFRA,6/22/2023,239.0,240.0,232.6,233.7,-0.34,203672.0,299.0,232.0
NIFRA,6/25/2023,237.0,238.5,232.0,236.0,0.98,466178.0,299.0,232.0
NIFRA,6/26/2023,240.5,244.0,233.3,235.0,-0.42,247145.0,299.0,232.0
NIFRA,6/27/2023,239.7,239.7,232.2,235.1,0.04,296765.0,299.0,232.0
NIFRA,6/28/2023,234.0,242.7,228.7,230.0,-2.17,312696.0,299.0,232.0
NIFRA,7/2/2023,232.0,233.5,221.2,224.0,-2.61,180012.0,299.0,232.0
NIFRA,7/3/2023,221.3,225.0,219.0,219.6,-1.96,172650.0,299.0,232.0
NIFRA,7/4/2023,220.0,223.8,217.4,219.0,-0.27,122183.0,299.0,232.0
NIFRA,7/5/2023,220.0,220.1,213.1,214.0,-2.28,138898.0,299.0,232.0
NIFRA,7/6/2023,218.2,218.2,211.6,213.1,-0.42,124075.0,299.0,232.0
NIFRA,7/9/2023,210.0,221.8,210.0,220.0,3.24,141871.0,299.0,232.0
NIFRA,7/10/2023,219.0,223.0,216.4,217.7,-1.05,109705.0,299.0,232.0
NIFRA,7/11/2023,217.6,219.0,215.0,216.0,-0.78,88381.0,299.0,232.0
NIFRA,7/12/2023,214.0,220.0,213.0,218.0,0.93,92892.0,299.0,232.0
NIFRA,7/13/2023,218.0,222.9,216.5,217.0,-0.46,121198.0,299.0,232.0
NIFRA,7/16/2023,218.0,228.0,215.9,224.0,3.23,173923.0,299.0,232.0
NIFRA,7/17/2023,225.0,230.0,223.5,228.1,1.83,201462.0,299.0,232.0
NIFRA,7/18/2023,226.0,234.0,226.0,228.3,0.09,204736.0,299.0,232.0
NIFRA,7/19/2023,224.1,230.0,224.1,226.6,-0.74,95747.0,299.0,232.0
NIFRA,7/20/2023,226.0,228.8,224.0,224.0,-1.15,120572.0,299.0,232.0
NIFRA,7/23/2023,228.4,236.0,227.0,230.6,2.95,317090.0,299.0,232.0
NIFRA,7/24/2023,230.0,232.0,225.0,226.0,-1.99,153594.0,299.0,232.0
NIFRA,7/25/2023,223.8,227.0,221.0,221.1,-2.17,106697.0,299.0,232.0
NIFRA,7/26/2023,225.0,225.0,218.6,219.9,-0.54,90515.0,299.0,232.0
NIFRA,7/27/2023,218.4,222.9,216.9,217.0,-1.32,88172.0,299.0,232.0
NIFRA,7/30/2023,214.0,220.0,214.0,215.1,-0.88,93677.0,299.0,232.0
NIFRA,7/31/2023,215.0,219.0,215.0,216.0,0.42,76831.0,299.0,232.0
NIFRA,8/1/2023,215.0,219.0,213.0,214.0,-0.93,101938.0,299.0,232.0
NIFRA,8/2/2023,212.5,216.0,212.0,214.0,0.0,79080.0,299.0,232.0
NIFRA,8/3/2023,212.0,215.9,212.0,213.0,-0.47,81316.0,299.0,232.0
NIFRA,8/6/2023,213.0,215.0,209.3,210.0,-1.41,73007.0,299.0,232.0
NIFRA,8/7/2023,208.5,211.8,207.5,209.0,-0.48,65642.0,299.0,232.0
NIFRA,8/8/2023,210.0,210.0,205.1,205.8,-1.53,62091.0,299.0,232.0
NIFRA,8/9/2023,205.8,211.0,203.3,210.0,2.04,73100.0,299.0,232.0
NIFRA,8/10/2023,210.0,215.0,207.0,210.0,0.0,78943.0,299.0,232.0
NIFRA,8/13/2023,210.0,214.0,207.1,211.5,0.71,69498.0,299.0,232.0
NIFRA,8/14/2023,210.6,212.0,208.1,209.0,-1.18,53983.0,299.0,232.0
NIFRA,8/15/2023,212.0,212.0,205.8,206.5,-1.2,53142.0,299.0,232.0
NIFRA,8/16/2023,208.9,208.9,203.3,205.9,-0.29,63325.0,299.0,232.0
NIFRA,8/17/2023,205.0,208.0,204.2,204.9,-0.49,61223.0,299.0,232.0
NIFRA,8/20/2023,208.1,208.1,202.1,202.7,-1.07,45361.0,299.0,232.0
NIFRA,8/21/2023,200.1,205.0,200.1,202.3,-0.2,52809.0,299.0,232.0
NIFRA,8/22/2023,200.0,205.0,200.0,204.8,1.24,37247.0,299.0,232.0
NIFRA,8/23/2023,204.0,211.0,203.0,208.1,1.61,80389.0,299.0,232.0
NIFRA,8/24/2023,210.0,210.0,203.0,203.3,-2.31,52340.0,299.0,232.0
NIFRA,8/27/2023,203.0,205.0,200.1,202.0,-0.64,62150.0,299.0,232.0
NIFRA,8/28/2023,200.1,204.9,200.1,203.0,0.5,45716.0,299.0,232.0
NIFRA,8/29/2023,200.3,206.0,200.3,205.0,0.99,52668.0,299.0,232.0
NIFRA,8/30/2023,200.9,204.8,200.9,202.4,-1.27,35428.0,299.0,232.0
NIFRA,9/3/2023,206.0,206.0,197.2,197.2,-2.57,84368.0,299.0,232.0
NIFRA,9/4/2023,197.5,201.0,194.3,198.0,0.41,72628.0,299.0,232.0
NIFRA,9/5/2023,194.1,200.0,194.1,195.5,-1.26,49114.0,299.0,232.0
NIFRA,9/7/2023,195.0,198.0,194.0,194.3,-0.61,52592.0,299.0,232.0
NIFRA,9/10/2023,195.0,196.9,193.5,194.5,0.1,41876.0,299.0,232.0
NIFRA,9/11/2023,195.0,200.8,193.0,200.0,2.83,53404.0,299.0,232.0
NIFRA,9/12/2023,200.0,203.0,196.0,196.3,-1.85,43617.0,299.0,232.0
NIFRA,9/13/2023,198.0,203.1,196.2,202.0,2.9,63814.0,299.0,232.0
NIFRA,9/17/2023,200.0,200.2,195.1,196.0,-2.97,59629.0,299.0,232.0
NIFRA,9/18/2023,197.0,198.0,193.3,196.0,0.0,25832.0,299.0,232.0
NIFRA,9/19/2023,196.0,199.0,194.7,199.0,1.53,33647.0,299.0,232.0
NIFRA,9/21/2023,200.0,207.1,200.0,205.8,3.42,127920.0,299.0,232.0
NIFRA,9/24/2023,206.0,209.0,202.0,203.2,-1.26,61251.0,299.0,232.0
NIFRA,9/25/2023,200.1,204.0,199.2,200.0,-1.57,52521.0,299.0,232.0
NIFRA,9/26/2023,200.2,204.5,200.2,202.7,1.35,56366.0,299.0,232.0
NIFRA,9/27/2023,201.0,202.5,197.4,199.1,-1.78,107411.0,299.0,232.0
NIFRA,10/1/2023,203.0,203.0,195.1,196.9,-1.1,65371.0,299.0,232.0
NIFRA,10/2/2023,197.0,197.5,194.2,196.0,-0.46,62822.0,299.0,232.0
NIFRA,10/3/2023,195.0,197.0,194.5,194.5,-0.77,56816.0,299.0,232.0
NIFRA,10/4/2023,193.5,198.0,193.0,195.6,0.57,39583.0,299.0,232.0
NIFRA,10/5/2023,195.0,196.5,194.5,195.0,-0.31,51327.0,299.0,232.0
NIFRA,10/8/2023,198.5,198.5,193.0,193.3,-0.87,80398.0,299.0,232.0
NIFRA,10/9/2023,191.7,193.0,190.0,190.5,-1.45,67949.0,299.0,232.0
NIFRA,10/10/2023,190.0,192.0,188.5,189.8,-0.37,41960.0,299.0,232.0
NIFRA,10/11/2023,189.0,193.0,188.0,189.6,-0.11,43412.0,299.0,232.0
NIFRA,10/12/2023,189.0,190.0,187.0,187.3,-1.21,62292.0,299.0,232.0
NIFRA,10/16/2023,188.0,188.0,185.0,185.5,-0.96,54208.0,299.0,232.0
NIFRA,10/17/2023,185.3,191.8,185.2,186.7,0.65,29591.0,299.0,232.0
NIFRA,10/18/2023,189.0,190.9,187.3,190.0,1.77,33883.0,299.0,232.0
NIFRA,10/19/2023,191.0,191.0,187.1,189.0,-0.53,32265.0,299.0,232.0
NIFRA,10/29/2023,188.0,189.0,185.0,186.5,-1.32,51326.0,299.0,232.0
NIFRA,10/30/2023,185.3,188.6,185.0,188.0,0.8,29389.0,299.0,232.0
NIFRA,10/31/2023,188.0,188.0,185.1,186.0,-1.06,17607.0,299.0,232.0
NIFRA,11/1/2023,185.5,188.0,184.1,185.6,-0.22,22369.0,299.0,232.0
NIFRA,11/2/2023,185.0,188.0,184.9,185.0,-0.32,43462.0,299.0,232.0
NIFRA,11/5/2023,185.0,185.9,181.3,182.0,-1.62,48908.0,299.0,232.0
NIFRA,11/6/2023,180.2,185.0,180.2,183.1,0.6,33965.0,299.0,232.0
NIFRA,11/7/2023,184.0,186.4,181.1,186.1,1.64,40211.0,299.0,232.0
NIFRA,11/8/2023,187.0,189.0,184.0,186.0,-0.05,33690.0,299.0,232.0
NIFRA,11/9/2023,186.0,187.0,183.0,183.6,-1.29,26772.0,299.0,232.0
NIFRA,11/20/2023,183.8,192.9,183.8,186.0,1.31,40770.0,299.0,232.0
NIFRA,11/21/2023,182.7,186.0,182.7,185.8,-0.11,22943.0,299.0,232.0
NIFRA,11/22/2023,185.0,190.2,182.8,188.0,1.18,38888.0,299.0,232.0
NIFRA,11/23/2023,185.1,191.5,184.7,187.9,-0.05,45499.0,299.0,232.0
NIFRA,11/26/2023,185.0,195.0,184.3,192.0,2.18,87152.0,299.0,232.0
NIFRA,11/27/2023,192.0,194.0,189.0,190.9,-0.57,43264.0,299.0,232.0
NIFRA,11/28/2023,190.0,191.0,187.8,190.0,-0.47,26715.0,299.0,232.0
NIFRA,11/29/2023,186.4,200.0,186.4,189.0,-0.53,40546.0,299.0,232.0
NIFRA,11/30/2023,188.0,190.0,186.0,187.0,-1.06,25373.0,299.0,232.0
NIFRA,12/3/2023,185.1,187.0,184.1,185.9,-0.59,26991.0,299.0,232.0
NIFRA,12/4/2023,184.0,188.0,183.8,185.0,-0.48,37626.0,299.0,232.0
NIFRA,12/5/2023,184.0,190.0,183.7,185.0,0.0,52569.0,299.0,232.0
NIFRA,12/6/2023,183.3,185.0,182.6,183.5,-0.81,33745.0,299.0,232.0
NIFRA,12/7/2023,185.0,187.0,183.6,185.0,0.82,37971.0,299.0,232.0
NIFRA,12/10/2023,187.0,202.0,187.0,201.0,8.65,15323.0,299.0,232.0
NIFRA,12/11/2023,205.0,205.0,194.1,197.0,-1.99,220301.0,299.0,232.0
NIFRA,12/12/2023,197.0,204.0,194.2,200.0,1.52,150700.0,299.0,232.0
NIFRA,12/13/2023,200.0,208.9,198.9,201.0,0.5,116155.0,299.0,232.0
NIFRA,12/14/2023,200.0,204.0,197.2,201.0,0.0,110983.0,299.0,232.0
NIFRA,12/17/2023,197.3,211.0,197.2,211.0,4.98,199770.0,299.0,232.0
NIFRA,12/18/2023,212.0,218.0,210.0,211.0,0.0,193559.0,299.0,232.0
NIFRA,12/19/2023,211.0,218.0,209.2,216.5,2.61,143966.0,299.0,232.0
NIFRA,12/20/2023,220.8,238.1,217.0,234.6,8.36,761161.0,299.0,232.0
NIFRA,12/21/2023,234.6,237.2,222.6,224.0,-4.52,284213.0,299.0,232.0
NIFRA,12/24/2023,224.0,225.0,213.0,213.1,-4.87,275359.0,299.0,232.0
NIFRA,12/27/2023,209.0,218.0,209.0,212.0,-0.52,188834.0,299.0,232.0
NIFRA,12/28/2023,207.8,215.1,207.8,210.5,-0.71,179737.0,299.0,232.0
NIFRA,1/1/2024,211.0,216.1,207.0,207.9,-1.24,133476.0,299.0,232.0
NIFRA,1/2/2024,208.0,208.9,204.0,205.1,-1.35,155375.0,299.0,232.0
NIFRA,1/3/2024,205.0,215.0,205.0,214.0,4.34,178553.0,299.0,232.0
NIFRA,1/4/2024,215.0,228.0,214.0,222.0,3.74,469734.0,299.0,232.0
NIFRA,1/7/2024,218.0,223.0,213.4,213.5,-3.83,238641.0,299.0,232.0
NIFRA,1/8/2024,213.5,226.7,211.0,224.4,5.11,526393.0,299.0,232.0
NIFRA,1/9/2024,220.0,234.6,220.0,231.5,3.16,851050.0,299.0,232.0
NIFRA,1/10/2024,232.0,236.0,224.5,229.0,-1.08,521832.0,299.0,232.0
NIFRA,1/11/2024,225.0,231.0,221.5,222.0,-3.06,344731.0,299.0,232.0
NIFRA,1/14/2024,222.0,227.0,222.0,224.0,0.9,305242.0,299.0,232.0
NIFRA,1/16/2024,225.0,245.0,224.1,245.0,9.38,979409.0,299.0,232.0
NIFRA,1/17/2024,248.0,253.0,238.1,244.0,-0.41,963380.0,299.0,232.0
NIFRA,1/18/2024,244.0,245.0,235.7,238.5,-2.25,471517.0,299.0,232.0
NIFRA,1/21/2024,238.5,240.0,228.0,230.9,-3.19,291154.0,299.0,232.0
NIFRA,1/22/2024,226.3,234.0,224.0,226.2,-2.04,216277.0,299.0,232.0
NIFRA,1/23/2024,221.7,234.0,221.7,230.0,1.68,184008.0,299.0,232.0
NIFRA,1/24/2024,234.6,234.6,220.0,223.0,-3.04,293910.0,299.0,232.0
NIFRA,1/25/2024,218.6,231.5,218.6,225.0,0.9,188285.0,299.0,232.0
NIFRA,1/28/2024,225.0,227.5,222.0,224.0,-0.44,113129.0,299.0,232.0
NIFRA,1/29/2024,223.0,240.0,222.0,229.1,2.28,339021.0,299.0,232.0
NIFRA,1/30/2024,229.0,236.6,228.2,233.3,1.83,280645.0,299.0,232.0
NIFRA,1/31/2024,228.9,237.9,226.5,227.0,-2.7,332401.0,299.0,232.0
NIFRA,2/1/2024,231.0,231.0,223.0,224.0,-1.32,111242.0,299.0,232.0
NIFRA,2/4/2024,222.0,232.5,222.0,225.8,0.8,525058.0,299.0,232.0
NIFRA,2/5/2024,229.0,229.0,224.0,224.9,-0.4,75251.0,299.0,232.0
NIFRA,2/6/2024,225.2,227.0,224.1,224.6,-0.13,91722.0,299.0,232.0
NIFRA,2/7/2024,229.0,229.0,224.0,225.4,0.36,90816.0,299.0,232.0
NIFRA,2/8/2024,225.0,228.8,224.1,225.2,-0.09,101014.0,299.0,232.0
NIFRA,2/11/2024,226.0,230.0,223.1,223.2,-0.89,127756.0,299.0,232.0
NIFRA,2/12/2024,222.5,226.0,222.5,225.9,1.21,85725.0,299.0,232.0
NIFRA,2/13/2024,222.6,224.5,218.8,220.0,-2.61,176132.0,299.0,232.0
NIFRA,2/14/2024,220.0,221.9,217.1,218.5,-0.68,70220.0,299.0,232.0
NIFRA,2/15/2024,216.8,221.3,216.8,217.3,-0.55,109522.0,299.0,232.0
NIFRA,2/18/2024,221.6,221.6,210.2,211.0,-2.9,145858.0,299.0,232.0
NIFRA,2/20/2024,211.0,219.0,208.2,213.8,1.33,150463.0,299.0,232.0
NIFRA,2/21/2024,217.8,217.9,210.8,211.0,-1.31,89176.0,299.0,232.0
NIFRA,2/22/2024,211.0,213.0,208.1,209.0,-0.95,106646.0,299.0,232.0
NIFRA,2/25/2024,207.3,210.0,204.4,205.0,-1.91,87096.0,299.0,232.0
NIFRA,2/26/2024,206.6,209.1,205.1,207.5,1.22,75673.0,299.0,232.0
NIFRA,2/27/2024,208.0,211.0,206.0,208.1,0.29,83022.0,299.0,232.0
NIFRA,2/28/2024,205.1,210.1,205.1,206.7,-0.67,52858.0,299.0,232.0
NIFRA,2/29/2024,205.8,209.8,201.1,202.0,-2.27,107011.0,299.0,232.0
NIFRA,3/3/2024,201.5,202.5,200.0,201.9,-0.05,70967.0,299.0,232.0
NIFRA,3/4/2024,205.9,218.0,205.9,217.0,7.48,21529.0,299.0,232.0
NIFRA,3/5/2024,218.0,218.0,207.3,208.0,-4.15,117687.0,299.0,232.0
NIFRA,3/6/2024,210.0,213.0,205.9,209.4,0.67,170586.0,299.0,232.0
NIFRA,3/7/2024,210.0,214.9,208.3,210.4,0.48,65251.0,299.0,232.0
NIFRA,3/10/2024,213.0,214.6,210.5,211.7,0.62,56931.0,299.0,232.0
NIFRA,3/12/2024,215.9,220.0,213.5,219.0,3.45,137526.0,299.0,232.0
NIFRA,3/13/2024,220.0,221.0,216.0,217.0,-0.91,106968.0,299.0,232.0
NIFRA,3/14/2024,216.0,218.0,212.3,212.5,-2.07,70696.0,299.0,232.0
NIFRA,3/17/2024,213.0,215.0,209.2,210.5,-0.94,72431.0,299.0,232.0
NIFRA,3/18/2024,210.0,212.0,209.6,212.0,0.71,56613.0,299.0,232.0
NIFRA,3/19/2024,209.1,213.5,209.0,210.0,-0.94,101185.0,299.0,232.0
NIFRA,3/20/2024,210.0,214.0,208.0,208.9,-0.52,75932.0,299.0,232.0
NIFRA,3/21/2024,208.0,210.0,206.5,206.9,-0.96,65405.0,299.0,232.0
NIFRA,3/25/2024,206.0,208.9,203.7,205.2,-0.82,53847.0,299.0,232.0
NIFRA,3/26/2024,203.0,208.9,203.0,207.9,1.32,46052.0,299.0,232.0
NIFRA,3/27/2024,212.0,212.0,205.0,205.2,-1.3,56334.0,299.0,232.0
NIFRA,3/28/2024,202.0,210.0,202.0,207.2,0.97,64281.0,299.0,232.0
NIFRA,3/31/2024,205.0,207.0,204.0,204.3,-1.4,53105.0,299.0,232.0
NIFRA,4/1/2024,201.0,204.9,201.0,203.0,-0.64,36643.0,299.0,232.0
NIFRA,4/2/2024,203.0,205.0,202.5,203.6,0.3,45901.0,299.0,232.0
NIFRA,4/3/2024,202.0,205.0,201.3,202.5,-0.54,48121.0,299.0,232.0
NIFRA,4/4/2024,202.0,205.0,201.5,202.0,-0.25,59269.0,299.0,232.0
NIFRA,4/7/2024,206.0,206.0,200.6,203.4,0.69,68600.0,299.0,232.0
NIFRA,4/9/2024,204.0,208.0,203.1,208.0,2.26,94427.0,299.0,232.0
NIFRA,4/10/2024,208.0,210.0,204.0,210.0,0.96,88711.0,299.0,232.0
NIFRA,4/14/2024,208.0,210.0,203.0,204.0,-2.86,66947.0,299.0,232.0
NIFRA,4/15/2024,204.0,204.0,201.0,201.8,-1.08,54164.0,299.0,232.0
NIFRA,4/16/2024,197.8,202.8,197.8,200.0,-0.89,65204.0,299.0,232.0
NIFRA,4/18/2024,199.0,200.0,197.0,198.0,-1.0,59454.0,299.0,232.0
NIFRA,4/21/2024,196.2,201.9,196.2,201.5,1.77,42180.0,299.0,232.0
NIFRA,4/22/2024,200.0,205.0,197.0,198.0,-1.74,47699.0,299.0,232.0
NIFRA,4/24/2024,198.0,200.0,196.0,197.0,-0.51,36581.0,299.0,232.0
NIFRA,4/25/2024,199.8,199.8,196.0,196.0,-0.51,48123.0,299.0,232.0
NIFRA,4/28/2024,199.9,200.0,196.1,197.3,0.66,64328.0,299.0,232.0
NIFRA,4/29/2024,201.2,201.2,196.6,197.4,0.05,37510.0,299.0,232.0
NIFRA,4/30/2024,197.0,204.0,196.1,201.4,2.03,68298.0,299.0,232.0
NIFRA,5/2/2024,205.4,205.4,198.2,198.6,-1.39,49042.0,299.0,232.0
NIFRA,5/5/2024,202.0,202.0,195.3,196.1,-1.26,47551.0,299.0,232.0
NIFRA,5/6/2024,199.5,199.5,193.8,193.9,-1.12,61493.0,299.0,232.0
NIFRA,5/7/2024,195.0,197.0,193.0,193.3,-0.31,51625.0,299.0,232.0
NIFRA,5/8/2024,195.0,195.0,191.2,192.0,-0.67,52978.0,299.0,232.0
NIFRA,5/9/2024,191.7,193.5,191.0,192.0,0.0,49786.0,299.0,232.0
NIFRA,5/12/2024,195.8,195.8,190.1,193.0,0.52,56253.0,299.0,232.0
NIFRA,5/13/2024,195.0,201.0,191.3,200.0,3.63,78687.0,299.0,232.0
NIFRA,5/14/2024,200.0,204.0,196.3,202.0,1.0,44812.0,299.0,232.0
NIFRA,5/15/2024,200.0,204.0,198.0,198.9,-1.53,66471.0,299.0,232.0
NIFRA,5/16/2024,202.8,202.8,196.0,196.5,-1.21,45085.0,299.0,232.0
NIFRA,5/19/2024,196.0,203.0,196.0,199.0,1.27,75671.0,299.0,232.0
NIFRA,5/20/2024,198.1,213.0,198.0,204.0,2.51,163447.0,299.0,232.0
NIFRA,5/21/2024,204.0,210.0,201.9,206.1,1.03,103282.0,299.0,232.0
NIFRA,5/22/2024,206.0,208.0,203.0,205.5,-0.29,84193.0,299.0,232.0
NIFRA,5/26/2024,205.0,208.0,201.0,201.5,-1.95,82620.0,299.0,232.0
NIFRA,5/27/2024,201.5,208.0,201.0,206.0,2.23,88702.0,299.0,232.0
NIFRA,5/29/2024,207.0,210.1,200.2,201.8,-2.04,111078.0,299.0,232.0
NIFRA,5/30/2024,197.8,205.0,197.8,198.2,-1.78,81442.0,299.0,232.0
NIFRA,6/2/2024,201.0,202.0,197.1,199.0,0.4,78926.0,299.0,232.0
NIFRA,6/3/2024,202.0,202.0,197.1,198.9,-0.05,55569.0,299.0,232.0
NIFRA,6/4/2024,196.2,200.0,196.2,197.5,-0.7,52600.0,299.0,232.0
NIFRA,6/5/2024,200.0,200.0,196.0,198.0,0.25,49623.0,299.0,232.0
NIFRA,6/6/2024,198.0,198.0,195.1,195.2,-1.41,64369.0,299.0,232.0
NIFRA,6/9/2024,199.1,199.1,193.1,193.9,-0.67,64649.0,299.0,232.0
NIFRA,6/10/2024,197.7,197.7,189.9,194.1,0.1,114738.0,299.0,232.0
NIFRA,6/11/2024,197.9,198.9,193.2,197.9,1.96,88520.0,299.0,232.0
NIFRA,6/12/2024,199.0,200.0,196.0,196.5,-0.71,74959.0,299.0,232.0
NIFRA,6/13/2024,195.0,197.0,195.0,195.6,-0.46,59260.0,299.0,232.0
NIFRA,6/16/2024,195.6,198.0,193.9,194.9,-0.36,59858.0,299.0,232.0
NIFRA,6/18/2024,195.0,195.0,192.0,192.9,-1.03,63894.0,299.0,232.0
NIFRA,6/19/2024,192.0,193.9,191.0,191.5,-0.73,68327.0,299.0,232.0
NIFRA,6/20/2024,195.3,195.3,190.4,191.3,-0.1,61298.0,299.0,232.0
NIFRA,6/23/2024,190.3,194.0,190.1,192.0,0.37,46718.0,299.0,232.0
NIFRA,6/24/2024,190.1,193.0,189.5,189.6,-1.25,99603.0,299.0,232.0
NIFRA,6/25/2024,192.0,194.0,189.3,193.4,2.0,76762.0,299.0,232.0
NIFRA,6/26/2024,192.0,194.4,190.0,190.3,-1.6,44174.0,299.0,232.0
NIFRA,6/27/2024,190.0,191.0,189.0,190.6,0.16,61825.0,299.0,232.0
NIFRA,6/30/2024,194.4,194.4,188.5,188.9,-0.89,51105.0,299.0,232.0
NIFRA,7/1/2024,192.6,192.6,188.1,190.0,0.58,55505.0,299.0,232.0
NIFRA,7/2/2024,193.8,207.7,193.0,195.0,2.63,97546.0,299.0,232.0
NIFRA,7/3/2024,195.0,196.7,192.0,194.0,-0.51,52772.0,299.0,232.0
NIFRA,7/4/2024,192.5,200.1,192.4,199.0,2.58,164063.0,299.0,232.0
NIFRA,7/7/2024,196.5,213.0,196.1,209.0,5.03,475730.0,299.0,232.0
NIFRA,7/8/2024,210.0,214.9,208.1,210.8,0.86,348107.0,299.0,232.0
NIFRA,7/9/2024,208.2,212.0,207.0,208.0,-1.33,103143.0,299.0,232.0
NIFRA,7/10/2024,212.1,212.1,207.1,208.6,0.29,176406.0,299.0,232.0
NIFRA,7/11/2024,212.7,212.7,207.0,210.5,0.91,157097.0,299.0,232.0
NIFRA,7/14/2024,214.0,214.7,211.0,213.0,1.19,216712.0,299.0,232.0
NIFRA,7/15/2024,216.0,229.0,209.2,228.0,7.04,984199.0,299.0,232.0
NIFRA,7/16/2024,228.0,235.0,224.0,235.0,3.07,380259.0,299.0,232.0
NIFRA,7/17/2024,239.7,243.7,229.0,231.2,-1.62,353494.0,299.0,232.0
NIFRA,7/18/2024,235.0,240.0,227.6,232.1,0.39,493169.0,299.0,232.0
NIFRA,7/21/2024,232.0,242.0,230.0,237.0,2.11,491167.0,299.0,232.0
NIFRA,7/22/2024,235.0,236.1,229.9,231.0,-2.53,350058.0,299.0,232.0
NIFRA,7/23/2024,235.0,236.6,229.0,236.0,2.16,266106.0,299.0,232.0
NIFRA,7/24/2024,237.0,242.0,228.5,231.1,-2.08,517106.0,299.0,232.0
NIFRA,7/25/2024,233.0,235.0,227.5,230.5,-0.26,319554.0,299.0,232.0
NIFRA,7/28/2024,235.1,253.5,235.1,253.5,9.98,992125.0,299.0,232.0
NIFRA,7/29/2024,258.5,263.0,245.0,245.0,-3.35,679291.0,299.0,232.0
NIFRA,7/30/2024,247.0,253.0,238.7,248.7,1.51,530695.0,299.0,232.0
NIFRA,7/31/2024,248.7,270.1,248.7,261.0,4.95,1000880.0,299.0,232.0
NIFRA,8/1/2024,266.2,284.9,261.0,280.5,7.47,1494471.0,299.0,232.0
NIFRA,8/5/2024,286.1,290.0,274.0,286.4,2.1,994754.0,299.0,232.0
NIFRA,8/6/2024,286.4,287.0,264.1,266.8,-6.84,1118782.0,299.0,232.0
NIFRA,8/7/2024,261.5,284.0,261.5,283.0,6.07,722857.0,299.0,232.0
NIFRA,8/8/2024,285.0,311.3,280.0,307.5,8.66,3037821.0,299.0,232.0
NIFRA,8/11/2024,313.6,338.0,313.6,337.9,9.89,2091470.0,299.0,232.0
NIFRA,8/12/2024,344.6,344.6,325.4,337.0,-0.27,2189875.0,299.0,232.0
NIFRA,8/13/2024,343.7,343.7,323.1,329.0,-2.37,1036011.0,299.0,232.0
NIFRA,8/14/2024,331.0,349.0,317.0,340.0,3.34,1439931.0,299.0,232.0
NIFRA,8/15/2024,346.0,366.6,332.1,348.9,2.62,1712186.0,299.0,232.0
NIFRA,8/18/2024,345.0,356.9,329.1,334.5,-4.13,1402195.0,299.0,232.0
NIFRA,8/21/2024,340.0,340.0,325.0,326.5,-2.39,897876.0,299.0,232.0
NIFRA,8/22/2024,333.0,337.0,321.0,325.0,-0.46,874363.0,299.0,232.0
NIFRA,8/25/2024,331.5,331.5,310.9,312.3,-3.91,780489.0,299.0,232.0
NIFRA,8/27/2024,312.3,317.0,295.0,295.0,-5.54,1109714.0,299.0,232.0
NIFRA,8/28/2024,295.0,315.0,295.0,301.0,2.03,836499.0,299.0,232.0
NIFRA,8/29/2024,301.0,305.0,291.0,296.0,-1.66,599184.0,299.0,232.0
NIFRA,9/1/2024,291.0,302.0,288.0,289.0,-2.36,398618.0,299.0,232.0
NIFRA,9/2/2024,285.0,311.0,285.0,309.8,7.2,535600.0,299.0,232.0
NIFRA,9/3/2024,312.0,314.0,304.0,309.0,-0.26,591646.0,299.0,232.0
NIFRA,9/4/2024,309.0,311.9,293.2,295.0,-4.53,501419.0,299.0,232.0
NIFRA,9/5/2024,295.0,297.0,285.0,289.0,-2.03,401350.0,299.0,232.0
NIFRA,9/8/2024,290.0,294.7,284.2,285.2,-1.31,540551.0,299.0,232.0
NIFRA,9/9/2024,285.0,289.0,277.0,278.0,-2.52,402560.0,299.0,232.0
NIFRA,9/10/2024,278.0,289.0,271.0,274.3,-1.33,298824.0,299.0,232.0
NIFRA,9/11/2024,268.9,281.0,268.9,272.4,-0.69,244186.0,299.0,232.0
NIFRA,9/12/2024,275.0,286.9,271.4,285.2,4.7,267838.0,299.0,232.0
NIFRA,9/15/2024,290.0,300.0,284.0,284.2,-0.35,613954.0,299.0,232.0
NIFRA,9/16/2024,282.29,282.29,274.0,274.5,-3.41,214495.0,299.0,232.0
NIFRA,9/18/2024,279.9,279.9,270.3,272.1,-0.87,200143.0,299.0,232.0
NIFRA,9/22/2024,277.5,288.0,271.0,275.0,1.07,203244.0,299.0,232.0
NIFRA,9/23/2024,280.5,280.5,267.0,267.4,-2.76,229035.0,299.0,232.0
NIFRA,9/24/2024,265.0,271.0,261.1,261.4,-2.24,348263.0,299.0,232.0
NIFRA,9/25/2024,258.2,269.9,258.0,266.0,1.76,198744.0,299.0,232.0
NIFRA,9/26/2024,269.8,270.0,259.8,261.3,-1.77,139319.0,299.0,232.0
NIFRA,9/29/2024,260.0,263.0,255.0,258.0,-1.26,158902.0,299.0,232.0
NIFRA,9/30/2024,255.1,267.3,255.1,264.1,2.36,118335.0,299.0,232.0
NIFRA,10/1/2024,264.1,283.9,264.1,282.2,6.85,345145.0,299.0,232.0
NIFRA,10/2/2024,285.0,288.0,275.2,280.0,-0.78,227545.0,299.0,232.0
NIFRA,10/6/2024,280.0,287.0,276.1,286.0,2.14,213835.0,299.0,232.0
NIFRA,10/7/2024,291.7,294.3,286.0,289.6,1.26,184068.0,299.0,232.0
NIFRA,10/8/2024,290.0,293.0,283.9,285.0,-1.59,243949.0,299.0,232.0
NIFRA,10/9/2024,286.5,290.5,281.1,286.3,0.46,124356.0,299.0,232.0
NIFRA,10/15/2024,286.3,292.3,283.6,292.0,1.99,67888.0,299.0,232.0
NIFRA,10/16/2024,293.0,297.0,289.0,289.0,-1.03,213573.0,299.0,232.0
NIFRA,10/17/2024,294.7,308.0,290.0,298.1,3.15,490796.0,299.0,232.0
NIFRA,10/20/2024,292.2,300.0,288.0,291.0,-2.38,306288.0,299.0,232.0
NIFRA,10/21/2024,291.0,291.0,283.0,284.0,-2.41,256580.0,299.0,232.0
NIFRA,10/22/2024,283.0,289.0,281.0,285.0,0.35,148448.0,299.0,232.0
NIFRA,10/23/2024,285.0,289.9,280.0,280.0,-1.75,232076.0,299.0,232.0
NIFRA,10/24/2024,282.0,282.0,275.4,276.6,-1.21,144167.0,299.0,232.0
NIFRA,10/27/2024,275.0,278.5,273.5,276.0,-0.22,84244.0,299.0,232.0
NIFRA,10/28/2024,276.1,280.0,276.1,280.0,1.45,83818.0,299.0,232.0
NIFRA,10/29/2024,280.0,287.6,276.4,286.0,2.14,168702.0,299.0,232.0
NIFRA,10/30/2024,280.3,284.0,275.0,277.0,-3.15,377268.0,299.0,232.0
NIFRA,11/5/2024,277.0,281.0,274.0,274.4,-0.94,83740.0,299.0,232.0
NIFRA,11/6/2024,273.0,276.9,273.0,274.9,0.18,78195.0,299.0,232.0
NIFRA,11/10/2024,274.0,284.5,273.0,284.5,3.49,245495.0,299.0,232.0
NIFRA,11/11/2024,285.6,293.0,282.0,284.0,-0.18,349262.0,299.0,232.0
NIFRA,11/12/2024,285.1,296.0,285.1,286.9,1.02,243958.0,299.0,232.0
NIFRA,11/13/2024,288.0,288.0,280.2,281.0,-2.06,132439.0,299.0,232.0
NIFRA,11/14/2024,281.0,285.0,278.3,279.0,-0.71,180132.0,299.0,232.0
NIFRA,11/17/2024,283.0,289.8,278.4,278.6,-0.14,193457.0,299.0,232.0
NIFRA,11/19/2024,273.1,282.0,272.8,273.5,-1.83,243373.0,299.0,232.0
NIFRA,11/20/2024,271.5,274.8,270.0,272.0,-0.55,114894.0,299.0,232.0
NIFRA,11/21/2024,272.0,275.0,267.9,268.5,-1.29,169269.0,299.0,232.0
NIFRA,11/24/2024,273.8,273.8,266.0,268.0,-0.19,157468.0,299.0,232.0
NIFRA,11/25/2024,273.3,273.3,265.7,269.0,0.37,94218.0,299.0,232.0
NIFRA,11/26/2024,274.3,274.3,268.3,273.0,1.49,124011.0,299.0,232.0
NIFRA,11/27/2024,278.0,278.5,273.9,277.0,1.47,161200.0,299.0,232.0
NIFRA,11/28/2024,277.0,281.0,272.5,273.1,-1.41,180344.0,299.0,232.0
NIFRA,12/1/2024,273.1,273.1,266.0,267.0,-2.23,120949.0,299.0,232.0
NIFRA,12/2/2024,272.0,272.0,266.0,267.0,0.0,190234.0,299.0,232.0
NIFRA,12/3/2024,272.0,272.0,264.7,266.2,-0.3,193114.0,299.0,232.0
NIFRA,12/4/2024,271.0,271.5,263.1,265.0,-0.45,127388.0,299.0,232.0
NIFRA,12/5/2024,264.1,267.5,261.2,262.5,-0.94,119216.0,299.0,232.0
NIFRA,12/8/2024,264.0,264.0,256.9,257.0,-2.1,120286.0,299.0,232.0
NIFRA,12/9/2024,256.0,260.0,253.0,254.5,-0.97,91501.0,299.0,232.0
NIFRA,12/10/2024,255.0,259.0,254.0,255.0,0.2,125879.0,299.0,232.0
NIFRA,12/11/2024,253.0,260.0,251.4,260.0,1.96,132433.0,299.0,232.0
NIFRA,12/12/2024,260.0,263.0,254.8,255.3,-1.81,77784.0,299.0,232.0
NIFRA,12/16/2024,250.2,255.0,250.0,253.1,-0.86,166189.0,299.0,232.0
NIFRA,12/17/2024,254.0,255.0,250.4,253.1,0.0,80846.0,299.0,232.0
NIFRA,12/18/2024,250.0,255.0,250.0,252.2,-0.36,93301.0,299.0,232.0
NIFRA,12/19/2024,252.0,254.9,247.3,247.8,-1.74,144263.0,299.0,232.0
NIFRA,12/22/2024,242.9,249.0,241.3,244.0,-1.53,105141.0,299.0,232.0
NIFRA,12/23/2024,245.0,247.9,243.1,247.0,1.23,64001.0,299.0,232.0
NIFRA,12/24/2024,248.0,252.9,246.0,250.0,1.21,78846.0,299.0,232.0
NIFRA,12/26/2024,249.0,254.9,247.0,251.0,0.4,67546.0,299.0,232.0
NIFRA,12/29/2024,251.0,252.0,246.5,246.8,-1.67,59942.0,299.0,232.0
NIFRA,12/31/2024,246.0,256.0,240.1,255.0,3.32,124722.0,299.0,232.0
NIFRA,1/1/2025,249.9,254.7,240.1,249.9,-2.0,69150.0,299.0,232.0
NIFRA,1/2/2025,246.2,250.0,246.1,247.0,-1.16,37603.0,299.0,232.0
NIFRA,1/5/2025,248.0,250.2,244.0,247.1,0.04,56458.0,299.0,232.0
NIFRA,1/6/2025,252.0,258.0,247.5,258.0,4.41,223520.0,299.0,232.0
NIFRA,1/7/2025,263.1,263.1,254.7,256.0,-0.78,104922.0,299.0,232.0
NIFRA,1/8/2025,261.1,261.1,252.7,254.0,-0.78,68449.0,299.0,232.0
NIFRA,1/9/2025,251.2,255.0,251.2,254.9,0.35,100030.0,299.0,232.0
NIFRA,1/12/2025,259.9,259.9,249.3,249.6,-2.08,45977.0,299.0,232.0
NIFRA,1/13/2025,247.0,251.0,245.2,245.4,-1.68,85331.0,299.0,232.0
NIFRA,1/15/2025,249.5,250.0,244.0,244.5,-0.37,83611.0,299.0,232.0
NIFRA,1/16/2025,249.0,249.0,242.0,243.5,-0.41,104372.0,299.0,232.0
NIFRA,1/19/2025,245.0,266.0,240.5,249.0,2.26,98818.0,299.0,232.0
NIFRA,1/20/2025,249.0,254.9,246.6,253.0,1.61,120755.0,299.0,232.0
NIFRA,1/21/2025,250.1,253.8,249.0,251.0,-0.79,98411.0,299.0,232.0
NIFRA,1/22/2025,256.0,269.0,253.0,266.0,5.98,556902.0,299.0,232.0
NIFRA,1/23/2025,269.0,272.0,264.0,265.0,-0.38,335975.0,299.0,232.0
NIFRA,1/26/2025,270.3,270.3,260.0,261.0,-1.51,171714.0,299.0,232.0
NIFRA,1/27/2025,260.1,262.3,255.8,255.8,-1.99,126995.0,299.0,232.0
NIFRA,1/28/2025,260.0,262.0,254.6,261.0,2.03,170145.0,299.0,232.0
NIFRA,2/2/2025,266.2,279.0,263.1,275.0,5.36,542953.0,299.0,232.0
NIFRA,2/3/2025,275.0,283.0,273.0,274.5,-0.18,359787.0,299.0,232.0
NIFRA,2/4/2025,270.0,278.0,270.0,272.5,-0.73,197865.0,299.0,232.0
NIFRA,2/5/2025,277.9,280.0,268.1,270.0,-0.92,243156.0,299.0,232.0
NIFRA,2/6/2025,267.2,274.0,265.0,269.0,-0.37,136835.0,299.0,232.0
NIFRA,2/9/2025,265.0,279.9,264.9,267.5,-0.56,254547.0,299.0,232.0
NIFRA,2/10/2025,265.0,270.5,263.0,264.8,-1.01,157334.0,299.0,232.0
NIFRA,2/11/2025,263.0,269.8,262.5,265.0,0.08,105046.0,299.0,232.0
NIFRA,2/12/2025,260.0,270.5,260.0,266.6,0.6,112954.0,299.0,232.0
NIFRA,2/13/2025,269.9,279.9,267.0,274.0,2.78,565821.0,299.0,232.0
NIFRA,2/16/2025,268.6,285.0,268.6,282.0,2.92,407666.0,299.0,232.0
NIFRA,2/17/2025,282.0,290.0,278.3,279.0,-1.06,369689.0,299.0,232.0
NIFRA,2/18/2025,278.5,283.1,275.7,277.5,-0.54,225951.0,299.0,232.0
NIFRA,2/20/2025,274.0,280.0,273.1,273.4,-1.48,217805.0,299.0,232.0
NIFRA,2/23/2025,268.0,289.6,263.0,280.8,2.71,501880.0,299.0,232.0
NIFRA,2/24/2025,286.0,297.0,284.1,291.0,3.63,869030.0,299.0,232.0
NIFRA,2/25/2025,292.2,302.0,288.6,297.0,2.06,611071.0,299.0,232.0
NIFRA,2/27/2025,302.0,308.0,294.0,296.0,-0.34,521123.0,299.0,232.0
NIFRA,3/2/2025,301.0,308.0,290.0,299.5,1.18,444974.0,299.0,232.0
NIFRA,3/3/2025,305.4,308.0,293.6,294.9,-1.54,526070.0,299.0,232.0
NIFRA,3/4/2025,300.7,306.7,292.0,293.3,-0.54,491979.0,299.0,232.0
NIFRA,3/5/2025,297.0,297.0,286.0,286.9,-2.18,352312.0,299.0,232.0
NIFRA,3/6/2025,289.0,293.0,286.0,287.6,0.24,249085.0,299.0,232.0
NIFRA,3/9/2025,287.6,291.0,280.1,281.9,-1.98,300598.0,299.0,232.0
NIFRA,3/10/2025,277.0,287.0,276.0,277.0,-1.74,315976.0,299.0,232.0
NIFRA,3/11/2025,274.0,279.9,270.8,270.9,-2.2,163519.0,299.0,232.0
NIFRA,3/12/2025,270.0,280.0,270.0,275.0,1.51,176931.0,299.0,232.0
NIFRA,3/16/2025,280.5,280.5,271.0,272.7,-0.84,206328.0,299.0,232.0
NIFRA,3/17/2025,278.1,278.1,270.0,273.2,0.18,136164.0,299.0,232.0
NIFRA,3/18/2025,278.6,279.4,270.0,271.4,-0.66,170861.0,299.0,232.0
NIFRA,3/19/2025,276.8,276.8,267.1,268.0,-1.25,142346.0,299.0,232.0
NIFRA,3/20/2025,273.3,273.3,266.1,267.09,-0.34,126868.0,299.0,232.0
NIFRA,3/23/2025,272.4,272.4,260.3,261.15,-2.22,119911.0,299.0,232.0
NIFRA,3/24/2025,261.15,272.0,256.3,264.89,1.43,106352.0,299.0,232.0
NIFRA,3/25/2025,270.1,270.1,257.0,258.38,-2.46,109785.0,299.0,232.0
NIFRA,3/26/2025,253.3,265.0,253.3,263.1,1.83,152611.0,299.0,232.0
NIFRA,3/27/2025,268.3,270.0,260.0,269.43,2.41,248803.0,299.0,232.0
NIFRA,3/30/2025,274.8,282.0,266.0,277.73,3.08,427643.0,299.0,232.0
NIFRA,4/1/2025,275.0,278.0,268.2,273.18,-1.64,207504.0,299.0,232.0
NIFRA,4/2/2025,278.6,278.6,270.0,273.4,0.08,98571.0,299.0,232.0
NIFRA,4/3/2025,271.0,286.0,271.0,277.1,1.35,375329.0,299.0,232.0
NIFRA,4/7/2025,273.0,280.0,271.1,271.94,-1.86,116160.0,299.0,232.0
NIFRA,4/8/2025,268.0,271.0,262.2,269.29,-0.97,248476.0,299.0,232.0
NIFRA,4/9/2025,274.6,280.0,265.1,270.78,0.55,127415.0,299.0,232.0
NIFRA,4/10/2025,270.0,274.9,270.0,270.4,-0.14,83636.0,299.0,232.0
NIFRA,4/13/2025,267.0,280.9,265.1,276.51,2.26,421426.0,299.0,232.0
NIFRA,4/15/2025,276.0,293.0,276.0,287.15,3.85,564478.0,299.0,232.0
NIFRA,4/16/2025,292.0,292.9,284.3,287.14,-0.0,246063.0,299.0,232.0
NIFRA,4/17/2025,285.6,307.0,284.0,303.35,5.65,1231676.0,299.0,232.0
NIFRA,4/20/2025,302.0,318.0,301.9,305.86,0.83,1245817.0,299.0,232.0
NIFRA,4/21/2025,305.0,313.9,301.0,303.73,-0.7,856181.0,299.0,232.0
NIFRA,4/22/2025,305.0,308.0,292.1,294.74,-2.96,691108.0,299.0,232.0
NIFRA,4/23/2025,297.0,297.0,283.0,285.53,-3.12,642375.0,299.0,232.0
NIFRA,4/24/2025,283.0,298.3,280.0,295.27,3.41,812807.0,299.0,232.0
NIFRA,4/27/2025,298.0,309.0,295.0,307.41,4.11,1208618.0,299.0,232.0
NIFRA,4/28/2025,307.0,313.1,294.0,296.1,-3.68,1054342.0,299.0,232.0
NIFRA,4/29/2025,301.9,303.0,293.0,294.39,-0.58,324215.0,299.0,232.0
NIFRA,4/30/2025,294.0,298.0,289.2,290.41,-1.35,424936.0,299.0,232.0
NIFRA,5/4/2025,289.0,296.9,284.1,285.09,-1.83,494853.0,299.0,232.0
NIFRA,5/5/2025,285.0,303.3,280.0,286.53,0.51,387190.0,299.0,232.0
NIFRA,5/6/2025,292.2,292.2,284.0,284.74,-0.62,243697.0,299.0,232.0
NIFRA,5/7/2025,290.0,292.0,281.4,288.18,1.21,468835.0,299.0,232.0
NIFRA,5/8/2025,283.0,296.3,283.0,287.65,-0.18,598953.0,299.0,232.0
NIFRA,5/11/2025,284.5,293.0,282.1,283.6,-1.41,214483.0,299.0,232.0
NIFRA,5/13/2025,284.0,287.9,280.0,280.09,-1.24,257031.0,299.0,232.0
NIFRA,5/14/2025,285.0,285.0,275.0,275.87,-1.51,232112.0,299.0,232.0
NIFRA,5/15/2025,270.4,279.0,270.4,276.37,0.18,159452.0,299.0,232.0
NIFRA,5/18/2025,275.0,278.5,272.6,273.65,-0.98,181525.0,299.0,232.0
NIFRA,5/19/2025,275.0,279.1,274.0,275.98,0.85,144805.0,299.0,232.0
NIFRA,5/20/2025,278.0,288.0,273.0,285.86,3.58,224421.0,299.0,232.0
NIFRA,5/21/2025,291.5,300.0,281.2,283.13,-0.96,415264.0,299.0,232.0
NIFRA,5/22/2025,287.7,287.7,281.2,282.85,-0.1,263534.0,299.0,232.0
NIFRA,5/25/2025,285.0,286.0,278.1,279.13,-1.32,202051.0,299.0,232.0
NIFRA,5/26/2025,284.7,291.0,278.0,279.71,0.21,237193.0,299.0,232.0
NIFRA,5/27/2025,278.0,281.8,275.0,277.75,-0.7,139717.0,299.0,232.0
NIFRA,5/28/2025,275.1,282.0,275.1,280.06,0.83,136853.0,299.0,232.0
NIFRA,6/2/2025,285.6,295.8,283.7,290.36,3.68,605274.0,299.0,232.0
NIFRA,6/3/2025,294.0,295.0,283.1,283.91,-2.22,159484.0,299.0,232.0
NIFRA,6/4/2025,281.1,286.7,281.1,282.75,-0.41,90690.0,299.0,232.0
NIFRA,6/5/2025,282.0,286.7,280.4,281.19,-0.55,187248.0,299.0,232.0
NIFRA,6/8/2025,284.0,284.0,278.0,278.74,-0.87,240691.0,299.0,232.0
NIFRA,6/9/2025,273.9,283.0,273.9,281.63,1.04,204442.0,299.0,232.0
NIFRA,6/10/2025,281.63,291.0,281.2,284.81,1.13,302236.0,299.0,232.0
NIFRA,6/11/2025,287.0,287.0,280.0,280.99,-1.34,174406.0,299.0,232.0
NIFRA,6/12/2025,281.0,286.5,279.3,279.97,-0.36,297316.0,299.0,232.0
NIFRA,6/15/2025,279.2,289.1,279.2,281.69,0.61,343782.0,299.0,232.0
NIFRA,6/16/2025,281.0,288.0,281.0,284.12,0.86,381591.0,299.0,232.0
NIFRA,6/17/2025,289.8,289.8,280.0,280.83,-1.16,133538.0,299.0,232.0
NIFRA,6/18/2025,282.2,285.8,278.4,279.11,-0.61,151261.0,299.0,232.0
NIFRA,6/19/2025,274.0,283.5,274.0,276.18,-1.05,244399.0,299.0,232.0
NIFRA,6/22/2025,276.0,278.5,272.6,273.26,-1.06,133511.0,299.0,232.0
NIFRA,6/23/2025,273.1,275.0,270.0,272.54,-0.26,114080.0,299.0,232.0
NIFRA,6/24/2025,272.0,278.9,272.0,272.76,0.08,184485.0,299.0,232.0
NIFRA,6/25/2025,273.0,274.0,270.0,271.43,-0.49,115809.0,299.0,232.0
NIFRA,6/26/2025,271.0,274.0,266.2,268.18,-1.2,277780.0,299.0,232.0
NIFRA,6/29/2025,268.0,272.0,266.0,270.76,0.96,152728.0,299.0,232.0
NIFRA,6/30/2025,269.2,273.0,269.2,270.28,-0.18,110017.0,299.0,232.0
NIFRA,7/1/2025,270.0,280.0,270.0,277.66,2.73,180215.0,299.0,232.0
NIFRA,7/2/2025,278.0,282.0,276.0,279.48,0.66,180232.0,299.0,232.0
NIFRA,7/3/2025,281.9,282.9,277.0,277.84,-0.59,172588.0,299.0,232.0
NIFRA,7/6/2025,278.0,282.5,273.3,278.66,0.3,346787.0,299.0,232.0
NIFRA,7/7/2025,284.2,284.2,274.0,275.08,-1.28,156464.0,299.0,232.0
NIFRA,7/8/2025,277.8,278.9,273.6,276.11,0.37,89464.0,299.0,232.0
NIFRA,7/9/2025,276.0,283.0,274.3,279.8,1.34,211947.0,299.0,232.0
NIFRA,7/10/2025,278.0,285.0,278.0,283.77,1.42,442497.0,299.0,232.0
NIFRA,7/13/2025,289.4,293.0,282.0,284.09,0.11,376245.0,299.0,232.0
NIFRA,7/14/2025,284.0,285.0,276.8,277.34,-2.38,162250.0,299.0,232.0
NIFRA,7/15/2025,279.9,282.7,278.0,281.33,1.44,178638.0,299.0,232.0
NIFRA,7/16/2025,275.8,289.0,275.8,281.63,0.11,309772.0,299.0,232.0
NIFRA,7/17/2025,285.0,295.0,285.0,293.54,4.23,597071.0,299.0,232.0
NIFRA,7/20/2025,289.0,301.0,289.0,290.47,-1.05,627184.0,299.0,232.0
NIFRA,7/21/2025,289.0,294.2,286.6,291.9,0.49,412138.0,299.0,232.0
NIFRA,7/22/2025,291.9,313.0,291.9,310.0,6.2,1231040.0,299.0,232.0
NIFRA,7/23/2025,310.0,326.0,310.0,319.82,3.17,1954130.0,299.0,232.0
NIFRA,7/24/2025,320.0,327.0,313.6,321.7,0.59,952957.0,299.0,232.0
NIFRA,7/27/2025,328.1,328.1,307.2,308.72,-4.03,1126524.0,299.0,232.0
NIFRA,7/28/2025,314.8,314.9,303.0,313.57,1.57,867231.0,299.0,232.0
NIFRA,7/29/2025,315.0,318.0,308.0,309.27,-1.37,625453.0,299.0,232.0
NIFRA,7/30/2025,309.0,314.0,301.0,302.04,-2.34,551761.0,299.0,232.0
NIFRA,7/31/2025,308.0,308.0,298.0,299.41,-0.87,534573.0,299.0,232.0
NIFRA,8/3/2025,299.0,302.0,290.2,290.62,-2.94,443521.0,299.0,232.0
NIFRA,8/4/2025,284.9,299.0,284.9,293.27,0.91,383002.0,299.0,232.0
NIFRA,8/5/2025,287.5,295.5,284.2,285.03,-2.81,301783.0,299.0,232.0
NIFRA,8/6/2025,290.7,290.7,283.0,286.49,0.51,174515.0,299.0,232.0
NIFRA,8/7/2025,281.0,292.0,281.0,285.22,-0.44,407086.0,299.0,232.0
NIFRA,8/11/2025,290.0,293.0,283.1,283.91,-0.46,258365.0,299.0,232.0
NIFRA,8/12/2025,283.1,290.0,280.1,281.37,-0.89,219637.0,299.0,232.0
NIFRA,8/13/2025,280.4,284.9,279.1,280.95,-0.15,142424.0,299.0,232.0
NIFRA,8/14/2025,284.0,290.7,280.1,283.19,0.8,219149.0,299.0,232.0
NIFRA,8/17/2025,277.6,289.0,277.6,279.75,-1.21,218909.0,299.0,232.0
NIFRA,8/18/2025,278.2,283.9,278.2,280.83,0.39,160283.0,299.0,232.0
NIFRA,8/19/2025,284.0,294.0,280.0,282.21,0.49,191687.0,299.0,232.0
NIFRA,8/20/2025,284.0,284.0,280.0,280.5,-0.61,153568.0,299.0,232.0
NIFRA,8/21/2025,280.5,282.5,279.0,279.58,-0.33,115018.0,299.0,232.0
NIFRA,8/24/2025,283.9,283.9,275.0,275.7,-1.39,215691.0,299.0,232.0
NIFRA,8/25/2025,275.0,279.9,273.5,278.03,0.85,124769.0,299.0,232.0
NIFRA,8/26/2025,280.0,281.0,277.0,277.8,-0.08,72680.0,299.0,232.0
NIFRA,8/27/2025,283.3,290.4,278.0,288.0,3.67,280621.0,299.0,232.0
NIFRA,8/28/2025,282.3,290.0,279.3,280.39,-2.64,246183.0,299.0,232.0
NIFRA,8/31/2025,278.6,281.0,275.0,275.28,-1.82,167516.0,299.0,232.0
NIFRA,9/1/2025,280.7,280.7,273.5,276.65,0.5,77843.0,299.0,232.0
NIFRA,9/2/2025,282.1,282.1,273.2,273.53,-1.13,120057.0,299.0,232.0
NIFRA,9/3/2025,273.1,275.0,271.7,272.14,-0.51,102179.0,299.0,232.0
NIFRA,9/4/2025,271.6,274.9,270.0,273.78,0.6,111035.0,299.0,232.0
NIFRA,9/7/2025,274.0,276.0,271.2,273.02,-0.28,78240.0,299.0,232.0
NIFRA,9/8/2025,270.0,273.9,269.6,270.01,-1.1,129415.0,299.0,232.0
NIFRA,9/18/2025,264.7,264.7,249.9,254.0,-5.93,40702.0,299.0,232.0
NIFRA,9/21/2025,254.0,273.9,252.0,271.42,6.86,248763.0,299.0,232.0
NIFRA,9/23/2025,270.0,276.9,270.0,274.8,1.25,150440.0,299.0,232.0
NIFRA,9/24/2025,275.0,276.9,269.6,270.4,-1.6,234780.0,299.0,232.0
NIFRA,9/25/2025,272.0,275.0,270.0,272.0,0.59,141089.0,299.0,232.0
NIFRA,9/28/2025,272.5,276.0,268.7,275.0,1.1,158703.0,299.0,232.0
NIFRA,10/7/2025,275.0,275.0,269.0,269.5,-2.0,188521.0,299.0,232.0
NIFRA,10/8/2025,268.5,269.0,259.0,260.0,-3.53,334577.0,299.0,232.0
NIFRA,10/9/2025,265.0,279.0,265.0,268.9,3.42,225870.0,299.0,232.0
NIFRA,10/12/2025,266.0,268.9,260.0,263.0,-2.19,181081.0,299.0,232.0
NIFRA,10/13/2025,263.0,269.9,259.0,268.5,2.09,237046.0,299.0,232.0
NIFRA,10/14/2025,268.5,269.8,262.2,263.9,-1.71,123864.0,299.0,232.0
NIFRA,10/15/2025,263.0,267.0,261.0,263.1,-0.3,109355.0,299.0,232.0
NIFRA,10/16/2025,263.0,266.0,260.7,264.4,0.49,199625.0,299.0,232.0
NIFRA,10/19/2025,264.0,265.0,260.2,261.0,-1.29,121202.0,299.0,232.0
NIFRA,10/26/2025,261.0,261.0,257.3,260.9,-0.04,48268.0,299.0,232.0
NIFRA,10/28/2025,263.0,271.0,263.0,269.9,3.45,221019.0,299.0,232.0
NIFRA,10/29/2025,272.0,275.0,268.1,268.2,-0.63,243688.0,299.0,232.0
NIFRA,10/30/2025,265.5,275.0,265.1,274.5,2.35,170483.0,299.0,232.0
NIFRA,11/2/2025,279.9,279.9,272.9,275.9,0.51,185152.0,299.0,232.0
NIFRA,11/3/2025,274.0,278.5,270.0,270.8,-1.85,151764.0,299.0,232.0
NIFRA,11/4/2025,270.0,273.0,267.0,268.0,-1.03,120815.0,299.0,232.0
NIFRA,11/5/2025,268.3,272.9,266.0,272.6,1.72,110635.0,299.0,232.0
NIFRA,11/6/2025,278.0,278.0,270.0,270.0,-0.95,128643.0,299.0,232.0
NIFRA,11/9/2025,269.0,269.1,264.6,265.0,-1.85,115292.0,299.0,232.0
NIFRA,11/10/2025,263.0,269.8,263.0,266.6,0.6,113063.0,299.0,232.0
NIFRA,11/11/2025,265.0,271.5,265.0,269.1,0.94,117939.0,299.0,232.0
NIFRA,11/12/2025,267.0,272.0,265.0,265.0,-1.52,72264.0,299.0,232.0
NIFRA,11/13/2025,265.0,269.0,264.1,266.0,0.38,83951.0,299.0,232.0
NIFRA,11/16/2025,264.2,270.9,263.5,266.7,0.26,118284.0,299.0,232.0
NIFRA,11/17/2025,264.5,270.9,264.5,269.0,0.86,144688.0,299.0,232.0
NIFRA,11/18/2025,269.0,280.0,269.0,277.5,3.16,358935.0,299.0,232.0
NIFRA,11/19/2025,277.5,280.0,273.5,275.9,-0.58,151522.0,299.0,232.0
NIFRA,11/20/2025,271.0,275.5,270.0,273.0,-1.05,94045.0,299.0,232.0
NIFRA,11/23/2025,274.0,279.9,274.0,278.0,1.83,124141.0,299.0,232.0
NIFRA,11/24/2025,277.0,285.5,277.0,285.0,2.52,275022.0,299.0,232.0
NIFRA,11/25/2025,286.0,288.6,280.0,288.6,1.26,319730.0,299.0,232.0
NIFRA,11/26/2025,294.3,294.3,283.6,286.0,-0.9,245933.0,299.0,232.0
NIFRA,11/27/2025,286.0,289.0,283.0,286.8,0.28,456298.0,299.0,232.0
NIFRA,11/30/2025,281.1,285.1,274.7,275.0,-4.11,328496.0,299.0,232.0
NIFRA,12/1/2025,273.1,276.0,270.3,272.5,-0.91,133205.0,299.0,232.0
NIFRA,12/2/2025,271.0,275.1,270.7,275.0,0.92,91993.0,299.0,232.0
NIFRA,12/3/2025,270.0,278.0,270.0,273.4,-0.58,93167.0,299.0,232.0
NIFRA,12/7/2025,274.0,274.0,268.2,268.5,-1.79,182962.0,299.0,232.0
NIFRA,12/8/2025,270.9,271.0,266.8,267.8,-0.26,99112.0,299.0,232.0
NIFRA,12/9/2025,269.9,270.0,266.0,269.5,0.63,76378.0,299.0,232.0
NIFRA,12/10/2025,270.0,270.0,267.3,268.9,-0.22,72273.0,299.0,232.0
NIFRA,12/11/2025,273.9,273.9,267.2,268.0,-0.33,72020.0,299.0,232.0
NIFRA,12/14/2025,268.0,269.9,266.0,266.7,-0.49,72576.0,299.0,232.0
NIFRA,12/15/2025,269.3,269.5,265.0,267.0,0.11,68643.0,299.0,232.0
NIFRA,12/16/2025,265.2,269.0,265.1,267.1,0.04,45825.0,299.0,232.0
NIFRA,12/17/2025,267.1,269.0,266.0,267.5,0.15,84092.0,299.0,232.0
NIFRA,12/18/2025,265.5,267.0,264.1,264.5,-1.12,86190.0,299.0,232.0
NIFRA,12/21/2025,264.5,265.0,263.0,263.1,-0.53,99635.0,299.0,232.0
NIFRA,12/22/2025,263.9,266.0,260.2,261.0,-0.8,80923.0,299.0,232.0
NIFRA,12/23/2025,260.2,264.0,260.0,262.0,0.38,57007.0,299.0,232.0
NIFRA,12/24/2025,262.0,263.4,260.0,261.2,-0.31,35131.0,299.0,232.0
NIFRA,12/28/2025,264.0,269.0,263.0,268.7,2.87,83048.0,299.0,232.0
NIFRA,12/29/2025,269.0,269.5,265.0,267.3,-0.52,62036.0,299.0,232.0
NIFRA,12/31/2025,267.3,269.8,266.1,266.7,-0.22,53815.0,299.0,232.0
NIFRA,1/1/2026,265.0,268.4,263.1,265.0,-0.64,53643.0,299.0,232.0
NIFRA,1/4/2026,260.0,265.0,260.0,263.9,-0.42,58595.0,299.0,232.0
NIFRA,1/5/2026,261.1,265.7,261.1,265.0,0.42,65143.0,299.0,232.0
NIFRA,1/6/2026,265.0,268.0,264.1,266.5,0.57,98795.0,299.0,232.0
NIFRA,1/7/2026,264.1,265.6,262.2,263.0,-1.31,53034.0,299.0,232.0
NIFRA,1/8/2026,263.0,264.0,261.5,262.1,-0.34,79864.0,299.0,232.0
NIFRA,1/12/2026,260.0,264.0,259.1,259.9,-0.84,205975.0,299.0,232.0
NIFRA,1/13/2026,259.9,263.5,257.0,258.0,-0.73,219246.0,299.0,232.0
NIFRA,1/14/2026,255.9,260.5,255.9,260.0,0.78,118274.0,299.0,232.0
NIFRA,1/18/2026,260.0,264.9,260.0,262.8,1.08,91052.0,299.0,232.0
NIFRA,1/20/2026,268.0,272.5,265.1,271.0,3.12,233146.0,299.0,232.0
NIFRA,1/21/2026,273.0,273.0,264.1,266.0,-1.85,163436.0,299.0,232.0
NIFRA,1/22/2026,265.0,266.9,262.0,266.0,0.0,156183.0,299.0,232.0
NIFRA,1/25/2026,265.0,274.9,265.0,274.0,3.01,325511.0,299.0,232.0
NIFRA,1/26/2026,275.0,277.0,269.0,271.0,-1.09,252322.0,299.0,232.0
NIFRA,1/27/2026,273.9,273.9,264.0,267.7,-1.22,236928.0,299.0,232.0
NIFRA,1/28/2026,268.0,268.5,261.6,267.0,-0.26,159506.0,299.0,232.0
NIFRA,1/29/2026,267.0,274.9,263.0,268.5,0.56,358322.0,299.0,232.0
NIFRA,2/1/2026,268.0,268.5,264.0,264.0,-1.68,120251.0,299.0,232.0
NIFRA,2/2/2026,263.5,266.0,262.2,263.5,-0.19,81316.0,299.0,232.0
NIFRA,2/3/2026,264.0,264.1,261.0,261.8,-0.65,112892.0,299.0,232.0
NIFRA,2/4/2026,261.0,264.9,260.0,261.8,0.0,119640.0,299.0,232.0
NIFRA,2/5/2026,261.8,266.5,261.0,266.5,1.8,119095.0,299.0,232.0
NIFRA,2/8/2026,264.0,269.4,262.0,263.0,-1.31,138605.0,299.0,232.0
NIFRA,2/9/2026,268.2,268.2,259.9,260.8,-0.84,175079.0,299.0,232.0
NIFRA,2/10/2026,260.0,263.0,259.2,260.0,-0.31,133772.0,299.0,232.0
NIFRA,2/11/2026,263.0,264.8,259.0,260.0,0.0,126413.0,299.0,232.0
NIFRA,2/12/2026,260.0,265.0,259.6,262.0,0.77,170886.0,299.0,232.0
NIFRA,2/16/2026,264.9,265.0,259.3,259.6,-0.92,111297.0,299.0,232.0
NIFRA,2/17/2026,259.1,262.0,258.5,258.8,-0.31,142288.0,299.0,232.0
NIFRA,2/22/2026,258.8,260.8,256.0,256.3,-0.97,107462.0,299.0,232.0
NIFRA,2/23/2026,251.2,260.0,251.2,257.9,0.62,60854.0,299.0,232.0
NIFRA,2/24/2026,252.8,262.0,252.8,257.8,-0.04,63962.0,299.0,232.0
NIFRA,2/25/2026,252.7,262.0,252.7,260.0,0.85,44827.0,299.0,232.0
NIFRA,2/26/2026,265.2,265.2,258.0,261.5,0.58,56185.0,299.0,232.0
NIFRA,2/27/2026,265.2,265.2,258.0,261.5,0.0,56185.0,299.0,232.0
NIFRA,2/28/2026,265.2,265.2,258.0,261.5,0.0,56185.0,299.0,232.0
NIFRA,3/2/2026,262.0,262.8,256.8,262.8,0.5,105143.0,299.0,232.0
NIFRA,3/3/2026,257.6,268.2,257.6,267.8,1.9,151034.0,299.0,232.0
NIFRA,3/4/2026,257.6,268.2,257.6,267.8,0.0,151034.0,299.0,232.0
NIFRA,3/5/2026,257.6,268.2,257.6,267.8,0.0,151034.0,299.0,232.0
NIFRA,3/6/2026,257.6,268.2,257.6,267.8,0.0,151034.0,299.0,232.0
NIFRA,3/7/2026,257.6,268.2,257.6,267.8,0.0,151034.0,299.0,232.0
NIFRA,3/8/2026,257.6,268.2,257.6,267.8,0.0,151034.0,299.0,232.0
NIFRA,3/9/2026,273.1,294.5,273.1,294.5,9.97,13492.0,299.0,232.0
NIFRA,3/10/2026,299.0,299.0,276.0,285.2,-3.16,1019341.0,299.0,232.0
NIFRA,3/11/2026,279.5,288.0,279.5,279.5,-2.0,368281.0,299.0,232.0
NIFRA,3/12/2026,278.0,287.9,276.1,285.1,2.0,416511.0,299.0,232.0
NIFRA,3/13/2026,278.0,287.9,276.1,285.1,0.0,416511.0,299.0,232.0
NIFRA,3/14/2026,278.0,287.9,276.1,285.1,0.0,416511.0,299.0,232.0
NIFRA,3/15/2026,287.0,288.7,283.0,285.1,0.0,336315.0,299.0,232.0
NIFRA,3/16/2026,285.1,285.1,277.5,277.8,-2.56,230041.0,299.0,232.0
NIFRA,3/17/2026,283.3,283.3,274.0,281.9,1.48,287913.0,299.0,232.0
NIFRA,3/18/2026,283.3,283.3,274.0,281.9,0.0,287913.0,299.0,232.0
NIFRA,3/19/2026,281.0,292.4,281.0,292.0,3.58,778529.0,299.0,232.0
NIFRA,3/20/2026,281.0,292.4,281.0,292.0,0.0,778529.0,299.0,232.0
NIFRA,3/21/2026,281.0,292.4,281.0,292.0,0.0,778529.0,299.0,232.0
NIFRA,3/22/2026,295.0,297.8,292.0,295.0,1.03,662537.0,299.0,232.0
NIFRA,3/23/2026,298.4,299.0,290.2,293.9,-0.37,415316.0,299.0,232.0
NIFRA,3/24/2026,295.0,296.0,290.4,294.0,0.03,366002.0,299.0,232.0
NIFRA,3/25/2026,294.0,297.0,289.0,289.0,-1.7,520333.0,299.0,232.0
NIFRA,3/26/2026,294.7,294.7,284.2,289.9,-1.63,245075.0,299.0,232.0
NIFRA,3/29/2026,292.0,292.1,275.1,275.1,-5.79,487844.0,299.0,232.0
NIFRA,3/30/2026,277.7,280.2,271.5,272.0,-2.05,327233.0,299.0,232.0
NIFRA,3/31/2026,266.7,277.0,266.7,275.0,3.11,255390.0,299.0,232.0
NIFRA,4/1/2026,275.0,275.0,266.0,267.0,-2.91,265167.0,299.0,232.0
NIFRA,4/2/2026,266.0,271.3,263.0,266.0,0.0,168920.0,299.0,232.0
NIFRA,4/5/2026,265.0,265.0,257.0,258.0,-2.64,318047.0,299.0,232.0
NIFRA,4/6/2026,258.0,271.6,254.0,268.8,4.19,279610.0,299.0,232.0
NIFRA,4/7/2026,270.9,270.9,264.0,266.8,-1.51,124067.0,299.0,232.0
NIFRA,4/8/2026,272.1,272.1,265.0,267.9,-1.54,175982.0,299.0,232.0
NIFRA,4/9/2026,268.0,274.0,266.1,272.9,1.83,166400.0,299.0,232.0
NIFRA,4/10/2026,273.0,273.3,267.1,269.0,-1.47,113310.0,299.0,232.0
NIFRA,4/13/2026,269.9,271.0,266.0,267.8,-0.78,156458.0,299.0,232.0
NIFRA,4/15/2026,262.5,277.0,262.5,273.0,4.0,242684.0,299.0,232.0
NIFRA,4/16/2026,278.0,278.0,268.2,270.3,-2.77,132840.0,299.0,232.0
NIFRA,4/17/2026,275.6,275.6,268.1,272.5,-1.12,150871.0,299.0,232.0
NIFRA,4/20/2026,275.0,275.0,266.0,269.0,-2.18,102307.0,299.0,232.0
NIFRA,4/21/2026,270.0,270.0,266.0,267.0,-1.11,110054.0,299.0,232.0
NIFRA,4/22/2026,267.0,270.0,261.2,265.2,-0.67,116327.0,299.0,232.0
NIFRA,4/23/2026,267.0,267.0,263.0,266.0,-0.37,58571.0,299.0,232.0
NIFRA,4/24/2026,264.0,270.0,260.0,269.9,2.23,107220.0,299.0,232.0
NIFRA,4/27/2026,269.9,270.0,266.0,266.4,-1.3,55650.0,299.0,232.0
NIFRA,4/28/2026,266.4,268.0,264.1,264.3,-0.79,51363.0,299.0,232.0
NIFRA,4/29/2026,268.0,270.0,261.9,262.0,-2.24,102694.0,299.0,232.0
NIFRA,4/30/2026,261.0,264.8,259.0,261.2,0.08,143622.0,299.0,232.0
NIFRA,5/4/2026,260.1,263.0,258.1,258.5,-0.62,95296.0,299.0,232.0
NIFRA,5/5/2026,260.0,262.0,258.0,260.8,0.31,59155.0,299.0,232.0
NIFRA,5/6/2026,260.0,261.9,260.0,260.4,0.15,44666.0,299.0,232.0
NIFRA,5/7/2026,268.1,268.1,260.0,261.9,-2.31,60330.0,299.0,232.0
NIFRA,5/8/2026,262.0,264.3,260.8,264.2,0.84,41736.0,299.0,232.0
NIFRA,5/11/2026,264.3,267.8,264.3,267.2,1.1,61428.0,299.0,232.0
NIFRA,5/12/2026,269.0,270.0,262.0,263.8,-1.93,86451.0,299.0,232.0
NIFRA,5/13/2026,270.0,270.0,260.2,264.0,-2.22,40680.0,299.0,232.0
NIFRA,5/14/2026,264.0,264.0,260.9,263.0,-0.38,48320.0,299.0,232.0
NIFRA,5/15/2026,265.0,265.0,261.5,262.2,-1.06,67775.0,299.0,232.0
NIFRA,5/18/2026,262.0,263.7,261.0,262.8,0.31,39897.0,299.0,232.0
NIFRA,5/19/2026,261.2,263.0,261.2,262.3,0.42,27353.0,299.0,232.0
NIFRA,5/20/2026,261.0,266.0,261.0,265.9,1.88,38045.0,299.0,232.0
NIFRA,5/21/2026,265.9,270.0,265.0,265.5,-0.15,42696.0,299.0,232.0
NIFRA,5/22/2026,265.0,269.0,264.0,266.8,0.68,62918.0,299.0,232.0
NIFRA,5/25/2026,266.1,270.0,266.0,268.9,1.05,118696.0,299.0,232.0
NIFRA,5/26/2026,255.5,270.9,255.5,266.7,4.38,65680.0,299.0,232.0
NIFRA,5/27/2026,269.9,269.9,265.2,269.0,-0.33,93897.0,299.0,232.0
NIFRA,6/1/2026,269.0,269.0,262.0,264.0,-1.86,63393.0,299.0,232.0
NIFRA,6/2/2026,264.0,265.0,262.0,264.9,0.34,54166.0,299.0,232.0
NIFRA,6/3/2026,263.0,267.0,263.0,264.0,0.38,98654.0,299.0,232.0
NIFRA,6/4/2026,264.0,266.0,263.0,263.0,-0.38,51670.0,299.0,232.0
NIFRA,6/5/2026,261.79,264.6,261.3,261.5,-0.11,70391.0,299.0,232.0
NIFRA,6/8/2026,262.0,262.0,260.1,261.7,-0.11,61215.0,299.0,232.0
NIFRA,6/9/2026,260.1,263.0,260.0,261.1,0.38,84878.0,299.0,232.0
NIFRA,6/10/2026,262.1,262.9,260.0,261.0,-0.42,48460.0,299.0,232.0
NIFRA,6/11/2026,260.1,265.0,259.0,259.6,-0.19,59763.0,299.0,232.0
NIFRA,6/12/2026,258.5,261.4,258.5,260.0,0.58,54024.0,299.0,232.0
NIFRA,6/15/2026,260.0,260.0,258.1,259.7,-0.12,39271.0,299.0,232.0
NIFRA,6/16/2026,258.0,259.9,257.0,258.0,0.0,59587.0,299.0,232.0
NIFRA,6/17/2026,258.0,260.9,256.2,258.6,0.23,39333.0,299.0,232.0
NIFRA,6/18/2026,257.5,258.0,256.1,256.5,-0.39,45354.0,299.0,232.0
NIFRA,6/19/2026,256.5,258.0,256.0,257.0,0.19,37117.0,299.0,232.0
NIFRA,6/22/2026,258.0,259.0,255.1,255.1,-1.12,48315.0,299.0,232.0
NIFRA,6/23/2026,250.0,262.0,249.9,251.9,0.76,208307.0,299.0,232.0
NIFRA,6/24/2026,254.5,254.5,250.0,252.0,-0.98,81241.0,299.0,232.0
NIFRA,6/26/2026,251.4,254.0,250.0,250.0,-0.56,46482.0,299.0,232.0
NIFRA,6/29/2026,249.0,250.5,247.7,248.1,-0.36,46385.0,299.0,232.0
NIFRA,6/30/2026,249.0,249.9,245.5,247.2,-0.72,52807.0,299.0,232.0
NIFRA,7/1/2026,247.0,253.9,247.0,253.9,2.79,46129.0,299.0,232.0
NIFRA,7/2/2026,255.0,255.0,250.1,254.0,-0.39,25838.0,299.0,232.0
NIFRA,7/3/2026,250.0,254.7,249.1,249.2,-0.32,56485.0,299.0,232.0
NIFRA,7/6/2026,250.0,252.9,246.1,247.6,-0.96,40432.0,299.0,232.0
NIFRA,7/7/2026,248.0,250.0,247.0,249.0,0.4,35502.0,299.0,232.0
NIFRA,7/8/2026,247.0,250.0,246.0,247.0,0.0,38174.0,299.0,232.0
NIFRA,7/9/2026,250.0,250.0,244.0,244.0,-2.4,66307.0,299.0,232.0
NIFRA,7/10/2026,244.0,249.0,243.0,246.0,0.82,30253.0,299.0,232.0
NIFRA,7/13/2026,245.0,248.0,243.1,244.0,-0.41,50878.0,299.0,232.0
NIFRA,7/14/2026,240.0,246.6,240.0,244.5,1.88,37484.0,299.0,232.0
NIFRA,7/15/2026,248.9,248.9,244.1,245.0,-1.57,32021.0,299.0,232.0
NIFRA,7/16/2026,244.0,246.5,243.0,245.6,0.66,39713.0,299.0,232.0
NIFRA,7/17/2026,247.0,255.0,244.1,254.9,3.2,72653.0,299.0,232.0
NIFRA,7/20/2026,254.0,258.1,252.1,257.9,1.54,52428.0,299.0,232.0
NIFRA,7/21/2026,257.0,258.8,254.0,256.9,-0.04,90157.0,299.0,232.0
NIFRA,7/22/2026,259.9,259.9,252.0,255.0,-1.89,46525.0,299.0,232.0
NIFRA,7/23/2026,252.0,255.0,250.1,254.0,0.79,84407.0,299.0,232.0
NIFRA,7/24/2026,251.5,257.0,251.5,255.0,1.39,80303.0,299.0,232.0
NIFRA,7/27/2026,256.0,258.0,252.0,254.0,-0.78,64540.0,299.0,232.0
NIFRA,7/28/2026,252.0,254.0,250.9,251.5,-0.2,34669.0,299.0,232.0
NIFRA,7/29/2026,251.0,254.4,250.0,250.1,-0.36,29582.0,299.0,232.0
NIFRA,7/30/2026,250.0,251.0,247.1,248.0,-0.8,27905.0,299.0,232.0
NIFRA,7/31/2026,246.2,249.9,246.2,249.1,1.18,43724.0,299.0,232.0
NIFRA,8/3/2026,248.1,252.0,247.0,247.0,-0.44,76079.0,299.0,232.0
NIFRA,8/4/2026,248.0,249.6,245.0,246.2,-0.73,70806.0,299.0,232.0
NIFRA,8/5/2026,233.9,249.9,233.9,247.0,5.6,43465.0,299.0,232.0
NIFRA,8/6/2026,245.0,249.0,245.0,246.0,0.41,26888.0,299.0,232.0
NIFRA,8/7/2026,246.0,247.9,245.0,245.1,-0.37,40495.0,299.0,232.0
NIFRA,8/10/2026,245.0,246.1,243.0,244.0,-0.41,49286.0,299.0,232.0
NIFRA,8/11/2026,243.3,247.0,242.1,244.0,0.29,53381.0,299.0,232.0
NIFRA,8/12/2026,244.0,255.4,242.2,252.4,3.44,83476.0,299.0,232.0
NIFRA,8/13/2026,252.4,267.5,246.0,252.0,-0.16,84245.0,299.0,232.0
NIFRA,8/14/2026,250.2,253.6,248.0,248.1,-0.84,54730.0,299.0,232.0
NIFRA,8/17/2026,247.0,249.0,246.1,247.0,0.0,26300.0,299.0,232.0
NIFRA,8/18/2026,247.0,247.0,243.1,244.8,-0.89,52440.0,299.0,232.0
NIFRA,8/19/2026,240.0,245.0,240.0,244.2,1.75,29497.0,299.0,232.0
NIFRA,8/20/2026,242.1,244.8,242.1,244.0,0.78,37783.0,299.0,232.0
NIFRA,8/21/2026,232.0,249.3,232.0,242.2,4.4,38326.0,299.0,232.0
NIFRA,8/24/2026,242.0,245.0,240.0,241.0,-0.41,58152.0,299.0,232.0
NIFRA,8/25/2026,242.0,244.0,240.0,241.8,-0.08,36195.0,299.0,232.0
NIFRA,8/26/2026,240.1,242.5,239.0,239.3,-0.33,75226.0,299.0,232.0
NIFRA,8/27/2026,238.0,240.1,236.5,239.0,0.42,54380.0,299.0,232.0
NIFRA,8/31/2026,240.0,245.0,238.7,240.1,0.04,76713.0,299.0,232.0
NIFRA,9/1/2026,240.0,243.8,239.0,240.0,0.0,50608.0,299.0,232.0
NIFRA,9/2/2026,250.0,250.0,237.1,241.0,-3.6,45229.0,299.0,232.0
NIFRA,9/3/2026,241.0,242.1,239.4,240.0,-0.41,36551.0,299.0,232.0
NIFRA,9/7/2026,240.0,245.0,239.0,240.9,0.38,38391.0,299.0,232.0
NIFRA,9/9/2026,240.0,243.5,240.0,241.7,0.71,30562.0,299.0,232.0
NIFRA,9/10/2026,242.0,242.0,237.1,240.0,-0.83,68749.0,299.0,232.0
NIFRA,9/11/2026,240.0,245.0,238.0,244.0,1.67,43754.0,299.0,232.0
NIFRA,9/14/2026,244.0,247.0,244.0,246.9,1.19,46696.0,299.0,232.0
NIFRA,9/15/2026,259.0,262.0,250.0,255.0,-1.54,189774.0,299.0,232.0
NIFRA,9/16/2026,255.0,256.0,250.2,250.8,-1.65,62512.0,299.0,232.0
NIFRA,9/17/2026,250.0,255.0,250.0,250.0,0.0,98801.0,299.0,232.0
NIFRA,9/18/2026,250.0,257.9,250.0,256.0,2.4,134583.0,299.0,232.0
NIFRA,9/22/2026,256.0,260.0,253.0,257.9,0.74,113991.0,299.0,232.0
NIFRA,9/23/2026,257.0,260.0,251.0,252.7,-1.67,70936.0,299.0,232.0
NIFRA,9/24/2026,252.7,254.0,250.2,253.0,0.12,36838.0,299.0,232.0
NIFRA,9/28/2026,255.0,255.2,251.6,251.9,-1.22,114822.0,299.0,232.0
NIFRA,9/29/2026,250.0,254.9,250.0,0.0,-100.0,83729.0,299.0,232.0
NIFRA,9/30/2026,251.0,251.0,246.6,247.0,-1.59,55636.0,299.0,232.0
NIFRA,10/1/2026,247.0,249.0,245.1,245.7,-0.53,59444.0,299.0,232.0
NIFRA,10/2/2026,245.7,248.0,243.6,244.5,-0.49,56940.0,299.0,232.0
NIFRAGED,12/21/2025,1033.9,1046.0,1026.0,1027.0,,125.0,1200.2,986.0
NIFRAGED,12/22/2025,1017.0,1017.0,1017.0,1017.0,-0.97,25.0,1200.2,986.0
NIFRAGED,12/23/2025,1027.1,1049.0,1027.1,1049.0,3.15,100.0,1200.2,986.0
NIFRAGED,12/24/2025,1031.5,1031.5,1031.5,1031.5,-1.67,25.0,1200.2,986.0
NIFRAGED,12/28/2025,1031.5,1031.5,1030.4,1030.4,-0.11,55.0,1200.2,986.0
NIFRAGED,12/29/2025,1030.4,1030.4,1030.4,1030.4,0.0,25.0,1200.2,986.0
NIFRAGED,12/31/2025,1030.4,1049.0,1030.4,1049.0,1.81,26.0,1200.2,986.0
NIFRAGED,1/4/2026,1050.0,1050.0,1050.0,1050.0,0.1,75.0,1200.2,986.0
NIFRAGED,1/6/2026,1050.0,1050.0,1050.0,1050.0,0.0,130.0,1200.2,986.0
NIFRAGED,1/7/2026,1029.0,1035.3,1029.0,1035.3,-1.4,100.0,1200.2,986.0
NIFRAGED,1/12/2026,1050.0,1050.0,1035.6,1050.0,1.42,180.0,1200.2,986.0
NIFRAGED,1/13/2026,1037.1,1040.0,1037.1,1040.0,-0.95,75.0,1200.2,986.0
NIFRAGED,1/14/2026,1040.0,1040.0,1030.0,1030.0,-0.96,50.0,1200.2,986.0
NIFRAGED,1/20/2026,1049.9,1059.9,1049.9,1058.9,2.81,300.0,1200.2,986.0
NIFRAGED,1/21/2026,1053.0,1053.0,1053.0,1053.0,-0.56,100.0,1200.2,986.0
NIFRAGED,1/25/2026,1035.0,1035.0,1035.0,1035.0,-1.71,25.0,1200.2,986.0
NIFRAGED,1/26/2026,1027.5,1027.5,1027.1,1027.1,-0.76,110.0,1200.2,986.0
NIFRAGED,1/27/2026,1006.6,1011.1,1006.6,1011.1,-1.56,50.0,1200.2,986.0
NIFRAGED,2/1/2026,1000.1,1029.1,1000.1,1029.1,1.78,125.0,1200.2,986.0
NIFRAGED,2/2/2026,1016.4,1016.4,1016.4,1016.4,-1.23,25.0,1200.2,986.0
NIFRAGED,2/4/2026,1024.1,1024.1,1023.2,1023.2,0.67,75.0,1200.2,986.0
NIFRAGED,2/5/2026,1010.6,1035.0,1010.6,1035.0,1.15,100.0,1200.2,986.0
NIFRAGED,2/8/2026,1024.1,1025.1,1024.1,1025.1,-0.96,50.0,1200.2,986.0
NIFRAGED,2/9/2026,1030.0,1030.0,1030.0,1030.0,0.48,25.0,1200.2,986.0
NIFRAGED,2/10/2026,1015.1,1050.0,1015.1,1029.0,-0.1,1001.0,1200.2,986.0
NIFRAGED,2/11/2026,1029.0,1029.0,1029.0,1029.0,0.0,30.0,1200.2,986.0
NIFRAGED,2/12/2026,1035.0,1035.0,1021.8,1021.8,-0.7,50.0,1200.2,986.0
NIFRAGED,2/16/2026,1022.1,1022.4,1022.1,1022.4,0.06,75.0,1200.2,986.0
NIFRAGED,2/17/2026,1020.0,1022.5,1020.0,1022.5,0.01,50.0,1200.2,986.0
NIFRAGED,2/22/2026,1023.1,1023.1,1023.0,1023.0,0.05,100.0,1200.2,986.0
NIFRAGED,2/24/2026,1020.0,1022.5,1020.0,1022.5,-0.05,125.0,1200.2,986.0
NIFRAGED,2/26/2026,1022.2,1022.2,1022.2,1022.2,-0.03,25.0,1200.2,986.0
NIFRAGED,2/27/2026,1022.2,1022.2,1022.2,1022.2,0.0,25.0,1200.2,986.0
NIFRAGED,2/28/2026,1022.2,1022.2,1022.2,1022.2,0.0,25.0,1200.2,986.0
NIFRAGED,3/2/2026,1020.5,1021.1,1020.5,1021.1,-0.11,130.0,1200.2,986.0
NIFRAGED,3/3/2026,1035.0,1035.0,1035.0,1035.0,1.36,25.0,1200.2,986.0
NIFRAGED,3/4/2026,1035.0,1035.0,1035.0,1035.0,0.0,25.0,1200.2,986.0
NIFRAGED,3/5/2026,1035.0,1035.0,1035.0,1035.0,0.0,25.0,1200.2,986.0
NIFRAGED,3/6/2026,1035.0,1035.0,1035.0,1035.0,0.0,25.0,1200.2,986.0
NIFRAGED,3/7/2026,1035.0,1035.0,1035.0,1035.0,0.0,25.0,1200.2,986.0
NIFRAGED,3/8/2026,1035.0,1035.0,1035.0,1035.0,0.0,25.0,1200.2,986.0
NIFRAGED,3/11/2026,1035.1,1036.0,1035.1,1036.0,0.1,50.0,1200.2,986.0
NIFRAGED,3/15/2026,1028.0,1028.0,1028.0,1028.0,-0.77,25.0,1200.2,986.0
NIFRAGED,3/19/2026,1048.4,1050.0,1034.1,1034.1,0.59,846.0,1200.2,986.0
NIFRAGED,3/20/2026,1048.4,1050.0,1034.1,1034.1,0.0,846.0,1200.2,986.0
NIFRAGED,3/21/2026,1048.4,1050.0,1034.1,1034.1,0.0,846.0,1200.2,986.0
NIFRAGED,3/22/2026,1034.1,1034.1,1034.1,1034.1,0.0,25.0,1200.2,986.0
NIFRAGED,3/23/2026,1030.0,1030.0,1023.7,1023.7,-1.01,50.0,1200.2,986.0
NIFRAGED,3/24/2026,1025.0,1035.0,1025.0,1035.0,1.1,85.0,1200.2,986.0
NIFRAGED,3/25/2026,1035.0,1035.1,1032.5,1035.1,0.01,114.0,1200.2,986.0
NIFRAGED,3/26/2026,1032.0,1032.0,1032.0,1032.0,0.0,25.0,1200.2,986.0
NIFRAGED,3/29/2026,1028.1,1028.1,1028.1,1050.0,2.13,56.0,1200.2,986.0
NIFRAGED,4/2/2026,1029.1,1030.0,1029.1,1049.0,1.93,51.0,1200.2,986.0
NIFRAGED,4/5/2026,1029.6,1029.6,1029.3,1050.0,1.98,51.0,1200.2,986.0
NIFRAGED,4/6/2026,1050.0,1050.0,1050.0,1067.0,1.62,1.0,1200.2,986.0
NIFRAGED,4/7/2026,1067.0,1109.1,1067.0,1109.1,3.95,194.0,1200.2,986.0
NIFRAGED,4/8/2026,1109.1,1176.8,1109.1,1176.8,6.1,38.0,1200.2,986.0
NIFRAGED,4/17/2026,1200.2,1200.2,1200.2,1200.2,0.0,23.0,1200.2,986.0
NIFRAGED,4/27/2026,1200.2,1200.2,1020.2,1032.0,-14.01,329.0,1200.2,986.0
NIFRAGED,4/28/2026,1032.0,1041.0,1033.4,1041.0,0.87,100.0,1200.2,986.0
NIFRAGED,4/29/2026,1041.0,1027.5,1015.1,1027.5,-1.3,125.0,1200.2,986.0
NIFRAGED,4/30/2026,1031.1,1050.0,1031.1,1032.0,0.09,233.0,1200.2,986.0
NIFRAGED,5/4/2026,1032.1,1033.1,1032.0,1033.1,0.1,125.0,1200.2,986.0
NIFRAGED,5/6/2026,1045.0,1045.0,1035.3,1042.0,-0.29,371.0,1200.2,986.0
NIFRAGED,5/7/2026,1042.0,1042.0,1033.4,1033.4,-0.83,50.0,1200.2,986.0
NIFRAGED,5/8/2026,1035.7,1035.7,1035.7,1035.7,0.0,25.0,1200.2,986.0
NIFRAGED,5/11/2026,1037.0,1037.0,1037.0,1037.0,0.0,30.0,1200.2,986.0
NIFRAGED,5/13/2026,1037.6,1037.9,1037.6,1037.9,0.03,80.0,1200.2,986.0
NIFRAGED,5/14/2026,1038.0,1041.0,1038.0,1039.1,0.11,100.0,1200.2,986.0
NIFRAGED,5/15/2026,1039.1,1039.1,1039.1,1039.1,0.0,25.0,1200.2,986.0
NIFRAGED,5/18/2026,1040.3,1041.1,1040.3,1041.1,0.08,100.0,1200.2,986.0
NIFRAGED,5/19/2026,1017.3,1030.3,1017.3,1030.3,1.28,50.0,1200.2,986.0
NIFRAGED,5/21/2026,1032.0,1032.0,1032.0,1032.0,0.0,25.0,1200.2,986.0
NIFRAGED,5/22/2026,1032.5,1036.2,1032.5,1035.3,0.27,100.0,1200.2,986.0
NIFRAGED,5/25/2026,1035.5,1040.1,1035.5,1064.0,2.75,76.0,1200.2,986.0
NIFRAGED,5/26/2026,1050.0,1094.8,1050.0,1094.8,4.27,38.0,1200.2,986.0
NIFRAGED,5/27/2026,1062.0,1062.0,1054.0,1054.0,-0.75,213.0,1200.2,986.0
NIFRAGED,6/1/2026,1050.0,1050.0,1050.0,1050.0,0.0,25.0,1200.2,986.0
NIFRAGED,6/4/2026,1064.0,1070.0,1064.0,1070.0,0.56,401.0,1200.2,986.0
NIFRAGED,6/8/2026,1038.8,1038.8,1038.8,1038.8,0.0,25.0,1200.2,986.0
NIFRAGED,6/9/2026,1040.7,1040.7,1040.7,1040.7,0.0,25.0,1200.2,986.0
NIFRAGED,6/11/2026,1050.0,1050.0,1050.0,1050.0,0.0,25.0,1200.2,986.0
NIFRAGED,6/15/2026,1050.0,1050.0,1050.0,1050.0,0.0,25.0,1200.2,986.0
NIFRAGED,6/16/2026,1018.5,1035.0,1018.5,1035.0,1.62,40.0,1200.2,986.0
NIFRAGED,6/17/2026,1035.0,1039.0,1035.0,1039.0,0.39,55.0,1200.2,986.0
NIFRAGED,6/18/2026,1039.2,1039.2,1039.2,1039.2,0.0,50.0,1200.2,986.0
NIFRAGED,6/23/2026,1039.4,1039.4,1039.4,1039.4,0.0,15.0,1200.2,986.0
NIFRAGED,6/24/2026,1050.0,1060.0,1050.0,1060.0,0.95,76.0,1200.2,986.0
NIFRAGED,6/26/2026,1041.2,1041.2,1041.2,1041.2,0.0,75.0,1200.2,986.0
NIFRAGED,6/29/2026,1041.5,1041.5,1041.4,1041.4,-0.01,125.0,1200.2,986.0
NIFRAGED,6/30/2026,1041.4,1041.4,1041.1,1041.1,-0.03,80.0,1200.2,986.0
NIFRAGED,7/1/2026,1041.2,1041.2,1041.2,1041.2,0.0,50.0,1200.2,986.0
NIFRAGED,7/2/2026,1026.2,1042.0,1026.2,1042.0,1.54,93.0,1200.2,986.0
NIFRAGED,7/3/2026,1044.4,1044.4,1044.4,1044.4,0.0,75.0,1200.2,986.0
NIFRAGED,7/8/2026,1044.6,1044.6,1044.6,1044.6,0.0,25.0,1200.2,986.0
NIFRAGED,7/9/2026,1044.6,1044.6,1044.6,1054.9,0.99,82.0,1200.2,986.0
NIFRAGED,7/10/2026,1040.0,1050.0,1040.0,1050.0,0.96,163.0,1200.2,986.0
NIFRAGED,7/14/2026,1040.0,1040.5,1040.0,1040.5,0.05,50.0,1200.2,986.0
NIFRAGED,7/15/2026,1041.1,1043.3,1041.1,1043.3,0.21,75.0,1200.2,986.0
NIFRAGED,7/20/2026,1033.0,1034.0,1020.8,1020.8,-1.18,205.0,1200.2,986.0
NIFRAGED,7/21/2026,1023.1,1030.0,1023.1,1030.0,0.67,130.0,1200.2,986.0
NIFRAGED,7/22/2026,1030.0,1030.0,1030.0,1030.0,0.0,487.0,1200.2,986.0
NIFRAGED,7/23/2026,1030.0,1030.0,1030.0,1030.0,0.0,25.0,1200.2,986.0
NIFRAGED,7/27/2026,1034.0,1034.0,1034.0,1034.0,0.0,50.0,1200.2,986.0
NIFRAGED,7/28/2026,1026.0,1026.0,1026.0,1026.0,0.0,25.0,1200.2,986.0
NIFRAGED,7/30/2026,1026.0,1026.0,1026.0,1026.0,0.0,25.0,1200.2,986.0
NIFRAGED,8/3/2026,1026.0,1026.2,1026.0,1026.2,0.02,75.0,1200.2,986.0
NIFRAGED,8/5/2026,1028.0,1028.0,1028.0,1028.0,0.0,25.0,1200.2,986.0
NIFRAGED,8/6/2026,1028.0,1028.0,1028.0,1028.0,0.0,30.0,1200.2,986.0
NIFRAGED,8/7/2026,1046.0,1050.0,1030.0,1030.0,-1.53,1589.0,1200.2,986.0
NIFRAGED,8/12/2026,1020.0,1020.0,1020.0,1020.0,0.0,25.0,1200.2,986.0
NIFRAGED,8/13/2026,1010.1,1010.1,1010.1,1010.1,0.0,25.0,1200.2,986.0
NIFRAGED,8/21/2026,1010.0,1010.0,1010.0,1010.0,0.0,25.0,1200.2,986.0
NIFRAGED,8/25/2026,1000.1,1000.1,1000.1,1000.1,0.0,50.0,1200.2,986.0
NIFRAGED,9/2/2026,1010.0,1010.0,1010.0,1010.0,0.0,25.0,1200.2,986.0
NIFRAGED,9/10/2026,1010.0,1010.0,1010.0,1040.3,3.0,6.0,1200.2,986.0
NIFRAGED,9/11/2026,1035.0,1035.0,1011.1,1011.1,-2.31,50.0,1200.2,986.0
NIFRAGED,9/14/2026,1014.3,1025.1,1014.3,1025.1,1.06,50.0,1200.2,986.0
NIFRAGED,9/15/2026,1025.2,1025.2,1025.2,1025.2,0.0,50.0,1200.2,986.0
NIFRAGED,9/16/2026,1025.0,1025.4,1025.0,1025.4,0.04,50.0,1200.2,986.0
NIFRAGED,9/18/2026,1028.0,1040.0,1028.0,1040.0,1.17,75.0,1200.2,986.0
NIFRAGED,9/22/2026,1030.1,1030.1,1030.1,1030.1,0.0,25.0,1200.2,986.0
NIFRAGED,9/23/2026,1044.8,1082.0,1044.8,1082.0,3.56,782.0,1200.2,986.0
NIFRAGED,9/24/2026,1112.4,1114.4,1100.0,1100.0,-1.11,2810.0,1200.2,986.0
NIFRAGED,10/2/2026,1067.0,1074.1,1067.0,1073.2,0.58,1527.0,1200.2,986.0
NIFRAUR85/86,5/15/2026,1100.0,1100.0,1100.0,1100.0,0.0,20.0,1128.0,1010.0
NIFRAUR85/86,5/18/2026,1067.0,1067.0,1040.0,1042.1,-2.33,81.0,1128.0,1010.0
NIFRAUR85/86,5/19/2026,1038.2,1038.2,1038.2,1038.2,0.0,25.0,1128.0,1010.0
NIFRAUR85/86,5/21/2026,1069.3,1069.3,1069.3,1069.3,0.0,71.0,1128.0,1010.0
NIFRAUR85/86,6/1/2026,1041.8,1041.8,1041.7,1041.7,-0.01,50.0,1128.0,1010.0
NIFRAUR85/86,6/2/2026,1045.0,1072.8,1045.0,1072.0,2.58,100.0,1128.0,1010.0
NIFRAUR85/86,6/3/2026,1043.4,1043.4,1043.4,1043.4,0.0,10.0,1128.0,1010.0
NIFRAUR85/86,6/4/2026,1061.0,1065.0,1061.0,1065.0,0.38,20.0,1128.0,1010.0
NIFRAUR85/86,6/5/2026,1040.2,1071.0,1040.2,1071.0,2.96,60.0,1128.0,1010.0
NIFRAUR85/86,6/16/2026,1040.1,1041.1,1040.0,1041.1,0.1,35.0,1128.0,1010.0
NIFRAUR85/86,6/18/2026,1065.0,1065.0,1060.0,1060.0,-0.47,50.0,1128.0,1010.0
NIFRAUR85/86,6/23/2026,1065.0,1065.0,1065.0,1065.0,0.0,25.0,1128.0,1010.0
NIFRAUR85/86,6/29/2026,1065.0,1065.0,1065.0,1065.0,0.0,200.0,1128.0,1010.0
NIFRAUR85/86,6/30/2026,1065.0,1065.0,1065.0,1065.0,0.0,40.0,1128.0,1010.0
NIFRAUR85/86,7/3/2026,1065.0,1065.0,1065.0,1065.0,0.0,30.0,1128.0,1010.0
NIFRAUR85/86,7/8/2026,1050.0,1050.0,1050.0,1050.0,0.0,45.0,1128.0,1010.0
NIFRAUR85/86,7/14/2026,1050.0,1065.0,1050.0,1065.0,1.43,35.0,1128.0,1010.0
NIFRAUR85/86,7/15/2026,1065.0,1065.0,1065.0,1065.0,0.0,25.0,1128.0,1010.0
NIFRAUR85/86,7/27/2026,1033.2,1033.2,1033.2,1033.2,0.0,25.0,1128.0,1010.0
NIFRAUR85/86,8/3/2026,1033.0,1033.0,1033.0,1033.0,0.0,30.0,1128.0,1010.0
NIFRAUR85/86,8/11/2026,1010.0,1010.0,1010.0,1010.0,0.0,50.0,1128.0,1010.0
NIFRAUR85/86,8/18/2026,1030.0,1030.0,1030.0,1030.0,0.0,25.0,1128.0,1010.0
NIFRAUR85/86,9/22/2026,1010.9,1010.9,1010.9,1010.9,0.0,25.0,1128.0,1010.0
NIFRAUR85/86,9/23/2026,1041.2,1041.2,1041.2,1050.0,0.85,54.0,1128.0,1010.0
NIL,12/21/2025,620.0,620.0,609.5,614.9,,5510.0,685.0,502.8
NIL,12/22/2025,602.9,613.5,602.9,606.7,-1.33,1769.0,685.0,502.8
NIL,12/23/2025,596.3,605.0,596.3,602.1,-0.76,3399.0,685.0,502.8
NIL,12/24/2025,602.0,613.9,601.4,602.5,0.07,5949.0,685.0,502.8
NIL,12/28/2025,602.5,615.0,602.5,615.0,2.07,18591.0,685.0,502.8
NIL,12/29/2025,622.0,622.0,616.6,619.6,0.75,11931.0,685.0,502.8
NIL,12/31/2025,619.6,625.0,619.6,624.0,0.71,8909.0,685.0,502.8
NIL,1/1/2026,616.0,624.8,616.0,618.5,-0.88,8806.0,685.0,502.8
NIL,1/4/2026,618.5,622.9,613.0,619.0,0.08,4776.0,685.0,502.8
NIL,1/5/2026,610.0,619.0,610.0,616.0,-0.48,11332.0,685.0,502.8
NIL,1/6/2026,612.0,615.0,611.0,615.0,-0.16,6106.0,685.0,502.8
NIL,1/7/2026,605.0,617.3,603.0,615.0,0.0,4324.0,685.0,502.8
NIL,1/8/2026,615.0,619.5,612.5,618.5,0.57,4398.0,685.0,502.8
NIL,1/12/2026,618.5,624.9,615.1,618.4,-0.02,3089.0,685.0,502.8
NIL,1/13/2026,630.7,630.7,608.0,618.0,-0.06,7987.0,685.0,502.8
NIL,1/14/2026,630.3,630.3,612.2,618.0,0.0,3842.0,685.0,502.8
NIL,1/18/2026,630.3,634.9,625.0,630.8,2.07,31039.0,685.0,502.8
NIL,1/20/2026,643.4,643.4,635.0,642.0,1.78,17234.0,685.0,502.8
NIL,1/21/2026,654.8,656.0,642.2,645.0,0.47,16534.0,685.0,502.8
NIL,1/22/2026,644.9,647.9,640.0,645.9,0.14,12035.0,685.0,502.8
NIL,1/25/2026,635.0,658.9,634.0,655.0,1.41,20485.0,685.0,502.8
NIL,1/26/2026,651.0,662.9,645.0,659.0,0.61,19437.0,685.0,502.8
NIL,1/27/2026,659.0,659.8,646.6,649.0,-1.52,17143.0,685.0,502.8
NIL,1/28/2026,645.0,655.0,644.0,651.9,0.45,11176.0,685.0,502.8
NIL,1/29/2026,650.0,650.0,645.1,649.0,-0.44,11212.0,685.0,502.8
NIL,2/1/2026,658.0,658.0,649.0,650.0,0.15,19944.0,685.0,502.8
NIL,2/2/2026,650.1,657.0,650.0,650.5,0.08,12158.0,685.0,502.8
NIL,2/3/2026,658.0,662.8,649.0,649.1,-0.22,17410.0,685.0,502.8
NIL,2/4/2026,651.0,651.1,648.0,650.9,0.28,15195.0,685.0,502.8
NIL,2/5/2026,659.9,659.9,646.0,654.9,0.61,20429.0,685.0,502.8
NIL,2/8/2026,647.0,647.0,626.0,629.9,-3.82,17209.0,685.0,502.8
NIL,2/9/2026,622.3,628.0,620.1,626.0,-0.62,9462.0,685.0,502.8
NIL,2/10/2026,626.0,637.0,609.0,618.9,-1.13,10453.0,685.0,502.8
NIL,2/11/2026,629.8,629.8,610.0,611.0,-1.28,7120.0,685.0,502.8
NIL,2/12/2026,610.0,619.9,605.0,609.0,-0.33,11907.0,685.0,502.8
NIL,2/16/2026,609.0,609.0,602.1,604.9,-0.67,7889.0,685.0,502.8
NIL,2/17/2026,602.0,605.0,598.0,603.0,-0.31,18952.0,685.0,502.8
NIL,2/22/2026,614.5,614.9,597.0,600.0,-0.5,6524.0,685.0,502.8
NIL,2/23/2026,611.7,611.7,600.0,600.0,0.0,5707.0,685.0,502.8
NIL,2/24/2026,611.7,611.7,600.0,607.8,1.3,2403.0,685.0,502.8
NIL,2/25/2026,605.0,607.8,602.0,607.0,-0.13,4743.0,685.0,502.8
NIL,2/26/2026,615.0,615.0,606.0,611.0,0.66,3213.0,685.0,502.8
NIL,2/27/2026,615.0,615.0,606.0,611.0,0.0,3213.0,685.0,502.8
NIL,2/28/2026,615.0,615.0,606.0,611.0,0.0,3213.0,685.0,502.8
NIL,3/2/2026,611.9,616.6,603.0,616.6,0.92,3113.0,685.0,502.8
NIL,3/3/2026,615.0,623.9,615.0,623.0,1.04,5219.0,685.0,502.8
NIL,3/4/2026,615.0,623.9,615.0,623.0,0.0,5219.0,685.0,502.8
NIL,3/5/2026,615.0,623.9,615.0,623.0,0.0,5219.0,685.0,502.8
NIL,3/6/2026,615.0,623.9,615.0,623.0,0.0,5219.0,685.0,502.8
NIL,3/7/2026,615.0,623.9,615.0,623.0,0.0,5219.0,685.0,502.8
NIL,3/8/2026,615.0,623.9,615.0,623.0,0.0,5219.0,685.0,502.8
NIL,3/9/2026,634.9,634.9,634.9,634.9,1.91,35.0,685.0,502.8
NIL,3/10/2026,647.5,673.6,645.0,653.5,2.93,35779.0,685.0,502.8
NIL,3/11/2026,660.0,665.9,650.0,652.0,-0.23,16291.0,685.0,502.8
NIL,3/12/2026,650.0,659.0,648.0,659.0,1.07,11272.0,685.0,502.8
NIL,3/13/2026,650.0,659.0,648.0,659.0,0.0,11272.0,685.0,502.8
NIL,3/14/2026,650.0,659.0,648.0,659.0,0.0,11272.0,685.0,502.8
NIL,3/15/2026,665.9,665.9,660.0,661.0,0.3,18400.0,685.0,502.8
NIL,3/16/2026,660.0,662.0,651.0,657.0,-0.61,10807.0,685.0,502.8
NIL,3/17/2026,657.0,661.0,650.0,657.0,0.0,7474.0,685.0,502.8
NIL,3/18/2026,657.0,661.0,650.0,657.0,0.0,7474.0,685.0,502.8
NIL,3/19/2026,665.7,665.8,658.0,665.0,1.22,11113.0,685.0,502.8
NIL,3/20/2026,665.7,665.8,658.0,665.0,0.0,11113.0,685.0,502.8
NIL,3/21/2026,665.7,665.8,658.0,665.0,0.0,11113.0,685.0,502.8
NIL,3/22/2026,665.0,678.3,665.0,677.0,1.8,23694.0,685.0,502.8
NIL,3/23/2026,677.0,685.0,671.0,681.0,0.59,28552.0,685.0,502.8
NIL,3/24/2026,681.0,682.0,668.0,677.0,-0.59,17260.0,685.0,502.8
NIL,3/25/2026,677.0,682.0,665.0,672.8,-0.62,21998.0,685.0,502.8
NIL,3/26/2026,664.0,670.0,655.0,670.0,0.9,14561.0,685.0,502.8
NIL,3/29/2026,670.0,670.0,655.0,655.0,-2.24,23773.0,685.0,502.8
NIL,3/30/2026,654.9,660.0,640.0,644.0,-1.66,11653.0,685.0,502.8
NIL,3/31/2026,635.0,650.0,620.5,650.0,2.36,22120.0,685.0,502.8
NIL,4/1/2026,640.0,650.0,630.0,635.0,-0.78,15453.0,685.0,502.8
NIL,4/2/2026,625.0,636.0,615.0,635.0,1.6,5588.0,685.0,502.8
NIL,4/5/2026,623.1,625.1,600.0,616.0,-1.14,16101.0,685.0,502.8
NIL,4/6/2026,605.0,631.0,605.0,630.0,4.13,11794.0,685.0,502.8
NIL,4/7/2026,640.0,640.0,615.6,622.0,-2.81,8163.0,685.0,502.8
NIL,4/8/2026,630.0,630.0,618.0,622.1,-1.25,9462.0,685.0,502.8
NIL,4/9/2026,615.0,635.0,615.0,634.0,3.09,11621.0,685.0,502.8
NIL,4/10/2026,625.0,636.0,625.0,635.0,1.6,16803.0,685.0,502.8
NIL,4/13/2026,630.1,640.0,626.0,640.0,1.57,5887.0,685.0,502.8
NIL,4/15/2026,640.0,646.5,630.0,640.0,0.0,8763.0,685.0,502.8
NIL,4/16/2026,631.0,640.0,628.6,633.0,0.32,3865.0,685.0,502.8
NIL,4/17/2026,633.0,635.0,627.0,628.0,-0.79,2680.0,685.0,502.8
NIL,4/20/2026,644.9,644.9,621.0,621.6,-3.61,1446.0,685.0,502.8
NIL,4/21/2026,615.0,623.0,605.0,618.1,0.5,6024.0,685.0,502.8
NIL,4/22/2026,601.4,620.0,600.0,615.0,2.26,4174.0,685.0,502.8
NIL,4/23/2026,615.0,615.0,607.0,609.0,-0.98,1784.0,685.0,502.8
NIL,4/24/2026,609.0,617.7,608.0,615.0,0.99,3206.0,685.0,502.8
NIL,4/27/2026,615.0,615.0,605.0,613.0,-0.33,2779.0,685.0,502.8
NIL,4/28/2026,613.0,616.0,606.0,610.0,-0.49,4513.0,685.0,502.8
NIL,4/29/2026,610.0,610.0,605.0,609.9,-0.02,3027.0,685.0,502.8
NIL,4/30/2026,595.0,611.9,595.0,611.9,2.84,3057.0,685.0,502.8
NIL,5/4/2026,619.0,619.0,600.5,603.0,-2.58,6761.0,685.0,502.8
NIL,5/5/2026,600.0,604.0,577.2,595.0,-0.83,9184.0,685.0,502.8
NIL,5/6/2026,595.0,596.9,580.2,595.0,0.0,5624.0,685.0,502.8
NIL,5/7/2026,595.0,607.7,590.0,597.0,0.34,1606.0,685.0,502.8
NIL,5/8/2026,610.0,610.0,600.1,604.0,-0.98,2641.0,685.0,502.8
NIL,5/11/2026,605.0,621.0,602.0,613.0,1.32,4589.0,685.0,502.8
NIL,5/12/2026,619.0,619.0,605.0,605.1,-2.25,9492.0,685.0,502.8
NIL,5/13/2026,605.1,614.9,605.0,610.0,0.81,2000.0,685.0,502.8
NIL,5/14/2026,640.5,640.5,611.0,611.3,-4.56,2982.0,685.0,502.8
NIL,5/15/2026,624.6,624.6,600.0,613.0,-1.86,4454.0,685.0,502.8
NIL,5/18/2026,615.0,615.0,601.0,606.0,-1.46,3402.0,685.0,502.8
NIL,5/19/2026,606.0,608.0,600.3,608.0,0.33,2083.0,685.0,502.8
NIL,5/20/2026,601.0,611.0,600.0,606.6,0.93,3622.0,685.0,502.8
NIL,5/21/2026,611.0,613.0,605.0,608.0,-0.49,1685.0,685.0,502.8
NIL,5/22/2026,605.3,617.5,605.3,614.0,1.44,1837.0,685.0,502.8
NIL,5/25/2026,610.0,625.0,610.0,622.0,1.97,6315.0,685.0,502.8
NIL,5/26/2026,616.1,628.9,616.1,627.0,1.77,11040.0,685.0,502.8
NIL,5/27/2026,633.4,633.4,625.1,632.0,-0.22,5380.0,685.0,502.8
NIL,6/1/2026,650.0,663.0,632.0,647.7,-0.35,30818.0,685.0,502.8
NIL,6/2/2026,647.7,655.0,642.6,653.0,0.82,8104.0,685.0,502.8
NIL,6/3/2026,655.0,682.0,653.1,669.0,2.14,32384.0,685.0,502.8
NIL,6/4/2026,656.0,670.0,656.0,663.0,1.07,15404.0,685.0,502.8
NIL,6/5/2026,663.0,670.0,656.2,656.2,-1.03,14349.0,685.0,502.8
NIL,6/8/2026,645.3,659.0,645.3,658.7,2.08,7320.0,685.0,502.8
NIL,6/9/2026,647.0,660.0,647.0,658.7,1.81,7799.0,685.0,502.8
NIL,6/10/2026,664.9,665.0,654.0,654.0,-1.64,2379.0,685.0,502.8
NIL,6/11/2026,659.1,663.7,652.0,652.0,-1.08,6313.0,685.0,502.8
NIL,6/12/2026,653.0,653.0,646.1,649.1,-0.6,6892.0,685.0,502.8
NIL,6/15/2026,649.1,650.0,646.0,649.9,0.12,7613.0,685.0,502.8
NIL,6/16/2026,647.0,652.0,635.0,646.0,-0.15,9615.0,685.0,502.8
NIL,6/17/2026,661.0,661.0,639.0,648.0,-1.97,1782.0,685.0,502.8
NIL,6/18/2026,663.0,663.0,638.0,640.0,-3.47,5473.0,685.0,502.8
NIL,6/19/2026,640.0,640.0,634.0,639.9,-0.02,2025.0,685.0,502.8
NIL,6/22/2026,625.0,639.6,621.0,632.0,1.12,1200.0,685.0,502.8
NIL,6/23/2026,633.0,638.0,630.0,630.0,-0.47,2694.0,685.0,502.8
NIL,6/24/2026,621.0,630.0,620.6,620.9,-0.02,5593.0,685.0,502.8
NIL,6/26/2026,620.0,620.0,613.1,620.0,0.0,2316.0,685.0,502.8
NIL,6/29/2026,615.1,620.0,605.0,617.0,0.31,4997.0,685.0,502.8
NIL,6/30/2026,610.1,617.0,603.1,609.0,-0.18,3689.0,685.0,502.8
NIL,7/1/2026,614.3,626.0,614.2,624.9,1.73,2153.0,685.0,502.8
NIL,7/2/2026,620.0,637.9,620.0,621.1,0.18,3150.0,685.0,502.8
NIL,7/3/2026,636.0,636.0,617.0,624.0,-1.89,31359.0,685.0,502.8
NIL,7/6/2026,624.0,630.0,621.0,622.0,-0.32,3105.0,685.0,502.8
NIL,7/7/2026,629.9,629.9,615.0,616.8,-2.08,6442.0,685.0,502.8
NIL,7/8/2026,616.8,618.0,610.0,616.5,-0.05,4219.0,685.0,502.8
NIL,7/9/2026,606.0,616.5,602.1,611.2,0.86,2434.0,685.0,502.8
NIL,7/10/2026,625.0,625.0,608.3,614.9,-1.62,4517.0,685.0,502.8
NIL,7/13/2026,620.0,625.0,605.0,605.0,-2.42,12438.0,685.0,502.8
NIL,7/14/2026,602.09,615.8,600.0,614.0,1.98,4501.0,685.0,502.8
NIL,7/15/2026,600.1,625.0,600.1,609.0,1.48,1697.0,685.0,502.8
NIL,7/16/2026,609.0,614.0,607.0,610.0,0.16,3627.0,685.0,502.8
NIL,7/17/2026,621.9,632.0,615.0,632.0,1.62,5801.0,685.0,502.8
NIL,7/20/2026,620.0,644.0,615.4,635.4,2.48,7086.0,685.0,502.8
NIL,7/21/2026,645.0,645.0,630.0,635.0,-1.55,6177.0,685.0,502.8
NIL,7/22/2026,639.9,647.9,630.0,631.1,-1.38,13854.0,685.0,502.8
NIL,7/23/2026,632.0,632.0,617.2,629.9,-0.33,1431.0,685.0,502.8
NIL,7/24/2026,627.0,639.9,627.0,630.0,0.48,4967.0,685.0,502.8
NIL,7/27/2026,625.0,640.0,619.2,625.1,0.02,12368.0,685.0,502.8
NIL,7/28/2026,625.0,638.0,618.1,622.0,-0.48,3171.0,685.0,502.8
NIL,7/29/2026,622.0,625.0,616.0,617.5,-0.72,3576.0,685.0,502.8
NIL,7/30/2026,636.0,636.0,618.0,618.1,-2.81,1845.0,685.0,502.8
NIL,7/31/2026,618.1,624.0,618.0,620.0,0.31,1668.0,685.0,502.8
NIL,8/3/2026,620.0,630.0,616.0,624.0,0.65,10157.0,685.0,502.8
NIL,8/4/2026,616.2,624.0,616.1,619.5,0.54,9650.0,685.0,502.8
NIL,8/5/2026,619.5,620.0,617.0,617.1,-0.39,4926.0,685.0,502.8
NIL,8/6/2026,615.0,619.0,605.5,615.1,0.02,5407.0,685.0,502.8
NIL,8/7/2026,615.0,618.0,600.0,615.9,0.15,8458.0,685.0,502.8
NIL,8/10/2026,616.0,630.1,611.1,612.0,-0.65,4608.0,685.0,502.8
NIL,8/11/2026,620.0,620.0,602.2,606.0,-2.26,4496.0,685.0,502.8
NIL,8/12/2026,606.0,615.0,603.1,606.2,0.03,6410.0,685.0,502.8
NIL,8/13/2026,620.0,620.0,605.0,609.5,-1.69,2408.0,685.0,502.8
NIL,8/14/2026,609.5,615.0,606.6,609.0,-0.08,2400.0,685.0,502.8
NIL,8/17/2026,609.0,609.0,604.0,606.0,-0.49,11369.0,685.0,502.8
NIL,8/18/2026,603.0,608.0,598.1,598.5,-0.75,13513.0,685.0,502.8
NIL,8/19/2026,599.0,608.0,595.0,602.0,0.5,5556.0,685.0,502.8
NIL,8/20/2026,602.0,610.0,595.0,598.3,-0.61,6055.0,685.0,502.8
NIL,8/21/2026,599.0,600.0,592.5,592.5,-1.09,9802.0,685.0,502.8
NIL,8/24/2026,595.0,597.0,590.0,591.0,-0.67,9479.0,685.0,502.8
NIL,8/25/2026,591.0,595.0,585.1,586.0,-0.85,5860.0,685.0,502.8
NIL,8/26/2026,586.0,586.0,560.0,560.0,-4.44,16778.0,685.0,502.8
NIL,8/27/2026,556.0,556.0,526.0,549.9,-1.1,13763.0,685.0,502.8
NIL,8/31/2026,540.1,555.0,515.0,516.0,-4.46,13941.0,685.0,502.8
NIL,9/1/2026,502.8,533.0,502.8,521.9,3.8,7349.0,685.0,502.8
NIL,9/2/2026,513.0,525.0,511.0,524.0,2.14,5885.0,685.0,502.8
NIL,9/3/2026,524.0,524.0,516.0,520.0,-0.76,10455.0,685.0,502.8
NIL,9/7/2026,525.0,526.0,515.0,525.0,0.0,24286.0,685.0,502.8
NIL,9/9/2026,524.0,525.0,511.0,513.0,-2.1,11296.0,685.0,502.8
NIL,9/10/2026,510.0,510.0,506.0,510.0,0.0,8675.0,685.0,502.8
NIL,9/11/2026,510.0,515.0,508.1,515.0,0.98,12106.0,685.0,502.8
NIL,9/14/2026,520.0,525.0,519.5,524.0,0.77,18315.0,685.0,502.8
NIL,9/15/2026,550.0,550.0,530.0,534.0,-2.91,9434.0,685.0,502.8
NIL,9/16/2026,534.0,535.0,525.1,533.0,-0.19,13068.0,685.0,502.8
NIL,9/17/2026,539.0,540.0,530.1,534.9,-0.76,5065.0,685.0,502.8
NIL,9/18/2026,530.0,536.9,530.0,535.5,1.04,4931.0,685.0,502.8
NIL,9/22/2026,535.0,543.0,530.0,535.0,0.0,10350.0,685.0,502.8
NIL,9/23/2026,530.0,534.5,526.2,533.0,0.57,2360.0,685.0,502.8
NIL,9/24/2026,530.0,530.0,522.0,529.8,-0.04,6087.0,685.0,502.8
NIL,9/28/2026,521.0,529.0,521.0,522.3,0.25,5862.0,685.0,502.8
NIL,9/29/2026,522.2,530.0,522.2,0.0,-100.0,1267.0,685.0,502.8
NIL,9/30/2026,529.0,529.9,521.5,528.6,-0.08,1920.0,685.0,502.8
NIL,10/1/2026,528.0,530.7,525.0,525.3,-0.51,5253.0,685.0,502.8
NIL,10/2/2026,523.0,530.0,520.0,525.0,0.38,5016.0,685.0,502.8
NIMB,12/21/2025,191.1,193.9,190.0,190.2,,57982.0,232.5,181.0
NIMB,12/22/2025,194.0,194.0,188.0,189.7,-0.26,90967.0,232.5,181.0
NIMB,12/23/2025,192.9,192.9,188.0,188.0,-0.9,80175.0,232.5,181.0
NIMB,12/24/2025,187.9,189.0,187.0,187.9,-0.05,79471.0,232.5,181.0
NIMB,12/28/2025,189.0,193.0,188.6,193.0,2.71,133425.0,232.5,181.0
NIMB,12/29/2025,196.0,196.0,192.0,192.0,-0.52,75621.0,232.5,181.0
NIMB,12/31/2025,192.0,195.5,191.0,193.0,0.52,90433.0,232.5,181.0
NIMB,1/1/2026,193.0,194.9,191.1,191.5,-0.78,191570.0,232.5,181.0
NIMB,1/4/2026,193.0,193.5,190.3,191.8,0.16,68376.0,232.5,181.0
NIMB,1/5/2026,192.0,193.9,191.5,192.4,0.31,72599.0,232.5,181.0
NIMB,1/6/2026,193.6,197.4,192.3,193.0,0.31,108737.0,232.5,181.0
NIMB,1/7/2026,193.5,195.0,191.4,192.0,-0.52,62613.0,232.5,181.0
NIMB,1/8/2026,191.0,193.8,190.0,192.0,0.0,63496.0,232.5,181.0
NIMB,1/12/2026,192.0,193.0,190.6,192.0,0.0,52278.0,232.5,181.0
NIMB,1/13/2026,188.2,211.0,188.2,192.0,0.0,82637.0,232.5,181.0
NIMB,1/14/2026,190.8,193.5,190.8,190.9,-0.57,52883.0,232.5,181.0
NIMB,1/18/2026,193.0,194.5,191.0,194.5,1.89,92372.0,232.5,181.0
NIMB,1/20/2026,198.0,198.0,194.1,195.8,0.67,134396.0,232.5,181.0
NIMB,1/21/2026,196.0,197.0,193.0,195.0,-0.41,87940.0,232.5,181.0
NIMB,1/22/2026,198.0,198.0,192.2,196.0,0.51,65476.0,232.5,181.0
NIMB,1/25/2026,196.7,201.0,195.1,200.9,2.5,213039.0,232.5,181.0
NIMB,1/26/2026,204.0,204.8,198.0,199.0,-0.95,163831.0,232.5,181.0
NIMB,1/27/2026,202.0,202.0,195.0,195.5,-1.76,133110.0,232.5,181.0
NIMB,1/28/2026,191.6,195.4,191.4,193.0,-1.28,138773.0,232.5,181.0
NIMB,1/29/2026,195.8,195.9,190.5,195.0,1.04,249119.0,232.5,181.0
NIMB,2/1/2026,198.8,198.8,191.5,192.0,-1.54,111437.0,232.5,181.0
NIMB,2/2/2026,189.5,194.0,189.5,192.5,0.26,121725.0,232.5,181.0
NIMB,2/3/2026,191.4,193.8,191.1,193.0,0.26,93989.0,232.5,181.0
NIMB,2/4/2026,190.0,200.0,190.0,191.5,-0.78,186001.0,232.5,181.0
NIMB,2/5/2026,192.0,192.9,191.6,192.3,0.42,92817.0,232.5,181.0
NIMB,2/8/2026,194.0,194.0,190.1,190.3,-1.04,172367.0,232.5,181.0
NIMB,2/9/2026,193.0,193.0,189.8,190.0,-0.16,111173.0,232.5,181.0
NIMB,2/10/2026,190.0,191.9,189.0,190.4,0.21,98284.0,232.5,181.0
NIMB,2/11/2026,191.0,194.1,190.0,191.0,0.32,111534.0,232.5,181.0
NIMB,2/12/2026,192.0,192.0,188.7,190.0,-0.52,118627.0,232.5,181.0
NIMB,2/16/2026,193.0,193.0,188.3,189.9,-0.05,87262.0,232.5,181.0
NIMB,2/17/2026,189.1,190.7,186.7,187.0,-1.53,152076.0,232.5,181.0
NIMB,2/22/2026,187.0,188.0,185.5,186.0,-0.53,231146.0,232.5,181.0
NIMB,2/23/2026,186.0,187.0,184.5,185.0,-0.54,212186.0,232.5,181.0
NIMB,2/24/2026,185.0,187.0,184.5,184.6,-0.22,110756.0,232.5,181.0
NIMB,2/25/2026,186.0,188.0,185.0,187.9,1.79,174944.0,232.5,181.0
NIMB,2/26/2026,191.0,191.0,186.0,187.5,-0.21,72485.0,232.5,181.0
NIMB,2/27/2026,191.0,191.0,186.0,187.5,0.0,72485.0,232.5,181.0
NIMB,2/28/2026,191.0,191.0,186.0,187.5,0.0,72485.0,232.5,181.0
NIMB,3/2/2026,191.2,191.5,184.2,191.0,1.87,98897.0,232.5,181.0
NIMB,3/3/2026,194.8,195.0,189.3,194.9,2.04,169998.0,232.5,181.0
NIMB,3/4/2026,194.8,195.0,189.3,194.9,0.0,169998.0,232.5,181.0
NIMB,3/5/2026,194.8,195.0,189.3,194.9,0.0,169998.0,232.5,181.0
NIMB,3/6/2026,194.8,195.0,189.3,194.9,0.0,169998.0,232.5,181.0
NIMB,3/7/2026,194.8,195.0,189.3,194.9,0.0,169998.0,232.5,181.0
NIMB,3/8/2026,194.8,195.0,189.3,194.9,0.0,169998.0,232.5,181.0
NIMB,3/9/2026,198.7,214.3,198.7,214.3,9.95,16013.0,232.5,181.0
NIMB,3/10/2026,218.5,218.5,205.0,209.0,-2.47,675786.0,232.5,181.0
NIMB,3/11/2026,209.0,211.0,205.0,206.9,-1.0,276854.0,232.5,181.0
NIMB,3/12/2026,206.9,218.2,204.1,215.1,3.96,560750.0,232.5,181.0
NIMB,3/13/2026,206.9,218.2,204.1,215.1,0.0,560750.0,232.5,181.0
NIMB,3/14/2026,206.9,218.2,204.1,215.1,0.0,560750.0,232.5,181.0
NIMB,3/15/2026,219.4,219.4,212.6,216.0,0.42,341669.0,232.5,181.0
NIMB,3/16/2026,220.0,220.0,210.1,210.3,-2.64,172702.0,232.5,181.0
NIMB,3/17/2026,211.9,213.8,206.2,213.1,1.33,169046.0,232.5,181.0
NIMB,3/18/2026,211.9,213.8,206.2,213.1,0.0,169046.0,232.5,181.0
NIMB,3/19/2026,213.1,226.7,213.1,223.0,4.65,812852.0,232.5,181.0
NIMB,3/20/2026,213.1,226.7,213.1,223.0,0.0,812852.0,232.5,181.0
NIMB,3/21/2026,213.1,226.7,213.1,223.0,0.0,812852.0,232.5,181.0
NIMB,3/22/2026,227.4,231.0,223.1,227.0,1.79,714388.0,232.5,181.0
NIMB,3/23/2026,231.5,231.5,223.2,226.9,-0.04,479709.0,232.5,181.0
NIMB,3/24/2026,231.4,231.4,223.9,228.0,0.48,386370.0,232.5,181.0
NIMB,3/25/2026,232.5,232.5,221.4,223.8,-1.84,474499.0,232.5,181.0
NIMB,3/26/2026,224.0,225.4,219.5,224.5,0.22,266808.0,232.5,181.0
NIMB,3/29/2026,225.0,226.9,215.0,215.2,-4.36,354384.0,232.5,181.0
NIMB,3/30/2026,219.5,219.5,208.3,210.0,-4.33,292278.0,232.5,181.0
NIMB,3/31/2026,210.0,214.0,205.1,212.0,0.95,221587.0,232.5,181.0
NIMB,4/1/2026,215.0,215.0,204.0,205.0,-4.65,231352.0,232.5,181.0
NIMB,4/2/2026,201.0,209.0,200.0,206.9,2.94,243068.0,232.5,181.0
NIMB,4/5/2026,202.8,205.0,198.9,199.0,-1.87,279967.0,232.5,181.0
NIMB,4/6/2026,202.9,208.0,198.0,207.0,2.02,192220.0,232.5,181.0
NIMB,4/7/2026,209.9,209.9,203.4,206.0,-1.86,133819.0,232.5,181.0
NIMB,4/8/2026,210.1,210.1,203.9,207.0,-1.48,112380.0,232.5,181.0
NIMB,4/9/2026,207.0,223.8,205.0,216.1,4.4,346398.0,232.5,181.0
NIMB,4/10/2026,220.0,220.0,210.7,213.7,-2.86,173460.0,232.5,181.0
NIMB,4/13/2026,217.9,217.9,209.0,210.7,-3.3,102396.0,232.5,181.0
NIMB,4/15/2026,210.0,217.5,210.0,214.4,2.1,234585.0,232.5,181.0
NIMB,4/16/2026,218.6,218.6,209.5,210.1,-3.89,148361.0,232.5,181.0
NIMB,4/17/2026,208.0,213.8,205.0,210.0,0.96,200531.0,232.5,181.0
NIMB,4/20/2026,199.5,216.0,199.5,206.3,3.41,57763.0,232.5,181.0
NIMB,4/21/2026,212.4,212.4,204.7,205.2,-3.39,94876.0,232.5,181.0
NIMB,4/22/2026,201.1,207.0,199.1,205.6,2.24,392128.0,232.5,181.0
NIMB,4/23/2026,207.7,207.7,201.1,201.9,-2.79,51304.0,232.5,181.0
NIMB,4/24/2026,210.0,210.0,200.0,203.5,-3.1,70685.0,232.5,181.0
NIMB,4/27/2026,212.0,212.0,202.0,204.8,-3.4,180104.0,232.5,181.0
NIMB,4/28/2026,204.8,205.9,200.1,201.8,-1.46,99881.0,232.5,181.0
NIMB,4/29/2026,201.8,206.0,198.1,199.1,-1.34,86139.0,232.5,181.0
NIMB,4/30/2026,198.0,200.0,197.0,198.0,0.0,89697.0,232.5,181.0
NIMB,5/4/2026,196.0,202.0,195.0,196.0,0.0,96978.0,232.5,181.0
NIMB,5/5/2026,193.9,198.8,193.9,196.7,1.44,65244.0,232.5,181.0
NIMB,5/6/2026,206.5,206.5,195.0,197.0,-4.6,58096.0,232.5,181.0
NIMB,5/7/2026,196.0,199.9,195.0,198.0,1.02,66306.0,232.5,181.0
NIMB,5/8/2026,201.0,201.0,197.5,199.7,-0.65,42397.0,232.5,181.0
NIMB,5/11/2026,201.0,203.5,199.1,203.1,1.04,87339.0,232.5,181.0
NIMB,5/12/2026,209.1,209.1,200.0,202.0,-3.4,119173.0,232.5,181.0
NIMB,5/13/2026,212.1,212.1,196.1,199.1,-6.13,89359.0,232.5,181.0
NIMB,5/14/2026,198.0,198.9,196.1,197.7,-0.15,101514.0,232.5,181.0
NIMB,5/15/2026,195.1,200.0,195.1,198.0,1.49,88322.0,232.5,181.0
NIMB,5/18/2026,207.9,207.9,196.0,196.9,-5.29,130431.0,232.5,181.0
NIMB,5/19/2026,197.0,198.5,196.5,196.5,-0.25,40231.0,232.5,181.0
NIMB,5/20/2026,199.7,199.7,196.6,198.5,-0.6,58893.0,232.5,181.0
NIMB,5/21/2026,197.6,200.5,192.5,195.5,-1.06,387677.0,232.5,181.0
NIMB,5/22/2026,195.5,198.0,194.0,198.0,1.28,92849.0,232.5,181.0
NIMB,5/25/2026,199.0,202.0,198.0,201.8,1.41,140625.0,232.5,181.0
NIMB,5/26/2026,200.1,201.6,199.0,200.7,0.3,77904.0,232.5,181.0
NIMB,5/27/2026,210.0,210.0,198.6,200.6,-4.48,132132.0,232.5,181.0
NIMB,6/1/2026,200.0,202.8,197.8,197.8,-1.1,112367.0,232.5,181.0
NIMB,6/2/2026,197.8,199.9,197.0,198.9,0.56,68421.0,232.5,181.0
NIMB,6/3/2026,199.0,200.0,196.6,199.7,0.35,115358.0,232.5,181.0
NIMB,6/4/2026,197.9,199.9,197.9,198.0,0.05,29227.0,232.5,181.0
NIMB,6/5/2026,207.9,207.9,197.0,197.3,-5.1,46402.0,232.5,181.0
NIMB,6/8/2026,199.0,199.0,196.0,196.7,-1.16,73750.0,232.5,181.0
NIMB,6/9/2026,198.0,198.0,195.3,196.1,-0.96,102629.0,232.5,181.0
NIMB,6/10/2026,188.0,197.5,188.0,196.0,4.26,81587.0,232.5,181.0
NIMB,6/11/2026,198.0,198.0,194.8,196.7,-0.66,50490.0,232.5,181.0
NIMB,6/12/2026,186.9,196.8,186.9,195.0,4.33,87687.0,232.5,181.0
NIMB,6/15/2026,194.2,198.0,194.0,194.9,0.36,64357.0,232.5,181.0
NIMB,6/16/2026,194.9,196.0,194.1,195.4,0.26,65057.0,232.5,181.0
NIMB,6/17/2026,205.1,205.1,194.0,195.5,-4.68,98933.0,232.5,181.0
NIMB,6/18/2026,200.0,200.0,193.0,195.2,-2.4,83902.0,232.5,181.0
NIMB,6/19/2026,204.9,204.9,193.6,195.7,-4.49,71455.0,232.5,181.0
NIMB,6/22/2026,205.4,205.4,194.0,195.0,-5.06,58568.0,232.5,181.0
NIMB,6/23/2026,195.0,196.0,193.0,194.0,-0.51,117442.0,232.5,181.0
NIMB,6/24/2026,194.0,195.0,191.3,192.0,-1.03,102159.0,232.5,181.0
NIMB,6/26/2026,191.0,194.8,190.0,191.8,0.42,55008.0,232.5,181.0
NIMB,6/29/2026,184.0,194.8,184.0,190.0,3.26,63330.0,232.5,181.0
NIMB,6/30/2026,190.0,194.0,189.0,190.0,0.0,134717.0,232.5,181.0
NIMB,7/1/2026,199.5,199.5,190.0,193.0,-3.26,62331.0,232.5,181.0
NIMB,7/2/2026,200.0,200.0,188.8,197.9,-1.05,122748.0,232.5,181.0
NIMB,7/3/2026,205.0,205.0,194.0,195.9,-4.44,94278.0,232.5,181.0
NIMB,7/6/2026,198.0,198.0,192.1,193.0,-2.53,33185.0,232.5,181.0
NIMB,7/7/2026,193.0,196.9,192.0,195.9,1.5,74983.0,232.5,181.0
NIMB,7/8/2026,195.0,195.0,192.0,192.6,-1.23,58091.0,232.5,181.0
NIMB,7/9/2026,193.0,194.5,190.0,191.0,-1.04,125288.0,232.5,181.0
NIMB,7/10/2026,198.1,198.1,189.5,190.3,-3.94,91492.0,232.5,181.0
NIMB,7/13/2026,199.8,199.8,188.0,188.1,-5.86,166988.0,232.5,181.0
NIMB,7/14/2026,188.5,191.2,187.5,189.1,0.32,118057.0,232.5,181.0
NIMB,7/15/2026,193.0,193.0,189.3,191.0,-1.04,109105.0,232.5,181.0
NIMB,7/16/2026,190.0,193.0,189.0,190.0,0.0,94936.0,232.5,181.0
NIMB,7/17/2026,195.0,197.0,190.0,196.4,0.72,93380.0,232.5,181.0
NIMB,7/20/2026,187.0,200.0,187.0,198.0,5.88,138065.0,232.5,181.0
NIMB,7/21/2026,201.0,201.0,197.0,198.5,-1.24,169137.0,232.5,181.0
NIMB,7/22/2026,196.0,198.8,195.3,197.0,0.51,61972.0,232.5,181.0
NIMB,7/23/2026,190.0,201.0,190.0,198.4,4.42,69542.0,232.5,181.0
NIMB,7/24/2026,198.0,206.0,196.0,204.2,3.13,461662.0,232.5,181.0
NIMB,7/27/2026,194.0,213.0,194.0,203.0,4.64,460463.0,232.5,181.0
NIMB,7/28/2026,203.0,206.0,201.0,202.8,-0.1,98021.0,232.5,181.0
NIMB,7/29/2026,203.0,203.8,199.1,199.5,-1.72,129373.0,232.5,181.0
NIMB,7/30/2026,190.0,204.0,190.0,199.0,4.74,107356.0,232.5,181.0
NIMB,7/31/2026,189.1,201.0,189.1,199.7,5.61,140620.0,232.5,181.0
NIMB,8/3/2026,190.0,204.2,190.0,200.8,5.68,168350.0,232.5,181.0
NIMB,8/4/2026,200.0,201.9,198.1,198.5,-0.75,69154.0,232.5,181.0
NIMB,8/5/2026,206.0,206.0,195.1,196.5,-4.61,98719.0,232.5,181.0
NIMB,8/6/2026,206.3,206.3,195.0,195.9,-5.04,119875.0,232.5,181.0
NIMB,8/7/2026,196.1,197.9,193.1,195.0,-0.56,75911.0,232.5,181.0
NIMB,8/10/2026,195.0,195.0,192.8,192.9,-1.08,82067.0,232.5,181.0
NIMB,8/11/2026,183.3,195.5,183.3,193.3,5.46,162254.0,232.5,181.0
NIMB,8/12/2026,201.0,201.0,192.0,193.1,-3.93,47338.0,232.5,181.0
NIMB,8/13/2026,193.1,197.0,192.2,195.4,1.19,114884.0,232.5,181.0
NIMB,8/14/2026,202.0,202.0,192.6,193.9,-4.01,75805.0,232.5,181.0
NIMB,8/17/2026,192.0,192.0,185.3,188.9,-1.61,370510.0,232.5,181.0
NIMB,8/18/2026,198.0,198.0,185.9,187.0,-5.56,145659.0,232.5,181.0
NIMB,8/19/2026,187.0,188.1,185.2,188.0,0.53,93306.0,232.5,181.0
NIMB,8/20/2026,188.0,188.0,186.0,187.5,-0.27,85941.0,232.5,181.0
NIMB,8/21/2026,187.0,188.0,186.0,187.5,0.27,68777.0,232.5,181.0
NIMB,8/24/2026,188.0,188.0,185.1,186.0,-1.06,117401.0,232.5,181.0
NIMB,8/25/2026,186.0,187.5,185.1,186.0,0.0,58197.0,232.5,181.0
NIMB,8/26/2026,185.2,186.9,183.2,183.3,-1.03,109066.0,232.5,181.0
NIMB,8/27/2026,183.0,185.0,181.0,185.0,1.09,86645.0,232.5,181.0
NIMB,8/31/2026,190.0,190.0,181.2,182.7,-3.84,71528.0,232.5,181.0
NIMB,9/1/2026,181.0,184.0,181.0,182.2,0.66,49646.0,232.5,181.0
NIMB,9/2/2026,181.5,185.0,181.0,183.0,0.83,61162.0,232.5,181.0
NIMB,9/3/2026,183.0,184.0,181.0,182.0,-0.55,90898.0,232.5,181.0
NIMB,9/7/2026,191.1,191.1,182.1,183.8,-3.82,94930.0,232.5,181.0
NIMB,9/9/2026,192.9,192.9,182.0,182.2,-5.55,76954.0,232.5,181.0
NIMB,9/10/2026,182.5,185.0,181.3,182.0,-0.27,61107.0,232.5,181.0
NIMB,9/11/2026,184.0,187.0,184.0,185.9,1.03,72399.0,232.5,181.0
NIMB,9/14/2026,185.0,189.0,185.0,188.1,1.68,87303.0,232.5,181.0
NIMB,9/15/2026,197.5,202.0,188.1,192.0,-2.78,278811.0,232.5,181.0
NIMB,9/16/2026,193.0,193.0,190.1,192.0,-0.52,93883.0,232.5,181.0
NIMB,9/17/2026,195.0,195.0,190.2,191.9,-1.59,63356.0,232.5,181.0
NIMB,9/18/2026,191.0,196.4,190.0,195.8,2.51,251933.0,232.5,181.0
NIMB,9/22/2026,205.5,205.5,195.2,197.0,-4.14,232106.0,232.5,181.0
NIMB,9/23/2026,206.8,206.8,192.0,192.5,-6.91,183540.0,232.5,181.0
NIMB,9/24/2026,192.5,195.2,190.0,194.6,1.09,110035.0,232.5,181.0
NIMB,9/28/2026,196.5,196.9,191.4,192.6,-1.98,95987.0,232.5,181.0
NIMB,9/29/2026,192.0,193.0,190.1,0.0,-100.0,55131.0,232.5,181.0
NIMB,9/30/2026,182.1,196.1,182.1,191.0,4.89,55008.0,232.5,181.0
NIMB,10/1/2026,191.0,193.6,190.0,192.0,0.52,109442.0,232.5,181.0
NIMB,10/2/2026,182.4,194.9,182.4,191.8,5.15,64814.0,232.5,181.0
NIMBD90,12/21/2025,1235.0,1298.0,1235.0,1298.0,,154.0,1425.0,1152.0
NIMBD90,12/22/2025,1298.0,1298.0,1273.0,1273.0,-1.93,101.0,1425.0,1152.0
NIMBD90,12/28/2025,1248.0,1248.0,1248.0,1248.0,-1.96,50.0,1425.0,1152.0
NIMBD90,12/29/2025,1270.0,1276.0,1251.0,1276.0,2.24,239.0,1425.0,1152.0
NIMBD90,1/1/2026,1251.0,1251.0,1226.0,1250.5,-2.0,80.0,1425.0,1152.0
NIMBD90,1/5/2026,1226.0,1226.0,1226.0,1226.0,-1.96,25.0,1425.0,1152.0
NIMBD90,1/7/2026,1226.0,1226.0,1226.0,1226.0,0.0,25.0,1425.0,1152.0
NIMBD90,1/13/2026,1210.0,1302.0,1210.0,1302.0,6.2,451.0,1425.0,1152.0
NIMBD90,1/18/2026,1302.0,1302.0,1302.0,1276.0,-2.0,5.0,1425.0,1152.0
NIMBD90,1/20/2026,1276.0,1276.0,1251.0,1251.0,-1.96,20.0,1425.0,1152.0
NIMBD90,1/21/2026,1251.0,1251.0,1251.0,1251.0,0.0,6.0,1425.0,1152.0
NIMBD90,1/22/2026,1251.0,1251.0,1251.0,1227.0,-1.92,8.0,1425.0,1152.0
NIMBD90,1/25/2026,1227.1,1227.1,1227.1,1227.1,0.01,17.0,1425.0,1152.0
NIMBD90,1/26/2026,1227.1,1230.0,1227.1,1227.0,-0.01,31.0,1425.0,1152.0
NIMBD90,1/28/2026,1230.0,1230.0,1230.0,1230.0,0.24,25.0,1425.0,1152.0
NIMBD90,2/2/2026,1231.0,1231.0,1231.0,1231.0,0.08,25.0,1425.0,1152.0
NIMBD90,2/3/2026,1231.0,1231.0,1231.0,1231.0,0.0,25.0,1425.0,1152.0
NIMBD90,2/5/2026,1211.0,1211.0,1211.0,1211.0,-1.62,25.0,1425.0,1152.0
NIMBD90,2/8/2026,1201.0,1201.0,1201.0,1201.0,-0.83,100.0,1425.0,1152.0
NIMBD90,2/11/2026,1185.1,1185.1,1185.1,1185.1,-1.32,25.0,1425.0,1152.0
NIMBD90,2/17/2026,1182.0,1182.0,1182.0,1182.0,-0.26,50.0,1425.0,1152.0
NIMBD90,2/22/2026,1182.0,1198.0,1182.0,1198.0,1.35,26.0,1425.0,1152.0
NIMBD90,3/16/2026,1198.0,1198.0,1198.0,1189.0,-0.75,6.0,1425.0,1152.0
NIMBD90,3/19/2026,1188.0,1188.0,1188.0,1188.0,-0.08,25.0,1425.0,1152.0
NIMBD90,3/20/2026,1188.0,1188.0,1188.0,1188.0,0.0,25.0,1425.0,1152.0
NIMBD90,3/21/2026,1188.0,1188.0,1188.0,1188.0,0.0,25.0,1425.0,1152.0
NIMBD90,3/22/2026,1188.0,1267.0,1187.5,1267.0,6.65,282.0,1425.0,1152.0
NIMBD90,4/1/2026,1280.0,1292.3,1280.0,1292.3,0.96,115.0,1425.0,1152.0
NIMBD90,4/6/2026,1292.3,1318.0,1292.3,1318.0,1.99,80.0,1425.0,1152.0
NIMBD90,4/7/2026,1295.0,1295.0,1295.0,1295.0,0.0,475.0,1425.0,1152.0
NIMBD90,4/16/2026,1280.0,1280.0,1280.0,1280.0,0.0,25.0,1425.0,1152.0
NIMBD90,4/17/2026,1300.0,1300.0,1300.0,1300.0,0.0,300.0,1425.0,1152.0
NIMBD90,4/20/2026,1300.0,1300.0,1300.0,1300.0,0.0,600.0,1425.0,1152.0
NIMBD90,4/21/2026,1300.0,1300.0,1300.0,1300.0,0.0,100.0,1425.0,1152.0
NIMBD90,4/27/2026,1300.0,1309.0,1290.0,1309.0,0.69,105.0,1425.0,1152.0
NIMBD90,4/30/2026,1270.0,1270.0,1270.0,1270.0,0.0,140.0,1425.0,1152.0
NIMBD90,5/15/2026,1232.0,1232.0,1232.0,1232.0,0.0,100.0,1425.0,1152.0
NIMBD90,5/19/2026,1216.0,1216.1,1215.0,1215.0,-0.08,85.0,1425.0,1152.0
NIMBD90,5/22/2026,1249.0,1249.0,1249.0,1249.0,0.0,27.0,1425.0,1152.0
NIMBD90,5/25/2026,1245.0,1245.0,1245.0,1245.0,0.0,25.0,1425.0,1152.0
NIMBD90,5/27/2026,1223.0,1223.0,1218.0,1218.0,-0.41,53.0,1425.0,1152.0
NIMBD90,6/1/2026,1225.0,1225.0,1224.0,1224.0,-0.08,50.0,1425.0,1152.0
NIMBD90,6/3/2026,1254.0,1255.0,1254.0,1260.7,0.53,63.0,1425.0,1152.0
NIMBD90,6/10/2026,1223.0,1223.0,1215.7,1215.7,-0.6,59877.0,1425.0,1152.0
NIMBD90,6/16/2026,1223.0,1223.0,1169.0,1169.0,-4.42,49409.0,1425.0,1152.0
NIMBD90,6/18/2026,1204.0,1205.0,1204.0,1205.0,0.08,75.0,1425.0,1152.0
NIMBD90,6/19/2026,1208.0,1208.0,1207.0,1207.0,-0.08,3000.0,1425.0,1152.0
NIMBD90,6/23/2026,1195.0,1195.0,1195.0,1195.0,0.0,30.0,1425.0,1152.0
NIMBD90,6/26/2026,1230.8,1290.4,1230.8,1280.0,4.0,31041.0,1425.0,1152.0
NIMBD90,7/1/2026,1275.0,1280.0,1270.0,1270.0,-0.39,111230.0,1425.0,1152.0
NIMBD90,7/6/2026,1274.0,1274.0,1250.0,1250.0,-1.88,49344.0,1425.0,1152.0
NIMBD90,7/7/2026,1287.5,1287.5,1287.5,1287.5,0.0,67.0,1425.0,1152.0
NIMBD90,7/8/2026,1248.9,1248.9,1212.2,1212.2,-2.94,35.0,1425.0,1152.0
NIMBD90,7/9/2026,1212.0,1212.0,1212.0,1212.0,0.0,50.0,1425.0,1152.0
NIMBD90,7/10/2026,1248.3,1248.3,1248.3,1248.3,0.0,300.0,1425.0,1152.0
NIMBD90,7/14/2026,1274.0,1274.0,1250.0,1250.0,-1.88,310519.0,1425.0,1152.0
NIMBD90,7/16/2026,1271.0,1272.0,1271.0,1272.0,0.08,30951.0,1425.0,1152.0
NIMBD90,7/20/2026,1290.0,1290.0,1251.3,1251.3,-3.0,145.0,1425.0,1152.0
NIMBD90,7/24/2026,1220.1,1220.1,1220.1,1220.1,0.0,25.0,1425.0,1152.0
NIMBD90,7/27/2026,1220.1,1266.2,1220.1,1266.2,3.78,1544.0,1425.0,1152.0
NIMBD90,7/31/2026,1266.0,1266.0,1266.0,1266.0,0.0,55.0,1425.0,1152.0
NIMBD90,8/3/2026,1266.0,1266.0,1245.0,1245.0,-1.66,35.0,1425.0,1152.0
NIMBD90,8/4/2026,1281.0,1292.0,1281.0,1292.0,0.86,65.0,1425.0,1152.0
NIMBD90,8/5/2026,1253.3,1253.3,1253.3,1253.3,0.0,60.0,1425.0,1152.0
NIMBD90,8/12/2026,1217.0,1217.0,1217.0,1217.0,0.0,3000.0,1425.0,1152.0
NIMBD90,9/2/2026,1200.1,1200.1,1200.1,1200.1,0.0,25.0,1425.0,1152.0
NIMBD90,9/16/2026,1176.5,1176.5,1176.5,1176.5,0.0,25.0,1425.0,1152.0
NIMBD90,9/28/2026,1176.5,1176.5,1176.5,1176.5,0.0,1.0,1425.0,1152.0
NIMBD90,9/29/2026,1180.0,1180.0,1180.0,0.0,-100.0,25.0,1425.0,1152.0
NIMBD90,10/2/2026,1206.0,1225.0,1206.0,1225.0,1.58,100.0,1425.0,1152.0
NIMBPO,1/26/2026,159.0,159.0,157.2,159.0,,2630.0,174.9,134.1
NIMBPO,1/27/2026,158.2,160.0,157.0,157.2,-1.13,7887.0,174.9,134.1
NIMBPO,1/28/2026,157.0,159.7,156.6,159.3,1.34,4535.0,174.9,134.1
NIMBPO,1/29/2026,159.3,159.3,154.0,154.8,-2.82,20232.0,174.9,134.1
NIMBPO,2/1/2026,155.3,155.5,155.0,155.5,0.45,5630.0,174.9,134.1
NIMBPO,2/2/2026,158.6,159.4,151.9,153.0,-1.61,38683.0,174.9,134.1
NIMBPO,2/3/2026,154.0,157.0,154.0,157.0,2.61,1500.0,174.9,134.1
NIMBPO,2/4/2026,156.0,156.9,153.9,156.9,-0.06,4144.0,174.9,134.1
NIMBPO,2/5/2026,154.0,157.0,154.0,155.0,-1.21,4226.0,174.9,134.1
NIMBPO,2/8/2026,155.0,158.0,152.3,157.8,1.81,69110.0,174.9,134.1
NIMBPO,2/9/2026,157.0,160.9,154.1,154.1,-2.34,30710.0,174.9,134.1
NIMBPO,2/10/2026,157.0,157.1,154.7,154.7,0.39,3218.0,174.9,134.1
NIMBPO,2/11/2026,157.6,157.7,154.6,155.0,0.19,14429.0,174.9,134.1
NIMBPO,2/12/2026,154.5,154.5,151.9,153.9,-0.71,90555.0,174.9,134.1
NIMBPO,2/16/2026,155.0,156.6,153.1,156.0,1.36,5065.0,174.9,134.1
NIMBPO,2/17/2026,153.0,156.0,153.0,156.0,0.0,382.0,174.9,134.1
NIMBPO,2/22/2026,154.5,154.5,154.0,154.0,-1.28,4300.0,174.9,134.1
NIMBPO,2/23/2026,156.9,156.9,153.0,156.0,1.3,55780.0,174.9,134.1
NIMBPO,2/24/2026,157.9,157.9,153.7,156.6,0.38,1540.0,174.9,134.1
NIMBPO,2/25/2026,157.9,157.9,157.9,157.9,0.83,10.0,174.9,134.1
NIMBPO,2/26/2026,154.8,157.7,151.2,157.7,-0.13,8208.0,174.9,134.1
NIMBPO,2/27/2026,154.8,157.7,151.2,157.7,0.0,8208.0,174.9,134.1
NIMBPO,2/28/2026,154.8,157.7,151.2,157.7,0.0,8208.0,174.9,134.1
NIMBPO,3/2/2026,154.6,157.5,154.6,155.1,-1.65,6230.0,174.9,134.1
NIMBPO,3/3/2026,155.0,157.8,155.0,157.8,1.74,2000.0,174.9,134.1
NIMBPO,3/4/2026,155.0,157.8,155.0,157.8,0.0,2000.0,174.9,134.1
NIMBPO,3/5/2026,155.0,157.8,155.0,157.8,0.0,2000.0,174.9,134.1
NIMBPO,3/6/2026,155.0,157.8,155.0,157.8,0.0,2000.0,174.9,134.1
NIMBPO,3/7/2026,155.0,157.8,155.0,157.8,0.0,2000.0,174.9,134.1
NIMBPO,3/8/2026,155.0,157.8,155.0,157.8,0.0,2000.0,174.9,134.1
NIMBPO,3/9/2026,160.0,160.9,160.0,160.9,1.96,2300.0,174.9,134.1
NIMBPO,3/10/2026,164.1,169.5,161.0,163.0,1.31,23396.0,174.9,134.1
NIMBPO,3/11/2026,163.0,163.0,156.8,156.8,-3.8,9398.0,174.9,134.1
NIMBPO,3/12/2026,159.0,162.1,159.0,162.1,3.38,14810.0,174.9,134.1
NIMBPO,3/13/2026,159.0,162.1,159.0,162.1,0.0,14810.0,174.9,134.1
NIMBPO,3/14/2026,159.0,162.1,159.0,162.1,0.0,14810.0,174.9,134.1
NIMBPO,3/15/2026,163.0,166.0,161.6,161.7,-0.25,21940.0,174.9,134.1
NIMBPO,3/16/2026,162.0,163.0,161.0,161.0,-0.43,13886.0,174.9,134.1
NIMBPO,3/17/2026,163.9,163.9,161.0,163.0,1.24,1037.0,174.9,134.1
NIMBPO,3/18/2026,163.9,163.9,161.0,163.0,0.0,1037.0,174.9,134.1
NIMBPO,3/19/2026,165.0,166.9,160.5,165.1,1.29,27060.0,174.9,134.1
NIMBPO,3/20/2026,165.0,166.9,160.5,165.1,0.0,27060.0,174.9,134.1
NIMBPO,3/21/2026,165.0,166.9,160.5,165.1,0.0,27060.0,174.9,134.1
NIMBPO,3/22/2026,167.0,174.9,166.1,172.0,4.18,28856.0,174.9,134.1
NIMBPO,3/23/2026,169.6,171.9,166.0,171.9,-0.06,11898.0,174.9,134.1
NIMBPO,3/24/2026,173.0,174.9,167.6,169.0,-1.69,16413.0,174.9,134.1
NIMBPO,3/25/2026,169.0,170.0,167.0,170.0,0.59,121958.0,174.9,134.1
NIMBPO,3/26/2026,166.6,169.9,166.6,169.5,1.74,5424.0,174.9,134.1
NIMBPO,3/29/2026,170.0,170.0,164.5,165.0,-2.94,13576.0,174.9,134.1
NIMBPO,3/30/2026,165.0,168.3,163.1,164.1,-0.55,7600.0,174.9,134.1
NIMBPO,3/31/2026,167.0,167.0,160.9,166.8,-0.12,6782.0,174.9,134.1
NIMBPO,4/1/2026,163.6,163.6,159.1,159.1,-2.75,10651.0,174.9,134.1
NIMBPO,4/2/2026,162.1,162.2,159.0,161.9,-0.12,4841.0,174.9,134.1
NIMBPO,4/5/2026,163.9,163.9,157.0,157.0,-4.21,10586.0,174.9,134.1
NIMBPO,4/6/2026,160.0,163.9,158.0,163.9,2.44,2442.0,174.9,134.1
NIMBPO,4/7/2026,161.0,166.4,156.8,156.8,-2.61,3630.0,174.9,134.1
NIMBPO,4/8/2026,159.9,165.0,157.0,157.0,-1.81,12112.0,174.9,134.1
NIMBPO,4/9/2026,160.0,166.3,160.0,163.0,1.88,23071.0,174.9,134.1
NIMBPO,4/10/2026,166.2,166.2,157.1,163.3,-1.74,8121.0,174.9,134.1
NIMBPO,4/13/2026,164.0,164.0,157.8,160.8,-1.95,1670.0,174.9,134.1
NIMBPO,4/15/2026,164.0,164.0,157.5,162.2,-1.1,13728.0,174.9,134.1
NIMBPO,4/16/2026,159.0,161.0,158.0,161.0,1.26,4164.0,174.9,134.1
NIMBPO,4/17/2026,158.0,164.2,158.0,164.2,3.92,2106.0,174.9,134.1
NIMBPO,4/20/2026,160.0,160.2,155.0,160.2,0.12,14397.0,174.9,134.1
NIMBPO,4/21/2026,157.3,159.9,156.0,159.9,1.65,18432.0,174.9,134.1
NIMBPO,4/22/2026,158.0,158.0,148.0,155.8,-1.39,53820.0,174.9,134.1
NIMBPO,4/23/2026,163.0,163.0,151.5,156.0,-4.29,14817.0,174.9,134.1
NIMBPO,4/24/2026,163.0,163.0,152.0,157.4,-3.44,2643.0,174.9,134.1
NIMBPO,4/27/2026,165.0,165.0,153.3,157.9,-4.3,10252.0,174.9,134.1
NIMBPO,4/28/2026,157.9,155.8,149.5,152.0,-3.74,60007.0,174.9,134.1
NIMBPO,4/29/2026,152.0,155.9,145.0,151.1,-0.59,6147.0,174.9,134.1
NIMBPO,4/30/2026,144.0,152.7,144.0,149.3,3.68,8866.0,174.9,134.1
NIMBPO,5/4/2026,150.0,152.0,149.4,151.0,0.67,8602.0,174.9,134.1
NIMBPO,5/6/2026,152.0,152.0,148.1,148.1,-2.57,3475.0,174.9,134.1
NIMBPO,5/7/2026,148.2,148.2,148.2,148.2,0.0,17.0,174.9,134.1
NIMBPO,5/8/2026,150.0,153.9,150.0,153.9,2.6,1444.0,174.9,134.1
NIMBPO,5/11/2026,154.0,156.9,152.6,152.7,-0.84,26183.0,174.9,134.1
NIMBPO,5/12/2026,155.0,155.0,150.6,150.6,-2.84,602.0,174.9,134.1
NIMBPO,5/13/2026,148.0,154.0,148.0,154.0,4.05,1230.0,174.9,134.1
NIMBPO,5/14/2026,158.3,158.6,148.7,148.9,-5.94,15744.0,174.9,134.1
NIMBPO,5/15/2026,142.0,158.0,142.0,151.0,6.34,8805.0,174.9,134.1
NIMBPO,5/18/2026,155.0,155.0,150.5,151.0,-2.58,707.0,174.9,134.1
NIMBPO,5/19/2026,151.0,151.9,148.0,151.9,0.6,7071.0,174.9,134.1
NIMBPO,5/20/2026,148.0,153.0,148.0,153.0,3.38,502.0,174.9,134.1
NIMBPO,5/21/2026,152.0,152.0,152.0,152.0,0.0,104.0,174.9,134.1
NIMBPO,5/22/2026,148.1,151.5,148.1,151.5,2.3,143.0,174.9,134.1
NIMBPO,5/25/2026,151.5,155.0,151.5,155.0,2.31,4268.0,174.9,134.1
NIMBPO,5/26/2026,150.5,153.7,146.9,152.9,1.59,9224.0,174.9,134.1
NIMBPO,6/1/2026,149.0,149.1,148.4,149.0,0.0,1845.0,174.9,134.1
NIMBPO,6/2/2026,149.0,151.0,149.0,151.0,1.34,27712.0,174.9,134.1
NIMBPO,6/3/2026,147.0,149.9,146.7,149.9,1.97,15560.0,174.9,134.1
NIMBPO,6/4/2026,147.1,150.8,146.1,150.8,2.52,3647.0,174.9,134.1
NIMBPO,6/5/2026,150.0,150.0,145.5,145.5,-3.0,10794.0,174.9,134.1
NIMBPO,6/8/2026,146.0,149.8,145.9,149.0,2.05,2386.0,174.9,134.1
NIMBPO,6/9/2026,156.4,156.4,143.5,151.4,-3.2,3708.0,174.9,134.1
NIMBPO,6/10/2026,147.0,148.1,143.0,148.1,0.75,6715.0,174.9,134.1
NIMBPO,6/11/2026,147.0,147.0,145.0,145.0,-1.36,475.0,174.9,134.1
NIMBPO,6/12/2026,145.1,145.3,145.0,145.0,-0.07,9000.0,174.9,134.1
NIMBPO,6/15/2026,145.3,145.3,143.6,143.6,-1.17,5132.0,174.9,134.1
NIMBPO,6/16/2026,143.6,146.0,143.6,146.0,1.67,11987.0,174.9,134.1
NIMBPO,6/17/2026,144.1,148.3,143.1,147.0,2.01,9250.0,174.9,134.1
NIMBPO,6/18/2026,147.0,147.0,146.1,146.1,-0.61,1010.0,174.9,134.1
NIMBPO,6/19/2026,148.0,148.0,144.2,144.2,-2.57,4124.0,174.9,134.1
NIMBPO,6/22/2026,148.4,151.0,147.0,147.0,-0.94,2978.0,174.9,134.1
NIMBPO,6/23/2026,145.1,145.1,142.9,142.9,-1.52,10206.0,174.9,134.1
NIMBPO,6/24/2026,147.0,147.0,143.3,145.0,-1.36,974.0,174.9,134.1
NIMBPO,6/26/2026,146.9,146.9,146.9,146.9,0.0,20.0,174.9,134.1
NIMBPO,6/29/2026,145.0,146.8,142.1,145.0,0.0,6871.0,174.9,134.1
NIMBPO,6/30/2026,144.0,145.0,142.0,145.0,0.69,17026.0,174.9,134.1
NIMBPO,7/1/2026,149.0,149.0,146.0,146.0,-2.01,20.0,174.9,134.1
NIMBPO,7/2/2026,142.0,145.2,141.8,145.2,2.25,6010.0,174.9,134.1
NIMBPO,7/3/2026,145.4,148.5,145.4,145.5,0.07,12423.0,174.9,134.1
NIMBPO,7/6/2026,149.3,149.3,149.0,149.2,-0.07,274.0,174.9,134.1
NIMBPO,7/7/2026,146.0,147.9,144.8,147.9,1.3,1384.0,174.9,134.1
NIMBPO,7/8/2026,143.5,146.0,141.7,145.0,1.05,2191.0,174.9,134.1
NIMBPO,7/9/2026,142.0,146.2,140.9,142.0,0.0,3937.0,174.9,134.1
NIMBPO,7/10/2026,141.2,145.0,139.0,139.0,-1.56,6314.0,174.9,134.1
NIMBPO,7/13/2026,139.1,143.1,139.0,143.1,2.88,327.0,174.9,134.1
NIMBPO,7/14/2026,139.7,141.0,139.7,141.0,0.93,5761.0,174.9,134.1
NIMBPO,7/15/2026,143.0,143.0,143.0,143.0,0.0,5043.0,174.9,134.1
NIMBPO,7/17/2026,146.0,147.0,144.0,147.0,0.68,3520.0,174.9,134.1
NIMBPO,7/20/2026,149.0,149.0,141.2,141.3,-5.17,20147.0,174.9,134.1
NIMBPO,7/21/2026,145.5,148.9,145.5,146.0,0.34,794.0,174.9,134.1
NIMBPO,7/22/2026,148.7,148.7,147.0,147.0,-1.14,27505.0,174.9,134.1
NIMBPO,7/23/2026,142.6,145.0,142.6,145.0,1.68,4030.0,174.9,134.1
NIMBPO,7/24/2026,145.0,147.7,141.0,145.1,0.07,9857.0,174.9,134.1
NIMBPO,7/27/2026,149.2,149.2,144.4,144.4,-3.22,3405.0,174.9,134.1
NIMBPO,7/28/2026,144.4,144.4,142.7,142.7,-1.18,1481.0,174.9,134.1
NIMBPO,7/29/2026,145.9,145.9,143.2,143.4,-1.71,8519.0,174.9,134.1
NIMBPO,7/30/2026,144.1,144.1,143.8,143.8,-0.21,5000.0,174.9,134.1
NIMBPO,7/31/2026,144.0,147.9,143.7,147.0,2.08,25555.0,174.9,134.1
NIMBPO,8/3/2026,143.0,147.0,143.0,145.5,1.75,91655.0,174.9,134.1
NIMBPO,8/4/2026,145.0,146.0,144.0,144.0,-0.69,43678.0,174.9,134.1
NIMBPO,8/5/2026,143.3,143.6,143.3,143.6,0.21,1119.0,174.9,134.1
NIMBPO,8/6/2026,144.0,147.9,142.0,142.0,-1.39,27298.0,174.9,134.1
NIMBPO,8/7/2026,145.9,148.0,142.1,145.0,-0.62,27255.0,174.9,134.1
NIMBPO,8/10/2026,142.5,147.0,141.9,144.0,1.05,17955.0,174.9,134.1
NIMBPO,8/11/2026,144.0,144.0,144.0,144.0,0.0,1.0,174.9,134.1
NIMBPO,8/12/2026,143.1,143.1,140.0,141.0,-1.47,16572.0,174.9,134.1
NIMBPO,8/13/2026,141.1,141.1,140.1,140.1,-0.71,4909.0,174.9,134.1
NIMBPO,8/14/2026,140.0,144.2,140.0,143.9,2.79,1930.0,174.9,134.1
NIMBPO,8/17/2026,140.2,141.9,139.0,139.1,-0.78,9506.0,174.9,134.1
NIMBPO,8/18/2026,143.2,143.2,137.1,137.1,-4.26,2430.0,174.9,134.1
NIMBPO,8/19/2026,141.0,141.1,137.4,140.0,-0.71,6511.0,174.9,134.1
NIMBPO,8/20/2026,144.1,144.1,141.0,141.0,-2.15,42.0,174.9,134.1
NIMBPO,8/21/2026,137.3,138.0,137.3,137.5,0.15,960.0,174.9,134.1
NIMBPO,8/24/2026,140.0,140.0,140.0,140.0,0.0,2380.0,174.9,134.1
NIMBPO,8/25/2026,142.8,142.8,137.5,141.0,-1.26,2049.0,174.9,134.1
NIMBPO,8/26/2026,139.1,141.0,139.1,140.0,0.65,2742.0,174.9,134.1
NIMBPO,8/27/2026,141.7,141.9,141.7,141.9,0.14,6718.0,174.9,134.1
NIMBPO,9/1/2026,138.0,140.0,138.0,138.4,0.29,2411.0,174.9,134.1
NIMBPO,9/2/2026,139.2,139.2,135.1,137.0,-1.58,5201.0,174.9,134.1
NIMBPO,9/7/2026,140.0,140.0,139.0,139.0,-0.71,1012.0,174.9,134.1
NIMBPO,9/9/2026,138.0,140.9,138.0,140.9,2.1,5078.0,174.9,134.1
NIMBPO,9/10/2026,142.1,142.1,137.9,140.0,-1.48,3710.0,174.9,134.1
NIMBPO,9/11/2026,137.0,141.1,136.9,136.9,-0.07,623.0,174.9,134.1
NIMBPO,9/14/2026,138.0,143.0,138.0,142.0,2.9,1653.0,174.9,134.1
NIMBPO,9/15/2026,144.0,148.2,141.0,141.0,-2.08,2870.0,174.9,134.1
NIMBPO,9/16/2026,140.1,143.6,140.1,143.6,2.5,15171.0,174.9,134.1
NIMBPO,9/17/2026,141.3,144.0,141.2,144.0,1.91,2353.0,174.9,134.1
NIMBPO,9/18/2026,144.6,147.8,141.6,147.0,1.66,11765.0,174.9,134.1
NIMBPO,9/22/2026,149.0,149.5,145.1,148.8,-0.13,3946.0,174.9,134.1
NIMBPO,9/23/2026,145.0,145.0,141.1,141.1,-2.69,3716.0,174.9,134.1
NIMBPO,9/24/2026,134.1,146.3,134.1,146.3,9.1,1950.0,174.9,134.1
NIMBPO,9/28/2026,142.1,142.1,142.0,142.0,-0.07,1331.0,174.9,134.1
NIMBPO,9/29/2026,140.1,140.1,140.1,0.0,-100.0,25.0,174.9,134.1
NIMBPO,9/30/2026,144.0,144.0,143.0,143.0,-0.69,1200.0,174.9,134.1
NIMBPO,10/1/2026,140.7,143.9,140.6,143.9,2.27,8125.0,174.9,134.1
NIMBPO,10/2/2026,144.9,147.5,143.9,145.0,0.07,9506.0,174.9,134.1
NLG,12/21/2025,677.0,689.8,672.2,683.0,,11948.0,770.0,477.1
NLG,12/22/2025,671.2,684.0,671.2,680.0,-0.44,5206.0,770.0,477.1
NLG,12/23/2025,670.2,678.0,670.0,674.5,-0.81,12178.0,770.0,477.1
NLG,12/24/2025,662.1,698.0,662.1,693.0,2.74,25954.0,770.0,477.1
NLG,12/28/2025,695.0,701.8,691.0,701.0,1.15,17767.0,770.0,477.1
NLG,12/29/2025,690.0,705.0,690.0,690.0,-1.57,29051.0,770.0,477.1
NLG,12/31/2025,686.0,702.6,681.1,699.8,1.42,11178.0,770.0,477.1
NLG,1/1/2026,701.0,701.0,690.0,695.0,-0.69,19627.0,770.0,477.1
NLG,1/4/2026,690.0,695.0,688.0,690.0,-0.72,8657.0,770.0,477.1
NLG,1/5/2026,692.4,700.0,692.0,698.0,1.16,28815.0,770.0,477.1
NLG,1/6/2026,684.0,695.5,675.3,680.4,-2.52,10675.0,770.0,477.1
NLG,1/7/2026,692.8,692.8,680.0,681.0,0.09,9080.0,770.0,477.1
NLG,1/8/2026,680.0,687.8,675.0,680.0,-0.15,11938.0,770.0,477.1
NLG,1/12/2026,690.0,690.0,667.2,680.1,0.01,12477.0,770.0,477.1
NLG,1/13/2026,677.2,681.5,671.1,679.9,-0.03,20167.0,770.0,477.1
NLG,1/14/2026,670.7,684.1,670.0,679.9,0.0,11885.0,770.0,477.1
NLG,1/18/2026,688.0,688.5,678.1,688.0,1.19,7833.0,770.0,477.1
NLG,1/20/2026,701.7,702.0,691.0,698.0,1.45,32917.0,770.0,477.1
NLG,1/21/2026,695.0,705.8,690.0,695.0,-0.43,36313.0,770.0,477.1
NLG,1/22/2026,685.0,694.0,683.0,684.1,-1.57,12714.0,770.0,477.1
NLG,1/25/2026,676.1,699.0,676.1,695.0,1.59,27294.0,770.0,477.1
NLG,1/26/2026,705.0,705.0,686.0,692.0,-0.43,21552.0,770.0,477.1
NLG,1/27/2026,680.0,693.6,680.0,680.0,-1.73,26666.0,770.0,477.1
NLG,1/28/2026,683.0,686.0,664.0,676.0,-0.59,18318.0,770.0,477.1
NLG,1/29/2026,665.2,680.0,665.2,676.0,0.0,14139.0,770.0,477.1
NLG,2/1/2026,678.0,679.0,672.3,672.4,-0.53,6271.0,770.0,477.1
NLG,2/2/2026,672.4,678.0,670.2,671.0,-0.21,7143.0,770.0,477.1
NLG,2/3/2026,678.0,678.8,670.0,673.8,0.42,11695.0,770.0,477.1
NLG,2/4/2026,670.0,677.5,666.3,672.0,-0.27,19348.0,770.0,477.1
NLG,2/5/2026,672.1,724.5,666.1,718.0,6.85,486497.0,770.0,477.1
NLG,2/8/2026,720.0,720.0,700.0,706.0,-1.67,45113.0,770.0,477.1
NLG,2/9/2026,709.0,709.0,678.0,688.0,-2.55,24903.0,770.0,477.1
NLG,2/10/2026,688.0,690.0,674.3,687.0,-0.15,9178.0,770.0,477.1
NLG,2/11/2026,675.0,684.9,675.0,684.9,-0.31,10104.0,770.0,477.1
NLG,2/12/2026,686.0,686.0,674.4,676.0,-1.3,18132.0,770.0,477.1
NLG,2/16/2026,678.1,680.0,673.0,673.0,-0.44,9393.0,770.0,477.1
NLG,2/17/2026,671.0,676.9,665.1,670.3,-0.4,8143.0,770.0,477.1
NLG,2/22/2026,662.0,668.0,660.1,667.0,-0.49,10245.0,770.0,477.1
NLG,2/23/2026,655.0,669.0,655.0,662.0,-0.75,11226.0,770.0,477.1
NLG,2/24/2026,655.0,670.0,655.0,668.2,0.94,7157.0,770.0,477.1
NLG,2/25/2026,668.2,675.0,666.0,670.0,0.27,8460.0,770.0,477.1
NLG,2/26/2026,665.3,679.5,665.3,679.5,1.42,27114.0,770.0,477.1
NLG,2/27/2026,665.3,679.5,665.3,679.5,0.0,27114.0,770.0,477.1
NLG,2/28/2026,665.3,679.5,665.3,679.5,0.0,27114.0,770.0,477.1
NLG,3/2/2026,667.0,680.0,667.0,680.0,0.07,14089.0,770.0,477.1
NLG,3/3/2026,668.0,689.0,668.0,680.0,0.0,13283.0,770.0,477.1
NLG,3/4/2026,668.0,689.0,668.0,680.0,0.0,13283.0,770.0,477.1
NLG,3/5/2026,668.0,689.0,668.0,680.0,0.0,13283.0,770.0,477.1
NLG,3/6/2026,668.0,689.0,668.0,680.0,0.0,13283.0,770.0,477.1
NLG,3/7/2026,668.0,689.0,668.0,680.0,0.0,13283.0,770.0,477.1
NLG,3/8/2026,668.0,689.0,668.0,680.0,0.0,13283.0,770.0,477.1
NLG,3/9/2026,693.6,707.4,693.6,707.4,4.03,140.0,770.0,477.1
NLG,3/10/2026,719.9,720.0,696.0,708.6,0.17,57449.0,770.0,477.1
NLG,3/11/2026,707.0,709.9,695.0,695.0,-1.92,18375.0,770.0,477.1
NLG,3/12/2026,686.0,705.0,686.0,700.0,0.72,21725.0,770.0,477.1
NLG,3/13/2026,686.0,705.0,686.0,700.0,0.0,21725.0,770.0,477.1
NLG,3/14/2026,686.0,705.0,686.0,700.0,0.0,21725.0,770.0,477.1
NLG,3/15/2026,700.0,714.0,698.3,705.0,0.71,31276.0,770.0,477.1
NLG,3/16/2026,702.9,702.9,692.0,697.4,-1.08,12743.0,770.0,477.1
NLG,3/17/2026,695.9,696.9,686.2,695.0,-0.34,6978.0,770.0,477.1
NLG,3/18/2026,695.9,696.9,686.2,695.0,0.0,6978.0,770.0,477.1
NLG,3/19/2026,685.0,712.0,685.0,704.9,1.42,34835.0,770.0,477.1
NLG,3/20/2026,685.0,712.0,685.0,704.9,0.0,34835.0,770.0,477.1
NLG,3/21/2026,685.0,712.0,685.0,704.9,0.0,34835.0,770.0,477.1
NLG,3/22/2026,714.0,730.0,701.0,720.1,2.16,58733.0,770.0,477.1
NLG,3/23/2026,720.2,721.0,707.2,714.0,-0.85,16620.0,770.0,477.1
NLG,3/24/2026,714.1,717.0,696.0,700.3,-1.92,34725.0,770.0,477.1
NLG,3/25/2026,701.0,701.0,688.1,688.5,-1.68,50734.0,770.0,477.1
NLG,3/26/2026,686.0,694.0,682.5,692.0,0.87,30462.0,770.0,477.1
NLG,3/29/2026,695.0,695.0,677.0,686.9,-1.17,20365.0,770.0,477.1
NLG,3/30/2026,675.0,689.9,662.0,670.4,-0.68,53227.0,770.0,477.1
NLG,3/31/2026,667.0,675.0,654.0,674.9,1.18,29493.0,770.0,477.1
NLG,4/1/2026,674.9,674.9,652.1,655.3,-2.9,25703.0,770.0,477.1
NLG,4/2/2026,650.0,660.0,646.0,654.6,0.71,32086.0,770.0,477.1
NLG,4/5/2026,642.0,648.8,612.0,615.0,-4.21,35987.0,770.0,477.1
NLG,4/6/2026,614.0,632.0,610.0,630.0,2.61,24036.0,770.0,477.1
NLG,4/7/2026,632.0,635.0,617.5,624.0,-1.27,15017.0,770.0,477.1
NLG,4/8/2026,624.0,633.8,620.0,630.0,0.96,11613.0,770.0,477.1
NLG,4/9/2026,624.0,642.0,624.0,640.0,2.56,23438.0,770.0,477.1
NLG,4/10/2026,644.7,644.9,629.3,640.0,-0.73,11102.0,770.0,477.1
NLG,4/13/2026,640.1,642.0,628.0,628.1,-1.87,6811.0,770.0,477.1
NLG,4/15/2026,635.0,640.0,622.0,632.0,-0.47,13982.0,770.0,477.1
NLG,4/16/2026,630.0,639.4,626.1,628.0,-0.32,7228.0,770.0,477.1
NLG,4/17/2026,625.0,633.9,620.0,628.0,0.48,19005.0,770.0,477.1
NLG,4/20/2026,620.1,638.0,620.1,633.0,2.08,6484.0,770.0,477.1
NLG,4/21/2026,620.0,635.0,620.0,626.9,1.11,7412.0,770.0,477.1
NLG,4/22/2026,615.0,633.0,610.0,620.0,0.81,12208.0,770.0,477.1
NLG,4/23/2026,651.0,651.0,603.0,619.0,-4.92,8070.0,770.0,477.1
NLG,4/24/2026,619.0,612.0,601.2,608.0,-1.78,12756.0,770.0,477.1
NLG,4/27/2026,608.0,611.0,590.0,609.0,0.16,7776.0,770.0,477.1
NLG,4/28/2026,609.0,614.7,590.9,614.7,0.94,26179.0,770.0,477.1
NLG,4/29/2026,584.0,614.0,584.0,603.0,3.25,7410.0,770.0,477.1
NLG,4/30/2026,595.0,601.0,590.5,600.0,0.84,6673.0,770.0,477.1
NLG,5/4/2026,595.0,598.9,571.1,584.9,-1.7,13445.0,770.0,477.1
NLG,5/5/2026,584.9,585.9,575.0,581.0,-0.67,20399.0,770.0,477.1
NLG,5/6/2026,578.0,581.0,570.3,574.9,-0.54,2043.0,770.0,477.1
NLG,5/7/2026,547.6,580.9,547.6,562.0,2.63,24010.0,770.0,477.1
NLG,5/8/2026,562.0,577.9,562.0,577.9,2.83,3928.0,770.0,477.1
NLG,5/11/2026,580.0,585.0,569.0,580.0,0.0,18550.0,770.0,477.1
NLG,5/12/2026,582.0,583.5,570.0,577.9,-0.7,9049.0,770.0,477.1
NLG,5/13/2026,577.9,577.9,562.3,575.0,-0.5,4549.0,770.0,477.1
NLG,5/14/2026,575.0,575.0,560.4,573.9,-0.19,2678.0,770.0,477.1
NLG,5/15/2026,570.0,580.0,560.0,567.0,-0.53,7171.0,770.0,477.1
NLG,5/18/2026,595.2,595.2,560.6,564.0,-5.24,3289.0,770.0,477.1
NLG,5/19/2026,565.0,565.0,558.1,563.9,-0.19,8379.0,770.0,477.1
NLG,5/20/2026,565.0,569.0,560.0,563.9,-0.19,10885.0,770.0,477.1
NLG,5/21/2026,563.0,572.0,563.0,572.0,1.6,2717.0,770.0,477.1
NLG,5/22/2026,572.0,582.8,568.0,575.0,0.52,12156.0,770.0,477.1
NLG,5/25/2026,582.0,590.0,580.0,586.0,0.69,8202.0,770.0,477.1
NLG,5/26/2026,585.0,585.0,572.7,583.9,-0.19,3948.0,770.0,477.1
NLG,5/27/2026,574.0,585.0,569.0,574.0,0.0,29737.0,770.0,477.1
NLG,6/1/2026,580.0,620.0,575.0,600.0,3.45,44349.0,770.0,477.1
NLG,6/2/2026,593.5,614.0,593.5,614.0,3.45,21096.0,770.0,477.1
NLG,6/3/2026,620.0,678.0,610.0,650.0,4.84,87258.0,770.0,477.1
NLG,6/4/2026,650.0,680.0,646.0,660.0,1.54,67893.0,770.0,477.1
NLG,6/5/2026,650.0,759.0,631.1,647.0,-0.46,30358.0,770.0,477.1
NLG,6/8/2026,625.0,655.9,625.0,640.0,2.4,24097.0,770.0,477.1
NLG,6/9/2026,640.0,644.0,620.0,640.0,0.0,25799.0,770.0,477.1
NLG,6/10/2026,640.0,644.0,624.0,636.0,-0.62,6837.0,770.0,477.1
NLG,6/11/2026,636.1,648.0,631.0,636.8,0.11,9962.0,770.0,477.1
NLG,6/12/2026,622.0,640.0,622.0,636.0,2.25,3357.0,770.0,477.1
NLG,6/15/2026,636.0,636.0,620.0,625.0,-1.73,10421.0,770.0,477.1
NLG,6/16/2026,625.0,627.0,611.1,622.0,-0.48,9683.0,770.0,477.1
NLG,6/17/2026,615.0,624.0,612.2,618.9,0.63,8621.0,770.0,477.1
NLG,6/18/2026,649.0,649.0,611.0,612.0,-5.7,6673.0,770.0,477.1
NLG,6/19/2026,624.0,624.0,603.0,604.0,-3.21,7455.0,770.0,477.1
NLG,6/22/2026,610.0,620.0,605.0,619.9,1.62,5653.0,770.0,477.1
NLG,6/23/2026,607.5,613.0,601.4,610.0,0.41,4224.0,770.0,477.1
NLG,6/24/2026,619.8,619.8,592.0,602.9,-2.73,6332.0,770.0,477.1
NLG,6/26/2026,600.0,600.0,590.2,594.9,-0.85,5560.0,770.0,477.1
NLG,6/29/2026,590.0,603.5,586.0,587.0,-0.51,7543.0,770.0,477.1
NLG,6/30/2026,582.0,583.0,572.0,580.0,-0.34,6598.0,770.0,477.1
NLG,7/1/2026,576.3,595.0,576.3,590.0,2.38,3062.0,770.0,477.1
NLG,7/2/2026,578.0,587.0,575.3,586.0,1.38,3855.0,770.0,477.1
NLG,7/3/2026,590.0,595.0,580.1,590.0,0.0,7141.0,770.0,477.1
NLG,7/6/2026,577.1,587.5,577.1,577.7,0.1,640.0,770.0,477.1
NLG,7/7/2026,570.0,591.2,570.0,583.0,2.28,6055.0,770.0,477.1
NLG,7/8/2026,581.0,582.0,560.0,574.0,-1.2,65302.0,770.0,477.1
NLG,7/9/2026,580.0,580.0,562.1,575.0,-0.86,6286.0,770.0,477.1
NLG,7/10/2026,575.0,575.0,566.2,569.8,-0.9,4916.0,770.0,477.1
NLG,7/13/2026,570.0,570.0,555.0,565.0,-0.88,56368.0,770.0,477.1
NLG,7/14/2026,580.0,580.0,546.0,575.0,-0.86,11306.0,770.0,477.1
NLG,7/15/2026,575.0,583.0,570.0,574.5,-0.09,4425.0,770.0,477.1
NLG,7/16/2026,603.0,603.0,555.5,558.0,-7.46,9654.0,770.0,477.1
NLG,7/17/2026,565.0,598.0,565.0,578.1,2.32,37975.0,770.0,477.1
NLG,7/20/2026,589.9,606.6,588.0,603.0,2.22,20230.0,770.0,477.1
NLG,7/21/2026,600.0,604.0,588.0,598.0,-0.33,21712.0,770.0,477.1
NLG,7/22/2026,600.0,610.0,588.1,594.0,-1.0,18309.0,770.0,477.1
NLG,7/23/2026,588.0,595.0,582.0,595.0,1.19,17184.0,770.0,477.1
NLG,7/24/2026,608.8,609.0,595.0,603.9,-0.8,10772.0,770.0,477.1
NLG,7/27/2026,603.0,603.0,589.0,589.0,-2.32,8393.0,770.0,477.1
NLG,7/28/2026,571.7,595.0,571.4,592.0,3.55,5855.0,770.0,477.1
NLG,7/29/2026,589.0,590.0,578.1,590.0,0.17,10656.0,770.0,477.1
NLG,7/30/2026,580.0,585.0,574.0,584.0,0.69,5555.0,770.0,477.1
NLG,7/31/2026,571.1,585.0,570.0,584.0,2.26,11493.0,770.0,477.1
NLG,8/3/2026,567.3,584.3,567.3,579.0,2.06,3859.0,770.0,477.1
NLG,8/4/2026,571.0,579.0,565.0,574.9,0.68,8567.0,770.0,477.1
NLG,8/5/2026,585.0,585.0,567.6,585.0,0.0,4054.0,770.0,477.1
NLG,8/6/2026,575.0,585.5,565.0,567.0,-1.39,8218.0,770.0,477.1
NLG,8/7/2026,551.0,573.0,551.0,570.0,3.45,1670.0,770.0,477.1
NLG,8/10/2026,565.2,574.9,563.5,568.0,0.5,1499.0,770.0,477.1
NLG,8/11/2026,575.0,579.9,564.1,566.0,-1.57,9060.0,770.0,477.1
NLG,8/12/2026,559.0,571.0,555.0,571.0,2.15,13229.0,770.0,477.1
NLG,8/13/2026,571.0,572.0,560.2,571.0,0.0,3359.0,770.0,477.1
NLG,8/14/2026,580.0,580.0,556.1,565.0,-2.59,2330.0,770.0,477.1
NLG,8/17/2026,565.0,571.0,558.0,563.9,-0.19,2939.0,770.0,477.1
NLG,8/18/2026,560.1,564.0,557.0,559.9,-0.04,7493.0,770.0,477.1
NLG,8/19/2026,560.0,560.0,555.0,559.8,-0.04,3620.0,770.0,477.1
NLG,8/20/2026,559.8,559.8,550.0,559.8,0.0,5356.0,770.0,477.1
NLG,8/21/2026,572.0,572.0,550.0,558.8,-2.31,6089.0,770.0,477.1
NLG,8/24/2026,544.5,560.8,544.5,554.9,1.91,4669.0,770.0,477.1
NLG,8/25/2026,570.9,570.9,550.1,557.8,-2.29,2510.0,770.0,477.1
NLG,8/26/2026,545.0,545.0,522.0,530.0,-2.75,29244.0,770.0,477.1
NLG,8/27/2026,515.1,519.0,505.3,516.0,0.17,12499.0,770.0,477.1
NLG,8/31/2026,516.0,516.0,477.1,483.9,-6.22,12920.0,770.0,477.1
NLG,9/1/2026,481.0,499.8,480.1,494.4,2.79,11037.0,770.0,477.1
NLG,9/2/2026,494.4,495.4,482.1,490.5,-0.79,7656.0,770.0,477.1
NLG,9/3/2026,505.0,505.0,485.0,494.0,-2.18,6165.0,770.0,477.1
NLG,9/7/2026,500.0,524.8,500.0,514.5,2.9,10044.0,770.0,477.1
NLG,9/9/2026,514.0,514.9,499.0,504.3,-1.89,9347.0,770.0,477.1
NLG,9/10/2026,500.0,503.5,493.9,503.5,0.7,6932.0,770.0,477.1
NLG,9/11/2026,514.0,516.9,493.0,516.5,0.49,5130.0,770.0,477.1
NLG,9/14/2026,516.0,540.0,505.2,534.9,3.66,23531.0,770.0,477.1
NLG,9/15/2026,561.6,561.6,530.0,549.0,-2.24,13819.0,770.0,477.1
NLG,9/16/2026,558.9,558.9,524.0,538.7,-3.61,15487.0,770.0,477.1
NLG,9/17/2026,547.0,547.0,523.6,537.0,-1.83,7956.0,770.0,477.1
NLG,9/18/2026,530.0,537.0,523.1,530.0,0.0,13283.0,770.0,477.1
NLG,9/22/2026,535.0,535.8,520.1,526.0,-1.68,7222.0,770.0,477.1
NLG,9/23/2026,539.0,539.0,511.1,518.0,-3.9,8127.0,770.0,477.1
NLG,9/24/2026,492.1,517.0,492.1,512.0,4.04,5712.0,770.0,477.1
NLG,9/28/2026,503.0,518.0,498.0,504.9,0.38,11750.0,770.0,477.1
NLG,9/29/2026,501.1,506.0,501.1,0.0,-100.0,1770.0,770.0,477.1
NLG,9/30/2026,518.0,518.0,503.2,505.0,-2.51,4814.0,770.0,477.1
NLG,10/1/2026,505.0,509.0,496.1,502.9,-0.42,7159.0,770.0,477.1
NLG,10/2/2026,502.9,504.9,491.0,495.0,-1.57,6210.0,770.0,477.1
NLIC,3/29/2011,725.0,725.0,725.0,725.0,,60.0,872.0,680.5
NLIC,3/31/2011,725.0,715.0,715.0,715.0,-1.38,20.0,872.0,680.5
NLIC,4/18/2011,715.0,701.0,701.0,701.0,-1.96,450.0,872.0,680.5
NLIC,4/27/2011,701.0,701.0,701.0,701.0,0.0,30.0,872.0,680.5
NLIC,5/2/2011,701.0,687.0,648.0,648.0,-7.56,3083.0,872.0,680.5
NLIC,5/3/2011,648.0,648.0,648.0,648.0,0.0,30.0,872.0,680.5
NLIC,5/5/2011,648.0,660.0,660.0,660.0,1.85,100.0,872.0,680.5
NLIC,5/12/2011,660.0,647.0,640.0,640.0,-3.03,130.0,872.0,680.5
NLIC,5/15/2011,640.0,660.0,647.0,647.0,1.09,235.0,872.0,680.5
NLIC,5/19/2011,647.0,635.0,635.0,635.0,-1.85,15.0,872.0,680.5
NLIC,5/24/2011,635.0,630.0,630.0,630.0,-0.79,30.0,872.0,680.5
NLIC,5/30/2011,630.0,618.0,606.0,606.0,-3.81,88.0,872.0,680.5
NLIC,6/13/2011,606.0,594.0,594.0,594.0,-1.98,100.0,872.0,680.5
NLIC,6/14/2011,594.0,583.0,572.0,572.0,-3.7,60.0,872.0,680.5
NLIC,6/15/2011,572.0,561.0,561.0,561.0,-1.92,24.0,872.0,680.5
NLIC,6/16/2011,561.0,561.0,558.0,558.0,-0.53,930.0,872.0,680.5
NLIC,6/23/2011,590.0,647.0,601.0,647.0,15.95,109.0,872.0,680.5
NLIC,6/26/2011,647.0,659.0,659.0,659.0,1.85,59.0,872.0,680.5
NLIC,6/29/2011,659.0,672.0,659.0,659.0,0.0,220.0,872.0,680.5
NLIC,6/30/2011,659.0,646.0,640.0,640.0,-2.88,250.0,872.0,680.5
NLIC,7/3/2011,640.0,628.0,616.0,616.0,-3.75,290.0,872.0,680.5
NLIC,7/4/2011,616.0,605.0,605.0,605.0,-1.79,143.0,872.0,680.5
NLIC,7/6/2011,605.0,600.0,600.0,600.0,-0.83,20.0,872.0,680.5
NLIC,7/12/2011,600.0,599.0,577.0,599.0,-0.17,95.0,872.0,680.5
NLIC,7/13/2011,599.0,588.0,577.0,577.0,-3.67,30.0,872.0,680.5
NLIC,7/14/2011,577.0,566.0,566.0,566.0,-1.91,30.0,872.0,680.5
NLIC,7/18/2011,566.0,577.0,577.0,577.0,1.94,17.0,872.0,680.5
NLIC,7/20/2011,577.0,600.0,588.0,600.0,3.99,641.0,872.0,680.5
NLIC,7/21/2011,600.0,600.0,590.0,591.0,-1.5,125.0,872.0,680.5
NLIC,7/24/2011,591.0,585.0,585.0,585.0,-1.02,23.0,872.0,680.5
NLIC,7/25/2011,585.0,577.0,575.0,577.0,-1.37,55.0,872.0,680.5
NLIC,7/31/2011,577.0,577.0,577.0,577.0,0.0,453.0,872.0,680.5
NLIC,8/2/2011,577.0,610.0,588.0,610.0,5.72,62.0,872.0,680.5
NLIC,8/3/2011,610.0,601.0,601.0,601.0,-1.48,125.0,872.0,680.5
NLIC,8/8/2011,601.0,600.0,600.0,600.0,-0.17,156.0,872.0,680.5
NLIC,8/9/2011,600.0,600.0,595.0,600.0,0.0,306.0,872.0,680.5
NLIC,8/16/2011,600.0,610.0,610.0,610.0,1.67,345.0,872.0,680.5
NLIC,8/17/2011,610.0,610.0,610.0,610.0,0.0,30.0,872.0,680.5
NLIC,8/23/2011,610.0,601.0,598.0,601.0,-1.48,120.0,872.0,680.5
NLIC,8/24/2011,601.0,600.0,600.0,600.0,-0.17,100.0,872.0,680.5
NLIC,8/28/2011,600.0,590.0,580.0,580.0,-3.33,75.0,872.0,680.5
NLIC,8/29/2011,580.0,570.0,570.0,570.0,-1.72,2655.0,872.0,680.5
NLIC,8/30/2011,570.0,559.0,559.0,559.0,-1.93,12.0,872.0,680.5
NLIC,9/1/2011,559.0,570.0,559.0,570.0,1.97,375.0,872.0,680.5
NLIC,9/4/2011,570.0,570.0,570.0,570.0,0.0,30.0,872.0,680.5
NLIC,9/6/2011,570.0,560.0,560.0,560.0,-1.75,27.0,872.0,680.5
NLIC,9/7/2011,560.0,550.0,550.0,550.0,-1.79,60.0,872.0,680.5
NLIC,9/13/2011,550.0,550.0,539.0,539.0,-2.0,147.0,872.0,680.5
NLIC,9/18/2011,539.0,529.0,529.0,529.0,-1.86,45.0,872.0,680.5
NLIC,9/19/2011,529.0,525.0,525.0,525.0,-0.76,15.0,872.0,680.5
NLIC,9/25/2011,525.0,545.0,535.0,545.0,3.81,40.0,872.0,680.5
NLIC,9/26/2011,545.0,535.0,535.0,535.0,-1.83,42.0,872.0,680.5
NLIC,9/29/2011,535.0,545.0,545.0,545.0,1.87,15.0,872.0,680.5
NLIC,10/9/2011,545.0,545.0,545.0,545.0,0.0,12.0,872.0,680.5
NLIC,10/10/2011,545.0,545.0,545.0,545.0,0.0,15.0,872.0,680.5
NLIC,10/24/2011,545.0,555.0,555.0,555.0,1.83,30.0,872.0,680.5
NLIC,11/2/2011,555.0,565.0,565.0,565.0,1.8,20.0,872.0,680.5
NLIC,11/3/2011,565.0,595.0,576.0,595.0,5.31,50.0,872.0,680.5
NLIC,11/6/2011,595.0,606.0,596.0,606.0,1.85,34.0,872.0,680.5
NLIC,11/8/2011,606.0,615.0,610.0,615.0,1.49,225.0,872.0,680.5
NLIC,11/9/2011,615.0,615.0,603.0,615.0,0.0,133.0,872.0,680.5
NLIC,11/10/2011,615.0,664.0,620.0,660.0,7.32,635.0,872.0,680.5
NLIC,11/13/2011,660.0,673.0,670.0,670.0,1.52,414.0,872.0,680.5
NLIC,11/14/2011,670.0,657.0,635.0,635.0,-5.22,224.0,872.0,680.5
NLIC,11/15/2011,635.0,623.0,600.0,600.0,-5.51,4020.0,872.0,680.5
NLIC,11/16/2011,600.0,610.0,600.0,600.0,0.0,788.0,872.0,680.5
NLIC,11/17/2011,600.0,612.0,600.0,612.0,2.0,2015.0,872.0,680.5
NLIC,11/20/2011,612.0,600.0,600.0,600.0,-1.96,840.0,872.0,680.5
NLIC,11/21/2011,600.0,610.0,601.0,610.0,1.67,27.0,872.0,680.5
NLIC,11/24/2011,610.0,601.0,590.0,590.0,-3.28,117.0,872.0,680.5
NLIC,11/27/2011,590.0,601.0,601.0,601.0,1.86,24.0,872.0,680.5
NLIC,11/28/2011,601.0,602.0,602.0,602.0,0.17,50.0,872.0,680.5
NLIC,12/6/2011,602.0,606.0,595.0,606.0,0.66,503.0,872.0,680.5
NLIC,12/7/2011,606.0,605.0,600.0,600.0,-0.99,686.0,872.0,680.5
NLIC,12/15/2011,600.0,589.0,589.0,589.0,-1.83,24.0,872.0,680.5
NLIC,12/20/2011,589.0,590.0,590.0,590.0,0.17,24.0,872.0,680.5
NLIC,12/27/2011,590.0,579.0,579.0,579.0,-1.86,24.0,872.0,680.5
NLIC,12/28/2011,579.0,590.0,590.0,590.0,1.9,165.0,872.0,680.5
NLIC,12/29/2011,590.0,600.0,599.0,600.0,1.69,330.0,872.0,680.5
NLIC,1/4/2012,600.0,589.0,558.0,558.0,-7.0,3045.0,872.0,680.5
NLIC,1/5/2012,558.0,569.0,569.0,569.0,1.97,375.0,872.0,680.5
NLIC,1/12/2012,569.0,615.0,580.0,615.0,8.08,250.0,872.0,680.5
NLIC,1/16/2012,615.0,627.0,627.0,627.0,1.95,200.0,872.0,680.5
NLIC,1/17/2012,627.0,627.0,615.0,627.0,0.0,80.0,872.0,680.5
NLIC,1/22/2012,627.0,625.0,625.0,625.0,-0.32,45.0,872.0,680.5
NLIC,1/23/2012,625.0,627.0,621.0,621.0,-0.64,525.0,872.0,680.5
NLIC,1/26/2012,621.0,621.0,621.0,621.0,0.0,376.0,872.0,680.5
NLIC,1/29/2012,621.0,622.0,620.0,622.0,0.16,150.0,872.0,680.5
NLIC,1/31/2012,622.0,632.0,620.0,632.0,1.61,250.0,872.0,680.5
NLIC,2/1/2012,632.0,635.0,631.0,631.0,-0.16,560.0,872.0,680.5
NLIC,2/2/2012,631.0,631.0,631.0,631.0,0.0,50.0,872.0,680.5
NLIC,2/5/2012,631.0,635.0,632.0,635.0,0.63,45.0,872.0,680.5
NLIC,2/6/2012,635.0,647.0,647.0,647.0,1.89,200.0,872.0,680.5
NLIC,2/7/2012,647.0,640.0,635.0,640.0,-1.08,1015.0,872.0,680.5
NLIC,2/8/2012,640.0,640.0,640.0,640.0,0.0,15.0,872.0,680.5
NLIC,2/14/2012,640.0,640.0,635.0,640.0,0.0,45.0,872.0,680.5
NLIC,2/15/2012,640.0,650.0,645.0,645.0,0.78,43.0,872.0,680.5
NLIC,2/23/2012,645.0,641.0,640.0,641.0,-0.62,138.0,872.0,680.5
NLIC,2/26/2012,641.0,642.0,642.0,642.0,0.16,172.0,872.0,680.5
NLIC,2/29/2012,642.0,654.0,654.0,654.0,1.87,53.0,872.0,680.5
NLIC,3/1/2012,654.0,650.0,650.0,650.0,-0.61,30.0,872.0,680.5
NLIC,3/4/2012,650.0,650.0,650.0,650.0,0.0,108.0,872.0,680.5
NLIC,3/5/2012,650.0,660.0,647.0,650.0,0.0,135.0,872.0,680.5
NLIC,3/6/2012,650.0,660.0,650.0,660.0,1.54,43.0,872.0,680.5
NLIC,3/11/2012,660.0,660.0,660.0,660.0,0.0,500.0,872.0,680.5
NLIC,3/12/2012,660.0,659.0,647.0,659.0,-0.15,28.0,872.0,680.5
NLIC,3/13/2012,659.0,659.0,659.0,659.0,0.0,20.0,872.0,680.5
NLIC,3/14/2012,659.0,655.0,655.0,655.0,-0.61,1250.0,872.0,680.5
NLIC,3/19/2012,655.0,645.0,645.0,645.0,-1.53,4395.0,872.0,680.5
NLIC,3/20/2012,645.0,640.0,640.0,640.0,-0.78,27.0,872.0,680.5
NLIC,3/25/2012,640.0,640.0,630.0,630.0,-1.56,160.0,872.0,680.5
NLIC,3/28/2012,630.0,640.0,630.0,630.0,0.0,36107.0,872.0,680.5
NLIC,4/1/2012,630.0,640.0,640.0,640.0,1.59,1000.0,872.0,680.5
NLIC,4/3/2012,640.0,640.0,640.0,640.0,0.0,175.0,872.0,680.5
NLIC,4/4/2012,640.0,640.0,630.0,630.0,-1.56,25.0,872.0,680.5
NLIC,4/12/2012,630.0,642.0,642.0,642.0,1.9,20.0,872.0,680.5
NLIC,4/15/2012,642.0,654.0,654.0,654.0,1.87,10.0,872.0,680.5
NLIC,4/16/2012,654.0,693.0,667.0,693.0,5.96,40.0,872.0,680.5
NLIC,4/17/2012,693.0,706.0,706.0,706.0,1.88,13.0,872.0,680.5
NLIC,4/18/2012,706.0,776.0,719.0,776.0,9.92,95.0,872.0,680.5
NLIC,4/19/2012,776.0,837.0,791.0,829.0,6.83,894.0,872.0,680.5
NLIC,4/22/2012,829.0,820.0,820.0,820.0,-1.09,10.0,872.0,680.5
NLIC,4/24/2012,820.0,846.0,815.0,830.0,1.22,1776.0,872.0,680.5
NLIC,4/25/2012,830.0,835.0,830.0,835.0,0.6,1500.0,872.0,680.5
NLIC,4/26/2012,835.0,846.0,814.0,820.0,-1.8,6259.0,872.0,680.5
NLIC,4/29/2012,820.0,861.0,820.0,861.0,5.0,3980.0,872.0,680.5
NLIC,5/3/2012,861.0,861.0,861.0,861.0,0.0,23.0,872.0,680.5
NLIC,5/8/2012,861.0,861.0,861.0,861.0,0.0,305.0,872.0,680.5
NLIC,5/9/2012,861.0,895.0,878.0,895.0,3.95,60.0,872.0,680.5
NLIC,5/16/2012,895.0,928.0,911.0,928.0,3.69,80.0,872.0,680.5
NLIC,5/22/2012,928.0,910.0,910.0,910.0,-1.94,10.0,872.0,680.5
NLIC,5/24/2012,910.0,945.0,892.0,945.0,3.85,262.0,872.0,680.5
NLIC,5/27/2012,945.0,963.0,945.0,945.0,0.0,20.0,872.0,680.5
NLIC,6/10/2012,945.0,927.0,927.0,927.0,-1.9,15.0,872.0,680.5
NLIC,6/11/2012,927.0,909.0,909.0,909.0,-1.94,30.0,872.0,680.5
NLIC,6/12/2012,909.0,927.0,927.0,927.0,1.98,10.0,872.0,680.5
NLIC,6/19/2012,927.0,909.0,866.0,899.0,-3.02,155.0,872.0,680.5
NLIC,7/2/2012,899.0,899.0,899.0,899.0,0.0,60.0,872.0,680.5
NLIC,7/9/2012,899.0,882.0,810.0,810.0,-9.9,260.0,872.0,680.5
NLIC,7/10/2012,810.0,794.0,756.0,767.0,-5.31,672.0,872.0,680.5
NLIC,7/11/2012,767.0,785.0,774.0,780.0,1.69,1195.0,872.0,680.5
NLIC,7/12/2012,780.0,785.0,766.0,785.0,0.64,185.0,872.0,680.5
NLIC,7/15/2012,785.0,785.0,785.0,785.0,0.0,500.0,872.0,680.5
NLIC,7/17/2012,785.0,804.0,785.0,795.0,1.27,1821.0,872.0,680.5
NLIC,7/18/2012,795.0,803.0,795.0,803.0,1.01,2060.0,872.0,680.5
NLIC,7/19/2012,803.0,815.0,800.0,815.0,1.49,1404.0,872.0,680.5
NLIC,7/22/2012,815.0,846.0,804.0,846.0,3.8,2531.0,872.0,680.5
NLIC,7/23/2012,846.0,850.0,830.0,850.0,0.47,406.0,872.0,680.5
NLIC,7/24/2012,850.0,845.0,833.0,845.0,-0.59,1376.0,872.0,680.5
NLIC,7/25/2012,845.0,840.0,840.0,840.0,-0.59,823.0,872.0,680.5
NLIC,7/26/2012,840.0,841.0,841.0,841.0,0.12,30.0,872.0,680.5
NLIC,7/30/2012,841.0,870.0,848.0,860.0,2.26,2877.0,872.0,680.5
NLIC,7/31/2012,860.0,860.0,860.0,860.0,0.0,24.0,872.0,680.5
NLIC,8/1/2012,860.0,865.0,865.0,865.0,0.58,60.0,872.0,680.5
NLIC,8/5/2012,865.0,865.0,849.0,849.0,-1.85,582.0,872.0,680.5
NLIC,8/6/2012,849.0,865.0,864.0,864.0,1.77,299.0,872.0,680.5
NLIC,8/7/2012,864.0,865.0,865.0,865.0,0.12,515.0,872.0,680.5
NLIC,8/12/2012,865.0,881.0,865.0,871.0,0.69,699.0,872.0,680.5
NLIC,8/13/2012,871.0,879.0,865.0,879.0,0.92,988.0,872.0,680.5
NLIC,8/14/2012,879.0,880.0,866.0,875.0,-0.46,1472.0,872.0,680.5
NLIC,8/15/2012,875.0,878.0,870.0,870.0,-0.57,814.0,872.0,680.5
NLIC,8/16/2012,870.0,885.0,870.0,885.0,1.72,712.0,872.0,680.5
NLIC,8/19/2012,885.0,885.0,875.0,876.0,-1.02,928.0,872.0,680.5
NLIC,8/21/2012,876.0,875.0,870.0,870.0,-0.68,2577.0,872.0,680.5
NLIC,8/22/2012,870.0,870.0,865.0,870.0,0.0,72.0,872.0,680.5
NLIC,8/23/2012,870.0,890.0,885.0,890.0,2.3,132.0,872.0,680.5
NLIC,8/27/2012,890.0,890.0,875.0,875.0,-1.69,3835.0,872.0,680.5
NLIC,8/28/2012,875.0,880.0,874.0,880.0,0.57,1115.0,872.0,680.5
NLIC,9/5/2012,880.0,914.0,897.0,914.0,3.86,536.0,872.0,680.5
NLIC,9/6/2012,914.0,1002.0,932.0,1002.0,9.63,4495.0,872.0,680.5
NLIC,9/9/2012,1002.0,1102.0,1022.0,1102.0,9.98,4094.0,872.0,680.5
NLIC,9/10/2012,1102.0,1212.0,1124.0,1212.0,9.98,2980.0,872.0,680.5
NLIC,9/11/2012,1212.0,1300.0,1155.0,1285.0,6.02,10220.0,872.0,680.5
NLIC,9/12/2012,1285.0,1260.0,1200.0,1223.0,-4.82,9373.0,872.0,680.5
NLIC,9/13/2012,1223.0,1255.0,1200.0,1239.0,1.31,2843.0,872.0,680.5
NLIC,9/16/2012,1239.0,1269.0,1200.0,1269.0,2.42,1438.0,872.0,680.5
NLIC,9/17/2012,1269.0,1244.0,1200.0,1200.0,-5.44,2643.0,872.0,680.5
NLIC,9/18/2012,1200.0,1224.0,1177.0,1200.0,0.0,2316.0,872.0,680.5
NLIC,9/19/2012,1200.0,1200.0,1188.0,1188.0,-1.0,190.0,872.0,680.5
NLIC,9/20/2012,1188.0,1200.0,1141.0,1141.0,-3.96,261.0,872.0,680.5
NLIC,9/23/2012,1141.0,1160.0,1118.0,1118.0,-2.02,1675.0,872.0,680.5
NLIC,9/24/2012,1118.0,1185.0,1130.0,1162.0,3.94,1261.0,872.0,680.5
NLIC,9/25/2012,1162.0,1185.0,1175.0,1185.0,1.98,280.0,872.0,680.5
NLIC,9/26/2012,1185.0,1195.0,1170.0,1170.0,-1.27,4124.0,872.0,680.5
NLIC,9/30/2012,1218.0,1208.0,1200.0,1200.0,2.56,1867.0,872.0,680.5
NLIC,10/1/2012,1200.0,1314.0,1175.0,1314.0,9.5,3256.0,872.0,680.5
NLIC,10/2/2012,1314.0,1288.0,1200.0,1208.0,-8.07,2230.0,872.0,680.5
NLIC,10/3/2012,1208.0,1224.0,1218.0,1224.0,1.32,1476.0,872.0,680.5
NLIC,10/4/2012,1224.0,1240.0,1200.0,1240.0,1.31,2865.0,872.0,680.5
NLIC,10/7/2012,1240.0,1264.0,1240.0,1240.0,0.0,1875.0,872.0,680.5
NLIC,10/8/2012,1240.0,1221.0,1216.0,1220.0,-1.61,1030.0,872.0,680.5
NLIC,10/9/2012,1220.0,1249.0,1225.0,1249.0,2.38,1231.0,872.0,680.5
NLIC,10/10/2012,1249.0,1260.0,1243.0,1243.0,-0.48,293.0,872.0,680.5
NLIC,10/11/2012,1243.0,1260.0,1236.0,1240.0,-0.24,1095.0,872.0,680.5
NLIC,10/14/2012,1240.0,1285.0,1261.0,1285.0,3.63,25.0,872.0,680.5
NLIC,10/15/2012,1285.0,1260.0,1236.0,1236.0,-3.81,90.0,872.0,680.5
NLIC,10/17/2012,1236.0,1260.0,1250.0,1260.0,1.94,255.0,872.0,680.5
NLIC,10/18/2012,1260.0,1295.0,1237.0,1295.0,2.78,965.0,872.0,680.5
NLIC,10/30/2012,1295.0,1345.0,1295.0,1320.0,1.93,201.0,872.0,680.5
NLIC,10/31/2012,1320.0,1350.0,1330.0,1345.0,1.89,860.0,872.0,680.5
NLIC,11/1/2012,1345.0,1325.0,1321.0,1325.0,-1.49,45.0,872.0,680.5
NLIC,11/4/2012,1325.0,1350.0,1320.0,1324.0,-0.08,1782.0,872.0,680.5
NLIC,11/5/2012,1324.0,1415.0,1320.0,1415.0,6.87,1261.0,872.0,680.5
NLIC,11/6/2012,1415.0,1424.0,1372.0,1424.0,0.64,1138.0,872.0,680.5
NLIC,11/7/2012,1424.0,1451.0,1451.0,1451.0,1.9,10.0,872.0,680.5
NLIC,11/8/2012,1451.0,1529.0,1422.0,1450.0,-0.07,974.0,872.0,680.5
NLIC,11/11/2012,1450.0,1421.0,1379.0,1379.0,-4.9,280.0,872.0,680.5
NLIC,11/12/2012,1379.0,1412.0,1345.0,1412.0,2.39,1724.0,872.0,680.5
NLIC,11/18/2012,1412.0,1438.0,1438.0,1438.0,1.84,15.0,872.0,680.5
NLIC,11/20/2012,1438.0,1488.0,1410.0,1450.0,0.83,450.0,872.0,680.5
NLIC,11/21/2012,1450.0,1530.0,1479.0,1530.0,5.52,125.0,872.0,680.5
NLIC,11/22/2012,1530.0,1519.0,1519.0,1519.0,-0.72,15.0,872.0,680.5
NLIC,11/26/2012,1519.0,1489.0,1368.0,1415.0,-6.85,1337.0,872.0,680.5
NLIC,11/27/2012,1415.0,1387.0,1350.0,1350.0,-4.59,1385.0,872.0,680.5
NLIC,11/28/2012,1350.0,1389.0,1360.0,1360.0,0.74,128.0,872.0,680.5
NLIC,11/29/2012,1360.0,1375.0,1360.0,1370.0,0.74,1005.0,872.0,680.5
NLIC,12/2/2012,1370.0,1407.0,1380.0,1407.0,2.7,1954.0,872.0,680.5
NLIC,12/3/2012,1407.0,1403.0,1400.0,1403.0,-0.28,321.0,872.0,680.5
NLIC,12/4/2012,1403.0,1472.0,1403.0,1435.0,2.28,1562.0,872.0,680.5
NLIC,12/5/2012,1435.0,1463.0,1420.0,1436.0,0.07,1198.0,872.0,680.5
NLIC,12/6/2012,1436.0,1475.0,1375.0,1475.0,2.72,5054.0,872.0,680.5
NLIC,12/9/2012,1475.0,1446.0,1410.0,1411.0,-4.34,1711.0,872.0,680.5
NLIC,12/10/2012,1411.0,1450.0,1420.0,1450.0,2.76,387.0,872.0,680.5
NLIC,12/11/2012,1450.0,1454.0,1442.0,1454.0,0.28,890.0,872.0,680.5
NLIC,12/12/2012,1454.0,1456.0,1435.0,1455.0,0.07,1866.0,872.0,680.5
NLIC,12/16/2012,1455.0,1455.0,1430.0,1455.0,0.0,300.0,872.0,680.5
NLIC,12/17/2012,1455.0,1484.0,1460.0,1460.0,0.34,700.0,872.0,680.5
NLIC,12/18/2012,1460.0,1518.0,1460.0,1518.0,3.97,290.0,872.0,680.5
NLIC,12/19/2012,1518.0,1550.0,1459.0,1500.0,-1.19,3145.0,872.0,680.5
NLIC,12/20/2012,1500.0,1530.0,1500.0,1500.0,0.0,727.0,872.0,680.5
NLIC,12/23/2012,1500.0,1470.0,1470.0,1470.0,-2.0,1700.0,872.0,680.5
NLIC,12/24/2012,1470.0,1494.0,1470.0,1475.0,0.34,2701.0,872.0,680.5
NLIC,12/26/2012,1475.0,1490.0,1446.0,1490.0,1.02,925.0,872.0,680.5
NLIC,12/27/2012,1490.0,1555.0,1450.0,1555.0,4.36,903.0,872.0,680.5
NLIC,12/31/2012,1555.0,1530.0,1515.0,1530.0,-1.61,223.0,872.0,680.5
NLIC,1/1/2013,1530.0,1500.0,1475.0,1475.0,-3.59,175.0,872.0,680.5
NLIC,1/2/2013,1475.0,1500.0,1470.0,1475.0,0.0,247.0,872.0,680.5
NLIC,1/6/2013,1475.0,1448.0,1448.0,1448.0,-1.83,45.0,872.0,680.5
NLIC,1/7/2013,1448.0,1435.0,1430.0,1430.0,-1.24,130.0,872.0,680.5
NLIC,1/8/2013,1430.0,1500.0,1458.0,1500.0,4.9,417.0,872.0,680.5
NLIC,1/9/2013,1500.0,1485.0,1456.0,1480.0,-1.33,736.0,872.0,680.5
NLIC,1/10/2013,1480.0,1501.0,1468.0,1499.0,1.28,688.0,872.0,680.5
NLIC,1/13/2013,1499.0,1540.0,1500.0,1520.0,1.4,1076.0,872.0,680.5
NLIC,1/15/2013,1520.0,1632.0,1550.0,1632.0,7.37,188.0,872.0,680.5
NLIC,1/16/2013,1632.0,1632.0,1600.0,1600.0,-1.96,20.0,872.0,680.5
NLIC,1/17/2013,1600.0,1576.0,1530.0,1530.0,-4.37,565.0,872.0,680.5
NLIC,1/20/2013,1530.0,1550.0,1520.0,1545.0,0.98,447.0,872.0,680.5
NLIC,1/21/2013,1545.0,1581.0,1550.0,1580.0,2.27,599.0,872.0,680.5
NLIC,1/22/2013,1580.0,1581.0,1580.0,1581.0,0.06,55.0,872.0,680.5
NLIC,1/23/2013,1581.0,1600.0,1550.0,1550.0,-1.96,630.0,872.0,680.5
NLIC,1/24/2013,1550.0,1581.0,1530.0,1530.0,-1.29,235.0,872.0,680.5
NLIC,1/27/2013,1530.0,1600.0,1510.0,1580.0,3.27,659.0,872.0,680.5
NLIC,1/28/2013,1580.0,1616.0,1551.0,1616.0,2.28,1180.0,872.0,680.5
NLIC,1/30/2013,1616.0,1648.0,1616.0,1621.0,0.31,659.0,872.0,680.5
NLIC,1/31/2013,1621.0,1621.0,1601.0,1621.0,0.0,335.0,872.0,680.5
NLIC,2/3/2013,1621.0,1650.0,1632.0,1650.0,1.79,2395.0,872.0,680.5
NLIC,2/4/2013,1650.0,1665.0,1650.0,1665.0,0.91,187.0,872.0,680.5
NLIC,2/5/2013,1665.0,1650.0,1650.0,1650.0,-0.9,280.0,872.0,680.5
NLIC,2/6/2013,1650.0,1655.0,1635.0,1645.0,-0.3,720.0,872.0,680.5
NLIC,2/7/2013,1645.0,1665.0,1650.0,1665.0,1.22,565.0,872.0,680.5
NLIC,2/10/2013,1665.0,1698.0,1665.0,1698.0,1.98,199.0,872.0,680.5
NLIC,2/12/2013,1698.0,1867.0,1731.0,1867.0,9.95,2547.0,872.0,680.5
NLIC,2/13/2013,1867.0,1955.0,1867.0,1940.0,3.91,5685.0,872.0,680.5
NLIC,2/14/2013,1940.0,2060.0,1978.0,2030.0,4.64,2224.0,872.0,680.5
NLIC,2/17/2013,2030.0,2152.0,2070.0,2110.0,3.94,357.0,872.0,680.5
NLIC,2/19/2013,2110.0,2110.0,2068.0,2076.0,-1.61,825.0,872.0,680.5
NLIC,2/20/2013,2076.0,2035.0,2000.0,2000.0,-3.66,1730.0,872.0,680.5
NLIC,2/21/2013,2000.0,2045.0,1960.0,2045.0,2.25,2320.0,872.0,680.5
NLIC,2/24/2013,2045.0,2050.0,2000.0,2000.0,-2.2,350.0,872.0,680.5
NLIC,2/25/2013,2000.0,2040.0,2000.0,2010.0,0.5,917.0,872.0,680.5
NLIC,2/26/2013,2010.0,2030.0,2010.0,2024.0,0.7,639.0,872.0,680.5
NLIC,2/27/2013,2024.0,2001.0,2000.0,2000.0,-1.19,60.0,872.0,680.5
NLIC,2/28/2013,2000.0,2010.0,2000.0,2010.0,0.5,1153.0,872.0,680.5
NLIC,3/3/2013,2010.0,2000.0,2000.0,2000.0,-0.5,15.0,872.0,680.5
NLIC,3/4/2013,2000.0,2030.0,1980.0,1980.0,-1.0,1098.0,872.0,680.5
NLIC,3/5/2013,1980.0,1985.0,1950.0,1950.0,-1.52,1609.0,872.0,680.5
NLIC,3/6/2013,1950.0,1984.0,1978.0,1980.0,1.54,190.0,872.0,680.5
NLIC,3/7/2013,1980.0,1980.0,1975.0,1979.0,-0.05,280.0,872.0,680.5
NLIC,3/11/2013,1979.0,1970.0,1955.0,1970.0,-0.45,1633.0,872.0,680.5
NLIC,3/13/2013,1970.0,2010.0,1975.0,2010.0,2.03,557.0,872.0,680.5
NLIC,3/14/2013,2010.0,2050.0,2020.0,2050.0,1.99,309.0,872.0,680.5
NLIC,3/17/2013,2050.0,2050.0,2011.0,2020.0,-1.46,1261.0,872.0,680.5
NLIC,3/18/2013,2020.0,2025.0,1986.0,2001.0,-0.94,350.0,872.0,680.5
NLIC,3/19/2013,2001.0,2000.0,2000.0,2000.0,-0.05,127.0,872.0,680.5
NLIC,3/20/2013,2000.0,2015.0,2001.0,2010.0,0.5,540.0,872.0,680.5
NLIC,3/21/2013,2010.0,2065.0,2005.0,2005.0,-0.25,125.0,872.0,680.5
NLIC,3/24/2013,2005.0,1980.0,1960.0,1960.0,-2.24,565.0,872.0,680.5
NLIC,3/25/2013,1960.0,1987.0,1911.0,1987.0,1.38,200.0,872.0,680.5
NLIC,3/27/2013,1987.0,2004.0,1950.0,2004.0,0.86,454.0,872.0,680.5
NLIC,3/28/2013,2004.0,2004.0,2004.0,2004.0,0.0,60.0,872.0,680.5
NLIC,3/31/2013,2004.0,2000.0,1950.0,1950.0,-2.69,205.0,872.0,680.5
NLIC,4/1/2013,1950.0,2000.0,1935.0,2000.0,2.56,284.0,872.0,680.5
NLIC,4/2/2013,2000.0,2010.0,1980.0,1980.0,-1.0,110.0,872.0,680.5
NLIC,4/3/2013,1980.0,1975.0,1950.0,1965.0,-0.76,206.0,872.0,680.5
NLIC,4/4/2013,1965.0,1965.0,1935.0,1950.0,-0.76,378.0,872.0,680.5
NLIC,4/7/2013,1950.0,2110.0,1950.0,2110.0,8.21,2708.0,872.0,680.5
NLIC,4/8/2013,2110.0,2230.0,2110.0,2214.0,4.93,3884.0,872.0,680.5
NLIC,4/9/2013,2214.0,2258.0,2180.0,2190.0,-1.08,1015.0,872.0,680.5
NLIC,4/11/2013,2190.0,2175.0,2150.0,2160.0,-1.37,1735.0,872.0,680.5
NLIC,4/15/2013,2160.0,2183.0,2160.0,2165.0,0.23,2910.0,872.0,680.5
NLIC,4/16/2013,2165.0,2150.0,2080.0,2110.0,-2.54,15942.0,872.0,680.5
NLIC,4/17/2013,2110.0,2194.0,2070.0,2194.0,3.98,13790.0,872.0,680.5
NLIC,4/23/2013,2194.0,1358.0,1358.0,1358.0,-38.1,62.0,872.0,680.5
NLIC,4/25/2013,1358.0,1360.0,1330.0,1331.0,-1.99,567.0,872.0,680.5
NLIC,4/28/2013,1331.0,1305.0,1305.0,1305.0,-1.95,120.0,872.0,680.5
NLIC,4/29/2013,1305.0,1280.0,1255.0,1255.0,-3.83,120.0,872.0,680.5
NLIC,4/30/2013,1255.0,1230.0,1230.0,1230.0,-1.99,30.0,872.0,680.5
NLIC,5/2/2013,1230.0,1206.0,1159.0,1165.0,-5.28,293.0,872.0,680.5
NLIC,5/5/2013,1165.0,1146.0,1142.0,1142.0,-1.97,567.0,872.0,680.5
NLIC,5/6/2013,1142.0,1120.0,1100.0,1115.0,-2.36,2050.0,872.0,680.5
NLIC,5/7/2013,1115.0,1115.0,1115.0,1115.0,0.0,75.0,872.0,680.5
NLIC,5/8/2013,1115.0,1103.0,1103.0,1103.0,-1.08,430.0,872.0,680.5
NLIC,5/9/2013,1103.0,1120.0,1112.0,1120.0,1.54,177.0,872.0,680.5
NLIC,5/13/2013,1120.0,1187.0,1142.0,1187.0,5.98,50.0,872.0,680.5
NLIC,5/14/2013,1187.0,1239.0,1200.0,1239.0,4.38,410.0,872.0,680.5
NLIC,5/15/2013,1239.0,1313.0,1263.0,1288.0,3.95,257.0,872.0,680.5
NLIC,5/16/2013,1288.0,1310.0,1265.0,1310.0,1.71,3229.0,872.0,680.5
NLIC,5/19/2013,1310.0,1315.0,1290.0,1315.0,0.38,480.0,872.0,680.5
NLIC,5/20/2013,1315.0,1328.0,1320.0,1328.0,0.99,530.0,872.0,680.5
NLIC,5/21/2013,1328.0,1347.0,1330.0,1335.0,0.53,230.0,872.0,680.5
NLIC,5/22/2013,1335.0,1360.0,1340.0,1360.0,1.87,662.0,872.0,680.5
NLIC,5/23/2013,1360.0,1355.0,1335.0,1355.0,-0.37,485.0,872.0,680.5
NLIC,5/26/2013,1355.0,1360.0,1350.0,1350.0,-0.37,475.0,872.0,680.5
NLIC,5/27/2013,1350.0,1341.0,1341.0,1341.0,-0.67,85.0,872.0,680.5
NLIC,5/28/2013,1341.0,1341.0,1330.0,1330.0,-0.82,144.0,872.0,680.5
NLIC,5/30/2013,1330.0,1310.0,1304.0,1304.0,-1.95,198.0,872.0,680.5
NLIC,6/3/2013,1304.0,1310.0,1304.0,1310.0,0.46,293.0,872.0,680.5
NLIC,6/5/2013,1310.0,1300.0,1299.0,1300.0,-0.76,3345.0,872.0,680.5
NLIC,6/6/2013,1300.0,1305.0,1305.0,1305.0,0.38,2420.0,872.0,680.5
NLIC,6/9/2013,1305.0,1305.0,1305.0,1305.0,0.0,922.0,872.0,680.5
NLIC,6/10/2013,1305.0,1320.0,1320.0,1320.0,1.15,1913.0,872.0,680.5
NLIC,6/11/2013,1320.0,1310.0,1310.0,1310.0,-0.76,90.0,872.0,680.5
NLIC,6/12/2013,1310.0,1310.0,1284.0,1305.0,-0.38,4438.0,872.0,680.5
NLIC,6/13/2013,1305.0,1335.0,1284.0,1334.0,2.22,2625.0,872.0,680.5
NLIC,6/16/2013,1334.0,1320.0,1308.0,1317.0,-1.27,2077.0,872.0,680.5
NLIC,6/17/2013,1317.0,1319.0,1308.0,1319.0,0.15,1627.0,872.0,680.5
NLIC,6/18/2013,1319.0,1308.0,1300.0,1305.0,-1.06,1320.0,872.0,680.5
NLIC,6/19/2013,1305.0,1318.0,1305.0,1318.0,1.0,1422.0,872.0,680.5
NLIC,6/20/2013,1318.0,1320.0,1318.0,1318.0,0.0,1220.0,872.0,680.5
NLIC,6/23/2013,1318.0,1305.0,1290.0,1305.0,-0.99,295.0,872.0,680.5
NLIC,6/24/2013,1305.0,1295.0,1282.0,1295.0,-0.77,75.0,872.0,680.5
NLIC,6/25/2013,1295.0,1282.0,1281.0,1282.0,-1.0,45.0,872.0,680.5
NLIC,6/26/2013,1282.0,1294.0,1280.0,1294.0,0.94,250.0,872.0,680.5
NLIC,6/27/2013,1294.0,1291.0,1290.0,1291.0,-0.23,230.0,872.0,680.5
NLIC,6/30/2013,1291.0,1290.0,1280.0,1290.0,-0.08,3085.0,872.0,680.5
NLIC,7/1/2013,1290.0,1299.0,1290.0,1291.0,0.08,258.0,872.0,680.5
NLIC,7/2/2013,1291.0,1300.0,1299.0,1299.0,0.62,1266.0,872.0,680.5
NLIC,7/3/2013,1299.0,1313.0,1300.0,1300.0,0.08,562.0,872.0,680.5
NLIC,7/4/2013,1300.0,1305.0,1290.0,1300.0,0.0,1335.0,872.0,680.5
NLIC,7/7/2013,1300.0,1326.0,1300.0,1326.0,2.0,1922.0,872.0,680.5
NLIC,7/8/2013,1326.0,1325.0,1310.0,1325.0,-0.08,401.0,872.0,680.5
NLIC,7/9/2013,1325.0,1340.0,1340.0,1340.0,1.13,165.0,872.0,680.5
NLIC,7/10/2013,1340.0,1385.0,1360.0,1385.0,3.36,910.0,872.0,680.5
NLIC,7/11/2013,1385.0,1385.0,1380.0,1380.0,-0.36,105.0,872.0,680.5
NLIC,7/15/2013,1380.0,1425.0,1400.0,1425.0,3.26,250.0,872.0,680.5
NLIC,7/16/2013,1425.0,1450.0,1430.0,1432.0,0.49,1258.0,872.0,680.5
NLIC,7/17/2013,1432.0,1480.0,1450.0,1480.0,3.35,929.0,872.0,680.5
NLIC,7/18/2013,1480.0,1534.0,1474.0,1534.0,3.65,965.0,872.0,680.5
NLIC,7/21/2013,1534.0,1600.0,1564.0,1599.0,4.24,1249.0,872.0,680.5
NLIC,7/22/2013,1599.0,1656.0,1610.0,1620.0,1.31,2441.0,872.0,680.5
NLIC,7/23/2013,1620.0,1645.0,1615.0,1641.0,1.3,990.0,872.0,680.5
NLIC,7/24/2013,1641.0,1660.0,1650.0,1652.0,0.67,1086.0,872.0,680.5
NLIC,7/25/2013,1652.0,1700.0,1652.0,1652.0,0.0,265.0,872.0,680.5
NLIC,7/28/2013,1652.0,1735.0,1685.0,1735.0,5.02,2247.0,872.0,680.5
NLIC,7/29/2013,1735.0,1750.0,1720.0,1735.0,0.0,2029.0,872.0,680.5
NLIC,7/30/2013,1735.0,1780.0,1710.0,1780.0,2.59,2798.0,872.0,680.5
NLIC,7/31/2013,1780.0,1855.0,1750.0,1818.0,2.13,1304.0,872.0,680.5
NLIC,8/1/2013,1818.0,1854.0,1770.0,1770.0,-2.64,4058.0,872.0,680.5
NLIC,8/4/2013,1770.0,1780.0,1740.0,1740.0,-1.69,3745.0,872.0,680.5
NLIC,8/5/2013,1740.0,1706.0,1662.0,1662.0,-4.48,2981.0,872.0,680.5
NLIC,8/6/2013,1662.0,1701.0,1600.0,1701.0,2.35,4910.0,872.0,680.5
NLIC,8/7/2013,1701.0,1725.0,1700.0,1725.0,1.41,2817.0,872.0,680.5
NLIC,8/8/2013,1725.0,1759.0,1725.0,1759.0,1.97,6265.0,872.0,680.5
NLIC,8/11/2013,1759.0,1769.0,1745.0,1769.0,0.57,1438.0,872.0,680.5
NLIC,8/12/2013,1769.0,1856.0,1769.0,1856.0,4.92,13345.0,872.0,680.5
NLIC,8/13/2013,1856.0,1880.0,1850.0,1860.0,0.22,2096.0,872.0,680.5
NLIC,8/14/2013,1860.0,1860.0,1850.0,1850.0,-0.54,1253.0,872.0,680.5
NLIC,8/15/2013,1850.0,1865.0,1849.0,1860.0,0.54,3510.0,872.0,680.5
NLIC,8/18/2013,1860.0,1860.0,1840.0,1860.0,0.0,2110.0,872.0,680.5
NLIC,8/19/2013,1860.0,1836.0,1800.0,1820.0,-2.15,1208.0,872.0,680.5
NLIC,8/20/2013,1820.0,1840.0,1790.0,1840.0,1.1,2894.0,872.0,680.5
NLIC,8/25/2013,1840.0,1829.0,1770.0,1829.0,-0.6,8826.0,872.0,680.5
NLIC,8/26/2013,1829.0,1815.0,1766.0,1810.0,-1.04,1386.0,872.0,680.5
NLIC,8/27/2013,1810.0,1830.0,1815.0,1815.0,0.28,1044.0,872.0,680.5
NLIC,8/29/2013,1815.0,1820.0,1785.0,1820.0,0.28,1397.0,872.0,680.5
NLIC,9/1/2013,1820.0,1856.0,1802.0,1856.0,1.98,2840.0,872.0,680.5
NLIC,9/2/2013,1856.0,1845.0,1826.0,1843.0,-0.7,2415.0,872.0,680.5
NLIC,9/3/2013,1843.0,1849.0,1830.0,1848.0,0.27,1185.0,872.0,680.5
NLIC,9/4/2013,1848.0,1845.0,1815.0,1830.0,-0.97,2681.0,872.0,680.5
NLIC,9/5/2013,1830.0,1810.0,1800.0,1810.0,-1.09,1252.0,872.0,680.5
NLIC,9/8/2013,1810.0,1820.0,1800.0,1810.0,0.0,702.0,872.0,680.5
NLIC,9/9/2013,1810.0,1865.0,1810.0,1865.0,3.04,1545.0,872.0,680.5
NLIC,9/10/2013,1865.0,1860.0,1828.0,1860.0,-0.27,645.0,872.0,680.5
NLIC,9/11/2013,1860.0,1897.0,1801.0,1897.0,1.99,3451.0,872.0,680.5
NLIC,9/12/2013,1897.0,1930.0,1892.0,1929.0,1.69,1047.0,872.0,680.5
NLIC,9/15/2013,1929.0,2010.0,1929.0,2010.0,4.2,1480.0,872.0,680.5
NLIC,9/16/2013,2010.0,2100.0,1988.0,2100.0,4.48,2995.0,872.0,680.5
NLIC,9/17/2013,2100.0,2245.0,2080.0,2200.0,4.76,4191.0,872.0,680.5
NLIC,9/19/2013,2200.0,2175.0,2060.0,2101.0,-4.5,1504.0,872.0,680.5
NLIC,9/22/2013,2101.0,2100.0,2010.0,2010.0,-4.33,1272.0,872.0,680.5
NLIC,9/23/2013,2010.0,2010.0,1931.0,1990.0,-1.0,1272.0,872.0,680.5
NLIC,9/24/2013,1990.0,2023.0,1960.0,2023.0,1.66,1870.0,872.0,680.5
NLIC,9/25/2013,2023.0,2028.0,1983.0,2028.0,0.25,3070.0,872.0,680.5
NLIC,9/26/2013,2028.0,2054.0,1980.0,2039.0,0.54,1957.0,872.0,680.5
NLIC,9/29/2013,2039.0,2060.0,2019.0,2060.0,1.03,560.0,872.0,680.5
NLIC,9/30/2013,2060.0,2100.0,2058.0,2080.0,0.97,1590.0,872.0,680.5
NLIC,10/1/2013,2080.0,2095.0,2080.0,2095.0,0.72,293.0,872.0,680.5
NLIC,10/2/2013,2095.0,2135.0,2100.0,2102.0,0.33,4323.0,872.0,680.5
NLIC,10/3/2013,2102.0,2100.0,2050.0,2075.0,-1.28,1519.0,872.0,680.5
NLIC,10/6/2013,2075.0,2109.0,2071.0,2100.0,1.2,907.0,872.0,680.5
NLIC,10/7/2013,2100.0,2129.0,2095.0,2106.0,0.29,1609.0,872.0,680.5
NLIC,10/8/2013,2106.0,2150.0,2140.0,2150.0,2.09,639.0,872.0,680.5
NLIC,10/9/2013,2150.0,2170.0,2080.0,2170.0,0.93,10451.0,872.0,680.5
NLIC,10/10/2013,2170.0,2175.0,2170.0,2170.0,0.0,1054.0,872.0,680.5
NLIC,10/20/2013,2170.0,2210.0,2200.0,2200.0,1.38,275.0,872.0,680.5
NLIC,10/21/2013,2200.0,2222.0,2200.0,2201.0,0.05,714.0,872.0,680.5
NLIC,10/22/2013,2201.0,2239.0,2180.0,2239.0,1.73,1034.0,872.0,680.5
NLIC,10/23/2013,2239.0,2249.0,2201.0,2201.0,-1.7,1318.0,872.0,680.5
NLIC,10/24/2013,2201.0,2225.0,2157.0,2225.0,1.09,7321.0,872.0,680.5
NLIC,10/27/2013,2225.0,2210.0,2210.0,2210.0,-0.67,76.0,872.0,680.5
NLIC,10/28/2013,2210.0,2210.0,2200.0,2205.0,-0.23,498.0,872.0,680.5
NLIC,10/29/2013,2205.0,2212.0,2200.0,2210.0,0.23,414.0,872.0,680.5
NLIC,10/30/2013,2210.0,2220.0,2210.0,2220.0,0.45,627.0,872.0,680.5
NLIC,10/31/2013,2220.0,2300.0,2220.0,2300.0,3.6,1189.0,872.0,680.5
NLIC,11/6/2013,2300.0,2280.0,2255.0,2280.0,-0.87,341.0,872.0,680.5
NLIC,11/7/2013,2280.0,2300.0,2266.0,2300.0,0.88,1599.0,872.0,680.5
NLIC,11/10/2013,2300.0,2308.0,2300.0,2308.0,0.35,217.0,872.0,680.5
NLIC,11/11/2013,2308.0,2370.0,2325.0,2370.0,2.69,471.0,872.0,680.5
NLIC,11/12/2013,2370.0,2400.0,2320.0,2400.0,1.27,3914.0,872.0,680.5
NLIC,11/13/2013,2400.0,2479.0,2405.0,2479.0,3.29,3432.0,872.0,680.5
NLIC,11/14/2013,2479.0,2500.0,2450.0,2450.0,-1.17,1228.0,872.0,680.5
NLIC,11/21/2013,2450.0,2695.0,2499.0,2695.0,10.0,638.0,872.0,680.5
NLIC,11/24/2013,2695.0,2964.0,2748.0,2964.0,9.98,665.0,872.0,680.5
NLIC,11/25/2013,2964.0,3060.0,2895.0,2940.0,-0.81,2152.0,872.0,680.5
NLIC,11/26/2013,2940.0,2958.0,2900.0,2930.0,-0.34,142.0,872.0,680.5
NLIC,11/27/2013,2930.0,2930.0,2865.0,2865.0,-2.22,625.0,872.0,680.5
NLIC,11/28/2013,2865.0,2922.0,2865.0,2865.0,0.0,731.0,872.0,680.5
NLIC,12/1/2013,2865.0,2900.0,2879.0,2895.0,1.05,937.0,872.0,680.5
NLIC,12/2/2013,2895.0,2904.0,2860.0,2860.0,-1.21,413.0,872.0,680.5
NLIC,12/3/2013,2860.0,2915.0,2890.0,2900.0,1.4,400.0,872.0,680.5
NLIC,12/4/2013,2900.0,2975.0,2900.0,2956.0,1.93,1360.0,872.0,680.5
NLIC,12/5/2013,2956.0,3060.0,2950.0,3005.0,1.66,1706.0,872.0,680.5
NLIC,12/8/2013,3005.0,3050.0,2990.0,3001.0,-0.13,1244.0,872.0,680.5
NLIC,12/9/2013,3001.0,3005.0,2930.0,2930.0,-2.37,896.0,872.0,680.5
NLIC,12/10/2013,2930.0,2958.0,2815.0,2958.0,0.96,2626.0,872.0,680.5
NLIC,12/11/2013,2958.0,3020.0,2960.0,3020.0,2.1,5581.0,872.0,680.5
NLIC,12/12/2013,3020.0,3086.0,3030.0,3065.0,1.49,2131.0,872.0,680.5
NLIC,12/15/2013,3065.0,3111.0,3040.0,3090.0,0.82,3913.0,872.0,680.5
NLIC,12/16/2013,3090.0,3130.0,3060.0,3130.0,1.29,765.0,872.0,680.5
NLIC,12/18/2013,3130.0,3150.0,3130.0,3150.0,0.64,550.0,872.0,680.5
NLIC,12/19/2013,3150.0,3350.0,3140.0,3280.0,4.13,3960.0,872.0,680.5
NLIC,12/22/2013,3280.0,3400.0,3234.0,3350.0,2.13,2186.0,872.0,680.5
NLIC,12/23/2013,3350.0,3550.0,3350.0,3510.0,4.78,1830.0,872.0,680.5
NLIC,12/24/2013,3510.0,3640.0,3580.0,3640.0,3.7,2223.0,872.0,680.5
NLIC,12/26/2013,3640.0,3700.0,3626.0,3650.0,0.27,477.0,872.0,680.5
NLIC,12/29/2013,3650.0,3600.0,3500.0,3506.0,-3.95,2362.0,872.0,680.5
NLIC,12/31/2013,3506.0,3576.0,3450.0,3508.0,0.06,1797.0,872.0,680.5
NLIC,1/1/2014,3508.0,3490.0,3301.0,3340.0,-4.79,760.0,872.0,680.5
NLIC,1/2/2014,3340.0,3450.0,3240.0,3450.0,3.29,966.0,872.0,680.5
NLIC,1/5/2014,3450.0,3425.0,3381.0,3381.0,-2.0,810.0,872.0,680.5
NLIC,1/6/2014,3381.0,3360.0,3314.0,3330.0,-1.51,288.0,872.0,680.5
NLIC,1/7/2014,3330.0,3450.0,3300.0,3371.0,1.23,1267.0,872.0,680.5
NLIC,1/8/2014,3371.0,3519.0,3304.0,3519.0,4.39,4737.0,872.0,680.5
NLIC,1/9/2014,3519.0,3570.0,3420.0,3500.0,-0.54,7831.0,872.0,680.5
NLIC,1/12/2014,3500.0,3570.0,3450.0,3500.0,0.0,3283.0,872.0,680.5
NLIC,1/13/2014,3500.0,3590.0,3450.0,3525.0,0.71,4216.0,872.0,680.5
NLIC,1/14/2014,3525.0,3575.0,3520.0,3550.0,0.71,5243.0,872.0,680.5
NLIC,1/16/2014,3550.0,3610.0,3500.0,3590.0,1.13,6339.0,872.0,680.5
NLIC,1/19/2014,3590.0,3600.0,3560.0,3561.0,-0.81,7495.0,872.0,680.5
NLIC,1/20/2014,3561.0,3610.0,3570.0,3590.0,0.81,1207.0,872.0,680.5
NLIC,1/21/2014,3590.0,3600.0,3555.0,3590.0,0.0,6746.0,872.0,680.5
NLIC,1/22/2014,3590.0,3661.0,3570.0,3630.0,1.11,6815.0,872.0,680.5
NLIC,1/23/2014,3630.0,3680.0,3580.0,3600.0,-0.83,6146.0,872.0,680.5
NLIC,1/26/2014,3600.0,3700.0,3640.0,3685.0,2.36,5836.0,872.0,680.5
NLIC,1/27/2014,3685.0,3745.0,3700.0,3700.0,0.41,5185.0,872.0,680.5
NLIC,1/28/2014,3700.0,3720.0,3650.0,3700.0,0.0,4186.0,872.0,680.5
NLIC,1/29/2014,3700.0,3700.0,3700.0,3700.0,0.0,4776.0,872.0,680.5
NLIC,2/2/2014,3700.0,3750.0,3660.0,3700.0,0.0,9488.0,872.0,680.5
NLIC,2/3/2014,3700.0,3725.0,3700.0,3725.0,0.68,1296.0,872.0,680.5
NLIC,2/4/2014,3725.0,3710.0,3690.0,3690.0,-0.94,767.0,872.0,680.5
NLIC,2/6/2014,3700.0,3750.0,3690.0,3700.0,0.27,5653.0,872.0,680.5
NLIC,2/9/2014,3700.0,3810.0,3700.0,3810.0,2.97,3140.0,872.0,680.5
NLIC,2/10/2014,3810.0,3963.0,3886.0,3900.0,2.36,4135.0,872.0,680.5
NLIC,2/11/2014,3900.0,3900.0,3800.0,3900.0,0.0,1602.0,872.0,680.5
NLIC,2/12/2014,3900.0,4050.0,3900.0,4050.0,3.85,2898.0,872.0,680.5
NLIC,2/13/2014,4050.0,4130.0,3970.0,4100.0,1.23,1256.0,872.0,680.5
NLIC,2/16/2014,4100.0,4145.0,4051.0,4120.0,0.49,1368.0,872.0,680.5
NLIC,2/17/2014,4120.0,4293.0,4102.0,4250.0,3.16,2474.0,872.0,680.5
NLIC,2/18/2014,4250.0,4401.0,4290.0,4381.0,3.08,2191.0,872.0,680.5
NLIC,2/20/2014,4381.0,4570.0,4360.0,4527.0,3.33,10674.0,872.0,680.5
NLIC,2/23/2014,4527.0,4920.0,4600.0,4875.0,7.69,1401.0,872.0,680.5
NLIC,2/24/2014,4875.0,4925.0,4458.0,4460.0,-8.51,5972.0,872.0,680.5
NLIC,2/25/2014,4460.0,4499.0,4322.0,4495.0,0.78,6185.0,872.0,680.5
NLIC,2/26/2014,4495.0,4550.0,4460.0,4520.0,0.56,6352.0,872.0,680.5
NLIC,3/3/2014,4520.0,4550.0,4498.0,4498.0,-0.49,5733.0,872.0,680.5
NLIC,3/4/2014,4498.0,4475.0,4430.0,4430.0,-1.51,2220.0,872.0,680.5
NLIC,3/5/2014,4430.0,4480.0,4410.0,4480.0,1.13,2012.0,872.0,680.5
NLIC,3/6/2014,4480.0,4600.0,4500.0,4600.0,2.68,2448.0,872.0,680.5
NLIC,3/9/2014,4600.0,4600.0,4540.0,4592.0,-0.17,1419.0,872.0,680.5
NLIC,3/10/2014,4592.0,4650.0,4525.0,4625.0,0.72,2971.0,872.0,680.5
NLIC,3/11/2014,4625.0,4575.0,4501.0,4525.0,-2.16,4059.0,872.0,680.5
NLIC,3/12/2014,4525.0,4600.0,4501.0,4525.0,0.0,3930.0,872.0,680.5
NLIC,3/13/2014,4525.0,4693.0,4525.0,4693.0,3.71,6151.0,872.0,680.5
NLIC,3/17/2014,4693.0,4650.0,4600.0,4600.0,-1.98,6751.0,872.0,680.5
NLIC,3/18/2014,4600.0,4625.0,4490.0,4550.0,-1.09,5276.0,872.0,680.5
NLIC,3/19/2014,4550.0,4560.0,4530.0,4540.0,-0.22,5714.0,872.0,680.5
NLIC,3/20/2014,4540.0,4600.0,4530.0,4600.0,1.32,6502.0,872.0,680.5
NLIC,3/23/2014,4550.0,4600.0,4508.0,4590.0,-0.22,6201.0,872.0,680.5
NLIC,3/24/2014,4590.0,4730.0,4600.0,4600.0,0.22,11240.0,872.0,680.5
NLIC,3/25/2014,4600.0,4660.0,4600.0,4650.0,1.09,7430.0,872.0,680.5
NLIC,3/26/2014,4650.0,4701.0,4580.0,4700.0,1.08,9154.0,872.0,680.5
NLIC,3/27/2014,4700.0,4800.0,4650.0,4800.0,2.13,7820.0,872.0,680.5
NLIC,3/31/2014,4800.0,5100.0,4800.0,5099.0,6.23,7148.0,872.0,680.5
NLIC,4/1/2014,5099.0,5109.0,5000.0,5055.0,-0.86,5411.0,872.0,680.5
NLIC,4/2/2014,5055.0,5070.0,5000.0,5050.0,-0.1,9493.0,872.0,680.5
NLIC,4/3/2014,5050.0,5020.0,4970.0,5020.0,-0.59,1290.0,872.0,680.5
NLIC,4/6/2014,5020.0,5300.0,5050.0,5210.0,3.78,10885.0,872.0,680.5
NLIC,4/7/2014,5210.0,5402.0,5150.0,5200.0,-0.19,6329.0,872.0,680.5
NLIC,4/9/2014,5200.0,5225.0,5170.0,5184.0,-0.31,5537.0,872.0,680.5
NLIC,4/10/2014,5184.0,5200.0,5130.0,5151.0,-0.64,2293.0,872.0,680.5
NLIC,4/13/2014,5151.0,5254.0,5101.0,5174.0,0.45,3553.0,872.0,680.5
NLIC,4/15/2014,5174.0,5200.0,5151.0,5200.0,0.5,3325.0,872.0,680.5
NLIC,4/16/2014,5200.0,5200.0,5150.0,5150.0,-0.96,922.0,872.0,680.5
NLIC,4/17/2014,5150.0,5355.0,5100.0,5355.0,3.98,2494.0,872.0,680.5
NLIC,4/20/2014,5355.0,5300.0,5200.0,5200.0,-2.89,530.0,872.0,680.5
NLIC,4/21/2014,5200.0,5150.0,5130.0,5130.0,-1.35,1070.0,872.0,680.5
NLIC,4/22/2014,5130.0,5232.0,5100.0,5232.0,1.99,1915.0,872.0,680.5
NLIC,4/23/2014,5232.0,5420.0,5100.0,5400.0,3.21,12008.0,872.0,680.5
NLIC,4/27/2014,5400.0,5550.0,5400.0,5550.0,2.78,1638.0,872.0,680.5
NLIC,4/28/2014,5550.0,5755.0,5550.0,5650.0,1.8,4103.0,872.0,680.5
NLIC,4/29/2014,5650.0,5725.0,5550.0,5670.0,0.35,5366.0,872.0,680.5
NLIC,4/30/2014,5670.0,5760.0,5570.0,5650.0,-0.35,13544.0,872.0,680.5
NLIC,5/6/2014,3324.0,3656.0,3390.0,3656.0,-35.29,1496.0,872.0,680.5
NLIC,5/7/2014,3656.0,4021.0,3729.0,4021.0,9.98,7821.0,872.0,680.5
NLIC,5/8/2014,4021.0,4183.0,3900.0,3905.0,-2.88,2079.0,872.0,680.5
NLIC,5/11/2014,3905.0,3910.0,3800.0,3800.0,-2.69,225.0,872.0,680.5
NLIC,5/12/2014,3800.0,4010.0,3870.0,3870.0,1.84,1020.0,872.0,680.5
NLIC,5/13/2014,3870.0,3900.0,3800.0,3800.0,-1.81,4273.0,872.0,680.5
NLIC,5/15/2014,3800.0,3800.0,3724.0,3798.0,-0.05,855.0,872.0,680.5
NLIC,5/18/2014,3798.0,3873.0,3714.0,3873.0,1.97,560.0,872.0,680.5
NLIC,5/19/2014,3873.0,3870.0,3724.0,3870.0,-0.08,310.0,872.0,680.5
NLIC,5/20/2014,3870.0,3815.0,3685.0,3815.0,-1.42,1293.0,872.0,680.5
NLIC,5/21/2014,3815.0,3817.0,3770.0,3817.0,0.05,907.0,872.0,680.5
NLIC,5/22/2014,3817.0,3810.0,3750.0,3810.0,-0.18,451.0,872.0,680.5
NLIC,5/25/2014,3810.0,3750.0,3650.0,3700.0,-2.89,909.0,872.0,680.5
NLIC,5/26/2014,3700.0,3680.0,3601.0,3605.0,-2.57,1425.0,872.0,680.5
NLIC,5/27/2014,3605.0,3700.0,3610.0,3660.0,1.53,2532.0,872.0,680.5
NLIC,5/28/2014,3660.0,3820.0,3600.0,3820.0,4.37,631.0,872.0,680.5
NLIC,6/1/2014,3820.0,3795.0,3641.0,3641.0,-4.69,1382.0,872.0,680.5
NLIC,6/2/2014,3641.0,3837.0,3560.0,3837.0,5.38,7275.0,872.0,680.5
NLIC,6/3/2014,3837.0,3761.0,3612.0,3760.0,-2.01,4924.0,872.0,680.5
NLIC,6/4/2014,3760.0,3760.0,3601.0,3640.0,-3.19,1888.0,872.0,680.5
NLIC,6/5/2014,3640.0,3660.0,3575.0,3660.0,0.55,1922.0,872.0,680.5
NLIC,6/8/2014,3660.0,3600.0,3541.0,3550.0,-3.01,2100.0,872.0,680.5
NLIC,6/9/2014,3550.0,3596.0,3535.0,3540.0,-0.28,1491.0,872.0,680.5
NLIC,6/10/2014,3540.0,3535.0,3526.0,3530.0,-0.28,400.0,872.0,680.5
NLIC,6/11/2014,3530.0,3610.0,3530.0,3550.0,0.57,2962.0,872.0,680.5
NLIC,6/12/2014,3550.0,3600.0,3550.0,3565.0,0.42,3379.0,872.0,680.5
NLIC,6/15/2014,3565.0,3630.0,3565.0,3580.0,0.42,920.0,872.0,680.5
NLIC,6/16/2014,3580.0,3672.0,3550.0,3672.0,2.57,4650.0,872.0,680.5
NLIC,6/17/2014,3672.0,3660.0,3545.0,3560.0,-3.05,2073.0,872.0,680.5
NLIC,6/18/2014,3560.0,3700.0,3550.0,3680.0,3.37,1205.0,872.0,680.5
NLIC,6/19/2014,3680.0,3700.0,3650.0,3670.0,-0.27,802.0,872.0,680.5
NLIC,6/23/2014,3670.0,3670.0,3610.0,3670.0,0.0,1541.0,872.0,680.5
NLIC,6/24/2014,3670.0,3729.0,3699.0,3720.0,1.36,2397.0,872.0,680.5
NLIC,6/25/2014,3720.0,3750.0,3700.0,3740.0,0.54,1001.0,872.0,680.5
NLIC,6/26/2014,3740.0,3850.0,3700.0,3825.0,2.27,4780.0,872.0,680.5
NLIC,6/29/2014,3825.0,3870.0,3750.0,3850.0,0.65,1686.0,872.0,680.5
NLIC,6/30/2014,3850.0,3900.0,3783.0,3900.0,1.3,5851.0,872.0,680.5
NLIC,7/1/2014,3900.0,4225.0,3930.0,4182.0,7.23,4097.0,872.0,680.5
NLIC,7/2/2014,4182.0,4426.0,4190.0,4350.0,4.02,8039.0,872.0,680.5
NLIC,7/3/2014,4350.0,4420.0,4205.0,4314.0,-0.83,2712.0,872.0,680.5
NLIC,7/6/2014,4314.0,4448.0,4320.0,4444.0,3.01,6844.0,872.0,680.5
NLIC,7/7/2014,4444.0,4550.0,4460.0,4500.0,1.26,4265.0,872.0,680.5
NLIC,7/8/2014,4500.0,4520.0,4480.0,4500.0,0.0,1928.0,872.0,680.5
NLIC,7/9/2014,4500.0,4412.0,4225.0,4309.0,-4.24,365.0,872.0,680.5
NLIC,7/10/2014,4309.0,4310.0,4225.0,4255.0,-1.25,5647.0,872.0,680.5
NLIC,7/13/2014,4255.0,4335.0,4250.0,4300.0,1.06,857.0,872.0,680.5
NLIC,7/14/2014,4300.0,4314.0,4220.0,4314.0,0.33,1038.0,872.0,680.5
NLIC,7/15/2014,4314.0,4400.0,4310.0,4380.0,1.53,3320.0,872.0,680.5
NLIC,7/16/2014,4380.0,4400.0,4321.0,4351.0,-0.66,872.0,872.0,680.5
NLIC,7/17/2014,4351.0,4450.0,4361.0,4361.0,0.23,2816.0,872.0,680.5
NLIC,7/20/2014,4361.0,4533.0,4440.0,4500.0,3.19,2265.0,872.0,680.5
NLIC,7/21/2014,4500.0,4565.0,4480.0,4560.0,1.33,2203.0,872.0,680.5
NLIC,7/22/2014,4560.0,4540.0,4480.0,4540.0,-0.44,867.0,872.0,680.5
NLIC,7/23/2014,4540.0,4510.0,4450.0,4450.0,-1.98,1161.0,872.0,680.5
NLIC,7/24/2014,4450.0,4530.0,4400.0,4400.0,-1.12,1314.0,872.0,680.5
NLIC,7/27/2014,4400.0,4540.0,4400.0,4451.0,1.16,1775.0,872.0,680.5
NLIC,7/28/2014,4451.0,4499.0,4450.0,4450.0,-0.02,68.0,872.0,680.5
NLIC,7/30/2014,4450.0,4450.0,4380.0,4400.0,-1.12,1134.0,872.0,680.5
NLIC,7/31/2014,4400.0,4500.0,4400.0,4500.0,2.27,945.0,872.0,680.5
NLIC,8/3/2014,4500.0,4532.0,4480.0,4480.0,-0.44,1542.0,872.0,680.5
NLIC,8/4/2014,4480.0,4490.0,4450.0,4450.0,-0.67,568.0,872.0,680.5
NLIC,8/5/2014,4450.0,4521.0,4470.0,4470.0,0.45,567.0,872.0,680.5
NLIC,8/6/2014,4470.0,4505.0,4460.0,4500.0,0.67,1878.0,872.0,680.5
NLIC,8/7/2014,4500.0,4500.0,4410.0,4488.0,-0.27,2849.0,872.0,680.5
NLIC,8/12/2014,4488.0,4425.0,4420.0,4425.0,-1.4,80.0,872.0,680.5
NLIC,8/13/2014,4425.0,4475.0,4449.0,4475.0,1.13,928.0,872.0,680.5
NLIC,8/14/2014,4475.0,4520.0,4460.0,4520.0,1.01,1991.0,872.0,680.5
NLIC,8/18/2014,4520.0,4610.0,4465.0,4465.0,-1.22,4654.0,872.0,680.5
NLIC,8/19/2014,4465.0,4510.0,4477.0,4500.0,0.78,2215.0,872.0,680.5
NLIC,8/20/2014,4500.0,4495.0,4400.0,4400.0,-2.22,1827.0,872.0,680.5
NLIC,8/21/2014,4400.0,4312.0,4142.0,4302.0,-2.23,1259.0,872.0,680.5
NLIC,8/24/2014,4302.0,4300.0,4200.0,4230.0,-1.67,423.0,872.0,680.5
NLIC,8/25/2014,4230.0,4146.0,3963.0,3963.0,-6.31,130.0,872.0,680.5
NLIC,8/26/2014,3963.0,4042.0,3760.0,3760.0,-5.12,1218.0,872.0,680.5
NLIC,8/27/2014,3760.0,4136.0,3790.0,4002.0,6.44,2382.0,872.0,680.5
NLIC,8/28/2014,4002.0,4230.0,4082.0,4146.0,3.6,678.0,872.0,680.5
NLIC,8/31/2014,4146.0,4100.0,3920.0,3990.0,-3.76,1266.0,872.0,680.5
NLIC,9/1/2014,3990.0,3990.0,3911.0,3911.0,-1.98,400.0,872.0,680.5
NLIC,9/3/2014,3911.0,3905.0,3810.0,3810.0,-2.58,2182.0,872.0,680.5
NLIC,9/4/2014,3810.0,3770.0,3700.0,3750.0,-1.57,2034.0,872.0,680.5
NLIC,9/7/2014,3750.0,3750.0,3580.0,3580.0,-4.53,2289.0,872.0,680.5
NLIC,9/9/2014,3580.0,3775.0,3650.0,3702.0,3.41,809.0,872.0,680.5
NLIC,9/10/2014,3702.0,3851.0,3750.0,3750.0,1.3,1771.0,872.0,680.5
NLIC,9/11/2014,3750.0,3715.0,3700.0,3715.0,-0.93,940.0,872.0,680.5
NLIC,9/14/2014,3715.0,3750.0,3715.0,3750.0,0.94,1411.0,872.0,680.5
NLIC,9/15/2014,3750.0,3850.0,3800.0,3850.0,2.67,450.0,872.0,680.5
NLIC,9/16/2014,3850.0,3920.0,3825.0,3920.0,1.82,3854.0,872.0,680.5
NLIC,9/17/2014,3920.0,3939.0,3842.0,3875.0,-1.15,1276.0,872.0,680.5
NLIC,9/18/2014,3875.0,3860.0,3775.0,3810.0,-1.68,2209.0,872.0,680.5
NLIC,9/21/2014,3810.0,3785.0,3720.0,3732.0,-2.05,1321.0,872.0,680.5
NLIC,9/22/2014,3732.0,3702.0,3660.0,3700.0,-0.86,2849.0,872.0,680.5
NLIC,9/23/2014,3700.0,3790.0,3725.0,3765.0,1.76,1911.0,872.0,680.5
NLIC,9/24/2014,3765.0,3850.0,3771.0,3850.0,2.26,536.0,872.0,680.5
NLIC,9/28/2014,3850.0,3978.0,3900.0,3978.0,3.32,196.0,872.0,680.5
NLIC,9/29/2014,3978.0,4264.0,4040.0,4245.0,6.71,1045.0,872.0,680.5
NLIC,9/30/2014,4245.0,4420.0,4200.0,4260.0,0.35,1425.0,872.0,680.5
NLIC,10/8/2014,4260.0,4295.0,4130.0,4130.0,-3.05,523.0,872.0,680.5
NLIC,10/9/2014,4130.0,4150.0,4130.0,4150.0,0.48,208.0,872.0,680.5
NLIC,10/12/2014,4150.0,4080.0,3980.0,3999.0,-3.64,1548.0,872.0,680.5
NLIC,10/13/2014,3999.0,4020.0,3900.0,4000.0,0.03,868.0,872.0,680.5
NLIC,10/14/2014,4000.0,4050.0,4000.0,4030.0,0.75,738.0,872.0,680.5
NLIC,10/15/2014,4030.0,4139.0,4050.0,4070.0,0.99,528.0,872.0,680.5
NLIC,10/16/2014,4070.0,4200.0,4100.0,4184.0,2.8,2017.0,872.0,680.5
NLIC,10/19/2014,4184.0,4260.0,4130.0,4260.0,1.82,1016.0,872.0,680.5
NLIC,10/20/2014,4260.0,4300.0,4240.0,4260.0,0.0,973.0,872.0,680.5
NLIC,10/21/2014,4260.0,4270.0,4190.0,4200.0,-1.41,2468.0,872.0,680.5
NLIC,10/22/2014,4200.0,4280.0,4130.0,4250.0,1.19,3593.0,872.0,680.5
NLIC,10/26/2014,4250.0,4300.0,4225.0,4250.0,0.0,780.0,872.0,680.5
NLIC,10/27/2014,4250.0,4435.0,4250.0,4400.0,3.53,5273.0,872.0,680.5
NLIC,10/28/2014,4400.0,4430.0,4390.0,4400.0,0.0,2841.0,872.0,680.5
NLIC,10/30/2014,4400.0,4480.0,4405.0,4450.0,1.14,1384.0,872.0,680.5
NLIC,11/2/2014,4450.0,4510.0,4460.0,4465.0,0.34,1990.0,872.0,680.5
NLIC,11/3/2014,4465.0,4400.0,4300.0,4316.0,-3.34,1721.0,872.0,680.5
NLIC,11/4/2014,4316.0,4290.0,4201.0,4225.0,-2.11,2768.0,872.0,680.5
NLIC,11/5/2014,4225.0,4300.0,4175.0,4269.0,1.04,2779.0,872.0,680.5
NLIC,11/6/2014,4269.0,4300.0,4200.0,4230.0,-0.91,4667.0,872.0,680.5
NLIC,11/9/2014,4230.0,4235.0,4170.0,4180.0,-1.18,1318.0,872.0,680.5
NLIC,11/10/2014,4180.0,4161.0,4105.0,4161.0,-0.45,1711.0,872.0,680.5
NLIC,11/11/2014,4161.0,4162.0,4000.0,4162.0,0.02,5520.0,872.0,680.5
NLIC,11/12/2014,4162.0,4199.0,4130.0,4130.0,-0.77,473.0,872.0,680.5
NLIC,11/13/2014,4130.0,4170.0,4048.0,4125.0,-0.12,3836.0,872.0,680.5
NLIC,11/16/2014,4125.0,4149.0,4000.0,4000.0,-3.03,5358.0,872.0,680.5
NLIC,11/17/2014,4000.0,4000.0,3927.0,4000.0,0.0,1209.0,872.0,680.5
NLIC,11/18/2014,4000.0,4000.0,3871.0,3990.0,-0.25,4426.0,872.0,680.5
NLIC,11/19/2014,3990.0,4004.0,3920.0,4004.0,0.35,4121.0,872.0,680.5
NLIC,11/20/2014,4004.0,4010.0,3990.0,4010.0,0.15,2704.0,872.0,680.5
NLIC,11/23/2014,4010.0,4105.0,4000.0,4000.0,-0.25,6176.0,872.0,680.5
NLIC,11/24/2014,4000.0,4020.0,3961.0,4000.0,0.0,3544.0,872.0,680.5
NLIC,11/25/2014,4000.0,4000.0,3970.0,3985.0,-0.38,530.0,872.0,680.5
NLIC,11/30/2014,3985.0,3994.0,3935.0,3950.0,-0.88,3086.0,872.0,680.5
NLIC,12/1/2014,3950.0,3941.0,3890.0,3900.0,-1.27,2080.0,872.0,680.5
NLIC,12/2/2014,3900.0,3895.0,3800.0,3895.0,-0.13,2189.0,872.0,680.5
NLIC,12/3/2014,3895.0,3935.0,3870.0,3870.0,-0.64,1123.0,872.0,680.5
NLIC,12/4/2014,3870.0,3930.0,3820.0,3830.0,-1.03,3621.0,872.0,680.5
NLIC,12/7/2014,3830.0,3869.0,3829.0,3869.0,1.02,1413.0,872.0,680.5
NLIC,12/8/2014,3869.0,3880.0,3800.0,3801.0,-1.76,2532.0,872.0,680.5
NLIC,12/9/2014,3801.0,3840.0,3771.0,3790.0,-0.29,7280.0,872.0,680.5
NLIC,12/10/2014,3790.0,3860.0,3790.0,3796.0,0.16,1824.0,872.0,680.5
NLIC,12/11/2014,3796.0,3850.0,3800.0,3820.0,0.63,2048.0,872.0,680.5
NLIC,12/14/2014,3820.0,4000.0,3896.0,3950.0,3.4,1779.0,872.0,680.5
NLIC,12/15/2014,3950.0,4029.0,3900.0,3960.0,0.25,2102.0,872.0,680.5
NLIC,12/17/2014,3960.0,3905.0,3890.0,3901.0,-1.49,3290.0,872.0,680.5
NLIC,12/18/2014,3901.0,4000.0,3950.0,3970.0,1.77,1742.0,872.0,680.5
NLIC,12/21/2014,3970.0,4000.0,3968.0,3997.0,0.68,1500.0,872.0,680.5
NLIC,12/22/2014,3997.0,4030.0,3850.0,3980.0,-0.43,2796.0,872.0,680.5
NLIC,12/23/2014,3980.0,3988.0,3901.0,3980.0,0.0,575.0,872.0,680.5
NLIC,12/24/2014,3980.0,4015.0,3970.0,3991.0,0.28,2667.0,872.0,680.5
NLIC,12/28/2014,3991.0,4051.0,3993.0,4051.0,1.5,1416.0,872.0,680.5
NLIC,12/29/2014,4051.0,4073.0,4040.0,4060.0,0.22,1284.0,872.0,680.5
NLIC,12/31/2014,4060.0,4085.0,4055.0,4062.0,0.05,1957.0,872.0,680.5
NLIC,1/1/2015,4062.0,4130.0,4070.0,4072.0,0.25,1799.0,872.0,680.5
NLIC,1/4/2015,4072.0,4245.0,4050.0,4245.0,4.25,3245.0,872.0,680.5
NLIC,1/5/2015,4245.0,4330.0,4216.0,4299.0,1.27,4651.0,872.0,680.5
NLIC,1/6/2015,4299.0,4346.0,4256.0,4346.0,1.09,3497.0,872.0,680.5
NLIC,1/7/2015,4346.0,4400.0,4280.0,4400.0,1.24,3772.0,872.0,680.5
NLIC,1/8/2015,4400.0,4500.0,4330.0,4400.0,0.0,2505.0,872.0,680.5
NLIC,1/11/2015,4400.0,4505.0,4420.0,4460.0,1.36,4819.0,872.0,680.5
NLIC,1/12/2015,4460.0,4420.0,4374.0,4408.0,-1.17,1522.0,872.0,680.5
NLIC,1/13/2015,4408.0,4595.0,4360.0,4595.0,4.24,2137.0,872.0,680.5
NLIC,1/14/2015,4595.0,4600.0,4500.0,4539.0,-1.22,3418.0,872.0,680.5
NLIC,1/18/2015,4539.0,4605.0,4535.0,4540.0,0.02,3960.0,872.0,680.5
NLIC,1/19/2015,4540.0,4721.0,4475.0,4590.0,1.1,6378.0,872.0,680.5
NLIC,1/20/2015,4590.0,4575.0,4510.0,4510.0,-1.74,745.0,872.0,680.5
NLIC,1/22/2015,4510.0,4525.0,4470.0,4525.0,0.33,1187.0,872.0,680.5
NLIC,1/25/2015,4525.0,4570.0,4525.0,4525.0,0.0,1744.0,872.0,680.5
NLIC,1/26/2015,4525.0,4575.0,4500.0,4544.0,0.42,2045.0,872.0,680.5
NLIC,1/27/2015,4544.0,4539.0,4510.0,4535.0,-0.2,778.0,872.0,680.5
NLIC,1/28/2015,4535.0,4550.0,4525.0,4540.0,0.11,1615.0,872.0,680.5
NLIC,1/29/2015,4540.0,4574.0,4520.0,4535.0,-0.11,1057.0,872.0,680.5
NLIC,2/1/2015,4535.0,4510.0,4490.0,4510.0,-0.55,1368.0,872.0,680.5
NLIC,2/2/2015,4510.0,4530.0,4500.0,4510.0,0.0,2454.0,872.0,680.5
NLIC,2/3/2015,4510.0,4520.0,4480.0,4500.0,-0.22,1839.0,872.0,680.5
NLIC,2/4/2015,4500.0,4520.0,4490.0,4490.0,-0.22,1859.0,872.0,680.5
NLIC,2/5/2015,4490.0,4495.0,4460.0,4480.0,-0.22,1343.0,872.0,680.5
NLIC,2/8/2015,4480.0,4525.0,4500.0,4520.0,0.89,3190.0,872.0,680.5
NLIC,2/9/2015,4520.0,4550.0,4500.0,4500.0,-0.44,1963.0,872.0,680.5
NLIC,2/10/2015,4500.0,4550.0,4511.0,4529.0,0.64,2494.0,872.0,680.5
NLIC,2/11/2015,4529.0,4560.0,4455.0,4547.0,0.4,2430.0,872.0,680.5
NLIC,2/12/2015,4547.0,4563.0,4530.0,4555.0,0.18,3794.0,872.0,680.5
NLIC,2/15/2015,4555.0,4650.0,4570.0,4620.0,1.43,1084.0,872.0,680.5
NLIC,2/16/2015,4620.0,4660.0,4600.0,4625.0,0.11,2223.0,872.0,680.5
NLIC,2/18/2015,4625.0,4650.0,4600.0,4635.0,0.22,1660.0,872.0,680.5
NLIC,2/22/2015,4635.0,4700.0,4650.0,4685.0,1.08,7642.0,872.0,680.5
NLIC,2/23/2015,4685.0,4700.0,4685.0,4685.0,0.0,1779.0,872.0,680.5
NLIC,2/24/2015,4685.0,4689.0,4650.0,4668.0,-0.36,852.0,872.0,680.5
NLIC,2/25/2015,4668.0,4780.0,4660.0,4689.0,0.45,1347.0,872.0,680.5
NLIC,2/26/2015,4689.0,4820.0,4680.0,4820.0,2.79,1408.0,872.0,680.5
NLIC,3/1/2015,4820.0,4850.0,4800.0,4801.0,-0.39,422.0,872.0,680.5
NLIC,3/2/2015,4801.0,4890.0,4795.0,4890.0,1.85,1826.0,872.0,680.5
NLIC,3/3/2015,4890.0,4850.0,4800.0,4820.0,-1.43,1759.0,872.0,680.5
NLIC,3/4/2015,4820.0,4900.0,4800.0,4900.0,1.66,2980.0,872.0,680.5
NLIC,3/9/2015,4900.0,4998.0,4850.0,4860.0,-0.82,1677.0,872.0,680.5
NLIC,3/10/2015,4860.0,4815.0,4763.0,4795.0,-1.34,2301.0,872.0,680.5
NLIC,3/11/2015,4795.0,4794.0,4700.0,4794.0,-0.02,441.0,872.0,680.5
NLIC,3/12/2015,4794.0,4700.0,4641.0,4641.0,-3.19,1582.0,872.0,680.5
NLIC,3/15/2015,4641.0,4600.0,4510.0,4510.0,-2.82,1091.0,872.0,680.5
NLIC,3/16/2015,4510.0,4580.0,4460.0,4540.0,0.67,1138.0,872.0,680.5
NLIC,3/17/2015,4540.0,4540.0,4515.0,4540.0,0.0,381.0,872.0,680.5
NLIC,3/18/2015,4540.0,4675.0,4545.0,4675.0,2.97,836.0,872.0,680.5
NLIC,3/19/2015,4675.0,4700.0,4645.0,4650.0,-0.53,1913.0,872.0,680.5
NLIC,3/22/2015,4650.0,4640.0,4620.0,4620.0,-0.65,376.0,872.0,680.5
NLIC,3/23/2015,4620.0,4600.0,4500.0,4520.0,-2.16,1510.0,872.0,680.5
NLIC,3/24/2015,4520.0,4500.0,4465.0,4465.0,-1.22,263.0,872.0,680.5
NLIC,3/25/2015,4465.0,4550.0,4450.0,4545.0,1.79,4531.0,872.0,680.5
NLIC,3/26/2015,4545.0,4590.0,4550.0,4551.0,0.13,9099.0,872.0,680.5
NLIC,3/29/2015,4551.0,4550.0,4510.0,4530.0,-0.46,2040.0,872.0,680.5
NLIC,3/30/2015,4530.0,4485.0,4475.0,4480.0,-1.1,1434.0,872.0,680.5
NLIC,3/31/2015,4480.0,4549.0,4480.0,4540.0,1.34,2646.0,872.0,680.5
NLIC,4/1/2015,4540.0,4520.0,4460.0,4490.0,-1.1,1685.0,872.0,680.5
NLIC,4/2/2015,4490.0,4500.0,4444.0,4500.0,0.22,299.0,872.0,680.5
NLIC,4/5/2015,4500.0,4530.0,4465.0,4485.0,-0.33,1620.0,872.0,680.5
NLIC,4/6/2015,4485.0,4650.0,4480.0,4485.0,0.0,12691.0,872.0,680.5
NLIC,4/7/2015,4485.0,4530.0,4450.0,4460.0,-0.56,10203.0,872.0,680.5
NLIC,4/8/2015,4460.0,4570.0,4375.0,4381.0,-1.77,10171.0,872.0,680.5
NLIC,4/9/2015,4381.0,4420.0,4325.0,4400.0,0.43,8365.0,872.0,680.5
NLIC,4/12/2015,4400.0,4555.0,4434.0,4435.0,0.8,3139.0,872.0,680.5
NLIC,4/13/2015,4435.0,4441.0,4409.0,4413.0,-0.5,4545.0,872.0,680.5
NLIC,4/15/2015,4413.0,4405.0,4320.0,4374.0,-0.88,2366.0,872.0,680.5
NLIC,4/16/2015,4374.0,4399.0,4342.0,4365.0,-0.21,3218.0,872.0,680.5
NLIC,4/19/2015,4365.0,4388.0,4350.0,4375.0,0.23,3015.0,872.0,680.5
NLIC,4/20/2015,4375.0,4376.0,4340.0,4345.0,-0.69,2476.0,872.0,680.5
NLIC,4/21/2015,4345.0,4400.0,4240.0,4240.0,-2.42,5370.0,872.0,680.5
NLIC,4/22/2015,4240.0,4280.0,4180.0,4190.0,-1.18,2289.0,872.0,680.5
NLIC,4/23/2015,4190.0,4200.0,4050.0,4101.0,-2.12,14331.0,872.0,680.5
NLIC,5/24/2015,4101.0,4019.0,3691.0,3691.0,-10.0,1357.0,872.0,680.5
NLIC,5/25/2015,3691.0,3618.0,3380.0,3592.0,-2.68,19744.0,872.0,680.5
NLIC,5/26/2015,2245.0,2425.0,2245.0,2390.0,-33.46,2528.0,872.0,680.5
NLIC,5/27/2015,2390.0,2360.0,2310.0,2355.0,-1.46,1385.0,872.0,680.5
NLIC,5/28/2015,2355.0,2390.0,2350.0,2375.0,0.85,2151.0,872.0,680.5
NLIC,5/31/2015,2375.0,2450.0,2400.0,2418.0,1.81,2436.0,872.0,680.5
NLIC,6/1/2015,2418.0,2526.0,2465.0,2505.0,3.6,3129.0,872.0,680.5
NLIC,6/2/2015,2505.0,2755.0,2500.0,2755.0,9.98,3959.0,872.0,680.5
NLIC,6/3/2015,2755.0,2923.0,2770.0,2801.0,1.67,6661.0,872.0,680.5
NLIC,6/4/2015,2801.0,2910.0,2780.0,2830.0,1.04,4539.0,872.0,680.5
NLIC,6/7/2015,2830.0,2885.0,2815.0,2815.0,-0.53,3453.0,872.0,680.5
NLIC,6/8/2015,2815.0,2870.0,2810.0,2840.0,0.89,6791.0,872.0,680.5
NLIC,6/9/2015,2840.0,2975.0,2842.0,2890.0,1.76,7031.0,872.0,680.5
NLIC,6/10/2015,2890.0,2850.0,2810.0,2811.0,-2.73,1970.0,872.0,680.5
NLIC,6/11/2015,2811.0,2810.0,2751.0,2757.0,-1.92,899.0,872.0,680.5
NLIC,6/14/2015,2757.0,2770.0,2675.0,2700.0,-2.07,2392.0,872.0,680.5
NLIC,6/15/2015,2700.0,2760.0,2700.0,2746.0,1.7,12898.0,872.0,680.5
NLIC,6/16/2015,2746.0,2809.0,2750.0,2760.0,0.51,3444.0,872.0,680.5
NLIC,6/17/2015,2760.0,2800.0,2750.0,2750.0,-0.36,2045.0,872.0,680.5
NLIC,6/18/2015,2750.0,2785.0,2710.0,2745.0,-0.18,2517.0,872.0,680.5
NLIC,6/21/2015,2745.0,2730.0,2706.0,2715.0,-1.09,2945.0,872.0,680.5
NLIC,6/22/2015,2715.0,2750.0,2700.0,2722.0,0.26,7004.0,872.0,680.5
NLIC,6/23/2015,2722.0,2790.0,2736.0,2736.0,0.51,4700.0,872.0,680.5
NLIC,6/24/2015,2736.0,2784.0,2740.0,2751.0,0.55,3580.0,872.0,680.5
NLIC,6/25/2015,2751.0,2780.0,2751.0,2760.0,0.33,4951.0,872.0,680.5
NLIC,6/28/2015,2760.0,2811.0,2775.0,2800.0,1.45,13923.0,872.0,680.5
NLIC,6/29/2015,2800.0,2960.0,2855.0,2900.0,3.57,17446.0,872.0,680.5
NLIC,6/30/2015,2900.0,2910.0,2855.0,2900.0,0.0,14487.0,872.0,680.5
NLIC,7/1/2015,2900.0,2935.0,2880.0,2909.0,0.31,9759.0,872.0,680.5
NLIC,7/2/2015,2909.0,2900.0,2875.0,2890.0,-0.65,2366.0,872.0,680.5
NLIC,7/5/2015,2890.0,2905.0,2885.0,2900.0,0.35,3540.0,872.0,680.5
NLIC,7/6/2015,2900.0,2903.0,2878.0,2890.0,-0.34,4955.0,872.0,680.5
NLIC,7/7/2015,2890.0,2895.0,2880.0,2880.0,-0.35,1981.0,872.0,680.5
NLIC,7/8/2015,2880.0,2901.0,2870.0,2896.0,0.56,2181.0,872.0,680.5
NLIC,7/9/2015,2896.0,2891.0,2880.0,2889.0,-0.24,2970.0,872.0,680.5
NLIC,7/12/2015,2889.0,2890.0,2870.0,2886.0,-0.1,2028.0,872.0,680.5
NLIC,7/13/2015,2886.0,2900.0,2882.0,2882.0,-0.14,2087.0,872.0,680.5
NLIC,7/14/2015,2882.0,2885.0,2874.0,2879.0,-0.1,1494.0,872.0,680.5
NLIC,7/15/2015,2879.0,2886.0,2873.0,2885.0,0.21,2666.0,872.0,680.5
NLIC,7/16/2015,2885.0,2894.0,2875.0,2886.0,0.03,3813.0,872.0,680.5
NLIC,7/22/2015,2886.0,2904.0,2894.0,2898.0,0.42,12651.0,872.0,680.5
NLIC,7/23/2015,2898.0,2958.0,2895.0,2958.0,2.07,5524.0,872.0,680.5
NLIC,7/26/2015,2958.0,3253.0,3017.0,3253.0,9.97,585.0,872.0,680.5
NLIC,7/27/2015,3253.0,3253.0,2970.0,3000.0,-7.78,9071.0,872.0,680.5
NLIC,7/28/2015,3000.0,3060.0,2985.0,3000.0,0.0,2207.0,872.0,680.5
NLIC,7/29/2015,3000.0,3000.0,2980.0,2980.0,-0.67,3390.0,872.0,680.5
NLIC,7/30/2015,2980.0,3015.0,2980.0,3000.0,0.67,9829.0,872.0,680.5
NLIC,8/2/2015,3000.0,3001.0,2995.0,3000.0,0.0,1239.0,872.0,680.5
NLIC,8/3/2015,3000.0,3009.0,2991.0,3009.0,0.3,8301.0,872.0,680.5
NLIC,8/4/2015,3009.0,3035.0,3000.0,3030.0,0.7,3148.0,872.0,680.5
NLIC,8/5/2015,3030.0,3170.0,3020.0,3170.0,4.62,4174.0,872.0,680.5
NLIC,8/6/2015,3170.0,3230.0,3170.0,3200.0,0.95,10176.0,872.0,680.5
NLIC,8/9/2015,3200.0,3264.0,3200.0,3210.0,0.31,4706.0,872.0,680.5
NLIC,8/10/2015,3210.0,3271.0,3216.0,3255.0,1.4,4358.0,872.0,680.5
NLIC,8/11/2015,3255.0,3300.0,3225.0,3245.0,-0.31,2229.0,872.0,680.5
NLIC,8/12/2015,3245.0,3300.0,3240.0,3250.0,0.15,5093.0,872.0,680.5
NLIC,8/13/2015,3250.0,3250.0,3235.0,3240.0,-0.31,3486.0,872.0,680.5
NLIC,8/16/2015,3240.0,3270.0,3249.0,3250.0,0.31,1879.0,872.0,680.5
NLIC,8/17/2015,3250.0,3259.0,3200.0,3255.0,0.15,6562.0,872.0,680.5
NLIC,8/18/2015,3255.0,3290.0,3230.0,3240.0,-0.46,6991.0,872.0,680.5
NLIC,8/19/2015,3240.0,3290.0,3227.0,3285.0,1.39,4122.0,872.0,680.5
NLIC,8/20/2015,3285.0,3345.0,3287.0,3300.0,0.46,4661.0,872.0,680.5
NLIC,8/23/2015,3300.0,3364.0,3250.0,3280.0,-0.61,4841.0,872.0,680.5
NLIC,8/24/2015,3280.0,3385.0,3340.0,3370.0,2.74,4128.0,872.0,680.5
NLIC,8/25/2015,3370.0,3350.0,3303.0,3340.0,-0.89,530.0,872.0,680.5
NLIC,8/26/2015,3340.0,3390.0,3353.0,3370.0,0.9,810.0,872.0,680.5
NLIC,8/27/2015,3370.0,3501.0,3376.0,3490.0,3.56,3052.0,872.0,680.5
NLIC,8/31/2015,3490.0,3839.0,3559.0,3839.0,10.0,6391.0,872.0,680.5
NLIC,9/1/2015,3839.0,4000.0,3850.0,3860.0,0.55,3677.0,872.0,680.5
NLIC,9/2/2015,3860.0,3875.0,3720.0,3722.0,-3.58,1344.0,872.0,680.5
NLIC,9/3/2015,3722.0,3700.0,3610.0,3630.0,-2.47,1528.0,872.0,680.5
NLIC,9/6/2015,3630.0,3700.0,3550.0,3605.0,-0.69,1521.0,872.0,680.5
NLIC,9/7/2015,3605.0,3652.0,3581.0,3610.0,0.14,851.0,872.0,680.5
NLIC,9/8/2015,3610.0,3650.0,3580.0,3650.0,1.11,820.0,872.0,680.5
NLIC,9/9/2015,3650.0,3630.0,3590.0,3600.0,-1.37,3013.0,872.0,680.5
NLIC,9/10/2015,3600.0,3600.0,3540.0,3540.0,-1.67,1437.0,872.0,680.5
NLIC,9/13/2015,3540.0,3580.0,3510.0,3575.0,0.99,2218.0,872.0,680.5
NLIC,9/14/2015,3575.0,3625.0,3571.0,3595.0,0.56,2580.0,872.0,680.5
NLIC,9/15/2015,3595.0,3650.0,3580.0,3595.0,0.0,2873.0,872.0,680.5
NLIC,9/16/2015,3595.0,3610.0,3571.0,3600.0,0.14,1600.0,872.0,680.5
NLIC,9/17/2015,3600.0,3550.0,3530.0,3550.0,-1.39,579.0,872.0,680.5
NLIC,9/22/2015,3550.0,3549.0,3400.0,3400.0,-4.23,4705.0,872.0,680.5
NLIC,9/23/2015,3400.0,3537.0,3468.0,3500.0,2.94,2252.0,872.0,680.5
NLIC,9/24/2015,3500.0,3470.0,3445.0,3450.0,-1.43,3072.0,872.0,680.5
NLIC,9/28/2015,3450.0,3455.0,3328.0,3360.0,-2.61,3157.0,872.0,680.5
NLIC,9/29/2015,3360.0,3400.0,3360.0,3362.0,0.06,4190.0,872.0,680.5
NLIC,9/30/2015,3362.0,3402.0,3362.0,3400.0,1.13,2980.0,872.0,680.5
NLIC,10/1/2015,3400.0,3400.0,3372.0,3395.0,-0.15,4161.0,872.0,680.5
NLIC,10/4/2015,3395.0,3420.0,3351.0,3410.0,0.44,3128.0,872.0,680.5
NLIC,10/5/2015,3410.0,3450.0,3320.0,3320.0,-2.64,5217.0,872.0,680.5
NLIC,10/6/2015,3320.0,3350.0,3296.0,3312.0,-0.24,8359.0,872.0,680.5
NLIC,10/7/2015,3312.0,3295.0,3186.0,3271.0,-1.24,3830.0,872.0,680.5
NLIC,10/8/2015,3271.0,3366.0,3240.0,3366.0,2.9,14203.0,872.0,680.5
NLIC,10/11/2015,3366.0,3340.0,3300.0,3340.0,-0.77,1668.0,872.0,680.5
NLIC,10/14/2015,3340.0,3310.0,3253.0,3275.0,-1.95,2488.0,872.0,680.5
NLIC,10/15/2015,3275.0,3300.0,3220.0,3274.0,-0.03,2209.0,872.0,680.5
NLIC,10/18/2015,3274.0,3280.0,3231.0,3260.0,-0.43,1397.0,872.0,680.5
NLIC,10/19/2015,3260.0,3300.0,3250.0,3296.0,1.1,1760.0,872.0,680.5
NLIC,10/25/2015,3296.0,3250.0,3225.0,3250.0,-1.4,1260.0,872.0,680.5
NLIC,10/27/2015,3250.0,3200.0,3140.0,3170.0,-2.46,2178.0,872.0,680.5
NLIC,10/28/2015,3170.0,3162.0,3040.0,3162.0,-0.25,5626.0,872.0,680.5
NLIC,10/29/2015,3162.0,3225.0,3101.0,3150.0,-0.38,3747.0,872.0,680.5
NLIC,11/1/2015,3150.0,3160.0,3100.0,3160.0,0.32,3452.0,872.0,680.5
NLIC,11/2/2015,3160.0,3240.0,3180.0,3199.0,1.23,2573.0,872.0,680.5
NLIC,11/3/2015,3199.0,3140.0,3112.0,3120.0,-2.47,948.0,872.0,680.5
NLIC,11/4/2015,3120.0,3198.0,3125.0,3198.0,2.5,746.0,872.0,680.5
NLIC,11/5/2015,3198.0,3202.0,3150.0,3150.0,-1.5,1893.0,872.0,680.5
NLIC,11/8/2015,3150.0,3150.0,3111.0,3111.0,-1.24,3250.0,872.0,680.5
NLIC,11/9/2015,3111.0,3213.0,3110.0,3200.0,2.86,2142.0,872.0,680.5
NLIC,11/10/2015,3200.0,3200.0,3175.0,3199.0,-0.03,2099.0,872.0,680.5
NLIC,11/15/2015,3199.0,3185.0,3160.0,3185.0,-0.44,1500.0,872.0,680.5
NLIC,11/16/2015,3185.0,3200.0,3140.0,3140.0,-1.41,1483.0,872.0,680.5
NLIC,11/18/2015,3140.0,3175.0,3141.0,3143.0,0.1,3176.0,872.0,680.5
NLIC,11/19/2015,3143.0,3145.0,3101.0,3125.0,-0.57,3990.0,872.0,680.5
NLIC,11/22/2015,3125.0,3075.0,3000.0,3020.0,-3.36,4696.0,872.0,680.5
NLIC,11/23/2015,3020.0,3015.0,2917.0,3012.0,-0.26,3650.0,872.0,680.5
NLIC,11/24/2015,3012.0,3015.0,2981.0,2991.0,-0.7,4807.0,872.0,680.5
NLIC,11/25/2015,2991.0,2975.0,2916.0,2945.0,-1.54,2080.0,872.0,680.5
NLIC,11/26/2015,2945.0,2920.0,2842.0,2880.0,-2.21,14877.0,872.0,680.5
NLIC,11/29/2015,2880.0,2840.0,2800.0,2805.0,-2.6,3995.0,872.0,680.5
NLIC,11/30/2015,2805.0,2950.0,2850.0,2850.0,1.6,1279.0,872.0,680.5
NLIC,12/1/2015,2850.0,2978.0,2875.0,2978.0,4.49,5592.0,872.0,680.5
NLIC,12/2/2015,2978.0,3000.0,2915.0,2975.0,-0.1,2937.0,872.0,680.5
NLIC,12/3/2015,2975.0,3095.0,2980.0,3030.0,1.85,4077.0,872.0,680.5
NLIC,12/6/2015,3030.0,3190.0,3080.0,3180.0,4.95,5382.0,872.0,680.5
NLIC,12/7/2015,3180.0,3240.0,3180.0,3190.0,0.31,7973.0,872.0,680.5
NLIC,12/8/2015,3190.0,3220.0,3175.0,3193.0,0.09,6582.0,872.0,680.5
NLIC,12/9/2015,3193.0,3220.0,3190.0,3220.0,0.85,6696.0,872.0,680.5
NLIC,12/10/2015,3220.0,3250.0,3181.0,3210.0,-0.31,3445.0,872.0,680.5
NLIC,12/13/2015,3210.0,3300.0,3250.0,3251.0,1.28,4261.0,872.0,680.5
NLIC,12/14/2015,3251.0,3299.0,3233.0,3295.0,1.35,2487.0,872.0,680.5
NLIC,12/15/2015,3295.0,3515.0,3360.0,3425.0,3.95,13046.0,872.0,680.5
NLIC,12/16/2015,3425.0,3479.0,3300.0,3350.0,-2.19,9930.0,872.0,680.5
NLIC,12/17/2015,3350.0,3330.0,3300.0,3312.0,-1.13,2795.0,872.0,680.5
NLIC,12/20/2015,3312.0,3331.0,3246.0,3300.0,-0.36,2715.0,872.0,680.5
NLIC,12/21/2015,3300.0,3350.0,3305.0,3330.0,0.91,2146.0,872.0,680.5
NLIC,12/22/2015,3330.0,3380.0,3345.0,3380.0,1.5,1402.0,872.0,680.5
NLIC,12/23/2015,3380.0,3368.0,3350.0,3350.0,-0.89,1826.0,872.0,680.5
NLIC,12/24/2015,3350.0,3365.0,3310.0,3350.0,0.0,2002.0,872.0,680.5
NLIC,12/27/2015,3350.0,3330.0,3300.0,3322.0,-0.84,2531.0,872.0,680.5
NLIC,12/28/2015,3322.0,3350.0,3312.0,3321.0,-0.03,3076.0,872.0,680.5
NLIC,12/29/2015,3321.0,3350.0,3310.0,3345.0,0.72,2740.0,872.0,680.5
NLIC,12/31/2015,3345.0,3430.0,3380.0,3405.0,1.79,2262.0,872.0,680.5
NLIC,1/3/2016,3405.0,3515.0,3440.0,3475.0,2.06,6223.0,872.0,680.5
NLIC,1/4/2016,3475.0,3520.0,3410.0,3461.0,-0.4,1661.0,872.0,680.5
NLIC,1/5/2016,3461.0,3425.0,3315.0,3400.0,-1.76,2070.0,872.0,680.5
NLIC,1/6/2016,3400.0,3370.0,3350.0,3369.0,-0.91,2218.0,872.0,680.5
NLIC,1/7/2016,3369.0,3400.0,3366.0,3366.0,-0.09,2805.0,872.0,680.5
NLIC,1/10/2016,3366.0,3366.0,3340.0,3350.0,-0.48,9768.0,872.0,680.5
NLIC,1/11/2016,3350.0,3350.0,3321.0,3333.0,-0.51,3398.0,872.0,680.5
NLIC,1/12/2016,3333.0,3325.0,3280.0,3320.0,-0.39,3463.0,872.0,680.5
NLIC,1/13/2016,3320.0,3320.0,3300.0,3300.0,-0.6,3013.0,872.0,680.5
NLIC,1/14/2016,3300.0,3355.0,3300.0,3301.0,0.03,6516.0,872.0,680.5
NLIC,1/17/2016,3301.0,3430.0,3321.0,3400.0,3.0,3073.0,872.0,680.5
NLIC,1/18/2016,3400.0,3411.0,3370.0,3380.0,-0.59,580.0,872.0,680.5
NLIC,1/19/2016,3380.0,3400.0,3332.0,3345.0,-1.04,1626.0,872.0,680.5
NLIC,1/20/2016,3345.0,3340.0,3300.0,3300.0,-1.35,3434.0,872.0,680.5
NLIC,1/21/2016,3300.0,3340.0,3300.0,3300.0,0.0,8791.0,872.0,680.5
NLIC,1/24/2016,3300.0,3310.0,3291.0,3305.0,0.15,4169.0,872.0,680.5
NLIC,1/25/2016,3305.0,3329.0,3310.0,3320.0,0.45,6112.0,872.0,680.5
NLIC,1/26/2016,3320.0,3320.0,3300.0,3300.0,-0.6,16524.0,872.0,680.5
NLIC,1/27/2016,3300.0,3305.0,3291.0,3291.0,-0.27,4246.0,872.0,680.5
NLIC,1/28/2016,3291.0,3300.0,3265.0,3272.0,-0.58,4360.0,872.0,680.5
NLIC,1/31/2016,3272.0,3290.0,3270.0,3270.0,-0.06,4576.0,872.0,680.5
NLIC,2/1/2016,3270.0,3290.0,3270.0,3285.0,0.46,1450.0,872.0,680.5
NLIC,2/2/2016,3285.0,3299.0,3220.0,3274.0,-0.33,2942.0,872.0,680.5
NLIC,2/3/2016,3274.0,3264.0,3218.0,3229.0,-1.37,6604.0,872.0,680.5
NLIC,2/4/2016,3229.0,3215.0,3186.0,3210.0,-0.59,11236.0,872.0,680.5
NLIC,2/7/2016,3210.0,3280.0,3195.0,3200.0,-0.31,7726.0,872.0,680.5
NLIC,2/8/2016,3200.0,3239.0,3201.0,3235.0,1.09,2383.0,872.0,680.5
NLIC,2/11/2016,3235.0,3250.0,3220.0,3225.0,-0.31,3125.0,872.0,680.5
NLIC,2/14/2016,3225.0,3236.0,3197.0,3197.0,-0.87,6612.0,872.0,680.5
NLIC,2/15/2016,3197.0,3200.0,3145.0,3176.0,-0.66,2001.0,872.0,680.5
NLIC,2/16/2016,3176.0,3200.0,3176.0,3190.0,0.44,1313.0,872.0,680.5
NLIC,2/17/2016,3190.0,3200.0,3180.0,3188.0,-0.06,5192.0,872.0,680.5
NLIC,2/18/2016,3188.0,3189.0,3156.0,3164.0,-0.75,4416.0,872.0,680.5
NLIC,2/21/2016,3164.0,3198.0,3166.0,3166.0,0.06,1712.0,872.0,680.5
NLIC,2/22/2016,3166.0,3200.0,3160.0,3175.0,0.28,1229.0,872.0,680.5
NLIC,2/23/2016,3175.0,3200.0,3150.0,3150.0,-0.79,8527.0,872.0,680.5
NLIC,2/24/2016,3150.0,3160.0,3133.0,3160.0,0.32,1086.0,872.0,680.5
NLIC,2/25/2016,3160.0,3160.0,3055.0,3160.0,0.0,1978.0,872.0,680.5
NLIC,2/28/2016,3160.0,3160.0,3111.0,3111.0,-1.55,1017.0,872.0,680.5
NLIC,2/29/2016,3111.0,3140.0,3116.0,3116.0,0.16,1657.0,872.0,680.5
NLIC,3/1/2016,3116.0,3155.0,3125.0,3130.0,0.45,1510.0,872.0,680.5
NLIC,3/2/2016,3130.0,3200.0,3100.0,3100.0,-0.96,1296.0,872.0,680.5
NLIC,3/3/2016,3100.0,3146.0,3039.0,3123.0,0.74,2912.0,872.0,680.5
NLIC,3/6/2016,3123.0,3172.0,3140.0,3160.0,1.18,2931.0,872.0,680.5
NLIC,3/10/2016,3160.0,3223.0,3152.0,3160.0,0.0,3537.0,872.0,680.5
NLIC,3/13/2016,3160.0,3205.0,3181.0,3198.0,1.2,8001.0,872.0,680.5
NLIC,3/14/2016,3198.0,3261.0,3200.0,3220.0,0.69,7360.0,872.0,680.5
NLIC,3/15/2016,3220.0,3250.0,3230.0,3250.0,0.93,1608.0,872.0,680.5
NLIC,3/16/2016,3250.0,3270.0,3212.0,3270.0,0.62,9301.0,872.0,680.5
NLIC,3/17/2016,3270.0,3517.0,3300.0,3500.0,7.03,12160.0,872.0,680.5
NLIC,3/20/2016,3500.0,3850.0,3570.0,3850.0,10.0,26039.0,872.0,680.5
NLIC,3/21/2016,3850.0,4166.0,3851.0,3860.0,0.26,23856.0,872.0,680.5
NLIC,3/23/2016,3860.0,3900.0,3724.0,3869.0,0.23,10651.0,872.0,680.5
NLIC,3/24/2016,3869.0,3905.0,3806.0,3825.0,-1.14,7420.0,872.0,680.5
NLIC,3/27/2016,3825.0,3978.0,3850.0,3920.0,2.48,29377.0,872.0,680.5
NLIC,3/28/2016,3920.0,3950.0,3842.0,3900.0,-0.51,18727.0,872.0,680.5
NLIC,3/29/2016,3900.0,3887.0,3830.0,3870.0,-0.77,3973.0,872.0,680.5
NLIC,3/30/2016,3870.0,4182.0,3700.0,3736.0,-3.46,24031.0,872.0,680.5
NLIC,3/31/2016,3736.0,3682.0,3555.0,3600.0,-3.64,14647.0,872.0,680.5
NLIC,4/3/2016,3600.0,3594.0,3503.0,3575.0,-0.69,5001.0,872.0,680.5
NLIC,4/4/2016,3575.0,3640.0,3580.0,3635.0,1.68,3078.0,872.0,680.5
NLIC,4/5/2016,3635.0,3670.0,3610.0,3615.0,-0.55,2970.0,872.0,680.5
NLIC,4/6/2016,3615.0,3670.0,3626.0,3670.0,1.52,3628.0,872.0,680.5
NLIC,4/10/2016,3670.0,3670.0,3600.0,3640.0,-0.82,1948.0,872.0,680.5
NLIC,4/11/2016,3640.0,3610.0,3590.0,3600.0,-1.1,2119.0,872.0,680.5
NLIC,4/12/2016,3600.0,3610.0,3586.0,3600.0,0.0,6833.0,872.0,680.5
NLIC,4/14/2016,3600.0,3605.0,3599.0,3602.0,0.06,1884.0,872.0,680.5
NLIC,4/17/2016,3602.0,3630.0,3591.0,3630.0,0.78,3848.0,872.0,680.5
NLIC,4/18/2016,3630.0,3705.0,3650.0,3704.0,2.04,4874.0,872.0,680.5
NLIC,4/19/2016,3704.0,3704.0,3675.0,3700.0,-0.11,2727.0,872.0,680.5
NLIC,4/20/2016,3700.0,3700.0,3660.0,3673.0,-0.73,2709.0,872.0,680.5
NLIC,4/21/2016,3673.0,3845.0,3700.0,3795.0,3.32,12828.0,872.0,680.5
NLIC,4/24/2016,3795.0,3830.0,3795.0,3820.0,0.66,9640.0,872.0,680.5
NLIC,4/25/2016,3820.0,3875.0,3822.0,3844.0,0.63,6058.0,872.0,680.5
NLIC,4/26/2016,3844.0,3900.0,3840.0,3850.0,0.16,18751.0,872.0,680.5
NLIC,4/27/2016,3850.0,3978.0,3820.0,3927.0,2.0,26957.0,872.0,680.5
NLIC,4/28/2016,3142.0,3420.0,3204.0,3240.0,-17.49,18639.0,872.0,680.5
NLIC,5/2/2016,3240.0,3242.0,3230.0,3239.0,-0.03,3652.0,872.0,680.5
NLIC,5/3/2016,3239.0,3235.0,3216.0,3235.0,-0.12,5745.0,872.0,680.5
NLIC,5/4/2016,3235.0,3235.0,3200.0,3234.0,-0.03,4630.0,872.0,680.5
NLIC,5/5/2016,3234.0,3255.0,3175.0,3217.0,-0.53,10592.0,872.0,680.5
NLIC,5/8/2016,3217.0,3300.0,3230.0,3290.0,2.27,6530.0,872.0,680.5
NLIC,5/9/2016,3290.0,3350.0,3299.0,3342.0,1.58,11635.0,872.0,680.5
NLIC,5/10/2016,3342.0,3500.0,3276.0,3464.0,3.65,16066.0,872.0,680.5
NLIC,5/11/2016,3464.0,3495.0,3412.0,3470.0,0.17,4408.0,872.0,680.5
NLIC,5/12/2016,3470.0,3499.0,3451.0,3485.0,0.43,3178.0,872.0,680.5
NLIC,5/15/2016,3485.0,3480.0,3432.0,3450.0,-1.0,2402.0,872.0,680.5
NLIC,5/16/2016,3450.0,3430.0,3401.0,3416.0,-0.99,2636.0,872.0,680.5
NLIC,5/17/2016,3416.0,3450.0,3400.0,3422.0,0.18,2199.0,872.0,680.5
NLIC,5/18/2016,3422.0,3490.0,3400.0,3435.0,0.38,4119.0,872.0,680.5
NLIC,5/19/2016,3435.0,3485.0,3440.0,3445.0,0.29,3412.0,872.0,680.5
NLIC,5/22/2016,3445.0,3673.0,3510.0,3579.0,3.89,10390.0,872.0,680.5
NLIC,5/23/2016,3579.0,3839.0,3590.0,3839.0,7.26,16802.0,872.0,680.5
NLIC,5/24/2016,3839.0,3994.0,3763.0,3900.0,1.59,18764.0,872.0,680.5
NLIC,5/25/2016,3900.0,3900.0,3800.0,3850.0,-1.28,13159.0,872.0,680.5
NLIC,5/26/2016,3850.0,3874.0,3750.0,3874.0,0.62,13149.0,872.0,680.5
NLIC,5/29/2016,3874.0,3951.0,3850.0,3855.0,-0.49,5460.0,872.0,680.5
NLIC,5/30/2016,3855.0,3885.0,3840.0,3865.0,0.26,7516.0,872.0,680.5
NLIC,5/31/2016,3865.0,3900.0,3840.0,3875.0,0.26,10022.0,872.0,680.5
NLIC,6/1/2016,3875.0,3875.0,3792.0,3810.0,-1.68,2951.0,872.0,680.5
NLIC,6/2/2016,3810.0,3815.0,3761.0,3796.0,-0.37,8663.0,872.0,680.5
NLIC,6/5/2016,3796.0,3800.0,3675.0,3675.0,-3.19,4844.0,872.0,680.5
NLIC,6/6/2016,3675.0,3825.0,3721.0,3815.0,3.81,6378.0,872.0,680.5
NLIC,6/7/2016,3815.0,3850.0,3800.0,3833.0,0.47,7202.0,872.0,680.5
NLIC,6/8/2016,3833.0,4120.0,3840.0,4080.0,6.44,32893.0,872.0,680.5
NLIC,6/9/2016,4080.0,4488.0,4161.0,4488.0,10.0,54735.0,872.0,680.5
NLIC,6/30/2016,4488.0,4936.0,4480.0,4595.0,2.38,39586.0,872.0,680.5
NLIC,7/3/2016,4595.0,4510.0,4322.0,4400.0,-4.24,21829.0,872.0,680.5
NLIC,7/4/2016,4400.0,4385.0,4280.0,4317.0,-1.89,9301.0,872.0,680.5
NLIC,7/5/2016,4317.0,4349.0,4240.0,4240.0,-1.78,7710.0,872.0,680.5
NLIC,7/6/2016,4240.0,4330.0,4255.0,4275.0,0.83,6898.0,872.0,680.5
NLIC,7/10/2016,4275.0,4350.0,4275.0,4275.0,0.0,9076.0,872.0,680.5
NLIC,7/11/2016,4275.0,4250.0,4140.0,4185.0,-2.11,6320.0,872.0,680.5
NLIC,7/12/2016,4185.0,4160.0,3980.0,4100.0,-2.03,7899.0,872.0,680.5
NLIC,7/13/2016,4100.0,4100.0,3940.0,4052.0,-1.17,4184.0,872.0,680.5
NLIC,7/14/2016,4052.0,4075.0,4001.0,4006.0,-1.14,8155.0,872.0,680.5
NLIC,7/17/2016,4006.0,4050.0,3999.0,4045.0,0.97,12973.0,872.0,680.5
NLIC,7/18/2016,4045.0,4301.0,4001.0,4301.0,6.33,6224.0,872.0,680.5
NLIC,7/19/2016,4301.0,4430.0,4125.0,4130.0,-3.98,2587.0,872.0,680.5
NLIC,7/20/2016,4130.0,4100.0,4050.0,4052.0,-1.89,5470.0,872.0,680.5
NLIC,7/21/2016,4052.0,4155.0,4025.0,4100.0,1.18,3812.0,872.0,680.5
NLIC,7/25/2016,4100.0,4150.0,4070.0,4070.0,-0.73,3605.0,872.0,680.5
NLIC,7/26/2016,4070.0,4151.0,4031.0,4040.0,-0.74,9554.0,872.0,680.5
NLIC,7/27/2016,4040.0,4050.0,4003.0,4020.0,-0.5,2868.0,872.0,680.5
NLIC,7/28/2016,4020.0,4101.0,4020.0,4027.0,0.17,6510.0,872.0,680.5
NLIC,7/31/2016,4027.0,4050.0,4000.0,4025.0,-0.05,6202.0,872.0,680.5
NLIC,8/1/2016,4025.0,4030.0,3995.0,4010.0,-0.37,3273.0,872.0,680.5
NLIC,8/2/2016,4010.0,4010.0,3962.0,3962.0,-1.2,4572.0,872.0,680.5
NLIC,8/3/2016,3962.0,3939.0,3876.0,3939.0,-0.58,2765.0,872.0,680.5
NLIC,8/4/2016,3939.0,3930.0,3823.0,3823.0,-2.94,7108.0,872.0,680.5
NLIC,8/7/2016,3823.0,3920.0,3800.0,3800.0,-0.6,3430.0,872.0,680.5
NLIC,8/8/2016,3800.0,3730.0,3440.0,3440.0,-9.47,3805.0,872.0,680.5
NLIC,8/9/2016,3440.0,3721.0,3508.0,3721.0,8.17,130.0,872.0,680.5
NLIC,8/10/2016,3721.0,3905.0,3721.0,3905.0,4.94,12676.0,872.0,680.5
NLIC,8/11/2016,3905.0,3950.0,3780.0,3850.0,-1.41,1804.0,872.0,680.5
NLIC,8/14/2016,3850.0,4000.0,3700.0,3750.0,-2.6,4586.0,872.0,680.5
NLIC,8/15/2016,3750.0,3750.0,3528.0,3600.0,-4.0,6074.0,872.0,680.5
NLIC,8/16/2016,3600.0,3690.0,3575.0,3635.0,0.97,2421.0,872.0,680.5
NLIC,8/17/2016,3635.0,3685.0,3600.0,3640.0,0.14,9395.0,872.0,680.5
NLIC,8/21/2016,3640.0,3650.0,3600.0,3605.0,-0.96,1489.0,872.0,680.5
NLIC,8/22/2016,3605.0,3543.0,3475.0,3480.0,-3.47,3171.0,872.0,680.5
NLIC,8/23/2016,3480.0,3589.0,3411.0,3495.0,0.43,2943.0,872.0,680.5
NLIC,8/24/2016,3495.0,3760.0,3480.0,3626.0,3.75,2200.0,872.0,680.5
NLIC,8/28/2016,3626.0,3769.0,3600.0,3600.0,-0.72,2240.0,872.0,680.5
NLIC,8/29/2016,3600.0,3695.0,3600.0,3660.0,1.67,2552.0,872.0,680.5
NLIC,8/30/2016,3660.0,3700.0,3690.0,3690.0,0.82,4985.0,872.0,680.5
NLIC,8/31/2016,3690.0,3725.0,3650.0,3725.0,0.95,1922.0,872.0,680.5
NLIC,9/1/2016,3725.0,3720.0,3650.0,3705.0,-0.54,16040.0,872.0,680.5
NLIC,9/3/2016,3705.0,3760.0,3631.0,3750.0,1.21,1972.0,872.0,680.5
NLIC,9/4/2016,3705.0,3760.0,3631.0,3750.0,0.0,1972.0,872.0,680.5
NLIC,9/5/2016,3750.0,3800.0,3725.0,3750.0,0.0,5356.0,872.0,680.5
NLIC,9/6/2016,3750.0,3800.0,3720.0,3720.0,-0.8,2467.0,872.0,680.5
NLIC,9/7/2016,3720.0,3794.0,3721.0,3721.0,0.03,1896.0,872.0,680.5
NLIC,9/8/2016,3721.0,3740.0,3690.0,3690.0,-0.83,3622.0,872.0,680.5
NLIC,9/11/2016,3690.0,3700.0,3676.0,3677.0,-0.35,947.0,872.0,680.5
NLIC,9/12/2016,3677.0,3711.0,3695.0,3710.0,0.9,1726.0,872.0,680.5
NLIC,9/14/2016,3710.0,3773.0,3699.0,3773.0,1.7,9200.0,872.0,680.5
NLIC,9/18/2016,3773.0,3830.0,3762.0,3771.0,-0.05,2674.0,872.0,680.5
NLIC,9/20/2016,3771.0,3900.0,3771.0,3882.0,2.94,15369.0,872.0,680.5
NLIC,9/21/2016,3882.0,3899.0,3805.0,3884.0,0.05,13457.0,872.0,680.5
NLIC,9/22/2016,3884.0,3890.0,3750.0,3880.0,-0.1,12206.0,872.0,680.5
NLIC,9/25/2016,3880.0,3840.0,3760.0,3760.0,-3.09,2060.0,872.0,680.5
NLIC,9/26/2016,3760.0,3800.0,3732.0,3753.0,-0.19,5526.0,872.0,680.5
NLIC,9/27/2016,3753.0,3765.0,3725.0,3740.0,-0.35,4085.0,872.0,680.5
NLIC,9/28/2016,3740.0,3769.0,3681.0,3701.0,-1.04,3865.0,872.0,680.5
NLIC,9/29/2016,3701.0,3710.0,3630.0,3651.0,-1.35,7222.0,872.0,680.5
NLIC,10/2/2016,3651.0,3950.0,3700.0,3850.0,5.45,11013.0,872.0,680.5
NLIC,10/3/2016,3850.0,3930.0,3854.0,3930.0,2.08,6850.0,872.0,680.5
NLIC,10/4/2016,3930.0,4100.0,3920.0,4088.0,4.02,10118.0,872.0,680.5
NLIC,10/5/2016,4088.0,4080.0,3962.0,4050.0,-0.93,5406.0,872.0,680.5
NLIC,10/6/2016,4050.0,4137.0,4070.0,4100.0,1.23,9565.0,872.0,680.5
NLIC,10/16/2016,4100.0,4130.0,4011.0,4050.0,-1.22,1193.0,872.0,680.5
NLIC,10/17/2016,4050.0,4040.0,3940.0,4000.0,-1.23,4936.0,872.0,680.5
NLIC,10/18/2016,4000.0,4028.0,3980.0,4012.0,0.3,3023.0,872.0,680.5
NLIC,10/19/2016,4012.0,4010.0,3981.0,3990.0,-0.55,3418.0,872.0,680.5
NLIC,10/20/2016,3990.0,4105.0,3976.0,4100.0,2.76,5652.0,872.0,680.5
NLIC,10/23/2016,4100.0,4140.0,4040.0,4045.0,-1.34,8441.0,872.0,680.5
NLIC,10/24/2016,4045.0,4060.0,3981.0,4020.0,-0.62,5755.0,872.0,680.5
NLIC,10/25/2016,4020.0,4000.0,3900.0,3900.0,-2.99,4559.0,872.0,680.5
NLIC,10/26/2016,3900.0,3949.0,3859.0,3949.0,1.26,6523.0,872.0,680.5
NLIC,10/27/2016,3949.0,3960.0,3900.0,3930.0,-0.48,5420.0,872.0,680.5
NLIC,11/3/2016,3930.0,3950.0,3880.0,3890.0,-1.02,767.0,872.0,680.5
NLIC,11/7/2016,3890.0,3880.0,3850.0,3853.0,-0.95,3105.0,872.0,680.5
NLIC,11/8/2016,3853.0,3850.0,3755.0,3765.0,-2.28,3041.0,872.0,680.5
NLIC,11/9/2016,3765.0,3840.0,3700.0,3700.0,-1.73,4674.0,872.0,680.5
NLIC,11/10/2016,3700.0,3750.0,3660.0,3700.0,0.0,1947.0,872.0,680.5
NLIC,11/13/2016,3700.0,3795.0,3690.0,3720.0,0.54,1911.0,872.0,680.5
NLIC,11/14/2016,3720.0,3740.0,3700.0,3700.0,-0.54,6971.0,872.0,680.5
NLIC,11/15/2016,3700.0,3731.0,3700.0,3700.0,0.0,3421.0,872.0,680.5
NLIC,11/16/2016,3700.0,3780.0,3675.0,3700.0,0.0,3775.0,872.0,680.5
NLIC,11/17/2016,3700.0,3700.0,3599.0,3600.0,-2.7,2334.0,872.0,680.5
NLIC,11/20/2016,3600.0,3555.0,3325.0,3390.0,-5.83,8953.0,872.0,680.5
NLIC,11/21/2016,3390.0,3429.0,3310.0,3429.0,1.15,8045.0,872.0,680.5
NLIC,11/22/2016,3429.0,3385.0,3320.0,3348.0,-2.36,2928.0,872.0,680.5
NLIC,11/23/2016,3348.0,3315.0,3217.0,3240.0,-3.23,7856.0,872.0,680.5
NLIC,11/24/2016,3240.0,3305.0,3100.0,3150.0,-2.78,14102.0,872.0,680.5
NLIC,11/27/2016,3150.0,3213.0,2947.0,2950.0,-6.35,10096.0,872.0,680.5
NLIC,11/28/2016,2950.0,3044.0,2690.0,2950.0,0.0,17319.0,872.0,680.5
NLIC,11/29/2016,2950.0,3110.0,2787.0,3110.0,5.42,14167.0,872.0,680.5
NLIC,11/30/2016,3110.0,3207.0,3030.0,3200.0,2.89,12711.0,872.0,680.5
NLIC,12/1/2016,3200.0,3250.0,3151.0,3151.0,-1.53,8947.0,872.0,680.5
NLIC,12/4/2016,3151.0,3180.0,2995.0,3013.0,-4.38,5342.0,872.0,680.5
NLIC,12/5/2016,3013.0,3012.0,2956.0,2956.0,-1.89,6450.0,872.0,680.5
NLIC,12/6/2016,2956.0,3105.0,2930.0,3100.0,4.87,7235.0,872.0,680.5
NLIC,12/7/2016,3100.0,3090.0,3038.0,3064.0,-1.16,1755.0,872.0,680.5
NLIC,12/8/2016,3064.0,3035.0,2952.0,3030.0,-1.11,3957.0,872.0,680.5
NLIC,12/11/2016,3030.0,3070.0,2965.0,2975.0,-1.82,2445.0,872.0,680.5
NLIC,12/12/2016,2975.0,2965.0,2880.0,2959.0,-0.54,2022.0,872.0,680.5
NLIC,12/14/2016,2959.0,2958.0,2900.0,2948.0,-0.37,4370.0,872.0,680.5
NLIC,12/15/2016,2948.0,2960.0,2940.0,2949.0,0.03,2190.0,872.0,680.5
NLIC,12/18/2016,2949.0,2975.0,2900.0,2975.0,0.88,3075.0,872.0,680.5
NLIC,12/19/2016,2975.0,2950.0,2925.0,2935.0,-1.34,582.0,872.0,680.5
NLIC,12/20/2016,2935.0,2930.0,2881.0,2890.0,-1.53,1551.0,872.0,680.5
NLIC,12/21/2016,2890.0,2890.0,2800.0,2800.0,-3.11,2117.0,872.0,680.5
NLIC,12/22/2016,2800.0,2830.0,2800.0,2820.0,0.71,2065.0,872.0,680.5
NLIC,12/26/2016,2820.0,2850.0,2700.0,2700.0,-4.26,5300.0,872.0,680.5
NLIC,12/27/2016,2700.0,2720.0,2600.0,2680.0,-0.74,7093.0,872.0,680.5
NLIC,12/28/2016,2680.0,2700.0,2605.0,2651.0,-1.08,6138.0,872.0,680.5
NLIC,12/29/2016,2651.0,2916.0,2690.0,2800.0,5.62,20168.0,872.0,680.5
NLIC,1/1/2017,2800.0,2900.0,2721.0,2748.0,-1.86,10274.0,872.0,680.5
NLIC,1/2/2017,2748.0,2755.0,2676.0,2720.0,-1.02,4713.0,872.0,680.5
NLIC,1/3/2017,2720.0,2695.0,2613.0,2615.0,-3.86,8199.0,872.0,680.5
NLIC,1/4/2017,2615.0,2708.0,2595.0,2670.0,2.1,10465.0,872.0,680.5
NLIC,1/5/2017,2670.0,2700.0,2625.0,2650.0,-0.75,6314.0,872.0,680.5
NLIC,1/8/2017,2650.0,2665.0,2640.0,2654.0,0.15,11866.0,872.0,680.5
NLIC,1/9/2017,2654.0,2785.0,2654.0,2773.0,4.48,10638.0,872.0,680.5
NLIC,1/10/2017,2773.0,2900.0,2760.0,2880.0,3.86,11933.0,872.0,680.5
NLIC,1/11/2017,2880.0,2904.0,2831.0,2850.0,-1.04,8256.0,872.0,680.5
NLIC,1/12/2017,2850.0,2879.0,2831.0,2840.0,-0.35,5891.0,872.0,680.5
NLIC,1/15/2017,2840.0,2840.0,2803.0,2805.0,-1.23,6116.0,872.0,680.5
NLIC,1/16/2017,2805.0,2805.0,2745.0,2750.0,-1.96,2843.0,872.0,680.5
NLIC,1/17/2017,2750.0,2740.0,2700.0,2720.0,-1.09,5444.0,872.0,680.5
NLIC,1/18/2017,2720.0,2759.0,2720.0,2740.0,0.74,5383.0,872.0,680.5
NLIC,1/19/2017,2740.0,2759.0,2715.0,2739.0,-0.04,4452.0,872.0,680.5
NLIC,1/22/2017,2739.0,2750.0,2695.0,2699.0,-1.46,3915.0,872.0,680.5
NLIC,1/23/2017,2699.0,2715.0,2660.0,2660.0,-1.44,4332.0,872.0,680.5
NLIC,1/24/2017,2660.0,2649.0,2615.0,2621.0,-1.47,5469.0,872.0,680.5
NLIC,1/25/2017,2621.0,2601.0,2515.0,2515.0,-4.04,9163.0,872.0,680.5
NLIC,1/26/2017,2515.0,2538.0,2466.0,2500.0,-0.6,6836.0,872.0,680.5
NLIC,1/30/2017,2500.0,2470.0,2250.0,2255.0,-9.8,12461.0,872.0,680.5
NLIC,1/31/2017,2255.0,2349.0,2210.0,2295.0,1.77,9104.0,872.0,680.5
NLIC,2/1/2017,2295.0,2400.0,2265.0,2400.0,4.58,5513.0,872.0,680.5
NLIC,2/2/2017,2400.0,2480.0,2305.0,2375.0,-1.04,16984.0,872.0,680.5
NLIC,2/5/2017,2375.0,2360.0,2274.0,2335.0,-1.68,6808.0,872.0,680.5
NLIC,2/6/2017,2335.0,2335.0,2260.0,2285.0,-2.14,3123.0,872.0,680.5
NLIC,2/7/2017,2285.0,2330.0,2280.0,2295.0,0.44,9049.0,872.0,680.5
NLIC,2/8/2017,2295.0,2290.0,2246.0,2253.0,-1.83,5974.0,872.0,680.5
NLIC,2/9/2017,2253.0,2295.0,2200.0,2200.0,-2.35,9307.0,872.0,680.5
NLIC,2/12/2017,2200.0,2200.0,2090.0,2090.0,-5.0,9728.0,872.0,680.5
NLIC,2/13/2017,2090.0,2193.0,2060.0,2193.0,4.93,8933.0,872.0,680.5
NLIC,2/14/2017,2193.0,2200.0,2093.0,2093.0,-4.56,6126.0,872.0,680.5
NLIC,2/15/2017,2093.0,2215.0,2110.0,2215.0,5.83,7719.0,872.0,680.5
NLIC,2/16/2017,2215.0,2302.0,2170.0,2270.0,2.48,10020.0,872.0,680.5
NLIC,2/19/2017,2270.0,2356.0,2135.0,2350.0,3.52,13537.0,872.0,680.5
NLIC,2/20/2017,2350.0,2409.0,2255.0,2335.0,-0.64,17969.0,872.0,680.5
NLIC,2/21/2017,2335.0,2381.0,2261.0,2280.0,-2.36,8024.0,872.0,680.5
NLIC,2/22/2017,2280.0,2300.0,2241.0,2251.0,-1.27,3311.0,872.0,680.5
NLIC,2/23/2017,2251.0,2270.0,2201.0,2245.0,-0.27,3139.0,872.0,680.5
NLIC,2/26/2017,2245.0,2250.0,2180.0,2187.0,-2.58,3502.0,872.0,680.5
NLIC,2/28/2017,2187.0,2219.0,2160.0,2165.0,-1.01,4322.0,872.0,680.5
NLIC,3/1/2017,2165.0,2279.0,2194.0,2265.0,4.62,10191.0,872.0,680.5
NLIC,3/2/2017,2265.0,2325.0,2282.0,2309.0,1.94,11733.0,872.0,680.5
NLIC,3/5/2017,2309.0,2444.0,2340.0,2415.0,4.59,14755.0,872.0,680.5
NLIC,3/6/2017,2415.0,2485.0,2412.0,2432.0,0.7,12150.0,872.0,680.5
NLIC,3/7/2017,2432.0,2450.0,2330.0,2420.0,-0.49,11856.0,872.0,680.5
NLIC,3/9/2017,2420.0,2448.0,2403.0,2415.0,-0.21,24084.0,872.0,680.5
NLIC,3/13/2017,1932.0,2035.0,1932.0,2030.0,-15.94,9353.0,872.0,680.5
NLIC,3/14/2017,2030.0,2090.0,2046.0,2059.0,1.43,7528.0,872.0,680.5
NLIC,3/15/2017,2059.0,2068.0,2030.0,2045.0,-0.68,3825.0,872.0,680.5
NLIC,3/16/2017,2045.0,2065.0,2046.0,2056.0,0.54,5120.0,872.0,680.5
NLIC,3/19/2017,2056.0,2190.0,2060.0,2186.0,6.32,13017.0,872.0,680.5
NLIC,3/20/2017,2186.0,2370.0,2225.0,2370.0,8.42,13605.0,872.0,680.5
NLIC,3/21/2017,2370.0,2430.0,2310.0,2350.0,-0.84,23063.0,872.0,680.5
NLIC,3/22/2017,2350.0,2390.0,2320.0,2350.0,0.0,11914.0,872.0,680.5
NLIC,3/23/2017,2350.0,2350.0,2303.0,2340.0,-0.43,4342.0,872.0,680.5
NLIC,3/26/2017,2340.0,2419.0,2350.0,2372.0,1.37,7327.0,872.0,680.5
NLIC,3/28/2017,2372.0,2550.0,2395.0,2550.0,7.5,11843.0,872.0,680.5
NLIC,3/29/2017,2550.0,2645.0,2465.0,2500.0,-1.96,15310.0,872.0,680.5
NLIC,3/30/2017,2500.0,2601.0,2450.0,2523.0,0.92,7619.0,872.0,680.5
NLIC,4/2/2017,2523.0,2775.0,2573.0,2729.0,8.16,17676.0,872.0,680.5
NLIC,4/3/2017,2729.0,2800.0,2551.0,2576.0,-5.61,16369.0,872.0,680.5
NLIC,4/4/2017,2576.0,2600.0,2500.0,2555.0,-0.82,9091.0,872.0,680.5
NLIC,4/6/2017,2555.0,2594.0,2500.0,2500.0,-2.15,6822.0,872.0,680.5
NLIC,4/9/2017,2500.0,2550.0,2453.0,2474.0,-1.04,7830.0,872.0,680.5
NLIC,4/10/2017,2474.0,2550.0,2441.0,2550.0,3.07,8654.0,872.0,680.5
NLIC,4/11/2017,2550.0,2600.0,2503.0,2545.0,-0.2,9153.0,872.0,680.5
NLIC,4/12/2017,2545.0,2595.0,2481.0,2490.0,-2.16,10475.0,872.0,680.5
NLIC,4/13/2017,2490.0,2505.0,2360.0,2490.0,0.0,10173.0,872.0,680.5
NLIC,4/16/2017,2490.0,2530.0,2390.0,2393.0,-3.9,6280.0,872.0,680.5
NLIC,4/18/2017,2393.0,2400.0,2350.0,2390.0,-0.13,5828.0,872.0,680.5
NLIC,4/19/2017,2390.0,2405.0,2385.0,2390.0,0.0,2675.0,872.0,680.5
NLIC,4/20/2017,2390.0,2415.0,2360.0,2380.0,-0.42,5890.0,872.0,680.5
NLIC,4/23/2017,2380.0,2520.0,2427.0,2445.0,2.73,9351.0,872.0,680.5
NLIC,4/24/2017,2445.0,2490.0,2350.0,2390.0,-2.25,6406.0,872.0,680.5
NLIC,4/25/2017,2390.0,2400.0,2350.0,2350.0,-1.67,4558.0,872.0,680.5
NLIC,4/26/2017,2350.0,2375.0,2262.0,2280.0,-2.98,28636.0,872.0,680.5
NLIC,4/27/2017,2280.0,2320.0,2222.0,2281.0,0.04,22385.0,872.0,680.5
NLIC,4/30/2017,2281.0,2300.0,2240.0,2245.0,-1.58,20367.0,872.0,680.5
NLIC,5/2/2017,2245.0,2314.0,2245.0,2295.0,2.23,18831.0,872.0,680.5
NLIC,5/3/2017,2295.0,2350.0,2300.0,2340.0,1.96,18514.0,872.0,680.5
NLIC,5/4/2017,2340.0,2350.0,2310.0,2330.0,-0.43,15420.0,872.0,680.5
NLIC,5/7/2017,2330.0,2339.0,2276.0,2294.0,-1.55,10175.0,872.0,680.5
NLIC,5/8/2017,2294.0,2327.0,2276.0,2290.0,-0.17,12633.0,872.0,680.5
NLIC,5/9/2017,2290.0,2312.0,2275.0,2300.0,0.44,9708.0,872.0,680.5
NLIC,5/11/2017,2300.0,2300.0,2270.0,2283.0,-0.74,14523.0,872.0,680.5
NLIC,5/15/2017,2283.0,2327.0,2280.0,2285.0,0.09,9392.0,872.0,680.5
NLIC,5/16/2017,2285.0,2290.0,2270.0,2276.0,-0.39,7315.0,872.0,680.5
NLIC,5/17/2017,2276.0,2280.0,2232.0,2270.0,-0.26,7190.0,872.0,680.5
NLIC,5/18/2017,2270.0,2273.0,2248.0,2264.0,-0.26,18897.0,872.0,680.5
NLIC,5/21/2017,2264.0,2260.0,2210.0,2211.0,-2.34,10689.0,872.0,680.5
NLIC,5/22/2017,2211.0,2215.0,2190.0,2196.0,-0.68,7058.0,872.0,680.5
NLIC,5/23/2017,2196.0,2210.0,2186.0,2201.0,0.23,16587.0,872.0,680.5
NLIC,5/24/2017,2201.0,2200.0,2160.0,2190.0,-0.5,13060.0,872.0,680.5
NLIC,5/28/2017,2190.0,2200.0,2136.0,2140.0,-2.28,10792.0,872.0,680.5
NLIC,5/30/2017,2140.0,2155.0,2130.0,2139.0,-0.05,10991.0,872.0,680.5
NLIC,5/31/2017,2139.0,2160.0,2110.0,2154.0,0.7,6361.0,872.0,680.5
NLIC,6/1/2017,2154.0,2179.0,2135.0,2168.0,0.65,6729.0,872.0,680.5
NLIC,6/4/2017,2168.0,2175.0,2138.0,2141.0,-1.25,7434.0,872.0,680.5
NLIC,6/5/2017,2141.0,2160.0,2115.0,2122.0,-0.89,12209.0,872.0,680.5
NLIC,6/6/2017,2122.0,2230.0,2130.0,2165.0,2.03,15825.0,872.0,680.5
NLIC,6/7/2017,2165.0,2194.0,2160.0,2172.0,0.32,8149.0,872.0,680.5
NLIC,6/8/2017,2172.0,2160.0,2135.0,2155.0,-0.78,13244.0,872.0,680.5
NLIC,6/11/2017,2155.0,2180.0,2120.0,2121.0,-1.58,11598.0,872.0,680.5
NLIC,6/12/2017,2121.0,2130.0,2081.0,2099.0,-1.04,16991.0,872.0,680.5
NLIC,6/13/2017,2099.0,2120.0,2090.0,2102.0,0.14,8651.0,872.0,680.5
NLIC,6/14/2017,2102.0,2105.0,2085.0,2100.0,-0.1,6525.0,872.0,680.5
NLIC,6/15/2017,2100.0,2142.0,2070.0,2109.0,0.43,9712.0,872.0,680.5
NLIC,6/18/2017,2109.0,2114.0,2075.0,2090.0,-0.9,8011.0,872.0,680.5
NLIC,6/19/2017,2090.0,2090.0,2052.0,2072.0,-0.86,4714.0,872.0,680.5
NLIC,6/20/2017,2072.0,2080.0,2040.0,2047.0,-1.21,11480.0,872.0,680.5
NLIC,6/21/2017,2047.0,2060.0,2035.0,2051.0,0.2,6565.0,872.0,680.5
NLIC,6/22/2017,2051.0,2075.0,2021.0,2045.0,-0.29,4845.0,872.0,680.5
NLIC,6/25/2017,2045.0,2072.0,2030.0,2070.0,1.22,9391.0,872.0,680.5
NLIC,6/27/2017,2070.0,2075.0,2040.0,2075.0,0.24,7437.0,872.0,680.5
NLIC,6/28/2017,2075.0,2059.0,2045.0,2045.0,-1.45,7450.0,872.0,680.5
NLIC,7/2/2017,2045.0,2010.0,1993.0,2005.0,-1.96,25322.0,872.0,680.5
NLIC,7/3/2017,2005.0,2025.0,1992.0,2025.0,1.0,17892.0,872.0,680.5
NLIC,7/4/2017,2025.0,2011.0,2000.0,2000.0,-1.23,11027.0,872.0,680.5
NLIC,7/5/2017,2000.0,2050.0,1999.0,2049.0,2.45,23846.0,872.0,680.5
NLIC,7/6/2017,2049.0,2180.0,2049.0,2170.0,5.91,26116.0,872.0,680.5
NLIC,7/9/2017,2170.0,2260.0,2058.0,2178.0,0.37,42510.0,872.0,680.5
NLIC,7/10/2017,2178.0,2185.0,2130.0,2141.0,-1.7,17950.0,872.0,680.5
NLIC,7/11/2017,2141.0,2178.0,2121.0,2160.0,0.89,22896.0,872.0,680.5
NLIC,7/12/2017,2160.0,2176.0,2140.0,2164.0,0.19,12770.0,872.0,680.5
NLIC,7/13/2017,2164.0,2200.0,2146.0,2148.0,-0.74,21241.0,872.0,680.5
NLIC,7/16/2017,2148.0,2160.0,2140.0,2150.0,0.09,10115.0,872.0,680.5
NLIC,7/17/2017,2150.0,2169.0,2140.0,2168.0,0.84,16168.0,872.0,680.5
NLIC,7/18/2017,2168.0,2284.0,2150.0,2273.0,4.84,41706.0,872.0,680.5
NLIC,7/19/2017,2273.0,2310.0,2246.0,2272.0,-0.04,31653.0,872.0,680.5
NLIC,7/20/2017,2272.0,2293.0,2265.0,2272.0,0.0,26942.0,872.0,680.5
NLIC,7/23/2017,2272.0,2337.0,2271.0,2302.0,1.32,29849.0,872.0,680.5
NLIC,7/24/2017,2302.0,2335.0,2302.0,2311.0,0.39,27144.0,872.0,680.5
NLIC,7/25/2017,2311.0,2335.0,2300.0,2310.0,-0.04,14266.0,872.0,680.5
NLIC,7/26/2017,2310.0,2340.0,2310.0,2330.0,0.87,19418.0,872.0,680.5
NLIC,7/27/2017,2330.0,2340.0,2306.0,2312.0,-0.77,16625.0,872.0,680.5
NLIC,7/30/2017,2312.0,2325.0,2266.0,2300.0,-0.52,16567.0,872.0,680.5
NLIC,7/31/2017,2300.0,2315.0,2281.0,2297.0,-0.13,18873.0,872.0,680.5
NLIC,8/1/2017,2297.0,2305.0,2275.0,2275.0,-0.96,12132.0,872.0,680.5
NLIC,8/2/2017,2275.0,2301.0,2260.0,2275.0,0.0,13453.0,872.0,680.5
NLIC,8/3/2017,2275.0,2290.0,2250.0,2265.0,-0.44,22968.0,872.0,680.5
NLIC,8/6/2017,2265.0,2270.0,2201.0,2231.0,-1.5,17832.0,872.0,680.5
NLIC,8/7/2017,2231.0,2239.0,2206.0,2236.0,0.22,18601.0,872.0,680.5
NLIC,8/9/2017,2236.0,2248.0,2218.0,2225.0,-0.49,17492.0,872.0,680.5
NLIC,8/10/2017,2225.0,2234.0,2200.0,2215.0,-0.45,17587.0,872.0,680.5
NLIC,8/13/2017,2215.0,2227.0,2175.0,2179.0,-1.63,18817.0,872.0,680.5
NLIC,8/15/2017,2179.0,2186.0,2143.0,2150.0,-1.33,16960.0,872.0,680.5
NLIC,8/16/2017,2150.0,2190.0,2125.0,2159.0,0.42,8506.0,872.0,680.5
NLIC,8/17/2017,2159.0,2165.0,2141.0,2150.0,-0.42,22632.0,872.0,680.5
NLIC,8/20/2017,2150.0,2160.0,2139.0,2143.0,-0.33,7235.0,872.0,680.5
NLIC,8/21/2017,2143.0,2150.0,2125.0,2130.0,-0.61,12436.0,872.0,680.5
NLIC,8/22/2017,2130.0,2150.0,2101.0,2127.0,-0.14,17911.0,872.0,680.5
NLIC,8/23/2017,2127.0,2140.0,2120.0,2128.0,0.05,7825.0,872.0,680.5
NLIC,8/24/2017,2128.0,2150.0,2120.0,2135.0,0.33,4058.0,872.0,680.5
NLIC,8/27/2017,2135.0,2160.0,2124.0,2127.0,-0.37,8677.0,872.0,680.5
NLIC,8/28/2017,2127.0,2145.0,2107.0,2119.0,-0.38,27803.0,872.0,680.5
NLIC,8/30/2017,2119.0,2120.0,2075.0,2090.0,-1.37,17476.0,872.0,680.5
NLIC,8/31/2017,2090.0,2090.0,2050.0,2060.0,-1.44,13477.0,872.0,680.5
NLIC,9/4/2017,2060.0,2080.0,2016.0,2040.0,-0.97,14544.0,872.0,680.5
NLIC,9/6/2017,2040.0,2080.0,2036.0,2050.0,0.49,16515.0,872.0,680.5
NLIC,9/7/2017,2050.0,2085.0,2030.0,2032.0,-0.88,8186.0,872.0,680.5
NLIC,9/10/2017,2032.0,2040.0,1977.0,1985.0,-2.31,18650.0,872.0,680.5
NLIC,9/11/2017,1985.0,2020.0,1976.0,2005.0,1.01,15662.0,872.0,680.5
NLIC,9/12/2017,2005.0,2000.0,1965.0,1970.0,-1.75,18712.0,872.0,680.5
NLIC,9/13/2017,1970.0,2000.0,1960.0,1969.0,-0.05,11100.0,872.0,680.5
NLIC,9/14/2017,1969.0,1995.0,1955.0,1989.0,1.02,15552.0,872.0,680.5
NLIC,9/17/2017,1989.0,2024.0,1975.0,2006.0,0.85,19023.0,872.0,680.5
NLIC,9/18/2017,2006.0,2025.0,1990.0,1992.0,-0.7,13766.0,872.0,680.5
NLIC,9/20/2017,1992.0,2010.0,1975.0,1990.0,-0.1,7931.0,872.0,680.5
NLIC,9/24/2017,1990.0,2002.0,1980.0,2000.0,0.5,6495.0,872.0,680.5
NLIC,9/25/2017,2000.0,2010.0,1977.0,1996.0,-0.2,5700.0,872.0,680.5
NLIC,9/26/2017,1996.0,2005.0,1995.0,2000.0,0.2,6128.0,872.0,680.5
NLIC,10/3/2017,2000.0,2014.0,1995.0,2002.0,0.1,1075.0,872.0,680.5
NLIC,10/4/2017,2002.0,2014.0,1990.0,1990.0,-0.6,9106.0,872.0,680.5
NLIC,10/8/2017,1990.0,1980.0,1921.0,1943.0,-2.36,7372.0,872.0,680.5
NLIC,10/9/2017,1943.0,1960.0,1936.0,1950.0,0.36,6186.0,872.0,680.5
NLIC,10/10/2017,1950.0,1970.0,1935.0,1970.0,1.03,5339.0,872.0,680.5
NLIC,10/11/2017,1970.0,1975.0,1956.0,1972.0,0.1,4082.0,872.0,680.5
NLIC,10/12/2017,1972.0,1988.0,1967.0,1988.0,0.81,3984.0,872.0,680.5
NLIC,10/15/2017,1988.0,1983.0,1964.0,1968.0,-1.01,4556.0,872.0,680.5
NLIC,10/16/2017,1968.0,2030.0,1970.0,2023.0,2.79,9150.0,872.0,680.5
NLIC,10/17/2017,2023.0,2041.0,1990.0,2004.0,-0.94,11113.0,872.0,680.5
NLIC,10/18/2017,2004.0,2017.0,1990.0,2017.0,0.65,6159.0,872.0,680.5
NLIC,10/22/2017,2017.0,2035.0,2008.0,2015.0,-0.1,1655.0,872.0,680.5
NLIC,10/23/2017,2015.0,2050.0,1990.0,1990.0,-1.24,5513.0,872.0,680.5
NLIC,10/24/2017,1990.0,2023.0,1986.0,1990.0,0.0,3135.0,872.0,680.5
NLIC,10/25/2017,1990.0,2015.0,1964.0,1972.0,-0.9,7602.0,872.0,680.5
NLIC,10/29/2017,1972.0,1972.0,1958.0,1958.0,-0.71,7303.0,872.0,680.5
NLIC,10/30/2017,1958.0,1967.0,1950.0,1955.0,-0.15,9347.0,872.0,680.5
NLIC,10/31/2017,1955.0,1960.0,1940.0,1960.0,0.26,6825.0,872.0,680.5
NLIC,11/1/2017,1960.0,1950.0,1933.0,1942.0,-0.92,3521.0,872.0,680.5
NLIC,11/2/2017,1942.0,1945.0,1923.0,1932.0,-0.51,8694.0,872.0,680.5
NLIC,11/5/2017,1932.0,1940.0,1890.0,1910.0,-1.14,16688.0,872.0,680.5
NLIC,11/6/2017,1910.0,1940.0,1881.0,1908.0,-0.1,7112.0,872.0,680.5
NLIC,11/7/2017,1908.0,1930.0,1895.0,1898.0,-0.52,4816.0,872.0,680.5
NLIC,11/8/2017,1898.0,1899.0,1850.0,1855.0,-2.27,12414.0,872.0,680.5
NLIC,11/9/2017,1855.0,1900.0,1831.0,1860.0,0.27,8640.0,872.0,680.5
NLIC,11/12/2017,1860.0,1880.0,1855.0,1873.0,0.7,4174.0,872.0,680.5
NLIC,11/13/2017,1873.0,1909.0,1881.0,1895.0,1.17,8788.0,872.0,680.5
NLIC,11/14/2017,1895.0,1915.0,1889.0,1900.0,0.26,8384.0,872.0,680.5
NLIC,11/15/2017,1900.0,1900.0,1875.0,1881.0,-1.0,8393.0,872.0,680.5
NLIC,11/16/2017,1881.0,1918.0,1890.0,1893.0,0.64,13699.0,872.0,680.5
NLIC,11/19/2017,1893.0,1905.0,1870.0,1876.0,-0.9,9192.0,872.0,680.5
NLIC,11/20/2017,1876.0,1904.0,1884.0,1889.0,0.69,8911.0,872.0,680.5
NLIC,11/21/2017,1889.0,1897.0,1881.0,1890.0,0.05,7008.0,872.0,680.5
NLIC,11/22/2017,1890.0,1910.0,1890.0,1910.0,1.06,6578.0,872.0,680.5
NLIC,11/23/2017,1910.0,1919.0,1900.0,1910.0,0.0,14064.0,872.0,680.5
NLIC,11/26/2017,1910.0,1920.0,1907.0,1910.0,0.0,13031.0,872.0,680.5
NLIC,11/27/2017,1910.0,1943.0,1909.0,1914.0,0.21,18829.0,872.0,680.5
NLIC,11/28/2017,1914.0,1919.0,1900.0,1900.0,-0.73,17432.0,872.0,680.5
NLIC,11/29/2017,1900.0,1930.0,1900.0,1920.0,1.05,18346.0,872.0,680.5
NLIC,11/30/2017,1920.0,1924.0,1900.0,1902.0,-0.94,10952.0,872.0,680.5
NLIC,12/4/2017,1902.0,1925.0,1890.0,1890.0,-0.63,5454.0,872.0,680.5
NLIC,12/5/2017,1890.0,1895.0,1880.0,1890.0,0.0,5499.0,872.0,680.5
NLIC,12/6/2017,1890.0,1927.0,1890.0,1898.0,0.42,15298.0,872.0,680.5
NLIC,12/10/2017,1898.0,1938.0,1892.0,1896.0,-0.11,6458.0,872.0,680.5
NLIC,12/11/2017,1896.0,1900.0,1884.0,1887.0,-0.47,3888.0,872.0,680.5
NLIC,12/12/2017,1887.0,1900.0,1878.0,1878.0,-0.48,4067.0,872.0,680.5
NLIC,12/13/2017,1878.0,1890.0,1867.0,1873.0,-0.27,4584.0,872.0,680.5
NLIC,12/14/2017,1873.0,1885.0,1866.0,1880.0,0.37,3179.0,872.0,680.5
NLIC,12/17/2017,1880.0,1885.0,1854.0,1859.0,-1.12,7122.0,872.0,680.5
NLIC,12/18/2017,1859.0,1870.0,1850.0,1855.0,-0.22,7649.0,872.0,680.5
NLIC,12/19/2017,1855.0,1855.0,1846.0,1846.0,-0.49,3963.0,872.0,680.5
NLIC,12/20/2017,1846.0,1850.0,1834.0,1844.0,-0.11,3470.0,872.0,680.5
NLIC,12/21/2017,1844.0,1850.0,1819.0,1820.0,-1.3,8235.0,872.0,680.5
NLIC,12/24/2017,1820.0,1830.0,1800.0,1805.0,-0.82,15280.0,872.0,680.5
NLIC,12/26/2017,1805.0,1815.0,1775.0,1786.0,-1.05,5711.0,872.0,680.5
NLIC,12/27/2017,1786.0,1790.0,1740.0,1752.0,-1.9,11093.0,872.0,680.5
NLIC,12/28/2017,1752.0,1770.0,1731.0,1751.0,-0.06,10139.0,872.0,680.5
NLIC,12/31/2017,1751.0,1740.0,1710.0,1721.0,-1.71,8093.0,872.0,680.5
NLIC,1/1/2018,1721.0,1765.0,1727.0,1759.0,2.21,10701.0,872.0,680.5
NLIC,1/2/2018,1759.0,1761.0,1725.0,1740.0,-1.08,14371.0,872.0,680.5
NLIC,1/3/2018,1740.0,1750.0,1720.0,1720.0,-1.15,6135.0,872.0,680.5
NLIC,1/4/2018,1720.0,1749.0,1719.0,1730.0,0.58,14709.0,872.0,680.5
NLIC,1/7/2018,1730.0,1833.0,1750.0,1822.0,5.32,29515.0,872.0,680.5
NLIC,1/8/2018,1822.0,1899.0,1822.0,1875.0,2.91,44240.0,872.0,680.5
NLIC,1/9/2018,1875.0,1935.0,1870.0,1879.0,0.21,33629.0,872.0,680.5
NLIC,1/10/2018,1879.0,1879.0,1818.0,1821.0,-3.09,20995.0,872.0,680.5
NLIC,1/14/2018,1821.0,1810.0,1785.0,1786.0,-1.92,8503.0,872.0,680.5
NLIC,1/16/2018,1786.0,1870.0,1755.0,1799.0,0.73,11681.0,872.0,680.5
NLIC,1/17/2018,1799.0,1807.0,1771.0,1790.0,-0.5,3523.0,872.0,680.5
NLIC,1/21/2018,1790.0,1801.0,1777.0,1777.0,-0.73,4566.0,872.0,680.5
NLIC,1/22/2018,1777.0,1790.0,1772.0,1772.0,-0.28,4004.0,872.0,680.5
NLIC,1/23/2018,1772.0,1785.0,1760.0,1784.0,0.68,3915.0,872.0,680.5
NLIC,1/24/2018,1784.0,1790.0,1752.0,1770.0,-0.78,2697.0,872.0,680.5
NLIC,1/25/2018,1770.0,1787.0,1752.0,1787.0,0.96,5208.0,872.0,680.5
NLIC,1/28/2018,1787.0,1790.0,1775.0,1783.0,-0.22,10157.0,872.0,680.5
NLIC,1/29/2018,1783.0,1790.0,1760.0,1790.0,0.39,8420.0,872.0,680.5
NLIC,1/31/2018,1790.0,1805.0,1772.0,1800.0,0.56,12346.0,872.0,680.5
NLIC,2/1/2018,1800.0,1807.0,1790.0,1795.0,-0.28,12673.0,872.0,680.5
NLIC,2/4/2018,1795.0,1809.0,1780.0,1786.0,-0.5,6757.0,872.0,680.5
NLIC,2/5/2018,1786.0,1785.0,1760.0,1760.0,-1.46,6366.0,872.0,680.5
NLIC,2/6/2018,1760.0,1790.0,1760.0,1770.0,0.57,3639.0,872.0,680.5
NLIC,2/7/2018,1770.0,1800.0,1755.0,1760.0,-0.56,5222.0,872.0,680.5
NLIC,2/8/2018,1760.0,1774.0,1750.0,1772.0,0.68,5713.0,872.0,680.5
NLIC,2/11/2018,1772.0,1799.0,1771.0,1775.0,0.17,5402.0,872.0,680.5
NLIC,2/12/2018,1775.0,1790.0,1760.0,1780.0,0.28,3513.0,872.0,680.5
NLIC,2/14/2018,1780.0,1780.0,1769.0,1780.0,0.0,6807.0,872.0,680.5
NLIC,2/15/2018,1780.0,1824.0,1785.0,1824.0,2.47,16723.0,872.0,680.5
NLIC,2/18/2018,1855.0,1859.0,1790.0,1791.0,-1.81,10168.0,872.0,680.5
NLIC,2/20/2018,1815.0,1820.0,1768.0,1775.0,-0.89,5142.0,872.0,680.5
NLIC,2/21/2018,1770.0,1779.0,1760.0,1772.0,-0.17,5174.0,872.0,680.5
NLIC,2/22/2018,1765.0,1775.0,1760.0,1762.0,-0.56,10141.0,872.0,680.5
NLIC,2/25/2018,1760.0,1769.0,1753.0,1763.0,0.06,6252.0,872.0,680.5
NLIC,2/26/2018,1798.0,1834.0,1775.0,1784.0,1.19,58624.0,872.0,680.5
NLIC,2/27/2018,1784.0,1805.0,1780.0,1790.0,0.34,37488.0,872.0,680.5
NLIC,2/28/2018,1791.0,1795.0,1770.0,1775.0,-0.84,23815.0,872.0,680.5
NLIC,3/4/2018,1770.0,1770.0,1716.0,1719.0,-3.15,19666.0,872.0,680.5
NLIC,3/5/2018,1739.0,1756.0,1707.0,1722.0,0.17,13716.0,872.0,680.5
NLIC,3/6/2018,1722.0,1745.0,1695.0,1737.0,0.87,14783.0,872.0,680.5
NLIC,3/7/2018,1740.0,1780.0,1730.0,1780.0,2.48,16443.0,872.0,680.5
NLIC,3/11/2018,1770.0,1770.0,1710.0,1720.0,-3.37,14587.0,872.0,680.5
NLIC,3/12/2018,1731.0,1740.0,1712.0,1725.0,0.29,8586.0,872.0,680.5
NLIC,3/13/2018,1727.0,1728.0,1719.0,1720.0,-0.29,12871.0,872.0,680.5
NLIC,3/14/2018,1706.0,1735.0,1706.0,1725.0,0.29,6097.0,872.0,680.5
NLIC,3/15/2018,1725.0,1734.0,1723.0,1725.0,0.0,5405.0,872.0,680.5
NLIC,3/18/2018,1720.0,1734.0,1720.0,1724.0,-0.06,15278.0,872.0,680.5
NLIC,3/19/2018,1726.0,1733.0,1705.0,1715.0,-0.52,17936.0,872.0,680.5
NLIC,3/20/2018,1715.0,1724.0,1676.0,1680.0,-2.04,15928.0,872.0,680.5
NLIC,3/21/2018,1680.0,1695.0,1613.0,1618.0,-3.69,21234.0,872.0,680.5
NLIC,3/22/2018,1621.0,1629.0,1550.0,1600.0,-1.11,29839.0,872.0,680.5
NLIC,3/26/2018,1570.0,1570.0,1529.0,1545.0,-3.44,35774.0,872.0,680.5
NLIC,3/27/2018,1544.0,1614.0,1477.0,1585.0,2.59,66436.0,872.0,680.5
NLIC,3/28/2018,1138.0,1149.0,1072.0,1100.0,-30.6,20701.0,872.0,680.5
NLIC,3/29/2018,1105.0,1111.0,1092.0,1100.0,0.0,13637.0,872.0,680.5
NLIC,4/1/2018,1110.0,1110.0,1035.0,1056.0,-4.0,12778.0,872.0,680.5
NLIC,4/2/2018,1050.0,1060.0,1040.0,1050.0,-0.57,10088.0,872.0,680.5
NLIC,4/3/2018,1041.0,1050.0,1025.0,1040.0,-0.95,8133.0,872.0,680.5
NLIC,4/4/2018,1060.0,1080.0,1048.0,1075.0,3.37,6687.0,872.0,680.5
NLIC,4/5/2018,1090.0,1120.0,1080.0,1120.0,4.19,20534.0,872.0,680.5
NLIC,4/8/2018,1120.0,1194.0,1120.0,1172.0,4.64,18891.0,872.0,680.5
NLIC,4/9/2018,1195.0,1215.0,1160.0,1176.0,0.34,18592.0,872.0,680.5
NLIC,4/10/2018,1165.0,1190.0,1156.0,1165.0,-0.94,8285.0,872.0,680.5
NLIC,4/11/2018,1161.0,1170.0,1144.0,1156.0,-0.77,6941.0,872.0,680.5
NLIC,4/12/2018,1175.0,1175.0,1150.0,1155.0,-0.09,6778.0,872.0,680.5
NLIC,4/15/2018,1150.0,1159.0,1127.0,1156.0,0.09,6084.0,872.0,680.5
NLIC,4/16/2018,1151.0,1180.0,1151.0,1180.0,2.08,11100.0,872.0,680.5
NLIC,4/17/2018,1190.0,1215.0,1186.0,1209.0,2.46,25734.0,872.0,680.5
NLIC,4/18/2018,1220.0,1227.0,1190.0,1200.0,-0.74,17273.0,872.0,680.5
NLIC,4/19/2018,1200.0,1209.0,1190.0,1200.0,0.0,14460.0,872.0,680.5
NLIC,4/22/2018,1219.0,1240.0,1205.0,1230.0,2.5,29712.0,872.0,680.5
NLIC,4/23/2018,1253.0,1254.0,1200.0,1215.0,-1.22,30002.0,872.0,680.5
NLIC,4/24/2018,1205.0,1222.0,1185.0,1200.0,-1.23,21906.0,872.0,680.5
NLIC,4/25/2018,1224.0,1224.0,1180.0,1189.0,-0.92,10745.0,872.0,680.5
NLIC,4/26/2018,1190.0,1190.0,1160.0,1165.0,-2.02,11725.0,872.0,680.5
NLIC,4/29/2018,1178.0,1185.0,1140.0,1166.0,0.09,3457.0,872.0,680.5
NLIC,5/2/2018,1166.0,1166.0,1153.0,1165.0,-0.09,4002.0,872.0,680.5
NLIC,5/3/2018,1188.0,1200.0,1160.0,1180.0,1.29,16037.0,872.0,680.5
NLIC,5/6/2018,1166.0,1185.0,1160.0,1164.0,-1.36,13273.0,872.0,680.5
NLIC,5/7/2018,1146.0,1164.0,1146.0,1160.0,-0.34,12737.0,872.0,680.5
NLIC,5/8/2018,1165.0,1180.0,1155.0,1178.0,1.55,20714.0,872.0,680.5
NLIC,5/9/2018,1170.0,1187.0,1164.0,1170.0,-0.68,13244.0,872.0,680.5
NLIC,5/10/2018,1170.0,1171.0,1161.0,1166.0,-0.34,19108.0,872.0,680.5
NLIC,5/14/2018,1161.0,1175.0,1160.0,1160.0,-0.51,7480.0,872.0,680.5
NLIC,5/15/2018,1160.0,1165.0,1154.0,1155.0,-0.43,3650.0,872.0,680.5
NLIC,5/16/2018,1155.0,1165.0,1150.0,1150.0,-0.43,5503.0,872.0,680.5
NLIC,5/17/2018,1150.0,1163.0,1150.0,1155.0,0.43,7062.0,872.0,680.5
NLIC,5/20/2018,1161.0,1175.0,1158.0,1159.0,0.35,4510.0,872.0,680.5
NLIC,5/21/2018,1165.0,1165.0,1146.0,1156.0,-0.26,2461.0,872.0,680.5
NLIC,5/22/2018,1160.0,1167.0,1150.0,1153.0,-0.26,6341.0,872.0,680.5
NLIC,5/23/2018,1145.0,1154.0,1145.0,1146.0,-0.61,2028.0,872.0,680.5
NLIC,5/24/2018,1150.0,1160.0,1141.0,1146.0,0.0,1907.0,872.0,680.5
NLIC,5/27/2018,1147.0,1147.0,1125.0,1126.0,-1.75,3567.0,872.0,680.5
NLIC,5/28/2018,1110.0,1155.0,1110.0,1150.0,2.13,9520.0,872.0,680.5
NLIC,5/29/2018,1170.0,1170.0,1140.0,1143.0,-0.61,3826.0,872.0,680.5
NLIC,5/30/2018,1150.0,1175.0,1141.0,1145.0,0.17,2997.0,872.0,680.5
NLIC,5/31/2018,1150.0,1150.0,1128.0,1131.0,-1.22,11368.0,872.0,680.5
NLIC,6/3/2018,1120.0,1132.0,1080.0,1098.0,-2.92,15490.0,872.0,680.5
NLIC,6/4/2018,1080.0,1122.0,1070.0,1075.0,-2.09,11276.0,872.0,680.5
NLIC,6/6/2018,1096.0,1125.0,1096.0,1096.0,1.95,7135.0,872.0,680.5
NLIC,6/7/2018,1100.0,1101.0,1062.0,1065.0,-2.83,14101.0,872.0,680.5
NLIC,6/10/2018,1063.0,1080.0,1030.0,1031.0,-3.19,16240.0,872.0,680.5
NLIC,6/11/2018,1040.0,1054.0,1010.0,1035.0,0.39,7335.0,872.0,680.5
NLIC,6/12/2018,1040.0,1048.0,1015.0,1031.0,-0.39,23114.0,872.0,680.5
NLIC,6/13/2018,1031.0,1035.0,1012.0,1029.0,-0.19,12941.0,872.0,680.5
NLIC,6/14/2018,1040.0,1044.0,1022.0,1025.0,-0.39,10065.0,872.0,680.5
NLIC,6/17/2018,1010.0,1030.0,1010.0,1017.0,-0.78,4576.0,872.0,680.5
NLIC,6/18/2018,1010.0,1019.0,1003.0,1014.0,-0.29,5741.0,872.0,680.5
NLIC,6/19/2018,1015.0,1015.0,1006.0,1007.0,-0.69,5671.0,872.0,680.5
NLIC,6/20/2018,1000.0,1005.0,1000.0,1005.0,-0.2,9066.0,872.0,680.5
NLIC,6/21/2018,995.0,1012.0,992.0,1007.0,0.2,3717.0,872.0,680.5
NLIC,6/24/2018,1027.0,1027.0,1008.0,1014.0,0.7,3134.0,872.0,680.5
NLIC,6/25/2018,1014.0,1014.0,1000.0,1003.0,-1.08,3444.0,872.0,680.5
NLIC,6/26/2018,1003.0,1010.0,996.0,1000.0,-0.3,6322.0,872.0,680.5
NLIC,6/27/2018,995.0,1009.0,995.0,1000.0,0.0,5014.0,872.0,680.5
NLIC,6/28/2018,1010.0,1010.0,990.0,997.0,-0.3,4015.0,872.0,680.5
NLIC,7/1/2018,998.0,1002.0,992.0,992.0,-0.5,4983.0,872.0,680.5
NLIC,7/2/2018,992.0,999.0,983.0,991.0,-0.1,7743.0,872.0,680.5
NLIC,7/3/2018,991.0,1005.0,987.0,994.0,0.3,2732.0,872.0,680.5
NLIC,7/4/2018,994.0,1012.0,994.0,1008.0,1.41,5676.0,872.0,680.5
NLIC,7/5/2018,1010.0,1043.0,1002.0,1042.0,3.37,8031.0,872.0,680.5
NLIC,7/8/2018,1062.0,1070.0,1043.0,1044.0,0.19,15574.0,872.0,680.5
NLIC,7/9/2018,1046.0,1048.0,1026.0,1031.0,-1.25,8746.0,872.0,680.5
NLIC,7/10/2018,1013.0,1040.0,1013.0,1025.0,-0.58,7198.0,872.0,680.5
NLIC,7/11/2018,1032.0,1063.0,1025.0,1025.0,0.0,5789.0,872.0,680.5
NLIC,7/12/2018,1030.0,1035.0,1000.0,1000.0,-2.44,10586.0,872.0,680.5
NLIC,7/15/2018,1000.0,1028.0,1000.0,1025.0,2.5,3502.0,872.0,680.5
NLIC,7/16/2018,1010.0,1050.0,1010.0,1050.0,2.44,6713.0,872.0,680.5
NLIC,7/17/2018,1050.0,1063.0,1032.0,1036.0,-1.33,8473.0,872.0,680.5
NLIC,7/18/2018,1050.0,1052.0,1016.0,1022.0,-1.35,5082.0,872.0,680.5
NLIC,7/19/2018,1020.0,1030.0,1017.0,1020.0,-0.2,4023.0,872.0,680.5
NLIC,7/22/2018,1020.0,1020.0,1003.0,1015.0,-0.49,5582.0,872.0,680.5
NLIC,7/23/2018,1010.0,1020.0,1008.0,1016.0,0.1,3861.0,872.0,680.5
NLIC,7/24/2018,1016.0,1034.0,1016.0,1025.0,0.89,2310.0,872.0,680.5
NLIC,7/25/2018,1020.0,1025.0,1018.0,1018.0,-0.68,4103.0,872.0,680.5
NLIC,7/26/2018,1013.0,1020.0,1005.0,1010.0,-0.79,8233.0,872.0,680.5
NLIC,7/29/2018,1025.0,1025.0,1010.0,1015.0,0.5,5986.0,872.0,680.5
NLIC,7/30/2018,1015.0,1015.0,1009.0,1009.0,-0.59,4557.0,872.0,680.5
NLIC,7/31/2018,1010.0,1015.0,1005.0,1005.0,-0.4,4512.0,872.0,680.5
NLIC,8/1/2018,1014.0,1016.0,1006.0,1012.0,0.7,6305.0,872.0,680.5
NLIC,8/2/2018,1012.0,1014.0,1009.0,1011.0,-0.1,2871.0,872.0,680.5
NLIC,8/5/2018,1015.0,1015.0,1006.0,1012.0,0.1,2126.0,872.0,680.5
NLIC,8/6/2018,1030.0,1030.0,1004.0,1005.0,-0.69,8000.0,872.0,680.5
NLIC,8/7/2018,1010.0,1012.0,1000.0,1002.0,-0.3,5307.0,872.0,680.5
NLIC,8/8/2018,1002.0,1007.0,996.0,1000.0,-0.2,4298.0,872.0,680.5
NLIC,8/9/2018,1002.0,1002.0,965.0,967.0,-3.3,22509.0,872.0,680.5
NLIC,8/12/2018,962.0,962.0,910.0,910.0,-5.89,40611.0,872.0,680.5
NLIC,8/13/2018,895.0,947.0,874.0,947.0,4.07,13127.0,872.0,680.5
NLIC,8/14/2018,947.0,954.0,934.0,946.0,-0.11,8502.0,872.0,680.5
NLIC,8/15/2018,954.0,960.0,940.0,960.0,1.48,10372.0,872.0,680.5
NLIC,8/16/2018,969.0,970.0,945.0,956.0,-0.42,11452.0,872.0,680.5
NLIC,8/19/2018,962.0,965.0,951.0,955.0,-0.1,5331.0,872.0,680.5
NLIC,8/20/2018,950.0,950.0,935.0,939.0,-1.68,7304.0,872.0,680.5
NLIC,8/21/2018,939.0,939.0,929.0,935.0,-0.43,4875.0,872.0,680.5
NLIC,8/22/2018,925.0,925.0,915.0,920.0,-1.6,7196.0,872.0,680.5
NLIC,8/23/2018,920.0,922.0,910.0,915.0,-0.54,9456.0,872.0,680.5
NLIC,8/26/2018,901.0,923.0,901.0,915.0,0.0,3428.0,872.0,680.5
NLIC,8/28/2018,915.0,917.0,900.0,901.0,-1.53,18104.0,872.0,680.5
NLIC,8/29/2018,901.0,906.0,898.0,902.0,0.11,9344.0,872.0,680.5
NLIC,8/30/2018,901.0,915.0,894.0,906.0,0.44,18482.0,872.0,680.5
NLIC,9/2/2018,906.0,906.0,890.0,895.0,-1.21,32446.0,872.0,680.5
NLIC,9/3/2018,900.0,923.0,880.0,900.0,0.56,127183.0,872.0,680.5
NLIC,9/4/2018,908.0,918.0,895.0,900.0,0.0,33203.0,872.0,680.5
NLIC,9/5/2018,903.0,924.0,901.0,917.0,1.89,25809.0,872.0,680.5
NLIC,9/6/2018,918.0,924.0,910.0,915.0,-0.22,14480.0,872.0,680.5
NLIC,9/9/2018,911.0,915.0,901.0,906.0,-0.98,9134.0,872.0,680.5
NLIC,9/10/2018,910.0,910.0,900.0,900.0,-0.66,7592.0,872.0,680.5
NLIC,9/11/2018,900.0,911.0,900.0,905.0,0.56,5818.0,872.0,680.5
NLIC,9/12/2018,900.0,910.0,900.0,905.0,0.0,4479.0,872.0,680.5
NLIC,9/13/2018,905.0,912.0,900.0,900.0,-0.55,13792.0,872.0,680.5
NLIC,9/16/2018,910.0,924.0,903.0,914.0,1.56,10647.0,872.0,680.5
NLIC,9/17/2018,920.0,940.0,917.0,931.0,1.86,11962.0,872.0,680.5
NLIC,9/18/2018,934.0,946.0,926.0,932.0,0.11,9834.0,872.0,680.5
NLIC,9/20/2018,933.0,935.0,921.0,927.0,-0.54,7283.0,872.0,680.5
NLIC,9/23/2018,915.0,922.0,915.0,919.0,-0.86,9722.0,872.0,680.5
NLIC,9/25/2018,919.0,927.0,919.0,922.0,0.33,11491.0,872.0,680.5
NLIC,9/26/2018,925.0,937.0,925.0,937.0,1.63,28378.0,872.0,680.5
NLIC,9/27/2018,940.0,960.0,930.0,948.0,1.17,20619.0,872.0,680.5
NLIC,9/30/2018,950.0,966.0,945.0,948.0,0.0,13117.0,872.0,680.5
NLIC,10/1/2018,948.0,948.0,931.0,932.0,-1.69,10489.0,872.0,680.5
NLIC,10/2/2018,933.0,940.0,928.0,939.0,0.75,14217.0,872.0,680.5
NLIC,10/3/2018,939.0,940.0,931.0,935.0,-0.43,18889.0,872.0,680.5
NLIC,10/4/2018,934.0,940.0,925.0,933.0,-0.21,15400.0,872.0,680.5
NLIC,10/7/2018,930.0,938.0,928.0,932.0,-0.11,22158.0,872.0,680.5
NLIC,10/8/2018,927.0,932.0,927.0,930.0,-0.21,9819.0,872.0,680.5
NLIC,10/9/2018,930.0,939.0,929.0,930.0,0.0,10297.0,872.0,680.5
NLIC,10/10/2018,920.0,938.0,920.0,938.0,0.86,4540.0,872.0,680.5
NLIC,10/11/2018,930.0,937.0,920.0,930.0,-0.85,12594.0,872.0,680.5
NLIC,10/14/2018,930.0,940.0,930.0,937.0,0.75,3065.0,872.0,680.5
NLIC,10/15/2018,937.0,940.0,931.0,931.0,-0.64,3722.0,872.0,680.5
NLIC,10/21/2018,940.0,940.0,935.0,936.0,0.54,255.0,872.0,680.5
NLIC,10/22/2018,933.0,938.0,932.0,932.0,-0.43,2758.0,872.0,680.5
NLIC,10/23/2018,930.0,934.0,930.0,931.0,-0.11,2653.0,872.0,680.5
NLIC,10/24/2018,930.0,941.0,930.0,935.0,0.43,4606.0,872.0,680.5
NLIC,10/25/2018,933.0,938.0,933.0,934.0,-0.11,2064.0,872.0,680.5
NLIC,10/28/2018,930.0,930.0,920.0,922.0,-1.28,4171.0,872.0,680.5
NLIC,10/29/2018,912.0,929.0,912.0,924.0,0.22,5469.0,872.0,680.5
NLIC,10/30/2018,924.0,933.0,922.0,933.0,0.97,6729.0,872.0,680.5
NLIC,10/31/2018,930.0,941.0,925.0,934.0,0.11,4390.0,872.0,680.5
NLIC,11/1/2018,926.0,935.0,926.0,932.0,-0.21,3419.0,872.0,680.5
NLIC,11/4/2018,914.0,937.0,914.0,937.0,0.54,23510.0,872.0,680.5
NLIC,11/5/2018,930.0,938.0,925.0,935.0,-0.21,5662.0,872.0,680.5
NLIC,11/6/2018,935.0,940.0,937.0,936.0,0.11,413.0,872.0,680.5
NLIC,11/11/2018,936.0,936.0,921.0,925.0,-1.18,1191.0,872.0,680.5
NLIC,11/12/2018,925.0,925.0,907.0,908.0,-1.84,3359.0,872.0,680.5
NLIC,11/13/2018,911.0,933.0,900.0,930.0,2.42,7795.0,872.0,680.5
NLIC,11/14/2018,921.0,932.0,921.0,927.0,-0.32,3072.0,872.0,680.5
NLIC,11/15/2018,925.0,939.0,925.0,930.0,0.32,4815.0,872.0,680.5
NLIC,11/18/2018,916.0,930.0,912.0,920.0,-1.08,6076.0,872.0,680.5
NLIC,11/19/2018,920.0,926.0,915.0,925.0,0.54,4317.0,872.0,680.5
NLIC,11/20/2018,920.0,927.0,914.0,921.0,-0.43,4291.0,872.0,680.5
NLIC,11/21/2018,918.0,927.0,914.0,925.0,0.43,9089.0,872.0,680.5
NLIC,11/22/2018,922.0,927.0,914.0,914.0,-1.19,3229.0,872.0,680.5
NLIC,11/25/2018,909.0,920.0,909.0,916.0,0.22,6899.0,872.0,680.5
NLIC,11/26/2018,914.0,920.0,914.0,918.0,0.22,10485.0,872.0,680.5
NLIC,11/27/2018,916.0,920.0,915.0,917.0,-0.11,8291.0,872.0,680.5
NLIC,11/28/2018,912.0,920.0,912.0,920.0,0.33,12968.0,872.0,680.5
NLIC,11/29/2018,919.0,921.0,911.0,916.0,-0.43,21174.0,872.0,680.5
NLIC,12/2/2018,906.0,920.0,905.0,913.0,-0.33,32334.0,872.0,680.5
NLIC,12/3/2018,906.0,913.0,901.0,910.0,-0.33,11714.0,872.0,680.5
NLIC,12/4/2018,910.0,918.0,906.0,915.0,0.55,14225.0,872.0,680.5
NLIC,12/5/2018,909.0,910.0,901.0,905.0,-1.09,11193.0,872.0,680.5
NLIC,12/6/2018,888.0,906.0,888.0,904.0,-0.11,11821.0,872.0,680.5
NLIC,12/9/2018,910.0,910.0,899.0,907.0,0.33,14941.0,872.0,680.5
NLIC,12/10/2018,901.0,930.0,901.0,925.0,1.98,18202.0,872.0,680.5
NLIC,12/11/2018,911.0,926.0,911.0,922.0,-0.32,18489.0,872.0,680.5
NLIC,12/12/2018,920.0,928.0,920.0,926.0,0.43,15533.0,872.0,680.5
NLIC,12/13/2018,925.0,934.0,925.0,930.0,0.43,10087.0,872.0,680.5
NLIC,12/16/2018,930.0,945.0,930.0,937.0,0.75,10653.0,872.0,680.5
NLIC,12/17/2018,942.0,960.0,937.0,937.0,0.0,12916.0,872.0,680.5
NLIC,12/18/2018,963.0,963.0,941.0,953.0,1.71,13428.0,872.0,680.5
NLIC,12/19/2018,951.0,960.0,940.0,955.0,0.21,37120.0,872.0,680.5
NLIC,12/20/2018,955.0,969.0,955.0,960.0,0.52,6399.0,872.0,680.5
NLIC,12/23/2018,979.0,995.0,970.0,995.0,3.65,17856.0,872.0,680.5
NLIC,12/24/2018,1005.0,1016.0,980.0,1007.0,1.21,23560.0,872.0,680.5
NLIC,12/25/2018,1000.0,1006.0,999.0,1005.0,-0.2,9188.0,872.0,680.5
NLIC,12/26/2018,1010.0,1105.0,1010.0,1100.0,9.45,23927.0,872.0,680.5
NLIC,12/27/2018,1122.0,1174.0,1114.0,1155.0,5.0,128682.0,872.0,680.5
NLIC,12/30/2018,1150.0,1170.0,1136.0,1141.0,-1.21,33382.0,872.0,680.5
NLIC,12/31/2018,1140.0,1140.0,1108.0,1110.0,-2.72,17652.0,872.0,680.5
NLIC,1/1/2019,1115.0,1132.0,1102.0,1109.0,-0.09,10868.0,872.0,680.5
NLIC,1/2/2019,1110.0,1110.0,1093.0,1093.0,-1.44,12927.0,872.0,680.5
NLIC,1/3/2019,1077.0,1115.0,1077.0,1112.0,1.74,12388.0,872.0,680.5
NLIC,1/6/2019,1099.0,1100.0,1084.0,1088.0,-2.16,10089.0,872.0,680.5
NLIC,1/7/2019,1109.0,1109.0,1090.0,1102.0,1.29,13752.0,872.0,680.5
NLIC,1/8/2019,1095.0,1107.0,1095.0,1098.0,-0.36,7497.0,872.0,680.5
NLIC,1/9/2019,1093.0,1110.0,1093.0,1100.0,0.18,12067.0,872.0,680.5
NLIC,1/10/2019,1091.0,1104.0,1091.0,1099.0,-0.09,11524.0,872.0,680.5
NLIC,1/13/2019,1085.0,1105.0,1085.0,1100.0,0.09,14601.0,872.0,680.5
NLIC,1/14/2019,1100.0,1105.0,1088.0,1104.0,0.36,4326.0,872.0,680.5
NLIC,1/15/2019,1096.0,1140.0,1096.0,1140.0,3.26,16269.0,872.0,680.5
NLIC,1/16/2019,1140.0,1150.0,1120.0,1129.0,-0.96,9966.0,872.0,680.5
NLIC,1/17/2019,1111.0,1135.0,1111.0,1120.0,-0.8,4242.0,872.0,680.5
NLIC,1/20/2019,1120.0,1120.0,1113.0,1114.0,-0.54,1595.0,872.0,680.5
NLIC,1/21/2019,1107.0,1110.0,1092.0,1096.0,-1.62,7445.0,872.0,680.5
NLIC,1/22/2019,1076.0,1105.0,1076.0,1105.0,0.82,5762.0,872.0,680.5
NLIC,1/23/2019,1106.0,1107.0,1090.0,1092.0,-1.18,5202.0,872.0,680.5
NLIC,1/24/2019,1092.0,1103.0,1092.0,1100.0,0.73,5704.0,872.0,680.5
NLIC,1/27/2019,1098.0,1098.0,1083.0,1090.0,-0.91,8703.0,872.0,680.5
NLIC,1/28/2019,1076.0,1097.0,1076.0,1095.0,0.46,3938.0,872.0,680.5
NLIC,1/29/2019,1095.0,1096.0,1085.0,1093.0,-0.18,3816.0,872.0,680.5
NLIC,1/30/2019,1089.0,1095.0,1082.0,1092.0,-0.09,3615.0,872.0,680.5
NLIC,1/31/2019,1098.0,1099.0,1085.0,1088.0,-0.37,5905.0,872.0,680.5
NLIC,2/3/2019,1100.0,1103.0,1080.0,1088.0,0.0,6725.0,872.0,680.5
NLIC,2/4/2019,1080.0,1083.0,1070.0,1075.0,-1.19,7890.0,872.0,680.5
NLIC,2/5/2019,1065.0,1074.0,1064.0,1071.0,-0.37,4385.0,872.0,680.5
NLIC,2/6/2019,1071.0,1071.0,1060.0,1062.0,-0.84,6809.0,872.0,680.5
NLIC,2/7/2019,1050.0,1058.0,1047.0,1055.0,-0.66,7064.0,872.0,680.5
NLIC,2/10/2019,1040.0,1045.0,1020.0,1022.0,-3.13,9037.0,872.0,680.5
NLIC,2/11/2019,1018.0,1037.0,1018.0,1025.0,0.29,7810.0,872.0,680.5
NLIC,2/12/2019,1015.0,1033.0,1015.0,1025.0,0.0,6611.0,872.0,680.5
NLIC,2/13/2019,1025.0,1035.0,1017.0,1019.0,-0.59,8012.0,872.0,680.5
NLIC,2/14/2019,1019.0,1020.0,1002.0,1010.0,-0.88,7221.0,872.0,680.5
NLIC,2/17/2019,1020.0,1022.0,1001.0,1001.0,-0.89,4565.0,872.0,680.5
NLIC,2/18/2019,1010.0,1010.0,993.0,1009.0,0.8,3452.0,872.0,680.5
NLIC,2/19/2019,1010.0,1040.0,1002.0,1040.0,3.07,5673.0,872.0,680.5
NLIC,2/20/2019,1055.0,1055.0,1007.0,1010.0,-2.88,4584.0,872.0,680.5
NLIC,2/21/2019,1010.0,1015.0,1000.0,1010.0,0.0,2974.0,872.0,680.5
NLIC,2/24/2019,1010.0,1010.0,990.0,1000.0,-0.99,8145.0,872.0,680.5
NLIC,2/25/2019,997.0,1015.0,995.0,1010.0,1.0,3663.0,872.0,680.5
NLIC,2/26/2019,1019.0,1020.0,1001.0,1010.0,0.0,3900.0,872.0,680.5
NLIC,2/27/2019,1006.0,1017.0,1005.0,1015.0,0.5,3806.0,872.0,680.5
NLIC,3/3/2019,1015.0,1075.0,1015.0,1050.0,3.45,25277.0,872.0,680.5
NLIC,3/5/2019,1055.0,1060.0,1049.0,1056.0,0.57,17797.0,872.0,680.5
NLIC,3/6/2019,1051.0,1081.0,1050.0,1078.0,2.08,10942.0,872.0,680.5
NLIC,3/7/2019,1095.0,1120.0,1085.0,1110.0,2.97,18107.0,872.0,680.5
NLIC,3/10/2019,1120.0,1121.0,1090.0,1120.0,0.9,10859.0,872.0,680.5
NLIC,3/11/2019,1112.0,1125.0,1112.0,1116.0,-0.36,25938.0,872.0,680.5
NLIC,3/12/2019,1120.0,1133.0,1114.0,1121.0,0.45,18104.0,872.0,680.5
NLIC,3/13/2019,1126.0,1129.0,1109.0,1109.0,-1.07,13242.0,872.0,680.5
NLIC,3/14/2019,1105.0,1113.0,1095.0,1108.0,-0.09,11790.0,872.0,680.5
NLIC,3/17/2019,1120.0,1120.0,1108.0,1113.0,0.45,12300.0,872.0,680.5
NLIC,3/18/2019,1110.0,1110.0,1098.0,1098.0,-1.35,9130.0,872.0,680.5
NLIC,3/19/2019,1098.0,1110.0,1093.0,1097.0,-0.09,4150.0,872.0,680.5
NLIC,3/21/2019,1097.0,1098.0,1073.0,1073.0,-2.19,18867.0,872.0,680.5
NLIC,3/24/2019,1074.0,1086.0,1062.0,1072.0,-0.09,7858.0,872.0,680.5
NLIC,3/25/2019,1062.0,1085.0,1062.0,1083.0,1.03,7690.0,872.0,680.5
NLIC,3/26/2019,1080.0,1090.0,1074.0,1087.0,0.37,3742.0,872.0,680.5
NLIC,3/27/2019,1100.0,1100.0,1089.0,1095.0,0.74,6369.0,872.0,680.5
NLIC,3/28/2019,1095.0,1101.0,1090.0,1099.0,0.37,9091.0,872.0,680.5
NLIC,3/31/2019,1100.0,1108.0,1091.0,1093.0,-0.55,5586.0,872.0,680.5
NLIC,4/1/2019,1090.0,1099.0,1090.0,1093.0,0.0,5740.0,872.0,680.5
NLIC,4/2/2019,1100.0,1103.0,1090.0,1099.0,0.55,8426.0,872.0,680.5
NLIC,4/3/2019,1098.0,1103.0,1090.0,1095.0,-0.36,8815.0,872.0,680.5
NLIC,4/4/2019,1092.0,1099.0,1086.0,1089.0,-0.55,4311.0,872.0,680.5
NLIC,4/7/2019,1090.0,1095.0,1085.0,1093.0,0.37,4934.0,872.0,680.5
NLIC,4/8/2019,1100.0,1119.0,1093.0,1109.0,1.46,13827.0,872.0,680.5
NLIC,4/9/2019,1125.0,1125.0,1095.0,1104.0,-0.45,8861.0,872.0,680.5
NLIC,4/10/2019,1101.0,1105.0,1095.0,1096.0,-0.72,6144.0,872.0,680.5
NLIC,4/11/2019,1090.0,1103.0,1090.0,1095.0,-0.09,5540.0,872.0,680.5
NLIC,4/15/2019,1090.0,1100.0,1090.0,1096.0,0.09,6677.0,872.0,680.5
NLIC,4/16/2019,1094.0,1105.0,1094.0,1105.0,0.82,11774.0,872.0,680.5
NLIC,4/17/2019,1106.0,1122.0,1100.0,1110.0,0.45,16108.0,872.0,680.5
NLIC,4/18/2019,1112.0,1119.0,1102.0,1110.0,0.0,7697.0,872.0,680.5
NLIC,4/21/2019,1110.0,1125.0,1110.0,1120.0,0.9,10558.0,872.0,680.5
NLIC,4/22/2019,1141.0,1162.0,1127.0,1148.0,2.5,19890.0,872.0,680.5
NLIC,4/23/2019,1148.0,1152.0,1130.0,1140.0,-0.7,14085.0,872.0,680.5
NLIC,4/24/2019,1150.0,1152.0,1131.0,1140.0,0.0,5655.0,872.0,680.5
NLIC,4/25/2019,1149.0,1155.0,1140.0,1145.0,0.44,27259.0,872.0,680.5
NLIC,4/28/2019,1160.0,1259.0,1160.0,1259.0,9.96,37686.0,872.0,680.5
NLIC,4/29/2019,1321.0,1373.0,1260.0,1316.0,4.53,112191.0,872.0,680.5
NLIC,4/30/2019,1321.0,1329.0,1269.0,1271.0,-3.42,124075.0,872.0,680.5
NLIC,5/2/2019,1035.0,1035.0,993.0,1003.0,-21.09,26598.0,872.0,680.5
NLIC,5/5/2019,996.0,996.0,980.0,981.0,-2.19,15545.0,872.0,680.5
NLIC,5/6/2019,987.0,988.0,966.0,985.0,0.41,13232.0,872.0,680.5
NLIC,5/7/2019,1001.0,1001.0,983.0,984.0,-0.1,8342.0,872.0,680.5
NLIC,5/8/2019,985.0,987.0,976.0,981.0,-0.3,7120.0,872.0,680.5
NLIC,5/9/2019,975.0,980.0,970.0,971.0,-1.02,16805.0,872.0,680.5
NLIC,5/12/2019,980.0,980.0,952.0,958.0,-1.34,6698.0,872.0,680.5
NLIC,5/13/2019,976.0,976.0,960.0,960.0,0.21,9841.0,872.0,680.5
NLIC,5/14/2019,960.0,977.0,959.0,963.0,0.31,10121.0,872.0,680.5
NLIC,5/15/2019,965.0,968.0,961.0,962.0,-0.1,17613.0,872.0,680.5
NLIC,5/16/2019,960.0,970.0,960.0,962.0,0.0,12010.0,872.0,680.5
NLIC,5/19/2019,965.0,977.0,950.0,955.0,-0.73,10327.0,872.0,680.5
NLIC,5/20/2019,952.0,952.0,936.0,936.0,-1.99,12972.0,872.0,680.5
NLIC,5/21/2019,936.0,938.0,930.0,933.0,-0.32,13065.0,872.0,680.5
NLIC,5/22/2019,930.0,943.0,930.0,940.0,0.75,6100.0,872.0,680.5
NLIC,5/23/2019,940.0,945.0,936.0,940.0,0.0,9155.0,872.0,680.5
NLIC,5/26/2019,940.0,940.0,932.0,935.0,-0.53,11354.0,872.0,680.5
NLIC,5/27/2019,930.0,932.0,925.0,928.0,-0.75,5982.0,872.0,680.5
NLIC,5/28/2019,915.0,927.0,915.0,924.0,-0.43,7802.0,872.0,680.5
NLIC,5/29/2019,925.0,933.0,920.0,921.0,-0.32,9904.0,872.0,680.5
NLIC,5/30/2019,940.0,984.0,935.0,935.0,1.52,15433.0,872.0,680.5
NLIC,6/2/2019,950.0,950.0,930.0,935.0,0.0,7401.0,872.0,680.5
NLIC,6/3/2019,953.0,953.0,925.0,928.0,-0.75,7229.0,872.0,680.5
NLIC,6/4/2019,930.0,930.0,914.0,924.0,-0.43,10836.0,872.0,680.5
NLIC,6/6/2019,920.0,925.0,920.0,920.0,-0.43,4409.0,872.0,680.5
NLIC,6/10/2019,918.0,938.0,918.0,920.0,0.0,7200.0,872.0,680.5
NLIC,6/11/2019,920.0,922.0,911.0,912.0,-0.87,7904.0,872.0,680.5
NLIC,6/12/2019,912.0,918.0,906.0,912.0,0.0,4157.0,872.0,680.5
NLIC,6/13/2019,900.0,917.0,900.0,912.0,0.0,5329.0,872.0,680.5
NLIC,6/16/2019,912.0,912.0,906.0,907.0,-0.55,4603.0,872.0,680.5
NLIC,6/17/2019,901.0,909.0,901.0,904.0,-0.33,3827.0,872.0,680.5
NLIC,6/18/2019,905.0,910.0,903.0,903.0,-0.11,3288.0,872.0,680.5
NLIC,6/19/2019,906.0,909.0,895.0,897.0,-0.66,14130.0,872.0,680.5
NLIC,6/20/2019,901.0,905.0,897.0,902.0,0.56,4760.0,872.0,680.5
NLIC,6/23/2019,900.0,900.0,892.0,892.0,-1.11,9647.0,872.0,680.5
NLIC,6/24/2019,892.0,897.0,892.0,894.0,0.22,3635.0,872.0,680.5
NLIC,6/25/2019,892.0,896.0,890.0,896.0,0.22,4316.0,872.0,680.5
NLIC,6/26/2019,895.0,897.0,890.0,892.0,-0.45,6308.0,872.0,680.5
NLIC,6/27/2019,890.0,895.0,887.0,887.0,-0.56,6102.0,872.0,680.5
NLIC,6/30/2019,887.0,895.0,873.0,875.0,-1.35,6837.0,872.0,680.5
NLIC,7/1/2019,875.0,884.0,870.0,876.0,0.11,4567.0,872.0,680.5
NLIC,7/2/2019,880.0,888.0,880.0,887.0,1.26,4272.0,872.0,680.5
NLIC,7/3/2019,890.0,914.0,890.0,902.0,1.69,5286.0,872.0,680.5
NLIC,7/4/2019,902.0,904.0,895.0,895.0,-0.78,5987.0,872.0,680.5
NLIC,7/7/2019,900.0,900.0,888.0,889.0,-0.67,4646.0,872.0,680.5
NLIC,7/8/2019,885.0,889.0,881.0,881.0,-0.9,5206.0,872.0,680.5
NLIC,7/9/2019,888.0,894.0,886.0,893.0,1.36,18863.0,872.0,680.5
NLIC,7/10/2019,893.0,897.0,885.0,891.0,-0.22,9488.0,872.0,680.5
NLIC,7/11/2019,890.0,895.0,889.0,889.0,-0.22,16333.0,872.0,680.5
NLIC,7/14/2019,900.0,900.0,889.0,896.0,0.79,18773.0,872.0,680.5
NLIC,7/15/2019,895.0,897.0,890.0,893.0,-0.33,26244.0,872.0,680.5
NLIC,7/16/2019,937.0,937.0,886.0,901.0,0.9,3553.0,872.0,680.5
NLIC,7/17/2019,901.0,910.0,898.0,900.0,-0.11,32820.0,872.0,680.5
NLIC,7/18/2019,900.0,908.0,895.0,895.0,-0.56,27437.0,872.0,680.5
NLIC,7/21/2019,900.0,900.0,885.0,890.0,-0.56,16475.0,872.0,680.5
NLIC,7/22/2019,893.0,893.0,885.0,890.0,0.0,26717.0,872.0,680.5
NLIC,7/23/2019,895.0,900.0,887.0,890.0,0.0,19439.0,872.0,680.5
NLIC,7/24/2019,890.0,892.0,887.0,887.0,-0.34,29155.0,872.0,680.5
NLIC,7/25/2019,889.0,898.0,885.0,885.0,-0.23,12606.0,872.0,680.5
NLIC,7/28/2019,885.0,885.0,876.0,879.0,-0.68,7972.0,872.0,680.5
NLIC,7/29/2019,880.0,884.0,873.0,874.0,-0.57,15445.0,872.0,680.5
NLIC,7/30/2019,880.0,880.0,872.0,873.0,-0.11,14263.0,872.0,680.5
NLIC,7/31/2019,871.0,880.0,870.0,878.0,0.57,3833.0,872.0,680.5
NLIC,8/1/2019,870.0,882.0,870.0,880.0,0.23,8433.0,872.0,680.5
NLIC,8/4/2019,885.0,885.0,875.0,876.0,-0.45,6193.0,872.0,680.5
NLIC,8/5/2019,876.0,879.0,874.0,876.0,0.0,6053.0,872.0,680.5
NLIC,8/6/2019,871.0,878.0,869.0,875.0,-0.11,5057.0,872.0,680.5
NLIC,8/7/2019,860.0,876.0,860.0,875.0,0.0,17642.0,872.0,680.5
NLIC,8/8/2019,865.0,878.0,865.0,873.0,-0.23,3303.0,872.0,680.5
NLIC,8/11/2019,870.0,875.0,870.0,871.0,-0.23,12327.0,872.0,680.5
NLIC,8/12/2019,875.0,875.0,871.0,875.0,0.46,5143.0,872.0,680.5
NLIC,8/13/2019,889.0,889.0,870.0,875.0,0.0,5663.0,872.0,680.5
NLIC,8/14/2019,871.0,873.0,869.0,870.0,-0.57,1830.0,872.0,680.5
NLIC,8/15/2019,874.0,877.0,868.0,877.0,0.8,11632.0,872.0,680.5
NLIC,8/18/2019,880.0,880.0,867.0,868.0,-1.03,4265.0,872.0,680.5
NLIC,8/19/2019,870.0,870.0,865.0,869.0,0.12,2711.0,872.0,680.5
NLIC,8/20/2019,871.0,871.0,861.0,865.0,-0.46,5176.0,872.0,680.5
NLIC,8/21/2019,864.0,869.0,860.0,864.0,-0.12,1655.0,872.0,680.5
NLIC,8/22/2019,859.0,874.0,857.0,864.0,0.0,1464.0,872.0,680.5
NLIC,8/25/2019,856.0,865.0,853.0,853.0,-1.27,3569.0,872.0,680.5
NLIC,8/26/2019,850.0,853.0,840.0,843.0,-1.17,11009.0,872.0,680.5
NLIC,8/27/2019,845.0,852.0,840.0,843.0,0.0,7437.0,872.0,680.5
NLIC,8/28/2019,854.0,854.0,835.0,837.0,-0.71,7167.0,872.0,680.5
NLIC,8/29/2019,835.0,835.0,828.0,829.0,-0.96,17927.0,872.0,680.5
NLIC,9/1/2019,825.0,827.0,806.0,808.0,-2.53,24157.0,872.0,680.5
NLIC,9/2/2019,802.0,810.0,797.0,797.0,-1.36,31197.0,872.0,680.5
NLIC,9/3/2019,795.0,820.0,781.0,810.0,1.63,27921.0,872.0,680.5
NLIC,9/4/2019,812.0,816.0,802.0,810.0,0.0,17452.0,872.0,680.5
NLIC,9/5/2019,810.0,812.0,806.0,808.0,-0.25,18782.0,872.0,680.5
NLIC,9/8/2019,809.0,812.0,798.0,800.0,-0.99,14142.0,872.0,680.5
NLIC,9/9/2019,802.0,803.0,793.0,799.0,-0.12,13415.0,872.0,680.5
NLIC,9/10/2019,798.0,798.0,790.0,790.0,-1.13,13661.0,872.0,680.5
NLIC,9/11/2019,792.0,796.0,781.0,787.0,-0.38,16479.0,872.0,680.5
NLIC,9/12/2019,788.0,788.0,779.0,780.0,-0.89,11378.0,872.0,680.5
NLIC,9/15/2019,785.0,785.0,764.0,769.0,-1.41,23622.0,872.0,680.5
NLIC,9/16/2019,765.0,770.0,755.0,759.0,-1.3,14795.0,872.0,680.5
NLIC,9/17/2019,760.0,792.0,758.0,762.0,0.4,36898.0,872.0,680.5
NLIC,9/18/2019,777.0,789.0,765.0,775.0,1.71,28230.0,872.0,680.5
NLIC,9/19/2019,790.0,790.0,773.0,773.0,-0.26,10839.0,872.0,680.5
NLIC,9/22/2019,761.0,766.0,751.0,759.0,-1.81,13429.0,872.0,680.5
NLIC,9/23/2019,760.0,766.0,755.0,760.0,0.13,10963.0,872.0,680.5
NLIC,9/24/2019,760.0,761.0,755.0,757.0,-0.39,5440.0,872.0,680.5
NLIC,9/25/2019,760.0,761.0,753.0,753.0,-0.53,7894.0,872.0,680.5
NLIC,9/26/2019,754.0,763.0,753.0,756.0,0.4,8311.0,872.0,680.5
NLIC,9/29/2019,755.0,755.0,750.0,751.0,-0.66,16367.0,872.0,680.5
NLIC,9/30/2019,750.0,768.0,749.0,768.0,2.26,9165.0,872.0,680.5
NLIC,10/1/2019,768.0,782.0,762.0,765.0,-0.39,8827.0,872.0,680.5
NLIC,10/2/2019,770.0,770.0,755.0,758.0,-0.92,5153.0,872.0,680.5
NLIC,10/3/2019,765.0,770.0,760.0,770.0,1.58,4248.0,872.0,680.5
NLIC,10/10/2019,770.0,774.0,762.0,765.0,-0.65,955.0,872.0,680.5
NLIC,10/14/2019,765.0,771.0,758.0,760.0,-0.65,11674.0,872.0,680.5
NLIC,10/15/2019,762.0,765.0,762.0,765.0,0.66,3094.0,872.0,680.5
NLIC,10/16/2019,761.0,775.0,761.0,770.0,0.65,14519.0,872.0,680.5
NLIC,10/17/2019,769.0,776.0,769.0,776.0,0.78,6836.0,872.0,680.5
NLIC,10/20/2019,776.0,777.0,772.0,773.0,-0.39,6456.0,872.0,680.5
NLIC,10/21/2019,775.0,780.0,773.0,776.0,0.39,7750.0,872.0,680.5
NLIC,10/22/2019,770.0,780.0,765.0,780.0,0.52,4912.0,872.0,680.5
NLIC,10/23/2019,785.0,800.0,778.0,796.0,2.05,6227.0,872.0,680.5
NLIC,10/24/2019,804.0,807.0,798.0,800.0,0.5,7529.0,872.0,680.5
NLIC,10/31/2019,809.0,809.0,796.0,802.0,0.25,3323.0,872.0,680.5
NLIC,11/3/2019,803.0,805.0,799.0,803.0,0.12,6050.0,872.0,680.5
NLIC,11/4/2019,798.0,800.0,783.0,800.0,-0.37,3433.0,872.0,680.5
NLIC,11/5/2019,800.0,800.0,795.0,795.0,-0.62,3608.0,872.0,680.5
NLIC,11/6/2019,795.0,796.0,789.0,796.0,0.13,3247.0,872.0,680.5
NLIC,11/7/2019,795.0,795.0,785.0,790.0,-0.75,5581.0,872.0,680.5
NLIC,11/10/2019,776.0,785.0,776.0,781.0,-1.14,4420.0,872.0,680.5
NLIC,11/11/2019,782.0,794.0,782.0,794.0,1.66,4140.0,872.0,680.5
NLIC,11/12/2019,791.0,802.0,788.0,800.0,0.76,6144.0,872.0,680.5
NLIC,11/13/2019,816.0,816.0,787.0,790.0,-1.25,6629.0,872.0,680.5
NLIC,11/14/2019,789.0,798.0,783.0,798.0,1.01,9250.0,872.0,680.5
NLIC,11/17/2019,794.0,794.0,784.0,789.0,-1.13,6474.0,872.0,680.5
NLIC,11/18/2019,789.0,794.0,785.0,794.0,0.63,5790.0,872.0,680.5
NLIC,11/19/2019,795.0,795.0,790.0,792.0,-0.25,3332.0,872.0,680.5
NLIC,11/20/2019,792.0,807.0,785.0,794.0,0.25,9701.0,872.0,680.5
NLIC,11/21/2019,791.0,800.0,781.0,785.0,-1.13,5408.0,872.0,680.5
NLIC,11/24/2019,782.0,785.0,779.0,785.0,0.0,6828.0,872.0,680.5
NLIC,11/25/2019,777.0,788.0,776.0,788.0,0.38,2247.0,872.0,680.5
NLIC,11/26/2019,783.0,790.0,782.0,786.0,-0.25,9470.0,872.0,680.5
NLIC,11/27/2019,782.0,801.0,782.0,796.0,1.27,3765.0,872.0,680.5
NLIC,11/28/2019,796.0,810.0,795.0,804.0,1.01,12609.0,872.0,680.5
NLIC,12/1/2019,804.0,846.0,800.0,842.0,4.73,17447.0,872.0,680.5
NLIC,12/2/2019,850.0,850.0,816.0,832.0,-1.19,16366.0,872.0,680.5
NLIC,12/3/2019,832.0,859.0,832.0,842.0,1.2,16508.0,872.0,680.5
NLIC,12/4/2019,850.0,897.0,849.0,868.0,3.09,32514.0,872.0,680.5
NLIC,12/5/2019,863.0,898.0,863.0,890.0,2.53,39555.0,872.0,680.5
NLIC,12/8/2019,887.0,895.0,865.0,886.0,-0.45,14669.0,872.0,680.5
NLIC,12/9/2019,880.0,893.0,880.0,885.0,-0.11,13219.0,872.0,680.5
NLIC,12/10/2019,886.0,890.0,877.0,881.0,-0.45,11616.0,872.0,680.5
NLIC,12/11/2019,887.0,891.0,879.0,885.0,0.45,9989.0,872.0,680.5
NLIC,12/12/2019,888.0,929.0,880.0,915.0,3.39,41028.0,872.0,680.5
NLIC,12/15/2019,917.0,923.0,885.0,902.0,-1.42,25650.0,872.0,680.5
NLIC,12/16/2019,892.0,906.0,885.0,886.0,-1.77,13637.0,872.0,680.5
NLIC,12/17/2019,900.0,902.0,875.0,884.0,-0.23,17046.0,872.0,680.5
NLIC,12/18/2019,901.0,901.0,877.0,881.0,-0.34,9920.0,872.0,680.5
NLIC,12/19/2019,879.0,895.0,875.0,877.0,-0.45,20137.0,872.0,680.5
NLIC,12/22/2019,880.0,883.0,873.0,875.0,-0.23,7043.0,872.0,680.5
NLIC,12/23/2019,870.0,899.0,870.0,890.0,1.71,15276.0,872.0,680.5
NLIC,12/24/2019,891.0,901.0,885.0,885.0,-0.56,17706.0,872.0,680.5
NLIC,12/25/2019,886.0,925.0,886.0,913.0,3.16,36868.0,872.0,680.5
NLIC,12/26/2019,913.0,926.0,901.0,918.0,0.55,25929.0,872.0,680.5
NLIC,12/29/2019,923.0,945.0,923.0,937.0,2.07,51779.0,872.0,680.5
NLIC,12/30/2019,900.0,983.0,900.0,980.0,4.59,104448.0,872.0,680.5
NLIC,12/31/2019,980.0,996.0,965.0,974.0,-0.61,63135.0,872.0,680.5
NLIC,1/1/2020,980.0,980.0,960.0,960.0,-1.44,27357.0,872.0,680.5
NLIC,1/2/2020,974.0,974.0,946.0,950.0,-1.04,32691.0,872.0,680.5
NLIC,1/5/2020,950.0,976.0,950.0,965.0,1.58,31646.0,872.0,680.5
NLIC,1/6/2020,980.0,980.0,962.0,966.0,0.1,25752.0,872.0,680.5
NLIC,1/7/2020,955.0,970.0,955.0,960.0,-0.62,21900.0,872.0,680.5
NLIC,1/8/2020,962.0,970.0,959.0,961.0,0.1,20662.0,872.0,680.5
NLIC,1/9/2020,965.0,968.0,959.0,960.0,-0.1,15053.0,872.0,680.5
NLIC,1/12/2020,975.0,1008.0,967.0,1005.0,4.69,59247.0,872.0,680.5
NLIC,1/13/2020,1017.0,1040.0,1000.0,1010.0,0.5,58758.0,872.0,680.5
NLIC,1/14/2020,1010.0,1011.0,987.0,1000.0,-0.99,29985.0,872.0,680.5
NLIC,1/15/2020,1000.0,999.0,1000.0,1008.0,0.8,25793.0,872.0,680.5
NLIC,1/16/2020,1010.0,1044.0,1010.0,1039.0,3.08,46833.0,872.0,680.5
NLIC,1/19/2020,1059.0,1107.0,1050.0,1090.0,4.91,80919.0,872.0,680.5
NLIC,1/20/2020,1090.0,1105.0,1051.0,1065.0,-2.29,86266.0,872.0,680.5
NLIC,1/21/2020,1065.0,1075.0,1047.0,1060.0,-0.47,58566.0,872.0,680.5
NLIC,1/22/2020,1061.0,1080.0,1052.0,1070.0,0.94,54670.0,872.0,680.5
NLIC,1/23/2020,1069.0,1125.0,1067.0,1100.0,2.8,166399.0,872.0,680.5
NLIC,1/26/2020,1105.0,1108.0,1090.0,1093.0,-0.64,58739.0,872.0,680.5
NLIC,1/27/2020,1084.0,1119.0,1080.0,1117.0,2.2,73672.0,872.0,680.5
NLIC,1/28/2020,1125.0,1154.0,1125.0,1137.0,1.79,61263.0,872.0,680.5
NLIC,1/29/2020,1124.0,1150.0,1124.0,1134.0,-0.26,43114.0,872.0,680.5
NLIC,1/30/2020,1143.0,1149.0,1124.0,1133.0,-0.09,60862.0,872.0,680.5
NLIC,2/2/2020,1137.0,1155.0,1126.0,1133.0,0.0,53344.0,872.0,680.5
NLIC,2/3/2020,1133.0,1135.0,1118.0,1128.0,-0.44,34450.0,872.0,680.5
NLIC,2/4/2020,1130.0,1132.0,1110.0,1113.0,-1.33,40314.0,872.0,680.5
NLIC,2/5/2020,1130.0,1130.0,1111.0,1118.0,0.45,22860.0,872.0,680.5
NLIC,2/6/2020,1119.0,1132.0,1118.0,1125.0,0.63,34281.0,872.0,680.5
NLIC,2/9/2020,1127.0,1127.0,1109.0,1114.0,-0.98,22026.0,872.0,680.5
NLIC,2/10/2020,1120.0,1124.0,1106.0,1115.0,0.09,17105.0,872.0,680.5
NLIC,2/11/2020,1126.0,1137.0,1118.0,1122.0,0.63,29971.0,872.0,680.5
NLIC,2/12/2020,1125.0,1135.0,1120.0,1124.0,0.18,31481.0,872.0,680.5
NLIC,2/13/2020,1125.0,1140.0,1125.0,1130.0,0.53,36617.0,872.0,680.5
NLIC,2/16/2020,1142.0,1175.0,1134.0,1175.0,3.98,81834.0,872.0,680.5
NLIC,2/17/2020,1183.0,1229.0,1183.0,1203.0,2.38,74933.0,872.0,680.5
NLIC,2/18/2020,1200.0,1219.0,1183.0,1195.0,-0.67,58094.0,872.0,680.5
NLIC,2/19/2020,1214.0,1214.0,1183.0,1186.0,-0.75,31046.0,872.0,680.5
NLIC,2/20/2020,1205.0,1260.0,1198.0,1240.0,4.55,99355.0,872.0,680.5
NLIC,2/23/2020,1190.0,1309.0,1190.0,1290.0,4.03,91641.0,872.0,680.5
NLIC,2/24/2020,1313.0,1313.0,1280.0,1294.0,0.31,81986.0,872.0,680.5
NLIC,2/25/2020,1255.0,1400.0,1255.0,1390.0,7.42,108070.0,872.0,680.5
NLIC,2/26/2020,1414.0,1499.0,1395.0,1494.0,7.48,150286.0,872.0,680.5
NLIC,2/27/2020,1490.0,1510.0,1416.0,1463.0,-2.07,196510.0,872.0,680.5
NLIC,3/1/2020,1461.0,1470.0,1392.0,1400.0,-4.31,172827.0,872.0,680.5
NLIC,3/2/2020,1375.0,1394.0,1274.0,1279.0,-8.64,116561.0,872.0,680.5
NLIC,3/3/2020,1220.0,1362.0,1220.0,1308.0,2.27,313761.0,872.0,680.5
NLIC,3/4/2020,1329.0,1330.0,1243.0,1250.0,-4.43,210074.0,872.0,680.5
NLIC,3/5/2020,1245.0,1268.0,1226.0,1251.0,0.08,304048.0,872.0,680.5
NLIC,3/10/2020,1250.0,1250.0,1148.0,1148.0,-8.23,71256.0,872.0,680.5
NLIC,3/11/2020,1150.0,1225.0,1150.0,1210.0,5.4,197341.0,872.0,680.5
NLIC,3/12/2020,1215.0,1230.0,1175.0,1187.0,-1.9,165387.0,872.0,680.5
NLIC,3/15/2020,1185.0,1185.0,1100.0,1100.0,-7.33,152892.0,872.0,680.5
NLIC,3/16/2020,1100.0,1124.0,1063.0,1102.0,0.18,140064.0,872.0,680.5
NLIC,3/17/2020,1110.0,1114.0,1050.0,1057.0,-4.08,69624.0,872.0,680.5
NLIC,3/18/2020,1060.0,1064.0,1005.0,1032.0,-2.37,90811.0,872.0,680.5
NLIC,3/19/2020,1012.0,1070.0,984.0,1059.0,2.62,109432.0,872.0,680.5
NLIC,3/22/2020,1039.0,1079.0,999.0,1054.0,-0.47,27607.0,872.0,680.5
NLIC,5/12/2020,1033.0,1033.0,1023.0,1023.0,-2.94,340.0,872.0,680.5
NLIC,5/13/2020,1003.0,1003.0,993.0,993.0,-2.93,70.0,872.0,680.5
NLIC,6/29/2020,974.0,1071.0,906.0,1070.0,7.75,36309.0,872.0,680.5
NLIC,6/30/2020,1089.0,1177.0,1089.0,1177.0,10.0,30340.0,872.0,680.5
NLIC,7/1/2020,1200.0,1270.0,1200.0,1260.0,7.05,54038.0,872.0,680.5
NLIC,7/2/2020,1280.0,1285.0,1134.0,1137.0,-9.76,50905.0,872.0,680.5
NLIC,7/5/2020,1123.0,1202.0,1122.0,1180.0,3.78,87712.0,872.0,680.5
NLIC,7/6/2020,1170.0,1209.0,1165.0,1208.0,2.37,65345.0,872.0,680.5
NLIC,7/7/2020,1210.0,1240.0,1210.0,1223.0,1.24,70100.0,872.0,680.5
NLIC,7/8/2020,1240.0,1240.0,1190.0,1212.0,-0.9,58640.0,872.0,680.5
NLIC,7/9/2020,1212.0,1235.0,1211.0,1228.0,1.32,77500.0,872.0,680.5
NLIC,7/12/2020,1245.0,1280.0,1240.0,1276.0,3.91,127300.0,872.0,680.5
NLIC,7/13/2020,1276.0,1300.0,1261.0,1265.0,-0.86,74537.0,872.0,680.5
NLIC,7/14/2020,1282.0,1282.0,1260.0,1267.0,0.16,39541.0,872.0,680.5
NLIC,7/15/2020,1276.0,1278.0,1260.0,1260.0,-0.55,46649.0,872.0,680.5
NLIC,7/16/2020,1281.0,1281.0,1265.0,1274.0,1.11,28211.0,872.0,680.5
NLIC,7/19/2020,1299.0,1401.0,1299.0,1401.0,9.97,820.0,872.0,680.5
NLIC,7/20/2020,1450.0,1470.0,1288.0,1334.0,-4.78,114881.0,872.0,680.5
NLIC,7/21/2020,1321.0,1350.0,1313.0,1327.0,-0.52,76952.0,872.0,680.5
NLIC,7/22/2020,1335.0,1350.0,1318.0,1320.0,-0.53,74654.0,872.0,680.5
NLIC,7/23/2020,1300.0,1349.0,1300.0,1342.0,1.67,77028.0,872.0,680.5
NLIC,7/26/2020,1409.0,1409.0,1364.0,1399.0,4.25,185964.0,872.0,680.5
NLIC,7/27/2020,1410.0,1434.0,1372.0,1377.0,-1.57,125271.0,872.0,680.5
NLIC,7/28/2020,1377.0,1399.0,1366.0,1370.0,-0.51,72067.0,872.0,680.5
NLIC,7/29/2020,1350.0,1369.0,1341.0,1343.0,-1.97,79722.0,872.0,680.5
NLIC,7/30/2020,1345.0,1360.0,1326.0,1350.0,0.52,66693.0,872.0,680.5
NLIC,8/2/2020,1350.0,1350.0,1311.0,1323.0,-2.0,109650.0,872.0,680.5
NLIC,8/3/2020,1320.0,1339.0,1300.0,1328.0,0.38,47778.0,872.0,680.5
NLIC,8/5/2020,1319.0,1322.0,1300.0,1307.0,-1.58,76187.0,872.0,680.5
NLIC,8/6/2020,1317.0,1321.0,1300.0,1320.0,0.99,65270.0,872.0,680.5
NLIC,8/9/2020,1346.0,1346.0,1295.0,1343.0,1.74,54667.0,872.0,680.5
NLIC,8/10/2020,1346.0,1370.0,1334.0,1367.0,1.79,89015.0,872.0,680.5
NLIC,8/11/2020,1379.0,1379.0,1342.0,1359.0,-0.59,61720.0,872.0,680.5
NLIC,8/12/2020,1359.0,1361.0,1345.0,1354.0,-0.37,35311.0,872.0,680.5
NLIC,8/13/2020,1421.0,1421.0,1335.0,1341.0,-0.96,55013.0,872.0,680.5
NLIC,8/16/2020,1342.0,1349.0,1315.0,1330.0,-0.82,55897.0,872.0,680.5
NLIC,8/17/2020,1348.0,1350.0,1324.0,1350.0,1.5,33962.0,872.0,680.5
NLIC,8/18/2020,1360.0,1366.0,1345.0,1360.0,0.74,61934.0,872.0,680.5
NLIC,8/19/2020,1346.0,1354.0,1327.0,1338.0,-1.62,42059.0,872.0,680.5
NLIC,8/20/2020,1325.0,1349.0,1325.0,1345.0,0.52,9757.0,872.0,680.5
NLIC,8/23/2020,1336.0,1377.0,1335.0,1362.0,1.26,42164.0,872.0,680.5
NLIC,8/24/2020,1362.0,1391.0,1362.0,1384.0,1.62,88254.0,872.0,680.5
NLIC,8/25/2020,1390.0,1390.0,1375.0,1379.0,-0.36,58603.0,872.0,680.5
NLIC,8/26/2020,1390.0,1400.0,1360.0,1362.0,-1.23,91039.0,872.0,680.5
NLIC,8/27/2020,1389.0,1390.0,1338.0,1372.0,0.73,53730.0,872.0,680.5
NLIC,8/30/2020,1390.0,1390.0,1360.0,1366.0,-0.44,37521.0,872.0,680.5
NLIC,8/31/2020,1360.0,1407.0,1360.0,1395.0,2.12,121081.0,872.0,680.5
NLIC,9/2/2020,1400.0,1420.0,1378.0,1385.0,-0.72,112873.0,872.0,680.5
NLIC,9/3/2020,1400.0,1403.0,1373.0,1375.0,-0.72,57038.0,872.0,680.5
NLIC,9/6/2020,1443.0,1443.0,1350.0,1374.0,-0.07,50927.0,872.0,680.5
NLIC,9/7/2020,1380.0,1384.0,1360.0,1361.0,-0.95,60251.0,872.0,680.5
NLIC,9/8/2020,1356.0,1375.0,1340.0,1369.0,0.59,36413.0,872.0,680.5
NLIC,9/9/2020,1375.0,1390.0,1373.0,1380.0,0.8,57481.0,872.0,680.5
NLIC,9/10/2020,1399.0,1420.0,1383.0,1393.0,0.94,65266.0,872.0,680.5
NLIC,9/13/2020,1398.0,1424.0,1390.0,1424.0,2.23,137096.0,872.0,680.5
NLIC,9/14/2020,1460.0,1460.0,1416.0,1417.0,-0.49,87374.0,872.0,680.5
NLIC,9/15/2020,1417.0,1425.0,1403.0,1410.0,-0.49,50792.0,872.0,680.5
NLIC,9/16/2020,1400.0,1410.0,1395.0,1404.0,-0.43,46089.0,872.0,680.5
NLIC,9/17/2020,1416.0,1416.0,1392.0,1406.0,0.14,54293.0,872.0,680.5
NLIC,9/20/2020,1476.0,1476.0,1406.0,1406.0,0.0,33448.0,872.0,680.5
NLIC,9/21/2020,1406.0,1418.0,1395.0,1399.0,-0.5,35548.0,872.0,680.5
NLIC,9/22/2020,1393.0,1404.0,1379.0,1379.0,-1.43,44874.0,872.0,680.5
NLIC,9/23/2020,1390.0,1390.0,1370.0,1387.0,0.58,28725.0,872.0,680.5
NLIC,9/24/2020,1384.0,1394.0,1383.0,1387.0,0.0,23164.0,872.0,680.5
NLIC,9/27/2020,1400.0,1400.0,1377.0,1379.0,-0.58,26689.0,872.0,680.5
NLIC,9/28/2020,1380.0,1380.0,1370.0,1372.0,-0.51,36356.0,872.0,680.5
NLIC,9/29/2020,1380.0,1380.0,1367.0,1370.0,-0.15,23790.0,872.0,680.5
NLIC,9/30/2020,1366.0,1371.0,1360.0,1365.0,-0.36,33821.0,872.0,680.5
NLIC,10/1/2020,1370.0,1380.0,1367.0,1375.0,0.73,35173.0,872.0,680.5
NLIC,10/4/2020,1390.0,1393.0,1379.0,1380.0,0.36,29450.0,872.0,680.5
NLIC,10/5/2020,1382.0,1383.0,1364.0,1364.0,-1.16,25677.0,872.0,680.5
NLIC,10/6/2020,1368.0,1389.0,1365.0,1368.0,0.29,37835.0,872.0,680.5
NLIC,10/7/2020,1336.0,1400.0,1336.0,1368.0,0.0,47903.0,872.0,680.5
NLIC,10/8/2020,1436.0,1436.0,1368.0,1371.0,0.22,31097.0,872.0,680.5
NLIC,10/11/2020,1376.0,1405.0,1375.0,1386.0,1.09,72413.0,872.0,680.5
NLIC,10/12/2020,1399.0,1399.0,1374.0,1374.0,-0.87,27014.0,872.0,680.5
NLIC,10/13/2020,1375.0,1379.0,1372.0,1374.0,0.0,19756.0,872.0,680.5
NLIC,10/14/2020,1384.0,1387.0,1366.0,1373.0,-0.07,35969.0,872.0,680.5
NLIC,10/15/2020,1380.0,1385.0,1370.0,1374.0,0.07,39913.0,872.0,680.5
NLIC,10/18/2020,1370.0,1373.0,1365.0,1368.0,-0.44,11913.0,872.0,680.5
NLIC,10/19/2020,1370.0,1375.0,1370.0,1370.0,0.15,12583.0,872.0,680.5
NLIC,10/20/2020,1388.0,1389.0,1372.0,1376.0,0.44,8593.0,872.0,680.5
NLIC,10/21/2020,1378.0,1399.0,1378.0,1389.0,0.94,19518.0,872.0,680.5
NLIC,10/22/2020,1400.0,1400.0,1380.0,1396.0,0.5,28056.0,872.0,680.5
NLIC,10/28/2020,1409.0,1415.0,1393.0,1415.0,1.36,29392.0,872.0,680.5
NLIC,10/29/2020,1485.0,1485.0,1401.0,1414.0,-0.07,24816.0,872.0,680.5
NLIC,11/1/2020,1419.0,1425.0,1412.0,1416.0,0.14,24083.0,872.0,680.5
NLIC,11/2/2020,1420.0,1420.0,1408.0,1408.0,-0.56,23955.0,872.0,680.5
NLIC,11/3/2020,1413.0,1417.0,1410.0,1412.0,0.28,19968.0,872.0,680.5
NLIC,11/4/2020,1410.0,1415.0,1405.0,1408.0,-0.28,14805.0,872.0,680.5
NLIC,11/5/2020,1403.0,1412.0,1403.0,1409.0,0.07,30893.0,872.0,680.5
NLIC,11/8/2020,1440.0,1440.0,1403.0,1422.0,0.92,47943.0,872.0,680.5
NLIC,11/9/2020,1435.0,1441.0,1420.0,1421.0,-0.07,72225.0,872.0,680.5
NLIC,11/10/2020,1430.0,1531.0,1425.0,1496.0,5.28,160848.0,872.0,680.5
NLIC,11/11/2020,1515.0,1545.0,1487.0,1512.0,1.07,100379.0,872.0,680.5
NLIC,11/12/2020,1520.0,1541.0,1515.0,1519.0,0.46,116773.0,872.0,680.5
NLIC,11/18/2020,1519.0,1627.0,1519.0,1620.0,6.65,163906.0,872.0,680.5
NLIC,11/19/2020,1620.0,1698.0,1620.0,1672.0,3.21,156025.0,872.0,680.5
NLIC,11/22/2020,1700.0,1734.0,1606.0,1635.0,-2.21,178589.0,872.0,680.5
NLIC,11/23/2020,1716.0,1716.0,1600.0,1607.0,-1.71,143497.0,872.0,680.5
NLIC,11/24/2020,1607.0,1670.0,1580.0,1652.0,2.8,111900.0,872.0,680.5
NLIC,11/25/2020,1662.0,1699.0,1650.0,1683.0,1.88,107477.0,872.0,680.5
NLIC,11/26/2020,1700.0,1710.0,1653.0,1665.0,-1.07,130107.0,872.0,680.5
NLIC,11/29/2020,1665.0,1700.0,1661.0,1695.0,1.8,157029.0,872.0,680.5
NLIC,11/30/2020,1703.0,1864.0,1690.0,1855.0,9.44,215134.0,872.0,680.5
NLIC,12/1/2020,1855.0,1965.0,1855.0,1910.0,2.96,176894.0,872.0,680.5
NLIC,12/2/2020,1940.0,2000.0,1920.0,1997.0,4.55,156275.0,872.0,680.5
NLIC,12/3/2020,2060.0,2060.0,1944.0,1955.0,-2.1,151621.0,872.0,680.5
NLIC,12/6/2020,1890.0,1938.0,1764.0,1764.0,-9.77,240092.0,872.0,680.5
NLIC,12/7/2020,1764.0,1900.0,1750.0,1895.0,7.43,259623.0,872.0,680.5
NLIC,12/8/2020,1920.0,1958.0,1843.0,1877.0,-0.95,161633.0,872.0,680.5
NLIC,12/9/2020,1880.0,1914.0,1829.0,1834.0,-2.29,109201.0,872.0,680.5
NLIC,12/10/2020,1834.0,1921.0,1804.0,1900.0,3.6,198321.0,872.0,680.5
NLIC,12/13/2020,1950.0,2045.0,1901.0,2035.0,7.11,336101.0,872.0,680.5
NLIC,12/14/2020,2100.0,2238.0,2099.0,2238.0,9.98,339264.0,872.0,680.5
NLIC,12/15/2020,2349.0,2394.0,2225.0,2265.0,1.21,229082.0,872.0,680.5
NLIC,12/16/2020,2265.0,2280.0,2211.0,2242.0,-1.02,142271.0,872.0,680.5
NLIC,12/17/2020,2260.0,2270.0,2172.0,2195.0,-2.1,250312.0,872.0,680.5
NLIC,12/20/2020,2200.0,2215.0,2085.0,2103.0,-4.19,501106.0,872.0,680.5
NLIC,12/21/2020,2103.0,2150.0,2053.0,2138.0,1.66,348225.0,872.0,680.5
NLIC,12/22/2020,2180.0,2351.0,2180.0,2351.0,9.96,375766.0,872.0,680.5
NLIC,12/23/2020,2468.0,2586.0,2436.0,2443.0,3.91,567422.0,872.0,680.5
NLIC,12/24/2020,2550.0,2550.0,2315.0,2340.0,-4.22,254324.0,872.0,680.5
NLIC,12/27/2020,2360.0,2360.0,2220.0,2224.0,-4.96,302598.0,872.0,680.5
NLIC,12/28/2020,2224.0,2250.0,2179.0,2224.0,0.0,156981.0,872.0,680.5
NLIC,12/29/2020,2265.0,2265.0,2200.0,2200.0,-1.08,85258.0,872.0,680.5
NLIC,12/30/2020,2218.0,2249.0,2180.0,2247.0,2.14,124099.0,872.0,680.5
NLIC,12/31/2020,2300.0,2314.0,2250.0,2295.0,2.14,161443.0,872.0,680.5
NLIC,1/3/2021,2340.0,2449.0,2317.0,2416.0,5.27,211374.0,872.0,680.5
NLIC,1/4/2021,2480.0,2500.0,2368.0,2400.0,-0.66,167886.0,872.0,680.5
NLIC,1/5/2021,2380.0,2417.0,2365.0,2388.0,-0.5,108317.0,872.0,680.5
NLIC,1/6/2021,2507.0,2507.0,2376.0,2384.0,-0.17,89413.0,872.0,680.5
NLIC,1/7/2021,2395.0,2410.0,2380.0,2383.0,-0.04,96447.0,872.0,680.5
NLIC,1/10/2021,2385.0,2399.0,2368.0,2374.0,-0.38,82757.0,872.0,680.5
NLIC,1/11/2021,2399.0,2399.0,2374.0,2380.0,0.25,52570.0,872.0,680.5
NLIC,1/12/2021,2261.0,2420.0,2261.0,2414.0,1.43,64682.0,872.0,680.5
NLIC,1/13/2021,2450.0,2460.0,2417.0,2436.0,0.91,61323.0,872.0,680.5
NLIC,1/17/2021,2475.0,2480.0,2438.0,2463.0,1.11,60655.0,872.0,680.5
NLIC,1/18/2021,2500.0,2500.0,2465.0,2465.0,0.08,65563.0,872.0,680.5
NLIC,1/19/2021,2588.0,2701.0,2525.0,2689.0,9.09,351960.0,872.0,680.5
NLIC,1/20/2021,2823.0,2936.0,2777.0,2885.0,7.29,216711.0,872.0,680.5
NLIC,1/21/2021,2957.0,3000.0,2882.0,2908.0,0.8,181040.0,872.0,680.5
NLIC,1/24/2021,2912.0,2999.0,2842.0,2849.0,-2.03,232603.0,872.0,680.5
NLIC,1/25/2021,2850.0,2900.0,2827.0,2849.0,0.0,211660.0,872.0,680.5
NLIC,1/26/2021,2900.0,2930.0,2865.0,2872.0,0.81,502000.0,872.0,680.5
NLIC,1/27/2021,2301.0,2411.0,2257.0,2411.0,-16.05,394753.0,872.0,680.5
NLIC,1/28/2021,2500.0,2500.0,2318.0,2349.0,-2.57,240570.0,872.0,680.5
NLIC,1/31/2021,2350.0,2350.0,2248.0,2273.0,-3.24,189542.0,872.0,680.5
NLIC,2/1/2021,2300.0,2320.0,2270.0,2278.0,0.22,119345.0,872.0,680.5
NLIC,2/2/2021,2390.0,2390.0,2280.0,2300.0,0.97,108156.0,872.0,680.5
NLIC,2/3/2021,2315.0,2335.0,2271.0,2275.0,-1.09,96069.0,872.0,680.5
NLIC,2/4/2021,2320.0,2320.0,2242.0,2262.0,-0.57,85953.0,872.0,680.5
NLIC,2/7/2021,2300.0,2325.0,2265.0,2312.0,2.21,138250.0,872.0,680.5
NLIC,2/8/2021,2340.0,2460.0,2312.0,2378.0,2.85,141259.0,872.0,680.5
NLIC,2/9/2021,2400.0,2405.0,2351.0,2366.0,-0.5,91618.0,872.0,680.5
NLIC,2/10/2021,2400.0,2400.0,2360.0,2365.0,-0.04,82555.0,872.0,680.5
NLIC,2/11/2021,2470.0,2470.0,2315.0,2324.0,-1.73,92636.0,872.0,680.5
NLIC,2/14/2021,2330.0,2375.0,2275.0,2281.0,-1.85,74468.0,872.0,680.5
NLIC,2/15/2021,2380.0,2380.0,2298.0,2323.0,1.84,88325.0,872.0,680.5
NLIC,2/16/2021,2350.0,2365.0,2293.0,2299.0,-1.03,87917.0,872.0,680.5
NLIC,2/17/2021,2400.0,2400.0,2280.0,2282.0,-0.74,67264.0,872.0,680.5
NLIC,2/18/2021,2295.0,2300.0,2265.0,2271.0,-0.48,93568.0,872.0,680.5
NLIC,2/21/2021,2300.0,2325.0,2225.0,2235.0,-1.59,104288.0,872.0,680.5
NLIC,2/22/2021,2255.0,2255.0,2188.0,2204.0,-1.39,135382.0,872.0,680.5
NLIC,2/23/2021,2205.0,2205.0,2119.0,2197.0,-0.32,122907.0,872.0,680.5
NLIC,2/24/2021,2197.0,2280.0,2190.0,2219.0,1.0,64591.0,872.0,680.5
NLIC,2/25/2021,2244.0,2255.0,2185.0,2198.0,-0.95,56037.0,872.0,680.5
NLIC,2/28/2021,2200.0,2200.0,2124.0,2124.0,-3.37,120149.0,872.0,680.5
NLIC,3/1/2021,2124.0,2180.0,2075.0,2135.0,0.52,88087.0,872.0,680.5
NLIC,3/2/2021,2159.0,2164.0,2054.0,2080.0,-2.58,96833.0,872.0,680.5
NLIC,3/3/2021,2070.0,2080.0,2005.0,2018.0,-2.98,131608.0,872.0,680.5
NLIC,3/4/2021,2040.0,2100.0,2034.0,2100.0,4.06,86322.0,872.0,680.5
NLIC,3/7/2021,2125.0,2140.0,2072.0,2075.0,-1.19,52377.0,872.0,680.5
NLIC,3/9/2021,2098.0,2098.0,2030.0,2039.0,-1.73,46508.0,872.0,680.5
NLIC,3/10/2021,2050.0,2063.0,2007.0,2024.0,-0.74,51466.0,872.0,680.5
NLIC,3/14/2021,2035.0,2035.0,1974.0,1980.0,-2.17,98924.0,872.0,680.5
NLIC,3/15/2021,1985.0,2014.0,1951.0,1962.0,-0.91,65479.0,872.0,680.5
NLIC,3/16/2021,2060.0,2060.0,1925.0,1997.0,1.78,99070.0,872.0,680.5
NLIC,3/17/2021,2020.0,2050.0,1997.0,2036.0,1.95,93027.0,872.0,680.5
NLIC,3/18/2021,1935.0,2090.0,1935.0,2086.0,2.46,64994.0,872.0,680.5
NLIC,3/21/2021,2099.0,2220.0,2099.0,2220.0,6.42,143059.0,872.0,680.5
NLIC,3/22/2021,2331.0,2331.0,2179.0,2185.0,-1.58,118459.0,872.0,680.5
NLIC,3/23/2021,2190.0,2198.0,2150.0,2178.0,-0.32,71365.0,872.0,680.5
NLIC,3/24/2021,2178.0,2213.0,2170.0,2195.0,0.78,66860.0,872.0,680.5
NLIC,3/25/2021,2150.0,2234.0,2150.0,2165.0,-1.37,68881.0,872.0,680.5
NLIC,3/29/2021,2168.0,2175.0,2150.0,2154.0,-0.51,34057.0,872.0,680.5
NLIC,3/30/2021,2154.0,2178.0,2152.0,2163.0,0.42,31817.0,872.0,680.5
NLIC,3/31/2021,2185.0,2200.0,2165.0,2178.0,0.69,25414.0,872.0,680.5
NLIC,4/1/2021,2230.0,2230.0,2155.0,2155.0,-1.06,55515.0,872.0,680.5
NLIC,4/4/2021,2170.0,2180.0,2150.0,2157.0,0.09,54099.0,872.0,680.5
NLIC,4/5/2021,2185.0,2185.0,2150.0,2152.0,-0.23,35525.0,872.0,680.5
NLIC,4/6/2021,2259.0,2259.0,2110.0,2120.0,-1.49,66667.0,872.0,680.5
NLIC,4/7/2021,2120.0,2130.0,2059.0,2100.0,-0.94,75082.0,872.0,680.5
NLIC,4/8/2021,2201.0,2201.0,2090.0,2113.0,0.62,43828.0,872.0,680.5
NLIC,4/12/2021,2008.0,2170.0,2008.0,2128.0,0.71,40529.0,872.0,680.5
NLIC,4/13/2021,2110.0,2150.0,2110.0,2112.0,-0.75,36011.0,872.0,680.5
NLIC,4/15/2021,2145.0,2145.0,2105.0,2109.0,-0.14,41559.0,872.0,680.5
NLIC,4/18/2021,2010.0,2125.0,2010.0,2090.0,-0.9,41365.0,872.0,680.5
NLIC,4/19/2021,2186.0,2186.0,2044.0,2065.0,-1.2,41710.0,872.0,680.5
NLIC,4/20/2021,2065.0,2095.0,2041.0,2067.0,0.1,49820.0,872.0,680.5
NLIC,4/21/2021,2067.0,2095.0,2040.0,2041.0,-1.26,35867.0,872.0,680.5
NLIC,4/22/2021,2070.0,2070.0,2010.0,2040.0,-0.05,45534.0,872.0,680.5
NLIC,4/25/2021,2040.0,2040.0,1995.0,1997.0,-2.11,88246.0,872.0,680.5
NLIC,4/26/2021,1997.0,2010.0,1950.0,1952.0,-2.25,90155.0,872.0,680.5
NLIC,4/27/2021,2040.0,2040.0,1950.0,2012.0,3.07,60783.0,872.0,680.5
NLIC,4/28/2021,1980.0,2030.0,1980.0,1998.0,-0.7,27566.0,872.0,680.5
NLIC,4/29/2021,2029.0,2029.0,1993.0,2001.0,0.15,24468.0,872.0,680.5
NLIC,5/2/2021,2000.0,2131.0,1996.0,2098.0,4.85,71444.0,872.0,680.5
NLIC,5/3/2021,2120.0,2130.0,2057.0,2084.0,-0.67,49382.0,872.0,680.5
NLIC,5/4/2021,2000.0,2100.0,2000.0,2072.0,-0.58,21801.0,872.0,680.5
NLIC,5/5/2021,2160.0,2160.0,2050.0,2055.0,-0.82,26769.0,872.0,680.5
NLIC,5/6/2021,2055.0,2070.0,2021.0,2028.0,-1.31,31696.0,872.0,680.5
NLIC,5/9/2021,2000.0,2028.0,2000.0,2015.0,-0.64,30702.0,872.0,680.5
NLIC,5/10/2021,2015.0,2044.0,2007.0,2033.0,0.89,22973.0,872.0,680.5
NLIC,5/11/2021,2033.0,2070.0,2030.0,2066.0,1.62,29311.0,872.0,680.5
NLIC,5/12/2021,2169.0,2169.0,2040.0,2058.0,-0.39,17482.0,872.0,680.5
NLIC,5/13/2021,2058.0,2067.0,2036.0,2065.0,0.34,43772.0,872.0,680.5
NLIC,5/16/2021,2095.0,2115.0,2075.0,2100.0,1.69,69303.0,872.0,680.5
NLIC,5/17/2021,2100.0,2160.0,2100.0,2140.0,1.9,87693.0,872.0,680.5
NLIC,5/18/2021,2155.0,2171.0,2119.0,2145.0,0.23,53234.0,872.0,680.5
NLIC,5/19/2021,2180.0,2198.0,2128.0,2140.0,-0.23,66589.0,872.0,680.5
NLIC,5/20/2021,2247.0,2247.0,2118.0,2118.0,-1.03,41263.0,872.0,680.5
NLIC,5/23/2021,2075.0,2130.0,2066.0,2109.0,-0.42,46350.0,872.0,680.5
NLIC,5/24/2021,2120.0,2150.0,2100.0,2107.0,-0.09,55987.0,872.0,680.5
NLIC,5/25/2021,2120.0,2152.0,2092.0,2125.0,0.85,62290.0,872.0,680.5
NLIC,5/27/2021,2100.0,2120.0,2090.0,2095.0,-1.41,64014.0,872.0,680.5
NLIC,5/30/2021,2095.0,2135.0,2080.0,2096.0,0.05,63938.0,872.0,680.5
NLIC,5/31/2021,2096.0,2124.0,2060.0,2065.0,-1.48,55517.0,872.0,680.5
NLIC,6/1/2021,2065.0,2075.0,2050.0,2055.0,-0.48,44950.0,872.0,680.5
NLIC,6/2/2021,2080.0,2110.0,2045.0,2098.0,2.09,50660.0,872.0,680.5
NLIC,6/3/2021,2138.0,2138.0,2082.0,2088.0,-0.48,47425.0,872.0,680.5
NLIC,6/6/2021,2089.0,2100.0,2073.0,2078.0,-0.48,60881.0,872.0,680.5
NLIC,6/7/2021,2085.0,2098.0,2072.0,2073.0,-0.24,47007.0,872.0,680.5
NLIC,6/8/2021,2040.0,2121.0,2040.0,2104.0,1.5,103676.0,872.0,680.5
NLIC,6/9/2021,2125.0,2200.0,2125.0,2145.0,1.95,107240.0,872.0,680.5
NLIC,6/10/2021,2160.0,2180.0,2110.0,2114.0,-1.45,65812.0,872.0,680.5
NLIC,6/13/2021,2148.0,2149.0,2091.0,2093.0,-0.99,65887.0,872.0,680.5
NLIC,6/14/2021,2100.0,2128.0,2087.0,2091.0,-0.1,76672.0,872.0,680.5
NLIC,6/15/2021,2150.0,2150.0,2100.0,2111.0,0.96,84271.0,872.0,680.5
NLIC,6/16/2021,2063.0,2100.0,2050.0,2070.0,-1.94,85358.0,872.0,680.5
NLIC,6/17/2021,2070.0,2085.0,2051.0,2062.0,-0.39,61116.0,872.0,680.5
NLIC,6/20/2021,2079.0,2080.0,2010.0,2025.0,-1.79,88600.0,872.0,680.5
NLIC,6/21/2021,2030.0,2050.0,1981.0,1983.0,-2.07,92109.0,872.0,680.5
NLIC,6/22/2021,1990.0,2019.0,1970.0,2015.0,1.61,55704.0,872.0,680.5
NLIC,6/23/2021,2030.0,2030.0,1975.0,1979.0,-1.79,55101.0,872.0,680.5
NLIC,6/24/2021,2077.0,2077.0,1951.0,1965.0,-0.71,62838.0,872.0,680.5
NLIC,6/27/2021,1999.0,1999.0,1946.0,1955.0,-0.51,47109.0,872.0,680.5
NLIC,6/28/2021,1986.0,1986.0,1958.0,1959.0,0.2,37283.0,872.0,680.5
NLIC,6/29/2021,1969.0,1969.0,1948.0,1950.0,-0.46,41835.0,872.0,680.5
NLIC,6/30/2021,1965.0,1965.0,1915.0,1937.0,-0.67,47583.0,872.0,680.5
NLIC,7/1/2021,1939.0,1964.0,1937.0,1942.0,0.26,32773.0,872.0,680.5
NLIC,7/4/2021,1950.0,1954.0,1940.0,1942.0,0.0,30057.0,872.0,680.5
NLIC,7/5/2021,1942.0,1945.0,1925.0,1928.0,-0.72,28501.0,872.0,680.5
NLIC,7/6/2021,1980.0,1980.0,1926.0,1933.0,0.26,22930.0,872.0,680.5
NLIC,7/7/2021,1950.0,1950.0,1924.0,1925.0,-0.41,19691.0,872.0,680.5
NLIC,7/8/2021,1930.0,1940.0,1915.0,1929.0,0.21,28622.0,872.0,680.5
NLIC,7/11/2021,1935.0,1985.0,1928.0,1970.0,2.13,47977.0,872.0,680.5
NLIC,7/12/2021,1970.0,2010.0,1950.0,1960.0,-0.51,46681.0,872.0,680.5
NLIC,7/13/2021,1960.0,1969.0,1900.0,1938.0,-1.12,120434.0,872.0,680.5
NLIC,7/14/2021,1950.0,1950.0,1916.0,1926.0,-0.62,74263.0,872.0,680.5
NLIC,7/15/2021,1950.0,1950.0,1915.0,1919.0,-0.36,104298.0,872.0,680.5
NLIC,7/18/2021,1957.3,1967.9,1930.0,1967.8,2.54,73716.0,872.0,680.5
NLIC,7/19/2021,2000.0,2004.0,1970.0,1984.0,0.82,66959.0,872.0,680.5
NLIC,7/20/2021,1999.0,2000.0,1970.0,1970.1,-0.7,40872.0,872.0,680.5
NLIC,7/22/2021,2000.1,2000.1,1961.0,1969.0,-0.06,59950.0,872.0,680.5
NLIC,7/25/2021,1970.0,1999.0,1969.0,1970.0,0.05,70732.0,872.0,680.5
NLIC,7/26/2021,1972.0,1982.0,1970.0,1976.0,0.3,78995.0,872.0,680.5
NLIC,7/27/2021,1976.0,2000.0,1960.0,1992.0,0.81,68435.0,872.0,680.5
NLIC,7/28/2021,2000.0,2059.0,2000.0,2040.0,2.41,88799.0,872.0,680.5
NLIC,7/29/2021,2031.8,2085.0,2031.8,2045.0,0.25,77532.0,872.0,680.5
NLIC,8/1/2021,2080.0,2080.0,2015.0,2024.0,-1.03,54677.0,872.0,680.5
NLIC,8/2/2021,2030.0,2035.0,2000.0,2003.0,-1.04,59599.0,872.0,680.5
NLIC,8/3/2021,2010.0,2020.0,2008.0,2008.0,0.25,47092.0,872.0,680.5
NLIC,8/4/2021,2040.0,2040.0,2005.0,2006.0,-0.1,51159.0,872.0,680.5
NLIC,8/5/2021,2006.0,2011.0,1995.0,1998.3,-0.38,61100.0,872.0,680.5
NLIC,8/8/2021,1998.3,2001.0,1975.0,1981.0,-0.87,60704.0,872.0,680.5
NLIC,8/9/2021,1982.0,1987.0,1967.0,1968.0,-0.66,54515.0,872.0,680.5
NLIC,8/10/2021,1980.0,1990.0,1967.0,1979.1,0.56,46625.0,872.0,680.5
NLIC,8/11/2021,1980.0,1999.0,1975.0,1976.0,-0.16,50664.0,872.0,680.5
NLIC,8/12/2021,1976.0,1994.0,1963.0,1966.1,-0.5,68051.0,872.0,680.5
NLIC,8/15/2021,1966.0,1966.1,1928.0,1934.0,-1.63,97711.0,872.0,680.5
NLIC,8/16/2021,1934.0,1934.0,1918.0,1918.0,-0.83,84600.0,872.0,680.5
NLIC,8/17/2021,1920.0,1923.0,1890.0,1900.0,-0.94,124529.0,872.0,680.5
NLIC,8/18/2021,1938.0,1938.0,1880.0,1882.0,-0.95,132274.0,872.0,680.5
NLIC,8/19/2021,1887.0,2010.0,1887.0,1939.0,3.03,130863.0,872.0,680.5
NLIC,8/24/2021,1970.0,1978.0,1929.0,1929.0,-0.52,70991.0,872.0,680.5
NLIC,8/25/2021,1925.0,1927.0,1900.0,1903.0,-1.35,46509.0,872.0,680.5
NLIC,8/26/2021,1903.0,1924.0,1884.0,1890.0,-0.68,77195.0,872.0,680.5
NLIC,8/29/2021,1927.8,1927.8,1862.0,1862.0,-1.48,80795.0,872.0,680.5
NLIC,8/31/2021,1865.0,1870.0,1821.1,1822.0,-2.15,84316.0,872.0,680.5
NLIC,9/1/2021,1822.0,1864.0,1816.0,1827.0,0.27,64801.0,872.0,680.5
NLIC,9/2/2021,1822.0,1850.0,1800.0,1806.0,-1.15,52567.0,872.0,680.5
NLIC,9/5/2021,1806.0,1815.0,1727.0,1752.0,-2.99,99935.0,872.0,680.5
NLIC,9/6/2021,1760.0,1835.0,1735.1,1834.0,4.68,88934.0,872.0,680.5
NLIC,9/7/2021,1840.0,1840.0,1784.0,1799.0,-1.91,48906.0,872.0,680.5
NLIC,9/8/2021,1805.0,1805.0,1760.0,1769.0,-1.67,42851.0,872.0,680.5
NLIC,9/9/2021,1765.1,1795.0,1750.0,1760.0,-0.51,49245.0,872.0,680.5
NLIC,9/12/2021,1761.0,1785.0,1744.4,1765.0,0.28,44536.0,872.0,680.5
NLIC,9/13/2021,1780.0,1808.0,1775.0,1776.0,0.62,43215.0,872.0,680.5
NLIC,9/14/2021,1780.1,1790.0,1752.0,1765.0,-0.62,39617.0,872.0,680.5
NLIC,9/15/2021,1775.0,1775.0,1750.0,1755.0,-0.57,34552.0,872.0,680.5
NLIC,9/16/2021,1746.0,1748.0,1705.0,1706.5,-2.76,70201.0,872.0,680.5
NLIC,9/20/2021,1706.5,1706.5,1630.1,1638.0,-4.01,93625.0,872.0,680.5
NLIC,9/21/2021,1635.0,1710.0,1574.0,1660.0,1.34,97175.0,872.0,680.5
NLIC,9/22/2021,1690.0,1730.0,1677.0,1728.0,4.1,55769.0,872.0,680.5
NLIC,9/23/2021,1755.0,1795.0,1711.0,1719.0,-0.52,50381.0,872.0,680.5
NLIC,9/26/2021,1715.0,1738.0,1671.9,1675.0,-2.56,41522.0,872.0,680.5
NLIC,9/27/2021,1675.0,1697.0,1630.0,1639.0,-2.15,59374.0,872.0,680.5
NLIC,9/28/2021,1620.0,1650.0,1584.0,1600.0,-2.38,62508.0,872.0,680.5
NLIC,9/29/2021,1620.0,1630.0,1580.0,1612.0,0.75,39427.0,872.0,680.5
NLIC,9/30/2021,1632.0,1644.0,1601.0,1610.1,-0.12,29457.0,872.0,680.5
NLIC,10/3/2021,1620.0,1635.0,1590.0,1591.0,-1.19,32113.0,872.0,680.5
NLIC,10/4/2021,1571.0,1620.0,1562.0,1591.0,0.0,24681.0,872.0,680.5
NLIC,10/5/2021,1599.0,1612.0,1591.1,1608.0,1.07,27758.0,872.0,680.5
NLIC,10/6/2021,1640.0,1645.0,1618.0,1635.1,1.69,37310.0,872.0,680.5
NLIC,10/10/2021,1665.0,1725.0,1665.0,1694.0,3.6,39088.0,872.0,680.5
NLIC,10/11/2021,1694.0,1694.0,1669.0,1687.0,-0.41,25770.0,872.0,680.5
NLIC,10/17/2021,1719.0,1719.0,1680.0,1695.0,0.47,11970.0,872.0,680.5
NLIC,10/18/2021,1690.0,1700.0,1660.0,1664.0,-1.83,30731.0,872.0,680.5
NLIC,10/19/2021,1655.0,1655.0,1590.0,1606.0,-3.49,30571.0,872.0,680.5
NLIC,10/20/2021,1638.0,1675.0,1622.0,1623.0,1.06,20176.0,872.0,680.5
NLIC,10/21/2021,1630.0,1640.0,1585.0,1616.0,-0.43,23035.0,872.0,680.5
NLIC,10/24/2021,1640.0,1646.0,1620.0,1640.0,1.49,16482.0,872.0,680.5
NLIC,10/25/2021,1670.0,1699.0,1645.0,1697.0,3.48,25987.0,872.0,680.5
NLIC,10/26/2021,1708.0,1750.0,1700.0,1733.0,2.12,47078.0,872.0,680.5
NLIC,10/27/2021,1763.0,1763.0,1715.0,1735.0,0.12,44479.0,872.0,680.5
NLIC,10/28/2021,1726.0,1739.0,1710.0,1722.0,-0.75,26269.0,872.0,680.5
NLIC,10/31/2021,1750.0,1755.0,1711.0,1718.0,-0.23,36429.0,872.0,680.5
NLIC,11/1/2021,1748.0,1748.0,1700.0,1701.0,-0.99,37586.0,872.0,680.5
NLIC,11/2/2021,1690.0,1721.0,1667.0,1701.0,0.0,34082.0,872.0,680.5
NLIC,11/3/2021,1710.0,1735.0,1700.0,1700.0,-0.06,29988.0,872.0,680.5
NLIC,11/8/2021,1705.0,1719.0,1685.0,1690.0,-0.59,20702.0,872.0,680.5
NLIC,11/9/2021,1700.0,1700.0,1658.2,1665.0,-1.48,27577.0,872.0,680.5
NLIC,11/11/2021,1651.0,1660.0,1622.0,1629.0,-2.16,40177.0,872.0,680.5
NLIC,11/14/2021,1633.0,1633.0,1600.4,1615.0,-0.86,28766.0,872.0,680.5
NLIC,11/15/2021,1582.8,1650.0,1582.8,1608.0,-0.43,35703.0,872.0,680.5
NLIC,11/16/2021,1580.0,1605.0,1551.0,1603.0,-0.31,98117.0,872.0,680.5
NLIC,11/17/2021,1610.0,1632.0,1598.0,1599.0,-0.25,53860.0,872.0,680.5
NLIC,11/18/2021,1599.0,1599.0,1570.0,1574.0,-1.56,55912.0,872.0,680.5
NLIC,11/21/2021,1560.0,1570.0,1550.0,1553.0,-1.33,49027.0,872.0,680.5
NLIC,11/22/2021,1560.0,1570.0,1550.0,1553.0,0.0,35236.0,872.0,680.5
NLIC,11/23/2021,1554.9,1554.9,1519.0,1540.0,-0.84,41069.0,872.0,680.5
NLIC,11/24/2021,1560.0,1560.0,1507.0,1523.0,-1.1,38782.0,872.0,680.5
NLIC,11/25/2021,1530.1,1538.9,1500.0,1533.0,0.66,39080.0,872.0,680.5
NLIC,11/28/2021,1520.0,1525.5,1458.3,1487.0,-3.0,81280.0,872.0,680.5
NLIC,11/29/2021,1487.0,1508.0,1470.0,1475.3,-0.79,29318.0,872.0,680.5
NLIC,11/30/2021,1500.0,1500.0,1460.4,1478.0,0.18,30862.0,872.0,680.5
NLIC,12/1/2021,1479.0,1497.0,1460.0,1465.1,-0.87,29453.0,872.0,680.5
NLIC,12/2/2021,1466.0,1473.0,1443.0,1445.0,-1.37,33324.0,872.0,680.5
NLIC,12/5/2021,1431.1,1432.0,1390.0,1393.0,-3.6,49688.0,872.0,680.5
NLIC,12/6/2021,1390.0,1418.0,1337.0,1400.0,0.5,49484.0,872.0,680.5
NLIC,12/7/2021,1425.0,1449.0,1390.0,1398.9,-0.08,34686.0,872.0,680.5
NLIC,12/8/2021,1399.0,1400.0,1362.0,1366.0,-2.35,25114.0,872.0,680.5
NLIC,12/9/2021,1393.3,1393.3,1330.0,1375.0,0.66,36086.0,872.0,680.5
NLIC,12/12/2021,1362.2,1362.2,1322.0,1324.0,-3.71,35461.0,872.0,680.5
NLIC,12/13/2021,1298.0,1320.0,1270.0,1276.0,-3.63,52311.0,872.0,680.5
NLIC,12/14/2021,1300.0,1364.0,1295.0,1350.0,5.8,23011.0,872.0,680.5
NLIC,12/15/2021,1370.0,1425.0,1323.0,1360.0,0.74,44952.0,872.0,680.5
NLIC,12/16/2021,1350.0,1360.0,1336.0,1342.0,-1.32,21786.0,872.0,680.5
NLIC,12/20/2021,1343.0,1349.9,1313.3,1318.0,-1.79,26123.0,872.0,680.5
NLIC,12/21/2021,1318.0,1344.0,1318.0,1340.9,1.74,19319.0,872.0,680.5
NLIC,12/22/2021,1350.0,1398.0,1350.0,1385.0,3.29,38642.0,872.0,680.5
NLIC,12/23/2021,1412.6,1412.7,1375.0,1394.0,0.65,38404.0,872.0,680.5
NLIC,12/26/2021,1420.0,1533.4,1420.0,1533.0,9.97,125395.0,872.0,680.5
NLIC,12/27/2021,1563.6,1652.0,1530.0,1540.0,0.46,156993.0,872.0,680.5
NLIC,12/28/2021,1570.0,1570.0,1490.0,1535.0,-0.32,64705.0,872.0,680.5
NLIC,12/29/2021,1525.0,1550.0,1505.0,1510.0,-1.63,34091.0,872.0,680.5
NLIC,1/2/2022,1540.0,1540.0,1490.0,1519.0,0.6,36427.0,872.0,680.5
NLIC,1/3/2022,1547.0,1548.0,1521.0,1533.0,0.92,42108.0,872.0,680.5
NLIC,1/4/2022,1563.6,1563.6,1515.0,1545.0,0.78,37859.0,872.0,680.5
NLIC,1/5/2022,1575.0,1585.0,1540.0,1568.0,1.49,45365.0,872.0,680.5
NLIC,1/6/2022,1567.0,1585.0,1560.0,1579.0,0.7,41288.0,872.0,680.5
NLIC,1/9/2022,1590.0,1610.0,1584.0,1590.0,0.7,56784.0,872.0,680.5
NLIC,1/10/2022,1600.0,1620.0,1580.0,1590.0,0.0,62098.0,872.0,680.5
NLIC,1/11/2022,1600.0,1667.0,1584.0,1657.0,4.21,95523.0,872.0,680.5
NLIC,1/12/2022,1675.0,1749.9,1660.0,1686.0,1.75,104414.0,872.0,680.5
NLIC,1/13/2022,1719.7,1720.0,1680.0,1717.0,1.84,60658.0,872.0,680.5
NLIC,1/16/2022,1751.0,1797.0,1750.0,1775.0,3.38,104737.0,872.0,680.5
NLIC,1/17/2022,1800.0,1810.0,1745.0,1780.0,0.28,69721.0,872.0,680.5
NLIC,1/18/2022,1781.0,1798.0,1735.0,1749.8,-1.7,63369.0,872.0,680.5
NLIC,1/19/2022,1775.0,1775.0,1700.0,1710.0,-2.27,68637.0,872.0,680.5
NLIC,1/20/2022,1705.0,1760.0,1695.0,1744.0,1.99,52842.0,872.0,680.5
NLIC,1/23/2022,1778.0,1798.9,1735.0,1740.0,-0.23,46337.0,872.0,680.5
NLIC,1/24/2022,1740.0,1750.0,1658.0,1667.0,-4.2,100843.0,872.0,680.5
NLIC,1/25/2022,1680.0,1707.0,1640.0,1671.0,0.24,84818.0,872.0,680.5
NLIC,1/26/2022,1704.4,1704.4,1627.0,1642.0,-1.74,57078.0,872.0,680.5
NLIC,1/27/2022,1674.8,1690.0,1642.1,1652.0,0.61,40455.0,872.0,680.5
NLIC,1/30/2022,1685.0,1718.0,1685.0,1713.0,3.69,67766.0,872.0,680.5
NLIC,1/31/2022,1680.0,1740.0,1680.0,1684.0,-1.69,52992.0,872.0,680.5
NLIC,2/1/2022,1690.0,1690.0,1665.0,1670.0,-0.83,55879.0,872.0,680.5
NLIC,2/3/2022,1680.1,1703.0,1624.0,1630.0,-2.4,120203.0,872.0,680.5
NLIC,2/6/2022,1597.4,1597.4,1481.0,1506.0,-7.61,279896.0,872.0,680.5
NLIC,2/7/2022,1506.0,1506.0,1455.0,1470.0,-2.39,158345.0,872.0,680.5
NLIC,2/8/2022,1480.0,1529.0,1455.0,1456.0,-0.95,72064.0,872.0,680.5
NLIC,2/9/2022,1455.0,1455.0,1415.0,1429.0,-1.85,69047.0,872.0,680.5
NLIC,2/10/2022,1420.0,1440.0,1390.0,1415.0,-0.98,111262.0,872.0,680.5
NLIC,2/13/2022,1387.0,1393.0,1335.8,1350.0,-4.59,106373.0,872.0,680.5
NLIC,2/14/2022,1350.0,1388.0,1344.0,1368.0,1.33,61169.0,872.0,680.5
NLIC,2/15/2022,1370.0,1400.0,1360.0,1380.0,0.88,47625.0,872.0,680.5
NLIC,2/16/2022,1406.0,1406.0,1370.0,1374.0,-0.43,32249.0,872.0,680.5
NLIC,2/17/2022,1371.0,1380.0,1366.0,1374.0,0.0,30149.0,872.0,680.5
NLIC,2/20/2022,1347.0,1361.0,1302.0,1338.0,-2.62,61116.0,872.0,680.5
NLIC,2/21/2022,1342.0,1347.0,1330.0,1337.0,-0.07,33373.0,872.0,680.5
NLIC,2/22/2022,1359.0,1359.0,1335.0,1335.6,-0.1,34162.0,872.0,680.5
NLIC,2/23/2022,1360.0,1360.0,1330.1,1334.0,-0.12,17319.0,872.0,680.5
NLIC,2/24/2022,1340.0,1340.0,1280.0,1292.0,-3.15,84131.0,872.0,680.5
NLIC,2/27/2022,1266.2,1290.0,1262.0,1267.0,-1.93,102786.0,872.0,680.5
NLIC,2/28/2022,1267.0,1292.0,1230.0,1242.0,-1.97,92319.0,872.0,680.5
NLIC,3/2/2022,1240.0,1240.0,1179.0,1184.9,-4.6,135355.0,872.0,680.5
NLIC,3/6/2022,1205.0,1205.0,1158.3,1159.0,-2.19,121365.0,872.0,680.5
NLIC,3/7/2022,1170.1,1181.0,1152.0,1155.0,-0.35,94907.0,872.0,680.5
NLIC,3/9/2022,1155.0,1175.0,1150.0,1170.0,1.3,39735.0,872.0,680.5
NLIC,3/10/2022,1179.9,1218.0,1160.0,1210.6,3.47,72033.0,872.0,680.5
NLIC,3/13/2022,1234.8,1284.1,1220.0,1274.0,5.24,155130.0,872.0,680.5
NLIC,3/14/2022,1299.0,1299.0,1253.0,1272.0,-0.16,52110.0,872.0,680.5
NLIC,3/15/2022,1289.9,1295.0,1245.0,1249.0,-1.81,94315.0,872.0,680.5
NLIC,3/16/2022,1260.0,1279.0,1235.0,1241.0,-0.64,67378.0,872.0,680.5
NLIC,3/20/2022,1250.0,1268.0,1235.0,1237.0,-0.32,131065.0,872.0,680.5
NLIC,3/21/2022,1106.0,1110.0,1088.0,1109.5,-10.31,77128.0,872.0,680.5
NLIC,3/22/2022,1125.0,1179.0,1124.0,1167.0,5.18,59448.0,872.0,680.5
NLIC,3/23/2022,1170.1,1175.0,1138.0,1141.0,-2.23,45861.0,872.0,680.5
NLIC,3/24/2022,1158.9,1159.0,1120.0,1122.0,-1.67,41249.0,872.0,680.5
NLIC,3/27/2022,1144.0,1161.0,1080.0,1085.0,-3.3,69836.0,872.0,680.5
NLIC,3/28/2022,1098.0,1098.0,1057.2,1063.0,-2.03,54127.0,872.0,680.5
NLIC,3/29/2022,1082.0,1083.0,1020.0,1024.0,-3.67,63695.0,872.0,680.5
NLIC,3/30/2022,1026.0,1050.0,1014.0,1034.0,0.98,48992.0,872.0,680.5
NLIC,3/31/2022,1030.0,1047.8,1030.0,1031.0,-0.29,38075.0,872.0,680.5
NLIC,4/3/2022,1033.0,1035.0,1005.0,1016.0,-1.45,40551.0,872.0,680.5
NLIC,4/4/2022,1014.0,1029.0,1011.0,1012.0,-0.39,21879.0,872.0,680.5
NLIC,4/5/2022,1005.0,1012.0,984.0,989.0,-2.27,82031.0,872.0,680.5
NLIC,4/6/2022,985.0,1007.9,971.0,979.0,-1.01,45733.0,872.0,680.5
NLIC,4/7/2022,996.9,997.0,979.0,990.0,1.12,34304.0,872.0,680.5
NLIC,4/11/2022,1009.8,1015.0,927.5,940.0,-5.05,174050.0,872.0,680.5
NLIC,4/12/2022,951.0,951.0,925.0,941.0,0.11,33353.0,872.0,680.5
NLIC,4/13/2022,950.0,960.0,935.0,954.9,1.48,29560.0,872.0,680.5
NLIC,4/17/2022,970.0,973.7,951.0,955.0,0.01,33790.0,872.0,680.5
NLIC,4/18/2022,955.0,968.0,944.0,944.0,-1.15,24298.0,872.0,680.5
NLIC,4/19/2022,950.0,955.0,928.0,948.0,0.42,27822.0,872.0,680.5
NLIC,4/20/2022,955.0,956.9,935.1,939.5,-0.9,22228.0,872.0,680.5
NLIC,4/21/2022,950.0,950.0,925.0,941.0,0.16,27342.0,872.0,680.5
NLIC,4/24/2022,958.9,960.0,940.0,950.0,0.96,77509.0,872.0,680.5
NLIC,4/25/2022,968.0,972.0,941.1,941.2,-0.93,37294.0,872.0,680.5
NLIC,4/26/2022,940.0,949.0,938.0,942.0,0.08,13730.0,872.0,680.5
NLIC,4/27/2022,942.0,945.0,935.0,938.1,-0.41,23108.0,872.0,680.5
NLIC,4/28/2022,949.9,950.0,933.8,934.0,-0.44,22681.0,872.0,680.5
NLIC,5/2/2022,952.6,952.6,920.0,921.5,-1.34,28676.0,872.0,680.5
NLIC,5/4/2022,921.0,921.0,908.0,908.0,-1.47,14774.0,872.0,680.5
NLIC,5/5/2022,907.0,908.0,890.0,890.3,-1.95,32718.0,872.0,680.5
NLIC,5/8/2022,907.8,907.8,881.0,898.0,0.86,28214.0,872.0,680.5
NLIC,5/9/2022,904.0,909.9,895.0,905.0,0.78,32580.0,872.0,680.5
NLIC,5/10/2022,909.0,950.0,906.0,949.0,4.86,20887.0,872.0,680.5
NLIC,5/11/2022,966.0,966.0,946.0,957.0,0.84,28201.0,872.0,680.5
NLIC,5/12/2022,957.0,975.8,940.0,949.0,-0.84,26517.0,872.0,680.5
NLIC,5/17/2022,931.0,932.0,885.0,887.0,-6.53,47804.0,872.0,680.5
NLIC,5/18/2022,890.0,899.0,870.0,888.0,0.11,44222.0,872.0,680.5
NLIC,5/19/2022,900.0,900.0,882.5,882.5,-0.62,21616.0,872.0,680.5
NLIC,5/20/2022,900.0,900.0,870.0,877.0,-0.62,22389.0,872.0,680.5
NLIC,5/23/2022,892.9,892.9,845.0,850.0,-3.08,45127.0,872.0,680.5
NLIC,5/24/2022,867.0,867.0,846.0,859.0,1.06,18398.0,872.0,680.5
NLIC,5/25/2022,876.1,879.0,860.0,862.0,0.35,22493.0,872.0,680.5
NLIC,5/26/2022,870.0,879.0,868.0,874.0,1.39,9549.0,872.0,680.5
NLIC,5/27/2022,890.0,890.0,862.0,863.0,-1.26,17658.0,872.0,680.5
NLIC,5/30/2022,850.0,879.0,848.0,854.9,-0.94,13914.0,872.0,680.5
NLIC,5/31/2022,854.0,855.0,825.0,832.0,-2.68,29488.0,872.0,680.5
NLIC,6/1/2022,845.0,845.0,821.1,824.0,-0.96,23642.0,872.0,680.5
NLIC,6/2/2022,826.0,839.9,811.0,815.0,-1.09,22279.0,872.0,680.5
NLIC,6/3/2022,815.0,820.0,790.9,791.0,-2.94,29398.0,872.0,680.5
NLIC,6/6/2022,798.9,801.0,760.0,760.0,-3.92,59431.0,872.0,680.5
NLIC,6/7/2022,750.0,775.0,742.0,748.9,-1.46,36462.0,872.0,680.5
NLIC,6/8/2022,750.0,800.0,748.0,773.0,3.22,44527.0,872.0,680.5
NLIC,6/9/2022,787.0,802.0,770.0,772.0,-0.13,50237.0,872.0,680.5
NLIC,6/10/2022,787.0,787.0,757.0,774.4,0.31,26906.0,872.0,680.5
NLIC,6/13/2022,774.0,774.0,755.0,760.0,-1.86,30186.0,872.0,680.5
NLIC,6/14/2022,760.0,760.0,736.0,742.0,-2.37,44709.0,872.0,680.5
NLIC,6/15/2022,740.0,740.0,724.0,730.0,-1.62,43308.0,872.0,680.5
NLIC,6/16/2022,724.0,739.9,721.0,732.0,0.27,28716.0,872.0,680.5
NLIC,6/17/2022,745.0,745.0,728.2,730.0,-0.27,7812.0,872.0,680.5
NLIC,6/19/2022,731.0,736.0,716.0,717.0,-1.78,24466.0,872.0,680.5
NLIC,6/20/2022,717.0,717.0,695.0,700.0,-2.37,48891.0,872.0,680.5
NLIC,6/21/2022,695.0,723.0,686.2,702.0,0.29,46333.0,872.0,680.5
NLIC,6/22/2022,702.0,710.0,690.0,693.9,-1.15,37943.0,872.0,680.5
NLIC,6/23/2022,700.0,700.0,669.6,680.0,-2.0,43807.0,872.0,680.5
NLIC,6/24/2022,685.0,693.0,654.0,683.0,0.44,25998.0,872.0,680.5
NLIC,6/26/2022,690.0,719.0,690.0,705.0,3.22,55781.0,872.0,680.5
NLIC,6/27/2022,719.0,730.0,700.0,702.0,-0.43,50461.0,872.0,680.5
NLIC,6/28/2022,702.0,715.0,688.0,698.0,-0.57,33686.0,872.0,680.5
NLIC,6/29/2022,698.0,710.8,696.0,706.0,1.15,27112.0,872.0,680.5
NLIC,6/30/2022,719.0,749.0,705.0,748.0,5.95,67918.0,872.0,680.5
NLIC,7/1/2022,755.0,765.0,736.0,757.0,1.2,39299.0,872.0,680.5
NLIC,7/3/2022,757.0,800.0,742.0,800.0,5.68,57141.0,872.0,680.5
NLIC,7/4/2022,810.0,858.0,789.0,816.0,2.0,109119.0,872.0,680.5
NLIC,7/5/2022,800.0,830.0,784.0,785.0,-3.8,60540.0,872.0,680.5
NLIC,7/6/2022,780.0,797.8,763.6,797.0,1.53,51101.0,872.0,680.5
NLIC,7/7/2022,812.9,829.0,781.2,793.0,-0.5,31218.0,872.0,680.5
NLIC,7/8/2022,808.8,808.8,760.0,768.0,-3.15,29749.0,872.0,680.5
NLIC,7/11/2022,768.0,768.0,699.0,707.0,-7.94,104645.0,872.0,680.5
NLIC,7/12/2022,698.0,729.0,698.0,716.0,1.27,32302.0,872.0,680.5
NLIC,7/13/2022,725.0,743.5,720.1,743.0,3.77,31858.0,872.0,680.5
NLIC,7/14/2022,757.0,760.9,732.0,745.0,0.27,33615.0,872.0,680.5
NLIC,7/15/2022,750.0,755.0,740.0,747.0,0.27,20520.0,872.0,680.5
NLIC,7/17/2022,749.0,760.0,740.0,749.0,0.27,19801.0,872.0,680.5
NLIC,7/18/2022,749.0,762.0,743.0,762.0,1.74,20436.0,872.0,680.5
NLIC,7/19/2022,765.0,779.0,760.0,769.9,1.04,34051.0,872.0,680.5
NLIC,7/20/2022,770.0,777.0,759.0,765.0,-0.64,23404.0,872.0,680.5
NLIC,7/21/2022,765.0,772.0,752.0,754.0,-1.44,29874.0,872.0,680.5
NLIC,7/22/2022,754.0,757.0,739.0,739.0,-1.99,25662.0,872.0,680.5
NLIC,7/24/2022,753.0,766.0,741.0,761.0,2.98,27931.0,872.0,680.5
NLIC,7/25/2022,770.0,785.0,764.0,785.0,3.15,51103.0,872.0,680.5
NLIC,7/26/2022,790.0,791.0,760.0,765.0,-2.55,39159.0,872.0,680.5
NLIC,7/27/2022,771.0,772.0,754.0,769.9,0.64,18916.0,872.0,680.5
NLIC,7/28/2022,785.0,785.0,755.0,760.0,-1.29,50748.0,872.0,680.5
NLIC,7/29/2022,775.2,775.2,758.0,760.0,0.0,17833.0,872.0,680.5
NLIC,7/31/2022,764.0,812.9,764.0,811.0,6.71,102315.0,872.0,680.5
NLIC,8/1/2022,827.2,836.4,810.0,814.1,0.38,71211.0,872.0,680.5
NLIC,8/2/2022,830.0,830.0,795.0,803.0,-1.36,46241.0,872.0,680.5
NLIC,8/3/2022,803.0,810.0,791.2,794.0,-1.12,41457.0,872.0,680.5
NLIC,8/4/2022,790.0,794.0,775.0,776.0,-2.27,46568.0,872.0,680.5
NLIC,8/5/2022,770.0,770.0,750.0,752.0,-3.09,42274.0,872.0,680.5
NLIC,8/7/2022,760.0,765.0,745.0,745.0,-0.93,43846.0,872.0,680.5
NLIC,8/8/2022,745.1,756.5,734.5,734.5,-1.41,42998.0,872.0,680.5
NLIC,8/9/2022,747.0,747.0,723.1,723.4,-1.51,34593.0,872.0,680.5
NLIC,8/10/2022,720.0,732.0,720.0,724.0,0.08,24727.0,872.0,680.5
NLIC,8/11/2022,729.0,732.0,712.9,712.9,-1.53,30516.0,872.0,680.5
NLIC,8/14/2022,698.7,698.7,647.1,671.9,-5.75,168624.0,872.0,680.5
NLIC,8/15/2022,670.0,685.0,650.0,685.0,1.95,189048.0,872.0,680.5
NLIC,8/16/2022,690.0,703.0,680.1,683.0,-0.29,67302.0,872.0,680.5
NLIC,8/17/2022,692.0,692.0,670.0,675.0,-1.17,31064.0,872.0,680.5
NLIC,8/18/2022,679.0,680.0,667.0,673.0,-0.3,43501.0,872.0,680.5
NLIC,8/21/2022,684.9,684.9,665.0,665.8,-1.07,35963.0,872.0,680.5
NLIC,8/22/2022,672.0,679.0,667.1,671.5,0.86,25775.0,872.0,680.5
NLIC,8/23/2022,673.0,680.0,672.0,680.0,1.27,37587.0,872.0,680.5
NLIC,8/24/2022,680.0,695.0,680.0,695.0,2.21,65005.0,872.0,680.5
NLIC,8/25/2022,695.1,701.0,688.0,688.2,-0.98,37331.0,872.0,680.5
NLIC,8/26/2022,688.0,689.9,674.6,677.0,-1.63,24619.0,872.0,680.5
NLIC,8/28/2022,680.0,680.0,662.5,663.0,-2.07,30636.0,872.0,680.5
NLIC,8/29/2022,663.0,673.0,657.0,670.0,1.06,28429.0,872.0,680.5
NLIC,8/30/2022,670.0,679.0,668.0,668.0,-0.3,16726.0,872.0,680.5
NLIC,8/31/2022,667.0,675.0,653.0,656.2,-1.77,38060.0,872.0,680.5
NLIC,9/1/2022,652.1,670.0,645.5,655.0,-0.18,32698.0,872.0,680.5
NLIC,9/2/2022,651.0,664.5,651.0,657.0,0.31,7359.0,872.0,680.5
NLIC,9/4/2022,660.0,670.0,654.0,665.0,1.22,21165.0,872.0,680.5
NLIC,9/5/2022,665.0,672.8,657.0,660.0,-0.75,25567.0,872.0,680.5
NLIC,9/6/2022,660.0,663.0,640.0,649.0,-1.67,66543.0,872.0,680.5
NLIC,9/7/2022,642.1,655.0,642.1,649.0,0.0,18109.0,872.0,680.5
NLIC,9/8/2022,641.1,653.0,641.1,646.0,-0.46,19982.0,872.0,680.5
NLIC,9/11/2022,646.5,650.0,637.0,637.2,-1.36,27750.0,872.0,680.5
NLIC,9/12/2022,637.2,645.0,633.0,637.5,0.05,19700.0,872.0,680.5
NLIC,9/13/2022,650.2,651.0,640.0,651.0,2.12,16864.0,872.0,680.5
NLIC,9/14/2022,660.0,669.5,650.0,667.0,2.46,22576.0,872.0,680.5
NLIC,9/15/2022,667.0,667.0,644.0,651.0,-2.4,24716.0,872.0,680.5
NLIC,9/16/2022,639.0,649.0,626.4,634.0,-2.61,44826.0,872.0,680.5
NLIC,9/18/2022,634.0,634.0,602.0,605.0,-4.57,73171.0,872.0,680.5
NLIC,9/20/2022,600.0,600.0,584.0,586.0,-3.14,41241.0,872.0,680.5
NLIC,9/21/2022,597.7,597.7,583.1,590.0,0.68,21540.0,872.0,680.5
NLIC,9/22/2022,583.0,594.0,580.5,584.5,-0.93,21631.0,872.0,680.5
NLIC,9/25/2022,585.0,589.0,577.7,579.0,-0.94,20512.0,872.0,680.5
NLIC,9/27/2022,580.0,589.0,579.0,585.0,1.04,8306.0,872.0,680.5
NLIC,9/28/2022,586.0,592.0,577.2,580.0,-0.85,19626.0,872.0,680.5
NLIC,9/29/2022,586.0,590.0,577.0,577.0,-0.52,26071.0,872.0,680.5
NLIC,10/9/2022,587.0,606.9,585.0,606.8,5.16,14726.0,872.0,680.5
NLIC,10/10/2022,610.0,618.1,600.0,602.0,-0.79,22888.0,872.0,680.5
NLIC,10/11/2022,597.0,598.0,575.0,585.0,-2.82,41703.0,872.0,680.5
NLIC,10/12/2022,592.0,600.0,580.0,590.0,0.85,20039.0,872.0,680.5
NLIC,10/13/2022,601.0,601.0,578.3,589.9,-0.02,56105.0,872.0,680.5
NLIC,10/16/2022,600.0,600.0,580.0,581.0,-1.51,22819.0,872.0,680.5
NLIC,10/17/2022,582.0,586.0,579.0,582.0,0.17,18647.0,872.0,680.5
NLIC,10/19/2022,578.0,587.0,574.5,580.0,-0.34,20865.0,872.0,680.5
NLIC,10/20/2022,575.0,584.9,570.0,574.0,-1.03,20944.0,872.0,680.5
NLIC,10/23/2022,585.0,585.5,573.5,582.0,1.39,17513.0,872.0,680.5
NLIC,10/31/2022,590.0,591.0,580.0,584.1,0.36,15715.0,872.0,680.5
NLIC,11/1/2022,585.0,624.0,584.0,609.0,4.26,32523.0,872.0,680.5
NLIC,11/2/2022,609.0,632.0,607.0,619.0,1.64,27439.0,872.0,680.5
NLIC,11/3/2022,622.0,626.0,612.5,615.5,-0.57,29218.0,872.0,680.5
NLIC,11/6/2022,604.0,652.0,598.0,619.0,0.57,35468.0,872.0,680.5
NLIC,11/7/2022,619.0,628.0,610.0,612.0,-1.13,33623.0,872.0,680.5
NLIC,11/8/2022,622.0,622.0,605.0,618.0,0.98,29168.0,872.0,680.5
NLIC,11/9/2022,615.0,618.0,590.0,591.0,-4.37,62506.0,872.0,680.5
NLIC,11/10/2022,598.0,600.0,580.1,587.0,-0.68,24927.0,872.0,680.5
NLIC,11/13/2022,597.9,597.9,570.1,575.0,-2.04,34454.0,872.0,680.5
NLIC,11/14/2022,575.0,588.0,574.0,586.5,2.0,37727.0,872.0,680.5
NLIC,11/15/2022,598.2,610.0,588.0,597.0,1.79,101193.0,872.0,680.5
NLIC,11/16/2022,607.0,610.0,598.0,610.0,2.18,63445.0,872.0,680.5
NLIC,11/17/2022,615.0,619.0,605.0,610.0,0.0,80266.0,872.0,680.5
NLIC,11/22/2022,622.0,622.0,608.0,612.5,0.41,45889.0,872.0,680.5
NLIC,11/23/2022,615.0,615.0,600.0,602.0,-1.71,26463.0,872.0,680.5
NLIC,11/24/2022,609.0,613.9,598.0,610.0,1.33,27971.0,872.0,680.5
NLIC,11/27/2022,610.0,618.0,608.0,618.0,1.31,37316.0,872.0,680.5
NLIC,11/28/2022,618.0,625.0,610.0,614.0,-0.65,28119.0,872.0,680.5
NLIC,11/29/2022,614.0,618.9,602.1,615.0,0.16,22127.0,872.0,680.5
NLIC,11/30/2022,611.0,617.9,610.0,612.8,-0.36,13374.0,872.0,680.5
NLIC,12/1/2022,609.0,619.0,609.0,615.0,0.36,22265.0,872.0,680.5
NLIC,12/4/2022,620.0,634.0,613.0,629.0,2.28,60543.0,872.0,680.5
NLIC,12/5/2022,629.0,635.0,619.0,619.0,-1.59,37907.0,872.0,680.5
NLIC,12/6/2022,617.0,628.0,613.2,618.2,-0.13,31681.0,872.0,680.5
NLIC,12/7/2022,615.0,621.0,610.0,612.3,-0.95,21956.0,872.0,680.5
NLIC,12/11/2022,615.0,615.0,601.1,605.0,-1.19,22338.0,872.0,680.5
NLIC,12/12/2022,605.0,614.0,600.0,613.0,1.32,32341.0,872.0,680.5
NLIC,12/13/2022,605.1,613.0,605.1,610.4,-0.42,11418.0,872.0,680.5
NLIC,12/14/2022,609.0,615.0,602.0,604.2,-1.02,25845.0,872.0,680.5
NLIC,12/15/2022,604.0,604.0,598.0,598.7,-0.91,30385.0,872.0,680.5
NLIC,12/18/2022,601.0,604.9,593.0,602.0,0.55,18960.0,872.0,680.5
NLIC,12/19/2022,604.7,607.0,596.0,605.0,0.5,17774.0,872.0,680.5
NLIC,12/20/2022,600.0,618.0,599.1,612.0,1.16,21170.0,872.0,680.5
NLIC,12/21/2022,612.0,620.0,608.0,611.5,-0.08,24494.0,872.0,680.5
NLIC,12/22/2022,612.0,612.0,602.0,605.0,-1.06,13707.0,872.0,680.5
NLIC,12/26/2022,615.0,634.0,612.0,634.0,4.79,49438.0,872.0,680.5
NLIC,12/27/2022,645.0,693.0,640.0,675.0,6.47,88980.0,872.0,680.5
NLIC,12/28/2022,685.0,687.0,660.0,668.0,-1.04,51063.0,872.0,680.5
NLIC,12/29/2022,668.0,705.0,663.0,702.0,5.09,69290.0,872.0,680.5
NLIC,1/1/2023,709.7,736.5,696.0,728.0,3.7,128592.0,872.0,680.5
NLIC,1/2/2023,732.0,734.0,717.0,725.0,-0.41,37153.0,872.0,680.5
NLIC,1/3/2023,720.0,730.0,713.0,713.1,-1.64,62125.0,872.0,680.5
NLIC,1/4/2023,716.0,725.0,706.0,721.1,1.12,68888.0,872.0,680.5
NLIC,1/5/2023,722.1,740.0,715.2,722.0,0.12,79958.0,872.0,680.5
NLIC,1/8/2023,727.0,794.2,718.0,772.0,6.93,171232.0,872.0,680.5
NLIC,1/9/2023,786.9,794.0,765.0,786.0,1.81,108052.0,872.0,680.5
NLIC,1/10/2023,798.0,813.0,756.0,765.4,-2.62,98452.0,872.0,680.5
NLIC,1/12/2023,775.0,790.0,730.0,734.0,-4.1,122709.0,872.0,680.5
NLIC,1/17/2023,735.0,754.0,720.0,744.8,1.47,73246.0,872.0,680.5
NLIC,1/18/2023,758.0,760.0,728.0,733.0,-1.58,77356.0,872.0,680.5
NLIC,1/19/2023,730.0,748.0,720.0,738.0,0.68,120170.0,872.0,680.5
NLIC,1/23/2023,743.0,750.0,735.0,735.0,-0.41,49273.0,872.0,680.5
NLIC,1/24/2023,728.0,738.0,721.2,735.0,0.0,46204.0,872.0,680.5
NLIC,1/25/2023,748.0,760.0,740.0,752.0,2.31,83596.0,872.0,680.5
NLIC,1/26/2023,758.0,785.4,750.0,764.0,1.6,87042.0,872.0,680.5
NLIC,1/29/2023,767.0,769.8,748.0,755.0,-1.18,87517.0,872.0,680.5
NLIC,1/30/2023,759.0,760.0,736.0,743.0,-1.59,64954.0,872.0,680.5
NLIC,1/31/2023,740.0,744.0,730.0,736.0,-0.94,40962.0,872.0,680.5
NLIC,2/1/2023,736.0,758.0,726.0,755.0,2.58,46247.0,872.0,680.5
NLIC,2/2/2023,754.9,755.0,735.0,737.0,-2.38,31603.0,872.0,680.5
NLIC,2/5/2023,751.7,752.0,729.6,732.0,-0.68,86995.0,872.0,680.5
NLIC,2/6/2023,727.5,734.0,720.0,723.0,-1.23,67568.0,872.0,680.5
NLIC,2/7/2023,737.0,753.0,725.0,750.0,3.73,108847.0,872.0,680.5
NLIC,2/8/2023,755.0,764.0,738.0,741.9,-1.08,80465.0,872.0,680.5
NLIC,2/9/2023,741.0,754.0,735.0,744.9,0.4,50143.0,872.0,680.5
NLIC,2/12/2023,732.0,738.8,721.3,723.0,-2.94,53153.0,872.0,680.5
NLIC,2/14/2023,725.0,725.0,714.0,718.0,-0.69,47077.0,872.0,680.5
NLIC,2/15/2023,719.0,730.0,707.0,707.1,-1.52,33433.0,872.0,680.5
NLIC,2/16/2023,710.0,715.0,700.2,703.0,-0.58,34446.0,872.0,680.5
NLIC,2/20/2023,703.0,708.0,698.5,699.0,-0.57,31020.0,872.0,680.5
NLIC,2/22/2023,700.0,713.5,700.0,708.0,1.29,28749.0,872.0,680.5
NLIC,2/23/2023,700.0,708.0,693.0,698.0,-1.41,46295.0,872.0,680.5
NLIC,2/26/2023,684.1,699.5,675.1,695.0,-0.43,36891.0,872.0,680.5
NLIC,2/27/2023,700.0,700.0,685.0,697.0,0.29,37417.0,872.0,680.5
NLIC,2/28/2023,700.0,700.0,685.0,692.0,-0.72,13330.0,872.0,680.5
NLIC,3/1/2023,704.0,704.0,681.0,683.3,-1.26,24412.0,872.0,680.5
NLIC,3/2/2023,675.3,680.0,667.0,672.0,-1.65,28690.0,872.0,680.5
NLIC,3/5/2023,673.0,677.0,651.1,653.0,-2.83,39638.0,872.0,680.5
NLIC,3/7/2023,656.0,667.0,654.0,657.0,0.61,20167.0,872.0,680.5
NLIC,3/9/2023,670.0,684.0,667.0,682.2,3.84,14473.0,872.0,680.5
NLIC,3/12/2023,685.1,693.0,672.0,674.6,-1.11,30729.0,872.0,680.5
NLIC,3/13/2023,665.0,673.0,656.0,660.0,-2.16,40780.0,872.0,680.5
NLIC,3/14/2023,669.0,670.0,655.0,662.0,0.3,31393.0,872.0,680.5
NLIC,3/15/2023,664.9,665.0,650.0,660.8,-0.18,47063.0,872.0,680.5
NLIC,3/16/2023,661.0,672.0,652.0,660.1,-0.11,49914.0,872.0,680.5
NLIC,3/19/2023,671.9,671.9,649.1,652.0,-1.23,60131.0,872.0,680.5
NLIC,3/20/2023,652.0,665.0,650.0,660.0,1.23,45746.0,872.0,680.5
NLIC,3/22/2023,673.0,673.0,642.0,649.9,-1.53,141236.0,872.0,680.5
NLIC,3/23/2023,640.0,652.0,640.0,650.9,0.15,19805.0,872.0,680.5
NLIC,3/26/2023,650.0,655.0,638.0,640.0,-1.67,25295.0,872.0,680.5
NLIC,3/27/2023,635.0,652.0,635.0,651.0,1.72,35967.0,872.0,680.5
NLIC,3/28/2023,662.0,662.0,649.0,653.0,0.31,38348.0,872.0,680.5
NLIC,3/29/2023,655.0,660.0,647.0,650.0,-0.46,29193.0,872.0,680.5
NLIC,3/30/2023,662.0,662.0,651.0,653.0,0.46,25086.0,872.0,680.5
NLIC,4/2/2023,660.0,664.9,649.0,651.0,-0.31,23201.0,872.0,680.5
NLIC,4/3/2023,646.0,651.0,644.0,649.9,-0.17,23131.0,872.0,680.5
NLIC,4/4/2023,643.5,651.0,637.0,645.0,-0.75,18152.0,872.0,680.5
NLIC,4/5/2023,657.0,657.0,642.0,644.1,-0.14,15333.0,872.0,680.5
NLIC,4/6/2023,656.9,670.0,642.0,645.3,0.19,27655.0,872.0,680.5
NLIC,4/9/2023,640.0,640.0,632.0,633.5,-1.83,32596.0,872.0,680.5
NLIC,4/10/2023,636.0,645.0,634.0,637.0,0.55,28291.0,872.0,680.5
NLIC,4/11/2023,648.0,650.0,640.0,646.0,1.41,16859.0,872.0,680.5
NLIC,4/12/2023,658.0,683.1,655.0,680.7,5.37,43493.0,872.0,680.5
NLIC,4/13/2023,694.3,694.3,667.0,676.0,-0.69,45599.0,872.0,680.5
NLIC,4/16/2023,672.1,683.7,672.1,679.0,0.44,13754.0,872.0,680.5
NLIC,4/17/2023,670.0,675.0,665.0,665.0,-2.06,15545.0,872.0,680.5
NLIC,4/18/2023,665.0,671.0,658.0,668.0,0.45,13874.0,872.0,680.5
NLIC,4/19/2023,678.0,678.0,660.0,667.0,-0.15,30629.0,872.0,680.5
NLIC,4/20/2023,670.0,675.0,659.0,659.0,-1.2,13683.0,872.0,680.5
NLIC,4/23/2023,659.0,663.0,652.1,654.1,-0.74,10821.0,872.0,680.5
NLIC,4/24/2023,650.0,664.7,646.2,660.0,0.9,19722.0,872.0,680.5
NLIC,4/25/2023,660.0,670.0,651.1,665.9,0.89,11310.0,872.0,680.5
NLIC,4/26/2023,678.8,678.8,660.2,661.4,-0.68,11196.0,872.0,680.5
NLIC,4/27/2023,652.0,661.5,650.5,658.0,-0.51,14720.0,872.0,680.5
NLIC,4/30/2023,647.0,660.0,647.0,653.0,-0.76,14917.0,872.0,680.5
NLIC,5/2/2023,654.0,665.0,651.0,656.0,0.46,11762.0,872.0,680.5
NLIC,5/3/2023,655.0,656.0,649.1,650.5,-0.84,12501.0,872.0,680.5
NLIC,5/4/2023,661.0,661.0,646.0,656.0,0.85,9551.0,872.0,680.5
NLIC,5/7/2023,657.0,659.0,650.1,653.0,-0.46,16413.0,872.0,680.5
NLIC,5/8/2023,650.0,657.0,645.2,646.1,-1.06,11351.0,872.0,680.5
NLIC,5/9/2023,659.0,659.0,646.3,654.0,1.22,12926.0,872.0,680.5
NLIC,5/10/2023,655.0,665.0,650.6,658.0,0.61,13283.0,872.0,680.5
NLIC,5/11/2023,658.0,658.0,651.1,657.5,-0.08,11421.0,872.0,680.5
NLIC,5/14/2023,660.0,668.0,651.1,656.0,-0.23,13421.0,872.0,680.5
NLIC,5/15/2023,651.0,660.0,650.0,654.1,-0.29,13650.0,872.0,680.5
NLIC,5/16/2023,654.0,662.0,650.0,655.0,0.14,15476.0,872.0,680.5
NLIC,5/17/2023,658.0,664.0,653.0,661.0,0.92,21211.0,872.0,680.5
NLIC,5/18/2023,671.0,674.9,664.9,674.0,1.97,25615.0,872.0,680.5
NLIC,5/21/2023,674.0,684.9,669.0,673.0,-0.15,34145.0,872.0,680.5
NLIC,5/22/2023,673.0,680.0,666.0,673.1,0.01,28392.0,872.0,680.5
NLIC,5/23/2023,673.1,706.0,673.1,705.1,4.75,63211.0,872.0,680.5
NLIC,5/24/2023,705.0,716.9,700.0,716.9,1.67,37079.0,872.0,680.5
NLIC,5/28/2023,720.0,720.0,695.0,695.0,-3.05,40481.0,872.0,680.5
NLIC,5/30/2023,687.7,687.7,659.9,662.0,-4.75,121055.0,872.0,680.5
NLIC,5/31/2023,648.8,674.0,645.9,650.0,-1.81,66415.0,872.0,680.5
NLIC,6/1/2023,655.0,657.0,640.0,652.0,0.31,52628.0,872.0,680.5
NLIC,6/4/2023,665.0,677.0,654.0,673.0,3.22,63925.0,872.0,680.5
NLIC,6/5/2023,673.0,680.0,651.0,654.9,-2.69,57764.0,872.0,680.5
NLIC,6/6/2023,665.0,665.0,647.0,660.5,0.86,40021.0,872.0,680.5
NLIC,6/7/2023,673.0,673.0,653.0,655.0,-0.83,57463.0,872.0,680.5
NLIC,6/8/2023,655.0,664.0,650.0,653.6,-0.21,55278.0,872.0,680.5
NLIC,6/11/2023,666.0,670.0,656.1,660.0,0.98,80664.0,872.0,680.5
NLIC,6/12/2023,668.0,668.0,658.0,661.9,0.29,74077.0,872.0,680.5
NLIC,6/13/2023,674.0,689.5,657.0,679.1,2.6,130059.0,872.0,680.5
NLIC,6/14/2023,685.0,727.9,685.0,710.0,4.55,204923.0,872.0,680.5
NLIC,6/15/2023,720.0,730.0,705.0,728.0,2.54,208130.0,872.0,680.5
NLIC,6/18/2023,741.9,800.8,735.0,790.0,8.52,214860.0,872.0,680.5
NLIC,6/19/2023,800.8,820.0,762.0,772.0,-2.28,162103.0,872.0,680.5
NLIC,6/20/2023,772.0,787.4,750.0,750.0,-2.85,150595.0,872.0,680.5
NLIC,6/21/2023,760.0,760.0,737.1,746.0,-0.53,121852.0,872.0,680.5
NLIC,6/22/2023,760.0,769.8,747.0,763.0,2.28,100868.0,872.0,680.5
NLIC,6/25/2023,778.0,804.9,767.0,799.0,4.72,257931.0,872.0,680.5
NLIC,6/26/2023,811.0,819.8,778.0,782.0,-2.13,186943.0,872.0,680.5
NLIC,6/27/2023,797.0,797.0,773.0,777.0,-0.64,86178.0,872.0,680.5
NLIC,6/28/2023,777.0,794.9,767.0,788.0,1.42,143690.0,872.0,680.5
NLIC,7/2/2023,773.0,799.8,765.4,766.0,-2.79,109697.0,872.0,680.5
NLIC,7/3/2023,760.0,770.0,750.0,751.0,-1.96,97368.0,872.0,680.5
NLIC,7/4/2023,752.0,766.0,747.1,754.0,0.4,54381.0,872.0,680.5
NLIC,7/5/2023,760.0,764.0,735.0,738.0,-2.12,52578.0,872.0,680.5
NLIC,7/6/2023,749.0,750.0,730.0,741.0,0.41,56379.0,872.0,680.5
NLIC,7/9/2023,755.0,770.0,750.0,757.9,2.28,66648.0,872.0,680.5
NLIC,7/10/2023,773.0,773.0,754.0,761.9,0.53,55880.0,872.0,680.5
NLIC,7/11/2023,777.0,777.0,750.0,754.0,-1.04,36335.0,872.0,680.5
NLIC,7/12/2023,768.0,768.0,740.0,745.0,-1.19,69420.0,872.0,680.5
NLIC,7/13/2023,750.0,755.0,740.0,740.1,-0.66,46006.0,872.0,680.5
NLIC,7/16/2023,754.0,754.0,741.2,744.0,0.53,25527.0,872.0,680.5
NLIC,7/17/2023,742.1,763.9,742.1,763.0,2.55,50533.0,872.0,680.5
NLIC,7/18/2023,775.0,777.0,762.0,763.0,0.0,53343.0,872.0,680.5
NLIC,7/19/2023,750.0,772.0,750.0,769.0,0.79,43307.0,872.0,680.5
NLIC,7/20/2023,770.0,775.0,750.0,755.0,-1.82,75277.0,872.0,680.5
NLIC,7/23/2023,770.0,774.6,756.0,768.0,1.72,61604.0,872.0,680.5
NLIC,7/24/2023,766.0,774.8,755.3,761.0,-0.91,66223.0,872.0,680.5
NLIC,7/25/2023,762.0,769.0,748.0,748.0,-1.71,35943.0,872.0,680.5
NLIC,7/26/2023,757.0,758.0,744.0,748.0,0.0,26858.0,872.0,680.5
NLIC,7/27/2023,759.0,759.0,736.0,736.0,-1.6,39216.0,872.0,680.5
NLIC,7/30/2023,745.0,750.0,722.0,729.9,-0.83,36604.0,872.0,680.5
NLIC,7/31/2023,744.0,744.0,723.0,725.0,-0.67,29761.0,872.0,680.5
NLIC,8/1/2023,732.0,732.0,715.2,715.5,-1.31,27174.0,872.0,680.5
NLIC,8/2/2023,728.9,728.9,702.0,715.0,-0.07,41104.0,872.0,680.5
NLIC,8/3/2023,729.0,729.0,709.0,714.9,-0.01,27212.0,872.0,680.5
NLIC,8/6/2023,717.0,722.0,700.0,704.0,-1.52,28175.0,872.0,680.5
NLIC,8/7/2023,700.0,714.0,693.7,700.0,-0.57,43574.0,872.0,680.5
NLIC,8/8/2023,700.0,709.0,688.9,689.1,-1.56,26465.0,872.0,680.5
NLIC,8/9/2023,688.0,720.0,676.0,714.9,3.74,48018.0,872.0,680.5
NLIC,8/10/2023,725.0,725.0,706.0,709.0,-0.83,24957.0,872.0,680.5
NLIC,8/13/2023,720.0,727.0,713.0,718.0,1.27,44130.0,872.0,680.5
NLIC,8/14/2023,730.9,730.9,715.0,720.0,0.28,29246.0,872.0,680.5
NLIC,8/15/2023,715.0,720.0,706.0,706.0,-1.94,18443.0,872.0,680.5
NLIC,8/16/2023,692.1,712.0,690.0,700.0,-0.85,25600.0,872.0,680.5
NLIC,8/17/2023,701.0,709.0,695.0,699.9,-0.01,31423.0,872.0,680.5
NLIC,8/20/2023,713.8,713.8,691.0,695.0,-0.7,13106.0,872.0,680.5
NLIC,8/21/2023,691.0,702.9,683.0,694.0,-0.14,30134.0,872.0,680.5
NLIC,8/22/2023,702.8,702.8,686.0,697.0,0.43,10901.0,872.0,680.5
NLIC,8/23/2023,695.0,710.0,695.0,707.0,1.43,20300.0,872.0,680.5
NLIC,8/24/2023,707.0,708.4,690.0,691.5,-2.19,34862.0,872.0,680.5
NLIC,8/27/2023,700.0,700.0,685.0,690.0,-0.22,27367.0,872.0,680.5
NLIC,8/28/2023,695.0,700.0,686.0,691.0,0.14,10277.0,872.0,680.5
NLIC,8/29/2023,690.0,701.9,687.0,687.0,-0.58,9183.0,872.0,680.5
NLIC,8/30/2023,690.0,690.0,683.0,688.0,0.15,11703.0,872.0,680.5
NLIC,9/3/2023,688.0,696.0,676.0,678.0,-1.45,17887.0,872.0,680.5
NLIC,9/4/2023,691.4,691.4,669.0,683.0,0.74,21507.0,872.0,680.5
NLIC,9/5/2023,683.0,687.9,675.0,675.6,-1.08,11054.0,872.0,680.5
NLIC,9/7/2023,687.7,687.7,666.1,666.4,-1.36,21709.0,872.0,680.5
NLIC,9/10/2023,660.1,675.0,660.1,670.1,0.56,14650.0,872.0,680.5
NLIC,9/11/2023,665.0,770.0,661.0,692.0,3.27,18843.0,872.0,680.5
NLIC,9/12/2023,705.0,705.0,685.0,686.1,-0.85,15845.0,872.0,680.5
NLIC,9/13/2023,695.0,704.0,685.0,704.0,2.61,19308.0,872.0,680.5
NLIC,9/17/2023,700.0,700.0,685.0,685.5,-2.63,19004.0,872.0,680.5
NLIC,9/18/2023,685.0,694.0,681.0,689.8,0.63,8088.0,872.0,680.5
NLIC,9/19/2023,700.0,700.0,682.0,691.1,0.19,10652.0,872.0,680.5
NLIC,9/21/2023,704.0,705.0,690.0,694.0,0.42,72890.0,872.0,680.5
NLIC,9/24/2023,694.0,705.0,687.2,690.0,-0.58,12556.0,872.0,680.5
NLIC,9/25/2023,690.0,693.0,680.0,682.0,-1.16,16888.0,872.0,680.5
NLIC,9/26/2023,690.0,700.0,687.0,690.0,1.17,18751.0,872.0,680.5
NLIC,9/27/2023,699.9,699.9,682.1,682.1,-1.14,26006.0,872.0,680.5
NLIC,10/1/2023,688.0,688.1,668.0,671.6,-1.54,26773.0,872.0,680.5
NLIC,10/2/2023,671.0,679.8,668.0,674.5,0.43,17700.0,872.0,680.5
NLIC,10/3/2023,670.0,680.0,667.0,671.9,-0.39,19684.0,872.0,680.5
NLIC,10/4/2023,673.0,680.0,669.1,674.0,0.31,16284.0,872.0,680.5
NLIC,10/5/2023,680.0,680.0,670.6,676.0,0.3,15066.0,872.0,680.5
NLIC,10/8/2023,675.0,676.0,665.0,666.0,-1.48,22406.0,872.0,680.5
NLIC,10/9/2023,666.0,666.0,656.0,659.0,-1.05,19353.0,872.0,680.5
NLIC,10/10/2023,657.0,663.0,650.2,652.0,-1.06,12438.0,872.0,680.5
NLIC,10/11/2023,652.0,665.0,652.0,655.0,0.46,13710.0,872.0,680.5
NLIC,10/12/2023,668.1,668.1,643.0,643.1,-1.82,35947.0,872.0,680.5
NLIC,10/16/2023,640.4,645.0,630.7,632.1,-1.71,25589.0,872.0,680.5
NLIC,10/17/2023,635.0,658.0,635.0,639.9,1.23,10250.0,872.0,680.5
NLIC,10/18/2023,652.0,665.0,647.0,658.0,2.83,11651.0,872.0,680.5
NLIC,10/19/2023,668.9,669.0,650.0,653.0,-0.76,12090.0,872.0,680.5
NLIC,10/29/2023,653.0,658.0,644.0,645.0,-1.23,10033.0,872.0,680.5
NLIC,10/30/2023,650.0,651.0,631.0,639.0,-0.93,50718.0,872.0,680.5
NLIC,10/31/2023,639.0,640.0,630.0,633.0,-0.94,9594.0,872.0,680.5
NLIC,11/1/2023,632.09,647.0,630.1,635.0,0.32,13482.0,872.0,680.5
NLIC,11/2/2023,635.0,637.5,632.0,634.7,-0.05,9567.0,872.0,680.5
NLIC,11/5/2023,635.0,635.0,625.1,630.0,-0.74,11065.0,872.0,680.5
NLIC,11/6/2023,635.0,645.0,633.0,638.0,1.27,12167.0,872.0,680.5
NLIC,11/7/2023,638.0,645.4,638.0,642.0,0.63,7542.0,872.0,680.5
NLIC,11/8/2023,645.0,657.0,638.1,651.0,1.4,16004.0,872.0,680.5
NLIC,11/9/2023,660.0,664.0,644.1,644.9,-0.94,13824.0,872.0,680.5
NLIC,11/20/2023,655.0,665.0,643.0,650.0,0.79,17011.0,872.0,680.5
NLIC,11/21/2023,663.0,663.0,640.0,645.0,-0.77,13303.0,872.0,680.5
NLIC,11/22/2023,646.0,650.0,633.3,647.0,0.31,9797.0,872.0,680.5
NLIC,11/23/2023,646.0,665.0,640.0,656.4,1.45,16372.0,872.0,680.5
NLIC,11/26/2023,644.0,680.0,644.0,679.8,3.56,28464.0,872.0,680.5
NLIC,11/27/2023,667.0,688.0,667.0,674.0,-0.85,23199.0,872.0,680.5
NLIC,11/28/2023,670.0,678.9,663.0,669.0,-0.74,12490.0,872.0,680.5
NLIC,11/29/2023,679.0,679.0,658.0,659.9,-1.36,17017.0,872.0,680.5
NLIC,11/30/2023,660.0,669.0,651.1,652.6,-1.11,17278.0,872.0,680.5
NLIC,12/3/2023,665.6,665.6,646.1,652.0,-0.09,12553.0,872.0,680.5
NLIC,12/4/2023,654.0,660.0,649.1,653.0,0.15,12727.0,872.0,680.5
NLIC,12/5/2023,658.0,664.0,650.1,651.0,-0.31,7677.0,872.0,680.5
NLIC,12/6/2023,651.0,653.0,646.0,648.0,-0.46,17214.0,872.0,680.5
NLIC,12/7/2023,648.0,662.1,647.0,652.0,0.62,20444.0,872.0,680.5
NLIC,12/10/2023,665.0,700.0,665.0,685.0,5.06,3936.0,872.0,680.5
NLIC,12/11/2023,698.7,709.0,670.0,676.0,-1.31,87743.0,872.0,680.5
NLIC,12/12/2023,689.5,694.9,676.0,683.0,1.04,64195.0,872.0,680.5
NLIC,12/13/2023,696.6,696.6,676.2,680.0,-0.44,45278.0,872.0,680.5
NLIC,12/14/2023,693.0,695.0,676.0,684.0,0.59,38703.0,872.0,680.5
NLIC,12/17/2023,670.4,675.0,630.0,664.5,-2.85,133906.0,872.0,680.5
NLIC,12/18/2023,674.0,674.2,661.0,669.0,0.68,70563.0,872.0,680.5
NLIC,12/19/2023,675.0,690.0,668.0,689.0,2.99,114598.0,872.0,680.5
NLIC,12/20/2023,695.0,724.0,695.0,718.6,4.3,128472.0,872.0,680.5
NLIC,12/21/2023,732.9,732.9,703.0,707.0,-1.61,70475.0,872.0,680.5
NLIC,12/24/2023,707.0,707.5,690.0,691.0,-2.26,58378.0,872.0,680.5
NLIC,12/27/2023,704.0,704.0,679.0,682.0,-1.3,44402.0,872.0,680.5
NLIC,12/28/2023,695.6,695.6,671.0,674.5,-1.1,43099.0,872.0,680.5
NLIC,1/1/2024,674.6,685.0,665.0,667.0,-1.11,37725.0,872.0,680.5
NLIC,1/2/2024,667.0,670.0,653.0,655.0,-1.8,32939.0,872.0,680.5
NLIC,1/3/2024,668.0,668.0,650.0,659.8,0.73,30206.0,872.0,680.5
NLIC,1/4/2024,672.9,672.9,648.0,653.0,-1.03,64723.0,872.0,680.5
NLIC,1/7/2024,652.0,653.0,635.0,635.0,-2.76,82347.0,872.0,680.5
NLIC,1/8/2024,645.0,655.0,640.0,652.0,2.68,61735.0,872.0,680.5
NLIC,1/9/2024,665.0,671.0,662.0,670.0,2.76,46929.0,872.0,680.5
NLIC,1/10/2024,671.0,675.0,658.0,660.0,-1.49,50137.0,872.0,680.5
NLIC,1/11/2024,660.0,667.0,650.0,651.0,-1.36,44057.0,872.0,680.5
NLIC,1/14/2024,664.0,664.0,650.9,655.0,0.61,27037.0,872.0,680.5
NLIC,1/16/2024,653.0,665.0,653.0,662.0,1.07,66221.0,872.0,680.5
NLIC,1/17/2024,665.0,673.9,660.0,660.5,-0.23,59629.0,872.0,680.5
NLIC,1/18/2024,655.5,660.0,651.0,654.1,-0.97,38735.0,872.0,680.5
NLIC,1/21/2024,654.1,670.0,647.5,648.3,-0.89,54076.0,872.0,680.5
NLIC,1/22/2024,635.4,640.0,615.0,629.8,-2.85,104029.0,872.0,680.5
NLIC,1/23/2024,620.0,637.0,618.0,625.0,-0.76,41977.0,872.0,680.5
NLIC,1/24/2024,625.0,637.0,625.0,627.0,0.32,34813.0,872.0,680.5
NLIC,1/25/2024,634.0,637.0,625.0,625.0,-0.32,37353.0,872.0,680.5
NLIC,1/28/2024,630.0,634.4,625.0,627.0,0.32,35053.0,872.0,680.5
NLIC,1/29/2024,634.0,634.8,628.0,630.0,0.48,31840.0,872.0,680.5
NLIC,1/30/2024,637.0,637.0,630.0,630.7,0.11,35833.0,872.0,680.5
NLIC,1/31/2024,639.0,639.0,625.0,625.0,-0.9,28535.0,872.0,680.5
NLIC,2/1/2024,620.0,625.0,609.6,618.8,-0.99,59742.0,872.0,680.5
NLIC,2/4/2024,620.0,620.0,612.0,613.0,-0.94,25595.0,872.0,680.5
NLIC,2/5/2024,621.8,621.9,614.0,616.5,0.57,16814.0,872.0,680.5
NLIC,2/6/2024,620.0,625.0,616.0,618.1,0.26,23771.0,872.0,680.5
NLIC,2/7/2024,630.4,655.8,625.0,625.0,1.12,28205.0,872.0,680.5
NLIC,2/8/2024,630.0,633.0,625.1,627.5,0.4,22032.0,872.0,680.5
NLIC,2/11/2024,630.0,631.0,620.0,627.0,-0.08,30118.0,872.0,680.5
NLIC,2/12/2024,620.2,632.8,620.0,630.0,0.48,27121.0,872.0,680.5
NLIC,2/13/2024,625.0,627.0,618.0,619.0,-1.75,31953.0,872.0,680.5
NLIC,2/14/2024,624.0,624.0,615.0,618.0,-0.16,21939.0,872.0,680.5
NLIC,2/15/2024,615.0,624.0,613.0,615.1,-0.47,17127.0,872.0,680.5
NLIC,2/18/2024,614.0,618.0,612.0,613.8,-0.21,24055.0,872.0,680.5
NLIC,2/20/2024,615.0,622.9,609.4,612.1,-0.28,28272.0,872.0,680.5
NLIC,2/21/2024,612.0,620.1,609.1,611.0,-0.18,26693.0,872.0,680.5
NLIC,2/22/2024,615.0,620.0,600.0,605.0,-0.98,51774.0,872.0,680.5
NLIC,2/25/2024,605.0,617.0,597.0,597.0,-1.32,22433.0,872.0,680.5
NLIC,2/26/2024,597.0,606.0,590.0,596.0,-0.17,24145.0,872.0,680.5
NLIC,2/27/2024,606.0,606.0,593.0,600.0,0.67,23676.0,872.0,680.5
NLIC,2/28/2024,600.0,605.9,596.0,597.0,-0.5,15201.0,872.0,680.5
NLIC,2/29/2024,592.0,596.0,592.0,593.0,-0.67,15582.0,872.0,680.5
NLIC,3/3/2024,595.0,595.0,588.0,588.9,-0.69,16884.0,872.0,680.5
NLIC,3/4/2024,600.6,624.0,600.6,624.0,5.96,510.0,872.0,680.5
NLIC,3/5/2024,636.4,636.4,601.9,604.9,-3.06,24008.0,872.0,680.5
NLIC,3/6/2024,605.0,611.8,595.0,601.0,-0.64,22018.0,872.0,680.5
NLIC,3/7/2024,600.1,610.0,588.0,596.0,-0.83,54231.0,872.0,680.5
NLIC,3/10/2024,597.1,607.8,585.0,598.0,0.34,51561.0,872.0,680.5
NLIC,3/12/2024,600.0,624.5,600.0,624.0,4.35,60426.0,872.0,680.5
NLIC,3/13/2024,636.0,638.0,618.0,626.0,0.32,45201.0,872.0,680.5
NLIC,3/14/2024,627.0,629.9,615.0,616.0,-1.6,36829.0,872.0,680.5
NLIC,3/17/2024,626.8,626.8,608.1,611.0,-0.81,32379.0,872.0,680.5
NLIC,3/18/2024,610.0,617.9,608.0,610.0,-0.16,13801.0,872.0,680.5
NLIC,3/19/2024,611.0,619.7,609.0,610.0,0.0,26126.0,872.0,680.5
NLIC,3/20/2024,622.0,622.0,610.0,612.0,0.33,16026.0,872.0,680.5
NLIC,3/21/2024,618.4,618.4,605.9,606.0,-0.98,33198.0,872.0,680.5
NLIC,3/25/2024,606.0,610.0,592.0,600.0,-0.99,33126.0,872.0,680.5
NLIC,3/26/2024,601.0,606.9,590.0,599.0,-0.17,26686.0,872.0,680.5
NLIC,3/27/2024,599.9,600.9,596.0,597.0,-0.33,27010.0,872.0,680.5
NLIC,3/28/2024,591.1,600.0,590.0,596.0,-0.17,32341.0,872.0,680.5
NLIC,3/31/2024,594.2,599.0,592.0,594.9,-0.18,22333.0,872.0,680.5
NLIC,4/1/2024,590.1,600.0,590.0,595.9,0.17,25349.0,872.0,680.5
NLIC,4/2/2024,591.3,599.8,591.2,595.1,-0.13,19017.0,872.0,680.5
NLIC,4/3/2024,607.0,609.9,591.0,595.4,0.05,27713.0,872.0,680.5
NLIC,4/4/2024,595.4,600.0,594.5,594.5,-0.15,19939.0,872.0,680.5
NLIC,4/7/2024,594.5,600.0,592.0,597.1,0.44,25473.0,872.0,680.5
NLIC,4/9/2024,609.0,609.0,596.0,598.0,0.15,26661.0,872.0,680.5
NLIC,4/10/2024,601.0,604.0,593.0,597.0,-0.17,34011.0,872.0,680.5
NLIC,4/14/2024,597.0,602.0,594.0,595.0,-0.34,31201.0,872.0,680.5
NLIC,4/15/2024,591.1,597.0,591.1,595.0,0.0,26107.0,872.0,680.5
NLIC,4/16/2024,594.0,595.0,590.0,592.0,-0.5,24895.0,872.0,680.5
NLIC,4/18/2024,590.0,593.0,587.0,590.0,-0.34,25394.0,872.0,680.5
NLIC,4/21/2024,591.0,591.0,582.5,589.0,-0.17,23037.0,872.0,680.5
NLIC,4/22/2024,589.0,592.0,583.0,587.5,-0.25,16733.0,872.0,680.5
NLIC,4/24/2024,586.0,593.9,584.2,588.0,0.09,11733.0,872.0,680.5
NLIC,4/25/2024,585.0,594.0,584.0,586.0,-0.34,17139.0,872.0,680.5
NLIC,4/28/2024,597.7,597.7,585.8,590.0,0.68,19576.0,872.0,680.5
NLIC,4/29/2024,591.1,597.0,589.0,590.0,0.0,16938.0,872.0,680.5
NLIC,4/30/2024,591.0,594.0,586.0,591.0,0.17,22779.0,872.0,680.5
NLIC,5/2/2024,602.8,602.8,591.0,591.1,0.02,24785.0,872.0,680.5
NLIC,5/5/2024,591.0,595.0,585.0,587.0,-0.69,25655.0,872.0,680.5
NLIC,5/6/2024,588.0,588.0,580.0,580.0,-1.19,39902.0,872.0,680.5
NLIC,5/7/2024,579.0,588.4,578.8,579.5,-0.09,19148.0,872.0,680.5
NLIC,5/8/2024,577.0,580.0,566.0,574.0,-0.95,27725.0,872.0,680.5
NLIC,5/9/2024,572.1,574.2,568.0,569.1,-0.85,19619.0,872.0,680.5
NLIC,5/12/2024,580.4,580.4,570.0,575.0,1.04,18771.0,872.0,680.5
NLIC,5/13/2024,576.0,584.9,575.0,578.0,0.52,16368.0,872.0,680.5
NLIC,5/14/2024,583.9,590.0,577.0,589.0,1.9,19178.0,872.0,680.5
NLIC,5/15/2024,594.9,599.9,587.0,590.0,0.17,35040.0,872.0,680.5
NLIC,5/16/2024,588.0,590.9,581.5,586.9,-0.53,17319.0,872.0,680.5
NLIC,5/19/2024,598.5,619.0,585.1,607.1,3.44,63616.0,872.0,680.5
NLIC,5/20/2024,607.0,619.9,606.8,609.0,0.31,38138.0,872.0,680.5
NLIC,5/21/2024,613.0,619.0,599.0,603.3,-0.94,37813.0,872.0,680.5
NLIC,5/22/2024,615.0,627.0,601.4,612.0,1.44,51770.0,872.0,680.5
NLIC,5/26/2024,614.0,618.0,604.0,607.0,-0.82,16518.0,872.0,680.5
NLIC,5/27/2024,617.9,617.9,604.0,606.0,-0.16,16492.0,872.0,680.5
NLIC,5/29/2024,618.1,618.1,606.0,607.5,0.25,30904.0,872.0,680.5
NLIC,5/30/2024,603.2,614.9,600.3,603.0,-0.74,23617.0,872.0,680.5
NLIC,6/2/2024,612.0,622.8,609.0,616.5,2.24,96823.0,872.0,680.5
NLIC,6/3/2024,620.0,623.0,614.0,615.1,-0.23,29557.0,872.0,680.5
NLIC,6/4/2024,615.0,618.5,610.0,614.0,-0.18,21776.0,872.0,680.5
NLIC,6/5/2024,611.5,615.0,607.6,608.0,-0.98,21005.0,872.0,680.5
NLIC,6/6/2024,614.5,614.5,606.0,607.9,-0.02,19339.0,872.0,680.5
NLIC,6/9/2024,620.0,620.0,601.9,602.5,-0.89,26680.0,872.0,680.5
NLIC,6/10/2024,614.5,614.5,600.0,600.3,-0.37,30667.0,872.0,680.5
NLIC,6/11/2024,611.0,618.9,603.4,617.7,2.9,37611.0,872.0,680.5
NLIC,6/12/2024,623.0,623.0,612.0,619.0,0.21,56996.0,872.0,680.5
NLIC,6/13/2024,623.0,628.0,617.0,625.0,0.97,42614.0,872.0,680.5
NLIC,6/16/2024,634.0,636.0,628.0,629.0,0.64,94774.0,872.0,680.5
NLIC,6/18/2024,641.5,641.5,608.0,608.0,-3.34,43593.0,872.0,680.5
NLIC,6/19/2024,600.0,611.0,599.2,599.2,-1.45,28564.0,872.0,680.5
NLIC,6/20/2024,611.1,611.1,590.0,591.0,-1.37,40725.0,872.0,680.5
NLIC,6/23/2024,590.0,591.0,585.0,585.0,-1.02,36035.0,872.0,680.5
NLIC,6/24/2024,578.0,594.0,578.0,585.7,0.12,20473.0,872.0,680.5
NLIC,6/25/2024,580.0,591.6,580.0,585.2,-0.09,28590.0,872.0,680.5
NLIC,6/26/2024,580.5,586.0,580.1,581.4,-0.65,24848.0,872.0,680.5
NLIC,6/27/2024,581.5,583.5,572.0,575.1,-1.08,28923.0,872.0,680.5
NLIC,6/30/2024,570.1,575.0,570.1,572.0,-0.54,24687.0,872.0,680.5
NLIC,7/1/2024,572.0,574.0,570.6,572.0,0.0,23399.0,872.0,680.5
NLIC,7/2/2024,583.4,606.0,583.1,585.0,2.27,33199.0,872.0,680.5
NLIC,7/3/2024,589.0,589.9,580.0,584.9,-0.02,26085.0,872.0,680.5
NLIC,7/4/2024,589.5,590.0,584.9,587.0,0.36,40634.0,872.0,680.5
NLIC,7/7/2024,598.0,598.0,588.0,592.0,0.85,29144.0,872.0,680.5
NLIC,7/8/2024,591.0,599.0,587.1,595.9,0.66,42450.0,872.0,680.5
NLIC,7/9/2024,595.0,600.0,590.0,598.5,0.44,36529.0,872.0,680.5
NLIC,7/10/2024,605.0,608.0,600.3,602.0,0.58,28256.0,872.0,680.5
NLIC,7/11/2024,614.0,614.0,602.4,610.9,1.48,40570.0,872.0,680.5
NLIC,7/14/2024,623.1,637.5,617.0,619.0,1.33,52269.0,872.0,680.5
NLIC,7/15/2024,631.0,631.0,612.0,619.0,0.0,55334.0,872.0,680.5
NLIC,7/16/2024,625.0,630.0,610.1,630.0,1.78,37765.0,872.0,680.5
NLIC,7/17/2024,637.5,660.0,634.1,660.0,4.76,95129.0,872.0,680.5
NLIC,7/18/2024,670.0,691.0,660.5,683.0,3.48,147365.0,872.0,680.5
NLIC,7/21/2024,683.0,707.0,683.0,704.5,3.15,159512.0,872.0,680.5
NLIC,7/22/2024,707.1,721.0,698.0,714.5,1.42,172060.0,872.0,680.5
NLIC,7/23/2024,715.0,745.0,710.1,745.0,4.27,145518.0,872.0,680.5
NLIC,7/24/2024,755.0,785.0,745.0,765.0,2.68,229385.0,872.0,680.5
NLIC,7/25/2024,765.0,780.3,750.1,770.0,0.65,159060.0,872.0,680.5
NLIC,7/28/2024,785.4,847.0,770.0,837.0,8.7,233131.0,872.0,680.5
NLIC,7/29/2024,853.7,869.9,831.0,831.0,-0.72,274510.0,872.0,680.5
NLIC,7/30/2024,832.0,835.0,804.0,826.0,-0.6,214044.0,872.0,680.5
NLIC,7/31/2024,842.5,875.0,830.0,845.0,2.3,207719.0,872.0,680.5
NLIC,8/1/2024,861.9,900.0,850.0,870.0,2.96,221608.0,872.0,680.5
NLIC,8/5/2024,887.0,932.0,870.0,925.0,6.32,305692.0,872.0,680.5
NLIC,8/6/2024,925.0,940.0,875.1,875.1,-5.39,366958.0,872.0,680.5
NLIC,8/7/2024,890.0,904.9,863.0,901.0,2.96,223149.0,872.0,680.5
NLIC,8/8/2024,907.0,937.0,902.1,907.0,0.67,188616.0,872.0,680.5
NLIC,8/11/2024,920.0,936.3,910.0,935.0,3.09,238626.0,872.0,680.5
NLIC,8/12/2024,944.0,1003.0,944.0,995.0,6.42,269247.0,872.0,680.5
NLIC,8/13/2024,1014.0,1060.0,1014.0,1025.0,3.02,314318.0,872.0,680.5
NLIC,8/14/2024,1045.5,1045.5,1005.0,1030.0,0.49,206332.0,872.0,680.5
NLIC,8/15/2024,1039.2,1040.0,1005.0,1010.0,-1.94,204665.0,872.0,680.5
NLIC,8/18/2024,1020.0,1020.0,975.0,980.0,-2.97,284458.0,872.0,680.5
NLIC,8/21/2024,980.0,999.0,960.1,969.0,-1.12,161291.0,872.0,680.5
NLIC,8/22/2024,970.0,980.0,955.0,962.1,-0.71,184060.0,872.0,680.5
NLIC,8/25/2024,980.0,980.0,920.0,925.0,-3.86,189236.0,872.0,680.5
NLIC,8/27/2024,915.0,923.0,880.0,882.0,-4.65,274692.0,872.0,680.5
NLIC,8/28/2024,899.6,905.0,866.0,876.0,-0.68,125107.0,872.0,680.5
NLIC,8/29/2024,876.3,876.3,836.2,852.0,-2.74,191952.0,872.0,680.5
NLIC,9/1/2024,852.0,865.0,835.0,838.0,-1.64,97049.0,872.0,680.5
NLIC,9/2/2024,854.7,899.7,833.0,896.9,7.03,166631.0,872.0,680.5
NLIC,9/3/2024,914.8,919.2,890.1,906.1,1.03,126483.0,872.0,680.5
NLIC,9/4/2024,924.1,924.1,862.0,864.0,-4.65,126139.0,872.0,680.5
NLIC,9/5/2024,851.1,871.0,838.1,855.0,-1.04,86672.0,872.0,680.5
NLIC,9/8/2024,870.0,870.0,843.0,847.0,-0.94,41222.0,872.0,680.5
NLIC,9/9/2024,859.0,859.0,815.0,819.5,-3.25,98837.0,872.0,680.5
NLIC,9/10/2024,831.0,835.8,814.6,816.0,-0.43,57016.0,872.0,680.5
NLIC,9/11/2024,831.5,831.5,800.0,802.0,-1.72,62481.0,872.0,680.5
NLIC,9/12/2024,805.0,835.0,795.0,821.0,2.37,90693.0,872.0,680.5
NLIC,9/15/2024,835.0,849.8,800.0,802.0,-2.31,92171.0,872.0,680.5
NLIC,9/16/2024,818.0,818.0,781.0,790.0,-1.5,75624.0,872.0,680.5
NLIC,9/18/2024,805.8,805.8,765.0,777.0,-1.65,68438.0,872.0,680.5
NLIC,9/22/2024,792.5,824.0,770.0,779.0,0.26,55414.0,872.0,680.5
NLIC,9/23/2024,794.5,794.5,745.0,752.9,-3.35,79930.0,872.0,680.5
NLIC,9/24/2024,742.1,773.9,735.0,738.0,-1.98,62601.0,872.0,680.5
NLIC,9/25/2024,738.0,758.5,726.0,758.0,2.71,101595.0,872.0,680.5
NLIC,9/26/2024,743.0,770.0,743.0,750.0,-1.06,34422.0,872.0,680.5
NLIC,9/29/2024,765.0,765.0,735.0,745.9,-0.55,29436.0,872.0,680.5
NLIC,9/30/2024,742.0,765.5,741.0,764.7,2.52,49625.0,872.0,680.5
NLIC,10/1/2024,767.7,803.0,767.7,799.0,4.49,84435.0,872.0,680.5
NLIC,10/2/2024,803.0,830.0,795.0,819.0,2.5,86074.0,872.0,680.5
NLIC,10/6/2024,812.0,837.0,803.0,829.0,1.22,49821.0,872.0,680.5
NLIC,10/7/2024,845.5,862.0,829.0,843.7,1.77,59396.0,872.0,680.5
NLIC,10/8/2024,859.4,859.4,832.0,843.0,-0.08,59315.0,872.0,680.5
NLIC,10/9/2024,828.2,847.0,822.0,840.0,-0.36,33580.0,872.0,680.5
NLIC,10/15/2024,848.8,855.0,838.5,851.0,1.31,20142.0,872.0,680.5
NLIC,10/16/2024,855.0,878.0,852.0,875.0,2.82,76237.0,872.0,680.5
NLIC,10/17/2024,885.0,887.0,866.5,869.5,-0.63,52798.0,872.0,680.5
NLIC,10/20/2024,853.0,868.0,836.5,845.0,-2.82,64238.0,872.0,680.5
NLIC,10/21/2024,844.0,844.0,810.2,815.0,-3.55,68366.0,872.0,680.5
NLIC,10/22/2024,814.0,835.0,814.0,827.4,1.52,27999.0,872.0,680.5
NLIC,10/23/2024,812.1,838.9,812.1,819.0,-1.02,30491.0,872.0,680.5
NLIC,10/24/2024,834.0,834.0,805.0,810.3,-1.06,28806.0,872.0,680.5
NLIC,10/27/2024,815.0,825.0,802.1,803.9,-0.79,28528.0,872.0,680.5
NLIC,10/28/2024,819.9,835.0,807.0,814.9,1.37,27899.0,872.0,680.5
NLIC,10/29/2024,829.0,840.0,816.3,840.0,3.08,43481.0,872.0,680.5
NLIC,10/30/2024,843.0,843.0,830.0,831.0,-1.07,23570.0,872.0,680.5
NLIC,11/5/2024,824.0,843.0,824.0,834.9,0.47,24301.0,872.0,680.5
NLIC,11/6/2024,831.0,840.0,825.0,829.0,-0.71,16535.0,872.0,680.5
NLIC,11/10/2024,832.0,850.0,832.0,849.0,2.41,48684.0,872.0,680.5
NLIC,11/11/2024,862.0,920.0,850.0,880.0,3.65,139600.0,872.0,680.5
NLIC,11/12/2024,890.0,904.0,877.2,878.9,-0.12,71658.0,872.0,680.5
NLIC,11/13/2024,896.4,896.4,860.0,865.0,-1.58,44001.0,872.0,680.5
NLIC,11/14/2024,869.3,899.0,863.0,865.0,0.0,37128.0,872.0,680.5
NLIC,11/17/2024,882.3,882.3,860.0,861.0,-0.46,41375.0,872.0,680.5
NLIC,11/19/2024,856.0,869.9,840.0,840.0,-2.44,62520.0,872.0,680.5
NLIC,11/20/2024,856.8,856.8,832.0,833.0,-0.83,36036.0,872.0,680.5
NLIC,11/21/2024,834.0,845.0,815.1,816.0,-2.04,53795.0,872.0,680.5
NLIC,11/24/2024,832.0,845.0,815.5,817.6,0.2,52698.0,872.0,680.5
NLIC,11/25/2024,818.0,827.0,815.0,823.0,0.66,24037.0,872.0,680.5
NLIC,11/26/2024,839.4,840.0,819.5,825.0,0.24,36700.0,872.0,680.5
NLIC,11/27/2024,808.5,844.3,808.5,833.0,0.97,39022.0,872.0,680.5
NLIC,11/28/2024,845.0,849.0,825.0,826.0,-0.84,25940.0,872.0,680.5
NLIC,12/1/2024,842.5,842.5,810.5,814.0,-1.45,37248.0,872.0,680.5
NLIC,12/2/2024,830.2,830.2,809.3,814.0,0.0,44928.0,872.0,680.5
NLIC,12/3/2024,814.0,819.0,805.0,810.0,-0.49,25381.0,872.0,680.5
NLIC,12/4/2024,826.2,826.2,810.0,810.0,0.0,26373.0,872.0,680.5
NLIC,12/5/2024,824.9,824.9,802.0,807.0,-0.37,37055.0,872.0,680.5
NLIC,12/8/2024,819.9,819.9,793.0,800.0,-0.87,43459.0,872.0,680.5
NLIC,12/9/2024,810.0,810.0,793.0,796.0,-0.5,19452.0,872.0,680.5
NLIC,12/10/2024,811.8,811.8,790.0,793.0,-0.38,15758.0,872.0,680.5
NLIC,12/11/2024,796.0,799.8,790.0,798.0,0.63,20203.0,872.0,680.5
NLIC,12/12/2024,800.0,809.5,787.0,787.0,-1.38,41496.0,872.0,680.5
NLIC,12/16/2024,802.0,802.0,777.0,778.2,-1.12,25620.0,872.0,680.5
NLIC,12/17/2024,775.0,789.0,770.0,771.3,-0.89,22182.0,872.0,680.5
NLIC,12/18/2024,786.0,786.0,770.3,772.0,0.09,17944.0,872.0,680.5
NLIC,12/19/2024,772.0,783.0,766.0,769.0,-0.39,31856.0,872.0,680.5
NLIC,12/22/2024,753.7,781.0,753.7,759.0,-1.3,23369.0,872.0,680.5
NLIC,12/23/2024,760.0,766.0,745.0,763.0,0.53,41230.0,872.0,680.5
NLIC,12/24/2024,762.0,780.0,759.0,770.0,0.92,40595.0,872.0,680.5
NLIC,12/26/2024,765.0,782.0,760.0,769.5,-0.06,24055.0,872.0,680.5
NLIC,12/29/2024,770.0,775.0,760.0,766.0,-0.45,17949.0,872.0,680.5
NLIC,12/31/2024,765.0,774.9,757.0,763.5,-0.33,21334.0,872.0,680.5
NLIC,1/1/2025,769.0,769.0,758.2,759.2,-0.56,14634.0,872.0,680.5
NLIC,1/2/2025,771.9,771.9,758.0,760.0,0.11,23972.0,872.0,680.5
NLIC,1/5/2025,775.0,775.0,759.6,765.0,0.66,23002.0,872.0,680.5
NLIC,1/6/2025,775.0,785.0,761.2,785.0,2.61,28788.0,872.0,680.5
NLIC,1/7/2025,797.9,797.9,775.1,780.0,-0.64,18399.0,872.0,680.5
NLIC,1/8/2025,795.5,795.5,780.0,787.9,1.01,24732.0,872.0,680.5
NLIC,1/9/2025,795.0,795.0,775.1,782.0,-0.75,33903.0,872.0,680.5
NLIC,1/12/2025,797.6,860.0,797.6,814.0,4.09,92192.0,872.0,680.5
NLIC,1/13/2025,830.2,830.2,801.0,804.4,-1.18,61292.0,872.0,680.5
NLIC,1/15/2025,815.0,817.0,798.0,807.7,0.41,85626.0,872.0,680.5
NLIC,1/16/2025,823.8,823.8,799.0,808.3,0.07,49328.0,872.0,680.5
NLIC,1/19/2025,800.0,811.0,800.0,810.0,0.21,53895.0,872.0,680.5
NLIC,1/20/2025,814.0,817.0,810.0,815.9,0.73,45998.0,872.0,680.5
NLIC,1/21/2025,818.0,826.0,814.0,822.0,0.75,58506.0,872.0,680.5
NLIC,1/22/2025,838.4,845.0,822.0,836.1,1.72,208707.0,872.0,680.5
NLIC,1/23/2025,775.2,775.2,760.0,764.0,-8.62,55477.0,872.0,680.5
NLIC,1/26/2025,779.2,779.2,750.0,752.0,-1.57,40512.0,872.0,680.5
NLIC,1/27/2025,760.0,760.0,741.0,741.0,-1.46,48337.0,872.0,680.5
NLIC,1/28/2025,755.7,755.7,730.0,732.0,-1.21,38882.0,872.0,680.5
NLIC,2/2/2025,732.0,747.0,732.0,745.0,1.78,57951.0,872.0,680.5
NLIC,2/3/2025,750.0,760.0,747.0,751.0,0.81,37115.0,872.0,680.5
NLIC,2/4/2025,755.0,758.0,745.0,750.0,-0.13,37582.0,872.0,680.5
NLIC,2/5/2025,758.3,758.3,736.0,738.0,-1.6,47097.0,872.0,680.5
NLIC,2/6/2025,738.0,745.0,736.0,740.0,0.27,34996.0,872.0,680.5
NLIC,2/9/2025,745.0,751.0,730.0,731.1,-1.2,35229.0,872.0,680.5
NLIC,2/10/2025,731.0,734.0,720.0,723.0,-1.11,33894.0,872.0,680.5
NLIC,2/11/2025,737.0,737.0,718.0,721.0,-0.28,19974.0,872.0,680.5
NLIC,2/12/2025,712.1,730.0,711.1,711.1,-1.37,41785.0,872.0,680.5
NLIC,2/13/2025,712.0,719.0,710.0,712.0,0.13,28411.0,872.0,680.5
NLIC,2/16/2025,715.0,719.0,711.0,712.9,0.13,30817.0,872.0,680.5
NLIC,2/17/2025,725.0,728.5,712.0,724.5,1.63,31702.0,872.0,680.5
NLIC,2/18/2025,726.0,746.0,726.0,739.0,2.0,51697.0,872.0,680.5
NLIC,2/20/2025,744.0,760.8,738.0,754.0,2.03,64558.0,872.0,680.5
NLIC,2/23/2025,750.0,759.8,739.0,754.0,0.0,52843.0,872.0,680.5
NLIC,2/24/2025,755.0,760.0,739.0,739.0,-1.99,50922.0,872.0,680.5
NLIC,2/25/2025,739.0,750.0,739.0,747.0,1.08,30915.0,872.0,680.5
NLIC,2/27/2025,748.0,765.0,745.0,765.0,2.41,68396.0,872.0,680.5
NLIC,3/2/2025,779.0,841.5,778.0,841.5,10.0,248954.0,872.0,680.5
NLIC,3/3/2025,858.0,880.0,851.0,852.0,1.25,191519.0,872.0,680.5
NLIC,3/4/2025,865.0,875.0,840.0,846.9,-0.6,144411.0,872.0,680.5
NLIC,3/5/2025,846.9,847.0,819.0,824.0,-2.7,111725.0,872.0,680.5
NLIC,3/6/2025,833.9,840.4,816.5,817.2,-0.83,66136.0,872.0,680.5
NLIC,3/9/2025,833.5,833.5,799.1,799.8,-2.13,60791.0,872.0,680.5
NLIC,3/10/2025,785.1,814.0,785.1,792.0,-0.98,44060.0,872.0,680.5
NLIC,3/11/2025,795.0,800.0,779.0,780.0,-1.52,48691.0,872.0,680.5
NLIC,3/12/2025,770.0,790.0,770.0,786.0,0.77,34071.0,872.0,680.5
NLIC,3/16/2025,799.0,799.0,771.0,784.8,-0.15,41390.0,872.0,680.5
NLIC,3/17/2025,770.0,790.3,770.0,784.0,-0.1,28054.0,872.0,680.5
NLIC,3/18/2025,787.5,793.4,780.0,780.5,-0.45,23109.0,872.0,680.5
NLIC,3/19/2025,766.0,785.0,766.0,775.0,-0.7,29512.0,872.0,680.5
NLIC,3/20/2025,775.0,780.0,768.6,769.6,-0.7,17367.0,872.0,680.5
NLIC,3/23/2025,760.0,770.0,748.0,754.08,-2.02,51829.0,872.0,680.5
NLIC,3/24/2025,739.0,773.9,739.0,769.1,1.99,33879.0,872.0,680.5
NLIC,3/25/2025,754.0,760.2,746.2,750.03,-2.48,50869.0,872.0,680.5
NLIC,3/26/2025,740.1,770.1,740.1,767.87,2.38,45050.0,872.0,680.5
NLIC,3/27/2025,752.6,788.0,752.6,784.14,2.12,45574.0,872.0,680.5
NLIC,3/30/2025,770.0,803.4,770.0,790.26,0.78,62960.0,872.0,680.5
NLIC,4/1/2025,774.5,799.5,774.5,782.44,-0.99,27619.0,872.0,680.5
NLIC,4/2/2025,798.0,798.0,776.3,782.48,0.01,14982.0,872.0,680.5
NLIC,4/3/2025,790.0,790.0,775.4,778.87,-0.46,31507.0,872.0,680.5
NLIC,4/7/2025,763.3,783.9,763.3,778.29,-0.07,24832.0,872.0,680.5
NLIC,4/8/2025,765.0,779.9,765.0,775.4,-0.37,30470.0,872.0,680.5
NLIC,4/9/2025,790.0,790.0,773.0,775.54,0.02,19913.0,872.0,680.5
NLIC,4/10/2025,760.1,789.8,760.1,771.23,-0.56,31357.0,872.0,680.5
NLIC,4/13/2025,772.0,775.0,765.0,766.41,-0.62,25608.0,872.0,680.5
NLIC,4/15/2025,770.0,788.5,770.0,781.2,1.93,26594.0,872.0,680.5
NLIC,4/16/2025,780.1,785.0,778.0,780.28,-0.12,16834.0,872.0,680.5
NLIC,4/17/2025,775.0,795.0,775.0,785.75,0.7,35904.0,872.0,680.5
NLIC,4/20/2025,786.0,788.0,773.0,773.64,-1.54,44780.0,872.0,680.5
NLIC,4/21/2025,775.0,777.0,764.0,772.36,-0.17,21361.0,872.0,680.5
NLIC,4/22/2025,771.0,806.3,767.0,782.15,1.27,39061.0,872.0,680.5
NLIC,4/23/2025,769.0,785.0,769.0,776.31,-0.75,23348.0,872.0,680.5
NLIC,4/24/2025,791.8,791.8,770.0,773.76,-0.33,31406.0,872.0,680.5
NLIC,4/27/2025,775.0,786.0,767.4,770.21,-0.46,47091.0,872.0,680.5
NLIC,4/28/2025,763.1,774.0,763.0,767.12,-0.4,28941.0,872.0,680.5
NLIC,4/29/2025,771.0,779.0,755.0,756.02,-1.45,40678.0,872.0,680.5
NLIC,4/30/2025,763.0,765.0,753.3,757.8,0.24,27880.0,872.0,680.5
NLIC,5/4/2025,754.0,765.0,750.0,752.34,-0.72,50931.0,872.0,680.5
NLIC,5/5/2025,767.0,767.0,747.1,750.45,-0.25,26923.0,872.0,680.5
NLIC,5/6/2025,752.0,754.9,750.1,751.09,0.09,18514.0,872.0,680.5
NLIC,5/7/2025,750.1,770.0,750.0,763.87,1.7,26478.0,872.0,680.5
NLIC,5/8/2025,770.0,770.0,756.2,760.19,-0.48,29345.0,872.0,680.5
NLIC,5/11/2025,765.0,765.0,750.0,753.34,-0.9,26702.0,872.0,680.5
NLIC,5/13/2025,756.0,780.0,752.0,758.99,0.75,44793.0,872.0,680.5
NLIC,5/14/2025,751.0,766.0,751.0,754.03,-0.65,26629.0,872.0,680.5
NLIC,5/15/2025,750.3,758.0,750.3,752.53,-0.2,29081.0,872.0,680.5
NLIC,5/18/2025,751.1,758.2,750.5,751.16,-0.18,31244.0,872.0,680.5
NLIC,5/19/2025,750.0,758.0,750.0,753.41,0.3,29066.0,872.0,680.5
NLIC,5/20/2025,768.0,768.0,750.0,761.61,1.09,35268.0,872.0,680.5
NLIC,5/21/2025,776.8,792.0,762.0,763.86,0.3,34928.0,872.0,680.5
NLIC,5/22/2025,764.9,767.0,760.0,762.45,-0.18,31000.0,872.0,680.5
NLIC,5/25/2025,764.0,770.0,757.6,759.86,-0.34,50743.0,872.0,680.5
NLIC,5/26/2025,775.0,780.0,756.0,758.99,-0.11,47336.0,872.0,680.5
NLIC,5/27/2025,743.9,760.0,743.9,756.59,-0.32,27956.0,872.0,680.5
NLIC,5/28/2025,760.0,760.0,755.0,757.56,0.13,37149.0,872.0,680.5
NLIC,6/2/2025,765.0,770.0,750.0,763.04,0.72,54583.0,872.0,680.5
NLIC,6/3/2025,760.0,766.0,755.0,760.16,-0.38,35563.0,872.0,680.5
NLIC,6/4/2025,775.0,775.0,755.0,755.33,-0.64,41063.0,872.0,680.5
NLIC,6/5/2025,755.1,763.0,752.4,755.38,0.01,23026.0,872.0,680.5
NLIC,6/8/2025,756.0,760.0,751.0,752.15,-0.43,29372.0,872.0,680.5
NLIC,6/9/2025,751.9,764.0,750.0,750.57,-0.21,44930.0,872.0,680.5
NLIC,6/10/2025,755.4,757.0,749.9,751.64,0.14,35700.0,872.0,680.5
NLIC,6/11/2025,766.0,766.0,747.9,748.51,-0.42,23731.0,872.0,680.5
NLIC,6/12/2025,748.0,759.0,748.0,750.14,0.22,36988.0,872.0,680.5
NLIC,6/15/2025,759.0,759.0,748.2,750.12,-0.0,38690.0,872.0,680.5
NLIC,6/16/2025,747.9,760.0,747.9,749.64,-0.06,46091.0,872.0,680.5
NLIC,6/17/2025,757.0,757.0,748.2,748.61,-0.14,16743.0,872.0,680.5
NLIC,6/18/2025,749.0,755.0,744.5,745.09,-0.47,32344.0,872.0,680.5
NLIC,6/19/2025,743.9,750.0,742.0,742.22,-0.39,48793.0,872.0,680.5
NLIC,6/22/2025,743.0,746.0,732.0,734.9,-0.99,30145.0,872.0,680.5
NLIC,6/23/2025,740.0,740.0,725.0,729.52,-0.73,38534.0,872.0,680.5
NLIC,6/24/2025,731.0,735.0,727.2,729.75,0.03,29049.0,872.0,680.5
NLIC,6/25/2025,741.9,741.9,723.1,724.64,-0.7,45649.0,872.0,680.5
NLIC,6/26/2025,724.0,731.0,720.0,720.78,-0.53,45362.0,872.0,680.5
NLIC,6/29/2025,735.0,735.0,720.0,727.66,0.95,33010.0,872.0,680.5
NLIC,6/30/2025,734.4,740.0,727.0,728.63,0.13,46364.0,872.0,680.5
NLIC,7/1/2025,728.63,743.2,728.0,740.19,1.59,41380.0,872.0,680.5
NLIC,7/2/2025,736.8,770.9,736.8,764.65,3.3,104650.0,872.0,680.5
NLIC,7/3/2025,769.0,805.0,765.0,794.58,3.91,216722.0,872.0,680.5
NLIC,7/6/2025,802.0,802.0,776.0,778.77,-1.99,80853.0,872.0,680.5
NLIC,7/7/2025,778.1,785.0,765.5,768.56,-1.31,81974.0,872.0,680.5
NLIC,7/8/2025,772.0,776.4,761.0,765.5,-0.4,60060.0,872.0,680.5
NLIC,7/9/2025,764.0,774.0,764.0,765.69,0.02,58561.0,872.0,680.5
NLIC,7/10/2025,763.0,782.0,763.0,774.99,1.21,84001.0,872.0,680.5
NLIC,7/13/2025,790.0,806.0,775.0,777.22,0.29,55842.0,872.0,680.5
NLIC,7/14/2025,790.0,790.0,766.0,767.92,-1.2,58888.0,872.0,680.5
NLIC,7/15/2025,775.0,777.4,766.0,774.89,0.91,44505.0,872.0,680.5
NLIC,7/16/2025,789.0,804.7,770.0,772.97,-0.25,89270.0,872.0,680.5
NLIC,7/17/2025,788.0,815.0,786.0,807.89,4.52,157976.0,872.0,680.5
NLIC,7/20/2025,815.0,855.0,808.0,833.42,3.16,236154.0,872.0,680.5
NLIC,7/21/2025,850.0,850.0,821.5,832.93,-0.06,126300.0,872.0,680.5
NLIC,7/22/2025,835.0,876.0,832.8,874.58,5.0,232215.0,872.0,680.5
NLIC,7/23/2025,874.0,884.0,866.1,874.02,-0.06,174862.0,872.0,680.5
NLIC,7/24/2025,872.1,877.4,867.0,872.19,-0.21,119207.0,872.0,680.5
NLIC,7/27/2025,872.1,890.0,860.0,862.94,-1.06,200942.0,872.0,680.5
NLIC,7/28/2025,862.94,862.94,840.2,853.86,-1.05,187974.0,872.0,680.5
NLIC,7/29/2025,870.7,880.0,857.3,862.0,0.95,102028.0,872.0,680.5
NLIC,7/30/2025,865.0,872.2,850.2,851.74,-1.19,92056.0,872.0,680.5
NLIC,7/31/2025,845.0,853.0,835.1,837.11,-1.72,97674.0,872.0,680.5
NLIC,8/3/2025,830.0,839.0,810.9,813.0,-2.88,111935.0,872.0,680.5
NLIC,8/4/2025,814.0,829.0,810.1,820.83,0.96,68297.0,872.0,680.5
NLIC,8/5/2025,820.83,828.0,803.6,805.04,-1.92,59141.0,872.0,680.5
NLIC,8/6/2025,810.0,810.0,790.1,797.95,-0.88,82685.0,872.0,680.5
NLIC,8/7/2025,799.0,813.0,798.1,804.39,0.81,61381.0,872.0,680.5
NLIC,8/11/2025,820.0,820.0,793.0,796.24,-1.01,63294.0,872.0,680.5
NLIC,8/12/2025,790.0,799.0,786.0,789.41,-0.86,44308.0,872.0,680.5
NLIC,8/13/2025,791.0,792.0,780.3,783.1,-0.8,36172.0,872.0,680.5
NLIC,8/14/2025,784.0,785.0,780.0,784.15,0.13,21252.0,872.0,680.5
NLIC,8/17/2025,784.15,797.0,783.8,784.24,0.01,27400.0,872.0,680.5
NLIC,8/18/2025,799.0,799.0,781.2,785.13,0.11,47364.0,872.0,680.5
NLIC,8/19/2025,785.13,797.0,782.3,784.4,-0.09,30770.0,872.0,680.5
NLIC,8/20/2025,777.0,789.0,776.1,783.74,-0.08,31104.0,872.0,680.5
NLIC,8/21/2025,791.0,791.0,774.0,776.54,-0.92,32162.0,872.0,680.5
NLIC,8/24/2025,789.0,789.0,770.0,771.15,-0.69,34020.0,872.0,680.5
NLIC,8/25/2025,783.0,783.0,769.0,774.37,0.42,22542.0,872.0,680.5
NLIC,8/26/2025,778.0,780.0,772.0,774.3,-0.01,14440.0,872.0,680.5
NLIC,8/27/2025,777.0,795.0,774.0,793.03,2.42,48265.0,872.0,680.5
NLIC,8/28/2025,777.9,797.0,777.9,784.06,-1.13,31371.0,872.0,680.5
NLIC,8/31/2025,785.0,785.0,775.5,777.42,-0.85,34590.0,872.0,680.5
NLIC,9/1/2025,792.9,792.9,775.0,778.02,0.08,31178.0,872.0,680.5
NLIC,9/2/2025,793.5,793.5,765.0,778.47,0.06,24136.0,872.0,680.5
NLIC,9/3/2025,780.0,781.9,775.0,775.56,-0.37,23410.0,872.0,680.5
NLIC,9/4/2025,783.0,783.0,770.0,772.99,-0.33,20374.0,872.0,680.5
NLIC,9/7/2025,773.0,785.0,770.0,772.56,-0.06,25042.0,872.0,680.5
NLIC,9/8/2025,770.0,773.8,768.0,769.14,-0.44,29144.0,872.0,680.5
NLIC,9/18/2025,753.8,755.0,702.0,710.0,-7.69,6199.0,872.0,680.5
NLIC,9/21/2025,710.0,762.0,705.0,759.45,6.96,69030.0,872.0,680.5
NLIC,9/23/2025,752.0,785.0,752.0,778.0,2.44,31419.0,872.0,680.5
NLIC,9/24/2025,773.0,778.0,766.8,769.0,-1.16,21109.0,872.0,680.5
NLIC,9/25/2025,769.0,772.2,760.0,770.1,0.14,20218.0,872.0,680.5
NLIC,9/28/2025,772.0,785.0,771.2,779.2,1.18,14901.0,872.0,680.5
NLIC,10/7/2025,775.0,780.0,764.0,770.0,-1.18,24049.0,872.0,680.5
NLIC,10/8/2025,770.0,770.0,747.4,758.3,-1.52,35956.0,872.0,680.5
NLIC,10/9/2025,773.4,810.9,761.0,770.0,1.54,36299.0,872.0,680.5
NLIC,10/12/2025,756.6,770.0,743.1,749.0,-2.73,56336.0,872.0,680.5
NLIC,10/13/2025,763.0,763.0,738.0,761.0,1.6,33282.0,872.0,680.5
NLIC,10/14/2025,760.0,765.0,748.0,748.0,-1.71,24866.0,872.0,680.5
NLIC,10/15/2025,748.0,755.0,742.3,748.1,0.01,24916.0,872.0,680.5
NLIC,10/16/2025,750.0,760.0,744.8,744.8,-0.44,20842.0,872.0,680.5
NLIC,10/19/2025,747.0,755.0,733.0,750.0,0.7,14856.0,872.0,680.5
NLIC,10/26/2025,749.0,753.0,741.6,752.0,0.27,8813.0,872.0,680.5
NLIC,10/28/2025,760.0,786.0,760.0,780.0,3.72,37032.0,872.0,680.5
NLIC,10/29/2025,783.0,795.0,775.0,777.0,-0.38,42782.0,872.0,680.5
NLIC,10/30/2025,784.9,790.0,770.1,787.0,1.29,42327.0,872.0,680.5
NLIC,11/2/2025,798.0,840.0,790.2,835.1,6.11,188761.0,872.0,680.5
NLIC,11/3/2025,834.0,846.0,819.0,824.1,-1.32,88330.0,872.0,680.5
NLIC,11/4/2025,839.8,839.8,808.0,809.0,-1.83,69111.0,872.0,680.5
NLIC,11/5/2025,807.0,831.0,802.0,829.0,2.47,93429.0,872.0,680.5
NLIC,11/6/2025,840.0,840.0,810.0,821.1,-0.95,108523.0,872.0,680.5
NLIC,11/9/2025,823.0,823.0,805.0,810.0,-1.35,45570.0,872.0,680.5
NLIC,11/10/2025,820.0,820.0,803.0,804.6,-0.67,45531.0,872.0,680.5
NLIC,11/11/2025,819.0,819.0,804.0,810.0,0.67,34304.0,872.0,680.5
NLIC,11/12/2025,812.0,813.9,793.8,798.0,-1.48,72505.0,872.0,680.5
NLIC,11/13/2025,782.2,810.9,782.2,801.0,0.38,42315.0,872.0,680.5
NLIC,11/16/2025,815.0,815.0,792.0,797.9,-0.39,25051.0,872.0,680.5
NLIC,11/17/2025,798.0,810.0,797.0,804.5,0.83,34283.0,872.0,680.5
NLIC,11/18/2025,810.0,819.0,805.7,809.9,0.67,50992.0,872.0,680.5
NLIC,11/19/2025,818.9,818.9,789.0,799.0,-1.35,65155.0,872.0,680.5
NLIC,11/20/2025,799.0,806.0,793.0,804.0,0.63,24300.0,872.0,680.5
NLIC,11/23/2025,807.2,831.4,807.2,830.0,3.23,138581.0,872.0,680.5
NLIC,11/24/2025,835.0,872.0,835.0,860.0,3.61,289832.0,872.0,680.5
NLIC,11/25/2025,862.0,871.0,846.0,854.0,-0.7,127960.0,872.0,680.5
NLIC,11/26/2025,871.0,871.0,843.0,846.2,-0.91,105616.0,872.0,680.5
NLIC,11/27/2025,843.0,857.9,841.1,849.7,0.41,120741.0,872.0,680.5
NLIC,11/30/2025,850.1,870.0,841.0,841.1,-1.01,217658.0,872.0,680.5
NLIC,12/1/2025,825.0,854.0,825.0,840.0,-0.13,74629.0,872.0,680.5
NLIC,12/2/2025,841.0,849.0,838.1,839.2,-0.1,54611.0,872.0,680.5
NLIC,12/3/2025,842.0,845.0,827.0,829.0,-1.22,75475.0,872.0,680.5
NLIC,12/7/2025,823.0,838.0,815.0,818.0,-1.33,64177.0,872.0,680.5
NLIC,12/8/2025,834.3,834.3,811.0,822.0,0.49,65078.0,872.0,680.5
NLIC,12/9/2025,838.4,838.4,807.0,828.0,0.73,36913.0,872.0,680.5
NLIC,12/10/2025,826.0,837.0,819.0,822.8,-0.63,39337.0,872.0,680.5
NLIC,12/11/2025,830.8,832.0,817.0,820.0,-0.34,99429.0,872.0,680.5
NLIC,12/14/2025,820.0,828.0,815.1,816.0,-0.49,51555.0,872.0,680.5
NLIC,12/15/2025,816.0,819.0,812.0,816.0,0.0,61938.0,872.0,680.5
NLIC,12/16/2025,818.0,828.9,817.5,826.5,1.29,39453.0,872.0,680.5
NLIC,12/17/2025,830.0,838.9,829.0,835.0,1.03,60587.0,872.0,680.5
NLIC,12/18/2025,840.0,840.0,821.0,822.0,-1.56,57039.0,872.0,680.5
NLIC,12/21/2025,825.0,827.0,815.0,817.5,-0.55,127527.0,872.0,680.5
NLIC,12/22/2025,763.0,778.0,760.5,760.8,-6.94,63866.0,872.0,680.5
NLIC,12/23/2025,750.3,770.0,750.3,752.0,-1.16,34545.0,872.0,680.5
NLIC,12/24/2025,752.1,761.0,750.3,750.5,-0.2,35825.0,872.0,680.5
NLIC,12/28/2025,764.9,770.0,758.5,768.1,2.35,65832.0,872.0,680.5
NLIC,12/29/2025,775.0,775.0,760.4,766.0,-0.27,40385.0,872.0,680.5
NLIC,12/31/2025,775.0,778.8,768.0,774.9,1.16,37759.0,872.0,680.5
NLIC,1/1/2026,775.0,788.0,770.0,771.0,-0.5,44825.0,872.0,680.5
NLIC,1/4/2026,779.0,779.0,759.0,759.0,-1.56,39526.0,872.0,680.5
NLIC,1/5/2026,774.1,774.1,761.0,767.0,1.05,44186.0,872.0,680.5
NLIC,1/6/2026,767.0,779.9,765.0,766.1,-0.12,36711.0,872.0,680.5
NLIC,1/7/2026,767.0,776.5,765.1,766.9,0.1,22720.0,872.0,680.5
NLIC,1/8/2026,767.0,773.0,756.7,770.0,0.4,35706.0,872.0,680.5
NLIC,1/12/2026,770.1,780.0,770.0,779.0,1.17,33197.0,872.0,680.5
NLIC,1/13/2026,778.7,784.0,772.0,774.0,-0.64,15684.0,872.0,680.5
NLIC,1/14/2026,778.0,778.4,762.5,769.0,-0.65,28008.0,872.0,680.5
NLIC,1/18/2026,776.1,782.0,773.1,780.0,1.43,27049.0,872.0,680.5
NLIC,1/20/2026,790.0,800.0,782.0,790.0,1.28,45351.0,872.0,680.5
NLIC,1/21/2026,790.0,797.0,785.0,788.9,-0.14,38520.0,872.0,680.5
NLIC,1/22/2026,788.0,795.0,780.0,790.0,0.14,40242.0,872.0,680.5
NLIC,1/25/2026,785.0,804.9,785.0,802.0,1.52,82388.0,872.0,680.5
NLIC,1/26/2026,806.0,809.0,792.0,796.0,-0.75,67178.0,872.0,680.5
NLIC,1/27/2026,785.0,800.7,776.6,780.0,-2.01,66067.0,872.0,680.5
NLIC,1/28/2026,780.1,788.9,772.1,780.0,0.0,32861.0,872.0,680.5
NLIC,1/29/2026,775.0,785.0,772.6,776.9,-0.4,41258.0,872.0,680.5
NLIC,2/1/2026,791.0,791.0,768.0,769.4,-0.97,34728.0,872.0,680.5
NLIC,2/2/2026,754.2,780.0,754.2,763.2,-0.81,44965.0,872.0,680.5
NLIC,2/3/2026,770.0,775.0,763.0,763.0,-0.03,26908.0,872.0,680.5
NLIC,2/4/2026,748.0,777.0,748.0,766.0,0.39,34224.0,872.0,680.5
NLIC,2/5/2026,766.2,773.0,760.0,770.1,0.54,34466.0,872.0,680.5
NLIC,2/8/2026,775.0,775.0,765.2,765.3,-0.62,21973.0,872.0,680.5
NLIC,2/9/2026,770.0,770.0,760.1,760.2,-0.67,25221.0,872.0,680.5
NLIC,2/10/2026,762.0,764.0,742.0,753.5,-0.88,62719.0,872.0,680.5
NLIC,2/11/2026,768.5,768.5,746.0,751.0,-0.33,34641.0,872.0,680.5
NLIC,2/12/2026,747.5,759.0,745.0,754.0,0.4,28341.0,872.0,680.5
NLIC,2/16/2026,769.0,769.0,749.5,751.0,-0.4,40704.0,872.0,680.5
NLIC,2/17/2026,751.0,752.6,734.1,750.0,-0.13,64765.0,872.0,680.5
NLIC,2/22/2026,750.0,753.0,740.4,748.7,-0.17,31189.0,872.0,680.5
NLIC,2/23/2026,756.0,756.0,741.0,753.0,0.57,25230.0,872.0,680.5
NLIC,2/24/2026,743.0,759.9,743.0,757.0,0.53,16770.0,872.0,680.5
NLIC,2/25/2026,760.0,775.0,755.0,768.0,1.45,38077.0,872.0,680.5
NLIC,2/26/2026,783.3,783.3,765.0,772.1,0.53,15777.0,872.0,680.5
NLIC,2/27/2026,783.3,783.3,765.0,772.1,0.0,15777.0,872.0,680.5
NLIC,2/28/2026,783.3,783.3,765.0,772.1,0.0,15777.0,872.0,680.5
NLIC,3/2/2026,760.0,777.0,756.7,775.0,0.38,39001.0,872.0,680.5
NLIC,3/3/2026,790.5,790.5,770.0,781.0,0.77,27741.0,872.0,680.5
NLIC,3/4/2026,790.5,790.5,770.0,781.0,0.0,27741.0,872.0,680.5
NLIC,3/5/2026,790.5,790.5,770.0,781.0,0.0,27741.0,872.0,680.5
NLIC,3/6/2026,790.5,790.5,770.0,781.0,0.0,27741.0,872.0,680.5
NLIC,3/7/2026,790.5,790.5,770.0,781.0,0.0,27741.0,872.0,680.5
NLIC,3/8/2026,790.5,790.5,770.0,781.0,0.0,27741.0,872.0,680.5
NLIC,3/9/2026,796.6,828.7,796.6,812.9,4.08,2136.0,872.0,680.5
NLIC,3/10/2026,829.0,829.0,797.0,824.0,1.37,158831.0,872.0,680.5
NLIC,3/11/2026,840.4,840.4,805.0,807.0,-2.06,54439.0,872.0,680.5
NLIC,3/12/2026,815.0,815.0,805.0,812.0,0.62,43568.0,872.0,680.5
NLIC,3/13/2026,815.0,815.0,805.0,812.0,0.0,43568.0,872.0,680.5
NLIC,3/14/2026,815.0,815.0,805.0,812.0,0.0,43568.0,872.0,680.5
NLIC,3/15/2026,805.0,820.0,805.0,808.4,-0.44,45568.0,872.0,680.5
NLIC,3/16/2026,824.5,824.5,800.0,802.8,-0.69,43478.0,872.0,680.5
NLIC,3/17/2026,801.0,809.0,795.0,802.0,-0.1,36253.0,872.0,680.5
NLIC,3/18/2026,801.0,809.0,795.0,802.0,0.0,36253.0,872.0,680.5
NLIC,3/19/2026,802.0,829.0,800.2,828.0,3.24,176072.0,872.0,680.5
NLIC,3/20/2026,802.0,829.0,800.2,828.0,0.0,176072.0,872.0,680.5
NLIC,3/21/2026,802.0,829.0,800.2,828.0,0.0,176072.0,872.0,680.5
NLIC,3/22/2026,844.5,848.0,828.0,840.1,1.46,181028.0,872.0,680.5
NLIC,3/23/2026,856.0,856.0,826.2,840.0,-0.01,88802.0,872.0,680.5
NLIC,3/24/2026,840.0,845.0,826.0,833.0,-0.83,82021.0,872.0,680.5
NLIC,3/25/2026,835.0,835.0,821.0,825.0,-0.96,65754.0,872.0,680.5
NLIC,3/26/2026,821.0,825.0,815.0,823.5,0.3,48625.0,872.0,680.5
NLIC,3/29/2026,839.4,839.4,805.0,806.2,-3.96,70360.0,872.0,680.5
NLIC,3/30/2026,801.0,805.0,792.0,796.0,-0.62,72713.0,872.0,680.5
NLIC,3/31/2026,796.0,804.0,785.0,799.0,0.38,55919.0,872.0,680.5
NLIC,4/1/2026,791.1,798.1,780.0,785.0,-0.77,53767.0,872.0,680.5
NLIC,4/2/2026,780.0,795.7,769.0,785.0,0.64,55782.0,872.0,680.5
NLIC,4/5/2026,771.0,779.0,754.6,755.0,-2.08,89336.0,872.0,680.5
NLIC,4/6/2026,755.1,780.0,755.0,773.0,2.37,57276.0,872.0,680.5
NLIC,4/7/2026,777.9,784.9,770.0,774.0,-0.5,22220.0,872.0,680.5
NLIC,4/8/2026,789.4,789.4,770.0,783.7,-0.72,38622.0,872.0,680.5
NLIC,4/9/2026,775.0,796.0,774.1,793.0,2.32,25872.0,872.0,680.5
NLIC,4/10/2026,800.0,804.0,777.0,786.0,-1.75,20343.0,872.0,680.5
NLIC,4/13/2026,786.0,789.8,775.1,780.0,-0.76,20786.0,872.0,680.5
NLIC,4/15/2026,785.0,792.4,785.0,787.0,0.25,25968.0,872.0,680.5
NLIC,4/16/2026,780.0,789.0,778.2,779.0,-0.13,32388.0,872.0,680.5
NLIC,4/17/2026,777.0,780.0,773.0,775.0,-0.26,30119.0,872.0,680.5
NLIC,4/20/2026,775.0,788.0,768.0,772.6,-0.31,15689.0,872.0,680.5
NLIC,4/21/2026,811.2,811.2,771.6,773.0,-4.71,17724.0,872.0,680.5
NLIC,4/22/2026,773.0,784.9,767.1,776.0,0.39,21807.0,872.0,680.5
NLIC,4/23/2026,776.0,776.0,768.0,771.0,-0.64,10749.0,872.0,680.5
NLIC,4/24/2026,767.0,774.0,765.0,770.0,0.39,29170.0,872.0,680.5
NLIC,4/27/2026,770.0,777.9,765.1,771.0,0.13,12876.0,872.0,680.5
NLIC,4/28/2026,771.0,777.0,767.0,768.0,-0.39,10125.0,872.0,680.5
NLIC,4/29/2026,768.0,770.0,761.0,762.0,-0.78,22143.0,872.0,680.5
NLIC,4/30/2026,762.0,770.0,756.3,762.9,0.12,22550.0,872.0,680.5
NLIC,5/4/2026,765.0,775.0,756.2,763.0,-0.26,23445.0,872.0,680.5
NLIC,5/5/2026,770.0,772.0,755.5,763.0,-0.91,17431.0,872.0,680.5
NLIC,5/6/2026,760.0,775.0,755.0,760.0,0.0,17099.0,872.0,680.5
NLIC,5/7/2026,774.9,774.9,755.0,761.0,-1.79,21876.0,872.0,680.5
NLIC,5/8/2026,769.0,770.0,750.0,763.8,-0.68,47568.0,872.0,680.5
NLIC,5/11/2026,766.0,775.0,765.0,770.0,0.52,16604.0,872.0,680.5
NLIC,5/12/2026,779.8,779.8,768.0,768.6,-1.44,17892.0,872.0,680.5
NLIC,5/13/2026,768.6,768.6,755.0,762.2,-0.83,19500.0,872.0,680.5
NLIC,5/14/2026,760.0,764.0,759.9,763.4,0.45,13031.0,872.0,680.5
NLIC,5/15/2026,760.0,768.0,760.0,762.0,0.26,19109.0,872.0,680.5
NLIC,5/18/2026,762.0,764.6,758.5,764.6,0.34,11209.0,872.0,680.5
NLIC,5/19/2026,769.9,769.9,761.0,761.5,-1.09,9878.0,872.0,680.5
NLIC,5/20/2026,765.0,767.0,759.0,767.0,0.26,16102.0,872.0,680.5
NLIC,5/21/2026,805.3,805.3,761.5,769.0,-4.51,10975.0,872.0,680.5
NLIC,5/22/2026,769.0,779.9,765.0,769.8,0.1,16979.0,872.0,680.5
NLIC,5/25/2026,770.0,779.8,765.0,776.0,0.78,11959.0,872.0,680.5
NLIC,5/26/2026,776.0,779.0,764.1,768.2,-1.01,44776.0,872.0,680.5
NLIC,5/27/2026,770.1,776.0,765.2,774.2,0.53,11818.0,872.0,680.5
NLIC,6/1/2026,774.0,782.0,762.5,763.0,-1.42,25151.0,872.0,680.5
NLIC,6/2/2026,762.0,769.9,762.0,765.1,0.41,21261.0,872.0,680.5
NLIC,6/3/2026,762.0,784.9,762.0,777.2,1.99,42809.0,872.0,680.5
NLIC,6/4/2026,779.8,781.0,775.0,777.0,-0.36,22920.0,872.0,680.5
NLIC,6/5/2026,770.0,777.0,765.2,767.6,-0.31,26083.0,872.0,680.5
NLIC,6/8/2026,770.0,771.0,759.8,760.0,-1.3,26395.0,872.0,680.5
NLIC,6/9/2026,798.0,798.0,756.0,765.0,-4.14,22997.0,872.0,680.5
NLIC,6/10/2026,765.0,769.0,758.0,759.0,-0.78,17199.0,872.0,680.5
NLIC,6/11/2026,758.0,769.0,757.1,761.0,0.4,19198.0,872.0,680.5
NLIC,6/12/2026,770.0,770.0,755.0,760.5,-1.23,12083.0,872.0,680.5
NLIC,6/15/2026,760.5,765.0,758.0,760.4,-0.01,22801.0,872.0,680.5
NLIC,6/16/2026,798.4,798.4,756.1,759.8,-4.83,10634.0,872.0,680.5
NLIC,6/17/2026,797.0,797.0,754.5,759.0,-4.77,20163.0,872.0,680.5
NLIC,6/18/2026,759.0,761.0,750.0,759.0,0.0,24217.0,872.0,680.5
NLIC,6/19/2026,796.9,796.9,750.0,759.0,-4.76,14613.0,872.0,680.5
NLIC,6/22/2026,774.0,774.0,754.0,758.0,-2.07,16370.0,872.0,680.5
NLIC,6/23/2026,752.0,755.0,748.2,750.0,-0.27,23914.0,872.0,680.5
NLIC,6/24/2026,749.2,752.0,740.0,744.9,-0.57,43879.0,872.0,680.5
NLIC,6/26/2026,745.5,750.0,744.9,747.5,0.27,11174.0,872.0,680.5
NLIC,6/29/2026,746.5,746.9,740.1,741.0,-0.74,16558.0,872.0,680.5
NLIC,6/30/2026,744.0,745.0,735.0,737.0,-0.94,26169.0,872.0,680.5
NLIC,7/1/2026,740.0,749.0,740.0,745.0,0.68,7316.0,872.0,680.5
NLIC,7/2/2026,782.2,782.2,740.0,744.0,-4.88,19400.0,872.0,680.5
NLIC,7/3/2026,781.0,781.0,735.0,744.5,-4.67,17656.0,872.0,680.5
NLIC,7/6/2026,745.0,750.0,740.0,743.9,-0.15,16536.0,872.0,680.5
NLIC,7/7/2026,751.5,751.8,742.4,746.9,-0.61,23714.0,872.0,680.5
NLIC,7/8/2026,745.5,745.9,735.0,739.9,-0.75,20922.0,872.0,680.5
NLIC,7/9/2026,740.0,740.0,735.1,739.9,-0.01,17824.0,872.0,680.5
NLIC,7/10/2026,750.0,750.0,738.3,741.0,-1.2,24299.0,872.0,680.5
NLIC,7/13/2026,758.0,758.0,739.0,739.0,-2.51,18141.0,872.0,680.5
NLIC,7/14/2026,775.0,775.0,738.0,740.2,-4.49,14987.0,872.0,680.5
NLIC,7/15/2026,740.1,759.9,739.0,743.9,0.51,43876.0,872.0,680.5
NLIC,7/16/2026,781.0,781.0,740.0,749.8,-3.99,18816.0,872.0,680.5
NLIC,7/17/2026,745.0,769.9,734.3,769.9,3.34,16890.0,872.0,680.5
NLIC,7/20/2026,760.0,775.0,760.0,768.2,1.08,25005.0,872.0,680.5
NLIC,7/21/2026,806.0,806.0,761.1,773.9,-3.98,26947.0,872.0,680.5
NLIC,7/22/2026,772.0,772.0,761.5,764.0,-1.04,13922.0,872.0,680.5
NLIC,7/23/2026,802.0,802.0,760.1,763.0,-4.86,21570.0,872.0,680.5
NLIC,7/24/2026,766.8,770.5,763.0,769.0,0.29,32030.0,872.0,680.5
NLIC,7/27/2026,769.0,773.9,754.0,758.0,-1.43,19115.0,872.0,680.5
NLIC,7/28/2026,769.0,769.0,750.0,755.1,-1.81,16667.0,872.0,680.5
NLIC,7/29/2026,748.1,766.5,748.1,750.0,0.25,5470.0,872.0,680.5
NLIC,7/30/2026,760.0,760.0,747.1,752.0,-1.05,9676.0,872.0,680.5
NLIC,7/31/2026,754.0,759.9,747.0,759.8,0.77,11910.0,872.0,680.5
NLIC,8/3/2026,751.0,760.0,751.0,759.9,1.19,22489.0,872.0,680.5
NLIC,8/4/2026,758.0,758.0,750.0,753.0,-0.66,9845.0,872.0,680.5
NLIC,8/5/2026,749.0,750.0,745.0,748.7,-0.04,10936.0,872.0,680.5
NLIC,8/6/2026,747.0,750.0,740.0,743.8,-0.43,31459.0,872.0,680.5
NLIC,8/7/2026,743.8,744.0,739.5,739.8,-0.54,18768.0,872.0,680.5
NLIC,8/10/2026,739.0,743.0,737.5,738.0,-0.14,18658.0,872.0,680.5
NLIC,8/11/2026,738.0,750.0,736.1,738.0,0.0,28028.0,872.0,680.5
NLIC,8/12/2026,742.0,742.0,736.0,738.8,-0.43,14922.0,872.0,680.5
NLIC,8/13/2026,738.0,738.0,728.0,733.9,-0.56,29188.0,872.0,680.5
NLIC,8/14/2026,734.0,734.0,730.0,731.9,-0.29,14910.0,872.0,680.5
NLIC,8/17/2026,731.9,731.9,725.5,727.0,-0.67,18615.0,872.0,680.5
NLIC,8/18/2026,729.0,738.0,720.7,722.0,-0.96,19730.0,872.0,680.5
NLIC,8/19/2026,722.0,727.0,715.0,718.9,-0.43,30984.0,872.0,680.5
NLIC,8/20/2026,720.0,722.0,709.0,717.0,-0.42,32677.0,872.0,680.5
NLIC,8/21/2026,717.0,718.0,710.1,717.0,0.0,22723.0,872.0,680.5
NLIC,8/24/2026,717.0,717.0,711.0,713.8,-0.45,8919.0,872.0,680.5
NLIC,8/25/2026,717.0,717.0,703.0,706.9,-1.41,31012.0,872.0,680.5
NLIC,8/26/2026,710.0,710.0,689.0,700.0,-1.41,39396.0,872.0,680.5
NLIC,8/27/2026,700.0,700.0,685.0,690.3,-1.39,12855.0,872.0,680.5
NLIC,8/31/2026,690.0,700.0,685.1,685.9,-0.59,18184.0,872.0,680.5
NLIC,9/1/2026,689.0,696.0,680.5,693.8,0.7,10815.0,872.0,680.5
NLIC,9/2/2026,695.0,696.0,690.0,695.0,0.0,10711.0,872.0,680.5
NLIC,9/3/2026,695.0,700.0,695.0,696.0,0.14,7257.0,872.0,680.5
NLIC,9/7/2026,696.0,705.0,691.0,701.0,0.72,11863.0,872.0,680.5
NLIC,9/9/2026,701.0,705.0,695.0,701.9,0.13,10790.0,872.0,680.5
NLIC,9/10/2026,705.0,705.0,688.1,699.0,-0.85,9791.0,872.0,680.5
NLIC,9/11/2026,703.9,703.9,691.0,698.5,-0.77,13160.0,872.0,680.5
NLIC,9/14/2026,700.0,714.5,700.0,709.0,1.29,23494.0,872.0,680.5
NLIC,9/15/2026,744.0,755.0,719.0,730.0,-1.88,48932.0,872.0,680.5
NLIC,9/16/2026,730.0,733.9,718.0,725.0,-0.68,17503.0,872.0,680.5
NLIC,9/17/2026,726.0,739.9,723.0,729.1,0.43,33969.0,872.0,680.5
NLIC,9/18/2026,729.1,739.0,725.0,735.0,0.81,51843.0,872.0,680.5
NLIC,9/22/2026,730.0,755.0,726.0,755.0,3.42,54354.0,872.0,680.5
NLIC,9/23/2026,792.7,792.7,736.0,743.4,-6.22,19350.0,872.0,680.5
NLIC,9/24/2026,706.3,745.0,706.3,745.0,5.48,8449.0,872.0,680.5
NLIC,9/28/2026,745.0,745.0,735.0,736.0,-1.21,26915.0,872.0,680.5
NLIC,9/29/2026,736.0,736.0,731.1,0.0,-100.0,9897.0,872.0,680.5
NLIC,9/30/2026,734.0,745.0,725.0,727.8,-0.84,14114.0,872.0,680.5
NLIC,10/1/2026,727.0,739.0,721.0,727.9,0.12,12131.0,872.0,680.5
NLIC,10/2/2026,691.6,740.0,691.6,726.9,5.1,7776.0,872.0,680.5
NLICL,8/29/2011,290.0,285.0,285.0,285.0,,30.0,644.0,538.4
NLICL,9/4/2011,285.0,280.0,280.0,280.0,-1.75,20.0,644.0,538.4
NLICL,9/6/2011,280.0,306.0,285.0,306.0,9.29,366.0,644.0,538.4
NLICL,9/7/2011,306.0,336.0,312.0,336.0,9.8,1103.0,644.0,538.4
NLICL,9/8/2011,336.0,369.0,330.0,369.0,9.82,2917.0,644.0,538.4
NLICL,9/12/2011,369.0,362.0,342.0,342.0,-7.32,335.0,644.0,538.4
NLICL,9/19/2011,342.0,336.0,324.0,324.0,-5.26,267.0,644.0,538.4
NLICL,9/20/2011,324.0,330.0,318.0,330.0,1.85,729.0,644.0,538.4
NLICL,9/21/2011,330.0,342.0,324.0,342.0,3.64,961.0,644.0,538.4
NLICL,9/25/2011,342.0,336.0,325.0,325.0,-4.97,15787.0,644.0,538.4
NLICL,9/26/2011,325.0,351.0,330.0,338.0,4.0,16097.0,644.0,538.4
NLICL,9/27/2011,338.0,335.0,333.0,333.0,-1.48,700.0,644.0,538.4
NLICL,10/23/2011,333.0,297.0,287.0,297.0,-10.81,390.0,644.0,538.4
NLICL,10/31/2011,297.0,302.0,302.0,302.0,1.68,10.0,644.0,538.4
NLICL,11/3/2011,302.0,300.0,300.0,300.0,-0.66,2121.0,644.0,538.4
NLICL,11/6/2011,300.0,301.0,301.0,301.0,0.33,150.0,644.0,538.4
NLICL,11/8/2011,301.0,325.0,301.0,301.0,0.0,786.0,644.0,538.4
NLICL,11/10/2011,301.0,300.0,300.0,300.0,-0.33,264.0,644.0,538.4
NLICL,11/13/2011,300.0,312.0,306.0,312.0,4.0,1720.0,644.0,538.4
NLICL,11/15/2011,312.0,312.0,310.0,310.0,-0.64,810.0,644.0,538.4
NLICL,11/16/2011,310.0,316.0,316.0,316.0,1.94,264.0,644.0,538.4
NLICL,11/20/2011,316.0,328.0,320.0,322.0,1.9,8348.0,644.0,538.4
NLICL,11/21/2011,322.0,328.0,328.0,328.0,1.86,10.0,644.0,538.4
NLICL,11/22/2011,328.0,334.0,334.0,334.0,1.83,10.0,644.0,538.4
NLICL,11/23/2011,334.0,328.0,320.0,320.0,-4.19,1754.0,644.0,538.4
NLICL,11/24/2011,320.0,331.0,325.0,331.0,3.44,6110.0,644.0,538.4
NLICL,11/27/2011,331.0,337.0,327.0,327.0,-1.21,86.0,644.0,538.4
NLICL,11/28/2011,327.0,327.0,327.0,327.0,0.0,99.0,644.0,538.4
NLICL,12/7/2011,327.0,327.0,320.0,320.0,-2.14,396.0,644.0,538.4
NLICL,12/8/2011,320.0,320.0,315.0,315.0,-1.56,1143.0,644.0,538.4
NLICL,12/15/2011,315.0,310.0,306.0,306.0,-2.86,2000.0,644.0,538.4
NLICL,12/20/2011,306.0,322.0,310.0,322.0,5.23,356.0,644.0,538.4
NLICL,12/21/2011,322.0,344.0,328.0,344.0,6.83,135.0,644.0,538.4
NLICL,12/22/2011,344.0,338.0,332.0,332.0,-3.49,80.0,644.0,538.4
NLICL,12/26/2011,332.0,354.0,338.0,354.0,6.63,150.0,644.0,538.4
NLICL,12/27/2011,354.0,354.0,354.0,354.0,0.0,234.0,644.0,538.4
NLICL,12/28/2011,354.0,347.0,347.0,347.0,-1.98,132.0,644.0,538.4
NLICL,1/12/2012,347.0,373.0,353.0,373.0,7.49,130.0,644.0,538.4
NLICL,1/16/2012,373.0,380.0,380.0,380.0,1.88,20.0,644.0,538.4
NLICL,2/2/2012,380.0,373.0,373.0,373.0,-1.84,50.0,644.0,538.4
NLICL,2/6/2012,373.0,366.0,336.0,336.0,-9.92,444.0,644.0,538.4
NLICL,2/7/2012,336.0,330.0,324.0,330.0,-1.79,412.0,644.0,538.4
NLICL,2/12/2012,330.0,330.0,325.0,325.0,-1.52,198.0,644.0,538.4
NLICL,2/14/2012,325.0,325.0,325.0,325.0,0.0,66.0,644.0,538.4
NLICL,2/15/2012,325.0,330.0,330.0,330.0,1.54,571.0,644.0,538.4
NLICL,2/16/2012,330.0,330.0,327.0,330.0,0.0,298.0,644.0,538.4
NLICL,2/21/2012,330.0,330.0,330.0,330.0,0.0,269.0,644.0,538.4
NLICL,2/26/2012,330.0,345.0,336.0,345.0,4.55,1261.0,644.0,538.4
NLICL,2/27/2012,345.0,340.0,340.0,340.0,-1.45,100.0,644.0,538.4
NLICL,2/28/2012,340.0,340.0,334.0,334.0,-1.76,139.0,644.0,538.4
NLICL,2/29/2012,334.0,340.0,340.0,340.0,1.8,80.0,644.0,538.4
NLICL,3/1/2012,340.0,345.0,345.0,345.0,1.47,50.0,644.0,538.4
NLICL,3/5/2012,345.0,339.0,334.0,334.0,-3.19,676.0,644.0,538.4
NLICL,3/6/2012,334.0,334.0,330.0,330.0,-1.2,1274.0,644.0,538.4
NLICL,3/11/2012,330.0,330.0,330.0,330.0,0.0,620.0,644.0,538.4
NLICL,3/12/2012,330.0,330.0,330.0,330.0,0.0,200.0,644.0,538.4
NLICL,3/13/2012,330.0,330.0,330.0,330.0,0.0,1393.0,644.0,538.4
NLICL,3/18/2012,330.0,332.0,318.0,318.0,-3.64,665.0,644.0,538.4
NLICL,3/19/2012,318.0,324.0,320.0,320.0,0.63,590.0,644.0,538.4
NLICL,3/25/2012,320.0,314.0,314.0,314.0,-1.88,176.0,644.0,538.4
NLICL,3/27/2012,314.0,326.0,320.0,326.0,3.82,196.0,644.0,538.4
NLICL,3/28/2012,326.0,330.0,330.0,330.0,1.23,1083.0,644.0,538.4
NLICL,4/3/2012,330.0,330.0,330.0,330.0,0.0,185.0,644.0,538.4
NLICL,4/4/2012,330.0,334.0,330.0,330.0,0.0,982.0,644.0,538.4
NLICL,4/8/2012,330.0,324.0,324.0,324.0,-1.82,54.0,644.0,538.4
NLICL,4/11/2012,324.0,330.0,330.0,330.0,1.85,50.0,644.0,538.4
NLICL,4/12/2012,330.0,335.0,335.0,335.0,1.52,50.0,644.0,538.4
NLICL,4/18/2012,335.0,353.0,341.0,353.0,5.37,1545.0,644.0,538.4
NLICL,4/19/2012,353.0,367.0,351.0,351.0,-0.57,294.0,644.0,538.4
NLICL,4/22/2012,351.0,358.0,358.0,358.0,1.99,117.0,644.0,538.4
NLICL,4/24/2012,358.0,381.0,365.0,381.0,6.42,1707.0,644.0,538.4
NLICL,4/26/2012,381.0,388.0,388.0,388.0,1.84,20.0,644.0,538.4
NLICL,4/29/2012,388.0,395.0,395.0,395.0,1.8,22.0,644.0,538.4
NLICL,4/30/2012,395.0,410.0,402.0,410.0,3.8,233.0,644.0,538.4
NLICL,5/3/2012,410.0,438.0,430.0,438.0,6.83,22.0,644.0,538.4
NLICL,5/7/2012,438.0,438.0,438.0,438.0,0.0,50000.0,644.0,538.4
NLICL,5/13/2012,438.0,463.0,446.0,463.0,5.71,300.0,644.0,538.4
NLICL,5/15/2012,463.0,481.0,472.0,481.0,3.89,200.0,644.0,538.4
NLICL,5/16/2012,481.0,499.0,490.0,499.0,3.74,119.0,644.0,538.4
NLICL,5/17/2012,499.0,528.0,508.0,528.0,5.81,433.0,644.0,538.4
NLICL,5/20/2012,528.0,558.0,537.0,537.0,1.7,625.0,644.0,538.4
NLICL,5/21/2012,537.0,546.0,546.0,546.0,1.68,58.0,644.0,538.4
NLICL,6/7/2012,546.0,553.0,553.0,553.0,1.28,152.0,644.0,538.4
NLICL,6/11/2012,553.0,560.0,560.0,560.0,1.27,36.0,644.0,538.4
NLICL,7/11/2012,560.0,549.0,549.0,549.0,-1.96,100.0,644.0,538.4
NLICL,7/12/2012,549.0,539.0,529.0,529.0,-3.64,76.0,644.0,538.4
NLICL,7/16/2012,529.0,539.0,539.0,539.0,1.89,79.0,644.0,538.4
NLICL,7/18/2012,539.0,529.0,519.0,519.0,-3.71,518.0,644.0,538.4
NLICL,7/19/2012,519.0,535.0,529.0,535.0,3.08,200.0,644.0,538.4
NLICL,7/22/2012,535.0,525.0,482.0,482.0,-9.91,3982.0,644.0,538.4
NLICL,7/23/2012,482.0,486.0,450.0,486.0,0.83,16450.0,644.0,538.4
NLICL,7/24/2012,486.0,477.0,477.0,477.0,-1.85,50.0,644.0,538.4
NLICL,7/26/2012,477.0,470.0,470.0,470.0,-1.47,50.0,644.0,538.4
NLICL,7/29/2012,470.0,470.0,461.0,470.0,0.0,792.0,644.0,538.4
NLICL,7/30/2012,470.0,479.0,471.0,479.0,1.91,515.0,644.0,538.4
NLICL,7/31/2012,479.0,375.0,375.0,375.0,-21.71,132.0,644.0,538.4
NLICL,8/1/2012,375.0,387.0,380.0,387.0,3.2,634.0,644.0,538.4
NLICL,8/5/2012,387.0,394.0,391.0,391.0,1.03,179.0,644.0,538.4
NLICL,9/2/2012,391.0,401.0,395.0,401.0,2.56,398.0,644.0,538.4
NLICL,9/3/2012,401.0,400.0,400.0,400.0,-0.25,132.0,644.0,538.4
NLICL,9/4/2012,400.0,400.0,400.0,400.0,0.0,239.0,644.0,538.4
NLICL,9/5/2012,400.0,415.0,397.0,415.0,3.75,4332.0,644.0,538.4
NLICL,9/6/2012,415.0,431.0,407.0,431.0,3.86,1057.0,644.0,538.4
NLICL,9/9/2012,431.0,473.0,439.0,470.0,9.05,4544.0,644.0,538.4
NLICL,9/10/2012,470.0,479.0,462.0,472.0,0.43,1513.0,644.0,538.4
NLICL,9/11/2012,472.0,475.0,464.0,475.0,0.64,6749.0,644.0,538.4
NLICL,9/12/2012,475.0,478.0,461.0,470.0,-1.05,8358.0,644.0,538.4
NLICL,9/13/2012,470.0,495.0,479.0,495.0,5.32,311.0,644.0,538.4
NLICL,9/16/2012,495.0,530.0,504.0,530.0,7.07,239.0,644.0,538.4
NLICL,9/17/2012,530.0,541.0,530.0,540.0,1.89,748.0,644.0,538.4
NLICL,9/18/2012,540.0,535.0,511.0,514.0,-4.81,7401.0,644.0,538.4
NLICL,9/19/2012,514.0,514.0,504.0,504.0,-1.95,1313.0,644.0,538.4
NLICL,9/20/2012,504.0,495.0,486.0,486.0,-3.57,553.0,644.0,538.4
NLICL,9/23/2012,486.0,504.0,495.0,504.0,3.7,87.0,644.0,538.4
NLICL,9/24/2012,504.0,503.0,485.0,503.0,-0.2,1719.0,644.0,538.4
NLICL,9/25/2012,503.0,494.0,494.0,494.0,-1.79,10.0,644.0,538.4
NLICL,9/26/2012,494.0,489.0,478.0,489.0,-1.01,1168.0,644.0,538.4
NLICL,9/30/2012,501.0,510.0,510.0,510.0,4.29,66.0,644.0,538.4
NLICL,10/1/2012,510.0,515.0,500.0,510.0,0.0,9373.0,644.0,538.4
NLICL,10/2/2012,510.0,510.0,500.0,510.0,0.0,2058.0,644.0,538.4
NLICL,10/3/2012,510.0,510.0,491.0,491.0,-3.73,2530.0,644.0,538.4
NLICL,10/4/2012,491.0,510.0,500.0,510.0,3.87,2089.0,644.0,538.4
NLICL,10/7/2012,510.0,508.0,481.0,508.0,-0.39,2102.0,644.0,538.4
NLICL,10/8/2012,508.0,516.0,498.0,516.0,1.57,5070.0,644.0,538.4
NLICL,10/9/2012,516.0,509.0,504.0,508.0,-1.55,3389.0,644.0,538.4
NLICL,10/10/2012,508.0,516.0,516.0,516.0,1.57,18.0,644.0,538.4
NLICL,10/11/2012,516.0,517.0,517.0,517.0,0.19,18.0,644.0,538.4
NLICL,10/18/2012,517.0,522.0,522.0,522.0,0.97,20.0,644.0,538.4
NLICL,11/5/2012,522.0,512.0,512.0,512.0,-1.92,1259.0,644.0,538.4
NLICL,11/6/2012,512.0,522.0,522.0,522.0,1.95,18.0,644.0,538.4
NLICL,11/11/2012,522.0,512.0,512.0,512.0,-1.92,50.0,644.0,538.4
NLICL,11/12/2012,512.0,512.0,512.0,512.0,0.0,1186.0,644.0,538.4
NLICL,11/18/2012,512.0,515.0,515.0,515.0,0.59,22.0,644.0,538.4
NLICL,11/25/2012,515.0,505.0,505.0,505.0,-1.94,200.0,644.0,538.4
NLICL,11/29/2012,505.0,500.0,500.0,500.0,-0.99,99.0,644.0,538.4
NLICL,12/4/2012,500.0,500.0,500.0,500.0,0.0,30.0,644.0,538.4
NLICL,12/6/2012,500.0,500.0,480.0,480.0,-4.0,1377.0,644.0,538.4
NLICL,12/12/2012,480.0,475.0,466.0,466.0,-2.92,127.0,644.0,538.4
NLICL,12/13/2012,466.0,475.0,475.0,475.0,1.93,26.0,644.0,538.4
NLICL,12/16/2012,475.0,480.0,480.0,480.0,1.05,153.0,644.0,538.4
NLICL,12/17/2012,480.0,485.0,474.0,485.0,1.04,2543.0,644.0,538.4
NLICL,12/18/2012,485.0,480.0,480.0,480.0,-1.03,66.0,644.0,538.4
NLICL,12/19/2012,480.0,480.0,480.0,480.0,0.0,287.0,644.0,538.4
NLICL,12/20/2012,480.0,489.0,480.0,480.0,0.0,351.0,644.0,538.4
NLICL,12/23/2012,480.0,475.0,473.0,473.0,-1.46,166.0,644.0,538.4
NLICL,12/24/2012,473.0,486.0,482.0,486.0,2.75,1453.0,644.0,538.4
NLICL,12/26/2012,486.0,494.0,486.0,494.0,1.65,149.0,644.0,538.4
NLICL,12/27/2012,494.0,490.0,485.0,485.0,-1.82,443.0,644.0,538.4
NLICL,12/31/2012,485.0,494.0,485.0,494.0,1.86,532.0,644.0,538.4
NLICL,1/1/2013,494.0,495.0,495.0,495.0,0.2,341.0,644.0,538.4
NLICL,1/2/2013,495.0,504.0,487.0,487.0,-1.62,1308.0,644.0,538.4
NLICL,1/3/2013,487.0,525.0,494.0,525.0,7.8,1605.0,644.0,538.4
NLICL,1/6/2013,525.0,515.0,505.0,505.0,-3.81,98.0,644.0,538.4
NLICL,1/7/2013,505.0,499.0,489.0,499.0,-1.19,1212.0,644.0,538.4
NLICL,1/8/2013,499.0,505.0,500.0,500.0,0.2,306.0,644.0,538.4
NLICL,1/10/2013,500.0,510.0,505.0,510.0,2.0,582.0,644.0,538.4
NLICL,1/13/2013,510.0,530.0,520.0,530.0,3.92,851.0,644.0,538.4
NLICL,1/15/2013,530.0,535.0,535.0,535.0,0.94,3421.0,644.0,538.4
NLICL,1/16/2013,535.0,535.0,535.0,535.0,0.0,1304.0,644.0,538.4
NLICL,1/17/2013,535.0,525.0,518.0,518.0,-3.18,1452.0,644.0,538.4
NLICL,1/21/2013,518.0,528.0,528.0,528.0,1.93,64.0,644.0,538.4
NLICL,1/22/2013,528.0,538.0,522.0,538.0,1.89,1776.0,644.0,538.4
NLICL,1/23/2013,538.0,565.0,540.0,565.0,5.02,3791.0,644.0,538.4
NLICL,1/24/2013,565.0,554.0,554.0,554.0,-1.95,500.0,644.0,538.4
NLICL,1/27/2013,554.0,560.0,560.0,560.0,1.08,620.0,644.0,538.4
NLICL,1/28/2013,560.0,549.0,539.0,539.0,-3.75,235.0,644.0,538.4
NLICL,1/31/2013,539.0,549.0,549.0,549.0,1.86,15.0,644.0,538.4
NLICL,2/5/2013,549.0,545.0,535.0,545.0,-0.73,471.0,644.0,538.4
NLICL,2/7/2013,545.0,545.0,540.0,545.0,0.0,619.0,644.0,538.4
NLICL,2/10/2013,545.0,555.0,550.0,555.0,1.83,1566.0,644.0,538.4
NLICL,2/12/2013,555.0,585.0,555.0,585.0,5.41,1634.0,644.0,538.4
NLICL,2/14/2013,585.0,585.0,580.0,585.0,0.0,106.0,644.0,538.4
NLICL,2/17/2013,585.0,607.0,596.0,607.0,3.76,277.0,644.0,538.4
NLICL,2/19/2013,607.0,620.0,608.0,608.0,0.16,1457.0,644.0,538.4
NLICL,2/20/2013,608.0,620.0,610.0,610.0,0.33,420.0,644.0,538.4
NLICL,2/21/2013,610.0,640.0,615.0,627.0,2.79,5103.0,644.0,538.4
NLICL,2/24/2013,627.0,639.0,616.0,638.0,1.75,2414.0,644.0,538.4
NLICL,2/25/2013,638.0,652.0,640.0,652.0,2.19,2652.0,644.0,538.4
NLICL,2/26/2013,652.0,678.0,647.0,660.0,1.23,2610.0,644.0,538.4
NLICL,2/27/2013,660.0,657.0,657.0,657.0,-0.45,296.0,644.0,538.4
NLICL,2/28/2013,657.0,710.0,661.0,710.0,8.07,2492.0,644.0,538.4
NLICL,3/3/2013,710.0,696.0,691.0,691.0,-2.68,492.0,644.0,538.4
NLICL,3/4/2013,691.0,682.0,666.0,666.0,-3.62,4644.0,644.0,538.4
NLICL,3/5/2013,666.0,662.0,647.0,655.0,-1.65,4841.0,644.0,538.4
NLICL,3/6/2013,655.0,655.0,655.0,655.0,0.0,412.0,644.0,538.4
NLICL,3/7/2013,655.0,665.0,657.0,665.0,1.53,2757.0,644.0,538.4
NLICL,3/11/2013,665.0,675.0,670.0,670.0,0.75,685.0,644.0,538.4
NLICL,3/13/2013,670.0,683.0,655.0,665.0,-0.75,1243.0,644.0,538.4
NLICL,3/18/2013,665.0,522.0,522.0,522.0,-21.5,27.0,644.0,538.4
NLICL,3/19/2013,522.0,532.0,532.0,532.0,1.92,18.0,644.0,538.4
NLICL,3/20/2013,532.0,563.0,542.0,563.0,5.83,56.0,644.0,538.4
NLICL,3/21/2013,563.0,573.0,573.0,573.0,1.78,76.0,644.0,538.4
NLICL,3/24/2013,573.0,565.0,565.0,565.0,-1.4,150.0,644.0,538.4
NLICL,4/2/2013,565.0,576.0,576.0,576.0,1.95,18.0,644.0,538.4
NLICL,4/7/2013,576.0,565.0,565.0,565.0,-1.91,103.0,644.0,538.4
NLICL,4/8/2013,565.0,560.0,525.0,525.0,-7.08,5167.0,644.0,538.4
NLICL,4/9/2013,525.0,535.0,528.0,528.0,0.57,638.0,644.0,538.4
NLICL,4/11/2013,528.0,558.0,538.0,558.0,5.68,777.0,644.0,538.4
NLICL,4/15/2013,558.0,558.0,558.0,558.0,0.0,10000.0,644.0,538.4
NLICL,4/16/2013,558.0,547.0,535.0,535.0,-4.12,1192.0,644.0,538.4
NLICL,4/17/2013,535.0,534.0,525.0,534.0,-0.19,32700.0,644.0,538.4
NLICL,4/18/2013,534.0,530.0,530.0,530.0,-0.75,650.0,644.0,538.4
NLICL,4/21/2013,530.0,540.0,535.0,540.0,1.89,200.0,644.0,538.4
NLICL,4/22/2013,540.0,535.0,525.0,525.0,-2.78,203.0,644.0,538.4
NLICL,4/23/2013,525.0,525.0,525.0,525.0,0.0,3500.0,644.0,538.4
NLICL,4/28/2013,525.0,526.0,525.0,525.0,0.0,197.0,644.0,538.4
NLICL,4/30/2013,525.0,534.0,525.0,534.0,1.71,118.0,644.0,538.4
NLICL,5/5/2013,534.0,544.0,544.0,544.0,1.87,33.0,644.0,538.4
NLICL,5/8/2013,544.0,534.0,534.0,534.0,-1.84,20.0,644.0,538.4
NLICL,5/13/2013,534.0,534.0,502.0,510.0,-4.49,11917.0,644.0,538.4
NLICL,5/14/2013,510.0,510.0,505.0,505.0,-0.98,418.0,644.0,538.4
NLICL,5/16/2013,505.0,555.0,512.0,555.0,9.9,432.0,644.0,538.4
NLICL,5/19/2013,555.0,550.0,544.0,544.0,-1.98,2202.0,644.0,538.4
NLICL,5/20/2013,544.0,534.0,521.0,531.0,-2.39,5358.0,644.0,538.4
NLICL,5/21/2013,531.0,531.0,511.0,531.0,0.0,12239.0,644.0,538.4
NLICL,5/23/2013,531.0,539.0,521.0,539.0,1.51,331.0,644.0,538.4
NLICL,5/26/2013,539.0,535.0,535.0,535.0,-0.74,318.0,644.0,538.4
NLICL,5/27/2013,535.0,561.0,540.0,549.0,2.62,763.0,644.0,538.4
NLICL,5/28/2013,549.0,559.0,510.0,510.0,-7.1,532.0,644.0,538.4
NLICL,5/30/2013,510.0,531.0,500.0,531.0,4.12,264217.0,644.0,538.4
NLICL,6/2/2013,531.0,580.0,541.0,567.0,6.78,2541.0,644.0,538.4
NLICL,6/3/2013,567.0,570.0,556.0,570.0,0.53,3725.0,644.0,538.4
NLICL,6/4/2013,570.0,570.0,570.0,570.0,0.0,446.0,644.0,538.4
NLICL,6/5/2013,570.0,570.0,570.0,570.0,0.0,1410.0,644.0,538.4
NLICL,6/9/2013,570.0,560.0,560.0,560.0,-1.75,77.0,644.0,538.4
NLICL,6/11/2013,560.0,580.0,570.0,580.0,3.57,2925.0,644.0,538.4
NLICL,6/12/2013,580.0,578.0,560.0,560.0,-3.45,770.0,644.0,538.4
NLICL,6/13/2013,560.0,551.0,551.0,551.0,-1.61,156.0,644.0,538.4
NLICL,6/16/2013,551.0,550.0,541.0,550.0,-0.18,135.0,644.0,538.4
NLICL,6/18/2013,550.0,551.0,540.0,541.0,-1.64,11448.0,644.0,538.4
NLICL,6/19/2013,541.0,550.0,550.0,550.0,1.66,205.0,644.0,538.4
NLICL,6/23/2013,550.0,561.0,550.0,550.0,0.0,7272.0,644.0,538.4
NLICL,6/24/2013,550.0,555.0,548.0,548.0,-0.36,15190.0,644.0,538.4
NLICL,6/25/2013,548.0,579.0,557.0,579.0,5.66,1839.0,644.0,538.4
NLICL,6/26/2013,579.0,590.0,575.0,575.0,-0.69,1624.0,644.0,538.4
NLICL,6/27/2013,575.0,564.0,550.0,550.0,-4.35,944.0,644.0,538.4
NLICL,6/30/2013,550.0,561.0,540.0,561.0,2.0,491.0,644.0,538.4
NLICL,7/2/2013,561.0,576.0,565.0,576.0,2.67,417.0,644.0,538.4
NLICL,7/3/2013,576.0,570.0,567.0,570.0,-1.04,267.0,644.0,538.4
NLICL,7/4/2013,570.0,575.0,570.0,575.0,0.88,10323.0,644.0,538.4
NLICL,7/7/2013,575.0,586.0,564.0,564.0,-1.91,237.0,644.0,538.4
NLICL,7/8/2013,564.0,574.0,561.0,572.0,1.42,32097.0,644.0,538.4
NLICL,7/9/2013,572.0,585.0,573.0,580.0,1.4,3044.0,644.0,538.4
NLICL,7/10/2013,580.0,600.0,571.0,600.0,3.45,7553.0,644.0,538.4
NLICL,7/11/2013,600.0,591.0,591.0,591.0,-1.5,113.0,644.0,538.4
NLICL,7/14/2013,591.0,590.0,590.0,590.0,-0.17,94.0,644.0,538.4
NLICL,7/15/2013,590.0,596.0,584.0,596.0,1.02,503.0,644.0,538.4
NLICL,7/17/2013,596.0,605.0,600.0,604.0,1.34,890.0,644.0,538.4
NLICL,7/18/2013,604.0,632.0,595.0,632.0,4.64,8120.0,644.0,538.4
NLICL,7/21/2013,632.0,694.0,644.0,694.0,9.81,714.0,644.0,538.4
NLICL,7/22/2013,694.0,763.0,700.0,763.0,9.94,7206.0,644.0,538.4
NLICL,7/23/2013,763.0,775.0,729.0,729.0,-4.46,2898.0,644.0,538.4
NLICL,7/24/2013,729.0,720.0,690.0,702.0,-3.7,2386.0,644.0,538.4
NLICL,7/25/2013,702.0,711.0,685.0,708.0,0.85,6388.0,644.0,538.4
NLICL,7/28/2013,708.0,778.0,700.0,778.0,9.89,13345.0,644.0,538.4
NLICL,7/29/2013,778.0,793.0,775.0,786.0,1.03,10695.0,644.0,538.4
NLICL,7/30/2013,786.0,796.0,755.0,796.0,1.27,3940.0,644.0,538.4
NLICL,7/31/2013,796.0,821.0,795.0,795.0,-0.13,10495.0,644.0,538.4
NLICL,8/1/2013,795.0,810.0,788.0,800.0,0.63,2890.0,644.0,538.4
NLICL,8/4/2013,800.0,810.0,795.0,800.0,0.0,1650.0,644.0,538.4
NLICL,8/5/2013,800.0,785.0,775.0,775.0,-3.12,441.0,644.0,538.4
NLICL,8/6/2013,775.0,796.0,775.0,796.0,2.71,836.0,644.0,538.4
NLICL,8/7/2013,796.0,810.0,800.0,800.0,0.5,1721.0,644.0,538.4
NLICL,8/8/2013,800.0,801.0,799.0,800.0,0.0,3446.0,644.0,538.4
NLICL,8/11/2013,800.0,800.0,795.0,800.0,0.0,2398.0,644.0,538.4
NLICL,8/12/2013,800.0,800.0,785.0,787.0,-1.62,6529.0,644.0,538.4
NLICL,8/13/2013,787.0,816.0,787.0,816.0,3.68,28167.0,644.0,538.4
NLICL,8/14/2013,816.0,826.0,800.0,820.0,0.49,19972.0,644.0,538.4
NLICL,8/15/2013,820.0,898.0,830.0,880.0,7.32,8093.0,644.0,538.4
NLICL,8/18/2013,880.0,968.0,897.0,968.0,10.0,4227.0,644.0,538.4
NLICL,8/19/2013,968.0,1046.0,911.0,969.0,0.1,30304.0,644.0,538.4
NLICL,8/20/2013,969.0,974.0,941.0,941.0,-2.89,6279.0,644.0,538.4
NLICL,8/25/2013,941.0,930.0,921.0,921.0,-2.13,1334.0,644.0,538.4
NLICL,8/26/2013,921.0,924.0,906.0,924.0,0.33,3851.0,644.0,538.4
NLICL,8/27/2013,923.0,925.0,920.0,923.0,-0.11,2311.0,644.0,538.4
NLICL,8/29/2013,923.0,915.0,905.0,915.0,-0.87,945.0,644.0,538.4
NLICL,9/1/2013,915.0,925.0,900.0,925.0,1.09,4051.0,644.0,538.4
NLICL,9/2/2013,925.0,930.0,912.0,930.0,0.54,2648.0,644.0,538.4
NLICL,9/3/2013,930.0,935.0,934.0,935.0,0.54,484.0,644.0,538.4
NLICL,9/4/2013,935.0,940.0,940.0,940.0,0.53,53.0,644.0,538.4
NLICL,9/5/2013,940.0,940.0,918.0,925.0,-1.6,2290.0,644.0,538.4
NLICL,9/8/2013,925.0,912.0,907.0,907.0,-1.95,1149.0,644.0,538.4
NLICL,9/9/2013,907.0,920.0,912.0,917.0,1.1,2100.0,644.0,538.4
NLICL,9/10/2013,917.0,938.0,924.0,934.0,1.85,348.0,644.0,538.4
NLICL,9/11/2013,934.0,984.0,930.0,965.0,3.32,4362.0,644.0,538.4
NLICL,9/12/2013,965.0,974.0,947.0,974.0,0.93,3465.0,644.0,538.4
NLICL,9/15/2013,974.0,979.0,955.0,960.0,-1.44,5048.0,644.0,538.4
NLICL,9/16/2013,960.0,1000.0,960.0,995.0,3.65,2692.0,644.0,538.4
NLICL,9/17/2013,995.0,1048.0,1010.0,1048.0,5.33,12351.0,644.0,538.4
NLICL,9/19/2013,1048.0,1090.0,1065.0,1066.0,1.72,6831.0,644.0,538.4
NLICL,9/22/2013,1066.0,1086.0,1050.0,1050.0,-1.5,1934.0,644.0,538.4
NLICL,9/23/2013,1050.0,1031.0,1002.0,1010.0,-3.81,2885.0,644.0,538.4
NLICL,9/24/2013,1010.0,1035.0,1011.0,1035.0,2.48,2484.0,644.0,538.4
NLICL,9/25/2013,1035.0,1040.0,1030.0,1030.0,-0.48,1238.0,644.0,538.4
NLICL,9/26/2013,1030.0,1035.0,1022.0,1034.0,0.39,2023.0,644.0,538.4
NLICL,9/29/2013,1034.0,1035.0,1015.0,1025.0,-0.87,11156.0,644.0,538.4
NLICL,9/30/2013,1025.0,1043.0,1015.0,1015.0,-0.98,2257.0,644.0,538.4
NLICL,10/1/2013,1015.0,1035.0,1020.0,1030.0,1.48,1714.0,644.0,538.4
NLICL,10/2/2013,1030.0,1031.0,1020.0,1022.0,-0.78,937.0,644.0,538.4
NLICL,10/3/2013,1022.0,1020.0,1020.0,1020.0,-0.2,400.0,644.0,538.4
NLICL,10/6/2013,1020.0,1035.0,1015.0,1015.0,-0.49,3511.0,644.0,538.4
NLICL,10/7/2013,1015.0,1035.0,1010.0,1030.0,1.48,5323.0,644.0,538.4
NLICL,10/8/2013,1030.0,1070.0,1030.0,1070.0,3.88,754.0,644.0,538.4
NLICL,10/9/2013,1070.0,1055.0,1020.0,1020.0,-4.67,2605.0,644.0,538.4
NLICL,10/10/2013,1020.0,1040.0,1000.0,1040.0,1.96,15083.0,644.0,538.4
NLICL,10/17/2013,1040.0,1081.0,1060.0,1080.0,3.85,484.0,644.0,538.4
NLICL,10/20/2013,1080.0,1105.0,1090.0,1105.0,2.31,3566.0,644.0,538.4
NLICL,10/21/2013,1105.0,1132.0,1100.0,1105.0,0.0,11132.0,644.0,538.4
NLICL,10/22/2013,1105.0,1130.0,1095.0,1130.0,2.26,5420.0,644.0,538.4
NLICL,10/23/2013,1130.0,1132.0,1108.0,1125.0,-0.44,2263.0,644.0,538.4
NLICL,10/24/2013,1125.0,1175.0,1125.0,1125.0,0.0,3852.0,644.0,538.4
NLICL,10/27/2013,1125.0,1160.0,1125.0,1145.0,1.78,10200.0,644.0,538.4
NLICL,10/28/2013,1145.0,1142.0,1135.0,1142.0,-0.26,1099.0,644.0,538.4
NLICL,10/29/2013,1142.0,1140.0,1130.0,1130.0,-1.05,989.0,644.0,538.4
NLICL,10/30/2013,1130.0,1140.0,1130.0,1140.0,0.88,6941.0,644.0,538.4
NLICL,10/31/2013,1140.0,1150.0,1126.0,1150.0,0.88,5244.0,644.0,538.4
NLICL,11/6/2013,1150.0,1170.0,1160.0,1160.0,0.87,172.0,644.0,538.4
NLICL,11/7/2013,1160.0,1145.0,1135.0,1145.0,-1.29,429.0,644.0,538.4
NLICL,11/10/2013,1145.0,1150.0,1145.0,1150.0,0.44,225.0,644.0,538.4
NLICL,11/11/2013,1150.0,1196.0,1140.0,1196.0,4.0,10608.0,644.0,538.4
NLICL,11/12/2013,1196.0,1229.0,1205.0,1205.0,0.75,696.0,644.0,538.4
NLICL,11/13/2013,1205.0,1249.0,1225.0,1235.0,2.49,6721.0,644.0,538.4
NLICL,11/14/2013,1235.0,1255.0,1229.0,1245.0,0.81,6862.0,644.0,538.4
NLICL,11/21/2013,1245.0,1345.0,1245.0,1345.0,8.03,5034.0,644.0,538.4
NLICL,11/24/2013,1345.0,1465.0,1371.0,1430.0,6.32,14352.0,644.0,538.4
NLICL,11/25/2013,1430.0,1426.0,1390.0,1426.0,-0.28,3515.0,644.0,538.4
NLICL,11/26/2013,1426.0,1456.0,1400.0,1455.0,2.03,8085.0,644.0,538.4
NLICL,11/27/2013,1455.0,1565.0,1483.0,1560.0,7.22,10399.0,644.0,538.4
NLICL,11/28/2013,1560.0,1625.0,1540.0,1625.0,4.17,19809.0,644.0,538.4
NLICL,12/1/2013,1625.0,1651.0,1595.0,1650.0,1.54,6922.0,644.0,538.4
NLICL,12/2/2013,1650.0,1785.0,1675.0,1750.0,6.06,5362.0,644.0,538.4
NLICL,12/3/2013,1750.0,1774.0,1706.0,1755.0,0.29,10110.0,644.0,538.4
NLICL,12/4/2013,1755.0,1824.0,1725.0,1755.0,0.0,5036.0,644.0,538.4
NLICL,12/5/2013,1755.0,1790.0,1700.0,1700.0,-3.13,3177.0,644.0,538.4
NLICL,12/8/2013,1700.0,1690.0,1657.0,1657.0,-2.53,1100.0,644.0,538.4
NLICL,12/9/2013,1657.0,1624.0,1624.0,1624.0,-1.99,33.0,644.0,538.4
NLICL,12/10/2013,1624.0,1650.0,1650.0,1650.0,1.6,20.0,644.0,538.4
NLICL,12/11/2013,1650.0,1619.0,1525.0,1525.0,-7.58,738.0,644.0,538.4
NLICL,12/12/2013,1525.0,1520.0,1450.0,1490.0,-2.3,6882.0,644.0,538.4
NLICL,12/15/2013,1490.0,1522.0,1470.0,1522.0,2.15,5464.0,644.0,538.4
NLICL,12/16/2013,1522.0,1582.0,1520.0,1550.0,1.84,3552.0,644.0,538.4
NLICL,12/18/2013,1550.0,1611.0,1580.0,1611.0,3.94,420.0,644.0,538.4
NLICL,12/19/2013,1611.0,1650.0,1600.0,1650.0,2.42,5627.0,644.0,538.4
NLICL,12/22/2013,1650.0,1649.0,1600.0,1632.0,-1.09,2133.0,644.0,538.4
NLICL,12/23/2013,1632.0,1642.0,1568.0,1632.0,0.0,4847.0,644.0,538.4
NLICL,12/24/2013,1632.0,1664.0,1600.0,1600.0,-1.96,5258.0,644.0,538.4
NLICL,12/26/2013,1600.0,1700.0,1632.0,1657.0,3.56,4504.0,644.0,538.4
NLICL,12/29/2013,1657.0,1643.0,1600.0,1635.0,-1.33,3162.0,644.0,538.4
NLICL,12/31/2013,1635.0,1688.0,1611.0,1611.0,-1.47,21221.0,644.0,538.4
NLICL,1/1/2014,1611.0,1611.0,1550.0,1550.0,-3.79,2320.0,644.0,538.4
NLICL,1/2/2014,1550.0,1620.0,1580.0,1605.0,3.55,3103.0,644.0,538.4
NLICL,1/5/2014,1605.0,1605.0,1560.0,1560.0,-2.8,11001.0,644.0,538.4
NLICL,1/6/2014,1560.0,1580.0,1570.0,1580.0,1.28,7501.0,644.0,538.4
NLICL,1/7/2014,1580.0,1637.0,1580.0,1615.0,2.22,6218.0,644.0,538.4
NLICL,1/8/2014,1615.0,1700.0,1555.0,1700.0,5.26,7822.0,644.0,538.4
NLICL,1/9/2014,1700.0,1791.0,1720.0,1791.0,5.35,16035.0,644.0,538.4
NLICL,1/12/2014,1791.0,1940.0,1800.0,1920.0,7.2,20515.0,644.0,538.4
NLICL,1/13/2014,1920.0,2000.0,1895.0,1901.0,-0.99,4549.0,644.0,538.4
NLICL,1/14/2014,1901.0,1910.0,1863.0,1910.0,0.47,5695.0,644.0,538.4
NLICL,1/16/2014,1910.0,1900.0,1851.0,1888.0,-1.15,1418.0,644.0,538.4
NLICL,1/19/2014,1888.0,1912.0,1850.0,1850.0,-2.01,5451.0,644.0,538.4
NLICL,1/20/2014,1850.0,1938.0,1848.0,1848.0,-0.11,3900.0,644.0,538.4
NLICL,1/21/2014,1848.0,1884.0,1825.0,1880.0,1.73,3161.0,644.0,538.4
NLICL,1/22/2014,1880.0,1860.0,1835.0,1840.0,-2.13,3611.0,644.0,538.4
NLICL,1/23/2014,1840.0,1855.0,1831.0,1855.0,0.82,3375.0,644.0,538.4
NLICL,1/26/2014,1855.0,1840.0,1775.0,1775.0,-4.31,3347.0,644.0,538.4
NLICL,1/27/2014,1775.0,1800.0,1750.0,1800.0,1.41,2562.0,644.0,538.4
NLICL,1/28/2014,1800.0,1810.0,1775.0,1785.0,-0.83,3586.0,644.0,538.4
NLICL,1/29/2014,1785.0,1860.0,1795.0,1860.0,4.2,1814.0,644.0,538.4
NLICL,2/2/2014,1860.0,1850.0,1810.0,1810.0,-2.69,2848.0,644.0,538.4
NLICL,2/3/2014,1810.0,1888.0,1845.0,1888.0,4.31,541.0,644.0,538.4
NLICL,2/6/2014,1850.0,1975.0,1850.0,1965.0,4.08,6719.0,644.0,538.4
NLICL,2/9/2014,1965.0,1970.0,1926.0,1945.0,-1.02,2197.0,644.0,538.4
NLICL,2/10/2014,1945.0,2060.0,1950.0,1960.0,0.77,2538.0,644.0,538.4
NLICL,2/11/2014,1960.0,1999.0,1950.0,1950.0,-0.51,5660.0,644.0,538.4
NLICL,2/12/2014,1950.0,2125.0,1975.0,2100.0,7.69,10003.0,644.0,538.4
NLICL,2/13/2014,2100.0,2202.0,2140.0,2150.0,2.38,5608.0,644.0,538.4
NLICL,2/16/2014,2150.0,2150.0,2125.0,2140.0,-0.47,6459.0,644.0,538.4
NLICL,2/17/2014,2140.0,2244.0,2100.0,2240.0,4.67,6221.0,644.0,538.4
NLICL,2/18/2014,2240.0,2375.0,2200.0,2329.0,3.97,3149.0,644.0,538.4
NLICL,2/20/2014,2329.0,2560.0,2375.0,2440.0,4.77,10043.0,644.0,538.4
NLICL,2/23/2014,2440.0,2502.0,2400.0,2440.0,0.0,8072.0,644.0,538.4
NLICL,2/24/2014,2440.0,2488.0,2352.0,2370.0,-2.87,5474.0,644.0,538.4
NLICL,2/25/2014,2370.0,2400.0,2254.0,2330.0,-1.69,5318.0,644.0,538.4
NLICL,2/26/2014,2330.0,2376.0,2261.0,2351.0,0.9,3982.0,644.0,538.4
NLICL,3/3/2014,2351.0,2304.0,2240.0,2300.0,-2.17,21170.0,644.0,538.4
NLICL,3/4/2014,2300.0,2254.0,2166.0,2215.0,-3.7,4418.0,644.0,538.4
NLICL,3/5/2014,2215.0,2344.0,2250.0,2275.0,2.71,5406.0,644.0,538.4
NLICL,3/6/2014,2275.0,2269.0,2206.0,2269.0,-0.26,1643.0,644.0,538.4
NLICL,3/9/2014,2224.0,2224.0,2180.0,2211.0,-2.56,1934.0,644.0,538.4
NLICL,3/10/2014,2211.0,2269.0,2200.0,2269.0,2.62,2822.0,644.0,538.4
NLICL,3/11/2014,2269.0,2234.0,2191.0,2200.0,-3.04,6709.0,644.0,538.4
NLICL,3/12/2014,2200.0,2266.0,2180.0,2200.0,0.0,1142.0,644.0,538.4
NLICL,3/13/2014,2200.0,2249.0,2200.0,2230.0,1.36,1975.0,644.0,538.4
NLICL,3/17/2014,2230.0,2190.0,2105.0,2106.0,-5.56,1873.0,644.0,538.4
NLICL,3/18/2014,2106.0,2090.0,2031.0,2075.0,-1.47,2002.0,644.0,538.4
NLICL,3/19/2014,2075.0,2199.0,2100.0,2199.0,5.98,1581.0,644.0,538.4
NLICL,3/20/2014,2199.0,2300.0,2200.0,2240.0,1.86,5142.0,644.0,538.4
NLICL,3/23/2014,2240.0,2220.0,2200.0,2200.0,-1.79,5181.0,644.0,538.4
NLICL,3/24/2014,2200.0,2346.0,2225.0,2342.0,6.45,3848.0,644.0,538.4
NLICL,3/25/2014,2342.0,2324.0,2290.0,2318.0,-1.02,1910.0,644.0,538.4
NLICL,3/26/2014,2318.0,2332.0,2320.0,2325.0,0.3,2556.0,644.0,538.4
NLICL,3/27/2014,2325.0,2302.0,2285.0,2285.0,-1.72,806.0,644.0,538.4
NLICL,3/31/2014,2285.0,2350.0,2290.0,2315.0,1.31,2804.0,644.0,538.4
NLICL,4/1/2014,2315.0,2430.0,2349.0,2395.0,3.46,6437.0,644.0,538.4
NLICL,4/2/2014,2395.0,2410.0,2340.0,2350.0,-1.88,2078.0,644.0,538.4
NLICL,4/3/2014,2350.0,2365.0,2342.0,2342.0,-0.34,2801.0,644.0,538.4
NLICL,4/6/2014,2342.0,2360.0,2320.0,2350.0,0.34,3494.0,644.0,538.4
NLICL,4/7/2014,2350.0,2400.0,2315.0,2366.0,0.68,5879.0,644.0,538.4
NLICL,4/9/2014,2366.0,2602.0,2400.0,2600.0,9.89,54417.0,644.0,538.4
NLICL,4/10/2014,2600.0,2814.0,2625.0,2666.0,2.54,33424.0,644.0,538.4
NLICL,4/13/2014,2666.0,2690.0,2612.0,2680.0,0.53,12975.0,644.0,538.4
NLICL,4/15/2014,2680.0,2735.0,2675.0,2710.0,1.12,10361.0,644.0,538.4
NLICL,4/16/2014,2710.0,2721.0,2670.0,2670.0,-1.48,10228.0,644.0,538.4
NLICL,4/17/2014,2670.0,2704.0,2674.0,2685.0,0.56,3933.0,644.0,538.4
NLICL,4/20/2014,2685.0,2710.0,2650.0,2656.0,-1.08,6551.0,644.0,538.4
NLICL,4/21/2014,2656.0,2685.0,2635.0,2655.0,-0.04,4078.0,644.0,538.4
NLICL,4/22/2014,2655.0,2730.0,2611.0,2700.0,1.69,7101.0,644.0,538.4
NLICL,4/23/2014,2700.0,2815.0,2700.0,2780.0,2.96,5262.0,644.0,538.4
NLICL,4/27/2014,2780.0,2790.0,2751.0,2790.0,0.36,4550.0,644.0,538.4
NLICL,4/28/2014,2790.0,2860.0,2770.0,2860.0,2.51,5612.0,644.0,538.4
NLICL,4/29/2014,2860.0,2950.0,2803.0,2940.0,2.8,5038.0,644.0,538.4
NLICL,4/30/2014,2940.0,2980.0,2935.0,2953.0,0.44,2922.0,644.0,538.4
NLICL,5/4/2014,2953.0,3150.0,2950.0,3150.0,6.67,14711.0,644.0,538.4
NLICL,5/5/2014,3150.0,3295.0,3040.0,3088.0,-1.97,7031.0,644.0,538.4
NLICL,5/6/2014,3088.0,3080.0,2855.0,3080.0,-0.26,9459.0,644.0,538.4
NLICL,5/7/2014,3080.0,3090.0,3025.0,3074.0,-0.19,13177.0,644.0,538.4
NLICL,5/8/2014,3074.0,3085.0,3000.0,3050.0,-0.78,14654.0,644.0,538.4
NLICL,5/11/2014,3050.0,3150.0,3040.0,3050.0,0.0,9249.0,644.0,538.4
NLICL,5/12/2014,3050.0,3094.0,3000.0,3094.0,1.44,10973.0,644.0,538.4
NLICL,5/13/2014,3094.0,3070.0,3000.0,3026.0,-2.2,13257.0,644.0,538.4
NLICL,5/15/2014,3026.0,3050.0,3000.0,3050.0,0.79,12596.0,644.0,538.4
NLICL,5/18/2014,3050.0,3070.0,3000.0,3000.0,-1.64,9871.0,644.0,538.4
NLICL,5/19/2014,3000.0,3025.0,2990.0,2990.0,-0.33,5116.0,644.0,538.4
NLICL,5/20/2014,2990.0,3069.0,2950.0,3052.0,2.07,36756.0,644.0,538.4
NLICL,5/21/2014,3052.0,3152.0,3050.0,3145.0,3.05,12459.0,644.0,538.4
NLICL,5/22/2014,3145.0,3210.0,3100.0,3150.0,0.16,23746.0,644.0,538.4
NLICL,5/25/2014,3150.0,3194.0,3100.0,3150.0,0.0,38987.0,644.0,538.4
NLICL,5/26/2014,2032.0,2235.0,2072.0,2225.0,-29.37,11624.0,644.0,538.4
NLICL,5/27/2014,2225.0,2269.0,2045.0,2050.0,-7.87,4643.0,644.0,538.4
NLICL,5/28/2014,2050.0,2120.0,2032.0,2120.0,3.41,9832.0,644.0,538.4
NLICL,6/1/2014,2120.0,2190.0,2122.0,2150.0,1.42,1449.0,644.0,538.4
NLICL,6/2/2014,2150.0,2160.0,2140.0,2150.0,0.0,2745.0,644.0,538.4
NLICL,6/3/2014,2150.0,2180.0,2140.0,2180.0,1.4,3189.0,644.0,538.4
NLICL,6/4/2014,2180.0,2165.0,2139.0,2140.0,-1.83,6604.0,644.0,538.4
NLICL,6/5/2014,2140.0,2100.0,2060.0,2060.0,-3.74,117.0,644.0,538.4
NLICL,6/8/2014,2060.0,2139.0,2099.0,2139.0,3.83,1120.0,644.0,538.4
NLICL,6/9/2014,2139.0,2175.0,2090.0,2090.0,-2.29,292.0,644.0,538.4
NLICL,6/10/2014,2090.0,2130.0,2075.0,2090.0,0.0,287.0,644.0,538.4
NLICL,6/11/2014,2090.0,2100.0,2060.0,2060.0,-1.44,424.0,644.0,538.4
NLICL,6/12/2014,2060.0,2060.0,2050.0,2050.0,-0.49,874.0,644.0,538.4
NLICL,6/15/2014,2050.0,2140.0,2090.0,2140.0,4.39,1395.0,644.0,538.4
NLICL,6/16/2014,2140.0,2105.0,2070.0,2070.0,-3.27,782.0,644.0,538.4
NLICL,6/17/2014,2070.0,2142.0,2015.0,2120.0,2.42,1856.0,644.0,538.4
NLICL,6/18/2014,2120.0,2120.0,2060.0,2105.0,-0.71,1722.0,644.0,538.4
NLICL,6/23/2014,2105.0,2090.0,2055.0,2090.0,-0.71,1461.0,644.0,538.4
NLICL,6/24/2014,2090.0,2131.0,2100.0,2100.0,0.48,703.0,644.0,538.4
NLICL,6/25/2014,2100.0,2181.0,2100.0,2181.0,3.86,2094.0,644.0,538.4
NLICL,6/26/2014,2181.0,2224.0,2130.0,2155.0,-1.19,945.0,644.0,538.4
NLICL,6/29/2014,2155.0,2212.0,2140.0,2168.0,0.6,2852.0,644.0,538.4
NLICL,6/30/2014,2168.0,2250.0,2140.0,2207.0,1.8,4360.0,644.0,538.4
NLICL,7/1/2014,2207.0,2400.0,2240.0,2399.0,8.7,3702.0,644.0,538.4
NLICL,7/2/2014,2399.0,2637.0,2446.0,2637.0,9.92,4249.0,644.0,538.4
NLICL,7/3/2014,2637.0,2640.0,2460.0,2530.0,-4.06,4969.0,644.0,538.4
NLICL,7/6/2014,2530.0,2783.0,2561.0,2740.0,8.3,7257.0,644.0,538.4
NLICL,7/7/2014,2740.0,2856.0,2745.0,2745.0,0.18,3533.0,644.0,538.4
NLICL,7/8/2014,2745.0,2798.0,2660.0,2660.0,-3.1,5864.0,644.0,538.4
NLICL,7/9/2014,2660.0,2607.0,2599.0,2599.0,-2.29,406.0,644.0,538.4
NLICL,7/10/2014,2599.0,2600.0,2540.0,2560.0,-1.5,2756.0,644.0,538.4
NLICL,7/13/2014,2560.0,2610.0,2545.0,2549.0,-0.43,2400.0,644.0,538.4
NLICL,7/14/2014,2549.0,2555.0,2485.0,2503.0,-1.8,3676.0,644.0,538.4
NLICL,7/15/2014,2503.0,2565.0,2490.0,2550.0,1.88,15892.0,644.0,538.4
NLICL,7/16/2014,2550.0,2653.0,2599.0,2600.0,1.96,656.0,644.0,538.4
NLICL,7/17/2014,2600.0,2650.0,2540.0,2645.0,1.73,16202.0,644.0,538.4
NLICL,7/20/2014,2645.0,2750.0,2650.0,2697.0,1.97,1797.0,644.0,538.4
NLICL,7/21/2014,2697.0,2655.0,2575.0,2620.0,-2.86,3077.0,644.0,538.4
NLICL,7/22/2014,2620.0,2645.0,2557.0,2600.0,-0.76,4777.0,644.0,538.4
NLICL,7/23/2014,2600.0,2640.0,2600.0,2610.0,0.38,4109.0,644.0,538.4
NLICL,7/24/2014,2610.0,2650.0,2600.0,2620.0,0.38,3188.0,644.0,538.4
NLICL,7/27/2014,2620.0,2620.0,2570.0,2570.0,-1.91,1683.0,644.0,538.4
NLICL,7/28/2014,2570.0,2620.0,2600.0,2600.0,1.17,596.0,644.0,538.4
NLICL,7/30/2014,2600.0,2560.0,2550.0,2552.0,-1.85,2682.0,644.0,538.4
NLICL,7/31/2014,2552.0,2565.0,2530.0,2552.0,0.0,2989.0,644.0,538.4
NLICL,8/3/2014,2552.0,2565.0,2521.0,2525.0,-1.06,3222.0,644.0,538.4
NLICL,8/4/2014,2525.0,2520.0,2444.0,2444.0,-3.21,2453.0,644.0,538.4
NLICL,8/5/2014,2444.0,2535.0,2451.0,2495.0,2.09,1837.0,644.0,538.4
NLICL,8/6/2014,2495.0,2524.0,2490.0,2510.0,0.6,4539.0,644.0,538.4
NLICL,8/7/2014,2510.0,2540.0,2461.0,2540.0,1.2,2597.0,644.0,538.4
NLICL,8/12/2014,2540.0,2505.0,2490.0,2505.0,-1.38,2301.0,644.0,538.4
NLICL,8/13/2014,2505.0,2520.0,2460.0,2500.0,-0.2,1522.0,644.0,538.4
NLICL,8/14/2014,2500.0,2550.0,2498.0,2550.0,2.0,1425.0,644.0,538.4
NLICL,8/18/2014,2550.0,2500.0,2450.0,2465.0,-3.33,5256.0,644.0,538.4
NLICL,8/19/2014,2465.0,2530.0,2450.0,2475.0,0.41,1778.0,644.0,538.4
NLICL,8/20/2014,2475.0,2460.0,2405.0,2405.0,-2.83,3643.0,644.0,538.4
NLICL,8/21/2014,2405.0,2357.0,2205.0,2270.0,-5.61,9179.0,644.0,538.4
NLICL,8/24/2014,2270.0,2250.0,2187.0,2187.0,-3.66,1766.0,644.0,538.4
NLICL,8/25/2014,2187.0,2144.0,1980.0,2000.0,-8.55,784.0,644.0,538.4
NLICL,8/26/2014,2000.0,2085.0,2000.0,2030.0,1.5,3704.0,644.0,538.4
NLICL,8/27/2014,2030.0,2233.0,2070.0,2233.0,10.0,6548.0,644.0,538.4
NLICL,8/28/2014,2233.0,2385.0,2277.0,2322.0,3.99,4345.0,644.0,538.4
NLICL,8/31/2014,2322.0,2305.0,2280.0,2296.0,-1.12,669.0,644.0,538.4
NLICL,9/1/2014,2296.0,2251.0,2150.0,2200.0,-4.18,1702.0,644.0,538.4
NLICL,9/3/2014,2200.0,2249.0,2120.0,2150.0,-2.27,1160.0,644.0,538.4
NLICL,9/4/2014,2150.0,2115.0,2081.0,2100.0,-2.33,1184.0,644.0,538.4
NLICL,9/7/2014,2100.0,2058.0,1930.0,1960.0,-6.67,2452.0,644.0,538.4
NLICL,9/9/2014,1960.0,2150.0,1999.0,2150.0,9.69,1763.0,644.0,538.4
NLICL,9/10/2014,2150.0,2140.0,2021.0,2060.0,-4.19,1664.0,644.0,538.4
NLICL,9/11/2014,2060.0,2050.0,1985.0,2050.0,-0.49,1150.0,644.0,538.4
NLICL,9/14/2014,2050.0,2030.0,2000.0,2000.0,-2.44,2232.0,644.0,538.4
NLICL,9/15/2014,2000.0,2080.0,2000.0,2080.0,4.0,926.0,644.0,538.4
NLICL,9/16/2014,2080.0,2130.0,2060.0,2130.0,2.4,3329.0,644.0,538.4
NLICL,9/17/2014,2130.0,2130.0,2090.0,2100.0,-1.41,996.0,644.0,538.4
NLICL,9/18/2014,2100.0,2100.0,2030.0,2030.0,-3.33,1885.0,644.0,538.4
NLICL,9/21/2014,2030.0,2030.0,1931.0,1950.0,-3.94,1587.0,644.0,538.4
NLICL,9/22/2014,1950.0,1960.0,1933.0,1933.0,-0.87,668.0,644.0,538.4
NLICL,9/23/2014,1933.0,2050.0,1971.0,2030.0,5.02,507.0,644.0,538.4
NLICL,9/24/2014,2030.0,2158.0,2000.0,2158.0,6.31,2281.0,644.0,538.4
NLICL,9/28/2014,2158.0,2141.0,2080.0,2141.0,-0.79,1942.0,644.0,538.4
NLICL,9/29/2014,2141.0,2323.0,2170.0,2275.0,6.26,6164.0,644.0,538.4
NLICL,9/30/2014,2275.0,2320.0,2201.0,2205.0,-3.08,8485.0,644.0,538.4
NLICL,10/8/2014,2205.0,2200.0,2156.0,2156.0,-2.22,966.0,644.0,538.4
NLICL,10/9/2014,2156.0,2190.0,2120.0,2190.0,1.58,1328.0,644.0,538.4
NLICL,10/12/2014,2190.0,2185.0,2140.0,2185.0,-0.23,5285.0,644.0,538.4
NLICL,10/13/2014,2185.0,2204.0,2131.0,2204.0,0.87,3898.0,644.0,538.4
NLICL,10/14/2014,2204.0,2220.0,2167.0,2202.0,-0.09,8218.0,644.0,538.4
NLICL,10/15/2014,2202.0,2325.0,2220.0,2310.0,4.9,8693.0,644.0,538.4
NLICL,10/16/2014,2310.0,2345.0,2270.0,2294.0,-0.69,7118.0,644.0,538.4
NLICL,10/19/2014,2294.0,2337.0,2300.0,2310.0,0.7,3532.0,644.0,538.4
NLICL,10/20/2014,2310.0,2330.0,2283.0,2285.0,-1.08,3013.0,644.0,538.4
NLICL,10/21/2014,2285.0,2302.0,2270.0,2289.0,0.18,3124.0,644.0,538.4
NLICL,10/22/2014,2289.0,2377.0,2290.0,2377.0,3.84,5598.0,644.0,538.4
NLICL,10/26/2014,2377.0,2407.0,2360.0,2395.0,0.76,2424.0,644.0,538.4
NLICL,10/27/2014,2395.0,2465.0,2400.0,2465.0,2.92,5826.0,644.0,538.4
NLICL,10/28/2014,2465.0,2448.0,2370.0,2442.0,-0.93,2596.0,644.0,538.4
NLICL,10/30/2014,2442.0,2415.0,2400.0,2400.0,-1.72,3395.0,644.0,538.4
NLICL,11/2/2014,2400.0,2438.0,2373.0,2373.0,-1.12,2857.0,644.0,538.4
NLICL,11/3/2014,2373.0,2327.0,2255.0,2325.0,-2.02,2123.0,644.0,538.4
NLICL,11/4/2014,2325.0,2280.0,2227.0,2270.0,-2.37,2705.0,644.0,538.4
NLICL,11/5/2014,2270.0,2330.0,2278.0,2290.0,0.88,2080.0,644.0,538.4
NLICL,11/6/2014,2290.0,2292.0,2267.0,2276.0,-0.61,4410.0,644.0,538.4
NLICL,11/9/2014,2276.0,2298.0,2263.0,2263.0,-0.57,1243.0,644.0,538.4
NLICL,11/10/2014,2263.0,2260.0,2220.0,2260.0,-0.13,710.0,644.0,538.4
NLICL,11/11/2014,2260.0,2297.0,2180.0,2290.0,1.33,2102.0,644.0,538.4
NLICL,11/12/2014,2290.0,2250.0,2205.0,2210.0,-3.49,548.0,644.0,538.4
NLICL,11/13/2014,2210.0,2215.0,2175.0,2200.0,-0.45,4002.0,644.0,538.4
NLICL,11/16/2014,2200.0,2165.0,2150.0,2150.0,-2.27,1850.0,644.0,538.4
NLICL,11/17/2014,2150.0,2108.0,2026.0,2061.0,-4.14,1358.0,644.0,538.4
NLICL,11/18/2014,2061.0,2115.0,1980.0,2040.0,-1.02,6470.0,644.0,538.4
NLICL,11/19/2014,2040.0,2111.0,2060.0,2101.0,2.99,1371.0,644.0,538.4
NLICL,11/20/2014,2101.0,2147.0,2100.0,2130.0,1.38,3827.0,644.0,538.4
NLICL,11/23/2014,2130.0,2244.0,2150.0,2194.0,3.0,2668.0,644.0,538.4
NLICL,11/24/2014,2194.0,2175.0,2140.0,2152.0,-1.91,620.0,644.0,538.4
NLICL,11/25/2014,2152.0,2130.0,2058.0,2058.0,-4.37,1008.0,644.0,538.4
NLICL,11/30/2014,2058.0,2120.0,2099.0,2102.0,2.14,1260.0,644.0,538.4
NLICL,12/1/2014,2102.0,2099.0,2075.0,2099.0,-0.14,913.0,644.0,538.4
NLICL,12/2/2014,2099.0,2098.0,2058.0,2098.0,-0.05,1091.0,644.0,538.4
NLICL,12/3/2014,2098.0,2130.0,2095.0,2112.0,0.67,7819.0,644.0,538.4
NLICL,12/4/2014,2112.0,2130.0,2079.0,2079.0,-1.56,3159.0,644.0,538.4
NLICL,12/7/2014,2079.0,2112.0,2060.0,2082.0,0.14,3264.0,644.0,538.4
NLICL,12/8/2014,2082.0,2090.0,2060.0,2066.0,-0.77,2296.0,644.0,538.4
NLICL,12/9/2014,2066.0,2060.0,2005.0,2050.0,-0.77,5463.0,644.0,538.4
NLICL,12/10/2014,2050.0,2110.0,2050.0,2052.0,0.1,2500.0,644.0,538.4
NLICL,12/11/2014,2052.0,2095.0,2015.0,2095.0,2.1,1565.0,644.0,538.4
NLICL,12/14/2014,2095.0,2197.0,2110.0,2197.0,4.87,4872.0,644.0,538.4
NLICL,12/15/2014,2197.0,2244.0,2100.0,2198.0,0.05,1896.0,644.0,538.4
NLICL,12/16/2014,2198.0,2180.0,2155.0,2164.0,-1.55,2740.0,644.0,538.4
NLICL,12/17/2014,2164.0,2175.0,2140.0,2140.0,-1.11,3266.0,644.0,538.4
NLICL,12/18/2014,2140.0,2150.0,2135.0,2150.0,0.47,1697.0,644.0,538.4
NLICL,12/21/2014,2150.0,2145.0,2145.0,2145.0,-0.23,200.0,644.0,538.4
NLICL,12/22/2014,2145.0,2185.0,2117.0,2117.0,-1.31,1477.0,644.0,538.4
NLICL,12/23/2014,2117.0,2100.0,2080.0,2082.0,-1.65,1917.0,644.0,538.4
NLICL,12/24/2014,2082.0,2130.0,2075.0,2130.0,2.31,1861.0,644.0,538.4
NLICL,12/28/2014,2130.0,2200.0,2150.0,2150.0,0.94,2379.0,644.0,538.4
NLICL,12/29/2014,2150.0,2160.0,2108.0,2153.0,0.14,3165.0,644.0,538.4
NLICL,12/31/2014,2153.0,2164.0,2145.0,2151.0,-0.09,885.0,644.0,538.4
NLICL,1/1/2015,2151.0,2189.0,2173.0,2182.0,1.44,2659.0,644.0,538.4
NLICL,1/4/2015,2182.0,2250.0,2180.0,2243.0,2.8,4702.0,644.0,538.4
NLICL,1/5/2015,2243.0,2300.0,2225.0,2255.0,0.53,6331.0,644.0,538.4
NLICL,1/6/2015,2255.0,2270.0,2215.0,2240.0,-0.67,5391.0,644.0,538.4
NLICL,1/7/2015,2240.0,2305.0,2230.0,2290.0,2.23,8309.0,644.0,538.4
NLICL,1/8/2015,2290.0,2380.0,2295.0,2350.0,2.62,5153.0,644.0,538.4
NLICL,1/11/2015,2350.0,2432.0,2350.0,2432.0,3.49,12006.0,644.0,538.4
NLICL,1/12/2015,2432.0,2400.0,2341.0,2395.0,-1.52,5228.0,644.0,538.4
NLICL,1/13/2015,2395.0,2450.0,2395.0,2450.0,2.3,8239.0,644.0,538.4
NLICL,1/14/2015,2450.0,2480.0,2445.0,2450.0,0.0,10468.0,644.0,538.4
NLICL,1/18/2015,2450.0,2474.0,2450.0,2450.0,0.0,3345.0,644.0,538.4
NLICL,1/19/2015,2450.0,2580.0,2455.0,2475.0,1.02,10325.0,644.0,538.4
NLICL,1/20/2015,2475.0,2485.0,2380.0,2400.0,-3.03,5293.0,644.0,538.4
NLICL,1/22/2015,2400.0,2440.0,2395.0,2429.0,1.21,5721.0,644.0,538.4
NLICL,1/25/2015,2429.0,2455.0,2386.0,2450.0,0.86,3873.0,644.0,538.4
NLICL,1/26/2015,2450.0,2455.0,2415.0,2436.0,-0.57,4254.0,644.0,538.4
NLICL,1/27/2015,2436.0,2433.0,2402.0,2409.0,-1.11,5374.0,644.0,538.4
NLICL,1/28/2015,2409.0,2445.0,2420.0,2435.0,1.08,2674.0,644.0,538.4
NLICL,1/29/2015,2435.0,2452.0,2422.0,2452.0,0.7,2628.0,644.0,538.4
NLICL,2/1/2015,2452.0,2445.0,2440.0,2440.0,-0.49,856.0,644.0,538.4
NLICL,2/2/2015,2440.0,2456.0,2415.0,2430.0,-0.41,3437.0,644.0,538.4
NLICL,2/3/2015,2430.0,2440.0,2422.0,2437.0,0.29,1249.0,644.0,538.4
NLICL,2/4/2015,2437.0,2439.0,2400.0,2439.0,0.08,5107.0,644.0,538.4
NLICL,2/5/2015,2439.0,2440.0,2421.0,2440.0,0.04,756.0,644.0,538.4
NLICL,2/8/2015,2440.0,2450.0,2400.0,2450.0,0.41,5770.0,644.0,538.4
NLICL,2/9/2015,2450.0,2455.0,2430.0,2449.0,-0.04,4332.0,644.0,538.4
NLICL,2/10/2015,2449.0,2449.0,2439.0,2439.0,-0.41,378.0,644.0,538.4
NLICL,2/11/2015,2439.0,2432.0,2410.0,2420.0,-0.78,1796.0,644.0,538.4
NLICL,2/12/2015,2420.0,2440.0,2425.0,2431.0,0.45,1768.0,644.0,538.4
NLICL,2/15/2015,2431.0,2530.0,2402.0,2520.0,3.66,7860.0,644.0,538.4
NLICL,2/16/2015,2520.0,2540.0,2500.0,2530.0,0.4,9634.0,644.0,538.4
NLICL,2/18/2015,2530.0,2555.0,2520.0,2530.0,0.0,4574.0,644.0,538.4
NLICL,2/22/2015,2530.0,2538.0,2502.0,2510.0,-0.79,3996.0,644.0,538.4
NLICL,2/23/2015,2510.0,2535.0,2480.0,2525.0,0.6,3877.0,644.0,538.4
NLICL,2/24/2015,2525.0,2520.0,2501.0,2501.0,-0.95,892.0,644.0,538.4
NLICL,2/25/2015,2501.0,2520.0,2500.0,2519.0,0.72,1724.0,644.0,538.4
NLICL,2/26/2015,2519.0,2525.0,2500.0,2502.0,-0.67,721.0,644.0,538.4
NLICL,3/1/2015,2502.0,2540.0,2515.0,2525.0,0.92,3190.0,644.0,538.4
NLICL,3/2/2015,2525.0,2549.0,2545.0,2549.0,0.95,1306.0,644.0,538.4
NLICL,3/3/2015,2549.0,2539.0,2464.0,2465.0,-3.3,9086.0,644.0,538.4
NLICL,3/4/2015,2465.0,2490.0,2448.0,2449.0,-0.65,5766.0,644.0,538.4
NLICL,3/9/2015,2449.0,2465.0,2415.0,2445.0,-0.16,3638.0,644.0,538.4
NLICL,3/10/2015,2445.0,2460.0,2400.0,2430.0,-0.61,7551.0,644.0,538.4
NLICL,3/11/2015,2430.0,2415.0,2390.0,2407.0,-0.95,2240.0,644.0,538.4
NLICL,3/12/2015,2407.0,2407.0,2360.0,2370.0,-1.54,2987.0,644.0,538.4
NLICL,3/15/2015,2370.0,2360.0,2320.0,2320.0,-2.11,1069.0,644.0,538.4
NLICL,3/16/2015,2320.0,2325.0,2276.0,2287.0,-1.42,8498.0,644.0,538.4
NLICL,3/17/2015,2287.0,2311.0,2280.0,2305.0,0.79,11295.0,644.0,538.4
NLICL,3/18/2015,2305.0,2305.0,2280.0,2300.0,-0.22,2889.0,644.0,538.4
NLICL,3/19/2015,2300.0,2323.0,2300.0,2315.0,0.65,5537.0,644.0,538.4
NLICL,3/22/2015,2315.0,2330.0,2280.0,2280.0,-1.51,1896.0,644.0,538.4
NLICL,3/23/2015,2280.0,2260.0,2244.0,2246.0,-1.49,1582.0,644.0,538.4
NLICL,3/24/2015,2246.0,2246.0,2231.0,2231.0,-0.67,803.0,644.0,538.4
NLICL,3/25/2015,2231.0,2275.0,2250.0,2250.0,0.85,1035.0,644.0,538.4
NLICL,3/26/2015,2250.0,2280.0,2250.0,2270.0,0.89,1305.0,644.0,538.4
NLICL,3/29/2015,2270.0,2340.0,2250.0,2340.0,3.08,3590.0,644.0,538.4
NLICL,3/30/2015,2340.0,2294.0,2255.0,2265.0,-3.21,1184.0,644.0,538.4
NLICL,3/31/2015,2265.0,2261.0,2252.0,2252.0,-0.57,557.0,644.0,538.4
NLICL,4/1/2015,2252.0,2270.0,2243.0,2250.0,-0.09,2061.0,644.0,538.4
NLICL,4/2/2015,2250.0,2260.0,2260.0,2260.0,0.44,30.0,644.0,538.4
NLICL,4/5/2015,2260.0,2250.0,2220.0,2249.0,-0.49,1426.0,644.0,538.4
NLICL,4/6/2015,2249.0,2245.0,2230.0,2230.0,-0.84,3416.0,644.0,538.4
NLICL,4/7/2015,2230.0,2240.0,2222.0,2222.0,-0.36,2216.0,644.0,538.4
NLICL,4/8/2015,2222.0,2235.0,2210.0,2210.0,-0.54,1940.0,644.0,538.4
NLICL,4/9/2015,2210.0,2219.0,2202.0,2214.0,0.18,2183.0,644.0,538.4
NLICL,4/12/2015,2214.0,2230.0,2190.0,2200.0,-0.63,17287.0,644.0,538.4
NLICL,4/13/2015,2200.0,2204.0,2195.0,2200.0,0.0,2327.0,644.0,538.4
NLICL,4/15/2015,2200.0,2209.0,2190.0,2209.0,0.41,974.0,644.0,538.4
NLICL,4/16/2015,2209.0,2230.0,2183.0,2230.0,0.95,1301.0,644.0,538.4
NLICL,4/19/2015,2230.0,2222.0,2200.0,2200.0,-1.35,8094.0,644.0,538.4
NLICL,4/20/2015,2200.0,2210.0,2191.0,2200.0,0.0,1957.0,644.0,538.4
NLICL,4/21/2015,2200.0,2225.0,2152.0,2152.0,-2.18,4995.0,644.0,538.4
NLICL,4/22/2015,2152.0,2190.0,2150.0,2150.0,-0.09,6861.0,644.0,538.4
NLICL,4/23/2015,2150.0,2201.0,2149.0,2201.0,2.37,9464.0,644.0,538.4
NLICL,5/31/2015,1693.0,1750.0,1726.0,1750.0,-20.49,132.0,644.0,538.4
NLICL,6/1/2015,1750.0,1740.0,1595.0,1626.0,-7.09,1801.0,644.0,538.4
NLICL,6/2/2015,1626.0,1670.0,1595.0,1660.0,2.09,3583.0,644.0,538.4
NLICL,6/3/2015,1660.0,1810.0,1690.0,1799.0,8.37,9651.0,644.0,538.4
NLICL,6/4/2015,1799.0,1858.0,1800.0,1805.0,0.33,4096.0,644.0,538.4
NLICL,6/7/2015,1805.0,1828.0,1799.0,1820.0,0.83,4352.0,644.0,538.4
NLICL,6/8/2015,1820.0,1826.0,1800.0,1826.0,0.33,3246.0,644.0,538.4
NLICL,6/9/2015,1826.0,1960.0,1862.0,1921.0,5.2,634.0,644.0,538.4
NLICL,6/10/2015,1921.0,1900.0,1885.0,1885.0,-1.87,382.0,644.0,538.4
NLICL,6/11/2015,1885.0,1848.0,1790.0,1790.0,-5.04,354.0,644.0,538.4
NLICL,6/14/2015,1790.0,1780.0,1720.0,1720.0,-3.91,1850.0,644.0,538.4
NLICL,6/15/2015,1720.0,1738.0,1715.0,1715.0,-0.29,2173.0,644.0,538.4
NLICL,6/16/2015,1715.0,1720.0,1715.0,1715.0,0.0,500.0,644.0,538.4
NLICL,6/18/2015,1715.0,1707.0,1691.0,1692.0,-1.34,1767.0,644.0,538.4
NLICL,6/21/2015,1692.0,1690.0,1690.0,1690.0,-0.12,139.0,644.0,538.4
NLICL,6/22/2015,1690.0,1740.0,1700.0,1700.0,0.59,1471.0,644.0,538.4
NLICL,6/23/2015,1700.0,1800.0,1734.0,1760.0,3.53,3137.0,644.0,538.4
NLICL,6/24/2015,1760.0,1770.0,1750.0,1760.0,0.0,1930.0,644.0,538.4
NLICL,6/25/2015,1760.0,1765.0,1740.0,1740.0,-1.14,3222.0,644.0,538.4
NLICL,6/28/2015,1740.0,1860.0,1770.0,1860.0,6.9,9945.0,644.0,538.4
NLICL,6/29/2015,1860.0,1930.0,1880.0,1900.0,2.15,18086.0,644.0,538.4
NLICL,6/30/2015,1900.0,1925.0,1875.0,1916.0,0.84,5541.0,644.0,538.4
NLICL,7/1/2015,1916.0,1954.0,1878.0,1885.0,-1.62,10301.0,644.0,538.4
NLICL,7/2/2015,1885.0,1875.0,1850.0,1854.0,-1.64,3540.0,644.0,538.4
NLICL,7/5/2015,1854.0,1869.0,1825.0,1833.0,-1.13,2840.0,644.0,538.4
NLICL,7/6/2015,1833.0,1828.0,1820.0,1821.0,-0.65,2311.0,644.0,538.4
NLICL,7/7/2015,1821.0,1824.0,1800.0,1806.0,-0.82,2301.0,644.0,538.4
NLICL,7/8/2015,1806.0,1821.0,1820.0,1820.0,0.78,550.0,644.0,538.4
NLICL,7/9/2015,1820.0,1854.0,1815.0,1820.0,0.0,2481.0,644.0,538.4
NLICL,7/12/2015,1820.0,1827.0,1819.0,1822.0,0.11,26015.0,644.0,538.4
NLICL,7/13/2015,1822.0,1822.0,1812.0,1816.0,-0.33,2314.0,644.0,538.4
NLICL,7/14/2015,1816.0,1830.0,1796.0,1820.0,0.22,2135.0,644.0,538.4
NLICL,7/15/2015,1820.0,1846.0,1815.0,1840.0,1.1,7684.0,644.0,538.4
NLICL,7/16/2015,1840.0,1840.0,1820.0,1840.0,0.0,1998.0,644.0,538.4
NLICL,7/22/2015,1840.0,1865.0,1840.0,1865.0,1.36,26076.0,644.0,538.4
NLICL,7/23/2015,1865.0,1902.0,1860.0,1890.0,1.34,4787.0,644.0,538.4
NLICL,7/26/2015,1890.0,1938.0,1900.0,1938.0,2.54,1250.0,644.0,538.4
NLICL,7/27/2015,1938.0,1951.0,1862.0,1895.0,-2.22,6497.0,644.0,538.4
NLICL,7/28/2015,1895.0,1890.0,1841.0,1868.0,-1.42,4543.0,644.0,538.4
NLICL,7/29/2015,1868.0,1875.0,1853.0,1865.0,-0.16,3139.0,644.0,538.4
NLICL,7/30/2015,1865.0,1890.0,1876.0,1889.0,1.29,1292.0,644.0,538.4
NLICL,8/2/2015,1889.0,1899.0,1885.0,1899.0,0.53,90.0,644.0,538.4
NLICL,8/3/2015,1899.0,1898.0,1875.0,1898.0,-0.05,3345.0,644.0,538.4
NLICL,8/4/2015,1898.0,1921.0,1899.0,1919.0,1.11,10551.0,644.0,538.4
NLICL,8/5/2015,1919.0,1980.0,1905.0,1980.0,3.18,9966.0,644.0,538.4
NLICL,8/6/2015,1980.0,2059.0,1995.0,2015.0,1.77,12980.0,644.0,538.4
NLICL,8/9/2015,2015.0,2110.0,2055.0,2088.0,3.62,3880.0,644.0,538.4
NLICL,8/10/2015,2088.0,2150.0,2087.0,2150.0,2.97,6827.0,644.0,538.4
NLICL,8/11/2015,2150.0,2150.0,2090.0,2099.0,-2.37,3153.0,644.0,538.4
NLICL,8/12/2015,2099.0,2111.0,2080.0,2111.0,0.57,3554.0,644.0,538.4
NLICL,8/13/2015,2111.0,2135.0,2100.0,2130.0,0.9,6479.0,644.0,538.4
NLICL,8/16/2015,2130.0,2130.0,2100.0,2115.0,-0.7,2018.0,644.0,538.4
NLICL,8/17/2015,2115.0,2120.0,2024.0,2120.0,0.24,6773.0,644.0,538.4
NLICL,8/18/2015,2120.0,2121.0,2080.0,2121.0,0.05,8358.0,644.0,538.4
NLICL,8/19/2015,2121.0,2120.0,2090.0,2120.0,-0.05,4503.0,644.0,538.4
NLICL,8/20/2015,2120.0,2165.0,2121.0,2130.0,0.47,6116.0,644.0,538.4
NLICL,8/23/2015,2130.0,2155.0,2040.0,2145.0,0.7,4940.0,644.0,538.4
NLICL,8/24/2015,2145.0,2230.0,2175.0,2180.0,1.63,7058.0,644.0,538.4
NLICL,8/25/2015,2180.0,2190.0,2145.0,2180.0,0.0,6587.0,644.0,538.4
NLICL,8/26/2015,2180.0,2200.0,2150.0,2185.0,0.23,7646.0,644.0,538.4
NLICL,8/27/2015,2185.0,2300.0,2199.0,2294.0,4.99,29540.0,644.0,538.4
NLICL,8/31/2015,2294.0,2523.0,2339.0,2523.0,9.98,26534.0,644.0,538.4
NLICL,9/1/2015,2523.0,2631.0,2430.0,2465.0,-2.3,13389.0,644.0,538.4
NLICL,9/2/2015,2465.0,2438.0,2326.0,2390.0,-3.04,10778.0,644.0,538.4
NLICL,9/3/2015,2390.0,2420.0,2288.0,2299.0,-3.81,6982.0,644.0,538.4
NLICL,9/6/2015,2299.0,2400.0,2220.0,2330.0,1.35,4651.0,644.0,538.4
NLICL,9/7/2015,2330.0,2365.0,2290.0,2312.0,-0.77,12145.0,644.0,538.4
NLICL,9/8/2015,2312.0,2370.0,2310.0,2318.0,0.26,4410.0,644.0,538.4
NLICL,9/9/2015,2318.0,2325.0,2300.0,2309.0,-0.39,11139.0,644.0,538.4
NLICL,9/10/2015,2309.0,2300.0,2276.0,2285.0,-1.04,5543.0,644.0,538.4
NLICL,9/13/2015,2285.0,2335.0,2270.0,2335.0,2.19,10152.0,644.0,538.4
NLICL,9/14/2015,2335.0,2352.0,2300.0,2309.0,-1.11,14253.0,644.0,538.4
NLICL,9/15/2015,2309.0,2401.0,2275.0,2399.0,3.9,27359.0,644.0,538.4
NLICL,9/16/2015,2399.0,2410.0,2305.0,2350.0,-2.04,10409.0,644.0,538.4
NLICL,9/17/2015,2350.0,2375.0,2340.0,2340.0,-0.43,13444.0,644.0,538.4
NLICL,9/22/2015,2340.0,2330.0,2226.0,2226.0,-4.87,4041.0,644.0,538.4
NLICL,9/23/2015,2226.0,2315.0,2270.0,2300.0,3.32,6876.0,644.0,538.4
NLICL,9/24/2015,2300.0,2320.0,2285.0,2300.0,0.0,5001.0,644.0,538.4
NLICL,9/28/2015,2300.0,2272.0,2200.0,2249.0,-2.22,9517.0,644.0,538.4
NLICL,9/29/2015,2249.0,2270.0,2240.0,2270.0,0.93,7058.0,644.0,538.4
NLICL,9/30/2015,2270.0,2319.0,2299.0,2305.0,1.54,1734.0,644.0,538.4
NLICL,10/1/2015,2305.0,2274.0,2255.0,2272.0,-1.43,4104.0,644.0,538.4
NLICL,10/4/2015,2272.0,2325.0,2283.0,2297.0,1.1,4849.0,644.0,538.4
NLICL,10/5/2015,2297.0,2330.0,2290.0,2330.0,1.44,3006.0,644.0,538.4
NLICL,10/6/2015,2330.0,2300.0,2275.0,2285.0,-1.93,954.0,644.0,538.4
NLICL,10/7/2015,2285.0,2280.0,2200.0,2240.0,-1.97,2606.0,644.0,538.4
NLICL,10/8/2015,2240.0,2270.0,2222.0,2269.0,1.29,4745.0,644.0,538.4
NLICL,10/11/2015,2269.0,2235.0,2200.0,2235.0,-1.5,1774.0,644.0,538.4
NLICL,10/14/2015,2235.0,2230.0,2200.0,2230.0,-0.22,3571.0,644.0,538.4
NLICL,10/15/2015,2230.0,2224.0,2200.0,2224.0,-0.27,5471.0,644.0,538.4
NLICL,10/18/2015,2224.0,2228.0,2205.0,2228.0,0.18,1176.0,644.0,538.4
NLICL,10/19/2015,2228.0,2250.0,2207.0,2250.0,0.99,2725.0,644.0,538.4
NLICL,10/25/2015,2250.0,2215.0,2200.0,2215.0,-1.56,1114.0,644.0,538.4
NLICL,10/27/2015,2215.0,2200.0,2150.0,2161.0,-2.44,3504.0,644.0,538.4
NLICL,10/28/2015,2161.0,2145.0,2011.0,2110.0,-2.36,10881.0,644.0,538.4
NLICL,10/29/2015,2110.0,2160.0,2067.0,2101.0,-0.43,6194.0,644.0,538.4
NLICL,11/1/2015,2101.0,2090.0,2011.0,2064.0,-1.76,3189.0,644.0,538.4
NLICL,11/2/2015,2064.0,2135.0,2092.0,2095.0,1.5,5138.0,644.0,538.4
NLICL,11/3/2015,2095.0,2099.0,2065.0,2099.0,0.19,2599.0,644.0,538.4
NLICL,11/4/2015,2099.0,2125.0,2092.0,2116.0,0.81,2130.0,644.0,538.4
NLICL,11/5/2015,2116.0,2111.0,2085.0,2100.0,-0.76,2750.0,644.0,538.4
NLICL,11/8/2015,2100.0,2115.0,2087.0,2100.0,0.0,3816.0,644.0,538.4
NLICL,11/9/2015,2100.0,2183.0,2136.0,2154.0,2.57,6428.0,644.0,538.4
NLICL,11/10/2015,2154.0,2190.0,2120.0,2190.0,1.67,1536.0,644.0,538.4
NLICL,11/15/2015,2190.0,2147.0,2125.0,2135.0,-2.51,802.0,644.0,538.4
NLICL,11/16/2015,2135.0,2130.0,2100.0,2130.0,-0.23,4233.0,644.0,538.4
NLICL,11/18/2015,2130.0,2150.0,2125.0,2135.0,0.23,2333.0,644.0,538.4
NLICL,11/19/2015,2135.0,2132.0,2100.0,2132.0,-0.14,4466.0,644.0,538.4
NLICL,11/22/2015,2132.0,2090.0,2067.0,2070.0,-2.91,3126.0,644.0,538.4
NLICL,11/23/2015,2070.0,2090.0,2029.0,2070.0,0.0,4642.0,644.0,538.4
NLICL,11/24/2015,2070.0,2079.0,2040.0,2051.0,-0.92,2738.0,644.0,538.4
NLICL,11/25/2015,2051.0,2060.0,2010.0,2060.0,0.44,2670.0,644.0,538.4
NLICL,11/26/2015,2060.0,2060.0,2020.0,2023.0,-1.8,7935.0,644.0,538.4
NLICL,11/29/2015,2023.0,2025.0,1991.0,1992.0,-1.53,14840.0,644.0,538.4
NLICL,11/30/2015,1992.0,2057.0,2007.0,2030.0,1.91,5069.0,644.0,538.4
NLICL,12/1/2015,2030.0,2114.0,2055.0,2110.0,3.94,3516.0,644.0,538.4
NLICL,12/2/2015,2110.0,2068.0,2030.0,2068.0,-1.99,431.0,644.0,538.4
NLICL,12/3/2015,2068.0,2193.0,2010.0,2103.0,1.69,7582.0,644.0,538.4
NLICL,12/6/2015,2103.0,2180.0,2115.0,2180.0,3.66,8552.0,644.0,538.4
NLICL,12/7/2015,2180.0,2233.0,2180.0,2190.0,0.46,4786.0,644.0,538.4
NLICL,12/8/2015,2190.0,2215.0,2175.0,2215.0,1.14,5914.0,644.0,538.4
NLICL,12/9/2015,2215.0,2260.0,2222.0,2250.0,1.58,4055.0,644.0,538.4
NLICL,12/10/2015,2250.0,2300.0,2255.0,2262.0,0.53,7134.0,644.0,538.4
NLICL,12/13/2015,2262.0,2290.0,2270.0,2270.0,0.35,6864.0,644.0,538.4
NLICL,12/14/2015,2270.0,2274.0,2245.0,2274.0,0.18,5112.0,644.0,538.4
NLICL,12/15/2015,2274.0,2412.0,2318.0,2350.0,3.34,18941.0,644.0,538.4
NLICL,12/16/2015,2350.0,2375.0,2311.0,2330.0,-0.85,13874.0,644.0,538.4
NLICL,12/17/2015,2330.0,2351.0,2305.0,2311.0,-0.82,8979.0,644.0,538.4
NLICL,12/20/2015,2311.0,2330.0,2300.0,2330.0,0.82,7467.0,644.0,538.4
NLICL,12/21/2015,2330.0,2348.0,2310.0,2348.0,0.77,4393.0,644.0,538.4
NLICL,12/22/2015,2348.0,2370.0,2303.0,2369.0,0.89,8607.0,644.0,538.4
NLICL,12/23/2015,2369.0,2362.0,2350.0,2350.0,-0.8,7805.0,644.0,538.4
NLICL,12/24/2015,2350.0,2368.0,2350.0,2360.0,0.43,8185.0,644.0,538.4
NLICL,12/27/2015,2360.0,2366.0,2335.0,2346.0,-0.59,7788.0,644.0,538.4
NLICL,12/28/2015,2346.0,2387.0,2340.0,2387.0,1.75,9993.0,644.0,538.4
NLICL,12/29/2015,2387.0,2401.0,2386.0,2399.0,0.5,14058.0,644.0,538.4
NLICL,12/31/2015,2399.0,2479.0,2420.0,2440.0,1.71,18106.0,644.0,538.4
NLICL,1/3/2016,2440.0,2550.0,2480.0,2550.0,4.51,19013.0,644.0,538.4
NLICL,1/4/2016,2550.0,2630.0,2500.0,2526.0,-0.94,9181.0,644.0,538.4
NLICL,1/5/2016,2526.0,2501.0,2430.0,2452.0,-2.93,9638.0,644.0,538.4
NLICL,1/6/2016,2452.0,2450.0,2420.0,2438.0,-0.57,7645.0,644.0,538.4
NLICL,1/7/2016,2438.0,2530.0,2450.0,2485.0,1.93,14692.0,644.0,538.4
NLICL,1/10/2016,2485.0,2485.0,2436.0,2440.0,-1.81,3585.0,644.0,538.4
NLICL,1/11/2016,2440.0,2470.0,2436.0,2460.0,0.82,12107.0,644.0,538.4
NLICL,1/12/2016,2460.0,2510.0,2450.0,2467.0,0.28,8946.0,644.0,538.4
NLICL,1/13/2016,2467.0,2713.0,2516.0,2713.0,9.97,9762.0,644.0,538.4
NLICL,1/14/2016,2713.0,2750.0,2594.0,2594.0,-4.39,1400.0,644.0,538.4
NLICL,1/17/2016,2594.0,2660.0,2620.0,2620.0,1.0,3022.0,644.0,538.4
NLICL,1/18/2016,2620.0,2620.0,2570.0,2595.0,-0.95,4290.0,644.0,538.4
NLICL,1/19/2016,2595.0,2600.0,2520.0,2594.0,-0.04,5358.0,644.0,538.4
NLICL,1/20/2016,2594.0,2600.0,2544.0,2550.0,-1.7,5351.0,644.0,538.4
NLICL,1/21/2016,2550.0,2575.0,2530.0,2560.0,0.39,4444.0,644.0,538.4
NLICL,1/24/2016,2560.0,2589.0,2560.0,2580.0,0.78,4758.0,644.0,538.4
NLICL,1/25/2016,2580.0,2575.0,2562.0,2566.0,-0.54,3851.0,644.0,538.4
NLICL,1/26/2016,2566.0,2570.0,2560.0,2565.0,-0.04,2240.0,644.0,538.4
NLICL,1/27/2016,2565.0,2580.0,2559.0,2565.0,0.0,15483.0,644.0,538.4
NLICL,1/28/2016,2565.0,2600.0,2565.0,2585.0,0.78,10057.0,644.0,538.4
NLICL,1/31/2016,2585.0,2605.0,2585.0,2600.0,0.58,6824.0,644.0,538.4
NLICL,2/1/2016,2600.0,2655.0,2601.0,2629.0,1.12,2992.0,644.0,538.4
NLICL,2/2/2016,2629.0,2681.0,2650.0,2667.0,1.45,2896.0,644.0,538.4
NLICL,2/3/2016,2667.0,2655.0,2640.0,2641.0,-0.97,3459.0,644.0,538.4
NLICL,2/4/2016,2641.0,2679.0,2589.0,2640.0,-0.04,6926.0,644.0,538.4
NLICL,2/7/2016,2640.0,2652.0,2600.0,2621.0,-0.72,4951.0,644.0,538.4
NLICL,2/8/2016,2621.0,2660.0,2645.0,2645.0,0.92,600.0,644.0,538.4
NLICL,2/11/2016,2645.0,2622.0,2590.0,2605.0,-1.51,4428.0,644.0,538.4
NLICL,2/14/2016,2605.0,2643.0,2595.0,2595.0,-0.38,4046.0,644.0,538.4
NLICL,2/15/2016,2595.0,2615.0,2555.0,2595.0,0.0,4580.0,644.0,538.4
NLICL,2/16/2016,2595.0,2625.0,2602.0,2625.0,1.16,4778.0,644.0,538.4
NLICL,2/17/2016,2625.0,2699.0,2620.0,2670.0,1.71,5421.0,644.0,538.4
NLICL,2/18/2016,2670.0,2690.0,2670.0,2680.0,0.37,6483.0,644.0,538.4
NLICL,2/21/2016,2680.0,2700.0,2660.0,2665.0,-0.56,2560.0,644.0,538.4
NLICL,2/22/2016,2665.0,2710.0,2650.0,2710.0,1.69,13489.0,644.0,538.4
NLICL,2/23/2016,2710.0,2705.0,2635.0,2650.0,-2.21,1841.0,644.0,538.4
NLICL,2/24/2016,2650.0,2650.0,2621.0,2650.0,0.0,2702.0,644.0,538.4
NLICL,2/25/2016,2650.0,2660.0,2625.0,2659.0,0.34,3606.0,644.0,538.4
NLICL,2/28/2016,2659.0,2645.0,2615.0,2620.0,-1.47,1000.0,644.0,538.4
NLICL,2/29/2016,2620.0,2648.0,2620.0,2640.0,0.76,4770.0,644.0,538.4
NLICL,3/1/2016,2640.0,2640.0,2625.0,2635.0,-0.19,2021.0,644.0,538.4
NLICL,3/2/2016,2635.0,2660.0,2640.0,2640.0,0.19,2386.0,644.0,538.4
NLICL,3/3/2016,2640.0,2655.0,2620.0,2640.0,0.0,1683.0,644.0,538.4
NLICL,3/6/2016,2640.0,2645.0,2615.0,2618.0,-0.83,4667.0,644.0,538.4
NLICL,3/10/2016,2618.0,2723.0,2547.0,2695.0,2.94,19710.0,644.0,538.4
NLICL,3/13/2016,2695.0,2740.0,2686.0,2730.0,1.3,11107.0,644.0,538.4
NLICL,3/14/2016,2730.0,2784.0,2695.0,2696.0,-1.25,5288.0,644.0,538.4
NLICL,3/15/2016,2696.0,2690.0,2650.0,2680.0,-0.59,720.0,644.0,538.4
NLICL,3/16/2016,2680.0,2700.0,2671.0,2671.0,-0.34,3296.0,644.0,538.4
NLICL,3/17/2016,2671.0,2755.0,2695.0,2720.0,1.83,11778.0,644.0,538.4
NLICL,3/20/2016,2720.0,2848.0,2760.0,2800.0,2.94,11505.0,644.0,538.4
NLICL,3/21/2016,2800.0,2870.0,2780.0,2780.0,-0.71,10410.0,644.0,538.4
NLICL,3/23/2016,2780.0,2780.0,2735.0,2735.0,-1.62,3038.0,644.0,538.4
NLICL,3/24/2016,2735.0,2780.0,2750.0,2760.0,0.91,8331.0,644.0,538.4
NLICL,3/27/2016,2760.0,2740.0,2716.0,2725.0,-1.27,1734.0,644.0,538.4
NLICL,3/28/2016,2725.0,2750.0,2709.0,2725.0,0.0,2456.0,644.0,538.4
NLICL,3/29/2016,2725.0,2714.0,2695.0,2714.0,-0.4,6106.0,644.0,538.4
NLICL,3/30/2016,2714.0,2700.0,2665.0,2680.0,-1.25,3936.0,644.0,538.4
NLICL,3/31/2016,2680.0,2700.0,2660.0,2700.0,0.75,3121.0,644.0,538.4
NLICL,4/3/2016,2700.0,2686.0,2655.0,2665.0,-1.3,5414.0,644.0,538.4
NLICL,4/4/2016,2665.0,2685.0,2600.0,2675.0,0.38,5332.0,644.0,538.4
NLICL,4/5/2016,2675.0,2700.0,2661.0,2670.0,-0.19,8982.0,644.0,538.4
NLICL,4/6/2016,2670.0,2700.0,2662.0,2673.0,0.11,2886.0,644.0,538.4
NLICL,4/10/2016,2673.0,2700.0,2663.0,2670.0,-0.11,6261.0,644.0,538.4
NLICL,4/11/2016,2670.0,2685.0,2668.0,2670.0,0.0,7612.0,644.0,538.4
NLICL,4/12/2016,2670.0,2680.0,2617.0,2680.0,0.37,2894.0,644.0,538.4
NLICL,4/14/2016,2680.0,2730.0,2680.0,2705.0,0.93,968.0,644.0,538.4
NLICL,4/17/2016,2705.0,2700.0,2690.0,2691.0,-0.52,6622.0,644.0,538.4
NLICL,4/18/2016,2691.0,2744.0,2681.0,2699.0,0.3,5732.0,644.0,538.4
NLICL,4/19/2016,2699.0,2750.0,2690.0,2700.0,0.04,3389.0,644.0,538.4
NLICL,4/20/2016,2700.0,2698.0,2688.0,2690.0,-0.37,1683.0,644.0,538.4
NLICL,4/21/2016,2690.0,2722.0,2690.0,2700.0,0.37,6388.0,644.0,538.4
NLICL,4/24/2016,2700.0,2700.0,2670.0,2680.0,-0.74,3925.0,644.0,538.4
NLICL,4/25/2016,2680.0,2702.0,2680.0,2691.0,0.41,3925.0,644.0,538.4
NLICL,4/26/2016,2691.0,2705.0,2680.0,2690.0,-0.04,3936.0,644.0,538.4
NLICL,4/27/2016,2690.0,2680.0,2675.0,2680.0,-0.37,5750.0,644.0,538.4
NLICL,4/28/2016,2680.0,2690.0,2650.0,2670.0,-0.37,9577.0,644.0,538.4
NLICL,5/2/2016,2670.0,2810.0,2670.0,2810.0,5.24,3682.0,644.0,538.4
NLICL,5/3/2016,2810.0,2819.0,2739.0,2750.0,-2.14,5871.0,644.0,538.4
NLICL,5/4/2016,2750.0,2750.0,2700.0,2720.0,-1.09,3409.0,644.0,538.4
NLICL,5/5/2016,2720.0,2750.0,2666.0,2750.0,1.1,4234.0,644.0,538.4
NLICL,5/8/2016,2750.0,2730.0,2700.0,2715.0,-1.27,5730.0,644.0,538.4
NLICL,5/9/2016,2715.0,2790.0,2725.0,2740.0,0.92,9653.0,644.0,538.4
NLICL,5/10/2016,2740.0,2794.0,2760.0,2770.0,1.09,9170.0,644.0,538.4
NLICL,5/11/2016,2770.0,2801.0,2770.0,2792.0,0.79,3859.0,644.0,538.4
NLICL,5/12/2016,2792.0,2875.0,2795.0,2841.0,1.76,15081.0,644.0,538.4
NLICL,5/15/2016,2841.0,2874.0,2840.0,2843.0,0.07,6729.0,644.0,538.4
NLICL,5/16/2016,2843.0,2857.0,2820.0,2847.0,0.14,7263.0,644.0,538.4
NLICL,5/17/2016,2847.0,2985.0,2870.0,2980.0,4.67,13926.0,644.0,538.4
NLICL,5/18/2016,2980.0,3035.0,2950.0,3013.0,1.11,51479.0,644.0,538.4
NLICL,5/19/2016,3013.0,3070.0,3000.0,3000.0,-0.43,32628.0,644.0,538.4
NLICL,5/22/2016,3000.0,3035.0,3000.0,3025.0,0.83,22147.0,644.0,538.4
NLICL,5/23/2016,3025.0,3119.0,3020.0,3095.0,2.31,21053.0,644.0,538.4
NLICL,5/24/2016,3095.0,3155.0,3076.0,3105.0,0.32,15729.0,644.0,538.4
NLICL,5/25/2016,3105.0,3140.0,3000.0,3055.0,-1.61,8234.0,644.0,538.4
NLICL,5/26/2016,3055.0,3099.0,2975.0,3080.0,0.82,9114.0,644.0,538.4
NLICL,5/29/2016,3080.0,3060.0,3019.0,3055.0,-0.81,7763.0,644.0,538.4
NLICL,5/30/2016,3055.0,3055.0,2995.0,3020.0,-1.15,5149.0,644.0,538.4
NLICL,5/31/2016,3020.0,3035.0,3002.0,3002.0,-0.6,7663.0,644.0,538.4
NLICL,6/1/2016,3002.0,3010.0,2975.0,2977.0,-0.83,3900.0,644.0,538.4
NLICL,6/2/2016,2977.0,2995.0,2921.0,2960.0,-0.57,4340.0,644.0,538.4
NLICL,6/5/2016,2960.0,2960.0,2862.0,2881.0,-2.67,13368.0,644.0,538.4
NLICL,6/6/2016,2881.0,2970.0,2900.0,2940.0,2.05,3004.0,644.0,538.4
NLICL,6/7/2016,2940.0,3060.0,2940.0,2994.0,1.84,4604.0,644.0,538.4
NLICL,6/8/2016,2994.0,3050.0,2994.0,3050.0,1.87,7590.0,644.0,538.4
NLICL,6/9/2016,3050.0,3277.0,3070.0,3215.0,5.41,35538.0,644.0,538.4
NLICL,6/12/2016,3215.0,3240.0,3100.0,3150.0,-2.02,14411.0,644.0,538.4
NLICL,6/13/2016,3150.0,3190.0,3038.0,3110.0,-1.27,7903.0,644.0,538.4
NLICL,6/14/2016,3110.0,3210.0,3116.0,3155.0,1.45,4825.0,644.0,538.4
NLICL,6/15/2016,3155.0,3300.0,3175.0,3299.0,4.56,17033.0,644.0,538.4
NLICL,6/16/2016,3299.0,3565.0,3340.0,3445.0,4.43,25303.0,644.0,538.4
NLICL,6/19/2016,3445.0,3429.0,3230.0,3330.0,-3.34,14616.0,644.0,538.4
NLICL,6/20/2016,3330.0,3300.0,3220.0,3260.0,-2.1,6732.0,644.0,538.4
NLICL,6/21/2016,3260.0,3450.0,3300.0,3440.0,5.52,23639.0,644.0,538.4
NLICL,6/22/2016,3440.0,3500.0,3400.0,3480.0,1.16,28579.0,644.0,538.4
NLICL,6/23/2016,3480.0,3691.0,3536.0,3600.0,3.45,39192.0,644.0,538.4
NLICL,6/26/2016,3600.0,3682.0,3585.0,3592.0,-0.22,8563.0,644.0,538.4
NLICL,6/27/2016,3592.0,3640.0,3480.0,3480.0,-3.12,6722.0,644.0,538.4
NLICL,6/28/2016,3480.0,3540.0,3300.0,3500.0,0.57,18409.0,644.0,538.4
NLICL,6/29/2016,3500.0,3560.0,3490.0,3529.0,0.83,6250.0,644.0,538.4
NLICL,6/30/2016,3529.0,3599.0,3480.0,3490.0,-1.11,4376.0,644.0,538.4
NLICL,7/3/2016,3490.0,3510.0,3436.0,3436.0,-1.55,19925.0,644.0,538.4
NLICL,7/4/2016,3436.0,3480.0,3420.0,3460.0,0.7,9721.0,644.0,538.4
NLICL,7/5/2016,3460.0,3480.0,3405.0,3450.0,-0.29,2555.0,644.0,538.4
NLICL,7/6/2016,3450.0,3440.0,3400.0,3434.0,-0.46,8917.0,644.0,538.4
NLICL,7/10/2016,3434.0,3480.0,3400.0,3400.0,-0.99,5103.0,644.0,538.4
NLICL,7/11/2016,3400.0,3425.0,3325.0,3325.0,-2.21,2460.0,644.0,538.4
NLICL,7/12/2016,3325.0,3328.0,3180.0,3310.0,-0.45,5393.0,644.0,538.4
NLICL,7/13/2016,3310.0,3285.0,3200.0,3250.0,-1.81,4710.0,644.0,538.4
NLICL,7/14/2016,3250.0,3400.0,3250.0,3300.0,1.54,5510.0,644.0,538.4
NLICL,7/17/2016,3300.0,3366.0,3275.0,3300.0,0.0,7050.0,644.0,538.4
NLICL,7/18/2016,3300.0,3510.0,3256.0,3510.0,6.36,10649.0,644.0,538.4
NLICL,7/19/2016,3510.0,3550.0,3350.0,3430.0,-2.28,14798.0,644.0,538.4
NLICL,7/20/2016,3430.0,3430.0,3300.0,3300.0,-3.79,4400.0,644.0,538.4
NLICL,7/21/2016,3300.0,3433.0,3360.0,3400.0,3.03,7226.0,644.0,538.4
NLICL,7/25/2016,3400.0,3500.0,3400.0,3426.0,0.76,10125.0,644.0,538.4
NLICL,7/26/2016,3426.0,3549.0,3441.0,3549.0,3.59,21369.0,644.0,538.4
NLICL,7/27/2016,3549.0,3600.0,3501.0,3580.0,0.87,16455.0,644.0,538.4
NLICL,7/28/2016,3580.0,3590.0,3509.0,3560.0,-0.56,8214.0,644.0,538.4
NLICL,7/31/2016,3560.0,3520.0,3489.0,3491.0,-1.94,11889.0,644.0,538.4
NLICL,8/1/2016,3491.0,3470.0,3425.0,3455.0,-1.03,5243.0,644.0,538.4
NLICL,8/2/2016,3455.0,3460.0,3391.0,3405.0,-1.45,6885.0,644.0,538.4
NLICL,8/3/2016,3405.0,3435.0,3362.0,3400.0,-0.15,15856.0,644.0,538.4
NLICL,8/4/2016,3400.0,3400.0,3251.0,3295.0,-3.09,4091.0,644.0,538.4
NLICL,8/7/2016,3295.0,3350.0,3250.0,3251.0,-1.34,5923.0,644.0,538.4
NLICL,8/8/2016,3251.0,3210.0,3100.0,3100.0,-4.64,9933.0,644.0,538.4
NLICL,8/9/2016,3100.0,3340.0,3162.0,3340.0,7.74,945.0,644.0,538.4
NLICL,8/10/2016,3340.0,3366.0,3215.0,3309.0,-0.93,11468.0,644.0,538.4
NLICL,8/11/2016,3309.0,3320.0,3280.0,3298.0,-0.33,9415.0,644.0,538.4
NLICL,8/14/2016,3298.0,3240.0,3201.0,3202.0,-2.91,3409.0,644.0,538.4
NLICL,8/15/2016,3202.0,3200.0,3050.0,3100.0,-3.19,7840.0,644.0,538.4
NLICL,8/16/2016,3100.0,3240.0,3100.0,3150.0,1.61,5533.0,644.0,538.4
NLICL,8/17/2016,3150.0,3250.0,3189.0,3200.0,1.59,8155.0,644.0,538.4
NLICL,8/21/2016,3200.0,3162.0,3103.0,3120.0,-2.5,5376.0,644.0,538.4
NLICL,8/22/2016,3120.0,3100.0,3050.0,3080.0,-1.28,5956.0,644.0,538.4
NLICL,8/23/2016,3080.0,3125.0,3036.0,3080.0,0.0,4716.0,644.0,538.4
NLICL,8/24/2016,3080.0,3279.0,3065.0,3279.0,6.46,6926.0,644.0,538.4
NLICL,8/28/2016,3279.0,3340.0,3240.0,3240.0,-1.19,2852.0,644.0,538.4
NLICL,8/29/2016,3240.0,3240.0,3211.0,3225.0,-0.46,1525.0,644.0,538.4
NLICL,8/30/2016,3225.0,3250.0,3200.0,3230.0,0.16,4047.0,644.0,538.4
NLICL,8/31/2016,3230.0,3350.0,3230.0,3323.0,2.88,6938.0,644.0,538.4
NLICL,9/1/2016,3323.0,3333.0,3300.0,3300.0,-0.69,3372.0,644.0,538.4
NLICL,9/3/2016,3300.0,3300.0,3252.0,3300.0,0.0,1602.0,644.0,538.4
NLICL,9/4/2016,3300.0,3300.0,3252.0,3300.0,0.0,1602.0,644.0,538.4
NLICL,9/5/2016,3300.0,3366.0,3300.0,3335.0,1.06,4922.0,644.0,538.4
NLICL,9/6/2016,3335.0,3349.0,3275.0,3275.0,-1.8,5329.0,644.0,538.4
NLICL,9/7/2016,3275.0,3300.0,3283.0,3283.0,0.24,977.0,644.0,538.4
NLICL,9/8/2016,3283.0,3309.0,3272.0,3309.0,0.79,8193.0,644.0,538.4
NLICL,9/11/2016,3309.0,3350.0,3292.0,3292.0,-0.51,7643.0,644.0,538.4
NLICL,9/12/2016,3292.0,3299.0,3235.0,3299.0,0.21,1438.0,644.0,538.4
NLICL,9/14/2016,3299.0,3290.0,3270.0,3270.0,-0.88,1854.0,644.0,538.4
NLICL,9/18/2016,3270.0,3270.0,3244.0,3250.0,-0.61,3475.0,644.0,538.4
NLICL,9/20/2016,3250.0,3400.0,3269.0,3400.0,4.62,10013.0,644.0,538.4
NLICL,9/21/2016,3400.0,3360.0,3300.0,3350.0,-1.47,2616.0,644.0,538.4
NLICL,9/22/2016,3350.0,3418.0,3390.0,3390.0,1.19,19377.0,644.0,538.4
NLICL,9/25/2016,3390.0,3455.0,3332.0,3370.0,-0.59,14707.0,644.0,538.4
NLICL,9/26/2016,3370.0,3425.0,3370.0,3390.0,0.59,4524.0,644.0,538.4
NLICL,9/27/2016,3390.0,3425.0,3360.0,3370.0,-0.59,8230.0,644.0,538.4
NLICL,9/28/2016,3370.0,3378.0,3310.0,3336.0,-1.01,35788.0,644.0,538.4
NLICL,9/29/2016,3336.0,3340.0,3283.0,3290.0,-1.38,4946.0,644.0,538.4
NLICL,10/2/2016,3290.0,3340.0,3305.0,3337.0,1.43,4285.0,644.0,538.4
NLICL,10/3/2016,3337.0,3400.0,3325.0,3340.0,0.09,8167.0,644.0,538.4
NLICL,10/4/2016,3340.0,3449.0,3350.0,3395.0,1.65,2390.0,644.0,538.4
NLICL,10/5/2016,3395.0,3400.0,3350.0,3398.0,0.09,1868.0,644.0,538.4
NLICL,10/6/2016,3398.0,3420.0,3388.0,3394.0,-0.12,3869.0,644.0,538.4
NLICL,10/16/2016,3394.0,3398.0,3355.0,3398.0,0.12,1416.0,644.0,538.4
NLICL,10/17/2016,3398.0,3367.0,3331.0,3350.0,-1.41,1600.0,644.0,538.4
NLICL,10/18/2016,3350.0,3350.0,3349.0,3349.0,-0.03,464.0,644.0,538.4
NLICL,10/19/2016,3349.0,3378.0,3290.0,3300.0,-1.46,3062.0,644.0,538.4
NLICL,10/20/2016,3300.0,3280.0,3250.0,3270.0,-0.91,1570.0,644.0,538.4
NLICL,10/23/2016,3270.0,3280.0,3247.0,3250.0,-0.61,1471.0,644.0,538.4
NLICL,10/24/2016,3250.0,3270.0,3250.0,3270.0,0.62,1723.0,644.0,538.4
NLICL,10/25/2016,3270.0,3250.0,3215.0,3217.0,-1.62,3265.0,644.0,538.4
NLICL,10/26/2016,3217.0,3279.0,3153.0,3270.0,1.65,1681.0,644.0,538.4
NLICL,10/27/2016,3270.0,3289.0,3250.0,3289.0,0.58,1000.0,644.0,538.4
NLICL,11/3/2016,3289.0,3300.0,3235.0,3300.0,0.33,990.0,644.0,538.4
NLICL,11/7/2016,3300.0,3300.0,3235.0,3265.0,-1.06,2954.0,644.0,538.4
NLICL,11/8/2016,3265.0,3260.0,3211.0,3217.0,-1.47,5854.0,644.0,538.4
NLICL,11/9/2016,3217.0,3225.0,3150.0,3160.0,-1.77,10847.0,644.0,538.4
NLICL,11/10/2016,3160.0,3210.0,3162.0,3180.0,0.63,4660.0,644.0,538.4
NLICL,11/13/2016,3180.0,3300.0,3178.0,3250.0,2.2,3661.0,644.0,538.4
NLICL,11/14/2016,3250.0,3325.0,3250.0,3310.0,1.85,20472.0,644.0,538.4
NLICL,11/15/2016,3310.0,3380.0,3320.0,3369.0,1.78,11704.0,644.0,538.4
NLICL,11/16/2016,3369.0,3705.0,3436.0,3560.0,5.67,62897.0,644.0,538.4
NLICL,11/17/2016,3560.0,3557.0,3375.0,3415.0,-4.07,36517.0,644.0,538.4
NLICL,11/20/2016,3415.0,3449.0,3250.0,3375.0,-1.17,33542.0,644.0,538.4
NLICL,11/21/2016,3375.0,3404.0,3305.0,3390.0,0.44,16246.0,644.0,538.4
NLICL,11/22/2016,3390.0,3414.0,3310.0,3379.0,-0.32,20173.0,644.0,538.4
NLICL,11/23/2016,3379.0,3370.0,3240.0,3240.0,-4.11,39987.0,644.0,538.4
NLICL,11/24/2016,2492.0,2540.0,2254.0,2299.0,-29.04,7745.0,644.0,538.4
NLICL,11/27/2016,2299.0,2260.0,2070.0,2110.0,-8.22,11995.0,644.0,538.4
NLICL,11/28/2016,2110.0,2230.0,1916.0,2170.0,2.84,10189.0,644.0,538.4
NLICL,11/29/2016,2170.0,2213.0,1964.0,2200.0,1.38,11850.0,644.0,538.4
NLICL,11/30/2016,2200.0,2345.0,2200.0,2320.0,5.45,13620.0,644.0,538.4
NLICL,12/1/2016,2320.0,2360.0,2300.0,2300.0,-0.86,11017.0,644.0,538.4
NLICL,12/4/2016,2300.0,2270.0,2211.0,2225.0,-3.26,4474.0,644.0,538.4
NLICL,12/5/2016,2225.0,2244.0,2175.0,2175.0,-2.25,3574.0,644.0,538.4
NLICL,12/6/2016,2175.0,2215.0,2133.0,2215.0,1.84,3115.0,644.0,538.4
NLICL,12/7/2016,2215.0,2258.0,2172.0,2250.0,1.58,2640.0,644.0,538.4
NLICL,12/8/2016,2250.0,2235.0,2193.0,2235.0,-0.67,4831.0,644.0,538.4
NLICL,12/11/2016,2235.0,2211.0,2176.0,2180.0,-2.46,3008.0,644.0,538.4
NLICL,12/12/2016,2180.0,2161.0,2098.0,2145.0,-1.61,2899.0,644.0,538.4
NLICL,12/14/2016,2145.0,2240.0,2150.0,2240.0,4.43,1923.0,644.0,538.4
NLICL,12/15/2016,2240.0,2264.0,2240.0,2264.0,1.07,5388.0,644.0,538.4
NLICL,12/18/2016,2264.0,2290.0,2202.0,2284.0,0.88,3276.0,644.0,538.4
NLICL,12/19/2016,2284.0,2260.0,2225.0,2250.0,-1.49,3846.0,644.0,538.4
NLICL,12/20/2016,2250.0,2250.0,2210.0,2210.0,-1.78,2675.0,644.0,538.4
NLICL,12/21/2016,2210.0,2175.0,2135.0,2150.0,-2.71,2935.0,644.0,538.4
NLICL,12/22/2016,2150.0,2200.0,2137.0,2140.0,-0.47,1909.0,644.0,538.4
NLICL,12/26/2016,2140.0,2110.0,2000.0,2000.0,-6.54,5597.0,644.0,538.4
NLICL,12/27/2016,2000.0,2003.0,1925.0,1971.0,-1.45,5685.0,644.0,538.4
NLICL,12/28/2016,1971.0,2020.0,1977.0,2000.0,1.47,1627.0,644.0,538.4
NLICL,12/29/2016,2000.0,2119.0,2000.0,2016.0,0.8,4115.0,644.0,538.4
NLICL,1/1/2017,2016.0,2080.0,2010.0,2055.0,1.93,3447.0,644.0,538.4
NLICL,1/2/2017,2055.0,2088.0,2026.0,2075.0,0.97,4675.0,644.0,538.4
NLICL,1/3/2017,2075.0,2050.0,2000.0,2015.0,-2.89,5326.0,644.0,538.4
NLICL,1/4/2017,2015.0,2035.0,2015.0,2020.0,0.25,2171.0,644.0,538.4
NLICL,1/5/2017,2020.0,2025.0,1995.0,2020.0,0.0,1937.0,644.0,538.4
NLICL,1/8/2017,2020.0,2020.0,1985.0,1995.0,-1.24,2283.0,644.0,538.4
NLICL,1/9/2017,1995.0,2020.0,2000.0,2000.0,0.25,2384.0,644.0,538.4
NLICL,1/10/2017,2000.0,2060.0,2035.0,2040.0,2.0,5228.0,644.0,538.4
NLICL,1/11/2017,2040.0,2075.0,2040.0,2040.0,0.0,2534.0,644.0,538.4
NLICL,1/12/2017,2040.0,2060.0,2040.0,2040.0,0.0,2123.0,644.0,538.4
NLICL,1/15/2017,2040.0,2055.0,2050.0,2055.0,0.74,150.0,644.0,538.4
NLICL,1/16/2017,2055.0,2036.0,2014.0,2020.0,-1.7,761.0,644.0,538.4
NLICL,1/17/2017,2020.0,2020.0,1980.0,2000.0,-0.99,3791.0,644.0,538.4
NLICL,1/18/2017,2000.0,2025.0,2000.0,2025.0,1.25,1490.0,644.0,538.4
NLICL,1/19/2017,2025.0,2027.0,2005.0,2005.0,-0.99,1000.0,644.0,538.4
NLICL,1/22/2017,2005.0,2045.0,2005.0,2045.0,2.0,1009.0,644.0,538.4
NLICL,1/23/2017,2045.0,2050.0,2030.0,2030.0,-0.73,737.0,644.0,538.4
NLICL,1/24/2017,2030.0,2030.0,1958.0,1980.0,-2.46,2999.0,644.0,538.4
NLICL,1/25/2017,1980.0,1964.0,1910.0,1912.0,-3.43,3969.0,644.0,538.4
NLICL,1/26/2017,1912.0,1915.0,1840.0,1870.0,-2.2,3542.0,644.0,538.4
NLICL,1/30/2017,1870.0,1895.0,1683.0,1684.0,-9.95,4046.0,644.0,538.4
NLICL,1/31/2017,1684.0,1750.0,1650.0,1715.0,1.84,5730.0,644.0,538.4
NLICL,2/1/2017,1715.0,1814.0,1685.0,1814.0,5.77,4158.0,644.0,538.4
NLICL,2/2/2017,1814.0,1876.0,1796.0,1796.0,-0.99,4140.0,644.0,538.4
NLICL,2/5/2017,1796.0,1762.0,1751.0,1751.0,-2.51,419.0,644.0,538.4
NLICL,2/6/2017,1751.0,1765.0,1691.0,1755.0,0.23,1672.0,644.0,538.4
NLICL,2/7/2017,1755.0,1800.0,1755.0,1800.0,2.56,4189.0,644.0,538.4
NLICL,2/8/2017,1800.0,1795.0,1731.0,1743.0,-3.17,6833.0,644.0,538.4
NLICL,2/9/2017,1743.0,1745.0,1650.0,1653.0,-5.16,7166.0,644.0,538.4
NLICL,2/12/2017,1653.0,1670.0,1598.0,1599.0,-3.27,4880.0,644.0,538.4
NLICL,2/13/2017,1599.0,1650.0,1542.0,1650.0,3.19,2356.0,644.0,538.4
NLICL,2/14/2017,1650.0,1650.0,1600.0,1630.0,-1.21,1921.0,644.0,538.4
NLICL,2/15/2017,1630.0,1755.0,1640.0,1755.0,7.67,35535.0,644.0,538.4
NLICL,2/16/2017,1755.0,1830.0,1720.0,1784.0,1.65,12408.0,644.0,538.4
NLICL,2/19/2017,1784.0,1846.0,1760.0,1835.0,2.86,9494.0,644.0,538.4
NLICL,2/20/2017,1835.0,1930.0,1810.0,1869.0,1.85,7941.0,644.0,538.4
NLICL,2/21/2017,1869.0,1944.0,1778.0,1800.0,-3.69,9524.0,644.0,538.4
NLICL,2/22/2017,1800.0,1815.0,1764.0,1798.0,-0.11,4030.0,644.0,538.4
NLICL,2/23/2017,1798.0,1810.0,1775.0,1779.0,-1.06,2618.0,644.0,538.4
NLICL,2/26/2017,1779.0,1777.0,1760.0,1760.0,-1.07,1030.0,644.0,538.4
NLICL,2/28/2017,1760.0,1725.0,1660.0,1695.0,-3.69,4630.0,644.0,538.4
NLICL,3/1/2017,1695.0,1730.0,1680.0,1730.0,2.06,3860.0,644.0,538.4
NLICL,3/2/2017,1730.0,1760.0,1730.0,1753.0,1.33,2199.0,644.0,538.4
NLICL,3/5/2017,1753.0,1857.0,1770.0,1825.0,4.11,11499.0,644.0,538.4
NLICL,3/6/2017,1825.0,1861.0,1800.0,1825.0,0.0,24553.0,644.0,538.4
NLICL,3/7/2017,1825.0,1835.0,1771.0,1800.0,-1.37,6124.0,644.0,538.4
NLICL,3/9/2017,1800.0,1830.0,1801.0,1810.0,0.56,3266.0,644.0,538.4
NLICL,3/13/2017,1810.0,1855.0,1815.0,1825.0,0.83,2124.0,644.0,538.4
NLICL,3/14/2017,1825.0,1854.0,1800.0,1810.0,-0.82,6873.0,644.0,538.4
NLICL,3/15/2017,1810.0,1860.0,1806.0,1806.0,-0.22,11846.0,644.0,538.4
NLICL,3/16/2017,1806.0,1858.0,1785.0,1845.0,2.16,39449.0,644.0,538.4
NLICL,3/19/2017,1845.0,1935.0,1868.0,1930.0,4.61,22975.0,644.0,538.4
NLICL,3/20/2017,1930.0,2100.0,1965.0,2090.0,8.29,37671.0,644.0,538.4
NLICL,3/21/2017,2090.0,2156.0,2000.0,2156.0,3.16,56302.0,644.0,538.4
NLICL,3/22/2017,2156.0,2175.0,2100.0,2111.0,-2.09,19857.0,644.0,538.4
NLICL,3/23/2017,2111.0,2153.0,2060.0,2112.0,0.05,21217.0,644.0,538.4
NLICL,3/26/2017,2112.0,2209.0,2122.0,2152.0,1.89,21698.0,644.0,538.4
NLICL,3/28/2017,2152.0,2339.0,2180.0,2300.0,6.88,17271.0,644.0,538.4
NLICL,3/29/2017,2300.0,2392.0,2259.0,2258.0,-1.83,23533.0,644.0,538.4
NLICL,3/30/2017,2258.0,2338.0,2221.0,2325.0,2.97,9669.0,644.0,538.4
NLICL,4/2/2017,2325.0,2557.0,2371.0,2557.0,9.98,56624.0,644.0,538.4
NLICL,4/3/2017,2557.0,2700.0,2475.0,2515.0,-1.64,32411.0,644.0,538.4
NLICL,4/4/2017,2515.0,2560.0,2421.0,2480.0,-1.39,14092.0,644.0,538.4
NLICL,4/6/2017,2480.0,2530.0,2455.0,2505.0,1.01,13248.0,644.0,538.4
NLICL,4/9/2017,2505.0,2500.0,2465.0,2470.0,-1.4,6035.0,644.0,538.4
NLICL,4/10/2017,2470.0,2510.0,2437.0,2475.0,0.2,8053.0,644.0,538.4
NLICL,4/11/2017,2475.0,2524.0,2465.0,2475.0,0.0,11648.0,644.0,538.4
NLICL,4/12/2017,2475.0,2540.0,2460.0,2460.0,-0.61,11818.0,644.0,538.4
NLICL,4/13/2017,2460.0,2500.0,2411.0,2470.0,0.41,8750.0,644.0,538.4
NLICL,4/16/2017,2470.0,2450.0,2379.0,2379.0,-3.68,11898.0,644.0,538.4
NLICL,4/18/2017,2379.0,2377.0,2287.0,2300.0,-3.32,7741.0,644.0,538.4
NLICL,4/19/2017,2300.0,2395.0,2265.0,2395.0,4.13,4862.0,644.0,538.4
NLICL,4/20/2017,2395.0,2538.0,2420.0,2485.0,3.76,30867.0,644.0,538.4
NLICL,4/23/2017,2485.0,2635.0,2500.0,2579.0,3.78,21834.0,644.0,538.4
NLICL,4/24/2017,2579.0,2555.0,2500.0,2500.0,-3.06,12851.0,644.0,538.4
NLICL,4/25/2017,2500.0,2515.0,2480.0,2480.0,-0.8,4879.0,644.0,538.4
NLICL,4/26/2017,2480.0,2520.0,2490.0,2499.0,0.77,6240.0,644.0,538.4
NLICL,4/27/2017,2499.0,2490.0,2461.0,2479.0,-0.8,6605.0,644.0,538.4
NLICL,4/30/2017,2479.0,2461.0,2420.0,2432.0,-1.9,2764.0,644.0,538.4
NLICL,5/2/2017,2432.0,2490.0,2400.0,2450.0,0.74,8377.0,644.0,538.4
NLICL,5/3/2017,2450.0,2515.0,2441.0,2450.0,0.0,3773.0,644.0,538.4
NLICL,5/4/2017,2450.0,2455.0,2435.0,2436.0,-0.57,5345.0,644.0,538.4
NLICL,5/7/2017,2436.0,2436.0,2407.0,2410.0,-1.07,8134.0,644.0,538.4
NLICL,5/8/2017,2410.0,2444.0,2400.0,2433.0,0.95,2202.0,644.0,538.4
NLICL,5/9/2017,2433.0,2455.0,2440.0,2445.0,0.49,1425.0,644.0,538.4
NLICL,5/11/2017,2445.0,2475.0,2400.0,2416.0,-1.19,2976.0,644.0,538.4
NLICL,5/15/2017,2416.0,2455.0,2420.0,2440.0,0.99,3266.0,644.0,538.4
NLICL,5/16/2017,2440.0,2460.0,2425.0,2425.0,-0.61,1190.0,644.0,538.4
NLICL,5/17/2017,2425.0,2473.0,2410.0,2434.0,0.37,2982.0,644.0,538.4
NLICL,5/18/2017,2434.0,2430.0,2402.0,2430.0,-0.16,7155.0,644.0,538.4
NLICL,5/21/2017,2430.0,2450.0,2400.0,2400.0,-1.23,8198.0,644.0,538.4
NLICL,5/22/2017,2400.0,2410.0,2385.0,2409.0,0.37,1153.0,644.0,538.4
NLICL,5/23/2017,2409.0,2416.0,2375.0,2405.0,-0.17,4750.0,644.0,538.4
NLICL,5/24/2017,2405.0,2400.0,2380.0,2400.0,-0.21,4875.0,644.0,538.4
NLICL,5/28/2017,2400.0,2420.0,2380.0,2400.0,0.0,1804.0,644.0,538.4
NLICL,5/30/2017,2400.0,2400.0,2360.0,2380.0,-0.83,6067.0,644.0,538.4
NLICL,5/31/2017,2380.0,2390.0,2340.0,2385.0,0.21,1898.0,644.0,538.4
NLICL,6/1/2017,2385.0,2399.0,2385.0,2390.0,0.21,1917.0,644.0,538.4
NLICL,6/4/2017,2390.0,2437.0,2370.0,2386.0,-0.17,3299.0,644.0,538.4
NLICL,6/5/2017,2386.0,2393.0,2380.0,2389.0,0.13,1761.0,644.0,538.4
NLICL,6/6/2017,2389.0,2436.0,2400.0,2436.0,1.97,2927.0,644.0,538.4
NLICL,6/7/2017,2436.0,2481.0,2364.0,2364.0,-2.96,3902.0,644.0,538.4
NLICL,6/8/2017,2364.0,2400.0,2353.0,2375.0,0.47,2501.0,644.0,538.4
NLICL,6/11/2017,2375.0,2385.0,2323.0,2330.0,-1.89,7031.0,644.0,538.4
NLICL,6/12/2017,2330.0,2360.0,2333.0,2334.0,0.17,1457.0,644.0,538.4
NLICL,6/13/2017,2334.0,2355.0,2320.0,2330.0,-0.17,2138.0,644.0,538.4
NLICL,6/14/2017,2330.0,2376.0,2340.0,2340.0,0.43,812.0,644.0,538.4
NLICL,6/15/2017,2340.0,2360.0,2320.0,2350.0,0.43,1862.0,644.0,538.4
NLICL,6/18/2017,2350.0,2355.0,2330.0,2330.0,-0.85,3200.0,644.0,538.4
NLICL,6/19/2017,2330.0,2332.0,2295.0,2295.0,-1.5,5175.0,644.0,538.4
NLICL,6/20/2017,2295.0,2310.0,2295.0,2300.0,0.22,1285.0,644.0,538.4
NLICL,6/21/2017,2300.0,2319.0,2270.0,2285.0,-0.65,1667.0,644.0,538.4
NLICL,6/22/2017,2285.0,2293.0,2260.0,2260.0,-1.09,1739.0,644.0,538.4
NLICL,6/25/2017,2260.0,2300.0,2255.0,2260.0,0.0,1939.0,644.0,538.4
NLICL,6/27/2017,2260.0,2270.0,2235.0,2246.0,-0.62,1431.0,644.0,538.4
NLICL,6/28/2017,2246.0,2260.0,2202.0,2260.0,0.62,1394.0,644.0,538.4
NLICL,7/2/2017,2260.0,2259.0,2225.0,2225.0,-1.55,6039.0,644.0,538.4
NLICL,7/3/2017,2225.0,2246.0,2233.0,2245.0,0.9,411.0,644.0,538.4
NLICL,7/4/2017,2245.0,2245.0,2238.0,2245.0,0.0,600.0,644.0,538.4
NLICL,7/5/2017,2245.0,2250.0,2220.0,2225.0,-0.89,1826.0,644.0,538.4
NLICL,7/6/2017,2225.0,2329.0,2240.0,2329.0,4.67,2219.0,644.0,538.4
NLICL,7/9/2017,2329.0,2400.0,2225.0,2350.0,0.9,7255.0,644.0,538.4
NLICL,7/10/2017,2350.0,2310.0,2264.0,2298.0,-2.21,3810.0,644.0,538.4
NLICL,7/11/2017,2298.0,2310.0,2280.0,2300.0,0.09,4743.0,644.0,538.4
NLICL,7/12/2017,2300.0,2346.0,2275.0,2295.0,-0.22,7792.0,644.0,538.4
NLICL,7/13/2017,2295.0,2300.0,2265.0,2300.0,0.22,3132.0,644.0,538.4
NLICL,7/16/2017,2300.0,2316.0,2300.0,2315.0,0.65,1044.0,644.0,538.4
NLICL,7/17/2017,2315.0,2375.0,2330.0,2375.0,2.59,4700.0,644.0,538.4
NLICL,7/18/2017,2375.0,2450.0,2400.0,2440.0,2.74,15095.0,644.0,538.4
NLICL,7/19/2017,2440.0,2500.0,2440.0,2490.0,2.05,20248.0,644.0,538.4
NLICL,7/20/2017,2490.0,2515.0,2480.0,2490.0,0.0,22053.0,644.0,538.4
NLICL,7/23/2017,1992.0,2100.0,2000.0,2082.0,-16.39,18728.0,644.0,538.4
NLICL,7/24/2017,2082.0,2102.0,2060.0,2060.0,-1.06,11371.0,644.0,538.4
NLICL,7/25/2017,2060.0,2082.0,2026.0,2029.0,-1.5,5948.0,644.0,538.4
NLICL,7/26/2017,2029.0,2090.0,2036.0,2090.0,3.01,10003.0,644.0,538.4
NLICL,7/27/2017,2090.0,2125.0,2060.0,2070.0,-0.96,5487.0,644.0,538.4
NLICL,7/30/2017,2070.0,2075.0,2030.0,2040.0,-1.45,3982.0,644.0,538.4
NLICL,7/31/2017,2040.0,2055.0,2027.0,2037.0,-0.15,14513.0,644.0,538.4
NLICL,8/1/2017,2037.0,2040.0,2017.0,2029.0,-0.39,1574.0,644.0,538.4
NLICL,8/2/2017,2029.0,2050.0,2010.0,2020.0,-0.44,1179.0,644.0,538.4
NLICL,8/3/2017,2020.0,2060.0,1991.0,2014.0,-0.3,3607.0,644.0,538.4
NLICL,8/6/2017,2014.0,2030.0,2000.0,2009.0,-0.25,2951.0,644.0,538.4
NLICL,8/7/2017,2009.0,2040.0,2001.0,2040.0,1.54,4634.0,644.0,538.4
NLICL,8/9/2017,2040.0,2099.0,2020.0,2030.0,-0.49,7400.0,644.0,538.4
NLICL,8/10/2017,2030.0,2040.0,2005.0,2025.0,-0.25,2922.0,644.0,538.4
NLICL,8/13/2017,2025.0,2091.0,2003.0,2007.0,-0.89,4252.0,644.0,538.4
NLICL,8/15/2017,2007.0,2020.0,1997.0,2000.0,-0.35,3820.0,644.0,538.4
NLICL,8/16/2017,2000.0,2060.0,1961.0,2060.0,3.0,3615.0,644.0,538.4
NLICL,8/17/2017,2060.0,2079.0,2000.0,2016.0,-2.14,3296.0,644.0,538.4
NLICL,8/20/2017,2016.0,2020.0,2004.0,2005.0,-0.55,1207.0,644.0,538.4
NLICL,8/21/2017,2005.0,2005.0,1972.0,1972.0,-1.65,5628.0,644.0,538.4
NLICL,8/22/2017,1972.0,2009.0,1990.0,1992.0,1.01,3889.0,644.0,538.4
NLICL,8/23/2017,1992.0,2005.0,1990.0,1990.0,-0.1,1322.0,644.0,538.4
NLICL,8/24/2017,1990.0,2000.0,1990.0,1990.0,0.0,581.0,644.0,538.4
NLICL,8/27/2017,1990.0,2005.0,1995.0,1999.0,0.45,3027.0,644.0,538.4
NLICL,8/28/2017,1999.0,2000.0,1971.0,1975.0,-1.2,10654.0,644.0,538.4
NLICL,8/30/2017,1975.0,1977.0,1960.0,1960.0,-0.76,7550.0,644.0,538.4
NLICL,8/31/2017,1960.0,1959.0,1930.0,1936.0,-1.22,1414.0,644.0,538.4
NLICL,9/4/2017,1936.0,1947.0,1911.0,1911.0,-1.29,3825.0,644.0,538.4
NLICL,9/6/2017,1911.0,1930.0,1905.0,1914.0,0.16,5060.0,644.0,538.4
NLICL,9/7/2017,1914.0,1920.0,1890.0,1900.0,-0.73,2104.0,644.0,538.4
NLICL,9/10/2017,1900.0,1875.0,1844.0,1853.0,-2.47,2572.0,644.0,538.4
NLICL,9/11/2017,1853.0,1879.0,1821.0,1860.0,0.38,1560.0,644.0,538.4
NLICL,9/12/2017,1860.0,1850.0,1825.0,1850.0,-0.54,3934.0,644.0,538.4
NLICL,9/13/2017,1850.0,1865.0,1805.0,1865.0,0.81,3957.0,644.0,538.4
NLICL,9/14/2017,1865.0,1875.0,1842.0,1850.0,-0.8,1775.0,644.0,538.4
NLICL,9/17/2017,1850.0,1870.0,1802.0,1849.0,-0.05,2346.0,644.0,538.4
NLICL,9/18/2017,1849.0,1845.0,1825.0,1825.0,-1.3,1566.0,644.0,538.4
NLICL,9/20/2017,1825.0,1845.0,1810.0,1825.0,0.0,408.0,644.0,538.4
NLICL,9/24/2017,1825.0,1827.0,1790.0,1798.0,-1.48,4230.0,644.0,538.4
NLICL,9/25/2017,1798.0,1817.0,1800.0,1810.0,0.67,2659.0,644.0,538.4
NLICL,9/26/2017,1810.0,1825.0,1792.0,1825.0,0.83,1541.0,644.0,538.4
NLICL,10/3/2017,1825.0,1859.0,1806.0,1859.0,1.86,1325.0,644.0,538.4
NLICL,10/4/2017,1859.0,1859.0,1823.0,1823.0,-1.94,743.0,644.0,538.4
NLICL,10/8/2017,1823.0,1830.0,1768.0,1830.0,0.38,1292.0,644.0,538.4
NLICL,10/9/2017,1830.0,1810.0,1796.0,1796.0,-1.86,1647.0,644.0,538.4
NLICL,10/10/2017,1796.0,1785.0,1775.0,1780.0,-0.89,706.0,644.0,538.4
NLICL,10/11/2017,1780.0,1795.0,1780.0,1780.0,0.0,1037.0,644.0,538.4
NLICL,10/12/2017,1780.0,1800.0,1798.0,1800.0,1.12,1092.0,644.0,538.4
NLICL,10/15/2017,1800.0,1800.0,1775.0,1791.0,-0.5,380.0,644.0,538.4
NLICL,10/16/2017,1791.0,1830.0,1805.0,1820.0,1.62,560.0,644.0,538.4
NLICL,10/17/2017,1820.0,1887.0,1826.0,1831.0,0.6,449.0,644.0,538.4
NLICL,10/18/2017,1831.0,1836.0,1800.0,1836.0,0.27,963.0,644.0,538.4
NLICL,10/22/2017,1836.0,1836.0,1830.0,1835.0,-0.05,393.0,644.0,538.4
NLICL,10/23/2017,1835.0,1861.0,1830.0,1856.0,1.14,1245.0,644.0,538.4
NLICL,10/24/2017,1856.0,1856.0,1840.0,1840.0,-0.86,692.0,644.0,538.4
NLICL,10/25/2017,1840.0,1840.0,1818.0,1825.0,-0.82,670.0,644.0,538.4
NLICL,10/29/2017,1825.0,1824.0,1800.0,1824.0,-0.05,150.0,644.0,538.4
NLICL,10/30/2017,1824.0,1820.0,1806.0,1820.0,-0.22,1361.0,644.0,538.4
NLICL,10/31/2017,1820.0,1820.0,1785.0,1794.0,-1.43,734.0,644.0,538.4
NLICL,11/1/2017,1794.0,1810.0,1760.0,1762.0,-1.78,740.0,644.0,538.4
NLICL,11/2/2017,1762.0,1815.0,1750.0,1809.0,2.67,4494.0,644.0,538.4
NLICL,11/5/2017,1809.0,1780.0,1750.0,1770.0,-2.16,3860.0,644.0,538.4
NLICL,11/6/2017,1770.0,1760.0,1716.0,1716.0,-3.05,1754.0,644.0,538.4
NLICL,11/7/2017,1716.0,1750.0,1700.0,1700.0,-0.93,2159.0,644.0,538.4
NLICL,11/8/2017,1700.0,1699.0,1659.0,1670.0,-1.76,2993.0,644.0,538.4
NLICL,11/9/2017,1670.0,1700.0,1650.0,1665.0,-0.3,3475.0,644.0,538.4
NLICL,11/12/2017,1665.0,1683.0,1650.0,1680.0,0.9,2411.0,644.0,538.4
NLICL,11/13/2017,1680.0,1698.0,1680.0,1683.0,0.18,1696.0,644.0,538.4
NLICL,11/14/2017,1683.0,1730.0,1685.0,1715.0,1.9,2849.0,644.0,538.4
NLICL,11/15/2017,1715.0,1730.0,1700.0,1700.0,-0.87,9124.0,644.0,538.4
NLICL,11/16/2017,1700.0,1700.0,1680.0,1680.0,-1.18,3775.0,644.0,538.4
NLICL,11/19/2017,1680.0,1710.0,1680.0,1680.0,0.0,964.0,644.0,538.4
NLICL,11/20/2017,1680.0,1673.0,1649.0,1649.0,-1.85,3225.0,644.0,538.4
NLICL,11/21/2017,1649.0,1673.0,1631.0,1647.0,-0.12,2384.0,644.0,538.4
NLICL,11/22/2017,1647.0,1677.0,1645.0,1677.0,1.82,955.0,644.0,538.4
NLICL,11/23/2017,1677.0,1680.0,1660.0,1670.0,-0.42,4343.0,644.0,538.4
NLICL,11/26/2017,1670.0,1710.0,1665.0,1692.0,1.32,4677.0,644.0,538.4
NLICL,11/27/2017,1692.0,1712.0,1690.0,1696.0,0.24,4370.0,644.0,538.4
NLICL,11/28/2017,1696.0,1719.0,1676.0,1700.0,0.24,5495.0,644.0,538.4
NLICL,11/29/2017,1700.0,1733.0,1700.0,1715.0,0.88,4101.0,644.0,538.4
NLICL,11/30/2017,1715.0,1722.0,1700.0,1713.0,-0.12,3332.0,644.0,538.4
NLICL,12/4/2017,1713.0,1700.0,1690.0,1695.0,-1.05,1220.0,644.0,538.4
NLICL,12/5/2017,1695.0,1685.0,1678.0,1679.0,-0.94,1508.0,644.0,538.4
NLICL,12/6/2017,1679.0,1690.0,1675.0,1689.0,0.6,12126.0,644.0,538.4
NLICL,12/10/2017,1689.0,1730.0,1674.0,1674.0,-0.89,1768.0,644.0,538.4
NLICL,12/11/2017,1674.0,1672.0,1660.0,1660.0,-0.84,2378.0,644.0,538.4
NLICL,12/12/2017,1660.0,1670.0,1650.0,1655.0,-0.3,12874.0,644.0,538.4
NLICL,12/13/2017,1655.0,1680.0,1675.0,1680.0,1.51,835.0,644.0,538.4
NLICL,12/14/2017,1680.0,1679.0,1660.0,1678.0,-0.12,1644.0,644.0,538.4
NLICL,12/17/2017,1678.0,1672.0,1661.0,1661.0,-1.01,2335.0,644.0,538.4
NLICL,12/18/2017,1661.0,1660.0,1640.0,1640.0,-1.26,4322.0,644.0,538.4
NLICL,12/19/2017,1640.0,1637.0,1616.0,1632.0,-0.49,995.0,644.0,538.4
NLICL,12/20/2017,1632.0,1635.0,1608.0,1617.0,-0.92,1689.0,644.0,538.4
NLICL,12/21/2017,1617.0,1620.0,1600.0,1614.0,-0.19,1108.0,644.0,538.4
NLICL,12/24/2017,1614.0,1629.0,1598.0,1602.0,-0.74,2328.0,644.0,538.4
NLICL,12/26/2017,1602.0,1595.0,1570.0,1585.0,-1.06,3830.0,644.0,538.4
NLICL,12/27/2017,1585.0,1600.0,1560.0,1560.0,-1.58,1327.0,644.0,538.4
NLICL,12/28/2017,1560.0,1570.0,1531.0,1547.0,-0.83,2268.0,644.0,538.4
NLICL,12/31/2017,1547.0,1550.0,1508.0,1530.0,-1.1,3027.0,644.0,538.4
NLICL,1/1/2018,1530.0,1575.0,1540.0,1575.0,2.94,855.0,644.0,538.4
NLICL,1/2/2018,1575.0,1605.0,1580.0,1580.0,0.32,3095.0,644.0,538.4
NLICL,1/3/2018,1580.0,1580.0,1525.0,1540.0,-2.53,3115.0,644.0,538.4
NLICL,1/4/2018,1540.0,1549.0,1526.0,1540.0,0.0,1272.0,644.0,538.4
NLICL,1/7/2018,1540.0,1571.0,1540.0,1551.0,0.71,3961.0,644.0,538.4
NLICL,1/8/2018,1551.0,1600.0,1560.0,1590.0,2.51,4992.0,644.0,538.4
NLICL,1/9/2018,1590.0,1625.0,1612.0,1615.0,1.57,3661.0,644.0,538.4
NLICL,1/10/2018,1615.0,1616.0,1588.0,1594.0,-1.3,2188.0,644.0,538.4
NLICL,1/14/2018,1594.0,1580.0,1565.0,1575.0,-1.19,73.0,644.0,538.4
NLICL,1/16/2018,1575.0,1575.0,1520.0,1522.0,-3.37,14398.0,644.0,538.4
NLICL,1/17/2018,1522.0,1552.0,1510.0,1520.0,-0.13,3843.0,644.0,538.4
NLICL,1/21/2018,1520.0,1530.0,1510.0,1510.0,-0.66,1507.0,644.0,538.4
NLICL,1/22/2018,1510.0,1514.0,1500.0,1510.0,0.0,2329.0,644.0,538.4
NLICL,1/23/2018,1510.0,1485.0,1466.0,1466.0,-2.91,2366.0,644.0,538.4
NLICL,1/24/2018,1466.0,1489.0,1459.0,1489.0,1.57,1604.0,644.0,538.4
NLICL,1/25/2018,1489.0,1495.0,1476.0,1495.0,0.4,1050.0,644.0,538.4
NLICL,1/28/2018,1495.0,1530.0,1506.0,1520.0,1.67,3121.0,644.0,538.4
NLICL,1/29/2018,1520.0,1520.0,1501.0,1517.0,-0.2,2308.0,644.0,538.4
NLICL,1/31/2018,1517.0,1530.0,1515.0,1530.0,0.86,1465.0,644.0,538.4
NLICL,2/1/2018,1530.0,1550.0,1525.0,1525.0,-0.33,940.0,644.0,538.4
NLICL,2/4/2018,1525.0,1523.0,1510.0,1510.0,-0.98,1035.0,644.0,538.4
NLICL,2/5/2018,1510.0,1496.0,1495.0,1495.0,-0.99,200.0,644.0,538.4
NLICL,2/6/2018,1495.0,1499.0,1480.0,1490.0,-0.33,572.0,644.0,538.4
NLICL,2/7/2018,1490.0,1481.0,1475.0,1478.0,-0.81,417.0,644.0,538.4
NLICL,2/8/2018,1478.0,1500.0,1480.0,1482.0,0.27,579.0,644.0,538.4
NLICL,2/11/2018,1482.0,1487.0,1480.0,1481.0,-0.07,654.0,644.0,538.4
NLICL,2/12/2018,1481.0,1483.0,1446.0,1446.0,-2.36,895.0,644.0,538.4
NLICL,2/14/2018,1446.0,1499.0,1445.0,1499.0,3.67,2991.0,644.0,538.4
NLICL,2/15/2018,1499.0,1544.0,1510.0,1520.0,1.4,4307.0,644.0,538.4
NLICL,2/18/2018,1515.0,1534.0,1490.0,1490.0,-1.97,6217.0,644.0,538.4
NLICL,2/20/2018,1519.0,1519.0,1470.0,1470.0,-1.34,2285.0,644.0,538.4
NLICL,2/21/2018,1455.0,1460.0,1451.0,1453.0,-1.16,1929.0,644.0,538.4
NLICL,2/22/2018,1465.0,1465.0,1445.0,1445.0,-0.55,4231.0,644.0,538.4
NLICL,2/25/2018,1450.0,1450.0,1425.0,1426.0,-1.31,2355.0,644.0,538.4
NLICL,2/26/2018,1433.0,1433.0,1400.0,1400.0,-1.82,2339.0,644.0,538.4
NLICL,2/27/2018,1404.0,1428.0,1404.0,1404.0,0.29,2368.0,644.0,538.4
NLICL,2/28/2018,1390.0,1390.0,1367.0,1367.0,-2.64,2616.0,644.0,538.4
NLICL,3/4/2018,1340.0,1359.0,1290.0,1300.0,-4.9,1953.0,644.0,538.4
NLICL,3/5/2018,1300.0,1300.0,1250.0,1250.0,-3.85,2160.0,644.0,538.4
NLICL,3/6/2018,1233.0,1275.0,1201.0,1230.0,-1.6,4328.0,644.0,538.4
NLICL,3/7/2018,1254.0,1293.0,1240.0,1293.0,5.12,4304.0,644.0,538.4
NLICL,3/11/2018,1299.0,1299.0,1219.0,1226.0,-5.18,2764.0,644.0,538.4
NLICL,3/12/2018,1210.0,1234.0,1210.0,1226.0,0.0,1476.0,644.0,538.4
NLICL,3/13/2018,1240.0,1240.0,1217.0,1239.0,1.06,3861.0,644.0,538.4
NLICL,3/14/2018,1220.0,1268.0,1220.0,1268.0,2.34,775.0,644.0,538.4
NLICL,3/15/2018,1252.0,1255.0,1240.0,1254.0,-1.1,1210.0,644.0,538.4
NLICL,3/18/2018,1239.0,1240.0,1206.0,1206.0,-3.83,3412.0,644.0,538.4
NLICL,3/19/2018,1229.0,1232.0,1180.0,1190.0,-1.33,2749.0,644.0,538.4
NLICL,3/20/2018,1175.0,1178.0,1156.0,1160.0,-2.52,2289.0,644.0,538.4
NLICL,3/21/2018,1140.0,1141.0,1100.0,1140.0,-1.72,4072.0,644.0,538.4
NLICL,3/22/2018,1118.0,1144.0,1090.0,1101.0,-3.42,5243.0,644.0,538.4
NLICL,3/26/2018,1079.0,1079.0,1002.0,1010.0,-8.27,5873.0,644.0,538.4
NLICL,3/27/2018,1000.0,1092.0,978.0,1069.0,5.84,5761.0,644.0,538.4
NLICL,3/28/2018,1090.0,1110.0,1030.0,1079.0,0.94,3518.0,644.0,538.4
NLICL,3/29/2018,1075.0,1100.0,1060.0,1090.0,1.02,2970.0,644.0,538.4
NLICL,4/1/2018,1080.0,1080.0,1050.0,1057.0,-3.03,4769.0,644.0,538.4
NLICL,4/2/2018,1050.0,1056.0,1037.0,1054.0,-0.28,2697.0,644.0,538.4
NLICL,4/3/2018,1036.0,1058.0,1035.0,1055.0,0.09,1979.0,644.0,538.4
NLICL,4/4/2018,1060.0,1084.0,1056.0,1080.0,2.37,6462.0,644.0,538.4
NLICL,4/5/2018,1095.0,1114.0,1060.0,1114.0,3.15,6487.0,644.0,538.4
NLICL,4/8/2018,1136.0,1208.0,1100.0,1184.0,6.28,14016.0,644.0,538.4
NLICL,4/9/2018,1200.0,1210.0,1154.0,1157.0,-2.28,14857.0,644.0,538.4
NLICL,4/10/2018,1134.0,1185.0,1130.0,1145.0,-1.04,4062.0,644.0,538.4
NLICL,4/11/2018,1123.0,1163.0,1110.0,1163.0,1.57,2661.0,644.0,538.4
NLICL,4/12/2018,1152.0,1221.0,1152.0,1210.0,4.04,12720.0,644.0,538.4
NLICL,4/15/2018,1234.0,1234.0,1164.0,1223.0,1.07,4235.0,644.0,538.4
NLICL,4/16/2018,1210.0,1313.0,1200.0,1280.0,4.66,13822.0,644.0,538.4
NLICL,4/17/2018,1305.0,1370.0,1300.0,1356.0,5.94,16509.0,644.0,538.4
NLICL,4/18/2018,1340.0,1377.0,1320.0,1350.0,-0.44,12444.0,644.0,538.4
NLICL,4/19/2018,1350.0,1380.0,1300.0,1349.0,-0.07,10241.0,644.0,538.4
NLICL,4/22/2018,1375.0,1435.0,1367.0,1435.0,6.38,15125.0,644.0,538.4
NLICL,4/23/2018,1463.0,1521.0,1430.0,1468.0,2.3,25382.0,644.0,538.4
NLICL,4/24/2018,1442.0,1489.0,1438.0,1450.0,-1.23,6783.0,644.0,538.4
NLICL,4/25/2018,1425.0,1460.0,1422.0,1450.0,0.0,5661.0,644.0,538.4
NLICL,4/26/2018,1450.0,1455.0,1400.0,1402.0,-3.31,6271.0,644.0,538.4
NLICL,4/29/2018,1430.0,1430.0,1391.0,1400.0,-0.14,5771.0,644.0,538.4
NLICL,5/2/2018,1383.0,1420.0,1370.0,1420.0,1.43,10702.0,644.0,538.4
NLICL,5/3/2018,1448.0,1475.0,1419.0,1439.0,1.34,7208.0,644.0,538.4
NLICL,5/6/2018,1467.0,1467.0,1420.0,1420.0,-1.32,4333.0,644.0,538.4
NLICL,5/7/2018,1402.0,1420.0,1402.0,1410.0,-0.7,20510.0,644.0,538.4
NLICL,5/8/2018,1420.0,1434.0,1406.0,1414.0,0.28,11660.0,644.0,538.4
NLICL,5/9/2018,1429.0,1434.0,1420.0,1434.0,1.41,2986.0,644.0,538.4
NLICL,5/10/2018,1435.0,1435.0,1415.0,1415.0,-1.32,2360.0,644.0,538.4
NLICL,5/14/2018,1415.0,1428.0,1395.0,1395.0,-1.41,2724.0,644.0,538.4
NLICL,5/15/2018,1422.0,1449.0,1372.0,1372.0,-1.65,2757.0,644.0,538.4
NLICL,5/16/2018,1385.0,1411.0,1380.0,1393.0,1.53,3218.0,644.0,538.4
NLICL,5/17/2018,1420.0,1420.0,1386.0,1386.0,-0.5,4005.0,644.0,538.4
NLICL,5/20/2018,1413.0,1468.0,1413.0,1420.0,2.45,8855.0,644.0,538.4
NLICL,5/21/2018,1425.0,1425.0,1395.0,1419.0,-0.07,12248.0,644.0,538.4
NLICL,5/22/2018,1412.0,1412.0,1401.0,1410.0,-0.63,897.0,644.0,538.4
NLICL,5/23/2018,1410.0,1415.0,1400.0,1404.0,-0.43,3181.0,644.0,538.4
NLICL,5/24/2018,1400.0,1405.0,1382.0,1383.0,-1.5,3313.0,644.0,538.4
NLICL,5/27/2018,1356.0,1364.0,1350.0,1356.0,-1.95,2242.0,644.0,538.4
NLICL,5/28/2018,1355.0,1400.0,1350.0,1385.0,2.14,4367.0,644.0,538.4
NLICL,5/29/2018,1400.0,1400.0,1380.0,1391.0,0.43,3025.0,644.0,538.4
NLICL,5/30/2018,1365.0,1450.0,1365.0,1390.0,-0.07,3005.0,644.0,538.4
NLICL,5/31/2018,1390.0,1390.0,1376.0,1376.0,-1.01,1150.0,644.0,538.4
NLICL,6/3/2018,1349.0,1360.0,1300.0,1311.0,-4.72,7255.0,644.0,538.4
NLICL,6/4/2018,1336.0,1336.0,1290.0,1303.0,-0.61,4502.0,644.0,538.4
NLICL,6/6/2018,1329.0,1355.0,1315.0,1325.0,1.69,1503.0,644.0,538.4
NLICL,6/7/2018,1325.0,1325.0,1287.0,1290.0,-2.64,4828.0,644.0,538.4
NLICL,6/10/2018,1290.0,1290.0,1265.0,1270.0,-1.55,6325.0,644.0,538.4
NLICL,6/11/2018,1246.0,1294.0,1246.0,1258.0,-0.94,2185.0,644.0,538.4
NLICL,6/12/2018,1265.0,1288.0,1265.0,1287.0,2.31,890.0,644.0,538.4
NLICL,6/13/2018,1295.0,1298.0,1275.0,1298.0,0.85,637.0,644.0,538.4
NLICL,6/14/2018,1300.0,1300.0,1274.0,1295.0,-0.23,5243.0,644.0,538.4
NLICL,6/17/2018,1275.0,1280.0,1275.0,1275.0,-1.54,970.0,644.0,538.4
NLICL,6/18/2018,1256.0,1273.0,1250.0,1273.0,-0.16,3035.0,644.0,538.4
NLICL,6/19/2018,1250.0,1251.0,1240.0,1250.0,-1.81,1636.0,644.0,538.4
NLICL,6/20/2018,1240.0,1250.0,1240.0,1240.0,-0.8,1107.0,644.0,538.4
NLICL,6/21/2018,1228.0,1255.0,1226.0,1239.0,-0.08,4424.0,644.0,538.4
NLICL,6/24/2018,1235.0,1251.0,1235.0,1235.0,-0.32,700.0,644.0,538.4
NLICL,6/25/2018,1220.0,1220.0,1200.0,1200.0,-2.83,3414.0,644.0,538.4
NLICL,6/26/2018,1200.0,1200.0,1176.0,1176.0,-2.0,2896.0,644.0,538.4
NLICL,6/27/2018,1175.0,1198.0,1153.0,1170.0,-0.51,2560.0,644.0,538.4
NLICL,6/28/2018,1193.0,1222.0,1193.0,1200.0,2.56,8151.0,644.0,538.4
NLICL,7/1/2018,1215.0,1215.0,1190.0,1194.0,-0.5,6269.0,644.0,538.4
NLICL,7/2/2018,1200.0,1200.0,1180.0,1182.0,-1.01,7149.0,644.0,538.4
NLICL,7/3/2018,1184.0,1190.0,1166.0,1173.0,-0.76,7905.0,644.0,538.4
NLICL,7/4/2018,1184.0,1184.0,1155.0,1163.0,-0.85,9752.0,644.0,538.4
NLICL,7/5/2018,1165.0,1215.0,1165.0,1215.0,4.47,31533.0,644.0,538.4
NLICL,7/8/2018,812.0,850.0,812.0,830.0,-31.69,16896.0,644.0,538.4
NLICL,7/9/2018,825.0,825.0,800.0,800.0,-3.61,8674.0,644.0,538.4
NLICL,7/10/2018,816.0,817.0,799.0,800.0,0.0,4558.0,644.0,538.4
NLICL,7/11/2018,800.0,827.0,790.0,803.0,0.37,4780.0,644.0,538.4
NLICL,7/12/2018,800.0,803.0,790.0,800.0,-0.37,1650.0,644.0,538.4
NLICL,7/15/2018,805.0,805.0,784.0,790.0,-1.25,1530.0,644.0,538.4
NLICL,7/16/2018,792.0,799.0,786.0,799.0,1.14,2286.0,644.0,538.4
NLICL,7/17/2018,799.0,800.0,786.0,794.0,-0.63,3595.0,644.0,538.4
NLICL,7/18/2018,792.0,793.0,781.0,781.0,-1.64,16769.0,644.0,538.4
NLICL,7/19/2018,780.0,781.0,770.0,770.0,-1.41,760.0,644.0,538.4
NLICL,7/22/2018,770.0,770.0,756.0,759.0,-1.43,2645.0,644.0,538.4
NLICL,7/23/2018,760.0,768.0,760.0,768.0,1.19,520.0,644.0,538.4
NLICL,7/24/2018,783.0,790.0,775.0,776.0,1.04,1353.0,644.0,538.4
NLICL,7/25/2018,780.0,780.0,768.0,770.0,-0.77,998.0,644.0,538.4
NLICL,7/26/2018,770.0,770.0,755.0,760.0,-1.3,3747.0,644.0,538.4
NLICL,7/29/2018,760.0,767.0,760.0,765.0,0.66,5048.0,644.0,538.4
NLICL,7/30/2018,757.0,777.0,756.0,777.0,1.57,1621.0,644.0,538.4
NLICL,7/31/2018,762.0,777.0,762.0,775.0,-0.26,1398.0,644.0,538.4
NLICL,8/1/2018,775.0,775.0,765.0,768.0,-0.9,1272.0,644.0,538.4
NLICL,8/2/2018,765.0,770.0,761.0,761.0,-0.91,1012.0,644.0,538.4
NLICL,8/5/2018,776.0,776.0,762.0,762.0,0.13,170.0,644.0,538.4
NLICL,8/6/2018,760.0,761.0,755.0,761.0,-0.13,1737.0,644.0,538.4
NLICL,8/7/2018,761.0,763.0,740.0,743.0,-2.37,2467.0,644.0,538.4
NLICL,8/8/2018,737.0,740.0,735.0,738.0,-0.67,1240.0,644.0,538.4
NLICL,8/9/2018,735.0,749.0,724.0,730.0,-1.08,1199.0,644.0,538.4
NLICL,8/12/2018,728.0,728.0,710.0,710.0,-2.74,1178.0,644.0,538.4
NLICL,8/13/2018,700.0,742.0,700.0,720.0,1.41,2075.0,644.0,538.4
NLICL,8/14/2018,725.0,730.0,720.0,730.0,1.39,3501.0,644.0,538.4
NLICL,8/15/2018,730.0,750.0,726.0,750.0,2.74,3690.0,644.0,538.4
NLICL,8/16/2018,750.0,763.0,742.0,745.0,-0.67,2297.0,644.0,538.4
NLICL,8/19/2018,732.0,735.0,722.0,722.0,-3.09,775.0,644.0,538.4
NLICL,8/20/2018,717.0,718.0,711.0,711.0,-1.52,1030.0,644.0,538.4
NLICL,8/21/2018,725.0,725.0,710.0,710.0,-0.14,340.0,644.0,538.4
NLICL,8/22/2018,722.0,722.0,700.0,710.0,0.0,1459.0,644.0,538.4
NLICL,8/23/2018,705.0,710.0,702.0,704.0,-0.85,1249.0,644.0,538.4
NLICL,8/26/2018,700.0,705.0,700.0,705.0,0.14,5646.0,644.0,538.4
NLICL,8/28/2018,704.0,705.0,699.0,702.0,-0.43,5975.0,644.0,538.4
NLICL,8/29/2018,703.0,703.0,685.0,690.0,-1.71,2475.0,644.0,538.4
NLICL,8/30/2018,690.0,700.0,690.0,696.0,0.87,2269.0,644.0,538.4
NLICL,9/2/2018,695.0,704.0,695.0,702.0,0.86,434.0,644.0,538.4
NLICL,9/3/2018,710.0,730.0,705.0,720.0,2.56,2210.0,644.0,538.4
NLICL,9/4/2018,711.0,725.0,706.0,710.0,-1.39,1724.0,644.0,538.4
NLICL,9/5/2018,715.0,735.0,715.0,720.0,1.41,3465.0,644.0,538.4
NLICL,9/6/2018,734.0,735.0,712.0,712.0,-1.11,5473.0,644.0,538.4
NLICL,9/9/2018,705.0,706.0,704.0,704.0,-1.12,1250.0,644.0,538.4
NLICL,9/10/2018,700.0,701.0,697.0,700.0,-0.57,905.0,644.0,538.4
NLICL,9/11/2018,704.0,705.0,695.0,695.0,-0.71,6655.0,644.0,538.4
NLICL,9/12/2018,708.0,717.0,700.0,700.0,0.72,848.0,644.0,538.4
NLICL,9/13/2018,700.0,704.0,695.0,695.0,-0.71,1176.0,644.0,538.4
NLICL,9/16/2018,704.0,715.0,704.0,709.0,2.01,4554.0,644.0,538.4
NLICL,9/17/2018,713.0,754.0,713.0,727.0,2.54,2297.0,644.0,538.4
NLICL,9/18/2018,723.0,733.0,722.0,733.0,0.83,2618.0,644.0,538.4
NLICL,9/20/2018,726.0,726.0,714.0,714.0,-2.59,2770.0,644.0,538.4
NLICL,9/23/2018,710.0,715.0,704.0,715.0,0.14,758.0,644.0,538.4
NLICL,9/25/2018,725.0,735.0,711.0,739.0,3.36,2829.0,644.0,538.4
NLICL,9/26/2018,727.0,727.0,725.0,727.0,-1.62,466.0,644.0,538.4
NLICL,9/27/2018,720.0,720.0,714.0,714.0,-1.79,1707.0,644.0,538.4
NLICL,9/30/2018,714.0,718.0,703.0,713.0,-0.14,2162.0,644.0,538.4
NLICL,10/1/2018,713.0,713.0,700.0,700.0,-1.82,4680.0,644.0,538.4
NLICL,10/2/2018,701.0,702.0,699.0,701.0,0.14,2772.0,644.0,538.4
NLICL,10/3/2018,702.0,705.0,690.0,690.0,-1.57,3089.0,644.0,538.4
NLICL,10/4/2018,695.0,702.0,686.0,696.0,0.87,2655.0,644.0,538.4
NLICL,10/7/2018,690.0,692.0,684.0,684.0,-1.72,1379.0,644.0,538.4
NLICL,10/8/2018,685.0,696.0,668.0,672.0,-1.75,4187.0,644.0,538.4
NLICL,10/9/2018,670.0,677.0,665.0,677.0,0.74,1516.0,644.0,538.4
NLICL,10/10/2018,672.0,675.0,670.0,675.0,-0.3,1502.0,644.0,538.4
NLICL,10/11/2018,677.0,685.0,675.0,675.0,0.0,1381.0,644.0,538.4
NLICL,10/14/2018,675.0,677.0,675.0,677.0,0.3,530.0,644.0,538.4
NLICL,10/15/2018,680.0,681.0,677.0,680.0,0.44,860.0,644.0,538.4
NLICL,10/21/2018,693.0,693.0,692.0,693.0,1.91,209.0,644.0,538.4
NLICL,10/22/2018,700.0,695.0,690.0,690.0,-0.43,487.0,644.0,538.4
NLICL,10/23/2018,692.0,696.0,691.0,691.0,0.14,2330.0,644.0,538.4
NLICL,10/24/2018,695.0,696.0,692.0,695.0,0.58,2342.0,644.0,538.4
NLICL,10/25/2018,682.0,700.0,682.0,700.0,0.72,2751.0,644.0,538.4
NLICL,10/28/2018,693.0,695.0,686.0,695.0,-0.71,5190.0,644.0,538.4
NLICL,10/29/2018,690.0,695.0,690.0,695.0,0.0,7729.0,644.0,538.4
NLICL,10/30/2018,695.0,700.0,686.0,686.0,-1.29,4339.0,644.0,538.4
NLICL,10/31/2018,681.0,697.0,680.0,695.0,1.31,1098.0,644.0,538.4
NLICL,11/1/2018,693.0,702.0,691.0,700.0,0.72,7239.0,644.0,538.4
NLICL,11/4/2018,705.0,705.0,692.0,692.0,-1.14,3929.0,644.0,538.4
NLICL,11/5/2018,700.0,700.0,698.0,700.0,1.16,6236.0,644.0,538.4
NLICL,11/11/2018,700.0,703.0,690.0,690.0,-1.43,600.0,644.0,538.4
NLICL,11/12/2018,680.0,690.0,665.0,665.0,-3.62,1055.0,644.0,538.4
NLICL,11/13/2018,670.0,683.0,666.0,683.0,2.71,30.0,644.0,538.4
NLICL,11/14/2018,683.0,683.0,675.0,675.0,-1.17,100.0,644.0,538.4
NLICL,11/15/2018,675.0,690.0,675.0,682.0,1.04,1295.0,644.0,538.4
NLICL,11/18/2018,672.0,672.0,671.0,671.0,-1.61,503.0,644.0,538.4
NLICL,11/19/2018,670.0,671.0,660.0,662.0,-1.34,750.0,644.0,538.4
NLICL,11/20/2018,668.0,668.0,650.0,650.0,-1.81,1654.0,644.0,538.4
NLICL,11/21/2018,650.0,660.0,642.0,660.0,1.54,707.0,644.0,538.4
NLICL,11/22/2018,660.0,660.0,655.0,655.0,-0.76,700.0,644.0,538.4
NLICL,11/25/2018,655.0,655.0,650.0,650.0,-0.76,520.0,644.0,538.4
NLICL,11/26/2018,641.0,641.0,628.0,629.0,-3.23,3648.0,644.0,538.4
NLICL,11/27/2018,630.0,645.0,630.0,632.0,0.48,6365.0,644.0,538.4
NLICL,11/28/2018,635.0,639.0,630.0,639.0,1.11,4127.0,644.0,538.4
NLICL,11/29/2018,625.0,630.0,625.0,627.0,-1.88,424.0,644.0,538.4
NLICL,12/2/2018,615.0,615.0,595.0,595.0,-5.1,5210.0,644.0,538.4
NLICL,12/3/2018,595.0,610.0,595.0,600.0,0.84,4311.0,644.0,538.4
NLICL,12/4/2018,595.0,606.0,595.0,606.0,1.0,1291.0,644.0,538.4
NLICL,12/5/2018,602.0,603.0,594.0,594.0,-1.98,1452.0,644.0,538.4
NLICL,12/6/2018,600.0,600.0,592.0,592.0,-0.34,1175.0,644.0,538.4
NLICL,12/9/2018,590.0,600.0,590.0,600.0,1.35,350.0,644.0,538.4
NLICL,12/10/2018,610.0,620.0,610.0,620.0,3.33,1107.0,644.0,538.4
NLICL,12/11/2018,620.0,625.0,610.0,615.0,-0.81,1412.0,644.0,538.4
NLICL,12/12/2018,614.0,618.0,614.0,618.0,0.49,250.0,644.0,538.4
NLICL,12/13/2018,611.0,620.0,607.0,618.0,0.0,1410.0,644.0,538.4
NLICL,12/16/2018,625.0,644.0,625.0,630.0,1.94,1552.0,644.0,538.4
NLICL,12/17/2018,631.0,650.0,631.0,646.0,2.54,1755.0,644.0,538.4
NLICL,12/18/2018,650.0,650.0,632.0,648.0,0.31,1867.0,644.0,538.4
NLICL,12/19/2018,648.0,648.0,624.0,626.0,-3.4,3066.0,644.0,538.4
NLICL,12/20/2018,626.0,630.0,612.0,613.0,-2.08,10231.0,644.0,538.4
NLICL,12/23/2018,626.0,657.0,625.0,645.0,5.22,6798.0,644.0,538.4
NLICL,12/24/2018,645.0,690.0,635.0,673.0,4.34,9540.0,644.0,538.4
NLICL,12/25/2018,660.0,664.0,651.0,664.0,-1.34,4511.0,644.0,538.4
NLICL,12/26/2018,670.0,728.0,670.0,725.0,9.19,39068.0,644.0,538.4
NLICL,12/27/2018,737.0,760.0,720.0,730.0,0.69,58146.0,644.0,538.4
NLICL,12/30/2018,743.0,750.0,725.0,734.0,0.55,28564.0,644.0,538.4
NLICL,12/31/2018,736.0,740.0,710.0,710.0,-3.27,17662.0,644.0,538.4
NLICL,1/1/2019,730.0,737.0,718.0,720.0,1.41,7653.0,644.0,538.4
NLICL,1/2/2019,706.0,715.0,706.0,709.0,-1.53,5084.0,644.0,538.4
NLICL,1/3/2019,712.0,721.0,708.0,713.0,0.56,11823.0,644.0,538.4
NLICL,1/6/2019,706.0,715.0,705.0,711.0,-0.28,6584.0,644.0,538.4
NLICL,1/7/2019,719.0,719.0,707.0,714.0,0.42,4071.0,644.0,538.4
NLICL,1/8/2019,720.0,720.0,710.0,714.0,0.0,4643.0,644.0,538.4
NLICL,1/9/2019,711.0,719.0,711.0,715.0,0.14,4906.0,644.0,538.4
NLICL,1/10/2019,714.0,715.0,711.0,714.0,-0.14,4345.0,644.0,538.4
NLICL,1/13/2019,714.0,714.0,700.0,706.0,-1.12,4924.0,644.0,538.4
NLICL,1/14/2019,701.0,709.0,696.0,709.0,0.42,2346.0,644.0,538.4
NLICL,1/15/2019,710.0,720.0,705.0,720.0,1.55,11918.0,644.0,538.4
NLICL,1/16/2019,722.0,728.0,708.0,712.0,-1.11,5846.0,644.0,538.4
NLICL,1/17/2019,698.0,709.0,694.0,698.0,-1.97,5294.0,644.0,538.4
NLICL,1/20/2019,694.0,695.0,693.0,693.0,-0.72,528.0,644.0,538.4
NLICL,1/21/2019,686.0,688.0,681.0,685.0,-1.15,2303.0,644.0,538.4
NLICL,1/22/2019,676.0,690.0,675.0,687.0,0.29,1825.0,644.0,538.4
NLICL,1/23/2019,685.0,695.0,679.0,695.0,1.16,2227.0,644.0,538.4
NLICL,1/24/2019,690.0,697.0,684.0,690.0,-0.72,2535.0,644.0,538.4
NLICL,1/27/2019,680.0,685.0,678.0,680.0,-1.45,7768.0,644.0,538.4
NLICL,1/28/2019,689.0,689.0,680.0,680.0,0.0,3420.0,644.0,538.4
NLICL,1/29/2019,685.0,685.0,676.0,678.0,-0.29,2710.0,644.0,538.4
NLICL,1/30/2019,680.0,680.0,671.0,680.0,0.29,2321.0,644.0,538.4
NLICL,1/31/2019,685.0,685.0,675.0,675.0,-0.74,2182.0,644.0,538.4
NLICL,2/3/2019,675.0,675.0,670.0,670.0,-0.74,2103.0,644.0,538.4
NLICL,2/4/2019,670.0,672.0,659.0,660.0,-1.49,4382.0,644.0,538.4
NLICL,2/5/2019,663.0,664.0,655.0,663.0,0.45,4019.0,644.0,538.4
NLICL,2/6/2019,660.0,663.0,654.0,654.0,-1.36,1854.0,644.0,538.4
NLICL,2/7/2019,649.0,660.0,649.0,658.0,0.61,270.0,644.0,538.4
NLICL,2/10/2019,650.0,650.0,631.0,631.0,-4.1,3331.0,644.0,538.4
NLICL,2/11/2019,640.0,650.0,640.0,646.0,2.38,9263.0,644.0,538.4
NLICL,2/12/2019,652.0,652.0,628.0,645.0,-0.15,2061.0,644.0,538.4
NLICL,2/13/2019,638.0,638.0,633.0,633.0,-1.86,3994.0,644.0,538.4
NLICL,2/14/2019,625.0,630.0,621.0,630.0,-0.47,1613.0,644.0,538.4
NLICL,2/17/2019,639.0,639.0,619.0,620.0,-1.59,1550.0,644.0,538.4
NLICL,2/18/2019,620.0,620.0,610.0,612.0,-1.29,2930.0,644.0,538.4
NLICL,2/19/2019,624.0,648.0,621.0,648.0,5.88,1984.0,644.0,538.4
NLICL,2/20/2019,640.0,660.0,626.0,634.0,-2.16,3675.0,644.0,538.4
NLICL,2/21/2019,623.0,627.0,620.0,625.0,-1.42,5118.0,644.0,538.4
NLICL,2/24/2019,620.0,622.0,616.0,622.0,-0.48,2527.0,644.0,538.4
NLICL,2/25/2019,623.0,628.0,620.0,624.0,0.32,3024.0,644.0,538.4
NLICL,2/26/2019,618.0,623.0,617.0,621.0,-0.48,2179.0,644.0,538.4
NLICL,2/27/2019,624.0,630.0,622.0,625.0,0.64,2028.0,644.0,538.4
NLICL,3/3/2019,625.0,625.0,612.0,615.0,-1.6,3578.0,644.0,538.4
NLICL,3/5/2019,615.0,618.0,611.0,614.0,-0.16,4842.0,644.0,538.4
NLICL,3/6/2019,611.0,630.0,611.0,630.0,2.61,7667.0,644.0,538.4
NLICL,3/7/2019,640.0,654.0,631.0,652.0,3.49,9479.0,644.0,538.4
NLICL,3/10/2019,651.0,654.0,635.0,654.0,0.31,2957.0,644.0,538.4
NLICL,3/11/2019,648.0,663.0,644.0,662.0,1.22,8278.0,644.0,538.4
NLICL,3/12/2019,668.0,670.0,655.0,666.0,0.6,10302.0,644.0,538.4
NLICL,3/13/2019,665.0,674.0,658.0,658.0,-1.2,20096.0,644.0,538.4
NLICL,3/14/2019,666.0,669.0,652.0,669.0,1.67,23817.0,644.0,538.4
NLICL,3/17/2019,601.0,611.0,590.0,597.0,-10.76,12201.0,644.0,538.4
NLICL,3/18/2019,595.0,599.0,585.0,588.0,-1.51,6200.0,644.0,538.4
NLICL,3/19/2019,580.0,582.0,579.0,582.0,-1.02,1551.0,644.0,538.4
NLICL,3/21/2019,580.0,580.0,575.0,575.0,-1.2,5950.0,644.0,538.4
NLICL,3/24/2019,568.0,576.0,565.0,566.0,-1.57,3493.0,644.0,538.4
NLICL,3/25/2019,568.0,573.0,566.0,573.0,1.24,3008.0,644.0,538.4
NLICL,3/26/2019,566.0,575.0,566.0,575.0,0.35,4887.0,644.0,538.4
NLICL,3/27/2019,571.0,584.0,571.0,584.0,1.57,1656.0,644.0,538.4
NLICL,3/28/2019,580.0,583.0,575.0,582.0,-0.34,2495.0,644.0,538.4
NLICL,3/31/2019,575.0,575.0,570.0,570.0,-2.06,5854.0,644.0,538.4
NLICL,4/1/2019,571.0,575.0,569.0,569.0,-0.18,5646.0,644.0,538.4
NLICL,4/2/2019,573.0,582.0,573.0,576.0,1.23,4107.0,644.0,538.4
NLICL,4/3/2019,572.0,580.0,570.0,573.0,-0.52,11376.0,644.0,538.4
NLICL,4/4/2019,579.0,579.0,570.0,575.0,0.35,4823.0,644.0,538.4
NLICL,4/7/2019,575.0,575.0,566.0,567.0,-1.39,7782.0,644.0,538.4
NLICL,4/8/2019,566.0,600.0,566.0,594.0,4.76,11797.0,644.0,538.4
NLICL,4/9/2019,595.0,595.0,575.0,575.0,-3.2,7035.0,644.0,538.4
NLICL,4/10/2019,586.0,594.0,576.0,585.0,1.74,19726.0,644.0,538.4
NLICL,4/11/2019,596.0,596.0,582.0,590.0,0.85,2539.0,644.0,538.4
NLICL,4/15/2019,590.0,592.0,584.0,590.0,0.0,2642.0,644.0,538.4
NLICL,4/16/2019,590.0,601.0,588.0,598.0,1.36,13231.0,644.0,538.4
NLICL,4/17/2019,595.0,604.0,590.0,599.0,0.17,4153.0,644.0,538.4
NLICL,4/18/2019,599.0,599.0,586.0,586.0,-2.17,4703.0,644.0,538.4
NLICL,4/21/2019,597.0,600.0,586.0,586.0,0.0,5501.0,644.0,538.4
NLICL,4/22/2019,597.0,627.0,595.0,605.0,3.24,13388.0,644.0,538.4
NLICL,4/23/2019,617.0,617.0,603.0,615.0,1.65,6021.0,644.0,538.4
NLICL,4/24/2019,616.0,625.0,616.0,625.0,1.63,7273.0,644.0,538.4
NLICL,4/25/2019,625.0,630.0,615.0,629.0,0.64,10370.0,644.0,538.4
NLICL,4/28/2019,641.0,691.0,641.0,691.0,9.86,22240.0,644.0,538.4
NLICL,4/29/2019,704.0,731.0,686.0,694.0,0.43,43701.0,644.0,538.4
NLICL,4/30/2019,707.0,707.0,670.0,670.0,-3.46,10825.0,644.0,538.4
NLICL,5/2/2019,683.0,692.0,649.0,674.0,0.6,9855.0,644.0,538.4
NLICL,5/5/2019,670.0,690.0,668.0,669.0,-0.74,7937.0,644.0,538.4
NLICL,5/6/2019,668.0,693.0,661.0,674.0,0.75,8339.0,644.0,538.4
NLICL,5/7/2019,687.0,687.0,670.0,679.0,0.74,5786.0,644.0,538.4
NLICL,5/8/2019,675.0,675.0,670.0,672.0,-1.03,4135.0,644.0,538.4
NLICL,5/9/2019,672.0,672.0,661.0,669.0,-0.45,1162.0,644.0,538.4
NLICL,5/12/2019,670.0,683.0,659.0,669.0,0.0,5604.0,644.0,538.4
NLICL,5/13/2019,667.0,667.0,659.0,661.0,-1.2,3365.0,644.0,538.4
NLICL,5/14/2019,674.0,699.0,663.0,670.0,1.36,5728.0,644.0,538.4
NLICL,5/15/2019,671.0,681.0,669.0,670.0,0.0,9935.0,644.0,538.4
NLICL,5/16/2019,671.0,675.0,668.0,669.0,-0.15,4733.0,644.0,538.4
NLICL,5/19/2019,665.0,675.0,665.0,666.0,-0.45,2625.0,644.0,538.4
NLICL,5/20/2019,655.0,668.0,650.0,658.0,-1.2,5835.0,644.0,538.4
NLICL,5/21/2019,655.0,664.0,655.0,660.0,0.3,7007.0,644.0,538.4
NLICL,5/22/2019,660.0,680.0,660.0,675.0,2.27,8874.0,644.0,538.4
NLICL,5/23/2019,672.0,674.0,660.0,668.0,-1.04,7660.0,644.0,538.4
NLICL,5/26/2019,660.0,665.0,658.0,664.0,-0.6,896.0,644.0,538.4
NLICL,5/27/2019,659.0,663.0,651.0,658.0,-0.9,6865.0,644.0,538.4
NLICL,5/28/2019,651.0,664.0,650.0,653.0,-0.76,4122.0,644.0,538.4
NLICL,5/29/2019,665.0,665.0,646.0,660.0,1.07,5335.0,644.0,538.4
NLICL,5/30/2019,673.0,686.0,645.0,650.0,-1.52,14356.0,644.0,538.4
NLICL,6/2/2019,656.0,656.0,639.0,642.0,-1.23,2550.0,644.0,538.4
NLICL,6/3/2019,630.0,643.0,630.0,636.0,-0.93,4335.0,644.0,538.4
NLICL,6/4/2019,645.0,645.0,624.0,645.0,1.42,7899.0,644.0,538.4
NLICL,6/6/2019,640.0,640.0,622.0,630.0,-2.33,1546.0,644.0,538.4
NLICL,6/10/2019,630.0,630.0,622.0,623.0,-1.11,3765.0,644.0,538.4
NLICL,6/11/2019,635.0,635.0,622.0,629.0,0.96,12866.0,644.0,538.4
NLICL,6/12/2019,622.0,630.0,620.0,629.0,0.0,8647.0,644.0,538.4
NLICL,6/13/2019,625.0,632.0,625.0,630.0,0.16,2965.0,644.0,538.4
NLICL,6/16/2019,622.0,625.0,617.0,623.0,-1.11,6384.0,644.0,538.4
NLICL,6/17/2019,620.0,627.0,620.0,627.0,0.64,7142.0,644.0,538.4
NLICL,6/18/2019,630.0,630.0,617.0,617.0,-1.59,1897.0,644.0,538.4
NLICL,6/19/2019,620.0,623.0,616.0,619.0,0.32,1980.0,644.0,538.4
NLICL,6/20/2019,619.0,627.0,616.0,627.0,1.29,1590.0,644.0,538.4
NLICL,6/23/2019,615.0,619.0,615.0,619.0,-1.28,5830.0,644.0,538.4
NLICL,6/24/2019,615.0,615.0,610.0,614.0,-0.81,2046.0,644.0,538.4
NLICL,6/25/2019,610.0,613.0,610.0,612.0,-0.33,2101.0,644.0,538.4
NLICL,6/26/2019,610.0,610.0,599.0,603.0,-1.47,6423.0,644.0,538.4
NLICL,6/27/2019,601.0,602.0,599.0,599.0,-0.66,3291.0,644.0,538.4
NLICL,6/30/2019,600.0,615.0,596.0,600.0,0.17,1277.0,644.0,538.4
NLICL,7/1/2019,601.0,601.0,588.0,594.0,-1.0,3639.0,644.0,538.4
NLICL,7/2/2019,587.0,598.0,586.0,598.0,0.67,6214.0,644.0,538.4
NLICL,7/3/2019,591.0,605.0,591.0,605.0,1.17,4845.0,644.0,538.4
NLICL,7/4/2019,604.0,604.0,596.0,596.0,-1.49,4242.0,644.0,538.4
NLICL,7/7/2019,600.0,600.0,595.0,598.0,0.34,3164.0,644.0,538.4
NLICL,7/8/2019,590.0,591.0,580.0,580.0,-3.01,2580.0,644.0,538.4
NLICL,7/9/2019,580.0,590.0,578.0,580.0,0.0,3104.0,644.0,538.4
NLICL,7/10/2019,579.0,580.0,572.0,572.0,-1.38,13676.0,644.0,538.4
NLICL,7/11/2019,573.0,580.0,568.0,572.0,0.0,4104.0,644.0,538.4
NLICL,7/14/2019,574.0,580.0,571.0,577.0,0.87,2700.0,644.0,538.4
NLICL,7/15/2019,577.0,590.0,577.0,590.0,2.25,1248.0,644.0,538.4
NLICL,7/16/2019,619.0,619.0,571.0,585.0,-0.85,22277.0,644.0,538.4
NLICL,7/17/2019,585.0,594.0,581.0,594.0,1.54,3170.0,644.0,538.4
NLICL,7/18/2019,601.0,609.0,600.0,605.0,1.85,8073.0,644.0,538.4
NLICL,7/21/2019,600.0,603.0,596.0,600.0,-0.83,3131.0,644.0,538.4
NLICL,7/22/2019,589.0,605.0,589.0,605.0,0.83,12267.0,644.0,538.4
NLICL,7/23/2019,596.0,615.0,591.0,615.0,1.65,3552.0,644.0,538.4
NLICL,7/24/2019,603.0,603.0,593.0,602.0,-2.11,4778.0,644.0,538.4
NLICL,7/25/2019,590.0,601.0,590.0,593.0,-1.5,2111.0,644.0,538.4
NLICL,7/28/2019,582.0,582.0,571.0,578.0,-2.53,2621.0,644.0,538.4
NLICL,7/29/2019,580.0,580.0,576.0,577.0,-0.17,6126.0,644.0,538.4
NLICL,7/30/2019,585.0,590.0,580.0,580.0,0.52,2172.0,644.0,538.4
NLICL,7/31/2019,575.0,590.0,572.0,588.0,1.38,2114.0,644.0,538.4
NLICL,8/1/2019,590.0,595.0,583.0,595.0,1.19,2643.0,644.0,538.4
NLICL,8/4/2019,596.0,596.0,580.0,580.0,-2.52,1709.0,644.0,538.4
NLICL,8/5/2019,580.0,580.0,575.0,575.0,-0.86,3602.0,644.0,538.4
NLICL,8/6/2019,573.0,577.0,571.0,573.0,-0.35,1776.0,644.0,538.4
NLICL,8/7/2019,584.0,595.0,571.0,580.0,1.22,3528.0,644.0,538.4
NLICL,8/8/2019,571.0,578.0,571.0,578.0,-0.34,3724.0,644.0,538.4
NLICL,8/11/2019,572.0,572.0,565.0,570.0,-1.38,4934.0,644.0,538.4
NLICL,8/12/2019,568.0,570.0,565.0,570.0,0.0,5981.0,644.0,538.4
NLICL,8/13/2019,567.0,577.0,564.0,577.0,1.23,2641.0,644.0,538.4
NLICL,8/14/2019,569.0,575.0,558.0,569.0,-1.39,5718.0,644.0,538.4
NLICL,8/15/2019,570.0,572.0,561.0,569.0,0.0,2014.0,644.0,538.4
NLICL,8/18/2019,561.0,561.0,552.0,552.0,-2.99,3564.0,644.0,538.4
NLICL,8/19/2019,550.0,571.0,550.0,571.0,3.44,4461.0,644.0,538.4
NLICL,8/20/2019,560.0,560.0,550.0,550.0,-3.68,2202.0,644.0,538.4
NLICL,8/21/2019,550.0,550.0,549.0,550.0,0.0,2371.0,644.0,538.4
NLICL,8/22/2019,561.0,561.0,550.0,555.0,0.91,4429.0,644.0,538.4
NLICL,8/25/2019,555.0,557.0,552.0,555.0,0.0,35336.0,644.0,538.4
NLICL,8/26/2019,555.0,555.0,547.0,548.0,-1.26,8277.0,644.0,538.4
NLICL,8/27/2019,550.0,558.0,550.0,558.0,1.82,2896.0,644.0,538.4
NLICL,8/28/2019,558.0,558.0,547.0,548.0,-1.79,1385.0,644.0,538.4
NLICL,8/29/2019,548.0,550.0,543.0,549.0,0.18,3443.0,644.0,538.4
NLICL,9/1/2019,543.0,543.0,534.0,534.0,-2.73,4349.0,644.0,538.4
NLICL,9/2/2019,527.0,527.0,508.0,519.0,-2.81,6380.0,644.0,538.4
NLICL,9/3/2019,509.0,550.0,501.0,550.0,5.97,6633.0,644.0,538.4
NLICL,9/4/2019,560.0,560.0,529.0,545.0,-0.91,5326.0,644.0,538.4
NLICL,9/5/2019,541.0,543.0,536.0,543.0,-0.37,3788.0,644.0,538.4
NLICL,9/8/2019,535.0,535.0,496.0,506.0,-6.81,11168.0,644.0,538.4
NLICL,9/9/2019,514.0,514.0,498.0,504.0,-0.4,4277.0,644.0,538.4
NLICL,9/10/2019,500.0,503.0,495.0,503.0,-0.2,3861.0,644.0,538.4
NLICL,9/11/2019,500.0,500.0,486.0,495.0,-1.59,6910.0,644.0,538.4
NLICL,9/12/2019,492.0,492.0,473.0,484.0,-2.22,2890.0,644.0,538.4
NLICL,9/15/2019,480.0,493.0,460.0,493.0,1.86,3538.0,644.0,538.4
NLICL,9/16/2019,484.0,484.0,455.0,458.0,-7.1,5168.0,644.0,538.4
NLICL,9/17/2019,467.0,538.0,463.0,473.0,3.28,5400.0,644.0,538.4
NLICL,9/18/2019,482.0,508.0,477.0,496.0,4.86,8469.0,644.0,538.4
NLICL,9/19/2019,489.0,504.0,485.0,485.0,-2.22,9419.0,644.0,538.4
NLICL,9/22/2019,481.0,481.0,463.0,475.0,-2.06,3932.0,644.0,538.4
NLICL,9/23/2019,470.0,497.0,470.0,485.0,2.11,628.0,644.0,538.4
NLICL,9/24/2019,476.0,477.0,468.0,472.0,-2.68,1376.0,644.0,538.4
NLICL,9/25/2019,475.0,475.0,475.0,475.0,0.64,850.0,644.0,538.4
NLICL,9/26/2019,475.0,475.0,466.0,472.0,-0.63,1813.0,644.0,538.4
NLICL,9/29/2019,481.0,481.0,463.0,470.0,-0.42,10808.0,644.0,538.4
NLICL,9/30/2019,471.0,475.0,466.0,475.0,1.06,2455.0,644.0,538.4
NLICL,10/1/2019,474.0,476.0,468.0,475.0,0.0,3184.0,644.0,538.4
NLICL,10/2/2019,484.0,484.0,465.0,472.0,-0.63,11665.0,644.0,538.4
NLICL,10/3/2019,466.0,472.0,466.0,471.0,-0.21,9290.0,644.0,538.4
NLICL,10/10/2019,471.0,471.0,462.0,471.0,0.0,461.0,644.0,538.4
NLICL,10/14/2019,471.0,471.0,456.0,462.0,-1.91,9470.0,644.0,538.4
NLICL,10/15/2019,465.0,465.0,455.0,459.0,-0.65,12072.0,644.0,538.4
NLICL,10/16/2019,453.0,455.0,447.0,447.0,-2.61,6722.0,644.0,538.4
NLICL,10/17/2019,455.0,455.0,445.0,450.0,0.67,1017.0,644.0,538.4
NLICL,10/20/2019,445.0,450.0,445.0,450.0,0.0,1699.0,644.0,538.4
NLICL,10/21/2019,441.0,478.0,441.0,455.0,1.11,4073.0,644.0,538.4
NLICL,10/22/2019,455.0,464.0,450.0,453.0,-0.44,3073.0,644.0,538.4
NLICL,10/23/2019,445.0,456.0,445.0,455.0,0.44,6623.0,644.0,538.4
NLICL,10/24/2019,459.0,470.0,455.0,455.0,0.0,8753.0,644.0,538.4
NLICL,10/31/2019,436.0,437.0,430.0,430.0,-5.49,3520.0,644.0,538.4
NLICL,11/3/2019,431.0,432.0,421.0,421.0,-2.09,6991.0,644.0,538.4
NLICL,11/4/2019,421.0,427.0,421.0,427.0,1.43,1774.0,644.0,538.4
NLICL,11/5/2019,421.0,433.0,419.0,431.0,0.94,1957.0,644.0,538.4
NLICL,11/6/2019,436.0,436.0,436.0,436.0,1.16,10.0,644.0,538.4
NLICL,11/7/2019,428.0,436.0,423.0,427.0,-2.06,3016.0,644.0,538.4
NLICL,11/10/2019,419.0,424.0,419.0,424.0,-0.7,3341.0,644.0,538.4
NLICL,11/11/2019,420.0,428.0,420.0,425.0,0.24,2605.0,644.0,538.4
NLICL,11/12/2019,425.0,430.0,417.0,418.0,-1.65,9897.0,644.0,538.4
NLICL,11/13/2019,418.0,424.0,417.0,423.0,1.2,399.0,644.0,538.4
NLICL,11/14/2019,425.0,425.0,417.0,422.0,-0.24,2991.0,644.0,538.4
NLICL,11/17/2019,418.0,419.0,418.0,419.0,-0.71,125.0,644.0,538.4
NLICL,11/18/2019,412.0,431.0,412.0,431.0,2.86,1054.0,644.0,538.4
NLICL,11/19/2019,425.0,425.0,419.0,422.0,-2.09,2376.0,644.0,538.4
NLICL,11/20/2019,430.0,430.0,414.0,424.0,0.47,6108.0,644.0,538.4
NLICL,11/21/2019,424.0,424.0,424.0,424.0,0.0,110.0,644.0,538.4
NLICL,11/24/2019,418.0,419.0,407.0,419.0,-1.18,2911.0,644.0,538.4
NLICL,11/25/2019,411.0,419.0,408.0,418.0,-0.24,2938.0,644.0,538.4
NLICL,11/26/2019,415.0,420.0,413.0,418.0,0.0,5582.0,644.0,538.4
NLICL,11/27/2019,422.0,427.0,420.0,427.0,2.15,3033.0,644.0,538.4
NLICL,11/28/2019,422.0,425.0,419.0,419.0,-1.87,1016.0,644.0,538.4
NLICL,12/1/2019,418.0,420.0,415.0,420.0,0.24,865.0,644.0,538.4
NLICL,12/2/2019,418.0,421.0,418.0,421.0,0.24,1322.0,644.0,538.4
NLICL,12/3/2019,420.0,429.0,420.0,424.0,0.71,2750.0,644.0,538.4
NLICL,12/4/2019,427.0,440.0,426.0,429.0,1.18,8605.0,644.0,538.4
NLICL,12/5/2019,437.0,460.0,437.0,449.0,4.66,16119.0,644.0,538.4
NLICL,12/8/2019,448.0,454.0,433.0,454.0,1.11,6696.0,644.0,538.4
NLICL,12/9/2019,454.0,469.0,451.0,452.0,-0.44,9359.0,644.0,538.4
NLICL,12/10/2019,455.0,463.0,451.0,451.0,-0.22,7065.0,644.0,538.4
NLICL,12/11/2019,451.0,477.0,451.0,471.0,4.43,3037.0,644.0,538.4
NLICL,12/12/2019,475.0,505.0,469.0,498.0,5.73,29044.0,644.0,538.4
NLICL,12/15/2019,503.0,506.0,476.0,489.0,-1.81,16587.0,644.0,538.4
NLICL,12/16/2019,489.0,494.0,469.0,475.0,-2.86,10117.0,644.0,538.4
NLICL,12/17/2019,477.0,480.0,462.0,475.0,0.0,6202.0,644.0,538.4
NLICL,12/18/2019,471.0,474.0,467.0,470.0,-1.05,3693.0,644.0,538.4
NLICL,12/19/2019,470.0,479.0,462.0,470.0,0.0,4323.0,644.0,538.4
NLICL,12/22/2019,465.0,469.0,463.0,469.0,-0.21,3147.0,644.0,538.4
NLICL,12/23/2019,475.0,498.0,468.0,486.0,3.62,5803.0,644.0,538.4
NLICL,12/24/2019,480.0,489.0,469.0,472.0,-2.88,6763.0,644.0,538.4
NLICL,12/25/2019,469.0,489.0,469.0,471.0,-0.21,9789.0,644.0,538.4
NLICL,12/26/2019,480.0,480.0,471.0,471.0,0.0,10147.0,644.0,538.4
NLICL,12/29/2019,480.0,480.0,470.0,478.0,1.49,4112.0,644.0,538.4
NLICL,12/30/2019,480.0,496.0,480.0,495.0,3.56,21449.0,644.0,538.4
NLICL,12/31/2019,495.0,501.0,485.0,499.0,0.81,14800.0,644.0,538.4
NLICL,1/1/2020,502.0,502.0,484.0,484.0,-3.01,8700.0,644.0,538.4
NLICL,1/2/2020,483.0,486.0,480.0,484.0,0.0,6326.0,644.0,538.4
NLICL,1/5/2020,493.0,496.0,487.0,489.0,1.03,11553.0,644.0,538.4
NLICL,1/6/2020,497.0,502.0,488.0,491.0,0.41,7591.0,644.0,538.4
NLICL,1/7/2020,490.0,495.0,490.0,490.0,-0.2,14640.0,644.0,538.4
NLICL,1/8/2020,491.0,499.0,490.0,490.0,0.0,8847.0,644.0,538.4
NLICL,1/9/2020,485.0,492.0,485.0,489.0,-0.2,2728.0,644.0,538.4
NLICL,1/12/2020,498.0,537.0,498.0,537.0,9.82,24992.0,644.0,538.4
NLICL,1/13/2020,547.0,586.0,530.0,574.0,6.89,35253.0,644.0,538.4
NLICL,1/14/2020,563.0,580.0,551.0,558.0,-2.79,14524.0,644.0,538.4
NLICL,1/15/2020,565.0,599.0,558.0,599.0,7.35,27196.0,644.0,538.4
NLICL,1/16/2020,601.0,635.0,598.0,628.0,4.84,36353.0,644.0,538.4
NLICL,1/19/2020,636.0,673.0,620.0,659.0,4.94,59301.0,644.0,538.4
NLICL,1/20/2020,665.0,670.0,610.0,630.0,-4.4,45443.0,644.0,538.4
NLICL,1/21/2020,630.0,654.0,607.0,627.0,-0.48,26534.0,644.0,538.4
NLICL,1/22/2020,627.0,651.0,625.0,637.0,1.59,24195.0,644.0,538.4
NLICL,1/23/2020,645.0,654.0,628.0,628.0,-1.41,32519.0,644.0,538.4
NLICL,1/26/2020,621.0,639.0,606.0,613.0,-2.39,41355.0,644.0,538.4
NLICL,1/27/2020,610.0,632.0,610.0,629.0,2.61,25625.0,644.0,538.4
NLICL,1/28/2020,619.0,650.0,619.0,642.0,2.07,31463.0,644.0,538.4
NLICL,1/29/2020,651.0,651.0,632.0,635.0,-1.09,17469.0,644.0,538.4
NLICL,1/30/2020,635.0,676.0,635.0,660.0,3.94,100850.0,644.0,538.4
NLICL,2/2/2020,661.0,672.0,657.0,662.0,0.3,36044.0,644.0,538.4
NLICL,2/3/2020,663.0,668.0,650.0,654.0,-1.21,12463.0,644.0,538.4
NLICL,2/4/2020,650.0,668.0,644.0,649.0,-0.76,21197.0,644.0,538.4
NLICL,2/5/2020,642.0,652.0,642.0,652.0,0.46,12446.0,644.0,538.4
NLICL,2/6/2020,653.0,667.0,650.0,654.0,0.31,21250.0,644.0,538.4
NLICL,2/9/2020,645.0,653.0,640.0,640.0,-2.14,7261.0,644.0,538.4
NLICL,2/10/2020,650.0,650.0,640.0,642.0,0.31,7038.0,644.0,538.4
NLICL,2/11/2020,646.0,656.0,646.0,651.0,1.4,11632.0,644.0,538.4
NLICL,2/12/2020,655.0,662.0,650.0,650.0,-0.15,13812.0,644.0,538.4
NLICL,2/13/2020,662.0,670.0,654.0,667.0,2.62,16617.0,644.0,538.4
NLICL,2/16/2020,678.0,710.0,672.0,709.0,6.3,70989.0,644.0,538.4
NLICL,2/17/2020,723.0,748.0,697.0,697.0,-1.69,36092.0,644.0,538.4
NLICL,2/18/2020,709.0,713.0,686.0,695.0,-0.29,31955.0,644.0,538.4
NLICL,2/19/2020,706.0,706.0,691.0,692.0,-0.43,11793.0,644.0,538.4
NLICL,2/20/2020,695.0,729.0,695.0,723.0,4.48,41613.0,644.0,538.4
NLICL,2/23/2020,737.0,766.0,725.0,743.0,2.77,46050.0,644.0,538.4
NLICL,2/24/2020,740.0,757.0,712.0,739.0,-0.54,53075.0,644.0,538.4
NLICL,2/25/2020,740.0,810.0,730.0,787.0,6.5,53403.0,644.0,538.4
NLICL,2/26/2020,800.0,852.0,800.0,852.0,8.26,88797.0,644.0,538.4
NLICL,2/27/2020,835.0,885.0,803.0,851.0,-0.12,82316.0,644.0,538.4
NLICL,3/1/2020,851.0,851.0,801.0,805.0,-5.41,55321.0,644.0,538.4
NLICL,3/2/2020,805.0,805.0,748.0,748.0,-7.08,30118.0,644.0,538.4
NLICL,3/3/2020,734.0,812.0,692.0,770.0,2.94,74302.0,644.0,538.4
NLICL,3/4/2020,808.0,808.0,700.0,717.0,-6.88,44440.0,644.0,538.4
NLICL,3/5/2020,703.0,740.0,690.0,715.0,-0.28,43413.0,644.0,538.4
NLICL,3/10/2020,701.0,701.0,645.0,645.0,-9.79,8886.0,644.0,538.4
NLICL,3/11/2020,657.0,706.0,644.0,697.0,8.06,38121.0,644.0,538.4
NLICL,3/12/2020,700.0,711.0,660.0,670.0,-3.87,39122.0,644.0,538.4
NLICL,3/15/2020,657.0,675.0,625.0,629.0,-6.12,39938.0,644.0,538.4
NLICL,3/16/2020,625.0,638.0,610.0,625.0,-0.64,50791.0,644.0,538.4
NLICL,3/17/2020,620.0,620.0,570.0,583.0,-6.72,26019.0,644.0,538.4
NLICL,3/18/2020,572.0,608.0,554.0,569.0,-2.4,16564.0,644.0,538.4
NLICL,3/19/2020,559.0,601.0,554.0,587.0,3.16,31025.0,644.0,538.4
NLICL,3/22/2020,595.0,595.0,559.0,559.0,-4.77,2907.0,644.0,538.4
NLICL,5/12/2020,554.0,554.0,543.0,543.0,-2.86,260.0,644.0,538.4
NLICL,5/13/2020,533.0,533.0,527.0,527.0,-2.95,20.0,644.0,538.4
NLICL,6/29/2020,518.0,520.0,475.0,520.0,-1.33,8531.0,644.0,538.4
NLICL,6/30/2020,530.0,572.0,530.0,572.0,10.0,2030.0,644.0,538.4
NLICL,7/1/2020,583.0,629.0,583.0,629.0,9.97,2608.0,644.0,538.4
NLICL,7/2/2020,641.0,666.0,594.0,596.0,-5.25,11065.0,644.0,538.4
NLICL,7/5/2020,607.0,654.0,598.0,628.0,5.37,12230.0,644.0,538.4
NLICL,7/6/2020,625.0,654.0,613.0,648.0,3.18,15832.0,644.0,538.4
NLICL,7/7/2020,658.0,676.0,658.0,660.0,1.85,24200.0,644.0,538.4
NLICL,7/8/2020,660.0,689.0,650.0,675.0,2.27,7926.0,644.0,538.4
NLICL,7/9/2020,662.0,689.0,660.0,679.0,0.59,22225.0,644.0,538.4
NLICL,7/12/2020,692.0,700.0,670.0,678.0,-0.15,11491.0,644.0,538.4
NLICL,7/13/2020,690.0,690.0,661.0,663.0,-2.21,12851.0,644.0,538.4
NLICL,7/14/2020,670.0,670.0,651.0,660.0,-0.45,7926.0,644.0,538.4
NLICL,7/15/2020,673.0,678.0,650.0,662.0,0.3,15337.0,644.0,538.4
NLICL,7/16/2020,674.0,680.0,670.0,675.0,1.96,7795.0,644.0,538.4
NLICL,7/19/2020,688.0,715.0,688.0,715.0,5.93,30.0,644.0,538.4
NLICL,7/20/2020,750.0,765.0,694.0,705.0,-1.4,31684.0,644.0,538.4
NLICL,7/21/2020,705.0,715.0,689.0,689.0,-2.27,18673.0,644.0,538.4
NLICL,7/22/2020,702.0,715.0,672.0,677.0,-1.74,11889.0,644.0,538.4
NLICL,7/23/2020,677.0,694.0,676.0,685.0,1.18,9879.0,644.0,538.4
NLICL,7/26/2020,695.0,732.0,695.0,720.0,5.11,55950.0,644.0,538.4
NLICL,7/27/2020,720.0,735.0,710.0,720.0,0.0,32256.0,644.0,538.4
NLICL,7/28/2020,711.0,732.0,710.0,713.0,-0.97,11132.0,644.0,538.4
NLICL,7/29/2020,703.0,704.0,687.0,693.0,-2.81,31746.0,644.0,538.4
NLICL,7/30/2020,690.0,710.0,683.0,698.0,0.72,19590.0,644.0,538.4
NLICL,8/2/2020,685.0,691.0,663.0,663.0,-5.01,31271.0,644.0,538.4
NLICL,8/3/2020,660.0,681.0,655.0,672.0,1.36,13053.0,644.0,538.4
NLICL,8/5/2020,660.0,669.0,651.0,656.0,-2.38,19853.0,644.0,538.4
NLICL,8/6/2020,648.0,657.0,635.0,657.0,0.15,17312.0,644.0,538.4
NLICL,8/9/2020,653.0,673.0,638.0,670.0,1.98,14389.0,644.0,538.4
NLICL,8/10/2020,670.0,696.0,670.0,693.0,3.43,25022.0,644.0,538.4
NLICL,8/11/2020,699.0,700.0,685.0,695.0,0.29,30816.0,644.0,538.4
NLICL,8/12/2020,694.0,710.0,685.0,695.0,0.0,12152.0,644.0,538.4
NLICL,8/13/2020,695.0,700.0,685.0,690.0,-0.72,21859.0,644.0,538.4
NLICL,8/16/2020,691.0,693.0,667.0,669.0,-3.04,30048.0,644.0,538.4
NLICL,8/17/2020,669.0,682.0,663.0,668.0,-0.15,19400.0,644.0,538.4
NLICL,8/18/2020,665.0,674.0,662.0,673.0,0.75,24125.0,644.0,538.4
NLICL,8/19/2020,660.0,672.0,660.0,669.0,-0.59,10678.0,644.0,538.4
NLICL,8/20/2020,665.0,671.0,662.0,669.0,0.0,3560.0,644.0,538.4
NLICL,8/23/2020,668.0,685.0,661.0,685.0,2.39,24081.0,644.0,538.4
NLICL,8/24/2020,695.0,702.0,689.0,696.0,1.61,36449.0,644.0,538.4
NLICL,8/25/2020,704.0,725.0,695.0,722.0,3.74,55813.0,644.0,538.4
NLICL,8/26/2020,728.0,742.0,716.0,720.0,-0.28,46862.0,644.0,538.4
NLICL,8/27/2020,720.0,727.0,707.0,718.0,-0.28,22317.0,644.0,538.4
NLICL,8/30/2020,718.0,732.0,705.0,732.0,1.95,19937.0,644.0,538.4
NLICL,8/31/2020,741.0,773.0,734.0,767.0,4.78,134003.0,644.0,538.4
NLICL,9/2/2020,780.0,805.0,776.0,777.0,1.3,209167.0,644.0,538.4
NLICL,9/3/2020,800.0,800.0,762.0,779.0,0.26,69025.0,644.0,538.4
NLICL,9/6/2020,817.0,817.0,760.0,771.0,-1.03,56633.0,644.0,538.4
NLICL,9/7/2020,771.0,771.0,750.0,759.0,-1.56,24554.0,644.0,538.4
NLICL,9/8/2020,752.0,770.0,747.0,761.0,0.26,21502.0,644.0,538.4
NLICL,9/9/2020,760.0,787.0,755.0,780.0,2.5,39354.0,644.0,538.4
NLICL,9/10/2020,790.0,799.0,776.0,793.0,1.67,56021.0,644.0,538.4
NLICL,9/13/2020,800.0,820.0,795.0,802.0,1.13,74901.0,644.0,538.4
NLICL,9/14/2020,808.0,808.0,779.0,783.0,-2.37,53501.0,644.0,538.4
NLICL,9/15/2020,795.0,795.0,770.0,780.0,-0.38,46367.0,644.0,538.4
NLICL,9/16/2020,780.0,788.0,767.0,780.0,0.0,41890.0,644.0,538.4
NLICL,9/17/2020,776.0,795.0,770.0,790.0,1.28,83658.0,644.0,538.4
NLICL,9/20/2020,829.0,829.0,783.0,786.0,-0.51,32620.0,644.0,538.4
NLICL,9/21/2020,776.0,791.0,776.0,780.0,-0.76,27517.0,644.0,538.4
NLICL,9/22/2020,793.0,795.0,768.0,775.0,-0.64,23433.0,644.0,538.4
NLICL,9/23/2020,750.0,780.0,750.0,775.0,0.0,15753.0,644.0,538.4
NLICL,9/24/2020,775.0,775.0,768.0,768.0,-0.9,20697.0,644.0,538.4
NLICL,9/27/2020,775.0,781.0,762.0,762.0,-0.78,32040.0,644.0,538.4
NLICL,9/28/2020,762.0,765.0,759.0,760.0,-0.26,19764.0,644.0,538.4
NLICL,9/29/2020,764.0,769.0,753.0,765.0,0.66,32283.0,644.0,538.4
NLICL,9/30/2020,760.0,764.0,756.0,757.0,-1.05,9355.0,644.0,538.4
NLICL,10/1/2020,770.0,782.0,757.0,771.0,1.85,41143.0,644.0,538.4
NLICL,10/4/2020,776.0,777.0,767.0,774.0,0.39,33607.0,644.0,538.4
NLICL,10/5/2020,778.0,782.0,772.0,773.0,-0.13,32298.0,644.0,538.4
NLICL,10/6/2020,773.0,776.0,769.0,771.0,-0.26,7677.0,644.0,538.4
NLICL,10/7/2020,763.0,774.0,763.0,774.0,0.39,29303.0,644.0,538.4
NLICL,10/8/2020,770.0,774.0,765.0,771.0,-0.39,22195.0,644.0,538.4
NLICL,10/11/2020,770.0,771.0,760.0,760.0,-1.43,29031.0,644.0,538.4
NLICL,10/12/2020,760.0,761.0,754.0,755.0,-0.66,33113.0,644.0,538.4
NLICL,10/13/2020,755.0,759.0,747.0,755.0,0.0,23660.0,644.0,538.4
NLICL,10/14/2020,765.0,765.0,750.0,752.0,-0.4,20183.0,644.0,538.4
NLICL,10/15/2020,789.0,789.0,742.0,749.0,-0.4,19443.0,644.0,538.4
NLICL,10/18/2020,745.0,755.0,742.0,746.0,-0.4,7221.0,644.0,538.4
NLICL,10/19/2020,747.0,755.0,743.0,743.0,-0.4,15261.0,644.0,538.4
NLICL,10/20/2020,743.0,757.0,740.0,742.0,-0.13,15056.0,644.0,538.4
NLICL,10/21/2020,742.0,750.0,742.0,750.0,1.08,12600.0,644.0,538.4
NLICL,10/22/2020,750.0,757.0,742.0,755.0,0.67,25691.0,644.0,538.4
NLICL,10/28/2020,718.0,785.0,718.0,773.0,2.38,19797.0,644.0,538.4
NLICL,10/29/2020,773.0,788.0,771.0,777.0,0.52,19491.0,644.0,538.4
NLICL,11/1/2020,775.0,780.0,774.0,777.0,0.0,14271.0,644.0,538.4
NLICL,11/2/2020,775.0,791.0,775.0,783.0,0.77,31088.0,644.0,538.4
NLICL,11/3/2020,778.0,795.0,776.0,780.0,-0.38,16821.0,644.0,538.4
NLICL,11/4/2020,780.0,781.0,765.0,779.0,-0.13,19707.0,644.0,538.4
NLICL,11/5/2020,779.0,779.0,768.0,770.0,-1.16,15345.0,644.0,538.4
NLICL,11/8/2020,765.0,774.0,762.0,773.0,0.39,22868.0,644.0,538.4
NLICL,11/9/2020,775.0,784.0,770.0,775.0,0.26,29524.0,644.0,538.4
NLICL,11/10/2020,781.0,827.0,781.0,816.0,5.29,206903.0,644.0,538.4
NLICL,11/11/2020,830.0,835.0,810.0,814.0,-0.25,79440.0,644.0,538.4
NLICL,11/12/2020,815.0,815.0,796.0,800.0,-1.72,65900.0,644.0,538.4
NLICL,11/18/2020,810.0,832.0,805.0,825.0,3.12,102208.0,644.0,538.4
NLICL,11/19/2020,833.0,907.0,833.0,907.0,9.94,207185.0,644.0,538.4
NLICL,11/22/2020,925.0,941.0,865.0,874.0,-3.64,116808.0,644.0,538.4
NLICL,11/23/2020,878.0,881.0,856.0,864.0,-1.14,53338.0,644.0,538.4
NLICL,11/24/2020,869.0,911.0,864.0,899.0,4.05,215822.0,644.0,538.4
NLICL,11/25/2020,910.0,934.0,904.0,908.0,1.0,93083.0,644.0,538.4
NLICL,11/26/2020,925.0,926.0,890.0,905.0,-0.33,98124.0,644.0,538.4
NLICL,11/29/2020,925.0,978.0,911.0,975.0,7.73,220819.0,644.0,538.4
NLICL,11/30/2020,969.0,1040.0,969.0,1022.0,4.82,156638.0,644.0,538.4
NLICL,12/1/2020,1011.0,1051.0,999.0,1044.0,2.15,151161.0,644.0,538.4
NLICL,12/2/2020,1044.0,1130.0,1044.0,1100.0,5.36,182704.0,644.0,538.4
NLICL,12/3/2020,1155.0,1190.0,1060.0,1070.0,-2.73,241184.0,644.0,538.4
NLICL,12/6/2020,1017.0,1048.0,964.0,965.0,-9.81,158104.0,644.0,538.4
NLICL,12/7/2020,965.0,1015.0,940.0,1009.0,4.56,131469.0,644.0,538.4
NLICL,12/8/2020,1028.0,1029.0,977.0,1009.0,0.0,95620.0,644.0,538.4
NLICL,12/9/2020,989.0,990.0,960.0,972.0,-3.67,89224.0,644.0,538.4
NLICL,12/10/2020,975.0,1000.0,956.0,990.0,1.85,103157.0,644.0,538.4
NLICL,12/13/2020,980.0,1000.0,974.0,995.0,0.51,77274.0,644.0,538.4
NLICL,12/14/2020,1014.0,1094.0,1007.0,1092.0,9.75,398753.0,644.0,538.4
NLICL,12/15/2020,1146.0,1146.0,1080.0,1089.0,-0.27,184985.0,644.0,538.4
NLICL,12/16/2020,1089.0,1089.0,1062.0,1065.0,-2.2,87283.0,644.0,538.4
NLICL,12/17/2020,1066.0,1080.0,1031.0,1040.0,-2.35,234589.0,644.0,538.4
NLICL,12/20/2020,1020.0,1045.0,976.0,982.0,-5.58,162994.0,644.0,538.4
NLICL,12/21/2020,933.0,1008.0,933.0,998.0,1.63,100739.0,644.0,538.4
NLICL,12/22/2020,1017.0,1090.0,995.0,1070.0,7.21,160995.0,644.0,538.4
NLICL,12/23/2020,1122.0,1172.0,1097.0,1147.0,7.2,401989.0,644.0,538.4
NLICL,12/24/2020,1204.0,1204.0,1115.0,1126.0,-1.83,188279.0,644.0,538.4
NLICL,12/27/2020,1126.0,1144.0,1082.0,1084.0,-3.73,160620.0,644.0,538.4
NLICL,12/28/2020,1080.0,1108.0,1066.0,1085.0,0.09,66218.0,644.0,538.4
NLICL,12/29/2020,1106.0,1120.0,1084.0,1094.0,0.83,107651.0,644.0,538.4
NLICL,12/30/2020,1045.0,1116.0,1045.0,1095.0,0.09,75139.0,644.0,538.4
NLICL,12/31/2020,1114.0,1116.0,1095.0,1100.0,0.46,98614.0,644.0,538.4
NLICL,1/3/2021,1120.0,1174.0,1110.0,1151.0,4.64,140024.0,644.0,538.4
NLICL,1/4/2021,1161.0,1170.0,1112.0,1148.0,-0.26,142296.0,644.0,538.4
NLICL,1/5/2021,1150.0,1152.0,1127.0,1135.0,-1.13,57541.0,644.0,538.4
NLICL,1/6/2021,1150.0,1150.0,1126.0,1133.0,-0.18,36525.0,644.0,538.4
NLICL,1/7/2021,1139.0,1150.0,1114.0,1130.0,-0.26,92802.0,644.0,538.4
NLICL,1/10/2021,1145.0,1145.0,1114.0,1115.0,-1.33,50220.0,644.0,538.4
NLICL,1/11/2021,1129.0,1163.0,1120.0,1150.0,3.14,157581.0,644.0,538.4
NLICL,1/12/2021,1093.0,1196.0,1093.0,1180.0,2.61,127158.0,644.0,538.4
NLICL,1/13/2021,1190.0,1195.0,1159.0,1170.0,-0.85,121433.0,644.0,538.4
NLICL,1/17/2021,1085.0,1106.0,1075.0,1075.0,-8.12,76864.0,644.0,538.4
NLICL,1/18/2021,1095.0,1096.0,1071.0,1071.0,-0.37,67009.0,644.0,538.4
NLICL,1/19/2021,1075.0,1084.0,1050.0,1070.0,-0.09,69488.0,644.0,538.4
NLICL,1/20/2021,1075.0,1080.0,1063.0,1070.0,0.0,70040.0,644.0,538.4
NLICL,1/21/2021,1080.0,1160.0,1080.0,1160.0,8.41,191092.0,644.0,538.4
NLICL,1/24/2021,1200.0,1256.0,1169.0,1235.0,6.47,200194.0,644.0,538.4
NLICL,1/25/2021,1250.0,1250.0,1197.0,1197.0,-3.08,144425.0,644.0,538.4
NLICL,1/26/2021,1197.0,1208.0,1164.0,1184.0,-1.09,118974.0,644.0,538.4
NLICL,1/27/2021,1184.0,1228.0,1161.0,1220.0,3.04,206566.0,644.0,538.4
NLICL,1/28/2021,1230.0,1254.0,1193.0,1210.0,-0.82,160977.0,644.0,538.4
NLICL,1/31/2021,1219.0,1225.0,1160.0,1179.0,-2.56,244458.0,644.0,538.4
NLICL,2/1/2021,1237.0,1239.0,1160.0,1239.0,5.09,249303.0,644.0,538.4
NLICL,2/2/2021,1260.0,1300.0,1240.0,1298.0,4.76,204885.0,644.0,538.4
NLICL,2/3/2021,1320.0,1335.0,1260.0,1264.0,-2.62,126225.0,644.0,538.4
NLICL,2/4/2021,1260.0,1279.0,1235.0,1270.0,0.47,112192.0,644.0,538.4
NLICL,2/7/2021,1288.0,1352.0,1255.0,1349.0,6.22,178472.0,644.0,538.4
NLICL,2/8/2021,1365.0,1411.0,1320.0,1341.0,-0.59,144469.0,644.0,538.4
NLICL,2/9/2021,1341.0,1350.0,1285.0,1295.0,-3.43,116761.0,644.0,538.4
NLICL,2/10/2021,1320.0,1320.0,1280.0,1288.0,-0.54,68365.0,644.0,538.4
NLICL,2/11/2021,1295.0,1309.0,1270.0,1274.0,-1.09,69898.0,644.0,538.4
NLICL,2/14/2021,1274.0,1280.0,1240.0,1255.0,-1.49,65086.0,644.0,538.4
NLICL,2/15/2021,1275.0,1328.0,1270.0,1322.0,5.34,158736.0,644.0,538.4
NLICL,2/16/2021,1338.0,1355.0,1300.0,1314.0,-0.61,128015.0,644.0,538.4
NLICL,2/17/2021,1300.0,1310.0,1295.0,1298.0,-1.22,53329.0,644.0,538.4
NLICL,2/18/2021,1240.0,1322.0,1240.0,1289.0,-0.69,50806.0,644.0,538.4
NLICL,2/21/2021,1289.0,1289.0,1265.0,1266.0,-1.78,67940.0,644.0,538.4
NLICL,2/22/2021,1266.0,1266.0,1233.0,1244.0,-1.74,93569.0,644.0,538.4
NLICL,2/23/2021,1225.0,1260.0,1204.0,1260.0,1.29,118338.0,644.0,538.4
NLICL,2/24/2021,1260.0,1295.0,1246.0,1258.0,-0.16,60181.0,644.0,538.4
NLICL,2/25/2021,1258.0,1270.0,1225.0,1230.0,-2.23,38782.0,644.0,538.4
NLICL,2/28/2021,1230.0,1244.0,1192.0,1194.0,-2.93,90789.0,644.0,538.4
NLICL,3/1/2021,1189.0,1240.0,1173.0,1240.0,3.85,68891.0,644.0,538.4
NLICL,3/2/2021,1240.0,1240.0,1181.0,1194.0,-3.71,80948.0,644.0,538.4
NLICL,3/3/2021,1217.0,1217.0,1152.0,1177.0,-1.42,101458.0,644.0,538.4
NLICL,3/4/2021,1199.0,1219.0,1184.0,1215.0,3.23,74512.0,644.0,538.4
NLICL,3/7/2021,1238.0,1238.0,1182.0,1186.0,-2.39,33792.0,644.0,538.4
NLICL,3/9/2021,1172.0,1200.0,1149.0,1156.0,-2.53,33017.0,644.0,538.4
NLICL,3/10/2021,1158.0,1165.0,1147.0,1156.0,0.0,44299.0,644.0,538.4
NLICL,3/14/2021,1153.0,1174.0,1105.0,1123.0,-2.85,69367.0,644.0,538.4
NLICL,3/15/2021,1123.0,1150.0,1105.0,1112.0,-0.98,36759.0,644.0,538.4
NLICL,3/16/2021,1132.0,1132.0,1104.0,1122.0,0.9,29311.0,644.0,538.4
NLICL,3/17/2021,1143.0,1143.0,1108.0,1128.0,0.53,23897.0,644.0,538.4
NLICL,3/18/2021,1128.0,1148.0,1126.0,1140.0,1.06,23491.0,644.0,538.4
NLICL,3/21/2021,1083.0,1193.0,1083.0,1184.0,3.86,70589.0,644.0,538.4
NLICL,3/22/2021,1190.0,1200.0,1150.0,1165.0,-1.6,32014.0,644.0,538.4
NLICL,3/23/2021,1146.0,1170.0,1130.0,1160.0,-0.43,21658.0,644.0,538.4
NLICL,3/24/2021,1156.0,1177.0,1156.0,1165.0,0.43,23647.0,644.0,538.4
NLICL,3/25/2021,1180.0,1180.0,1145.0,1150.0,-1.29,85411.0,644.0,538.4
NLICL,3/29/2021,1093.0,1171.0,1093.0,1145.0,-0.43,22831.0,644.0,538.4
NLICL,3/30/2021,1145.0,1165.0,1145.0,1164.0,1.66,27767.0,644.0,538.4
NLICL,3/31/2021,1170.0,1195.0,1162.0,1180.0,1.37,43277.0,644.0,538.4
NLICL,4/1/2021,1181.0,1202.0,1165.0,1165.0,-1.27,43624.0,644.0,538.4
NLICL,4/4/2021,1175.0,1187.0,1165.0,1170.0,0.43,62549.0,644.0,538.4
NLICL,4/5/2021,1228.0,1228.0,1166.0,1171.0,0.09,52414.0,644.0,538.4
NLICL,4/6/2021,1129.0,1190.0,1129.0,1165.0,-0.51,34112.0,644.0,538.4
NLICL,4/7/2021,1170.0,1178.0,1150.0,1155.0,-0.86,36357.0,644.0,538.4
NLICL,4/8/2021,1212.0,1212.0,1151.0,1154.0,-0.09,40271.0,644.0,538.4
NLICL,4/12/2021,1159.0,1177.0,1157.0,1157.0,0.26,47762.0,644.0,538.4
NLICL,4/13/2021,1176.0,1176.0,1150.0,1154.0,-0.26,38454.0,644.0,538.4
NLICL,4/15/2021,1190.0,1190.0,1155.0,1159.0,0.43,48582.0,644.0,538.4
NLICL,4/18/2021,1163.0,1167.0,1136.0,1136.0,-1.98,50089.0,644.0,538.4
NLICL,4/19/2021,1136.0,1148.0,1118.0,1122.0,-1.23,36880.0,644.0,538.4
NLICL,4/20/2021,1115.0,1139.0,1112.0,1123.0,0.09,27441.0,644.0,538.4
NLICL,4/21/2021,1122.0,1139.0,1100.0,1109.0,-1.25,35506.0,644.0,538.4
NLICL,4/22/2021,1100.0,1126.0,1087.0,1115.0,0.54,27424.0,644.0,538.4
NLICL,4/25/2021,1105.0,1120.0,1078.0,1080.0,-3.14,45758.0,644.0,538.4
NLICL,4/26/2021,1080.0,1090.0,1048.0,1051.0,-2.69,47899.0,644.0,538.4
NLICL,4/27/2021,1050.0,1102.0,1050.0,1102.0,4.85,32164.0,644.0,538.4
NLICL,4/28/2021,1102.0,1108.0,1078.0,1080.0,-2.0,28830.0,644.0,538.4
NLICL,4/29/2021,1026.0,1111.0,1026.0,1109.0,2.69,43679.0,644.0,538.4
NLICL,5/2/2021,1118.0,1162.0,1110.0,1159.0,4.51,45074.0,644.0,538.4
NLICL,5/3/2021,1178.0,1199.0,1140.0,1147.0,-1.04,51413.0,644.0,538.4
NLICL,5/4/2021,1154.0,1155.0,1135.0,1144.0,-0.26,18972.0,644.0,538.4
NLICL,5/5/2021,1138.0,1160.0,1137.0,1144.0,0.0,18788.0,644.0,538.4
NLICL,5/6/2021,1140.0,1154.0,1119.0,1124.0,-1.75,118117.0,644.0,538.4
NLICL,5/9/2021,1113.0,1124.0,1109.0,1113.0,-0.98,28799.0,644.0,538.4
NLICL,5/10/2021,1113.0,1125.0,1113.0,1122.0,0.81,18182.0,644.0,538.4
NLICL,5/11/2021,1121.0,1150.0,1121.0,1140.0,1.6,25585.0,644.0,538.4
NLICL,5/12/2021,1150.0,1150.0,1130.0,1136.0,-0.35,27347.0,644.0,538.4
NLICL,5/13/2021,1136.0,1145.0,1134.0,1137.0,0.09,35766.0,644.0,538.4
NLICL,5/16/2021,1150.0,1193.0,1150.0,1185.0,4.22,91682.0,644.0,538.4
NLICL,5/17/2021,1185.0,1203.0,1172.0,1180.0,-0.42,85505.0,644.0,538.4
NLICL,5/18/2021,1180.0,1280.0,1180.0,1260.0,6.78,254543.0,644.0,538.4
NLICL,5/19/2021,1300.0,1318.0,1261.0,1280.0,1.59,351173.0,644.0,538.4
NLICL,5/20/2021,1297.0,1314.0,1285.0,1289.0,0.7,188565.0,644.0,538.4
NLICL,5/23/2021,1289.0,1308.0,1251.0,1295.0,0.47,288287.0,644.0,538.4
NLICL,5/24/2021,1308.0,1320.0,1272.0,1278.0,-1.31,136209.0,644.0,538.4
NLICL,5/25/2021,1280.0,1335.0,1270.0,1293.0,1.17,214297.0,644.0,538.4
NLICL,5/27/2021,1270.0,1291.0,1245.0,1275.0,-1.39,138818.0,644.0,538.4
NLICL,5/30/2021,1212.0,1317.0,1212.0,1292.0,1.33,167461.0,644.0,538.4
NLICL,5/31/2021,1228.0,1315.0,1228.0,1261.0,-2.4,146708.0,644.0,538.4
NLICL,6/1/2021,1324.0,1324.0,1238.0,1249.0,-0.95,88652.0,644.0,538.4
NLICL,6/2/2021,1260.0,1293.0,1250.0,1289.0,3.2,92510.0,644.0,538.4
NLICL,6/3/2021,1304.0,1310.0,1265.0,1272.0,-1.32,127938.0,644.0,538.4
NLICL,6/6/2021,1220.0,1293.0,1220.0,1262.0,-0.79,73899.0,644.0,538.4
NLICL,6/7/2021,1262.0,1290.0,1256.0,1260.0,-0.16,82920.0,644.0,538.4
NLICL,6/8/2021,1265.0,1300.0,1258.0,1299.0,3.1,135494.0,644.0,538.4
NLICL,6/9/2021,1299.0,1346.0,1280.0,1285.0,-1.08,160719.0,644.0,538.4
NLICL,6/10/2021,1305.0,1305.0,1282.0,1292.0,0.54,162103.0,644.0,538.4
NLICL,6/13/2021,1300.0,1310.0,1270.0,1273.0,-1.47,96666.0,644.0,538.4
NLICL,6/14/2021,1280.0,1298.0,1276.0,1295.0,1.73,93963.0,644.0,538.4
NLICL,6/15/2021,1340.0,1340.0,1282.0,1283.0,-0.93,93535.0,644.0,538.4
NLICL,6/16/2021,1340.0,1340.0,1256.0,1260.0,-1.79,68980.0,644.0,538.4
NLICL,6/17/2021,1275.0,1290.0,1261.0,1268.0,0.63,75996.0,644.0,538.4
NLICL,6/20/2021,1270.0,1282.0,1230.0,1235.0,-2.6,80333.0,644.0,538.4
NLICL,6/21/2021,1237.0,1246.0,1194.0,1198.0,-3.0,70210.0,644.0,538.4
NLICL,6/22/2021,1220.0,1234.0,1190.0,1230.0,2.67,48925.0,644.0,538.4
NLICL,6/23/2021,1240.0,1240.0,1175.0,1187.0,-3.5,61002.0,644.0,538.4
NLICL,6/24/2021,1187.0,1203.0,1170.0,1174.0,-1.1,45883.0,644.0,538.4
NLICL,6/27/2021,1156.0,1193.0,1155.0,1171.0,-0.26,27544.0,644.0,538.4
NLICL,6/28/2021,1190.0,1192.0,1173.0,1173.0,0.17,35784.0,644.0,538.4
NLICL,6/29/2021,1176.0,1177.0,1150.0,1153.0,-1.71,25778.0,644.0,538.4
NLICL,6/30/2021,1150.0,1160.0,1130.0,1153.0,0.0,37413.0,644.0,538.4
NLICL,7/1/2021,1132.0,1177.0,1132.0,1161.0,0.69,14049.0,644.0,538.4
NLICL,7/4/2021,1190.0,1190.0,1154.0,1162.0,0.09,10923.0,644.0,538.4
NLICL,7/5/2021,1160.0,1160.0,1147.0,1150.0,-1.03,20119.0,644.0,538.4
NLICL,7/6/2021,1150.0,1160.0,1147.0,1153.0,0.26,18975.0,644.0,538.4
NLICL,7/7/2021,1172.0,1172.0,1145.0,1148.0,-0.43,13147.0,644.0,538.4
NLICL,7/8/2021,1145.0,1165.0,1142.0,1150.0,0.17,28961.0,644.0,538.4
NLICL,7/11/2021,1207.0,1207.0,1160.0,1174.0,2.09,22110.0,644.0,538.4
NLICL,7/12/2021,1197.0,1197.0,1151.0,1153.0,-1.79,24398.0,644.0,538.4
NLICL,7/13/2021,1210.0,1210.0,1151.0,1157.0,0.35,17007.0,644.0,538.4
NLICL,7/14/2021,1180.0,1203.0,1150.0,1152.0,-0.43,28977.0,644.0,538.4
NLICL,7/15/2021,1164.0,1169.0,1150.0,1151.0,-0.09,18478.0,644.0,538.4
NLICL,7/18/2021,1162.0,1225.0,1160.0,1225.0,6.43,33457.0,644.0,538.4
NLICL,7/19/2021,1238.0,1259.0,1223.0,1226.0,0.08,46769.0,644.0,538.4
NLICL,7/20/2021,1230.0,1244.0,1209.0,1215.0,-0.9,16738.0,644.0,538.4
NLICL,7/22/2021,1239.3,1263.0,1230.0,1235.1,1.65,54463.0,644.0,538.4
NLICL,7/25/2021,1240.0,1247.0,1230.0,1237.0,0.15,31097.0,644.0,538.4
NLICL,7/26/2021,1237.0,1257.0,1235.0,1235.0,-0.16,45208.0,644.0,538.4
NLICL,7/27/2021,1235.0,1280.0,1217.0,1275.0,3.24,63460.0,644.0,538.4
NLICL,7/28/2021,1294.0,1298.9,1275.0,1286.0,0.86,73605.0,644.0,538.4
NLICL,7/29/2021,1290.0,1308.0,1275.0,1278.0,-0.62,63679.0,644.0,538.4
NLICL,8/1/2021,1293.9,1293.9,1260.0,1266.0,-0.94,40626.0,644.0,538.4
NLICL,8/2/2021,1256.0,1280.0,1256.0,1259.0,-0.55,38460.0,644.0,538.4
NLICL,8/3/2021,1260.0,1279.0,1252.2,1265.0,0.48,42697.0,644.0,538.4
NLICL,8/4/2021,1265.0,1272.0,1253.0,1256.0,-0.71,46618.0,644.0,538.4
NLICL,8/5/2021,1250.0,1270.0,1250.0,1253.0,-0.24,33804.0,644.0,538.4
NLICL,8/8/2021,1253.0,1260.0,1241.1,1243.0,-0.8,40980.0,644.0,538.4
NLICL,8/9/2021,1267.0,1267.0,1235.0,1253.0,0.8,34088.0,644.0,538.4
NLICL,8/10/2021,1260.0,1264.0,1241.1,1258.0,0.4,48376.0,644.0,538.4
NLICL,8/11/2021,1269.0,1272.0,1255.1,1255.3,-0.21,43178.0,644.0,538.4
NLICL,8/12/2021,1250.0,1265.0,1240.0,1252.0,-0.26,40420.0,644.0,538.4
NLICL,8/15/2021,1227.0,1251.0,1220.0,1235.0,-1.36,39877.0,644.0,538.4
NLICL,8/16/2021,1244.0,1244.0,1215.1,1216.2,-1.52,32801.0,644.0,538.4
NLICL,8/17/2021,1220.0,1225.0,1185.0,1190.0,-2.15,64562.0,644.0,538.4
NLICL,8/18/2021,1212.0,1230.0,1190.0,1223.0,2.77,71382.0,644.0,538.4
NLICL,8/19/2021,1247.0,1283.0,1234.5,1256.0,2.7,110709.0,644.0,538.4
NLICL,8/24/2021,1270.0,1280.0,1244.7,1249.0,-0.56,61953.0,644.0,538.4
NLICL,8/25/2021,1231.0,1240.0,1203.2,1210.0,-3.12,50633.0,644.0,538.4
NLICL,8/26/2021,1211.0,1236.0,1196.0,1202.0,-0.66,62997.0,644.0,538.4
NLICL,8/29/2021,1204.0,1205.0,1176.0,1181.0,-1.75,32036.0,644.0,538.4
NLICL,8/31/2021,1162.2,1180.0,1145.1,1150.0,-2.62,57803.0,644.0,538.4
NLICL,9/1/2021,1165.0,1182.0,1137.0,1138.0,-1.04,22908.0,644.0,538.4
NLICL,9/2/2021,1160.0,1160.0,1103.0,1106.0,-2.81,45580.0,644.0,538.4
NLICL,9/5/2021,1105.0,1109.0,1025.0,1070.0,-3.25,48809.0,644.0,538.4
NLICL,9/6/2021,1070.0,1132.0,1070.0,1132.0,5.79,27971.0,644.0,538.4
NLICL,9/7/2021,1140.0,1140.0,1080.0,1094.1,-3.35,34031.0,644.0,538.4
NLICL,9/8/2021,1075.0,1085.0,1048.7,1049.9,-4.04,40424.0,644.0,538.4
NLICL,9/9/2021,1065.0,1086.0,1050.0,1057.0,0.68,48648.0,644.0,538.4
NLICL,9/12/2021,1060.0,1107.0,1051.0,1107.0,4.73,48400.0,644.0,538.4
NLICL,9/13/2021,1119.0,1122.0,1090.0,1095.0,-1.08,35047.0,644.0,538.4
NLICL,9/14/2021,1116.0,1116.0,1075.0,1077.0,-1.64,16999.0,644.0,538.4
NLICL,9/15/2021,1071.0,1073.0,1058.0,1062.8,-1.32,18407.0,644.0,538.4
NLICL,9/16/2021,1062.8,1062.8,1025.1,1032.0,-2.9,32689.0,644.0,538.4
NLICL,9/20/2021,1035.0,1049.0,992.0,999.0,-3.2,48388.0,644.0,538.4
NLICL,9/21/2021,995.0,1034.0,985.0,1008.0,0.9,43163.0,644.0,538.4
NLICL,9/22/2021,1021.0,1058.0,1019.0,1050.0,4.17,28979.0,644.0,538.4
NLICL,9/23/2021,1050.0,1079.0,1020.0,1030.0,-1.9,27452.0,644.0,538.4
NLICL,9/26/2021,1037.0,1037.0,1000.0,1003.0,-2.62,23646.0,644.0,538.4
NLICL,9/27/2021,988.0,999.0,952.0,960.0,-4.29,50376.0,644.0,538.4
NLICL,9/28/2021,951.0,989.0,937.0,942.0,-1.88,38917.0,644.0,538.4
NLICL,9/29/2021,960.0,977.9,925.1,974.0,3.4,28229.0,644.0,538.4
NLICL,9/30/2021,980.0,980.0,953.6,953.6,-2.09,10901.0,644.0,538.4
NLICL,10/3/2021,969.0,969.0,937.0,940.0,-1.43,18401.0,644.0,538.4
NLICL,10/4/2021,950.0,950.0,927.0,934.1,-0.63,16165.0,644.0,538.4
NLICL,10/5/2021,940.0,956.0,931.0,954.9,2.23,13474.0,644.0,538.4
NLICL,10/6/2021,970.0,984.0,960.0,978.0,2.42,21621.0,644.0,538.4
NLICL,10/10/2021,997.0,997.5,961.4,969.3,-0.89,16495.0,644.0,538.4
NLICL,10/11/2021,974.0,974.0,930.0,951.0,-1.89,29938.0,644.0,538.4
NLICL,10/17/2021,956.0,971.0,955.1,962.1,1.17,7569.0,644.0,538.4
NLICL,10/18/2021,951.0,961.0,930.0,932.0,-3.13,12835.0,644.0,538.4
NLICL,10/19/2021,928.0,928.0,886.1,898.0,-3.65,25005.0,644.0,538.4
NLICL,10/20/2021,915.0,940.0,915.0,928.0,3.34,9551.0,644.0,538.4
NLICL,10/21/2021,930.0,948.6,910.0,917.0,-1.19,9326.0,644.0,538.4
NLICL,10/24/2021,915.0,930.0,909.0,923.1,0.67,7381.0,644.0,538.4
NLICL,10/25/2021,941.0,964.8,930.0,960.0,4.0,15801.0,644.0,538.4
NLICL,10/26/2021,970.0,1008.7,965.0,991.2,3.25,24320.0,644.0,538.4
NLICL,10/27/2021,991.2,1037.0,972.0,1025.0,3.41,29546.0,644.0,538.4
NLICL,10/28/2021,1032.5,1034.0,996.0,1015.0,-0.98,15825.0,644.0,538.4
NLICL,10/31/2021,1015.0,1047.0,1002.0,1038.0,2.27,18883.0,644.0,538.4
NLICL,11/1/2021,1040.0,1041.0,1007.0,1023.0,-1.45,18296.0,644.0,538.4
NLICL,11/2/2021,1003.0,1066.4,1001.0,1045.0,2.15,26325.0,644.0,538.4
NLICL,11/3/2021,1059.0,1070.0,1045.0,1054.0,0.86,20418.0,644.0,538.4
NLICL,11/8/2021,1063.0,1066.0,1040.0,1047.0,-0.66,14735.0,644.0,538.4
NLICL,11/9/2021,1030.0,1034.0,990.0,1000.0,-4.49,25710.0,644.0,538.4
NLICL,11/11/2021,990.0,1004.0,965.0,972.0,-2.8,11240.0,644.0,538.4
NLICL,11/14/2021,980.0,988.0,965.0,968.3,-0.38,7950.0,644.0,538.4
NLICL,11/15/2021,987.0,1006.7,975.0,1004.8,3.77,27788.0,644.0,538.4
NLICL,11/16/2021,1015.0,1048.0,1000.0,1040.0,3.5,31269.0,644.0,538.4
NLICL,11/17/2021,1055.0,1065.0,1016.0,1016.0,-2.31,24255.0,644.0,538.4
NLICL,11/18/2021,1036.3,1036.3,999.9,1000.0,-1.57,22377.0,644.0,538.4
NLICL,11/21/2021,1005.0,1018.0,987.0,999.5,-0.05,10198.0,644.0,538.4
NLICL,11/22/2021,1000.0,1009.0,995.1,995.1,-0.44,10819.0,644.0,538.4
NLICL,11/23/2021,977.1,1000.0,977.0,988.0,-0.71,13071.0,644.0,538.4
NLICL,11/24/2021,968.4,995.0,950.0,987.0,-0.1,12870.0,644.0,538.4
NLICL,11/25/2021,995.0,995.0,932.5,966.0,-2.13,24823.0,644.0,538.4
NLICL,11/28/2021,955.1,962.1,910.0,923.0,-4.45,64801.0,644.0,538.4
NLICL,11/29/2021,940.0,948.0,902.0,905.0,-1.95,34701.0,644.0,538.4
NLICL,11/30/2021,923.1,940.0,893.1,905.0,0.0,28395.0,644.0,538.4
NLICL,12/1/2021,923.0,923.0,905.0,905.0,0.0,9115.0,644.0,538.4
NLICL,12/2/2021,921.9,921.9,887.0,890.0,-1.66,23413.0,644.0,538.4
NLICL,12/5/2021,882.0,900.0,874.3,877.1,-1.45,16815.0,644.0,538.4
NLICL,12/6/2021,894.0,909.0,865.0,890.0,1.47,20439.0,644.0,538.4
NLICL,12/7/2021,900.0,918.0,869.0,870.0,-2.25,12322.0,644.0,538.4
NLICL,12/8/2021,878.0,880.0,848.0,850.0,-2.3,14362.0,644.0,538.4
NLICL,12/9/2021,837.0,849.0,835.0,842.0,-0.94,12513.0,644.0,538.4
NLICL,12/12/2021,844.1,844.1,800.0,800.0,-4.99,24467.0,644.0,538.4
NLICL,12/13/2021,785.0,804.0,780.0,792.9,-0.89,17302.0,644.0,538.4
NLICL,12/14/2021,799.9,843.0,788.0,830.2,4.7,11210.0,644.0,538.4
NLICL,12/15/2021,846.0,862.0,813.5,820.0,-1.23,16374.0,644.0,538.4
NLICL,12/16/2021,803.6,815.0,789.0,802.0,-2.2,19473.0,644.0,538.4
NLICL,12/20/2021,800.0,809.0,786.0,794.0,-1.0,8939.0,644.0,538.4
NLICL,12/21/2021,809.0,825.0,794.0,813.0,2.39,5019.0,644.0,538.4
NLICL,12/22/2021,820.0,858.9,815.0,849.0,4.43,22827.0,644.0,538.4
NLICL,12/23/2021,849.0,875.0,840.0,865.0,1.88,29155.0,644.0,538.4
NLICL,12/26/2021,882.0,951.5,882.0,951.5,10.0,59640.0,644.0,538.4
NLICL,12/27/2021,970.5,1000.0,931.0,931.0,-2.15,97317.0,644.0,538.4
NLICL,12/28/2021,912.4,937.0,912.4,928.0,-0.32,18509.0,644.0,538.4
NLICL,12/29/2021,940.0,947.0,912.0,944.5,1.78,16136.0,644.0,538.4
NLICL,1/2/2022,930.1,977.0,929.0,975.0,3.23,37160.0,644.0,538.4
NLICL,1/3/2022,990.0,1005.0,972.0,985.0,1.03,55842.0,644.0,538.4
NLICL,1/4/2022,986.0,1000.0,977.0,995.0,1.02,53778.0,644.0,538.4
NLICL,1/5/2022,997.0,1009.0,972.0,977.0,-1.81,34101.0,644.0,538.4
NLICL,1/6/2022,977.0,985.0,963.0,980.0,0.31,15442.0,644.0,538.4
NLICL,1/9/2022,999.6,1012.0,982.0,1012.0,3.27,53220.0,644.0,538.4
NLICL,1/10/2022,1030.0,1087.0,998.0,1080.0,6.72,155500.0,644.0,538.4
NLICL,1/11/2022,1070.0,1133.0,1066.0,1124.0,4.07,99844.0,644.0,538.4
NLICL,1/12/2022,1144.0,1144.0,1080.0,1085.0,-3.47,73818.0,644.0,538.4
NLICL,1/13/2022,1071.0,1122.0,1070.0,1107.0,2.03,82225.0,644.0,538.4
NLICL,1/16/2022,1129.0,1147.0,1120.0,1126.9,1.8,91143.0,644.0,538.4
NLICL,1/17/2022,1140.0,1161.0,1120.0,1137.0,0.9,98271.0,644.0,538.4
NLICL,1/18/2022,1155.0,1165.0,1133.0,1138.1,0.1,61478.0,644.0,538.4
NLICL,1/19/2022,1140.0,1150.0,1121.0,1127.0,-0.98,46007.0,644.0,538.4
NLICL,1/20/2022,1114.1,1165.0,1114.0,1162.0,3.11,84489.0,644.0,538.4
NLICL,1/23/2022,1165.0,1179.0,1146.0,1164.9,0.25,75341.0,644.0,538.4
NLICL,1/24/2022,1147.7,1150.0,1108.0,1120.0,-3.85,94027.0,644.0,538.4
NLICL,1/25/2022,1135.0,1136.0,1100.0,1120.0,0.0,80825.0,644.0,538.4
NLICL,1/26/2022,1142.4,1142.4,1086.0,1120.0,0.0,72278.0,644.0,538.4
NLICL,1/27/2022,1142.4,1165.0,1129.5,1131.0,0.98,175444.0,644.0,538.4
NLICL,1/30/2022,1153.6,1174.0,1140.1,1154.0,2.03,101886.0,644.0,538.4
NLICL,1/31/2022,1155.0,1155.0,1130.0,1130.1,-2.07,42392.0,644.0,538.4
NLICL,2/1/2022,1129.0,1135.0,1124.1,1130.0,-0.01,52412.0,644.0,538.4
NLICL,2/3/2022,1148.0,1148.0,1115.0,1115.0,-1.33,42862.0,644.0,538.4
NLICL,2/6/2022,1115.0,1134.0,1112.0,1114.0,-0.09,38584.0,644.0,538.4
NLICL,2/7/2022,1129.0,1129.0,1113.0,1129.0,1.35,26730.0,644.0,538.4
NLICL,2/8/2022,1150.0,1151.5,1109.0,1118.0,-0.97,39331.0,644.0,538.4
NLICL,2/9/2022,1101.1,1122.0,1100.1,1108.1,-0.89,18120.0,644.0,538.4
NLICL,2/10/2022,1102.3,1125.0,1100.0,1112.0,0.35,31282.0,644.0,538.4
NLICL,2/13/2022,1089.8,1089.8,1047.0,1068.0,-3.96,45828.0,644.0,538.4
NLICL,2/14/2022,1087.0,1088.7,1065.0,1069.0,0.09,28323.0,644.0,538.4
NLICL,2/15/2022,1081.0,1090.0,1065.0,1088.0,1.78,23050.0,644.0,538.4
NLICL,2/16/2022,1088.0,1105.0,1075.0,1084.0,-0.37,16529.0,644.0,538.4
NLICL,2/17/2022,1093.9,1093.9,1066.2,1074.0,-0.92,24036.0,644.0,538.4
NLICL,2/20/2022,1055.0,1088.0,1053.0,1063.2,-1.01,26650.0,644.0,538.4
NLICL,2/21/2022,1075.0,1081.0,1060.0,1075.0,1.11,20706.0,644.0,538.4
NLICL,2/22/2022,1093.0,1093.0,1073.0,1080.0,0.47,14327.0,644.0,538.4
NLICL,2/23/2022,1085.0,1085.0,1070.0,1070.0,-0.93,10121.0,644.0,538.4
NLICL,2/24/2022,1055.0,1068.0,1035.0,1040.0,-2.8,39162.0,644.0,538.4
NLICL,2/27/2022,1050.0,1067.9,1035.0,1055.0,1.44,14137.0,644.0,538.4
NLICL,2/28/2022,1074.0,1074.0,1033.0,1042.0,-1.23,19022.0,644.0,538.4
NLICL,3/2/2022,1042.0,1046.0,1010.3,1020.0,-2.11,45727.0,644.0,538.4
NLICL,3/6/2022,857.14,860.0,826.5,833.0,-18.33,20128.0,644.0,538.4
NLICL,3/7/2022,835.0,836.0,811.0,819.0,-1.68,10252.0,644.0,538.4
NLICL,3/9/2022,835.3,835.3,780.1,784.9,-4.16,22410.0,644.0,538.4
NLICL,3/10/2022,780.0,793.0,770.1,791.1,0.79,15574.0,644.0,538.4
NLICL,3/13/2022,806.9,836.0,798.7,835.0,5.55,44723.0,644.0,538.4
NLICL,3/14/2022,851.7,851.7,811.0,842.1,0.85,19401.0,644.0,538.4
NLICL,3/15/2022,843.0,869.0,828.5,865.1,2.73,41757.0,644.0,538.4
NLICL,3/16/2022,858.0,877.0,858.0,868.0,0.34,36952.0,644.0,538.4
NLICL,3/20/2022,874.7,874.7,857.0,858.0,-1.15,22704.0,644.0,538.4
NLICL,3/21/2022,852.0,868.0,851.0,863.2,0.61,9703.0,644.0,538.4
NLICL,3/22/2022,875.0,886.0,865.0,881.2,2.09,33767.0,644.0,538.4
NLICL,3/23/2022,881.2,881.2,863.6,870.0,-1.27,16870.0,644.0,538.4
NLICL,3/24/2022,870.0,917.0,870.0,900.1,3.46,54590.0,644.0,538.4
NLICL,3/27/2022,918.1,940.0,861.0,862.1,-4.22,81475.0,644.0,538.4
NLICL,3/28/2022,858.0,862.5,838.0,845.0,-1.98,18187.0,644.0,538.4
NLICL,3/29/2022,857.0,857.0,825.0,839.0,-0.71,11472.0,644.0,538.4
NLICL,3/30/2022,826.3,850.0,826.0,846.0,0.83,11132.0,644.0,538.4
NLICL,3/31/2022,859.1,859.1,829.0,830.0,-1.89,5718.0,644.0,538.4
NLICL,4/3/2022,822.0,840.0,820.0,822.0,-0.96,12056.0,644.0,538.4
NLICL,4/4/2022,810.0,828.0,809.1,815.0,-0.85,14524.0,644.0,538.4
NLICL,4/5/2022,807.1,807.1,784.0,792.1,-2.81,32762.0,644.0,538.4
NLICL,4/6/2022,781.4,797.0,777.0,791.9,-0.03,12992.0,644.0,538.4
NLICL,4/7/2022,790.0,815.0,790.0,795.0,0.39,20749.0,644.0,538.4
NLICL,4/11/2022,810.0,811.0,770.0,778.0,-2.14,16507.0,644.0,538.4
NLICL,4/12/2022,793.0,793.0,760.0,760.0,-2.31,9554.0,644.0,538.4
NLICL,4/13/2022,747.1,776.0,747.1,769.0,1.18,6367.0,644.0,538.4
NLICL,4/17/2022,784.0,784.0,752.3,755.0,-1.82,9943.0,644.0,538.4
NLICL,4/18/2022,745.0,758.6,742.0,742.0,-1.72,5285.0,644.0,538.4
NLICL,4/19/2022,743.0,758.8,731.0,750.0,1.08,9650.0,644.0,538.4
NLICL,4/20/2022,762.9,763.0,735.2,735.2,-1.97,6071.0,644.0,538.4
NLICL,4/21/2022,735.5,740.0,724.0,736.0,0.11,11981.0,644.0,538.4
NLICL,4/24/2022,741.0,775.0,741.0,774.9,5.29,12565.0,644.0,538.4
NLICL,4/25/2022,775.0,787.0,747.0,765.0,-1.28,10937.0,644.0,538.4
NLICL,4/26/2022,752.0,768.0,745.0,759.0,-0.78,5395.0,644.0,538.4
NLICL,4/27/2022,747.0,755.0,740.0,752.0,-0.92,5347.0,644.0,538.4
NLICL,4/28/2022,767.0,767.0,740.0,740.0,-1.6,4580.0,644.0,538.4
NLICL,5/2/2022,732.0,732.0,718.0,725.0,-2.03,9821.0,644.0,538.4
NLICL,5/4/2022,715.0,739.0,715.0,718.0,-0.97,8282.0,644.0,538.4
NLICL,5/5/2022,707.0,715.9,705.0,714.6,-0.47,8824.0,644.0,538.4
NLICL,5/8/2022,708.0,730.4,700.4,730.4,2.21,6024.0,644.0,538.4
NLICL,5/9/2022,720.0,743.5,718.0,730.0,-0.05,4871.0,644.0,538.4
NLICL,5/10/2022,744.0,744.0,720.0,733.0,0.41,5572.0,644.0,538.4
NLICL,5/11/2022,735.0,744.5,718.0,732.9,-0.01,13982.0,644.0,538.4
NLICL,5/12/2022,747.0,749.7,724.0,725.0,-1.08,12953.0,644.0,538.4
NLICL,5/17/2022,712.2,712.2,695.0,699.9,-3.46,13749.0,644.0,538.4
NLICL,5/18/2022,687.0,690.0,670.0,684.0,-2.27,26160.0,644.0,538.4
NLICL,5/19/2022,684.0,692.0,670.0,670.1,-2.03,6429.0,644.0,538.4
NLICL,5/20/2022,670.0,679.0,660.6,669.0,-0.16,7186.0,644.0,538.4
NLICL,5/23/2022,659.9,680.0,642.0,647.0,-3.29,18012.0,644.0,538.4
NLICL,5/24/2022,637.1,657.9,636.0,646.0,-0.15,6666.0,644.0,538.4
NLICL,5/25/2022,658.0,670.0,646.0,648.0,0.31,13667.0,644.0,538.4
NLICL,5/26/2022,650.0,663.0,650.0,660.0,1.85,5921.0,644.0,538.4
NLICL,5/27/2022,665.0,670.0,645.0,659.9,-0.02,21729.0,644.0,538.4
NLICL,5/30/2022,670.0,670.0,629.0,629.0,-4.68,25796.0,644.0,538.4
NLICL,5/31/2022,622.0,632.9,615.0,623.9,-0.81,9830.0,644.0,538.4
NLICL,6/1/2022,623.9,633.0,617.0,625.0,0.18,6763.0,644.0,538.4
NLICL,6/2/2022,625.0,628.9,613.0,613.0,-1.92,5233.0,644.0,538.4
NLICL,6/3/2022,614.0,614.0,590.0,597.0,-2.61,11198.0,644.0,538.4
NLICL,6/6/2022,590.0,608.0,581.0,588.0,-1.51,10436.0,644.0,538.4
NLICL,6/7/2022,597.0,599.7,574.1,574.9,-2.23,8265.0,644.0,538.4
NLICL,6/8/2022,586.0,604.0,576.0,600.0,4.37,9701.0,644.0,538.4
NLICL,6/9/2022,600.0,612.0,590.4,591.0,-1.5,11642.0,644.0,538.4
NLICL,6/10/2022,580.0,590.0,575.2,587.0,-0.68,4922.0,644.0,538.4
NLICL,6/13/2022,590.0,590.0,568.0,570.0,-2.9,19649.0,644.0,538.4
NLICL,6/14/2022,561.0,566.0,550.0,561.0,-1.58,21028.0,644.0,538.4
NLICL,6/15/2022,572.0,572.0,537.0,551.0,-1.78,33020.0,644.0,538.4
NLICL,6/16/2022,560.0,564.0,552.8,555.0,0.73,11614.0,644.0,538.4
NLICL,6/17/2022,563.0,563.0,552.0,559.0,0.72,6318.0,644.0,538.4
NLICL,6/19/2022,558.0,559.9,544.0,544.0,-2.68,4728.0,644.0,538.4
NLICL,6/20/2022,534.0,535.0,523.2,523.2,-3.82,19909.0,644.0,538.4
NLICL,6/21/2022,530.0,550.0,520.0,539.0,3.02,28914.0,644.0,538.4
NLICL,6/22/2022,528.3,532.0,520.0,531.9,-1.32,17242.0,644.0,538.4
NLICL,6/23/2022,521.4,521.4,508.0,513.1,-3.53,30499.0,644.0,538.4
NLICL,6/24/2022,511.0,530.0,499.1,510.0,-0.6,19556.0,644.0,538.4
NLICL,6/26/2022,511.0,545.0,511.0,541.0,6.08,17888.0,644.0,538.4
NLICL,6/27/2022,537.0,560.0,530.0,537.0,-0.74,27040.0,644.0,538.4
NLICL,6/28/2022,540.0,569.9,520.0,546.1,1.69,44365.0,644.0,538.4
NLICL,6/29/2022,545.0,585.0,545.0,585.0,7.12,33745.0,644.0,538.4
NLICL,6/30/2022,575.0,615.0,575.0,613.0,4.79,37882.0,644.0,538.4
NLICL,7/1/2022,613.0,613.0,588.0,599.0,-2.28,25810.0,644.0,538.4
NLICL,7/3/2022,599.0,609.0,588.0,600.0,0.17,17775.0,644.0,538.4
NLICL,7/4/2022,612.0,639.9,588.1,600.0,0.0,49687.0,644.0,538.4
NLICL,7/5/2022,612.0,612.0,583.0,588.0,-2.0,27120.0,644.0,538.4
NLICL,7/6/2022,599.7,611.6,574.0,610.0,3.74,27145.0,644.0,538.4
NLICL,7/7/2022,622.2,627.0,592.0,592.0,-2.95,24778.0,644.0,538.4
NLICL,7/8/2022,603.8,603.8,569.4,576.3,-2.65,13125.0,644.0,538.4
NLICL,7/11/2022,566.0,566.0,535.0,548.0,-4.91,28259.0,644.0,538.4
NLICL,7/12/2022,543.0,561.0,539.0,548.0,0.0,23223.0,644.0,538.4
NLICL,7/13/2022,557.0,565.0,547.0,560.0,2.19,47346.0,644.0,538.4
NLICL,7/14/2022,564.0,572.0,552.0,570.0,1.79,20826.0,644.0,538.4
NLICL,7/15/2022,579.0,579.0,560.0,577.0,1.23,16544.0,644.0,538.4
NLICL,7/17/2022,565.5,579.0,555.2,571.3,-0.99,13762.0,644.0,538.4
NLICL,7/18/2022,570.0,583.0,563.0,583.0,2.05,8868.0,644.0,538.4
NLICL,7/19/2022,592.9,597.0,582.0,590.0,1.2,19044.0,644.0,538.4
NLICL,7/20/2022,586.0,593.3,580.0,590.0,0.0,9888.0,644.0,538.4
NLICL,7/21/2022,580.2,594.0,575.2,575.2,-2.51,11479.0,644.0,538.4
NLICL,7/22/2022,575.2,579.0,560.0,570.0,-0.9,20108.0,644.0,538.4
NLICL,7/24/2022,569.0,596.0,567.5,596.0,4.56,17526.0,644.0,538.4
NLICL,7/25/2022,604.9,616.0,595.0,614.8,3.15,24662.0,644.0,538.4
NLICL,7/26/2022,604.1,617.0,592.3,592.3,-3.66,27986.0,644.0,538.4
NLICL,7/27/2022,599.9,605.0,581.3,595.0,0.46,17582.0,644.0,538.4
NLICL,7/28/2022,606.8,619.0,589.0,600.0,0.84,21330.0,644.0,538.4
NLICL,7/29/2022,600.0,604.7,590.0,600.0,0.0,10940.0,644.0,538.4
NLICL,7/31/2022,603.0,660.0,596.0,658.8,9.8,102445.0,644.0,538.4
NLICL,8/1/2022,671.8,674.9,641.0,649.8,-1.37,60460.0,644.0,538.4
NLICL,8/2/2022,645.0,655.0,635.0,651.0,0.18,21893.0,644.0,538.4
NLICL,8/3/2022,641.0,654.0,640.0,640.0,-1.69,38725.0,644.0,538.4
NLICL,8/4/2022,628.2,641.2,620.0,620.0,-3.12,27872.0,644.0,538.4
NLICL,8/5/2022,620.0,632.4,609.0,612.0,-1.29,17635.0,644.0,538.4
NLICL,8/7/2022,623.1,623.1,608.0,614.0,0.33,21886.0,644.0,538.4
NLICL,8/8/2022,624.0,626.0,603.1,613.9,-0.02,17184.0,644.0,538.4
NLICL,8/9/2022,603.0,620.0,588.1,588.1,-4.2,28145.0,644.0,538.4
NLICL,8/10/2022,579.6,598.0,579.6,590.0,0.32,11574.0,644.0,538.4
NLICL,8/11/2022,594.9,599.0,578.3,580.0,-1.69,10620.0,644.0,538.4
NLICL,8/14/2022,571.0,589.9,564.0,565.0,-2.59,15788.0,644.0,538.4
NLICL,8/15/2022,560.0,595.0,560.0,594.0,5.13,23762.0,644.0,538.4
NLICL,8/16/2022,594.0,604.0,568.4,577.9,-2.71,20427.0,644.0,538.4
NLICL,8/17/2022,579.0,582.9,570.0,572.0,-1.02,8461.0,644.0,538.4
NLICL,8/18/2022,572.0,590.0,570.0,584.0,2.1,6871.0,644.0,538.4
NLICL,8/21/2022,594.9,595.0,580.0,585.0,0.17,20938.0,644.0,538.4
NLICL,8/22/2022,592.0,593.0,582.0,584.5,-0.09,10400.0,644.0,538.4
NLICL,8/23/2022,587.0,590.0,577.0,578.0,-1.11,8010.0,644.0,538.4
NLICL,8/24/2022,589.5,589.5,577.0,582.0,0.69,10129.0,644.0,538.4
NLICL,8/25/2022,588.9,588.9,567.0,571.0,-1.89,12524.0,644.0,538.4
NLICL,8/26/2022,566.1,575.0,563.5,563.5,-1.31,4694.0,644.0,538.4
NLICL,8/28/2022,560.0,573.9,548.8,551.0,-2.22,25298.0,644.0,538.4
NLICL,8/29/2022,544.1,568.0,544.1,555.9,0.89,9420.0,644.0,538.4
NLICL,8/30/2022,560.2,571.3,554.0,555.0,-0.16,6076.0,644.0,538.4
NLICL,8/31/2022,555.0,562.0,545.2,545.2,-1.77,10782.0,644.0,538.4
NLICL,9/1/2022,545.2,564.9,537.0,550.0,0.88,19858.0,644.0,538.4
NLICL,9/2/2022,560.0,560.0,544.1,545.0,-0.91,6504.0,644.0,538.4
NLICL,9/4/2022,555.0,561.0,548.0,558.0,2.39,5469.0,644.0,538.4
NLICL,9/5/2022,559.0,562.0,551.0,558.0,0.0,9251.0,644.0,538.4
NLICL,9/6/2022,567.0,567.0,545.5,546.0,-2.15,4753.0,644.0,538.4
NLICL,9/7/2022,550.0,555.0,542.1,545.0,-0.18,5703.0,644.0,538.4
NLICL,9/8/2022,553.0,555.0,542.0,545.0,0.0,3786.0,644.0,538.4
NLICL,9/11/2022,546.0,555.4,543.9,549.0,0.73,5425.0,644.0,538.4
NLICL,9/12/2022,556.0,556.0,531.2,540.0,-1.64,13394.0,644.0,538.4
NLICL,9/13/2022,550.8,562.0,546.0,558.0,3.33,30314.0,644.0,538.4
NLICL,9/14/2022,562.0,579.0,561.0,579.0,3.76,17347.0,644.0,538.4
NLICL,9/15/2022,579.0,579.0,550.0,555.0,-4.15,30513.0,644.0,538.4
NLICL,9/16/2022,550.0,557.0,540.1,547.0,-1.44,13096.0,644.0,538.4
NLICL,9/18/2022,557.7,557.7,534.0,536.0,-2.01,13209.0,644.0,538.4
NLICL,9/20/2022,536.0,536.0,525.0,530.0,-1.12,23449.0,644.0,538.4
NLICL,9/21/2022,540.0,545.6,530.0,539.0,1.7,7961.0,644.0,538.4
NLICL,9/22/2022,542.0,544.9,534.0,537.0,-0.37,8017.0,644.0,538.4
NLICL,9/25/2022,540.0,540.0,530.0,535.0,-0.37,3862.0,644.0,538.4
NLICL,9/27/2022,536.1,545.0,535.0,540.0,0.93,9490.0,644.0,538.4
NLICL,9/28/2022,547.0,547.0,540.0,545.0,0.93,8096.0,644.0,538.4
NLICL,9/29/2022,550.0,551.0,540.0,547.0,0.37,10148.0,644.0,538.4
NLICL,10/9/2022,557.9,560.0,547.0,557.0,1.83,8012.0,644.0,538.4
NLICL,10/10/2022,555.0,558.0,540.0,545.0,-2.15,10067.0,644.0,538.4
NLICL,10/11/2022,538.2,538.2,534.0,537.0,-1.47,17050.0,644.0,538.4
NLICL,10/12/2022,547.0,554.9,541.0,543.0,1.12,6341.0,644.0,538.4
NLICL,10/13/2022,552.9,552.9,540.0,547.9,0.9,13256.0,644.0,538.4
NLICL,10/16/2022,541.0,545.0,539.0,540.0,-1.44,6850.0,644.0,538.4
NLICL,10/17/2022,540.0,549.8,535.0,542.0,0.37,6719.0,644.0,538.4
NLICL,10/19/2022,545.0,545.0,534.1,536.0,-1.11,5465.0,644.0,538.4
NLICL,10/20/2022,542.9,542.9,533.0,536.7,0.13,7955.0,644.0,538.4
NLICL,10/23/2022,540.0,544.0,537.0,538.1,0.26,3102.0,644.0,538.4
NLICL,10/31/2022,548.0,548.0,540.0,543.1,0.93,3226.0,644.0,538.4
NLICL,11/1/2022,552.0,565.0,546.0,565.0,4.03,10683.0,644.0,538.4
NLICL,11/2/2022,567.0,575.9,555.3,568.0,0.53,15077.0,644.0,538.4
NLICL,11/3/2022,575.0,583.0,567.0,581.0,2.29,21511.0,644.0,538.4
NLICL,11/6/2022,582.0,600.0,572.1,599.0,3.1,16914.0,644.0,538.4
NLICL,11/7/2022,591.0,605.0,588.0,598.0,-0.17,19761.0,644.0,538.4
NLICL,11/8/2022,590.0,608.0,586.3,599.9,0.32,12912.0,644.0,538.4
NLICL,11/9/2022,599.9,599.9,575.1,575.1,-4.13,23457.0,644.0,538.4
NLICL,11/10/2022,585.0,586.0,561.2,569.0,-1.06,19165.0,644.0,538.4
NLICL,11/13/2022,559.5,580.0,559.5,572.9,0.69,8082.0,644.0,538.4
NLICL,11/14/2022,562.2,584.0,562.2,579.0,1.06,20561.0,644.0,538.4
NLICL,11/15/2022,589.9,589.9,575.0,580.0,0.17,10168.0,644.0,538.4
NLICL,11/16/2022,590.0,590.0,580.1,589.0,1.55,11375.0,644.0,538.4
NLICL,11/17/2022,598.0,607.0,590.0,599.0,1.7,37640.0,644.0,538.4
NLICL,11/22/2022,609.0,612.5,600.0,600.0,0.17,17836.0,644.0,538.4
NLICL,11/23/2022,610.9,610.9,598.0,599.8,-0.03,57280.0,644.0,538.4
NLICL,11/24/2022,523.0,529.0,511.0,514.0,-14.3,11740.0,644.0,538.4
NLICL,11/27/2022,523.9,524.0,508.0,523.9,1.93,20886.0,644.0,538.4
NLICL,11/28/2022,531.9,531.9,514.0,517.9,-1.15,9718.0,644.0,538.4
NLICL,11/29/2022,511.0,523.6,500.0,516.0,-0.37,29141.0,644.0,538.4
NLICL,11/30/2022,515.0,516.0,505.7,510.0,-1.16,14093.0,644.0,538.4
NLICL,12/1/2022,506.0,524.1,502.8,513.9,0.76,31025.0,644.0,538.4
NLICL,12/4/2022,518.0,525.0,515.0,520.0,1.19,26308.0,644.0,538.4
NLICL,12/5/2022,515.0,517.0,508.5,511.5,-1.63,9860.0,644.0,538.4
NLICL,12/6/2022,505.0,512.0,502.0,511.0,-0.1,5519.0,644.0,538.4
NLICL,12/7/2022,516.0,516.0,504.0,505.0,-1.17,5883.0,644.0,538.4
NLICL,12/11/2022,508.9,508.9,500.0,500.0,-0.99,11653.0,644.0,538.4
NLICL,12/12/2022,499.0,509.0,495.7,505.0,1.0,13887.0,644.0,538.4
NLICL,12/13/2022,505.0,505.0,496.3,500.0,-0.99,7551.0,644.0,538.4
NLICL,12/14/2022,501.0,505.0,500.0,502.0,0.4,16341.0,644.0,538.4
NLICL,12/15/2022,495.1,502.7,495.0,496.3,-1.14,10536.0,644.0,538.4
NLICL,12/18/2022,497.0,500.0,492.0,495.6,-0.14,6394.0,644.0,538.4
NLICL,12/19/2022,499.0,499.0,495.0,497.9,0.46,3098.0,644.0,538.4
NLICL,12/20/2022,500.0,503.0,499.0,502.9,1.0,14867.0,644.0,538.4
NLICL,12/21/2022,493.1,502.0,493.1,502.0,-0.18,7250.0,644.0,538.4
NLICL,12/22/2022,501.0,502.0,495.1,497.0,-1.0,3099.0,644.0,538.4
NLICL,12/26/2022,500.0,517.0,500.0,516.0,3.82,13826.0,644.0,538.4
NLICL,12/27/2022,525.0,550.0,517.1,540.0,4.65,55570.0,644.0,538.4
NLICL,12/28/2022,540.1,544.0,530.0,539.9,-0.02,13704.0,644.0,538.4
NLICL,12/29/2022,535.0,570.0,530.2,569.9,5.56,35162.0,644.0,538.4
NLICL,1/1/2023,570.0,598.0,570.0,585.0,2.65,77276.0,644.0,538.4
NLICL,1/2/2023,573.4,595.0,566.0,590.0,0.85,24794.0,644.0,538.4
NLICL,1/3/2023,585.0,598.8,575.0,576.1,-2.36,26163.0,644.0,538.4
NLICL,1/4/2023,572.1,605.0,572.1,604.0,4.84,28929.0,644.0,538.4
NLICL,1/5/2023,605.0,625.0,599.0,621.0,2.81,66549.0,644.0,538.4
NLICL,1/8/2023,632.8,675.0,615.1,660.0,6.28,91568.0,644.0,538.4
NLICL,1/9/2023,660.1,690.0,660.0,682.0,3.33,69705.0,644.0,538.4
NLICL,1/10/2023,694.0,705.0,652.0,672.0,-1.47,81374.0,644.0,538.4
NLICL,1/12/2023,685.0,698.7,645.0,646.0,-3.87,68676.0,644.0,538.4
NLICL,1/17/2023,657.0,662.0,635.0,662.0,2.48,49385.0,644.0,538.4
NLICL,1/18/2023,660.0,673.0,644.0,650.0,-1.81,17045.0,644.0,538.4
NLICL,1/19/2023,655.0,661.0,637.0,643.0,-1.08,17760.0,644.0,538.4
NLICL,1/23/2023,655.0,655.0,629.0,629.0,-2.18,13983.0,644.0,538.4
NLICL,1/24/2023,630.0,630.0,612.3,622.0,-1.11,20632.0,644.0,538.4
NLICL,1/25/2023,633.3,653.9,610.0,639.1,2.75,36912.0,644.0,538.4
NLICL,1/26/2023,651.0,661.9,641.0,653.0,2.17,41354.0,644.0,538.4
NLICL,1/29/2023,642.1,658.9,640.0,644.0,-1.38,29381.0,644.0,538.4
NLICL,1/30/2023,636.0,640.0,617.0,618.0,-4.04,28290.0,644.0,538.4
NLICL,1/31/2023,620.0,632.0,612.0,615.0,-0.49,28364.0,644.0,538.4
NLICL,2/1/2023,612.2,628.0,612.0,621.0,0.98,18562.0,644.0,538.4
NLICL,2/2/2023,628.0,633.0,605.0,610.0,-1.77,16282.0,644.0,538.4
NLICL,2/5/2023,599.0,622.0,599.0,608.0,-0.33,11448.0,644.0,538.4
NLICL,2/6/2023,619.0,619.0,602.0,613.0,0.82,4633.0,644.0,538.4
NLICL,2/7/2023,610.0,641.0,605.0,641.0,4.57,44176.0,644.0,538.4
NLICL,2/8/2023,635.0,654.0,633.0,634.0,-1.09,34629.0,644.0,538.4
NLICL,2/9/2023,640.0,647.0,629.0,640.0,0.95,15018.0,644.0,538.4
NLICL,2/12/2023,627.5,635.0,616.1,625.0,-2.34,22901.0,644.0,538.4
NLICL,2/14/2023,616.0,624.9,614.4,618.9,-0.98,21449.0,644.0,538.4
NLICL,2/15/2023,616.0,623.0,606.6,608.0,-1.76,31447.0,644.0,538.4
NLICL,2/16/2023,608.0,608.0,592.1,592.1,-2.62,24351.0,644.0,538.4
NLICL,2/20/2023,585.0,590.0,579.0,583.0,-1.54,25451.0,644.0,538.4
NLICL,2/22/2023,576.0,600.0,576.0,591.8,1.51,18733.0,644.0,538.4
NLICL,2/23/2023,585.0,586.0,575.0,582.0,-1.66,20220.0,644.0,538.4
NLICL,2/26/2023,570.5,582.4,560.0,579.6,-0.41,31931.0,644.0,538.4
NLICL,2/27/2023,582.0,584.0,565.0,574.0,-0.97,27338.0,644.0,538.4
NLICL,2/28/2023,568.0,586.0,568.0,585.0,1.92,23829.0,644.0,538.4
NLICL,3/1/2023,580.0,583.0,575.0,576.0,-1.54,12705.0,644.0,538.4
NLICL,3/2/2023,576.0,576.0,565.1,570.0,-1.04,10499.0,644.0,538.4
NLICL,3/5/2023,581.0,581.0,552.0,566.0,-0.7,23396.0,644.0,538.4
NLICL,3/7/2023,565.9,573.0,560.0,562.0,-0.71,12471.0,644.0,538.4
NLICL,3/9/2023,573.2,580.0,567.0,579.0,3.02,15536.0,644.0,538.4
NLICL,3/12/2023,590.0,590.0,570.0,570.1,-1.54,14549.0,644.0,538.4
NLICL,3/13/2023,569.0,570.0,561.0,563.9,-1.09,10744.0,644.0,538.4
NLICL,3/14/2023,560.0,566.0,555.1,562.0,-0.34,28173.0,644.0,538.4
NLICL,3/15/2023,560.0,565.0,549.0,552.0,-1.78,23268.0,644.0,538.4
NLICL,3/16/2023,550.0,560.0,550.0,556.1,0.74,15287.0,644.0,538.4
NLICL,3/19/2023,567.0,567.0,555.0,557.9,0.32,18835.0,644.0,538.4
NLICL,3/20/2023,565.0,565.0,557.0,565.0,1.27,16599.0,644.0,538.4
NLICL,3/22/2023,576.0,576.0,560.5,560.5,-0.8,11126.0,644.0,538.4
NLICL,3/23/2023,560.3,560.3,550.0,551.3,-1.64,5659.0,644.0,538.4
NLICL,3/26/2023,562.0,562.0,545.0,549.0,-0.42,6591.0,644.0,538.4
NLICL,3/27/2023,550.0,563.0,545.0,561.9,2.35,21136.0,644.0,538.4
NLICL,3/28/2023,563.0,568.0,560.0,564.0,0.37,12465.0,644.0,538.4
NLICL,3/29/2023,556.0,567.0,556.0,565.0,0.18,10905.0,644.0,538.4
NLICL,3/30/2023,574.9,575.0,562.1,562.1,-0.51,6865.0,644.0,538.4
NLICL,4/2/2023,567.0,569.0,553.1,558.9,-0.57,12386.0,644.0,538.4
NLICL,4/3/2023,560.0,560.4,548.2,550.0,-1.59,11985.0,644.0,538.4
NLICL,4/4/2023,545.0,554.0,541.0,548.0,-0.36,9387.0,644.0,538.4
NLICL,4/5/2023,551.9,558.9,542.7,557.0,1.64,6278.0,644.0,538.4
NLICL,4/6/2023,564.0,568.0,551.1,559.9,0.52,10308.0,644.0,538.4
NLICL,4/9/2023,551.0,560.0,543.1,548.5,-2.04,15173.0,644.0,538.4
NLICL,4/10/2023,548.0,558.9,548.0,554.9,1.17,4076.0,644.0,538.4
NLICL,4/11/2023,547.0,565.0,547.0,563.0,1.46,4739.0,644.0,538.4
NLICL,4/12/2023,574.0,590.0,573.0,590.0,4.8,15718.0,644.0,538.4
NLICL,4/13/2023,594.0,598.0,580.0,584.0,-1.02,22954.0,644.0,538.4
NLICL,4/16/2023,595.0,606.5,580.0,592.0,1.37,36983.0,644.0,538.4
NLICL,4/17/2023,595.0,601.0,580.6,580.6,-1.93,14807.0,644.0,538.4
NLICL,4/18/2023,591.0,591.0,575.0,583.4,0.48,6315.0,644.0,538.4
NLICL,4/19/2023,575.0,592.0,575.0,585.5,0.36,4592.0,644.0,538.4
NLICL,4/20/2023,593.0,596.7,582.0,582.0,-0.6,8563.0,644.0,538.4
NLICL,4/23/2023,571.0,574.0,566.0,568.0,-2.41,11856.0,644.0,538.4
NLICL,4/24/2023,564.0,585.0,564.0,580.0,2.11,8112.0,644.0,538.4
NLICL,4/25/2023,572.1,589.0,572.1,585.0,0.86,6392.0,644.0,538.4
NLICL,4/26/2023,593.0,593.9,580.0,581.0,-0.68,4308.0,644.0,538.4
NLICL,4/27/2023,572.0,586.0,572.0,580.2,-0.14,12582.0,644.0,538.4
NLICL,4/30/2023,580.0,585.0,574.6,576.8,-0.59,7717.0,644.0,538.4
NLICL,5/2/2023,570.0,580.0,570.0,575.0,-0.31,6673.0,644.0,538.4
NLICL,5/3/2023,575.0,576.9,569.9,572.0,-0.52,7265.0,644.0,538.4
NLICL,5/4/2023,582.0,583.4,565.0,575.2,0.56,7941.0,644.0,538.4
NLICL,5/7/2023,570.0,576.0,568.9,572.5,-0.47,10034.0,644.0,538.4
NLICL,5/8/2023,573.0,573.0,565.7,566.0,-1.14,13443.0,644.0,538.4
NLICL,5/9/2023,566.0,574.7,566.0,572.0,1.06,8743.0,644.0,538.4
NLICL,5/10/2023,567.0,575.0,567.0,572.0,0.0,6755.0,644.0,538.4
NLICL,5/11/2023,565.0,576.0,565.0,572.0,0.0,4334.0,644.0,538.4
NLICL,5/14/2023,572.0,573.0,567.3,568.0,-0.7,5147.0,644.0,538.4
NLICL,5/15/2023,568.0,570.9,564.0,568.1,0.02,6016.0,644.0,538.4
NLICL,5/16/2023,570.0,576.0,565.5,572.0,0.69,5173.0,644.0,538.4
NLICL,5/17/2023,573.1,582.0,573.1,577.3,0.93,5220.0,644.0,538.4
NLICL,5/18/2023,578.1,597.0,577.0,595.0,3.07,20875.0,644.0,538.4
NLICL,5/21/2023,606.0,609.0,593.0,596.0,0.17,31381.0,644.0,538.4
NLICL,5/22/2023,591.0,604.9,590.0,599.0,0.5,41915.0,644.0,538.4
NLICL,5/23/2023,605.0,629.8,603.0,627.0,4.67,43563.0,644.0,538.4
NLICL,5/24/2023,639.5,650.0,625.0,649.8,3.64,121195.0,644.0,538.4
NLICL,5/28/2023,600.0,613.7,595.0,600.0,-7.66,58637.0,644.0,538.4
NLICL,5/30/2023,600.0,600.0,575.2,576.0,-4.0,30647.0,644.0,538.4
NLICL,5/31/2023,564.6,575.0,555.0,555.0,-3.65,39640.0,644.0,538.4
NLICL,6/1/2023,555.5,564.3,550.0,560.0,0.9,19480.0,644.0,538.4
NLICL,6/4/2023,571.0,587.0,560.0,583.6,4.21,16851.0,644.0,538.4
NLICL,6/5/2023,590.0,595.0,570.0,578.0,-0.96,33315.0,644.0,538.4
NLICL,6/6/2023,585.0,589.9,568.0,589.9,2.06,49658.0,644.0,538.4
NLICL,6/7/2023,590.0,604.8,585.0,586.2,-0.63,63181.0,644.0,538.4
NLICL,6/8/2023,580.0,602.0,580.0,596.0,1.67,23087.0,644.0,538.4
NLICL,6/11/2023,605.0,610.0,600.0,601.0,0.84,34545.0,644.0,538.4
NLICL,6/12/2023,613.0,620.0,597.0,600.0,-0.17,55210.0,644.0,538.4
NLICL,6/13/2023,611.9,618.0,599.7,608.2,1.37,69869.0,644.0,538.4
NLICL,6/14/2023,613.0,629.0,607.0,614.0,0.95,107034.0,644.0,538.4
NLICL,6/15/2023,626.0,626.0,607.0,624.0,1.63,60012.0,644.0,538.4
NLICL,6/18/2023,636.3,667.0,623.0,665.0,6.57,94764.0,644.0,538.4
NLICL,6/19/2023,678.0,678.0,640.0,652.0,-1.95,81026.0,644.0,538.4
NLICL,6/20/2023,659.0,660.0,623.1,629.0,-3.53,46838.0,644.0,538.4
NLICL,6/21/2023,639.0,640.0,617.0,617.1,-1.89,52551.0,644.0,538.4
NLICL,6/22/2023,629.4,644.0,623.0,634.0,2.74,49855.0,644.0,538.4
NLICL,6/25/2023,637.0,679.9,637.0,678.0,6.94,121192.0,644.0,538.4
NLICL,6/26/2023,689.9,692.5,660.0,663.9,-2.08,61295.0,644.0,538.4
NLICL,6/27/2023,677.0,682.0,656.0,659.5,-0.66,51769.0,644.0,538.4
NLICL,6/28/2023,657.0,690.0,652.0,672.0,1.9,86317.0,644.0,538.4
NLICL,7/2/2023,676.0,689.9,660.1,662.3,-1.44,90348.0,644.0,538.4
NLICL,7/3/2023,662.3,668.9,649.0,650.0,-1.86,53076.0,644.0,538.4
NLICL,7/4/2023,663.0,663.0,646.1,648.0,-0.31,25483.0,644.0,538.4
NLICL,7/5/2023,650.0,655.0,628.5,629.0,-2.93,32359.0,644.0,538.4
NLICL,7/6/2023,621.0,640.0,618.2,638.0,1.43,32624.0,644.0,538.4
NLICL,7/9/2023,640.3,652.0,638.0,645.0,1.1,67859.0,644.0,538.4
NLICL,7/10/2023,657.0,670.0,653.0,656.0,1.71,46040.0,644.0,538.4
NLICL,7/11/2023,651.0,659.0,648.0,651.0,-0.76,22927.0,644.0,538.4
NLICL,7/12/2023,655.0,664.9,653.0,659.0,1.23,51117.0,644.0,538.4
NLICL,7/13/2023,661.0,668.9,646.0,647.0,-1.82,23994.0,644.0,538.4
NLICL,7/16/2023,640.0,665.8,640.0,645.0,-0.31,25744.0,644.0,538.4
NLICL,7/17/2023,646.0,665.0,645.0,664.0,2.95,20507.0,644.0,538.4
NLICL,7/18/2023,673.0,676.0,660.0,661.9,-0.32,42496.0,644.0,538.4
NLICL,7/19/2023,654.2,670.0,653.0,655.0,-1.04,15259.0,644.0,538.4
NLICL,7/20/2023,655.1,663.8,646.0,653.1,-0.29,16874.0,644.0,538.4
NLICL,7/23/2023,653.5,670.0,651.1,664.0,1.67,21042.0,644.0,538.4
NLICL,7/24/2023,651.0,663.0,651.0,656.7,-1.1,27342.0,644.0,538.4
NLICL,7/25/2023,649.9,652.7,637.0,642.9,-2.1,33196.0,644.0,538.4
NLICL,7/26/2023,634.0,646.6,634.0,635.5,-1.15,16888.0,644.0,538.4
NLICL,7/27/2023,635.0,637.0,622.8,623.5,-1.89,29451.0,644.0,538.4
NLICL,7/30/2023,621.0,623.3,611.1,613.0,-1.68,21734.0,644.0,538.4
NLICL,7/31/2023,625.0,625.0,612.0,614.0,0.16,13660.0,644.0,538.4
NLICL,8/1/2023,615.0,620.0,604.1,604.1,-1.61,9905.0,644.0,538.4
NLICL,8/2/2023,600.1,609.0,594.5,609.0,0.81,13491.0,644.0,538.4
NLICL,8/3/2023,609.0,620.0,609.0,611.0,0.33,12499.0,644.0,538.4
NLICL,8/6/2023,615.0,618.0,595.0,598.5,-2.05,18741.0,644.0,538.4
NLICL,8/7/2023,588.2,610.0,588.2,599.0,0.08,12685.0,644.0,538.4
NLICL,8/8/2023,600.0,600.0,583.5,590.0,-1.5,12359.0,644.0,538.4
NLICL,8/9/2023,581.1,606.8,576.0,605.0,2.54,33076.0,644.0,538.4
NLICL,8/10/2023,605.0,612.0,598.0,600.1,-0.81,18079.0,644.0,538.4
NLICL,8/13/2023,601.0,612.0,600.0,612.0,1.98,14618.0,644.0,538.4
NLICL,8/14/2023,612.0,621.0,610.0,613.9,0.31,16183.0,644.0,538.4
NLICL,8/15/2023,615.0,615.0,602.1,602.2,-1.91,10827.0,644.0,538.4
NLICL,8/16/2023,602.0,603.9,591.0,596.8,-0.9,16609.0,644.0,538.4
NLICL,8/17/2023,600.1,607.0,598.0,599.8,0.5,15742.0,644.0,538.4
NLICL,8/20/2023,598.0,605.0,585.1,588.0,-1.97,40457.0,644.0,538.4
NLICL,8/21/2023,583.0,599.5,579.1,584.0,-0.68,18396.0,644.0,538.4
NLICL,8/22/2023,582.2,597.7,582.0,588.0,0.68,11714.0,644.0,538.4
NLICL,8/23/2023,598.0,608.0,596.0,606.9,3.21,9340.0,644.0,538.4
NLICL,8/24/2023,605.0,610.5,593.0,594.0,-2.13,20767.0,644.0,538.4
NLICL,8/27/2023,597.0,597.0,587.0,590.0,-0.67,5397.0,644.0,538.4
NLICL,8/28/2023,588.0,593.0,583.1,590.0,0.0,8569.0,644.0,538.4
NLICL,8/29/2023,597.0,597.0,585.1,586.8,-0.54,10588.0,644.0,538.4
NLICL,8/30/2023,587.0,594.0,585.0,590.0,0.55,7588.0,644.0,538.4
NLICL,9/3/2023,600.0,600.0,570.0,574.0,-2.71,13024.0,644.0,538.4
NLICL,9/4/2023,577.1,586.0,573.0,575.6,0.28,14427.0,644.0,538.4
NLICL,9/5/2023,577.0,579.8,572.0,575.0,-0.1,3683.0,644.0,538.4
NLICL,9/7/2023,583.0,583.0,565.0,565.0,-1.74,9845.0,644.0,538.4
NLICL,9/10/2023,566.0,577.3,566.0,570.2,0.92,3966.0,644.0,538.4
NLICL,9/11/2023,561.1,588.7,561.1,588.7,3.24,7694.0,644.0,538.4
NLICL,9/12/2023,588.8,595.0,580.0,586.0,-0.46,38354.0,644.0,538.4
NLICL,9/13/2023,580.1,605.6,580.0,605.6,3.34,13538.0,644.0,538.4
NLICL,9/17/2023,605.0,612.0,580.1,583.0,-3.73,12837.0,644.0,538.4
NLICL,9/18/2023,573.0,589.0,572.2,586.0,0.51,2273.0,644.0,538.4
NLICL,9/19/2023,585.0,592.0,583.0,590.0,0.68,3964.0,644.0,538.4
NLICL,9/21/2023,591.0,602.8,591.0,595.9,1.0,14220.0,644.0,538.4
NLICL,9/24/2023,600.0,600.0,587.0,591.0,-0.82,3277.0,644.0,538.4
NLICL,9/25/2023,590.0,601.0,583.0,587.0,-0.68,9855.0,644.0,538.4
NLICL,9/26/2023,588.0,592.0,585.0,587.0,0.0,7354.0,644.0,538.4
NLICL,9/27/2023,586.5,586.5,575.3,577.0,-1.7,7903.0,644.0,538.4
NLICL,10/1/2023,570.0,579.9,566.0,567.0,-1.73,12168.0,644.0,538.4
NLICL,10/2/2023,559.0,575.0,558.0,568.3,0.23,15844.0,644.0,538.4
NLICL,10/3/2023,567.0,570.9,567.0,567.1,-0.21,7574.0,644.0,538.4
NLICL,10/4/2023,574.0,574.9,567.3,568.1,0.18,7055.0,644.0,538.4
NLICL,10/5/2023,570.0,570.0,560.0,560.0,-1.43,9755.0,644.0,538.4
NLICL,10/8/2023,560.0,560.0,545.0,546.1,-2.48,18708.0,644.0,538.4
NLICL,10/9/2023,546.0,546.0,535.2,538.0,-1.48,13104.0,644.0,538.4
NLICL,10/10/2023,548.7,548.7,525.3,534.0,-0.74,13322.0,644.0,538.4
NLICL,10/11/2023,544.6,544.6,525.1,535.0,0.19,14759.0,644.0,538.4
NLICL,10/12/2023,535.0,543.0,529.7,532.9,-0.39,16088.0,644.0,538.4
NLICL,10/16/2023,540.0,540.0,527.0,527.1,-1.09,7072.0,644.0,538.4
NLICL,10/17/2023,530.0,540.0,530.0,531.0,0.74,7368.0,644.0,538.4
NLICL,10/18/2023,540.0,550.8,535.0,549.0,3.39,10650.0,644.0,538.4
NLICL,10/19/2023,545.0,556.0,545.0,545.3,-0.67,3671.0,644.0,538.4
NLICL,10/29/2023,548.0,548.0,536.0,537.0,-1.52,2821.0,644.0,538.4
NLICL,10/30/2023,532.0,540.0,530.0,540.0,0.56,9459.0,644.0,538.4
NLICL,10/31/2023,535.2,538.6,533.0,534.0,-1.11,2179.0,644.0,538.4
NLICL,11/1/2023,530.1,543.0,528.3,533.0,-0.19,10779.0,644.0,538.4
NLICL,11/2/2023,535.5,542.0,535.0,541.5,1.59,6442.0,644.0,538.4
NLICL,11/5/2023,531.5,542.1,531.5,542.1,0.11,5648.0,644.0,538.4
NLICL,11/6/2023,542.0,548.0,542.0,543.0,0.17,4393.0,644.0,538.4
NLICL,11/7/2023,547.0,547.0,540.0,541.0,-0.37,2793.0,644.0,538.4
NLICL,11/8/2023,545.0,548.0,540.0,541.0,0.0,2015.0,644.0,538.4
NLICL,11/9/2023,542.0,552.8,538.2,540.0,-0.18,1919.0,644.0,538.4
NLICL,11/20/2023,542.0,555.0,542.0,550.0,1.85,5071.0,644.0,538.4
NLICL,11/21/2023,548.0,548.0,536.0,543.0,-1.27,4693.0,644.0,538.4
NLICL,11/22/2023,533.5,545.0,533.2,544.0,0.18,18945.0,644.0,538.4
NLICL,11/23/2023,537.0,564.0,536.1,555.6,2.13,12099.0,644.0,538.4
NLICL,11/26/2023,550.0,585.0,550.0,583.0,4.93,18047.0,644.0,538.4
NLICL,11/27/2023,594.6,594.6,573.3,573.3,-1.66,16513.0,644.0,538.4
NLICL,11/28/2023,574.0,577.0,569.1,573.0,-0.05,6231.0,644.0,538.4
NLICL,11/29/2023,573.0,578.0,561.7,561.7,-1.97,4790.0,644.0,538.4
NLICL,11/30/2023,560.0,564.0,550.1,550.1,-2.07,7037.0,644.0,538.4
NLICL,12/3/2023,560.0,560.0,541.0,549.0,-0.2,5488.0,644.0,538.4
NLICL,12/4/2023,552.0,568.0,552.0,560.0,2.0,6640.0,644.0,538.4
NLICL,12/5/2023,560.0,566.0,555.0,562.0,0.36,4837.0,644.0,538.4
NLICL,12/6/2023,553.0,563.0,551.0,560.0,-0.36,5821.0,644.0,538.4
NLICL,12/7/2023,559.9,580.0,552.0,569.9,1.77,12823.0,644.0,538.4
NLICL,12/10/2023,581.2,612.0,581.2,600.1,5.3,2685.0,644.0,538.4
NLICL,12/11/2023,612.1,624.0,592.0,594.0,-1.02,37709.0,644.0,538.4
NLICL,12/12/2023,605.0,627.0,603.0,621.0,4.55,37944.0,644.0,538.4
NLICL,12/13/2023,624.1,627.3,610.0,619.0,-0.32,32525.0,644.0,538.4
NLICL,12/14/2023,619.0,619.9,611.0,615.0,-0.65,9619.0,644.0,538.4
NLICL,12/17/2023,606.7,619.0,602.0,613.9,-0.18,21162.0,644.0,538.4
NLICL,12/18/2023,607.0,630.1,607.0,623.4,1.55,46122.0,644.0,538.4
NLICL,12/19/2023,625.0,650.0,613.1,645.0,3.46,41989.0,644.0,538.4
NLICL,12/20/2023,635.0,665.0,635.0,650.0,0.78,43996.0,644.0,538.4
NLICL,12/21/2023,641.0,650.0,625.0,629.0,-3.23,43354.0,644.0,538.4
NLICL,12/24/2023,618.0,630.0,616.0,622.0,-1.11,26177.0,644.0,538.4
NLICL,12/27/2023,634.0,634.0,613.0,617.0,-0.8,15128.0,644.0,538.4
NLICL,12/28/2023,606.0,621.0,606.0,612.0,-0.81,28770.0,644.0,538.4
NLICL,1/1/2024,613.0,619.0,605.0,608.0,-0.65,17635.0,644.0,538.4
NLICL,1/2/2024,605.0,605.0,591.0,594.0,-2.3,29271.0,644.0,538.4
NLICL,1/3/2024,591.1,602.0,591.0,595.0,0.17,12292.0,644.0,538.4
NLICL,1/4/2024,600.0,601.0,588.0,593.4,-0.27,62958.0,644.0,538.4
NLICL,1/7/2024,593.4,594.0,580.0,581.5,-2.01,16720.0,644.0,538.4
NLICL,1/8/2024,569.9,610.0,569.9,604.9,4.02,56209.0,644.0,538.4
NLICL,1/9/2024,615.0,623.0,597.0,603.0,-0.31,26037.0,644.0,538.4
NLICL,1/10/2024,615.0,618.0,604.0,604.0,0.17,14166.0,644.0,538.4
NLICL,1/11/2024,601.5,603.0,593.0,600.0,-0.66,15624.0,644.0,538.4
NLICL,1/14/2024,608.0,608.0,596.0,602.9,0.48,15098.0,644.0,538.4
NLICL,1/16/2024,610.0,615.0,602.0,613.8,1.81,33620.0,644.0,538.4
NLICL,1/17/2024,626.0,632.0,607.0,609.0,-0.78,46425.0,644.0,538.4
NLICL,1/18/2024,606.0,615.8,602.1,607.0,-0.33,18852.0,644.0,538.4
NLICL,1/21/2024,604.0,610.0,600.0,608.0,0.16,14392.0,644.0,538.4
NLICL,1/22/2024,619.0,619.9,594.0,599.0,-1.48,10401.0,644.0,538.4
NLICL,1/23/2024,590.1,599.0,585.0,586.0,-2.17,13150.0,644.0,538.4
NLICL,1/24/2024,597.7,621.7,580.0,580.0,-1.02,18893.0,644.0,538.4
NLICL,1/25/2024,576.6,590.0,573.4,581.6,0.28,20170.0,644.0,538.4
NLICL,1/28/2024,581.0,593.6,581.0,584.0,0.41,6111.0,644.0,538.4
NLICL,1/29/2024,595.4,595.4,585.0,586.0,0.34,11852.0,644.0,538.4
NLICL,1/30/2024,588.3,595.0,588.2,591.0,0.85,14333.0,644.0,538.4
NLICL,1/31/2024,594.2,600.0,583.0,585.0,-1.02,10895.0,644.0,538.4
NLICL,2/1/2024,580.1,586.0,578.0,578.0,-1.2,7284.0,644.0,538.4
NLICL,2/4/2024,567.2,581.0,567.2,576.0,-0.35,24804.0,644.0,538.4
NLICL,2/5/2024,570.1,579.0,570.1,571.3,-0.82,5018.0,644.0,538.4
NLICL,2/6/2024,582.7,585.0,576.6,585.0,2.4,6994.0,644.0,538.4
NLICL,2/7/2024,595.0,595.0,585.2,588.2,0.55,11231.0,644.0,538.4
NLICL,2/8/2024,590.0,592.5,586.0,587.0,-0.2,2486.0,644.0,538.4
NLICL,2/11/2024,585.0,593.9,576.0,585.0,-0.34,15608.0,644.0,538.4
NLICL,2/12/2024,585.0,590.0,580.0,590.0,0.85,8154.0,644.0,538.4
NLICL,2/13/2024,596.0,596.0,575.0,578.0,-2.03,11155.0,644.0,538.4
NLICL,2/14/2024,583.0,583.0,577.5,578.4,0.07,3695.0,644.0,538.4
NLICL,2/15/2024,575.7,584.0,575.7,578.0,-0.07,7484.0,644.0,538.4
NLICL,2/18/2024,578.0,578.0,568.0,568.9,-1.57,7544.0,644.0,538.4
NLICL,2/20/2024,560.0,590.0,560.0,564.9,-0.7,11620.0,644.0,538.4
NLICL,2/21/2024,574.0,574.0,563.0,567.8,0.51,6039.0,644.0,538.4
NLICL,2/22/2024,575.0,575.0,550.3,555.0,-2.25,14146.0,644.0,538.4
NLICL,2/25/2024,555.2,566.3,544.2,552.8,-0.4,25298.0,644.0,538.4
NLICL,2/26/2024,560.0,560.5,555.0,560.0,1.3,4192.0,644.0,538.4
NLICL,2/27/2024,569.9,570.0,559.0,565.0,0.89,12564.0,644.0,538.4
NLICL,2/28/2024,560.1,566.0,555.0,565.0,0.0,7321.0,644.0,538.4
NLICL,2/29/2024,556.1,560.0,549.0,551.0,-2.48,7415.0,644.0,538.4
NLICL,3/3/2024,549.2,557.9,535.0,550.9,-0.02,21535.0,644.0,538.4
NLICL,3/4/2024,561.9,582.6,560.0,582.6,5.75,1280.0,644.0,538.4
NLICL,3/5/2024,571.0,577.0,547.0,560.1,-3.86,21973.0,644.0,538.4
NLICL,3/6/2024,565.0,565.0,530.2,558.0,-0.37,27576.0,644.0,538.4
NLICL,3/7/2024,568.0,568.0,553.1,558.0,0.0,4901.0,644.0,538.4
NLICL,3/10/2024,563.0,575.0,562.0,565.0,1.25,12890.0,644.0,538.4
NLICL,3/12/2024,576.3,597.7,570.0,586.0,3.72,37442.0,644.0,538.4
NLICL,3/13/2024,585.0,605.0,582.0,584.0,-0.34,16950.0,644.0,538.4
NLICL,3/14/2024,581.0,587.0,570.0,570.7,-2.28,14774.0,644.0,538.4
NLICL,3/17/2024,582.0,582.0,567.3,570.0,-0.12,8421.0,644.0,538.4
NLICL,3/18/2024,570.0,575.0,564.0,569.0,-0.18,4436.0,644.0,538.4
NLICL,3/19/2024,564.0,575.5,564.0,569.0,0.0,4522.0,644.0,538.4
NLICL,3/20/2024,568.1,570.0,560.0,564.9,-0.72,9010.0,644.0,538.4
NLICL,3/21/2024,570.0,574.0,560.0,563.5,-0.25,7207.0,644.0,538.4
NLICL,3/25/2024,564.0,567.0,555.2,560.3,-0.57,10351.0,644.0,538.4
NLICL,3/26/2024,556.6,571.5,556.6,563.8,0.62,18721.0,644.0,538.4
NLICL,3/27/2024,572.9,572.9,555.0,556.5,-1.29,6221.0,644.0,538.4
NLICL,3/28/2024,555.1,562.0,555.0,557.0,0.09,9017.0,644.0,538.4
NLICL,3/31/2024,560.0,560.0,550.0,550.4,-1.18,9733.0,644.0,538.4
NLICL,4/1/2024,548.0,560.0,540.0,553.0,0.47,9392.0,644.0,538.4
NLICL,4/2/2024,550.0,560.0,548.1,559.0,1.08,10987.0,644.0,538.4
NLICL,4/3/2024,557.0,563.0,550.0,556.9,-0.38,11500.0,644.0,538.4
NLICL,4/4/2024,550.0,558.0,550.0,552.6,-0.77,7593.0,644.0,538.4
NLICL,4/7/2024,552.0,564.0,552.0,561.0,1.52,10072.0,644.0,538.4
NLICL,4/9/2024,570.0,575.0,560.2,574.7,2.44,11806.0,644.0,538.4
NLICL,4/10/2024,572.0,574.9,566.0,567.0,-1.34,10180.0,644.0,538.4
NLICL,4/14/2024,560.0,571.0,553.1,555.0,-2.12,7613.0,644.0,538.4
NLICL,4/15/2024,562.0,562.0,549.0,549.0,-1.08,5185.0,644.0,538.4
NLICL,4/16/2024,549.5,552.0,549.0,550.0,0.18,4331.0,644.0,538.4
NLICL,4/18/2024,541.1,548.0,541.1,543.4,-1.2,8357.0,644.0,538.4
NLICL,4/21/2024,545.0,552.0,540.1,551.0,1.4,14118.0,644.0,538.4
NLICL,4/22/2024,551.0,555.0,542.0,547.5,-0.64,6374.0,644.0,538.4
NLICL,4/24/2024,540.0,549.0,540.0,545.0,-0.46,1269.0,644.0,538.4
NLICL,4/25/2024,545.0,550.0,540.3,546.0,0.18,5035.0,644.0,538.4
NLICL,4/28/2024,545.0,549.7,536.2,549.7,0.68,7010.0,644.0,538.4
NLICL,4/29/2024,549.0,549.0,540.0,546.0,-0.67,6757.0,644.0,538.4
NLICL,4/30/2024,547.0,555.0,539.0,542.0,-0.73,15268.0,644.0,538.4
NLICL,5/2/2024,542.0,560.0,540.0,541.0,-0.18,27391.0,644.0,538.4
NLICL,5/5/2024,543.1,545.0,525.0,528.1,-2.38,29168.0,644.0,538.4
NLICL,5/6/2024,538.6,538.6,525.0,527.0,-0.21,15942.0,644.0,538.4
NLICL,5/7/2024,534.9,534.9,526.0,527.3,0.06,4491.0,644.0,538.4
NLICL,5/8/2024,525.0,536.0,521.3,531.0,0.7,5859.0,644.0,538.4
NLICL,5/9/2024,533.1,540.0,532.0,533.8,0.53,19757.0,644.0,538.4
NLICL,5/12/2024,544.4,545.0,533.2,539.1,0.99,8510.0,644.0,538.4
NLICL,5/13/2024,549.8,549.8,538.0,544.0,0.91,4718.0,644.0,538.4
NLICL,5/14/2024,543.0,550.0,539.3,549.0,0.92,10550.0,644.0,538.4
NLICL,5/15/2024,550.0,557.6,540.0,545.0,-0.73,9761.0,644.0,538.4
NLICL,5/16/2024,552.9,552.9,537.3,549.9,0.9,6438.0,644.0,538.4
NLICL,5/19/2024,560.8,580.9,546.0,578.0,5.11,39480.0,644.0,538.4
NLICL,5/20/2024,587.0,588.0,567.0,570.0,-1.38,15890.0,644.0,538.4
NLICL,5/21/2024,570.1,575.0,569.1,573.0,0.53,13032.0,644.0,538.4
NLICL,5/22/2024,564.0,572.0,562.1,566.9,-1.06,12340.0,644.0,538.4
NLICL,5/26/2024,557.1,566.9,556.0,558.7,-1.45,11159.0,644.0,538.4
NLICL,5/27/2024,564.0,569.0,558.1,560.1,0.25,7815.0,644.0,538.4
NLICL,5/29/2024,565.0,565.0,547.2,552.8,-1.3,7365.0,644.0,538.4
NLICL,5/30/2024,543.5,553.8,541.9,543.0,-1.77,9758.0,644.0,538.4
NLICL,6/2/2024,553.0,553.0,545.3,549.5,1.2,4003.0,644.0,538.4
NLICL,6/3/2024,558.0,558.0,543.1,546.0,-0.64,12137.0,644.0,538.4
NLICL,6/4/2024,540.0,557.0,540.0,547.4,0.26,10645.0,644.0,538.4
NLICL,6/5/2024,553.0,553.0,542.2,545.1,-0.42,3754.0,644.0,538.4
NLICL,6/6/2024,542.3,548.0,541.2,545.0,-0.02,4857.0,644.0,538.4
NLICL,6/9/2024,542.0,550.0,540.0,544.0,-0.18,10609.0,644.0,538.4
NLICL,6/10/2024,550.0,550.0,543.0,545.9,0.35,14935.0,644.0,538.4
NLICL,6/11/2024,546.4,563.0,542.2,563.0,3.13,18679.0,644.0,538.4
NLICL,6/12/2024,562.0,571.9,555.0,561.9,-0.2,19174.0,644.0,538.4
NLICL,6/13/2024,565.0,565.0,550.0,551.0,-1.94,9944.0,644.0,538.4
NLICL,6/16/2024,547.0,556.0,545.0,554.0,0.54,12636.0,644.0,538.4
NLICL,6/18/2024,563.5,563.5,547.2,549.1,-0.88,10450.0,644.0,538.4
NLICL,6/19/2024,558.0,558.0,542.0,549.9,0.15,3732.0,644.0,538.4
NLICL,6/20/2024,560.0,560.0,542.5,544.3,-1.02,11612.0,644.0,538.4
NLICL,6/23/2024,540.0,545.0,537.2,545.0,0.13,13031.0,644.0,538.4
NLICL,6/24/2024,549.0,549.0,538.0,539.0,-1.1,12918.0,644.0,538.4
NLICL,6/25/2024,541.0,549.0,540.0,548.0,1.67,7099.0,644.0,538.4
NLICL,6/26/2024,556.5,556.5,538.4,541.0,-1.28,7549.0,644.0,538.4
NLICL,6/27/2024,537.0,537.0,531.0,531.6,-1.74,9215.0,644.0,538.4
NLICL,6/30/2024,533.1,535.0,531.5,532.0,0.08,15783.0,644.0,538.4
NLICL,7/1/2024,532.0,536.0,528.0,533.5,0.28,12398.0,644.0,538.4
NLICL,7/2/2024,544.1,576.0,536.1,544.0,1.97,9584.0,644.0,538.4
NLICL,7/3/2024,540.0,547.9,535.5,545.0,0.18,19392.0,644.0,538.4
NLICL,7/4/2024,555.0,558.0,546.7,553.9,1.63,15668.0,644.0,538.4
NLICL,7/7/2024,555.0,563.0,552.2,554.3,0.07,24520.0,644.0,538.4
NLICL,7/8/2024,560.0,560.0,552.0,556.0,0.31,20432.0,644.0,538.4
NLICL,7/9/2024,557.0,561.0,548.1,559.0,0.54,14917.0,644.0,538.4
NLICL,7/10/2024,563.0,566.9,557.1,561.2,0.39,25584.0,644.0,538.4
NLICL,7/11/2024,564.0,586.0,563.6,581.0,3.53,51595.0,644.0,538.4
NLICL,7/14/2024,592.6,614.0,591.0,609.8,4.96,57046.0,644.0,538.4
NLICL,7/15/2024,621.9,621.9,590.1,595.0,-2.43,56324.0,644.0,538.4
NLICL,7/16/2024,595.0,611.9,588.0,610.0,2.52,53302.0,644.0,538.4
NLICL,7/17/2024,621.0,624.8,610.0,620.2,1.67,91245.0,644.0,538.4
NLICL,7/18/2024,625.0,641.0,618.0,630.0,1.58,65640.0,644.0,538.4
NLICL,7/21/2024,642.6,650.0,622.3,633.0,0.48,60198.0,644.0,538.4
NLICL,7/22/2024,633.0,633.0,617.5,626.6,-1.01,43668.0,644.0,538.4
NLICL,7/23/2024,630.0,675.0,630.0,659.0,5.17,114014.0,644.0,538.4
NLICL,7/24/2024,672.0,685.5,646.0,650.0,-1.37,75670.0,644.0,538.4
NLICL,7/25/2024,638.0,660.0,638.0,655.0,0.77,74454.0,644.0,538.4
NLICL,7/28/2024,668.1,697.0,650.0,681.0,3.97,96779.0,644.0,538.4
NLICL,7/29/2024,694.0,695.0,680.0,690.0,1.32,125372.0,644.0,538.4
NLICL,7/30/2024,681.0,697.0,675.2,690.0,0.0,57916.0,644.0,538.4
NLICL,7/31/2024,703.0,716.0,698.0,700.0,1.45,60733.0,644.0,538.4
NLICL,8/1/2024,707.0,751.0,692.1,720.2,2.89,149419.0,644.0,538.4
NLICL,8/5/2024,730.0,760.0,718.5,750.0,4.14,124093.0,644.0,538.4
NLICL,8/6/2024,750.0,759.9,702.0,702.0,-6.4,119594.0,644.0,538.4
NLICL,8/7/2024,701.0,734.0,701.0,734.0,4.56,140447.0,644.0,538.4
NLICL,8/8/2024,719.8,719.8,690.1,698.0,-4.9,67410.0,644.0,538.4
NLICL,8/11/2024,700.0,717.0,695.2,713.0,2.15,78131.0,644.0,538.4
NLICL,8/12/2024,727.2,757.0,715.0,757.0,6.17,156749.0,644.0,538.4
NLICL,8/13/2024,765.0,776.1,731.0,740.0,-2.25,103973.0,644.0,538.4
NLICL,8/14/2024,750.0,750.0,724.0,739.0,-0.14,52476.0,644.0,538.4
NLICL,8/15/2024,739.0,743.0,723.5,730.0,-1.22,103720.0,644.0,538.4
NLICL,8/18/2024,744.6,759.4,715.6,717.0,-1.78,75390.0,644.0,538.4
NLICL,8/21/2024,720.0,720.0,702.0,706.0,-1.53,39536.0,644.0,538.4
NLICL,8/22/2024,715.0,715.0,701.3,704.1,-0.27,47045.0,644.0,538.4
NLICL,8/25/2024,718.1,718.1,689.0,689.1,-2.13,55465.0,644.0,538.4
NLICL,8/27/2024,678.0,689.0,654.0,661.3,-4.03,69818.0,644.0,538.4
NLICL,8/28/2024,674.5,687.9,653.0,658.0,-0.5,28775.0,644.0,538.4
NLICL,8/29/2024,670.0,670.0,637.0,639.0,-2.89,34034.0,644.0,538.4
NLICL,9/1/2024,648.0,649.0,629.0,631.0,-1.25,33799.0,644.0,538.4
NLICL,9/2/2024,636.0,669.0,630.3,660.0,4.6,31829.0,644.0,538.4
NLICL,9/3/2024,672.0,677.0,660.0,670.1,1.53,32199.0,644.0,538.4
NLICL,9/4/2024,670.1,670.1,640.0,640.0,-4.49,27598.0,644.0,538.4
NLICL,9/5/2024,636.0,652.8,630.0,639.0,-0.16,14804.0,644.0,538.4
NLICL,9/8/2024,647.0,649.0,626.0,628.0,-1.72,18297.0,644.0,538.4
NLICL,9/9/2024,622.0,627.0,611.0,612.0,-2.55,24141.0,644.0,538.4
NLICL,9/10/2024,620.0,620.0,605.0,610.0,-0.33,20997.0,644.0,538.4
NLICL,9/11/2024,610.3,612.0,599.0,600.0,-1.64,15189.0,644.0,538.4
NLICL,9/12/2024,610.0,618.0,600.0,612.2,2.03,22907.0,644.0,538.4
NLICL,9/15/2024,618.0,628.0,597.8,597.8,-2.35,40287.0,644.0,538.4
NLICL,9/16/2024,603.0,605.0,587.0,593.0,-0.8,26327.0,644.0,538.4
NLICL,9/18/2024,595.0,600.0,584.0,593.9,0.15,13186.0,644.0,538.4
NLICL,9/22/2024,605.7,610.0,585.0,594.0,0.02,20547.0,644.0,538.4
NLICL,9/23/2024,605.8,605.8,578.5,580.0,-2.36,19085.0,644.0,538.4
NLICL,9/24/2024,570.0,600.0,565.0,574.0,-1.03,20234.0,644.0,538.4
NLICL,9/25/2024,570.0,580.0,569.1,580.0,1.05,15202.0,644.0,538.4
NLICL,9/26/2024,589.9,594.0,573.0,575.0,-0.86,8512.0,644.0,538.4
NLICL,9/29/2024,570.0,574.0,565.2,571.0,-0.7,6428.0,644.0,538.4
NLICL,9/30/2024,582.0,604.0,562.0,582.0,1.93,20167.0,644.0,538.4
NLICL,10/1/2024,590.0,610.0,580.0,610.0,4.81,23253.0,644.0,538.4
NLICL,10/2/2024,622.0,632.0,597.0,607.0,-0.49,11243.0,644.0,538.4
NLICL,10/6/2024,618.9,622.0,596.3,620.0,2.14,13039.0,644.0,538.4
NLICL,10/7/2024,622.0,629.8,620.0,625.0,0.81,12467.0,644.0,538.4
NLICL,10/8/2024,615.0,624.0,610.0,615.0,-1.6,8692.0,644.0,538.4
NLICL,10/9/2024,610.0,618.0,603.2,615.0,0.0,10541.0,644.0,538.4
NLICL,10/15/2024,625.0,625.0,614.0,619.9,0.8,6415.0,644.0,538.4
NLICL,10/16/2024,632.2,634.7,620.0,632.8,2.08,17245.0,644.0,538.4
NLICL,10/17/2024,645.4,650.0,627.3,637.0,0.66,13726.0,644.0,538.4
NLICL,10/20/2024,630.0,637.0,618.3,618.3,-2.94,13461.0,644.0,538.4
NLICL,10/21/2024,612.0,617.0,601.5,602.2,-2.6,19602.0,644.0,538.4
NLICL,10/22/2024,613.0,613.0,602.1,610.0,1.3,10152.0,644.0,538.4
NLICL,10/23/2024,610.0,619.9,600.0,606.0,-0.66,9092.0,644.0,538.4
NLICL,10/24/2024,598.5,619.0,598.5,616.0,1.65,13679.0,644.0,538.4
NLICL,10/27/2024,615.0,616.0,604.1,610.0,-0.97,4487.0,644.0,538.4
NLICL,10/28/2024,622.2,624.0,601.3,605.1,-0.8,8992.0,644.0,538.4
NLICL,10/29/2024,603.0,624.0,594.0,612.7,1.26,14795.0,644.0,538.4
NLICL,10/30/2024,615.0,620.0,611.0,617.0,0.7,15553.0,644.0,538.4
NLICL,11/5/2024,611.0,620.0,609.1,619.0,0.32,20498.0,644.0,538.4
NLICL,11/6/2024,617.1,630.0,617.1,620.0,0.16,9313.0,644.0,538.4
NLICL,11/10/2024,631.0,632.0,617.9,632.0,1.94,31249.0,644.0,538.4
NLICL,11/11/2024,638.0,655.0,633.0,644.8,2.03,51225.0,644.0,538.4
NLICL,11/12/2024,649.0,660.0,642.0,642.0,-0.43,37986.0,644.0,538.4
NLICL,11/13/2024,640.0,642.0,635.0,635.0,-1.09,16147.0,644.0,538.4
NLICL,11/14/2024,635.0,642.0,626.5,627.0,-1.26,19299.0,644.0,538.4
NLICL,11/17/2024,639.0,639.0,625.8,629.9,0.46,16158.0,644.0,538.4
NLICL,11/19/2024,622.4,632.0,617.0,620.5,-1.49,16549.0,644.0,538.4
NLICL,11/20/2024,618.0,621.0,606.0,606.0,-2.34,23480.0,644.0,538.4
NLICL,11/21/2024,605.0,626.0,600.2,605.0,-0.17,25245.0,644.0,538.4
NLICL,11/24/2024,605.0,608.0,596.4,600.0,-0.83,18258.0,644.0,538.4
NLICL,11/25/2024,600.0,609.0,597.0,606.0,1.0,5583.0,644.0,538.4
NLICL,11/26/2024,618.1,618.1,603.0,614.0,1.32,5338.0,644.0,538.4
NLICL,11/27/2024,626.1,626.1,606.0,620.3,1.03,20986.0,644.0,538.4
NLICL,11/28/2024,618.3,622.0,608.0,614.8,-0.89,14056.0,644.0,538.4
NLICL,12/1/2024,627.0,627.0,605.2,609.0,-0.94,15665.0,644.0,538.4
NLICL,12/2/2024,604.0,615.0,604.0,606.4,-0.43,12666.0,644.0,538.4
NLICL,12/3/2024,602.1,611.9,594.9,604.9,-0.25,25389.0,644.0,538.4
NLICL,12/4/2024,616.9,616.9,594.3,599.0,-0.98,19315.0,644.0,538.4
NLICL,12/5/2024,595.1,605.0,595.0,600.0,0.17,16263.0,644.0,538.4
NLICL,12/8/2024,604.9,635.0,588.0,604.0,0.67,19714.0,644.0,538.4
NLICL,12/9/2024,614.0,614.0,588.0,598.0,-0.99,19141.0,644.0,538.4
NLICL,12/10/2024,598.0,600.0,582.1,588.0,-1.67,9989.0,644.0,538.4
NLICL,12/11/2024,589.1,597.9,581.0,595.0,1.19,11889.0,644.0,538.4
NLICL,12/12/2024,604.5,604.5,587.0,593.0,-0.34,9952.0,644.0,538.4
NLICL,12/16/2024,593.0,593.0,580.0,585.0,-1.35,9557.0,644.0,538.4
NLICL,12/17/2024,584.0,586.5,575.0,580.0,-0.85,9154.0,644.0,538.4
NLICL,12/18/2024,588.8,588.8,577.0,581.0,0.17,6777.0,644.0,538.4
NLICL,12/19/2024,578.0,580.0,573.0,577.0,-0.69,6143.0,644.0,538.4
NLICL,12/22/2024,588.0,588.0,565.0,569.9,-1.23,12469.0,644.0,538.4
NLICL,12/23/2024,570.0,573.9,564.0,570.0,0.02,5608.0,644.0,538.4
NLICL,12/24/2024,579.9,579.9,572.1,572.2,0.39,7249.0,644.0,538.4
NLICL,12/26/2024,572.2,573.9,567.0,567.1,-0.89,16710.0,644.0,538.4
NLICL,12/29/2024,567.0,567.0,561.8,562.0,-0.9,22526.0,644.0,538.4
NLICL,12/31/2024,563.0,570.9,556.0,570.0,1.42,16233.0,644.0,538.4
NLICL,1/1/2025,579.9,585.0,569.0,573.0,0.53,8597.0,644.0,538.4
NLICL,1/2/2025,575.0,580.0,568.2,575.0,0.35,6050.0,644.0,538.4
NLICL,1/5/2025,575.0,583.0,571.1,575.0,0.0,6010.0,644.0,538.4
NLICL,1/6/2025,570.0,587.0,570.0,583.3,1.44,13598.0,644.0,538.4
NLICL,1/7/2025,576.1,592.0,576.1,587.7,0.75,10942.0,644.0,538.4
NLICL,1/8/2025,595.0,595.0,583.1,585.0,-0.46,28539.0,644.0,538.4
NLICL,1/9/2025,581.2,587.9,581.2,581.5,-0.6,10766.0,644.0,538.4
NLICL,1/12/2025,593.1,593.1,579.5,579.9,-0.28,6835.0,644.0,538.4
NLICL,1/13/2025,576.8,602.8,575.3,602.8,3.95,14494.0,644.0,538.4
NLICL,1/15/2025,600.0,600.0,584.0,589.8,-2.16,8392.0,644.0,538.4
NLICL,1/16/2025,578.5,613.0,578.3,589.0,-0.14,13630.0,644.0,538.4
NLICL,1/19/2025,579.1,590.6,579.1,580.0,-1.53,13923.0,644.0,538.4
NLICL,1/20/2025,591.6,591.6,574.3,578.4,-0.28,10357.0,644.0,538.4
NLICL,1/21/2025,580.0,590.0,574.3,587.0,1.49,17118.0,644.0,538.4
NLICL,1/22/2025,598.3,619.0,581.3,613.0,4.43,63337.0,644.0,538.4
NLICL,1/23/2025,622.0,622.8,601.2,601.2,-1.92,31063.0,644.0,538.4
NLICL,1/26/2025,590.0,618.9,579.0,600.0,-0.2,28230.0,644.0,538.4
NLICL,1/27/2025,603.6,603.6,588.5,589.1,-1.82,12665.0,644.0,538.4
NLICL,1/28/2025,600.8,610.0,578.2,591.2,0.36,25626.0,644.0,538.4
NLICL,2/2/2025,593.9,610.0,593.8,610.0,3.18,29412.0,644.0,538.4
NLICL,2/3/2025,612.0,617.0,603.0,607.0,-0.49,37630.0,644.0,538.4
NLICL,2/4/2025,597.0,608.0,596.0,598.0,-1.48,27298.0,644.0,538.4
NLICL,2/5/2025,593.0,603.7,593.0,600.9,0.48,15272.0,644.0,538.4
NLICL,2/6/2025,595.1,604.0,595.1,600.0,-0.15,17435.0,644.0,538.4
NLICL,2/9/2025,610.9,610.9,590.5,592.4,-1.27,14219.0,644.0,538.4
NLICL,2/10/2025,586.6,599.9,581.0,589.0,-0.57,18416.0,644.0,538.4
NLICL,2/11/2025,600.0,612.0,586.0,589.0,0.0,11534.0,644.0,538.4
NLICL,2/12/2025,600.7,602.0,588.7,595.0,1.02,15063.0,644.0,538.4
NLICL,2/13/2025,595.0,599.0,591.4,593.5,-0.25,9226.0,644.0,538.4
NLICL,2/16/2025,586.2,597.8,586.2,597.0,0.59,7889.0,644.0,538.4
NLICL,2/17/2025,600.0,600.0,595.0,596.1,-0.15,19233.0,644.0,538.4
NLICL,2/18/2025,596.5,605.0,596.5,601.9,0.97,15356.0,644.0,538.4
NLICL,2/20/2025,603.8,612.0,597.0,607.8,0.98,40445.0,644.0,538.4
NLICL,2/23/2025,595.7,608.9,595.7,604.1,-0.61,22546.0,644.0,538.4
NLICL,2/24/2025,610.0,615.0,604.0,604.6,0.08,30726.0,644.0,538.4
NLICL,2/25/2025,597.1,632.5,597.1,614.0,1.55,29423.0,644.0,538.4
NLICL,2/27/2025,626.2,626.2,612.0,620.5,1.06,21980.0,644.0,538.4
NLICL,3/2/2025,630.0,656.8,625.0,656.0,5.72,72693.0,644.0,538.4
NLICL,3/3/2025,658.0,721.6,652.0,696.5,6.17,231279.0,644.0,538.4
NLICL,3/4/2025,700.0,738.0,684.1,692.1,-0.63,102016.0,644.0,538.4
NLICL,3/5/2025,699.0,709.0,665.3,669.0,-3.34,52745.0,644.0,538.4
NLICL,3/6/2025,674.9,707.0,656.1,661.9,-1.06,52687.0,644.0,538.4
NLICL,3/9/2025,675.1,675.1,655.0,658.0,-0.59,61313.0,644.0,538.4
NLICL,3/10/2025,663.0,665.0,650.1,653.0,-0.76,28769.0,644.0,538.4
NLICL,3/11/2025,665.9,679.0,637.0,642.9,-1.55,26462.0,644.0,538.4
NLICL,3/12/2025,655.7,655.7,632.0,642.9,0.0,20465.0,644.0,538.4
NLICL,3/16/2025,650.0,654.9,638.4,644.0,0.17,27327.0,644.0,538.4
NLICL,3/17/2025,656.6,656.6,637.0,638.0,-0.93,14518.0,644.0,538.4
NLICL,3/18/2025,649.9,650.7,637.8,639.0,0.16,24312.0,644.0,538.4
NLICL,3/19/2025,647.9,647.9,636.2,639.0,0.0,24194.0,644.0,538.4
NLICL,3/20/2025,650.0,650.0,635.0,639.19,0.03,23636.0,644.0,538.4
NLICL,3/23/2025,627.3,639.0,623.8,626.81,-1.94,45168.0,644.0,538.4
NLICL,3/24/2025,628.5,639.0,615.1,635.0,1.31,20682.0,644.0,538.4
NLICL,3/25/2025,633.9,635.0,616.0,620.82,-2.23,17654.0,644.0,538.4
NLICL,3/26/2025,632.9,633.0,622.0,627.18,1.02,10129.0,644.0,538.4
NLICL,3/27/2025,639.7,652.0,630.9,642.0,2.36,51969.0,644.0,538.4
NLICL,3/30/2025,640.0,655.0,640.0,649.41,1.15,34040.0,644.0,538.4
NLICL,4/1/2025,653.0,662.3,636.5,646.3,-0.48,79497.0,644.0,538.4
NLICL,4/2/2025,659.2,659.2,640.0,642.48,-0.59,26264.0,644.0,538.4
NLICL,4/3/2025,649.9,649.9,630.0,632.45,-1.56,26438.0,644.0,538.4
NLICL,4/7/2025,645.0,645.0,622.1,623.45,-1.42,89866.0,644.0,538.4
NLICL,4/8/2025,635.0,647.7,615.8,625.04,0.26,11579.0,644.0,538.4
NLICL,4/9/2025,637.5,650.0,625.4,629.62,0.73,19695.0,644.0,538.4
NLICL,4/10/2025,622.0,642.0,621.0,623.37,-0.99,19730.0,644.0,538.4
NLICL,4/13/2025,630.0,635.8,623.3,624.78,0.23,16327.0,644.0,538.4
NLICL,4/15/2025,636.9,636.9,626.0,629.48,0.75,8979.0,644.0,538.4
NLICL,4/16/2025,636.8,637.0,627.0,632.02,0.4,23237.0,644.0,538.4
NLICL,4/17/2025,644.0,644.0,626.0,640.3,1.31,49847.0,644.0,538.4
NLICL,4/20/2025,649.0,649.0,636.1,638.8,-0.23,28801.0,644.0,538.4
NLICL,4/21/2025,649.8,649.8,626.1,631.53,-1.14,47714.0,644.0,538.4
NLICL,4/22/2025,635.0,635.0,620.1,623.6,-1.26,16162.0,644.0,538.4
NLICL,4/23/2025,623.0,630.0,620.0,622.22,-0.22,10057.0,644.0,538.4
NLICL,4/24/2025,622.2,632.8,621.0,622.65,0.07,8427.0,644.0,538.4
NLICL,4/27/2025,612.0,647.8,612.0,618.8,-0.62,25964.0,644.0,538.4
NLICL,4/28/2025,620.0,628.7,618.9,620.44,0.27,17293.0,644.0,538.4
NLICL,4/29/2025,632.0,632.0,616.0,620.49,0.01,10602.0,644.0,538.4
NLICL,4/30/2025,622.0,625.0,610.0,611.51,-1.45,23990.0,644.0,538.4
NLICL,5/4/2025,611.0,624.0,604.5,609.19,-0.38,26777.0,644.0,538.4
NLICL,5/5/2025,610.0,616.9,609.1,609.54,0.06,27543.0,644.0,538.4
NLICL,5/6/2025,603.1,615.0,603.1,608.09,-0.24,8280.0,644.0,538.4
NLICL,5/7/2025,610.0,622.0,603.5,620.1,1.98,8866.0,644.0,538.4
NLICL,5/8/2025,619.0,621.0,617.3,620.07,-0.0,21747.0,644.0,538.4
NLICL,5/11/2025,620.1,627.9,611.0,612.45,-1.23,9300.0,644.0,538.4
NLICL,5/13/2025,605.1,617.0,605.1,612.86,0.07,5569.0,644.0,538.4
NLICL,5/14/2025,619.0,624.0,616.0,622.28,1.54,22330.0,644.0,538.4
NLICL,5/15/2025,629.0,629.0,612.3,624.21,0.31,20516.0,644.0,538.4
NLICL,5/18/2025,625.0,625.0,616.3,624.03,-0.03,27346.0,644.0,538.4
NLICL,5/19/2025,634.9,635.0,620.5,632.12,1.3,14935.0,644.0,538.4
NLICL,5/20/2025,638.0,639.7,620.0,637.79,0.9,16312.0,644.0,538.4
NLICL,5/21/2025,650.0,650.5,632.0,633.8,-0.63,19599.0,644.0,538.4
NLICL,5/22/2025,645.8,645.8,625.0,631.09,-0.43,8549.0,644.0,538.4
NLICL,5/25/2025,641.9,642.0,630.0,634.69,0.57,24293.0,644.0,538.4
NLICL,5/26/2025,647.2,660.0,635.0,635.65,0.15,16254.0,644.0,538.4
NLICL,5/27/2025,630.0,636.0,626.2,635.94,0.05,10048.0,644.0,538.4
NLICL,5/28/2025,626.2,638.7,626.2,636.96,0.16,8529.0,644.0,538.4
NLICL,6/2/2025,649.5,649.5,635.0,636.32,-0.1,45091.0,644.0,538.4
NLICL,6/3/2025,644.0,644.0,622.5,623.62,-2.0,30520.0,644.0,538.4
NLICL,6/4/2025,621.2,635.0,620.1,628.36,0.76,33124.0,644.0,538.4
NLICL,6/5/2025,600.0,600.0,589.0,598.04,-4.83,15947.0,644.0,538.4
NLICL,6/8/2025,587.1,598.5,587.1,595.12,-0.49,14815.0,644.0,538.4
NLICL,6/9/2025,595.0,599.0,590.0,595.1,-0.0,8954.0,644.0,538.4
NLICL,6/10/2025,585.1,601.0,585.1,598.66,0.6,12983.0,644.0,538.4
NLICL,6/11/2025,605.0,605.0,593.0,593.71,-0.83,16496.0,644.0,538.4
NLICL,6/12/2025,593.0,600.0,585.1,589.44,-0.72,45113.0,644.0,538.4
NLICL,6/15/2025,592.0,592.0,581.0,581.76,-1.3,28135.0,644.0,538.4
NLICL,6/16/2025,580.0,627.7,573.1,591.66,1.7,15396.0,644.0,538.4
NLICL,6/17/2025,603.0,603.0,582.3,590.27,-0.23,3358.0,644.0,538.4
NLICL,6/18/2025,581.0,597.0,581.0,585.0,-0.89,7411.0,644.0,538.4
NLICL,6/19/2025,587.0,591.0,581.0,585.05,0.01,15887.0,644.0,538.4
NLICL,6/22/2025,573.4,584.0,562.0,568.96,-2.75,51100.0,644.0,538.4
NLICL,6/23/2025,559.0,580.0,559.0,562.8,-1.08,30399.0,644.0,538.4
NLICL,6/24/2025,557.0,585.0,551.0,570.07,1.29,18152.0,644.0,538.4
NLICL,6/25/2025,577.0,577.0,567.5,576.23,1.08,9865.0,644.0,538.4
NLICL,6/26/2025,576.0,584.0,573.3,576.38,0.03,16269.0,644.0,538.4
NLICL,6/29/2025,586.7,586.7,570.0,579.41,0.53,12398.0,644.0,538.4
NLICL,6/30/2025,585.0,590.0,578.0,585.32,1.02,7003.0,644.0,538.4
NLICL,7/1/2025,585.32,593.0,584.0,586.29,0.17,13414.0,644.0,538.4
NLICL,7/2/2025,598.0,605.9,586.1,600.82,2.48,23135.0,644.0,538.4
NLICL,7/3/2025,610.0,629.0,590.1,618.3,2.91,76517.0,644.0,538.4
NLICL,7/6/2025,610.0,635.0,610.0,619.38,0.17,58241.0,644.0,538.4
NLICL,7/7/2025,623.0,630.0,618.0,619.68,0.05,50158.0,644.0,538.4
NLICL,7/8/2025,619.0,625.0,613.0,619.12,-0.09,53314.0,644.0,538.4
NLICL,7/9/2025,629.9,629.9,618.1,620.14,0.16,22046.0,644.0,538.4
NLICL,7/10/2025,632.0,632.5,620.0,620.26,0.02,50797.0,644.0,538.4
NLICL,7/13/2025,632.0,632.6,618.09,619.12,-0.18,64126.0,644.0,538.4
NLICL,7/14/2025,624.0,624.0,613.2,614.58,-0.73,27989.0,644.0,538.4
NLICL,7/15/2025,620.0,620.0,610.0,613.94,-0.1,39089.0,644.0,538.4
NLICL,7/16/2025,623.0,635.0,605.0,623.58,1.57,57399.0,644.0,538.4
NLICL,7/17/2025,634.5,649.7,633.0,643.25,3.15,23822.0,644.0,538.4
NLICL,7/20/2025,654.0,691.0,648.0,665.38,3.44,126971.0,644.0,538.4
NLICL,7/21/2025,666.0,678.0,653.0,661.59,-0.57,33083.0,644.0,538.4
NLICL,7/22/2025,665.0,684.0,661.8,676.57,2.26,74212.0,644.0,538.4
NLICL,7/23/2025,689.0,690.0,660.0,672.68,-0.57,56667.0,644.0,538.4
NLICL,7/24/2025,660.0,673.0,660.0,667.57,-0.76,35126.0,644.0,538.4
NLICL,7/27/2025,661.0,671.0,658.0,660.92,-1.0,57040.0,644.0,538.4
NLICL,7/28/2025,650.0,660.0,650.0,657.85,-0.46,31797.0,644.0,538.4
NLICL,7/29/2025,665.0,670.3,654.0,655.43,-0.37,41399.0,644.0,538.4
NLICL,7/30/2025,668.5,681.8,646.0,647.08,-1.27,38373.0,644.0,538.4
NLICL,7/31/2025,636.1,659.5,636.1,654.8,1.19,27029.0,644.0,538.4
NLICL,8/3/2025,646.0,658.0,635.0,641.56,-2.02,39474.0,644.0,538.4
NLICL,8/4/2025,644.8,652.0,633.0,648.76,1.12,25691.0,644.0,538.4
NLICL,8/5/2025,661.0,661.0,630.0,631.51,-2.66,39129.0,644.0,538.4
NLICL,8/6/2025,629.0,640.0,629.0,631.6,0.01,17429.0,644.0,538.4
NLICL,8/7/2025,630.0,642.0,630.0,638.43,1.08,6875.0,644.0,538.4
NLICL,8/11/2025,632.0,638.0,629.0,631.43,-1.1,26120.0,644.0,538.4
NLICL,8/12/2025,632.0,632.0,617.0,619.97,-1.81,22910.0,644.0,538.4
NLICL,8/13/2025,618.0,624.0,609.0,614.94,-0.81,13791.0,644.0,538.4
NLICL,8/14/2025,625.0,625.0,612.0,615.55,0.1,6207.0,644.0,538.4
NLICL,8/17/2025,615.0,625.9,597.0,600.12,-2.51,34583.0,644.0,538.4
NLICL,8/18/2025,590.2,613.9,590.2,606.54,1.07,9437.0,644.0,538.4
NLICL,8/19/2025,610.0,613.0,601.0,606.06,-0.08,13403.0,644.0,538.4
NLICL,8/20/2025,606.0,617.9,602.0,606.96,0.15,7364.0,644.0,538.4
NLICL,8/21/2025,618.0,618.0,600.0,600.79,-1.02,15236.0,644.0,538.4
NLICL,8/24/2025,612.5,619.0,594.0,601.79,0.17,3816.0,644.0,538.4
NLICL,8/25/2025,611.0,612.9,602.3,603.83,0.34,7921.0,644.0,538.4
NLICL,8/26/2025,602.0,606.9,601.3,603.17,-0.11,5048.0,644.0,538.4
NLICL,8/27/2025,602.4,617.5,602.2,615.65,2.07,16392.0,644.0,538.4
NLICL,8/28/2025,619.0,619.0,599.5,601.56,-2.29,31930.0,644.0,538.4
NLICL,8/31/2025,595.6,598.0,589.7,591.44,-1.68,26924.0,644.0,538.4
NLICL,9/1/2025,603.2,615.0,581.2,593.22,0.3,9506.0,644.0,538.4
NLICL,9/2/2025,605.0,605.0,591.0,594.82,0.27,12089.0,644.0,538.4
NLICL,9/3/2025,594.82,600.0,591.0,591.49,-0.56,3143.0,644.0,538.4
NLICL,9/4/2025,590.1,639.8,586.5,588.07,-0.58,10815.0,644.0,538.4
NLICL,9/7/2025,576.4,636.1,576.4,586.59,-0.25,7968.0,644.0,538.4
NLICL,9/8/2025,574.9,630.0,574.9,579.76,-1.16,17728.0,644.0,538.4
NLICL,9/18/2025,568.2,568.2,545.9,550.0,-5.13,1378.0,644.0,538.4
NLICL,9/21/2025,550.0,605.0,539.0,578.66,5.21,18405.0,644.0,538.4
NLICL,9/23/2025,570.0,617.0,570.0,595.0,2.82,22765.0,644.0,538.4
NLICL,9/24/2025,591.0,598.0,590.0,590.0,-0.84,5131.0,644.0,538.4
NLICL,9/25/2025,580.1,615.5,580.1,600.0,1.69,3953.0,644.0,538.4
NLICL,9/28/2025,595.0,602.9,585.0,599.9,-0.02,16205.0,644.0,538.4
NLICL,10/7/2025,590.0,598.0,587.1,587.1,-2.13,5348.0,644.0,538.4
NLICL,10/8/2025,585.0,589.0,571.0,578.0,-1.55,28733.0,644.0,538.4
NLICL,10/9/2025,589.5,635.8,581.0,586.0,1.38,11040.0,644.0,538.4
NLICL,10/12/2025,590.0,590.0,568.1,572.7,-2.27,15910.0,644.0,538.4
NLICL,10/13/2025,584.0,586.0,555.0,583.0,1.8,29917.0,644.0,538.4
NLICL,10/14/2025,583.0,584.7,573.0,580.0,-0.51,12191.0,644.0,538.4
NLICL,10/15/2025,580.0,582.0,575.0,580.0,0.0,10036.0,644.0,538.4
NLICL,10/16/2025,591.0,591.0,571.1,578.0,-0.34,12000.0,644.0,538.4
NLICL,10/19/2025,578.0,580.0,575.0,579.8,0.31,3228.0,644.0,538.4
NLICL,10/26/2025,575.0,590.0,571.1,590.0,1.76,2336.0,644.0,538.4
NLICL,10/28/2025,600.0,611.7,591.0,605.0,2.54,15517.0,644.0,538.4
NLICL,10/29/2025,604.0,617.0,591.5,599.9,-0.84,13296.0,644.0,538.4
NLICL,10/30/2025,591.0,622.0,591.0,611.9,2.0,14664.0,644.0,538.4
NLICL,11/2/2025,620.8,639.0,609.0,637.0,4.1,77326.0,644.0,538.4
NLICL,11/3/2025,638.6,640.0,621.6,628.0,-1.41,32964.0,644.0,538.4
NLICL,11/4/2025,625.0,625.0,615.0,615.2,-2.04,13667.0,644.0,538.4
NLICL,11/5/2025,609.0,618.9,606.7,615.9,0.11,10679.0,644.0,538.4
NLICL,11/6/2025,614.2,622.0,603.6,604.2,-1.9,26577.0,644.0,538.4
NLICL,11/9/2025,610.0,612.0,600.0,600.0,-0.7,12985.0,644.0,538.4
NLICL,11/10/2025,597.0,615.0,597.0,610.0,1.67,20673.0,644.0,538.4
NLICL,11/11/2025,598.6,613.0,598.6,613.0,0.49,5319.0,644.0,538.4
NLICL,11/12/2025,619.0,619.0,592.7,603.0,-1.63,37520.0,644.0,538.4
NLICL,11/13/2025,608.8,609.0,594.0,595.5,-1.24,14606.0,644.0,538.4
NLICL,11/16/2025,600.0,600.0,595.0,596.0,0.08,6789.0,644.0,538.4
NLICL,11/17/2025,595.0,603.0,590.1,601.9,0.99,8730.0,644.0,538.4
NLICL,11/18/2025,602.0,610.0,602.0,604.9,0.5,16637.0,644.0,538.4
NLICL,11/19/2025,613.9,613.9,597.6,601.9,-0.5,4978.0,644.0,538.4
NLICL,11/20/2025,597.09,608.0,597.09,599.0,-0.48,12917.0,644.0,538.4
NLICL,11/23/2025,610.0,618.0,600.0,618.0,3.17,87785.0,644.0,538.4
NLICL,11/24/2025,628.0,644.0,617.0,643.8,4.17,135255.0,644.0,538.4
NLICL,11/25/2025,631.6,644.0,626.0,630.0,-2.14,49863.0,644.0,538.4
NLICL,11/26/2025,642.6,642.6,610.9,624.0,-0.95,73107.0,644.0,538.4
NLICL,11/27/2025,620.1,635.0,620.1,625.5,0.24,34175.0,644.0,538.4
NLICL,11/30/2025,616.2,639.9,616.2,629.9,0.7,42005.0,644.0,538.4
NLICL,12/1/2025,618.2,629.0,618.1,623.5,-1.02,19169.0,644.0,538.4
NLICL,12/2/2025,634.9,635.8,609.8,612.5,-1.76,18049.0,644.0,538.4
NLICL,12/3/2025,619.4,619.4,606.2,606.7,-0.95,26530.0,644.0,538.4
NLICL,12/7/2025,615.0,631.1,600.1,602.4,-0.71,13037.0,644.0,538.4
NLICL,12/8/2025,601.0,611.6,600.1,607.0,0.76,9168.0,644.0,538.4
NLICL,12/9/2025,610.0,614.5,606.0,607.5,0.08,8587.0,644.0,538.4
NLICL,12/10/2025,617.9,617.9,606.2,609.2,0.28,11959.0,644.0,538.4
NLICL,12/11/2025,610.0,614.0,605.0,611.8,0.43,18008.0,644.0,538.4
NLICL,12/14/2025,612.0,615.9,607.0,609.6,-0.36,23013.0,644.0,538.4
NLICL,12/15/2025,607.1,614.8,605.1,613.0,0.56,11971.0,644.0,538.4
NLICL,12/16/2025,610.0,615.9,610.0,615.9,0.47,9800.0,644.0,538.4
NLICL,12/17/2025,613.0,622.0,612.6,615.0,-0.15,12008.0,644.0,538.4
NLICL,12/18/2025,618.3,618.3,607.0,607.0,-1.3,20245.0,644.0,538.4
NLICL,12/21/2025,607.0,610.0,595.2,605.0,-0.33,9247.0,644.0,538.4
NLICL,12/22/2025,607.0,607.0,600.0,602.6,-0.4,13652.0,644.0,538.4
NLICL,12/23/2025,600.1,605.0,596.2,600.1,-0.41,17293.0,644.0,538.4
NLICL,12/24/2025,600.1,605.0,600.0,603.0,0.48,7971.0,644.0,538.4
NLICL,12/28/2025,604.0,619.0,604.0,619.0,2.65,29194.0,644.0,538.4
NLICL,12/29/2025,615.0,615.0,609.0,610.0,-1.45,52424.0,644.0,538.4
NLICL,12/31/2025,610.5,614.0,605.0,605.0,-0.82,41247.0,644.0,538.4
NLICL,1/1/2026,582.0,589.8,573.1,578.0,-4.46,10575.0,644.0,538.4
NLICL,1/4/2026,583.0,583.0,573.0,577.7,-0.05,7861.0,644.0,538.4
NLICL,1/5/2026,585.9,585.9,574.4,583.7,1.04,8911.0,644.0,538.4
NLICL,1/6/2026,580.0,583.7,577.1,578.0,-0.98,9177.0,644.0,538.4
NLICL,1/7/2026,580.0,582.5,575.0,579.3,0.22,12718.0,644.0,538.4
NLICL,1/8/2026,570.0,584.9,569.1,584.9,0.97,14633.0,644.0,538.4
NLICL,1/12/2026,584.0,594.7,577.0,583.5,-0.24,50455.0,644.0,538.4
NLICL,1/13/2026,583.0,594.5,575.0,575.5,-1.37,6576.0,644.0,538.4
NLICL,1/14/2026,586.0,586.0,574.0,577.0,0.26,9750.0,644.0,538.4
NLICL,1/18/2026,584.0,584.9,577.0,584.0,1.21,15853.0,644.0,538.4
NLICL,1/20/2026,589.0,610.0,585.9,594.1,1.73,41803.0,644.0,538.4
NLICL,1/21/2026,604.9,614.0,594.0,599.0,0.82,27941.0,644.0,538.4
NLICL,1/22/2026,591.0,599.9,590.1,596.0,-0.5,17586.0,644.0,538.4
NLICL,1/25/2026,607.0,607.9,584.1,604.0,1.34,26237.0,644.0,538.4
NLICL,1/26/2026,595.0,604.0,595.0,599.9,-0.68,21820.0,644.0,538.4
NLICL,1/27/2026,600.0,605.9,587.2,594.0,-0.98,15231.0,644.0,538.4
NLICL,1/28/2026,595.0,600.0,584.0,588.2,-0.98,10671.0,644.0,538.4
NLICL,1/29/2026,584.2,597.0,584.2,590.5,0.39,13276.0,644.0,538.4
NLICL,2/1/2026,582.0,591.0,580.0,585.3,-0.88,16701.0,644.0,538.4
NLICL,2/2/2026,595.9,597.0,582.0,586.5,0.21,13531.0,644.0,538.4
NLICL,2/3/2026,586.5,589.0,584.0,584.4,-0.36,21128.0,644.0,538.4
NLICL,2/4/2026,595.59,596.0,579.3,588.0,0.62,3208.0,644.0,538.4
NLICL,2/5/2026,584.0,595.0,580.1,595.0,1.19,12887.0,644.0,538.4
NLICL,2/8/2026,585.1,595.0,585.1,587.0,-1.34,10971.0,644.0,538.4
NLICL,2/9/2026,580.3,585.0,580.0,584.4,-0.44,16123.0,644.0,538.4
NLICL,2/10/2026,580.1,595.0,575.0,576.0,-1.44,19076.0,644.0,538.4
NLICL,2/11/2026,587.0,596.9,576.5,579.0,0.52,23198.0,644.0,538.4
NLICL,2/12/2026,574.1,587.6,574.1,585.0,1.04,15949.0,644.0,538.4
NLICL,2/16/2026,578.0,587.9,577.1,579.9,-0.87,11798.0,644.0,538.4
NLICL,2/17/2026,578.1,580.0,569.0,569.0,-1.88,65418.0,644.0,538.4
NLICL,2/22/2026,568.2,570.0,560.2,565.0,-0.7,12162.0,644.0,538.4
NLICL,2/23/2026,563.0,577.8,557.2,569.0,0.71,5606.0,644.0,538.4
NLICL,2/24/2026,570.0,571.0,565.1,571.0,0.35,6222.0,644.0,538.4
NLICL,2/25/2026,567.1,590.0,565.0,576.0,0.88,22814.0,644.0,538.4
NLICL,2/26/2026,576.0,581.4,570.6,579.1,0.54,5457.0,644.0,538.4
NLICL,2/27/2026,576.0,581.4,570.6,579.1,0.0,5457.0,644.0,538.4
NLICL,2/28/2026,576.0,581.4,570.6,579.1,0.0,5457.0,644.0,538.4
NLICL,3/2/2026,568.0,588.9,568.0,588.0,1.54,8191.0,644.0,538.4
NLICL,3/3/2026,599.7,599.7,581.3,590.0,0.34,11928.0,644.0,538.4
NLICL,3/4/2026,599.7,599.7,581.3,590.0,0.0,11928.0,644.0,538.4
NLICL,3/5/2026,599.7,599.7,581.3,590.0,0.0,11928.0,644.0,538.4
NLICL,3/6/2026,599.7,599.7,581.3,590.0,0.0,11928.0,644.0,538.4
NLICL,3/7/2026,599.7,599.7,581.3,590.0,0.0,11928.0,644.0,538.4
NLICL,3/8/2026,599.7,599.7,581.3,590.0,0.0,11928.0,644.0,538.4
NLICL,3/10/2026,601.0,617.0,600.0,614.9,4.22,66102.0,644.0,538.4
NLICL,3/11/2026,627.1,627.1,602.4,614.0,-0.15,21660.0,644.0,538.4
NLICL,3/12/2026,615.0,619.0,607.0,612.0,-0.33,22192.0,644.0,538.4
NLICL,3/13/2026,615.0,619.0,607.0,612.0,0.0,22192.0,644.0,538.4
NLICL,3/14/2026,615.0,619.0,607.0,612.0,0.0,22192.0,644.0,538.4
NLICL,3/15/2026,605.1,614.0,605.1,610.0,-0.33,21090.0,644.0,538.4
NLICL,3/16/2026,603.0,610.0,602.0,610.0,0.0,15113.0,644.0,538.4
NLICL,3/17/2026,606.0,609.9,602.0,608.6,-0.23,15796.0,644.0,538.4
NLICL,3/18/2026,606.0,609.9,602.0,608.6,0.0,15796.0,644.0,538.4
NLICL,3/19/2026,620.0,631.0,589.0,620.0,1.87,71173.0,644.0,538.4
NLICL,3/20/2026,620.0,631.0,589.0,620.0,0.0,71173.0,644.0,538.4
NLICL,3/21/2026,620.0,631.0,589.0,620.0,0.0,71173.0,644.0,538.4
NLICL,3/22/2026,620.0,637.5,620.0,632.0,1.94,58600.0,644.0,538.4
NLICL,3/23/2026,638.0,638.9,620.0,625.2,-1.08,38282.0,644.0,538.4
NLICL,3/24/2026,630.0,630.0,618.0,624.0,-0.19,38207.0,644.0,538.4
NLICL,3/25/2026,636.0,636.0,600.0,618.0,-0.96,102641.0,644.0,538.4
NLICL,3/26/2026,611.0,617.0,607.0,614.0,0.49,33341.0,644.0,538.4
NLICL,3/29/2026,614.0,618.0,601.1,604.9,-1.48,46520.0,644.0,538.4
NLICL,3/30/2026,595.0,610.0,595.0,598.0,0.5,35259.0,644.0,538.4
NLICL,3/31/2026,600.0,606.6,595.0,605.0,0.83,18760.0,644.0,538.4
NLICL,4/1/2026,601.1,605.0,589.0,594.5,-1.1,30785.0,644.0,538.4
NLICL,4/2/2026,587.1,596.9,585.1,590.0,0.49,18926.0,644.0,538.4
NLICL,4/5/2026,585.0,587.0,576.0,580.0,-0.85,32128.0,644.0,538.4
NLICL,4/6/2026,581.1,598.4,581.1,598.4,2.98,10142.0,644.0,538.4
NLICL,4/7/2026,599.0,602.0,587.1,588.0,-1.84,12237.0,644.0,538.4
NLICL,4/8/2026,599.0,599.0,585.0,594.0,-0.83,22685.0,644.0,538.4
NLICL,4/9/2026,587.0,603.0,587.0,596.0,1.53,15162.0,644.0,538.4
NLICL,4/10/2026,597.0,598.5,590.3,595.0,-0.34,12040.0,644.0,538.4
NLICL,4/13/2026,595.0,618.9,593.1,594.0,-0.17,9412.0,644.0,538.4
NLICL,4/15/2026,603.0,603.0,594.2,595.8,-1.19,13098.0,644.0,538.4
NLICL,4/16/2026,593.5,599.0,588.0,594.9,0.24,8308.0,644.0,538.4
NLICL,4/17/2026,595.0,597.0,582.0,593.7,-0.22,13780.0,644.0,538.4
NLICL,4/20/2026,593.7,595.0,585.1,585.5,-1.38,3344.0,644.0,538.4
NLICL,4/21/2026,614.7,614.7,579.1,588.0,-4.34,5651.0,644.0,538.4
NLICL,4/22/2026,558.6,612.0,558.6,583.5,4.46,25457.0,644.0,538.4
NLICL,4/23/2026,588.0,588.0,581.1,586.0,-0.34,3769.0,644.0,538.4
NLICL,4/24/2026,581.0,582.0,575.3,580.0,-0.17,13878.0,644.0,538.4
NLICL,4/27/2026,571.0,623.8,571.0,584.0,2.28,20711.0,644.0,538.4
NLICL,4/28/2026,584.0,599.0,579.1,590.0,1.03,13887.0,644.0,538.4
NLICL,4/29/2026,590.0,591.9,578.0,588.0,-0.34,5858.0,644.0,538.4
NLICL,4/30/2026,575.1,596.9,575.0,587.0,2.07,8965.0,644.0,538.4
NLICL,5/4/2026,590.0,590.0,577.5,582.4,-1.29,4098.0,644.0,538.4
NLICL,5/5/2026,580.2,583.0,570.5,575.0,-0.9,19902.0,644.0,538.4
NLICL,5/6/2026,575.0,580.0,573.5,576.0,0.17,7530.0,644.0,538.4
NLICL,5/7/2026,572.2,580.0,571.3,577.7,0.96,4887.0,644.0,538.4
NLICL,5/8/2026,580.0,592.0,580.0,581.1,0.19,9950.0,644.0,538.4
NLICL,5/11/2026,578.4,595.0,578.4,586.0,1.31,2290.0,644.0,538.4
NLICL,5/12/2026,590.0,595.8,585.0,590.0,0.0,7211.0,644.0,538.4
NLICL,5/13/2026,588.0,588.9,583.0,585.0,-0.51,5429.0,644.0,538.4
NLICL,5/14/2026,588.0,590.0,585.0,587.7,-0.05,5204.0,644.0,538.4
NLICL,5/15/2026,593.0,593.0,584.1,589.8,-0.54,7095.0,644.0,538.4
NLICL,5/18/2026,589.0,590.0,580.4,589.0,0.0,2023.0,644.0,538.4
NLICL,5/19/2026,596.4,596.4,583.0,587.0,-1.58,3187.0,644.0,538.4
NLICL,5/20/2026,590.0,591.9,583.2,588.2,-0.31,6134.0,644.0,538.4
NLICL,5/21/2026,599.4,599.4,583.0,589.8,-1.6,3707.0,644.0,538.4
NLICL,5/22/2026,596.0,596.0,585.0,591.0,-0.84,3932.0,644.0,538.4
NLICL,5/25/2026,595.8,595.8,586.2,594.0,-0.3,5680.0,644.0,538.4
NLICL,5/26/2026,586.0,599.5,586.0,591.0,0.85,8136.0,644.0,538.4
NLICL,5/27/2026,591.0,597.9,585.2,594.0,0.51,20475.0,644.0,538.4
NLICL,6/1/2026,564.3,599.9,564.3,588.7,4.32,16137.0,644.0,538.4
NLICL,6/2/2026,588.0,595.0,588.0,591.0,0.51,12940.0,644.0,538.4
NLICL,6/3/2026,590.0,612.0,580.0,599.0,1.53,24051.0,644.0,538.4
NLICL,6/4/2026,600.0,603.0,588.1,594.9,-0.85,17573.0,644.0,538.4
NLICL,6/5/2026,585.3,595.0,585.1,595.0,1.66,4289.0,644.0,538.4
NLICL,6/8/2026,600.0,606.0,585.0,592.8,-1.2,6837.0,644.0,538.4
NLICL,6/9/2026,586.2,590.0,585.1,588.0,0.31,6721.0,644.0,538.4
NLICL,6/10/2026,586.2,590.0,583.5,588.2,0.34,4486.0,644.0,538.4
NLICL,6/11/2026,588.1,590.9,580.2,582.6,-0.94,10352.0,644.0,538.4
NLICL,6/12/2026,580.2,589.0,580.2,581.7,0.26,2177.0,644.0,538.4
NLICL,6/15/2026,581.2,588.0,578.2,581.5,0.05,11993.0,644.0,538.4
NLICL,6/16/2026,576.6,581.0,576.6,579.9,0.57,3668.0,644.0,538.4
NLICL,6/17/2026,577.0,592.0,571.2,579.0,0.35,13241.0,644.0,538.4
NLICL,6/18/2026,578.0,587.6,574.1,580.0,0.35,1706.0,644.0,538.4
NLICL,6/19/2026,576.2,584.0,576.2,583.0,1.18,9424.0,644.0,538.4
NLICL,6/22/2026,583.0,586.0,580.0,580.0,-0.51,16773.0,644.0,538.4
NLICL,6/23/2026,579.0,584.0,573.5,573.5,-0.95,22860.0,644.0,538.4
NLICL,6/24/2026,577.2,577.2,572.5,572.9,-0.74,5840.0,644.0,538.4
NLICL,6/26/2026,565.5,575.0,565.5,567.1,0.28,11537.0,644.0,538.4
NLICL,6/29/2026,569.0,573.0,565.2,570.0,0.18,13416.0,644.0,538.4
NLICL,6/30/2026,567.0,574.0,560.1,574.0,1.23,7644.0,644.0,538.4
NLICL,7/1/2026,565.0,588.0,565.0,583.0,3.19,3833.0,644.0,538.4
NLICL,7/2/2026,590.0,599.0,560.0,594.3,0.73,8212.0,644.0,538.4
NLICL,7/3/2026,594.3,612.0,572.6,573.0,-3.58,18259.0,644.0,538.4
NLICL,7/6/2026,590.0,607.5,571.0,572.0,-3.05,24807.0,644.0,538.4
NLICL,7/7/2026,574.0,579.9,572.0,576.1,0.37,7316.0,644.0,538.4
NLICL,7/8/2026,571.0,578.0,571.0,577.0,1.05,7823.0,644.0,538.4
NLICL,7/9/2026,573.7,575.0,570.2,570.2,-0.61,15725.0,644.0,538.4
NLICL,7/10/2026,580.0,622.0,568.1,573.0,-1.21,74867.0,644.0,538.4
NLICL,7/13/2026,582.0,582.0,568.0,570.0,-2.06,46092.0,644.0,538.4
NLICL,7/14/2026,570.0,572.0,567.0,571.0,0.18,7835.0,644.0,538.4
NLICL,7/15/2026,579.0,580.0,570.0,580.0,0.17,8530.0,644.0,538.4
NLICL,7/16/2026,609.0,622.0,570.0,579.0,-4.93,68074.0,644.0,538.4
NLICL,7/17/2026,565.1,590.5,565.1,588.0,4.05,15841.0,644.0,538.4
NLICL,7/20/2026,585.0,595.0,585.0,590.0,0.85,9262.0,644.0,538.4
NLICL,7/21/2026,590.0,596.0,580.0,594.0,0.68,11954.0,644.0,538.4
NLICL,7/22/2026,594.0,594.0,580.5,589.0,-0.84,2245.0,644.0,538.4
NLICL,7/23/2026,580.6,590.0,577.0,583.0,0.41,6968.0,644.0,538.4
NLICL,7/24/2026,583.0,600.0,580.0,588.0,0.86,76294.0,644.0,538.4
NLICL,7/27/2026,588.0,605.0,581.3,581.3,-1.14,31299.0,644.0,538.4
NLICL,7/28/2026,584.5,585.0,577.0,578.0,-1.11,2003.0,644.0,538.4
NLICL,7/29/2026,606.9,606.9,579.1,580.0,-4.43,5796.0,644.0,538.4
NLICL,7/30/2026,584.5,608.0,570.0,570.0,-2.48,33209.0,644.0,538.4
NLICL,7/31/2026,587.0,587.0,560.1,560.1,-4.58,52877.0,644.0,538.4
NLICL,8/3/2026,566.0,579.0,564.0,572.0,1.06,36736.0,644.0,538.4
NLICL,8/4/2026,565.0,579.9,565.0,571.3,1.12,15927.0,644.0,538.4
NLICL,8/5/2026,572.0,572.0,569.5,570.0,-0.35,12252.0,644.0,538.4
NLICL,8/6/2026,562.0,575.0,562.0,570.0,1.42,7846.0,644.0,538.4
NLICL,8/7/2026,570.0,570.0,562.0,562.0,-1.4,16965.0,644.0,538.4
NLICL,8/10/2026,563.0,568.0,561.0,567.0,0.71,8653.0,644.0,538.4
NLICL,8/11/2026,568.0,569.0,565.0,567.0,-0.18,10114.0,644.0,538.4
NLICL,8/12/2026,569.5,569.9,564.0,565.0,-0.79,7501.0,644.0,538.4
NLICL,8/13/2026,567.7,568.9,566.0,568.0,0.05,2823.0,644.0,538.4
NLICL,8/14/2026,566.0,612.0,566.0,575.0,1.59,12928.0,644.0,538.4
NLICL,8/17/2026,580.0,609.0,566.5,576.0,-0.69,64587.0,644.0,538.4
NLICL,8/18/2026,576.0,576.0,568.0,568.0,-1.39,10536.0,644.0,538.4
NLICL,8/19/2026,565.0,572.8,562.0,565.1,0.02,5191.0,644.0,538.4
NLICL,8/20/2026,560.09,575.0,560.09,563.0,0.52,14317.0,644.0,538.4
NLICL,8/21/2026,563.0,570.0,560.09,562.0,-0.18,14932.0,644.0,538.4
NLICL,8/24/2026,562.0,562.8,560.0,562.8,0.14,4354.0,644.0,538.4
NLICL,8/25/2026,562.9,566.0,560.0,563.9,0.18,11340.0,644.0,538.4
NLICL,8/26/2026,560.0,560.5,551.4,560.0,0.0,5300.0,644.0,538.4
NLICL,8/27/2026,553.1,566.9,543.4,566.9,2.5,5126.0,644.0,538.4
NLICL,8/31/2026,555.0,564.9,538.4,538.4,-2.99,12662.0,644.0,538.4
NLICL,9/1/2026,554.5,554.5,545.1,547.3,-1.3,8302.0,644.0,538.4
NLICL,9/2/2026,553.0,553.0,547.2,551.7,-0.24,9348.0,644.0,538.4
NLICL,9/3/2026,553.0,560.9,550.0,550.0,-0.54,5530.0,644.0,538.4
NLICL,9/7/2026,550.3,555.1,550.0,550.3,0.0,5233.0,644.0,538.4
NLICL,9/9/2026,546.3,557.4,546.0,550.2,0.71,6589.0,644.0,538.4
NLICL,9/10/2026,551.0,560.0,545.0,558.0,1.27,4994.0,644.0,538.4
NLICL,9/11/2026,551.0,558.0,546.2,558.0,1.27,7668.0,644.0,538.4
NLICL,9/14/2026,565.0,568.0,558.0,565.0,0.0,3009.0,644.0,538.4
NLICL,9/15/2026,590.0,590.0,557.8,578.9,-1.88,45566.0,644.0,538.4
NLICL,9/16/2026,579.5,579.9,564.0,568.0,-1.98,14943.0,644.0,538.4
NLICL,9/17/2026,578.0,579.0,568.1,578.9,0.16,16843.0,644.0,538.4
NLICL,9/18/2026,575.0,587.0,573.3,582.0,1.22,46056.0,644.0,538.4
NLICL,9/22/2026,580.9,585.0,580.0,582.0,0.19,22517.0,644.0,538.4
NLICL,9/23/2026,580.1,584.5,570.0,572.0,-1.4,16226.0,644.0,538.4
NLICL,9/24/2026,570.0,584.8,565.1,581.4,2.0,15395.0,644.0,538.4
NLICL,9/28/2026,579.0,585.0,572.2,572.2,-1.17,9342.0,644.0,538.4
NLICL,9/29/2026,568.8,568.8,560.1,0.0,-100.0,13432.0,644.0,538.4
NLICL,9/30/2026,562.0,575.4,560.0,568.0,1.07,18619.0,644.0,538.4
NLICL,10/1/2026,552.1,575.0,552.1,569.9,3.22,4692.0,644.0,538.4
NLICL,10/2/2026,569.0,569.0,555.0,564.0,-0.88,5201.0,644.0,538.4
NLICLP,1/27/2026,321.0,321.0,321.0,321.0,,100000.0,321.0,321.0
NLICLP,2/1/2026,321.0,321.0,321.0,321.0,0.0,59900.0,321.0,321.0
NLICLP,2/16/2026,321.0,321.0,321.0,321.0,0.0,100.0,321.0,321.0
NLICP,2/11/2026,413.0,413.0,413.0,413.0,,200000.0,413.0,413.0
NLO,1/14/2026,259.1,259.1,259.1,259.1,,10.0,277.4,241.22
NLO,2/2/2026,264.2,269.4,264.2,269.4,3.98,30.0,277.4,241.22
NLO,4/7/2026,269.4,269.4,269.4,269.4,0.0,1.0,277.4,241.22
NLO,8/18/2026,277.4,277.4,277.4,277.4,0.0,62.0,277.4,241.22
NLO,9/24/2026,248.4,271.3,248.4,271.3,9.22,49.0,277.4,241.22
NLO,9/30/2026,279.4,279.4,279.4,279.4,0.0,60.0,277.4,241.22
NMB,3/29/2011,228.0,233.0,225.0,232.0,,1017.0,272.0,230.0
NMB,3/30/2011,232.0,235.0,228.0,235.0,1.29,250.0,272.0,230.0
NMB,3/31/2011,235.0,231.0,231.0,231.0,-1.7,1000.0,272.0,230.0
NMB,4/4/2011,231.0,227.0,225.0,226.0,-2.16,190.0,272.0,230.0
NMB,4/6/2011,226.0,225.0,225.0,225.0,-0.44,100.0,272.0,230.0
NMB,4/7/2011,225.0,229.0,225.0,229.0,1.78,753.0,272.0,230.0
NMB,4/10/2011,229.0,233.0,229.0,233.0,1.75,235.0,272.0,230.0
NMB,4/11/2011,233.0,233.0,229.0,233.0,0.0,356.0,272.0,230.0
NMB,4/17/2011,233.0,229.0,229.0,229.0,-1.72,100.0,272.0,230.0
NMB,4/19/2011,229.0,225.0,215.0,215.0,-6.11,1430.0,272.0,230.0
NMB,4/20/2011,215.0,215.0,211.0,211.0,-1.86,1273.0,272.0,230.0
NMB,4/21/2011,211.0,215.0,211.0,211.0,0.0,64.0,272.0,230.0
NMB,4/25/2011,211.0,210.0,206.0,206.0,-2.37,837.0,272.0,230.0
NMB,4/26/2011,206.0,210.0,198.0,198.0,-3.88,306.0,272.0,230.0
NMB,4/27/2011,198.0,198.0,192.0,195.0,-1.52,1039.0,272.0,230.0
NMB,4/28/2011,195.0,207.0,193.0,196.0,0.51,1481.0,272.0,230.0
NMB,5/5/2011,196.0,182.0,176.0,176.0,-10.2,1066.0,272.0,230.0
NMB,5/8/2011,176.0,175.0,172.0,172.0,-2.27,350.0,272.0,230.0
NMB,5/9/2011,172.0,174.0,169.0,172.0,0.0,1475.0,272.0,230.0
NMB,5/10/2011,172.0,181.0,175.0,178.0,3.49,735.0,272.0,230.0
NMB,5/11/2011,178.0,182.0,181.0,182.0,2.25,294.0,272.0,230.0
NMB,5/16/2011,182.0,185.0,185.0,185.0,1.65,7236.0,272.0,230.0
NMB,5/18/2011,185.0,190.0,188.0,190.0,2.7,171.0,272.0,230.0
NMB,5/19/2011,190.0,187.0,182.0,185.0,-2.63,732.0,272.0,230.0
NMB,5/23/2011,185.0,194.0,188.0,192.0,3.78,196.0,272.0,230.0
NMB,5/24/2011,192.0,198.0,195.0,198.0,3.12,83.0,272.0,230.0
NMB,5/25/2011,198.0,217.0,201.0,217.0,9.6,335.0,272.0,230.0
NMB,5/30/2011,217.0,228.0,221.0,228.0,5.07,78.0,272.0,230.0
NMB,5/31/2011,228.0,224.0,212.0,212.0,-7.02,1043.0,272.0,230.0
NMB,6/1/2011,212.0,224.0,208.0,224.0,5.66,521.0,272.0,230.0
NMB,6/2/2011,224.0,220.0,204.0,204.0,-8.93,96.0,272.0,230.0
NMB,6/5/2011,204.0,200.0,190.0,190.0,-6.86,259.0,272.0,230.0
NMB,6/6/2011,190.0,193.0,178.0,181.0,-4.74,3223.0,272.0,230.0
NMB,6/7/2011,181.0,184.0,172.0,172.0,-4.97,249.0,272.0,230.0
NMB,6/8/2011,172.0,175.0,158.0,161.0,-6.4,1132.0,272.0,230.0
NMB,6/9/2011,161.0,167.0,159.0,160.0,-0.62,1004.0,272.0,230.0
NMB,6/12/2011,160.0,160.0,150.0,150.0,-6.25,3304.0,272.0,230.0
NMB,6/13/2011,150.0,159.0,145.0,145.0,-3.33,1363.0,272.0,230.0
NMB,6/14/2011,145.0,147.0,135.0,135.0,-6.9,2671.0,272.0,230.0
NMB,6/15/2011,135.0,135.0,129.0,129.0,-4.44,3076.0,272.0,230.0
NMB,6/16/2011,129.0,141.0,130.0,141.0,9.3,817.0,272.0,230.0
NMB,6/19/2011,141.0,154.0,143.0,154.0,9.22,187.0,272.0,230.0
NMB,6/20/2011,141.0,154.0,143.0,154.0,0.0,187.0,272.0,230.0
NMB,6/21/2011,169.0,185.0,172.0,185.0,20.13,793.0,272.0,230.0
NMB,6/23/2011,185.0,203.0,188.0,203.0,9.73,2417.0,272.0,230.0
NMB,6/26/2011,203.0,223.0,185.0,185.0,-8.87,5727.0,272.0,230.0
NMB,6/27/2011,185.0,182.0,167.0,167.0,-9.73,1162.0,272.0,230.0
NMB,6/29/2011,167.0,182.0,160.0,182.0,8.98,1448.0,272.0,230.0
NMB,6/30/2011,182.0,185.0,169.0,173.0,-4.95,4805.0,272.0,230.0
NMB,7/3/2011,173.0,176.0,169.0,176.0,1.73,4582.0,272.0,230.0
NMB,7/4/2011,176.0,183.0,176.0,180.0,2.27,4344.0,272.0,230.0
NMB,7/5/2011,180.0,186.0,172.0,180.0,0.0,4554.0,272.0,230.0
NMB,7/6/2011,180.0,188.0,180.0,184.0,2.22,5823.0,272.0,230.0
NMB,7/7/2011,184.0,181.0,178.0,178.0,-3.26,231.0,272.0,230.0
NMB,7/10/2011,178.0,184.0,179.0,183.0,2.81,2579.0,272.0,230.0
NMB,7/11/2011,183.0,183.0,175.0,183.0,0.0,6669.0,272.0,230.0
NMB,7/12/2011,183.0,194.0,186.0,190.0,3.83,2177.0,272.0,230.0
NMB,7/13/2011,190.0,206.0,193.0,198.0,4.21,4597.0,272.0,230.0
NMB,7/14/2011,198.0,201.0,192.0,195.0,-1.52,2976.0,272.0,230.0
NMB,7/17/2011,195.0,198.0,198.0,198.0,1.54,69.0,272.0,230.0
NMB,7/18/2011,198.0,209.0,197.0,197.0,-0.51,5931.0,272.0,230.0
NMB,7/19/2011,197.0,208.0,191.0,208.0,5.58,2235.0,272.0,230.0
NMB,7/20/2011,208.0,215.0,205.0,207.0,-0.48,1929.0,272.0,230.0
NMB,7/21/2011,207.0,213.0,205.0,209.0,0.97,1365.0,272.0,230.0
NMB,7/24/2011,209.0,209.0,200.0,204.0,-2.39,1027.0,272.0,230.0
NMB,7/25/2011,204.0,200.0,200.0,200.0,-1.96,222.0,272.0,230.0
NMB,7/26/2011,200.0,197.0,190.0,190.0,-5.0,1866.0,272.0,230.0
NMB,7/27/2011,190.0,196.0,193.0,196.0,3.16,1113.0,272.0,230.0
NMB,7/28/2011,196.0,199.0,196.0,199.0,1.53,730.0,272.0,230.0
NMB,7/31/2011,199.0,199.0,196.0,199.0,0.0,165.0,272.0,230.0
NMB,8/1/2011,199.0,196.0,193.0,196.0,-1.51,719.0,272.0,230.0
NMB,8/2/2011,196.0,196.0,190.0,190.0,-3.06,636.0,272.0,230.0
NMB,8/3/2011,190.0,192.0,190.0,190.0,0.0,389.0,272.0,230.0
NMB,8/4/2011,190.0,191.0,190.0,191.0,0.53,1177.0,272.0,230.0
NMB,8/8/2011,191.0,190.0,184.0,184.0,-3.66,385.0,272.0,230.0
NMB,8/9/2011,184.0,183.0,175.0,183.0,-0.54,2171.0,272.0,230.0
NMB,8/10/2011,183.0,186.0,180.0,183.0,0.0,749.0,272.0,230.0
NMB,8/11/2011,183.0,195.0,186.0,195.0,6.56,1396.0,272.0,230.0
NMB,8/15/2011,195.0,192.0,187.0,190.0,-2.56,2010.0,272.0,230.0
NMB,8/16/2011,190.0,187.0,171.0,185.0,-2.63,9864.0,272.0,230.0
NMB,8/17/2011,185.0,182.0,182.0,182.0,-1.62,129.0,272.0,230.0
NMB,8/18/2011,182.0,188.0,185.0,188.0,3.3,179.0,272.0,230.0
NMB,8/22/2011,188.0,188.0,186.0,188.0,0.0,341.0,272.0,230.0
NMB,8/23/2011,188.0,188.0,185.0,188.0,0.0,5536.0,272.0,230.0
NMB,8/24/2011,188.0,188.0,185.0,188.0,0.0,5318.0,272.0,230.0
NMB,8/25/2011,188.0,185.0,182.0,182.0,-3.19,5430.0,272.0,230.0
NMB,8/28/2011,182.0,180.0,177.0,178.0,-2.2,337.0,272.0,230.0
NMB,8/29/2011,178.0,180.0,180.0,180.0,1.12,15.0,272.0,230.0
NMB,8/30/2011,180.0,186.0,183.0,185.0,2.78,801.0,272.0,230.0
NMB,9/4/2011,185.0,185.0,182.0,182.0,-1.62,94.0,272.0,230.0
NMB,9/5/2011,182.0,182.0,180.0,180.0,-1.1,1236.0,272.0,230.0
NMB,9/6/2011,180.0,179.0,174.0,174.0,-3.33,241.0,272.0,230.0
NMB,9/7/2011,174.0,174.0,168.0,174.0,0.0,4265.0,272.0,230.0
NMB,9/8/2011,174.0,177.0,174.0,174.0,0.0,115.0,272.0,230.0
NMB,9/12/2011,174.0,177.0,173.0,177.0,1.72,204.0,272.0,230.0
NMB,9/13/2011,177.0,174.0,169.0,169.0,-4.52,415.0,272.0,230.0
NMB,9/14/2011,169.0,169.0,166.0,169.0,0.0,1714.0,272.0,230.0
NMB,9/18/2011,169.0,166.0,163.0,164.0,-2.96,1842.0,272.0,230.0
NMB,9/19/2011,164.0,167.0,165.0,166.0,1.22,830.0,272.0,230.0
NMB,9/20/2011,166.0,172.0,168.0,170.0,2.41,541.0,272.0,230.0
NMB,9/21/2011,170.0,178.0,173.0,178.0,4.71,660.0,272.0,230.0
NMB,9/22/2011,178.0,186.0,181.0,186.0,4.49,3603.0,272.0,230.0
NMB,9/25/2011,186.0,183.0,183.0,183.0,-1.61,200.0,272.0,230.0
NMB,9/26/2011,183.0,182.0,182.0,182.0,-0.55,34.0,272.0,230.0
NMB,9/27/2011,182.0,182.0,179.0,180.0,-1.1,146.0,272.0,230.0
NMB,9/29/2011,180.0,180.0,180.0,180.0,0.0,70.0,272.0,230.0
NMB,10/9/2011,180.0,178.0,178.0,178.0,-1.11,2000.0,272.0,230.0
NMB,10/10/2011,178.0,178.0,173.0,175.0,-1.69,1299.0,272.0,230.0
NMB,10/12/2011,175.0,175.0,175.0,175.0,0.0,1586.0,272.0,230.0
NMB,10/13/2011,175.0,172.0,172.0,172.0,-1.71,186.0,272.0,230.0
NMB,10/16/2011,172.0,170.0,164.0,170.0,-1.16,6412.0,272.0,230.0
NMB,10/17/2011,170.0,170.0,170.0,170.0,0.0,17.0,272.0,230.0
NMB,10/18/2011,170.0,167.0,163.0,166.0,-2.35,4351.0,272.0,230.0
NMB,10/19/2011,166.0,169.0,160.0,163.0,-1.81,1819.0,272.0,230.0
NMB,10/20/2011,163.0,165.0,165.0,165.0,1.23,500.0,272.0,230.0
NMB,10/23/2011,165.0,165.0,162.0,162.0,-1.82,1444.0,272.0,230.0
NMB,10/24/2011,162.0,162.0,160.0,162.0,0.0,425.0,272.0,230.0
NMB,10/25/2011,162.0,162.0,157.0,158.0,-2.47,2079.0,272.0,230.0
NMB,10/30/2011,158.0,164.0,155.0,164.0,3.8,292.0,272.0,230.0
NMB,10/31/2011,164.0,167.0,164.0,167.0,1.83,3328.0,272.0,230.0
NMB,11/2/2011,167.0,183.0,170.0,183.0,9.58,2120.0,272.0,230.0
NMB,11/3/2011,183.0,181.0,169.0,169.0,-7.65,2505.0,272.0,230.0
NMB,11/6/2011,169.0,173.0,169.0,172.0,1.78,4012.0,272.0,230.0
NMB,11/8/2011,172.0,178.0,169.0,169.0,-1.74,1877.0,272.0,230.0
NMB,11/9/2011,169.0,172.0,169.0,170.0,0.59,640.0,272.0,230.0
NMB,11/10/2011,170.0,175.0,170.0,174.0,2.35,313.0,272.0,230.0
NMB,11/13/2011,174.0,174.0,174.0,174.0,0.0,34.0,272.0,230.0
NMB,11/14/2011,174.0,171.0,168.0,169.0,-2.87,3869.0,272.0,230.0
NMB,11/16/2011,169.0,171.0,167.0,167.0,-1.18,1415.0,272.0,230.0
NMB,11/17/2011,167.0,171.0,169.0,171.0,2.4,2016.0,272.0,230.0
NMB,11/20/2011,171.0,168.0,163.0,165.0,-3.51,2018.0,272.0,230.0
NMB,11/21/2011,165.0,169.0,166.0,166.0,0.61,675.0,272.0,230.0
NMB,11/22/2011,166.0,167.0,167.0,167.0,0.6,200.0,272.0,230.0
NMB,11/23/2011,167.0,170.0,167.0,167.0,0.0,1971.0,272.0,230.0
NMB,11/24/2011,167.0,170.0,166.0,170.0,1.8,2645.0,272.0,230.0
NMB,11/27/2011,170.0,170.0,167.0,170.0,0.0,931.0,272.0,230.0
NMB,11/28/2011,170.0,170.0,170.0,170.0,0.0,100.0,272.0,230.0
NMB,12/1/2011,163.0,166.0,161.0,163.0,-4.12,3402.0,272.0,230.0
NMB,12/4/2011,163.0,160.0,157.0,157.0,-3.68,160.0,272.0,230.0
NMB,12/5/2011,157.0,163.0,160.0,163.0,3.82,214.0,272.0,230.0
NMB,12/8/2011,163.0,171.0,165.0,171.0,4.91,63.0,272.0,230.0
NMB,12/11/2011,171.0,168.0,165.0,165.0,-3.51,93.0,272.0,230.0
NMB,12/14/2011,165.0,162.0,156.0,156.0,-5.45,100243.0,272.0,230.0
NMB,12/15/2011,156.0,154.0,150.0,151.0,-3.21,2189.0,272.0,230.0
NMB,12/18/2011,151.0,151.0,150.0,150.0,-0.66,1390.0,272.0,230.0
NMB,12/19/2011,150.0,152.0,152.0,152.0,1.33,2140.0,272.0,230.0
NMB,12/20/2011,152.0,158.0,155.0,158.0,3.95,298.0,272.0,230.0
NMB,12/21/2011,158.0,161.0,158.0,161.0,1.9,66.0,272.0,230.0
NMB,12/22/2011,161.0,163.0,154.0,163.0,1.24,51093.0,272.0,230.0
NMB,12/26/2011,163.0,165.0,162.0,162.0,-0.61,332.0,272.0,230.0
NMB,12/27/2011,162.0,159.0,156.0,156.0,-3.7,50178.0,272.0,230.0
NMB,12/28/2011,156.0,156.0,154.0,154.0,-1.28,470.0,272.0,230.0
NMB,12/29/2011,154.0,155.0,155.0,155.0,0.65,20.0,272.0,230.0
NMB,1/1/2012,155.0,155.0,155.0,155.0,0.0,100.0,272.0,230.0
NMB,1/2/2012,155.0,167.0,158.0,167.0,7.74,235.0,272.0,230.0
NMB,1/3/2012,167.0,179.0,167.0,167.0,0.0,2686.0,272.0,230.0
NMB,1/4/2012,167.0,164.0,164.0,164.0,-1.8,50.0,272.0,230.0
NMB,1/5/2012,164.0,161.0,161.0,161.0,-1.83,1250.0,272.0,230.0
NMB,1/8/2012,161.0,162.0,160.0,161.0,0.0,844.0,272.0,230.0
NMB,1/9/2012,161.0,163.0,158.0,161.0,0.0,3559.0,272.0,230.0
NMB,1/10/2012,161.0,167.0,163.0,163.0,1.24,414.0,272.0,230.0
NMB,1/11/2012,163.0,164.0,164.0,164.0,0.61,236.0,272.0,230.0
NMB,1/12/2012,164.0,161.0,155.0,157.0,-4.27,937.0,272.0,230.0
NMB,1/16/2012,157.0,160.0,151.0,160.0,1.91,2376.0,272.0,230.0
NMB,1/18/2012,160.0,163.0,161.0,161.0,0.63,2603.0,272.0,230.0
NMB,1/22/2012,161.0,158.0,153.0,153.0,-4.97,4227.0,272.0,230.0
NMB,1/23/2012,153.0,161.0,154.0,161.0,5.23,1628.0,272.0,230.0
NMB,1/25/2012,161.0,158.0,155.0,155.0,-3.73,258.0,272.0,230.0
NMB,1/26/2012,155.0,153.0,153.0,153.0,-1.29,553.0,272.0,230.0
NMB,1/29/2012,153.0,159.0,156.0,159.0,3.92,573.0,272.0,230.0
NMB,2/1/2012,159.0,156.0,152.0,156.0,-1.89,1905.0,272.0,230.0
NMB,2/2/2012,156.0,158.0,152.0,155.0,-0.64,725.0,272.0,230.0
NMB,2/5/2012,155.0,157.0,150.0,154.0,-0.65,5961.0,272.0,230.0
NMB,2/6/2012,154.0,153.0,150.0,153.0,-0.65,13376.0,272.0,230.0
NMB,2/7/2012,153.0,154.0,148.0,150.0,-1.96,3631.0,272.0,230.0
NMB,2/8/2012,150.0,152.0,152.0,152.0,1.33,120.0,272.0,230.0
NMB,2/9/2012,152.0,151.0,149.0,151.0,-0.66,1224.0,272.0,230.0
NMB,2/12/2012,151.0,152.0,149.0,149.0,-1.32,313.0,272.0,230.0
NMB,2/13/2012,149.0,150.0,148.0,150.0,0.67,546.0,272.0,230.0
NMB,2/14/2012,150.0,152.0,150.0,152.0,1.33,457.0,272.0,230.0
NMB,2/15/2012,152.0,153.0,150.0,151.0,-0.66,763.0,272.0,230.0
NMB,2/16/2012,151.0,150.0,147.0,149.0,-1.32,653.0,272.0,230.0
NMB,2/21/2012,149.0,150.0,148.0,149.0,0.0,1263.0,272.0,230.0
NMB,2/23/2012,149.0,149.0,148.0,148.0,-0.67,341.0,272.0,230.0
NMB,2/26/2012,148.0,150.0,148.0,150.0,1.35,331.0,272.0,230.0
NMB,2/27/2012,150.0,150.0,150.0,150.0,0.0,667.0,272.0,230.0
NMB,2/28/2012,150.0,153.0,149.0,153.0,2.0,537.0,272.0,230.0
NMB,2/29/2012,153.0,159.0,153.0,156.0,1.96,1487.0,272.0,230.0
NMB,3/1/2012,156.0,158.0,154.0,156.0,0.0,1919.0,272.0,230.0
NMB,3/4/2012,156.0,154.0,153.0,154.0,-1.28,1220.0,272.0,230.0
NMB,3/5/2012,154.0,159.0,155.0,158.0,2.6,2915.0,272.0,230.0
NMB,3/6/2012,158.0,159.0,157.0,158.0,0.0,1240.0,272.0,230.0
NMB,3/12/2012,158.0,155.0,153.0,153.0,-3.16,653.0,272.0,230.0
NMB,3/13/2012,153.0,155.0,154.0,154.0,0.65,2664.0,272.0,230.0
NMB,3/14/2012,154.0,155.0,154.0,154.0,0.0,922.0,272.0,230.0
NMB,3/15/2012,154.0,154.0,154.0,154.0,0.0,100.0,272.0,230.0
NMB,3/18/2012,154.0,157.0,152.0,152.0,-1.3,3873.0,272.0,230.0
NMB,3/19/2012,152.0,153.0,152.0,153.0,0.66,1287.0,272.0,230.0
NMB,3/20/2012,153.0,154.0,153.0,154.0,0.65,432.0,272.0,230.0
NMB,3/25/2012,154.0,153.0,151.0,151.0,-1.95,328.0,272.0,230.0
NMB,3/26/2012,151.0,152.0,148.0,148.0,-1.99,1645.0,272.0,230.0
NMB,3/27/2012,148.0,148.0,146.0,146.0,-1.35,1336.0,272.0,230.0
NMB,3/28/2012,146.0,149.0,145.0,149.0,2.05,1178.0,272.0,230.0
NMB,3/29/2012,149.0,149.0,147.0,147.0,-1.34,696.0,272.0,230.0
NMB,4/1/2012,147.0,147.0,144.0,147.0,0.0,5184.0,272.0,230.0
NMB,4/2/2012,147.0,153.0,147.0,153.0,4.08,3769.0,272.0,230.0
NMB,4/3/2012,153.0,152.0,150.0,152.0,-0.65,2848.0,272.0,230.0
NMB,4/4/2012,152.0,155.0,152.0,152.0,0.0,712.0,272.0,230.0
NMB,4/8/2012,152.0,155.0,152.0,152.0,0.0,937.0,272.0,230.0
NMB,4/9/2012,152.0,154.0,154.0,154.0,1.32,79.0,272.0,230.0
NMB,4/10/2012,154.0,154.0,151.0,154.0,0.0,770.0,272.0,230.0
NMB,4/11/2012,154.0,163.0,152.0,152.0,-1.3,2767.0,272.0,230.0
NMB,4/12/2012,152.0,167.0,153.0,167.0,9.87,5232.0,272.0,230.0
NMB,4/15/2012,167.0,183.0,170.0,183.0,9.58,1974.0,272.0,230.0
NMB,4/16/2012,183.0,186.0,186.0,186.0,1.64,107.0,272.0,230.0
NMB,4/17/2012,186.0,195.0,168.0,168.0,-9.68,9024.0,272.0,230.0
NMB,4/18/2012,168.0,184.0,165.0,184.0,9.52,2661.0,272.0,230.0
NMB,4/19/2012,184.0,202.0,185.0,189.0,2.72,5224.0,272.0,230.0
NMB,4/22/2012,189.0,207.0,192.0,207.0,9.52,9545.0,272.0,230.0
NMB,4/24/2012,207.0,227.0,211.0,227.0,9.66,1660.0,272.0,230.0
NMB,4/25/2012,227.0,235.0,231.0,235.0,3.52,612.0,272.0,230.0
NMB,4/26/2012,235.0,258.0,229.0,255.0,8.51,20246.0,272.0,230.0
NMB,4/29/2012,255.0,267.0,236.0,240.0,-5.88,9887.0,272.0,230.0
NMB,4/30/2012,240.0,238.0,225.0,227.0,-5.42,6256.0,272.0,230.0
NMB,5/3/2012,227.0,237.0,231.0,237.0,4.41,1189.0,272.0,230.0
NMB,5/7/2012,237.0,253.0,241.0,253.0,6.75,1712.0,272.0,230.0
NMB,5/8/2012,253.0,266.0,253.0,260.0,2.77,23993.0,272.0,230.0
NMB,5/9/2012,260.0,255.0,242.0,245.0,-5.77,8787.0,272.0,230.0
NMB,5/10/2012,245.0,245.0,230.0,237.0,-3.27,10371.0,272.0,230.0
NMB,5/13/2012,237.0,233.0,214.0,216.0,-8.86,5013.0,272.0,230.0
NMB,5/14/2012,216.0,212.0,196.0,204.0,-5.56,1589.0,272.0,230.0
NMB,5/15/2012,204.0,224.0,208.0,224.0,9.8,1976.0,272.0,230.0
NMB,5/16/2012,224.0,228.0,228.0,228.0,1.79,10.0,272.0,230.0
NMB,5/17/2012,228.0,244.0,232.0,243.0,6.58,14497.0,272.0,230.0
NMB,5/20/2012,243.0,239.0,227.0,235.0,-3.29,8161.0,272.0,230.0
NMB,5/21/2012,235.0,243.0,228.0,235.0,0.0,5557.0,272.0,230.0
NMB,5/22/2012,235.0,232.0,223.0,226.0,-3.83,2571.0,272.0,230.0
NMB,5/23/2012,226.0,222.0,207.0,208.0,-7.96,4243.0,272.0,230.0
NMB,5/24/2012,208.0,228.0,206.0,227.0,9.13,4151.0,272.0,230.0
NMB,5/27/2012,227.0,242.0,227.0,238.0,4.85,10497.0,272.0,230.0
NMB,6/3/2012,238.0,238.0,222.0,226.0,-5.04,3680.0,272.0,230.0
NMB,6/4/2012,226.0,223.0,210.0,220.0,-2.65,2544.0,272.0,230.0
NMB,6/5/2012,220.0,216.0,204.0,204.0,-7.27,5794.0,272.0,230.0
NMB,6/6/2012,204.0,204.0,193.0,194.0,-4.9,3672.0,272.0,230.0
NMB,6/7/2012,194.0,210.0,191.0,194.0,0.0,3479.0,272.0,230.0
NMB,6/11/2012,194.0,200.0,195.0,198.0,2.06,3369.0,272.0,230.0
NMB,6/12/2012,198.0,199.0,192.0,192.0,-3.03,2033.0,272.0,230.0
NMB,6/13/2012,192.0,193.0,188.0,188.0,-2.08,3083.0,272.0,230.0
NMB,6/14/2012,188.0,189.0,186.0,188.0,0.0,1718.0,272.0,230.0
NMB,6/17/2012,188.0,188.0,180.0,180.0,-4.26,2026.0,272.0,230.0
NMB,6/18/2012,180.0,185.0,181.0,182.0,1.11,3209.0,272.0,230.0
NMB,6/19/2012,182.0,185.0,182.0,182.0,0.0,1531.0,272.0,230.0
NMB,6/20/2012,182.0,185.0,182.0,185.0,1.65,2179.0,272.0,230.0
NMB,6/21/2012,185.0,186.0,186.0,186.0,0.54,79.0,272.0,230.0
NMB,6/25/2012,186.0,198.0,186.0,192.0,3.23,3765.0,272.0,230.0
NMB,6/26/2012,192.0,190.0,188.0,188.0,-2.08,648.0,272.0,230.0
NMB,6/27/2012,188.0,193.0,186.0,188.0,0.0,2935.0,272.0,230.0
NMB,6/28/2012,188.0,198.0,191.0,195.0,3.72,2615.0,272.0,230.0
NMB,7/1/2012,195.0,193.0,190.0,192.0,-1.54,955.0,272.0,230.0
NMB,7/2/2012,192.0,190.0,180.0,180.0,-6.25,6024.0,272.0,230.0
NMB,7/3/2012,180.0,191.0,180.0,191.0,6.11,1804.0,272.0,230.0
NMB,7/4/2012,191.0,190.0,188.0,189.0,-1.05,2743.0,272.0,230.0
NMB,7/5/2012,189.0,189.0,186.0,189.0,0.0,1723.0,272.0,230.0
NMB,7/8/2012,189.0,188.0,185.0,186.0,-1.59,1221.0,272.0,230.0
NMB,7/9/2012,186.0,186.0,181.0,182.0,-2.15,1823.0,272.0,230.0
NMB,7/10/2012,182.0,189.0,185.0,189.0,3.85,1520.0,272.0,230.0
NMB,7/11/2012,189.0,190.0,188.0,190.0,0.53,770.0,272.0,230.0
NMB,7/12/2012,190.0,187.0,181.0,181.0,-4.74,1326.0,272.0,230.0
NMB,7/15/2012,181.0,181.0,178.0,180.0,-0.55,2300.0,272.0,230.0
NMB,7/16/2012,180.0,180.0,175.0,179.0,-0.56,2888.0,272.0,230.0
NMB,7/17/2012,179.0,179.0,173.0,179.0,0.0,1241.0,272.0,230.0
NMB,7/18/2012,179.0,178.0,176.0,178.0,-0.56,657.0,272.0,230.0
NMB,7/19/2012,178.0,181.0,169.0,171.0,-3.93,7243.0,272.0,230.0
NMB,7/22/2012,171.0,180.0,174.0,178.0,4.09,1646.0,272.0,230.0
NMB,7/23/2012,178.0,187.0,181.0,184.0,3.37,4745.0,272.0,230.0
NMB,7/24/2012,184.0,183.0,180.0,183.0,-0.54,1170.0,272.0,230.0
NMB,7/25/2012,183.0,182.0,180.0,180.0,-1.64,1051.0,272.0,230.0
NMB,7/26/2012,180.0,177.0,171.0,177.0,-1.67,3871.0,272.0,230.0
NMB,7/29/2012,177.0,177.0,172.0,174.0,-1.69,1682.0,272.0,230.0
NMB,7/30/2012,174.0,180.0,176.0,180.0,3.45,2282.0,272.0,230.0
NMB,7/31/2012,180.0,183.0,180.0,180.0,0.0,1613.0,272.0,230.0
NMB,8/1/2012,180.0,181.0,178.0,180.0,0.0,4535.0,272.0,230.0
NMB,8/5/2012,180.0,180.0,179.0,179.0,-0.56,731.0,272.0,230.0
NMB,8/6/2012,179.0,177.0,174.0,177.0,-1.12,3860.0,272.0,230.0
NMB,8/7/2012,177.0,181.0,177.0,177.0,0.0,600.0,272.0,230.0
NMB,8/8/2012,177.0,177.0,176.0,177.0,0.0,282.0,272.0,230.0
NMB,8/12/2012,177.0,174.0,166.0,170.0,-3.95,2155.0,272.0,230.0
NMB,8/13/2012,170.0,168.0,166.0,167.0,-1.76,1341.0,272.0,230.0
NMB,8/14/2012,167.0,164.0,158.0,164.0,-1.8,5362.0,272.0,230.0
NMB,8/15/2012,164.0,161.0,151.0,153.0,-6.71,5796.0,272.0,230.0
NMB,8/16/2012,153.0,161.0,152.0,161.0,5.23,2407.0,272.0,230.0
NMB,8/19/2012,161.0,159.0,153.0,155.0,-3.73,1376.0,272.0,230.0
NMB,8/21/2012,155.0,158.0,152.0,158.0,1.94,1307.0,272.0,230.0
NMB,8/22/2012,158.0,160.0,158.0,158.0,0.0,250.0,272.0,230.0
NMB,8/23/2012,158.0,161.0,154.0,154.0,-2.53,808.0,272.0,230.0
NMB,8/26/2012,154.0,155.0,154.0,154.0,0.0,1220.0,272.0,230.0
NMB,8/27/2012,154.0,160.0,155.0,155.0,0.65,1838.0,272.0,230.0
NMB,8/28/2012,155.0,159.0,156.0,156.0,0.65,530.0,272.0,230.0
NMB,8/29/2012,156.0,156.0,155.0,155.0,-0.64,881.0,272.0,230.0
NMB,8/30/2012,155.0,158.0,155.0,156.0,0.65,1177.0,272.0,230.0
NMB,9/2/2012,156.0,153.0,150.0,152.0,-2.56,1144.0,272.0,230.0
NMB,9/3/2012,152.0,167.0,155.0,163.0,7.24,1763.0,272.0,230.0
NMB,9/4/2012,163.0,163.0,160.0,162.0,-0.61,5945.0,272.0,230.0
NMB,9/5/2012,162.0,167.0,159.0,161.0,-0.62,448.0,272.0,230.0
NMB,9/6/2012,161.0,160.0,157.0,157.0,-2.48,2031.0,272.0,230.0
NMB,9/9/2012,157.0,159.0,152.0,159.0,1.27,1678.0,272.0,230.0
NMB,9/10/2012,159.0,165.0,162.0,165.0,3.77,324.0,272.0,230.0
NMB,9/11/2012,165.0,165.0,161.0,164.0,-0.61,1165.0,272.0,230.0
NMB,9/12/2012,164.0,168.0,165.0,165.0,0.61,2014.0,272.0,230.0
NMB,9/13/2012,165.0,168.0,166.0,168.0,1.82,3645.0,272.0,230.0
NMB,9/16/2012,168.0,171.0,167.0,167.0,-0.6,2630.0,272.0,230.0
NMB,9/17/2012,167.0,170.0,170.0,170.0,1.8,395.0,272.0,230.0
NMB,9/18/2012,170.0,176.0,172.0,176.0,3.53,4782.0,272.0,230.0
NMB,9/19/2012,176.0,174.0,168.0,168.0,-4.55,1118.0,272.0,230.0
NMB,9/20/2012,168.0,171.0,165.0,165.0,-1.79,2503.0,272.0,230.0
NMB,9/23/2012,165.0,162.0,157.0,159.0,-3.64,1277.0,272.0,230.0
NMB,9/24/2012,159.0,158.0,156.0,158.0,-0.63,1528.0,272.0,230.0
NMB,9/25/2012,158.0,159.0,156.0,158.0,0.0,10084.0,272.0,230.0
NMB,9/26/2012,158.0,160.0,157.0,157.0,-0.63,661.0,272.0,230.0
NMB,9/30/2012,163.0,160.0,158.0,160.0,1.91,892.0,272.0,230.0
NMB,10/1/2012,160.0,160.0,156.0,160.0,0.0,2794.0,272.0,230.0
NMB,10/2/2012,160.0,162.0,162.0,162.0,1.25,44.0,272.0,230.0
NMB,10/3/2012,162.0,163.0,161.0,162.0,0.0,3073.0,272.0,230.0
NMB,10/4/2012,162.0,165.0,161.0,165.0,1.85,2050.0,272.0,230.0
NMB,10/7/2012,165.0,168.0,164.0,166.0,0.61,5279.0,272.0,230.0
NMB,10/8/2012,166.0,168.0,166.0,166.0,0.0,3137.0,272.0,230.0
NMB,10/9/2012,166.0,169.0,163.0,169.0,1.81,4428.0,272.0,230.0
NMB,10/10/2012,169.0,170.0,167.0,168.0,-0.59,1383.0,272.0,230.0
NMB,10/11/2012,168.0,168.0,166.0,166.0,-1.19,2025.0,272.0,230.0
NMB,10/14/2012,166.0,172.0,167.0,170.0,2.41,950.0,272.0,230.0
NMB,10/15/2012,170.0,178.0,172.0,175.0,2.94,576.0,272.0,230.0
NMB,10/17/2012,175.0,184.0,177.0,184.0,5.14,2010.0,272.0,230.0
NMB,10/18/2012,184.0,187.0,181.0,182.0,-1.09,2680.0,272.0,230.0
NMB,10/30/2012,182.0,185.0,185.0,185.0,1.65,1000.0,272.0,230.0
NMB,10/31/2012,185.0,197.0,187.0,193.0,4.32,9065.0,272.0,230.0
NMB,11/1/2012,193.0,195.0,189.0,194.0,0.52,23435.0,272.0,230.0
NMB,11/4/2012,194.0,198.0,192.0,196.0,1.03,5671.0,272.0,230.0
NMB,11/5/2012,196.0,204.0,194.0,196.0,0.0,10288.0,272.0,230.0
NMB,11/6/2012,196.0,204.0,196.0,201.0,2.55,8854.0,272.0,230.0
NMB,11/7/2012,201.0,214.0,205.0,214.0,6.47,8724.0,272.0,230.0
NMB,11/8/2012,214.0,234.0,218.0,230.0,7.48,18236.0,272.0,230.0
NMB,11/11/2012,230.0,244.0,217.0,230.0,0.0,7494.0,272.0,230.0
NMB,11/12/2012,230.0,234.0,220.0,228.0,-0.87,8594.0,272.0,230.0
NMB,11/18/2012,228.0,250.0,230.0,243.0,6.58,5281.0,272.0,230.0
NMB,11/20/2012,243.0,262.0,245.0,246.0,1.23,10169.0,272.0,230.0
NMB,11/21/2012,246.0,248.0,234.0,238.0,-3.25,10459.0,272.0,230.0
NMB,11/22/2012,238.0,246.0,234.0,243.0,2.1,10373.0,272.0,230.0
NMB,11/25/2012,243.0,253.0,241.0,249.0,2.47,11633.0,272.0,230.0
NMB,11/26/2012,249.0,247.0,245.0,245.0,-1.61,1581.0,272.0,230.0
NMB,11/27/2012,245.0,249.0,242.0,244.0,-0.41,4822.0,272.0,230.0
NMB,11/28/2012,244.0,243.0,238.0,242.0,-0.82,3519.0,272.0,230.0
NMB,11/29/2012,242.0,238.0,233.0,237.0,-2.07,3500.0,272.0,230.0
NMB,12/2/2012,237.0,237.0,235.0,236.0,-0.42,460.0,272.0,230.0
NMB,12/3/2012,236.0,233.0,228.0,229.0,-2.97,6900.0,272.0,230.0
NMB,12/4/2012,229.0,243.0,232.0,239.0,4.37,7714.0,272.0,230.0
NMB,12/5/2012,239.0,253.0,242.0,250.0,4.6,9172.0,272.0,230.0
NMB,12/6/2012,250.0,249.0,241.0,249.0,-0.4,3631.0,272.0,230.0
NMB,12/9/2012,249.0,246.0,235.0,235.0,-5.62,4778.0,272.0,230.0
NMB,12/10/2012,235.0,236.0,236.0,236.0,0.43,1000.0,272.0,230.0
NMB,12/11/2012,236.0,240.0,236.0,238.0,0.85,4670.0,272.0,230.0
NMB,12/12/2012,238.0,245.0,240.0,245.0,2.94,971.0,272.0,230.0
NMB,12/13/2012,245.0,243.0,240.0,242.0,-1.22,2430.0,272.0,230.0
NMB,12/16/2012,242.0,258.0,245.0,255.0,5.37,4859.0,272.0,230.0
NMB,12/17/2012,255.0,270.0,250.0,258.0,1.18,12475.0,272.0,230.0
NMB,12/18/2012,258.0,258.0,250.0,256.0,-0.78,5805.0,272.0,230.0
NMB,12/19/2012,256.0,266.0,254.0,257.0,0.39,3192.0,272.0,230.0
NMB,12/20/2012,257.0,261.0,255.0,256.0,-0.39,4420.0,272.0,230.0
NMB,12/23/2012,256.0,256.0,252.0,252.0,-1.56,10050.0,272.0,230.0
NMB,12/24/2012,252.0,270.0,255.0,270.0,7.14,10266.0,272.0,230.0
NMB,12/26/2012,270.0,293.0,275.0,281.0,4.07,12849.0,272.0,230.0
NMB,12/27/2012,281.0,291.0,275.0,281.0,0.0,9184.0,272.0,230.0
NMB,12/31/2012,281.0,290.0,271.0,280.0,-0.36,3233.0,272.0,230.0
NMB,1/1/2013,280.0,275.0,268.0,270.0,-3.57,6092.0,272.0,230.0
NMB,1/2/2013,270.0,274.0,264.0,267.0,-1.11,8346.0,272.0,230.0
NMB,1/3/2013,267.0,279.0,266.0,276.0,3.37,9018.0,272.0,230.0
NMB,1/6/2013,276.0,275.0,270.0,275.0,-0.36,2526.0,272.0,230.0
NMB,1/7/2013,275.0,270.0,265.0,265.0,-3.64,3022.0,272.0,230.0
NMB,1/8/2013,265.0,265.0,261.0,262.0,-1.13,1806.0,272.0,230.0
NMB,1/9/2013,262.0,264.0,258.0,261.0,-0.38,5134.0,272.0,230.0
NMB,1/10/2013,261.0,267.0,256.0,264.0,1.15,6508.0,272.0,230.0
NMB,1/13/2013,264.0,269.0,259.0,269.0,1.89,4613.0,272.0,230.0
NMB,1/15/2013,269.0,274.0,265.0,274.0,1.86,5891.0,272.0,230.0
NMB,1/16/2013,274.0,269.0,264.0,264.0,-3.65,1522.0,272.0,230.0
NMB,1/17/2013,264.0,262.0,257.0,257.0,-2.65,6560.0,272.0,230.0
NMB,1/20/2013,257.0,252.0,241.0,246.0,-4.28,2566.0,272.0,230.0
NMB,1/21/2013,246.0,261.0,250.0,256.0,4.07,7252.0,272.0,230.0
NMB,1/22/2013,256.0,264.0,261.0,264.0,3.12,2481.0,272.0,230.0
NMB,1/23/2013,264.0,268.0,260.0,262.0,-0.76,4557.0,272.0,230.0
NMB,1/24/2013,262.0,260.0,250.0,260.0,-0.76,2374.0,272.0,230.0
NMB,1/27/2013,260.0,261.0,255.0,259.0,-0.38,3813.0,272.0,230.0
NMB,1/28/2013,259.0,264.0,259.0,259.0,0.0,3867.0,272.0,230.0
NMB,1/30/2013,259.0,263.0,261.0,261.0,0.77,957.0,272.0,230.0
NMB,1/31/2013,261.0,257.0,253.0,254.0,-2.68,2524.0,272.0,230.0
NMB,2/3/2013,254.0,272.0,250.0,254.0,0.0,9241.0,272.0,230.0
NMB,2/4/2013,254.0,270.0,259.0,267.0,5.12,3090.0,272.0,230.0
NMB,2/5/2013,267.0,267.0,265.0,267.0,0.0,1715.0,272.0,230.0
NMB,2/6/2013,267.0,272.0,264.0,268.0,0.37,5477.0,272.0,230.0
NMB,2/7/2013,268.0,264.0,262.0,264.0,-1.49,2136.0,272.0,230.0
NMB,2/10/2013,264.0,267.0,264.0,267.0,1.14,2185.0,272.0,230.0
NMB,2/12/2013,267.0,290.0,270.0,290.0,8.61,7204.0,272.0,230.0
NMB,2/13/2013,290.0,285.0,275.0,275.0,-5.17,1942.0,272.0,230.0
NMB,2/14/2013,275.0,285.0,270.0,278.0,1.09,8880.0,272.0,230.0
NMB,2/17/2013,278.0,305.0,278.0,305.0,9.71,7234.0,272.0,230.0
NMB,2/19/2013,305.0,311.0,290.0,292.0,-4.26,9736.0,272.0,230.0
NMB,2/20/2013,292.0,292.0,280.0,283.0,-3.08,3705.0,272.0,230.0
NMB,2/21/2013,283.0,296.0,275.0,287.0,1.41,2450.0,272.0,230.0
NMB,2/24/2013,287.0,286.0,277.0,283.0,-1.39,3537.0,272.0,230.0
NMB,2/25/2013,283.0,295.0,280.0,281.0,-0.71,19224.0,272.0,230.0
NMB,2/26/2013,281.0,291.0,282.0,286.0,1.78,7752.0,272.0,230.0
NMB,2/27/2013,286.0,284.0,284.0,284.0,-0.7,191.0,272.0,230.0
NMB,2/28/2013,284.0,285.0,280.0,282.0,-0.7,5814.0,272.0,230.0
NMB,3/3/2013,282.0,285.0,283.0,285.0,1.06,4233.0,272.0,230.0
NMB,3/4/2013,285.0,285.0,280.0,280.0,-1.75,3799.0,272.0,230.0
NMB,3/5/2013,280.0,283.0,257.0,280.0,0.0,37562.0,272.0,230.0
NMB,3/6/2013,280.0,287.0,285.0,285.0,1.79,1567.0,272.0,230.0
NMB,3/7/2013,285.0,285.0,280.0,281.0,-1.4,4969.0,272.0,230.0
NMB,3/11/2013,281.0,283.0,278.0,283.0,0.71,4052.0,272.0,230.0
NMB,3/13/2013,283.0,291.0,284.0,291.0,2.83,2206.0,272.0,230.0
NMB,3/14/2013,291.0,309.0,287.0,289.0,-0.69,5649.0,272.0,230.0
NMB,3/17/2013,289.0,284.0,279.0,279.0,-3.46,4748.0,272.0,230.0
NMB,3/18/2013,279.0,280.0,270.0,276.0,-1.08,1917.0,272.0,230.0
NMB,3/19/2013,276.0,280.0,275.0,279.0,1.09,1883.0,272.0,230.0
NMB,3/20/2013,279.0,282.0,282.0,282.0,1.08,157.0,272.0,230.0
NMB,3/21/2013,282.0,277.0,275.0,276.0,-2.13,1881.0,272.0,230.0
NMB,3/24/2013,276.0,272.0,271.0,271.0,-1.81,429.0,272.0,230.0
NMB,3/25/2013,271.0,273.0,266.0,271.0,0.0,3002.0,272.0,230.0
NMB,3/27/2013,271.0,280.0,265.0,280.0,3.32,10450.0,272.0,230.0
NMB,3/28/2013,280.0,280.0,271.0,275.0,-1.79,1303.0,272.0,230.0
NMB,3/31/2013,275.0,270.0,261.0,265.0,-3.64,2327.0,272.0,230.0
NMB,4/1/2013,265.0,272.0,261.0,268.0,1.13,1425.0,272.0,230.0
NMB,4/2/2013,268.0,270.0,268.0,270.0,0.75,1371.0,272.0,230.0
NMB,4/3/2013,270.0,271.0,266.0,269.0,-0.37,2560.0,272.0,230.0
NMB,4/4/2013,269.0,268.0,266.0,268.0,-0.37,953.0,272.0,230.0
NMB,4/7/2013,268.0,269.0,268.0,269.0,0.37,600.0,272.0,230.0
NMB,4/8/2013,269.0,274.0,267.0,272.0,1.12,2008.0,272.0,230.0
NMB,4/9/2013,272.0,273.0,269.0,273.0,0.37,1207.0,272.0,230.0
NMB,4/11/2013,273.0,276.0,270.0,270.0,-1.1,5995.0,272.0,230.0
NMB,4/15/2013,270.0,280.0,272.0,273.0,1.11,4424.0,272.0,230.0
NMB,4/16/2013,273.0,272.0,267.0,267.0,-2.2,4241.0,272.0,230.0
NMB,4/17/2013,267.0,270.0,264.0,264.0,-1.12,4580.0,272.0,230.0
NMB,4/18/2013,264.0,270.0,265.0,270.0,2.27,573.0,272.0,230.0
NMB,4/21/2013,270.0,265.0,255.0,265.0,-1.85,5158.0,272.0,230.0
NMB,4/23/2013,265.0,269.0,257.0,257.0,-3.02,2847.0,272.0,230.0
NMB,4/25/2013,257.0,260.0,252.0,254.0,-1.17,2714.0,272.0,230.0
NMB,4/28/2013,254.0,262.0,255.0,260.0,2.36,13831.0,272.0,230.0
NMB,4/29/2013,260.0,259.0,253.0,255.0,-1.92,2956.0,272.0,230.0
NMB,4/30/2013,255.0,257.0,252.0,255.0,0.0,5609.0,272.0,230.0
NMB,5/2/2013,255.0,255.0,250.0,250.0,-1.96,1502.0,272.0,230.0
NMB,5/5/2013,250.0,253.0,249.0,249.0,-0.4,1013.0,272.0,230.0
NMB,5/6/2013,249.0,249.0,241.0,247.0,-0.8,1751.0,272.0,230.0
NMB,5/7/2013,247.0,258.0,244.0,253.0,2.43,4635.0,272.0,230.0
NMB,5/8/2013,253.0,251.0,246.0,250.0,-1.19,1941.0,272.0,230.0
NMB,5/9/2013,250.0,252.0,247.0,248.0,-0.8,1331.0,272.0,230.0
NMB,5/12/2013,248.0,250.0,248.0,248.0,0.0,3191.0,272.0,230.0
NMB,5/13/2013,248.0,252.0,248.0,252.0,1.61,5516.0,272.0,230.0
NMB,5/14/2013,252.0,253.0,246.0,253.0,0.4,4249.0,272.0,230.0
NMB,5/15/2013,253.0,255.0,252.0,252.0,-0.4,7507.0,272.0,230.0
NMB,5/16/2013,252.0,253.0,253.0,253.0,0.4,1200.0,272.0,230.0
NMB,5/19/2013,253.0,250.0,250.0,250.0,-1.19,96.0,272.0,230.0
NMB,5/20/2013,250.0,251.0,250.0,250.0,0.0,1017.0,272.0,230.0
NMB,5/21/2013,250.0,251.0,250.0,250.0,0.0,773.0,272.0,230.0
NMB,5/22/2013,250.0,252.0,248.0,250.0,0.0,792.0,272.0,230.0
NMB,5/23/2013,250.0,250.0,244.0,244.0,-2.4,856.0,272.0,230.0
NMB,5/26/2013,244.0,246.0,242.0,246.0,0.82,3064.0,272.0,230.0
NMB,5/27/2013,246.0,250.0,246.0,249.0,1.22,5578.0,272.0,230.0
NMB,5/28/2013,249.0,252.0,247.0,250.0,0.4,7686.0,272.0,230.0
NMB,5/30/2013,250.0,248.0,245.0,246.0,-1.6,2655.0,272.0,230.0
NMB,6/2/2013,246.0,248.0,240.0,240.0,-2.44,3041.0,272.0,230.0
NMB,6/3/2013,240.0,248.0,242.0,248.0,3.33,1920.0,272.0,230.0
NMB,6/4/2013,248.0,249.0,244.0,244.0,-1.61,2617.0,272.0,230.0
NMB,6/5/2013,244.0,250.0,244.0,247.0,1.23,1118.0,272.0,230.0
NMB,6/6/2013,247.0,247.0,247.0,247.0,0.0,500.0,272.0,230.0
NMB,6/9/2013,247.0,250.0,245.0,246.0,-0.4,1210.0,272.0,230.0
NMB,6/10/2013,246.0,250.0,246.0,250.0,1.63,4373.0,272.0,230.0
NMB,6/12/2013,250.0,250.0,247.0,249.0,-0.4,845.0,272.0,230.0
NMB,6/13/2013,249.0,246.0,242.0,246.0,-1.2,1907.0,272.0,230.0
NMB,6/16/2013,246.0,246.0,246.0,246.0,0.0,96.0,272.0,230.0
NMB,6/17/2013,246.0,246.0,244.0,244.0,-0.81,1132.0,272.0,230.0
NMB,6/18/2013,244.0,245.0,242.0,242.0,-0.82,854.0,272.0,230.0
NMB,6/19/2013,242.0,242.0,240.0,241.0,-0.41,1767.0,272.0,230.0
NMB,6/20/2013,241.0,241.0,239.0,240.0,-0.41,4409.0,272.0,230.0
NMB,6/23/2013,240.0,240.0,240.0,240.0,0.0,100.0,272.0,230.0
NMB,6/24/2013,240.0,245.0,240.0,245.0,2.08,1277.0,272.0,230.0
NMB,6/25/2013,245.0,252.0,243.0,252.0,2.86,2322.0,272.0,230.0
NMB,6/26/2013,252.0,255.0,250.0,253.0,0.4,7635.0,272.0,230.0
NMB,6/27/2013,253.0,255.0,245.0,245.0,-3.16,1894.0,272.0,230.0
NMB,6/30/2013,245.0,245.0,241.0,241.0,-1.63,770.0,272.0,230.0
NMB,7/1/2013,241.0,245.0,245.0,245.0,1.66,50.0,272.0,230.0
NMB,7/2/2013,245.0,244.0,243.0,244.0,-0.41,897.0,272.0,230.0
NMB,7/3/2013,244.0,245.0,243.0,245.0,0.41,445.0,272.0,230.0
NMB,7/4/2013,245.0,245.0,240.0,243.0,-0.82,2527.0,272.0,230.0
NMB,7/7/2013,243.0,243.0,237.0,242.0,-0.41,2211.0,272.0,230.0
NMB,7/8/2013,242.0,246.0,243.0,246.0,1.65,552.0,272.0,230.0
NMB,7/9/2013,246.0,253.0,249.0,252.0,2.44,1402.0,272.0,230.0
NMB,7/10/2013,252.0,256.0,252.0,255.0,1.19,3384.0,272.0,230.0
NMB,7/11/2013,255.0,254.0,251.0,254.0,-0.39,841.0,272.0,230.0
NMB,7/14/2013,254.0,258.0,255.0,255.0,0.39,606.0,272.0,230.0
NMB,7/15/2013,255.0,255.0,250.0,252.0,-1.18,1362.0,272.0,230.0
NMB,7/16/2013,252.0,252.0,248.0,252.0,0.0,560.0,272.0,230.0
NMB,7/17/2013,252.0,261.0,253.0,261.0,3.57,732.0,272.0,230.0
NMB,7/18/2013,261.0,264.0,257.0,264.0,1.15,6046.0,272.0,230.0
NMB,7/21/2013,264.0,279.0,265.0,275.0,4.17,9298.0,272.0,230.0
NMB,7/22/2013,275.0,280.0,265.0,270.0,-1.82,5532.0,272.0,230.0
NMB,7/23/2013,270.0,275.0,268.0,273.0,1.11,3392.0,272.0,230.0
NMB,7/24/2013,273.0,270.0,268.0,268.0,-1.83,209.0,272.0,230.0
NMB,7/25/2013,268.0,265.0,265.0,265.0,-1.12,191.0,272.0,230.0
NMB,7/28/2013,265.0,269.0,261.0,264.0,-0.38,5278.0,272.0,230.0
NMB,7/29/2013,264.0,266.0,262.0,264.0,0.0,5994.0,272.0,230.0
NMB,7/30/2013,264.0,269.0,262.0,265.0,0.38,7464.0,272.0,230.0
NMB,7/31/2013,265.0,272.0,265.0,265.0,0.0,1990.0,272.0,230.0
NMB,8/1/2013,265.0,266.0,262.0,262.0,-1.13,4688.0,272.0,230.0
NMB,8/4/2013,262.0,274.0,263.0,268.0,2.29,2695.0,272.0,230.0
NMB,8/5/2013,268.0,266.0,260.0,261.0,-2.61,2271.0,272.0,230.0
NMB,8/6/2013,261.0,262.0,253.0,260.0,-0.38,3233.0,272.0,230.0
NMB,8/7/2013,260.0,268.0,256.0,256.0,-1.54,6545.0,272.0,230.0
NMB,8/8/2013,256.0,256.0,250.0,250.0,-2.34,3317.0,272.0,230.0
NMB,8/11/2013,250.0,260.0,253.0,253.0,1.2,2384.0,272.0,230.0
NMB,8/12/2013,253.0,251.0,249.0,250.0,-1.19,1594.0,272.0,230.0
NMB,8/13/2013,250.0,250.0,248.0,248.0,-0.8,2064.0,272.0,230.0
NMB,8/14/2013,248.0,250.0,243.0,247.0,-0.4,6514.0,272.0,230.0
NMB,8/15/2013,247.0,248.0,246.0,248.0,0.4,486.0,272.0,230.0
NMB,8/18/2013,248.0,252.0,248.0,250.0,0.81,3589.0,272.0,230.0
NMB,8/19/2013,250.0,256.0,251.0,256.0,2.4,2328.0,272.0,230.0
NMB,8/20/2013,256.0,260.0,255.0,258.0,0.78,6881.0,272.0,230.0
NMB,8/25/2013,258.0,256.0,254.0,254.0,-1.55,929.0,272.0,230.0
NMB,8/26/2013,254.0,253.0,247.0,247.0,-2.76,3132.0,272.0,230.0
NMB,8/27/2013,247.0,252.0,246.0,250.0,1.21,5267.0,272.0,230.0
NMB,8/29/2013,250.0,251.0,246.0,248.0,-0.8,5195.0,272.0,230.0
NMB,9/1/2013,248.0,250.0,245.0,246.0,-0.81,3632.0,272.0,230.0
NMB,9/2/2013,246.0,248.0,240.0,245.0,-0.41,11536.0,272.0,230.0
NMB,9/3/2013,245.0,245.0,239.0,243.0,-0.82,9537.0,272.0,230.0
NMB,9/4/2013,243.0,241.0,235.0,241.0,-0.82,18092.0,272.0,230.0
NMB,9/5/2013,241.0,243.0,235.0,242.0,0.41,37264.0,272.0,230.0
NMB,9/8/2013,242.0,244.0,235.0,239.0,-1.24,20639.0,272.0,230.0
NMB,9/9/2013,239.0,244.0,237.0,244.0,2.09,6195.0,272.0,230.0
NMB,9/10/2013,244.0,245.0,244.0,244.0,0.0,1591.0,272.0,230.0
NMB,9/11/2013,244.0,247.0,240.0,244.0,0.0,3468.0,272.0,230.0
NMB,9/12/2013,244.0,245.0,244.0,245.0,0.41,844.0,272.0,230.0
NMB,9/15/2013,245.0,246.0,239.0,244.0,-0.41,2496.0,272.0,230.0
NMB,9/16/2013,244.0,244.0,240.0,241.0,-1.23,1118.0,272.0,230.0
NMB,9/17/2013,241.0,248.0,240.0,248.0,2.9,1612.0,272.0,230.0
NMB,9/19/2013,248.0,245.0,243.0,243.0,-2.02,795.0,272.0,230.0
NMB,9/22/2013,243.0,243.0,240.0,242.0,-0.41,1804.0,272.0,230.0
NMB,9/23/2013,242.0,242.0,240.0,240.0,-0.83,1037.0,272.0,230.0
NMB,9/24/2013,240.0,243.0,240.0,243.0,1.25,758.0,272.0,230.0
NMB,9/25/2013,243.0,243.0,237.0,242.0,-0.41,14358.0,272.0,230.0
NMB,9/26/2013,242.0,243.0,243.0,243.0,0.41,233.0,272.0,230.0
NMB,9/29/2013,243.0,247.0,235.0,247.0,1.65,56969.0,272.0,230.0
NMB,9/30/2013,247.0,247.0,236.0,245.0,-0.81,14534.0,272.0,230.0
NMB,10/1/2013,245.0,244.0,235.0,244.0,-0.41,11001.0,272.0,230.0
NMB,10/2/2013,244.0,244.0,241.0,241.0,-1.23,671.0,272.0,230.0
NMB,10/3/2013,241.0,243.0,241.0,243.0,0.83,695.0,272.0,230.0
NMB,10/6/2013,243.0,241.0,237.0,240.0,-1.23,2800.0,272.0,230.0
NMB,10/7/2013,240.0,250.0,244.0,247.0,2.92,1640.0,272.0,230.0
NMB,10/8/2013,247.0,252.0,245.0,248.0,0.4,2473.0,272.0,230.0
NMB,10/9/2013,248.0,255.0,247.0,255.0,2.82,1392.0,272.0,230.0
NMB,10/10/2013,255.0,260.0,254.0,260.0,1.96,3241.0,272.0,230.0
NMB,10/20/2013,260.0,263.0,260.0,261.0,0.38,6968.0,272.0,230.0
NMB,10/21/2013,261.0,270.0,261.0,264.0,1.15,5057.0,272.0,230.0
NMB,10/22/2013,264.0,260.0,255.0,255.0,-3.41,579.0,272.0,230.0
NMB,10/23/2013,255.0,255.0,250.0,255.0,0.0,2486.0,272.0,230.0
NMB,10/24/2013,255.0,253.0,250.0,253.0,-0.78,4242.0,272.0,230.0
NMB,10/27/2013,253.0,251.0,249.0,250.0,-1.19,2131.0,272.0,230.0
NMB,10/28/2013,250.0,250.0,247.0,247.0,-1.2,543.0,272.0,230.0
NMB,10/29/2013,247.0,251.0,247.0,249.0,0.81,3232.0,272.0,230.0
NMB,10/30/2013,249.0,254.0,253.0,253.0,1.61,1125.0,272.0,230.0
NMB,10/31/2013,253.0,252.0,250.0,250.0,-1.19,2191.0,272.0,230.0
NMB,11/6/2013,250.0,255.0,253.0,255.0,2.0,427.0,272.0,230.0
NMB,11/7/2013,255.0,254.0,250.0,254.0,-0.39,2362.0,272.0,230.0
NMB,11/10/2013,254.0,259.0,253.0,256.0,0.79,2565.0,272.0,230.0
NMB,11/11/2013,256.0,264.0,258.0,264.0,3.12,7542.0,272.0,230.0
NMB,11/12/2013,264.0,277.0,264.0,268.0,1.52,7733.0,272.0,230.0
NMB,11/13/2013,268.0,276.0,264.0,264.0,-1.49,11824.0,272.0,230.0
NMB,11/14/2013,264.0,267.0,258.0,260.0,-1.52,24212.0,272.0,230.0
NMB,11/21/2013,260.0,270.0,260.0,270.0,3.85,10240.0,272.0,230.0
NMB,11/24/2013,270.0,297.0,275.0,297.0,10.0,64132.0,272.0,230.0
NMB,11/25/2013,297.0,307.0,285.0,298.0,0.34,75881.0,272.0,230.0
NMB,11/26/2013,298.0,310.0,297.0,304.0,2.01,31218.0,272.0,230.0
NMB,11/27/2013,304.0,305.0,298.0,305.0,0.33,15650.0,272.0,230.0
NMB,11/28/2013,305.0,310.0,298.0,303.0,-0.66,50599.0,272.0,230.0
NMB,12/1/2013,303.0,300.0,294.0,294.0,-2.97,2637.0,272.0,230.0
NMB,12/2/2013,294.0,300.0,290.0,295.0,0.34,5420.0,272.0,230.0
NMB,12/3/2013,295.0,317.0,295.0,317.0,7.46,4604.0,272.0,230.0
NMB,12/4/2013,317.0,348.0,315.0,348.0,9.78,115112.0,272.0,230.0
NMB,12/5/2013,348.0,372.0,342.0,360.0,3.45,58150.0,272.0,230.0
NMB,12/8/2013,360.0,360.0,340.0,345.0,-4.17,3811.0,272.0,230.0
NMB,12/9/2013,345.0,351.0,339.0,339.0,-1.74,4423.0,272.0,230.0
NMB,12/10/2013,339.0,341.0,334.0,335.0,-1.18,4929.0,272.0,230.0
NMB,12/11/2013,335.0,360.0,341.0,355.0,5.97,7487.0,272.0,230.0
NMB,12/12/2013,355.0,385.0,360.0,373.0,5.07,4505.0,272.0,230.0
NMB,12/15/2013,373.0,400.0,373.0,397.0,6.43,8969.0,272.0,230.0
NMB,12/16/2013,397.0,432.0,398.0,432.0,8.82,4553.0,272.0,230.0
NMB,12/18/2013,432.0,475.0,440.0,475.0,9.95,27711.0,272.0,230.0
NMB,12/19/2013,475.0,466.0,448.0,460.0,-3.16,6038.0,272.0,230.0
NMB,12/22/2013,460.0,455.0,422.0,430.0,-6.52,4651.0,272.0,230.0
NMB,12/23/2013,430.0,424.0,387.0,388.0,-9.77,2363.0,272.0,230.0
NMB,12/24/2013,388.0,410.0,381.0,395.0,1.8,11157.0,272.0,230.0
NMB,12/26/2013,395.0,423.0,402.0,405.0,2.53,13158.0,272.0,230.0
NMB,12/29/2013,405.0,405.0,395.0,398.0,-1.73,6106.0,272.0,230.0
NMB,12/31/2013,398.0,402.0,395.0,395.0,-0.75,3159.0,272.0,230.0
NMB,1/1/2014,395.0,388.0,372.0,378.0,-4.3,3818.0,272.0,230.0
NMB,1/2/2014,378.0,399.0,361.0,395.0,4.5,1657.0,272.0,230.0
NMB,1/5/2014,395.0,394.0,388.0,394.0,-0.25,4326.0,272.0,230.0
NMB,1/6/2014,394.0,390.0,385.0,390.0,-1.02,2269.0,272.0,230.0
NMB,1/7/2014,390.0,396.0,386.0,394.0,1.03,4680.0,272.0,230.0
NMB,1/8/2014,394.0,411.0,393.0,402.0,2.03,6090.0,272.0,230.0
NMB,1/9/2014,402.0,402.0,398.0,402.0,0.0,1663.0,272.0,230.0
NMB,1/12/2014,402.0,410.0,400.0,410.0,1.99,3948.0,272.0,230.0
NMB,1/13/2014,410.0,418.0,410.0,410.0,0.0,5931.0,272.0,230.0
NMB,1/14/2014,410.0,425.0,404.0,420.0,2.44,13752.0,272.0,230.0
NMB,1/16/2014,420.0,442.0,412.0,420.0,0.0,6222.0,272.0,230.0
NMB,1/19/2014,420.0,415.0,408.0,412.0,-1.9,3208.0,272.0,230.0
NMB,1/20/2014,412.0,415.0,405.0,407.0,-1.21,5788.0,272.0,230.0
NMB,1/21/2014,407.0,430.0,408.0,410.0,0.74,4578.0,272.0,230.0
NMB,1/22/2014,410.0,410.0,403.0,408.0,-0.49,6104.0,272.0,230.0
NMB,1/23/2014,408.0,412.0,406.0,406.0,-0.49,3626.0,272.0,230.0
NMB,1/26/2014,406.0,408.0,400.0,401.0,-1.23,20675.0,272.0,230.0
NMB,1/27/2014,401.0,400.0,390.0,393.0,-2.0,8510.0,272.0,230.0
NMB,1/28/2014,393.0,410.0,393.0,403.0,2.54,10034.0,272.0,230.0
NMB,1/29/2014,403.0,405.0,400.0,405.0,0.5,2909.0,272.0,230.0
NMB,2/2/2014,405.0,405.0,393.0,396.0,-2.22,5756.0,272.0,230.0
NMB,2/3/2014,396.0,395.0,383.0,383.0,-3.28,2270.0,272.0,230.0
NMB,2/4/2014,383.0,402.0,380.0,396.0,3.39,8903.0,272.0,230.0
NMB,2/6/2014,399.0,404.0,395.0,400.0,1.01,5959.0,272.0,230.0
NMB,2/9/2014,400.0,400.0,392.0,395.0,-1.25,5217.0,272.0,230.0
NMB,2/10/2014,395.0,420.0,402.0,408.0,3.29,23803.0,272.0,230.0
NMB,2/11/2014,408.0,408.0,400.0,400.0,-1.96,9858.0,272.0,230.0
NMB,2/12/2014,400.0,405.0,396.0,401.0,0.25,14712.0,272.0,230.0
NMB,2/13/2014,401.0,406.0,400.0,405.0,1.0,4200.0,272.0,230.0
NMB,2/16/2014,405.0,405.0,391.0,399.0,-1.48,2866.0,272.0,230.0
NMB,2/17/2014,399.0,400.0,387.0,400.0,0.25,1853.0,272.0,230.0
NMB,2/18/2014,400.0,401.0,396.0,398.0,-0.5,5013.0,272.0,230.0
NMB,2/20/2014,398.0,405.0,400.0,404.0,1.51,4351.0,272.0,230.0
NMB,2/23/2014,404.0,418.0,400.0,414.0,2.48,99421.0,272.0,230.0
NMB,2/24/2014,414.0,426.0,406.0,420.0,1.45,47094.0,272.0,230.0
NMB,2/25/2014,420.0,427.0,415.0,426.0,1.43,20573.0,272.0,230.0
NMB,2/26/2014,426.0,435.0,414.0,422.0,-0.94,14612.0,272.0,230.0
NMB,3/3/2014,422.0,421.0,405.0,405.0,-4.03,9653.0,272.0,230.0
NMB,3/4/2014,405.0,400.0,391.0,400.0,-1.23,9326.0,272.0,230.0
NMB,3/5/2014,400.0,415.0,395.0,410.0,2.5,6133.0,272.0,230.0
NMB,3/6/2014,410.0,412.0,400.0,400.0,-2.44,5739.0,272.0,230.0
NMB,3/9/2014,400.0,400.0,390.0,390.0,-2.5,7805.0,272.0,230.0
NMB,3/10/2014,390.0,393.0,385.0,387.0,-0.77,97794.0,272.0,230.0
NMB,3/11/2014,387.0,394.0,383.0,388.0,0.26,6946.0,272.0,230.0
NMB,3/12/2014,388.0,395.0,373.0,379.0,-2.32,6362.0,272.0,230.0
NMB,3/13/2014,379.0,393.0,380.0,390.0,2.9,3487.0,272.0,230.0
NMB,3/17/2014,390.0,390.0,370.0,370.0,-5.13,1819.0,272.0,230.0
NMB,3/18/2014,370.0,370.0,353.0,364.0,-1.62,4409.0,272.0,230.0
NMB,3/19/2014,364.0,383.0,370.0,371.0,1.92,7089.0,272.0,230.0
NMB,3/20/2014,371.0,379.0,365.0,379.0,2.16,5339.0,272.0,230.0
NMB,3/23/2014,379.0,380.0,374.0,376.0,-0.79,3129.0,272.0,230.0
NMB,3/24/2014,376.0,380.0,375.0,379.0,0.8,7968.0,272.0,230.0
NMB,3/25/2014,379.0,376.0,370.0,376.0,-0.79,3332.0,272.0,230.0
NMB,3/26/2014,376.0,378.0,372.0,378.0,0.53,1499.0,272.0,230.0
NMB,3/27/2014,378.0,382.0,375.0,380.0,0.53,4881.0,272.0,230.0
NMB,3/31/2014,380.0,385.0,377.0,385.0,1.32,4878.0,272.0,230.0
NMB,4/1/2014,385.0,396.0,389.0,395.0,2.6,5403.0,272.0,230.0
NMB,4/2/2014,395.0,399.0,381.0,381.0,-3.54,2980.0,272.0,230.0
NMB,4/3/2014,381.0,399.0,382.0,386.0,1.31,5062.0,272.0,230.0
NMB,4/6/2014,386.0,385.0,371.0,371.0,-3.89,3178.0,272.0,230.0
NMB,4/7/2014,371.0,377.0,370.0,377.0,1.62,1461.0,272.0,230.0
NMB,4/9/2014,377.0,385.0,377.0,385.0,2.12,2247.0,272.0,230.0
NMB,4/10/2014,385.0,392.0,386.0,388.0,0.78,2769.0,272.0,230.0
NMB,4/13/2014,388.0,400.0,388.0,397.0,2.32,9058.0,272.0,230.0
NMB,4/15/2014,397.0,401.0,395.0,395.0,-0.5,4083.0,272.0,230.0
NMB,4/16/2014,395.0,395.0,387.0,390.0,-1.27,3280.0,272.0,230.0
NMB,4/17/2014,390.0,387.0,383.0,385.0,-1.28,1189.0,272.0,230.0
NMB,4/20/2014,385.0,385.0,376.0,385.0,0.0,2930.0,272.0,230.0
NMB,4/21/2014,385.0,385.0,378.0,382.0,-0.78,2309.0,272.0,230.0
NMB,4/22/2014,382.0,389.0,376.0,387.0,1.31,4739.0,272.0,230.0
NMB,4/23/2014,387.0,396.0,386.0,390.0,0.78,5727.0,272.0,230.0
NMB,4/27/2014,390.0,397.0,390.0,394.0,1.03,8331.0,272.0,230.0
NMB,4/28/2014,394.0,398.0,383.0,383.0,-2.79,4110.0,272.0,230.0
NMB,4/29/2014,383.0,387.0,380.0,384.0,0.26,3377.0,272.0,230.0
NMB,4/30/2014,384.0,385.0,377.0,381.0,-0.78,6985.0,272.0,230.0
NMB,5/4/2014,381.0,394.0,380.0,384.0,0.79,8910.0,272.0,230.0
NMB,5/5/2014,384.0,416.0,385.0,416.0,8.33,8410.0,272.0,230.0
NMB,5/6/2014,416.0,435.0,408.0,427.0,2.64,29813.0,272.0,230.0
NMB,5/7/2014,427.0,435.0,425.0,426.0,-0.23,31221.0,272.0,230.0
NMB,5/8/2014,426.0,427.0,414.0,420.0,-1.41,5603.0,272.0,230.0
NMB,5/11/2014,420.0,420.0,400.0,407.0,-3.1,7899.0,272.0,230.0
NMB,5/12/2014,407.0,415.0,399.0,410.0,0.74,17220.0,272.0,230.0
NMB,5/13/2014,410.0,416.0,408.0,413.0,0.73,7105.0,272.0,230.0
NMB,5/15/2014,413.0,417.0,406.0,412.0,-0.24,8050.0,272.0,230.0
NMB,5/18/2014,412.0,414.0,408.0,413.0,0.24,6940.0,272.0,230.0
NMB,5/19/2014,413.0,417.0,411.0,415.0,0.48,21264.0,272.0,230.0
NMB,5/20/2014,415.0,420.0,412.0,418.0,0.72,15969.0,272.0,230.0
NMB,5/21/2014,418.0,426.0,415.0,422.0,0.96,16411.0,272.0,230.0
NMB,5/22/2014,422.0,430.0,424.0,430.0,1.9,5600.0,272.0,230.0
NMB,5/25/2014,430.0,437.0,425.0,430.0,0.0,17997.0,272.0,230.0
NMB,5/26/2014,430.0,429.0,422.0,425.0,-1.16,7207.0,272.0,230.0
NMB,5/27/2014,425.0,425.0,420.0,425.0,0.0,7844.0,272.0,230.0
NMB,5/28/2014,425.0,430.0,422.0,426.0,0.24,20770.0,272.0,230.0
NMB,6/1/2014,426.0,436.0,424.0,434.0,1.88,12090.0,272.0,230.0
NMB,6/2/2014,434.0,448.0,435.0,448.0,3.23,20582.0,272.0,230.0
NMB,6/3/2014,448.0,460.0,445.0,446.0,-0.45,14944.0,272.0,230.0
NMB,6/4/2014,446.0,452.0,445.0,448.0,0.45,8647.0,272.0,230.0
NMB,6/5/2014,448.0,445.0,439.0,443.0,-1.12,13789.0,272.0,230.0
NMB,6/8/2014,443.0,453.0,445.0,445.0,0.45,9505.0,272.0,230.0
NMB,6/9/2014,445.0,454.0,445.0,451.0,1.35,16815.0,272.0,230.0
NMB,6/10/2014,451.0,480.0,456.0,460.0,2.0,23576.0,272.0,230.0
NMB,6/11/2014,460.0,490.0,463.0,470.0,2.17,27520.0,272.0,230.0
NMB,6/12/2014,470.0,480.0,470.0,474.0,0.85,17451.0,272.0,230.0
NMB,6/15/2014,474.0,510.0,479.0,495.0,4.43,20062.0,272.0,230.0
NMB,6/16/2014,495.0,504.0,491.0,498.0,0.61,18878.0,272.0,230.0
NMB,6/17/2014,498.0,505.0,485.0,496.0,-0.4,19310.0,272.0,230.0
NMB,6/18/2014,496.0,504.0,491.0,491.0,-1.01,10192.0,272.0,230.0
NMB,6/19/2014,491.0,497.0,482.0,486.0,-1.02,6653.0,272.0,230.0
NMB,6/23/2014,486.0,490.0,478.0,480.0,-1.23,4611.0,272.0,230.0
NMB,6/24/2014,480.0,489.0,476.0,485.0,1.04,11804.0,272.0,230.0
NMB,6/25/2014,485.0,492.0,480.0,483.0,-0.41,12097.0,272.0,230.0
NMB,6/26/2014,483.0,489.0,475.0,482.0,-0.21,13393.0,272.0,230.0
NMB,6/29/2014,482.0,503.0,478.0,500.0,3.73,12118.0,272.0,230.0
NMB,6/30/2014,500.0,495.0,490.0,494.0,-1.2,4331.0,272.0,230.0
NMB,7/1/2014,494.0,500.0,490.0,495.0,0.2,7540.0,272.0,230.0
NMB,7/2/2014,495.0,493.0,478.0,478.0,-3.43,11572.0,272.0,230.0
NMB,7/3/2014,478.0,498.0,475.0,491.0,2.72,14430.0,272.0,230.0
NMB,7/6/2014,491.0,493.0,489.0,491.0,0.0,5279.0,272.0,230.0
NMB,7/7/2014,491.0,505.0,494.0,500.0,1.83,14913.0,272.0,230.0
NMB,7/8/2014,500.0,524.0,500.0,522.0,4.4,18557.0,272.0,230.0
NMB,7/9/2014,522.0,518.0,508.0,517.0,-0.96,12053.0,272.0,230.0
NMB,7/10/2014,517.0,540.0,500.0,530.0,2.51,8641.0,272.0,230.0
NMB,7/13/2014,530.0,560.0,520.0,550.0,3.77,9388.0,272.0,230.0
NMB,7/14/2014,550.0,540.0,510.0,526.0,-4.36,11825.0,272.0,230.0
NMB,7/15/2014,526.0,526.0,516.0,517.0,-1.71,3848.0,272.0,230.0
NMB,7/16/2014,517.0,527.0,512.0,515.0,-0.39,11446.0,272.0,230.0
NMB,7/17/2014,515.0,530.0,505.0,525.0,1.94,16536.0,272.0,230.0
NMB,7/20/2014,525.0,545.0,525.0,534.0,1.71,18470.0,272.0,230.0
NMB,7/21/2014,534.0,547.0,535.0,542.0,1.5,20865.0,272.0,230.0
NMB,7/22/2014,542.0,540.0,515.0,520.0,-4.06,9621.0,272.0,230.0
NMB,7/23/2014,520.0,540.0,527.0,528.0,1.54,18221.0,272.0,230.0
NMB,7/24/2014,528.0,548.0,529.0,537.0,1.7,13364.0,272.0,230.0
NMB,7/27/2014,537.0,555.0,540.0,545.0,1.49,14216.0,272.0,230.0
NMB,7/28/2014,545.0,554.0,535.0,540.0,-0.92,3428.0,272.0,230.0
NMB,7/30/2014,540.0,540.0,520.0,520.0,-3.7,7023.0,272.0,230.0
NMB,7/31/2014,520.0,536.0,510.0,524.0,0.77,12933.0,272.0,230.0
NMB,8/3/2014,524.0,534.0,515.0,519.0,-0.95,7373.0,272.0,230.0
NMB,8/4/2014,519.0,520.0,505.0,505.0,-2.7,8492.0,272.0,230.0
NMB,8/5/2014,505.0,538.0,515.0,531.0,5.15,13020.0,272.0,230.0
NMB,8/6/2014,531.0,539.0,516.0,521.0,-1.88,6437.0,272.0,230.0
NMB,8/7/2014,521.0,522.0,500.0,517.0,-0.77,13084.0,272.0,230.0
NMB,8/12/2014,517.0,512.0,505.0,510.0,-1.35,4982.0,272.0,230.0
NMB,8/13/2014,510.0,527.0,500.0,518.0,1.57,16912.0,272.0,230.0
NMB,8/14/2014,518.0,524.0,514.0,518.0,0.0,9429.0,272.0,230.0
NMB,8/18/2014,518.0,518.0,505.0,505.0,-2.51,3523.0,272.0,230.0
NMB,8/19/2014,505.0,520.0,502.0,505.0,0.0,8247.0,272.0,230.0
NMB,8/20/2014,505.0,505.0,490.0,494.0,-2.18,9735.0,272.0,230.0
NMB,8/21/2014,494.0,505.0,476.0,501.0,1.42,11669.0,272.0,230.0
NMB,8/24/2014,501.0,503.0,480.0,489.0,-2.4,6789.0,272.0,230.0
NMB,8/25/2014,489.0,480.0,463.0,470.0,-3.89,2228.0,272.0,230.0
NMB,8/26/2014,470.0,499.0,452.0,455.0,-3.19,6166.0,272.0,230.0
NMB,8/27/2014,455.0,499.0,464.0,486.0,6.81,15575.0,272.0,230.0
NMB,8/28/2014,486.0,500.0,481.0,484.0,-0.41,11393.0,272.0,230.0
NMB,8/31/2014,484.0,484.0,468.0,477.0,-1.45,4671.0,272.0,230.0
NMB,9/1/2014,477.0,475.0,461.0,475.0,-0.42,4378.0,272.0,230.0
NMB,9/3/2014,475.0,472.0,466.0,469.0,-1.26,2113.0,272.0,230.0
NMB,9/4/2014,469.0,469.0,458.0,465.0,-0.85,7189.0,272.0,230.0
NMB,9/7/2014,465.0,463.0,436.0,444.0,-4.52,5711.0,272.0,230.0
NMB,9/9/2014,444.0,488.0,452.0,488.0,9.91,8043.0,272.0,230.0
NMB,9/10/2014,488.0,505.0,460.0,468.0,-4.1,9582.0,272.0,230.0
NMB,9/11/2014,468.0,483.0,441.0,466.0,-0.43,6897.0,272.0,230.0
NMB,9/14/2014,466.0,467.0,453.0,453.0,-2.79,4792.0,272.0,230.0
NMB,9/15/2014,453.0,489.0,459.0,489.0,7.95,5918.0,272.0,230.0
NMB,9/16/2014,489.0,499.0,460.0,490.0,0.2,14629.0,272.0,230.0
NMB,9/17/2014,490.0,510.0,475.0,490.0,0.0,7319.0,272.0,230.0
NMB,9/18/2014,490.0,487.0,450.0,468.0,-4.49,7626.0,272.0,230.0
NMB,9/21/2014,468.0,465.0,445.0,455.0,-2.78,3586.0,272.0,230.0
NMB,9/22/2014,455.0,462.0,450.0,462.0,1.54,3337.0,272.0,230.0
NMB,9/23/2014,462.0,491.0,463.0,475.0,2.81,15280.0,272.0,230.0
NMB,9/24/2014,475.0,502.0,482.0,500.0,5.26,45026.0,272.0,230.0
NMB,9/28/2014,500.0,515.0,500.0,503.0,0.6,13131.0,272.0,230.0
NMB,9/29/2014,503.0,507.0,495.0,507.0,0.8,16580.0,272.0,230.0
NMB,11/18/2015,476.0,488.0,479.0,479.0,-5.52,21302.0,272.0,230.0
NMB,11/19/2015,479.0,476.0,470.0,473.0,-1.25,9782.0,272.0,230.0
NMB,11/22/2015,473.0,466.0,455.0,455.0,-3.81,3936.0,272.0,230.0
NMB,11/23/2015,455.0,460.0,441.0,460.0,1.1,4257.0,272.0,230.0
NMB,11/24/2015,460.0,453.0,440.0,444.0,-3.48,28692.0,272.0,230.0
NMB,11/25/2015,444.0,440.0,437.0,437.0,-1.58,2902.0,272.0,230.0
NMB,11/26/2015,437.0,430.0,415.0,425.0,-2.75,3370.0,272.0,230.0
NMB,11/29/2015,425.0,417.0,404.0,415.0,-2.35,8963.0,272.0,230.0
NMB,11/30/2015,415.0,422.0,389.0,396.0,-4.58,16884.0,272.0,230.0
NMB,12/1/2015,396.0,408.0,400.0,405.0,2.27,5401.0,272.0,230.0
NMB,12/2/2015,405.0,412.0,393.0,405.0,0.0,12111.0,272.0,230.0
NMB,12/3/2015,405.0,420.0,402.0,408.0,0.74,44604.0,272.0,230.0
NMB,12/6/2015,408.0,432.0,415.0,416.0,1.96,8447.0,272.0,230.0
NMB,12/7/2015,416.0,422.0,413.0,417.0,0.24,5957.0,272.0,230.0
NMB,12/8/2015,417.0,415.0,408.0,415.0,-0.48,2264.0,272.0,230.0
NMB,12/9/2015,415.0,428.0,417.0,428.0,3.13,16533.0,272.0,230.0
NMB,12/10/2015,428.0,422.0,416.0,420.0,-1.87,3303.0,272.0,230.0
NMB,12/13/2015,420.0,424.0,417.0,417.0,-0.71,6805.0,272.0,230.0
NMB,12/14/2015,417.0,425.0,413.0,413.0,-0.96,1803.0,272.0,230.0
NMB,12/15/2015,413.0,415.0,410.0,410.0,-0.73,4184.0,272.0,230.0
NMB,12/16/2015,410.0,414.0,408.0,414.0,0.98,3628.0,272.0,230.0
NMB,12/17/2015,414.0,410.0,409.0,410.0,-0.97,1090.0,272.0,230.0
NMB,12/20/2015,410.0,410.0,405.0,410.0,0.0,251.0,272.0,230.0
NMB,12/21/2015,410.0,420.0,411.0,420.0,2.44,3745.0,272.0,230.0
NMB,12/22/2015,420.0,421.0,415.0,420.0,0.0,7202.0,272.0,230.0
NMB,12/23/2015,420.0,419.0,415.0,415.0,-1.19,2521.0,272.0,230.0
NMB,12/24/2015,415.0,417.0,410.0,412.0,-0.72,1867.0,272.0,230.0
NMB,12/27/2015,412.0,416.0,412.0,416.0,0.97,750.0,272.0,230.0
NMB,12/28/2015,416.0,421.0,414.0,417.0,0.24,14456.0,272.0,230.0
NMB,12/29/2015,417.0,420.0,415.0,419.0,0.48,9050.0,272.0,230.0
NMB,12/31/2015,419.0,435.0,421.0,428.0,2.15,6454.0,272.0,230.0
NMB,1/3/2016,428.0,425.0,416.0,416.0,-2.8,8946.0,272.0,230.0
NMB,1/4/2016,416.0,424.0,416.0,421.0,1.2,2559.0,272.0,230.0
NMB,1/5/2016,421.0,425.0,417.0,421.0,0.0,16049.0,272.0,230.0
NMB,1/6/2016,421.0,424.0,420.0,421.0,0.0,3648.0,272.0,230.0
NMB,1/7/2016,421.0,439.0,421.0,435.0,3.33,6039.0,272.0,230.0
NMB,1/10/2016,435.0,440.0,431.0,438.0,0.69,7792.0,272.0,230.0
NMB,1/11/2016,438.0,439.0,432.0,432.0,-1.37,10454.0,272.0,230.0
NMB,1/12/2016,432.0,439.0,428.0,439.0,1.62,16525.0,272.0,230.0
NMB,1/13/2016,439.0,452.0,436.0,445.0,1.37,12678.0,272.0,230.0
NMB,1/14/2016,445.0,466.0,449.0,460.0,3.37,24660.0,272.0,230.0
NMB,1/17/2016,460.0,478.0,465.0,465.0,1.09,13070.0,272.0,230.0
NMB,1/18/2016,465.0,490.0,458.0,468.0,0.65,9627.0,272.0,230.0
NMB,1/19/2016,468.0,476.0,452.0,471.0,0.64,28309.0,272.0,230.0
NMB,1/20/2016,471.0,475.0,467.0,471.0,0.0,8650.0,272.0,230.0
NMB,1/21/2016,471.0,475.0,470.0,472.0,0.21,14019.0,272.0,230.0
NMB,1/24/2016,472.0,490.0,467.0,485.0,2.75,40765.0,272.0,230.0
NMB,1/25/2016,485.0,503.0,490.0,499.0,2.89,59476.0,272.0,230.0
NMB,1/26/2016,462.0,475.0,466.0,466.0,-6.61,11103.0,272.0,230.0
NMB,1/27/2016,466.0,470.0,455.0,460.0,-1.29,14989.0,272.0,230.0
NMB,1/28/2016,460.0,463.0,450.0,451.0,-1.96,12607.0,272.0,230.0
NMB,1/31/2016,451.0,454.0,449.0,454.0,0.67,18267.0,272.0,230.0
NMB,2/1/2016,454.0,477.0,463.0,477.0,5.07,22370.0,272.0,230.0
NMB,2/2/2016,477.0,491.0,475.0,485.0,1.68,21542.0,272.0,230.0
NMB,2/3/2016,485.0,488.0,477.0,487.0,0.41,7675.0,272.0,230.0
NMB,2/4/2016,487.0,490.0,479.0,482.0,-1.03,21254.0,272.0,230.0
NMB,2/7/2016,482.0,500.0,480.0,480.0,-0.41,22897.0,272.0,230.0
NMB,2/8/2016,480.0,494.0,480.0,485.0,1.04,15360.0,272.0,230.0
NMB,2/11/2016,485.0,505.0,485.0,504.0,3.92,56076.0,272.0,230.0
NMB,2/14/2016,504.0,516.0,498.0,511.0,1.39,48114.0,272.0,230.0
NMB,2/15/2016,511.0,514.0,500.0,510.0,-0.2,40191.0,272.0,230.0
NMB,2/16/2016,510.0,527.0,512.0,520.0,1.96,46071.0,272.0,230.0
NMB,2/17/2016,520.0,550.0,518.0,537.0,3.27,71382.0,272.0,230.0
NMB,2/18/2016,537.0,555.0,537.0,541.0,0.74,34207.0,272.0,230.0
NMB,2/21/2016,541.0,547.0,532.0,537.0,-0.74,34695.0,272.0,230.0
NMB,2/22/2016,537.0,547.0,531.0,547.0,1.86,54898.0,272.0,230.0
NMB,2/23/2016,547.0,551.0,538.0,543.0,-0.73,41233.0,272.0,230.0
NMB,2/24/2016,543.0,549.0,536.0,539.0,-0.74,42215.0,272.0,230.0
NMB,2/25/2016,539.0,542.0,530.0,538.0,-0.19,55984.0,272.0,230.0
NMB,2/28/2016,538.0,543.0,528.0,534.0,-0.74,28693.0,272.0,230.0
NMB,2/29/2016,534.0,537.0,530.0,537.0,0.56,16809.0,272.0,230.0
NMB,3/1/2016,537.0,539.0,534.0,539.0,0.37,15831.0,272.0,230.0
NMB,3/2/2016,539.0,548.0,529.0,535.0,-0.74,25417.0,272.0,230.0
NMB,3/3/2016,535.0,545.0,535.0,537.0,0.37,15854.0,272.0,230.0
NMB,3/6/2016,537.0,541.0,533.0,534.0,-0.56,19864.0,272.0,230.0
NMB,3/10/2016,534.0,540.0,531.0,532.0,-0.37,28465.0,272.0,230.0
NMB,3/13/2016,532.0,543.0,530.0,540.0,1.5,24873.0,272.0,230.0
NMB,3/14/2016,540.0,545.0,537.0,540.0,0.0,18217.0,272.0,230.0
NMB,3/15/2016,540.0,543.0,535.0,542.0,0.37,29401.0,272.0,230.0
NMB,3/16/2016,542.0,545.0,536.0,542.0,0.0,22337.0,272.0,230.0
NMB,3/17/2016,542.0,554.0,532.0,548.0,1.11,28729.0,272.0,230.0
NMB,3/20/2016,548.0,565.0,553.0,561.0,2.37,52346.0,272.0,230.0
NMB,3/21/2016,561.0,599.0,570.0,576.0,2.67,72490.0,272.0,230.0
NMB,3/23/2016,576.0,599.0,579.0,587.0,1.91,59664.0,272.0,230.0
NMB,3/24/2016,587.0,603.0,590.0,596.0,1.53,74822.0,272.0,230.0
NMB,3/27/2016,596.0,610.0,591.0,607.0,1.85,60865.0,272.0,230.0
NMB,3/28/2016,607.0,609.0,597.0,601.0,-0.99,44659.0,272.0,230.0
NMB,3/29/2016,601.0,607.0,590.0,604.0,0.5,46013.0,272.0,230.0
NMB,3/30/2016,604.0,605.0,595.0,596.0,-1.32,32854.0,272.0,230.0
NMB,3/31/2016,596.0,595.0,586.0,590.0,-1.01,33572.0,272.0,230.0
NMB,4/3/2016,590.0,600.0,572.0,585.0,-0.85,29949.0,272.0,230.0
NMB,4/4/2016,585.0,590.0,582.0,589.0,0.68,16707.0,272.0,230.0
NMB,4/5/2016,589.0,598.0,588.0,598.0,1.53,8614.0,272.0,230.0
NMB,4/6/2016,598.0,600.0,593.0,598.0,0.0,14651.0,272.0,230.0
NMB,4/10/2016,598.0,602.0,595.0,598.0,0.0,38460.0,272.0,230.0
NMB,4/11/2016,598.0,605.0,600.0,605.0,1.17,37663.0,272.0,230.0
NMB,4/12/2016,605.0,609.0,600.0,609.0,0.66,28522.0,272.0,230.0
NMB,4/14/2016,609.0,614.0,600.0,614.0,0.82,20590.0,272.0,230.0
NMB,4/17/2016,614.0,623.0,611.0,622.0,1.3,32426.0,272.0,230.0
NMB,4/18/2016,622.0,638.0,620.0,637.0,2.41,29379.0,272.0,230.0
NMB,4/19/2016,637.0,652.0,633.0,635.0,-0.31,13803.0,272.0,230.0
NMB,4/20/2016,635.0,645.0,635.0,635.0,0.0,27534.0,272.0,230.0
NMB,4/21/2016,635.0,637.0,623.0,632.0,-0.47,15560.0,272.0,230.0
NMB,4/24/2016,632.0,640.0,630.0,636.0,0.63,23174.0,272.0,230.0
NMB,4/25/2016,636.0,642.0,635.0,640.0,0.63,61555.0,272.0,230.0
NMB,4/26/2016,640.0,670.0,640.0,650.0,1.56,71208.0,272.0,230.0
NMB,4/27/2016,650.0,670.0,637.0,664.0,2.15,53125.0,272.0,230.0
NMB,4/28/2016,664.0,663.0,653.0,657.0,-1.05,26453.0,272.0,230.0
NMB,5/2/2016,657.0,665.0,650.0,655.0,-0.3,20876.0,272.0,230.0
NMB,5/3/2016,655.0,667.0,660.0,665.0,1.53,61892.0,272.0,230.0
NMB,5/4/2016,665.0,665.0,648.0,659.0,-0.9,26420.0,272.0,230.0
NMB,5/5/2016,659.0,659.0,640.0,657.0,-0.3,36073.0,272.0,230.0
NMB,5/8/2016,657.0,669.0,657.0,666.0,1.37,25676.0,272.0,230.0
NMB,5/9/2016,666.0,690.0,664.0,687.0,3.15,35896.0,272.0,230.0
NMB,5/10/2016,687.0,696.0,667.0,680.0,-1.02,28403.0,272.0,230.0
NMB,5/11/2016,680.0,685.0,665.0,670.0,-1.47,24820.0,272.0,230.0
NMB,5/12/2016,670.0,673.0,662.0,670.0,0.0,29942.0,272.0,230.0
NMB,5/15/2016,670.0,675.0,652.0,665.0,-0.75,35057.0,272.0,230.0
NMB,5/16/2016,665.0,667.0,660.0,662.0,-0.45,22127.0,272.0,230.0
NMB,5/17/2016,662.0,670.0,660.0,667.0,0.76,29614.0,272.0,230.0
NMB,5/18/2016,667.0,683.0,670.0,675.0,1.2,67235.0,272.0,230.0
NMB,5/19/2016,675.0,690.0,680.0,685.0,1.48,38380.0,272.0,230.0
NMB,5/22/2016,685.0,694.0,675.0,685.0,0.0,20791.0,272.0,230.0
NMB,5/23/2016,685.0,710.0,680.0,697.0,1.75,44347.0,272.0,230.0
NMB,5/24/2016,697.0,719.0,700.0,719.0,3.16,69458.0,272.0,230.0
NMB,5/25/2016,719.0,718.0,680.0,697.0,-3.06,83949.0,272.0,230.0
NMB,5/26/2016,697.0,701.0,671.0,685.0,-1.72,60687.0,272.0,230.0
NMB,5/29/2016,685.0,695.0,652.0,673.0,-1.75,39873.0,272.0,230.0
NMB,5/30/2016,673.0,681.0,661.0,665.0,-1.19,26227.0,272.0,230.0
NMB,5/31/2016,665.0,680.0,652.0,665.0,0.0,28353.0,272.0,230.0
NMB,6/1/2016,665.0,670.0,651.0,665.0,0.0,25590.0,272.0,230.0
NMB,6/2/2016,665.0,670.0,645.0,660.0,-0.75,20452.0,272.0,230.0
NMB,6/5/2016,660.0,659.0,632.0,635.0,-3.79,33947.0,272.0,230.0
NMB,6/6/2016,635.0,672.0,640.0,652.0,2.68,33184.0,272.0,230.0
NMB,6/7/2016,652.0,677.0,655.0,675.0,3.53,34887.0,272.0,230.0
NMB,6/8/2016,675.0,690.0,677.0,690.0,2.22,32414.0,272.0,230.0
NMB,6/9/2016,690.0,690.0,670.0,685.0,-0.72,30965.0,272.0,230.0
NMB,6/12/2016,685.0,708.0,686.0,702.0,2.48,54711.0,272.0,230.0
NMB,6/13/2016,702.0,738.0,700.0,725.0,3.28,70252.0,272.0,230.0
NMB,6/14/2016,725.0,735.0,719.0,719.0,-0.83,52700.0,272.0,230.0
NMB,6/15/2016,719.0,731.0,712.0,725.0,0.83,33720.0,272.0,230.0
NMB,6/16/2016,725.0,735.0,715.0,715.0,-1.38,31855.0,272.0,230.0
NMB,6/19/2016,715.0,734.0,700.0,708.0,-0.98,33023.0,272.0,230.0
NMB,6/20/2016,708.0,717.0,705.0,711.0,0.42,27121.0,272.0,230.0
NMB,6/21/2016,711.0,729.0,709.0,729.0,2.53,33780.0,272.0,230.0
NMB,6/22/2016,729.0,757.0,728.0,740.0,1.51,73412.0,272.0,230.0
NMB,6/23/2016,740.0,753.0,735.0,739.0,-0.14,54489.0,272.0,230.0
NMB,6/26/2016,739.0,770.0,745.0,770.0,4.19,65408.0,272.0,230.0
NMB,6/27/2016,770.0,814.0,776.0,796.0,3.38,73738.0,272.0,230.0
NMB,6/28/2016,796.0,821.0,795.0,820.0,3.02,110316.0,272.0,230.0
NMB,6/29/2016,820.0,833.0,810.0,816.0,-0.49,50009.0,272.0,230.0
NMB,6/30/2016,816.0,811.0,797.0,806.0,-1.23,26632.0,272.0,230.0
NMB,7/3/2016,806.0,810.0,784.0,800.0,-0.74,26050.0,272.0,230.0
NMB,7/4/2016,800.0,800.0,789.0,790.0,-1.25,21718.0,272.0,230.0
NMB,7/5/2016,790.0,795.0,776.0,792.0,0.25,28581.0,272.0,230.0
NMB,7/6/2016,792.0,807.0,795.0,801.0,1.14,33550.0,272.0,230.0
NMB,7/10/2016,801.0,810.0,797.0,797.0,-0.5,26070.0,272.0,230.0
NMB,7/11/2016,797.0,798.0,790.0,795.0,-0.25,11683.0,272.0,230.0
NMB,7/12/2016,795.0,795.0,755.0,780.0,-1.89,35722.0,272.0,230.0
NMB,7/13/2016,780.0,780.0,755.0,779.0,-0.13,17631.0,272.0,230.0
NMB,7/14/2016,779.0,794.0,776.0,788.0,1.16,49393.0,272.0,230.0
NMB,7/17/2016,788.0,815.0,775.0,808.0,2.54,43879.0,272.0,230.0
NMB,7/18/2016,808.0,845.0,813.0,821.0,1.61,27427.0,272.0,230.0
NMB,7/19/2016,821.0,851.0,812.0,838.0,2.07,29176.0,272.0,230.0
NMB,7/20/2016,838.0,850.0,815.0,822.0,-1.91,37917.0,272.0,230.0
NMB,7/21/2016,822.0,823.0,810.0,810.0,-1.46,19256.0,272.0,230.0
NMB,7/25/2016,810.0,860.0,810.0,855.0,5.56,76807.0,272.0,230.0
NMB,7/26/2016,855.0,900.0,850.0,890.0,4.09,82065.0,272.0,230.0
NMB,7/27/2016,890.0,912.0,880.0,886.0,-0.45,51996.0,272.0,230.0
NMB,7/28/2016,886.0,902.0,870.0,890.0,0.45,90622.0,272.0,230.0
NMB,7/31/2016,890.0,907.0,873.0,879.0,-1.24,53303.0,272.0,230.0
NMB,8/1/2016,879.0,888.0,860.0,866.0,-1.48,32348.0,272.0,230.0
NMB,8/2/2016,866.0,870.0,851.0,859.0,-0.81,37834.0,272.0,230.0
NMB,8/3/2016,859.0,869.0,835.0,854.0,-0.58,46959.0,272.0,230.0
NMB,8/4/2016,854.0,854.0,822.0,826.0,-3.28,57187.0,272.0,230.0
NMB,8/7/2016,826.0,860.0,820.0,823.0,-0.36,81581.0,272.0,230.0
NMB,8/8/2016,823.0,820.0,752.0,752.0,-8.63,47205.0,272.0,230.0
NMB,8/9/2016,752.0,827.0,767.0,827.0,9.97,10651.0,272.0,230.0
NMB,8/10/2016,827.0,893.0,820.0,853.0,3.14,71202.0,272.0,230.0
NMB,8/11/2016,853.0,870.0,851.0,855.0,0.23,44946.0,272.0,230.0
NMB,8/14/2016,855.0,855.0,826.0,830.0,-2.92,41864.0,272.0,230.0
NMB,8/15/2016,830.0,836.0,787.0,814.0,-1.93,39982.0,272.0,230.0
NMB,8/16/2016,814.0,841.0,794.0,830.0,1.97,38558.0,272.0,230.0
NMB,8/17/2016,830.0,834.0,821.0,825.0,-0.6,28741.0,272.0,230.0
NMB,8/21/2016,825.0,830.0,803.0,815.0,-1.21,17065.0,272.0,230.0
NMB,8/22/2016,815.0,805.0,783.0,790.0,-3.07,33657.0,272.0,230.0
NMB,8/23/2016,790.0,805.0,775.0,790.0,0.0,24827.0,272.0,230.0
NMB,8/24/2016,790.0,810.0,790.0,810.0,2.53,14909.0,272.0,230.0
NMB,8/28/2016,810.0,840.0,790.0,835.0,3.09,41915.0,272.0,230.0
NMB,8/29/2016,835.0,903.0,835.0,900.0,7.78,93824.0,272.0,230.0
NMB,8/30/2016,900.0,918.0,873.0,893.0,-0.78,64649.0,272.0,230.0
NMB,8/31/2016,893.0,899.0,882.0,892.0,-0.11,73032.0,272.0,230.0
NMB,9/1/2016,892.0,907.0,885.0,889.0,-0.34,61054.0,272.0,230.0
NMB,9/3/2016,889.0,922.0,900.0,919.0,3.37,84273.0,272.0,230.0
NMB,9/4/2016,889.0,922.0,900.0,919.0,0.0,84273.0,272.0,230.0
NMB,9/5/2016,919.0,940.0,920.0,927.0,0.87,82839.0,272.0,230.0
NMB,9/6/2016,927.0,936.0,900.0,917.0,-1.08,75501.0,272.0,230.0
NMB,9/7/2016,917.0,920.0,882.0,900.0,-1.85,45047.0,272.0,230.0
NMB,9/8/2016,900.0,910.0,891.0,891.0,-1.0,25664.0,272.0,230.0
NMB,9/11/2016,891.0,909.0,881.0,891.0,0.0,20836.0,272.0,230.0
NMB,9/12/2016,891.0,885.0,878.0,883.0,-0.9,22653.0,272.0,230.0
NMB,9/14/2016,883.0,890.0,870.0,875.0,-0.91,41950.0,272.0,230.0
NMB,9/18/2016,875.0,888.0,860.0,866.0,-1.03,44523.0,272.0,230.0
NMB,9/20/2016,866.0,895.0,855.0,866.0,0.0,48920.0,272.0,230.0
NMB,9/21/2016,866.0,863.0,839.0,855.0,-1.27,29639.0,272.0,230.0
NMB,9/22/2016,855.0,870.0,838.0,842.0,-1.52,27002.0,272.0,230.0
NMB,9/25/2016,842.0,850.0,807.0,810.0,-3.8,26134.0,272.0,230.0
NMB,9/26/2016,810.0,825.0,808.0,817.0,0.86,25579.0,272.0,230.0
NMB,9/27/2016,817.0,840.0,820.0,825.0,0.98,18441.0,272.0,230.0
NMB,9/28/2016,825.0,827.0,801.0,802.0,-2.79,18873.0,272.0,230.0
NMB,9/29/2016,802.0,830.0,795.0,820.0,2.24,35999.0,272.0,230.0
NMB,10/2/2016,820.0,830.0,800.0,810.0,-1.22,21143.0,272.0,230.0
NMB,10/3/2016,810.0,822.0,813.0,817.0,0.86,18176.0,272.0,230.0
NMB,10/4/2016,817.0,823.0,811.0,820.0,0.37,22434.0,272.0,230.0
NMB,10/5/2016,820.0,825.0,813.0,815.0,-0.61,15902.0,272.0,230.0
NMB,10/6/2016,815.0,825.0,812.0,815.0,0.0,16350.0,272.0,230.0
NMB,10/16/2016,815.0,824.0,807.0,813.0,-0.25,4316.0,272.0,230.0
NMB,10/17/2016,813.0,814.0,800.0,814.0,0.12,13733.0,272.0,230.0
NMB,10/18/2016,814.0,810.0,803.0,804.0,-1.23,9737.0,272.0,230.0
NMB,10/19/2016,804.0,806.0,800.0,804.0,0.0,18981.0,272.0,230.0
NMB,10/20/2016,804.0,810.0,793.0,800.0,-0.5,24274.0,272.0,230.0
NMB,10/23/2016,800.0,807.0,793.0,793.0,-0.88,14378.0,272.0,230.0
NMB,10/24/2016,793.0,785.0,764.0,774.0,-2.4,39888.0,272.0,230.0
NMB,10/25/2016,774.0,761.0,722.0,727.0,-6.07,38957.0,272.0,230.0
NMB,10/26/2016,727.0,735.0,700.0,717.0,-1.38,26810.0,272.0,230.0
NMB,10/27/2016,717.0,724.0,714.0,718.0,0.14,10563.0,272.0,230.0
NMB,11/3/2016,718.0,730.0,704.0,704.0,-1.95,6334.0,272.0,230.0
NMB,11/7/2016,704.0,719.0,704.0,707.0,0.43,16526.0,272.0,230.0
NMB,11/8/2016,707.0,707.0,690.0,698.0,-1.27,16574.0,272.0,230.0
NMB,11/9/2016,698.0,703.0,670.0,683.0,-2.15,19153.0,272.0,230.0
NMB,11/10/2016,683.0,696.0,670.0,679.0,-0.59,28813.0,272.0,230.0
NMB,11/13/2016,679.0,691.0,675.0,687.0,1.18,27774.0,272.0,230.0
NMB,11/14/2016,687.0,711.0,690.0,699.0,1.75,36940.0,272.0,230.0
NMB,11/15/2016,699.0,710.0,699.0,707.0,1.14,29778.0,272.0,230.0
NMB,11/16/2016,707.0,708.0,691.0,700.0,-0.99,27167.0,272.0,230.0
NMB,11/17/2016,700.0,695.0,675.0,684.0,-2.29,25873.0,272.0,230.0
NMB,11/20/2016,684.0,690.0,647.0,669.0,-2.19,25857.0,272.0,230.0
NMB,11/21/2016,669.0,679.0,619.0,675.0,0.9,30478.0,272.0,230.0
NMB,11/22/2016,675.0,668.0,625.0,645.0,-4.44,30745.0,272.0,230.0
NMB,11/23/2016,645.0,645.0,620.0,635.0,-1.55,17338.0,272.0,230.0
NMB,11/24/2016,635.0,672.0,630.0,645.0,1.57,33917.0,272.0,230.0
NMB,11/27/2016,645.0,645.0,613.0,625.0,-3.1,27085.0,272.0,230.0
NMB,11/28/2016,625.0,667.0,580.0,653.0,4.48,27312.0,272.0,230.0
NMB,11/29/2016,653.0,666.0,605.0,665.0,1.84,19614.0,272.0,230.0
NMB,11/30/2016,665.0,714.0,667.0,700.0,5.26,44119.0,272.0,230.0
NMB,12/1/2016,700.0,715.0,680.0,697.0,-0.43,26630.0,272.0,230.0
NMB,12/4/2016,697.0,700.0,675.0,678.0,-2.73,18143.0,272.0,230.0
NMB,12/5/2016,678.0,680.0,652.0,656.0,-3.24,6260.0,272.0,230.0
NMB,12/6/2016,656.0,678.0,649.0,655.0,-0.15,13852.0,272.0,230.0
NMB,12/7/2016,655.0,668.0,660.0,665.0,1.53,4768.0,272.0,230.0
NMB,12/8/2016,665.0,665.0,660.0,660.0,-0.75,5826.0,272.0,230.0
NMB,12/11/2016,660.0,665.0,648.0,648.0,-1.82,8199.0,272.0,230.0
NMB,12/12/2016,648.0,650.0,636.0,640.0,-1.23,23867.0,272.0,230.0
NMB,12/14/2016,640.0,664.0,641.0,657.0,2.66,12540.0,272.0,230.0
NMB,12/15/2016,657.0,673.0,657.0,671.0,2.13,7659.0,272.0,230.0
NMB,12/18/2016,671.0,665.0,651.0,660.0,-1.64,7297.0,272.0,230.0
NMB,12/19/2016,660.0,656.0,649.0,650.0,-1.52,11383.0,272.0,230.0
NMB,12/20/2016,650.0,650.0,638.0,640.0,-1.54,11858.0,272.0,230.0
NMB,12/21/2016,640.0,642.0,613.0,620.0,-3.12,40645.0,272.0,230.0
NMB,12/22/2016,521.0,511.0,500.0,503.0,-18.87,11464.0,272.0,230.0
NMB,12/26/2016,503.0,500.0,485.0,485.0,-3.58,7798.0,272.0,230.0
NMB,12/27/2016,485.0,492.0,474.0,481.0,-0.82,10556.0,272.0,230.0
NMB,12/28/2016,481.0,490.0,475.0,489.0,1.66,6545.0,272.0,230.0
NMB,12/29/2016,489.0,504.0,488.0,499.0,2.04,8932.0,272.0,230.0
NMB,1/1/2017,499.0,516.0,501.0,513.0,2.81,6252.0,272.0,230.0
NMB,1/2/2017,513.0,524.0,505.0,520.0,1.36,3921.0,272.0,230.0
NMB,1/3/2017,520.0,515.0,503.0,503.0,-3.27,4863.0,272.0,230.0
NMB,1/4/2017,503.0,504.0,486.0,500.0,-0.6,10629.0,272.0,230.0
NMB,1/5/2017,500.0,510.0,499.0,500.0,0.0,10683.0,272.0,230.0
NMB,1/8/2017,500.0,500.0,495.0,499.0,-0.2,7878.0,272.0,230.0
NMB,1/9/2017,499.0,505.0,496.0,503.0,0.8,9804.0,272.0,230.0
NMB,1/10/2017,503.0,509.0,500.0,508.0,0.99,3048.0,272.0,230.0
NMB,1/11/2017,508.0,517.0,506.0,511.0,0.59,5515.0,272.0,230.0
NMB,1/12/2017,511.0,512.0,505.0,510.0,-0.2,9711.0,272.0,230.0
NMB,1/15/2017,510.0,510.0,500.0,508.0,-0.39,3205.0,272.0,230.0
NMB,1/16/2017,508.0,510.0,503.0,504.0,-0.79,1013.0,272.0,230.0
NMB,1/17/2017,504.0,515.0,493.0,514.0,1.98,3211.0,272.0,230.0
NMB,1/18/2017,514.0,509.0,500.0,505.0,-1.75,7043.0,272.0,230.0
NMB,1/19/2017,505.0,510.0,500.0,500.0,-0.99,8493.0,272.0,230.0
NMB,1/22/2017,500.0,510.0,500.0,507.0,1.4,4273.0,272.0,230.0
NMB,1/23/2017,507.0,502.0,498.0,500.0,-1.38,3278.0,272.0,230.0
NMB,1/24/2017,500.0,500.0,487.0,487.0,-2.6,13207.0,272.0,230.0
NMB,1/25/2017,487.0,496.0,470.0,472.0,-3.08,9778.0,272.0,230.0
NMB,1/26/2017,472.0,484.0,450.0,460.0,-2.54,15765.0,272.0,230.0
NMB,1/30/2017,460.0,460.0,440.0,448.0,-2.61,12136.0,272.0,230.0
NMB,1/31/2017,448.0,465.0,428.0,458.0,2.23,14269.0,272.0,230.0
NMB,2/1/2017,458.0,484.0,455.0,483.0,5.46,16513.0,272.0,230.0
NMB,2/2/2017,483.0,492.0,470.0,483.0,0.0,8359.0,272.0,230.0
NMB,2/5/2017,483.0,483.0,466.0,475.0,-1.66,4034.0,272.0,230.0
NMB,2/6/2017,475.0,476.0,467.0,467.0,-1.68,9297.0,272.0,230.0
NMB,2/7/2017,467.0,466.0,454.0,465.0,-0.43,2049.0,272.0,230.0
NMB,2/8/2017,465.0,470.0,455.0,460.0,-1.08,7900.0,272.0,230.0
NMB,2/9/2017,460.0,462.0,445.0,447.0,-2.83,25538.0,272.0,230.0
NMB,2/12/2017,447.0,452.0,427.0,435.0,-2.68,18631.0,272.0,230.0
NMB,2/13/2017,435.0,454.0,413.0,446.0,2.53,15659.0,272.0,230.0
NMB,2/14/2017,446.0,455.0,432.0,450.0,0.9,8912.0,272.0,230.0
NMB,2/15/2017,450.0,469.0,442.0,463.0,2.89,16433.0,272.0,230.0
NMB,2/16/2017,463.0,484.0,461.0,478.0,3.24,20575.0,272.0,230.0
NMB,2/19/2017,478.0,490.0,465.0,484.0,1.26,11530.0,272.0,230.0
NMB,2/20/2017,484.0,507.0,473.0,475.0,-1.86,11144.0,272.0,230.0
NMB,2/21/2017,475.0,492.0,461.0,474.0,-0.21,14411.0,272.0,230.0
NMB,2/22/2017,474.0,480.0,460.0,472.0,-0.42,3579.0,272.0,230.0
NMB,2/23/2017,472.0,475.0,465.0,468.0,-0.85,2331.0,272.0,230.0
NMB,2/26/2017,468.0,460.0,450.0,450.0,-3.85,5816.0,272.0,230.0
NMB,2/28/2017,450.0,445.0,430.0,445.0,-1.11,17909.0,272.0,230.0
NMB,3/1/2017,445.0,455.0,443.0,454.0,2.02,6724.0,272.0,230.0
NMB,3/2/2017,454.0,469.0,448.0,454.0,0.0,5332.0,272.0,230.0
NMB,3/5/2017,454.0,471.0,455.0,471.0,3.74,5575.0,272.0,230.0
NMB,3/6/2017,471.0,475.0,461.0,461.0,-2.12,6729.0,272.0,230.0
NMB,3/7/2017,461.0,460.0,450.0,457.0,-0.87,14584.0,272.0,230.0
NMB,3/9/2017,457.0,468.0,457.0,461.0,0.88,4004.0,272.0,230.0
NMB,3/13/2017,461.0,470.0,455.0,456.0,-1.08,4313.0,272.0,230.0
NMB,3/14/2017,456.0,461.0,451.0,455.0,-0.22,7299.0,272.0,230.0
NMB,3/15/2017,455.0,463.0,451.0,460.0,1.1,5816.0,272.0,230.0
NMB,3/16/2017,460.0,464.0,457.0,458.0,-0.43,4035.0,272.0,230.0
NMB,3/19/2017,458.0,468.0,460.0,463.0,1.09,16399.0,272.0,230.0
NMB,3/20/2017,463.0,490.0,463.0,473.0,2.16,18743.0,272.0,230.0
NMB,3/21/2017,473.0,495.0,471.0,491.0,3.81,15047.0,272.0,230.0
NMB,3/22/2017,491.0,527.0,490.0,505.0,2.85,29378.0,272.0,230.0
NMB,3/23/2017,505.0,518.0,500.0,511.0,1.19,9340.0,272.0,230.0
NMB,3/26/2017,511.0,551.0,510.0,539.0,5.48,23518.0,272.0,230.0
NMB,3/28/2017,539.0,582.0,547.0,576.0,6.86,23850.0,272.0,230.0
NMB,3/29/2017,576.0,602.0,568.0,578.0,0.35,32073.0,272.0,230.0
NMB,3/30/2017,578.0,578.0,560.0,568.0,-1.73,17496.0,272.0,230.0
NMB,4/2/2017,568.0,620.0,575.0,620.0,9.15,17493.0,272.0,230.0
NMB,4/3/2017,620.0,669.0,596.0,596.0,-3.87,24220.0,272.0,230.0
NMB,4/4/2017,596.0,620.0,589.0,594.0,-0.34,31520.0,272.0,230.0
NMB,4/6/2017,594.0,605.0,590.0,592.0,-0.34,17687.0,272.0,230.0
NMB,4/9/2017,592.0,625.0,602.0,620.0,4.73,26423.0,272.0,230.0
NMB,4/10/2017,620.0,669.0,620.0,667.0,7.58,50634.0,272.0,230.0
NMB,4/11/2017,667.0,678.0,651.0,660.0,-1.05,41284.0,272.0,230.0
NMB,4/12/2017,660.0,670.0,645.0,650.0,-1.52,23128.0,272.0,230.0
NMB,4/13/2017,650.0,659.0,637.0,643.0,-1.08,14226.0,272.0,230.0
NMB,4/16/2017,643.0,648.0,610.0,620.0,-3.58,21841.0,272.0,230.0
NMB,4/18/2017,620.0,625.0,593.0,605.0,-2.42,27003.0,272.0,230.0
NMB,4/19/2017,605.0,631.0,610.0,631.0,4.3,23771.0,272.0,230.0
NMB,4/20/2017,631.0,640.0,622.0,627.0,-0.63,27136.0,272.0,230.0
NMB,4/23/2017,627.0,655.0,630.0,647.0,3.19,57086.0,272.0,230.0
NMB,4/24/2017,647.0,648.0,630.0,636.0,-1.7,18589.0,272.0,230.0
NMB,4/25/2017,636.0,641.0,625.0,627.0,-1.42,17996.0,272.0,230.0
NMB,4/26/2017,627.0,630.0,620.0,620.0,-1.12,14642.0,272.0,230.0
NMB,4/27/2017,620.0,631.0,604.0,607.0,-2.1,13313.0,272.0,230.0
NMB,4/30/2017,607.0,615.0,594.0,607.0,0.0,16513.0,272.0,230.0
NMB,5/2/2017,607.0,620.0,600.0,620.0,2.14,24704.0,272.0,230.0
NMB,5/3/2017,620.0,632.0,610.0,620.0,0.0,17563.0,272.0,230.0
NMB,5/4/2017,620.0,629.0,610.0,616.0,-0.65,14331.0,272.0,230.0
NMB,5/7/2017,616.0,609.0,594.0,599.0,-2.76,12595.0,272.0,230.0
NMB,5/8/2017,599.0,612.0,600.0,607.0,1.34,7535.0,272.0,230.0
NMB,5/9/2017,607.0,616.0,604.0,607.0,0.0,6175.0,272.0,230.0
NMB,5/11/2017,607.0,610.0,600.0,604.0,-0.49,18997.0,272.0,230.0
NMB,5/15/2017,604.0,623.0,603.0,604.0,0.0,10839.0,272.0,230.0
NMB,5/16/2017,604.0,610.0,600.0,605.0,0.17,4410.0,272.0,230.0
NMB,5/17/2017,605.0,606.0,595.0,595.0,-1.65,7893.0,272.0,230.0
NMB,5/18/2017,595.0,596.0,580.0,590.0,-0.84,31431.0,272.0,230.0
NMB,5/21/2017,590.0,591.0,576.0,576.0,-2.37,6693.0,272.0,230.0
NMB,5/22/2017,576.0,590.0,570.0,590.0,2.43,7271.0,272.0,230.0
NMB,5/23/2017,590.0,600.0,579.0,590.0,0.0,3791.0,272.0,230.0
NMB,5/24/2017,590.0,590.0,575.0,585.0,-0.85,10297.0,272.0,230.0
NMB,5/28/2017,585.0,585.0,572.0,576.0,-1.54,8354.0,272.0,230.0
NMB,5/30/2017,576.0,585.0,565.0,565.0,-1.91,7093.0,272.0,230.0
NMB,5/31/2017,565.0,569.0,550.0,560.0,-0.88,29005.0,272.0,230.0
NMB,6/1/2017,560.0,566.0,558.0,558.0,-0.36,20334.0,272.0,230.0
NMB,6/4/2017,558.0,560.0,550.0,554.0,-0.72,12660.0,272.0,230.0
NMB,6/5/2017,554.0,563.0,552.0,558.0,0.72,9387.0,272.0,230.0
NMB,6/6/2017,558.0,595.0,565.0,594.0,6.45,34088.0,272.0,230.0
NMB,6/7/2017,594.0,608.0,583.0,583.0,-1.85,18015.0,272.0,230.0
NMB,6/8/2017,583.0,582.0,573.0,576.0,-1.2,6317.0,272.0,230.0
NMB,6/11/2017,576.0,587.0,565.0,567.0,-1.56,36850.0,272.0,230.0
NMB,6/12/2017,567.0,571.0,556.0,566.0,-0.18,14492.0,272.0,230.0
NMB,6/13/2017,566.0,572.0,562.0,568.0,0.35,5572.0,272.0,230.0
NMB,6/14/2017,568.0,569.0,560.0,565.0,-0.53,8700.0,272.0,230.0
NMB,6/15/2017,565.0,574.0,554.0,563.0,-0.35,10662.0,272.0,230.0
NMB,6/18/2017,563.0,565.0,551.0,551.0,-2.13,7603.0,272.0,230.0
NMB,6/19/2017,551.0,549.0,543.0,543.0,-1.45,13637.0,272.0,230.0
NMB,6/20/2017,543.0,550.0,540.0,545.0,0.37,6017.0,272.0,230.0
NMB,6/21/2017,545.0,546.0,530.0,543.0,-0.37,8777.0,272.0,230.0
NMB,6/22/2017,543.0,545.0,541.0,543.0,0.0,9977.0,272.0,230.0
NMB,6/25/2017,543.0,550.0,543.0,547.0,0.74,5224.0,272.0,230.0
NMB,6/27/2017,547.0,547.0,540.0,544.0,-0.55,9724.0,272.0,230.0
NMB,6/28/2017,544.0,549.0,538.0,540.0,-0.74,6559.0,272.0,230.0
NMB,7/2/2017,540.0,540.0,530.0,530.0,-1.85,8005.0,272.0,230.0
NMB,7/3/2017,530.0,537.0,530.0,531.0,0.19,9042.0,272.0,230.0
NMB,7/4/2017,531.0,532.0,526.0,526.0,-0.94,5806.0,272.0,230.0
NMB,7/5/2017,526.0,532.0,520.0,532.0,1.14,6232.0,272.0,230.0
NMB,7/6/2017,532.0,549.0,538.0,543.0,2.07,15255.0,272.0,230.0
NMB,7/9/2017,543.0,564.0,528.0,555.0,2.21,14587.0,272.0,230.0
NMB,7/10/2017,555.0,560.0,526.0,536.0,-3.42,8157.0,272.0,230.0
NMB,7/11/2017,536.0,554.0,540.0,552.0,2.99,10846.0,272.0,230.0
NMB,7/12/2017,552.0,552.0,546.0,550.0,-0.36,5741.0,272.0,230.0
NMB,7/13/2017,550.0,555.0,540.0,545.0,-0.91,11036.0,272.0,230.0
NMB,7/16/2017,545.0,545.0,540.0,545.0,0.0,6607.0,272.0,230.0
NMB,7/17/2017,545.0,553.0,540.0,551.0,1.1,8427.0,272.0,230.0
NMB,7/18/2017,551.0,578.0,558.0,578.0,4.9,12104.0,272.0,230.0
NMB,7/19/2017,578.0,580.0,565.0,565.0,-2.25,18836.0,272.0,230.0
NMB,7/20/2017,565.0,564.0,556.0,559.0,-1.06,6683.0,272.0,230.0
NMB,7/23/2017,559.0,566.0,546.0,552.0,-1.25,13420.0,272.0,230.0
NMB,7/24/2017,552.0,552.0,537.0,550.0,-0.36,19509.0,272.0,230.0
NMB,7/25/2017,550.0,555.0,543.0,543.0,-1.27,10604.0,272.0,230.0
NMB,7/26/2017,543.0,544.0,538.0,541.0,-0.37,17041.0,272.0,230.0
NMB,7/27/2017,541.0,559.0,544.0,553.0,2.22,19026.0,272.0,230.0
NMB,7/30/2017,553.0,560.0,545.0,552.0,-0.18,6616.0,272.0,230.0
NMB,7/31/2017,552.0,565.0,550.0,554.0,0.36,15503.0,272.0,230.0
NMB,8/1/2017,554.0,559.0,552.0,554.0,0.0,6343.0,272.0,230.0
NMB,8/2/2017,554.0,557.0,550.0,555.0,0.18,3839.0,272.0,230.0
NMB,8/3/2017,555.0,557.0,553.0,556.0,0.18,9984.0,272.0,230.0
NMB,8/6/2017,556.0,557.0,550.0,552.0,-0.72,8858.0,272.0,230.0
NMB,8/7/2017,552.0,560.0,551.0,552.0,0.0,9131.0,272.0,230.0
NMB,8/9/2017,552.0,553.0,546.0,548.0,-0.72,5811.0,272.0,230.0
NMB,8/10/2017,548.0,548.0,540.0,544.0,-0.73,9234.0,272.0,230.0
NMB,8/13/2017,544.0,542.0,534.0,538.0,-1.1,14171.0,272.0,230.0
NMB,8/15/2017,538.0,541.0,532.0,533.0,-0.93,5525.0,272.0,230.0
NMB,8/16/2017,533.0,543.0,526.0,531.0,-0.38,6203.0,272.0,230.0
NMB,8/17/2017,531.0,534.0,529.0,531.0,0.0,6015.0,272.0,230.0
NMB,8/20/2017,531.0,531.0,523.0,525.0,-1.13,5409.0,272.0,230.0
NMB,8/21/2017,525.0,528.0,520.0,523.0,-0.38,3251.0,272.0,230.0
NMB,8/22/2017,523.0,535.0,514.0,526.0,0.57,4098.0,272.0,230.0
NMB,8/23/2017,526.0,528.0,516.0,521.0,-0.95,4859.0,272.0,230.0
NMB,8/24/2017,521.0,522.0,511.0,522.0,0.19,5456.0,272.0,230.0
NMB,8/27/2017,522.0,540.0,523.0,523.0,0.19,5300.0,272.0,230.0
NMB,8/28/2017,523.0,524.0,514.0,517.0,-1.15,7136.0,272.0,230.0
NMB,8/30/2017,517.0,513.0,505.0,506.0,-2.13,10529.0,272.0,230.0
NMB,8/31/2017,506.0,508.0,498.0,500.0,-1.19,11312.0,272.0,230.0
NMB,9/4/2017,500.0,500.0,478.0,478.0,-4.4,15259.0,272.0,230.0
NMB,9/6/2017,478.0,491.0,483.0,488.0,2.09,10724.0,272.0,230.0
NMB,9/7/2017,488.0,492.0,484.0,485.0,-0.61,7211.0,272.0,230.0
NMB,9/10/2017,485.0,480.0,470.0,470.0,-3.09,16947.0,272.0,230.0
NMB,9/11/2017,470.0,483.0,461.0,470.0,0.0,5991.0,272.0,230.0
NMB,9/12/2017,470.0,477.0,467.0,472.0,0.43,9233.0,272.0,230.0
NMB,9/13/2017,472.0,472.0,450.0,464.0,-1.69,8205.0,272.0,230.0
NMB,9/14/2017,464.0,477.0,464.0,477.0,2.8,5839.0,272.0,230.0
NMB,9/17/2017,477.0,486.0,475.0,480.0,0.63,8061.0,272.0,230.0
NMB,9/18/2017,480.0,487.0,478.0,487.0,1.46,3075.0,272.0,230.0
NMB,9/20/2017,487.0,487.0,475.0,482.0,-1.03,5776.0,272.0,230.0
NMB,9/24/2017,482.0,483.0,480.0,480.0,-0.41,1390.0,272.0,230.0
NMB,9/25/2017,480.0,488.0,475.0,488.0,1.67,3199.0,272.0,230.0
NMB,9/26/2017,488.0,494.0,482.0,494.0,1.23,3008.0,272.0,230.0
NMB,10/3/2017,494.0,494.0,494.0,494.0,0.0,169.0,272.0,230.0
NMB,10/4/2017,494.0,497.0,481.0,481.0,-2.63,3611.0,272.0,230.0
NMB,10/8/2017,481.0,472.0,455.0,470.0,-2.29,4675.0,272.0,230.0
NMB,10/9/2017,470.0,475.0,460.0,465.0,-1.06,11468.0,272.0,230.0
NMB,10/10/2017,465.0,470.0,460.0,470.0,1.08,3155.0,272.0,230.0
NMB,10/11/2017,470.0,474.0,465.0,467.0,-0.64,4347.0,272.0,230.0
NMB,10/12/2017,467.0,471.0,463.0,470.0,0.64,7788.0,272.0,230.0
NMB,10/15/2017,470.0,479.0,465.0,476.0,1.28,14124.0,272.0,230.0
NMB,10/16/2017,476.0,494.0,480.0,494.0,3.78,4979.0,272.0,230.0
NMB,10/17/2017,494.0,505.0,485.0,485.0,-1.82,7491.0,272.0,230.0
NMB,10/18/2017,485.0,495.0,480.0,490.0,1.03,4213.0,272.0,230.0
NMB,10/22/2017,490.0,495.0,490.0,492.0,0.41,2355.0,272.0,230.0
NMB,10/23/2017,492.0,488.0,480.0,488.0,-0.81,5706.0,272.0,230.0
NMB,10/24/2017,488.0,491.0,483.0,487.0,-0.2,3723.0,272.0,230.0
NMB,10/25/2017,487.0,487.0,484.0,485.0,-0.41,2121.0,272.0,230.0
NMB,10/29/2017,485.0,486.0,480.0,485.0,0.0,14379.0,272.0,230.0
NMB,10/30/2017,485.0,488.0,478.0,484.0,-0.21,3162.0,272.0,230.0
NMB,10/31/2017,484.0,482.0,478.0,480.0,-0.83,6232.0,272.0,230.0
NMB,11/1/2017,480.0,479.0,475.0,478.0,-0.42,6165.0,272.0,230.0
NMB,11/2/2017,478.0,490.0,479.0,485.0,1.46,7590.0,272.0,230.0
NMB,11/5/2017,485.0,482.0,470.0,473.0,-2.47,11638.0,272.0,230.0
NMB,11/6/2017,473.0,480.0,466.0,474.0,0.21,7939.0,272.0,230.0
NMB,11/7/2017,474.0,477.0,470.0,471.0,-0.63,8477.0,272.0,230.0
NMB,11/8/2017,471.0,473.0,453.0,464.0,-1.49,8499.0,272.0,230.0
NMB,11/9/2017,464.0,470.0,463.0,468.0,0.86,4745.0,272.0,230.0
NMB,11/12/2017,468.0,471.0,466.0,471.0,0.64,7484.0,272.0,230.0
NMB,11/13/2017,471.0,480.0,473.0,474.0,0.64,9283.0,272.0,230.0
NMB,11/14/2017,474.0,487.0,474.0,479.0,1.05,6223.0,272.0,230.0
NMB,11/15/2017,479.0,490.0,478.0,483.0,0.84,6895.0,272.0,230.0
NMB,11/16/2017,483.0,480.0,472.0,480.0,-0.62,12019.0,272.0,230.0
NMB,11/19/2017,480.0,480.0,453.0,470.0,-2.08,12507.0,272.0,230.0
NMB,11/20/2017,470.0,470.0,465.0,465.0,-1.06,6428.0,272.0,230.0
NMB,11/21/2017,465.0,474.0,466.0,466.0,0.22,1744.0,272.0,230.0
NMB,11/22/2017,466.0,470.0,465.0,466.0,0.0,2932.0,272.0,230.0
NMB,11/23/2017,466.0,475.0,470.0,472.0,1.29,4785.0,272.0,230.0
NMB,11/26/2017,472.0,484.0,472.0,480.0,1.69,4437.0,272.0,230.0
NMB,11/27/2017,480.0,489.0,479.0,479.0,-0.21,4879.0,272.0,230.0
NMB,11/28/2017,479.0,487.0,479.0,485.0,1.25,18281.0,272.0,230.0
NMB,11/29/2017,485.0,491.0,487.0,487.0,0.41,9059.0,272.0,230.0
NMB,11/30/2017,487.0,490.0,480.0,490.0,0.62,7639.0,272.0,230.0
NMB,12/4/2017,490.0,491.0,486.0,490.0,0.0,22202.0,272.0,230.0
NMB,12/5/2017,490.0,487.0,483.0,484.0,-1.22,7749.0,272.0,230.0
NMB,12/6/2017,484.0,493.0,488.0,491.0,1.45,10114.0,272.0,230.0
NMB,12/10/2017,491.0,494.0,490.0,491.0,0.0,12108.0,272.0,230.0
NMB,12/11/2017,491.0,490.0,488.0,489.0,-0.41,3268.0,272.0,230.0
NMB,12/12/2017,489.0,490.0,481.0,481.0,-1.64,7084.0,272.0,230.0
NMB,12/13/2017,481.0,482.0,476.0,480.0,-0.21,3566.0,272.0,230.0
NMB,12/14/2017,480.0,486.0,479.0,480.0,0.0,3252.0,272.0,230.0
NMB,12/17/2017,480.0,480.0,475.0,477.0,-0.62,6141.0,272.0,230.0
NMB,12/18/2017,477.0,477.0,468.0,469.0,-1.68,8158.0,272.0,230.0
NMB,12/19/2017,469.0,475.0,472.0,474.0,1.07,3723.0,272.0,230.0
NMB,12/20/2017,474.0,472.0,468.0,470.0,-0.84,5311.0,272.0,230.0
NMB,12/21/2017,470.0,472.0,468.0,469.0,-0.21,3477.0,272.0,230.0
NMB,12/24/2017,469.0,473.0,468.0,468.0,-0.21,6357.0,272.0,230.0
NMB,12/26/2017,468.0,469.0,460.0,465.0,-0.64,6883.0,272.0,230.0
NMB,12/27/2017,465.0,465.0,454.0,456.0,-1.94,4897.0,272.0,230.0
NMB,12/28/2017,456.0,461.0,455.0,460.0,0.88,6172.0,272.0,230.0
NMB,12/31/2017,460.0,459.0,445.0,453.0,-1.52,12451.0,272.0,230.0
NMB,1/1/2018,453.0,464.0,450.0,464.0,2.43,20444.0,272.0,230.0
NMB,1/2/2018,464.0,472.0,460.0,465.0,0.22,10550.0,272.0,230.0
NMB,1/3/2018,465.0,460.0,455.0,458.0,-1.51,10244.0,272.0,230.0
NMB,1/4/2018,458.0,460.0,454.0,456.0,-0.44,2741.0,272.0,230.0
NMB,1/7/2018,456.0,458.0,447.0,452.0,-0.88,5604.0,272.0,230.0
NMB,1/8/2018,452.0,460.0,452.0,458.0,1.33,1992.0,272.0,230.0
NMB,1/9/2018,458.0,464.0,457.0,464.0,1.31,7457.0,272.0,230.0
NMB,1/10/2018,464.0,465.0,460.0,460.0,-0.86,3277.0,272.0,230.0
NMB,1/14/2018,460.0,460.0,456.0,457.0,-0.65,1751.0,272.0,230.0
NMB,1/16/2018,457.0,455.0,451.0,454.0,-0.66,6698.0,272.0,230.0
NMB,1/17/2018,454.0,453.0,447.0,450.0,-0.88,4694.0,272.0,230.0
NMB,1/21/2018,450.0,454.0,443.0,443.0,-1.56,15918.0,272.0,230.0
NMB,1/22/2018,443.0,450.0,440.0,450.0,1.58,15413.0,272.0,230.0
NMB,1/23/2018,450.0,450.0,440.0,446.0,-0.89,6593.0,272.0,230.0
NMB,1/24/2018,446.0,450.0,444.0,447.0,0.22,6249.0,272.0,230.0
NMB,1/25/2018,447.0,449.0,433.0,447.0,0.0,10116.0,272.0,230.0
NMB,1/28/2018,447.0,465.0,447.0,463.0,3.58,28166.0,272.0,230.0
NMB,1/29/2018,463.0,470.0,461.0,464.0,0.22,18395.0,272.0,230.0
NMB,1/31/2018,464.0,474.0,465.0,474.0,2.16,19377.0,272.0,230.0
NMB,2/1/2018,474.0,479.0,466.0,472.0,-0.42,19718.0,272.0,230.0
NMB,2/4/2018,472.0,477.0,473.0,476.0,0.85,33882.0,272.0,230.0
NMB,2/5/2018,476.0,480.0,470.0,474.0,-0.42,23034.0,272.0,230.0
NMB,2/6/2018,474.0,471.0,466.0,466.0,-1.69,8936.0,272.0,230.0
NMB,2/7/2018,466.0,467.0,462.0,463.0,-0.64,4212.0,272.0,230.0
NMB,2/8/2018,463.0,470.0,465.0,468.0,1.08,2790.0,272.0,230.0
NMB,2/11/2018,468.0,474.0,466.0,468.0,0.0,3093.0,272.0,230.0
NMB,2/12/2018,468.0,470.0,460.0,460.0,-1.71,14560.0,272.0,230.0
NMB,2/14/2018,460.0,467.0,459.0,466.0,1.3,13269.0,272.0,230.0
NMB,2/15/2018,466.0,492.0,462.0,481.0,3.22,32657.0,272.0,230.0
NMB,2/18/2018,490.0,490.0,475.0,475.0,-1.25,17687.0,272.0,230.0
NMB,2/20/2018,483.0,484.0,465.0,465.0,-2.11,24369.0,272.0,230.0
NMB,2/21/2018,461.0,465.0,460.0,465.0,0.0,4777.0,272.0,230.0
NMB,2/22/2018,470.0,470.0,462.0,462.0,-0.65,8172.0,272.0,230.0
NMB,2/25/2018,460.0,463.0,458.0,460.0,-0.43,7549.0,272.0,230.0
NMB,2/26/2018,460.0,463.0,453.0,453.0,-1.52,7378.0,272.0,230.0
NMB,2/27/2018,453.0,464.0,453.0,460.0,1.55,6705.0,272.0,230.0
NMB,2/28/2018,456.0,459.0,451.0,455.0,-1.09,14739.0,272.0,230.0
NMB,3/4/2018,450.0,450.0,424.0,440.0,-3.3,10971.0,272.0,230.0
NMB,3/5/2018,445.0,450.0,430.0,435.0,-1.14,15661.0,272.0,230.0
NMB,3/6/2018,435.0,438.0,420.0,432.0,-0.69,32814.0,272.0,230.0
NMB,3/7/2018,439.0,441.0,435.0,441.0,2.08,14773.0,272.0,230.0
NMB,3/11/2018,440.0,440.0,432.0,433.0,-1.81,7761.0,272.0,230.0
NMB,3/12/2018,433.0,438.0,431.0,436.0,0.69,7224.0,272.0,230.0
NMB,3/13/2018,436.0,439.0,431.0,439.0,0.69,5894.0,272.0,230.0
NMB,3/14/2018,438.0,439.0,431.0,439.0,0.0,8840.0,272.0,230.0
NMB,3/15/2018,435.0,441.0,435.0,440.0,0.23,3363.0,272.0,230.0
NMB,3/18/2018,440.0,441.0,433.0,436.0,-0.91,10435.0,272.0,230.0
NMB,3/19/2018,436.0,439.0,433.0,433.0,-0.69,5900.0,272.0,230.0
NMB,3/20/2018,433.0,433.0,420.0,424.0,-2.08,7288.0,272.0,230.0
NMB,3/21/2018,420.0,425.0,416.0,420.0,-0.94,7025.0,272.0,230.0
NMB,3/22/2018,413.0,420.0,410.0,412.0,-1.9,18850.0,272.0,230.0
NMB,3/26/2018,406.0,406.0,393.0,395.0,-4.13,17197.0,272.0,230.0
NMB,3/27/2018,391.0,410.0,384.0,410.0,3.8,12758.0,272.0,230.0
NMB,3/28/2018,410.0,423.0,402.0,420.0,2.44,12649.0,272.0,230.0
NMB,3/29/2018,418.0,430.0,418.0,421.0,0.24,7500.0,272.0,230.0
NMB,4/1/2018,421.0,421.0,410.0,414.0,-1.66,4613.0,272.0,230.0
NMB,4/2/2018,414.0,420.0,413.0,413.0,-0.24,3514.0,272.0,230.0
NMB,4/3/2018,410.0,418.0,410.0,416.0,0.73,2804.0,272.0,230.0
NMB,4/4/2018,416.0,426.0,416.0,425.0,2.16,5028.0,272.0,230.0
NMB,4/5/2018,433.0,444.0,426.0,441.0,3.76,11937.0,272.0,230.0
NMB,4/8/2018,441.0,455.0,438.0,453.0,2.72,13817.0,272.0,230.0
NMB,4/9/2018,462.0,462.0,448.0,448.0,-1.1,6869.0,272.0,230.0
NMB,4/10/2018,440.0,450.0,440.0,446.0,-0.45,6729.0,272.0,230.0
NMB,4/11/2018,438.0,444.0,431.0,435.0,-2.47,17387.0,272.0,230.0
NMB,4/12/2018,440.0,445.0,438.0,445.0,2.3,13223.0,272.0,230.0
NMB,4/15/2018,440.0,445.0,434.0,440.0,-1.12,4663.0,272.0,230.0
NMB,4/16/2018,440.0,446.0,439.0,444.0,0.91,5964.0,272.0,230.0
NMB,4/17/2018,451.0,461.0,445.0,456.0,2.7,9962.0,272.0,230.0
NMB,4/18/2018,453.0,479.0,450.0,457.0,0.22,16845.0,272.0,230.0
NMB,4/19/2018,456.0,480.0,456.0,479.0,4.81,31030.0,272.0,230.0
NMB,4/22/2018,482.0,490.0,476.0,486.0,1.46,35631.0,272.0,230.0
NMB,4/23/2018,495.0,502.0,477.0,478.0,-1.65,35071.0,272.0,230.0
NMB,4/24/2018,476.0,485.0,474.0,479.0,0.21,13367.0,272.0,230.0
NMB,4/25/2018,475.0,479.0,470.0,472.0,-1.46,13223.0,272.0,230.0
NMB,4/26/2018,481.0,481.0,466.0,473.0,0.21,14450.0,272.0,230.0
NMB,4/29/2018,475.0,475.0,465.0,466.0,-1.48,4650.0,272.0,230.0
NMB,5/2/2018,467.0,469.0,452.0,469.0,0.64,6375.0,272.0,230.0
NMB,5/3/2018,477.0,477.0,469.0,470.0,0.21,9608.0,272.0,230.0
NMB,5/6/2018,476.0,476.0,466.0,466.0,-0.85,4645.0,272.0,230.0
NMB,5/7/2018,465.0,468.0,460.0,463.0,-0.64,18538.0,272.0,230.0
NMB,5/8/2018,469.0,469.0,462.0,469.0,1.3,11667.0,272.0,230.0
NMB,5/9/2018,465.0,470.0,460.0,463.0,-1.28,35837.0,272.0,230.0
NMB,5/10/2018,462.0,466.0,462.0,463.0,0.0,25579.0,272.0,230.0
NMB,5/14/2018,460.0,462.0,458.0,460.0,-0.65,11526.0,272.0,230.0
NMB,5/15/2018,460.0,461.0,460.0,461.0,0.22,2935.0,272.0,230.0
NMB,5/16/2018,464.0,464.0,459.0,460.0,-0.22,10975.0,272.0,230.0
NMB,5/17/2018,460.0,465.0,458.0,465.0,1.09,13794.0,272.0,230.0
NMB,5/20/2018,471.0,471.0,458.0,465.0,0.0,17259.0,272.0,230.0
NMB,5/21/2018,460.0,461.0,458.0,460.0,-1.08,4432.0,272.0,230.0
NMB,5/22/2018,455.0,460.0,451.0,458.0,-0.43,2770.0,272.0,230.0
NMB,5/23/2018,456.0,456.0,453.0,455.0,-0.66,10050.0,272.0,230.0
NMB,5/24/2018,452.0,453.0,450.0,450.0,-1.1,7374.0,272.0,230.0
NMB,5/27/2018,445.0,445.0,437.0,437.0,-2.89,9758.0,272.0,230.0
NMB,5/28/2018,430.0,452.0,430.0,444.0,1.6,12893.0,272.0,230.0
NMB,5/29/2018,436.0,436.0,413.0,419.0,-5.63,71425.0,272.0,230.0
NMB,5/30/2018,412.0,420.0,411.0,414.0,-1.19,25450.0,272.0,230.0
NMB,5/31/2018,414.0,415.0,405.0,405.0,-2.17,13468.0,272.0,230.0
NMB,6/3/2018,397.0,413.0,390.0,397.0,-1.98,14422.0,272.0,230.0
NMB,6/4/2018,395.0,401.0,395.0,395.0,-0.5,14887.0,272.0,230.0
NMB,6/6/2018,395.0,410.0,395.0,395.0,0.0,5153.0,272.0,230.0
NMB,6/7/2018,392.0,392.0,380.0,380.0,-3.8,18666.0,272.0,230.0
NMB,6/10/2018,375.0,375.0,366.0,370.0,-2.63,28282.0,272.0,230.0
NMB,6/11/2018,369.0,378.0,363.0,371.0,0.27,14404.0,272.0,230.0
NMB,6/12/2018,370.0,371.0,366.0,367.0,-1.08,5902.0,272.0,230.0
NMB,6/13/2018,365.0,371.0,362.0,368.0,0.27,14440.0,272.0,230.0
NMB,6/14/2018,370.0,382.0,368.0,372.0,1.09,28450.0,272.0,230.0
NMB,6/17/2018,365.0,365.0,355.0,355.0,-4.57,54367.0,272.0,230.0
NMB,6/18/2018,350.0,353.0,349.0,351.0,-1.13,31970.0,272.0,230.0
NMB,6/19/2018,357.0,357.0,349.0,350.0,-0.28,20717.0,272.0,230.0
NMB,6/20/2018,352.0,366.0,351.0,351.0,0.29,12642.0,272.0,230.0
NMB,6/21/2018,358.0,358.0,345.0,349.0,-0.57,12027.0,272.0,230.0
NMB,6/24/2018,355.0,355.0,349.0,349.0,0.0,8269.0,272.0,230.0
NMB,6/25/2018,349.0,349.0,344.0,348.0,-0.29,7154.0,272.0,230.0
NMB,6/26/2018,349.0,349.0,342.0,346.0,-0.57,8852.0,272.0,230.0
NMB,6/27/2018,345.0,347.0,342.0,346.0,0.0,3093.0,272.0,230.0
NMB,6/28/2018,347.0,347.0,344.0,346.0,0.0,8967.0,272.0,230.0
NMB,7/1/2018,345.0,347.0,342.0,342.0,-1.16,8686.0,272.0,230.0
NMB,7/2/2018,339.0,345.0,339.0,340.0,-0.58,1603.0,272.0,230.0
NMB,7/3/2018,342.0,343.0,338.0,339.0,-0.29,10252.0,272.0,230.0
NMB,7/4/2018,339.0,344.0,338.0,344.0,1.47,6609.0,272.0,230.0
NMB,7/5/2018,344.0,354.0,341.0,352.0,2.33,13376.0,272.0,230.0
NMB,7/8/2018,355.0,360.0,349.0,349.0,-0.85,5432.0,272.0,230.0
NMB,7/9/2018,345.0,346.0,341.0,343.0,-1.72,5778.0,272.0,230.0
NMB,7/10/2018,342.0,349.0,342.0,345.0,0.58,3010.0,272.0,230.0
NMB,7/11/2018,351.0,358.0,351.0,354.0,2.61,14091.0,272.0,230.0
NMB,7/12/2018,360.0,361.0,352.0,354.0,0.0,15943.0,272.0,230.0
NMB,7/15/2018,350.0,354.0,350.0,351.0,-0.85,8501.0,272.0,230.0
NMB,7/16/2018,353.0,364.0,353.0,358.0,1.99,10405.0,272.0,230.0
NMB,7/17/2018,360.0,360.0,353.0,355.0,-0.84,11362.0,272.0,230.0
NMB,7/18/2018,355.0,358.0,354.0,358.0,0.85,10586.0,272.0,230.0
NMB,7/19/2018,356.0,360.0,355.0,358.0,0.0,7413.0,272.0,230.0
NMB,7/22/2018,355.0,356.0,353.0,354.0,-1.12,4968.0,272.0,230.0
NMB,7/23/2018,353.0,357.0,352.0,354.0,0.0,8746.0,272.0,230.0
NMB,7/24/2018,354.0,362.0,353.0,355.0,0.28,16560.0,272.0,230.0
NMB,7/25/2018,357.0,357.0,354.0,354.0,-0.28,7583.0,272.0,230.0
NMB,7/26/2018,354.0,359.0,354.0,354.0,0.0,14723.0,272.0,230.0
NMB,7/29/2018,360.0,362.0,356.0,361.0,1.98,23014.0,272.0,230.0
NMB,7/30/2018,360.0,368.0,360.0,364.0,0.83,29197.0,272.0,230.0
NMB,7/31/2018,371.0,371.0,364.0,364.0,0.0,21554.0,272.0,230.0
NMB,8/1/2018,367.0,369.0,365.0,365.0,0.27,78789.0,272.0,230.0
NMB,8/2/2018,323.0,328.0,316.0,318.0,-12.88,7604.0,272.0,230.0
NMB,8/5/2018,317.0,318.0,316.0,317.0,-0.31,5941.0,272.0,230.0
NMB,8/6/2018,317.0,317.0,314.0,315.0,-0.63,6278.0,272.0,230.0
NMB,8/7/2018,315.0,316.0,313.0,316.0,0.32,9910.0,272.0,230.0
NMB,8/8/2018,315.0,319.0,314.0,316.0,0.0,15347.0,272.0,230.0
NMB,8/9/2018,318.0,320.0,311.0,313.0,-0.95,9044.0,272.0,230.0
NMB,8/12/2018,318.0,318.0,307.0,307.0,-1.92,8808.0,272.0,230.0
NMB,8/13/2018,305.0,313.0,305.0,311.0,1.3,7615.0,272.0,230.0
NMB,8/14/2018,314.0,320.0,311.0,320.0,2.89,12295.0,272.0,230.0
NMB,8/15/2018,324.0,326.0,318.0,323.0,0.94,28492.0,272.0,230.0
NMB,8/16/2018,329.0,335.0,320.0,332.0,2.79,51341.0,272.0,230.0
NMB,8/19/2018,328.0,331.0,325.0,328.0,-1.2,11354.0,272.0,230.0
NMB,8/20/2018,332.0,332.0,323.0,325.0,-0.91,14521.0,272.0,230.0
NMB,8/21/2018,322.0,325.0,322.0,323.0,-0.62,9433.0,272.0,230.0
NMB,8/22/2018,319.0,319.0,315.0,318.0,-1.55,16189.0,272.0,230.0
NMB,8/23/2018,312.0,313.0,303.0,310.0,-2.52,161413.0,272.0,230.0
NMB,8/26/2018,308.0,310.0,306.0,308.0,-0.65,25943.0,272.0,230.0
NMB,8/28/2018,308.0,312.0,303.0,312.0,1.3,46421.0,272.0,230.0
NMB,8/29/2018,318.0,318.0,308.0,311.0,-0.32,28137.0,272.0,230.0
NMB,8/30/2018,315.0,316.0,310.0,316.0,1.61,31183.0,272.0,230.0
NMB,9/2/2018,317.0,326.0,315.0,324.0,2.53,65508.0,272.0,230.0
NMB,9/3/2018,328.0,329.0,322.0,325.0,0.31,76056.0,272.0,230.0
NMB,9/4/2018,325.0,331.0,323.0,325.0,0.0,78790.0,272.0,230.0
NMB,9/5/2018,325.0,337.0,325.0,333.0,2.46,135629.0,272.0,230.0
NMB,9/6/2018,338.0,342.0,332.0,336.0,0.9,308143.0,272.0,230.0
NMB,9/9/2018,333.0,339.0,331.0,334.0,-0.6,62496.0,272.0,230.0
NMB,9/10/2018,335.0,335.0,330.0,331.0,-0.9,29571.0,272.0,230.0
NMB,9/11/2018,332.0,335.0,331.0,334.0,0.91,47395.0,272.0,230.0
NMB,9/12/2018,335.0,340.0,333.0,338.0,1.2,89009.0,272.0,230.0
NMB,9/13/2018,338.0,359.0,337.0,352.0,4.14,172322.0,272.0,230.0
NMB,9/16/2018,356.0,372.0,352.0,360.0,2.27,203588.0,272.0,230.0
NMB,9/17/2018,365.0,365.0,355.0,357.0,-0.83,172901.0,272.0,230.0
NMB,9/18/2018,357.0,360.0,355.0,358.0,0.28,69287.0,272.0,230.0
NMB,9/20/2018,360.0,363.0,356.0,361.0,0.84,106780.0,272.0,230.0
NMB,9/23/2018,362.0,372.0,358.0,368.0,1.94,107016.0,272.0,230.0
NMB,9/25/2018,368.0,380.0,368.0,377.0,2.45,126992.0,272.0,230.0
NMB,9/26/2018,377.0,377.0,367.0,373.0,-1.06,162596.0,272.0,230.0
NMB,9/27/2018,377.0,377.0,369.0,370.0,-0.8,57983.0,272.0,230.0
NMB,9/30/2018,366.0,371.0,363.0,364.0,-1.62,72493.0,272.0,230.0
NMB,10/1/2018,361.0,364.0,355.0,356.0,-2.2,78213.0,272.0,230.0
NMB,10/2/2018,354.0,360.0,353.0,357.0,0.28,46909.0,272.0,230.0
NMB,10/3/2018,355.0,358.0,349.0,350.0,-1.96,74537.0,272.0,230.0
NMB,10/4/2018,350.0,354.0,345.0,350.0,0.0,91385.0,272.0,230.0
NMB,10/7/2018,347.0,350.0,345.0,345.0,-1.43,58212.0,272.0,230.0
NMB,10/8/2018,346.0,352.0,346.0,350.0,1.45,25561.0,272.0,230.0
NMB,10/9/2018,350.0,354.0,346.0,348.0,-0.57,34322.0,272.0,230.0
NMB,10/10/2018,347.0,350.0,347.0,348.0,0.0,12623.0,272.0,230.0
NMB,10/11/2018,348.0,356.0,348.0,356.0,2.3,39258.0,272.0,230.0
NMB,10/14/2018,363.0,364.0,358.0,362.0,1.69,68134.0,272.0,230.0
NMB,10/15/2018,364.0,365.0,359.0,360.0,-0.55,61656.0,272.0,230.0
NMB,10/21/2018,359.0,366.0,359.0,363.0,0.83,28624.0,272.0,230.0
NMB,10/22/2018,365.0,365.0,361.0,362.0,-0.28,10989.0,272.0,230.0
NMB,10/23/2018,362.0,363.0,359.0,362.0,0.0,16420.0,272.0,230.0
NMB,10/24/2018,362.0,362.0,359.0,360.0,-0.55,22081.0,272.0,230.0
NMB,10/25/2018,359.0,363.0,355.0,355.0,-1.39,21059.0,272.0,230.0
NMB,10/28/2018,355.0,361.0,351.0,352.0,-0.85,28925.0,272.0,230.0
NMB,10/29/2018,352.0,352.0,347.0,349.0,-0.85,23255.0,272.0,230.0
NMB,10/30/2018,346.0,353.0,346.0,353.0,1.15,23401.0,272.0,230.0
NMB,10/31/2018,354.0,354.0,351.0,353.0,0.0,13920.0,272.0,230.0
NMB,11/1/2018,353.0,354.0,350.0,351.0,-0.57,24500.0,272.0,230.0
NMB,11/4/2018,349.0,350.0,344.0,347.0,-1.14,19436.0,272.0,230.0
NMB,11/5/2018,347.0,353.0,347.0,351.0,1.15,17500.0,272.0,230.0
NMB,11/6/2018,351.0,356.0,347.0,354.0,0.85,3741.0,272.0,230.0
NMB,11/11/2018,354.0,354.0,349.0,349.0,-1.41,5503.0,272.0,230.0
NMB,11/12/2018,348.0,350.0,345.0,346.0,-0.86,6971.0,272.0,230.0
NMB,11/13/2018,344.0,351.0,344.0,349.0,0.87,11755.0,272.0,230.0
NMB,11/14/2018,349.0,350.0,347.0,349.0,0.0,16276.0,272.0,230.0
NMB,11/15/2018,349.0,352.0,345.0,345.0,-1.15,17565.0,272.0,230.0
NMB,11/18/2018,343.0,345.0,342.0,343.0,-0.58,9826.0,272.0,230.0
NMB,11/19/2018,343.0,345.0,341.0,344.0,0.29,8350.0,272.0,230.0
NMB,11/20/2018,343.0,345.0,341.0,342.0,-0.58,18053.0,272.0,230.0
NMB,11/21/2018,340.0,344.0,337.0,344.0,0.58,52506.0,272.0,230.0
NMB,11/22/2018,347.0,362.0,347.0,356.0,3.49,219694.0,272.0,230.0
NMB,11/25/2018,355.0,360.0,355.0,356.0,0.0,102174.0,272.0,230.0
NMB,11/26/2018,357.0,358.0,355.0,357.0,0.28,63797.0,272.0,230.0
NMB,11/27/2018,360.0,360.0,357.0,358.0,0.28,54285.0,272.0,230.0
NMB,11/28/2018,358.0,360.0,357.0,360.0,0.56,58465.0,272.0,230.0
NMB,11/29/2018,360.0,363.0,359.0,360.0,0.0,74131.0,272.0,230.0
NMB,12/2/2018,361.0,361.0,355.0,357.0,-0.83,96983.0,272.0,230.0
NMB,12/3/2018,355.0,362.0,355.0,358.0,0.28,39922.0,272.0,230.0
NMB,12/4/2018,357.0,360.0,357.0,359.0,0.28,59267.0,272.0,230.0
NMB,12/5/2018,359.0,359.0,351.0,351.0,-2.23,67092.0,272.0,230.0
NMB,12/6/2018,348.0,357.0,347.0,356.0,1.42,126543.0,272.0,230.0
NMB,12/9/2018,356.0,359.0,355.0,359.0,0.84,41526.0,272.0,230.0
NMB,12/10/2018,360.0,363.0,359.0,363.0,1.11,52419.0,272.0,230.0
NMB,12/11/2018,363.0,368.0,360.0,363.0,0.0,69343.0,272.0,230.0
NMB,12/12/2018,363.0,365.0,362.0,363.0,0.0,42441.0,272.0,230.0
NMB,12/13/2018,363.0,372.0,363.0,370.0,1.93,45063.0,272.0,230.0
NMB,12/16/2018,377.0,377.0,371.0,374.0,1.08,49299.0,272.0,230.0
NMB,12/17/2018,375.0,384.0,374.0,375.0,0.27,81010.0,272.0,230.0
NMB,12/18/2018,385.0,391.0,375.0,378.0,0.8,114723.0,272.0,230.0
NMB,12/19/2018,374.0,383.0,374.0,380.0,0.53,93014.0,272.0,230.0
NMB,12/20/2018,381.0,388.0,379.0,381.0,0.26,148662.0,272.0,230.0
NMB,12/23/2018,388.0,395.0,385.0,392.0,2.89,185289.0,272.0,230.0
NMB,12/24/2018,398.0,398.0,385.0,387.0,-1.28,255737.0,272.0,230.0
NMB,12/25/2018,365.0,365.0,335.0,336.0,-13.18,68089.0,272.0,230.0
NMB,12/26/2018,337.0,347.0,335.0,343.0,2.08,56139.0,272.0,230.0
NMB,12/27/2018,345.0,345.0,335.0,337.0,-1.75,47419.0,272.0,230.0
NMB,12/30/2018,337.0,339.0,333.0,335.0,-0.59,24462.0,272.0,230.0
NMB,12/31/2018,332.0,335.0,329.0,329.0,-1.79,41159.0,272.0,230.0
NMB,1/1/2019,328.0,332.0,325.0,325.0,-1.22,21531.0,272.0,230.0
NMB,1/2/2019,323.0,329.0,320.0,320.0,-1.54,31098.0,272.0,230.0
NMB,1/3/2019,323.0,325.0,321.0,323.0,0.94,19534.0,272.0,230.0
NMB,1/6/2019,324.0,324.0,318.0,319.0,-1.24,13603.0,272.0,230.0
NMB,1/7/2019,315.0,325.0,315.0,324.0,1.57,15486.0,272.0,230.0
NMB,1/8/2019,328.0,329.0,324.0,326.0,0.62,20069.0,272.0,230.0
NMB,1/9/2019,330.0,330.0,326.0,326.0,0.0,10488.0,272.0,230.0
NMB,1/10/2019,326.0,328.0,325.0,325.0,-0.31,19545.0,272.0,230.0
NMB,1/13/2019,321.0,326.0,321.0,326.0,0.31,13010.0,272.0,230.0
NMB,1/14/2019,326.0,326.0,322.0,325.0,-0.31,16856.0,272.0,230.0
NMB,1/15/2019,329.0,329.0,325.0,325.0,0.0,8855.0,272.0,230.0
NMB,1/16/2019,325.0,328.0,322.0,323.0,-0.62,15916.0,272.0,230.0
NMB,1/17/2019,323.0,324.0,321.0,324.0,0.31,8437.0,272.0,230.0
NMB,1/20/2019,321.0,323.0,320.0,321.0,-0.93,3310.0,272.0,230.0
NMB,1/21/2019,321.0,323.0,318.0,319.0,-0.62,19465.0,272.0,230.0
NMB,1/22/2019,319.0,323.0,317.0,317.0,-0.63,28442.0,272.0,230.0
NMB,1/23/2019,318.0,320.0,318.0,320.0,0.95,14725.0,272.0,230.0
NMB,1/24/2019,322.0,322.0,317.0,319.0,-0.31,19202.0,272.0,230.0
NMB,1/27/2019,323.0,323.0,315.0,316.0,-0.94,32446.0,272.0,230.0
NMB,1/28/2019,320.0,320.0,316.0,317.0,0.32,26798.0,272.0,230.0
NMB,1/29/2019,316.0,318.0,315.0,316.0,-0.32,12095.0,272.0,230.0
NMB,1/30/2019,316.0,317.0,315.0,317.0,0.32,12242.0,272.0,230.0
NMB,1/31/2019,317.0,318.0,316.0,317.0,0.0,9956.0,272.0,230.0
NMB,2/3/2019,316.0,319.0,315.0,316.0,-0.32,42639.0,272.0,230.0
NMB,2/4/2019,315.0,318.0,314.0,316.0,0.0,19122.0,272.0,230.0
NMB,2/5/2019,314.0,317.0,312.0,315.0,-0.32,26733.0,272.0,230.0
NMB,2/6/2019,315.0,317.0,312.0,312.0,-0.95,20208.0,272.0,230.0
NMB,2/7/2019,312.0,315.0,312.0,313.0,0.32,16558.0,272.0,230.0
NMB,2/10/2019,312.0,314.0,310.0,310.0,-0.96,22620.0,272.0,230.0
NMB,2/11/2019,308.0,314.0,307.0,311.0,0.32,26558.0,272.0,230.0
NMB,2/12/2019,313.0,313.0,310.0,311.0,0.0,15882.0,272.0,230.0
NMB,2/13/2019,312.0,317.0,309.0,311.0,0.0,17557.0,272.0,230.0
NMB,2/14/2019,310.0,311.0,307.0,308.0,-0.96,30824.0,272.0,230.0
NMB,2/17/2019,309.0,311.0,306.0,309.0,0.32,23812.0,272.0,230.0
NMB,2/18/2019,309.0,309.0,304.0,306.0,-0.97,34435.0,272.0,230.0
NMB,2/19/2019,308.0,309.0,305.0,309.0,0.98,12380.0,272.0,230.0
NMB,2/20/2019,310.0,310.0,305.0,305.0,-1.29,19783.0,272.0,230.0
NMB,2/21/2019,308.0,308.0,301.0,301.0,-1.31,21119.0,272.0,230.0
NMB,2/24/2019,301.0,307.0,300.0,302.0,0.33,23498.0,272.0,230.0
NMB,2/25/2019,302.0,306.0,300.0,302.0,0.0,22112.0,272.0,230.0
NMB,2/26/2019,302.0,305.0,302.0,304.0,0.66,19594.0,272.0,230.0
NMB,2/27/2019,303.0,307.0,302.0,303.0,-0.33,33696.0,272.0,230.0
NMB,3/3/2019,302.0,307.0,302.0,307.0,1.32,31553.0,272.0,230.0
NMB,3/5/2019,307.0,307.0,303.0,306.0,-0.33,25718.0,272.0,230.0
NMB,3/6/2019,306.0,308.0,304.0,306.0,0.0,37701.0,272.0,230.0
NMB,3/7/2019,308.0,315.0,307.0,315.0,2.94,18431.0,272.0,230.0
NMB,3/10/2019,317.0,320.0,311.0,318.0,0.95,15296.0,272.0,230.0
NMB,3/11/2019,320.0,322.0,316.0,322.0,1.26,30794.0,272.0,230.0
NMB,3/12/2019,323.0,327.0,320.0,325.0,0.93,39242.0,272.0,230.0
NMB,3/13/2019,328.0,330.0,319.0,324.0,-0.31,44594.0,272.0,230.0
NMB,3/14/2019,321.0,326.0,319.0,325.0,0.31,27872.0,272.0,230.0
NMB,3/17/2019,325.0,328.0,325.0,326.0,0.31,28877.0,272.0,230.0
NMB,3/18/2019,325.0,329.0,323.0,325.0,-0.31,29983.0,272.0,230.0
NMB,3/19/2019,325.0,330.0,322.0,322.0,-0.92,7431.0,272.0,230.0
NMB,3/21/2019,322.0,325.0,321.0,321.0,-0.31,12394.0,272.0,230.0
NMB,3/24/2019,317.0,324.0,317.0,318.0,-0.93,24543.0,272.0,230.0
NMB,3/25/2019,321.0,325.0,317.0,322.0,1.26,13920.0,272.0,230.0
NMB,3/26/2019,319.0,327.0,319.0,325.0,0.93,29747.0,272.0,230.0
NMB,3/27/2019,325.0,326.0,323.0,325.0,0.0,29980.0,272.0,230.0
NMB,3/28/2019,324.0,327.0,324.0,327.0,0.62,26581.0,272.0,230.0
NMB,3/31/2019,327.0,330.0,326.0,328.0,0.31,16376.0,272.0,230.0
NMB,4/1/2019,323.0,332.0,323.0,331.0,0.91,49552.0,272.0,230.0
NMB,4/2/2019,333.0,339.0,332.0,335.0,1.21,80947.0,272.0,230.0
NMB,4/3/2019,336.0,340.0,331.0,338.0,0.9,63376.0,272.0,230.0
NMB,4/4/2019,337.0,339.0,334.0,336.0,-0.59,37453.0,272.0,230.0
NMB,4/7/2019,337.0,352.0,335.0,349.0,3.87,96825.0,272.0,230.0
NMB,4/8/2019,353.0,364.0,346.0,357.0,2.29,152538.0,272.0,230.0
NMB,4/9/2019,364.0,364.0,351.0,351.0,-1.68,95391.0,272.0,230.0
NMB,4/10/2019,351.0,357.0,347.0,355.0,1.14,72189.0,272.0,230.0
NMB,4/11/2019,355.0,358.0,352.0,356.0,0.28,86342.0,272.0,230.0
NMB,4/15/2019,356.0,362.0,356.0,362.0,1.69,45727.0,272.0,230.0
NMB,4/16/2019,360.0,377.0,360.0,377.0,4.14,185038.0,272.0,230.0
NMB,4/17/2019,377.0,390.0,373.0,389.0,3.18,189582.0,272.0,230.0
NMB,4/18/2019,389.0,390.0,384.0,385.0,-1.03,93648.0,272.0,230.0
NMB,4/21/2019,385.0,390.0,379.0,388.0,0.78,96067.0,272.0,230.0
NMB,4/22/2019,388.0,389.0,377.0,382.0,-1.55,92343.0,272.0,230.0
NMB,4/23/2019,383.0,386.0,378.0,380.0,-0.52,76009.0,272.0,230.0
NMB,4/24/2019,380.0,391.0,380.0,390.0,2.63,102457.0,272.0,230.0
NMB,4/25/2019,390.0,400.0,390.0,396.0,1.54,134958.0,272.0,230.0
NMB,4/28/2019,394.0,398.0,389.0,389.0,-1.77,135953.0,272.0,230.0
NMB,4/29/2019,383.0,391.0,383.0,386.0,-0.77,76279.0,272.0,230.0
NMB,4/30/2019,386.0,390.0,380.0,386.0,0.0,42185.0,272.0,230.0
NMB,5/2/2019,381.0,386.0,379.0,383.0,-0.78,42074.0,272.0,230.0
NMB,5/5/2019,385.0,385.0,375.0,376.0,-1.83,56175.0,272.0,230.0
NMB,5/6/2019,382.0,386.0,374.0,386.0,2.66,81644.0,272.0,230.0
NMB,5/7/2019,385.0,391.0,385.0,387.0,0.26,68794.0,272.0,230.0
NMB,5/8/2019,383.0,386.0,382.0,383.0,-1.03,28675.0,272.0,230.0
NMB,5/9/2019,384.0,385.0,376.0,380.0,-0.78,98484.0,272.0,230.0
NMB,5/12/2019,375.0,382.0,375.0,381.0,0.26,22299.0,272.0,230.0
NMB,5/13/2019,378.0,381.0,378.0,381.0,0.0,21419.0,272.0,230.0
NMB,5/14/2019,381.0,388.0,380.0,388.0,1.84,76797.0,272.0,230.0
NMB,5/15/2019,388.0,392.0,385.0,387.0,-0.26,81993.0,272.0,230.0
NMB,5/16/2019,385.0,385.0,380.0,382.0,-1.29,48836.0,272.0,230.0
NMB,11/7/2019,345.0,350.0,333.0,347.0,-9.16,328151.0,272.0,230.0
NMB,11/10/2019,353.0,360.0,347.0,356.0,2.59,162209.0,272.0,230.0
NMB,11/11/2019,363.0,390.0,363.0,383.0,7.58,367157.0,272.0,230.0
NMB,11/12/2019,388.0,388.0,378.0,380.0,-0.78,169096.0,272.0,230.0
NMB,11/13/2019,380.0,380.0,376.0,378.0,-0.53,82679.0,272.0,230.0
NMB,11/14/2019,378.0,381.0,376.0,380.0,0.53,113239.0,272.0,230.0
NMB,11/17/2019,383.0,386.0,381.0,385.0,1.32,84288.0,272.0,230.0
NMB,11/18/2019,386.0,387.0,381.6,386.0,0.26,95670.0,272.0,230.0
NMB,11/19/2019,386.0,387.0,384.0,384.0,-0.52,83147.0,272.0,230.0
NMB,11/20/2019,385.0,390.0,385.0,386.0,0.52,91627.0,272.0,230.0
NMB,11/21/2019,385.0,386.0,381.0,382.0,-1.04,112465.0,272.0,230.0
NMB,11/24/2019,385.0,385.0,378.0,378.0,-1.05,55696.0,272.0,230.0
NMB,11/25/2019,378.0,381.0,375.0,379.0,0.26,54533.0,272.0,230.0
NMB,11/26/2019,379.0,382.0,378.0,380.0,0.26,35062.0,272.0,230.0
NMB,11/27/2019,380.0,384.0,379.0,383.0,0.79,72063.0,272.0,230.0
NMB,11/28/2019,385.0,385.0,383.0,383.0,0.0,41618.0,272.0,230.0
NMB,12/1/2019,385.0,385.0,383.0,385.0,0.52,45092.0,272.0,230.0
NMB,12/2/2019,385.0,385.0,383.0,385.0,0.0,50456.0,272.0,230.0
NMB,12/3/2019,388.0,388.0,384.0,385.0,0.0,49590.0,272.0,230.0
NMB,12/4/2019,386.0,387.0,385.0,387.0,0.52,44700.0,272.0,230.0
NMB,12/5/2019,387.0,388.0,386.0,388.0,0.26,57511.0,272.0,230.0
NMB,12/8/2019,388.0,389.0,385.0,388.0,0.0,41612.0,272.0,230.0
NMB,12/9/2019,388.0,390.0,386.0,388.0,0.0,49463.0,272.0,230.0
NMB,12/10/2019,388.0,392.0,372.0,391.0,0.77,99238.0,272.0,230.0
NMB,12/11/2019,386.0,397.0,385.0,395.0,1.02,69169.0,272.0,230.0
NMB,12/12/2019,397.0,399.0,395.0,397.0,0.51,96469.0,272.0,230.0
NMB,12/15/2019,397.0,407.0,397.0,403.0,1.51,158040.0,272.0,230.0
NMB,12/16/2019,404.0,405.0,400.0,400.0,-0.74,113564.0,272.0,230.0
NMB,12/17/2019,403.0,403.0,397.0,401.0,0.25,86445.0,272.0,230.0
NMB,12/18/2019,401.0,403.0,399.0,400.0,-0.25,122451.0,272.0,230.0
NMB,12/19/2019,400.0,402.0,400.0,402.0,0.5,307226.0,272.0,230.0
NMB,12/22/2019,332.0,332.0,322.0,326.0,-18.91,102132.0,272.0,230.0
NMB,12/23/2019,325.0,327.0,324.0,327.0,0.31,98291.0,272.0,230.0
NMB,12/24/2019,328.0,330.0,325.0,325.0,-0.61,56332.0,272.0,230.0
NMB,12/25/2019,330.0,330.0,323.0,324.0,-0.31,30314.0,272.0,230.0
NMB,12/26/2019,329.0,329.0,323.0,325.0,0.31,41536.0,272.0,230.0
NMB,12/29/2019,325.0,325.0,322.0,323.0,-0.62,17853.0,272.0,230.0
NMB,12/30/2019,321.0,324.0,321.0,324.0,0.31,78507.0,272.0,230.0
NMB,12/31/2019,324.0,324.0,322.0,324.0,0.0,32462.0,272.0,230.0
NMB,1/1/2020,323.0,324.0,322.0,323.0,-0.31,23763.0,272.0,230.0
NMB,1/2/2020,324.0,324.0,322.0,323.0,0.0,27521.0,272.0,230.0
NMB,1/5/2020,323.0,329.0,322.0,329.0,1.86,54331.0,272.0,230.0
NMB,1/6/2020,332.0,336.0,330.0,334.0,1.52,68334.0,272.0,230.0
NMB,1/7/2020,336.0,341.0,334.0,340.0,1.8,79407.0,272.0,230.0
NMB,1/8/2020,342.0,346.0,335.0,337.0,-0.88,57283.0,272.0,230.0
NMB,1/9/2020,335.0,340.0,334.0,335.0,-0.59,28036.0,272.0,230.0
NMB,1/12/2020,337.0,368.0,337.0,361.0,7.76,75020.0,272.0,230.0
NMB,1/13/2020,364.0,371.0,356.0,362.0,0.28,116507.0,272.0,230.0
NMB,1/14/2020,363.0,363.0,354.0,359.0,-0.83,50061.0,272.0,230.0
NMB,1/15/2020,360.0,372.0,359.0,367.0,2.23,87561.0,272.0,230.0
NMB,1/16/2020,374.0,381.0,373.0,375.0,2.18,91468.0,272.0,230.0
NMB,1/19/2020,379.0,381.0,376.0,376.0,0.27,82278.0,272.0,230.0
NMB,1/20/2020,381.0,383.0,366.0,368.0,-2.13,101949.0,272.0,230.0
NMB,1/21/2020,369.0,373.0,365.0,368.0,0.0,55039.0,272.0,230.0
NMB,1/22/2020,369.0,369.0,362.0,362.0,-1.63,49584.0,272.0,230.0
NMB,1/23/2020,361.0,364.0,352.0,355.0,-1.93,53615.0,272.0,230.0
NMB,1/26/2020,353.0,358.0,350.0,350.0,-1.41,40888.0,272.0,230.0
NMB,1/27/2020,348.0,360.0,346.0,357.0,2.0,55255.0,272.0,230.0
NMB,1/28/2020,363.0,364.0,358.0,360.0,0.84,55136.0,272.0,230.0
NMB,1/29/2020,360.0,361.0,355.0,358.0,-0.56,37059.0,272.0,230.0
NMB,1/30/2020,358.0,367.0,354.0,366.0,2.23,59668.0,272.0,230.0
NMB,2/2/2020,366.0,374.0,366.0,370.0,1.09,85366.0,272.0,230.0
NMB,2/3/2020,377.0,377.0,370.0,370.0,0.0,79966.0,272.0,230.0
NMB,2/4/2020,370.0,374.0,366.0,366.0,-1.08,42203.0,272.0,230.0
NMB,2/5/2020,367.0,368.0,364.0,367.0,0.27,29230.0,272.0,230.0
NMB,2/6/2020,366.0,369.0,365.0,366.0,-0.27,26157.0,272.0,230.0
NMB,2/9/2020,373.0,373.0,365.0,368.0,0.55,63312.0,272.0,230.0
NMB,2/10/2020,370.0,373.0,369.0,372.0,1.09,51686.0,272.0,230.0
NMB,2/11/2020,376.0,380.0,372.0,380.0,2.15,92952.0,272.0,230.0
NMB,2/12/2020,380.0,388.0,380.0,384.0,1.05,113683.0,272.0,230.0
NMB,2/13/2020,386.0,386.0,380.0,380.0,-1.04,72585.0,272.0,230.0
NMB,2/16/2020,383.0,383.0,377.0,380.0,0.0,46674.0,272.0,230.0
NMB,2/17/2020,384.0,400.0,384.0,399.0,5.0,192370.0,272.0,230.0
NMB,2/18/2020,403.0,415.0,403.0,410.0,2.76,234055.0,272.0,230.0
NMB,2/19/2020,412.0,417.0,407.0,409.0,-0.24,61581.0,272.0,230.0
NMB,2/20/2020,411.0,415.0,408.0,413.0,0.98,76737.0,272.0,230.0
NMB,2/23/2020,413.0,454.0,413.0,454.0,9.93,284029.0,272.0,230.0
NMB,2/24/2020,466.0,499.0,465.0,474.0,4.41,424714.0,272.0,230.0
NMB,2/25/2020,471.0,487.0,462.0,477.0,0.63,196613.0,272.0,230.0
NMB,2/26/2020,482.0,495.0,480.0,484.0,1.47,148457.0,272.0,230.0
NMB,2/27/2020,484.0,504.0,466.0,498.0,2.89,318594.0,272.0,230.0
NMB,3/1/2020,505.0,517.0,490.0,498.0,0.0,529912.0,272.0,230.0
NMB,3/2/2020,499.0,501.0,463.0,463.0,-7.03,184765.0,272.0,230.0
NMB,3/3/2020,454.0,494.0,445.0,479.0,3.46,531054.0,272.0,230.0
NMB,3/4/2020,479.0,481.0,460.0,460.0,-3.97,297065.0,272.0,230.0
NMB,3/5/2020,453.0,470.0,451.0,460.0,0.0,275113.0,272.0,230.0
NMB,3/10/2020,451.0,454.0,419.0,423.0,-8.04,154625.0,272.0,230.0
NMB,3/11/2020,430.0,451.0,420.0,448.0,5.91,276505.0,272.0,230.0
NMB,3/12/2020,449.0,455.0,432.0,437.0,-2.46,213976.0,272.0,230.0
NMB,3/15/2020,430.0,431.0,409.0,414.0,-5.26,252241.0,272.0,230.0
NMB,3/16/2020,414.0,420.0,400.0,408.0,-1.45,235808.0,272.0,230.0
NMB,3/17/2020,408.0,409.0,383.0,388.0,-4.9,235439.0,272.0,230.0
NMB,3/18/2020,394.0,397.0,373.0,385.0,-0.77,155135.0,272.0,230.0
NMB,3/19/2020,378.0,398.0,366.0,386.0,0.26,186484.0,272.0,230.0
NMB,3/22/2020,384.0,393.0,375.0,377.0,-2.33,51747.0,272.0,230.0
NMB,5/12/2020,370.0,370.0,366.0,366.0,-2.92,160.0,272.0,230.0
NMB,5/13/2020,359.0,359.0,356.0,356.0,-2.73,110.0,272.0,230.0
NMB,6/29/2020,349.0,349.0,321.0,345.0,-3.09,68746.0,272.0,230.0
NMB,6/30/2020,340.0,372.0,340.0,365.0,5.8,17394.0,272.0,230.0
NMB,7/1/2020,372.0,401.0,372.0,399.0,9.32,44805.0,272.0,230.0
NMB,7/2/2020,406.0,426.0,365.0,365.0,-8.52,51529.0,272.0,230.0
NMB,7/5/2020,365.0,378.0,355.0,369.0,1.1,111039.0,272.0,230.0
NMB,7/6/2020,372.0,381.0,366.0,381.0,3.25,69440.0,272.0,230.0
NMB,7/7/2020,385.0,399.0,384.0,392.0,2.89,129940.0,272.0,230.0
NMB,7/8/2020,397.0,398.0,380.0,389.0,-0.77,115813.0,272.0,230.0
NMB,7/9/2020,388.0,389.0,380.0,385.0,-1.03,72260.0,272.0,230.0
NMB,7/12/2020,387.0,395.0,380.0,383.0,-0.52,65612.0,272.0,230.0
NMB,7/13/2020,383.0,390.0,380.0,382.0,-0.26,94276.0,272.0,230.0
NMB,7/14/2020,385.0,389.0,379.0,387.0,1.31,179009.0,272.0,230.0
NMB,7/15/2020,394.0,401.0,389.0,397.0,2.58,217337.0,272.0,230.0
NMB,7/16/2020,404.0,415.0,404.0,413.0,4.03,201806.0,272.0,230.0
NMB,7/19/2020,433.0,454.0,433.0,454.0,9.93,6361.0,272.0,230.0
NMB,7/20/2020,470.0,499.0,430.0,443.0,-2.42,441191.0,272.0,230.0
NMB,7/21/2020,446.0,451.0,432.0,437.0,-1.35,316083.0,272.0,230.0
NMB,7/22/2020,445.0,447.0,426.0,429.0,-1.83,187887.0,272.0,230.0
NMB,7/23/2020,431.0,435.0,423.0,431.0,0.47,147191.0,272.0,230.0
NMB,7/26/2020,431.0,445.0,427.0,439.0,1.86,152742.0,272.0,230.0
NMB,7/27/2020,442.0,449.0,435.0,438.0,-0.23,132399.0,272.0,230.0
NMB,7/28/2020,444.0,444.0,433.0,437.0,-0.23,146800.0,272.0,230.0
NMB,7/29/2020,435.0,435.0,428.0,430.0,-1.6,131183.0,272.0,230.0
NMB,7/30/2020,428.0,434.0,422.0,430.0,0.0,107799.0,272.0,230.0
NMB,8/2/2020,425.0,432.0,413.0,415.0,-3.49,200556.0,272.0,230.0
NMB,8/3/2020,410.0,425.0,407.0,419.0,0.96,109441.0,272.0,230.0
NMB,8/5/2020,419.0,420.0,407.0,410.0,-2.15,175316.0,272.0,230.0
NMB,8/6/2020,410.0,412.0,400.0,409.0,-0.24,88592.0,272.0,230.0
NMB,8/9/2020,406.0,412.0,400.0,411.0,0.49,78628.0,272.0,230.0
NMB,8/10/2020,412.0,432.0,411.0,429.0,4.38,184024.0,272.0,230.0
NMB,8/11/2020,433.0,437.0,422.0,427.0,-0.47,106033.0,272.0,230.0
NMB,8/12/2020,432.0,432.0,423.0,428.0,0.23,42064.0,272.0,230.0
NMB,8/13/2020,424.0,427.0,417.0,417.0,-2.57,97693.0,272.0,230.0
NMB,8/16/2020,405.0,415.0,402.0,410.0,-1.68,151362.0,272.0,230.0
NMB,8/17/2020,412.0,414.0,408.0,411.0,0.24,92115.0,272.0,230.0
NMB,8/18/2020,415.0,418.0,410.0,413.0,0.49,56122.0,272.0,230.0
NMB,8/19/2020,410.0,413.0,403.0,409.0,-0.97,64888.0,272.0,230.0
NMB,8/20/2020,408.0,414.0,405.0,410.0,0.24,30416.0,272.0,230.0
NMB,8/23/2020,410.0,413.0,409.0,413.0,0.73,45095.0,272.0,230.0
NMB,8/24/2020,416.0,423.0,415.0,421.0,1.94,129693.0,272.0,230.0
NMB,8/25/2020,437.0,437.0,419.0,421.0,0.0,89663.0,272.0,230.0
NMB,8/26/2020,442.0,442.0,420.0,433.0,2.85,185649.0,272.0,230.0
NMB,8/27/2020,440.0,440.0,426.0,426.0,-1.62,161170.0,272.0,230.0
NMB,8/30/2020,425.0,428.0,420.0,424.0,-0.47,65622.0,272.0,230.0
NMB,8/31/2020,424.0,433.0,424.0,428.0,0.94,230120.0,272.0,230.0
NMB,9/2/2020,434.0,437.0,429.0,435.0,1.64,186415.0,272.0,230.0
NMB,9/3/2020,435.0,437.0,428.0,432.0,-0.69,102243.0,272.0,230.0
NMB,9/6/2020,450.0,450.0,425.0,427.0,-1.16,142996.0,272.0,230.0
NMB,9/7/2020,429.0,429.0,419.0,419.0,-1.87,93941.0,272.0,230.0
NMB,9/8/2020,421.0,423.0,415.0,420.0,0.24,100359.0,272.0,230.0
NMB,9/9/2020,412.0,421.0,412.0,420.0,0.0,121594.0,272.0,230.0
NMB,9/10/2020,417.0,426.0,416.0,421.0,0.24,77534.0,272.0,230.0
NMB,9/13/2020,422.0,423.0,417.0,422.0,0.24,81927.0,272.0,230.0
NMB,9/14/2020,424.0,431.0,422.0,424.0,0.47,158797.0,272.0,230.0
NMB,9/15/2020,428.0,429.0,419.0,421.0,-0.71,89839.0,272.0,230.0
NMB,9/16/2020,427.0,427.0,412.0,419.0,-0.48,44561.0,272.0,230.0
NMB,9/17/2020,437.0,437.0,419.0,425.0,1.43,177572.0,272.0,230.0
NMB,9/20/2020,430.0,432.0,424.0,426.0,0.24,102521.0,272.0,230.0
NMB,9/21/2020,426.0,427.0,419.0,422.0,-0.94,112661.0,272.0,230.0
NMB,9/22/2020,420.0,422.0,412.0,416.0,-1.42,178294.0,272.0,230.0
NMB,9/23/2020,416.0,418.0,413.0,417.0,0.24,74417.0,272.0,230.0
NMB,9/24/2020,415.0,417.0,414.0,417.0,0.0,83439.0,272.0,230.0
NMB,9/27/2020,418.0,421.0,413.0,419.0,0.48,120737.0,272.0,230.0
NMB,9/28/2020,419.0,420.0,414.0,415.0,-0.95,59279.0,272.0,230.0
NMB,9/29/2020,418.0,418.0,413.0,414.0,-0.24,41491.0,272.0,230.0
NMB,9/30/2020,414.0,415.0,412.0,415.0,0.24,116461.0,272.0,230.0
NMB,10/1/2020,435.0,435.0,412.0,416.0,0.24,89254.0,272.0,230.0
NMB,10/4/2020,430.0,430.0,417.0,417.0,0.24,86015.0,272.0,230.0
NMB,10/5/2020,417.0,424.0,413.0,415.0,-0.48,140499.0,272.0,230.0
NMB,10/6/2020,435.0,435.0,411.0,415.0,0.0,162936.0,272.0,230.0
NMB,10/7/2020,416.0,417.0,412.0,417.0,0.48,110503.0,272.0,230.0
NMB,10/8/2020,415.0,420.0,413.0,414.0,-0.72,93780.0,272.0,230.0
NMB,10/11/2020,412.0,415.0,410.0,411.0,-0.72,128177.0,272.0,230.0
NMB,10/12/2020,417.0,417.0,408.0,412.0,0.24,81820.0,272.0,230.0
NMB,10/13/2020,411.0,412.0,408.0,409.0,-0.73,90290.0,272.0,230.0
NMB,10/14/2020,412.0,412.0,408.0,410.0,0.24,56646.0,272.0,230.0
NMB,10/15/2020,414.0,417.0,408.0,408.0,-0.49,37831.0,272.0,230.0
NMB,10/18/2020,410.0,410.0,405.0,408.0,0.0,43817.0,272.0,230.0
NMB,10/19/2020,406.0,409.0,405.0,408.0,0.0,41725.0,272.0,230.0
NMB,10/20/2020,408.0,411.0,408.0,410.0,0.49,40447.0,272.0,230.0
NMB,10/21/2020,415.0,423.0,414.0,418.0,1.95,98551.0,272.0,230.0
NMB,10/22/2020,421.0,424.0,419.0,421.0,0.72,116378.0,272.0,230.0
NMB,10/28/2020,430.0,432.0,424.0,432.0,2.61,179025.0,272.0,230.0
NMB,10/29/2020,440.0,440.0,431.0,433.0,0.23,284334.0,272.0,230.0
NMB,11/1/2020,441.0,441.0,425.0,426.0,-1.62,110211.0,272.0,230.0
NMB,11/2/2020,426.0,426.0,420.0,423.0,-0.7,129530.0,272.0,230.0
NMB,11/3/2020,424.0,424.0,420.0,422.0,-0.24,82561.0,272.0,230.0
NMB,11/4/2020,430.0,430.0,419.0,421.0,-0.24,54797.0,272.0,230.0
NMB,11/5/2020,421.0,424.0,420.0,421.0,0.0,59701.0,272.0,230.0
NMB,11/8/2020,420.0,424.0,418.0,419.0,-0.48,86825.0,272.0,230.0
NMB,11/9/2020,399.0,422.0,399.0,415.0,-0.95,125672.0,272.0,230.0
NMB,11/10/2020,413.0,420.0,412.0,417.0,0.48,175699.0,272.0,230.0
NMB,11/11/2020,419.0,431.0,419.0,426.0,2.16,188385.0,272.0,230.0
NMB,11/12/2020,430.0,434.0,427.0,428.0,0.47,248456.0,272.0,230.0
NMB,11/18/2020,436.0,436.0,425.0,427.0,-0.23,124249.0,272.0,230.0
NMB,11/19/2020,427.0,432.0,426.0,430.0,0.7,167844.0,272.0,230.0
NMB,11/22/2020,451.0,451.0,426.0,436.0,1.4,266471.0,272.0,230.0
NMB,11/23/2020,437.0,438.0,429.0,432.0,-0.92,119303.0,272.0,230.0
NMB,11/24/2020,437.0,437.0,430.0,430.0,-0.46,163542.0,272.0,230.0
NMB,11/25/2020,445.0,445.0,434.0,438.0,1.86,231704.0,272.0,230.0
NMB,11/26/2020,445.0,450.0,439.0,444.0,1.37,311506.0,272.0,230.0
NMB,11/29/2020,450.0,484.0,448.0,479.0,7.88,460172.0,272.0,230.0
NMB,11/30/2020,488.0,505.0,459.0,464.0,-3.13,472431.0,272.0,230.0
NMB,12/1/2020,464.0,470.0,450.0,456.0,-1.72,237708.0,272.0,230.0
NMB,12/2/2020,459.0,471.0,448.0,461.0,1.1,197191.0,272.0,230.0
NMB,12/3/2020,470.0,485.0,460.0,467.0,1.3,256063.0,272.0,230.0
NMB,12/6/2020,467.0,474.0,442.0,445.0,-4.71,207676.0,272.0,230.0
NMB,12/7/2020,426.0,459.0,426.0,450.0,1.12,185378.0,272.0,230.0
NMB,12/8/2020,459.0,464.0,447.0,451.0,0.22,140780.0,272.0,230.0
NMB,12/9/2020,473.0,473.0,442.0,443.0,-1.77,117324.0,272.0,230.0
NMB,12/10/2020,465.0,465.0,438.0,442.0,-0.23,107388.0,272.0,230.0
NMB,12/13/2020,464.0,464.0,445.0,454.0,2.71,246575.0,272.0,230.0
NMB,12/14/2020,454.0,469.0,453.0,456.0,0.44,115113.0,272.0,230.0
NMB,12/15/2020,460.0,462.0,452.0,454.0,-0.44,115112.0,272.0,230.0
NMB,12/16/2020,452.0,462.0,449.0,457.0,0.66,141784.0,272.0,230.0
NMB,12/17/2020,479.0,479.0,450.0,452.0,-1.09,145867.0,272.0,230.0
NMB,12/20/2020,452.0,452.0,433.0,435.0,-3.76,271243.0,272.0,230.0
NMB,12/21/2020,427.0,442.0,411.0,433.0,-0.46,255964.0,272.0,230.0
NMB,12/22/2020,440.0,441.0,427.0,436.0,0.69,282250.0,272.0,230.0
NMB,12/23/2020,442.0,450.0,431.0,433.0,-0.69,167601.0,272.0,230.0
NMB,12/24/2020,439.0,439.0,427.0,428.0,-1.15,110812.0,272.0,230.0
NMB,12/27/2020,432.0,433.0,424.0,426.0,-0.47,172515.0,272.0,230.0
NMB,12/28/2020,429.0,429.0,420.0,423.0,-0.7,70074.0,272.0,230.0
NMB,12/29/2020,428.0,429.0,421.0,422.0,-0.24,127605.0,272.0,230.0
NMB,12/30/2020,428.0,430.0,420.0,427.0,1.18,213444.0,272.0,230.0
NMB,12/31/2020,390.0,391.0,379.0,388.0,-9.13,218544.0,272.0,230.0
NMB,1/3/2021,392.0,412.0,392.0,407.0,4.9,330742.0,272.0,230.0
NMB,1/4/2021,415.0,422.0,406.0,411.0,0.98,243148.0,272.0,230.0
NMB,1/5/2021,408.0,416.0,401.0,409.0,-0.49,181295.0,272.0,230.0
NMB,1/6/2021,413.0,417.0,407.0,409.0,0.0,162719.0,272.0,230.0
NMB,1/7/2021,411.0,416.0,408.0,408.0,-0.24,226348.0,272.0,230.0
NMB,1/10/2021,412.0,424.0,412.0,423.0,3.68,318095.0,272.0,230.0
NMB,1/11/2021,423.0,450.0,423.0,437.0,3.31,427211.0,272.0,230.0
NMB,1/12/2021,444.0,445.0,431.0,437.0,0.0,180534.0,272.0,230.0
NMB,1/13/2021,443.0,446.0,439.0,444.0,1.6,284054.0,272.0,230.0
NMB,1/17/2021,440.0,451.0,440.0,446.0,0.45,271617.0,272.0,230.0
NMB,1/18/2021,448.0,449.0,438.0,439.0,-1.57,197747.0,272.0,230.0
NMB,1/19/2021,441.0,445.0,433.0,436.0,-0.68,169492.0,272.0,230.0
NMB,1/20/2021,457.0,457.0,431.0,437.0,0.23,186008.0,272.0,230.0
NMB,1/21/2021,437.0,443.0,434.0,435.0,-0.46,193265.0,272.0,230.0
NMB,1/24/2021,437.0,442.0,430.0,433.0,-0.46,260333.0,272.0,230.0
NMB,1/25/2021,454.0,454.0,427.0,431.0,-0.46,248911.0,272.0,230.0
NMB,1/26/2021,433.0,435.0,423.0,426.0,-1.16,227451.0,272.0,230.0
NMB,1/27/2021,430.0,430.0,423.0,425.0,-0.23,155397.0,272.0,230.0
NMB,1/28/2021,430.0,438.0,423.0,425.0,0.0,265321.0,272.0,230.0
NMB,1/31/2021,425.0,432.0,419.0,421.0,-0.94,197295.0,272.0,230.0
NMB,2/1/2021,429.0,434.0,417.0,426.0,1.19,106287.0,272.0,230.0
NMB,2/2/2021,430.0,436.0,427.0,434.0,1.88,191450.0,272.0,230.0
NMB,2/3/2021,438.0,445.0,430.0,432.0,-0.46,228356.0,272.0,230.0
NMB,2/4/2021,411.0,438.0,411.0,428.0,-0.93,143800.0,272.0,230.0
NMB,2/7/2021,407.0,440.0,407.0,427.0,-0.23,173363.0,272.0,230.0
NMB,2/8/2021,406.0,445.0,406.0,442.0,3.51,367537.0,272.0,230.0
NMB,2/9/2021,450.0,453.0,439.0,440.0,-0.45,264381.0,272.0,230.0
NMB,2/10/2021,442.0,447.0,435.0,443.0,0.68,282311.0,272.0,230.0
NMB,2/11/2021,440.0,449.0,440.0,441.0,-0.45,239598.0,272.0,230.0
NMB,2/14/2021,425.0,450.0,425.0,440.0,-0.23,195794.0,272.0,230.0
NMB,2/15/2021,445.0,452.0,443.0,450.0,2.27,260034.0,272.0,230.0
NMB,2/16/2021,450.0,481.0,450.0,469.0,4.22,527060.0,272.0,230.0
NMB,2/17/2021,475.0,484.0,471.0,474.0,1.07,319668.0,272.0,230.0
NMB,2/18/2021,485.0,485.0,473.0,474.0,0.0,258073.0,272.0,230.0
NMB,2/21/2021,480.0,480.0,466.0,473.0,-0.21,271841.0,272.0,230.0
NMB,2/22/2021,473.0,474.0,455.0,457.0,-3.38,260937.0,272.0,230.0
NMB,2/23/2021,479.0,479.0,441.0,450.0,-1.53,283469.0,272.0,230.0
NMB,2/24/2021,455.0,469.0,450.0,456.0,1.33,204434.0,272.0,230.0
NMB,2/25/2021,475.0,475.0,444.0,446.0,-2.19,167029.0,272.0,230.0
NMB,2/28/2021,440.0,444.0,428.0,430.0,-3.59,243519.0,272.0,230.0
NMB,3/1/2021,450.0,450.0,422.0,435.0,1.16,162226.0,272.0,230.0
NMB,3/2/2021,437.0,440.0,421.0,423.0,-2.76,188354.0,272.0,230.0
NMB,3/3/2021,425.0,426.0,416.0,421.0,-0.47,157553.0,272.0,230.0
NMB,3/4/2021,422.0,432.0,420.0,429.0,1.9,120249.0,272.0,230.0
NMB,3/7/2021,436.0,436.0,424.0,426.0,-0.7,104756.0,272.0,230.0
NMB,3/9/2021,425.0,427.0,422.0,425.0,-0.23,90773.0,272.0,230.0
NMB,3/10/2021,425.0,425.0,419.0,421.0,-0.94,102913.0,272.0,230.0
NMB,3/14/2021,426.0,426.0,410.0,412.0,-2.14,192454.0,272.0,230.0
NMB,3/15/2021,400.0,418.0,400.0,410.0,-0.49,117920.0,272.0,230.0
NMB,3/16/2021,410.0,414.0,406.0,409.0,-0.24,144694.0,272.0,230.0
NMB,3/17/2021,414.0,415.0,408.0,412.0,0.73,77720.0,272.0,230.0
NMB,3/18/2021,416.0,420.0,413.0,415.0,0.73,103683.0,272.0,230.0
NMB,3/21/2021,416.0,428.0,416.0,428.0,3.13,211184.0,272.0,230.0
NMB,3/22/2021,430.0,430.0,422.0,423.0,-1.17,126669.0,272.0,230.0
NMB,3/23/2021,420.0,424.0,417.0,422.0,-0.24,91811.0,272.0,230.0
NMB,3/24/2021,430.0,430.0,420.0,427.0,1.18,128160.0,272.0,230.0
NMB,3/25/2021,430.0,430.0,420.0,421.0,-1.41,104590.0,272.0,230.0
NMB,3/29/2021,421.0,428.0,417.0,422.0,0.24,108675.0,272.0,230.0
NMB,3/30/2021,423.0,425.0,419.0,421.0,-0.24,89740.0,272.0,230.0
NMB,3/31/2021,421.0,431.0,420.0,428.0,1.66,150069.0,272.0,230.0
NMB,4/1/2021,432.0,432.0,425.0,426.0,-0.47,109706.0,272.0,230.0
NMB,4/4/2021,405.0,435.0,405.0,427.0,0.23,124196.0,272.0,230.0
NMB,4/5/2021,430.0,432.0,423.0,425.0,-0.47,96013.0,272.0,230.0
NMB,4/6/2021,425.0,427.0,421.0,424.0,-0.24,81414.0,272.0,230.0
NMB,4/7/2021,445.0,445.0,422.0,425.0,0.24,136765.0,272.0,230.0
NMB,4/8/2021,426.0,430.0,423.0,424.0,-0.24,112006.0,272.0,230.0
NMB,4/12/2021,421.0,433.0,421.0,431.0,1.65,167216.0,272.0,230.0
NMB,4/13/2021,432.0,439.0,428.0,437.0,1.39,164812.0,272.0,230.0
NMB,4/15/2021,441.0,447.0,437.0,440.0,0.69,238956.0,272.0,230.0
NMB,4/18/2021,444.0,445.0,431.0,432.0,-1.82,171867.0,272.0,230.0
NMB,4/19/2021,432.0,432.0,423.0,424.0,-1.85,138455.0,272.0,230.0
NMB,4/20/2021,431.0,431.0,422.0,426.0,0.47,118952.0,272.0,230.0
NMB,4/21/2021,428.0,430.0,420.0,421.0,-1.17,101360.0,272.0,230.0
NMB,4/22/2021,442.0,442.0,417.0,421.0,0.0,102241.0,272.0,230.0
NMB,4/25/2021,421.0,425.0,411.0,413.0,-1.9,207673.0,272.0,230.0
NMB,4/26/2021,410.0,414.0,402.0,403.0,-2.42,164932.0,272.0,230.0
NMB,4/27/2021,423.0,423.0,402.0,411.0,1.99,133908.0,272.0,230.0
NMB,4/28/2021,425.0,425.0,410.0,412.0,0.24,117707.0,272.0,230.0
NMB,4/29/2021,414.0,418.0,412.0,414.0,0.49,69138.0,272.0,230.0
NMB,5/2/2021,395.0,423.0,395.0,421.0,1.69,122228.0,272.0,230.0
NMB,5/3/2021,442.0,442.0,415.0,417.0,-0.95,92854.0,272.0,230.0
NMB,5/4/2021,421.0,421.0,413.0,416.0,-0.24,63482.0,272.0,230.0
NMB,5/5/2021,436.0,436.0,411.0,414.0,-0.48,61603.0,272.0,230.0
NMB,5/6/2021,415.0,417.0,410.0,412.0,-0.48,102514.0,272.0,230.0
NMB,5/9/2021,413.0,417.0,410.0,413.0,0.24,125202.0,272.0,230.0
NMB,5/10/2021,413.0,416.0,410.0,414.0,0.24,56168.0,272.0,230.0
NMB,5/11/2021,417.0,419.0,416.0,418.0,0.97,63188.0,272.0,230.0
NMB,5/12/2021,420.0,420.0,415.0,416.0,-0.48,59730.0,272.0,230.0
NMB,5/13/2021,420.0,420.0,415.0,415.0,-0.24,89463.0,272.0,230.0
NMB,5/16/2021,420.0,424.0,416.0,423.0,1.93,167954.0,272.0,230.0
NMB,5/17/2021,430.0,430.0,421.0,425.0,0.47,150610.0,272.0,230.0
NMB,5/18/2021,430.0,430.0,423.0,425.0,0.0,151670.0,272.0,230.0
NMB,5/19/2021,429.0,433.0,425.0,427.0,0.47,211175.0,272.0,230.0
NMB,5/20/2021,430.0,434.0,428.0,429.0,0.47,100987.0,272.0,230.0
NMB,5/23/2021,429.0,436.0,417.0,436.0,1.63,208985.0,272.0,230.0
NMB,5/24/2021,438.0,451.0,433.0,437.0,0.23,342503.0,272.0,230.0
NMB,5/25/2021,440.0,440.0,431.0,431.0,-1.37,144849.0,272.0,230.0
NMB,5/27/2021,426.0,434.0,422.0,430.0,-0.23,166463.0,272.0,230.0
NMB,5/30/2021,430.0,441.0,430.0,438.0,1.86,242012.0,272.0,230.0
NMB,5/31/2021,441.0,444.0,433.0,434.0,-0.91,195829.0,272.0,230.0
NMB,6/1/2021,436.0,437.0,428.0,430.0,-0.92,145225.0,272.0,230.0
NMB,6/2/2021,433.0,433.0,429.0,432.0,0.47,129625.0,272.0,230.0
NMB,6/3/2021,435.0,449.0,431.0,442.0,2.31,457880.0,272.0,230.0
NMB,6/6/2021,450.0,472.0,450.0,461.0,4.3,640308.0,272.0,230.0
NMB,6/7/2021,461.0,470.0,447.0,452.0,-1.95,476187.0,272.0,230.0
NMB,6/8/2021,460.0,460.0,448.0,456.0,0.88,285798.0,272.0,230.0
NMB,6/9/2021,465.0,465.0,450.0,452.0,-0.88,213775.0,272.0,230.0
NMB,6/10/2021,455.0,455.0,446.0,447.0,-1.11,224442.0,272.0,230.0
NMB,6/13/2021,450.0,452.0,444.0,448.0,0.22,278933.0,272.0,230.0
NMB,6/14/2021,452.0,469.0,450.0,458.0,2.23,441744.0,272.0,230.0
NMB,6/15/2021,464.0,468.0,457.0,458.0,0.0,274450.0,272.0,230.0
NMB,6/16/2021,450.0,466.0,450.0,456.0,-0.44,204408.0,272.0,230.0
NMB,6/17/2021,457.0,460.0,451.0,451.0,-1.1,176663.0,272.0,230.0
NMB,6/20/2021,455.0,455.0,438.0,441.0,-2.22,241771.0,272.0,230.0
NMB,6/21/2021,445.0,451.0,434.0,434.0,-1.59,226120.0,272.0,230.0
NMB,6/22/2021,434.0,445.0,432.0,445.0,2.53,152975.0,272.0,230.0
NMB,6/23/2021,445.0,450.0,436.0,437.0,-1.8,128900.0,272.0,230.0
NMB,6/24/2021,416.0,445.0,416.0,436.0,-0.23,138120.0,272.0,230.0
NMB,6/27/2021,437.0,446.0,435.0,443.0,1.61,168912.0,272.0,230.0
NMB,6/28/2021,450.0,451.0,443.0,445.0,0.45,140799.0,272.0,230.0
NMB,6/29/2021,423.0,447.0,423.0,440.0,-1.12,90235.0,272.0,230.0
NMB,6/30/2021,440.0,441.0,435.0,441.0,0.23,85430.0,272.0,230.0
NMB,7/1/2021,441.0,447.0,438.0,439.0,-0.45,79717.0,272.0,230.0
NMB,7/4/2021,444.0,444.0,436.0,437.0,-0.46,64672.0,272.0,230.0
NMB,7/5/2021,437.0,440.0,432.0,436.0,-0.23,72802.0,272.0,230.0
NMB,7/6/2021,434.0,437.0,433.0,436.0,0.0,55218.0,272.0,230.0
NMB,7/7/2021,440.0,440.0,435.0,435.0,-0.23,65430.0,272.0,230.0
NMB,7/8/2021,435.0,442.0,434.0,436.0,0.23,117018.0,272.0,230.0
NMB,7/11/2021,444.0,445.0,436.0,445.0,2.06,165440.0,272.0,230.0
NMB,7/12/2021,448.0,451.0,439.0,441.0,-0.9,141553.0,272.0,230.0
NMB,7/13/2021,450.0,450.0,436.0,443.0,0.45,71742.0,272.0,230.0
NMB,7/14/2021,445.0,445.0,440.0,442.0,-0.23,66406.0,272.0,230.0
NMB,7/15/2021,442.0,444.0,435.0,440.0,-0.45,147573.0,272.0,230.0
NMB,7/18/2021,446.0,469.0,444.0,463.0,5.23,356221.0,272.0,230.0
NMB,7/19/2021,472.0,490.0,468.0,479.0,3.46,575062.0,272.0,230.0
NMB,7/20/2021,488.0,488.0,473.0,480.0,0.21,219942.0,272.0,230.0
NMB,7/22/2021,482.0,495.0,478.0,492.0,2.5,397006.0,272.0,230.0
NMB,7/25/2021,498.0,513.0,498.0,510.8,3.82,499345.0,272.0,230.0
NMB,7/26/2021,517.0,517.0,495.9,499.0,-2.31,388580.0,272.0,230.0
NMB,7/27/2021,490.0,497.0,472.0,495.5,-0.7,372228.0,272.0,230.0
NMB,7/28/2021,496.0,503.0,487.3,490.0,-1.11,164021.0,272.0,230.0
NMB,7/29/2021,490.0,493.0,485.5,485.5,-0.92,131486.0,272.0,230.0
NMB,8/1/2021,485.0,494.7,485.0,487.8,0.47,116366.0,272.0,230.0
NMB,8/2/2021,487.8,490.0,484.0,484.0,-0.78,112338.0,272.0,230.0
NMB,8/3/2021,488.0,488.0,477.3,481.0,-0.62,175589.0,272.0,230.0
NMB,8/4/2021,483.0,487.9,480.0,481.9,0.19,108354.0,272.0,230.0
NMB,8/5/2021,485.0,485.0,479.0,481.0,-0.19,133529.0,272.0,230.0
NMB,8/8/2021,485.0,485.0,480.0,481.0,0.0,134664.0,272.0,230.0
NMB,8/9/2021,484.0,484.0,477.0,477.5,-0.73,124556.0,272.0,230.0
NMB,8/10/2021,475.0,495.1,475.0,488.0,2.2,228883.0,272.0,230.0
NMB,8/11/2021,495.0,500.0,482.0,484.1,-0.8,197219.0,272.0,230.0
NMB,8/12/2021,481.0,490.0,481.0,485.1,0.21,181474.0,272.0,230.0
NMB,8/15/2021,494.0,494.0,480.0,483.5,-0.33,309794.0,272.0,230.0
NMB,8/16/2021,490.0,490.0,478.0,479.0,-0.93,159892.0,272.0,230.0
NMB,8/17/2021,482.0,482.0,470.0,473.0,-1.25,170349.0,272.0,230.0
NMB,8/18/2021,475.0,482.0,465.0,474.9,0.4,176978.0,272.0,230.0
NMB,8/19/2021,475.0,480.0,468.0,468.0,-1.45,170403.0,272.0,230.0
NMB,8/24/2021,470.0,475.0,460.2,462.0,-1.28,111029.0,272.0,230.0
NMB,8/25/2021,463.0,463.0,455.0,456.0,-1.3,111112.0,272.0,230.0
NMB,8/26/2021,458.0,461.0,448.4,453.0,-0.66,187783.0,272.0,230.0
NMB,8/29/2021,455.0,460.0,446.0,449.0,-0.88,195353.0,272.0,230.0
NMB,8/31/2021,449.0,449.0,440.0,444.0,-1.11,143720.0,272.0,230.0
NMB,9/1/2021,448.0,452.0,439.1,446.5,0.56,112030.0,272.0,230.0
NMB,9/2/2021,449.9,451.0,439.0,441.0,-1.23,130405.0,272.0,230.0
NMB,9/5/2021,441.0,441.0,422.1,428.0,-2.95,172437.0,272.0,230.0
NMB,9/6/2021,428.0,448.0,425.0,448.0,4.67,121636.0,272.0,230.0
NMB,9/7/2021,452.0,452.0,438.0,440.0,-1.79,77053.0,272.0,230.0
NMB,9/8/2021,440.0,441.0,425.0,430.9,-2.07,132390.0,272.0,230.0
NMB,9/9/2021,438.1,439.0,427.0,432.0,0.26,84672.0,272.0,230.0
NMB,9/12/2021,440.0,441.0,428.0,432.0,0.0,102331.0,272.0,230.0
NMB,9/13/2021,432.0,440.0,432.0,438.0,1.39,77215.0,272.0,230.0
NMB,9/14/2021,440.0,445.0,432.9,433.5,-1.03,78115.0,272.0,230.0
NMB,9/15/2021,433.0,433.0,428.0,430.0,-0.81,62318.0,272.0,230.0
NMB,9/16/2021,430.0,430.0,420.1,421.3,-2.02,142013.0,272.0,230.0
NMB,9/20/2021,425.0,428.0,410.0,410.3,-2.61,141745.0,272.0,230.0
NMB,9/21/2021,408.0,428.0,395.0,411.0,0.17,111562.0,272.0,230.0
NMB,9/22/2021,419.0,425.0,417.0,424.0,3.16,78257.0,272.0,230.0
NMB,9/23/2021,432.4,449.0,432.0,434.2,2.41,187872.0,272.0,230.0
NMB,9/26/2021,442.0,450.0,430.0,432.0,-0.51,117308.0,272.0,230.0
NMB,9/27/2021,432.0,432.0,416.1,418.0,-3.24,90612.0,272.0,230.0
NMB,9/28/2021,419.0,420.0,407.0,409.0,-2.15,88646.0,272.0,230.0
NMB,9/29/2021,415.0,418.0,400.0,416.0,1.71,88535.0,272.0,230.0
NMB,9/30/2021,416.0,418.0,409.0,409.0,-1.68,57577.0,272.0,230.0
NMB,10/3/2021,415.0,415.0,399.0,402.0,-1.71,77945.0,272.0,230.0
NMB,10/4/2021,405.0,408.9,395.0,400.0,-0.5,81606.0,272.0,230.0
NMB,10/5/2021,407.0,410.0,402.6,405.0,1.25,37896.0,272.0,230.0
NMB,10/6/2021,412.0,412.0,405.0,409.0,0.99,71209.0,272.0,230.0
NMB,10/10/2021,410.0,419.4,409.0,409.9,0.22,53200.0,272.0,230.0
NMB,10/11/2021,410.0,410.0,401.0,410.0,0.02,45430.0,272.0,230.0
NMB,10/17/2021,410.0,412.0,403.0,410.0,0.0,25763.0,272.0,230.0
NMB,10/18/2021,406.1,408.0,399.0,401.0,-2.2,53068.0,272.0,230.0
NMB,10/19/2021,405.0,405.0,388.0,390.0,-2.74,82549.0,272.0,230.0
NMB,10/20/2021,397.0,405.0,395.0,397.0,1.79,46384.0,272.0,230.0
NMB,10/21/2021,400.0,400.0,390.0,390.0,-1.76,56513.0,272.0,230.0
NMB,10/24/2021,385.1,395.0,385.1,394.5,1.15,40832.0,272.0,230.0
NMB,10/25/2021,400.0,404.0,399.0,404.0,2.41,51482.0,272.0,230.0
NMB,10/26/2021,408.5,416.9,408.0,416.8,3.17,68914.0,272.0,230.0
NMB,10/27/2021,412.0,420.0,411.0,415.0,-0.43,76003.0,272.0,230.0
NMB,10/28/2021,414.0,415.0,411.0,413.0,-0.48,37540.0,272.0,230.0
NMB,10/31/2021,421.0,427.0,413.6,414.0,0.24,176901.0,272.0,230.0
NMB,11/1/2021,422.2,422.2,411.6,414.8,0.19,133800.0,272.0,230.0
NMB,11/2/2021,415.0,418.0,414.7,415.0,0.05,60246.0,272.0,230.0
NMB,11/3/2021,417.0,418.0,413.0,416.1,0.27,78596.0,272.0,230.0
NMB,11/8/2021,420.0,424.4,412.5,414.0,-0.5,46299.0,272.0,230.0
NMB,11/9/2021,413.0,414.0,404.0,404.1,-2.39,77287.0,272.0,230.0
NMB,11/11/2021,405.0,405.0,393.0,399.0,-1.26,58943.0,272.0,230.0
NMB,11/14/2021,398.0,399.0,392.0,394.5,-1.13,46955.0,272.0,230.0
NMB,11/15/2021,395.0,400.0,394.0,394.8,0.08,51694.0,272.0,230.0
NMB,11/16/2021,398.8,399.0,395.0,399.0,1.06,68996.0,272.0,230.0
NMB,11/17/2021,404.9,405.0,396.0,398.5,-0.13,47947.0,272.0,230.0
NMB,11/18/2021,399.0,400.0,393.8,394.0,-1.13,49610.0,272.0,230.0
NMB,11/21/2021,394.0,397.0,393.0,393.0,-0.25,24380.0,272.0,230.0
NMB,11/22/2021,395.0,397.0,390.0,391.5,-0.38,38405.0,272.0,230.0
NMB,11/23/2021,394.0,394.0,388.7,389.7,-0.46,40645.0,272.0,230.0
NMB,11/24/2021,394.9,395.0,383.1,387.0,-0.69,38419.0,272.0,230.0
NMB,11/25/2021,386.0,392.0,386.0,388.0,0.26,49647.0,272.0,230.0
NMB,11/28/2021,388.0,388.0,377.4,379.0,-2.32,78205.0,272.0,230.0
NMB,11/29/2021,379.0,383.0,373.4,374.0,-1.32,71430.0,272.0,230.0
NMB,11/30/2021,374.1,381.0,370.1,376.0,0.53,106155.0,272.0,230.0
NMB,12/1/2021,376.0,379.0,374.0,374.0,-0.53,65797.0,272.0,230.0
NMB,12/2/2021,381.4,383.0,375.0,377.4,0.91,87242.0,272.0,230.0
NMB,12/5/2021,378.0,383.8,365.1,369.0,-2.23,94079.0,272.0,230.0
NMB,12/6/2021,370.0,373.0,357.0,370.0,0.27,98163.0,272.0,230.0
NMB,12/7/2021,370.0,377.9,370.0,372.0,0.54,59150.0,272.0,230.0
NMB,12/8/2021,371.0,373.9,365.0,365.5,-1.75,51458.0,272.0,230.0
NMB,12/9/2021,363.0,368.0,362.2,367.0,0.41,39811.0,272.0,230.0
NMB,12/12/2021,370.0,370.0,360.0,362.0,-1.36,48455.0,272.0,230.0
NMB,12/13/2021,361.0,363.0,346.5,352.0,-2.76,109886.0,272.0,230.0
NMB,12/14/2021,359.0,370.7,356.0,369.7,5.03,48816.0,272.0,230.0
NMB,12/15/2021,370.9,377.0,365.0,369.0,-0.19,81540.0,272.0,230.0
NMB,12/16/2021,369.0,369.0,362.0,367.8,-0.33,45412.0,272.0,230.0
NMB,12/20/2021,375.1,375.1,364.5,368.0,0.05,103629.0,272.0,230.0
NMB,12/21/2021,373.0,380.0,371.0,378.4,2.83,172280.0,272.0,230.0
NMB,12/22/2021,333.0,343.0,330.0,340.0,-10.15,76814.0,272.0,230.0
NMB,12/23/2021,340.0,342.0,335.0,337.1,-0.85,39561.0,272.0,230.0
NMB,12/26/2021,341.0,341.0,335.0,337.0,-0.03,89358.0,272.0,230.0
NMB,12/27/2021,340.0,340.9,331.0,332.0,-1.48,62944.0,272.0,230.0
NMB,12/28/2021,332.0,332.0,326.0,328.0,-1.2,50081.0,272.0,230.0
NMB,12/29/2021,334.0,334.0,326.5,329.0,0.3,49340.0,272.0,230.0
NMB,1/2/2022,330.0,332.0,326.0,329.5,0.15,55759.0,272.0,230.0
NMB,1/3/2022,335.0,338.0,329.0,335.0,1.67,61935.0,272.0,230.0
NMB,1/4/2022,330.1,359.0,330.1,358.0,6.87,122527.0,272.0,230.0
NMB,1/5/2022,360.0,363.0,348.1,349.0,-2.51,61584.0,272.0,230.0
NMB,1/6/2022,349.0,354.0,345.5,352.0,0.86,71121.0,272.0,230.0
NMB,1/9/2022,355.5,365.0,354.0,364.0,3.41,138572.0,272.0,230.0
NMB,1/10/2022,371.2,371.2,358.0,358.5,-1.51,89810.0,272.0,230.0
NMB,1/11/2022,362.0,362.0,355.0,359.0,0.14,81984.0,272.0,230.0
NMB,1/12/2022,359.0,361.0,353.0,353.1,-1.64,80396.0,272.0,230.0
NMB,1/13/2022,352.0,357.0,352.0,353.4,0.08,57431.0,272.0,230.0
NMB,1/16/2022,360.0,367.0,356.5,362.0,2.43,98299.0,272.0,230.0
NMB,1/17/2022,369.0,370.0,361.0,365.1,0.86,61957.0,272.0,230.0
NMB,1/18/2022,367.0,387.6,363.0,377.9,3.51,134459.0,272.0,230.0
NMB,1/19/2022,373.5,378.0,367.4,370.0,-2.09,82644.0,272.0,230.0
NMB,1/20/2022,367.0,372.0,366.5,369.0,-0.27,39556.0,272.0,230.0
NMB,1/23/2022,371.0,371.0,359.0,362.0,-1.9,72095.0,272.0,230.0
NMB,1/24/2022,360.0,361.0,347.0,349.0,-3.59,76337.0,272.0,230.0
NMB,1/25/2022,355.9,355.9,345.0,350.0,0.29,54720.0,272.0,230.0
NMB,1/26/2022,345.0,349.0,342.0,343.1,-1.97,44525.0,272.0,230.0
NMB,1/27/2022,345.0,349.0,339.0,340.1,-0.87,37922.0,272.0,230.0
NMB,1/30/2022,346.9,360.0,346.9,352.0,3.5,45647.0,272.0,230.0
NMB,1/31/2022,352.0,355.0,346.5,347.0,-1.42,28505.0,272.0,230.0
NMB,2/1/2022,347.0,349.0,343.0,347.5,0.14,46912.0,272.0,230.0
NMB,2/3/2022,353.0,354.0,345.0,347.0,-0.14,55570.0,272.0,230.0
NMB,2/6/2022,345.0,350.0,340.0,342.0,-1.44,52586.0,272.0,230.0
NMB,2/7/2022,341.0,344.0,338.3,340.7,-0.38,50996.0,272.0,230.0
NMB,2/8/2022,347.0,355.5,339.0,340.0,-0.21,62268.0,272.0,230.0
NMB,2/9/2022,340.0,342.0,337.0,338.0,-0.59,36942.0,272.0,230.0
NMB,2/10/2022,339.0,339.0,334.5,335.0,-0.89,46342.0,272.0,230.0
NMB,2/13/2022,330.0,334.0,324.0,324.4,-3.16,98866.0,272.0,230.0
NMB,2/14/2022,328.0,330.9,321.0,324.0,-0.12,90724.0,272.0,230.0
NMB,2/15/2022,325.1,328.0,322.5,327.0,0.93,62430.0,272.0,230.0
NMB,2/16/2022,327.0,328.5,325.0,326.0,-0.31,39665.0,272.0,230.0
NMB,2/17/2022,327.0,330.0,326.0,326.5,0.15,19827.0,272.0,230.0
NMB,2/20/2022,324.0,326.0,319.0,322.8,-1.13,40760.0,272.0,230.0
NMB,2/21/2022,323.0,326.0,320.0,325.0,0.68,43544.0,272.0,230.0
NMB,2/22/2022,325.0,330.0,322.5,325.2,0.06,34205.0,272.0,230.0
NMB,2/23/2022,327.0,327.0,323.0,324.0,-0.37,32142.0,272.0,230.0
NMB,2/24/2022,322.0,322.1,316.0,317.1,-2.13,75064.0,272.0,230.0
NMB,2/27/2022,320.0,320.0,314.0,314.5,-0.82,34905.0,272.0,230.0
NMB,2/28/2022,320.7,324.0,313.0,313.8,-0.22,41040.0,272.0,230.0
NMB,3/2/2022,310.0,315.0,308.0,309.1,-1.5,52893.0,272.0,230.0
NMB,3/6/2022,312.0,315.0,308.7,309.1,0.0,44259.0,272.0,230.0
NMB,3/7/2022,309.0,315.0,309.0,309.0,-0.03,22309.0,272.0,230.0
NMB,3/9/2022,312.0,313.7,305.0,307.0,-0.65,48000.0,272.0,230.0
NMB,3/10/2022,307.0,311.0,305.0,310.9,1.27,19182.0,272.0,230.0
NMB,3/13/2022,317.0,325.0,310.0,322.8,3.83,42573.0,272.0,230.0
NMB,3/14/2022,323.0,326.9,316.5,316.5,-1.95,20253.0,272.0,230.0
NMB,3/15/2022,317.0,320.0,315.3,317.9,0.44,28534.0,272.0,230.0
NMB,3/16/2022,318.1,318.7,315.1,316.0,-0.6,20388.0,272.0,230.0
NMB,3/20/2022,315.5,316.0,310.0,314.5,-0.47,21991.0,272.0,230.0
NMB,3/21/2022,315.0,318.0,309.1,316.0,0.48,50637.0,272.0,230.0
NMB,3/22/2022,317.0,320.0,315.7,316.1,0.03,38548.0,272.0,230.0
NMB,3/23/2022,317.0,317.1,311.0,314.9,-0.38,37611.0,272.0,230.0
NMB,3/24/2022,310.0,315.0,310.0,312.0,-0.92,32775.0,272.0,230.0
NMB,3/27/2022,315.0,315.0,308.0,309.2,-0.9,66245.0,272.0,230.0
NMB,3/28/2022,309.0,311.0,305.0,307.9,-0.42,45565.0,272.0,230.0
NMB,3/29/2022,309.0,310.0,302.3,304.9,-0.97,40283.0,272.0,230.0
NMB,3/30/2022,305.0,306.0,300.0,304.0,-0.3,45545.0,272.0,230.0
NMB,3/31/2022,310.0,310.0,303.0,304.0,0.0,29850.0,272.0,230.0
NMB,4/3/2022,306.0,306.0,300.0,303.5,-0.16,32112.0,272.0,230.0
NMB,4/4/2022,303.0,307.0,301.0,306.0,0.82,49325.0,272.0,230.0
NMB,4/5/2022,306.0,306.0,298.0,301.0,-1.63,72788.0,272.0,230.0
NMB,4/6/2022,300.0,300.0,295.0,297.0,-1.33,50955.0,272.0,230.0
NMB,4/7/2022,302.0,302.9,294.1,297.0,0.0,79585.0,272.0,230.0
NMB,4/11/2022,301.0,305.0,294.0,295.0,-0.67,42419.0,272.0,230.0
NMB,4/12/2022,295.0,298.0,290.0,291.0,-1.36,36014.0,272.0,230.0
NMB,4/13/2022,291.0,294.9,290.0,293.0,0.69,28247.0,272.0,230.0
NMB,4/17/2022,297.0,300.0,292.0,294.0,0.34,35265.0,272.0,230.0
NMB,4/18/2022,290.0,294.0,290.0,293.5,-0.17,28035.0,272.0,230.0
NMB,4/19/2022,295.0,299.0,286.0,293.0,-0.17,32995.0,272.0,230.0
NMB,4/20/2022,293.0,297.0,290.3,292.9,-0.03,30230.0,272.0,230.0
NMB,4/21/2022,296.0,297.0,287.0,289.0,-1.33,37519.0,272.0,230.0
NMB,4/24/2022,293.9,301.0,290.5,299.9,3.77,35293.0,272.0,230.0
NMB,4/25/2022,304.9,305.0,296.0,296.0,-1.3,25030.0,272.0,230.0
NMB,4/26/2022,295.0,300.0,293.0,297.0,0.34,27948.0,272.0,230.0
NMB,4/27/2022,297.0,298.0,294.0,294.2,-0.94,19611.0,272.0,230.0
NMB,4/28/2022,295.0,295.0,292.0,293.0,-0.41,25873.0,272.0,230.0
NMB,5/2/2022,293.0,294.0,289.0,291.0,-0.68,27499.0,272.0,230.0
NMB,5/4/2022,287.0,290.9,285.2,286.0,-1.72,26156.0,272.0,230.0
NMB,5/5/2022,290.0,290.0,281.0,281.5,-1.57,33439.0,272.0,230.0
NMB,5/8/2022,281.9,283.0,277.0,279.0,-0.89,33057.0,272.0,230.0
NMB,5/9/2022,284.0,290.0,281.4,285.0,2.15,31437.0,272.0,230.0
NMB,5/10/2022,287.0,294.5,285.0,290.9,2.07,26916.0,272.0,230.0
NMB,5/11/2022,296.0,296.5,292.0,294.6,1.27,18753.0,272.0,230.0
NMB,5/12/2022,298.0,300.0,293.0,296.9,0.78,32610.0,272.0,230.0
NMB,5/17/2022,298.0,299.0,287.0,288.0,-3.0,18997.0,272.0,230.0
NMB,5/18/2022,287.0,290.0,283.0,288.4,0.14,16563.0,272.0,230.0
NMB,5/19/2022,290.0,290.0,286.0,288.0,-0.14,18632.0,272.0,230.0
NMB,5/20/2022,286.0,288.0,283.0,283.1,-1.7,20893.0,272.0,230.0
NMB,5/23/2022,286.0,286.0,280.0,280.0,-1.1,22294.0,272.0,230.0
NMB,5/24/2022,280.0,285.0,280.0,282.0,0.71,22025.0,272.0,230.0
NMB,5/25/2022,285.0,286.0,281.0,282.8,0.28,18363.0,272.0,230.0
NMB,5/26/2022,285.0,285.0,281.0,284.9,0.74,23601.0,272.0,230.0
NMB,5/27/2022,287.0,287.0,282.5,285.9,0.35,32991.0,272.0,230.0
NMB,5/30/2022,289.9,289.9,278.0,279.0,-2.41,28175.0,272.0,230.0
NMB,5/31/2022,280.0,282.0,271.0,272.0,-2.51,31231.0,272.0,230.0
NMB,6/1/2022,275.0,278.0,270.0,273.0,0.37,17677.0,272.0,230.0
NMB,6/2/2022,273.1,276.0,270.0,271.3,-0.62,17865.0,272.0,230.0
NMB,6/3/2022,269.5,273.0,266.0,269.0,-0.85,26798.0,272.0,230.0
NMB,6/6/2022,270.1,273.0,260.0,264.0,-1.86,37197.0,272.0,230.0
NMB,6/7/2022,264.0,264.0,258.1,258.1,-2.23,35120.0,272.0,230.0
NMB,6/8/2022,260.0,269.0,260.0,267.4,3.6,32014.0,272.0,230.0
NMB,6/9/2022,272.5,275.2,269.0,270.8,1.27,42161.0,272.0,230.0
NMB,6/10/2022,274.9,274.9,262.0,268.0,-1.03,31416.0,272.0,230.0
NMB,6/13/2022,268.0,268.0,263.0,264.5,-1.31,25913.0,272.0,230.0
NMB,6/14/2022,263.0,266.0,260.5,262.2,-0.87,21077.0,272.0,230.0
NMB,6/15/2022,258.0,260.0,255.0,256.7,-2.1,49181.0,272.0,230.0
NMB,6/16/2022,253.0,264.0,251.6,264.0,2.84,39007.0,272.0,230.0
NMB,6/17/2022,264.0,272.0,264.0,267.0,1.14,34708.0,272.0,230.0
NMB,6/19/2022,265.2,270.0,262.0,262.9,-1.54,31938.0,272.0,230.0
NMB,6/20/2022,267.0,268.0,254.3,256.0,-2.62,43981.0,272.0,230.0
NMB,6/21/2022,253.0,262.1,252.0,258.0,0.78,31684.0,272.0,230.0
NMB,6/22/2022,260.0,260.0,252.9,255.0,-1.16,35992.0,272.0,230.0
NMB,6/23/2022,250.0,255.0,248.0,250.0,-1.96,60116.0,272.0,230.0
NMB,6/24/2022,250.0,251.0,240.0,249.9,-0.04,38218.0,272.0,230.0
NMB,6/26/2022,250.1,260.0,250.1,257.2,2.92,41691.0,272.0,230.0
NMB,6/27/2022,262.0,262.0,253.0,255.0,-0.86,22906.0,272.0,230.0
NMB,6/28/2022,250.0,255.0,249.0,254.0,-0.39,27958.0,272.0,230.0
NMB,6/29/2022,251.0,256.0,251.0,256.0,0.79,26210.0,272.0,230.0
NMB,6/30/2022,255.0,262.1,255.0,262.0,2.34,39723.0,272.0,230.0
NMB,7/1/2022,265.1,266.0,259.1,260.0,-0.76,18894.0,272.0,230.0
NMB,7/3/2022,260.0,260.0,255.1,260.0,0.0,45552.0,272.0,230.0
NMB,7/4/2022,261.5,267.5,258.1,258.4,-0.62,71547.0,272.0,230.0
NMB,7/5/2022,257.0,261.0,255.0,258.0,-0.15,93016.0,272.0,230.0
NMB,7/6/2022,260.0,260.0,255.0,257.1,-0.35,78518.0,272.0,230.0
NMB,7/7/2022,262.2,263.0,256.0,257.0,-0.04,83273.0,272.0,230.0
NMB,7/8/2022,254.0,256.9,254.0,256.0,-0.39,58995.0,272.0,230.0
NMB,7/11/2022,254.0,254.0,245.0,247.0,-3.52,46135.0,272.0,230.0
NMB,7/12/2022,247.0,251.8,245.0,249.3,0.93,86608.0,272.0,230.0
NMB,7/13/2022,248.0,258.0,247.1,258.0,3.49,77928.0,272.0,230.0
NMB,7/14/2022,262.0,263.0,256.0,258.0,0.0,22474.0,272.0,230.0
NMB,7/15/2022,261.9,262.0,258.0,261.0,1.16,23894.0,272.0,230.0
NMB,7/17/2022,263.0,264.7,260.4,263.0,0.77,18810.0,272.0,230.0
NMB,7/18/2022,268.0,268.0,260.0,265.9,1.1,15538.0,272.0,230.0
NMB,7/19/2022,270.0,270.0,265.0,267.9,0.75,14780.0,272.0,230.0
NMB,7/20/2022,267.0,268.1,265.0,266.4,-0.56,14994.0,272.0,230.0
NMB,7/21/2022,266.0,272.0,264.0,265.1,-0.49,29627.0,272.0,230.0
NMB,7/22/2022,263.1,264.0,257.1,258.6,-2.45,15718.0,272.0,230.0
NMB,7/24/2022,263.0,264.0,259.0,262.0,1.31,17733.0,272.0,230.0
NMB,7/25/2022,267.2,270.0,262.4,265.0,1.15,30012.0,272.0,230.0
NMB,7/26/2022,266.0,267.0,260.0,260.1,-1.85,24462.0,272.0,230.0
NMB,7/27/2022,264.0,264.0,257.2,258.0,-0.81,24772.0,272.0,230.0
NMB,7/28/2022,261.0,261.0,256.0,258.0,0.0,52551.0,272.0,230.0
NMB,7/29/2022,263.0,263.0,255.0,258.0,0.0,15734.0,272.0,230.0
NMB,7/31/2022,263.0,267.7,257.0,266.9,3.45,54953.0,272.0,230.0
NMB,8/1/2022,270.0,277.0,267.1,272.0,1.91,54534.0,272.0,230.0
NMB,8/2/2022,270.0,275.0,266.1,269.0,-1.1,24149.0,272.0,230.0
NMB,8/3/2022,273.2,273.2,266.0,269.9,0.33,39081.0,272.0,230.0
NMB,8/4/2022,274.0,275.0,265.0,268.9,-0.37,70344.0,272.0,230.0
NMB,8/5/2022,265.0,268.0,260.0,260.6,-3.09,39936.0,272.0,230.0
NMB,8/7/2022,255.4,264.9,255.4,260.0,-0.23,31446.0,272.0,230.0
NMB,8/8/2022,264.0,264.0,259.0,261.0,0.38,39890.0,272.0,230.0
NMB,8/9/2022,260.0,260.0,255.0,256.0,-1.92,36926.0,272.0,230.0
NMB,8/10/2022,256.0,257.0,250.0,255.1,-0.35,27734.0,272.0,230.0
NMB,8/11/2022,255.0,259.0,251.0,254.2,-0.35,25733.0,272.0,230.0
NMB,8/14/2022,252.0,257.0,249.5,250.9,-1.3,34444.0,272.0,230.0
NMB,8/15/2022,251.0,254.0,250.0,253.0,0.84,17395.0,272.0,230.0
NMB,8/16/2022,253.0,263.1,252.0,254.0,0.4,24975.0,272.0,230.0
NMB,8/17/2022,254.0,258.9,251.5,253.0,-0.39,28085.0,272.0,230.0
NMB,8/18/2022,253.0,255.0,251.4,252.0,-0.4,48355.0,272.0,230.0
NMB,8/21/2022,257.0,259.0,252.0,252.0,0.0,29978.0,272.0,230.0
NMB,8/22/2022,257.0,257.0,252.0,254.0,0.79,18178.0,272.0,230.0
NMB,8/23/2022,254.0,256.8,253.4,254.7,0.28,22013.0,272.0,230.0
NMB,8/24/2022,256.0,257.8,254.0,255.0,0.12,21891.0,272.0,230.0
NMB,8/25/2022,253.3,257.8,253.1,254.0,-0.39,17766.0,272.0,230.0
NMB,8/26/2022,250.9,253.0,250.0,252.0,-0.79,18641.0,272.0,230.0
NMB,8/28/2022,249.0,251.0,246.0,249.0,-1.19,25195.0,272.0,230.0
NMB,8/29/2022,249.0,250.0,245.1,248.8,-0.08,28587.0,272.0,230.0
NMB,8/30/2022,250.0,251.0,247.0,248.0,-0.32,10174.0,272.0,230.0
NMB,8/31/2022,248.0,249.0,245.1,247.9,-0.04,15427.0,272.0,230.0
NMB,9/1/2022,244.0,247.9,243.0,246.9,-0.4,23454.0,272.0,230.0
NMB,9/2/2022,248.0,248.0,243.7,244.0,-1.17,9339.0,272.0,230.0
NMB,9/4/2022,248.0,248.0,243.1,246.0,0.82,26064.0,272.0,230.0
NMB,9/5/2022,244.0,248.0,244.0,247.0,0.41,12747.0,272.0,230.0
NMB,9/6/2022,245.0,246.9,244.5,244.5,-1.01,18774.0,272.0,230.0
NMB,9/7/2022,245.0,248.7,242.0,243.1,-0.57,17856.0,272.0,230.0
NMB,9/8/2022,242.0,244.0,241.1,242.0,-0.45,15192.0,272.0,230.0
NMB,9/11/2022,240.4,243.1,240.0,241.1,-0.37,18482.0,272.0,230.0
NMB,9/12/2022,240.0,240.0,236.9,237.0,-1.7,31371.0,272.0,230.0
NMB,9/13/2022,240.0,240.0,237.1,238.0,0.42,12617.0,272.0,230.0
NMB,9/14/2022,239.9,242.7,238.0,240.9,1.22,21555.0,272.0,230.0
NMB,9/15/2022,244.0,244.0,235.1,238.0,-1.2,46594.0,272.0,230.0
NMB,9/16/2022,235.0,237.9,231.3,237.4,-0.25,18591.0,272.0,230.0
NMB,9/18/2022,233.0,236.5,229.0,235.4,-0.84,45605.0,272.0,230.0
NMB,9/20/2022,232.0,234.9,228.0,230.0,-2.29,31286.0,272.0,230.0
NMB,9/21/2022,233.9,234.6,228.0,229.0,-0.43,15903.0,272.0,230.0
NMB,9/22/2022,230.0,233.0,228.1,230.9,0.83,16104.0,272.0,230.0
NMB,9/25/2022,231.0,231.0,226.4,228.0,-1.26,17585.0,272.0,230.0
NMB,9/27/2022,227.1,231.0,226.5,229.0,0.44,14567.0,272.0,230.0
NMB,9/28/2022,231.5,232.0,228.0,230.0,0.44,14894.0,272.0,230.0
NMB,9/29/2022,227.0,234.0,227.0,232.0,0.87,27080.0,272.0,230.0
NMB,10/9/2022,235.0,239.0,230.1,238.0,2.59,12426.0,272.0,230.0
NMB,10/10/2022,240.0,240.0,234.0,235.6,-1.01,10333.0,272.0,230.0
NMB,10/11/2022,235.0,235.6,230.3,234.0,-0.68,13708.0,272.0,230.0
NMB,10/12/2022,238.0,238.0,233.3,235.9,0.81,27483.0,272.0,230.0
NMB,10/13/2022,237.7,238.0,229.0,238.0,0.89,46288.0,272.0,230.0
NMB,10/16/2022,234.0,237.0,232.0,232.1,-2.48,18406.0,272.0,230.0
NMB,10/17/2022,234.0,236.0,234.0,235.0,1.25,9152.0,272.0,230.0
NMB,10/19/2022,235.0,236.0,232.1,236.0,0.43,15500.0,272.0,230.0
NMB,10/20/2022,237.0,237.0,231.3,234.9,-0.47,8916.0,272.0,230.0
NMB,10/23/2022,235.0,238.0,235.0,237.5,1.11,10105.0,272.0,230.0
NMB,10/31/2022,239.0,241.9,235.2,238.5,0.42,17333.0,272.0,230.0
NMB,11/1/2022,239.0,250.0,239.0,249.0,4.4,29369.0,272.0,230.0
NMB,11/2/2022,249.5,251.0,241.0,247.0,-0.8,29667.0,272.0,230.0
NMB,11/3/2022,247.0,247.0,243.0,244.0,-1.21,19597.0,272.0,230.0
NMB,11/6/2022,246.0,248.3,242.3,248.0,1.64,27429.0,272.0,230.0
NMB,11/7/2022,249.0,252.5,247.5,247.8,-0.08,30701.0,272.0,230.0
NMB,11/8/2022,245.4,248.0,244.3,245.0,-1.13,18018.0,272.0,230.0
NMB,11/9/2022,245.0,246.0,237.5,241.0,-1.63,38799.0,272.0,230.0
NMB,11/10/2022,239.4,242.0,238.6,239.0,-0.83,15835.0,272.0,230.0
NMB,11/13/2022,240.0,240.0,236.0,236.1,-1.21,9257.0,272.0,230.0
NMB,11/14/2022,238.0,238.0,233.6,235.0,-0.47,31347.0,272.0,230.0
NMB,11/15/2022,239.5,239.5,234.0,235.0,0.0,23444.0,272.0,230.0
NMB,11/16/2022,236.2,237.0,232.3,236.0,0.43,16942.0,272.0,230.0
NMB,11/17/2022,239.8,240.0,236.1,240.0,1.69,17325.0,272.0,230.0
NMB,11/22/2022,244.5,244.5,238.0,241.0,0.42,17690.0,272.0,230.0
NMB,11/23/2022,244.0,245.8,238.0,243.0,0.83,14169.0,272.0,230.0
NMB,11/24/2022,240.0,246.7,240.0,245.0,0.82,21347.0,272.0,230.0
NMB,11/27/2022,241.0,249.5,241.0,249.5,1.84,25124.0,272.0,230.0
NMB,11/28/2022,248.1,250.9,247.7,248.0,-0.6,30667.0,272.0,230.0
NMB,11/29/2022,247.0,250.0,241.0,250.0,0.81,36930.0,272.0,230.0
NMB,11/30/2022,250.7,254.9,246.0,253.9,1.56,36084.0,272.0,230.0
NMB,12/1/2022,251.0,258.6,248.9,255.0,0.43,49007.0,272.0,230.0
NMB,12/4/2022,258.0,259.0,253.0,257.9,1.14,28836.0,272.0,230.0
NMB,12/5/2022,263.0,263.0,252.0,252.0,-2.29,58210.0,272.0,230.0
NMB,12/6/2022,247.0,248.0,233.3,236.7,-6.07,110192.0,272.0,230.0
NMB,12/7/2022,241.4,241.4,232.6,234.5,-0.93,50940.0,272.0,230.0
NMB,12/11/2022,234.0,234.0,230.0,232.0,-1.07,43742.0,272.0,230.0
NMB,12/12/2022,230.0,231.5,225.6,230.0,-0.86,60300.0,272.0,230.0
NMB,12/13/2022,231.0,232.5,229.4,232.0,0.87,11453.0,272.0,230.0
NMB,12/14/2022,230.0,233.0,228.3,230.0,-0.86,20869.0,272.0,230.0
NMB,12/15/2022,229.0,232.0,228.0,230.4,0.17,20588.0,272.0,230.0
NMB,12/18/2022,228.0,231.0,226.7,229.9,-0.22,36667.0,272.0,230.0
NMB,12/19/2022,229.9,230.0,226.5,228.0,-0.83,19234.0,272.0,230.0
NMB,12/20/2022,230.0,232.0,227.1,231.0,1.32,27152.0,272.0,230.0
NMB,12/21/2022,227.2,231.0,227.2,230.8,-0.09,13481.0,272.0,230.0
NMB,12/22/2022,228.0,233.9,228.0,233.0,0.95,27822.0,272.0,230.0
NMB,12/26/2022,232.0,234.0,229.0,234.0,0.43,39542.0,272.0,230.0
NMB,12/27/2022,238.0,240.0,232.2,235.4,0.6,68568.0,272.0,230.0
NMB,12/28/2022,236.0,237.0,232.0,232.5,-1.23,34737.0,272.0,230.0
NMB,12/29/2022,230.1,234.9,228.0,232.6,0.04,35990.0,272.0,230.0
NMB,1/1/2023,236.0,246.8,232.4,233.3,0.3,59109.0,272.0,230.0
NMB,1/2/2023,232.2,241.5,232.1,238.9,2.4,43136.0,272.0,230.0
NMB,1/3/2023,237.0,240.0,233.0,236.0,-1.21,43145.0,272.0,230.0
NMB,1/4/2023,235.0,241.2,234.2,240.0,1.69,46503.0,272.0,230.0
NMB,1/5/2023,243.0,245.0,236.5,238.1,-0.79,36274.0,272.0,230.0
NMB,1/8/2023,240.0,241.9,235.1,237.3,-0.34,57693.0,272.0,230.0
NMB,1/9/2023,235.0,249.0,234.1,249.0,4.93,103395.0,272.0,230.0
NMB,1/10/2023,251.0,268.2,246.0,252.0,1.2,139095.0,272.0,230.0
NMB,1/12/2023,254.0,264.0,245.0,246.0,-2.38,70807.0,272.0,230.0
NMB,1/17/2023,248.8,249.0,241.2,245.0,-0.41,49910.0,272.0,230.0
NMB,1/18/2023,243.1,248.0,241.7,242.0,-1.22,68116.0,272.0,230.0
NMB,1/19/2023,240.1,244.0,240.0,242.0,0.0,53929.0,272.0,230.0
NMB,1/23/2023,245.0,254.0,245.0,245.7,1.53,87172.0,272.0,230.0
NMB,1/24/2023,242.5,255.6,242.5,247.9,0.9,53484.0,272.0,230.0
NMB,1/25/2023,252.0,252.0,245.0,248.0,0.04,108753.0,272.0,230.0
NMB,1/26/2023,246.0,249.8,244.5,245.0,-1.21,42617.0,272.0,230.0
NMB,1/29/2023,245.0,245.0,240.0,243.0,-0.82,41562.0,272.0,230.0
NMB,1/30/2023,239.0,240.0,236.2,236.2,-2.8,51037.0,272.0,230.0
NMB,1/31/2023,240.0,240.0,232.3,234.1,-0.89,42708.0,272.0,230.0
NMB,2/1/2023,234.9,235.0,232.0,233.0,-0.47,39313.0,272.0,230.0
NMB,2/2/2023,230.0,237.0,230.0,232.5,-0.21,32012.0,272.0,230.0
NMB,2/5/2023,232.5,235.0,230.4,231.0,-0.65,49241.0,272.0,230.0
NMB,2/6/2023,231.5,234.4,230.6,234.0,1.3,23794.0,272.0,230.0
NMB,2/7/2023,238.0,251.0,235.2,251.0,7.26,54758.0,272.0,230.0
NMB,2/8/2023,247.0,251.0,241.4,245.0,-2.39,81454.0,272.0,230.0
NMB,2/9/2023,240.2,246.8,240.2,246.0,0.41,37191.0,272.0,230.0
NMB,2/12/2023,241.5,244.8,236.7,238.0,-3.25,41303.0,272.0,230.0
NMB,2/14/2023,238.0,238.0,234.2,234.3,-1.55,27997.0,272.0,230.0
NMB,2/15/2023,235.0,236.0,232.0,232.9,-0.6,23395.0,272.0,230.0
NMB,2/16/2023,231.5,232.0,229.7,229.9,-1.29,55960.0,272.0,230.0
NMB,2/20/2023,229.0,230.0,225.5,228.0,-0.83,111150.0,272.0,230.0
NMB,2/22/2023,232.5,244.4,228.0,244.4,7.19,37875.0,272.0,230.0
NMB,2/23/2023,245.0,245.0,229.0,232.0,-5.07,159136.0,272.0,230.0
NMB,2/26/2023,227.5,231.0,226.1,229.1,-1.25,43470.0,272.0,230.0
NMB,2/27/2023,232.0,232.0,227.6,232.0,1.27,74966.0,272.0,230.0
NMB,2/28/2023,232.0,232.0,227.8,228.0,-1.72,31982.0,272.0,230.0
NMB,3/1/2023,232.0,232.0,226.0,226.0,-0.88,30685.0,272.0,230.0
NMB,3/2/2023,229.0,229.0,225.0,225.5,-0.22,22841.0,272.0,230.0
NMB,3/5/2023,225.3,227.9,223.6,225.0,-0.22,33396.0,272.0,230.0
NMB,3/7/2023,227.0,229.0,225.0,226.5,0.67,23977.0,272.0,230.0
NMB,3/9/2023,225.6,232.5,225.6,231.0,1.99,32747.0,272.0,230.0
NMB,3/12/2023,235.0,235.0,223.1,224.0,-3.03,56015.0,272.0,230.0
NMB,3/13/2023,223.0,225.0,220.5,221.3,-1.21,67770.0,272.0,230.0
NMB,3/14/2023,222.0,223.0,219.0,220.7,-0.27,63535.0,272.0,230.0
NMB,3/15/2023,219.0,220.9,217.9,219.0,-0.77,51000.0,272.0,230.0
NMB,3/16/2023,219.0,222.0,218.0,221.0,0.91,32636.0,272.0,230.0
NMB,3/19/2023,220.0,222.0,219.0,220.9,-0.05,47758.0,272.0,230.0
NMB,3/20/2023,221.0,224.0,220.0,222.0,0.5,26799.0,272.0,230.0
NMB,3/22/2023,225.0,226.0,220.2,222.0,0.0,21734.0,272.0,230.0
NMB,3/23/2023,221.0,238.6,220.0,229.9,3.56,91433.0,272.0,230.0
NMB,3/26/2023,234.0,234.0,224.0,226.0,-1.7,47037.0,272.0,230.0
NMB,3/27/2023,223.0,226.0,221.0,226.0,0.0,28974.0,272.0,230.0
NMB,3/28/2023,229.9,229.9,222.0,223.0,-1.33,31475.0,272.0,230.0
NMB,3/29/2023,220.1,224.0,220.1,223.8,0.36,17194.0,272.0,230.0
NMB,3/30/2023,226.9,226.9,223.0,223.1,-0.31,13294.0,272.0,230.0
NMB,4/2/2023,223.2,226.8,220.0,220.0,-1.39,34052.0,272.0,230.0
NMB,4/3/2023,220.0,221.0,217.0,219.8,-0.09,36234.0,272.0,230.0
NMB,4/4/2023,218.0,219.9,215.0,218.0,-0.82,34718.0,272.0,230.0
NMB,4/5/2023,218.0,219.0,216.0,217.5,-0.23,26723.0,272.0,230.0
NMB,4/6/2023,220.0,221.0,217.0,218.0,0.23,36962.0,272.0,230.0
NMB,4/9/2023,216.1,219.0,215.0,219.0,0.46,42893.0,272.0,230.0
NMB,4/10/2023,221.0,227.9,216.6,227.0,3.65,48581.0,272.0,230.0
NMB,4/11/2023,231.0,231.0,223.5,227.6,0.26,47241.0,272.0,230.0
NMB,4/12/2023,231.9,239.0,229.1,239.0,5.01,64098.0,272.0,230.0
NMB,4/13/2023,236.7,239.0,231.4,235.0,-1.67,61719.0,272.0,230.0
NMB,4/16/2023,233.0,236.0,232.0,235.0,0.0,15615.0,272.0,230.0
NMB,4/17/2023,232.0,235.0,227.5,228.1,-2.94,45894.0,272.0,230.0
NMB,4/18/2023,228.0,234.0,228.0,234.0,2.59,33044.0,272.0,230.0
NMB,4/19/2023,232.6,240.0,232.0,239.0,2.14,38472.0,272.0,230.0
NMB,4/20/2023,243.0,243.7,232.9,236.9,-0.88,47590.0,272.0,230.0
NMB,4/23/2023,234.1,238.0,234.0,235.0,-0.8,49216.0,272.0,230.0
NMB,4/24/2023,231.0,239.0,231.0,235.0,0.0,37291.0,272.0,230.0
NMB,4/25/2023,237.0,239.0,233.1,239.0,1.7,48939.0,272.0,230.0
NMB,4/26/2023,239.1,239.1,235.0,239.0,0.0,33751.0,272.0,230.0
NMB,4/27/2023,234.5,239.6,232.3,239.0,0.0,22462.0,272.0,230.0
NMB,4/30/2023,235.0,239.0,233.0,234.5,-1.88,39278.0,272.0,230.0
NMB,5/2/2023,234.5,238.0,231.0,234.0,-0.21,23939.0,272.0,230.0
NMB,5/3/2023,234.0,236.9,232.0,232.8,-0.51,25301.0,272.0,230.0
NMB,5/4/2023,237.2,238.0,232.5,236.0,1.37,22148.0,272.0,230.0
NMB,5/7/2023,236.0,236.5,232.3,235.0,-0.42,25325.0,272.0,230.0
NMB,5/8/2023,232.0,236.0,231.0,234.0,-0.43,34426.0,272.0,230.0
NMB,5/9/2023,235.0,236.0,231.0,235.0,0.43,26604.0,272.0,230.0
NMB,5/10/2023,239.7,239.7,231.3,235.0,0.0,32827.0,272.0,230.0
NMB,5/11/2023,232.0,238.7,231.0,235.0,0.0,21735.0,272.0,230.0
NMB,5/14/2023,237.0,237.0,232.8,236.8,0.77,28955.0,272.0,230.0
NMB,5/15/2023,236.0,236.4,232.4,236.0,-0.34,27421.0,272.0,230.0
NMB,5/16/2023,237.9,237.9,230.0,235.0,-0.42,28676.0,272.0,230.0
NMB,5/17/2023,231.6,236.3,231.6,236.3,0.55,33096.0,272.0,230.0
NMB,5/18/2023,233.0,237.5,231.6,234.0,-0.97,31399.0,272.0,230.0
NMB,5/21/2023,234.0,238.5,233.8,233.8,-0.09,25218.0,272.0,230.0
NMB,5/22/2023,232.0,234.0,231.5,231.7,-0.9,25656.0,272.0,230.0
NMB,5/23/2023,231.8,238.0,230.6,236.0,1.86,32178.0,272.0,230.0
NMB,5/24/2023,233.1,240.0,233.1,235.5,-0.21,29542.0,272.0,230.0
NMB,5/28/2023,235.2,239.8,234.2,234.2,-0.55,61630.0,272.0,230.0
NMB,5/30/2023,231.0,234.0,227.0,228.0,-2.65,63581.0,272.0,230.0
NMB,5/31/2023,228.0,228.0,220.0,221.0,-3.07,76508.0,272.0,230.0
NMB,6/1/2023,222.0,224.0,217.0,220.1,-0.41,72745.0,272.0,230.0
NMB,6/4/2023,215.7,230.6,215.7,230.6,4.77,32332.0,272.0,230.0
NMB,6/5/2023,235.0,235.0,226.0,226.8,-1.65,37741.0,272.0,230.0
NMB,6/6/2023,223.0,229.0,222.7,228.9,0.93,45046.0,272.0,230.0
NMB,6/7/2023,228.0,229.9,224.4,229.4,0.22,38569.0,272.0,230.0
NMB,6/8/2023,225.0,228.0,223.0,228.0,-0.61,32988.0,272.0,230.0
NMB,6/11/2023,230.0,230.0,226.0,227.0,-0.44,28089.0,272.0,230.0
NMB,6/12/2023,228.5,229.8,226.0,227.5,0.22,18267.0,272.0,230.0
NMB,6/13/2023,225.2,229.9,225.2,227.5,0.0,36204.0,272.0,230.0
NMB,6/14/2023,229.9,231.9,226.5,229.0,0.66,74639.0,272.0,230.0
NMB,6/15/2023,228.0,230.0,227.0,228.0,-0.44,23090.0,272.0,230.0
NMB,6/18/2023,223.6,228.9,223.6,226.0,-0.88,70113.0,272.0,230.0
NMB,6/19/2023,228.0,230.5,223.6,223.7,-1.02,85899.0,272.0,230.0
NMB,6/20/2023,221.5,230.5,221.5,229.0,2.37,115964.0,272.0,230.0
NMB,6/21/2023,227.0,229.0,224.5,226.5,-1.09,83469.0,272.0,230.0
NMB,6/22/2023,226.5,228.0,222.2,222.3,-1.85,43989.0,272.0,230.0
NMB,6/25/2023,220.2,225.0,220.2,223.0,0.31,98814.0,272.0,230.0
NMB,6/26/2023,223.0,227.0,221.5,224.0,0.45,113243.0,272.0,230.0
NMB,6/27/2023,225.5,232.3,223.1,232.0,3.57,74083.0,272.0,230.0
NMB,6/28/2023,234.0,236.6,228.0,229.0,-1.29,69435.0,272.0,230.0
NMB,7/2/2023,226.0,230.0,221.5,226.0,-1.31,48874.0,272.0,230.0
NMB,7/3/2023,229.5,229.5,223.0,223.7,-1.02,35265.0,272.0,230.0
NMB,7/4/2023,223.7,226.0,220.4,226.0,1.03,50284.0,272.0,230.0
NMB,7/5/2023,225.0,225.0,222.0,223.0,-1.33,33548.0,272.0,230.0
NMB,7/6/2023,221.0,223.0,220.0,221.9,-0.49,33843.0,272.0,230.0
NMB,7/9/2023,222.0,227.0,220.1,226.0,1.85,393197.0,272.0,230.0
NMB,7/10/2023,226.0,229.0,222.0,224.5,-0.66,339164.0,272.0,230.0
NMB,7/11/2023,225.0,225.9,222.1,225.8,0.58,54191.0,272.0,230.0
NMB,7/12/2023,225.0,228.0,222.4,223.0,-1.24,50705.0,272.0,230.0
NMB,7/13/2023,226.0,226.0,222.2,224.0,0.45,43973.0,272.0,230.0
NMB,7/16/2023,225.0,227.9,224.0,226.0,0.89,47698.0,272.0,230.0
NMB,7/17/2023,228.9,236.0,225.1,234.0,3.54,76129.0,272.0,230.0
NMB,7/18/2023,234.9,237.8,232.0,235.6,0.68,65540.0,272.0,230.0
NMB,7/19/2023,234.0,244.8,233.0,242.0,2.72,126285.0,272.0,230.0
NMB,7/20/2023,245.0,246.0,239.2,239.6,-0.99,97009.0,272.0,230.0
NMB,7/23/2023,242.9,251.9,240.0,251.9,5.13,124235.0,272.0,230.0
NMB,7/24/2023,251.9,252.0,240.2,243.0,-3.53,178398.0,272.0,230.0
NMB,7/25/2023,241.0,241.0,236.5,236.6,-2.63,48038.0,272.0,230.0
NMB,7/26/2023,236.7,240.0,235.2,237.0,0.17,47892.0,272.0,230.0
NMB,7/27/2023,238.0,238.0,232.5,233.1,-1.65,49882.0,272.0,230.0
NMB,7/30/2023,234.0,235.9,230.1,232.0,-0.47,52688.0,272.0,230.0
NMB,7/31/2023,235.9,237.7,230.1,234.9,1.25,94668.0,272.0,230.0
NMB,8/1/2023,239.5,239.5,232.0,233.5,-0.6,23606.0,272.0,230.0
NMB,8/2/2023,232.1,237.8,232.0,236.2,1.16,47315.0,272.0,230.0
NMB,8/3/2023,239.0,243.0,236.0,239.0,1.19,62826.0,272.0,230.0
NMB,8/6/2023,240.0,243.0,229.5,231.0,-3.35,81590.0,272.0,230.0
NMB,8/7/2023,229.1,231.0,226.4,228.8,-0.95,33296.0,272.0,230.0
NMB,8/8/2023,226.3,229.0,225.0,227.0,-0.79,25710.0,272.0,230.0
NMB,8/9/2023,223.0,229.0,221.4,228.1,0.48,36060.0,272.0,230.0
NMB,8/10/2023,228.2,229.0,223.7,226.0,-0.92,21931.0,272.0,230.0
NMB,8/13/2023,226.0,230.0,224.0,228.0,0.88,20552.0,272.0,230.0
NMB,8/14/2023,230.0,230.4,226.3,230.3,1.01,21616.0,272.0,230.0
NMB,8/15/2023,230.6,232.5,225.8,226.0,-1.87,19589.0,272.0,230.0
NMB,8/16/2023,226.0,229.0,222.6,227.0,0.44,40284.0,272.0,230.0
NMB,8/17/2023,227.0,227.0,224.1,226.0,-0.44,33630.0,272.0,230.0
NMB,8/20/2023,224.0,225.7,223.0,224.0,-0.88,17213.0,272.0,230.0
NMB,8/21/2023,222.5,228.0,222.5,223.0,-0.45,37128.0,272.0,230.0
NMB,8/22/2023,222.0,227.9,221.1,227.9,2.2,38096.0,272.0,230.0
NMB,8/23/2023,227.0,229.7,225.2,226.0,-0.83,20675.0,272.0,230.0
NMB,8/24/2023,228.0,230.0,225.0,226.0,0.0,52219.0,272.0,230.0
NMB,8/27/2023,226.1,226.5,223.2,223.2,-1.24,14027.0,272.0,230.0
NMB,8/28/2023,223.0,226.0,223.0,224.0,0.36,17317.0,272.0,230.0
NMB,8/29/2023,225.0,225.0,221.0,224.0,0.0,17626.0,272.0,230.0
NMB,8/30/2023,228.3,228.3,222.0,223.0,-0.45,22627.0,272.0,230.0
NMB,9/3/2023,222.2,223.5,221.3,221.3,-0.76,21914.0,272.0,230.0
NMB,9/4/2023,221.0,224.0,218.1,220.1,-0.54,26587.0,272.0,230.0
NMB,9/5/2023,220.0,222.0,219.4,219.5,-0.27,18538.0,272.0,230.0
NMB,9/7/2023,220.0,220.0,216.0,217.0,-1.14,33962.0,272.0,230.0
NMB,9/10/2023,216.1,219.0,215.7,216.0,-0.46,34177.0,272.0,230.0
NMB,9/11/2023,219.0,223.0,217.0,220.0,1.85,29684.0,272.0,230.0
NMB,9/12/2023,223.0,223.0,219.0,219.9,-0.05,14278.0,272.0,230.0
NMB,9/13/2023,219.1,221.0,217.0,218.9,-0.45,60115.0,272.0,230.0
NMB,9/17/2023,218.0,221.8,216.0,217.8,-0.5,42264.0,272.0,230.0
NMB,9/18/2023,217.0,218.9,215.7,216.0,-0.83,19124.0,272.0,230.0
NMB,9/19/2023,216.0,217.0,215.9,216.2,0.09,23680.0,272.0,230.0
NMB,9/21/2023,220.5,221.0,218.1,219.0,1.3,53318.0,272.0,230.0
NMB,9/24/2023,219.0,221.0,218.0,218.0,-0.46,23695.0,272.0,230.0
NMB,9/25/2023,219.0,220.9,217.1,217.1,-0.41,20532.0,272.0,230.0
NMB,9/26/2023,220.9,220.9,217.5,217.7,0.28,25539.0,272.0,230.0
NMB,9/27/2023,218.0,219.5,217.0,217.2,-0.23,12362.0,272.0,230.0
NMB,10/1/2023,217.1,218.0,215.1,216.3,-0.41,28295.0,272.0,230.0
NMB,10/2/2023,217.0,217.0,215.4,215.6,-0.32,20886.0,272.0,230.0
NMB,10/3/2023,215.2,216.5,215.0,215.1,-0.23,22558.0,272.0,230.0
NMB,10/4/2023,215.1,217.0,215.0,216.0,0.42,28315.0,272.0,230.0
NMB,10/5/2023,218.0,218.0,214.6,215.0,-0.46,14466.0,272.0,230.0
NMB,10/8/2023,215.0,217.0,212.0,212.0,-1.4,36655.0,272.0,230.0
NMB,10/9/2023,215.0,215.0,211.1,212.1,0.05,39214.0,272.0,230.0
NMB,10/10/2023,211.0,212.5,209.3,209.3,-1.32,40439.0,272.0,230.0
NMB,10/11/2023,209.0,212.0,208.6,212.0,1.29,25549.0,272.0,230.0
NMB,10/12/2023,214.0,214.0,208.0,208.7,-1.56,40038.0,272.0,230.0
NMB,10/16/2023,207.0,208.9,206.0,206.8,-0.91,25722.0,272.0,230.0
NMB,10/17/2023,207.0,210.0,207.0,208.5,0.82,21092.0,272.0,230.0
NMB,10/18/2023,210.9,212.8,209.0,212.0,1.68,20709.0,272.0,230.0
NMB,10/19/2023,214.9,214.9,200.9,209.0,-1.42,46766.0,272.0,230.0
NMB,10/29/2023,207.4,210.0,206.0,206.5,-1.2,15376.0,272.0,230.0
NMB,10/30/2023,204.0,208.4,204.0,207.0,0.24,18675.0,272.0,230.0
NMB,10/31/2023,210.0,210.0,205.8,206.0,-0.48,10621.0,272.0,230.0
NMB,11/1/2023,203.0,208.9,203.0,208.0,0.97,21930.0,272.0,230.0
NMB,11/2/2023,205.0,207.0,205.0,205.4,-1.25,12966.0,272.0,230.0
NMB,11/5/2023,202.1,205.8,202.1,203.0,-1.17,41623.0,272.0,230.0
NMB,11/6/2023,201.5,205.9,201.2,205.9,1.43,28527.0,272.0,230.0
NMB,11/7/2023,204.0,210.0,203.0,207.2,0.63,21004.0,272.0,230.0
NMB,11/8/2023,206.0,209.7,206.0,207.6,0.19,6277.0,272.0,230.0
NMB,11/9/2023,205.5,206.5,204.5,205.1,-1.2,15797.0,272.0,230.0
NMB,11/20/2023,208.0,209.7,205.4,207.0,0.93,16861.0,272.0,230.0
NMB,11/21/2023,205.2,208.8,204.2,204.5,-1.21,16966.0,272.0,230.0
NMB,11/22/2023,204.5,207.0,204.2,204.3,-0.1,10209.0,272.0,230.0
NMB,11/23/2023,204.5,206.0,202.5,205.0,0.34,7964.0,272.0,230.0
NMB,11/26/2023,208.0,209.9,204.9,208.9,1.9,22763.0,272.0,230.0
NMB,11/27/2023,209.0,210.9,206.0,207.0,-0.91,16144.0,272.0,230.0
NMB,11/28/2023,204.7,207.8,204.7,205.0,-0.97,20011.0,272.0,230.0
NMB,11/29/2023,202.2,207.0,202.2,204.3,-0.34,13075.0,272.0,230.0
NMB,11/30/2023,200.3,200.3,196.0,198.5,-2.84,60404.0,272.0,230.0
NMB,12/3/2023,197.1,197.1,195.2,196.1,-1.21,36956.0,272.0,230.0
NMB,12/4/2023,197.0,197.0,194.9,195.0,-0.56,40730.0,272.0,230.0
NMB,12/5/2023,195.0,195.4,194.5,194.7,-0.15,26490.0,272.0,230.0
NMB,12/6/2023,195.0,195.0,194.0,194.3,-0.21,39066.0,272.0,230.0
NMB,12/7/2023,193.1,197.0,193.0,196.2,0.98,60864.0,272.0,230.0
NMB,12/10/2023,200.1,208.1,200.1,208.0,6.01,2445.0,272.0,230.0
NMB,12/11/2023,212.0,215.0,200.4,211.5,1.68,115415.0,272.0,230.0
NMB,12/12/2023,210.0,211.0,207.2,208.0,-1.65,57875.0,272.0,230.0
NMB,12/13/2023,208.0,211.2,208.0,209.2,0.58,100545.0,272.0,230.0
NMB,12/14/2023,210.0,211.0,206.0,208.2,-0.48,74281.0,272.0,230.0
NMB,12/17/2023,204.1,204.1,192.5,203.0,-2.5,81185.0,272.0,230.0
NMB,12/18/2023,203.0,209.0,203.0,209.0,2.96,75100.0,272.0,230.0
NMB,12/19/2023,210.0,214.2,208.8,214.2,2.49,68768.0,272.0,230.0
NMB,12/20/2023,210.0,216.9,210.0,213.0,-0.56,58663.0,272.0,230.0
NMB,12/21/2023,214.0,215.0,208.9,208.9,-1.92,66169.0,272.0,230.0
NMB,12/24/2023,209.0,214.0,209.0,209.1,0.1,67715.0,272.0,230.0
NMB,12/27/2023,209.0,213.0,205.0,206.0,-1.48,32083.0,272.0,230.0
NMB,12/28/2023,204.0,205.8,203.0,203.7,-1.12,43116.0,272.0,230.0
NMB,1/1/2024,203.7,205.0,202.0,202.5,-0.59,35429.0,272.0,230.0
NMB,1/2/2024,202.0,202.0,200.2,200.2,-1.14,26890.0,272.0,230.0
NMB,1/3/2024,200.0,201.9,199.7,201.0,0.4,30974.0,272.0,230.0
NMB,1/4/2024,201.0,202.0,196.2,197.6,-1.69,76900.0,272.0,230.0
NMB,1/7/2024,197.0,198.5,195.1,195.5,-1.06,102281.0,272.0,230.0
NMB,1/8/2024,197.0,199.3,194.6,197.1,0.82,64697.0,272.0,230.0
NMB,1/9/2024,200.9,200.9,196.1,196.6,-0.25,56073.0,272.0,230.0
NMB,1/10/2024,200.5,204.5,197.7,199.5,1.48,46642.0,272.0,230.0
NMB,1/11/2024,199.5,201.8,198.0,199.0,-0.25,27103.0,272.0,230.0
NMB,1/14/2024,200.0,203.0,199.0,201.5,1.26,45910.0,272.0,230.0
NMB,1/16/2024,202.0,206.4,202.0,205.9,2.18,77569.0,272.0,230.0
NMB,1/17/2024,210.0,214.0,204.0,209.1,1.55,89869.0,272.0,230.0
NMB,1/18/2024,208.0,209.0,205.1,208.0,-0.53,42137.0,272.0,230.0
NMB,1/21/2024,208.0,208.0,198.1,198.1,-4.76,102264.0,272.0,230.0
NMB,1/22/2024,198.1,201.0,194.0,195.9,-1.11,99015.0,272.0,230.0
NMB,1/23/2024,196.0,197.9,195.0,196.7,0.41,28254.0,272.0,230.0
NMB,1/24/2024,197.0,198.0,195.2,197.0,0.15,44157.0,272.0,230.0
NMB,1/25/2024,196.1,199.0,194.1,197.5,0.25,59418.0,272.0,230.0
NMB,1/28/2024,201.0,201.0,195.0,196.0,-0.76,35363.0,272.0,230.0
NMB,1/29/2024,196.0,213.0,194.2,197.4,0.71,39031.0,272.0,230.0
NMB,1/30/2024,196.0,200.9,193.9,196.0,-0.71,70800.0,272.0,230.0
NMB,1/31/2024,198.0,198.0,192.2,195.0,-0.51,69374.0,272.0,230.0
NMB,2/1/2024,193.0,194.0,192.0,192.5,-1.28,39663.0,272.0,230.0
NMB,2/4/2024,192.0,193.0,189.1,191.0,-0.78,37772.0,272.0,230.0
NMB,2/5/2024,192.0,192.9,191.0,192.0,0.52,24977.0,272.0,230.0
NMB,2/6/2024,192.0,193.0,190.5,192.0,0.0,30292.0,272.0,230.0
NMB,2/7/2024,195.0,195.0,190.6,192.0,0.0,42571.0,272.0,230.0
NMB,2/8/2024,192.0,193.0,190.1,192.8,0.42,34850.0,272.0,230.0
NMB,2/11/2024,192.0,194.0,191.1,191.7,-0.57,22302.0,272.0,230.0
NMB,2/12/2024,191.0,193.8,190.1,191.0,-0.37,20060.0,272.0,230.0
NMB,2/13/2024,191.0,192.1,190.0,190.1,-0.47,28834.0,272.0,230.0
NMB,2/14/2024,191.0,191.0,189.0,190.0,-0.05,23683.0,272.0,230.0
NMB,2/15/2024,188.0,190.0,187.0,189.2,-0.42,24895.0,272.0,230.0
NMB,2/18/2024,186.0,189.0,186.0,186.5,-1.43,38124.0,272.0,230.0
NMB,2/20/2024,189.0,189.0,185.9,186.3,-0.11,21364.0,272.0,230.0
NMB,2/21/2024,186.5,188.9,182.2,182.8,-1.88,62612.0,272.0,230.0
NMB,2/22/2024,182.0,183.8,180.0,180.1,-1.48,55479.0,272.0,230.0
NMB,2/25/2024,182.0,182.0,177.6,177.6,-1.39,52044.0,272.0,230.0
NMB,2/26/2024,177.0,179.0,175.6,177.0,-0.34,38267.0,272.0,230.0
NMB,2/27/2024,179.0,179.0,176.4,177.5,0.28,43476.0,272.0,230.0
NMB,2/28/2024,177.1,179.0,176.2,177.0,-0.28,20132.0,272.0,230.0
NMB,2/29/2024,177.0,180.0,176.0,177.2,0.11,75077.0,272.0,230.0
NMB,3/3/2024,175.4,179.0,174.6,177.8,0.34,34213.0,272.0,230.0
NMB,3/4/2024,180.4,184.9,180.4,184.9,3.99,2112.0,272.0,230.0
NMB,3/5/2024,188.5,188.5,179.0,180.0,-2.65,45753.0,272.0,230.0
NMB,3/6/2024,182.0,182.0,178.0,181.4,0.78,22357.0,272.0,230.0
NMB,3/7/2024,184.0,187.0,180.0,181.6,0.11,21752.0,272.0,230.0
NMB,3/10/2024,180.0,183.9,179.3,183.7,1.16,18422.0,272.0,230.0
NMB,3/12/2024,186.1,197.7,183.0,197.7,7.62,45284.0,272.0,230.0
NMB,3/13/2024,201.6,201.6,190.5,195.9,-0.91,40827.0,272.0,230.0
NMB,3/14/2024,192.4,195.8,188.5,189.8,-3.11,28396.0,272.0,230.0
NMB,3/17/2024,186.7,199.1,186.7,194.3,2.37,76029.0,272.0,230.0
NMB,3/18/2024,191.0,192.0,187.7,189.0,-2.73,31055.0,272.0,230.0
NMB,3/19/2024,189.0,189.8,187.0,188.5,-0.26,18140.0,272.0,230.0
NMB,3/20/2024,189.9,191.0,187.0,188.0,-0.27,28406.0,272.0,230.0
NMB,3/21/2024,190.6,190.6,186.0,186.1,-1.01,10308.0,272.0,230.0
NMB,3/25/2024,187.0,187.0,181.2,183.0,-1.67,30112.0,272.0,230.0
NMB,3/26/2024,181.0,182.5,180.1,181.0,-1.09,20379.0,272.0,230.0
NMB,3/27/2024,180.0,188.2,179.5,180.3,-0.39,23458.0,272.0,230.0
NMB,3/28/2024,179.3,191.2,178.0,180.0,-0.17,24036.0,272.0,230.0
NMB,3/31/2024,180.0,191.0,179.6,179.6,-0.22,23028.0,272.0,230.0
NMB,4/1/2024,179.0,180.0,178.0,178.0,-0.89,26641.0,272.0,230.0
NMB,4/2/2024,178.0,179.9,176.2,178.2,0.11,30530.0,272.0,230.0
NMB,4/3/2024,179.0,179.0,175.7,176.0,-1.23,44907.0,272.0,230.0
NMB,4/4/2024,175.0,178.0,175.0,177.0,0.57,15096.0,272.0,230.0
NMB,4/7/2024,177.0,177.0,172.5,175.9,-0.62,72850.0,272.0,230.0
NMB,4/9/2024,177.0,178.5,175.7,177.2,0.74,29320.0,272.0,230.0
NMB,4/10/2024,177.0,179.0,174.0,177.1,-0.06,37688.0,272.0,230.0
NMB,4/14/2024,179.0,179.0,175.0,176.0,-0.62,33351.0,272.0,230.0
NMB,4/15/2024,175.0,177.0,173.2,176.0,0.0,28531.0,272.0,230.0
NMB,4/16/2024,179.0,179.0,171.0,174.0,-1.14,10573.0,272.0,230.0
NMB,4/18/2024,174.0,175.0,172.0,174.5,0.29,19212.0,272.0,230.0
NMB,4/21/2024,174.0,174.0,170.7,173.7,-0.46,26556.0,272.0,230.0
NMB,4/22/2024,171.0,174.0,171.0,172.9,-0.46,23281.0,272.0,230.0
NMB,4/24/2024,173.0,173.0,170.1,172.3,-0.35,29271.0,272.0,230.0
NMB,4/25/2024,172.5,174.0,170.1,171.0,-0.75,26965.0,272.0,230.0
NMB,4/28/2024,170.1,172.0,167.6,169.7,-0.76,44389.0,272.0,230.0
NMB,4/29/2024,171.0,171.0,169.0,170.5,0.47,33983.0,272.0,230.0
NMB,4/30/2024,171.0,175.0,167.1,173.4,1.7,29924.0,272.0,230.0
NMB,5/2/2024,176.8,176.8,170.6,173.6,0.12,36576.0,272.0,230.0
NMB,5/5/2024,171.0,172.5,170.0,170.4,-1.84,45859.0,272.0,230.0
NMB,5/6/2024,168.8,172.2,168.0,169.4,-0.59,22662.0,272.0,230.0
NMB,5/7/2024,171.5,171.5,168.2,170.8,0.83,22827.0,272.0,230.0
NMB,5/8/2024,171.1,171.1,162.0,170.5,-0.18,50303.0,272.0,230.0
NMB,5/9/2024,169.9,171.0,168.6,169.7,-0.47,16448.0,272.0,230.0
NMB,5/12/2024,169.0,172.0,168.2,171.0,0.77,26882.0,272.0,230.0
NMB,5/13/2024,173.0,187.0,170.0,176.9,3.45,50556.0,272.0,230.0
NMB,5/14/2024,180.0,180.0,173.0,179.9,1.7,45568.0,272.0,230.0
NMB,5/15/2024,182.9,182.9,178.0,178.1,-1.0,34026.0,272.0,230.0
NMB,5/16/2024,181.6,181.6,176.1,179.6,0.84,20948.0,272.0,230.0
NMB,5/19/2024,183.1,186.0,180.1,183.0,1.89,59340.0,272.0,230.0
NMB,5/20/2024,186.0,195.0,185.5,189.1,3.33,129611.0,272.0,230.0
NMB,5/21/2024,189.2,191.8,186.1,189.0,-0.05,42591.0,272.0,230.0
NMB,5/22/2024,191.0,207.9,191.0,205.0,8.47,305166.0,272.0,230.0
NMB,5/26/2024,207.0,218.0,202.0,211.0,2.93,294670.0,272.0,230.0
NMB,5/27/2024,214.9,218.0,208.1,212.5,0.71,131194.0,272.0,230.0
NMB,5/29/2024,216.7,221.0,198.0,199.0,-6.35,126241.0,272.0,230.0
NMB,5/30/2024,198.0,205.0,195.0,197.0,-1.01,59163.0,272.0,230.0
NMB,6/2/2024,200.0,212.0,199.0,201.0,2.03,57774.0,272.0,230.0
NMB,6/3/2024,205.0,209.1,199.1,200.0,-0.5,39769.0,272.0,230.0
NMB,6/4/2024,204.0,204.0,198.0,200.0,0.0,41757.0,272.0,230.0
NMB,6/5/2024,200.0,204.0,198.0,198.0,-1.0,51675.0,272.0,230.0
NMB,6/6/2024,201.9,201.9,196.6,197.9,-0.05,40516.0,272.0,230.0
NMB,6/9/2024,201.8,205.8,191.6,193.0,-2.48,54425.0,272.0,230.0
NMB,6/10/2024,196.8,196.8,190.0,193.0,0.0,25144.0,272.0,230.0
NMB,6/11/2024,196.8,199.9,189.5,197.0,2.07,57035.0,272.0,230.0
NMB,6/12/2024,198.0,203.0,195.0,197.0,0.0,74758.0,272.0,230.0
NMB,6/13/2024,200.9,200.9,194.5,194.9,-1.07,44550.0,272.0,230.0
NMB,6/16/2024,196.0,197.0,192.6,193.0,-0.97,24476.0,272.0,230.0
NMB,6/18/2024,193.0,195.0,190.0,190.2,-1.45,24719.0,272.0,230.0
NMB,6/19/2024,194.0,194.0,190.1,193.7,1.84,23032.0,272.0,230.0
NMB,6/20/2024,197.5,197.5,188.2,191.0,-1.39,22301.0,272.0,230.0
NMB,6/23/2024,190.0,193.0,189.0,190.0,-0.52,16273.0,272.0,230.0
NMB,6/24/2024,189.0,191.9,187.2,190.0,0.0,26841.0,272.0,230.0
NMB,6/25/2024,189.0,193.5,189.0,189.8,-0.11,20899.0,272.0,230.0
NMB,6/26/2024,193.4,193.4,186.3,186.3,-1.84,30469.0,272.0,230.0
NMB,6/27/2024,185.0,189.6,184.6,185.0,-0.7,16616.0,272.0,230.0
NMB,6/30/2024,184.0,186.0,180.4,182.2,-1.51,41536.0,272.0,230.0
NMB,7/1/2024,180.0,191.0,179.3,191.0,4.83,33988.0,272.0,230.0
NMB,7/2/2024,194.8,206.0,194.1,195.0,2.09,88941.0,272.0,230.0
NMB,7/3/2024,191.5,198.0,191.5,196.2,0.62,47010.0,272.0,230.0
NMB,7/4/2024,200.0,202.0,196.0,197.9,0.87,51925.0,272.0,230.0
NMB,7/7/2024,199.5,201.9,196.5,200.0,1.06,59035.0,272.0,230.0
NMB,7/8/2024,201.0,203.0,197.1,198.0,-1.0,36820.0,272.0,230.0
NMB,7/9/2024,198.0,204.0,198.0,202.0,2.02,32352.0,272.0,230.0
NMB,7/10/2024,206.0,206.9,201.8,206.9,2.43,81179.0,272.0,230.0
NMB,7/11/2024,211.0,212.0,205.0,212.0,2.46,141057.0,272.0,230.0
NMB,7/14/2024,216.2,224.3,212.0,217.9,2.78,106849.0,272.0,230.0
NMB,7/15/2024,220.0,226.4,212.0,218.0,0.05,138716.0,272.0,230.0
NMB,7/16/2024,213.9,222.0,213.9,222.0,1.83,124086.0,272.0,230.0
NMB,7/17/2024,222.1,225.0,213.8,222.0,0.0,180845.0,272.0,230.0
NMB,7/18/2024,225.0,244.0,220.1,235.0,5.86,336191.0,272.0,230.0
NMB,7/21/2024,239.7,249.0,235.0,248.0,5.53,328079.0,272.0,230.0
NMB,7/22/2024,250.0,251.9,237.2,241.8,-2.5,267928.0,272.0,230.0
NMB,7/23/2024,241.0,265.0,238.0,252.9,4.59,253696.0,272.0,230.0
NMB,7/24/2024,257.9,257.9,245.1,247.9,-1.98,240234.0,272.0,230.0
NMB,7/25/2024,248.0,252.8,245.0,250.0,0.85,231456.0,272.0,230.0
NMB,7/28/2024,255.0,275.0,255.0,275.0,10.0,455185.0,272.0,230.0
NMB,7/29/2024,280.5,295.7,271.1,277.3,0.84,583851.0,272.0,230.0
NMB,7/30/2024,277.0,277.0,260.0,270.6,-2.42,332635.0,272.0,230.0
NMB,7/31/2024,275.0,286.0,269.0,276.2,2.07,410788.0,272.0,230.0
NMB,8/1/2024,276.0,280.0,270.0,271.5,-1.7,195269.0,272.0,230.0
NMB,8/5/2024,272.0,272.0,254.1,259.1,-4.57,333244.0,272.0,230.0
NMB,8/6/2024,259.0,259.0,237.0,238.0,-8.14,313150.0,272.0,230.0
NMB,8/7/2024,233.3,252.0,225.0,241.0,1.26,186870.0,272.0,230.0
NMB,8/8/2024,244.0,244.0,234.5,236.9,-1.7,162026.0,272.0,230.0
NMB,8/11/2024,240.0,249.7,238.0,249.1,5.15,268794.0,272.0,230.0
NMB,8/12/2024,244.3,265.0,244.3,258.0,3.57,214293.0,272.0,230.0
NMB,8/13/2024,258.2,263.9,255.0,255.1,-1.12,247482.0,272.0,230.0
NMB,8/14/2024,257.2,258.0,251.0,257.0,0.74,171856.0,272.0,230.0
NMB,8/15/2024,262.1,282.7,258.0,281.2,9.42,712865.0,272.0,230.0
NMB,8/18/2024,282.7,300.0,279.6,280.6,-0.21,643941.0,272.0,230.0
NMB,8/21/2024,286.0,286.0,272.0,279.1,-0.53,285821.0,272.0,230.0
NMB,8/22/2024,274.0,287.0,274.0,283.0,1.4,285473.0,272.0,230.0
NMB,8/25/2024,285.0,285.0,270.0,273.0,-3.53,262950.0,272.0,230.0
NMB,8/27/2024,268.0,270.0,258.8,261.9,-4.07,244794.0,272.0,230.0
NMB,8/28/2024,264.1,269.9,257.0,262.0,0.04,156620.0,272.0,230.0
NMB,8/29/2024,263.0,263.0,250.9,258.8,-1.22,103397.0,272.0,230.0
NMB,9/1/2024,258.0,258.0,247.1,249.0,-3.79,125932.0,272.0,230.0
NMB,9/2/2024,250.0,261.6,245.1,261.6,5.06,124140.0,272.0,230.0
NMB,9/3/2024,266.8,269.5,258.3,259.5,-0.8,106970.0,272.0,230.0
NMB,9/4/2024,264.6,264.6,250.0,250.5,-3.47,68610.0,272.0,230.0
NMB,9/5/2024,250.5,251.0,245.0,250.0,-0.2,83521.0,272.0,230.0
NMB,9/8/2024,250.0,251.0,245.0,245.1,-1.96,77725.0,272.0,230.0
NMB,9/9/2024,245.0,245.1,236.0,239.9,-2.12,108903.0,272.0,230.0
NMB,9/10/2024,240.0,250.0,238.0,244.9,2.08,211295.0,272.0,230.0
NMB,9/11/2024,247.6,247.6,239.0,240.0,-2.0,114097.0,272.0,230.0
NMB,9/12/2024,244.8,250.9,240.0,250.0,4.17,113008.0,272.0,230.0
NMB,9/15/2024,250.3,257.0,247.0,248.5,-0.6,164609.0,272.0,230.0
NMB,9/16/2024,249.0,249.0,243.1,244.3,-1.69,156894.0,272.0,230.0
NMB,9/18/2024,245.0,251.5,241.3,250.0,2.33,114697.0,272.0,230.0
NMB,9/22/2024,255.0,260.1,248.3,253.0,1.2,99851.0,272.0,230.0
NMB,9/23/2024,258.0,258.0,246.0,247.8,-2.06,85246.0,272.0,230.0
NMB,9/24/2024,252.0,252.0,243.0,243.2,-1.86,68093.0,272.0,230.0
NMB,9/25/2024,243.2,252.0,241.0,250.0,2.8,79900.0,272.0,230.0
NMB,9/26/2024,252.0,252.0,245.4,245.6,-1.76,36044.0,272.0,230.0
NMB,9/29/2024,241.1,246.5,241.0,245.0,-0.24,61423.0,272.0,230.0
NMB,9/30/2024,242.5,252.9,242.5,251.5,2.65,59124.0,272.0,230.0
NMB,10/1/2024,254.5,258.0,252.3,258.0,2.58,113202.0,272.0,230.0
NMB,10/2/2024,260.0,263.1,256.0,260.0,0.78,130990.0,272.0,230.0
NMB,10/6/2024,259.0,269.5,255.0,267.5,2.88,111109.0,272.0,230.0
NMB,10/7/2024,267.6,273.5,267.6,272.0,1.68,89183.0,272.0,230.0
NMB,10/8/2024,275.0,276.0,267.5,270.8,-0.44,78846.0,272.0,230.0
NMB,10/9/2024,270.8,270.9,265.5,269.2,-0.59,63479.0,272.0,230.0
NMB,10/15/2024,272.0,276.5,268.0,275.4,2.3,61137.0,272.0,230.0
NMB,10/16/2024,275.0,282.5,275.0,280.0,1.67,121312.0,272.0,230.0
NMB,10/17/2024,281.0,288.0,274.5,284.3,1.54,224299.0,272.0,230.0
NMB,10/20/2024,280.0,285.6,270.0,280.1,-1.48,226052.0,272.0,230.0
NMB,10/21/2024,278.4,280.2,272.1,274.0,-2.18,140505.0,272.0,230.0
NMB,10/22/2024,270.1,275.4,266.0,271.0,-1.09,106557.0,272.0,230.0
NMB,10/23/2024,271.0,271.9,260.3,263.9,-2.62,212587.0,272.0,230.0
NMB,10/24/2024,268.0,268.0,259.0,259.0,-1.86,58296.0,272.0,230.0
NMB,10/27/2024,264.0,264.0,256.0,260.0,0.39,42221.0,272.0,230.0
NMB,10/28/2024,260.0,262.0,258.0,260.9,0.35,60713.0,272.0,230.0
NMB,10/29/2024,263.0,263.0,259.1,262.0,0.42,104544.0,272.0,230.0
NMB,10/30/2024,266.0,266.0,258.0,260.0,-0.76,82943.0,272.0,230.0
NMB,11/5/2024,260.0,262.8,257.0,258.0,-0.77,31228.0,272.0,230.0
NMB,11/6/2024,262.0,262.0,258.0,259.5,0.58,32442.0,272.0,230.0
NMB,11/10/2024,258.0,265.0,258.0,264.0,1.73,112535.0,272.0,230.0
NMB,11/11/2024,265.0,274.5,262.0,268.0,1.52,144968.0,272.0,230.0
NMB,11/12/2024,270.5,271.0,266.0,268.0,0.0,48741.0,272.0,230.0
NMB,11/13/2024,271.0,271.0,261.0,261.0,-2.61,46383.0,272.0,230.0
NMB,11/14/2024,266.2,266.2,259.0,260.0,-0.38,59115.0,272.0,230.0
NMB,11/17/2024,264.0,270.0,262.2,263.3,1.27,78449.0,272.0,230.0
NMB,11/19/2024,267.0,267.0,258.8,258.8,-1.71,98669.0,272.0,230.0
NMB,11/20/2024,258.79,259.0,255.0,257.0,-0.7,38707.0,272.0,230.0
NMB,11/21/2024,257.0,260.9,255.0,255.0,-0.78,48916.0,272.0,230.0
NMB,11/24/2024,260.1,260.1,251.3,254.9,-0.04,59608.0,272.0,230.0
NMB,11/25/2024,259.9,259.9,251.0,258.5,1.41,54387.0,272.0,230.0
NMB,11/26/2024,263.6,263.6,257.0,261.0,0.97,96873.0,272.0,230.0
NMB,11/27/2024,262.0,264.0,260.0,261.2,0.08,50334.0,272.0,230.0
NMB,11/28/2024,261.2,263.0,259.0,259.0,-0.84,51976.0,272.0,230.0
NMB,12/1/2024,259.0,259.0,253.0,253.1,-2.28,45517.0,272.0,230.0
NMB,12/2/2024,258.1,258.1,250.2,253.0,-0.04,79666.0,272.0,230.0
NMB,12/3/2024,258.0,258.0,250.0,255.0,0.79,42833.0,272.0,230.0
NMB,12/4/2024,260.1,260.1,251.0,253.0,-0.78,71165.0,272.0,230.0
NMB,12/5/2024,248.1,254.0,248.1,250.2,-1.11,51189.0,272.0,230.0
NMB,12/8/2024,250.2,250.2,241.1,243.0,-2.88,131274.0,272.0,230.0
NMB,12/9/2024,243.0,244.2,239.0,241.9,-0.45,47823.0,272.0,230.0
NMB,12/10/2024,242.0,242.0,237.0,238.0,-1.61,54148.0,272.0,230.0
NMB,12/11/2024,242.7,249.0,237.9,248.0,4.2,65123.0,272.0,230.0
NMB,12/12/2024,252.9,252.9,242.2,247.0,-0.4,92372.0,272.0,230.0
NMB,12/16/2024,249.0,249.0,240.1,241.6,-2.19,62995.0,272.0,230.0
NMB,12/17/2024,237.1,244.4,237.1,243.0,0.58,23698.0,272.0,230.0
NMB,12/18/2024,243.0,247.5,240.1,240.1,-1.19,56194.0,272.0,230.0
NMB,12/19/2024,240.0,244.6,238.2,239.0,-0.46,94199.0,272.0,230.0
NMB,12/22/2024,237.0,240.0,235.4,239.0,0.0,63660.0,272.0,230.0
NMB,12/23/2024,239.0,240.0,235.1,239.0,0.0,26186.0,272.0,230.0
NMB,12/24/2024,241.5,248.0,236.7,247.0,3.35,66351.0,272.0,230.0
NMB,12/26/2024,247.0,251.0,241.0,248.8,0.73,77229.0,272.0,230.0
NMB,12/29/2024,253.0,253.0,245.0,246.0,-1.13,53794.0,272.0,230.0
NMB,12/31/2024,241.2,248.0,239.5,245.4,-0.24,73136.0,272.0,230.0
NMB,1/1/2025,248.0,248.0,242.5,243.2,-0.9,22273.0,272.0,230.0
NMB,1/2/2025,242.0,247.0,241.0,246.0,1.15,30400.0,272.0,230.0
NMB,1/5/2025,242.0,244.0,241.0,244.0,-0.81,27452.0,272.0,230.0
NMB,1/6/2025,240.0,246.0,240.0,243.6,-0.16,76560.0,272.0,230.0
NMB,1/7/2025,248.0,248.0,241.0,242.5,-0.45,58797.0,272.0,230.0
NMB,1/8/2025,241.0,242.0,238.1,240.0,-1.03,67113.0,272.0,230.0
NMB,1/9/2025,238.2,244.9,237.0,239.8,-0.08,82734.0,272.0,230.0
NMB,1/12/2025,244.0,244.0,237.5,238.0,-0.75,17238.0,272.0,230.0
NMB,1/13/2025,237.0,239.9,236.0,238.8,0.34,33053.0,272.0,230.0
NMB,1/15/2025,237.0,239.0,234.2,237.1,-0.71,17173.0,272.0,230.0
NMB,1/16/2025,236.0,236.0,233.0,234.5,-1.1,41457.0,272.0,230.0
NMB,1/19/2025,234.6,235.0,230.0,235.0,0.21,41728.0,272.0,230.0
NMB,1/20/2025,238.0,244.4,238.0,239.3,1.83,92842.0,272.0,230.0
NMB,1/21/2025,241.5,242.0,239.6,240.0,0.29,33599.0,272.0,230.0
NMB,1/22/2025,237.0,246.0,237.0,244.1,1.71,65121.0,272.0,230.0
NMB,1/23/2025,242.2,246.9,240.0,240.1,-1.64,39448.0,272.0,230.0
NMB,1/26/2025,240.0,242.9,237.0,240.0,-0.04,57261.0,272.0,230.0
NMB,1/27/2025,244.8,249.6,235.3,240.0,0.0,45883.0,272.0,230.0
NMB,1/28/2025,242.8,242.8,238.3,240.0,0.0,44918.0,272.0,230.0
NMB,2/2/2025,240.0,246.8,238.0,245.0,2.08,126958.0,272.0,230.0
NMB,2/3/2025,248.0,252.0,245.0,245.0,0.0,83555.0,272.0,230.0
NMB,2/4/2025,242.3,248.0,240.0,245.9,0.37,46518.0,272.0,230.0
NMB,2/5/2025,242.0,246.0,241.3,245.0,-0.37,39246.0,272.0,230.0
NMB,2/6/2025,242.2,244.5,241.1,244.5,-0.2,56325.0,272.0,230.0
NMB,2/9/2025,239.7,248.0,239.7,242.1,-0.98,36321.0,272.0,230.0
NMB,2/10/2025,238.0,245.9,238.0,241.0,-0.45,52276.0,272.0,230.0
NMB,2/11/2025,240.0,242.0,240.0,241.0,0.0,51701.0,272.0,230.0
NMB,2/12/2025,242.0,245.0,238.2,241.0,0.0,25980.0,272.0,230.0
NMB,2/13/2025,242.9,242.9,239.1,239.8,-0.5,40186.0,272.0,230.0
NMB,2/16/2025,238.2,245.4,238.2,245.0,2.17,90438.0,272.0,230.0
NMB,2/17/2025,248.0,251.9,242.4,250.2,2.12,106444.0,272.0,230.0
NMB,2/18/2025,255.2,264.9,250.2,253.4,1.28,154242.0,272.0,230.0
NMB,2/20/2025,254.0,258.8,250.3,250.8,-1.03,63279.0,272.0,230.0
NMB,2/23/2025,248.0,252.0,246.0,250.4,-0.16,78075.0,272.0,230.0
NMB,2/24/2025,245.4,259.0,245.4,251.0,0.24,142318.0,272.0,230.0
NMB,2/25/2025,251.0,255.8,251.0,253.0,0.8,135293.0,272.0,230.0
NMB,2/27/2025,258.0,273.0,258.0,263.0,3.95,179624.0,272.0,230.0
NMB,3/2/2025,268.2,268.2,262.0,267.5,1.71,310389.0,272.0,230.0
NMB,3/3/2025,269.0,273.0,265.0,265.1,-0.9,226954.0,272.0,230.0
NMB,3/4/2025,260.0,268.0,260.0,264.8,-0.11,124295.0,272.0,230.0
NMB,3/5/2025,265.0,270.0,262.1,262.2,-0.98,120798.0,272.0,230.0
NMB,3/6/2025,266.9,266.9,260.5,261.0,-0.46,50326.0,272.0,230.0
NMB,3/9/2025,258.0,263.0,256.0,257.0,-1.53,71820.0,272.0,230.0
NMB,3/10/2025,257.1,260.0,254.5,259.0,0.78,52771.0,272.0,230.0
NMB,3/11/2025,255.1,260.0,255.1,256.0,-1.16,69774.0,272.0,230.0
NMB,3/12/2025,257.1,259.0,256.0,256.0,0.0,35686.0,272.0,230.0
NMB,3/16/2025,256.0,256.0,251.0,254.0,-0.78,58655.0,272.0,230.0
NMB,3/17/2025,250.1,255.0,250.1,254.0,0.0,31215.0,272.0,230.0
NMB,3/18/2025,258.1,258.1,252.0,254.0,0.0,38941.0,272.0,230.0
NMB,3/19/2025,253.0,265.0,250.0,252.0,-0.79,89133.0,272.0,230.0
NMB,3/20/2025,249.1,252.5,248.0,249.72,-0.9,73871.0,272.0,230.0
NMB,3/23/2025,247.1,248.0,241.9,243.09,-2.65,79586.0,272.0,230.0
NMB,3/24/2025,241.5,246.0,240.0,245.32,0.92,70901.0,272.0,230.0
NMB,3/25/2025,250.2,250.2,240.2,241.2,-1.68,60464.0,272.0,230.0
NMB,3/26/2025,245.0,250.0,240.1,247.7,2.69,64718.0,272.0,230.0
NMB,3/27/2025,252.6,253.8,247.7,252.66,2.0,76107.0,272.0,230.0
NMB,3/30/2025,254.0,260.0,254.0,257.24,1.81,103952.0,272.0,230.0
NMB,4/1/2025,258.0,258.0,253.2,255.42,-0.71,43085.0,272.0,230.0
NMB,4/2/2025,260.5,260.5,253.1,254.88,-0.21,31485.0,272.0,230.0
NMB,4/3/2025,252.1,260.2,252.1,255.71,0.33,114700.0,272.0,230.0
NMB,4/7/2025,260.5,260.5,253.0,256.34,0.25,47336.0,272.0,230.0
NMB,4/8/2025,259.0,259.0,249.0,252.13,-1.64,109299.0,272.0,230.0
NMB,4/9/2025,257.0,257.0,251.2,251.73,-0.16,93787.0,272.0,230.0
NMB,4/10/2025,256.7,256.7,250.0,251.52,-0.08,71961.0,272.0,230.0
NMB,4/13/2025,256.0,256.0,248.1,251.13,-0.16,94702.0,272.0,230.0
NMB,4/15/2025,256.0,256.0,248.0,252.34,0.48,36938.0,272.0,230.0
NMB,4/16/2025,254.0,256.0,251.3,254.39,0.81,37015.0,272.0,230.0
NMB,4/17/2025,259.4,259.5,254.1,258.18,1.49,55373.0,272.0,230.0
NMB,4/20/2025,259.0,259.0,252.0,253.39,-1.86,62621.0,272.0,230.0
NMB,4/21/2025,254.1,254.1,249.1,249.79,-1.42,78395.0,272.0,230.0
NMB,4/22/2025,249.0,252.0,247.0,247.57,-0.89,46137.0,272.0,230.0
NMB,4/23/2025,249.0,249.0,243.5,243.82,-1.51,53667.0,272.0,230.0
NMB,4/24/2025,245.0,245.0,239.0,242.06,-0.72,62000.0,272.0,230.0
NMB,4/27/2025,239.0,242.6,238.0,239.36,-1.12,97195.0,272.0,230.0
NMB,4/28/2025,236.3,239.9,236.2,237.95,-0.59,68965.0,272.0,230.0
NMB,4/29/2025,240.0,240.0,236.0,237.53,-0.18,27874.0,272.0,230.0
NMB,4/30/2025,235.3,236.5,234.0,235.06,-1.04,50855.0,272.0,230.0
NMB,5/4/2025,232.0,236.5,232.0,233.1,-0.83,68133.0,272.0,230.0
NMB,5/5/2025,231.1,234.7,231.0,233.06,-0.02,19983.0,272.0,230.0
NMB,5/6/2025,231.3,233.9,231.3,232.65,-0.18,30617.0,272.0,230.0
NMB,5/7/2025,231.6,244.0,231.3,240.7,3.46,87995.0,272.0,230.0
NMB,5/8/2025,240.0,241.0,236.0,239.03,-0.69,31007.0,272.0,230.0
NMB,5/11/2025,240.0,245.0,238.1,238.74,-0.12,38785.0,272.0,230.0
NMB,5/13/2025,237.1,239.0,235.0,236.36,-1.0,32934.0,272.0,230.0
NMB,5/14/2025,234.0,237.8,232.0,235.86,-0.21,16850.0,272.0,230.0
NMB,5/15/2025,236.0,237.0,233.0,234.78,-0.46,50679.0,272.0,230.0
NMB,5/18/2025,233.1,235.5,232.1,233.63,-0.49,23464.0,272.0,230.0
NMB,5/19/2025,232.5,239.7,232.5,238.14,1.93,46289.0,272.0,230.0
NMB,5/20/2025,235.0,245.8,235.0,244.63,2.73,45792.0,272.0,230.0
NMB,5/21/2025,249.5,259.0,241.3,242.0,-1.08,64606.0,272.0,230.0
NMB,5/22/2025,242.0,254.0,242.0,251.38,3.88,108506.0,272.0,230.0
NMB,5/25/2025,252.0,254.0,244.5,247.29,-1.63,81757.0,272.0,230.0
NMB,5/26/2025,252.2,257.2,246.0,249.87,1.04,126602.0,272.0,230.0
NMB,5/27/2025,246.0,252.0,244.0,251.39,0.61,49823.0,272.0,230.0
NMB,5/28/2025,250.0,255.0,246.2,254.05,1.06,83855.0,272.0,230.0
NMB,6/2/2025,259.0,259.1,249.4,250.52,-1.39,64906.0,272.0,230.0
NMB,6/3/2025,251.9,251.9,246.0,246.26,-1.7,78525.0,272.0,230.0
NMB,6/4/2025,246.0,246.9,240.0,241.48,-1.94,52225.0,272.0,230.0
NMB,6/5/2025,245.0,245.0,238.0,240.71,-0.32,36286.0,272.0,230.0
NMB,6/8/2025,245.5,245.5,235.8,240.06,-0.27,20871.0,272.0,230.0
NMB,6/9/2025,240.06,242.7,239.1,241.62,0.65,21357.0,272.0,230.0
NMB,6/10/2025,240.0,251.9,238.2,241.97,0.14,83888.0,272.0,230.0
NMB,6/11/2025,240.0,245.0,238.0,243.48,0.62,55979.0,272.0,230.0
NMB,6/12/2025,245.0,245.0,238.7,241.82,-0.68,32334.0,272.0,230.0
NMB,6/15/2025,237.0,245.0,237.0,240.67,-0.48,43308.0,272.0,230.0
NMB,6/16/2025,238.1,243.4,237.1,240.26,-0.17,52527.0,272.0,230.0
NMB,6/17/2025,239.1,243.0,239.1,240.4,0.06,40235.0,272.0,230.0
NMB,6/18/2025,236.2,240.9,236.2,238.41,-0.83,35036.0,272.0,230.0
NMB,6/19/2025,238.5,238.7,236.1,236.6,-0.76,51081.0,272.0,230.0
NMB,6/22/2025,240.0,241.3,234.0,235.23,-0.58,49896.0,272.0,230.0
NMB,6/23/2025,234.0,237.9,234.0,235.25,0.01,27645.0,272.0,230.0
NMB,6/24/2025,239.9,243.0,235.2,235.72,0.2,60961.0,272.0,230.0
NMB,6/25/2025,235.0,240.0,233.1,234.9,-0.35,20505.0,272.0,230.0
NMB,6/26/2025,233.0,236.9,233.0,235.39,0.21,29936.0,272.0,230.0
NMB,6/29/2025,233.1,258.0,233.1,243.23,3.33,45056.0,272.0,230.0
NMB,6/30/2025,248.0,248.0,240.0,243.95,0.3,43275.0,272.0,230.0
NMB,7/1/2025,240.0,247.0,239.4,246.61,1.09,48863.0,272.0,230.0
NMB,7/2/2025,247.0,251.0,245.1,250.08,1.41,77153.0,272.0,230.0
NMB,7/3/2025,255.0,256.0,246.0,253.3,1.29,132713.0,272.0,230.0
NMB,7/6/2025,252.0,255.7,250.0,253.27,-0.01,62281.0,272.0,230.0
NMB,7/7/2025,258.3,258.3,248.2,249.22,-1.6,73853.0,272.0,230.0
NMB,7/8/2025,245.1,249.8,245.1,247.27,-0.78,46876.0,272.0,230.0
NMB,7/9/2025,245.0,253.8,245.0,252.61,2.16,51660.0,272.0,230.0
NMB,7/10/2025,255.0,264.0,255.0,258.85,2.47,199250.0,272.0,230.0
NMB,7/13/2025,264.0,273.0,262.2,264.44,2.16,297593.0,272.0,230.0
NMB,7/14/2025,264.0,264.9,259.5,260.25,-1.58,140358.0,272.0,230.0
NMB,7/15/2025,261.0,266.6,260.0,265.68,2.09,129554.0,272.0,230.0
NMB,7/16/2025,269.0,271.5,265.5,269.72,1.52,281194.0,272.0,230.0
NMB,7/17/2025,273.0,274.9,269.1,272.05,0.86,169128.0,272.0,230.0
NMB,7/20/2025,266.7,276.0,266.7,267.89,-1.53,173643.0,272.0,230.0
NMB,7/21/2025,270.0,270.3,265.3,269.4,0.56,186919.0,272.0,230.0
NMB,7/22/2025,269.4,274.9,268.1,273.52,1.53,221271.0,272.0,230.0
NMB,7/23/2025,268.1,278.4,268.1,277.03,1.28,263082.0,272.0,230.0
NMB,7/24/2025,276.0,277.0,271.7,274.48,-0.92,147958.0,272.0,230.0
NMB,7/27/2025,273.0,278.0,272.0,272.51,-0.72,152544.0,272.0,230.0
NMB,7/28/2025,270.0,275.0,268.0,270.66,-0.68,149373.0,272.0,230.0
NMB,7/29/2025,270.0,275.5,270.0,272.5,0.68,183131.0,272.0,230.0
NMB,7/30/2025,273.0,274.9,268.0,268.3,-1.54,150660.0,272.0,230.0
NMB,7/31/2025,271.0,271.0,264.3,264.88,-1.27,122833.0,272.0,230.0
NMB,8/3/2025,263.0,263.0,257.3,257.61,-2.74,85195.0,272.0,230.0
NMB,8/4/2025,259.9,283.0,256.1,263.19,2.17,91719.0,272.0,230.0
NMB,8/5/2025,265.9,269.0,261.7,262.47,-0.27,81419.0,272.0,230.0
NMB,8/6/2025,260.3,263.0,259.5,261.71,-0.29,35272.0,272.0,230.0
NMB,8/7/2025,265.9,265.9,261.1,263.24,0.58,59848.0,272.0,230.0
NMB,8/11/2025,265.5,268.5,260.5,260.95,-0.87,132566.0,272.0,230.0
NMB,8/12/2025,266.1,266.1,258.0,259.27,-0.64,51937.0,272.0,230.0
NMB,8/13/2025,261.0,261.0,254.0,254.15,-1.97,80894.0,272.0,230.0
NMB,8/14/2025,255.0,255.5,251.2,252.33,-0.72,39553.0,272.0,230.0
NMB,8/17/2025,254.0,254.0,246.0,246.41,-2.35,78582.0,272.0,230.0
NMB,8/18/2025,246.0,248.5,245.5,246.36,-0.02,59074.0,272.0,230.0
NMB,8/19/2025,249.9,250.9,247.0,248.05,0.69,43314.0,272.0,230.0
NMB,8/20/2025,250.9,252.0,246.2,251.52,1.4,27558.0,272.0,230.0
NMB,8/21/2025,249.1,252.1,248.0,249.51,-0.8,42919.0,272.0,230.0
NMB,8/24/2025,245.2,252.0,245.0,249.27,-0.1,34120.0,272.0,230.0
NMB,8/25/2025,248.1,251.0,248.0,249.79,0.21,22666.0,272.0,230.0
NMB,8/26/2025,250.0,252.4,248.0,249.92,0.05,19420.0,272.0,230.0
NMB,8/27/2025,254.9,254.9,249.2,253.27,1.34,89528.0,272.0,230.0
NMB,8/28/2025,251.6,278.0,249.1,250.61,-1.05,81745.0,272.0,230.0
NMB,8/31/2025,252.0,252.0,249.0,249.32,-0.51,54946.0,272.0,230.0
NMB,9/1/2025,254.3,255.0,248.7,253.45,1.66,59786.0,272.0,230.0
NMB,9/2/2025,258.5,258.5,250.2,253.8,0.14,63662.0,272.0,230.0
NMB,9/3/2025,258.0,258.0,249.3,251.96,-0.72,37153.0,272.0,230.0
NMB,9/4/2025,252.5,252.5,247.5,249.85,-0.84,23737.0,272.0,230.0
NMB,9/7/2025,253.9,253.9,249.0,249.68,-0.07,34487.0,272.0,230.0
NMB,9/8/2025,247.5,252.0,245.5,245.86,-1.53,37696.0,272.0,230.0
NMB,9/18/2025,248.0,248.0,239.0,239.0,-2.79,75.0,272.0,230.0
NMB,9/21/2025,239.0,246.9,238.9,245.9,2.89,103111.0,272.0,230.0
NMB,9/23/2025,247.0,250.8,246.0,249.0,1.26,41458.0,272.0,230.0
NMB,9/24/2025,252.0,252.0,245.0,247.9,-0.44,14717.0,272.0,230.0
NMB,9/25/2025,250.0,250.0,243.6,248.4,0.2,20443.0,272.0,230.0
NMB,9/28/2025,248.4,250.0,245.0,248.5,0.04,35996.0,272.0,230.0
NMB,10/7/2025,245.0,248.8,240.0,243.4,-2.05,56294.0,272.0,230.0
NMB,10/8/2025,240.2,245.0,236.6,238.1,-2.18,88717.0,272.0,230.0
NMB,10/9/2025,242.0,255.0,239.1,240.9,1.18,53553.0,272.0,230.0
NMB,10/12/2025,237.1,243.0,234.6,239.0,-0.79,109136.0,272.0,230.0
NMB,10/13/2025,243.0,245.0,236.3,239.1,0.04,39824.0,272.0,230.0
NMB,10/14/2025,241.9,241.9,238.0,239.0,-0.04,40770.0,272.0,230.0
NMB,10/15/2025,241.7,241.7,236.0,237.9,-0.46,58863.0,272.0,230.0
NMB,10/16/2025,239.9,240.0,234.0,235.0,-1.22,149580.0,272.0,230.0
NMB,10/19/2025,237.9,239.7,235.0,238.3,1.4,22837.0,272.0,230.0
NMB,10/26/2025,234.3,238.0,233.8,237.0,-0.55,23502.0,272.0,230.0
NMB,10/28/2025,238.7,242.0,236.1,242.0,2.11,22791.0,272.0,230.0
NMB,10/29/2025,238.7,243.5,238.7,240.0,-0.83,16950.0,272.0,230.0
NMB,10/30/2025,236.0,240.7,236.0,240.6,0.25,40871.0,272.0,230.0
NMB,11/2/2025,243.9,244.4,240.0,242.0,0.58,53253.0,272.0,230.0
NMB,11/3/2025,244.7,244.7,240.5,241.0,-0.41,32308.0,272.0,230.0
NMB,11/4/2025,239.4,243.0,239.4,243.0,0.83,33288.0,272.0,230.0
NMB,11/5/2025,243.8,243.8,239.3,242.5,-0.21,46092.0,272.0,230.0
NMB,11/6/2025,247.3,247.3,240.2,242.6,0.04,26056.0,272.0,230.0
NMB,11/9/2025,238.1,240.0,235.0,235.4,-2.97,49135.0,272.0,230.0
NMB,11/10/2025,236.0,239.7,234.0,234.9,-0.21,32011.0,272.0,230.0
NMB,11/11/2025,234.9,234.9,232.2,232.8,-0.89,31698.0,272.0,230.0
NMB,11/12/2025,233.0,233.0,231.8,232.5,-0.13,18453.0,272.0,230.0
NMB,11/13/2025,231.4,253.0,231.3,237.6,2.19,60592.0,272.0,230.0
NMB,11/16/2025,238.1,238.1,234.5,236.0,-0.67,30101.0,272.0,230.0
NMB,11/17/2025,237.7,238.0,234.1,235.5,-0.21,13796.0,272.0,230.0
NMB,11/18/2025,237.0,237.9,235.0,236.0,0.21,50700.0,272.0,230.0
NMB,11/19/2025,234.8,238.2,234.1,234.6,-0.59,24865.0,272.0,230.0
NMB,11/20/2025,235.0,238.0,234.5,237.0,1.02,34574.0,272.0,230.0
NMB,11/23/2025,241.0,243.9,239.5,243.0,2.53,96470.0,272.0,230.0
NMB,11/24/2025,244.5,247.2,243.1,247.0,1.65,60547.0,272.0,230.0
NMB,11/25/2025,248.9,248.9,245.0,247.9,0.36,65545.0,272.0,230.0
NMB,11/26/2025,249.7,252.0,247.1,251.8,1.57,52101.0,272.0,230.0
NMB,11/27/2025,255.0,260.0,250.4,260.0,3.26,123600.0,272.0,230.0
NMB,11/30/2025,256.8,260.0,250.0,253.8,-2.38,83622.0,272.0,230.0
NMB,12/1/2025,253.0,254.7,249.3,251.4,-0.95,60782.0,272.0,230.0
NMB,12/2/2025,255.0,255.0,248.0,249.8,-0.64,57920.0,272.0,230.0
NMB,12/3/2025,254.7,254.7,247.9,247.9,-0.76,66108.0,272.0,230.0
NMB,12/7/2025,248.7,249.8,245.0,249.6,0.69,49642.0,272.0,230.0
NMB,12/8/2025,248.0,249.2,245.3,248.1,-0.6,41229.0,272.0,230.0
NMB,12/9/2025,246.0,249.8,244.8,247.3,-0.32,25459.0,272.0,230.0
NMB,12/10/2025,250.0,250.0,245.5,247.0,-0.12,19906.0,272.0,230.0
NMB,12/11/2025,245.0,247.0,245.0,245.9,-0.45,26472.0,272.0,230.0
NMB,12/14/2025,247.0,248.0,244.8,247.0,0.45,37716.0,272.0,230.0
NMB,12/15/2025,249.0,250.0,245.5,248.0,0.4,63396.0,272.0,230.0
NMB,12/16/2025,250.0,254.9,248.0,252.1,1.65,65886.0,272.0,230.0
NMB,12/17/2025,253.9,256.5,252.2,256.1,1.59,66790.0,272.0,230.0
NMB,12/18/2025,255.0,257.1,254.5,255.6,-0.2,110162.0,272.0,230.0
NMB,12/21/2025,257.29,257.29,254.0,255.1,-0.2,68744.0,272.0,230.0
NMB,12/22/2025,260.0,260.0,253.5,253.6,-0.59,77228.0,272.0,230.0
NMB,12/23/2025,256.0,256.0,253.0,254.9,0.51,128592.0,272.0,230.0
NMB,12/24/2025,239.0,239.0,233.5,235.1,-7.77,63953.0,272.0,230.0
NMB,12/28/2025,239.0,240.0,233.0,240.0,2.08,85741.0,272.0,230.0
NMB,12/29/2025,243.0,243.8,236.0,237.0,-1.25,57270.0,272.0,230.0
NMB,12/31/2025,240.0,243.9,238.2,238.2,0.51,47350.0,272.0,230.0
NMB,1/1/2026,242.9,242.9,237.1,238.8,0.25,28358.0,272.0,230.0
NMB,1/4/2026,242.0,242.0,235.0,235.1,-1.55,44500.0,272.0,230.0
NMB,1/5/2026,235.0,238.9,235.0,236.1,0.43,34799.0,272.0,230.0
NMB,1/6/2026,235.3,240.6,235.3,240.0,1.65,61193.0,272.0,230.0
NMB,1/7/2026,239.0,241.0,235.6,237.2,-1.17,28233.0,272.0,230.0
NMB,1/8/2026,237.0,239.6,237.0,239.0,0.76,36916.0,272.0,230.0
NMB,1/12/2026,243.7,243.7,239.0,239.9,0.38,31489.0,272.0,230.0
NMB,1/13/2026,239.9,240.0,237.0,239.0,-0.38,35305.0,272.0,230.0
NMB,1/14/2026,239.0,240.0,237.2,239.0,0.0,21475.0,272.0,230.0
NMB,1/18/2026,238.0,240.9,237.0,238.8,-0.08,51713.0,272.0,230.0
NMB,1/20/2026,237.2,244.0,237.2,240.5,0.71,67016.0,272.0,230.0
NMB,1/21/2026,238.0,242.5,238.0,242.5,0.83,65927.0,272.0,230.0
NMB,1/22/2026,241.8,243.0,240.0,241.5,-0.41,31063.0,272.0,230.0
NMB,1/25/2026,242.0,246.7,240.0,246.4,2.03,56349.0,272.0,230.0
NMB,1/26/2026,246.4,247.9,242.7,244.0,-0.97,45281.0,272.0,230.0
NMB,1/27/2026,242.2,245.0,240.0,240.1,-1.6,62320.0,272.0,230.0
NMB,1/28/2026,240.0,244.0,240.0,240.1,0.0,46367.0,272.0,230.0
NMB,1/29/2026,240.0,241.9,239.2,239.5,-0.25,53461.0,272.0,230.0
NMB,2/1/2026,237.0,240.0,237.0,237.2,-0.96,32424.0,272.0,230.0
NMB,2/2/2026,240.0,240.0,236.1,238.0,0.34,27764.0,272.0,230.0
NMB,2/3/2026,237.5,240.0,235.9,235.9,-0.88,39727.0,272.0,230.0
NMB,2/4/2026,231.2,239.0,231.2,233.0,-1.23,69194.0,272.0,230.0
NMB,2/5/2026,233.1,235.8,233.0,234.1,0.47,74262.0,272.0,230.0
NMB,2/8/2026,236.0,242.0,234.2,234.3,0.09,27583.0,272.0,230.0
NMB,2/9/2026,234.4,234.4,232.2,232.7,-0.68,39501.0,272.0,230.0
NMB,2/10/2026,232.5,236.0,232.5,234.0,0.56,33042.0,272.0,230.0
NMB,2/11/2026,237.0,237.0,233.0,233.3,-0.3,16034.0,272.0,230.0
NMB,2/12/2026,235.0,235.0,233.0,234.0,0.3,22160.0,272.0,230.0
NMB,2/16/2026,237.0,237.0,234.0,235.0,0.43,32445.0,272.0,230.0
NMB,2/17/2026,233.0,236.0,233.0,235.0,0.0,43208.0,272.0,230.0
NMB,2/22/2026,232.3,235.0,232.1,234.0,-0.43,25804.0,272.0,230.0
NMB,2/23/2026,233.1,235.0,232.4,233.0,-0.43,43924.0,272.0,230.0
NMB,2/24/2026,235.0,235.0,232.4,234.8,0.77,11140.0,272.0,230.0
NMB,2/25/2026,236.0,236.0,233.1,234.5,-0.13,22338.0,272.0,230.0
NMB,2/26/2026,239.1,239.1,234.0,238.5,1.71,40152.0,272.0,230.0
NMB,2/27/2026,239.1,239.1,234.0,238.5,0.0,40152.0,272.0,230.0
NMB,2/28/2026,239.1,239.1,234.0,238.5,0.0,40152.0,272.0,230.0
NMB,3/2/2026,234.2,238.8,234.1,238.8,0.13,39746.0,272.0,230.0
NMB,3/3/2026,243.5,243.5,235.4,241.9,1.3,31533.0,272.0,230.0
NMB,3/4/2026,243.5,243.5,235.4,241.9,0.0,31533.0,272.0,230.0
NMB,3/5/2026,243.5,243.5,235.4,241.9,0.0,31533.0,272.0,230.0
NMB,3/6/2026,243.5,243.5,235.4,241.9,0.0,31533.0,272.0,230.0
NMB,3/7/2026,243.5,243.5,235.4,241.9,0.0,31533.0,272.0,230.0
NMB,3/8/2026,243.5,243.5,235.4,241.9,0.0,31533.0,272.0,230.0
NMB,3/9/2026,246.7,251.6,246.7,246.7,1.98,5010.0,272.0,230.0
NMB,3/10/2026,251.6,265.2,249.9,253.1,2.59,296164.0,272.0,230.0
NMB,3/11/2026,255.0,255.0,250.0,252.7,-0.16,88823.0,272.0,230.0
NMB,3/12/2026,257.7,259.9,249.0,257.0,1.7,106910.0,272.0,230.0
NMB,3/13/2026,257.7,259.9,249.0,257.0,0.0,106910.0,272.0,230.0
NMB,3/14/2026,257.7,259.9,249.0,257.0,0.0,106910.0,272.0,230.0
NMB,3/15/2026,258.0,259.0,253.1,256.0,-0.39,53671.0,272.0,230.0
NMB,3/16/2026,254.0,255.0,251.2,253.0,-1.17,57351.0,272.0,230.0
NMB,3/17/2026,248.1,254.7,248.1,254.0,0.4,36068.0,272.0,230.0
NMB,3/18/2026,248.1,254.7,248.1,254.0,0.0,36068.0,272.0,230.0
NMB,3/19/2026,249.0,262.9,249.0,260.9,2.72,221234.0,272.0,230.0
NMB,3/20/2026,249.0,262.9,249.0,260.9,0.0,221234.0,272.0,230.0
NMB,3/21/2026,249.0,262.9,249.0,260.9,0.0,221234.0,272.0,230.0
NMB,3/22/2026,264.9,271.4,261.0,269.8,3.41,290873.0,272.0,230.0
NMB,3/23/2026,268.0,269.0,264.5,269.0,-0.3,101193.0,272.0,230.0
NMB,3/24/2026,270.8,270.8,263.8,269.0,0.0,170744.0,272.0,230.0
NMB,3/25/2026,264.0,272.0,262.2,265.7,-1.23,142378.0,272.0,230.0
NMB,3/26/2026,268.8,268.8,261.2,265.0,-1.41,96756.0,272.0,230.0
NMB,3/29/2026,265.5,267.0,257.0,257.0,-3.2,155938.0,272.0,230.0
NMB,3/30/2026,260.0,260.0,247.0,248.6,-4.38,124263.0,272.0,230.0
NMB,3/31/2026,251.0,254.5,246.5,254.0,1.2,92630.0,272.0,230.0
NMB,4/1/2026,257.9,257.9,247.1,248.1,-3.8,69545.0,272.0,230.0
NMB,4/2/2026,243.2,252.0,243.2,249.0,2.38,40655.0,272.0,230.0
NMB,4/5/2026,249.0,249.0,239.5,240.0,-3.61,88847.0,272.0,230.0
NMB,4/6/2026,244.8,247.0,240.1,244.2,-0.25,54907.0,272.0,230.0
NMB,4/7/2026,246.0,249.0,242.1,242.2,-1.54,35655.0,272.0,230.0
NMB,4/8/2026,245.0,249.9,244.0,248.9,1.59,69279.0,272.0,230.0
NMB,4/9/2026,252.7,263.0,248.0,252.0,-0.28,58876.0,272.0,230.0
NMB,4/10/2026,257.0,257.0,250.0,251.0,-2.33,24529.0,272.0,230.0
NMB,4/13/2026,252.0,254.0,248.4,248.4,-1.43,20999.0,272.0,230.0
NMB,4/15/2026,253.0,253.0,249.0,252.0,-0.4,47809.0,272.0,230.0
NMB,4/16/2026,249.4,251.0,247.0,250.0,0.24,31666.0,272.0,230.0
NMB,4/17/2026,253.9,253.9,245.0,248.5,-2.13,35272.0,272.0,230.0
NMB,4/20/2026,236.1,257.0,236.1,245.6,4.02,15882.0,272.0,230.0
NMB,4/21/2026,241.2,248.0,241.2,243.0,0.75,31857.0,272.0,230.0
NMB,4/22/2026,247.8,247.8,240.5,245.0,-1.13,34106.0,272.0,230.0
NMB,4/23/2026,246.8,246.8,241.0,242.9,-1.58,15968.0,272.0,230.0
NMB,4/24/2026,252.0,252.0,240.1,244.9,-2.82,27487.0,272.0,230.0
NMB,4/27/2026,257.0,257.0,240.6,245.0,-4.67,13292.0,272.0,230.0
NMB,4/28/2026,245.0,250.0,241.0,242.9,-0.86,37387.0,272.0,230.0
NMB,4/29/2026,242.9,247.9,240.1,241.0,-0.78,23206.0,272.0,230.0
NMB,4/30/2026,246.0,246.0,239.0,240.4,-2.28,25770.0,272.0,230.0
NMB,5/4/2026,252.4,252.4,237.0,238.0,-5.71,41572.0,272.0,230.0
NMB,5/5/2026,242.0,242.0,236.1,241.7,-0.12,30990.0,272.0,230.0
NMB,5/6/2026,245.0,245.0,237.7,240.9,-1.67,20401.0,272.0,230.0
NMB,5/7/2026,243.9,243.9,238.6,242.3,-0.66,23523.0,272.0,230.0
NMB,5/8/2026,244.8,244.8,239.0,242.0,-1.14,26100.0,272.0,230.0
NMB,5/11/2026,245.0,245.0,242.0,244.0,-0.41,29676.0,272.0,230.0
NMB,5/12/2026,246.0,248.5,243.0,244.2,-0.73,48470.0,272.0,230.0
NMB,5/13/2026,241.0,246.0,240.2,244.1,1.29,32321.0,272.0,230.0
NMB,5/14/2026,240.1,244.0,240.0,244.0,1.62,24809.0,272.0,230.0
NMB,5/15/2026,246.9,246.9,242.0,244.2,-1.09,28199.0,272.0,230.0
NMB,5/18/2026,244.0,247.0,241.0,245.0,0.41,16198.0,272.0,230.0
NMB,5/19/2026,247.9,247.9,243.0,246.0,-0.77,25395.0,272.0,230.0
NMB,5/20/2026,243.3,247.5,243.3,247.5,1.73,26197.0,272.0,230.0
NMB,5/21/2026,247.5,247.5,244.0,246.0,-0.61,12988.0,272.0,230.0
NMB,5/22/2026,246.0,251.9,244.1,248.6,1.06,46126.0,272.0,230.0
NMB,5/25/2026,248.0,251.0,247.0,248.2,0.08,18784.0,272.0,230.0
NMB,5/26/2026,248.0,249.9,243.7,248.0,0.0,138942.0,272.0,230.0
NMB,5/27/2026,251.0,251.0,245.0,249.4,-0.64,43585.0,272.0,230.0
NMB,6/1/2026,249.4,249.4,243.1,246.0,-1.36,56086.0,272.0,230.0
NMB,6/2/2026,244.7,248.1,244.1,245.4,0.29,41711.0,272.0,230.0
NMB,6/3/2026,245.0,247.0,243.2,244.0,-0.41,30657.0,272.0,230.0
NMB,6/4/2026,248.9,249.7,242.1,245.9,-1.21,33438.0,272.0,230.0
NMB,6/5/2026,244.0,246.0,242.7,243.2,-0.33,16458.0,272.0,230.0
NMB,6/8/2026,243.0,246.0,240.3,244.0,0.41,55117.0,272.0,230.0
NMB,6/9/2026,241.2,245.8,241.2,244.8,1.49,29019.0,272.0,230.0
NMB,6/10/2026,242.0,246.9,242.0,245.0,1.24,14769.0,272.0,230.0
NMB,6/11/2026,245.0,246.0,241.3,245.9,0.37,36015.0,272.0,230.0
NMB,6/12/2026,245.0,245.5,243.0,245.4,0.16,14771.0,272.0,230.0
NMB,6/15/2026,245.0,246.9,242.2,244.5,-0.2,22375.0,272.0,230.0
NMB,6/16/2026,244.9,244.9,242.3,242.3,-1.06,22188.0,272.0,230.0
NMB,6/17/2026,242.0,245.0,241.1,242.1,0.04,17486.0,272.0,230.0
NMB,6/18/2026,230.0,243.9,230.0,242.9,5.61,26596.0,272.0,230.0
NMB,6/19/2026,244.5,245.0,240.3,241.2,-1.35,18075.0,272.0,230.0
NMB,6/22/2026,246.4,246.4,240.0,241.8,-1.87,15677.0,272.0,230.0
NMB,6/23/2026,241.0,241.9,238.5,240.5,-0.21,24656.0,272.0,230.0
NMB,6/24/2026,241.0,241.0,237.8,239.3,-0.71,31810.0,272.0,230.0
NMB,6/26/2026,241.5,241.5,237.5,237.9,-1.49,9709.0,272.0,230.0
NMB,6/29/2026,238.0,239.0,234.0,237.9,-0.04,33682.0,272.0,230.0
NMB,6/30/2026,240.0,240.0,235.0,235.5,-1.88,28083.0,272.0,230.0
NMB,7/1/2026,230.0,239.9,230.0,238.2,3.57,24489.0,272.0,230.0
NMB,7/2/2026,238.5,241.0,236.0,241.0,1.05,38113.0,272.0,230.0
NMB,7/3/2026,240.0,241.9,239.2,239.2,-0.33,27440.0,272.0,230.0
NMB,7/6/2026,241.5,241.5,236.3,236.4,-2.11,16948.0,272.0,230.0
NMB,7/7/2026,238.0,240.0,235.2,239.0,0.42,60096.0,272.0,230.0
NMB,7/8/2026,237.2,239.0,236.1,237.0,-0.08,15811.0,272.0,230.0
NMB,7/9/2026,235.0,239.9,235.0,235.6,0.26,38267.0,272.0,230.0
NMB,7/10/2026,240.0,240.0,235.2,236.5,-1.46,19929.0,272.0,230.0
NMB,7/13/2026,240.0,240.0,235.0,235.9,-1.71,24649.0,272.0,230.0
NMB,7/14/2026,235.0,238.4,234.0,235.0,0.0,29198.0,272.0,230.0
NMB,7/15/2026,237.0,239.8,235.3,236.6,-0.17,115664.0,272.0,230.0
NMB,7/16/2026,241.5,241.5,236.1,239.5,-0.83,13630.0,272.0,230.0
NMB,7/17/2026,241.6,245.9,237.0,245.0,1.41,24088.0,272.0,230.0
NMB,7/20/2026,233.0,247.0,233.0,246.0,5.58,52880.0,272.0,230.0
NMB,7/21/2026,246.0,247.3,243.2,244.9,-0.45,45808.0,272.0,230.0
NMB,7/22/2026,243.0,245.7,240.7,243.9,0.37,31540.0,272.0,230.0
NMB,7/23/2026,232.0,245.0,232.0,243.1,4.78,26596.0,272.0,230.0
NMB,7/24/2026,241.8,249.0,241.8,247.1,2.19,60861.0,272.0,230.0
NMB,7/27/2026,235.0,268.0,235.0,250.2,6.47,178915.0,272.0,230.0
NMB,7/28/2026,237.9,251.0,237.9,249.2,4.75,33409.0,272.0,230.0
NMB,7/29/2026,247.0,252.0,247.0,248.0,0.4,45491.0,272.0,230.0
NMB,7/30/2026,246.0,253.0,246.0,248.6,1.06,29716.0,272.0,230.0
NMB,7/31/2026,250.0,250.0,245.1,249.9,-0.04,31804.0,272.0,230.0
NMB,8/3/2026,237.5,253.0,237.5,248.0,4.42,85413.0,272.0,230.0
NMB,8/4/2026,253.0,253.0,245.0,247.0,-2.37,85512.0,272.0,230.0
NMB,8/5/2026,252.0,252.0,245.5,246.5,-2.18,31890.0,272.0,230.0
NMB,8/6/2026,247.1,247.1,241.1,243.9,-1.3,67206.0,272.0,230.0
NMB,8/7/2026,242.0,245.0,240.1,243.1,0.45,49980.0,272.0,230.0
NMB,8/10/2026,243.1,247.0,241.2,243.0,-0.04,21182.0,272.0,230.0
NMB,8/11/2026,243.0,243.4,242.0,243.3,0.12,19775.0,272.0,230.0
NMB,8/12/2026,251.0,251.0,241.3,242.9,-3.23,34208.0,272.0,230.0
NMB,8/13/2026,243.0,243.5,241.4,242.5,-0.21,24299.0,272.0,230.0
NMB,8/14/2026,254.6,254.6,240.0,242.8,-4.63,35249.0,272.0,230.0
NMB,8/17/2026,254.0,254.0,238.0,240.0,-5.51,112321.0,272.0,230.0
NMB,8/18/2026,241.0,241.0,238.1,239.0,-0.83,37538.0,272.0,230.0
NMB,8/19/2026,239.0,239.8,236.0,238.7,-0.13,42441.0,272.0,230.0
NMB,8/20/2026,239.9,240.3,237.2,240.0,0.04,38559.0,272.0,230.0
NMB,8/21/2026,239.0,241.0,238.9,240.8,0.75,52872.0,272.0,230.0
NMB,8/24/2026,241.0,241.0,238.8,240.0,-0.41,38854.0,272.0,230.0
NMB,8/25/2026,240.9,241.0,238.4,239.0,-0.79,38691.0,272.0,230.0
NMB,8/26/2026,239.0,240.0,236.6,237.5,-0.63,27838.0,272.0,230.0
NMB,8/27/2026,236.2,237.9,235.5,236.8,0.25,22851.0,272.0,230.0
NMB,8/31/2026,236.0,237.0,235.0,235.3,-0.3,44597.0,272.0,230.0
NMB,9/1/2026,247.0,247.0,235.0,235.8,-4.53,29655.0,272.0,230.0
NMB,9/2/2026,235.0,239.6,235.0,239.6,1.96,56136.0,272.0,230.0
NMB,9/3/2026,239.0,240.9,238.1,238.5,-0.21,26122.0,272.0,230.0
NMB,9/7/2026,250.4,250.4,238.1,239.9,-4.19,45643.0,272.0,230.0
NMB,9/9/2026,251.8,251.8,239.0,242.3,-3.77,28107.0,272.0,230.0
NMB,9/10/2026,243.0,243.0,239.0,239.4,-1.48,49794.0,272.0,230.0
NMB,9/11/2026,251.3,251.3,238.0,242.0,-3.7,32518.0,272.0,230.0
NMB,9/14/2026,244.0,245.0,242.0,243.0,-0.41,34167.0,272.0,230.0
NMB,9/15/2026,255.0,260.0,245.5,252.6,-0.94,125430.0,272.0,230.0
NMB,9/16/2026,247.5,251.7,247.5,249.0,0.61,53847.0,272.0,230.0
NMB,9/17/2026,250.0,252.0,249.1,251.5,0.6,71314.0,272.0,230.0
NMB,9/18/2026,251.0,258.7,251.0,257.9,2.75,158905.0,272.0,230.0
NMB,9/22/2026,258.2,262.0,256.0,259.0,0.31,140317.0,272.0,230.0
NMB,9/23/2026,255.0,258.8,251.3,253.7,-0.51,111849.0,272.0,230.0
NMB,9/24/2026,266.3,266.3,251.3,257.1,-3.45,78733.0,272.0,230.0
NMB,9/28/2026,256.0,258.8,255.0,257.0,0.39,91677.0,272.0,230.0
NMB,9/29/2026,255.0,258.0,254.1,0.0,-100.0,66174.0,272.0,230.0
NMB,9/30/2026,252.2,257.0,252.0,254.3,0.83,63153.0,272.0,230.0
NMB,10/1/2026,254.0,257.0,254.0,255.5,0.59,107408.0,272.0,230.0
NMB,10/2/2026,265.0,265.0,252.4,253.0,-4.53,67586.0,272.0,230.0
NMB50,1/26/2026,10.19,10.49,10.19,10.49,,1787.0,11.62,9.7
NMB50,1/27/2026,10.35,10.35,10.35,10.35,-1.33,1100.0,11.62,9.7
NMB50,1/28/2026,10.53,10.53,10.53,10.53,1.74,5000.0,11.62,9.7
NMB50,1/29/2026,10.42,10.43,10.42,10.43,-0.95,10200.0,11.62,9.7
NMB50,2/1/2026,10.24,10.44,10.24,10.44,0.1,1300.0,11.62,9.7
NMB50,2/2/2026,10.49,10.5,10.4,10.44,0.0,4790.0,11.62,9.7
NMB50,2/3/2026,10.61,10.61,10.4,10.4,-0.38,5920.0,11.62,9.7
NMB50,2/4/2026,10.3,10.3,10.3,10.3,-0.96,973.0,11.62,9.7
NMB50,2/5/2026,10.26,10.46,10.26,10.46,1.55,500.0,11.62,9.7
NMB50,2/8/2026,10.31,10.51,10.31,10.5,0.38,600.0,11.62,9.7
NMB50,2/9/2026,10.5,10.5,10.31,10.31,-1.81,6800.0,11.62,9.7
NMB50,2/10/2026,10.28,10.51,10.25,10.51,1.94,4208.0,11.62,9.7
NMB50,2/11/2026,10.3,10.3,10.13,10.26,-2.38,52700.0,11.62,9.7
NMB50,2/12/2026,10.46,10.46,10.25,10.25,-0.1,1990.0,11.62,9.7
NMB50,2/16/2026,10.11,10.45,10.11,10.45,1.95,5270.0,11.62,9.7
NMB50,2/17/2026,10.25,10.25,10.07,10.17,-2.68,990.0,11.62,9.7
NMB50,2/22/2026,10.3,10.37,10.3,10.3,1.28,34000.0,11.62,9.7
NMB50,2/23/2026,10.1,10.49,10.1,10.49,1.84,3600.0,11.62,9.7
NMB50,2/24/2026,10.69,10.83,10.69,10.79,2.86,950.0,11.62,9.7
NMB50,2/25/2026,10.58,10.58,10.35,10.4,-3.61,17270.0,11.62,9.7
NMB50,2/26/2026,10.25,10.3,10.25,10.3,-0.96,800.0,11.62,9.7
NMB50,2/27/2026,10.25,10.3,10.25,10.3,0.0,800.0,11.62,9.7
NMB50,2/28/2026,10.25,10.3,10.25,10.3,0.0,800.0,11.62,9.7
NMB50,3/2/2026,10.12,10.13,10.12,10.13,-1.65,4100.0,11.62,9.7
NMB50,3/3/2026,10.33,10.53,10.33,10.53,3.95,4120.0,11.62,9.7
NMB50,3/4/2026,10.33,10.53,10.33,10.53,0.0,4120.0,11.62,9.7
NMB50,3/5/2026,10.33,10.53,10.33,10.53,0.0,4120.0,11.62,9.7
NMB50,3/6/2026,10.33,10.53,10.33,10.53,0.0,4120.0,11.62,9.7
NMB50,3/7/2026,10.33,10.53,10.33,10.53,0.0,4120.0,11.62,9.7
NMB50,3/8/2026,10.33,10.53,10.33,10.53,0.0,4120.0,11.62,9.7
NMB50,3/10/2026,10.65,10.81,10.35,10.75,2.09,57500.0,11.62,9.7
NMB50,3/11/2026,10.6,10.6,10.34,10.36,-3.63,21835.0,11.62,9.7
NMB50,3/12/2026,10.2,10.55,10.2,10.34,-0.19,8915.0,11.62,9.7
NMB50,3/13/2026,10.2,10.55,10.2,10.34,0.0,8915.0,11.62,9.7
NMB50,3/14/2026,10.2,10.55,10.2,10.34,0.0,8915.0,11.62,9.7
NMB50,3/15/2026,10.54,10.54,10.34,10.34,0.0,39600.0,11.62,9.7
NMB50,3/16/2026,10.17,10.37,10.17,10.31,-0.29,1820.0,11.62,9.7
NMB50,3/17/2026,10.33,10.33,10.33,10.33,0.19,6100.0,11.62,9.7
NMB50,3/18/2026,10.33,10.33,10.33,10.33,0.0,6100.0,11.62,9.7
NMB50,3/19/2026,10.14,10.54,10.14,10.38,0.48,2150.0,11.62,9.7
NMB50,3/20/2026,10.14,10.54,10.14,10.38,0.0,2150.0,11.62,9.7
NMB50,3/21/2026,10.14,10.54,10.14,10.38,0.0,2150.0,11.62,9.7
NMB50,3/22/2026,10.5,10.62,10.4,10.59,2.02,70100.0,11.62,9.7
NMB50,3/23/2026,10.5,10.7,10.5,10.7,1.04,5763.0,11.62,9.7
NMB50,3/24/2026,10.75,10.75,10.5,10.5,-1.87,48980.0,11.62,9.7
NMB50,3/25/2026,10.31,10.69,10.3,10.65,1.43,34889.0,11.62,9.7
NMB50,3/26/2026,10.7,10.7,10.49,10.7,0.0,29380.0,11.62,9.7
NMB50,3/29/2026,10.5,10.7,10.49,10.7,1.9,14200.0,11.62,9.7
NMB50,3/30/2026,10.63,10.63,10.63,10.63,0.0,100.0,11.62,9.7
NMB50,3/31/2026,10.44,10.5,10.44,10.5,0.57,1900.0,11.62,9.7
NMB50,4/1/2026,10.5,10.65,10.44,10.44,-0.57,25004.0,11.62,9.7
NMB50,4/5/2026,10.31,10.42,10.22,10.24,-0.68,12800.0,11.62,9.7
NMB50,4/6/2026,10.44,10.64,10.44,10.64,1.92,5000.0,11.62,9.7
NMB50,4/7/2026,10.5,10.5,10.36,10.36,-1.33,36693.0,11.62,9.7
NMB50,4/8/2026,10.37,10.56,10.37,10.56,1.83,18425.0,11.62,9.7
NMB50,4/9/2026,10.76,10.76,10.4,10.4,-3.35,770.0,11.62,9.7
NMB50,4/10/2026,10.27,10.36,10.27,10.36,0.88,1400.0,11.62,9.7
NMB50,4/13/2026,10.4,10.5,10.35,10.35,-0.48,1700.0,11.62,9.7
NMB50,4/15/2026,10.3,10.5,10.3,10.5,1.94,5800.0,11.62,9.7
NMB50,4/16/2026,10.42,10.42,10.42,10.42,0.0,500.0,11.62,9.7
NMB50,4/17/2026,10.4,10.4,10.27,10.3,-0.96,1500.0,11.62,9.7
NMB50,4/20/2026,10.46,10.5,10.45,10.5,0.38,15955.0,11.62,9.7
NMB50,4/21/2026,10.4,10.8,10.4,10.6,1.92,113625.0,11.62,9.7
NMB50,4/22/2026,10.4,10.63,10.33,10.63,2.21,39913.0,11.62,9.7
NMB50,4/23/2026,10.33,10.34,10.32,10.33,0.0,13150.0,11.62,9.7
NMB50,4/24/2026,10.33,10.66,10.35,10.66,3.19,1500.0,11.62,9.7
NMB50,4/27/2026,10.66,10.75,10.45,10.74,0.75,46633.0,11.62,9.7
NMB50,4/28/2026,10.74,10.51,10.51,10.51,-2.14,1000.0,11.62,9.7
NMB50,4/29/2026,10.51,10.79,10.79,10.79,2.66,1000.0,11.62,9.7
NMB50,4/30/2026,10.5,10.5,10.5,10.5,0.0,15000.0,11.62,9.7
NMB50,5/4/2026,10.32,10.32,10.31,10.31,-0.1,1600.0,11.62,9.7
NMB50,5/5/2026,10.6,10.6,10.3,10.3,-2.83,7700.0,11.62,9.7
NMB50,5/6/2026,10.26,10.31,10.26,10.31,0.49,900.0,11.62,9.7
NMB50,5/7/2026,10.31,10.32,10.31,10.32,0.1,600.0,11.62,9.7
NMB50,5/8/2026,10.31,10.79,10.3,10.79,4.66,5410.0,11.62,9.7
NMB50,5/11/2026,10.5,10.8,10.49,10.5,0.0,19300.0,11.62,9.7
NMB50,5/12/2026,10.61,10.81,10.53,10.53,-0.75,80101.0,11.62,9.7
NMB50,5/14/2026,10.51,10.51,10.5,10.5,-0.1,6200.0,11.62,9.7
NMB50,5/18/2026,10.52,10.52,10.52,10.52,0.0,100.0,11.62,9.7
NMB50,5/19/2026,10.53,10.53,10.53,10.53,0.0,5500.0,11.62,9.7
NMB50,5/20/2026,10.6,10.7,10.54,10.54,-0.57,14020.0,11.62,9.7
NMB50,5/21/2026,10.81,10.81,10.75,10.75,-0.56,200.0,11.62,9.7
NMB50,5/22/2026,10.8,10.8,10.7,10.7,-0.93,5000.0,11.62,9.7
NMB50,5/26/2026,10.62,10.84,10.62,10.84,2.07,425.0,11.62,9.7
NMB50,5/27/2026,10.57,10.84,10.57,10.84,2.55,600.0,11.62,9.7
NMB50,6/1/2026,10.84,10.86,10.84,10.86,0.18,505.0,11.62,9.7
NMB50,6/2/2026,10.58,10.8,10.58,10.8,2.08,6570.0,11.62,9.7
NMB50,6/4/2026,11.0,11.4,11.0,11.06,0.55,5200.0,11.62,9.7
NMB50,6/5/2026,10.99,10.99,10.99,10.99,0.0,10828.0,11.62,9.7
NMB50,6/9/2026,11.0,11.3,10.87,10.88,-1.09,12930.0,11.62,9.7
NMB50,6/10/2026,10.7,11.02,10.7,11.02,2.99,1100.0,11.62,9.7
NMB50,6/15/2026,10.9,10.9,10.7,10.7,-1.83,9560.0,11.62,9.7
NMB50,6/16/2026,10.38,10.38,10.38,10.38,0.0,100.0,11.62,9.7
NMB50,6/17/2026,10.4,10.6,10.4,10.46,0.58,700.0,11.62,9.7
NMB50,6/18/2026,10.7,10.7,10.7,10.7,0.0,1500.0,11.62,9.7
NMB50,6/22/2026,10.4,10.45,10.4,10.45,0.48,3420.0,11.62,9.7
NMB50,6/23/2026,10.2,10.21,10.2,10.21,0.1,6420.0,11.62,9.7
NMB50,6/24/2026,10.21,10.21,10.19,10.19,-0.2,400.0,11.62,9.7
NMB50,6/26/2026,10.2,10.2,10.2,10.2,0.0,100.0,11.62,9.7
NMB50,6/29/2026,10.02,10.08,10.02,10.08,0.6,9200.0,11.62,9.7
NMB50,6/30/2026,10.18,10.18,10.18,10.18,0.0,100.0,11.62,9.7
NMB50,7/1/2026,10.35,10.35,10.35,10.35,0.0,500.0,11.62,9.7
NMB50,7/2/2026,10.49,10.5,10.49,10.5,0.1,5200.0,11.62,9.7
NMB50,7/6/2026,10.19,10.19,10.19,10.19,0.0,7500.0,11.62,9.7
NMB50,7/7/2026,10.49,10.7,10.38,10.69,1.91,4500.0,11.62,9.7
NMB50,7/8/2026,10.37,10.4,10.37,10.39,0.19,15830.0,11.62,9.7
NMB50,7/9/2026,10.4,10.4,10.21,10.21,-1.83,9359.0,11.62,9.7
NMB50,7/10/2026,10.25,10.4,10.25,10.25,0.0,2986.0,11.62,9.7
NMB50,7/13/2026,10.49,10.49,10.45,10.49,0.0,3100.0,11.62,9.7
NMB50,7/16/2026,10.19,10.22,10.18,10.18,-0.1,14700.0,11.62,9.7
NMB50,7/17/2026,10.45,10.6,10.4,10.6,1.44,23850.0,11.62,9.7
NMB50,7/20/2026,10.89,10.9,10.6,10.88,-0.09,45355.0,11.62,9.7
NMB50,7/21/2026,10.56,10.66,10.56,10.66,0.95,25612.0,11.62,9.7
NMB50,7/22/2026,10.7,10.75,10.43,10.43,-2.52,10200.0,11.62,9.7
NMB50,7/24/2026,10.3,10.6,10.3,10.6,2.91,918.0,11.62,9.7
NMB50,7/27/2026,10.74,10.74,10.42,10.42,-2.98,619.0,11.62,9.7
NMB50,7/28/2026,10.42,10.42,10.35,10.35,-0.67,4450.0,11.62,9.7
NMB50,7/29/2026,10.59,10.59,10.59,10.59,0.0,500.0,11.62,9.7
NMB50,7/30/2026,10.75,10.75,10.43,10.69,-0.56,1200.0,11.62,9.7
NMB50,7/31/2026,10.69,10.69,10.39,10.39,-2.81,7385.0,11.62,9.7
NMB50,8/3/2026,10.55,10.6,10.5,10.5,-0.47,32115.0,11.62,9.7
NMB50,8/4/2026,10.5,10.6,10.5,10.6,0.95,20717.0,11.62,9.7
NMB50,8/5/2026,10.5,10.5,10.43,10.43,-0.67,7655.0,11.62,9.7
NMB50,8/6/2026,10.32,10.6,10.32,10.6,2.71,4900.0,11.62,9.7
NMB50,8/7/2026,10.7,10.7,10.38,10.38,-2.99,7283.0,11.62,9.7
NMB50,8/10/2026,10.38,10.6,10.38,10.41,0.29,435.0,11.62,9.7
NMB50,8/14/2026,10.36,10.37,10.36,10.37,0.1,539.0,11.62,9.7
NMB50,8/17/2026,10.35,10.35,10.0,10.0,-3.38,303727.0,11.62,9.7
NMB50,8/18/2026,10.0,10.0,9.89,9.9,-1.0,237712.0,11.62,9.7
NMB50,8/19/2026,9.8,9.85,9.8,9.81,0.1,344051.0,11.62,9.7
NMB50,8/20/2026,9.76,10.02,9.76,10.02,2.66,34360.0,11.62,9.7
NMB50,8/21/2026,9.9,9.91,9.86,9.86,-0.4,66820.0,11.62,9.7
NMB50,8/24/2026,9.86,9.87,9.75,9.75,-1.12,49692.0,11.62,9.7
NMB50,8/25/2026,9.75,9.77,9.7,9.7,-0.51,17000.0,11.62,9.7
NMB50,8/26/2026,9.69,9.69,9.68,9.68,-0.1,12000.0,11.62,9.7
NMBD2085,12/22/2025,1165.0,1165.0,1165.0,1165.0,,25.0,1211.0,1107.5
NMBD2085,12/24/2025,1165.0,1165.0,1165.0,1165.0,0.0,25.0,1211.0,1107.5
NMBD2085,12/31/2025,1165.0,1165.0,1165.0,1165.0,0.0,75.0,1211.0,1107.5
NMBD2085,1/20/2026,1165.0,1165.0,1165.0,1142.0,-1.97,1.0,1211.0,1107.5
NMBD2085,1/26/2026,1142.0,1142.0,1142.0,1120.0,-1.93,1.0,1211.0,1107.5
NMBD2085,1/27/2026,1140.0,1140.0,1140.0,1140.0,1.79,50000.0,1211.0,1107.5
NMBD2085,2/2/2026,1159.0,1168.0,1159.0,1165.0,2.19,50051.0,1211.0,1107.5
NMBD2085,3/17/2026,1142.0,1188.0,1142.0,1188.0,1.97,180.0,1211.0,1107.5
NMBD2085,3/18/2026,1142.0,1188.0,1142.0,1188.0,0.0,180.0,1211.0,1107.5
NMBD2085,3/22/2026,1165.0,1165.0,1165.0,1165.0,-1.94,25.0,1211.0,1107.5
NMBD2085,5/21/2026,1160.0,1160.0,1160.0,1160.0,0.0,25.0,1211.0,1107.5
NMBD2085,5/27/2026,1160.0,1160.0,1160.0,1160.0,0.0,50.0,1211.0,1107.5
NMBD2085,6/18/2026,1160.0,1160.0,1160.0,1160.0,0.0,25.0,1211.0,1107.5
NMBD2085,6/22/2026,1140.0,1140.0,1135.0,1135.0,-0.44,90.0,1211.0,1107.5
NMBD2085,7/1/2026,1135.0,1135.0,1135.0,1169.0,3.0,5.0,1211.0,1107.5
NMBD2085,7/2/2026,1169.0,1195.0,1169.0,1195.0,2.22,20.0,1211.0,1107.5
NMBD2085,7/6/2026,1195.0,1195.0,1164.0,1164.0,-2.59,41.0,1211.0,1107.5
NMBD2085,7/8/2026,1164.0,1164.0,1164.0,1194.0,2.58,5.0,1211.0,1107.5
NMBD2085,7/9/2026,1160.0,1160.0,1120.0,1130.0,-2.59,79985.0,1211.0,1107.5
NMBD2085,7/10/2026,1131.0,1131.0,1131.0,1131.0,0.0,15.0,1211.0,1107.5
NMBD2085,7/13/2026,1150.0,1150.0,1150.0,1150.0,0.0,40000.0,1211.0,1107.5
NMBD2085,7/14/2026,1143.0,1211.0,1143.0,1211.0,5.95,34030.0,1211.0,1107.5
NMBD2085,7/24/2026,1174.68,1174.68,1174.68,1174.68,0.0,25.0,1211.0,1107.5
NMBD2085,7/28/2026,1140.0,1174.0,1140.0,1174.0,2.98,430.0,1211.0,1107.5
NMBD2085,8/5/2026,1140.0,1140.0,1140.0,1140.0,0.0,100.0,1211.0,1107.5
NMBD2085,8/10/2026,1150.0,1150.0,1150.0,1150.0,0.0,50.0,1211.0,1107.5
NMBD2085,8/13/2026,1150.0,1150.0,1150.0,1134.0,-1.39,1.0,1211.0,1107.5
NMBD2085,8/14/2026,1136.0,1136.0,1136.0,1136.0,0.0,25.0,1211.0,1107.5
NMBD2085,9/2/2026,1102.1,1102.1,1102.1,1102.1,0.0,25.0,1211.0,1107.5
NMBD87/88,12/21/2025,1118.0,1173.0,1103.1,1173.0,,518.0,1249.0,1040.0
NMBD87/88,12/22/2025,1196.4,1196.4,1196.4,1196.4,1.99,10.0,1249.0,1040.0
NMBD87/88,1/4/2026,1196.4,1196.4,1196.4,1149.1,-3.95,3.0,1249.0,1040.0
NMBD87/88,1/6/2026,1127.0,1127.0,1127.0,1127.0,-1.92,25.0,1249.0,1040.0
NMBD87/88,1/20/2026,1105.0,1105.0,1105.0,1105.0,-1.95,100.0,1249.0,1040.0
NMBD87/88,1/29/2026,1105.0,1105.0,1105.0,1105.0,0.0,100.0,1249.0,1040.0
NMBD87/88,2/1/2026,1085.0,1085.0,1085.0,1085.0,-1.81,25.0,1249.0,1040.0
NMBD87/88,2/3/2026,1080.1,1080.1,1080.1,1080.1,-0.45,25.0,1249.0,1040.0
NMBD87/88,2/16/2026,1078.1,1078.1,1078.1,1078.1,-0.19,25.0,1249.0,1040.0
NMBD87/88,2/17/2026,1078.1,1078.1,1077.0,1077.0,-0.1,153.0,1249.0,1040.0
NMBD87/88,2/23/2026,1081.0,1081.0,1081.0,1081.0,0.37,15.0,1249.0,1040.0
NMBD87/88,2/25/2026,1081.0,1081.0,1081.0,1081.0,0.0,25.0,1249.0,1040.0
NMBD87/88,3/2/2026,1069.1,1069.1,1069.1,1069.1,-1.1,25.0,1249.0,1040.0
NMBD87/88,3/15/2026,1070.0,1070.0,1070.0,1070.0,0.08,161.0,1249.0,1040.0
NMBD87/88,3/22/2026,1090.0,1125.0,1090.0,1125.0,5.14,373.0,1249.0,1040.0
NMBD87/88,4/7/2026,1103.0,1103.0,1103.0,1103.0,0.0,23.0,1249.0,1040.0
NMBD87/88,4/27/2026,1103.0,1074.0,1074.0,1074.0,-2.63,25.0,1249.0,1040.0
NMBD87/88,5/4/2026,1070.0,1070.0,1070.0,1070.0,0.0,25.0,1249.0,1040.0
NMBD87/88,5/5/2026,1075.0,1075.0,1075.0,1075.0,0.0,25.0,1249.0,1040.0
NMBD87/88,5/19/2026,1078.0,1078.0,1078.0,1078.0,0.0,25.0,1249.0,1040.0
NMBD87/88,5/20/2026,1090.5,1090.5,1090.5,1090.5,0.0,15.0,1249.0,1040.0
NMBD87/88,5/25/2026,1090.5,1090.5,1090.5,1090.5,0.0,25.0,1249.0,1040.0
NMBD87/88,5/26/2026,1106.5,1106.5,1106.5,1106.5,0.0,15.0,1249.0,1040.0
NMBD87/88,6/2/2026,1081.1,1081.1,1081.1,1081.1,0.0,25.0,1249.0,1040.0
NMBD87/88,6/4/2026,1086.0,1138.5,1086.0,1138.5,4.83,310.0,1249.0,1040.0
NMBD87/88,6/9/2026,1110.0,1110.0,1065.0,1065.0,-4.05,42365.0,1249.0,1040.0
NMBD87/88,6/10/2026,1096.9,1096.9,1096.9,1096.9,0.0,25.0,1249.0,1040.0
NMBD87/88,6/16/2026,1090.0,1100.0,1090.0,1100.0,0.92,155.0,1249.0,1040.0
NMBD87/88,6/23/2026,1086.2,1086.2,1086.2,1086.2,0.0,25.0,1249.0,1040.0
NMBD87/88,6/26/2026,1118.7,1144.5,1118.7,1135.0,1.46,25405.0,1249.0,1040.0
NMBD87/88,7/1/2026,1110.0,1110.0,1079.1,1085.1,-2.24,126.0,1249.0,1040.0
NMBD87/88,7/8/2026,1117.0,1145.0,1117.0,1145.0,2.51,42215.0,1249.0,1040.0
NMBD87/88,7/9/2026,1133.0,1133.0,1133.0,1133.0,0.0,127155.0,1249.0,1040.0
NMBD87/88,7/10/2026,1120.0,1155.0,1110.1,1155.0,3.12,340.0,1249.0,1040.0
NMBD87/88,7/13/2026,1155.0,1155.0,1135.0,1135.0,-1.73,423278.0,1249.0,1040.0
NMBD87/88,7/14/2026,1105.0,1215.0,1105.0,1215.0,9.95,11898.0,1249.0,1040.0
NMBD87/88,7/15/2026,1208.0,1240.0,1208.0,1249.0,3.39,40.0,1249.0,1040.0
NMBD87/88,7/20/2026,1249.0,1249.0,1211.0,1211.0,-3.04,42.0,1249.0,1040.0
NMBD87/88,7/27/2026,1174.7,1174.7,1110.0,1110.0,-5.51,42279.0,1249.0,1040.0
NMBD87/88,7/28/2026,1110.0,1110.0,1110.0,1110.0,0.0,25.0,1249.0,1040.0
NMBD87/88,8/6/2026,1100.0,1100.0,1100.0,1100.0,0.0,100.0,1249.0,1040.0
NMBD87/88,8/11/2026,1080.1,1085.1,1080.1,1085.1,0.46,50.0,1249.0,1040.0
NMBD87/88,8/17/2026,1117.6,1117.6,1117.6,1117.6,0.0,50.0,1249.0,1040.0
NMBD87/88,8/24/2026,1084.1,1084.1,1084.1,1084.1,0.0,25.0,1249.0,1040.0
NMBD87/88,8/25/2026,1080.0,1085.0,1080.0,1085.0,0.46,50.0,1249.0,1040.0
NMBD89/90,12/21/2025,1275.0,1275.0,1275.0,1275.0,,25.0,1460.0,1192.0
NMBD89/90,12/24/2025,1300.5,1300.5,1300.5,1300.5,2.0,25.0,1460.0,1192.0
NMBD89/90,12/29/2025,1325.0,1325.0,1325.0,1325.0,1.88,175.0,1460.0,1192.0
NMBD89/90,1/5/2026,1299.0,1299.0,1299.0,1299.0,-1.96,50.0,1460.0,1192.0
NMBD89/90,1/28/2026,1274.0,1274.0,1274.0,1274.0,-1.92,25.0,1460.0,1192.0
NMBD89/90,2/17/2026,1249.0,1249.0,1249.0,1249.0,-1.96,75.0,1460.0,1192.0
NMBD89/90,2/25/2026,1250.0,1250.0,1246.0,1246.0,-0.24,125.0,1460.0,1192.0
NMBD89/90,3/10/2026,1222.0,1222.0,1222.0,1222.0,-1.93,25.0,1460.0,1192.0
NMBD89/90,3/16/2026,1222.0,1246.4,1222.0,1246.4,2.0,50.0,1460.0,1192.0
NMBD89/90,3/19/2026,1225.0,1225.0,1225.0,1225.0,-1.72,25.0,1460.0,1192.0
NMBD89/90,3/20/2026,1225.0,1225.0,1225.0,1225.0,0.0,25.0,1460.0,1192.0
NMBD89/90,3/21/2026,1225.0,1225.0,1225.0,1225.0,0.0,25.0,1460.0,1192.0
NMBD89/90,3/22/2026,1225.0,1289.0,1221.0,1289.0,5.22,275.0,1460.0,1192.0
NMBD89/90,3/26/2026,1300.0,1314.0,1300.0,1314.0,1.08,100.0,1460.0,1192.0
NMBD89/90,6/1/2026,1315.0,1315.0,1315.0,1315.0,0.0,20.0,1460.0,1192.0
NMBD89/90,6/8/2026,1315.0,1315.0,1315.0,1315.0,0.0,5.0,1460.0,1192.0
NMBD89/90,6/9/2026,1322.0,1322.0,1322.0,1322.0,0.0,100.0,1460.0,1192.0
NMBD89/90,6/10/2026,1322.0,1361.6,1322.0,1351.0,2.19,157.0,1460.0,1192.0
NMBD89/90,6/11/2026,1316.0,1316.0,1316.0,1316.0,0.0,80.0,1460.0,1192.0
NMBD89/90,6/16/2026,1355.4,1355.4,1320.0,1320.0,-2.61,62.0,1460.0,1192.0
NMBD89/90,6/17/2026,1325.0,1325.0,1206.0,1206.0,-8.98,18608.0,1460.0,1192.0
NMBD89/90,6/22/2026,1226.0,1226.0,1225.0,1225.0,-0.08,25.0,1460.0,1192.0
NMBD89/90,6/23/2026,1228.0,1230.0,1228.0,1230.0,0.16,55.0,1460.0,1192.0
NMBD89/90,6/26/2026,1266.9,1363.0,1266.9,1363.0,7.59,27958.0,1460.0,1192.0
NMBD89/90,7/8/2026,1322.2,1322.2,1312.0,1312.0,-0.77,18188.0,1460.0,1192.0
NMBD89/90,7/10/2026,1313.0,1313.0,1313.0,1313.0,0.0,139614.0,1460.0,1192.0
NMBD89/90,7/13/2026,1311.0,1311.0,1305.0,1305.0,-0.46,204330.0,1460.0,1192.0
NMBD89/90,7/14/2026,1298.0,1305.0,1298.0,1304.0,0.46,112226.0,1460.0,1192.0
NMBD89/90,7/15/2026,1304.0,1424.0,1304.0,1424.0,9.2,75.0,1460.0,1192.0
NMBD89/90,7/16/2026,1424.0,1440.0,1424.0,1460.0,2.53,70.0,1460.0,1192.0
NMBD89/90,7/21/2026,1460.0,1460.0,1415.0,1415.0,-3.08,11.0,1460.0,1192.0
NMBD89/90,7/22/2026,1415.0,1415.0,1370.0,1370.0,-3.18,71.0,1460.0,1192.0
NMBD89/90,7/27/2026,1328.9,1328.9,1260.0,1260.0,-5.18,18315.0,1460.0,1192.0
NMBD89/90,8/25/2026,1223.0,1223.0,1223.0,1223.0,0.0,25.0,1460.0,1192.0
NMBD89/90,9/3/2026,1259.6,1259.6,1259.6,1259.6,0.0,25.0,1460.0,1192.0
NMBD89/90,9/7/2026,1225.0,1225.0,1225.0,1225.0,0.0,25.0,1460.0,1192.0
NMBD89/90,10/2/2026,1261.7,1400.0,1261.7,1400.0,10.96,28043.0,1460.0,1192.0
NMBHF2,12/21/2025,9.25,9.82,8.92,9.5,,60300.0,10.2,8.36
NMBHF2,12/22/2025,9.31,9.4,9.14,9.14,-3.79,3600.0,10.2,8.36
NMBHF2,12/23/2025,9.01,9.5,9.01,9.06,-0.88,32830.0,10.2,8.36
NMBHF2,12/24/2025,9.0,9.24,8.9,9.15,0.99,6500.0,10.2,8.36
NMBHF2,12/28/2025,9.33,9.74,8.97,9.03,-1.31,39589.0,10.2,8.36
NMBHF2,12/29/2025,9.0,9.5,9.0,9.12,1.0,15430.0,10.2,8.36
NMBHF2,12/31/2025,9.21,9.3,9.21,9.29,1.86,10180.0,10.2,8.36
NMBHF2,1/1/2026,9.15,9.29,9.15,9.19,-1.08,57610.0,10.2,8.36
NMBHF2,1/4/2026,9.05,9.28,9.05,9.28,0.98,5000.0,10.2,8.36
NMBHF2,1/5/2026,9.15,9.3,9.15,9.3,0.22,4720.0,10.2,8.36
NMBHF2,1/6/2026,9.48,9.66,9.12,9.52,2.37,63510.0,10.2,8.36
NMBHF2,1/7/2026,9.33,9.33,9.16,9.16,-3.78,1299.0,10.2,8.36
NMBHF2,1/8/2026,9.05,9.67,9.05,9.5,3.71,17800.0,10.2,8.36
NMBHF2,1/12/2026,9.4,9.44,9.15,9.2,-3.16,3500.0,10.2,8.36
NMBHF2,1/13/2026,9.12,9.29,9.12,9.29,0.98,3070.0,10.2,8.36
NMBHF2,1/14/2026,9.14,9.38,9.14,9.24,-0.54,2850.0,10.2,8.36
NMBHF2,1/18/2026,9.24,9.24,9.16,9.19,-0.54,7600.0,10.2,8.36
NMBHF2,1/20/2026,9.17,9.48,9.17,9.41,2.39,8500.0,10.2,8.36
NMBHF2,1/21/2026,9.32,9.54,9.32,9.5,0.96,5265.0,10.2,8.36
NMBHF2,1/22/2026,9.31,9.51,9.31,9.4,-1.05,15442.0,10.2,8.36
NMBHF2,1/25/2026,9.34,9.52,9.34,9.52,1.28,7650.0,10.2,8.36
NMBHF2,1/26/2026,9.35,9.66,9.35,9.6,0.84,11450.0,10.2,8.36
NMBHF2,1/27/2026,9.5,9.6,9.5,9.5,-1.04,4027.0,10.2,8.36
NMBHF2,1/28/2026,9.4,9.69,9.4,9.53,0.32,8700.0,10.2,8.36
NMBHF2,1/29/2026,9.52,9.79,9.5,9.6,0.73,15424.0,10.2,8.36
NMBHF2,2/1/2026,9.6,9.71,9.55,9.55,-0.52,4900.0,10.2,8.36
NMBHF2,2/2/2026,9.46,9.55,9.46,9.5,-0.52,5200.0,10.2,8.36
NMBHF2,2/3/2026,9.31,9.69,9.31,9.41,-0.95,5979.0,10.2,8.36
NMBHF2,2/4/2026,9.4,9.59,9.4,9.5,0.96,5400.0,10.2,8.36
NMBHF2,2/5/2026,9.5,9.69,9.5,9.69,2.0,24350.0,10.2,8.36
NMBHF2,2/8/2026,9.5,9.5,9.35,9.5,-1.96,3200.0,10.2,8.36
NMBHF2,2/9/2026,9.32,9.5,9.32,9.38,-1.26,3150.0,10.2,8.36
NMBHF2,2/10/2026,9.31,9.4,9.31,9.35,-0.32,6500.0,10.2,8.36
NMBHF2,2/11/2026,9.26,9.41,9.26,9.4,0.53,9230.0,10.2,8.36
NMBHF2,2/12/2026,9.3,9.58,9.3,9.45,0.53,5700.0,10.2,8.36
NMBHF2,2/16/2026,9.31,9.55,9.31,9.55,1.06,12909.0,10.2,8.36
NMBHF2,2/17/2026,9.38,9.5,9.38,9.5,-0.52,8700.0,10.2,8.36
NMBHF2,2/22/2026,9.33,9.52,9.33,9.46,-0.42,3250.0,10.2,8.36
NMBHF2,2/23/2026,9.32,9.7,9.32,9.65,2.01,44898.0,10.2,8.36
NMBHF2,2/24/2026,9.75,9.75,9.47,9.73,0.83,12948.0,10.2,8.36
NMBHF2,2/26/2026,9.54,9.55,9.39,9.41,-3.29,4800.0,10.2,8.36
NMBHF2,2/27/2026,9.54,9.55,9.39,9.41,0.0,4800.0,10.2,8.36
NMBHF2,2/28/2026,9.54,9.55,9.39,9.41,0.0,4800.0,10.2,8.36
NMBHF2,3/2/2026,9.4,9.64,9.4,9.46,0.53,18150.0,10.2,8.36
NMBHF2,3/3/2026,9.4,9.53,9.4,9.44,-0.21,2700.0,10.2,8.36
NMBHF2,3/4/2026,9.4,9.53,9.4,9.44,0.0,2700.0,10.2,8.36
NMBHF2,3/5/2026,9.4,9.53,9.4,9.44,0.0,2700.0,10.2,8.36
NMBHF2,3/6/2026,9.4,9.53,9.4,9.44,0.0,2700.0,10.2,8.36
NMBHF2,3/7/2026,9.4,9.53,9.4,9.44,0.0,2700.0,10.2,8.36
NMBHF2,3/8/2026,9.4,9.53,9.4,9.44,0.0,2700.0,10.2,8.36
NMBHF2,3/10/2026,9.4,9.82,9.37,9.82,4.03,5250.0,10.2,8.36
NMBHF2,3/11/2026,9.63,9.82,9.46,9.56,-2.65,2860.0,10.2,8.36
NMBHF2,3/12/2026,9.43,9.76,9.43,9.61,0.52,7500.0,10.2,8.36
NMBHF2,3/13/2026,9.43,9.76,9.43,9.61,0.0,7500.0,10.2,8.36
NMBHF2,3/14/2026,9.43,9.76,9.43,9.61,0.0,7500.0,10.2,8.36
NMBHF2,3/15/2026,9.44,9.84,9.44,9.84,2.39,11761.0,10.2,8.36
NMBHF2,3/16/2026,9.84,10.03,9.65,9.7,-1.42,5803.0,10.2,8.36
NMBHF2,3/17/2026,9.64,9.83,9.64,9.8,1.03,20100.0,10.2,8.36
NMBHF2,3/18/2026,9.64,9.83,9.64,9.8,0.0,20100.0,10.2,8.36
NMBHF2,3/19/2026,9.65,9.89,9.65,9.74,-0.61,62120.0,10.2,8.36
NMBHF2,3/20/2026,9.65,9.89,9.65,9.74,0.0,62120.0,10.2,8.36
NMBHF2,3/21/2026,9.65,9.89,9.65,9.74,0.0,62120.0,10.2,8.36
NMBHF2,3/22/2026,9.7,9.93,9.7,9.91,1.75,910717.0,10.2,8.36
NMBHF2,3/23/2026,9.73,10.2,9.73,10.1,1.92,64980.0,10.2,8.36
NMBHF2,3/24/2026,10.0,10.1,9.91,10.0,-0.99,9900.0,10.2,8.36
NMBHF2,3/25/2026,9.81,10.19,9.81,9.92,-0.8,14795.0,10.2,8.36
NMBHF2,3/26/2026,9.74,10.11,9.74,9.93,1.95,7860.0,10.2,8.36
NMBHF2,3/29/2026,9.91,10.02,9.6,9.75,-1.61,14470.0,10.2,8.36
NMBHF2,3/30/2026,9.71,10.0,9.71,9.92,2.16,57896.0,10.2,8.36
NMBHF2,3/31/2026,9.76,9.99,9.76,9.91,1.54,15900.0,10.2,8.36
NMBHF2,4/1/2026,9.8,10.08,9.61,9.9,1.02,9730.0,10.2,8.36
NMBHF2,4/2/2026,9.71,9.79,9.63,9.63,-0.82,3100.0,10.2,8.36
NMBHF2,4/5/2026,9.63,9.98,9.47,9.8,1.77,9601.0,10.2,8.36
NMBHF2,4/6/2026,9.62,9.99,9.43,9.83,2.18,3800.0,10.2,8.36
NMBHF2,4/7/2026,9.83,10.0,9.64,9.81,-0.2,1830.0,10.2,8.36
NMBHF2,4/8/2026,9.99,9.99,9.62,9.95,-0.4,5450.0,10.2,8.36
NMBHF2,4/9/2026,9.76,9.99,9.59,9.99,2.36,21756.0,10.2,8.36
NMBHF2,4/10/2026,9.88,10.0,9.36,9.99,1.11,6500.0,10.2,8.36
NMBHF2,4/13/2026,9.98,9.99,9.82,9.85,-1.3,7700.0,10.2,8.36
NMBHF2,4/15/2026,9.66,10.0,9.66,9.85,1.97,3350.0,10.2,8.36
NMBHF2,4/16/2026,9.84,9.9,9.72,9.9,0.61,27145.0,10.2,8.36
NMBHF2,4/17/2026,9.71,9.97,9.71,9.97,2.68,124000.0,10.2,8.36
NMBHF2,4/20/2026,9.7,9.99,9.7,9.82,1.24,4900.0,10.2,8.36
NMBHF2,4/21/2026,9.53,9.94,9.53,9.94,4.3,68700.0,10.2,8.36
NMBHF2,4/22/2026,9.65,9.94,9.65,9.72,0.73,5950.0,10.2,8.36
NMBHF2,4/23/2026,9.43,9.86,9.43,9.86,4.56,5900.0,10.2,8.36
NMBHF2,4/24/2026,9.86,9.87,9.7,9.7,-1.62,43600.0,10.2,8.36
NMBHF2,4/27/2026,9.7,10.0,9.41,9.65,-0.52,1003127.0,10.2,8.36
NMBHF2,4/28/2026,9.17,9.89,9.17,9.62,4.91,5060.0,10.2,8.36
NMBHF2,4/29/2026,9.62,9.88,9.35,9.59,-0.31,15500.0,10.2,8.36
NMBHF2,4/30/2026,9.58,9.58,9.45,9.47,-1.15,5065.0,10.2,8.36
NMBHF2,5/4/2026,9.45,9.7,9.27,9.27,-1.9,55200.0,10.2,8.36
NMBHF2,5/5/2026,9.34,9.5,9.12,9.4,0.64,1720.0,10.2,8.36
NMBHF2,5/6/2026,9.13,9.4,9.13,9.36,2.52,3100.0,10.2,8.36
NMBHF2,5/7/2026,9.35,9.52,9.23,9.52,1.82,4420.0,10.2,8.36
NMBHF2,5/8/2026,9.61,9.88,9.6,9.6,-0.1,153316.0,10.2,8.36
NMBHF2,5/11/2026,9.36,9.89,9.36,9.88,5.56,20150.0,10.2,8.36
NMBHF2,5/12/2026,9.8,9.8,9.61,9.63,-1.73,33600.0,10.2,8.36
NMBHF2,5/13/2026,9.35,9.8,9.35,9.51,1.71,10020.0,10.2,8.36
NMBHF2,5/14/2026,9.34,9.79,9.34,9.78,4.71,20100.0,10.2,8.36
NMBHF2,5/15/2026,9.54,9.55,9.54,9.55,0.1,500.0,10.2,8.36
NMBHF2,5/18/2026,9.35,9.64,9.35,9.44,0.96,17690.0,10.2,8.36
NMBHF2,5/19/2026,9.7,9.71,9.44,9.45,-2.58,12200.0,10.2,8.36
NMBHF2,5/20/2026,9.4,9.76,9.4,9.76,3.83,53500.0,10.2,8.36
NMBHF2,5/21/2026,9.76,9.84,9.51,9.84,0.82,16733.0,10.2,8.36
NMBHF2,5/22/2026,9.84,9.84,9.56,9.67,-1.73,4800.0,10.2,8.36
NMBHF2,5/25/2026,9.6,9.7,9.6,9.7,1.04,22100.0,10.2,8.36
NMBHF2,5/26/2026,9.68,9.93,9.6,9.64,-0.41,5250.0,10.2,8.36
NMBHF2,5/27/2026,9.6,9.88,9.6,9.64,0.42,155600.0,10.2,8.36
NMBHF2,6/1/2026,9.6,9.64,9.55,9.64,0.42,2000.0,10.2,8.36
NMBHF2,6/2/2026,9.52,9.83,9.52,9.83,3.26,13400.0,10.2,8.36
NMBHF2,6/3/2026,9.61,9.89,9.61,9.72,1.14,3850.0,10.2,8.36
NMBHF2,6/4/2026,9.7,9.71,9.66,9.71,0.1,1400.0,10.2,8.36
NMBHF2,6/5/2026,9.56,9.9,9.56,9.71,1.57,16200.0,10.2,8.36
NMBHF2,6/8/2026,9.6,9.7,9.6,9.65,0.52,2900.0,10.2,8.36
NMBHF2,6/9/2026,9.57,9.85,9.57,9.85,2.93,41850.0,10.2,8.36
NMBHF2,6/10/2026,9.7,9.9,9.66,9.66,-0.41,51500.0,10.2,8.36
NMBHF2,6/11/2026,9.7,9.85,9.68,9.68,-0.21,32140.0,10.2,8.36
NMBHF2,6/12/2026,9.68,9.9,9.68,9.7,0.21,148300.0,10.2,8.36
NMBHF2,6/15/2026,9.6,9.8,9.6,9.7,1.04,10310.0,10.2,8.36
NMBHF2,6/16/2026,9.5,9.8,9.5,9.8,3.16,4050.0,10.2,8.36
NMBHF2,6/17/2026,9.51,9.83,9.5,9.64,1.37,7620.0,10.2,8.36
NMBHF2,6/18/2026,9.64,9.92,9.64,9.73,0.93,32810.0,10.2,8.36
NMBHF2,6/19/2026,9.7,9.85,9.7,9.71,0.1,31740.0,10.2,8.36
NMBHF2,6/22/2026,9.6,9.8,9.52,9.61,0.1,66330.0,10.2,8.36
NMBHF2,6/23/2026,9.6,9.88,9.55,9.75,1.56,44490.0,10.2,8.36
NMBHF2,6/24/2026,9.56,9.8,9.56,9.7,1.46,2220.0,10.2,8.36
NMBHF2,6/26/2026,9.61,9.85,9.55,9.62,0.1,3200.0,10.2,8.36
NMBHF2,6/29/2026,9.56,9.65,9.56,9.65,0.94,3950.0,10.2,8.36
NMBHF2,6/30/2026,9.52,9.75,9.52,9.74,2.31,7100.0,10.2,8.36
NMBHF2,7/1/2026,9.53,9.78,9.53,9.78,2.62,16100.0,10.2,8.36
NMBHF2,7/2/2026,9.5,9.78,9.5,9.7,2.11,3010.0,10.2,8.36
NMBHF2,7/3/2026,9.5,9.78,9.5,9.78,2.95,2122.0,10.2,8.36
NMBHF2,7/6/2026,9.6,9.8,9.6,9.8,2.08,3905.0,10.2,8.36
NMBHF2,7/7/2026,9.51,9.7,9.5,9.57,0.63,4500.0,10.2,8.36
NMBHF2,7/8/2026,9.6,9.79,9.53,9.79,1.98,3180.0,10.2,8.36
NMBHF2,7/9/2026,9.5,9.55,9.4,9.4,-1.05,1650.0,10.2,8.36
NMBHF2,7/10/2026,9.39,9.78,9.39,9.78,4.15,3799.0,10.2,8.36
NMBHF2,7/13/2026,9.58,9.62,9.51,9.51,-0.73,10001600.0,10.2,8.36
NMBHF2,7/14/2026,9.51,9.55,9.51,9.55,0.42,1910.0,10.2,8.36
NMBHF2,7/15/2026,9.5,9.55,9.4,9.4,-1.05,1800.0,10.2,8.36
NMBHF2,7/16/2026,9.5,10.13,9.47,10.13,6.63,79180.0,10.2,8.36
NMBHF2,7/17/2026,9.93,9.93,9.55,9.56,-3.73,8650.0,10.2,8.36
NMBHF2,7/20/2026,9.5,9.77,9.45,9.77,2.84,8620.0,10.2,8.36
NMBHF2,7/21/2026,9.58,9.75,9.57,9.7,1.25,26800.0,10.2,8.36
NMBHF2,7/22/2026,9.52,9.65,9.52,9.6,0.84,2250.0,10.2,8.36
NMBHF2,7/23/2026,9.84,9.84,9.56,9.7,-1.42,3600.0,10.2,8.36
NMBHF2,7/24/2026,9.58,9.77,9.56,9.77,1.98,1973.0,10.2,8.36
NMBHF2,7/27/2026,9.81,9.84,9.59,9.77,-0.41,126205.0,10.2,8.36
NMBHF2,7/28/2026,9.6,9.77,9.57,9.61,0.1,2300.0,10.2,8.36
NMBHF2,7/29/2026,9.58,9.78,9.58,9.58,0.0,80624.0,10.2,8.36
NMBHF2,7/30/2026,9.58,9.75,9.58,9.75,1.77,1800.0,10.2,8.36
NMBHF2,7/31/2026,9.58,9.76,9.58,9.59,0.1,8121.0,10.2,8.36
NMBHF2,8/3/2026,9.58,9.77,9.5,9.77,1.98,14041.0,10.2,8.36
NMBHF2,8/4/2026,9.5,9.65,9.5,9.65,1.58,900.0,10.2,8.36
NMBHF2,8/5/2026,9.7,9.7,9.51,9.65,-0.52,7110.0,10.2,8.36
NMBHF2,8/6/2026,9.53,9.6,9.53,9.6,0.73,2800.0,10.2,8.36
NMBHF2,8/7/2026,9.53,9.7,9.53,9.7,1.78,16200.0,10.2,8.36
NMBHF2,8/10/2026,9.6,9.6,9.53,9.54,-0.63,1400.0,10.2,8.36
NMBHF2,8/11/2026,9.56,9.57,9.54,9.57,0.1,2200.0,10.2,8.36
NMBHF2,8/12/2026,9.5,9.57,9.5,9.55,0.53,1200.0,10.2,8.36
NMBHF2,8/13/2026,9.55,9.75,9.53,9.75,2.09,1850.0,10.2,8.36
NMBHF2,8/14/2026,9.53,9.65,9.53,9.65,1.26,3400.0,10.2,8.36
NMBHF2,8/17/2026,9.83,9.84,9.65,9.75,-0.81,59956.0,10.2,8.36
NMBHF2,8/18/2026,9.75,9.9,9.75,9.9,1.54,177644.0,10.2,8.36
NMBHF2,8/19/2026,9.61,10.0,9.61,9.89,2.91,616880.0,10.2,8.36
NMBHF2,8/20/2026,9.7,9.9,9.7,9.9,2.06,29640.0,10.2,8.36
NMBHF2,8/21/2026,9.85,9.96,9.85,9.91,0.61,36510.0,10.2,8.36
NMBHF2,8/24/2026,9.62,9.62,9.46,9.46,-1.66,400.0,10.2,8.36
NMBHF2,8/25/2026,9.18,9.2,9.18,9.2,0.22,1460.0,10.2,8.36
NMBHF2,8/26/2026,8.93,8.94,8.84,8.84,-1.01,700.0,10.2,8.36
NMBHF2,8/27/2026,8.6,8.6,8.6,8.6,0.0,500.0,10.2,8.36
NMBHF2,8/31/2026,8.36,8.6,8.36,8.5,1.67,2300.0,10.2,8.36
NMBHF2,9/1/2026,8.5,8.75,8.5,8.7,2.35,750.0,10.2,8.36
NMBHF2,9/2/2026,8.44,8.7,8.44,8.58,1.66,1500.0,10.2,8.36
NMBHF2,9/3/2026,8.55,8.98,8.55,8.98,5.03,1700.0,10.2,8.36
NMBHF2,9/7/2026,8.8,9.24,8.76,9.24,5.0,11000.0,10.2,8.36
NMBHF2,9/9/2026,9.16,9.51,9.16,9.23,0.76,1800.0,10.2,8.36
NMBHF2,9/10/2026,9.0,9.26,9.0,9.05,0.56,19950.0,10.2,8.36
NMBHF2,9/11/2026,9.0,9.06,8.9,8.91,-1.0,780.0,10.2,8.36
NMBHF2,9/14/2026,8.9,8.92,8.8,8.92,0.22,200400.0,10.2,8.36
NMBHF2,9/15/2026,8.92,9.18,8.92,9.18,2.91,15700.0,10.2,8.36
NMBHF2,9/16/2026,9.0,9.0,8.47,8.47,-5.89,285500.0,10.2,8.36
NMBHF2,9/17/2026,8.51,9.06,8.51,8.85,4.0,2750.0,10.2,8.36
NMBHF2,9/18/2026,8.71,9.08,8.71,8.86,1.72,1900.0,10.2,8.36
NMBHF2,9/22/2026,8.85,9.05,8.85,9.05,2.26,306820.0,10.2,8.36
NMBHF2,9/23/2026,8.78,9.1,8.78,9.1,3.64,12180.0,10.2,8.36
NMBHF2,9/24/2026,8.9,9.1,8.9,8.96,0.67,98265.0,10.2,8.36
NMBHF2,9/28/2026,8.97,9.16,8.97,8.98,0.11,11150.0,10.2,8.36
NMBHF2,9/29/2026,8.72,8.85,8.72,0.0,-100.0,4390.0,10.2,8.36
NMBHF2,9/30/2026,8.81,9.1,8.81,9.01,2.27,26950.0,10.2,8.36
NMBHF2,10/1/2026,8.75,9.01,8.75,8.93,2.06,700.0,10.2,8.36
NMBHF2,10/2/2026,8.75,9.01,8.71,8.9,1.71,1900.0,10.2,8.36
NMBMF,12/21/2025,676.2,692.0,675.3,688.0,,2654.0,750.0,570.0
NMBMF,12/22/2025,676.5,685.0,676.4,685.0,-0.44,1387.0,750.0,570.0
NMBMF,12/23/2025,686.0,693.0,678.3,691.8,0.99,945.0,750.0,570.0
NMBMF,12/24/2025,704.0,719.1,678.0,688.0,-0.55,1235.0,750.0,570.0
NMBMF,12/28/2025,685.1,741.5,675.1,707.0,2.76,7916.0,750.0,570.0
NMBMF,12/29/2025,715.0,721.1,693.0,707.6,0.08,10678.0,750.0,570.0
NMBMF,12/31/2025,707.6,707.6,685.0,697.6,-1.41,4031.0,750.0,570.0
NMBMF,1/1/2026,711.0,711.0,680.0,694.0,-0.52,3074.0,750.0,570.0
NMBMF,1/4/2026,680.3,690.0,680.3,689.9,-0.59,1317.0,750.0,570.0
NMBMF,1/5/2026,676.2,730.0,671.0,692.0,0.3,12640.0,750.0,570.0
NMBMF,1/6/2026,705.8,715.0,686.7,689.0,-0.43,1132.0,750.0,570.0
NMBMF,1/7/2026,700.0,702.7,684.0,684.0,-0.73,2608.0,750.0,570.0
NMBMF,1/8/2026,680.0,691.9,680.0,685.0,0.15,3035.0,750.0,570.0
NMBMF,1/12/2026,698.7,698.7,680.0,683.9,-0.16,3394.0,750.0,570.0
NMBMF,1/13/2026,673.7,687.0,673.7,681.0,-0.42,1510.0,750.0,570.0
NMBMF,1/14/2026,688.0,731.0,675.5,731.0,7.34,4384.0,750.0,570.0
NMBMF,1/18/2026,745.6,745.6,690.6,709.0,-3.01,21075.0,750.0,570.0
NMBMF,1/20/2026,710.0,714.5,701.0,706.2,-0.39,5952.0,750.0,570.0
NMBMF,1/21/2026,719.7,719.7,696.0,696.0,-1.44,2095.0,750.0,570.0
NMBMF,1/22/2026,690.0,699.9,680.0,684.1,-1.71,7053.0,750.0,570.0
NMBMF,1/25/2026,697.0,714.0,688.0,704.0,2.91,8696.0,750.0,570.0
NMBMF,1/26/2026,718.0,718.0,691.0,692.1,-1.69,7023.0,750.0,570.0
NMBMF,1/27/2026,705.0,705.9,684.1,685.6,-0.94,11879.0,750.0,570.0
NMBMF,1/28/2026,699.0,699.0,683.1,687.1,0.22,1689.0,750.0,570.0
NMBMF,1/29/2026,695.0,697.0,681.6,681.6,-0.8,5095.0,750.0,570.0
NMBMF,2/1/2026,695.0,695.0,680.0,684.0,0.35,5280.0,750.0,570.0
NMBMF,2/2/2026,684.0,689.8,681.0,681.4,-0.38,2281.0,750.0,570.0
NMBMF,2/3/2026,681.4,683.8,675.2,675.2,-0.91,4091.0,750.0,570.0
NMBMF,2/4/2026,683.0,685.0,675.6,677.1,0.28,1770.0,750.0,570.0
NMBMF,2/5/2026,685.0,690.0,677.0,677.0,-0.01,7471.0,750.0,570.0
NMBMF,2/8/2026,677.1,682.0,668.1,669.3,-1.14,8331.0,750.0,570.0
NMBMF,2/9/2026,670.3,675.0,665.0,665.0,-0.64,5717.0,750.0,570.0
NMBMF,2/10/2026,665.0,674.8,663.0,665.0,0.0,2175.0,750.0,570.0
NMBMF,2/11/2026,677.0,677.0,663.0,663.0,-0.3,4060.0,750.0,570.0
NMBMF,2/12/2026,670.9,670.9,656.0,658.9,-0.62,6897.0,750.0,570.0
NMBMF,2/16/2026,650.1,663.1,650.1,657.0,-0.29,629.0,750.0,570.0
NMBMF,2/17/2026,652.0,665.1,652.0,660.0,0.46,2723.0,750.0,570.0
NMBMF,2/22/2026,651.2,651.8,647.1,648.0,-1.82,5243.0,750.0,570.0
NMBMF,2/23/2026,650.0,655.0,646.0,646.0,-0.31,2017.0,750.0,570.0
NMBMF,2/24/2026,640.3,651.9,640.3,651.9,0.91,1540.0,750.0,570.0
NMBMF,2/25/2026,652.0,652.0,645.5,650.0,-0.29,2502.0,750.0,570.0
NMBMF,2/26/2026,650.0,656.9,650.0,656.9,1.06,1513.0,750.0,570.0
NMBMF,2/27/2026,650.0,656.9,650.0,656.9,0.0,1513.0,750.0,570.0
NMBMF,2/28/2026,650.0,656.9,650.0,656.9,0.0,1513.0,750.0,570.0
NMBMF,3/2/2026,645.0,660.0,645.0,660.0,0.47,2855.0,750.0,570.0
NMBMF,3/3/2026,657.0,680.0,657.0,675.0,2.27,3041.0,750.0,570.0
NMBMF,3/4/2026,657.0,680.0,657.0,675.0,0.0,3041.0,750.0,570.0
NMBMF,3/5/2026,657.0,680.0,657.0,675.0,0.0,3041.0,750.0,570.0
NMBMF,3/6/2026,657.0,680.0,657.0,675.0,0.0,3041.0,750.0,570.0
NMBMF,3/7/2026,657.0,680.0,657.0,675.0,0.0,3041.0,750.0,570.0
NMBMF,3/8/2026,657.0,680.0,657.0,675.0,0.0,3041.0,750.0,570.0
NMBMF,3/9/2026,688.0,701.0,688.0,701.0,3.85,260.0,750.0,570.0
NMBMF,3/10/2026,715.0,715.0,688.0,688.0,-1.85,13961.0,750.0,570.0
NMBMF,3/11/2026,685.0,700.0,685.0,690.0,0.29,9268.0,750.0,570.0
NMBMF,3/12/2026,677.1,700.0,677.1,696.0,0.87,9181.0,750.0,570.0
NMBMF,3/13/2026,677.1,700.0,677.1,696.0,0.0,9181.0,750.0,570.0
NMBMF,3/14/2026,677.1,700.0,677.1,696.0,0.0,9181.0,750.0,570.0
NMBMF,3/15/2026,700.0,704.0,691.4,700.0,0.57,9835.0,750.0,570.0
NMBMF,3/16/2026,693.4,699.0,682.3,690.0,-1.43,6283.0,750.0,570.0
NMBMF,3/17/2026,683.0,687.0,682.1,687.0,-0.43,1590.0,750.0,570.0
NMBMF,3/18/2026,683.0,687.0,682.1,687.0,0.0,1590.0,750.0,570.0
NMBMF,3/19/2026,690.0,704.0,684.1,696.1,1.32,6021.0,750.0,570.0
NMBMF,3/20/2026,690.0,704.0,684.1,696.1,0.0,6021.0,750.0,570.0
NMBMF,3/21/2026,690.0,704.0,684.1,696.1,0.0,6021.0,750.0,570.0
NMBMF,3/22/2026,708.9,748.9,700.0,738.8,6.13,32163.0,750.0,570.0
NMBMF,3/23/2026,740.0,741.0,718.0,727.0,-1.6,4730.0,750.0,570.0
NMBMF,3/24/2026,725.0,725.0,713.0,723.0,-0.55,6014.0,750.0,570.0
NMBMF,3/25/2026,712.0,719.9,700.0,706.3,-2.31,6457.0,750.0,570.0
NMBMF,3/26/2026,700.0,711.0,698.1,706.0,0.86,8067.0,750.0,570.0
NMBMF,3/29/2026,710.0,710.0,687.1,687.1,-3.23,8103.0,750.0,570.0
NMBMF,3/30/2026,687.0,698.0,674.5,678.0,-1.31,6010.0,750.0,570.0
NMBMF,3/31/2026,677.0,690.0,669.1,690.0,1.92,2452.0,750.0,570.0
NMBMF,4/1/2026,680.0,680.0,665.0,677.0,-0.44,2741.0,750.0,570.0
NMBMF,4/2/2026,664.0,677.0,650.0,674.0,1.51,5756.0,750.0,570.0
NMBMF,4/5/2026,669.0,669.0,634.5,637.3,-4.74,7973.0,750.0,570.0
NMBMF,4/6/2026,650.0,669.0,640.0,669.0,2.92,16302.0,750.0,570.0
NMBMF,4/7/2026,669.0,669.0,652.2,660.0,-1.35,1560.0,750.0,570.0
NMBMF,4/8/2026,664.0,672.0,663.0,668.0,0.6,1348.0,750.0,570.0
NMBMF,4/9/2026,675.0,678.9,672.0,677.0,0.3,6353.0,750.0,570.0
NMBMF,4/10/2026,685.0,685.0,666.5,668.5,-2.41,2824.0,750.0,570.0
NMBMF,4/13/2026,668.0,668.0,663.2,664.2,-0.57,1046.0,750.0,570.0
NMBMF,4/15/2026,660.1,675.0,660.0,672.0,1.8,928.0,750.0,570.0
NMBMF,4/16/2026,665.0,672.0,663.0,663.0,-0.3,2469.0,750.0,570.0
NMBMF,4/17/2026,657.0,668.9,657.0,658.0,0.15,1508.0,750.0,570.0
NMBMF,4/20/2026,660.0,666.0,650.0,655.0,-0.76,1989.0,750.0,570.0
NMBMF,4/21/2026,658.0,658.0,650.0,657.9,-0.02,3968.0,750.0,570.0
NMBMF,4/22/2026,645.8,660.0,645.8,659.0,2.04,2795.0,750.0,570.0
NMBMF,4/23/2026,648.1,660.0,648.0,659.9,1.82,2045.0,750.0,570.0
NMBMF,4/24/2026,692.8,692.8,652.0,652.0,-5.89,559.0,750.0,570.0
NMBMF,4/27/2026,652.0,659.0,650.1,650.1,-0.29,422.0,750.0,570.0
NMBMF,4/28/2026,650.1,655.0,647.1,655.0,0.75,1381.0,750.0,570.0
NMBMF,4/29/2026,655.0,646.2,646.0,646.0,-1.37,280.0,750.0,570.0
NMBMF,4/30/2026,613.7,638.0,613.7,636.2,3.67,2132.0,750.0,570.0
NMBMF,5/4/2026,627.5,645.0,627.5,636.0,1.35,1256.0,750.0,570.0
NMBMF,5/5/2026,641.0,641.0,630.0,639.0,-0.31,2923.0,750.0,570.0
NMBMF,5/6/2026,637.0,642.0,633.0,633.0,-0.63,845.0,750.0,570.0
NMBMF,5/7/2026,633.0,639.5,633.0,639.5,1.03,2593.0,750.0,570.0
NMBMF,5/8/2026,635.0,644.0,635.0,644.0,1.42,2399.0,750.0,570.0
NMBMF,5/11/2026,640.0,657.0,640.0,657.0,2.66,2474.0,750.0,570.0
NMBMF,5/12/2026,663.6,663.6,637.0,639.0,-3.71,1613.0,750.0,570.0
NMBMF,5/13/2026,626.0,643.7,626.0,636.0,1.6,742.0,750.0,570.0
NMBMF,5/14/2026,627.3,632.0,626.0,629.0,0.27,2523.0,750.0,570.0
NMBMF,5/15/2026,635.0,642.0,620.1,624.0,-1.73,4172.0,750.0,570.0
NMBMF,5/18/2026,624.0,638.0,624.0,626.0,0.32,1005.0,750.0,570.0
NMBMF,5/19/2026,627.0,635.0,626.0,628.3,0.21,1310.0,750.0,570.0
NMBMF,5/20/2026,638.0,642.0,636.0,636.0,-0.31,1522.0,750.0,570.0
NMBMF,5/21/2026,645.0,645.0,628.0,628.0,-2.64,1641.0,750.0,570.0
NMBMF,5/22/2026,639.9,640.0,630.0,632.0,-1.23,1357.0,750.0,570.0
NMBMF,5/25/2026,633.1,655.0,633.1,650.0,2.67,2747.0,750.0,570.0
NMBMF,5/26/2026,640.0,657.0,640.0,647.0,1.09,1407.0,750.0,570.0
NMBMF,5/27/2026,635.0,646.8,628.0,637.0,0.31,2557.0,750.0,570.0
NMBMF,6/1/2026,637.0,648.2,630.0,648.2,1.76,938.0,750.0,570.0
NMBMF,6/2/2026,635.0,647.9,635.0,647.9,2.03,307.0,750.0,570.0
NMBMF,6/3/2026,642.0,656.0,642.0,645.0,0.47,1226.0,750.0,570.0
NMBMF,6/4/2026,650.0,655.0,649.0,653.9,0.6,2402.0,750.0,570.0
NMBMF,6/5/2026,641.1,652.0,640.1,642.0,0.14,2065.0,750.0,570.0
NMBMF,6/8/2026,641.1,645.1,641.0,645.0,0.61,1216.0,750.0,570.0
NMBMF,6/9/2026,639.0,644.0,635.1,636.3,-0.42,1207.0,750.0,570.0
NMBMF,6/10/2026,650.9,650.9,636.8,636.8,-2.17,711.0,750.0,570.0
NMBMF,6/11/2026,640.0,645.0,635.9,635.9,-0.64,2130.0,750.0,570.0
NMBMF,6/12/2026,622.0,639.0,622.0,639.0,2.73,1141.0,750.0,570.0
NMBMF,6/15/2026,630.0,638.0,629.4,638.0,1.27,272.0,750.0,570.0
NMBMF,6/16/2026,640.0,643.0,636.0,636.0,-0.62,1006.0,750.0,570.0
NMBMF,6/17/2026,636.0,640.0,631.0,640.0,0.63,858.0,750.0,570.0
NMBMF,6/18/2026,635.0,638.0,635.0,635.3,0.05,229.0,750.0,570.0
NMBMF,6/19/2026,627.4,643.9,626.1,642.0,2.33,2313.0,750.0,570.0
NMBMF,6/22/2026,609.9,644.0,609.9,642.0,5.26,383.0,750.0,570.0
NMBMF,6/23/2026,635.0,640.0,631.0,640.0,0.79,128.0,750.0,570.0
NMBMF,6/24/2026,633.0,636.9,622.4,636.9,0.62,1395.0,750.0,570.0
NMBMF,6/26/2026,622.3,623.0,622.0,622.0,-0.05,1722.0,750.0,570.0
NMBMF,6/29/2026,620.0,620.0,616.1,616.1,-0.63,917.0,750.0,570.0
NMBMF,6/30/2026,616.0,619.9,605.4,619.9,0.63,1101.0,750.0,570.0
NMBMF,7/1/2026,614.9,629.7,614.9,628.7,2.24,930.0,750.0,570.0
NMBMF,7/2/2026,616.0,626.9,610.0,626.9,1.77,1543.0,750.0,570.0
NMBMF,7/3/2026,610.0,620.0,610.0,617.0,1.15,1248.0,750.0,570.0
NMBMF,7/6/2026,606.1,610.0,600.2,610.0,0.64,2838.0,750.0,570.0
NMBMF,7/7/2026,611.0,618.0,608.1,609.0,-0.33,2227.0,750.0,570.0
NMBMF,7/8/2026,601.2,611.0,600.0,611.0,1.63,718.0,750.0,570.0
NMBMF,7/9/2026,601.0,610.0,598.0,608.0,1.16,1163.0,750.0,570.0
NMBMF,7/10/2026,596.4,605.0,596.1,599.0,0.44,266.0,750.0,570.0
NMBMF,7/13/2026,595.0,604.9,595.0,595.0,0.0,1265.0,750.0,570.0
NMBMF,7/14/2026,588.0,601.0,585.0,599.9,2.02,900.0,750.0,570.0
NMBMF,7/15/2026,582.0,610.0,582.0,595.3,2.29,808.0,750.0,570.0
NMBMF,7/16/2026,606.6,606.6,590.0,593.0,-2.24,1175.0,750.0,570.0
NMBMF,7/17/2026,605.0,630.0,605.0,626.0,3.47,4156.0,750.0,570.0
NMBMF,7/20/2026,630.0,630.0,622.1,629.0,-0.16,896.0,750.0,570.0
NMBMF,7/21/2026,620.0,629.0,620.0,629.0,1.45,1560.0,750.0,570.0
NMBMF,7/22/2026,615.1,633.5,615.1,621.0,0.96,3344.0,750.0,570.0
NMBMF,7/23/2026,612.4,635.0,612.4,635.0,3.69,2174.0,750.0,570.0
NMBMF,7/24/2026,622.0,642.9,622.0,640.0,2.89,4969.0,750.0,570.0
NMBMF,7/27/2026,625.0,639.5,625.0,636.0,1.76,747.0,750.0,570.0
NMBMF,7/28/2026,624.0,633.9,620.0,633.9,1.59,910.0,750.0,570.0
NMBMF,7/29/2026,630.0,635.5,616.5,631.0,0.16,228.0,750.0,570.0
NMBMF,7/30/2026,622.0,628.0,620.0,627.9,0.95,279.0,750.0,570.0
NMBMF,7/31/2026,610.2,623.9,610.1,616.0,0.95,430.0,750.0,570.0
NMBMF,8/3/2026,626.0,626.0,616.0,625.0,-0.16,510.0,750.0,570.0
NMBMF,8/4/2026,607.1,619.9,606.3,619.0,1.96,760.0,750.0,570.0
NMBMF,8/5/2026,610.0,617.9,602.6,617.9,1.3,1535.0,750.0,570.0
NMBMF,8/6/2026,601.0,614.7,600.2,614.7,2.28,96.0,750.0,570.0
NMBMF,8/7/2026,600.4,616.9,600.3,616.0,2.6,707.0,750.0,570.0
NMBMF,8/10/2026,607.0,615.0,602.5,602.5,-0.74,296.0,750.0,570.0
NMBMF,8/11/2026,602.5,612.9,601.1,601.2,-0.22,565.0,750.0,570.0
NMBMF,8/12/2026,600.0,610.0,599.0,599.0,-0.17,1699.0,750.0,570.0
NMBMF,8/13/2026,600.1,605.0,600.1,605.0,0.82,51.0,750.0,570.0
NMBMF,8/14/2026,610.0,610.0,600.0,609.9,-0.02,721.0,750.0,570.0
NMBMF,8/17/2026,600.0,604.9,596.1,600.0,0.0,1194.0,750.0,570.0
NMBMF,8/18/2026,595.7,603.0,593.0,595.5,-0.03,3198.0,750.0,570.0
NMBMF,8/19/2026,595.5,601.9,590.0,590.0,-0.92,1250.0,750.0,570.0
NMBMF,8/20/2026,600.0,600.0,592.0,599.8,-0.03,1330.0,750.0,570.0
NMBMF,8/21/2026,600.0,600.0,589.0,600.0,0.0,710.0,750.0,570.0
NMBMF,8/24/2026,590.1,597.8,582.1,597.8,1.3,2277.0,750.0,570.0
NMBMF,8/25/2026,590.0,595.0,585.0,594.0,0.68,999.0,750.0,570.0
NMBMF,8/26/2026,581.1,584.0,576.2,578.0,-0.53,1863.0,750.0,570.0
NMBMF,8/27/2026,590.0,590.0,573.0,590.0,0.0,867.0,750.0,570.0
NMBMF,8/31/2026,590.0,590.0,572.0,589.0,-0.17,2365.0,750.0,570.0
NMBMF,9/1/2026,580.0,590.0,580.0,589.9,1.71,442.0,750.0,570.0
NMBMF,9/2/2026,581.0,581.0,580.0,580.0,-0.17,36.0,750.0,570.0
NMBMF,9/3/2026,580.0,580.0,580.0,580.0,0.0,230.0,750.0,570.0
NMBMF,9/7/2026,580.0,589.9,570.0,589.0,1.55,1126.0,750.0,570.0
NMBMF,9/9/2026,594.0,594.0,575.0,583.0,-1.85,1110.0,750.0,570.0
NMBMF,9/10/2026,575.0,580.0,574.0,574.0,-0.17,970.0,750.0,570.0
NMBMF,9/11/2026,584.0,584.9,573.1,575.1,-1.52,935.0,750.0,570.0
NMBMF,9/14/2026,580.0,590.0,580.0,588.0,1.38,989.0,750.0,570.0
NMBMF,9/15/2026,617.0,617.0,590.3,605.0,-1.94,2724.0,750.0,570.0
NMBMF,9/16/2026,600.1,605.0,600.0,600.0,-0.02,1292.0,750.0,570.0
NMBMF,9/17/2026,615.0,615.0,602.0,602.5,-2.03,1135.0,750.0,570.0
NMBMF,9/18/2026,603.0,615.0,597.2,615.0,1.99,7828.0,750.0,570.0
NMBMF,9/22/2026,597.0,627.9,597.0,613.0,2.68,3081.0,750.0,570.0
NMBMF,9/23/2026,609.6,624.0,602.0,603.0,-1.08,5101.0,750.0,570.0
NMBMF,9/24/2026,597.0,612.8,597.0,612.8,2.65,726.0,750.0,570.0
NMBMF,9/28/2026,602.0,606.9,600.2,606.9,0.81,5660.0,750.0,570.0
NMBMF,9/29/2026,600.0,600.0,592.0,0.0,-100.0,270.0,750.0,570.0
NMBMF,9/30/2026,609.9,609.9,587.3,594.0,-2.61,1192.0,750.0,570.0
NMBMF,10/1/2026,586.1,592.2,586.0,592.1,1.02,766.0,750.0,570.0
NMBMF,10/2/2026,592.1,595.0,590.0,590.0,-0.35,460.0,750.0,570.0
NMBPO,8/26/2026,133.3,133.3,133.3,133.3,0.0,10112.0,136.0,123.0
NMBUR93/94,8/24/2026,1000.0,1000.0,932.0,962.0,-3.8,585.0,1000.0,881.0
NMBUR93/94,8/25/2026,962.0,990.0,962.0,990.0,2.91,50.0,1000.0,881.0
NMBUR93/94,8/26/2026,962.0,990.8,962.0,990.8,2.99,125.0,1000.0,881.0
NMBUR93/94,8/27/2026,963.0,990.0,963.0,990.0,2.8,35.0,1000.0,881.0
NMBUR93/94,8/31/2026,986.0,986.0,980.0,981.0,-0.51,100.0,1000.0,881.0
NMBUR93/94,9/1/2026,951.6,999.0,930.0,999.0,4.98,770.0,1000.0,881.0
NMBUR93/94,9/2/2026,970.0,970.0,941.0,941.0,-2.99,50.0,1000.0,881.0
NMBUR93/94,9/3/2026,915.0,915.0,907.1,909.0,-0.66,80.0,1000.0,881.0
NMBUR93/94,9/7/2026,909.0,930.0,909.0,930.0,2.31,75.0,1000.0,881.0
NMBUR93/94,9/9/2026,903.1,903.1,903.1,903.1,0.0,25.0,1000.0,881.0
NMBUR93/94,9/10/2026,920.0,930.0,907.6,907.6,-1.35,75.0,1000.0,881.0
NMBUR93/94,9/14/2026,907.6,907.6,907.6,907.6,0.0,25.0,1000.0,881.0
NMBUR93/94,9/17/2026,934.0,934.0,930.0,934.0,0.0,75.0,1000.0,881.0
NMBUR93/94,9/18/2026,930.0,930.0,930.0,930.0,0.0,50.0,1000.0,881.0
NMBUR93/94,9/22/2026,911.1,929.0,911.1,929.0,1.96,75.0,1000.0,881.0
NMBUR93/94,9/23/2026,920.0,923.0,920.0,923.0,0.33,50.0,1000.0,881.0
NMBUR93/94,9/24/2026,920.0,920.0,920.0,920.0,0.0,25.0,1000.0,881.0
NMBUR93/94,9/28/2026,920.0,920.0,895.5,895.4,-2.67,58.0,1000.0,881.0
NMBUR93/94,9/29/2026,881.0,895.0,881.0,0.0,-100.0,50.0,1000.0,881.0
NMBUR93/94,10/2/2026,880.0,896.1,880.0,896.1,1.83,75.0,1000.0,881.0
NMFBS,12/21/2025,1300.0,1315.0,1276.1,1288.0,,7801.0,1370.0,1051.9
NMFBS,12/22/2025,1290.0,1290.0,1267.0,1275.0,-1.01,2795.0,1370.0,1051.9
NMFBS,12/23/2025,1275.0,1295.0,1275.0,1291.5,1.29,229.0,1370.0,1051.9
NMFBS,12/24/2025,1273.0,1292.0,1266.0,1275.0,-1.28,7531.0,1370.0,1051.9
NMFBS,12/28/2025,1299.0,1313.0,1280.0,1310.0,2.75,3014.0,1370.0,1051.9
NMFBS,12/29/2025,1293.2,1330.0,1293.2,1317.0,0.53,2392.0,1370.0,1051.9
NMFBS,12/31/2025,1336.0,1336.9,1315.1,1319.1,0.16,3398.0,1370.0,1051.9
NMFBS,1/1/2026,1305.9,1318.9,1296.2,1310.0,-0.69,4193.0,1370.0,1051.9
NMFBS,1/4/2026,1310.0,1317.0,1304.0,1310.0,0.0,3290.0,1370.0,1051.9
NMFBS,1/5/2026,1329.0,1329.0,1299.0,1305.0,-0.38,31925.0,1370.0,1051.9
NMFBS,1/6/2026,1164.0,1173.0,1150.1,1150.1,-11.87,6053.0,1370.0,1051.9
NMFBS,1/7/2026,1154.0,1158.0,1143.2,1147.8,-0.2,5298.0,1370.0,1051.9
NMFBS,1/8/2026,1150.0,1150.0,1111.0,1136.9,-0.95,9377.0,1370.0,1051.9
NMFBS,1/12/2026,1125.0,1140.0,1125.0,1137.0,0.01,3780.0,1370.0,1051.9
NMFBS,1/13/2026,1137.0,1137.0,1094.0,1115.0,-1.93,8859.0,1370.0,1051.9
NMFBS,1/14/2026,1129.0,1129.0,1096.1,1096.2,-1.69,5930.0,1370.0,1051.9
NMFBS,1/18/2026,1118.1,1118.1,1086.0,1092.0,-0.38,11469.0,1370.0,1051.9
NMFBS,1/20/2026,1113.8,1136.0,1113.8,1130.8,3.55,5115.0,1370.0,1051.9
NMFBS,1/21/2026,1147.9,1147.9,1125.2,1131.0,0.02,2451.0,1370.0,1051.9
NMFBS,1/22/2026,1143.5,1143.5,1115.0,1130.0,-0.09,4149.0,1370.0,1051.9
NMFBS,1/25/2026,1130.0,1145.0,1120.0,1135.0,0.44,6548.0,1370.0,1051.9
NMFBS,1/26/2026,1148.0,1150.0,1135.2,1136.1,0.1,6885.0,1370.0,1051.9
NMFBS,1/27/2026,1125.0,1143.0,1113.5,1117.2,-1.66,5180.0,1370.0,1051.9
NMFBS,1/28/2026,1117.2,1131.8,1117.2,1126.0,0.79,1093.0,1370.0,1051.9
NMFBS,1/29/2026,1120.0,1121.0,1103.2,1105.1,-1.86,3430.0,1370.0,1051.9
NMFBS,2/1/2026,1106.0,1111.0,1096.0,1105.2,0.01,7226.0,1370.0,1051.9
NMFBS,2/2/2026,1108.0,1116.0,1105.0,1107.0,0.16,4088.0,1370.0,1051.9
NMFBS,2/3/2026,1125.0,1125.0,1106.8,1106.8,-0.02,6700.0,1370.0,1051.9
NMFBS,2/4/2026,1106.0,1107.1,1106.0,1106.3,-0.05,1183.0,1370.0,1051.9
NMFBS,2/5/2026,1110.0,1125.0,1106.0,1106.6,0.03,4453.0,1370.0,1051.9
NMFBS,2/8/2026,1110.5,1124.9,1110.0,1111.0,0.4,1375.0,1370.0,1051.9
NMFBS,2/9/2026,1116.0,1124.9,1111.0,1111.0,0.0,2691.0,1370.0,1051.9
NMFBS,2/10/2026,1090.0,1114.0,1090.0,1110.0,-0.09,2121.0,1370.0,1051.9
NMFBS,2/11/2026,1115.9,1126.8,1108.0,1120.0,0.9,3140.0,1370.0,1051.9
NMFBS,2/12/2026,1121.0,1134.5,1114.0,1114.0,-0.54,3495.0,1370.0,1051.9
NMFBS,2/16/2026,1110.0,1130.0,1110.0,1125.0,0.99,4565.0,1370.0,1051.9
NMFBS,2/17/2026,1112.5,1128.0,1112.5,1119.0,-0.53,3853.0,1370.0,1051.9
NMFBS,2/22/2026,1100.0,1125.0,1100.0,1123.0,0.36,2286.0,1370.0,1051.9
NMFBS,2/23/2026,1116.2,1126.0,1116.2,1122.2,-0.07,1639.0,1370.0,1051.9
NMFBS,2/24/2026,1108.8,1135.0,1108.8,1130.0,0.7,760.0,1370.0,1051.9
NMFBS,2/25/2026,1130.0,1130.0,1120.5,1125.0,-0.44,1631.0,1370.0,1051.9
NMFBS,2/26/2026,1120.4,1130.0,1120.3,1122.7,-0.2,1105.0,1370.0,1051.9
NMFBS,2/27/2026,1120.4,1130.0,1120.3,1122.7,0.0,1105.0,1370.0,1051.9
NMFBS,2/28/2026,1120.4,1130.0,1120.3,1122.7,0.0,1105.0,1370.0,1051.9
NMFBS,3/2/2026,1122.69,1130.0,1115.0,1130.0,0.65,1537.0,1370.0,1051.9
NMFBS,3/3/2026,1128.0,1145.0,1126.0,1145.0,1.33,2310.0,1370.0,1051.9
NMFBS,3/4/2026,1128.0,1145.0,1126.0,1145.0,0.0,2310.0,1370.0,1051.9
NMFBS,3/5/2026,1128.0,1145.0,1126.0,1145.0,0.0,2310.0,1370.0,1051.9
NMFBS,3/6/2026,1128.0,1145.0,1126.0,1145.0,0.0,2310.0,1370.0,1051.9
NMFBS,3/7/2026,1128.0,1145.0,1126.0,1145.0,0.0,2310.0,1370.0,1051.9
NMFBS,3/8/2026,1128.0,1145.0,1126.0,1145.0,0.0,2310.0,1370.0,1051.9
NMFBS,3/9/2026,1167.9,1167.9,1167.9,1167.9,2.0,10.0,1370.0,1051.9
NMFBS,3/10/2026,1191.2,1214.9,1180.0,1187.0,1.64,14402.0,1370.0,1051.9
NMFBS,3/11/2026,1190.0,1200.0,1181.0,1183.0,-0.34,8599.0,1370.0,1051.9
NMFBS,3/12/2026,1180.0,1198.0,1178.0,1183.0,0.0,1348.0,1370.0,1051.9
NMFBS,3/13/2026,1180.0,1198.0,1178.0,1183.0,0.0,1348.0,1370.0,1051.9
NMFBS,3/14/2026,1180.0,1198.0,1178.0,1183.0,0.0,1348.0,1370.0,1051.9
NMFBS,3/15/2026,1185.0,1190.0,1183.0,1185.0,0.17,3073.0,1370.0,1051.9
NMFBS,3/16/2026,1177.5,1185.0,1177.0,1180.0,-0.42,4709.0,1370.0,1051.9
NMFBS,3/17/2026,1181.0,1192.0,1175.1,1185.0,0.42,3444.0,1370.0,1051.9
NMFBS,3/18/2026,1181.0,1192.0,1175.1,1185.0,0.0,3444.0,1370.0,1051.9
NMFBS,3/19/2026,1190.0,1197.0,1169.1,1190.0,0.42,6481.0,1370.0,1051.9
NMFBS,3/20/2026,1190.0,1197.0,1169.1,1190.0,0.0,6481.0,1370.0,1051.9
NMFBS,3/21/2026,1190.0,1197.0,1169.1,1190.0,0.0,6481.0,1370.0,1051.9
NMFBS,3/22/2026,1167.0,1230.0,1167.0,1215.0,2.1,22022.0,1370.0,1051.9
NMFBS,3/23/2026,1208.5,1230.0,1208.5,1221.0,0.49,6974.0,1370.0,1051.9
NMFBS,3/24/2026,1206.1,1242.0,1202.0,1207.0,-1.15,6859.0,1370.0,1051.9
NMFBS,3/25/2026,1200.0,1208.8,1195.0,1199.0,-0.66,5247.0,1370.0,1051.9
NMFBS,3/26/2026,1185.1,1220.0,1185.1,1205.0,1.68,4013.0,1370.0,1051.9
NMFBS,3/29/2026,1205.0,1206.0,1190.0,1190.0,-1.24,13587.0,1370.0,1051.9
NMFBS,3/30/2026,1182.0,1188.0,1172.0,1180.0,-0.17,10403.0,1370.0,1051.9
NMFBS,3/31/2026,1203.0,1225.0,1160.0,1182.9,-1.67,9702.0,1370.0,1051.9
NMFBS,4/1/2026,1182.9,1182.9,1163.0,1165.0,-1.51,8038.0,1370.0,1051.9
NMFBS,4/2/2026,1162.19,1183.0,1137.0,1160.0,-0.19,3072.0,1370.0,1051.9
NMFBS,4/5/2026,1137.0,1142.0,1114.0,1114.0,-2.02,8272.0,1370.0,1051.9
NMFBS,4/6/2026,1115.2,1155.0,1114.0,1135.0,1.78,11682.0,1370.0,1051.9
NMFBS,4/7/2026,1140.0,1150.0,1122.1,1137.0,-0.26,4308.0,1370.0,1051.9
NMFBS,4/8/2026,1126.0,1155.0,1126.0,1150.0,2.13,7382.0,1370.0,1051.9
NMFBS,4/9/2026,1130.0,1164.0,1130.0,1150.3,1.8,5947.0,1370.0,1051.9
NMFBS,4/10/2026,1151.0,1164.0,1147.0,1150.0,-0.09,6038.0,1370.0,1051.9
NMFBS,4/13/2026,1150.0,1168.7,1146.0,1146.0,-0.35,3037.0,1370.0,1051.9
NMFBS,4/15/2026,1168.0,1170.0,1132.0,1145.0,-1.97,5978.0,1370.0,1051.9
NMFBS,4/16/2026,1145.0,1154.0,1131.0,1147.0,0.17,4689.0,1370.0,1051.9
NMFBS,4/17/2026,1131.1,1153.7,1131.1,1153.7,2.0,2154.0,1370.0,1051.9
NMFBS,4/20/2026,1153.7,1153.7,1122.3,1125.0,-2.49,2408.0,1370.0,1051.9
NMFBS,4/21/2026,1116.1,1125.0,1105.0,1120.0,0.35,7980.0,1370.0,1051.9
NMFBS,4/22/2026,1120.0,1120.0,1100.0,1100.0,-1.79,9295.0,1370.0,1051.9
NMFBS,4/23/2026,1100.0,1120.0,1096.5,1100.2,0.02,6528.0,1370.0,1051.9
NMFBS,4/24/2026,1100.2,1108.0,1090.0,1098.2,-0.18,7214.0,1370.0,1051.9
NMFBS,4/27/2026,1098.2,1117.0,1090.2,1105.0,0.62,4853.0,1370.0,1051.9
NMFBS,4/28/2026,1105.0,1130.0,1105.0,1109.9,0.44,1577.0,1370.0,1051.9
NMFBS,4/29/2026,1109.9,1110.0,1097.0,1110.0,0.01,4752.0,1370.0,1051.9
NMFBS,4/30/2026,1095.0,1111.0,1090.0,1097.1,0.19,2094.0,1370.0,1051.9
NMFBS,5/4/2026,1051.9,1110.0,1051.9,1107.0,5.24,532.0,1370.0,1051.9
NMFBS,5/5/2026,1090.1,1095.0,1089.0,1092.0,0.17,4065.0,1370.0,1051.9
NMFBS,5/6/2026,1090.0,1117.6,1088.0,1092.0,0.18,2973.0,1370.0,1051.9
NMFBS,5/7/2026,1092.0,1104.0,1085.0,1090.0,-0.18,4323.0,1370.0,1051.9
NMFBS,5/8/2026,1119.0,1119.0,1083.0,1106.9,-1.08,2613.0,1370.0,1051.9
NMFBS,5/11/2026,1120.0,1130.0,1095.0,1120.0,0.0,18801.0,1370.0,1051.9
NMFBS,5/12/2026,1120.0,1122.0,1106.0,1115.0,-0.45,10667.0,1370.0,1051.9
NMFBS,5/13/2026,1115.0,1122.0,1106.0,1115.0,0.0,3622.0,1370.0,1051.9
NMFBS,5/14/2026,1125.0,1126.0,1110.0,1120.0,-0.44,2096.0,1370.0,1051.9
NMFBS,5/15/2026,1120.0,1124.9,1113.2,1120.0,0.0,1435.0,1370.0,1051.9
NMFBS,5/18/2026,1120.0,1130.0,1118.0,1130.0,0.89,1931.0,1370.0,1051.9
NMFBS,5/19/2026,1118.0,1147.0,1118.0,1146.0,2.5,3964.0,1370.0,1051.9
NMFBS,5/20/2026,1131.0,1148.9,1131.0,1140.2,0.81,2520.0,1370.0,1051.9
NMFBS,5/21/2026,1141.0,1144.0,1132.3,1144.0,0.26,2391.0,1370.0,1051.9
NMFBS,5/22/2026,1131.1,1146.0,1124.0,1140.0,0.79,5602.0,1370.0,1051.9
NMFBS,5/25/2026,1117.0,1155.0,1117.0,1150.0,2.95,8343.0,1370.0,1051.9
NMFBS,5/26/2026,1150.0,1150.0,1139.8,1140.2,-0.85,7426.0,1370.0,1051.9
NMFBS,5/27/2026,1155.0,1155.0,1137.1,1140.0,-1.3,3403.0,1370.0,1051.9
NMFBS,6/1/2026,1149.0,1149.0,1130.0,1136.0,-1.13,3711.0,1370.0,1051.9
NMFBS,6/2/2026,1133.0,1141.0,1122.3,1141.0,0.71,9325.0,1370.0,1051.9
NMFBS,6/3/2026,1162.9,1162.9,1132.2,1145.0,-1.54,2340.0,1370.0,1051.9
NMFBS,6/4/2026,1134.1,1147.0,1134.1,1140.0,0.52,1060.0,1370.0,1051.9
NMFBS,6/5/2026,1140.0,1146.0,1136.0,1146.0,0.53,6038.0,1370.0,1051.9
NMFBS,6/8/2026,1146.0,1146.0,1132.6,1136.0,-0.87,3963.0,1370.0,1051.9
NMFBS,6/9/2026,1140.0,1140.0,1130.0,1130.2,-0.86,9187.0,1370.0,1051.9
NMFBS,6/10/2026,1125.2,1141.0,1125.2,1140.0,1.32,4059.0,1370.0,1051.9
NMFBS,6/11/2026,1140.0,1140.0,1126.3,1138.0,-0.18,1369.0,1370.0,1051.9
NMFBS,6/12/2026,1135.0,1138.8,1127.0,1135.0,0.0,2796.0,1370.0,1051.9
NMFBS,6/15/2026,1135.0,1135.0,1122.1,1134.3,-0.06,2771.0,1370.0,1051.9
NMFBS,6/16/2026,1137.0,1140.0,1127.0,1133.0,-0.35,5709.0,1370.0,1051.9
NMFBS,6/17/2026,1125.3,1139.5,1121.0,1130.0,0.42,1586.0,1370.0,1051.9
NMFBS,6/18/2026,1130.0,1135.0,1105.0,1124.0,-0.53,3395.0,1370.0,1051.9
NMFBS,6/19/2026,1110.3,1125.0,1110.3,1120.1,0.88,9102.0,1370.0,1051.9
NMFBS,6/22/2026,1117.0,1139.5,1115.0,1128.0,0.98,4591.0,1370.0,1051.9
NMFBS,6/23/2026,1148.5,1148.5,1121.0,1126.0,-1.96,5458.0,1370.0,1051.9
NMFBS,6/24/2026,1130.0,1130.0,1100.0,1106.2,-2.11,6881.0,1370.0,1051.9
NMFBS,6/26/2026,1115.0,1125.0,1106.0,1115.0,0.0,3526.0,1370.0,1051.9
NMFBS,6/29/2026,1098.1,1115.0,1098.0,1115.0,1.54,1809.0,1370.0,1051.9
NMFBS,6/30/2026,1101.2,1115.0,1101.0,1114.0,1.16,2620.0,1370.0,1051.9
NMFBS,7/1/2026,1111.0,1125.0,1111.0,1120.1,0.82,785.0,1370.0,1051.9
NMFBS,7/2/2026,1112.0,1120.0,1112.0,1116.0,0.36,2569.0,1370.0,1051.9
NMFBS,7/3/2026,1116.0,1125.0,1115.0,1116.0,0.0,4895.0,1370.0,1051.9
NMFBS,7/6/2026,1106.0,1120.0,1105.3,1119.0,1.18,1503.0,1370.0,1051.9
NMFBS,7/7/2026,1119.0,1119.0,1108.1,1114.0,-0.45,2844.0,1370.0,1051.9
NMFBS,7/8/2026,1129.5,1129.5,1107.5,1110.1,-1.72,3268.0,1370.0,1051.9
NMFBS,7/9/2026,1108.0,1110.5,1102.0,1104.2,-0.34,6014.0,1370.0,1051.9
NMFBS,7/10/2026,1104.2,1111.0,1104.2,1106.1,0.17,4215.0,1370.0,1051.9
NMFBS,7/13/2026,1110.0,1110.0,1102.6,1104.1,-0.53,966.0,1370.0,1051.9
NMFBS,7/14/2026,1100.0,1109.9,1086.5,1107.0,0.64,6851.0,1370.0,1051.9
NMFBS,7/15/2026,1145.0,1153.0,1101.1,1107.0,-3.32,1724.0,1370.0,1051.9
NMFBS,7/16/2026,1109.0,1110.0,1101.0,1102.0,-0.63,1333.0,1370.0,1051.9
NMFBS,7/17/2026,1105.1,1129.7,1102.0,1128.0,2.07,3343.0,1370.0,1051.9
NMFBS,7/20/2026,1140.0,1140.0,1130.0,1139.0,-0.09,4192.0,1370.0,1051.9
NMFBS,7/21/2026,1140.0,1140.0,1124.0,1130.0,-0.88,1814.0,1370.0,1051.9
NMFBS,7/22/2026,1130.0,1130.1,1121.3,1130.0,0.0,2452.0,1370.0,1051.9
NMFBS,7/23/2026,1125.0,1140.0,1125.0,1130.0,0.44,7064.0,1370.0,1051.9
NMFBS,7/24/2026,1117.5,1145.0,1117.5,1131.0,1.21,1642.0,1370.0,1051.9
NMFBS,7/27/2026,1131.0,1150.0,1121.8,1126.0,-0.44,4027.0,1370.0,1051.9
NMFBS,7/28/2026,1130.0,1130.0,1120.0,1125.0,-0.44,1845.0,1370.0,1051.9
NMFBS,7/29/2026,1120.0,1130.0,1117.1,1120.0,0.0,2307.0,1370.0,1051.9
NMFBS,7/30/2026,1115.0,1120.0,1115.0,1116.0,0.09,1277.0,1370.0,1051.9
NMFBS,7/31/2026,1116.0,1125.0,1111.1,1120.0,0.36,2463.0,1370.0,1051.9
NMFBS,8/3/2026,1120.0,1120.0,1113.0,1113.4,-0.59,4457.0,1370.0,1051.9
NMFBS,8/4/2026,1113.4,1119.9,1110.0,1110.0,-0.31,1425.0,1370.0,1051.9
NMFBS,8/5/2026,1110.0,1110.0,1102.1,1107.8,-0.2,1913.0,1370.0,1051.9
NMFBS,8/6/2026,1105.1,1115.0,1104.5,1105.0,-0.01,3282.0,1370.0,1051.9
NMFBS,8/7/2026,1106.0,1111.0,1101.3,1101.4,-0.42,7110.0,1370.0,1051.9
NMFBS,8/10/2026,1098.0,1104.5,1091.3,1104.0,0.55,1058.0,1370.0,1051.9
NMFBS,8/11/2026,1127.9,1127.9,1100.0,1104.0,-2.12,1893.0,1370.0,1051.9
NMFBS,8/12/2026,1101.0,1125.0,1101.0,1115.0,1.27,3265.0,1370.0,1051.9
NMFBS,8/13/2026,1106.0,1122.0,1106.0,1108.8,0.25,2053.0,1370.0,1051.9
NMFBS,8/14/2026,1125.0,1136.0,1116.2,1135.0,0.89,6426.0,1370.0,1051.9
NMFBS,8/17/2026,1135.0,1140.0,1128.1,1128.5,-0.57,3849.0,1370.0,1051.9
NMFBS,8/18/2026,1128.5,1128.5,1117.0,1128.5,0.0,2833.0,1370.0,1051.9
NMFBS,8/19/2026,1120.0,1125.0,1116.2,1120.0,0.0,688.0,1370.0,1051.9
NMFBS,8/20/2026,1120.0,1132.0,1105.0,1118.0,-0.18,5949.0,1370.0,1051.9
NMFBS,8/21/2026,1125.0,1129.0,1117.0,1117.0,-0.71,5971.0,1370.0,1051.9
NMFBS,8/24/2026,1110.1,1117.0,1102.6,1116.0,0.53,3471.0,1370.0,1051.9
NMFBS,8/25/2026,1116.0,1116.0,1106.0,1110.0,-0.54,1542.0,1370.0,1051.9
NMFBS,8/26/2026,1110.0,1110.0,1101.3,1110.0,0.0,2423.0,1370.0,1051.9
NMFBS,8/27/2026,1082.0,1117.5,1082.0,1105.2,2.14,978.0,1370.0,1051.9
NMFBS,8/31/2026,1105.2,1110.0,1091.5,1108.0,0.25,1645.0,1370.0,1051.9
NMFBS,9/1/2026,1108.0,1108.0,1095.1,1100.0,-0.72,3379.0,1370.0,1051.9
NMFBS,9/2/2026,1100.0,1110.0,1097.6,1097.6,-0.22,2582.0,1370.0,1051.9
NMFBS,9/3/2026,1097.6,1115.0,1097.6,1112.0,1.31,1694.0,1370.0,1051.9
NMFBS,9/7/2026,1120.0,1138.9,1120.0,1135.0,1.34,2127.0,1370.0,1051.9
NMFBS,9/9/2026,1137.0,1137.0,1121.0,1130.0,-0.62,3794.0,1370.0,1051.9
NMFBS,9/10/2026,1120.0,1135.0,1115.1,1130.7,0.96,1508.0,1370.0,1051.9
NMFBS,9/11/2026,1125.0,1137.0,1121.0,1125.0,0.0,2813.0,1370.0,1051.9
NMFBS,9/14/2026,1125.0,1136.0,1120.0,1120.0,-0.44,2227.0,1370.0,1051.9
NMFBS,9/15/2026,1175.0,1175.0,1140.0,1150.9,-2.05,15401.0,1370.0,1051.9
NMFBS,9/16/2026,1151.4,1161.0,1142.1,1148.0,-0.3,13433.0,1370.0,1051.9
NMFBS,9/17/2026,1150.0,1179.5,1145.3,1179.0,2.52,12850.0,1370.0,1051.9
NMFBS,9/18/2026,1180.0,1190.0,1163.0,1190.0,0.85,4567.0,1370.0,1051.9
NMFBS,9/22/2026,1195.0,1220.0,1186.5,1190.0,-0.42,4635.0,1370.0,1051.9
NMFBS,9/23/2026,1206.0,1220.0,1180.1,1181.0,-2.07,21461.0,1370.0,1051.9
NMFBS,9/24/2026,1172.1,1209.0,1172.1,1200.0,2.38,9522.0,1370.0,1051.9
NMFBS,9/28/2026,1220.0,1235.0,1190.1,1208.0,-0.98,4774.0,1370.0,1051.9
NMFBS,9/29/2026,1200.0,1200.0,1190.1,0.0,-100.0,1621.0,1370.0,1051.9
NMFBS,9/30/2026,1195.0,1195.0,1180.2,1181.2,-1.15,4737.0,1370.0,1051.9
NMFBS,10/1/2026,1182.0,1199.0,1182.0,1195.0,1.1,4491.0,1370.0,1051.9
NMFBS,10/2/2026,1198.9,1200.0,1183.0,1186.0,-1.08,8183.0,1370.0,1051.9
NMFBSP,12/24/2025,675.0,675.0,675.0,675.0,,2500.0,675.0,610.0
NMFBSP,1/4/2026,675.0,675.0,675.0,675.0,0.0,12000.0,675.0,610.0
NMFBSP,6/3/2026,628.0,628.0,628.0,628.0,0.0,48656.0,675.0,610.0
NMFBSP,7/8/2026,610.0,610.0,610.0,610.0,0.0,9258.0,675.0,610.0
NMFBSP,7/10/2026,610.0,610.0,610.0,610.0,0.0,8130.0,675.0,610.0
NMFBSP,7/14/2026,610.0,610.0,610.0,610.0,0.0,10000.0,675.0,610.0
NMFBSP,7/15/2026,610.0,610.0,610.0,610.0,0.0,3400.0,675.0,610.0
NMFBSP,9/22/2026,655.0,655.0,655.0,655.0,0.0,4000.0,675.0,610.0
NMFBSP,9/24/2026,635.4,635.4,635.4,635.4,0.0,3166.0,675.0,610.0
NMIC,12/21/2025,1230.0,1230.0,1195.0,1196.0,,13602.0,1525.0,765.3
NMIC,12/22/2025,1185.0,1196.0,1182.1,1183.0,-1.09,4827.0,1525.0,765.3
NMIC,12/23/2025,1165.1,1219.9,1165.1,1200.0,1.44,5703.0,1525.0,765.3
NMIC,12/24/2025,1200.0,1223.0,1180.0,1191.0,-0.75,3853.0,1525.0,765.3
NMIC,12/28/2025,1191.0,1213.0,1191.0,1207.9,1.42,4582.0,1525.0,765.3
NMIC,12/29/2025,1200.0,1224.0,1190.2,1195.0,-1.07,5274.0,1525.0,765.3
NMIC,12/31/2025,1171.1,1215.0,1171.1,1196.0,0.08,5476.0,1525.0,765.3
NMIC,1/1/2026,1182.0,1225.0,1182.0,1206.9,0.91,7154.0,1525.0,765.3
NMIC,1/4/2026,1210.0,1232.0,1190.0,1232.0,2.08,9335.0,1525.0,765.3
NMIC,1/5/2026,1230.0,1294.0,1229.0,1280.0,3.9,25980.0,1525.0,765.3
NMIC,1/6/2026,1298.0,1305.0,1250.0,1250.0,-2.34,13257.0,1525.0,765.3
NMIC,1/7/2026,1273.0,1273.0,1225.1,1233.0,-1.36,12144.0,1525.0,765.3
NMIC,1/8/2026,1233.0,1255.0,1211.0,1225.0,-0.65,8210.0,1525.0,765.3
NMIC,1/12/2026,1220.0,1253.0,1215.5,1242.0,1.39,9314.0,1525.0,765.3
NMIC,1/13/2026,1245.0,1265.0,1222.0,1240.0,-0.16,8680.0,1525.0,765.3
NMIC,1/14/2026,1230.0,1264.0,1220.0,1220.0,-1.61,17724.0,1525.0,765.3
NMIC,1/18/2026,1230.0,1264.0,1230.0,1236.1,1.32,14189.0,1525.0,765.3
NMIC,1/20/2026,1260.0,1285.2,1250.0,1253.0,1.37,18875.0,1525.0,765.3
NMIC,1/21/2026,1250.1,1290.0,1250.0,1266.2,1.05,19875.0,1525.0,765.3
NMIC,1/22/2026,1270.0,1317.0,1262.2,1316.0,3.93,41471.0,1525.0,765.3
NMIC,1/25/2026,1340.0,1447.6,1340.0,1447.6,10.0,61004.0,1525.0,765.3
NMIC,1/26/2026,1447.6,1516.0,1441.0,1460.0,0.86,70981.0,1525.0,765.3
NMIC,1/27/2026,1455.0,1512.0,1364.3,1395.0,-4.45,52850.0,1525.0,765.3
NMIC,1/28/2026,1395.0,1410.0,1350.0,1375.0,-1.43,22320.0,1525.0,765.3
NMIC,1/29/2026,1395.0,1395.0,1321.0,1322.1,-3.85,30203.0,1525.0,765.3
NMIC,2/1/2026,1323.0,1344.0,1285.0,1289.0,-2.5,26758.0,1525.0,765.3
NMIC,2/2/2026,1291.0,1360.0,1283.0,1334.0,3.49,22409.0,1525.0,765.3
NMIC,2/3/2026,1314.0,1368.0,1314.0,1335.0,0.07,34465.0,1525.0,765.3
NMIC,2/4/2026,1336.0,1375.0,1336.0,1357.0,1.65,20421.0,1525.0,765.3
NMIC,2/5/2026,1365.0,1468.0,1347.0,1456.0,7.3,72170.0,1525.0,765.3
NMIC,2/8/2026,1450.0,1525.0,1432.0,1445.0,-0.76,151242.0,1525.0,765.3
NMIC,2/9/2026,1431.1,1435.0,1375.1,1380.0,-4.5,25140.0,1525.0,765.3
NMIC,2/10/2026,1381.0,1390.1,1350.0,1350.1,-2.17,12994.0,1525.0,765.3
NMIC,2/11/2026,1368.0,1377.1,1330.0,1335.0,-1.12,10992.0,1525.0,765.3
NMIC,2/12/2026,1350.0,1350.0,1301.0,1315.0,-1.5,17119.0,1525.0,765.3
NMIC,2/16/2026,1305.0,1340.0,1305.0,1314.0,-0.08,12653.0,1525.0,765.3
NMIC,2/17/2026,1310.0,1341.3,1300.1,1310.0,-0.3,15164.0,1525.0,765.3
NMIC,2/22/2026,1310.0,1310.0,1270.1,1287.0,-1.76,10342.0,1525.0,765.3
NMIC,2/23/2026,1289.0,1299.9,1254.5,1260.1,-2.09,9986.0,1525.0,765.3
NMIC,2/24/2026,1260.0,1299.0,1257.3,1297.9,3.0,7191.0,1525.0,765.3
NMIC,2/25/2026,1305.0,1309.9,1282.0,1297.0,-0.07,8266.0,1525.0,765.3
NMIC,2/26/2026,1296.0,1304.0,1267.2,1288.0,-0.69,7855.0,1525.0,765.3
NMIC,2/27/2026,1296.0,1304.0,1267.2,1288.0,0.0,7855.0,1525.0,765.3
NMIC,2/28/2026,1296.0,1304.0,1267.2,1288.0,0.0,7855.0,1525.0,765.3
NMIC,3/2/2026,1270.1,1300.0,1250.0,1295.0,0.54,6222.0,1525.0,765.3
NMIC,3/3/2026,1295.0,1346.4,1286.1,1325.0,2.32,13597.0,1525.0,765.3
NMIC,3/4/2026,1295.0,1346.4,1286.1,1325.0,0.0,13597.0,1525.0,765.3
NMIC,3/5/2026,1295.0,1346.4,1286.1,1325.0,0.0,13597.0,1525.0,765.3
NMIC,3/6/2026,1295.0,1346.4,1286.1,1325.0,0.0,13597.0,1525.0,765.3
NMIC,3/7/2026,1295.0,1346.4,1286.1,1325.0,0.0,13597.0,1525.0,765.3
NMIC,3/8/2026,1295.0,1346.4,1286.1,1325.0,0.0,13597.0,1525.0,765.3
NMIC,3/9/2026,1351.5,1380.0,1351.5,1380.0,4.15,84.0,1525.0,765.3
NMIC,3/10/2026,1407.6,1464.0,1362.0,1387.0,0.51,26321.0,1525.0,765.3
NMIC,3/11/2026,1387.0,1410.0,1340.1,1367.0,-1.44,12117.0,1525.0,765.3
NMIC,3/12/2026,1341.2,1380.0,1341.2,1365.0,-0.15,10281.0,1525.0,765.3
NMIC,3/13/2026,1341.2,1380.0,1341.2,1365.0,0.0,10281.0,1525.0,765.3
NMIC,3/14/2026,1341.2,1380.0,1341.2,1365.0,0.0,10281.0,1525.0,765.3
NMIC,3/15/2026,1365.0,1389.0,1345.0,1345.0,-1.47,7536.0,1525.0,765.3
NMIC,3/16/2026,1370.0,1370.0,1316.0,1320.0,-1.86,7142.0,1525.0,765.3
NMIC,3/17/2026,1320.0,1320.0,1300.0,1320.0,0.0,5025.0,1525.0,765.3
NMIC,3/18/2026,1320.0,1320.0,1300.0,1320.0,0.0,5025.0,1525.0,765.3
NMIC,3/19/2026,1325.0,1358.0,1308.0,1348.0,2.12,10795.0,1525.0,765.3
NMIC,3/20/2026,1325.0,1358.0,1308.0,1348.0,0.0,10795.0,1525.0,765.3
NMIC,3/21/2026,1325.0,1358.0,1308.0,1348.0,0.0,10795.0,1525.0,765.3
NMIC,3/22/2026,1370.0,1372.0,1350.2,1363.9,1.18,11611.0,1525.0,765.3
NMIC,3/23/2026,1366.0,1367.0,1340.0,1355.0,-0.65,11467.0,1525.0,765.3
NMIC,3/24/2026,1369.0,1369.0,1350.0,1353.0,-0.15,5991.0,1525.0,765.3
NMIC,3/25/2026,1348.2,1364.0,1339.0,1348.0,-0.37,7275.0,1525.0,765.3
NMIC,3/26/2026,1335.0,1355.0,1335.0,1350.0,1.12,6643.0,1525.0,765.3
NMIC,3/29/2026,1331.0,1357.0,1271.0,1296.9,-2.56,27028.0,1525.0,765.3
NMIC,3/30/2026,1276.1,1300.0,1265.0,1270.0,-0.48,12217.0,1525.0,765.3
NMIC,3/31/2026,1292.0,1292.0,1245.0,1274.0,-1.39,10493.0,1525.0,765.3
NMIC,4/1/2026,1260.0,1260.0,1212.0,1215.0,-3.57,16745.0,1525.0,765.3
NMIC,4/2/2026,1215.0,1235.0,1188.0,1208.0,-0.58,10975.0,1525.0,765.3
NMIC,4/5/2026,1208.0,1208.0,1100.0,1107.0,-8.36,18078.0,1525.0,765.3
NMIC,4/6/2026,1084.9,1187.0,1084.9,1187.0,9.41,12641.0,1525.0,765.3
NMIC,4/7/2026,1187.0,1210.0,1153.5,1180.0,-0.59,7662.0,1525.0,765.3
NMIC,4/8/2026,1190.0,1198.8,1167.0,1195.0,0.42,8072.0,1525.0,765.3
NMIC,4/9/2026,1199.0,1240.3,1190.0,1226.0,2.25,8144.0,1525.0,765.3
NMIC,4/10/2026,1226.0,1226.0,1192.0,1195.0,-2.53,6238.0,1525.0,765.3
NMIC,4/13/2026,1218.0,1218.9,1185.0,1194.9,-1.9,8924.0,1525.0,765.3
NMIC,4/15/2026,1203.0,1215.0,1195.1,1200.0,-0.25,6398.0,1525.0,765.3
NMIC,4/16/2026,1181.0,1199.9,1170.0,1175.0,-0.51,6211.0,1525.0,765.3
NMIC,4/17/2026,1175.1,1180.0,1155.0,1165.1,-0.85,5640.0,1525.0,765.3
NMIC,4/20/2026,1123.0,1193.9,1123.0,1179.0,4.99,4125.0,1525.0,765.3
NMIC,4/21/2026,1178.9,1182.0,1140.0,1147.7,-2.65,8087.0,1525.0,765.3
NMIC,4/22/2026,1165.0,1165.0,1080.0,1131.9,-2.84,15081.0,1525.0,765.3
NMIC,4/23/2026,1132.0,1132.0,1090.0,1096.0,-3.18,12457.0,1525.0,765.3
NMIC,4/24/2026,1080.0,1090.0,1065.0,1078.0,-0.19,9058.0,1525.0,765.3
NMIC,4/27/2026,1078.0,1110.0,1078.0,1098.9,1.94,4000.0,1525.0,765.3
NMIC,4/28/2026,1120.0,1120.0,1067.0,1084.0,-3.21,6422.0,1525.0,765.3
NMIC,4/29/2026,1084.0,1061.0,1020.0,1026.0,-5.35,16055.0,1525.0,765.3
NMIC,4/30/2026,1026.0,1026.0,998.2,1010.0,-1.56,11171.0,1525.0,765.3
NMIC,5/4/2026,1038.0,1038.0,975.0,995.0,-4.14,10606.0,1525.0,765.3
NMIC,5/5/2026,970.0,1010.0,970.0,994.9,2.57,6280.0,1525.0,765.3
NMIC,5/6/2026,970.0,1011.0,970.0,993.7,2.44,4993.0,1525.0,765.3
NMIC,5/7/2026,999.0,1000.0,974.2,991.0,-0.8,2623.0,1525.0,765.3
NMIC,5/8/2026,980.0,1006.0,980.0,1006.0,2.65,5492.0,1525.0,765.3
NMIC,5/11/2026,1015.0,1060.0,1012.1,1060.0,4.43,6410.0,1525.0,765.3
NMIC,5/12/2026,1075.0,1080.9,1019.5,1028.0,-4.37,4353.0,1525.0,765.3
NMIC,5/13/2026,1015.0,1017.8,997.2,1016.0,0.1,8192.0,1525.0,765.3
NMIC,5/14/2026,1000.0,1015.0,991.0,1000.0,0.0,4615.0,1525.0,765.3
NMIC,5/15/2026,1000.0,1015.0,1000.0,1007.5,0.75,2801.0,1525.0,765.3
NMIC,5/18/2026,1000.0,1016.0,1000.0,1007.0,0.7,2190.0,1525.0,765.3
NMIC,5/19/2026,1057.3,1057.3,1000.1,1015.0,-4.0,3516.0,1525.0,765.3
NMIC,5/20/2026,965.0,1050.0,965.0,1044.0,8.19,5105.0,1525.0,765.3
NMIC,5/21/2026,1096.2,1096.2,1025.0,1040.0,-5.13,2166.0,1525.0,765.3
NMIC,5/22/2026,1030.0,1040.0,1001.1,1025.0,-0.49,3986.0,1525.0,765.3
NMIC,5/25/2026,1040.0,1059.8,1025.0,1059.0,1.83,7700.0,1525.0,765.3
NMIC,5/26/2026,1111.9,1111.9,1040.0,1045.0,-6.02,2240.0,1525.0,765.3
NMIC,5/27/2026,1065.0,1067.0,1030.3,1049.8,-1.43,4242.0,1525.0,765.3
NMIC,6/1/2026,1040.0,1094.0,1015.0,1053.9,1.34,6354.0,1525.0,765.3
NMIC,6/2/2026,1035.1,1112.5,1035.1,1093.0,5.59,12005.0,1525.0,765.3
NMIC,6/3/2026,1112.0,1140.0,1092.2,1118.0,0.54,11050.0,1525.0,765.3
NMIC,6/4/2026,1100.0,1122.0,1070.0,1083.0,-1.55,6745.0,1525.0,765.3
NMIC,6/5/2026,1137.1,1137.1,1058.0,1067.8,-6.09,4641.0,1525.0,765.3
NMIC,6/8/2026,1042.2,1070.0,1042.2,1062.9,1.99,3732.0,1525.0,765.3
NMIC,6/9/2026,1061.0,1070.0,1030.0,1062.9,0.18,4575.0,1525.0,765.3
NMIC,6/10/2026,1040.0,1070.0,1040.0,1059.9,1.91,4684.0,1525.0,765.3
NMIC,6/11/2026,1047.0,1078.3,1032.1,1051.0,0.38,3812.0,1525.0,765.3
NMIC,6/12/2026,1040.0,1064.0,1032.1,1038.0,-0.19,1765.0,1525.0,765.3
NMIC,6/15/2026,1040.0,1060.0,1016.1,1025.0,-1.44,2542.0,1525.0,765.3
NMIC,6/16/2026,1025.0,1040.0,1010.0,1038.0,1.27,3198.0,1525.0,765.3
NMIC,6/17/2026,1012.0,1039.0,1012.0,1027.0,1.48,1790.0,1525.0,765.3
NMIC,6/18/2026,1013.1,1047.9,1000.0,1015.0,0.19,4712.0,1525.0,765.3
NMIC,6/19/2026,1020.0,1021.0,1002.2,1017.0,-0.29,1575.0,1525.0,765.3
NMIC,6/22/2026,1017.0,1020.1,1005.0,1005.0,-1.18,2519.0,1525.0,765.3
NMIC,6/23/2026,1004.9,1005.0,990.0,991.1,-1.37,4383.0,1525.0,765.3
NMIC,6/24/2026,1005.0,1029.8,970.3,980.0,-2.49,3147.0,1525.0,765.3
NMIC,6/26/2026,918.9,988.5,918.9,973.0,5.89,1759.0,1525.0,765.3
NMIC,6/29/2026,973.0,975.0,950.0,952.0,-2.16,2935.0,1525.0,765.3
NMIC,6/30/2026,952.0,960.1,945.0,945.0,-0.74,1528.0,1525.0,765.3
NMIC,7/1/2026,945.0,969.9,941.0,965.0,2.12,4494.0,1525.0,765.3
NMIC,7/2/2026,965.0,978.0,951.0,958.0,-0.73,1927.0,1525.0,765.3
NMIC,7/3/2026,950.0,977.5,950.0,969.0,2.0,1629.0,1525.0,765.3
NMIC,7/6/2026,953.0,959.0,950.0,950.0,-0.31,1535.0,1525.0,765.3
NMIC,7/7/2026,950.0,960.1,935.2,942.2,-0.82,3384.0,1525.0,765.3
NMIC,7/8/2026,943.0,943.0,929.0,938.0,-0.53,3178.0,1525.0,765.3
NMIC,7/9/2026,920.0,939.0,920.0,924.0,0.43,1941.0,1525.0,765.3
NMIC,7/10/2026,906.0,945.0,906.0,912.0,0.66,2998.0,1525.0,765.3
NMIC,7/13/2026,900.1,910.0,885.0,885.0,-1.68,5163.0,1525.0,765.3
NMIC,7/14/2026,881.0,900.1,860.0,887.0,0.68,3254.0,1525.0,765.3
NMIC,7/15/2026,872.0,910.0,872.0,899.0,3.1,1427.0,1525.0,765.3
NMIC,7/16/2026,880.0,900.0,880.0,889.9,1.12,3020.0,1525.0,765.3
NMIC,7/17/2026,913.0,940.0,893.2,939.8,2.94,2382.0,1525.0,765.3
NMIC,7/20/2026,932.0,973.9,930.0,964.0,3.43,5428.0,1525.0,765.3
NMIC,7/21/2026,979.9,985.0,950.9,959.0,-2.13,6113.0,1525.0,765.3
NMIC,7/22/2026,934.0,977.0,934.0,977.0,4.6,2126.0,1525.0,765.3
NMIC,7/23/2026,950.0,978.3,950.0,970.0,2.11,2693.0,1525.0,765.3
NMIC,7/24/2026,970.0,990.0,952.0,984.0,1.44,5608.0,1525.0,765.3
NMIC,7/27/2026,961.0,990.0,940.0,940.0,-2.19,3903.0,1525.0,765.3
NMIC,7/28/2026,940.0,949.5,922.0,941.5,0.16,4519.0,1525.0,765.3
NMIC,7/29/2026,932.4,945.0,932.4,938.0,0.6,1591.0,1525.0,765.3
NMIC,7/30/2026,930.1,961.5,922.0,922.0,-0.87,4048.0,1525.0,765.3
NMIC,7/31/2026,915.1,937.0,913.1,925.0,1.08,874.0,1525.0,765.3
NMIC,8/3/2026,925.0,944.0,922.0,930.0,0.54,1902.0,1525.0,765.3
NMIC,8/4/2026,930.0,957.0,910.3,929.0,-0.11,1517.0,1525.0,765.3
NMIC,8/5/2026,901.2,930.0,901.2,928.9,3.07,550.0,1525.0,765.3
NMIC,8/6/2026,928.0,928.0,910.3,913.0,-1.62,3014.0,1525.0,765.3
NMIC,8/7/2026,932.8,932.8,905.1,910.0,-2.44,1872.0,1525.0,765.3
NMIC,8/10/2026,900.0,913.0,894.0,898.0,-0.22,1819.0,1525.0,765.3
NMIC,8/11/2026,919.0,919.0,896.2,906.0,-1.41,4285.0,1525.0,765.3
NMIC,8/12/2026,915.0,915.0,895.6,901.0,-1.53,1137.0,1525.0,765.3
NMIC,8/13/2026,944.4,944.4,866.3,907.0,-3.96,5643.0,1525.0,765.3
NMIC,8/14/2026,900.0,909.0,885.0,900.0,0.0,1831.0,1525.0,765.3
NMIC,8/17/2026,941.1,941.1,884.0,890.0,-5.43,2990.0,1525.0,765.3
NMIC,8/18/2026,916.0,916.0,880.0,887.0,-3.17,1509.0,1525.0,765.3
NMIC,8/19/2026,872.3,890.0,872.1,882.0,1.11,780.0,1525.0,765.3
NMIC,8/20/2026,870.4,890.0,870.4,888.0,2.02,860.0,1525.0,765.3
NMIC,8/21/2026,888.0,888.0,875.0,877.0,-1.24,3415.0,1525.0,765.3
NMIC,8/24/2026,877.0,890.0,863.0,868.0,-1.03,2107.0,1525.0,765.3
NMIC,8/25/2026,868.0,887.0,863.1,865.0,-0.35,1110.0,1525.0,765.3
NMIC,8/26/2026,865.0,865.0,840.0,842.0,-2.66,2689.0,1525.0,765.3
NMIC,8/27/2026,830.0,830.0,787.0,821.0,-1.08,6752.0,1525.0,765.3
NMIC,8/31/2026,800.0,805.0,776.1,790.0,-1.25,4801.0,1525.0,765.3
NMIC,9/1/2026,781.0,798.0,775.0,777.0,-0.51,2617.0,1525.0,765.3
NMIC,9/2/2026,772.0,795.0,771.0,785.0,1.68,880.0,1525.0,765.3
NMIC,9/3/2026,795.0,796.0,773.0,777.0,-2.26,3494.0,1525.0,765.3
NMIC,9/7/2026,777.0,798.0,777.0,793.0,2.06,3305.0,1525.0,765.3
NMIC,9/9/2026,793.0,794.9,785.0,785.0,-1.01,2691.0,1525.0,765.3
NMIC,9/10/2026,765.3,780.0,765.3,776.2,1.42,1314.0,1525.0,765.3
NMIC,9/11/2026,785.0,797.7,780.0,797.7,1.62,3761.0,1525.0,765.3
NMIC,9/14/2026,791.0,828.8,791.0,825.0,4.3,4211.0,1525.0,765.3
NMIC,9/15/2026,860.0,884.5,838.0,865.2,0.6,12797.0,1525.0,765.3
NMIC,9/16/2026,860.0,878.8,820.0,859.9,-0.01,5392.0,1525.0,765.3
NMIC,9/17/2026,860.0,862.0,836.6,836.6,-2.72,4151.0,1525.0,765.3
NMIC,9/18/2026,832.0,852.0,832.0,845.0,1.56,3351.0,1525.0,765.3
NMIC,9/22/2026,850.0,851.1,835.0,836.3,-1.61,4284.0,1525.0,765.3
NMIC,9/23/2026,830.0,840.0,820.0,830.0,0.0,3044.0,1525.0,765.3
NMIC,9/24/2026,820.0,821.9,812.1,821.8,0.22,2815.0,1525.0,765.3
NMIC,9/28/2026,820.0,821.0,804.1,806.5,-1.65,3347.0,1525.0,765.3
NMIC,9/29/2026,800.1,809.0,800.1,0.0,-100.0,500.0,1525.0,765.3
NMIC,9/30/2026,819.0,819.8,795.0,798.1,-2.55,2658.0,1525.0,765.3
NMIC,10/1/2026,778.0,804.0,778.0,796.0,2.31,1549.0,1525.0,765.3
NMIC,10/2/2026,780.1,799.7,780.1,796.0,2.04,870.0,1525.0,765.3
NMLBBL,12/21/2025,643.0,665.0,633.0,645.0,,6365.0,697.6,468.4
NMLBBL,12/22/2025,640.0,642.0,629.0,642.0,-0.47,6401.0,697.6,468.4
NMLBBL,12/23/2025,646.9,650.0,632.0,640.0,-0.31,5279.0,697.6,468.4
NMLBBL,12/24/2025,632.1,643.4,630.8,631.0,-1.41,6710.0,697.6,468.4
NMLBBL,12/28/2025,633.3,642.9,633.0,642.9,1.89,7885.0,697.6,468.4
NMLBBL,12/29/2025,655.4,655.4,633.1,637.9,-0.78,5431.0,697.6,468.4
NMLBBL,12/31/2025,647.0,650.0,634.5,643.0,0.8,7062.0,697.6,468.4
NMLBBL,1/1/2026,649.0,649.0,632.1,639.8,-0.5,5171.0,697.6,468.4
NMLBBL,1/4/2026,649.0,649.0,628.1,636.0,-0.59,1359.0,697.6,468.4
NMLBBL,1/5/2026,636.0,647.1,633.0,633.1,-0.46,3417.0,697.6,468.4
NMLBBL,1/6/2026,640.0,645.0,635.1,639.9,1.07,6888.0,697.6,468.4
NMLBBL,1/7/2026,630.5,659.0,630.5,640.0,0.02,5578.0,697.6,468.4
NMLBBL,1/8/2026,652.6,652.6,628.1,634.2,-0.91,4372.0,697.6,468.4
NMLBBL,1/12/2026,640.0,640.0,630.0,634.0,-0.03,9231.0,697.6,468.4
NMLBBL,1/13/2026,645.0,645.0,622.1,626.0,-1.26,7645.0,697.6,468.4
NMLBBL,1/14/2026,623.1,632.0,620.0,629.5,0.56,8667.0,697.6,468.4
NMLBBL,1/18/2026,622.2,640.0,622.2,640.0,1.67,4811.0,697.6,468.4
NMLBBL,1/20/2026,628.0,651.5,628.0,644.0,0.63,14557.0,697.6,468.4
NMLBBL,1/21/2026,632.1,653.0,632.1,648.0,0.62,10963.0,697.6,468.4
NMLBBL,1/22/2026,636.0,669.9,636.0,669.9,3.38,65392.0,697.6,468.4
NMLBBL,1/25/2026,683.0,683.0,660.0,675.0,0.76,20071.0,697.6,468.4
NMLBBL,1/26/2026,677.0,677.0,665.0,665.0,-1.48,18273.0,697.6,468.4
NMLBBL,1/27/2026,653.0,674.0,653.0,658.9,-0.92,12929.0,697.6,468.4
NMLBBL,1/28/2026,646.0,669.9,646.0,654.0,-0.74,5322.0,697.6,468.4
NMLBBL,1/29/2026,645.0,665.0,645.0,657.5,0.54,18386.0,697.6,468.4
NMLBBL,2/1/2026,646.0,646.1,636.0,637.0,-3.12,13647.0,697.6,468.4
NMLBBL,2/2/2026,626.2,640.0,626.2,640.0,0.47,6340.0,697.6,468.4
NMLBBL,2/3/2026,644.9,644.9,631.0,634.5,-0.86,5502.0,697.6,468.4
NMLBBL,2/4/2026,640.0,640.0,629.1,632.0,-0.39,3864.0,697.6,468.4
NMLBBL,2/5/2026,630.1,635.0,628.2,630.0,-0.32,17083.0,697.6,468.4
NMLBBL,2/8/2026,630.1,643.0,627.5,631.7,0.27,20181.0,697.6,468.4
NMLBBL,2/9/2026,630.0,632.0,624.0,624.0,-1.22,12614.0,697.6,468.4
NMLBBL,2/10/2026,622.0,626.9,615.0,615.0,-1.44,13488.0,697.6,468.4
NMLBBL,2/11/2026,624.0,625.0,619.0,619.0,0.65,8041.0,697.6,468.4
NMLBBL,2/12/2026,627.9,627.9,616.0,622.0,0.48,11686.0,697.6,468.4
NMLBBL,2/16/2026,620.2,625.0,615.0,618.0,-0.64,7018.0,697.6,468.4
NMLBBL,2/17/2026,611.0,617.0,611.0,615.0,-0.49,6024.0,697.6,468.4
NMLBBL,2/22/2026,611.0,611.9,600.0,609.9,-0.83,20757.0,697.6,468.4
NMLBBL,2/23/2026,613.8,614.5,605.0,610.0,0.02,5665.0,697.6,468.4
NMLBBL,2/24/2026,609.0,615.6,609.0,614.0,0.66,8823.0,697.6,468.4
NMLBBL,2/25/2026,620.0,620.0,602.0,611.9,-0.34,15727.0,697.6,468.4
NMLBBL,2/26/2026,616.0,616.0,611.0,615.0,0.51,4787.0,697.6,468.4
NMLBBL,2/27/2026,616.0,616.0,611.0,615.0,0.0,4787.0,697.6,468.4
NMLBBL,2/28/2026,616.0,616.0,611.0,615.0,0.0,4787.0,697.6,468.4
NMLBBL,3/2/2026,603.0,620.0,603.0,620.0,0.81,8420.0,697.6,468.4
NMLBBL,3/3/2026,620.0,625.7,618.0,625.7,0.92,12295.0,697.6,468.4
NMLBBL,3/4/2026,620.0,625.7,618.0,625.7,0.0,12295.0,697.6,468.4
NMLBBL,3/5/2026,620.0,625.7,618.0,625.7,0.0,12295.0,697.6,468.4
NMLBBL,3/6/2026,620.0,625.7,618.0,625.7,0.0,12295.0,697.6,468.4
NMLBBL,3/7/2026,620.0,625.7,618.0,625.7,0.0,12295.0,697.6,468.4
NMLBBL,3/8/2026,620.0,625.7,618.0,625.7,0.0,12295.0,697.6,468.4
NMLBBL,3/9/2026,638.2,651.7,638.2,651.7,4.16,390.0,697.6,468.4
NMLBBL,3/10/2026,664.7,669.0,640.0,669.0,2.65,68382.0,697.6,468.4
NMLBBL,3/11/2026,682.3,682.3,648.4,654.6,-2.15,26630.0,697.6,468.4
NMLBBL,3/12/2026,645.4,655.0,643.0,654.9,0.05,14661.0,697.6,468.4
NMLBBL,3/13/2026,645.4,655.0,643.0,654.9,0.0,14661.0,697.6,468.4
NMLBBL,3/14/2026,645.4,655.0,643.0,654.9,0.0,14661.0,697.6,468.4
NMLBBL,3/15/2026,650.1,651.0,645.2,650.0,-0.75,7154.0,697.6,468.4
NMLBBL,3/16/2026,653.0,657.0,642.5,646.0,-0.62,16611.0,697.6,468.4
NMLBBL,3/17/2026,654.0,654.0,641.0,643.0,-0.46,5590.0,697.6,468.4
NMLBBL,3/18/2026,654.0,654.0,641.0,643.0,0.0,5590.0,697.6,468.4
NMLBBL,3/19/2026,652.0,654.9,645.0,653.8,1.68,23157.0,697.6,468.4
NMLBBL,3/20/2026,652.0,654.9,645.0,653.8,0.0,23157.0,697.6,468.4
NMLBBL,3/21/2026,652.0,654.9,645.0,653.8,0.0,23157.0,697.6,468.4
NMLBBL,3/22/2026,663.0,694.9,658.0,688.9,5.37,140163.0,697.6,468.4
NMLBBL,3/23/2026,690.0,693.8,668.0,679.0,-1.44,41202.0,697.6,468.4
NMLBBL,3/24/2026,670.4,685.0,670.0,685.0,0.88,14382.0,697.6,468.4
NMLBBL,3/25/2026,680.0,680.0,660.0,665.0,-2.92,18911.0,697.6,468.4
NMLBBL,3/26/2026,660.3,670.0,658.0,669.9,1.45,11143.0,697.6,468.4
NMLBBL,3/29/2026,670.0,670.0,635.3,649.0,-3.13,23027.0,697.6,468.4
NMLBBL,3/30/2026,638.1,650.0,631.1,637.0,-0.17,16161.0,697.6,468.4
NMLBBL,3/31/2026,638.0,646.0,620.0,634.0,-0.63,15205.0,697.6,468.4
NMLBBL,4/1/2026,632.0,640.9,618.3,621.0,-1.74,15976.0,697.6,468.4
NMLBBL,4/2/2026,612.2,630.0,611.3,622.0,1.6,15552.0,697.6,468.4
NMLBBL,4/5/2026,614.1,618.8,605.0,605.2,-1.45,17818.0,697.6,468.4
NMLBBL,4/6/2026,606.0,625.0,605.09,618.0,1.98,16593.0,697.6,468.4
NMLBBL,4/7/2026,618.0,624.0,612.0,617.0,-0.16,25722.0,697.6,468.4
NMLBBL,4/8/2026,614.6,626.0,614.6,623.7,1.48,7677.0,697.6,468.4
NMLBBL,4/9/2026,617.2,659.0,617.2,633.0,2.56,13271.0,697.6,468.4
NMLBBL,4/10/2026,639.0,639.0,625.0,632.0,-1.1,7325.0,697.6,468.4
NMLBBL,4/13/2026,624.3,638.7,624.3,635.0,1.71,4571.0,697.6,468.4
NMLBBL,4/15/2026,626.0,642.0,626.0,641.0,2.4,9639.0,697.6,468.4
NMLBBL,4/16/2026,630.0,634.0,622.0,629.0,-0.16,10258.0,697.6,468.4
NMLBBL,4/17/2026,625.0,634.0,616.5,625.0,0.0,7966.0,697.6,468.4
NMLBBL,4/20/2026,619.0,630.0,615.0,625.9,1.11,9340.0,697.6,468.4
NMLBBL,4/21/2026,620.0,630.0,619.0,622.0,0.32,6177.0,697.6,468.4
NMLBBL,4/22/2026,611.4,622.0,611.0,616.5,0.83,5742.0,697.6,468.4
NMLBBL,4/23/2026,609.0,622.9,609.0,614.0,0.82,8760.0,697.6,468.4
NMLBBL,4/24/2026,640.0,640.0,610.1,613.9,-4.08,4507.0,697.6,468.4
NMLBBL,4/27/2026,600.0,620.0,600.0,618.0,3.0,6988.0,697.6,468.4
NMLBBL,4/28/2026,600.0,620.0,600.0,612.4,2.07,6791.0,697.6,468.4
NMLBBL,4/29/2026,612.4,613.9,607.5,607.5,-0.8,6918.0,697.6,468.4
NMLBBL,4/30/2026,603.1,610.8,603.0,610.0,1.14,9293.0,697.6,468.4
NMLBBL,5/4/2026,614.9,614.9,602.1,605.0,-1.61,4394.0,697.6,468.4
NMLBBL,5/5/2026,601.3,610.0,601.3,607.0,0.95,5369.0,697.6,468.4
NMLBBL,5/6/2026,601.5,609.2,601.5,602.4,0.15,2194.0,697.6,468.4
NMLBBL,5/7/2026,608.9,609.0,602.3,609.0,0.02,3430.0,697.6,468.4
NMLBBL,5/8/2026,604.0,614.7,604.0,612.0,1.32,1473.0,697.6,468.4
NMLBBL,5/11/2026,607.0,623.0,607.0,623.0,2.64,6686.0,697.6,468.4
NMLBBL,5/12/2026,620.0,623.0,606.0,606.1,-2.24,8824.0,697.6,468.4
NMLBBL,5/13/2026,606.0,606.09,582.0,591.0,-2.48,26951.0,697.6,468.4
NMLBBL,5/14/2026,598.5,598.5,582.1,588.0,-1.75,9239.0,697.6,468.4
NMLBBL,5/15/2026,580.1,590.0,580.0,588.8,1.5,7014.0,697.6,468.4
NMLBBL,5/18/2026,585.0,585.0,580.3,581.0,-0.68,8303.0,697.6,468.4
NMLBBL,5/19/2026,590.0,594.0,575.1,578.9,-1.88,5156.0,697.6,468.4
NMLBBL,5/20/2026,570.1,590.0,570.1,589.9,3.47,7531.0,697.6,468.4
NMLBBL,5/21/2026,580.0,588.8,580.0,584.0,0.69,4339.0,697.6,468.4
NMLBBL,5/22/2026,573.0,588.2,573.0,588.0,2.62,2725.0,697.6,468.4
NMLBBL,5/25/2026,571.0,594.0,571.0,594.0,4.03,5948.0,697.6,468.4
NMLBBL,5/26/2026,585.0,600.0,585.0,588.0,0.51,5150.0,697.6,468.4
NMLBBL,5/27/2026,586.1,595.0,581.0,590.0,0.67,7313.0,697.6,468.4
NMLBBL,6/1/2026,595.0,595.0,580.0,585.0,-1.68,4054.0,697.6,468.4
NMLBBL,6/2/2026,585.0,596.0,580.0,594.0,1.54,13801.0,697.6,468.4
NMLBBL,6/3/2026,565.0,605.0,565.0,599.0,6.02,9033.0,697.6,468.4
NMLBBL,6/4/2026,581.5,605.0,581.5,592.0,1.81,6055.0,697.6,468.4
NMLBBL,6/5/2026,583.1,596.9,583.1,595.9,2.2,4295.0,697.6,468.4
NMLBBL,6/8/2026,587.0,594.0,586.0,590.0,0.51,2032.0,697.6,468.4
NMLBBL,6/9/2026,580.0,589.0,576.1,585.0,0.86,5884.0,697.6,468.4
NMLBBL,6/10/2026,580.0,591.9,580.0,589.0,1.55,3876.0,697.6,468.4
NMLBBL,6/11/2026,586.0,590.0,581.0,586.8,0.14,4686.0,697.6,468.4
NMLBBL,6/12/2026,580.0,585.0,577.0,580.5,0.09,4009.0,697.6,468.4
NMLBBL,6/15/2026,575.1,591.0,574.0,581.8,1.17,4056.0,697.6,468.4
NMLBBL,6/16/2026,580.0,585.0,572.0,580.0,0.0,2238.0,697.6,468.4
NMLBBL,6/17/2026,580.0,584.0,577.1,578.0,-0.34,2806.0,697.6,468.4
NMLBBL,6/18/2026,575.1,580.0,573.0,576.8,0.3,4371.0,697.6,468.4
NMLBBL,6/19/2026,605.0,605.0,566.0,576.0,-4.79,6002.0,697.6,468.4
NMLBBL,6/22/2026,575.0,577.0,573.1,576.0,0.17,1445.0,697.6,468.4
NMLBBL,6/23/2026,570.0,575.0,569.0,570.0,0.0,1836.0,697.6,468.4
NMLBBL,6/24/2026,565.1,566.0,560.1,565.0,-0.02,3778.0,697.6,468.4
NMLBBL,6/26/2026,574.0,574.0,559.0,560.0,-2.44,2854.0,697.6,468.4
NMLBBL,6/29/2026,559.0,559.4,550.2,550.4,-1.54,6402.0,697.6,468.4
NMLBBL,6/30/2026,558.0,558.0,541.1,546.6,-2.04,7457.0,697.6,468.4
NMLBBL,7/1/2026,542.0,553.9,541.0,548.0,1.11,4556.0,697.6,468.4
NMLBBL,7/2/2026,545.0,552.0,541.0,552.0,1.28,6560.0,697.6,468.4
NMLBBL,7/3/2026,552.0,553.0,540.0,552.0,0.0,7023.0,697.6,468.4
NMLBBL,7/6/2026,542.0,559.0,538.0,543.0,0.18,4025.0,697.6,468.4
NMLBBL,7/7/2026,545.0,554.9,540.1,553.9,1.63,5680.0,697.6,468.4
NMLBBL,7/8/2026,545.0,545.1,531.1,541.0,-0.73,8458.0,697.6,468.4
NMLBBL,7/9/2026,549.0,549.0,525.0,525.0,-4.37,7387.0,697.6,468.4
NMLBBL,7/10/2026,535.0,544.0,525.0,531.2,-0.71,6390.0,697.6,468.4
NMLBBL,7/13/2026,522.1,535.0,522.1,528.0,1.13,5471.0,697.6,468.4
NMLBBL,7/14/2026,528.0,528.0,496.1,526.0,-0.38,9110.0,697.6,468.4
NMLBBL,7/15/2026,533.0,535.0,526.1,527.0,-1.13,935.0,697.6,468.4
NMLBBL,7/16/2026,520.0,534.9,504.4,534.9,2.87,9491.0,697.6,468.4
NMLBBL,7/17/2026,535.0,545.0,525.0,544.0,1.68,8160.0,697.6,468.4
NMLBBL,7/20/2026,557.0,557.0,540.0,553.0,-0.72,4360.0,697.6,468.4
NMLBBL,7/21/2026,562.5,562.5,544.1,552.0,-1.87,5746.0,697.6,468.4
NMLBBL,7/22/2026,537.0,550.0,535.0,545.0,1.49,5611.0,697.6,468.4
NMLBBL,7/23/2026,531.0,545.0,530.0,545.0,2.64,4896.0,697.6,468.4
NMLBBL,7/24/2026,550.9,550.9,536.2,545.9,-0.91,3140.0,697.6,468.4
NMLBBL,7/27/2026,545.0,545.0,533.0,543.8,-0.22,8804.0,697.6,468.4
NMLBBL,7/28/2026,541.0,542.0,532.0,532.2,-1.63,2189.0,697.6,468.4
NMLBBL,7/29/2026,531.0,534.0,525.0,530.1,-0.17,6400.0,697.6,468.4
NMLBBL,7/30/2026,515.0,530.0,515.0,520.0,0.97,8584.0,697.6,468.4
NMLBBL,7/31/2026,530.0,530.0,516.0,522.0,-1.51,6495.0,697.6,468.4
NMLBBL,8/3/2026,520.0,531.0,516.0,523.9,0.75,4606.0,697.6,468.4
NMLBBL,8/4/2026,515.6,520.0,494.7,515.0,-0.12,15443.0,697.6,468.4
NMLBBL,8/5/2026,514.0,515.0,510.0,512.3,-0.33,5250.0,697.6,468.4
NMLBBL,8/6/2026,512.0,528.0,511.0,516.0,0.78,13451.0,697.6,468.4
NMLBBL,8/7/2026,525.6,525.6,510.0,515.1,-2.0,6361.0,697.6,468.4
NMLBBL,8/10/2026,540.8,540.8,511.0,519.9,-3.86,5609.0,697.6,468.4
NMLBBL,8/11/2026,520.0,526.0,515.2,519.0,-0.19,5696.0,697.6,468.4
NMLBBL,8/12/2026,519.0,520.0,513.6,514.0,-0.96,2671.0,697.6,468.4
NMLBBL,8/13/2026,519.0,520.0,510.7,520.0,0.19,2106.0,697.6,468.4
NMLBBL,8/14/2026,512.6,514.0,509.0,512.0,-0.12,4769.0,697.6,468.4
NMLBBL,8/17/2026,520.0,520.0,501.1,502.0,-3.46,7815.0,697.6,468.4
NMLBBL,8/18/2026,501.1,504.0,496.1,500.0,-0.22,7092.0,697.6,468.4
NMLBBL,8/19/2026,500.0,505.0,500.0,505.0,1.0,4874.0,697.6,468.4
NMLBBL,8/20/2026,499.7,502.0,495.1,500.0,0.06,3977.0,697.6,468.4
NMLBBL,8/21/2026,491.0,500.0,491.0,494.5,0.71,4327.0,697.6,468.4
NMLBBL,8/24/2026,494.5,494.5,488.0,492.0,-0.51,10681.0,697.6,468.4
NMLBBL,8/25/2026,495.0,499.0,488.0,491.9,-0.63,6089.0,697.6,468.4
NMLBBL,8/26/2026,493.0,493.0,482.2,490.0,-0.61,1895.0,697.6,468.4
NMLBBL,8/27/2026,490.0,497.0,475.4,490.0,0.0,6588.0,697.6,468.4
NMLBBL,8/31/2026,485.0,485.0,470.6,477.0,-1.65,3251.0,697.6,468.4
NMLBBL,9/1/2026,483.0,485.0,475.0,479.9,-0.64,8965.0,697.6,468.4
NMLBBL,9/2/2026,475.0,481.7,468.4,481.5,1.37,2607.0,697.6,468.4
NMLBBL,9/3/2026,475.6,485.0,475.0,484.0,1.77,817.0,697.6,468.4
NMLBBL,9/7/2026,485.0,498.0,485.0,488.0,0.62,2896.0,697.6,468.4
NMLBBL,9/9/2026,497.9,497.9,475.0,485.0,-2.59,5347.0,697.6,468.4
NMLBBL,9/10/2026,481.1,481.1,473.5,478.0,-0.64,2513.0,697.6,468.4
NMLBBL,9/11/2026,485.0,511.9,469.0,497.0,2.47,14672.0,697.6,468.4
NMLBBL,9/14/2026,499.0,505.0,490.8,502.4,0.68,3379.0,697.6,468.4
NMLBBL,9/15/2026,527.0,527.0,500.5,512.0,-2.85,11316.0,697.6,468.4
NMLBBL,9/16/2026,500.1,513.0,490.0,504.9,0.96,6169.0,697.6,468.4
NMLBBL,9/17/2026,504.1,513.9,494.0,499.7,-0.87,6707.0,697.6,468.4
NMLBBL,9/18/2026,495.0,506.0,495.0,506.0,2.22,7629.0,697.6,468.4
NMLBBL,9/22/2026,518.7,518.7,503.1,516.0,-0.52,11339.0,697.6,468.4
NMLBBL,9/23/2026,511.9,513.0,503.0,503.0,-1.74,14611.0,697.6,468.4
NMLBBL,9/24/2026,477.9,509.0,477.9,509.0,6.51,3618.0,697.6,468.4
NMLBBL,9/28/2026,497.0,501.2,497.0,498.0,0.2,2192.0,697.6,468.4
NMLBBL,9/29/2026,498.0,499.9,490.0,0.0,-100.0,3911.0,697.6,468.4
NMLBBL,9/30/2026,481.6,495.0,481.6,495.0,2.78,2632.0,697.6,468.4
NMLBBL,10/1/2026,495.0,510.0,488.0,507.7,2.57,24280.0,697.6,468.4
NMLBBL,10/2/2026,496.0,505.0,496.0,497.2,0.24,613.0,697.6,468.4
NMLBBLP,4/8/2026,334.0,334.0,334.0,334.0,0.0,4500.0,366.1,334.0
NRIC,12/21/2025,1242.1,1251.9,1230.2,1239.4,,34538.0,1465.0,765.9
NRIC,12/22/2025,1230.0,1244.9,1223.0,1225.0,-1.16,18545.0,1465.0,765.9
NRIC,12/23/2025,1220.0,1246.0,1219.0,1234.4,0.77,19030.0,1465.0,765.9
NRIC,12/24/2025,1249.0,1249.0,1227.0,1231.0,-0.28,18419.0,1465.0,765.9
NRIC,12/28/2025,1255.0,1285.0,1237.0,1279.5,3.94,64414.0,1465.0,765.9
NRIC,12/29/2025,1280.0,1290.0,1255.9,1261.5,-1.41,25923.0,1465.0,765.9
NRIC,12/31/2025,1275.0,1286.0,1256.0,1259.0,-0.2,49295.0,1465.0,765.9
NRIC,1/1/2026,1270.0,1270.0,1245.6,1262.0,0.24,39349.0,1465.0,765.9
NRIC,1/4/2026,1269.9,1277.9,1247.0,1253.0,-0.71,53180.0,1465.0,765.9
NRIC,1/5/2026,1265.9,1288.0,1255.0,1273.9,1.67,71747.0,1465.0,765.9
NRIC,1/6/2026,1280.0,1312.0,1277.0,1297.1,1.82,98406.0,1465.0,765.9
NRIC,1/7/2026,1285.0,1310.0,1280.1,1294.0,-0.24,53005.0,1465.0,765.9
NRIC,1/8/2026,1300.0,1300.0,1281.0,1286.0,-0.62,31889.0,1465.0,765.9
NRIC,1/12/2026,1284.0,1304.8,1275.0,1279.0,-0.54,42004.0,1465.0,765.9
NRIC,1/13/2026,1290.0,1315.0,1272.0,1312.0,2.58,97787.0,1465.0,765.9
NRIC,1/14/2026,1312.0,1336.0,1299.0,1311.0,-0.08,45213.0,1465.0,765.9
NRIC,1/18/2026,1320.0,1324.0,1295.0,1305.0,-0.46,64519.0,1465.0,765.9
NRIC,1/20/2026,1327.0,1345.0,1300.0,1313.2,0.63,119056.0,1465.0,765.9
NRIC,1/21/2026,1325.0,1331.5,1305.0,1313.0,-0.02,70734.0,1465.0,765.9
NRIC,1/22/2026,1315.0,1322.0,1305.0,1314.0,0.08,42882.0,1465.0,765.9
NRIC,1/25/2026,1314.0,1346.0,1303.0,1329.0,1.14,76666.0,1465.0,765.9
NRIC,1/26/2026,1348.0,1348.0,1305.0,1312.0,-1.28,62396.0,1465.0,765.9
NRIC,1/27/2026,1313.2,1320.0,1280.1,1281.0,-2.36,87770.0,1465.0,765.9
NRIC,1/28/2026,1286.1,1308.0,1271.1,1290.0,0.7,54427.0,1465.0,765.9
NRIC,1/29/2026,1309.9,1309.9,1275.0,1277.0,-1.01,50699.0,1465.0,765.9
NRIC,2/1/2026,1277.0,1290.0,1259.0,1270.0,-0.55,36248.0,1465.0,765.9
NRIC,2/2/2026,1245.0,1290.0,1245.0,1261.0,-0.71,71490.0,1465.0,765.9
NRIC,2/3/2026,1235.9,1280.0,1235.9,1250.0,-0.87,75855.0,1465.0,765.9
NRIC,2/4/2026,1225.0,1260.0,1200.6,1239.0,-0.88,80030.0,1465.0,765.9
NRIC,2/5/2026,1249.0,1310.0,1225.0,1285.0,3.71,169369.0,1465.0,765.9
NRIC,2/8/2026,1310.0,1341.0,1291.0,1319.9,2.72,196139.0,1465.0,765.9
NRIC,2/9/2026,1323.0,1324.9,1262.0,1275.0,-3.4,74048.0,1465.0,765.9
NRIC,2/10/2026,1265.2,1296.8,1263.0,1266.0,-0.71,31673.0,1465.0,765.9
NRIC,2/11/2026,1291.3,1291.3,1251.0,1263.0,-0.24,46895.0,1465.0,765.9
NRIC,2/12/2026,1288.2,1288.2,1246.0,1252.0,-0.87,41236.0,1465.0,765.9
NRIC,2/16/2026,1277.0,1277.0,1240.0,1249.0,-0.24,49201.0,1465.0,765.9
NRIC,2/17/2026,1272.0,1272.0,1236.1,1240.0,-0.72,41129.0,1465.0,765.9
NRIC,2/22/2026,1242.0,1242.0,1215.0,1225.0,-1.21,66329.0,1465.0,765.9
NRIC,2/23/2026,1215.1,1230.0,1210.0,1217.5,-0.61,44202.0,1465.0,765.9
NRIC,2/24/2026,1215.0,1229.0,1215.0,1220.0,0.21,69551.0,1465.0,765.9
NRIC,2/25/2026,1230.0,1244.0,1222.3,1227.0,0.57,13935.0,1465.0,765.9
NRIC,2/26/2026,1251.5,1251.5,1220.5,1222.0,-0.41,22131.0,1465.0,765.9
NRIC,2/27/2026,1251.5,1251.5,1220.5,1222.0,0.0,22131.0,1465.0,765.9
NRIC,2/28/2026,1251.5,1251.5,1220.5,1222.0,0.0,22131.0,1465.0,765.9
NRIC,3/2/2026,1246.4,1246.4,1205.4,1227.0,0.41,32541.0,1465.0,765.9
NRIC,3/3/2026,1251.5,1251.5,1227.0,1250.0,1.87,23948.0,1465.0,765.9
NRIC,3/4/2026,1251.5,1251.5,1227.0,1250.0,0.0,23948.0,1465.0,765.9
NRIC,3/5/2026,1251.5,1251.5,1227.0,1250.0,0.0,23948.0,1465.0,765.9
NRIC,3/6/2026,1251.5,1251.5,1227.0,1250.0,0.0,23948.0,1465.0,765.9
NRIC,3/7/2026,1251.5,1251.5,1227.0,1250.0,0.0,23948.0,1465.0,765.9
NRIC,3/8/2026,1251.5,1251.5,1227.0,1250.0,0.0,23948.0,1465.0,765.9
NRIC,3/9/2026,1275.0,1352.0,1275.0,1340.0,7.2,12865.0,1465.0,765.9
NRIC,3/10/2026,1340.0,1340.0,1280.0,1299.0,-3.06,101100.0,1465.0,765.9
NRIC,3/11/2026,1300.1,1310.0,1261.0,1273.0,-2.0,39529.0,1465.0,765.9
NRIC,3/12/2026,1261.0,1284.8,1240.0,1251.0,-1.73,104262.0,1465.0,765.9
NRIC,3/13/2026,1261.0,1284.8,1240.0,1251.0,0.0,104262.0,1465.0,765.9
NRIC,3/14/2026,1261.0,1284.8,1240.0,1251.0,0.0,104262.0,1465.0,765.9
NRIC,3/15/2026,1253.0,1272.0,1250.0,1257.0,0.48,34883.0,1465.0,765.9
NRIC,3/16/2026,1258.0,1269.0,1238.1,1242.0,-1.19,76151.0,1465.0,765.9
NRIC,3/17/2026,1265.9,1266.0,1235.0,1243.9,0.15,44740.0,1465.0,765.9
NRIC,3/18/2026,1265.9,1266.0,1235.0,1243.9,0.0,44740.0,1465.0,765.9
NRIC,3/19/2026,1268.7,1286.0,1243.9,1279.8,2.89,83791.0,1465.0,765.9
NRIC,3/20/2026,1268.7,1286.0,1243.9,1279.8,0.0,83791.0,1465.0,765.9
NRIC,3/21/2026,1268.7,1286.0,1243.9,1279.8,0.0,83791.0,1465.0,765.9
NRIC,3/22/2026,1300.0,1300.0,1275.0,1288.0,0.64,71116.0,1465.0,765.9
NRIC,3/23/2026,1300.0,1303.0,1275.0,1295.0,0.54,80180.0,1465.0,765.9
NRIC,3/24/2026,1295.1,1295.1,1275.3,1284.3,-0.83,53374.0,1465.0,765.9
NRIC,3/25/2026,1300.0,1300.0,1265.0,1267.8,-1.28,55588.0,1465.0,765.9
NRIC,3/26/2026,1268.0,1278.0,1261.0,1269.0,0.08,40652.0,1465.0,765.9
NRIC,3/29/2026,1275.0,1280.0,1225.0,1230.0,-3.53,84329.0,1465.0,765.9
NRIC,3/30/2026,1234.0,1240.1,1188.6,1193.0,-3.32,142227.0,1465.0,765.9
NRIC,3/31/2026,1193.0,1200.0,1146.0,1179.0,-1.17,137011.0,1465.0,765.9
NRIC,4/1/2026,1155.5,1155.5,1061.1,1063.0,-8.01,393298.0,1465.0,765.9
NRIC,4/2/2026,1060.0,1124.0,1030.0,1071.0,1.04,151036.0,1465.0,765.9
NRIC,4/5/2026,1050.0,1060.0,963.9,968.0,-7.81,203378.0,1465.0,765.9
NRIC,4/6/2026,950.0,1015.0,950.0,990.0,4.21,140927.0,1465.0,765.9
NRIC,4/7/2026,990.0,1031.0,990.0,1009.9,2.01,94913.0,1465.0,765.9
NRIC,4/8/2026,1020.0,1025.0,980.0,1014.0,-0.59,83543.0,1465.0,765.9
NRIC,4/9/2026,1020.0,1080.0,999.5,1068.0,4.71,115751.0,1465.0,765.9
NRIC,4/10/2026,1079.0,1079.0,1020.0,1040.0,-3.61,88515.0,1465.0,765.9
NRIC,4/13/2026,1040.0,1040.0,1006.0,1014.7,-2.43,63825.0,1465.0,765.9
NRIC,4/15/2026,1024.0,1024.0,1000.0,1011.0,-1.27,61598.0,1465.0,765.9
NRIC,4/16/2026,1001.0,1010.0,960.0,972.5,-2.85,185865.0,1465.0,765.9
NRIC,4/17/2026,953.2,990.0,953.2,987.9,3.64,35790.0,1465.0,765.9
NRIC,4/20/2026,938.6,1007.0,938.6,975.0,3.88,39217.0,1465.0,765.9
NRIC,4/21/2026,975.1,984.0,955.0,958.9,-1.66,44217.0,1465.0,765.9
NRIC,4/22/2026,958.9,965.0,915.0,959.0,0.01,113177.0,1465.0,765.9
NRIC,4/23/2026,960.0,965.0,932.0,941.1,-1.97,26085.0,1465.0,765.9
NRIC,4/24/2026,988.1,988.1,887.0,917.0,-7.2,140081.0,1465.0,765.9
NRIC,4/27/2026,917.0,919.0,892.0,900.0,-1.85,34152.0,1465.0,765.9
NRIC,4/28/2026,900.0,920.0,899.1,910.0,1.11,45144.0,1465.0,765.9
NRIC,4/29/2026,910.0,915.0,890.0,898.0,-1.32,39031.0,1465.0,765.9
NRIC,4/30/2026,885.1,900.0,880.0,880.6,-0.51,39461.0,1465.0,765.9
NRIC,5/4/2026,881.0,889.5,873.0,873.4,-0.86,25767.0,1465.0,765.9
NRIC,5/5/2026,873.1,889.7,865.0,878.0,0.56,24273.0,1465.0,765.9
NRIC,5/6/2026,878.0,887.0,875.1,877.0,-0.11,15069.0,1465.0,765.9
NRIC,5/7/2026,875.0,889.0,872.0,886.0,1.26,26830.0,1465.0,765.9
NRIC,5/8/2026,900.0,900.0,877.0,898.0,-0.22,23454.0,1465.0,765.9
NRIC,5/11/2026,901.0,922.6,901.0,921.9,2.32,22773.0,1465.0,765.9
NRIC,5/12/2026,926.0,939.0,905.3,909.0,-1.84,25023.0,1465.0,765.9
NRIC,5/13/2026,919.0,919.0,900.0,905.0,-1.52,14340.0,1465.0,765.9
NRIC,5/14/2026,902.0,902.1,870.0,890.0,-1.33,22546.0,1465.0,765.9
NRIC,5/15/2026,890.0,903.0,882.2,889.0,-0.11,13580.0,1465.0,765.9
NRIC,5/18/2026,933.1,933.1,882.0,896.0,-3.98,9573.0,1465.0,765.9
NRIC,5/19/2026,888.0,900.0,888.0,895.0,0.79,10200.0,1465.0,765.9
NRIC,5/20/2026,902.0,908.9,895.0,908.8,0.75,14304.0,1465.0,765.9
NRIC,5/21/2026,954.2,954.2,905.2,911.9,-4.43,9806.0,1465.0,765.9
NRIC,5/22/2026,915.0,915.0,902.5,908.1,-0.75,13007.0,1465.0,765.9
NRIC,5/25/2026,914.1,924.7,911.0,920.5,0.7,10494.0,1465.0,765.9
NRIC,5/26/2026,921.0,924.0,910.0,916.8,-0.46,14196.0,1465.0,765.9
NRIC,5/27/2026,922.0,922.0,905.6,911.0,-1.19,16816.0,1465.0,765.9
NRIC,6/1/2026,956.5,1047.6,953.0,1047.6,9.52,361857.0,1465.0,765.9
NRIC,6/2/2026,1047.6,1200.0,1047.6,1146.5,9.44,239257.0,1465.0,765.9
NRIC,6/3/2026,1180.0,1180.0,1070.0,1087.1,-7.87,195104.0,1465.0,765.9
NRIC,6/4/2026,1040.0,1129.0,1040.0,1085.0,4.33,158253.0,1465.0,765.9
NRIC,6/5/2026,1085.0,1099.9,1055.0,1070.0,-1.38,59901.0,1465.0,765.9
NRIC,6/8/2026,1070.0,1070.0,1030.0,1044.0,-2.43,67366.0,1465.0,765.9
NRIC,6/9/2026,1040.0,1098.0,1009.0,1056.9,1.63,124219.0,1465.0,765.9
NRIC,6/10/2026,1056.0,1080.0,1050.0,1060.0,0.38,51840.0,1465.0,765.9
NRIC,6/11/2026,1060.0,1069.0,1038.0,1038.1,-2.07,27860.0,1465.0,765.9
NRIC,6/12/2026,1040.0,1065.6,1021.2,1042.0,0.19,72632.0,1465.0,765.9
NRIC,6/15/2026,989.9,1034.9,989.9,999.0,0.92,116397.0,1465.0,765.9
NRIC,6/16/2026,990.0,1001.9,990.0,1000.0,1.01,38436.0,1465.0,765.9
NRIC,6/17/2026,1050.0,1050.0,990.0,996.0,-5.14,29438.0,1465.0,765.9
NRIC,6/18/2026,1001.0,1001.3,971.0,974.0,-2.7,56050.0,1465.0,765.9
NRIC,6/19/2026,975.0,984.9,957.1,968.0,-0.72,38289.0,1465.0,765.9
NRIC,6/22/2026,980.0,990.0,962.0,969.0,-1.12,25264.0,1465.0,765.9
NRIC,6/23/2026,969.0,979.9,960.0,965.3,-0.38,19252.0,1465.0,765.9
NRIC,6/24/2026,918.0,985.0,918.0,958.5,4.41,27800.0,1465.0,765.9
NRIC,6/26/2026,955.0,965.0,944.1,947.8,-0.75,18724.0,1465.0,765.9
NRIC,6/29/2026,940.0,951.0,915.0,942.0,0.21,29106.0,1465.0,765.9
NRIC,6/30/2026,935.0,942.0,916.0,919.0,-1.71,25082.0,1465.0,765.9
NRIC,7/1/2026,920.0,955.0,920.0,944.0,2.61,20583.0,1465.0,765.9
NRIC,7/2/2026,955.0,955.0,935.0,939.0,-1.68,10924.0,1465.0,765.9
NRIC,7/3/2026,948.0,954.9,935.5,940.0,-0.84,40862.0,1465.0,765.9
NRIC,7/6/2026,940.0,949.7,930.0,932.1,-0.84,7402.0,1465.0,765.9
NRIC,7/7/2026,930.0,960.0,930.0,953.0,2.47,31322.0,1465.0,765.9
NRIC,7/8/2026,945.0,952.0,934.9,935.1,-1.05,16006.0,1465.0,765.9
NRIC,7/9/2026,940.0,950.0,935.8,940.0,0.0,19948.0,1465.0,765.9
NRIC,7/10/2026,940.0,959.9,935.0,937.9,-0.22,15390.0,1465.0,765.9
NRIC,7/13/2026,957.0,993.0,920.1,925.0,-3.34,37262.0,1465.0,765.9
NRIC,7/14/2026,921.0,939.8,910.0,924.0,0.33,19799.0,1465.0,765.9
NRIC,7/15/2026,965.0,965.0,920.1,925.0,-4.15,36726.0,1465.0,765.9
NRIC,7/16/2026,971.0,971.0,920.0,923.0,-4.94,22497.0,1465.0,765.9
NRIC,7/17/2026,950.0,968.0,933.4,961.0,1.16,35033.0,1465.0,765.9
NRIC,7/20/2026,913.0,1003.0,913.0,1000.0,9.53,62179.0,1465.0,765.9
NRIC,7/21/2026,1030.0,1036.0,988.6,1018.0,-1.17,82944.0,1465.0,765.9
NRIC,7/22/2026,1000.0,1019.0,991.1,1007.1,0.71,34488.0,1465.0,765.9
NRIC,7/23/2026,1000.0,1008.0,990.0,996.0,-0.4,29266.0,1465.0,765.9
NRIC,7/24/2026,990.0,995.0,960.0,986.0,-0.4,61419.0,1465.0,765.9
NRIC,7/27/2026,986.0,995.0,960.3,968.0,-1.83,39329.0,1465.0,765.9
NRIC,7/28/2026,1016.4,1016.4,951.0,953.0,-6.24,15784.0,1465.0,765.9
NRIC,7/29/2026,979.0,979.0,951.0,952.0,-2.76,15261.0,1465.0,765.9
NRIC,7/30/2026,950.0,960.0,941.0,945.0,-0.53,13744.0,1465.0,765.9
NRIC,7/31/2026,950.0,1030.0,930.0,970.0,2.11,41920.0,1465.0,765.9
NRIC,8/3/2026,970.0,979.9,951.8,956.0,-1.44,21392.0,1465.0,765.9
NRIC,8/4/2026,960.0,960.0,930.0,930.0,-3.12,26361.0,1465.0,765.9
NRIC,8/5/2026,930.0,945.0,928.0,937.0,0.75,29051.0,1465.0,765.9
NRIC,8/6/2026,940.0,948.0,930.0,938.9,-0.12,16972.0,1465.0,765.9
NRIC,8/7/2026,935.0,939.0,920.0,932.0,-0.32,7177.0,1465.0,765.9
NRIC,8/10/2026,930.0,940.0,920.1,929.0,-0.11,10394.0,1465.0,765.9
NRIC,8/11/2026,883.0,950.0,883.0,927.0,4.98,13077.0,1465.0,765.9
NRIC,8/12/2026,927.0,940.0,918.0,922.0,-0.54,10977.0,1465.0,765.9
NRIC,8/13/2026,939.9,939.9,916.1,926.0,-1.48,9394.0,1465.0,765.9
NRIC,8/14/2026,930.0,930.0,917.2,918.0,-1.29,17583.0,1465.0,765.9
NRIC,8/17/2026,916.4,929.7,904.1,912.0,-0.48,15801.0,1465.0,765.9
NRIC,8/18/2026,912.0,917.9,900.0,905.0,-0.77,19895.0,1465.0,765.9
NRIC,8/19/2026,905.0,912.0,899.0,911.0,0.66,15465.0,1465.0,765.9
NRIC,8/20/2026,900.2,917.9,898.1,906.0,0.64,16137.0,1465.0,765.9
NRIC,8/21/2026,906.0,912.0,897.0,902.0,-0.44,17663.0,1465.0,765.9
NRIC,8/24/2026,898.0,902.0,890.0,893.8,-0.47,28572.0,1465.0,765.9
NRIC,8/25/2026,893.0,899.0,887.0,887.0,-0.67,11956.0,1465.0,765.9
NRIC,8/26/2026,886.0,895.0,865.0,869.8,-1.83,43920.0,1465.0,765.9
NRIC,8/27/2026,865.0,869.0,845.0,851.0,-1.62,18548.0,1465.0,765.9
NRIC,8/31/2026,851.0,851.0,788.0,793.0,-6.82,55459.0,1465.0,765.9
NRIC,9/1/2026,790.0,811.0,780.0,795.0,0.63,39897.0,1465.0,765.9
NRIC,9/2/2026,795.0,810.0,790.0,806.0,1.38,11164.0,1465.0,765.9
NRIC,9/3/2026,830.0,830.0,795.2,800.0,-3.61,8425.0,1465.0,765.9
NRIC,9/7/2026,800.1,818.0,798.0,805.0,0.61,15042.0,1465.0,765.9
NRIC,9/9/2026,810.0,810.0,795.0,799.0,-1.36,15764.0,1465.0,765.9
NRIC,9/10/2026,798.0,803.3,780.0,791.6,-0.8,9113.0,1465.0,765.9
NRIC,9/11/2026,787.0,798.0,787.0,797.0,1.27,11135.0,1465.0,765.9
NRIC,9/14/2026,815.0,825.0,800.0,818.0,0.37,37803.0,1465.0,765.9
NRIC,9/15/2026,858.0,870.0,825.0,844.5,-1.57,36969.0,1465.0,765.9
NRIC,9/16/2026,855.0,855.9,820.0,840.0,-1.75,30687.0,1465.0,765.9
NRIC,9/17/2026,865.0,865.0,830.0,837.0,-3.24,14433.0,1465.0,765.9
NRIC,9/18/2026,830.0,847.9,822.0,832.9,0.35,13517.0,1465.0,765.9
NRIC,9/22/2026,840.0,848.0,820.2,832.0,-0.95,16729.0,1465.0,765.9
NRIC,9/23/2026,873.6,873.6,799.0,820.0,-6.14,13389.0,1465.0,765.9
NRIC,9/24/2026,800.0,847.0,800.0,817.0,2.12,9161.0,1465.0,765.9
NRIC,9/28/2026,817.0,820.0,805.3,806.2,-1.32,15031.0,1465.0,765.9
NRIC,9/29/2026,765.9,817.9,765.9,0.0,-100.0,8841.0,1465.0,765.9
NRIC,9/30/2026,805.0,808.0,799.0,806.0,0.12,7239.0,1465.0,765.9
NRIC,10/1/2026,800.1,809.4,795.5,803.0,0.36,12529.0,1465.0,765.9
NRIC,10/2/2026,795.0,809.0,795.0,802.9,0.99,7833.0,1465.0,765.9
NRM,12/21/2025,415.5,431.0,415.5,420.9,,20610.0,470.0,270.9
NRM,12/22/2025,418.0,425.0,415.1,416.2,-1.12,8545.0,470.0,270.9
NRM,12/23/2025,414.5,425.0,413.0,423.9,1.85,24890.0,470.0,270.9
NRM,12/24/2025,418.0,421.0,415.6,417.0,-1.63,22502.0,470.0,270.9
NRM,12/28/2025,419.0,425.9,419.0,423.0,1.44,22964.0,470.0,270.9
NRM,12/29/2025,430.0,430.0,417.1,419.0,-0.95,11533.0,470.0,270.9
NRM,12/31/2025,416.0,425.0,412.1,417.3,-0.41,16397.0,470.0,270.9
NRM,1/1/2026,417.0,425.0,414.1,414.8,-0.6,18564.0,470.0,270.9
NRM,1/4/2026,412.0,419.0,412.0,416.0,0.29,15508.0,470.0,270.9
NRM,1/5/2026,413.1,440.0,413.1,435.0,4.57,85320.0,470.0,270.9
NRM,1/6/2026,443.5,469.0,430.0,458.0,5.29,167235.0,470.0,270.9
NRM,1/7/2026,450.0,460.0,437.0,440.0,-3.93,52182.0,470.0,270.9
NRM,1/8/2026,438.0,448.0,438.0,446.9,1.57,22579.0,470.0,270.9
NRM,1/12/2026,440.1,448.4,431.0,433.0,-3.11,76062.0,470.0,270.9
NRM,1/13/2026,424.4,453.9,424.4,447.9,3.44,76294.0,470.0,270.9
NRM,1/14/2026,448.0,453.0,434.0,438.5,-2.1,36805.0,470.0,270.9
NRM,1/18/2026,445.0,452.0,440.0,448.0,2.17,42209.0,470.0,270.9
NRM,1/20/2026,448.0,460.0,447.0,456.9,1.99,54557.0,470.0,270.9
NRM,1/21/2026,447.8,462.0,442.1,442.1,-3.24,48402.0,470.0,270.9
NRM,1/22/2026,438.0,451.2,438.0,445.0,0.66,57377.0,470.0,270.9
NRM,1/25/2026,436.5,462.7,436.5,458.0,2.92,74678.0,470.0,270.9
NRM,1/26/2026,461.0,463.0,444.0,452.9,-1.11,65749.0,470.0,270.9
NRM,1/27/2026,443.9,458.9,438.0,444.0,-1.97,63421.0,470.0,270.9
NRM,1/28/2026,440.0,452.0,438.0,446.2,0.5,36375.0,470.0,270.9
NRM,1/29/2026,443.0,460.0,441.7,442.2,-0.9,57756.0,470.0,270.9
NRM,2/1/2026,445.0,448.9,440.0,440.0,-0.5,25460.0,470.0,270.9
NRM,2/2/2026,431.2,446.6,431.2,435.0,-1.14,25596.0,470.0,270.9
NRM,2/3/2026,435.0,440.0,427.0,431.0,-0.92,38839.0,470.0,270.9
NRM,2/4/2026,435.0,438.0,425.5,427.0,-0.93,26929.0,470.0,270.9
NRM,2/5/2026,427.0,452.0,426.0,439.0,2.81,36807.0,470.0,270.9
NRM,2/8/2026,431.0,447.7,431.0,433.0,-1.37,29994.0,470.0,270.9
NRM,2/9/2026,431.0,439.6,426.0,426.0,-1.62,38522.0,470.0,270.9
NRM,2/10/2026,426.0,434.0,424.3,427.5,0.35,25804.0,470.0,270.9
NRM,2/11/2026,428.0,430.3,422.0,422.0,-1.29,30195.0,470.0,270.9
NRM,2/12/2026,430.4,430.4,420.0,425.0,0.71,38154.0,470.0,270.9
NRM,2/16/2026,422.0,428.0,419.0,422.5,-0.59,19811.0,470.0,270.9
NRM,2/17/2026,420.0,425.0,417.2,420.0,-0.59,22710.0,470.0,270.9
NRM,2/22/2026,417.0,420.0,415.0,420.0,0.0,9784.0,470.0,270.9
NRM,2/23/2026,420.0,421.9,416.2,418.0,-0.48,11703.0,470.0,270.9
NRM,2/24/2026,418.0,420.0,415.6,420.0,0.48,8739.0,470.0,270.9
NRM,2/25/2026,420.0,427.8,418.0,418.0,-0.48,8915.0,470.0,270.9
NRM,2/26/2026,417.0,423.0,417.0,420.0,0.48,14992.0,470.0,270.9
NRM,2/27/2026,417.0,423.0,417.0,420.0,0.0,14992.0,470.0,270.9
NRM,2/28/2026,417.0,423.0,417.0,420.0,0.0,14992.0,470.0,270.9
NRM,3/2/2026,412.0,420.0,411.7,420.0,0.0,15601.0,470.0,270.9
NRM,3/3/2026,419.0,432.0,418.0,428.0,1.9,11897.0,470.0,270.9
NRM,3/4/2026,419.0,432.0,418.0,428.0,0.0,11897.0,470.0,270.9
NRM,3/5/2026,419.0,432.0,418.0,428.0,0.0,11897.0,470.0,270.9
NRM,3/6/2026,419.0,432.0,418.0,428.0,0.0,11897.0,470.0,270.9
NRM,3/7/2026,419.0,432.0,418.0,428.0,0.0,11897.0,470.0,270.9
NRM,3/8/2026,419.0,432.0,418.0,428.0,0.0,11897.0,470.0,270.9
NRM,3/9/2026,436.0,470.0,436.0,470.0,9.81,4570.0,470.0,270.9
NRM,3/10/2026,470.0,470.0,440.0,446.0,-5.11,79858.0,470.0,270.9
NRM,3/11/2026,454.0,454.0,438.2,439.8,-1.39,32736.0,470.0,270.9
NRM,3/12/2026,435.4,447.0,435.3,445.0,1.18,36028.0,470.0,270.9
NRM,3/13/2026,435.4,447.0,435.3,445.0,0.0,36028.0,470.0,270.9
NRM,3/14/2026,435.4,447.0,435.3,445.0,0.0,36028.0,470.0,270.9
NRM,3/15/2026,440.3,448.0,437.0,438.1,-1.55,28531.0,470.0,270.9
NRM,3/16/2026,438.0,445.8,430.0,430.3,-1.78,30690.0,470.0,270.9
NRM,3/17/2026,434.0,437.9,430.6,435.1,1.12,20477.0,470.0,270.9
NRM,3/18/2026,434.0,437.9,430.6,435.1,0.0,20477.0,470.0,270.9
NRM,3/19/2026,436.0,448.0,436.0,447.4,2.83,62669.0,470.0,270.9
NRM,3/20/2026,436.0,448.0,436.0,447.4,0.0,62669.0,470.0,270.9
NRM,3/21/2026,436.0,448.0,436.0,447.4,0.0,62669.0,470.0,270.9
NRM,3/22/2026,450.0,459.0,446.0,454.0,1.48,74078.0,470.0,270.9
NRM,3/23/2026,460.0,462.0,447.1,458.0,0.88,70672.0,470.0,270.9
NRM,3/24/2026,459.0,470.0,458.0,463.0,1.09,45526.0,470.0,270.9
NRM,3/25/2026,455.6,459.8,448.6,451.0,-2.59,18221.0,470.0,270.9
NRM,3/26/2026,447.9,457.0,442.5,453.1,1.16,32961.0,470.0,270.9
NRM,3/29/2026,453.5,455.0,430.0,430.0,-5.18,46474.0,470.0,270.9
NRM,3/30/2026,430.0,437.0,425.2,431.0,0.23,32344.0,470.0,270.9
NRM,3/31/2026,427.0,436.0,424.1,435.0,1.87,19704.0,470.0,270.9
NRM,4/1/2026,428.0,436.0,423.0,425.0,-0.7,22901.0,470.0,270.9
NRM,4/2/2026,420.0,431.4,412.2,419.0,-0.24,21026.0,470.0,270.9
NRM,4/5/2026,417.0,417.0,391.0,400.0,-4.08,48297.0,470.0,270.9
NRM,4/6/2026,392.0,417.0,392.0,410.0,4.59,20009.0,470.0,270.9
NRM,4/7/2026,410.0,418.0,405.0,408.0,-0.49,24932.0,470.0,270.9
NRM,4/8/2026,408.0,418.2,408.0,418.0,2.45,9644.0,470.0,270.9
NRM,4/9/2026,425.0,425.0,417.0,423.9,-0.26,24862.0,470.0,270.9
NRM,4/10/2026,415.8,423.9,414.2,417.2,0.34,22867.0,470.0,270.9
NRM,4/13/2026,415.0,419.9,413.4,416.3,0.31,12352.0,470.0,270.9
NRM,4/15/2026,415.0,429.9,415.0,426.6,2.8,22879.0,470.0,270.9
NRM,4/16/2026,430.0,434.0,414.3,415.9,-3.28,13414.0,470.0,270.9
NRM,4/17/2026,415.0,423.3,408.4,416.9,0.46,22433.0,470.0,270.9
NRM,4/20/2026,436.0,436.0,411.1,412.0,-5.5,6945.0,470.0,270.9
NRM,4/21/2026,412.0,415.0,405.3,407.0,-1.21,12650.0,470.0,270.9
NRM,4/22/2026,406.0,412.0,398.0,409.9,0.96,32699.0,470.0,270.9
NRM,4/23/2026,410.0,410.0,401.1,404.5,-1.34,5185.0,470.0,270.9
NRM,4/24/2026,400.1,408.8,395.8,403.3,0.8,7376.0,470.0,270.9
NRM,4/27/2026,403.3,411.9,395.1,407.4,1.02,8168.0,470.0,270.9
NRM,4/28/2026,407.4,410.0,400.0,401.0,-1.57,14301.0,470.0,270.9
NRM,4/29/2026,395.0,407.4,395.0,399.0,1.01,19449.0,470.0,270.9
NRM,4/30/2026,394.0,404.0,394.0,400.0,1.52,10830.0,470.0,270.9
NRM,5/4/2026,399.0,400.0,395.0,396.0,-0.75,9935.0,470.0,270.9
NRM,5/5/2026,398.0,399.9,395.0,395.0,-0.75,7963.0,470.0,270.9
NRM,5/6/2026,390.0,400.0,390.0,397.9,2.03,7608.0,470.0,270.9
NRM,5/7/2026,395.0,395.0,389.2,390.1,-1.24,15573.0,470.0,270.9
NRM,5/8/2026,392.0,395.0,388.0,392.0,0.0,19187.0,470.0,270.9
NRM,5/11/2026,394.0,410.0,394.0,404.9,2.77,16436.0,470.0,270.9
NRM,5/12/2026,410.0,410.0,392.5,397.0,-3.17,13826.0,470.0,270.9
NRM,5/13/2026,386.0,395.0,386.0,390.0,1.04,8717.0,470.0,270.9
NRM,5/14/2026,388.0,390.0,373.2,375.1,-3.32,34360.0,470.0,270.9
NRM,5/15/2026,375.1,383.0,356.0,358.0,-4.56,48200.0,470.0,270.9
NRM,5/18/2026,350.5,360.5,350.0,351.0,0.14,23878.0,470.0,270.9
NRM,5/19/2026,359.9,375.0,351.0,373.5,3.78,24240.0,470.0,270.9
NRM,5/20/2026,374.0,375.0,363.0,374.0,0.0,24231.0,470.0,270.9
NRM,5/21/2026,374.0,374.0,364.0,364.5,-2.54,15395.0,470.0,270.9
NRM,5/22/2026,346.3,367.0,346.3,364.1,5.14,22557.0,470.0,270.9
NRM,5/25/2026,345.9,388.0,345.9,380.0,9.86,43698.0,470.0,270.9
NRM,5/26/2026,361.0,399.9,361.0,399.9,10.78,67307.0,470.0,270.9
NRM,5/27/2026,390.0,404.0,390.0,393.3,0.85,35938.0,470.0,270.9
NRM,6/1/2026,397.5,397.5,370.3,373.0,-6.16,28761.0,470.0,270.9
NRM,6/2/2026,355.0,387.7,355.0,362.0,1.97,59470.0,470.0,270.9
NRM,6/3/2026,362.0,379.0,360.0,365.0,0.83,30128.0,470.0,270.9
NRM,6/4/2026,365.0,370.0,361.1,365.0,0.0,13477.0,470.0,270.9
NRM,6/5/2026,365.0,366.0,359.0,361.5,-0.96,13099.0,470.0,270.9
NRM,6/8/2026,360.0,361.0,355.1,358.7,-0.36,21499.0,470.0,270.9
NRM,6/9/2026,354.2,359.0,351.0,359.0,1.36,13893.0,470.0,270.9
NRM,6/10/2026,360.0,368.0,352.5,355.0,-1.39,12959.0,470.0,270.9
NRM,6/11/2026,355.0,355.9,346.3,346.3,-2.45,21551.0,470.0,270.9
NRM,6/12/2026,346.0,352.0,345.0,345.3,-0.2,19281.0,470.0,270.9
NRM,6/15/2026,346.0,353.0,340.0,340.0,-1.73,21970.0,470.0,270.9
NRM,6/16/2026,350.0,350.0,335.0,335.5,-4.14,23268.0,470.0,270.9
NRM,6/17/2026,335.0,340.0,331.1,337.0,0.6,14466.0,470.0,270.9
NRM,6/18/2026,338.0,344.0,332.0,335.0,-0.89,8074.0,470.0,270.9
NRM,6/19/2026,335.0,338.0,331.3,331.6,-1.01,17517.0,470.0,270.9
NRM,6/22/2026,335.0,340.0,332.0,332.0,-0.9,11855.0,470.0,270.9
NRM,6/23/2026,331.0,332.0,321.5,323.0,-2.42,15594.0,470.0,270.9
NRM,6/24/2026,325.0,325.0,315.0,317.5,-2.31,16378.0,470.0,270.9
NRM,6/26/2026,311.0,325.0,311.0,321.0,3.22,5813.0,470.0,270.9
NRM,6/29/2026,317.0,331.0,317.0,329.0,3.79,16080.0,470.0,270.9
NRM,6/30/2026,328.0,336.0,320.0,321.1,-2.1,8787.0,470.0,270.9
NRM,7/1/2026,315.5,338.7,315.5,329.0,4.28,8953.0,470.0,270.9
NRM,7/2/2026,329.0,332.8,322.1,330.0,0.3,6301.0,470.0,270.9
NRM,7/3/2026,325.0,339.0,325.0,335.0,3.08,8736.0,470.0,270.9
NRM,7/6/2026,335.0,335.0,320.0,323.0,-3.58,6814.0,470.0,270.9
NRM,7/7/2026,326.9,336.5,321.0,323.0,-1.19,3776.0,470.0,270.9
NRM,7/8/2026,320.2,324.0,315.0,320.0,-0.06,3666.0,470.0,270.9
NRM,7/9/2026,313.2,320.0,313.2,316.2,0.96,2781.0,470.0,270.9
NRM,7/10/2026,320.0,325.6,316.4,318.0,-0.62,6711.0,470.0,270.9
NRM,7/13/2026,316.0,324.9,304.0,304.0,-3.8,9356.0,470.0,270.9
NRM,7/14/2026,305.0,310.0,295.1,301.1,-1.28,14261.0,470.0,270.9
NRM,7/15/2026,296.0,311.0,296.0,301.0,1.69,12001.0,470.0,270.9
NRM,7/16/2026,295.1,309.0,295.1,300.0,1.66,7884.0,470.0,270.9
NRM,7/17/2026,305.1,322.5,305.1,321.0,5.21,18927.0,470.0,270.9
NRM,7/20/2026,330.0,330.0,316.0,322.0,-2.42,7132.0,470.0,270.9
NRM,7/21/2026,322.0,332.0,317.5,330.0,2.48,25233.0,470.0,270.9
NRM,7/22/2026,323.1,334.0,323.1,325.0,0.59,8796.0,470.0,270.9
NRM,7/23/2026,332.0,332.0,317.0,329.2,-0.84,11195.0,470.0,270.9
NRM,7/24/2026,330.0,335.0,320.3,328.4,-0.48,12102.0,470.0,270.9
NRM,7/27/2026,324.0,326.0,315.0,317.0,-2.16,10749.0,470.0,270.9
NRM,7/28/2026,314.0,322.0,311.0,319.0,1.59,6260.0,470.0,270.9
NRM,7/29/2026,315.0,323.0,311.1,312.1,-0.92,5945.0,470.0,270.9
NRM,7/30/2026,312.1,317.0,309.0,313.0,0.29,10101.0,470.0,270.9
NRM,7/31/2026,304.0,319.0,303.8,315.0,3.62,2868.0,470.0,270.9
NRM,8/3/2026,310.1,318.0,310.1,313.0,0.94,3250.0,470.0,270.9
NRM,8/4/2026,310.0,315.0,310.0,314.0,1.29,2575.0,470.0,270.9
NRM,8/5/2026,310.0,313.0,306.0,312.5,0.81,4257.0,470.0,270.9
NRM,8/6/2026,307.0,314.9,306.0,310.5,1.14,3279.0,470.0,270.9
NRM,8/7/2026,308.1,310.0,305.1,305.1,-0.97,4650.0,470.0,270.9
NRM,8/10/2026,305.5,306.5,305.5,306.4,0.29,5089.0,470.0,270.9
NRM,8/11/2026,306.0,310.0,300.1,304.0,-0.65,6042.0,470.0,270.9
NRM,8/12/2026,304.0,306.0,301.7,303.3,-0.23,4792.0,470.0,270.9
NRM,8/13/2026,305.0,305.0,297.1,303.0,-0.66,7655.0,470.0,270.9
NRM,8/14/2026,305.0,305.0,300.0,302.0,-0.98,8640.0,470.0,270.9
NRM,8/17/2026,300.0,304.0,299.5,304.0,1.33,8186.0,470.0,270.9
NRM,8/18/2026,310.0,310.0,298.0,303.0,-2.26,3177.0,470.0,270.9
NRM,8/19/2026,296.0,303.0,296.0,301.0,1.69,6548.0,470.0,270.9
NRM,8/20/2026,301.0,305.0,299.0,300.1,-0.3,4865.0,470.0,270.9
NRM,8/21/2026,300.0,303.0,295.0,295.1,-1.63,14926.0,470.0,270.9
NRM,8/24/2026,303.0,303.0,295.2,296.0,-2.31,5160.0,470.0,270.9
NRM,8/25/2026,296.0,300.0,295.0,299.0,1.01,3605.0,470.0,270.9
NRM,8/26/2026,297.0,299.0,285.3,292.5,-1.52,18241.0,470.0,270.9
NRM,8/27/2026,285.4,295.0,283.8,288.5,1.09,3975.0,470.0,270.9
NRM,8/31/2026,285.0,288.0,278.0,280.0,-1.75,5610.0,470.0,270.9
NRM,9/1/2026,278.0,291.2,273.0,283.0,1.8,9360.0,470.0,270.9
NRM,9/2/2026,275.0,290.0,275.0,283.8,3.2,5274.0,470.0,270.9
NRM,9/3/2026,285.0,292.1,282.0,285.2,0.07,2515.0,470.0,270.9
NRM,9/7/2026,285.2,292.0,280.0,287.0,0.63,6638.0,470.0,270.9
NRM,9/9/2026,287.0,287.0,275.1,275.1,-4.15,12463.0,470.0,270.9
NRM,9/10/2026,275.1,277.9,270.9,275.0,-0.04,11351.0,470.0,270.9
NRM,9/11/2026,275.0,285.0,275.0,283.0,2.91,5358.0,470.0,270.9
NRM,9/14/2026,283.0,290.0,283.0,290.0,2.47,9951.0,470.0,270.9
NRM,9/15/2026,304.0,315.0,291.0,297.1,-2.27,17218.0,470.0,270.9
NRM,9/16/2026,295.0,300.0,294.1,295.0,0.0,6085.0,470.0,270.9
NRM,9/17/2026,299.5,299.5,291.0,295.0,-1.5,4495.0,470.0,270.9
NRM,9/18/2026,287.0,295.0,287.0,292.5,1.92,6220.0,470.0,270.9
NRM,9/22/2026,277.9,301.0,277.9,294.0,5.79,4204.0,470.0,270.9
NRM,9/23/2026,290.1,293.0,287.0,288.4,-0.59,4618.0,470.0,270.9
NRM,9/24/2026,286.1,291.9,286.1,288.0,0.66,4379.0,470.0,270.9
NRM,9/28/2026,286.1,288.0,284.0,285.0,-0.38,9433.0,470.0,270.9
NRM,9/29/2026,279.1,288.0,279.1,0.0,-100.0,2288.0,470.0,270.9
NRM,9/30/2026,280.1,287.9,280.1,287.9,2.78,3340.0,470.0,270.9
NRM,10/1/2026,280.7,290.0,280.7,290.0,3.31,6286.0,470.0,270.9
NRM,10/2/2026,287.1,289.9,285.0,289.8,0.94,5505.0,470.0,270.9
NRN,9/9/2020,374.0,374.0,354.0,354.0,,14498.0,2175.0,1280.0
NRN,9/10/2020,337.0,389.0,319.0,389.0,9.89,83295.0,2175.0,1280.0
NRN,9/13/2020,408.0,427.0,408.0,427.0,9.77,71494.0,2175.0,1280.0
NRN,9/14/2020,448.0,456.0,400.0,416.0,-2.58,115029.0,2175.0,1280.0
NRN,9/15/2020,436.0,436.0,400.0,408.0,-1.92,40769.0,2175.0,1280.0
NRN,9/16/2020,408.0,412.0,400.0,406.0,-0.49,28882.0,2175.0,1280.0
NRN,9/17/2020,401.0,405.0,398.0,401.0,-1.23,37908.0,2175.0,1280.0
NRN,9/20/2020,395.0,396.0,385.0,387.0,-3.49,37140.0,2175.0,1280.0
NRN,9/21/2020,370.0,380.0,370.0,371.0,-4.13,45446.0,2175.0,1280.0
NRN,9/22/2020,366.0,367.0,358.0,360.0,-2.96,42449.0,2175.0,1280.0
NRN,9/23/2020,358.0,386.0,355.0,375.0,4.17,26060.0,2175.0,1280.0
NRN,9/24/2020,375.0,380.0,369.0,375.0,0.0,19135.0,2175.0,1280.0
NRN,9/27/2020,371.0,374.0,364.0,368.0,-1.87,16779.0,2175.0,1280.0
NRN,9/28/2020,351.0,369.0,351.0,365.0,-0.82,17357.0,2175.0,1280.0
NRN,9/29/2020,361.0,366.0,358.0,359.0,-1.64,31940.0,2175.0,1280.0
NRN,9/30/2020,355.0,360.0,355.0,357.0,-0.56,24501.0,2175.0,1280.0
NRN,10/1/2020,352.0,377.0,352.0,359.0,0.56,30235.0,2175.0,1280.0
NRN,10/4/2020,359.0,368.0,356.0,362.0,0.84,24105.0,2175.0,1280.0
NRN,10/5/2020,357.0,363.0,357.0,358.0,-1.1,15312.0,2175.0,1280.0
NRN,10/6/2020,365.0,365.0,355.0,357.0,-0.28,14308.0,2175.0,1280.0
NRN,10/7/2020,352.0,371.0,352.0,371.0,3.92,25735.0,2175.0,1280.0
NRN,10/8/2020,364.0,371.0,359.0,360.0,-2.96,15029.0,2175.0,1280.0
NRN,10/11/2020,365.0,370.0,351.0,357.0,-0.83,9160.0,2175.0,1280.0
NRN,10/12/2020,354.0,357.0,353.0,354.0,-0.84,12798.0,2175.0,1280.0
NRN,10/13/2020,350.0,358.0,350.0,354.0,0.0,10920.0,2175.0,1280.0
NRN,10/14/2020,352.0,353.0,345.0,350.0,-1.13,17455.0,2175.0,1280.0
NRN,10/15/2020,350.0,355.0,347.0,350.0,0.0,10859.0,2175.0,1280.0
NRN,10/18/2020,344.0,350.0,342.0,346.0,-1.14,7560.0,2175.0,1280.0
NRN,10/19/2020,342.0,361.0,342.0,347.0,0.29,7100.0,2175.0,1280.0
NRN,10/20/2020,343.0,360.0,343.0,353.0,1.73,5910.0,2175.0,1280.0
NRN,10/21/2020,360.0,364.0,350.0,353.0,0.0,14264.0,2175.0,1280.0
NRN,10/22/2020,346.0,360.0,346.0,352.0,-0.28,7400.0,2175.0,1280.0
NRN,10/28/2020,345.0,353.0,345.0,351.0,-0.28,8865.0,2175.0,1280.0
NRN,10/29/2020,340.0,353.0,340.0,350.0,-0.28,16375.0,2175.0,1280.0
NRN,11/1/2020,350.0,354.0,341.0,348.0,-0.57,11915.0,2175.0,1280.0
NRN,11/2/2020,342.0,350.0,342.0,347.0,-0.29,11672.0,2175.0,1280.0
NRN,11/3/2020,341.0,350.0,341.0,345.0,-0.58,9276.0,2175.0,1280.0
NRN,11/4/2020,350.0,350.0,343.0,347.0,0.58,10345.0,2175.0,1280.0
NRN,11/5/2020,355.0,355.0,342.0,342.0,-1.44,12990.0,2175.0,1280.0
NRN,11/8/2020,340.0,345.0,340.0,342.0,0.0,20365.0,2175.0,1280.0
NRN,11/9/2020,345.0,366.0,342.0,353.0,3.22,31120.0,2175.0,1280.0
NRN,11/10/2020,355.0,360.0,350.0,353.0,0.0,13169.0,2175.0,1280.0
NRN,11/11/2020,347.0,386.0,347.0,374.0,5.95,47089.0,2175.0,1280.0
NRN,11/12/2020,380.0,380.0,359.0,362.0,-3.21,47620.0,2175.0,1280.0
NRN,11/18/2020,362.0,372.0,360.0,364.0,0.55,16120.0,2175.0,1280.0
NRN,11/19/2020,370.0,400.0,361.0,400.0,9.89,91460.0,2175.0,1280.0
NRN,11/22/2020,410.0,432.0,396.0,410.0,2.5,131805.0,2175.0,1280.0
NRN,11/23/2020,409.0,412.0,400.0,400.0,-2.44,53791.0,2175.0,1280.0
NRN,11/24/2020,400.0,428.0,396.0,414.0,3.5,60737.0,2175.0,1280.0
NRN,11/25/2020,417.0,419.0,404.0,413.0,-0.24,35031.0,2175.0,1280.0
NRN,11/26/2020,410.0,413.0,401.0,401.0,-2.91,36175.0,2175.0,1280.0
NRN,11/29/2020,401.0,407.0,391.0,396.0,-1.25,35687.0,2175.0,1280.0
NRN,11/30/2020,395.0,406.0,390.0,396.0,0.0,29525.0,2175.0,1280.0
NRN,12/1/2020,390.0,414.0,389.0,390.0,-1.52,53218.0,2175.0,1280.0
NRN,12/2/2020,387.0,414.0,387.0,406.0,4.1,42500.0,2175.0,1280.0
NRN,12/3/2020,406.0,412.0,394.0,394.0,-2.96,25261.0,2175.0,1280.0
NRN,12/6/2020,388.0,398.0,376.0,376.0,-4.57,27859.0,2175.0,1280.0
NRN,12/7/2020,376.0,389.0,361.0,385.0,2.39,27595.0,2175.0,1280.0
NRN,12/8/2020,378.0,388.0,376.0,377.0,-2.08,20395.0,2175.0,1280.0
NRN,12/9/2020,380.0,384.0,368.0,369.0,-2.12,23613.0,2175.0,1280.0
NRN,12/10/2020,364.0,378.0,363.0,375.0,1.63,25032.0,2175.0,1280.0
NRN,12/13/2020,375.0,378.0,368.0,374.0,-0.27,12307.0,2175.0,1280.0
NRN,12/14/2020,371.0,401.0,371.0,388.0,3.74,35339.0,2175.0,1280.0
NRN,12/15/2020,399.0,399.0,381.0,383.0,-1.29,14719.0,2175.0,1280.0
NRN,12/16/2020,383.0,396.0,378.0,385.0,0.52,27715.0,2175.0,1280.0
NRN,12/17/2020,380.0,383.0,375.0,380.0,-1.3,21419.0,2175.0,1280.0
NRN,12/20/2020,380.0,380.0,362.0,362.0,-4.74,23081.0,2175.0,1280.0
NRN,12/21/2020,350.0,379.0,343.0,360.0,-0.55,26187.0,2175.0,1280.0
NRN,12/22/2020,360.0,372.0,360.0,365.0,1.39,17075.0,2175.0,1280.0
NRN,12/23/2020,360.0,369.0,360.0,361.0,-1.1,14146.0,2175.0,1280.0
NRN,12/24/2020,358.0,365.0,358.0,365.0,1.11,13890.0,2175.0,1280.0
NRN,12/27/2020,358.0,372.0,356.0,363.0,-0.55,13938.0,2175.0,1280.0
NRN,12/28/2020,360.0,364.0,354.0,357.0,-1.65,13711.0,2175.0,1280.0
NRN,12/29/2020,350.0,357.0,350.0,354.0,-0.84,21711.0,2175.0,1280.0
NRN,12/30/2020,350.0,354.0,347.0,352.0,-0.56,12130.0,2175.0,1280.0
NRN,12/31/2020,350.0,363.0,348.0,358.0,1.7,22469.0,2175.0,1280.0
NRN,1/3/2021,360.0,360.0,353.0,357.0,-0.28,12650.0,2175.0,1280.0
NRN,1/4/2021,354.0,360.0,353.0,353.0,-1.12,17949.0,2175.0,1280.0
NRN,1/5/2021,351.0,379.0,351.0,363.0,2.83,15817.0,2175.0,1280.0
NRN,1/6/2021,363.0,370.0,357.0,360.0,-0.83,11669.0,2175.0,1280.0
NRN,1/7/2021,365.0,365.0,356.0,359.0,-0.28,16731.0,2175.0,1280.0
NRN,1/10/2021,342.0,367.0,342.0,360.0,0.28,17040.0,2175.0,1280.0
NRN,1/11/2021,356.0,365.0,356.0,360.0,0.0,10006.0,2175.0,1280.0
NRN,1/12/2021,354.0,364.0,354.0,357.0,-0.83,12711.0,2175.0,1280.0
NRN,1/13/2021,357.0,370.0,357.0,363.0,1.68,20810.0,2175.0,1280.0
NRN,1/17/2021,363.0,370.0,363.0,368.0,1.38,14000.0,2175.0,1280.0
NRN,1/18/2021,372.0,374.0,366.0,367.0,-0.27,15699.0,2175.0,1280.0
NRN,1/19/2021,380.0,380.0,362.0,365.0,-0.54,11981.0,2175.0,1280.0
NRN,1/20/2021,360.0,366.0,358.0,363.0,-0.55,12175.0,2175.0,1280.0
NRN,1/21/2021,362.0,365.0,360.0,363.0,0.0,22388.0,2175.0,1280.0
NRN,1/24/2021,346.0,385.0,346.0,380.0,4.68,57206.0,2175.0,1280.0
NRN,1/25/2021,387.0,405.0,380.0,397.0,4.47,104438.0,2175.0,1280.0
NRN,1/26/2021,405.0,405.0,385.0,390.0,-1.76,36977.0,2175.0,1280.0
NRN,1/27/2021,397.0,397.0,385.0,390.0,0.0,27180.0,2175.0,1280.0
NRN,1/28/2021,385.0,387.0,376.0,377.0,-3.33,30397.0,2175.0,1280.0
NRN,1/31/2021,380.0,380.0,366.0,367.0,-2.65,14291.0,2175.0,1280.0
NRN,2/1/2021,365.0,374.0,365.0,371.0,1.09,18475.0,2175.0,1280.0
NRN,2/2/2021,371.0,394.0,365.0,382.0,2.96,21880.0,2175.0,1280.0
NRN,2/3/2021,382.0,386.0,371.0,373.0,-2.36,25592.0,2175.0,1280.0
NRN,2/4/2021,368.0,389.0,368.0,370.0,-0.8,25484.0,2175.0,1280.0
NRN,2/7/2021,370.0,390.0,370.0,384.0,3.78,46422.0,2175.0,1280.0
NRN,2/8/2021,403.0,403.0,389.0,393.0,2.34,56445.0,2175.0,1280.0
NRN,2/9/2021,412.0,412.0,385.0,385.0,-2.04,20707.0,2175.0,1280.0
NRN,2/10/2021,391.0,392.0,382.0,383.0,-0.52,20953.0,2175.0,1280.0
NRN,2/11/2021,382.0,415.0,382.0,392.0,2.35,75146.0,2175.0,1280.0
NRN,2/14/2021,399.0,409.0,392.0,402.0,2.55,54121.0,2175.0,1280.0
NRN,2/15/2021,422.0,430.0,403.0,409.0,1.74,66975.0,2175.0,1280.0
NRN,2/16/2021,429.0,429.0,400.0,404.0,-1.22,34927.0,2175.0,1280.0
NRN,2/17/2021,386.0,415.0,386.0,404.0,0.0,34278.0,2175.0,1280.0
NRN,2/18/2021,410.0,410.0,397.0,402.0,-0.5,27108.0,2175.0,1280.0
NRN,2/21/2021,402.0,403.0,396.0,400.0,-0.5,35843.0,2175.0,1280.0
NRN,2/22/2021,420.0,420.0,392.0,394.0,-1.5,17319.0,2175.0,1280.0
NRN,2/23/2021,400.0,400.0,384.0,391.0,-0.76,17091.0,2175.0,1280.0
NRN,2/24/2021,410.0,410.0,387.0,395.0,1.02,16717.0,2175.0,1280.0
NRN,2/25/2021,388.0,395.0,385.0,388.0,-1.77,19259.0,2175.0,1280.0
NRN,2/28/2021,407.0,407.0,371.0,377.0,-2.84,21003.0,2175.0,1280.0
NRN,3/1/2021,373.0,399.0,372.0,385.0,2.12,18181.0,2175.0,1280.0
NRN,3/2/2021,390.0,397.0,375.0,378.0,-1.82,10515.0,2175.0,1280.0
NRN,3/3/2021,375.0,380.0,369.0,374.0,-1.06,15330.0,2175.0,1280.0
NRN,3/4/2021,373.0,395.0,369.0,388.0,3.74,17820.0,2175.0,1280.0
NRN,3/7/2021,400.0,406.0,378.0,392.0,1.03,55061.0,2175.0,1280.0
NRN,3/9/2021,385.0,408.0,385.0,407.0,3.83,102605.0,2175.0,1280.0
NRN,3/10/2021,410.0,447.0,404.0,443.0,8.85,186944.0,2175.0,1280.0
NRN,3/14/2021,440.0,448.0,418.0,422.0,-4.74,69821.0,2175.0,1280.0
NRN,3/15/2021,401.0,425.0,401.0,414.0,-1.9,43605.0,2175.0,1280.0
NRN,3/16/2021,414.0,419.0,404.0,408.0,-1.45,23670.0,2175.0,1280.0
NRN,3/17/2021,416.0,429.0,401.0,428.0,4.9,27462.0,2175.0,1280.0
NRN,3/18/2021,428.0,429.0,416.0,417.0,-2.57,42324.0,2175.0,1280.0
NRN,3/21/2021,430.0,432.0,408.0,429.0,2.88,73417.0,2175.0,1280.0
NRN,3/22/2021,425.0,437.0,417.0,433.0,0.93,63466.0,2175.0,1280.0
NRN,3/23/2021,432.0,438.0,420.0,427.0,-1.39,32992.0,2175.0,1280.0
NRN,3/24/2021,424.0,464.0,424.0,462.0,8.2,100648.0,2175.0,1280.0
NRN,3/25/2021,468.0,484.0,453.0,480.0,3.9,112476.0,2175.0,1280.0
NRN,3/29/2021,475.0,489.0,462.0,469.0,-2.29,76301.0,2175.0,1280.0
NRN,3/30/2021,461.0,490.0,461.0,471.0,0.43,52965.0,2175.0,1280.0
NRN,3/31/2021,475.0,484.0,464.0,465.0,-1.27,67356.0,2175.0,1280.0
NRN,4/1/2021,480.0,480.0,451.0,455.0,-2.15,85779.0,2175.0,1280.0
NRN,4/4/2021,455.0,470.0,450.0,464.0,1.98,37910.0,2175.0,1280.0
NRN,4/5/2021,487.0,487.0,461.0,471.0,1.51,50112.0,2175.0,1280.0
NRN,4/6/2021,467.0,472.0,458.0,465.0,-1.27,62295.0,2175.0,1280.0
NRN,4/7/2021,470.0,482.0,464.0,464.0,-0.22,49409.0,2175.0,1280.0
NRN,4/8/2021,464.0,502.0,459.0,495.0,6.68,190096.0,2175.0,1280.0
NRN,4/12/2021,495.0,541.0,495.0,534.0,7.88,166087.0,2175.0,1280.0
NRN,4/13/2021,540.0,540.0,510.0,515.0,-3.56,146411.0,2175.0,1280.0
NRN,4/15/2021,515.0,530.0,505.0,529.0,2.72,67886.0,2175.0,1280.0
NRN,4/18/2021,530.0,573.0,529.0,560.0,5.86,240631.0,2175.0,1280.0
NRN,4/19/2021,588.0,612.0,550.0,588.0,5.0,130861.0,2175.0,1280.0
NRN,4/20/2021,617.0,617.0,568.0,576.0,-2.04,75149.0,2175.0,1280.0
NRN,4/21/2021,582.0,585.0,557.0,558.0,-3.12,98586.0,2175.0,1280.0
NRN,4/22/2021,560.0,610.0,550.0,588.0,5.38,123979.0,2175.0,1280.0
NRN,4/25/2021,615.0,615.0,555.0,568.0,-3.4,109178.0,2175.0,1280.0
NRN,4/26/2021,557.0,592.0,546.0,557.0,-1.94,55782.0,2175.0,1280.0
NRN,4/27/2021,555.0,591.0,555.0,576.0,3.41,63691.0,2175.0,1280.0
NRN,4/28/2021,580.0,590.0,566.0,575.0,-0.17,28518.0,2175.0,1280.0
NRN,4/29/2021,551.0,620.0,551.0,617.0,7.3,134681.0,2175.0,1280.0
NRN,5/2/2021,617.0,650.0,605.0,630.0,2.11,108416.0,2175.0,1280.0
NRN,5/3/2021,630.0,635.0,608.0,617.0,-2.06,92583.0,2175.0,1280.0
NRN,5/4/2021,620.0,628.0,600.0,620.0,0.49,75803.0,2175.0,1280.0
NRN,5/5/2021,620.0,673.0,611.0,656.0,5.81,110756.0,2175.0,1280.0
NRN,5/6/2021,656.0,667.0,637.0,638.0,-2.74,75547.0,2175.0,1280.0
NRN,5/9/2021,669.0,669.0,618.0,621.0,-2.66,104797.0,2175.0,1280.0
NRN,5/10/2021,630.0,640.0,610.0,626.0,0.81,59445.0,2175.0,1280.0
NRN,5/11/2021,657.0,682.0,620.0,680.0,8.63,213992.0,2175.0,1280.0
NRN,5/12/2021,680.0,748.0,675.0,746.0,9.71,191016.0,2175.0,1280.0
NRN,5/13/2021,770.0,820.0,748.0,790.0,5.9,123357.0,2175.0,1280.0
NRN,5/16/2021,800.0,800.0,731.0,763.0,-3.42,282308.0,2175.0,1280.0
NRN,5/17/2021,763.0,807.0,755.0,800.0,4.85,147775.0,2175.0,1280.0
NRN,5/18/2021,840.0,840.0,795.0,796.0,-0.5,103118.0,2175.0,1280.0
NRN,5/19/2021,800.0,805.0,760.0,763.0,-4.15,105051.0,2175.0,1280.0
NRN,5/20/2021,765.0,780.0,757.0,760.0,-0.39,76759.0,2175.0,1280.0
NRN,5/23/2021,750.0,790.0,731.0,769.0,1.18,119862.0,2175.0,1280.0
NRN,5/24/2021,775.0,784.0,755.0,769.0,0.0,62118.0,2175.0,1280.0
NRN,5/25/2021,763.0,775.0,747.0,754.0,-1.95,58976.0,2175.0,1280.0
NRN,5/27/2021,739.0,764.0,739.0,748.0,-0.8,67111.0,2175.0,1280.0
NRN,5/30/2021,711.0,769.0,711.0,744.0,-0.53,86334.0,2175.0,1280.0
NRN,5/31/2021,735.0,750.0,717.0,717.0,-3.63,75330.0,2175.0,1280.0
NRN,6/1/2021,740.0,740.0,690.0,708.0,-1.26,65577.0,2175.0,1280.0
NRN,6/2/2021,704.0,739.0,697.0,723.0,2.12,57334.0,2175.0,1280.0
NRN,6/3/2021,737.0,739.0,720.0,724.0,0.14,53982.0,2175.0,1280.0
NRN,6/6/2021,735.0,735.0,700.0,710.0,-1.93,43749.0,2175.0,1280.0
NRN,6/7/2021,701.0,713.0,695.0,700.0,-1.41,61134.0,2175.0,1280.0
NRN,6/8/2021,720.0,734.0,695.0,724.0,3.43,57932.0,2175.0,1280.0
NRN,6/9/2021,725.0,730.0,697.0,702.0,-3.04,52869.0,2175.0,1280.0
NRN,6/10/2021,702.0,734.0,698.0,719.0,2.42,68910.0,2175.0,1280.0
NRN,6/13/2021,725.0,770.0,715.0,763.0,6.12,126915.0,2175.0,1280.0
NRN,6/14/2021,780.0,795.0,740.0,740.0,-3.01,92238.0,2175.0,1280.0
NRN,6/15/2021,735.0,755.0,717.0,720.0,-2.7,42571.0,2175.0,1280.0
NRN,6/16/2021,705.0,714.0,688.0,697.0,-3.19,62670.0,2175.0,1280.0
NRN,6/17/2021,690.0,710.0,680.0,697.0,0.0,35978.0,2175.0,1280.0
NRN,6/20/2021,697.0,700.0,660.0,683.0,-2.01,53804.0,2175.0,1280.0
NRN,6/21/2021,685.0,689.0,630.0,634.0,-7.17,40948.0,2175.0,1280.0
NRN,6/22/2021,634.0,680.0,615.0,680.0,7.26,32453.0,2175.0,1280.0
NRN,6/23/2021,675.0,690.0,644.0,675.0,-0.74,37186.0,2175.0,1280.0
NRN,6/24/2021,662.0,663.0,638.0,645.0,-4.44,34018.0,2175.0,1280.0
NRN,6/27/2021,657.0,657.0,633.0,644.0,-0.16,15509.0,2175.0,1280.0
NRN,6/28/2021,645.0,656.0,624.0,627.0,-2.64,25738.0,2175.0,1280.0
NRN,6/29/2021,628.0,638.0,599.0,605.0,-3.51,37817.0,2175.0,1280.0
NRN,6/30/2021,600.0,630.0,576.0,615.0,1.65,40899.0,2175.0,1280.0
NRN,7/1/2021,627.0,630.0,611.0,629.0,2.28,21335.0,2175.0,1280.0
NRN,7/4/2021,634.0,634.0,605.0,616.0,-2.07,12118.0,2175.0,1280.0
NRN,7/5/2021,586.0,620.0,586.0,610.0,-0.97,13557.0,2175.0,1280.0
NRN,7/6/2021,602.0,613.0,597.0,600.0,-1.64,8393.0,2175.0,1280.0
NRN,7/7/2021,600.0,606.0,588.0,595.0,-0.83,11635.0,2175.0,1280.0
NRN,7/8/2021,566.0,605.0,566.0,594.0,-0.17,11072.0,2175.0,1280.0
NRN,7/11/2021,605.0,633.0,594.0,633.0,6.57,26235.0,2175.0,1280.0
NRN,7/12/2021,664.0,664.0,604.0,618.0,-2.37,31059.0,2175.0,1280.0
NRN,7/13/2021,640.0,640.0,604.0,615.0,-0.49,13314.0,2175.0,1280.0
NRN,7/14/2021,610.0,621.0,609.0,615.0,0.0,7152.0,2175.0,1280.0
NRN,7/15/2021,607.0,631.0,607.0,622.0,1.14,14743.0,2175.0,1280.0
NRN,7/18/2021,634.0,640.0,620.0,639.0,2.73,22321.0,2175.0,1280.0
NRN,7/19/2021,650.0,676.0,643.1,670.0,4.85,46964.0,2175.0,1280.0
NRN,7/20/2021,663.0,688.0,654.0,680.0,1.49,26204.0,2175.0,1280.0
NRN,7/22/2021,680.0,718.0,676.0,707.0,3.97,71790.0,2175.0,1280.0
NRN,7/25/2021,715.0,740.0,710.0,734.0,3.82,93365.0,2175.0,1280.0
NRN,7/26/2021,748.6,759.0,725.2,740.0,0.82,84179.0,2175.0,1280.0
NRN,7/27/2021,730.0,771.0,730.0,760.0,2.7,74993.0,2175.0,1280.0
NRN,7/28/2021,755.0,783.0,746.0,750.0,-1.32,66488.0,2175.0,1280.0
NRN,7/29/2021,750.0,771.0,736.0,755.0,0.67,61678.0,2175.0,1280.0
NRN,8/1/2021,740.1,754.0,731.0,741.0,-1.85,41105.0,2175.0,1280.0
NRN,8/2/2021,732.1,755.0,732.1,749.0,1.08,32034.0,2175.0,1280.0
NRN,8/3/2021,763.9,775.0,735.0,758.0,1.2,59617.0,2175.0,1280.0
NRN,8/4/2021,773.1,821.0,760.0,804.0,6.07,228498.0,2175.0,1280.0
NRN,8/5/2021,820.0,820.0,770.3,779.0,-3.11,98558.0,2175.0,1280.0
NRN,8/8/2021,794.5,795.0,761.5,766.0,-1.67,69355.0,2175.0,1280.0
NRN,8/9/2021,767.0,810.0,760.0,800.0,4.44,124769.0,2175.0,1280.0
NRN,8/10/2021,800.0,826.0,790.0,818.9,2.36,143751.0,2175.0,1280.0
NRN,8/11/2021,835.0,900.7,811.0,900.7,9.99,273702.0,2175.0,1280.0
NRN,8/12/2021,918.7,963.6,892.0,893.0,-0.85,126794.0,2175.0,1280.0
NRN,8/15/2021,876.0,886.0,813.0,839.0,-6.05,203981.0,2175.0,1280.0
NRN,8/16/2021,830.0,899.0,823.0,865.0,3.1,102487.0,2175.0,1280.0
NRN,8/17/2021,882.3,899.6,853.0,880.0,1.73,87542.0,2175.0,1280.0
NRN,8/18/2021,880.0,960.0,875.0,960.0,9.09,204201.0,2175.0,1280.0
NRN,8/19/2021,979.0,990.0,940.0,983.0,2.4,199899.0,2175.0,1280.0
NRN,8/24/2021,950.0,985.1,915.0,925.0,-5.9,105534.0,2175.0,1280.0
NRN,8/25/2021,910.0,915.0,881.0,895.0,-3.24,83251.0,2175.0,1280.0
NRN,8/26/2021,897.0,933.3,882.1,930.0,3.91,65965.0,2175.0,1280.0
NRN,8/29/2021,930.0,948.0,892.0,895.0,-3.76,67205.0,2175.0,1280.0
NRN,8/31/2021,882.0,895.0,845.0,850.0,-5.03,47842.0,2175.0,1280.0
NRN,9/1/2021,867.0,887.0,833.0,850.0,0.0,38619.0,2175.0,1280.0
NRN,9/2/2021,867.0,883.0,789.0,800.0,-5.88,73927.0,2175.0,1280.0
NRN,9/5/2021,800.0,840.0,750.1,770.0,-3.75,58982.0,2175.0,1280.0
NRN,9/6/2021,775.0,847.0,750.0,846.0,9.87,42587.0,2175.0,1280.0
NRN,9/7/2021,846.0,846.0,800.0,814.0,-3.78,22589.0,2175.0,1280.0
NRN,9/8/2021,798.0,802.0,781.0,785.0,-3.56,14363.0,2175.0,1280.0
NRN,9/9/2021,799.0,809.0,778.0,780.0,-0.64,10144.0,2175.0,1280.0
NRN,9/12/2021,795.6,818.0,781.0,810.0,3.85,35958.0,2175.0,1280.0
NRN,9/13/2021,820.0,891.0,820.0,843.0,4.07,70966.0,2175.0,1280.0
NRN,9/14/2021,850.0,852.0,808.0,816.0,-3.2,18413.0,2175.0,1280.0
NRN,9/15/2021,800.2,821.0,788.0,790.0,-3.19,32227.0,2175.0,1280.0
NRN,9/16/2021,774.2,787.0,750.0,770.0,-2.53,29149.0,2175.0,1280.0
NRN,9/20/2021,771.0,771.0,716.0,720.0,-6.49,31142.0,2175.0,1280.0
NRN,9/21/2021,720.0,742.0,680.2,713.3,-0.93,31308.0,2175.0,1280.0
NRN,9/22/2021,727.0,770.0,727.0,770.0,7.95,24901.0,2175.0,1280.0
NRN,9/23/2021,780.0,785.0,735.0,745.0,-3.25,28010.0,2175.0,1280.0
NRN,9/26/2021,730.1,760.0,708.0,708.0,-4.97,20857.0,2175.0,1280.0
NRN,9/27/2021,700.0,719.0,664.0,664.0,-6.21,29382.0,2175.0,1280.0
NRN,9/28/2021,664.0,687.0,600.0,614.0,-7.53,34656.0,2175.0,1280.0
NRN,9/29/2021,614.0,658.0,593.9,646.0,5.21,33025.0,2175.0,1280.0
NRN,9/30/2021,658.0,658.0,620.0,620.0,-4.02,15667.0,2175.0,1280.0
NRN,10/3/2021,614.0,625.0,584.0,584.0,-5.81,22400.0,2175.0,1280.0
NRN,10/4/2021,580.0,612.0,569.0,595.0,1.88,16441.0,2175.0,1280.0
NRN,10/5/2021,606.0,630.0,606.0,622.0,4.54,12606.0,2175.0,1280.0
NRN,10/6/2021,630.0,647.7,623.0,637.0,2.41,11476.0,2175.0,1280.0
NRN,10/10/2021,637.0,649.0,615.5,616.0,-3.3,14414.0,2175.0,1280.0
NRN,10/11/2021,608.0,613.0,596.1,604.0,-1.95,11089.0,2175.0,1280.0
NRN,10/17/2021,616.0,635.0,601.0,618.0,2.32,2370.0,2175.0,1280.0
NRN,10/18/2021,605.7,614.0,569.0,598.0,-3.24,21743.0,2175.0,1280.0
NRN,10/19/2021,600.0,600.0,570.0,571.0,-4.52,7114.0,2175.0,1280.0
NRN,10/20/2021,582.4,605.8,582.4,590.0,3.33,7270.0,2175.0,1280.0
NRN,10/21/2021,591.0,596.0,574.1,583.0,-1.19,9994.0,2175.0,1280.0
NRN,10/24/2021,583.0,603.0,573.0,594.0,1.89,7213.0,2175.0,1280.0
NRN,10/25/2021,605.8,640.0,597.0,640.0,7.74,56462.0,2175.0,1280.0
NRN,10/26/2021,640.0,678.3,627.2,670.0,4.69,45027.0,2175.0,1280.0
NRN,10/27/2021,661.0,696.0,650.0,685.0,2.24,28123.0,2175.0,1280.0
NRN,10/28/2021,672.0,680.0,658.6,679.0,-0.88,20087.0,2175.0,1280.0
NRN,10/31/2021,685.0,716.0,672.1,712.0,4.86,35334.0,2175.0,1280.0
NRN,11/1/2021,724.0,724.0,679.0,685.0,-3.79,34036.0,2175.0,1280.0
NRN,11/2/2021,680.0,703.0,665.0,703.0,2.63,25182.0,2175.0,1280.0
NRN,11/3/2021,717.0,769.0,703.0,753.0,7.11,65781.0,2175.0,1280.0
NRN,11/8/2021,767.0,779.2,746.1,757.0,0.53,26097.0,2175.0,1280.0
NRN,11/9/2021,759.0,759.0,700.0,715.0,-5.55,43023.0,2175.0,1280.0
NRN,11/11/2021,705.0,714.0,687.0,700.0,-2.1,27991.0,2175.0,1280.0
NRN,11/14/2021,690.0,717.0,676.0,700.0,0.0,18892.0,2175.0,1280.0
NRN,11/15/2021,714.0,724.0,691.0,715.0,2.14,34352.0,2175.0,1280.0
NRN,11/16/2021,715.1,733.0,706.0,728.5,1.89,18989.0,2175.0,1280.0
NRN,11/17/2021,738.0,740.0,705.0,706.0,-3.09,28920.0,2175.0,1280.0
NRN,11/18/2021,720.0,720.0,683.5,693.9,-1.71,30169.0,2175.0,1280.0
NRN,11/21/2021,685.0,706.0,671.3,671.3,-3.26,17186.0,2175.0,1280.0
NRN,11/22/2021,684.0,698.0,676.2,688.0,2.49,11529.0,2175.0,1280.0
NRN,11/23/2021,700.0,715.0,660.0,666.0,-3.2,19545.0,2175.0,1280.0
NRN,11/24/2021,655.0,682.0,652.7,660.1,-0.89,24992.0,2175.0,1280.0
NRN,11/25/2021,673.3,673.3,653.0,654.0,-0.92,17243.0,2175.0,1280.0
NRN,11/28/2021,648.0,654.0,620.0,620.0,-5.2,21113.0,2175.0,1280.0
NRN,11/29/2021,630.0,645.0,605.0,614.9,-0.82,21925.0,2175.0,1280.0
NRN,11/30/2021,620.0,625.0,608.0,614.0,-0.15,12468.0,2175.0,1280.0
NRN,12/1/2021,626.2,633.9,617.1,630.7,2.72,14799.0,2175.0,1280.0
NRN,12/2/2021,635.0,635.0,610.0,612.0,-2.96,12222.0,2175.0,1280.0
NRN,12/5/2021,600.0,613.0,592.0,592.0,-3.27,14212.0,2175.0,1280.0
NRN,12/6/2021,583.0,610.0,571.0,610.0,3.04,21562.0,2175.0,1280.0
NRN,12/7/2021,622.2,622.2,578.0,586.0,-3.93,11583.0,2175.0,1280.0
NRN,12/8/2021,580.0,600.0,560.0,560.0,-4.44,10773.0,2175.0,1280.0
NRN,12/9/2021,571.0,571.0,549.0,563.0,0.54,15058.0,2175.0,1280.0
NRN,12/12/2021,556.0,563.0,522.5,522.5,-7.19,12748.0,2175.0,1280.0
NRN,12/13/2021,513.0,522.5,502.0,513.0,-1.82,21662.0,2175.0,1280.0
NRN,12/14/2021,523.0,564.3,513.0,564.3,10.0,8630.0,2175.0,1280.0
NRN,12/15/2021,575.5,596.0,544.0,560.0,-0.76,23030.0,2175.0,1280.0
NRN,12/16/2021,571.2,571.2,525.0,532.0,-5.0,21530.0,2175.0,1280.0
NRN,12/20/2021,522.0,525.3,505.0,513.5,-3.48,18498.0,2175.0,1280.0
NRN,12/21/2021,518.0,535.0,504.0,527.6,2.75,7549.0,2175.0,1280.0
NRN,12/22/2021,538.0,569.0,528.0,546.0,3.49,16364.0,2175.0,1280.0
NRN,12/23/2021,540.0,561.0,537.0,543.0,-0.55,14552.0,2175.0,1280.0
NRN,12/26/2021,532.3,570.0,532.3,555.0,2.21,20413.0,2175.0,1280.0
NRN,12/27/2021,555.0,576.0,545.0,550.0,-0.9,21753.0,2175.0,1280.0
NRN,12/28/2021,539.0,550.0,530.0,540.0,-1.82,7418.0,2175.0,1280.0
NRN,12/29/2021,549.0,549.0,531.2,537.0,-0.56,14274.0,2175.0,1280.0
NRN,1/2/2022,510.0,534.0,510.0,533.0,-0.74,8484.0,2175.0,1280.0
NRN,1/3/2022,543.6,565.9,529.0,558.0,4.69,17141.0,2175.0,1280.0
NRN,1/4/2022,559.0,581.0,536.1,579.0,3.76,22871.0,2175.0,1280.0
NRN,1/5/2022,581.0,595.0,555.0,566.0,-2.25,16479.0,2175.0,1280.0
NRN,1/6/2022,577.0,580.0,555.1,574.0,1.41,7993.0,2175.0,1280.0
NRN,1/9/2022,584.0,623.0,577.0,620.0,8.01,54733.0,2175.0,1280.0
NRN,1/10/2022,632.3,640.0,615.0,630.0,1.61,28406.0,2175.0,1280.0
NRN,1/11/2022,630.0,655.0,630.0,643.1,2.08,16037.0,2175.0,1280.0
NRN,1/12/2022,649.0,666.0,623.3,629.0,-2.19,67305.0,2175.0,1280.0
NRN,1/13/2022,629.0,649.7,625.0,648.0,3.02,22927.0,2175.0,1280.0
NRN,1/16/2022,660.9,682.0,651.0,668.0,3.09,45677.0,2175.0,1280.0
NRN,1/17/2022,680.0,728.0,670.0,720.0,7.78,87884.0,2175.0,1280.0
NRN,1/18/2022,730.0,736.0,692.0,700.0,-2.78,44668.0,2175.0,1280.0
NRN,1/19/2022,700.0,705.0,686.0,692.0,-1.14,49584.0,2175.0,1280.0
NRN,1/20/2022,680.0,714.0,680.0,710.0,2.6,17220.0,2175.0,1280.0
NRN,1/23/2022,724.0,728.0,699.1,720.0,1.41,50621.0,2175.0,1280.0
NRN,1/24/2022,706.0,707.0,671.1,680.0,-5.56,47307.0,2175.0,1280.0
NRN,1/25/2022,667.2,693.0,667.2,683.0,0.44,22348.0,2175.0,1280.0
NRN,1/26/2022,690.0,690.0,661.0,670.0,-1.9,23844.0,2175.0,1280.0
NRN,1/27/2022,682.9,719.0,669.3,718.0,7.16,64025.0,2175.0,1280.0
NRN,1/30/2022,732.3,757.7,720.0,747.0,4.04,79339.0,2175.0,1280.0
NRN,1/31/2022,760.0,805.8,730.1,780.0,4.42,102846.0,2175.0,1280.0
NRN,2/1/2022,780.0,807.5,768.0,782.0,0.26,116779.0,2175.0,1280.0
NRN,2/3/2022,785.0,812.0,770.0,790.0,1.02,101519.0,2175.0,1280.0
NRN,2/6/2022,798.0,836.0,780.0,820.0,3.8,120666.0,2175.0,1280.0
NRN,2/7/2022,820.0,834.5,800.1,815.0,-0.61,87227.0,2175.0,1280.0
NRN,2/8/2022,820.0,836.0,793.0,796.0,-2.33,51850.0,2175.0,1280.0
NRN,2/9/2022,782.0,800.0,780.1,786.0,-1.26,40871.0,2175.0,1280.0
NRN,2/10/2022,775.0,792.0,763.5,779.0,-0.89,22054.0,2175.0,1280.0
NRN,2/13/2022,764.0,764.0,719.0,726.0,-6.8,56401.0,2175.0,1280.0
NRN,2/14/2022,730.0,740.5,717.0,735.0,1.24,32539.0,2175.0,1280.0
NRN,2/15/2022,748.9,762.9,720.0,760.0,3.4,44549.0,2175.0,1280.0
NRN,2/16/2022,772.0,772.0,734.0,748.0,-1.58,11836.0,2175.0,1280.0
NRN,2/17/2022,735.0,756.0,733.3,735.0,-1.74,23293.0,2175.0,1280.0
NRN,2/20/2022,720.3,739.0,708.0,726.0,-1.22,26660.0,2175.0,1280.0
NRN,2/21/2022,740.5,784.0,721.3,765.0,5.37,43028.0,2175.0,1280.0
NRN,2/22/2022,780.0,780.3,760.0,768.0,0.39,40085.0,2175.0,1280.0
NRN,2/23/2022,770.0,813.0,756.0,806.0,4.95,100612.0,2175.0,1280.0
NRN,2/24/2022,805.0,830.0,784.0,793.0,-1.61,138545.0,2175.0,1280.0
NRN,2/27/2022,808.0,809.2,767.4,782.0,-1.39,45106.0,2175.0,1280.0
NRN,2/28/2022,796.0,797.0,730.0,735.0,-6.01,51048.0,2175.0,1280.0
NRN,3/2/2022,729.0,755.0,692.0,695.0,-5.44,82827.0,2175.0,1280.0
NRN,3/6/2022,705.0,718.0,679.0,689.0,-0.86,17470.0,2175.0,1280.0
NRN,3/7/2022,680.0,694.0,666.0,675.0,-2.03,17052.0,2175.0,1280.0
NRN,3/9/2022,675.0,700.0,650.2,658.0,-2.52,49560.0,2175.0,1280.0
NRN,3/10/2022,660.0,699.7,660.0,699.7,6.34,44837.0,2175.0,1280.0
NRN,3/13/2022,705.0,724.0,690.0,710.9,1.6,66093.0,2175.0,1280.0
NRN,3/14/2022,711.0,717.0,696.7,700.0,-1.53,22545.0,2175.0,1280.0
NRN,3/15/2022,706.0,710.0,685.0,703.0,0.43,36329.0,2175.0,1280.0
NRN,3/16/2022,702.0,710.0,688.0,694.0,-1.28,16936.0,2175.0,1280.0
NRN,3/20/2022,700.0,705.0,681.5,690.0,-0.58,11315.0,2175.0,1280.0
NRN,3/21/2022,684.1,710.0,682.2,710.0,2.9,18800.0,2175.0,1280.0
NRN,3/22/2022,710.0,718.8,693.0,699.0,-1.55,18118.0,2175.0,1280.0
NRN,3/23/2022,699.0,711.0,685.0,706.0,1.0,34046.0,2175.0,1280.0
NRN,3/24/2022,694.0,714.0,687.0,695.0,-1.56,11273.0,2175.0,1280.0
NRN,3/27/2022,690.0,700.0,675.0,693.8,-0.17,44959.0,2175.0,1280.0
NRN,3/28/2022,681.0,689.0,668.0,674.0,-2.85,20562.0,2175.0,1280.0
NRN,3/29/2022,662.0,690.1,658.0,661.0,-1.93,13515.0,2175.0,1280.0
NRN,3/30/2022,669.0,680.0,656.2,673.1,1.83,8233.0,2175.0,1280.0
NRN,3/31/2022,681.4,684.0,653.0,653.0,-2.99,13179.0,2175.0,1280.0
NRN,4/3/2022,650.0,675.0,650.0,657.2,0.64,9619.0,2175.0,1280.0
NRN,4/4/2022,653.0,665.0,650.0,655.0,-0.33,10254.0,2175.0,1280.0
NRN,4/5/2022,651.1,651.1,632.1,644.0,-1.68,16170.0,2175.0,1280.0
NRN,4/6/2022,635.0,651.0,630.0,630.0,-2.17,8944.0,2175.0,1280.0
NRN,4/7/2022,630.0,651.0,630.0,641.0,1.75,10637.0,2175.0,1280.0
NRN,4/11/2022,653.8,653.8,627.0,637.0,-0.62,12812.0,2175.0,1280.0
NRN,4/12/2022,625.0,637.0,603.0,618.0,-2.98,11668.0,2175.0,1280.0
NRN,4/13/2022,615.0,630.3,607.0,620.0,0.32,11126.0,2175.0,1280.0
NRN,4/17/2022,610.1,619.0,589.0,600.0,-3.23,14932.0,2175.0,1280.0
NRN,4/18/2022,589.0,590.0,540.0,550.0,-8.33,21801.0,2175.0,1280.0
NRN,4/19/2022,550.0,575.0,535.0,555.0,0.91,17332.0,2175.0,1280.0
NRN,4/20/2022,555.0,566.0,540.0,540.0,-2.7,12030.0,2175.0,1280.0
NRN,4/21/2022,534.0,560.0,534.0,549.0,1.67,14637.0,2175.0,1280.0
NRN,4/24/2022,550.0,589.0,538.1,586.0,6.74,15929.0,2175.0,1280.0
NRN,4/25/2022,585.0,595.5,574.0,575.1,-1.86,24613.0,2175.0,1280.0
NRN,4/26/2022,563.6,581.0,560.0,570.0,-0.89,9188.0,2175.0,1280.0
NRN,4/27/2022,570.0,579.0,558.8,570.0,0.0,7135.0,2175.0,1280.0
NRN,4/28/2022,570.0,580.5,556.0,556.0,-2.46,6789.0,2175.0,1280.0
NRN,5/2/2022,548.0,558.0,537.2,545.0,-1.98,8472.0,2175.0,1280.0
NRN,5/4/2022,543.1,552.0,527.0,537.0,-1.47,5550.0,2175.0,1280.0
NRN,5/5/2022,526.5,531.0,508.0,525.0,-2.23,18347.0,2175.0,1280.0
NRN,5/8/2022,515.0,539.5,500.0,539.0,2.67,3813.0,2175.0,1280.0
NRN,5/9/2022,549.7,550.0,523.0,539.0,0.0,6541.0,2175.0,1280.0
NRN,5/10/2022,547.0,564.0,537.0,563.1,4.47,8932.0,2175.0,1280.0
NRN,5/11/2022,564.0,592.0,560.0,590.0,4.78,8769.0,2175.0,1280.0
NRN,5/12/2022,591.0,593.0,566.1,573.9,-2.73,10380.0,2175.0,1280.0
NRN,5/17/2022,563.0,565.0,539.0,539.0,-6.08,6325.0,2175.0,1280.0
NRN,5/18/2022,532.0,556.0,531.0,556.0,3.15,8034.0,2175.0,1280.0
NRN,5/19/2022,545.0,578.3,545.0,549.0,-1.26,12360.0,2175.0,1280.0
NRN,5/20/2022,540.0,556.0,540.0,551.0,0.36,11090.0,2175.0,1280.0
NRN,5/23/2022,545.0,545.0,524.3,530.9,-3.65,4518.0,2175.0,1280.0
NRN,5/24/2022,521.1,550.0,521.1,547.0,3.03,5747.0,2175.0,1280.0
NRN,5/25/2022,557.9,560.0,540.0,540.1,-1.26,7507.0,2175.0,1280.0
NRN,5/26/2022,550.0,550.0,536.0,540.0,-0.02,7150.0,2175.0,1280.0
NRN,5/27/2022,532.2,540.0,527.3,530.0,-1.85,6425.0,2175.0,1280.0
NRN,5/30/2022,520.0,522.0,509.6,512.0,-3.4,4735.0,2175.0,1280.0
NRN,5/31/2022,507.0,522.0,502.0,511.0,-0.2,10558.0,2175.0,1280.0
NRN,6/1/2022,512.0,515.0,507.2,510.0,-0.2,4810.0,2175.0,1280.0
NRN,6/2/2022,520.0,520.0,505.0,509.0,-0.2,3178.0,2175.0,1280.0
NRN,6/3/2022,499.1,512.0,499.1,508.0,-0.2,3911.0,2175.0,1280.0
NRN,6/6/2022,517.0,518.0,499.0,505.0,-0.59,7286.0,2175.0,1280.0
NRN,6/7/2022,495.0,512.0,480.0,489.6,-3.05,7464.0,2175.0,1280.0
NRN,6/8/2022,480.0,521.0,480.0,507.0,3.55,11244.0,2175.0,1280.0
NRN,6/9/2022,509.0,517.0,497.0,499.9,-1.4,9477.0,2175.0,1280.0
NRN,6/10/2022,500.0,510.0,488.2,502.0,0.42,7739.0,2175.0,1280.0
NRN,6/13/2022,512.0,512.0,495.0,497.0,-1.0,3913.0,2175.0,1280.0
NRN,6/14/2022,493.0,494.0,480.0,484.0,-2.62,6546.0,2175.0,1280.0
NRN,6/15/2022,475.5,493.0,460.0,481.0,-0.62,12168.0,2175.0,1280.0
NRN,6/16/2022,490.6,490.6,464.0,475.0,-1.25,9435.0,2175.0,1280.0
NRN,6/17/2022,481.9,481.9,460.6,469.0,-1.26,2250.0,2175.0,1280.0
NRN,6/19/2022,478.0,478.0,441.0,441.0,-5.97,6809.0,2175.0,1280.0
NRN,6/20/2022,433.0,438.0,418.0,425.2,-3.58,6794.0,2175.0,1280.0
NRN,6/21/2022,425.2,455.0,425.2,452.8,6.49,7123.0,2175.0,1280.0
NRN,6/22/2022,443.8,443.8,435.0,437.0,-3.49,4645.0,2175.0,1280.0
NRN,6/23/2022,429.0,429.0,417.0,420.0,-3.89,6516.0,2175.0,1280.0
NRN,6/24/2022,413.0,438.0,413.0,422.0,0.48,2117.0,2175.0,1280.0
NRN,6/26/2022,422.0,464.2,422.0,464.2,10.0,8029.0,2175.0,1280.0
NRN,6/27/2022,473.0,474.0,448.0,453.9,-2.22,9443.0,2175.0,1280.0
NRN,6/28/2022,445.0,456.0,435.0,450.0,-0.86,3618.0,2175.0,1280.0
NRN,6/29/2022,450.0,473.0,442.0,466.0,3.56,10308.0,2175.0,1280.0
NRN,6/30/2022,470.0,508.9,470.0,502.0,7.73,22856.0,2175.0,1280.0
NRN,7/1/2022,512.0,517.0,488.0,490.0,-2.39,3456.0,2175.0,1280.0
NRN,7/3/2022,480.2,525.0,470.6,524.0,6.94,14077.0,2175.0,1280.0
NRN,7/4/2022,524.0,539.0,496.0,500.0,-4.58,60284.0,2175.0,1280.0
NRN,7/5/2022,491.0,519.0,490.0,503.0,0.6,40076.0,2175.0,1280.0
NRN,7/6/2022,513.0,513.0,490.0,513.0,1.99,13291.0,2175.0,1280.0
NRN,7/7/2022,513.1,519.0,499.0,508.0,-0.97,20636.0,2175.0,1280.0
NRN,7/8/2022,498.0,498.0,485.1,497.0,-2.17,9960.0,2175.0,1280.0
NRN,7/11/2022,487.1,487.1,457.2,466.2,-6.2,32591.0,2175.0,1280.0
NRN,7/12/2022,468.0,512.0,445.0,504.5,8.22,23055.0,2175.0,1280.0
NRN,7/13/2022,500.0,535.0,490.0,526.0,4.26,25137.0,2175.0,1280.0
NRN,7/14/2022,530.0,533.0,510.5,532.0,1.14,24669.0,2175.0,1280.0
NRN,7/15/2022,521.4,529.0,513.0,516.5,-2.91,13218.0,2175.0,1280.0
NRN,7/17/2022,507.5,518.9,500.0,515.0,-0.29,16707.0,2175.0,1280.0
NRN,7/18/2022,513.0,525.0,497.1,515.0,0.0,11412.0,2175.0,1280.0
NRN,7/19/2022,518.9,545.7,518.0,534.5,3.79,29419.0,2175.0,1280.0
NRN,7/20/2022,524.0,547.0,521.1,542.9,1.57,28548.0,2175.0,1280.0
NRN,7/21/2022,545.0,545.0,526.5,533.0,-1.82,11726.0,2175.0,1280.0
NRN,7/22/2022,525.0,532.0,513.1,515.0,-3.38,18796.0,2175.0,1280.0
NRN,7/24/2022,525.0,542.0,515.0,542.0,5.24,26075.0,2175.0,1280.0
NRN,7/25/2022,552.7,568.0,545.1,559.0,3.14,31045.0,2175.0,1280.0
NRN,7/26/2022,550.0,570.2,539.0,541.1,-3.2,28064.0,2175.0,1280.0
NRN,7/27/2022,543.0,561.9,531.1,560.0,3.49,28717.0,2175.0,1280.0
NRN,7/28/2022,571.2,580.0,542.0,559.0,-0.18,34273.0,2175.0,1280.0
NRN,7/29/2022,548.0,569.0,548.0,555.0,-0.72,9225.0,2175.0,1280.0
NRN,7/31/2022,565.0,574.0,555.0,563.0,1.44,18821.0,2175.0,1280.0
NRN,8/1/2022,563.0,566.0,550.0,550.0,-2.31,23547.0,2175.0,1280.0
NRN,8/2/2022,553.0,566.0,546.0,550.0,0.0,15598.0,2175.0,1280.0
NRN,8/3/2022,540.0,565.0,540.0,558.5,1.55,18966.0,2175.0,1280.0
NRN,8/4/2022,550.0,567.0,539.0,541.9,-2.97,17935.0,2175.0,1280.0
NRN,8/5/2022,533.0,550.0,520.0,550.0,1.49,19917.0,2175.0,1280.0
NRN,8/7/2022,540.0,557.0,539.0,545.0,-0.91,10557.0,2175.0,1280.0
NRN,8/8/2022,536.0,549.0,528.3,534.0,-2.02,10188.0,2175.0,1280.0
NRN,8/9/2022,523.4,532.0,506.0,515.0,-3.56,25181.0,2175.0,1280.0
NRN,8/10/2022,505.0,514.0,505.0,510.0,-0.97,8483.0,2175.0,1280.0
NRN,8/11/2022,520.2,520.2,493.0,493.0,-3.33,10699.0,2175.0,1280.0
NRN,8/14/2022,483.2,500.0,483.2,488.0,-1.01,9719.0,2175.0,1280.0
NRN,8/15/2022,484.0,514.8,483.1,514.8,5.49,6965.0,2175.0,1280.0
NRN,8/16/2022,505.1,526.0,495.0,495.1,-3.83,19696.0,2175.0,1280.0
NRN,8/17/2022,495.1,508.9,493.0,496.0,0.18,6468.0,2175.0,1280.0
NRN,8/18/2022,505.9,525.0,496.0,520.0,4.84,20542.0,2175.0,1280.0
NRN,8/21/2022,530.0,530.0,512.0,513.1,-1.33,11355.0,2175.0,1280.0
NRN,8/22/2022,503.0,520.0,503.0,517.0,0.76,10665.0,2175.0,1280.0
NRN,8/23/2022,507.2,517.0,507.2,515.2,-0.35,7293.0,2175.0,1280.0
NRN,8/24/2022,525.5,525.5,508.1,514.0,-0.23,4947.0,2175.0,1280.0
NRN,8/25/2022,503.8,515.0,497.0,497.0,-3.31,7002.0,2175.0,1280.0
NRN,8/26/2022,491.0,496.8,485.2,490.0,-1.41,11149.0,2175.0,1280.0
NRN,8/28/2022,480.3,494.7,474.0,479.0,-2.24,10017.0,2175.0,1280.0
NRN,8/29/2022,472.0,487.0,466.0,485.0,1.25,9000.0,2175.0,1280.0
NRN,8/30/2022,494.7,494.7,472.0,473.0,-2.47,6488.0,2175.0,1280.0
NRN,8/31/2022,463.6,480.0,463.4,464.4,-1.82,9551.0,2175.0,1280.0
NRN,9/1/2022,460.0,472.9,454.0,468.0,0.78,8758.0,2175.0,1280.0
NRN,9/2/2022,477.0,478.0,461.0,472.0,0.85,3673.0,2175.0,1280.0
NRN,9/4/2022,478.0,482.0,463.0,482.0,2.12,4886.0,2175.0,1280.0
NRN,9/5/2022,473.4,483.0,473.4,480.0,-0.41,2637.0,2175.0,1280.0
NRN,9/6/2022,484.0,485.0,461.6,470.9,-1.9,3696.0,2175.0,1280.0
NRN,9/7/2022,463.0,469.7,451.0,457.9,-2.76,6226.0,2175.0,1280.0
NRN,9/8/2022,455.0,470.0,449.0,469.6,2.56,6596.0,2175.0,1280.0
NRN,9/11/2022,470.0,475.0,457.0,464.0,-1.19,1312.0,2175.0,1280.0
NRN,9/12/2022,455.5,456.0,449.0,455.0,-1.94,4303.0,2175.0,1280.0
NRN,9/13/2022,461.9,465.0,446.1,463.0,1.76,2881.0,2175.0,1280.0
NRN,9/14/2022,462.0,479.0,461.2,476.9,3.0,13105.0,2175.0,1280.0
NRN,9/15/2022,486.4,486.4,446.0,454.0,-4.8,12339.0,2175.0,1280.0
NRN,9/16/2022,445.0,464.0,438.0,464.0,2.2,4663.0,2175.0,1280.0
NRN,9/18/2022,473.2,473.2,435.0,436.0,-6.03,8224.0,2175.0,1280.0
NRN,9/20/2022,429.0,436.0,415.5,429.0,-1.61,8386.0,2175.0,1280.0
NRN,9/21/2022,430.0,437.0,421.0,425.0,-0.93,3462.0,2175.0,1280.0
NRN,9/22/2022,432.0,432.0,415.0,428.8,0.89,8252.0,2175.0,1280.0
NRN,9/25/2022,421.5,428.0,413.0,420.0,-2.05,4466.0,2175.0,1280.0
NRN,9/27/2022,428.0,428.0,410.0,428.0,1.9,6003.0,2175.0,1280.0
NRN,9/28/2022,426.0,431.0,420.0,425.0,-0.7,3045.0,2175.0,1280.0
NRN,9/29/2022,432.9,432.9,419.0,420.0,-1.18,967.0,2175.0,1280.0
NRN,10/9/2022,428.4,454.0,412.3,441.9,5.21,1245.0,2175.0,1280.0
NRN,10/10/2022,433.2,438.5,421.5,423.1,-4.25,6500.0,2175.0,1280.0
NRN,10/11/2022,416.1,429.7,415.3,415.3,-1.84,9588.0,2175.0,1280.0
NRN,10/12/2022,413.0,429.0,407.0,426.0,2.58,4955.0,2175.0,1280.0
NRN,10/13/2022,417.5,425.8,415.0,423.0,-0.7,7905.0,2175.0,1280.0
NRN,10/16/2022,415.0,423.9,415.0,423.9,0.21,8487.0,2175.0,1280.0
NRN,10/17/2022,416.0,424.3,412.0,412.0,-2.81,1187.0,2175.0,1280.0
NRN,10/19/2022,404.0,427.0,404.0,415.9,0.95,1738.0,2175.0,1280.0
NRN,10/20/2022,409.0,418.0,401.9,410.0,-1.42,5304.0,2175.0,1280.0
NRN,10/23/2022,417.0,417.0,407.0,407.0,-0.73,1464.0,2175.0,1280.0
NRN,10/31/2022,410.0,410.0,399.0,399.0,-1.97,3643.0,2175.0,1280.0
NRN,11/1/2022,405.0,426.0,403.0,421.0,5.51,2488.0,2175.0,1280.0
NRN,11/2/2022,420.0,435.5,420.0,433.0,2.85,10056.0,2175.0,1280.0
NRN,11/3/2022,424.5,428.5,416.2,422.9,-2.33,4271.0,2175.0,1280.0
NRN,11/6/2022,415.0,440.0,415.0,440.0,4.04,3954.0,2175.0,1280.0
NRN,11/7/2022,444.9,460.0,435.0,448.0,1.82,13588.0,2175.0,1280.0
NRN,11/8/2022,456.9,456.9,439.0,444.0,-0.89,6987.0,2175.0,1280.0
NRN,11/9/2022,452.0,452.0,426.1,437.0,-1.58,22545.0,2175.0,1280.0
NRN,11/10/2022,444.0,444.0,411.0,415.0,-5.03,4128.0,2175.0,1280.0
NRN,11/13/2022,415.0,420.0,407.0,410.0,-1.2,6290.0,2175.0,1280.0
NRN,11/14/2022,418.2,425.0,411.0,425.0,3.66,2882.0,2175.0,1280.0
NRN,11/15/2022,420.0,426.7,412.1,412.1,-3.04,7978.0,2175.0,1280.0
NRN,11/16/2022,410.0,422.3,408.0,416.0,0.95,7785.0,2175.0,1280.0
NRN,11/17/2022,424.3,430.0,417.3,427.0,2.64,13758.0,2175.0,1280.0
NRN,11/22/2022,434.5,434.5,410.0,418.0,-2.11,8345.0,2175.0,1280.0
NRN,11/23/2022,410.0,420.0,408.0,409.0,-2.15,6395.0,2175.0,1280.0
NRN,11/24/2022,409.0,421.0,407.0,416.0,1.71,2500.0,2175.0,1280.0
NRN,11/27/2022,410.1,425.0,410.1,425.0,2.16,6845.0,2175.0,1280.0
NRN,11/28/2022,432.9,433.0,416.5,420.9,-0.96,4858.0,2175.0,1280.0
NRN,11/29/2022,418.0,435.0,414.0,421.5,0.14,7309.0,2175.0,1280.0
NRN,11/30/2022,415.0,424.0,414.0,424.0,0.59,2172.0,2175.0,1280.0
NRN,12/1/2022,416.0,426.0,415.6,419.0,-1.18,3828.0,2175.0,1280.0
NRN,12/4/2022,417.1,421.0,412.3,414.0,-1.19,12564.0,2175.0,1280.0
NRN,12/5/2022,413.2,418.0,408.4,414.0,0.0,7241.0,2175.0,1280.0
NRN,12/6/2022,409.0,410.0,400.0,410.0,-0.97,10681.0,2175.0,1280.0
NRN,12/7/2022,401.9,408.9,401.9,408.8,-0.29,7633.0,2175.0,1280.0
NRN,12/11/2022,416.0,416.0,395.0,400.0,-2.15,10350.0,2175.0,1280.0
NRN,12/12/2022,392.0,408.0,392.0,405.0,1.25,7199.0,2175.0,1280.0
NRN,12/13/2022,413.1,413.1,395.0,399.1,-1.46,4800.0,2175.0,1280.0
NRN,12/14/2022,399.0,407.0,398.0,406.0,1.73,1117.0,2175.0,1280.0
NRN,12/15/2022,398.1,402.0,396.0,396.0,-2.46,4552.0,2175.0,1280.0
NRN,12/18/2022,391.1,400.0,390.2,394.0,-0.51,5049.0,2175.0,1280.0
NRN,12/19/2022,394.0,401.0,390.2,401.0,1.78,4573.0,2175.0,1280.0
NRN,12/20/2022,393.1,400.0,390.0,396.0,-1.25,4328.0,2175.0,1280.0
NRN,12/21/2022,388.2,408.0,388.2,391.2,-1.21,3170.0,2175.0,1280.0
NRN,12/22/2022,385.0,396.0,385.0,390.0,-0.31,1526.0,2175.0,1280.0
NRN,12/26/2022,392.0,424.0,392.0,424.0,8.72,12196.0,2175.0,1280.0
NRN,12/27/2022,426.0,454.0,419.0,437.9,3.28,32757.0,2175.0,1280.0
NRN,12/28/2022,435.0,444.5,421.0,435.0,-0.66,16531.0,2175.0,1280.0
NRN,12/29/2022,430.0,456.5,427.1,453.5,4.25,22957.0,2175.0,1280.0
NRN,1/1/2023,450.1,465.0,436.1,436.1,-3.84,34628.0,2175.0,1280.0
NRN,1/2/2023,444.8,453.6,430.0,444.0,1.81,13567.0,2175.0,1280.0
NRN,1/3/2023,438.4,465.0,438.4,459.0,3.38,31940.0,2175.0,1280.0
NRN,1/4/2023,450.1,503.0,450.1,496.0,8.06,46919.0,2175.0,1280.0
NRN,1/5/2023,504.9,512.9,480.0,487.0,-1.81,24291.0,2175.0,1280.0
NRN,1/8/2023,487.0,501.7,468.0,486.0,-0.21,41606.0,2175.0,1280.0
NRN,1/9/2023,483.0,505.0,476.3,495.0,1.85,37456.0,2175.0,1280.0
NRN,1/10/2023,504.9,523.0,490.0,491.0,-0.81,58994.0,2175.0,1280.0
NRN,1/12/2023,500.8,504.0,478.3,486.0,-1.02,32269.0,2175.0,1280.0
NRN,1/17/2023,490.0,511.0,480.2,507.0,4.32,22474.0,2175.0,1280.0
NRN,1/18/2023,517.0,522.0,494.0,506.0,-0.2,33567.0,2175.0,1280.0
NRN,1/19/2023,500.0,539.0,497.0,536.5,6.03,69655.0,2175.0,1280.0
NRN,1/23/2023,540.0,547.0,526.0,526.0,-1.96,46855.0,2175.0,1280.0
NRN,1/24/2023,526.0,530.0,516.0,520.0,-1.14,21127.0,2175.0,1280.0
NRN,1/25/2023,520.0,540.0,520.0,532.0,2.31,21381.0,2175.0,1280.0
NRN,1/26/2023,542.6,548.0,522.3,533.0,0.19,24850.0,2175.0,1280.0
NRN,1/29/2023,522.4,532.0,518.5,519.0,-2.63,11015.0,2175.0,1280.0
NRN,1/30/2023,515.1,524.2,493.0,495.0,-4.62,20433.0,2175.0,1280.0
NRN,1/31/2023,500.0,513.0,491.3,499.0,0.81,9051.0,2175.0,1280.0
NRN,2/1/2023,495.0,506.0,490.1,502.0,0.6,8597.0,2175.0,1280.0
NRN,2/2/2023,495.1,506.9,488.0,495.0,-1.39,7979.0,2175.0,1280.0
NRN,2/5/2023,504.0,504.0,486.0,499.1,0.83,3523.0,2175.0,1280.0
NRN,2/6/2023,490.0,500.0,481.1,490.0,-1.82,9569.0,2175.0,1280.0
NRN,2/7/2023,495.0,518.0,487.0,518.0,5.71,15268.0,2175.0,1280.0
NRN,2/8/2023,518.0,524.0,510.0,514.5,-0.68,19666.0,2175.0,1280.0
NRN,2/9/2023,504.3,515.1,502.0,513.0,-0.29,7960.0,2175.0,1280.0
NRN,2/12/2023,504.0,504.0,490.0,497.5,-3.02,14821.0,2175.0,1280.0
NRN,2/14/2023,490.0,499.0,488.1,492.0,-1.11,5651.0,2175.0,1280.0
NRN,2/15/2023,483.2,501.0,483.2,485.0,-1.42,5954.0,2175.0,1280.0
NRN,2/16/2023,477.1,490.0,477.1,488.0,0.62,8883.0,2175.0,1280.0
NRN,2/20/2023,478.7,488.0,470.0,485.0,-0.61,2967.0,2175.0,1280.0
NRN,2/22/2023,476.1,498.0,476.1,495.0,2.06,3084.0,2175.0,1280.0
NRN,2/23/2023,485.1,485.1,473.0,480.0,-3.03,5328.0,2175.0,1280.0
NRN,2/26/2023,477.0,485.0,461.3,480.0,0.0,7805.0,2175.0,1280.0
NRN,2/27/2023,475.0,498.0,468.0,486.0,1.25,3814.0,2175.0,1280.0
NRN,2/28/2023,480.0,489.0,477.0,485.0,-0.21,3215.0,2175.0,1280.0
NRN,3/1/2023,476.0,478.0,467.4,467.4,-3.63,3816.0,2175.0,1280.0
NRN,3/2/2023,461.1,485.0,460.0,465.0,-0.51,3542.0,2175.0,1280.0
NRN,3/5/2023,456.0,470.0,442.0,458.9,-1.31,5697.0,2175.0,1280.0
NRN,3/7/2023,450.1,469.0,450.1,469.0,2.2,5568.0,2175.0,1280.0
NRN,3/9/2023,478.0,483.0,459.7,481.0,2.56,4980.0,2175.0,1280.0
NRN,3/12/2023,473.5,485.0,465.0,473.9,-1.48,5771.0,2175.0,1280.0
NRN,3/13/2023,477.0,483.0,455.0,464.0,-2.09,3386.0,2175.0,1280.0
NRN,3/14/2023,465.0,475.0,455.7,464.8,0.17,3483.0,2175.0,1280.0
NRN,3/15/2023,460.0,465.0,450.8,463.9,-0.19,6825.0,2175.0,1280.0
NRN,3/16/2023,454.7,470.0,450.0,470.0,1.31,4738.0,2175.0,1280.0
NRN,3/19/2023,460.6,461.0,451.4,457.0,-2.77,4626.0,2175.0,1280.0
NRN,3/20/2023,448.1,468.8,448.1,468.8,2.58,3710.0,2175.0,1280.0
NRN,3/22/2023,460.5,475.0,456.0,465.0,-0.81,3296.0,2175.0,1280.0
NRN,3/23/2023,456.0,459.9,445.0,458.0,-1.51,3575.0,2175.0,1280.0
NRN,3/26/2023,448.9,457.0,440.1,441.0,-3.71,1808.0,2175.0,1280.0
NRN,3/27/2023,434.0,461.9,434.0,460.0,4.31,10443.0,2175.0,1280.0
NRN,3/28/2023,460.0,470.0,451.0,465.0,1.09,5269.0,2175.0,1280.0
NRN,3/29/2023,460.0,462.0,447.1,461.0,-0.86,7501.0,2175.0,1280.0
NRN,3/30/2023,453.0,459.0,451.0,451.0,-2.17,2073.0,2175.0,1280.0
NRN,4/2/2023,455.0,455.0,443.2,449.9,-0.24,1656.0,2175.0,1280.0
NRN,4/3/2023,441.0,450.0,435.0,435.0,-3.31,11814.0,2175.0,1280.0
NRN,4/4/2023,435.0,449.8,428.0,448.0,2.99,7169.0,2175.0,1280.0
NRN,4/5/2023,440.0,454.0,432.1,447.9,-0.02,4751.0,2175.0,1280.0
NRN,4/6/2023,447.0,447.0,436.1,437.0,-2.43,4033.0,2175.0,1280.0
NRN,4/9/2023,429.0,445.6,425.7,438.6,0.37,7738.0,2175.0,1280.0
NRN,4/10/2023,440.0,442.0,425.0,442.0,0.78,5038.0,2175.0,1280.0
NRN,4/11/2023,433.2,449.0,430.0,449.0,1.58,3556.0,2175.0,1280.0
NRN,4/12/2023,440.1,486.0,440.1,484.0,7.8,6884.0,2175.0,1280.0
NRN,4/13/2023,486.0,486.0,460.1,460.1,-4.94,8047.0,2175.0,1280.0
NRN,4/16/2023,451.0,470.0,451.0,468.0,1.72,1597.0,2175.0,1280.0
NRN,4/17/2023,475.0,475.0,450.1,462.0,-1.28,4142.0,2175.0,1280.0
NRN,4/18/2023,452.8,464.0,440.0,455.0,-1.52,3418.0,2175.0,1280.0
NRN,4/19/2023,452.8,464.1,443.8,458.9,0.86,2733.0,2175.0,1280.0
NRN,4/20/2023,450.0,465.0,445.0,454.9,-0.87,949.0,2175.0,1280.0
NRN,4/23/2023,445.9,459.0,445.0,445.0,-2.18,8096.0,2175.0,1280.0
NRN,4/24/2023,436.3,453.9,436.3,453.9,2.0,2889.0,2175.0,1280.0
NRN,4/25/2023,444.9,462.9,442.1,457.5,0.79,2236.0,2175.0,1280.0
NRN,4/26/2023,448.4,457.3,439.7,451.9,-1.22,1390.0,2175.0,1280.0
NRN,4/27/2023,443.0,454.8,443.0,450.0,-0.42,2647.0,2175.0,1280.0
NRN,4/30/2023,441.2,450.0,441.2,449.5,-0.11,1245.0,2175.0,1280.0
NRN,5/2/2023,441.1,458.4,441.1,448.0,-0.33,5687.0,2175.0,1280.0
NRN,5/3/2023,440.5,449.0,434.0,449.0,0.22,2663.0,2175.0,1280.0
NRN,5/4/2023,440.1,453.0,432.2,445.2,-0.85,2850.0,2175.0,1280.0
NRN,5/7/2023,440.0,443.0,435.0,437.2,-1.8,2859.0,2175.0,1280.0
NRN,5/8/2023,434.0,440.0,430.0,439.0,0.41,5074.0,2175.0,1280.0
NRN,5/9/2023,430.3,447.0,430.3,444.0,1.14,1604.0,2175.0,1280.0
NRN,5/10/2023,436.0,442.0,430.6,440.0,-0.9,1105.0,2175.0,1280.0
NRN,5/11/2023,432.0,442.0,432.0,442.0,0.45,614.0,2175.0,1280.0
NRN,5/14/2023,434.2,436.9,428.1,436.9,-1.15,3601.0,2175.0,1280.0
NRN,5/15/2023,428.5,439.9,428.3,439.9,0.69,5255.0,2175.0,1280.0
NRN,5/16/2023,432.1,439.0,427.1,436.5,-0.77,1276.0,2175.0,1280.0
NRN,5/17/2023,433.0,444.7,428.3,444.7,1.88,2573.0,2175.0,1280.0
NRN,5/18/2023,436.0,462.0,433.0,451.3,1.48,7519.0,2175.0,1280.0
NRN,5/21/2023,460.0,460.3,435.2,447.9,-0.75,8369.0,2175.0,1280.0
NRN,5/22/2023,439.0,467.0,439.0,453.0,1.14,6680.0,2175.0,1280.0
NRN,5/23/2023,444.0,473.0,444.0,473.0,4.42,14269.0,2175.0,1280.0
NRN,5/24/2023,463.6,484.0,460.0,484.0,2.33,15615.0,2175.0,1280.0
NRN,5/28/2023,475.0,493.0,466.0,473.0,-2.27,12111.0,2175.0,1280.0
NRN,5/30/2023,463.6,463.6,445.5,454.0,-4.02,12166.0,2175.0,1280.0
NRN,5/31/2023,445.0,470.0,436.4,449.0,-1.1,14727.0,2175.0,1280.0
NRN,6/1/2023,442.0,452.0,437.3,451.9,0.65,9847.0,2175.0,1280.0
NRN,6/4/2023,460.0,469.5,453.0,465.0,2.9,6422.0,2175.0,1280.0
NRN,6/5/2023,466.0,472.0,456.2,461.0,-0.86,9035.0,2175.0,1280.0
NRN,6/6/2023,460.0,479.0,455.5,477.0,3.47,8062.0,2175.0,1280.0
NRN,6/7/2023,468.1,483.0,467.7,470.0,-1.47,5450.0,2175.0,1280.0
NRN,6/8/2023,470.0,489.8,464.1,484.0,2.98,20370.0,2175.0,1280.0
NRN,6/11/2023,492.0,508.0,483.3,507.9,4.94,35833.0,2175.0,1280.0
NRN,6/12/2023,501.0,507.0,488.0,493.0,-2.93,15953.0,2175.0,1280.0
NRN,6/13/2023,488.1,524.1,488.1,510.0,3.45,23412.0,2175.0,1280.0
NRN,6/14/2023,518.0,526.0,500.0,512.0,0.39,24096.0,2175.0,1280.0
NRN,6/15/2023,503.1,510.0,492.5,506.0,-1.17,20363.0,2175.0,1280.0
NRN,6/18/2023,497.0,514.0,497.0,512.0,1.19,16023.0,2175.0,1280.0
NRN,6/19/2023,504.0,511.0,493.8,510.0,-0.39,22429.0,2175.0,1280.0
NRN,6/20/2023,505.5,520.2,499.1,505.0,-0.98,31437.0,2175.0,1280.0
NRN,6/21/2023,495.3,510.0,490.0,490.0,-2.97,15225.0,2175.0,1280.0
NRN,6/22/2023,480.2,506.0,480.0,484.0,-1.22,14783.0,2175.0,1280.0
NRN,6/25/2023,489.0,509.0,489.0,508.0,4.96,24525.0,2175.0,1280.0
NRN,6/26/2023,502.1,515.0,498.0,500.0,-1.57,21775.0,2175.0,1280.0
NRN,6/27/2023,500.0,540.0,500.0,540.0,8.0,75541.0,2175.0,1280.0
NRN,6/28/2023,550.0,580.0,527.5,564.0,4.44,80215.0,2175.0,1280.0
NRN,7/2/2023,570.0,570.0,526.0,528.0,-6.38,62104.0,2175.0,1280.0
NRN,7/3/2023,523.2,543.7,520.0,538.0,1.89,51722.0,2175.0,1280.0
NRN,7/4/2023,530.0,548.7,527.0,548.0,1.86,31675.0,2175.0,1280.0
NRN,7/5/2023,548.0,552.3,528.0,530.0,-3.28,27515.0,2175.0,1280.0
NRN,7/6/2023,540.0,540.6,521.0,530.0,0.0,25718.0,2175.0,1280.0
NRN,7/9/2023,526.0,540.0,526.0,535.0,0.94,27678.0,2175.0,1280.0
NRN,7/10/2023,545.0,545.1,524.3,524.3,-2.0,12862.0,2175.0,1280.0
NRN,7/11/2023,534.0,534.4,501.1,520.4,-0.74,35966.0,2175.0,1280.0
NRN,7/12/2023,511.1,549.0,511.1,527.0,1.27,24838.0,2175.0,1280.0
NRN,7/13/2023,527.1,536.9,511.0,511.0,-3.04,21461.0,2175.0,1280.0
NRN,7/16/2023,521.0,530.0,500.0,513.0,0.39,20313.0,2175.0,1280.0
NRN,7/17/2023,510.0,525.0,501.0,521.0,1.56,22151.0,2175.0,1280.0
NRN,7/18/2023,513.0,531.0,513.0,513.3,-1.48,17290.0,2175.0,1280.0
NRN,7/19/2023,505.7,518.0,505.7,508.2,-0.99,18260.0,2175.0,1280.0
NRN,7/20/2023,505.1,516.0,505.1,508.0,-0.04,19372.0,2175.0,1280.0
NRN,7/23/2023,509.0,535.0,509.0,535.0,5.31,50624.0,2175.0,1280.0
NRN,7/24/2023,524.3,535.0,515.0,519.0,-2.99,37883.0,2175.0,1280.0
NRN,7/25/2023,519.0,523.0,513.1,519.0,0.0,12101.0,2175.0,1280.0
NRN,7/26/2023,513.2,529.0,511.6,514.0,-0.96,11400.0,2175.0,1280.0
NRN,7/27/2023,521.8,527.0,510.0,510.0,-0.78,22820.0,2175.0,1280.0
NRN,7/30/2023,507.0,518.2,503.1,513.0,0.59,10418.0,2175.0,1280.0
NRN,7/31/2023,504.9,516.5,504.1,504.1,-1.73,6812.0,2175.0,1280.0
NRN,8/1/2023,514.0,514.0,491.0,493.0,-2.2,18481.0,2175.0,1280.0
NRN,8/2/2023,493.0,500.0,486.0,496.0,0.61,7218.0,2175.0,1280.0
NRN,8/3/2023,500.0,505.0,486.0,489.0,-1.41,11849.0,2175.0,1280.0
NRN,8/6/2023,498.7,498.7,469.0,473.0,-3.27,11869.0,2175.0,1280.0
NRN,8/7/2023,480.0,489.0,464.2,470.0,-0.63,11162.0,2175.0,1280.0
NRN,8/8/2023,471.0,485.5,465.5,472.8,0.6,9290.0,2175.0,1280.0
NRN,8/9/2023,464.0,477.3,457.2,477.0,0.89,15752.0,2175.0,1280.0
NRN,8/10/2023,477.0,484.5,467.7,480.0,0.63,9952.0,2175.0,1280.0
NRN,8/13/2023,475.0,488.0,466.0,487.0,1.46,6516.0,2175.0,1280.0
NRN,8/14/2023,491.0,491.0,468.0,473.0,-2.87,6911.0,2175.0,1280.0
NRN,8/15/2023,463.6,472.8,456.0,464.0,-1.9,8873.0,2175.0,1280.0
NRN,8/16/2023,454.8,458.8,445.8,455.0,-1.94,11144.0,2175.0,1280.0
NRN,8/17/2023,452.1,465.0,452.1,458.0,0.66,10463.0,2175.0,1280.0
NRN,8/20/2023,455.0,464.0,447.0,447.0,-2.4,8354.0,2175.0,1280.0
NRN,8/21/2023,440.0,457.0,438.0,440.0,-1.57,3689.0,2175.0,1280.0
NRN,8/22/2023,448.8,453.4,432.0,453.4,3.05,5824.0,2175.0,1280.0
NRN,8/23/2023,447.0,469.0,446.0,453.0,-0.09,7149.0,2175.0,1280.0
NRN,8/24/2023,450.0,460.0,440.0,445.0,-1.77,7048.0,2175.0,1280.0
NRN,8/27/2023,447.0,447.0,435.0,443.8,-0.27,4769.0,2175.0,1280.0
NRN,8/28/2023,435.1,449.0,435.1,444.0,0.05,6744.0,2175.0,1280.0
NRN,8/29/2023,440.0,448.8,439.0,447.0,0.68,5855.0,2175.0,1280.0
NRN,8/30/2023,442.0,445.0,440.0,444.6,-0.54,1665.0,2175.0,1280.0
NRN,9/3/2023,435.8,453.0,433.0,436.9,-1.73,2291.0,2175.0,1280.0
NRN,9/4/2023,432.1,445.0,430.0,445.0,1.85,5490.0,2175.0,1280.0
NRN,9/5/2023,437.0,443.0,423.6,440.0,-1.12,8681.0,2175.0,1280.0
NRN,9/7/2023,440.0,440.0,417.0,421.0,-4.32,9670.0,2175.0,1280.0
NRN,9/10/2023,426.0,434.0,418.1,428.4,1.76,2892.0,2175.0,1280.0
NRN,9/11/2023,425.0,443.0,420.0,443.0,3.41,7645.0,2175.0,1280.0
NRN,9/12/2023,443.0,448.0,427.0,435.0,-1.81,6129.0,2175.0,1280.0
NRN,9/13/2023,430.1,452.0,430.1,445.0,2.3,5261.0,2175.0,1280.0
NRN,9/17/2023,437.1,439.0,425.0,433.0,-2.7,5817.0,2175.0,1280.0
NRN,9/18/2023,441.0,441.0,430.0,438.8,1.34,1828.0,2175.0,1280.0
NRN,9/19/2023,431.0,449.8,431.0,449.8,2.51,4540.0,2175.0,1280.0
NRN,9/21/2023,457.9,461.0,449.0,450.0,0.04,25375.0,2175.0,1280.0
NRN,9/24/2023,443.1,459.0,439.5,446.0,-0.89,7811.0,2175.0,1280.0
NRN,9/25/2023,437.2,453.0,437.2,445.0,-0.22,3092.0,2175.0,1280.0
NRN,9/26/2023,452.0,459.9,434.0,444.0,-0.22,21330.0,2175.0,1280.0
NRN,9/27/2023,436.0,450.0,432.1,439.0,-1.13,6748.0,2175.0,1280.0
NRN,10/1/2023,430.3,437.8,427.0,436.0,-0.68,6623.0,2175.0,1280.0
NRN,10/2/2023,430.0,430.1,423.7,427.1,-2.04,6694.0,2175.0,1280.0
NRN,10/3/2023,422.1,425.0,415.0,418.0,-2.13,7870.0,2175.0,1280.0
NRN,10/4/2023,426.0,441.0,410.3,427.0,2.15,3598.0,2175.0,1280.0
NRN,10/5/2023,435.0,435.0,417.0,419.0,-1.87,1810.0,2175.0,1280.0
NRN,10/8/2023,415.0,415.2,405.0,410.0,-2.15,15726.0,2175.0,1280.0
NRN,10/9/2023,403.0,413.9,403.0,412.0,0.49,4999.0,2175.0,1280.0
NRN,10/10/2023,412.0,412.0,397.9,401.0,-2.67,6208.0,2175.0,1280.0
NRN,10/11/2023,398.0,416.0,396.6,400.0,-0.25,7323.0,2175.0,1280.0
NRN,10/12/2023,397.0,402.0,392.6,393.0,-1.75,7295.0,2175.0,1280.0
NRN,10/16/2023,386.0,400.8,386.0,387.3,-1.45,2046.0,2175.0,1280.0
NRN,10/17/2023,395.0,402.9,385.3,392.0,1.21,2675.0,2175.0,1280.0
NRN,10/18/2023,390.4,404.0,390.4,403.9,3.04,4572.0,2175.0,1280.0
NRN,10/19/2023,397.0,402.0,393.0,398.0,-1.46,7065.0,2175.0,1280.0
NRN,10/29/2023,398.0,405.0,390.0,397.0,-0.25,3525.0,2175.0,1280.0
NRN,10/30/2023,404.9,404.9,389.1,390.0,-1.76,4139.0,2175.0,1280.0
NRN,10/31/2023,397.8,412.0,386.0,390.0,0.0,2809.0,2175.0,1280.0
NRN,11/1/2023,385.1,394.0,385.1,394.0,1.03,2990.0,2175.0,1280.0
NRN,11/2/2023,387.1,388.0,380.0,380.0,-3.55,9273.0,2175.0,1280.0
NRN,11/5/2023,375.2,380.0,368.1,375.0,-1.32,5249.0,2175.0,1280.0
NRN,11/6/2023,382.5,395.7,374.9,384.9,2.64,1914.0,2175.0,1280.0
NRN,11/7/2023,392.5,408.3,380.8,383.5,-0.36,4511.0,2175.0,1280.0
NRN,11/8/2023,381.1,394.7,381.1,391.7,2.14,3140.0,2175.0,1280.0
NRN,11/9/2023,399.0,407.0,374.6,380.0,-2.99,2037.0,2175.0,1280.0
NRN,11/20/2023,374.0,395.0,374.0,385.0,1.32,3595.0,2175.0,1280.0
NRN,11/21/2023,385.0,390.0,370.0,376.9,-2.1,3891.0,2175.0,1280.0
NRN,11/22/2023,370.0,390.0,370.0,381.0,1.09,1410.0,2175.0,1280.0
NRN,11/23/2023,378.0,419.1,373.4,393.9,3.39,4013.0,2175.0,1280.0
NRN,11/26/2023,390.0,404.9,387.6,402.8,2.26,8041.0,2175.0,1280.0
NRN,11/27/2023,400.0,407.0,390.0,397.8,-1.24,15374.0,2175.0,1280.0
NRN,11/28/2023,404.9,404.9,389.0,396.0,-0.45,10362.0,2175.0,1280.0
NRN,11/29/2023,402.8,402.8,387.0,392.0,-1.01,10715.0,2175.0,1280.0
NRN,11/30/2023,399.8,399.8,376.6,384.7,-1.86,5757.0,2175.0,1280.0
NRN,12/3/2023,392.3,392.3,346.3,346.3,-9.98,18060.0,2175.0,1280.0
NRN,12/4/2023,339.4,339.4,311.7,311.7,-9.99,14245.0,2175.0,1280.0
NRN,12/5/2023,311.7,311.7,280.6,286.2,-8.18,200950.0,2175.0,1280.0
NRN,12/6/2023,291.0,300.0,285.0,299.2,4.54,55316.0,2175.0,1280.0
NRN,12/7/2023,299.4,319.0,299.0,313.0,4.61,101822.0,2175.0,1280.0
NRN,12/10/2023,319.0,336.0,317.0,321.0,2.56,17805.0,2175.0,1280.0
NRN,12/11/2023,327.0,327.0,310.0,318.0,-0.93,152746.0,2175.0,1280.0
NRN,12/12/2023,315.1,337.9,315.1,331.4,4.21,115187.0,2175.0,1280.0
NRN,12/13/2023,334.0,347.0,334.0,344.0,3.8,77796.0,2175.0,1280.0
NRN,12/14/2023,350.8,350.8,333.0,343.0,-0.29,59507.0,2175.0,1280.0
NRN,12/17/2023,342.0,362.0,330.3,360.0,4.96,135083.0,2175.0,1280.0
NRN,12/18/2023,365.0,376.9,362.0,368.0,2.22,96713.0,2175.0,1280.0
NRN,12/19/2023,375.0,379.0,356.0,379.0,2.99,108382.0,2175.0,1280.0
NRN,12/20/2023,385.0,416.9,370.0,416.9,10.0,150685.0,2175.0,1280.0
NRN,12/21/2023,425.0,458.5,425.0,452.3,8.49,209345.0,2175.0,1280.0
NRN,12/24/2023,461.3,486.9,416.0,422.0,-6.7,223347.0,2175.0,1280.0
NRN,12/27/2023,422.0,453.9,422.0,430.1,1.92,131857.0,2175.0,1280.0
NRN,12/28/2023,428.0,454.0,427.9,449.0,4.39,112609.0,2175.0,1280.0
NRN,1/1/2024,454.0,474.0,447.0,451.1,0.47,204257.0,2175.0,1280.0
NRN,1/2/2024,452.0,479.0,445.9,470.0,4.19,272942.0,2175.0,1280.0
NRN,1/3/2024,479.0,517.0,476.0,517.0,10.0,305032.0,2175.0,1280.0
NRN,1/4/2024,527.3,560.0,527.0,530.0,2.51,297376.0,2175.0,1280.0
NRN,1/7/2024,530.0,539.9,510.0,521.0,-1.7,299893.0,2175.0,1280.0
NRN,1/8/2024,520.0,571.0,520.0,563.0,8.06,261494.0,2175.0,1280.0
NRN,1/9/2024,570.0,578.9,543.1,547.9,-2.68,179312.0,2175.0,1280.0
NRN,1/10/2024,547.9,564.9,536.0,556.1,1.5,232952.0,2175.0,1280.0
NRN,1/11/2024,567.0,567.0,545.0,546.0,-1.82,120373.0,2175.0,1280.0
NRN,1/14/2024,556.0,557.7,538.0,540.2,-1.06,149119.0,2175.0,1280.0
NRN,1/16/2024,551.0,594.2,550.0,594.2,10.0,362806.0,2175.0,1280.0
NRN,1/17/2024,606.0,641.0,604.7,608.0,2.32,306433.0,2175.0,1280.0
NRN,1/18/2024,600.0,635.0,586.1,625.0,2.8,206436.0,2175.0,1280.0
NRN,1/21/2024,617.0,630.0,596.2,599.9,-4.02,231681.0,2175.0,1280.0
NRN,1/22/2024,595.1,611.8,561.0,584.7,-2.53,255908.0,2175.0,1280.0
NRN,1/23/2024,574.2,618.1,574.0,610.0,4.33,225228.0,2175.0,1280.0
NRN,1/24/2024,612.0,628.0,600.0,602.0,-1.31,196002.0,2175.0,1280.0
NRN,1/25/2024,604.0,609.9,586.2,590.0,-1.99,130099.0,2175.0,1280.0
NRN,1/28/2024,599.0,609.0,579.1,596.4,1.08,157492.0,2175.0,1280.0
NRN,1/29/2024,585.0,613.0,583.0,589.0,-1.24,186211.0,2175.0,1280.0
NRN,1/30/2024,600.0,606.0,581.1,592.0,0.51,100943.0,2175.0,1280.0
NRN,1/31/2024,600.0,628.9,595.1,613.0,3.55,422853.0,2175.0,1280.0
NRN,2/1/2024,603.0,614.0,594.0,597.0,-2.61,143134.0,2175.0,1280.0
NRN,2/4/2024,598.0,605.0,586.0,589.0,-1.34,60242.0,2175.0,1280.0
NRN,2/5/2024,596.0,600.0,578.0,589.9,0.15,71657.0,2175.0,1280.0
NRN,2/6/2024,596.0,600.0,587.0,592.0,0.36,72468.0,2175.0,1280.0
NRN,2/7/2024,598.0,603.0,590.0,592.0,0.0,64843.0,2175.0,1280.0
NRN,2/8/2024,603.8,603.8,586.0,590.0,-0.34,117261.0,2175.0,1280.0
NRN,2/11/2024,595.1,609.0,595.0,607.0,2.88,199833.0,2175.0,1280.0
NRN,2/12/2024,605.0,622.0,603.0,614.0,1.15,265514.0,2175.0,1280.0
NRN,2/13/2024,614.0,614.0,596.0,596.3,-2.88,117536.0,2175.0,1280.0
NRN,2/14/2024,599.0,610.0,591.0,605.0,1.46,105282.0,2175.0,1280.0
NRN,2/15/2024,598.0,610.0,593.0,593.0,-1.98,96390.0,2175.0,1280.0
NRN,2/18/2024,599.9,599.9,582.5,582.5,-1.77,116232.0,2175.0,1280.0
NRN,2/20/2024,582.5,589.0,574.0,582.0,-0.09,71086.0,2175.0,1280.0
NRN,2/21/2024,578.0,629.8,577.1,583.4,0.24,70193.0,2175.0,1280.0
NRN,2/22/2024,585.0,585.0,560.0,561.9,-3.69,84830.0,2175.0,1280.0
NRN,2/25/2024,562.0,565.0,540.0,540.1,-3.88,79361.0,2175.0,1280.0
NRN,2/26/2024,535.0,554.9,535.0,550.1,1.85,71260.0,2175.0,1280.0
NRN,2/27/2024,549.0,558.5,543.0,547.0,-0.56,39407.0,2175.0,1280.0
NRN,2/28/2024,541.5,557.0,540.0,540.0,-1.28,49585.0,2175.0,1280.0
NRN,2/29/2024,540.0,546.9,520.0,521.1,-3.5,89571.0,2175.0,1280.0
NRN,3/3/2024,520.0,530.0,510.0,517.1,-0.77,58651.0,2175.0,1280.0
NRN,3/4/2024,527.4,568.0,527.4,567.0,9.65,17906.0,2175.0,1280.0
NRN,3/5/2024,555.7,570.0,540.0,540.1,-4.74,138682.0,2175.0,1280.0
NRN,3/6/2024,549.9,570.0,530.0,554.0,2.57,140217.0,2175.0,1280.0
NRN,3/7/2024,564.0,575.0,554.0,560.0,1.08,78569.0,2175.0,1280.0
NRN,3/10/2024,563.0,574.0,560.0,564.0,0.71,72178.0,2175.0,1280.0
NRN,3/12/2024,574.9,588.0,555.2,584.0,3.55,172711.0,2175.0,1280.0
NRN,3/13/2024,595.6,595.6,570.0,576.0,-1.37,73280.0,2175.0,1280.0
NRN,3/14/2024,567.6,577.0,561.2,564.0,-2.08,87741.0,2175.0,1280.0
NRN,3/17/2024,560.0,566.0,555.0,557.1,-1.22,75138.0,2175.0,1280.0
NRN,3/18/2024,561.0,565.0,553.0,557.9,0.14,51871.0,2175.0,1280.0
NRN,3/19/2024,555.1,566.0,550.1,553.0,-0.88,49624.0,2175.0,1280.0
NRN,3/20/2024,561.9,561.9,545.1,546.0,-1.27,40087.0,2175.0,1280.0
NRN,3/21/2024,554.0,554.0,537.0,537.2,-1.61,42044.0,2175.0,1280.0
NRN,3/25/2024,536.9,540.0,533.0,535.0,-0.41,27366.0,2175.0,1280.0
NRN,3/26/2024,540.0,541.0,530.1,530.1,-0.92,19739.0,2175.0,1280.0
NRN,3/27/2024,530.0,540.0,527.2,530.0,-0.02,27926.0,2175.0,1280.0
NRN,3/28/2024,526.3,540.6,526.3,537.9,1.49,24653.0,2175.0,1280.0
NRN,3/31/2024,530.0,539.0,525.0,526.0,-2.21,29421.0,2175.0,1280.0
NRN,4/1/2024,536.0,536.0,519.4,522.8,-0.61,27888.0,2175.0,1280.0
NRN,4/2/2024,523.0,529.0,515.0,516.0,-1.3,20653.0,2175.0,1280.0
NRN,4/3/2024,516.5,540.0,514.0,524.0,1.55,23595.0,2175.0,1280.0
NRN,4/4/2024,515.0,523.0,515.0,515.0,-1.72,28304.0,2175.0,1280.0
NRN,4/7/2024,515.0,525.0,515.0,525.0,1.94,25490.0,2175.0,1280.0
NRN,4/9/2024,531.0,533.0,517.0,519.0,-1.14,36534.0,2175.0,1280.0
NRN,4/10/2024,521.0,525.0,516.0,516.5,-0.48,24765.0,2175.0,1280.0
NRN,4/14/2024,517.1,524.0,515.3,518.0,0.29,21812.0,2175.0,1280.0
NRN,4/15/2024,517.0,545.0,517.0,530.0,2.32,71642.0,2175.0,1280.0
NRN,4/16/2024,525.8,526.5,515.5,515.5,-2.74,23699.0,2175.0,1280.0
NRN,4/18/2024,524.0,524.8,507.0,511.0,-0.87,13377.0,2175.0,1280.0
NRN,4/21/2024,504.0,511.0,495.0,507.0,-0.78,30557.0,2175.0,1280.0
NRN,4/22/2024,507.0,512.0,497.2,497.5,-1.87,37697.0,2175.0,1280.0
NRN,4/24/2024,498.0,525.0,489.0,525.0,5.53,37075.0,2175.0,1280.0
NRN,4/25/2024,515.0,522.0,498.0,498.2,-5.1,30303.0,2175.0,1280.0
NRN,4/28/2024,499.0,517.0,495.0,512.0,2.77,26694.0,2175.0,1280.0
NRN,4/29/2024,512.1,515.0,496.0,500.0,-2.34,17790.0,2175.0,1280.0
NRN,4/30/2024,500.0,526.9,495.0,514.0,2.8,72213.0,2175.0,1280.0
NRN,5/2/2024,513.0,520.0,507.0,509.0,-0.97,24388.0,2175.0,1280.0
NRN,5/5/2024,515.0,515.0,494.0,500.0,-1.77,24085.0,2175.0,1280.0
NRN,5/6/2024,492.4,507.0,490.0,491.0,-1.8,28719.0,2175.0,1280.0
NRN,5/7/2024,498.1,498.1,486.6,486.6,-0.9,18535.0,2175.0,1280.0
NRN,5/8/2024,490.0,498.9,478.3,490.0,0.7,23350.0,2175.0,1280.0
NRN,5/9/2024,490.0,496.0,483.0,487.2,-0.57,11269.0,2175.0,1280.0
NRN,5/12/2024,496.7,496.7,482.0,486.0,-0.25,19508.0,2175.0,1280.0
NRN,5/13/2024,481.1,521.0,481.1,504.9,3.89,39967.0,2175.0,1280.0
NRN,5/14/2024,506.0,514.9,501.0,505.5,0.12,25101.0,2175.0,1280.0
NRN,5/15/2024,506.0,513.0,500.0,500.0,-1.09,22095.0,2175.0,1280.0
NRN,5/16/2024,500.0,506.0,494.1,496.0,-0.8,24298.0,2175.0,1280.0
NRN,5/19/2024,505.9,545.6,496.0,529.0,6.65,129566.0,2175.0,1280.0
NRN,5/20/2024,531.1,561.0,520.0,526.0,-0.57,61809.0,2175.0,1280.0
NRN,5/21/2024,528.0,568.0,526.0,555.0,5.51,133041.0,2175.0,1280.0
NRN,5/22/2024,550.0,561.2,541.1,550.0,-0.9,80296.0,2175.0,1280.0
NRN,5/26/2024,561.0,561.0,540.0,552.0,0.36,95677.0,2175.0,1280.0
NRN,5/27/2024,541.0,585.0,541.0,572.8,3.77,355895.0,2175.0,1280.0
NRN,5/29/2024,584.0,594.0,572.1,577.0,0.73,176324.0,2175.0,1280.0
NRN,5/30/2024,575.0,588.5,565.0,580.0,0.52,181206.0,2175.0,1280.0
NRN,6/2/2024,581.0,590.0,568.0,582.0,0.34,185410.0,2175.0,1280.0
NRN,6/3/2024,571.0,615.0,571.0,595.0,2.23,252838.0,2175.0,1280.0
NRN,6/4/2024,583.1,631.1,583.1,600.0,0.84,197852.0,2175.0,1280.0
NRN,6/5/2024,600.0,610.0,588.0,605.0,0.83,315251.0,2175.0,1280.0
NRN,6/6/2024,593.0,618.0,593.0,615.0,1.65,306300.0,2175.0,1280.0
NRN,6/9/2024,603.0,660.0,603.0,650.0,5.69,502421.0,2175.0,1280.0
NRN,6/10/2024,641.1,715.0,641.1,661.0,1.69,627676.0,2175.0,1280.0
NRN,6/11/2024,653.0,726.0,653.0,721.0,9.08,525185.0,2175.0,1280.0
NRN,6/12/2024,706.6,778.0,678.0,694.0,-3.74,396134.0,2175.0,1280.0
NRN,6/13/2024,680.2,692.0,640.0,640.0,-7.78,313127.0,2175.0,1280.0
NRN,6/16/2024,631.1,668.0,631.1,646.0,0.94,279844.0,2175.0,1280.0
NRN,6/18/2024,640.1,653.0,629.0,629.0,-2.63,161752.0,2175.0,1280.0
NRN,6/19/2024,616.5,644.0,616.5,635.0,0.95,108380.0,2175.0,1280.0
NRN,6/20/2024,622.3,667.0,622.3,658.0,3.62,242053.0,2175.0,1280.0
NRN,6/23/2024,644.9,677.0,644.9,657.0,-0.15,144677.0,2175.0,1280.0
NRN,6/24/2024,643.9,677.0,643.9,662.0,0.76,276143.0,2175.0,1280.0
NRN,6/25/2024,649.0,697.0,649.0,682.9,3.16,185330.0,2175.0,1280.0
NRN,6/26/2024,670.0,706.8,670.0,680.0,-0.42,195097.0,2175.0,1280.0
NRN,6/27/2024,666.4,680.0,660.1,664.0,-2.35,98614.0,2175.0,1280.0
NRN,6/30/2024,650.8,674.9,647.0,650.0,-2.11,135110.0,2175.0,1280.0
NRN,7/1/2024,652.1,667.9,640.1,656.3,0.97,179545.0,2175.0,1280.0
NRN,7/2/2024,669.4,705.0,669.4,680.5,3.69,181060.0,2175.0,1280.0
NRN,7/3/2024,675.0,679.5,665.0,670.0,-1.54,79018.0,2175.0,1280.0
NRN,7/4/2024,674.0,717.9,670.0,708.0,5.67,428836.0,2175.0,1280.0
NRN,7/7/2024,700.0,750.0,700.0,742.0,4.8,295259.0,2175.0,1280.0
NRN,7/8/2024,730.0,765.0,721.0,724.0,-2.43,390205.0,2175.0,1280.0
NRN,7/9/2024,730.0,779.0,723.0,735.0,1.52,270154.0,2175.0,1280.0
NRN,7/10/2024,739.0,744.0,723.1,729.0,-0.82,156196.0,2175.0,1280.0
NRN,7/11/2024,729.0,742.9,726.0,730.4,0.19,161341.0,2175.0,1280.0
NRN,7/14/2024,745.0,774.0,730.1,758.0,3.78,282174.0,2175.0,1280.0
NRN,7/15/2024,758.0,773.2,746.2,748.0,-1.32,216585.0,2175.0,1280.0
NRN,7/16/2024,748.0,800.7,748.0,800.7,7.05,234237.0,2175.0,1280.0
NRN,7/17/2024,800.0,864.0,788.9,864.0,7.91,282586.0,2175.0,1280.0
NRN,7/18/2024,864.0,870.0,829.1,846.0,-2.08,189063.0,2175.0,1280.0
NRN,7/21/2024,840.0,875.0,830.0,856.0,1.18,278966.0,2175.0,1280.0
NRN,7/22/2024,860.0,892.6,851.0,876.0,2.34,245112.0,2175.0,1280.0
NRN,7/23/2024,876.0,903.7,868.0,882.1,0.7,172098.0,2175.0,1280.0
NRN,7/24/2024,882.0,899.0,851.0,869.0,-1.49,236458.0,2175.0,1280.0
NRN,7/25/2024,872.0,923.0,860.0,880.0,1.27,211915.0,2175.0,1280.0
NRN,7/28/2024,892.0,900.0,858.4,899.0,2.16,246632.0,2175.0,1280.0
NRN,7/29/2024,900.1,938.1,885.4,925.0,2.89,351624.0,2175.0,1280.0
NRN,7/30/2024,920.0,996.0,911.5,989.0,6.92,221346.0,2175.0,1280.0
NRN,7/31/2024,969.3,1085.0,969.3,1035.0,4.65,275931.0,2175.0,1280.0
NRN,8/1/2024,1020.0,1079.0,960.0,1049.0,1.35,415234.0,2175.0,1280.0
NRN,8/5/2024,1028.1,1132.0,991.0,1099.0,4.77,474452.0,2175.0,1280.0
NRN,8/6/2024,1077.1,1081.0,989.1,989.1,-10.0,305503.0,2175.0,1280.0
NRN,8/7/2024,989.1,1087.0,960.0,1087.0,9.9,339175.0,2175.0,1280.0
NRN,8/8/2024,1065.3,1079.0,999.6,999.6,-8.04,228878.0,2175.0,1280.0
NRN,8/11/2024,1015.0,1035.5,996.0,996.0,-0.36,212530.0,2175.0,1280.0
NRN,8/12/2024,1014.0,1014.0,980.0,1000.0,0.4,270048.0,2175.0,1280.0
NRN,8/13/2024,1020.0,1020.0,963.4,970.2,-2.98,139352.0,2175.0,1280.0
NRN,8/14/2024,970.1,988.9,945.0,960.0,-1.05,177448.0,2175.0,1280.0
NRN,8/15/2024,965.0,1005.0,941.0,950.0,-1.04,188288.0,2175.0,1280.0
NRN,8/18/2024,950.0,999.0,940.0,955.0,0.53,410670.0,2175.0,1280.0
NRN,8/21/2024,974.1,999.9,950.1,978.0,2.41,213191.0,2175.0,1280.0
NRN,8/22/2024,997.5,997.5,957.0,973.0,-0.51,134731.0,2175.0,1280.0
NRN,8/25/2024,970.0,970.0,935.0,938.0,-3.6,154023.0,2175.0,1280.0
NRN,8/27/2024,926.0,958.0,904.0,923.0,-1.6,152088.0,2175.0,1280.0
NRN,8/28/2024,940.0,1015.0,910.0,965.0,4.55,218596.0,2175.0,1280.0
NRN,8/29/2024,950.0,961.0,915.0,916.0,-5.08,158516.0,2175.0,1280.0
NRN,9/1/2024,916.0,942.0,880.0,895.0,-2.29,98251.0,2175.0,1280.0
NRN,9/2/2024,899.0,956.0,895.0,935.1,4.48,144314.0,2175.0,1280.0
NRN,9/3/2024,950.0,988.0,935.0,965.0,3.2,171474.0,2175.0,1280.0
NRN,9/4/2024,980.0,1012.0,946.0,975.0,1.04,245304.0,2175.0,1280.0
NRN,9/5/2024,975.0,975.0,925.5,926.0,-5.03,114176.0,2175.0,1280.0
NRN,9/8/2024,941.9,960.7,931.7,932.5,0.7,83850.0,2175.0,1280.0
NRN,9/9/2024,920.0,960.0,920.0,945.0,1.34,169219.0,2175.0,1280.0
NRN,9/10/2024,945.0,957.9,925.0,931.0,-1.48,60590.0,2175.0,1280.0
NRN,9/11/2024,931.1,954.0,915.0,924.9,-0.66,72376.0,2175.0,1280.0
NRN,9/12/2024,926.0,969.9,926.0,961.0,3.9,251494.0,2175.0,1280.0
NRN,9/15/2024,980.2,1040.0,965.0,980.0,1.98,356316.0,2175.0,1280.0
NRN,9/16/2024,965.0,978.0,926.1,939.0,-4.18,118648.0,2175.0,1280.0
NRN,9/18/2024,931.0,948.0,925.0,932.0,-0.75,39988.0,2175.0,1280.0
NRN,9/22/2024,949.0,969.6,927.0,945.0,1.39,108387.0,2175.0,1280.0
NRN,9/23/2024,935.1,944.0,890.0,914.0,-3.28,86046.0,2175.0,1280.0
NRN,9/24/2024,906.1,929.0,895.1,906.0,-0.88,100449.0,2175.0,1280.0
NRN,9/25/2024,919.8,930.0,902.1,924.9,2.09,54423.0,2175.0,1280.0
NRN,9/26/2024,907.0,925.1,893.9,900.0,-2.69,53777.0,2175.0,1280.0
NRN,9/29/2024,895.1,914.3,878.0,897.0,-0.33,72774.0,2175.0,1280.0
NRN,9/30/2024,900.0,909.0,887.1,898.0,0.11,50575.0,2175.0,1280.0
NRN,10/1/2024,900.0,970.0,900.0,960.8,6.99,145880.0,2175.0,1280.0
NRN,10/2/2024,959.0,960.0,928.1,937.9,-2.38,117287.0,2175.0,1280.0
NRN,10/6/2024,920.0,1029.0,919.2,964.0,2.78,271210.0,2175.0,1280.0
NRN,10/7/2024,945.0,1040.0,945.0,968.0,0.41,248751.0,2175.0,1280.0
NRN,10/8/2024,950.0,971.0,933.2,935.0,-3.41,32917.0,2175.0,1280.0
NRN,10/9/2024,944.0,944.0,911.3,920.0,-1.6,61349.0,2175.0,1280.0
NRN,10/15/2024,918.0,936.0,918.0,935.0,1.63,90981.0,2175.0,1280.0
NRN,10/16/2024,940.0,948.3,931.0,931.1,-0.42,41248.0,2175.0,1280.0
NRN,10/17/2024,935.0,943.0,925.0,925.0,-0.66,63800.0,2175.0,1280.0
NRN,10/20/2024,906.5,939.0,906.5,910.1,-1.61,39538.0,2175.0,1280.0
NRN,10/21/2024,907.0,920.0,900.0,901.0,-1.0,38627.0,2175.0,1280.0
NRN,10/22/2024,917.0,918.0,903.4,913.0,1.33,33576.0,2175.0,1280.0
NRN,10/23/2024,913.0,925.0,901.0,905.0,-0.88,28072.0,2175.0,1280.0
NRN,10/24/2024,900.2,905.0,892.0,898.5,-0.72,23717.0,2175.0,1280.0
NRN,10/27/2024,900.0,914.0,888.0,891.0,-0.83,28025.0,2175.0,1280.0
NRN,10/28/2024,899.9,905.0,885.0,894.9,0.44,33650.0,2175.0,1280.0
NRN,10/29/2024,899.9,909.8,896.7,908.0,1.46,43998.0,2175.0,1280.0
NRN,10/30/2024,908.0,910.0,896.0,909.0,0.11,28858.0,2175.0,1280.0
NRN,11/5/2024,915.0,915.0,895.0,906.9,-0.23,24853.0,2175.0,1280.0
NRN,11/6/2024,907.0,907.0,893.0,905.0,-0.21,16261.0,2175.0,1280.0
NRN,11/10/2024,905.0,928.0,895.0,916.5,1.27,46085.0,2175.0,1280.0
NRN,11/11/2024,925.0,979.0,921.0,953.0,3.98,177380.0,2175.0,1280.0
NRN,11/12/2024,960.0,960.0,923.0,936.0,-1.78,59844.0,2175.0,1280.0
NRN,11/13/2024,925.0,940.0,920.0,920.1,-1.7,36231.0,2175.0,1280.0
NRN,11/14/2024,938.5,976.0,935.0,935.0,1.62,102827.0,2175.0,1280.0
NRN,11/17/2024,940.2,958.2,931.0,933.0,-0.21,52974.0,2175.0,1280.0
NRN,11/19/2024,930.0,941.5,908.0,912.3,-2.22,76197.0,2175.0,1280.0
NRN,11/20/2024,914.0,965.9,910.0,953.0,4.46,100123.0,2175.0,1280.0
NRN,11/21/2024,957.0,957.0,925.0,937.0,-1.68,61138.0,2175.0,1280.0
NRN,11/24/2024,945.0,1010.5,945.0,998.9,6.61,405939.0,2175.0,1280.0
NRN,11/25/2024,980.0,1023.9,980.0,1002.0,0.31,154829.0,2175.0,1280.0
NRN,11/26/2024,982.0,1069.9,982.0,1057.0,5.49,277900.0,2175.0,1280.0
NRN,11/27/2024,1078.0,1086.0,1030.0,1061.0,0.38,312795.0,2175.0,1280.0
NRN,11/28/2024,1039.8,1079.1,1039.8,1057.0,-0.38,190741.0,2175.0,1280.0
NRN,12/1/2024,1050.0,1078.0,1016.0,1042.0,-1.42,274332.0,2175.0,1280.0
NRN,12/2/2024,1025.0,1118.0,1025.0,1057.2,1.46,230211.0,2175.0,1280.0
NRN,12/3/2024,1068.0,1099.0,1056.0,1082.0,2.35,221018.0,2175.0,1280.0
NRN,12/4/2024,1060.4,1134.0,1060.4,1123.0,3.79,264757.0,2175.0,1280.0
NRN,12/5/2024,1101.0,1139.0,1090.1,1115.0,-0.71,260140.0,2175.0,1280.0
NRN,12/8/2024,1040.7,1148.5,1040.7,1114.8,-0.02,296843.0,2175.0,1280.0
NRN,12/9/2024,1114.8,1205.0,1048.6,1182.0,6.03,319374.0,2175.0,1280.0
NRN,12/10/2024,1158.4,1158.4,1063.8,1079.9,-8.64,175487.0,2175.0,1280.0
NRN,12/11/2024,1059.0,1070.8,1031.3,1050.0,-2.77,113222.0,2175.0,1280.0
NRN,12/12/2024,1040.0,1070.0,1017.3,1030.0,-1.9,69967.0,2175.0,1280.0
NRN,12/16/2024,1020.0,1020.0,981.0,984.0,-4.47,266787.0,2175.0,1280.0
NRN,12/17/2024,980.1,1003.0,978.3,981.1,-0.29,90572.0,2175.0,1280.0
NRN,12/18/2024,982.0,998.0,968.2,971.0,-1.03,118065.0,2175.0,1280.0
NRN,12/19/2024,961.0,980.0,941.0,941.4,-3.05,84400.0,2175.0,1280.0
NRN,12/22/2024,941.0,955.8,937.2,948.9,0.8,34436.0,2175.0,1280.0
NRN,12/23/2024,955.0,955.0,938.0,948.9,0.0,46861.0,2175.0,1280.0
NRN,12/24/2024,950.1,978.0,943.0,959.0,1.06,64795.0,2175.0,1280.0
NRN,12/26/2024,950.5,955.0,940.0,945.0,-1.46,43698.0,2175.0,1280.0
NRN,12/29/2024,930.0,1030.0,930.0,999.0,5.71,153652.0,2175.0,1280.0
NRN,12/31/2024,1014.0,1041.0,995.9,1017.0,1.8,116896.0,2175.0,1280.0
NRN,1/1/2025,1000.0,1105.0,1000.0,1040.0,2.26,207873.0,2175.0,1280.0
NRN,1/2/2025,1025.0,1060.0,1025.0,1034.0,-0.58,95859.0,2175.0,1280.0
NRN,1/5/2025,1034.0,1053.9,1025.5,1040.0,0.58,122903.0,2175.0,1280.0
NRN,1/6/2025,1060.0,1097.0,1040.2,1090.0,4.81,270408.0,2175.0,1280.0
NRN,1/7/2025,1070.0,1107.69,1070.0,1088.9,-0.1,90251.0,2175.0,1280.0
NRN,1/8/2025,1090.0,1100.0,1070.2,1074.0,-1.37,143212.0,2175.0,1280.0
NRN,1/9/2025,1067.0,1086.3,1060.2,1086.0,1.12,163771.0,2175.0,1280.0
NRN,1/12/2025,1090.3,1127.0,1087.0,1114.0,2.58,183915.0,2175.0,1280.0
NRN,1/13/2025,1117.0,1177.0,1117.0,1135.0,1.89,394464.0,2175.0,1280.0
NRN,1/15/2025,1150.0,1212.0,1147.1,1187.0,4.58,275271.0,2175.0,1280.0
NRN,1/16/2025,1189.0,1210.0,1157.1,1171.0,-1.35,180019.0,2175.0,1280.0
NRN,1/19/2025,1177.6,1177.6,1130.0,1139.9,-2.66,234834.0,2175.0,1280.0
NRN,1/20/2025,1133.0,1181.0,1133.0,1166.0,2.29,140679.0,2175.0,1280.0
NRN,1/21/2025,1178.0,1189.0,1151.0,1172.0,0.51,114074.0,2175.0,1280.0
NRN,1/22/2025,1180.0,1221.0,1175.0,1207.8,3.05,514706.0,2175.0,1280.0
NRN,1/23/2025,1231.9,1231.9,1193.0,1210.0,0.18,177140.0,2175.0,1280.0
NRN,1/26/2025,1190.0,1276.0,1190.0,1264.0,4.46,286043.0,2175.0,1280.0
NRN,1/27/2025,1264.0,1294.0,1245.1,1277.9,1.1,211545.0,2175.0,1280.0
NRN,1/28/2025,1253.0,1329.0,1253.0,1322.0,3.45,223130.0,2175.0,1280.0
NRN,2/2/2025,1300.1,1394.0,1300.1,1389.9,5.14,311505.0,2175.0,1280.0
NRN,2/3/2025,1363.0,1401.0,1340.0,1346.0,-3.16,259998.0,2175.0,1280.0
NRN,2/4/2025,1350.0,1355.0,1324.0,1349.8,0.28,230660.0,2175.0,1280.0
NRN,2/5/2025,1355.0,1371.0,1340.0,1361.0,0.83,140360.0,2175.0,1280.0
NRN,2/6/2025,1334.0,1369.9,1334.0,1349.9,-0.82,105502.0,2175.0,1280.0
NRN,2/9/2025,1345.0,1365.1,1327.1,1344.1,-0.43,230712.0,2175.0,1280.0
NRN,2/10/2025,1368.9,1370.0,1342.0,1350.0,0.44,107087.0,2175.0,1280.0
NRN,2/11/2025,1340.1,1373.0,1333.1,1350.0,0.0,145504.0,2175.0,1280.0
NRN,2/12/2025,1377.0,1435.0,1330.2,1419.0,5.11,284696.0,2175.0,1280.0
NRN,2/13/2025,1411.1,1447.0,1403.0,1415.0,-0.28,238947.0,2175.0,1280.0
NRN,2/16/2025,1424.0,1448.4,1405.3,1411.0,-0.28,235576.0,2175.0,1280.0
NRN,2/17/2025,1411.0,1445.0,1410.0,1440.0,2.06,184331.0,2175.0,1280.0
NRN,2/18/2025,1468.0,1475.0,1411.3,1450.0,0.69,155993.0,2175.0,1280.0
NRN,2/20/2025,1441.0,1490.0,1435.0,1483.0,2.28,150393.0,2175.0,1280.0
NRN,2/23/2025,1470.0,1533.0,1450.0,1523.0,2.7,269863.0,2175.0,1280.0
NRN,2/24/2025,1525.0,1539.9,1485.1,1499.9,-1.52,297727.0,2175.0,1280.0
NRN,2/25/2025,1499.9,1517.0,1485.2,1486.0,-0.93,183748.0,2175.0,1280.0
NRN,2/27/2025,1507.0,1580.0,1485.0,1554.8,4.63,306570.0,2175.0,1280.0
NRN,3/2/2025,1575.0,1600.0,1549.0,1590.0,2.26,211449.0,2175.0,1280.0
NRN,3/3/2025,1595.0,1651.3,1565.0,1606.0,1.01,147509.0,2175.0,1280.0
NRN,3/4/2025,1600.0,1617.0,1573.0,1577.0,-1.81,115314.0,2175.0,1280.0
NRN,3/5/2025,1590.0,1595.0,1560.1,1570.0,-0.44,188891.0,2175.0,1280.0
NRN,3/6/2025,1578.0,1578.0,1523.0,1538.0,-2.04,220401.0,2175.0,1280.0
NRN,3/9/2025,1507.3,1530.0,1475.0,1475.0,-4.1,366888.0,2175.0,1280.0
NRN,3/10/2025,1489.0,1495.0,1425.0,1438.9,-2.45,199400.0,2175.0,1280.0
NRN,3/11/2025,1430.2,1440.0,1394.0,1396.1,-2.97,221680.0,2175.0,1280.0
NRN,3/12/2025,1410.0,1462.9,1370.0,1458.0,4.43,352866.0,2175.0,1280.0
NRN,3/16/2025,1487.1,1487.1,1414.0,1418.0,-2.74,135954.0,2175.0,1280.0
NRN,3/17/2025,1420.0,1429.0,1391.0,1405.0,-0.92,146761.0,2175.0,1280.0
NRN,3/18/2025,1402.0,1428.0,1401.1,1407.3,0.16,79481.0,2175.0,1280.0
NRN,3/19/2025,1406.1,1429.0,1397.2,1404.0,-0.23,165720.0,2175.0,1280.0
NRN,3/20/2025,1404.0,1425.0,1402.4,1407.83,0.27,55498.0,2175.0,1280.0
NRN,3/23/2025,1435.9,1435.9,1366.0,1376.42,-2.23,261161.0,2175.0,1280.0
NRN,3/24/2025,1400.0,1409.9,1363.1,1386.92,0.76,68721.0,2175.0,1280.0
NRN,3/25/2025,1414.6,1414.6,1355.1,1367.88,-1.37,109205.0,2175.0,1280.0
NRN,3/26/2025,1365.0,1416.9,1365.0,1411.82,3.21,74727.0,2175.0,1280.0
NRN,3/27/2025,1440.0,1499.0,1412.0,1495.89,5.95,172777.0,2175.0,1280.0
NRN,3/30/2025,1496.0,1579.9,1481.0,1556.61,4.06,255431.0,2175.0,1280.0
NRN,4/1/2025,1557.0,1614.0,1541.1,1607.48,3.27,288687.0,2175.0,1280.0
NRN,4/2/2025,1611.0,1680.0,1611.0,1662.18,3.4,160515.0,2175.0,1280.0
NRN,4/3/2025,1665.0,1715.0,1665.0,1684.61,1.35,253507.0,2175.0,1280.0
NRN,4/7/2025,1685.0,1685.1,1625.0,1631.12,-3.18,261611.0,2175.0,1280.0
NRN,4/8/2025,1606.1,1678.8,1590.1,1674.13,2.64,365552.0,2175.0,1280.0
NRN,4/9/2025,1707.0,1738.9,1681.0,1717.43,2.59,248605.0,2175.0,1280.0
NRN,4/10/2025,1750.0,1750.0,1660.0,1696.25,-1.23,208201.0,2175.0,1280.0
NRN,4/13/2025,1697.0,1773.5,1686.0,1763.47,3.96,255676.0,2175.0,1280.0
NRN,4/15/2025,1760.0,1884.0,1760.0,1860.92,5.53,228998.0,2175.0,1280.0
NRN,4/16/2025,1898.1,1907.0,1821.0,1859.64,-0.07,217957.0,2175.0,1280.0
NRN,4/17/2025,1870.0,1953.0,1866.0,1900.01,2.17,325758.0,2175.0,1280.0
NRN,4/20/2025,1900.0,1930.0,1881.0,1901.55,0.08,176981.0,2175.0,1280.0
NRN,4/21/2025,1900.0,1930.0,1881.0,1916.17,0.77,165146.0,2175.0,1280.0
NRN,4/22/2025,1925.0,1925.0,1880.0,1883.61,-1.7,124588.0,2175.0,1280.0
NRN,4/23/2025,1880.0,1895.0,1840.0,1878.4,-0.28,277817.0,2175.0,1280.0
NRN,4/24/2025,1878.4,2020.0,1859.0,2003.48,6.66,270074.0,2175.0,1280.0
NRN,4/27/2025,2021.0,2105.0,1940.0,2038.67,1.76,276426.0,2175.0,1280.0
NRN,4/28/2025,2040.0,2050.0,1996.2,2001.13,-1.84,144512.0,2175.0,1280.0
NRN,4/29/2025,2010.0,2020.0,1970.0,1977.86,-1.16,129480.0,2175.0,1280.0
NRN,4/30/2025,1990.0,2045.0,1965.0,2028.44,2.56,166963.0,2175.0,1280.0
NRN,5/4/2025,2041.0,2132.0,2040.0,2102.25,3.64,240924.0,2175.0,1280.0
NRN,5/5/2025,2120.0,2144.2,2070.0,2108.18,0.28,179385.0,2175.0,1280.0
NRN,5/6/2025,2127.0,2159.0,2107.0,2113.21,0.24,127473.0,2175.0,1280.0
NRN,5/7/2025,2117.0,2135.0,2081.0,2100.43,-0.6,135841.0,2175.0,1280.0
NRN,5/8/2025,2080.0,2125.0,2050.0,2065.05,-1.68,174293.0,2175.0,1280.0
NRN,5/11/2025,2076.3,2098.0,2011.0,2024.0,-1.99,151967.0,2175.0,1280.0
NRN,5/13/2025,2020.0,2080.0,2008.0,2040.16,0.8,115140.0,2175.0,1280.0
NRN,5/14/2025,2011.0,2091.0,2011.0,2020.6,-0.96,140877.0,2175.0,1280.0
NRN,5/15/2025,2050.0,2060.0,1982.0,1985.04,-1.76,79630.0,2175.0,1280.0
NRN,5/18/2025,1980.0,2035.0,1955.0,1995.04,0.5,257140.0,2175.0,1280.0
NRN,5/19/2025,1995.0,2049.1,1980.0,2002.8,0.39,100363.0,2175.0,1280.0
NRN,5/20/2025,2042.8,2080.0,1994.0,2070.59,3.38,136046.0,2175.0,1280.0
NRN,5/21/2025,2112.0,2140.0,2085.0,2093.92,1.13,166081.0,2175.0,1280.0
NRN,5/22/2025,2135.7,2135.7,2050.0,2055.34,-1.84,113220.0,2175.0,1280.0
NRN,5/25/2025,2040.2,2060.0,2020.0,2026.53,-1.4,84567.0,2175.0,1280.0
NRN,5/26/2025,2067.0,2079.0,2000.3,2010.4,-0.8,90682.0,2175.0,1280.0
NRN,5/27/2025,2002.0,2033.0,1985.0,1994.6,-0.79,70859.0,2175.0,1280.0
NRN,5/28/2025,2034.4,2034.4,1981.0,2003.39,0.44,55144.0,2175.0,1280.0
NRN,6/2/2025,2011.1,2065.0,2011.1,2047.02,2.18,124737.0,2175.0,1280.0
NRN,6/3/2025,2047.02,2069.0,2000.0,2006.88,-1.96,77314.0,2175.0,1280.0
NRN,6/4/2025,2001.0,2024.9,1990.0,1996.09,-0.54,47200.0,2175.0,1280.0
NRN,6/5/2025,1980.1,2005.0,1965.0,1980.1,-0.8,66273.0,2175.0,1280.0
NRN,6/8/2025,1950.0,2060.0,1950.0,1970.78,-0.47,146011.0,2175.0,1280.0
NRN,6/9/2025,1999.0,2060.2,1985.1,2051.82,4.11,196726.0,2175.0,1280.0
NRN,6/10/2025,2080.0,2115.0,2010.0,2085.89,1.66,201634.0,2175.0,1280.0
NRN,6/11/2025,2099.0,2110.9,2050.0,2056.37,-1.42,75316.0,2175.0,1280.0
NRN,6/12/2025,2050.0,2068.9,2035.0,2062.34,0.29,195390.0,2175.0,1280.0
NRN,6/15/2025,2103.0,2103.0,2009.0,2015.97,-2.25,60516.0,2175.0,1280.0
NRN,6/16/2025,2007.2,2030.0,1996.0,2000.35,-0.77,70933.0,2175.0,1280.0
NRN,6/17/2025,2009.0,2020.0,1981.1,1984.6,-0.79,49250.0,2175.0,1280.0
NRN,6/18/2025,2019.0,2019.0,1982.0,1984.26,-0.02,45426.0,2175.0,1280.0
NRN,6/19/2025,2000.0,2000.0,1971.0,1986.87,0.13,62136.0,2175.0,1280.0
NRN,6/22/2025,1995.0,2001.0,1950.0,1951.84,-1.76,51979.0,2175.0,1280.0
NRN,6/23/2025,1912.9,1975.0,1912.9,1959.97,0.42,44606.0,2175.0,1280.0
NRN,6/24/2025,1997.0,2050.0,1970.0,2039.25,4.04,114174.0,2175.0,1280.0
NRN,6/25/2025,2000.0,2074.0,2000.0,2037.51,-0.09,177011.0,2175.0,1280.0
NRN,6/26/2025,2017.0,2050.0,2000.0,2013.12,-1.2,49876.0,2175.0,1280.0
NRN,6/29/2025,1973.0,2030.5,1973.0,2004.49,-0.43,53558.0,2175.0,1280.0
NRN,6/30/2025,2012.0,2055.0,1999.0,2038.88,1.72,108380.0,2175.0,1280.0
NRN,7/1/2025,2045.0,2174.0,2043.0,2159.01,5.89,218760.0,2175.0,1280.0
NRN,7/2/2025,2190.0,2255.0,2108.0,2247.59,4.1,252012.0,2175.0,1280.0
NRN,7/3/2025,2250.0,2284.0,2191.1,2200.13,-2.11,100621.0,2175.0,1280.0
NRN,7/6/2025,2201.0,2219.9,2170.0,2182.69,-0.79,131397.0,2175.0,1280.0
NRN,7/7/2025,2140.0,2244.8,2140.0,2216.04,1.53,108838.0,2175.0,1280.0
NRN,7/8/2025,2172.1,2265.0,2172.1,2245.26,1.32,74794.0,2175.0,1280.0
NRN,7/9/2025,2232.0,2325.0,2232.0,2318.62,3.27,153873.0,2175.0,1280.0
NRN,7/10/2025,2364.9,2364.9,2230.0,2305.75,-0.56,252627.0,2175.0,1280.0
NRN,7/13/2025,2320.0,2330.0,2251.0,2260.49,-1.96,125166.0,2175.0,1280.0
NRN,7/14/2025,2252.0,2305.0,2237.0,2268.94,0.37,180709.0,2175.0,1280.0
NRN,7/15/2025,2230.1,2325.0,2230.1,2303.91,1.54,130730.0,2175.0,1280.0
NRN,7/16/2025,2303.1,2319.9,2275.0,2279.19,-1.07,140047.0,2175.0,1280.0
NRN,7/17/2025,2300.0,2400.9,2291.0,2380.6,4.45,161572.0,2175.0,1280.0
NRN,7/20/2025,2380.6,2428.2,2341.0,2349.98,-1.29,108455.0,2175.0,1280.0
NRN,7/21/2025,2352.0,2400.0,2335.0,2348.15,-0.08,59274.0,2175.0,1280.0
NRN,7/22/2025,2350.0,2400.0,2336.0,2364.38,0.69,86213.0,2175.0,1280.0
NRN,7/23/2025,2370.0,2390.0,2341.0,2345.16,-0.81,85868.0,2175.0,1280.0
NRN,7/24/2025,2345.0,2407.0,2345.0,2395.96,2.17,90823.0,2175.0,1280.0
NRN,7/27/2025,2443.8,2444.0,2350.5,2364.23,-1.32,98551.0,2175.0,1280.0
NRN,7/28/2025,2350.0,2361.0,2329.0,2336.68,-1.17,81470.0,2175.0,1280.0
NRN,7/29/2025,2331.0,2360.0,2311.0,2327.28,-0.4,75438.0,2175.0,1280.0
NRN,7/30/2025,2280.8,2350.0,2266.0,2269.17,-2.5,78108.0,2175.0,1280.0
NRN,7/31/2025,2270.0,2326.0,2235.4,2252.01,-0.76,90002.0,2175.0,1280.0
NRN,8/3/2025,2252.0,2297.0,2220.0,2226.15,-1.15,56617.0,2175.0,1280.0
NRN,8/4/2025,2231.0,2259.0,2206.0,2245.5,0.87,53296.0,2175.0,1280.0
NRN,8/5/2025,2215.0,2300.0,2202.0,2211.16,-1.53,51195.0,2175.0,1280.0
NRN,8/6/2025,2215.0,2340.0,2212.0,2330.57,5.4,103843.0,2175.0,1280.0
NRN,8/7/2025,2350.0,2366.0,2300.1,2305.62,-1.07,44155.0,2175.0,1280.0
NRN,8/11/2025,2351.7,2351.7,2225.0,2242.63,-2.73,99462.0,2175.0,1280.0
NRN,8/12/2025,2244.0,2270.0,2230.0,2247.23,0.21,35970.0,2175.0,1280.0
NRN,8/13/2025,2248.0,2295.0,2216.0,2221.6,-1.14,85185.0,2175.0,1280.0
NRN,8/14/2025,2266.0,2300.0,2201.1,2208.78,-0.58,188453.0,2175.0,1280.0
NRN,8/17/2025,2240.0,2240.0,2170.0,2178.68,-1.36,102203.0,2175.0,1280.0
NRN,8/18/2025,2188.0,2249.0,2184.0,2231.17,2.41,84308.0,2175.0,1280.0
NRN,8/19/2025,2243.0,2280.0,2210.0,2217.79,-0.6,53287.0,2175.0,1280.0
NRN,8/20/2025,2215.0,2234.9,2186.0,2191.41,-1.19,48796.0,2175.0,1280.0
NRN,8/21/2025,2190.0,2199.9,2172.1,2179.47,-0.54,48129.0,2175.0,1280.0
NRN,8/24/2025,2173.1,2196.9,2136.0,2138.18,-1.89,53775.0,2175.0,1280.0
NRN,8/25/2025,2139.0,2150.0,2115.0,2125.95,-0.57,53977.0,2175.0,1280.0
NRN,8/26/2025,2117.1,2169.0,2117.1,2125.9,-0.0,90685.0,2175.0,1280.0
NRN,8/27/2025,2129.0,2184.7,2128.0,2174.73,2.3,37734.0,2175.0,1280.0
NRN,8/28/2025,2175.0,2185.0,2132.0,2134.16,-1.87,42484.0,2175.0,1280.0
NRN,8/31/2025,2105.9,2145.0,2085.1,2089.25,-2.1,49102.0,2175.0,1280.0
NRN,9/1/2025,2048.0,2148.0,2048.0,2143.02,2.57,98930.0,2175.0,1280.0
NRN,9/2/2025,2100.2,2182.0,2095.5,2098.5,-2.08,31079.0,2175.0,1280.0
NRN,9/3/2025,2100.0,2119.9,2080.0,2088.38,-0.48,36767.0,2175.0,1280.0
NRN,9/4/2025,2100.0,2124.0,2070.0,2095.83,0.36,34729.0,2175.0,1280.0
NRN,9/7/2025,2099.1,2117.0,2075.0,2082.04,-0.66,49371.0,2175.0,1280.0
NRN,9/8/2025,2075.0,2104.0,2021.0,2032.64,-2.37,66954.0,2175.0,1280.0
NRN,9/18/2025,1995.0,1995.0,1830.0,1846.0,-9.18,14818.0,2175.0,1280.0
NRN,9/21/2025,1850.0,2001.0,1846.0,1992.8,7.95,87184.0,2175.0,1280.0
NRN,9/23/2025,2032.0,2050.0,2000.0,2027.0,1.72,51350.0,2175.0,1280.0
NRN,9/24/2025,2066.0,2067.0,1960.0,1966.0,-3.01,43612.0,2175.0,1280.0
NRN,9/25/2025,1980.0,1980.1,1952.2,1974.9,0.45,19094.0,2175.0,1280.0
NRN,9/28/2025,1963.2,2014.0,1963.2,1970.0,-0.25,27313.0,2175.0,1280.0
NRN,10/7/2025,1955.0,1960.0,1870.0,1876.0,-4.77,60823.0,2175.0,1280.0
NRN,10/8/2025,1840.0,1895.0,1800.0,1800.0,-4.05,102875.0,2175.0,1280.0
NRN,10/9/2025,1836.0,1920.0,1805.0,1819.8,1.1,36572.0,2175.0,1280.0
NRN,10/12/2025,1820.0,1820.0,1683.0,1729.0,-4.99,104498.0,2175.0,1280.0
NRN,10/13/2025,1700.0,1901.9,1700.0,1898.8,9.82,177312.0,2175.0,1280.0
NRN,10/14/2025,1899.0,1944.0,1850.0,1866.8,-1.69,45764.0,2175.0,1280.0
NRN,10/15/2025,1835.0,1864.0,1800.0,1846.0,-1.11,38978.0,2175.0,1280.0
NRN,10/16/2025,1815.0,1835.0,1790.0,1831.0,-0.81,54228.0,2175.0,1280.0
NRN,10/19/2025,1815.1,1830.9,1801.3,1829.0,-0.11,38927.0,2175.0,1280.0
NRN,10/26/2025,1826.5,1840.0,1790.0,1839.0,0.55,15217.0,2175.0,1280.0
NRN,10/28/2025,1840.0,1980.0,1840.0,1980.0,7.67,100131.0,2175.0,1280.0
NRN,10/29/2025,1980.0,2067.5,1980.0,1981.0,0.05,114769.0,2175.0,1280.0
NRN,10/30/2025,1999.0,2064.8,1962.1,2036.0,2.78,73833.0,2175.0,1280.0
NRN,11/2/2025,2011.1,2074.9,2011.1,2038.0,0.1,100339.0,2175.0,1280.0
NRN,11/3/2025,2050.0,2099.0,2017.0,2095.0,2.8,164411.0,2175.0,1280.0
NRN,11/4/2025,2101.0,2168.5,2101.0,2120.1,1.2,126447.0,2175.0,1280.0
NRN,11/5/2025,2109.0,2150.0,2109.0,2140.0,0.94,76763.0,2175.0,1280.0
NRN,11/6/2025,2147.7,2175.0,2126.2,2145.0,0.23,126924.0,2175.0,1280.0
NRN,11/9/2025,2150.0,2150.0,2040.0,2041.0,-4.85,105387.0,2175.0,1280.0
NRN,11/10/2025,2081.8,2094.9,1976.0,2087.0,2.25,242296.0,2175.0,1280.0
NRN,11/11/2025,2090.0,2104.0,2045.0,2045.0,-2.01,129123.0,2175.0,1280.0
NRN,11/12/2025,2085.0,2085.9,1995.0,1995.0,-2.44,198361.0,2175.0,1280.0
NRN,11/13/2025,2010.0,2014.0,1980.0,1981.0,-0.7,65538.0,2175.0,1280.0
NRN,11/16/2025,2015.0,2015.0,1890.0,1935.0,-2.32,94230.0,2175.0,1280.0
NRN,11/17/2025,1945.5,1945.5,1891.0,1935.0,0.0,86691.0,2175.0,1280.0
NRN,11/18/2025,1897.0,1970.0,1897.0,1965.0,1.55,49708.0,2175.0,1280.0
NRN,11/19/2025,2004.3,2004.3,1902.7,1945.0,-1.02,54422.0,2175.0,1280.0
NRN,11/20/2025,1944.0,1945.0,1918.0,1923.1,-1.13,35793.0,2175.0,1280.0
NRN,11/23/2025,1961.5,1978.0,1931.0,1970.0,2.44,335757.0,2175.0,1280.0
NRN,11/24/2025,1970.0,1999.2,1959.1,1990.0,1.02,102908.0,2175.0,1280.0
NRN,11/25/2025,2029.8,2029.8,1955.0,1978.0,-0.6,83106.0,2175.0,1280.0
NRN,11/26/2025,1989.9,1989.9,1909.1,1935.1,-2.17,323519.0,2175.0,1280.0
NRN,11/27/2025,1409.8,1520.4,1409.8,1515.2,-21.7,267998.0,2175.0,1280.0
NRN,11/30/2025,1530.0,1605.0,1480.0,1500.0,-1.0,140582.0,2175.0,1280.0
NRN,12/1/2025,1500.0,1500.0,1451.0,1455.0,-3.0,86487.0,2175.0,1280.0
NRN,12/2/2025,1456.1,1474.0,1432.0,1433.0,-1.51,27050.0,2175.0,1280.0
NRN,12/3/2025,1450.0,1461.5,1429.0,1433.0,0.0,24964.0,2175.0,1280.0
NRN,12/7/2025,1461.5,1461.5,1393.0,1393.0,-2.79,78214.0,2175.0,1280.0
NRN,12/8/2025,1371.3,1412.0,1371.3,1397.9,0.35,48668.0,2175.0,1280.0
NRN,12/9/2025,1419.0,1419.0,1386.2,1387.4,-0.75,39769.0,2175.0,1280.0
NRN,12/10/2025,1387.4,1399.0,1368.0,1390.0,0.19,26994.0,2175.0,1280.0
NRN,12/11/2025,1390.0,1390.0,1371.0,1372.3,-1.27,23898.0,2175.0,1280.0
NRN,12/14/2025,1399.0,1399.0,1345.9,1345.9,-1.92,27223.0,2175.0,1280.0
NRN,12/15/2025,1345.0,1359.0,1328.0,1350.0,0.3,25549.0,2175.0,1280.0
NRN,12/16/2025,1350.0,1381.0,1327.0,1375.0,1.85,26179.0,2175.0,1280.0
NRN,12/17/2025,1375.0,1388.9,1371.0,1373.1,-0.14,15146.0,2175.0,1280.0
NRN,12/18/2025,1400.0,1400.0,1367.0,1390.0,1.23,31406.0,2175.0,1280.0
NRN,12/21/2025,1390.0,1390.0,1361.1,1371.0,-1.37,20179.0,2175.0,1280.0
NRN,12/22/2025,1360.1,1364.0,1340.0,1341.1,-2.18,18778.0,2175.0,1280.0
NRN,12/23/2025,1336.7,1350.1,1330.0,1350.0,0.66,27662.0,2175.0,1280.0
NRN,12/24/2025,1350.0,1365.0,1342.0,1345.2,-0.36,17232.0,2175.0,1280.0
NRN,12/28/2025,1372.1,1391.0,1345.0,1390.0,3.33,52277.0,2175.0,1280.0
NRN,12/29/2025,1391.0,1405.0,1361.0,1361.0,-2.09,23012.0,2175.0,1280.0
NRN,12/31/2025,1361.0,1386.0,1361.0,1366.0,0.37,21675.0,2175.0,1280.0
NRN,1/1/2026,1351.1,1377.0,1351.1,1362.6,-0.25,49788.0,2175.0,1280.0
NRN,1/4/2026,1350.0,1373.0,1350.0,1365.0,0.18,23430.0,2175.0,1280.0
NRN,1/5/2026,1360.0,1417.0,1360.0,1412.0,3.44,81530.0,2175.0,1280.0
NRN,1/6/2026,1418.0,1426.0,1391.0,1393.0,-1.35,47029.0,2175.0,1280.0
NRN,1/7/2026,1395.0,1395.0,1372.1,1386.0,-0.5,20564.0,2175.0,1280.0
NRN,1/8/2026,1390.0,1390.0,1363.0,1371.0,-1.08,30746.0,2175.0,1280.0
NRN,1/12/2026,1395.0,1395.0,1345.0,1372.0,0.07,39992.0,2175.0,1280.0
NRN,1/13/2026,1366.0,1394.0,1366.0,1370.5,-0.11,37888.0,2175.0,1280.0
NRN,1/14/2026,1390.0,1395.0,1368.0,1382.5,0.88,34816.0,2175.0,1280.0
NRN,1/18/2026,1383.0,1463.7,1381.0,1448.0,4.74,111404.0,2175.0,1280.0
NRN,1/20/2026,1430.0,1573.9,1430.0,1550.0,7.04,269679.0,2175.0,1280.0
NRN,1/21/2026,1530.1,1590.0,1511.0,1548.0,-0.13,226783.0,2175.0,1280.0
NRN,1/22/2026,1531.0,1550.0,1524.0,1550.0,0.13,113847.0,2175.0,1280.0
NRN,1/25/2026,1560.0,1626.0,1550.0,1605.0,3.55,161484.0,2175.0,1280.0
NRN,1/26/2026,1637.1,1657.0,1611.0,1625.0,1.25,213131.0,2175.0,1280.0
NRN,1/27/2026,1635.0,1649.0,1575.0,1577.0,-2.95,92872.0,2175.0,1280.0
NRN,1/28/2026,1577.0,1600.0,1560.0,1575.0,-0.13,93435.0,2175.0,1280.0
NRN,1/29/2026,1600.0,1630.0,1545.0,1545.0,-1.9,61468.0,2175.0,1280.0
NRN,2/1/2026,1551.0,1570.0,1525.0,1539.9,-0.33,51066.0,2175.0,1280.0
NRN,2/2/2026,1510.0,1560.0,1510.0,1539.0,-0.06,54382.0,2175.0,1280.0
NRN,2/3/2026,1557.0,1558.0,1520.0,1540.0,0.06,37989.0,2175.0,1280.0
NRN,2/4/2026,1509.2,1565.0,1509.2,1565.0,1.62,73456.0,2175.0,1280.0
NRN,2/5/2026,1580.0,1649.8,1576.0,1647.0,5.24,237475.0,2175.0,1280.0
NRN,2/8/2026,1668.0,1694.9,1637.0,1694.0,2.85,209635.0,2175.0,1280.0
NRN,2/9/2026,1691.0,1691.0,1598.0,1640.0,-3.19,130356.0,2175.0,1280.0
NRN,2/10/2026,1640.0,1657.0,1595.0,1600.0,-2.44,71305.0,2175.0,1280.0
NRN,2/11/2026,1620.0,1625.0,1574.3,1584.0,-1.0,76935.0,2175.0,1280.0
NRN,2/12/2026,1570.0,1606.0,1565.0,1590.0,0.38,89688.0,2175.0,1280.0
NRN,2/16/2026,1603.0,1603.0,1555.0,1558.0,-2.01,35688.0,2175.0,1280.0
NRN,2/17/2026,1545.0,1570.0,1530.0,1534.0,-1.54,93933.0,2175.0,1280.0
NRN,2/22/2026,1520.2,1525.0,1472.0,1474.2,-3.9,64255.0,2175.0,1280.0
NRN,2/23/2026,1444.8,1509.0,1444.8,1478.8,0.31,24910.0,2175.0,1280.0
NRN,2/24/2026,1475.0,1521.0,1475.0,1504.2,1.72,23039.0,2175.0,1280.0
NRN,2/25/2026,1521.0,1534.2,1505.0,1528.0,1.58,20846.0,2175.0,1280.0
NRN,2/26/2026,1528.0,1538.0,1490.0,1495.0,-2.16,12456.0,2175.0,1280.0
NRN,2/27/2026,1528.0,1538.0,1490.0,1495.0,0.0,12456.0,2175.0,1280.0
NRN,2/28/2026,1528.0,1538.0,1490.0,1495.0,0.0,12456.0,2175.0,1280.0
NRN,3/2/2026,1524.9,1524.9,1475.0,1489.0,-0.4,37543.0,2175.0,1280.0
NRN,3/3/2026,1473.0,1552.0,1473.0,1552.0,4.23,36156.0,2175.0,1280.0
NRN,3/4/2026,1473.0,1552.0,1473.0,1552.0,0.0,36156.0,2175.0,1280.0
NRN,3/5/2026,1473.0,1552.0,1473.0,1552.0,0.0,36156.0,2175.0,1280.0
NRN,3/6/2026,1473.0,1552.0,1473.0,1552.0,0.0,36156.0,2175.0,1280.0
NRN,3/7/2026,1473.0,1552.0,1473.0,1552.0,0.0,36156.0,2175.0,1280.0
NRN,3/8/2026,1473.0,1552.0,1473.0,1552.0,0.0,36156.0,2175.0,1280.0
NRN,3/9/2026,1583.0,1680.0,1583.0,1680.0,8.25,3818.0,2175.0,1280.0
NRN,3/10/2026,1690.0,1690.0,1576.0,1600.1,-4.76,152439.0,2175.0,1280.0
NRN,3/11/2026,1600.0,1609.0,1544.0,1555.0,-2.82,64336.0,2175.0,1280.0
NRN,3/12/2026,1575.0,1575.0,1520.0,1522.0,-2.12,100821.0,2175.0,1280.0
NRN,3/13/2026,1575.0,1575.0,1520.0,1522.0,0.0,100821.0,2175.0,1280.0
NRN,3/14/2026,1575.0,1575.0,1520.0,1522.0,0.0,100821.0,2175.0,1280.0
NRN,3/15/2026,1530.0,1530.0,1488.1,1495.0,-1.77,74071.0,2175.0,1280.0
NRN,3/16/2026,1496.0,1509.6,1460.2,1509.6,0.98,66536.0,2175.0,1280.0
NRN,3/17/2026,1500.0,1508.0,1477.0,1508.0,-0.11,59208.0,2175.0,1280.0
NRN,3/18/2026,1500.0,1508.0,1477.0,1508.0,0.0,59208.0,2175.0,1280.0
NRN,3/19/2026,1477.9,1524.0,1419.1,1515.0,0.46,312708.0,2175.0,1280.0
NRN,3/20/2026,1477.9,1524.0,1419.1,1515.0,0.0,312708.0,2175.0,1280.0
NRN,3/21/2026,1477.9,1524.0,1419.1,1515.0,0.0,312708.0,2175.0,1280.0
NRN,3/22/2026,1525.0,1540.0,1500.0,1529.0,0.92,130726.0,2175.0,1280.0
NRN,3/23/2026,1530.0,1616.7,1520.0,1615.0,5.62,347302.0,2175.0,1280.0
NRN,3/24/2026,1640.0,1666.0,1610.0,1623.0,0.5,197764.0,2175.0,1280.0
NRN,3/25/2026,1611.0,1644.0,1604.0,1609.0,-0.86,236336.0,2175.0,1280.0
NRN,3/26/2026,1641.1,1674.9,1588.0,1670.0,1.76,571545.0,2175.0,1280.0
NRN,3/29/2026,1680.0,1690.0,1610.0,1628.0,-3.1,203885.0,2175.0,1280.0
NRN,3/30/2026,1627.0,1656.0,1616.0,1626.0,-0.06,194980.0,2175.0,1280.0
NRN,3/31/2026,1626.0,1640.0,1586.0,1601.1,-1.53,235314.0,2175.0,1280.0
NRN,4/1/2026,1603.0,1610.0,1510.0,1527.9,-4.68,198867.0,2175.0,1280.0
NRN,4/2/2026,1516.0,1610.0,1510.0,1575.0,3.89,187809.0,2175.0,1280.0
NRN,4/5/2026,1550.0,1550.0,1481.0,1488.0,-4.0,229379.0,2175.0,1280.0
NRN,4/6/2026,1488.0,1567.0,1480.0,1566.9,5.3,317330.0,2175.0,1280.0
NRN,4/7/2026,1570.0,1578.0,1520.0,1548.0,-1.4,139004.0,2175.0,1280.0
NRN,4/8/2026,1554.0,1590.1,1540.1,1590.0,2.32,195711.0,2175.0,1280.0
NRN,4/9/2026,1575.0,1648.0,1575.0,1627.0,3.3,224826.0,2175.0,1280.0
NRN,4/10/2026,1635.0,1637.5,1595.0,1604.0,-1.9,139756.0,2175.0,1280.0
NRN,4/13/2026,1615.0,1636.0,1608.0,1618.0,0.19,126296.0,2175.0,1280.0
NRN,4/15/2026,1618.0,1646.0,1594.0,1605.0,-0.8,119547.0,2175.0,1280.0
NRN,4/16/2026,1611.1,1612.0,1570.0,1580.0,-1.93,124905.0,2175.0,1280.0
NRN,4/17/2026,1580.0,1589.9,1558.0,1574.0,-0.38,99345.0,2175.0,1280.0
NRN,4/20/2026,1551.0,1560.0,1530.0,1534.0,-1.1,80110.0,2175.0,1280.0
NRN,4/21/2026,1534.0,1560.0,1491.0,1503.9,-1.96,66836.0,2175.0,1280.0
NRN,4/22/2026,1503.9,1539.0,1489.0,1515.0,0.74,65260.0,2175.0,1280.0
NRN,4/23/2026,1500.0,1533.0,1492.0,1495.0,-0.33,74993.0,2175.0,1280.0
NRN,4/24/2026,1490.0,1505.0,1476.0,1490.0,0.0,54758.0,2175.0,1280.0
NRN,4/27/2026,1490.0,1500.0,1476.0,1480.0,-0.67,57144.0,2175.0,1280.0
NRN,4/28/2026,1480.0,1499.0,1457.0,1475.0,-0.34,67494.0,2175.0,1280.0
NRN,4/29/2026,1475.0,1485.0,1430.8,1450.0,-1.69,54746.0,2175.0,1280.0
NRN,4/30/2026,1377.5,1490.0,1377.5,1443.0,4.75,108483.0,2175.0,1280.0
NRN,5/4/2026,1470.0,1470.0,1385.9,1395.0,-5.1,223192.0,2175.0,1280.0
NRN,5/5/2026,1395.0,1413.0,1383.0,1387.0,-0.57,40947.0,2175.0,1280.0
NRN,5/6/2026,1387.1,1405.0,1371.1,1398.0,0.79,41308.0,2175.0,1280.0
NRN,5/7/2026,1370.1,1390.5,1335.9,1362.8,-0.53,130321.0,2175.0,1280.0
NRN,5/8/2026,1430.9,1430.9,1330.9,1399.0,-2.23,31262.0,2175.0,1280.0
NRN,5/11/2026,1399.0,1431.0,1399.0,1427.0,2.0,36401.0,2175.0,1280.0
NRN,5/12/2026,1430.0,1430.0,1377.0,1384.0,-3.22,57237.0,2175.0,1280.0
NRN,5/13/2026,1373.0,1390.0,1354.0,1375.0,0.15,36401.0,2175.0,1280.0
NRN,5/14/2026,1370.0,1380.0,1360.0,1368.9,-0.08,31262.0,2175.0,1280.0
NRN,5/15/2026,1380.0,1380.0,1360.0,1367.4,-0.91,14087.0,2175.0,1280.0
NRN,5/18/2026,1375.0,1416.0,1353.0,1357.0,-1.31,20170.0,2175.0,1280.0
NRN,5/19/2026,1350.0,1360.0,1330.0,1350.0,0.0,36540.0,2175.0,1280.0
NRN,5/20/2026,1341.9,1370.0,1341.9,1370.0,2.09,33534.0,2175.0,1280.0
NRN,5/21/2026,1370.0,1392.9,1350.0,1375.0,0.36,98793.0,2175.0,1280.0
NRN,5/22/2026,1361.0,1430.0,1361.0,1399.0,2.79,40875.0,2175.0,1280.0
NRN,5/25/2026,1425.0,1440.0,1387.0,1401.0,-1.68,58203.0,2175.0,1280.0
NRN,5/26/2026,1400.0,1409.9,1394.0,1400.0,0.0,33074.0,2175.0,1280.0
NRN,5/27/2026,1409.0,1430.0,1390.0,1397.0,-0.85,52693.0,2175.0,1280.0
NRN,6/1/2026,1397.0,1415.0,1371.1,1385.0,-0.86,33522.0,2175.0,1280.0
NRN,6/2/2026,1410.0,1460.0,1386.0,1396.0,-0.99,65054.0,2175.0,1280.0
NRN,6/3/2026,1420.0,1439.0,1375.0,1388.9,-2.19,88927.0,2175.0,1280.0
NRN,6/4/2026,1388.9,1395.0,1365.5,1374.0,-1.07,30230.0,2175.0,1280.0
NRN,6/5/2026,1306.0,1396.0,1306.0,1381.0,5.74,49503.0,2175.0,1280.0
NRN,6/8/2026,1312.0,1390.0,1312.0,1380.0,5.18,23373.0,2175.0,1280.0
NRN,6/9/2026,1446.0,1446.0,1340.1,1362.2,-5.8,61735.0,2175.0,1280.0
NRN,6/10/2026,1362.0,1384.0,1362.0,1374.9,0.95,22226.0,2175.0,1280.0
NRN,6/11/2026,1320.0,1405.0,1320.0,1374.9,4.16,33258.0,2175.0,1280.0
NRN,6/12/2026,1372.0,1410.0,1357.0,1370.0,-0.15,39022.0,2175.0,1280.0
NRN,6/15/2026,1388.0,1438.0,1367.0,1371.0,-1.22,31493.0,2175.0,1280.0
NRN,6/16/2026,1393.0,1393.0,1365.0,1371.8,-1.52,22896.0,2175.0,1280.0
NRN,6/17/2026,1370.0,1434.0,1370.0,1428.0,4.23,149723.0,2175.0,1280.0
NRN,6/18/2026,1499.4,1499.4,1392.1,1399.0,-6.7,50365.0,2175.0,1280.0
NRN,6/19/2026,1405.0,1410.0,1383.0,1404.0,-0.07,51874.0,2175.0,1280.0
NRN,6/22/2026,1400.0,1475.0,1400.0,1469.9,4.99,210431.0,2175.0,1280.0
NRN,6/23/2026,1450.0,1465.0,1421.0,1421.0,-2.0,119650.0,2175.0,1280.0
NRN,6/24/2026,1350.0,1430.0,1350.0,1429.9,5.92,71317.0,2175.0,1280.0
NRN,6/26/2026,1411.0,1429.9,1411.0,1418.0,0.5,52433.0,2175.0,1280.0
NRN,6/29/2026,1410.0,1424.0,1396.0,1415.0,0.35,61605.0,2175.0,1280.0
NRN,6/30/2026,1485.7,1485.7,1390.0,1412.5,-4.93,68301.0,2175.0,1280.0
NRN,7/1/2026,1440.0,1440.0,1370.0,1427.0,-0.9,116706.0,2175.0,1280.0
NRN,7/2/2026,1400.0,1433.0,1400.0,1419.9,1.42,37733.0,2175.0,1280.0
NRN,7/3/2026,1413.0,1447.0,1406.0,1433.0,1.42,122303.0,2175.0,1280.0
NRN,7/6/2026,1455.0,1455.0,1398.0,1407.0,-3.3,91268.0,2175.0,1280.0
NRN,7/7/2026,1399.0,1419.6,1399.0,1405.0,0.43,30251.0,2175.0,1280.0
NRN,7/8/2026,1370.0,1424.9,1370.0,1395.0,1.82,67400.0,2175.0,1280.0
NRN,7/9/2026,1380.1,1390.0,1371.0,1372.0,-0.59,38347.0,2175.0,1280.0
NRN,7/10/2026,1371.0,1395.0,1361.1,1376.0,0.36,63259.0,2175.0,1280.0
NRN,7/13/2026,1350.0,1387.8,1342.6,1346.0,-0.3,53243.0,2175.0,1280.0
NRN,7/14/2026,1300.0,1369.0,1300.0,1346.1,3.55,63631.0,2175.0,1280.0
NRN,7/15/2026,1300.0,1372.0,1300.0,1356.0,4.31,41928.0,2175.0,1280.0
NRN,7/16/2026,1423.8,1423.8,1329.0,1344.0,-5.6,169919.0,2175.0,1280.0
NRN,7/17/2026,1280.0,1462.6,1280.0,1462.6,14.27,83472.0,2175.0,1280.0
NRN,7/20/2026,1449.0,1471.0,1421.1,1470.0,1.45,85891.0,2175.0,1280.0
NRN,7/21/2026,1425.0,1514.0,1425.0,1495.0,4.91,147423.0,2175.0,1280.0
NRN,7/22/2026,1459.7,1530.0,1459.7,1519.9,4.12,185785.0,2175.0,1280.0
NRN,7/23/2026,1480.0,1510.0,1480.0,1487.1,0.48,108726.0,2175.0,1280.0
NRN,7/24/2026,1413.0,1528.0,1413.0,1463.0,3.54,183860.0,2175.0,1280.0
NRN,7/27/2026,1435.0,1479.0,1425.0,1436.0,0.07,96305.0,2175.0,1280.0
NRN,7/28/2026,1499.0,1499.0,1415.0,1420.0,-5.27,77185.0,2175.0,1280.0
NRN,7/29/2026,1390.0,1440.0,1383.0,1398.0,0.58,90324.0,2175.0,1280.0
NRN,7/30/2026,1419.0,1419.0,1390.1,1402.0,-1.2,58834.0,2175.0,1280.0
NRN,7/31/2026,1400.0,1421.0,1388.0,1420.0,1.43,55080.0,2175.0,1280.0
NRN,8/3/2026,1440.0,1450.0,1356.0,1417.0,-1.6,108905.0,2175.0,1280.0
NRN,8/4/2026,1487.1,1487.1,1391.0,1396.0,-6.13,44186.0,2175.0,1280.0
NRN,8/5/2026,1450.0,1450.0,1380.0,1394.0,-3.86,77340.0,2175.0,1280.0
NRN,8/6/2026,1382.0,1419.0,1380.0,1387.0,0.36,59207.0,2175.0,1280.0
NRN,8/7/2026,1387.0,1390.0,1370.0,1371.0,-1.15,51374.0,2175.0,1280.0
NRN,8/10/2026,1360.0,1390.0,1360.0,1376.0,1.18,40092.0,2175.0,1280.0
NRN,8/11/2026,1377.1,1389.0,1370.0,1377.0,-0.01,30644.0,2175.0,1280.0
NRN,8/12/2026,1350.0,1435.0,1350.0,1430.0,5.93,224771.0,2175.0,1280.0
NRN,8/13/2026,1501.5,1501.5,1400.0,1419.8,-5.44,116925.0,2175.0,1280.0
NRN,8/14/2026,1400.0,1418.9,1390.0,1390.0,-0.71,77887.0,2175.0,1280.0
NRN,8/17/2026,1390.0,1390.0,1379.0,1385.0,-0.36,37467.0,2175.0,1280.0
NRN,8/18/2026,1380.1,1381.0,1367.1,1373.0,-0.51,46651.0,2175.0,1280.0
NRN,8/19/2026,1371.0,1384.9,1369.0,1379.0,0.58,30721.0,2175.0,1280.0
NRN,8/20/2026,1393.0,1393.0,1366.1,1390.0,-0.22,27952.0,2175.0,1280.0
NRN,8/21/2026,1370.0,1393.9,1355.1,1375.0,0.36,65821.0,2175.0,1280.0
NRN,8/24/2026,1365.1,1370.4,1363.1,1363.5,-0.12,27743.0,2175.0,1280.0
NRN,8/25/2026,1352.0,1378.0,1352.0,1359.0,0.52,30750.0,2175.0,1280.0
NRN,8/26/2026,1355.9,1365.0,1342.0,1344.0,-0.88,33244.0,2175.0,1280.0
NRN,8/27/2026,1376.9,1376.9,1336.1,1349.5,-1.99,32407.0,2175.0,1280.0
NRN,8/31/2026,1351.0,1351.0,1332.4,1339.0,-0.89,18536.0,2175.0,1280.0
NRN,9/1/2026,1365.0,1368.0,1345.0,1363.0,-0.15,29988.0,2175.0,1280.0
NRN,9/2/2026,1350.0,1410.0,1350.0,1410.0,4.44,91068.0,2175.0,1280.0
NRN,9/3/2026,1400.0,1408.0,1380.1,1391.0,-0.64,38921.0,2175.0,1280.0
NRN,9/7/2026,1391.0,1419.0,1380.0,1400.0,0.65,40081.0,2175.0,1280.0
NRN,9/9/2026,1400.0,1424.8,1393.5,1405.0,0.36,118245.0,2175.0,1280.0
NRN,9/10/2026,1400.0,1430.0,1393.0,1419.0,1.36,135300.0,2175.0,1280.0
NRN,9/11/2026,1360.0,1440.0,1360.0,1439.0,5.81,129615.0,2175.0,1280.0
NRN,9/14/2026,1439.0,1466.0,1425.9,1448.0,0.63,171552.0,2175.0,1280.0
NRN,9/15/2026,1519.0,1519.0,1443.0,1468.0,-3.36,194242.0,2175.0,1280.0
NRN,9/16/2026,1441.0,1467.0,1425.9,1439.9,-0.08,88769.0,2175.0,1280.0
NRN,9/17/2026,1449.9,1463.0,1443.1,1455.0,0.35,100078.0,2175.0,1280.0
NRN,9/18/2026,1440.2,1460.0,1440.2,1450.0,0.68,51074.0,2175.0,1280.0
NRN,9/22/2026,1450.0,1480.0,1445.0,1448.0,-0.14,107990.0,2175.0,1280.0
NRN,9/23/2026,1448.0,1459.9,1416.2,1416.2,-2.2,80844.0,2175.0,1280.0
NRN,9/24/2026,1345.4,1447.5,1345.4,1415.0,5.17,52065.0,2175.0,1280.0
NRN,9/28/2026,1419.0,1440.0,1390.0,1397.0,-1.55,47182.0,2175.0,1280.0
NRN,9/29/2026,1400.0,1411.0,1386.0,0.0,-100.0,13962.0,2175.0,1280.0
NRN,9/30/2026,1340.0,1396.9,1340.0,1380.0,2.99,30789.0,2175.0,1280.0
NRN,10/1/2026,1350.0,1410.0,1350.0,1382.0,2.37,23226.0,2175.0,1280.0
NRN,10/2/2026,1350.0,1400.0,1350.0,1372.0,1.63,23626.0,2175.0,1280.0
NSIF2,1/26/2026,10.8,10.8,10.59,10.8,,56359.0,11.45,9.65
NSIF2,1/27/2026,10.82,10.82,10.61,10.65,-1.39,405323.0,11.45,9.65
NSIF2,1/28/2026,10.53,10.77,10.53,10.77,1.13,10760.0,11.45,9.65
NSIF2,1/29/2026,10.59,10.72,10.59,10.72,-0.46,6950.0,11.45,9.65
NSIF2,2/1/2026,10.73,10.86,10.65,10.86,1.31,110900.0,11.45,9.65
NSIF2,2/2/2026,10.67,10.7,10.67,10.7,-1.47,1100.0,11.45,9.65
NSIF2,2/3/2026,10.52,10.6,10.52,10.6,-0.93,4000.0,11.45,9.65
NSIF2,2/4/2026,10.4,10.75,10.4,10.75,1.42,21400.0,11.45,9.65
NSIF2,2/5/2026,10.54,10.8,10.54,10.8,0.47,40870.0,11.45,9.65
NSIF2,2/8/2026,10.7,10.8,10.61,10.62,-1.67,12800.0,11.45,9.65
NSIF2,2/9/2026,10.61,10.63,10.61,10.61,-0.09,20500.0,11.45,9.65
NSIF2,2/10/2026,10.61,10.75,10.61,10.61,0.0,2900.0,11.45,9.65
NSIF2,2/11/2026,10.61,10.82,10.61,10.7,0.85,50800.0,11.45,9.65
NSIF2,2/12/2026,10.61,10.75,10.6,10.66,-0.37,175750.0,11.45,9.65
NSIF2,2/16/2026,10.67,10.75,10.56,10.75,0.84,18370.0,11.45,9.65
NSIF2,2/17/2026,10.8,10.81,10.56,10.6,-1.4,1711.0,11.45,9.65
NSIF2,2/22/2026,10.53,10.65,10.45,10.45,-1.42,130359.0,11.45,9.65
NSIF2,2/23/2026,10.41,10.5,10.41,10.5,0.48,500.0,11.45,9.65
NSIF2,2/24/2026,10.44,10.55,10.44,10.55,0.48,26500.0,11.45,9.65
NSIF2,2/25/2026,10.4,10.42,10.4,10.42,-1.23,400.0,11.45,9.65
NSIF2,2/26/2026,10.49,10.62,10.49,10.62,1.92,7500.0,11.45,9.65
NSIF2,2/27/2026,10.49,10.62,10.49,10.62,0.0,7500.0,11.45,9.65
NSIF2,2/28/2026,10.49,10.62,10.49,10.62,0.0,7500.0,11.45,9.65
NSIF2,3/2/2026,10.44,10.7,10.44,10.69,0.66,23665.0,11.45,9.65
NSIF2,3/3/2026,10.61,10.62,10.61,10.62,-0.65,800.0,11.45,9.65
NSIF2,3/4/2026,10.61,10.62,10.61,10.62,0.0,800.0,11.45,9.65
NSIF2,3/5/2026,10.61,10.62,10.61,10.62,0.0,800.0,11.45,9.65
NSIF2,3/6/2026,10.61,10.62,10.61,10.62,0.0,800.0,11.45,9.65
NSIF2,3/7/2026,10.61,10.62,10.61,10.62,0.0,800.0,11.45,9.65
NSIF2,3/8/2026,10.61,10.62,10.61,10.62,0.0,800.0,11.45,9.65
NSIF2,3/10/2026,10.83,11.03,10.62,11.03,3.86,325759.0,11.45,9.65
NSIF2,3/11/2026,10.81,11.02,10.81,10.85,-1.63,235612.0,11.45,9.65
NSIF2,3/12/2026,10.67,11.06,10.67,10.84,-0.09,173700.0,11.45,9.65
NSIF2,3/13/2026,10.67,11.06,10.67,10.84,0.0,173700.0,11.45,9.65
NSIF2,3/14/2026,10.67,11.06,10.67,10.84,0.0,173700.0,11.45,9.65
NSIF2,3/15/2026,10.73,11.16,10.73,10.88,0.37,86821.0,11.45,9.65
NSIF2,3/16/2026,10.79,10.9,10.79,10.85,-0.28,7550.0,11.45,9.65
NSIF2,3/17/2026,10.85,11.0,10.81,10.88,0.28,115700.0,11.45,9.65
NSIF2,3/18/2026,10.85,11.0,10.81,10.88,0.0,115700.0,11.45,9.65
NSIF2,3/19/2026,10.82,11.09,10.82,11.0,1.1,105669.0,11.45,9.65
NSIF2,3/20/2026,10.82,11.09,10.82,11.0,0.0,105669.0,11.45,9.65
NSIF2,3/21/2026,10.82,11.09,10.82,11.0,0.0,105669.0,11.45,9.65
NSIF2,3/22/2026,10.8,11.1,10.8,10.95,-0.45,5511.0,11.45,9.65
NSIF2,3/23/2026,10.85,11.13,10.85,10.92,-0.27,1000.0,11.45,9.65
NSIF2,3/24/2026,10.84,11.13,10.84,11.13,1.92,10970.0,11.45,9.65
NSIF2,3/25/2026,10.93,11.2,10.93,10.98,-1.35,324691.0,11.45,9.65
NSIF2,3/26/2026,11.15,11.3,10.98,11.2,0.45,37800.0,11.45,9.65
NSIF2,3/29/2026,11.2,11.22,10.99,11.01,-1.7,157650.0,11.45,9.65
NSIF2,3/30/2026,11.23,11.45,10.96,11.08,-1.34,61915.0,11.45,9.65
NSIF2,3/31/2026,10.87,11.2,10.87,11.1,2.12,18575.0,11.45,9.65
NSIF2,4/1/2026,11.0,11.13,10.83,10.83,-1.55,100500.0,11.45,9.65
NSIF2,4/2/2026,10.63,11.1,10.63,11.1,4.42,3400.0,11.45,9.65
NSIF2,4/5/2026,10.88,10.88,10.5,10.5,-3.49,400.0,11.45,9.65
NSIF2,4/6/2026,10.71,10.89,10.5,10.56,-1.4,53300.0,11.45,9.65
NSIF2,4/7/2026,10.5,10.86,10.5,10.86,3.43,29350.0,11.45,9.65
NSIF2,4/8/2026,10.73,11.0,10.73,11.0,2.52,55800.0,11.45,9.65
NSIF2,4/9/2026,11.0,11.1,10.87,10.95,-0.45,91052.0,11.45,9.65
NSIF2,4/10/2026,10.74,11.0,10.74,10.87,1.21,10865.0,11.45,9.65
NSIF2,4/13/2026,10.66,11.0,10.66,11.0,3.19,8400.0,11.45,9.65
NSIF2,4/15/2026,10.81,11.0,10.81,10.86,0.46,45262.0,11.45,9.65
NSIF2,4/16/2026,10.86,11.0,10.86,10.86,0.0,5300.0,11.45,9.65
NSIF2,4/17/2026,10.9,11.1,10.85,10.9,0.0,18150.0,11.45,9.65
NSIF2,4/20/2026,10.62,10.93,10.62,10.93,2.92,1300.0,11.45,9.65
NSIF2,4/21/2026,10.7,11.0,10.7,10.85,1.4,3992.0,11.45,9.65
NSIF2,4/22/2026,10.76,10.8,10.76,10.8,0.37,7950.0,11.45,9.65
NSIF2,4/23/2026,10.74,11.0,10.74,10.82,0.74,7600.0,11.45,9.65
NSIF2,4/24/2026,10.82,11.0,10.7,11.0,1.66,148100.0,11.45,9.65
NSIF2,4/27/2026,11.0,11.0,10.8,11.0,0.0,11800.0,11.45,9.65
NSIF2,4/28/2026,11.0,11.12,10.75,11.03,0.27,67120.0,11.45,9.65
NSIF2,4/29/2026,11.03,11.0,10.71,10.99,-0.36,3105.0,11.45,9.65
NSIF2,4/30/2026,10.8,11.0,10.66,10.81,0.09,34255.0,11.45,9.65
NSIF2,5/4/2026,10.51,10.55,10.51,10.55,0.38,2600.0,11.45,9.65
NSIF2,5/5/2026,10.8,10.8,10.5,10.5,-2.78,5700.0,11.45,9.65
NSIF2,5/6/2026,10.48,10.99,10.29,10.99,4.87,25750.0,11.45,9.65
NSIF2,5/7/2026,10.7,10.71,10.7,10.71,0.09,2100.0,11.45,9.65
NSIF2,5/8/2026,11.03,11.03,10.67,10.98,-0.45,25935.0,11.45,9.65
NSIF2,5/11/2026,10.66,10.9,10.66,10.9,2.25,1650.0,11.45,9.65
NSIF2,5/12/2026,10.59,10.7,10.59,10.7,1.04,300.0,11.45,9.65
NSIF2,5/13/2026,10.62,10.7,10.62,10.7,0.75,3100.0,11.45,9.65
NSIF2,5/14/2026,10.62,10.7,10.62,10.7,0.75,1600.0,11.45,9.65
NSIF2,5/15/2026,10.62,10.7,10.62,10.7,0.75,600.0,11.45,9.65
NSIF2,5/18/2026,10.65,10.66,10.65,10.66,0.09,2750.0,11.45,9.65
NSIF2,5/19/2026,10.62,10.71,10.62,10.71,0.85,700.0,11.45,9.65
NSIF2,5/20/2026,10.67,10.91,10.42,10.8,1.22,741450.0,11.45,9.65
NSIF2,5/21/2026,10.8,10.8,10.65,10.75,-0.46,2800.0,11.45,9.65
NSIF2,5/22/2026,11.05,11.05,10.72,10.75,-2.71,2200.0,11.45,9.65
NSIF2,5/25/2026,10.6,10.75,10.6,10.72,1.13,3100.0,11.45,9.65
NSIF2,5/26/2026,10.8,10.8,10.65,10.72,-0.74,2424.0,11.45,9.65
NSIF2,5/27/2026,10.73,10.9,10.71,10.83,0.93,143680.0,11.45,9.65
NSIF2,6/1/2026,11.1,11.1,10.8,10.8,-2.7,1400.0,11.45,9.65
NSIF2,6/2/2026,10.66,10.7,10.66,10.7,0.38,600.0,11.45,9.65
NSIF2,6/3/2026,10.7,10.73,10.7,10.73,0.28,750.0,11.45,9.65
NSIF2,6/4/2026,10.73,11.0,10.73,10.75,0.19,2000.0,11.45,9.65
NSIF2,6/5/2026,10.75,10.85,10.75,10.85,0.93,58400.0,11.45,9.65
NSIF2,6/8/2026,10.73,11.1,10.73,10.73,0.0,3300.0,11.45,9.65
NSIF2,6/9/2026,10.74,10.94,10.74,10.85,1.02,7900.0,11.45,9.65
NSIF2,6/10/2026,10.75,10.75,10.75,10.75,0.0,1200.0,11.45,9.65
NSIF2,6/11/2026,10.75,10.85,10.75,10.84,0.84,69195.0,11.45,9.65
NSIF2,6/12/2026,10.52,10.84,10.52,10.7,1.71,10700.0,11.45,9.65
NSIF2,6/15/2026,10.7,10.84,10.6,10.79,0.84,43700.0,11.45,9.65
NSIF2,6/16/2026,10.6,10.82,10.6,10.82,2.08,13000.0,11.45,9.65
NSIF2,6/17/2026,10.8,11.0,10.67,10.7,-0.93,14948.0,11.45,9.65
NSIF2,6/18/2026,10.8,10.81,10.61,10.81,0.09,2400.0,11.45,9.65
NSIF2,6/19/2026,10.53,10.65,10.53,10.6,0.66,50810.0,11.45,9.65
NSIF2,6/22/2026,10.6,10.91,10.55,10.55,-0.47,17200.0,11.45,9.65
NSIF2,6/23/2026,10.55,10.86,10.55,10.56,0.09,1200.0,11.45,9.65
NSIF2,6/24/2026,10.56,10.56,10.53,10.53,-0.28,9900.0,11.45,9.65
NSIF2,6/26/2026,10.62,10.9,10.52,10.67,0.47,61400.0,11.45,9.65
NSIF2,6/29/2026,10.52,10.85,10.52,10.57,0.48,2620.0,11.45,9.65
NSIF2,6/30/2026,10.57,10.65,10.55,10.65,0.76,62900.0,11.45,9.65
NSIF2,7/1/2026,10.54,10.79,10.54,10.79,2.37,10350.0,11.45,9.65
NSIF2,7/2/2026,11.0,11.0,10.74,10.74,-2.36,15659.0,11.45,9.65
NSIF2,7/3/2026,10.56,10.79,10.56,10.79,2.18,40300.0,11.45,9.65
NSIF2,7/6/2026,10.54,10.8,10.54,10.79,2.37,17100.0,11.45,9.65
NSIF2,7/7/2026,10.54,10.54,10.54,10.54,0.0,100.0,11.45,9.65
NSIF2,7/8/2026,10.55,10.6,10.55,10.6,0.47,400.0,11.45,9.65
NSIF2,7/9/2026,10.6,10.7,10.6,10.6,0.0,750.0,11.45,9.65
NSIF2,7/10/2026,10.6,10.8,10.54,10.65,0.47,800.0,11.45,9.65
NSIF2,7/13/2026,10.54,10.56,10.54,10.56,0.19,2000.0,11.45,9.65
NSIF2,7/14/2026,10.87,10.87,10.4,10.4,-4.32,52099.0,11.45,9.65
NSIF2,7/15/2026,10.21,10.41,10.21,10.4,1.86,27040.0,11.45,9.65
NSIF2,7/16/2026,10.23,10.23,10.23,10.23,0.0,100.0,11.45,9.65
NSIF2,7/17/2026,10.53,10.53,10.53,10.53,0.0,670.0,11.45,9.65
NSIF2,7/20/2026,10.4,10.46,10.4,10.46,0.58,780.0,11.45,9.65
NSIF2,7/21/2026,10.7,10.88,10.6,10.88,1.68,23350.0,11.45,9.65
NSIF2,7/22/2026,10.97,10.97,10.6,10.65,-2.92,18533.0,11.45,9.65
NSIF2,7/23/2026,10.61,10.8,10.61,10.67,0.57,7675.0,11.45,9.65
NSIF2,7/24/2026,10.67,10.68,10.67,10.68,0.09,200.0,11.45,9.65
NSIF2,7/27/2026,10.68,10.8,10.61,10.8,1.12,12000.0,11.45,9.65
NSIF2,7/28/2026,10.63,10.89,10.63,10.89,2.45,10400.0,11.45,9.65
NSIF2,7/29/2026,10.84,10.84,10.64,10.75,-0.83,15650.0,11.45,9.65
NSIF2,7/30/2026,10.98,10.98,10.66,10.66,-2.91,2793.0,11.45,9.65
NSIF2,7/31/2026,10.66,10.66,10.66,10.66,0.0,500.0,11.45,9.65
NSIF2,8/3/2026,10.67,10.88,10.67,10.67,0.0,1100.0,11.45,9.65
NSIF2,8/4/2026,10.66,10.8,10.66,10.71,0.47,20100.0,11.45,9.65
NSIF2,8/5/2026,10.75,10.75,10.74,10.74,-0.09,24700.0,11.45,9.65
NSIF2,8/6/2026,10.74,10.75,10.66,10.68,-0.56,83800.0,11.45,9.65
NSIF2,8/7/2026,10.65,10.8,10.65,10.8,1.41,48900.0,11.45,9.65
NSIF2,8/10/2026,10.7,10.9,10.7,10.7,0.0,9200.0,11.45,9.65
NSIF2,8/11/2026,10.66,10.7,10.66,10.7,0.38,400.0,11.45,9.65
NSIF2,8/12/2026,10.7,10.87,10.7,10.87,1.59,12306.0,11.45,9.65
NSIF2,8/13/2026,10.68,10.89,10.68,10.89,1.97,50500.0,11.45,9.65
NSIF2,8/14/2026,10.72,10.73,10.67,10.67,-0.47,53199.0,11.45,9.65
NSIF2,8/17/2026,10.67,11.07,10.65,10.98,2.91,433583.0,11.45,9.65
NSIF2,8/18/2026,10.9,11.02,10.9,11.0,0.92,208749.0,11.45,9.65
NSIF2,8/19/2026,10.97,11.13,10.97,11.0,0.27,102795.0,11.45,9.65
NSIF2,8/20/2026,11.1,11.1,10.85,11.0,-0.9,342164.0,11.45,9.65
NSIF2,8/21/2026,11.1,11.1,10.95,11.01,-0.81,279240.0,11.45,9.65
NSIF2,8/24/2026,10.68,10.68,10.0,10.1,-5.43,40689.0,11.45,9.65
NSIF2,8/25/2026,10.0,10.16,10.0,10.08,0.8,19451.0,11.45,9.65
NSIF2,8/26/2026,10.1,10.1,9.95,9.95,-1.49,12900.0,11.45,9.65
NSIF2,8/27/2026,10.0,10.0,9.94,9.94,-0.6,18100.0,11.45,9.65
NSIF2,8/31/2026,10.08,10.08,9.8,9.8,-2.78,4100.0,11.45,9.65
NSIF2,9/1/2026,9.95,9.95,9.95,9.95,0.0,400.0,11.45,9.65
NSIF2,9/2/2026,9.9,10.0,9.9,10.0,1.01,993.0,11.45,9.65
NSIF2,9/3/2026,10.0,10.0,9.81,9.9,-1.0,208045.0,11.45,9.65
NSIF2,9/7/2026,9.9,9.92,9.87,9.87,-0.3,66675.0,11.45,9.65
NSIF2,9/9/2026,9.87,9.87,9.81,9.85,-0.2,10300.0,11.45,9.65
NSIF2,9/10/2026,9.82,10.06,9.82,9.9,0.81,21800.0,11.45,9.65
NSIF2,9/11/2026,9.65,10.09,9.65,10.09,4.56,9175.0,11.45,9.65
NSIF2,9/14/2026,9.87,10.08,9.87,10.08,2.13,3600.0,11.45,9.65
NSIF2,9/15/2026,10.0,10.1,9.92,9.95,-0.5,109398.0,11.45,9.65
NSIF2,9/16/2026,9.95,10.0,9.95,10.0,0.5,300.0,11.45,9.65
NSIF2,9/17/2026,9.97,10.26,9.97,10.26,2.91,5955.0,11.45,9.65
NSIF2,9/18/2026,9.97,10.25,9.97,10.0,0.3,10300.0,11.45,9.65
NSIF2,9/22/2026,10.0,10.29,10.0,10.16,1.6,11244.0,11.45,9.65
NSIF2,9/23/2026,9.97,10.08,9.92,10.08,1.1,6900.0,11.45,9.65
NSIF2,9/24/2026,9.99,10.05,9.92,10.05,0.6,65300.0,11.45,9.65
NSIF2,9/28/2026,9.91,10.1,9.91,10.1,1.92,6100.0,11.45,9.65
NSIF2,9/29/2026,9.91,10.2,9.9,0.0,-100.0,13332.0,11.45,9.65
NSIF2,9/30/2026,9.95,10.09,9.91,10.09,1.41,8871.0,11.45,9.65
NSIF2,10/1/2026,9.91,10.09,9.91,10.09,1.82,4674.0,11.45,9.65
NSIF2,10/2/2026,9.8,9.9,9.8,9.9,1.02,151100.0,11.45,9.65
NSY,3/17/2026,10.0,10.19,9.43,10.15,,40890.0,10.19,8.8
NSY,3/18/2026,10.0,10.19,9.43,10.15,0.0,40890.0,10.19,8.8
NSY,3/19/2026,9.95,9.95,9.5,9.63,-5.12,29470.0,10.19,8.8
NSY,3/20/2026,9.95,9.95,9.5,9.63,0.0,29470.0,10.19,8.8
NSY,3/21/2026,9.95,9.95,9.5,9.63,0.0,29470.0,10.19,8.8
NSY,3/22/2026,9.55,9.8,9.46,9.75,1.25,35620.0,10.19,8.8
NSY,3/23/2026,9.57,10.02,9.35,10.02,2.77,41060.0,10.19,8.8
NSY,3/24/2026,10.02,10.02,9.6,9.87,-1.5,21500.0,10.19,8.8
NSY,3/25/2026,9.8,9.85,9.61,9.71,-1.62,18980.0,10.19,8.8
NSY,3/26/2026,9.7,9.9,9.62,9.89,1.96,8000.0,10.19,8.8
NSY,3/29/2026,9.7,9.87,9.57,9.85,1.55,21740.0,10.19,8.8
NSY,3/30/2026,9.66,10.0,9.47,9.61,-0.52,12330.0,10.19,8.8
NSY,3/31/2026,9.42,9.8,9.24,9.51,0.96,19350.0,10.19,8.8
NSY,4/1/2026,9.4,9.72,9.35,9.55,1.6,24800.0,10.19,8.8
NSY,4/2/2026,9.4,9.74,9.4,9.5,1.06,6600.0,10.19,8.8
NSY,4/5/2026,9.32,9.5,9.32,9.41,0.97,21200.0,10.19,8.8
NSY,4/6/2026,9.25,9.66,9.25,9.66,4.43,22100.0,10.19,8.8
NSY,4/7/2026,9.8,9.99,9.55,9.58,-2.24,16300.0,10.19,8.8
NSY,4/8/2026,9.4,9.7,9.4,9.5,1.06,5400.0,10.19,8.8
NSY,4/9/2026,9.5,9.91,9.4,9.91,4.32,13800.0,10.19,8.8
NSY,4/10/2026,9.72,9.73,9.62,9.72,0.0,6930.0,10.19,8.8
NSY,4/13/2026,9.53,9.88,9.35,9.88,3.67,16800.0,10.19,8.8
NSY,4/15/2026,9.7,9.8,9.51,9.71,0.1,24470.0,10.19,8.8
NSY,4/16/2026,9.53,9.79,9.53,9.67,1.47,4800.0,10.19,8.8
NSY,4/17/2026,9.57,9.75,9.57,9.75,1.88,4800.0,10.19,8.8
NSY,4/20/2026,9.5,9.81,9.5,9.6,1.05,13900.0,10.19,8.8
NSY,4/21/2026,9.32,9.7,9.32,9.7,4.08,15630.0,10.19,8.8
NSY,4/22/2026,9.5,9.78,9.45,9.78,2.95,6600.0,10.19,8.8
NSY,4/23/2026,9.49,9.77,9.32,9.6,1.16,8300.0,10.19,8.8
NSY,4/24/2026,9.32,9.83,9.06,9.62,3.22,4900.0,10.19,8.8
NSY,4/27/2026,9.62,9.7,9.18,9.5,-1.25,12700.0,10.19,8.8
NSY,4/28/2026,9.5,9.5,9.27,9.31,-2.0,13300.0,10.19,8.8
NSY,4/29/2026,9.31,9.68,9.25,9.67,3.87,18600.0,10.19,8.8
NSY,4/30/2026,9.38,9.66,9.31,9.44,0.64,5350.0,10.19,8.8
NSY,5/4/2026,9.25,9.5,9.13,9.28,0.32,8750.0,10.19,8.8
NSY,5/5/2026,9.28,9.55,9.13,9.55,2.91,51900.0,10.19,8.8
NSY,5/6/2026,9.28,9.6,9.28,9.5,2.37,14638.0,10.19,8.8
NSY,5/7/2026,9.26,9.73,9.26,9.73,5.08,6850.0,10.19,8.8
NSY,5/8/2026,9.5,9.68,9.25,9.53,0.32,9565.0,10.19,8.8
NSY,5/11/2026,9.5,9.57,9.26,9.45,-0.53,9920.0,10.19,8.8
NSY,5/12/2026,9.18,9.6,9.18,9.45,2.94,153990.0,10.19,8.8
NSY,5/13/2026,9.28,9.6,9.28,9.5,2.37,10810.0,10.19,8.8
NSY,5/14/2026,9.5,9.62,9.25,9.62,1.26,8670.0,10.19,8.8
NSY,5/15/2026,9.46,9.59,9.46,9.5,0.42,9700.0,10.19,8.8
NSY,5/18/2026,9.43,9.75,9.43,9.5,0.74,55400.0,10.19,8.8
NSY,5/19/2026,9.43,9.5,9.43,9.5,0.74,6200.0,10.19,8.8
NSY,5/20/2026,9.43,9.6,9.43,9.6,1.8,3300.0,10.19,8.8
NSY,5/21/2026,9.44,9.6,9.43,9.6,1.69,8612.0,10.19,8.8
NSY,5/22/2026,9.45,9.68,9.43,9.68,2.43,5100.0,10.19,8.8
NSY,5/25/2026,9.44,9.63,9.35,9.53,0.95,8470.0,10.19,8.8
NSY,5/26/2026,9.44,9.7,9.44,9.53,0.95,6100.0,10.19,8.8
NSY,5/27/2026,9.46,9.7,9.46,9.69,2.43,5000.0,10.19,8.8
NSY,6/1/2026,9.69,9.69,9.44,9.65,-0.41,14500.0,10.19,8.8
NSY,6/2/2026,9.44,9.7,9.44,9.7,2.75,6200.0,10.19,8.8
NSY,6/3/2026,9.42,9.5,9.4,9.47,0.53,4600.0,10.19,8.8
NSY,6/4/2026,9.33,9.6,9.33,9.51,1.93,19550.0,10.19,8.8
NSY,6/5/2026,9.79,9.79,9.41,9.69,-1.02,13865.0,10.19,8.8
NSY,6/8/2026,9.41,9.79,9.41,9.52,1.17,5700.0,10.19,8.8
NSY,6/9/2026,9.52,9.52,9.32,9.5,-0.21,5700.0,10.19,8.8
NSY,6/10/2026,9.22,9.59,9.22,9.59,4.01,22600.0,10.19,8.8
NSY,6/11/2026,9.36,9.58,9.36,9.45,0.96,12200.0,10.19,8.8
NSY,6/12/2026,9.43,9.55,9.35,9.51,0.85,8650.0,10.19,8.8
NSY,6/15/2026,9.5,9.51,9.4,9.5,0.0,27775.0,10.19,8.8
NSY,6/16/2026,9.3,9.5,9.3,9.41,1.18,8426.0,10.19,8.8
NSY,6/17/2026,9.3,9.6,9.3,9.6,3.23,2750.0,10.19,8.8
NSY,6/18/2026,9.79,9.79,9.41,9.5,-2.96,2850.0,10.19,8.8
NSY,6/19/2026,9.45,9.68,9.38,9.66,2.22,5950.0,10.19,8.8
NSY,6/22/2026,9.38,9.66,9.31,9.66,2.99,4600.0,10.19,8.8
NSY,6/23/2026,9.39,9.55,9.39,9.5,1.17,9700.0,10.19,8.8
NSY,6/24/2026,9.58,9.58,9.25,9.35,-2.4,8500.0,10.19,8.8
NSY,6/26/2026,9.28,9.5,9.22,9.42,1.51,6250.0,10.19,8.8
NSY,6/29/2026,9.2,9.5,9.16,9.3,1.09,5000.0,10.19,8.8
NSY,6/30/2026,9.0,9.49,9.0,9.28,3.11,5940.0,10.19,8.8
NSY,7/1/2026,9.1,9.55,9.1,9.55,4.95,4000.0,10.19,8.8
NSY,7/2/2026,9.55,9.55,9.2,9.31,-2.51,2900.0,10.19,8.8
NSY,7/3/2026,9.31,9.5,9.23,9.5,2.04,1700.0,10.19,8.8
NSY,7/6/2026,9.23,9.45,9.23,9.3,0.76,1900.0,10.19,8.8
NSY,7/7/2026,9.24,9.55,9.16,9.41,1.84,23490.0,10.19,8.8
NSY,7/8/2026,9.19,9.57,9.19,9.57,4.13,5400.0,10.19,8.8
NSY,7/9/2026,9.29,9.57,9.02,9.47,1.94,8900.0,10.19,8.8
NSY,7/10/2026,9.3,9.57,9.26,9.37,0.75,35400.0,10.19,8.8
NSY,7/13/2026,9.09,9.52,9.09,9.31,2.42,21950.0,10.19,8.8
NSY,7/14/2026,9.08,9.77,9.06,9.2,1.32,9760.0,10.19,8.8
NSY,7/15/2026,9.2,9.61,9.14,9.61,4.46,26340.0,10.19,8.8
NSY,7/16/2026,10.09,10.09,9.06,9.75,-3.37,19800.0,10.19,8.8
NSY,7/17/2026,9.46,9.7,9.2,9.7,2.54,2500.0,10.19,8.8
NSY,7/21/2026,9.41,9.57,9.16,9.42,0.11,7100.0,10.19,8.8
NSY,7/22/2026,9.2,9.44,9.2,9.38,1.96,2700.0,10.19,8.8
NSY,7/23/2026,9.21,9.5,9.21,9.5,3.15,13500.0,10.19,8.8
NSY,7/24/2026,9.23,9.59,9.23,9.33,1.08,9600.0,10.19,8.8
NSY,7/27/2026,9.33,9.5,9.28,9.36,0.32,3200.0,10.19,8.8
NSY,7/28/2026,9.36,9.6,9.1,9.6,2.56,1600.0,10.19,8.8
NSY,7/29/2026,9.4,9.5,9.12,9.5,1.06,19600.0,10.19,8.8
NSY,7/30/2026,9.22,9.5,9.22,9.3,0.87,3100.0,10.19,8.8
NSY,7/31/2026,9.3,9.5,9.1,9.45,1.61,2700.0,10.19,8.8
NSY,8/3/2026,9.3,9.67,9.15,9.35,0.54,33000.0,10.19,8.8
NSY,8/4/2026,9.35,9.6,9.3,9.31,-0.43,3810.0,10.19,8.8
NSY,8/5/2026,9.3,9.5,9.1,9.3,0.0,4200.0,10.19,8.8
NSY,8/6/2026,9.03,9.45,9.03,9.2,1.88,4500.0,10.19,8.8
NSY,8/7/2026,9.19,9.3,9.06,9.2,0.11,23000.0,10.19,8.8
NSY,8/10/2026,9.2,9.48,8.93,9.48,3.04,5320.0,10.19,8.8
NSY,8/11/2026,9.3,9.4,9.13,9.2,-1.08,1700.0,10.19,8.8
NSY,8/12/2026,9.0,9.46,9.0,9.4,4.44,25500.0,10.19,8.8
NSY,8/13/2026,9.16,9.3,9.16,9.21,0.55,1700.0,10.19,8.8
NSY,8/14/2026,9.17,9.3,9.17,9.2,0.33,3400.0,10.19,8.8
NSY,8/17/2026,9.17,9.45,9.16,9.17,0.0,4700.0,10.19,8.8
NSY,8/18/2026,8.9,9.44,8.85,9.21,3.48,3500.0,10.19,8.8
NSY,8/19/2026,9.0,9.3,8.9,9.3,3.33,3400.0,10.19,8.8
NSY,8/20/2026,9.03,9.3,9.03,9.1,0.78,1416.0,10.19,8.8
NSY,8/21/2026,8.86,9.52,8.86,9.52,7.45,1900.0,10.19,8.8
NSY,8/24/2026,9.7,9.7,8.89,9.0,-7.22,8700.0,10.19,8.8
NSY,8/25/2026,9.01,9.28,9.01,9.2,2.11,6900.0,10.19,8.8
NSY,8/26/2026,9.01,9.29,9.01,9.29,3.11,4916.0,10.19,8.8
NSY,8/27/2026,9.3,9.3,9.02,9.2,-1.08,3300.0,10.19,8.8
NSY,8/31/2026,9.1,9.3,8.93,9.3,2.2,3600.0,10.19,8.8
NSY,9/1/2026,9.03,9.03,9.0,9.0,-0.33,500.0,10.19,8.8
NSY,9/2/2026,9.0,9.1,9.0,9.06,0.67,14600.0,10.19,8.8
NSY,9/3/2026,9.0,9.16,8.9,9.16,1.78,2400.0,10.19,8.8
NSY,9/7/2026,8.91,9.3,8.91,9.3,4.38,2900.0,10.19,8.8
NSY,9/9/2026,9.03,9.25,8.94,9.0,-0.33,3800.0,10.19,8.8
NSY,9/10/2026,9.0,9.0,8.95,8.99,-0.11,4900.0,10.19,8.8
NSY,9/11/2026,8.92,9.33,8.92,9.33,4.6,2700.0,10.19,8.8
NSY,9/14/2026,9.06,9.33,8.85,9.13,0.77,2800.0,10.19,8.8
NSY,9/15/2026,9.1,9.4,9.1,9.4,3.3,3917.0,10.19,8.8
NSY,9/16/2026,9.12,9.4,9.12,9.12,0.0,12600.0,10.19,8.8
NSY,9/17/2026,8.91,9.25,8.91,9.25,3.82,10600.0,10.19,8.8
NSY,9/18/2026,9.0,9.45,9.0,9.25,2.78,4605.0,10.19,8.8
NSY,9/22/2026,9.0,9.25,9.0,9.21,2.33,7000.0,10.19,8.8
NSY,9/23/2026,9.0,9.27,8.9,9.1,1.11,4038.0,10.19,8.8
NSY,9/24/2026,9.0,9.25,8.8,9.25,2.78,1500.0,10.19,8.8
NSY,9/28/2026,8.98,9.1,8.9,8.97,-0.11,5400.0,10.19,8.8
NSY,9/29/2026,8.8,9.2,8.8,0.0,-100.0,4470.0,10.19,8.8
NSY,9/30/2026,8.8,9.0,8.8,9.0,2.27,1200.0,10.19,8.8
NSY,10/1/2026,8.84,9.0,8.84,8.91,0.79,2900.0,10.19,8.8
NSY,10/2/2026,8.8,9.4,8.8,8.85,0.57,5815.0,10.19,8.8
NTC,12/21/2025,875.0,882.0,873.0,879.9,,10140.0,942.5,831.0
NTC,12/22/2025,875.1,880.0,875.0,875.0,-0.56,9374.0,942.5,831.0
NTC,12/23/2025,887.0,900.0,875.2,899.0,2.74,45919.0,942.5,831.0
NTC,12/24/2025,916.9,916.9,890.0,895.4,-0.4,39968.0,942.5,831.0
NTC,12/28/2025,909.9,909.9,896.0,906.0,1.18,38661.0,942.5,831.0
NTC,12/29/2025,908.0,911.0,898.0,904.8,-0.13,38244.0,942.5,831.0
NTC,12/31/2025,909.0,909.0,900.0,905.0,0.02,40304.0,942.5,831.0
NTC,1/1/2026,905.0,909.0,902.2,905.0,0.0,74592.0,942.5,831.0
NTC,1/4/2026,895.0,895.0,848.5,868.0,-4.09,23309.0,942.5,831.0
NTC,1/5/2026,860.0,864.0,856.0,857.5,-1.21,12136.0,942.5,831.0
NTC,1/6/2026,860.0,864.9,856.0,859.0,0.17,14097.0,942.5,831.0
NTC,1/7/2026,860.0,864.5,856.6,858.0,-0.12,6012.0,942.5,831.0
NTC,1/8/2026,858.0,860.0,850.0,858.0,0.0,9482.0,942.5,831.0
NTC,1/12/2026,857.0,863.0,850.0,851.4,-0.77,16784.0,942.5,831.0
NTC,1/13/2026,853.0,858.0,845.5,846.0,-0.63,10718.0,942.5,831.0
NTC,1/14/2026,846.0,850.0,845.1,847.0,0.12,10928.0,942.5,831.0
NTC,1/18/2026,858.0,858.0,845.0,852.0,0.59,11299.0,942.5,831.0
NTC,1/20/2026,863.0,867.9,852.0,859.9,0.93,14049.0,942.5,831.0
NTC,1/21/2026,855.1,866.0,855.1,862.9,0.35,8255.0,942.5,831.0
NTC,1/22/2026,862.0,867.7,856.1,860.0,-0.34,12001.0,942.5,831.0
NTC,1/25/2026,860.0,874.0,860.0,868.7,1.01,37318.0,942.5,831.0
NTC,1/26/2026,878.0,879.8,860.0,869.0,0.03,18503.0,942.5,831.0
NTC,1/27/2026,875.0,875.0,861.0,863.0,-0.69,8502.0,942.5,831.0
NTC,1/28/2026,862.0,865.0,858.3,860.0,-0.35,15099.0,942.5,831.0
NTC,1/29/2026,861.0,870.0,857.4,858.5,-0.17,11566.0,942.5,831.0
NTC,2/1/2026,870.0,870.0,853.0,856.0,-0.29,9080.0,942.5,831.0
NTC,2/2/2026,850.0,860.0,850.0,850.0,-0.7,16347.0,942.5,831.0
NTC,2/3/2026,851.0,860.0,847.0,850.9,0.11,9721.0,942.5,831.0
NTC,2/4/2026,834.0,865.0,834.0,852.9,0.24,10761.0,942.5,831.0
NTC,2/5/2026,850.0,860.0,850.0,853.0,0.01,8449.0,942.5,831.0
NTC,2/8/2026,855.0,860.0,848.0,850.0,-0.35,17064.0,942.5,831.0
NTC,2/9/2026,855.0,859.9,844.0,844.0,-0.71,19259.0,942.5,831.0
NTC,2/10/2026,845.0,848.0,840.1,845.0,0.12,15995.0,942.5,831.0
NTC,2/11/2026,861.9,861.9,843.5,847.5,0.3,7097.0,942.5,831.0
NTC,2/12/2026,855.0,855.0,845.0,848.0,0.06,16335.0,942.5,831.0
NTC,2/16/2026,854.0,855.0,840.0,848.0,0.0,17535.0,942.5,831.0
NTC,2/17/2026,850.0,850.0,845.0,845.0,-0.35,14321.0,942.5,831.0
NTC,2/22/2026,845.0,850.0,845.0,845.2,0.02,10506.0,942.5,831.0
NTC,2/23/2026,847.0,859.0,845.0,855.0,1.16,10926.0,942.5,831.0
NTC,2/24/2026,855.0,858.7,850.0,853.0,-0.23,7123.0,942.5,831.0
NTC,2/25/2026,854.0,854.0,850.0,853.0,0.0,4753.0,942.5,831.0
NTC,2/26/2026,870.0,870.0,853.0,855.0,0.23,7300.0,942.5,831.0
NTC,2/27/2026,870.0,870.0,853.0,855.0,0.0,7300.0,942.5,831.0
NTC,2/28/2026,870.0,870.0,853.0,855.0,0.0,7300.0,942.5,831.0
NTC,3/2/2026,855.0,876.0,850.0,876.0,2.46,18793.0,942.5,831.0
NTC,3/3/2026,893.5,893.5,862.0,872.0,-0.46,12203.0,942.5,831.0
NTC,3/4/2026,893.5,893.5,862.0,872.0,0.0,12203.0,942.5,831.0
NTC,3/5/2026,893.5,893.5,862.0,872.0,0.0,12203.0,942.5,831.0
NTC,3/6/2026,893.5,893.5,862.0,872.0,0.0,12203.0,942.5,831.0
NTC,3/7/2026,893.5,893.5,862.0,872.0,0.0,12203.0,942.5,831.0
NTC,3/8/2026,893.5,893.5,862.0,872.0,0.0,12203.0,942.5,831.0
NTC,3/9/2026,889.4,924.0,880.0,880.0,0.92,9298.0,942.5,831.0
NTC,3/10/2026,897.6,942.5,880.0,900.0,2.27,96225.0,942.5,831.0
NTC,3/11/2026,908.0,908.0,890.0,890.5,-1.06,21122.0,942.5,831.0
NTC,3/12/2026,890.5,895.0,876.0,887.0,-0.39,14394.0,942.5,831.0
NTC,3/13/2026,890.5,895.0,876.0,887.0,0.0,14394.0,942.5,831.0
NTC,3/14/2026,890.5,895.0,876.0,887.0,0.0,14394.0,942.5,831.0
NTC,3/15/2026,890.0,898.0,887.0,887.9,0.1,13675.0,942.5,831.0
NTC,3/16/2026,893.8,893.8,870.0,877.0,-1.23,16799.0,942.5,831.0
NTC,3/17/2026,879.4,886.0,870.0,879.2,0.25,8196.0,942.5,831.0
NTC,3/18/2026,879.4,886.0,870.0,879.2,0.0,8196.0,942.5,831.0
NTC,3/19/2026,886.0,890.0,881.0,889.0,1.11,28123.0,942.5,831.0
NTC,3/20/2026,886.0,890.0,881.0,889.0,0.0,28123.0,942.5,831.0
NTC,3/21/2026,886.0,890.0,881.0,889.0,0.0,28123.0,942.5,831.0
NTC,3/22/2026,895.0,909.9,895.0,909.9,2.35,67464.0,942.5,831.0
NTC,3/23/2026,920.0,928.0,900.1,908.0,-0.21,59765.0,942.5,831.0
NTC,3/24/2026,920.0,920.0,908.0,914.0,0.66,18877.0,942.5,831.0
NTC,3/25/2026,932.0,932.0,895.0,895.0,-2.08,16089.0,942.5,831.0
NTC,3/26/2026,877.1,917.0,877.1,904.9,3.17,40620.0,942.5,831.0
NTC,3/29/2026,905.0,907.0,890.0,891.9,-1.45,33019.0,942.5,831.0
NTC,3/30/2026,891.0,891.0,875.0,875.0,-1.8,20255.0,942.5,831.0
NTC,3/31/2026,884.9,890.0,870.0,877.0,-0.89,13480.0,942.5,831.0
NTC,4/1/2026,880.0,880.0,866.0,868.0,-1.36,22437.0,942.5,831.0
NTC,4/2/2026,850.7,875.0,850.7,866.0,1.8,17213.0,942.5,831.0
NTC,4/5/2026,883.3,883.3,854.2,858.5,-2.81,17865.0,942.5,831.0
NTC,4/6/2026,869.9,879.5,861.0,877.0,0.82,20360.0,942.5,831.0
NTC,4/7/2026,890.0,890.0,873.0,877.0,-1.46,10567.0,942.5,831.0
NTC,4/8/2026,894.5,894.5,872.2,876.0,-2.07,15283.0,942.5,831.0
NTC,4/9/2026,878.3,884.0,875.0,879.8,0.17,35471.0,942.5,831.0
NTC,4/10/2026,890.0,890.0,875.5,880.0,-1.12,18347.0,942.5,831.0
NTC,4/13/2026,870.4,887.3,869.9,870.0,-0.05,12536.0,942.5,831.0
NTC,4/15/2026,883.0,883.0,873.0,879.0,-0.45,9051.0,942.5,831.0
NTC,4/16/2026,879.0,881.0,870.1,880.0,0.11,11980.0,942.5,831.0
NTC,4/17/2026,881.0,885.0,871.0,880.0,-0.11,12852.0,942.5,831.0
NTC,4/20/2026,875.0,885.0,875.0,883.0,0.91,9319.0,942.5,831.0
NTC,4/21/2026,880.1,885.0,870.5,870.6,-1.08,9597.0,942.5,831.0
NTC,4/22/2026,883.0,883.0,865.0,870.1,-1.46,12121.0,942.5,831.0
NTC,4/23/2026,896.0,896.0,865.0,872.0,-2.68,14205.0,942.5,831.0
NTC,4/24/2026,884.0,884.0,860.6,870.0,-1.58,5466.0,942.5,831.0
NTC,4/27/2026,870.0,885.0,860.0,871.0,0.11,15145.0,942.5,831.0
NTC,4/28/2026,871.0,881.0,873.0,876.0,0.57,12334.0,942.5,831.0
NTC,4/29/2026,876.0,887.0,873.1,874.0,-0.23,9723.0,942.5,831.0
NTC,4/30/2026,875.0,889.0,867.0,872.0,-0.34,17381.0,942.5,831.0
NTC,5/4/2026,872.0,882.0,872.0,873.0,0.11,8919.0,942.5,831.0
NTC,5/5/2026,880.0,880.0,870.0,872.2,-0.89,9200.0,942.5,831.0
NTC,5/6/2026,875.0,876.0,870.0,875.0,0.0,6660.0,942.5,831.0
NTC,5/7/2026,875.2,883.0,870.4,880.0,0.55,7572.0,942.5,831.0
NTC,5/8/2026,884.9,884.9,876.0,880.0,-0.55,9570.0,942.5,831.0
NTC,5/11/2026,889.0,890.0,885.0,890.0,0.11,8545.0,942.5,831.0
NTC,5/12/2026,890.0,908.0,886.6,886.6,-0.38,12061.0,942.5,831.0
NTC,5/13/2026,890.0,891.0,885.0,890.0,0.0,7937.0,942.5,831.0
NTC,5/14/2026,890.0,893.0,888.0,890.0,0.0,7978.0,942.5,831.0
NTC,5/15/2026,895.9,895.9,888.0,892.0,-0.44,9275.0,942.5,831.0
NTC,5/18/2026,894.0,895.0,889.2,890.5,-0.39,7931.0,942.5,831.0
NTC,5/19/2026,890.0,895.0,886.6,886.6,-0.38,15468.0,942.5,831.0
NTC,5/20/2026,880.0,896.0,880.0,888.0,0.91,5542.0,942.5,831.0
NTC,5/21/2026,892.0,897.0,885.8,888.0,-0.45,5112.0,942.5,831.0
NTC,5/22/2026,892.0,892.0,889.0,890.4,-0.18,6127.0,942.5,831.0
NTC,5/25/2026,890.0,899.9,888.5,898.5,0.96,14947.0,942.5,831.0
NTC,5/26/2026,900.0,903.0,896.1,900.0,0.0,9795.0,942.5,831.0
NTC,5/27/2026,904.0,904.0,896.0,900.0,-0.44,14697.0,942.5,831.0
NTC,6/1/2026,855.0,890.4,831.7,864.0,1.05,111256.0,942.5,831.0
NTC,6/2/2026,860.0,871.9,860.0,868.0,0.93,26550.0,942.5,831.0
NTC,6/3/2026,874.0,878.0,868.0,870.0,-0.46,17123.0,942.5,831.0
NTC,6/4/2026,865.0,871.0,850.0,859.7,-0.61,16416.0,942.5,831.0
NTC,6/5/2026,851.1,860.0,851.1,857.0,0.69,15647.0,942.5,831.0
NTC,6/8/2026,857.0,858.0,851.5,853.5,-0.41,15429.0,942.5,831.0
NTC,6/9/2026,853.0,856.0,845.0,850.7,-0.27,14927.0,942.5,831.0
NTC,6/10/2026,855.0,855.0,846.2,847.0,-0.94,11049.0,942.5,831.0
NTC,6/11/2026,847.0,858.0,844.0,848.0,0.12,16863.0,942.5,831.0
NTC,6/12/2026,857.6,859.0,845.2,851.9,-0.66,14621.0,942.5,831.0
NTC,6/15/2026,859.8,859.8,845.1,848.0,-1.37,10695.0,942.5,831.0
NTC,6/16/2026,849.0,850.0,845.0,849.0,0.0,9317.0,942.5,831.0
NTC,6/17/2026,850.0,850.0,845.0,848.5,-0.18,4090.0,942.5,831.0
NTC,6/18/2026,848.6,850.0,848.0,849.0,0.05,6115.0,942.5,831.0
NTC,6/19/2026,851.0,851.4,848.0,849.0,-0.24,6752.0,942.5,831.0
NTC,6/22/2026,891.4,891.4,840.0,848.7,-4.79,7815.0,942.5,831.0
NTC,6/23/2026,850.4,850.4,840.0,849.0,-0.16,15314.0,942.5,831.0
NTC,6/24/2026,849.0,850.0,840.0,844.0,-0.59,10354.0,942.5,831.0
NTC,6/26/2026,850.0,850.0,844.0,845.0,-0.59,6192.0,942.5,831.0
NTC,6/29/2026,848.0,848.0,838.0,843.0,-0.59,8209.0,942.5,831.0
NTC,6/30/2026,843.0,843.1,840.0,843.0,0.0,6339.0,942.5,831.0
NTC,7/1/2026,848.0,848.0,842.0,847.9,-0.01,4586.0,942.5,831.0
NTC,7/2/2026,848.0,850.0,848.0,849.0,0.12,5018.0,942.5,831.0
NTC,7/3/2026,849.9,849.9,844.0,846.0,-0.46,7001.0,942.5,831.0
NTC,7/6/2026,850.0,850.0,845.0,847.0,-0.35,4024.0,942.5,831.0
NTC,7/7/2026,848.0,849.7,840.0,848.0,0.0,4249.0,942.5,831.0
NTC,7/8/2026,850.0,850.0,846.0,847.0,-0.35,4358.0,942.5,831.0
NTC,7/9/2026,844.0,848.9,843.0,847.0,0.36,5465.0,942.5,831.0
NTC,7/10/2026,850.0,850.0,845.0,847.0,-0.35,4449.0,942.5,831.0
NTC,7/13/2026,845.0,849.0,840.0,846.0,0.12,6841.0,942.5,831.0
NTC,7/14/2026,846.0,851.0,845.0,850.9,0.58,11091.0,942.5,831.0
NTC,7/15/2026,859.9,859.9,848.0,853.0,-0.8,6065.0,942.5,831.0
NTC,7/16/2026,853.0,861.0,853.0,857.5,0.53,3418.0,942.5,831.0
NTC,7/17/2026,860.0,868.0,850.0,862.0,0.23,13997.0,942.5,831.0
NTC,7/20/2026,880.0,880.0,862.0,869.0,-1.25,9133.0,942.5,831.0
NTC,7/21/2026,875.0,875.0,862.5,864.9,-1.15,6076.0,942.5,831.0
NTC,7/22/2026,875.0,875.0,853.0,857.1,-2.05,12970.0,942.5,831.0
NTC,7/23/2026,860.0,860.0,855.0,859.0,-0.12,3472.0,942.5,831.0
NTC,7/24/2026,875.0,880.0,860.1,864.0,-1.26,7547.0,942.5,831.0
NTC,7/27/2026,864.1,865.0,859.5,862.0,-0.24,8580.0,942.5,831.0
NTC,7/28/2026,864.9,864.9,855.1,861.9,-0.35,3201.0,942.5,831.0
NTC,7/29/2026,858.0,875.0,855.2,869.8,1.38,14738.0,942.5,831.0
NTC,7/30/2026,870.0,874.9,863.0,865.0,-0.57,3581.0,942.5,831.0
NTC,7/31/2026,850.0,870.0,850.0,861.0,1.29,6077.0,942.5,831.0
NTC,8/3/2026,870.0,875.1,857.1,860.0,-1.15,27525.0,942.5,831.0
NTC,8/4/2026,873.9,875.0,859.0,865.1,-1.01,16441.0,942.5,831.0
NTC,8/5/2026,870.0,872.0,860.0,865.8,-0.48,31100.0,942.5,831.0
NTC,8/6/2026,860.0,877.0,857.1,862.0,0.23,4505.0,942.5,831.0
NTC,8/7/2026,870.9,870.9,862.0,863.9,-0.8,8319.0,942.5,831.0
NTC,8/10/2026,864.0,872.0,860.0,860.0,-0.46,17752.0,942.5,831.0
NTC,8/11/2026,869.9,869.9,860.0,861.1,-1.01,3042.0,942.5,831.0
NTC,8/12/2026,861.0,868.7,861.0,862.1,0.13,5408.0,942.5,831.0
NTC,8/13/2026,892.5,892.5,860.0,865.0,-3.08,7783.0,942.5,831.0
NTC,8/14/2026,866.0,883.0,865.1,883.0,1.96,31170.0,942.5,831.0
NTC,8/17/2026,893.0,901.0,870.0,895.0,0.22,28242.0,942.5,831.0
NTC,8/18/2026,895.0,895.0,877.0,886.0,-1.01,11423.0,942.5,831.0
NTC,8/19/2026,871.0,888.0,871.0,888.0,1.95,6849.0,942.5,831.0
NTC,8/20/2026,888.1,900.0,875.1,898.5,1.17,30738.0,942.5,831.0
NTC,8/21/2026,900.0,900.0,880.0,885.0,-1.67,8567.0,942.5,831.0
NTC,8/24/2026,890.0,890.0,880.0,880.0,-1.12,4545.0,942.5,831.0
NTC,8/25/2026,885.0,895.0,880.0,883.0,-0.23,2875.0,942.5,831.0
NTC,8/26/2026,885.0,885.0,874.0,875.0,-1.13,7271.0,942.5,831.0
NTC,8/27/2026,875.0,883.0,865.0,875.0,0.0,4323.0,942.5,831.0
NTC,8/31/2026,874.0,880.0,870.0,870.0,-0.46,4811.0,942.5,831.0
NTC,9/1/2026,872.0,878.7,866.0,877.0,0.57,4812.0,942.5,831.0
NTC,9/2/2026,877.0,884.0,874.0,881.0,0.46,3130.0,942.5,831.0
NTC,9/3/2026,890.0,890.0,878.2,881.0,-1.01,7356.0,942.5,831.0
NTC,9/7/2026,900.0,900.0,881.0,884.0,-1.78,7862.0,942.5,831.0
NTC,9/9/2026,928.2,928.2,884.0,888.0,-4.33,9362.0,942.5,831.0
NTC,9/10/2026,891.0,893.0,883.0,883.1,-0.89,5014.0,942.5,831.0
NTC,9/11/2026,889.0,889.0,875.0,884.0,-0.56,6278.0,942.5,831.0
NTC,9/14/2026,884.0,887.0,882.0,886.0,0.23,3280.0,942.5,831.0
NTC,9/15/2026,912.0,912.0,890.0,895.0,-1.86,23205.0,942.5,831.0
NTC,9/16/2026,900.0,900.0,890.0,890.0,-1.11,8865.0,942.5,831.0
NTC,9/17/2026,880.0,895.0,880.0,892.0,1.36,3711.0,942.5,831.0
NTC,9/18/2026,892.0,899.8,890.0,892.0,0.0,4473.0,942.5,831.0
NTC,9/22/2026,895.1,920.0,891.1,920.0,2.78,50277.0,942.5,831.0
NTC,9/23/2026,920.0,920.0,900.5,906.0,-1.52,15992.0,942.5,831.0
NTC,9/24/2026,905.0,908.0,905.0,906.0,0.11,7809.0,942.5,831.0
NTC,9/28/2026,916.0,924.0,908.8,911.2,-0.52,14688.0,942.5,831.0
NTC,9/29/2026,920.0,920.0,905.0,0.0,-100.0,8997.0,942.5,831.0
NTC,9/30/2026,920.0,920.0,906.3,910.0,-1.09,11066.0,942.5,831.0
NTC,10/1/2026,910.0,912.0,902.2,906.1,-0.43,9215.0,942.5,831.0
NTC,10/2/2026,900.0,920.0,900.0,907.0,0.78,5897.0,942.5,831.0
NUBL,12/21/2025,735.5,744.0,730.0,730.0,,10919.0,802.0,555.1
NUBL,12/22/2025,730.0,735.0,725.0,731.0,0.14,8203.0,802.0,555.1
NUBL,12/23/2025,722.2,734.9,722.0,734.9,0.53,3737.0,802.0,555.1
NUBL,12/24/2025,741.0,744.0,730.0,731.6,-0.45,2848.0,802.0,555.1
NUBL,12/28/2025,731.0,744.0,729.0,744.0,1.69,12941.0,802.0,555.1
NUBL,12/29/2025,755.0,755.0,736.2,736.2,-1.05,4407.0,802.0,555.1
NUBL,12/31/2025,745.0,753.8,740.0,746.0,1.33,19136.0,802.0,555.1
NUBL,1/1/2026,720.0,720.0,705.2,705.4,-5.44,5229.0,802.0,555.1
NUBL,1/4/2026,706.0,710.0,698.2,698.2,-1.02,5413.0,802.0,555.1
NUBL,1/5/2026,687.2,712.1,687.0,700.1,0.27,6387.0,802.0,555.1
NUBL,1/6/2026,700.0,710.6,696.0,707.0,0.99,3897.0,802.0,555.1
NUBL,1/7/2026,700.0,713.0,700.0,705.0,-0.28,1152.0,802.0,555.1
NUBL,1/8/2026,701.1,712.0,701.0,710.0,0.71,4857.0,802.0,555.1
NUBL,1/12/2026,702.0,714.5,702.0,709.0,-0.14,12123.0,802.0,555.1
NUBL,1/13/2026,720.0,720.0,706.0,707.5,-0.21,7597.0,802.0,555.1
NUBL,1/14/2026,706.0,714.0,700.0,708.0,0.07,7529.0,802.0,555.1
NUBL,1/18/2026,710.0,715.0,710.0,714.0,0.85,3935.0,802.0,555.1
NUBL,1/20/2026,720.0,732.0,720.0,732.0,2.52,8896.0,802.0,555.1
NUBL,1/21/2026,738.9,738.9,728.0,729.0,-0.41,13352.0,802.0,555.1
NUBL,1/22/2026,725.0,730.0,716.0,730.0,0.14,7166.0,802.0,555.1
NUBL,1/25/2026,731.1,744.6,731.0,740.0,1.37,13542.0,802.0,555.1
NUBL,1/26/2026,735.0,740.6,726.0,728.0,-1.62,16871.0,802.0,555.1
NUBL,1/27/2026,739.9,740.9,725.2,727.0,-0.14,18753.0,802.0,555.1
NUBL,1/28/2026,729.0,729.0,716.1,722.0,-0.69,8896.0,802.0,555.1
NUBL,1/29/2026,730.0,735.0,720.0,723.0,0.14,15050.0,802.0,555.1
NUBL,2/1/2026,716.0,720.0,714.1,715.0,-1.11,4560.0,802.0,555.1
NUBL,2/2/2026,729.0,729.0,710.1,716.0,0.14,4225.0,802.0,555.1
NUBL,2/3/2026,708.0,721.0,708.0,712.1,-0.54,5509.0,802.0,555.1
NUBL,2/4/2026,712.1,715.0,705.0,705.0,-1.0,3026.0,802.0,555.1
NUBL,2/5/2026,703.0,710.0,703.0,709.0,0.57,5680.0,802.0,555.1
NUBL,2/8/2026,712.0,716.0,710.7,710.7,0.24,7590.0,802.0,555.1
NUBL,2/9/2026,721.0,724.9,697.0,707.0,-0.52,21555.0,802.0,555.1
NUBL,2/10/2026,705.0,705.0,701.1,702.0,-0.71,1842.0,802.0,555.1
NUBL,2/11/2026,710.0,710.0,696.0,696.0,-0.85,10469.0,802.0,555.1
NUBL,2/12/2026,697.0,705.0,696.0,699.0,0.43,9813.0,802.0,555.1
NUBL,2/16/2026,700.3,700.3,676.5,687.0,-1.72,10834.0,802.0,555.1
NUBL,2/17/2026,688.0,688.0,677.0,681.0,-0.87,8455.0,802.0,555.1
NUBL,2/22/2026,688.0,688.0,680.0,683.0,0.29,4758.0,802.0,555.1
NUBL,2/23/2026,690.9,690.9,680.1,685.0,0.29,4174.0,802.0,555.1
NUBL,2/24/2026,683.0,698.7,676.0,688.0,0.44,6550.0,802.0,555.1
NUBL,2/25/2026,688.0,688.0,680.0,680.0,-1.16,1739.0,802.0,555.1
NUBL,2/26/2026,687.0,687.0,670.0,671.0,-1.32,12588.0,802.0,555.1
NUBL,2/27/2026,687.0,687.0,670.0,671.0,0.0,12588.0,802.0,555.1
NUBL,2/28/2026,687.0,687.0,670.0,671.0,0.0,12588.0,802.0,555.1
NUBL,3/2/2026,671.0,700.1,667.5,668.0,-0.45,17797.0,802.0,555.1
NUBL,3/3/2026,675.0,703.8,675.0,692.0,3.59,11561.0,802.0,555.1
NUBL,3/4/2026,675.0,703.8,675.0,692.0,0.0,11561.0,802.0,555.1
NUBL,3/5/2026,675.0,703.8,675.0,692.0,0.0,11561.0,802.0,555.1
NUBL,3/6/2026,675.0,703.8,675.0,692.0,0.0,11561.0,802.0,555.1
NUBL,3/7/2026,675.0,703.8,675.0,692.0,0.0,11561.0,802.0,555.1
NUBL,3/8/2026,675.0,703.8,675.0,692.0,0.0,11561.0,802.0,555.1
NUBL,3/10/2026,705.8,733.0,705.8,722.0,4.34,29057.0,802.0,555.1
NUBL,3/11/2026,725.0,729.0,700.1,701.6,-2.83,44528.0,802.0,555.1
NUBL,3/12/2026,703.0,725.0,702.2,712.1,1.5,9751.0,802.0,555.1
NUBL,3/13/2026,703.0,725.0,702.2,712.1,0.0,9751.0,802.0,555.1
NUBL,3/14/2026,703.0,725.0,702.2,712.1,0.0,9751.0,802.0,555.1
NUBL,3/15/2026,713.1,719.0,705.0,714.5,0.34,7093.0,802.0,555.1
NUBL,3/16/2026,714.5,719.0,706.0,715.0,0.07,6266.0,802.0,555.1
NUBL,3/17/2026,725.8,725.8,702.1,713.0,-0.28,4192.0,802.0,555.1
NUBL,3/18/2026,725.8,725.8,702.1,713.0,0.0,4192.0,802.0,555.1
NUBL,3/19/2026,713.0,727.0,712.2,724.0,1.54,25167.0,802.0,555.1
NUBL,3/20/2026,713.0,727.0,712.2,724.0,0.0,25167.0,802.0,555.1
NUBL,3/21/2026,713.0,727.0,712.2,724.0,0.0,25167.0,802.0,555.1
NUBL,3/22/2026,725.0,760.0,720.0,749.0,3.45,70049.0,802.0,555.1
NUBL,3/23/2026,759.9,760.0,736.0,740.0,-1.2,26086.0,802.0,555.1
NUBL,3/24/2026,740.0,748.9,733.0,740.0,0.0,17363.0,802.0,555.1
NUBL,3/25/2026,740.0,750.0,703.5,728.0,-1.62,41076.0,802.0,555.1
NUBL,3/26/2026,728.0,733.0,718.0,725.0,-0.41,16501.0,802.0,555.1
NUBL,3/29/2026,727.0,727.0,715.0,715.0,-1.65,13756.0,802.0,555.1
NUBL,3/30/2026,705.3,717.0,705.3,711.0,0.81,8481.0,802.0,555.1
NUBL,3/31/2026,702.2,712.0,700.0,707.5,0.75,7443.0,802.0,555.1
NUBL,4/1/2026,707.0,707.0,686.0,697.0,-1.41,7422.0,802.0,555.1
NUBL,4/2/2026,685.0,700.0,685.0,691.1,0.89,4170.0,802.0,555.1
NUBL,4/5/2026,685.0,695.0,660.0,671.0,-2.04,12577.0,802.0,555.1
NUBL,4/6/2026,684.4,691.9,671.0,681.0,-0.5,10061.0,802.0,555.1
NUBL,4/7/2026,685.0,696.9,680.0,680.0,-0.73,16816.0,802.0,555.1
NUBL,4/8/2026,693.5,695.0,681.1,691.0,-0.36,10722.0,802.0,555.1
NUBL,4/9/2026,682.0,702.0,682.0,700.0,2.64,7255.0,802.0,555.1
NUBL,4/10/2026,695.0,700.0,687.2,694.0,-0.14,1843.0,802.0,555.1
NUBL,4/13/2026,700.0,700.0,687.0,694.8,-0.74,2194.0,802.0,555.1
NUBL,4/15/2026,695.0,703.0,687.0,700.0,0.72,7121.0,802.0,555.1
NUBL,4/16/2026,700.0,700.0,689.0,690.2,-1.4,2777.0,802.0,555.1
NUBL,4/17/2026,691.0,692.0,677.0,691.8,0.12,6569.0,802.0,555.1
NUBL,4/20/2026,691.0,691.0,676.2,684.0,-1.01,1708.0,802.0,555.1
NUBL,4/21/2026,670.0,691.9,670.0,684.0,2.09,5578.0,802.0,555.1
NUBL,4/22/2026,670.3,689.9,670.2,682.0,1.75,7750.0,802.0,555.1
NUBL,4/23/2026,675.0,687.8,671.0,687.8,1.9,4973.0,802.0,555.1
NUBL,4/24/2026,680.0,688.0,675.4,679.0,-0.15,2774.0,802.0,555.1
NUBL,4/27/2026,679.0,680.0,672.1,678.0,-0.15,2015.0,802.0,555.1
NUBL,4/28/2026,678.0,680.0,675.2,678.0,0.0,3647.0,802.0,555.1
NUBL,4/29/2026,678.0,679.0,670.1,678.7,0.1,2243.0,802.0,555.1
NUBL,4/30/2026,672.0,680.0,672.0,678.0,0.89,5917.0,802.0,555.1
NUBL,5/4/2026,670.3,677.0,670.3,675.0,0.7,1269.0,802.0,555.1
NUBL,5/5/2026,670.1,673.0,665.1,672.0,0.28,2915.0,802.0,555.1
NUBL,5/6/2026,671.0,675.0,671.0,673.0,0.3,1720.0,802.0,555.1
NUBL,5/7/2026,673.0,679.0,670.5,673.0,0.0,2843.0,802.0,555.1
NUBL,5/8/2026,676.0,676.0,668.2,668.2,-1.15,4586.0,802.0,555.1
NUBL,5/11/2026,669.0,674.0,667.2,670.6,0.24,4646.0,802.0,555.1
NUBL,5/12/2026,670.0,675.9,669.2,670.0,0.0,5376.0,802.0,555.1
NUBL,5/13/2026,653.2,674.0,653.2,666.0,1.96,2802.0,802.0,555.1
NUBL,5/14/2026,665.0,668.0,657.1,662.0,-0.45,2555.0,802.0,555.1
NUBL,5/15/2026,659.1,661.5,657.0,661.0,0.29,3383.0,802.0,555.1
NUBL,5/18/2026,660.0,661.0,650.0,651.0,-1.36,8732.0,802.0,555.1
NUBL,5/19/2026,651.0,660.0,649.2,655.0,0.61,6285.0,802.0,555.1
NUBL,5/20/2026,655.0,661.0,643.1,661.0,0.92,4812.0,802.0,555.1
NUBL,5/21/2026,651.0,657.0,650.0,650.3,-0.11,3046.0,802.0,555.1
NUBL,5/22/2026,645.0,660.0,645.0,660.0,2.33,3011.0,802.0,555.1
NUBL,5/25/2026,665.0,665.0,656.0,659.0,-0.9,3971.0,802.0,555.1
NUBL,5/26/2026,659.0,665.0,653.0,658.0,-0.15,1467.0,802.0,555.1
NUBL,5/27/2026,658.0,667.9,658.0,665.0,1.06,2990.0,802.0,555.1
NUBL,6/1/2026,669.0,670.0,652.0,655.0,-2.09,2429.0,802.0,555.1
NUBL,6/2/2026,655.0,664.9,655.0,660.0,0.76,992.0,802.0,555.1
NUBL,6/3/2026,661.1,671.0,661.1,663.0,0.29,3064.0,802.0,555.1
NUBL,6/4/2026,660.0,668.0,660.0,662.4,0.36,957.0,802.0,555.1
NUBL,6/5/2026,661.0,666.0,655.0,666.0,0.76,3740.0,802.0,555.1
NUBL,6/8/2026,655.0,670.0,655.0,661.0,0.92,5171.0,802.0,555.1
NUBL,6/9/2026,657.0,663.0,655.0,660.0,0.46,786.0,802.0,555.1
NUBL,6/10/2026,660.0,660.5,657.0,658.8,-0.18,1339.0,802.0,555.1
NUBL,6/11/2026,658.0,660.1,652.3,652.7,-0.81,2754.0,802.0,555.1
NUBL,6/12/2026,646.2,656.5,646.2,654.0,1.21,1782.0,802.0,555.1
NUBL,6/15/2026,647.0,660.0,646.0,649.3,0.36,988.0,802.0,555.1
NUBL,6/16/2026,655.0,655.0,643.0,643.0,-1.83,5697.0,802.0,555.1
NUBL,6/17/2026,650.0,651.9,637.0,641.1,-1.37,5656.0,802.0,555.1
NUBL,6/18/2026,649.8,650.0,645.0,645.0,-0.74,2128.0,802.0,555.1
NUBL,6/19/2026,646.0,646.1,645.0,646.0,0.0,996.0,802.0,555.1
NUBL,6/22/2026,640.0,656.0,640.0,640.0,0.0,3398.0,802.0,555.1
NUBL,6/23/2026,631.5,640.0,631.5,639.9,1.33,2036.0,802.0,555.1
NUBL,6/24/2026,632.3,636.0,630.0,636.0,0.59,5983.0,802.0,555.1
NUBL,6/26/2026,632.0,635.0,632.0,635.0,0.47,367.0,802.0,555.1
NUBL,6/29/2026,635.9,635.9,621.0,626.0,-1.56,1810.0,802.0,555.1
NUBL,6/30/2026,635.0,635.0,617.0,617.0,-2.83,3837.0,802.0,555.1
NUBL,7/1/2026,626.9,626.9,620.1,625.0,-0.3,2566.0,802.0,555.1
NUBL,7/2/2026,615.2,629.0,615.2,624.0,1.43,3517.0,802.0,555.1
NUBL,7/3/2026,620.1,627.0,618.2,626.0,0.95,2493.0,802.0,555.1
NUBL,7/6/2026,626.0,626.0,615.0,618.0,-1.28,982.0,802.0,555.1
NUBL,7/7/2026,616.0,626.0,611.1,623.0,1.14,6328.0,802.0,555.1
NUBL,7/8/2026,615.0,620.0,600.1,615.0,0.0,11164.0,802.0,555.1
NUBL,7/9/2026,601.6,611.0,601.6,606.0,0.73,6643.0,802.0,555.1
NUBL,7/10/2026,617.0,617.0,601.0,608.0,-1.46,1771.0,802.0,555.1
NUBL,7/13/2026,608.0,608.0,589.8,590.2,-2.93,9618.0,802.0,555.1
NUBL,7/14/2026,590.5,599.6,582.2,595.0,0.76,2612.0,802.0,555.1
NUBL,7/15/2026,596.0,604.0,590.0,600.1,0.69,7036.0,802.0,555.1
NUBL,7/16/2026,601.0,635.0,590.0,635.0,5.66,13871.0,802.0,555.1
NUBL,7/17/2026,636.0,638.9,620.0,635.0,-0.16,2774.0,802.0,555.1
NUBL,7/20/2026,645.0,645.0,625.8,630.6,-2.23,3349.0,802.0,555.1
NUBL,7/21/2026,635.0,639.7,631.2,632.0,-0.47,2532.0,802.0,555.1
NUBL,7/22/2026,628.0,634.0,620.0,629.0,0.16,7278.0,802.0,555.1
NUBL,7/23/2026,636.0,636.0,618.1,634.4,-0.25,2126.0,802.0,555.1
NUBL,7/24/2026,623.0,640.9,623.0,640.6,2.83,8629.0,802.0,555.1
NUBL,7/27/2026,633.0,639.0,623.0,623.1,-1.56,5929.0,802.0,555.1
NUBL,7/28/2026,633.0,633.0,610.2,617.0,-2.53,5909.0,802.0,555.1
NUBL,7/29/2026,607.0,625.0,602.0,623.0,2.64,9183.0,802.0,555.1
NUBL,7/30/2026,605.8,621.5,595.1,611.0,0.86,2374.0,802.0,555.1
NUBL,7/31/2026,609.0,618.9,601.1,610.0,0.16,2862.0,802.0,555.1
NUBL,8/3/2026,621.0,624.9,611.0,621.9,0.14,856.0,802.0,555.1
NUBL,8/4/2026,620.0,620.0,610.0,610.0,-1.61,2255.0,802.0,555.1
NUBL,8/5/2026,617.8,617.9,606.0,610.0,-1.26,992.0,802.0,555.1
NUBL,8/6/2026,602.0,618.0,600.1,613.0,1.83,2259.0,802.0,555.1
NUBL,8/7/2026,602.0,610.0,602.0,605.4,0.56,2996.0,802.0,555.1
NUBL,8/10/2026,600.0,610.0,600.0,610.0,1.67,2805.0,802.0,555.1
NUBL,8/11/2026,610.0,610.0,601.0,601.4,-1.41,7597.0,802.0,555.1
NUBL,8/12/2026,603.0,605.0,599.0,600.1,-0.48,4091.0,802.0,555.1
NUBL,8/13/2026,600.1,607.0,598.0,601.2,0.18,1128.0,802.0,555.1
NUBL,8/14/2026,595.4,605.0,595.4,602.0,1.11,6130.0,802.0,555.1
NUBL,8/17/2026,599.0,602.5,599.0,600.0,0.17,2656.0,802.0,555.1
NUBL,8/18/2026,600.0,600.0,583.1,599.9,-0.02,5719.0,802.0,555.1
NUBL,8/19/2026,595.9,604.0,595.0,595.0,-0.15,1883.0,802.0,555.1
NUBL,8/20/2026,595.0,596.0,590.0,590.0,-0.84,3064.0,802.0,555.1
NUBL,8/21/2026,590.0,590.0,585.0,587.0,-0.51,5635.0,802.0,555.1
NUBL,8/24/2026,590.0,592.0,586.0,586.0,-0.68,4450.0,802.0,555.1
NUBL,8/25/2026,585.1,586.2,576.0,586.2,0.19,7825.0,802.0,555.1
NUBL,8/26/2026,572.3,588.9,572.1,575.0,0.47,5332.0,802.0,555.1
NUBL,8/27/2026,568.1,583.0,568.1,574.0,1.04,3191.0,802.0,555.1
NUBL,8/31/2026,574.0,574.0,570.0,571.0,-0.52,1706.0,802.0,555.1
NUBL,9/1/2026,571.0,578.9,570.0,570.0,-0.18,6741.0,802.0,555.1
NUBL,9/2/2026,570.0,580.0,570.0,575.0,0.88,2234.0,802.0,555.1
NUBL,9/3/2026,564.1,575.0,564.1,570.0,1.05,2889.0,802.0,555.1
NUBL,9/7/2026,570.0,575.0,568.0,568.0,-0.35,11530.0,802.0,555.1
NUBL,9/9/2026,568.0,571.0,560.0,564.9,-0.55,6771.0,802.0,555.1
NUBL,9/10/2026,563.1,563.1,555.1,556.0,-1.26,3690.0,802.0,555.1
NUBL,9/11/2026,556.0,570.0,556.0,570.0,2.52,11532.0,802.0,555.1
NUBL,9/14/2026,575.0,579.9,569.4,577.0,0.35,12496.0,802.0,555.1
NUBL,9/15/2026,605.0,605.0,578.0,580.0,-4.13,16969.0,802.0,555.1
NUBL,9/16/2026,585.0,589.9,571.8,580.0,-0.85,11557.0,802.0,555.1
NUBL,9/17/2026,585.0,591.0,581.0,586.0,0.17,4755.0,802.0,555.1
NUBL,9/18/2026,597.3,603.0,584.1,600.0,0.45,13816.0,802.0,555.1
NUBL,9/22/2026,612.0,613.0,598.3,612.0,0.0,8351.0,802.0,555.1
NUBL,9/23/2026,613.0,613.0,597.1,598.0,-2.45,5355.0,802.0,555.1
NUBL,9/24/2026,604.9,605.0,593.0,604.0,-0.15,1952.0,802.0,555.1
NUBL,9/28/2026,604.0,604.0,593.3,594.0,-1.66,728.0,802.0,555.1
NUBL,9/29/2026,590.0,590.0,586.6,0.0,-100.0,587.0,802.0,555.1
NUBL,9/30/2026,599.9,599.9,584.2,597.0,-0.48,3554.0,802.0,555.1
NUBL,10/1/2026,597.0,597.0,590.1,591.3,-0.95,1510.0,802.0,555.1
NUBL,10/2/2026,598.0,598.0,588.0,588.0,-1.67,1859.0,802.0,555.1
NWCL,12/21/2025,792.1,792.1,777.0,785.0,,2251.0,1045.0,571.0
NWCL,12/22/2025,785.0,785.0,767.0,778.5,-0.83,4148.0,1045.0,571.0
NWCL,12/23/2025,779.0,787.0,766.0,787.0,1.09,2002.0,1045.0,571.0
NWCL,12/24/2025,787.0,790.0,775.0,776.0,-1.4,1206.0,1045.0,571.0
NWCL,12/28/2025,766.1,789.0,766.1,786.0,1.29,2592.0,1045.0,571.0
NWCL,12/29/2025,781.0,801.7,781.0,795.0,1.15,2195.0,1045.0,571.0
NWCL,12/31/2025,810.0,842.0,780.3,810.1,1.9,4352.0,1045.0,571.0
NWCL,1/1/2026,819.0,834.0,793.9,810.0,-0.01,7900.0,1045.0,571.0
NWCL,1/4/2026,796.3,832.0,796.3,832.0,2.72,8600.0,1045.0,571.0
NWCL,1/5/2026,839.0,885.0,839.0,885.0,6.37,24060.0,1045.0,571.0
NWCL,1/6/2026,902.7,902.7,853.0,865.0,-2.26,6141.0,1045.0,571.0
NWCL,1/7/2026,855.0,865.0,836.0,848.0,-1.97,6081.0,1045.0,571.0
NWCL,1/8/2026,831.1,846.0,829.1,831.1,-1.99,4397.0,1045.0,571.0
NWCL,1/12/2026,847.6,863.9,831.2,841.9,1.3,4509.0,1045.0,571.0
NWCL,1/13/2026,825.1,866.9,825.1,859.9,2.14,6699.0,1045.0,571.0
NWCL,1/14/2026,842.8,876.7,842.8,850.0,-1.15,6548.0,1045.0,571.0
NWCL,1/18/2026,833.0,870.0,833.0,864.9,1.75,5718.0,1045.0,571.0
NWCL,1/20/2026,882.1,886.0,851.0,869.0,0.47,10937.0,1045.0,571.0
NWCL,1/21/2026,851.7,885.0,843.1,860.0,-1.04,3860.0,1045.0,571.0
NWCL,1/22/2026,848.1,874.0,845.5,874.0,1.63,6633.0,1045.0,571.0
NWCL,1/25/2026,874.1,961.4,874.1,960.0,9.84,27347.0,1045.0,571.0
NWCL,1/26/2026,977.4,1039.2,940.0,1020.0,6.25,80780.0,1045.0,571.0
NWCL,1/27/2026,1001.1,1045.0,977.0,996.5,-2.3,46583.0,1045.0,571.0
NWCL,1/28/2026,1000.0,1016.4,962.0,981.5,-1.51,23405.0,1045.0,571.0
NWCL,1/29/2026,999.9,1014.9,965.3,965.3,-1.65,25751.0,1045.0,571.0
NWCL,2/1/2026,946.0,984.0,918.0,918.0,-4.9,17013.0,1045.0,571.0
NWCL,2/2/2026,934.0,961.8,919.0,956.0,4.14,15662.0,1045.0,571.0
NWCL,2/3/2026,974.0,974.0,921.2,925.0,-3.24,7895.0,1045.0,571.0
NWCL,2/4/2026,943.0,949.9,912.0,929.0,0.43,11480.0,1045.0,571.0
NWCL,2/5/2026,910.5,970.0,910.5,939.0,1.08,4344.0,1045.0,571.0
NWCL,2/8/2026,945.0,945.0,920.0,920.0,-2.02,7133.0,1045.0,571.0
NWCL,2/9/2026,902.1,920.0,876.0,880.0,-4.35,8353.0,1045.0,571.0
NWCL,2/10/2026,895.9,896.0,863.0,870.0,-1.14,3727.0,1045.0,571.0
NWCL,2/11/2026,865.3,879.0,860.1,878.0,0.92,2268.0,1045.0,571.0
NWCL,2/12/2026,860.5,895.0,860.5,880.0,0.23,5637.0,1045.0,571.0
NWCL,2/16/2026,865.0,897.6,865.0,870.1,-1.12,3510.0,1045.0,571.0
NWCL,2/17/2026,885.0,887.5,870.0,875.0,0.56,2921.0,1045.0,571.0
NWCL,2/22/2026,860.1,862.0,844.0,855.0,-2.29,3411.0,1045.0,571.0
NWCL,2/23/2026,842.1,853.5,840.0,840.0,-1.75,3480.0,1045.0,571.0
NWCL,2/24/2026,840.0,856.7,833.0,850.0,1.19,1291.0,1045.0,571.0
NWCL,2/25/2026,840.0,901.0,840.0,860.0,1.18,2976.0,1045.0,571.0
NWCL,2/26/2026,851.0,872.0,845.0,869.0,1.05,982.0,1045.0,571.0
NWCL,2/27/2026,851.0,872.0,845.0,869.0,0.0,982.0,1045.0,571.0
NWCL,2/28/2026,851.0,872.0,845.0,869.0,0.0,982.0,1045.0,571.0
NWCL,3/2/2026,865.0,870.0,841.0,865.2,-0.44,2529.0,1045.0,571.0
NWCL,3/3/2026,880.0,888.5,863.0,888.5,2.69,2551.0,1045.0,571.0
NWCL,3/4/2026,880.0,888.5,863.0,888.5,0.0,2551.0,1045.0,571.0
NWCL,3/5/2026,880.0,888.5,863.0,888.5,0.0,2551.0,1045.0,571.0
NWCL,3/6/2026,880.0,888.5,863.0,888.5,0.0,2551.0,1045.0,571.0
NWCL,3/7/2026,880.0,888.5,863.0,888.5,0.0,2551.0,1045.0,571.0
NWCL,3/8/2026,880.0,888.5,863.0,888.5,0.0,2551.0,1045.0,571.0
NWCL,3/9/2026,905.9,958.8,905.9,958.8,7.91,85.0,1045.0,571.0
NWCL,3/10/2026,977.9,977.9,900.0,926.0,-3.42,17795.0,1045.0,571.0
NWCL,3/11/2026,920.0,929.0,891.1,892.1,-3.66,7651.0,1045.0,571.0
NWCL,3/12/2026,880.1,920.0,870.0,898.0,0.66,4109.0,1045.0,571.0
NWCL,3/13/2026,880.1,920.0,870.0,898.0,0.0,4109.0,1045.0,571.0
NWCL,3/14/2026,880.1,920.0,870.0,898.0,0.0,4109.0,1045.0,571.0
NWCL,3/15/2026,898.0,899.9,872.3,887.0,-1.22,4970.0,1045.0,571.0
NWCL,3/16/2026,871.0,904.0,869.0,870.0,-1.92,3673.0,1045.0,571.0
NWCL,3/17/2026,887.4,889.9,860.0,861.0,-1.03,5271.0,1045.0,571.0
NWCL,3/18/2026,887.4,889.9,860.0,861.0,0.0,5271.0,1045.0,571.0
NWCL,3/19/2026,878.0,895.5,863.0,875.0,1.63,7820.0,1045.0,571.0
NWCL,3/20/2026,878.0,895.5,863.0,875.0,0.0,7820.0,1045.0,571.0
NWCL,3/21/2026,878.0,895.5,863.0,875.0,0.0,7820.0,1045.0,571.0
NWCL,3/22/2026,889.9,918.7,889.9,914.0,4.46,22945.0,1045.0,571.0
NWCL,3/23/2026,910.0,930.0,901.0,920.0,0.66,14329.0,1045.0,571.0
NWCL,3/24/2026,920.0,932.0,907.0,929.9,1.08,3141.0,1045.0,571.0
NWCL,3/25/2026,915.0,918.4,897.0,908.0,-2.36,6003.0,1045.0,571.0
NWCL,3/26/2026,925.0,925.0,903.1,912.1,-1.39,4065.0,1045.0,571.0
NWCL,3/29/2026,894.0,905.0,883.0,886.1,-0.88,5296.0,1045.0,571.0
NWCL,3/30/2026,903.8,903.8,858.0,860.0,-4.85,5472.0,1045.0,571.0
NWCL,3/31/2026,851.0,889.0,850.0,861.0,1.18,3766.0,1045.0,571.0
NWCL,4/1/2026,846.0,860.0,820.0,820.0,-3.07,10461.0,1045.0,571.0
NWCL,4/2/2026,820.0,836.4,803.6,803.6,-2.0,5062.0,1045.0,571.0
NWCL,4/5/2026,803.6,817.5,755.0,769.0,-4.31,7315.0,1045.0,571.0
NWCL,4/6/2026,770.0,814.9,760.0,808.0,4.94,3754.0,1045.0,571.0
NWCL,4/7/2026,823.5,824.1,790.9,795.0,-3.46,3741.0,1045.0,571.0
NWCL,4/8/2026,810.0,825.9,810.0,825.4,1.9,4071.0,1045.0,571.0
NWCL,4/9/2026,820.0,842.9,820.0,840.0,2.44,3119.0,1045.0,571.0
NWCL,4/10/2026,823.2,836.8,817.0,829.7,0.79,2416.0,1045.0,571.0
NWCL,4/13/2026,820.0,860.0,820.0,854.0,4.15,5651.0,1045.0,571.0
NWCL,4/15/2026,840.0,856.0,837.5,850.0,1.19,1790.0,1045.0,571.0
NWCL,4/16/2026,835.1,844.0,827.0,838.0,0.35,1799.0,1045.0,571.0
NWCL,4/17/2026,840.0,850.1,822.9,829.9,-1.2,1061.0,1045.0,571.0
NWCL,4/20/2026,815.1,829.7,800.0,820.0,0.6,2850.0,1045.0,571.0
NWCL,4/21/2026,811.0,820.0,785.0,800.0,-1.36,5135.0,1045.0,571.0
NWCL,4/22/2026,786.1,808.0,785.0,805.0,2.4,4918.0,1045.0,571.0
NWCL,4/23/2026,787.1,808.0,787.0,794.8,0.98,1349.0,1045.0,571.0
NWCL,4/24/2026,785.0,800.0,785.0,799.0,1.78,1822.0,1045.0,571.0
NWCL,4/27/2026,799.0,805.0,785.0,802.0,0.38,515.0,1045.0,571.0
NWCL,4/28/2026,802.0,804.0,790.0,792.0,-1.25,1701.0,1045.0,571.0
NWCL,4/29/2026,792.0,789.0,770.0,788.0,-0.51,2092.0,1045.0,571.0
NWCL,4/30/2026,780.0,800.0,767.0,793.9,1.78,1307.0,1045.0,571.0
NWCL,5/4/2026,780.0,800.0,780.0,793.0,1.67,561.0,1045.0,571.0
NWCL,5/5/2026,775.2,799.7,775.1,794.0,2.43,929.0,1045.0,571.0
NWCL,5/6/2026,784.0,790.0,783.0,784.1,0.01,360.0,1045.0,571.0
NWCL,5/7/2026,781.0,795.0,780.0,784.0,0.38,1990.0,1045.0,571.0
NWCL,5/8/2026,773.1,800.0,773.1,800.0,3.48,677.0,1045.0,571.0
NWCL,5/11/2026,805.0,813.0,805.0,811.0,0.75,1055.0,1045.0,571.0
NWCL,5/12/2026,802.1,806.0,790.0,792.0,-1.26,1667.0,1045.0,571.0
NWCL,5/13/2026,785.0,794.9,783.1,785.0,0.0,1573.0,1045.0,571.0
NWCL,5/14/2026,797.0,797.0,786.0,786.0,-1.38,645.0,1045.0,571.0
NWCL,5/15/2026,781.0,804.4,781.0,787.0,0.77,630.0,1045.0,571.0
NWCL,5/18/2026,780.0,800.0,780.0,799.9,2.55,249.0,1045.0,571.0
NWCL,5/19/2026,787.2,798.0,787.0,791.0,0.48,739.0,1045.0,571.0
NWCL,5/20/2026,784.1,800.0,784.0,800.0,2.03,1530.0,1045.0,571.0
NWCL,5/21/2026,791.0,804.9,787.0,787.0,-0.51,1207.0,1045.0,571.0
NWCL,5/22/2026,785.1,804.0,785.1,804.0,2.41,1685.0,1045.0,571.0
NWCL,5/25/2026,803.0,818.9,803.0,818.9,1.98,1320.0,1045.0,571.0
NWCL,5/26/2026,820.0,820.0,807.0,810.2,-1.2,895.0,1045.0,571.0
NWCL,5/27/2026,805.7,817.0,805.7,811.1,0.67,885.0,1045.0,571.0
NWCL,6/1/2026,851.0,851.0,791.0,792.0,-6.93,2188.0,1045.0,571.0
NWCL,6/2/2026,788.0,795.0,785.0,785.0,-0.38,2624.0,1045.0,571.0
NWCL,6/3/2026,788.0,805.0,787.0,794.1,0.77,1433.0,1045.0,571.0
NWCL,6/4/2026,785.0,805.0,785.0,793.0,1.02,781.0,1045.0,571.0
NWCL,6/5/2026,806.0,806.0,777.2,790.0,-1.99,3205.0,1045.0,571.0
NWCL,6/8/2026,771.2,790.0,771.2,783.4,1.58,565.0,1045.0,571.0
NWCL,6/9/2026,782.0,787.0,779.0,781.3,-0.09,1399.0,1045.0,571.0
NWCL,6/10/2026,781.3,793.0,777.1,793.0,1.5,1551.0,1045.0,571.0
NWCL,6/11/2026,780.0,793.8,770.0,793.0,1.67,2977.0,1045.0,571.0
NWCL,6/12/2026,794.2,795.0,780.0,791.9,-0.29,429.0,1045.0,571.0
NWCL,6/15/2026,780.1,780.1,761.0,772.0,-1.04,5167.0,1045.0,571.0
NWCL,6/16/2026,775.0,775.2,756.6,766.0,-1.16,2604.0,1045.0,571.0
NWCL,6/17/2026,760.0,770.0,760.0,769.0,1.18,601.0,1045.0,571.0
NWCL,6/18/2026,770.0,780.0,766.0,770.3,0.04,2889.0,1045.0,571.0
NWCL,6/19/2026,735.0,798.1,735.0,768.4,4.54,1360.0,1045.0,571.0
NWCL,6/22/2026,731.8,776.0,731.8,770.0,5.22,900.0,1045.0,571.0
NWCL,6/23/2026,765.2,768.0,750.0,764.0,-0.16,1372.0,1045.0,571.0
NWCL,6/24/2026,746.0,760.0,746.0,747.0,0.13,2695.0,1045.0,571.0
NWCL,6/26/2026,745.0,760.0,745.0,746.0,0.13,660.0,1045.0,571.0
NWCL,6/29/2026,740.2,742.0,730.0,730.1,-1.36,1943.0,1045.0,571.0
NWCL,6/30/2026,727.4,727.5,719.0,719.0,-1.15,1919.0,1045.0,571.0
NWCL,7/1/2026,722.0,739.8,712.0,732.0,1.39,1320.0,1045.0,571.0
NWCL,7/2/2026,732.1,740.0,723.4,730.0,-0.29,360.0,1045.0,571.0
NWCL,7/3/2026,726.0,730.0,723.0,727.1,0.15,1504.0,1045.0,571.0
NWCL,7/6/2026,711.1,727.0,711.1,721.0,1.39,659.0,1045.0,571.0
NWCL,7/7/2026,742.4,742.4,720.2,723.0,-2.61,927.0,1045.0,571.0
NWCL,7/8/2026,705.1,730.0,705.1,713.4,1.18,2322.0,1045.0,571.0
NWCL,7/9/2026,714.1,723.5,714.0,723.5,1.32,1120.0,1045.0,571.0
NWCL,7/10/2026,705.0,711.2,705.0,706.5,0.21,2365.0,1045.0,571.0
NWCL,7/13/2026,705.2,705.2,695.0,695.0,-1.45,2008.0,1045.0,571.0
NWCL,7/14/2026,691.0,705.0,691.0,705.0,2.03,420.0,1045.0,571.0
NWCL,7/15/2026,724.9,724.9,700.0,705.0,-2.75,2274.0,1045.0,571.0
NWCL,7/16/2026,693.0,724.0,693.0,723.0,4.33,3898.0,1045.0,571.0
NWCL,7/17/2026,734.8,759.0,725.1,749.0,1.93,1592.0,1045.0,571.0
NWCL,7/20/2026,731.3,764.8,730.0,750.0,2.56,2744.0,1045.0,571.0
NWCL,7/21/2026,759.9,760.0,720.8,742.0,-2.36,3496.0,1045.0,571.0
NWCL,7/22/2026,731.0,735.0,724.1,733.9,0.4,1771.0,1045.0,571.0
NWCL,7/23/2026,721.9,742.9,720.0,742.9,2.91,1960.0,1045.0,571.0
NWCL,7/24/2026,705.8,769.0,705.8,739.9,4.83,3403.0,1045.0,571.0
NWCL,7/27/2026,721.1,744.9,701.2,724.0,0.4,5747.0,1045.0,571.0
NWCL,7/28/2026,715.0,724.0,708.2,724.0,1.26,1274.0,1045.0,571.0
NWCL,7/29/2026,707.7,723.8,707.7,716.8,1.29,2927.0,1045.0,571.0
NWCL,7/30/2026,703.0,712.0,697.0,712.0,1.28,3359.0,1045.0,571.0
NWCL,7/31/2026,692.1,715.0,692.1,714.3,3.21,2000.0,1045.0,571.0
NWCL,8/3/2026,710.0,710.2,697.1,709.9,-0.01,1543.0,1045.0,571.0
NWCL,8/4/2026,745.3,745.3,696.0,699.7,-6.12,3204.0,1045.0,571.0
NWCL,8/5/2026,696.1,705.0,685.0,690.0,-0.88,2631.0,1045.0,571.0
NWCL,8/6/2026,681.3,696.9,681.3,696.9,2.29,656.0,1045.0,571.0
NWCL,8/7/2026,681.0,690.0,680.0,688.0,1.03,4545.0,1045.0,571.0
NWCL,8/10/2026,680.0,694.0,680.0,693.6,2.0,1090.0,1045.0,571.0
NWCL,8/11/2026,700.0,714.0,684.0,687.0,-1.86,2268.0,1045.0,571.0
NWCL,8/12/2026,684.0,690.0,683.0,690.0,0.88,1087.0,1045.0,571.0
NWCL,8/13/2026,680.4,700.0,680.4,690.0,1.41,740.0,1045.0,571.0
NWCL,8/14/2026,690.0,698.9,681.0,690.0,0.0,1256.0,1045.0,571.0
NWCL,8/17/2026,680.2,700.0,670.1,687.0,1.0,3194.0,1045.0,571.0
NWCL,8/18/2026,670.2,690.0,670.1,671.5,0.19,1168.0,1045.0,571.0
NWCL,8/19/2026,670.0,673.0,650.0,672.0,0.3,1250.0,1045.0,571.0
NWCL,8/20/2026,658.0,677.0,643.0,646.5,-1.75,5613.0,1045.0,571.0
NWCL,8/21/2026,664.0,664.0,641.2,644.0,-3.01,3662.0,1045.0,571.0
NWCL,8/24/2026,635.1,646.0,630.0,646.0,1.72,750.0,1045.0,571.0
NWCL,8/25/2026,635.1,635.1,622.0,631.0,-0.65,4184.0,1045.0,571.0
NWCL,8/26/2026,625.1,630.7,610.6,615.0,-1.62,3683.0,1045.0,571.0
NWCL,8/27/2026,601.2,611.0,599.0,603.0,0.3,2066.0,1045.0,571.0
NWCL,8/31/2026,598.0,600.0,576.0,581.0,-2.84,1722.0,1045.0,571.0
NWCL,9/1/2026,585.0,595.0,582.0,595.0,1.71,1533.0,1045.0,571.0
NWCL,9/2/2026,590.0,606.0,582.0,606.0,2.71,691.0,1045.0,571.0
NWCL,9/3/2026,590.2,600.0,590.2,597.0,1.15,1160.0,1045.0,571.0
NWCL,9/7/2026,600.0,607.0,590.0,598.0,-0.33,1723.0,1045.0,571.0
NWCL,9/9/2026,596.1,598.0,581.1,590.0,-1.02,2522.0,1045.0,571.0
NWCL,9/10/2026,586.0,586.1,575.0,585.0,-0.17,1873.0,1045.0,571.0
NWCL,9/11/2026,575.1,585.0,571.0,583.9,1.53,1819.0,1045.0,571.0
NWCL,9/14/2026,590.0,618.0,590.0,595.0,0.85,640.0,1045.0,571.0
NWCL,9/15/2026,612.5,643.0,605.1,620.9,1.37,4347.0,1045.0,571.0
NWCL,9/16/2026,620.9,625.0,590.1,590.1,-4.96,3568.0,1045.0,571.0
NWCL,9/17/2026,619.6,619.6,607.0,610.0,-1.55,1793.0,1045.0,571.0
NWCL,9/18/2026,599.0,620.2,599.0,616.0,2.84,3513.0,1045.0,571.0
NWCL,9/22/2026,627.8,627.8,605.0,612.9,-2.37,430.0,1045.0,571.0
NWCL,9/23/2026,597.0,611.0,590.0,611.0,2.35,3149.0,1045.0,571.0
NWCL,9/24/2026,593.1,602.0,593.0,602.0,1.5,780.0,1045.0,571.0
NWCL,9/28/2026,590.0,597.5,580.0,595.9,1.0,3888.0,1045.0,571.0
NWCL,9/29/2026,590.1,600.0,575.0,0.0,-100.0,855.0,1045.0,571.0
NWCL,9/30/2026,577.2,588.0,577.2,588.0,1.87,1285.0,1045.0,571.0
NWCL,10/1/2026,585.0,590.0,579.0,579.2,-0.99,2591.0,1045.0,571.0
NWCL,10/2/2026,591.0,591.0,565.09,566.0,-4.23,3065.0,1045.0,571.0
NYADI,12/8/2021,408.0,410.0,400.0,408.0,,10795.0,482.0,335.3
NYADI,12/9/2021,399.9,404.0,385.0,393.0,-3.68,12424.0,482.0,335.3
NYADI,12/12/2021,387.0,391.6,364.0,365.0,-7.12,17386.0,482.0,335.3
NYADI,12/13/2021,358.0,386.0,332.0,347.0,-4.93,10591.0,482.0,335.3
NYADI,12/14/2021,350.0,381.7,350.0,381.7,10.0,4849.0,482.0,335.3
NYADI,12/15/2021,389.3,412.0,363.0,372.0,-2.54,17495.0,482.0,335.3
NYADI,12/16/2021,365.0,385.5,360.0,363.0,-2.42,5854.0,482.0,335.3
NYADI,12/20/2021,362.0,362.0,343.0,347.0,-4.41,4850.0,482.0,335.3
NYADI,12/21/2021,349.0,356.9,344.0,356.9,2.85,5216.0,482.0,335.3
NYADI,12/22/2021,357.0,378.0,357.0,378.0,5.91,7385.0,482.0,335.3
NYADI,12/23/2021,378.1,380.0,365.1,371.0,-1.85,8049.0,482.0,335.3
NYADI,12/26/2021,370.1,377.0,362.6,375.0,1.08,8054.0,482.0,335.3
NYADI,12/27/2021,375.0,375.0,358.0,360.0,-4.0,11881.0,482.0,335.3
NYADI,12/28/2021,355.0,362.4,351.0,358.0,-0.56,4065.0,482.0,335.3
NYADI,12/29/2021,351.2,372.0,351.2,364.0,1.68,4050.0,482.0,335.3
NYADI,1/2/2022,356.8,386.1,353.0,383.0,5.22,11390.0,482.0,335.3
NYADI,1/3/2022,375.4,390.0,362.0,379.0,-1.04,13813.0,482.0,335.3
NYADI,1/4/2022,371.5,388.0,367.1,384.0,1.32,7729.0,482.0,335.3
NYADI,1/5/2022,384.0,397.8,371.0,382.0,-0.52,14924.0,482.0,335.3
NYADI,1/6/2022,375.0,393.0,369.1,393.0,2.88,11525.0,482.0,335.3
NYADI,1/9/2022,390.1,432.3,390.1,430.0,9.41,24892.0,482.0,335.3
NYADI,1/10/2022,430.0,439.9,420.0,439.0,2.09,20907.0,482.0,335.3
NYADI,1/11/2022,431.0,482.0,431.0,482.0,9.79,31728.0,482.0,335.3
NYADI,1/12/2022,482.0,486.0,460.0,482.0,0.0,25627.0,482.0,335.3
NYADI,1/13/2022,472.4,485.0,463.0,481.0,-0.21,20163.0,482.0,335.3
NYADI,1/16/2022,480.0,489.6,469.0,470.1,-2.27,32274.0,482.0,335.3
NYADI,1/17/2022,463.0,492.0,460.0,492.0,4.66,28599.0,482.0,335.3
NYADI,1/18/2022,492.0,505.0,490.0,499.0,1.42,30733.0,482.0,335.3
NYADI,1/19/2022,499.0,499.0,481.0,484.1,-2.99,13433.0,482.0,335.3
NYADI,1/20/2022,475.0,529.0,474.6,527.0,8.86,34689.0,482.0,335.3
NYADI,1/23/2022,530.0,545.0,510.0,517.0,-1.9,31446.0,482.0,335.3
NYADI,1/24/2022,517.0,520.0,480.0,492.0,-4.84,37075.0,482.0,335.3
NYADI,1/25/2022,486.0,503.0,472.0,485.1,-1.4,18223.0,482.0,335.3
NYADI,1/26/2022,477.0,485.0,463.0,473.0,-2.49,11451.0,482.0,335.3
NYADI,1/27/2022,473.0,481.0,465.0,475.0,0.42,9620.0,482.0,335.3
NYADI,1/30/2022,484.5,510.0,484.5,505.0,6.32,25004.0,482.0,335.3
NYADI,1/31/2022,505.0,505.0,488.0,489.0,-3.17,9895.0,482.0,335.3
NYADI,2/1/2022,495.0,524.0,481.0,509.0,4.09,21831.0,482.0,335.3
NYADI,2/3/2022,509.0,530.2,503.0,530.0,4.13,56373.0,482.0,335.3
NYADI,2/6/2022,527.0,527.0,503.0,515.0,-2.83,34028.0,482.0,335.3
NYADI,2/7/2022,504.8,515.0,499.1,509.0,-1.17,11704.0,482.0,335.3
NYADI,2/8/2022,509.0,529.2,495.1,498.0,-2.16,18203.0,482.0,335.3
NYADI,2/9/2022,490.0,500.0,480.2,489.9,-1.63,13550.0,482.0,335.3
NYADI,2/10/2022,480.2,499.8,475.0,478.0,-2.43,13357.0,482.0,335.3
NYADI,2/13/2022,468.5,469.0,448.0,451.0,-5.65,21099.0,482.0,335.3
NYADI,2/14/2022,451.0,459.0,444.0,445.0,-1.33,7201.0,482.0,335.3
NYADI,2/15/2022,445.0,489.5,437.0,489.5,10.0,11328.0,482.0,335.3
NYADI,2/16/2022,490.0,490.0,457.7,475.0,-2.96,17166.0,482.0,335.3
NYADI,2/17/2022,465.5,483.0,460.0,483.0,1.68,7677.0,482.0,335.3
NYADI,2/20/2022,473.4,507.0,464.0,491.6,1.78,30263.0,482.0,335.3
NYADI,2/21/2022,482.0,516.0,482.0,511.0,3.95,28319.0,482.0,335.3
NYADI,2/22/2022,520.0,555.0,512.0,535.0,4.7,68842.0,482.0,335.3
NYADI,2/23/2022,545.7,566.0,530.0,550.0,2.8,44722.0,482.0,335.3
NYADI,2/24/2022,550.0,550.8,518.0,520.0,-5.45,37596.0,482.0,335.3
NYADI,2/27/2022,520.0,535.0,510.0,525.0,0.96,30184.0,482.0,335.3
NYADI,2/28/2022,535.0,545.0,490.0,490.0,-6.67,25258.0,482.0,335.3
NYADI,3/2/2022,481.0,490.0,472.6,475.0,-3.06,11964.0,482.0,335.3
NYADI,3/6/2022,484.5,488.0,470.0,488.0,2.74,16335.0,482.0,335.3
NYADI,3/7/2022,497.5,497.5,478.3,486.0,-0.41,8970.0,482.0,335.3
NYADI,3/9/2022,494.7,494.7,464.0,470.0,-3.29,10317.0,482.0,335.3
NYADI,3/10/2022,470.0,517.0,447.0,503.0,7.02,16084.0,482.0,335.3
NYADI,3/13/2022,513.0,517.0,491.1,505.0,0.4,27030.0,482.0,335.3
NYADI,3/14/2022,495.0,504.9,486.1,490.4,-2.89,6148.0,482.0,335.3
NYADI,3/15/2022,483.2,499.7,467.0,476.0,-2.94,19314.0,482.0,335.3
NYADI,3/16/2022,485.5,489.2,470.5,483.5,1.58,8788.0,482.0,335.3
NYADI,3/20/2022,475.0,493.1,475.0,484.0,0.1,6100.0,482.0,335.3
NYADI,3/21/2022,490.0,496.0,475.1,489.0,1.03,9304.0,482.0,335.3
NYADI,3/22/2022,498.6,498.6,478.0,484.0,-1.02,7378.0,482.0,335.3
NYADI,3/23/2022,483.0,483.0,470.0,471.0,-2.69,12633.0,482.0,335.3
NYADI,3/24/2022,471.0,475.0,467.0,469.0,-0.42,7182.0,482.0,335.3
NYADI,3/27/2022,459.7,470.0,447.0,453.0,-3.41,13798.0,482.0,335.3
NYADI,3/28/2022,460.0,469.1,442.0,444.0,-1.99,5974.0,482.0,335.3
NYADI,3/29/2022,436.0,459.0,436.0,449.7,1.28,9089.0,482.0,335.3
NYADI,3/30/2022,440.8,464.2,440.8,463.0,2.96,7335.0,482.0,335.3
NYADI,3/31/2022,458.0,470.0,451.1,451.1,-2.57,8375.0,482.0,335.3
NYADI,4/3/2022,442.2,454.9,442.0,454.9,0.84,4216.0,482.0,335.3
NYADI,4/4/2022,445.9,450.0,439.0,450.0,-1.08,4533.0,482.0,335.3
NYADI,4/5/2022,441.0,441.0,425.0,438.0,-2.67,10520.0,482.0,335.3
NYADI,4/6/2022,429.3,441.0,419.9,436.0,-0.46,6185.0,482.0,335.3
NYADI,4/7/2022,444.0,444.0,425.0,429.1,-1.58,10979.0,482.0,335.3
NYADI,4/11/2022,435.0,443.7,421.5,427.0,-0.49,11615.0,482.0,335.3
NYADI,4/12/2022,420.0,422.0,397.1,401.1,-6.07,9734.0,482.0,335.3
NYADI,4/13/2022,394.0,411.9,394.0,410.0,2.22,5670.0,482.0,335.3
NYADI,4/17/2022,410.0,417.0,397.0,400.0,-2.44,4681.0,482.0,335.3
NYADI,4/18/2022,392.0,400.0,381.0,381.0,-4.75,4772.0,482.0,335.3
NYADI,4/19/2022,380.0,390.0,361.2,387.0,1.57,7350.0,482.0,335.3
NYADI,4/20/2022,382.0,401.0,368.0,375.0,-3.1,5304.0,482.0,335.3
NYADI,4/21/2022,370.0,399.8,360.0,390.0,4.0,5538.0,482.0,335.3
NYADI,4/24/2022,395.0,419.8,374.6,419.8,7.64,12837.0,482.0,335.3
NYADI,4/25/2022,412.0,424.3,398.0,400.0,-4.72,11852.0,482.0,335.3
NYADI,4/26/2022,392.1,408.0,390.3,396.0,-1.0,5881.0,482.0,335.3
NYADI,4/27/2022,389.0,403.9,386.1,395.0,-0.25,3525.0,482.0,335.3
NYADI,4/28/2022,387.1,402.9,387.1,393.3,-0.43,8301.0,482.0,335.3
NYADI,5/2/2022,386.0,393.0,374.1,375.0,-4.65,5895.0,482.0,335.3
NYADI,5/4/2022,368.0,380.0,361.0,363.0,-3.2,4666.0,482.0,335.3
NYADI,5/5/2022,363.0,363.0,344.2,353.0,-2.75,7144.0,482.0,335.3
NYADI,5/8/2022,348.0,360.0,336.0,354.4,0.4,7743.0,482.0,335.3
NYADI,5/9/2022,349.0,362.0,349.0,351.0,-0.96,4450.0,482.0,335.3
NYADI,5/10/2022,346.0,367.2,346.0,366.0,4.27,5366.0,482.0,335.3
NYADI,5/11/2022,373.1,388.0,360.0,384.0,4.92,11876.0,482.0,335.3
NYADI,5/12/2022,391.6,401.8,377.0,389.7,1.48,15321.0,482.0,335.3
NYADI,5/17/2022,382.0,382.0,365.6,369.0,-5.31,5725.0,482.0,335.3
NYADI,5/18/2022,370.0,384.0,351.3,380.0,2.98,4429.0,482.0,335.3
NYADI,5/19/2022,372.5,381.0,366.1,366.1,-3.66,3372.0,482.0,335.3
NYADI,5/20/2022,358.8,373.4,352.3,361.5,-1.26,2658.0,482.0,335.3
NYADI,5/23/2022,354.3,360.0,341.4,353.0,-2.35,4555.0,482.0,335.3
NYADI,5/24/2022,353.0,367.2,347.1,349.0,-1.13,6181.0,482.0,335.3
NYADI,5/25/2022,343.0,362.1,343.0,355.0,1.72,1894.0,482.0,335.3
NYADI,5/26/2022,360.0,370.0,355.1,360.0,1.41,3079.0,482.0,335.3
NYADI,5/27/2022,360.0,360.0,348.0,360.0,0.0,2946.0,482.0,335.3
NYADI,5/30/2022,357.0,357.0,343.0,346.0,-3.89,4890.0,482.0,335.3
NYADI,5/31/2022,340.0,347.8,336.0,336.2,-2.83,2850.0,482.0,335.3
NYADI,6/1/2022,330.0,341.0,330.0,332.0,-1.25,5330.0,482.0,335.3
NYADI,6/2/2022,335.0,340.0,330.0,330.0,-0.6,1522.0,482.0,335.3
NYADI,6/3/2022,325.5,331.0,321.0,323.0,-2.12,3295.0,482.0,335.3
NYADI,6/6/2022,317.0,331.5,315.1,325.0,0.62,2100.0,482.0,335.3
NYADI,6/7/2022,318.8,322.0,313.7,314.0,-3.38,2213.0,482.0,335.3
NYADI,6/8/2022,311.0,332.4,311.0,323.1,2.9,2595.0,482.0,335.3
NYADI,6/9/2022,323.1,340.0,317.0,318.0,-1.58,3320.0,482.0,335.3
NYADI,6/10/2022,324.3,324.3,313.2,317.0,-0.31,927.0,482.0,335.3
NYADI,6/13/2022,310.8,321.4,310.8,315.0,-0.63,1581.0,482.0,335.3
NYADI,6/14/2022,311.0,316.0,308.8,309.0,-1.9,3340.0,482.0,335.3
NYADI,6/15/2022,303.0,303.0,291.1,300.0,-2.91,2194.0,482.0,335.3
NYADI,6/16/2022,294.0,317.0,294.0,300.0,0.0,1385.0,482.0,335.3
NYADI,6/17/2022,294.0,306.0,290.0,298.0,-0.67,400.0,482.0,335.3
NYADI,6/19/2022,292.2,303.8,284.0,284.0,-4.7,3548.0,482.0,335.3
NYADI,6/20/2022,279.0,279.0,261.5,268.0,-5.63,5226.0,482.0,335.3
NYADI,6/21/2022,262.7,277.0,258.0,275.0,2.61,5135.0,482.0,335.3
NYADI,6/22/2022,269.5,269.5,262.1,263.0,-4.36,1280.0,482.0,335.3
NYADI,6/23/2022,263.0,263.0,248.1,248.1,-5.67,3047.0,482.0,335.3
NYADI,6/24/2022,243.2,272.9,241.0,272.9,10.0,10912.0,482.0,335.3
NYADI,6/26/2022,272.9,300.1,272.9,300.1,9.97,11744.0,482.0,335.3
NYADI,6/27/2022,306.1,330.1,306.1,330.0,9.96,26797.0,482.0,335.3
NYADI,6/28/2022,336.6,336.6,304.1,316.0,-4.24,12949.0,482.0,335.3
NYADI,6/29/2022,316.0,325.0,311.2,323.0,2.22,3856.0,482.0,335.3
NYADI,6/30/2022,328.0,355.3,319.0,355.3,10.0,9146.0,482.0,335.3
NYADI,7/1/2022,355.3,370.0,350.0,355.0,-0.08,5171.0,482.0,335.3
NYADI,7/3/2022,355.0,368.0,341.0,355.0,0.0,12438.0,482.0,335.3
NYADI,7/4/2022,355.0,369.3,348.0,349.0,-1.69,14845.0,482.0,335.3
NYADI,7/5/2022,342.1,350.0,325.4,330.0,-5.44,9287.0,482.0,335.3
NYADI,7/6/2022,336.0,337.0,315.0,335.0,1.52,7078.0,482.0,335.3
NYADI,7/7/2022,335.0,336.0,322.0,325.0,-2.99,6975.0,482.0,335.3
NYADI,7/8/2022,323.0,328.0,319.1,321.0,-1.23,2335.0,482.0,335.3
NYADI,7/11/2022,314.6,314.6,300.0,301.1,-6.2,7583.0,482.0,335.3
NYADI,7/12/2022,300.0,323.3,289.2,301.0,-0.03,4050.0,482.0,335.3
NYADI,7/13/2022,298.0,325.0,298.0,325.0,7.97,2842.0,482.0,335.3
NYADI,7/14/2022,328.0,334.0,309.2,323.0,-0.62,4405.0,482.0,335.3
NYADI,7/15/2022,316.6,321.0,315.0,316.0,-2.17,2255.0,482.0,335.3
NYADI,7/17/2022,316.0,322.0,312.0,315.0,-0.32,2144.0,482.0,335.3
NYADI,7/18/2022,310.0,320.0,310.0,319.0,1.27,1777.0,482.0,335.3
NYADI,7/19/2022,325.3,328.0,315.0,320.0,0.31,3899.0,482.0,335.3
NYADI,7/20/2022,326.0,326.0,315.1,320.0,0.0,2931.0,482.0,335.3
NYADI,7/21/2022,314.0,321.3,311.1,320.0,0.0,2000.0,482.0,335.3
NYADI,7/22/2022,320.0,320.0,309.0,312.3,-2.41,2288.0,482.0,335.3
NYADI,7/24/2022,318.4,320.0,310.0,320.0,2.47,4296.0,482.0,335.3
NYADI,7/25/2022,326.0,342.0,320.2,334.0,4.37,8907.0,482.0,335.3
NYADI,7/26/2022,328.0,345.0,321.5,326.1,-2.37,5942.0,482.0,335.3
NYADI,7/27/2022,320.0,340.0,314.0,338.0,3.65,6115.0,482.0,335.3
NYADI,7/28/2022,344.0,365.0,340.1,340.1,0.62,21062.0,482.0,335.3
NYADI,7/29/2022,340.0,353.7,336.0,348.0,2.32,6063.0,482.0,335.3
NYADI,7/31/2022,348.0,354.0,345.0,346.0,-0.57,6360.0,482.0,335.3
NYADI,8/1/2022,346.0,355.9,339.1,344.0,-0.58,17346.0,482.0,335.3
NYADI,8/2/2022,346.0,350.8,339.2,344.0,0.0,8740.0,482.0,335.3
NYADI,8/3/2022,350.0,367.2,346.0,366.0,6.4,17995.0,482.0,335.3
NYADI,8/4/2022,373.3,387.0,370.0,375.0,2.46,46516.0,482.0,335.3
NYADI,8/5/2022,367.6,373.0,367.6,369.0,-1.6,15312.0,482.0,335.3
NYADI,8/7/2022,375.0,382.5,367.0,381.0,3.25,10575.0,482.0,335.3
NYADI,8/8/2022,387.0,400.0,378.0,379.5,-0.39,16549.0,482.0,335.3
NYADI,8/9/2022,372.0,375.0,355.2,355.2,-6.4,15007.0,482.0,335.3
NYADI,8/10/2022,350.0,356.0,344.0,345.4,-2.76,10644.0,482.0,335.3
NYADI,8/11/2022,339.0,362.1,338.3,340.0,-1.56,4503.0,482.0,335.3
NYADI,8/14/2022,333.2,347.0,327.0,327.0,-3.82,3790.0,482.0,335.3
NYADI,8/15/2022,320.5,351.0,320.0,350.0,7.03,2595.0,482.0,335.3
NYADI,8/16/2022,343.1,357.0,336.2,338.0,-3.43,8183.0,482.0,335.3
NYADI,8/17/2022,332.1,353.0,332.1,340.0,0.59,2557.0,482.0,335.3
NYADI,8/18/2022,335.0,355.0,335.0,351.0,3.24,3110.0,482.0,335.3
NYADI,8/21/2022,351.0,355.0,340.1,346.9,-1.17,2165.0,482.0,335.3
NYADI,8/22/2022,340.0,347.0,338.0,343.9,-0.86,3029.0,482.0,335.3
NYADI,8/23/2022,337.1,343.0,336.4,340.0,-1.13,2774.0,482.0,335.3
NYADI,8/24/2022,333.3,353.0,333.3,353.0,3.82,5530.0,482.0,335.3
NYADI,8/25/2022,346.0,348.1,333.0,340.1,-3.65,4871.0,482.0,335.3
NYADI,8/26/2022,334.0,340.0,330.0,330.0,-2.97,490.0,482.0,335.3
NYADI,8/28/2022,325.0,330.0,310.0,312.1,-5.42,8035.0,482.0,335.3
NYADI,8/29/2022,312.1,318.0,306.1,318.0,1.89,2224.0,482.0,335.3
NYADI,8/30/2022,315.0,320.0,314.0,315.0,-0.94,2565.0,482.0,335.3
NYADI,8/31/2022,309.1,317.0,309.0,309.0,-1.9,2505.0,482.0,335.3
NYADI,9/1/2022,303.0,325.0,303.0,310.0,0.32,4073.0,482.0,335.3
NYADI,9/2/2022,304.0,312.0,304.0,312.0,0.65,430.0,482.0,335.3
NYADI,9/4/2022,306.0,318.0,306.0,308.5,-1.12,3768.0,482.0,335.3
NYADI,9/5/2022,305.0,322.9,303.2,309.0,0.16,1436.0,482.0,335.3
NYADI,9/6/2022,305.0,310.0,305.0,307.0,-0.65,1380.0,482.0,335.3
NYADI,9/7/2022,301.0,306.2,300.0,301.1,-1.92,5140.0,482.0,335.3
NYADI,9/8/2022,297.0,310.0,296.0,308.0,2.29,2995.0,482.0,335.3
NYADI,9/11/2022,302.0,307.9,302.0,303.2,-1.56,1565.0,482.0,335.3
NYADI,9/12/2022,300.0,305.0,300.0,305.0,0.59,2520.0,482.0,335.3
NYADI,9/13/2022,300.0,311.1,298.9,310.0,1.64,2717.0,482.0,335.3
NYADI,9/14/2022,304.1,322.3,304.0,322.0,3.87,3379.0,482.0,335.3
NYADI,9/15/2022,315.6,315.6,299.0,300.1,-6.8,6020.0,482.0,335.3
NYADI,9/16/2022,294.1,300.0,289.0,300.0,-0.03,6548.0,482.0,335.3
NYADI,9/18/2022,295.0,295.0,285.0,285.3,-4.9,3765.0,482.0,335.3
NYADI,9/20/2022,280.0,280.5,270.7,271.0,-5.01,4375.0,482.0,335.3
NYADI,9/21/2022,271.0,278.0,270.0,276.0,1.85,973.0,482.0,335.3
NYADI,9/22/2022,271.0,272.0,266.1,267.0,-3.26,1213.0,482.0,335.3
NYADI,9/25/2022,261.7,272.3,256.5,260.0,-2.62,1320.0,482.0,335.3
NYADI,9/27/2022,260.0,266.4,260.0,261.8,0.69,623.0,482.0,335.3
NYADI,9/28/2022,256.6,275.9,256.6,275.9,5.39,295.0,482.0,335.3
NYADI,9/29/2022,270.4,274.9,265.5,274.0,-0.69,1855.0,482.0,335.3
NYADI,10/9/2022,275.0,284.5,270.6,284.5,3.83,1835.0,482.0,335.3
NYADI,10/10/2022,285.0,295.0,271.0,271.0,-4.75,1726.0,482.0,335.3
NYADI,10/11/2022,266.1,276.0,262.1,275.0,1.48,946.0,482.0,335.3
NYADI,10/12/2022,269.5,282.9,264.3,280.0,1.82,1925.0,482.0,335.3
NYADI,10/13/2022,275.0,278.0,271.0,275.0,-1.79,700.0,482.0,335.3
NYADI,10/16/2022,270.0,271.0,264.6,264.6,-3.78,1611.0,482.0,335.3
NYADI,10/17/2022,259.4,264.0,251.0,261.0,-1.36,500.0,482.0,335.3
NYADI,10/19/2022,256.0,258.0,252.0,256.0,-1.92,1100.0,482.0,335.3
NYADI,10/20/2022,250.9,256.0,250.1,255.9,-0.04,1948.0,482.0,335.3
NYADI,10/23/2022,256.0,260.1,253.0,260.1,1.64,2320.0,482.0,335.3
NYADI,10/31/2022,260.6,265.8,260.6,262.0,0.73,1410.0,482.0,335.3
NYADI,11/1/2022,260.0,288.2,260.0,288.2,10.0,1584.0,482.0,335.3
NYADI,11/2/2022,293.0,297.0,279.0,292.9,1.63,2274.0,482.0,335.3
NYADI,11/3/2022,295.0,297.0,285.0,286.0,-2.36,1495.0,482.0,335.3
NYADI,11/6/2022,280.4,301.7,276.0,295.0,3.15,1884.0,482.0,335.3
NYADI,11/7/2022,290.0,300.0,286.0,286.1,-3.02,3544.0,482.0,335.3
NYADI,11/8/2022,286.0,292.7,281.1,285.0,-0.38,1195.0,482.0,335.3
NYADI,11/9/2022,280.0,284.0,276.0,276.1,-3.12,2291.0,482.0,335.3
NYADI,11/10/2022,272.0,276.5,266.6,268.2,-2.86,1833.0,482.0,335.3
NYADI,11/13/2022,263.0,270.3,263.0,265.1,-1.16,750.0,482.0,335.3
NYADI,11/14/2022,262.1,275.0,262.1,270.0,1.85,375.0,482.0,335.3
NYADI,11/15/2022,270.0,275.0,265.0,270.0,0.0,953.0,482.0,335.3
NYADI,11/16/2022,265.1,273.0,265.1,270.0,0.0,2580.0,482.0,335.3
NYADI,11/17/2022,275.0,285.0,269.5,281.9,4.41,2198.0,482.0,335.3
NYADI,11/22/2022,280.0,280.0,271.2,280.0,-0.67,1608.0,482.0,335.3
NYADI,11/23/2022,285.0,285.0,265.1,279.4,-0.21,1524.0,482.0,335.3
NYADI,11/24/2022,284.9,284.9,270.0,274.0,-1.93,4990.0,482.0,335.3
NYADI,11/27/2022,270.0,283.9,270.0,277.0,1.09,1775.0,482.0,335.3
NYADI,11/28/2022,275.1,277.5,272.1,274.1,-1.05,570.0,482.0,335.3
NYADI,11/29/2022,269.0,290.0,268.7,283.0,3.25,1200.0,482.0,335.3
NYADI,11/30/2022,278.0,278.0,272.0,278.0,-1.77,2157.0,482.0,335.3
NYADI,12/1/2022,273.0,288.0,273.0,277.1,-0.32,3062.0,482.0,335.3
NYADI,12/4/2022,273.0,295.0,273.0,278.2,0.4,1840.0,482.0,335.3
NYADI,12/5/2022,275.0,280.5,275.0,275.5,-0.97,2072.0,482.0,335.3
NYADI,12/6/2022,272.0,275.0,270.1,271.7,-1.38,1350.0,482.0,335.3
NYADI,12/7/2022,270.0,280.5,270.0,274.0,0.85,1747.0,482.0,335.3
NYADI,12/11/2022,275.0,277.0,270.0,270.0,-1.46,1090.0,482.0,335.3
NYADI,12/12/2022,269.0,271.9,266.1,271.9,0.7,1085.0,482.0,335.3
NYADI,12/13/2022,267.0,273.6,267.0,273.0,0.4,1265.0,482.0,335.3
NYADI,12/14/2022,269.1,281.0,269.1,281.0,2.93,1621.0,482.0,335.3
NYADI,12/15/2022,275.4,275.4,270.0,271.0,-3.56,620.0,482.0,335.3
NYADI,12/18/2022,266.0,269.5,264.0,264.0,-2.58,3570.0,482.0,335.3
NYADI,12/19/2022,260.1,275.0,260.1,263.2,-0.3,2120.0,482.0,335.3
NYADI,12/20/2022,258.6,274.0,258.6,268.0,1.82,2000.0,482.0,335.3
NYADI,12/21/2022,263.1,268.0,263.1,264.5,-1.31,730.0,482.0,335.3
NYADI,12/22/2022,259.3,264.0,257.0,260.1,-1.66,540.0,482.0,335.3
NYADI,12/26/2022,262.1,277.9,262.0,275.0,5.73,1531.0,482.0,335.3
NYADI,12/27/2022,280.5,295.0,274.0,286.1,4.04,14881.0,482.0,335.3
NYADI,12/28/2022,288.0,291.8,275.3,277.3,-3.08,4443.0,482.0,335.3
NYADI,12/29/2022,272.0,301.9,272.0,299.8,8.11,4942.0,482.0,335.3
NYADI,1/1/2023,295.1,307.0,294.0,295.2,-1.53,5342.0,482.0,335.3
NYADI,1/2/2023,289.3,313.0,284.2,297.2,0.68,3558.0,482.0,335.3
NYADI,1/3/2023,298.0,316.9,296.0,312.0,4.98,10016.0,482.0,335.3
NYADI,1/4/2023,318.0,326.4,301.0,326.4,4.62,6128.0,482.0,335.3
NYADI,1/5/2023,320.2,332.8,314.0,322.6,-1.16,5650.0,482.0,335.3
NYADI,1/8/2023,317.3,343.0,317.2,335.0,3.84,6060.0,482.0,335.3
NYADI,1/9/2023,333.0,349.0,333.0,349.0,4.18,11210.0,482.0,335.3
NYADI,1/10/2023,354.0,361.0,330.0,330.0,-5.44,19416.0,482.0,335.3
NYADI,1/12/2023,336.0,336.0,314.0,314.0,-4.85,8918.0,482.0,335.3
NYADI,1/17/2023,308.1,339.0,308.1,333.0,6.05,7080.0,482.0,335.3
NYADI,1/18/2023,329.0,344.0,328.4,336.0,0.9,8167.0,482.0,335.3
NYADI,1/19/2023,330.2,348.0,330.2,338.0,0.6,9377.0,482.0,335.3
NYADI,1/23/2023,338.0,346.0,315.0,326.4,-3.43,8845.0,482.0,335.3
NYADI,1/24/2023,320.0,332.0,314.1,331.0,1.41,4355.0,482.0,335.3
NYADI,1/25/2023,324.5,349.5,321.7,336.0,1.51,9416.0,482.0,335.3
NYADI,1/26/2023,342.0,345.0,330.0,344.0,2.38,14825.0,482.0,335.3
NYADI,1/29/2023,344.0,358.0,331.4,355.0,3.2,19300.0,482.0,335.3
NYADI,1/30/2023,348.0,362.0,328.6,337.0,-5.07,18883.0,482.0,335.3
NYADI,1/31/2023,330.3,338.0,326.0,335.0,-0.59,6627.0,482.0,335.3
NYADI,2/1/2023,329.0,350.0,329.0,338.0,0.9,3770.0,482.0,335.3
NYADI,2/2/2023,331.4,344.7,331.4,333.0,-1.48,4267.0,482.0,335.3
NYADI,2/5/2023,333.0,339.0,328.5,328.8,-1.26,3300.0,482.0,335.3
NYADI,2/6/2023,323.1,329.5,323.1,325.0,-1.16,1990.0,482.0,335.3
NYADI,2/7/2023,320.0,345.0,320.0,345.0,6.15,9785.0,482.0,335.3
NYADI,2/8/2023,350.0,359.9,341.1,353.1,2.35,34526.0,482.0,335.3
NYADI,2/9/2023,347.0,372.3,347.0,372.0,5.35,19056.0,482.0,335.3
NYADI,2/12/2023,364.6,366.0,352.8,360.0,-3.23,17207.0,482.0,335.3
NYADI,2/14/2023,353.0,360.0,348.3,354.0,-1.67,11541.0,482.0,335.3
NYADI,2/15/2023,347.0,361.0,341.0,353.0,-0.28,5070.0,482.0,335.3
NYADI,2/16/2023,346.0,351.0,335.0,339.0,-3.97,6775.0,482.0,335.3
NYADI,2/20/2023,335.0,348.0,327.1,343.9,1.45,7939.0,482.0,335.3
NYADI,2/22/2023,348.0,356.9,341.0,356.5,3.66,14766.0,482.0,335.3
NYADI,2/23/2023,349.4,349.4,336.0,348.9,-2.13,5170.0,482.0,335.3
NYADI,2/26/2023,342.0,348.8,328.5,348.0,-0.26,6192.0,482.0,335.3
NYADI,2/27/2023,341.1,353.0,340.0,341.5,-1.87,6934.0,482.0,335.3
NYADI,2/28/2023,338.1,359.0,338.1,349.0,2.2,8980.0,482.0,335.3
NYADI,3/1/2023,342.1,345.0,341.0,341.0,-2.29,2751.0,482.0,335.3
NYADI,3/2/2023,334.3,340.0,333.2,333.2,-2.29,3719.0,482.0,335.3
NYADI,3/5/2023,326.6,346.5,320.1,331.0,-0.66,3310.0,482.0,335.3
NYADI,3/7/2023,325.1,340.0,325.1,330.9,-0.03,3955.0,482.0,335.3
NYADI,3/9/2023,330.0,344.0,330.0,340.0,2.75,3111.0,482.0,335.3
NYADI,3/12/2023,341.0,343.0,337.2,340.0,0.0,1470.0,482.0,335.3
NYADI,3/13/2023,340.0,340.0,329.1,334.0,-1.76,1090.0,482.0,335.3
NYADI,3/14/2023,329.0,340.6,324.0,333.8,-0.06,4420.0,482.0,335.3
NYADI,3/15/2023,329.1,334.0,328.2,328.2,-1.68,7960.0,482.0,335.3
NYADI,3/16/2023,323.0,334.0,323.0,332.0,1.16,1845.0,482.0,335.3
NYADI,3/19/2023,325.4,332.0,325.4,327.3,-1.42,1985.0,482.0,335.3
NYADI,3/20/2023,325.1,352.6,325.1,352.6,7.73,3445.0,482.0,335.3
NYADI,3/22/2023,345.8,345.8,330.0,338.0,-4.14,12810.0,482.0,335.3
NYADI,3/23/2023,332.0,332.0,326.0,331.0,-2.07,1625.0,482.0,335.3
NYADI,3/26/2023,326.1,329.0,325.0,326.0,-1.51,3900.0,482.0,335.3
NYADI,3/27/2023,322.0,331.5,322.0,330.0,1.23,1270.0,482.0,335.3
NYADI,3/28/2023,325.0,341.9,325.0,328.6,-0.42,24273.0,482.0,335.3
NYADI,3/29/2023,323.2,330.0,323.2,329.9,0.4,620.0,482.0,335.3
NYADI,3/30/2023,324.0,326.1,324.0,325.6,-1.3,2425.0,482.0,335.3
NYADI,4/2/2023,320.0,323.0,320.0,321.0,-1.41,3315.0,482.0,335.3
NYADI,4/3/2023,315.2,322.0,315.2,318.8,-0.69,4167.0,482.0,335.3
NYADI,4/4/2023,313.1,340.6,312.5,340.6,6.84,1710.0,482.0,335.3
NYADI,4/5/2023,333.8,333.8,315.0,325.0,-4.58,2445.0,482.0,335.3
NYADI,4/6/2023,320.0,321.0,317.0,317.0,-2.46,2020.0,482.0,335.3
NYADI,4/9/2023,311.0,311.0,302.0,302.0,-4.73,4185.0,482.0,335.3
NYADI,4/10/2023,300.0,309.4,297.0,300.1,-0.63,750.0,482.0,335.3
NYADI,4/11/2023,295.0,312.0,295.0,308.0,2.63,1460.0,482.0,335.3
NYADI,4/12/2023,308.0,328.9,308.0,328.9,6.79,2675.0,482.0,335.3
NYADI,4/13/2023,322.4,326.0,318.0,320.0,-2.71,1460.0,482.0,335.3
NYADI,4/16/2023,315.2,319.9,309.1,312.1,-2.47,960.0,482.0,335.3
NYADI,4/17/2023,308.0,312.0,307.0,307.0,-1.63,1504.0,482.0,335.3
NYADI,4/18/2023,301.7,309.3,301.6,309.3,0.75,3310.0,482.0,335.3
NYADI,4/19/2023,303.2,315.0,303.2,310.0,0.23,1000.0,482.0,335.3
NYADI,4/20/2023,310.0,318.2,305.6,310.0,0.0,1440.0,482.0,335.3
NYADI,4/23/2023,304.0,306.0,295.0,297.0,-4.19,5428.0,482.0,335.3
NYADI,4/24/2023,296.1,302.0,296.0,300.0,1.01,1653.0,482.0,335.3
NYADI,4/25/2023,297.0,303.9,296.0,297.8,-0.73,2130.0,482.0,335.3
NYADI,4/26/2023,292.0,301.0,292.0,297.0,-0.27,1040.0,482.0,335.3
NYADI,4/27/2023,292.0,300.0,292.0,295.0,-0.67,1115.0,482.0,335.3
NYADI,4/30/2023,290.0,290.3,288.0,290.0,-1.69,2400.0,482.0,335.3
NYADI,5/2/2023,290.0,296.0,285.0,286.0,-1.38,1572.0,482.0,335.3
NYADI,5/3/2023,280.3,291.7,275.0,286.0,0.0,1018.0,482.0,335.3
NYADI,5/4/2023,280.5,286.0,278.1,280.3,-1.99,1210.0,482.0,335.3
NYADI,5/7/2023,275.0,280.0,273.0,273.0,-2.6,1260.0,482.0,335.3
NYADI,5/8/2023,275.0,278.0,268.2,273.5,0.18,2510.0,482.0,335.3
NYADI,5/9/2023,269.0,278.9,265.0,270.0,-1.28,1710.0,482.0,335.3
NYADI,5/10/2023,266.0,282.0,266.0,280.0,3.7,1250.0,482.0,335.3
NYADI,5/11/2023,280.0,283.0,266.0,272.0,-2.86,1080.0,482.0,335.3
NYADI,5/14/2023,272.0,272.0,265.6,265.6,-2.35,2255.0,482.0,335.3
NYADI,5/15/2023,260.3,270.0,260.0,264.2,-0.53,580.0,482.0,335.3
NYADI,5/16/2023,265.0,275.0,262.0,275.0,4.09,1080.0,482.0,335.3
NYADI,5/17/2023,270.3,288.1,270.0,287.9,4.69,2495.0,482.0,335.3
NYADI,5/18/2023,285.0,292.0,280.4,288.0,0.03,3005.0,482.0,335.3
NYADI,5/21/2023,285.0,290.0,278.0,280.0,-2.78,2544.0,482.0,335.3
NYADI,5/22/2023,274.4,287.6,269.1,285.0,1.79,983.0,482.0,335.3
NYADI,5/23/2023,280.5,300.9,280.5,298.0,4.56,3815.0,482.0,335.3
NYADI,5/24/2023,292.1,300.0,286.4,300.0,0.67,1995.0,482.0,335.3
NYADI,5/28/2023,295.0,299.9,283.0,285.0,-5.0,14931.0,482.0,335.3
NYADI,5/30/2023,285.0,296.2,270.0,276.1,-3.12,3620.0,482.0,335.3
NYADI,5/31/2023,270.6,280.5,265.0,266.1,-3.62,5557.0,482.0,335.3
NYADI,6/1/2023,271.4,276.8,262.0,270.1,1.5,1424.0,482.0,335.3
NYADI,6/4/2023,270.1,285.0,270.0,278.2,3.0,1893.0,482.0,335.3
NYADI,6/5/2023,280.0,285.6,270.0,274.0,-1.51,3905.0,482.0,335.3
NYADI,6/6/2023,279.4,301.0,268.6,301.0,9.85,27455.0,482.0,335.3
NYADI,6/7/2023,302.0,307.0,290.0,294.0,-2.33,17835.0,482.0,335.3
NYADI,6/8/2023,294.0,294.0,285.3,285.7,-2.82,3881.0,482.0,335.3
NYADI,6/11/2023,280.0,305.7,280.0,305.7,7.0,8338.0,482.0,335.3
NYADI,6/12/2023,304.0,309.9,294.0,302.9,-0.92,13955.0,482.0,335.3
NYADI,6/13/2023,297.0,310.0,291.5,298.0,-1.62,13378.0,482.0,335.3
NYADI,6/14/2023,295.0,309.0,295.0,300.0,0.67,8144.0,482.0,335.3
NYADI,6/15/2023,295.0,300.0,290.0,298.0,-0.67,4035.0,482.0,335.3
NYADI,6/18/2023,292.1,312.0,288.1,305.0,2.35,7974.0,482.0,335.3
NYADI,6/19/2023,305.0,311.1,298.0,299.9,-1.67,7002.0,482.0,335.3
NYADI,6/20/2023,305.0,305.0,290.0,295.8,-1.37,7153.0,482.0,335.3
NYADI,6/21/2023,295.0,306.0,279.6,285.0,-3.65,25266.0,482.0,335.3
NYADI,6/22/2023,280.0,290.0,275.0,275.0,-3.51,6984.0,482.0,335.3
NYADI,6/25/2023,280.0,301.9,270.0,285.2,3.71,17397.0,482.0,335.3
NYADI,6/26/2023,285.5,297.5,280.1,282.5,-0.95,1800.0,482.0,335.3
NYADI,6/27/2023,276.9,292.9,272.0,288.0,1.95,4170.0,482.0,335.3
NYADI,6/28/2023,282.3,288.0,277.0,287.0,-0.35,2710.0,482.0,335.3
NYADI,7/2/2023,281.3,291.5,270.5,273.1,-4.84,8404.0,482.0,335.3
NYADI,7/3/2023,270.0,285.0,265.1,273.0,-0.04,3865.0,482.0,335.3
NYADI,7/4/2023,278.4,283.9,268.0,269.8,-1.17,2770.0,482.0,335.3
NYADI,7/5/2023,265.0,271.0,261.1,263.3,-2.41,5527.0,482.0,335.3
NYADI,7/6/2023,261.5,267.0,259.7,267.0,1.41,4790.0,482.0,335.3
NYADI,7/9/2023,262.0,272.0,262.0,270.0,1.12,1415.0,482.0,335.3
NYADI,7/10/2023,264.6,275.0,261.0,266.0,-1.48,2362.0,482.0,335.3
NYADI,7/11/2023,261.0,264.0,258.0,261.0,-1.88,4491.0,482.0,335.3
NYADI,7/12/2023,265.0,274.0,259.1,273.9,4.94,4755.0,482.0,335.3
NYADI,7/13/2023,279.3,279.3,265.0,265.0,-3.25,7884.0,482.0,335.3
NYADI,7/16/2023,260.1,265.0,260.1,261.1,-1.47,1260.0,482.0,335.3
NYADI,7/17/2023,260.0,268.7,260.0,268.7,2.91,2159.0,482.0,335.3
NYADI,7/18/2023,269.0,269.0,264.0,268.9,0.07,3430.0,482.0,335.3
NYADI,7/19/2023,274.2,276.9,262.0,268.0,-0.33,2950.0,482.0,335.3
NYADI,7/20/2023,265.0,293.0,262.0,273.0,1.87,7324.0,482.0,335.3
NYADI,7/23/2023,267.8,278.4,266.1,278.3,1.94,4573.0,482.0,335.3
NYADI,7/24/2023,275.0,283.0,269.0,272.0,-2.26,3660.0,482.0,335.3
NYADI,7/25/2023,268.0,277.0,268.0,268.4,-1.32,885.0,482.0,335.3
NYADI,7/26/2023,268.4,280.0,264.0,266.0,-0.89,4225.0,482.0,335.3
NYADI,7/27/2023,266.0,266.0,260.7,264.0,-0.75,1691.0,482.0,335.3
NYADI,7/30/2023,259.0,266.5,259.0,261.3,-1.02,1190.0,482.0,335.3
NYADI,7/31/2023,260.1,272.0,260.0,261.0,-0.11,2802.0,482.0,335.3
NYADI,8/1/2023,257.0,261.0,257.0,257.0,-1.53,2585.0,482.0,335.3
NYADI,8/2/2023,254.1,259.0,254.1,256.0,-0.39,1209.0,482.0,335.3
NYADI,8/3/2023,256.0,268.0,253.1,260.0,1.56,955.0,482.0,335.3
NYADI,8/6/2023,260.0,260.0,247.0,250.2,-3.77,4540.0,482.0,335.3
NYADI,8/7/2023,245.8,260.1,245.8,248.5,-0.68,990.0,482.0,335.3
NYADI,8/8/2023,245.0,252.9,245.0,249.0,0.2,2568.0,482.0,335.3
NYADI,8/9/2023,244.3,263.0,244.2,252.0,1.2,2709.0,482.0,335.3
NYADI,8/10/2023,257.0,259.9,247.0,251.0,-0.4,1055.0,482.0,335.3
NYADI,8/13/2023,246.0,249.0,245.0,246.5,-1.79,1421.0,482.0,335.3
NYADI,8/14/2023,242.4,247.0,240.0,240.0,-2.64,5810.0,482.0,335.3
NYADI,8/15/2023,242.0,242.0,233.8,235.9,-1.71,3417.0,482.0,335.3
NYADI,8/16/2023,238.0,238.0,230.1,233.0,-1.23,2045.0,482.0,335.3
NYADI,8/17/2023,228.7,237.0,228.7,233.0,0.0,1165.0,482.0,335.3
NYADI,8/20/2023,229.0,229.7,221.5,222.0,-4.72,7281.0,482.0,335.3
NYADI,8/21/2023,219.0,225.0,219.0,223.1,0.5,2076.0,482.0,335.3
NYADI,8/22/2023,220.0,228.0,220.0,228.0,2.2,1123.0,482.0,335.3
NYADI,8/23/2023,223.5,234.6,223.5,234.6,2.89,3000.0,482.0,335.3
NYADI,8/24/2023,232.0,232.0,225.0,225.0,-4.09,1320.0,482.0,335.3
NYADI,8/27/2023,221.0,221.5,220.1,220.1,-2.18,780.0,482.0,335.3
NYADI,8/28/2023,219.1,229.5,219.1,229.4,4.23,6236.0,482.0,335.3
NYADI,8/29/2023,230.0,230.0,218.0,224.0,-2.35,3495.0,482.0,335.3
NYADI,8/30/2023,219.6,224.0,212.0,215.7,-3.71,5428.0,482.0,335.3
NYADI,9/3/2023,213.0,215.7,194.4,211.0,-2.18,9531.0,482.0,335.3
NYADI,9/4/2023,206.8,207.0,193.0,207.0,-1.9,9931.0,482.0,335.3
NYADI,9/5/2023,202.9,202.9,191.0,193.6,-6.47,9127.0,482.0,335.3
NYADI,9/7/2023,190.0,205.0,176.4,176.4,-8.88,18999.0,482.0,335.3
NYADI,9/10/2023,179.0,194.0,179.0,194.0,9.98,8299.0,482.0,335.3
NYADI,9/11/2023,197.0,203.9,188.0,200.0,3.09,10095.0,482.0,335.3
NYADI,9/12/2023,200.0,200.0,190.0,196.8,-1.6,1943.0,482.0,335.3
NYADI,9/13/2023,200.0,203.8,191.5,202.0,2.64,6000.0,482.0,335.3
NYADI,9/17/2023,199.5,199.5,188.2,191.9,-5.0,6605.0,482.0,335.3
NYADI,9/18/2023,190.0,197.6,188.1,189.0,-1.51,3770.0,482.0,335.3
NYADI,9/19/2023,190.0,207.9,185.5,204.5,8.2,6576.0,482.0,335.3
NYADI,9/21/2023,208.0,224.9,206.1,224.9,9.98,15368.0,482.0,335.3
NYADI,9/24/2023,225.0,226.0,213.0,213.0,-5.29,5591.0,482.0,335.3
NYADI,9/25/2023,209.0,222.3,209.0,214.0,0.47,7620.0,482.0,335.3
NYADI,9/26/2023,211.1,231.5,211.1,227.0,6.07,7333.0,482.0,335.3
NYADI,9/27/2023,225.0,228.0,218.3,220.0,-3.08,2796.0,482.0,335.3
NYADI,10/1/2023,216.1,224.0,208.0,209.0,-5.0,6780.0,482.0,335.3
NYADI,10/2/2023,205.1,220.5,205.1,220.0,5.26,6419.0,482.0,335.3
NYADI,10/3/2023,215.6,216.0,211.5,216.0,-1.82,1360.0,482.0,335.3
NYADI,10/4/2023,220.0,220.0,212.0,220.0,1.85,4865.0,482.0,335.3
NYADI,10/5/2023,215.6,222.3,213.9,218.0,-0.91,2403.0,482.0,335.3
NYADI,10/8/2023,218.0,218.0,209.6,211.0,-3.21,3860.0,482.0,335.3
NYADI,10/9/2023,207.0,212.0,205.1,210.0,-0.47,2455.0,482.0,335.3
NYADI,10/10/2023,205.8,208.0,196.0,206.0,-1.9,5582.0,482.0,335.3
NYADI,10/11/2023,202.0,213.0,200.0,207.9,0.92,3272.0,482.0,335.3
NYADI,10/12/2023,208.0,208.0,197.5,200.0,-3.8,3331.0,482.0,335.3
NYADI,10/16/2023,200.0,201.0,197.0,198.0,-1.0,2555.0,482.0,335.3
NYADI,10/17/2023,200.0,206.0,200.0,201.0,1.52,6172.0,482.0,335.3
NYADI,10/18/2023,201.0,208.0,199.2,202.0,0.5,3899.0,482.0,335.3
NYADI,10/19/2023,199.1,205.0,199.1,201.7,-0.15,510.0,482.0,335.3
NYADI,10/29/2023,198.0,198.0,194.2,195.0,-3.32,540.0,482.0,335.3
NYADI,10/30/2023,193.0,196.0,189.6,194.1,-0.46,2150.0,482.0,335.3
NYADI,10/31/2023,192.1,197.9,192.0,193.0,-0.57,680.0,482.0,335.3
NYADI,11/1/2023,190.0,198.0,190.0,198.0,2.59,1860.0,482.0,335.3
NYADI,11/2/2023,194.1,217.4,191.2,193.4,-2.32,1977.0,482.0,335.3
NYADI,11/5/2023,189.9,196.8,189.9,192.0,-0.72,990.0,482.0,335.3
NYADI,11/6/2023,189.0,198.2,188.0,198.2,3.23,830.0,482.0,335.3
NYADI,11/7/2023,194.4,202.1,194.4,200.0,0.91,1770.0,482.0,335.3
NYADI,11/8/2023,196.0,199.9,196.0,197.0,-1.5,1020.0,482.0,335.3
NYADI,11/9/2023,194.0,200.0,191.0,192.0,-2.54,860.0,482.0,335.3
NYADI,11/20/2023,190.0,194.8,190.0,191.0,-0.52,1500.0,482.0,335.3
NYADI,11/21/2023,188.0,190.0,187.2,189.1,-0.99,1770.0,482.0,335.3
NYADI,11/22/2023,185.7,195.8,183.0,190.8,0.9,1433.0,482.0,335.3
NYADI,11/23/2023,187.0,200.0,184.1,200.0,4.82,1120.0,482.0,335.3
NYADI,11/26/2023,203.0,204.0,196.1,204.0,2.0,2536.0,482.0,335.3
NYADI,11/27/2023,200.0,208.0,197.0,200.0,-1.96,2103.0,482.0,335.3
NYADI,11/28/2023,196.3,204.0,196.3,200.0,0.0,2497.0,482.0,335.3
NYADI,11/29/2023,196.0,204.0,194.5,201.3,0.65,1660.0,482.0,335.3
NYADI,11/30/2023,197.4,205.0,194.5,200.0,-0.65,2205.0,482.0,335.3
NYADI,12/3/2023,196.0,204.0,193.0,197.0,-1.5,1280.0,482.0,335.3
NYADI,12/4/2023,193.2,208.9,193.2,198.9,0.96,1950.0,482.0,335.3
NYADI,12/5/2023,197.1,200.0,197.1,200.0,0.55,660.0,482.0,335.3
NYADI,12/6/2023,200.0,204.0,193.0,196.9,-1.55,2280.0,482.0,335.3
NYADI,12/7/2023,193.0,203.9,193.0,199.0,1.07,2209.0,482.0,335.3
NYADI,12/10/2023,200.0,209.0,197.1,209.0,5.03,50.0,482.0,335.3
NYADI,12/11/2023,209.0,221.0,206.0,213.0,1.91,10282.0,482.0,335.3
NYADI,12/12/2023,208.8,229.0,208.8,225.8,6.01,13897.0,482.0,335.3
NYADI,12/13/2023,226.0,234.6,221.5,226.5,0.31,11209.0,482.0,335.3
NYADI,12/14/2023,225.9,229.6,219.6,229.6,1.37,9199.0,482.0,335.3
NYADI,12/17/2023,228.0,252.5,224.0,252.0,9.76,20841.0,482.0,335.3
NYADI,12/18/2023,253.1,260.1,250.1,255.0,1.19,19697.0,482.0,335.3
NYADI,12/19/2023,249.9,275.0,248.0,269.9,5.84,12698.0,482.0,335.3
NYADI,12/20/2023,273.5,273.5,256.1,269.8,-0.04,14126.0,482.0,335.3
NYADI,12/21/2023,264.9,265.0,255.0,255.0,-5.49,8929.0,482.0,335.3
NYADI,12/24/2023,250.0,264.9,245.0,248.1,-2.71,8121.0,482.0,335.3
NYADI,12/27/2023,248.0,260.0,245.3,256.0,3.18,15695.0,482.0,335.3
NYADI,12/28/2023,254.0,265.2,252.0,262.3,2.46,12841.0,482.0,335.3
NYADI,1/1/2024,262.3,288.5,262.0,282.5,7.7,59468.0,482.0,335.3
NYADI,1/2/2024,285.0,300.0,274.0,295.8,4.71,47179.0,482.0,335.3
NYADI,1/3/2024,296.0,304.0,285.0,304.0,2.77,35389.0,482.0,335.3
NYADI,1/4/2024,306.0,308.0,290.2,294.0,-3.29,29326.0,482.0,335.3
NYADI,1/7/2024,299.8,299.8,280.0,288.0,-2.04,23562.0,482.0,335.3
NYADI,1/8/2024,283.0,311.1,283.0,304.9,5.87,15879.0,482.0,335.3
NYADI,1/9/2024,310.9,310.9,289.1,292.0,-4.23,65992.0,482.0,335.3
NYADI,1/10/2024,292.0,292.0,280.0,282.1,-3.39,14681.0,482.0,335.3
NYADI,1/11/2024,278.0,287.6,275.0,287.0,1.74,9065.0,482.0,335.3
NYADI,1/14/2024,283.0,300.6,283.0,292.0,1.74,21883.0,482.0,335.3
NYADI,1/16/2024,295.0,321.2,292.0,310.0,6.16,39062.0,482.0,335.3
NYADI,1/17/2024,306.0,307.0,292.0,292.0,-5.81,22474.0,482.0,335.3
NYADI,1/18/2024,290.0,301.5,283.0,298.0,2.05,9300.0,482.0,335.3
NYADI,1/21/2024,292.1,315.0,285.1,297.7,-0.1,39270.0,482.0,335.3
NYADI,1/22/2024,292.0,295.8,285.0,285.0,-4.27,14251.0,482.0,335.3
NYADI,1/23/2024,282.2,296.4,276.0,296.4,4.0,13634.0,482.0,335.3
NYADI,1/24/2024,296.4,300.9,282.0,287.0,-3.17,10300.0,482.0,335.3
NYADI,1/25/2024,281.7,287.0,276.0,282.0,-1.74,10133.0,482.0,335.3
NYADI,1/28/2024,287.6,292.8,276.0,284.6,0.92,5291.0,482.0,335.3
NYADI,1/29/2024,279.0,289.5,279.0,287.8,1.12,7058.0,482.0,335.3
NYADI,1/30/2024,282.2,291.0,278.0,288.0,0.07,7795.0,482.0,335.3
NYADI,1/31/2024,285.0,293.7,280.0,282.1,-2.05,9500.0,482.0,335.3
NYADI,2/1/2024,287.7,287.7,269.9,273.1,-3.19,9552.0,482.0,335.3
NYADI,2/4/2024,269.2,273.0,265.1,273.0,-0.04,4318.0,482.0,335.3
NYADI,2/5/2024,272.5,278.4,268.0,270.2,-1.03,4258.0,482.0,335.3
NYADI,2/6/2024,265.0,278.8,265.0,278.8,3.18,3816.0,482.0,335.3
NYADI,2/7/2024,273.4,280.1,273.4,280.1,0.47,9585.0,482.0,335.3
NYADI,2/8/2024,275.1,290.0,275.1,287.9,2.78,16022.0,482.0,335.3
NYADI,2/11/2024,285.0,293.7,285.0,288.0,0.03,17495.0,482.0,335.3
NYADI,2/12/2024,288.0,293.7,285.0,291.0,1.04,15836.0,482.0,335.3
NYADI,2/13/2024,285.3,307.0,282.2,300.0,3.09,64758.0,482.0,335.3
NYADI,2/14/2024,294.2,324.0,294.2,316.0,5.33,64662.0,482.0,335.3
NYADI,2/15/2024,320.0,328.0,311.0,318.0,0.63,30685.0,482.0,335.3
NYADI,2/18/2024,320.0,320.0,300.1,300.2,-5.6,34810.0,482.0,335.3
NYADI,2/20/2024,305.0,305.0,290.1,294.0,-2.07,10052.0,482.0,335.3
NYADI,2/21/2024,288.4,299.7,288.4,294.9,0.31,7948.0,482.0,335.3
NYADI,2/22/2024,290.0,292.0,280.0,285.0,-3.36,18108.0,482.0,335.3
NYADI,2/25/2024,284.9,285.0,273.8,277.0,-2.81,12419.0,482.0,335.3
NYADI,2/26/2024,271.6,284.5,271.6,284.4,2.67,6245.0,482.0,335.3
NYADI,2/27/2024,278.8,294.9,278.8,292.0,2.67,12613.0,482.0,335.3
NYADI,2/28/2024,286.2,294.7,281.6,289.0,-1.03,7803.0,482.0,335.3
NYADI,2/29/2024,283.3,294.0,265.1,280.0,-3.11,5027.0,482.0,335.3
NYADI,3/3/2024,275.0,280.4,260.3,271.3,-3.11,6010.0,482.0,335.3
NYADI,3/4/2024,272.0,297.0,272.0,296.0,9.1,210.0,482.0,335.3
NYADI,3/5/2024,296.0,296.0,277.6,285.0,-3.72,9047.0,482.0,335.3
NYADI,3/6/2024,279.3,298.7,279.3,296.9,4.18,46898.0,482.0,335.3
NYADI,3/7/2024,297.8,312.7,291.0,310.3,4.51,69448.0,482.0,335.3
NYADI,3/10/2024,316.5,322.0,305.8,309.5,-0.26,9906.0,482.0,335.3
NYADI,3/12/2024,310.0,316.0,292.0,302.0,-2.42,27555.0,482.0,335.3
NYADI,3/13/2024,308.0,308.0,294.0,294.0,-2.65,15122.0,482.0,335.3
NYADI,3/14/2024,289.1,306.0,288.2,297.0,1.02,11512.0,482.0,335.3
NYADI,3/17/2024,297.0,308.9,292.0,294.0,-1.01,6399.0,482.0,335.3
NYADI,3/18/2024,291.0,299.8,291.0,295.3,0.44,9101.0,482.0,335.3
NYADI,3/19/2024,295.0,306.0,295.0,296.0,0.24,16453.0,482.0,335.3
NYADI,3/20/2024,299.9,300.0,290.2,294.0,-0.68,12788.0,482.0,335.3
NYADI,3/21/2024,296.0,297.0,291.1,291.2,-0.95,5038.0,482.0,335.3
NYADI,3/25/2024,285.5,297.0,285.0,285.0,-2.13,3623.0,482.0,335.3
NYADI,3/26/2024,282.0,299.9,282.0,298.5,4.74,11453.0,482.0,335.3
NYADI,3/27/2024,301.0,305.9,294.0,298.0,-0.17,15901.0,482.0,335.3
NYADI,3/28/2024,298.0,303.0,295.0,299.9,0.64,11698.0,482.0,335.3
NYADI,3/31/2024,299.0,319.0,299.0,315.0,5.04,71517.0,482.0,335.3
NYADI,4/1/2024,315.0,327.3,310.0,318.2,1.02,40803.0,482.0,335.3
NYADI,4/2/2024,312.1,324.0,302.0,307.0,-3.52,15420.0,482.0,335.3
NYADI,4/3/2024,302.0,318.0,302.0,318.0,3.58,14295.0,482.0,335.3
NYADI,4/4/2024,322.0,322.0,303.2,309.0,-2.83,9468.0,482.0,335.3
NYADI,4/7/2024,305.0,320.0,300.0,320.0,3.56,20972.0,482.0,335.3
NYADI,4/9/2024,318.0,320.0,307.0,315.0,-1.56,19008.0,482.0,335.3
NYADI,4/10/2024,319.0,319.0,302.0,303.0,-3.81,28508.0,482.0,335.3
NYADI,4/14/2024,299.0,313.0,299.0,305.0,0.66,16063.0,482.0,335.3
NYADI,4/15/2024,301.0,306.0,295.1,297.0,-2.62,23202.0,482.0,335.3
NYADI,4/16/2024,292.0,302.0,291.4,295.0,-0.67,4010.0,482.0,335.3
NYADI,4/18/2024,290.0,297.4,283.1,285.0,-3.39,12978.0,482.0,335.3
NYADI,4/21/2024,280.0,295.0,280.0,291.4,2.25,5721.0,482.0,335.3
NYADI,4/22/2024,297.0,300.0,288.1,296.0,1.58,26472.0,482.0,335.3
NYADI,4/24/2024,301.9,305.0,293.3,297.1,0.37,6918.0,482.0,335.3
NYADI,4/25/2024,293.1,308.0,293.1,299.9,0.94,5075.0,482.0,335.3
NYADI,4/28/2024,305.8,321.0,291.2,293.7,-2.07,24599.0,482.0,335.3
NYADI,4/29/2024,295.0,310.0,288.1,289.6,-1.4,7567.0,482.0,335.3
NYADI,4/30/2024,290.0,299.0,288.1,292.1,0.86,18346.0,482.0,335.3
NYADI,5/2/2024,289.0,296.8,289.0,291.9,-0.07,9715.0,482.0,335.3
NYADI,5/5/2024,291.1,293.0,282.9,282.9,-3.08,7995.0,482.0,335.3
NYADI,5/6/2024,280.0,296.4,280.0,285.0,0.74,4585.0,482.0,335.3
NYADI,5/7/2024,285.0,288.0,282.2,285.9,0.32,9048.0,482.0,335.3
NYADI,5/8/2024,283.0,289.9,283.0,286.0,0.03,4910.0,482.0,335.3
NYADI,5/9/2024,284.0,289.6,278.4,282.0,-1.4,6865.0,482.0,335.3
NYADI,5/12/2024,282.0,285.7,279.0,281.0,-0.35,5148.0,482.0,335.3
NYADI,5/13/2024,276.0,284.0,276.0,284.0,1.07,4436.0,482.0,335.3
NYADI,5/14/2024,281.0,295.0,281.0,291.0,2.46,7296.0,482.0,335.3
NYADI,5/15/2024,285.2,290.9,282.6,285.0,-2.06,6278.0,482.0,335.3
NYADI,5/16/2024,285.0,290.7,280.0,287.1,0.74,3610.0,482.0,335.3
NYADI,5/19/2024,292.8,298.5,281.4,286.0,-0.38,2888.0,482.0,335.3
NYADI,5/20/2024,285.0,302.0,285.0,294.2,2.87,17773.0,482.0,335.3
NYADI,5/21/2024,288.4,306.0,288.4,302.0,2.65,19869.0,482.0,335.3
NYADI,5/22/2024,300.0,308.0,296.0,299.0,-0.99,12560.0,482.0,335.3
NYADI,5/26/2024,295.0,295.8,287.0,288.0,-3.68,7203.0,482.0,335.3
NYADI,5/27/2024,288.0,299.5,283.0,293.0,1.74,3810.0,482.0,335.3
NYADI,5/29/2024,298.8,298.8,288.0,291.0,-0.68,3900.0,482.0,335.3
NYADI,5/30/2024,287.0,292.5,280.0,283.0,-2.75,10978.0,482.0,335.3
NYADI,6/2/2024,284.1,300.5,284.1,295.0,4.24,13517.0,482.0,335.3
NYADI,6/3/2024,300.0,305.0,289.4,294.6,-0.14,9385.0,482.0,335.3
NYADI,6/4/2024,290.0,295.8,288.0,288.6,-2.04,5073.0,482.0,335.3
NYADI,6/5/2024,283.3,294.2,283.3,291.0,0.83,2911.0,482.0,335.3
NYADI,6/6/2024,285.2,290.0,283.4,285.0,-2.06,8812.0,482.0,335.3
NYADI,6/9/2024,285.0,298.0,284.9,294.0,3.16,15475.0,482.0,335.3
NYADI,6/10/2024,290.0,306.3,290.0,303.0,3.06,29516.0,482.0,335.3
NYADI,6/11/2024,297.1,324.0,297.1,314.0,3.63,49088.0,482.0,335.3
NYADI,6/12/2024,311.1,320.0,303.1,308.0,-1.91,26266.0,482.0,335.3
NYADI,6/13/2024,302.0,316.0,301.0,307.0,-0.32,17399.0,482.0,335.3
NYADI,6/16/2024,301.0,311.0,301.0,306.7,-0.1,14591.0,482.0,335.3
NYADI,6/18/2024,300.6,312.0,300.6,303.5,-1.04,15301.0,482.0,335.3
NYADI,6/19/2024,298.1,307.0,298.1,304.0,0.16,15249.0,482.0,335.3
NYADI,6/20/2024,304.0,308.0,296.5,300.0,-1.32,4488.0,482.0,335.3
NYADI,6/23/2024,296.1,311.0,296.1,302.0,0.67,21540.0,482.0,335.3
NYADI,6/24/2024,308.0,314.0,303.0,310.0,2.65,34937.0,482.0,335.3
NYADI,6/25/2024,316.2,338.0,310.3,336.8,8.65,87428.0,482.0,335.3
NYADI,6/26/2024,340.0,342.9,326.0,326.9,-2.94,33150.0,482.0,335.3
NYADI,6/27/2024,330.0,330.0,319.0,319.1,-2.39,36214.0,482.0,335.3
NYADI,6/30/2024,321.0,342.5,321.0,333.0,4.36,65344.0,482.0,335.3
NYADI,7/1/2024,333.0,339.6,326.4,330.0,-0.9,12118.0,482.0,335.3
NYADI,7/2/2024,336.6,360.0,325.0,341.0,3.33,34040.0,482.0,335.3
NYADI,7/3/2024,335.0,340.3,331.0,338.0,-0.88,12884.0,482.0,335.3
NYADI,7/4/2024,333.0,339.0,323.1,327.0,-3.25,30300.0,482.0,335.3
NYADI,7/7/2024,333.2,333.2,320.6,325.0,-0.61,24504.0,482.0,335.3
NYADI,7/8/2024,318.8,331.2,318.8,328.0,0.92,11729.0,482.0,335.3
NYADI,7/9/2024,323.0,339.6,323.0,339.6,3.54,29092.0,482.0,335.3
NYADI,7/10/2024,339.0,355.0,339.0,352.0,3.65,58861.0,482.0,335.3
NYADI,7/11/2024,358.0,366.0,353.0,361.9,2.81,39766.0,482.0,335.3
NYADI,7/14/2024,369.1,380.0,353.0,359.0,-0.8,36288.0,482.0,335.3
NYADI,7/15/2024,360.0,360.0,340.2,350.0,-2.51,38250.0,482.0,335.3
NYADI,7/16/2024,350.0,381.0,348.0,375.0,7.14,32405.0,482.0,335.3
NYADI,7/17/2024,368.0,379.0,362.1,370.0,-1.33,30485.0,482.0,335.3
NYADI,7/18/2024,370.0,377.0,360.8,361.0,-2.43,46571.0,482.0,335.3
NYADI,7/21/2024,365.4,370.5,358.0,359.9,-0.3,30945.0,482.0,335.3
NYADI,7/22/2024,359.9,367.0,350.0,365.0,1.42,31203.0,482.0,335.3
NYADI,7/23/2024,362.0,380.0,362.0,377.0,3.29,34583.0,482.0,335.3
NYADI,7/24/2024,377.0,397.5,370.0,380.0,0.8,62599.0,482.0,335.3
NYADI,7/25/2024,387.5,387.5,365.0,375.0,-1.32,33758.0,482.0,335.3
NYADI,7/28/2024,370.0,385.0,351.0,368.0,-1.87,40422.0,482.0,335.3
NYADI,7/29/2024,375.0,389.9,365.0,372.0,1.09,57362.0,482.0,335.3
NYADI,7/30/2024,372.0,380.0,365.0,376.9,1.32,28794.0,482.0,335.3
NYADI,7/31/2024,370.0,386.0,370.0,380.0,0.82,37259.0,482.0,335.3
NYADI,8/1/2024,387.4,387.4,366.0,372.0,-2.11,39247.0,482.0,335.3
NYADI,8/5/2024,365.0,382.5,360.1,375.0,0.81,30281.0,482.0,335.3
NYADI,8/6/2024,382.5,382.5,337.5,355.0,-5.33,50175.0,482.0,335.3
NYADI,8/7/2024,360.0,370.0,343.0,370.0,4.23,37351.0,482.0,335.3
NYADI,8/8/2024,370.0,376.0,352.0,361.0,-2.43,19933.0,482.0,335.3
NYADI,8/11/2024,362.0,373.0,357.0,367.0,1.66,29121.0,482.0,335.3
NYADI,8/12/2024,364.0,375.0,364.0,372.0,1.36,53652.0,482.0,335.3
NYADI,8/13/2024,378.0,409.2,375.0,409.1,9.97,125230.0,482.0,335.3
NYADI,8/14/2024,417.2,436.4,412.0,431.0,5.35,62151.0,482.0,335.3
NYADI,8/15/2024,426.0,434.5,415.0,415.1,-3.69,41981.0,482.0,335.3
NYADI,8/18/2024,415.0,431.0,380.0,380.0,-8.46,38504.0,482.0,335.3
NYADI,8/21/2024,383.0,400.0,383.0,384.0,1.05,31410.0,482.0,335.3
NYADI,8/22/2024,380.2,418.8,380.2,386.0,0.52,31474.0,482.0,335.3
NYADI,8/25/2024,381.1,401.0,367.0,369.0,-4.4,22427.0,482.0,335.3
NYADI,8/27/2024,361.7,369.2,350.0,360.0,-2.44,20808.0,482.0,335.3
NYADI,8/28/2024,367.2,374.5,350.1,350.1,-2.75,13756.0,482.0,335.3
NYADI,8/29/2024,355.0,365.0,350.0,358.4,2.37,22500.0,482.0,335.3
NYADI,9/1/2024,351.3,366.0,350.0,350.0,-2.34,8302.0,482.0,335.3
NYADI,9/2/2024,343.1,369.2,340.5,358.2,2.34,27040.0,482.0,335.3
NYADI,9/3/2024,360.4,378.9,358.0,365.0,1.9,30837.0,482.0,335.3
NYADI,9/4/2024,368.0,374.0,340.0,368.0,0.82,23583.0,482.0,335.3
NYADI,9/5/2024,370.0,370.0,348.1,350.0,-4.89,15269.0,482.0,335.3
NYADI,9/8/2024,357.0,372.0,345.8,351.0,0.29,12240.0,482.0,335.3
NYADI,9/9/2024,344.0,372.0,340.5,349.9,-0.31,16470.0,482.0,335.3
NYADI,9/10/2024,350.0,362.0,339.5,344.0,-1.69,7959.0,482.0,335.3
NYADI,9/11/2024,337.2,364.0,334.4,340.0,-1.16,6402.0,482.0,335.3
NYADI,9/12/2024,333.3,360.0,333.3,350.0,2.94,9412.0,482.0,335.3
NYADI,9/15/2024,357.0,362.9,338.0,347.0,-0.86,14788.0,482.0,335.3
NYADI,9/16/2024,340.1,351.0,327.1,340.1,-1.99,11381.0,482.0,335.3
NYADI,9/18/2024,333.3,338.0,319.0,333.0,-2.09,15047.0,482.0,335.3
NYADI,9/22/2024,339.6,360.1,314.1,323.0,-3.0,23194.0,482.0,335.3
NYADI,9/23/2024,324.0,335.9,299.2,304.9,-5.6,23529.0,482.0,335.3
NYADI,9/24/2024,298.9,308.9,288.5,294.0,-3.57,11828.0,482.0,335.3
NYADI,9/25/2024,294.0,323.4,283.3,323.4,10.0,14294.0,482.0,335.3
NYADI,9/26/2024,329.8,329.8,300.0,303.0,-6.31,9398.0,482.0,335.3
NYADI,9/29/2024,306.0,306.0,286.8,293.0,-3.3,7951.0,482.0,335.3
NYADI,9/30/2024,287.2,306.0,285.1,306.0,4.44,4768.0,482.0,335.3
NYADI,10/1/2024,305.0,336.0,295.1,336.0,9.8,17870.0,482.0,335.3
NYADI,10/2/2024,329.3,329.3,303.0,305.1,-9.2,22205.0,482.0,335.3
NYADI,10/6/2024,311.2,335.6,299.0,335.6,10.0,9947.0,482.0,335.3
NYADI,10/7/2024,342.3,342.3,317.0,324.0,-3.46,21442.0,482.0,335.3
NYADI,10/8/2024,330.4,330.4,317.4,330.0,1.85,9973.0,482.0,335.3
NYADI,10/9/2024,334.0,335.0,318.6,320.0,-3.03,4464.0,482.0,335.3
NYADI,10/15/2024,314.6,328.4,314.0,324.0,1.25,9395.0,482.0,335.3
NYADI,10/16/2024,330.4,330.4,318.0,323.0,-0.31,10709.0,482.0,335.3
NYADI,10/17/2024,316.6,340.0,316.6,318.5,-1.39,30262.0,482.0,335.3
NYADI,10/20/2024,313.0,317.0,306.1,308.5,-3.14,13506.0,482.0,335.3
NYADI,10/21/2024,302.4,314.0,297.1,305.0,-1.13,11871.0,482.0,335.3
NYADI,10/22/2024,300.1,312.0,299.0,312.0,2.3,13129.0,482.0,335.3
NYADI,10/23/2024,308.0,310.0,302.0,308.0,-1.28,9821.0,482.0,335.3
NYADI,10/24/2024,313.0,313.0,305.0,309.9,0.62,8348.0,482.0,335.3
NYADI,10/27/2024,310.0,310.0,299.9,302.0,-2.55,12706.0,482.0,335.3
NYADI,10/28/2024,302.0,310.0,300.0,310.0,2.65,6067.0,482.0,335.3
NYADI,10/29/2024,310.0,318.8,305.5,318.0,2.58,9340.0,482.0,335.3
NYADI,10/30/2024,318.0,319.0,307.0,307.0,-3.46,8365.0,482.0,335.3
NYADI,11/5/2024,306.0,323.0,302.1,317.0,3.26,7320.0,482.0,335.3
NYADI,11/6/2024,317.0,320.0,306.2,317.0,0.0,11415.0,482.0,335.3
NYADI,11/10/2024,310.8,342.0,310.7,336.5,6.15,52225.0,482.0,335.3
NYADI,11/11/2024,335.0,345.0,333.0,337.0,0.15,38125.0,482.0,335.3
NYADI,11/12/2024,337.0,342.0,333.5,339.0,0.59,13817.0,482.0,335.3
NYADI,11/13/2024,339.0,360.9,325.9,360.9,6.46,52943.0,482.0,335.3
NYADI,11/14/2024,358.0,365.0,352.0,353.9,-1.94,38689.0,482.0,335.3
NYADI,11/17/2024,350.0,374.0,350.0,352.3,-0.45,16545.0,482.0,335.3
NYADI,11/19/2024,346.0,350.0,330.1,337.0,-4.34,35939.0,482.0,335.3
NYADI,11/20/2024,337.0,343.3,324.0,343.3,1.87,9043.0,482.0,335.3
NYADI,11/21/2024,337.0,342.6,336.1,336.1,-2.1,13716.0,482.0,335.3
NYADI,11/24/2024,334.0,349.5,328.0,330.0,-1.81,9784.0,482.0,335.3
NYADI,11/25/2024,336.0,343.2,325.2,334.0,1.21,6925.0,482.0,335.3
NYADI,11/26/2024,334.0,340.0,329.1,340.0,1.8,13863.0,482.0,335.3
NYADI,11/27/2024,335.0,365.0,335.0,357.0,5.0,55421.0,482.0,335.3
NYADI,11/28/2024,354.1,355.1,345.0,347.8,-2.58,23732.0,482.0,335.3
NYADI,12/1/2024,354.0,354.0,335.2,338.1,-2.79,10472.0,482.0,335.3
NYADI,12/2/2024,340.0,351.3,333.2,336.2,-0.56,15864.0,482.0,335.3
NYADI,12/3/2024,336.0,364.0,336.0,348.7,3.72,20616.0,482.0,335.3
NYADI,12/4/2024,342.0,357.0,342.0,352.0,0.95,29965.0,482.0,335.3
NYADI,12/5/2024,345.1,352.0,340.1,340.1,-3.38,7358.0,482.0,335.3
NYADI,12/8/2024,338.1,346.9,332.1,335.0,-1.5,23951.0,482.0,335.3
NYADI,12/9/2024,331.1,349.0,331.1,338.0,0.9,17355.0,482.0,335.3
NYADI,12/10/2024,344.7,365.0,341.0,353.9,4.7,67442.0,482.0,335.3
NYADI,12/11/2024,358.5,389.2,348.2,389.2,9.97,103376.0,482.0,335.3
NYADI,12/12/2024,396.9,402.0,380.3,380.3,-2.29,61776.0,482.0,335.3
NYADI,12/16/2024,372.7,373.0,360.1,364.0,-4.29,51241.0,482.0,335.3
NYADI,12/17/2024,358.0,372.3,358.0,366.8,0.77,29965.0,482.0,335.3
NYADI,12/18/2024,360.0,371.0,355.0,365.7,-0.3,18953.0,482.0,335.3
NYADI,12/19/2024,373.0,373.0,350.3,358.0,-2.11,57127.0,482.0,335.3
NYADI,12/22/2024,351.9,393.8,351.2,393.8,10.0,101619.0,482.0,335.3
NYADI,12/23/2024,401.6,433.1,401.6,407.0,3.35,147560.0,482.0,335.3
NYADI,12/24/2024,402.0,443.0,402.0,442.0,8.6,198425.0,482.0,335.3
NYADI,12/26/2024,450.8,465.0,428.0,430.0,-2.71,92178.0,482.0,335.3
NYADI,12/29/2024,438.0,473.0,428.0,428.0,-0.47,172351.0,482.0,335.3
NYADI,12/31/2024,421.0,436.5,407.0,436.5,1.99,82331.0,482.0,335.3
NYADI,1/1/2025,427.8,455.9,420.0,450.0,3.09,100930.0,482.0,335.3
NYADI,1/2/2025,450.0,495.0,443.0,495.0,10.0,436878.0,482.0,335.3
NYADI,1/5/2025,504.9,526.0,504.7,505.0,2.02,120960.0,482.0,335.3
NYADI,1/6/2025,494.9,542.6,494.9,533.0,5.54,119258.0,482.0,335.3
NYADI,1/7/2025,543.6,586.3,516.0,586.3,10.0,105874.0,482.0,335.3
NYADI,1/8/2025,574.6,644.9,555.0,641.0,9.33,377934.0,482.0,335.3
NYADI,1/9/2025,628.2,693.0,576.9,690.0,7.64,261046.0,482.0,335.3
NYADI,1/12/2025,676.2,676.2,621.0,621.0,-10.0,5849.0,482.0,335.3
NYADI,1/13/2025,608.6,676.0,558.9,650.0,4.67,497570.0,482.0,335.3
NYADI,1/15/2025,637.0,637.0,585.0,585.0,-10.0,88418.0,482.0,335.3
NYADI,1/16/2025,573.3,612.0,543.5,545.2,-6.8,149647.0,482.0,335.3
NYADI,1/19/2025,534.3,552.8,527.3,544.0,-0.22,81136.0,482.0,335.3
NYADI,1/20/2025,554.7,563.0,542.1,558.0,2.57,82273.0,482.0,335.3
NYADI,1/21/2025,558.0,603.9,558.0,600.0,7.53,265031.0,482.0,335.3
NYADI,1/22/2025,600.0,648.0,590.0,605.0,0.83,130878.0,482.0,335.3
NYADI,1/23/2025,592.9,609.0,591.0,593.0,-1.98,121276.0,482.0,335.3
NYADI,1/26/2025,590.0,613.3,585.0,585.0,-1.35,105035.0,482.0,335.3
NYADI,1/27/2025,587.3,643.5,586.0,643.5,10.0,285777.0,482.0,335.3
NYADI,1/28/2025,656.3,707.8,656.3,707.8,9.99,135203.0,482.0,335.3
NYADI,2/2/2025,721.9,778.5,721.9,778.5,9.99,255136.0,482.0,335.3
NYADI,2/3/2025,794.0,856.0,764.4,764.4,-1.81,221211.0,482.0,335.3
NYADI,2/4/2025,779.6,840.0,764.4,827.0,8.19,215160.0,482.0,335.3
NYADI,2/5/2025,810.5,810.5,770.0,781.0,-5.56,54770.0,482.0,335.3
NYADI,2/6/2025,765.4,838.0,759.5,775.0,-0.77,121016.0,482.0,335.3
NYADI,2/9/2025,759.5,780.0,726.0,740.0,-4.52,126071.0,482.0,335.3
NYADI,2/10/2025,727.0,830.2,727.0,814.0,10.0,170840.0,482.0,335.3
NYADI,2/11/2025,820.0,880.0,769.6,806.8,-0.88,434504.0,482.0,335.3
NYADI,2/12/2025,790.7,869.0,726.2,868.0,7.59,398999.0,482.0,335.3
NYADI,2/13/2025,850.7,850.7,781.2,781.2,-10.0,27825.0,482.0,335.3
NYADI,2/16/2025,765.6,765.6,703.1,703.1,-10.0,311673.0,482.0,335.3
NYADI,2/17/2025,689.1,714.0,666.0,700.0,-0.44,102609.0,482.0,335.3
NYADI,2/18/2025,700.0,702.0,681.0,692.9,-1.01,102696.0,482.0,335.3
NYADI,2/20/2025,679.1,696.9,669.0,669.0,-3.45,60759.0,482.0,335.3
NYADI,2/23/2025,656.2,700.0,643.1,658.2,-1.61,98946.0,482.0,335.3
NYADI,2/24/2025,671.0,671.0,633.0,635.0,-3.52,170888.0,482.0,335.3
NYADI,2/25/2025,647.7,647.7,616.0,620.0,-2.36,74561.0,482.0,335.3
NYADI,2/27/2025,619.0,644.0,610.0,610.0,-1.61,71206.0,482.0,335.3
NYADI,3/2/2025,610.0,671.0,610.0,670.6,9.93,275459.0,482.0,335.3
NYADI,3/3/2025,674.0,674.0,634.0,637.0,-5.01,96081.0,482.0,335.3
NYADI,3/4/2025,649.7,649.7,606.4,611.1,-4.07,134650.0,482.0,335.3
NYADI,3/5/2025,622.0,634.0,576.3,587.0,-3.94,188596.0,482.0,335.3
NYADI,3/6/2025,598.0,621.0,596.0,610.0,3.92,86397.0,482.0,335.3
NYADI,3/9/2025,622.1,622.1,587.0,600.0,-1.64,43537.0,482.0,335.3
NYADI,3/10/2025,600.0,610.0,589.5,590.0,-1.67,39970.0,482.0,335.3
NYADI,3/11/2025,600.0,600.0,566.5,569.9,-3.41,52788.0,482.0,335.3
NYADI,3/12/2025,578.0,586.5,560.0,580.0,1.77,48610.0,482.0,335.3
NYADI,3/16/2025,570.9,597.0,570.0,587.0,1.21,53270.0,482.0,335.3
NYADI,3/17/2025,598.7,598.7,576.1,590.0,0.51,33021.0,482.0,335.3
NYADI,3/18/2025,578.2,601.0,578.2,588.0,-0.34,40684.0,482.0,335.3
NYADI,3/19/2025,599.7,599.7,576.0,584.2,-0.65,26868.0,482.0,335.3
NYADI,3/20/2025,590.8,591.0,567.0,571.7,-2.14,37629.0,482.0,335.3
NYADI,3/23/2025,578.0,594.0,555.0,560.48,-1.96,32665.0,482.0,335.3
NYADI,3/24/2025,555.0,580.0,552.1,573.5,2.32,32665.0,482.0,335.3
NYADI,3/25/2025,575.0,575.0,553.0,562.92,-1.84,26404.0,482.0,335.3
NYADI,3/26/2025,574.0,574.0,552.0,571.1,1.45,26691.0,482.0,335.3
NYADI,3/27/2025,559.8,582.0,559.8,576.8,1.0,38777.0,482.0,335.3
NYADI,3/30/2025,579.0,603.9,575.3,596.4,3.4,59300.0,482.0,335.3
NYADI,4/1/2025,600.0,609.0,591.6,605.98,1.61,66647.0,482.0,335.3
NYADI,4/2/2025,594.0,656.0,594.0,644.89,6.42,136669.0,482.0,335.3
NYADI,4/3/2025,640.0,663.9,624.0,631.89,-2.02,63585.0,482.0,335.3
NYADI,4/7/2025,644.5,644.5,605.0,607.5,-3.86,43048.0,482.0,335.3
NYADI,4/8/2025,600.0,631.0,580.1,609.32,0.3,70556.0,482.0,335.3
NYADI,4/9/2025,597.2,626.9,597.2,613.03,0.61,41199.0,482.0,335.3
NYADI,4/10/2025,600.8,630.0,596.2,598.58,-2.36,34814.0,482.0,335.3
NYADI,4/13/2025,598.0,598.0,550.0,570.72,-4.65,87116.0,482.0,335.3
NYADI,4/15/2025,559.4,603.7,559.4,598.64,4.89,84119.0,482.0,335.3
NYADI,4/16/2025,586.7,601.0,580.0,588.97,-1.62,37569.0,482.0,335.3
NYADI,4/17/2025,591.0,591.0,568.4,580.27,-1.48,60821.0,482.0,335.3
NYADI,4/20/2025,580.0,603.0,557.0,561.83,-3.18,55415.0,482.0,335.3
NYADI,4/21/2025,562.3,569.0,555.0,558.27,-0.63,31311.0,482.0,335.3
NYADI,4/22/2025,547.2,571.0,547.2,558.46,0.03,31132.0,482.0,335.3
NYADI,4/23/2025,569.5,569.5,547.5,549.29,-1.64,28878.0,482.0,335.3
NYADI,4/24/2025,551.0,560.0,541.3,546.21,-0.56,39158.0,482.0,335.3
NYADI,4/27/2025,542.5,560.0,542.5,552.62,1.17,37202.0,482.0,335.3
NYADI,4/28/2025,542.0,579.9,542.0,562.51,1.79,49323.0,482.0,335.3
NYADI,4/29/2025,560.0,565.0,543.0,547.33,-2.7,20246.0,482.0,335.3
NYADI,4/30/2025,536.4,555.9,536.0,538.53,-1.61,28458.0,482.0,335.3
NYADI,5/4/2025,527.8,554.9,521.6,527.88,-1.98,28587.0,482.0,335.3
NYADI,5/5/2025,521.0,532.0,510.0,516.38,-2.18,31397.0,482.0,335.3
NYADI,5/6/2025,517.0,525.0,504.7,507.67,-1.69,24996.0,482.0,335.3
NYADI,5/7/2025,498.0,498.0,456.9,484.85,-4.5,130918.0,482.0,335.3
NYADI,5/8/2025,485.0,494.9,474.0,480.22,-0.95,69521.0,482.0,335.3
NYADI,5/11/2025,471.0,506.0,466.0,470.3,-2.07,53035.0,482.0,335.3
NYADI,5/13/2025,460.9,488.0,460.9,479.99,2.06,56756.0,482.0,335.3
NYADI,5/14/2025,475.0,483.0,468.0,469.06,-2.28,15854.0,482.0,335.3
NYADI,5/15/2025,478.4,478.4,450.0,452.47,-3.54,40014.0,482.0,335.3
NYADI,5/18/2025,444.0,450.0,426.0,438.22,-3.15,35118.0,482.0,335.3
NYADI,5/19/2025,437.5,446.8,416.0,429.13,-2.07,25689.0,482.0,335.3
NYADI,5/20/2025,420.6,437.0,412.2,427.13,-0.47,27680.0,482.0,335.3
NYADI,5/21/2025,435.0,469.8,421.0,426.94,-0.04,29804.0,482.0,335.3
NYADI,5/22/2025,427.0,432.0,411.6,422.61,-1.01,31885.0,482.0,335.3
NYADI,5/25/2025,415.1,428.3,415.0,423.13,0.12,24237.0,482.0,335.3
NYADI,5/26/2025,431.0,440.0,419.0,419.6,-0.83,18760.0,482.0,335.3
NYADI,5/27/2025,426.0,426.0,415.3,419.59,-0.0,15910.0,482.0,335.3
NYADI,5/28/2025,414.1,423.0,414.1,417.51,-0.5,37039.0,482.0,335.3
NYADI,6/2/2025,425.8,458.0,411.0,447.87,7.27,49234.0,482.0,335.3
NYADI,6/3/2025,447.0,456.5,438.1,441.89,-1.34,38642.0,482.0,335.3
NYADI,6/4/2025,434.4,449.0,430.1,436.01,-1.33,13487.0,482.0,335.3
NYADI,6/5/2025,436.0,439.0,421.0,427.69,-1.91,30178.0,482.0,335.3
NYADI,6/8/2025,428.0,436.2,420.0,430.96,0.76,10976.0,482.0,335.3
NYADI,6/9/2025,439.0,455.0,422.1,446.7,3.65,34033.0,482.0,335.3
NYADI,6/10/2025,446.9,455.8,441.0,444.25,-0.55,16458.0,482.0,335.3
NYADI,6/11/2025,438.2,445.0,430.3,432.48,-2.65,22188.0,482.0,335.3
NYADI,6/12/2025,423.9,440.0,423.9,430.13,-0.54,25513.0,482.0,335.3
NYADI,6/15/2025,438.0,453.0,429.0,429.85,-0.07,19900.0,482.0,335.3
NYADI,6/16/2025,438.0,448.8,436.1,437.95,1.88,48369.0,482.0,335.3
NYADI,6/17/2025,437.0,442.0,433.9,439.2,0.29,5919.0,482.0,335.3
NYADI,6/18/2025,447.0,447.5,431.0,435.75,-0.79,23112.0,482.0,335.3
NYADI,6/19/2025,444.4,444.4,413.1,421.1,-3.36,68486.0,482.0,335.3
NYADI,6/22/2025,418.0,422.0,410.0,413.08,-1.9,35954.0,482.0,335.3
NYADI,6/23/2025,414.0,420.0,398.0,406.79,-1.52,18061.0,482.0,335.3
NYADI,6/24/2025,410.0,419.0,407.1,412.48,1.4,11923.0,482.0,335.3
NYADI,6/25/2025,420.7,424.0,412.0,420.2,1.87,28059.0,482.0,335.3
NYADI,6/26/2025,420.0,447.1,420.0,444.56,5.8,99793.0,482.0,335.3
NYADI,6/29/2025,445.0,445.1,433.2,436.15,-1.89,34190.0,482.0,335.3
NYADI,6/30/2025,444.8,444.8,427.0,428.11,-1.84,21861.0,482.0,335.3
NYADI,7/1/2025,436.6,470.9,424.0,470.36,9.87,118789.0,482.0,335.3
NYADI,7/2/2025,479.7,510.0,479.7,492.95,4.8,124748.0,482.0,335.3
NYADI,7/3/2025,493.0,502.0,478.0,481.01,-2.42,73046.0,482.0,335.3
NYADI,7/6/2025,471.4,491.0,470.0,471.27,-2.02,70375.0,482.0,335.3
NYADI,7/7/2025,471.0,493.0,464.6,465.87,-1.15,39611.0,482.0,335.3
NYADI,7/8/2025,459.1,476.0,459.1,469.16,0.71,28341.0,482.0,335.3
NYADI,7/9/2025,469.0,492.5,468.0,486.72,3.74,80338.0,482.0,335.3
NYADI,7/10/2025,496.4,496.4,480.0,481.35,-1.1,56006.0,482.0,335.3
NYADI,7/13/2025,490.9,499.0,457.2,458.7,-4.71,60368.0,482.0,335.3
NYADI,7/14/2025,459.0,466.0,450.3,456.93,-0.39,28849.0,482.0,335.3
NYADI,7/15/2025,447.8,464.0,447.8,453.92,-0.66,46759.0,482.0,335.3
NYADI,7/16/2025,462.0,462.9,450.1,455.06,0.25,49131.0,482.0,335.3
NYADI,7/17/2025,460.0,474.8,458.0,471.84,3.69,59168.0,482.0,335.3
NYADI,7/20/2025,472.0,487.0,467.0,473.1,0.27,67956.0,482.0,335.3
NYADI,7/21/2025,468.0,475.0,458.7,468.6,-0.95,75578.0,482.0,335.3
NYADI,7/22/2025,468.0,487.5,463.6,479.19,2.26,62281.0,482.0,335.3
NYADI,7/23/2025,479.0,480.0,468.0,468.6,-2.21,28262.0,482.0,335.3
NYADI,7/24/2025,470.0,484.0,465.2,473.87,1.12,50836.0,482.0,335.3
NYADI,7/27/2025,483.3,483.3,455.0,458.71,-3.2,56935.0,482.0,335.3
NYADI,7/28/2025,457.1,462.0,449.0,460.14,0.31,44696.0,482.0,335.3
NYADI,7/29/2025,461.0,480.0,459.0,465.88,1.25,52675.0,482.0,335.3
NYADI,7/30/2025,462.1,470.0,454.0,454.87,-2.36,26482.0,482.0,335.3
NYADI,7/31/2025,454.0,463.0,450.8,453.26,-0.35,22012.0,482.0,335.3
NYADI,8/3/2025,448.0,457.0,445.0,446.11,-1.58,18896.0,482.0,335.3
NYADI,8/4/2025,440.0,463.9,437.0,444.45,-0.37,16202.0,482.0,335.3
NYADI,8/5/2025,438.0,453.0,437.1,439.65,-1.08,17630.0,482.0,335.3
NYADI,8/6/2025,435.0,445.0,428.6,430.4,-2.1,19821.0,482.0,335.3
NYADI,8/7/2025,429.6,438.0,428.0,430.79,0.09,21804.0,482.0,335.3
NYADI,8/11/2025,432.1,443.0,427.1,428.27,-0.58,23375.0,482.0,335.3
NYADI,8/12/2025,425.0,431.4,423.2,424.93,-0.78,13339.0,482.0,335.3
NYADI,8/13/2025,432.0,435.0,417.0,422.38,-0.6,11055.0,482.0,335.3
NYADI,8/14/2025,419.0,426.0,410.7,417.53,-1.15,28403.0,482.0,335.3
NYADI,8/17/2025,417.0,425.5,412.0,418.51,0.23,15251.0,482.0,335.3
NYADI,8/18/2025,426.4,434.5,418.0,430.26,2.81,27015.0,482.0,335.3
NYADI,8/19/2025,431.0,435.0,426.0,426.39,-0.9,10576.0,482.0,335.3
NYADI,8/20/2025,422.1,447.7,422.1,437.87,2.69,41186.0,482.0,335.3
NYADI,8/21/2025,432.0,443.0,430.0,432.09,-1.32,13692.0,482.0,335.3
NYADI,8/24/2025,430.0,438.0,425.0,426.82,-1.22,8120.0,482.0,335.3
NYADI,8/25/2025,429.0,430.0,422.0,428.72,0.45,10380.0,482.0,335.3
NYADI,8/26/2025,436.0,436.0,420.0,422.38,-1.48,8255.0,482.0,335.3
NYADI,8/27/2025,419.0,430.0,418.9,429.1,1.59,16839.0,482.0,335.3
NYADI,8/28/2025,420.6,435.0,420.2,421.53,-1.76,13388.0,482.0,335.3
NYADI,8/31/2025,414.1,425.0,414.1,418.93,-0.62,5921.0,482.0,335.3
NYADI,9/1/2025,411.0,440.0,411.0,416.37,-0.61,6405.0,482.0,335.3
NYADI,9/2/2025,416.0,421.0,410.0,413.06,-0.79,14210.0,482.0,335.3
NYADI,9/3/2025,405.3,419.9,405.0,405.39,-1.86,10845.0,482.0,335.3
NYADI,9/4/2025,398.1,422.0,398.1,408.41,0.74,10773.0,482.0,335.3
NYADI,9/7/2025,400.6,433.2,400.6,409.96,0.38,10002.0,482.0,335.3
NYADI,9/8/2025,402.0,406.0,398.0,399.62,-2.52,14511.0,482.0,335.3
NYADI,9/18/2025,391.7,392.0,384.2,385.0,-3.66,3220.0,482.0,335.3
NYADI,9/21/2025,377.3,405.0,375.0,404.0,4.94,19232.0,482.0,335.3
NYADI,9/23/2025,404.0,427.0,402.0,419.0,3.71,14879.0,482.0,335.3
NYADI,9/24/2025,410.7,425.3,410.7,418.0,-0.24,5058.0,482.0,335.3
NYADI,9/25/2025,410.0,418.0,410.0,416.4,-0.38,2730.0,482.0,335.3
NYADI,9/28/2025,416.0,416.9,410.0,416.9,0.12,3506.0,482.0,335.3
NYADI,10/7/2025,420.0,420.0,392.0,395.0,-5.25,8408.0,482.0,335.3
NYADI,10/8/2025,393.1,400.0,393.0,400.0,1.27,5805.0,482.0,335.3
NYADI,10/9/2025,408.0,416.0,403.0,411.9,2.97,12395.0,482.0,335.3
NYADI,10/12/2025,403.9,404.0,372.5,390.0,-5.32,30987.0,482.0,335.3
NYADI,10/13/2025,382.2,390.0,375.1,386.0,-1.03,5856.0,482.0,335.3
NYADI,10/14/2025,384.0,389.9,378.3,378.4,-1.97,7509.0,482.0,335.3
NYADI,10/15/2025,375.0,382.5,362.6,369.6,-2.33,8700.0,482.0,335.3
NYADI,10/16/2025,370.0,370.0,363.2,363.2,-1.73,1416.0,482.0,335.3
NYADI,10/19/2025,356.0,368.0,356.0,362.0,-0.33,2585.0,482.0,335.3
NYADI,10/26/2025,360.0,360.0,354.0,360.0,-0.55,6848.0,482.0,335.3
NYADI,10/28/2025,359.0,396.0,359.0,396.0,10.0,32342.0,482.0,335.3
NYADI,10/29/2025,403.9,433.5,403.9,421.0,6.31,56866.0,482.0,335.3
NYADI,10/30/2025,429.4,429.4,413.0,419.0,-0.48,15839.0,482.0,335.3
NYADI,11/2/2025,424.9,430.0,406.7,421.9,0.69,42913.0,482.0,335.3
NYADI,11/3/2025,420.0,425.0,409.3,412.0,-2.35,8485.0,482.0,335.3
NYADI,11/4/2025,405.0,431.0,397.6,400.0,-2.91,10398.0,482.0,335.3
NYADI,11/5/2025,407.9,410.0,401.1,409.0,2.25,6795.0,482.0,335.3
NYADI,11/6/2025,404.0,410.0,400.0,404.0,-1.22,11895.0,482.0,335.3
NYADI,11/9/2025,400.1,400.1,387.5,390.0,-3.47,12935.0,482.0,335.3
NYADI,11/10/2025,396.0,397.8,385.3,387.0,-0.77,7682.0,482.0,335.3
NYADI,11/11/2025,385.0,390.6,382.0,385.3,-0.44,8131.0,482.0,335.3
NYADI,11/12/2025,393.0,393.0,382.2,387.9,0.67,6685.0,482.0,335.3
NYADI,11/13/2025,381.1,395.0,381.1,389.9,0.52,7698.0,482.0,335.3
NYADI,11/16/2025,384.1,392.1,383.0,389.7,-0.05,4912.0,482.0,335.3
NYADI,11/17/2025,382.2,393.0,382.2,393.0,0.85,3260.0,482.0,335.3
NYADI,11/18/2025,385.2,404.9,385.2,404.9,3.03,13008.0,482.0,335.3
NYADI,11/19/2025,397.0,410.1,389.0,394.0,-2.69,10849.0,482.0,335.3
NYADI,11/20/2025,386.2,403.0,386.2,396.8,0.71,8194.0,482.0,335.3
NYADI,11/23/2025,390.0,407.0,390.0,401.7,1.23,15327.0,482.0,335.3
NYADI,11/24/2025,393.7,410.0,393.7,407.6,1.47,10514.0,482.0,335.3
NYADI,11/25/2025,399.5,414.5,399.5,403.0,-1.13,12072.0,482.0,335.3
NYADI,11/26/2025,395.0,410.9,395.0,407.0,0.99,11464.0,482.0,335.3
NYADI,11/27/2025,398.9,410.0,398.9,405.0,-0.49,7322.0,482.0,335.3
NYADI,11/30/2025,396.9,405.0,396.1,399.0,-1.48,9469.0,482.0,335.3
NYADI,12/1/2025,392.1,405.0,385.1,395.2,-0.95,9029.0,482.0,335.3
NYADI,12/2/2025,387.3,405.0,387.3,400.2,1.27,9921.0,482.0,335.3
NYADI,12/3/2025,408.2,408.2,397.1,397.2,-0.75,9602.0,482.0,335.3
NYADI,12/7/2025,395.0,400.0,393.0,394.0,-0.81,8186.0,482.0,335.3
NYADI,12/8/2025,401.8,401.8,390.1,391.0,-0.76,4714.0,482.0,335.3
NYADI,12/9/2025,383.2,398.1,383.2,391.0,0.0,8374.0,482.0,335.3
NYADI,12/10/2025,389.1,393.0,389.1,389.9,-0.28,2850.0,482.0,335.3
NYADI,12/11/2025,392.0,392.0,385.4,387.0,-0.74,4508.0,482.0,335.3
NYADI,12/14/2025,385.0,385.0,380.0,380.2,-1.76,6880.0,482.0,335.3
NYADI,12/15/2025,373.0,385.0,373.0,381.0,0.21,4825.0,482.0,335.3
NYADI,12/16/2025,374.4,382.0,374.4,380.1,-0.24,4424.0,482.0,335.3
NYADI,12/17/2025,375.0,380.0,375.0,378.5,-0.42,5182.0,482.0,335.3
NYADI,12/18/2025,378.0,380.0,374.0,376.3,-0.58,6853.0,482.0,335.3
NYADI,12/21/2025,374.0,383.0,370.3,374.9,-0.37,4831.0,482.0,335.3
NYADI,12/22/2025,370.1,377.0,370.0,371.6,-0.88,6695.0,482.0,335.3
NYADI,12/23/2025,379.0,379.0,365.1,372.0,0.11,3106.0,482.0,335.3
NYADI,12/24/2025,364.9,384.9,364.9,370.0,-0.54,6842.0,482.0,335.3
NYADI,12/28/2025,370.0,390.0,370.0,377.0,1.89,7934.0,482.0,335.3
NYADI,12/29/2025,377.0,384.5,371.1,373.0,-1.06,4458.0,482.0,335.3
NYADI,12/31/2025,373.0,410.3,373.0,410.3,10.0,43213.0,482.0,335.3
NYADI,1/1/2026,418.5,435.0,415.0,417.0,1.63,88498.0,482.0,335.3
NYADI,1/4/2026,417.0,417.0,395.0,399.0,-4.32,36878.0,482.0,335.3
NYADI,1/5/2026,399.0,407.0,392.0,400.0,0.25,29689.0,482.0,335.3
NYADI,1/6/2026,396.0,406.0,388.0,392.0,-2.0,26663.0,482.0,335.3
NYADI,1/7/2026,386.0,399.8,386.0,389.9,-0.54,4893.0,482.0,335.3
NYADI,1/8/2026,390.0,391.0,384.0,390.0,0.03,6408.0,482.0,335.3
NYADI,1/12/2026,385.1,389.9,383.1,388.0,-0.51,12835.0,482.0,335.3
NYADI,1/13/2026,383.1,398.0,380.5,395.0,1.8,20434.0,482.0,335.3
NYADI,1/14/2026,398.0,402.7,390.1,394.9,-0.03,11159.0,482.0,335.3
NYADI,1/18/2026,392.0,402.9,391.1,399.0,1.04,12012.0,482.0,335.3
NYADI,1/20/2026,403.8,410.8,396.0,405.9,1.73,22573.0,482.0,335.3
NYADI,1/21/2026,414.0,414.0,401.1,401.1,-1.18,15597.0,482.0,335.3
NYADI,1/22/2026,403.9,405.0,397.0,402.0,0.22,8257.0,482.0,335.3
NYADI,1/25/2026,407.0,425.0,403.0,424.9,5.7,32395.0,482.0,335.3
NYADI,1/26/2026,424.0,425.0,409.0,418.0,-1.62,26472.0,482.0,335.3
NYADI,1/27/2026,414.0,422.2,402.0,406.0,-2.87,33897.0,482.0,335.3
NYADI,1/28/2026,414.0,414.0,394.3,407.9,0.47,14634.0,482.0,335.3
NYADI,1/29/2026,414.0,420.0,406.1,410.0,0.51,24647.0,482.0,335.3
NYADI,2/1/2026,405.0,409.0,400.0,403.0,-1.71,11779.0,482.0,335.3
NYADI,2/2/2026,410.0,410.0,398.0,404.0,0.25,7747.0,482.0,335.3
NYADI,2/3/2026,405.0,405.0,399.0,400.0,-0.99,11422.0,482.0,335.3
NYADI,2/4/2026,400.0,406.9,394.0,395.0,-1.25,7061.0,482.0,335.3
NYADI,2/5/2026,391.0,410.0,391.0,405.0,2.53,23871.0,482.0,335.3
NYADI,2/8/2026,405.0,420.0,404.0,409.0,0.99,24623.0,482.0,335.3
NYADI,2/9/2026,410.0,414.9,390.1,399.0,-2.44,29831.0,482.0,335.3
NYADI,2/10/2026,392.0,405.0,392.0,395.0,-1.0,6989.0,482.0,335.3
NYADI,2/11/2026,390.1,400.0,388.0,399.0,1.01,12824.0,482.0,335.3
NYADI,2/12/2026,399.0,405.0,391.1,405.0,1.5,23323.0,482.0,335.3
NYADI,2/16/2026,413.0,421.2,408.0,415.0,2.47,38842.0,482.0,335.3
NYADI,2/17/2026,415.0,415.0,399.0,401.5,-3.25,19012.0,482.0,335.3
NYADI,2/22/2026,397.0,400.0,391.1,395.0,-1.62,5086.0,482.0,335.3
NYADI,2/23/2026,395.0,399.0,390.0,390.0,-1.27,7573.0,482.0,335.3
NYADI,2/24/2026,390.0,399.0,390.0,397.8,2.0,2544.0,482.0,335.3
NYADI,2/25/2026,398.0,400.0,391.1,391.2,-1.66,7314.0,482.0,335.3
NYADI,2/26/2026,391.0,399.5,391.0,393.1,0.49,7925.0,482.0,335.3
NYADI,2/27/2026,391.0,399.5,391.0,393.1,0.0,7925.0,482.0,335.3
NYADI,2/28/2026,391.0,399.5,391.0,393.1,0.0,7925.0,482.0,335.3
NYADI,3/2/2026,392.0,400.9,389.1,394.4,0.33,5976.0,482.0,335.3
NYADI,3/3/2026,394.0,405.0,393.0,405.0,2.69,12115.0,482.0,335.3
NYADI,3/4/2026,394.0,405.0,393.0,405.0,0.0,12115.0,482.0,335.3
NYADI,3/5/2026,394.0,405.0,393.0,405.0,0.0,12115.0,482.0,335.3
NYADI,3/6/2026,394.0,405.0,393.0,405.0,0.0,12115.0,482.0,335.3
NYADI,3/7/2026,394.0,405.0,393.0,405.0,0.0,12115.0,482.0,335.3
NYADI,3/8/2026,394.0,405.0,393.0,405.0,0.0,12115.0,482.0,335.3
NYADI,3/9/2026,405.0,429.4,405.0,429.0,5.93,300.0,482.0,335.3
NYADI,3/10/2026,435.0,435.0,413.0,420.0,-2.1,52898.0,482.0,335.3
NYADI,3/11/2026,413.0,425.9,413.0,419.0,-0.24,14038.0,482.0,335.3
NYADI,3/12/2026,412.1,422.0,412.1,419.0,0.0,13739.0,482.0,335.3
NYADI,3/13/2026,412.1,422.0,412.1,419.0,0.0,13739.0,482.0,335.3
NYADI,3/14/2026,412.1,422.0,412.1,419.0,0.0,13739.0,482.0,335.3
NYADI,3/15/2026,419.0,428.0,416.1,427.0,1.91,24960.0,482.0,335.3
NYADI,3/16/2026,427.0,428.0,420.1,423.9,-0.73,13106.0,482.0,335.3
NYADI,3/17/2026,421.0,455.0,419.0,450.0,6.16,83097.0,482.0,335.3
NYADI,3/18/2026,421.0,455.0,419.0,450.0,0.0,83097.0,482.0,335.3
NYADI,3/19/2026,459.0,482.0,455.0,456.2,1.38,109064.0,482.0,335.3
NYADI,3/20/2026,459.0,482.0,455.0,456.2,0.0,109064.0,482.0,335.3
NYADI,3/21/2026,459.0,482.0,455.0,456.2,0.0,109064.0,482.0,335.3
NYADI,3/22/2026,456.0,464.0,437.0,458.5,0.5,67392.0,482.0,335.3
NYADI,3/23/2026,467.0,467.0,442.0,453.0,-1.2,28884.0,482.0,335.3
NYADI,3/24/2026,444.5,461.9,444.0,450.0,-0.66,26435.0,482.0,335.3
NYADI,3/25/2026,450.0,454.9,437.3,441.0,-2.0,21656.0,482.0,335.3
NYADI,3/26/2026,432.2,449.5,432.2,449.5,4.0,22028.0,482.0,335.3
NYADI,3/29/2026,448.0,449.0,434.1,435.0,-2.9,25712.0,482.0,335.3
NYADI,3/30/2026,429.0,437.5,422.0,423.0,-1.4,21806.0,482.0,335.3
NYADI,3/31/2026,420.3,427.9,411.1,427.3,1.67,27053.0,482.0,335.3
NYADI,4/1/2026,420.1,426.5,406.0,410.0,-2.4,15516.0,482.0,335.3
NYADI,4/2/2026,408.1,418.2,405.0,411.9,0.93,20919.0,482.0,335.3
NYADI,4/5/2026,404.0,408.0,390.2,391.1,-3.19,19091.0,482.0,335.3
NYADI,4/6/2026,398.0,409.0,392.0,409.0,2.76,17381.0,482.0,335.3
NYADI,4/7/2026,417.0,423.9,406.0,406.1,-2.61,11735.0,482.0,335.3
NYADI,4/8/2026,402.0,415.0,402.0,415.0,3.23,5771.0,482.0,335.3
NYADI,4/9/2026,416.0,421.0,410.4,418.2,0.53,10579.0,482.0,335.3
NYADI,4/10/2026,426.5,426.5,410.2,412.2,-3.35,6014.0,482.0,335.3
NYADI,4/13/2026,410.0,414.1,405.3,410.0,0.0,5276.0,482.0,335.3
NYADI,4/15/2026,410.0,420.0,410.0,412.0,0.49,10947.0,482.0,335.3
NYADI,4/16/2026,405.0,408.1,400.0,403.0,-0.49,11181.0,482.0,335.3
NYADI,4/17/2026,409.9,409.9,396.3,402.0,-1.93,11232.0,482.0,335.3
NYADI,4/20/2026,422.1,422.1,400.3,403.1,-4.5,3889.0,482.0,335.3
NYADI,4/21/2026,403.0,405.0,398.0,405.0,0.5,4966.0,482.0,335.3
NYADI,4/22/2026,393.1,409.0,393.1,409.0,4.04,6250.0,482.0,335.3
NYADI,4/23/2026,405.0,405.0,400.0,400.3,-1.16,3394.0,482.0,335.3
NYADI,4/24/2026,395.2,399.0,395.2,395.6,0.1,6466.0,482.0,335.3
NYADI,4/27/2026,395.6,405.0,397.1,400.2,1.16,4180.0,482.0,335.3
NYADI,4/28/2026,400.2,401.0,395.0,395.0,-1.3,4830.0,482.0,335.3
NYADI,4/29/2026,395.0,396.0,390.6,391.0,-1.01,3910.0,482.0,335.3
NYADI,4/30/2026,390.1,395.0,386.3,391.0,0.23,3599.0,482.0,335.3
NYADI,5/4/2026,382.1,390.0,380.0,383.0,0.24,5899.0,482.0,335.3
NYADI,5/5/2026,380.1,398.9,377.0,384.0,1.03,8563.0,482.0,335.3
NYADI,5/6/2026,380.0,390.0,380.0,385.0,1.32,3585.0,482.0,335.3
NYADI,5/7/2026,370.0,389.0,370.0,385.0,4.05,1205.0,482.0,335.3
NYADI,5/8/2026,385.0,391.5,380.1,386.8,0.47,1812.0,482.0,335.3
NYADI,5/11/2026,390.0,395.0,388.0,391.5,0.38,3461.0,482.0,335.3
NYADI,5/12/2026,391.0,394.0,385.0,386.0,-1.28,2966.0,482.0,335.3
NYADI,5/13/2026,378.0,392.5,378.0,391.0,3.44,4970.0,482.0,335.3
NYADI,5/14/2026,385.2,390.0,383.1,387.0,0.47,1765.0,482.0,335.3
NYADI,5/15/2026,381.1,389.9,381.1,384.0,0.76,5494.0,482.0,335.3
NYADI,5/18/2026,381.1,385.0,381.1,385.0,1.02,961.0,482.0,335.3
NYADI,5/19/2026,380.0,392.8,380.0,385.0,1.32,2251.0,482.0,335.3
NYADI,5/20/2026,400.0,400.0,384.6,391.0,-2.25,3706.0,482.0,335.3
NYADI,5/21/2026,387.0,388.1,382.8,383.0,-1.03,6059.0,482.0,335.3
NYADI,5/22/2026,383.0,395.0,383.0,391.1,2.11,4567.0,482.0,335.3
NYADI,5/25/2026,399.9,402.0,391.0,400.0,0.03,4920.0,482.0,335.3
NYADI,5/26/2026,400.0,405.0,395.1,398.3,-0.42,2982.0,482.0,335.3
NYADI,5/27/2026,398.6,400.1,393.6,395.2,-0.85,5751.0,482.0,335.3
NYADI,6/1/2026,393.0,407.0,386.7,392.0,-0.25,8295.0,482.0,335.3
NYADI,6/2/2026,392.0,397.0,383.1,395.0,0.77,2210.0,482.0,335.3
NYADI,6/3/2026,390.0,402.0,390.0,393.0,0.77,4708.0,482.0,335.3
NYADI,6/4/2026,392.0,439.0,385.2,429.0,9.44,118780.0,482.0,335.3
NYADI,6/5/2026,435.0,435.0,416.5,421.0,-3.22,12782.0,482.0,335.3
NYADI,6/8/2026,419.9,424.9,400.0,410.0,-2.36,27414.0,482.0,335.3
NYADI,6/9/2026,405.2,406.5,394.0,404.0,-0.3,17188.0,482.0,335.3
NYADI,6/10/2026,405.0,415.0,402.0,406.0,0.25,18784.0,482.0,335.3
NYADI,6/11/2026,405.0,408.0,404.0,407.8,0.69,3783.0,482.0,335.3
NYADI,6/12/2026,401.0,407.0,397.0,400.0,-0.25,11283.0,482.0,335.3
NYADI,6/15/2026,388.0,404.0,388.0,396.4,2.16,8902.0,482.0,335.3
NYADI,6/16/2026,386.3,400.0,386.3,398.0,3.03,7593.0,482.0,335.3
NYADI,6/17/2026,391.1,400.0,391.1,398.0,1.76,7886.0,482.0,335.3
NYADI,6/18/2026,396.0,400.0,393.0,397.0,0.25,2080.0,482.0,335.3
NYADI,6/19/2026,385.2,399.9,385.2,395.0,2.54,6016.0,482.0,335.3
NYADI,6/22/2026,375.3,395.0,375.3,389.0,3.65,4891.0,482.0,335.3
NYADI,6/23/2026,370.0,390.0,370.0,382.0,3.24,5950.0,482.0,335.3
NYADI,6/24/2026,377.1,386.0,375.2,381.0,1.03,3993.0,482.0,335.3
NYADI,6/26/2026,385.0,388.0,380.0,380.0,-1.3,2050.0,482.0,335.3
NYADI,6/29/2026,375.1,381.0,369.0,379.9,1.28,5066.0,482.0,335.3
NYADI,6/30/2026,370.2,377.9,370.2,376.0,1.57,3248.0,482.0,335.3
NYADI,7/1/2026,358.0,400.0,358.0,381.3,6.51,4983.0,482.0,335.3
NYADI,7/2/2026,376.1,387.9,376.1,381.5,1.44,720.0,482.0,335.3
NYADI,7/3/2026,381.1,390.0,378.2,378.2,-0.76,11494.0,482.0,335.3
NYADI,7/6/2026,360.0,388.6,360.0,380.0,5.56,4715.0,482.0,335.3
NYADI,7/7/2026,378.0,380.0,371.2,377.1,-0.24,5218.0,482.0,335.3
NYADI,7/8/2026,371.1,388.4,371.0,375.0,1.05,3384.0,482.0,335.3
NYADI,7/9/2026,373.0,375.0,365.0,374.0,0.27,4846.0,482.0,335.3
NYADI,7/10/2026,374.0,375.0,344.0,349.0,-6.68,22407.0,482.0,335.3
NYADI,7/13/2026,359.0,359.3,349.1,349.5,-2.65,5622.0,482.0,335.3
NYADI,7/14/2026,358.9,360.0,341.0,356.0,-0.81,4478.0,482.0,335.3
NYADI,7/15/2026,356.0,370.0,356.0,367.0,3.09,8066.0,482.0,335.3
NYADI,7/16/2026,358.1,367.9,357.0,359.0,0.25,4799.0,482.0,335.3
NYADI,7/17/2026,369.7,375.0,362.0,375.0,1.43,4002.0,482.0,335.3
NYADI,7/20/2026,386.2,397.0,365.0,385.0,-0.31,8259.0,482.0,335.3
NYADI,7/21/2026,383.0,394.0,376.3,377.0,-1.57,6280.0,482.0,335.3
NYADI,7/22/2026,375.0,377.0,369.0,372.0,-0.8,8179.0,482.0,335.3
NYADI,7/23/2026,367.1,379.0,367.1,379.0,3.24,2387.0,482.0,335.3
NYADI,7/24/2026,397.9,397.9,371.0,371.0,-6.76,8257.0,482.0,335.3
NYADI,7/27/2026,368.0,375.0,368.0,368.0,0.0,3919.0,482.0,335.3
NYADI,7/28/2026,365.1,368.2,361.1,361.2,-1.07,6418.0,482.0,335.3
NYADI,7/29/2026,358.1,366.1,358.1,366.1,2.23,2032.0,482.0,335.3
NYADI,7/30/2026,365.0,385.0,360.0,365.0,0.0,4104.0,482.0,335.3
NYADI,7/31/2026,360.1,370.9,360.1,370.0,2.75,1567.0,482.0,335.3
NYADI,8/3/2026,366.3,377.0,366.3,372.8,1.77,2444.0,482.0,335.3
NYADI,8/4/2026,361.7,371.9,361.7,365.1,0.94,2390.0,482.0,335.3
NYADI,8/5/2026,361.5,373.0,361.5,367.0,1.52,1642.0,482.0,335.3
NYADI,8/6/2026,363.3,380.9,363.3,372.2,2.45,6040.0,482.0,335.3
NYADI,8/7/2026,367.3,375.0,364.0,370.0,0.74,5382.0,482.0,335.3
NYADI,8/10/2026,366.0,371.0,362.0,365.0,-0.27,1795.0,482.0,335.3
NYADI,8/11/2026,365.0,375.9,361.2,369.9,1.34,3354.0,482.0,335.3
NYADI,8/12/2026,365.0,369.0,362.0,368.9,1.07,7375.0,482.0,335.3
NYADI,8/13/2026,362.2,369.0,361.2,366.0,1.05,3860.0,482.0,335.3
NYADI,8/14/2026,365.0,366.0,362.3,365.0,0.0,3461.0,482.0,335.3
NYADI,8/17/2026,365.0,366.0,361.3,362.2,-0.77,3607.0,482.0,335.3
NYADI,8/18/2026,362.1,364.9,361.2,361.6,-0.14,2530.0,482.0,335.3
NYADI,8/19/2026,360.1,361.0,358.0,360.0,-0.03,1532.0,482.0,335.3
NYADI,8/20/2026,360.0,360.0,355.9,359.0,-0.28,5237.0,482.0,335.3
NYADI,8/21/2026,356.2,366.0,356.0,356.0,-0.06,3564.0,482.0,335.3
NYADI,8/24/2026,356.1,358.0,352.5,358.0,0.53,2459.0,482.0,335.3
NYADI,8/25/2026,350.4,364.0,350.0,350.0,-0.11,3621.0,482.0,335.3
NYADI,8/26/2026,350.2,353.6,343.1,344.5,-1.63,5019.0,482.0,335.3
NYADI,8/27/2026,337.3,368.0,337.0,350.0,3.77,3951.0,482.0,335.3
NYADI,8/31/2026,340.1,345.0,335.3,343.8,1.09,6849.0,482.0,335.3
NYADI,9/1/2026,340.0,347.0,337.0,346.0,1.76,942.0,482.0,335.3
NYADI,9/2/2026,337.5,352.0,337.5,346.0,2.52,625.0,482.0,335.3
NYADI,9/3/2026,338.3,354.9,338.2,345.0,1.98,2251.0,482.0,335.3
NYADI,9/7/2026,345.0,371.0,338.0,351.1,1.77,6014.0,482.0,335.3
NYADI,9/9/2026,351.0,360.0,348.0,351.2,0.06,1628.0,482.0,335.3
NYADI,9/10/2026,342.9,348.0,342.9,344.0,0.32,1765.0,482.0,335.3
NYADI,9/11/2026,336.1,355.3,336.1,351.9,4.7,1939.0,482.0,335.3
NYADI,9/14/2026,348.0,380.0,348.0,367.8,5.69,9386.0,482.0,335.3
NYADI,9/15/2026,375.0,384.0,352.3,372.0,-0.8,13778.0,482.0,335.3
NYADI,9/16/2026,361.1,370.0,361.1,368.9,2.16,4128.0,482.0,335.3
NYADI,9/17/2026,369.0,370.0,361.0,361.0,-2.17,5873.0,482.0,335.3
NYADI,9/18/2026,345.0,368.9,345.0,367.8,6.61,3444.0,482.0,335.3
NYADI,9/22/2026,367.8,370.0,360.1,364.5,-0.9,6046.0,482.0,335.3
NYADI,9/23/2026,359.0,362.0,356.5,358.0,-0.28,4296.0,482.0,335.3
NYADI,9/24/2026,355.0,357.0,349.0,351.4,-1.01,2979.0,482.0,335.3
NYADI,9/28/2026,350.0,364.0,348.0,348.0,-0.57,4926.0,482.0,335.3
NYADI,9/29/2026,348.0,356.6,342.0,0.0,-100.0,2683.0,482.0,335.3
NYADI,9/30/2026,340.0,352.2,338.1,349.0,2.65,661.0,482.0,335.3
NYADI,10/1/2026,345.0,353.0,343.0,347.4,0.7,3061.0,482.0,335.3
NYADI,10/2/2026,364.7,364.7,340.0,340.0,-6.77,5735.0,482.0,335.3
OHL,10/17/2011,68.0,67.0,67.0,67.0,,210.0,785.0,590.0
OHL,10/19/2011,67.0,66.0,62.0,62.0,-7.46,690.0,785.0,590.0
OHL,10/20/2011,62.0,63.0,63.0,63.0,1.61,20.0,785.0,590.0
OHL,10/23/2011,63.0,63.0,61.0,61.0,-3.17,260.0,785.0,590.0
OHL,10/24/2011,61.0,64.0,62.0,63.0,3.28,290.0,785.0,590.0
OHL,10/30/2011,63.0,63.0,63.0,63.0,0.0,70.0,785.0,590.0
OHL,11/3/2011,63.0,64.0,64.0,64.0,1.59,20.0,785.0,590.0
OHL,11/8/2011,64.0,63.0,63.0,63.0,-1.56,40.0,785.0,590.0
OHL,11/13/2011,63.0,69.0,64.0,68.0,7.94,470.0,785.0,590.0
OHL,11/17/2011,68.0,67.0,67.0,67.0,-1.47,20.0,785.0,590.0
OHL,11/20/2011,67.0,68.0,68.0,68.0,1.49,70.0,785.0,590.0
OHL,11/21/2011,68.0,70.0,69.0,70.0,2.94,40.0,785.0,590.0
OHL,11/22/2011,70.0,71.0,70.0,70.0,0.0,990.0,785.0,590.0
OHL,11/23/2011,70.0,71.0,71.0,71.0,1.43,10.0,785.0,590.0
OHL,11/24/2011,71.0,72.0,72.0,72.0,1.41,90.0,785.0,590.0
OHL,11/27/2011,72.0,72.0,72.0,72.0,0.0,1150.0,785.0,590.0
OHL,12/1/2011,74.0,75.0,75.0,75.0,4.17,20.0,785.0,590.0
OHL,12/4/2011,75.0,74.0,73.0,73.0,-2.67,230.0,785.0,590.0
OHL,12/5/2011,73.0,72.0,72.0,72.0,-1.37,40.0,785.0,590.0
OHL,12/7/2011,72.0,73.0,73.0,73.0,1.39,90.0,785.0,590.0
OHL,12/12/2011,73.0,73.0,72.0,73.0,0.0,230.0,785.0,590.0
OHL,12/13/2011,73.0,75.0,74.0,75.0,2.74,60.0,785.0,590.0
OHL,12/14/2011,75.0,76.0,76.0,76.0,1.33,50.0,785.0,590.0
OHL,12/15/2011,76.0,77.0,77.0,77.0,1.32,20.0,785.0,590.0
OHL,12/21/2011,77.0,76.0,76.0,76.0,-1.3,70.0,785.0,590.0
OHL,12/22/2011,76.0,77.0,77.0,77.0,1.32,10.0,785.0,590.0
OHL,12/26/2011,77.0,77.0,77.0,77.0,0.0,70.0,785.0,590.0
OHL,12/27/2011,77.0,78.0,78.0,78.0,1.3,90.0,785.0,590.0
OHL,12/28/2011,78.0,80.0,79.0,80.0,2.56,130.0,785.0,590.0
OHL,12/29/2011,80.0,80.0,79.0,80.0,0.0,250.0,785.0,590.0
OHL,1/1/2012,80.0,81.0,79.0,79.0,-1.25,530.0,785.0,590.0
OHL,1/2/2012,79.0,79.0,77.0,77.0,-2.53,1220.0,785.0,590.0
OHL,1/3/2012,77.0,78.0,75.0,78.0,1.3,100.0,785.0,590.0
OHL,1/4/2012,78.0,81.0,79.0,81.0,3.85,80.0,785.0,590.0
OHL,1/16/2012,81.0,84.0,82.0,84.0,3.7,390.0,785.0,590.0
OHL,1/17/2012,84.0,85.0,83.0,85.0,1.19,530.0,785.0,590.0
OHL,1/25/2012,85.0,84.0,83.0,83.0,-2.35,80.0,785.0,590.0
OHL,1/26/2012,83.0,85.0,84.0,85.0,2.41,170.0,785.0,590.0
OHL,2/1/2012,85.0,85.0,85.0,85.0,0.0,130.0,785.0,590.0
OHL,2/7/2012,85.0,84.0,84.0,84.0,-1.18,460.0,785.0,590.0
OHL,2/9/2012,84.0,83.0,83.0,83.0,-1.19,10.0,785.0,590.0
OHL,2/23/2012,83.0,84.0,83.0,83.0,0.0,490.0,785.0,590.0
OHL,2/26/2012,83.0,82.0,80.0,80.0,-3.61,2440.0,785.0,590.0
OHL,2/27/2012,80.0,80.0,79.0,79.0,-1.25,1390.0,785.0,590.0
OHL,2/28/2012,79.0,78.0,78.0,78.0,-1.27,10.0,785.0,590.0
OHL,2/29/2012,78.0,78.0,77.0,78.0,0.0,400.0,785.0,590.0
OHL,3/15/2012,78.0,77.0,77.0,77.0,-1.28,80.0,785.0,590.0
OHL,3/25/2012,77.0,77.0,77.0,77.0,0.0,180.0,785.0,590.0
OHL,3/27/2012,77.0,76.0,76.0,76.0,-1.3,150.0,785.0,590.0
OHL,3/28/2012,76.0,75.0,75.0,75.0,-1.32,640.0,785.0,590.0
OHL,4/4/2012,75.0,75.0,74.0,74.0,-1.33,390.0,785.0,590.0
OHL,4/19/2012,74.0,74.0,74.0,74.0,0.0,10.0,785.0,590.0
OHL,4/22/2012,74.0,73.0,73.0,73.0,-1.35,90.0,785.0,590.0
OHL,5/7/2012,73.0,74.0,74.0,74.0,1.37,40.0,785.0,590.0
OHL,5/8/2012,74.0,75.0,75.0,75.0,1.35,80.0,785.0,590.0
OHL,5/10/2012,75.0,74.0,74.0,74.0,-1.33,140.0,785.0,590.0
OHL,5/20/2012,74.0,73.0,73.0,73.0,-1.35,210.0,785.0,590.0
OHL,5/21/2012,73.0,77.0,74.0,77.0,5.48,100.0,785.0,590.0
OHL,5/22/2012,77.0,81.0,78.0,81.0,5.19,150.0,785.0,590.0
OHL,5/23/2012,81.0,86.0,82.0,86.0,6.17,2060.0,785.0,590.0
OHL,5/24/2012,86.0,85.0,85.0,85.0,-1.16,40.0,785.0,590.0
OHL,5/29/2012,85.0,87.0,84.0,86.0,1.18,1270.0,785.0,590.0
OHL,5/30/2012,86.0,93.0,87.0,93.0,8.14,1920.0,785.0,590.0
OHL,6/3/2012,93.0,92.0,92.0,92.0,-1.08,890.0,785.0,590.0
OHL,6/4/2012,92.0,92.0,90.0,92.0,0.0,1380.0,785.0,590.0
OHL,6/5/2012,92.0,93.0,92.0,92.0,0.0,730.0,785.0,590.0
OHL,6/6/2012,92.0,94.0,92.0,93.0,1.09,1060.0,785.0,590.0
OHL,6/7/2012,93.0,94.0,93.0,93.0,0.0,1610.0,785.0,590.0
OHL,6/10/2012,93.0,94.0,92.0,93.0,0.0,3160.0,785.0,590.0
OHL,6/11/2012,93.0,93.0,92.0,93.0,0.0,100.0,785.0,590.0
OHL,6/12/2012,93.0,94.0,93.0,93.0,0.0,1140.0,785.0,590.0
OHL,6/13/2012,93.0,93.0,92.0,93.0,0.0,340.0,785.0,590.0
OHL,6/14/2012,93.0,93.0,93.0,93.0,0.0,760.0,785.0,590.0
OHL,6/17/2012,93.0,94.0,93.0,93.0,0.0,1080.0,785.0,590.0
OHL,6/18/2012,93.0,92.0,92.0,92.0,-1.08,490.0,785.0,590.0
OHL,6/19/2012,92.0,92.0,92.0,92.0,0.0,80.0,785.0,590.0
OHL,6/21/2012,92.0,91.0,91.0,91.0,-1.09,80.0,785.0,590.0
OHL,6/26/2012,91.0,90.0,89.0,89.0,-2.2,760.0,785.0,590.0
OHL,6/27/2012,89.0,90.0,90.0,90.0,1.12,150.0,785.0,590.0
OHL,6/28/2012,90.0,89.0,89.0,89.0,-1.11,70.0,785.0,590.0
OHL,7/1/2012,89.0,88.0,88.0,88.0,-1.12,140.0,785.0,590.0
OHL,7/4/2012,88.0,87.0,87.0,87.0,-1.14,1180.0,785.0,590.0
OHL,7/5/2012,87.0,86.0,86.0,86.0,-1.15,80.0,785.0,590.0
OHL,7/8/2012,86.0,85.0,84.0,84.0,-2.33,720.0,785.0,590.0
OHL,7/9/2012,84.0,83.0,83.0,83.0,-1.19,40.0,785.0,590.0
OHL,7/11/2012,83.0,82.0,80.0,80.0,-3.61,790.0,785.0,590.0
OHL,7/12/2012,80.0,79.0,79.0,79.0,-1.25,680.0,785.0,590.0
OHL,7/17/2012,79.0,80.0,80.0,80.0,1.27,130.0,785.0,590.0
OHL,7/18/2012,80.0,80.0,80.0,80.0,0.0,60.0,785.0,590.0
OHL,7/22/2012,80.0,80.0,80.0,80.0,0.0,90.0,785.0,590.0
OHL,7/24/2012,80.0,80.0,79.0,80.0,0.0,410.0,785.0,590.0
OHL,7/30/2012,80.0,79.0,79.0,79.0,-1.25,40.0,785.0,590.0
OHL,8/1/2012,79.0,79.0,78.0,78.0,-1.27,260.0,785.0,590.0
OHL,8/5/2012,78.0,77.0,77.0,77.0,-1.28,90.0,785.0,590.0
OHL,8/7/2012,77.0,76.0,76.0,76.0,-1.3,10.0,785.0,590.0
OHL,8/8/2012,76.0,77.0,77.0,77.0,1.32,70.0,785.0,590.0
OHL,8/12/2012,77.0,76.0,76.0,76.0,-1.3,30.0,785.0,590.0
OHL,8/13/2012,76.0,76.0,76.0,76.0,0.0,240.0,785.0,590.0
OHL,8/14/2012,76.0,77.0,77.0,77.0,1.32,40.0,785.0,590.0
OHL,8/15/2012,77.0,78.0,78.0,78.0,1.3,60.0,785.0,590.0
OHL,8/22/2012,78.0,77.0,77.0,77.0,-1.28,140.0,785.0,590.0
OHL,8/23/2012,77.0,78.0,77.0,78.0,1.3,1240.0,785.0,590.0
OHL,8/26/2012,78.0,79.0,79.0,79.0,1.28,10.0,785.0,590.0
OHL,8/27/2012,79.0,80.0,79.0,80.0,1.27,170.0,785.0,590.0
OHL,8/28/2012,80.0,81.0,80.0,81.0,1.25,550.0,785.0,590.0
OHL,8/29/2012,81.0,83.0,81.0,83.0,2.47,300.0,785.0,590.0
OHL,8/30/2012,83.0,84.0,83.0,84.0,1.2,140.0,785.0,590.0
OHL,9/2/2012,84.0,84.0,83.0,83.0,-1.19,170.0,785.0,590.0
OHL,9/4/2012,83.0,85.0,84.0,84.0,1.2,60.0,785.0,590.0
OHL,9/5/2012,84.0,85.0,85.0,85.0,1.19,30.0,785.0,590.0
OHL,9/9/2012,85.0,84.0,84.0,84.0,-1.18,20.0,785.0,590.0
OHL,9/11/2012,84.0,85.0,85.0,85.0,1.19,40.0,785.0,590.0
OHL,9/12/2012,85.0,85.0,85.0,85.0,0.0,460.0,785.0,590.0
OHL,9/13/2012,85.0,86.0,86.0,86.0,1.18,40.0,785.0,590.0
OHL,9/16/2012,86.0,86.0,86.0,86.0,0.0,40.0,785.0,590.0
OHL,9/17/2012,86.0,89.0,87.0,89.0,3.49,160.0,785.0,590.0
OHL,9/18/2012,89.0,89.0,89.0,89.0,0.0,150.0,785.0,590.0
OHL,9/19/2012,89.0,90.0,90.0,90.0,1.12,20.0,785.0,590.0
OHL,9/20/2012,90.0,92.0,91.0,92.0,2.22,220.0,785.0,590.0
OHL,9/23/2012,92.0,92.0,92.0,92.0,0.0,30.0,785.0,590.0
OHL,9/24/2012,92.0,92.0,92.0,92.0,0.0,310.0,785.0,590.0
OHL,9/25/2012,92.0,93.0,93.0,93.0,1.09,210.0,785.0,590.0
OHL,9/26/2012,93.0,95.0,94.0,95.0,2.15,280.0,785.0,590.0
OHL,9/30/2012,95.0,97.0,96.0,97.0,2.11,80.0,785.0,590.0
OHL,10/1/2012,97.0,98.0,97.0,98.0,1.03,200.0,785.0,590.0
OHL,10/2/2012,98.0,97.0,97.0,97.0,-1.02,280.0,785.0,590.0
OHL,10/3/2012,97.0,99.0,98.0,99.0,2.06,320.0,785.0,590.0
OHL,10/7/2012,99.0,99.0,99.0,99.0,0.0,70.0,785.0,590.0
OHL,10/8/2012,99.0,99.0,99.0,99.0,0.0,70.0,785.0,590.0
OHL,10/9/2012,99.0,98.0,98.0,98.0,-1.01,20.0,785.0,590.0
OHL,10/10/2012,98.0,99.0,99.0,99.0,1.02,210.0,785.0,590.0
OHL,10/11/2012,99.0,99.0,99.0,99.0,0.0,40.0,785.0,590.0
OHL,10/14/2012,99.0,100.0,100.0,100.0,1.01,930.0,785.0,590.0
OHL,10/15/2012,100.0,102.0,100.0,101.0,1.0,450.0,785.0,590.0
OHL,10/17/2012,101.0,100.0,100.0,100.0,-0.99,150.0,785.0,590.0
OHL,10/30/2012,100.0,100.0,100.0,100.0,0.0,150.0,785.0,590.0
OHL,10/31/2012,100.0,100.0,100.0,100.0,0.0,200.0,785.0,590.0
OHL,11/1/2012,100.0,101.0,101.0,101.0,1.0,20.0,785.0,590.0
OHL,11/4/2012,101.0,100.0,100.0,100.0,-0.99,110.0,785.0,590.0
OHL,11/5/2012,100.0,102.0,101.0,102.0,2.0,540.0,785.0,590.0
OHL,11/6/2012,102.0,101.0,101.0,101.0,-0.98,210.0,785.0,590.0
OHL,11/7/2012,101.0,103.0,103.0,103.0,1.98,40.0,785.0,590.0
OHL,11/8/2012,103.0,109.0,103.0,109.0,5.83,180.0,785.0,590.0
OHL,11/11/2012,109.0,113.0,109.0,113.0,3.67,160.0,785.0,590.0
OHL,11/18/2012,113.0,115.0,113.0,115.0,1.77,620.0,785.0,590.0
OHL,11/20/2012,115.0,117.0,117.0,117.0,1.74,120.0,785.0,590.0
OHL,11/21/2012,117.0,115.0,115.0,115.0,-1.71,40.0,785.0,590.0
OHL,11/22/2012,115.0,116.0,115.0,115.0,0.0,470.0,785.0,590.0
OHL,11/25/2012,115.0,117.0,117.0,117.0,1.74,120.0,785.0,590.0
OHL,11/27/2012,117.0,117.0,115.0,116.0,-0.85,450.0,785.0,590.0
OHL,11/28/2012,116.0,116.0,114.0,116.0,0.0,410.0,785.0,590.0
OHL,11/29/2012,116.0,118.0,114.0,116.0,0.0,570.0,785.0,590.0
OHL,12/4/2012,116.0,114.0,114.0,114.0,-1.72,420.0,785.0,590.0
OHL,12/5/2012,114.0,113.0,112.0,112.0,-1.75,40.0,785.0,590.0
OHL,12/6/2012,112.0,113.0,110.0,113.0,0.89,750.0,785.0,590.0
OHL,12/9/2012,113.0,111.0,111.0,111.0,-1.77,130.0,785.0,590.0
OHL,12/10/2012,111.0,111.0,111.0,111.0,0.0,160.0,785.0,590.0
OHL,12/11/2012,111.0,115.0,112.0,113.0,1.8,1350.0,785.0,590.0
OHL,12/12/2012,113.0,111.0,111.0,111.0,-1.77,300.0,785.0,590.0
OHL,12/13/2012,111.0,112.0,112.0,112.0,0.9,20.0,785.0,590.0
OHL,12/16/2012,112.0,113.0,111.0,111.0,-0.89,140.0,785.0,590.0
OHL,12/17/2012,111.0,114.0,112.0,114.0,2.7,740.0,785.0,590.0
OHL,12/18/2012,114.0,114.0,112.0,113.0,-0.88,1280.0,785.0,590.0
OHL,12/19/2012,113.0,113.0,111.0,111.0,-1.77,540.0,785.0,590.0
OHL,12/20/2012,111.0,114.0,111.0,114.0,2.7,2040.0,785.0,590.0
OHL,12/23/2012,114.0,116.0,112.0,116.0,1.75,220.0,785.0,590.0
OHL,12/26/2012,116.0,120.0,118.0,118.0,1.72,2840.0,785.0,590.0
OHL,12/27/2012,118.0,118.0,116.0,117.0,-0.85,160.0,785.0,590.0
OHL,12/31/2012,117.0,115.0,115.0,115.0,-1.71,90.0,785.0,590.0
OHL,1/1/2013,115.0,113.0,113.0,113.0,-1.74,20.0,785.0,590.0
OHL,1/2/2013,113.0,112.0,110.0,112.0,-0.88,1460.0,785.0,590.0
OHL,1/3/2013,112.0,116.0,114.0,116.0,3.57,190.0,785.0,590.0
OHL,1/6/2013,116.0,115.0,115.0,115.0,-0.86,130.0,785.0,590.0
OHL,1/7/2013,115.0,118.0,115.0,118.0,2.61,200.0,785.0,590.0
OHL,1/8/2013,118.0,118.0,116.0,116.0,-1.69,660.0,785.0,590.0
OHL,1/9/2013,116.0,118.0,116.0,116.0,0.0,340.0,785.0,590.0
OHL,1/10/2013,116.0,120.0,116.0,120.0,3.45,680.0,785.0,590.0
OHL,1/13/2013,120.0,122.0,122.0,122.0,1.67,40.0,785.0,590.0
OHL,1/15/2013,122.0,122.0,121.0,122.0,0.0,450.0,785.0,590.0
OHL,1/16/2013,122.0,122.0,121.0,122.0,0.0,40.0,785.0,590.0
OHL,1/17/2013,122.0,123.0,123.0,123.0,0.82,70.0,785.0,590.0
OHL,1/20/2013,123.0,122.0,122.0,122.0,-0.81,20.0,785.0,590.0
OHL,1/21/2013,122.0,126.0,123.0,124.0,1.64,3170.0,785.0,590.0
OHL,1/22/2013,124.0,125.0,125.0,125.0,0.81,210.0,785.0,590.0
OHL,1/23/2013,125.0,129.0,124.0,129.0,3.2,1810.0,785.0,590.0
OHL,1/24/2013,129.0,129.0,127.0,129.0,0.0,80.0,785.0,590.0
OHL,1/27/2013,129.0,137.0,130.0,137.0,6.2,390.0,785.0,590.0
OHL,1/28/2013,137.0,149.0,139.0,149.0,8.76,1340.0,785.0,590.0
OHL,1/30/2013,149.0,149.0,138.0,138.0,-7.38,2430.0,785.0,590.0
OHL,1/31/2013,138.0,136.0,134.0,136.0,-1.45,360.0,785.0,590.0
OHL,2/3/2013,136.0,134.0,132.0,132.0,-2.94,1620.0,785.0,590.0
OHL,2/4/2013,132.0,132.0,131.0,131.0,-0.76,710.0,785.0,590.0
OHL,2/5/2013,131.0,129.0,127.0,129.0,-1.53,210.0,785.0,590.0
OHL,2/6/2013,129.0,127.0,126.0,126.0,-2.33,110.0,785.0,590.0
OHL,2/7/2013,126.0,124.0,122.0,122.0,-3.17,920.0,785.0,590.0
OHL,2/10/2013,122.0,120.0,120.0,120.0,-1.64,120.0,785.0,590.0
OHL,2/12/2013,120.0,122.0,120.0,122.0,1.67,210.0,785.0,590.0
OHL,2/13/2013,122.0,128.0,122.0,128.0,4.92,400.0,785.0,590.0
OHL,2/14/2013,128.0,128.0,126.0,126.0,-1.56,340.0,785.0,590.0
OHL,2/21/2013,126.0,128.0,126.0,126.0,0.0,670.0,785.0,590.0
OHL,2/25/2013,126.0,126.0,123.0,125.0,-0.79,1130.0,785.0,590.0
OHL,2/27/2013,125.0,124.0,121.0,124.0,-0.8,230.0,785.0,590.0
OHL,3/20/2013,124.0,122.0,112.0,112.0,-9.68,810.0,785.0,590.0
OHL,3/21/2013,112.0,110.0,109.0,110.0,-1.79,930.0,785.0,590.0
OHL,3/24/2013,110.0,108.0,108.0,108.0,-1.82,80.0,785.0,590.0
OHL,3/25/2013,108.0,106.0,106.0,106.0,-1.85,160.0,785.0,590.0
OHL,3/27/2013,106.0,106.0,106.0,106.0,0.0,20.0,785.0,590.0
OHL,3/28/2013,106.0,106.0,104.0,105.0,-0.94,1210.0,785.0,590.0
OHL,3/31/2013,105.0,107.0,106.0,106.0,0.95,260.0,785.0,590.0
OHL,4/1/2013,106.0,108.0,106.0,106.0,0.0,350.0,785.0,590.0
OHL,4/2/2013,106.0,110.0,106.0,110.0,3.77,370.0,785.0,590.0
OHL,4/3/2013,110.0,114.0,110.0,114.0,3.64,950.0,785.0,590.0
OHL,4/4/2013,114.0,113.0,112.0,112.0,-1.75,110.0,785.0,590.0
OHL,4/7/2013,112.0,113.0,111.0,113.0,0.89,180.0,785.0,590.0
OHL,4/8/2013,113.0,113.0,111.0,113.0,0.0,160.0,785.0,590.0
OHL,4/9/2013,113.0,115.0,114.0,114.0,0.88,290.0,785.0,590.0
OHL,4/11/2013,114.0,114.0,112.0,114.0,0.0,280.0,785.0,590.0
OHL,4/15/2013,114.0,116.0,116.0,116.0,1.75,60.0,785.0,590.0
OHL,4/16/2013,116.0,118.0,118.0,118.0,1.72,210.0,785.0,590.0
OHL,4/17/2013,118.0,118.0,116.0,118.0,0.0,40.0,785.0,590.0
OHL,4/18/2013,118.0,122.0,116.0,122.0,3.39,210.0,785.0,590.0
OHL,4/21/2013,122.0,125.0,123.0,125.0,2.46,190.0,785.0,590.0
OHL,4/22/2013,125.0,133.0,127.0,133.0,6.4,260.0,785.0,590.0
OHL,4/23/2013,133.0,131.0,131.0,131.0,-1.5,500.0,785.0,590.0
OHL,4/25/2013,131.0,133.0,130.0,133.0,1.53,220.0,785.0,590.0
OHL,4/28/2013,133.0,133.0,133.0,133.0,0.0,480.0,785.0,590.0
OHL,4/29/2013,133.0,133.0,133.0,133.0,0.0,690.0,785.0,590.0
OHL,4/30/2013,133.0,143.0,134.0,135.0,1.5,2520.0,785.0,590.0
OHL,5/2/2013,135.0,135.0,131.0,131.0,-2.96,1000.0,785.0,590.0
OHL,5/5/2013,131.0,129.0,127.0,127.0,-3.05,680.0,785.0,590.0
OHL,5/7/2013,127.0,125.0,121.0,121.0,-4.72,90.0,785.0,590.0
OHL,5/8/2013,121.0,121.0,121.0,121.0,0.0,40.0,785.0,590.0
OHL,5/9/2013,121.0,123.0,123.0,123.0,1.65,170.0,785.0,590.0
OHL,5/12/2013,123.0,126.0,122.0,126.0,2.44,180.0,785.0,590.0
OHL,5/13/2013,126.0,132.0,128.0,132.0,4.76,730.0,785.0,590.0
OHL,5/14/2013,132.0,131.0,129.0,129.0,-2.27,360.0,785.0,590.0
OHL,5/19/2013,129.0,137.0,131.0,135.0,4.65,1055.0,785.0,590.0
OHL,5/20/2013,135.0,135.0,134.0,135.0,0.0,1280.0,785.0,590.0
OHL,5/21/2013,135.0,135.0,131.0,133.0,-1.48,3490.0,785.0,590.0
OHL,5/22/2013,133.0,136.0,134.0,136.0,2.26,50.0,785.0,590.0
OHL,5/23/2013,136.0,135.0,134.0,135.0,-0.74,1970.0,785.0,590.0
OHL,5/26/2013,135.0,139.0,135.0,137.0,1.48,180.0,785.0,590.0
OHL,5/27/2013,137.0,137.0,136.0,137.0,0.0,650.0,785.0,590.0
OHL,5/28/2013,137.0,136.0,135.0,136.0,-0.73,40.0,785.0,590.0
OHL,5/30/2013,136.0,142.0,138.0,142.0,4.41,2790.0,785.0,590.0
OHL,6/2/2013,142.0,141.0,139.0,140.0,-1.41,1250.0,785.0,590.0
OHL,6/3/2013,140.0,144.0,140.0,144.0,2.86,80.0,785.0,590.0
OHL,6/4/2013,144.0,150.0,141.0,150.0,4.17,2090.0,785.0,590.0
OHL,6/6/2013,150.0,147.0,145.0,147.0,-2.0,9850.0,785.0,590.0
OHL,6/9/2013,147.0,153.0,145.0,147.0,0.0,800.0,785.0,590.0
OHL,6/10/2013,147.0,160.0,149.0,157.0,6.8,620.0,785.0,590.0
OHL,6/11/2013,157.0,160.0,153.0,157.0,0.0,4510.0,785.0,590.0
OHL,6/12/2013,157.0,160.0,156.0,160.0,1.91,140.0,785.0,590.0
OHL,6/16/2013,160.0,157.0,155.0,155.0,-3.12,390.0,785.0,590.0
OHL,6/17/2013,155.0,152.0,149.0,149.0,-3.87,1080.0,785.0,590.0
OHL,6/18/2013,149.0,150.0,145.0,150.0,0.67,1240.0,785.0,590.0
OHL,6/19/2013,150.0,149.0,147.0,149.0,-0.67,1170.0,785.0,590.0
OHL,6/24/2013,149.0,148.0,147.0,147.0,-1.34,1230.0,785.0,590.0
OHL,6/25/2013,147.0,149.0,143.0,148.0,0.68,1590.0,785.0,590.0
OHL,7/7/2013,148.0,148.0,148.0,148.0,0.0,140.0,785.0,590.0
OHL,7/8/2013,148.0,146.0,144.0,144.0,-2.7,40.0,785.0,590.0
OHL,7/9/2013,144.0,142.0,138.0,138.0,-4.17,130.0,785.0,590.0
OHL,7/10/2013,138.0,136.0,132.0,133.0,-3.62,1160.0,785.0,590.0
OHL,7/11/2013,133.0,137.0,130.0,135.0,1.5,810.0,785.0,590.0
OHL,7/14/2013,135.0,136.0,135.0,136.0,0.74,320.0,785.0,590.0
OHL,7/15/2013,136.0,138.0,138.0,138.0,1.47,70.0,785.0,590.0
OHL,7/16/2013,138.0,140.0,140.0,140.0,1.45,260.0,785.0,590.0
OHL,7/18/2013,140.0,139.0,139.0,139.0,-0.71,910.0,785.0,590.0
OHL,7/21/2013,139.0,140.0,140.0,140.0,0.72,110.0,785.0,590.0
OHL,7/22/2013,140.0,139.0,139.0,139.0,-0.71,40.0,785.0,590.0
OHL,7/23/2013,139.0,141.0,139.0,141.0,1.44,1320.0,785.0,590.0
OHL,7/29/2013,141.0,141.0,140.0,141.0,0.0,560.0,785.0,590.0
OHL,7/30/2013,141.0,142.0,140.0,140.0,-0.71,490.0,785.0,590.0
OHL,7/31/2013,140.0,140.0,140.0,140.0,0.0,60.0,785.0,590.0
OHL,8/1/2013,140.0,138.0,138.0,138.0,-1.43,60.0,785.0,590.0
OHL,8/4/2013,138.0,138.0,136.0,138.0,0.0,510.0,785.0,590.0
OHL,8/5/2013,136.0,137.0,137.0,137.0,-0.72,70.0,785.0,590.0
OHL,8/6/2013,137.0,135.0,131.0,133.0,-2.92,400.0,785.0,590.0
OHL,8/7/2013,133.0,142.0,135.0,142.0,6.77,460.0,785.0,590.0
OHL,8/11/2013,142.0,140.0,140.0,140.0,-1.41,20.0,785.0,590.0
OHL,8/12/2013,140.0,138.0,138.0,138.0,-1.43,70.0,785.0,590.0
OHL,8/13/2013,138.0,139.0,136.0,139.0,0.72,290.0,785.0,590.0
OHL,8/14/2013,139.0,137.0,135.0,135.0,-2.88,230.0,785.0,590.0
OHL,8/15/2013,135.0,137.0,134.0,137.0,1.48,390.0,785.0,590.0
OHL,8/18/2013,137.0,139.0,137.0,139.0,1.46,260.0,785.0,590.0
OHL,8/19/2013,139.0,137.0,137.0,137.0,-1.44,10.0,785.0,590.0
OHL,8/20/2013,137.0,138.0,136.0,136.0,-0.73,870.0,785.0,590.0
OHL,8/25/2013,136.0,139.0,138.0,139.0,2.21,100.0,785.0,590.0
OHL,8/26/2013,139.0,141.0,141.0,141.0,1.44,310.0,785.0,590.0
OHL,8/27/2013,141.0,142.0,142.0,142.0,0.71,20.0,785.0,590.0
OHL,8/29/2013,142.0,141.0,141.0,141.0,-0.7,10.0,785.0,590.0
OHL,9/1/2013,141.0,141.0,140.0,140.0,-0.71,130.0,785.0,590.0
OHL,9/2/2013,140.0,144.0,140.0,141.0,0.71,690.0,785.0,590.0
OHL,9/3/2013,141.0,147.0,142.0,147.0,4.26,640.0,785.0,590.0
OHL,9/4/2013,147.0,151.0,149.0,150.0,2.04,510.0,785.0,590.0
OHL,9/5/2013,150.0,162.0,151.0,162.0,8.0,720.0,785.0,590.0
OHL,9/9/2013,162.0,172.0,160.0,170.0,4.94,1730.0,785.0,590.0
OHL,9/10/2013,170.0,173.0,170.0,173.0,1.76,380.0,785.0,590.0
OHL,9/11/2013,173.0,183.0,174.0,183.0,5.78,890.0,785.0,590.0
OHL,9/12/2013,183.0,189.0,185.0,189.0,3.28,570.0,785.0,590.0
OHL,9/15/2013,189.0,190.0,187.0,190.0,0.53,310.0,785.0,590.0
OHL,9/16/2013,190.0,209.0,193.0,209.0,10.0,1110.0,785.0,590.0
OHL,9/17/2013,209.0,229.0,213.0,229.0,9.57,2190.0,785.0,590.0
OHL,9/19/2013,229.0,239.0,233.0,233.0,1.75,890.0,785.0,590.0
OHL,9/22/2013,233.0,229.0,225.0,225.0,-3.43,50.0,785.0,590.0
OHL,9/23/2013,225.0,221.0,203.0,203.0,-9.78,120.0,785.0,590.0
OHL,9/24/2013,203.0,199.0,183.0,183.0,-9.85,1450.0,785.0,590.0
OHL,9/25/2013,183.0,182.0,181.0,182.0,-0.55,1060.0,785.0,590.0
OHL,9/26/2013,182.0,195.0,182.0,194.0,6.59,1030.0,785.0,590.0
OHL,9/29/2013,194.0,205.0,189.0,205.0,5.67,1960.0,785.0,590.0
OHL,9/30/2013,205.0,207.0,200.0,204.0,-0.49,12070.0,785.0,590.0
OHL,10/1/2013,204.0,204.0,200.0,202.0,-0.98,9900.0,785.0,590.0
OHL,10/2/2013,202.0,211.0,201.0,211.0,4.46,1520.0,785.0,590.0
OHL,10/3/2013,211.0,207.0,201.0,203.0,-3.79,190.0,785.0,590.0
OHL,10/6/2013,203.0,202.0,199.0,200.0,-1.48,810.0,785.0,590.0
OHL,10/7/2013,200.0,207.0,200.0,205.0,2.5,6040.0,785.0,590.0
OHL,10/8/2013,205.0,206.0,203.0,206.0,0.49,1230.0,785.0,590.0
OHL,10/9/2013,206.0,206.0,204.0,204.0,-0.97,340.0,785.0,590.0
OHL,10/20/2013,204.0,212.0,205.0,212.0,3.92,90.0,785.0,590.0
OHL,10/21/2013,212.0,228.0,216.0,228.0,7.55,2350.0,785.0,590.0
OHL,10/22/2013,228.0,227.0,224.0,224.0,-1.75,2140.0,785.0,590.0
OHL,10/23/2013,224.0,230.0,227.0,230.0,2.68,640.0,785.0,590.0
OHL,10/24/2013,230.0,230.0,225.0,229.0,-0.43,1670.0,785.0,590.0
OHL,10/27/2013,229.0,228.0,226.0,228.0,-0.44,350.0,785.0,590.0
OHL,10/28/2013,228.0,224.0,219.0,219.0,-3.95,1230.0,785.0,590.0
OHL,10/29/2013,219.0,221.0,219.0,219.0,0.0,350.0,785.0,590.0
OHL,10/30/2013,219.0,223.0,220.0,220.0,0.46,1970.0,785.0,590.0
OHL,10/31/2013,220.0,228.0,216.0,228.0,3.64,380.0,785.0,590.0
OHL,11/7/2013,228.0,232.0,230.0,230.0,0.88,1070.0,785.0,590.0
OHL,11/11/2013,230.0,234.0,234.0,234.0,1.74,430.0,785.0,590.0
OHL,11/12/2013,234.0,233.0,227.0,233.0,-0.43,350.0,785.0,590.0
OHL,11/13/2013,233.0,233.0,230.0,230.0,-1.29,2270.0,785.0,590.0
OHL,11/14/2013,230.0,234.0,228.0,234.0,1.74,440.0,785.0,590.0
OHL,11/21/2013,234.0,238.0,238.0,238.0,1.71,10.0,785.0,590.0
OHL,11/24/2013,238.0,246.0,242.0,246.0,3.36,660.0,785.0,590.0
OHL,11/25/2013,246.0,255.0,246.0,250.0,1.63,640.0,785.0,590.0
OHL,11/26/2013,250.0,250.0,241.0,245.0,-2.0,1220.0,785.0,590.0
OHL,11/27/2013,245.0,249.0,243.0,248.0,1.22,1240.0,785.0,590.0
OHL,11/28/2013,248.0,251.0,249.0,251.0,1.21,1910.0,785.0,590.0
OHL,12/1/2013,249.0,262.0,249.0,257.0,2.39,2840.0,785.0,590.0
OHL,12/2/2013,257.0,265.0,254.0,265.0,3.11,4130.0,785.0,590.0
OHL,12/3/2013,265.0,275.0,260.0,275.0,3.77,310.0,785.0,590.0
OHL,12/4/2013,275.0,290.0,280.0,290.0,5.45,180.0,785.0,590.0
OHL,12/5/2013,290.0,306.0,295.0,305.0,5.17,1140.0,785.0,590.0
OHL,12/8/2013,305.0,330.0,305.0,327.0,7.21,9800.0,785.0,590.0
OHL,12/10/2013,327.0,321.0,309.0,309.0,-5.5,80.0,785.0,590.0
OHL,12/11/2013,309.0,303.0,284.0,285.0,-7.77,940.0,785.0,590.0
OHL,12/12/2013,285.0,283.0,280.0,280.0,-1.75,890.0,785.0,590.0
OHL,12/15/2013,280.0,290.0,260.0,290.0,3.57,1120.0,785.0,590.0
OHL,12/18/2013,290.0,285.0,285.0,285.0,-1.72,20.0,785.0,590.0
OHL,12/19/2013,285.0,292.0,280.0,292.0,2.46,1300.0,785.0,590.0
OHL,12/22/2013,292.0,287.0,282.0,285.0,-2.4,1310.0,785.0,590.0
OHL,12/23/2013,282.0,277.0,269.0,269.0,-5.61,2050.0,785.0,590.0
OHL,12/24/2013,269.0,270.0,264.0,264.0,-1.86,1340.0,785.0,590.0
OHL,12/26/2013,264.0,269.0,263.0,266.0,0.76,2460.0,785.0,590.0
OHL,12/29/2013,266.0,277.0,261.0,275.0,3.38,2030.0,785.0,590.0
OHL,12/31/2013,275.0,290.0,270.0,282.0,2.55,1480.0,785.0,590.0
OHL,1/1/2014,282.0,289.0,280.0,287.0,1.77,850.0,785.0,590.0
OHL,1/2/2014,287.0,307.0,290.0,301.0,4.88,7230.0,785.0,590.0
OHL,1/5/2014,301.0,318.0,296.0,311.0,3.32,3690.0,785.0,590.0
OHL,1/6/2014,311.0,324.0,310.0,324.0,4.18,1550.0,785.0,590.0
OHL,1/7/2014,324.0,337.0,319.0,325.0,0.31,720.0,785.0,590.0
OHL,1/8/2014,325.0,325.0,316.0,320.0,-1.54,1950.0,785.0,590.0
OHL,1/9/2014,320.0,326.0,317.0,325.0,1.56,690.0,785.0,590.0
OHL,1/12/2014,325.0,335.0,325.0,331.0,1.85,1450.0,785.0,590.0
OHL,1/13/2014,331.0,337.0,325.0,337.0,1.81,440.0,785.0,590.0
OHL,1/14/2014,337.0,340.0,334.0,340.0,0.89,880.0,785.0,590.0
OHL,1/16/2014,340.0,340.0,325.0,331.0,-2.65,1060.0,785.0,590.0
OHL,1/19/2014,331.0,336.0,330.0,336.0,1.51,520.0,785.0,590.0
OHL,1/20/2014,336.0,350.0,340.0,350.0,4.17,3090.0,785.0,590.0
OHL,1/21/2014,350.0,345.0,333.0,333.0,-4.86,230.0,785.0,590.0
OHL,1/22/2014,333.0,340.0,335.0,340.0,2.1,760.0,785.0,590.0
OHL,1/23/2014,340.0,355.0,345.0,354.0,4.12,2590.0,785.0,590.0
OHL,1/26/2014,354.0,365.0,351.0,365.0,3.11,1440.0,785.0,590.0
OHL,1/27/2014,365.0,365.0,354.0,361.0,-1.1,460.0,785.0,590.0
OHL,1/28/2014,361.0,360.0,353.0,354.0,-1.94,380.0,785.0,590.0
OHL,1/29/2014,354.0,353.0,353.0,353.0,-0.28,160.0,785.0,590.0
OHL,2/2/2014,353.0,350.0,340.0,350.0,-0.85,530.0,785.0,590.0
OHL,2/3/2014,350.0,350.0,331.0,331.0,-5.43,370.0,785.0,590.0
OHL,2/4/2014,331.0,349.0,325.0,343.0,3.63,1020.0,785.0,590.0
OHL,2/6/2014,361.0,381.0,360.0,381.0,11.08,840.0,785.0,590.0
OHL,2/9/2014,381.0,392.0,368.0,386.0,1.31,1390.0,785.0,590.0
OHL,2/10/2014,386.0,418.0,393.0,418.0,8.29,3750.0,785.0,590.0
OHL,2/11/2014,418.0,410.0,395.0,410.0,-1.91,2620.0,785.0,590.0
OHL,2/12/2014,410.0,451.0,418.0,451.0,10.0,3830.0,785.0,590.0
OHL,2/13/2014,451.0,496.0,450.0,496.0,9.98,5070.0,785.0,590.0
OHL,2/16/2014,496.0,500.0,487.0,500.0,0.81,660.0,785.0,590.0
OHL,2/17/2014,500.0,500.0,481.0,485.0,-3.0,3050.0,785.0,590.0
OHL,2/18/2014,485.0,510.0,485.0,500.0,3.09,3620.0,785.0,590.0
OHL,2/20/2014,500.0,510.0,500.0,505.0,1.0,3000.0,785.0,590.0
OHL,2/23/2014,505.0,501.0,495.0,501.0,-0.79,4290.0,785.0,590.0
OHL,2/24/2014,501.0,491.0,480.0,490.0,-2.2,1810.0,785.0,590.0
OHL,2/25/2014,490.0,518.0,463.0,518.0,5.71,2200.0,785.0,590.0
OHL,2/26/2014,518.0,528.0,490.0,490.0,-5.41,2840.0,785.0,590.0
OHL,3/3/2014,490.0,508.0,485.0,500.0,2.04,4300.0,785.0,590.0
OHL,3/4/2014,500.0,500.0,473.0,490.0,-2.0,1170.0,785.0,590.0
OHL,3/5/2014,490.0,508.0,481.0,500.0,2.04,1250.0,785.0,590.0
OHL,3/6/2014,500.0,520.0,490.0,510.0,2.0,4060.0,785.0,590.0
OHL,3/9/2014,510.0,510.0,502.0,502.0,-1.57,1930.0,785.0,590.0
OHL,3/10/2014,502.0,504.0,493.0,500.0,-0.4,5830.0,785.0,590.0
OHL,3/11/2014,500.0,505.0,496.0,502.0,0.4,8860.0,785.0,590.0
OHL,3/12/2014,502.0,500.0,493.0,500.0,-0.4,460.0,785.0,590.0
OHL,3/13/2014,500.0,520.0,495.0,520.0,4.0,1030.0,785.0,590.0
OHL,3/17/2014,520.0,522.0,495.0,499.0,-4.04,2780.0,785.0,590.0
OHL,3/18/2014,499.0,502.0,496.0,500.0,0.2,2770.0,785.0,590.0
OHL,3/19/2014,500.0,500.0,490.0,493.0,-1.4,720.0,785.0,590.0
OHL,3/20/2014,493.0,500.0,490.0,495.0,0.41,1220.0,785.0,590.0
OHL,3/23/2014,495.0,510.0,495.0,510.0,3.03,2710.0,785.0,590.0
OHL,3/24/2014,510.0,524.0,503.0,524.0,2.75,3760.0,785.0,590.0
OHL,3/25/2014,524.0,545.0,515.0,538.0,2.67,2730.0,785.0,590.0
OHL,3/26/2014,538.0,544.0,518.0,540.0,0.37,2440.0,785.0,590.0
OHL,3/27/2014,540.0,592.0,540.0,570.0,5.56,3010.0,785.0,590.0
OHL,3/31/2014,570.0,627.0,575.0,627.0,10.0,1490.0,785.0,590.0
OHL,4/1/2014,627.0,639.0,604.0,629.0,0.32,3220.0,785.0,590.0
OHL,4/2/2014,629.0,641.0,610.0,641.0,1.91,1650.0,785.0,590.0
OHL,4/3/2014,641.0,629.0,594.0,600.0,-6.4,3720.0,785.0,590.0
OHL,4/6/2014,600.0,632.0,586.0,632.0,5.33,1880.0,785.0,590.0
OHL,4/7/2014,632.0,620.0,600.0,610.0,-3.48,1180.0,785.0,590.0
OHL,4/9/2014,610.0,624.0,598.0,624.0,2.3,1460.0,785.0,590.0
OHL,4/10/2014,624.0,620.0,605.0,618.0,-0.96,1190.0,785.0,590.0
OHL,4/13/2014,618.0,630.0,603.0,621.0,0.49,2920.0,785.0,590.0
OHL,4/15/2014,621.0,659.0,615.0,631.0,1.61,3840.0,785.0,590.0
OHL,4/16/2014,631.0,690.0,622.0,690.0,9.35,6910.0,785.0,590.0
OHL,4/17/2014,690.0,685.0,655.0,680.0,-1.45,2340.0,785.0,590.0
OHL,4/20/2014,680.0,667.0,631.0,651.0,-4.26,5920.0,785.0,590.0
OHL,4/21/2014,651.0,664.0,650.0,654.0,0.46,7190.0,785.0,590.0
OHL,4/22/2014,654.0,704.0,641.0,704.0,7.65,5270.0,785.0,590.0
OHL,4/23/2014,704.0,735.0,704.0,735.0,4.4,4380.0,785.0,590.0
OHL,4/27/2014,735.0,775.0,730.0,775.0,5.44,9360.0,785.0,590.0
OHL,4/28/2014,775.0,790.0,742.0,747.0,-3.61,2810.0,785.0,590.0
OHL,4/29/2014,747.0,760.0,740.0,740.0,-0.94,5980.0,785.0,590.0
OHL,4/30/2014,740.0,775.0,740.0,761.0,2.84,10790.0,785.0,590.0
OHL,5/4/2014,761.0,816.0,745.0,770.0,1.18,1380.0,785.0,590.0
OHL,5/5/2014,770.0,832.0,780.0,785.0,1.95,440.0,785.0,590.0
OHL,5/6/2014,785.0,770.0,716.0,755.0,-3.82,3700.0,785.0,590.0
OHL,5/7/2014,755.0,757.0,713.0,713.0,-5.56,950.0,785.0,590.0
OHL,5/8/2014,713.0,755.0,727.0,745.0,4.49,7310.0,785.0,590.0
OHL,5/11/2014,745.0,734.0,717.0,723.0,-2.95,1060.0,785.0,590.0
OHL,5/12/2014,723.0,730.0,710.0,725.0,0.28,3390.0,785.0,590.0
OHL,5/13/2014,725.0,765.0,715.0,750.0,3.45,4320.0,785.0,590.0
OHL,5/15/2014,750.0,740.0,721.0,740.0,-1.33,2330.0,785.0,590.0
OHL,5/18/2014,740.0,740.0,730.0,732.0,-1.08,470.0,785.0,590.0
OHL,5/19/2014,732.0,729.0,704.0,729.0,-0.41,2490.0,785.0,590.0
OHL,5/20/2014,729.0,754.0,701.0,754.0,3.43,5340.0,785.0,590.0
OHL,5/21/2014,754.0,759.0,745.0,759.0,0.66,580.0,785.0,590.0
OHL,5/22/2014,759.0,744.0,716.0,716.0,-5.67,1040.0,785.0,590.0
OHL,5/25/2014,716.0,730.0,710.0,730.0,1.96,2250.0,785.0,590.0
OHL,5/26/2014,730.0,750.0,720.0,740.0,1.37,3160.0,785.0,590.0
OHL,5/27/2014,740.0,740.0,720.0,735.0,-0.68,2830.0,785.0,590.0
OHL,5/28/2014,735.0,752.0,728.0,749.0,1.9,3620.0,785.0,590.0
OHL,6/1/2014,749.0,748.0,728.0,747.0,-0.27,9470.0,785.0,590.0
OHL,6/2/2014,747.0,759.0,719.0,739.0,-1.07,1970.0,785.0,590.0
OHL,6/3/2014,739.0,742.0,720.0,741.0,0.27,4110.0,785.0,590.0
OHL,6/4/2014,741.0,740.0,720.0,722.0,-2.56,2335.0,785.0,590.0
OHL,6/5/2014,722.0,730.0,708.0,721.0,-0.14,2790.0,785.0,590.0
OHL,6/8/2014,721.0,720.0,707.0,720.0,-0.14,1760.0,785.0,590.0
OHL,6/9/2014,720.0,724.0,710.0,720.0,0.0,2370.0,785.0,590.0
OHL,6/10/2014,720.0,735.0,719.0,730.0,1.39,5360.0,785.0,590.0
OHL,6/11/2014,730.0,725.0,720.0,723.0,-0.96,620.0,785.0,590.0
OHL,6/12/2014,723.0,716.0,710.0,716.0,-0.97,470.0,785.0,590.0
OHL,6/15/2014,716.0,739.0,702.0,739.0,3.21,2390.0,785.0,590.0
OHL,6/16/2014,739.0,739.0,711.0,724.0,-2.03,1890.0,785.0,590.0
OHL,6/17/2014,724.0,720.0,699.0,716.0,-1.1,3410.0,785.0,590.0
OHL,6/18/2014,716.0,725.0,706.0,725.0,1.26,5120.0,785.0,590.0
OHL,6/19/2014,725.0,725.0,716.0,717.0,-1.1,2650.0,785.0,590.0
OHL,6/23/2014,717.0,719.0,707.0,708.0,-1.26,1850.0,785.0,590.0
OHL,6/24/2014,708.0,722.0,708.0,716.0,1.13,6370.0,785.0,590.0
OHL,6/25/2014,716.0,711.0,705.0,710.0,-0.84,2200.0,785.0,590.0
OHL,6/26/2014,710.0,725.0,700.0,700.0,-1.41,4430.0,785.0,590.0
OHL,6/29/2014,700.0,735.0,705.0,707.0,1.0,1010.0,785.0,590.0
OHL,6/30/2014,707.0,711.0,693.0,703.0,-0.57,1040.0,785.0,590.0
OHL,7/1/2014,703.0,735.0,705.0,725.0,3.13,3280.0,785.0,590.0
OHL,7/2/2014,725.0,738.0,716.0,725.0,0.0,1970.0,785.0,590.0
OHL,7/3/2014,725.0,736.0,715.0,715.0,-1.38,2760.0,785.0,590.0
OHL,7/6/2014,715.0,717.0,715.0,716.0,0.14,1730.0,785.0,590.0
OHL,7/7/2014,716.0,728.0,700.0,716.0,0.0,3540.0,785.0,590.0
OHL,7/8/2014,716.0,740.0,720.0,740.0,3.35,620.0,785.0,590.0
OHL,7/9/2014,740.0,740.0,740.0,740.0,0.0,10.0,785.0,590.0
OHL,7/10/2014,740.0,726.0,712.0,712.0,-3.78,6130.0,785.0,590.0
OHL,7/13/2014,712.0,721.0,720.0,721.0,1.26,630.0,785.0,590.0
OHL,7/14/2014,721.0,735.0,725.0,735.0,1.94,1010.0,785.0,590.0
OHL,7/15/2014,735.0,750.0,721.0,740.0,0.68,2070.0,785.0,590.0
OHL,7/16/2014,740.0,785.0,750.0,775.0,4.73,4380.0,785.0,590.0
OHL,7/17/2014,775.0,820.0,760.0,800.0,3.23,1580.0,785.0,590.0
OHL,7/20/2014,800.0,840.0,800.0,835.0,4.37,3410.0,785.0,590.0
OHL,7/21/2014,835.0,840.0,784.0,784.0,-6.11,1320.0,785.0,590.0
OHL,7/22/2014,784.0,790.0,755.0,775.0,-1.15,2070.0,785.0,590.0
OHL,7/23/2014,775.0,805.0,770.0,799.0,3.1,3280.0,785.0,590.0
OHL,7/24/2014,799.0,816.0,795.0,800.0,0.13,3930.0,785.0,590.0
OHL,7/27/2014,800.0,832.0,790.0,790.0,-1.25,850.0,785.0,590.0
OHL,7/28/2014,790.0,800.0,790.0,795.0,0.63,880.0,785.0,590.0
OHL,7/30/2014,795.0,799.0,790.0,791.0,-0.5,2360.0,785.0,590.0
OHL,7/31/2014,791.0,780.0,776.0,776.0,-1.9,1620.0,785.0,590.0
OHL,8/3/2014,776.0,816.0,761.0,800.0,3.09,7090.0,785.0,590.0
OHL,8/4/2014,800.0,805.0,775.0,776.0,-3.0,1560.0,785.0,590.0
OHL,8/5/2014,776.0,791.0,788.0,790.0,1.8,1230.0,785.0,590.0
OHL,8/6/2014,790.0,785.0,776.0,776.0,-1.77,890.0,785.0,590.0
OHL,8/7/2014,776.0,776.0,761.0,770.0,-0.77,3740.0,785.0,590.0
OHL,8/12/2014,770.0,780.0,760.0,780.0,1.3,5490.0,785.0,590.0
OHL,8/13/2014,780.0,778.0,752.0,775.0,-0.64,800.0,785.0,590.0
OHL,8/14/2014,775.0,780.0,760.0,775.0,0.0,1540.0,785.0,590.0
OHL,8/18/2014,775.0,800.0,761.0,761.0,-1.81,1490.0,785.0,590.0
OHL,8/19/2014,761.0,759.0,730.0,730.0,-4.07,1950.0,785.0,590.0
OHL,8/20/2014,730.0,735.0,688.0,715.0,-2.05,3690.0,785.0,590.0
OHL,8/21/2014,715.0,701.0,694.0,700.0,-2.1,360.0,785.0,590.0
OHL,8/24/2014,700.0,687.0,648.0,648.0,-7.43,1360.0,785.0,590.0
OHL,8/25/2014,648.0,636.0,636.0,636.0,-1.85,230.0,785.0,590.0
OHL,8/26/2014,636.0,673.0,640.0,673.0,5.82,380.0,785.0,590.0
OHL,8/27/2014,673.0,687.0,660.0,680.0,1.04,1200.0,785.0,590.0
OHL,8/28/2014,680.0,667.0,654.0,654.0,-3.82,120.0,785.0,590.0
OHL,8/31/2014,654.0,650.0,641.0,643.0,-1.68,970.0,785.0,590.0
OHL,9/1/2014,643.0,634.0,619.0,634.0,-1.4,1510.0,785.0,590.0
OHL,9/3/2014,634.0,650.0,622.0,650.0,2.52,681.0,785.0,590.0
OHL,9/4/2014,650.0,637.0,613.0,613.0,-5.69,950.0,785.0,590.0
OHL,9/7/2014,613.0,602.0,602.0,602.0,-1.79,100.0,785.0,590.0
OHL,9/9/2014,602.0,650.0,602.0,650.0,7.97,1220.0,785.0,590.0
OHL,9/10/2014,650.0,714.0,655.0,655.0,0.77,2120.0,785.0,590.0
OHL,9/11/2014,655.0,649.0,618.0,630.0,-3.82,2760.0,785.0,590.0
OHL,9/14/2014,630.0,665.0,618.0,650.0,3.17,3320.0,785.0,590.0
OHL,9/15/2014,650.0,668.0,640.0,668.0,2.77,1210.0,785.0,590.0
OHL,9/16/2014,668.0,681.0,655.0,681.0,1.95,2050.0,785.0,590.0
OHL,9/17/2014,681.0,730.0,676.0,730.0,7.2,4250.0,785.0,590.0
OHL,9/18/2014,664.0,651.0,630.0,630.0,-13.7,860.0,785.0,590.0
OHL,9/21/2014,630.0,618.0,583.0,583.0,-7.46,180.0,785.0,590.0
OHL,9/22/2014,583.0,597.0,594.0,597.0,2.4,130.0,785.0,590.0
OHL,9/23/2014,597.0,604.0,590.0,604.0,1.17,210.0,785.0,590.0
OHL,9/24/2014,604.0,604.0,604.0,604.0,0.0,20.0,785.0,590.0
OHL,9/28/2014,604.0,601.0,600.0,601.0,-0.5,640.0,785.0,590.0
OHL,9/29/2014,601.0,613.0,613.0,613.0,2.0,30.0,785.0,590.0
OHL,10/9/2014,613.0,620.0,620.0,620.0,1.14,200.0,785.0,590.0
OHL,10/12/2014,620.0,625.0,625.0,625.0,0.81,40.0,785.0,590.0
OHL,10/13/2014,625.0,637.0,637.0,637.0,1.92,100.0,785.0,590.0
OHL,10/14/2014,637.0,661.0,645.0,661.0,3.77,160.0,785.0,590.0
OHL,10/15/2014,661.0,687.0,661.0,687.0,3.93,410.0,785.0,590.0
OHL,10/16/2014,687.0,710.0,675.0,710.0,3.35,1460.0,785.0,590.0
OHL,10/20/2014,710.0,724.0,696.0,696.0,-1.97,3610.0,785.0,590.0
OHL,10/21/2014,696.0,710.0,686.0,699.0,0.43,2550.0,785.0,590.0
OHL,10/22/2014,699.0,714.0,696.0,710.0,1.57,2730.0,785.0,590.0
OHL,10/26/2014,710.0,715.0,710.0,710.0,0.0,600.0,785.0,590.0
OHL,10/27/2014,710.0,715.0,715.0,715.0,0.7,80.0,785.0,590.0
OHL,10/28/2014,715.0,717.0,701.0,708.0,-0.98,3250.0,785.0,590.0
OHL,10/30/2014,708.0,718.0,710.0,712.0,0.56,380.0,785.0,590.0
OHL,11/2/2014,712.0,700.0,698.0,700.0,-1.69,700.0,785.0,590.0
OHL,11/3/2014,700.0,700.0,687.0,700.0,0.0,1460.0,785.0,590.0
OHL,11/4/2014,700.0,686.0,676.0,676.0,-3.43,470.0,785.0,590.0
OHL,11/5/2014,676.0,685.0,670.0,672.0,-0.59,2940.0,785.0,590.0
OHL,11/6/2014,672.0,660.0,659.0,660.0,-1.79,210.0,785.0,590.0
OHL,11/9/2014,660.0,650.0,647.0,650.0,-1.52,1100.0,785.0,590.0
OHL,11/11/2014,650.0,650.0,637.0,650.0,0.0,1212.0,785.0,590.0
OHL,11/13/2014,650.0,637.0,637.0,637.0,-2.0,70.0,785.0,590.0
OHL,11/16/2014,637.0,640.0,625.0,640.0,0.47,560.0,785.0,590.0
OHL,11/17/2014,640.0,629.0,629.0,629.0,-1.72,150.0,785.0,590.0
OHL,11/18/2014,629.0,628.0,620.0,620.0,-1.43,3650.0,785.0,590.0
OHL,11/19/2014,620.0,620.0,619.0,620.0,0.0,3440.0,785.0,590.0
OHL,11/20/2014,620.0,644.0,615.0,627.0,1.13,910.0,785.0,590.0
OHL,11/23/2014,627.0,654.0,630.0,654.0,4.31,192.0,785.0,590.0
OHL,11/30/2014,654.0,641.0,613.0,628.0,-3.98,640.0,785.0,590.0
OHL,12/1/2014,628.0,618.0,618.0,618.0,-1.59,210.0,785.0,590.0
OHL,12/2/2014,618.0,620.0,620.0,620.0,0.32,1170.0,785.0,590.0
OHL,12/3/2014,620.0,615.0,610.0,610.0,-1.61,2120.0,785.0,590.0
OHL,12/4/2014,610.0,622.0,610.0,610.0,0.0,90.0,785.0,590.0
OHL,12/9/2014,610.0,605.0,599.0,600.0,-1.64,1540.0,785.0,590.0
OHL,12/10/2014,600.0,625.0,610.0,625.0,4.17,2020.0,785.0,590.0
OHL,12/11/2014,625.0,637.0,625.0,625.0,0.0,460.0,785.0,590.0
OHL,12/14/2014,625.0,637.0,635.0,637.0,1.92,1200.0,785.0,590.0
OHL,12/15/2014,637.0,649.0,649.0,649.0,1.88,20.0,785.0,590.0
OHL,12/16/2014,649.0,637.0,625.0,630.0,-2.93,130.0,785.0,590.0
OHL,12/17/2014,630.0,619.0,619.0,619.0,-1.75,40.0,785.0,590.0
OHL,12/18/2014,619.0,648.0,625.0,648.0,4.68,210.0,785.0,590.0
OHL,12/21/2014,648.0,638.0,626.0,638.0,-1.54,550.0,785.0,590.0
OHL,12/22/2014,638.0,638.0,620.0,620.0,-2.82,7300.0,785.0,590.0
OHL,12/23/2014,620.0,632.0,620.0,632.0,1.94,120.0,785.0,590.0
OHL,12/24/2014,632.0,620.0,616.0,616.0,-2.53,30.0,785.0,590.0
OHL,12/28/2014,616.0,620.0,605.0,620.0,0.65,1290.0,785.0,590.0
OHL,12/29/2014,620.0,632.0,632.0,632.0,1.94,20.0,785.0,590.0
OHL,12/31/2014,632.0,620.0,618.0,620.0,-1.9,8070.0,785.0,590.0
OHL,1/1/2015,620.0,620.0,609.0,617.0,-0.48,5160.0,785.0,590.0
OHL,1/4/2015,617.0,633.0,615.0,620.0,0.49,12780.0,785.0,590.0
OHL,1/5/2015,620.0,630.0,620.0,629.0,1.45,1200.0,785.0,590.0
OHL,1/6/2015,629.0,635.0,620.0,635.0,0.95,7260.0,785.0,590.0
OHL,1/7/2015,635.0,670.0,633.0,669.0,5.35,3050.0,785.0,590.0
OHL,1/8/2015,669.0,704.0,650.0,704.0,5.23,17920.0,785.0,590.0
OHL,1/11/2015,704.0,710.0,685.0,710.0,0.85,12440.0,785.0,590.0
OHL,1/12/2015,710.0,723.0,669.0,681.0,-4.08,3350.0,785.0,590.0
OHL,1/13/2015,681.0,737.0,681.0,737.0,8.22,7130.0,785.0,590.0
OHL,1/14/2015,737.0,724.0,710.0,721.0,-2.17,4400.0,785.0,590.0
OHL,1/18/2015,721.0,730.0,720.0,728.0,0.97,5040.0,785.0,590.0
OHL,1/19/2015,728.0,770.0,730.0,741.0,1.79,4540.0,785.0,590.0
OHL,1/20/2015,741.0,751.0,725.0,730.0,-1.48,3920.0,785.0,590.0
OHL,1/22/2015,730.0,745.0,725.0,735.0,0.68,1500.0,785.0,590.0
OHL,1/25/2015,735.0,750.0,722.0,745.0,1.36,1500.0,785.0,590.0
OHL,1/26/2015,745.0,755.0,730.0,735.0,-1.34,3410.0,785.0,590.0
OHL,1/27/2015,735.0,760.0,735.0,745.0,1.36,1180.0,785.0,590.0
OHL,1/28/2015,745.0,740.0,740.0,740.0,-0.67,500.0,785.0,590.0
OHL,1/29/2015,740.0,754.0,739.0,739.0,-0.14,170.0,785.0,590.0
OHL,2/1/2015,739.0,725.0,724.0,725.0,-1.89,532.0,785.0,590.0
OHL,2/2/2015,725.0,725.0,711.0,725.0,0.0,2560.0,785.0,590.0
OHL,2/3/2015,725.0,753.0,727.0,730.0,0.69,7460.0,785.0,590.0
OHL,2/4/2015,730.0,748.0,730.0,748.0,2.47,5580.0,785.0,590.0
OHL,2/5/2015,748.0,739.0,724.0,739.0,-1.2,9960.0,785.0,590.0
OHL,2/8/2015,739.0,725.0,720.0,720.0,-2.57,230.0,785.0,590.0
OHL,2/9/2015,720.0,734.0,720.0,725.0,0.69,810.0,785.0,590.0
OHL,2/10/2015,725.0,720.0,715.0,715.0,-1.38,250.0,785.0,590.0
OHL,2/11/2015,715.0,725.0,720.0,720.0,0.7,520.0,785.0,590.0
OHL,2/12/2015,720.0,724.0,707.0,724.0,0.56,680.0,785.0,590.0
OHL,2/15/2015,724.0,738.0,724.0,738.0,1.93,20.0,785.0,590.0
OHL,2/16/2015,738.0,725.0,725.0,725.0,-1.76,400.0,785.0,590.0
OHL,2/18/2015,725.0,725.0,716.0,720.0,-0.69,2270.0,785.0,590.0
OHL,2/22/2015,720.0,725.0,711.0,720.0,0.0,6150.0,785.0,590.0
OHL,2/23/2015,720.0,720.0,706.0,710.0,-1.39,3280.0,785.0,590.0
OHL,2/24/2015,710.0,730.0,715.0,730.0,2.82,2180.0,785.0,590.0
OHL,2/25/2015,730.0,725.0,721.0,725.0,-0.68,2100.0,785.0,590.0
OHL,2/26/2015,725.0,722.0,720.0,721.0,-0.55,1172.0,785.0,590.0
OHL,3/1/2015,721.0,725.0,717.0,717.0,-0.55,4620.0,785.0,590.0
OHL,3/2/2015,717.0,745.0,723.0,737.0,2.79,6470.0,785.0,590.0
OHL,3/3/2015,737.0,736.0,733.0,734.0,-0.41,2880.0,785.0,590.0
OHL,3/4/2015,734.0,751.0,730.0,751.0,2.32,5550.0,785.0,590.0
OHL,3/9/2015,751.0,760.0,740.0,760.0,1.2,3020.0,785.0,590.0
OHL,3/10/2015,760.0,764.0,749.0,754.0,-0.79,1700.0,785.0,590.0
OHL,3/11/2015,754.0,755.0,748.0,752.0,-0.27,1280.0,785.0,590.0
OHL,3/12/2015,752.0,742.0,740.0,742.0,-1.33,60.0,785.0,590.0
OHL,3/15/2015,742.0,735.0,722.0,722.0,-2.7,5880.0,785.0,590.0
OHL,3/16/2015,722.0,736.0,734.0,736.0,1.94,160.0,785.0,590.0
OHL,3/17/2015,736.0,739.0,725.0,739.0,0.41,440.0,785.0,590.0
OHL,3/18/2015,739.0,725.0,725.0,725.0,-1.89,70.0,785.0,590.0
OHL,3/19/2015,725.0,735.0,726.0,735.0,1.38,630.0,785.0,590.0
OHL,3/22/2015,735.0,730.0,726.0,726.0,-1.22,1190.0,785.0,590.0
OHL,3/23/2015,726.0,720.0,718.0,718.0,-1.1,620.0,785.0,590.0
OHL,3/24/2015,718.0,720.0,710.0,720.0,0.28,670.0,785.0,590.0
OHL,3/25/2015,720.0,715.0,710.0,715.0,-0.69,1230.0,785.0,590.0
OHL,3/26/2015,715.0,714.0,702.0,714.0,-0.14,1070.0,785.0,590.0
OHL,3/30/2015,714.0,714.0,710.0,710.0,-0.56,1050.0,785.0,590.0
OHL,3/31/2015,710.0,757.0,706.0,757.0,6.62,2400.0,785.0,590.0
OHL,4/1/2015,757.0,757.0,725.0,725.0,-4.23,2091.0,785.0,590.0
OHL,4/2/2015,725.0,716.0,715.0,716.0,-1.24,1040.0,785.0,590.0
OHL,4/5/2015,716.0,702.0,700.0,702.0,-1.96,310.0,785.0,590.0
OHL,4/6/2015,702.0,708.0,701.0,701.0,-0.14,220.0,785.0,590.0
OHL,4/7/2015,701.0,715.0,715.0,715.0,2.0,650.0,785.0,590.0
OHL,4/8/2015,715.0,725.0,716.0,716.0,0.14,1020.0,785.0,590.0
OHL,4/9/2015,716.0,724.0,710.0,724.0,1.12,330.0,785.0,590.0
OHL,4/12/2015,724.0,721.0,721.0,721.0,-0.41,40.0,785.0,590.0
OHL,4/13/2015,721.0,735.0,722.0,725.0,0.55,1520.0,785.0,590.0
OHL,4/15/2015,725.0,711.0,711.0,711.0,-1.93,10.0,785.0,590.0
OHL,4/16/2015,711.0,720.0,711.0,715.0,0.56,1710.0,785.0,590.0
OHL,4/19/2015,715.0,725.0,718.0,724.0,1.26,3010.0,785.0,590.0
OHL,4/20/2015,724.0,715.0,710.0,715.0,-1.24,1000.0,785.0,590.0
OHL,4/21/2015,715.0,725.0,715.0,725.0,1.4,1410.0,785.0,590.0
OHL,4/22/2015,725.0,719.0,719.0,719.0,-0.83,300.0,785.0,590.0
OHL,4/23/2015,719.0,715.0,715.0,715.0,-0.56,500.0,785.0,590.0
OHL,6/3/2015,715.0,701.0,644.0,650.0,-9.09,7630.0,785.0,590.0
OHL,6/4/2015,650.0,655.0,641.0,650.0,0.0,2158.0,785.0,590.0
OHL,6/7/2015,650.0,663.0,650.0,661.0,1.69,340.0,785.0,590.0
OHL,6/8/2015,661.0,674.0,636.0,657.0,-0.61,3210.0,785.0,590.0
OHL,6/9/2015,657.0,695.0,669.0,682.0,3.81,11700.0,785.0,590.0
OHL,6/10/2015,682.0,669.0,669.0,669.0,-1.91,70.0,785.0,590.0
OHL,6/11/2015,669.0,669.0,669.0,669.0,0.0,40.0,785.0,590.0
OHL,6/21/2015,669.0,656.0,616.0,616.0,-7.92,2620.0,785.0,590.0
OHL,6/22/2015,616.0,620.0,610.0,610.0,-0.97,6880.0,785.0,590.0
OHL,6/23/2015,610.0,615.0,610.0,612.0,0.33,4182.0,785.0,590.0
OHL,6/24/2015,612.0,620.0,608.0,610.0,-0.33,19722.0,785.0,590.0
OHL,6/28/2015,610.0,612.0,606.0,609.0,-0.16,3900.0,785.0,590.0
OHL,6/29/2015,609.0,607.0,605.0,606.0,-0.49,1941.0,785.0,590.0
OHL,6/30/2015,606.0,603.0,600.0,603.0,-0.5,1020.0,785.0,590.0
OHL,7/1/2015,603.0,622.0,605.0,605.0,0.33,8281.0,785.0,590.0
OHL,7/2/2015,605.0,610.0,604.0,604.0,-0.17,2820.0,785.0,590.0
OHL,7/5/2015,604.0,610.0,602.0,610.0,0.99,510.0,785.0,590.0
OHL,7/6/2015,610.0,601.0,590.0,590.0,-3.28,2610.0,785.0,590.0
OHL,7/7/2015,590.0,600.0,580.0,600.0,1.69,3640.0,785.0,590.0
OHL,7/8/2015,600.0,622.0,604.0,622.0,3.67,160.0,785.0,590.0
OHL,7/9/2015,622.0,646.0,622.0,622.0,0.0,390.0,785.0,590.0
OHL,7/12/2015,622.0,632.0,620.0,620.0,-0.32,320.0,785.0,590.0
OHL,7/13/2015,620.0,608.0,606.0,606.0,-2.26,490.0,785.0,590.0
OHL,7/14/2015,606.0,614.0,611.0,611.0,0.83,620.0,785.0,590.0
OHL,7/15/2015,611.0,654.0,623.0,647.0,5.89,1340.0,785.0,590.0
OHL,7/16/2015,647.0,682.0,645.0,682.0,5.41,1450.0,785.0,590.0
OHL,7/22/2015,682.0,669.0,643.0,655.0,-3.96,150.0,785.0,590.0
OHL,7/29/2015,655.0,642.0,630.0,630.0,-3.82,1220.0,785.0,590.0
OHL,7/30/2015,630.0,618.0,600.0,600.0,-4.76,2380.0,785.0,590.0
OHL,8/2/2015,600.0,605.0,600.0,600.0,0.0,900.0,785.0,590.0
OHL,8/3/2015,600.0,610.0,586.0,610.0,1.67,1420.0,785.0,590.0
OHL,8/4/2015,610.0,612.0,600.0,600.0,-1.64,360.0,785.0,590.0
OHL,8/5/2015,600.0,605.0,593.0,593.0,-1.17,1530.0,785.0,590.0
OHL,8/6/2015,593.0,624.0,600.0,613.0,3.37,592.0,785.0,590.0
OHL,8/9/2015,613.0,621.0,615.0,621.0,1.31,1200.0,785.0,590.0
OHL,8/10/2015,621.0,609.0,605.0,605.0,-2.58,430.0,785.0,590.0
OHL,8/11/2015,605.0,609.0,595.0,595.0,-1.65,840.0,785.0,590.0
OHL,8/12/2015,595.0,604.0,584.0,604.0,1.51,1690.0,785.0,590.0
OHL,8/13/2015,604.0,601.0,585.0,585.0,-3.15,2233.0,785.0,590.0
OHL,8/16/2015,585.0,627.0,596.0,615.0,5.13,4032.0,785.0,590.0
OHL,8/17/2015,615.0,630.0,616.0,625.0,1.63,1042.0,785.0,590.0
OHL,8/18/2015,625.0,649.0,595.0,630.0,0.8,2840.0,785.0,590.0
OHL,8/19/2015,630.0,693.0,618.0,693.0,10.0,1140.0,785.0,590.0
OHL,8/20/2015,693.0,742.0,687.0,687.0,-0.87,289.0,785.0,590.0
OHL,8/23/2015,687.0,675.0,649.0,660.0,-3.93,64.0,785.0,590.0
OHL,8/25/2015,660.0,647.0,647.0,647.0,-1.97,22.0,785.0,590.0
OHL,8/27/2015,647.0,635.0,598.0,612.0,-5.41,1611.0,785.0,590.0
OHL,8/31/2015,612.0,630.0,600.0,618.0,0.98,2554.0,785.0,590.0
OHL,9/1/2015,618.0,642.0,610.0,635.0,2.75,6260.0,785.0,590.0
OHL,9/2/2015,635.0,635.0,604.0,617.0,-2.83,4431.0,785.0,590.0
OHL,9/3/2015,617.0,620.0,605.0,613.0,-0.65,4145.0,785.0,590.0
OHL,9/6/2015,613.0,625.0,602.0,608.0,-0.82,1118.0,785.0,590.0
OHL,9/7/2015,608.0,616.0,602.0,610.0,0.33,1705.0,785.0,590.0
OHL,9/8/2015,610.0,615.0,604.0,615.0,0.82,540.0,785.0,590.0
OHL,9/9/2015,615.0,615.0,610.0,610.0,-0.81,341.0,785.0,590.0
OHL,9/10/2015,610.0,610.0,598.0,600.0,-1.64,1366.0,785.0,590.0
OHL,9/13/2015,600.0,620.0,610.0,620.0,3.33,3249.0,785.0,590.0
OHL,9/14/2015,620.0,620.0,610.0,616.0,-0.65,1129.0,785.0,590.0
OHL,9/15/2015,616.0,618.0,612.0,615.0,-0.16,559.0,785.0,590.0
OHL,9/16/2015,615.0,615.0,605.0,610.0,-0.81,1957.0,785.0,590.0
OHL,9/17/2015,610.0,615.0,605.0,610.0,0.0,8946.0,785.0,590.0
OHL,9/22/2015,610.0,610.0,600.0,600.0,-1.64,8903.0,785.0,590.0
OHL,9/23/2015,600.0,620.0,588.0,615.0,2.5,4150.0,785.0,590.0
OHL,9/24/2015,615.0,612.0,605.0,612.0,-0.49,1350.0,785.0,590.0
OHL,9/28/2015,612.0,602.0,601.0,602.0,-1.63,110.0,785.0,590.0
OHL,9/29/2015,602.0,601.0,595.0,601.0,-0.17,786.0,785.0,590.0
OHL,9/30/2015,601.0,600.0,597.0,597.0,-0.67,222.0,785.0,590.0
OHL,10/1/2015,597.0,608.0,592.0,596.0,-0.17,1090.0,785.0,590.0
OHL,10/4/2015,596.0,591.0,580.0,591.0,-0.84,444.0,785.0,590.0
OHL,10/5/2015,591.0,590.0,590.0,590.0,-0.17,1570.0,785.0,590.0
OHL,10/6/2015,590.0,590.0,580.0,590.0,0.0,99.0,785.0,590.0
OHL,10/7/2015,590.0,580.0,575.0,580.0,-1.69,681.0,785.0,590.0
OHL,10/8/2015,580.0,570.0,569.0,570.0,-1.72,22.0,785.0,590.0
OHL,10/11/2015,570.0,569.0,560.0,569.0,-0.18,331.0,785.0,590.0
OHL,10/14/2015,569.0,565.0,556.0,561.0,-1.41,2259.0,785.0,590.0
OHL,10/15/2015,561.0,583.0,556.0,567.0,1.07,1026.0,785.0,590.0
OHL,10/18/2015,567.0,568.0,556.0,568.0,0.18,262.0,785.0,590.0
OHL,10/19/2015,568.0,575.0,575.0,575.0,1.23,40.0,785.0,590.0
OHL,10/25/2015,575.0,586.0,585.0,585.0,1.74,254.0,785.0,590.0
OHL,10/29/2015,585.0,598.0,554.0,591.0,1.03,2583.0,785.0,590.0
OHL,11/1/2015,591.0,584.0,552.0,552.0,-6.6,435.0,785.0,590.0
OHL,11/2/2015,552.0,566.0,555.0,555.0,0.54,375.0,785.0,590.0
OHL,11/3/2015,555.0,566.0,566.0,566.0,1.98,55.0,785.0,590.0
OHL,11/4/2015,566.0,555.0,555.0,555.0,-1.94,50.0,785.0,590.0
OHL,11/5/2015,555.0,550.0,539.0,540.0,-2.7,4514.0,785.0,590.0
OHL,11/8/2015,540.0,549.0,540.0,540.0,0.0,506.0,785.0,590.0
OHL,11/9/2015,540.0,561.0,540.0,540.0,0.0,1186.0,785.0,590.0
OHL,11/10/2015,540.0,560.0,529.0,552.0,2.22,7910.0,785.0,590.0
OHL,11/15/2015,460.0,478.0,442.0,450.0,-18.48,1464.0,785.0,590.0
OHL,11/16/2015,450.0,459.0,446.0,459.0,2.0,322.0,785.0,590.0
OHL,11/18/2015,459.0,452.0,452.0,452.0,-1.53,100.0,785.0,590.0
OHL,11/19/2015,452.0,443.0,435.0,435.0,-3.76,432.0,785.0,590.0
OHL,11/22/2015,435.0,443.0,435.0,443.0,1.84,72.0,785.0,590.0
OHL,11/23/2015,443.0,443.0,435.0,443.0,0.0,91.0,785.0,590.0
OHL,11/24/2015,443.0,435.0,427.0,428.0,-3.39,214.0,785.0,590.0
OHL,11/26/2015,428.0,420.0,420.0,420.0,-1.87,50.0,785.0,590.0
OHL,11/29/2015,420.0,413.0,385.0,385.0,-8.33,2027.0,785.0,590.0
OHL,12/1/2015,385.0,399.0,391.0,399.0,3.64,160.0,785.0,590.0
OHL,12/2/2015,399.0,392.0,385.0,385.0,-3.51,31.0,785.0,590.0
OHL,12/6/2015,385.0,399.0,392.0,395.0,2.6,1919.0,785.0,590.0
OHL,12/7/2015,395.0,423.0,390.0,408.0,3.29,5447.0,785.0,590.0
OHL,12/9/2015,408.0,410.0,402.0,410.0,0.49,2547.0,785.0,590.0
OHL,12/10/2015,410.0,402.0,401.0,401.0,-2.2,1760.0,785.0,590.0
OHL,12/13/2015,401.0,432.0,400.0,432.0,7.73,1249.0,785.0,590.0
OHL,12/14/2015,432.0,426.0,425.0,425.0,-1.62,150.0,785.0,590.0
OHL,12/15/2015,425.0,441.0,433.0,441.0,3.76,162.0,785.0,590.0
OHL,12/20/2015,441.0,433.0,418.0,426.0,-3.4,2393.0,785.0,590.0
OHL,12/21/2015,426.0,438.0,425.0,438.0,2.82,16221.0,785.0,590.0
OHL,12/22/2015,438.0,449.0,430.0,449.0,2.51,3809.0,785.0,590.0
OHL,12/23/2015,449.0,441.0,441.0,441.0,-1.78,649.0,785.0,590.0
OHL,12/24/2015,441.0,440.0,433.0,440.0,-0.23,2170.0,785.0,590.0
OHL,12/27/2015,440.0,445.0,445.0,445.0,1.14,418.0,785.0,590.0
OHL,12/29/2015,445.0,445.0,445.0,445.0,0.0,154.0,785.0,590.0
OHL,12/31/2015,445.0,445.0,422.0,422.0,-5.17,844.0,785.0,590.0
OHL,1/3/2016,422.0,416.0,408.0,416.0,-1.42,350.0,785.0,590.0
OHL,1/4/2016,416.0,417.0,417.0,417.0,0.24,22.0,785.0,590.0
OHL,1/5/2016,417.0,410.0,410.0,410.0,-1.68,260.0,785.0,590.0
OHL,1/6/2016,410.0,410.0,402.0,410.0,0.0,119.0,785.0,590.0
OHL,1/10/2016,410.0,415.0,405.0,414.0,0.98,141.0,785.0,590.0
OHL,1/11/2016,414.0,410.0,406.0,408.0,-1.45,2306.0,785.0,590.0
OHL,1/12/2016,408.0,404.0,400.0,400.0,-1.96,330.0,785.0,590.0
OHL,1/13/2016,400.0,414.0,400.0,406.0,1.5,2143.0,785.0,590.0
OHL,1/14/2016,406.0,420.0,400.0,415.0,2.22,1076.0,785.0,590.0
OHL,1/25/2016,415.0,456.0,423.0,456.0,9.88,10290.0,785.0,590.0
OHL,1/26/2016,456.0,476.0,456.0,476.0,4.39,9920.0,785.0,590.0
OHL,1/27/2016,476.0,470.0,470.0,470.0,-1.26,800.0,785.0,590.0
OHL,2/2/2016,470.0,461.0,455.0,455.0,-3.19,150.0,785.0,590.0
OHL,2/4/2016,455.0,459.0,450.0,459.0,0.88,5050.0,785.0,590.0
OHL,2/7/2016,459.0,450.0,450.0,450.0,-1.96,100.0,785.0,590.0
OHL,2/8/2016,450.0,450.0,449.0,449.0,-0.22,600.0,785.0,590.0
OHL,2/14/2016,449.0,446.0,446.0,446.0,-0.67,50.0,785.0,590.0
OHL,2/15/2016,446.0,440.0,440.0,440.0,-1.35,100.0,785.0,590.0
OHL,2/22/2016,440.0,435.0,435.0,435.0,-1.14,200.0,785.0,590.0
OHL,2/23/2016,435.0,430.0,419.0,419.0,-3.68,284.0,785.0,590.0
OHL,2/24/2016,419.0,415.0,415.0,415.0,-0.95,1000.0,785.0,590.0
OHL,2/29/2016,415.0,410.0,402.0,409.0,-1.45,10014.0,785.0,590.0
OHL,3/1/2016,409.0,405.0,405.0,405.0,-0.98,279.0,785.0,590.0
OHL,3/2/2016,405.0,413.0,413.0,413.0,1.98,500.0,785.0,590.0
OHL,3/3/2016,413.0,454.0,421.0,454.0,9.93,5810.0,785.0,590.0
OHL,3/6/2016,454.0,463.0,454.0,454.0,0.0,60.0,785.0,590.0
OHL,3/10/2016,454.0,452.0,450.0,450.0,-0.88,450.0,785.0,590.0
OHL,3/14/2016,450.0,441.0,441.0,441.0,-2.0,100.0,785.0,590.0
OHL,3/15/2016,441.0,433.0,433.0,433.0,-1.81,260.0,785.0,590.0
OHL,3/16/2016,433.0,449.0,433.0,449.0,3.7,675.0,785.0,590.0
OHL,3/17/2016,449.0,441.0,434.0,440.0,-2.0,3833.0,785.0,590.0
OHL,3/20/2016,440.0,468.0,448.0,460.0,4.55,5360.0,785.0,590.0
OHL,3/21/2016,460.0,488.0,451.0,469.0,1.96,2128.0,785.0,590.0
OHL,3/23/2016,469.0,469.0,460.0,469.0,0.0,365.0,785.0,590.0
OHL,3/24/2016,469.0,499.0,478.0,495.0,5.54,6060.0,785.0,590.0
OHL,3/27/2016,495.0,513.0,500.0,513.0,3.64,10310.0,785.0,590.0
OHL,3/28/2016,513.0,503.0,502.0,502.0,-2.14,700.0,785.0,590.0
OHL,3/30/2016,502.0,500.0,500.0,500.0,-0.4,900.0,785.0,590.0
OHL,3/31/2016,500.0,490.0,482.0,482.0,-3.6,32.0,785.0,590.0
OHL,4/3/2016,482.0,473.0,456.0,465.0,-3.53,2323.0,785.0,590.0
OHL,4/4/2016,465.0,474.0,474.0,474.0,1.94,154.0,785.0,590.0
OHL,4/5/2016,474.0,501.0,482.0,491.0,3.59,3716.0,785.0,590.0
OHL,4/10/2016,491.0,490.0,483.0,490.0,-0.2,176.0,785.0,590.0
OHL,4/12/2016,490.0,508.0,498.0,503.0,2.65,828.0,785.0,590.0
OHL,4/14/2016,503.0,518.0,510.0,510.0,1.39,1614.0,785.0,590.0
OHL,4/17/2016,510.0,500.0,490.0,490.0,-3.92,20.0,785.0,590.0
OHL,4/18/2016,490.0,499.0,490.0,490.0,0.0,72.0,785.0,590.0
OHL,4/19/2016,490.0,538.0,492.0,518.0,5.71,2720.0,785.0,590.0
OHL,4/20/2016,518.0,510.0,500.0,510.0,-1.54,3921.0,785.0,590.0
OHL,4/21/2016,510.0,529.0,510.0,529.0,3.73,7160.0,785.0,590.0
OHL,4/24/2016,529.0,530.0,525.0,530.0,0.19,150.0,785.0,590.0
OHL,4/25/2016,530.0,530.0,525.0,525.0,-0.94,158.0,785.0,590.0
OHL,4/26/2016,525.0,530.0,530.0,530.0,0.95,20.0,785.0,590.0
OHL,4/27/2016,530.0,520.0,520.0,520.0,-1.89,220.0,785.0,590.0
OHL,4/28/2016,520.0,525.0,520.0,525.0,0.96,362.0,785.0,590.0
OHL,5/2/2016,525.0,525.0,525.0,525.0,0.0,444.0,785.0,590.0
OHL,5/3/2016,525.0,515.0,505.0,505.0,-3.81,20.0,785.0,590.0
OHL,5/4/2016,505.0,516.0,506.0,506.0,0.2,391.0,785.0,590.0
OHL,5/5/2016,506.0,496.0,496.0,496.0,-1.98,10.0,785.0,590.0
OHL,5/8/2016,496.0,505.0,500.0,505.0,1.81,522.0,785.0,590.0
OHL,5/9/2016,505.0,505.0,500.0,505.0,0.0,540.0,785.0,590.0
OHL,5/10/2016,505.0,525.0,515.0,525.0,3.96,7215.0,785.0,590.0
OHL,5/11/2016,525.0,515.0,515.0,515.0,-1.9,413.0,785.0,590.0
OHL,5/15/2016,515.0,525.0,505.0,515.0,0.0,6601.0,785.0,590.0
OHL,5/16/2016,515.0,519.0,515.0,519.0,0.78,657.0,785.0,590.0
OHL,5/17/2016,519.0,525.0,515.0,516.0,-0.58,2400.0,785.0,590.0
OHL,5/18/2016,516.0,516.0,515.0,516.0,0.0,900.0,785.0,590.0
OHL,5/22/2016,516.0,515.0,505.0,505.0,-2.13,93.0,785.0,590.0
OHL,5/24/2016,505.0,495.0,495.0,495.0,-1.98,22.0,785.0,590.0
OHL,5/25/2016,495.0,514.0,487.0,514.0,3.84,260.0,785.0,590.0
OHL,5/31/2016,514.0,520.0,500.0,510.0,-0.78,5726.0,785.0,590.0
OHL,6/1/2016,510.0,530.0,500.0,530.0,3.92,532.0,785.0,590.0
OHL,6/2/2016,530.0,550.0,520.0,530.0,0.0,520.0,785.0,590.0
OHL,6/5/2016,530.0,529.0,520.0,520.0,-1.89,783.0,785.0,590.0
OHL,6/6/2016,520.0,510.0,510.0,510.0,-1.92,2207.0,785.0,590.0
OHL,6/7/2016,510.0,500.0,500.0,500.0,-1.96,60.0,785.0,590.0
OHL,6/9/2016,500.0,510.0,495.0,495.0,-1.0,80.0,785.0,590.0
OHL,6/12/2016,495.0,495.0,459.0,495.0,0.0,85358.0,785.0,590.0
OHL,6/13/2016,495.0,525.0,504.0,525.0,6.06,1410.0,785.0,590.0
OHL,6/14/2016,525.0,560.0,520.0,550.0,4.76,12789.0,785.0,590.0
OHL,6/15/2016,550.0,561.0,530.0,540.0,-1.82,2992.0,785.0,590.0
OHL,6/16/2016,540.0,550.0,540.0,540.0,0.0,710.0,785.0,590.0
OHL,6/20/2016,540.0,540.0,520.0,520.0,-3.7,1626.0,785.0,590.0
OHL,6/21/2016,520.0,530.0,520.0,520.0,0.0,92.0,785.0,590.0
OHL,6/23/2016,520.0,540.0,530.0,530.0,1.92,2080.0,785.0,590.0
OHL,6/27/2016,530.0,530.0,520.0,530.0,0.0,610.0,785.0,590.0
OHL,6/28/2016,530.0,520.0,520.0,520.0,-1.89,300.0,785.0,590.0
OHL,6/29/2016,520.0,550.0,530.0,550.0,5.77,42.0,785.0,590.0
OHL,6/30/2016,550.0,548.0,538.0,538.0,-2.18,153.0,785.0,590.0
OHL,7/3/2016,538.0,548.0,548.0,548.0,1.86,1268.0,785.0,590.0
OHL,7/4/2016,548.0,550.0,540.0,540.0,-1.46,694.0,785.0,590.0
OHL,7/5/2016,540.0,545.0,515.0,545.0,0.93,1992.0,785.0,590.0
OHL,7/6/2016,545.0,555.0,535.0,535.0,-1.83,2434.0,785.0,590.0
OHL,7/10/2016,535.0,525.0,525.0,525.0,-1.87,564.0,785.0,590.0
OHL,7/11/2016,525.0,530.0,515.0,515.0,-1.9,898.0,785.0,590.0
OHL,7/12/2016,515.0,535.0,520.0,520.0,0.97,1040.0,785.0,590.0
OHL,7/13/2016,520.0,530.0,510.0,530.0,1.92,325.0,785.0,590.0
OHL,7/14/2016,530.0,583.0,519.0,583.0,10.0,1204.0,785.0,590.0
OHL,7/18/2016,583.0,594.0,583.0,583.0,0.0,410.0,785.0,590.0
OHL,7/19/2016,583.0,584.0,559.0,559.0,-4.12,1338.0,785.0,590.0
OHL,7/20/2016,559.0,550.0,530.0,530.0,-5.19,3330.0,785.0,590.0
OHL,7/21/2016,530.0,540.0,520.0,540.0,1.89,969.0,785.0,590.0
OHL,7/25/2016,540.0,535.0,525.0,535.0,-0.93,1385.0,785.0,590.0
OHL,7/26/2016,535.0,585.0,540.0,585.0,9.35,20983.0,785.0,590.0
OHL,7/27/2016,585.0,637.0,596.0,631.0,7.86,8672.0,785.0,590.0
OHL,7/28/2016,631.0,643.0,606.0,615.0,-2.54,4981.0,785.0,590.0
OHL,7/31/2016,615.0,637.0,613.0,620.0,0.81,4370.0,785.0,590.0
OHL,8/1/2016,620.0,632.0,608.0,632.0,1.94,5170.0,785.0,590.0
OHL,8/2/2016,632.0,630.0,609.0,610.0,-3.48,6789.0,785.0,590.0
OHL,8/3/2016,610.0,623.0,598.0,620.0,1.64,2536.0,785.0,590.0
OHL,8/4/2016,620.0,608.0,574.0,574.0,-7.42,9290.0,785.0,590.0
OHL,8/7/2016,574.0,587.0,575.0,585.0,1.92,2907.0,785.0,590.0
OHL,8/8/2016,585.0,574.0,574.0,574.0,-1.88,50.0,785.0,590.0
OHL,8/10/2016,574.0,585.0,563.0,585.0,1.92,1615.0,785.0,590.0
OHL,8/11/2016,585.0,575.0,574.0,574.0,-1.88,553.0,785.0,590.0
OHL,8/14/2016,574.0,563.0,552.0,552.0,-3.83,1085.0,785.0,590.0
OHL,8/15/2016,552.0,550.0,532.0,540.0,-2.17,942.0,785.0,590.0
OHL,8/16/2016,540.0,561.0,540.0,561.0,3.89,1514.0,785.0,590.0
OHL,8/17/2016,561.0,572.0,561.0,571.0,1.78,1808.0,785.0,590.0
OHL,8/21/2016,571.0,590.0,575.0,575.0,0.7,2612.0,785.0,590.0
OHL,8/22/2016,575.0,575.0,564.0,566.0,-1.57,830.0,785.0,590.0
OHL,8/23/2016,566.0,570.0,556.0,556.0,-1.77,1511.0,785.0,590.0
OHL,8/24/2016,556.0,602.0,567.0,602.0,8.27,2347.0,785.0,590.0
OHL,8/28/2016,602.0,600.0,569.0,600.0,-0.33,1655.0,785.0,590.0
OHL,8/29/2016,600.0,600.0,588.0,588.0,-2.0,100.0,785.0,590.0
OHL,8/30/2016,588.0,580.0,567.0,580.0,-1.36,563.0,785.0,590.0
OHL,8/31/2016,580.0,601.0,580.0,601.0,3.62,985.0,785.0,590.0
OHL,9/1/2016,601.0,595.0,590.0,595.0,-1.0,774.0,785.0,590.0
OHL,9/3/2016,595.0,618.0,606.0,606.0,1.85,2492.0,785.0,590.0
OHL,9/4/2016,595.0,618.0,606.0,606.0,0.0,2492.0,785.0,590.0
OHL,9/5/2016,606.0,618.0,601.0,604.0,-0.33,1672.0,785.0,590.0
OHL,9/6/2016,604.0,628.0,600.0,600.0,-0.66,5294.0,785.0,590.0
OHL,9/7/2016,600.0,624.0,610.0,610.0,1.67,410.0,785.0,590.0
OHL,9/8/2016,610.0,622.0,598.0,620.0,1.64,5031.0,785.0,590.0
OHL,9/11/2016,620.0,610.0,605.0,605.0,-2.42,685.0,785.0,590.0
OHL,9/12/2016,605.0,615.0,595.0,615.0,1.65,941.0,785.0,590.0
OHL,9/14/2016,615.0,660.0,626.0,639.0,3.9,8946.0,785.0,590.0
OHL,9/18/2016,639.0,650.0,635.0,645.0,0.94,6736.0,785.0,590.0
OHL,9/20/2016,645.0,660.0,640.0,660.0,2.33,5944.0,785.0,590.0
OHL,9/21/2016,660.0,660.0,619.0,647.0,-1.97,4302.0,785.0,590.0
OHL,9/22/2016,539.0,570.0,549.0,570.0,-11.9,110.0,785.0,590.0
OHL,9/25/2016,570.0,559.0,559.0,559.0,-1.93,310.0,785.0,590.0
OHL,10/2/2016,559.0,548.0,528.0,538.0,-3.76,610.0,785.0,590.0
OHL,10/3/2016,538.0,548.0,518.0,548.0,1.86,1247.0,785.0,590.0
OHL,10/4/2016,548.0,538.0,538.0,538.0,-1.82,100.0,785.0,590.0
OHL,10/5/2016,538.0,530.0,530.0,530.0,-1.49,105.0,785.0,590.0
OHL,10/6/2016,530.0,545.0,540.0,545.0,2.83,1207.0,785.0,590.0
OHL,10/16/2016,545.0,555.0,544.0,544.0,-0.18,152.0,785.0,590.0
OHL,10/18/2016,544.0,544.0,534.0,540.0,-0.74,2266.0,785.0,590.0
OHL,10/19/2016,540.0,540.0,530.0,540.0,0.0,1522.0,785.0,590.0
OHL,10/20/2016,540.0,532.0,530.0,530.0,-1.85,1013.0,785.0,590.0
OHL,10/23/2016,530.0,545.0,540.0,545.0,2.83,546.0,785.0,590.0
OHL,10/24/2016,545.0,555.0,530.0,530.0,-2.75,1283.0,785.0,590.0
OHL,10/25/2016,530.0,530.0,520.0,520.0,-1.89,1118.0,785.0,590.0
OHL,10/26/2016,520.0,540.0,530.0,530.0,1.92,204.0,785.0,590.0
OHL,10/27/2016,530.0,524.0,524.0,524.0,-1.13,22.0,785.0,590.0
OHL,11/7/2016,524.0,534.0,525.0,525.0,0.19,1161.0,785.0,590.0
OHL,11/8/2016,525.0,525.0,525.0,525.0,0.0,15.0,785.0,590.0
OHL,11/10/2016,525.0,525.0,515.0,515.0,-1.9,376.0,785.0,590.0
OHL,11/13/2016,515.0,505.0,492.0,500.0,-2.91,2158.0,785.0,590.0
OHL,11/14/2016,500.0,490.0,490.0,490.0,-2.0,26.0,785.0,590.0
OHL,11/15/2016,490.0,485.0,481.0,485.0,-1.02,962.0,785.0,590.0
OHL,11/16/2016,485.0,503.0,485.0,503.0,3.71,42.0,785.0,590.0
OHL,11/17/2016,503.0,505.0,505.0,505.0,0.4,10.0,785.0,590.0
OHL,11/21/2016,505.0,510.0,510.0,510.0,0.99,10.0,785.0,590.0
OHL,11/22/2016,510.0,520.0,481.0,499.0,-2.16,3791.0,785.0,590.0
OHL,11/23/2016,499.0,490.0,472.0,481.0,-3.61,470.0,785.0,590.0
OHL,11/24/2016,481.0,490.0,490.0,490.0,1.87,10.0,785.0,590.0
OHL,11/27/2016,490.0,499.0,499.0,499.0,1.84,10.0,785.0,590.0
OHL,11/28/2016,499.0,499.0,463.0,499.0,0.0,3527.0,785.0,590.0
OHL,11/29/2016,499.0,500.0,495.0,500.0,0.2,45.0,785.0,590.0
OHL,11/30/2016,500.0,500.0,491.0,500.0,0.0,56.0,785.0,590.0
OHL,12/5/2016,500.0,500.0,490.0,490.0,-2.0,142.0,785.0,590.0
OHL,12/6/2016,490.0,498.0,480.0,494.0,0.82,3092.0,785.0,590.0
OHL,12/7/2016,494.0,503.0,476.0,476.0,-3.64,651.0,785.0,590.0
OHL,12/8/2016,476.0,485.0,485.0,485.0,1.89,69.0,785.0,590.0
OHL,12/11/2016,485.0,477.0,476.0,476.0,-1.86,267.0,785.0,590.0
OHL,12/12/2016,476.0,480.0,470.0,480.0,0.84,561.0,785.0,590.0
OHL,12/14/2016,480.0,472.0,466.0,468.0,-2.5,741.0,785.0,590.0
OHL,12/15/2016,468.0,484.0,475.0,475.0,1.5,491.0,785.0,590.0
OHL,12/18/2016,475.0,484.0,484.0,484.0,1.89,409.0,785.0,590.0
OHL,12/19/2016,484.0,475.0,467.0,467.0,-3.51,1002.0,785.0,590.0
OHL,12/20/2016,467.0,476.0,467.0,470.0,0.64,534.0,785.0,590.0
OHL,12/21/2016,470.0,461.0,450.0,450.0,-4.26,2752.0,785.0,590.0
OHL,12/22/2016,450.0,455.0,455.0,455.0,1.11,237.0,785.0,590.0
OHL,12/26/2016,455.0,460.0,451.0,459.0,0.88,372.0,785.0,590.0
OHL,12/27/2016,459.0,460.0,451.0,451.0,-1.74,370.0,785.0,590.0
OHL,12/29/2016,451.0,476.0,458.0,467.0,3.55,1676.0,785.0,590.0
OHL,1/1/2017,467.0,476.0,476.0,476.0,1.93,10.0,785.0,590.0
OHL,1/2/2017,476.0,485.0,480.0,480.0,0.84,46.0,785.0,590.0
OHL,1/3/2017,480.0,489.0,489.0,489.0,1.88,10.0,785.0,590.0
OHL,1/5/2017,489.0,480.0,471.0,471.0,-3.68,113.0,785.0,590.0
OHL,1/8/2017,471.0,479.0,462.0,479.0,1.7,195.0,785.0,590.0
OHL,1/9/2017,479.0,470.0,470.0,470.0,-1.88,92.0,785.0,590.0
OHL,1/10/2017,470.0,475.0,470.0,475.0,1.06,128.0,785.0,590.0
OHL,1/11/2017,475.0,475.0,475.0,475.0,0.0,130.0,785.0,590.0
OHL,1/12/2017,475.0,466.0,460.0,460.0,-3.16,1444.0,785.0,590.0
OHL,1/15/2017,460.0,469.0,465.0,465.0,1.09,44.0,785.0,590.0
OHL,1/16/2017,465.0,470.0,460.0,460.0,-1.08,108.0,785.0,590.0
OHL,1/17/2017,460.0,475.0,465.0,475.0,3.26,800.0,785.0,590.0
OHL,1/18/2017,475.0,471.0,467.0,471.0,-0.84,215.0,785.0,590.0
OHL,1/19/2017,471.0,498.0,471.0,498.0,5.73,10358.0,785.0,590.0
OHL,1/23/2017,498.0,490.0,480.0,480.0,-3.61,526.0,785.0,590.0
OHL,1/24/2017,480.0,477.0,471.0,475.0,-1.04,1871.0,785.0,590.0
OHL,1/25/2017,475.0,467.0,466.0,466.0,-1.89,120.0,785.0,590.0
OHL,1/26/2017,466.0,475.0,470.0,470.0,0.86,160.0,785.0,590.0
OHL,1/30/2017,470.0,479.0,479.0,479.0,1.91,20.0,785.0,590.0
OHL,1/31/2017,479.0,470.0,470.0,470.0,-1.88,149.0,785.0,590.0
OHL,2/1/2017,470.0,470.0,461.0,461.0,-1.91,1268.0,785.0,590.0
OHL,2/2/2017,461.0,464.0,455.0,464.0,0.65,456.0,785.0,590.0
OHL,2/5/2017,464.0,480.0,473.0,480.0,3.45,20.0,785.0,590.0
OHL,2/6/2017,480.0,479.0,453.0,479.0,-0.21,433.0,785.0,590.0
OHL,2/7/2017,479.0,470.0,470.0,470.0,-1.88,5.0,785.0,590.0
OHL,2/9/2017,479.0,470.0,460.0,460.0,-2.13,81.0,785.0,590.0
OHL,2/12/2017,460.0,460.0,451.0,451.0,-1.96,603.0,785.0,590.0
OHL,2/13/2017,451.0,459.0,426.0,459.0,1.77,599.0,785.0,590.0
OHL,2/14/2017,459.0,466.0,440.0,448.0,-2.4,163.0,785.0,590.0
OHL,2/15/2017,448.0,459.0,451.0,451.0,0.67,1640.0,785.0,590.0
OHL,2/16/2017,451.0,474.0,450.0,474.0,5.1,776.0,785.0,590.0
OHL,2/19/2017,474.0,483.0,483.0,483.0,1.9,10.0,785.0,590.0
OHL,2/20/2017,483.0,485.0,485.0,485.0,0.41,141.0,785.0,590.0
OHL,2/23/2017,485.0,484.0,466.0,475.0,-2.06,736.0,785.0,590.0
OHL,2/28/2017,475.0,468.0,460.0,460.0,-3.16,190.0,785.0,590.0
OHL,3/1/2017,460.0,451.0,451.0,451.0,-1.96,26.0,785.0,590.0
OHL,3/2/2017,451.0,469.0,451.0,451.0,0.0,306.0,785.0,590.0
OHL,3/5/2017,451.0,443.0,443.0,443.0,-1.77,3047.0,785.0,590.0
OHL,3/6/2017,443.0,465.0,451.0,455.0,2.71,8415.0,785.0,590.0
OHL,3/7/2017,455.0,462.0,450.0,450.0,-1.1,10910.0,785.0,590.0
OHL,3/9/2017,450.0,466.0,447.0,466.0,3.56,199.0,785.0,590.0
OHL,3/13/2017,466.0,475.0,466.0,475.0,1.93,100.0,785.0,590.0
OHL,3/14/2017,475.0,468.0,448.0,448.0,-5.68,765.0,785.0,590.0
OHL,3/15/2017,448.0,456.0,448.0,448.0,0.0,49.0,785.0,590.0
OHL,3/16/2017,448.0,455.0,448.0,455.0,1.56,171.0,785.0,590.0
OHL,3/19/2017,455.0,483.0,464.0,483.0,6.15,1653.0,785.0,590.0
OHL,3/20/2017,483.0,520.0,485.0,500.0,3.52,8146.0,785.0,590.0
OHL,3/21/2017,500.0,530.0,500.0,510.0,2.0,16780.0,785.0,590.0
OHL,3/22/2017,510.0,548.0,510.0,538.0,5.49,2818.0,785.0,590.0
OHL,3/23/2017,538.0,548.0,518.0,530.0,-1.49,1403.0,785.0,590.0
OHL,3/26/2017,530.0,560.0,510.0,548.0,3.4,10376.0,785.0,590.0
OHL,3/28/2017,548.0,582.0,538.0,582.0,6.2,1133.0,785.0,590.0
OHL,3/29/2017,582.0,604.0,581.0,583.0,0.17,9265.0,785.0,590.0
OHL,3/30/2017,583.0,574.0,562.0,574.0,-1.54,2738.0,785.0,590.0
OHL,4/2/2017,574.0,607.0,585.0,596.0,3.83,323.0,785.0,590.0
OHL,4/3/2017,596.0,650.0,600.0,608.0,2.01,4446.0,785.0,590.0
OHL,4/4/2017,608.0,620.0,585.0,608.0,0.0,2712.0,785.0,590.0
OHL,4/6/2017,608.0,615.0,600.0,601.0,-1.15,3102.0,785.0,590.0
OHL,4/9/2017,601.0,618.0,573.0,617.0,2.66,5572.0,785.0,590.0
OHL,4/10/2017,617.0,617.0,600.0,617.0,0.0,445.0,785.0,590.0
OHL,4/11/2017,617.0,649.0,612.0,613.0,-0.65,2165.0,785.0,590.0
OHL,4/12/2017,613.0,668.0,605.0,655.0,6.85,8886.0,785.0,590.0
OHL,4/13/2017,655.0,652.0,631.0,639.0,-2.44,1866.0,785.0,590.0
OHL,4/16/2017,639.0,651.0,623.0,623.0,-2.5,1753.0,785.0,590.0
OHL,4/18/2017,623.0,632.0,589.0,622.0,-0.16,3202.0,785.0,590.0
OHL,4/19/2017,622.0,645.0,630.0,645.0,3.7,2348.0,785.0,590.0
OHL,4/20/2017,645.0,645.0,634.0,634.0,-1.71,811.0,785.0,590.0
OHL,4/23/2017,634.0,645.0,622.0,645.0,1.74,1186.0,785.0,590.0
OHL,4/24/2017,645.0,650.0,633.0,650.0,0.78,7485.0,785.0,590.0
OHL,4/25/2017,650.0,664.0,650.0,660.0,1.54,3324.0,785.0,590.0
OHL,4/26/2017,660.0,698.0,666.0,669.0,1.36,7285.0,785.0,590.0
OHL,4/27/2017,669.0,685.0,670.0,675.0,0.9,3202.0,785.0,590.0
OHL,4/30/2017,675.0,688.0,667.0,688.0,1.93,2154.0,785.0,590.0
OHL,5/2/2017,688.0,701.0,680.0,691.0,0.44,3080.0,785.0,590.0
OHL,5/3/2017,691.0,719.0,700.0,719.0,4.05,1278.0,785.0,590.0
OHL,5/4/2017,719.0,747.0,715.0,725.0,0.83,6018.0,785.0,590.0
OHL,5/7/2017,725.0,730.0,715.0,720.0,-0.69,3249.0,785.0,590.0
OHL,5/8/2017,720.0,734.0,710.0,710.0,-1.39,370.0,785.0,590.0
OHL,5/9/2017,710.0,740.0,710.0,740.0,4.23,2133.0,785.0,590.0
OHL,5/11/2017,740.0,760.0,726.0,747.0,0.95,6366.0,785.0,590.0
OHL,5/15/2017,747.0,760.0,734.0,734.0,-1.74,1015.0,785.0,590.0
OHL,5/16/2017,734.0,734.0,730.0,734.0,0.0,73.0,785.0,590.0
OHL,5/17/2017,734.0,720.0,708.0,708.0,-3.54,292.0,785.0,590.0
OHL,5/18/2017,708.0,725.0,713.0,720.0,1.69,1759.0,785.0,590.0
OHL,5/21/2017,720.0,715.0,693.0,705.0,-2.08,2012.0,785.0,590.0
OHL,5/22/2017,705.0,705.0,691.0,705.0,0.0,506.0,785.0,590.0
OHL,5/23/2017,705.0,714.0,700.0,700.0,-0.71,3203.0,785.0,590.0
OHL,5/24/2017,700.0,710.0,686.0,705.0,0.71,5358.0,785.0,590.0
OHL,5/28/2017,705.0,705.0,705.0,705.0,0.0,513.0,785.0,590.0
OHL,5/30/2017,705.0,695.0,682.0,695.0,-1.42,2990.0,785.0,590.0
OHL,5/31/2017,695.0,690.0,674.0,688.0,-1.01,1083.0,785.0,590.0
OHL,6/1/2017,688.0,699.0,675.0,675.0,-1.89,946.0,785.0,590.0
OHL,6/4/2017,675.0,688.0,662.0,671.0,-0.59,1313.0,785.0,590.0
OHL,6/5/2017,671.0,683.0,658.0,683.0,1.79,437.0,785.0,590.0
OHL,6/6/2017,683.0,703.0,670.0,703.0,2.93,429.0,785.0,590.0
OHL,6/7/2017,703.0,690.0,677.0,677.0,-3.7,1000.0,785.0,590.0
OHL,6/8/2017,677.0,693.0,677.0,680.0,0.44,1373.0,785.0,590.0
OHL,6/11/2017,680.0,693.0,679.0,680.0,0.0,1630.0,785.0,590.0
OHL,6/12/2017,680.0,680.0,667.0,675.0,-0.74,862.0,785.0,590.0
OHL,6/13/2017,675.0,687.0,672.0,675.0,0.0,691.0,785.0,590.0
OHL,6/14/2017,675.0,685.0,685.0,685.0,1.48,40.0,785.0,590.0
OHL,6/15/2017,685.0,685.0,672.0,679.0,-0.88,200.0,785.0,590.0
OHL,6/18/2017,679.0,675.0,675.0,675.0,-0.59,1000.0,785.0,590.0
OHL,6/19/2017,675.0,669.0,669.0,669.0,-0.89,13.0,785.0,590.0
OHL,6/20/2017,669.0,700.0,676.0,686.0,2.54,489.0,785.0,590.0
OHL,6/21/2017,686.0,686.0,660.0,670.0,-2.33,26675.0,785.0,590.0
OHL,6/22/2017,670.0,683.0,672.0,672.0,0.3,43.0,785.0,590.0
OHL,6/25/2017,672.0,685.0,680.0,685.0,1.93,2501.0,785.0,590.0
OHL,6/27/2017,685.0,672.0,672.0,672.0,-1.9,10.0,785.0,590.0
OHL,6/28/2017,672.0,685.0,685.0,685.0,1.93,10.0,785.0,590.0
OHL,7/2/2017,685.0,675.0,661.0,661.0,-3.5,550.0,785.0,590.0
OHL,7/3/2017,661.0,674.0,655.0,655.0,-0.91,5278.0,785.0,590.0
OHL,7/4/2017,655.0,660.0,653.0,653.0,-0.31,287.0,785.0,590.0
OHL,7/5/2017,653.0,650.0,640.0,650.0,-0.46,5092.0,785.0,590.0
OHL,7/6/2017,650.0,673.0,652.0,673.0,3.54,839.0,785.0,590.0
OHL,7/9/2017,673.0,686.0,660.0,660.0,-1.93,1490.0,785.0,590.0
OHL,7/10/2017,660.0,673.0,660.0,662.0,0.3,86.0,785.0,590.0
OHL,7/11/2017,662.0,688.0,675.0,677.0,2.27,105.0,785.0,590.0
OHL,7/12/2017,677.0,680.0,670.0,670.0,-1.03,382.0,785.0,590.0
OHL,7/13/2017,670.0,680.0,654.0,654.0,-2.39,31912.0,785.0,590.0
OHL,7/16/2017,654.0,670.0,650.0,670.0,2.45,540.0,785.0,590.0
OHL,7/17/2017,670.0,690.0,675.0,690.0,2.99,1291.0,785.0,590.0
OHL,7/18/2017,690.0,712.0,690.0,712.0,3.19,143.0,785.0,590.0
OHL,7/19/2017,712.0,711.0,700.0,700.0,-1.69,5700.0,785.0,590.0
OHL,7/20/2017,700.0,700.0,686.0,699.0,-0.14,11169.0,785.0,590.0
OHL,7/23/2017,699.0,710.0,687.0,710.0,1.57,759.0,785.0,590.0
OHL,7/24/2017,710.0,719.0,701.0,702.0,-1.13,3776.0,785.0,590.0
OHL,7/25/2017,702.0,716.0,700.0,716.0,1.99,3549.0,785.0,590.0
OHL,7/26/2017,716.0,730.0,702.0,720.0,0.56,1442.0,785.0,590.0
OHL,7/27/2017,720.0,777.0,715.0,775.0,7.64,13911.0,785.0,590.0
OHL,7/30/2017,775.0,810.0,760.0,809.0,4.39,12681.0,785.0,590.0
OHL,7/31/2017,809.0,889.0,825.0,889.0,9.89,18154.0,785.0,590.0
OHL,8/1/2017,889.0,955.0,906.0,930.0,4.61,43072.0,785.0,590.0
OHL,8/2/2017,930.0,975.0,935.0,960.0,3.23,35473.0,785.0,590.0
OHL,8/3/2017,960.0,990.0,942.0,966.0,0.63,22825.0,785.0,590.0
OHL,8/6/2017,966.0,970.0,926.0,950.0,-1.66,6986.0,785.0,590.0
OHL,8/7/2017,950.0,975.0,936.0,962.0,1.26,8328.0,785.0,590.0
OHL,8/9/2017,962.0,960.0,935.0,935.0,-2.81,8015.0,785.0,590.0
OHL,8/10/2017,935.0,949.0,922.0,924.0,-1.18,8044.0,785.0,590.0
OHL,8/13/2017,924.0,959.0,907.0,907.0,-1.84,9040.0,785.0,590.0
OHL,8/15/2017,907.0,925.0,907.0,923.0,1.76,8808.0,785.0,590.0
OHL,8/16/2017,923.0,940.0,906.0,924.0,0.11,4217.0,785.0,590.0
OHL,8/17/2017,924.0,939.0,901.0,908.0,-1.73,3314.0,785.0,590.0
OHL,8/20/2017,908.0,944.0,896.0,928.0,2.2,2289.0,785.0,590.0
OHL,8/21/2017,928.0,940.0,900.0,919.0,-0.97,428.0,785.0,590.0
OHL,8/23/2017,919.0,910.0,856.0,873.0,-5.01,1212.0,785.0,590.0
OHL,8/24/2017,873.0,907.0,851.0,851.0,-2.52,1667.0,785.0,590.0
OHL,8/27/2017,851.0,899.0,853.0,890.0,4.58,3354.0,785.0,590.0
OHL,8/28/2017,890.0,890.0,870.0,870.0,-2.25,890.0,785.0,590.0
OHL,8/30/2017,870.0,870.0,853.0,854.0,-1.84,826.0,785.0,590.0
OHL,8/31/2017,854.0,872.0,855.0,872.0,2.11,1851.0,785.0,590.0
OHL,9/4/2017,872.0,889.0,855.0,873.0,0.11,899.0,785.0,590.0
OHL,9/6/2017,873.0,906.0,856.0,906.0,3.78,3193.0,785.0,590.0
OHL,9/7/2017,906.0,919.0,890.0,890.0,-1.77,2077.0,785.0,590.0
OHL,9/10/2017,890.0,873.0,850.0,855.0,-3.93,2010.0,785.0,590.0
OHL,9/11/2017,855.0,890.0,865.0,883.0,3.27,723.0,785.0,590.0
OHL,9/12/2017,883.0,900.0,852.0,858.0,-2.83,2015.0,785.0,590.0
OHL,9/13/2017,858.0,867.0,850.0,866.0,0.93,243.0,785.0,590.0
OHL,9/14/2017,866.0,898.0,873.0,898.0,3.7,2127.0,785.0,590.0
OHL,9/17/2017,898.0,918.0,869.0,889.0,-1.0,766.0,785.0,590.0
OHL,9/18/2017,889.0,873.0,855.0,873.0,-1.8,1153.0,785.0,590.0
OHL,9/20/2017,873.0,875.0,856.0,856.0,-1.95,1264.0,785.0,590.0
OHL,9/24/2017,856.0,900.0,850.0,900.0,5.14,655.0,785.0,590.0
OHL,9/25/2017,900.0,890.0,883.0,890.0,-1.11,20.0,785.0,590.0
OHL,9/26/2017,890.0,873.0,856.0,856.0,-3.82,167.0,785.0,590.0
OHL,10/3/2017,856.0,899.0,873.0,899.0,5.02,36.0,785.0,590.0
OHL,10/4/2017,899.0,898.0,878.0,893.0,-0.67,12298.0,785.0,590.0
OHL,10/8/2017,893.0,876.0,845.0,865.0,-3.14,3017.0,785.0,590.0
OHL,10/9/2017,865.0,882.0,840.0,855.0,-1.16,880.0,785.0,590.0
OHL,10/10/2017,855.0,869.0,843.0,860.0,0.58,3775.0,785.0,590.0
OHL,10/11/2017,860.0,877.0,848.0,848.0,-1.4,2499.0,785.0,590.0
OHL,10/12/2017,848.0,870.0,853.0,853.0,0.59,1083.0,785.0,590.0
OHL,10/15/2017,853.0,868.0,850.0,868.0,1.76,173.0,785.0,590.0
OHL,10/16/2017,868.0,902.0,885.0,902.0,3.92,120.0,785.0,590.0
OHL,10/17/2017,902.0,902.0,850.0,895.0,-0.78,58160.0,785.0,590.0
OHL,10/18/2017,895.0,899.0,865.0,879.0,-1.79,1101.0,785.0,590.0
OHL,10/22/2017,879.0,880.0,867.0,879.0,0.0,2202.0,785.0,590.0
OHL,10/23/2017,879.0,870.0,862.0,862.0,-1.93,2221.0,785.0,590.0
OHL,10/24/2017,862.0,860.0,845.0,845.0,-1.97,4711.0,785.0,590.0
OHL,10/25/2017,845.0,894.0,850.0,890.0,5.33,3598.0,785.0,590.0
OHL,10/29/2017,754.0,740.0,700.0,714.0,-19.78,1509.0,785.0,590.0
OHL,10/30/2017,714.0,742.0,701.0,742.0,3.92,470.0,785.0,590.0
OHL,11/1/2017,742.0,741.0,714.0,720.0,-2.96,2220.0,785.0,590.0
OHL,11/2/2017,720.0,739.0,706.0,739.0,2.64,107.0,785.0,590.0
OHL,11/6/2017,739.0,739.0,725.0,739.0,0.0,20.0,785.0,590.0
OHL,11/7/2017,739.0,725.0,686.0,699.0,-5.41,400.0,785.0,590.0
OHL,11/8/2017,699.0,690.0,677.0,688.0,-1.57,250.0,785.0,590.0
OHL,11/9/2017,688.0,683.0,662.0,670.0,-2.62,350.0,785.0,590.0
OHL,11/12/2017,670.0,670.0,650.0,650.0,-2.99,643.0,785.0,590.0
OHL,11/13/2017,650.0,655.0,629.0,629.0,-3.23,1676.0,785.0,590.0
OHL,11/14/2017,629.0,645.0,633.0,645.0,2.54,2266.0,785.0,590.0
OHL,11/15/2017,645.0,685.0,650.0,685.0,6.2,2210.0,785.0,590.0
OHL,11/16/2017,685.0,672.0,653.0,671.0,-2.04,585.0,785.0,590.0
OHL,11/19/2017,671.0,659.0,635.0,635.0,-5.37,1850.0,785.0,590.0
OHL,11/20/2017,635.0,630.0,619.0,630.0,-0.79,1520.0,785.0,590.0
OHL,11/21/2017,630.0,642.0,642.0,642.0,1.9,216.0,785.0,590.0
OHL,11/22/2017,642.0,630.0,621.0,621.0,-3.27,806.0,785.0,590.0
OHL,11/23/2017,621.0,657.0,633.0,657.0,5.8,100.0,785.0,590.0
OHL,11/26/2017,657.0,665.0,640.0,640.0,-2.59,831.0,785.0,590.0
OHL,11/27/2017,640.0,652.0,640.0,640.0,0.0,1043.0,785.0,590.0
OHL,11/28/2017,640.0,678.0,628.0,652.0,1.88,833.0,785.0,590.0
OHL,11/29/2017,652.0,677.0,655.0,655.0,0.46,1722.0,785.0,590.0
OHL,11/30/2017,655.0,678.0,665.0,678.0,3.51,1598.0,785.0,590.0
OHL,12/4/2017,678.0,704.0,665.0,704.0,3.83,1854.0,785.0,590.0
OHL,12/5/2017,704.0,718.0,691.0,691.0,-1.85,180.0,785.0,590.0
OHL,12/6/2017,691.0,720.0,691.0,718.0,3.91,5588.0,785.0,590.0
OHL,12/10/2017,718.0,705.0,690.0,690.0,-3.9,5425.0,785.0,590.0
OHL,12/11/2017,690.0,700.0,686.0,695.0,0.72,1586.0,785.0,590.0
OHL,12/12/2017,695.0,708.0,663.0,663.0,-4.6,5410.0,785.0,590.0
OHL,12/13/2017,663.0,710.0,671.0,686.0,3.47,5155.0,785.0,590.0
OHL,12/14/2017,686.0,703.0,689.0,692.0,0.87,433.0,785.0,590.0
OHL,12/17/2017,692.0,705.0,692.0,692.0,0.0,4304.0,785.0,590.0
OHL,12/18/2017,692.0,717.0,691.0,708.0,2.31,4073.0,785.0,590.0
OHL,12/19/2017,708.0,700.0,690.0,690.0,-2.54,1350.0,785.0,590.0
OHL,12/20/2017,690.0,690.0,666.0,689.0,-0.14,1486.0,785.0,590.0
OHL,12/21/2017,689.0,682.0,663.0,678.0,-1.6,2352.0,785.0,590.0
OHL,12/24/2017,678.0,671.0,670.0,670.0,-1.18,249.0,785.0,590.0
OHL,12/26/2017,670.0,657.0,644.0,644.0,-3.88,2910.0,785.0,590.0
OHL,12/27/2017,644.0,656.0,640.0,644.0,0.0,1719.0,785.0,590.0
OHL,12/28/2017,644.0,668.0,650.0,650.0,0.93,1623.0,785.0,590.0
OHL,12/31/2017,650.0,663.0,639.0,645.0,-0.77,5161.0,785.0,590.0
OHL,1/1/2018,645.0,695.0,655.0,688.0,6.67,4684.0,785.0,590.0
OHL,1/2/2018,688.0,690.0,671.0,680.0,-1.16,5310.0,785.0,590.0
OHL,1/3/2018,680.0,680.0,667.0,667.0,-1.91,1494.0,785.0,590.0
OHL,1/4/2018,667.0,670.0,657.0,660.0,-1.05,3055.0,785.0,590.0
OHL,1/7/2018,660.0,677.0,649.0,677.0,2.58,3750.0,785.0,590.0
OHL,1/8/2018,677.0,699.0,673.0,677.0,0.0,382.0,785.0,590.0
OHL,1/9/2018,677.0,689.0,677.0,679.0,0.3,2778.0,785.0,590.0
OHL,1/10/2018,679.0,678.0,657.0,663.0,-2.36,5466.0,785.0,590.0
OHL,1/14/2018,663.0,655.0,650.0,654.0,-1.36,4463.0,785.0,590.0
OHL,1/16/2018,654.0,669.0,651.0,660.0,0.92,2310.0,785.0,590.0
OHL,1/17/2018,660.0,664.0,652.0,664.0,0.61,723.0,785.0,590.0
OHL,1/21/2018,664.0,676.0,651.0,665.0,0.15,2027.0,785.0,590.0
OHL,1/22/2018,665.0,665.0,665.0,665.0,0.0,100.0,785.0,590.0
OHL,1/23/2018,665.0,655.0,631.0,655.0,-1.5,21105.0,785.0,590.0
OHL,1/24/2018,655.0,660.0,651.0,660.0,0.76,1872.0,785.0,590.0
OHL,1/25/2018,660.0,673.0,667.0,667.0,1.06,104.0,785.0,590.0
OHL,1/28/2018,667.0,679.0,657.0,663.0,-0.6,1129.0,785.0,590.0
OHL,1/29/2018,663.0,665.0,655.0,655.0,-1.21,900.0,785.0,590.0
OHL,1/31/2018,655.0,667.0,660.0,667.0,1.83,1130.0,785.0,590.0
OHL,2/1/2018,667.0,670.0,670.0,670.0,0.45,10.0,785.0,590.0
OHL,2/4/2018,670.0,660.0,656.0,656.0,-2.09,385.0,785.0,590.0
OHL,2/5/2018,656.0,660.0,650.0,655.0,-0.15,1131.0,785.0,590.0
OHL,2/6/2018,655.0,654.0,646.0,654.0,-0.15,11659.0,785.0,590.0
OHL,2/7/2018,654.0,656.0,641.0,641.0,-1.99,2289.0,785.0,590.0
OHL,2/8/2018,641.0,664.0,630.0,664.0,3.59,1186.0,785.0,590.0
OHL,2/11/2018,664.0,669.0,656.0,656.0,-1.2,20.0,785.0,590.0
OHL,2/12/2018,656.0,650.0,643.0,650.0,-0.91,1242.0,785.0,590.0
OHL,2/14/2018,650.0,663.0,640.0,663.0,2.0,183.0,785.0,590.0
OHL,2/15/2018,663.0,663.0,640.0,663.0,0.0,1718.0,785.0,590.0
OHL,2/18/2018,675.0,675.0,663.0,663.0,0.0,400.0,785.0,590.0
OHL,2/21/2018,650.0,650.0,650.0,650.0,-1.96,60.0,785.0,590.0
OHL,2/22/2018,650.0,655.0,633.0,647.0,-0.46,1107.0,785.0,590.0
OHL,2/25/2018,635.0,659.0,635.0,659.0,1.85,382.0,785.0,590.0
OHL,2/26/2018,646.0,652.0,627.0,639.0,-3.03,914.0,785.0,590.0
OHL,2/27/2018,650.0,650.0,650.0,650.0,1.72,20.0,785.0,590.0
OHL,2/28/2018,640.0,640.0,640.0,640.0,-1.54,5.0,785.0,590.0
OHL,3/4/2018,650.0,650.0,650.0,650.0,1.56,1205.0,785.0,590.0
OHL,3/5/2018,649.0,649.0,625.0,625.0,-3.85,401.0,785.0,590.0
OHL,3/6/2018,637.0,637.0,563.0,563.0,-9.92,5450.0,785.0,590.0
OHL,3/7/2018,565.0,577.0,560.0,570.0,1.24,14565.0,785.0,590.0
OHL,3/11/2018,560.0,560.0,530.0,530.0,-7.02,2092.0,785.0,590.0
OHL,3/12/2018,520.0,520.0,491.0,508.0,-4.15,2426.0,785.0,590.0
OHL,3/13/2018,510.0,510.0,500.0,508.0,0.0,2010.0,785.0,590.0
OHL,3/14/2018,505.0,510.0,500.0,510.0,0.39,3361.0,785.0,590.0
OHL,3/15/2018,508.0,535.0,508.0,530.0,3.92,15870.0,785.0,590.0
OHL,3/18/2018,540.0,540.0,517.0,517.0,-2.45,3319.0,785.0,590.0
OHL,3/19/2018,514.0,515.0,511.0,511.0,-1.16,1480.0,785.0,590.0
OHL,3/20/2018,501.0,510.0,497.0,510.0,-0.2,3684.0,785.0,590.0
OHL,3/21/2018,519.0,519.0,476.0,481.0,-5.69,1898.0,785.0,590.0
OHL,3/22/2018,475.0,497.0,465.0,465.0,-3.33,5310.0,785.0,590.0
OHL,3/26/2018,456.0,463.0,445.0,445.0,-4.3,2543.0,785.0,590.0
OHL,3/27/2018,439.0,489.0,437.0,489.0,9.89,1257.0,785.0,590.0
OHL,3/28/2018,480.0,485.0,454.0,455.0,-6.95,6027.0,785.0,590.0
OHL,3/29/2018,460.0,469.0,460.0,468.0,2.86,640.0,785.0,590.0
OHL,4/1/2018,460.0,469.0,460.0,469.0,0.21,366.0,785.0,590.0
OHL,4/2/2018,460.0,469.0,460.0,463.0,-1.28,1143.0,785.0,590.0
OHL,4/3/2018,460.0,470.0,456.0,460.0,-0.65,4040.0,785.0,590.0
OHL,4/4/2018,456.0,482.0,456.0,482.0,4.78,7396.0,785.0,590.0
OHL,4/5/2018,490.0,499.0,471.0,494.0,2.49,18099.0,785.0,590.0
OHL,4/8/2018,495.0,540.0,490.0,515.0,4.25,11889.0,785.0,590.0
OHL,4/9/2018,525.0,535.0,501.0,501.0,-2.72,11098.0,785.0,590.0
OHL,4/10/2018,495.0,514.0,495.0,496.0,-1.0,1405.0,785.0,590.0
OHL,4/11/2018,492.0,509.0,492.0,505.0,1.81,3276.0,785.0,590.0
OHL,4/12/2018,505.0,520.0,501.0,501.0,-0.79,3459.0,785.0,590.0
OHL,4/15/2018,501.0,520.0,495.0,520.0,3.79,2709.0,785.0,590.0
OHL,4/16/2018,530.0,562.0,530.0,555.0,6.73,6651.0,785.0,590.0
OHL,4/17/2018,566.0,608.0,555.0,603.0,8.65,9477.0,785.0,590.0
OHL,4/18/2018,605.0,634.0,585.0,600.0,-0.5,11240.0,785.0,590.0
OHL,4/19/2018,612.0,623.0,599.0,608.0,1.33,6323.0,785.0,590.0
OHL,4/22/2018,620.0,640.0,609.0,640.0,5.26,20167.0,785.0,590.0
OHL,4/23/2018,652.0,652.0,595.0,630.0,-1.56,15017.0,785.0,590.0
OHL,4/24/2018,618.0,620.0,606.0,618.0,-1.9,8783.0,785.0,590.0
OHL,4/25/2018,622.0,622.0,600.0,609.0,-1.46,5100.0,785.0,590.0
OHL,4/26/2018,620.0,620.0,578.0,578.0,-5.09,3727.0,785.0,590.0
OHL,4/29/2018,580.0,589.0,580.0,589.0,1.9,1070.0,785.0,590.0
OHL,5/2/2018,578.0,600.0,578.0,600.0,1.87,931.0,785.0,590.0
OHL,5/3/2018,600.0,612.0,590.0,598.0,-0.33,24396.0,785.0,590.0
OHL,5/6/2018,587.0,600.0,587.0,600.0,0.33,161.0,785.0,590.0
OHL,5/7/2018,605.0,605.0,572.0,572.0,-4.67,1811.0,785.0,590.0
OHL,5/8/2018,570.0,600.0,570.0,600.0,4.9,4028.0,785.0,590.0
OHL,5/9/2018,588.0,610.0,587.0,587.0,-2.17,2771.0,785.0,590.0
OHL,5/10/2018,576.0,596.0,576.0,580.0,-1.19,6717.0,785.0,590.0
OHL,5/14/2018,580.0,580.0,570.0,578.0,-0.34,1379.0,785.0,590.0
OHL,5/15/2018,589.0,589.0,567.0,567.0,-1.9,1560.0,785.0,590.0
OHL,5/16/2018,575.0,584.0,575.0,584.0,3.0,1260.0,785.0,590.0
OHL,5/17/2018,595.0,595.0,573.0,573.0,-1.88,1275.0,785.0,590.0
OHL,5/20/2018,584.0,595.0,573.0,573.0,0.0,1810.0,785.0,590.0
OHL,5/21/2018,566.0,574.0,566.0,574.0,0.17,2506.0,785.0,590.0
OHL,5/22/2018,570.0,575.0,570.0,575.0,0.17,3181.0,785.0,590.0
OHL,5/23/2018,575.0,575.0,574.0,575.0,0.0,2615.0,785.0,590.0
OHL,5/24/2018,575.0,575.0,571.0,572.0,-0.52,1110.0,785.0,590.0
OHL,5/27/2018,570.0,570.0,556.0,564.0,-1.4,2217.0,785.0,590.0
OHL,5/28/2018,553.0,589.0,553.0,589.0,4.43,4598.0,785.0,590.0
OHL,5/29/2018,600.0,600.0,588.0,588.0,-0.17,20.0,785.0,590.0
OHL,5/30/2018,585.0,605.0,577.0,577.0,-1.87,3884.0,785.0,590.0
OHL,5/31/2018,587.0,587.0,570.0,570.0,-1.21,1004.0,785.0,590.0
OHL,6/3/2018,559.0,559.0,548.0,548.0,-3.86,5962.0,785.0,590.0
OHL,6/4/2018,558.0,558.0,530.0,540.0,-1.46,1517.0,785.0,590.0
OHL,6/6/2018,550.0,561.0,543.0,550.0,1.85,3900.0,785.0,590.0
OHL,6/7/2018,551.0,551.0,541.0,541.0,-1.64,700.0,785.0,590.0
OHL,6/10/2018,532.0,532.0,521.0,521.0,-3.7,1010.0,785.0,590.0
OHL,6/11/2018,511.0,540.0,511.0,530.0,1.73,4479.0,785.0,590.0
OHL,6/12/2018,523.0,545.0,510.0,545.0,2.83,4099.0,785.0,590.0
OHL,6/13/2018,535.0,555.0,535.0,543.0,-0.37,1610.0,785.0,590.0
OHL,6/14/2018,553.0,553.0,532.0,542.0,-0.18,1735.0,785.0,590.0
OHL,6/17/2018,532.0,535.0,525.0,526.0,-2.95,3223.0,785.0,590.0
OHL,6/18/2018,520.0,529.0,520.0,529.0,0.57,600.0,785.0,590.0
OHL,6/19/2018,522.0,522.0,520.0,520.0,-1.7,74.0,785.0,590.0
OHL,6/20/2018,511.0,520.0,510.0,512.0,-1.54,8047.0,785.0,590.0
OHL,6/21/2018,522.0,532.0,522.0,523.0,2.15,300.0,785.0,590.0
OHL,6/24/2018,520.0,525.0,520.0,520.0,-0.57,1172.0,785.0,590.0
OHL,6/26/2018,511.0,511.0,500.0,509.0,-2.12,3775.0,785.0,590.0
OHL,6/27/2018,515.0,520.0,512.0,520.0,2.16,250.0,785.0,590.0
OHL,6/28/2018,510.0,516.0,500.0,515.0,-0.96,17008.0,785.0,590.0
OHL,7/1/2018,510.0,510.0,510.0,510.0,-0.97,11.0,785.0,590.0
OHL,7/2/2018,500.0,515.0,500.0,514.0,0.78,152.0,785.0,590.0
OHL,7/3/2018,509.0,510.0,505.0,505.0,-1.75,954.0,785.0,590.0
OHL,7/4/2018,500.0,525.0,500.0,525.0,3.96,3277.0,785.0,590.0
OHL,7/5/2018,520.0,539.0,515.0,539.0,2.67,9700.0,785.0,590.0
OHL,7/8/2018,549.0,549.0,539.0,539.0,0.0,158.0,785.0,590.0
OHL,7/9/2018,529.0,529.0,510.0,513.0,-4.82,3252.0,785.0,590.0
OHL,7/10/2018,523.0,523.0,509.0,511.0,-0.39,748.0,785.0,590.0
OHL,7/11/2018,521.0,531.0,521.0,521.0,1.96,280.0,785.0,590.0
OHL,7/12/2018,512.0,520.0,501.0,520.0,-0.19,852.0,785.0,590.0
OHL,7/15/2018,530.0,530.0,511.0,511.0,-1.73,101.0,785.0,590.0
OHL,7/16/2018,521.0,521.0,521.0,521.0,1.96,50.0,785.0,590.0
OHL,7/17/2018,520.0,520.0,500.0,510.0,-2.11,2000.0,785.0,590.0
OHL,7/19/2018,520.0,520.0,503.0,503.0,-1.37,380.0,785.0,590.0
OHL,7/22/2018,513.0,515.0,500.0,500.0,-0.6,990.0,785.0,590.0
OHL,7/23/2018,510.0,510.0,500.0,500.0,0.0,3270.0,785.0,590.0
OHL,7/24/2018,510.0,520.0,501.0,501.0,0.2,4020.0,785.0,590.0
OHL,7/25/2018,511.0,511.0,500.0,500.0,-0.2,2591.0,785.0,590.0
OHL,7/26/2018,500.0,510.0,500.0,510.0,2.0,357.0,785.0,590.0
OHL,7/29/2018,510.0,510.0,510.0,510.0,0.0,300.0,785.0,590.0
OHL,7/30/2018,505.0,510.0,503.0,503.0,-1.37,1840.0,785.0,590.0
OHL,7/31/2018,503.0,505.0,495.0,504.0,0.2,5604.0,785.0,590.0
OHL,8/1/2018,500.0,500.0,497.0,497.0,-1.39,1648.0,785.0,590.0
OHL,8/2/2018,500.0,500.0,496.0,497.0,0.0,3201.0,785.0,590.0
OHL,8/5/2018,490.0,503.0,490.0,503.0,1.21,2635.0,785.0,590.0
OHL,8/6/2018,497.0,500.0,495.0,500.0,-0.6,1823.0,785.0,590.0
OHL,8/7/2018,500.0,503.0,496.0,503.0,0.6,2228.0,785.0,590.0
OHL,8/8/2018,500.0,500.0,493.0,495.0,-1.59,1650.0,785.0,590.0
OHL,8/9/2018,494.0,494.0,488.0,494.0,-0.2,1240.0,785.0,590.0
OHL,8/12/2018,487.0,494.0,479.0,479.0,-3.04,9357.0,785.0,590.0
OHL,8/13/2018,488.0,496.0,485.0,496.0,3.55,1071.0,785.0,590.0
OHL,8/14/2018,505.0,505.0,495.0,498.0,0.4,1046.0,785.0,590.0
OHL,8/15/2018,499.0,520.0,499.0,510.0,2.41,2198.0,785.0,590.0
OHL,8/16/2018,500.0,518.0,493.0,500.0,-1.96,9013.0,785.0,590.0
OHL,8/19/2018,509.0,519.0,507.0,507.0,1.4,2940.0,785.0,590.0
OHL,8/20/2018,500.0,511.0,500.0,510.0,0.59,2885.0,785.0,590.0
OHL,8/21/2018,510.0,510.0,500.0,500.0,-1.96,891.0,785.0,590.0
OHL,8/22/2018,500.0,507.0,497.0,497.0,-0.6,1888.0,785.0,590.0
OHL,8/23/2018,506.0,506.0,500.0,500.0,0.6,380.0,785.0,590.0
OHL,8/26/2018,495.0,496.0,495.0,496.0,-0.8,515.0,785.0,590.0
OHL,8/28/2018,493.0,503.0,493.0,503.0,1.41,530.0,785.0,590.0
OHL,8/29/2018,495.0,503.0,495.0,503.0,0.0,549.0,785.0,590.0
OHL,8/30/2018,503.0,510.0,503.0,510.0,1.39,4419.0,785.0,590.0
OHL,9/2/2018,505.0,519.0,505.0,519.0,1.76,1235.0,785.0,590.0
OHL,9/3/2018,519.0,519.0,509.0,515.0,-0.77,2748.0,785.0,590.0
OHL,9/4/2018,510.0,515.0,509.0,514.0,-0.19,1191.0,785.0,590.0
OHL,9/5/2018,519.0,531.0,519.0,522.0,1.56,3190.0,785.0,590.0
OHL,9/6/2018,520.0,530.0,517.0,519.0,-0.57,4560.0,785.0,590.0
OHL,9/9/2018,520.0,517.0,517.0,517.0,-0.39,19.0,785.0,590.0
OHL,9/10/2018,510.0,510.0,501.0,509.0,-1.55,975.0,785.0,590.0
OHL,9/11/2018,510.0,518.0,510.0,518.0,1.77,625.0,785.0,590.0
OHL,9/12/2018,524.0,524.0,514.0,520.0,0.39,2520.0,785.0,590.0
OHL,9/13/2018,511.0,525.0,510.0,518.0,-0.38,7857.0,785.0,590.0
OHL,9/16/2018,519.0,525.0,519.0,525.0,1.35,3700.0,785.0,590.0
OHL,9/17/2018,525.0,531.0,520.0,530.0,0.95,2739.0,785.0,590.0
OHL,9/18/2018,521.0,525.0,521.0,525.0,-0.94,2770.0,785.0,590.0
OHL,9/20/2018,525.0,535.0,524.0,524.0,-0.19,2552.0,785.0,590.0
OHL,9/23/2018,530.0,530.0,521.0,529.0,0.95,1388.0,785.0,590.0
OHL,9/25/2018,539.0,550.0,531.0,540.0,2.08,6306.0,785.0,590.0
OHL,9/26/2018,553.0,558.0,536.0,536.0,-0.74,15630.0,785.0,590.0
OHL,9/27/2018,546.0,546.0,540.0,545.0,1.68,316.0,785.0,590.0
OHL,9/30/2018,540.0,540.0,530.0,530.0,-2.75,1330.0,785.0,590.0
OHL,10/1/2018,530.0,534.0,520.0,520.0,-1.89,2580.0,785.0,590.0
OHL,10/2/2018,520.0,525.0,516.0,518.0,-0.38,1611.0,785.0,590.0
OHL,10/3/2018,522.0,525.0,511.0,514.0,-0.77,4349.0,785.0,590.0
OHL,10/4/2018,515.0,525.0,510.0,519.0,0.97,6946.0,785.0,590.0
OHL,10/7/2018,442.0,444.0,427.0,430.0,-17.15,5171.0,785.0,590.0
OHL,10/8/2018,423.0,440.0,423.0,440.0,2.33,322.0,785.0,590.0
OHL,10/9/2018,436.0,446.0,435.0,435.0,-1.14,2641.0,785.0,590.0
OHL,10/10/2018,435.0,436.0,430.0,435.0,0.0,1759.0,785.0,590.0
OHL,10/11/2018,442.0,450.0,430.0,430.0,-1.15,3288.0,785.0,590.0
OHL,10/14/2018,438.0,443.0,435.0,443.0,3.02,1110.0,785.0,590.0
OHL,10/15/2018,449.0,449.0,440.0,440.0,-0.68,200.0,785.0,590.0
OHL,10/22/2018,440.0,440.0,436.0,436.0,-0.91,1012.0,785.0,590.0
OHL,10/23/2018,436.0,436.0,436.0,436.0,0.0,256.0,785.0,590.0
OHL,10/24/2018,444.0,461.0,444.0,461.0,5.73,660.0,785.0,590.0
OHL,10/25/2018,452.0,452.0,450.0,450.0,-2.39,7000.0,785.0,590.0
OHL,10/28/2018,442.0,442.0,435.0,435.0,-3.33,689.0,785.0,590.0
OHL,10/29/2018,437.0,437.0,437.0,437.0,0.46,65.0,785.0,590.0
OHL,10/31/2018,445.0,452.0,442.0,442.0,1.14,5187.0,785.0,590.0
OHL,11/1/2018,435.0,450.0,435.0,442.0,0.0,1331.0,785.0,590.0
OHL,11/4/2018,445.0,445.0,441.0,442.0,0.0,694.0,785.0,590.0
OHL,11/5/2018,438.0,438.0,438.0,438.0,-0.9,10.0,785.0,590.0
OHL,11/11/2018,438.0,438.0,419.0,419.0,-4.34,1000.0,785.0,590.0
OHL,11/12/2018,427.0,430.0,419.0,427.0,1.91,150.0,785.0,590.0
OHL,11/13/2018,430.0,441.0,427.0,441.0,3.28,1088.0,785.0,590.0
OHL,11/14/2018,442.0,456.0,441.0,456.0,3.4,800.0,785.0,590.0
OHL,11/15/2018,460.0,460.0,451.0,451.0,-1.1,85.0,785.0,590.0
OHL,11/18/2018,443.0,450.0,440.0,450.0,-0.22,950.0,785.0,590.0
OHL,11/19/2018,441.0,450.0,441.0,441.0,-2.0,750.0,785.0,590.0
OHL,11/20/2018,440.0,441.0,440.0,440.0,-0.23,1000.0,785.0,590.0
OHL,11/21/2018,440.0,440.0,440.0,440.0,0.0,129.0,785.0,590.0
OHL,11/22/2018,440.0,440.0,435.0,438.0,-0.45,558.0,785.0,590.0
OHL,11/25/2018,430.0,430.0,430.0,430.0,-1.83,1257.0,785.0,590.0
OHL,11/26/2018,429.0,435.0,429.0,435.0,1.16,1320.0,785.0,590.0
OHL,11/27/2018,435.0,435.0,428.0,435.0,0.0,1170.0,785.0,590.0
OHL,11/28/2018,430.0,431.0,430.0,431.0,-0.92,320.0,785.0,590.0
OHL,11/29/2018,429.0,430.0,421.0,422.0,-2.09,9765.0,785.0,590.0
OHL,12/2/2018,418.0,422.0,414.0,419.0,-0.71,1955.0,785.0,590.0
OHL,12/3/2018,420.0,422.0,420.0,422.0,0.72,120.0,785.0,590.0
OHL,12/4/2018,419.0,419.0,418.0,418.0,-0.95,2830.0,785.0,590.0
OHL,12/5/2018,418.0,418.0,408.0,411.0,-1.67,3093.0,785.0,590.0
OHL,12/6/2018,415.0,418.0,415.0,418.0,1.7,442.0,785.0,590.0
OHL,12/10/2018,418.0,426.0,418.0,426.0,1.91,210.0,785.0,590.0
OHL,12/11/2018,430.0,430.0,430.0,430.0,0.94,100.0,785.0,590.0
OHL,12/13/2018,437.0,437.0,429.0,429.0,-0.23,1000.0,785.0,590.0
OHL,12/16/2018,437.0,445.0,437.0,445.0,3.73,1420.0,785.0,590.0
OHL,12/17/2018,440.0,452.0,440.0,452.0,1.57,751.0,785.0,590.0
OHL,12/23/2018,443.0,459.0,435.0,459.0,1.55,955.0,785.0,590.0
OHL,12/24/2018,467.0,476.0,438.0,438.0,-4.58,1905.0,785.0,590.0
OHL,12/25/2018,440.0,440.0,432.0,432.0,-1.37,695.0,785.0,590.0
OHL,12/26/2018,440.0,456.0,440.0,456.0,5.56,2333.0,785.0,590.0
OHL,12/27/2018,460.0,465.0,446.0,446.0,-2.19,3570.0,785.0,590.0
OHL,12/30/2018,440.0,445.0,439.0,445.0,-0.22,1666.0,785.0,590.0
OHL,12/31/2018,437.0,437.0,437.0,437.0,-1.8,187.0,785.0,590.0
OHL,1/1/2019,440.0,440.0,435.0,435.0,-0.46,1182.0,785.0,590.0
OHL,1/2/2019,434.0,434.0,434.0,434.0,-0.23,37.0,785.0,590.0
OHL,1/3/2019,442.0,445.0,436.0,436.0,0.46,3440.0,785.0,590.0
OHL,1/6/2019,436.0,436.0,436.0,436.0,0.0,466.0,785.0,590.0
OHL,1/7/2019,439.0,444.0,439.0,442.0,1.38,724.0,785.0,590.0
OHL,1/8/2019,440.0,443.0,440.0,443.0,0.23,457.0,785.0,590.0
OHL,1/9/2019,447.0,448.0,445.0,445.0,0.45,1823.0,785.0,590.0
OHL,1/10/2019,452.0,452.0,441.0,442.0,-0.67,226.0,785.0,590.0
OHL,1/13/2019,442.0,442.0,442.0,442.0,0.0,20.0,785.0,590.0
OHL,1/14/2019,445.0,446.0,445.0,446.0,0.9,564.0,785.0,590.0
OHL,1/15/2019,446.0,454.0,446.0,454.0,1.79,222.0,785.0,590.0
OHL,1/16/2019,451.0,451.0,451.0,451.0,-0.66,100.0,785.0,590.0
OHL,1/21/2019,442.0,442.0,442.0,442.0,-2.0,150.0,785.0,590.0
OHL,1/22/2019,449.0,449.0,440.0,440.0,-0.45,1332.0,785.0,590.0
OHL,1/23/2019,435.0,445.0,435.0,445.0,1.14,1093.0,785.0,590.0
OHL,1/24/2019,442.0,445.0,441.0,441.0,-0.9,236.0,785.0,590.0
OHL,1/27/2019,436.0,443.0,436.0,442.0,0.23,5668.0,785.0,590.0
OHL,1/28/2019,438.0,445.0,438.0,438.0,-0.9,2432.0,785.0,590.0
OHL,1/30/2019,437.0,445.0,430.0,445.0,1.6,4661.0,785.0,590.0
OHL,1/31/2019,438.0,443.0,432.0,433.0,-2.7,1232.0,785.0,590.0
OHL,2/3/2019,435.0,440.0,432.0,435.0,0.46,826.0,785.0,590.0
OHL,2/4/2019,440.0,440.0,430.0,430.0,-1.15,1202.0,785.0,590.0
OHL,2/5/2019,430.0,434.0,429.0,433.0,0.7,2089.0,785.0,590.0
OHL,2/6/2019,433.0,433.0,433.0,433.0,0.0,200.0,785.0,590.0
OHL,2/7/2019,428.0,434.0,425.0,434.0,0.23,699.0,785.0,590.0
OHL,2/10/2019,434.0,434.0,430.0,430.0,-0.92,211.0,785.0,590.0
OHL,2/11/2019,430.0,430.0,430.0,430.0,0.0,135.0,785.0,590.0
OHL,2/12/2019,425.0,425.0,425.0,425.0,-1.16,200.0,785.0,590.0
OHL,2/13/2019,425.0,425.0,420.0,420.0,-1.18,137.0,785.0,590.0
OHL,2/14/2019,414.0,414.0,414.0,414.0,-1.43,28.0,785.0,590.0
OHL,2/17/2019,422.0,422.0,417.0,418.0,0.97,526.0,785.0,590.0
OHL,2/18/2019,419.0,419.0,412.0,412.0,-1.44,592.0,785.0,590.0
OHL,2/19/2019,412.0,428.0,410.0,428.0,3.88,1384.0,785.0,590.0
OHL,2/20/2019,432.0,432.0,432.0,432.0,0.93,13.0,785.0,590.0
OHL,2/24/2019,424.0,424.0,413.0,414.0,-4.17,1156.0,785.0,590.0
OHL,2/25/2019,422.0,422.0,422.0,422.0,1.93,50.0,785.0,590.0
OHL,2/26/2019,414.0,415.0,410.0,410.0,-2.84,596.0,785.0,590.0
OHL,2/27/2019,410.0,418.0,408.0,418.0,1.95,572.0,785.0,590.0
OHL,3/3/2019,426.0,426.0,415.0,415.0,-0.72,961.0,785.0,590.0
OHL,3/5/2019,407.0,415.0,407.0,415.0,0.0,692.0,785.0,590.0
OHL,3/6/2019,411.0,421.0,410.0,421.0,1.45,768.0,785.0,590.0
OHL,3/7/2019,415.0,429.0,415.0,429.0,1.9,581.0,785.0,590.0
OHL,3/11/2019,437.0,445.0,429.0,437.0,1.86,203.0,785.0,590.0
OHL,3/12/2019,442.0,442.0,435.0,442.0,1.14,1603.0,785.0,590.0
OHL,3/13/2019,436.0,436.0,434.0,434.0,-1.81,985.0,785.0,590.0
OHL,3/14/2019,433.0,433.0,430.0,431.0,-0.69,421.0,785.0,590.0
OHL,3/17/2019,439.0,439.0,435.0,436.0,1.16,380.0,785.0,590.0
OHL,3/21/2019,431.0,436.0,428.0,436.0,0.0,477.0,785.0,590.0
OHL,3/24/2019,430.0,431.0,430.0,431.0,-1.15,561.0,785.0,590.0
OHL,3/25/2019,430.0,434.0,426.0,434.0,0.7,1036.0,785.0,590.0
OHL,3/26/2019,438.0,438.0,429.0,435.0,0.23,1159.0,785.0,590.0
OHL,3/27/2019,430.0,434.0,426.0,426.0,-2.07,1510.0,785.0,590.0
OHL,3/28/2019,420.0,436.0,420.0,436.0,2.35,1875.0,785.0,590.0
OHL,3/31/2019,435.0,435.0,429.0,430.0,-1.38,482.0,785.0,590.0
OHL,4/1/2019,430.0,440.0,428.0,440.0,2.33,1027.0,785.0,590.0
OHL,4/2/2019,440.0,440.0,432.0,440.0,0.0,1160.0,785.0,590.0
OHL,4/3/2019,444.0,444.0,437.0,441.0,0.23,1053.0,785.0,590.0
OHL,4/4/2019,444.0,444.0,433.0,438.0,-0.68,627.0,785.0,590.0
OHL,4/7/2019,446.0,454.0,438.0,454.0,3.65,1764.0,785.0,590.0
OHL,4/8/2019,463.0,463.0,450.0,450.0,-0.88,3125.0,785.0,590.0
OHL,4/9/2019,441.0,449.0,441.0,449.0,-0.22,247.0,785.0,590.0
OHL,4/10/2019,441.0,448.0,433.0,448.0,-0.22,167.0,785.0,590.0
OHL,4/11/2019,448.0,448.0,435.0,440.0,-1.79,1078.0,785.0,590.0
OHL,4/15/2019,440.0,456.0,440.0,456.0,3.64,655.0,785.0,590.0
OHL,4/16/2019,465.0,465.0,450.0,450.0,-1.32,755.0,785.0,590.0
OHL,4/17/2019,450.0,455.0,446.0,452.0,0.44,1145.0,785.0,590.0
OHL,4/18/2019,457.0,460.0,457.0,460.0,1.77,821.0,785.0,590.0
OHL,4/21/2019,451.0,470.0,451.0,470.0,2.17,3117.0,785.0,590.0
OHL,4/22/2019,477.0,477.0,461.0,461.0,-1.91,4497.0,785.0,590.0
OHL,4/23/2019,452.0,458.0,452.0,458.0,-0.65,110.0,785.0,590.0
OHL,4/24/2019,467.0,486.0,467.0,478.0,4.37,2971.0,785.0,590.0
OHL,4/25/2019,487.0,503.0,480.0,487.0,1.88,4204.0,785.0,590.0
OHL,4/28/2019,496.0,513.0,490.0,500.0,2.67,25298.0,785.0,590.0
OHL,4/29/2019,504.0,524.0,503.0,524.0,4.8,16254.0,785.0,590.0
OHL,4/30/2019,514.0,525.0,506.0,518.0,-1.15,12567.0,785.0,590.0
OHL,5/2/2019,510.0,532.0,508.0,532.0,2.7,31316.0,785.0,590.0
OHL,5/5/2019,542.0,548.0,530.0,540.0,1.5,7488.0,785.0,590.0
OHL,5/6/2019,543.0,548.0,531.0,548.0,1.48,8282.0,785.0,590.0
OHL,5/7/2019,545.0,590.0,545.0,585.0,6.75,15743.0,785.0,590.0
OHL,5/8/2019,575.0,585.0,568.0,580.0,-0.85,12762.0,785.0,590.0
OHL,5/9/2019,591.0,599.0,567.0,580.0,0.0,13637.0,785.0,590.0
OHL,5/12/2019,585.0,631.0,576.0,631.0,8.79,48659.0,785.0,590.0
OHL,5/13/2019,633.0,644.0,613.0,623.0,-1.27,22797.0,785.0,590.0
OHL,5/14/2019,633.0,663.0,611.0,663.0,6.42,24999.0,785.0,590.0
OHL,5/15/2019,650.0,665.0,637.0,640.0,-3.47,16959.0,785.0,590.0
OHL,5/16/2019,630.0,654.0,628.0,645.0,0.78,17428.0,785.0,590.0
OHL,5/19/2019,656.0,656.0,630.0,630.0,-2.33,15576.0,785.0,590.0
OHL,5/20/2019,642.0,659.0,630.0,638.0,1.27,12105.0,785.0,590.0
OHL,5/21/2019,638.0,649.0,638.0,648.0,1.57,6674.0,785.0,590.0
OHL,5/22/2019,651.0,690.0,651.0,685.0,5.71,49833.0,785.0,590.0
OHL,5/23/2019,698.0,711.0,675.0,695.0,1.46,31729.0,785.0,590.0
OHL,5/26/2019,683.0,683.0,658.0,662.0,-4.75,10091.0,785.0,590.0
OHL,5/27/2019,674.0,675.0,650.0,670.0,1.21,4951.0,785.0,590.0
OHL,5/28/2019,660.0,665.0,657.0,657.0,-1.94,9251.0,785.0,590.0
OHL,5/29/2019,660.0,675.0,644.0,670.0,1.98,22732.0,785.0,590.0
OHL,5/30/2019,670.0,690.0,640.0,654.0,-2.39,21530.0,785.0,590.0
OHL,6/2/2019,660.0,664.0,641.0,659.0,0.76,14775.0,785.0,590.0
OHL,6/3/2019,647.0,647.0,629.0,629.0,-4.55,5390.0,785.0,590.0
OHL,6/4/2019,640.0,641.0,622.0,641.0,1.91,10516.0,785.0,590.0
OHL,6/6/2019,653.0,669.0,640.0,642.0,0.16,21078.0,785.0,590.0
OHL,6/10/2019,645.0,645.0,635.0,644.0,0.31,7040.0,785.0,590.0
OHL,6/11/2019,645.0,647.0,640.0,646.0,0.31,7573.0,785.0,590.0
OHL,6/12/2019,650.0,658.0,638.0,649.0,0.46,2944.0,785.0,590.0
OHL,6/13/2019,640.0,650.0,640.0,650.0,0.15,6532.0,785.0,590.0
OHL,6/16/2019,638.0,640.0,635.0,640.0,-1.54,3947.0,785.0,590.0
OHL,6/17/2019,639.0,640.0,634.0,634.0,-0.94,2286.0,785.0,590.0
OHL,6/18/2019,638.0,638.0,630.0,630.0,-0.63,548.0,785.0,590.0
OHL,6/19/2019,635.0,635.0,626.0,627.0,-0.48,5048.0,785.0,590.0
OHL,6/20/2019,620.0,636.0,620.0,636.0,1.44,1695.0,785.0,590.0
OHL,6/23/2019,624.0,636.0,613.0,631.0,-0.79,2309.0,785.0,590.0
OHL,6/24/2019,625.0,640.0,625.0,635.0,0.63,3251.0,785.0,590.0
OHL,6/25/2019,637.0,639.0,630.0,630.0,-0.79,5755.0,785.0,590.0
OHL,6/26/2019,626.0,628.0,626.0,626.0,-0.63,983.0,785.0,590.0
OHL,6/27/2019,619.0,636.0,617.0,636.0,1.6,1348.0,785.0,590.0
OHL,6/30/2019,637.0,637.0,610.0,633.0,-0.47,2066.0,785.0,590.0
OHL,7/1/2019,639.0,639.0,611.0,620.0,-2.05,1579.0,785.0,590.0
OHL,7/2/2019,620.0,622.0,609.0,622.0,0.32,2001.0,785.0,590.0
OHL,7/3/2019,626.0,629.0,618.0,622.0,0.0,7560.0,785.0,590.0
OHL,7/4/2019,630.0,630.0,615.0,615.0,-1.13,2891.0,785.0,590.0
OHL,7/7/2019,615.0,615.0,607.0,607.0,-1.3,2245.0,785.0,590.0
OHL,7/8/2019,615.0,618.0,612.0,612.0,0.82,720.0,785.0,590.0
OHL,7/9/2019,607.0,619.0,607.0,618.0,0.98,6555.0,785.0,590.0
OHL,7/10/2019,606.0,615.0,606.0,610.0,-1.29,489.0,785.0,590.0
OHL,7/11/2019,605.0,606.0,605.0,606.0,-0.66,1853.0,785.0,590.0
OHL,7/14/2019,610.0,616.0,605.0,605.0,-0.17,502.0,785.0,590.0
OHL,7/15/2019,617.0,617.0,605.0,613.0,1.32,5336.0,785.0,590.0
OHL,7/16/2019,643.0,643.0,607.0,607.0,-0.98,160.0,785.0,590.0
OHL,7/17/2019,610.0,626.0,610.0,626.0,3.13,22372.0,785.0,590.0
OHL,7/18/2019,626.0,630.0,616.0,616.0,-1.6,5839.0,785.0,590.0
OHL,7/21/2019,606.0,610.0,604.0,605.0,-1.79,1155.0,785.0,590.0
OHL,7/22/2019,617.0,617.0,611.0,611.0,0.99,654.0,785.0,590.0
OHL,7/23/2019,615.0,627.0,613.0,613.0,0.33,1682.0,785.0,590.0
OHL,7/24/2019,625.0,634.0,625.0,634.0,3.43,547.0,785.0,590.0
OHL,7/25/2019,628.0,628.0,610.0,610.0,-3.79,10421.0,785.0,590.0
OHL,7/28/2019,603.0,610.0,602.0,610.0,0.0,814.0,785.0,590.0
OHL,7/29/2019,606.0,610.0,606.0,610.0,0.0,276.0,785.0,590.0
OHL,7/30/2019,609.0,609.0,603.0,605.0,-0.82,1029.0,785.0,590.0
OHL,7/31/2019,605.0,614.0,605.0,608.0,0.5,443.0,785.0,590.0
OHL,8/1/2019,616.0,617.0,605.0,605.0,-0.49,965.0,785.0,590.0
OHL,8/4/2019,617.0,617.0,617.0,617.0,1.98,11.0,785.0,590.0
OHL,8/5/2019,606.0,606.0,600.0,600.0,-2.76,1583.0,785.0,590.0
OHL,8/6/2019,591.0,592.0,590.0,590.0,-1.67,2005.0,785.0,590.0
OHL,8/7/2019,590.0,605.0,590.0,605.0,2.54,171.0,785.0,590.0
OHL,8/8/2019,595.0,595.0,593.0,593.0,-1.98,654.0,785.0,590.0
OHL,8/11/2019,604.0,625.0,601.0,601.0,1.35,178.0,785.0,590.0
OHL,8/12/2019,612.0,612.0,612.0,612.0,1.83,10.0,785.0,590.0
OHL,8/13/2019,600.0,610.0,600.0,600.0,-1.96,709.0,785.0,590.0
OHL,8/14/2019,598.0,600.0,588.0,600.0,0.0,2862.0,785.0,590.0
OHL,8/18/2019,599.0,599.0,589.0,589.0,-1.83,913.0,785.0,590.0
OHL,8/19/2019,586.0,605.0,579.0,605.0,2.72,3449.0,785.0,590.0
OHL,8/20/2019,605.0,605.0,586.0,586.0,-3.14,538.0,785.0,590.0
OHL,8/21/2019,585.0,585.0,585.0,585.0,-0.17,832.0,785.0,590.0
OHL,8/22/2019,587.0,594.0,587.0,594.0,1.54,104.0,785.0,590.0
OHL,8/25/2019,593.0,593.0,593.0,593.0,-0.17,100.0,785.0,590.0
OHL,8/26/2019,586.0,589.0,580.0,589.0,-0.67,1226.0,785.0,590.0
OHL,8/27/2019,582.0,589.0,578.0,578.0,-1.87,861.0,785.0,590.0
OHL,8/28/2019,578.0,578.0,578.0,578.0,0.0,42.0,785.0,590.0
OHL,8/29/2019,577.0,580.0,567.0,580.0,0.35,838.0,785.0,590.0
OHL,9/1/2019,570.0,570.0,544.0,548.0,-5.52,1950.0,785.0,590.0
OHL,9/2/2019,543.0,564.0,541.0,564.0,2.92,1080.0,785.0,590.0
OHL,9/3/2019,568.0,580.0,552.0,580.0,2.84,2510.0,785.0,590.0
OHL,9/4/2019,569.0,579.0,569.0,579.0,-0.17,220.0,785.0,590.0
OHL,9/5/2019,580.0,580.0,555.0,566.0,-2.25,1430.0,785.0,590.0
OHL,9/8/2019,555.0,555.0,542.0,552.0,-2.47,1482.0,785.0,590.0
OHL,9/9/2019,542.0,545.0,532.0,534.0,-3.26,1995.0,785.0,590.0
OHL,9/10/2019,524.0,536.0,514.0,530.0,-0.75,590.0,785.0,590.0
OHL,9/11/2019,520.0,538.0,520.0,524.0,-1.13,2172.0,785.0,590.0
OHL,9/12/2019,527.0,534.0,513.0,513.0,-2.1,3147.0,785.0,590.0
OHL,9/15/2019,488.0,520.0,488.0,516.0,0.58,2028.0,785.0,590.0
OHL,9/16/2019,515.0,516.0,497.0,497.0,-3.68,957.0,785.0,590.0
OHL,9/17/2019,488.0,540.0,488.0,525.0,5.63,586.0,785.0,590.0
OHL,9/18/2019,534.0,566.0,524.0,566.0,7.81,2677.0,785.0,590.0
OHL,9/19/2019,566.0,566.0,544.0,545.0,-3.71,3669.0,785.0,590.0
OHL,9/22/2019,535.0,535.0,520.0,520.0,-4.59,54.0,785.0,590.0
OHL,9/23/2019,520.0,550.0,520.0,531.0,2.12,358.0,785.0,590.0
OHL,9/24/2019,532.0,532.0,521.0,521.0,-1.88,450.0,785.0,590.0
OHL,9/25/2019,530.0,530.0,525.0,525.0,0.77,120.0,785.0,590.0
OHL,9/26/2019,520.0,520.0,518.0,518.0,-1.33,140.0,785.0,590.0
OHL,9/29/2019,518.0,518.0,510.0,510.0,-1.54,1613.0,785.0,590.0
OHL,9/30/2019,516.0,516.0,513.0,513.0,0.59,600.0,785.0,590.0
OHL,10/1/2019,504.0,505.0,493.0,497.0,-3.12,5435.0,785.0,590.0
OHL,10/2/2019,494.0,494.0,471.0,480.0,-3.42,2659.0,785.0,590.0
OHL,10/3/2019,478.0,494.0,477.0,494.0,2.92,2047.0,785.0,590.0
OHL,10/10/2019,503.0,503.0,496.0,501.0,1.42,95.0,785.0,590.0
OHL,10/14/2019,491.0,491.0,476.0,476.0,-4.99,5324.0,785.0,590.0
OHL,10/15/2019,462.0,471.0,462.0,471.0,-1.05,152.0,785.0,590.0
OHL,10/16/2019,465.0,469.0,462.0,462.0,-1.91,130.0,785.0,590.0
OHL,10/17/2019,460.0,460.0,450.0,450.0,-2.6,700.0,785.0,590.0
OHL,10/20/2019,458.0,458.0,442.0,442.0,-1.78,305.0,785.0,590.0
OHL,10/21/2019,442.0,450.0,442.0,442.0,0.0,60.0,785.0,590.0
OHL,10/22/2019,450.0,450.0,441.0,441.0,-0.23,488.0,785.0,590.0
OHL,10/23/2019,445.0,465.0,445.0,465.0,5.44,975.0,785.0,590.0
OHL,10/24/2019,474.0,475.0,466.0,473.0,1.72,318.0,785.0,590.0
OHL,10/31/2019,482.0,490.0,473.0,478.0,1.06,220.0,785.0,590.0
OHL,11/3/2019,479.0,479.0,479.0,479.0,0.21,10.0,785.0,590.0
OHL,11/5/2019,470.0,479.0,470.0,478.0,-0.21,235.0,785.0,590.0
OHL,11/6/2019,470.0,470.0,469.0,469.0,-1.88,62.0,785.0,590.0
OHL,11/7/2019,469.0,469.0,448.0,448.0,-4.48,700.0,785.0,590.0
OHL,11/10/2019,443.0,450.0,443.0,450.0,0.45,1596.0,785.0,590.0
OHL,11/11/2019,451.0,473.0,449.0,449.0,-0.22,1259.0,785.0,590.0
OHL,11/12/2019,450.0,450.0,450.0,450.0,0.22,730.0,785.0,590.0
OHL,11/13/2019,447.0,447.0,444.0,444.0,-1.33,82.0,785.0,590.0
OHL,11/14/2019,443.0,445.0,440.0,440.0,-0.9,1480.0,785.0,590.0
OHL,11/17/2019,435.0,435.0,405.0,412.0,-6.36,9759.0,785.0,590.0
OHL,11/18/2019,412.0,412.0,406.0,408.0,-0.97,1680.0,785.0,590.0
OHL,11/19/2019,407.0,407.0,407.0,407.0,-0.25,21.0,785.0,590.0
OHL,11/20/2019,405.0,418.0,405.0,413.0,1.47,3310.0,785.0,590.0
OHL,11/21/2019,410.0,411.0,408.0,408.0,-1.21,860.0,785.0,590.0
OHL,11/24/2019,405.0,405.0,405.0,405.0,-0.74,350.0,785.0,590.0
OHL,11/25/2019,402.0,405.0,400.0,405.0,0.0,2579.0,785.0,590.0
OHL,11/26/2019,405.0,405.0,398.0,398.0,-1.73,452.0,785.0,590.0
OHL,11/27/2019,394.0,405.0,394.0,405.0,1.76,1786.0,785.0,590.0
OHL,11/28/2019,400.0,405.0,400.0,402.0,-0.74,535.0,785.0,590.0
OHL,12/1/2019,402.0,402.0,402.0,402.0,0.0,300.0,785.0,590.0
OHL,12/2/2019,404.0,412.0,404.0,406.0,1.0,597.0,785.0,590.0
OHL,12/3/2019,410.0,410.0,405.0,405.0,-0.25,1770.0,785.0,590.0
OHL,12/4/2019,405.0,413.0,405.0,413.0,1.98,521.0,785.0,590.0
OHL,12/5/2019,421.0,429.0,421.0,429.0,3.87,330.0,785.0,590.0
OHL,12/8/2019,429.0,429.0,420.0,420.0,-2.1,817.0,785.0,590.0
OHL,12/9/2019,420.0,440.0,420.0,432.0,2.86,3400.0,785.0,590.0
OHL,12/10/2019,425.0,445.0,424.0,432.0,0.0,3575.0,785.0,590.0
OHL,12/11/2019,425.0,441.0,425.0,435.0,0.69,378.0,785.0,590.0
OHL,12/12/2019,431.0,440.0,427.0,430.0,-1.15,1654.0,785.0,590.0
OHL,12/15/2019,425.0,426.0,420.0,420.0,-2.33,1583.0,785.0,590.0
OHL,12/16/2019,428.0,428.0,416.0,417.0,-0.71,501.0,785.0,590.0
OHL,12/17/2019,412.0,420.0,412.0,417.0,0.0,1657.0,785.0,590.0
OHL,12/18/2019,412.0,412.0,412.0,412.0,-1.2,10.0,785.0,590.0
OHL,12/19/2019,415.0,428.0,408.0,414.0,0.49,485.0,785.0,590.0
OHL,12/22/2019,412.0,430.0,411.0,423.0,2.17,1466.0,785.0,590.0
OHL,12/23/2019,429.0,460.0,423.0,455.0,7.57,1877.0,785.0,590.0
OHL,12/24/2019,450.0,468.0,441.0,441.0,-3.08,7588.0,785.0,590.0
OHL,12/25/2019,449.0,466.0,449.0,453.0,2.72,90.0,785.0,590.0
OHL,12/26/2019,462.0,471.0,444.0,459.0,1.32,280.0,785.0,590.0
OHL,12/29/2019,450.0,459.0,437.0,442.0,-3.7,1517.0,785.0,590.0
OHL,12/30/2019,434.0,450.0,434.0,444.0,0.45,1683.0,785.0,590.0
OHL,12/31/2019,450.0,468.0,444.0,454.0,2.25,8264.0,785.0,590.0
OHL,1/1/2020,463.0,499.0,456.0,499.0,9.91,59955.0,785.0,590.0
OHL,1/2/2020,505.0,508.0,468.0,473.0,-5.21,17680.0,785.0,590.0
OHL,1/5/2020,482.0,490.0,473.0,478.0,1.06,6427.0,785.0,590.0
OHL,1/6/2020,486.0,487.0,463.0,476.0,-0.42,5049.0,785.0,590.0
OHL,1/7/2020,476.0,480.0,464.0,473.0,-0.63,9829.0,785.0,590.0
OHL,1/8/2020,469.0,475.0,465.0,465.0,-1.69,2191.0,785.0,590.0
OHL,1/9/2020,474.0,480.0,456.0,463.0,-0.43,6954.0,785.0,590.0
OHL,1/12/2020,455.0,494.0,455.0,493.0,6.48,12406.0,785.0,590.0
OHL,1/13/2020,502.0,519.0,487.0,495.0,0.41,37041.0,785.0,590.0
OHL,1/14/2020,491.0,504.0,486.0,502.0,1.41,16667.0,785.0,590.0
OHL,1/15/2020,509.0,510.0,496.0,504.0,0.4,13083.0,785.0,590.0
OHL,1/16/2020,514.0,550.0,504.0,527.0,4.56,23607.0,785.0,590.0
OHL,1/19/2020,537.0,569.0,537.0,542.0,2.85,23810.0,785.0,590.0
OHL,1/20/2020,532.0,542.0,510.0,515.0,-4.98,20801.0,785.0,590.0
OHL,1/21/2020,522.0,542.0,512.0,523.0,1.55,7365.0,785.0,590.0
OHL,1/22/2020,533.0,533.0,515.0,517.0,-1.15,2848.0,785.0,590.0
OHL,1/23/2020,527.0,534.0,510.0,514.0,-0.58,4459.0,785.0,590.0
OHL,1/26/2020,514.0,524.0,501.0,508.0,-1.17,3360.0,785.0,590.0
OHL,1/27/2020,518.0,527.0,510.0,527.0,3.74,3707.0,785.0,590.0
OHL,1/28/2020,533.0,533.0,510.0,512.0,-2.85,1661.0,785.0,590.0
OHL,1/29/2020,522.0,531.0,512.0,516.0,0.78,4438.0,785.0,590.0
OHL,1/30/2020,520.0,535.0,520.0,524.0,1.55,9563.0,785.0,590.0
OHL,2/2/2020,520.0,534.0,518.0,528.0,0.76,15128.0,785.0,590.0
OHL,2/3/2020,518.0,534.0,514.0,523.0,-0.95,1907.0,785.0,590.0
OHL,2/4/2020,513.0,516.0,505.0,505.0,-3.44,8751.0,785.0,590.0
OHL,2/5/2020,503.0,519.0,503.0,519.0,2.77,3680.0,785.0,590.0
OHL,2/6/2020,518.0,518.0,509.0,514.0,-0.96,2119.0,785.0,590.0
OHL,2/9/2020,505.0,507.0,489.0,489.0,-4.86,5859.0,785.0,590.0
OHL,2/10/2020,482.0,507.0,480.0,490.0,0.2,5100.0,785.0,590.0
OHL,2/11/2020,499.0,500.0,492.0,496.0,1.22,2991.0,785.0,590.0
OHL,2/12/2020,497.0,508.0,497.0,508.0,2.42,1178.0,785.0,590.0
OHL,2/13/2020,498.0,498.0,480.0,483.0,-4.92,9026.0,785.0,590.0
OHL,2/16/2020,492.0,511.0,478.0,485.0,0.41,11034.0,785.0,590.0
OHL,2/17/2020,481.0,499.0,475.0,479.0,-1.24,25087.0,785.0,590.0
OHL,2/18/2020,470.0,490.0,470.0,480.0,0.21,3582.0,785.0,590.0
OHL,2/19/2020,480.0,489.0,475.0,481.0,0.21,3795.0,785.0,590.0
OHL,2/20/2020,488.0,510.0,475.0,504.0,4.78,18083.0,785.0,590.0
OHL,2/23/2020,510.0,520.0,491.0,493.0,-2.18,13707.0,785.0,590.0
OHL,2/24/2020,502.0,504.0,488.0,488.0,-1.01,11074.0,785.0,590.0
OHL,2/25/2020,490.0,507.0,490.0,504.0,3.28,56186.0,785.0,590.0
OHL,2/26/2020,505.0,547.0,499.0,535.0,6.15,55753.0,785.0,590.0
OHL,2/27/2020,525.0,551.0,507.0,529.0,-1.12,34041.0,785.0,590.0
OHL,3/1/2020,520.0,521.0,500.0,500.0,-5.48,18644.0,785.0,590.0
OHL,3/2/2020,491.0,492.0,476.0,476.0,-4.8,14867.0,785.0,590.0
OHL,3/3/2020,479.0,493.0,470.0,474.0,-0.42,11662.0,785.0,590.0
OHL,3/4/2020,470.0,474.0,456.0,456.0,-3.8,11991.0,785.0,590.0
OHL,3/5/2020,447.0,468.0,435.0,435.0,-4.61,9188.0,785.0,590.0
OHL,3/10/2020,427.0,427.0,403.0,403.0,-7.36,2829.0,785.0,590.0
OHL,3/11/2020,403.0,427.0,403.0,427.0,5.96,10993.0,785.0,590.0
OHL,3/12/2020,431.0,431.0,395.0,401.0,-6.09,13076.0,785.0,590.0
OHL,3/15/2020,394.0,394.0,365.0,365.0,-8.98,9388.0,785.0,590.0
OHL,3/16/2020,372.0,380.0,360.0,367.0,0.55,4073.0,785.0,590.0
OHL,3/17/2020,363.0,365.0,345.0,350.0,-4.63,8499.0,785.0,590.0
OHL,3/18/2020,344.0,344.0,331.0,337.0,-3.71,5109.0,785.0,590.0
OHL,3/19/2020,331.0,350.0,320.0,334.0,-0.89,7031.0,785.0,590.0
OHL,3/22/2020,339.0,339.0,339.0,339.0,1.5,500.0,785.0,590.0
OHL,6/30/2020,333.0,333.0,306.0,306.0,-9.73,178.0,785.0,590.0
OHL,7/1/2020,300.0,300.0,290.0,296.0,-3.27,2043.0,785.0,590.0
OHL,7/2/2020,291.0,291.0,271.0,271.0,-8.45,1494.0,785.0,590.0
OHL,7/5/2020,266.0,285.0,260.0,266.0,-1.85,7355.0,785.0,590.0
OHL,7/6/2020,262.0,290.0,262.0,290.0,9.02,4871.0,785.0,590.0
OHL,7/7/2020,295.0,319.0,295.0,319.0,10.0,4644.0,785.0,590.0
OHL,7/8/2020,320.0,339.0,313.0,324.0,1.57,1753.0,785.0,590.0
OHL,7/9/2020,318.0,330.0,318.0,324.0,0.0,10369.0,785.0,590.0
OHL,7/12/2020,321.0,326.0,303.0,326.0,0.62,7688.0,785.0,590.0
OHL,7/13/2020,320.0,320.0,304.0,306.0,-6.13,6172.0,785.0,590.0
OHL,7/14/2020,300.0,324.0,297.0,324.0,5.88,6243.0,785.0,590.0
OHL,7/15/2020,318.0,329.0,312.0,329.0,1.54,8018.0,785.0,590.0
OHL,7/16/2020,328.0,328.0,308.0,308.0,-6.38,10096.0,785.0,590.0
OHL,7/20/2020,314.0,326.0,314.0,314.0,1.95,7259.0,785.0,590.0
OHL,7/21/2020,320.0,340.0,319.0,330.0,5.1,12884.0,785.0,590.0
OHL,7/22/2020,336.0,363.0,336.0,363.0,10.0,23838.0,785.0,590.0
OHL,7/23/2020,381.0,399.0,368.0,399.0,9.92,26488.0,785.0,590.0
OHL,7/26/2020,405.0,420.0,386.0,411.0,3.01,10072.0,785.0,590.0
OHL,7/27/2020,403.0,403.0,380.0,383.0,-6.81,14962.0,785.0,590.0
OHL,7/28/2020,402.0,402.0,375.0,376.0,-1.83,7904.0,785.0,590.0
OHL,7/29/2020,369.0,373.0,359.0,359.0,-4.52,9767.0,785.0,590.0
OHL,7/30/2020,366.0,379.0,360.0,368.0,2.51,6968.0,785.0,590.0
OHL,8/2/2020,365.0,365.0,339.0,339.0,-7.88,7740.0,785.0,590.0
OHL,8/3/2020,334.0,361.0,322.0,361.0,6.49,4571.0,785.0,590.0
OHL,8/5/2020,354.0,354.0,340.0,340.0,-5.82,4259.0,785.0,590.0
OHL,8/6/2020,340.0,345.0,334.0,341.0,0.29,2920.0,785.0,590.0
OHL,8/9/2020,335.0,340.0,331.0,340.0,-0.29,715.0,785.0,590.0
OHL,8/10/2020,345.0,368.0,340.0,358.0,5.29,5101.0,785.0,590.0
OHL,8/11/2020,351.0,353.0,345.0,346.0,-3.35,11992.0,785.0,590.0
OHL,8/12/2020,340.0,359.0,340.0,355.0,2.6,2262.0,785.0,590.0
OHL,8/13/2020,372.0,372.0,340.0,350.0,-1.41,5088.0,785.0,590.0
OHL,8/16/2020,350.0,350.0,339.0,339.0,-3.14,6749.0,785.0,590.0
OHL,8/17/2020,339.0,340.0,334.0,340.0,0.29,3574.0,785.0,590.0
OHL,8/18/2020,336.0,342.0,334.0,339.0,-0.29,3258.0,785.0,590.0
OHL,8/19/2020,334.0,337.0,334.0,335.0,-1.18,5150.0,785.0,590.0
OHL,8/20/2020,334.0,340.0,328.0,340.0,1.49,7266.0,785.0,590.0
OHL,8/23/2020,342.0,352.0,340.0,352.0,3.53,2824.0,785.0,590.0
OHL,8/24/2020,346.0,355.0,339.0,349.0,-0.85,5833.0,785.0,590.0
OHL,8/25/2020,352.0,352.0,341.0,348.0,-0.29,14367.0,785.0,590.0
OHL,8/26/2020,365.0,365.0,340.0,350.0,0.57,6809.0,785.0,590.0
OHL,8/27/2020,343.0,349.0,330.0,341.0,-2.57,22757.0,785.0,590.0
OHL,8/30/2020,335.0,352.0,335.0,349.0,2.35,2291.0,785.0,590.0
OHL,8/31/2020,344.0,347.0,336.0,336.0,-3.72,9686.0,785.0,590.0
OHL,9/2/2020,320.0,349.0,320.0,344.0,2.38,12312.0,785.0,590.0
OHL,9/3/2020,343.0,350.0,340.0,350.0,1.74,11549.0,785.0,590.0
OHL,9/6/2020,355.0,355.0,343.0,343.0,-2.0,10700.0,785.0,590.0
OHL,9/7/2020,343.0,345.0,340.0,340.0,-0.87,6486.0,785.0,590.0
OHL,9/8/2020,339.0,344.0,339.0,341.0,0.29,3158.0,785.0,590.0
OHL,9/9/2020,341.0,348.0,334.0,348.0,2.05,18751.0,785.0,590.0
OHL,9/10/2020,350.0,350.0,345.0,348.0,0.0,5825.0,785.0,590.0
OHL,9/13/2020,344.0,370.0,339.0,370.0,6.32,17431.0,785.0,590.0
OHL,9/14/2020,377.0,377.0,357.0,359.0,-2.97,14766.0,785.0,590.0
OHL,9/15/2020,359.0,365.0,355.0,365.0,1.67,6381.0,785.0,590.0
OHL,9/16/2020,382.0,401.0,361.0,399.0,9.32,78608.0,785.0,590.0
OHL,9/17/2020,418.0,438.0,401.0,438.0,9.77,68531.0,785.0,590.0
OHL,9/20/2020,442.0,446.0,395.0,399.0,-8.9,23872.0,785.0,590.0
OHL,9/21/2020,395.0,403.0,375.0,390.0,-2.26,14428.0,785.0,590.0
OHL,9/22/2020,383.0,392.0,377.0,382.0,-2.05,18331.0,785.0,590.0
OHL,9/23/2020,377.0,388.0,377.0,380.0,-0.52,6237.0,785.0,590.0
OHL,9/24/2020,387.0,388.0,382.0,382.0,0.53,7541.0,785.0,590.0
OHL,9/27/2020,385.0,398.0,382.0,389.0,1.83,9396.0,785.0,590.0
OHL,9/28/2020,385.0,391.0,385.0,390.0,0.26,7171.0,785.0,590.0
OHL,9/29/2020,395.0,396.0,381.0,385.0,-1.28,3827.0,785.0,590.0
OHL,9/30/2020,385.0,385.0,380.0,385.0,0.0,5412.0,785.0,590.0
OHL,10/1/2020,383.0,390.0,383.0,387.0,0.52,6142.0,785.0,590.0
OHL,10/4/2020,382.0,395.0,380.0,391.0,1.03,12306.0,785.0,590.0
OHL,10/5/2020,389.0,395.0,386.0,395.0,1.02,21110.0,785.0,590.0
OHL,10/6/2020,395.0,395.0,389.0,390.0,-1.27,8716.0,785.0,590.0
OHL,10/7/2020,391.0,395.0,387.0,390.0,0.0,9235.0,785.0,590.0
OHL,10/8/2020,391.0,391.0,387.0,387.0,-0.77,11297.0,785.0,590.0
OHL,10/11/2020,385.0,390.0,380.0,380.0,-1.81,3667.0,785.0,590.0
OHL,10/12/2020,375.0,386.0,375.0,380.0,0.0,2353.0,785.0,590.0
OHL,10/13/2020,399.0,399.0,374.0,377.0,-0.79,4855.0,785.0,590.0
OHL,10/14/2020,375.0,376.0,371.0,371.0,-1.59,4411.0,785.0,590.0
OHL,10/15/2020,372.0,379.0,370.0,370.0,-0.27,5299.0,785.0,590.0
OHL,10/18/2020,373.0,384.0,370.0,376.0,1.62,810.0,785.0,590.0
OHL,10/19/2020,376.0,377.0,375.0,377.0,0.27,2177.0,785.0,590.0
OHL,10/20/2020,382.0,384.0,377.0,382.0,1.33,4525.0,785.0,590.0
OHL,10/21/2020,388.0,388.0,375.0,378.0,-1.05,2429.0,785.0,590.0
OHL,10/22/2020,371.0,376.0,364.0,371.0,-1.85,14678.0,785.0,590.0
OHL,10/28/2020,371.0,380.0,371.0,375.0,1.08,5338.0,785.0,590.0
OHL,10/29/2020,380.0,380.0,375.0,380.0,1.33,4112.0,785.0,590.0
OHL,11/1/2020,380.0,385.0,377.0,379.0,-0.26,1072.0,785.0,590.0
OHL,11/2/2020,379.0,379.0,372.0,375.0,-1.06,7136.0,785.0,590.0
OHL,11/3/2020,374.0,376.0,370.0,374.0,-0.27,2254.0,785.0,590.0
OHL,11/4/2020,374.0,375.0,370.0,372.0,-0.53,6091.0,785.0,590.0
OHL,11/5/2020,370.0,381.0,370.0,381.0,2.42,6818.0,785.0,590.0
OHL,11/8/2020,374.0,388.0,374.0,381.0,0.0,4323.0,785.0,590.0
OHL,11/9/2020,380.0,387.0,380.0,383.0,0.52,27666.0,785.0,590.0
OHL,11/10/2020,388.0,413.0,388.0,409.0,6.79,41397.0,785.0,590.0
OHL,11/11/2020,414.0,430.0,405.0,430.0,5.13,33720.0,785.0,590.0
OHL,11/12/2020,423.0,440.0,415.0,426.0,-0.93,37884.0,785.0,590.0
OHL,11/18/2020,418.0,467.0,415.0,459.0,7.75,65799.0,785.0,590.0
OHL,11/19/2020,464.0,504.0,461.0,504.0,9.8,130151.0,785.0,590.0
OHL,11/22/2020,529.0,529.0,475.0,488.0,-3.17,33132.0,785.0,590.0
OHL,11/23/2020,493.0,530.0,485.0,510.0,4.51,63131.0,785.0,590.0
OHL,11/24/2020,519.0,526.0,503.0,524.0,2.75,33401.0,785.0,590.0
OHL,11/25/2020,529.0,554.0,514.0,516.0,-1.53,32313.0,785.0,590.0
OHL,11/26/2020,510.0,527.0,500.0,500.0,-3.1,31351.0,785.0,590.0
OHL,11/29/2020,500.0,510.0,483.0,491.0,-1.8,44807.0,785.0,590.0
OHL,11/30/2020,499.0,500.0,482.0,490.0,-0.2,31754.0,785.0,590.0
OHL,12/1/2020,499.0,499.0,475.0,488.0,-0.41,29539.0,785.0,590.0
OHL,12/2/2020,488.0,529.0,479.0,484.0,-0.82,43310.0,785.0,590.0
OHL,12/3/2020,493.0,512.0,484.0,492.0,1.65,14389.0,785.0,590.0
OHL,12/6/2020,483.0,484.0,468.0,468.0,-4.88,10202.0,785.0,590.0
OHL,12/7/2020,468.0,496.0,462.0,492.0,5.13,10000.0,785.0,590.0
OHL,12/8/2020,492.0,495.0,477.0,477.0,-3.05,17612.0,785.0,590.0
OHL,12/9/2020,486.0,486.0,450.0,463.0,-2.94,46379.0,785.0,590.0
OHL,12/10/2020,471.0,472.0,464.0,469.0,1.3,22792.0,785.0,590.0
OHL,12/13/2020,474.0,478.0,459.0,472.0,0.64,18388.0,785.0,590.0
OHL,12/14/2020,481.0,500.0,479.0,481.0,1.91,25129.0,785.0,590.0
OHL,12/15/2020,490.0,490.0,478.0,480.0,-0.21,26296.0,785.0,590.0
OHL,12/16/2020,489.0,489.0,478.0,487.0,1.46,10540.0,785.0,590.0
OHL,12/17/2020,480.0,484.0,467.0,467.0,-4.11,7998.0,785.0,590.0
OHL,12/20/2020,474.0,475.0,461.0,463.0,-0.86,22462.0,785.0,590.0
OHL,12/21/2020,455.0,465.0,455.0,465.0,0.43,11588.0,785.0,590.0
OHL,12/22/2020,474.0,483.0,456.0,477.0,2.58,36585.0,785.0,590.0
OHL,12/23/2020,470.0,474.0,459.0,465.0,-2.52,8625.0,785.0,590.0
OHL,12/24/2020,456.0,489.0,456.0,489.0,5.16,7665.0,785.0,590.0
OHL,12/27/2020,480.0,480.0,466.0,466.0,-4.7,3739.0,785.0,590.0
OHL,12/28/2020,458.0,472.0,458.0,472.0,1.29,2720.0,785.0,590.0
OHL,12/29/2020,472.0,475.0,465.0,468.0,-0.85,1945.0,785.0,590.0
OHL,12/30/2020,468.0,476.0,461.0,461.0,-1.5,3717.0,785.0,590.0
OHL,12/31/2020,462.0,470.0,460.0,470.0,1.95,4629.0,785.0,590.0
OHL,1/3/2021,462.0,479.0,462.0,477.0,1.49,8304.0,785.0,590.0
OHL,1/4/2021,477.0,486.0,468.0,472.0,-1.05,10188.0,785.0,590.0
OHL,1/5/2021,481.0,481.0,457.0,476.0,0.85,10040.0,785.0,590.0
OHL,1/6/2021,483.0,483.0,471.0,477.0,0.21,2751.0,785.0,590.0
OHL,1/7/2021,476.0,477.0,470.0,471.0,-1.26,5366.0,785.0,590.0
OHL,1/10/2021,472.0,481.0,467.0,481.0,2.12,7239.0,785.0,590.0
OHL,1/11/2021,480.0,480.0,472.0,475.0,-1.25,1451.0,785.0,590.0
OHL,1/12/2021,480.0,493.0,468.0,475.0,0.0,11886.0,785.0,590.0
OHL,1/13/2021,484.0,484.0,465.0,470.0,-1.05,10391.0,785.0,590.0
OHL,1/17/2021,478.0,488.0,475.0,479.0,1.91,10299.0,785.0,590.0
OHL,1/18/2021,476.0,513.0,476.0,502.0,4.8,35925.0,785.0,590.0
OHL,1/19/2021,502.0,506.0,485.0,488.0,-2.79,8126.0,785.0,590.0
OHL,1/20/2021,496.0,506.0,482.0,489.0,0.2,12132.0,785.0,590.0
OHL,1/21/2021,498.0,507.0,485.0,492.0,0.61,2474.0,785.0,590.0
OHL,1/24/2021,499.0,505.0,491.0,497.0,1.02,19063.0,785.0,590.0
OHL,1/25/2021,500.0,505.0,491.0,498.0,0.2,26319.0,785.0,590.0
OHL,1/26/2021,489.0,536.0,489.0,533.0,7.03,83988.0,785.0,590.0
OHL,1/27/2021,533.0,533.0,512.0,522.0,-2.06,27902.0,785.0,590.0
OHL,1/28/2021,513.0,522.0,505.0,512.0,-1.92,9795.0,785.0,590.0
OHL,1/31/2021,512.0,512.0,489.0,496.0,-3.12,13220.0,785.0,590.0
OHL,2/1/2021,505.0,544.0,500.0,530.0,6.85,79550.0,785.0,590.0
OHL,2/2/2021,540.0,545.0,505.0,508.0,-4.15,38283.0,785.0,590.0
OHL,2/3/2021,517.0,537.0,501.0,501.0,-1.38,35117.0,785.0,590.0
OHL,2/4/2021,509.0,518.0,505.0,508.0,1.4,25806.0,785.0,590.0
OHL,2/7/2021,518.0,524.0,509.0,524.0,3.15,26462.0,785.0,590.0
OHL,2/8/2021,528.0,530.0,516.0,522.0,-0.38,33349.0,785.0,590.0
OHL,2/9/2021,527.0,528.0,512.0,516.0,-1.15,22122.0,785.0,590.0
OHL,2/10/2021,515.0,545.0,512.0,545.0,5.62,29001.0,785.0,590.0
OHL,2/11/2021,545.0,545.0,524.0,524.0,-3.85,18646.0,785.0,590.0
OHL,2/14/2021,530.0,530.0,515.0,522.0,-0.38,11687.0,785.0,590.0
OHL,2/15/2021,523.0,532.0,514.0,532.0,1.92,25282.0,785.0,590.0
OHL,2/16/2021,529.0,529.0,517.0,524.0,-1.5,5551.0,785.0,590.0
OHL,2/17/2021,520.0,520.0,514.0,516.0,-1.53,5357.0,785.0,590.0
OHL,2/18/2021,519.0,528.0,515.0,525.0,1.74,7233.0,785.0,590.0
OHL,2/21/2021,517.0,527.0,516.0,524.0,-0.19,6465.0,785.0,590.0
OHL,2/22/2021,520.0,520.0,510.0,510.0,-2.67,7640.0,785.0,590.0
OHL,2/23/2021,504.0,513.0,500.0,502.0,-1.57,10134.0,785.0,590.0
OHL,2/24/2021,500.0,520.0,500.0,510.0,1.59,2892.0,785.0,590.0
OHL,2/25/2021,510.0,518.0,500.0,518.0,1.57,4424.0,785.0,590.0
OHL,2/28/2021,508.0,510.0,499.0,503.0,-2.9,7670.0,785.0,590.0
OHL,3/1/2021,503.0,520.0,500.0,520.0,3.38,10277.0,785.0,590.0
OHL,3/2/2021,525.0,525.0,496.0,503.0,-3.27,13858.0,785.0,590.0
OHL,3/3/2021,500.0,509.0,479.0,487.0,-3.18,17593.0,785.0,590.0
OHL,3/4/2021,490.0,499.0,480.0,495.0,1.64,12311.0,785.0,590.0
OHL,3/7/2021,495.0,495.0,480.0,490.0,-1.01,12522.0,785.0,590.0
OHL,3/9/2021,499.0,499.0,484.0,485.0,-1.02,7114.0,785.0,590.0
OHL,3/10/2021,477.0,485.0,477.0,483.0,-0.41,3129.0,785.0,590.0
OHL,3/14/2021,476.0,484.0,475.0,482.0,-0.21,2073.0,785.0,590.0
OHL,3/15/2021,484.0,484.0,475.0,480.0,-0.41,2471.0,785.0,590.0
OHL,3/16/2021,488.0,488.0,460.0,484.0,0.83,11517.0,785.0,590.0
OHL,3/17/2021,476.0,489.0,474.0,488.0,0.83,14510.0,785.0,590.0
OHL,3/18/2021,480.0,486.0,475.0,476.0,-2.46,3280.0,785.0,590.0
OHL,3/21/2021,485.0,494.0,476.0,492.0,3.36,9438.0,785.0,590.0
OHL,3/22/2021,500.0,500.0,481.0,482.0,-2.03,1945.0,785.0,590.0
OHL,3/23/2021,479.0,490.0,473.0,489.0,1.45,3888.0,785.0,590.0
OHL,3/24/2021,487.0,514.0,480.0,493.0,0.82,20967.0,785.0,590.0
OHL,3/25/2021,486.0,486.0,470.0,478.0,-3.04,25828.0,785.0,590.0
OHL,3/29/2021,475.0,478.0,469.0,478.0,0.0,6510.0,785.0,590.0
OHL,3/30/2021,487.0,487.0,467.0,478.0,0.0,18543.0,785.0,590.0
OHL,3/31/2021,471.0,484.0,470.0,474.0,-0.84,7457.0,785.0,590.0
OHL,4/1/2021,470.0,483.0,470.0,473.0,-0.21,8418.0,785.0,590.0
OHL,4/4/2021,468.0,480.0,468.0,472.0,-0.21,4904.0,785.0,590.0
OHL,4/5/2021,481.0,481.0,463.0,470.0,-0.42,6252.0,785.0,590.0
OHL,4/6/2021,472.0,473.0,467.0,471.0,0.21,5412.0,785.0,590.0
OHL,4/7/2021,478.0,478.0,473.0,477.0,1.27,5814.0,785.0,590.0
OHL,4/8/2021,473.0,475.0,471.0,475.0,-0.42,1571.0,785.0,590.0
OHL,4/12/2021,484.0,484.0,466.0,470.0,-1.05,3968.0,785.0,590.0
OHL,4/13/2021,471.0,471.0,466.0,469.0,-0.21,2391.0,785.0,590.0
OHL,4/15/2021,470.0,471.0,461.0,469.0,0.0,8494.0,785.0,590.0
OHL,4/18/2021,463.0,468.0,456.0,456.0,-2.77,19221.0,785.0,590.0
OHL,4/19/2021,456.0,458.0,439.0,450.0,-1.32,14735.0,785.0,590.0
OHL,4/20/2021,443.0,450.0,436.0,440.0,-2.22,7678.0,785.0,590.0
OHL,4/21/2021,436.0,445.0,430.0,431.0,-2.05,9456.0,785.0,590.0
OHL,4/22/2021,435.0,445.0,433.0,440.0,2.09,5609.0,785.0,590.0
OHL,4/25/2021,440.0,440.0,410.0,412.0,-6.36,6677.0,785.0,590.0
OHL,4/26/2021,406.0,420.0,401.0,404.0,-1.94,5492.0,785.0,590.0
OHL,4/27/2021,412.0,413.0,404.0,409.0,1.24,4523.0,785.0,590.0
OHL,4/28/2021,389.0,415.0,389.0,406.0,-0.73,2841.0,785.0,590.0
OHL,4/29/2021,403.0,411.0,403.0,406.0,0.0,1963.0,785.0,590.0
OHL,5/2/2021,425.0,425.0,402.0,414.0,1.97,5329.0,785.0,590.0
OHL,5/3/2021,415.0,419.0,410.0,410.0,-0.97,803.0,785.0,590.0
OHL,5/4/2021,417.0,417.0,409.0,417.0,1.71,868.0,785.0,590.0
OHL,5/5/2021,415.0,415.0,407.0,408.0,-2.16,5563.0,785.0,590.0
OHL,5/6/2021,403.0,409.0,400.0,406.0,-0.49,3943.0,785.0,590.0
OHL,5/9/2021,400.0,408.0,400.0,403.0,-0.74,4439.0,785.0,590.0
OHL,5/10/2021,401.0,406.0,401.0,405.0,0.5,943.0,785.0,590.0
OHL,5/11/2021,410.0,412.0,404.0,404.0,-0.25,2793.0,785.0,590.0
OHL,5/12/2021,404.0,408.0,403.0,407.0,0.74,1450.0,785.0,590.0
OHL,5/13/2021,408.0,409.0,401.0,406.0,-0.25,10722.0,785.0,590.0
OHL,5/16/2021,399.0,420.0,398.0,417.0,2.71,7623.0,785.0,590.0
OHL,5/17/2021,413.0,425.0,405.0,420.0,0.72,15613.0,785.0,590.0
OHL,5/18/2021,420.0,462.0,417.0,462.0,10.0,33491.0,785.0,590.0
OHL,5/19/2021,485.0,508.0,471.0,478.0,3.46,83963.0,785.0,590.0
OHL,5/20/2021,487.0,487.0,452.0,460.0,-3.77,19647.0,785.0,590.0
OHL,5/23/2021,451.0,460.0,434.0,455.0,-1.09,15621.0,785.0,590.0
OHL,5/24/2021,460.0,480.0,451.0,458.0,0.66,16029.0,785.0,590.0
OHL,5/25/2021,451.0,467.0,450.0,455.0,-0.66,9255.0,785.0,590.0
OHL,5/27/2021,455.0,463.0,451.0,455.0,0.0,12648.0,785.0,590.0
OHL,5/30/2021,464.0,500.0,464.0,500.0,9.89,97025.0,785.0,590.0
OHL,5/31/2021,525.0,525.0,485.0,486.0,-2.8,45666.0,785.0,590.0
OHL,6/1/2021,481.0,494.0,476.0,481.0,-1.03,17339.0,785.0,590.0
OHL,6/2/2021,481.0,492.0,472.0,490.0,1.87,11096.0,785.0,590.0
OHL,6/3/2021,481.0,493.0,481.0,492.0,0.41,11732.0,785.0,590.0
OHL,6/6/2021,485.0,490.0,478.0,484.0,-1.63,10778.0,785.0,590.0
OHL,6/7/2021,481.0,488.0,477.0,480.0,-0.83,24309.0,785.0,590.0
OHL,6/8/2021,487.0,488.0,474.0,477.0,-0.62,12360.0,785.0,590.0
OHL,6/9/2021,477.0,489.0,477.0,479.0,0.42,10419.0,785.0,590.0
OHL,6/10/2021,488.0,488.0,480.0,484.0,1.04,20685.0,785.0,590.0
OHL,6/13/2021,489.0,532.0,482.0,532.0,9.92,122857.0,785.0,590.0
OHL,6/14/2021,558.0,585.0,545.0,585.0,9.96,113066.0,785.0,590.0
OHL,6/15/2021,614.0,643.0,548.0,619.0,5.81,194215.0,785.0,590.0
OHL,6/16/2021,607.0,652.0,585.0,600.0,-3.07,84442.0,785.0,590.0
OHL,6/17/2021,630.0,630.0,571.0,587.0,-2.17,37984.0,785.0,590.0
OHL,6/20/2021,597.0,620.0,566.0,576.0,-1.87,49245.0,785.0,590.0
OHL,6/21/2021,586.0,586.0,542.0,543.0,-5.73,31528.0,785.0,590.0
OHL,6/22/2021,553.0,575.0,538.0,570.0,4.97,34588.0,785.0,590.0
OHL,6/23/2021,570.0,571.0,541.0,549.0,-3.68,31283.0,785.0,590.0
OHL,6/24/2021,559.0,574.0,545.0,560.0,2.0,25231.0,785.0,590.0
OHL,6/27/2021,571.0,571.0,550.0,554.0,-1.07,31521.0,785.0,590.0
OHL,6/28/2021,550.0,584.0,550.0,573.0,3.43,57409.0,785.0,590.0
OHL,6/29/2021,564.0,606.0,564.0,606.0,5.76,111975.0,785.0,590.0
OHL,6/30/2021,636.0,636.0,593.0,612.0,0.99,54720.0,785.0,590.0
OHL,7/1/2021,618.0,673.0,605.0,673.0,9.97,99916.0,785.0,590.0
OHL,7/4/2021,673.0,740.0,673.0,730.0,8.47,119920.0,785.0,590.0
OHL,7/5/2021,730.0,733.0,694.0,707.0,-3.15,77670.0,785.0,590.0
OHL,7/6/2021,693.0,735.0,687.0,725.0,2.55,56328.0,785.0,590.0
OHL,7/7/2021,761.0,761.0,690.0,702.0,-3.17,35786.0,785.0,590.0
OHL,7/8/2021,700.0,709.0,690.0,704.0,0.28,45029.0,785.0,590.0
OHL,7/11/2021,705.0,708.0,685.0,685.0,-2.7,27271.0,785.0,590.0
OHL,7/12/2021,719.0,719.0,650.0,650.0,-5.11,37019.0,785.0,590.0
OHL,7/13/2021,682.0,682.0,645.0,657.0,1.08,29029.0,785.0,590.0
OHL,7/14/2021,665.0,673.0,655.0,670.0,1.98,15960.0,785.0,590.0
OHL,7/15/2021,683.0,696.0,644.0,654.0,-2.39,14433.0,785.0,590.0
OHL,7/18/2021,660.0,673.0,653.1,660.0,0.92,20257.0,785.0,590.0
OHL,7/19/2021,660.0,667.0,645.0,649.0,-1.67,26114.0,785.0,590.0
OHL,7/20/2021,655.0,689.0,655.0,680.0,4.78,38306.0,785.0,590.0
OHL,7/22/2021,693.0,702.0,665.0,695.0,2.21,51657.0,785.0,590.0
OHL,7/25/2021,695.0,695.0,662.0,675.0,-2.88,29158.0,785.0,590.0
OHL,7/26/2021,675.0,696.0,671.0,695.0,2.96,73270.0,785.0,590.0
OHL,7/27/2021,699.9,700.0,672.0,685.0,-1.44,46679.0,785.0,590.0
OHL,7/28/2021,685.0,726.8,680.0,687.0,0.29,44201.0,785.0,590.0
OHL,7/29/2021,700.0,710.0,676.0,677.1,-1.44,12463.0,785.0,590.0
OHL,8/1/2021,684.0,690.0,663.6,670.0,-1.05,16110.0,785.0,590.0
OHL,8/2/2021,670.0,670.0,656.6,662.0,-1.19,14988.0,785.0,590.0
OHL,8/3/2021,655.0,690.0,655.0,660.0,-0.3,18450.0,785.0,590.0
OHL,8/4/2021,670.0,679.0,658.0,660.0,0.0,25158.0,785.0,590.0
OHL,8/5/2021,665.0,665.0,647.0,650.0,-1.52,54970.0,785.0,590.0
OHL,8/8/2021,650.0,661.0,640.0,647.0,-0.46,27914.0,785.0,590.0
OHL,8/9/2021,647.0,660.0,635.0,646.9,-0.02,43431.0,785.0,590.0
OHL,8/10/2021,650.0,658.0,631.5,635.0,-1.84,31887.0,785.0,590.0
OHL,8/11/2021,640.0,663.0,631.0,655.0,3.15,46058.0,785.0,590.0
OHL,8/12/2021,667.0,668.0,630.0,630.0,-3.82,50279.0,785.0,590.0
OHL,8/15/2021,640.0,665.0,625.0,633.0,0.48,31513.0,785.0,590.0
OHL,8/16/2021,621.0,645.0,621.0,628.0,-0.79,14437.0,785.0,590.0
OHL,8/17/2021,630.0,635.0,618.0,621.1,-1.1,23433.0,785.0,590.0
OHL,8/18/2021,617.0,646.0,604.7,640.0,3.04,40042.0,785.0,590.0
OHL,8/19/2021,651.0,652.8,621.0,621.0,-2.97,16494.0,785.0,590.0
OHL,8/24/2021,610.0,639.0,610.0,620.0,-0.16,15951.0,785.0,590.0
OHL,8/25/2021,615.5,619.0,608.0,610.0,-1.61,9797.0,785.0,590.0
OHL,8/26/2021,620.0,622.0,600.0,601.0,-1.48,18170.0,785.0,590.0
OHL,8/29/2021,601.0,625.0,584.0,595.0,-1.0,13815.0,785.0,590.0
OHL,8/31/2021,584.0,595.0,567.0,570.0,-4.2,10423.0,785.0,590.0
OHL,9/1/2021,580.0,625.0,578.2,605.0,6.14,35404.0,785.0,590.0
OHL,9/2/2021,615.0,620.0,588.0,591.0,-2.31,14463.0,785.0,590.0
OHL,9/5/2021,591.0,595.0,542.0,550.0,-6.94,20938.0,785.0,590.0
OHL,9/6/2021,561.0,596.0,550.0,596.0,8.36,9179.0,785.0,590.0
OHL,9/7/2021,607.9,607.9,570.0,570.0,-4.36,4831.0,785.0,590.0
OHL,9/8/2021,562.1,572.0,559.0,560.0,-1.75,11606.0,785.0,590.0
OHL,9/9/2021,550.0,571.0,550.0,558.0,-0.36,12762.0,785.0,590.0
OHL,9/12/2021,569.0,579.0,568.0,568.0,1.79,7654.0,785.0,590.0
OHL,9/13/2021,572.0,591.6,565.0,578.0,1.76,16394.0,785.0,590.0
OHL,9/14/2021,585.0,585.0,560.0,570.0,-1.38,9066.0,785.0,590.0
OHL,9/15/2021,565.0,570.0,558.0,566.0,-0.7,6497.0,785.0,590.0
OHL,9/16/2021,555.0,561.0,550.0,550.0,-2.83,18342.0,785.0,590.0
OHL,9/20/2021,546.0,550.0,506.0,510.0,-7.27,25550.0,785.0,590.0
OHL,9/21/2021,500.0,544.0,500.0,518.0,1.57,10256.0,785.0,590.0
OHL,9/22/2021,520.0,550.0,520.0,550.0,6.18,10751.0,785.0,590.0
OHL,9/23/2021,561.0,561.0,532.0,535.0,-2.73,7472.0,785.0,590.0
OHL,9/26/2021,524.4,528.0,522.0,528.0,-1.31,8681.0,785.0,590.0
OHL,9/27/2021,520.0,520.0,497.0,500.0,-5.3,9397.0,785.0,590.0
OHL,9/28/2021,490.0,520.0,490.0,506.0,1.2,15633.0,785.0,590.0
OHL,9/29/2021,516.1,516.1,490.0,514.6,1.7,5408.0,785.0,590.0
OHL,9/30/2021,505.0,514.0,496.1,497.0,-3.42,5480.0,785.0,590.0
OHL,10/3/2021,488.0,495.0,475.0,476.0,-4.23,8948.0,785.0,590.0
OHL,10/4/2021,466.6,504.5,457.2,468.0,-1.68,6152.0,785.0,590.0
OHL,10/5/2021,472.1,502.5,472.1,485.1,3.65,4080.0,785.0,590.0
OHL,10/6/2021,494.8,498.9,490.1,495.0,2.04,2707.0,785.0,590.0
OHL,10/10/2021,495.0,509.0,495.0,500.0,1.01,3074.0,785.0,590.0
OHL,10/11/2021,491.0,495.0,480.0,489.0,-2.2,4452.0,785.0,590.0
OHL,10/17/2021,482.1,507.9,482.1,500.0,2.25,1669.0,785.0,590.0
OHL,10/18/2021,499.0,500.0,480.5,485.0,-3.0,6449.0,785.0,590.0
OHL,10/19/2021,493.9,494.0,468.0,471.0,-2.89,4126.0,785.0,590.0
OHL,10/20/2021,480.4,499.8,480.4,496.0,5.31,3230.0,785.0,590.0
OHL,10/21/2021,487.0,487.0,480.0,480.0,-3.23,3320.0,785.0,590.0
OHL,10/24/2021,480.0,496.0,478.0,495.7,3.27,980.0,785.0,590.0
OHL,10/25/2021,491.0,510.0,486.0,506.0,2.08,6675.0,785.0,590.0
OHL,10/26/2021,516.0,556.0,496.0,525.0,3.75,17029.0,785.0,590.0
OHL,10/27/2021,515.0,540.6,506.2,515.0,-1.9,11632.0,785.0,590.0
OHL,10/28/2021,510.0,515.0,505.0,505.3,-1.88,4521.0,785.0,590.0
OHL,10/31/2021,515.4,536.2,515.4,525.0,3.9,11262.0,785.0,590.0
OHL,11/1/2021,535.5,548.0,513.0,535.0,1.9,29196.0,785.0,590.0
OHL,11/2/2021,540.0,545.7,525.0,535.0,0.0,9543.0,785.0,590.0
OHL,11/3/2021,545.0,555.0,529.0,535.0,0.0,7720.0,785.0,590.0
OHL,11/8/2021,540.0,540.0,528.0,532.5,-0.47,4277.0,785.0,590.0
OHL,11/9/2021,532.4,532.4,501.0,501.0,-5.92,9563.0,785.0,590.0
OHL,11/11/2021,495.0,500.0,486.0,488.0,-2.59,11668.0,785.0,590.0
OHL,11/14/2021,486.0,503.0,483.2,492.0,0.82,16236.0,785.0,590.0
OHL,11/15/2021,494.0,511.0,494.0,511.0,3.86,10988.0,785.0,590.0
OHL,11/16/2021,520.0,520.0,503.0,520.0,1.76,9462.0,785.0,590.0
OHL,11/17/2021,529.0,542.6,512.0,519.0,-0.19,9813.0,785.0,590.0
OHL,11/18/2021,515.0,517.0,502.0,502.0,-3.28,8457.0,785.0,590.0
OHL,11/21/2021,502.0,517.0,500.0,508.1,1.22,3595.0,785.0,590.0
OHL,11/22/2021,515.0,527.7,507.0,510.0,0.37,5241.0,785.0,590.0
OHL,11/23/2021,507.0,515.0,492.0,495.0,-2.94,10653.0,785.0,590.0
OHL,11/24/2021,500.0,506.9,490.0,506.9,2.4,4576.0,785.0,590.0
OHL,11/25/2021,500.0,537.5,500.0,523.5,3.27,6758.0,785.0,590.0
OHL,11/28/2021,514.0,514.0,499.0,499.0,-4.68,8116.0,785.0,590.0
OHL,11/29/2021,489.1,508.7,489.1,494.8,-0.84,5520.0,785.0,590.0
OHL,11/30/2021,490.5,500.0,486.1,499.0,0.85,3783.0,785.0,590.0
OHL,12/1/2021,500.0,500.0,490.0,491.0,-1.6,2440.0,785.0,590.0
OHL,12/2/2021,499.9,499.9,484.0,484.0,-1.43,8974.0,785.0,590.0
OHL,12/5/2021,475.0,479.0,457.1,457.2,-5.54,4040.0,785.0,590.0
OHL,12/6/2021,456.0,480.0,450.0,475.0,3.89,6430.0,785.0,590.0
OHL,12/7/2021,484.5,484.5,470.0,470.0,-1.05,2250.0,785.0,590.0
OHL,12/8/2021,461.0,461.0,455.0,455.0,-3.19,670.0,785.0,590.0
OHL,12/9/2021,448.0,465.0,448.0,453.0,-0.44,3722.0,785.0,590.0
OHL,12/12/2021,458.0,466.0,446.1,449.0,-0.88,5092.0,785.0,590.0
OHL,12/13/2021,441.0,446.0,430.0,435.0,-3.12,5680.0,785.0,590.0
OHL,12/14/2021,443.7,472.2,443.7,471.0,8.28,2243.0,785.0,590.0
OHL,12/15/2021,480.0,489.6,456.2,456.7,-3.04,2756.0,785.0,590.0
OHL,12/16/2021,450.1,456.0,450.0,451.0,-1.25,1175.0,785.0,590.0
OHL,12/20/2021,442.5,445.0,439.0,442.4,-1.91,814.0,785.0,590.0
OHL,12/21/2021,451.2,457.0,443.0,456.0,3.07,6148.0,785.0,590.0
OHL,12/22/2021,450.1,487.0,450.1,468.5,2.74,7387.0,785.0,590.0
OHL,12/23/2021,468.0,486.0,460.0,482.0,2.88,7795.0,785.0,590.0
OHL,12/26/2021,491.0,493.0,472.2,477.0,-1.04,10807.0,785.0,590.0
OHL,12/27/2021,485.0,495.0,466.0,467.0,-2.1,10292.0,785.0,590.0
OHL,12/28/2021,467.0,476.0,457.0,472.0,1.07,2334.0,785.0,590.0
OHL,12/29/2021,463.1,479.0,463.1,474.0,0.42,1942.0,785.0,590.0
OHL,1/2/2022,480.0,480.0,471.0,476.0,0.42,1295.0,785.0,590.0
OHL,1/3/2022,485.0,488.9,470.1,475.0,-0.21,1100.0,785.0,590.0
OHL,1/4/2022,468.0,485.0,468.0,485.0,2.11,3612.0,785.0,590.0
OHL,1/5/2022,476.2,477.5,470.0,470.0,-3.09,3470.0,785.0,590.0
OHL,1/6/2022,477.0,485.0,471.0,485.0,3.19,6015.0,785.0,590.0
OHL,1/9/2022,490.0,490.0,475.1,485.0,0.0,6504.0,785.0,590.0
OHL,1/10/2022,480.0,493.0,476.0,490.0,1.03,18222.0,785.0,590.0
OHL,1/11/2022,485.5,519.0,485.0,510.0,4.08,12377.0,785.0,590.0
OHL,1/12/2022,520.2,520.2,481.2,489.0,-4.12,16248.0,785.0,590.0
OHL,1/13/2022,498.7,507.0,487.0,505.0,3.27,10884.0,785.0,590.0
OHL,1/16/2022,506.0,522.0,502.1,503.1,-0.38,30542.0,785.0,590.0
OHL,1/17/2022,508.0,518.0,505.0,515.0,2.37,13165.0,785.0,590.0
OHL,1/18/2022,504.8,566.0,504.8,534.0,3.69,39775.0,785.0,590.0
OHL,1/19/2022,540.0,540.0,516.1,516.4,-3.3,12600.0,785.0,590.0
OHL,1/20/2022,517.0,530.0,517.0,522.0,1.08,6630.0,785.0,590.0
OHL,1/23/2022,515.1,522.0,510.0,522.0,0.0,8072.0,785.0,590.0
OHL,1/24/2022,520.0,520.0,485.0,485.0,-7.09,10559.0,785.0,590.0
OHL,1/25/2022,494.7,504.0,485.0,500.0,3.09,9291.0,785.0,590.0
OHL,1/26/2022,490.0,504.5,490.0,504.5,0.9,2435.0,785.0,590.0
OHL,1/27/2022,503.0,505.0,495.0,498.0,-1.29,4376.0,785.0,590.0
OHL,1/30/2022,507.9,525.0,504.8,522.0,4.82,11160.0,785.0,590.0
OHL,1/31/2022,511.6,521.0,505.0,515.0,-1.34,5448.0,785.0,590.0
OHL,2/1/2022,520.0,520.0,500.0,510.0,-0.97,4479.0,785.0,590.0
OHL,2/3/2022,501.0,530.0,501.0,507.5,-0.49,8885.0,785.0,590.0
OHL,2/6/2022,499.0,508.0,490.6,506.0,-0.3,8915.0,785.0,590.0
OHL,2/7/2022,502.8,508.0,499.0,508.0,0.4,2179.0,785.0,590.0
OHL,2/8/2022,518.1,519.0,500.0,510.0,0.39,16367.0,785.0,590.0
OHL,2/9/2022,510.0,515.0,506.0,514.0,0.78,8810.0,785.0,590.0
OHL,2/10/2022,520.0,523.0,506.1,511.0,-0.58,4749.0,785.0,590.0
OHL,2/13/2022,501.0,501.0,491.0,491.0,-3.91,6798.0,785.0,590.0
OHL,2/14/2022,500.8,500.8,480.0,492.0,0.2,7778.0,785.0,590.0
OHL,2/15/2022,484.0,503.0,483.7,503.0,2.24,3459.0,785.0,590.0
OHL,2/16/2022,493.1,503.0,478.1,495.0,-1.59,8616.0,785.0,590.0
OHL,2/17/2022,499.0,500.0,490.0,491.0,-0.81,1537.0,785.0,590.0
OHL,2/20/2022,481.2,490.6,472.4,486.0,-1.02,3472.0,785.0,590.0
OHL,2/21/2022,486.0,503.0,486.0,491.1,1.05,3783.0,785.0,590.0
OHL,2/22/2022,498.9,507.0,491.0,499.0,1.61,4053.0,785.0,590.0
OHL,2/23/2022,493.1,493.1,491.0,491.1,-1.58,860.0,785.0,590.0
OHL,2/24/2022,491.0,491.0,477.0,480.0,-2.26,5929.0,785.0,590.0
OHL,2/27/2022,480.0,484.0,465.0,474.0,-1.25,24793.0,785.0,590.0
OHL,2/28/2022,483.0,483.0,464.6,470.0,-0.84,26952.0,785.0,590.0
OHL,3/2/2022,464.0,470.0,460.6,460.6,-2.0,3597.0,785.0,590.0
OHL,3/6/2022,469.0,469.8,452.0,461.0,0.09,12087.0,785.0,590.0
OHL,3/7/2022,470.0,470.0,452.0,452.0,-1.95,4174.0,785.0,590.0
OHL,3/9/2022,453.0,453.0,440.0,445.0,-1.55,7472.0,785.0,590.0
OHL,3/10/2022,450.0,464.0,450.0,464.0,4.27,5989.0,785.0,590.0
OHL,3/13/2022,465.0,491.6,465.0,490.0,5.6,11431.0,785.0,590.0
OHL,3/14/2022,495.0,495.0,475.5,490.0,0.0,2591.0,785.0,590.0
OHL,3/15/2022,489.0,527.9,475.0,499.9,2.02,16236.0,785.0,590.0
OHL,3/16/2022,500.0,518.0,490.0,515.0,3.02,37043.0,785.0,590.0
OHL,3/20/2022,515.0,515.0,500.0,502.0,-2.52,11618.0,785.0,590.0
OHL,3/21/2022,501.0,510.0,496.0,508.0,1.2,8705.0,785.0,590.0
OHL,3/22/2022,510.0,510.0,495.0,500.0,-1.57,2620.0,785.0,590.0
OHL,3/23/2022,496.0,505.0,495.0,495.0,-1.0,5920.0,785.0,590.0
OHL,3/24/2022,494.9,495.0,487.0,487.0,-1.62,7649.0,785.0,590.0
OHL,3/27/2022,481.6,500.0,481.6,488.0,0.21,1411.0,785.0,590.0
OHL,3/28/2022,490.0,490.0,481.1,488.0,0.0,3899.0,785.0,590.0
OHL,3/29/2022,482.2,493.0,482.2,491.0,0.61,4520.0,785.0,590.0
OHL,3/30/2022,485.0,508.9,485.0,508.0,3.46,8701.0,785.0,590.0
OHL,3/31/2022,500.0,500.0,492.4,492.4,-3.07,6085.0,785.0,590.0
OHL,4/3/2022,490.1,495.0,490.0,490.0,-0.49,3343.0,785.0,590.0
OHL,4/4/2022,494.9,500.0,489.0,489.0,-0.2,4669.0,785.0,590.0
OHL,4/5/2022,483.0,495.0,480.0,493.0,0.82,8951.0,785.0,590.0
OHL,4/6/2022,493.0,509.3,490.0,503.0,2.03,47129.0,785.0,590.0
OHL,4/7/2022,505.0,523.0,503.0,513.0,1.99,28685.0,785.0,590.0
OHL,4/11/2022,516.0,516.0,496.0,500.0,-2.53,5293.0,785.0,590.0
OHL,4/12/2022,508.9,509.0,500.0,500.0,0.0,8853.0,785.0,590.0
OHL,4/13/2022,500.0,512.0,500.0,510.0,2.0,4812.0,785.0,590.0
OHL,4/17/2022,508.0,515.0,499.8,510.0,0.0,17755.0,785.0,590.0
OHL,4/18/2022,502.0,502.0,490.0,490.0,-3.92,7112.0,785.0,590.0
OHL,4/19/2022,499.8,500.0,485.0,499.0,1.84,3236.0,785.0,590.0
OHL,4/20/2022,508.8,508.8,487.0,487.0,-2.4,6775.0,785.0,590.0
OHL,4/21/2022,496.0,496.0,482.0,494.0,1.44,1594.0,785.0,590.0
OHL,4/24/2022,503.0,513.0,490.0,512.0,3.64,11048.0,785.0,590.0
OHL,4/25/2022,501.8,520.0,501.8,512.0,0.0,15839.0,785.0,590.0
OHL,4/26/2022,521.0,521.0,505.5,510.5,-0.29,9720.0,785.0,590.0
OHL,4/27/2022,510.0,523.0,505.1,521.0,2.06,21882.0,785.0,590.0
OHL,4/28/2022,521.0,521.0,515.0,515.1,-1.13,14342.0,785.0,590.0
OHL,5/2/2022,517.0,518.1,497.9,501.2,-2.7,10020.0,785.0,590.0
OHL,5/4/2022,511.2,511.2,495.0,495.0,-1.24,3729.0,785.0,590.0
OHL,5/5/2022,486.0,495.0,485.1,495.0,0.0,3107.0,785.0,590.0
OHL,5/8/2022,500.0,502.0,493.0,495.1,0.02,1087.0,785.0,590.0
OHL,5/9/2022,501.0,515.1,501.0,503.1,1.62,8647.0,785.0,590.0
OHL,5/10/2022,505.0,513.0,505.0,512.9,1.95,3355.0,785.0,590.0
OHL,5/11/2022,503.0,520.0,503.0,520.0,1.38,8095.0,785.0,590.0
OHL,5/12/2022,523.0,529.0,502.0,507.0,-2.5,21304.0,785.0,590.0
OHL,5/17/2022,497.0,498.0,488.0,492.0,-2.96,1160.0,785.0,590.0
OHL,5/18/2022,501.0,501.8,490.0,499.0,1.42,6010.0,785.0,590.0
OHL,5/19/2022,495.0,495.0,490.0,490.0,-1.8,7603.0,785.0,590.0
OHL,5/20/2022,499.0,508.0,492.1,492.1,0.43,8327.0,785.0,590.0
OHL,5/23/2022,483.0,500.0,480.0,490.0,-0.43,5113.0,785.0,590.0
OHL,5/24/2022,481.0,499.0,481.0,499.0,1.84,1899.0,785.0,590.0
OHL,5/25/2022,498.9,500.0,481.0,498.9,-0.02,4588.0,785.0,590.0
OHL,5/26/2022,489.1,496.5,489.0,493.0,-1.18,2843.0,785.0,590.0
OHL,5/27/2022,490.0,490.0,485.0,486.1,-1.4,2878.0,785.0,590.0
OHL,5/30/2022,487.0,487.0,473.1,473.1,-2.67,4268.0,785.0,590.0
OHL,5/31/2022,465.3,482.0,465.3,472.5,-0.13,1303.0,785.0,590.0
OHL,6/1/2022,466.2,475.5,466.2,470.1,-0.51,499.0,785.0,590.0
OHL,6/2/2022,478.0,480.0,471.3,471.3,0.26,1594.0,785.0,590.0
OHL,6/3/2022,467.2,475.5,463.3,463.3,-1.7,8943.0,785.0,590.0
OHL,6/6/2022,460.1,480.0,457.2,468.5,1.12,1390.0,785.0,590.0
OHL,6/7/2022,470.0,476.9,467.5,470.0,0.32,1696.0,785.0,590.0
OHL,6/8/2022,465.0,483.9,465.0,479.0,1.91,3080.0,785.0,590.0
OHL,6/9/2022,485.0,485.0,461.0,477.0,-0.42,7270.0,785.0,590.0
OHL,6/10/2022,468.0,484.0,467.9,477.0,0.0,831.0,785.0,590.0
OHL,6/13/2022,468.5,476.0,452.1,452.2,-5.2,2780.0,785.0,590.0
OHL,6/14/2022,446.0,461.2,437.2,437.2,-3.32,16285.0,785.0,590.0
OHL,6/15/2022,432.0,440.0,421.4,422.0,-3.48,13111.0,785.0,590.0
OHL,6/16/2022,430.3,447.0,421.4,439.0,4.03,468.0,785.0,590.0
OHL,6/17/2022,447.0,455.0,428.3,436.8,-0.5,520.0,785.0,590.0
OHL,6/19/2022,445.0,453.9,423.0,425.0,-2.7,2815.0,785.0,590.0
OHL,6/20/2022,416.5,431.0,416.5,431.0,1.41,17769.0,785.0,590.0
OHL,6/21/2022,439.0,445.7,430.0,430.0,-0.23,2022.0,785.0,590.0
OHL,6/22/2022,438.6,447.3,423.0,437.5,1.74,3451.0,785.0,590.0
OHL,6/23/2022,437.5,442.0,422.0,424.0,-3.09,3970.0,785.0,590.0
OHL,6/24/2022,422.0,440.0,418.0,430.0,1.42,6827.0,785.0,590.0
OHL,6/26/2022,438.0,459.0,438.0,459.0,6.74,15760.0,785.0,590.0
OHL,6/27/2022,451.0,460.0,439.5,448.0,-2.4,19388.0,785.0,590.0
OHL,6/28/2022,439.1,455.9,439.1,450.0,0.45,12151.0,785.0,590.0
OHL,6/29/2022,450.0,467.0,445.1,458.0,1.78,1306.0,785.0,590.0
OHL,6/30/2022,465.0,478.6,462.5,478.6,4.5,4537.0,785.0,590.0
OHL,7/1/2022,469.2,478.0,469.2,470.0,-1.8,2205.0,785.0,590.0
OHL,7/3/2022,474.0,490.0,474.0,480.0,2.13,15195.0,785.0,590.0
OHL,7/4/2022,471.0,489.9,463.1,485.0,1.04,11398.0,785.0,590.0
OHL,7/5/2022,485.0,488.0,469.0,473.0,-2.47,11367.0,785.0,590.0
OHL,7/6/2022,465.0,475.0,465.0,475.0,0.42,1820.0,785.0,590.0
OHL,7/7/2022,466.0,475.0,466.0,467.0,-1.68,2425.0,785.0,590.0
OHL,7/8/2022,458.0,458.0,449.0,453.0,-3.0,1803.0,785.0,590.0
OHL,7/11/2022,453.0,453.0,431.2,450.0,-0.66,4396.0,785.0,590.0
OHL,7/12/2022,441.0,459.0,436.2,458.9,1.98,6181.0,785.0,590.0
OHL,7/13/2022,449.8,477.3,449.8,477.3,4.01,4440.0,785.0,590.0
OHL,7/14/2022,467.8,485.5,458.5,485.0,1.61,5408.0,785.0,590.0
OHL,7/15/2022,494.5,494.5,473.4,483.0,-0.41,1420.0,785.0,590.0
OHL,7/17/2022,475.0,480.0,474.0,474.0,-1.86,2275.0,785.0,590.0
OHL,7/18/2022,483.0,506.0,475.2,497.0,4.85,19293.0,785.0,590.0
OHL,7/19/2022,506.8,511.5,494.0,502.0,1.01,3555.0,785.0,590.0
OHL,7/20/2022,511.0,520.0,482.2,498.9,-0.62,2350.0,785.0,590.0
OHL,7/21/2022,505.0,505.0,483.0,488.0,-2.18,1226.0,785.0,590.0
OHL,7/22/2022,496.0,496.0,472.4,472.4,-3.2,2631.0,785.0,590.0
OHL,7/24/2022,463.5,490.0,463.5,486.0,2.88,1509.0,785.0,590.0
OHL,7/25/2022,494.0,495.0,477.0,494.5,1.75,5534.0,785.0,590.0
OHL,7/26/2022,504.0,504.0,478.0,480.0,-2.93,9739.0,785.0,590.0
OHL,7/27/2022,489.0,496.0,480.0,486.0,1.25,1144.0,785.0,590.0
OHL,7/28/2022,478.1,500.0,475.3,475.3,-2.2,13734.0,785.0,590.0
OHL,7/29/2022,484.0,500.0,477.0,490.0,3.09,8110.0,785.0,590.0
OHL,7/31/2022,498.0,514.0,495.0,514.0,4.9,15316.0,785.0,590.0
OHL,8/1/2022,504.0,512.0,495.0,510.0,-0.78,18104.0,785.0,590.0
OHL,8/2/2022,500.0,520.0,500.0,514.0,0.78,5678.0,785.0,590.0
OHL,8/3/2022,504.0,511.0,494.0,509.5,-0.88,6514.0,785.0,590.0
OHL,8/4/2022,500.0,504.0,490.0,490.0,-3.83,4435.0,785.0,590.0
OHL,8/5/2022,483.0,500.0,482.0,483.1,-1.41,3535.0,785.0,590.0
OHL,8/7/2022,492.7,495.0,486.0,495.0,2.46,2280.0,785.0,590.0
OHL,8/8/2022,486.0,511.9,485.0,490.0,-1.01,3375.0,785.0,590.0
OHL,8/9/2022,481.0,499.8,478.0,487.0,-0.61,2918.0,785.0,590.0
OHL,8/10/2022,480.0,493.0,477.4,484.0,-0.62,858.0,785.0,590.0
OHL,8/11/2022,493.0,493.0,472.0,481.0,-0.62,2318.0,785.0,590.0
OHL,8/14/2022,475.0,481.0,475.0,481.0,0.0,74.0,785.0,590.0
OHL,8/15/2022,482.0,490.0,475.0,485.0,0.83,2157.0,785.0,590.0
OHL,8/16/2022,479.0,484.0,477.7,484.0,-0.21,1175.0,785.0,590.0
OHL,8/17/2022,475.5,489.0,475.5,480.0,-0.83,1451.0,785.0,590.0
OHL,8/18/2022,480.0,489.6,480.0,485.0,1.04,1163.0,785.0,590.0
OHL,8/21/2022,494.0,494.0,480.1,481.0,-0.82,785.0,785.0,590.0
OHL,8/22/2022,475.1,480.0,472.2,480.0,-0.21,1930.0,785.0,590.0
OHL,8/23/2022,484.0,499.0,481.2,481.2,0.25,1090.0,785.0,590.0
OHL,8/24/2022,490.0,499.6,484.0,488.0,1.41,1030.0,785.0,590.0
OHL,8/25/2022,481.0,481.0,471.0,471.0,-3.48,1620.0,785.0,590.0
OHL,8/26/2022,469.0,480.0,469.0,470.5,-0.11,335.0,785.0,590.0
OHL,8/28/2022,479.9,479.9,457.7,457.7,-2.72,2273.0,785.0,590.0
OHL,8/29/2022,449.0,485.0,449.0,460.0,0.5,254.0,785.0,590.0
OHL,8/30/2022,469.2,479.7,469.0,475.0,3.26,1068.0,785.0,590.0
OHL,8/31/2022,470.0,477.9,459.1,459.1,-3.35,574.0,785.0,590.0
OHL,9/1/2022,468.0,473.7,458.0,468.0,1.94,2005.0,785.0,590.0
OHL,9/2/2022,477.0,477.0,459.9,474.0,1.28,139.0,785.0,590.0
OHL,9/4/2022,483.0,483.0,466.0,474.0,0.0,69.0,785.0,590.0
OHL,9/5/2022,483.0,483.0,461.0,461.0,-2.74,1300.0,785.0,590.0
OHL,9/6/2022,458.0,464.4,455.3,464.4,0.74,1130.0,785.0,590.0
OHL,9/7/2022,473.6,473.6,455.2,455.2,-1.98,1935.0,785.0,590.0
OHL,9/8/2022,450.0,468.0,449.0,468.0,2.81,1501.0,785.0,590.0
OHL,9/11/2022,476.0,476.9,452.0,455.0,-2.78,3158.0,785.0,590.0
OHL,9/12/2022,463.9,481.7,451.8,451.8,-0.7,1375.0,785.0,590.0
OHL,9/13/2022,442.8,486.0,442.8,461.0,2.04,680.0,785.0,590.0
OHL,9/14/2022,469.0,470.2,461.0,465.0,0.87,1464.0,785.0,590.0
OHL,9/15/2022,474.3,483.5,444.0,444.0,-4.52,3697.0,785.0,590.0
OHL,9/16/2022,436.0,460.0,429.0,435.0,-2.03,1564.0,785.0,590.0
OHL,9/18/2022,431.0,441.0,427.0,427.0,-1.84,9496.0,785.0,590.0
OHL,9/20/2022,434.0,438.0,419.0,419.4,-1.78,4960.0,785.0,590.0
OHL,9/21/2022,425.0,430.0,422.0,422.2,0.67,979.0,785.0,590.0
OHL,9/22/2022,420.1,425.0,413.8,425.0,0.66,2405.0,785.0,590.0
OHL,9/25/2022,417.0,420.0,415.0,416.0,-2.12,1744.0,785.0,590.0
OHL,9/27/2022,416.0,426.0,416.0,426.0,2.4,1136.0,785.0,590.0
OHL,9/28/2022,417.5,443.0,417.5,434.2,1.92,1569.0,785.0,590.0
OHL,9/29/2022,442.0,450.0,437.0,449.0,3.41,2105.0,785.0,590.0
OHL,10/9/2022,457.5,457.5,442.0,442.0,-1.56,867.0,785.0,590.0
OHL,10/10/2022,450.0,468.1,441.0,451.0,2.04,2623.0,785.0,590.0
OHL,10/11/2022,442.1,452.9,436.2,450.0,-0.22,1338.0,785.0,590.0
OHL,10/12/2022,441.0,455.0,423.6,452.0,0.44,1493.0,785.0,590.0
OHL,10/13/2022,459.0,459.0,447.0,455.0,0.66,1633.0,785.0,590.0
OHL,10/16/2022,447.0,458.0,445.9,455.0,0.0,1457.0,785.0,590.0
OHL,10/17/2022,446.0,455.0,446.0,455.0,0.0,70.0,785.0,590.0
OHL,10/19/2022,447.0,450.0,445.9,449.0,-1.32,1099.0,785.0,590.0
OHL,10/20/2022,440.1,448.8,432.4,448.8,-0.04,520.0,785.0,590.0
OHL,10/23/2022,442.2,445.0,442.2,443.1,-1.27,580.0,785.0,590.0
OHL,10/31/2022,450.0,459.0,450.0,459.0,3.59,899.0,785.0,590.0
OHL,11/1/2022,468.0,468.0,451.0,465.0,1.31,2272.0,785.0,590.0
OHL,11/2/2022,457.0,473.0,447.9,471.9,1.48,3820.0,785.0,590.0
OHL,11/3/2022,463.0,470.0,462.5,463.0,-1.89,1130.0,785.0,590.0
OHL,11/6/2022,471.0,480.0,462.0,479.0,3.46,4624.0,785.0,590.0
OHL,11/7/2022,475.0,490.0,475.0,487.0,1.67,4296.0,785.0,590.0
OHL,11/8/2022,490.0,494.9,482.1,494.9,1.62,3028.0,785.0,590.0
OHL,11/9/2022,497.0,501.0,477.1,477.1,-3.6,7629.0,785.0,590.0
OHL,11/10/2022,486.6,490.0,475.0,478.0,0.19,4102.0,785.0,590.0
OHL,11/13/2022,485.0,494.0,484.9,490.0,2.51,4219.0,785.0,590.0
OHL,11/14/2022,490.0,504.0,485.0,504.0,2.86,4675.0,785.0,590.0
OHL,11/15/2022,504.0,509.4,492.3,496.0,-1.59,4551.0,785.0,590.0
OHL,11/16/2022,505.0,505.0,492.3,502.0,1.21,1650.0,785.0,590.0
OHL,11/17/2022,510.0,510.0,490.8,498.0,-0.8,2926.0,785.0,590.0
OHL,11/22/2022,506.0,506.0,488.2,488.2,-1.97,3096.0,785.0,590.0
OHL,11/23/2022,497.9,497.9,481.0,490.0,0.37,360.0,785.0,590.0
OHL,11/24/2022,495.0,497.9,494.9,495.0,1.02,417.0,785.0,590.0
OHL,11/27/2022,486.0,510.0,486.0,510.0,3.03,552.0,785.0,590.0
OHL,11/28/2022,516.0,517.0,485.0,488.0,-4.31,3589.0,785.0,590.0
OHL,11/29/2022,493.0,493.0,486.0,493.0,1.02,860.0,785.0,590.0
OHL,11/30/2022,483.3,492.0,483.2,492.0,-0.2,1340.0,785.0,590.0
OHL,12/1/2022,485.0,490.0,484.0,487.0,-1.02,1143.0,785.0,590.0
OHL,12/4/2022,478.0,519.0,478.0,519.0,6.57,2871.0,785.0,590.0
OHL,12/5/2022,510.0,510.0,490.0,490.3,-5.53,4928.0,785.0,590.0
OHL,12/6/2022,482.1,495.0,480.5,490.0,-0.06,9825.0,785.0,590.0
OHL,12/7/2022,482.0,490.0,481.1,490.0,0.0,760.0,785.0,590.0
OHL,12/11/2022,485.0,489.9,481.0,482.0,-1.63,1076.0,785.0,590.0
OHL,12/12/2022,491.0,510.0,473.1,479.0,-0.62,2053.0,785.0,590.0
OHL,12/13/2022,485.0,491.0,472.0,489.0,2.09,3068.0,785.0,590.0
OHL,12/14/2022,498.0,498.0,477.0,480.0,-1.84,2528.0,785.0,590.0
OHL,12/15/2022,480.0,488.0,480.0,482.0,0.42,2430.0,785.0,590.0
OHL,12/18/2022,490.0,490.0,467.3,480.0,-0.41,573.0,785.0,590.0
OHL,12/19/2022,481.0,481.0,481.0,481.0,0.21,10.0,785.0,590.0
OHL,12/20/2022,482.0,489.0,480.0,485.0,0.83,1112.0,785.0,590.0
OHL,12/21/2022,490.0,490.0,476.3,476.3,-1.79,340.0,785.0,590.0
OHL,12/22/2022,480.0,480.0,477.0,478.0,0.36,664.0,785.0,590.0
OHL,12/26/2022,487.0,495.0,470.1,495.0,3.56,5128.0,785.0,590.0
OHL,12/27/2022,500.0,522.0,490.0,522.0,5.45,12861.0,785.0,590.0
OHL,12/28/2022,512.0,512.0,496.2,503.0,-3.64,7948.0,785.0,590.0
OHL,12/29/2022,508.0,517.0,497.9,511.0,1.59,16372.0,785.0,590.0
OHL,1/1/2023,509.0,520.0,500.3,508.9,-0.41,14928.0,785.0,590.0
OHL,1/2/2023,500.0,521.0,500.0,520.0,2.18,36781.0,785.0,590.0
OHL,1/3/2023,521.0,548.0,520.0,523.1,0.6,43716.0,785.0,590.0
OHL,1/4/2023,533.5,535.0,520.0,530.0,1.32,22583.0,785.0,590.0
OHL,1/5/2023,530.1,569.9,525.0,561.1,5.87,42831.0,785.0,590.0
OHL,1/8/2023,565.0,582.0,550.0,558.1,-0.53,27052.0,785.0,590.0
OHL,1/9/2023,558.0,581.0,551.1,565.9,1.4,13543.0,785.0,590.0
OHL,1/10/2023,565.9,581.0,541.0,542.0,-4.22,29288.0,785.0,590.0
OHL,1/12/2023,552.8,554.0,526.0,531.0,-2.03,16905.0,785.0,590.0
OHL,1/17/2023,538.0,579.0,526.0,568.0,6.97,26916.0,785.0,590.0
OHL,1/18/2023,579.3,602.6,570.0,579.9,2.1,52166.0,785.0,590.0
OHL,1/19/2023,580.0,580.0,561.5,561.5,-3.17,5419.0,785.0,590.0
OHL,1/23/2023,553.1,562.9,545.0,545.0,-2.94,19037.0,785.0,590.0
OHL,1/24/2023,543.0,554.8,534.1,538.2,-1.25,6037.0,785.0,590.0
OHL,1/25/2023,544.0,557.0,542.0,550.0,2.19,11314.0,785.0,590.0
OHL,1/26/2023,561.0,572.2,550.0,550.0,0.0,8645.0,785.0,590.0
OHL,1/29/2023,539.2,570.0,539.1,555.1,0.93,12398.0,785.0,590.0
OHL,1/30/2023,545.0,566.0,538.1,543.0,-2.18,19342.0,785.0,590.0
OHL,1/31/2023,532.5,550.0,532.5,545.0,0.37,7095.0,785.0,590.0
OHL,2/1/2023,544.9,549.0,542.0,546.0,0.18,3039.0,785.0,590.0
OHL,2/2/2023,536.1,548.8,536.1,541.0,-0.92,7150.0,785.0,590.0
OHL,2/5/2023,535.0,551.8,535.0,547.0,1.11,2715.0,785.0,590.0
OHL,2/6/2023,538.1,543.0,538.1,538.5,-1.55,3170.0,785.0,590.0
OHL,2/7/2023,549.0,562.0,545.3,557.9,3.6,9600.0,785.0,590.0
OHL,2/8/2023,560.0,578.0,550.3,550.3,-1.36,13393.0,785.0,590.0
OHL,2/9/2023,550.3,556.0,542.0,556.0,1.04,4945.0,785.0,590.0
OHL,2/12/2023,547.0,547.0,537.0,537.1,-3.4,6173.0,785.0,590.0
OHL,2/14/2023,527.0,545.0,527.0,535.3,-0.34,3013.0,785.0,590.0
OHL,2/15/2023,544.0,544.0,533.2,537.9,0.49,2964.0,785.0,590.0
OHL,2/16/2023,527.2,538.8,518.0,527.0,-2.03,2775.0,785.0,590.0
OHL,2/20/2023,516.6,537.9,506.7,528.0,0.19,2557.0,785.0,590.0
OHL,2/22/2023,517.5,547.7,507.2,537.0,1.7,2704.0,785.0,590.0
OHL,2/23/2023,526.5,533.9,521.0,528.0,-1.68,2728.0,785.0,590.0
OHL,2/26/2023,518.1,524.9,499.0,524.9,-0.59,3751.0,785.0,590.0
OHL,2/27/2023,525.0,559.0,516.0,559.0,6.5,9073.0,785.0,590.0
OHL,2/28/2023,551.0,568.9,548.1,556.9,-0.38,12808.0,785.0,590.0
OHL,3/1/2023,545.8,545.8,530.0,530.0,-4.83,5339.0,785.0,590.0
OHL,3/2/2023,535.0,535.0,521.6,527.0,-0.57,962.0,785.0,590.0
OHL,3/5/2023,520.1,525.0,520.0,521.0,-1.14,1264.0,785.0,590.0
OHL,3/7/2023,521.0,532.0,521.0,532.0,2.11,1904.0,785.0,590.0
OHL,3/9/2023,540.0,547.9,533.8,542.0,1.88,3615.0,785.0,590.0
OHL,3/12/2023,547.9,547.9,525.0,530.0,-2.21,2890.0,785.0,590.0
OHL,3/13/2023,529.0,529.0,520.0,520.3,-1.83,5971.0,785.0,590.0
OHL,3/14/2023,530.7,541.0,521.0,532.0,2.25,2600.0,785.0,590.0
OHL,3/15/2023,521.8,532.0,513.0,530.0,-0.38,2588.0,785.0,590.0
OHL,3/16/2023,530.0,531.0,529.9,529.9,-0.02,1800.0,785.0,590.0
OHL,3/19/2023,530.0,540.0,523.0,536.0,1.15,2611.0,785.0,590.0
OHL,3/20/2023,544.0,544.0,530.0,540.0,0.75,4634.0,785.0,590.0
OHL,3/22/2023,540.0,548.0,535.0,535.0,-0.93,2065.0,785.0,590.0
OHL,3/23/2023,529.0,530.0,524.0,525.0,-1.87,4782.0,785.0,590.0
OHL,3/26/2023,520.0,530.4,514.5,514.5,-2.0,2897.0,785.0,590.0
OHL,3/27/2023,522.0,533.1,516.0,533.0,3.6,2650.0,785.0,590.0
OHL,3/28/2023,528.0,538.0,525.0,529.0,-0.75,2941.0,785.0,590.0
OHL,3/29/2023,522.1,545.0,521.0,544.0,2.84,5715.0,785.0,590.0
OHL,3/30/2023,552.0,552.0,537.0,537.0,-1.29,3476.0,785.0,590.0
OHL,4/2/2023,547.0,547.0,529.0,529.0,-1.49,7152.0,785.0,590.0
OHL,4/3/2023,529.0,530.0,524.0,528.8,-0.04,1074.0,785.0,590.0
OHL,4/4/2023,520.1,534.9,520.0,530.1,0.25,952.0,785.0,590.0
OHL,4/5/2023,530.0,540.7,528.0,540.7,2.0,1889.0,785.0,590.0
OHL,4/6/2023,530.0,538.9,530.0,538.9,-0.33,329.0,785.0,590.0
OHL,4/9/2023,528.2,528.2,520.0,520.0,-3.51,2855.0,785.0,590.0
OHL,4/10/2023,530.2,530.2,520.0,528.9,1.71,1277.0,785.0,590.0
OHL,4/11/2023,525.1,538.0,525.0,538.0,1.72,2683.0,785.0,590.0
OHL,4/12/2023,548.0,553.9,535.0,553.0,2.79,9191.0,785.0,590.0
OHL,4/13/2023,553.0,556.0,537.1,537.1,-2.88,6515.0,785.0,590.0
OHL,4/16/2023,547.8,572.2,545.6,560.0,4.26,18376.0,785.0,590.0
OHL,4/17/2023,569.0,569.9,553.0,556.8,-0.57,7774.0,785.0,590.0
OHL,4/18/2023,560.0,572.0,552.0,572.0,2.73,16808.0,785.0,590.0
OHL,4/19/2023,567.9,576.0,562.2,565.1,-1.21,10972.0,785.0,590.0
OHL,4/20/2023,565.0,575.0,558.0,558.0,-1.26,8186.0,785.0,590.0
OHL,4/23/2023,551.2,558.0,547.5,555.0,-0.54,4127.0,785.0,590.0
OHL,4/24/2023,546.0,562.0,546.0,554.0,-0.18,4535.0,785.0,590.0
OHL,4/25/2023,554.0,565.7,554.0,562.0,1.44,6230.0,785.0,590.0
OHL,4/26/2023,569.0,569.0,552.1,558.0,-0.71,7170.0,785.0,590.0
OHL,4/27/2023,553.0,575.0,551.5,567.0,1.61,17717.0,785.0,590.0
OHL,4/30/2023,570.0,590.0,570.0,576.1,1.6,48874.0,785.0,590.0
OHL,5/2/2023,567.0,590.0,567.0,588.0,2.07,15927.0,785.0,590.0
OHL,5/3/2023,582.1,589.4,578.0,578.0,-1.7,12066.0,785.0,590.0
OHL,5/4/2023,574.0,591.5,574.0,584.0,1.04,12126.0,785.0,590.0
OHL,5/7/2023,595.0,595.0,569.0,582.0,-0.34,4940.0,785.0,590.0
OHL,5/8/2023,571.0,576.7,556.0,556.3,-4.42,8379.0,785.0,590.0
OHL,5/9/2023,547.5,585.0,547.5,574.0,3.18,7445.0,785.0,590.0
OHL,5/10/2023,565.0,572.2,556.2,572.1,-0.33,2708.0,785.0,590.0
OHL,5/11/2023,560.8,570.0,560.8,565.0,-1.24,1826.0,785.0,590.0
OHL,5/14/2023,555.1,576.0,547.2,557.9,-1.26,18400.0,785.0,590.0
OHL,5/15/2023,549.0,560.9,547.6,556.0,-0.34,4738.0,785.0,590.0
OHL,5/16/2023,547.0,564.0,546.5,557.8,0.32,9059.0,785.0,590.0
OHL,5/17/2023,565.9,568.0,560.0,566.0,1.47,3436.0,785.0,590.0
OHL,5/18/2023,560.0,585.0,560.0,580.0,2.47,11393.0,785.0,590.0
OHL,5/21/2023,585.0,604.0,573.3,600.0,3.45,37759.0,785.0,590.0
OHL,5/22/2023,593.1,630.0,590.0,607.0,1.17,88324.0,785.0,590.0
OHL,5/23/2023,619.0,630.0,617.4,628.5,3.54,30967.0,785.0,590.0
OHL,5/24/2023,628.5,652.0,615.6,649.0,3.26,72968.0,785.0,590.0
OHL,5/28/2023,636.1,659.0,631.3,640.0,-1.39,62354.0,785.0,590.0
OHL,5/30/2023,633.0,633.0,610.0,618.0,-3.44,43817.0,785.0,590.0
OHL,5/31/2023,606.0,625.2,580.1,585.0,-5.34,45332.0,785.0,590.0
OHL,6/1/2023,588.0,600.0,580.0,595.0,1.71,13801.0,785.0,590.0
OHL,6/4/2023,606.0,647.0,606.0,645.0,8.4,43765.0,785.0,590.0
OHL,6/5/2023,645.0,655.0,623.3,629.0,-2.48,33329.0,785.0,590.0
OHL,6/6/2023,619.0,669.0,619.0,658.0,4.61,45880.0,785.0,590.0
OHL,6/7/2023,665.0,672.0,638.0,652.0,-0.91,29070.0,785.0,590.0
OHL,6/8/2023,644.0,657.9,639.0,639.0,-1.99,20807.0,785.0,590.0
OHL,6/11/2023,649.0,661.0,637.0,651.0,1.88,29647.0,785.0,590.0
OHL,6/12/2023,640.0,689.0,640.0,675.0,3.69,65812.0,785.0,590.0
OHL,6/13/2023,676.0,700.0,666.0,680.0,0.74,46300.0,785.0,590.0
OHL,6/14/2023,690.0,690.0,667.0,671.0,-1.32,56007.0,785.0,590.0
OHL,6/15/2023,670.0,703.7,662.1,693.0,3.28,38349.0,785.0,590.0
OHL,6/18/2023,703.0,738.0,695.0,735.0,6.06,40695.0,785.0,590.0
OHL,6/19/2023,740.0,740.0,701.0,710.4,-3.35,39172.0,785.0,590.0
OHL,6/20/2023,713.0,731.0,696.0,698.0,-1.75,26744.0,785.0,590.0
OHL,6/21/2023,690.0,750.0,689.0,725.0,3.87,60377.0,785.0,590.0
OHL,6/22/2023,720.0,797.5,720.0,797.5,10.0,93921.0,785.0,590.0
OHL,6/25/2023,813.4,830.0,783.0,805.0,0.94,128566.0,785.0,590.0
OHL,6/26/2023,819.0,820.5,784.0,795.0,-1.24,73177.0,785.0,590.0
OHL,6/27/2023,785.0,842.0,780.1,823.5,3.58,66203.0,785.0,590.0
OHL,6/28/2023,823.0,823.0,796.1,798.0,-3.1,37685.0,785.0,590.0
OHL,7/2/2023,783.2,809.9,755.6,757.0,-5.14,43627.0,785.0,590.0
OHL,7/3/2023,765.0,790.0,736.0,760.0,0.4,46877.0,785.0,590.0
OHL,7/4/2023,775.2,791.5,755.0,791.5,4.14,28247.0,785.0,590.0
OHL,7/5/2023,800.0,800.0,762.0,770.9,-2.6,29249.0,785.0,590.0
OHL,7/6/2023,784.0,789.0,760.0,770.0,-0.12,23476.0,785.0,590.0
OHL,7/9/2023,785.4,810.0,772.0,806.0,4.68,32174.0,785.0,590.0
OHL,7/10/2023,810.0,826.0,794.0,802.0,-0.5,21105.0,785.0,590.0
OHL,7/11/2023,802.0,807.0,788.0,794.0,-1.0,39787.0,785.0,590.0
OHL,7/12/2023,800.0,808.0,783.0,797.9,0.49,22862.0,785.0,590.0
OHL,7/13/2023,799.0,805.0,788.9,789.0,-1.12,31715.0,785.0,590.0
OHL,7/16/2023,786.5,805.0,786.0,799.0,1.27,17037.0,785.0,590.0
OHL,7/17/2023,790.0,824.0,783.1,816.0,2.13,35319.0,785.0,590.0
OHL,7/18/2023,805.1,835.0,805.1,825.0,1.1,19039.0,785.0,590.0
OHL,7/19/2023,820.0,824.0,810.0,815.0,-1.21,14904.0,785.0,590.0
OHL,7/20/2023,803.1,815.0,789.0,810.0,-0.61,35495.0,785.0,590.0
OHL,7/23/2023,820.0,832.9,800.0,820.0,1.23,39421.0,785.0,590.0
OHL,7/24/2023,822.0,829.0,807.0,811.0,-1.1,21391.0,785.0,590.0
OHL,7/25/2023,800.0,825.0,797.0,816.0,0.62,18269.0,785.0,590.0
OHL,7/26/2023,800.0,831.0,800.0,804.9,-1.36,13997.0,785.0,590.0
OHL,7/27/2023,820.9,820.9,785.0,786.0,-2.35,21082.0,785.0,590.0
OHL,7/30/2023,798.0,798.0,766.0,767.2,-2.39,26554.0,785.0,590.0
OHL,7/31/2023,782.0,785.0,767.0,775.0,1.02,9031.0,785.0,590.0
OHL,8/1/2023,788.0,788.0,751.0,751.0,-3.1,22712.0,785.0,590.0
OHL,8/2/2023,738.0,770.1,738.0,754.0,0.4,15554.0,785.0,590.0
OHL,8/3/2023,756.1,775.0,756.0,760.0,0.8,14370.0,785.0,590.0
OHL,8/6/2023,775.0,775.2,730.0,733.0,-3.55,10559.0,785.0,590.0
OHL,8/7/2023,735.1,754.8,723.0,741.0,1.09,9342.0,785.0,590.0
OHL,8/8/2023,753.0,755.0,732.0,746.0,0.67,16638.0,785.0,590.0
OHL,8/9/2023,739.0,791.0,731.2,791.0,6.03,25696.0,785.0,590.0
OHL,8/10/2023,775.2,810.0,760.0,799.0,1.01,41297.0,785.0,590.0
OHL,8/13/2023,809.9,813.0,783.1,807.0,1.0,31810.0,785.0,590.0
OHL,8/14/2023,823.1,823.1,795.1,799.0,-0.99,15961.0,785.0,590.0
OHL,8/15/2023,798.0,798.0,777.0,778.2,-2.6,14165.0,785.0,590.0
OHL,8/16/2023,767.0,774.0,764.0,770.0,-1.05,8916.0,785.0,590.0
OHL,8/17/2023,785.4,805.0,775.0,795.0,3.25,18935.0,785.0,590.0
OHL,8/20/2023,810.9,810.9,782.0,783.1,-1.5,14822.0,785.0,590.0
OHL,8/21/2023,785.0,793.0,768.0,773.0,-1.29,6703.0,785.0,590.0
OHL,8/22/2023,788.4,788.4,743.0,783.0,1.29,8091.0,785.0,590.0
OHL,8/23/2023,790.8,795.0,780.0,790.0,0.89,21105.0,785.0,590.0
OHL,8/24/2023,780.1,793.9,770.0,779.0,-1.39,12070.0,785.0,590.0
OHL,8/27/2023,764.1,769.9,760.0,765.0,-1.8,6110.0,785.0,590.0
OHL,8/28/2023,780.0,784.0,766.5,774.0,1.18,3731.0,785.0,590.0
OHL,8/29/2023,788.9,788.9,770.0,770.0,-0.52,546.0,785.0,590.0
OHL,8/30/2023,767.1,774.9,767.1,771.0,0.13,6544.0,785.0,590.0
OHL,9/3/2023,765.0,765.0,756.0,756.0,-1.95,4810.0,785.0,590.0
OHL,9/4/2023,761.0,785.0,745.0,764.0,1.06,12131.0,785.0,590.0
OHL,9/5/2023,772.0,775.0,748.8,774.9,1.43,7851.0,785.0,590.0
OHL,9/7/2023,760.0,770.0,746.5,748.0,-3.47,1912.0,785.0,590.0
OHL,9/10/2023,736.0,763.0,736.0,763.0,2.01,3260.0,785.0,590.0
OHL,9/11/2023,769.9,779.0,754.6,776.9,1.82,12543.0,785.0,590.0
OHL,9/12/2023,770.0,782.9,760.0,769.0,-1.02,5383.0,785.0,590.0
OHL,9/13/2023,779.8,790.0,765.1,790.0,2.73,6099.0,785.0,590.0
OHL,9/17/2023,780.0,780.0,760.0,760.1,-3.78,4330.0,785.0,590.0
OHL,9/18/2023,773.0,779.0,764.0,779.0,2.49,3102.0,785.0,590.0
OHL,9/19/2023,765.0,765.0,737.1,751.0,-3.59,55182.0,785.0,590.0
OHL,9/21/2023,751.0,779.9,740.0,763.7,1.69,9400.0,785.0,590.0
OHL,9/24/2023,751.0,754.0,740.1,740.5,-3.04,10085.0,785.0,590.0
OHL,9/25/2023,740.2,750.0,740.2,742.1,0.22,5238.0,785.0,590.0
OHL,9/26/2023,756.0,756.9,740.0,745.0,0.39,7286.0,785.0,590.0
OHL,9/27/2023,753.0,753.0,731.0,737.0,-1.07,12786.0,785.0,590.0
OHL,10/1/2023,734.0,734.0,714.0,725.7,-1.53,8088.0,785.0,590.0
OHL,10/2/2023,717.0,734.0,711.9,720.2,-0.76,4534.0,785.0,590.0
OHL,10/3/2023,710.0,720.0,707.0,707.0,-1.83,4428.0,785.0,590.0
OHL,10/4/2023,719.0,720.0,696.1,720.0,1.84,5988.0,785.0,590.0
OHL,10/5/2023,730.0,730.0,715.1,715.1,-0.68,2463.0,785.0,590.0
OHL,10/8/2023,710.0,710.0,695.0,700.0,-2.11,3849.0,785.0,590.0
OHL,10/9/2023,700.0,700.0,680.0,690.0,-1.43,1915.0,785.0,590.0
OHL,10/10/2023,680.0,690.0,663.5,689.5,-0.07,13375.0,785.0,590.0
OHL,10/11/2023,702.0,702.0,673.3,674.5,-2.18,13740.0,785.0,590.0
OHL,10/12/2023,687.0,687.0,665.1,665.1,-1.39,2947.0,785.0,590.0
OHL,10/16/2023,660.0,667.0,642.0,667.0,0.29,3628.0,785.0,590.0
OHL,10/17/2023,678.9,680.3,662.0,673.0,0.9,859.0,785.0,590.0
OHL,10/18/2023,678.0,689.7,670.0,689.7,2.48,5997.0,785.0,590.0
OHL,10/19/2023,676.2,687.8,663.0,687.8,-0.28,1366.0,785.0,590.0
OHL,10/29/2023,675.0,675.0,653.0,668.0,-2.88,2524.0,785.0,590.0
OHL,10/30/2023,655.0,668.0,642.5,666.9,-0.16,2695.0,785.0,590.0
OHL,10/31/2023,678.9,678.9,643.0,649.9,-2.55,2490.0,785.0,590.0
OHL,11/1/2023,662.0,662.0,640.1,640.1,-1.51,4357.0,785.0,590.0
OHL,11/2/2023,649.8,678.0,640.1,664.5,3.81,3294.0,785.0,590.0
OHL,11/5/2023,666.0,668.0,639.5,668.0,0.53,3638.0,785.0,590.0
OHL,11/6/2023,678.0,699.0,678.0,693.9,3.88,8306.0,785.0,590.0
OHL,11/7/2023,695.0,709.0,690.0,695.0,0.16,7398.0,785.0,590.0
OHL,11/8/2023,695.0,708.0,682.0,700.0,0.72,2715.0,785.0,590.0
OHL,11/9/2023,714.0,728.2,687.0,728.2,4.03,7110.0,785.0,590.0
OHL,11/20/2023,728.2,728.2,710.0,716.0,-1.68,3340.0,785.0,590.0
OHL,11/21/2023,714.0,714.0,690.0,690.0,-3.63,2882.0,785.0,590.0
OHL,11/22/2023,677.0,727.0,666.0,727.0,5.36,3196.0,785.0,590.0
OHL,11/23/2023,712.5,740.0,700.1,740.0,1.79,1820.0,785.0,590.0
OHL,11/26/2023,754.0,759.0,739.0,759.0,2.57,6479.0,785.0,590.0
OHL,11/27/2023,760.0,760.0,744.8,753.0,-0.79,3033.0,785.0,590.0
OHL,11/28/2023,750.0,801.0,750.0,774.0,2.79,8123.0,785.0,590.0
OHL,11/29/2023,788.0,788.0,751.1,760.0,-1.81,6818.0,785.0,590.0
OHL,11/30/2023,747.0,752.0,740.0,740.0,-2.63,6183.0,785.0,590.0
OHL,12/3/2023,732.1,754.0,718.1,747.0,0.95,674.0,785.0,590.0
OHL,12/4/2023,750.0,764.0,736.1,764.0,2.28,2419.0,785.0,590.0
OHL,12/5/2023,750.0,750.0,736.0,743.0,-2.75,1849.0,785.0,590.0
OHL,12/6/2023,731.1,748.5,731.1,748.0,0.67,1137.0,785.0,590.0
OHL,12/7/2023,748.0,762.0,735.0,749.6,0.21,5699.0,785.0,590.0
OHL,12/10/2023,764.5,795.0,764.5,793.0,5.79,1240.0,785.0,590.0
OHL,12/11/2023,808.8,808.8,765.0,765.0,-3.53,6806.0,785.0,590.0
OHL,12/12/2023,780.3,809.0,766.0,801.0,4.71,21604.0,785.0,590.0
OHL,12/13/2023,816.0,816.0,784.0,795.0,-0.75,15322.0,785.0,590.0
OHL,12/14/2023,779.1,805.0,779.1,785.0,-1.26,4771.0,785.0,590.0
OHL,12/17/2023,770.0,811.5,770.0,796.0,1.4,13468.0,785.0,590.0
OHL,12/18/2023,811.9,828.1,796.0,810.0,1.76,15439.0,785.0,590.0
OHL,12/19/2023,826.2,880.0,801.7,879.0,8.52,53894.0,785.0,590.0
OHL,12/20/2023,885.0,885.0,855.6,865.0,-1.59,6982.0,785.0,590.0
OHL,12/21/2023,858.1,865.0,825.0,826.0,-4.51,14222.0,785.0,590.0
OHL,12/24/2023,835.0,860.0,820.0,843.0,2.06,24541.0,785.0,590.0
OHL,12/27/2023,835.0,836.0,801.0,815.0,-3.32,10348.0,785.0,590.0
OHL,12/28/2023,829.0,835.0,804.0,833.9,2.32,5912.0,785.0,590.0
OHL,1/1/2024,840.0,845.0,825.0,830.0,-0.47,4797.0,785.0,590.0
OHL,1/2/2024,825.0,825.0,794.1,802.0,-3.37,14767.0,785.0,590.0
OHL,1/3/2024,814.0,814.0,791.1,805.3,0.41,5752.0,785.0,590.0
OHL,1/4/2024,820.0,822.0,795.9,796.0,-1.15,43818.0,785.0,590.0
OHL,1/7/2024,796.0,796.0,773.0,787.0,-1.13,6764.0,785.0,590.0
OHL,1/8/2024,780.0,795.6,780.0,794.0,0.89,4271.0,785.0,590.0
OHL,1/9/2024,794.0,823.9,780.0,813.0,2.39,9422.0,785.0,590.0
OHL,1/10/2024,815.0,817.0,796.8,800.0,-1.6,7550.0,785.0,590.0
OHL,1/11/2024,816.0,816.0,790.0,800.0,0.0,3739.0,785.0,590.0
OHL,1/14/2024,800.0,810.0,795.1,808.0,1.0,8519.0,785.0,590.0
OHL,1/16/2024,810.0,819.0,800.0,811.0,0.37,10263.0,785.0,590.0
OHL,1/17/2024,808.0,820.0,797.1,797.1,-1.71,11697.0,785.0,590.0
OHL,1/18/2024,790.0,790.0,781.0,786.9,-1.28,5876.0,785.0,590.0
OHL,1/21/2024,788.0,788.0,770.0,771.0,-2.02,7903.0,785.0,590.0
OHL,1/22/2024,785.0,802.0,768.4,778.0,0.91,11236.0,785.0,590.0
OHL,1/23/2024,790.0,821.0,764.1,818.0,5.14,9053.0,785.0,590.0
OHL,1/24/2024,830.0,830.0,789.0,799.0,-2.32,7645.0,785.0,590.0
OHL,1/25/2024,785.1,797.8,776.0,797.8,-0.15,3244.0,785.0,590.0
OHL,1/28/2024,811.0,811.0,771.0,780.0,-2.23,5846.0,785.0,590.0
OHL,1/29/2024,780.0,807.0,780.0,785.1,0.65,3037.0,785.0,590.0
OHL,1/30/2024,782.0,798.9,777.1,798.9,1.76,4925.0,785.0,590.0
OHL,1/31/2024,783.0,788.5,763.0,770.0,-3.62,5669.0,785.0,590.0
OHL,2/1/2024,770.0,774.0,765.0,774.0,0.52,5155.0,785.0,590.0
OHL,2/4/2024,765.5,774.0,765.5,766.7,-0.94,2800.0,785.0,590.0
OHL,2/5/2024,781.0,785.0,767.0,785.0,2.39,3715.0,785.0,590.0
OHL,2/6/2024,783.0,785.0,770.0,784.0,-0.13,956.0,785.0,590.0
OHL,2/7/2024,796.0,796.0,770.1,789.9,0.75,6058.0,785.0,590.0
OHL,2/8/2024,790.0,794.0,782.2,794.0,0.52,3929.0,785.0,590.0
OHL,2/11/2024,809.8,825.0,780.0,780.0,-1.76,23368.0,785.0,590.0
OHL,2/12/2024,780.0,793.0,780.0,789.9,1.27,1648.0,785.0,590.0
OHL,2/13/2024,778.0,793.0,762.5,784.9,-0.63,24635.0,785.0,590.0
OHL,2/14/2024,772.0,779.0,771.0,778.0,-0.88,1463.0,785.0,590.0
OHL,2/15/2024,792.9,792.9,755.6,770.0,-1.03,3388.0,785.0,590.0
OHL,2/18/2024,754.6,775.0,754.6,759.6,-1.35,1473.0,785.0,590.0
OHL,2/20/2024,772.0,772.0,761.0,762.0,0.32,5216.0,785.0,590.0
OHL,2/21/2024,774.0,774.0,762.1,770.0,1.05,4395.0,785.0,590.0
OHL,2/22/2024,762.0,780.0,747.8,760.0,-1.3,5980.0,785.0,590.0
OHL,2/25/2024,750.0,765.0,740.0,750.0,-1.32,3050.0,785.0,590.0
OHL,2/26/2024,764.9,764.9,742.0,754.0,0.53,1310.0,785.0,590.0
OHL,2/27/2024,742.1,767.5,742.1,766.0,1.59,918.0,785.0,590.0
OHL,2/28/2024,752.0,764.4,747.2,763.8,-0.29,1192.0,785.0,590.0
OHL,2/29/2024,750.2,750.2,740.0,742.0,-2.85,1591.0,785.0,590.0
OHL,3/3/2024,733.0,745.2,725.4,743.0,0.13,2327.0,785.0,590.0
OHL,3/4/2024,757.0,757.0,757.0,757.0,1.88,10.0,785.0,590.0
OHL,3/5/2024,757.0,771.0,745.1,759.9,0.38,2064.0,785.0,590.0
OHL,3/6/2024,745.1,772.1,745.0,760.7,0.11,2550.0,785.0,590.0
OHL,3/7/2024,772.9,772.9,753.0,770.0,1.22,8268.0,785.0,590.0
OHL,3/10/2024,785.0,790.0,770.0,775.0,0.65,6112.0,785.0,590.0
OHL,3/12/2024,790.5,795.6,780.0,792.0,2.19,5060.0,785.0,590.0
OHL,3/13/2024,807.8,807.8,779.0,785.0,-0.88,2401.0,785.0,590.0
OHL,3/14/2024,773.1,788.0,773.1,782.8,-0.28,2448.0,785.0,590.0
OHL,3/17/2024,780.6,783.6,761.0,767.2,-1.99,4018.0,785.0,590.0
OHL,3/18/2024,782.5,787.0,771.0,786.5,2.52,5652.0,785.0,590.0
OHL,3/19/2024,786.0,795.0,772.0,780.0,-0.83,1585.0,785.0,590.0
OHL,3/20/2024,790.0,790.0,766.5,784.0,0.51,2469.0,785.0,590.0
OHL,3/21/2024,770.0,778.7,760.0,760.0,-3.06,1476.0,785.0,590.0
OHL,3/25/2024,775.0,775.2,752.7,755.0,-0.66,1998.0,785.0,590.0
OHL,3/26/2024,755.0,785.4,755.0,770.1,2.0,6845.0,785.0,590.0
OHL,3/27/2024,770.1,785.0,764.0,778.0,1.03,787.0,785.0,590.0
OHL,3/28/2024,778.0,778.0,758.3,769.0,-1.16,6849.0,785.0,590.0
OHL,3/31/2024,780.0,780.0,755.0,763.5,-0.72,4220.0,785.0,590.0
OHL,4/1/2024,762.9,762.9,755.1,755.1,-1.1,1681.0,785.0,590.0
OHL,4/2/2024,753.0,783.0,753.0,774.0,2.5,1952.0,785.0,590.0
OHL,4/3/2024,770.0,770.0,761.2,765.0,-1.16,2233.0,785.0,590.0
OHL,4/4/2024,779.0,780.0,755.1,774.5,1.24,1740.0,785.0,590.0
OHL,4/7/2024,775.0,780.0,764.4,775.0,0.06,4861.0,785.0,590.0
OHL,4/9/2024,770.0,774.0,760.0,760.0,-1.94,6084.0,785.0,590.0
OHL,4/10/2024,757.1,770.0,740.6,743.0,-2.24,10184.0,785.0,590.0
OHL,4/14/2024,749.0,760.0,729.0,744.0,0.13,10145.0,785.0,590.0
OHL,4/15/2024,745.0,750.0,730.0,730.0,-1.88,2858.0,785.0,590.0
OHL,4/16/2024,735.0,744.0,730.0,739.0,1.23,9869.0,785.0,590.0
OHL,4/18/2024,731.0,731.1,724.0,724.1,-2.02,4031.0,785.0,590.0
OHL,4/21/2024,716.6,736.9,716.0,727.0,0.4,3923.0,785.0,590.0
OHL,4/22/2024,730.0,730.0,719.0,721.2,-0.8,12900.0,785.0,590.0
OHL,4/24/2024,720.0,733.0,708.4,718.0,-0.44,5922.0,785.0,590.0
OHL,4/25/2024,717.0,717.0,704.0,706.0,-1.67,4584.0,785.0,590.0
OHL,4/28/2024,706.0,716.0,705.0,713.0,0.99,6504.0,785.0,590.0
OHL,4/29/2024,707.0,720.0,707.0,710.0,-0.42,679.0,785.0,590.0
OHL,4/30/2024,704.1,744.0,704.1,720.1,1.42,5021.0,785.0,590.0
OHL,5/2/2024,725.0,745.0,725.0,736.0,2.21,2673.0,785.0,590.0
OHL,5/5/2024,730.2,742.0,713.5,723.0,-1.77,2966.0,785.0,590.0
OHL,5/6/2024,721.0,728.0,716.1,720.0,-0.41,717.0,785.0,590.0
OHL,5/7/2024,721.0,725.0,714.1,714.1,-0.82,1030.0,785.0,590.0
OHL,5/8/2024,706.0,720.0,706.0,709.0,-0.71,2647.0,785.0,590.0
OHL,5/9/2024,708.0,774.0,708.0,769.0,8.46,17660.0,785.0,590.0
OHL,5/12/2024,779.9,779.9,740.9,755.6,-1.74,10271.0,785.0,590.0
OHL,5/13/2024,754.9,762.9,742.0,754.8,-0.11,6606.0,785.0,590.0
OHL,5/14/2024,767.9,798.6,750.1,798.6,5.8,11866.0,785.0,590.0
OHL,5/15/2024,783.0,790.5,754.0,754.0,-5.58,13762.0,785.0,590.0
OHL,5/16/2024,750.5,759.0,750.0,759.0,0.66,1900.0,785.0,590.0
OHL,5/19/2024,774.0,774.1,751.0,765.0,0.79,4977.0,785.0,590.0
OHL,5/20/2024,780.0,787.0,760.0,763.0,-0.26,6454.0,785.0,590.0
OHL,5/21/2024,775.0,775.0,755.4,766.0,0.39,3190.0,785.0,590.0
OHL,5/22/2024,769.0,784.0,755.0,769.0,0.39,10721.0,785.0,590.0
OHL,5/26/2024,769.0,793.0,764.2,782.0,1.69,30315.0,785.0,590.0
OHL,5/27/2024,789.9,789.9,770.0,770.0,-1.53,4134.0,785.0,590.0
OHL,5/29/2024,783.0,806.0,774.5,782.0,1.56,19607.0,785.0,590.0
OHL,5/30/2024,770.0,795.0,755.0,770.0,-1.53,8066.0,785.0,590.0
OHL,6/2/2024,754.8,780.0,750.0,753.0,-2.21,11854.0,785.0,590.0
OHL,6/3/2024,756.0,770.0,750.4,763.0,1.33,6552.0,785.0,590.0
OHL,6/4/2024,753.0,762.0,752.1,754.0,-1.18,4675.0,785.0,590.0
OHL,6/5/2024,754.0,755.0,748.3,749.1,-0.65,5482.0,785.0,590.0
OHL,6/6/2024,745.5,751.0,740.0,743.0,-0.81,6500.0,785.0,590.0
OHL,6/9/2024,756.9,788.0,756.3,773.9,4.16,16392.0,785.0,590.0
OHL,6/10/2024,766.0,774.9,760.0,762.0,-1.54,5413.0,785.0,590.0
OHL,6/11/2024,777.0,777.0,751.0,773.0,1.44,5505.0,785.0,590.0
OHL,6/12/2024,763.1,784.8,763.1,775.9,0.38,3340.0,785.0,590.0
OHL,6/13/2024,780.0,807.2,775.1,779.0,0.4,21100.0,785.0,590.0
OHL,6/16/2024,794.5,794.5,763.4,779.2,0.03,9844.0,785.0,590.0
OHL,6/18/2024,789.0,790.0,765.0,766.3,-1.66,3259.0,785.0,590.0
OHL,6/19/2024,760.5,761.0,755.0,760.0,-0.82,1665.0,785.0,590.0
OHL,6/20/2024,760.2,775.2,746.0,760.0,0.0,10227.0,785.0,590.0
OHL,6/23/2024,748.6,767.0,748.6,749.1,-1.43,2840.0,785.0,590.0
OHL,6/24/2024,764.0,765.0,750.0,754.0,0.65,2491.0,785.0,590.0
OHL,6/25/2024,767.8,784.0,757.0,758.6,0.61,3545.0,785.0,590.0
OHL,6/26/2024,752.0,763.0,748.0,749.0,-1.27,4155.0,785.0,590.0
OHL,6/27/2024,747.6,760.0,747.6,748.0,-0.13,12444.0,785.0,590.0
OHL,6/30/2024,755.0,755.0,747.2,747.3,-0.09,4469.0,785.0,590.0
OHL,7/1/2024,747.0,763.0,747.0,763.0,2.1,6527.0,785.0,590.0
OHL,7/2/2024,778.2,793.5,762.2,765.0,0.26,1911.0,785.0,590.0
OHL,7/3/2024,752.0,767.0,752.0,766.0,0.13,1663.0,785.0,590.0
OHL,7/4/2024,778.0,778.0,753.1,768.0,0.26,11676.0,785.0,590.0
OHL,7/7/2024,780.0,797.9,771.1,794.9,3.5,18698.0,785.0,590.0
OHL,7/8/2024,810.7,810.7,785.2,794.7,-0.03,17638.0,785.0,590.0
OHL,7/9/2024,800.0,800.0,787.1,791.1,-0.45,15080.0,785.0,590.0
OHL,7/10/2024,791.0,800.0,790.0,800.0,1.13,13085.0,785.0,590.0
OHL,7/11/2024,800.0,810.0,790.1,798.0,-0.25,9800.0,785.0,590.0
OHL,7/14/2024,813.9,830.1,792.9,795.0,-0.38,11744.0,785.0,590.0
OHL,7/15/2024,795.0,808.0,773.4,785.0,-1.26,6323.0,785.0,590.0
OHL,7/16/2024,785.0,825.0,777.1,812.0,3.44,22195.0,785.0,590.0
OHL,7/17/2024,827.7,864.9,825.0,856.0,5.42,24211.0,785.0,590.0
OHL,7/18/2024,870.0,900.0,840.0,888.3,3.77,20536.0,785.0,590.0
OHL,7/21/2024,889.0,919.0,865.7,908.0,2.22,30959.0,785.0,590.0
OHL,7/22/2024,890.5,944.0,875.0,900.0,-0.88,27324.0,785.0,590.0
OHL,7/23/2024,882.2,945.0,882.2,939.7,4.41,35334.0,785.0,590.0
OHL,7/24/2024,923.0,949.0,906.0,906.0,-3.59,23139.0,785.0,590.0
OHL,7/25/2024,888.0,946.0,888.0,930.0,2.65,16232.0,785.0,590.0
OHL,7/28/2024,930.0,949.0,896.0,930.0,0.0,23475.0,785.0,590.0
OHL,7/29/2024,940.0,940.0,908.0,926.0,-0.43,50569.0,785.0,590.0
OHL,7/30/2024,908.2,1017.0,908.0,1004.0,8.42,39763.0,785.0,590.0
OHL,7/31/2024,985.0,1104.0,985.0,1104.0,9.96,45003.0,785.0,590.0
OHL,8/1/2024,1125.0,1182.0,1069.2,1125.0,1.9,32926.0,785.0,590.0
OHL,8/5/2024,1103.0,1205.0,1081.0,1189.9,5.77,36530.0,785.0,590.0
OHL,8/6/2024,1189.0,1190.0,1071.0,1071.0,-9.99,52830.0,785.0,590.0
OHL,8/7/2024,1071.0,1123.0,1051.0,1118.0,4.39,37194.0,785.0,590.0
OHL,8/8/2024,1103.0,1134.0,1088.0,1088.0,-2.68,14969.0,785.0,590.0
OHL,8/11/2024,1098.0,1098.0,1051.1,1061.0,-2.48,36659.0,785.0,590.0
OHL,8/12/2024,1061.0,1167.0,1061.0,1078.0,1.6,29979.0,785.0,590.0
OHL,8/13/2024,1098.0,1098.0,1039.8,1046.0,-2.97,14305.0,785.0,590.0
OHL,8/14/2024,1049.1,1110.0,1032.0,1088.0,4.02,45306.0,785.0,590.0
OHL,8/15/2024,1069.0,1125.0,1069.0,1098.0,0.92,55632.0,785.0,590.0
OHL,8/18/2024,1098.0,1110.0,1050.0,1052.1,-4.18,31850.0,785.0,590.0
OHL,8/21/2024,1053.2,1075.0,1028.0,1028.0,-2.29,19410.0,785.0,590.0
OHL,8/22/2024,1015.0,1060.0,1015.0,1030.0,0.19,20815.0,785.0,590.0
OHL,8/25/2024,1030.0,1060.0,1030.0,1052.0,2.14,43407.0,785.0,590.0
OHL,8/27/2024,1052.0,1120.0,1052.0,1089.0,3.52,67979.0,785.0,590.0
OHL,8/28/2024,1100.0,1164.9,1100.0,1120.0,2.85,40902.0,785.0,590.0
OHL,8/29/2024,1142.0,1154.9,1103.0,1124.0,0.36,18092.0,785.0,590.0
OHL,9/1/2024,1136.0,1138.3,1076.1,1094.8,-2.6,23596.0,785.0,590.0
OHL,9/2/2024,1074.1,1145.0,1073.0,1121.0,2.39,23743.0,785.0,590.0
OHL,9/3/2024,1129.0,1160.0,1116.0,1122.0,0.09,24289.0,785.0,590.0
OHL,9/4/2024,1110.0,1140.0,1075.0,1079.1,-3.82,47802.0,785.0,590.0
OHL,9/5/2024,1075.0,1098.0,1025.1,1088.0,0.82,9907.0,785.0,590.0
OHL,9/8/2024,1070.0,1088.0,1066.3,1066.3,-1.99,9688.0,785.0,590.0
OHL,9/9/2024,1055.0,1066.0,1030.0,1049.0,-1.62,5660.0,785.0,590.0
OHL,9/10/2024,1055.0,1090.0,1047.0,1047.0,-0.19,36216.0,785.0,590.0
OHL,9/11/2024,1050.0,1054.9,1021.3,1054.9,0.75,9972.0,785.0,590.0
OHL,9/12/2024,1065.0,1085.0,1040.0,1074.0,1.81,6225.0,785.0,590.0
OHL,9/15/2024,1074.0,1074.0,1000.0,1030.2,-4.08,15384.0,785.0,590.0
OHL,9/16/2024,1009.6,1014.0,971.0,1005.0,-2.45,10024.0,785.0,590.0
OHL,9/18/2024,1000.0,1040.0,966.0,1035.0,2.99,7737.0,785.0,590.0
OHL,9/22/2024,1015.2,1055.0,999.0,1030.0,-0.48,3746.0,785.0,590.0
OHL,9/23/2024,980.0,1000.0,955.0,955.0,-7.28,22472.0,785.0,590.0
OHL,9/24/2024,936.0,955.0,882.0,915.0,-4.19,9747.0,785.0,590.0
OHL,9/25/2024,898.0,923.9,898.0,920.0,0.55,5895.0,785.0,590.0
OHL,9/26/2024,906.0,935.0,853.0,920.0,0.0,12949.0,785.0,590.0
OHL,9/29/2024,902.0,912.0,867.3,912.0,-0.87,4637.0,785.0,590.0
OHL,9/30/2024,895.0,925.0,880.0,925.0,1.43,18940.0,785.0,590.0
OHL,10/1/2024,908.1,962.0,908.1,960.0,3.78,11101.0,785.0,590.0
OHL,10/2/2024,945.0,974.8,910.1,974.8,1.54,9158.0,785.0,590.0
OHL,10/6/2024,955.4,973.9,940.0,971.0,-0.39,2228.0,785.0,590.0
OHL,10/7/2024,956.0,1022.0,952.0,1010.8,4.1,9526.0,785.0,590.0
OHL,10/8/2024,1023.9,1024.8,960.0,1005.0,-0.57,34406.0,785.0,590.0
OHL,10/9/2024,984.9,994.5,972.3,985.0,-1.99,910.0,785.0,590.0
OHL,10/15/2024,980.1,999.0,966.0,999.0,1.42,2442.0,785.0,590.0
OHL,10/16/2024,1015.0,1015.0,975.0,997.9,-0.11,21552.0,785.0,590.0
OHL,10/17/2024,978.0,1000.0,960.0,976.0,-2.19,8434.0,785.0,590.0
OHL,10/20/2024,957.1,963.0,942.8,963.0,-1.33,6088.0,785.0,590.0
OHL,10/21/2024,944.0,959.9,910.0,939.9,-2.4,4618.0,785.0,590.0
OHL,10/22/2024,922.3,935.0,905.1,934.0,-0.63,11195.0,785.0,590.0
OHL,10/23/2024,931.0,948.6,922.1,939.9,0.63,2150.0,785.0,590.0
OHL,10/24/2024,951.0,951.0,910.1,925.0,-1.59,819.0,785.0,590.0
OHL,10/27/2024,920.0,920.0,908.0,909.0,-1.73,1054.0,785.0,590.0
OHL,10/28/2024,926.0,929.9,900.9,929.9,2.3,3021.0,785.0,590.0
OHL,10/29/2024,935.0,964.5,930.0,964.5,3.72,7282.0,785.0,590.0
OHL,10/30/2024,965.0,970.0,947.0,950.0,-1.5,4147.0,785.0,590.0
OHL,11/5/2024,940.0,957.0,938.0,955.0,0.53,746.0,785.0,590.0
OHL,11/6/2024,964.0,964.0,935.9,948.0,-0.73,1085.0,785.0,590.0
OHL,11/10/2024,950.0,964.0,945.0,948.1,0.01,6286.0,785.0,590.0
OHL,11/11/2024,964.9,970.0,926.1,945.0,-0.33,6055.0,785.0,590.0
OHL,11/12/2024,960.0,976.9,956.0,956.0,1.16,4270.0,785.0,590.0
OHL,11/13/2024,957.0,975.0,953.0,959.0,0.31,4179.0,785.0,590.0
OHL,11/14/2024,969.0,976.0,954.0,974.2,1.58,8171.0,785.0,590.0
OHL,11/17/2024,986.0,1020.0,978.0,978.0,0.39,10714.0,785.0,590.0
OHL,11/19/2024,965.0,966.5,948.0,948.0,-3.07,7282.0,785.0,590.0
OHL,11/20/2024,945.0,953.0,932.1,950.0,0.21,3675.0,785.0,590.0
OHL,11/21/2024,950.0,958.0,925.0,940.0,-1.05,3145.0,785.0,590.0
OHL,11/24/2024,945.0,945.0,926.6,928.0,-1.28,1547.0,785.0,590.0
OHL,11/25/2024,946.0,946.0,928.0,936.5,0.92,1306.0,785.0,590.0
OHL,11/26/2024,937.0,947.0,930.5,932.0,-0.48,2991.0,785.0,590.0
OHL,11/27/2024,950.3,988.0,942.0,955.0,2.47,4459.0,785.0,590.0
OHL,11/28/2024,974.0,974.0,936.0,943.0,-1.26,6463.0,785.0,590.0
OHL,12/1/2024,928.0,955.7,924.2,949.0,0.64,6967.0,785.0,590.0
OHL,12/2/2024,955.7,1040.0,955.7,1023.0,7.8,38541.0,785.0,590.0
OHL,12/3/2024,1030.0,1035.0,973.1,989.9,-3.24,10542.0,785.0,590.0
OHL,12/4/2024,989.9,1009.0,971.0,1002.0,1.22,5964.0,785.0,590.0
OHL,12/5/2024,982.0,982.0,950.0,965.0,-3.69,9048.0,785.0,590.0
OHL,12/8/2024,965.0,981.0,951.0,953.0,-1.24,6514.0,785.0,590.0
OHL,12/9/2024,953.0,960.0,937.1,941.0,-1.26,6012.0,785.0,590.0
OHL,12/10/2024,955.0,955.0,940.0,940.0,-0.11,5558.0,785.0,590.0
OHL,12/11/2024,955.0,955.0,935.1,944.0,0.43,1713.0,785.0,590.0
OHL,12/12/2024,956.0,956.0,926.0,938.0,-0.64,3539.0,785.0,590.0
OHL,12/16/2024,924.0,924.0,906.0,908.0,-3.2,3608.0,785.0,590.0
OHL,12/17/2024,900.0,918.0,890.0,910.0,0.22,4232.0,785.0,590.0
OHL,12/18/2024,900.0,918.0,900.0,900.0,-1.1,1590.0,785.0,590.0
OHL,12/19/2024,910.0,910.0,875.0,890.0,-1.11,2471.0,785.0,590.0
OHL,12/22/2024,873.0,902.0,860.0,887.0,-0.34,1269.0,785.0,590.0
OHL,12/23/2024,877.2,893.0,870.0,885.1,-0.21,3695.0,785.0,590.0
OHL,12/24/2024,886.0,936.3,886.0,887.0,0.21,2867.0,785.0,590.0
OHL,12/26/2024,902.0,904.7,888.0,893.9,0.78,3855.0,785.0,590.0
OHL,12/29/2024,892.0,892.0,863.0,888.0,-0.66,4225.0,785.0,590.0
OHL,12/31/2024,889.0,889.0,849.0,857.0,-3.49,4570.0,785.0,590.0
OHL,1/1/2025,842.0,880.0,842.0,863.0,0.7,1495.0,785.0,590.0
OHL,1/2/2025,857.0,861.0,851.1,851.5,-1.33,3643.0,785.0,590.0
OHL,1/5/2025,851.0,867.9,850.0,867.9,1.93,3073.0,785.0,590.0
OHL,1/6/2025,850.9,913.0,850.9,904.0,4.16,3351.0,785.0,590.0
OHL,1/7/2025,887.3,898.9,882.0,890.0,-1.55,6203.0,785.0,590.0
OHL,1/8/2025,880.0,916.0,880.0,893.2,0.36,2142.0,785.0,590.0
OHL,1/9/2025,895.0,918.0,895.0,908.0,1.66,3352.0,785.0,590.0
OHL,1/12/2025,902.0,902.0,890.0,900.0,-0.88,600.0,785.0,590.0
OHL,1/13/2025,885.0,900.0,881.0,895.0,-0.56,5892.0,785.0,590.0
OHL,1/15/2025,905.0,930.0,885.0,885.0,-1.12,2570.0,785.0,590.0
OHL,1/16/2025,902.0,902.0,875.0,880.0,-0.56,2303.0,785.0,590.0
OHL,1/19/2025,864.0,893.0,864.0,880.6,0.07,2612.0,785.0,590.0
OHL,1/20/2025,898.0,900.0,887.0,888.0,0.84,14673.0,785.0,590.0
OHL,1/21/2025,877.0,904.9,877.0,893.0,0.56,3548.0,785.0,590.0
OHL,1/22/2025,900.0,929.0,900.0,907.2,1.59,6504.0,785.0,590.0
OHL,1/23/2025,900.0,945.0,900.0,916.0,0.97,6794.0,785.0,590.0
OHL,1/26/2025,900.0,925.0,900.0,911.0,-0.55,4236.0,785.0,590.0
OHL,1/27/2025,900.0,937.0,900.0,918.9,0.87,6534.0,785.0,590.0
OHL,1/28/2025,936.0,936.0,901.4,910.0,-0.97,4736.0,785.0,590.0
OHL,2/2/2025,924.9,928.0,911.1,922.0,1.32,6244.0,785.0,590.0
OHL,2/3/2025,940.0,949.0,910.3,924.0,0.22,6122.0,785.0,590.0
OHL,2/4/2025,940.0,940.0,892.0,912.5,-1.24,16769.0,785.0,590.0
OHL,2/5/2025,930.7,930.7,897.0,903.7,-0.96,1571.0,785.0,590.0
OHL,2/6/2025,920.0,920.0,901.0,902.0,-0.19,6177.0,785.0,590.0
OHL,2/9/2025,890.0,918.0,890.0,900.3,-0.19,1664.0,785.0,590.0
OHL,2/10/2025,882.3,917.8,882.3,899.0,-0.14,1891.0,785.0,590.0
OHL,2/11/2025,881.1,917.0,881.1,900.0,0.11,5440.0,785.0,590.0
OHL,2/12/2025,900.0,903.0,885.0,886.2,-1.53,3293.0,785.0,590.0
OHL,2/13/2025,903.9,903.9,878.0,878.0,-0.93,4942.0,785.0,590.0
OHL,2/16/2025,887.9,950.0,880.0,934.3,6.41,26457.0,785.0,590.0
OHL,2/17/2025,945.0,1027.0,945.0,1006.2,7.7,58256.0,785.0,590.0
OHL,2/18/2025,1006.0,1060.0,975.2,980.0,-2.6,31256.0,785.0,590.0
OHL,2/20/2025,971.0,999.0,970.0,989.9,1.01,13406.0,785.0,590.0
OHL,2/23/2025,971.0,995.0,951.6,989.0,-0.09,17563.0,785.0,590.0
OHL,2/24/2025,989.0,1000.0,972.0,973.5,-1.57,8706.0,785.0,590.0
OHL,2/25/2025,975.0,975.0,948.0,960.0,-1.39,7560.0,785.0,590.0
OHL,2/27/2025,979.2,997.0,960.1,985.0,2.6,18682.0,785.0,590.0
OHL,3/2/2025,991.1,1030.0,991.0,1027.0,4.26,20519.0,785.0,590.0
OHL,3/3/2025,1038.0,1038.0,1000.0,1000.0,-2.63,16347.0,785.0,590.0
OHL,3/4/2025,990.0,1100.0,990.0,1006.0,0.6,38631.0,785.0,590.0
OHL,3/5/2025,1005.0,1023.5,971.0,997.0,-0.89,2305.0,785.0,590.0
OHL,3/6/2025,1003.0,1010.0,975.3,980.5,-1.65,8448.0,785.0,590.0
OHL,3/9/2025,980.5,986.8,952.1,958.0,-2.29,11661.0,785.0,590.0
OHL,3/10/2025,977.0,977.0,932.0,943.0,-1.57,5917.0,785.0,590.0
OHL,3/11/2025,927.0,977.0,927.0,940.0,-0.32,10059.0,785.0,590.0
OHL,3/12/2025,957.9,957.9,923.0,926.0,-1.49,8679.0,785.0,590.0
OHL,3/16/2025,923.0,958.9,905.0,914.0,-1.3,9830.0,785.0,590.0
OHL,3/17/2025,910.0,929.5,890.0,900.0,-1.53,14900.0,785.0,590.0
OHL,3/18/2025,918.0,936.0,892.1,898.0,-0.22,12571.0,785.0,590.0
OHL,3/19/2025,915.9,925.0,882.2,905.0,0.78,10351.0,785.0,590.0
OHL,3/20/2025,891.0,914.0,873.0,891.75,-1.46,4307.0,785.0,590.0
OHL,3/23/2025,886.0,892.0,857.5,865.05,-2.99,13506.0,785.0,590.0
OHL,3/24/2025,850.2,880.0,850.2,873.55,0.98,3422.0,785.0,590.0
OHL,3/25/2025,857.0,874.0,857.0,861.2,-1.41,4165.0,785.0,590.0
OHL,3/26/2025,852.0,872.0,852.0,870.99,1.14,3041.0,785.0,590.0
OHL,3/27/2025,871.0,889.9,861.2,881.36,1.19,4109.0,785.0,590.0
OHL,3/30/2025,895.0,909.5,888.0,899.45,2.05,10488.0,785.0,590.0
OHL,4/1/2025,910.0,910.0,877.7,885.87,-1.51,6273.0,785.0,590.0
OHL,4/2/2025,874.0,903.0,870.3,887.16,0.15,2225.0,785.0,590.0
OHL,4/3/2025,903.9,903.9,885.0,886.61,-0.06,3519.0,785.0,590.0
OHL,4/7/2025,870.2,887.0,870.2,874.0,-1.42,1161.0,785.0,590.0
OHL,4/8/2025,874.0,879.0,870.1,875.23,0.14,1268.0,785.0,590.0
OHL,4/9/2025,885.0,900.0,883.1,898.83,2.7,4741.0,785.0,590.0
OHL,4/10/2025,892.0,895.0,885.3,888.59,-1.14,2621.0,785.0,590.0
OHL,4/13/2025,885.0,887.0,875.0,876.24,-1.39,3649.0,785.0,590.0
OHL,4/15/2025,885.0,901.0,858.8,885.9,1.1,11024.0,785.0,590.0
OHL,4/16/2025,886.3,890.0,873.1,884.41,-0.17,4705.0,785.0,590.0
OHL,4/17/2025,872.5,905.0,872.5,889.0,0.52,9613.0,785.0,590.0
OHL,4/20/2025,889.0,889.0,879.1,879.95,-1.02,2778.0,785.0,590.0
OHL,4/21/2025,876.1,920.0,876.0,898.0,2.05,3215.0,785.0,590.0
OHL,4/22/2025,909.0,909.0,875.0,877.9,-2.24,7662.0,785.0,590.0
OHL,4/23/2025,877.9,892.9,852.1,873.02,-0.56,17140.0,785.0,590.0
OHL,4/24/2025,867.0,875.0,865.0,869.77,-0.37,5410.0,785.0,590.0
OHL,4/27/2025,856.0,878.8,838.9,845.55,-2.78,8278.0,785.0,590.0
OHL,4/28/2025,862.4,870.0,840.4,850.0,0.53,9151.0,785.0,590.0
OHL,4/29/2025,866.0,867.0,845.0,849.73,-0.03,2601.0,785.0,590.0
OHL,4/30/2025,848.0,852.0,843.1,843.13,-0.78,4385.0,785.0,590.0
OHL,5/4/2025,859.9,875.0,848.0,849.07,0.7,5879.0,785.0,590.0
OHL,5/5/2025,847.0,854.8,841.0,849.55,0.06,7984.0,785.0,590.0
OHL,5/6/2025,848.0,858.0,842.0,856.16,0.78,1657.0,785.0,590.0
OHL,5/7/2025,852.0,869.9,840.0,852.44,-0.43,8531.0,785.0,590.0
OHL,5/8/2025,854.0,862.9,846.1,852.04,-0.05,7530.0,785.0,590.0
OHL,5/11/2025,845.1,921.0,845.1,901.8,5.84,35222.0,785.0,590.0
OHL,5/13/2025,905.0,905.0,882.0,883.39,-2.04,14502.0,785.0,590.0
OHL,5/14/2025,867.2,874.0,866.0,867.09,-1.85,2417.0,785.0,590.0
OHL,5/15/2025,867.0,919.0,867.0,891.43,2.81,16774.0,785.0,590.0
OHL,5/18/2025,895.0,980.5,886.0,945.15,6.03,190905.0,785.0,590.0
OHL,5/19/2025,964.0,964.0,932.0,959.55,1.52,80484.0,785.0,590.0
OHL,5/20/2025,946.0,1010.8,940.0,986.85,2.85,102675.0,785.0,590.0
OHL,5/21/2025,1005.0,1049.5,964.0,990.79,0.4,110436.0,785.0,590.0
OHL,5/22/2025,990.0,999.9,945.0,947.63,-4.36,49107.0,785.0,590.0
OHL,5/25/2025,964.0,964.0,901.0,920.97,-2.81,58827.0,785.0,590.0
OHL,5/26/2025,939.3,947.0,903.7,907.04,-1.51,36418.0,785.0,590.0
OHL,5/27/2025,905.0,918.0,897.0,901.48,-0.61,22278.0,785.0,590.0
OHL,5/28/2025,905.0,919.0,896.0,906.93,0.6,22719.0,785.0,590.0
OHL,6/2/2025,925.0,942.9,908.0,915.21,0.91,74116.0,785.0,590.0
OHL,6/3/2025,908.5,915.0,890.0,891.3,-2.61,35598.0,785.0,590.0
OHL,6/4/2025,885.1,905.0,880.7,887.56,-0.42,28521.0,785.0,590.0
OHL,6/5/2025,886.0,895.0,880.0,882.57,-0.56,14061.0,785.0,590.0
OHL,6/8/2025,894.9,894.9,867.5,869.9,-1.44,22751.0,785.0,590.0
OHL,6/9/2025,887.0,897.9,871.0,885.77,1.82,11448.0,785.0,590.0
OHL,6/10/2025,901.0,901.0,872.2,891.72,0.67,19483.0,785.0,590.0
OHL,6/11/2025,885.0,897.9,880.5,881.02,-1.2,10982.0,785.0,590.0
OHL,6/12/2025,876.6,919.9,871.2,899.74,2.12,25637.0,785.0,590.0
OHL,6/15/2025,915.0,917.0,883.1,895.83,-0.43,15546.0,785.0,590.0
OHL,6/16/2025,900.0,946.0,897.0,941.82,5.13,84052.0,785.0,590.0
OHL,6/17/2025,945.1,959.0,913.1,914.8,-2.87,41749.0,785.0,590.0
OHL,6/18/2025,906.0,918.0,897.0,900.55,-1.56,9641.0,785.0,590.0
OHL,6/19/2025,895.1,912.0,890.1,892.38,-0.91,14573.0,785.0,590.0
OHL,6/22/2025,902.0,902.0,877.3,877.57,-1.66,13136.0,785.0,590.0
OHL,6/23/2025,872.0,885.0,870.0,881.81,0.48,9225.0,785.0,590.0
OHL,6/24/2025,887.0,888.0,875.0,879.79,-0.23,19960.0,785.0,590.0
OHL,6/25/2025,876.0,887.5,875.0,885.62,0.66,5648.0,785.0,590.0
OHL,6/26/2025,889.0,889.0,873.1,873.39,-1.38,10745.0,785.0,590.0
OHL,6/29/2025,884.0,884.0,850.7,868.52,-0.56,23388.0,785.0,590.0
OHL,6/30/2025,875.0,879.9,866.0,866.58,-0.22,3428.0,785.0,590.0
OHL,7/1/2025,868.4,878.0,863.0,868.61,0.23,10872.0,785.0,590.0
OHL,7/2/2025,870.0,882.5,870.0,877.59,1.03,3746.0,785.0,590.0
OHL,7/3/2025,876.0,891.0,870.0,883.7,0.7,10436.0,785.0,590.0
OHL,7/6/2025,887.0,887.0,872.0,872.5,-1.27,3847.0,785.0,590.0
OHL,7/7/2025,889.9,894.9,874.0,878.36,0.67,11845.0,785.0,590.0
OHL,7/8/2025,875.0,885.0,870.0,873.68,-0.53,5784.0,785.0,590.0
OHL,7/9/2025,875.0,888.0,873.2,877.56,0.44,4223.0,785.0,590.0
OHL,7/10/2025,878.0,885.4,873.0,879.04,0.17,3786.0,785.0,590.0
OHL,7/13/2025,885.4,890.0,875.0,880.15,0.13,9119.0,785.0,590.0
OHL,7/14/2025,890.0,894.7,880.1,882.16,0.23,5776.0,785.0,590.0
OHL,7/15/2025,890.0,895.0,880.0,889.12,0.79,78683.0,785.0,590.0
OHL,7/16/2025,896.0,904.7,880.0,880.45,-0.98,14766.0,785.0,590.0
OHL,7/17/2025,897.9,915.0,897.9,909.32,3.28,12933.0,785.0,590.0
OHL,7/20/2025,927.5,940.0,900.0,924.42,1.66,41388.0,785.0,590.0
OHL,7/21/2025,924.0,924.9,906.1,917.94,-0.7,21230.0,785.0,590.0
OHL,7/22/2025,915.1,948.0,915.0,940.71,2.48,25361.0,785.0,590.0
OHL,7/23/2025,925.3,940.0,915.0,923.03,-1.88,16667.0,785.0,590.0
OHL,7/24/2025,920.3,935.0,916.0,925.15,0.23,15268.0,785.0,590.0
OHL,7/27/2025,925.0,940.0,909.0,910.69,-1.56,26112.0,785.0,590.0
OHL,7/28/2025,908.5,914.0,895.5,903.62,-0.78,17886.0,785.0,590.0
OHL,7/29/2025,896.5,934.9,896.5,917.17,1.5,13067.0,785.0,590.0
OHL,7/30/2025,917.0,925.0,898.1,899.61,-1.91,12848.0,785.0,590.0
OHL,7/31/2025,893.1,902.0,886.1,890.98,-0.96,14163.0,785.0,590.0
OHL,8/3/2025,888.0,895.0,880.1,881.85,-1.02,5586.0,785.0,590.0
OHL,8/4/2025,890.0,890.0,870.0,875.12,-0.76,7818.0,785.0,590.0
OHL,8/5/2025,880.0,885.0,873.0,874.2,-0.11,8416.0,785.0,590.0
OHL,8/6/2025,866.1,884.0,866.1,875.83,0.19,6312.0,785.0,590.0
OHL,8/7/2025,877.0,884.9,870.0,873.05,-0.32,12118.0,785.0,590.0
OHL,8/11/2025,873.5,880.0,864.0,867.69,-0.61,7755.0,785.0,590.0
OHL,8/12/2025,868.0,878.0,865.0,866.96,-0.08,5164.0,785.0,590.0
OHL,8/13/2025,883.9,883.9,868.0,868.32,0.16,2942.0,785.0,590.0
OHL,8/14/2025,885.6,885.6,867.1,869.55,0.14,8078.0,785.0,590.0
OHL,8/17/2025,852.2,865.0,852.2,855.89,-1.57,10494.0,785.0,590.0
OHL,8/18/2025,846.1,863.0,846.1,851.38,-0.53,4906.0,785.0,590.0
OHL,8/19/2025,847.3,863.0,847.3,855.51,0.49,5765.0,785.0,590.0
OHL,8/20/2025,841.2,878.0,841.2,866.96,1.34,8051.0,785.0,590.0
OHL,8/21/2025,866.96,866.96,856.6,862.03,-0.57,2725.0,785.0,590.0
OHL,8/24/2025,864.0,864.0,851.2,852.76,-1.08,3527.0,785.0,590.0
OHL,8/25/2025,844.1,865.0,844.1,856.27,0.41,2204.0,785.0,590.0
OHL,8/26/2025,860.0,880.0,860.0,871.88,1.82,14491.0,785.0,590.0
OHL,8/27/2025,855.0,912.0,855.0,902.25,3.48,30417.0,785.0,590.0
OHL,8/28/2025,916.0,916.0,858.0,859.74,-4.71,91197.0,785.0,590.0
OHL,8/31/2025,859.74,865.1,844.1,845.32,-1.68,19712.0,785.0,590.0
OHL,9/1/2025,847.0,855.0,844.7,849.01,0.44,8438.0,785.0,590.0
OHL,9/2/2025,860.0,860.0,844.0,844.05,-0.58,2847.0,785.0,590.0
OHL,9/3/2025,834.2,840.0,818.4,820.33,-2.81,21458.0,785.0,590.0
OHL,9/4/2025,808.0,825.0,791.0,807.76,-1.53,16140.0,785.0,590.0
OHL,9/7/2025,792.5,800.0,777.0,777.85,-3.7,17799.0,785.0,590.0
OHL,9/8/2025,780.0,795.6,772.7,774.7,-0.4,12982.0,785.0,590.0
OHL,9/18/2025,759.3,759.3,700.0,700.0,-9.64,1120.0,785.0,590.0
OHL,9/21/2025,700.0,745.0,687.2,718.36,2.62,15364.0,785.0,590.0
OHL,9/23/2025,718.0,742.9,718.0,732.5,1.97,16384.0,785.0,590.0
OHL,9/24/2025,732.0,741.0,721.0,731.0,-0.2,5725.0,785.0,590.0
OHL,9/25/2025,734.0,735.1,716.4,733.0,0.27,21898.0,785.0,590.0
OHL,9/28/2025,725.0,739.0,718.0,725.0,-1.09,3737.0,785.0,590.0
OHL,10/7/2025,725.0,725.0,697.0,703.0,-3.03,6429.0,785.0,590.0
OHL,10/8/2025,703.0,705.0,674.1,680.0,-3.27,10654.0,785.0,590.0
OHL,10/9/2025,693.6,721.0,676.8,695.0,2.21,9903.0,785.0,590.0
OHL,10/12/2025,681.1,683.0,657.0,669.0,-3.74,11805.0,785.0,590.0
OHL,10/13/2025,674.0,681.0,650.0,681.0,1.79,9608.0,785.0,590.0
OHL,10/14/2025,667.4,681.0,655.1,681.0,0.0,2135.0,785.0,590.0
OHL,10/15/2025,667.4,682.9,667.4,675.0,-0.88,4941.0,785.0,590.0
OHL,10/16/2025,661.5,687.0,654.1,670.0,-0.74,3984.0,785.0,590.0
OHL,10/19/2025,670.0,670.0,642.0,666.0,-0.6,6645.0,785.0,590.0
OHL,10/26/2025,660.0,670.0,633.1,670.0,0.6,5160.0,785.0,590.0
OHL,10/28/2025,662.0,735.0,662.0,708.8,5.79,11685.0,785.0,590.0
OHL,10/29/2025,700.0,710.0,686.2,692.8,-2.26,8902.0,785.0,590.0
OHL,10/30/2025,700.0,709.9,686.1,709.8,2.45,5571.0,785.0,590.0
OHL,11/2/2025,696.1,719.8,696.0,707.9,-0.27,9114.0,785.0,590.0
OHL,11/3/2025,720.0,731.9,700.0,724.0,2.27,10281.0,785.0,590.0
OHL,11/4/2025,710.1,730.0,706.0,717.5,-0.9,8983.0,785.0,590.0
OHL,11/5/2025,718.0,720.0,692.0,717.0,-0.07,4340.0,785.0,590.0
OHL,11/6/2025,710.0,720.4,703.9,703.9,-1.83,6390.0,785.0,590.0
OHL,11/9/2025,696.0,717.0,689.9,703.0,-0.13,14739.0,785.0,590.0
OHL,11/10/2025,689.0,729.0,689.0,707.8,0.68,5169.0,785.0,590.0
OHL,11/11/2025,693.7,736.0,693.1,715.6,1.1,8862.0,785.0,590.0
OHL,11/12/2025,701.3,715.3,690.0,705.0,-1.48,5364.0,785.0,590.0
OHL,11/13/2025,705.0,714.0,678.0,698.7,-0.89,8942.0,785.0,590.0
OHL,11/16/2025,684.8,711.9,676.2,706.0,1.04,8018.0,785.0,590.0
OHL,11/17/2025,691.9,733.0,678.1,704.0,-0.28,7464.0,785.0,590.0
OHL,11/18/2025,690.0,717.8,677.0,698.0,-0.85,12334.0,785.0,590.0
OHL,11/19/2025,684.1,709.5,671.0,689.0,-1.29,5010.0,785.0,590.0
OHL,11/20/2025,689.0,689.0,669.2,683.0,-0.87,8185.0,785.0,590.0
OHL,11/23/2025,683.0,694.0,680.0,689.0,0.88,2468.0,785.0,590.0
OHL,11/24/2025,675.3,729.0,675.3,699.9,1.58,9180.0,785.0,590.0
OHL,11/25/2025,686.1,705.0,686.1,700.9,0.14,8430.0,785.0,590.0
OHL,11/26/2025,690.0,723.9,690.0,723.0,3.15,13267.0,785.0,590.0
OHL,11/27/2025,709.0,752.0,709.0,741.0,2.49,23303.0,785.0,590.0
OHL,11/30/2025,746.0,750.0,701.0,716.0,-3.37,18576.0,785.0,590.0
OHL,12/1/2025,701.7,729.0,700.0,715.9,-0.01,7693.0,785.0,590.0
OHL,12/2/2025,705.0,716.9,702.1,716.0,0.01,4699.0,785.0,590.0
OHL,12/3/2025,701.7,733.0,700.0,702.0,-1.96,26492.0,785.0,590.0
OHL,12/7/2025,701.0,709.6,693.1,709.6,1.08,2833.0,785.0,590.0
OHL,12/8/2025,700.0,710.0,700.0,706.0,-0.51,3154.0,785.0,590.0
OHL,12/9/2025,703.0,713.0,701.1,701.1,-0.69,4744.0,785.0,590.0
OHL,12/10/2025,703.0,705.0,696.0,705.0,0.56,7041.0,785.0,590.0
OHL,12/11/2025,710.0,710.0,697.1,705.0,0.0,20156.0,785.0,590.0
OHL,12/14/2025,704.5,705.0,690.0,690.0,-2.13,9430.0,785.0,590.0
OHL,12/15/2025,685.1,696.7,685.1,696.7,0.97,2391.0,785.0,590.0
OHL,12/16/2025,705.0,705.0,690.5,693.5,-0.46,5778.0,785.0,590.0
OHL,12/17/2025,707.0,707.0,695.1,700.0,0.94,3742.0,785.0,590.0
OHL,12/18/2025,699.0,700.0,692.0,694.9,-0.73,3987.0,785.0,590.0
OHL,12/21/2025,695.0,695.0,686.3,690.0,-0.71,2191.0,785.0,590.0
OHL,12/22/2025,684.0,699.9,683.0,698.9,1.29,4950.0,785.0,590.0
OHL,12/23/2025,686.1,698.0,675.0,694.0,-0.7,5522.0,785.0,590.0
OHL,12/24/2025,699.0,699.0,687.0,691.1,-0.42,3066.0,785.0,590.0
OHL,12/28/2025,699.0,704.9,690.0,701.1,1.45,3773.0,785.0,590.0
OHL,12/29/2025,688.1,711.0,688.1,708.9,1.11,8210.0,785.0,590.0
OHL,12/31/2025,708.9,715.0,700.0,708.0,-0.13,8712.0,785.0,590.0
OHL,1/1/2026,709.0,709.0,696.0,706.4,-0.23,4825.0,785.0,590.0
OHL,1/4/2026,696.0,706.0,693.0,704.0,-0.34,4016.0,785.0,590.0
OHL,1/5/2026,693.0,709.0,691.0,708.7,0.67,2474.0,785.0,590.0
OHL,1/6/2026,709.0,712.0,702.0,712.0,0.47,3350.0,785.0,590.0
OHL,1/7/2026,702.0,713.0,691.1,702.9,-1.28,3078.0,785.0,590.0
OHL,1/8/2026,691.5,702.0,690.2,696.0,-0.98,2032.0,785.0,590.0
OHL,1/12/2026,692.1,702.0,692.1,698.0,0.29,1256.0,785.0,590.0
OHL,1/13/2026,704.0,704.0,693.1,695.1,-0.42,951.0,785.0,590.0
OHL,1/14/2026,695.1,704.0,693.6,704.0,1.28,5131.0,785.0,590.0
OHL,1/18/2026,704.0,714.0,704.0,711.0,0.99,5824.0,785.0,590.0
OHL,1/20/2026,722.0,740.0,710.1,730.0,2.67,27369.0,785.0,590.0
OHL,1/21/2026,717.0,738.0,716.0,719.0,-1.51,4833.0,785.0,590.0
OHL,1/22/2026,715.5,732.0,710.5,731.8,1.78,5912.0,785.0,590.0
OHL,1/25/2026,720.0,744.0,720.0,739.8,1.09,7093.0,785.0,590.0
OHL,1/26/2026,745.0,745.0,716.0,733.0,-0.92,13657.0,785.0,590.0
OHL,1/27/2026,725.0,739.0,710.0,719.7,-1.81,10809.0,785.0,590.0
OHL,1/28/2026,719.7,719.7,706.0,711.3,-1.17,3400.0,785.0,590.0
OHL,1/29/2026,715.0,725.0,710.0,718.0,0.94,6983.0,785.0,590.0
OHL,2/1/2026,719.0,719.0,705.0,706.3,-1.63,3605.0,785.0,590.0
OHL,2/2/2026,707.0,710.9,706.0,708.0,0.24,1836.0,785.0,590.0
OHL,2/3/2026,707.0,745.0,705.2,730.0,3.11,22724.0,785.0,590.0
OHL,2/4/2026,740.0,744.0,712.0,732.5,0.34,7773.0,785.0,590.0
OHL,2/5/2026,747.1,747.1,720.0,726.0,-0.89,2303.0,785.0,590.0
OHL,2/8/2026,735.9,735.9,717.0,717.0,-1.24,3417.0,785.0,590.0
OHL,2/9/2026,731.0,731.0,705.6,724.0,0.98,8312.0,785.0,590.0
OHL,2/10/2026,710.1,715.0,707.0,715.0,-1.24,4732.0,785.0,590.0
OHL,2/11/2026,710.1,712.0,695.1,709.0,-0.84,11692.0,785.0,590.0
OHL,2/12/2026,695.0,723.0,695.0,708.0,-0.14,16246.0,785.0,590.0
OHL,2/16/2026,718.0,719.4,699.0,699.0,-1.27,5607.0,785.0,590.0
OHL,2/17/2026,700.0,708.0,686.0,708.0,1.29,3234.0,785.0,590.0
OHL,2/22/2026,714.0,721.9,695.0,704.9,-0.44,4545.0,785.0,590.0
OHL,2/23/2026,703.0,712.9,691.5,706.0,0.16,4862.0,785.0,590.0
OHL,2/24/2026,695.0,704.0,695.0,704.0,-0.28,1966.0,785.0,590.0
OHL,2/25/2026,713.9,717.9,698.1,700.0,-0.57,4302.0,785.0,590.0
OHL,2/26/2026,693.0,706.0,689.1,705.0,0.71,5451.0,785.0,590.0
OHL,2/27/2026,693.0,706.0,689.1,705.0,0.0,5451.0,785.0,590.0
OHL,2/28/2026,693.0,706.0,689.1,705.0,0.0,5451.0,785.0,590.0
OHL,3/2/2026,705.0,709.7,693.1,709.7,0.67,2936.0,785.0,590.0
OHL,3/3/2026,707.0,715.0,700.0,715.0,0.75,2290.0,785.0,590.0
OHL,3/4/2026,707.0,715.0,700.0,715.0,0.0,2290.0,785.0,590.0
OHL,3/5/2026,707.0,715.0,700.0,715.0,0.0,2290.0,785.0,590.0
OHL,3/6/2026,707.0,715.0,700.0,715.0,0.0,2290.0,785.0,590.0
OHL,3/7/2026,707.0,715.0,700.0,715.0,0.0,2290.0,785.0,590.0
OHL,3/8/2026,707.0,715.0,700.0,715.0,0.0,2290.0,785.0,590.0
OHL,3/9/2026,729.3,743.8,729.3,743.8,4.03,110.0,785.0,590.0
OHL,3/10/2026,758.6,785.0,717.2,760.0,2.18,33844.0,785.0,590.0
OHL,3/11/2026,760.5,770.0,741.0,741.0,-2.5,7864.0,785.0,590.0
OHL,3/12/2026,741.0,750.0,737.0,745.0,0.54,3459.0,785.0,590.0
OHL,3/13/2026,741.0,750.0,737.0,745.0,0.0,3459.0,785.0,590.0
OHL,3/14/2026,741.0,750.0,737.0,745.0,0.0,3459.0,785.0,590.0
OHL,3/15/2026,755.0,756.0,741.0,747.9,0.39,7238.0,785.0,590.0
OHL,3/16/2026,753.9,758.9,730.0,745.0,-0.39,9680.0,785.0,590.0
OHL,3/17/2026,735.0,739.0,730.0,730.1,-2.0,4595.0,785.0,590.0
OHL,3/18/2026,735.0,739.0,730.0,730.1,0.0,4595.0,785.0,590.0
OHL,3/19/2026,744.0,750.0,732.4,740.0,1.36,13877.0,785.0,590.0
OHL,3/20/2026,744.0,750.0,732.4,740.0,0.0,13877.0,785.0,590.0
OHL,3/21/2026,744.0,750.0,732.4,740.0,0.0,13877.0,785.0,590.0
OHL,3/22/2026,740.0,769.0,740.0,764.0,3.24,12572.0,785.0,590.0
OHL,3/23/2026,770.0,770.0,750.0,754.0,-1.31,9687.0,785.0,590.0
OHL,3/24/2026,765.0,769.0,757.0,764.0,1.33,7497.0,785.0,590.0
OHL,3/25/2026,765.0,770.0,751.0,751.0,-1.7,6657.0,785.0,590.0
OHL,3/26/2026,750.0,758.4,747.5,753.0,0.4,6563.0,785.0,590.0
OHL,3/29/2026,743.0,745.0,725.0,736.0,-0.94,7623.0,785.0,590.0
OHL,3/30/2026,735.0,736.9,710.5,722.0,-1.77,6558.0,785.0,590.0
OHL,3/31/2026,714.0,725.0,709.0,725.0,1.54,5794.0,785.0,590.0
OHL,4/1/2026,715.0,715.0,701.0,714.0,-0.14,3147.0,785.0,590.0
OHL,4/2/2026,699.8,712.9,699.8,712.4,1.8,2353.0,785.0,590.0
OHL,4/5/2026,705.0,705.0,675.0,675.0,-4.26,8994.0,785.0,590.0
OHL,4/6/2026,687.9,702.2,671.1,689.0,0.16,5259.0,785.0,590.0
OHL,4/7/2026,700.0,703.8,690.0,697.0,-0.43,3776.0,785.0,590.0
OHL,4/8/2026,697.0,715.0,697.0,714.0,2.44,5381.0,785.0,590.0
OHL,4/9/2026,700.0,724.7,700.0,722.0,3.14,1761.0,785.0,590.0
OHL,4/10/2026,724.0,733.0,704.1,714.9,-1.26,1787.0,785.0,590.0
OHL,4/13/2026,707.0,714.0,700.0,701.0,-0.85,6984.0,785.0,590.0
OHL,4/15/2026,714.0,740.0,690.3,737.0,3.22,11235.0,785.0,590.0
OHL,4/16/2026,740.0,745.0,718.0,728.0,-1.62,5443.0,785.0,590.0
OHL,4/17/2026,727.0,741.0,701.0,729.8,0.39,6840.0,785.0,590.0
OHL,4/20/2026,709.0,718.9,701.2,713.0,0.56,3792.0,785.0,590.0
OHL,4/21/2026,723.8,723.8,700.0,702.0,-3.01,3440.0,785.0,590.0
OHL,4/22/2026,702.0,709.0,690.0,709.0,1.0,2366.0,785.0,590.0
OHL,4/23/2026,710.0,710.0,696.1,697.0,-1.83,1589.0,785.0,590.0
OHL,4/24/2026,697.0,702.1,692.0,700.0,0.43,1432.0,785.0,590.0
OHL,4/27/2026,700.0,709.9,698.0,698.5,-0.21,1001.0,785.0,590.0
OHL,4/28/2026,698.5,705.0,685.0,692.0,-0.93,3374.0,785.0,590.0
OHL,4/29/2026,692.0,703.4,681.4,694.0,0.29,480.0,785.0,590.0
OHL,4/30/2026,681.0,697.0,673.2,697.0,2.35,1785.0,785.0,590.0
OHL,5/4/2026,697.0,697.0,681.0,681.1,-2.28,3999.0,785.0,590.0
OHL,5/5/2026,668.0,697.9,668.0,690.0,3.29,500.0,785.0,590.0
OHL,5/6/2026,697.0,700.0,685.6,687.0,-1.43,562.0,785.0,590.0
OHL,5/7/2026,699.9,699.9,696.0,696.0,-0.56,55.0,785.0,590.0
OHL,5/8/2026,696.0,700.0,686.3,700.0,0.57,1588.0,785.0,590.0
OHL,5/11/2026,700.5,706.0,694.0,700.0,-0.07,3222.0,785.0,590.0
OHL,5/12/2026,700.0,701.1,693.0,694.0,-0.86,7079.0,785.0,590.0
OHL,5/13/2026,700.0,700.0,690.0,690.0,-1.43,1932.0,785.0,590.0
OHL,5/14/2026,687.0,698.4,685.0,697.9,1.59,1137.0,785.0,590.0
OHL,5/15/2026,680.3,705.0,680.3,696.0,2.31,685.0,785.0,590.0
OHL,5/18/2026,688.1,701.0,684.0,701.0,1.87,1873.0,785.0,590.0
OHL,5/19/2026,684.0,695.0,683.0,693.0,1.32,938.0,785.0,590.0
OHL,5/20/2026,700.0,700.0,690.0,693.3,-0.96,177.0,785.0,590.0
OHL,5/21/2026,691.0,700.0,691.0,700.0,1.3,1249.0,785.0,590.0
OHL,5/22/2026,700.0,708.0,692.0,692.4,-1.09,748.0,785.0,590.0
OHL,5/25/2026,708.0,712.0,700.0,701.0,-0.99,3256.0,785.0,590.0
OHL,5/26/2026,700.0,705.0,696.0,696.0,-0.57,2144.0,785.0,590.0
OHL,5/27/2026,692.5,700.0,692.5,699.0,0.94,804.0,785.0,590.0
OHL,6/1/2026,700.0,701.0,690.0,690.0,-1.43,302.0,785.0,590.0
OHL,6/2/2026,690.1,700.9,690.1,696.1,0.87,2238.0,785.0,590.0
OHL,6/3/2026,697.5,710.2,697.5,708.4,1.56,1948.0,785.0,590.0
OHL,6/4/2026,701.0,708.0,701.0,702.4,0.2,547.0,785.0,590.0
OHL,6/5/2026,702.4,709.0,697.2,709.0,0.94,2042.0,785.0,590.0
OHL,6/8/2026,711.0,711.0,701.6,701.6,-1.32,320.0,785.0,590.0
OHL,6/9/2026,697.0,700.0,695.0,698.0,0.14,3794.0,785.0,590.0
OHL,6/10/2026,684.1,724.9,684.1,710.0,3.79,6302.0,785.0,590.0
OHL,6/11/2026,701.1,720.0,700.0,714.0,1.84,2000.0,785.0,590.0
OHL,6/12/2026,710.0,716.0,700.2,702.0,-1.13,1504.0,785.0,590.0
OHL,6/15/2026,702.0,708.0,695.0,705.0,0.43,1059.0,785.0,590.0
OHL,6/16/2026,684.1,710.0,684.1,696.0,1.74,1277.0,785.0,590.0
OHL,6/17/2026,691.1,692.1,687.0,692.0,0.13,4643.0,785.0,590.0
OHL,6/18/2026,693.0,700.0,693.0,699.9,1.0,1593.0,785.0,590.0
OHL,6/19/2026,686.0,700.9,686.0,687.8,0.26,983.0,785.0,590.0
OHL,6/22/2026,689.0,700.0,689.0,700.0,1.6,832.0,785.0,590.0
OHL,6/23/2026,681.0,686.1,681.0,686.0,0.73,228.0,785.0,590.0
OHL,6/24/2026,682.0,698.9,670.1,698.9,2.48,2080.0,785.0,590.0
OHL,6/26/2026,681.0,696.0,681.0,683.0,0.29,506.0,785.0,590.0
OHL,6/29/2026,675.0,688.8,665.3,668.4,-0.98,1664.0,785.0,590.0
OHL,6/30/2026,660.5,672.0,660.0,672.0,1.74,1518.0,785.0,590.0
OHL,7/1/2026,685.0,685.0,669.0,682.0,-0.44,2830.0,785.0,590.0
OHL,7/2/2026,682.0,682.0,678.0,680.0,-0.29,245.0,785.0,590.0
OHL,7/3/2026,695.0,697.0,680.1,680.1,-2.14,3742.0,785.0,590.0
OHL,7/6/2026,671.1,690.0,671.0,690.0,2.82,375.0,785.0,590.0
OHL,7/7/2026,690.0,690.0,673.7,689.9,-0.01,304.0,785.0,590.0
OHL,7/8/2026,696.9,696.9,670.0,670.0,-3.86,310.0,785.0,590.0
OHL,7/9/2026,670.0,670.0,662.1,669.0,-0.15,232.0,785.0,590.0
OHL,7/10/2026,669.0,688.0,667.0,684.5,2.32,940.0,785.0,590.0
OHL,7/13/2026,667.0,667.0,665.0,665.1,-0.28,1251.0,785.0,590.0
OHL,7/14/2026,670.0,670.0,655.0,670.0,0.0,1696.0,785.0,590.0
OHL,7/15/2026,676.0,683.4,672.1,683.4,1.09,590.0,785.0,590.0
OHL,7/16/2026,683.4,683.4,665.0,682.0,-0.2,2134.0,785.0,590.0
OHL,7/17/2026,696.5,696.5,680.0,690.0,-0.93,2558.0,785.0,590.0
OHL,7/20/2026,690.0,704.8,683.0,704.8,2.14,2595.0,785.0,590.0
OHL,7/21/2026,703.4,703.4,684.0,698.8,-0.65,4353.0,785.0,590.0
OHL,7/22/2026,685.3,698.8,685.0,685.0,-0.04,760.0,785.0,590.0
OHL,7/23/2026,680.0,688.5,680.0,688.5,1.25,605.0,785.0,590.0
OHL,7/24/2026,689.0,692.0,675.0,692.0,0.44,1236.0,785.0,590.0
OHL,7/27/2026,692.0,692.0,672.0,673.1,-2.73,571.0,785.0,590.0
OHL,7/28/2026,689.0,689.0,670.0,689.0,0.0,1913.0,785.0,590.0
OHL,7/29/2026,690.7,690.8,669.0,678.0,-1.84,3429.0,785.0,590.0
OHL,7/30/2026,678.0,684.0,665.0,675.0,-0.44,1025.0,785.0,590.0
OHL,7/31/2026,675.0,679.0,665.0,678.0,0.44,2137.0,785.0,590.0
OHL,8/3/2026,684.0,684.0,658.0,678.6,-0.79,2620.0,785.0,590.0
OHL,8/4/2026,664.1,678.0,661.1,674.0,1.49,1492.0,785.0,590.0
OHL,8/5/2026,662.0,674.0,657.0,660.5,-0.23,1028.0,785.0,590.0
OHL,8/6/2026,667.0,670.0,659.0,670.0,0.45,1730.0,785.0,590.0
OHL,8/7/2026,652.0,671.0,652.0,665.0,1.99,2378.0,785.0,590.0
OHL,8/10/2026,665.0,665.0,651.0,651.0,-2.11,561.0,785.0,590.0
OHL,8/11/2026,642.0,661.2,642.0,656.1,2.2,1562.0,785.0,590.0
OHL,8/12/2026,656.0,688.0,656.0,670.0,2.13,2724.0,785.0,590.0
OHL,8/13/2026,660.0,674.9,657.0,668.0,1.21,1214.0,785.0,590.0
OHL,8/14/2026,660.1,670.0,655.1,669.0,1.35,990.0,785.0,590.0
OHL,8/17/2026,656.0,662.0,650.0,650.0,-0.91,3291.0,785.0,590.0
OHL,8/18/2026,651.1,660.0,651.1,652.0,0.14,1465.0,785.0,590.0
OHL,8/19/2026,647.2,654.0,647.2,653.9,1.04,462.0,785.0,590.0
OHL,8/20/2026,654.0,654.0,641.1,652.0,-0.31,766.0,785.0,590.0
OHL,8/21/2026,642.0,650.0,640.1,643.9,0.3,485.0,785.0,590.0
OHL,8/24/2026,640.1,640.5,624.6,630.3,-1.53,2297.0,785.0,590.0
OHL,8/25/2026,630.0,631.0,625.0,628.0,-0.32,916.0,785.0,590.0
OHL,8/26/2026,627.0,627.0,610.0,619.0,-1.28,3028.0,785.0,590.0
OHL,8/27/2026,602.0,624.0,602.0,620.0,2.99,2612.0,785.0,590.0
OHL,8/31/2026,605.0,606.0,590.0,595.1,-1.64,1985.0,785.0,590.0
OHL,9/1/2026,610.0,627.0,609.0,610.0,0.0,680.0,785.0,590.0
OHL,9/2/2026,600.3,620.0,600.0,619.0,3.12,3472.0,785.0,590.0
OHL,9/3/2026,616.0,620.0,616.0,620.0,0.65,546.0,785.0,590.0
OHL,9/7/2026,620.0,623.0,610.0,623.0,0.48,856.0,785.0,590.0
OHL,9/9/2026,605.0,620.0,605.0,607.6,0.43,479.0,785.0,590.0
OHL,9/10/2026,607.0,607.0,601.0,601.0,-0.99,680.0,785.0,590.0
OHL,9/11/2026,600.1,619.0,600.1,619.0,3.15,935.0,785.0,590.0
OHL,9/14/2026,619.9,625.0,619.9,625.0,0.82,1730.0,785.0,590.0
OHL,9/15/2026,640.0,640.0,630.0,640.0,0.0,2033.0,785.0,590.0
OHL,9/16/2026,637.0,643.0,631.0,643.0,0.94,573.0,785.0,590.0
OHL,9/17/2026,650.0,659.0,641.0,651.9,0.29,2390.0,785.0,590.0
OHL,9/18/2026,657.8,657.8,640.0,654.0,-0.58,515.0,785.0,590.0
OHL,9/22/2026,658.7,665.0,646.2,655.0,-0.56,4012.0,785.0,590.0
OHL,9/23/2026,648.0,648.0,636.0,637.0,-1.7,9074.0,785.0,590.0
OHL,9/24/2026,644.8,649.0,637.0,638.0,-1.05,590.0,785.0,590.0
OHL,9/28/2026,644.9,649.8,630.0,631.0,-2.16,3279.0,785.0,590.0
OHL,9/29/2026,620.2,626.0,620.2,0.0,-100.0,540.0,785.0,590.0
OHL,9/30/2026,621.1,628.1,621.1,625.0,0.63,555.0,785.0,590.0
OHL,10/1/2026,625.0,625.0,621.0,623.0,-0.32,225.0,785.0,590.0
OHL,10/2/2026,620.5,623.0,608.0,610.0,-1.69,3226.0,785.0,590.0
OMPL,12/21/2025,1243.0,1243.0,1205.6,1219.0,,9665.0,1575.9,845.2
OMPL,12/22/2025,1230.0,1238.5,1200.2,1224.0,0.41,10641.0,1575.9,845.2
OMPL,12/23/2025,1201.0,1244.0,1201.0,1242.0,1.47,8198.0,1575.9,845.2
OMPL,12/24/2025,1242.0,1264.9,1225.0,1239.0,-0.24,6130.0,1575.9,845.2
OMPL,12/28/2025,1235.0,1264.0,1222.0,1255.1,1.3,9898.0,1575.9,845.2
OMPL,12/29/2025,1255.0,1273.0,1237.0,1251.9,-0.25,14045.0,1575.9,845.2
OMPL,12/31/2025,1263.0,1285.0,1231.0,1267.0,1.21,23427.0,1575.9,845.2
OMPL,1/1/2026,1267.0,1300.0,1263.0,1276.0,0.71,20163.0,1575.9,845.2
OMPL,1/4/2026,1265.2,1333.1,1260.0,1330.0,4.23,40955.0,1575.9,845.2
OMPL,1/5/2026,1320.1,1377.0,1320.0,1370.0,3.01,82025.0,1575.9,845.2
OMPL,1/6/2026,1397.4,1405.0,1311.0,1320.0,-3.65,42489.0,1575.9,845.2
OMPL,1/7/2026,1319.0,1329.9,1280.4,1280.6,-2.98,26625.0,1575.9,845.2
OMPL,1/8/2026,1280.0,1302.0,1272.3,1302.0,1.67,17008.0,1575.9,845.2
OMPL,1/12/2026,1305.0,1395.0,1294.6,1354.9,4.06,34324.0,1575.9,845.2
OMPL,1/13/2026,1355.0,1380.0,1310.0,1325.0,-2.21,25562.0,1575.9,845.2
OMPL,1/14/2026,1325.0,1328.0,1285.0,1298.0,-2.04,22333.0,1575.9,845.2
OMPL,1/18/2026,1280.0,1328.0,1280.0,1309.0,0.85,15243.0,1575.9,845.2
OMPL,1/20/2026,1320.0,1380.0,1320.0,1350.1,3.14,46037.0,1575.9,845.2
OMPL,1/21/2026,1364.0,1373.9,1333.0,1343.0,-0.53,20713.0,1575.9,845.2
OMPL,1/22/2026,1325.0,1415.0,1322.0,1401.9,4.39,45660.0,1575.9,845.2
OMPL,1/25/2026,1405.0,1537.6,1405.0,1500.0,7.0,77349.0,1575.9,845.2
OMPL,1/26/2026,1500.0,1550.4,1441.0,1545.0,3.0,87220.0,1575.9,845.2
OMPL,1/27/2026,1575.9,1575.9,1426.2,1438.0,-6.93,69419.0,1575.9,845.2
OMPL,1/28/2026,1410.0,1480.0,1410.0,1470.0,2.23,51705.0,1575.9,845.2
OMPL,1/29/2026,1470.0,1499.0,1412.1,1415.0,-3.74,56012.0,1575.9,845.2
OMPL,2/1/2026,1438.0,1438.0,1391.0,1400.0,-1.06,25885.0,1575.9,845.2
OMPL,2/2/2026,1415.0,1460.0,1400.0,1441.0,2.93,23208.0,1575.9,845.2
OMPL,2/3/2026,1440.0,1465.0,1400.0,1409.9,-2.16,23758.0,1575.9,845.2
OMPL,2/4/2026,1405.0,1438.0,1404.0,1419.0,0.65,17525.0,1575.9,845.2
OMPL,2/5/2026,1420.0,1441.0,1408.0,1408.0,-0.78,24591.0,1575.9,845.2
OMPL,2/8/2026,1410.1,1454.0,1390.0,1390.0,-1.28,20073.0,1575.9,845.2
OMPL,2/9/2026,1390.0,1412.0,1378.1,1388.0,-0.14,21884.0,1575.9,845.2
OMPL,2/10/2026,1382.1,1409.0,1335.0,1340.0,-3.46,19000.0,1575.9,845.2
OMPL,2/11/2026,1340.0,1389.0,1333.0,1336.0,-0.3,14737.0,1575.9,845.2
OMPL,2/12/2026,1335.0,1350.0,1322.0,1333.0,-0.22,10850.0,1575.9,845.2
OMPL,2/16/2026,1326.0,1350.0,1290.0,1309.9,-1.73,22309.0,1575.9,845.2
OMPL,2/17/2026,1301.0,1308.0,1274.0,1300.0,-0.76,16533.0,1575.9,845.2
OMPL,2/22/2026,1300.0,1300.0,1257.0,1260.0,-3.08,9304.0,1575.9,845.2
OMPL,2/23/2026,1255.0,1279.6,1245.1,1257.0,-0.24,6753.0,1575.9,845.2
OMPL,2/24/2026,1260.0,1290.4,1260.0,1290.4,2.66,7770.0,1575.9,845.2
OMPL,2/25/2026,1298.0,1304.0,1280.0,1285.2,-0.4,8910.0,1575.9,845.2
OMPL,2/26/2026,1285.2,1298.1,1277.0,1282.1,-0.24,4692.0,1575.9,845.2
OMPL,2/27/2026,1285.2,1298.1,1277.0,1282.1,0.0,4692.0,1575.9,845.2
OMPL,2/28/2026,1285.2,1298.1,1277.0,1282.1,0.0,4692.0,1575.9,845.2
OMPL,3/2/2026,1260.0,1305.0,1260.0,1303.0,1.63,7596.0,1575.9,845.2
OMPL,3/3/2026,1302.0,1344.0,1302.0,1340.0,2.84,9708.0,1575.9,845.2
OMPL,3/4/2026,1302.0,1344.0,1302.0,1340.0,0.0,9708.0,1575.9,845.2
OMPL,3/5/2026,1302.0,1344.0,1302.0,1340.0,0.0,9708.0,1575.9,845.2
OMPL,3/6/2026,1302.0,1344.0,1302.0,1340.0,0.0,9708.0,1575.9,845.2
OMPL,3/7/2026,1302.0,1344.0,1302.0,1340.0,0.0,9708.0,1575.9,845.2
OMPL,3/8/2026,1302.0,1344.0,1302.0,1340.0,0.0,9708.0,1575.9,845.2
OMPL,3/9/2026,1366.8,1394.1,1366.8,1394.1,4.04,30.0,1575.9,845.2
OMPL,3/10/2026,1421.9,1450.0,1362.0,1398.0,0.28,24764.0,1575.9,845.2
OMPL,3/11/2026,1371.1,1400.0,1353.0,1353.0,-3.22,8142.0,1575.9,845.2
OMPL,3/12/2026,1350.0,1377.0,1340.0,1359.0,0.44,9212.0,1575.9,845.2
OMPL,3/13/2026,1350.0,1377.0,1340.0,1359.0,0.0,9212.0,1575.9,845.2
OMPL,3/14/2026,1350.0,1377.0,1340.0,1359.0,0.0,9212.0,1575.9,845.2
OMPL,3/15/2026,1350.1,1377.0,1320.3,1320.4,-2.84,9431.0,1575.9,845.2
OMPL,3/16/2026,1328.0,1332.0,1308.0,1314.5,-0.45,7341.0,1575.9,845.2
OMPL,3/17/2026,1307.0,1324.0,1300.0,1321.0,0.49,9725.0,1575.9,845.2
OMPL,3/18/2026,1307.0,1324.0,1300.0,1321.0,0.0,9725.0,1575.9,845.2
OMPL,3/19/2026,1321.0,1346.9,1321.0,1334.0,0.98,14980.0,1575.9,845.2
OMPL,3/20/2026,1321.0,1346.9,1321.0,1334.0,0.0,14980.0,1575.9,845.2
OMPL,3/21/2026,1321.0,1346.9,1321.0,1334.0,0.0,14980.0,1575.9,845.2
OMPL,3/22/2026,1334.0,1380.0,1334.0,1352.1,1.36,14891.0,1575.9,845.2
OMPL,3/23/2026,1331.1,1365.0,1331.1,1344.9,-0.53,9310.0,1575.9,845.2
OMPL,3/24/2026,1330.0,1370.0,1330.0,1343.0,-0.14,8636.0,1575.9,845.2
OMPL,3/25/2026,1322.0,1366.7,1322.0,1366.6,1.76,11222.0,1575.9,845.2
OMPL,3/26/2026,1350.0,1393.0,1350.0,1379.0,2.15,25198.0,1575.9,845.2
OMPL,3/29/2026,1380.0,1385.0,1320.0,1325.4,-3.96,12029.0,1575.9,845.2
OMPL,3/30/2026,1320.0,1339.2,1295.0,1295.0,-1.89,9589.0,1575.9,845.2
OMPL,3/31/2026,1315.0,1337.7,1270.1,1285.0,-2.28,10220.0,1575.9,845.2
OMPL,4/1/2026,1285.0,1292.0,1260.0,1260.0,-1.95,6349.0,1575.9,845.2
OMPL,4/2/2026,1270.0,1275.0,1250.0,1265.0,-0.39,10768.0,1575.9,845.2
OMPL,4/5/2026,1252.0,1252.0,1180.1,1189.9,-4.96,14478.0,1575.9,845.2
OMPL,4/6/2026,1180.0,1230.0,1167.0,1224.5,3.77,11849.0,1575.9,845.2
OMPL,4/7/2026,1201.0,1246.5,1196.0,1210.0,0.75,4883.0,1575.9,845.2
OMPL,4/8/2026,1195.0,1262.7,1186.0,1262.7,5.67,16238.0,1575.9,845.2
OMPL,4/9/2026,1263.0,1306.0,1260.0,1290.0,2.14,8379.0,1575.9,845.2
OMPL,4/10/2026,1290.0,1290.0,1266.0,1266.1,-1.85,10734.0,1575.9,845.2
OMPL,4/13/2026,1255.0,1260.0,1240.9,1241.0,-1.12,9195.0,1575.9,845.2
OMPL,4/15/2026,1240.0,1269.0,1240.0,1250.1,0.81,5988.0,1575.9,845.2
OMPL,4/16/2026,1240.0,1250.0,1211.1,1225.0,-1.21,8507.0,1575.9,845.2
OMPL,4/17/2026,1224.0,1224.0,1200.0,1222.0,-0.16,6764.0,1575.9,845.2
OMPL,4/20/2026,1201.6,1229.0,1200.0,1212.0,0.87,4625.0,1575.9,845.2
OMPL,4/21/2026,1200.0,1235.0,1196.0,1204.9,0.41,7477.0,1575.9,845.2
OMPL,4/22/2026,1192.5,1228.1,1185.0,1220.0,2.31,7629.0,1575.9,845.2
OMPL,4/23/2026,1202.0,1220.0,1190.0,1196.9,-0.42,3849.0,1575.9,845.2
OMPL,4/24/2026,1205.0,1205.0,1180.0,1190.0,-1.24,5595.0,1575.9,845.2
OMPL,4/27/2026,1190.0,1223.0,1178.0,1181.8,-0.69,6801.0,1575.9,845.2
OMPL,4/28/2026,1181.8,1205.0,1170.2,1178.1,-0.31,3957.0,1575.9,845.2
OMPL,4/29/2026,1178.1,1175.0,1155.0,1159.9,-1.54,3934.0,1575.9,845.2
OMPL,4/30/2026,1102.0,1165.0,1102.0,1154.9,4.8,4960.0,1575.9,845.2
OMPL,5/4/2026,1140.0,1145.0,1125.0,1125.0,-1.32,3761.0,1575.9,845.2
OMPL,5/5/2026,1126.0,1155.0,1115.0,1144.0,1.6,2905.0,1575.9,845.2
OMPL,5/6/2026,1125.0,1140.0,1119.0,1130.0,0.44,2714.0,1575.9,845.2
OMPL,5/7/2026,1120.1,1150.0,1120.1,1140.0,1.78,2229.0,1575.9,845.2
OMPL,5/8/2026,1130.0,1180.0,1130.0,1170.0,3.54,4767.0,1575.9,845.2
OMPL,5/11/2026,1228.5,1228.5,1168.3,1187.0,-3.38,5713.0,1575.9,845.2
OMPL,5/12/2026,1199.9,1199.9,1156.0,1180.0,-1.66,5951.0,1575.9,845.2
OMPL,5/13/2026,1155.1,1170.0,1145.0,1168.0,1.12,894.0,1575.9,845.2
OMPL,5/14/2026,1168.0,1168.0,1146.1,1152.0,-1.37,2798.0,1575.9,845.2
OMPL,5/15/2026,1186.0,1221.0,1130.0,1151.0,-2.95,3141.0,1575.9,845.2
OMPL,5/18/2026,1156.0,1161.0,1121.4,1149.0,-0.61,2615.0,1575.9,845.2
OMPL,5/19/2026,1130.5,1150.0,1130.1,1130.1,-0.04,2908.0,1575.9,845.2
OMPL,5/20/2026,1120.0,1168.0,1120.0,1168.0,4.29,1858.0,1575.9,845.2
OMPL,5/21/2026,1168.9,1171.0,1156.0,1160.0,-0.76,2207.0,1575.9,845.2
OMPL,5/22/2026,1159.0,1193.7,1147.0,1180.0,1.81,3152.0,1575.9,845.2
OMPL,5/25/2026,1190.0,1210.0,1185.0,1185.0,-0.42,5752.0,1575.9,845.2
OMPL,5/26/2026,1162.1,1196.0,1162.1,1185.0,1.97,3124.0,1575.9,845.2
OMPL,5/27/2026,1175.0,1195.0,1169.0,1195.0,1.7,2328.0,1575.9,845.2
OMPL,6/1/2026,1185.0,1194.0,1155.0,1161.0,-2.03,1798.0,1575.9,845.2
OMPL,6/2/2026,1154.0,1178.0,1154.0,1178.0,2.08,1760.0,1575.9,845.2
OMPL,6/3/2026,1180.0,1196.8,1162.0,1170.0,-0.85,2162.0,1575.9,845.2
OMPL,6/4/2026,1165.0,1190.0,1155.0,1165.0,0.0,1699.0,1575.9,845.2
OMPL,6/5/2026,1154.0,1165.0,1154.0,1155.0,0.09,1304.0,1575.9,845.2
OMPL,6/8/2026,1160.0,1160.0,1145.0,1145.6,-1.24,3344.0,1575.9,845.2
OMPL,6/9/2026,1145.0,1145.0,1115.0,1143.0,-0.17,5108.0,1575.9,845.2
OMPL,6/10/2026,1140.0,1159.0,1125.0,1148.0,0.7,1685.0,1575.9,845.2
OMPL,6/11/2026,1148.0,1152.0,1127.1,1149.9,0.17,2816.0,1575.9,845.2
OMPL,6/12/2026,1136.0,1154.0,1136.0,1142.9,0.61,1815.0,1575.9,845.2
OMPL,6/15/2026,1125.0,1175.0,1125.0,1144.0,1.69,3131.0,1575.9,845.2
OMPL,6/16/2026,1150.0,1160.0,1131.0,1149.0,-0.09,2209.0,1575.9,845.2
OMPL,6/17/2026,1135.0,1154.9,1135.0,1149.0,1.23,2422.0,1575.9,845.2
OMPL,6/18/2026,1131.0,1149.0,1100.0,1133.0,0.18,7282.0,1575.9,845.2
OMPL,6/19/2026,1111.0,1144.2,1105.0,1114.0,0.27,4000.0,1575.9,845.2
OMPL,6/22/2026,1115.0,1129.9,1100.1,1119.0,0.36,4232.0,1575.9,845.2
OMPL,6/23/2026,1115.0,1115.0,1087.1,1098.0,-1.52,4439.0,1575.9,845.2
OMPL,6/24/2026,1082.0,1094.9,1045.0,1066.0,-1.48,5185.0,1575.9,845.2
OMPL,6/26/2026,1080.0,1080.0,1035.0,1035.0,-4.17,3699.0,1575.9,845.2
OMPL,6/29/2026,1035.0,1045.0,1004.1,1007.0,-2.71,3307.0,1575.9,845.2
OMPL,6/30/2026,1007.0,1007.0,960.0,975.0,-3.18,6112.0,1575.9,845.2
OMPL,7/1/2026,975.0,1015.0,975.0,1000.0,2.56,2999.0,1575.9,845.2
OMPL,7/2/2026,1024.4,1025.0,995.0,1010.0,-1.41,1043.0,1575.9,845.2
OMPL,7/3/2026,1010.0,1025.0,997.0,997.1,-1.28,3267.0,1575.9,845.2
OMPL,7/6/2026,995.0,999.9,980.0,990.0,-0.5,4349.0,1575.9,845.2
OMPL,7/7/2026,995.0,995.0,970.0,988.0,-0.7,2921.0,1575.9,845.2
OMPL,7/8/2026,1007.0,1007.0,940.0,955.0,-5.16,4020.0,1575.9,845.2
OMPL,7/9/2026,955.0,955.0,895.0,900.0,-5.76,5739.0,1575.9,845.2
OMPL,7/10/2026,900.0,915.0,880.2,900.0,0.0,3327.0,1575.9,845.2
OMPL,7/13/2026,881.2,898.9,866.0,866.0,-1.72,2601.0,1575.9,845.2
OMPL,7/14/2026,861.0,873.5,848.0,871.9,1.27,2940.0,1575.9,845.2
OMPL,7/15/2026,878.1,902.0,878.1,888.0,1.13,5908.0,1575.9,845.2
OMPL,7/16/2026,895.0,900.0,870.0,880.0,-1.68,3590.0,1575.9,845.2
OMPL,7/17/2026,905.5,943.1,891.0,943.0,4.14,4239.0,1575.9,845.2
OMPL,7/20/2026,943.0,1004.0,943.0,989.0,4.88,6316.0,1575.9,845.2
OMPL,7/21/2026,989.0,1005.0,966.1,989.0,0.0,6207.0,1575.9,845.2
OMPL,7/22/2026,960.0,989.8,960.0,978.0,1.88,2656.0,1575.9,845.2
OMPL,7/23/2026,960.0,1004.0,950.0,996.1,3.76,5972.0,1575.9,845.2
OMPL,7/24/2026,996.0,1024.8,985.0,996.0,0.0,6488.0,1575.9,845.2
OMPL,7/27/2026,975.0,999.0,896.1,947.6,-2.81,7255.0,1575.9,845.2
OMPL,7/28/2026,947.0,960.0,932.0,955.0,0.84,3380.0,1575.9,845.2
OMPL,7/29/2026,940.1,968.0,940.0,959.0,2.01,2090.0,1575.9,845.2
OMPL,7/30/2026,937.0,950.0,910.0,934.0,-0.32,1695.0,1575.9,845.2
OMPL,7/31/2026,916.0,944.0,900.0,940.0,2.62,3207.0,1575.9,845.2
OMPL,8/3/2026,921.0,950.0,920.1,936.0,1.63,2422.0,1575.9,845.2
OMPL,8/4/2026,923.0,930.0,915.5,928.0,0.54,1360.0,1575.9,845.2
OMPL,8/5/2026,904.0,930.0,903.2,924.9,2.31,1466.0,1575.9,845.2
OMPL,8/6/2026,904.0,929.0,903.6,905.0,0.11,2078.0,1575.9,845.2
OMPL,8/7/2026,910.0,917.0,890.0,893.0,-1.87,4184.0,1575.9,845.2
OMPL,8/10/2026,893.0,911.0,888.0,894.0,0.11,2196.0,1575.9,845.2
OMPL,8/11/2026,905.0,910.0,892.5,895.1,-1.09,3388.0,1575.9,845.2
OMPL,8/12/2026,895.1,905.0,891.0,900.0,0.55,3540.0,1575.9,845.2
OMPL,8/13/2026,896.1,914.0,896.1,911.0,1.66,1537.0,1575.9,845.2
OMPL,8/14/2026,956.5,956.5,900.0,908.0,-5.07,2349.0,1575.9,845.2
OMPL,8/17/2026,900.0,905.0,892.0,896.0,-0.44,1844.0,1575.9,845.2
OMPL,8/18/2026,881.0,911.6,881.0,900.0,2.16,2865.0,1575.9,845.2
OMPL,8/19/2026,880.0,900.0,880.0,900.0,2.27,1482.0,1575.9,845.2
OMPL,8/20/2026,885.0,901.9,880.0,901.9,1.91,1781.0,1575.9,845.2
OMPL,8/21/2026,901.0,902.0,889.0,898.0,-0.33,1669.0,1575.9,845.2
OMPL,8/24/2026,880.0,900.0,871.1,893.0,1.48,2929.0,1575.9,845.2
OMPL,8/25/2026,875.1,893.0,871.0,871.0,-0.47,3151.0,1575.9,845.2
OMPL,8/26/2026,880.0,880.0,850.0,860.0,-2.27,3981.0,1575.9,845.2
OMPL,8/27/2026,860.0,874.0,849.0,872.0,1.4,1392.0,1575.9,845.2
OMPL,8/31/2026,860.0,861.6,846.0,855.0,-0.58,2399.0,1575.9,845.2
OMPL,9/1/2026,860.0,874.0,850.0,870.0,1.16,2741.0,1575.9,845.2
OMPL,9/2/2026,860.0,888.9,860.0,885.0,2.91,1241.0,1575.9,845.2
OMPL,9/3/2026,880.0,887.0,872.0,883.0,0.34,1363.0,1575.9,845.2
OMPL,9/7/2026,880.0,895.0,862.1,895.0,1.7,2582.0,1575.9,845.2
OMPL,9/9/2026,885.0,916.0,882.0,900.0,1.69,3359.0,1575.9,845.2
OMPL,9/10/2026,890.0,890.0,875.1,888.5,-0.17,2119.0,1575.9,845.2
OMPL,9/11/2026,876.0,890.0,852.0,853.0,-2.63,2026.0,1575.9,845.2
OMPL,9/14/2026,860.0,890.0,859.0,882.0,2.56,3113.0,1575.9,845.2
OMPL,9/15/2026,926.0,926.0,895.0,906.0,-2.16,8004.0,1575.9,845.2
OMPL,9/16/2026,905.0,923.9,892.0,904.0,-0.11,2624.0,1575.9,845.2
OMPL,9/17/2026,920.0,925.9,890.1,907.0,-1.41,1234.0,1575.9,845.2
OMPL,9/18/2026,895.0,919.0,895.0,904.5,1.06,2216.0,1575.9,845.2
OMPL,9/22/2026,898.0,914.9,885.0,894.9,-0.35,3387.0,1575.9,845.2
OMPL,9/23/2026,880.0,885.0,872.0,875.0,-0.57,3341.0,1575.9,845.2
OMPL,9/24/2026,877.0,900.0,858.1,870.0,-0.8,11764.0,1575.9,845.2
OMPL,9/28/2026,880.0,880.0,855.1,863.0,-1.93,3631.0,1575.9,845.2
OMPL,9/29/2026,868.0,870.0,845.2,0.0,-100.0,5452.0,1575.9,845.2
OMPL,9/30/2026,860.0,860.0,848.1,852.0,-0.93,2742.0,1575.9,845.2
OMPL,10/1/2026,855.0,900.0,845.2,856.9,0.22,6984.0,1575.9,845.2
OMPL,10/2/2026,859.0,867.0,841.0,867.0,0.93,3656.0,1575.9,845.2
PBD84,12/21/2025,1094.0,1094.0,1094.0,1094.0,,25.0,1182.0,1039.2
PBD84,12/28/2025,1115.8,1138.1,1115.8,1138.1,4.03,35.0,1182.0,1039.2
PBD84,12/29/2025,1153.0,1172.0,1153.0,1172.0,2.98,100.0,1182.0,1039.2
PBD84,1/5/2026,1182.0,1182.0,1180.0,1180.0,0.68,395.0,1182.0,1039.2
PBD84,1/18/2026,1156.4,1156.4,1156.0,1156.0,-2.03,107.0,1182.0,1039.2
PBD84,1/25/2026,1133.0,1133.0,1133.0,1133.0,-1.99,200.0,1182.0,1039.2
PBD84,1/26/2026,1133.0,1133.0,1120.0,1120.0,-1.15,50.0,1182.0,1039.2
PBD84,1/28/2026,1120.0,1120.0,1120.0,1120.0,0.0,50.0,1182.0,1039.2
PBD84,2/2/2026,1120.0,1120.0,1120.0,1120.0,0.0,25.0,1182.0,1039.2
PBD84,3/17/2026,1130.0,1140.0,1130.0,1140.0,1.79,100.0,1182.0,1039.2
PBD84,3/18/2026,1130.0,1140.0,1130.0,1140.0,0.0,100.0,1182.0,1039.2
PBD84,3/25/2026,1145.0,1145.0,1145.0,1145.0,0.44,100.0,1182.0,1039.2
PBD84,4/5/2026,1145.0,1145.0,1145.0,1145.0,0.0,75.0,1182.0,1039.2
PBD84,4/7/2026,1145.0,1145.0,1145.0,1145.0,0.0,100.0,1182.0,1039.2
PBD84,4/13/2026,1145.0,1145.0,1145.0,1145.0,0.0,25.0,1182.0,1039.2
PBD84,4/15/2026,1145.0,1145.0,1145.0,1145.0,0.0,125.0,1182.0,1039.2
PBD84,4/24/2026,1145.0,1145.0,1145.0,1145.0,0.0,5.0,1182.0,1039.2
PBD84,4/27/2026,1145.0,1145.0,1145.0,1145.0,0.0,25.0,1182.0,1039.2
PBD84,4/29/2026,1145.0,1145.0,1145.0,1145.0,0.0,25.0,1182.0,1039.2
PBD84,5/13/2026,1140.0,1140.0,1140.0,1140.0,0.0,25.0,1182.0,1039.2
PBD84,5/14/2026,1140.0,1140.0,1140.0,1140.0,0.0,10.0,1182.0,1039.2
PBD84,5/20/2026,1140.0,1140.0,1140.0,1140.0,0.0,25.0,1182.0,1039.2
PBD84,5/25/2026,1140.0,1140.0,1140.0,1140.0,0.0,35.0,1182.0,1039.2
PBD84,5/27/2026,1140.0,1140.0,1084.0,1084.0,-4.91,225.0,1182.0,1039.2
PBD84,6/1/2026,1070.2,1070.2,1070.2,1070.2,0.0,30.0,1182.0,1039.2
PBD84,6/2/2026,1100.0,1100.0,1100.0,1100.0,0.0,75.0,1182.0,1039.2
PBD84,6/3/2026,1100.0,1110.0,1100.0,1110.0,0.91,50.0,1182.0,1039.2
PBD84,6/4/2026,1110.0,1110.0,1110.0,1110.0,0.0,75.0,1182.0,1039.2
PBD84,6/5/2026,1110.0,1110.0,1110.0,1110.0,0.0,25.0,1182.0,1039.2
PBD84,6/9/2026,1080.0,1080.0,1072.0,1071.0,-0.83,100.0,1182.0,1039.2
PBD84,6/12/2026,1074.1,1075.5,1074.0,1075.5,0.13,50.0,1182.0,1039.2
PBD84,6/16/2026,1079.0,1079.0,1079.0,1079.0,0.0,25.0,1182.0,1039.2
PBD84,6/18/2026,1079.0,1079.0,1079.0,1079.0,0.0,25.0,1182.0,1039.2
PBD84,6/22/2026,1080.0,1080.0,1080.0,1080.0,0.0,30.0,1182.0,1039.2
PBD84,7/7/2026,1085.5,1085.5,1085.0,1085.1,-0.04,125.0,1182.0,1039.2
PBD84,7/8/2026,1088.0,1088.1,1088.0,1088.0,0.0,13500.0,1182.0,1039.2
PBD84,7/9/2026,1120.0,1149.0,1120.0,1115.0,-0.45,16530.0,1182.0,1039.2
PBD84,7/14/2026,1082.0,1082.0,1082.0,1082.0,0.0,50.0,1182.0,1039.2
PBD84,7/15/2026,1110.0,1110.0,1110.0,1110.0,0.0,20.0,1182.0,1039.2
PBD84,7/16/2026,1085.0,1085.0,1085.0,1085.0,0.0,25.0,1182.0,1039.2
PBD84,7/24/2026,1100.0,1100.0,1095.0,1100.0,0.0,120.0,1182.0,1039.2
PBD84,7/29/2026,1100.0,1100.0,1100.0,1100.0,0.0,25.0,1182.0,1039.2
PBD84,7/31/2026,1067.0,1067.0,1067.0,1067.0,0.0,100.0,1182.0,1039.2
PBD84,8/3/2026,1070.0,1102.0,1070.0,1102.0,2.99,125.0,1182.0,1039.2
PBD84,8/7/2026,1069.0,1069.0,1069.0,1069.0,0.0,25.0,1182.0,1039.2
PBD84,8/13/2026,1070.0,1070.0,1070.0,1070.0,0.0,25.0,1182.0,1039.2
PBD84,9/17/2026,1039.3,1039.3,1039.2,1039.2,-0.01,25.0,1182.0,1039.2
PBD84,9/22/2026,1040.0,1040.1,1040.0,1040.1,0.01,85.0,1182.0,1039.2
PBD84,9/23/2026,1060.0,1080.0,1060.0,1080.0,1.89,65.0,1182.0,1039.2
PBD84,9/29/2026,1050.0,1050.0,1050.0,1050.0,0.0,25.0,1182.0,1039.2
PBD85,12/22/2025,1111.0,1111.0,1111.0,1111.0,,25.0,1150.0,1060.0
PBD85,12/23/2025,1121.0,1121.0,1121.0,1121.0,0.9,250.0,1150.0,1060.0
PBD85,12/29/2025,1109.0,1109.0,1109.0,1109.0,-1.07,100.0,1150.0,1060.0
PBD85,12/31/2025,1120.0,1120.0,1120.0,1120.0,0.99,75.0,1150.0,1060.0
PBD85,1/4/2026,1103.0,1103.0,1103.0,1103.0,-1.52,25.0,1150.0,1060.0
PBD85,1/8/2026,1125.0,1125.0,1125.0,1125.0,1.99,25.0,1150.0,1060.0
PBD85,1/12/2026,1140.0,1145.0,1140.0,1145.0,1.78,40.0,1150.0,1060.0
PBD85,1/13/2026,1150.0,1150.0,1150.0,1150.0,0.44,50.0,1150.0,1060.0
PBD85,2/17/2026,1150.0,1150.0,1105.0,1105.0,-3.91,150.0,1150.0,1060.0
PBD85,2/23/2026,1083.0,1083.0,1083.0,1083.0,-1.99,25.0,1150.0,1060.0
PBD85,2/25/2026,1071.1,1071.1,1071.1,1071.0,-1.11,30.0,1150.0,1060.0
PBD85,3/16/2026,1061.0,1082.0,1061.0,1082.0,1.03,50.0,1150.0,1060.0
PBD85,3/22/2026,1103.0,1121.0,1103.0,1121.0,3.6,175.0,1150.0,1060.0
PBD85,4/2/2026,1102.7,1102.7,1102.7,1102.7,0.0,25.0,1150.0,1060.0
PBD85,4/8/2026,1080.7,1080.7,1067.1,1067.1,-1.26,50.0,1150.0,1060.0
PBD85,4/13/2026,1067.9,1067.9,1067.9,1067.9,0.0,25.0,1150.0,1060.0
PBD85,4/20/2026,1088.7,1088.7,1088.7,1088.7,0.0,25.0,1150.0,1060.0
PBD85,4/21/2026,1090.0,1090.0,1090.0,1090.0,0.0,25.0,1150.0,1060.0
PBD85,4/23/2026,1085.9,1085.9,1085.9,1085.9,0.0,25.0,1150.0,1060.0
PBD85,4/29/2026,1085.9,1100.0,1100.0,1100.0,1.3,25.0,1150.0,1060.0
PBD85,5/4/2026,1071.1,1071.1,1071.1,1071.1,0.0,25.0,1150.0,1060.0
PBD85,5/8/2026,1099.7,1099.7,1099.7,1099.7,0.0,100.0,1150.0,1060.0
PBD85,5/11/2026,1074.1,1074.1,1074.1,1074.1,0.0,25.0,1150.0,1060.0
PBD85,5/13/2026,1080.0,1080.0,1080.0,1080.0,0.0,30.0,1150.0,1060.0
PBD85,5/25/2026,1081.0,1081.0,1081.0,1081.0,0.0,25.0,1150.0,1060.0
PBD85,5/27/2026,1082.0,1082.0,1063.0,1063.0,-1.76,650.0,1150.0,1060.0
PBD85,6/4/2026,1081.0,1113.0,1081.0,1113.0,2.96,100.0,1150.0,1060.0
PBD85,6/9/2026,1080.0,1080.0,1080.0,1080.0,0.0,25.0,1150.0,1060.0
PBD85,6/17/2026,1069.2,1075.0,1069.1,1075.0,0.54,55.0,1150.0,1060.0
PBD85,6/26/2026,1077.2,1077.2,1077.2,1077.0,-0.02,25.0,1150.0,1060.0
PBD85,6/30/2026,1069.1,1069.1,1069.1,1069.1,0.0,25.0,1150.0,1060.0
PBD85,7/3/2026,1101.1,1101.1,1101.1,1101.1,0.0,53.0,1150.0,1060.0
PBD85,7/13/2026,1112.0,1112.0,1112.0,1112.0,0.0,30000.0,1150.0,1060.0
PBD85,7/14/2026,1121.0,1125.0,1121.0,1125.0,0.36,80.0,1150.0,1060.0
PBD85,7/22/2026,1110.0,1110.0,1110.0,1110.0,0.0,50.0,1150.0,1060.0
PBD85,8/5/2026,1099.9,1099.9,1077.0,1077.0,-2.08,80.0,1150.0,1060.0
PBD85,8/6/2026,1060.0,1060.0,1060.0,1060.0,0.0,50.0,1150.0,1060.0
PBD85,8/11/2026,1091.8,1091.8,1091.8,1091.8,0.0,50.0,1150.0,1060.0
PBD85,8/17/2026,1100.0,1100.0,1100.0,1100.0,0.0,50.0,1150.0,1060.0
PBD85,8/25/2026,1100.0,1100.0,1100.0,1100.0,0.0,120.0,1150.0,1060.0
PBD85,8/26/2026,1110.0,1110.0,1100.0,1108.9,-0.1,240.0,1150.0,1060.0
PBD85,9/1/2026,1114.9,1114.9,1114.9,1114.9,0.0,100.0,1150.0,1060.0
PBD85,9/7/2026,1114.9,1115.0,1114.9,1115.0,0.01,350.0,1150.0,1060.0
PBD85,9/29/2026,1115.0,1115.0,1115.0,0.0,-100.0,23.0,1150.0,1060.0
PBD85,10/1/2026,1115.0,1115.0,1115.0,1115.0,0.0,865.0,1150.0,1060.0
PBD88,1/26/2026,1150.0,1151.0,1150.0,1151.0,,45.0,1285.0,1145.0
PBD88,1/28/2026,1160.0,1160.0,1160.0,1160.0,0.78,25.0,1285.0,1145.0
PBD88,1/29/2026,1160.0,1160.0,1160.0,1183.2,2.0,5.0,1285.0,1145.0
PBD88,2/1/2026,1183.2,1183.2,1183.2,1206.8,1.99,5.0,1285.0,1145.0
PBD88,2/2/2026,1209.0,1209.0,1209.0,1209.0,0.18,470.0,1285.0,1145.0
PBD88,2/3/2026,1200.0,1200.0,1192.6,1192.6,-1.36,75.0,1285.0,1145.0
PBD88,2/4/2026,1188.0,1189.1,1188.0,1189.1,-0.29,50.0,1285.0,1145.0
PBD88,2/5/2026,1195.1,1195.1,1195.1,1195.1,0.5,25.0,1285.0,1145.0
PBD88,2/8/2026,1201.0,1201.0,1179.0,1179.0,-1.35,100.0,1285.0,1145.0
PBD88,2/9/2026,1190.0,1191.1,1190.0,1191.1,1.03,50.0,1285.0,1145.0
PBD88,2/10/2026,1185.0,1193.1,1181.0,1193.1,0.17,136.0,1285.0,1145.0
PBD88,2/12/2026,1210.0,1210.0,1210.0,1210.0,1.42,50.0,1285.0,1145.0
PBD88,2/16/2026,1186.0,1186.0,1186.0,1186.0,-1.98,25.0,1285.0,1145.0
PBD88,2/17/2026,1182.0,1189.0,1182.0,1189.0,0.25,145.0,1285.0,1145.0
PBD88,2/22/2026,1190.0,1190.0,1190.0,1190.0,0.08,10.0,1285.0,1145.0
PBD88,2/23/2026,1190.0,1190.0,1190.0,1213.8,2.0,5.0,1285.0,1145.0
PBD88,2/24/2026,1190.1,1190.1,1190.1,1190.1,-1.95,50.0,1285.0,1145.0
PBD88,3/2/2026,1213.0,1215.0,1213.0,1215.0,2.09,426.0,1285.0,1145.0
PBD88,3/3/2026,1200.0,1200.0,1200.0,1200.0,-1.23,50.0,1285.0,1145.0
PBD88,3/4/2026,1200.0,1200.0,1200.0,1200.0,0.0,50.0,1285.0,1145.0
PBD88,3/5/2026,1200.0,1200.0,1200.0,1200.0,0.0,50.0,1285.0,1145.0
PBD88,3/6/2026,1200.0,1200.0,1200.0,1200.0,0.0,50.0,1285.0,1145.0
PBD88,3/7/2026,1200.0,1200.0,1200.0,1200.0,0.0,50.0,1285.0,1145.0
PBD88,3/8/2026,1200.0,1200.0,1200.0,1200.0,0.0,50.0,1285.0,1145.0
PBD88,3/10/2026,1195.1,1195.1,1195.0,1195.0,-0.42,65.0,1285.0,1145.0
PBD88,3/11/2026,1185.0,1185.0,1185.0,1185.0,-0.84,25.0,1285.0,1145.0
PBD88,3/12/2026,1191.0,1194.0,1191.0,1194.0,0.76,75.0,1285.0,1145.0
PBD88,3/13/2026,1191.0,1194.0,1191.0,1194.0,0.0,75.0,1285.0,1145.0
PBD88,3/14/2026,1191.0,1194.0,1191.0,1194.0,0.0,75.0,1285.0,1145.0
PBD88,3/15/2026,1194.0,1194.0,1181.1,1181.1,-1.08,75.0,1285.0,1145.0
PBD88,3/16/2026,1171.1,1171.1,1171.0,1171.0,-0.86,100.0,1285.0,1145.0
PBD88,3/19/2026,1171.0,1200.0,1171.0,1200.0,2.48,81.0,1285.0,1145.0
PBD88,3/20/2026,1171.0,1200.0,1171.0,1200.0,0.0,81.0,1285.0,1145.0
PBD88,3/21/2026,1171.0,1200.0,1171.0,1200.0,0.0,81.0,1285.0,1145.0
PBD88,3/22/2026,1219.0,1219.0,1200.0,1200.0,0.0,537.0,1285.0,1145.0
PBD88,3/23/2026,1200.0,1200.0,1200.0,1200.0,0.0,50.0,1285.0,1145.0
PBD88,3/25/2026,1176.1,1199.6,1176.1,1199.6,-0.03,50.0,1285.0,1145.0
PBD88,3/26/2026,1223.5,1223.5,1223.5,1223.5,0.0,50.0,1285.0,1145.0
PBD88,3/29/2026,1199.1,1199.1,1199.1,1199.1,0.0,25.0,1285.0,1145.0
PBD88,3/30/2026,1191.0,1191.0,1190.0,1190.0,-0.08,50.0,1285.0,1145.0
PBD88,3/31/2026,1190.0,1190.0,1190.0,1190.0,0.0,25.0,1285.0,1145.0
PBD88,4/1/2026,1171.1,1194.0,1170.4,1194.0,1.96,160.0,1285.0,1145.0
PBD88,4/2/2026,1192.0,1192.0,1192.0,1192.0,0.0,30.0,1285.0,1145.0
PBD88,4/5/2026,1200.0,1200.0,1200.0,1200.0,0.0,25.0,1285.0,1145.0
PBD88,4/6/2026,1200.0,1224.0,1200.0,1224.0,2.0,185.0,1285.0,1145.0
PBD88,4/7/2026,1244.0,1260.0,1235.0,1260.0,1.29,915.0,1285.0,1145.0
PBD88,4/8/2026,1260.0,1265.0,1236.0,1265.0,0.4,530.0,1285.0,1145.0
PBD88,4/9/2026,1240.0,1240.7,1240.0,1240.1,0.01,75.0,1285.0,1145.0
PBD88,4/10/2026,1220.0,1260.0,1220.0,1260.0,3.28,125.0,1285.0,1145.0
PBD88,4/15/2026,1260.0,1260.0,1235.0,1235.0,-1.98,75.0,1285.0,1145.0
PBD88,4/17/2026,1215.0,1240.0,1215.0,1219.0,0.33,135.0,1285.0,1145.0
PBD88,4/20/2026,1186.0,1257.6,1186.0,1240.0,4.55,340.0,1285.0,1145.0
PBD88,4/21/2026,1225.1,1255.0,1225.1,1254.0,2.36,315.0,1285.0,1145.0
PBD88,4/22/2026,1231.0,1252.0,1230.0,1252.0,1.71,175.0,1285.0,1145.0
PBD88,4/23/2026,1245.0,1279.9,1245.0,1279.9,2.8,38.0,1285.0,1145.0
PBD88,4/24/2026,1279.9,1279.9,1220.0,1221.1,-4.59,68.0,1285.0,1145.0
PBD88,4/27/2026,1221.1,1221.1,1190.0,1190.0,-2.55,34.0,1285.0,1145.0
PBD88,4/28/2026,1190.0,1190.0,1164.9,1164.9,-2.11,27.0,1285.0,1145.0
PBD88,4/29/2026,1164.9,1199.0,1164.9,1183.0,1.55,152.0,1285.0,1145.0
PBD88,4/30/2026,1180.2,1180.2,1180.2,1180.2,0.0,25.0,1285.0,1145.0
PBD88,5/4/2026,1195.0,1195.0,1195.0,1195.0,0.0,25.0,1285.0,1145.0
PBD88,5/5/2026,1229.0,1230.8,1229.0,1230.8,0.15,40.0,1285.0,1145.0
PBD88,5/6/2026,1215.0,1215.0,1205.0,1205.0,-0.82,105.0,1285.0,1145.0
PBD88,5/8/2026,1205.0,1205.0,1205.0,1205.0,0.0,30.0,1285.0,1145.0
PBD88,5/11/2026,1210.0,1211.0,1210.0,1211.0,0.08,125.0,1285.0,1145.0
PBD88,5/12/2026,1220.0,1240.0,1220.0,1240.0,1.64,80.0,1285.0,1145.0
PBD88,5/13/2026,1250.0,1250.0,1250.0,1250.0,0.0,25.0,1285.0,1145.0
PBD88,5/14/2026,1215.0,1217.2,1215.0,1250.0,2.88,57.0,1285.0,1145.0
PBD88,5/15/2026,1217.19,1217.19,1217.19,1217.19,0.0,25.0,1285.0,1145.0
PBD88,5/18/2026,1217.19,1217.19,1217.19,1217.19,0.0,25.0,1285.0,1145.0
PBD88,5/19/2026,1218.0,1218.0,1218.0,1218.0,0.0,50.0,1285.0,1145.0
PBD88,5/20/2026,1181.7,1185.0,1177.2,1180.5,-0.1,125.0,1285.0,1145.0
PBD88,5/21/2026,1210.0,1210.0,1210.0,1210.0,0.0,50.0,1285.0,1145.0
PBD88,5/22/2026,1211.0,1211.0,1211.0,1211.0,0.0,25.0,1285.0,1145.0
PBD88,5/26/2026,1209.0,1212.0,1209.0,1212.0,0.25,75.0,1285.0,1145.0
PBD88,5/27/2026,1215.0,1215.0,1215.0,1215.0,0.0,25.0,1285.0,1145.0
PBD88,6/1/2026,1200.0,1200.0,1185.1,1200.0,0.0,75.0,1285.0,1145.0
PBD88,6/4/2026,1207.0,1234.0,1207.0,1207.0,0.0,1135.0,1285.0,1145.0
PBD88,6/5/2026,1207.0,1207.0,1195.0,1195.0,-0.99,54.0,1285.0,1145.0
PBD88,6/8/2026,1192.68,1200.0,1186.1,1186.1,-0.55,75.0,1285.0,1145.0
PBD88,6/10/2026,1221.0,1221.0,1221.0,1221.0,0.0,10.0,1285.0,1145.0
PBD88,6/11/2026,1225.0,1225.0,1211.0,1211.0,-1.14,75.0,1285.0,1145.0
PBD88,6/12/2026,1225.0,1225.0,1225.0,1225.0,0.0,50.0,1285.0,1145.0
PBD88,6/15/2026,1215.0,1215.0,1200.0,1200.0,-1.23,115.0,1285.0,1145.0
PBD88,6/16/2026,1205.0,1205.0,1205.0,1205.0,0.0,25.0,1285.0,1145.0
PBD88,6/17/2026,1190.0,1191.1,1145.0,1145.0,-3.78,10025.0,1285.0,1145.0
PBD88,6/18/2026,1179.3,1179.3,1179.3,1201.0,1.84,51.0,1285.0,1145.0
PBD88,6/19/2026,1215.0,1215.0,1215.0,1215.0,0.0,25.0,1285.0,1145.0
PBD88,6/22/2026,1240.0,1240.0,1215.0,1215.0,-2.02,125.0,1285.0,1145.0
PBD88,6/23/2026,1215.0,1215.0,1215.0,1215.0,0.0,5.0,1285.0,1145.0
PBD88,6/24/2026,1217.0,1217.0,1217.0,1217.0,0.0,25.0,1285.0,1145.0
PBD88,6/26/2026,1220.0,1220.0,1215.0,1215.0,-0.41,150.0,1285.0,1145.0
PBD88,6/29/2026,1215.0,1215.0,1215.0,1215.0,0.0,25.0,1285.0,1145.0
PBD88,6/30/2026,1215.0,1245.0,1215.0,1220.0,0.41,75.0,1285.0,1145.0
PBD88,7/1/2026,1255.0,1255.0,1255.0,1256.5,0.12,20.0,1285.0,1145.0
PBD88,7/2/2026,1256.5,1275.0,1256.5,1270.0,1.07,205.0,1285.0,1145.0
PBD88,7/6/2026,1270.0,1280.0,1241.6,1241.6,-2.24,760.0,1285.0,1145.0
PBD88,7/8/2026,1241.0,1280.0,1218.0,1241.0,0.0,9976.0,1285.0,1145.0
PBD88,7/9/2026,1241.0,1241.0,1241.0,1278.0,2.98,1.0,1285.0,1145.0
PBD88,7/10/2026,1265.0,1265.0,1265.0,1265.0,0.0,200.0,1285.0,1145.0
PBD88,7/13/2026,1240.0,1242.0,1235.0,1270.0,2.42,19876.0,1285.0,1145.0
PBD88,7/14/2026,1270.0,1284.0,1202.0,1285.0,1.18,26686.0,1285.0,1145.0
PBD88,7/16/2026,1250.0,1250.0,1250.0,1250.0,0.0,25.0,1285.0,1145.0
PBD88,7/21/2026,1250.0,1250.0,1250.0,1250.0,0.0,20.0,1285.0,1145.0
PBD88,7/27/2026,1213.0,1213.0,1193.0,1193.0,-1.65,9850.0,1285.0,1145.0
PBD88,7/28/2026,1193.0,1193.0,1182.0,1182.0,-0.92,125.0,1285.0,1145.0
PBD88,7/29/2026,1182.0,1182.0,1182.0,1182.0,0.0,25.0,1285.0,1145.0
PBD88,7/30/2026,1170.1,1181.0,1170.1,1181.0,0.93,75.0,1285.0,1145.0
PBD88,7/31/2026,1156.1,1156.1,1156.1,1156.0,-0.01,30.0,1285.0,1145.0
PBD88,8/4/2026,1162.0,1170.0,1162.0,1170.0,0.69,50.0,1285.0,1145.0
PBD88,8/10/2026,1200.0,1200.0,1200.0,1200.0,0.0,30.0,1285.0,1145.0
PBD88,8/11/2026,1170.0,1170.0,1147.0,1150.0,-1.71,100.0,1285.0,1145.0
PBD88,8/12/2026,1172.0,1172.0,1170.0,1170.0,-0.17,25.0,1285.0,1145.0
PBD88,8/13/2026,1200.0,1200.0,1200.0,1200.0,0.0,60.0,1285.0,1145.0
PBD88,8/14/2026,1170.0,1170.0,1170.0,1170.0,0.0,25.0,1285.0,1145.0
PBD88,8/17/2026,1165.0,1200.0,1165.0,1200.0,3.0,90.0,1285.0,1145.0
PBD88,8/19/2026,1175.0,1175.0,1175.0,1175.0,0.0,25.0,1285.0,1145.0
PBD88,8/21/2026,1175.0,1175.0,1175.0,1175.0,0.0,25.0,1285.0,1145.0
PBD88,8/24/2026,1181.0,1181.0,1180.0,1181.0,0.0,75.0,1285.0,1145.0
PBD88,8/25/2026,1181.0,1181.0,1181.0,1181.0,0.0,50.0,1285.0,1145.0
PBD88,8/31/2026,1170.0,1170.0,1170.0,1170.0,0.0,25.0,1285.0,1145.0
PBD88,9/1/2026,1170.0,1185.0,1170.0,1185.0,1.28,51.0,1285.0,1145.0
PBD88,9/2/2026,1165.0,1165.0,1161.0,1161.0,-0.34,50.0,1285.0,1145.0
PBD88,9/7/2026,1175.0,1195.0,1175.0,1195.0,1.7,35.0,1285.0,1145.0
PBD88,9/9/2026,1200.0,1200.0,1200.0,1200.0,0.0,25.0,1285.0,1145.0
PBD88,9/10/2026,1200.0,1200.0,1200.0,1200.0,0.0,50.0,1285.0,1145.0
PBD88,9/15/2026,1180.0,1180.0,1180.0,1180.0,0.0,50.0,1285.0,1145.0
PBD88,9/16/2026,1167.0,1200.0,1155.1,1200.0,2.83,163.0,1285.0,1145.0
PBD88,9/18/2026,1187.0,1200.0,1187.0,1200.0,1.1,50.0,1285.0,1145.0
PBD88,9/22/2026,1210.0,1210.0,1191.0,1191.0,-1.57,175.0,1285.0,1145.0
PBD88,9/24/2026,1191.0,1191.0,1190.0,1190.0,-0.08,25.0,1285.0,1145.0
PBD88,9/28/2026,1188.0,1188.0,1188.0,1187.0,-0.08,33.0,1285.0,1145.0
PBD88,9/29/2026,1186.0,1190.0,1185.0,0.0,-100.0,65.0,1285.0,1145.0
PBD88,10/1/2026,1185.0,1185.0,1161.1,1181.0,-0.34,35.0,1285.0,1145.0
PBD93,9/10/2026,1000.0,1035.0,1000.0,1026.0,2.6,9717.0,1160.0,996.0
PBD93,9/11/2026,1026.0,1031.0,1020.0,1026.0,0.0,7429.0,1160.0,996.0
PBD93,9/14/2026,1010.0,1053.0,1010.0,1038.0,2.77,6899.0,1160.0,996.0
PBD93,9/15/2026,1025.0,1042.0,1025.0,1040.0,1.46,3215.0,1160.0,996.0
PBD93,9/16/2026,1020.0,1042.9,1020.0,1036.0,1.57,3501.0,1160.0,996.0
PBD93,9/17/2026,1036.0,1067.0,1036.0,1041.0,0.48,13707.0,1160.0,996.0
PBD93,9/18/2026,1028.0,1072.0,1028.0,1048.0,1.95,8453.0,1160.0,996.0
PBD93,9/22/2026,996.0,1069.9,996.0,1069.8,7.41,5705.0,1160.0,996.0
PBD93,9/23/2026,1069.8,1117.0,1033.3,1068.0,-0.17,67448.0,1160.0,996.0
PBD93,9/24/2026,1068.0,1068.0,1052.0,1065.0,-0.28,1735.0,1160.0,996.0
PBD93,9/28/2026,1051.0,1159.0,1042.3,1159.0,10.28,31788.0,1160.0,996.0
PBD93,9/29/2026,1124.3,1128.0,1069.0,0.0,-100.0,17697.0,1160.0,996.0
PBD93,9/30/2026,1120.0,1129.0,1100.0,1100.0,-1.79,4272.0,1160.0,996.0
PBD93,10/1/2026,1070.0,1159.0,1070.0,1131.0,5.7,19411.0,1160.0,996.0
PBD93,10/2/2026,1120.0,1130.0,1107.0,1115.0,-0.45,3400.0,1160.0,996.0
PBLD84,12/21/2025,1118.0,1118.0,1118.0,1118.0,,25.0,1158.4,1057.2
PBLD84,12/22/2025,1122.1,1122.1,1122.1,1122.1,0.37,25.0,1158.4,1057.2
PBLD84,1/6/2026,1132.2,1132.2,1132.2,1132.2,0.9,25.0,1158.4,1057.2
PBLD84,1/7/2026,1140.0,1150.0,1140.0,1150.0,1.57,243.0,1158.4,1057.2
PBLD84,1/20/2026,1127.0,1127.0,1127.0,1127.0,-2.0,25.0,1158.4,1057.2
PBLD84,1/25/2026,1104.6,1104.6,1104.5,1104.5,-2.0,25.0,1158.4,1057.2
PBLD84,1/26/2026,1125.0,1125.0,1125.0,1125.0,1.86,345.0,1158.4,1057.2
PBLD84,2/3/2026,1102.5,1102.5,1102.5,1102.5,-2.0,10.0,1158.4,1057.2
PBLD84,2/8/2026,1083.0,1083.0,1083.0,1083.0,-1.77,12.0,1158.4,1057.2
PBLD84,2/10/2026,1091.0,1091.0,1091.0,1091.0,0.74,25.0,1158.4,1057.2
PBLD84,2/12/2026,1112.0,1112.0,1112.0,1112.0,1.92,50.0,1158.4,1057.2
PBLD84,2/17/2026,1107.0,1107.0,1107.0,1107.0,-0.45,50.0,1158.4,1057.2
PBLD84,2/23/2026,1112.1,1112.1,1112.0,1112.0,0.45,125.0,1158.4,1057.2
PBLD84,2/26/2026,1129.5,1134.0,1129.5,1134.0,1.98,98.0,1158.4,1057.2
PBLD84,2/27/2026,1129.5,1134.0,1129.5,1134.0,0.0,98.0,1158.4,1057.2
PBLD84,2/28/2026,1129.5,1134.0,1129.5,1134.0,0.0,98.0,1158.4,1057.2
PBLD84,3/1/2026,1129.5,1134.0,1129.5,1134.0,0.0,98.0,1158.4,1057.2
PBLD84,3/22/2026,1116.0,1130.0,1116.0,1130.0,-0.35,500.0,1158.4,1057.2
PBLD84,3/24/2026,1140.0,1150.0,1140.0,1150.0,1.77,665.0,1158.4,1057.2
PBLD84,3/31/2026,1150.0,1158.4,1150.0,1158.4,0.73,455.0,1158.4,1057.2
PBLD84,4/5/2026,1136.0,1136.0,1136.0,1136.0,0.0,50.0,1158.4,1057.2
PBLD84,4/6/2026,1140.0,1140.0,1140.0,1140.0,0.0,100.0,1158.4,1057.2
PBLD84,4/9/2026,1140.0,1158.0,1140.0,1158.0,1.58,180.0,1158.4,1057.2
PBLD84,4/20/2026,1158.0,1158.0,1158.0,1158.0,0.0,10.0,1158.4,1057.2
PBLD84,4/21/2026,1150.0,1150.0,1150.0,1150.0,0.0,100.0,1158.4,1057.2
PBLD84,4/23/2026,1150.0,1150.0,1092.5,1110.0,-3.48,230.0,1158.4,1057.2
PBLD84,4/24/2026,1110.0,1110.0,1110.0,1092.1,-1.61,2.0,1158.4,1057.2
PBLD84,4/28/2026,1092.1,1092.1,1092.1,1088.1,-0.37,1.0,1158.4,1057.2
PBLD84,5/25/2026,1085.1,1085.1,1085.1,1085.1,0.0,50.0,1158.4,1057.2
PBLD84,6/5/2026,1085.1,1085.1,1085.1,1076.0,-0.84,2.0,1158.4,1057.2
PBLD84,6/8/2026,1090.0,1090.0,1082.1,1083.0,-0.64,550.0,1158.4,1057.2
PBLD84,6/11/2026,1105.0,1105.0,1100.0,1100.0,-0.45,126.0,1158.4,1057.2
PBLD84,6/12/2026,1100.0,1133.0,1100.0,1133.0,3.0,270.0,1158.4,1057.2
PBLD84,6/17/2026,1129.9,1138.0,1129.9,1138.0,0.72,435.0,1158.4,1057.2
PBLD84,6/18/2026,1103.9,1103.9,1075.0,1154.0,4.54,20965.0,1158.4,1057.2
PBLD84,6/23/2026,1154.0,1154.0,1100.0,1100.0,-4.68,20808.0,1158.4,1057.2
PBLD84,6/24/2026,1077.2,1077.2,1076.0,1076.0,-0.11,200.0,1158.4,1057.2
PBLD84,6/26/2026,1070.1,1070.1,1070.1,1075.1,0.47,1.0,1158.4,1057.2
PBLD84,6/29/2026,1072.2,1072.2,1072.2,1072.2,0.0,26.0,1158.4,1057.2
PBLD84,6/30/2026,1093.1,1093.1,1093.0,1093.0,-0.01,14365.0,1158.4,1057.2
PBLD84,7/8/2026,1125.0,1144.0,1125.0,1144.0,1.69,5653.0,1158.4,1057.2
PBLD84,7/13/2026,1127.0,1127.0,1127.0,1127.0,0.0,57459.0,1158.4,1057.2
PBLD84,7/15/2026,1147.9,1147.9,1147.9,1147.9,0.0,10.0,1158.4,1057.2
PBLD84,7/27/2026,1147.9,1147.9,1147.9,1119.9,-2.44,5.0,1158.4,1057.2
PBLD84,8/5/2026,1087.0,1087.0,1057.2,1057.2,-2.74,30.0,1158.4,1057.2
PBLD84,8/13/2026,1070.0,1070.0,1070.0,1070.0,0.0,100.0,1158.4,1057.2
PBLD84,8/19/2026,1070.0,1071.0,1065.0,1070.0,0.0,255.0,1158.4,1057.2
PBLD84,8/20/2026,1065.1,1065.1,1065.1,1065.1,0.0,25.0,1158.4,1057.2
PBLD84,9/14/2026,1070.0,1080.0,1070.0,1080.0,0.93,100.0,1158.4,1057.2
PBLD84,9/23/2026,1090.0,1090.0,1090.0,1090.0,0.0,120.0,1158.4,1057.2
PBLD84,9/28/2026,1076.0,1076.0,1076.0,1076.0,0.0,50.0,1158.4,1057.2
PBLD84,9/29/2026,1100.0,1100.0,1100.0,0.0,-100.0,229.0,1158.4,1057.2
PBLD84,9/30/2026,1100.0,1100.0,1100.0,1100.0,0.0,755.0,1158.4,1057.2
PBLD84,10/1/2026,1095.0,1095.0,1095.0,1095.0,0.0,50.0,1158.4,1057.2
PBLD86,1/22/2026,1160.0,1162.0,1160.0,1162.0,,102.0,1470.0,1100.2
PBLD86,2/3/2026,1162.0,1162.0,1162.0,1162.0,0.0,45.0,1470.0,1100.2
PBLD86,2/5/2026,1162.0,1162.0,1139.1,1139.1,-1.97,110.0,1470.0,1100.2
PBLD86,2/16/2026,1123.1,1125.0,1123.0,1125.0,-1.24,190.0,1470.0,1100.2
PBLD86,3/22/2026,1147.5,1147.5,1147.5,1147.5,2.0,92.0,1470.0,1100.2
PBLD86,3/23/2026,1165.0,1170.4,1165.0,1170.4,2.0,75.0,1470.0,1100.2
PBLD86,4/1/2026,1180.0,1193.68,1180.0,1193.68,1.16,75.0,1470.0,1100.2
PBLD86,4/7/2026,1211.0,1211.0,1211.0,1211.0,0.0,50.0,1470.0,1100.2
PBLD86,5/21/2026,1211.0,1211.0,1211.0,1240.0,2.39,15.0,1470.0,1100.2
PBLD86,6/10/2026,1203.0,1203.0,1132.0,1132.0,-5.9,25000.0,1470.0,1100.2
PBLD86,6/11/2026,1135.0,1150.0,1135.0,1136.4,0.12,100.0,1470.0,1100.2
PBLD86,6/16/2026,1170.4,1183.0,1170.4,1183.0,1.08,25000.0,1470.0,1100.2
PBLD86,7/14/2026,1218.4,1253.0,1169.0,1289.0,5.79,20986.0,1470.0,1100.2
PBLD86,7/15/2026,1289.0,1305.0,1289.0,1328.0,3.03,21.0,1470.0,1100.2
PBLD86,7/16/2026,1328.0,1362.8,1328.0,1470.0,10.69,39.0,1470.0,1100.2
PBLD86,7/24/2026,1425.9,1425.9,1425.9,1425.9,0.0,20.0,1470.0,1100.2
PBLD86,8/10/2026,1383.2,1383.2,1383.2,1383.2,0.0,10.0,1470.0,1100.2
PBLD86,8/12/2026,1383.2,1383.2,1383.2,1263.0,-8.69,4.0,1470.0,1100.2
PBLD86,8/13/2026,1263.0,1263.0,1263.0,1131.0,-10.45,3.0,1470.0,1100.2
PBLD86,8/14/2026,1131.0,1131.0,1131.0,1102.0,-2.56,2.0,1470.0,1100.2
PBLD86,8/21/2026,1102.0,1102.0,1102.0,1103.0,0.09,1.0,1470.0,1100.2
PBLD86,9/16/2026,1103.0,1103.0,1103.0,1104.1,0.1,3.0,1470.0,1100.2
PBLD87,12/24/2025,1140.0,1140.0,1140.0,1140.0,,25.0,1150.0,1043.0
PBLD87,1/6/2026,1118.0,1118.0,1118.0,1118.0,-1.93,25.0,1150.0,1043.0
PBLD87,1/18/2026,1096.0,1096.0,1075.0,1075.0,-3.85,45.0,1150.0,1043.0
PBLD87,1/25/2026,1069.1,1072.0,1069.1,1072.0,-0.28,50.0,1150.0,1043.0
PBLD87,2/2/2026,1072.1,1072.1,1072.1,1072.1,0.01,25.0,1150.0,1043.0
PBLD87,2/8/2026,1083.2,1083.2,1083.2,1083.2,1.04,25.0,1150.0,1043.0
PBLD87,2/10/2026,1100.0,1100.0,1100.0,1100.0,1.55,200.0,1150.0,1043.0
PBLD87,2/12/2026,1099.0,1099.0,1099.0,1099.0,-0.09,25.0,1150.0,1043.0
PBLD87,2/16/2026,1102.0,1102.0,1102.0,1102.0,0.27,25.0,1150.0,1043.0
PBLD87,2/17/2026,1119.0,1119.0,1119.0,1119.0,1.54,420.0,1150.0,1043.0
PBLD87,2/25/2026,1119.0,1119.0,1119.0,1112.0,-0.63,5.0,1150.0,1043.0
PBLD87,3/2/2026,1112.0,1112.0,1112.0,1112.0,0.0,25.0,1150.0,1043.0
PBLD87,3/11/2026,1090.0,1090.0,1090.0,1090.0,-1.98,25.0,1150.0,1043.0
PBLD87,3/15/2026,1100.0,1100.0,1100.0,1100.0,0.92,25.0,1150.0,1043.0
PBLD87,3/16/2026,1101.0,1101.0,1101.0,1101.0,0.09,25.0,1150.0,1043.0
PBLD87,3/17/2026,1109.1,1112.0,1109.1,1113.7,1.15,80.0,1150.0,1043.0
PBLD87,3/18/2026,1109.1,1112.0,1109.1,1113.7,0.0,80.0,1150.0,1043.0
PBLD87,3/22/2026,1091.5,1091.5,1091.5,1091.5,-1.99,25.0,1150.0,1043.0
PBLD87,3/26/2026,1113.0,1113.0,1113.0,1100.2,-1.15,30.0,1150.0,1043.0
PBLD87,4/1/2026,1083.4,1083.4,1083.4,1083.4,0.0,150.0,1150.0,1043.0
PBLD87,4/2/2026,1088.0,1088.0,1088.0,1088.0,0.0,20.0,1150.0,1043.0
PBLD87,4/5/2026,1109.0,1109.0,1109.0,1109.0,0.0,120.0,1150.0,1043.0
PBLD87,4/8/2026,1129.0,1131.1,1109.0,1109.0,-1.77,75.0,1150.0,1043.0
PBLD87,4/16/2026,1088.1,1088.1,1086.9,1086.9,-0.11,125.0,1150.0,1043.0
PBLD87,4/20/2026,1073.6,1073.6,1073.6,1073.6,0.0,25.0,1150.0,1043.0
PBLD87,4/22/2026,1080.6,1080.6,1080.6,1080.6,0.0,25.0,1150.0,1043.0
PBLD87,4/24/2026,1080.6,1080.0,1080.0,1080.0,-0.06,25.0,1150.0,1043.0
PBLD87,4/28/2026,1080.0,1080.1,1080.1,1080.1,0.01,25.0,1150.0,1043.0
PBLD87,5/4/2026,1060.0,1060.0,1060.0,1075.1,1.42,26.0,1150.0,1043.0
PBLD87,5/6/2026,1075.1,1075.1,1075.1,1107.0,2.97,1.0,1150.0,1043.0
PBLD87,5/12/2026,1080.0,1090.0,1080.0,1090.0,0.93,95.0,1150.0,1043.0
PBLD87,5/14/2026,1070.1,1070.1,1070.1,1070.1,0.0,25.0,1150.0,1043.0
PBLD87,5/18/2026,1100.0,1102.0,1100.0,1102.0,0.18,149.0,1150.0,1043.0
PBLD87,5/19/2026,1081.1,1081.1,1043.0,1043.0,-3.52,20000.0,1150.0,1043.0
PBLD87,5/21/2026,1074.2,1112.0,1074.2,1112.0,3.52,19699.0,1150.0,1043.0
PBLD87,5/27/2026,1120.0,1120.0,1120.0,1120.0,0.0,50.0,1150.0,1043.0
PBLD87,6/3/2026,1129.0,1129.0,1129.0,1129.0,0.0,25.0,1150.0,1043.0
PBLD87,6/4/2026,1128.0,1128.0,1119.4,1119.4,-0.76,290.0,1150.0,1043.0
PBLD87,6/8/2026,1120.0,1120.0,1120.0,1120.0,0.0,50.0,1150.0,1043.0
PBLD87,6/11/2026,1087.0,1087.0,1054.4,1055.0,-2.94,510.0,1150.0,1043.0
PBLD87,6/12/2026,1070.0,1086.6,1061.0,1086.6,1.55,945.0,1150.0,1043.0
PBLD87,6/16/2026,1065.0,1095.0,1065.0,1090.0,2.35,225.0,1150.0,1043.0
PBLD87,6/17/2026,1099.0,1099.0,1095.0,1095.0,-0.36,75.0,1150.0,1043.0
PBLD87,6/18/2026,1095.0,1095.0,1095.0,1095.0,0.0,50.0,1150.0,1043.0
PBLD87,6/19/2026,1100.0,1100.0,1095.0,1095.0,-0.45,50.0,1150.0,1043.0
PBLD87,6/23/2026,1075.0,1075.0,1075.0,1075.0,0.0,25.0,1150.0,1043.0
PBLD87,6/29/2026,1090.0,1090.0,1090.0,1090.0,0.0,50.0,1150.0,1043.0
PBLD87,7/1/2026,1091.0,1091.0,1090.0,1090.0,-0.09,90.0,1150.0,1043.0
PBLD87,7/6/2026,1085.0,1085.0,1085.0,1085.0,0.0,25.0,1150.0,1043.0
PBLD87,7/10/2026,1095.0,1095.0,1090.0,1090.0,-0.46,358.0,1150.0,1043.0
PBLD87,7/13/2026,1122.0,1148.0,1122.0,1140.0,1.6,150354.0,1150.0,1043.0
PBLD87,7/14/2026,1110.0,1150.0,1110.0,1150.0,3.6,35380.0,1150.0,1043.0
PBLD87,7/16/2026,1120.0,1120.0,1120.0,1120.0,0.0,10.0,1150.0,1043.0
PBLD87,7/22/2026,1087.0,1087.0,1087.0,1087.0,0.0,25.0,1150.0,1043.0
PBLD87,7/24/2026,1119.6,1135.0,1119.6,1134.9,1.37,3151.0,1150.0,1043.0
PBLD87,7/30/2026,1101.0,1101.0,1076.6,1101.0,0.0,40.0,1150.0,1043.0
PBLD87,8/3/2026,1100.0,1100.0,1100.0,1100.0,0.0,25.0,1150.0,1043.0
PBLD87,8/4/2026,1085.0,1085.0,1085.0,1085.0,0.0,25.0,1150.0,1043.0
PBLD87,8/6/2026,1080.0,1080.0,1080.0,1080.0,0.0,100.0,1150.0,1043.0
PBLD87,8/19/2026,1070.1,1102.2,1070.1,1102.2,3.0,50.0,1150.0,1043.0
PBLD87,8/31/2026,1100.0,1100.0,1100.0,1100.0,0.0,10.0,1150.0,1043.0
PBLD87,9/17/2026,1125.0,1125.0,1125.0,1125.0,0.0,10.0,1150.0,1043.0
PBLD87,9/24/2026,1095.0,1095.0,1095.0,1095.0,0.0,25.0,1150.0,1043.0
PBLD87,9/29/2026,1090.0,1090.0,1090.0,0.0,-100.0,25.0,1150.0,1043.0
PCBL,5/26/2011,194.0,200.0,194.0,200.0,,12135.0,275.9,225.0
PCBL,5/30/2011,200.0,199.0,192.0,192.0,-4.0,5479.0,275.9,225.0
PCBL,5/31/2011,192.0,196.0,190.0,196.0,2.08,1141.0,275.9,225.0
PCBL,6/1/2011,196.0,196.0,191.0,194.0,-1.02,4860.0,275.9,225.0
PCBL,6/2/2011,194.0,198.0,186.0,195.0,0.52,10803.0,275.9,225.0
PCBL,6/5/2011,195.0,194.0,185.0,185.0,-5.13,1912.0,275.9,225.0
PCBL,6/6/2011,185.0,190.0,182.0,182.0,-1.62,3366.0,275.9,225.0
PCBL,6/7/2011,182.0,181.0,168.0,168.0,-7.69,1610.0,275.9,225.0
PCBL,6/8/2011,168.0,172.0,165.0,170.0,1.19,774.0,275.9,225.0
PCBL,6/9/2011,170.0,172.0,163.0,172.0,1.18,1384.0,275.9,225.0
PCBL,6/12/2011,172.0,170.0,164.0,168.0,-2.33,1037.0,275.9,225.0
PCBL,6/13/2011,168.0,165.0,152.0,155.0,-7.74,1284.0,275.9,225.0
PCBL,6/14/2011,155.0,163.0,154.0,163.0,5.16,1662.0,275.9,225.0
PCBL,6/15/2011,163.0,163.0,150.0,160.0,-1.84,13846.0,275.9,225.0
PCBL,6/16/2011,160.0,175.0,150.0,169.0,5.62,4609.0,275.9,225.0
PCBL,6/19/2011,169.0,184.0,169.0,184.0,8.88,5462.0,275.9,225.0
PCBL,6/20/2011,169.0,184.0,169.0,184.0,0.0,5462.0,275.9,225.0
PCBL,6/21/2011,202.0,222.0,206.0,222.0,20.65,6166.0,275.9,225.0
PCBL,6/23/2011,222.0,244.0,226.0,244.0,9.91,21032.0,275.9,225.0
PCBL,6/26/2011,244.0,268.0,220.0,220.0,-9.84,8818.0,275.9,225.0
PCBL,6/27/2011,220.0,216.0,198.0,198.0,-10.0,913.0,275.9,225.0
PCBL,6/29/2011,198.0,205.0,179.0,189.0,-4.55,13886.0,275.9,225.0
PCBL,6/30/2011,189.0,196.0,181.0,190.0,0.53,13112.0,275.9,225.0
PCBL,7/3/2011,190.0,190.0,183.0,187.0,-1.58,16082.0,275.9,225.0
PCBL,7/4/2011,187.0,192.0,184.0,190.0,1.6,8462.0,275.9,225.0
PCBL,7/5/2011,190.0,196.0,183.0,196.0,3.16,14082.0,275.9,225.0
PCBL,7/6/2011,196.0,214.0,198.0,209.0,6.63,11798.0,275.9,225.0
PCBL,7/7/2011,209.0,209.0,198.0,205.0,-1.91,7738.0,275.9,225.0
PCBL,7/10/2011,205.0,216.0,205.0,215.0,4.88,4422.0,275.9,225.0
PCBL,7/11/2011,215.0,213.0,205.0,210.0,-2.33,8104.0,275.9,225.0
PCBL,7/12/2011,210.0,218.0,209.0,210.0,0.0,7921.0,275.9,225.0
PCBL,7/13/2011,210.0,224.0,208.0,222.0,5.71,11386.0,275.9,225.0
PCBL,7/14/2011,222.0,224.0,215.0,222.0,0.0,6940.0,275.9,225.0
PCBL,7/17/2011,222.0,234.0,226.0,234.0,5.41,521.0,275.9,225.0
PCBL,7/18/2011,234.0,255.0,222.0,222.0,-5.13,8207.0,275.9,225.0
PCBL,7/19/2011,222.0,235.0,226.0,235.0,5.86,5242.0,275.9,225.0
PCBL,7/20/2011,235.0,240.0,233.0,237.0,0.85,12030.0,275.9,225.0
PCBL,7/21/2011,237.0,243.0,234.0,238.0,0.42,9729.0,275.9,225.0
PCBL,7/24/2011,238.0,238.0,226.0,229.0,-3.78,4680.0,275.9,225.0
PCBL,7/25/2011,229.0,230.0,220.0,230.0,0.44,1165.0,275.9,225.0
PCBL,7/26/2011,230.0,229.0,223.0,227.0,-1.3,1626.0,275.9,225.0
PCBL,7/27/2011,227.0,229.0,217.0,222.0,-2.2,3276.0,275.9,225.0
PCBL,7/28/2011,222.0,238.0,221.0,229.0,3.15,5216.0,275.9,225.0
PCBL,7/31/2011,229.0,232.0,220.0,224.0,-2.18,4540.0,275.9,225.0
PCBL,8/1/2011,224.0,225.0,217.0,223.0,-0.45,1887.0,275.9,225.0
PCBL,8/2/2011,223.0,223.0,220.0,223.0,0.0,1677.0,275.9,225.0
PCBL,8/3/2011,223.0,228.0,218.0,218.0,-2.24,2997.0,275.9,225.0
PCBL,8/4/2011,218.0,224.0,217.0,223.0,2.29,6859.0,275.9,225.0
PCBL,8/7/2011,223.0,227.0,214.0,215.0,-3.59,5070.0,275.9,225.0
PCBL,8/8/2011,215.0,219.0,208.0,210.0,-2.33,6055.0,275.9,225.0
PCBL,8/9/2011,210.0,220.0,202.0,212.0,0.95,6414.0,275.9,225.0
PCBL,8/10/2011,212.0,220.0,214.0,220.0,3.77,2262.0,275.9,225.0
PCBL,8/11/2011,220.0,224.0,217.0,223.0,1.36,2909.0,275.9,225.0
PCBL,8/15/2011,223.0,229.0,219.0,220.0,-1.35,4878.0,275.9,225.0
PCBL,8/16/2011,220.0,223.0,212.0,222.0,0.91,5053.0,275.9,225.0
PCBL,8/17/2011,222.0,222.0,214.0,219.0,-1.35,4535.0,275.9,225.0
PCBL,8/18/2011,219.0,220.0,210.0,219.0,0.0,7780.0,275.9,225.0
PCBL,8/22/2011,219.0,221.0,212.0,221.0,0.91,1119.0,275.9,225.0
PCBL,8/23/2011,221.0,226.0,216.0,218.0,-1.36,4266.0,275.9,225.0
PCBL,8/24/2011,218.0,221.0,215.0,215.0,-1.38,3750.0,275.9,225.0
PCBL,8/25/2011,215.0,222.0,218.0,219.0,1.86,1521.0,275.9,225.0
PCBL,8/28/2011,219.0,219.0,206.0,212.0,-3.2,3893.0,275.9,225.0
PCBL,8/29/2011,212.0,213.0,207.0,213.0,0.47,2118.0,275.9,225.0
PCBL,8/30/2011,213.0,218.0,215.0,217.0,1.88,1375.0,275.9,225.0
PCBL,9/1/2011,217.0,225.0,214.0,220.0,1.38,2289.0,275.9,225.0
PCBL,9/4/2011,220.0,221.0,215.0,215.0,-2.27,2197.0,275.9,225.0
PCBL,9/5/2011,215.0,215.0,210.0,210.0,-2.33,2052.0,275.9,225.0
PCBL,9/6/2011,210.0,209.0,205.0,205.0,-2.38,2473.0,275.9,225.0
PCBL,9/7/2011,205.0,215.0,202.0,203.0,-0.98,4652.0,275.9,225.0
PCBL,9/8/2011,203.0,209.0,200.0,203.0,0.0,1741.0,275.9,225.0
PCBL,9/12/2011,203.0,205.0,191.0,193.0,-4.93,2727.0,275.9,225.0
PCBL,9/13/2011,193.0,197.0,190.0,197.0,2.07,902.0,275.9,225.0
PCBL,9/14/2011,197.0,196.0,192.0,193.0,-2.03,3328.0,275.9,225.0
PCBL,9/15/2011,193.0,191.0,187.0,191.0,-1.04,1464.0,275.9,225.0
PCBL,9/18/2011,191.0,192.0,185.0,190.0,-0.52,2749.0,275.9,225.0
PCBL,9/19/2011,190.0,194.0,189.0,194.0,2.11,1968.0,275.9,225.0
PCBL,9/20/2011,194.0,199.0,193.0,193.0,-0.52,2659.0,275.9,225.0
PCBL,9/21/2011,193.0,198.0,192.0,196.0,1.55,3274.0,275.9,225.0
PCBL,9/22/2011,196.0,205.0,193.0,202.0,3.06,2082.0,275.9,225.0
PCBL,9/25/2011,202.0,206.0,192.0,198.0,-1.98,2676.0,275.9,225.0
PCBL,9/26/2011,198.0,198.0,193.0,196.0,-1.01,1909.0,275.9,225.0
PCBL,9/27/2011,196.0,198.0,195.0,198.0,1.02,1101.0,275.9,225.0
PCBL,9/29/2011,198.0,202.0,195.0,198.0,0.0,1637.0,275.9,225.0
PCBL,10/2/2011,198.0,207.0,200.0,203.0,2.53,2166.0,275.9,225.0
PCBL,10/9/2011,203.0,202.0,199.0,200.0,-1.48,880.0,275.9,225.0
PCBL,10/10/2011,200.0,200.0,196.0,196.0,-2.0,1459.0,275.9,225.0
PCBL,10/12/2011,196.0,201.0,194.0,201.0,2.55,2053.0,275.9,225.0
PCBL,10/13/2011,201.0,207.0,195.0,201.0,0.0,2738.0,275.9,225.0
PCBL,10/16/2011,201.0,203.0,197.0,198.0,-1.49,2030.0,275.9,225.0
PCBL,10/17/2011,198.0,203.0,200.0,200.0,1.01,1035.0,275.9,225.0
PCBL,10/18/2011,200.0,200.0,195.0,195.0,-2.5,1810.0,275.9,225.0
PCBL,10/19/2011,195.0,198.0,192.0,197.0,1.03,2438.0,275.9,225.0
PCBL,10/20/2011,197.0,197.0,193.0,195.0,-1.02,6982.0,275.9,225.0
PCBL,10/23/2011,195.0,200.0,195.0,199.0,2.05,2830.0,275.9,225.0
PCBL,10/24/2011,199.0,200.0,195.0,200.0,0.5,1916.0,275.9,225.0
PCBL,10/25/2011,200.0,200.0,197.0,200.0,0.0,1518.0,275.9,225.0
PCBL,10/30/2011,200.0,202.0,198.0,200.0,0.0,1038.0,275.9,225.0
PCBL,10/31/2011,200.0,206.0,200.0,202.0,1.0,2163.0,275.9,225.0
PCBL,11/2/2011,202.0,222.0,206.0,222.0,9.9,1561.0,275.9,225.0
PCBL,11/3/2011,222.0,230.0,207.0,215.0,-3.15,8045.0,275.9,225.0
PCBL,11/6/2011,215.0,216.0,212.0,214.0,-0.47,1682.0,275.9,225.0
PCBL,11/8/2011,214.0,213.0,204.0,208.0,-2.8,8569.0,275.9,225.0
PCBL,11/9/2011,208.0,210.0,206.0,206.0,-0.96,2281.0,275.9,225.0
PCBL,11/10/2011,206.0,208.0,201.0,207.0,0.49,9164.0,275.9,225.0
PCBL,11/13/2011,207.0,216.0,206.0,214.0,3.38,6404.0,275.9,225.0
PCBL,11/14/2011,214.0,213.0,204.0,209.0,-2.34,10295.0,275.9,225.0
PCBL,11/15/2011,209.0,209.0,200.0,208.0,-0.48,6161.0,275.9,225.0
PCBL,11/16/2011,208.0,204.0,189.0,191.0,-8.17,3147.0,275.9,225.0
PCBL,11/17/2011,191.0,192.0,185.0,189.0,-1.05,2042.0,275.9,225.0
PCBL,11/20/2011,189.0,193.0,189.0,192.0,1.59,2348.0,275.9,225.0
PCBL,11/21/2011,192.0,194.0,189.0,190.0,-1.04,2456.0,275.9,225.0
PCBL,11/22/2011,190.0,193.0,187.0,192.0,1.05,298.0,275.9,225.0
PCBL,11/24/2011,192.0,194.0,190.0,190.0,-1.04,1492.0,275.9,225.0
PCBL,11/27/2011,190.0,193.0,189.0,190.0,0.0,2003.0,275.9,225.0
PCBL,11/28/2011,190.0,196.0,192.0,196.0,3.16,86.0,275.9,225.0
PCBL,12/1/2011,193.0,197.0,191.0,193.0,-1.53,717.0,275.9,225.0
PCBL,12/4/2011,193.0,190.0,190.0,190.0,-1.55,61.0,275.9,225.0
PCBL,12/5/2011,190.0,191.0,187.0,191.0,0.53,1287.0,275.9,225.0
PCBL,12/6/2011,191.0,192.0,190.0,192.0,0.52,414.0,275.9,225.0
PCBL,12/7/2011,192.0,191.0,185.0,191.0,-0.52,362.0,275.9,225.0
PCBL,12/8/2011,191.0,193.0,185.0,190.0,-0.52,1504.0,275.9,225.0
PCBL,12/11/2011,190.0,192.0,184.0,184.0,-3.16,440.0,275.9,225.0
PCBL,12/12/2011,184.0,189.0,179.0,185.0,0.54,1511.0,275.9,225.0
PCBL,12/13/2011,185.0,185.0,182.0,185.0,0.0,298.0,275.9,225.0
PCBL,12/14/2011,185.0,188.0,180.0,188.0,1.62,1414.0,275.9,225.0
PCBL,12/15/2011,188.0,190.0,188.0,190.0,1.06,627.0,275.9,225.0
PCBL,12/18/2011,190.0,189.0,181.0,182.0,-4.21,940.0,275.9,225.0
PCBL,12/19/2011,182.0,183.0,182.0,183.0,0.55,80.0,275.9,225.0
PCBL,12/20/2011,183.0,182.0,179.0,182.0,-0.55,1252.0,275.9,225.0
PCBL,12/21/2011,182.0,185.0,182.0,182.0,0.0,1153.0,275.9,225.0
PCBL,12/22/2011,182.0,182.0,180.0,180.0,-1.1,652.0,275.9,225.0
PCBL,12/26/2011,180.0,180.0,178.0,178.0,-1.11,914.0,275.9,225.0
PCBL,12/27/2011,178.0,187.0,181.0,186.0,4.49,1382.0,275.9,225.0
PCBL,12/28/2011,186.0,187.0,183.0,187.0,0.54,829.0,275.9,225.0
PCBL,12/29/2011,187.0,185.0,182.0,185.0,-1.07,2712.0,275.9,225.0
PCBL,1/1/2012,185.0,191.0,183.0,191.0,3.24,2109.0,275.9,225.0
PCBL,1/2/2012,191.0,197.0,188.0,193.0,1.05,4247.0,275.9,225.0
PCBL,1/3/2012,193.0,203.0,193.0,196.0,1.55,6446.0,275.9,225.0
PCBL,1/4/2012,196.0,195.0,187.0,187.0,-4.59,1119.0,275.9,225.0
PCBL,1/5/2012,187.0,188.0,184.0,187.0,0.0,2289.0,275.9,225.0
PCBL,1/8/2012,187.0,190.0,187.0,189.0,1.07,2656.0,275.9,225.0
PCBL,1/9/2012,189.0,191.0,188.0,191.0,1.06,3658.0,275.9,225.0
PCBL,1/10/2012,187.0,194.0,188.0,189.0,-1.05,1240.0,275.9,225.0
PCBL,1/11/2012,189.0,190.0,188.0,188.0,-0.53,4325.0,275.9,225.0
PCBL,1/12/2012,188.0,190.0,185.0,189.0,0.53,2003.0,275.9,225.0
PCBL,1/16/2012,189.0,190.0,186.0,187.0,-1.06,1320.0,275.9,225.0
PCBL,1/17/2012,187.0,190.0,187.0,187.0,0.0,879.0,275.9,225.0
PCBL,1/18/2012,187.0,187.0,182.0,185.0,-1.07,623.0,275.9,225.0
PCBL,1/19/2012,185.0,186.0,185.0,186.0,0.54,99.0,275.9,225.0
PCBL,1/22/2012,186.0,187.0,183.0,184.0,-1.08,1378.0,275.9,225.0
PCBL,1/23/2012,184.0,186.0,181.0,184.0,0.0,2453.0,275.9,225.0
PCBL,1/25/2012,184.0,184.0,183.0,183.0,-0.54,995.0,275.9,225.0
PCBL,1/26/2012,183.0,185.0,182.0,184.0,0.55,900.0,275.9,225.0
PCBL,1/29/2012,184.0,184.0,180.0,184.0,0.0,4568.0,275.9,225.0
PCBL,1/31/2012,184.0,184.0,180.0,180.0,-2.17,7767.0,275.9,225.0
PCBL,2/1/2012,180.0,185.0,180.0,184.0,2.22,1722.0,275.9,225.0
PCBL,2/2/2012,184.0,186.0,179.0,182.0,-1.09,3895.0,275.9,225.0
PCBL,2/5/2012,182.0,183.0,179.0,179.0,-1.65,2630.0,275.9,225.0
PCBL,2/6/2012,179.0,182.0,179.0,180.0,0.56,2313.0,275.9,225.0
PCBL,2/7/2012,180.0,183.0,177.0,180.0,0.0,2703.0,275.9,225.0
PCBL,2/8/2012,180.0,184.0,174.0,180.0,0.0,1467.0,275.9,225.0
PCBL,2/9/2012,180.0,180.0,177.0,177.0,-1.67,1363.0,275.9,225.0
PCBL,2/12/2012,177.0,178.0,175.0,175.0,-1.13,788.0,275.9,225.0
PCBL,2/13/2012,175.0,182.0,171.0,182.0,4.0,3916.0,275.9,225.0
PCBL,2/14/2012,182.0,186.0,175.0,178.0,-2.2,1141.0,275.9,225.0
PCBL,2/15/2012,178.0,178.0,173.0,174.0,-2.25,1394.0,275.9,225.0
PCBL,2/16/2012,174.0,176.0,171.0,175.0,0.57,1919.0,275.9,225.0
PCBL,2/21/2012,175.0,176.0,175.0,176.0,0.57,480.0,275.9,225.0
PCBL,2/23/2012,176.0,179.0,174.0,177.0,0.57,1742.0,275.9,225.0
PCBL,2/26/2012,177.0,178.0,171.0,172.0,-2.82,2627.0,275.9,225.0
PCBL,2/27/2012,172.0,177.0,175.0,176.0,2.33,512.0,275.9,225.0
PCBL,2/28/2012,176.0,179.0,175.0,177.0,0.57,1597.0,275.9,225.0
PCBL,2/29/2012,177.0,180.0,177.0,177.0,0.0,1299.0,275.9,225.0
PCBL,3/1/2012,177.0,180.0,174.0,180.0,1.69,1754.0,275.9,225.0
PCBL,3/4/2012,180.0,181.0,178.0,180.0,0.0,1518.0,275.9,225.0
PCBL,3/5/2012,180.0,182.0,180.0,180.0,0.0,1621.0,275.9,225.0
PCBL,3/6/2012,180.0,182.0,177.0,180.0,0.0,1199.0,275.9,225.0
PCBL,3/11/2012,180.0,181.0,175.0,177.0,-1.67,1233.0,275.9,225.0
PCBL,3/12/2012,177.0,179.0,177.0,177.0,0.0,2710.0,275.9,225.0
PCBL,3/13/2012,177.0,177.0,175.0,175.0,-1.13,1393.0,275.9,225.0
PCBL,3/14/2012,175.0,174.0,172.0,174.0,-0.57,1115.0,275.9,225.0
PCBL,3/15/2012,174.0,174.0,172.0,174.0,0.0,1410.0,275.9,225.0
PCBL,3/18/2012,174.0,175.0,170.0,172.0,-1.15,2153.0,275.9,225.0
PCBL,3/19/2012,172.0,172.0,168.0,170.0,-1.16,4344.0,275.9,225.0
PCBL,3/20/2012,170.0,172.0,168.0,170.0,0.0,1141.0,275.9,225.0
PCBL,3/21/2012,170.0,171.0,167.0,169.0,-0.59,1315.0,275.9,225.0
PCBL,3/25/2012,169.0,169.0,165.0,168.0,-0.59,774.0,275.9,225.0
PCBL,3/26/2012,168.0,166.0,164.0,164.0,-2.38,1256.0,275.9,225.0
PCBL,3/27/2012,164.0,166.0,161.0,162.0,-1.22,5684.0,275.9,225.0
PCBL,3/28/2012,162.0,165.0,161.0,163.0,0.62,4734.0,275.9,225.0
PCBL,3/29/2012,163.0,165.0,163.0,165.0,1.23,2119.0,275.9,225.0
PCBL,4/1/2012,165.0,169.0,160.0,160.0,-3.03,39275.0,275.9,225.0
PCBL,4/2/2012,160.0,170.0,163.0,170.0,6.25,1263.0,275.9,225.0
PCBL,4/3/2012,170.0,179.0,167.0,179.0,5.29,4305.0,275.9,225.0
PCBL,4/4/2012,179.0,181.0,174.0,174.0,-2.79,1872.0,275.9,225.0
PCBL,4/5/2012,174.0,175.0,173.0,174.0,0.0,3482.0,275.9,225.0
PCBL,4/8/2012,174.0,180.0,171.0,176.0,1.15,2104.0,275.9,225.0
PCBL,4/9/2012,176.0,182.0,176.0,178.0,1.14,1698.0,275.9,225.0
PCBL,4/10/2012,178.0,181.0,174.0,175.0,-1.69,3568.0,275.9,225.0
PCBL,4/11/2012,175.0,190.0,172.0,180.0,2.86,11983.0,275.9,225.0
PCBL,4/12/2012,180.0,194.0,180.0,192.0,6.67,19367.0,275.9,225.0
PCBL,4/15/2012,192.0,201.0,195.0,201.0,4.69,44.0,275.9,225.0
PCBL,4/16/2012,201.0,213.0,205.0,213.0,5.97,181.0,275.9,225.0
PCBL,4/17/2012,213.0,234.0,205.0,205.0,-3.76,12152.0,275.9,225.0
PCBL,4/18/2012,205.0,224.0,191.0,212.0,3.41,15402.0,275.9,225.0
PCBL,4/19/2012,212.0,227.0,216.0,222.0,4.72,13511.0,275.9,225.0
PCBL,4/22/2012,222.0,239.0,225.0,239.0,7.66,19147.0,275.9,225.0
PCBL,4/24/2012,239.0,262.0,243.0,262.0,9.62,2654.0,275.9,225.0
PCBL,4/25/2012,262.0,282.0,267.0,282.0,7.63,3933.0,275.9,225.0
PCBL,4/26/2012,282.0,302.0,265.0,298.0,5.67,35292.0,275.9,225.0
PCBL,4/29/2012,298.0,303.0,279.0,291.0,-2.35,21596.0,275.9,225.0
PCBL,4/30/2012,291.0,286.0,268.0,274.0,-5.84,11217.0,275.9,225.0
PCBL,5/2/2012,274.0,269.0,247.0,247.0,-9.85,5686.0,275.9,225.0
PCBL,5/3/2012,247.0,271.0,251.0,271.0,9.72,3630.0,275.9,225.0
PCBL,5/7/2012,271.0,298.0,276.0,298.0,9.96,6214.0,275.9,225.0
PCBL,5/8/2012,298.0,305.0,286.0,295.0,-1.01,21840.0,275.9,225.0
PCBL,5/9/2012,295.0,300.0,270.0,279.0,-5.42,17098.0,275.9,225.0
PCBL,5/10/2012,279.0,280.0,260.0,279.0,0.0,12655.0,275.9,225.0
PCBL,5/13/2012,279.0,274.0,274.0,274.0,-1.79,500.0,275.9,225.0
PCBL,5/14/2012,274.0,269.0,247.0,247.0,-9.85,2087.0,275.9,225.0
PCBL,5/15/2012,247.0,271.0,247.0,271.0,9.72,7867.0,275.9,225.0
PCBL,5/16/2012,271.0,298.0,276.0,298.0,9.96,12414.0,275.9,225.0
PCBL,5/17/2012,298.0,327.0,275.0,291.0,-2.35,25494.0,275.9,225.0
PCBL,5/20/2012,291.0,286.0,262.0,267.0,-8.25,25485.0,275.9,225.0
PCBL,5/21/2012,267.0,281.0,259.0,274.0,2.62,11633.0,275.9,225.0
PCBL,5/22/2012,274.0,274.0,251.0,268.0,-2.19,8756.0,275.9,225.0
PCBL,5/23/2012,268.0,263.0,242.0,245.0,-8.58,2189.0,275.9,225.0
PCBL,5/24/2012,245.0,269.0,233.0,269.0,9.8,10418.0,275.9,225.0
PCBL,5/27/2012,269.0,286.0,263.0,281.0,4.46,19862.0,275.9,225.0
PCBL,5/29/2012,281.0,276.0,253.0,253.0,-9.96,706.0,275.9,225.0
PCBL,5/30/2012,253.0,248.0,228.0,228.0,-9.88,1983.0,275.9,225.0
PCBL,5/31/2012,228.0,232.0,206.0,226.0,-0.88,27382.0,275.9,225.0
PCBL,6/3/2012,226.0,248.0,230.0,248.0,9.73,4418.0,275.9,225.0
PCBL,6/4/2012,248.0,252.0,235.0,243.0,-2.02,16911.0,275.9,225.0
PCBL,6/5/2012,243.0,239.0,225.0,234.0,-3.7,10471.0,275.9,225.0
PCBL,6/6/2012,234.0,230.0,220.0,230.0,-1.71,5159.0,275.9,225.0
PCBL,6/7/2012,230.0,243.0,226.0,229.0,-0.43,10002.0,275.9,225.0
PCBL,6/10/2012,229.0,233.0,218.0,220.0,-3.93,6992.0,275.9,225.0
PCBL,6/11/2012,220.0,236.0,224.0,227.0,3.18,5104.0,275.9,225.0
PCBL,6/12/2012,227.0,238.0,226.0,226.0,-0.44,6751.0,275.9,225.0
PCBL,6/13/2012,226.0,230.0,223.0,226.0,0.0,3572.0,275.9,225.0
PCBL,6/14/2012,226.0,230.0,221.0,223.0,-1.33,4205.0,275.9,225.0
PCBL,6/17/2012,223.0,223.0,213.0,218.0,-2.24,1873.0,275.9,225.0
PCBL,6/18/2012,218.0,227.0,218.0,223.0,2.29,1590.0,275.9,225.0
PCBL,6/19/2012,223.0,229.0,219.0,221.0,-0.9,3075.0,275.9,225.0
PCBL,6/20/2012,221.0,237.0,221.0,224.0,1.36,3280.0,275.9,225.0
PCBL,6/21/2012,224.0,232.0,227.0,232.0,3.57,6284.0,275.9,225.0
PCBL,6/25/2012,232.0,244.0,226.0,240.0,3.45,8785.0,275.9,225.0
PCBL,6/26/2012,240.0,236.0,228.0,230.0,-4.17,3148.0,275.9,225.0
PCBL,6/27/2012,230.0,237.0,226.0,235.0,2.17,10915.0,275.9,225.0
PCBL,6/28/2012,235.0,248.0,232.0,237.0,0.85,6827.0,275.9,225.0
PCBL,7/1/2012,237.0,241.0,226.0,241.0,1.69,7223.0,275.9,225.0
PCBL,7/2/2012,241.0,241.0,228.0,238.0,-1.24,2593.0,275.9,225.0
PCBL,7/3/2012,238.0,239.0,235.0,239.0,0.42,1835.0,275.9,225.0
PCBL,7/4/2012,239.0,242.0,239.0,240.0,0.42,2344.0,275.9,225.0
PCBL,7/5/2012,240.0,241.0,226.0,226.0,-5.83,7022.0,275.9,225.0
PCBL,7/8/2012,226.0,237.0,226.0,232.0,2.65,6083.0,275.9,225.0
PCBL,7/9/2012,232.0,238.0,231.0,236.0,1.72,4079.0,275.9,225.0
PCBL,7/10/2012,236.0,250.0,237.0,241.0,2.12,6784.0,275.9,225.0
PCBL,7/11/2012,241.0,244.0,235.0,238.0,-1.24,6298.0,275.9,225.0
PCBL,7/12/2012,238.0,238.0,235.0,238.0,0.0,4056.0,275.9,225.0
PCBL,7/15/2012,238.0,239.0,234.0,237.0,-0.42,1039.0,275.9,225.0
PCBL,7/16/2012,237.0,240.0,232.0,236.0,-0.42,2656.0,275.9,225.0
PCBL,7/17/2012,236.0,238.0,230.0,234.0,-0.85,2915.0,275.9,225.0
PCBL,7/18/2012,234.0,240.0,230.0,240.0,2.56,6786.0,275.9,225.0
PCBL,7/19/2012,240.0,248.0,236.0,240.0,0.0,8316.0,275.9,225.0
PCBL,7/22/2012,240.0,251.0,240.0,249.0,3.75,5575.0,275.9,225.0
PCBL,7/23/2012,249.0,256.0,246.0,252.0,1.2,7716.0,275.9,225.0
PCBL,7/24/2012,252.0,252.0,242.0,250.0,-0.79,3785.0,275.9,225.0
PCBL,7/25/2012,250.0,255.0,245.0,246.0,-1.6,8085.0,275.9,225.0
PCBL,7/26/2012,246.0,245.0,240.0,240.0,-2.44,4048.0,275.9,225.0
PCBL,7/29/2012,240.0,238.0,231.0,236.0,-1.67,2561.0,275.9,225.0
PCBL,7/30/2012,236.0,243.0,232.0,240.0,1.69,2747.0,275.9,225.0
PCBL,7/31/2012,240.0,243.0,236.0,238.0,-0.83,3132.0,275.9,225.0
PCBL,8/1/2012,238.0,241.0,234.0,240.0,0.84,3365.0,275.9,225.0
PCBL,8/5/2012,240.0,244.0,238.0,244.0,1.67,5470.0,275.9,225.0
PCBL,8/6/2012,244.0,245.0,242.0,243.0,-0.41,4655.0,275.9,225.0
PCBL,8/7/2012,243.0,248.0,240.0,240.0,-1.23,6247.0,275.9,225.0
PCBL,8/8/2012,240.0,241.0,235.0,235.0,-2.08,8064.0,275.9,225.0
PCBL,8/12/2012,235.0,237.0,230.0,233.0,-0.85,3922.0,275.9,225.0
PCBL,8/13/2012,233.0,235.0,229.0,235.0,0.86,2928.0,275.9,225.0
PCBL,8/14/2012,235.0,235.0,227.0,228.0,-2.98,4422.0,275.9,225.0
PCBL,8/15/2012,228.0,232.0,215.0,216.0,-5.26,8011.0,275.9,225.0
PCBL,8/16/2012,216.0,224.0,215.0,221.0,2.31,14866.0,275.9,225.0
PCBL,8/19/2012,221.0,227.0,219.0,227.0,2.71,3945.0,275.9,225.0
PCBL,8/21/2012,227.0,224.0,219.0,220.0,-3.08,2119.0,275.9,225.0
PCBL,8/22/2012,220.0,224.0,219.0,224.0,1.82,2134.0,275.9,225.0
PCBL,8/23/2012,224.0,225.0,219.0,223.0,-0.45,1722.0,275.9,225.0
PCBL,8/26/2012,223.0,225.0,217.0,219.0,-1.79,1864.0,275.9,225.0
PCBL,8/27/2012,219.0,228.0,220.0,223.0,1.83,2867.0,275.9,225.0
PCBL,8/28/2012,223.0,227.0,220.0,227.0,1.79,2560.0,275.9,225.0
PCBL,8/29/2012,227.0,228.0,220.0,228.0,0.44,2086.0,275.9,225.0
PCBL,8/30/2012,228.0,231.0,223.0,228.0,0.0,3757.0,275.9,225.0
PCBL,9/2/2012,228.0,235.0,227.0,234.0,2.63,4356.0,275.9,225.0
PCBL,9/3/2012,234.0,237.0,230.0,234.0,0.0,5631.0,275.9,225.0
PCBL,9/4/2012,234.0,234.0,228.0,230.0,-1.71,911.0,275.9,225.0
PCBL,9/5/2012,230.0,230.0,225.0,227.0,-1.3,5591.0,275.9,225.0
PCBL,9/6/2012,227.0,230.0,226.0,229.0,0.88,1489.0,275.9,225.0
PCBL,9/9/2012,229.0,228.0,221.0,227.0,-0.87,4519.0,275.9,225.0
PCBL,9/10/2012,227.0,229.0,222.0,228.0,0.44,2990.0,275.9,225.0
PCBL,9/11/2012,228.0,226.0,221.0,225.0,-1.32,6035.0,275.9,225.0
PCBL,9/12/2012,225.0,230.0,226.0,226.0,0.44,618.0,275.9,225.0
PCBL,9/13/2012,226.0,232.0,222.0,232.0,2.65,2842.0,275.9,225.0
PCBL,9/16/2012,232.0,233.0,230.0,230.0,-0.86,1606.0,275.9,225.0
PCBL,9/17/2012,230.0,231.0,226.0,231.0,0.43,1594.0,275.9,225.0
PCBL,9/18/2012,231.0,242.0,230.0,239.0,3.46,11492.0,275.9,225.0
PCBL,9/19/2012,239.0,238.0,233.0,233.0,-2.51,1125.0,275.9,225.0
PCBL,9/20/2012,233.0,235.0,226.0,226.0,-3.0,3514.0,275.9,225.0
PCBL,9/23/2012,226.0,222.0,214.0,219.0,-3.1,2306.0,275.9,225.0
PCBL,9/24/2012,219.0,217.0,215.0,215.0,-1.83,1101.0,275.9,225.0
PCBL,9/25/2012,215.0,218.0,216.0,217.0,0.93,3980.0,275.9,225.0
PCBL,9/26/2012,217.0,217.0,213.0,215.0,-0.92,2421.0,275.9,225.0
PCBL,9/30/2012,220.0,219.0,215.0,218.0,1.4,4672.0,275.9,225.0
PCBL,10/1/2012,218.0,222.0,215.0,222.0,1.83,3252.0,275.9,225.0
PCBL,10/2/2012,222.0,218.0,213.0,216.0,-2.7,3744.0,275.9,225.0
PCBL,10/3/2012,216.0,218.0,215.0,217.0,0.46,6488.0,275.9,225.0
PCBL,10/4/2012,217.0,221.0,215.0,221.0,1.84,7556.0,275.9,225.0
PCBL,10/7/2012,221.0,225.0,220.0,224.0,1.36,2256.0,275.9,225.0
PCBL,10/8/2012,224.0,226.0,221.0,221.0,-1.34,3693.0,275.9,225.0
PCBL,10/9/2012,221.0,228.0,221.0,223.0,0.9,3918.0,275.9,225.0
PCBL,10/10/2012,223.0,223.0,221.0,221.0,-0.9,537.0,275.9,225.0
PCBL,10/11/2012,221.0,223.0,220.0,222.0,0.45,1470.0,275.9,225.0
PCBL,10/14/2012,222.0,224.0,221.0,222.0,0.0,610.0,275.9,225.0
PCBL,10/15/2012,222.0,224.0,221.0,224.0,0.9,1563.0,275.9,225.0
PCBL,10/17/2012,224.0,231.0,225.0,231.0,3.12,1879.0,275.9,225.0
PCBL,10/18/2012,231.0,230.0,227.0,230.0,-0.43,2739.0,275.9,225.0
PCBL,10/30/2012,230.0,240.0,234.0,240.0,4.35,1296.0,275.9,225.0
PCBL,10/31/2012,240.0,249.0,238.0,248.0,3.33,10910.0,275.9,225.0
PCBL,11/1/2012,248.0,246.0,236.0,243.0,-2.02,6066.0,275.9,225.0
PCBL,11/4/2012,243.0,248.0,241.0,247.0,1.65,4524.0,275.9,225.0
PCBL,11/5/2012,247.0,259.0,247.0,255.0,3.24,11795.0,275.9,225.0
PCBL,11/6/2012,255.0,259.0,250.0,252.0,-1.18,7758.0,275.9,225.0
PCBL,11/7/2012,252.0,267.0,255.0,265.0,5.16,17565.0,275.9,225.0
PCBL,11/8/2012,265.0,283.0,261.0,264.0,-0.38,9366.0,275.9,225.0
PCBL,11/11/2012,264.0,265.0,248.0,257.0,-2.65,8683.0,275.9,225.0
PCBL,11/12/2012,257.0,263.0,252.0,263.0,2.33,18685.0,275.9,225.0
PCBL,11/18/2012,263.0,275.0,259.0,270.0,2.66,13257.0,275.9,225.0
PCBL,11/20/2012,270.0,297.0,275.0,286.0,5.93,15877.0,275.9,225.0
PCBL,11/21/2012,286.0,286.0,261.0,280.0,-2.1,19713.0,275.9,225.0
PCBL,11/22/2012,280.0,281.0,270.0,275.0,-1.79,20800.0,275.9,225.0
PCBL,11/25/2012,275.0,290.0,277.0,278.0,1.09,10716.0,275.9,225.0
PCBL,11/26/2012,278.0,281.0,270.0,280.0,0.72,12896.0,275.9,225.0
PCBL,11/27/2012,280.0,279.0,270.0,272.0,-2.86,13333.0,275.9,225.0
PCBL,11/28/2012,272.0,281.0,268.0,277.0,1.84,15555.0,275.9,225.0
PCBL,11/29/2012,277.0,281.0,268.0,272.0,-1.81,12612.0,275.9,225.0
PCBL,12/2/2012,272.0,275.0,266.0,268.0,-1.47,29836.0,275.9,225.0
PCBL,12/3/2012,268.0,265.0,250.0,251.0,-6.34,691.0,275.9,225.0
PCBL,12/4/2012,251.0,271.0,255.0,265.0,5.58,4240.0,275.9,225.0
PCBL,12/5/2012,265.0,285.0,268.0,285.0,7.55,5457.0,275.9,225.0
PCBL,12/6/2012,285.0,285.0,270.0,279.0,-2.11,3435.0,275.9,225.0
PCBL,12/9/2012,279.0,275.0,275.0,275.0,-1.43,12.0,275.9,225.0
PCBL,12/10/2012,275.0,271.0,260.0,270.0,-1.82,4073.0,275.9,225.0
PCBL,12/11/2012,270.0,275.0,268.0,275.0,1.85,1596.0,275.9,225.0
PCBL,12/12/2012,275.0,281.0,270.0,280.0,1.82,1971.0,275.9,225.0
PCBL,12/13/2012,280.0,280.0,272.0,276.0,-1.43,2281.0,275.9,225.0
PCBL,12/16/2012,276.0,295.0,281.0,295.0,6.88,2004.0,275.9,225.0
PCBL,12/17/2012,295.0,316.0,300.0,316.0,7.12,8903.0,275.9,225.0
PCBL,12/18/2012,316.0,311.0,298.0,311.0,-1.58,9663.0,275.9,225.0
PCBL,12/19/2012,311.0,324.0,310.0,316.0,1.61,17008.0,275.9,225.0
PCBL,12/20/2012,316.0,322.0,311.0,316.0,0.0,8974.0,275.9,225.0
PCBL,12/23/2012,316.0,324.0,314.0,320.0,1.27,10475.0,275.9,225.0
PCBL,12/24/2012,320.0,331.0,316.0,330.0,3.12,8417.0,275.9,225.0
PCBL,12/26/2012,330.0,343.0,330.0,340.0,3.03,6725.0,275.9,225.0
PCBL,12/27/2012,340.0,350.0,340.0,341.0,0.29,4073.0,275.9,225.0
PCBL,12/31/2012,341.0,341.0,322.0,330.0,-3.23,2927.0,275.9,225.0
PCBL,1/1/2013,330.0,328.0,316.0,320.0,-3.03,6060.0,275.9,225.0
PCBL,1/2/2013,320.0,326.0,308.0,326.0,1.88,3203.0,275.9,225.0
PCBL,1/3/2013,326.0,328.0,321.0,321.0,-1.53,3024.0,275.9,225.0
PCBL,1/6/2013,321.0,322.0,316.0,316.0,-1.56,1989.0,275.9,225.0
PCBL,1/7/2013,316.0,316.0,308.0,313.0,-0.95,5259.0,275.9,225.0
PCBL,1/8/2013,313.0,317.0,303.0,304.0,-2.88,7013.0,275.9,225.0
PCBL,1/9/2013,304.0,308.0,300.0,303.0,-0.33,6159.0,275.9,225.0
PCBL,1/10/2013,303.0,318.0,299.0,318.0,4.95,7575.0,275.9,225.0
PCBL,1/13/2013,318.0,315.0,303.0,314.0,-1.26,4150.0,275.9,225.0
PCBL,1/15/2013,314.0,315.0,309.0,311.0,-0.96,5069.0,275.9,225.0
PCBL,1/16/2013,311.0,312.0,304.0,308.0,-0.96,6289.0,275.9,225.0
PCBL,1/17/2013,308.0,309.0,301.0,302.0,-1.95,6365.0,275.9,225.0
PCBL,1/20/2013,302.0,297.0,288.0,290.0,-3.97,1903.0,275.9,225.0
PCBL,1/21/2013,290.0,308.0,287.0,300.0,3.45,8660.0,275.9,225.0
PCBL,1/22/2013,300.0,312.0,298.0,309.0,3.0,12295.0,275.9,225.0
PCBL,1/23/2013,309.0,315.0,305.0,305.0,-1.29,2130.0,275.9,225.0
PCBL,1/24/2013,305.0,310.0,300.0,305.0,0.0,5475.0,275.9,225.0
PCBL,1/27/2013,305.0,315.0,305.0,309.0,1.31,3314.0,275.9,225.0
PCBL,1/28/2013,309.0,306.0,299.0,303.0,-1.94,5094.0,275.9,225.0
PCBL,1/30/2013,303.0,303.0,298.0,298.0,-1.65,3817.0,275.9,225.0
PCBL,1/31/2013,298.0,302.0,297.0,302.0,1.34,2991.0,275.9,225.0
PCBL,2/3/2013,302.0,319.0,303.0,307.0,1.66,13118.0,275.9,225.0
PCBL,2/4/2013,307.0,312.0,306.0,307.0,0.0,3632.0,275.9,225.0
PCBL,2/5/2013,307.0,307.0,301.0,304.0,-0.98,8536.0,275.9,225.0
PCBL,2/6/2013,304.0,307.0,300.0,300.0,-1.32,11429.0,275.9,225.0
PCBL,2/7/2013,300.0,303.0,298.0,301.0,0.33,13026.0,275.9,225.0
PCBL,2/10/2013,301.0,307.0,299.0,302.0,0.33,9966.0,275.9,225.0
PCBL,2/12/2013,302.0,323.0,300.0,323.0,6.95,24486.0,275.9,225.0
PCBL,2/13/2013,323.0,319.0,310.0,316.0,-2.17,9109.0,275.9,225.0
PCBL,2/14/2013,316.0,322.0,310.0,318.0,0.63,11927.0,275.9,225.0
PCBL,2/17/2013,318.0,349.0,324.0,344.0,8.18,4861.0,275.9,225.0
PCBL,2/19/2013,344.0,371.0,325.0,340.0,-1.16,28061.0,275.9,225.0
PCBL,2/20/2013,340.0,334.0,320.0,327.0,-3.82,25992.0,275.9,225.0
PCBL,2/21/2013,327.0,339.0,317.0,330.0,0.92,15045.0,275.9,225.0
PCBL,2/24/2013,330.0,331.0,317.0,331.0,0.3,6371.0,275.9,225.0
PCBL,2/25/2013,331.0,341.0,327.0,335.0,1.21,19077.0,275.9,225.0
PCBL,2/26/2013,335.0,345.0,329.0,335.0,0.0,17762.0,275.9,225.0
PCBL,2/27/2013,335.0,332.0,321.0,326.0,-2.69,12342.0,275.9,225.0
PCBL,2/28/2013,326.0,335.0,322.0,334.0,2.45,10867.0,275.9,225.0
PCBL,3/3/2013,334.0,335.0,330.0,335.0,0.3,4833.0,275.9,225.0
PCBL,3/4/2013,335.0,338.0,329.0,333.0,-0.6,7891.0,275.9,225.0
PCBL,3/5/2013,333.0,330.0,325.0,329.0,-1.2,11010.0,275.9,225.0
PCBL,3/6/2013,329.0,346.0,325.0,346.0,5.17,6848.0,275.9,225.0
PCBL,3/7/2013,346.0,340.0,329.0,330.0,-4.62,7777.0,275.9,225.0
PCBL,3/11/2013,330.0,336.0,326.0,333.0,0.91,3594.0,275.9,225.0
PCBL,3/13/2013,333.0,342.0,333.0,342.0,2.7,11684.0,275.9,225.0
PCBL,3/14/2013,342.0,360.0,339.0,342.0,0.0,33395.0,275.9,225.0
PCBL,3/17/2013,342.0,345.0,330.0,332.0,-2.92,9770.0,275.9,225.0
PCBL,3/18/2013,332.0,336.0,325.0,325.0,-2.11,12097.0,275.9,225.0
PCBL,3/19/2013,325.0,335.0,325.0,330.0,1.54,6973.0,275.9,225.0
PCBL,3/20/2013,330.0,330.0,325.0,326.0,-1.21,8547.0,275.9,225.0
PCBL,3/21/2013,326.0,328.0,320.0,326.0,0.0,8066.0,275.9,225.0
PCBL,3/24/2013,326.0,326.0,319.0,321.0,-1.53,11006.0,275.9,225.0
PCBL,3/25/2013,321.0,328.0,311.0,326.0,1.56,6655.0,275.9,225.0
PCBL,3/27/2013,326.0,326.0,318.0,326.0,0.0,4575.0,275.9,225.0
PCBL,3/28/2013,326.0,326.0,315.0,321.0,-1.53,25160.0,275.9,225.0
PCBL,3/31/2013,321.0,318.0,310.0,317.0,-1.25,7782.0,275.9,225.0
PCBL,4/1/2013,317.0,324.0,307.0,320.0,0.95,5018.0,275.9,225.0
PCBL,4/2/2013,320.0,325.0,316.0,323.0,0.94,10349.0,275.9,225.0
PCBL,4/3/2013,323.0,330.0,317.0,324.0,0.31,8046.0,275.9,225.0
PCBL,4/4/2013,324.0,324.0,320.0,323.0,-0.31,3460.0,275.9,225.0
PCBL,4/7/2013,323.0,327.0,320.0,327.0,1.24,4032.0,275.9,225.0
PCBL,4/8/2013,327.0,333.0,324.0,327.0,0.0,7204.0,275.9,225.0
PCBL,4/9/2013,327.0,332.0,323.0,327.0,0.0,5348.0,275.9,225.0
PCBL,4/11/2013,327.0,336.0,330.0,332.0,1.53,10361.0,275.9,225.0
PCBL,4/15/2013,332.0,335.0,330.0,333.0,0.3,9072.0,275.9,225.0
PCBL,4/16/2013,333.0,331.0,326.0,328.0,-1.5,3414.0,275.9,225.0
PCBL,4/17/2013,328.0,328.0,325.0,326.0,-0.61,2034.0,275.9,225.0
PCBL,4/18/2013,326.0,328.0,325.0,327.0,0.31,2769.0,275.9,225.0
PCBL,4/21/2013,327.0,323.0,319.0,320.0,-2.14,5309.0,275.9,225.0
PCBL,4/22/2013,320.0,316.0,300.0,312.0,-2.5,15800.0,275.9,225.0
PCBL,4/23/2013,312.0,328.0,311.0,318.0,1.92,6437.0,275.9,225.0
PCBL,4/25/2013,318.0,318.0,314.0,316.0,-0.63,2688.0,275.9,225.0
PCBL,4/28/2013,316.0,311.0,305.0,308.0,-2.53,3636.0,275.9,225.0
PCBL,4/29/2013,308.0,315.0,303.0,315.0,2.27,4169.0,275.9,225.0
PCBL,4/30/2013,315.0,312.0,307.0,312.0,-0.95,6727.0,275.9,225.0
PCBL,5/2/2013,312.0,310.0,305.0,306.0,-1.92,10963.0,275.9,225.0
PCBL,5/5/2013,306.0,323.0,311.0,315.0,2.94,14952.0,275.9,225.0
PCBL,5/6/2013,315.0,318.0,307.0,316.0,0.32,16449.0,275.9,225.0
PCBL,5/7/2013,316.0,335.0,316.0,330.0,4.43,35177.0,275.9,225.0
PCBL,5/8/2013,330.0,330.0,324.0,325.0,-1.52,7839.0,275.9,225.0
PCBL,5/9/2013,325.0,328.0,321.0,323.0,-0.62,7594.0,275.9,225.0
PCBL,5/12/2013,323.0,328.0,323.0,323.0,0.0,4706.0,275.9,225.0
PCBL,5/13/2013,323.0,329.0,320.0,325.0,0.62,5461.0,275.9,225.0
PCBL,5/14/2013,325.0,330.0,324.0,330.0,1.54,6911.0,275.9,225.0
PCBL,5/15/2013,330.0,343.0,333.0,336.0,1.82,13470.0,275.9,225.0
PCBL,5/16/2013,336.0,339.0,334.0,337.0,0.3,7832.0,275.9,225.0
PCBL,5/19/2013,337.0,335.0,330.0,332.0,-1.48,2647.0,275.9,225.0
PCBL,5/20/2013,332.0,337.0,327.0,332.0,0.0,4581.0,275.9,225.0
PCBL,5/21/2013,332.0,333.0,330.0,331.0,-0.3,2483.0,275.9,225.0
PCBL,5/22/2013,331.0,333.0,330.0,333.0,0.6,5726.0,275.9,225.0
PCBL,5/23/2013,333.0,333.0,326.0,332.0,-0.3,2480.0,275.9,225.0
PCBL,5/26/2013,332.0,332.0,330.0,331.0,-0.3,2080.0,275.9,225.0
PCBL,5/27/2013,331.0,333.0,329.0,333.0,0.6,5766.0,275.9,225.0
PCBL,5/28/2013,333.0,333.0,330.0,330.0,-0.9,3663.0,275.9,225.0
PCBL,5/30/2013,330.0,330.0,328.0,330.0,0.0,3371.0,275.9,225.0
PCBL,6/2/2013,330.0,329.0,320.0,324.0,-1.82,4169.0,275.9,225.0
PCBL,6/3/2013,324.0,329.0,324.0,327.0,0.93,5517.0,275.9,225.0
PCBL,6/4/2013,327.0,327.0,322.0,324.0,-0.92,8058.0,275.9,225.0
PCBL,6/5/2013,324.0,327.0,322.0,327.0,0.93,3317.0,275.9,225.0
PCBL,6/6/2013,327.0,329.0,325.0,328.0,0.31,2843.0,275.9,225.0
PCBL,6/9/2013,328.0,328.0,323.0,326.0,-0.61,3687.0,275.9,225.0
PCBL,6/10/2013,326.0,327.0,321.0,326.0,0.0,5455.0,275.9,225.0
PCBL,6/11/2013,326.0,329.0,323.0,325.0,-0.31,3526.0,275.9,225.0
PCBL,6/12/2013,325.0,328.0,321.0,324.0,-0.31,4407.0,275.9,225.0
PCBL,6/13/2013,324.0,326.0,320.0,325.0,0.31,3445.0,275.9,225.0
PCBL,6/16/2013,325.0,330.0,324.0,326.0,0.31,3632.0,275.9,225.0
PCBL,6/17/2013,326.0,325.0,320.0,321.0,-1.53,5602.0,275.9,225.0
PCBL,6/18/2013,321.0,320.0,318.0,318.0,-0.93,2175.0,275.9,225.0
PCBL,6/19/2013,318.0,318.0,315.0,315.0,-0.94,3335.0,275.9,225.0
PCBL,6/20/2013,315.0,318.0,314.0,315.0,0.0,4827.0,275.9,225.0
PCBL,6/23/2013,315.0,319.0,308.0,314.0,-0.32,4344.0,275.9,225.0
PCBL,6/24/2013,314.0,326.0,311.0,326.0,3.82,8810.0,275.9,225.0
PCBL,6/25/2013,326.0,327.0,316.0,324.0,-0.61,3378.0,275.9,225.0
PCBL,6/26/2013,324.0,333.0,325.0,333.0,2.78,6543.0,275.9,225.0
PCBL,6/27/2013,333.0,330.0,316.0,326.0,-2.1,4261.0,275.9,225.0
PCBL,6/30/2013,326.0,320.0,314.0,316.0,-3.07,6256.0,275.9,225.0
PCBL,7/1/2013,316.0,321.0,316.0,317.0,0.32,3311.0,275.9,225.0
PCBL,7/2/2013,317.0,320.0,312.0,318.0,0.32,4916.0,275.9,225.0
PCBL,7/3/2013,318.0,318.0,313.0,316.0,-0.63,4728.0,275.9,225.0
PCBL,7/4/2013,316.0,320.0,315.0,320.0,1.27,5483.0,275.9,225.0
PCBL,7/7/2013,320.0,322.0,316.0,321.0,0.31,5363.0,275.9,225.0
PCBL,7/8/2013,321.0,326.0,320.0,325.0,1.25,1900.0,275.9,225.0
PCBL,7/9/2013,325.0,333.0,315.0,325.0,0.0,6935.0,275.9,225.0
PCBL,7/10/2013,325.0,332.0,325.0,329.0,1.23,4417.0,275.9,225.0
PCBL,7/11/2013,329.0,325.0,320.0,320.0,-2.74,12008.0,275.9,225.0
PCBL,7/14/2013,320.0,326.0,319.0,324.0,1.25,6196.0,275.9,225.0
PCBL,7/15/2013,324.0,326.0,324.0,324.0,0.0,2053.0,275.9,225.0
PCBL,7/16/2013,324.0,330.0,318.0,322.0,-0.62,3749.0,275.9,225.0
PCBL,7/17/2013,322.0,324.0,320.0,320.0,-0.62,3699.0,275.9,225.0
PCBL,7/18/2013,320.0,328.0,321.0,325.0,1.56,7222.0,275.9,225.0
PCBL,7/21/2013,325.0,337.0,320.0,330.0,1.54,16274.0,275.9,225.0
PCBL,7/22/2013,330.0,335.0,323.0,324.0,-1.82,10889.0,275.9,225.0
PCBL,7/23/2013,324.0,325.0,319.0,321.0,-0.93,7425.0,275.9,225.0
PCBL,7/24/2013,321.0,322.0,318.0,321.0,0.0,4345.0,275.9,225.0
PCBL,7/25/2013,321.0,320.0,317.0,320.0,-0.31,4832.0,275.9,225.0
PCBL,7/28/2013,320.0,320.0,317.0,320.0,0.0,5868.0,275.9,225.0
PCBL,7/29/2013,320.0,322.0,315.0,319.0,-0.31,8073.0,275.9,225.0
PCBL,7/30/2013,319.0,325.0,317.0,319.0,0.0,7273.0,275.9,225.0
PCBL,7/31/2013,319.0,325.0,317.0,319.0,0.0,12419.0,275.9,225.0
PCBL,8/1/2013,319.0,322.0,315.0,318.0,-0.31,8308.0,275.9,225.0
PCBL,8/4/2013,318.0,321.0,317.0,319.0,0.31,11569.0,275.9,225.0
PCBL,8/5/2013,319.0,328.0,318.0,319.0,0.0,11916.0,275.9,225.0
PCBL,8/6/2013,319.0,321.0,307.0,319.0,0.0,6575.0,275.9,225.0
PCBL,8/7/2013,319.0,320.0,312.0,312.0,-2.19,1500.0,275.9,225.0
PCBL,8/8/2013,312.0,316.0,311.0,315.0,0.96,6887.0,275.9,225.0
PCBL,8/11/2013,315.0,314.0,308.0,314.0,-0.32,4229.0,275.9,225.0
PCBL,8/12/2013,314.0,315.0,309.0,310.0,-1.27,6053.0,275.9,225.0
PCBL,8/13/2013,310.0,316.0,310.0,311.0,0.32,4361.0,275.9,225.0
PCBL,8/14/2013,311.0,317.0,306.0,307.0,-1.29,3129.0,275.9,225.0
PCBL,8/15/2013,307.0,312.0,306.0,309.0,0.65,6631.0,275.9,225.0
PCBL,8/18/2013,309.0,314.0,307.0,311.0,0.65,3010.0,275.9,225.0
PCBL,8/19/2013,311.0,315.0,307.0,312.0,0.32,3891.0,275.9,225.0
PCBL,8/20/2013,312.0,322.0,315.0,317.0,1.6,3050.0,275.9,225.0
PCBL,8/25/2013,317.0,318.0,308.0,313.0,-1.26,4637.0,275.9,225.0
PCBL,8/26/2013,313.0,313.0,307.0,309.0,-1.28,2842.0,275.9,225.0
PCBL,8/27/2013,309.0,317.0,309.0,313.0,1.29,5395.0,275.9,225.0
PCBL,8/29/2013,313.0,317.0,308.0,311.0,-0.64,906.0,275.9,225.0
PCBL,9/1/2013,311.0,312.0,304.0,308.0,-0.96,3215.0,275.9,225.0
PCBL,9/2/2013,308.0,308.0,304.0,307.0,-0.32,10437.0,275.9,225.0
PCBL,9/3/2013,307.0,310.0,300.0,307.0,0.0,6387.0,275.9,225.0
PCBL,9/4/2013,307.0,311.0,300.0,303.0,-1.3,7048.0,275.9,225.0
PCBL,9/5/2013,303.0,305.0,298.0,301.0,-0.66,11176.0,275.9,225.0
PCBL,9/8/2013,301.0,310.0,300.0,310.0,2.99,1941.0,275.9,225.0
PCBL,9/9/2013,310.0,308.0,303.0,305.0,-1.61,3257.0,275.9,225.0
PCBL,9/10/2013,305.0,306.0,301.0,301.0,-1.31,4262.0,275.9,225.0
PCBL,9/11/2013,301.0,301.0,300.0,301.0,0.0,917.0,275.9,225.0
PCBL,9/12/2013,301.0,300.0,295.0,300.0,-0.33,1518.0,275.9,225.0
PCBL,9/15/2013,300.0,298.0,290.0,293.0,-2.33,8308.0,275.9,225.0
PCBL,9/16/2013,293.0,295.0,288.0,295.0,0.68,2293.0,275.9,225.0
PCBL,9/17/2013,295.0,295.0,286.0,290.0,-1.69,5069.0,275.9,225.0
PCBL,9/19/2013,290.0,289.0,283.0,286.0,-1.38,3251.0,275.9,225.0
PCBL,9/22/2013,286.0,288.0,281.0,283.0,-1.05,2186.0,275.9,225.0
PCBL,9/23/2013,283.0,280.0,275.0,278.0,-1.77,4163.0,275.9,225.0
PCBL,9/24/2013,278.0,288.0,274.0,284.0,2.16,3252.0,275.9,225.0
PCBL,9/25/2013,284.0,289.0,280.0,289.0,1.76,2123.0,275.9,225.0
PCBL,9/26/2013,289.0,290.0,280.0,283.0,-2.08,10284.0,275.9,225.0
PCBL,9/29/2013,283.0,281.0,279.0,280.0,-1.06,2739.0,275.9,225.0
PCBL,9/30/2013,280.0,287.0,276.0,285.0,1.79,4618.0,275.9,225.0
PCBL,10/1/2013,285.0,300.0,289.0,292.0,2.46,3452.0,275.9,225.0
PCBL,10/2/2013,292.0,310.0,295.0,305.0,4.45,18910.0,275.9,225.0
PCBL,10/3/2013,305.0,303.0,300.0,300.0,-1.64,3985.0,275.9,225.0
PCBL,10/6/2013,300.0,330.0,306.0,329.0,9.67,41984.0,275.9,225.0
PCBL,10/7/2013,329.0,330.0,313.0,317.0,-3.65,12132.0,275.9,225.0
PCBL,10/8/2013,317.0,320.0,315.0,320.0,0.95,11206.0,275.9,225.0
PCBL,10/9/2013,320.0,321.0,319.0,320.0,0.0,7122.0,275.9,225.0
PCBL,10/10/2013,320.0,330.0,320.0,323.0,0.94,4308.0,275.9,225.0
PCBL,10/17/2013,323.0,328.0,320.0,327.0,1.24,1457.0,275.9,225.0
PCBL,10/20/2013,327.0,338.0,330.0,333.0,1.83,7730.0,275.9,225.0
PCBL,10/21/2013,333.0,344.0,328.0,330.0,-0.9,10021.0,275.9,225.0
PCBL,10/22/2013,330.0,330.0,327.0,329.0,-0.3,8644.0,275.9,225.0
PCBL,10/23/2013,329.0,330.0,326.0,326.0,-0.91,4472.0,275.9,225.0
PCBL,10/24/2013,326.0,325.0,320.0,322.0,-1.23,8744.0,275.9,225.0
PCBL,10/27/2013,322.0,326.0,315.0,318.0,-1.24,2081.0,275.9,225.0
PCBL,10/28/2013,318.0,321.0,317.0,319.0,0.31,5102.0,275.9,225.0
PCBL,10/29/2013,319.0,323.0,317.0,320.0,0.31,4059.0,275.9,225.0
PCBL,10/30/2013,320.0,325.0,315.0,325.0,1.56,3446.0,275.9,225.0
PCBL,10/31/2013,325.0,328.0,321.0,326.0,0.31,7876.0,275.9,225.0
PCBL,11/6/2013,326.0,321.0,320.0,320.0,-1.84,1766.0,275.9,225.0
PCBL,11/7/2013,320.0,328.0,317.0,322.0,0.63,2452.0,275.9,225.0
PCBL,11/10/2013,322.0,322.0,317.0,320.0,-0.62,7536.0,275.9,225.0
PCBL,11/11/2013,320.0,331.0,320.0,331.0,3.44,7133.0,275.9,225.0
PCBL,11/12/2013,331.0,348.0,330.0,333.0,0.6,12550.0,275.9,225.0
PCBL,11/13/2013,333.0,346.0,336.0,337.0,1.2,16466.0,275.9,225.0
PCBL,11/14/2013,337.0,343.0,334.0,339.0,0.59,16857.0,275.9,225.0
PCBL,11/21/2013,339.0,372.0,345.0,372.0,9.73,763.0,275.9,225.0
PCBL,11/24/2013,372.0,409.0,372.0,389.0,4.57,28984.0,275.9,225.0
PCBL,11/25/2013,389.0,396.0,368.0,370.0,-4.88,19643.0,275.9,225.0
PCBL,11/26/2013,370.0,400.0,370.0,378.0,2.16,6692.0,275.9,225.0
PCBL,11/27/2013,378.0,385.0,375.0,378.0,0.0,15743.0,275.9,225.0
PCBL,11/28/2013,378.0,380.0,372.0,376.0,-0.53,9139.0,275.9,225.0
PCBL,12/1/2013,376.0,380.0,369.0,380.0,1.06,14470.0,275.9,225.0
PCBL,12/2/2013,380.0,387.0,380.0,384.0,1.05,10918.0,275.9,225.0
PCBL,12/3/2013,384.0,402.0,389.0,400.0,4.17,20644.0,275.9,225.0
PCBL,12/4/2013,400.0,438.0,400.0,427.0,6.75,17174.0,275.9,225.0
PCBL,12/5/2013,427.0,455.0,411.0,420.0,-1.64,18580.0,275.9,225.0
PCBL,12/8/2013,420.0,435.0,420.0,429.0,2.14,15294.0,275.9,225.0
PCBL,12/9/2013,429.0,440.0,426.0,439.0,2.33,15588.0,275.9,225.0
PCBL,12/10/2013,439.0,442.0,430.0,431.0,-1.82,15234.0,275.9,225.0
PCBL,12/11/2013,431.0,458.0,435.0,443.0,2.78,13992.0,275.9,225.0
PCBL,12/12/2013,443.0,460.0,440.0,460.0,3.84,28492.0,275.9,225.0
PCBL,12/15/2013,460.0,506.0,455.0,500.0,8.7,17144.0,275.9,225.0
PCBL,12/16/2013,500.0,550.0,510.0,550.0,10.0,10690.0,275.9,225.0
PCBL,12/18/2013,550.0,585.0,561.0,574.0,4.36,16234.0,275.9,225.0
PCBL,12/19/2013,574.0,585.0,517.0,575.0,0.17,29579.0,275.9,225.0
PCBL,12/22/2013,580.0,579.0,545.0,567.0,-1.39,32479.0,275.9,225.0
PCBL,12/23/2013,535.0,550.0,520.0,520.0,-8.29,20130.0,275.9,225.0
PCBL,12/24/2013,520.0,542.0,477.0,522.0,0.38,31114.0,275.9,225.0
PCBL,12/26/2013,520.0,552.0,520.0,530.0,1.53,60170.0,275.9,225.0
PCBL,12/29/2013,530.0,513.0,475.0,500.0,-5.66,11478.0,275.9,225.0
PCBL,12/31/2013,500.0,500.0,487.0,487.0,-2.6,6967.0,275.9,225.0
PCBL,1/1/2014,487.0,478.0,456.0,465.0,-4.52,4201.0,275.9,225.0
PCBL,1/2/2014,465.0,499.0,450.0,492.0,5.81,7710.0,275.9,225.0
PCBL,1/5/2014,492.0,491.0,485.0,485.0,-1.42,3156.0,275.9,225.0
PCBL,1/6/2014,485.0,486.0,472.0,481.0,-0.82,979.0,275.9,225.0
PCBL,1/7/2014,481.0,490.0,478.0,485.0,0.83,3730.0,275.9,225.0
PCBL,1/8/2014,485.0,500.0,486.0,486.0,0.21,5311.0,275.9,225.0
PCBL,1/9/2014,486.0,492.0,481.0,485.0,-0.21,2703.0,275.9,225.0
PCBL,1/12/2014,485.0,505.0,492.0,505.0,4.12,7572.0,275.9,225.0
PCBL,1/13/2014,505.0,508.0,495.0,496.0,-1.78,1820.0,275.9,225.0
PCBL,1/14/2014,496.0,515.0,495.0,508.0,2.42,7461.0,275.9,225.0
PCBL,1/16/2014,508.0,515.0,503.0,505.0,-0.59,6419.0,275.9,225.0
PCBL,1/19/2014,505.0,504.0,496.0,504.0,-0.2,5196.0,275.9,225.0
PCBL,1/20/2014,504.0,500.0,490.0,490.0,-2.78,6269.0,275.9,225.0
PCBL,1/21/2014,490.0,499.0,481.0,499.0,1.84,3100.0,275.9,225.0
PCBL,1/22/2014,499.0,500.0,490.0,491.0,-1.6,5512.0,275.9,225.0
PCBL,1/23/2014,491.0,494.0,482.0,486.0,-1.02,2141.0,275.9,225.0
PCBL,1/26/2014,486.0,490.0,480.0,480.0,-1.23,3985.0,275.9,225.0
PCBL,1/27/2014,480.0,482.0,472.0,477.0,-0.62,3254.0,275.9,225.0
PCBL,1/28/2014,477.0,489.0,465.0,481.0,0.84,3605.0,275.9,225.0
PCBL,1/29/2014,481.0,484.0,472.0,475.0,-1.25,6037.0,275.9,225.0
PCBL,2/2/2014,475.0,475.0,460.0,467.0,-1.68,5732.0,275.9,225.0
PCBL,2/3/2014,467.0,472.0,460.0,469.0,0.43,4270.0,275.9,225.0
PCBL,2/4/2014,469.0,485.0,451.0,472.0,0.64,5060.0,275.9,225.0
PCBL,2/6/2014,485.0,490.0,480.0,490.0,3.81,5236.0,275.9,225.0
PCBL,2/9/2014,490.0,485.0,475.0,478.0,-2.45,3312.0,275.9,225.0
PCBL,2/10/2014,478.0,522.0,487.0,505.0,5.65,7135.0,275.9,225.0
PCBL,2/11/2014,505.0,500.0,490.0,494.0,-2.18,3646.0,275.9,225.0
PCBL,2/12/2014,494.0,508.0,487.0,499.0,1.01,6594.0,275.9,225.0
PCBL,2/13/2014,499.0,515.0,498.0,505.0,1.2,10242.0,275.9,225.0
PCBL,2/16/2014,505.0,504.0,492.0,500.0,-0.99,4209.0,275.9,225.0
PCBL,2/17/2014,500.0,508.0,496.0,503.0,0.6,5714.0,275.9,225.0
PCBL,2/18/2014,503.0,505.0,498.0,499.0,-0.8,8560.0,275.9,225.0
PCBL,2/20/2014,499.0,525.0,505.0,510.0,2.2,6062.0,275.9,225.0
PCBL,2/23/2014,510.0,535.0,514.0,519.0,1.76,7141.0,275.9,225.0
PCBL,2/24/2014,519.0,539.0,509.0,509.0,-1.93,6313.0,275.9,225.0
PCBL,2/25/2014,509.0,515.0,500.0,510.0,0.2,8077.0,275.9,225.0
PCBL,2/26/2014,510.0,522.0,500.0,505.0,-0.98,7776.0,275.9,225.0
PCBL,3/3/2014,505.0,495.0,485.0,488.0,-3.37,5836.0,275.9,225.0
PCBL,3/4/2014,488.0,487.0,463.0,484.0,-0.82,5802.0,275.9,225.0
PCBL,3/5/2014,484.0,497.0,477.0,477.0,-1.45,5654.0,275.9,225.0
PCBL,3/6/2014,477.0,490.0,470.0,478.0,0.21,4103.0,275.9,225.0
PCBL,3/9/2014,478.0,477.0,465.0,470.0,-1.67,4508.0,275.9,225.0
PCBL,3/10/2014,470.0,478.0,462.0,468.0,-0.43,4114.0,275.9,225.0
PCBL,3/11/2014,468.0,469.0,460.0,462.0,-1.28,4667.0,275.9,225.0
PCBL,3/12/2014,462.0,461.0,450.0,461.0,-0.22,4886.0,275.9,225.0
PCBL,3/13/2014,461.0,475.0,460.0,467.0,1.3,5726.0,275.9,225.0
PCBL,3/17/2014,467.0,467.0,443.0,450.0,-3.64,5891.0,275.9,225.0
PCBL,3/18/2014,450.0,450.0,433.0,446.0,-0.89,7494.0,275.9,225.0
PCBL,3/19/2014,446.0,474.0,440.0,450.0,0.9,4420.0,275.9,225.0
PCBL,3/20/2014,450.0,468.0,450.0,460.0,2.22,4273.0,275.9,225.0
PCBL,3/23/2014,460.0,462.0,448.0,455.0,-1.09,3102.0,275.9,225.0
PCBL,3/24/2014,455.0,467.0,460.0,463.0,1.76,1797.0,275.9,225.0
PCBL,3/25/2014,463.0,474.0,461.0,466.0,0.65,3867.0,275.9,225.0
PCBL,3/26/2014,466.0,465.0,452.0,460.0,-1.29,5759.0,275.9,225.0
PCBL,3/27/2014,460.0,470.0,460.0,470.0,2.17,4909.0,275.9,225.0
PCBL,3/31/2014,465.0,478.0,470.0,471.0,0.21,5366.0,275.9,225.0
PCBL,4/1/2014,471.0,490.0,465.0,485.0,2.97,5971.0,275.9,225.0
PCBL,4/2/2014,485.0,493.0,476.0,492.0,1.44,18421.0,275.9,225.0
PCBL,4/3/2014,492.0,495.0,481.0,485.0,-1.42,10574.0,275.9,225.0
PCBL,4/6/2014,485.0,487.0,466.0,469.0,-3.3,4166.0,275.9,225.0
PCBL,4/7/2014,469.0,470.0,465.0,470.0,0.21,2716.0,275.9,225.0
PCBL,4/9/2014,470.0,475.0,462.0,475.0,1.06,5289.0,275.9,225.0
PCBL,4/10/2014,475.0,485.0,466.0,466.0,-1.89,9320.0,275.9,225.0
PCBL,4/13/2014,466.0,478.0,463.0,463.0,-0.64,5370.0,275.9,225.0
PCBL,4/15/2014,463.0,476.0,461.0,470.0,1.51,9966.0,275.9,225.0
PCBL,4/16/2014,470.0,475.0,461.0,468.0,-0.43,4004.0,275.9,225.0
PCBL,4/17/2014,468.0,472.0,460.0,472.0,0.85,10529.0,275.9,225.0
PCBL,4/20/2014,472.0,471.0,464.0,465.0,-1.48,8225.0,275.9,225.0
PCBL,4/21/2014,465.0,468.0,458.0,462.0,-0.65,9325.0,275.9,225.0
PCBL,4/22/2014,462.0,475.0,463.0,465.0,0.65,10840.0,275.9,225.0
PCBL,4/23/2014,465.0,471.0,461.0,468.0,0.65,21904.0,275.9,225.0
PCBL,4/27/2014,468.0,468.0,458.0,458.0,-2.14,10357.0,275.9,225.0
PCBL,4/28/2014,458.0,460.0,450.0,451.0,-1.53,8488.0,275.9,225.0
PCBL,4/29/2014,451.0,457.0,450.0,453.0,0.44,9345.0,275.9,225.0
PCBL,4/30/2014,453.0,459.0,449.0,453.0,0.0,5864.0,275.9,225.0
PCBL,5/4/2014,453.0,460.0,450.0,453.0,0.0,8440.0,275.9,225.0
PCBL,5/5/2014,453.0,494.0,446.0,482.0,6.4,8258.0,275.9,225.0
PCBL,5/6/2014,482.0,520.0,487.0,499.0,3.53,26694.0,275.9,225.0
PCBL,5/7/2014,499.0,514.0,495.0,500.0,0.2,13957.0,275.9,225.0
PCBL,5/8/2014,500.0,501.0,484.0,485.0,-3.0,4721.0,275.9,225.0
PCBL,5/11/2014,485.0,484.0,466.0,476.0,-1.86,2381.0,275.9,225.0
PCBL,5/12/2014,476.0,499.0,476.0,495.0,3.99,18377.0,275.9,225.0
PCBL,5/13/2014,495.0,494.0,480.0,480.0,-3.03,4369.0,275.9,225.0
PCBL,5/15/2014,480.0,487.0,471.0,473.0,-1.46,3481.0,275.9,225.0
PCBL,5/18/2014,473.0,476.0,468.0,470.0,-0.63,2189.0,275.9,225.0
PCBL,5/19/2014,470.0,474.0,461.0,469.0,-0.21,5553.0,275.9,225.0
PCBL,5/20/2014,469.0,470.0,460.0,470.0,0.21,5152.0,275.9,225.0
PCBL,5/21/2014,470.0,489.0,468.0,485.0,3.19,7111.0,275.9,225.0
PCBL,5/22/2014,485.0,486.0,476.0,476.0,-1.86,10750.0,275.9,225.0
PCBL,5/25/2014,476.0,485.0,474.0,482.0,1.26,3870.0,275.9,225.0
PCBL,5/26/2014,482.0,485.0,470.0,478.0,-0.83,4435.0,275.9,225.0
PCBL,5/27/2014,478.0,478.0,464.0,478.0,0.0,4839.0,275.9,225.0
PCBL,5/28/2014,478.0,479.0,470.0,470.0,-1.67,5012.0,275.9,225.0
PCBL,6/1/2014,470.0,479.0,468.0,479.0,1.91,5035.0,275.9,225.0
PCBL,6/2/2014,479.0,485.0,471.0,482.0,0.63,7519.0,275.9,225.0
PCBL,6/3/2014,482.0,505.0,485.0,490.0,1.66,10211.0,275.9,225.0
PCBL,6/4/2014,490.0,495.0,487.0,490.0,0.0,9286.0,275.9,225.0
PCBL,6/5/2014,490.0,488.0,480.0,486.0,-0.82,5417.0,275.9,225.0
PCBL,6/8/2014,486.0,491.0,488.0,489.0,0.62,7760.0,275.9,225.0
PCBL,6/9/2014,489.0,495.0,486.0,490.0,0.2,6244.0,275.9,225.0
PCBL,6/10/2014,490.0,501.0,490.0,498.0,1.63,24106.0,275.9,225.0
PCBL,6/11/2014,498.0,510.0,497.0,498.0,0.0,21738.0,275.9,225.0
PCBL,6/12/2014,498.0,504.0,491.0,499.0,0.2,19354.0,275.9,225.0
PCBL,6/15/2014,499.0,525.0,500.0,523.0,4.81,26424.0,275.9,225.0
PCBL,6/16/2014,523.0,567.0,520.0,567.0,8.41,71103.0,275.9,225.0
PCBL,6/17/2014,567.0,565.0,540.0,552.0,-2.65,31674.0,275.9,225.0
PCBL,6/18/2014,552.0,573.0,550.0,550.0,-0.36,16567.0,275.9,225.0
PCBL,6/19/2014,550.0,555.0,540.0,543.0,-1.27,10895.0,275.9,225.0
PCBL,6/23/2014,543.0,550.0,514.0,547.0,0.74,3707.0,275.9,225.0
PCBL,6/24/2014,547.0,549.0,536.0,548.0,0.18,9452.0,275.9,225.0
PCBL,6/25/2014,548.0,555.0,540.0,543.0,-0.91,4020.0,275.9,225.0
PCBL,6/26/2014,543.0,545.0,535.0,536.0,-1.29,7470.0,275.9,225.0
PCBL,6/29/2014,536.0,551.0,542.0,545.0,1.68,8613.0,275.9,225.0
PCBL,6/30/2014,545.0,550.0,535.0,537.0,-1.47,8773.0,275.9,225.0
PCBL,7/1/2014,537.0,549.0,537.0,543.0,1.12,10143.0,275.9,225.0
PCBL,7/2/2014,543.0,553.0,540.0,552.0,1.66,15790.0,275.9,225.0
PCBL,7/3/2014,552.0,558.0,542.0,551.0,-0.18,16491.0,275.9,225.0
PCBL,7/6/2014,551.0,556.0,541.0,554.0,0.54,14097.0,275.9,225.0
PCBL,7/7/2014,554.0,567.0,546.0,561.0,1.26,10451.0,275.9,225.0
PCBL,7/8/2014,561.0,576.0,565.0,571.0,1.78,13359.0,275.9,225.0
PCBL,7/9/2014,571.0,580.0,556.0,580.0,1.58,8344.0,275.9,225.0
PCBL,7/10/2014,580.0,591.0,558.0,585.0,0.86,11488.0,275.9,225.0
PCBL,7/13/2014,585.0,619.0,580.0,595.0,1.71,14335.0,275.9,225.0
PCBL,7/14/2014,595.0,600.0,569.0,572.0,-3.87,9633.0,275.9,225.0
PCBL,7/15/2014,572.0,580.0,565.0,575.0,0.52,5678.0,275.9,225.0
PCBL,7/16/2014,575.0,586.0,566.0,583.0,1.39,7691.0,275.9,225.0
PCBL,7/17/2014,583.0,598.0,580.0,598.0,2.57,14663.0,275.9,225.0
PCBL,7/20/2014,598.0,620.0,598.0,609.0,1.84,22184.0,275.9,225.0
PCBL,7/21/2014,609.0,627.0,609.0,615.0,0.99,19674.0,275.9,225.0
PCBL,7/22/2014,615.0,620.0,593.0,612.0,-0.49,19403.0,275.9,225.0
PCBL,7/23/2014,612.0,627.0,607.0,615.0,0.49,18403.0,275.9,225.0
PCBL,7/24/2014,615.0,630.0,610.0,620.0,0.81,26881.0,275.9,225.0
PCBL,7/27/2014,620.0,640.0,620.0,625.0,0.81,18721.0,275.9,225.0
PCBL,7/28/2014,625.0,632.0,619.0,631.0,0.96,5892.0,275.9,225.0
PCBL,7/30/2014,631.0,635.0,602.0,613.0,-2.85,16150.0,275.9,225.0
PCBL,7/31/2014,613.0,621.0,606.0,621.0,1.31,17387.0,275.9,225.0
PCBL,8/3/2014,621.0,633.0,606.0,612.0,-1.45,13658.0,275.9,225.0
PCBL,8/4/2014,612.0,612.0,592.0,597.0,-2.45,10561.0,275.9,225.0
PCBL,8/5/2014,597.0,621.0,595.0,599.0,0.34,15051.0,275.9,225.0
PCBL,8/6/2014,599.0,608.0,590.0,602.0,0.5,24571.0,275.9,225.0
PCBL,8/7/2014,602.0,610.0,588.0,604.0,0.33,16197.0,275.9,225.0
PCBL,8/12/2014,604.0,600.0,574.0,580.0,-3.97,8804.0,275.9,225.0
PCBL,8/13/2014,580.0,595.0,560.0,587.0,1.21,14304.0,275.9,225.0
PCBL,8/14/2014,587.0,587.0,570.0,587.0,0.0,11203.0,275.9,225.0
PCBL,8/18/2014,587.0,596.0,561.0,571.0,-2.73,10022.0,275.9,225.0
PCBL,8/19/2014,571.0,595.0,564.0,576.0,0.88,16948.0,275.9,225.0
PCBL,8/20/2014,576.0,576.0,560.0,560.0,-2.78,11813.0,275.9,225.0
PCBL,8/21/2014,560.0,588.0,539.0,572.0,2.14,15775.0,275.9,225.0
PCBL,8/24/2014,572.0,570.0,556.0,564.0,-1.4,10517.0,275.9,225.0
PCBL,8/25/2014,564.0,553.0,522.0,525.0,-6.91,15649.0,275.9,225.0
PCBL,8/26/2014,525.0,555.0,510.0,519.0,-1.14,16871.0,275.9,225.0
PCBL,8/27/2014,519.0,555.0,529.0,540.0,4.05,25027.0,275.9,225.0
PCBL,8/28/2014,540.0,566.0,543.0,547.0,1.3,14196.0,275.9,225.0
PCBL,8/31/2014,547.0,548.0,515.0,520.0,-4.94,14023.0,275.9,225.0
PCBL,9/1/2014,520.0,529.0,502.0,528.0,1.54,13160.0,275.9,225.0
PCBL,9/3/2014,528.0,528.0,508.0,510.0,-3.41,3994.0,275.9,225.0
PCBL,9/4/2014,510.0,510.0,496.0,500.0,-1.96,14481.0,275.9,225.0
PCBL,9/7/2014,500.0,505.0,474.0,485.0,-3.0,13799.0,275.9,225.0
PCBL,9/9/2014,485.0,520.0,486.0,520.0,7.22,14364.0,275.9,225.0
PCBL,9/10/2014,520.0,530.0,490.0,498.0,-4.23,14376.0,275.9,225.0
PCBL,9/11/2014,498.0,506.0,483.0,496.0,-0.4,5519.0,275.9,225.0
PCBL,9/14/2014,496.0,498.0,483.0,496.0,0.0,3274.0,275.9,225.0
PCBL,9/15/2014,496.0,505.0,479.0,497.0,0.2,7270.0,275.9,225.0
PCBL,9/16/2014,497.0,546.0,492.0,546.0,9.86,15742.0,275.9,225.0
PCBL,9/17/2014,546.0,556.0,510.0,520.0,-4.76,10216.0,275.9,225.0
PCBL,9/18/2014,520.0,521.0,500.0,512.0,-1.54,9474.0,275.9,225.0
PCBL,9/21/2014,512.0,512.0,478.0,486.0,-5.08,8621.0,275.9,225.0
PCBL,9/22/2014,486.0,494.0,483.0,492.0,1.23,2521.0,275.9,225.0
PCBL,9/23/2014,492.0,514.0,490.0,507.0,3.05,6018.0,275.9,225.0
PCBL,9/24/2014,507.0,513.0,499.0,510.0,0.59,3357.0,275.9,225.0
PCBL,9/28/2014,510.0,530.0,510.0,529.0,3.73,3633.0,275.9,225.0
PCBL,9/29/2014,529.0,539.0,519.0,525.0,-0.76,9500.0,275.9,225.0
PCBL,9/30/2014,525.0,534.0,520.0,521.0,-0.76,6918.0,275.9,225.0
PCBL,10/8/2014,521.0,515.0,500.0,515.0,-1.15,3391.0,275.9,225.0
PCBL,10/9/2014,515.0,518.0,507.0,512.0,-0.58,4023.0,275.9,225.0
PCBL,10/12/2014,512.0,515.0,500.0,502.0,-1.95,5538.0,275.9,225.0
PCBL,10/13/2014,502.0,519.0,500.0,510.0,1.59,2204.0,275.9,225.0
PCBL,10/14/2014,510.0,519.0,503.0,504.0,-1.18,5028.0,275.9,225.0
PCBL,10/15/2014,504.0,515.0,500.0,510.0,1.19,7323.0,275.9,225.0
PCBL,10/16/2014,510.0,521.0,511.0,512.0,0.39,5475.0,275.9,225.0
PCBL,10/19/2014,512.0,516.0,510.0,515.0,0.59,11099.0,275.9,225.0
PCBL,10/20/2014,515.0,524.0,510.0,510.0,-0.97,3691.0,275.9,225.0
PCBL,10/21/2014,510.0,504.0,481.0,491.0,-3.73,12049.0,275.9,225.0
PCBL,10/22/2014,491.0,499.0,488.0,488.0,-0.61,10276.0,275.9,225.0
PCBL,10/26/2014,488.0,496.0,481.0,492.0,0.82,2951.0,275.9,225.0
PCBL,10/27/2014,492.0,505.0,495.0,502.0,2.03,4731.0,275.9,225.0
PCBL,10/28/2014,502.0,509.0,495.0,495.0,-1.39,8027.0,275.9,225.0
PCBL,10/30/2014,495.0,507.0,497.0,499.0,0.81,6645.0,275.9,225.0
PCBL,11/2/2014,499.0,501.0,485.0,490.0,-1.8,8851.0,275.9,225.0
PCBL,11/3/2014,490.0,498.0,481.0,486.0,-0.82,4614.0,275.9,225.0
PCBL,11/4/2014,486.0,485.0,474.0,485.0,-0.21,4863.0,275.9,225.0
PCBL,11/5/2014,485.0,489.0,478.0,481.0,-0.82,4173.0,275.9,225.0
PCBL,11/6/2014,481.0,489.0,480.0,485.0,0.83,3443.0,275.9,225.0
PCBL,11/9/2014,485.0,485.0,478.0,482.0,-0.62,7895.0,275.9,225.0
PCBL,11/10/2014,482.0,484.0,470.0,479.0,-0.62,15451.0,275.9,225.0
PCBL,11/11/2014,479.0,500.0,463.0,490.0,2.3,5124.0,275.9,225.0
PCBL,11/12/2014,490.0,490.0,466.0,480.0,-2.04,7378.0,275.9,225.0
PCBL,11/13/2014,480.0,495.0,476.0,486.0,1.25,15109.0,275.9,225.0
PCBL,11/16/2014,486.0,489.0,480.0,482.0,-0.82,8077.0,275.9,225.0
PCBL,11/17/2014,482.0,478.0,459.0,470.0,-2.49,8771.0,275.9,225.0
PCBL,11/18/2014,470.0,475.0,437.0,463.0,-1.49,7630.0,275.9,225.0
PCBL,11/19/2014,463.0,480.0,458.0,472.0,1.94,7351.0,275.9,225.0
PCBL,11/20/2014,472.0,488.0,471.0,475.0,0.64,8633.0,275.9,225.0
PCBL,11/23/2014,475.0,499.0,474.0,485.0,2.11,8552.0,275.9,225.0
PCBL,11/24/2014,485.0,485.0,461.0,484.0,-0.21,4696.0,275.9,225.0
PCBL,11/25/2014,484.0,485.0,475.0,481.0,-0.62,7024.0,275.9,225.0
PCBL,11/30/2014,481.0,485.0,473.0,480.0,-0.21,2928.0,275.9,225.0
PCBL,12/1/2014,480.0,492.0,470.0,492.0,2.5,2145.0,275.9,225.0
PCBL,12/2/2014,492.0,492.0,467.0,478.0,-2.85,5880.0,275.9,225.0
PCBL,12/3/2014,478.0,487.0,474.0,479.0,0.21,9525.0,275.9,225.0
PCBL,12/4/2014,479.0,485.0,476.0,484.0,1.04,10431.0,275.9,225.0
PCBL,12/7/2014,484.0,498.0,481.0,481.0,-0.62,7142.0,275.9,225.0
PCBL,12/8/2014,481.0,489.0,480.0,489.0,1.66,1784.0,275.9,225.0
PCBL,12/9/2014,489.0,495.0,481.0,495.0,1.23,4957.0,275.9,225.0
PCBL,12/10/2014,495.0,500.0,486.0,499.0,0.81,2190.0,275.9,225.0
PCBL,12/11/2014,499.0,508.0,496.0,505.0,1.2,6979.0,275.9,225.0
PCBL,12/14/2014,505.0,539.0,515.0,535.0,5.94,19396.0,275.9,225.0
PCBL,12/15/2014,535.0,550.0,515.0,539.0,0.75,21640.0,275.9,225.0
PCBL,12/16/2014,539.0,544.0,517.0,536.0,-0.56,7291.0,275.9,225.0
PCBL,12/17/2014,536.0,531.0,520.0,526.0,-1.87,7998.0,275.9,225.0
PCBL,12/18/2014,526.0,528.0,515.0,528.0,0.38,6529.0,275.9,225.0
PCBL,12/21/2014,528.0,526.0,513.0,523.0,-0.95,7372.0,275.9,225.0
PCBL,12/22/2014,523.0,533.0,520.0,521.0,-0.38,18308.0,275.9,225.0
PCBL,12/23/2014,521.0,528.0,509.0,518.0,-0.58,30312.0,275.9,225.0
PCBL,12/24/2014,518.0,527.0,515.0,520.0,0.39,29737.0,275.9,225.0
PCBL,12/28/2014,437.0,460.0,438.0,448.0,-13.85,5485.0,275.9,225.0
PCBL,12/29/2014,448.0,448.0,431.0,447.0,-0.22,2605.0,275.9,225.0
PCBL,12/31/2014,447.0,442.0,439.0,440.0,-1.57,1281.0,275.9,225.0
PCBL,1/1/2015,440.0,442.0,434.0,434.0,-1.36,4721.0,275.9,225.0
PCBL,1/4/2015,434.0,447.0,427.0,447.0,3.0,3416.0,275.9,225.0
PCBL,1/5/2015,447.0,453.0,440.0,441.0,-1.34,5703.0,275.9,225.0
PCBL,1/6/2015,441.0,447.0,434.0,443.0,0.45,5515.0,275.9,225.0
PCBL,1/7/2015,443.0,447.0,440.0,441.0,-0.45,1815.0,275.9,225.0
PCBL,1/8/2015,441.0,453.0,442.0,442.0,0.23,3344.0,275.9,225.0
PCBL,1/11/2015,442.0,446.0,438.0,446.0,0.9,4699.0,275.9,225.0
PCBL,1/12/2015,446.0,450.0,440.0,445.0,-0.22,1535.0,275.9,225.0
PCBL,1/13/2015,445.0,448.0,441.0,445.0,0.0,3496.0,275.9,225.0
PCBL,1/14/2015,445.0,451.0,442.0,449.0,0.9,2935.0,275.9,225.0
PCBL,1/18/2015,449.0,457.0,440.0,454.0,1.11,12325.0,275.9,225.0
PCBL,1/19/2015,454.0,499.0,463.0,479.0,5.51,8284.0,275.9,225.0
PCBL,1/20/2015,479.0,483.0,462.0,470.0,-1.88,5749.0,275.9,225.0
PCBL,1/22/2015,470.0,469.0,458.0,461.0,-1.91,2243.0,275.9,225.0
PCBL,1/25/2015,461.0,481.0,460.0,468.0,1.52,3011.0,275.9,225.0
PCBL,1/26/2015,468.0,481.0,471.0,479.0,2.35,8925.0,275.9,225.0
PCBL,1/27/2015,479.0,481.0,475.0,481.0,0.42,4340.0,275.9,225.0
PCBL,1/28/2015,481.0,489.0,481.0,489.0,1.66,2932.0,275.9,225.0
PCBL,1/29/2015,489.0,495.0,482.0,483.0,-1.23,7572.0,275.9,225.0
PCBL,2/1/2015,483.0,500.0,484.0,494.0,2.28,4773.0,275.9,225.0
PCBL,2/2/2015,494.0,503.0,487.0,495.0,0.2,4650.0,275.9,225.0
PCBL,2/3/2015,495.0,504.0,484.0,485.0,-2.02,2048.0,275.9,225.0
PCBL,2/4/2015,485.0,490.0,480.0,480.0,-1.03,4879.0,275.9,225.0
PCBL,2/5/2015,480.0,480.0,470.0,475.0,-1.04,2925.0,275.9,225.0
PCBL,2/8/2015,475.0,484.0,469.0,478.0,0.63,2095.0,275.9,225.0
PCBL,2/9/2015,478.0,481.0,470.0,472.0,-1.26,2713.0,275.9,225.0
PCBL,2/10/2015,472.0,468.0,460.0,466.0,-1.27,2717.0,275.9,225.0
PCBL,2/11/2015,466.0,470.0,466.0,468.0,0.43,1289.0,275.9,225.0
PCBL,2/12/2015,468.0,470.0,462.0,470.0,0.43,4129.0,275.9,225.0
PCBL,2/15/2015,470.0,466.0,461.0,465.0,-1.06,1876.0,275.9,225.0
PCBL,2/16/2015,465.0,466.0,461.0,464.0,-0.22,4009.0,275.9,225.0
PCBL,2/18/2015,464.0,468.0,460.0,464.0,0.0,9157.0,275.9,225.0
PCBL,2/22/2015,464.0,461.0,455.0,457.0,-1.51,6574.0,275.9,225.0
PCBL,2/23/2015,457.0,464.0,448.0,464.0,1.53,7936.0,275.9,225.0
PCBL,2/24/2015,464.0,460.0,454.0,457.0,-1.51,3729.0,275.9,225.0
PCBL,2/25/2015,457.0,458.0,449.0,455.0,-0.44,7295.0,275.9,225.0
PCBL,2/26/2015,455.0,464.0,452.0,459.0,0.88,2558.0,275.9,225.0
PCBL,3/1/2015,459.0,455.0,450.0,450.0,-1.96,4985.0,275.9,225.0
PCBL,3/2/2015,450.0,465.0,452.0,461.0,2.44,2623.0,275.9,225.0
PCBL,3/3/2015,461.0,460.0,455.0,460.0,-0.22,1714.0,275.9,225.0
PCBL,3/4/2015,460.0,467.0,455.0,460.0,0.0,3315.0,275.9,225.0
PCBL,3/9/2015,460.0,467.0,458.0,460.0,0.0,4109.0,275.9,225.0
PCBL,3/10/2015,460.0,460.0,445.0,448.0,-2.61,6338.0,275.9,225.0
PCBL,3/11/2015,448.0,449.0,442.0,448.0,0.0,18473.0,275.9,225.0
PCBL,3/12/2015,448.0,454.0,447.0,449.0,0.22,4955.0,275.9,225.0
PCBL,3/15/2015,449.0,447.0,442.0,444.0,-1.11,4475.0,275.9,225.0
PCBL,3/16/2015,444.0,444.0,438.0,440.0,-0.9,2866.0,275.9,225.0
PCBL,3/17/2015,440.0,445.0,439.0,440.0,0.0,5029.0,275.9,225.0
PCBL,3/18/2015,440.0,438.0,422.0,435.0,-1.14,22265.0,275.9,225.0
PCBL,3/19/2015,435.0,445.0,435.0,442.0,1.61,9180.0,275.9,225.0
PCBL,3/22/2015,442.0,450.0,440.0,446.0,0.9,6721.0,275.9,225.0
PCBL,3/23/2015,446.0,441.0,437.0,439.0,-1.57,5368.0,275.9,225.0
PCBL,3/24/2015,439.0,439.0,430.0,430.0,-2.05,9231.0,275.9,225.0
PCBL,3/25/2015,430.0,435.0,415.0,429.0,-0.23,18119.0,275.9,225.0
PCBL,3/26/2015,429.0,432.0,420.0,432.0,0.7,31606.0,275.9,225.0
PCBL,3/29/2015,432.0,433.0,416.0,432.0,0.0,11593.0,275.9,225.0
PCBL,3/30/2015,432.0,432.0,423.0,432.0,0.0,5642.0,275.9,225.0
PCBL,3/31/2015,432.0,443.0,430.0,436.0,0.93,7398.0,275.9,225.0
PCBL,4/1/2015,436.0,438.0,434.0,438.0,0.46,2992.0,275.9,225.0
PCBL,4/2/2015,438.0,443.0,434.0,434.0,-0.91,8988.0,275.9,225.0
PCBL,4/5/2015,434.0,434.0,425.0,431.0,-0.69,6234.0,275.9,225.0
PCBL,4/6/2015,431.0,434.0,424.0,434.0,0.7,5496.0,275.9,225.0
PCBL,4/7/2015,434.0,434.0,429.0,432.0,-0.46,4297.0,275.9,225.0
PCBL,4/8/2015,432.0,445.0,435.0,440.0,1.85,2876.0,275.9,225.0
PCBL,4/9/2015,440.0,449.0,438.0,440.0,0.0,3849.0,275.9,225.0
PCBL,4/12/2015,440.0,450.0,443.0,450.0,2.27,9838.0,275.9,225.0
PCBL,4/13/2015,450.0,451.0,446.0,447.0,-0.67,2980.0,275.9,225.0
PCBL,4/15/2015,447.0,447.0,440.0,445.0,-0.45,4449.0,275.9,225.0
PCBL,4/16/2015,445.0,442.0,438.0,442.0,-0.67,3975.0,275.9,225.0
PCBL,4/19/2015,442.0,442.0,435.0,439.0,-0.68,3083.0,275.9,225.0
PCBL,4/20/2015,439.0,446.0,440.0,446.0,1.59,10151.0,275.9,225.0
PCBL,4/21/2015,446.0,452.0,440.0,445.0,-0.22,10106.0,275.9,225.0
PCBL,4/22/2015,445.0,445.0,438.0,444.0,-0.22,2363.0,275.9,225.0
PCBL,4/23/2015,444.0,446.0,442.0,445.0,0.23,4556.0,275.9,225.0
PCBL,5/26/2015,445.0,437.0,421.0,421.0,-5.39,30.0,275.9,225.0
PCBL,5/28/2015,421.0,413.0,387.0,390.0,-7.36,3988.0,275.9,225.0
PCBL,5/31/2015,390.0,405.0,388.0,400.0,2.56,5466.0,275.9,225.0
PCBL,6/1/2015,400.0,420.0,405.0,413.0,3.25,9951.0,275.9,225.0
PCBL,6/2/2015,413.0,415.0,407.0,413.0,0.0,6455.0,275.9,225.0
PCBL,6/3/2015,413.0,430.0,414.0,425.0,2.91,6007.0,275.9,225.0
PCBL,6/4/2015,425.0,441.0,427.0,433.0,1.88,7841.0,275.9,225.0
PCBL,6/7/2015,433.0,442.0,426.0,440.0,1.62,18224.0,275.9,225.0
PCBL,6/8/2015,440.0,457.0,443.0,450.0,2.27,18006.0,275.9,225.0
PCBL,6/9/2015,450.0,486.0,459.0,480.0,6.67,36662.0,275.9,225.0
PCBL,6/10/2015,480.0,480.0,456.0,472.0,-1.67,18585.0,275.9,225.0
PCBL,6/11/2015,472.0,464.0,446.0,455.0,-3.6,12288.0,275.9,225.0
PCBL,6/14/2015,455.0,460.0,451.0,457.0,0.44,48608.0,275.9,225.0
PCBL,6/15/2015,457.0,465.0,445.0,465.0,1.75,10756.0,275.9,225.0
PCBL,6/16/2015,465.0,465.0,453.0,455.0,-2.15,10395.0,275.9,225.0
PCBL,6/17/2015,455.0,465.0,448.0,465.0,2.2,8171.0,275.9,225.0
PCBL,6/18/2015,465.0,460.0,454.0,454.0,-2.37,9844.0,275.9,225.0
PCBL,6/21/2015,454.0,452.0,442.0,446.0,-1.76,3846.0,275.9,225.0
PCBL,6/22/2015,446.0,450.0,440.0,446.0,0.0,11221.0,275.9,225.0
PCBL,6/23/2015,446.0,450.0,442.0,446.0,0.0,4742.0,275.9,225.0
PCBL,6/24/2015,446.0,450.0,440.0,450.0,0.9,9313.0,275.9,225.0
PCBL,6/25/2015,450.0,453.0,441.0,447.0,-0.67,7336.0,275.9,225.0
PCBL,6/28/2015,447.0,452.0,443.0,447.0,0.0,5566.0,275.9,225.0
PCBL,6/29/2015,447.0,455.0,446.0,448.0,0.22,4809.0,275.9,225.0
PCBL,6/30/2015,448.0,450.0,442.0,450.0,0.45,6125.0,275.9,225.0
PCBL,7/1/2015,450.0,455.0,446.0,447.0,-0.67,5080.0,275.9,225.0
PCBL,7/2/2015,447.0,445.0,440.0,440.0,-1.57,6850.0,275.9,225.0
PCBL,7/5/2015,440.0,441.0,435.0,437.0,-0.68,4353.0,275.9,225.0
PCBL,7/6/2015,437.0,440.0,433.0,436.0,-0.23,5657.0,275.9,225.0
PCBL,7/7/2015,436.0,441.0,432.0,439.0,0.69,2898.0,275.9,225.0
PCBL,7/8/2015,439.0,447.0,436.0,438.0,-0.23,6270.0,275.9,225.0
PCBL,7/9/2015,438.0,441.0,437.0,440.0,0.46,11096.0,275.9,225.0
PCBL,7/12/2015,440.0,442.0,437.0,437.0,-0.68,7229.0,275.9,225.0
PCBL,7/13/2015,437.0,438.0,436.0,437.0,0.0,4666.0,275.9,225.0
PCBL,7/14/2015,437.0,445.0,430.0,445.0,1.83,21458.0,275.9,225.0
PCBL,7/15/2015,445.0,449.0,441.0,442.0,-0.67,2372.0,275.9,225.0
PCBL,7/16/2015,442.0,455.0,439.0,455.0,2.94,6634.0,275.9,225.0
PCBL,7/22/2015,455.0,464.0,451.0,463.0,1.76,10663.0,275.9,225.0
PCBL,7/23/2015,463.0,499.0,467.0,490.0,5.83,39511.0,275.9,225.0
PCBL,7/26/2015,490.0,539.0,499.0,539.0,10.0,15343.0,275.9,225.0
PCBL,7/27/2015,539.0,570.0,500.0,501.0,-7.05,34235.0,275.9,225.0
PCBL,7/28/2015,501.0,505.0,470.0,490.0,-2.2,19337.0,275.9,225.0
PCBL,7/29/2015,490.0,489.0,472.0,489.0,-0.2,7495.0,275.9,225.0
PCBL,7/30/2015,489.0,498.0,482.0,485.0,-0.82,23698.0,275.9,225.0
PCBL,8/2/2015,485.0,490.0,479.0,490.0,1.03,10041.0,275.9,225.0
PCBL,8/3/2015,490.0,490.0,479.0,485.0,-1.02,11836.0,275.9,225.0
PCBL,8/4/2015,485.0,489.0,478.0,483.0,-0.41,22486.0,275.9,225.0
PCBL,8/5/2015,483.0,486.0,477.0,485.0,0.41,28750.0,275.9,225.0
PCBL,8/6/2015,485.0,496.0,481.0,485.0,0.0,72860.0,275.9,225.0
PCBL,8/9/2015,485.0,524.0,494.0,520.0,7.22,28943.0,275.9,225.0
PCBL,8/10/2015,520.0,538.0,520.0,530.0,1.92,11504.0,275.9,225.0
PCBL,8/11/2015,530.0,561.0,530.0,541.0,2.08,16108.0,275.9,225.0
PCBL,8/12/2015,541.0,561.0,525.0,550.0,1.66,10577.0,275.9,225.0
PCBL,8/13/2015,550.0,573.0,550.0,568.0,3.27,18841.0,275.9,225.0
PCBL,8/16/2015,568.0,605.0,575.0,605.0,6.51,13683.0,275.9,225.0
PCBL,8/17/2015,605.0,645.0,600.0,630.0,4.13,28380.0,275.9,225.0
PCBL,8/18/2015,630.0,630.0,591.0,606.0,-3.81,22981.0,275.9,225.0
PCBL,8/19/2015,606.0,635.0,611.0,629.0,3.8,22754.0,275.9,225.0
PCBL,8/20/2015,629.0,680.0,630.0,635.0,0.95,40074.0,275.9,225.0
PCBL,8/23/2015,635.0,640.0,589.0,617.0,-2.83,15292.0,275.9,225.0
PCBL,8/24/2015,617.0,632.0,600.0,609.0,-1.3,15694.0,275.9,225.0
PCBL,8/25/2015,609.0,613.0,596.0,604.0,-0.82,8797.0,275.9,225.0
PCBL,8/26/2015,604.0,612.0,603.0,606.0,0.33,5495.0,275.9,225.0
PCBL,8/27/2015,606.0,615.0,601.0,604.0,-0.33,7547.0,275.9,225.0
PCBL,8/31/2015,604.0,615.0,600.0,610.0,0.99,9483.0,275.9,225.0
PCBL,9/1/2015,610.0,610.0,590.0,599.0,-1.8,16556.0,275.9,225.0
PCBL,9/2/2015,599.0,601.0,580.0,600.0,0.17,10332.0,275.9,225.0
PCBL,9/3/2015,600.0,602.0,588.0,600.0,0.0,16681.0,275.9,225.0
PCBL,9/6/2015,600.0,613.0,588.0,598.0,-0.33,9842.0,275.9,225.0
PCBL,9/7/2015,598.0,601.0,595.0,596.0,-0.33,2072.0,275.9,225.0
PCBL,9/8/2015,596.0,601.0,597.0,597.0,0.17,5309.0,275.9,225.0
PCBL,9/9/2015,597.0,595.0,589.0,595.0,-0.34,4690.0,275.9,225.0
PCBL,9/10/2015,595.0,600.0,586.0,595.0,0.0,55915.0,275.9,225.0
PCBL,9/13/2015,595.0,606.0,598.0,605.0,1.68,13793.0,275.9,225.0
PCBL,9/14/2015,605.0,616.0,606.0,615.0,1.65,28712.0,275.9,225.0
PCBL,9/15/2015,615.0,650.0,603.0,650.0,5.69,56915.0,275.9,225.0
PCBL,9/16/2015,650.0,665.0,645.0,650.0,0.0,48203.0,275.9,225.0
PCBL,9/17/2015,650.0,663.0,645.0,650.0,0.0,73535.0,275.9,225.0
PCBL,9/22/2015,650.0,647.0,613.0,617.0,-5.08,25985.0,275.9,225.0
PCBL,9/23/2015,617.0,648.0,629.0,637.0,3.24,14702.0,275.9,225.0
PCBL,9/24/2015,637.0,640.0,626.0,635.0,-0.31,24955.0,275.9,225.0
PCBL,9/28/2015,635.0,630.0,601.0,620.0,-2.36,19889.0,275.9,225.0
PCBL,9/29/2015,620.0,628.0,621.0,624.0,0.65,10539.0,275.9,225.0
PCBL,9/30/2015,624.0,639.0,623.0,625.0,0.16,13421.0,275.9,225.0
PCBL,10/1/2015,625.0,630.0,619.0,625.0,0.0,16960.0,275.9,225.0
PCBL,10/4/2015,625.0,630.0,620.0,623.0,-0.32,8943.0,275.9,225.0
PCBL,10/5/2015,623.0,620.0,612.0,618.0,-0.8,9872.0,275.9,225.0
PCBL,10/6/2015,618.0,625.0,606.0,608.0,-1.62,7300.0,275.9,225.0
PCBL,10/7/2015,608.0,602.0,584.0,600.0,-1.32,11906.0,275.9,225.0
PCBL,10/8/2015,600.0,605.0,590.0,602.0,0.33,15512.0,275.9,225.0
PCBL,10/11/2015,602.0,601.0,586.0,594.0,-1.33,9502.0,275.9,225.0
PCBL,10/14/2015,594.0,600.0,589.0,589.0,-0.84,14537.0,275.9,225.0
PCBL,10/15/2015,589.0,599.0,589.0,599.0,1.7,2572.0,275.9,225.0
PCBL,10/18/2015,599.0,600.0,585.0,585.0,-2.34,6974.0,275.9,225.0
PCBL,10/19/2015,585.0,599.0,584.0,598.0,2.22,11840.0,275.9,225.0
PCBL,10/27/2015,598.0,587.0,555.0,559.0,-6.52,9772.0,275.9,225.0
PCBL,10/28/2015,559.0,560.0,536.0,560.0,0.18,8783.0,275.9,225.0
PCBL,10/29/2015,560.0,575.0,560.0,569.0,1.61,6266.0,275.9,225.0
PCBL,11/1/2015,569.0,572.0,562.0,568.0,-0.18,4307.0,275.9,225.0
PCBL,11/2/2015,568.0,580.0,562.0,568.0,0.0,6191.0,275.9,225.0
PCBL,11/3/2015,568.0,568.0,560.0,566.0,-0.35,2598.0,275.9,225.0
PCBL,11/4/2015,566.0,571.0,560.0,570.0,0.71,5916.0,275.9,225.0
PCBL,11/5/2015,570.0,569.0,560.0,561.0,-1.58,4827.0,275.9,225.0
PCBL,11/8/2015,561.0,568.0,550.0,551.0,-1.78,13256.0,275.9,225.0
PCBL,11/9/2015,551.0,586.0,562.0,580.0,5.26,6579.0,275.9,225.0
PCBL,11/10/2015,580.0,598.0,575.0,598.0,3.1,24836.0,275.9,225.0
PCBL,11/15/2015,598.0,590.0,574.0,588.0,-1.67,3435.0,275.9,225.0
PCBL,11/16/2015,588.0,632.0,574.0,580.0,-1.36,5989.0,275.9,225.0
PCBL,11/18/2015,580.0,598.0,585.0,590.0,1.72,9581.0,275.9,225.0
PCBL,11/19/2015,590.0,581.0,571.0,580.0,-1.69,4649.0,275.9,225.0
PCBL,11/22/2015,580.0,570.0,559.0,560.0,-3.45,14772.0,275.9,225.0
PCBL,11/23/2015,560.0,570.0,546.0,562.0,0.36,9104.0,275.9,225.0
PCBL,11/24/2015,562.0,565.0,555.0,562.0,0.0,6809.0,275.9,225.0
PCBL,11/25/2015,562.0,560.0,545.0,547.0,-2.67,4888.0,275.9,225.0
PCBL,11/26/2015,547.0,545.0,532.0,540.0,-1.28,13485.0,275.9,225.0
PCBL,11/29/2015,540.0,535.0,517.0,525.0,-2.78,14510.0,275.9,225.0
PCBL,11/30/2015,525.0,545.0,525.0,535.0,1.9,9567.0,275.9,225.0
PCBL,12/1/2015,535.0,565.0,544.0,565.0,5.61,6695.0,275.9,225.0
PCBL,12/2/2015,565.0,558.0,535.0,558.0,-1.24,3361.0,275.9,225.0
PCBL,12/3/2015,558.0,576.0,540.0,565.0,1.25,8257.0,275.9,225.0
PCBL,12/6/2015,565.0,587.0,568.0,579.0,2.48,14424.0,275.9,225.0
PCBL,12/7/2015,579.0,595.0,577.0,578.0,-0.17,24076.0,275.9,225.0
PCBL,12/8/2015,578.0,589.0,578.0,579.0,0.17,14005.0,275.9,225.0
PCBL,12/9/2015,579.0,592.0,570.0,590.0,1.9,22204.0,275.9,225.0
PCBL,12/10/2015,590.0,592.0,582.0,585.0,-0.85,11979.0,275.9,225.0
PCBL,12/13/2015,585.0,588.0,581.0,585.0,0.0,14495.0,275.9,225.0
PCBL,12/14/2015,585.0,580.0,570.0,580.0,-0.85,8188.0,275.9,225.0
PCBL,12/15/2015,580.0,580.0,560.0,569.0,-1.9,2912.0,275.9,225.0
PCBL,12/16/2015,569.0,570.0,560.0,570.0,0.18,4611.0,275.9,225.0
PCBL,12/17/2015,570.0,589.0,567.0,580.0,1.75,5781.0,275.9,225.0
PCBL,12/20/2015,580.0,590.0,577.0,586.0,1.03,9424.0,275.9,225.0
PCBL,12/21/2015,586.0,618.0,584.0,615.0,4.95,60690.0,275.9,225.0
PCBL,12/22/2015,615.0,629.0,607.0,616.0,0.16,30138.0,275.9,225.0
PCBL,12/23/2015,616.0,620.0,595.0,600.0,-2.6,21335.0,275.9,225.0
PCBL,12/24/2015,600.0,607.0,600.0,606.0,1.0,15119.0,275.9,225.0
PCBL,12/27/2015,606.0,610.0,600.0,603.0,-0.5,20306.0,275.9,225.0
PCBL,12/28/2015,603.0,606.0,590.0,590.0,-2.16,30997.0,275.9,225.0
PCBL,12/29/2015,590.0,610.0,593.0,595.0,0.85,45928.0,275.9,225.0
PCBL,12/31/2015,504.0,510.0,494.0,494.0,-16.97,6015.0,275.9,225.0
PCBL,1/3/2016,494.0,495.0,485.0,490.0,-0.81,14640.0,275.9,225.0
PCBL,1/4/2016,490.0,499.0,485.0,490.0,0.0,4224.0,275.9,225.0
PCBL,1/5/2016,490.0,495.0,478.0,479.0,-2.24,10221.0,275.9,225.0
PCBL,1/6/2016,479.0,495.0,480.0,486.0,1.46,8379.0,275.9,225.0
PCBL,1/7/2016,486.0,488.0,480.0,488.0,0.41,7230.0,275.9,225.0
PCBL,1/10/2016,488.0,494.0,480.0,494.0,1.23,2138.0,275.9,225.0
PCBL,1/11/2016,494.0,487.0,485.0,485.0,-1.82,977.0,275.9,225.0
PCBL,1/12/2016,485.0,487.0,478.0,480.0,-1.03,7484.0,275.9,225.0
PCBL,1/13/2016,480.0,485.0,480.0,484.0,0.83,4373.0,275.9,225.0
PCBL,1/14/2016,484.0,495.0,485.0,490.0,1.24,11899.0,275.9,225.0
PCBL,1/17/2016,490.0,511.0,499.0,511.0,4.29,8858.0,275.9,225.0
PCBL,1/18/2016,511.0,535.0,502.0,515.0,0.78,15863.0,275.9,225.0
PCBL,1/19/2016,515.0,515.0,505.0,514.0,-0.19,7012.0,275.9,225.0
PCBL,1/20/2016,514.0,515.0,506.0,511.0,-0.58,5345.0,275.9,225.0
PCBL,1/21/2016,511.0,515.0,506.0,514.0,0.59,3869.0,275.9,225.0
PCBL,1/24/2016,514.0,512.0,508.0,510.0,-0.78,11259.0,275.9,225.0
PCBL,1/25/2016,510.0,520.0,509.0,513.0,0.59,12492.0,275.9,225.0
PCBL,1/26/2016,513.0,516.0,510.0,511.0,-0.39,6778.0,275.9,225.0
PCBL,1/27/2016,511.0,514.0,506.0,507.0,-0.78,9645.0,275.9,225.0
PCBL,1/28/2016,507.0,508.0,500.0,500.0,-1.38,11040.0,275.9,225.0
PCBL,1/31/2016,500.0,504.0,498.0,503.0,0.6,6272.0,275.9,225.0
PCBL,2/1/2016,503.0,512.0,500.0,512.0,1.79,20737.0,275.9,225.0
PCBL,2/2/2016,512.0,525.0,509.0,515.0,0.59,13321.0,275.9,225.0
PCBL,2/3/2016,515.0,520.0,510.0,512.0,-0.58,8805.0,275.9,225.0
PCBL,2/4/2016,512.0,520.0,512.0,512.0,0.0,13158.0,275.9,225.0
PCBL,2/7/2016,512.0,530.0,513.0,513.0,0.2,13558.0,275.9,225.0
PCBL,2/8/2016,513.0,530.0,510.0,510.0,-0.58,12864.0,275.9,225.0
PCBL,2/11/2016,510.0,520.0,513.0,519.0,1.76,17653.0,275.9,225.0
PCBL,2/14/2016,519.0,526.0,509.0,523.0,0.77,29357.0,275.9,225.0
PCBL,2/15/2016,523.0,517.0,510.0,515.0,-1.53,2523.0,275.9,225.0
PCBL,2/16/2016,515.0,518.0,512.0,515.0,0.0,7224.0,275.9,225.0
PCBL,2/17/2016,515.0,522.0,510.0,522.0,1.36,16122.0,275.9,225.0
PCBL,2/18/2016,522.0,539.0,520.0,531.0,1.72,41041.0,275.9,225.0
PCBL,2/21/2016,531.0,549.0,530.0,535.0,0.75,19521.0,275.9,225.0
PCBL,2/22/2016,535.0,536.0,530.0,530.0,-0.93,15391.0,275.9,225.0
PCBL,2/23/2016,530.0,540.0,530.0,530.0,0.0,19102.0,275.9,225.0
PCBL,2/24/2016,530.0,535.0,525.0,532.0,0.38,6269.0,275.9,225.0
PCBL,2/25/2016,532.0,535.0,525.0,531.0,-0.19,12202.0,275.9,225.0
PCBL,2/28/2016,531.0,538.0,519.0,527.0,-0.75,8945.0,275.9,225.0
PCBL,2/29/2016,527.0,530.0,513.0,526.0,-0.19,16639.0,275.9,225.0
PCBL,3/1/2016,526.0,530.0,525.0,530.0,0.76,12249.0,275.9,225.0
PCBL,3/2/2016,530.0,539.0,526.0,530.0,0.0,9241.0,275.9,225.0
PCBL,3/3/2016,530.0,535.0,528.0,535.0,0.94,13492.0,275.9,225.0
PCBL,3/6/2016,535.0,550.0,530.0,550.0,2.8,17347.0,275.9,225.0
PCBL,3/10/2016,550.0,561.0,540.0,544.0,-1.09,7628.0,275.9,225.0
PCBL,3/13/2016,544.0,545.0,535.0,535.0,-1.65,10959.0,275.9,225.0
PCBL,3/14/2016,535.0,545.0,535.0,535.0,0.0,8018.0,275.9,225.0
PCBL,3/15/2016,535.0,535.0,531.0,534.0,-0.19,4921.0,275.9,225.0
PCBL,3/16/2016,534.0,539.0,530.0,536.0,0.37,2544.0,275.9,225.0
PCBL,3/17/2016,536.0,538.0,531.0,535.0,-0.19,15389.0,275.9,225.0
PCBL,3/20/2016,535.0,548.0,535.0,545.0,1.87,17573.0,275.9,225.0
PCBL,3/21/2016,545.0,550.0,541.0,541.0,-0.73,9526.0,275.9,225.0
PCBL,3/23/2016,541.0,546.0,540.0,545.0,0.74,13067.0,275.9,225.0
PCBL,3/24/2016,545.0,560.0,545.0,559.0,2.57,29937.0,275.9,225.0
PCBL,3/27/2016,559.0,590.0,566.0,589.0,5.37,49443.0,275.9,225.0
PCBL,3/28/2016,589.0,595.0,576.0,580.0,-1.53,21638.0,275.9,225.0
PCBL,3/29/2016,580.0,586.0,569.0,581.0,0.17,10096.0,275.9,225.0
PCBL,3/30/2016,581.0,581.0,567.0,570.0,-1.89,12418.0,275.9,225.0
PCBL,3/31/2016,570.0,570.0,560.0,560.0,-1.75,8898.0,275.9,225.0
PCBL,4/3/2016,560.0,565.0,550.0,561.0,0.18,9308.0,275.9,225.0
PCBL,4/4/2016,561.0,576.0,560.0,567.0,1.07,10826.0,275.9,225.0
PCBL,4/5/2016,567.0,575.0,568.0,575.0,1.41,3397.0,275.9,225.0
PCBL,4/6/2016,575.0,575.0,570.0,574.0,-0.17,8262.0,275.9,225.0
PCBL,4/10/2016,574.0,574.0,565.0,566.0,-1.39,3971.0,275.9,225.0
PCBL,4/11/2016,566.0,562.0,554.0,561.0,-0.88,16082.0,275.9,225.0
PCBL,4/12/2016,561.0,572.0,561.0,570.0,1.6,3670.0,275.9,225.0
PCBL,4/14/2016,570.0,592.0,571.0,585.0,2.63,14627.0,275.9,225.0
PCBL,4/17/2016,585.0,600.0,589.0,590.0,0.85,18153.0,275.9,225.0
PCBL,4/18/2016,590.0,601.0,590.0,595.0,0.85,23894.0,275.9,225.0
PCBL,4/19/2016,595.0,610.0,586.0,600.0,0.84,25820.0,275.9,225.0
PCBL,4/20/2016,600.0,614.0,588.0,604.0,0.67,27079.0,275.9,225.0
PCBL,4/21/2016,604.0,630.0,606.0,620.0,2.65,36586.0,275.9,225.0
PCBL,4/24/2016,620.0,640.0,628.0,635.0,2.42,22769.0,275.9,225.0
PCBL,4/25/2016,635.0,647.0,635.0,640.0,0.79,22233.0,275.9,225.0
PCBL,4/26/2016,640.0,645.0,630.0,630.0,-1.56,32764.0,275.9,225.0
PCBL,4/27/2016,630.0,634.0,610.0,631.0,0.16,24357.0,275.9,225.0
PCBL,4/28/2016,631.0,632.0,625.0,626.0,-0.79,17614.0,275.9,225.0
PCBL,5/2/2016,626.0,633.0,616.0,622.0,-0.64,20703.0,275.9,225.0
PCBL,5/3/2016,622.0,630.0,613.0,628.0,0.96,56431.0,275.9,225.0
PCBL,5/4/2016,628.0,622.0,613.0,618.0,-1.59,15664.0,275.9,225.0
PCBL,5/5/2016,618.0,625.0,602.0,625.0,1.13,17312.0,275.9,225.0
PCBL,5/8/2016,625.0,640.0,620.0,640.0,2.4,19299.0,275.9,225.0
PCBL,5/9/2016,640.0,652.0,631.0,651.0,1.72,27204.0,275.9,225.0
PCBL,5/10/2016,651.0,658.0,643.0,654.0,0.46,26414.0,275.9,225.0
PCBL,5/11/2016,654.0,646.0,638.0,640.0,-2.14,15337.0,275.9,225.0
PCBL,5/12/2016,640.0,642.0,628.0,634.0,-0.94,19644.0,275.9,225.0
PCBL,5/15/2016,634.0,640.0,630.0,631.0,-0.47,18705.0,275.9,225.0
PCBL,5/16/2016,631.0,633.0,625.0,630.0,-0.16,11449.0,275.9,225.0
PCBL,5/17/2016,630.0,650.0,630.0,649.0,3.02,35869.0,275.9,225.0
PCBL,5/18/2016,649.0,655.0,649.0,654.0,0.77,32178.0,275.9,225.0
PCBL,5/19/2016,654.0,660.0,635.0,654.0,0.0,30199.0,275.9,225.0
PCBL,5/22/2016,654.0,660.0,646.0,659.0,0.76,24188.0,275.9,225.0
PCBL,5/23/2016,659.0,684.0,661.0,680.0,3.19,59566.0,275.9,225.0
PCBL,5/24/2016,680.0,713.0,690.0,705.0,3.68,73594.0,275.9,225.0
PCBL,5/25/2016,705.0,705.0,670.0,680.0,-3.55,41528.0,275.9,225.0
PCBL,5/26/2016,680.0,690.0,647.0,681.0,0.15,44835.0,275.9,225.0
PCBL,5/29/2016,681.0,682.0,661.0,661.0,-2.94,13930.0,275.9,225.0
PCBL,5/30/2016,661.0,688.0,666.0,666.0,0.76,18440.0,275.9,225.0
PCBL,5/31/2016,666.0,679.0,666.0,667.0,0.15,20537.0,275.9,225.0
PCBL,6/1/2016,667.0,680.0,660.0,661.0,-0.9,23427.0,275.9,225.0
PCBL,6/2/2016,661.0,670.0,650.0,662.0,0.15,21118.0,275.9,225.0
PCBL,6/5/2016,662.0,660.0,620.0,635.0,-4.08,35828.0,275.9,225.0
PCBL,6/6/2016,635.0,658.0,630.0,658.0,3.62,23997.0,275.9,225.0
PCBL,6/7/2016,658.0,685.0,658.0,685.0,4.1,71324.0,275.9,225.0
PCBL,6/8/2016,685.0,700.0,687.0,695.0,1.46,41117.0,275.9,225.0
PCBL,6/9/2016,695.0,705.0,693.0,697.0,0.29,48249.0,275.9,225.0
PCBL,6/12/2016,697.0,710.0,692.0,708.0,1.58,68626.0,275.9,225.0
PCBL,6/13/2016,708.0,722.0,701.0,713.0,0.71,45249.0,275.9,225.0
PCBL,6/14/2016,713.0,723.0,710.0,719.0,0.84,39729.0,275.9,225.0
PCBL,6/15/2016,719.0,720.0,705.0,710.0,-1.25,24205.0,275.9,225.0
PCBL,6/16/2016,710.0,720.0,706.0,715.0,0.7,30664.0,275.9,225.0
PCBL,6/19/2016,715.0,710.0,700.0,703.0,-1.68,23568.0,275.9,225.0
PCBL,6/20/2016,703.0,707.0,700.0,706.0,0.43,9752.0,275.9,225.0
PCBL,6/21/2016,706.0,711.0,701.0,710.0,0.57,11942.0,275.9,225.0
PCBL,6/22/2016,710.0,732.0,710.0,713.0,0.42,25149.0,275.9,225.0
PCBL,6/23/2016,713.0,715.0,708.0,710.0,-0.42,22461.0,275.9,225.0
PCBL,6/26/2016,710.0,727.0,703.0,725.0,2.11,55244.0,275.9,225.0
PCBL,6/27/2016,725.0,755.0,720.0,746.0,2.9,55479.0,275.9,225.0
PCBL,6/28/2016,746.0,774.0,743.0,758.0,1.61,49996.0,275.9,225.0
PCBL,6/29/2016,758.0,765.0,752.0,762.0,0.53,28645.0,275.9,225.0
PCBL,6/30/2016,762.0,763.0,746.0,760.0,-0.26,27312.0,275.9,225.0
PCBL,7/3/2016,760.0,760.0,745.0,750.0,-1.32,13761.0,275.9,225.0
PCBL,7/4/2016,750.0,753.0,737.0,745.0,-0.67,16742.0,275.9,225.0
PCBL,7/5/2016,745.0,759.0,732.0,747.0,0.27,21557.0,275.9,225.0
PCBL,7/6/2016,747.0,753.0,745.0,753.0,0.8,19851.0,275.9,225.0
PCBL,7/10/2016,753.0,763.0,743.0,756.0,0.4,20401.0,275.9,225.0
PCBL,7/11/2016,756.0,760.0,750.0,759.0,0.4,14363.0,275.9,225.0
PCBL,7/12/2016,759.0,759.0,715.0,742.0,-2.24,16302.0,275.9,225.0
PCBL,7/13/2016,742.0,741.0,714.0,741.0,-0.13,13453.0,275.9,225.0
PCBL,7/14/2016,741.0,760.0,741.0,746.0,0.67,17448.0,275.9,225.0
PCBL,7/17/2016,746.0,780.0,740.0,780.0,4.56,31012.0,275.9,225.0
PCBL,7/18/2016,780.0,816.0,794.0,807.0,3.46,59302.0,275.9,225.0
PCBL,7/19/2016,807.0,836.0,803.0,824.0,2.11,49476.0,275.9,225.0
PCBL,7/20/2016,824.0,840.0,800.0,810.0,-1.7,47120.0,275.9,225.0
PCBL,7/21/2016,810.0,825.0,794.0,817.0,0.86,21998.0,275.9,225.0
PCBL,7/25/2016,817.0,885.0,830.0,885.0,8.32,123893.0,275.9,225.0
PCBL,7/26/2016,885.0,914.0,890.0,895.0,1.13,106531.0,275.9,225.0
PCBL,7/27/2016,895.0,932.0,900.0,914.0,2.12,88624.0,275.9,225.0
PCBL,7/28/2016,914.0,925.0,893.0,905.0,-0.98,72212.0,275.9,225.0
PCBL,7/31/2016,905.0,910.0,880.0,882.0,-2.54,69801.0,275.9,225.0
PCBL,8/1/2016,882.0,890.0,865.0,865.0,-1.93,137880.0,275.9,225.0
PCBL,8/2/2016,865.0,884.0,861.0,870.0,0.58,225769.0,275.9,225.0
PCBL,8/3/2016,678.0,710.0,682.0,698.0,-19.77,69087.0,275.9,225.0
PCBL,8/4/2016,698.0,698.0,653.0,670.0,-4.01,36724.0,275.9,225.0
PCBL,8/7/2016,670.0,700.0,657.0,660.0,-1.49,25280.0,275.9,225.0
PCBL,8/8/2016,660.0,656.0,610.0,610.0,-7.58,18592.0,275.9,225.0
PCBL,8/9/2016,610.0,671.0,622.0,671.0,10.0,1234.0,275.9,225.0
PCBL,8/10/2016,671.0,710.0,651.0,671.0,0.0,32609.0,275.9,225.0
PCBL,8/11/2016,671.0,696.0,663.0,690.0,2.83,26458.0,275.9,225.0
PCBL,8/14/2016,690.0,677.0,652.0,664.0,-3.77,9742.0,275.9,225.0
PCBL,8/15/2016,664.0,651.0,625.0,635.0,-4.37,34395.0,275.9,225.0
PCBL,8/16/2016,635.0,665.0,624.0,650.0,2.36,19880.0,275.9,225.0
PCBL,8/17/2016,650.0,660.0,648.0,651.0,0.15,21288.0,275.9,225.0
PCBL,8/21/2016,651.0,664.0,635.0,635.0,-2.46,13148.0,275.9,225.0
PCBL,8/22/2016,635.0,632.0,626.0,630.0,-0.79,11439.0,275.9,225.0
PCBL,8/23/2016,630.0,639.0,618.0,629.0,-0.16,10838.0,275.9,225.0
PCBL,8/24/2016,629.0,645.0,620.0,645.0,2.54,13020.0,275.9,225.0
PCBL,8/28/2016,645.0,655.0,640.0,648.0,0.47,9815.0,275.9,225.0
PCBL,8/29/2016,648.0,678.0,640.0,659.0,1.7,18072.0,275.9,225.0
PCBL,8/30/2016,659.0,709.0,670.0,700.0,6.22,60999.0,275.9,225.0
PCBL,8/31/2016,700.0,700.0,681.0,696.0,-0.57,19704.0,275.9,225.0
PCBL,9/1/2016,696.0,705.0,690.0,703.0,1.01,30565.0,275.9,225.0
PCBL,9/3/2016,703.0,713.0,700.0,704.0,0.14,18384.0,275.9,225.0
PCBL,9/4/2016,703.0,713.0,700.0,704.0,0.0,18384.0,275.9,225.0
PCBL,9/5/2016,704.0,726.0,705.0,721.0,2.41,42423.0,275.9,225.0
PCBL,9/6/2016,721.0,740.0,705.0,730.0,1.25,42678.0,275.9,225.0
PCBL,9/7/2016,730.0,730.0,707.0,715.0,-2.05,26980.0,275.9,225.0
PCBL,9/8/2016,715.0,716.0,701.0,713.0,-0.28,12687.0,275.9,225.0
PCBL,9/11/2016,713.0,720.0,691.0,691.0,-3.09,11187.0,275.9,225.0
PCBL,9/12/2016,691.0,696.0,685.0,693.0,0.29,20790.0,275.9,225.0
PCBL,9/14/2016,693.0,699.0,684.0,691.0,-0.29,18942.0,275.9,225.0
PCBL,9/18/2016,691.0,691.0,665.0,675.0,-2.32,22551.0,275.9,225.0
PCBL,9/20/2016,675.0,685.0,661.0,661.0,-2.07,13918.0,275.9,225.0
PCBL,9/21/2016,661.0,675.0,644.0,665.0,0.61,14243.0,275.9,225.0
PCBL,9/22/2016,665.0,665.0,650.0,650.0,-2.26,14520.0,275.9,225.0
PCBL,9/25/2016,650.0,638.0,620.0,627.0,-3.54,29758.0,275.9,225.0
PCBL,9/26/2016,627.0,650.0,627.0,641.0,2.23,22667.0,275.9,225.0
PCBL,9/27/2016,641.0,660.0,640.0,645.0,0.62,11033.0,275.9,225.0
PCBL,9/28/2016,645.0,645.0,637.0,637.0,-1.24,14664.0,275.9,225.0
PCBL,9/29/2016,637.0,645.0,633.0,633.0,-0.63,19907.0,275.9,225.0
PCBL,10/2/2016,633.0,640.0,625.0,640.0,1.11,8708.0,275.9,225.0
PCBL,10/3/2016,640.0,650.0,640.0,646.0,0.94,8573.0,275.9,225.0
PCBL,10/4/2016,646.0,655.0,640.0,645.0,-0.15,11531.0,275.9,225.0
PCBL,10/5/2016,645.0,655.0,650.0,652.0,1.09,7377.0,275.9,225.0
PCBL,10/6/2016,652.0,665.0,655.0,662.0,1.53,12905.0,275.9,225.0
PCBL,10/16/2016,662.0,668.0,657.0,658.0,-0.6,5069.0,275.9,225.0
PCBL,10/17/2016,658.0,666.0,640.0,653.0,-0.76,3500.0,275.9,225.0
PCBL,10/18/2016,653.0,650.0,643.0,647.0,-0.92,7404.0,275.9,225.0
PCBL,10/19/2016,647.0,647.0,640.0,645.0,-0.31,6076.0,275.9,225.0
PCBL,10/20/2016,645.0,653.0,641.0,653.0,1.24,8073.0,275.9,225.0
PCBL,10/23/2016,653.0,649.0,640.0,641.0,-1.84,9189.0,275.9,225.0
PCBL,10/24/2016,641.0,644.0,634.0,640.0,-0.16,8679.0,275.9,225.0
PCBL,10/25/2016,640.0,660.0,632.0,653.0,2.03,10563.0,275.9,225.0
PCBL,10/26/2016,653.0,673.0,640.0,650.0,-0.46,27121.0,275.9,225.0
PCBL,10/27/2016,650.0,655.0,642.0,646.0,-0.62,12038.0,275.9,225.0
PCBL,11/3/2016,646.0,653.0,635.0,647.0,0.15,3668.0,275.9,225.0
PCBL,11/7/2016,647.0,649.0,620.0,622.0,-3.86,10812.0,275.9,225.0
PCBL,11/8/2016,622.0,625.0,606.0,615.0,-1.13,12446.0,275.9,225.0
PCBL,11/9/2016,615.0,618.0,580.0,595.0,-3.25,15407.0,275.9,225.0
PCBL,11/10/2016,595.0,612.0,590.0,593.0,-0.34,15279.0,275.9,225.0
PCBL,11/13/2016,593.0,604.0,590.0,590.0,-0.51,8893.0,275.9,225.0
PCBL,11/14/2016,590.0,600.0,594.0,600.0,1.69,4880.0,275.9,225.0
PCBL,11/15/2016,600.0,609.0,598.0,600.0,0.0,9017.0,275.9,225.0
PCBL,11/16/2016,600.0,600.0,582.0,585.0,-2.5,13817.0,275.9,225.0
PCBL,11/17/2016,585.0,583.0,569.0,575.0,-1.71,13522.0,275.9,225.0
PCBL,11/20/2016,575.0,570.0,526.0,542.0,-5.74,34356.0,275.9,225.0
PCBL,11/21/2016,542.0,557.0,532.0,550.0,1.48,13069.0,275.9,225.0
PCBL,11/22/2016,550.0,555.0,530.0,538.0,-2.18,18647.0,275.9,225.0
PCBL,11/23/2016,538.0,540.0,515.0,530.0,-1.49,13491.0,275.9,225.0
PCBL,11/24/2016,530.0,540.0,515.0,525.0,-0.94,11937.0,275.9,225.0
PCBL,11/27/2016,525.0,534.0,495.0,500.0,-4.76,18530.0,275.9,225.0
PCBL,11/28/2016,500.0,530.0,473.0,521.0,4.2,18104.0,275.9,225.0
PCBL,11/29/2016,521.0,549.0,505.0,545.0,4.61,21905.0,275.9,225.0
PCBL,11/30/2016,545.0,572.0,550.0,563.0,3.3,17909.0,275.9,225.0
PCBL,12/1/2016,563.0,570.0,537.0,551.0,-2.13,18796.0,275.9,225.0
PCBL,12/4/2016,551.0,550.0,520.0,536.0,-2.72,10314.0,275.9,225.0
PCBL,12/5/2016,536.0,536.0,524.0,524.0,-2.24,8505.0,275.9,225.0
PCBL,12/6/2016,524.0,548.0,515.0,535.0,2.1,15276.0,275.9,225.0
PCBL,12/7/2016,535.0,543.0,538.0,543.0,1.5,9148.0,275.9,225.0
PCBL,12/8/2016,543.0,541.0,535.0,535.0,-1.47,6403.0,275.9,225.0
PCBL,12/11/2016,535.0,539.0,528.0,530.0,-0.93,5402.0,275.9,225.0
PCBL,12/12/2016,530.0,525.0,510.0,519.0,-2.08,7171.0,275.9,225.0
PCBL,12/14/2016,519.0,530.0,513.0,518.0,-0.19,11550.0,275.9,225.0
PCBL,12/15/2016,518.0,525.0,510.0,520.0,0.39,8071.0,275.9,225.0
PCBL,12/18/2016,520.0,520.0,511.0,515.0,-0.96,10397.0,275.9,225.0
PCBL,12/19/2016,515.0,514.0,505.0,510.0,-0.97,9162.0,275.9,225.0
PCBL,12/20/2016,510.0,506.0,497.0,498.0,-2.35,20251.0,275.9,225.0
PCBL,12/21/2016,498.0,498.0,488.0,490.0,-1.61,25937.0,275.9,225.0
PCBL,12/22/2016,490.0,496.0,481.0,493.0,0.61,6268.0,275.9,225.0
PCBL,12/26/2016,493.0,490.0,479.0,485.0,-1.62,11990.0,275.9,225.0
PCBL,12/27/2016,485.0,485.0,471.0,477.0,-1.65,23886.0,275.9,225.0
PCBL,12/28/2016,477.0,495.0,480.0,489.0,2.52,8350.0,275.9,225.0
PCBL,12/29/2016,489.0,501.0,490.0,496.0,1.43,18061.0,275.9,225.0
PCBL,1/1/2017,496.0,515.0,500.0,500.0,0.81,12533.0,275.9,225.0
PCBL,1/2/2017,500.0,520.0,490.0,516.0,3.2,21524.0,275.9,225.0
PCBL,1/3/2017,516.0,517.0,491.0,500.0,-3.1,36549.0,275.9,225.0
PCBL,1/4/2017,500.0,510.0,498.0,503.0,0.6,14104.0,275.9,225.0
PCBL,1/5/2017,503.0,515.0,500.0,506.0,0.6,12262.0,275.9,225.0
PCBL,1/8/2017,506.0,504.0,488.0,490.0,-3.16,30923.0,275.9,225.0
PCBL,1/9/2017,490.0,508.0,490.0,508.0,3.67,9553.0,275.9,225.0
PCBL,1/10/2017,508.0,518.0,507.0,514.0,1.18,39028.0,275.9,225.0
PCBL,1/11/2017,514.0,515.0,506.0,510.0,-0.78,27554.0,275.9,225.0
PCBL,1/15/2017,435.0,427.0,412.0,415.0,-18.63,6437.0,275.9,225.0
PCBL,1/16/2017,415.0,420.0,410.0,419.0,0.96,6113.0,275.9,225.0
PCBL,1/17/2017,419.0,420.0,412.0,415.0,-0.95,1610.0,275.9,225.0
PCBL,1/18/2017,415.0,415.0,410.0,413.0,-0.48,3477.0,275.9,225.0
PCBL,1/19/2017,413.0,415.0,411.0,414.0,0.24,4579.0,275.9,225.0
PCBL,1/22/2017,414.0,420.0,411.0,413.0,-0.24,6096.0,275.9,225.0
PCBL,1/23/2017,413.0,415.0,407.0,407.0,-1.45,4526.0,275.9,225.0
PCBL,1/24/2017,407.0,406.0,396.0,396.0,-2.7,7410.0,275.9,225.0
PCBL,1/25/2017,396.0,401.0,386.0,390.0,-1.52,7342.0,275.9,225.0
PCBL,1/26/2017,390.0,390.0,364.0,369.0,-5.38,16241.0,275.9,225.0
PCBL,1/30/2017,369.0,367.0,352.0,354.0,-4.07,10714.0,275.9,225.0
PCBL,1/31/2017,354.0,370.0,341.0,367.0,3.67,12215.0,275.9,225.0
PCBL,2/1/2017,367.0,403.0,374.0,402.0,9.54,12873.0,275.9,225.0
PCBL,2/2/2017,402.0,417.0,397.0,401.0,-0.25,17319.0,275.9,225.0
PCBL,2/5/2017,401.0,405.0,372.0,383.0,-4.49,16533.0,275.9,225.0
PCBL,2/6/2017,383.0,385.0,367.0,378.0,-1.31,13343.0,275.9,225.0
PCBL,2/7/2017,378.0,379.0,367.0,375.0,-0.79,9933.0,275.9,225.0
PCBL,2/8/2017,375.0,375.0,367.0,370.0,-1.33,17406.0,275.9,225.0
PCBL,2/9/2017,370.0,371.0,357.0,360.0,-2.7,25009.0,275.9,225.0
PCBL,2/12/2017,360.0,358.0,340.0,348.0,-3.33,22165.0,275.9,225.0
PCBL,2/13/2017,348.0,360.0,331.0,359.0,3.16,30905.0,275.9,225.0
PCBL,2/14/2017,359.0,366.0,342.0,353.0,-1.67,24659.0,275.9,225.0
PCBL,2/15/2017,353.0,370.0,350.0,368.0,4.25,38667.0,275.9,225.0
PCBL,2/16/2017,368.0,382.0,358.0,375.0,1.9,26788.0,275.9,225.0
PCBL,2/19/2017,375.0,390.0,365.0,385.0,2.67,25983.0,275.9,225.0
PCBL,2/20/2017,385.0,400.0,380.0,380.0,-1.3,21945.0,275.9,225.0
PCBL,2/21/2017,380.0,394.0,368.0,372.0,-2.11,23431.0,275.9,225.0
PCBL,2/22/2017,372.0,394.0,366.0,376.0,1.08,19778.0,275.9,225.0
PCBL,2/23/2017,376.0,377.0,370.0,371.0,-1.33,9270.0,275.9,225.0
PCBL,2/26/2017,371.0,378.0,358.0,358.0,-3.5,9407.0,275.9,225.0
PCBL,2/28/2017,358.0,363.0,351.0,360.0,0.56,8319.0,275.9,225.0
PCBL,3/1/2017,360.0,372.0,360.0,372.0,3.33,4557.0,275.9,225.0
PCBL,3/2/2017,372.0,379.0,369.0,372.0,0.0,9543.0,275.9,225.0
PCBL,3/5/2017,372.0,382.0,371.0,377.0,1.34,9928.0,275.9,225.0
PCBL,3/6/2017,377.0,391.0,378.0,380.0,0.8,12844.0,275.9,225.0
PCBL,3/7/2017,380.0,380.0,371.0,374.0,-1.58,18990.0,275.9,225.0
PCBL,3/9/2017,374.0,380.0,378.0,378.0,1.07,2248.0,275.9,225.0
PCBL,3/13/2017,378.0,378.0,370.0,374.0,-1.06,6546.0,275.9,225.0
PCBL,3/14/2017,374.0,375.0,371.0,372.0,-0.53,3258.0,275.9,225.0
PCBL,3/15/2017,372.0,378.0,364.0,376.0,1.08,3051.0,275.9,225.0
PCBL,3/16/2017,376.0,378.0,370.0,370.0,-1.6,6121.0,275.9,225.0
PCBL,3/19/2017,370.0,379.0,370.0,376.0,1.62,4892.0,275.9,225.0
PCBL,3/20/2017,376.0,387.0,380.0,387.0,2.93,14586.0,275.9,225.0
PCBL,3/21/2017,387.0,404.0,370.0,396.0,2.33,68652.0,275.9,225.0
PCBL,3/22/2017,396.0,419.0,400.0,406.0,2.53,54503.0,275.9,225.0
PCBL,3/23/2017,406.0,410.0,402.0,405.0,-0.25,27435.0,275.9,225.0
PCBL,3/26/2017,405.0,423.0,405.0,418.0,3.21,24056.0,275.9,225.0
PCBL,3/28/2017,418.0,452.0,425.0,442.0,5.74,51050.0,275.9,225.0
PCBL,3/29/2017,442.0,477.0,432.0,435.0,-1.58,63013.0,275.9,225.0
PCBL,3/30/2017,435.0,444.0,424.0,435.0,0.0,31673.0,275.9,225.0
PCBL,4/2/2017,435.0,460.0,442.0,460.0,5.75,37040.0,275.9,225.0
PCBL,4/3/2017,460.0,504.0,450.0,456.0,-0.87,65577.0,275.9,225.0
PCBL,4/4/2017,456.0,470.0,445.0,460.0,0.88,20674.0,275.9,225.0
PCBL,4/6/2017,460.0,465.0,446.0,460.0,0.0,18788.0,275.9,225.0
PCBL,4/9/2017,460.0,465.0,450.0,450.0,-2.17,50374.0,275.9,225.0
PCBL,4/10/2017,450.0,470.0,446.0,469.0,4.22,27346.0,275.9,225.0
PCBL,4/11/2017,469.0,487.0,469.0,479.0,2.13,43598.0,275.9,225.0
PCBL,4/12/2017,479.0,504.0,472.0,479.0,0.0,49768.0,275.9,225.0
PCBL,4/13/2017,479.0,490.0,462.0,479.0,0.0,19787.0,275.9,225.0
PCBL,4/16/2017,479.0,485.0,455.0,460.0,-3.97,27513.0,275.9,225.0
PCBL,4/18/2017,460.0,455.0,432.0,438.0,-4.78,48374.0,275.9,225.0
PCBL,4/19/2017,438.0,459.0,440.0,459.0,4.79,20330.0,275.9,225.0
PCBL,4/20/2017,459.0,476.0,452.0,454.0,-1.09,25775.0,275.9,225.0
PCBL,4/23/2017,454.0,497.0,463.0,466.0,2.64,29965.0,275.9,225.0
PCBL,4/24/2017,466.0,475.0,454.0,460.0,-1.29,14389.0,275.9,225.0
PCBL,4/25/2017,460.0,465.0,455.0,456.0,-0.87,15643.0,275.9,225.0
PCBL,4/26/2017,456.0,465.0,452.0,465.0,1.97,8140.0,275.9,225.0
PCBL,4/27/2017,465.0,461.0,448.0,458.0,-1.51,12400.0,275.9,225.0
PCBL,4/30/2017,458.0,452.0,447.0,449.0,-1.97,10305.0,275.9,225.0
PCBL,5/2/2017,449.0,465.0,446.0,454.0,1.11,14519.0,275.9,225.0
PCBL,5/3/2017,454.0,469.0,451.0,455.0,0.22,13280.0,275.9,225.0
PCBL,5/4/2017,455.0,455.0,449.0,450.0,-1.1,12499.0,275.9,225.0
PCBL,5/7/2017,450.0,447.0,442.0,445.0,-1.11,4641.0,275.9,225.0
PCBL,5/8/2017,445.0,450.0,437.0,445.0,0.0,7291.0,275.9,225.0
PCBL,5/9/2017,445.0,450.0,440.0,444.0,-0.22,7860.0,275.9,225.0
PCBL,5/11/2017,444.0,450.0,445.0,447.0,0.68,16409.0,275.9,225.0
PCBL,5/15/2017,447.0,458.0,448.0,452.0,1.12,6006.0,275.9,225.0
PCBL,5/16/2017,452.0,451.0,442.0,443.0,-1.99,5839.0,275.9,225.0
PCBL,5/17/2017,443.0,445.0,439.0,442.0,-0.23,8989.0,275.9,225.0
PCBL,5/18/2017,442.0,443.0,436.0,440.0,-0.45,8894.0,275.9,225.0
PCBL,5/21/2017,440.0,440.0,429.0,431.0,-2.05,7789.0,275.9,225.0
PCBL,5/22/2017,431.0,435.0,424.0,424.0,-1.62,14775.0,275.9,225.0
PCBL,5/23/2017,424.0,438.0,420.0,428.0,0.94,6898.0,275.9,225.0
PCBL,5/24/2017,428.0,438.0,423.0,431.0,0.7,10859.0,275.9,225.0
PCBL,5/28/2017,431.0,430.0,420.0,422.0,-2.09,15483.0,275.9,225.0
PCBL,5/30/2017,422.0,423.0,410.0,410.0,-2.84,19289.0,275.9,225.0
PCBL,5/31/2017,410.0,426.0,403.0,413.0,0.73,39955.0,275.9,225.0
PCBL,6/1/2017,413.0,422.0,410.0,420.0,1.69,38847.0,275.9,225.0
PCBL,6/4/2017,420.0,423.0,413.0,414.0,-1.43,11413.0,275.9,225.0
PCBL,6/5/2017,414.0,419.0,410.0,417.0,0.72,19962.0,275.9,225.0
PCBL,6/6/2017,417.0,429.0,415.0,428.0,2.64,37161.0,275.9,225.0
PCBL,6/7/2017,428.0,441.0,419.0,420.0,-1.87,19551.0,275.9,225.0
PCBL,6/8/2017,420.0,420.0,411.0,411.0,-2.14,28791.0,275.9,225.0
PCBL,6/11/2017,411.0,426.0,404.0,411.0,0.0,37184.0,275.9,225.0
PCBL,6/12/2017,411.0,413.0,403.0,408.0,-0.73,18946.0,275.9,225.0
PCBL,6/13/2017,408.0,420.0,403.0,409.0,0.25,21140.0,275.9,225.0
PCBL,6/14/2017,409.0,415.0,405.0,415.0,1.47,22168.0,275.9,225.0
PCBL,6/15/2017,415.0,420.0,407.0,414.0,-0.24,16867.0,275.9,225.0
PCBL,6/18/2017,414.0,422.0,404.0,406.0,-1.93,11000.0,275.9,225.0
PCBL,6/19/2017,406.0,407.0,400.0,400.0,-1.48,24287.0,275.9,225.0
PCBL,6/20/2017,400.0,410.0,393.0,405.0,1.25,26989.0,275.9,225.0
PCBL,6/21/2017,405.0,405.0,400.0,405.0,0.0,15951.0,275.9,225.0
PCBL,6/22/2017,405.0,406.0,402.0,403.0,-0.49,19906.0,275.9,225.0
PCBL,6/25/2017,403.0,409.0,402.0,405.0,0.5,18820.0,275.9,225.0
PCBL,6/27/2017,405.0,409.0,405.0,408.0,0.74,11403.0,275.9,225.0
PCBL,6/28/2017,408.0,410.0,401.0,408.0,0.0,10466.0,275.9,225.0
PCBL,7/2/2017,408.0,405.0,399.0,399.0,-2.21,13749.0,275.9,225.0
PCBL,7/3/2017,399.0,404.0,399.0,401.0,0.5,19276.0,275.9,225.0
PCBL,7/4/2017,401.0,405.0,393.0,402.0,0.25,10718.0,275.9,225.0
PCBL,7/5/2017,402.0,411.0,400.0,410.0,1.99,18567.0,275.9,225.0
PCBL,7/6/2017,410.0,425.0,402.0,424.0,3.41,17429.0,275.9,225.0
PCBL,7/9/2017,424.0,437.0,410.0,424.0,0.0,52643.0,275.9,225.0
PCBL,7/10/2017,424.0,426.0,417.0,419.0,-1.18,16262.0,275.9,225.0
PCBL,7/11/2017,419.0,432.0,413.0,418.0,-0.24,20136.0,275.9,225.0
PCBL,7/12/2017,418.0,426.0,419.0,425.0,1.67,12014.0,275.9,225.0
PCBL,7/13/2017,425.0,426.0,420.0,421.0,-0.94,14403.0,275.9,225.0
PCBL,7/16/2017,421.0,425.0,417.0,422.0,0.24,5229.0,275.9,225.0
PCBL,7/17/2017,422.0,430.0,422.0,427.0,1.18,12039.0,275.9,225.0
PCBL,7/18/2017,427.0,444.0,428.0,444.0,3.98,17362.0,275.9,225.0
PCBL,7/19/2017,444.0,452.0,436.0,444.0,0.0,20966.0,275.9,225.0
PCBL,7/20/2017,444.0,442.0,435.0,436.0,-1.8,16486.0,275.9,225.0
PCBL,7/23/2017,436.0,442.0,425.0,427.0,-2.06,23593.0,275.9,225.0
PCBL,7/24/2017,427.0,427.0,420.0,425.0,-0.47,26437.0,275.9,225.0
PCBL,7/25/2017,425.0,432.0,422.0,425.0,0.0,20135.0,275.9,225.0
PCBL,7/26/2017,425.0,427.0,423.0,424.0,-0.24,16792.0,275.9,225.0
PCBL,7/27/2017,424.0,434.0,424.0,429.0,1.18,30557.0,275.9,225.0
PCBL,7/30/2017,429.0,436.0,425.0,428.0,-0.23,30873.0,275.9,225.0
PCBL,7/31/2017,428.0,439.0,430.0,435.0,1.64,50975.0,275.9,225.0
PCBL,8/1/2017,435.0,449.0,435.0,439.0,0.92,22338.0,275.9,225.0
PCBL,8/2/2017,439.0,445.0,438.0,441.0,0.46,30908.0,275.9,225.0
PCBL,8/3/2017,441.0,445.0,437.0,439.0,-0.45,36534.0,275.9,225.0
PCBL,8/6/2017,439.0,463.0,446.0,458.0,4.33,138194.0,275.9,225.0
PCBL,8/7/2017,458.0,464.0,454.0,455.0,-0.66,54293.0,275.9,225.0
PCBL,8/9/2017,455.0,460.0,445.0,449.0,-1.32,35058.0,275.9,225.0
PCBL,8/10/2017,449.0,451.0,443.0,448.0,-0.22,25147.0,275.9,225.0
PCBL,8/13/2017,448.0,460.0,450.0,451.0,0.67,40317.0,275.9,225.0
PCBL,8/15/2017,451.0,451.0,442.0,451.0,0.0,25198.0,275.9,225.0
PCBL,8/16/2017,451.0,455.0,448.0,451.0,0.0,23349.0,275.9,225.0
PCBL,8/17/2017,451.0,454.0,446.0,454.0,0.67,20287.0,275.9,225.0
PCBL,8/20/2017,454.0,454.0,437.0,450.0,-0.88,23960.0,275.9,225.0
PCBL,8/21/2017,450.0,446.0,440.0,441.0,-2.0,31543.0,275.9,225.0
PCBL,8/22/2017,441.0,450.0,440.0,446.0,1.13,24795.0,275.9,225.0
PCBL,8/23/2017,446.0,452.0,440.0,444.0,-0.45,11483.0,275.9,225.0
PCBL,8/24/2017,444.0,449.0,443.0,447.0,0.68,17634.0,275.9,225.0
PCBL,8/27/2017,447.0,460.0,445.0,449.0,0.45,19980.0,275.9,225.0
PCBL,8/28/2017,449.0,449.0,441.0,443.0,-1.34,21460.0,275.9,225.0
PCBL,8/30/2017,443.0,444.0,439.0,439.0,-0.9,20251.0,275.9,225.0
PCBL,8/31/2017,439.0,437.0,430.0,432.0,-1.59,34447.0,275.9,225.0
PCBL,9/4/2017,432.0,435.0,418.0,422.0,-2.31,38470.0,275.9,225.0
PCBL,9/6/2017,422.0,432.0,423.0,426.0,0.95,31140.0,275.9,225.0
PCBL,9/7/2017,426.0,433.0,422.0,422.0,-0.94,16957.0,275.9,225.0
PCBL,9/10/2017,422.0,430.0,417.0,420.0,-0.47,30412.0,275.9,225.0
PCBL,9/11/2017,420.0,426.0,414.0,421.0,0.24,28356.0,275.9,225.0
PCBL,9/12/2017,421.0,422.0,416.0,417.0,-0.95,19571.0,275.9,225.0
PCBL,9/13/2017,417.0,420.0,410.0,417.0,0.0,22331.0,275.9,225.0
PCBL,9/14/2017,417.0,431.0,411.0,427.0,2.4,30809.0,275.9,225.0
PCBL,9/17/2017,427.0,437.0,426.0,433.0,1.41,28022.0,275.9,225.0
PCBL,9/18/2017,433.0,438.0,429.0,432.0,-0.23,23653.0,275.9,225.0
PCBL,9/20/2017,432.0,432.0,423.0,430.0,-0.46,25599.0,275.9,225.0
PCBL,9/24/2017,430.0,431.0,425.0,429.0,-0.23,11746.0,275.9,225.0
PCBL,9/25/2017,429.0,438.0,429.0,435.0,1.4,14858.0,275.9,225.0
PCBL,9/26/2017,435.0,440.0,431.0,434.0,-0.23,18974.0,275.9,225.0
PCBL,10/3/2017,434.0,451.0,435.0,451.0,3.92,9110.0,275.9,225.0
PCBL,10/4/2017,451.0,447.0,441.0,444.0,-1.55,19822.0,275.9,225.0
PCBL,10/8/2017,444.0,444.0,421.0,436.0,-1.8,12924.0,275.9,225.0
PCBL,10/9/2017,436.0,432.0,422.0,430.0,-1.38,9206.0,275.9,225.0
PCBL,10/10/2017,430.0,434.0,426.0,430.0,0.0,13864.0,275.9,225.0
PCBL,10/11/2017,430.0,434.0,423.0,429.0,-0.23,8315.0,275.9,225.0
PCBL,10/12/2017,429.0,432.0,428.0,430.0,0.23,15225.0,275.9,225.0
PCBL,10/15/2017,430.0,438.0,425.0,435.0,1.16,16880.0,275.9,225.0
PCBL,10/16/2017,435.0,445.0,436.0,445.0,2.3,25586.0,275.9,225.0
PCBL,10/17/2017,445.0,451.0,438.0,444.0,-0.22,45917.0,275.9,225.0
PCBL,10/18/2017,444.0,448.0,440.0,447.0,0.68,13554.0,275.9,225.0
PCBL,10/22/2017,447.0,455.0,441.0,448.0,0.22,25407.0,275.9,225.0
PCBL,10/23/2017,448.0,452.0,448.0,450.0,0.45,28749.0,275.9,225.0
PCBL,10/24/2017,450.0,455.0,450.0,454.0,0.89,33149.0,275.9,225.0
PCBL,10/25/2017,454.0,453.0,447.0,448.0,-1.32,16387.0,275.9,225.0
PCBL,10/29/2017,448.0,451.0,442.0,444.0,-0.89,9244.0,275.9,225.0
PCBL,10/30/2017,444.0,445.0,441.0,441.0,-0.68,15979.0,275.9,225.0
PCBL,10/31/2017,441.0,451.0,439.0,451.0,2.27,13127.0,275.9,225.0
PCBL,11/1/2017,451.0,451.0,439.0,441.0,-2.22,15735.0,275.9,225.0
PCBL,11/2/2017,441.0,446.0,440.0,440.0,-0.23,19105.0,275.9,225.0
PCBL,11/5/2017,440.0,442.0,428.0,430.0,-2.27,33649.0,275.9,225.0
PCBL,11/6/2017,430.0,440.0,427.0,432.0,0.47,20897.0,275.9,225.0
PCBL,11/7/2017,432.0,441.0,430.0,433.0,0.23,9404.0,275.9,225.0
PCBL,11/8/2017,433.0,437.0,420.0,425.0,-1.85,19960.0,275.9,225.0
PCBL,11/9/2017,425.0,432.0,421.0,430.0,1.18,24533.0,275.9,225.0
PCBL,11/12/2017,430.0,435.0,424.0,435.0,1.16,20905.0,275.9,225.0
PCBL,11/13/2017,435.0,445.0,431.0,440.0,1.15,49802.0,275.9,225.0
PCBL,11/14/2017,440.0,448.0,441.0,442.0,0.45,75163.0,275.9,225.0
PCBL,11/15/2017,442.0,447.0,440.0,440.0,-0.45,31641.0,275.9,225.0
PCBL,11/16/2017,440.0,440.0,432.0,435.0,-1.14,20020.0,275.9,225.0
PCBL,11/19/2017,435.0,437.0,431.0,434.0,-0.23,12895.0,275.9,225.0
PCBL,11/20/2017,434.0,437.0,430.0,430.0,-0.92,14464.0,275.9,225.0
PCBL,11/21/2017,430.0,438.0,430.0,433.0,0.7,11640.0,275.9,225.0
PCBL,11/22/2017,433.0,439.0,435.0,435.0,0.46,12010.0,275.9,225.0
PCBL,11/23/2017,435.0,440.0,437.0,439.0,0.92,17122.0,275.9,225.0
PCBL,11/26/2017,439.0,444.0,439.0,441.0,0.46,16112.0,275.9,225.0
PCBL,11/27/2017,441.0,445.0,438.0,440.0,-0.23,20192.0,275.9,225.0
PCBL,11/28/2017,440.0,442.0,437.0,440.0,0.0,14375.0,275.9,225.0
PCBL,11/29/2017,440.0,446.0,439.0,443.0,0.68,37112.0,275.9,225.0
PCBL,11/30/2017,443.0,444.0,436.0,441.0,-0.45,18317.0,275.9,225.0
PCBL,12/4/2017,441.0,445.0,438.0,438.0,-0.68,20228.0,275.9,225.0
PCBL,12/5/2017,438.0,440.0,436.0,438.0,0.0,12865.0,275.9,225.0
PCBL,12/6/2017,438.0,442.0,436.0,440.0,0.46,14645.0,275.9,225.0
PCBL,12/10/2017,440.0,456.0,440.0,442.0,0.45,24193.0,275.9,225.0
PCBL,12/11/2017,442.0,442.0,438.0,438.0,-0.9,8413.0,275.9,225.0
PCBL,12/12/2017,438.0,440.0,435.0,435.0,-0.68,11868.0,275.9,225.0
PCBL,12/13/2017,435.0,440.0,436.0,439.0,0.92,43712.0,275.9,225.0
PCBL,12/14/2017,439.0,445.0,438.0,441.0,0.46,24779.0,275.9,225.0
PCBL,12/17/2017,441.0,441.0,433.0,435.0,-1.36,23949.0,275.9,225.0
PCBL,12/18/2017,435.0,438.0,424.0,427.0,-1.84,54860.0,275.9,225.0
PCBL,12/19/2017,427.0,429.0,420.0,420.0,-1.64,143300.0,275.9,225.0
PCBL,12/20/2017,331.0,325.0,313.0,320.0,-23.81,24058.0,275.9,225.0
PCBL,12/21/2017,320.0,317.0,309.0,315.0,-1.56,12623.0,275.9,225.0
PCBL,12/24/2017,315.0,320.0,312.0,312.0,-0.95,9262.0,275.9,225.0
PCBL,12/26/2017,312.0,313.0,309.0,313.0,0.32,8636.0,275.9,225.0
PCBL,12/27/2017,313.0,316.0,302.0,309.0,-1.28,15272.0,275.9,225.0
PCBL,12/28/2017,309.0,308.0,298.0,306.0,-0.97,12322.0,275.9,225.0
PCBL,12/31/2017,306.0,306.0,300.0,303.0,-0.98,11674.0,275.9,225.0
PCBL,1/1/2018,303.0,314.0,303.0,314.0,3.63,19259.0,275.9,225.0
PCBL,1/2/2018,314.0,316.0,310.0,312.0,-0.64,17715.0,275.9,225.0
PCBL,1/3/2018,312.0,312.0,305.0,307.0,-1.6,5910.0,275.9,225.0
PCBL,1/4/2018,307.0,309.0,302.0,303.0,-1.3,9950.0,275.9,225.0
PCBL,1/7/2018,303.0,308.0,300.0,303.0,0.0,7946.0,275.9,225.0
PCBL,1/8/2018,303.0,306.0,302.0,305.0,0.66,13084.0,275.9,225.0
PCBL,1/9/2018,305.0,310.0,305.0,310.0,1.64,9362.0,275.9,225.0
PCBL,1/10/2018,310.0,310.0,305.0,307.0,-0.97,13346.0,275.9,225.0
PCBL,1/14/2018,307.0,307.0,302.0,304.0,-0.98,10382.0,275.9,225.0
PCBL,1/16/2018,304.0,304.0,300.0,301.0,-0.99,5908.0,275.9,225.0
PCBL,1/17/2018,301.0,304.0,299.0,303.0,0.66,13059.0,275.9,225.0
PCBL,1/21/2018,303.0,307.0,301.0,303.0,0.0,12962.0,275.9,225.0
PCBL,1/22/2018,303.0,306.0,298.0,300.0,-0.99,15699.0,275.9,225.0
PCBL,1/23/2018,300.0,304.0,300.0,300.0,0.0,9498.0,275.9,225.0
PCBL,1/24/2018,300.0,301.0,299.0,300.0,0.0,6482.0,275.9,225.0
PCBL,1/25/2018,300.0,303.0,300.0,303.0,1.0,5246.0,275.9,225.0
PCBL,1/28/2018,303.0,307.0,305.0,306.0,0.99,3059.0,275.9,225.0
PCBL,1/29/2018,306.0,306.0,304.0,305.0,-0.33,4734.0,275.9,225.0
PCBL,1/31/2018,305.0,311.0,302.0,308.0,0.98,7076.0,275.9,225.0
PCBL,2/1/2018,308.0,312.0,307.0,307.0,-0.32,8858.0,275.9,225.0
PCBL,2/4/2018,307.0,309.0,306.0,306.0,-0.33,14467.0,275.9,225.0
PCBL,2/5/2018,306.0,307.0,303.0,305.0,-0.33,5925.0,275.9,225.0
PCBL,2/6/2018,305.0,306.0,302.0,304.0,-0.33,5436.0,275.9,225.0
PCBL,2/7/2018,304.0,304.0,300.0,302.0,-0.66,9860.0,275.9,225.0
PCBL,2/8/2018,302.0,307.0,301.0,306.0,1.32,6156.0,275.9,225.0
PCBL,2/11/2018,306.0,305.0,302.0,303.0,-0.98,9107.0,275.9,225.0
PCBL,2/12/2018,303.0,306.0,303.0,303.0,0.0,4264.0,275.9,225.0
PCBL,2/14/2018,303.0,307.0,303.0,307.0,1.32,4486.0,275.9,225.0
PCBL,2/15/2018,307.0,315.0,306.0,313.0,1.95,29740.0,275.9,225.0
PCBL,2/18/2018,319.0,319.0,310.0,314.0,0.32,21906.0,275.9,225.0
PCBL,2/20/2018,315.0,318.0,308.0,308.0,-1.91,12810.0,275.9,225.0
PCBL,2/21/2018,305.0,307.0,305.0,306.0,-0.65,12622.0,275.9,225.0
PCBL,2/22/2018,305.0,307.0,303.0,307.0,0.33,5461.0,275.9,225.0
PCBL,2/25/2018,306.0,306.0,300.0,303.0,-1.3,21466.0,275.9,225.0
PCBL,2/26/2018,309.0,309.0,301.0,303.0,0.0,6386.0,275.9,225.0
PCBL,2/27/2018,309.0,309.0,302.0,303.0,0.0,8549.0,275.9,225.0
PCBL,2/28/2018,303.0,303.0,300.0,302.0,-0.33,16223.0,275.9,225.0
PCBL,3/4/2018,296.0,300.0,291.0,295.0,-2.32,13268.0,275.9,225.0
PCBL,3/5/2018,295.0,297.0,292.0,295.0,0.0,11716.0,275.9,225.0
PCBL,3/6/2018,290.0,299.0,288.0,298.0,1.02,20524.0,275.9,225.0
PCBL,3/7/2018,298.0,300.0,295.0,298.0,0.0,18736.0,275.9,225.0
PCBL,3/11/2018,298.0,298.0,293.0,296.0,-0.67,8797.0,275.9,225.0
PCBL,3/12/2018,292.0,297.0,290.0,292.0,-1.35,11397.0,275.9,225.0
PCBL,3/13/2018,294.0,295.0,292.0,295.0,1.03,7048.0,275.9,225.0
PCBL,3/14/2018,297.0,298.0,295.0,298.0,1.02,6821.0,275.9,225.0
PCBL,3/15/2018,296.0,297.0,293.0,293.0,-1.68,9242.0,275.9,225.0
PCBL,3/18/2018,298.0,299.0,291.0,292.0,-0.34,2376.0,275.9,225.0
PCBL,3/19/2018,294.0,295.0,291.0,291.0,-0.34,7950.0,275.9,225.0
PCBL,3/20/2018,291.0,291.0,287.0,289.0,-0.69,9680.0,275.9,225.0
PCBL,3/21/2018,286.0,288.0,276.0,282.0,-2.42,12607.0,275.9,225.0
PCBL,3/22/2018,282.0,284.0,277.0,279.0,-1.06,10580.0,275.9,225.0
PCBL,3/26/2018,275.0,275.0,265.0,275.0,-1.43,25121.0,275.9,225.0
PCBL,3/27/2018,270.0,295.0,266.0,285.0,3.64,12378.0,275.9,225.0
PCBL,3/28/2018,290.0,290.0,275.0,285.0,0.0,17418.0,275.9,225.0
PCBL,3/29/2018,289.0,290.0,282.0,290.0,1.75,7204.0,275.9,225.0
PCBL,4/1/2018,290.0,290.0,275.0,279.0,-3.79,14088.0,275.9,225.0
PCBL,4/2/2018,284.0,289.0,277.0,278.0,-0.36,13541.0,275.9,225.0
PCBL,4/3/2018,275.0,281.0,275.0,280.0,0.72,13274.0,275.9,225.0
PCBL,4/4/2018,282.0,290.0,282.0,290.0,3.57,9847.0,275.9,225.0
PCBL,4/5/2018,291.0,298.0,288.0,294.0,1.38,17070.0,275.9,225.0
PCBL,4/8/2018,295.0,304.0,291.0,303.0,3.06,38363.0,275.9,225.0
PCBL,4/9/2018,309.0,307.0,297.0,300.0,-0.99,39089.0,275.9,225.0
PCBL,4/10/2018,300.0,300.0,290.0,296.0,-1.33,10145.0,275.9,225.0
PCBL,4/11/2018,292.0,298.0,292.0,297.0,0.34,2568.0,275.9,225.0
PCBL,4/12/2018,296.0,299.0,295.0,295.0,-0.67,8158.0,275.9,225.0
PCBL,4/15/2018,290.0,295.0,286.0,292.0,-1.02,15412.0,275.9,225.0
PCBL,4/16/2018,290.0,298.0,290.0,293.0,0.34,5098.0,275.9,225.0
PCBL,4/17/2018,290.0,300.0,290.0,299.0,2.05,11201.0,275.9,225.0
PCBL,4/18/2018,303.0,326.0,298.0,300.0,0.33,23615.0,275.9,225.0
PCBL,4/19/2018,306.0,321.0,306.0,317.0,5.67,50024.0,275.9,225.0
PCBL,4/22/2018,317.0,348.0,317.0,345.0,8.83,71300.0,275.9,225.0
PCBL,4/23/2018,350.0,350.0,325.0,334.0,-3.19,57368.0,275.9,225.0
PCBL,4/24/2018,335.0,344.0,329.0,332.0,-0.6,44639.0,275.9,225.0
PCBL,4/25/2018,338.0,338.0,330.0,330.0,-0.6,22325.0,275.9,225.0
PCBL,4/26/2018,333.0,339.0,322.0,322.0,-2.42,23001.0,275.9,225.0
PCBL,4/29/2018,320.0,326.0,318.0,326.0,1.24,16834.0,275.9,225.0
PCBL,5/2/2018,321.0,330.0,314.0,327.0,0.31,39859.0,275.9,225.0
PCBL,5/3/2018,328.0,332.0,324.0,325.0,-0.61,29252.0,275.9,225.0
PCBL,5/6/2018,320.0,325.0,320.0,320.0,-1.54,9917.0,275.9,225.0
PCBL,5/7/2018,318.0,323.0,318.0,320.0,0.0,10575.0,275.9,225.0
PCBL,5/8/2018,324.0,324.0,315.0,323.0,0.94,17489.0,275.9,225.0
PCBL,5/9/2018,325.0,325.0,320.0,321.0,-0.62,18608.0,275.9,225.0
PCBL,5/10/2018,319.0,324.0,319.0,320.0,-0.31,21698.0,275.9,225.0
PCBL,5/14/2018,320.0,320.0,316.0,319.0,-0.31,7818.0,275.9,225.0
PCBL,5/15/2018,318.0,320.0,314.0,315.0,-1.25,6496.0,275.9,225.0
PCBL,5/16/2018,315.0,320.0,315.0,318.0,0.95,7699.0,275.9,225.0
PCBL,5/17/2018,318.0,321.0,318.0,319.0,0.31,18525.0,275.9,225.0
PCBL,5/20/2018,320.0,326.0,320.0,320.0,0.31,18558.0,275.9,225.0
PCBL,5/21/2018,325.0,325.0,318.0,320.0,0.0,10836.0,275.9,225.0
PCBL,5/22/2018,320.0,320.0,315.0,318.0,-0.62,12008.0,275.9,225.0
PCBL,5/23/2018,318.0,318.0,314.0,316.0,-0.63,14298.0,275.9,225.0
PCBL,5/24/2018,315.0,316.0,309.0,313.0,-0.95,18364.0,275.9,225.0
PCBL,5/27/2018,310.0,310.0,307.0,307.0,-1.92,13828.0,275.9,225.0
PCBL,5/28/2018,307.0,319.0,306.0,319.0,3.91,13139.0,275.9,225.0
PCBL,5/29/2018,318.0,322.0,315.0,316.0,-0.94,10571.0,275.9,225.0
PCBL,5/30/2018,310.0,322.0,310.0,313.0,-0.95,9426.0,275.9,225.0
PCBL,5/31/2018,314.0,315.0,312.0,314.0,0.32,4206.0,275.9,225.0
PCBL,6/3/2018,308.0,315.0,305.0,306.0,-2.55,8502.0,275.9,225.0
PCBL,6/4/2018,305.0,312.0,302.0,305.0,-0.33,10697.0,275.9,225.0
PCBL,6/6/2018,311.0,311.0,307.0,310.0,1.64,4203.0,275.9,225.0
PCBL,6/7/2018,310.0,310.0,301.0,301.0,-2.9,20457.0,275.9,225.0
PCBL,6/10/2018,300.0,301.0,294.0,295.0,-1.99,26537.0,275.9,225.0
PCBL,6/11/2018,291.0,304.0,291.0,294.0,-0.34,21271.0,275.9,225.0
PCBL,6/12/2018,295.0,297.0,293.0,294.0,0.0,14957.0,275.9,225.0
PCBL,6/13/2018,296.0,296.0,293.0,294.0,0.0,11374.0,275.9,225.0
PCBL,6/14/2018,299.0,300.0,295.0,296.0,0.68,19243.0,275.9,225.0
PCBL,6/17/2018,295.0,297.0,291.0,291.0,-1.69,5052.0,275.9,225.0
PCBL,6/18/2018,291.0,294.0,290.0,293.0,0.69,8551.0,275.9,225.0
PCBL,6/19/2018,290.0,292.0,290.0,291.0,-0.68,5601.0,275.9,225.0
PCBL,6/20/2018,286.0,292.0,286.0,290.0,-0.34,9336.0,275.9,225.0
PCBL,6/21/2018,285.0,293.0,283.0,289.0,-0.34,3365.0,275.9,225.0
PCBL,6/24/2018,290.0,294.0,286.0,290.0,0.35,6120.0,275.9,225.0
PCBL,6/25/2018,289.0,292.0,289.0,289.0,-0.34,8085.0,275.9,225.0
PCBL,6/26/2018,286.0,290.0,281.0,281.0,-2.77,12818.0,275.9,225.0
PCBL,6/27/2018,283.0,285.0,280.0,280.0,-0.36,24517.0,275.9,225.0
PCBL,6/28/2018,279.0,283.0,279.0,281.0,0.36,16515.0,275.9,225.0
PCBL,7/1/2018,281.0,283.0,277.0,278.0,-1.07,12429.0,275.9,225.0
PCBL,7/2/2018,281.0,281.0,276.0,279.0,0.36,5841.0,275.9,225.0
PCBL,7/3/2018,280.0,280.0,273.0,278.0,-0.36,42138.0,275.9,225.0
PCBL,7/4/2018,278.0,283.0,276.0,279.0,0.36,16488.0,275.9,225.0
PCBL,7/5/2018,284.0,294.0,278.0,293.0,5.02,78120.0,275.9,225.0
PCBL,7/8/2018,298.0,298.0,288.0,288.0,-1.71,30337.0,275.9,225.0
PCBL,7/9/2018,288.0,289.0,283.0,285.0,-1.04,10557.0,275.9,225.0
PCBL,7/10/2018,287.0,290.0,278.0,284.0,-0.35,20926.0,275.9,225.0
PCBL,7/11/2018,287.0,290.0,283.0,285.0,0.35,16006.0,275.9,225.0
PCBL,7/12/2018,285.0,287.0,279.0,284.0,-0.35,16169.0,275.9,225.0
PCBL,7/15/2018,285.0,290.0,280.0,285.0,0.35,4328.0,275.9,225.0
PCBL,7/16/2018,284.0,289.0,284.0,287.0,0.7,6304.0,275.9,225.0
PCBL,7/17/2018,286.0,290.0,286.0,290.0,1.05,4866.0,275.9,225.0
PCBL,7/18/2018,290.0,290.0,286.0,289.0,-0.34,1413.0,275.9,225.0
PCBL,7/19/2018,288.0,288.0,283.0,286.0,-1.04,18931.0,275.9,225.0
PCBL,7/22/2018,285.0,287.0,282.0,283.0,-1.05,6411.0,275.9,225.0
PCBL,7/23/2018,284.0,290.0,283.0,284.0,0.35,4951.0,275.9,225.0
PCBL,7/24/2018,284.0,290.0,284.0,287.0,1.06,8290.0,275.9,225.0
PCBL,7/25/2018,287.0,288.0,285.0,287.0,0.0,8411.0,275.9,225.0
PCBL,7/26/2018,290.0,290.0,284.0,286.0,-0.35,4870.0,275.9,225.0
PCBL,7/29/2018,284.0,286.0,283.0,283.0,-1.05,5892.0,275.9,225.0
PCBL,7/30/2018,283.0,288.0,283.0,285.0,0.71,2312.0,275.9,225.0
PCBL,7/31/2018,285.0,287.0,284.0,286.0,0.35,6113.0,275.9,225.0
PCBL,8/1/2018,282.0,285.0,282.0,285.0,-0.35,7761.0,275.9,225.0
PCBL,8/2/2018,287.0,287.0,285.0,286.0,0.35,5644.0,275.9,225.0
PCBL,8/5/2018,286.0,290.0,285.0,290.0,1.4,6491.0,275.9,225.0
PCBL,8/6/2018,286.0,289.0,286.0,289.0,-0.34,8511.0,275.9,225.0
PCBL,8/7/2018,285.0,290.0,285.0,288.0,-0.35,6235.0,275.9,225.0
PCBL,8/8/2018,287.0,290.0,283.0,283.0,-1.74,7063.0,275.9,225.0
PCBL,8/9/2018,283.0,285.0,282.0,283.0,0.0,7956.0,275.9,225.0
PCBL,8/12/2018,280.0,282.0,276.0,279.0,-1.41,7586.0,275.9,225.0
PCBL,8/13/2018,280.0,283.0,280.0,281.0,0.72,16910.0,275.9,225.0
PCBL,8/14/2018,285.0,291.0,285.0,289.0,2.85,24323.0,275.9,225.0
PCBL,8/15/2018,290.0,298.0,290.0,298.0,3.11,39036.0,275.9,225.0
PCBL,8/16/2018,300.0,303.0,295.0,300.0,0.67,43107.0,275.9,225.0
PCBL,8/19/2018,300.0,302.0,294.0,294.0,-2.0,22341.0,275.9,225.0
PCBL,8/20/2018,294.0,295.0,291.0,292.0,-0.68,18049.0,275.9,225.0
PCBL,8/21/2018,292.0,292.0,287.0,290.0,-0.68,9908.0,275.9,225.0
PCBL,8/22/2018,290.0,293.0,289.0,289.0,-0.34,8993.0,275.9,225.0
PCBL,8/23/2018,287.0,290.0,287.0,289.0,0.0,12291.0,275.9,225.0
PCBL,8/26/2018,284.0,290.0,284.0,288.0,-0.35,2811.0,275.9,225.0
PCBL,8/28/2018,290.0,290.0,286.0,288.0,0.0,7436.0,275.9,225.0
PCBL,8/29/2018,284.0,288.0,284.0,287.0,-0.35,3845.0,275.9,225.0
PCBL,8/30/2018,289.0,296.0,287.0,295.0,2.79,11478.0,275.9,225.0
PCBL,9/2/2018,295.0,306.0,293.0,299.0,1.36,22168.0,275.9,225.0
PCBL,9/3/2018,300.0,308.0,299.0,306.0,2.34,30173.0,275.9,225.0
PCBL,9/4/2018,305.0,307.0,300.0,306.0,0.0,36307.0,275.9,225.0
PCBL,9/5/2018,307.0,322.0,305.0,316.0,3.27,56434.0,275.9,225.0
PCBL,9/6/2018,322.0,328.0,313.0,322.0,1.9,81307.0,275.9,225.0
PCBL,9/9/2018,319.0,322.0,313.0,314.0,-2.48,22606.0,275.9,225.0
PCBL,9/10/2018,311.0,312.0,309.0,311.0,-0.96,28084.0,275.9,225.0
PCBL,9/11/2018,310.0,318.0,310.0,315.0,1.29,20204.0,275.9,225.0
PCBL,9/12/2018,312.0,327.0,312.0,325.0,3.17,39951.0,275.9,225.0
PCBL,9/13/2018,325.0,337.0,325.0,331.0,1.85,90634.0,275.9,225.0
PCBL,9/16/2018,337.0,342.0,331.0,336.0,1.51,106397.0,275.9,225.0
PCBL,9/17/2018,334.0,338.0,331.0,333.0,-0.89,38645.0,275.9,225.0
PCBL,9/18/2018,331.0,333.0,326.0,332.0,-0.3,15928.0,275.9,225.0
PCBL,9/20/2018,335.0,335.0,328.0,328.0,-1.2,25217.0,275.9,225.0
PCBL,9/23/2018,329.0,336.0,329.0,334.0,1.83,24613.0,275.9,225.0
PCBL,9/25/2018,334.0,349.0,334.0,346.0,3.59,120303.0,275.9,225.0
PCBL,9/26/2018,337.0,352.0,337.0,342.0,-1.16,53239.0,275.9,225.0
PCBL,9/27/2018,338.0,343.0,337.0,340.0,-0.58,18935.0,275.9,225.0
PCBL,9/30/2018,338.0,339.0,331.0,336.0,-1.18,20586.0,275.9,225.0
PCBL,10/1/2018,335.0,336.0,328.0,328.0,-2.38,25588.0,275.9,225.0
PCBL,10/2/2018,330.0,332.0,326.0,329.0,0.3,13273.0,275.9,225.0
PCBL,10/3/2018,326.0,330.0,324.0,325.0,-1.22,24690.0,275.9,225.0
PCBL,10/4/2018,325.0,331.0,322.0,322.0,-0.92,26060.0,275.9,225.0
PCBL,10/7/2018,322.0,324.0,320.0,323.0,0.31,25157.0,275.9,225.0
PCBL,10/8/2018,325.0,326.0,322.0,324.0,0.31,20625.0,275.9,225.0
PCBL,10/9/2018,324.0,325.0,320.0,320.0,-1.23,17100.0,275.9,225.0
PCBL,10/10/2018,319.0,321.0,319.0,320.0,0.0,11748.0,275.9,225.0
PCBL,10/11/2018,320.0,328.0,320.0,328.0,2.5,12955.0,275.9,225.0
PCBL,10/14/2018,332.0,335.0,328.0,335.0,2.13,27995.0,275.9,225.0
PCBL,10/15/2018,335.0,336.0,331.0,332.0,-0.9,20950.0,275.9,225.0
PCBL,10/21/2018,333.0,338.0,333.0,337.0,1.51,14197.0,275.9,225.0
PCBL,10/22/2018,338.0,338.0,332.0,337.0,0.0,6602.0,275.9,225.0
PCBL,10/23/2018,339.0,339.0,335.0,335.0,-0.59,9441.0,275.9,225.0
PCBL,10/24/2018,336.0,338.0,334.0,338.0,0.9,17192.0,275.9,225.0
PCBL,10/25/2018,339.0,339.0,334.0,335.0,-0.89,14869.0,275.9,225.0
PCBL,10/28/2018,332.0,334.0,331.0,331.0,-1.19,14101.0,275.9,225.0
PCBL,10/29/2018,331.0,331.0,326.0,327.0,-1.21,14529.0,275.9,225.0
PCBL,10/30/2018,327.0,333.0,326.0,333.0,1.83,10449.0,275.9,225.0
PCBL,10/31/2018,328.0,332.0,328.0,332.0,-0.3,5600.0,275.9,225.0
PCBL,11/1/2018,328.0,331.0,327.0,330.0,-0.6,10154.0,275.9,225.0
PCBL,11/4/2018,326.0,328.0,325.0,325.0,-1.52,9391.0,275.9,225.0
PCBL,11/5/2018,319.0,334.0,319.0,330.0,1.54,9110.0,275.9,225.0
PCBL,11/6/2018,330.0,335.0,325.0,335.0,1.52,1058.0,275.9,225.0
PCBL,11/11/2018,335.0,335.0,324.0,326.0,-2.69,12429.0,275.9,225.0
PCBL,11/12/2018,294.0,326.0,294.0,322.0,-1.23,8108.0,275.9,225.0
PCBL,11/13/2018,322.0,333.0,322.0,332.0,3.11,7511.0,275.9,225.0
PCBL,11/14/2018,330.0,332.0,330.0,332.0,0.0,6457.0,275.9,225.0
PCBL,11/15/2018,336.0,336.0,331.0,335.0,0.9,20730.0,275.9,225.0
PCBL,11/18/2018,332.0,334.0,325.0,330.0,-1.49,5951.0,275.9,225.0
PCBL,11/19/2018,325.0,331.0,327.0,328.0,-0.61,6603.0,275.9,225.0
PCBL,11/20/2018,328.0,330.0,326.0,326.0,-0.61,8917.0,275.9,225.0
PCBL,11/21/2018,325.0,326.0,323.0,325.0,-0.31,7936.0,275.9,225.0
PCBL,11/22/2018,328.0,328.0,324.0,325.0,0.0,4118.0,275.9,225.0
PCBL,11/25/2018,324.0,324.0,321.0,321.0,-1.23,6637.0,275.9,225.0
PCBL,11/26/2018,320.0,325.0,318.0,322.0,0.31,14716.0,275.9,225.0
PCBL,11/27/2018,321.0,324.0,321.0,323.0,0.31,7443.0,275.9,225.0
PCBL,11/28/2018,325.0,325.0,320.0,322.0,-0.31,6554.0,275.9,225.0
PCBL,11/29/2018,321.0,321.0,317.0,317.0,-1.55,11040.0,275.9,225.0
PCBL,12/2/2018,313.0,315.0,312.0,315.0,-0.63,23727.0,275.9,225.0
PCBL,12/3/2018,313.0,320.0,313.0,315.0,0.0,10076.0,275.9,225.0
PCBL,12/4/2018,316.0,319.0,315.0,318.0,0.95,6203.0,275.9,225.0
PCBL,12/5/2018,315.0,315.0,310.0,312.0,-1.89,10602.0,275.9,225.0
PCBL,12/6/2018,310.0,315.0,310.0,315.0,0.96,7716.0,275.9,225.0
PCBL,12/9/2018,315.0,315.0,310.0,313.0,-0.63,7237.0,275.9,225.0
PCBL,12/10/2018,315.0,319.0,315.0,317.0,1.28,5827.0,275.9,225.0
PCBL,12/11/2018,314.0,318.0,314.0,318.0,0.32,3782.0,275.9,225.0
PCBL,12/12/2018,318.0,319.0,315.0,317.0,-0.31,19107.0,275.9,225.0
PCBL,12/13/2018,318.0,322.0,317.0,320.0,0.95,17006.0,275.9,225.0
PCBL,12/16/2018,323.0,327.0,321.0,325.0,1.56,23119.0,275.9,225.0
PCBL,12/17/2018,325.0,329.0,321.0,329.0,1.23,12821.0,275.9,225.0
PCBL,12/18/2018,326.0,327.0,321.0,324.0,-1.52,17191.0,275.9,225.0
PCBL,12/19/2018,323.0,325.0,319.0,324.0,0.0,10360.0,275.9,225.0
PCBL,12/20/2018,330.0,333.0,327.0,331.0,2.16,55462.0,275.9,225.0
PCBL,12/23/2018,337.0,350.0,335.0,340.0,2.72,86281.0,275.9,225.0
PCBL,12/24/2018,345.0,345.0,334.0,338.0,-0.59,33377.0,275.9,225.0
PCBL,12/25/2018,335.0,339.0,335.0,338.0,0.0,8428.0,275.9,225.0
PCBL,12/26/2018,342.0,346.0,340.0,344.0,1.78,54439.0,275.9,225.0
PCBL,12/27/2018,344.0,345.0,340.0,341.0,-0.87,36710.0,275.9,225.0
PCBL,12/30/2018,343.0,343.0,338.0,340.0,-0.29,12031.0,275.9,225.0
PCBL,12/31/2018,340.0,340.0,337.0,339.0,-0.29,10355.0,275.9,225.0
PCBL,1/1/2019,344.0,344.0,334.0,334.0,-1.47,12856.0,275.9,225.0
PCBL,1/2/2019,331.0,336.0,331.0,335.0,0.3,7491.0,275.9,225.0
PCBL,1/3/2019,338.0,338.0,332.0,333.0,-0.6,5040.0,275.9,225.0
PCBL,1/6/2019,332.0,335.0,329.0,329.0,-1.2,22628.0,275.9,225.0
PCBL,1/7/2019,329.0,338.0,329.0,338.0,2.74,8315.0,275.9,225.0
PCBL,1/8/2019,334.0,336.0,333.0,336.0,-0.59,7741.0,275.9,225.0
PCBL,1/9/2019,335.0,335.0,331.0,331.0,-1.49,11633.0,275.9,225.0
PCBL,1/10/2019,335.0,335.0,332.0,334.0,0.91,16997.0,275.9,225.0
PCBL,1/13/2019,333.0,335.0,330.0,330.0,-1.2,10262.0,275.9,225.0
PCBL,1/14/2019,330.0,333.0,328.0,328.0,-0.61,3894.0,275.9,225.0
PCBL,1/15/2019,328.0,333.0,328.0,329.0,0.3,14981.0,275.9,225.0
PCBL,1/16/2019,328.0,330.0,326.0,327.0,-0.61,8803.0,275.9,225.0
PCBL,1/17/2019,325.0,328.0,325.0,328.0,0.31,14432.0,275.9,225.0
PCBL,1/20/2019,330.0,330.0,323.0,326.0,-0.61,2057.0,275.9,225.0
PCBL,1/21/2019,323.0,326.0,322.0,325.0,-0.31,6922.0,275.9,225.0
PCBL,1/22/2019,323.0,325.0,322.0,324.0,-0.31,24115.0,275.9,225.0
PCBL,1/23/2019,324.0,325.0,324.0,324.0,0.0,3977.0,275.9,225.0
PCBL,1/24/2019,326.0,326.0,324.0,326.0,0.62,10729.0,275.9,225.0
PCBL,1/27/2019,325.0,325.0,320.0,325.0,-0.31,10850.0,275.9,225.0
PCBL,1/28/2019,323.0,326.0,322.0,325.0,0.0,22642.0,275.9,225.0
PCBL,1/29/2019,323.0,325.0,323.0,324.0,-0.31,22596.0,275.9,225.0
PCBL,1/30/2019,324.0,324.0,320.0,321.0,-0.93,25680.0,275.9,225.0
PCBL,1/31/2019,321.0,322.0,319.0,320.0,-0.31,18401.0,275.9,225.0
PCBL,2/3/2019,322.0,322.0,316.0,318.0,-0.62,14524.0,275.9,225.0
PCBL,2/4/2019,318.0,320.0,316.0,316.0,-0.63,29221.0,275.9,225.0
PCBL,2/5/2019,316.0,324.0,314.0,324.0,2.53,7927.0,275.9,225.0
PCBL,2/6/2019,318.0,320.0,317.0,317.0,-2.16,12495.0,275.9,225.0
PCBL,2/7/2019,316.0,322.0,314.0,317.0,0.0,13470.0,275.9,225.0
PCBL,2/10/2019,321.0,322.0,314.0,314.0,-0.95,19892.0,275.9,225.0
PCBL,2/11/2019,313.0,320.0,313.0,316.0,0.64,7309.0,275.9,225.0
PCBL,2/12/2019,316.0,318.0,315.0,315.0,-0.32,13455.0,275.9,225.0
PCBL,2/13/2019,317.0,317.0,313.0,314.0,-0.32,12444.0,275.9,225.0
PCBL,2/14/2019,313.0,313.0,309.0,312.0,-0.64,9867.0,275.9,225.0
PCBL,2/17/2019,318.0,318.0,309.0,309.0,-0.96,9588.0,275.9,225.0
PCBL,2/18/2019,309.0,309.0,306.0,306.0,-0.97,11054.0,275.9,225.0
PCBL,2/19/2019,309.0,313.0,309.0,313.0,2.29,13421.0,275.9,225.0
PCBL,2/20/2019,315.0,315.0,308.0,309.0,-1.28,7738.0,275.9,225.0
PCBL,2/21/2019,313.0,313.0,307.0,309.0,0.0,4994.0,275.9,225.0
PCBL,2/24/2019,309.0,309.0,302.0,305.0,-1.29,11991.0,275.9,225.0
PCBL,2/25/2019,305.0,308.0,303.0,307.0,0.66,13893.0,275.9,225.0
PCBL,2/26/2019,307.0,307.0,303.0,304.0,-0.98,10313.0,275.9,225.0
PCBL,2/27/2019,304.0,309.0,304.0,306.0,0.66,13990.0,275.9,225.0
PCBL,3/3/2019,306.0,308.0,303.0,305.0,-0.33,15552.0,275.9,225.0
PCBL,3/5/2019,305.0,307.0,304.0,306.0,0.33,16621.0,275.9,225.0
PCBL,3/6/2019,309.0,309.0,305.0,308.0,0.65,10152.0,275.9,225.0
PCBL,3/7/2019,310.0,312.0,308.0,312.0,1.3,12191.0,275.9,225.0
PCBL,3/10/2019,308.0,312.0,308.0,312.0,0.0,4266.0,275.9,225.0
PCBL,3/11/2019,314.0,318.0,311.0,316.0,1.28,18318.0,275.9,225.0
PCBL,3/12/2019,317.0,322.0,316.0,322.0,1.9,32710.0,275.9,225.0
PCBL,3/13/2019,318.0,325.0,318.0,319.0,-0.93,17131.0,275.9,225.0
PCBL,3/14/2019,318.0,323.0,316.0,320.0,0.31,29144.0,275.9,225.0
PCBL,3/17/2019,320.0,325.0,318.0,324.0,1.25,24253.0,275.9,225.0
PCBL,3/18/2019,321.0,324.0,316.0,318.0,-1.85,14419.0,275.9,225.0
PCBL,3/19/2019,318.0,318.0,316.0,318.0,0.0,2472.0,275.9,225.0
PCBL,3/21/2019,320.0,320.0,315.0,317.0,-0.31,11194.0,275.9,225.0
PCBL,3/24/2019,319.0,319.0,312.0,318.0,0.32,10349.0,275.9,225.0
PCBL,3/25/2019,314.0,317.0,314.0,316.0,-0.63,5142.0,275.9,225.0
PCBL,3/26/2019,316.0,320.0,313.0,319.0,0.95,20295.0,275.9,225.0
PCBL,3/27/2019,321.0,321.0,318.0,320.0,0.31,16556.0,275.9,225.0
PCBL,3/28/2019,320.0,320.0,316.0,318.0,-0.62,9512.0,275.9,225.0
PCBL,3/31/2019,317.0,319.0,315.0,318.0,0.0,11000.0,275.9,225.0
PCBL,4/1/2019,317.0,322.0,317.0,320.0,0.63,31034.0,275.9,225.0
PCBL,4/2/2019,322.0,327.0,320.0,325.0,1.56,50430.0,275.9,225.0
PCBL,4/3/2019,326.0,328.0,323.0,324.0,-0.31,60448.0,275.9,225.0
PCBL,4/4/2019,323.0,326.0,322.0,323.0,-0.31,18343.0,275.9,225.0
PCBL,4/7/2019,323.0,338.0,322.0,330.0,2.17,62106.0,275.9,225.0
PCBL,4/8/2019,331.0,336.0,330.0,332.0,0.61,59046.0,275.9,225.0
PCBL,4/9/2019,333.0,333.0,328.0,328.0,-1.2,46081.0,275.9,225.0
PCBL,4/10/2019,326.0,333.0,326.0,330.0,0.61,14422.0,275.9,225.0
PCBL,4/11/2019,330.0,333.0,330.0,330.0,0.0,22566.0,275.9,225.0
PCBL,4/15/2019,330.0,336.0,330.0,331.0,0.3,5021.0,275.9,225.0
PCBL,4/16/2019,335.0,341.0,333.0,341.0,3.02,43560.0,275.9,225.0
PCBL,4/17/2019,347.0,347.0,338.0,341.0,0.0,61429.0,275.9,225.0
PCBL,4/18/2019,340.0,347.0,340.0,347.0,1.76,47905.0,275.9,225.0
PCBL,4/21/2019,350.0,351.0,345.0,350.0,0.86,55003.0,275.9,225.0
PCBL,4/22/2019,355.0,357.0,344.0,346.0,-1.14,72652.0,275.9,225.0
PCBL,4/23/2019,349.0,353.0,342.0,344.0,-0.58,25113.0,275.9,225.0
PCBL,4/24/2019,341.0,364.0,341.0,363.0,5.52,88548.0,275.9,225.0
PCBL,4/25/2019,365.0,368.0,359.0,363.0,0.0,60892.0,275.9,225.0
PCBL,4/28/2019,364.0,370.0,359.0,360.0,-0.83,214406.0,275.9,225.0
PCBL,4/29/2019,358.0,360.0,351.0,358.0,-0.56,49371.0,275.9,225.0
PCBL,4/30/2019,358.0,358.0,353.0,353.0,-1.4,44064.0,275.9,225.0
PCBL,5/2/2019,352.0,356.0,351.0,355.0,0.57,25823.0,275.9,225.0
PCBL,5/5/2019,352.0,353.0,350.0,350.0,-1.41,24973.0,275.9,225.0
PCBL,5/6/2019,356.0,358.0,349.0,357.0,2.0,24179.0,275.9,225.0
PCBL,5/7/2019,361.0,361.0,355.0,357.0,0.0,20581.0,275.9,225.0
PCBL,5/8/2019,360.0,360.0,354.0,354.0,-0.84,27955.0,275.9,225.0
PCBL,5/9/2019,360.0,360.0,353.0,355.0,0.28,30210.0,275.9,225.0
PCBL,5/12/2019,353.0,355.0,350.0,355.0,0.0,21038.0,275.9,225.0
PCBL,5/13/2019,355.0,374.0,355.0,372.0,4.79,169691.0,275.9,225.0
PCBL,5/14/2019,374.0,383.0,370.0,381.0,2.42,128508.0,275.9,225.0
PCBL,5/15/2019,380.0,385.0,372.0,379.0,-0.52,98503.0,275.9,225.0
PCBL,5/16/2019,397.0,397.0,371.0,377.0,-0.53,78999.0,275.9,225.0
PCBL,5/19/2019,377.0,377.0,365.0,369.0,-2.12,45649.0,275.9,225.0
PCBL,5/20/2019,370.0,370.0,364.0,366.0,-0.81,44565.0,275.9,225.0
PCBL,5/21/2019,366.0,367.0,362.0,363.0,-0.82,67717.0,275.9,225.0
PCBL,5/22/2019,365.0,370.0,363.0,370.0,1.93,174150.0,275.9,225.0
PCBL,5/23/2019,316.0,323.0,316.0,319.0,-13.78,40832.0,275.9,225.0
PCBL,5/26/2019,323.0,334.0,312.0,313.0,-1.88,33503.0,275.9,225.0
PCBL,5/27/2019,312.0,312.0,309.0,310.0,-0.96,17343.0,275.9,225.0
PCBL,5/28/2019,310.0,312.0,309.0,310.0,0.0,10920.0,275.9,225.0
PCBL,5/29/2019,312.0,312.0,307.0,309.0,-0.32,18975.0,275.9,225.0
PCBL,5/30/2019,315.0,321.0,310.0,310.0,0.32,43962.0,275.9,225.0
PCBL,6/2/2019,311.0,312.0,307.0,307.0,-0.97,32103.0,275.9,225.0
PCBL,6/3/2019,307.0,308.0,304.0,305.0,-0.65,5919.0,275.9,225.0
PCBL,6/4/2019,303.0,305.0,302.0,302.0,-0.98,18040.0,275.9,225.0
PCBL,6/6/2019,317.0,317.0,298.0,300.0,-0.66,29944.0,275.9,225.0
PCBL,6/10/2019,300.0,302.0,295.0,296.0,-1.33,22821.0,275.9,225.0
PCBL,6/11/2019,300.0,300.0,294.0,299.0,1.01,13256.0,275.9,225.0
PCBL,6/12/2019,295.0,296.0,292.0,293.0,-2.01,14871.0,275.9,225.0
PCBL,6/13/2019,291.0,293.0,290.0,292.0,-0.34,7439.0,275.9,225.0
PCBL,6/16/2019,297.0,297.0,288.0,291.0,-0.34,23682.0,275.9,225.0
PCBL,6/17/2019,288.0,290.0,286.0,290.0,-0.34,13195.0,275.9,225.0
PCBL,6/18/2019,290.0,290.0,286.0,286.0,-1.38,19585.0,275.9,225.0
PCBL,6/19/2019,286.0,289.0,285.0,286.0,0.0,19843.0,275.9,225.0
PCBL,6/20/2019,286.0,290.0,286.0,288.0,0.7,13314.0,275.9,225.0
PCBL,6/23/2019,289.0,293.0,286.0,286.0,-0.69,12383.0,275.9,225.0
PCBL,6/24/2019,288.0,288.0,285.0,286.0,0.0,20380.0,275.9,225.0
PCBL,6/25/2019,286.0,290.0,285.0,287.0,0.35,19462.0,275.9,225.0
PCBL,6/26/2019,288.0,288.0,286.0,287.0,0.0,5662.0,275.9,225.0
PCBL,6/27/2019,285.0,290.0,284.0,284.0,-1.05,15368.0,275.9,225.0
PCBL,6/30/2019,283.0,283.0,275.0,275.0,-3.17,27186.0,275.9,225.0
PCBL,7/1/2019,277.0,278.0,272.0,273.0,-0.73,18322.0,275.9,225.0
PCBL,7/2/2019,271.0,280.0,271.0,280.0,2.56,46130.0,275.9,225.0
PCBL,7/3/2019,280.0,286.0,275.0,285.0,1.79,12495.0,275.9,225.0
PCBL,7/4/2019,285.0,289.0,281.0,284.0,-0.35,14437.0,275.9,225.0
PCBL,7/7/2019,283.0,284.0,275.0,275.0,-3.17,15833.0,275.9,225.0
PCBL,7/8/2019,273.0,275.0,272.0,275.0,0.0,12103.0,275.9,225.0
PCBL,7/9/2019,276.0,276.0,273.0,274.0,-0.36,16818.0,275.9,225.0
PCBL,7/10/2019,272.0,276.0,271.0,274.0,0.0,16518.0,275.9,225.0
PCBL,7/11/2019,274.0,275.0,272.0,275.0,0.36,13541.0,275.9,225.0
PCBL,7/14/2019,275.0,275.0,272.0,273.0,-0.73,2282.0,275.9,225.0
PCBL,7/15/2019,274.0,277.0,273.0,273.0,0.0,21109.0,275.9,225.0
PCBL,7/16/2019,286.0,286.0,273.0,278.0,1.83,15411.0,275.9,225.0
PCBL,7/17/2019,277.0,287.0,277.0,284.0,2.16,10277.0,275.9,225.0
PCBL,7/18/2019,284.0,288.0,279.0,285.0,0.35,12995.0,275.9,225.0
PCBL,7/21/2019,285.0,285.0,280.0,285.0,0.0,6228.0,275.9,225.0
PCBL,7/22/2019,290.0,290.0,280.0,288.0,1.05,3624.0,275.9,225.0
PCBL,7/23/2019,290.0,292.0,287.0,292.0,1.39,15025.0,275.9,225.0
PCBL,7/24/2019,293.0,293.0,288.0,291.0,-0.34,11274.0,275.9,225.0
PCBL,7/25/2019,292.0,292.0,281.0,288.0,-1.03,13542.0,275.9,225.0
PCBL,7/28/2019,284.0,284.0,279.0,284.0,-1.39,10278.0,275.9,225.0
PCBL,7/29/2019,286.0,286.0,281.0,282.0,-0.7,2518.0,275.9,225.0
PCBL,7/30/2019,281.0,284.0,281.0,284.0,0.71,4509.0,275.9,225.0
PCBL,7/31/2019,283.0,285.0,282.0,284.0,0.0,6494.0,275.9,225.0
PCBL,8/1/2019,284.0,284.0,281.0,283.0,-0.35,7887.0,275.9,225.0
PCBL,8/4/2019,285.0,285.0,280.0,281.0,-0.71,6242.0,275.9,225.0
PCBL,8/5/2019,280.0,282.0,279.0,280.0,-0.36,6358.0,275.9,225.0
PCBL,8/6/2019,280.0,280.0,277.0,278.0,-0.71,11577.0,275.9,225.0
PCBL,8/7/2019,275.0,281.0,272.0,279.0,0.36,8674.0,275.9,225.0
PCBL,8/8/2019,279.0,281.0,275.0,277.0,-0.72,10819.0,275.9,225.0
PCBL,8/11/2019,278.0,280.0,273.0,275.0,-0.72,7570.0,275.9,225.0
PCBL,8/12/2019,274.0,277.0,273.0,274.0,-0.36,10146.0,275.9,225.0
PCBL,8/13/2019,275.0,275.0,272.0,274.0,0.0,8973.0,275.9,225.0
PCBL,8/14/2019,272.0,277.0,272.0,275.0,0.36,8545.0,275.9,225.0
PCBL,8/15/2019,274.0,279.0,274.0,276.0,0.36,5024.0,275.9,225.0
PCBL,8/18/2019,276.0,277.0,275.0,276.0,0.0,38803.0,275.9,225.0
PCBL,8/19/2019,277.0,280.0,275.0,278.0,0.72,12788.0,275.9,225.0
PCBL,8/20/2019,277.0,277.0,275.0,276.0,-0.72,11267.0,275.9,225.0
PCBL,8/21/2019,276.0,278.0,275.0,277.0,0.36,4251.0,275.9,225.0
PCBL,8/22/2019,277.0,278.0,276.0,277.0,0.0,7740.0,275.9,225.0
PCBL,8/25/2019,277.0,277.0,273.0,275.0,-0.72,7351.0,275.9,225.0
PCBL,8/26/2019,273.0,276.0,273.0,274.0,-0.36,13592.0,275.9,225.0
PCBL,8/27/2019,275.0,277.0,274.0,275.0,0.36,6717.0,275.9,225.0
PCBL,8/28/2019,274.0,276.0,274.0,275.0,0.0,13063.0,275.9,225.0
PCBL,8/29/2019,275.0,276.0,273.0,275.0,0.0,8097.0,275.9,225.0
PCBL,9/1/2019,275.0,276.0,273.0,273.0,-0.73,22994.0,275.9,225.0
PCBL,9/2/2019,271.0,274.0,266.0,267.0,-2.2,21073.0,275.9,225.0
PCBL,9/3/2019,265.0,271.0,263.0,271.0,1.5,31969.0,275.9,225.0
PCBL,9/4/2019,274.0,277.0,268.0,273.0,0.74,12897.0,275.9,225.0
PCBL,9/5/2019,273.0,276.0,273.0,273.0,0.0,6883.0,275.9,225.0
PCBL,9/8/2019,274.0,274.0,270.0,270.0,-1.1,5892.0,275.9,225.0
PCBL,9/9/2019,269.0,270.0,267.0,268.0,-0.74,4097.0,275.9,225.0
PCBL,9/10/2019,268.0,270.0,268.0,268.0,0.0,6775.0,275.9,225.0
PCBL,9/11/2019,268.0,269.0,268.0,268.0,0.0,4026.0,275.9,225.0
PCBL,9/12/2019,268.0,268.0,265.0,267.0,-0.37,7596.0,275.9,225.0
PCBL,9/15/2019,265.0,266.0,261.0,261.0,-2.25,9156.0,275.9,225.0
PCBL,9/16/2019,260.0,261.0,256.0,257.0,-1.53,13505.0,275.9,225.0
PCBL,9/17/2019,260.0,269.0,257.0,261.0,1.56,7779.0,275.9,225.0
PCBL,9/18/2019,266.0,270.0,264.0,269.0,3.07,8177.0,275.9,225.0
PCBL,9/19/2019,271.0,272.0,268.0,270.0,0.37,8767.0,275.9,225.0
PCBL,9/22/2019,263.0,264.0,262.0,262.0,-2.96,7675.0,275.9,225.0
PCBL,9/23/2019,262.0,264.0,258.0,263.0,0.38,8230.0,275.9,225.0
PCBL,9/24/2019,264.0,265.0,259.0,263.0,0.0,4248.0,275.9,225.0
PCBL,9/25/2019,261.0,263.0,261.0,261.0,-0.76,12943.0,275.9,225.0
PCBL,9/26/2019,261.0,264.0,260.0,261.0,0.0,10717.0,275.9,225.0
PCBL,9/29/2019,260.0,262.0,260.0,260.0,-0.38,3718.0,275.9,225.0
PCBL,9/30/2019,262.0,268.0,260.0,264.0,1.54,4423.0,275.9,225.0
PCBL,10/1/2019,266.0,271.0,266.0,267.0,1.14,8131.0,275.9,225.0
PCBL,10/2/2019,272.0,272.0,267.0,269.0,0.75,5118.0,275.9,225.0
PCBL,10/3/2019,270.0,271.0,265.0,269.0,0.0,8044.0,275.9,225.0
PCBL,10/10/2019,264.0,277.0,262.0,268.0,-0.37,3509.0,275.9,225.0
PCBL,10/14/2019,266.0,267.0,263.0,263.0,-1.87,26174.0,275.9,225.0
PCBL,10/15/2019,262.0,266.0,262.0,264.0,0.38,8752.0,275.9,225.0
PCBL,10/16/2019,262.0,268.0,262.0,265.0,0.38,4451.0,275.9,225.0
PCBL,10/17/2019,264.0,266.0,262.0,262.0,-1.13,20907.0,275.9,225.0
PCBL,10/20/2019,264.0,265.0,262.0,264.0,0.76,5285.0,275.9,225.0
PCBL,10/21/2019,263.0,267.0,262.0,265.0,0.38,3958.0,275.9,225.0
PCBL,10/22/2019,265.0,267.0,264.0,267.0,0.75,21242.0,275.9,225.0
PCBL,10/23/2019,269.0,269.0,265.0,265.0,-0.75,8236.0,275.9,225.0
PCBL,10/24/2019,264.0,267.0,263.0,265.0,0.0,20869.0,275.9,225.0
PCBL,10/31/2019,265.0,270.0,263.0,263.0,-0.75,18711.0,275.9,225.0
PCBL,11/3/2019,262.0,264.0,261.0,261.0,-0.76,9308.0,275.9,225.0
PCBL,11/4/2019,263.0,264.0,261.0,261.0,0.0,8002.0,275.9,225.0
PCBL,11/5/2019,263.0,264.0,260.0,260.0,-0.38,23706.0,275.9,225.0
PCBL,11/6/2019,262.0,263.0,261.0,263.0,1.15,5659.0,275.9,225.0
PCBL,11/7/2019,268.0,268.0,261.0,262.0,-0.38,6159.0,275.9,225.0
PCBL,11/10/2019,267.0,267.0,261.0,262.0,0.0,7595.0,275.9,225.0
PCBL,11/11/2019,267.0,269.0,263.0,269.0,2.67,13313.0,275.9,225.0
PCBL,11/12/2019,272.0,274.0,265.0,268.0,-0.37,34177.0,275.9,225.0
PCBL,11/13/2019,268.0,269.0,266.0,269.0,0.37,25882.0,275.9,225.0
PCBL,11/14/2019,269.0,272.0,269.0,270.0,0.37,13646.0,275.9,225.0
PCBL,11/17/2019,271.0,275.0,267.0,267.0,-1.11,41842.0,275.9,225.0
PCBL,11/18/2019,268.0,272.0,268.0,272.0,1.87,22173.0,275.9,225.0
PCBL,11/19/2019,272.0,275.0,272.0,274.0,0.74,16381.0,275.9,225.0
PCBL,11/20/2019,275.0,281.0,275.0,276.0,0.73,44242.0,275.9,225.0
PCBL,11/21/2019,275.0,277.0,273.0,276.0,0.0,27694.0,275.9,225.0
PCBL,11/24/2019,276.0,276.0,272.0,273.0,-1.09,20223.0,275.9,225.0
PCBL,11/25/2019,274.0,278.0,270.0,272.0,-0.37,36620.0,275.9,225.0
PCBL,11/26/2019,274.0,274.0,272.0,273.0,0.37,14437.0,275.9,225.0
PCBL,11/27/2019,272.0,274.0,272.0,273.0,0.0,12440.0,275.9,225.0
PCBL,11/28/2019,274.0,275.0,272.0,273.0,0.0,17325.0,275.9,225.0
PCBL,12/1/2019,273.0,274.0,270.0,271.0,-0.73,24822.0,275.9,225.0
PCBL,12/2/2019,270.0,272.0,269.0,269.0,-0.74,19738.0,275.9,225.0
PCBL,12/3/2019,270.0,271.0,269.0,270.0,0.37,14184.0,275.9,225.0
PCBL,12/4/2019,275.0,279.0,269.0,270.0,0.0,9761.0,275.9,225.0
PCBL,12/5/2019,271.0,274.0,271.0,271.0,0.37,15284.0,275.9,225.0
PCBL,12/8/2019,272.0,274.0,271.0,273.0,0.74,11187.0,275.9,225.0
PCBL,12/9/2019,273.0,277.0,271.0,275.0,0.73,11352.0,275.9,225.0
PCBL,12/10/2019,278.0,278.0,275.0,276.0,0.36,14437.0,275.9,225.0
PCBL,12/11/2019,277.0,279.0,276.0,279.0,1.09,12279.0,275.9,225.0
PCBL,12/12/2019,283.0,284.0,278.0,281.0,0.72,25451.0,275.9,225.0
PCBL,12/15/2019,280.0,286.0,280.0,282.0,0.36,17978.0,275.9,225.0
PCBL,12/16/2019,282.0,285.0,279.0,279.0,-1.06,31957.0,275.9,225.0
PCBL,12/17/2019,279.0,279.0,276.0,276.0,-1.08,9952.0,275.9,225.0
PCBL,12/18/2019,278.0,279.0,276.0,279.0,1.09,11009.0,275.9,225.0
PCBL,12/19/2019,280.0,280.0,276.0,280.0,0.36,111182.0,275.9,225.0
PCBL,12/22/2019,281.0,282.0,280.0,280.0,0.0,10544.0,275.9,225.0
PCBL,12/23/2019,283.0,283.0,279.0,280.0,0.0,9971.0,275.9,225.0
PCBL,12/24/2019,280.0,282.0,280.0,280.0,0.0,27215.0,275.9,225.0
PCBL,12/25/2019,281.0,281.0,277.0,279.0,-0.36,165021.0,275.9,225.0
PCBL,12/26/2019,280.0,282.0,278.0,280.0,0.36,19073.0,275.9,225.0
PCBL,12/29/2019,280.0,280.0,278.0,279.0,-0.36,72244.0,275.9,225.0
PCBL,12/30/2019,236.0,238.0,235.0,237.0,-15.05,20643.0,275.9,225.0
PCBL,12/31/2019,240.0,240.0,234.0,235.0,-0.84,8522.0,275.9,225.0
PCBL,1/1/2020,235.0,238.0,235.0,236.0,0.43,5468.0,275.9,225.0
PCBL,1/2/2020,236.0,237.0,235.0,235.0,-0.42,7058.0,275.9,225.0
PCBL,1/5/2020,233.0,240.0,233.0,240.0,2.13,13795.0,275.9,225.0
PCBL,1/6/2020,242.0,248.0,242.0,245.0,2.08,16990.0,275.9,225.0
PCBL,1/7/2020,245.0,252.0,245.0,250.0,2.04,27960.0,275.9,225.0
PCBL,1/8/2020,250.0,253.0,247.0,250.0,0.0,13631.0,275.9,225.0
PCBL,1/9/2020,247.0,250.0,246.0,248.0,-0.8,16734.0,275.9,225.0
PCBL,1/12/2020,250.0,255.0,248.0,255.0,2.82,19507.0,275.9,225.0
PCBL,1/13/2020,260.0,270.0,256.0,265.0,3.92,159773.0,275.9,225.0
PCBL,1/14/2020,265.0,265.0,259.0,260.0,-1.89,21293.0,275.9,225.0
PCBL,1/15/2020,260.0,270.0,260.0,270.0,3.85,55286.0,275.9,225.0
PCBL,1/16/2020,275.0,287.0,273.0,282.0,4.44,138623.0,275.9,225.0
PCBL,1/19/2020,287.0,290.0,282.0,284.0,0.71,105361.0,275.9,225.0
PCBL,1/20/2020,284.0,286.0,271.0,275.0,-3.17,58455.0,275.9,225.0
PCBL,1/21/2020,275.0,278.0,270.0,274.0,-0.36,51765.0,275.9,225.0
PCBL,1/22/2020,276.0,277.0,269.0,271.0,-1.09,27743.0,275.9,225.0
PCBL,1/23/2020,276.0,276.0,265.0,267.0,-1.48,23693.0,275.9,225.0
PCBL,1/26/2020,271.0,271.0,262.0,265.0,-0.75,31419.0,275.9,225.0
PCBL,1/27/2020,263.0,270.0,263.0,270.0,1.89,9381.0,275.9,225.0
PCBL,1/28/2020,275.0,275.0,270.0,275.0,1.85,39302.0,275.9,225.0
PCBL,1/29/2020,280.0,280.0,267.0,269.0,-2.18,26276.0,275.9,225.0
PCBL,1/30/2020,273.0,278.0,267.0,273.0,1.49,55461.0,275.9,225.0
PCBL,2/2/2020,278.0,287.0,278.0,284.0,4.03,128066.0,275.9,225.0
PCBL,2/3/2020,285.0,288.0,282.0,285.0,0.35,82232.0,275.9,225.0
PCBL,2/4/2020,285.0,286.0,280.0,283.0,-0.7,43304.0,275.9,225.0
PCBL,2/5/2020,280.0,283.0,279.0,282.0,-0.35,32098.0,275.9,225.0
PCBL,2/6/2020,282.0,284.0,277.0,277.0,-1.77,41046.0,275.9,225.0
PCBL,2/9/2020,277.0,280.0,270.0,280.0,1.08,48441.0,275.9,225.0
PCBL,2/10/2020,279.0,279.0,274.0,275.0,-1.79,23299.0,275.9,225.0
PCBL,2/11/2020,275.0,282.0,272.0,279.0,1.45,39997.0,275.9,225.0
PCBL,2/12/2020,281.0,284.0,275.0,279.0,0.0,25222.0,275.9,225.0
PCBL,2/13/2020,281.0,281.0,274.0,277.0,-0.72,39825.0,275.9,225.0
PCBL,2/16/2020,279.0,280.0,273.0,278.0,0.36,44491.0,275.9,225.0
PCBL,2/17/2020,283.0,288.0,278.0,284.0,2.16,98326.0,275.9,225.0
PCBL,2/18/2020,289.0,291.0,283.0,285.0,0.35,88623.0,275.9,225.0
PCBL,2/19/2020,284.0,290.0,283.0,287.0,0.7,83724.0,275.9,225.0
PCBL,2/20/2020,287.0,293.0,286.0,288.0,0.35,111683.0,275.9,225.0
PCBL,2/23/2020,292.0,316.0,291.0,310.0,7.64,234341.0,275.9,225.0
PCBL,2/24/2020,316.0,334.0,312.0,318.0,2.58,197984.0,275.9,225.0
PCBL,2/25/2020,321.0,322.0,312.0,317.0,-0.31,102585.0,275.9,225.0
PCBL,2/26/2020,323.0,330.0,318.0,329.0,3.79,141821.0,275.9,225.0
PCBL,2/27/2020,325.0,345.0,316.0,335.0,1.82,238135.0,275.9,225.0
PCBL,3/1/2020,338.0,352.0,334.0,334.0,-0.3,217121.0,275.9,225.0
PCBL,3/2/2020,338.0,338.0,314.0,314.0,-5.99,132614.0,275.9,225.0
PCBL,3/3/2020,300.0,329.0,292.0,314.0,0.0,142651.0,275.9,225.0
PCBL,3/4/2020,313.0,320.0,303.0,303.0,-3.5,110526.0,275.9,225.0
PCBL,3/5/2020,298.0,311.0,297.0,301.0,-0.66,87606.0,275.9,225.0
PCBL,3/10/2020,295.0,299.0,286.0,289.0,-3.99,51213.0,275.9,225.0
PCBL,3/11/2020,294.0,306.0,285.0,298.0,3.11,161625.0,275.9,225.0
PCBL,3/12/2020,300.0,304.0,285.0,287.0,-3.69,119834.0,275.9,225.0
PCBL,3/15/2020,287.0,288.0,278.0,278.0,-3.14,90547.0,275.9,225.0
PCBL,3/16/2020,275.0,287.0,272.0,278.0,0.0,66785.0,275.9,225.0
PCBL,3/17/2020,278.0,278.0,270.0,271.0,-2.52,78402.0,275.9,225.0
PCBL,3/18/2020,267.0,273.0,259.0,262.0,-3.32,69713.0,275.9,225.0
PCBL,3/19/2020,257.0,274.0,245.0,264.0,0.76,81674.0,275.9,225.0
PCBL,3/22/2020,261.0,261.0,249.0,252.0,-4.55,33352.0,275.9,225.0
PCBL,5/12/2020,247.0,247.0,245.0,245.0,-2.78,310.0,275.9,225.0
PCBL,6/29/2020,241.0,241.0,221.0,233.0,-4.9,39260.0,275.9,225.0
PCBL,6/30/2020,233.0,243.0,233.0,242.0,3.86,9841.0,275.9,225.0
PCBL,7/1/2020,243.0,259.0,243.0,254.0,4.96,16540.0,275.9,225.0
PCBL,7/2/2020,259.0,266.0,229.0,229.0,-9.84,23561.0,275.9,225.0
PCBL,7/5/2020,232.0,241.0,227.0,231.0,0.87,64685.0,275.9,225.0
PCBL,7/6/2020,231.0,241.0,228.0,236.0,2.16,51876.0,275.9,225.0
PCBL,7/7/2020,240.0,254.0,219.19,249.0,5.51,107194.0,275.9,225.0
PCBL,7/8/2020,249.0,255.0,244.0,248.0,-0.4,37231.0,275.9,225.0
PCBL,7/9/2020,247.0,256.0,244.0,255.0,2.82,40240.0,275.9,225.0
PCBL,7/12/2020,256.0,263.0,249.0,250.0,-1.96,57791.0,275.9,225.0
PCBL,7/13/2020,255.0,258.0,250.0,252.0,0.8,50013.0,275.9,225.0
PCBL,7/14/2020,250.0,254.0,250.0,252.0,0.0,34171.0,275.9,225.0
PCBL,7/15/2020,256.0,260.0,253.0,255.0,1.19,36890.0,275.9,225.0
PCBL,7/16/2020,259.0,268.0,259.0,268.0,5.1,58738.0,275.9,225.0
PCBL,7/19/2020,273.0,288.0,273.0,288.0,7.46,1060.0,275.9,225.0
PCBL,7/20/2020,302.0,316.0,280.0,293.0,1.74,243058.0,275.9,225.0
PCBL,7/21/2020,295.0,299.0,285.0,285.0,-2.73,100567.0,275.9,225.0
PCBL,7/22/2020,287.0,290.0,280.0,281.0,-1.4,74878.0,275.9,225.0
PCBL,7/23/2020,277.0,283.0,275.0,282.0,0.36,63471.0,275.9,225.0
PCBL,7/26/2020,282.0,288.0,278.0,284.0,0.71,69893.0,275.9,225.0
PCBL,7/27/2020,284.0,290.0,280.0,285.0,0.35,98383.0,275.9,225.0
PCBL,7/28/2020,288.0,290.0,280.0,284.0,-0.35,45079.0,275.9,225.0
PCBL,7/29/2020,280.0,283.0,279.0,279.0,-1.76,70413.0,275.9,225.0
PCBL,7/30/2020,278.0,281.0,274.0,280.0,0.36,66300.0,275.9,225.0
PCBL,8/2/2020,278.0,278.0,265.0,268.0,-4.29,85827.0,275.9,225.0
PCBL,8/3/2020,265.0,274.0,258.0,269.0,0.37,33914.0,275.9,225.0
PCBL,8/5/2020,270.0,270.0,260.0,261.0,-2.97,69800.0,275.9,225.0
PCBL,8/6/2020,263.0,264.0,259.0,260.0,-0.38,50179.0,275.9,225.0
PCBL,8/9/2020,262.0,263.0,257.0,263.0,1.15,67141.0,275.9,225.0
PCBL,8/10/2020,268.0,272.0,263.0,270.0,2.66,83057.0,275.9,225.0
PCBL,8/11/2020,275.0,275.0,269.0,270.0,0.0,59823.0,275.9,225.0
PCBL,8/12/2020,270.0,272.0,268.0,271.0,0.37,38076.0,275.9,225.0
PCBL,8/13/2020,268.0,271.0,268.0,268.0,-1.11,36352.0,275.9,225.0
PCBL,8/16/2020,268.0,273.0,264.0,270.0,0.75,126215.0,275.9,225.0
PCBL,8/17/2020,270.0,276.0,269.0,275.0,1.85,64669.0,275.9,225.0
PCBL,8/18/2020,275.0,279.0,275.0,277.0,0.73,94988.0,275.9,225.0
PCBL,8/19/2020,282.0,282.0,267.0,272.0,-1.81,53704.0,275.9,225.0
PCBL,8/20/2020,270.0,273.0,268.0,272.0,0.0,25387.0,275.9,225.0
PCBL,8/23/2020,273.0,274.0,269.0,274.0,0.74,25081.0,275.9,225.0
PCBL,8/24/2020,275.0,280.0,272.0,280.0,2.19,75789.0,275.9,225.0
PCBL,8/25/2020,283.0,284.0,279.0,281.0,0.36,93355.0,275.9,225.0
PCBL,8/26/2020,285.0,292.0,280.0,286.0,1.78,109326.0,275.9,225.0
PCBL,8/27/2020,291.0,291.0,283.0,285.0,-0.35,73116.0,275.9,225.0
PCBL,8/30/2020,289.0,289.0,280.0,285.0,0.0,37843.0,275.9,225.0
PCBL,8/31/2020,287.0,287.0,281.0,284.0,-0.35,67271.0,275.9,225.0
PCBL,9/2/2020,286.0,290.0,284.0,285.0,0.35,94560.0,275.9,225.0
PCBL,9/3/2020,299.0,299.0,283.0,286.0,0.35,95315.0,275.9,225.0
PCBL,9/6/2020,295.0,300.0,282.0,282.0,-1.4,110768.0,275.9,225.0
PCBL,9/7/2020,283.0,283.0,276.0,278.0,-1.42,73791.0,275.9,225.0
PCBL,9/8/2020,277.0,278.0,273.0,275.0,-1.08,61253.0,275.9,225.0
PCBL,9/9/2020,275.0,278.0,274.0,275.0,0.0,40924.0,275.9,225.0
PCBL,9/10/2020,275.0,281.0,275.0,278.0,1.09,58496.0,275.9,225.0
PCBL,9/13/2020,274.0,282.0,274.0,280.0,0.72,73600.0,275.9,225.0
PCBL,9/14/2020,280.0,290.0,280.0,284.0,1.43,120339.0,275.9,225.0
PCBL,9/15/2020,287.0,289.0,280.0,281.0,-1.06,70402.0,275.9,225.0
PCBL,9/16/2020,285.0,285.0,277.0,282.0,0.36,36648.0,275.9,225.0
PCBL,9/17/2020,282.0,295.0,280.0,291.0,3.19,142539.0,275.9,225.0
PCBL,9/20/2020,305.0,305.0,290.0,299.0,2.75,174156.0,275.9,225.0
PCBL,9/21/2020,295.0,300.0,293.0,295.0,-1.34,133887.0,275.9,225.0
PCBL,9/22/2020,295.0,296.0,285.0,288.0,-2.37,92364.0,275.9,225.0
PCBL,9/23/2020,290.0,290.0,286.0,288.0,0.0,45551.0,275.9,225.0
PCBL,9/24/2020,287.0,288.0,285.0,287.0,-0.35,67246.0,275.9,225.0
PCBL,9/27/2020,287.0,299.0,286.0,290.0,1.05,110079.0,275.9,225.0
PCBL,9/28/2020,290.0,296.0,289.0,290.0,0.0,77444.0,275.9,225.0
PCBL,9/29/2020,291.0,294.0,285.0,286.0,-1.38,46853.0,275.9,225.0
PCBL,9/30/2020,300.0,300.0,283.0,286.0,0.0,58060.0,275.9,225.0
PCBL,10/1/2020,286.0,292.0,286.0,292.0,2.1,83947.0,275.9,225.0
PCBL,10/4/2020,297.0,300.0,292.0,295.0,1.03,86685.0,275.9,225.0
PCBL,10/5/2020,295.0,297.0,292.0,293.0,-0.68,50159.0,275.9,225.0
PCBL,10/6/2020,290.0,294.0,290.0,291.0,-0.68,36954.0,275.9,225.0
PCBL,10/7/2020,290.0,296.0,290.0,296.0,1.72,108025.0,275.9,225.0
PCBL,10/8/2020,297.0,300.0,289.0,290.0,-2.03,81704.0,275.9,225.0
PCBL,10/11/2020,293.0,293.0,286.0,289.0,-0.34,48619.0,275.9,225.0
PCBL,10/12/2020,290.0,290.0,285.0,288.0,-0.35,38496.0,275.9,225.0
PCBL,10/13/2020,288.0,290.0,287.0,288.0,0.0,45958.0,275.9,225.0
PCBL,10/14/2020,287.0,290.0,285.0,287.0,-0.35,32428.0,275.9,225.0
PCBL,10/15/2020,290.0,292.0,285.0,287.0,0.0,118394.0,275.9,225.0
PCBL,10/18/2020,288.0,289.0,285.0,286.0,-0.35,46764.0,275.9,225.0
PCBL,10/19/2020,287.0,290.0,285.0,288.0,0.7,23605.0,275.9,225.0
PCBL,10/20/2020,293.0,293.0,288.0,289.0,0.35,21376.0,275.9,225.0
PCBL,10/21/2020,300.0,300.0,290.0,294.0,1.73,58706.0,275.9,225.0
PCBL,10/22/2020,298.0,306.0,296.0,303.0,3.06,264311.0,275.9,225.0
PCBL,10/28/2020,305.0,333.0,305.0,333.0,9.9,540824.0,275.9,225.0
PCBL,10/29/2020,340.0,344.0,328.0,334.0,0.3,410848.0,275.9,225.0
PCBL,11/1/2020,334.0,344.0,331.0,342.0,2.4,466755.0,275.9,225.0
PCBL,11/2/2020,342.0,347.0,337.0,345.0,0.88,360890.0,275.9,225.0
PCBL,11/3/2020,345.0,349.0,341.0,341.0,-1.16,234003.0,275.9,225.0
PCBL,11/4/2020,333.0,347.0,333.0,346.0,1.47,263974.0,275.9,225.0
PCBL,11/5/2020,360.0,363.0,350.0,351.0,1.45,589728.0,275.9,225.0
PCBL,11/8/2020,355.0,355.0,344.0,346.0,-1.42,213012.0,275.9,225.0
PCBL,11/9/2020,346.0,348.0,338.0,338.0,-2.31,150100.0,275.9,225.0
PCBL,11/10/2020,354.0,354.0,339.0,341.0,0.89,141470.0,275.9,225.0
PCBL,11/11/2020,342.0,349.0,341.0,347.0,1.76,139191.0,275.9,225.0
PCBL,11/12/2020,350.0,350.0,346.0,346.0,-0.29,146049.0,275.9,225.0
PCBL,11/18/2020,350.0,360.0,349.0,350.0,1.16,189120.0,275.9,225.0
PCBL,11/19/2020,357.0,357.0,347.0,349.0,-0.29,142539.0,275.9,225.0
PCBL,11/22/2020,355.0,370.0,352.0,364.0,4.3,417761.0,275.9,225.0
PCBL,11/23/2020,369.0,385.0,365.0,381.0,4.67,456664.0,275.9,225.0
PCBL,11/24/2020,382.0,391.0,380.0,391.0,2.62,243397.0,275.9,225.0
PCBL,11/25/2020,397.0,398.0,388.0,395.0,1.02,196116.0,275.9,225.0
PCBL,11/26/2020,400.0,407.0,389.0,398.0,0.76,407324.0,275.9,225.0
PCBL,11/29/2020,400.0,436.0,398.0,424.0,6.53,445068.0,275.9,225.0
PCBL,11/30/2020,430.0,434.0,400.0,408.0,-3.77,400061.0,275.9,225.0
PCBL,12/1/2020,410.0,411.0,392.0,394.0,-3.43,364905.0,275.9,225.0
PCBL,12/2/2020,400.0,403.0,387.0,394.0,0.0,211805.0,275.9,225.0
PCBL,12/3/2020,399.0,416.0,395.0,413.0,4.82,550156.0,275.9,225.0
PCBL,12/6/2020,413.0,417.0,392.0,393.0,-4.84,226943.0,275.9,225.0
PCBL,12/7/2020,393.0,410.0,387.0,400.0,1.78,177942.0,275.9,225.0
PCBL,12/8/2020,420.0,420.0,392.0,395.0,-1.25,116846.0,275.9,225.0
PCBL,12/9/2020,389.0,400.0,385.0,387.0,-2.03,130577.0,275.9,225.0
PCBL,12/10/2020,382.0,391.0,382.0,385.0,-0.52,100356.0,275.9,225.0
PCBL,12/13/2020,404.0,404.0,381.0,401.0,4.16,139608.0,275.9,225.0
PCBL,12/14/2020,404.0,411.0,401.0,409.0,2.0,272901.0,275.9,225.0
PCBL,12/15/2020,429.0,429.0,404.0,405.0,-0.98,123805.0,275.9,225.0
PCBL,12/16/2020,425.0,425.0,395.0,412.0,1.73,265020.0,275.9,225.0
PCBL,12/17/2020,410.0,415.0,401.0,407.0,-1.21,162011.0,275.9,225.0
PCBL,12/20/2020,399.0,415.0,386.0,393.0,-3.44,328406.0,275.9,225.0
PCBL,12/21/2020,374.0,405.0,374.0,400.0,1.78,288726.0,275.9,225.0
PCBL,12/22/2020,401.0,426.0,401.0,422.0,5.5,476589.0,275.9,225.0
PCBL,12/23/2020,430.0,440.0,420.0,426.0,0.95,319621.0,275.9,225.0
PCBL,12/24/2020,428.0,428.0,415.0,419.0,-1.64,138484.0,275.9,225.0
PCBL,12/27/2020,420.0,420.0,408.0,410.0,-2.15,124073.0,275.9,225.0
PCBL,12/28/2020,410.0,418.0,400.0,409.0,-0.24,220285.0,275.9,225.0
PCBL,12/29/2020,405.0,413.0,404.0,409.0,0.0,122596.0,275.9,225.0
PCBL,12/30/2020,405.0,426.0,405.0,425.0,3.91,359277.0,275.9,225.0
PCBL,12/31/2020,430.0,430.0,421.0,426.0,0.24,360868.0,275.9,225.0
PCBL,1/3/2021,430.0,468.0,429.0,468.0,9.86,1118098.0,275.9,225.0
PCBL,1/4/2021,427.0,428.0,400.0,407.0,-13.03,298594.0,275.9,225.0
PCBL,1/5/2021,407.0,407.0,398.0,399.0,-1.97,148221.0,275.9,225.0
PCBL,1/6/2021,399.0,404.0,396.0,401.0,0.5,167716.0,275.9,225.0
PCBL,1/7/2021,409.0,415.0,406.0,409.0,2.0,207973.0,275.9,225.0
PCBL,1/10/2021,413.0,449.0,413.0,444.0,8.56,472081.0,275.9,225.0
PCBL,1/11/2021,450.0,458.0,431.0,436.0,-1.8,321824.0,275.9,225.0
PCBL,1/12/2021,440.0,441.0,430.0,435.0,-0.23,176874.0,275.9,225.0
PCBL,1/13/2021,456.0,456.0,438.0,442.0,1.61,308865.0,275.9,225.0
PCBL,1/17/2021,444.0,451.0,440.0,441.0,-0.23,141933.0,275.9,225.0
PCBL,1/18/2021,444.0,446.0,439.0,443.0,0.45,168424.0,275.9,225.0
PCBL,1/19/2021,444.0,447.0,436.0,442.0,-0.23,182096.0,275.9,225.0
PCBL,1/20/2021,442.0,446.0,436.0,440.0,-0.45,148376.0,275.9,225.0
PCBL,1/21/2021,446.0,446.0,436.0,438.0,-0.45,122390.0,275.9,225.0
PCBL,1/24/2021,444.0,475.0,441.0,463.0,5.71,499864.0,275.9,225.0
PCBL,1/25/2021,470.0,480.0,456.0,474.0,2.38,276786.0,275.9,225.0
PCBL,1/26/2021,478.0,480.0,461.0,463.0,-2.32,178847.0,275.9,225.0
PCBL,1/27/2021,467.0,482.0,456.0,465.0,0.43,810899.0,275.9,225.0
PCBL,1/28/2021,470.0,474.0,450.0,457.0,-1.72,303484.0,275.9,225.0
PCBL,1/31/2021,452.0,454.0,439.0,442.0,-3.28,443269.0,275.9,225.0
PCBL,2/1/2021,450.0,451.0,443.0,447.0,1.13,204036.0,275.9,225.0
PCBL,2/2/2021,450.0,455.0,445.0,449.0,0.45,191404.0,275.9,225.0
PCBL,2/3/2021,453.0,463.0,451.0,455.0,1.34,363316.0,275.9,225.0
PCBL,2/4/2021,477.0,477.0,445.0,450.0,-1.1,115552.0,275.9,225.0
PCBL,2/7/2021,459.0,459.0,444.0,447.0,-0.67,199332.0,275.9,225.0
PCBL,2/8/2021,460.0,464.0,444.0,462.0,3.36,348753.0,275.9,225.0
PCBL,2/9/2021,468.0,472.0,452.0,458.0,-0.87,188426.0,275.9,225.0
PCBL,2/10/2021,465.0,469.0,448.0,462.0,0.87,193276.0,275.9,225.0
PCBL,2/11/2021,465.0,476.0,464.0,467.0,1.08,344149.0,275.9,225.0
PCBL,2/14/2021,470.0,474.0,457.0,460.0,-1.5,121398.0,275.9,225.0
PCBL,2/15/2021,465.0,471.0,458.0,468.0,1.74,266035.0,275.9,225.0
PCBL,2/16/2021,468.0,486.0,468.0,476.0,1.71,307108.0,275.9,225.0
PCBL,2/17/2021,480.0,495.0,467.0,478.0,0.42,212179.0,275.9,225.0
PCBL,2/18/2021,476.0,482.0,473.0,480.0,0.42,224965.0,275.9,225.0
PCBL,2/21/2021,485.0,485.0,477.0,480.0,0.0,212375.0,275.9,225.0
PCBL,2/22/2021,480.0,480.0,462.0,464.0,-3.33,146108.0,275.9,225.0
PCBL,2/23/2021,464.0,468.0,449.0,468.0,0.86,241727.0,275.9,225.0
PCBL,2/24/2021,470.0,484.0,456.0,469.0,0.21,124906.0,275.9,225.0
PCBL,2/25/2021,460.0,465.0,452.0,457.0,-2.56,106551.0,275.9,225.0
PCBL,2/28/2021,462.0,465.0,436.0,436.0,-4.6,201439.0,275.9,225.0
PCBL,3/1/2021,444.0,446.0,429.0,443.0,1.61,105401.0,275.9,225.0
PCBL,3/2/2021,449.0,449.0,425.0,430.0,-2.93,155147.0,275.9,225.0
PCBL,3/3/2021,409.0,430.0,409.0,424.0,-1.4,156847.0,275.9,225.0
PCBL,3/4/2021,430.0,447.0,430.0,446.0,5.19,135291.0,275.9,225.0
PCBL,3/7/2021,446.0,448.0,440.0,441.0,-1.12,116996.0,275.9,225.0
PCBL,3/9/2021,440.0,440.0,434.0,436.0,-1.13,66177.0,275.9,225.0
PCBL,3/10/2021,439.0,439.0,431.0,436.0,0.0,54184.0,275.9,225.0
PCBL,3/14/2021,436.0,436.0,423.0,426.0,-2.29,122874.0,275.9,225.0
PCBL,3/15/2021,420.0,430.0,415.0,422.0,-0.94,89015.0,275.9,225.0
PCBL,3/16/2021,420.0,424.0,411.0,420.0,-0.47,132153.0,275.9,225.0
PCBL,3/17/2021,420.0,423.0,410.0,423.0,0.71,106283.0,275.9,225.0
PCBL,3/18/2021,423.0,433.0,423.0,428.0,1.18,64234.0,275.9,225.0
PCBL,3/21/2021,449.0,449.0,426.0,435.0,1.64,80869.0,275.9,225.0
PCBL,3/22/2021,440.0,441.0,428.0,436.0,0.23,87843.0,275.9,225.0
PCBL,3/23/2021,430.0,434.0,428.0,434.0,-0.46,81036.0,275.9,225.0
PCBL,3/24/2021,434.0,443.0,430.0,443.0,2.07,100060.0,275.9,225.0
PCBL,3/25/2021,446.0,446.0,430.0,433.0,-2.26,57180.0,275.9,225.0
PCBL,3/29/2021,433.0,433.0,427.0,430.0,-0.69,35217.0,275.9,225.0
PCBL,3/30/2021,425.0,432.0,425.0,430.0,0.0,51065.0,275.9,225.0
PCBL,3/31/2021,440.0,440.0,428.0,437.0,1.63,78074.0,275.9,225.0
PCBL,4/1/2021,444.0,445.0,436.0,438.0,0.23,82896.0,275.9,225.0
PCBL,4/4/2021,446.0,448.0,440.0,441.0,0.68,68216.0,275.9,225.0
PCBL,4/5/2021,441.0,442.0,436.0,439.0,-0.45,85930.0,275.9,225.0
PCBL,4/6/2021,435.0,440.0,435.0,439.0,0.0,65474.0,275.9,225.0
PCBL,4/7/2021,439.0,441.0,438.0,438.0,-0.23,44671.0,275.9,225.0
PCBL,4/8/2021,435.0,440.0,435.0,437.0,-0.23,45498.0,275.9,225.0
PCBL,4/12/2021,440.0,441.0,436.0,439.0,0.46,61266.0,275.9,225.0
PCBL,4/13/2021,441.0,452.0,438.0,451.0,2.73,159917.0,275.9,225.0
PCBL,4/15/2021,455.0,461.0,452.0,461.0,2.22,177352.0,275.9,225.0
PCBL,4/18/2021,484.0,484.0,447.0,448.0,-2.82,104916.0,275.9,225.0
PCBL,4/19/2021,460.0,460.0,435.0,440.0,-1.79,127579.0,275.9,225.0
PCBL,4/20/2021,442.0,442.0,435.0,440.0,0.0,75743.0,275.9,225.0
PCBL,4/21/2021,438.0,442.0,431.0,434.0,-1.36,75036.0,275.9,225.0
PCBL,4/22/2021,431.0,436.0,428.0,433.0,-0.23,60597.0,275.9,225.0
PCBL,4/25/2021,433.0,433.0,420.0,423.0,-2.31,111488.0,275.9,225.0
PCBL,4/26/2021,425.0,425.0,413.0,416.0,-1.65,129570.0,275.9,225.0
PCBL,4/27/2021,421.0,428.0,417.0,428.0,2.88,67928.0,275.9,225.0
PCBL,4/28/2021,436.0,436.0,425.0,430.0,0.47,82002.0,275.9,225.0
PCBL,4/29/2021,432.0,434.0,427.0,429.0,-0.23,39551.0,275.9,225.0
PCBL,5/2/2021,445.0,445.0,429.0,440.0,2.56,94511.0,275.9,225.0
PCBL,5/3/2021,450.0,450.0,431.0,436.0,-0.91,86877.0,275.9,225.0
PCBL,5/4/2021,436.0,436.0,427.0,431.0,-1.15,31948.0,275.9,225.0
PCBL,5/5/2021,452.0,452.0,427.0,433.0,0.46,69014.0,275.9,225.0
PCBL,5/6/2021,433.0,441.0,425.0,441.0,1.85,60829.0,275.9,225.0
PCBL,5/9/2021,433.0,439.0,429.0,434.0,-1.59,50619.0,275.9,225.0
PCBL,5/10/2021,432.0,438.0,429.0,434.0,0.0,75635.0,275.9,225.0
PCBL,5/11/2021,420.0,437.0,420.0,430.0,-0.92,86047.0,275.9,225.0
PCBL,5/12/2021,430.0,432.0,425.0,428.0,-0.47,83003.0,275.9,225.0
PCBL,5/13/2021,428.0,435.0,426.0,430.0,0.47,46353.0,275.9,225.0
PCBL,5/16/2021,433.0,438.0,430.0,437.0,1.63,94836.0,275.9,225.0
PCBL,5/17/2021,439.0,442.0,434.0,438.0,0.23,188948.0,275.9,225.0
PCBL,5/18/2021,438.0,440.0,435.0,437.0,-0.23,75158.0,275.9,225.0
PCBL,5/19/2021,439.0,455.0,438.0,444.0,1.6,117445.0,275.9,225.0
PCBL,5/20/2021,447.0,448.0,439.0,445.0,0.23,92506.0,275.9,225.0
PCBL,5/23/2021,445.0,449.0,433.0,449.0,0.9,117120.0,275.9,225.0
PCBL,5/24/2021,433.0,466.0,433.0,454.0,1.11,322893.0,275.9,225.0
PCBL,5/25/2021,458.0,460.0,445.0,448.0,-1.32,117149.0,275.9,225.0
PCBL,5/27/2021,448.0,455.0,434.0,452.0,0.89,164454.0,275.9,225.0
PCBL,5/30/2021,460.0,460.0,449.0,456.0,0.88,224917.0,275.9,225.0
PCBL,5/31/2021,456.0,462.0,450.0,450.0,-1.32,211098.0,275.9,225.0
PCBL,6/1/2021,448.0,450.0,443.0,447.0,-0.67,94769.0,275.9,225.0
PCBL,6/2/2021,447.0,451.0,444.0,450.0,0.67,121039.0,275.9,225.0
PCBL,6/3/2021,450.0,468.0,449.0,463.0,2.89,351617.0,275.9,225.0
PCBL,6/6/2021,485.0,495.0,477.0,482.0,4.1,605343.0,275.9,225.0
PCBL,6/7/2021,491.0,498.0,470.0,478.0,-0.83,414938.0,275.9,225.0
PCBL,6/8/2021,480.0,484.0,471.0,478.0,0.0,264286.0,275.9,225.0
PCBL,6/9/2021,485.0,485.0,471.0,474.0,-0.84,218650.0,275.9,225.0
PCBL,6/10/2021,475.0,475.0,466.0,469.0,-1.05,201416.0,275.9,225.0
PCBL,6/13/2021,469.0,478.0,464.0,465.0,-0.85,280039.0,275.9,225.0
PCBL,6/14/2021,466.0,489.0,466.0,484.0,4.09,376606.0,275.9,225.0
PCBL,6/15/2021,484.0,493.0,478.0,480.0,-0.83,269062.0,275.9,225.0
PCBL,6/16/2021,485.0,493.0,475.0,481.0,0.21,247563.0,275.9,225.0
PCBL,6/17/2021,483.0,487.0,476.0,480.0,-0.21,165892.0,275.9,225.0
PCBL,6/20/2021,480.0,482.0,465.0,469.0,-2.29,177050.0,275.9,225.0
PCBL,6/21/2021,485.0,485.0,457.0,458.0,-2.35,159889.0,275.9,225.0
PCBL,6/22/2021,470.0,472.0,450.0,472.0,3.06,117654.0,275.9,225.0
PCBL,6/23/2021,475.0,477.0,460.0,461.0,-2.33,110610.0,275.9,225.0
PCBL,6/24/2021,465.0,466.0,455.0,458.0,-0.65,109271.0,275.9,225.0
PCBL,6/27/2021,465.0,471.0,456.0,470.0,2.62,114981.0,275.9,225.0
PCBL,6/28/2021,475.0,480.0,470.0,473.0,0.64,123506.0,275.9,225.0
PCBL,6/29/2021,480.0,481.0,465.0,467.0,-1.27,61534.0,275.9,225.0
PCBL,6/30/2021,465.0,466.0,459.0,462.0,-1.07,68597.0,275.9,225.0
PCBL,7/1/2021,465.0,468.0,461.0,465.0,0.65,82690.0,275.9,225.0
PCBL,7/4/2021,469.0,469.0,461.0,462.0,-0.65,66128.0,275.9,225.0
PCBL,7/5/2021,464.0,470.0,458.0,460.0,-0.43,67252.0,275.9,225.0
PCBL,7/6/2021,460.0,463.0,459.0,460.0,0.0,49687.0,275.9,225.0
PCBL,7/7/2021,460.0,463.0,459.0,460.0,0.0,75031.0,275.9,225.0
PCBL,7/8/2021,460.0,467.0,458.0,467.0,1.52,67760.0,275.9,225.0
PCBL,7/11/2021,474.0,480.0,470.0,479.0,2.57,131273.0,275.9,225.0
PCBL,7/12/2021,482.0,490.0,474.0,479.0,0.0,216398.0,275.9,225.0
PCBL,7/13/2021,475.0,483.0,471.0,480.0,0.21,160006.0,275.9,225.0
PCBL,7/14/2021,474.0,482.0,474.0,478.0,-0.42,57149.0,275.9,225.0
PCBL,7/15/2021,478.0,482.0,477.0,479.0,0.21,78065.0,275.9,225.0
PCBL,7/18/2021,480.0,503.8,480.0,501.0,4.59,288766.0,275.9,225.0
PCBL,7/19/2021,510.0,521.0,498.0,505.0,0.8,227042.0,275.9,225.0
PCBL,7/20/2021,510.0,510.0,497.0,504.0,-0.2,106157.0,275.9,225.0
PCBL,7/22/2021,504.0,517.0,500.3,509.5,1.09,254024.0,275.9,225.0
PCBL,7/25/2021,519.0,530.0,515.1,529.0,3.83,278834.0,275.9,225.0
PCBL,7/26/2021,530.0,535.0,514.0,515.0,-2.65,264856.0,275.9,225.0
PCBL,7/27/2021,504.7,521.0,497.0,515.0,0.0,239489.0,275.9,225.0
PCBL,7/28/2021,513.5,520.0,508.0,513.0,-0.39,222044.0,275.9,225.0
PCBL,7/29/2021,513.0,516.0,505.9,509.0,-0.78,136093.0,275.9,225.0
PCBL,8/1/2021,512.0,515.0,505.9,507.0,-0.39,146372.0,275.9,225.0
PCBL,8/2/2021,510.0,510.0,505.0,509.0,0.39,85626.0,275.9,225.0
PCBL,8/3/2021,509.0,514.0,507.0,509.0,0.0,72769.0,275.9,225.0
PCBL,8/4/2021,515.0,517.0,507.0,510.0,0.2,95879.0,275.9,225.0
PCBL,8/5/2021,515.0,515.0,507.5,509.0,-0.2,78774.0,275.9,225.0
PCBL,8/8/2021,513.0,518.0,509.0,510.1,0.22,122819.0,275.9,225.0
PCBL,8/9/2021,511.0,515.0,507.1,508.9,-0.24,90765.0,275.9,225.0
PCBL,8/10/2021,515.0,525.0,507.0,515.0,1.2,192126.0,275.9,225.0
PCBL,8/11/2021,520.0,525.0,509.0,510.0,-0.97,156294.0,275.9,225.0
PCBL,8/12/2021,509.0,519.0,507.0,515.0,0.98,119827.0,275.9,225.0
PCBL,8/15/2021,525.0,536.0,515.0,525.0,1.94,498080.0,275.9,225.0
PCBL,8/16/2021,535.5,535.5,520.0,523.0,-0.38,202401.0,275.9,225.0
PCBL,8/17/2021,528.0,528.0,515.0,520.0,-0.57,311620.0,275.9,225.0
PCBL,8/18/2021,517.0,528.0,513.0,521.9,0.37,194221.0,275.9,225.0
PCBL,8/19/2021,530.0,530.0,515.0,515.5,-1.23,116010.0,275.9,225.0
PCBL,8/24/2021,525.8,540.0,520.0,520.0,0.87,374928.0,275.9,225.0
PCBL,8/25/2021,520.1,523.0,509.0,513.5,-1.25,158476.0,275.9,225.0
PCBL,8/26/2021,513.5,520.0,511.0,513.0,-0.1,172563.0,275.9,225.0
PCBL,8/29/2021,520.0,521.0,504.0,506.0,-1.36,224254.0,275.9,225.0
PCBL,8/31/2021,510.0,510.0,495.0,498.5,-1.48,221733.0,275.9,225.0
PCBL,9/1/2021,500.0,504.9,496.0,502.0,0.7,159382.0,275.9,225.0
PCBL,9/2/2021,502.0,508.0,492.0,495.0,-1.39,127736.0,275.9,225.0
PCBL,9/5/2021,494.0,495.0,470.0,485.0,-2.02,178563.0,275.9,225.0
PCBL,9/6/2021,482.0,503.0,476.6,501.0,3.3,203835.0,275.9,225.0
PCBL,9/7/2021,501.0,507.0,491.4,498.0,-0.6,119102.0,275.9,225.0
PCBL,9/8/2021,497.0,497.0,484.0,488.0,-2.01,91549.0,275.9,225.0
PCBL,9/9/2021,493.0,494.0,485.0,487.0,-0.2,73412.0,275.9,225.0
PCBL,9/12/2021,496.5,498.0,486.0,494.9,1.62,133071.0,275.9,225.0
PCBL,9/13/2021,502.0,503.0,494.0,495.0,0.02,113635.0,275.9,225.0
PCBL,9/14/2021,500.0,500.0,491.0,494.0,-0.2,77386.0,275.9,225.0
PCBL,9/15/2021,494.0,495.0,488.0,492.0,-0.4,46183.0,275.9,225.0
PCBL,9/16/2021,488.0,490.0,475.6,480.0,-2.44,137696.0,275.9,225.0
PCBL,9/20/2021,480.0,481.0,461.0,462.0,-3.75,139009.0,275.9,225.0
PCBL,9/21/2021,455.0,482.0,440.1,468.0,1.3,204219.0,275.9,225.0
PCBL,9/22/2021,470.0,484.0,470.0,483.0,3.21,158775.0,275.9,225.0
PCBL,9/23/2021,492.6,520.0,490.0,500.0,3.52,415560.0,275.9,225.0
PCBL,9/26/2021,510.0,515.0,489.0,493.0,-1.4,199723.0,275.9,225.0
PCBL,9/27/2021,488.0,489.0,478.0,481.1,-2.41,82569.0,275.9,225.0
PCBL,9/28/2021,475.0,485.5,470.0,474.0,-1.48,102778.0,275.9,225.0
PCBL,9/29/2021,483.3,490.0,463.0,490.0,3.38,93793.0,275.9,225.0
PCBL,9/30/2021,492.0,492.0,474.1,476.0,-2.86,89140.0,275.9,225.0
PCBL,10/3/2021,477.0,478.0,465.0,470.0,-1.26,76330.0,275.9,225.0
PCBL,10/4/2021,462.1,474.0,460.6,467.5,-0.53,72276.0,275.9,225.0
PCBL,10/5/2021,475.0,476.0,468.0,474.0,1.39,57721.0,275.9,225.0
PCBL,10/6/2021,480.0,487.0,477.0,484.9,2.3,70687.0,275.9,225.0
PCBL,10/10/2021,484.9,494.0,481.0,484.0,-0.19,63718.0,275.9,225.0
PCBL,10/11/2021,484.0,489.0,475.0,477.0,-1.45,66731.0,275.9,225.0
PCBL,10/17/2021,486.0,486.0,470.0,479.0,0.42,36364.0,275.9,225.0
PCBL,10/18/2021,482.0,482.0,463.0,467.0,-2.51,67527.0,275.9,225.0
PCBL,10/19/2021,461.0,461.0,441.0,447.9,-4.09,100706.0,275.9,225.0
PCBL,10/20/2021,456.0,483.0,453.0,465.0,3.82,49186.0,275.9,225.0
PCBL,10/21/2021,466.0,475.0,456.0,470.0,1.08,75140.0,275.9,225.0
PCBL,10/24/2021,465.0,469.0,459.0,463.0,-1.49,51371.0,275.9,225.0
PCBL,10/25/2021,471.0,471.0,463.0,471.0,1.73,53495.0,275.9,225.0
PCBL,10/26/2021,471.0,483.0,471.0,480.0,1.91,114206.0,275.9,225.0
PCBL,10/27/2021,480.0,488.0,477.0,480.0,0.0,70690.0,275.9,225.0
PCBL,10/28/2021,485.0,485.0,478.0,481.0,0.21,56027.0,275.9,225.0
PCBL,10/31/2021,481.0,487.0,479.0,480.0,-0.21,74841.0,275.9,225.0
PCBL,11/1/2021,470.4,485.0,468.0,470.0,-2.08,94854.0,275.9,225.0
PCBL,11/2/2021,473.5,473.5,465.0,470.0,0.0,62476.0,275.9,225.0
PCBL,11/3/2021,471.0,478.1,470.0,474.9,1.04,59284.0,275.9,225.0
PCBL,11/8/2021,474.0,480.0,466.0,470.0,-1.03,44529.0,275.9,225.0
PCBL,11/9/2021,479.4,498.0,471.0,477.4,1.57,437988.0,275.9,225.0
PCBL,11/11/2021,480.0,485.0,470.0,473.0,-0.92,94095.0,275.9,225.0
PCBL,11/14/2021,471.0,475.0,465.0,467.0,-1.27,63324.0,275.9,225.0
PCBL,11/15/2021,475.0,475.0,466.0,468.9,0.41,79457.0,275.9,225.0
PCBL,11/16/2021,476.0,476.0,465.0,469.5,0.13,76123.0,275.9,225.0
PCBL,11/17/2021,473.0,476.0,469.0,470.0,0.11,53862.0,275.9,225.0
PCBL,11/18/2021,477.9,477.9,466.0,466.5,-0.74,51189.0,275.9,225.0
PCBL,11/21/2021,466.5,469.0,461.2,463.0,-0.75,35109.0,275.9,225.0
PCBL,11/22/2021,466.0,468.0,460.0,465.9,0.63,41654.0,275.9,225.0
PCBL,11/23/2021,464.0,465.0,461.0,461.0,-1.05,31187.0,275.9,225.0
PCBL,11/24/2021,461.0,461.0,452.0,458.7,-0.5,40911.0,275.9,225.0
PCBL,11/25/2021,458.1,462.0,455.0,458.0,-0.15,47985.0,275.9,225.0
PCBL,11/28/2021,458.1,461.0,452.0,453.0,-1.09,54441.0,275.9,225.0
PCBL,11/29/2021,459.0,460.0,452.0,458.0,1.1,49911.0,275.9,225.0
PCBL,11/30/2021,458.0,460.0,450.2,454.0,-0.87,42865.0,275.9,225.0
PCBL,12/1/2021,452.0,460.0,452.0,458.0,0.88,41681.0,275.9,225.0
PCBL,12/2/2021,460.0,460.0,449.0,452.5,-1.2,103574.0,275.9,225.0
PCBL,12/5/2021,452.0,452.1,439.0,442.0,-2.32,79490.0,275.9,225.0
PCBL,12/6/2021,437.0,444.0,425.0,442.0,0.0,93876.0,275.9,225.0
PCBL,12/7/2021,450.8,458.0,442.0,443.0,0.23,275645.0,275.9,225.0
PCBL,12/8/2021,381.0,381.0,360.7,360.9,-18.53,99067.0,275.9,225.0
PCBL,12/9/2021,359.0,359.0,344.0,348.8,-3.35,72587.0,275.9,225.0
PCBL,12/12/2021,343.0,345.0,328.0,329.0,-5.68,72485.0,275.9,225.0
PCBL,12/13/2021,325.0,329.0,310.0,313.0,-4.86,100471.0,275.9,225.0
PCBL,12/14/2021,313.0,335.0,313.0,333.0,6.39,29681.0,275.9,225.0
PCBL,12/15/2021,339.0,351.9,328.0,333.0,0.0,71161.0,275.9,225.0
PCBL,12/16/2021,333.0,333.0,327.0,329.0,-1.2,48320.0,275.9,225.0
PCBL,12/20/2021,335.5,335.5,320.0,324.0,-1.52,41010.0,275.9,225.0
PCBL,12/21/2021,330.0,330.4,326.0,329.0,1.54,30211.0,275.9,225.0
PCBL,12/22/2021,335.5,348.0,330.1,346.0,5.17,69172.0,275.9,225.0
PCBL,12/23/2021,352.9,355.0,336.5,344.3,-0.49,55715.0,275.9,225.0
PCBL,12/26/2021,350.0,350.8,346.0,350.0,1.66,49918.0,275.9,225.0
PCBL,12/27/2021,355.0,355.0,339.2,340.0,-2.86,58443.0,275.9,225.0
PCBL,12/28/2021,340.0,342.0,330.3,334.9,-1.5,46094.0,275.9,225.0
PCBL,12/29/2021,339.0,339.0,331.0,334.0,-0.27,38209.0,275.9,225.0
PCBL,1/2/2022,340.0,340.0,330.0,335.0,0.3,65670.0,275.9,225.0
PCBL,1/3/2022,341.7,346.0,334.0,345.0,2.99,61211.0,275.9,225.0
PCBL,1/4/2022,345.0,361.9,344.0,360.8,4.58,79037.0,275.9,225.0
PCBL,1/5/2022,368.0,368.0,356.0,360.0,-0.22,71257.0,275.9,225.0
PCBL,1/6/2022,352.8,366.0,352.8,364.0,1.11,47157.0,275.9,225.0
PCBL,1/9/2022,371.2,379.9,370.0,376.0,3.3,65117.0,275.9,225.0
PCBL,1/10/2022,383.5,383.5,376.0,379.0,0.8,93993.0,275.9,225.0
PCBL,1/11/2022,386.5,386.5,373.0,379.4,0.11,76413.0,275.9,225.0
PCBL,1/12/2022,386.9,386.9,371.0,371.5,-2.08,50969.0,275.9,225.0
PCBL,1/13/2022,374.0,377.0,365.0,372.0,0.13,53303.0,275.9,225.0
PCBL,1/16/2022,379.4,384.0,373.0,374.0,0.54,80095.0,275.9,225.0
PCBL,1/17/2022,378.0,383.0,373.0,375.8,0.48,87700.0,275.9,225.0
PCBL,1/18/2022,376.0,386.0,376.0,380.0,1.12,178434.0,275.9,225.0
PCBL,1/19/2022,387.6,389.0,380.0,380.0,0.0,77328.0,275.9,225.0
PCBL,1/20/2022,380.0,392.0,376.1,383.9,1.03,59291.0,275.9,225.0
PCBL,1/23/2022,385.0,385.0,372.0,375.0,-2.32,54766.0,275.9,225.0
PCBL,1/24/2022,374.0,374.0,358.1,365.0,-2.67,102636.0,275.9,225.0
PCBL,1/25/2022,360.0,367.0,352.8,360.0,-1.37,63483.0,275.9,225.0
PCBL,1/26/2022,360.0,360.0,352.0,352.0,-2.22,40440.0,275.9,225.0
PCBL,1/27/2022,351.1,358.0,350.0,353.0,0.28,35661.0,275.9,225.0
PCBL,1/30/2022,360.0,370.0,355.0,365.0,3.4,46977.0,275.9,225.0
PCBL,1/31/2022,372.0,372.0,357.0,360.0,-1.37,26856.0,275.9,225.0
PCBL,2/1/2022,360.0,360.0,353.1,359.9,-0.03,34702.0,275.9,225.0
PCBL,2/3/2022,362.0,367.5,357.6,359.0,-0.25,43183.0,275.9,225.0
PCBL,2/6/2022,360.0,366.1,354.1,357.0,-0.56,35819.0,275.9,225.0
PCBL,2/7/2022,352.0,358.4,352.0,355.0,-0.56,25817.0,275.9,225.0
PCBL,2/8/2022,362.1,369.0,351.0,352.0,-0.85,45561.0,275.9,225.0
PCBL,2/9/2022,352.0,352.0,348.0,349.9,-0.6,21709.0,275.9,225.0
PCBL,2/10/2022,353.0,353.0,346.0,348.0,-0.54,26462.0,275.9,225.0
PCBL,2/13/2022,344.0,345.0,334.4,336.0,-3.45,79596.0,275.9,225.0
PCBL,2/14/2022,340.0,341.7,334.0,337.0,0.3,20128.0,275.9,225.0
PCBL,2/15/2022,342.0,342.0,335.0,337.0,0.0,44681.0,275.9,225.0
PCBL,2/16/2022,342.0,342.0,335.0,336.0,-0.3,43063.0,275.9,225.0
PCBL,2/17/2022,338.0,338.0,330.1,337.0,0.3,66781.0,275.9,225.0
PCBL,2/20/2022,335.0,335.0,330.0,330.6,-1.9,41446.0,275.9,225.0
PCBL,2/21/2022,332.0,338.0,331.0,337.0,1.94,22747.0,275.9,225.0
PCBL,2/22/2022,343.0,343.0,333.0,335.0,-0.59,39989.0,275.9,225.0
PCBL,2/23/2022,337.2,337.2,330.1,332.0,-0.9,45278.0,275.9,225.0
PCBL,2/24/2022,330.0,330.0,321.0,325.0,-2.11,80217.0,275.9,225.0
PCBL,2/27/2022,320.0,326.0,319.0,319.0,-1.85,49848.0,275.9,225.0
PCBL,2/28/2022,321.0,325.0,315.0,316.0,-0.94,80272.0,275.9,225.0
PCBL,3/2/2022,315.0,320.0,311.3,315.0,-0.32,72127.0,275.9,225.0
PCBL,3/6/2022,320.0,320.0,315.0,319.1,1.3,33421.0,275.9,225.0
PCBL,3/7/2022,315.7,323.0,315.7,319.9,0.25,20734.0,275.9,225.0
PCBL,3/9/2022,320.0,320.0,313.0,315.0,-1.53,35349.0,275.9,225.0
PCBL,3/10/2022,315.0,318.0,310.0,316.1,0.35,28979.0,275.9,225.0
PCBL,3/13/2022,320.0,333.0,320.0,332.8,5.28,39733.0,275.9,225.0
PCBL,3/14/2022,339.0,339.4,330.0,330.0,-0.84,21165.0,275.9,225.0
PCBL,3/15/2022,330.0,333.0,326.0,330.0,0.0,30423.0,275.9,225.0
PCBL,3/16/2022,325.5,332.0,325.5,328.0,-0.61,25509.0,275.9,225.0
PCBL,3/20/2022,328.0,333.0,321.5,325.0,-0.91,25023.0,275.9,225.0
PCBL,3/21/2022,325.0,325.0,320.1,323.2,-0.55,33985.0,275.9,225.0
PCBL,3/22/2022,325.5,327.0,322.0,326.0,0.87,26716.0,275.9,225.0
PCBL,3/23/2022,325.0,326.0,321.9,324.0,-0.61,20486.0,275.9,225.0
PCBL,3/24/2022,320.0,324.0,319.2,319.5,-1.39,41640.0,275.9,225.0
PCBL,3/27/2022,320.0,320.0,313.7,314.0,-1.72,41139.0,275.9,225.0
PCBL,3/28/2022,312.0,315.0,311.0,312.0,-0.64,29965.0,275.9,225.0
PCBL,3/29/2022,318.0,318.0,311.0,311.2,-0.26,22809.0,275.9,225.0
PCBL,3/30/2022,311.2,314.9,309.0,313.0,0.58,38829.0,275.9,225.0
PCBL,3/31/2022,318.0,318.0,310.0,311.3,-0.54,29349.0,275.9,225.0
PCBL,4/3/2022,313.0,313.0,307.0,308.0,-1.06,27572.0,275.9,225.0
PCBL,4/4/2022,314.1,314.1,305.0,309.0,0.32,47026.0,275.9,225.0
PCBL,4/5/2022,315.1,315.1,301.0,303.0,-1.94,177379.0,275.9,225.0
PCBL,4/6/2022,301.0,302.0,296.0,298.0,-1.65,58037.0,275.9,225.0
PCBL,4/7/2022,303.0,306.0,298.2,302.0,1.34,221014.0,275.9,225.0
PCBL,4/11/2022,302.1,313.0,296.0,298.0,-1.32,67637.0,275.9,225.0
PCBL,4/12/2022,302.0,302.0,294.7,294.9,-1.04,35107.0,275.9,225.0
PCBL,4/13/2022,295.0,302.0,295.0,302.0,2.41,38142.0,275.9,225.0
PCBL,4/17/2022,308.0,308.0,297.0,300.0,-0.66,30927.0,275.9,225.0
PCBL,4/18/2022,299.9,299.9,294.2,294.2,-1.93,40626.0,275.9,225.0
PCBL,4/19/2022,300.0,300.0,290.0,293.0,-0.41,38009.0,275.9,225.0
PCBL,4/20/2022,298.8,298.8,289.0,291.0,-0.68,49468.0,275.9,225.0
PCBL,4/21/2022,296.8,296.8,286.0,291.0,0.0,58400.0,275.9,225.0
PCBL,4/24/2022,296.8,302.0,289.1,301.0,3.44,71487.0,275.9,225.0
PCBL,4/25/2022,307.0,307.0,295.0,299.0,-0.66,51909.0,275.9,225.0
PCBL,4/26/2022,299.0,302.0,292.0,297.5,-0.5,19541.0,275.9,225.0
PCBL,4/27/2022,298.0,298.0,293.0,297.5,0.0,15346.0,275.9,225.0
PCBL,4/28/2022,303.4,303.4,289.5,296.0,-0.5,65103.0,275.9,225.0
PCBL,5/2/2022,291.1,293.5,288.0,288.0,-2.7,36913.0,275.9,225.0
PCBL,5/4/2022,290.0,290.0,285.0,286.5,-0.52,21222.0,275.9,225.0
PCBL,5/5/2022,288.0,288.0,278.0,281.9,-1.61,106672.0,275.9,225.0
PCBL,5/8/2022,287.0,287.0,275.0,283.5,0.57,47997.0,275.9,225.0
PCBL,5/9/2022,289.1,289.1,282.0,287.0,1.23,62212.0,275.9,225.0
PCBL,5/10/2022,287.0,290.0,283.0,289.0,0.7,52929.0,275.9,225.0
PCBL,5/11/2022,290.0,291.0,284.1,291.0,0.69,78958.0,275.9,225.0
PCBL,5/12/2022,292.0,296.3,286.6,293.0,0.69,67614.0,275.9,225.0
PCBL,5/17/2022,298.0,298.0,282.8,283.0,-3.41,35396.0,275.9,225.0
PCBL,5/18/2022,278.6,285.0,278.6,284.8,0.64,38737.0,275.9,225.0
PCBL,5/19/2022,290.0,290.0,279.3,284.0,-0.28,66460.0,275.9,225.0
PCBL,5/20/2022,284.0,288.0,280.0,283.0,-0.35,27320.0,275.9,225.0
PCBL,5/23/2022,288.6,288.6,277.0,282.0,-0.35,70794.0,275.9,225.0
PCBL,5/24/2022,282.0,286.6,278.0,279.5,-0.89,48120.0,275.9,225.0
PCBL,5/25/2022,285.0,285.6,279.0,283.0,1.25,26849.0,275.9,225.0
PCBL,5/26/2022,282.0,287.0,281.1,285.0,0.71,52371.0,275.9,225.0
PCBL,5/27/2022,290.0,292.0,280.0,287.0,0.7,41934.0,275.9,225.0
PCBL,5/30/2022,287.0,287.0,278.0,284.0,-1.05,47292.0,275.9,225.0
PCBL,5/31/2022,280.5,280.6,271.2,274.0,-3.52,83122.0,275.9,225.0
PCBL,6/1/2022,278.4,281.0,269.0,275.0,0.36,43789.0,275.9,225.0
PCBL,6/2/2022,278.0,278.0,267.0,272.0,-1.09,65223.0,275.9,225.0
PCBL,6/3/2022,277.0,277.0,266.0,268.0,-1.47,31414.0,275.9,225.0
PCBL,6/6/2022,272.0,272.0,259.0,267.0,-0.37,55031.0,275.9,225.0
PCBL,6/7/2022,267.0,268.0,260.0,265.0,-0.75,36922.0,275.9,225.0
PCBL,6/8/2022,267.0,273.0,264.0,272.0,2.64,80752.0,275.9,225.0
PCBL,6/9/2022,269.0,276.0,269.0,271.0,-0.37,72651.0,275.9,225.0
PCBL,6/10/2022,275.0,275.0,266.0,272.0,0.37,20976.0,275.9,225.0
PCBL,6/13/2022,270.1,270.1,263.0,267.0,-1.84,44216.0,275.9,225.0
PCBL,6/14/2022,265.0,266.0,260.0,266.0,-0.37,24578.0,275.9,225.0
PCBL,6/15/2022,262.0,263.0,257.0,260.5,-2.07,30543.0,275.9,225.0
PCBL,6/16/2022,261.0,263.0,255.0,263.0,0.96,41999.0,275.9,225.0
PCBL,6/17/2022,263.0,263.9,257.9,260.0,-1.14,12758.0,275.9,225.0
PCBL,6/19/2022,256.0,256.0,250.0,252.8,-2.77,62786.0,275.9,225.0
PCBL,6/20/2022,250.0,250.0,244.0,249.9,-1.15,63725.0,275.9,225.0
PCBL,6/21/2022,246.0,258.0,245.0,253.7,1.52,29572.0,275.9,225.0
PCBL,6/22/2022,254.9,254.9,249.0,250.0,-1.46,34640.0,275.9,225.0
PCBL,6/23/2022,249.0,249.0,242.1,248.0,-0.8,39806.0,275.9,225.0
PCBL,6/24/2022,246.0,255.0,242.3,249.8,0.73,25363.0,275.9,225.0
PCBL,6/26/2022,254.7,257.0,250.0,254.9,2.04,71207.0,275.9,225.0
PCBL,6/27/2022,259.9,259.9,248.5,253.0,-0.75,52029.0,275.9,225.0
PCBL,6/28/2022,257.9,258.0,245.2,253.0,0.0,24482.0,275.9,225.0
PCBL,6/29/2022,257.8,257.8,246.0,252.3,-0.28,62733.0,275.9,225.0
PCBL,6/30/2022,257.3,257.3,252.0,256.0,1.47,64450.0,275.9,225.0
PCBL,7/1/2022,260.9,260.9,252.9,255.0,-0.39,24457.0,275.9,225.0
PCBL,7/3/2022,251.0,257.0,249.9,255.0,0.0,42829.0,275.9,225.0
PCBL,7/4/2022,259.9,260.1,252.1,255.0,0.0,129754.0,275.9,225.0
PCBL,7/5/2022,259.9,260.0,250.0,253.0,-0.78,23742.0,275.9,225.0
PCBL,7/6/2022,258.0,258.0,248.0,255.0,0.79,43785.0,275.9,225.0
PCBL,7/7/2022,259.9,259.9,249.0,252.0,-1.18,68552.0,275.9,225.0
PCBL,7/8/2022,256.9,256.9,244.1,249.5,-0.99,64617.0,275.9,225.0
PCBL,7/11/2022,249.0,249.0,243.0,245.0,-1.8,45127.0,275.9,225.0
PCBL,7/12/2022,245.0,245.0,238.5,240.0,-2.04,66966.0,275.9,225.0
PCBL,7/13/2022,241.0,244.0,239.0,241.0,0.42,76647.0,275.9,225.0
PCBL,7/14/2022,245.8,250.0,244.0,248.9,3.28,43893.0,275.9,225.0
PCBL,7/15/2022,253.4,265.0,245.0,265.0,6.47,53728.0,275.9,225.0
PCBL,7/17/2022,265.0,266.0,250.1,262.8,-0.83,50235.0,275.9,225.0
PCBL,7/18/2022,262.8,262.8,255.0,260.9,-0.72,43817.0,275.9,225.0
PCBL,7/19/2022,260.0,270.0,259.2,262.0,0.42,56023.0,275.9,225.0
PCBL,7/20/2022,260.1,263.0,258.5,262.0,0.0,32033.0,275.9,225.0
PCBL,7/21/2022,259.0,265.0,258.0,264.5,0.95,45560.0,275.9,225.0
PCBL,7/22/2022,260.0,264.0,257.1,259.0,-2.08,19446.0,275.9,225.0
PCBL,7/24/2022,257.0,264.0,256.0,262.0,1.16,40452.0,275.9,225.0
PCBL,7/25/2022,262.2,271.9,258.0,264.0,0.76,71269.0,275.9,225.0
PCBL,7/26/2022,261.0,264.9,256.0,257.5,-2.46,56995.0,275.9,225.0
PCBL,7/27/2022,257.1,258.0,253.1,256.0,-0.58,91909.0,275.9,225.0
PCBL,7/28/2022,257.0,259.0,251.9,255.0,-0.39,112552.0,275.9,225.0
PCBL,7/29/2022,256.0,258.0,250.3,254.0,-0.39,41178.0,275.9,225.0
PCBL,7/31/2022,252.0,262.0,250.0,262.0,3.15,173315.0,275.9,225.0
PCBL,8/1/2022,266.0,267.0,258.1,261.7,-0.11,175473.0,275.9,225.0
PCBL,8/2/2022,264.0,264.0,258.0,261.0,-0.27,66962.0,275.9,225.0
PCBL,8/3/2022,262.0,263.9,252.0,255.0,-2.3,163745.0,275.9,225.0
PCBL,8/4/2022,255.0,255.0,248.2,248.4,-2.59,78884.0,275.9,225.0
PCBL,8/5/2022,246.0,248.0,243.6,245.0,-1.37,54343.0,275.9,225.0
PCBL,8/7/2022,247.0,250.0,242.0,246.0,0.41,85497.0,275.9,225.0
PCBL,8/8/2022,248.0,248.8,241.0,246.0,0.0,90156.0,275.9,225.0
PCBL,8/9/2022,242.0,245.0,239.7,240.0,-2.44,61310.0,275.9,225.0
PCBL,8/10/2022,240.0,242.0,237.7,238.8,-0.5,55738.0,275.9,225.0
PCBL,8/11/2022,238.3,242.0,237.8,240.0,0.5,37052.0,275.9,225.0
PCBL,8/14/2022,237.0,240.0,235.0,238.8,-0.5,63861.0,275.9,225.0
PCBL,8/15/2022,242.0,243.1,235.1,239.9,0.46,60103.0,275.9,225.0
PCBL,8/16/2022,239.1,244.6,237.0,238.0,-0.79,68607.0,275.9,225.0
PCBL,8/17/2022,240.0,240.0,237.0,238.0,0.0,37708.0,275.9,225.0
PCBL,8/18/2022,238.0,240.0,236.0,238.0,0.0,63791.0,275.9,225.0
PCBL,8/21/2022,242.0,242.5,236.8,240.0,0.84,111432.0,275.9,225.0
PCBL,8/22/2022,240.0,242.0,238.0,240.8,0.33,349842.0,275.9,225.0
PCBL,8/23/2022,240.0,243.9,238.0,243.6,1.16,168433.0,275.9,225.0
PCBL,8/24/2022,246.0,247.0,240.0,243.0,-0.25,118053.0,275.9,225.0
PCBL,8/25/2022,239.3,243.0,238.7,239.9,-1.28,49851.0,275.9,225.0
PCBL,8/26/2022,244.6,244.6,236.1,238.9,-0.42,27056.0,275.9,225.0
PCBL,8/28/2022,238.0,240.0,235.1,235.9,-1.26,43456.0,275.9,225.0
PCBL,8/29/2022,235.0,237.5,233.3,235.1,-0.34,42012.0,275.9,225.0
PCBL,8/30/2022,236.0,237.0,233.0,236.8,0.72,71366.0,275.9,225.0
PCBL,8/31/2022,236.0,236.9,232.6,235.0,-0.76,46615.0,275.9,225.0
PCBL,9/1/2022,232.3,235.0,232.0,234.5,-0.21,36565.0,275.9,225.0
PCBL,9/2/2022,232.5,236.0,232.0,232.0,-1.07,34159.0,275.9,225.0
PCBL,9/4/2022,231.1,234.5,231.1,233.8,0.78,38710.0,275.9,225.0
PCBL,9/5/2022,234.0,234.8,231.3,234.0,0.09,35005.0,275.9,225.0
PCBL,9/6/2022,232.0,232.9,230.0,232.0,-0.85,40124.0,275.9,225.0
PCBL,9/7/2022,231.0,232.0,229.0,231.9,-0.04,31692.0,275.9,225.0
PCBL,9/8/2022,229.0,230.0,225.0,230.0,-0.82,129181.0,275.9,225.0
PCBL,9/11/2022,230.0,231.7,225.7,228.8,-0.52,43432.0,275.9,225.0
PCBL,9/12/2022,228.0,229.7,224.0,227.0,-0.79,58877.0,275.9,225.0
PCBL,9/13/2022,225.0,229.0,225.0,227.3,0.13,47850.0,275.9,225.0
PCBL,9/14/2022,231.3,233.0,226.7,232.7,2.38,79301.0,275.9,225.0
PCBL,9/15/2022,232.0,236.0,225.9,229.1,-1.55,57346.0,275.9,225.0
PCBL,9/16/2022,224.6,230.4,222.0,227.9,-0.52,26388.0,275.9,225.0
PCBL,9/18/2022,223.4,226.0,219.5,222.0,-2.59,91601.0,275.9,225.0
PCBL,9/20/2022,218.0,222.0,214.6,217.0,-2.25,65119.0,275.9,225.0
PCBL,9/21/2022,212.7,218.8,212.7,217.5,0.23,49014.0,275.9,225.0
PCBL,9/22/2022,214.5,220.0,214.5,218.0,0.23,34621.0,275.9,225.0
PCBL,9/25/2022,213.7,216.0,209.5,214.0,-1.83,70772.0,275.9,225.0
PCBL,9/27/2022,209.8,218.0,209.8,217.0,1.4,30317.0,275.9,225.0
PCBL,9/28/2022,212.7,220.9,212.7,218.0,0.46,27709.0,275.9,225.0
PCBL,9/29/2022,213.7,223.0,213.7,223.0,2.29,25902.0,275.9,225.0
PCBL,10/9/2022,226.0,227.0,221.0,226.1,1.39,66566.0,275.9,225.0
PCBL,10/10/2022,221.6,227.4,221.6,224.5,-0.71,31944.0,275.9,225.0
PCBL,10/11/2022,225.0,225.0,218.5,219.5,-2.23,43104.0,275.9,225.0
PCBL,10/12/2022,215.2,222.9,215.2,222.8,1.5,56526.0,275.9,225.0
PCBL,10/13/2022,222.8,225.0,216.6,222.0,-0.36,64645.0,275.9,225.0
PCBL,10/16/2022,217.6,224.0,217.6,221.0,-0.45,33002.0,275.9,225.0
PCBL,10/17/2022,216.6,223.0,216.6,221.5,0.23,73724.0,275.9,225.0
PCBL,10/19/2022,217.1,222.0,217.1,220.8,-0.32,47055.0,275.9,225.0
PCBL,10/20/2022,220.8,221.9,217.4,220.8,0.0,36444.0,275.9,225.0
PCBL,10/23/2022,221.0,225.5,219.0,225.0,1.9,28383.0,275.9,225.0
PCBL,10/31/2022,222.0,228.0,222.0,226.9,0.84,39880.0,275.9,225.0
PCBL,11/1/2022,231.0,239.6,217.5,236.9,4.41,63882.0,275.9,225.0
PCBL,11/2/2022,240.0,243.0,235.2,241.5,1.94,74439.0,275.9,225.0
PCBL,11/3/2022,246.3,246.3,227.7,239.4,-0.87,28789.0,275.9,225.0
PCBL,11/6/2022,244.1,244.1,232.5,240.0,0.25,82503.0,275.9,225.0
PCBL,11/7/2022,244.0,244.0,235.3,238.8,-0.5,65554.0,275.9,225.0
PCBL,11/8/2022,243.5,243.5,233.5,234.0,-2.01,25063.0,275.9,225.0
PCBL,11/9/2022,229.4,236.0,227.4,229.8,-1.79,32976.0,275.9,225.0
PCBL,11/10/2022,229.0,230.5,225.0,229.0,-0.35,44317.0,275.9,225.0
PCBL,11/13/2022,224.5,232.0,223.5,227.9,-0.48,32582.0,275.9,225.0
PCBL,11/14/2022,227.9,228.0,224.0,227.9,0.0,29617.0,275.9,225.0
PCBL,11/15/2022,227.9,228.0,224.0,225.0,-1.27,42742.0,275.9,225.0
PCBL,11/16/2022,225.0,228.0,225.0,227.4,1.07,26326.0,275.9,225.0
PCBL,11/17/2022,227.4,232.0,227.4,231.8,1.93,36575.0,275.9,225.0
PCBL,11/22/2022,227.2,239.0,227.2,230.0,-0.78,36290.0,275.9,225.0
PCBL,11/23/2022,225.4,230.0,225.0,230.0,0.0,13378.0,275.9,225.0
PCBL,11/24/2022,230.0,233.5,228.1,232.0,0.87,19868.0,275.9,225.0
PCBL,11/27/2022,227.4,234.1,227.4,234.0,0.86,35192.0,275.9,225.0
PCBL,11/28/2022,238.5,238.5,228.5,228.5,-2.35,63058.0,275.9,225.0
PCBL,11/29/2022,229.0,233.0,225.4,228.8,0.13,31923.0,275.9,225.0
PCBL,11/30/2022,229.0,230.0,225.0,227.7,-0.48,47219.0,275.9,225.0
PCBL,12/1/2022,228.0,230.0,224.1,228.0,0.13,42357.0,275.9,225.0
PCBL,12/4/2022,228.0,232.0,226.7,228.4,0.18,31683.0,275.9,225.0
PCBL,12/5/2022,230.0,232.0,225.4,227.9,-0.22,55716.0,275.9,225.0
PCBL,12/6/2022,223.4,228.0,223.4,227.9,0.0,26183.0,275.9,225.0
PCBL,12/7/2022,223.4,227.9,223.4,226.9,-0.44,22302.0,275.9,225.0
PCBL,12/11/2022,226.5,230.0,223.0,225.8,-0.48,30410.0,275.9,225.0
PCBL,12/12/2022,225.0,228.0,222.0,225.0,-0.35,34871.0,275.9,225.0
PCBL,12/13/2022,226.0,226.9,222.5,224.8,-0.09,9302.0,275.9,225.0
PCBL,12/14/2022,229.2,229.2,222.0,226.0,0.53,17005.0,275.9,225.0
PCBL,12/15/2022,222.6,225.9,222.6,224.5,-0.66,15037.0,275.9,225.0
PCBL,12/18/2022,224.0,224.0,211.7,213.8,-4.77,97623.0,275.9,225.0
PCBL,12/19/2022,210.2,214.0,209.6,213.4,-0.19,324602.0,275.9,225.0
PCBL,12/20/2022,211.2,214.0,210.0,213.9,0.23,43886.0,275.9,225.0
PCBL,12/21/2022,212.0,215.0,211.0,213.1,-0.37,24235.0,275.9,225.0
PCBL,12/22/2022,210.1,213.0,210.1,213.0,-0.05,24193.0,275.9,225.0
PCBL,12/26/2022,217.2,221.5,213.0,218.0,2.35,63390.0,275.9,225.0
PCBL,12/27/2022,222.3,228.5,220.0,226.9,4.08,67018.0,275.9,225.0
PCBL,12/28/2022,231.4,231.4,224.0,228.9,0.88,261707.0,275.9,225.0
PCBL,12/29/2022,220.0,223.9,216.0,223.1,-2.53,55284.0,275.9,225.0
PCBL,1/1/2023,224.0,227.0,218.7,223.4,0.13,60584.0,275.9,225.0
PCBL,1/2/2023,220.0,225.0,220.0,222.8,-0.27,28433.0,275.9,225.0
PCBL,1/3/2023,227.2,232.0,218.0,221.0,-0.81,39925.0,275.9,225.0
PCBL,1/4/2023,224.0,224.0,218.0,222.0,0.45,68085.0,275.9,225.0
PCBL,1/5/2023,226.4,226.4,218.1,219.0,-1.35,80660.0,275.9,225.0
PCBL,1/8/2023,223.3,223.3,215.1,219.0,0.0,113131.0,275.9,225.0
PCBL,1/9/2023,223.3,229.0,218.3,229.0,4.57,150542.0,275.9,225.0
PCBL,1/10/2023,233.5,247.0,229.4,233.0,1.75,193698.0,275.9,225.0
PCBL,1/12/2023,237.0,246.0,227.0,230.0,-1.29,88043.0,275.9,225.0
PCBL,1/17/2023,234.6,234.6,226.2,227.0,-1.3,70219.0,275.9,225.0
PCBL,1/18/2023,231.0,231.0,222.7,225.0,-0.88,93346.0,275.9,225.0
PCBL,1/19/2023,229.5,229.5,220.5,225.9,0.4,56414.0,275.9,225.0
PCBL,1/23/2023,230.4,231.0,223.1,225.8,-0.04,73897.0,275.9,225.0
PCBL,1/24/2023,223.0,227.0,223.0,226.8,0.44,52537.0,275.9,225.0
PCBL,1/25/2023,231.3,231.3,222.2,222.2,-2.03,53263.0,275.9,225.0
PCBL,1/26/2023,226.6,226.6,221.9,223.8,0.72,44181.0,275.9,225.0
PCBL,1/29/2023,228.2,228.2,218.9,222.9,-0.4,53496.0,275.9,225.0
PCBL,1/30/2023,227.3,227.3,218.1,219.9,-1.35,49490.0,275.9,225.0
PCBL,1/31/2023,224.2,224.2,215.8,219.9,0.0,66386.0,275.9,225.0
PCBL,2/1/2023,224.2,224.2,215.3,218.9,-0.45,32821.0,275.9,225.0
PCBL,2/2/2023,217.0,220.0,213.0,215.7,-1.46,65939.0,275.9,225.0
PCBL,2/5/2023,220.0,220.0,212.0,214.7,-0.46,45965.0,275.9,225.0
PCBL,2/6/2023,214.0,218.1,211.2,214.0,-0.33,35721.0,275.9,225.0
PCBL,2/7/2023,214.0,219.7,214.0,219.7,2.66,41084.0,275.9,225.0
PCBL,2/8/2023,224.0,224.0,212.0,217.0,-1.23,142631.0,275.9,225.0
PCBL,2/9/2023,217.0,221.0,213.0,215.9,-0.51,87284.0,275.9,225.0
PCBL,2/12/2023,220.2,220.2,210.0,213.0,-1.34,81252.0,275.9,225.0
PCBL,2/14/2023,217.2,217.2,210.0,212.8,-0.09,55566.0,275.9,225.0
PCBL,2/15/2023,217.0,217.0,210.0,211.4,-0.66,94733.0,275.9,225.0
PCBL,2/16/2023,208.0,219.0,208.0,209.9,-0.71,41811.0,275.9,225.0
PCBL,2/20/2023,214.0,214.0,206.0,207.9,-0.95,81289.0,275.9,225.0
PCBL,2/22/2023,212.0,212.1,206.5,212.0,1.97,48682.0,275.9,225.0
PCBL,2/23/2023,216.2,216.2,205.0,207.2,-2.26,118893.0,275.9,225.0
PCBL,2/26/2023,207.0,208.9,203.6,206.5,-0.34,42195.0,275.9,225.0
PCBL,2/27/2023,206.5,210.6,204.1,207.5,0.48,33557.0,275.9,225.0
PCBL,2/28/2023,207.5,208.0,204.0,205.9,-0.77,22353.0,275.9,225.0
PCBL,3/1/2023,208.0,208.0,203.8,203.9,-0.97,70896.0,275.9,225.0
PCBL,3/2/2023,203.0,204.9,201.6,203.7,-0.1,36926.0,275.9,225.0
PCBL,3/5/2023,205.0,205.0,201.0,202.0,-0.83,52122.0,275.9,225.0
PCBL,3/7/2023,200.1,205.7,200.1,202.9,0.45,27389.0,275.9,225.0
PCBL,3/9/2023,205.0,206.8,201.9,204.0,0.54,37121.0,275.9,225.0
PCBL,3/12/2023,207.0,207.0,201.6,203.9,-0.05,41068.0,275.9,225.0
PCBL,3/13/2023,200.2,204.0,199.0,201.9,-0.98,40714.0,275.9,225.0
PCBL,3/14/2023,199.0,202.4,199.0,201.8,-0.05,29243.0,275.9,225.0
PCBL,3/15/2023,200.1,209.0,198.6,202.5,0.35,47060.0,275.9,225.0
PCBL,3/16/2023,199.5,203.9,198.5,203.3,0.4,61458.0,275.9,225.0
PCBL,3/19/2023,205.0,205.0,199.1,201.9,-0.69,35576.0,275.9,225.0
PCBL,3/20/2023,200.0,203.8,200.0,202.6,0.35,15898.0,275.9,225.0
PCBL,3/22/2023,203.0,203.0,198.0,200.0,-1.28,74868.0,275.9,225.0
PCBL,3/23/2023,200.0,203.3,196.1,199.0,-0.5,46834.0,275.9,225.0
PCBL,3/26/2023,199.0,199.5,195.1,199.5,0.25,51194.0,275.9,225.0
PCBL,3/27/2023,199.5,199.9,195.6,199.0,-0.25,34599.0,275.9,225.0
PCBL,3/28/2023,200.0,201.0,198.0,199.3,0.15,34914.0,275.9,225.0
PCBL,3/29/2023,196.2,200.0,196.1,197.1,-1.1,28760.0,275.9,225.0
PCBL,3/30/2023,199.0,199.0,196.0,196.1,-0.51,25478.0,275.9,225.0
PCBL,4/2/2023,197.0,199.0,194.8,195.0,-0.56,27676.0,275.9,225.0
PCBL,4/3/2023,195.0,195.0,191.7,194.8,-0.1,41056.0,275.9,225.0
PCBL,4/4/2023,195.0,195.7,190.0,194.0,-0.41,46956.0,275.9,225.0
PCBL,4/5/2023,192.0,194.0,190.4,193.9,-0.05,16825.0,275.9,225.0
PCBL,4/6/2023,197.0,197.0,191.1,193.9,0.0,34442.0,275.9,225.0
PCBL,4/9/2023,192.0,193.0,189.9,192.9,-0.52,54819.0,275.9,225.0
PCBL,4/10/2023,194.0,194.4,191.0,194.0,0.57,31792.0,275.9,225.0
PCBL,4/11/2023,195.5,196.0,190.2,194.3,0.15,59508.0,275.9,225.0
PCBL,4/12/2023,196.0,206.0,195.0,204.5,5.25,66159.0,275.9,225.0
PCBL,4/13/2023,204.1,208.0,200.0,202.8,-0.83,44610.0,275.9,225.0
PCBL,4/16/2023,203.5,205.0,198.1,200.0,-1.38,16517.0,275.9,225.0
PCBL,4/17/2023,200.0,202.0,196.5,197.9,-1.05,19368.0,275.9,225.0
PCBL,4/18/2023,197.0,199.9,196.0,197.2,-0.35,17870.0,275.9,225.0
PCBL,4/19/2023,199.0,199.9,196.0,198.1,0.46,24764.0,275.9,225.0
PCBL,4/20/2023,202.0,202.0,194.3,196.9,-0.61,27890.0,275.9,225.0
PCBL,4/23/2023,196.9,197.0,193.0,193.9,-1.52,35960.0,275.9,225.0
PCBL,4/24/2023,193.0,196.8,192.0,196.8,1.5,25208.0,275.9,225.0
PCBL,4/25/2023,198.0,200.0,195.0,200.0,1.63,63905.0,275.9,225.0
PCBL,4/26/2023,200.0,202.8,196.0,197.0,-1.5,26142.0,275.9,225.0
PCBL,4/27/2023,195.5,197.9,195.0,197.9,0.46,18857.0,275.9,225.0
PCBL,4/30/2023,195.0,198.0,195.0,196.4,-0.76,28649.0,275.9,225.0
PCBL,5/2/2023,195.0,197.0,193.7,195.9,-0.25,24888.0,275.9,225.0
PCBL,5/3/2023,198.0,198.0,192.9,195.0,-0.46,25360.0,275.9,225.0
PCBL,5/4/2023,195.0,198.0,191.5,196.0,0.51,37228.0,275.9,225.0
PCBL,5/7/2023,193.2,196.0,191.0,194.1,-0.97,24796.0,275.9,225.0
PCBL,5/8/2023,193.0,194.5,192.1,193.9,-0.1,13939.0,275.9,225.0
PCBL,5/9/2023,193.1,195.1,192.0,194.1,0.1,21153.0,275.9,225.0
PCBL,5/10/2023,195.0,195.0,192.6,194.0,-0.05,21402.0,275.9,225.0
PCBL,5/11/2023,193.0,193.1,190.9,193.0,-0.52,34019.0,275.9,225.0
PCBL,5/14/2023,193.0,193.0,189.9,192.8,-0.1,39229.0,275.9,225.0
PCBL,5/15/2023,191.0,192.9,189.2,192.8,0.0,27082.0,275.9,225.0
PCBL,5/16/2023,194.6,194.6,189.5,191.0,-0.93,17348.0,275.9,225.0
PCBL,5/17/2023,191.0,193.7,190.2,192.0,0.52,27399.0,275.9,225.0
PCBL,5/18/2023,190.0,195.0,190.0,194.5,1.3,40428.0,275.9,225.0
PCBL,5/21/2023,194.0,196.8,193.0,194.2,-0.15,24884.0,275.9,225.0
PCBL,5/22/2023,193.0,194.2,192.1,193.5,-0.36,22941.0,275.9,225.0
PCBL,5/23/2023,194.0,197.0,193.1,196.9,1.76,37957.0,275.9,225.0
PCBL,5/24/2023,199.0,199.7,195.0,197.7,0.41,24634.0,275.9,225.0
PCBL,5/28/2023,195.0,201.0,195.0,197.6,-0.05,54531.0,275.9,225.0
PCBL,5/30/2023,194.5,195.9,192.0,192.5,-2.58,43503.0,275.9,225.0
PCBL,5/31/2023,190.1,193.9,189.0,191.5,-0.52,56394.0,275.9,225.0
PCBL,6/1/2023,193.0,193.0,189.0,192.0,0.26,34004.0,275.9,225.0
PCBL,6/4/2023,190.0,197.9,190.0,193.0,0.52,17980.0,275.9,225.0
PCBL,6/5/2023,192.1,196.0,192.0,193.7,0.36,30326.0,275.9,225.0
PCBL,6/6/2023,191.1,193.5,190.1,191.7,-1.03,32927.0,275.9,225.0
PCBL,6/7/2023,195.4,195.4,190.8,191.9,0.1,27506.0,275.9,225.0
PCBL,6/8/2023,190.6,192.0,190.0,190.8,-0.57,29142.0,275.9,225.0
PCBL,6/11/2023,191.0,194.3,190.5,192.8,1.05,49344.0,275.9,225.0
PCBL,6/12/2023,191.2,195.8,191.2,192.4,-0.21,36195.0,275.9,225.0
PCBL,6/13/2023,193.0,195.0,191.2,193.0,0.31,77329.0,275.9,225.0
PCBL,6/14/2023,196.8,197.5,193.0,196.8,1.97,80833.0,275.9,225.0
PCBL,6/15/2023,193.6,200.7,193.6,195.0,-0.91,44790.0,275.9,225.0
PCBL,6/18/2023,193.5,196.0,192.0,194.5,-0.26,55272.0,275.9,225.0
PCBL,6/19/2023,193.0,194.5,191.6,193.5,-0.51,64837.0,275.9,225.0
PCBL,6/20/2023,194.1,195.0,192.0,193.0,-0.26,47053.0,275.9,225.0
PCBL,6/21/2023,194.9,194.9,191.0,192.4,-0.31,40183.0,275.9,225.0
PCBL,6/22/2023,196.2,196.2,190.7,192.9,0.26,43231.0,275.9,225.0
PCBL,6/25/2023,190.5,193.0,190.0,192.9,0.0,103456.0,275.9,225.0
PCBL,6/26/2023,190.5,194.5,190.3,191.7,-0.62,74094.0,275.9,225.0
PCBL,6/27/2023,191.7,201.0,191.7,198.0,3.29,193861.0,275.9,225.0
PCBL,6/28/2023,201.7,201.9,195.3,196.5,-0.76,79101.0,275.9,225.0
PCBL,7/2/2023,200.4,200.4,191.5,192.7,-1.93,45885.0,275.9,225.0
PCBL,7/3/2023,194.6,194.6,190.0,191.0,-0.88,89831.0,275.9,225.0
PCBL,7/4/2023,190.0,192.0,188.0,189.8,-0.63,65001.0,275.9,225.0
PCBL,7/5/2023,190.0,191.0,186.0,189.4,-0.21,96627.0,275.9,225.0
PCBL,7/6/2023,189.0,190.0,186.5,189.5,0.05,41312.0,275.9,225.0
PCBL,7/9/2023,190.0,191.0,188.0,190.0,0.26,45936.0,275.9,225.0
PCBL,7/10/2023,191.0,192.0,188.0,190.9,0.47,50155.0,275.9,225.0
PCBL,7/11/2023,188.0,190.5,187.2,188.4,-1.31,59896.0,275.9,225.0
PCBL,7/12/2023,192.0,195.9,188.8,192.4,2.12,46886.0,275.9,225.0
PCBL,7/13/2023,188.6,196.0,188.6,191.7,-0.36,50993.0,275.9,225.0
PCBL,7/16/2023,191.7,195.5,190.0,195.0,1.72,76059.0,275.9,225.0
PCBL,7/17/2023,194.0,200.5,193.0,199.9,2.51,85478.0,275.9,225.0
PCBL,7/18/2023,200.0,203.0,199.0,200.9,0.5,170561.0,275.9,225.0
PCBL,7/19/2023,200.0,210.0,198.2,210.0,4.53,208423.0,275.9,225.0
PCBL,7/20/2023,210.0,213.8,208.0,208.3,-0.81,141018.0,275.9,225.0
PCBL,7/23/2023,212.2,223.0,206.7,221.0,6.1,251637.0,275.9,225.0
PCBL,7/24/2023,223.0,224.8,210.0,210.0,-4.98,346728.0,275.9,225.0
PCBL,7/25/2023,214.2,214.2,206.1,208.9,-0.52,60303.0,275.9,225.0
PCBL,7/26/2023,205.8,212.9,205.8,209.0,0.05,69381.0,275.9,225.0
PCBL,7/27/2023,211.0,212.0,205.8,206.0,-1.44,65452.0,275.9,225.0
PCBL,7/30/2023,206.0,208.0,201.0,206.4,0.19,120376.0,275.9,225.0
PCBL,7/31/2023,204.0,209.9,200.0,207.6,0.58,106722.0,275.9,225.0
PCBL,8/1/2023,204.0,210.1,201.0,204.0,-1.73,77807.0,275.9,225.0
PCBL,8/2/2023,205.4,205.4,201.0,204.9,0.44,126436.0,275.9,225.0
PCBL,8/3/2023,205.0,208.0,201.9,202.0,-1.42,227181.0,275.9,225.0
PCBL,8/6/2023,202.0,202.0,190.0,193.3,-4.31,299693.0,275.9,225.0
PCBL,8/7/2023,193.0,193.0,186.0,189.9,-1.76,132594.0,275.9,225.0
PCBL,8/8/2023,188.0,188.9,182.2,184.3,-2.95,119316.0,275.9,225.0
PCBL,8/9/2023,182.0,184.5,179.9,183.0,-0.71,95414.0,275.9,225.0
PCBL,8/10/2023,181.0,184.0,180.1,183.4,0.22,71646.0,275.9,225.0
PCBL,8/13/2023,183.1,185.8,180.4,183.0,-0.22,98756.0,275.9,225.0
PCBL,8/14/2023,183.1,188.0,182.5,185.0,1.09,68939.0,275.9,225.0
PCBL,8/15/2023,187.5,187.5,182.0,185.0,0.0,70679.0,275.9,225.0
PCBL,8/16/2023,184.1,185.4,180.0,185.4,0.22,69212.0,275.9,225.0
PCBL,8/17/2023,184.0,185.7,182.2,185.7,0.16,44618.0,275.9,225.0
PCBL,8/20/2023,185.0,186.9,180.6,185.0,-0.38,97310.0,275.9,225.0
PCBL,8/21/2023,184.9,184.9,181.4,184.0,-0.54,36722.0,275.9,225.0
PCBL,8/22/2023,183.0,185.1,181.1,185.1,0.6,36302.0,275.9,225.0
PCBL,8/23/2023,185.0,187.8,181.6,185.0,-0.05,44684.0,275.9,225.0
PCBL,8/24/2023,185.5,186.5,182.6,184.5,-0.27,64226.0,275.9,225.0
PCBL,8/27/2023,184.0,184.5,180.0,184.5,0.0,47498.0,275.9,225.0
PCBL,8/28/2023,183.0,184.9,181.0,183.0,-0.81,28107.0,275.9,225.0
PCBL,8/29/2023,181.1,184.7,181.1,182.0,-0.55,52564.0,275.9,225.0
PCBL,8/30/2023,184.0,184.0,180.0,182.0,0.0,62298.0,275.9,225.0
PCBL,9/3/2023,181.0,182.0,179.5,182.0,0.0,65660.0,275.9,225.0
PCBL,9/4/2023,182.3,183.5,179.0,181.3,-0.38,71576.0,275.9,225.0
PCBL,9/5/2023,184.0,184.0,179.7,180.0,-0.72,38798.0,275.9,225.0
PCBL,9/7/2023,182.0,182.0,176.4,179.4,-0.33,66626.0,275.9,225.0
PCBL,9/10/2023,179.0,180.0,176.7,180.0,0.33,45699.0,275.9,225.0
PCBL,9/11/2023,182.0,182.0,177.4,181.5,0.83,56971.0,275.9,225.0
PCBL,9/12/2023,184.0,184.0,179.0,180.0,-0.83,36684.0,275.9,225.0
PCBL,9/13/2023,182.0,182.0,178.2,180.9,0.5,41031.0,275.9,225.0
PCBL,9/17/2023,177.7,181.0,177.7,180.6,-0.17,58603.0,275.9,225.0
PCBL,9/18/2023,180.0,180.5,177.6,180.4,-0.11,26328.0,275.9,225.0
PCBL,9/19/2023,179.0,184.0,178.5,183.5,1.72,60926.0,275.9,225.0
PCBL,9/21/2023,182.0,186.6,182.0,184.7,0.65,63666.0,275.9,225.0
PCBL,9/24/2023,185.0,185.8,178.7,183.7,-0.54,54054.0,275.9,225.0
PCBL,9/25/2023,181.2,186.0,180.5,184.0,0.16,51398.0,275.9,225.0
PCBL,9/26/2023,180.8,186.0,180.8,185.4,0.76,46976.0,275.9,225.0
PCBL,9/27/2023,185.5,185.5,182.5,184.0,-0.76,24241.0,275.9,225.0
PCBL,10/1/2023,184.0,184.0,181.1,182.4,-0.87,36622.0,275.9,225.0
PCBL,10/2/2023,179.0,183.0,179.0,182.9,0.27,67042.0,275.9,225.0
PCBL,10/3/2023,181.0,183.0,179.9,182.8,-0.05,36784.0,275.9,225.0
PCBL,10/4/2023,181.0,185.0,180.0,184.0,0.66,35616.0,275.9,225.0
PCBL,10/5/2023,181.0,184.0,180.6,184.0,0.0,34648.0,275.9,225.0
PCBL,10/8/2023,184.0,184.0,179.6,181.5,-1.36,68261.0,275.9,225.0
PCBL,10/9/2023,182.0,182.0,179.1,180.5,-0.55,32406.0,275.9,225.0
PCBL,10/10/2023,179.0,180.5,178.8,180.0,-0.28,30585.0,275.9,225.0
PCBL,10/11/2023,180.0,180.0,177.3,179.0,-0.56,41750.0,275.9,225.0
PCBL,10/12/2023,180.0,180.0,176.1,178.4,-0.34,62924.0,275.9,225.0
PCBL,10/16/2023,176.1,178.4,176.0,177.5,-0.5,30374.0,275.9,225.0
PCBL,10/17/2023,181.0,181.0,176.9,180.0,1.41,25464.0,275.9,225.0
PCBL,10/18/2023,180.0,184.3,179.0,184.3,2.39,30252.0,275.9,225.0
PCBL,10/19/2023,184.2,184.4,177.4,184.0,-0.16,51266.0,275.9,225.0
PCBL,10/29/2023,184.9,184.9,180.0,182.0,-1.09,13782.0,275.9,225.0
PCBL,10/30/2023,182.0,182.0,180.0,181.0,-0.55,22897.0,275.9,225.0
PCBL,10/31/2023,180.0,183.0,180.0,181.0,0.0,26183.0,275.9,225.0
PCBL,11/1/2023,182.0,182.0,180.0,181.8,0.44,47547.0,275.9,225.0
PCBL,11/2/2023,180.1,181.0,180.0,181.0,-0.44,44473.0,275.9,225.0
PCBL,11/5/2023,184.6,185.2,181.0,183.7,1.49,88148.0,275.9,225.0
PCBL,11/6/2023,182.1,184.6,181.1,183.3,-0.22,51449.0,275.9,225.0
PCBL,11/7/2023,182.0,184.3,181.9,183.7,0.22,51628.0,275.9,225.0
PCBL,11/8/2023,184.0,184.9,183.0,184.7,0.54,28781.0,275.9,225.0
PCBL,11/9/2023,183.0,190.7,183.0,187.9,1.73,43763.0,275.9,225.0
PCBL,11/20/2023,191.6,194.9,191.0,192.0,2.18,41236.0,275.9,225.0
PCBL,11/21/2023,191.0,192.0,189.1,190.4,-0.83,26361.0,275.9,225.0
PCBL,11/22/2023,190.0,190.0,187.0,189.9,-0.26,14412.0,275.9,225.0
PCBL,11/23/2023,189.9,194.4,187.0,193.4,1.84,32840.0,275.9,225.0
PCBL,11/26/2023,190.0,196.0,190.0,196.0,1.34,40275.0,275.9,225.0
PCBL,11/27/2023,193.5,195.0,189.8,194.0,-1.02,54727.0,275.9,225.0
PCBL,11/28/2023,190.5,197.8,190.0,192.0,-1.03,64351.0,275.9,225.0
PCBL,11/29/2023,189.0,193.0,189.0,192.0,0.0,32577.0,275.9,225.0
PCBL,11/30/2023,189.2,193.0,188.9,192.9,0.47,31478.0,275.9,225.0
PCBL,12/3/2023,189.1,191.0,187.5,191.0,-0.98,27200.0,275.9,225.0
PCBL,12/4/2023,191.5,192.0,188.2,190.0,-0.52,18321.0,275.9,225.0
PCBL,12/5/2023,188.0,189.0,185.9,186.9,-1.63,26938.0,275.9,225.0
PCBL,12/6/2023,187.0,187.5,185.0,187.5,0.32,24336.0,275.9,225.0
PCBL,12/7/2023,185.0,188.0,185.0,188.0,0.27,23044.0,275.9,225.0
PCBL,12/10/2023,188.0,201.1,188.0,199.9,6.33,3478.0,275.9,225.0
PCBL,12/11/2023,200.0,200.0,192.0,197.0,-1.45,181810.0,275.9,225.0
PCBL,12/12/2023,197.0,199.0,194.9,198.0,0.51,81200.0,275.9,225.0
PCBL,12/13/2023,194.5,200.0,194.1,197.8,-0.1,90063.0,275.9,225.0
PCBL,12/14/2023,194.2,198.8,194.0,195.0,-1.42,47374.0,275.9,225.0
PCBL,12/17/2023,194.0,195.9,189.0,194.0,-0.51,133374.0,275.9,225.0
PCBL,12/18/2023,193.0,201.0,193.0,199.9,3.04,204114.0,275.9,225.0
PCBL,12/19/2023,198.0,207.0,196.0,206.1,3.1,244973.0,275.9,225.0
PCBL,12/20/2023,207.0,211.5,205.6,211.1,2.43,234805.0,275.9,225.0
PCBL,12/21/2023,215.0,215.0,205.0,207.9,-1.52,101152.0,275.9,225.0
PCBL,12/24/2023,210.1,210.1,203.1,203.9,-1.92,123000.0,275.9,225.0
PCBL,12/27/2023,206.5,206.5,200.1,201.0,-1.42,87417.0,275.9,225.0
PCBL,12/28/2023,200.0,203.0,199.0,202.0,0.5,71854.0,275.9,225.0
PCBL,1/1/2024,200.0,203.0,199.1,201.5,-0.25,60007.0,275.9,225.0
PCBL,1/2/2024,201.0,201.0,198.2,200.8,-0.35,57276.0,275.9,225.0
PCBL,1/3/2024,198.1,201.0,198.0,201.0,0.1,36681.0,275.9,225.0
PCBL,1/4/2024,201.0,203.0,198.0,198.0,-1.49,44113.0,275.9,225.0
PCBL,1/7/2024,200.0,200.0,194.2,195.2,-1.41,72631.0,275.9,225.0
PCBL,1/8/2024,193.1,201.9,193.1,199.9,2.41,67831.0,275.9,225.0
PCBL,1/9/2024,201.0,203.8,197.1,201.2,0.65,91050.0,275.9,225.0
PCBL,1/10/2024,202.0,206.0,201.0,205.5,2.14,126852.0,275.9,225.0
PCBL,1/11/2024,202.0,205.8,202.0,203.7,-0.88,60434.0,275.9,225.0
PCBL,1/14/2024,204.0,204.0,202.0,203.0,-0.34,47556.0,275.9,225.0
PCBL,1/16/2024,206.0,211.1,204.0,209.9,3.4,161145.0,275.9,225.0
PCBL,1/17/2024,206.0,219.1,206.0,210.9,0.48,210558.0,275.9,225.0
PCBL,1/18/2024,207.1,214.9,207.1,212.4,0.71,90273.0,275.9,225.0
PCBL,1/21/2024,212.4,221.0,211.0,213.0,0.28,136749.0,275.9,225.0
PCBL,1/22/2024,212.0,214.2,208.9,209.2,-1.78,95435.0,275.9,225.0
PCBL,1/23/2024,209.0,212.0,205.1,207.8,-0.67,72324.0,275.9,225.0
PCBL,1/24/2024,206.0,210.1,205.0,207.9,0.05,41989.0,275.9,225.0
PCBL,1/25/2024,209.9,209.9,206.0,209.4,0.72,53900.0,275.9,225.0
PCBL,1/28/2024,209.4,212.0,208.0,208.9,-0.24,61070.0,275.9,225.0
PCBL,1/29/2024,210.0,210.0,206.7,207.4,-0.72,85710.0,275.9,225.0
PCBL,1/30/2024,206.0,209.0,204.0,207.4,0.0,112210.0,275.9,225.0
PCBL,1/31/2024,203.5,207.8,203.5,205.0,-1.16,101547.0,275.9,225.0
PCBL,2/1/2024,205.0,205.0,201.0,201.3,-1.8,39960.0,275.9,225.0
PCBL,2/4/2024,201.0,203.9,199.0,201.3,0.0,62821.0,275.9,225.0
PCBL,2/5/2024,200.0,203.0,198.0,201.0,-0.15,39920.0,275.9,225.0
PCBL,2/6/2024,199.1,205.0,199.1,204.0,1.49,57205.0,275.9,225.0
PCBL,2/7/2024,208.0,208.0,200.0,203.0,-0.49,41433.0,275.9,225.0
PCBL,2/8/2024,201.0,205.0,201.0,204.5,0.74,34818.0,275.9,225.0
PCBL,2/11/2024,208.0,208.0,202.1,204.7,0.1,51568.0,275.9,225.0
PCBL,2/12/2024,203.0,203.8,201.1,202.5,-1.07,47185.0,275.9,225.0
PCBL,2/13/2024,200.0,202.3,200.0,202.1,-0.2,44433.0,275.9,225.0
PCBL,2/14/2024,200.0,202.1,199.6,201.5,-0.3,27797.0,275.9,225.0
PCBL,2/15/2024,200.0,202.0,199.4,202.0,0.25,48390.0,275.9,225.0
PCBL,2/18/2024,200.0,201.9,199.0,200.0,-0.99,29920.0,275.9,225.0
PCBL,2/20/2024,199.0,200.0,198.0,198.9,-0.55,36650.0,275.9,225.0
PCBL,2/21/2024,201.0,201.0,196.6,197.8,-0.55,30078.0,275.9,225.0
PCBL,2/22/2024,194.1,197.9,194.1,197.0,-0.4,61988.0,275.9,225.0
PCBL,2/25/2024,197.0,199.0,193.6,193.6,-1.73,34448.0,275.9,225.0
PCBL,2/26/2024,193.0,196.0,191.1,193.1,-0.26,25343.0,275.9,225.0
PCBL,2/27/2024,193.1,194.0,191.7,192.6,-0.26,35432.0,275.9,225.0
PCBL,2/28/2024,192.0,193.6,189.7,190.0,-1.35,44139.0,275.9,225.0
PCBL,2/29/2024,189.1,192.0,189.0,190.0,0.0,38926.0,275.9,225.0
PCBL,3/3/2024,190.1,190.1,186.0,188.9,-0.58,42333.0,275.9,225.0
PCBL,3/4/2024,192.6,196.0,190.0,195.9,3.71,4490.0,275.9,225.0
PCBL,3/5/2024,199.0,199.0,189.1,192.4,-1.79,56868.0,275.9,225.0
PCBL,3/6/2024,192.4,194.0,186.3,192.0,-0.21,72958.0,275.9,225.0
PCBL,3/7/2024,193.0,193.2,190.2,192.8,0.42,44273.0,275.9,225.0
PCBL,3/10/2024,196.6,199.9,193.1,195.0,1.14,43012.0,275.9,225.0
PCBL,3/12/2024,195.0,200.9,195.0,200.9,3.03,46529.0,275.9,225.0
PCBL,3/13/2024,199.0,204.7,198.0,200.8,-0.05,63033.0,275.9,225.0
PCBL,3/14/2024,200.0,201.0,198.0,198.1,-1.34,37556.0,275.9,225.0
PCBL,3/17/2024,199.0,199.9,196.0,198.0,-0.05,26373.0,275.9,225.0
PCBL,3/18/2024,198.0,199.0,194.1,198.9,0.45,67795.0,275.9,225.0
PCBL,3/19/2024,198.0,200.0,195.1,197.0,-0.96,29968.0,275.9,225.0
PCBL,3/20/2024,200.9,200.9,195.1,195.9,-0.56,45323.0,275.9,225.0
PCBL,3/21/2024,196.0,196.7,193.6,195.9,0.0,47460.0,275.9,225.0
PCBL,3/25/2024,196.0,196.0,191.5,193.0,-1.48,33302.0,275.9,225.0
PCBL,3/26/2024,191.5,194.9,191.3,193.0,0.0,49926.0,275.9,225.0
PCBL,3/27/2024,192.0,192.0,189.4,191.4,-0.83,74803.0,275.9,225.0
PCBL,3/28/2024,188.2,193.0,188.2,192.9,0.78,30210.0,275.9,225.0
PCBL,3/31/2024,196.0,196.0,190.0,193.9,0.52,34351.0,275.9,225.0
PCBL,4/1/2024,193.0,193.0,189.0,191.8,-1.08,40916.0,275.9,225.0
PCBL,4/2/2024,188.0,191.5,188.0,189.9,-0.99,70247.0,275.9,225.0
PCBL,4/3/2024,193.6,193.6,187.6,189.0,-0.47,37825.0,275.9,225.0
PCBL,4/4/2024,186.5,189.0,186.0,188.9,-0.05,56740.0,275.9,225.0
PCBL,4/7/2024,188.9,190.0,186.0,190.0,0.58,92205.0,275.9,225.0
PCBL,4/9/2024,190.0,192.7,187.2,189.9,-0.05,157645.0,275.9,225.0
PCBL,4/10/2024,190.0,192.7,188.8,190.0,0.05,149139.0,275.9,225.0
PCBL,4/14/2024,192.8,193.7,190.2,192.9,1.53,83041.0,275.9,225.0
PCBL,4/15/2024,193.7,194.0,189.9,190.7,-1.14,44169.0,275.9,225.0
PCBL,4/16/2024,189.2,191.0,186.9,190.0,-0.37,40914.0,275.9,225.0
PCBL,4/18/2024,190.0,192.9,187.2,188.8,-0.63,30041.0,275.9,225.0
PCBL,4/21/2024,189.0,191.9,187.6,191.8,1.59,93050.0,275.9,225.0
PCBL,4/22/2024,195.5,197.0,190.5,191.9,0.05,74562.0,275.9,225.0
PCBL,4/24/2024,192.0,194.9,192.0,193.5,0.83,23293.0,275.9,225.0
PCBL,4/25/2024,194.0,195.5,193.4,195.3,0.93,44570.0,275.9,225.0
PCBL,4/28/2024,199.2,199.2,192.0,194.0,-0.67,48184.0,275.9,225.0
PCBL,4/29/2024,197.8,197.8,191.0,194.5,0.26,23275.0,275.9,225.0
PCBL,4/30/2024,198.3,198.3,194.4,195.3,0.41,54627.0,275.9,225.0
PCBL,5/2/2024,199.2,199.2,191.4,193.0,-1.18,45475.0,275.9,225.0
PCBL,5/5/2024,192.3,193.0,189.1,192.8,-0.1,59845.0,275.9,225.0
PCBL,5/6/2024,190.0,191.8,189.0,189.7,-1.61,23554.0,275.9,225.0
PCBL,5/7/2024,189.0,191.8,188.3,190.8,0.58,17988.0,275.9,225.0
PCBL,5/8/2024,189.0,192.7,189.0,192.0,0.63,33374.0,275.9,225.0
PCBL,5/9/2024,189.0,192.0,189.0,191.0,-0.52,22547.0,275.9,225.0
PCBL,5/12/2024,194.8,194.8,190.1,193.0,1.05,35760.0,275.9,225.0
PCBL,5/13/2024,190.9,202.8,190.9,197.0,2.07,100285.0,275.9,225.0
PCBL,5/14/2024,193.1,201.0,193.1,197.9,0.46,71915.0,275.9,225.0
PCBL,5/15/2024,194.0,200.0,194.0,195.9,-1.01,38428.0,275.9,225.0
PCBL,5/16/2024,199.8,199.8,193.3,194.9,-0.51,61989.0,275.9,225.0
PCBL,5/19/2024,198.7,200.0,195.1,198.4,1.8,82005.0,275.9,225.0
PCBL,5/20/2024,200.0,218.0,199.4,205.9,3.78,224862.0,275.9,225.0
PCBL,5/21/2024,208.0,210.0,205.0,207.0,0.53,96136.0,275.9,225.0
PCBL,5/22/2024,206.9,216.0,204.0,212.9,2.85,236179.0,275.9,225.0
PCBL,5/26/2024,215.0,217.0,209.0,212.1,-0.38,173416.0,275.9,225.0
PCBL,5/27/2024,212.5,212.5,208.0,209.0,-1.46,108465.0,275.9,225.0
PCBL,5/29/2024,213.1,216.0,204.0,204.0,-2.39,121252.0,275.9,225.0
PCBL,5/30/2024,205.0,205.0,200.0,200.2,-1.86,58976.0,275.9,225.0
PCBL,6/2/2024,198.4,202.0,198.4,201.7,0.75,35246.0,275.9,225.0
PCBL,6/3/2024,204.0,204.0,199.0,200.1,-0.79,80888.0,275.9,225.0
PCBL,6/4/2024,200.1,202.2,200.0,202.2,1.05,48031.0,275.9,225.0
PCBL,6/5/2024,201.1,201.1,199.0,199.0,-1.58,39827.0,275.9,225.0
PCBL,6/6/2024,198.0,201.3,198.0,200.0,0.5,58157.0,275.9,225.0
PCBL,6/9/2024,204.0,204.0,198.0,198.9,-0.55,31290.0,275.9,225.0
PCBL,6/10/2024,202.8,202.8,197.0,197.8,-0.55,49279.0,275.9,225.0
PCBL,6/11/2024,201.7,203.0,196.1,203.0,2.63,51029.0,275.9,225.0
PCBL,6/12/2024,203.0,210.0,200.0,205.0,0.99,85425.0,275.9,225.0
PCBL,6/13/2024,206.0,206.0,200.3,201.9,-1.51,38988.0,275.9,225.0
PCBL,6/16/2024,198.5,203.9,198.5,201.4,-0.25,38783.0,275.9,225.0
PCBL,6/18/2024,197.5,199.5,197.5,198.1,-1.64,42409.0,275.9,225.0
PCBL,6/19/2024,196.0,198.5,196.0,197.6,-0.25,30497.0,275.9,225.0
PCBL,6/20/2024,201.5,201.5,196.0,198.0,0.2,42427.0,275.9,225.0
PCBL,6/23/2024,199.0,199.0,194.5,195.5,-1.26,33667.0,275.9,225.0
PCBL,6/24/2024,195.0,196.6,194.6,196.0,0.26,30750.0,275.9,225.0
PCBL,6/25/2024,196.0,198.8,193.0,195.0,-0.51,80527.0,275.9,225.0
PCBL,6/26/2024,192.2,195.9,192.2,194.9,-0.05,77862.0,275.9,225.0
PCBL,6/27/2024,198.7,198.7,193.0,197.3,1.23,63448.0,275.9,225.0
PCBL,6/30/2024,195.1,196.9,191.6,193.0,-2.18,46047.0,275.9,225.0
PCBL,7/1/2024,191.0,195.8,190.1,195.8,1.45,131954.0,275.9,225.0
PCBL,7/2/2024,199.7,211.1,199.7,202.0,3.17,106105.0,275.9,225.0
PCBL,7/3/2024,204.0,204.0,197.5,201.4,-0.3,51762.0,275.9,225.0
PCBL,7/4/2024,203.0,204.0,199.1,202.0,0.3,46171.0,275.9,225.0
PCBL,7/7/2024,200.0,204.0,198.1,203.0,0.5,77556.0,275.9,225.0
PCBL,7/8/2024,203.0,204.0,200.0,202.0,-0.49,53437.0,275.9,225.0
PCBL,7/9/2024,200.1,204.6,200.1,204.3,1.14,54457.0,275.9,225.0
PCBL,7/10/2024,208.3,208.3,201.0,207.2,1.42,76963.0,275.9,225.0
PCBL,7/11/2024,211.3,212.0,208.0,211.0,1.83,128334.0,275.9,225.0
PCBL,7/14/2024,215.2,225.0,214.0,224.9,6.59,365788.0,275.9,225.0
PCBL,7/15/2024,229.3,229.3,221.0,221.8,-1.38,237100.0,275.9,225.0
PCBL,7/16/2024,224.1,231.0,215.0,230.9,4.1,165154.0,275.9,225.0
PCBL,7/17/2024,233.0,236.0,228.0,235.3,1.91,218228.0,275.9,225.0
PCBL,7/18/2024,240.0,258.8,236.0,255.0,8.37,712480.0,275.9,225.0
PCBL,7/21/2024,255.0,277.4,252.0,276.5,8.43,548184.0,275.9,225.0
PCBL,7/22/2024,282.0,282.0,264.0,267.0,-3.44,617987.0,275.9,225.0
PCBL,7/23/2024,267.0,271.5,261.9,271.4,1.65,299030.0,275.9,225.0
PCBL,7/24/2024,275.0,275.0,263.9,264.3,-2.62,336036.0,275.9,225.0
PCBL,7/25/2024,264.3,273.0,260.0,269.0,1.78,412595.0,275.9,225.0
PCBL,7/28/2024,274.3,295.9,274.3,295.9,10.0,942315.0,275.9,225.0
PCBL,7/29/2024,301.0,312.0,294.0,296.9,0.34,878708.0,275.9,225.0
PCBL,7/30/2024,297.0,300.0,277.5,296.9,0.0,605669.0,275.9,225.0
PCBL,7/31/2024,301.0,303.4,294.0,300.0,1.04,494134.0,275.9,225.0
PCBL,8/1/2024,295.0,300.0,294.0,295.0,-1.67,401417.0,275.9,225.0
PCBL,8/5/2024,300.0,320.0,294.3,294.5,-0.17,662783.0,275.9,225.0
PCBL,8/6/2024,298.9,298.9,271.0,273.0,-7.3,558087.0,275.9,225.0
PCBL,8/7/2024,268.0,290.0,265.0,279.4,2.34,295934.0,275.9,225.0
PCBL,8/8/2024,284.8,285.0,272.0,276.0,-1.22,317619.0,275.9,225.0
PCBL,8/11/2024,280.0,291.8,275.0,291.8,5.72,392998.0,275.9,225.0
PCBL,8/12/2024,291.8,306.0,291.8,296.4,1.58,387386.0,275.9,225.0
PCBL,8/13/2024,297.0,303.0,294.0,297.0,0.2,389373.0,275.9,225.0
PCBL,8/14/2024,297.0,300.0,292.0,297.0,0.0,188001.0,275.9,225.0
PCBL,8/15/2024,291.2,316.9,291.2,311.0,4.71,855443.0,275.9,225.0
PCBL,8/18/2024,317.2,329.0,309.0,314.0,0.96,742001.0,275.9,225.0
PCBL,8/21/2024,314.0,320.2,307.0,309.0,-1.59,412725.0,275.9,225.0
PCBL,8/22/2024,310.0,316.6,310.0,313.0,1.29,338060.0,275.9,225.0
PCBL,8/25/2024,312.0,318.0,301.2,304.0,-2.88,429044.0,275.9,225.0
PCBL,8/27/2024,300.0,303.0,287.9,288.5,-5.1,432552.0,275.9,225.0
PCBL,8/28/2024,290.0,308.0,288.0,293.0,1.56,359225.0,275.9,225.0
PCBL,8/29/2024,287.2,293.5,282.0,286.0,-2.39,178461.0,275.9,225.0
PCBL,9/1/2024,291.0,291.0,281.3,284.0,-0.7,154595.0,275.9,225.0
PCBL,9/2/2024,280.1,295.0,280.1,295.0,3.87,260587.0,275.9,225.0
PCBL,9/3/2024,298.9,301.9,290.6,293.0,-0.68,120741.0,275.9,225.0
PCBL,9/4/2024,298.8,298.8,279.8,281.0,-4.1,252162.0,275.9,225.0
PCBL,9/5/2024,283.0,283.0,275.0,283.0,0.71,169875.0,275.9,225.0
PCBL,9/8/2024,286.6,286.6,272.0,278.0,-1.77,123227.0,275.9,225.0
PCBL,9/9/2024,275.2,276.1,268.1,269.0,-3.24,206783.0,275.9,225.0
PCBL,9/10/2024,274.0,275.0,266.0,266.9,-0.78,106758.0,275.9,225.0
PCBL,9/11/2024,268.0,270.2,263.0,264.0,-1.09,103203.0,275.9,225.0
PCBL,9/12/2024,269.2,271.0,260.0,270.0,2.27,117569.0,275.9,225.0
PCBL,9/15/2024,273.3,282.0,268.1,270.0,0.0,171749.0,275.9,225.0
PCBL,9/16/2024,273.0,273.0,263.8,270.0,0.0,104435.0,275.9,225.0
PCBL,9/18/2024,270.0,274.0,264.8,273.0,1.11,124556.0,275.9,225.0
PCBL,9/22/2024,278.4,282.1,274.0,274.0,0.37,115259.0,275.9,225.0
PCBL,9/23/2024,279.4,279.4,270.0,271.0,-1.09,102181.0,275.9,225.0
PCBL,9/24/2024,266.2,271.0,266.0,268.0,-1.11,104673.0,275.9,225.0
PCBL,9/25/2024,266.0,270.0,260.3,269.5,0.56,67930.0,275.9,225.0
PCBL,9/26/2024,271.0,274.7,268.0,268.0,-0.56,66627.0,275.9,225.0
PCBL,9/29/2024,265.0,269.0,262.7,264.1,-1.46,76841.0,275.9,225.0
PCBL,9/30/2024,263.0,269.3,260.3,268.0,1.48,61403.0,275.9,225.0
PCBL,10/1/2024,272.0,279.0,269.0,278.8,4.03,132242.0,275.9,225.0
PCBL,10/2/2024,279.0,283.0,275.0,277.2,-0.57,119874.0,275.9,225.0
PCBL,10/6/2024,277.0,286.5,277.0,285.3,2.92,93775.0,275.9,225.0
PCBL,10/7/2024,285.3,294.0,285.0,292.9,2.66,156469.0,275.9,225.0
PCBL,10/8/2024,297.0,297.0,289.3,294.9,0.68,86444.0,275.9,225.0
PCBL,10/9/2024,290.0,294.8,290.0,294.1,-0.27,58129.0,275.9,225.0
PCBL,10/15/2024,297.5,297.5,290.6,295.1,0.34,58684.0,275.9,225.0
PCBL,10/16/2024,299.0,301.0,294.2,297.1,0.68,151109.0,275.9,225.0
PCBL,10/17/2024,300.0,302.0,294.2,298.0,0.3,141846.0,275.9,225.0
PCBL,10/20/2024,292.1,300.0,290.0,295.0,-1.01,127422.0,275.9,225.0
PCBL,10/21/2024,291.1,294.0,283.3,283.3,-3.97,110793.0,275.9,225.0
PCBL,10/22/2024,287.0,295.0,286.9,294.0,3.78,123926.0,275.9,225.0
PCBL,10/23/2024,299.8,305.7,290.9,292.0,-0.68,216886.0,275.9,225.0
PCBL,10/24/2024,292.5,295.0,288.1,290.0,-0.68,91239.0,275.9,225.0
PCBL,10/27/2024,290.0,290.0,276.1,277.9,-4.17,251590.0,275.9,225.0
PCBL,10/28/2024,275.0,280.9,274.0,279.0,0.4,110747.0,275.9,225.0
PCBL,10/29/2024,282.9,288.0,280.0,287.0,2.87,102067.0,275.9,225.0
PCBL,10/30/2024,288.0,288.0,282.0,284.3,-0.94,110808.0,275.9,225.0
PCBL,11/5/2024,285.0,286.5,280.4,280.4,-1.37,36732.0,275.9,225.0
PCBL,11/6/2024,280.0,281.0,278.5,279.5,-0.32,44704.0,275.9,225.0
PCBL,11/10/2024,280.0,285.0,278.1,284.5,1.79,169948.0,275.9,225.0
PCBL,11/11/2024,285.0,291.9,279.0,284.0,-0.18,355776.0,275.9,225.0
PCBL,11/12/2024,284.0,288.3,282.5,283.0,-0.35,72738.0,275.9,225.0
PCBL,11/13/2024,283.4,285.0,277.5,278.3,-1.66,105984.0,275.9,225.0
PCBL,11/14/2024,280.0,283.2,275.0,282.6,1.55,123185.0,275.9,225.0
PCBL,11/17/2024,285.0,287.9,280.0,283.9,0.46,132426.0,275.9,225.0
PCBL,11/19/2024,282.0,283.0,275.0,275.0,-3.13,127272.0,275.9,225.0
PCBL,11/20/2024,276.1,278.0,273.2,277.0,0.73,86148.0,275.9,225.0
PCBL,11/21/2024,275.0,279.0,272.6,276.0,-0.36,167567.0,275.9,225.0
PCBL,11/24/2024,281.5,281.5,268.2,270.0,-2.17,95633.0,275.9,225.0
PCBL,11/25/2024,270.0,274.0,266.6,271.0,0.37,80889.0,275.9,225.0
PCBL,11/26/2024,276.4,276.4,268.1,271.6,0.22,61755.0,275.9,225.0
PCBL,11/27/2024,277.0,277.0,270.2,274.0,0.88,66517.0,275.9,225.0
PCBL,11/28/2024,272.1,274.0,268.5,272.0,-0.73,76631.0,275.9,225.0
PCBL,12/1/2024,277.4,277.4,264.0,265.1,-2.54,115647.0,275.9,225.0
PCBL,12/2/2024,270.0,270.0,262.1,262.2,-1.09,75063.0,275.9,225.0
PCBL,12/3/2024,267.0,267.0,258.0,258.6,-1.37,107390.0,275.9,225.0
PCBL,12/4/2024,263.7,263.7,257.4,260.0,0.54,81810.0,275.9,225.0
PCBL,12/5/2024,262.0,262.0,257.1,259.0,-0.38,69962.0,275.9,225.0
PCBL,12/8/2024,257.1,258.0,253.0,256.2,-1.08,123922.0,275.9,225.0
PCBL,12/9/2024,253.0,258.0,252.0,254.1,-0.82,97197.0,275.9,225.0
PCBL,12/10/2024,254.0,257.0,252.2,253.7,-0.16,46268.0,275.9,225.0
PCBL,12/11/2024,255.5,264.0,253.2,262.2,3.35,97233.0,275.9,225.0
PCBL,12/12/2024,267.4,267.4,259.5,264.9,1.03,106705.0,275.9,225.0
PCBL,12/16/2024,264.0,264.0,255.2,259.0,-2.23,74897.0,275.9,225.0
PCBL,12/17/2024,256.0,260.0,254.7,258.0,-0.39,44126.0,275.9,225.0
PCBL,12/18/2024,260.0,260.0,255.0,258.4,0.16,56912.0,275.9,225.0
PCBL,12/19/2024,256.5,258.8,253.4,253.9,-1.74,72250.0,275.9,225.0
PCBL,12/22/2024,248.9,258.8,248.9,253.0,-0.35,43174.0,275.9,225.0
PCBL,12/23/2024,250.0,256.9,249.0,256.9,1.54,48580.0,275.9,225.0
PCBL,12/24/2024,256.0,260.0,253.9,258.9,0.78,62220.0,275.9,225.0
PCBL,12/26/2024,259.7,270.0,254.5,261.1,0.85,105595.0,275.9,225.0
PCBL,12/29/2024,266.3,268.0,257.1,258.2,-1.11,64692.0,275.9,225.0
PCBL,12/31/2024,263.3,263.3,250.0,259.0,0.31,70142.0,275.9,225.0
PCBL,1/1/2025,255.2,260.0,255.2,257.0,-0.77,30102.0,275.9,225.0
PCBL,1/2/2025,256.0,257.0,253.0,255.0,-0.78,46266.0,275.9,225.0
PCBL,1/5/2025,255.9,255.9,251.0,252.0,-1.18,56099.0,275.9,225.0
PCBL,1/6/2025,252.5,259.9,252.0,256.1,1.63,58083.0,275.9,225.0
PCBL,1/7/2025,253.0,259.1,253.0,254.0,-0.82,31400.0,275.9,225.0
PCBL,1/8/2025,252.0,256.0,252.0,254.0,0.0,46242.0,275.9,225.0
PCBL,1/9/2025,253.0,258.0,250.1,251.0,-1.18,50189.0,275.9,225.0
PCBL,1/12/2025,256.0,256.0,247.0,249.0,-0.8,32966.0,275.9,225.0
PCBL,1/13/2025,250.0,252.0,245.2,247.0,-0.8,53563.0,275.9,225.0
PCBL,1/15/2025,249.0,250.0,243.1,243.9,-1.26,25796.0,275.9,225.0
PCBL,1/16/2025,243.7,247.0,238.1,241.0,-1.19,95192.0,275.9,225.0
PCBL,1/19/2025,239.0,241.0,238.0,239.3,-0.71,47725.0,275.9,225.0
PCBL,1/20/2025,239.5,245.0,236.6,243.5,1.76,80335.0,275.9,225.0
PCBL,1/21/2025,247.8,247.8,237.0,242.0,-0.62,62290.0,275.9,225.0
PCBL,1/22/2025,242.0,246.0,238.1,246.0,1.65,78550.0,275.9,225.0
PCBL,1/23/2025,248.0,249.0,241.2,242.0,-1.63,50042.0,275.9,225.0
PCBL,1/26/2025,240.1,242.0,238.0,239.5,-1.03,48189.0,275.9,225.0
PCBL,1/27/2025,239.0,241.9,236.5,239.0,-0.21,42498.0,275.9,225.0
PCBL,1/28/2025,236.0,240.0,236.0,237.0,-0.84,74818.0,275.9,225.0
PCBL,2/2/2025,237.0,247.7,237.0,246.0,3.8,76640.0,275.9,225.0
PCBL,2/3/2025,250.9,253.0,245.9,246.0,0.0,77550.0,275.9,225.0
PCBL,2/4/2025,250.9,250.9,243.8,244.0,-0.81,46191.0,275.9,225.0
PCBL,2/5/2025,244.0,247.0,242.0,243.0,-0.41,41551.0,275.9,225.0
PCBL,2/6/2025,242.1,245.0,242.0,244.0,0.41,52674.0,275.9,225.0
PCBL,2/9/2025,239.2,246.0,239.2,242.2,-0.74,31311.0,275.9,225.0
PCBL,2/10/2025,238.0,245.0,238.0,240.6,-0.66,26308.0,275.9,225.0
PCBL,2/11/2025,240.0,244.0,240.0,240.3,-0.12,33350.0,275.9,225.0
PCBL,2/12/2025,240.3,243.8,238.0,240.2,-0.04,54733.0,275.9,225.0
PCBL,2/13/2025,238.0,241.5,238.0,239.0,-0.5,50854.0,275.9,225.0
PCBL,2/16/2025,240.0,246.0,239.2,245.9,2.89,88750.0,275.9,225.0
PCBL,2/17/2025,246.2,255.0,245.0,253.0,2.89,100293.0,275.9,225.0
PCBL,2/18/2025,253.0,266.1,253.0,254.9,0.75,78535.0,275.9,225.0
PCBL,2/20/2025,250.0,255.0,250.0,253.5,-0.55,75856.0,275.9,225.0
PCBL,2/23/2025,248.5,255.0,245.0,249.2,-1.7,88400.0,275.9,225.0
PCBL,2/24/2025,244.3,256.0,244.3,251.0,0.72,56560.0,275.9,225.0
PCBL,2/25/2025,250.0,263.0,248.0,250.8,-0.08,55738.0,275.9,225.0
PCBL,2/27/2025,255.8,270.0,255.8,260.0,3.67,108508.0,275.9,225.0
PCBL,3/2/2025,265.2,277.0,258.8,277.0,6.54,247339.0,275.9,225.0
PCBL,3/3/2025,280.0,280.0,267.2,272.0,-1.81,199335.0,275.9,225.0
PCBL,3/4/2025,270.0,272.0,263.0,267.0,-1.84,168751.0,275.9,225.0
PCBL,3/5/2025,270.5,270.5,263.0,266.5,-0.19,112164.0,275.9,225.0
PCBL,3/6/2025,266.0,266.0,262.0,265.9,-0.23,60151.0,275.9,225.0
PCBL,3/9/2025,262.0,267.0,260.0,260.4,-2.07,72012.0,275.9,225.0
PCBL,3/10/2025,263.0,269.9,256.1,258.0,-0.92,95764.0,275.9,225.0
PCBL,3/11/2025,255.0,260.4,254.2,255.0,-1.16,88080.0,275.9,225.0
PCBL,3/12/2025,259.9,260.0,255.0,259.0,1.57,60011.0,275.9,225.0
PCBL,3/16/2025,257.7,259.9,256.0,257.0,-0.77,55250.0,275.9,225.0
PCBL,3/17/2025,257.0,258.4,254.3,255.1,-0.74,33183.0,275.9,225.0
PCBL,3/18/2025,260.0,260.0,248.0,250.0,-2.0,153771.0,275.9,225.0
PCBL,3/19/2025,246.0,255.0,245.1,252.7,1.08,70662.0,275.9,225.0
PCBL,3/20/2025,252.0,254.0,250.1,252.49,-0.08,48521.0,275.9,225.0
PCBL,3/23/2025,250.0,253.0,248.7,249.0,-1.38,71599.0,275.9,225.0
PCBL,3/24/2025,245.1,255.0,245.1,251.33,0.94,43584.0,275.9,225.0
PCBL,3/25/2025,256.3,256.3,247.0,247.09,-1.69,67977.0,275.9,225.0
PCBL,3/26/2025,251.0,253.8,247.3,251.86,1.93,68348.0,275.9,225.0
PCBL,3/27/2025,256.8,256.8,247.0,251.77,-0.04,90166.0,275.9,225.0
PCBL,3/30/2025,255.0,256.9,251.3,253.28,0.6,62804.0,275.9,225.0
PCBL,4/1/2025,253.5,254.0,250.0,251.51,-0.7,76707.0,275.9,225.0
PCBL,4/2/2025,256.5,256.5,250.3,253.23,0.68,44496.0,275.9,225.0
PCBL,4/3/2025,257.7,260.0,253.0,256.81,1.41,66654.0,275.9,225.0
PCBL,4/7/2025,256.0,256.0,251.1,252.14,-1.82,29537.0,275.9,225.0
PCBL,4/8/2025,251.0,251.1,246.0,250.43,-0.68,30127.0,275.9,225.0
PCBL,4/9/2025,255.0,260.0,251.0,253.02,1.03,61771.0,275.9,225.0
PCBL,4/10/2025,257.0,257.0,252.0,252.61,-0.16,210182.0,275.9,225.0
PCBL,4/13/2025,252.0,253.0,249.0,250.01,-1.03,33844.0,275.9,225.0
PCBL,4/15/2025,255.0,255.0,250.0,251.56,0.62,39266.0,275.9,225.0
PCBL,4/16/2025,256.0,256.0,251.0,252.54,0.39,42784.0,275.9,225.0
PCBL,4/17/2025,253.0,264.0,250.8,262.24,3.84,167898.0,275.9,225.0
PCBL,4/20/2025,267.0,267.0,253.9,254.09,-3.11,113491.0,275.9,225.0
PCBL,4/21/2025,254.0,255.0,250.8,252.21,-0.74,64021.0,275.9,225.0
PCBL,4/22/2025,255.0,255.0,249.1,249.48,-1.08,55903.0,275.9,225.0
PCBL,4/23/2025,247.1,250.0,245.9,246.01,-1.39,27237.0,275.9,225.0
PCBL,4/24/2025,245.3,249.0,242.3,244.98,-0.42,72775.0,275.9,225.0
PCBL,4/27/2025,242.1,246.3,241.0,241.31,-1.5,87866.0,275.9,225.0
PCBL,4/28/2025,240.0,246.0,240.0,244.3,1.24,56368.0,275.9,225.0
PCBL,4/29/2025,247.0,247.0,240.1,241.61,-1.1,43348.0,275.9,225.0
PCBL,4/30/2025,239.1,242.0,238.0,239.42,-0.91,51043.0,275.9,225.0
PCBL,5/4/2025,240.1,243.0,238.3,238.82,-0.25,65896.0,275.9,225.0
PCBL,5/5/2025,238.0,240.0,230.0,234.14,-1.96,97053.0,275.9,225.0
PCBL,5/6/2025,234.0,237.0,233.7,233.98,-0.07,31000.0,275.9,225.0
PCBL,5/7/2025,231.8,246.8,231.2,244.12,4.33,64612.0,275.9,225.0
PCBL,5/8/2025,243.0,244.9,238.7,242.21,-0.78,49630.0,275.9,225.0
PCBL,5/11/2025,244.0,244.0,237.2,237.97,-1.75,31412.0,275.9,225.0
PCBL,5/13/2025,241.7,242.0,237.4,237.86,-0.05,50988.0,275.9,225.0
PCBL,5/14/2025,235.0,240.0,235.0,236.93,-0.39,32268.0,275.9,225.0
PCBL,5/15/2025,234.1,238.6,233.5,234.5,-1.03,55877.0,275.9,225.0
PCBL,5/18/2025,238.0,238.0,233.0,234.15,-0.15,21062.0,275.9,225.0
PCBL,5/19/2025,229.5,245.8,229.5,243.68,4.07,65099.0,275.9,225.0
PCBL,5/20/2025,242.0,252.0,236.1,250.73,2.89,97425.0,275.9,225.0
PCBL,5/21/2025,255.7,260.0,247.0,247.35,-1.35,90536.0,275.9,225.0
PCBL,5/22/2025,248.0,257.5,246.1,254.26,2.79,230406.0,275.9,225.0
PCBL,5/25/2025,255.3,257.8,247.0,250.14,-1.62,126039.0,275.9,225.0
PCBL,5/26/2025,255.1,260.2,247.0,249.89,-0.1,174960.0,275.9,225.0
PCBL,5/27/2025,247.9,253.0,245.3,251.4,0.6,136483.0,275.9,225.0
PCBL,5/28/2025,248.0,261.1,248.0,257.84,2.56,72000.0,275.9,225.0
PCBL,6/2/2025,261.0,262.0,252.0,254.38,-1.34,121478.0,275.9,225.0
PCBL,6/3/2025,258.9,258.9,244.0,244.33,-3.95,102642.0,275.9,225.0
PCBL,6/4/2025,249.2,249.2,238.7,240.06,-1.75,92040.0,275.9,225.0
PCBL,6/5/2025,240.0,243.0,237.2,240.24,0.07,39663.0,275.9,225.0
PCBL,6/8/2025,240.0,244.0,237.0,240.52,0.12,32352.0,275.9,225.0
PCBL,6/9/2025,240.0,243.5,240.0,242.58,0.86,20219.0,275.9,225.0
PCBL,6/10/2025,242.0,246.4,240.0,244.52,0.8,39392.0,275.9,225.0
PCBL,6/11/2025,242.0,246.0,239.0,241.23,-1.35,52255.0,275.9,225.0
PCBL,6/12/2025,240.0,243.0,238.3,239.79,-0.6,54935.0,275.9,225.0
PCBL,6/15/2025,235.0,242.0,235.0,238.95,-0.35,29109.0,275.9,225.0
PCBL,6/16/2025,238.0,243.7,238.0,240.5,0.65,64529.0,275.9,225.0
PCBL,6/17/2025,244.0,244.0,238.0,238.38,-0.88,28388.0,275.9,225.0
PCBL,6/18/2025,238.2,240.0,238.2,238.48,0.04,29848.0,275.9,225.0
PCBL,6/19/2025,238.9,239.1,237.0,237.47,-0.42,40306.0,275.9,225.0
PCBL,6/22/2025,241.0,241.0,234.2,234.98,-1.05,79374.0,275.9,225.0
PCBL,6/23/2025,233.1,237.5,233.1,235.16,0.08,35075.0,275.9,225.0
PCBL,6/24/2025,233.5,239.6,231.0,236.89,0.74,49312.0,275.9,225.0
PCBL,6/25/2025,239.5,239.5,235.0,237.79,0.38,30471.0,275.9,225.0
PCBL,6/26/2025,240.0,240.0,236.1,237.82,0.01,33937.0,275.9,225.0
PCBL,6/29/2025,236.2,245.0,235.1,244.2,2.68,67110.0,275.9,225.0
PCBL,6/30/2025,245.0,246.0,244.0,244.58,0.16,94305.0,275.9,225.0
PCBL,7/1/2025,240.1,249.0,240.1,248.37,1.55,82872.0,275.9,225.0
PCBL,7/2/2025,250.0,253.0,245.0,251.74,1.36,105996.0,275.9,225.0
PCBL,7/3/2025,256.7,256.7,248.0,254.49,1.09,112544.0,275.9,225.0
PCBL,7/6/2025,255.1,258.9,252.0,256.96,0.97,143362.0,275.9,225.0
PCBL,7/7/2025,262.0,262.0,250.2,256.43,-0.21,128209.0,275.9,225.0
PCBL,7/8/2025,259.9,259.9,255.0,257.22,0.31,80545.0,275.9,225.0
PCBL,7/9/2025,261.9,264.0,256.7,260.22,1.17,228172.0,275.9,225.0
PCBL,7/10/2025,263.9,272.0,263.5,269.37,3.52,231818.0,275.9,225.0
PCBL,7/13/2025,274.7,285.5,268.6,274.58,1.93,398835.0,275.9,225.0
PCBL,7/14/2025,270.1,274.9,265.3,267.88,-2.44,239205.0,275.9,225.0
PCBL,7/15/2025,267.0,274.8,264.6,272.42,1.69,222580.0,275.9,225.0
PCBL,7/16/2025,274.0,279.9,274.0,276.31,1.43,328750.0,275.9,225.0
PCBL,7/17/2025,276.0,286.0,276.0,285.32,3.26,318486.0,275.9,225.0
PCBL,7/20/2025,280.0,290.0,274.4,276.27,-3.17,345519.0,275.9,225.0
PCBL,7/21/2025,279.0,280.9,275.0,276.04,-0.08,241586.0,275.9,225.0
PCBL,7/22/2025,276.0,288.5,276.0,281.49,1.97,200146.0,275.9,225.0
PCBL,7/23/2025,277.0,283.0,275.1,279.63,-0.66,154567.0,275.9,225.0
PCBL,7/24/2025,280.0,281.0,276.5,279.85,0.08,134872.0,275.9,225.0
PCBL,7/27/2025,281.0,283.0,276.0,278.16,-0.6,162297.0,275.9,225.0
PCBL,7/28/2025,275.1,279.5,270.6,277.72,-0.16,154451.0,275.9,225.0
PCBL,7/29/2025,274.0,284.0,274.0,278.71,0.36,157172.0,275.9,225.0
PCBL,7/30/2025,284.0,284.0,271.3,272.96,-2.06,111218.0,275.9,225.0
PCBL,7/31/2025,270.1,273.5,266.2,269.47,-1.28,121170.0,275.9,225.0
PCBL,8/3/2025,269.0,269.0,259.0,261.43,-2.98,137076.0,275.9,225.0
PCBL,8/4/2025,259.0,270.3,256.0,262.13,0.27,235063.0,275.9,225.0
PCBL,8/5/2025,264.0,274.4,260.0,260.53,-0.61,153765.0,275.9,225.0
PCBL,8/6/2025,258.29,262.9,253.1,255.79,-1.82,97353.0,275.9,225.0
PCBL,8/7/2025,260.0,262.0,256.0,258.37,1.01,115608.0,275.9,225.0
PCBL,8/11/2025,262.0,263.5,254.8,255.66,-1.05,89338.0,275.9,225.0
PCBL,8/12/2025,256.0,257.9,253.5,253.68,-0.77,64430.0,275.9,225.0
PCBL,8/13/2025,250.2,254.5,250.0,252.0,-0.66,93571.0,275.9,225.0
PCBL,8/14/2025,250.0,253.0,249.0,250.74,-0.5,70525.0,275.9,225.0
PCBL,8/17/2025,253.8,264.1,252.0,254.64,1.56,143307.0,275.9,225.0
PCBL,8/18/2025,254.1,258.3,253.2,255.6,0.38,112884.0,275.9,225.0
PCBL,8/19/2025,257.9,259.5,254.6,255.31,-0.11,45727.0,275.9,225.0
PCBL,8/20/2025,258.0,258.0,254.1,254.91,-0.16,60011.0,275.9,225.0
PCBL,8/21/2025,253.1,257.5,251.0,254.71,-0.08,88099.0,275.9,225.0
PCBL,8/24/2025,257.0,258.8,255.0,256.29,0.62,44751.0,275.9,225.0
PCBL,8/25/2025,258.8,259.0,254.1,257.76,0.57,31787.0,275.9,225.0
PCBL,8/26/2025,253.1,258.8,253.1,256.23,-0.59,25994.0,275.9,225.0
PCBL,8/27/2025,261.3,261.3,255.3,260.54,1.68,67388.0,275.9,225.0
PCBL,8/28/2025,258.0,261.5,255.0,255.1,-2.09,59344.0,275.9,225.0
PCBL,8/31/2025,258.0,258.0,251.0,251.38,-1.46,51024.0,275.9,225.0
PCBL,9/1/2025,256.0,256.0,249.0,254.04,1.06,98334.0,275.9,225.0
PCBL,9/2/2025,259.1,259.1,252.5,254.03,-0.0,58899.0,275.9,225.0
PCBL,9/3/2025,250.1,257.0,250.1,253.23,-0.31,43599.0,275.9,225.0
PCBL,9/4/2025,255.0,255.0,250.4,251.76,-0.58,47924.0,275.9,225.0
PCBL,9/7/2025,256.7,256.7,250.0,252.21,0.18,31916.0,275.9,225.0
PCBL,9/8/2025,254.9,256.0,246.1,248.64,-1.42,57987.0,275.9,225.0
PCBL,9/18/2025,244.0,244.0,226.0,234.0,-5.89,9387.0,275.9,225.0
PCBL,9/21/2025,234.0,246.0,229.5,245.26,4.81,85682.0,275.9,225.0
PCBL,9/23/2025,249.0,251.3,246.0,251.3,2.46,68899.0,275.9,225.0
PCBL,9/24/2025,255.0,256.0,248.0,248.2,-1.23,43061.0,275.9,225.0
PCBL,9/25/2025,245.0,250.9,245.0,248.9,0.28,59963.0,275.9,225.0
PCBL,9/28/2025,251.0,253.0,248.5,253.0,1.65,22288.0,275.9,225.0
PCBL,10/7/2025,253.0,253.0,244.9,246.0,-2.77,61656.0,275.9,225.0
PCBL,10/8/2025,244.9,249.0,236.0,240.0,-2.44,106173.0,275.9,225.0
PCBL,10/9/2025,244.8,252.9,241.0,242.9,1.21,82383.0,275.9,225.0
PCBL,10/12/2025,241.0,241.0,232.1,234.9,-3.29,88642.0,275.9,225.0
PCBL,10/13/2025,239.0,239.0,228.0,237.9,1.28,49008.0,275.9,225.0
PCBL,10/14/2025,238.0,238.0,233.6,233.6,-1.81,42759.0,275.9,225.0
PCBL,10/15/2025,235.0,235.0,231.0,232.0,-0.68,41327.0,275.9,225.0
PCBL,10/16/2025,235.0,235.0,229.7,232.8,0.34,26930.0,275.9,225.0
PCBL,10/19/2025,236.0,238.0,233.0,238.0,2.23,45380.0,275.9,225.0
PCBL,10/26/2025,236.0,238.0,234.0,237.0,-0.42,21105.0,275.9,225.0
PCBL,10/28/2025,237.0,241.0,236.0,239.0,0.84,25918.0,275.9,225.0
PCBL,10/29/2025,240.0,241.8,238.0,239.2,0.08,35141.0,275.9,225.0
PCBL,10/30/2025,237.0,240.8,236.0,239.0,-0.08,55606.0,275.9,225.0
PCBL,11/2/2025,239.0,242.9,235.2,241.0,0.84,28877.0,275.9,225.0
PCBL,11/3/2025,238.0,243.9,237.0,241.0,0.0,45704.0,275.9,225.0
PCBL,11/4/2025,241.0,241.0,238.5,239.0,-0.83,38535.0,275.9,225.0
PCBL,11/5/2025,239.0,262.0,237.0,243.0,1.67,95327.0,275.9,225.0
PCBL,11/6/2025,246.0,261.0,242.4,245.0,0.82,74360.0,275.9,225.0
PCBL,11/9/2025,243.0,245.0,240.0,240.1,-2.0,64122.0,275.9,225.0
PCBL,11/10/2025,240.0,243.0,240.0,240.6,0.21,50056.0,275.9,225.0
PCBL,11/11/2025,243.0,243.0,237.5,240.5,-0.04,56842.0,275.9,225.0
PCBL,11/12/2025,240.0,242.0,238.5,240.2,-0.12,30724.0,275.9,225.0
PCBL,11/13/2025,239.0,247.3,238.5,247.3,2.96,76113.0,275.9,225.0
PCBL,11/16/2025,247.0,247.9,242.2,247.9,0.24,80809.0,275.9,225.0
PCBL,11/17/2025,247.0,251.9,245.0,249.0,0.44,85088.0,275.9,225.0
PCBL,11/18/2025,250.0,255.0,247.0,251.0,0.8,59959.0,275.9,225.0
PCBL,11/19/2025,251.0,251.8,245.0,251.8,0.32,72945.0,275.9,225.0
PCBL,11/20/2025,251.0,251.0,245.9,247.0,-1.91,37558.0,275.9,225.0
PCBL,11/23/2025,243.0,255.0,243.0,252.0,2.02,73399.0,275.9,225.0
PCBL,11/24/2025,256.0,257.0,252.1,252.8,0.32,59663.0,275.9,225.0
PCBL,11/25/2025,252.0,255.9,249.1,253.4,0.24,38899.0,275.9,225.0
PCBL,11/26/2025,250.0,254.8,249.1,253.8,0.16,36962.0,275.9,225.0
PCBL,11/27/2025,255.0,257.8,251.0,257.0,1.26,107302.0,275.9,225.0
PCBL,11/30/2025,258.0,258.0,252.4,252.9,-1.6,66433.0,275.9,225.0
PCBL,12/1/2025,252.0,252.8,248.6,250.1,-1.11,58068.0,275.9,225.0
PCBL,12/2/2025,247.2,250.0,247.2,248.4,-0.68,25659.0,275.9,225.0
PCBL,12/3/2025,250.0,250.0,245.7,245.9,-1.01,46299.0,275.9,225.0
PCBL,12/7/2025,245.0,247.0,243.6,245.0,-0.37,40407.0,275.9,225.0
PCBL,12/8/2025,243.1,246.0,242.4,242.6,-0.98,25957.0,275.9,225.0
PCBL,12/9/2025,242.1,244.5,242.0,242.5,-0.04,33808.0,275.9,225.0
PCBL,12/10/2025,244.9,244.9,242.1,243.9,0.58,23827.0,275.9,225.0
PCBL,12/11/2025,240.4,245.0,240.4,242.8,-0.45,32783.0,275.9,225.0
PCBL,12/14/2025,240.1,247.6,240.1,247.6,1.98,54799.0,275.9,225.0
PCBL,12/15/2025,243.3,249.0,243.3,249.0,0.57,44753.0,275.9,225.0
PCBL,12/16/2025,250.0,250.9,246.2,250.0,0.4,48617.0,275.9,225.0
PCBL,12/17/2025,253.0,253.2,248.3,252.0,0.8,75655.0,275.9,225.0
PCBL,12/18/2025,248.3,252.9,247.3,248.4,-1.43,17618.0,275.9,225.0
PCBL,12/21/2025,253.3,254.0,251.0,252.8,1.77,97091.0,275.9,225.0
PCBL,12/22/2025,251.0,253.0,250.3,251.1,-0.67,52282.0,275.9,225.0
PCBL,12/23/2025,255.9,255.9,250.9,254.0,1.15,49377.0,275.9,225.0
PCBL,12/24/2025,253.0,257.9,253.0,257.0,1.18,64555.0,275.9,225.0
PCBL,12/28/2025,256.0,264.0,256.0,262.1,1.98,136492.0,275.9,225.0
PCBL,12/29/2025,263.0,264.0,260.7,262.4,0.11,80011.0,275.9,225.0
PCBL,12/31/2025,264.9,265.0,262.0,263.3,0.34,155355.0,275.9,225.0
PCBL,1/1/2026,264.9,264.9,260.7,261.6,-0.65,126378.0,275.9,225.0
PCBL,1/4/2026,261.6,263.0,258.5,258.9,-1.03,216102.0,275.9,225.0
PCBL,1/5/2026,239.0,240.0,237.0,238.5,-7.88,57737.0,275.9,225.0
PCBL,1/6/2026,239.0,241.0,238.0,239.0,0.21,73824.0,275.9,225.0
PCBL,1/7/2026,238.0,240.0,236.1,236.2,-1.17,38625.0,275.9,225.0
PCBL,1/8/2026,236.0,239.0,235.0,237.0,0.34,38576.0,275.9,225.0
PCBL,1/12/2026,235.2,240.0,235.2,237.1,0.04,54810.0,275.9,225.0
PCBL,1/13/2026,237.0,240.7,236.7,239.9,1.18,38664.0,275.9,225.0
PCBL,1/14/2026,240.0,240.8,239.0,239.0,-0.38,45991.0,275.9,225.0
PCBL,1/18/2026,241.0,243.5,239.0,240.0,0.42,39906.0,275.9,225.0
PCBL,1/20/2026,244.8,249.6,241.2,245.6,2.33,48091.0,275.9,225.0
PCBL,1/21/2026,247.0,248.0,243.0,246.4,0.33,32317.0,275.9,225.0
PCBL,1/22/2026,246.4,247.8,244.0,245.0,-0.57,57855.0,275.9,225.0
PCBL,1/25/2026,248.9,248.9,243.1,246.2,0.49,363868.0,275.9,225.0
PCBL,1/26/2026,248.2,251.2,244.7,247.0,0.32,63219.0,275.9,225.0
PCBL,1/27/2026,248.0,248.0,242.0,243.0,-1.62,36048.0,275.9,225.0
PCBL,1/28/2026,243.0,243.0,239.1,241.0,-0.82,55480.0,275.9,225.0
PCBL,1/29/2026,239.5,242.0,238.8,239.1,-0.79,73422.0,275.9,225.0
PCBL,2/1/2026,242.0,242.0,237.5,238.0,-0.46,77146.0,275.9,225.0
PCBL,2/2/2026,238.0,240.0,236.0,237.0,-0.42,56722.0,275.9,225.0
PCBL,2/3/2026,239.8,239.8,235.8,235.8,-0.51,37331.0,275.9,225.0
PCBL,2/4/2026,232.0,239.7,232.0,235.8,0.0,36116.0,275.9,225.0
PCBL,2/5/2026,234.4,237.0,234.4,235.8,0.0,42945.0,275.9,225.0
PCBL,2/8/2026,234.0,238.0,234.0,235.4,-0.17,38599.0,275.9,225.0
PCBL,2/9/2026,235.8,235.8,230.0,232.0,-1.44,67871.0,275.9,225.0
PCBL,2/10/2026,233.0,235.5,230.2,232.3,0.13,52288.0,275.9,225.0
PCBL,2/11/2026,234.0,241.6,234.0,234.0,0.73,50133.0,275.9,225.0
PCBL,2/12/2026,235.0,237.8,234.6,236.0,0.85,35174.0,275.9,225.0
PCBL,2/16/2026,239.0,239.0,232.2,233.0,-1.27,22437.0,275.9,225.0
PCBL,2/17/2026,233.0,233.0,231.0,231.5,-0.64,29731.0,275.9,225.0
PCBL,2/22/2026,231.0,232.0,230.0,230.8,-0.3,41796.0,275.9,225.0
PCBL,2/23/2026,231.0,232.1,230.0,230.5,-0.13,26446.0,275.9,225.0
PCBL,2/24/2026,234.0,234.0,231.0,233.5,1.3,22631.0,275.9,225.0
PCBL,2/25/2026,233.0,235.0,232.0,233.0,-0.21,26283.0,275.9,225.0
PCBL,2/26/2026,237.6,237.6,232.1,234.8,0.77,28965.0,275.9,225.0
PCBL,2/27/2026,237.6,237.6,232.1,234.8,0.0,28965.0,275.9,225.0
PCBL,2/28/2026,237.6,237.6,232.1,234.8,0.0,28965.0,275.9,225.0
PCBL,3/2/2026,239.4,239.4,230.0,236.3,0.64,72292.0,275.9,225.0
PCBL,3/3/2026,241.0,242.2,236.4,242.2,2.5,116670.0,275.9,225.0
PCBL,3/4/2026,241.0,242.2,236.4,242.2,0.0,116670.0,275.9,225.0
PCBL,3/5/2026,241.0,242.2,236.4,242.2,0.0,116670.0,275.9,225.0
PCBL,3/6/2026,241.0,242.2,236.4,242.2,0.0,116670.0,275.9,225.0
PCBL,3/7/2026,241.0,242.2,236.4,242.2,0.0,116670.0,275.9,225.0
PCBL,3/8/2026,241.0,242.2,236.4,242.2,0.0,116670.0,275.9,225.0
PCBL,3/9/2026,247.0,256.9,247.0,256.9,6.07,370.0,275.9,225.0
PCBL,3/10/2026,262.0,265.1,246.0,255.0,-0.74,223749.0,275.9,225.0
PCBL,3/11/2026,255.0,256.0,246.0,248.0,-2.75,121184.0,275.9,225.0
PCBL,3/12/2026,245.2,256.0,245.2,253.0,2.02,141893.0,275.9,225.0
PCBL,3/13/2026,245.2,256.0,245.2,253.0,0.0,141893.0,275.9,225.0
PCBL,3/14/2026,245.2,256.0,245.2,253.0,0.0,141893.0,275.9,225.0
PCBL,3/15/2026,258.0,258.0,250.2,252.0,-0.4,148169.0,275.9,225.0
PCBL,3/16/2026,247.0,252.8,247.0,249.0,-1.19,69617.0,275.9,225.0
PCBL,3/17/2026,249.0,251.7,247.5,251.7,1.08,73975.0,275.9,225.0
PCBL,3/18/2026,249.0,251.7,247.5,251.7,0.0,73975.0,275.9,225.0
PCBL,3/19/2026,256.7,261.5,252.0,260.0,3.3,382563.0,275.9,225.0
PCBL,3/20/2026,256.7,261.5,252.0,260.0,0.0,382563.0,275.9,225.0
PCBL,3/21/2026,256.7,261.5,252.0,260.0,0.0,382563.0,275.9,225.0
PCBL,3/22/2026,264.0,271.0,261.3,269.0,3.46,428251.0,275.9,225.0
PCBL,3/23/2026,274.3,274.3,262.0,265.0,-1.49,143172.0,275.9,225.0
PCBL,3/24/2026,265.0,267.0,262.1,266.9,0.72,113650.0,275.9,225.0
PCBL,3/25/2026,262.0,275.9,261.0,264.0,-1.09,134630.0,275.9,225.0
PCBL,3/26/2026,260.1,265.0,257.9,262.9,1.08,169546.0,275.9,225.0
PCBL,3/29/2026,262.0,264.0,253.0,254.0,-3.05,206161.0,275.9,225.0
PCBL,3/30/2026,250.0,257.0,243.0,246.9,-1.24,170385.0,275.9,225.0
PCBL,3/31/2026,250.0,251.9,243.0,250.0,0.0,87573.0,275.9,225.0
PCBL,4/1/2026,255.0,255.0,238.0,242.1,-5.06,206199.0,275.9,225.0
PCBL,4/2/2026,238.0,245.9,238.0,244.0,2.52,74939.0,275.9,225.0
PCBL,4/5/2026,240.0,242.0,235.2,238.0,-0.83,130743.0,275.9,225.0
PCBL,4/6/2026,236.0,246.7,235.1,242.0,2.54,95068.0,275.9,225.0
PCBL,4/7/2026,242.7,246.0,241.0,243.0,0.12,114872.0,275.9,225.0
PCBL,4/8/2026,245.1,247.8,241.2,247.8,1.1,75742.0,275.9,225.0
PCBL,4/9/2026,249.9,252.9,244.0,252.9,1.2,95824.0,275.9,225.0
PCBL,4/10/2026,255.9,255.9,247.2,247.5,-3.28,65934.0,275.9,225.0
PCBL,4/13/2026,246.0,249.8,243.0,245.5,-0.2,65073.0,275.9,225.0
PCBL,4/15/2026,245.0,249.8,245.0,248.0,1.22,67663.0,275.9,225.0
PCBL,4/16/2026,250.0,250.0,243.2,245.0,-2.0,60821.0,275.9,225.0
PCBL,4/17/2026,245.0,246.0,242.5,245.0,0.0,37403.0,275.9,225.0
PCBL,4/20/2026,233.0,247.0,233.0,242.2,3.95,24066.0,275.9,225.0
PCBL,4/21/2026,242.2,244.0,240.4,242.2,0.0,25963.0,275.9,225.0
PCBL,4/22/2026,246.0,246.0,239.0,244.0,-0.81,63663.0,275.9,225.0
PCBL,4/23/2026,244.0,245.0,238.0,241.0,-1.23,29723.0,275.9,225.0
PCBL,4/24/2026,237.0,243.4,237.0,242.5,2.32,58022.0,275.9,225.0
PCBL,4/27/2026,242.5,245.0,241.0,244.0,0.62,37096.0,275.9,225.0
PCBL,4/28/2026,244.0,244.5,240.7,241.5,-1.02,35174.0,275.9,225.0
PCBL,4/29/2026,241.5,243.0,237.0,238.9,-1.08,49765.0,275.9,225.0
PCBL,4/30/2026,236.2,239.0,235.3,238.0,0.76,40022.0,275.9,225.0
PCBL,5/4/2026,229.0,239.0,229.0,236.6,3.32,40104.0,275.9,225.0
PCBL,5/5/2026,235.5,238.9,234.2,235.9,0.17,47137.0,275.9,225.0
PCBL,5/6/2026,234.3,237.9,234.2,237.9,1.54,22656.0,275.9,225.0
PCBL,5/7/2026,238.8,238.8,236.1,238.5,-0.13,26903.0,275.9,225.0
PCBL,5/8/2026,238.5,242.0,238.0,240.9,1.01,31788.0,275.9,225.0
PCBL,5/11/2026,240.9,243.0,240.2,241.0,0.04,39039.0,275.9,225.0
PCBL,5/12/2026,243.0,243.0,237.0,238.4,-1.89,77628.0,275.9,225.0
PCBL,5/13/2026,238.0,240.0,235.0,238.0,0.0,58952.0,275.9,225.0
PCBL,5/14/2026,237.9,239.7,236.0,238.3,0.17,21867.0,275.9,225.0
PCBL,5/15/2026,237.0,240.3,237.0,239.5,1.05,23344.0,275.9,225.0
PCBL,5/18/2026,240.0,240.0,236.0,239.8,-0.08,28123.0,275.9,225.0
PCBL,5/19/2026,239.9,240.0,237.3,239.5,-0.17,30204.0,275.9,225.0
PCBL,5/20/2026,236.5,240.9,236.5,240.5,1.69,31319.0,275.9,225.0
PCBL,5/21/2026,241.9,241.9,238.3,239.0,-1.2,18507.0,275.9,225.0
PCBL,5/22/2026,239.0,240.5,237.5,240.5,0.63,23859.0,275.9,225.0
PCBL,5/25/2026,240.5,244.9,239.0,244.9,1.83,63543.0,275.9,225.0
PCBL,5/26/2026,244.9,246.0,241.5,245.7,0.33,41581.0,275.9,225.0
PCBL,5/27/2026,246.0,247.6,242.5,247.0,0.41,49594.0,275.9,225.0
PCBL,6/1/2026,250.0,250.0,239.7,240.9,-3.64,37497.0,275.9,225.0
PCBL,6/2/2026,241.0,243.4,238.5,243.4,1.0,37249.0,275.9,225.0
PCBL,6/3/2026,241.9,243.0,239.5,242.0,0.04,29234.0,275.9,225.0
PCBL,6/4/2026,239.2,242.0,238.0,241.0,0.75,24205.0,275.9,225.0
PCBL,6/5/2026,240.0,242.0,239.0,240.0,0.0,33577.0,275.9,225.0
PCBL,6/8/2026,238.4,239.0,237.8,237.8,-0.25,43555.0,275.9,225.0
PCBL,6/9/2026,238.3,238.9,236.5,238.5,0.08,45960.0,275.9,225.0
PCBL,6/10/2026,227.0,239.9,227.0,239.0,5.29,29651.0,275.9,225.0
PCBL,6/11/2026,239.0,239.5,237.2,237.4,-0.67,27764.0,275.9,225.0
PCBL,6/12/2026,238.5,238.6,236.0,238.6,0.04,38035.0,275.9,225.0
PCBL,6/15/2026,241.9,241.9,235.0,239.0,-1.2,46539.0,275.9,225.0
PCBL,6/16/2026,235.3,239.9,235.2,237.0,0.72,26361.0,275.9,225.0
PCBL,6/17/2026,239.0,239.0,235.0,236.0,-1.26,46650.0,275.9,225.0
PCBL,6/18/2026,225.0,238.9,225.0,236.3,5.02,18640.0,275.9,225.0
PCBL,6/19/2026,233.9,237.9,233.8,235.5,0.68,52013.0,275.9,225.0
PCBL,6/22/2026,240.0,240.0,234.1,235.5,-1.88,39949.0,275.9,225.0
PCBL,6/23/2026,234.0,237.5,233.3,236.9,1.24,56305.0,275.9,225.0
PCBL,6/24/2026,234.0,235.5,233.0,234.6,0.26,30395.0,275.9,225.0
PCBL,6/26/2026,235.9,235.9,232.7,233.0,-1.23,30850.0,275.9,225.0
PCBL,6/29/2026,233.0,234.5,230.1,233.3,0.13,32246.0,275.9,225.0
PCBL,6/30/2026,231.0,236.0,231.0,232.4,0.61,34867.0,275.9,225.0
PCBL,7/1/2026,231.5,236.4,231.5,233.9,1.04,64115.0,275.9,225.0
PCBL,7/2/2026,232.1,237.0,232.1,236.4,1.85,30982.0,275.9,225.0
PCBL,7/3/2026,233.0,238.5,233.0,236.0,1.29,58482.0,275.9,225.0
PCBL,7/6/2026,233.0,236.0,233.0,234.0,0.43,36817.0,275.9,225.0
PCBL,7/7/2026,235.0,237.0,233.6,236.7,0.72,25718.0,275.9,225.0
PCBL,7/8/2026,237.0,237.0,231.2,234.0,-1.27,40443.0,275.9,225.0
PCBL,7/9/2026,231.2,233.5,231.0,231.0,-0.09,54301.0,275.9,225.0
PCBL,7/10/2026,240.0,240.0,230.0,231.0,-3.75,50684.0,275.9,225.0
PCBL,7/13/2026,232.0,232.9,230.0,231.6,-0.17,54916.0,275.9,225.0
PCBL,7/14/2026,231.0,232.6,229.1,229.2,-0.78,46844.0,275.9,225.0
PCBL,7/15/2026,231.0,235.0,230.4,232.0,0.43,25011.0,275.9,225.0
PCBL,7/16/2026,231.0,239.9,231.0,239.9,3.85,64646.0,275.9,225.0
PCBL,7/17/2026,238.8,242.1,236.7,242.0,1.34,32748.0,275.9,225.0
PCBL,7/20/2026,230.0,248.2,230.0,242.5,5.43,33893.0,275.9,225.0
PCBL,7/21/2026,243.0,245.0,239.5,242.7,-0.12,47015.0,275.9,225.0
PCBL,7/22/2026,243.0,243.0,238.0,239.0,-1.65,19541.0,275.9,225.0
PCBL,7/23/2026,227.1,244.9,227.1,239.0,5.24,29928.0,275.9,225.0
PCBL,7/24/2026,239.0,245.0,238.0,243.0,1.67,92403.0,275.9,225.0
PCBL,7/27/2026,230.9,248.9,230.9,243.0,5.24,107176.0,275.9,225.0
PCBL,7/28/2026,243.0,245.0,241.3,242.0,-0.41,66306.0,275.9,225.0
PCBL,7/29/2026,238.5,244.4,238.5,241.9,1.43,142194.0,275.9,225.0
PCBL,7/30/2026,230.0,244.0,230.0,241.5,5.0,40879.0,275.9,225.0
PCBL,7/31/2026,240.1,247.0,240.1,247.0,2.87,100424.0,275.9,225.0
PCBL,8/3/2026,247.5,249.8,245.2,246.5,-0.4,71311.0,275.9,225.0
PCBL,8/4/2026,246.0,248.5,242.1,242.6,-1.38,48350.0,275.9,225.0
PCBL,8/5/2026,242.2,243.9,241.1,242.5,0.12,39909.0,275.9,225.0
PCBL,8/6/2026,242.5,246.0,239.2,240.1,-0.99,44619.0,275.9,225.0
PCBL,8/7/2026,244.5,244.5,238.2,240.0,-1.84,41391.0,275.9,225.0
PCBL,8/10/2026,243.8,243.8,237.4,239.0,-1.97,21138.0,275.9,225.0
PCBL,8/11/2026,239.1,241.0,238.2,240.0,0.38,66626.0,275.9,225.0
PCBL,8/12/2026,240.0,242.5,238.5,240.0,0.0,28515.0,275.9,225.0
PCBL,8/13/2026,238.2,243.0,238.2,240.0,0.76,40163.0,275.9,225.0
PCBL,8/14/2026,239.2,242.5,239.2,241.9,1.13,29726.0,275.9,225.0
PCBL,8/17/2026,243.3,244.6,239.0,244.6,0.53,80028.0,275.9,225.0
PCBL,8/18/2026,244.0,244.0,238.3,240.3,-1.52,53111.0,275.9,225.0
PCBL,8/19/2026,240.0,242.0,237.0,240.5,0.21,46783.0,275.9,225.0
PCBL,8/20/2026,240.0,240.9,238.1,240.0,0.0,16616.0,275.9,225.0
PCBL,8/21/2026,240.0,241.0,238.0,241.0,0.42,42617.0,275.9,225.0
PCBL,8/24/2026,242.0,242.0,237.0,239.7,-0.95,50938.0,275.9,225.0
PCBL,8/25/2026,238.0,241.7,238.0,239.0,0.42,31052.0,275.9,225.0
PCBL,8/26/2026,237.9,239.0,236.7,237.8,-0.04,40466.0,275.9,225.0
PCBL,8/27/2026,237.0,237.4,233.3,235.5,-0.63,23140.0,275.9,225.0
PCBL,8/31/2026,235.0,236.0,232.0,233.5,-0.64,33319.0,275.9,225.0
PCBL,9/1/2026,234.0,238.0,232.0,235.0,0.43,31155.0,275.9,225.0
PCBL,9/2/2026,235.0,237.0,234.0,237.0,0.85,19436.0,275.9,225.0
PCBL,9/3/2026,237.1,239.9,235.2,238.0,0.38,40298.0,275.9,225.0
PCBL,9/7/2026,249.9,249.9,236.5,243.9,-2.4,43028.0,275.9,225.0
PCBL,9/9/2026,256.0,256.0,239.0,240.0,-6.25,24434.0,275.9,225.0
PCBL,9/10/2026,239.5,242.7,236.0,239.5,0.0,42719.0,275.9,225.0
PCBL,9/11/2026,239.0,241.0,236.2,241.0,0.84,40689.0,275.9,225.0
PCBL,9/14/2026,244.5,245.0,240.2,242.0,-1.02,78377.0,275.9,225.0
PCBL,9/15/2026,250.0,250.0,243.0,245.0,-2.0,151325.0,275.9,225.0
PCBL,9/16/2026,245.1,247.0,243.1,245.0,-0.04,80305.0,275.9,225.0
PCBL,9/17/2026,245.0,252.0,245.0,251.8,2.78,227337.0,275.9,225.0
PCBL,9/18/2026,252.5,259.0,249.0,259.0,2.57,272648.0,275.9,225.0
PCBL,9/22/2026,259.0,260.8,250.8,260.0,0.39,216406.0,275.9,225.0
PCBL,9/23/2026,260.0,260.0,250.0,253.0,-2.69,200703.0,275.9,225.0
PCBL,9/24/2026,250.6,258.9,250.5,257.0,2.55,107064.0,275.9,225.0
PCBL,9/28/2026,255.0,263.1,253.0,260.0,1.96,418023.0,275.9,225.0
PCBL,9/29/2026,261.8,262.9,258.1,0.0,-100.0,161551.0,275.9,225.0
PCBL,9/30/2026,261.5,261.5,257.0,258.2,-1.26,86554.0,275.9,225.0
PCBL,10/1/2026,259.8,262.0,257.2,261.0,0.46,156981.0,275.9,225.0
PCBL,10/2/2026,260.0,261.9,259.6,260.2,0.08,169742.0,275.9,225.0
PCBLP,1/1/2026,100.0,100.0,100.0,100.0,,68472.0,108.1,100.0
PCBLP,1/27/2026,100.0,100.0,100.0,100.0,0.0,100517.0,108.1,100.0
PCBLP,3/12/2026,100.0,100.0,100.0,100.0,0.0,110169.0,108.1,100.0
PCBLP,3/13/2026,100.0,100.0,100.0,100.0,0.0,110169.0,108.1,100.0
PCBLP,3/14/2026,100.0,100.0,100.0,100.0,0.0,110169.0,108.1,100.0
PCBLP,4/16/2026,100.0,100.0,100.0,100.0,0.0,170485.0,108.1,100.0
PCBLP,4/29/2026,100.0,108.1,103.0,108.1,8.1,500000.0,108.1,100.0
PCBLP,6/10/2026,108.1,108.1,108.1,108.1,0.0,586187.0,108.1,100.0
PCBLP,7/1/2026,105.0,105.0,105.0,105.0,0.0,8041.0,108.1,100.0
PCBLP,7/15/2026,105.0,105.0,105.0,105.0,0.0,12603.0,108.1,100.0
PCBLP,7/29/2026,102.0,102.0,102.0,102.0,0.0,200000.0,108.1,100.0
PCBLP,7/30/2026,102.0,102.0,102.0,102.0,0.0,46894.0,108.1,100.0
PCBLP,8/5/2026,103.0,103.0,103.0,103.0,0.0,200000.0,108.1,100.0
PCBLP,8/19/2026,103.0,103.0,103.0,103.0,0.0,24779.0,108.1,100.0
PCBLP,8/21/2026,103.0,103.0,103.0,103.0,0.0,142796.0,108.1,100.0
PCBLP,8/26/2026,105.0,105.0,105.0,105.0,0.0,308120.0,108.1,100.0
PCBLP,9/16/2026,105.0,105.0,105.0,105.0,0.0,13639.0,108.1,100.0
PCIL,4/10/2026,300.0,330.0,300.0,330.0,10.0,250.0,1280.0,300.0
PCIL,4/13/2026,330.0,363.0,330.0,363.0,10.0,410.0,1280.0,300.0
PCIL,4/15/2026,370.2,399.3,370.2,399.3,7.86,630.0,1280.0,300.0
PCIL,4/16/2026,407.2,439.2,407.2,439.2,7.86,420.0,1280.0,300.0
PCIL,4/17/2026,447.9,483.1,447.9,483.1,7.86,550.0,1280.0,300.0
PCIL,4/20/2026,507.2,555.5,507.2,555.5,9.52,900.0,1280.0,300.0
PCIL,4/21/2026,580.0,638.8,580.0,638.8,10.14,1000.0,1280.0,300.0
PCIL,4/22/2026,657.9,734.6,657.9,734.6,11.66,1740.0,1280.0,300.0
PCIL,4/23/2026,756.6,844.7,756.6,844.7,11.64,4760.0,1280.0,300.0
PCIL,4/24/2026,886.2,971.4,886.2,971.4,9.61,9180.0,1280.0,300.0
PCIL,4/27/2026,1019.9,1117.1,1019.9,1117.1,9.53,79890.0,1280.0,300.0
PCIL,4/28/2026,1172.9,1280.0,1025.0,1039.0,-11.42,538665.0,1280.0,300.0
PCIL,4/29/2026,1039.0,1090.9,943.2,958.1,-7.79,208142.0,1280.0,300.0
PCIL,4/30/2026,940.0,1030.0,885.1,948.0,0.85,108003.0,1280.0,300.0
PCIL,5/4/2026,948.0,960.0,880.1,888.0,-6.33,111017.0,1280.0,300.0
PCIL,5/5/2026,888.0,916.7,850.0,897.0,1.01,87957.0,1280.0,300.0
PCIL,5/6/2026,897.0,918.0,875.0,876.0,-2.34,52889.0,1280.0,300.0
PCIL,5/7/2026,860.1,890.0,860.0,869.9,1.14,40050.0,1280.0,300.0
PCIL,5/8/2026,850.0,916.0,850.0,897.0,5.53,65696.0,1280.0,300.0
PCIL,5/11/2026,897.0,908.9,887.0,892.0,-0.56,76095.0,1280.0,300.0
PCIL,5/12/2026,892.0,901.0,861.0,875.0,-1.91,68984.0,1280.0,300.0
PCIL,5/13/2026,835.0,901.0,835.0,865.0,3.59,61981.0,1280.0,300.0
PCIL,5/14/2026,865.0,865.0,840.0,843.0,-2.54,54070.0,1280.0,300.0
PCIL,5/15/2026,840.0,860.0,836.0,839.8,-0.02,47373.0,1280.0,300.0
PCIL,5/18/2026,840.0,845.0,805.9,811.9,-3.35,65056.0,1280.0,300.0
PCIL,5/19/2026,811.9,835.0,800.0,805.0,-0.85,54810.0,1280.0,300.0
PCIL,5/20/2026,765.0,827.0,765.0,822.0,7.45,51497.0,1280.0,300.0
PCIL,5/21/2026,827.0,835.9,810.0,812.0,-1.81,34235.0,1280.0,300.0
PCIL,5/22/2026,772.0,833.0,772.0,827.0,7.12,61577.0,1280.0,300.0
PCIL,5/25/2026,827.0,860.0,815.0,852.8,3.12,66607.0,1280.0,300.0
PCIL,5/26/2026,854.0,865.0,833.5,839.9,-1.65,41783.0,1280.0,300.0
PCIL,5/27/2026,800.0,839.9,800.0,820.0,2.5,66085.0,1280.0,300.0
PCIL,6/1/2026,815.0,818.9,800.0,803.7,-1.39,63106.0,1280.0,300.0
PCIL,6/2/2026,763.6,811.0,763.6,793.0,3.85,59979.0,1280.0,300.0
PCIL,6/3/2026,793.0,809.9,793.0,800.0,0.88,43504.0,1280.0,300.0
PCIL,6/4/2026,800.0,805.0,789.0,789.2,-1.35,40923.0,1280.0,300.0
PCIL,6/5/2026,749.8,850.0,749.8,780.0,4.03,39256.0,1280.0,300.0
PCIL,6/8/2026,770.0,788.0,754.0,758.0,-1.56,49322.0,1280.0,300.0
PCIL,6/9/2026,750.0,783.0,732.0,768.0,2.4,84796.0,1280.0,300.0
PCIL,6/10/2026,765.0,787.4,760.0,774.0,1.18,39370.0,1280.0,300.0
PCIL,6/11/2026,770.0,775.0,755.0,755.9,-1.83,37639.0,1280.0,300.0
PCIL,6/12/2026,755.9,765.0,741.0,744.0,-1.57,34937.0,1280.0,300.0
PCIL,6/15/2026,730.0,759.0,730.0,741.0,1.51,40066.0,1280.0,300.0
PCIL,6/16/2026,741.0,780.0,730.0,742.0,0.13,28987.0,1280.0,300.0
PCIL,6/17/2026,740.0,750.0,737.2,740.0,0.0,24500.0,1280.0,300.0
PCIL,6/18/2026,740.0,745.0,730.0,740.0,0.0,27384.0,1280.0,300.0
PCIL,6/19/2026,730.0,739.0,718.1,719.0,-1.51,34513.0,1280.0,300.0
PCIL,6/22/2026,700.0,740.5,700.0,725.0,3.57,43974.0,1280.0,300.0
PCIL,6/23/2026,720.0,720.0,696.0,705.0,-2.08,54451.0,1280.0,300.0
PCIL,6/24/2026,705.0,705.0,670.0,690.0,-2.13,63460.0,1280.0,300.0
PCIL,6/26/2026,680.0,689.9,671.0,682.0,0.29,18481.0,1280.0,300.0
PCIL,6/29/2026,647.9,682.0,647.9,662.0,2.18,24776.0,1280.0,300.0
PCIL,6/30/2026,660.0,670.0,638.0,639.0,-3.18,39939.0,1280.0,300.0
PCIL,7/1/2026,627.0,666.9,627.0,664.9,6.04,37225.0,1280.0,300.0
PCIL,7/2/2026,634.7,671.0,634.7,661.0,4.14,33466.0,1280.0,300.0
PCIL,7/3/2026,651.0,664.9,651.0,654.0,0.46,20256.0,1280.0,300.0
PCIL,7/6/2026,645.6,650.1,628.6,634.0,-1.8,31985.0,1280.0,300.0
PCIL,7/7/2026,602.3,679.0,602.3,639.8,6.23,20793.0,1280.0,300.0
PCIL,7/8/2026,640.0,645.0,615.1,623.0,-2.66,23862.0,1280.0,300.0
PCIL,7/9/2026,618.0,622.0,606.2,609.0,-1.46,20390.0,1280.0,300.0
PCIL,7/10/2026,606.0,619.0,601.3,609.9,0.64,60547.0,1280.0,300.0
PCIL,7/13/2026,609.0,610.0,588.0,590.0,-3.12,35156.0,1280.0,300.0
PCIL,7/14/2026,585.1,599.0,572.1,589.7,0.79,33962.0,1280.0,300.0
PCIL,7/15/2026,580.0,599.0,573.0,594.0,2.41,18338.0,1280.0,300.0
PCIL,7/16/2026,590.0,607.0,590.0,595.0,0.85,43238.0,1280.0,300.0
PCIL,7/17/2026,595.0,669.9,595.0,652.0,9.58,103764.0,1280.0,300.0
PCIL,7/20/2026,650.0,674.5,650.0,665.0,2.31,50863.0,1280.0,300.0
PCIL,7/21/2026,665.0,688.0,650.0,665.0,0.0,71400.0,1280.0,300.0
PCIL,7/22/2026,650.0,670.5,650.0,665.0,2.31,42196.0,1280.0,300.0
PCIL,7/23/2026,631.8,701.0,631.8,687.0,8.74,58160.0,1280.0,300.0
PCIL,7/24/2026,700.0,717.0,690.2,692.0,-1.14,106254.0,1280.0,300.0
PCIL,7/27/2026,660.0,700.0,650.1,664.0,0.61,44869.0,1280.0,300.0
PCIL,7/28/2026,697.2,697.2,641.0,655.0,-6.05,33269.0,1280.0,300.0
PCIL,7/29/2026,625.0,672.7,625.0,664.0,6.24,34063.0,1280.0,300.0
PCIL,7/30/2026,664.0,669.8,636.0,649.5,-2.18,47211.0,1280.0,300.0
PCIL,7/31/2026,630.0,660.0,630.0,654.0,3.81,32107.0,1280.0,300.0
PCIL,8/3/2026,650.0,671.0,641.0,650.0,0.0,35221.0,1280.0,300.0
PCIL,8/4/2026,640.0,680.0,638.0,638.1,-0.3,30411.0,1280.0,300.0
PCIL,8/5/2026,670.0,670.0,631.59,644.0,-3.88,39848.0,1280.0,300.0
PCIL,8/6/2026,612.0,650.0,612.0,635.0,3.76,24618.0,1280.0,300.0
PCIL,8/7/2026,630.0,640.0,619.0,622.3,-1.22,23281.0,1280.0,300.0
PCIL,8/10/2026,622.0,628.5,615.0,625.0,0.48,20718.0,1280.0,300.0
PCIL,8/11/2026,620.0,629.0,617.0,623.0,0.48,24243.0,1280.0,300.0
PCIL,8/12/2026,620.0,630.0,615.0,623.0,0.48,26706.0,1280.0,300.0
PCIL,8/13/2026,622.0,663.0,618.0,650.9,4.65,116719.0,1280.0,300.0
PCIL,8/14/2026,653.0,655.0,634.5,639.0,-2.14,31250.0,1280.0,300.0
PCIL,8/17/2026,639.0,639.0,625.0,632.0,-1.1,20764.0,1280.0,300.0
PCIL,8/18/2026,628.0,690.0,620.9,622.0,-0.96,45986.0,1280.0,300.0
PCIL,8/19/2026,616.0,630.0,615.3,621.0,0.81,13207.0,1280.0,300.0
PCIL,8/20/2026,620.0,630.0,615.0,622.9,0.47,25154.0,1280.0,300.0
PCIL,8/21/2026,620.0,629.9,609.3,615.0,-0.81,24622.0,1280.0,300.0
PCIL,8/24/2026,610.0,623.0,600.0,607.9,-0.34,23117.0,1280.0,300.0
PCIL,8/25/2026,606.0,610.0,598.0,600.0,-0.99,19968.0,1280.0,300.0
PCIL,8/26/2026,600.0,600.0,585.0,594.1,-0.98,27688.0,1280.0,300.0
PCIL,8/27/2026,576.4,635.0,576.4,621.0,7.74,67638.0,1280.0,300.0
PCIL,8/31/2026,621.0,654.0,615.0,646.0,4.03,105652.0,1280.0,300.0
PCIL,9/1/2026,646.0,656.0,622.0,623.2,-3.53,30235.0,1280.0,300.0
PCIL,9/2/2026,623.0,637.5,622.0,628.0,0.8,27613.0,1280.0,300.0
PCIL,9/3/2026,628.0,633.0,615.0,620.1,-1.26,21397.0,1280.0,300.0
PCIL,9/7/2026,589.1,634.0,589.1,618.2,4.94,22324.0,1280.0,300.0
PCIL,9/9/2026,618.2,632.0,602.6,609.9,-1.34,30687.0,1280.0,300.0
PCIL,9/10/2026,609.9,610.0,596.0,598.9,-1.8,28144.0,1280.0,300.0
PCIL,9/11/2026,598.9,610.0,594.1,607.2,1.39,22884.0,1280.0,300.0
PCIL,9/14/2026,607.0,620.0,602.0,615.0,1.32,55881.0,1280.0,300.0
PCIL,9/15/2026,620.0,648.0,620.0,632.1,1.95,59453.0,1280.0,300.0
PCIL,9/16/2026,625.0,635.0,615.0,618.0,-1.12,56677.0,1280.0,300.0
PCIL,9/17/2026,618.0,628.0,618.0,624.1,0.99,33288.0,1280.0,300.0
PCIL,9/18/2026,618.0,630.0,618.0,621.8,0.61,22742.0,1280.0,300.0
PCIL,9/22/2026,622.1,628.0,615.0,615.0,-1.14,44533.0,1280.0,300.0
PCIL,9/23/2026,584.3,620.0,584.3,611.0,4.57,27969.0,1280.0,300.0
PCIL,9/24/2026,605.0,638.0,605.0,633.0,4.63,112324.0,1280.0,300.0
PCIL,9/28/2026,633.0,648.0,618.6,623.7,-1.47,67169.0,1280.0,300.0
PCIL,9/29/2026,623.0,625.0,615.4,0.0,-100.0,14463.0,1280.0,300.0
PCIL,9/30/2026,620.6,622.0,613.4,616.3,-0.69,20859.0,1280.0,300.0
PCIL,10/1/2026,600.0,626.0,600.0,617.2,2.87,31435.0,1280.0,300.0
PCIL,10/2/2026,617.0,625.0,610.2,620.0,0.49,27231.0,1280.0,300.0
PFL,6/18/2013,98.0,97.0,96.0,96.0,,20.0,443.0,335.0
PFL,7/1/2013,96.0,95.0,92.0,92.0,-4.17,132.0,443.0,335.0
PFL,7/17/2013,92.0,91.0,91.0,91.0,-1.09,60.0,443.0,335.0
PFL,8/1/2013,91.0,92.0,92.0,92.0,1.1,50.0,443.0,335.0
PFL,8/7/2013,92.0,93.0,93.0,93.0,1.09,202.0,443.0,335.0
PFL,8/14/2013,93.0,94.0,94.0,94.0,1.08,30.0,443.0,335.0
PFL,9/9/2013,94.0,97.0,95.0,97.0,3.19,60.0,443.0,335.0
PFL,9/10/2013,97.0,100.0,98.0,100.0,3.09,86.0,443.0,335.0
PFL,9/11/2013,100.0,106.0,100.0,106.0,6.0,140.0,443.0,335.0
PFL,9/12/2013,106.0,108.0,108.0,108.0,1.89,20.0,443.0,335.0
PFL,9/15/2013,108.0,107.0,107.0,107.0,-0.93,100.0,443.0,335.0
PFL,9/16/2013,107.0,109.0,107.0,107.0,0.0,190.0,443.0,335.0
PFL,9/17/2013,107.0,111.0,109.0,111.0,3.74,40.0,443.0,335.0
PFL,10/27/2013,111.0,113.0,113.0,113.0,1.8,20.0,443.0,335.0
PFL,10/30/2013,113.0,111.0,111.0,111.0,-1.77,20.0,443.0,335.0
PFL,12/3/2013,111.0,121.0,111.0,121.0,9.01,1984.0,443.0,335.0
PFL,12/4/2013,121.0,127.0,123.0,127.0,4.96,471.0,443.0,335.0
PFL,12/5/2013,127.0,129.0,127.0,129.0,1.57,3000.0,443.0,335.0
PFL,12/8/2013,129.0,127.0,125.0,125.0,-3.1,2500.0,443.0,335.0
PFL,12/10/2013,125.0,123.0,121.0,121.0,-3.2,312.0,443.0,335.0
PFL,1/5/2014,121.0,119.0,119.0,119.0,-1.65,500.0,443.0,335.0
PFL,1/9/2014,119.0,117.0,117.0,117.0,-1.68,52.0,443.0,335.0
PFL,1/14/2014,117.0,115.0,115.0,115.0,-1.71,100.0,443.0,335.0
PFL,1/16/2014,115.0,113.0,113.0,113.0,-1.74,240.0,443.0,335.0
PFL,1/20/2014,113.0,111.0,111.0,111.0,-1.77,602.0,443.0,335.0
PFL,1/23/2014,111.0,112.0,110.0,112.0,0.9,12227.0,443.0,335.0
PFL,2/2/2014,112.0,117.0,112.0,117.0,4.46,1800.0,443.0,335.0
PFL,2/4/2014,117.0,119.0,119.0,119.0,1.71,150.0,443.0,335.0
PFL,2/6/2014,130.0,143.0,132.0,143.0,20.17,1110.0,443.0,335.0
PFL,2/9/2014,143.0,157.0,145.0,157.0,9.79,6395.0,443.0,335.0
PFL,2/10/2014,157.0,172.0,160.0,170.0,8.28,940.0,443.0,335.0
PFL,2/11/2014,170.0,187.0,173.0,187.0,10.0,864.0,443.0,335.0
PFL,2/12/2014,187.0,202.0,190.0,202.0,8.02,200.0,443.0,335.0
PFL,2/13/2014,202.0,198.0,198.0,198.0,-1.98,100.0,443.0,335.0
PFL,2/16/2014,198.0,195.0,195.0,195.0,-1.52,40.0,443.0,335.0
PFL,2/17/2014,195.0,192.0,189.0,189.0,-3.08,80.0,443.0,335.0
PFL,2/18/2014,189.0,189.0,186.0,186.0,-1.59,100.0,443.0,335.0
PFL,2/20/2014,186.0,189.0,189.0,189.0,1.61,20.0,443.0,335.0
PFL,2/23/2014,189.0,0.0,0.0,189.0,0.0,2770.0,443.0,335.0
PFL,2/25/2014,185.0,185.0,176.0,176.0,-6.88,671.0,443.0,335.0
PFL,2/26/2014,176.0,173.0,167.0,167.0,-5.11,1460.0,443.0,335.0
PFL,3/3/2014,167.0,164.0,158.0,161.0,-3.59,3681.0,443.0,335.0
PFL,3/4/2014,161.0,158.0,158.0,158.0,-1.86,30.0,443.0,335.0
PFL,3/5/2014,158.0,164.0,157.0,162.0,2.53,1579.0,443.0,335.0
PFL,3/6/2014,162.0,159.0,159.0,159.0,-1.85,100.0,443.0,335.0
PFL,3/10/2014,159.0,159.0,156.0,159.0,0.0,2065.0,443.0,335.0
PFL,3/11/2014,159.0,164.0,161.0,161.0,1.26,1173.0,443.0,335.0
PFL,3/12/2014,161.0,159.0,159.0,159.0,-1.24,20.0,443.0,335.0
PFL,3/17/2014,159.0,156.0,153.0,153.0,-3.77,1469.0,443.0,335.0
PFL,3/23/2014,153.0,150.0,150.0,150.0,-1.96,4860.0,443.0,335.0
PFL,3/24/2014,150.0,156.0,153.0,156.0,4.0,1060.0,443.0,335.0
PFL,3/25/2014,156.0,171.0,159.0,171.0,9.62,620.0,443.0,335.0
PFL,3/26/2014,171.0,188.0,174.0,188.0,9.94,120.0,443.0,335.0
PFL,3/27/2014,188.0,191.0,188.0,191.0,1.6,60.0,443.0,335.0
PFL,3/31/2014,191.0,194.0,194.0,194.0,1.57,336.0,443.0,335.0
PFL,4/1/2014,194.0,191.0,191.0,191.0,-1.55,40.0,443.0,335.0
PFL,4/2/2014,191.0,188.0,188.0,188.0,-1.57,312.0,443.0,335.0
PFL,4/6/2014,188.0,185.0,185.0,185.0,-1.6,200.0,443.0,335.0
PFL,4/7/2014,185.0,182.0,182.0,182.0,-1.62,200.0,443.0,335.0
PFL,4/9/2014,182.0,179.0,176.0,176.0,-3.3,512.0,443.0,335.0
PFL,4/10/2014,176.0,185.0,173.0,185.0,5.11,5326.0,443.0,335.0
PFL,4/15/2014,185.0,191.0,188.0,191.0,3.24,126.0,443.0,335.0
PFL,4/16/2014,191.0,197.0,194.0,197.0,3.14,60.0,443.0,335.0
PFL,4/17/2014,197.0,194.0,188.0,188.0,-4.57,560.0,443.0,335.0
PFL,4/21/2014,188.0,185.0,182.0,182.0,-3.19,400.0,443.0,335.0
PFL,4/22/2014,182.0,179.0,179.0,179.0,-1.65,324.0,443.0,335.0
PFL,4/23/2014,179.0,178.0,176.0,177.0,-1.12,1804.0,443.0,335.0
PFL,4/27/2014,177.0,183.0,180.0,183.0,3.39,3100.0,443.0,335.0
PFL,4/30/2014,183.0,186.0,186.0,186.0,1.64,500.0,443.0,335.0
PFL,5/6/2014,186.0,204.0,189.0,204.0,9.68,1038.0,443.0,335.0
PFL,5/7/2014,204.0,212.0,208.0,212.0,3.92,980.0,443.0,335.0
PFL,5/8/2014,212.0,219.0,215.0,219.0,3.3,2536.0,443.0,335.0
PFL,5/11/2014,219.0,227.0,223.0,224.0,2.28,4166.0,443.0,335.0
PFL,5/13/2014,224.0,246.0,228.0,246.0,9.82,1728.0,443.0,335.0
PFL,5/20/2014,246.0,242.0,242.0,242.0,-1.63,60.0,443.0,335.0
PFL,5/21/2014,242.0,246.0,246.0,246.0,1.65,395.0,443.0,335.0
PFL,5/25/2014,246.0,250.0,250.0,250.0,1.63,50.0,443.0,335.0
PFL,5/28/2014,250.0,250.0,250.0,250.0,0.0,2660.0,443.0,335.0
PFL,6/2/2014,250.0,250.0,245.0,245.0,-2.0,3046.0,443.0,335.0
PFL,6/3/2014,245.0,241.0,238.0,238.0,-2.86,180.0,443.0,335.0
PFL,6/5/2014,238.0,238.0,234.0,234.0,-1.68,1020.0,443.0,335.0
PFL,6/8/2014,234.0,230.0,230.0,230.0,-1.71,1000.0,443.0,335.0
PFL,6/16/2014,230.0,238.0,234.0,238.0,3.48,40.0,443.0,335.0
PFL,6/18/2014,238.0,234.0,230.0,230.0,-3.36,600.0,443.0,335.0
PFL,6/19/2014,230.0,226.0,214.0,218.0,-5.22,18975.0,443.0,335.0
PFL,6/25/2014,218.0,216.0,216.0,216.0,-0.92,40.0,443.0,335.0
PFL,6/30/2014,216.0,220.0,216.0,216.0,0.0,1240.0,443.0,335.0
PFL,7/1/2014,216.0,215.0,215.0,215.0,-0.46,756.0,443.0,335.0
PFL,7/2/2014,215.0,216.0,216.0,216.0,0.47,200.0,443.0,335.0
PFL,7/3/2014,216.0,212.0,212.0,212.0,-1.85,1000.0,443.0,335.0
PFL,7/6/2014,212.0,216.0,216.0,216.0,1.89,198.0,443.0,335.0
PFL,7/7/2014,216.0,216.0,209.0,213.0,-1.39,2180.0,443.0,335.0
PFL,7/8/2014,213.0,216.0,216.0,216.0,1.41,966.0,443.0,335.0
PFL,7/10/2014,216.0,214.0,210.0,214.0,-0.93,1512.0,443.0,335.0
PFL,7/21/2014,214.0,226.0,218.0,222.0,3.74,470.0,443.0,335.0
PFL,7/22/2014,222.0,238.0,214.0,238.0,7.21,1355.0,443.0,335.0
PFL,7/23/2014,238.0,261.0,242.0,261.0,9.66,1212.0,443.0,335.0
PFL,7/24/2014,261.0,281.0,266.0,280.0,7.28,5700.0,443.0,335.0
PFL,7/27/2014,280.0,285.0,285.0,285.0,1.79,100.0,443.0,335.0
PFL,7/30/2014,285.0,305.0,290.0,299.0,4.91,1599.0,443.0,335.0
PFL,8/3/2014,299.0,303.0,295.0,295.0,-1.34,4076.0,443.0,335.0
PFL,8/4/2014,295.0,290.0,290.0,290.0,-1.69,69.0,443.0,335.0
PFL,8/5/2014,290.0,285.0,285.0,285.0,-1.72,100.0,443.0,335.0
PFL,8/6/2014,285.0,285.0,285.0,285.0,0.0,2500.0,443.0,335.0
PFL,8/7/2014,285.0,280.0,280.0,280.0,-1.75,490.0,443.0,335.0
PFL,8/13/2014,280.0,285.0,285.0,285.0,1.79,20.0,443.0,335.0
PFL,8/14/2014,285.0,280.0,280.0,280.0,-1.75,100.0,443.0,335.0
PFL,8/19/2014,280.0,275.0,270.0,270.0,-3.57,20487.0,443.0,335.0
PFL,8/25/2014,270.0,265.0,265.0,265.0,-1.85,30.0,443.0,335.0
PFL,8/26/2014,265.0,270.0,270.0,270.0,1.89,100.0,443.0,335.0
PFL,9/9/2014,270.0,270.0,270.0,270.0,0.0,1000.0,443.0,335.0
PFL,9/10/2014,270.0,265.0,265.0,265.0,-1.85,1130.0,443.0,335.0
PFL,9/30/2014,265.0,260.0,255.0,255.0,-3.77,1258.0,443.0,335.0
PFL,10/13/2014,255.0,255.0,255.0,255.0,0.0,810.0,443.0,335.0
PFL,10/21/2014,255.0,255.0,238.0,238.0,-6.67,574.0,443.0,335.0
PFL,10/22/2014,238.0,234.0,234.0,234.0,-1.68,720.0,443.0,335.0
PFL,10/28/2014,234.0,238.0,238.0,238.0,1.71,150.0,443.0,335.0
PFL,10/30/2014,238.0,242.0,236.0,240.0,0.84,8270.0,443.0,335.0
PFL,11/13/2014,226.0,222.0,222.0,222.0,-7.5,20.0,443.0,335.0
PFL,11/23/2014,222.0,218.0,200.0,200.0,-9.91,981.0,443.0,335.0
PFL,11/24/2014,200.0,200.0,180.0,195.0,-2.5,116265.0,443.0,335.0
PFL,1/4/2015,195.0,198.0,198.0,198.0,1.54,50.0,443.0,335.0
PFL,1/6/2015,198.0,201.0,201.0,201.0,1.52,50.0,443.0,335.0
PFL,1/12/2015,201.0,205.0,205.0,205.0,1.99,50.0,443.0,335.0
PFL,1/13/2015,205.0,209.0,209.0,209.0,1.95,50.0,443.0,335.0
PFL,1/20/2015,209.0,213.0,213.0,213.0,1.91,100.0,443.0,335.0
PFL,1/27/2015,213.0,217.0,217.0,217.0,1.88,50.0,443.0,335.0
PFL,2/4/2015,217.0,221.0,221.0,221.0,1.84,50.0,443.0,335.0
PFL,2/5/2015,221.0,217.0,217.0,217.0,-1.81,100.0,443.0,335.0
PFL,2/11/2015,217.0,228.0,220.0,228.0,5.07,2998.0,443.0,335.0
PFL,2/12/2015,228.0,248.0,232.0,248.0,8.77,684.0,443.0,335.0
PFL,2/15/2015,248.0,272.0,252.0,272.0,9.68,500.0,443.0,335.0
PFL,2/16/2015,272.0,277.0,272.0,272.0,0.0,1937.0,443.0,335.0
PFL,2/18/2015,272.0,272.0,267.0,267.0,-1.84,396.0,443.0,335.0
PFL,2/22/2015,267.0,267.0,267.0,267.0,0.0,216.0,443.0,335.0
PFL,3/19/2015,267.0,272.0,272.0,272.0,1.87,50.0,443.0,335.0
PFL,3/31/2015,272.0,277.0,277.0,277.0,1.84,4630.0,443.0,335.0
PFL,4/2/2015,277.0,282.0,282.0,282.0,1.81,50.0,443.0,335.0
PFL,4/5/2015,282.0,292.0,287.0,289.0,2.48,412.0,443.0,335.0
PFL,4/8/2015,289.0,289.0,289.0,289.0,0.0,15.0,443.0,335.0
PFL,4/9/2015,289.0,290.0,290.0,290.0,0.35,216.0,443.0,335.0
PFL,4/12/2015,290.0,285.0,285.0,285.0,-1.72,1552.0,443.0,335.0
PFL,4/16/2015,285.0,295.0,290.0,295.0,3.51,1282.0,443.0,335.0
PFL,5/26/2015,295.0,295.0,290.0,295.0,0.0,260.0,443.0,335.0
PFL,5/27/2015,295.0,300.0,294.0,294.0,-0.34,436.0,443.0,335.0
PFL,6/2/2015,294.0,299.0,299.0,299.0,1.7,216.0,443.0,335.0
PFL,6/3/2015,299.0,310.0,304.0,310.0,3.68,1010.0,443.0,335.0
PFL,6/4/2015,310.0,316.0,310.0,313.0,0.97,4994.0,443.0,335.0
PFL,6/7/2015,313.0,311.0,310.0,311.0,-0.64,130.0,443.0,335.0
PFL,6/8/2015,311.0,315.0,315.0,315.0,1.29,60.0,443.0,335.0
PFL,6/9/2015,315.0,337.0,321.0,330.0,4.76,2171.0,443.0,335.0
PFL,6/10/2015,330.0,335.0,335.0,335.0,1.52,37.0,443.0,335.0
PFL,6/14/2015,335.0,330.0,312.0,312.0,-6.87,2770.0,443.0,335.0
PFL,6/15/2015,312.0,307.0,296.0,296.0,-5.13,2072.0,443.0,335.0
PFL,6/16/2015,296.0,296.0,291.0,296.0,0.0,935.0,443.0,335.0
PFL,6/17/2015,296.0,292.0,291.0,292.0,-1.35,1935.0,443.0,335.0
PFL,6/22/2015,292.0,302.0,297.0,302.0,3.42,500.0,443.0,335.0
PFL,6/24/2015,302.0,302.0,297.0,302.0,0.0,55.0,443.0,335.0
PFL,7/5/2015,302.0,300.0,300.0,300.0,-0.66,220.0,443.0,335.0
PFL,7/6/2015,300.0,306.0,306.0,306.0,2.0,180.0,443.0,335.0
PFL,7/7/2015,306.0,300.0,300.0,300.0,-1.96,232.0,443.0,335.0
PFL,7/8/2015,300.0,300.0,300.0,300.0,0.0,643.0,443.0,335.0
PFL,7/9/2015,300.0,306.0,300.0,300.0,0.0,144.0,443.0,335.0
PFL,7/13/2015,300.0,301.0,301.0,301.0,0.33,10.0,443.0,335.0
PFL,7/15/2015,301.0,331.0,307.0,331.0,9.97,7671.0,443.0,335.0
PFL,7/16/2015,331.0,340.0,337.0,338.0,2.11,2492.0,443.0,335.0
PFL,7/22/2015,338.0,344.0,340.0,344.0,1.78,2991.0,443.0,335.0
PFL,7/23/2015,344.0,357.0,350.0,357.0,3.78,1132.0,443.0,335.0
PFL,7/26/2015,357.0,364.0,364.0,364.0,1.96,25.0,443.0,335.0
PFL,7/27/2015,364.0,378.0,370.0,374.0,2.75,7225.0,443.0,335.0
PFL,7/28/2015,374.0,370.0,356.0,356.0,-4.81,1495.0,443.0,335.0
PFL,7/29/2015,356.0,355.0,348.0,354.0,-0.56,1282.0,443.0,335.0
PFL,7/30/2015,354.0,370.0,361.0,370.0,4.52,1466.0,443.0,335.0
PFL,8/3/2015,370.0,363.0,363.0,363.0,-1.89,673.0,443.0,335.0
PFL,8/4/2015,363.0,357.0,355.0,357.0,-1.65,845.0,443.0,335.0
PFL,8/5/2015,357.0,364.0,364.0,364.0,1.96,315.0,443.0,335.0
PFL,8/6/2015,364.0,367.0,360.0,367.0,0.82,1570.0,443.0,335.0
PFL,8/10/2015,367.0,370.0,365.0,370.0,0.82,1585.0,443.0,335.0
PFL,8/11/2015,370.0,391.0,363.0,364.0,-1.62,6466.0,443.0,335.0
PFL,8/12/2015,364.0,366.0,364.0,366.0,0.55,2875.0,443.0,335.0
PFL,8/13/2015,366.0,368.0,366.0,366.0,0.0,2047.0,443.0,335.0
PFL,8/16/2015,366.0,366.0,360.0,360.0,-1.64,320.0,443.0,335.0
PFL,8/17/2015,360.0,367.0,367.0,367.0,1.94,500.0,443.0,335.0
PFL,8/18/2015,367.0,370.0,360.0,364.0,-0.82,1331.0,443.0,335.0
PFL,8/19/2015,364.0,400.0,367.0,392.0,7.69,15933.0,443.0,335.0
PFL,8/20/2015,392.0,418.0,399.0,406.0,3.57,6456.0,443.0,335.0
PFL,8/23/2015,406.0,414.0,406.0,407.0,0.25,1148.0,443.0,335.0
PFL,8/24/2015,407.0,415.0,400.0,400.0,-1.72,740.0,443.0,335.0
PFL,8/25/2015,400.0,405.0,400.0,400.0,0.0,1592.0,443.0,335.0
PFL,8/26/2015,400.0,408.0,400.0,400.0,0.0,1986.0,443.0,335.0
PFL,8/27/2015,400.0,401.0,398.0,401.0,0.25,1448.0,443.0,335.0
PFL,8/31/2015,401.0,409.0,400.0,402.0,0.25,18652.0,443.0,335.0
PFL,9/1/2015,402.0,405.0,400.0,405.0,0.75,3656.0,443.0,335.0
PFL,9/2/2015,405.0,413.0,406.0,408.0,0.74,1710.0,443.0,335.0
PFL,9/3/2015,408.0,412.0,404.0,404.0,-0.98,3675.0,443.0,335.0
PFL,9/6/2015,404.0,406.0,402.0,402.0,-0.5,1412.0,443.0,335.0
PFL,9/7/2015,402.0,421.0,405.0,420.0,4.48,10927.0,443.0,335.0
PFL,9/8/2015,420.0,448.0,425.0,438.0,4.29,16315.0,443.0,335.0
PFL,9/9/2015,438.0,442.0,435.0,442.0,0.91,15320.0,443.0,335.0
PFL,9/10/2015,442.0,442.0,431.0,438.0,-0.9,1286.0,443.0,335.0
PFL,9/13/2015,438.0,437.0,430.0,437.0,-0.23,1200.0,443.0,335.0
PFL,9/14/2015,437.0,445.0,430.0,430.0,-1.6,8422.0,443.0,335.0
PFL,9/15/2015,430.0,434.0,426.0,431.0,0.23,1710.0,443.0,335.0
PFL,9/16/2015,431.0,440.0,436.0,437.0,1.39,4722.0,443.0,335.0
PFL,9/17/2015,437.0,446.0,439.0,442.0,1.14,5234.0,443.0,335.0
PFL,9/22/2015,442.0,434.0,427.0,428.0,-3.17,3539.0,443.0,335.0
PFL,9/23/2015,428.0,443.0,430.0,430.0,0.47,4713.0,443.0,335.0
PFL,9/24/2015,430.0,432.0,425.0,427.0,-0.7,1686.0,443.0,335.0
PFL,9/28/2015,427.0,419.0,419.0,419.0,-1.87,500.0,443.0,335.0
PFL,9/30/2015,419.0,421.0,415.0,415.0,-0.95,2100.0,443.0,335.0
PFL,10/1/2015,415.0,428.0,415.0,428.0,3.13,69212.0,443.0,335.0
PFL,10/4/2015,428.0,444.0,425.0,433.0,1.17,7880.0,443.0,335.0
PFL,10/5/2015,433.0,430.0,424.0,424.0,-2.08,1968.0,443.0,335.0
PFL,10/6/2015,424.0,428.0,408.0,408.0,-3.77,16739.0,443.0,335.0
PFL,10/7/2015,408.0,448.0,416.0,445.0,9.07,41186.0,443.0,335.0
PFL,10/8/2015,445.0,452.0,435.0,435.0,-2.25,22885.0,443.0,335.0
PFL,10/11/2015,435.0,440.0,433.0,434.0,-0.23,9972.0,443.0,335.0
PFL,10/14/2015,434.0,437.0,426.0,426.0,-1.84,6500.0,443.0,335.0
PFL,10/15/2015,426.0,438.0,419.0,428.0,0.47,6720.0,443.0,335.0
PFL,10/18/2015,428.0,430.0,412.0,420.0,-1.87,18666.0,443.0,335.0
PFL,10/19/2015,420.0,429.0,407.0,416.0,-0.95,30125.0,443.0,335.0
PFL,10/27/2015,280.0,275.0,275.0,275.0,-33.89,40.0,443.0,335.0
PFL,11/22/2015,275.0,280.0,275.0,275.0,0.0,1024.0,443.0,335.0
PFL,11/26/2015,275.0,270.0,270.0,270.0,-1.82,100.0,443.0,335.0
PFL,11/29/2015,270.0,270.0,270.0,270.0,0.0,162.0,443.0,335.0
PFL,12/14/2015,270.0,270.0,270.0,270.0,0.0,60.0,443.0,335.0
PFL,12/16/2015,270.0,280.0,275.0,280.0,3.7,120.0,443.0,335.0
PFL,12/22/2015,280.0,285.0,280.0,280.0,0.0,402.0,443.0,335.0
PFL,12/23/2015,280.0,280.0,280.0,280.0,0.0,200.0,443.0,335.0
PFL,12/31/2015,280.0,285.0,280.0,282.0,0.71,940.0,443.0,335.0
PFL,1/3/2016,282.0,292.0,287.0,289.0,2.48,570.0,443.0,335.0
PFL,1/4/2016,289.0,292.0,285.0,290.0,0.35,1616.0,443.0,335.0
PFL,1/5/2016,290.0,285.0,280.0,280.0,-3.45,900.0,443.0,335.0
PFL,1/6/2016,280.0,275.0,275.0,275.0,-1.79,954.0,443.0,335.0
PFL,1/7/2016,275.0,275.0,275.0,275.0,0.0,200.0,443.0,335.0
PFL,1/12/2016,275.0,275.0,275.0,275.0,0.0,300.0,443.0,335.0
PFL,1/13/2016,275.0,270.0,270.0,270.0,-1.82,500.0,443.0,335.0
PFL,1/14/2016,270.0,274.0,274.0,274.0,1.48,40.0,443.0,335.0
PFL,2/25/2016,274.0,290.0,270.0,290.0,5.84,20040.0,443.0,335.0
PFL,3/1/2016,290.0,319.0,295.0,319.0,10.0,60.0,443.0,335.0
PFL,3/2/2016,319.0,350.0,325.0,350.0,9.72,2991.0,443.0,335.0
PFL,3/3/2016,350.0,382.0,357.0,382.0,9.14,4980.0,443.0,335.0
PFL,3/6/2016,382.0,375.0,344.0,350.0,-8.38,16086.0,443.0,335.0
PFL,3/10/2016,350.0,360.0,332.0,332.0,-5.14,3750.0,443.0,335.0
PFL,3/13/2016,332.0,344.0,326.0,338.0,1.81,2630.0,443.0,335.0
PFL,3/14/2016,338.0,337.0,332.0,332.0,-1.78,1556.0,443.0,335.0
PFL,3/16/2016,332.0,334.0,330.0,334.0,0.6,833.0,443.0,335.0
PFL,3/17/2016,334.0,340.0,334.0,334.0,0.0,300.0,443.0,335.0
PFL,3/20/2016,334.0,330.0,327.0,327.0,-2.1,2696.0,443.0,335.0
PFL,3/21/2016,327.0,333.0,327.0,333.0,1.83,1052.0,443.0,335.0
PFL,3/23/2016,333.0,330.0,330.0,330.0,-0.9,200.0,443.0,335.0
PFL,3/24/2016,330.0,330.0,330.0,330.0,0.0,200.0,443.0,335.0
PFL,3/27/2016,330.0,336.0,336.0,336.0,1.82,1000.0,443.0,335.0
PFL,3/28/2016,336.0,335.0,335.0,335.0,-0.3,100.0,443.0,335.0
PFL,4/4/2016,335.0,329.0,329.0,329.0,-1.79,100.0,443.0,335.0
PFL,4/5/2016,329.0,335.0,325.0,325.0,-1.22,1087.0,443.0,335.0
PFL,4/6/2016,325.0,326.0,320.0,320.0,-1.54,1867.0,443.0,335.0
PFL,4/10/2016,320.0,318.0,318.0,318.0,-0.62,300.0,443.0,335.0
PFL,4/11/2016,318.0,318.0,314.0,314.0,-1.26,1350.0,443.0,335.0
PFL,4/12/2016,314.0,312.0,311.0,311.0,-0.96,220.0,443.0,335.0
PFL,4/14/2016,311.0,311.0,305.0,308.0,-0.96,2200.0,443.0,335.0
PFL,4/17/2016,308.0,324.0,314.0,324.0,5.19,2100.0,443.0,335.0
PFL,4/18/2016,324.0,330.0,320.0,321.0,-0.93,4300.0,443.0,335.0
PFL,4/19/2016,321.0,328.0,322.0,328.0,2.18,1640.0,443.0,335.0
PFL,4/20/2016,328.0,335.0,328.0,330.0,0.61,630.0,443.0,335.0
PFL,4/21/2016,330.0,325.0,324.0,324.0,-1.82,400.0,443.0,335.0
PFL,4/24/2016,324.0,330.0,325.0,330.0,1.85,1060.0,443.0,335.0
PFL,4/25/2016,330.0,324.0,312.0,312.0,-5.45,1700.0,443.0,335.0
PFL,4/26/2016,312.0,326.0,316.0,322.0,3.21,8144.0,443.0,335.0
PFL,4/27/2016,322.0,320.0,308.0,310.0,-3.73,2070.0,443.0,335.0
PFL,4/28/2016,310.0,322.0,310.0,312.0,0.65,8950.0,443.0,335.0
PFL,5/2/2016,312.0,312.0,310.0,311.0,-0.32,1250.0,443.0,335.0
PFL,5/3/2016,311.0,308.0,305.0,305.0,-1.93,5644.0,443.0,335.0
PFL,5/4/2016,305.0,310.0,304.0,310.0,1.64,1700.0,443.0,335.0
PFL,5/5/2016,310.0,312.0,310.0,312.0,0.65,572.0,443.0,335.0
PFL,5/8/2016,312.0,310.0,310.0,310.0,-0.64,1000.0,443.0,335.0
PFL,5/9/2016,310.0,314.0,305.0,314.0,1.29,1849.0,443.0,335.0
PFL,5/10/2016,314.0,308.0,305.0,308.0,-1.91,340.0,443.0,335.0
PFL,5/11/2016,308.0,314.0,308.0,308.0,0.0,336.0,443.0,335.0
PFL,5/12/2016,308.0,311.0,308.0,311.0,0.97,1202.0,443.0,335.0
PFL,5/15/2016,311.0,306.0,305.0,305.0,-1.93,700.0,443.0,335.0
PFL,5/16/2016,305.0,300.0,300.0,300.0,-1.64,1035.0,443.0,335.0
PFL,5/17/2016,300.0,306.0,300.0,306.0,2.0,2530.0,443.0,335.0
PFL,5/19/2016,306.0,310.0,306.0,310.0,1.31,1500.0,443.0,335.0
PFL,5/22/2016,310.0,310.0,302.0,302.0,-2.58,1831.0,443.0,335.0
PFL,5/24/2016,302.0,309.0,302.0,305.0,0.99,4173.0,443.0,335.0
PFL,5/25/2016,305.0,310.0,310.0,310.0,1.64,1600.0,443.0,335.0
PFL,5/26/2016,310.0,304.0,304.0,304.0,-1.94,200.0,443.0,335.0
PFL,5/29/2016,304.0,305.0,300.0,305.0,0.33,2010.0,443.0,335.0
PFL,5/30/2016,305.0,310.0,310.0,310.0,1.64,100.0,443.0,335.0
PFL,5/31/2016,310.0,305.0,298.0,298.0,-3.87,2738.0,443.0,335.0
PFL,6/1/2016,298.0,305.0,300.0,300.0,0.67,2400.0,443.0,335.0
PFL,6/2/2016,300.0,298.0,298.0,298.0,-0.67,1000.0,443.0,335.0
PFL,6/5/2016,298.0,296.0,296.0,296.0,-0.67,100.0,443.0,335.0
PFL,6/6/2016,296.0,306.0,300.0,306.0,3.38,900.0,443.0,335.0
PFL,6/7/2016,306.0,308.0,302.0,305.0,-0.33,1157.0,443.0,335.0
PFL,6/8/2016,305.0,306.0,301.0,306.0,0.33,950.0,443.0,335.0
PFL,6/9/2016,306.0,312.0,312.0,312.0,1.96,20.0,443.0,335.0
PFL,6/12/2016,312.0,315.0,309.0,310.0,-0.64,550.0,443.0,335.0
PFL,6/13/2016,310.0,305.0,304.0,305.0,-1.61,1900.0,443.0,335.0
PFL,6/14/2016,305.0,308.0,305.0,305.0,0.0,1406.0,443.0,335.0
PFL,6/15/2016,305.0,300.0,299.0,300.0,-1.64,590.0,443.0,335.0
PFL,6/16/2016,300.0,306.0,300.0,300.0,0.0,400.0,443.0,335.0
PFL,6/19/2016,300.0,312.0,306.0,307.0,2.33,7575.0,443.0,335.0
PFL,6/20/2016,307.0,310.0,307.0,307.0,0.0,388.0,443.0,335.0
PFL,6/21/2016,307.0,313.0,310.0,310.0,0.98,200.0,443.0,335.0
PFL,6/22/2016,310.0,340.0,315.0,333.0,7.42,2470.0,443.0,335.0
PFL,6/23/2016,333.0,345.0,333.0,333.0,0.0,1450.0,443.0,335.0
PFL,6/26/2016,333.0,340.0,334.0,334.0,0.3,1186.0,443.0,335.0
PFL,6/27/2016,334.0,335.0,328.0,330.0,-1.2,728.0,443.0,335.0
PFL,6/28/2016,330.0,325.0,319.0,325.0,-1.52,920.0,443.0,335.0
PFL,6/29/2016,325.0,329.0,319.0,325.0,0.0,2600.0,443.0,335.0
PFL,6/30/2016,325.0,331.0,320.0,331.0,1.85,5331.0,443.0,335.0
PFL,7/3/2016,331.0,336.0,324.0,336.0,1.51,8773.0,443.0,335.0
PFL,7/4/2016,336.0,336.0,325.0,325.0,-3.27,1118.0,443.0,335.0
PFL,7/5/2016,325.0,330.0,319.0,330.0,1.54,1825.0,443.0,335.0
PFL,7/6/2016,330.0,363.0,335.0,363.0,10.0,27227.0,443.0,335.0
PFL,7/10/2016,363.0,388.0,363.0,367.0,1.1,11723.0,443.0,335.0
PFL,7/11/2016,367.0,374.0,351.0,359.0,-2.18,8189.0,443.0,335.0
PFL,7/12/2016,359.0,360.0,342.0,342.0,-4.74,6680.0,443.0,335.0
PFL,7/13/2016,342.0,364.0,340.0,350.0,2.34,7861.0,443.0,335.0
PFL,7/14/2016,350.0,370.0,353.0,353.0,0.86,9759.0,443.0,335.0
PFL,7/17/2016,353.0,356.0,340.0,356.0,0.85,2389.0,443.0,335.0
PFL,7/18/2016,356.0,350.0,349.0,349.0,-1.97,1084.0,443.0,335.0
PFL,7/19/2016,349.0,383.0,349.0,380.0,8.88,22238.0,443.0,335.0
PFL,7/20/2016,380.0,387.0,369.0,369.0,-2.89,12609.0,443.0,335.0
PFL,7/21/2016,369.0,389.0,368.0,379.0,2.71,13085.0,443.0,335.0
PFL,7/25/2016,379.0,416.0,374.0,416.0,9.76,35813.0,443.0,335.0
PFL,7/26/2016,416.0,457.0,424.0,457.0,9.86,39811.0,443.0,335.0
PFL,7/27/2016,457.0,469.0,412.0,459.0,0.44,65575.0,443.0,335.0
PFL,7/28/2016,459.0,468.0,450.0,452.0,-1.53,41644.0,443.0,335.0
PFL,7/31/2016,452.0,450.0,425.0,433.0,-4.2,10087.0,443.0,335.0
PFL,8/1/2016,433.0,451.0,425.0,435.0,0.46,8626.0,443.0,335.0
PFL,8/2/2016,435.0,446.0,420.0,437.0,0.46,6029.0,443.0,335.0
PFL,8/3/2016,437.0,453.0,420.0,434.0,-0.69,1979.0,443.0,335.0
PFL,8/4/2016,434.0,434.0,405.0,405.0,-6.68,4329.0,443.0,335.0
PFL,8/7/2016,405.0,444.0,407.0,410.0,1.23,7657.0,443.0,335.0
PFL,8/8/2016,410.0,404.0,383.0,383.0,-6.59,7116.0,443.0,335.0
PFL,8/9/2016,383.0,390.0,390.0,390.0,1.83,10.0,443.0,335.0
PFL,8/10/2016,390.0,414.0,397.0,397.0,1.79,10459.0,443.0,335.0
PFL,8/11/2016,397.0,412.0,390.0,410.0,3.27,2792.0,443.0,335.0
PFL,8/14/2016,410.0,405.0,394.0,400.0,-2.44,3097.0,443.0,335.0
PFL,8/15/2016,400.0,408.0,376.0,380.0,-5.0,1692.0,443.0,335.0
PFL,8/16/2016,380.0,394.0,380.0,394.0,3.68,1260.0,443.0,335.0
PFL,8/17/2016,394.0,394.0,387.0,394.0,0.0,839.0,443.0,335.0
PFL,8/21/2016,394.0,400.0,400.0,400.0,1.52,127.0,443.0,335.0
PFL,8/22/2016,400.0,395.0,388.0,388.0,-3.0,120.0,443.0,335.0
PFL,8/23/2016,388.0,395.0,388.0,388.0,0.0,450.0,443.0,335.0
PFL,8/24/2016,388.0,382.0,370.0,371.0,-4.38,2848.0,443.0,335.0
PFL,8/28/2016,371.0,378.0,375.0,375.0,1.08,350.0,443.0,335.0
PFL,8/29/2016,375.0,373.0,361.0,373.0,-0.53,1677.0,443.0,335.0
PFL,8/30/2016,373.0,410.0,380.0,400.0,7.24,7574.0,443.0,335.0
PFL,8/31/2016,400.0,405.0,392.0,392.0,-2.0,2400.0,443.0,335.0
PFL,9/1/2016,392.0,392.0,380.0,382.0,-2.55,4299.0,443.0,335.0
PFL,9/3/2016,382.0,395.0,375.0,395.0,3.4,2772.0,443.0,335.0
PFL,9/4/2016,382.0,395.0,375.0,395.0,0.0,2772.0,443.0,335.0
PFL,9/5/2016,395.0,402.0,391.0,399.0,1.01,2181.0,443.0,335.0
PFL,9/6/2016,399.0,406.0,394.0,395.0,-1.0,5074.0,443.0,335.0
PFL,9/7/2016,395.0,398.0,388.0,398.0,0.76,2350.0,443.0,335.0
PFL,9/8/2016,398.0,393.0,390.0,390.0,-2.01,1670.0,443.0,335.0
PFL,9/11/2016,390.0,400.0,384.0,395.0,1.28,7058.0,443.0,335.0
PFL,9/12/2016,395.0,399.0,392.0,392.0,-0.76,1047.0,443.0,335.0
PFL,9/14/2016,392.0,392.0,385.0,390.0,-0.51,1370.0,443.0,335.0
PFL,9/18/2016,390.0,397.0,380.0,380.0,-2.56,2180.0,443.0,335.0
PFL,9/20/2016,380.0,375.0,360.0,375.0,-1.32,11957.0,443.0,335.0
PFL,9/21/2016,375.0,396.0,382.0,387.0,3.2,2994.0,443.0,335.0
PFL,9/22/2016,387.0,410.0,380.0,410.0,5.94,5013.0,443.0,335.0
PFL,9/25/2016,410.0,418.0,387.0,410.0,0.0,4860.0,443.0,335.0
PFL,9/26/2016,410.0,423.0,388.0,388.0,-5.37,1654.0,443.0,335.0
PFL,9/27/2016,388.0,383.0,383.0,383.0,-1.29,50.0,443.0,335.0
PFL,9/28/2016,383.0,397.0,385.0,385.0,0.52,474.0,443.0,335.0
PFL,9/29/2016,385.0,406.0,392.0,392.0,1.82,527.0,443.0,335.0
PFL,10/2/2016,392.0,395.0,395.0,395.0,0.77,115.0,443.0,335.0
PFL,10/5/2016,348.0,350.0,342.0,342.0,-13.42,1100.0,443.0,335.0
PFL,10/6/2016,342.0,348.0,348.0,348.0,1.75,10.0,443.0,335.0
PFL,10/20/2016,348.0,342.0,342.0,342.0,-1.72,520.0,443.0,335.0
PFL,10/23/2016,342.0,336.0,326.0,327.0,-4.39,5820.0,443.0,335.0
PFL,10/24/2016,327.0,322.0,310.0,310.0,-5.2,1480.0,443.0,335.0
PFL,10/25/2016,310.0,310.0,300.0,302.0,-2.58,858.0,443.0,335.0
PFL,10/26/2016,302.0,299.0,296.0,296.0,-1.99,1565.0,443.0,335.0
PFL,10/27/2016,296.0,300.0,300.0,300.0,1.35,200.0,443.0,335.0
PFL,11/3/2016,300.0,317.0,305.0,317.0,5.67,220.0,443.0,335.0
PFL,11/13/2016,317.0,323.0,323.0,323.0,1.89,710.0,443.0,335.0
PFL,11/23/2016,323.0,317.0,305.0,305.0,-5.57,30.0,443.0,335.0
PFL,11/24/2016,305.0,305.0,294.0,294.0,-3.61,350.0,443.0,335.0
PFL,11/28/2016,294.0,290.0,287.0,290.0,-1.36,1741.0,443.0,335.0
PFL,11/29/2016,290.0,285.0,285.0,285.0,-1.72,210.0,443.0,335.0
PFL,11/30/2016,285.0,306.0,275.0,306.0,7.37,1295.0,443.0,335.0
PFL,12/4/2016,306.0,300.0,298.0,298.0,-2.61,110.0,443.0,335.0
PFL,12/5/2016,298.0,293.0,278.0,278.0,-6.71,600.0,443.0,335.0
PFL,12/6/2016,278.0,273.0,273.0,273.0,-1.8,550.0,443.0,335.0
PFL,12/7/2016,273.0,281.0,251.0,251.0,-8.06,4310.0,443.0,335.0
PFL,12/8/2016,251.0,270.0,250.0,270.0,7.57,282.0,443.0,335.0
PFL,12/11/2016,270.0,265.0,244.0,244.0,-9.63,6150.0,443.0,335.0
PFL,12/12/2016,244.0,257.0,248.0,251.0,2.87,1340.0,443.0,335.0
PFL,12/15/2016,251.0,260.0,250.0,260.0,3.59,958.0,443.0,335.0
PFL,12/18/2016,260.0,270.0,265.0,265.0,1.92,1460.0,443.0,335.0
PFL,12/19/2016,265.0,261.0,245.0,250.0,-5.66,2590.0,443.0,335.0
PFL,12/20/2016,250.0,260.0,250.0,250.0,0.0,3063.0,443.0,335.0
PFL,12/21/2016,250.0,255.0,250.0,250.0,0.0,660.0,443.0,335.0
PFL,12/22/2016,250.0,248.0,245.0,245.0,-2.0,932.0,443.0,335.0
PFL,12/26/2016,245.0,241.0,234.0,234.0,-4.49,440.0,443.0,335.0
PFL,12/27/2016,234.0,242.0,238.0,242.0,3.42,220.0,443.0,335.0
PFL,12/28/2016,242.0,238.0,234.0,238.0,-1.65,943.0,443.0,335.0
PFL,12/29/2016,238.0,242.0,234.0,242.0,1.68,40.0,443.0,335.0
PFL,1/1/2017,242.0,246.0,242.0,242.0,0.0,560.0,443.0,335.0
PFL,1/2/2017,242.0,250.0,242.0,250.0,3.31,433.0,443.0,335.0
PFL,1/3/2017,250.0,245.0,245.0,245.0,-2.0,700.0,443.0,335.0
PFL,1/4/2017,245.0,242.0,237.0,237.0,-3.27,590.0,443.0,335.0
PFL,1/5/2017,237.0,239.0,233.0,238.0,0.42,1811.0,443.0,335.0
PFL,1/8/2017,238.0,235.0,227.0,227.0,-4.62,1000.0,443.0,335.0
PFL,1/9/2017,227.0,227.0,225.0,225.0,-0.88,210.0,443.0,335.0
PFL,1/10/2017,225.0,245.0,229.0,245.0,8.89,1420.0,443.0,335.0
PFL,1/11/2017,245.0,249.0,248.0,249.0,1.63,863.0,443.0,335.0
PFL,1/12/2017,249.0,245.0,233.0,244.0,-2.01,3220.0,443.0,335.0
PFL,1/15/2017,244.0,244.0,244.0,244.0,0.0,200.0,443.0,335.0
PFL,1/16/2017,244.0,240.0,240.0,240.0,-1.64,200.0,443.0,335.0
PFL,1/17/2017,240.0,237.0,236.0,236.0,-1.67,300.0,443.0,335.0
PFL,1/18/2017,236.0,236.0,230.0,231.0,-2.12,1412.0,443.0,335.0
PFL,1/19/2017,231.0,232.0,232.0,232.0,0.43,200.0,443.0,335.0
PFL,1/22/2017,232.0,240.0,236.0,240.0,3.45,210.0,443.0,335.0
PFL,1/23/2017,240.0,244.0,244.0,244.0,1.67,10.0,443.0,335.0
PFL,1/24/2017,244.0,240.0,227.0,227.0,-6.97,1800.0,443.0,335.0
PFL,1/25/2017,227.0,226.0,220.0,221.0,-2.64,934.0,443.0,335.0
PFL,1/26/2017,221.0,225.0,218.0,221.0,0.0,1111.0,443.0,335.0
PFL,1/30/2017,221.0,218.0,214.0,214.0,-3.17,1250.0,443.0,335.0
PFL,1/31/2017,214.0,218.0,218.0,218.0,1.87,170.0,443.0,335.0
PFL,2/1/2017,218.0,230.0,222.0,230.0,5.5,560.0,443.0,335.0
PFL,2/2/2017,230.0,226.0,214.0,216.0,-6.09,3591.0,443.0,335.0
PFL,2/7/2017,216.0,220.0,220.0,220.0,1.85,130.0,443.0,335.0
PFL,2/8/2017,220.0,220.0,216.0,216.0,-1.82,2398.0,443.0,335.0
PFL,2/9/2017,216.0,213.0,212.0,212.0,-1.85,500.0,443.0,335.0
PFL,2/12/2017,212.0,211.0,208.0,208.0,-1.89,150.0,443.0,335.0
PFL,2/13/2017,208.0,204.0,196.0,196.0,-5.77,1400.0,443.0,335.0
PFL,2/14/2017,196.0,196.0,193.0,196.0,0.0,709.0,443.0,335.0
PFL,2/15/2017,196.0,215.0,195.0,215.0,9.69,943.0,443.0,335.0
PFL,2/16/2017,215.0,223.0,219.0,220.0,2.33,900.0,443.0,335.0
PFL,2/21/2017,220.0,216.0,205.0,210.0,-4.55,1435.0,443.0,335.0
PFL,2/22/2017,210.0,214.0,210.0,214.0,1.9,623.0,443.0,335.0
PFL,2/28/2017,214.0,218.0,218.0,218.0,1.87,10.0,443.0,335.0
PFL,3/1/2017,218.0,216.0,214.0,216.0,-0.92,99.0,443.0,335.0
PFL,3/2/2017,216.0,212.0,210.0,210.0,-2.78,280.0,443.0,335.0
PFL,3/5/2017,210.0,228.0,214.0,228.0,8.57,140.0,443.0,335.0
PFL,3/6/2017,228.0,230.0,224.0,224.0,-1.75,2000.0,443.0,335.0
PFL,3/7/2017,224.0,224.0,212.0,218.0,-2.68,2508.0,443.0,335.0
PFL,3/9/2017,218.0,221.0,216.0,217.0,-0.46,720.0,443.0,335.0
PFL,3/13/2017,217.0,225.0,221.0,225.0,3.69,750.0,443.0,335.0
PFL,3/14/2017,225.0,221.0,221.0,221.0,-1.78,202.0,443.0,335.0
PFL,3/15/2017,221.0,224.0,224.0,224.0,1.36,13.0,443.0,335.0
PFL,3/19/2017,224.0,220.0,220.0,220.0,-1.79,477.0,443.0,335.0
PFL,3/20/2017,220.0,231.0,219.0,231.0,5.0,733.0,443.0,335.0
PFL,3/21/2017,231.0,239.0,234.0,239.0,3.46,1487.0,443.0,335.0
PFL,3/22/2017,239.0,243.0,235.0,235.0,-1.67,2653.0,443.0,335.0
PFL,3/23/2017,235.0,231.0,225.0,225.0,-4.26,900.0,443.0,335.0
PFL,3/26/2017,225.0,245.0,227.0,245.0,8.89,924.0,443.0,335.0
PFL,3/28/2017,245.0,269.0,249.0,269.0,9.8,1992.0,443.0,335.0
PFL,3/29/2017,269.0,274.0,264.0,265.0,-1.49,7734.0,443.0,335.0
PFL,3/30/2017,265.0,268.0,260.0,260.0,-1.89,691.0,443.0,335.0
PFL,4/2/2017,260.0,275.0,265.0,275.0,5.77,1405.0,443.0,335.0
PFL,4/3/2017,275.0,285.0,270.0,270.0,-1.82,5600.0,443.0,335.0
PFL,4/4/2017,270.0,280.0,260.0,280.0,3.7,930.0,443.0,335.0
PFL,4/6/2017,280.0,280.0,275.0,275.0,-1.79,300.0,443.0,335.0
PFL,4/10/2017,275.0,270.0,270.0,270.0,-1.82,43.0,443.0,335.0
PFL,4/11/2017,270.0,276.0,270.0,276.0,2.22,4084.0,443.0,335.0
PFL,4/12/2017,276.0,303.0,280.0,282.0,2.17,14430.0,443.0,335.0
PFL,4/13/2017,282.0,290.0,275.0,277.0,-1.77,9877.0,443.0,335.0
PFL,4/16/2017,277.0,283.0,268.0,273.0,-1.44,2113.0,443.0,335.0
PFL,4/19/2017,273.0,290.0,275.0,285.0,4.4,898.0,443.0,335.0
PFL,4/20/2017,285.0,290.0,281.0,281.0,-1.4,1085.0,443.0,335.0
PFL,4/23/2017,281.0,288.0,281.0,281.0,0.0,3393.0,443.0,335.0
PFL,4/24/2017,281.0,281.0,275.0,275.0,-2.14,2601.0,443.0,335.0
PFL,4/25/2017,275.0,270.0,256.0,256.0,-6.91,7950.0,443.0,335.0
PFL,4/26/2017,256.0,272.0,261.0,272.0,6.25,663.0,443.0,335.0
PFL,4/27/2017,272.0,275.0,267.0,275.0,1.1,3319.0,443.0,335.0
PFL,4/30/2017,275.0,270.0,265.0,269.0,-2.18,2085.0,443.0,335.0
PFL,5/3/2017,269.0,266.0,256.0,261.0,-2.97,9016.0,443.0,335.0
PFL,5/4/2017,261.0,262.0,257.0,257.0,-1.53,1500.0,443.0,335.0
PFL,5/7/2017,257.0,257.0,248.0,257.0,0.0,3500.0,443.0,335.0
PFL,5/8/2017,257.0,260.0,260.0,260.0,1.17,500.0,443.0,335.0
PFL,5/9/2017,260.0,265.0,260.0,265.0,1.92,1233.0,443.0,335.0
PFL,5/11/2017,265.0,270.0,265.0,268.0,1.13,3986.0,443.0,335.0
PFL,5/15/2017,268.0,263.0,263.0,263.0,-1.87,300.0,443.0,335.0
PFL,5/16/2017,263.0,263.0,259.0,259.0,-1.52,2216.0,443.0,335.0
PFL,5/17/2017,259.0,265.0,250.0,261.0,0.77,6800.0,443.0,335.0
PFL,5/18/2017,261.0,260.0,256.0,260.0,-0.38,289.0,443.0,335.0
PFL,5/21/2017,260.0,255.0,250.0,251.0,-3.46,1532.0,443.0,335.0
PFL,5/22/2017,251.0,267.0,252.0,260.0,3.59,1399.0,443.0,335.0
PFL,5/23/2017,260.0,275.0,265.0,269.0,3.46,450.0,443.0,335.0
PFL,5/24/2017,269.0,270.0,265.0,265.0,-1.49,213.0,443.0,335.0
PFL,5/28/2017,265.0,270.0,260.0,261.0,-1.51,753.0,443.0,335.0
PFL,5/31/2017,261.0,267.0,251.0,267.0,2.3,1249.0,443.0,335.0
PFL,6/1/2017,267.0,272.0,262.0,265.0,-0.75,778.0,443.0,335.0
PFL,6/5/2017,265.0,269.0,269.0,269.0,1.51,150.0,443.0,335.0
PFL,6/6/2017,269.0,269.0,259.0,269.0,0.0,861.0,443.0,335.0
PFL,6/7/2017,269.0,265.0,259.0,259.0,-3.72,937.0,443.0,335.0
PFL,6/8/2017,259.0,255.0,252.0,252.0,-2.7,766.0,443.0,335.0
PFL,6/11/2017,252.0,248.0,247.0,247.0,-1.98,812.0,443.0,335.0
PFL,6/12/2017,247.0,251.0,251.0,251.0,1.62,50.0,443.0,335.0
PFL,6/13/2017,251.0,252.0,246.0,252.0,0.4,530.0,443.0,335.0
PFL,6/15/2017,252.0,252.0,250.0,250.0,-0.79,2150.0,443.0,335.0
PFL,6/20/2017,250.0,245.0,240.0,240.0,-4.0,1415.0,443.0,335.0
PFL,6/21/2017,240.0,244.0,240.0,244.0,1.67,755.0,443.0,335.0
PFL,6/22/2017,244.0,248.0,234.0,244.0,0.0,2665.0,443.0,335.0
PFL,6/25/2017,244.0,248.0,240.0,244.0,0.0,375.0,443.0,335.0
PFL,6/27/2017,244.0,241.0,236.0,240.0,-1.64,2800.0,443.0,335.0
PFL,7/2/2017,240.0,264.0,244.0,264.0,10.0,15504.0,443.0,335.0
PFL,7/3/2017,264.0,264.0,249.0,249.0,-5.68,2215.0,443.0,335.0
PFL,7/4/2017,249.0,253.0,252.0,252.0,1.2,560.0,443.0,335.0
PFL,7/5/2017,252.0,254.0,245.0,245.0,-2.78,1298.0,443.0,335.0
PFL,7/6/2017,245.0,253.0,248.0,253.0,3.27,1195.0,443.0,335.0
PFL,7/9/2017,253.0,249.0,248.0,248.0,-1.98,400.0,443.0,335.0
PFL,7/10/2017,248.0,250.0,245.0,245.0,-1.21,213.0,443.0,335.0
PFL,7/11/2017,245.0,248.0,241.0,246.0,0.41,5013.0,443.0,335.0
PFL,7/12/2017,246.0,251.0,250.0,251.0,2.03,200.0,443.0,335.0
PFL,7/13/2017,251.0,246.0,239.0,239.0,-4.78,4007.0,443.0,335.0
PFL,7/16/2017,239.0,251.0,239.0,251.0,5.02,916.0,443.0,335.0
PFL,7/17/2017,251.0,255.0,246.0,255.0,1.59,3125.0,443.0,335.0
PFL,7/18/2017,255.0,265.0,260.0,265.0,3.92,150.0,443.0,335.0
PFL,7/19/2017,265.0,269.0,253.0,253.0,-4.53,660.0,443.0,335.0
PFL,7/20/2017,253.0,258.0,248.0,250.0,-1.19,1914.0,443.0,335.0
PFL,7/23/2017,250.0,256.0,255.0,256.0,2.4,1331.0,443.0,335.0
PFL,7/24/2017,256.0,255.0,246.0,255.0,-0.39,8995.0,443.0,335.0
PFL,7/25/2017,255.0,255.0,250.0,255.0,0.0,1310.0,443.0,335.0
PFL,7/26/2017,255.0,250.0,246.0,246.0,-3.53,1581.0,443.0,335.0
PFL,7/27/2017,246.0,255.0,244.0,255.0,3.66,2347.0,443.0,335.0
PFL,7/30/2017,255.0,250.0,245.0,248.0,-2.75,2414.0,443.0,335.0
PFL,7/31/2017,248.0,257.0,250.0,257.0,3.63,3350.0,443.0,335.0
PFL,8/1/2017,257.0,268.0,248.0,263.0,2.33,6597.0,443.0,335.0
PFL,8/2/2017,263.0,267.0,258.0,263.0,0.0,15465.0,443.0,335.0
PFL,8/3/2017,263.0,263.0,253.0,258.0,-1.9,2412.0,443.0,335.0
PFL,8/6/2017,258.0,263.0,253.0,254.0,-1.55,1671.0,443.0,335.0
PFL,8/7/2017,254.0,258.0,246.0,248.0,-2.36,5223.0,443.0,335.0
PFL,8/9/2017,248.0,251.0,247.0,251.0,1.21,2807.0,443.0,335.0
PFL,8/10/2017,251.0,256.0,252.0,252.0,0.4,110.0,443.0,335.0
PFL,8/13/2017,252.0,256.0,248.0,248.0,-1.59,4690.0,443.0,335.0
PFL,8/15/2017,248.0,252.0,248.0,250.0,0.81,1434.0,443.0,335.0
PFL,8/16/2017,250.0,255.0,250.0,250.0,0.0,3030.0,443.0,335.0
PFL,8/17/2017,250.0,260.0,248.0,259.0,3.6,3369.0,443.0,335.0
PFL,8/20/2017,259.0,255.0,253.0,253.0,-2.32,600.0,443.0,335.0
PFL,8/21/2017,253.0,251.0,250.0,251.0,-0.79,267.0,443.0,335.0
PFL,8/22/2017,251.0,250.0,249.0,249.0,-0.8,300.0,443.0,335.0
PFL,8/23/2017,249.0,246.0,246.0,246.0,-1.2,510.0,443.0,335.0
PFL,8/24/2017,246.0,248.0,244.0,248.0,0.81,2173.0,443.0,335.0
PFL,8/28/2017,248.0,245.0,244.0,244.0,-1.61,200.0,443.0,335.0
PFL,8/30/2017,244.0,244.0,238.0,244.0,0.0,607.0,443.0,335.0
PFL,8/31/2017,244.0,240.0,236.0,236.0,-3.28,1777.0,443.0,335.0
PFL,9/4/2017,236.0,234.0,234.0,234.0,-0.85,222.0,443.0,335.0
PFL,9/6/2017,234.0,237.0,236.0,237.0,1.28,1167.0,443.0,335.0
PFL,9/7/2017,237.0,240.0,234.0,240.0,1.27,1460.0,443.0,335.0
PFL,9/11/2017,240.0,236.0,236.0,236.0,-1.67,60.0,443.0,335.0
PFL,9/17/2017,236.0,240.0,232.0,233.0,-1.27,2081.0,443.0,335.0
PFL,9/18/2017,233.0,234.0,233.0,233.0,0.0,543.0,443.0,335.0
PFL,9/20/2017,233.0,237.0,237.0,237.0,1.72,120.0,443.0,335.0
PFL,9/25/2017,237.0,237.0,233.0,237.0,0.0,660.0,443.0,335.0
PFL,9/26/2017,237.0,233.0,230.0,230.0,-2.95,91.0,443.0,335.0
PFL,10/3/2017,230.0,230.0,229.0,230.0,0.0,930.0,443.0,335.0
PFL,10/4/2017,230.0,230.0,230.0,230.0,0.0,717.0,443.0,335.0
PFL,10/8/2017,230.0,226.0,222.0,222.0,-3.48,450.0,443.0,335.0
PFL,10/9/2017,222.0,227.0,222.0,222.0,0.0,420.0,443.0,335.0
PFL,10/10/2017,222.0,226.0,221.0,221.0,-0.45,2077.0,443.0,335.0
PFL,10/11/2017,221.0,224.0,223.0,223.0,0.9,199.0,443.0,335.0
PFL,10/12/2017,223.0,227.0,222.0,226.0,1.35,520.0,443.0,335.0
PFL,10/15/2017,226.0,225.0,224.0,225.0,-0.44,273.0,443.0,335.0
PFL,10/16/2017,225.0,232.0,224.0,232.0,3.11,2464.0,443.0,335.0
PFL,10/17/2017,232.0,237.0,226.0,229.0,-1.29,2512.0,443.0,335.0
PFL,10/18/2017,229.0,233.0,223.0,232.0,1.31,3838.0,443.0,335.0
PFL,10/22/2017,232.0,234.0,230.0,234.0,0.86,1970.0,443.0,335.0
PFL,10/23/2017,234.0,237.0,231.0,237.0,1.28,130.0,443.0,335.0
PFL,10/24/2017,237.0,241.0,233.0,233.0,-1.69,250.0,443.0,335.0
PFL,10/25/2017,233.0,233.0,228.0,228.0,-2.15,768.0,443.0,335.0
PFL,10/29/2017,228.0,228.0,224.0,228.0,0.0,1184.0,443.0,335.0
PFL,10/30/2017,228.0,225.0,222.0,222.0,-2.63,1388.0,443.0,335.0
PFL,10/31/2017,222.0,226.0,218.0,224.0,0.9,1080.0,443.0,335.0
PFL,11/1/2017,224.0,227.0,221.0,223.0,-0.45,2615.0,443.0,335.0
PFL,11/2/2017,223.0,225.0,220.0,224.0,0.45,976.0,443.0,335.0
PFL,11/5/2017,224.0,222.0,221.0,221.0,-1.34,280.0,443.0,335.0
PFL,11/6/2017,221.0,223.0,218.0,218.0,-1.36,1918.0,443.0,335.0
PFL,11/7/2017,218.0,220.0,217.0,219.0,0.46,730.0,443.0,335.0
PFL,11/8/2017,219.0,218.0,215.0,216.0,-1.37,480.0,443.0,335.0
PFL,11/9/2017,216.0,221.0,216.0,217.0,0.46,980.0,443.0,335.0
PFL,11/12/2017,217.0,216.0,212.0,213.0,-1.84,1549.0,443.0,335.0
PFL,11/13/2017,213.0,219.0,217.0,218.0,2.35,1329.0,443.0,335.0
PFL,11/14/2017,218.0,222.0,215.0,220.0,0.92,3566.0,443.0,335.0
PFL,11/15/2017,220.0,223.0,216.0,217.0,-1.36,617.0,443.0,335.0
PFL,11/16/2017,217.0,220.0,215.0,219.0,0.92,1065.0,443.0,335.0
PFL,11/19/2017,219.0,216.0,213.0,215.0,-1.83,230.0,443.0,335.0
PFL,11/20/2017,215.0,217.0,212.0,214.0,-0.47,307.0,443.0,335.0
PFL,11/21/2017,214.0,215.0,211.0,215.0,0.47,379.0,443.0,335.0
PFL,11/22/2017,215.0,220.0,212.0,220.0,2.33,591.0,443.0,335.0
PFL,11/23/2017,220.0,220.0,217.0,217.0,-1.36,170.0,443.0,335.0
PFL,11/26/2017,217.0,217.0,210.0,217.0,0.0,4026.0,443.0,335.0
PFL,11/27/2017,217.0,216.0,209.0,213.0,-1.84,9526.0,443.0,335.0
PFL,11/28/2017,213.0,217.0,213.0,217.0,1.88,223.0,443.0,335.0
PFL,11/29/2017,217.0,225.0,215.0,215.0,-0.92,1400.0,443.0,335.0
PFL,11/30/2017,215.0,217.0,211.0,216.0,0.47,657.0,443.0,335.0
PFL,12/4/2017,216.0,217.0,213.0,214.0,-0.93,270.0,443.0,335.0
PFL,12/5/2017,214.0,217.0,212.0,212.0,-0.93,153.0,443.0,335.0
PFL,12/6/2017,212.0,217.0,210.0,214.0,0.94,4754.0,443.0,335.0
PFL,12/10/2017,214.0,214.0,213.0,213.0,-0.47,120.0,443.0,335.0
PFL,12/11/2017,213.0,214.0,209.0,214.0,0.47,379.0,443.0,335.0
PFL,12/12/2017,214.0,214.0,210.0,210.0,-1.87,890.0,443.0,335.0
PFL,12/13/2017,210.0,214.0,210.0,214.0,1.9,170.0,443.0,335.0
PFL,12/14/2017,214.0,210.0,210.0,210.0,-1.87,280.0,443.0,335.0
PFL,12/17/2017,210.0,210.0,207.0,210.0,0.0,780.0,443.0,335.0
PFL,12/18/2017,210.0,211.0,206.0,210.0,0.0,3851.0,443.0,335.0
PFL,12/19/2017,210.0,208.0,208.0,208.0,-0.95,110.0,443.0,335.0
PFL,12/20/2017,208.0,208.0,206.0,207.0,-0.48,345.0,443.0,335.0
PFL,12/21/2017,207.0,205.0,204.0,205.0,-0.97,1529.0,443.0,335.0
PFL,12/24/2017,205.0,209.0,197.0,200.0,-2.44,7740.0,443.0,335.0
PFL,12/26/2017,200.0,197.0,194.0,195.0,-2.5,3508.0,443.0,335.0
PFL,12/27/2017,195.0,199.0,186.0,193.0,-1.03,3796.0,443.0,335.0
PFL,12/28/2017,193.0,191.0,188.0,188.0,-2.59,2427.0,443.0,335.0
PFL,12/31/2017,177.0,186.0,171.0,186.0,-1.06,180.0,443.0,335.0
PFL,1/1/2018,186.0,186.0,178.0,184.0,-1.08,620.0,443.0,335.0
PFL,1/2/2018,184.0,187.0,181.0,183.0,-0.54,220.0,443.0,335.0
PFL,1/3/2018,183.0,181.0,175.0,177.0,-3.28,375.0,443.0,335.0
PFL,1/4/2018,177.0,182.0,177.0,182.0,2.82,166.0,443.0,335.0
PFL,1/7/2018,182.0,185.0,176.0,179.0,-1.65,980.0,443.0,335.0
PFL,1/8/2018,179.0,181.0,176.0,181.0,1.12,1668.0,443.0,335.0
PFL,1/9/2018,181.0,178.0,175.0,177.0,-2.21,660.0,443.0,335.0
PFL,1/10/2018,177.0,178.0,175.0,175.0,-1.13,935.0,443.0,335.0
PFL,1/14/2018,175.0,177.0,170.0,177.0,1.14,1870.0,443.0,335.0
PFL,1/16/2018,177.0,176.0,169.0,170.0,-3.95,810.0,443.0,335.0
PFL,1/17/2018,170.0,170.0,168.0,170.0,0.0,831.0,443.0,335.0
PFL,1/21/2018,170.0,170.0,167.0,170.0,0.0,3141.0,443.0,335.0
PFL,1/22/2018,170.0,167.0,165.0,165.0,-2.94,675.0,443.0,335.0
PFL,1/23/2018,165.0,166.0,162.0,166.0,0.61,980.0,443.0,335.0
PFL,1/24/2018,166.0,170.0,162.0,164.0,-1.2,1330.0,443.0,335.0
PFL,1/25/2018,164.0,165.0,163.0,165.0,0.61,380.0,443.0,335.0
PFL,1/28/2018,165.0,168.0,162.0,165.0,0.0,652.0,443.0,335.0
PFL,1/29/2018,165.0,164.0,162.0,162.0,-1.82,1090.0,443.0,335.0
PFL,1/31/2018,162.0,165.0,160.0,165.0,1.85,597.0,443.0,335.0
PFL,2/1/2018,165.0,165.0,162.0,162.0,-1.82,660.0,443.0,335.0
PFL,2/4/2018,162.0,166.0,160.0,163.0,0.62,650.0,443.0,335.0
PFL,2/5/2018,163.0,164.0,160.0,164.0,0.61,1920.0,443.0,335.0
PFL,2/6/2018,164.0,165.0,162.0,164.0,0.0,2575.0,443.0,335.0
PFL,2/7/2018,164.0,167.0,166.0,167.0,1.83,1745.0,443.0,335.0
PFL,2/8/2018,167.0,167.0,164.0,165.0,-1.2,1100.0,443.0,335.0
PFL,2/11/2018,165.0,168.0,162.0,165.0,0.0,460.0,443.0,335.0
PFL,2/14/2018,165.0,164.0,161.0,162.0,-1.82,787.0,443.0,335.0
PFL,2/15/2018,162.0,170.0,165.0,165.0,1.85,881.0,443.0,335.0
PFL,2/18/2018,168.0,168.0,162.0,162.0,-1.82,2150.0,443.0,335.0
PFL,2/20/2018,161.0,162.0,160.0,162.0,0.0,1265.0,443.0,335.0
PFL,2/21/2018,161.0,162.0,160.0,160.0,-1.23,320.0,443.0,335.0
PFL,2/22/2018,160.0,165.0,160.0,165.0,3.12,3485.0,443.0,335.0
PFL,2/25/2018,165.0,165.0,162.0,162.0,-1.82,1350.0,443.0,335.0
PFL,2/26/2018,159.0,162.0,159.0,162.0,0.0,627.0,443.0,335.0
PFL,2/27/2018,159.0,163.0,159.0,163.0,0.62,80.0,443.0,335.0
PFL,2/28/2018,163.0,163.0,157.0,157.0,-3.68,885.0,443.0,335.0
PFL,3/4/2018,154.0,154.0,151.0,153.0,-2.55,160.0,443.0,335.0
PFL,3/5/2018,152.0,155.0,152.0,153.0,0.0,530.0,443.0,335.0
PFL,3/6/2018,153.0,157.0,152.0,157.0,2.61,1780.0,443.0,335.0
PFL,3/7/2018,157.0,159.0,157.0,159.0,1.27,550.0,443.0,335.0
PFL,3/11/2018,158.0,158.0,152.0,152.0,-4.4,210.0,443.0,335.0
PFL,3/12/2018,150.0,155.0,149.0,155.0,1.97,866.0,443.0,335.0
PFL,3/13/2018,154.0,155.0,152.0,155.0,0.0,822.0,443.0,335.0
PFL,3/15/2018,158.0,158.0,158.0,158.0,1.94,50.0,443.0,335.0
PFL,3/18/2018,155.0,158.0,154.0,154.0,-2.53,1755.0,443.0,335.0
PFL,3/19/2018,157.0,157.0,155.0,155.0,0.65,290.0,443.0,335.0
PFL,3/20/2018,154.0,154.0,148.0,150.0,-3.23,590.0,443.0,335.0
PFL,3/21/2018,150.0,150.0,147.0,147.0,-2.0,2630.0,443.0,335.0
PFL,3/22/2018,147.0,147.0,145.0,146.0,-0.68,1780.0,443.0,335.0
PFL,3/26/2018,145.0,146.0,139.0,140.0,-4.11,1520.0,443.0,335.0
PFL,3/27/2018,138.0,140.0,134.0,140.0,0.0,1060.0,443.0,335.0
PFL,3/28/2018,138.0,142.0,138.0,140.0,0.0,943.0,443.0,335.0
PFL,3/29/2018,138.0,142.0,138.0,142.0,1.43,295.0,443.0,335.0
PFL,4/1/2018,140.0,140.0,137.0,137.0,-3.52,585.0,443.0,335.0
PFL,4/2/2018,138.0,142.0,138.0,142.0,3.65,810.0,443.0,335.0
PFL,4/3/2018,143.0,145.0,143.0,145.0,2.11,550.0,443.0,335.0
PFL,4/4/2018,145.0,149.0,144.0,149.0,2.76,2240.0,443.0,335.0
PFL,4/5/2018,147.0,150.0,143.0,144.0,-3.36,3970.0,443.0,335.0
PFL,4/8/2018,146.0,153.0,146.0,150.0,4.17,2320.0,443.0,335.0
PFL,4/9/2018,153.0,156.0,153.0,153.0,2.0,1864.0,443.0,335.0
PFL,4/10/2018,150.0,150.0,147.0,149.0,-2.61,1210.0,443.0,335.0
PFL,4/11/2018,149.0,151.0,148.0,150.0,0.67,150.0,443.0,335.0
PFL,4/12/2018,150.0,150.0,145.0,145.0,-3.33,770.0,443.0,335.0
PFL,4/15/2018,144.0,146.0,144.0,145.0,0.0,620.0,443.0,335.0
PFL,4/16/2018,147.0,151.0,147.0,151.0,4.14,185.0,443.0,335.0
PFL,4/17/2018,148.0,160.0,148.0,160.0,5.96,980.0,443.0,335.0
PFL,4/18/2018,163.0,166.0,160.0,163.0,1.88,2300.0,443.0,335.0
PFL,4/19/2018,162.0,169.0,157.0,166.0,1.84,4060.0,443.0,335.0
PFL,4/22/2018,169.0,179.0,169.0,179.0,7.83,4132.0,443.0,335.0
PFL,4/23/2018,182.0,184.0,167.0,171.0,-4.47,4219.0,443.0,335.0
PFL,4/24/2018,168.0,168.0,159.0,165.0,-3.51,1170.0,443.0,335.0
PFL,4/25/2018,162.0,171.0,160.0,171.0,3.64,550.0,443.0,335.0
PFL,4/26/2018,168.0,168.0,159.0,162.0,-5.26,5628.0,443.0,335.0
PFL,4/29/2018,159.0,165.0,156.0,162.0,0.0,2568.0,443.0,335.0
PFL,5/2/2018,159.0,159.0,156.0,158.0,-2.47,1901.0,443.0,335.0
PFL,5/3/2018,161.0,161.0,155.0,160.0,1.27,1870.0,443.0,335.0
PFL,5/6/2018,160.0,163.0,157.0,157.0,-1.88,990.0,443.0,335.0
PFL,5/7/2018,159.0,160.0,155.0,155.0,-1.27,400.0,443.0,335.0
PFL,5/8/2018,156.0,159.0,156.0,159.0,2.58,1078.0,443.0,335.0
PFL,5/9/2018,160.0,161.0,157.0,158.0,-0.63,300.0,443.0,335.0
PFL,5/10/2018,155.0,160.0,155.0,156.0,-1.27,713.0,443.0,335.0
PFL,5/14/2018,153.0,156.0,153.0,154.0,-1.28,144.0,443.0,335.0
PFL,5/15/2018,153.0,153.0,153.0,153.0,-0.65,220.0,443.0,335.0
PFL,5/16/2018,154.0,156.0,154.0,156.0,1.96,1063.0,443.0,335.0
PFL,5/20/2018,159.0,162.0,152.0,153.0,-1.92,2600.0,443.0,335.0
PFL,5/21/2018,151.0,158.0,151.0,156.0,1.96,755.0,443.0,335.0
PFL,5/22/2018,153.0,159.0,153.0,156.0,0.0,460.0,443.0,335.0
PFL,5/23/2018,155.0,160.0,155.0,159.0,1.92,480.0,443.0,335.0
PFL,5/24/2018,159.0,160.0,156.0,156.0,-1.89,825.0,443.0,335.0
PFL,5/27/2018,153.0,154.0,149.0,153.0,-1.92,4859.0,443.0,335.0
PFL,5/28/2018,154.0,156.0,150.0,155.0,1.31,2820.0,443.0,335.0
PFL,5/29/2018,158.0,158.0,155.0,156.0,0.65,634.0,443.0,335.0
PFL,5/30/2018,155.0,158.0,154.0,154.0,-1.28,4611.0,443.0,335.0
PFL,5/31/2018,154.0,155.0,152.0,152.0,-1.3,862.0,443.0,335.0
PFL,6/3/2018,152.0,154.0,150.0,154.0,1.32,2108.0,443.0,335.0
PFL,6/4/2018,152.0,152.0,149.0,149.0,-3.25,3200.0,443.0,335.0
PFL,6/6/2018,151.0,154.0,151.0,154.0,3.36,2040.0,443.0,335.0
PFL,6/7/2018,152.0,153.0,147.0,147.0,-4.55,5807.0,443.0,335.0
PFL,6/10/2018,134.0,135.0,132.0,132.0,-10.2,2255.0,443.0,335.0
PFL,6/11/2018,130.0,136.0,130.0,136.0,3.03,833.0,443.0,335.0
PFL,6/12/2018,134.0,135.0,132.0,133.0,-2.21,4327.0,443.0,335.0
PFL,6/13/2018,132.0,134.0,132.0,134.0,0.75,237.0,443.0,335.0
PFL,6/14/2018,135.0,135.0,135.0,135.0,0.75,100.0,443.0,335.0
PFL,6/17/2018,133.0,136.0,132.0,132.0,-2.22,751.0,443.0,335.0
PFL,6/18/2018,132.0,133.0,131.0,133.0,0.76,164.0,443.0,335.0
PFL,6/19/2018,135.0,137.0,134.0,134.0,0.75,636.0,443.0,335.0
PFL,6/20/2018,136.0,138.0,134.0,134.0,0.0,1393.0,443.0,335.0
PFL,6/21/2018,134.0,134.0,132.0,132.0,-1.49,586.0,443.0,335.0
PFL,6/24/2018,130.0,132.0,130.0,132.0,0.0,1270.0,443.0,335.0
PFL,6/25/2018,131.0,135.0,131.0,132.0,0.0,888.0,443.0,335.0
PFL,6/26/2018,131.0,132.0,131.0,132.0,0.0,2415.0,443.0,335.0
PFL,6/27/2018,131.0,134.0,131.0,133.0,0.76,305.0,443.0,335.0
PFL,6/28/2018,135.0,135.0,133.0,135.0,1.5,821.0,443.0,335.0
PFL,7/1/2018,133.0,133.0,131.0,133.0,-1.48,2848.0,443.0,335.0
PFL,7/2/2018,134.0,135.0,134.0,135.0,1.5,48.0,443.0,335.0
PFL,7/3/2018,133.0,135.0,132.0,135.0,0.0,1276.0,443.0,335.0
PFL,7/4/2018,135.0,135.0,132.0,132.0,-2.22,1755.0,443.0,335.0
PFL,7/5/2018,132.0,137.0,132.0,137.0,3.79,1436.0,443.0,335.0
PFL,7/8/2018,137.0,140.0,135.0,135.0,-1.46,3966.0,443.0,335.0
PFL,7/9/2018,135.0,136.0,133.0,135.0,0.0,738.0,443.0,335.0
PFL,7/10/2018,134.0,135.0,133.0,134.0,-0.74,489.0,443.0,335.0
PFL,7/11/2018,132.0,133.0,132.0,133.0,-0.75,718.0,443.0,335.0
PFL,7/12/2018,133.0,137.0,132.0,135.0,1.5,885.0,443.0,335.0
PFL,7/15/2018,134.0,136.0,134.0,136.0,0.74,1114.0,443.0,335.0
PFL,7/16/2018,134.0,135.0,134.0,135.0,-0.74,160.0,443.0,335.0
PFL,7/18/2018,137.0,137.0,135.0,135.0,0.0,1589.0,443.0,335.0
PFL,7/19/2018,133.0,138.0,133.0,138.0,2.22,2756.0,443.0,335.0
PFL,7/22/2018,136.0,138.0,136.0,138.0,0.0,166.0,443.0,335.0
PFL,7/23/2018,137.0,140.0,136.0,140.0,1.45,3756.0,443.0,335.0
PFL,7/24/2018,140.0,140.0,136.0,139.0,-0.71,3118.0,443.0,335.0
PFL,7/25/2018,141.0,141.0,137.0,137.0,-1.44,2924.0,443.0,335.0
PFL,7/26/2018,137.0,139.0,137.0,137.0,0.0,5396.0,443.0,335.0
PFL,7/29/2018,136.0,137.0,136.0,136.0,-0.73,1210.0,443.0,335.0
PFL,7/30/2018,136.0,137.0,135.0,135.0,-0.74,206.0,443.0,335.0
PFL,7/31/2018,134.0,139.0,134.0,139.0,2.96,1118.0,443.0,335.0
PFL,8/1/2018,141.0,141.0,137.0,137.0,-1.44,2625.0,443.0,335.0
PFL,8/2/2018,135.0,139.0,135.0,139.0,1.46,2040.0,443.0,335.0
PFL,8/5/2018,137.0,139.0,136.0,137.0,-1.44,933.0,443.0,335.0
PFL,8/6/2018,139.0,139.0,137.0,137.0,0.0,422.0,443.0,335.0
PFL,8/7/2018,135.0,138.0,135.0,135.0,-1.46,376.0,443.0,335.0
PFL,8/8/2018,136.0,142.0,136.0,138.0,2.22,3192.0,443.0,335.0
PFL,8/9/2018,140.0,140.0,139.0,139.0,0.72,72.0,443.0,335.0
PFL,8/12/2018,137.0,138.0,137.0,138.0,-0.72,2388.0,443.0,335.0
PFL,8/13/2018,139.0,139.0,137.0,138.0,0.0,522.0,443.0,335.0
PFL,8/14/2018,140.0,146.0,140.0,146.0,5.8,4208.0,443.0,335.0
PFL,8/15/2018,148.0,156.0,145.0,145.0,-0.68,2525.0,443.0,335.0
PFL,8/16/2018,147.0,150.0,146.0,146.0,0.69,2112.0,443.0,335.0
PFL,8/19/2018,148.0,148.0,144.0,144.0,-1.37,1677.0,443.0,335.0
PFL,8/20/2018,142.0,146.0,142.0,144.0,0.0,950.0,443.0,335.0
PFL,8/21/2018,143.0,146.0,143.0,145.0,0.69,936.0,443.0,335.0
PFL,8/22/2018,143.0,146.0,143.0,146.0,0.69,288.0,443.0,335.0
PFL,8/23/2018,146.0,146.0,144.0,145.0,-0.68,146.0,443.0,335.0
PFL,8/26/2018,144.0,145.0,144.0,144.0,-0.69,236.0,443.0,335.0
PFL,8/28/2018,142.0,142.0,142.0,142.0,-1.39,168.0,443.0,335.0
PFL,8/29/2018,140.0,144.0,140.0,144.0,1.41,97.0,443.0,335.0
PFL,8/30/2018,144.0,144.0,142.0,142.0,-1.39,70.0,443.0,335.0
PFL,9/2/2018,140.0,144.0,140.0,144.0,1.41,115.0,443.0,335.0
PFL,9/3/2018,144.0,148.0,144.0,146.0,1.39,924.0,443.0,335.0
PFL,9/4/2018,144.0,148.0,144.0,148.0,1.37,147.0,443.0,335.0
PFL,9/5/2018,150.0,150.0,147.0,149.0,0.68,308.0,443.0,335.0
PFL,9/6/2018,148.0,149.0,147.0,147.0,-1.34,665.0,443.0,335.0
PFL,9/9/2018,149.0,149.0,147.0,147.0,0.0,530.0,443.0,335.0
PFL,9/10/2018,147.0,150.0,147.0,148.0,0.68,2492.0,443.0,335.0
PFL,9/11/2018,147.0,148.0,147.0,148.0,0.0,2322.0,443.0,335.0
PFL,9/12/2018,147.0,151.0,147.0,151.0,2.03,1558.0,443.0,335.0
PFL,9/13/2018,152.0,154.0,147.0,149.0,-1.32,2796.0,443.0,335.0
PFL,9/16/2018,147.0,151.0,147.0,149.0,0.0,14154.0,443.0,335.0
PFL,9/17/2018,150.0,150.0,148.0,148.0,-0.67,4327.0,443.0,335.0
PFL,9/18/2018,146.0,150.0,146.0,150.0,1.35,4730.0,443.0,335.0
PFL,9/20/2018,148.0,150.0,148.0,150.0,0.0,1559.0,443.0,335.0
PFL,9/23/2018,150.0,153.0,150.0,151.0,0.67,1861.0,443.0,335.0
PFL,9/25/2018,150.0,154.0,148.0,153.0,1.32,3037.0,443.0,335.0
PFL,9/26/2018,152.0,153.0,150.0,153.0,0.0,1373.0,443.0,335.0
PFL,9/27/2018,150.0,155.0,150.0,153.0,0.0,2232.0,443.0,335.0
PFL,9/30/2018,150.0,152.0,149.0,151.0,-1.31,296.0,443.0,335.0
PFL,10/1/2018,148.0,153.0,148.0,152.0,0.66,1091.0,443.0,335.0
PFL,10/2/2018,152.0,153.0,151.0,153.0,0.66,1023.0,443.0,335.0
PFL,10/3/2018,150.0,151.0,150.0,150.0,-1.96,3742.0,443.0,335.0
PFL,10/4/2018,147.0,147.0,145.0,147.0,-2.0,396.0,443.0,335.0
PFL,10/7/2018,148.0,149.0,145.0,146.0,-0.68,3202.0,443.0,335.0
PFL,10/8/2018,147.0,149.0,147.0,147.0,0.68,351.0,443.0,335.0
PFL,10/9/2018,146.0,153.0,146.0,153.0,4.08,816.0,443.0,335.0
PFL,10/10/2018,150.0,152.0,150.0,151.0,-1.31,303.0,443.0,335.0
PFL,10/11/2018,150.0,150.0,148.0,150.0,-0.66,151.0,443.0,335.0
PFL,10/14/2018,150.0,150.0,150.0,150.0,0.0,58.0,443.0,335.0
PFL,10/15/2018,153.0,159.0,153.0,154.0,2.67,4677.0,443.0,335.0
PFL,10/21/2018,154.0,157.0,154.0,157.0,1.95,1098.0,443.0,335.0
PFL,10/22/2018,157.0,160.0,157.0,160.0,1.91,2278.0,443.0,335.0
PFL,10/23/2018,163.0,163.0,157.0,160.0,0.0,2264.0,443.0,335.0
PFL,10/24/2018,157.0,159.0,157.0,159.0,-0.62,1021.0,443.0,335.0
PFL,10/25/2018,161.0,161.0,156.0,158.0,-0.63,5533.0,443.0,335.0
PFL,10/28/2018,160.0,160.0,154.0,157.0,-0.63,10859.0,443.0,335.0
PFL,10/29/2018,147.0,147.0,140.0,140.0,-10.83,974.0,443.0,335.0
PFL,10/30/2018,140.0,142.0,139.0,139.0,-0.71,737.0,443.0,335.0
PFL,10/31/2018,139.0,139.0,136.0,139.0,0.0,1824.0,443.0,335.0
PFL,11/1/2018,137.0,139.0,137.0,139.0,0.0,128.0,443.0,335.0
PFL,11/4/2018,137.0,138.0,137.0,138.0,-0.72,680.0,443.0,335.0
PFL,11/5/2018,136.0,139.0,136.0,139.0,0.72,743.0,443.0,335.0
PFL,11/11/2018,139.0,139.0,139.0,139.0,0.0,31.0,443.0,335.0
PFL,11/13/2018,139.0,141.0,139.0,140.0,0.72,499.0,443.0,335.0
PFL,11/14/2018,141.0,141.0,140.0,140.0,0.0,497.0,443.0,335.0
PFL,11/15/2018,138.0,141.0,138.0,138.0,-1.43,391.0,443.0,335.0
PFL,11/18/2018,136.0,139.0,136.0,136.0,-1.45,435.0,443.0,335.0
PFL,11/19/2018,136.0,136.0,135.0,135.0,-0.74,594.0,443.0,335.0
PFL,11/20/2018,133.0,135.0,132.0,132.0,-2.22,1838.0,443.0,335.0
PFL,11/21/2018,134.0,134.0,133.0,134.0,1.52,204.0,443.0,335.0
PFL,11/22/2018,133.0,136.0,132.0,133.0,-0.75,3230.0,443.0,335.0
PFL,11/25/2018,134.0,135.0,133.0,133.0,0.0,1020.0,443.0,335.0
PFL,11/26/2018,132.0,135.0,132.0,134.0,0.75,882.0,443.0,335.0
PFL,11/27/2018,134.0,134.0,133.0,133.0,-0.75,1220.0,443.0,335.0
PFL,11/28/2018,132.0,135.0,132.0,132.0,-0.75,1095.0,443.0,335.0
PFL,11/29/2018,132.0,134.0,132.0,133.0,0.76,1153.0,443.0,335.0
PFL,12/2/2018,132.0,133.0,132.0,132.0,-0.75,844.0,443.0,335.0
PFL,12/3/2018,133.0,133.0,130.0,131.0,-0.76,34171.0,443.0,335.0
PFL,12/4/2018,130.0,132.0,130.0,132.0,0.76,111.0,443.0,335.0
PFL,12/5/2018,132.0,136.0,128.0,128.0,-3.03,1572.0,443.0,335.0
PFL,12/6/2018,128.0,134.0,128.0,133.0,3.91,2588.0,443.0,335.0
PFL,12/9/2018,131.0,133.0,131.0,132.0,-0.75,278.0,443.0,335.0
PFL,12/10/2018,131.0,135.0,131.0,135.0,2.27,926.0,443.0,335.0
PFL,12/11/2018,135.0,137.0,133.0,133.0,-1.48,3574.0,443.0,335.0
PFL,12/12/2018,133.0,133.0,131.0,132.0,-0.75,493.0,443.0,335.0
PFL,12/13/2018,131.0,136.0,131.0,134.0,1.52,323.0,443.0,335.0
PFL,12/16/2018,134.0,137.0,133.0,137.0,2.24,802.0,443.0,335.0
PFL,12/17/2018,135.0,135.0,134.0,134.0,-2.19,74.0,443.0,335.0
PFL,12/18/2018,135.0,135.0,132.0,135.0,0.75,2206.0,443.0,335.0
PFL,12/19/2018,134.0,135.0,132.0,133.0,-1.48,375.0,443.0,335.0
PFL,12/20/2018,133.0,135.0,133.0,134.0,0.75,324.0,443.0,335.0
PFL,12/23/2018,136.0,138.0,136.0,138.0,2.99,2635.0,443.0,335.0
PFL,12/24/2018,140.0,140.0,134.0,135.0,-2.17,556.0,443.0,335.0
PFL,12/25/2018,134.0,137.0,134.0,136.0,0.74,1469.0,443.0,335.0
PFL,12/26/2018,138.0,143.0,138.0,140.0,2.94,3888.0,443.0,335.0
PFL,12/27/2018,138.0,140.0,138.0,138.0,-1.43,624.0,443.0,335.0
PFL,12/30/2018,137.0,137.0,136.0,136.0,-1.45,650.0,443.0,335.0
PFL,12/31/2018,135.0,137.0,135.0,136.0,0.0,523.0,443.0,335.0
PFL,1/1/2019,138.0,139.0,138.0,139.0,2.21,130.0,443.0,335.0
PFL,1/2/2019,137.0,137.0,135.0,136.0,-2.16,151.0,443.0,335.0
PFL,1/3/2019,135.0,137.0,135.0,137.0,0.74,444.0,443.0,335.0
PFL,1/6/2019,135.0,137.0,135.0,136.0,-0.73,853.0,443.0,335.0
PFL,1/7/2019,135.0,135.0,133.0,133.0,-2.21,1450.0,443.0,335.0
PFL,1/8/2019,135.0,137.0,134.0,135.0,1.5,1117.0,443.0,335.0
PFL,1/9/2019,135.0,135.0,134.0,134.0,-0.74,1881.0,443.0,335.0
PFL,1/10/2019,134.0,135.0,134.0,135.0,0.75,1841.0,443.0,335.0
PFL,1/13/2019,135.0,136.0,135.0,136.0,0.74,140.0,443.0,335.0
PFL,1/14/2019,138.0,138.0,138.0,138.0,1.47,267.0,443.0,335.0
PFL,1/15/2019,140.0,140.0,135.0,136.0,-1.45,2579.0,443.0,335.0
PFL,1/16/2019,138.0,138.0,133.0,133.0,-2.21,1838.0,443.0,335.0
PFL,1/17/2019,135.0,137.0,133.0,133.0,0.0,506.0,443.0,335.0
PFL,1/20/2019,134.0,134.0,133.0,133.0,0.0,74.0,443.0,335.0
PFL,1/21/2019,134.0,136.0,134.0,136.0,2.26,107.0,443.0,335.0
PFL,1/22/2019,134.0,136.0,132.0,133.0,-2.21,6974.0,443.0,335.0
PFL,1/23/2019,133.0,133.0,130.0,133.0,0.0,5345.0,443.0,335.0
PFL,1/24/2019,135.0,136.0,133.0,133.0,0.0,618.0,443.0,335.0
PFL,1/27/2019,132.0,133.0,130.0,133.0,0.0,5443.0,443.0,335.0
PFL,1/28/2019,131.0,133.0,131.0,132.0,-0.75,1425.0,443.0,335.0
PFL,1/29/2019,132.0,134.0,132.0,134.0,1.52,359.0,443.0,335.0
PFL,1/30/2019,134.0,135.0,130.0,133.0,-0.75,1136.0,443.0,335.0
PFL,1/31/2019,132.0,133.0,132.0,133.0,0.0,227.0,443.0,335.0
PFL,2/3/2019,131.0,132.0,131.0,132.0,-0.75,126.0,443.0,335.0
PFL,2/4/2019,132.0,132.0,131.0,131.0,-0.76,1370.0,443.0,335.0
PFL,2/5/2019,130.0,132.0,130.0,131.0,0.0,1933.0,443.0,335.0
PFL,2/6/2019,131.0,131.0,129.0,130.0,-0.76,1829.0,443.0,335.0
PFL,2/7/2019,130.0,132.0,129.0,132.0,1.54,2351.0,443.0,335.0
PFL,2/10/2019,130.0,132.0,130.0,132.0,0.0,990.0,443.0,335.0
PFL,2/11/2019,131.0,131.0,129.0,130.0,-1.52,1176.0,443.0,335.0
PFL,2/12/2019,129.0,132.0,129.0,130.0,0.0,379.0,443.0,335.0
PFL,2/13/2019,129.0,130.0,129.0,129.0,-0.77,1758.0,443.0,335.0
PFL,2/14/2019,128.0,130.0,127.0,128.0,-0.78,2087.0,443.0,335.0
PFL,2/17/2019,128.0,130.0,128.0,128.0,0.0,448.0,443.0,335.0
PFL,2/18/2019,127.0,128.0,127.0,128.0,0.0,3233.0,443.0,335.0
PFL,2/19/2019,128.0,129.0,127.0,129.0,0.78,1085.0,443.0,335.0
PFL,2/20/2019,127.0,129.0,126.0,126.0,-2.33,8281.0,443.0,335.0
PFL,2/21/2019,127.0,128.0,126.0,127.0,0.79,1721.0,443.0,335.0
PFL,2/24/2019,126.0,127.0,126.0,127.0,0.0,6392.0,443.0,335.0
PFL,2/25/2019,126.0,128.0,126.0,128.0,0.79,2253.0,443.0,335.0
PFL,2/26/2019,130.0,132.0,128.0,128.0,0.0,197.0,443.0,335.0
PFL,2/27/2019,127.0,128.0,127.0,127.0,-0.78,141.0,443.0,335.0
PFL,3/3/2019,127.0,129.0,127.0,129.0,1.57,195.0,443.0,335.0
PFL,3/5/2019,130.0,130.0,129.0,129.0,0.0,1528.0,443.0,335.0
PFL,3/6/2019,128.0,129.0,127.0,129.0,0.0,328.0,443.0,335.0
PFL,3/7/2019,129.0,132.0,129.0,130.0,0.78,517.0,443.0,335.0
PFL,3/10/2019,129.0,129.0,129.0,129.0,-0.77,39.0,443.0,335.0
PFL,3/11/2019,128.0,131.0,128.0,131.0,1.55,1332.0,443.0,335.0
PFL,3/12/2019,130.0,134.0,130.0,134.0,2.29,7028.0,443.0,335.0
PFL,3/13/2019,132.0,132.0,130.0,131.0,-2.24,1393.0,443.0,335.0
PFL,3/14/2019,130.0,132.0,129.0,132.0,0.76,333.0,443.0,335.0
PFL,3/17/2019,133.0,134.0,128.0,130.0,-1.52,2258.0,443.0,335.0
PFL,3/18/2019,130.0,134.0,130.0,134.0,3.08,1097.0,443.0,335.0
PFL,3/19/2019,134.0,134.0,131.0,131.0,-2.24,652.0,443.0,335.0
PFL,3/21/2019,129.0,130.0,129.0,129.0,-1.53,113.0,443.0,335.0
PFL,3/24/2019,129.0,131.0,127.0,131.0,1.55,470.0,443.0,335.0
PFL,3/25/2019,129.0,132.0,129.0,130.0,-0.76,1535.0,443.0,335.0
PFL,3/26/2019,132.0,134.0,130.0,134.0,3.08,1123.0,443.0,335.0
PFL,3/27/2019,132.0,133.0,130.0,131.0,-2.24,828.0,443.0,335.0
PFL,3/28/2019,130.0,132.0,129.0,129.0,-1.53,4006.0,443.0,335.0
PFL,3/31/2019,131.0,131.0,131.0,131.0,1.55,109.0,443.0,335.0
PFL,4/1/2019,132.0,132.0,128.0,129.0,-1.53,2401.0,443.0,335.0
PFL,4/2/2019,130.0,135.0,130.0,135.0,4.65,3127.0,443.0,335.0
PFL,4/3/2019,133.0,133.0,133.0,133.0,-1.48,20.0,443.0,335.0
PFL,4/4/2019,132.0,133.0,130.0,131.0,-1.5,1103.0,443.0,335.0
PFL,4/7/2019,129.0,131.0,129.0,131.0,0.0,1920.0,443.0,335.0
PFL,4/8/2019,131.0,136.0,131.0,136.0,3.82,1784.0,443.0,335.0
PFL,4/9/2019,134.0,135.0,131.0,135.0,-0.74,1487.0,443.0,335.0
PFL,4/10/2019,133.0,134.0,131.0,134.0,-0.74,274.0,443.0,335.0
PFL,4/11/2019,132.0,133.0,132.0,133.0,-0.75,382.0,443.0,335.0
PFL,4/15/2019,131.0,133.0,130.0,131.0,-1.5,701.0,443.0,335.0
PFL,4/16/2019,130.0,137.0,130.0,137.0,4.58,1842.0,443.0,335.0
PFL,4/17/2019,138.0,138.0,135.0,135.0,-1.46,1748.0,443.0,335.0
PFL,4/18/2019,136.0,136.0,134.0,135.0,0.0,2334.0,443.0,335.0
PFL,4/21/2019,134.0,139.0,134.0,139.0,2.96,1437.0,443.0,335.0
PFL,4/22/2019,137.0,139.0,135.0,135.0,-2.88,1857.0,443.0,335.0
PFL,4/23/2019,134.0,134.0,132.0,134.0,-0.74,612.0,443.0,335.0
PFL,4/24/2019,132.0,137.0,132.0,137.0,2.24,1445.0,443.0,335.0
PFL,4/25/2019,138.0,141.0,138.0,141.0,2.92,3831.0,443.0,335.0
PFL,4/28/2019,140.0,146.0,138.0,140.0,-0.71,6380.0,443.0,335.0
PFL,4/29/2019,139.0,139.0,136.0,136.0,-2.86,1238.0,443.0,335.0
PFL,4/30/2019,135.0,138.0,133.0,138.0,1.47,1447.0,443.0,335.0
PFL,5/2/2019,137.0,137.0,134.0,134.0,-2.9,799.0,443.0,335.0
PFL,5/5/2019,132.0,134.0,132.0,134.0,0.0,1751.0,443.0,335.0
PFL,5/6/2019,134.0,137.0,133.0,137.0,2.24,802.0,443.0,335.0
PFL,5/7/2019,137.0,137.0,134.0,135.0,-1.46,702.0,443.0,335.0
PFL,5/8/2019,134.0,136.0,134.0,135.0,0.0,1355.0,443.0,335.0
PFL,5/9/2019,135.0,135.0,134.0,135.0,0.0,2245.0,443.0,335.0
PFL,5/12/2019,135.0,136.0,133.0,133.0,-1.48,5480.0,443.0,335.0
PFL,5/13/2019,132.0,135.0,132.0,133.0,0.0,865.0,443.0,335.0
PFL,5/14/2019,133.0,142.0,132.0,138.0,3.76,3950.0,443.0,335.0
PFL,5/15/2019,139.0,139.0,134.0,137.0,-0.72,2711.0,443.0,335.0
PFL,5/16/2019,138.0,141.0,135.0,137.0,0.0,552.0,443.0,335.0
PFL,5/19/2019,139.0,141.0,137.0,140.0,2.19,10069.0,443.0,335.0
PFL,5/20/2019,138.0,139.0,135.0,139.0,-0.71,7922.0,443.0,335.0
PFL,5/21/2019,137.0,146.0,136.0,146.0,5.04,5734.0,443.0,335.0
PFL,5/22/2019,144.0,144.0,140.0,142.0,-2.74,2240.0,443.0,335.0
PFL,5/23/2019,144.0,146.0,138.0,140.0,-1.41,2387.0,443.0,335.0
PFL,5/26/2019,138.0,140.0,137.0,140.0,0.0,1440.0,443.0,335.0
PFL,5/27/2019,140.0,140.0,137.0,137.0,-2.14,1817.0,443.0,335.0
PFL,5/28/2019,138.0,138.0,135.0,136.0,-0.73,5191.0,443.0,335.0
PFL,5/29/2019,136.0,143.0,136.0,139.0,2.21,2827.0,443.0,335.0
PFL,5/30/2019,140.0,144.0,137.0,142.0,2.16,7537.0,443.0,335.0
PFL,6/2/2019,140.0,140.0,138.0,138.0,-2.82,477.0,443.0,335.0
PFL,6/3/2019,136.0,139.0,135.0,137.0,-0.72,801.0,443.0,335.0
PFL,6/4/2019,137.0,140.0,137.0,138.0,0.73,1884.0,443.0,335.0
PFL,6/6/2019,136.0,143.0,136.0,141.0,2.17,2708.0,443.0,335.0
PFL,6/10/2019,141.0,143.0,137.0,138.0,-2.13,9451.0,443.0,335.0
PFL,6/11/2019,140.0,141.0,135.0,139.0,0.72,2607.0,443.0,335.0
PFL,6/12/2019,137.0,141.0,137.0,139.0,0.0,951.0,443.0,335.0
PFL,6/13/2019,138.0,139.0,138.0,138.0,-0.72,451.0,443.0,335.0
PFL,6/16/2019,138.0,140.0,137.0,138.0,0.0,3777.0,443.0,335.0
PFL,6/17/2019,140.0,141.0,137.0,139.0,0.72,5153.0,443.0,335.0
PFL,6/18/2019,140.0,140.0,138.0,138.0,-0.72,709.0,443.0,335.0
PFL,6/19/2019,136.0,138.0,136.0,137.0,-0.72,464.0,443.0,335.0
PFL,6/20/2019,139.0,140.0,137.0,137.0,0.0,643.0,443.0,335.0
PFL,6/23/2019,137.0,139.0,136.0,138.0,0.73,1500.0,443.0,335.0
PFL,6/24/2019,137.0,139.0,137.0,139.0,0.72,153.0,443.0,335.0
PFL,6/25/2019,137.0,139.0,137.0,138.0,-0.72,1703.0,443.0,335.0
PFL,6/26/2019,137.0,138.0,137.0,138.0,0.0,1681.0,443.0,335.0
PFL,6/27/2019,137.0,141.0,137.0,139.0,0.72,880.0,443.0,335.0
PFL,6/30/2019,140.0,140.0,138.0,138.0,-0.72,158.0,443.0,335.0
PFL,7/1/2019,139.0,139.0,137.0,137.0,-0.72,24.0,443.0,335.0
PFL,7/2/2019,136.0,141.0,136.0,138.0,0.73,1877.0,443.0,335.0
PFL,7/3/2019,136.0,140.0,136.0,140.0,1.45,3837.0,443.0,335.0
PFL,7/4/2019,138.0,140.0,138.0,139.0,-0.71,738.0,443.0,335.0
PFL,7/7/2019,138.0,139.0,138.0,139.0,0.0,2385.0,443.0,335.0
PFL,7/8/2019,137.0,141.0,137.0,139.0,0.0,1523.0,443.0,335.0
PFL,7/9/2019,137.0,142.0,137.0,142.0,2.16,416.0,443.0,335.0
PFL,7/10/2019,142.0,144.0,140.0,141.0,-0.7,683.0,443.0,335.0
PFL,7/11/2019,140.0,140.0,138.0,140.0,-0.71,2621.0,443.0,335.0
PFL,7/14/2019,138.0,138.0,138.0,138.0,-1.43,194.0,443.0,335.0
PFL,7/15/2019,138.0,138.0,138.0,138.0,0.0,81.0,443.0,335.0
PFL,7/16/2019,137.0,138.0,137.0,138.0,0.0,39.0,443.0,335.0
PFL,7/17/2019,140.0,142.0,140.0,142.0,2.9,1542.0,443.0,335.0
PFL,7/18/2019,142.0,144.0,142.0,142.0,0.0,1202.0,443.0,335.0
PFL,7/21/2019,140.0,142.0,140.0,140.0,-1.41,430.0,443.0,335.0
PFL,7/22/2019,142.0,142.0,142.0,142.0,1.43,858.0,443.0,335.0
PFL,7/23/2019,140.0,142.0,140.0,142.0,0.0,161.0,443.0,335.0
PFL,7/24/2019,140.0,144.0,140.0,143.0,0.7,498.0,443.0,335.0
PFL,7/25/2019,141.0,143.0,140.0,140.0,-2.1,4747.0,443.0,335.0
PFL,7/28/2019,138.0,140.0,136.0,140.0,0.0,317.0,443.0,335.0
PFL,7/29/2019,140.0,141.0,140.0,141.0,0.71,59.0,443.0,335.0
PFL,7/30/2019,141.0,141.0,137.0,137.0,-2.84,5014.0,443.0,335.0
PFL,7/31/2019,138.0,142.0,138.0,142.0,3.65,3069.0,443.0,335.0
PFL,8/1/2019,140.0,140.0,137.0,137.0,-3.52,1493.0,443.0,335.0
PFL,8/4/2019,137.0,140.0,137.0,140.0,2.19,2550.0,443.0,335.0
PFL,8/5/2019,138.0,138.0,137.0,137.0,-2.14,602.0,443.0,335.0
PFL,8/6/2019,136.0,138.0,136.0,138.0,0.73,368.0,443.0,335.0
PFL,8/7/2019,136.0,138.0,136.0,137.0,-0.72,86.0,443.0,335.0
PFL,8/8/2019,137.0,138.0,136.0,137.0,0.0,775.0,443.0,335.0
PFL,8/11/2019,138.0,138.0,136.0,136.0,-0.73,126.0,443.0,335.0
PFL,8/12/2019,136.0,138.0,136.0,137.0,0.74,284.0,443.0,335.0
PFL,8/13/2019,135.0,138.0,133.0,133.0,-2.92,6671.0,443.0,335.0
PFL,8/14/2019,134.0,136.0,133.0,135.0,1.5,11054.0,443.0,335.0
PFL,8/15/2019,133.0,135.0,133.0,135.0,0.0,9725.0,443.0,335.0
PFL,8/18/2019,133.0,135.0,133.0,134.0,-0.74,1432.0,443.0,335.0
PFL,8/19/2019,134.0,134.0,133.0,134.0,0.0,375.0,443.0,335.0
PFL,8/20/2019,132.0,135.0,132.0,135.0,0.75,343.0,443.0,335.0
PFL,8/21/2019,135.0,135.0,133.0,134.0,-0.74,2584.0,443.0,335.0
PFL,8/22/2019,133.0,136.0,133.0,136.0,1.49,518.0,443.0,335.0
PFL,8/25/2019,136.0,136.0,134.0,134.0,-1.47,36.0,443.0,335.0
PFL,8/26/2019,134.0,134.0,132.0,132.0,-1.49,479.0,443.0,335.0
PFL,8/27/2019,131.0,134.0,131.0,133.0,0.76,607.0,443.0,335.0
PFL,8/28/2019,132.0,135.0,132.0,135.0,1.5,215.0,443.0,335.0
PFL,8/29/2019,133.0,135.0,133.0,135.0,0.0,2050.0,443.0,335.0
PFL,9/1/2019,135.0,136.0,132.0,136.0,0.74,1796.0,443.0,335.0
PFL,9/2/2019,136.0,136.0,132.0,133.0,-2.21,3901.0,443.0,335.0
PFL,9/3/2019,131.0,136.0,131.0,136.0,2.26,343.0,443.0,335.0
PFL,9/4/2019,137.0,137.0,134.0,134.0,-1.47,274.0,443.0,335.0
PFL,9/5/2019,133.0,136.0,133.0,134.0,0.0,999.0,443.0,335.0
PFL,9/8/2019,134.0,136.0,133.0,135.0,0.75,517.0,443.0,335.0
PFL,9/9/2019,133.0,135.0,131.0,133.0,-1.48,2047.0,443.0,335.0
PFL,9/10/2019,132.0,135.0,132.0,135.0,1.5,496.0,443.0,335.0
PFL,9/11/2019,136.0,136.0,134.0,134.0,-0.74,1854.0,443.0,335.0
PFL,9/12/2019,133.0,133.0,132.0,133.0,-0.75,1678.0,443.0,335.0
PFL,9/15/2019,132.0,133.0,132.0,132.0,-0.75,1141.0,443.0,335.0
PFL,9/16/2019,130.0,133.0,130.0,131.0,-0.76,3400.0,443.0,335.0
PFL,9/17/2019,130.0,138.0,130.0,133.0,1.53,275.0,443.0,335.0
PFL,9/18/2019,135.0,135.0,131.0,133.0,0.0,1764.0,443.0,335.0
PFL,9/22/2019,133.0,134.0,133.0,133.0,0.0,995.0,443.0,335.0
PFL,9/23/2019,132.0,134.0,132.0,134.0,0.75,228.0,443.0,335.0
PFL,9/24/2019,132.0,132.0,132.0,132.0,-1.49,141.0,443.0,335.0
PFL,9/25/2019,132.0,133.0,131.0,133.0,0.76,390.0,443.0,335.0
PFL,9/26/2019,131.0,133.0,131.0,133.0,0.0,1513.0,443.0,335.0
PFL,9/30/2019,131.0,131.0,131.0,131.0,-1.5,237.0,443.0,335.0
PFL,10/1/2019,131.0,135.0,130.0,135.0,3.05,606.0,443.0,335.0
PFL,10/2/2019,134.0,134.0,133.0,133.0,-1.48,224.0,443.0,335.0
PFL,10/3/2019,134.0,135.0,134.0,135.0,1.5,36.0,443.0,335.0
PFL,10/10/2019,137.0,137.0,137.0,137.0,1.48,110.0,443.0,335.0
PFL,10/14/2019,135.0,135.0,133.0,133.0,-2.92,400.0,443.0,335.0
PFL,10/15/2019,133.0,134.0,133.0,133.0,0.0,1285.0,443.0,335.0
PFL,10/16/2019,132.0,135.0,132.0,134.0,0.75,2876.0,443.0,335.0
PFL,10/17/2019,134.0,135.0,134.0,135.0,0.75,693.0,443.0,335.0
PFL,10/20/2019,133.0,134.0,133.0,134.0,-0.74,235.0,443.0,335.0
PFL,10/21/2019,132.0,134.0,132.0,134.0,0.0,1723.0,443.0,335.0
PFL,10/22/2019,133.0,133.0,133.0,133.0,-0.75,52.0,443.0,335.0
PFL,10/23/2019,135.0,135.0,134.0,134.0,0.75,420.0,443.0,335.0
PFL,10/24/2019,134.0,135.0,134.0,135.0,0.75,1122.0,443.0,335.0
PFL,10/31/2019,137.0,137.0,133.0,133.0,-1.48,735.0,443.0,335.0
PFL,11/3/2019,132.0,133.0,132.0,132.0,-0.75,308.0,443.0,335.0
PFL,11/4/2019,132.0,134.0,130.0,134.0,1.52,1615.0,443.0,335.0
PFL,11/5/2019,136.0,136.0,134.0,134.0,0.0,948.0,443.0,335.0
PFL,11/6/2019,133.0,135.0,133.0,133.0,-0.75,245.0,443.0,335.0
PFL,11/7/2019,133.0,135.0,133.0,133.0,0.0,114.0,443.0,335.0
PFL,11/10/2019,133.0,135.0,133.0,133.0,0.0,583.0,443.0,335.0
PFL,11/11/2019,132.0,133.0,132.0,132.0,-0.75,617.0,443.0,335.0
PFL,11/12/2019,132.0,134.0,132.0,133.0,0.76,275.0,443.0,335.0
PFL,11/13/2019,135.0,136.0,134.0,135.0,1.5,618.0,443.0,335.0
PFL,11/14/2019,134.0,136.0,134.0,135.0,0.0,497.0,443.0,335.0
PFL,11/17/2019,135.0,139.0,135.0,135.0,0.0,744.0,443.0,335.0
PFL,11/18/2019,136.0,136.0,135.0,135.0,0.0,217.0,443.0,335.0
PFL,11/19/2019,135.0,136.0,135.0,135.0,0.0,402.0,443.0,335.0
PFL,11/20/2019,137.0,137.0,135.0,135.0,0.0,791.0,443.0,335.0
PFL,11/21/2019,134.0,135.0,133.0,135.0,0.0,1038.0,443.0,335.0
PFL,11/24/2019,135.0,135.0,135.0,135.0,0.0,511.0,443.0,335.0
PFL,11/25/2019,135.0,135.0,133.0,135.0,0.0,596.0,443.0,335.0
PFL,11/26/2019,135.0,137.0,135.0,137.0,1.48,416.0,443.0,335.0
PFL,11/27/2019,135.0,137.0,135.0,137.0,0.0,336.0,443.0,335.0
PFL,11/28/2019,136.0,137.0,135.0,135.0,-1.46,1009.0,443.0,335.0
PFL,12/1/2019,137.0,145.0,137.0,141.0,4.44,9104.0,443.0,335.0
PFL,12/2/2019,142.0,143.0,139.0,139.0,-1.42,28743.0,443.0,335.0
PFL,12/3/2019,138.0,141.0,138.0,140.0,0.72,496.0,443.0,335.0
PFL,12/4/2019,142.0,142.0,140.0,141.0,0.71,1800.0,443.0,335.0
PFL,12/5/2019,142.0,143.0,141.0,142.0,0.71,1243.0,443.0,335.0
PFL,12/8/2019,140.0,142.0,140.0,142.0,0.0,665.0,443.0,335.0
PFL,12/9/2019,142.0,143.0,141.0,143.0,0.7,2130.0,443.0,335.0
PFL,12/10/2019,142.0,144.0,142.0,143.0,0.0,1662.0,443.0,335.0
PFL,12/11/2019,144.0,144.0,142.0,144.0,0.7,291.0,443.0,335.0
PFL,12/12/2019,146.0,148.0,144.0,146.0,1.39,6073.0,443.0,335.0
PFL,12/15/2019,145.0,148.0,145.0,145.0,-0.68,8306.0,443.0,335.0
PFL,12/16/2019,147.0,149.0,145.0,145.0,0.0,1680.0,443.0,335.0
PFL,12/17/2019,145.0,146.0,145.0,145.0,0.0,1486.0,443.0,335.0
PFL,12/18/2019,147.0,147.0,144.0,144.0,-0.69,1580.0,443.0,335.0
PFL,12/19/2019,146.0,147.0,145.0,147.0,2.08,3707.0,443.0,335.0
PFL,12/22/2019,135.0,135.0,133.0,133.0,-9.52,80.0,443.0,335.0
PFL,12/23/2019,131.0,133.0,130.0,133.0,0.0,1523.0,443.0,335.0
PFL,12/24/2019,131.0,131.0,131.0,131.0,-1.5,48.0,443.0,335.0
PFL,12/25/2019,132.0,133.0,130.0,133.0,1.53,247.0,443.0,335.0
PFL,12/26/2019,132.0,132.0,131.0,131.0,-1.5,664.0,443.0,335.0
PFL,12/29/2019,131.0,133.0,129.0,129.0,-1.53,461.0,443.0,335.0
PFL,12/30/2019,131.0,131.0,129.0,129.0,0.0,1344.0,443.0,335.0
PFL,12/31/2019,129.0,132.0,129.0,130.0,0.78,2668.0,443.0,335.0
PFL,1/1/2020,129.0,133.0,129.0,133.0,2.31,465.0,443.0,335.0
PFL,1/2/2020,131.0,133.0,130.0,133.0,0.0,1559.0,443.0,335.0
PFL,1/5/2020,131.0,135.0,129.0,134.0,0.75,3237.0,443.0,335.0
PFL,1/6/2020,133.0,135.0,132.0,135.0,0.75,3089.0,443.0,335.0
PFL,1/7/2020,134.0,135.0,134.0,134.0,-0.74,2006.0,443.0,335.0
PFL,1/8/2020,134.0,137.0,134.0,137.0,2.24,8076.0,443.0,335.0
PFL,1/9/2020,137.0,141.0,136.0,136.0,-0.73,4062.0,443.0,335.0
PFL,1/12/2020,136.0,143.0,135.0,143.0,5.15,2817.0,443.0,335.0
PFL,1/13/2020,145.0,149.0,141.0,148.0,3.5,8586.0,443.0,335.0
PFL,1/14/2020,150.0,150.0,142.0,146.0,-1.35,6079.0,443.0,335.0
PFL,1/15/2020,147.0,150.0,145.0,146.0,0.0,5292.0,443.0,335.0
PFL,1/16/2020,146.0,160.0,146.0,160.0,9.59,16649.0,443.0,335.0
PFL,1/19/2020,163.0,176.0,163.0,173.0,8.13,25424.0,443.0,335.0
PFL,1/20/2020,170.0,172.0,156.0,156.0,-9.83,13997.0,443.0,335.0
PFL,1/21/2020,156.0,168.0,155.0,156.0,0.0,9765.0,443.0,335.0
PFL,1/22/2020,155.0,163.0,155.0,158.0,1.28,2903.0,443.0,335.0
PFL,1/23/2020,158.0,159.0,156.0,159.0,0.63,859.0,443.0,335.0
PFL,1/26/2020,156.0,157.0,153.0,155.0,-2.52,9403.0,443.0,335.0
PFL,1/27/2020,152.0,161.0,152.0,160.0,3.23,6541.0,443.0,335.0
PFL,1/28/2020,158.0,163.0,156.0,156.0,-2.5,8734.0,443.0,335.0
PFL,1/29/2020,154.0,160.0,153.0,159.0,1.92,17738.0,443.0,335.0
PFL,1/30/2020,160.0,161.0,155.0,161.0,1.26,9388.0,443.0,335.0
PFL,2/2/2020,164.0,167.0,158.0,161.0,0.0,4706.0,443.0,335.0
PFL,2/3/2020,160.0,160.0,157.0,157.0,-2.48,4141.0,443.0,335.0
PFL,2/4/2020,155.0,163.0,155.0,157.0,0.0,3415.0,443.0,335.0
PFL,2/5/2020,156.0,160.0,155.0,160.0,1.91,1593.0,443.0,335.0
PFL,2/6/2020,158.0,160.0,158.0,159.0,-0.62,1990.0,443.0,335.0
PFL,2/9/2020,156.0,160.0,156.0,160.0,0.63,733.0,443.0,335.0
PFL,2/10/2020,157.0,159.0,157.0,157.0,-1.88,157.0,443.0,335.0
PFL,2/11/2020,160.0,163.0,157.0,161.0,2.55,1591.0,443.0,335.0
PFL,2/12/2020,158.0,159.0,157.0,157.0,-2.48,1050.0,443.0,335.0
PFL,2/13/2020,155.0,160.0,155.0,160.0,1.91,1888.0,443.0,335.0
PFL,2/16/2020,157.0,161.0,157.0,157.0,-1.88,782.0,443.0,335.0
PFL,2/17/2020,156.0,161.0,156.0,161.0,2.55,2503.0,443.0,335.0
PFL,2/18/2020,163.0,163.0,158.0,162.0,0.62,3969.0,443.0,335.0
PFL,2/19/2020,159.0,160.0,157.0,159.0,-1.85,2636.0,443.0,335.0
PFL,2/20/2020,158.0,161.0,158.0,161.0,1.26,2151.0,443.0,335.0
PFL,2/23/2020,158.0,174.0,158.0,172.0,6.83,10808.0,443.0,335.0
PFL,2/24/2020,169.0,170.0,164.0,164.0,-4.65,5923.0,443.0,335.0
PFL,2/25/2020,164.0,171.0,164.0,171.0,4.27,6989.0,443.0,335.0
PFL,2/26/2020,169.0,173.0,166.0,169.0,-1.17,9251.0,443.0,335.0
PFL,2/27/2020,167.0,170.0,167.0,170.0,0.59,8885.0,443.0,335.0
PFL,3/1/2020,173.0,178.0,170.0,175.0,2.94,32481.0,443.0,335.0
PFL,3/2/2020,172.0,172.0,166.0,167.0,-4.57,5263.0,443.0,335.0
PFL,3/3/2020,164.0,171.0,164.0,169.0,1.2,7365.0,443.0,335.0
PFL,3/4/2020,166.0,169.0,160.0,160.0,-5.33,11471.0,443.0,335.0
PFL,3/5/2020,161.0,168.0,160.0,164.0,2.5,7390.0,443.0,335.0
PFL,3/10/2020,161.0,161.0,155.0,155.0,-5.49,1716.0,443.0,335.0
PFL,3/11/2020,153.0,166.0,153.0,166.0,7.1,3547.0,443.0,335.0
PFL,3/12/2020,163.0,165.0,157.0,159.0,-4.22,10030.0,443.0,335.0
PFL,3/15/2020,158.0,159.0,152.0,152.0,-4.4,11757.0,443.0,335.0
PFL,3/16/2020,150.0,162.0,150.0,157.0,3.29,6841.0,443.0,335.0
PFL,3/17/2020,155.0,156.0,150.0,150.0,-4.46,6405.0,443.0,335.0
PFL,3/18/2020,149.0,155.0,148.0,151.0,0.67,4086.0,443.0,335.0
PFL,3/19/2020,148.0,152.0,146.0,150.0,-0.66,7428.0,443.0,335.0
PFL,3/22/2020,153.0,153.0,153.0,153.0,2.0,17.0,443.0,335.0
PFL,5/13/2020,150.0,150.0,150.0,150.0,-1.96,10.0,443.0,335.0
PFL,6/29/2020,147.0,147.0,145.0,145.0,-3.33,91.0,443.0,335.0
PFL,6/30/2020,143.0,145.0,143.0,145.0,0.0,69.0,443.0,335.0
PFL,7/2/2020,147.0,147.0,145.0,145.0,0.0,678.0,443.0,335.0
PFL,7/5/2020,144.0,145.0,143.0,143.0,-1.38,2171.0,443.0,335.0
PFL,7/6/2020,144.0,146.0,139.0,146.0,2.1,2731.0,443.0,335.0
PFL,7/7/2020,148.0,160.0,147.0,157.0,7.53,3552.0,443.0,335.0
PFL,7/8/2020,155.0,155.0,146.0,149.0,-5.1,4252.0,443.0,335.0
PFL,7/9/2020,150.0,150.0,146.0,146.0,-2.01,1839.0,443.0,335.0
PFL,7/12/2020,144.0,150.0,142.0,147.0,0.68,4911.0,443.0,335.0
PFL,7/13/2020,146.0,154.0,144.0,145.0,-1.36,1889.0,443.0,335.0
PFL,7/14/2020,143.0,147.0,143.0,145.0,0.0,4816.0,443.0,335.0
PFL,7/15/2020,146.0,147.0,143.0,146.0,0.69,657.0,443.0,335.0
PFL,7/16/2020,144.0,159.0,144.0,159.0,8.9,4786.0,443.0,335.0
PFL,7/20/2020,166.0,166.0,158.0,158.0,-0.63,8369.0,443.0,335.0
PFL,7/21/2020,158.0,168.0,154.0,154.0,-2.53,6218.0,443.0,335.0
PFL,7/22/2020,154.0,154.0,149.0,149.0,-3.25,2065.0,443.0,335.0
PFL,7/23/2020,147.0,153.0,146.0,150.0,0.67,1485.0,443.0,335.0
PFL,7/26/2020,153.0,153.0,148.0,153.0,2.0,2397.0,443.0,335.0
PFL,7/27/2020,150.0,166.0,149.0,159.0,3.92,1810.0,443.0,335.0
PFL,7/28/2020,156.0,159.0,150.0,151.0,-5.03,6656.0,443.0,335.0
PFL,7/29/2020,158.0,158.0,149.0,150.0,-0.66,6810.0,443.0,335.0
PFL,7/30/2020,148.0,153.0,148.0,150.0,0.0,9074.0,443.0,335.0
PFL,8/2/2020,148.0,151.0,146.0,150.0,0.0,4711.0,443.0,335.0
PFL,8/3/2020,147.0,153.0,147.0,150.0,0.0,1919.0,443.0,335.0
PFL,8/5/2020,150.0,151.0,147.0,148.0,-1.33,3899.0,443.0,335.0
PFL,8/6/2020,146.0,147.0,145.0,147.0,-0.68,974.0,443.0,335.0
PFL,8/9/2020,145.0,151.0,145.0,151.0,2.72,933.0,443.0,335.0
PFL,8/10/2020,151.0,154.0,149.0,153.0,1.32,6240.0,443.0,335.0
PFL,8/11/2020,154.0,162.0,147.0,156.0,1.96,2555.0,443.0,335.0
PFL,8/12/2020,153.0,153.0,149.0,150.0,-3.85,1402.0,443.0,335.0
PFL,8/13/2020,147.0,151.0,147.0,149.0,-0.67,1493.0,443.0,335.0
PFL,8/16/2020,147.0,147.0,145.0,147.0,-1.34,2507.0,443.0,335.0
PFL,8/17/2020,145.0,148.0,145.0,147.0,0.0,2268.0,443.0,335.0
PFL,8/18/2020,145.0,151.0,145.0,147.0,0.0,717.0,443.0,335.0
PFL,8/19/2020,145.0,145.0,143.0,144.0,-2.04,2528.0,443.0,335.0
PFL,8/20/2020,143.0,146.0,143.0,144.0,0.0,8362.0,443.0,335.0
PFL,8/23/2020,146.0,149.0,145.0,149.0,3.47,998.0,443.0,335.0
PFL,8/24/2020,147.0,153.0,145.0,153.0,2.68,1387.0,443.0,335.0
PFL,8/25/2020,150.0,150.0,147.0,149.0,-2.61,775.0,443.0,335.0
PFL,8/26/2020,147.0,150.0,145.0,150.0,0.67,1865.0,443.0,335.0
PFL,8/27/2020,147.0,149.0,147.0,149.0,-0.67,1312.0,443.0,335.0
PFL,8/30/2020,147.0,149.0,147.0,148.0,-0.67,497.0,443.0,335.0
PFL,8/31/2020,147.0,150.0,146.0,148.0,0.0,13017.0,443.0,335.0
PFL,9/2/2020,147.0,151.0,147.0,149.0,0.68,5016.0,443.0,335.0
PFL,9/3/2020,147.0,149.0,147.0,149.0,0.0,4937.0,443.0,335.0
PFL,9/6/2020,156.0,156.0,147.0,149.0,0.0,703.0,443.0,335.0
PFL,9/7/2020,148.0,151.0,147.0,151.0,1.34,2846.0,443.0,335.0
PFL,9/8/2020,154.0,154.0,146.0,147.0,-2.65,1915.0,443.0,335.0
PFL,9/9/2020,146.0,151.0,146.0,151.0,2.72,1747.0,443.0,335.0
PFL,9/10/2020,148.0,154.0,147.0,148.0,-1.99,810.0,443.0,335.0
PFL,9/13/2020,146.0,149.0,146.0,147.0,-0.68,2490.0,443.0,335.0
PFL,9/14/2020,147.0,155.0,146.0,150.0,2.04,6727.0,443.0,335.0
PFL,9/15/2020,151.0,151.0,147.0,148.0,-1.33,3248.0,443.0,335.0
PFL,9/16/2020,148.0,150.0,147.0,149.0,0.68,4244.0,443.0,335.0
PFL,9/17/2020,150.0,163.0,150.0,163.0,9.4,44675.0,443.0,335.0
PFL,9/20/2020,166.0,178.0,166.0,168.0,3.07,28245.0,443.0,335.0
PFL,9/21/2020,171.0,171.0,159.0,163.0,-2.98,15131.0,443.0,335.0
PFL,9/22/2020,163.0,166.0,154.0,157.0,-3.68,8689.0,443.0,335.0
PFL,9/23/2020,157.0,163.0,155.0,163.0,3.82,9986.0,443.0,335.0
PFL,9/24/2020,160.0,167.0,160.0,163.0,0.0,4609.0,443.0,335.0
PFL,9/27/2020,164.0,169.0,163.0,167.0,2.45,7881.0,443.0,335.0
PFL,9/28/2020,164.0,170.0,164.0,166.0,-0.6,15286.0,443.0,335.0
PFL,9/29/2020,168.0,172.0,165.0,167.0,0.6,15411.0,443.0,335.0
PFL,9/30/2020,165.0,181.0,165.0,180.0,7.78,19412.0,443.0,335.0
PFL,10/1/2020,180.0,183.0,170.0,174.0,-3.33,12941.0,443.0,335.0
PFL,10/4/2020,171.0,183.0,171.0,175.0,0.57,18371.0,443.0,335.0
PFL,10/5/2020,172.0,177.0,169.0,173.0,-1.14,16389.0,443.0,335.0
PFL,10/6/2020,171.0,186.0,166.0,186.0,7.51,20403.0,443.0,335.0
PFL,10/7/2020,192.0,204.0,180.0,204.0,9.68,47298.0,443.0,335.0
PFL,10/8/2020,210.0,214.0,192.0,202.0,-0.98,39019.0,443.0,335.0
PFL,10/11/2020,203.0,206.0,194.0,205.0,1.49,34277.0,443.0,335.0
PFL,10/12/2020,201.0,201.0,195.0,198.0,-3.41,19240.0,443.0,335.0
PFL,10/13/2020,200.0,200.0,186.0,187.0,-5.56,20757.0,443.0,335.0
PFL,10/14/2020,184.0,187.0,177.0,182.0,-2.67,11883.0,443.0,335.0
PFL,10/15/2020,179.0,186.0,177.0,179.0,-1.65,12885.0,443.0,335.0
PFL,10/18/2020,177.0,183.0,170.0,183.0,2.23,9999.0,443.0,335.0
PFL,10/19/2020,180.0,188.0,180.0,188.0,2.73,3818.0,443.0,335.0
PFL,10/20/2020,189.0,191.0,185.0,189.0,0.53,4996.0,443.0,335.0
PFL,10/21/2020,186.0,190.0,186.0,188.0,-0.53,2396.0,443.0,335.0
PFL,10/22/2020,186.0,195.0,185.0,190.0,1.06,10691.0,443.0,335.0
PFL,10/28/2020,190.0,194.0,190.0,194.0,2.11,9193.0,443.0,335.0
PFL,10/29/2020,203.0,203.0,188.0,190.0,-2.06,11274.0,443.0,335.0
PFL,11/1/2020,187.0,192.0,184.0,192.0,1.05,9574.0,443.0,335.0
PFL,11/2/2020,190.0,192.0,188.0,191.0,-0.52,8620.0,443.0,335.0
PFL,11/3/2020,188.0,195.0,188.0,193.0,1.05,9647.0,443.0,335.0
PFL,11/4/2020,190.0,190.0,188.0,190.0,-1.55,3888.0,443.0,335.0
PFL,11/5/2020,187.0,190.0,186.0,188.0,-1.05,3400.0,443.0,335.0
PFL,11/8/2020,187.0,193.0,187.0,191.0,1.6,14049.0,443.0,335.0
PFL,11/9/2020,190.0,195.0,190.0,195.0,2.09,20042.0,443.0,335.0
PFL,11/10/2020,204.0,204.0,191.0,195.0,0.0,21628.0,443.0,335.0
PFL,11/11/2020,204.0,204.0,193.0,197.0,1.03,5199.0,443.0,335.0
PFL,11/12/2020,194.0,201.0,194.0,194.0,-1.52,11873.0,443.0,335.0
PFL,11/18/2020,191.0,205.0,189.0,205.0,5.67,20710.0,443.0,335.0
PFL,11/19/2020,201.0,216.0,196.0,214.0,4.39,30719.0,443.0,335.0
PFL,11/22/2020,224.0,224.0,198.0,201.0,-6.07,15444.0,443.0,335.0
PFL,11/23/2020,204.0,205.0,197.0,200.0,-0.5,16046.0,443.0,335.0
PFL,11/24/2020,196.0,216.0,193.0,216.0,8.0,31954.0,443.0,335.0
PFL,11/25/2020,210.0,217.0,207.0,213.0,-1.39,32738.0,443.0,335.0
PFL,11/26/2020,212.0,218.0,204.0,216.0,1.41,22749.0,443.0,335.0
PFL,11/29/2020,215.0,216.0,204.0,211.0,-2.31,13575.0,443.0,335.0
PFL,11/30/2020,215.0,218.0,203.0,204.0,-3.32,21434.0,443.0,335.0
PFL,12/1/2020,200.0,207.0,196.0,199.0,-2.45,11596.0,443.0,335.0
PFL,12/2/2020,200.0,202.0,196.0,198.0,-0.5,11026.0,443.0,335.0
PFL,12/3/2020,198.0,203.0,197.0,198.0,0.0,8553.0,443.0,335.0
PFL,12/6/2020,195.0,206.0,189.0,189.0,-4.55,7931.0,443.0,335.0
PFL,12/7/2020,190.0,201.0,188.0,201.0,6.35,7812.0,443.0,335.0
PFL,12/8/2020,197.0,199.0,194.0,195.0,-2.99,7970.0,443.0,335.0
PFL,12/9/2020,194.0,194.0,186.0,189.0,-3.08,7935.0,443.0,335.0
PFL,12/10/2020,189.0,198.0,187.0,198.0,4.76,2602.0,443.0,335.0
PFL,12/13/2020,195.0,198.0,192.0,198.0,0.0,2725.0,443.0,335.0
PFL,12/14/2020,195.0,201.0,192.0,195.0,-1.52,6117.0,443.0,335.0
PFL,12/15/2020,193.0,196.0,190.0,194.0,-0.51,6945.0,443.0,335.0
PFL,12/16/2020,194.0,197.0,190.0,193.0,-0.52,5247.0,443.0,335.0
PFL,12/17/2020,191.0,194.0,189.0,193.0,0.0,2614.0,443.0,335.0
PFL,12/20/2020,190.0,191.0,179.0,180.0,-6.74,11219.0,443.0,335.0
PFL,12/21/2020,177.0,182.0,168.0,177.0,-1.67,7739.0,443.0,335.0
PFL,12/22/2020,180.0,191.0,177.0,183.0,3.39,7975.0,443.0,335.0
PFL,12/23/2020,186.0,186.0,176.0,181.0,-1.09,5731.0,443.0,335.0
PFL,12/24/2020,180.0,180.0,176.0,180.0,-0.55,2879.0,443.0,335.0
PFL,12/27/2020,177.0,180.0,174.0,180.0,0.0,5029.0,443.0,335.0
PFL,12/28/2020,177.0,178.0,175.0,178.0,-1.11,2030.0,443.0,335.0
PFL,12/29/2020,175.0,179.0,175.0,177.0,-0.56,2285.0,443.0,335.0
PFL,12/30/2020,177.0,177.0,171.0,174.0,-1.69,3550.0,443.0,335.0
PFL,12/31/2020,172.0,180.0,172.0,175.0,0.57,8540.0,443.0,335.0
PFL,1/3/2021,164.0,177.0,164.0,172.0,-1.71,5937.0,443.0,335.0
PFL,1/4/2021,170.0,175.0,170.0,171.0,-0.58,2258.0,443.0,335.0
PFL,1/5/2021,168.0,175.0,168.0,172.0,0.58,1202.0,443.0,335.0
PFL,1/6/2021,170.0,180.0,169.0,177.0,2.91,7774.0,443.0,335.0
PFL,1/7/2021,180.0,191.0,180.0,187.0,5.65,24512.0,443.0,335.0
PFL,1/10/2021,187.0,190.0,180.0,187.0,0.0,5939.0,443.0,335.0
PFL,1/11/2021,190.0,192.0,188.0,190.0,1.6,11563.0,443.0,335.0
PFL,1/12/2021,187.0,198.0,187.0,198.0,4.21,44920.0,443.0,335.0
PFL,1/13/2021,199.0,211.0,199.0,209.0,5.56,38852.0,443.0,335.0
PFL,1/17/2021,213.0,218.0,209.0,217.0,3.83,47206.0,443.0,335.0
PFL,1/18/2021,221.0,228.0,209.0,218.0,0.46,47344.0,443.0,335.0
PFL,1/19/2021,220.0,220.0,210.0,214.0,-1.83,26437.0,443.0,335.0
PFL,1/20/2021,215.0,235.0,215.0,227.0,6.07,42709.0,443.0,335.0
PFL,1/21/2021,231.0,240.0,220.0,240.0,5.73,40033.0,443.0,335.0
PFL,1/24/2021,244.0,264.0,244.0,264.0,10.0,100575.0,443.0,335.0
PFL,1/25/2021,264.0,289.0,259.0,275.0,4.17,59298.0,443.0,335.0
PFL,1/26/2021,270.0,302.0,265.0,298.0,8.36,92523.0,443.0,335.0
PFL,1/27/2021,298.0,303.0,275.0,277.0,-7.05,47803.0,443.0,335.0
PFL,1/28/2021,282.0,282.0,255.0,268.0,-3.25,83203.0,443.0,335.0
PFL,1/31/2021,270.0,275.0,248.0,251.0,-6.34,40143.0,443.0,335.0
PFL,2/1/2021,252.0,276.0,249.0,276.0,9.96,38854.0,443.0,335.0
PFL,2/2/2021,263.0,293.0,263.0,292.0,5.8,53043.0,443.0,335.0
PFL,2/3/2021,306.0,306.0,265.0,269.0,-7.88,52511.0,443.0,335.0
PFL,2/4/2021,270.0,278.0,259.0,264.0,-1.86,23193.0,443.0,335.0
PFL,2/7/2021,261.0,274.0,258.0,269.0,1.89,31594.0,443.0,335.0
PFL,2/8/2021,265.0,277.0,265.0,272.0,1.12,62621.0,443.0,335.0
PFL,2/9/2021,272.0,292.0,267.0,281.0,3.31,48578.0,443.0,335.0
PFL,2/10/2021,280.0,292.0,270.0,288.0,2.49,49848.0,443.0,335.0
PFL,2/11/2021,283.0,288.0,278.0,284.0,-1.39,31830.0,443.0,335.0
PFL,2/14/2021,283.0,284.0,275.0,280.0,-1.41,23156.0,443.0,335.0
PFL,2/15/2021,294.0,300.0,274.0,299.0,6.79,57354.0,443.0,335.0
PFL,2/16/2021,300.0,301.0,280.0,288.0,-3.68,24975.0,443.0,335.0
PFL,2/17/2021,286.0,289.0,275.0,289.0,0.35,22608.0,443.0,335.0
PFL,2/18/2021,284.0,289.0,281.0,289.0,0.0,22565.0,443.0,335.0
PFL,2/21/2021,284.0,285.0,280.0,285.0,-1.38,8600.0,443.0,335.0
PFL,2/22/2021,282.0,284.0,274.0,277.0,-2.81,18343.0,443.0,335.0
PFL,2/23/2021,272.0,275.0,267.0,272.0,-1.81,9580.0,443.0,335.0
PFL,2/24/2021,275.0,283.0,270.0,272.0,0.0,24034.0,443.0,335.0
PFL,2/25/2021,272.0,275.0,266.0,267.0,-1.84,11889.0,443.0,335.0
PFL,2/28/2021,263.0,267.0,260.0,261.0,-2.25,14294.0,443.0,335.0
PFL,3/1/2021,256.0,266.0,250.0,264.0,1.15,22588.0,443.0,335.0
PFL,3/2/2021,264.0,269.0,250.0,259.0,-1.89,9760.0,443.0,335.0
PFL,3/3/2021,254.0,260.0,250.0,260.0,0.39,6757.0,443.0,335.0
PFL,3/4/2021,255.0,273.0,250.0,273.0,5.0,19743.0,443.0,335.0
PFL,3/7/2021,268.0,288.0,263.0,283.0,3.66,15571.0,443.0,335.0
PFL,3/9/2021,279.0,280.0,265.0,273.0,-3.53,7061.0,443.0,335.0
PFL,3/10/2021,273.0,273.0,263.0,270.0,-1.1,4155.0,443.0,335.0
PFL,3/14/2021,274.0,274.0,260.0,263.0,-2.59,5207.0,443.0,335.0
PFL,3/15/2021,267.0,267.0,249.0,260.0,-1.14,11656.0,443.0,335.0
PFL,3/16/2021,255.0,260.0,247.0,253.0,-2.69,13893.0,443.0,335.0
PFL,3/17/2021,249.0,257.0,245.0,249.0,-1.58,31840.0,443.0,335.0
PFL,3/18/2021,261.0,261.0,250.0,256.0,2.81,14694.0,443.0,335.0
PFL,3/21/2021,255.0,265.0,254.0,256.0,0.0,16302.0,443.0,335.0
PFL,3/22/2021,260.0,265.0,252.0,256.0,0.0,9383.0,443.0,335.0
PFL,3/23/2021,254.0,260.0,252.0,256.0,0.0,5409.0,443.0,335.0
PFL,3/24/2021,253.0,270.0,253.0,264.0,3.12,13721.0,443.0,335.0
PFL,3/25/2021,265.0,265.0,258.0,258.0,-2.27,7356.0,443.0,335.0
PFL,3/29/2021,258.0,263.0,255.0,262.0,1.55,4886.0,443.0,335.0
PFL,3/30/2021,260.0,266.0,260.0,263.0,0.38,5229.0,443.0,335.0
PFL,3/31/2021,260.0,267.0,260.0,266.0,1.14,12938.0,443.0,335.0
PFL,4/1/2021,267.0,273.0,264.0,268.0,0.75,55971.0,443.0,335.0
PFL,4/4/2021,272.0,292.0,272.0,290.0,8.21,130315.0,443.0,335.0
PFL,4/5/2021,300.0,300.0,284.0,289.0,-0.34,74425.0,443.0,335.0
PFL,4/6/2021,285.0,308.0,285.0,305.0,5.54,137504.0,443.0,335.0
PFL,4/7/2021,311.0,311.0,295.0,300.0,-1.64,91729.0,443.0,335.0
PFL,4/8/2021,300.0,322.0,296.0,319.0,6.33,98338.0,443.0,335.0
PFL,4/12/2021,319.0,323.0,306.0,315.0,-1.25,69631.0,443.0,335.0
PFL,4/13/2021,320.0,320.0,305.0,312.0,-0.95,61746.0,443.0,335.0
PFL,4/15/2021,316.0,318.0,304.0,310.0,-0.64,57857.0,443.0,335.0
PFL,4/18/2021,305.0,316.0,301.0,305.0,-1.61,61760.0,443.0,335.0
PFL,4/19/2021,305.0,321.0,299.0,312.0,2.3,80165.0,443.0,335.0
PFL,4/20/2021,310.0,312.0,307.0,310.0,-0.64,23754.0,443.0,335.0
PFL,4/21/2021,314.0,314.0,305.0,305.0,-1.61,12767.0,443.0,335.0
PFL,4/22/2021,300.0,307.0,300.0,306.0,0.33,18471.0,443.0,335.0
PFL,4/25/2021,301.0,318.0,280.0,295.0,-3.59,75732.0,443.0,335.0
PFL,4/26/2021,290.0,297.0,283.0,297.0,0.68,28965.0,443.0,335.0
PFL,4/27/2021,305.0,309.0,286.0,309.0,4.04,32598.0,443.0,335.0
PFL,4/28/2021,310.0,310.0,289.0,290.0,-6.15,43143.0,443.0,335.0
PFL,4/29/2021,290.0,294.0,286.0,290.0,0.0,12380.0,443.0,335.0
PFL,5/2/2021,286.0,299.0,286.0,294.0,1.38,22612.0,443.0,335.0
PFL,5/3/2021,297.0,297.0,286.0,292.0,-0.68,14430.0,443.0,335.0
PFL,5/4/2021,306.0,306.0,285.0,290.0,-0.68,8140.0,443.0,335.0
PFL,5/5/2021,290.0,294.0,288.0,293.0,1.03,22004.0,443.0,335.0
PFL,5/6/2021,293.0,294.0,285.0,289.0,-1.37,11371.0,443.0,335.0
PFL,5/9/2021,287.0,291.0,278.0,282.0,-2.42,23283.0,443.0,335.0
PFL,5/10/2021,281.0,283.0,278.0,282.0,0.0,16134.0,443.0,335.0
PFL,5/11/2021,283.0,294.0,283.0,292.0,3.55,25034.0,443.0,335.0
PFL,5/12/2021,293.0,298.0,290.0,295.0,1.03,36661.0,443.0,335.0
PFL,5/13/2021,299.0,324.0,298.0,310.0,5.08,91911.0,443.0,335.0
PFL,5/16/2021,310.0,320.0,307.0,308.0,-0.65,49540.0,443.0,335.0
PFL,5/17/2021,309.0,310.0,303.0,305.0,-0.97,30535.0,443.0,335.0
PFL,5/18/2021,306.0,335.0,306.0,329.0,7.87,191283.0,443.0,335.0
PFL,5/19/2021,345.0,345.0,320.0,326.0,-0.91,80252.0,443.0,335.0
PFL,5/20/2021,320.0,353.0,319.0,340.0,4.29,96025.0,443.0,335.0
PFL,5/23/2021,340.0,373.0,325.0,373.0,9.71,153947.0,443.0,335.0
PFL,5/24/2021,391.0,391.0,351.0,360.0,-3.49,108043.0,443.0,335.0
PFL,5/25/2021,356.0,364.0,353.0,362.0,0.56,71165.0,443.0,335.0
PFL,5/27/2021,358.0,375.0,345.0,372.0,2.76,114394.0,443.0,335.0
PFL,5/30/2021,379.0,409.0,363.0,397.0,6.72,150543.0,443.0,335.0
PFL,5/31/2021,400.0,408.0,381.0,390.0,-1.76,178562.0,443.0,335.0
PFL,6/1/2021,396.0,397.0,377.0,391.0,0.26,57048.0,443.0,335.0
PFL,6/2/2021,395.0,430.0,384.0,430.0,9.97,166629.0,443.0,335.0
PFL,6/3/2021,451.0,473.0,445.0,450.0,4.65,265007.0,443.0,335.0
PFL,6/6/2021,450.0,495.0,426.0,490.0,8.89,205668.0,443.0,335.0
PFL,6/7/2021,500.0,539.0,495.0,539.0,10.0,206102.0,443.0,335.0
PFL,6/8/2021,565.0,592.0,565.0,592.0,9.83,26314.0,443.0,335.0
PFL,6/9/2021,621.0,651.0,578.0,649.0,9.63,300490.0,443.0,335.0
PFL,6/10/2021,650.0,713.0,625.0,713.0,9.86,173628.0,443.0,335.0
PFL,6/13/2021,700.0,783.0,686.0,780.0,9.4,115640.0,443.0,335.0
PFL,6/14/2021,780.0,817.0,739.0,756.0,-3.08,120389.0,443.0,335.0
PFL,6/15/2021,745.0,750.0,710.0,720.0,-4.76,131195.0,443.0,335.0
PFL,6/16/2021,684.0,729.0,648.0,650.0,-9.72,147419.0,443.0,335.0
PFL,6/17/2021,650.0,710.0,641.0,679.0,4.46,101927.0,443.0,335.0
PFL,6/20/2021,692.0,695.0,635.0,648.0,-4.57,76323.0,443.0,335.0
PFL,6/21/2021,648.0,666.0,588.0,588.0,-9.26,82697.0,443.0,335.0
PFL,6/22/2021,593.0,646.0,592.0,639.0,8.67,76825.0,443.0,335.0
PFL,6/23/2021,645.0,657.0,610.0,622.0,-2.66,35103.0,443.0,335.0
PFL,6/24/2021,630.0,630.0,600.0,617.0,-0.8,26247.0,443.0,335.0
PFL,6/27/2021,628.0,628.0,595.0,600.0,-2.76,29963.0,443.0,335.0
PFL,6/28/2021,570.0,631.0,570.0,584.0,-2.67,30189.0,443.0,335.0
PFL,6/29/2021,600.0,600.0,528.0,550.0,-5.82,77509.0,443.0,335.0
PFL,6/30/2021,561.0,605.0,517.0,605.0,10.0,74981.0,443.0,335.0
PFL,7/1/2021,615.0,635.0,602.0,627.0,3.64,79526.0,443.0,335.0
PFL,7/4/2021,639.0,645.0,590.0,599.0,-4.47,92333.0,443.0,335.0
PFL,7/5/2021,600.0,610.0,576.0,579.0,-3.34,30088.0,443.0,335.0
PFL,7/6/2021,572.0,615.0,572.0,582.0,0.52,15256.0,443.0,335.0
PFL,7/7/2021,571.0,590.0,562.0,570.0,-2.06,15716.0,443.0,335.0
PFL,7/8/2021,570.0,595.0,570.0,593.0,4.04,18804.0,443.0,335.0
PFL,7/11/2021,600.0,652.0,600.0,651.0,9.78,118650.0,443.0,335.0
PFL,7/12/2021,664.0,689.0,619.0,644.0,-1.08,96433.0,443.0,335.0
PFL,7/13/2021,644.0,670.0,632.0,657.0,2.02,73586.0,443.0,335.0
PFL,7/14/2021,657.0,673.0,645.0,655.0,-0.3,46506.0,443.0,335.0
PFL,7/15/2021,645.0,720.0,645.0,670.0,2.29,169917.0,443.0,335.0
PFL,7/18/2021,683.4,697.0,676.0,681.0,1.64,57280.0,443.0,335.0
PFL,7/19/2021,690.0,700.0,662.0,671.9,-1.34,52903.0,443.0,335.0
PFL,7/20/2021,659.0,669.9,645.9,653.0,-2.81,79909.0,443.0,335.0
PFL,7/22/2021,655.0,718.0,644.0,718.0,9.95,88197.0,443.0,335.0
PFL,7/25/2021,710.0,768.0,676.0,768.0,6.96,322123.0,443.0,335.0
PFL,7/26/2021,768.0,783.3,716.0,728.1,-5.2,296768.0,443.0,335.0
PFL,7/27/2021,725.0,761.9,714.0,750.0,3.01,70758.0,443.0,335.0
PFL,7/28/2021,759.7,770.0,710.0,740.0,-1.33,194982.0,443.0,335.0
PFL,7/29/2021,745.0,750.0,725.2,727.0,-1.76,95864.0,443.0,335.0
PFL,8/1/2021,732.0,776.0,719.5,737.0,1.38,81712.0,443.0,335.0
PFL,8/2/2021,730.0,774.5,726.0,770.0,4.48,144904.0,443.0,335.0
PFL,8/3/2021,770.0,801.1,738.0,801.1,4.04,132661.0,443.0,335.0
PFL,8/4/2021,785.1,786.0,754.1,765.0,-4.51,262588.0,443.0,335.0
PFL,8/5/2021,775.0,775.0,744.0,746.0,-2.48,227156.0,443.0,335.0
PFL,8/8/2021,750.0,774.9,739.9,750.0,0.54,154530.0,443.0,335.0
PFL,8/9/2021,756.0,767.0,740.0,762.5,1.67,140049.0,443.0,335.0
PFL,8/10/2021,777.0,838.0,770.0,832.0,9.11,329730.0,443.0,335.0
PFL,8/11/2021,848.6,865.5,815.0,816.1,-1.91,137462.0,443.0,335.0
PFL,8/12/2021,822.0,838.0,805.0,818.0,0.23,137347.0,443.0,335.0
PFL,8/15/2021,818.0,825.0,761.0,793.0,-3.06,159816.0,443.0,335.0
PFL,8/16/2021,793.0,808.0,778.0,781.0,-1.51,94563.0,443.0,335.0
PFL,8/17/2021,795.0,805.0,776.0,791.0,1.28,92012.0,443.0,335.0
PFL,8/18/2021,806.8,867.0,805.0,853.0,7.84,240132.0,443.0,335.0
PFL,8/19/2021,870.0,920.0,840.1,866.0,1.52,188649.0,443.0,335.0
PFL,8/24/2021,866.0,867.0,826.0,831.0,-4.04,72659.0,443.0,335.0
PFL,8/25/2021,844.9,844.9,790.1,795.0,-4.33,61900.0,443.0,335.0
PFL,8/26/2021,780.0,859.9,780.0,837.0,5.28,80743.0,443.0,335.0
PFL,8/29/2021,852.0,880.0,822.0,845.0,0.96,157293.0,443.0,335.0
PFL,8/31/2021,845.0,845.0,809.0,810.0,-4.14,83215.0,443.0,335.0
PFL,9/1/2021,820.0,826.0,785.0,790.2,-2.44,56544.0,443.0,335.0
PFL,9/2/2021,800.0,805.0,750.0,769.0,-2.68,48856.0,443.0,335.0
PFL,9/5/2021,753.7,753.7,692.1,701.0,-8.84,79045.0,443.0,335.0
PFL,9/6/2021,687.0,771.1,661.0,770.0,9.84,69271.0,443.0,335.0
PFL,9/7/2021,785.4,787.0,735.0,750.7,-2.51,32514.0,443.0,335.0
PFL,9/8/2021,748.0,749.0,711.5,715.0,-4.76,37372.0,443.0,335.0
PFL,9/9/2021,715.0,730.0,695.8,707.0,-1.12,37914.0,443.0,335.0
PFL,9/12/2021,720.0,751.0,720.0,743.0,5.09,49528.0,443.0,335.0
PFL,9/13/2021,757.0,773.0,740.0,745.0,0.27,41413.0,443.0,335.0
PFL,9/14/2021,731.0,775.0,730.1,737.0,-1.07,12795.0,443.0,335.0
PFL,9/15/2021,730.0,740.0,709.0,721.0,-2.17,22010.0,443.0,335.0
PFL,9/16/2021,711.0,724.0,674.3,682.0,-5.41,58362.0,443.0,335.0
PFL,9/20/2021,695.6,695.6,613.8,613.8,-10.0,56691.0,443.0,335.0
PFL,9/21/2021,602.0,650.0,553.0,602.7,-1.81,46027.0,443.0,335.0
PFL,9/22/2021,614.0,661.0,614.0,656.0,8.84,31104.0,443.0,335.0
PFL,9/23/2021,669.1,693.0,664.0,668.0,1.83,28619.0,443.0,335.0
PFL,9/26/2021,668.0,668.0,616.0,625.0,-6.44,24057.0,443.0,335.0
PFL,9/27/2021,614.0,614.0,580.0,580.0,-7.2,37856.0,443.0,335.0
PFL,9/28/2021,568.4,601.0,527.0,530.0,-8.62,33814.0,443.0,335.0
PFL,9/29/2021,540.0,575.0,498.0,560.0,5.66,35410.0,443.0,335.0
PFL,9/30/2021,571.0,584.9,545.0,552.0,-1.43,18292.0,443.0,335.0
PFL,10/3/2021,552.0,552.0,520.0,520.0,-5.8,17728.0,443.0,335.0
PFL,10/4/2021,510.0,529.0,500.0,500.1,-3.83,27115.0,443.0,335.0
PFL,10/5/2021,510.1,525.3,510.0,516.0,3.18,14286.0,443.0,335.0
PFL,10/6/2021,525.0,567.0,525.0,562.0,8.91,18377.0,443.0,335.0
PFL,10/10/2021,573.2,610.0,573.2,590.0,4.98,34633.0,443.0,335.0
PFL,10/11/2021,590.0,590.0,552.0,589.0,-0.17,15304.0,443.0,335.0
PFL,10/17/2021,600.5,600.5,576.6,590.0,0.17,6194.0,443.0,335.0
PFL,10/18/2021,580.0,599.0,553.7,565.0,-4.24,6963.0,443.0,335.0
PFL,10/19/2021,553.7,564.0,513.0,520.0,-7.96,20763.0,443.0,335.0
PFL,10/20/2021,530.4,555.0,530.4,551.0,5.96,12976.0,443.0,335.0
PFL,10/21/2021,561.0,565.0,532.0,535.0,-2.9,13207.0,443.0,335.0
PFL,10/24/2021,535.0,558.0,535.0,554.0,3.55,9750.0,443.0,335.0
PFL,10/25/2021,565.0,603.0,564.0,596.0,7.58,20872.0,443.0,335.0
PFL,10/26/2021,600.0,640.8,600.0,640.0,7.38,23992.0,443.0,335.0
PFL,10/27/2021,640.0,672.0,620.0,637.0,-0.47,39160.0,443.0,335.0
PFL,10/28/2021,625.0,644.0,613.0,635.0,-0.31,23327.0,443.0,335.0
PFL,10/31/2021,635.0,660.0,620.0,655.0,3.15,37532.0,443.0,335.0
PFL,11/1/2021,668.0,675.0,642.0,642.0,-1.98,20377.0,443.0,335.0
PFL,11/2/2021,642.0,653.0,625.0,650.0,1.25,14302.0,443.0,335.0
PFL,11/3/2021,650.0,688.5,650.0,669.0,2.92,41211.0,443.0,335.0
PFL,11/8/2021,682.3,682.3,666.0,670.0,0.15,16197.0,443.0,335.0
PFL,11/9/2021,677.0,677.0,637.0,646.0,-3.58,33293.0,443.0,335.0
PFL,11/11/2021,633.1,638.0,608.0,614.5,-4.88,35311.0,443.0,335.0
PFL,11/14/2021,605.0,627.3,603.0,615.0,0.08,16176.0,443.0,335.0
PFL,11/15/2021,627.3,640.0,625.0,636.0,3.41,15703.0,443.0,335.0
PFL,11/16/2021,648.0,654.0,626.0,647.0,1.73,18933.0,443.0,335.0
PFL,11/17/2021,650.0,660.0,638.0,638.0,-1.39,17805.0,443.0,335.0
PFL,11/18/2021,631.0,650.0,626.0,629.0,-1.41,15284.0,443.0,335.0
PFL,11/21/2021,634.0,634.0,613.0,622.0,-1.11,13972.0,443.0,335.0
PFL,11/22/2021,620.0,630.0,615.0,616.0,-0.96,10685.0,443.0,335.0
PFL,11/23/2021,616.0,625.0,576.0,589.0,-4.38,29055.0,443.0,335.0
PFL,11/24/2021,578.0,628.0,568.0,596.5,1.27,22090.0,443.0,335.0
PFL,11/25/2021,607.0,607.0,592.0,592.0,-0.75,8471.0,443.0,335.0
PFL,11/28/2021,585.0,590.0,560.0,564.0,-4.73,17143.0,443.0,335.0
PFL,11/29/2021,574.0,575.0,550.0,558.0,-1.06,12950.0,443.0,335.0
PFL,11/30/2021,560.0,565.0,555.1,565.0,1.25,10574.0,443.0,335.0
PFL,12/1/2021,575.0,575.0,560.0,564.0,-0.18,9995.0,443.0,335.0
PFL,12/2/2021,564.0,570.0,531.0,543.0,-3.72,10238.0,443.0,335.0
PFL,12/5/2021,534.0,535.0,500.0,510.0,-6.08,27076.0,443.0,335.0
PFL,12/6/2021,499.8,528.0,483.0,525.0,2.94,25851.0,443.0,335.0
PFL,12/7/2021,535.5,544.9,500.0,500.0,-4.76,9615.0,443.0,335.0
PFL,12/8/2021,505.0,510.0,477.0,490.0,-2.0,15114.0,443.0,335.0
PFL,12/9/2021,498.0,499.8,480.0,485.0,-1.02,13703.0,443.0,335.0
PFL,12/12/2021,490.0,491.0,449.0,449.0,-7.42,24371.0,443.0,335.0
PFL,12/13/2021,440.1,440.1,404.1,413.0,-8.02,23472.0,443.0,335.0
PFL,12/14/2021,413.0,452.0,413.0,452.0,9.44,11519.0,443.0,335.0
PFL,12/15/2021,461.0,497.0,434.2,473.0,4.65,31201.0,443.0,335.0
PFL,12/16/2021,480.0,480.0,446.0,450.0,-4.86,12046.0,443.0,335.0
PFL,12/20/2021,451.0,451.0,427.1,434.0,-3.56,9040.0,443.0,335.0
PFL,12/21/2021,440.0,448.0,440.0,448.0,3.23,7556.0,443.0,335.0
PFL,12/22/2021,456.0,469.2,456.0,462.0,3.12,15089.0,443.0,335.0
PFL,12/23/2021,471.0,471.0,455.0,455.0,-1.52,17836.0,443.0,335.0
PFL,12/26/2021,456.0,464.0,445.0,445.0,-2.2,15427.0,443.0,335.0
PFL,12/27/2021,453.0,462.0,430.0,430.0,-3.37,16821.0,443.0,335.0
PFL,12/28/2021,429.0,461.0,420.0,445.0,3.49,11635.0,443.0,335.0
PFL,12/29/2021,439.0,453.8,427.5,440.0,-1.12,7080.0,443.0,335.0
PFL,1/2/2022,436.1,445.0,435.1,445.0,1.14,7887.0,443.0,335.0
PFL,1/3/2022,446.0,453.0,441.0,444.0,-0.22,11990.0,443.0,335.0
PFL,1/4/2022,452.0,478.0,445.2,476.0,7.21,36603.0,443.0,335.0
PFL,1/5/2022,449.2,467.2,444.1,452.0,-5.04,25358.0,443.0,335.0
PFL,1/6/2022,445.0,477.0,443.0,468.0,3.54,15341.0,443.0,335.0
PFL,1/9/2022,477.0,503.0,472.0,502.0,7.26,32094.0,443.0,335.0
PFL,1/10/2022,512.0,529.0,510.0,521.0,3.78,31082.0,443.0,335.0
PFL,1/11/2022,530.0,573.1,520.0,573.1,10.0,37149.0,443.0,335.0
PFL,1/12/2022,584.5,601.8,555.0,560.0,-2.29,75024.0,443.0,335.0
PFL,1/13/2022,569.0,592.6,559.0,592.6,5.82,37918.0,443.0,335.0
PFL,1/16/2022,592.6,624.0,585.1,598.0,0.91,41979.0,443.0,335.0
PFL,1/17/2022,598.0,609.0,584.0,599.4,0.23,36181.0,443.0,335.0
PFL,1/18/2022,591.0,604.0,573.2,576.0,-3.9,22989.0,443.0,335.0
PFL,1/19/2022,567.1,587.5,560.0,560.0,-2.78,25349.0,443.0,335.0
PFL,1/20/2022,553.0,585.0,551.0,585.0,4.46,29281.0,443.0,335.0
PFL,1/23/2022,573.3,586.0,566.1,576.0,-1.54,26926.0,443.0,335.0
PFL,1/24/2022,565.0,565.0,531.0,544.0,-5.56,46360.0,443.0,335.0
PFL,1/25/2022,545.0,588.9,530.0,588.9,8.25,51633.0,443.0,335.0
PFL,1/26/2022,577.2,611.0,549.0,556.0,-5.59,89775.0,443.0,335.0
PFL,1/27/2022,567.0,586.9,565.0,584.9,5.2,73770.0,443.0,335.0
PFL,1/30/2022,595.0,620.0,590.0,620.0,6.0,104480.0,443.0,335.0
PFL,1/31/2022,630.0,630.0,600.0,614.9,-0.82,62940.0,443.0,335.0
PFL,2/1/2022,603.0,625.0,603.0,614.9,0.0,42809.0,443.0,335.0
PFL,2/3/2022,620.0,620.0,596.0,596.0,-3.07,76668.0,443.0,335.0
PFL,2/6/2022,588.0,595.0,577.1,577.1,-3.17,27683.0,443.0,335.0
PFL,2/7/2022,571.0,588.0,570.0,580.0,0.5,12291.0,443.0,335.0
PFL,2/8/2022,591.6,603.0,575.0,576.0,-0.69,27051.0,443.0,335.0
PFL,2/9/2022,569.1,574.5,565.2,574.5,-0.26,11934.0,443.0,335.0
PFL,2/10/2022,575.0,580.0,560.0,572.0,-0.44,10548.0,443.0,335.0
PFL,2/13/2022,561.0,561.0,530.3,536.0,-6.29,29318.0,443.0,335.0
PFL,2/14/2022,533.0,553.0,522.5,539.9,0.73,15007.0,443.0,335.0
PFL,2/15/2022,539.0,555.0,539.0,555.0,2.8,9074.0,443.0,335.0
PFL,2/16/2022,555.0,561.0,540.2,540.2,-2.67,11138.0,443.0,335.0
PFL,2/17/2022,551.0,551.0,531.0,545.0,0.89,8795.0,443.0,335.0
PFL,2/20/2022,534.1,535.0,518.0,526.0,-3.49,14335.0,443.0,335.0
PFL,2/21/2022,530.0,536.0,520.0,530.0,0.76,7303.0,443.0,335.0
PFL,2/22/2022,540.0,549.9,534.0,543.0,2.45,9401.0,443.0,335.0
PFL,2/23/2022,553.8,553.8,536.0,537.0,-1.1,3733.0,443.0,335.0
PFL,2/24/2022,532.2,540.0,519.0,522.0,-2.79,17229.0,443.0,335.0
PFL,2/27/2022,522.0,524.0,509.0,514.0,-1.53,11251.0,443.0,335.0
PFL,2/28/2022,524.0,524.2,508.0,510.0,-0.78,9903.0,443.0,335.0
PFL,3/2/2022,510.0,510.0,485.0,490.0,-3.92,12838.0,443.0,335.0
PFL,3/6/2022,499.8,500.0,470.0,479.0,-2.24,16187.0,443.0,335.0
PFL,3/7/2022,488.5,493.9,476.1,478.0,-0.21,4346.0,443.0,335.0
PFL,3/9/2022,475.0,475.0,454.0,456.1,-4.58,8647.0,443.0,335.0
PFL,3/10/2022,455.0,492.0,450.0,489.0,7.21,11092.0,443.0,335.0
PFL,3/13/2022,498.7,521.0,498.7,520.0,6.34,15701.0,443.0,335.0
PFL,3/14/2022,522.0,526.0,510.0,520.0,0.0,3311.0,443.0,335.0
PFL,3/15/2022,520.0,522.0,510.0,517.0,-0.58,7971.0,443.0,335.0
PFL,3/16/2022,526.0,526.0,502.0,508.0,-1.74,4875.0,443.0,335.0
PFL,3/20/2022,510.0,510.0,498.0,501.0,-1.38,4632.0,443.0,335.0
PFL,3/21/2022,497.0,518.0,496.0,518.0,3.39,7995.0,443.0,335.0
PFL,3/22/2022,525.0,534.0,515.0,516.5,-0.29,7157.0,443.0,335.0
PFL,3/23/2022,510.0,515.0,505.0,506.0,-2.03,5364.0,443.0,335.0
PFL,3/24/2022,498.1,505.0,495.9,495.9,-2.0,10530.0,443.0,335.0
PFL,3/27/2022,496.0,496.0,475.0,484.0,-2.4,7909.0,443.0,335.0
PFL,3/28/2022,475.0,490.0,470.0,470.0,-2.89,5555.0,443.0,335.0
PFL,3/29/2022,478.8,488.2,458.0,470.0,0.0,6651.0,443.0,335.0
PFL,3/30/2022,475.0,500.0,461.1,490.0,4.26,9463.0,443.0,335.0
PFL,3/31/2022,492.0,492.0,473.6,474.0,-3.27,7623.0,443.0,335.0
PFL,4/3/2022,474.0,476.0,460.0,460.0,-2.95,4634.0,443.0,335.0
PFL,4/4/2022,458.0,467.0,454.0,460.0,0.0,6715.0,443.0,335.0
PFL,4/5/2022,455.0,456.0,440.0,445.1,-3.24,11755.0,443.0,335.0
PFL,4/6/2022,441.0,453.0,434.0,434.0,-2.49,7420.0,443.0,335.0
PFL,4/7/2022,442.6,451.0,434.0,445.0,2.53,8330.0,443.0,335.0
PFL,4/11/2022,453.0,462.9,432.1,432.1,-2.9,11040.0,443.0,335.0
PFL,4/12/2022,427.4,430.0,417.5,419.5,-2.92,5578.0,443.0,335.0
PFL,4/13/2022,412.4,427.8,404.0,420.0,0.12,7317.0,443.0,335.0
PFL,4/17/2022,428.0,435.0,411.7,411.9,-1.93,4118.0,443.0,335.0
PFL,4/18/2022,405.0,410.0,395.0,395.0,-4.1,9762.0,443.0,335.0
PFL,4/19/2022,400.0,405.0,379.0,398.0,0.76,6099.0,443.0,335.0
PFL,4/20/2022,400.0,400.0,372.7,380.0,-4.52,8251.0,443.0,335.0
PFL,4/21/2022,380.0,383.0,360.0,380.0,0.0,10101.0,443.0,335.0
PFL,4/24/2022,387.6,418.0,375.0,417.9,9.97,12066.0,443.0,335.0
PFL,4/25/2022,424.8,428.0,400.0,405.0,-3.09,12172.0,443.0,335.0
PFL,4/26/2022,401.0,417.0,396.0,403.0,-0.49,7083.0,443.0,335.0
PFL,4/27/2022,396.2,407.0,396.2,403.0,0.0,3737.0,443.0,335.0
PFL,4/28/2022,410.0,416.9,397.0,400.0,-0.74,6560.0,443.0,335.0
PFL,5/2/2022,392.2,393.0,382.0,388.0,-3.0,6372.0,443.0,335.0
PFL,5/4/2022,381.0,395.0,376.5,376.5,-2.96,3195.0,443.0,335.0
PFL,5/5/2022,376.5,383.0,355.0,370.0,-1.73,7919.0,443.0,335.0
PFL,5/8/2022,363.0,392.5,356.0,385.0,4.05,7278.0,443.0,335.0
PFL,5/9/2022,390.0,402.9,380.0,385.0,0.0,6141.0,443.0,335.0
PFL,5/10/2022,382.0,404.0,382.0,402.0,4.42,7407.0,443.0,335.0
PFL,5/11/2022,400.0,422.0,400.0,420.0,4.48,11898.0,443.0,335.0
PFL,5/12/2022,420.0,439.0,411.6,418.0,-0.48,9040.0,443.0,335.0
PFL,5/17/2022,409.7,415.0,385.0,392.0,-6.22,6235.0,443.0,335.0
PFL,5/18/2022,384.2,405.0,377.0,403.9,3.04,4093.0,443.0,335.0
PFL,5/19/2022,396.1,400.0,389.0,390.0,-3.44,2835.0,443.0,335.0
PFL,5/20/2022,397.0,397.0,380.0,380.0,-2.56,5433.0,443.0,335.0
PFL,5/23/2022,372.4,387.0,370.0,374.0,-1.58,4477.0,443.0,335.0
PFL,5/24/2022,368.1,388.0,366.7,375.3,0.35,3396.0,443.0,335.0
PFL,5/25/2022,382.8,390.4,380.0,381.0,1.52,3048.0,443.0,335.0
PFL,5/26/2022,380.5,382.5,380.0,382.0,0.26,1400.0,443.0,335.0
PFL,5/27/2022,382.0,385.0,374.0,380.0,-0.52,3661.0,443.0,335.0
PFL,5/30/2022,373.0,375.0,365.0,374.0,-1.58,5804.0,443.0,335.0
PFL,5/31/2022,368.0,371.0,366.6,367.5,-1.74,2234.0,443.0,335.0
PFL,6/1/2022,370.0,374.0,365.0,365.0,-0.68,4421.0,443.0,335.0
PFL,6/2/2022,372.0,375.0,360.0,366.9,0.52,4718.0,443.0,335.0
PFL,6/3/2022,366.9,373.0,356.0,358.0,-2.43,5131.0,443.0,335.0
PFL,6/6/2022,358.0,367.0,351.0,354.0,-1.12,5491.0,443.0,335.0
PFL,6/7/2022,348.0,350.0,337.0,342.0,-3.39,8938.0,443.0,335.0
PFL,6/8/2022,336.0,365.0,336.0,362.0,5.85,5342.0,443.0,335.0
PFL,6/9/2022,362.0,370.0,352.8,353.0,-2.49,5444.0,443.0,335.0
PFL,6/10/2022,346.1,355.0,344.0,354.0,0.28,1713.0,443.0,335.0
PFL,6/13/2022,354.0,360.0,347.1,348.1,-1.67,1706.0,443.0,335.0
PFL,6/14/2022,349.8,349.8,340.0,345.0,-0.89,1942.0,443.0,335.0
PFL,6/15/2022,338.1,344.0,333.0,336.0,-2.61,6299.0,443.0,335.0
PFL,6/16/2022,341.0,350.8,337.0,340.0,1.19,1358.0,443.0,335.0
PFL,6/17/2022,340.0,345.0,334.0,335.0,-1.47,1110.0,443.0,335.0
PFL,6/19/2022,329.0,333.0,323.0,325.0,-2.99,5522.0,443.0,335.0
PFL,6/20/2022,318.6,319.0,304.0,310.0,-4.62,9565.0,443.0,335.0
PFL,6/21/2022,310.0,322.3,305.0,320.0,3.23,4971.0,443.0,335.0
PFL,6/22/2022,314.0,319.5,308.0,308.1,-3.72,4401.0,443.0,335.0
PFL,6/23/2022,302.0,302.0,292.0,297.0,-3.6,4310.0,443.0,335.0
PFL,6/24/2022,291.2,314.1,290.0,310.2,4.44,3144.0,443.0,335.0
PFL,6/26/2022,311.0,341.2,311.0,341.0,9.93,24835.0,443.0,335.0
PFL,6/27/2022,347.8,369.0,325.3,333.4,-2.23,14951.0,443.0,335.0
PFL,6/28/2022,330.0,336.0,320.2,326.8,-1.98,5469.0,443.0,335.0
PFL,6/29/2022,333.3,345.0,327.0,341.0,4.35,10010.0,443.0,335.0
PFL,6/30/2022,347.8,363.0,341.0,362.0,6.16,16081.0,443.0,335.0
PFL,7/1/2022,369.0,372.0,357.8,364.0,0.55,6990.0,443.0,335.0
PFL,7/3/2022,365.0,382.0,358.0,380.0,4.4,11370.0,443.0,335.0
PFL,7/4/2022,387.6,411.0,366.0,380.0,0.0,30967.0,443.0,335.0
PFL,7/5/2022,375.0,389.6,360.0,361.0,-5.0,19015.0,443.0,335.0
PFL,7/6/2022,361.0,380.0,350.0,370.0,2.49,11432.0,443.0,335.0
PFL,7/7/2022,377.4,391.6,360.1,368.0,-0.54,10676.0,443.0,335.0
PFL,7/8/2022,368.0,368.0,355.0,359.0,-2.45,7286.0,443.0,335.0
PFL,7/11/2022,352.0,352.0,326.0,327.0,-8.91,15552.0,443.0,335.0
PFL,7/12/2022,333.5,345.0,320.0,333.0,1.83,10068.0,443.0,335.0
PFL,7/13/2022,337.0,360.0,337.0,356.0,6.91,9026.0,443.0,335.0
PFL,7/14/2022,363.1,368.8,349.0,363.0,1.97,8032.0,443.0,335.0
PFL,7/15/2022,363.9,363.9,353.0,354.0,-2.48,4504.0,443.0,335.0
PFL,7/17/2022,361.0,364.0,355.0,355.5,0.42,5680.0,443.0,335.0
PFL,7/18/2022,362.0,363.0,353.1,359.0,0.98,9291.0,443.0,335.0
PFL,7/19/2022,362.0,377.0,361.0,375.0,4.46,25354.0,443.0,335.0
PFL,7/20/2022,375.0,393.0,370.0,386.1,2.96,13106.0,443.0,335.0
PFL,7/21/2022,380.0,390.0,377.0,380.0,-1.58,6105.0,443.0,335.0
PFL,7/22/2022,380.0,380.0,365.0,369.9,-2.66,9340.0,443.0,335.0
PFL,7/24/2022,375.0,393.5,365.1,393.0,6.24,21071.0,443.0,335.0
PFL,7/25/2022,400.8,432.0,398.0,431.0,9.67,32898.0,443.0,335.0
PFL,7/26/2022,438.0,439.6,409.0,409.0,-5.1,41351.0,443.0,335.0
PFL,7/27/2022,417.0,432.0,402.1,432.0,5.62,35283.0,443.0,335.0
PFL,7/28/2022,440.0,469.7,425.1,452.0,4.63,48516.0,443.0,335.0
PFL,7/29/2022,461.0,466.0,443.5,457.0,1.11,24574.0,443.0,335.0
PFL,7/31/2022,466.1,470.0,448.9,450.0,-1.53,38376.0,443.0,335.0
PFL,8/1/2022,441.0,458.0,425.1,446.0,-0.89,32363.0,443.0,335.0
PFL,8/2/2022,445.0,468.0,440.2,457.0,2.47,21450.0,443.0,335.0
PFL,8/3/2022,465.0,470.0,455.0,455.2,-0.39,14440.0,443.0,335.0
PFL,8/4/2022,446.1,459.0,440.0,441.0,-3.12,23338.0,443.0,335.0
PFL,8/5/2022,449.7,449.7,420.0,427.0,-3.17,15015.0,443.0,335.0
PFL,8/7/2022,425.0,435.0,416.5,425.0,-0.47,19561.0,443.0,335.0
PFL,8/8/2022,433.5,433.5,414.1,414.2,-2.54,7444.0,443.0,335.0
PFL,8/9/2022,406.1,422.0,390.0,391.2,-5.55,25558.0,443.0,335.0
PFL,8/10/2022,399.0,404.0,385.0,391.9,0.18,17111.0,443.0,335.0
PFL,8/11/2022,390.0,407.6,389.0,391.0,-0.23,8959.0,443.0,335.0
PFL,8/14/2022,384.0,394.0,375.0,376.0,-3.84,9733.0,443.0,335.0
PFL,8/15/2022,383.5,405.0,380.0,405.0,7.71,17559.0,443.0,335.0
PFL,8/16/2022,408.0,415.7,388.0,390.0,-3.7,21427.0,443.0,335.0
PFL,8/17/2022,383.0,403.6,383.0,395.0,1.28,7138.0,443.0,335.0
PFL,8/18/2022,398.0,409.0,391.0,406.0,2.78,14986.0,443.0,335.0
PFL,8/21/2022,414.0,423.9,397.9,398.0,-1.97,15683.0,443.0,335.0
PFL,8/22/2022,391.0,405.0,391.0,395.0,-0.75,5494.0,443.0,335.0
PFL,8/23/2022,388.3,401.0,388.3,396.5,0.38,4568.0,443.0,335.0
PFL,8/24/2022,391.1,404.4,391.1,396.0,-0.13,8474.0,443.0,335.0
PFL,8/25/2022,391.2,401.0,390.0,390.0,-1.52,5947.0,443.0,335.0
PFL,8/26/2022,389.2,389.2,378.0,380.0,-2.56,9676.0,443.0,335.0
PFL,8/28/2022,372.5,383.5,365.0,368.0,-3.16,15886.0,443.0,335.0
PFL,8/29/2022,364.0,375.0,364.0,367.1,-0.24,9526.0,443.0,335.0
PFL,8/30/2022,374.4,377.0,364.0,364.0,-0.84,4229.0,443.0,335.0
PFL,8/31/2022,360.2,370.0,348.0,356.0,-2.2,7565.0,443.0,335.0
PFL,9/1/2022,350.0,367.0,348.1,362.0,1.69,9439.0,443.0,335.0
PFL,9/2/2022,354.8,376.0,354.8,363.0,0.28,2265.0,443.0,335.0
PFL,9/4/2022,368.0,376.0,368.0,374.0,3.03,8021.0,443.0,335.0
PFL,9/5/2022,380.9,380.9,366.6,370.0,-1.07,3891.0,443.0,335.0
PFL,9/6/2022,364.0,364.1,356.1,356.2,-3.73,5974.0,443.0,335.0
PFL,9/7/2022,351.1,358.0,351.0,357.9,0.48,3807.0,443.0,335.0
PFL,9/8/2022,352.1,367.9,352.0,361.0,0.87,3145.0,443.0,335.0
PFL,9/11/2022,365.0,365.0,355.2,359.0,-0.55,1458.0,443.0,335.0
PFL,9/12/2022,352.0,359.0,352.0,352.0,-1.95,2940.0,443.0,335.0
PFL,9/13/2022,359.0,366.0,357.0,364.0,3.41,5461.0,443.0,335.0
PFL,9/14/2022,370.0,384.9,365.1,384.0,5.49,20899.0,443.0,335.0
PFL,9/15/2022,385.0,391.6,361.0,361.0,-5.99,18090.0,443.0,335.0
PFL,9/16/2022,355.0,356.0,347.0,356.0,-1.39,4629.0,443.0,335.0
PFL,9/18/2022,350.0,355.0,343.1,343.1,-3.62,7690.0,443.0,335.0
PFL,9/20/2022,336.3,340.0,321.6,330.0,-3.82,8691.0,443.0,335.0
PFL,9/21/2022,325.0,350.6,325.0,338.9,2.7,7490.0,443.0,335.0
PFL,9/22/2022,332.2,335.0,330.1,333.8,-1.5,3306.0,443.0,335.0
PFL,9/25/2022,330.0,333.0,324.0,324.0,-2.94,7009.0,443.0,335.0
PFL,9/27/2022,328.0,337.0,324.0,328.0,1.23,3909.0,443.0,335.0
PFL,9/28/2022,328.0,329.0,322.3,325.0,-0.91,1652.0,443.0,335.0
PFL,9/29/2022,318.7,334.0,318.5,334.0,2.77,2291.0,443.0,335.0
PFL,10/9/2022,340.0,346.0,339.0,344.9,3.26,3146.0,443.0,335.0
PFL,10/10/2022,345.0,345.0,330.0,330.0,-4.32,4448.0,443.0,335.0
PFL,10/11/2022,323.4,336.0,322.0,331.0,0.3,1866.0,443.0,335.0
PFL,10/12/2022,325.2,342.0,325.2,339.0,2.42,4143.0,443.0,335.0
PFL,10/13/2022,339.0,347.8,335.2,341.0,0.59,2497.0,443.0,335.0
PFL,10/16/2022,342.0,345.0,329.3,336.0,-1.47,2791.0,443.0,335.0
PFL,10/17/2022,330.0,334.0,327.0,330.0,-1.79,1650.0,443.0,335.0
PFL,10/19/2022,325.0,325.0,317.0,317.0,-3.94,4110.0,443.0,335.0
PFL,10/20/2022,312.0,323.0,307.0,316.7,-0.09,4097.0,443.0,335.0
PFL,10/23/2022,320.0,321.0,315.0,315.0,-0.54,2680.0,443.0,335.0
PFL,10/31/2022,308.8,324.0,308.8,317.0,0.63,4419.0,443.0,335.0
PFL,11/1/2022,317.0,340.0,317.0,340.0,7.26,8429.0,443.0,335.0
PFL,11/2/2022,340.0,349.3,335.0,338.0,-0.59,6443.0,443.0,335.0
PFL,11/3/2022,331.3,350.0,325.4,335.0,-0.89,5352.0,443.0,335.0
PFL,11/6/2022,341.0,346.5,335.0,345.0,2.99,7443.0,443.0,335.0
PFL,11/7/2022,350.0,360.0,345.0,350.0,1.45,8941.0,443.0,335.0
PFL,11/8/2022,343.1,356.0,343.1,350.0,0.0,3210.0,443.0,335.0
PFL,11/9/2022,343.5,350.0,330.0,337.0,-3.71,7128.0,443.0,335.0
PFL,11/10/2022,330.3,336.9,325.0,325.0,-3.56,6158.0,443.0,335.0
PFL,11/13/2022,331.0,331.0,320.0,320.0,-1.54,3074.0,443.0,335.0
PFL,11/14/2022,314.1,338.0,314.1,326.0,1.88,2623.0,443.0,335.0
PFL,11/15/2022,325.0,342.0,321.1,322.0,-1.23,5426.0,443.0,335.0
PFL,11/16/2022,316.3,335.0,316.3,332.8,3.35,3503.0,443.0,335.0
PFL,11/17/2022,327.0,350.3,327.0,344.0,3.37,8739.0,443.0,335.0
PFL,11/22/2022,350.7,357.7,336.3,342.0,-0.58,5571.0,443.0,335.0
PFL,11/23/2022,337.0,344.0,334.1,344.0,0.58,4489.0,443.0,335.0
PFL,11/24/2022,348.7,362.1,335.0,357.0,3.78,14727.0,443.0,335.0
PFL,11/27/2022,350.8,368.0,347.0,368.0,3.08,9510.0,443.0,335.0
PFL,11/28/2022,370.0,373.9,357.1,359.0,-2.45,11603.0,443.0,335.0
PFL,11/29/2022,351.9,364.7,348.5,363.7,1.31,4543.0,443.0,335.0
PFL,11/30/2022,356.5,359.0,352.1,356.0,-2.12,3511.0,443.0,335.0
PFL,12/1/2022,354.0,360.0,349.1,353.0,-0.84,4579.0,443.0,335.0
PFL,12/4/2022,355.0,358.0,341.1,343.0,-2.83,15406.0,443.0,335.0
PFL,12/5/2022,345.0,350.0,335.0,337.9,-1.49,5009.0,443.0,335.0
PFL,12/6/2022,331.8,340.6,331.8,339.6,0.5,4466.0,443.0,335.0
PFL,12/7/2022,332.9,335.0,331.1,334.8,-1.41,1845.0,443.0,335.0
PFL,12/11/2022,328.3,332.0,326.1,330.0,-1.43,5156.0,443.0,335.0
PFL,12/12/2022,332.0,335.0,329.0,334.5,1.36,5909.0,443.0,335.0
PFL,12/13/2022,334.5,336.0,330.0,331.0,-1.05,2435.0,443.0,335.0
PFL,12/14/2022,326.0,337.0,326.0,331.0,0.0,1450.0,443.0,335.0
PFL,12/15/2022,336.0,337.6,328.1,328.2,-0.85,2458.0,443.0,335.0
PFL,12/18/2022,325.0,325.5,318.6,323.0,-1.58,4428.0,443.0,335.0
PFL,12/19/2022,320.0,326.4,320.0,321.1,-0.59,2283.0,443.0,335.0
PFL,12/20/2022,315.0,322.0,314.7,318.5,-0.81,3759.0,443.0,335.0
PFL,12/21/2022,319.0,324.0,314.3,320.0,0.47,1957.0,443.0,335.0
PFL,12/22/2022,315.0,325.0,315.0,320.0,0.0,2817.0,443.0,335.0
PFL,12/26/2022,326.3,339.6,326.3,339.6,6.13,8851.0,443.0,335.0
PFL,12/27/2022,346.2,363.0,345.0,354.0,4.24,20596.0,443.0,335.0
PFL,12/28/2022,349.0,366.0,347.0,350.0,-1.13,9730.0,443.0,335.0
PFL,12/29/2022,352.5,383.0,345.0,378.0,8.0,40167.0,443.0,335.0
PFL,1/1/2023,385.5,406.7,371.5,385.0,1.85,51841.0,443.0,335.0
PFL,1/2/2023,384.0,393.0,379.0,388.0,0.78,16958.0,443.0,335.0
PFL,1/3/2023,374.0,387.5,371.0,371.0,-4.38,11473.0,443.0,335.0
PFL,1/4/2023,375.0,393.0,365.0,393.0,5.93,13902.0,443.0,335.0
PFL,1/5/2023,400.0,410.0,390.0,397.0,1.02,34104.0,443.0,335.0
PFL,1/8/2023,397.0,413.0,391.1,402.0,1.26,15764.0,443.0,335.0
PFL,1/9/2023,409.0,425.0,394.0,425.0,5.72,28060.0,443.0,335.0
PFL,1/10/2023,433.5,435.0,390.0,398.0,-6.35,52867.0,443.0,335.0
PFL,1/12/2023,405.9,418.0,382.0,386.0,-3.02,34725.0,443.0,335.0
PFL,1/17/2023,393.7,404.0,378.5,395.1,2.36,20046.0,443.0,335.0
PFL,1/18/2023,403.0,410.0,385.1,387.0,-2.05,15389.0,443.0,335.0
PFL,1/19/2023,380.0,408.0,380.0,408.0,5.43,9550.0,443.0,335.0
PFL,1/23/2023,400.0,425.0,392.0,415.0,1.72,82017.0,443.0,335.0
PFL,1/24/2023,415.0,445.0,410.1,438.0,5.54,42439.0,443.0,335.0
PFL,1/25/2023,430.0,441.0,428.2,430.0,-1.83,21467.0,443.0,335.0
PFL,1/26/2023,438.6,446.0,411.6,417.2,-2.98,14112.0,443.0,335.0
PFL,1/29/2023,419.0,425.0,410.0,412.6,-1.1,30234.0,443.0,335.0
PFL,1/30/2023,406.5,410.0,394.0,395.0,-4.27,24474.0,443.0,335.0
PFL,1/31/2023,391.0,420.0,391.0,393.6,-0.35,12843.0,443.0,335.0
PFL,2/1/2023,400.0,405.0,397.0,399.9,1.6,11454.0,443.0,335.0
PFL,2/2/2023,393.0,404.9,392.0,392.0,-1.98,8063.0,443.0,335.0
PFL,2/5/2023,395.0,431.2,395.0,425.3,8.49,91947.0,443.0,335.0
PFL,2/6/2023,425.2,445.0,417.0,436.1,2.54,49317.0,443.0,335.0
PFL,2/7/2023,430.0,453.6,430.0,439.9,0.87,78194.0,443.0,335.0
PFL,2/8/2023,439.9,441.0,416.6,418.0,-4.98,75652.0,443.0,335.0
PFL,2/9/2023,419.8,433.8,417.0,424.0,1.44,17367.0,443.0,335.0
PFL,2/12/2023,416.1,416.5,405.8,408.0,-3.77,20566.0,443.0,335.0
PFL,2/14/2023,408.0,411.0,395.0,400.0,-1.96,33459.0,443.0,335.0
PFL,2/15/2023,400.0,414.0,392.0,396.4,-0.9,18402.0,443.0,335.0
PFL,2/16/2023,398.0,402.9,390.0,392.0,-1.11,7325.0,443.0,335.0
PFL,2/20/2023,386.0,394.0,373.0,377.0,-3.83,21190.0,443.0,335.0
PFL,2/22/2023,384.5,400.0,383.5,389.0,3.18,13873.0,443.0,335.0
PFL,2/23/2023,383.0,389.6,376.0,380.5,-2.19,12675.0,443.0,335.0
PFL,2/26/2023,374.0,385.0,363.0,384.0,0.92,12583.0,443.0,335.0
PFL,2/27/2023,391.0,391.0,367.0,383.1,-0.23,19484.0,443.0,335.0
PFL,2/28/2023,380.0,388.0,376.0,377.0,-1.59,7509.0,443.0,335.0
PFL,3/1/2023,379.5,385.0,378.0,378.0,0.27,6096.0,443.0,335.0
PFL,3/2/2023,373.0,377.9,370.0,370.0,-2.12,6895.0,443.0,335.0
PFL,3/5/2023,375.0,375.0,365.0,365.3,-1.27,6837.0,443.0,335.0
PFL,3/7/2023,361.1,378.0,361.1,373.0,2.11,5710.0,443.0,335.0
PFL,3/9/2023,380.4,388.0,378.0,385.0,3.22,7104.0,443.0,335.0
PFL,3/12/2023,392.6,393.8,378.0,382.0,-0.78,12461.0,443.0,335.0
PFL,3/13/2023,375.1,383.0,375.1,378.2,-0.99,3150.0,443.0,335.0
PFL,3/14/2023,375.0,384.5,375.0,376.0,-0.58,3225.0,443.0,335.0
PFL,3/15/2023,372.0,378.7,372.0,378.0,0.53,3045.0,443.0,335.0
PFL,3/16/2023,382.0,382.0,373.3,380.0,0.53,4415.0,443.0,335.0
PFL,3/19/2023,373.0,379.9,373.0,373.1,-1.82,2440.0,443.0,335.0
PFL,3/20/2023,380.0,387.0,377.3,380.1,1.88,5110.0,443.0,335.0
PFL,3/22/2023,383.0,383.0,372.6,376.0,-1.08,3018.0,443.0,335.0
PFL,3/23/2023,370.3,373.5,370.3,371.0,-1.33,4320.0,443.0,335.0
PFL,3/26/2023,370.0,373.0,363.1,368.9,-0.57,9090.0,443.0,335.0
PFL,3/27/2023,370.0,373.3,361.6,373.3,1.19,4373.0,443.0,335.0
PFL,3/28/2023,379.9,380.0,369.0,370.0,-0.88,4959.0,443.0,335.0
PFL,3/29/2023,373.0,373.0,363.1,369.0,-0.27,5354.0,443.0,335.0
PFL,3/30/2023,372.0,375.0,361.0,362.0,-1.9,5613.0,443.0,335.0
PFL,4/2/2023,369.2,369.2,358.0,359.0,-0.83,2029.0,443.0,335.0
PFL,4/3/2023,356.0,362.0,354.0,359.0,0.0,2493.0,443.0,335.0
PFL,4/4/2023,352.2,359.0,351.0,351.0,-2.23,3934.0,443.0,335.0
PFL,4/5/2023,355.0,356.9,351.1,356.9,1.68,4953.0,443.0,335.0
PFL,4/6/2023,355.1,355.1,350.0,353.9,-0.84,5472.0,443.0,335.0
PFL,4/9/2023,350.0,350.0,336.0,343.0,-3.08,9661.0,443.0,335.0
PFL,4/10/2023,343.0,345.5,337.0,337.0,-1.75,4085.0,443.0,335.0
PFL,4/11/2023,335.0,348.8,335.0,348.8,3.5,5029.0,443.0,335.0
PFL,4/12/2023,355.0,378.5,355.0,378.5,8.51,9626.0,443.0,335.0
PFL,4/13/2023,380.0,380.0,366.0,370.0,-2.25,5880.0,443.0,335.0
PFL,4/16/2023,363.2,376.9,363.2,368.5,-0.41,4147.0,443.0,335.0
PFL,4/17/2023,363.5,364.9,360.0,361.0,-2.04,6980.0,443.0,335.0
PFL,4/18/2023,357.1,364.0,355.0,361.0,0.0,4666.0,443.0,335.0
PFL,4/19/2023,365.0,370.0,357.0,370.0,2.49,5152.0,443.0,335.0
PFL,4/20/2023,363.0,368.9,356.0,361.0,-2.43,4449.0,443.0,335.0
PFL,4/23/2023,353.8,360.0,348.0,349.0,-3.32,4606.0,443.0,335.0
PFL,4/24/2023,345.0,350.0,344.0,349.0,0.0,3536.0,443.0,335.0
PFL,4/25/2023,355.9,355.9,350.0,354.0,1.43,3469.0,443.0,335.0
PFL,4/26/2023,347.2,359.7,347.2,355.0,0.28,3507.0,443.0,335.0
PFL,4/27/2023,348.1,353.0,348.0,351.0,-1.13,1441.0,443.0,335.0
PFL,4/30/2023,351.0,355.0,340.0,345.0,-1.71,6684.0,443.0,335.0
PFL,5/2/2023,351.9,351.9,340.0,342.0,-0.87,3317.0,443.0,335.0
PFL,5/3/2023,335.2,341.5,335.2,339.0,-0.88,2324.0,443.0,335.0
PFL,5/4/2023,341.0,346.0,339.0,345.0,1.77,2288.0,443.0,335.0
PFL,5/7/2023,343.0,345.0,335.0,342.9,-0.61,3653.0,443.0,335.0
PFL,5/8/2023,336.1,343.0,330.2,341.0,-0.55,3058.0,443.0,335.0
PFL,5/9/2023,336.0,348.0,336.0,342.0,0.29,1662.0,443.0,335.0
PFL,5/10/2023,339.0,346.0,336.0,346.0,1.17,2197.0,443.0,335.0
PFL,5/11/2023,341.3,343.0,335.5,343.0,-0.87,2377.0,443.0,335.0
PFL,5/14/2023,349.8,349.8,333.4,336.3,-1.95,2925.0,443.0,335.0
PFL,5/15/2023,335.1,343.0,329.8,343.0,1.99,4007.0,443.0,335.0
PFL,5/16/2023,337.5,347.5,334.0,338.5,-1.31,1074.0,443.0,335.0
PFL,5/17/2023,340.0,349.5,338.0,349.5,3.25,4051.0,443.0,335.0
PFL,5/18/2023,356.4,357.5,347.0,357.0,2.15,3652.0,443.0,335.0
PFL,5/21/2023,364.0,384.0,352.0,379.0,6.16,37602.0,443.0,335.0
PFL,5/22/2023,375.0,383.9,366.0,377.0,-0.53,6164.0,443.0,335.0
PFL,5/23/2023,370.2,397.8,370.2,397.8,5.52,27776.0,443.0,335.0
PFL,5/24/2023,390.0,390.0,378.0,386.1,-2.94,37046.0,443.0,335.0
PFL,5/28/2023,386.0,388.9,367.0,373.0,-3.39,11878.0,443.0,335.0
PFL,5/30/2023,380.0,380.4,351.9,355.0,-4.83,11299.0,443.0,335.0
PFL,5/31/2023,350.0,360.9,341.0,348.0,-1.97,8096.0,443.0,335.0
PFL,6/1/2023,354.9,354.9,341.1,348.9,0.26,4527.0,443.0,335.0
PFL,6/4/2023,355.8,370.1,352.0,362.0,3.75,7021.0,443.0,335.0
PFL,6/5/2023,356.3,375.0,356.1,360.0,-0.55,11522.0,443.0,335.0
PFL,6/6/2023,355.8,369.0,355.0,369.0,2.5,5821.0,443.0,335.0
PFL,6/7/2023,370.0,370.0,360.0,365.0,-1.08,11781.0,443.0,335.0
PFL,6/8/2023,360.0,370.0,357.8,370.0,1.37,12918.0,443.0,335.0
PFL,6/11/2023,373.9,392.3,367.0,391.6,5.84,43791.0,443.0,335.0
PFL,6/12/2023,398.0,398.0,379.0,383.0,-2.2,14987.0,443.0,335.0
PFL,6/13/2023,380.0,394.9,380.0,390.0,1.83,17378.0,443.0,335.0
PFL,6/14/2023,394.0,400.0,380.0,380.2,-2.51,38707.0,443.0,335.0
PFL,6/15/2023,380.0,392.0,373.2,380.4,0.05,11557.0,443.0,335.0
PFL,6/18/2023,388.0,393.0,378.3,388.0,2.0,17893.0,443.0,335.0
PFL,6/19/2023,388.0,410.0,388.0,403.0,3.87,48381.0,443.0,335.0
PFL,6/20/2023,410.0,410.0,387.0,389.1,-3.45,29451.0,443.0,335.0
PFL,6/21/2023,383.0,395.0,380.0,380.0,-2.34,12637.0,443.0,335.0
PFL,6/22/2023,380.0,394.7,376.2,378.0,-0.53,17553.0,443.0,335.0
PFL,6/25/2023,385.0,401.8,382.0,396.5,4.89,18685.0,443.0,335.0
PFL,6/26/2023,404.0,412.0,400.0,404.0,1.89,36455.0,443.0,335.0
PFL,6/27/2023,411.0,420.0,404.0,414.2,2.52,45746.0,443.0,335.0
PFL,6/28/2023,420.0,420.0,396.0,401.0,-3.19,20990.0,443.0,335.0
PFL,7/2/2023,396.0,406.0,385.5,386.0,-3.74,26889.0,443.0,335.0
PFL,7/3/2023,390.0,397.0,380.4,384.0,-0.52,15105.0,443.0,335.0
PFL,7/4/2023,390.0,390.0,379.2,389.0,1.3,7804.0,443.0,335.0
PFL,7/5/2023,383.3,401.0,383.2,386.0,-0.77,21894.0,443.0,335.0
PFL,7/6/2023,393.7,400.0,385.2,392.0,1.55,19297.0,443.0,335.0
PFL,7/9/2023,399.8,404.0,392.0,396.0,1.02,12135.0,443.0,335.0
PFL,7/10/2023,390.1,409.0,390.1,408.0,3.03,36299.0,443.0,335.0
PFL,7/11/2023,406.0,426.0,403.0,420.0,2.94,40349.0,443.0,335.0
PFL,7/12/2023,425.0,426.0,405.1,412.0,-1.9,28732.0,443.0,335.0
PFL,7/13/2023,405.0,415.0,398.0,399.0,-3.16,23978.0,443.0,335.0
PFL,7/16/2023,395.1,411.0,394.0,398.0,-0.25,6272.0,443.0,335.0
PFL,7/17/2023,391.0,412.8,391.0,409.0,2.76,16461.0,443.0,335.0
PFL,7/18/2023,414.0,419.0,408.0,411.0,0.49,25251.0,443.0,335.0
PFL,7/19/2023,406.0,414.0,404.0,410.0,-0.24,8569.0,443.0,335.0
PFL,7/20/2023,409.8,413.0,402.0,405.0,-1.22,13738.0,443.0,335.0
PFL,7/23/2023,405.0,415.1,401.3,415.0,2.47,16098.0,443.0,335.0
PFL,7/24/2023,410.0,414.9,399.3,399.3,-3.78,15753.0,443.0,335.0
PFL,7/25/2023,397.0,404.0,392.1,395.0,-1.08,13606.0,443.0,335.0
PFL,7/26/2023,391.4,402.9,391.4,392.5,-0.63,9300.0,443.0,335.0
PFL,7/27/2023,394.0,400.0,385.0,386.0,-1.66,15864.0,443.0,335.0
PFL,7/30/2023,386.0,393.0,374.4,379.0,-1.81,12667.0,443.0,335.0
PFL,7/31/2023,386.5,387.0,374.0,379.0,0.0,5266.0,443.0,335.0
PFL,8/1/2023,386.0,386.0,370.0,376.5,-0.66,4288.0,443.0,335.0
PFL,8/2/2023,384.0,384.0,374.0,379.0,0.66,5707.0,443.0,335.0
PFL,8/3/2023,385.9,385.9,372.0,372.0,-1.85,4369.0,443.0,335.0
PFL,8/6/2023,370.0,374.0,353.0,360.0,-3.23,13800.0,443.0,335.0
PFL,8/7/2023,366.0,366.0,354.2,360.0,0.0,11237.0,443.0,335.0
PFL,8/8/2023,367.1,367.2,357.0,357.4,-0.72,8691.0,443.0,335.0
PFL,8/9/2023,356.4,363.0,351.0,363.0,1.57,8001.0,443.0,335.0
PFL,8/10/2023,368.0,370.0,360.0,366.0,0.83,5748.0,443.0,335.0
PFL,8/13/2023,367.0,374.0,365.2,372.9,1.89,9466.0,443.0,335.0
PFL,8/14/2023,374.9,379.9,370.0,373.0,0.03,5452.0,443.0,335.0
PFL,8/15/2023,365.6,370.0,363.0,365.0,-2.14,4381.0,443.0,335.0
PFL,8/16/2023,358.0,364.0,355.2,358.9,-1.67,2903.0,443.0,335.0
PFL,8/17/2023,355.0,366.8,355.0,362.0,0.86,4325.0,443.0,335.0
PFL,8/20/2023,357.0,362.0,354.0,355.0,-1.93,3536.0,443.0,335.0
PFL,8/21/2023,348.0,361.0,346.5,346.5,-2.39,6566.0,443.0,335.0
PFL,8/22/2023,346.5,362.5,340.3,356.0,2.74,2020.0,443.0,335.0
PFL,8/23/2023,363.0,369.0,356.1,368.0,3.37,2018.0,443.0,335.0
PFL,8/24/2023,363.0,363.0,354.1,354.2,-3.75,3875.0,443.0,335.0
PFL,8/27/2023,350.0,354.9,347.2,347.2,-1.98,6598.0,443.0,335.0
PFL,8/28/2023,347.0,360.0,345.0,353.0,1.67,1959.0,443.0,335.0
PFL,8/29/2023,346.0,354.0,346.0,350.1,-0.82,2086.0,443.0,335.0
PFL,8/30/2023,357.1,364.0,348.0,350.5,0.11,2398.0,443.0,335.0
PFL,9/3/2023,346.0,346.0,344.0,346.0,-1.28,4171.0,443.0,335.0
PFL,9/4/2023,349.0,349.0,341.4,345.0,-0.29,4428.0,443.0,335.0
PFL,9/5/2023,340.0,347.0,338.1,345.0,0.0,2601.0,443.0,335.0
PFL,9/7/2023,345.0,345.0,338.1,340.0,-1.45,6048.0,443.0,335.0
PFL,9/10/2023,340.0,350.0,340.0,348.9,2.62,3812.0,443.0,335.0
PFL,9/11/2023,349.0,359.0,348.0,355.0,1.75,1746.0,443.0,335.0
PFL,9/12/2023,350.0,350.0,346.0,347.0,-2.25,1434.0,443.0,335.0
PFL,9/13/2023,345.0,358.0,345.0,357.0,2.88,3424.0,443.0,335.0
PFL,9/17/2023,355.0,355.0,344.0,344.1,-3.61,4566.0,443.0,335.0
PFL,9/18/2023,350.9,350.9,344.0,347.0,0.84,544.0,443.0,335.0
PFL,9/19/2023,341.0,351.5,341.0,351.0,1.15,2436.0,443.0,335.0
PFL,9/21/2023,358.0,373.0,358.0,369.0,5.13,5583.0,443.0,335.0
PFL,9/24/2023,362.0,375.0,355.1,355.3,-3.71,5853.0,443.0,335.0
PFL,9/25/2023,350.0,360.0,350.0,353.0,-0.65,1489.0,443.0,335.0
PFL,9/26/2023,360.0,367.0,354.2,359.9,1.95,6957.0,443.0,335.0
PFL,9/27/2023,363.9,364.0,350.1,359.9,0.0,4601.0,443.0,335.0
PFL,10/1/2023,352.8,355.1,350.0,354.9,-1.39,3213.0,443.0,335.0
PFL,10/2/2023,349.0,362.0,349.0,358.1,0.9,4597.0,443.0,335.0
PFL,10/3/2023,358.1,360.0,353.1,358.0,-0.03,3240.0,443.0,335.0
PFL,10/4/2023,360.0,364.2,357.0,358.1,0.03,3086.0,443.0,335.0
PFL,10/5/2023,352.8,358.0,352.8,353.4,-1.31,2407.0,443.0,335.0
PFL,10/8/2023,349.0,352.0,342.1,345.0,-2.38,12292.0,443.0,335.0
PFL,10/9/2023,345.1,350.0,342.0,342.0,-0.87,3719.0,443.0,335.0
PFL,10/10/2023,338.0,346.8,338.0,343.9,0.56,3682.0,443.0,335.0
PFL,10/11/2023,342.2,346.0,340.5,342.0,-0.55,2623.0,443.0,335.0
PFL,10/12/2023,346.0,349.0,339.2,341.5,-0.15,2688.0,443.0,335.0
PFL,10/16/2023,342.0,343.0,335.0,335.3,-1.82,2192.0,443.0,335.0
PFL,10/17/2023,342.0,345.0,337.0,338.0,0.81,2435.0,443.0,335.0
PFL,10/18/2023,332.1,346.1,332.1,343.0,1.48,2114.0,443.0,335.0
PFL,10/19/2023,344.0,344.0,340.0,344.0,0.29,1270.0,443.0,335.0
PFL,10/29/2023,338.0,339.0,335.1,339.0,-1.45,943.0,443.0,335.0
PFL,10/30/2023,339.0,344.8,339.0,344.8,1.71,773.0,443.0,335.0
PFL,10/31/2023,343.0,343.0,338.0,338.0,-1.97,955.0,443.0,335.0
PFL,11/1/2023,335.1,342.0,335.0,341.0,0.89,2418.0,443.0,335.0
PFL,11/2/2023,337.1,340.0,337.1,337.1,-1.14,355.0,443.0,335.0
PFL,11/5/2023,330.4,332.0,328.0,330.0,-2.11,4756.0,443.0,335.0
PFL,11/6/2023,325.1,340.0,325.1,333.1,0.94,2139.0,443.0,335.0
PFL,11/7/2023,339.0,345.0,331.0,331.0,-0.63,3698.0,443.0,335.0
PFL,11/8/2023,330.0,343.0,330.0,338.0,2.11,844.0,443.0,335.0
PFL,11/9/2023,331.5,337.0,328.3,335.0,-0.89,4397.0,443.0,335.0
PFL,11/20/2023,335.0,339.3,333.0,338.0,0.9,1948.0,443.0,335.0
PFL,11/21/2023,338.0,338.0,325.0,325.1,-3.82,2974.0,443.0,335.0
PFL,11/22/2023,326.0,336.0,320.2,326.0,0.28,2456.0,443.0,335.0
PFL,11/23/2023,332.5,339.1,327.0,327.0,0.31,1718.0,443.0,335.0
PFL,11/26/2023,327.0,340.0,327.0,340.0,3.98,6584.0,443.0,335.0
PFL,11/27/2023,345.0,345.0,333.2,333.5,-1.91,4025.0,443.0,335.0
PFL,11/28/2023,335.0,336.0,333.1,333.2,-0.09,1248.0,443.0,335.0
PFL,11/29/2023,338.5,339.0,332.0,336.0,0.84,2461.0,443.0,335.0
PFL,11/30/2023,330.5,337.0,330.5,331.0,-1.49,2296.0,443.0,335.0
PFL,12/3/2023,326.0,337.6,325.2,337.0,1.81,2302.0,443.0,335.0
PFL,12/4/2023,330.4,336.0,330.3,332.5,-1.34,2243.0,443.0,335.0
PFL,12/5/2023,330.1,330.1,327.1,327.6,-1.47,2098.0,443.0,335.0
PFL,12/6/2023,327.5,333.5,327.0,328.0,0.12,3653.0,443.0,335.0
PFL,12/7/2023,332.0,336.0,327.0,330.0,0.61,4589.0,443.0,335.0
PFL,12/10/2023,336.6,343.0,336.6,343.0,3.94,1110.0,443.0,335.0
PFL,12/11/2023,349.8,362.0,344.0,344.6,0.47,10280.0,443.0,335.0
PFL,12/12/2023,349.0,365.5,343.5,359.5,4.32,14639.0,443.0,335.0
PFL,12/13/2023,363.0,370.0,349.0,360.0,0.14,8636.0,443.0,335.0
PFL,12/14/2023,353.0,365.8,352.8,362.0,0.56,13059.0,443.0,335.0
PFL,12/17/2023,354.8,366.3,350.0,365.5,0.97,25946.0,443.0,335.0
PFL,12/18/2023,372.7,380.0,363.0,370.9,1.48,34409.0,443.0,335.0
PFL,12/19/2023,377.0,377.0,365.0,373.0,0.57,9194.0,443.0,335.0
PFL,12/20/2023,370.0,380.0,367.6,373.1,0.03,17578.0,443.0,335.0
PFL,12/21/2023,365.7,370.0,356.0,360.3,-3.43,26538.0,443.0,335.0
PFL,12/24/2023,365.0,365.0,350.0,354.5,-1.61,18130.0,443.0,335.0
PFL,12/27/2023,356.1,361.5,351.0,358.0,0.99,14511.0,443.0,335.0
PFL,12/28/2023,361.0,364.9,350.0,354.8,-0.89,7852.0,443.0,335.0
PFL,1/1/2024,353.0,364.0,350.0,354.0,-0.23,5885.0,443.0,335.0
PFL,1/2/2024,353.0,354.0,343.2,345.0,-2.54,7225.0,443.0,335.0
PFL,1/3/2024,340.0,363.1,340.0,360.0,4.35,19693.0,443.0,335.0
PFL,1/4/2024,357.0,370.9,357.0,360.0,0.0,20596.0,443.0,335.0
PFL,1/7/2024,355.1,365.0,355.1,360.0,0.0,16101.0,443.0,335.0
PFL,1/8/2024,365.0,370.0,360.0,370.0,2.78,10164.0,443.0,335.0
PFL,1/9/2024,374.5,389.0,373.1,387.0,4.59,31042.0,443.0,335.0
PFL,1/10/2024,394.6,400.0,380.0,380.0,-1.81,14985.0,443.0,335.0
PFL,1/11/2024,387.6,387.6,373.0,374.2,-1.53,8750.0,443.0,335.0
PFL,1/14/2024,381.6,385.0,377.0,380.0,1.55,9559.0,443.0,335.0
PFL,1/16/2024,385.0,393.0,379.0,390.0,2.63,26917.0,443.0,335.0
PFL,1/17/2024,396.5,404.0,377.0,377.0,-3.33,28568.0,443.0,335.0
PFL,1/18/2024,369.6,384.5,368.0,370.0,-1.86,14457.0,443.0,335.0
PFL,1/21/2024,370.5,385.0,364.0,370.0,0.0,23717.0,443.0,335.0
PFL,1/22/2024,363.0,376.0,363.0,363.0,-1.89,9204.0,443.0,335.0
PFL,1/23/2024,357.3,371.0,357.3,368.0,1.38,17749.0,443.0,335.0
PFL,1/24/2024,362.6,375.0,362.6,363.0,-1.36,5025.0,443.0,335.0
PFL,1/25/2024,356.8,365.0,356.8,364.9,0.52,9090.0,443.0,335.0
PFL,1/28/2024,360.0,375.0,360.0,373.0,2.22,4045.0,443.0,335.0
PFL,1/29/2024,378.0,378.0,365.7,369.9,-0.83,2950.0,443.0,335.0
PFL,1/30/2024,362.6,371.0,362.6,367.9,-0.54,6733.0,443.0,335.0
PFL,1/31/2024,365.1,372.4,360.6,361.0,-1.88,7714.0,443.0,335.0
PFL,2/1/2024,365.0,370.0,356.0,364.9,1.08,7733.0,443.0,335.0
PFL,2/4/2024,357.7,371.0,356.2,368.5,0.99,4251.0,443.0,335.0
PFL,2/5/2024,363.0,370.0,363.0,370.0,0.41,4011.0,443.0,335.0
PFL,2/6/2024,363.0,370.9,363.0,369.0,-0.27,4667.0,443.0,335.0
PFL,2/7/2024,375.0,376.0,367.5,367.5,-0.41,5228.0,443.0,335.0
PFL,2/8/2024,364.2,370.0,364.2,368.5,0.27,3016.0,443.0,335.0
PFL,2/11/2024,369.0,374.0,367.2,367.2,-0.35,4589.0,443.0,335.0
PFL,2/12/2024,366.1,372.0,364.0,372.0,1.31,5251.0,443.0,335.0
PFL,2/13/2024,368.1,372.0,366.0,366.0,-1.61,12243.0,443.0,335.0
PFL,2/14/2024,373.0,399.9,370.0,390.2,6.61,80981.0,443.0,335.0
PFL,2/15/2024,395.0,397.0,376.0,383.0,-1.85,10394.0,443.0,335.0
PFL,2/18/2024,375.4,375.4,368.0,369.1,-3.63,7340.0,443.0,335.0
PFL,2/20/2024,369.0,379.0,363.0,370.0,0.24,14116.0,443.0,335.0
PFL,2/21/2024,370.0,372.5,362.0,365.0,-1.35,6482.0,443.0,335.0
PFL,2/22/2024,365.1,383.0,363.0,365.3,0.08,15116.0,443.0,335.0
PFL,2/25/2024,372.0,379.0,360.0,366.9,0.44,10104.0,443.0,335.0
PFL,2/26/2024,370.0,371.9,359.9,367.4,0.14,9970.0,443.0,335.0
PFL,2/27/2024,374.7,374.7,360.1,366.0,-0.38,3103.0,443.0,335.0
PFL,2/28/2024,370.0,370.0,360.1,365.0,-0.27,7585.0,443.0,335.0
PFL,2/29/2024,360.5,368.0,342.1,354.0,-3.01,13326.0,443.0,335.0
PFL,3/3/2024,354.0,356.0,347.0,352.0,-0.56,9659.0,443.0,335.0
PFL,3/4/2024,359.0,373.4,359.0,373.4,6.08,30.0,443.0,335.0
PFL,3/5/2024,380.8,380.8,358.1,358.1,-4.1,8627.0,443.0,335.0
PFL,3/6/2024,365.2,369.9,353.4,365.8,2.15,8356.0,443.0,335.0
PFL,3/7/2024,373.1,376.7,363.6,364.0,-0.49,5524.0,443.0,335.0
PFL,3/10/2024,370.0,370.0,365.4,367.1,0.85,7154.0,443.0,335.0
PFL,3/12/2024,368.0,379.8,368.0,379.8,3.46,9326.0,443.0,335.0
PFL,3/13/2024,386.0,390.0,376.0,385.5,1.5,24829.0,443.0,335.0
PFL,3/14/2024,390.0,400.0,382.2,386.0,0.13,58764.0,443.0,335.0
PFL,3/17/2024,385.1,396.0,383.5,389.0,0.78,34369.0,443.0,335.0
PFL,3/18/2024,387.0,404.6,387.0,398.0,2.31,35111.0,443.0,335.0
PFL,3/19/2024,405.9,415.0,400.0,405.9,1.98,70145.0,443.0,335.0
PFL,3/20/2024,413.0,413.0,395.0,397.0,-2.19,33234.0,443.0,335.0
PFL,3/21/2024,395.0,425.0,393.0,412.0,3.78,79550.0,443.0,335.0
PFL,3/25/2024,412.0,412.0,397.0,402.1,-2.4,36476.0,443.0,335.0
PFL,3/26/2024,400.0,409.9,399.0,404.0,0.47,12823.0,443.0,335.0
PFL,3/27/2024,401.0,408.0,396.1,396.1,-1.96,14209.0,443.0,335.0
PFL,3/28/2024,388.2,408.0,388.2,402.0,1.49,18602.0,443.0,335.0
PFL,3/31/2024,400.0,402.0,396.0,396.0,-1.49,16474.0,443.0,335.0
PFL,4/1/2024,393.1,396.9,390.1,394.9,-0.28,9968.0,443.0,335.0
PFL,4/2/2024,396.0,398.0,390.0,395.0,0.03,11681.0,443.0,335.0
PFL,4/3/2024,395.0,400.9,385.2,390.0,-1.27,8202.0,443.0,335.0
PFL,4/4/2024,395.0,401.0,387.4,393.0,0.77,25107.0,443.0,335.0
PFL,4/7/2024,400.8,432.3,395.0,432.3,10.0,122648.0,443.0,335.0
PFL,4/9/2024,440.9,475.5,440.0,475.5,9.99,224467.0,443.0,335.0
PFL,4/10/2024,475.0,518.0,475.0,507.0,6.62,193116.0,443.0,335.0
PFL,4/14/2024,500.0,552.0,500.0,546.0,7.69,209224.0,443.0,335.0
PFL,4/15/2024,556.9,568.0,522.0,525.0,-3.85,117502.0,443.0,335.0
PFL,4/16/2024,528.0,528.0,489.1,489.6,-6.74,133223.0,443.0,335.0
PFL,4/18/2024,499.3,524.7,497.0,520.0,6.21,150370.0,443.0,335.0
PFL,4/21/2024,520.0,545.0,500.0,518.0,-0.38,129061.0,443.0,335.0
PFL,4/22/2024,520.0,531.5,513.0,514.0,-0.77,69304.0,443.0,335.0
PFL,4/24/2024,518.0,565.4,512.0,565.4,10.0,266815.0,443.0,335.0
PFL,4/25/2024,576.7,610.9,573.3,610.0,7.89,190838.0,443.0,335.0
PFL,4/28/2024,597.9,670.0,587.0,665.0,9.02,210019.0,443.0,335.0
PFL,4/29/2024,651.7,731.5,638.0,731.5,10.0,267765.0,443.0,335.0
PFL,4/30/2024,716.9,795.0,664.0,679.0,-7.18,241759.0,443.0,335.0
PFL,5/2/2024,692.5,740.0,670.0,734.0,8.1,311191.0,443.0,335.0
PFL,5/5/2024,719.4,747.0,665.0,736.0,0.27,170210.0,443.0,335.0
PFL,5/6/2024,721.3,721.3,662.4,662.4,-10.0,147420.0,443.0,335.0
PFL,5/7/2024,649.2,682.0,612.0,651.0,-1.72,129971.0,443.0,335.0
PFL,5/8/2024,638.0,654.8,626.0,651.0,0.0,77745.0,443.0,335.0
PFL,5/9/2024,651.0,665.0,638.0,665.0,2.15,147995.0,443.0,335.0
PFL,5/12/2024,678.3,678.3,640.0,656.0,-1.35,121343.0,443.0,335.0
PFL,5/13/2024,645.0,667.3,645.0,665.0,1.37,103815.0,443.0,335.0
PFL,5/14/2024,651.7,673.0,647.0,667.0,0.3,92375.0,443.0,335.0
PFL,5/15/2024,653.7,670.0,653.7,668.0,0.15,103850.0,443.0,335.0
PFL,5/16/2024,654.7,680.3,645.0,647.3,-3.1,179303.0,443.0,335.0
PFL,5/19/2024,650.0,684.0,650.0,675.0,4.28,160299.0,443.0,335.0
PFL,5/20/2024,688.0,715.0,660.9,693.6,2.76,292099.0,443.0,335.0
PFL,5/21/2024,682.0,738.0,682.0,711.0,2.51,348890.0,443.0,335.0
PFL,5/22/2024,711.0,768.0,677.0,690.0,-2.95,306400.0,443.0,335.0
PFL,5/26/2024,690.0,690.0,655.0,655.0,-5.07,72648.0,443.0,335.0
PFL,5/27/2024,641.9,718.0,641.9,710.0,8.4,277756.0,443.0,335.0
PFL,5/29/2024,695.8,781.0,656.0,768.0,8.17,287963.0,443.0,335.0
PFL,5/30/2024,752.7,752.7,691.2,691.2,-10.0,78021.0,443.0,335.0
PFL,6/2/2024,677.4,677.4,626.0,655.0,-5.24,285115.0,443.0,335.0
PFL,6/3/2024,655.0,673.2,639.0,656.9,0.29,213418.0,443.0,335.0
PFL,6/4/2024,645.0,654.0,636.0,647.9,-1.37,124048.0,443.0,335.0
PFL,6/5/2024,640.0,678.0,628.0,646.8,-0.17,189508.0,443.0,335.0
PFL,6/6/2024,646.8,646.8,596.0,613.7,-5.12,229730.0,443.0,335.0
PFL,6/9/2024,601.5,607.0,569.0,570.0,-7.12,212294.0,443.0,335.0
PFL,6/10/2024,572.0,606.0,558.59,604.7,6.09,139729.0,443.0,335.0
PFL,6/11/2024,592.7,625.0,592.7,617.9,2.18,77988.0,443.0,335.0
PFL,6/12/2024,618.0,618.0,590.0,592.0,-4.19,111615.0,443.0,335.0
PFL,6/13/2024,580.2,621.0,580.2,599.0,1.18,137696.0,443.0,335.0
PFL,6/16/2024,599.0,609.0,590.0,592.0,-1.17,92060.0,443.0,335.0
PFL,6/18/2024,580.2,605.0,580.2,595.0,0.51,93591.0,443.0,335.0
PFL,6/19/2024,606.9,616.9,590.1,605.0,1.68,106499.0,443.0,335.0
PFL,6/20/2024,605.0,626.0,596.0,619.8,2.45,144566.0,443.0,335.0
PFL,6/23/2024,632.1,663.0,627.0,662.9,6.95,265347.0,443.0,335.0
PFL,6/24/2024,649.7,708.9,640.0,678.0,2.28,238935.0,443.0,335.0
PFL,6/25/2024,664.5,695.0,657.0,657.0,-3.1,141461.0,443.0,335.0
PFL,6/26/2024,657.0,672.0,641.2,642.0,-2.28,134874.0,443.0,335.0
PFL,6/27/2024,629.2,665.0,620.0,621.0,-3.27,139587.0,443.0,335.0
PFL,6/30/2024,608.6,632.0,603.0,603.0,-2.9,88892.0,443.0,335.0
PFL,7/1/2024,603.0,614.8,595.0,598.0,-0.83,91604.0,443.0,335.0
PFL,7/2/2024,609.9,645.6,598.0,600.9,0.48,62859.0,443.0,335.0
PFL,7/3/2024,588.9,625.0,588.9,614.5,2.26,142092.0,443.0,335.0
PFL,7/4/2024,615.0,623.0,605.0,605.0,-1.55,79414.0,443.0,335.0
PFL,7/7/2024,617.1,617.1,595.0,599.0,-0.99,68882.0,443.0,335.0
PFL,7/8/2024,592.1,607.0,592.1,593.1,-0.98,43173.0,443.0,335.0
PFL,7/9/2024,604.9,606.0,590.1,592.0,-0.19,43031.0,443.0,335.0
PFL,7/10/2024,600.0,600.0,592.0,594.0,0.34,41137.0,443.0,335.0
PFL,7/11/2024,600.0,610.0,597.0,598.0,0.67,66766.0,443.0,335.0
PFL,7/14/2024,609.9,622.0,600.0,602.0,0.67,65732.0,443.0,335.0
PFL,7/15/2024,607.0,612.0,590.0,592.0,-1.66,75609.0,443.0,335.0
PFL,7/16/2024,601.0,608.5,592.3,606.0,2.36,68845.0,443.0,335.0
PFL,7/17/2024,608.0,643.0,607.0,639.0,5.45,171856.0,443.0,335.0
PFL,7/18/2024,651.7,651.7,625.2,629.0,-1.56,115936.0,443.0,335.0
PFL,7/21/2024,631.0,642.0,620.0,627.0,-0.32,89797.0,443.0,335.0
PFL,7/22/2024,634.0,640.0,621.0,630.6,0.57,101281.0,443.0,335.0
PFL,7/23/2024,631.0,645.0,628.2,644.0,2.12,123908.0,443.0,335.0
PFL,7/24/2024,649.0,656.8,632.1,632.1,-1.85,111625.0,443.0,335.0
PFL,7/25/2024,632.1,640.0,626.1,626.1,-0.95,87266.0,443.0,335.0
PFL,7/28/2024,638.6,645.9,617.0,625.0,-0.18,83350.0,443.0,335.0
PFL,7/29/2024,625.0,636.8,617.0,624.0,-0.16,124927.0,443.0,335.0
PFL,7/30/2024,625.0,649.9,624.1,640.0,2.56,163148.0,443.0,335.0
PFL,7/31/2024,651.9,704.0,650.0,701.9,9.67,309263.0,443.0,335.0
PFL,8/1/2024,715.0,734.0,675.0,675.6,-3.75,218865.0,443.0,335.0
PFL,8/5/2024,676.0,687.0,657.0,662.8,-1.89,169316.0,443.0,335.0
PFL,8/6/2024,650.0,665.0,615.0,619.0,-6.61,168353.0,443.0,335.0
PFL,8/7/2024,610.0,664.0,610.0,649.0,4.85,118331.0,443.0,335.0
PFL,8/8/2024,661.9,670.0,625.0,629.9,-2.94,88787.0,443.0,335.0
PFL,8/11/2024,642.4,650.0,615.0,634.0,0.65,91036.0,443.0,335.0
PFL,8/12/2024,645.0,669.0,641.0,655.0,3.31,129662.0,443.0,335.0
PFL,8/13/2024,664.9,692.0,655.0,670.0,2.29,171430.0,443.0,335.0
PFL,8/14/2024,683.4,722.0,680.0,720.0,7.46,279583.0,443.0,335.0
PFL,8/15/2024,730.0,759.0,695.8,700.0,-2.78,184893.0,443.0,335.0
PFL,8/18/2024,686.0,710.0,660.0,665.2,-4.97,171271.0,443.0,335.0
PFL,8/21/2024,660.0,715.0,660.0,709.0,6.58,211819.0,443.0,335.0
PFL,8/22/2024,723.1,755.0,715.1,718.0,1.27,190047.0,443.0,335.0
PFL,8/25/2024,718.0,719.1,680.3,684.0,-4.74,123738.0,443.0,335.0
PFL,8/27/2024,677.0,706.5,660.0,660.1,-3.49,105522.0,443.0,335.0
PFL,8/28/2024,673.0,688.0,647.0,660.0,-0.02,57229.0,443.0,335.0
PFL,8/29/2024,673.0,673.0,642.0,644.0,-2.42,57489.0,443.0,335.0
PFL,9/1/2024,646.0,660.0,619.0,620.0,-3.73,61500.0,443.0,335.0
PFL,9/2/2024,632.4,679.7,620.0,667.0,7.58,112268.0,443.0,335.0
PFL,9/3/2024,680.3,687.0,660.0,661.0,-0.9,72990.0,443.0,335.0
PFL,9/4/2024,673.8,674.0,630.1,630.2,-4.66,70028.0,443.0,335.0
PFL,9/5/2024,625.0,646.5,625.0,638.0,1.24,44119.0,443.0,335.0
PFL,9/8/2024,650.0,650.7,630.3,630.3,-1.21,31474.0,443.0,335.0
PFL,9/9/2024,622.3,640.0,615.0,615.0,-2.43,33699.0,443.0,335.0
PFL,9/10/2024,620.0,632.9,609.0,610.0,-0.81,35631.0,443.0,335.0
PFL,9/11/2024,622.0,626.0,602.0,605.0,-0.82,32094.0,443.0,335.0
PFL,9/12/2024,609.0,631.3,602.1,626.0,3.47,41040.0,443.0,335.0
PFL,9/15/2024,637.0,638.0,606.0,607.0,-3.04,62297.0,443.0,335.0
PFL,9/16/2024,605.0,613.9,579.0,580.5,-4.37,47075.0,443.0,335.0
PFL,9/18/2024,580.5,584.0,568.4,584.0,0.6,42557.0,443.0,335.0
PFL,9/22/2024,573.9,608.6,573.9,590.0,1.03,31155.0,443.0,335.0
PFL,9/23/2024,580.1,597.8,537.1,568.0,-3.73,45783.0,443.0,335.0
PFL,9/24/2024,565.0,572.0,518.0,530.0,-6.69,44124.0,443.0,335.0
PFL,9/25/2024,525.0,551.0,508.0,544.9,2.81,17336.0,443.0,335.0
PFL,9/26/2024,552.0,565.0,512.0,565.0,3.69,38966.0,443.0,335.0
PFL,9/29/2024,554.0,554.0,526.6,553.8,-1.98,33972.0,443.0,335.0
PFL,9/30/2024,564.8,564.8,520.0,564.0,1.84,22958.0,443.0,335.0
PFL,10/1/2024,569.0,620.0,566.9,619.9,9.91,66278.0,443.0,335.0
PFL,10/2/2024,632.2,637.5,596.0,637.5,2.84,74983.0,443.0,335.0
PFL,10/6/2024,637.5,665.0,615.1,665.0,4.31,54311.0,443.0,335.0
PFL,10/7/2024,665.0,675.0,640.0,640.0,-3.76,40642.0,443.0,335.0
PFL,10/8/2024,637.0,643.0,619.0,620.0,-3.12,10222.0,443.0,335.0
PFL,10/9/2024,617.0,632.0,610.0,620.0,0.0,16936.0,443.0,335.0
PFL,10/15/2024,620.1,649.9,620.1,643.0,3.71,20922.0,443.0,335.0
PFL,10/16/2024,653.8,655.5,633.2,645.0,0.31,30968.0,443.0,335.0
PFL,10/17/2024,650.0,709.0,632.0,672.2,4.22,158193.0,443.0,335.0
PFL,10/20/2024,660.0,683.0,635.0,650.1,-3.29,77168.0,443.0,335.0
PFL,10/21/2024,650.1,662.0,628.0,630.0,-3.09,37863.0,443.0,335.0
PFL,10/22/2024,621.8,663.0,621.8,653.0,3.65,34719.0,443.0,335.0
PFL,10/23/2024,666.0,670.1,638.0,652.0,-0.15,58132.0,443.0,335.0
PFL,10/24/2024,657.5,660.0,640.0,643.0,-1.38,29162.0,443.0,335.0
PFL,10/27/2024,655.0,655.0,634.0,645.8,0.44,34753.0,443.0,335.0
PFL,10/28/2024,657.9,670.0,638.0,669.0,3.59,53229.0,443.0,335.0
PFL,10/29/2024,681.0,688.0,655.0,669.0,0.0,75472.0,443.0,335.0
PFL,10/30/2024,670.0,675.8,645.1,660.0,-1.35,41926.0,443.0,335.0
PFL,11/5/2024,667.0,672.0,652.1,656.9,-0.47,12846.0,443.0,335.0
PFL,11/6/2024,668.6,668.6,648.8,655.0,-0.29,35223.0,443.0,335.0
PFL,11/10/2024,655.0,677.9,652.0,674.0,2.9,61153.0,443.0,335.0
PFL,11/11/2024,683.0,688.6,661.1,669.0,-0.74,69185.0,443.0,335.0
PFL,11/12/2024,669.0,713.9,664.2,692.4,3.5,136089.0,443.0,335.0
PFL,11/13/2024,699.0,761.6,699.0,761.6,9.99,346450.0,443.0,335.0
PFL,11/14/2024,761.0,794.0,761.0,765.0,0.45,127964.0,443.0,335.0
PFL,11/17/2024,780.3,780.3,735.0,743.0,-2.88,214628.0,443.0,335.0
PFL,11/19/2024,745.0,794.9,745.0,773.0,4.04,322179.0,443.0,335.0
PFL,11/20/2024,788.4,788.4,763.0,770.0,-0.39,94242.0,443.0,335.0
PFL,11/21/2024,770.0,779.0,730.0,736.0,-4.42,128875.0,443.0,335.0
PFL,11/24/2024,737.0,756.0,722.0,730.0,-0.82,100896.0,443.0,335.0
PFL,11/25/2024,744.6,750.0,730.0,740.0,1.37,138230.0,443.0,335.0
PFL,11/26/2024,740.0,760.0,731.0,744.0,0.54,148865.0,443.0,335.0
PFL,11/27/2024,758.8,758.8,730.0,734.0,-1.34,132211.0,443.0,335.0
PFL,11/28/2024,743.9,743.9,710.1,712.0,-3.0,130423.0,443.0,335.0
PFL,12/1/2024,710.0,725.0,697.8,716.0,0.56,84039.0,443.0,335.0
PFL,12/2/2024,716.0,724.0,691.0,692.0,-3.35,97882.0,443.0,335.0
PFL,12/3/2024,695.0,727.2,695.0,705.0,1.88,71513.0,443.0,335.0
PFL,12/4/2024,719.0,719.0,691.1,695.1,-1.4,72748.0,443.0,335.0
PFL,12/5/2024,696.0,700.0,662.0,669.0,-3.75,82112.0,443.0,335.0
PFL,12/8/2024,665.0,678.0,650.0,650.1,-2.83,55974.0,443.0,335.0
PFL,12/9/2024,645.1,674.0,645.1,674.0,3.68,87952.0,443.0,335.0
PFL,12/10/2024,674.0,680.0,661.0,667.9,-0.91,22240.0,443.0,335.0
PFL,12/11/2024,666.0,690.0,658.0,683.0,2.26,56467.0,443.0,335.0
PFL,12/12/2024,670.0,710.0,656.6,657.0,-3.81,52232.0,443.0,335.0
PFL,12/16/2024,644.0,649.0,618.0,620.0,-5.63,52833.0,443.0,335.0
PFL,12/17/2024,607.6,633.0,607.6,623.9,0.63,73220.0,443.0,335.0
PFL,12/18/2024,635.0,650.0,626.1,649.0,4.02,53199.0,443.0,335.0
PFL,12/19/2024,643.0,645.0,624.0,630.0,-2.93,30540.0,443.0,335.0
PFL,12/22/2024,619.0,629.0,611.0,619.8,-1.62,23069.0,443.0,335.0
PFL,12/23/2024,629.6,632.1,615.0,623.8,0.65,34682.0,443.0,335.0
PFL,12/24/2024,618.0,650.0,618.0,631.0,1.15,63461.0,443.0,335.0
PFL,12/26/2024,630.0,630.0,613.0,618.0,-2.06,41316.0,443.0,335.0
PFL,12/29/2024,609.0,610.0,572.0,577.0,-6.63,70735.0,443.0,335.0
PFL,12/31/2024,565.5,565.5,519.3,519.3,-10.0,42454.0,443.0,335.0
PFL,1/1/2025,519.3,550.0,489.1,538.9,3.77,103354.0,443.0,335.0
PFL,1/2/2025,535.0,538.0,518.5,522.0,-3.14,55081.0,443.0,335.0
PFL,1/5/2025,522.0,532.1,515.0,515.1,-1.32,60519.0,443.0,335.0
PFL,1/6/2025,520.0,525.0,512.5,522.9,1.51,42387.0,443.0,335.0
PFL,1/7/2025,530.0,563.0,525.0,557.0,6.52,53258.0,443.0,335.0
PFL,1/8/2025,557.1,600.0,555.0,582.6,4.6,94443.0,443.0,335.0
PFL,1/9/2025,582.6,582.6,540.2,550.0,-5.6,135584.0,443.0,335.0
PFL,1/12/2025,550.0,550.0,515.0,522.0,-5.09,80209.0,443.0,335.0
PFL,1/13/2025,515.0,532.0,512.0,529.0,1.34,63055.0,443.0,335.0
PFL,1/15/2025,518.5,518.5,476.1,481.1,-9.05,234021.0,443.0,335.0
PFL,1/16/2025,471.5,471.5,433.0,433.0,-10.0,257966.0,443.0,335.0
PFL,1/19/2025,424.4,450.4,389.7,436.0,0.69,338940.0,443.0,335.0
PFL,1/20/2025,427.3,437.0,404.0,423.3,-2.91,157265.0,443.0,335.0
PFL,1/21/2025,431.7,431.7,400.0,402.0,-5.03,74905.0,443.0,335.0
PFL,1/22/2025,394.0,407.4,386.2,398.9,-0.77,114955.0,443.0,335.0
PFL,1/23/2025,398.9,405.0,375.0,376.0,-5.74,208827.0,443.0,335.0
PFL,1/26/2025,376.0,380.0,344.0,362.1,-3.7,180155.0,443.0,335.0
PFL,1/27/2025,363.0,386.0,339.9,384.0,6.05,129750.0,443.0,335.0
PFL,1/28/2025,388.0,396.6,374.0,392.1,2.11,103787.0,443.0,335.0
PFL,2/2/2025,399.9,399.9,374.4,379.8,-3.14,154693.0,443.0,335.0
PFL,2/3/2025,387.0,387.0,375.0,376.0,-1.0,92038.0,443.0,335.0
PFL,2/4/2025,376.0,388.0,365.6,367.0,-2.39,53026.0,443.0,335.0
PFL,2/5/2025,367.0,403.7,364.0,403.0,9.81,140662.0,443.0,335.0
PFL,2/6/2025,411.0,431.0,400.0,412.0,2.23,176212.0,443.0,335.0
PFL,2/9/2025,420.2,425.0,400.0,412.0,0.0,102317.0,443.0,335.0
PFL,2/10/2025,418.0,423.3,402.0,402.0,-2.43,58370.0,443.0,335.0
PFL,2/11/2025,400.0,410.0,397.0,399.0,-0.75,43010.0,443.0,335.0
PFL,2/12/2025,405.0,417.0,395.2,402.7,0.93,115905.0,443.0,335.0
PFL,2/13/2025,410.0,442.9,410.0,442.9,9.98,211366.0,443.0,335.0
PFL,2/16/2025,451.7,487.1,451.7,487.1,9.98,216607.0,443.0,335.0
PFL,2/17/2025,496.8,520.0,466.0,475.0,-2.48,300974.0,443.0,335.0
PFL,2/18/2025,475.0,489.0,462.7,466.0,-1.89,117303.0,443.0,335.0
PFL,2/20/2025,466.0,489.0,450.8,463.0,-0.64,142869.0,443.0,335.0
PFL,2/23/2025,472.2,478.0,449.0,464.0,0.22,72902.0,443.0,335.0
PFL,2/24/2025,470.7,470.7,452.0,454.0,-2.16,47447.0,443.0,335.0
PFL,2/25/2025,463.0,463.0,450.8,454.0,0.0,45254.0,443.0,335.0
PFL,2/27/2025,455.0,468.9,452.0,456.0,0.44,40058.0,443.0,335.0
PFL,3/2/2025,463.0,499.4,463.0,498.0,9.21,159287.0,443.0,335.0
PFL,3/3/2025,507.0,518.0,483.0,487.0,-2.21,109590.0,443.0,335.0
PFL,3/4/2025,496.0,501.0,479.0,479.0,-1.64,73268.0,443.0,335.0
PFL,3/5/2025,487.9,487.9,465.0,471.0,-1.67,48698.0,443.0,335.0
PFL,3/6/2025,477.9,480.0,465.6,470.0,-0.21,42666.0,443.0,335.0
PFL,3/9/2025,470.0,475.0,461.0,466.0,-0.85,26462.0,443.0,335.0
PFL,3/10/2025,469.9,470.0,458.0,459.0,-1.5,35419.0,443.0,335.0
PFL,3/11/2025,464.0,465.0,450.0,450.5,-1.85,48442.0,443.0,335.0
PFL,3/12/2025,459.0,461.0,448.9,453.1,0.58,37828.0,443.0,335.0
PFL,3/16/2025,462.0,498.0,455.0,458.0,1.08,90426.0,443.0,335.0
PFL,3/17/2025,462.8,462.8,450.0,452.0,-1.31,23899.0,443.0,335.0
PFL,3/18/2025,458.9,458.9,450.0,453.9,0.42,19616.0,443.0,335.0
PFL,3/19/2025,460.0,460.0,435.0,436.9,-3.75,35114.0,443.0,335.0
PFL,3/20/2025,436.0,441.8,422.5,423.35,-3.1,41880.0,443.0,335.0
PFL,3/23/2025,424.0,424.0,405.8,407.57,-3.73,48619.0,443.0,335.0
PFL,3/24/2025,415.7,444.0,400.0,439.02,7.72,79357.0,443.0,335.0
PFL,3/25/2025,439.0,440.0,417.3,420.69,-4.18,25956.0,443.0,335.0
PFL,3/26/2025,427.0,435.5,425.0,430.78,2.4,29476.0,443.0,335.0
PFL,3/27/2025,431.0,438.9,428.1,435.15,1.01,29521.0,443.0,335.0
PFL,3/30/2025,430.0,448.9,428.0,440.32,1.19,40400.0,443.0,335.0
PFL,4/1/2025,440.0,443.0,426.4,431.5,-2.0,26625.0,443.0,335.0
PFL,4/2/2025,440.1,451.8,425.0,441.04,2.21,43573.0,443.0,335.0
PFL,4/3/2025,445.0,449.5,432.0,434.63,-1.45,20788.0,443.0,335.0
PFL,4/7/2025,443.0,443.0,423.0,423.22,-2.63,25345.0,443.0,335.0
PFL,4/8/2025,431.6,431.6,415.0,424.46,0.29,21487.0,443.0,335.0
PFL,4/9/2025,430.0,432.0,423.0,423.37,-0.26,13827.0,443.0,335.0
PFL,4/10/2025,427.9,427.9,416.0,417.79,-1.32,23266.0,443.0,335.0
PFL,4/13/2025,415.0,420.9,411.5,415.15,-0.63,21691.0,443.0,335.0
PFL,4/15/2025,420.0,424.8,413.0,419.71,1.1,17487.0,443.0,335.0
PFL,4/16/2025,425.0,425.0,416.0,418.1,-0.38,13732.0,443.0,335.0
PFL,4/17/2025,418.0,424.3,416.0,422.3,1.0,27133.0,443.0,335.0
PFL,4/20/2025,417.0,433.0,415.1,419.83,-0.58,13705.0,443.0,335.0
PFL,4/21/2025,418.1,424.5,417.0,417.59,-0.53,20340.0,443.0,335.0
PFL,4/22/2025,418.0,422.6,414.0,414.67,-0.7,22199.0,443.0,335.0
PFL,4/23/2025,413.0,417.0,407.0,410.25,-1.07,18015.0,443.0,335.0
PFL,4/24/2025,405.0,413.0,392.0,408.0,-0.55,48301.0,443.0,335.0
PFL,4/27/2025,413.0,414.0,394.0,397.09,-2.67,57494.0,443.0,335.0
PFL,4/28/2025,400.0,416.0,398.0,405.13,2.02,41168.0,443.0,335.0
PFL,4/29/2025,401.0,413.2,398.0,399.36,-1.42,20941.0,443.0,335.0
PFL,4/30/2025,405.0,405.0,394.1,395.41,-0.99,29116.0,443.0,335.0
PFL,5/4/2025,402.0,402.0,390.2,391.63,-0.96,18410.0,443.0,335.0
PFL,5/5/2025,394.0,398.8,390.0,390.19,-0.37,18749.0,443.0,335.0
PFL,5/6/2025,395.0,395.0,390.0,391.27,0.28,16376.0,443.0,335.0
PFL,5/7/2025,391.0,422.0,387.0,421.36,7.69,48982.0,443.0,335.0
PFL,5/8/2025,425.0,444.7,407.0,431.5,2.41,66118.0,443.0,335.0
PFL,5/11/2025,432.0,437.9,417.0,418.51,-3.01,25345.0,443.0,335.0
PFL,5/13/2025,418.0,424.0,406.7,411.03,-1.79,23018.0,443.0,335.0
PFL,5/14/2025,417.0,419.2,409.0,411.2,0.04,21816.0,443.0,335.0
PFL,5/15/2025,416.9,417.0,407.7,409.36,-0.45,13005.0,443.0,335.0
PFL,5/18/2025,415.0,417.0,404.5,406.91,-0.6,13267.0,443.0,335.0
PFL,5/19/2025,415.0,419.0,410.0,411.01,1.01,13689.0,443.0,335.0
PFL,5/20/2025,411.0,423.0,405.0,420.32,2.27,19324.0,443.0,335.0
PFL,5/21/2025,428.7,445.0,414.0,414.89,-1.29,35149.0,443.0,335.0
PFL,5/22/2025,420.0,420.0,413.0,413.8,-0.26,11730.0,443.0,335.0
PFL,5/25/2025,420.0,422.0,406.0,408.27,-1.34,13303.0,443.0,335.0
PFL,5/26/2025,416.4,425.0,412.0,412.24,0.97,14290.0,443.0,335.0
PFL,5/27/2025,410.0,420.0,405.0,408.37,-0.94,12289.0,443.0,335.0
PFL,5/28/2025,406.0,412.0,406.0,411.07,0.66,14157.0,443.0,335.0
PFL,6/2/2025,411.0,417.9,411.0,413.06,0.48,19720.0,443.0,335.0
PFL,6/3/2025,415.0,415.0,405.5,406.72,-1.53,15547.0,443.0,335.0
PFL,6/4/2025,405.3,423.0,405.3,406.17,-0.14,9602.0,443.0,335.0
PFL,6/5/2025,412.0,412.0,400.0,405.66,-0.13,17978.0,443.0,335.0
PFL,6/8/2025,405.0,413.0,397.0,399.31,-1.57,17797.0,443.0,335.0
PFL,6/9/2025,399.4,409.7,395.1,403.04,0.93,26198.0,443.0,335.0
PFL,6/10/2025,410.8,427.0,400.0,422.96,4.94,64885.0,443.0,335.0
PFL,6/11/2025,418.2,423.0,412.5,414.14,-2.09,19121.0,443.0,335.0
PFL,6/12/2025,407.0,423.0,407.0,412.51,-0.39,23650.0,443.0,335.0
PFL,6/15/2025,412.0,419.9,406.3,408.25,-1.03,21775.0,443.0,335.0
PFL,6/16/2025,412.0,412.0,403.0,408.17,-0.02,28502.0,443.0,335.0
PFL,6/17/2025,408.9,409.0,400.2,402.78,-1.32,21600.0,443.0,335.0
PFL,6/18/2025,394.8,409.9,394.8,404.79,0.5,17864.0,443.0,335.0
PFL,6/19/2025,410.0,410.0,398.0,401.47,-0.82,35304.0,443.0,335.0
PFL,6/22/2025,393.9,409.7,393.9,397.88,-0.89,12931.0,443.0,335.0
PFL,6/23/2025,402.5,405.0,397.0,401.37,0.88,12518.0,443.0,335.0
PFL,6/24/2025,407.0,407.0,397.0,399.24,-0.53,12891.0,443.0,335.0
PFL,6/25/2025,402.0,402.0,394.0,395.28,-0.99,14867.0,443.0,335.0
PFL,6/26/2025,397.0,402.0,396.0,396.64,0.34,11509.0,443.0,335.0
PFL,6/29/2025,396.0,404.0,391.0,402.19,1.4,11037.0,443.0,335.0
PFL,6/30/2025,394.2,406.0,394.2,396.04,-1.53,15070.0,443.0,335.0
PFL,7/1/2025,402.0,403.5,398.0,401.95,1.49,13160.0,443.0,335.0
PFL,7/2/2025,405.8,416.1,405.0,409.31,1.83,20959.0,443.0,335.0
PFL,7/3/2025,411.0,435.0,409.0,426.87,4.29,102041.0,443.0,335.0
PFL,7/6/2025,435.0,452.5,423.0,436.27,2.2,144021.0,443.0,335.0
PFL,7/7/2025,439.0,439.0,417.5,419.73,-3.79,36842.0,443.0,335.0
PFL,7/8/2025,419.0,432.0,417.5,422.97,0.77,23805.0,443.0,335.0
PFL,7/9/2025,429.0,429.0,418.0,419.59,-0.8,18930.0,443.0,335.0
PFL,7/10/2025,425.8,427.8,418.0,419.22,-0.09,33468.0,443.0,335.0
PFL,7/13/2025,427.6,442.0,425.0,427.42,1.96,39004.0,443.0,335.0
PFL,7/14/2025,428.0,428.8,418.0,418.13,-2.17,19236.0,443.0,335.0
PFL,7/15/2025,420.0,435.0,420.0,432.18,3.36,56695.0,443.0,335.0
PFL,7/16/2025,438.0,440.0,429.8,431.44,-0.17,32324.0,443.0,335.0
PFL,7/17/2025,437.0,446.0,435.3,443.27,2.74,72969.0,443.0,335.0
PFL,7/20/2025,444.0,475.5,430.0,437.35,-1.34,306987.0,443.0,335.0
PFL,7/21/2025,437.0,450.0,426.0,429.18,-1.87,74116.0,443.0,335.0
PFL,7/22/2025,430.0,445.0,429.0,438.13,2.09,66640.0,443.0,335.0
PFL,7/23/2025,439.0,460.0,435.0,454.16,3.66,96863.0,443.0,335.0
PFL,7/24/2025,458.0,460.9,441.1,444.33,-2.16,50177.0,443.0,335.0
PFL,7/27/2025,453.2,453.2,432.0,434.06,-2.31,74605.0,443.0,335.0
PFL,7/28/2025,440.0,446.8,429.0,444.91,2.5,47937.0,443.0,335.0
PFL,7/29/2025,450.0,452.0,438.0,439.86,-1.14,45837.0,443.0,335.0
PFL,7/30/2025,448.0,448.0,430.5,431.48,-1.91,30426.0,443.0,335.0
PFL,7/31/2025,431.48,448.6,426.0,431.89,0.1,53242.0,443.0,335.0
PFL,8/3/2025,438.0,440.5,427.0,428.44,-0.8,33717.0,443.0,335.0
PFL,8/4/2025,435.0,435.0,421.0,424.95,-0.81,20014.0,443.0,335.0
PFL,8/5/2025,430.0,430.0,416.5,418.03,-1.63,14180.0,443.0,335.0
PFL,8/6/2025,418.0,424.0,417.0,417.27,-0.18,13365.0,443.0,335.0
PFL,8/7/2025,422.0,425.0,416.7,419.86,0.62,15099.0,443.0,335.0
PFL,8/11/2025,420.0,425.0,415.0,415.61,-1.01,14172.0,443.0,335.0
PFL,8/12/2025,410.0,420.0,410.0,412.22,-0.82,14307.0,443.0,335.0
PFL,8/13/2025,418.0,419.2,411.0,413.5,0.31,11173.0,443.0,335.0
PFL,8/14/2025,417.0,417.0,410.1,411.14,-0.57,7895.0,443.0,335.0
PFL,8/17/2025,417.0,417.0,405.0,407.28,-0.94,17457.0,443.0,335.0
PFL,8/18/2025,412.9,412.9,405.1,407.91,0.15,6063.0,443.0,335.0
PFL,8/19/2025,413.7,413.7,407.0,408.05,0.03,8601.0,443.0,335.0
PFL,8/20/2025,408.0,411.0,401.0,403.98,-1.0,14776.0,443.0,335.0
PFL,8/21/2025,403.0,405.9,396.0,401.23,-0.68,27221.0,443.0,335.0
PFL,8/24/2025,401.0,404.9,398.0,398.83,-0.6,10012.0,443.0,335.0
PFL,8/25/2025,399.0,408.0,399.0,406.25,1.86,10942.0,443.0,335.0
PFL,8/26/2025,411.9,411.9,401.1,403.57,-0.66,3887.0,443.0,335.0
PFL,8/27/2025,407.0,423.0,404.0,410.56,1.73,12749.0,443.0,335.0
PFL,8/28/2025,415.9,415.9,400.0,401.55,-2.19,12571.0,443.0,335.0
PFL,8/31/2025,407.0,407.0,400.1,402.53,0.24,8436.0,443.0,335.0
PFL,9/1/2025,406.0,406.0,400.0,402.05,-0.12,4656.0,443.0,335.0
PFL,9/2/2025,408.0,408.0,398.0,398.38,-0.91,12430.0,443.0,335.0
PFL,9/3/2025,403.0,403.0,394.0,394.65,-0.94,10406.0,443.0,335.0
PFL,9/4/2025,400.0,400.0,387.0,387.39,-1.84,12743.0,443.0,335.0
PFL,9/7/2025,393.0,393.8,386.1,391.45,1.05,8971.0,443.0,335.0
PFL,9/8/2025,397.0,397.0,390.0,393.0,0.4,11908.0,443.0,335.0
PFL,9/18/2025,388.0,388.0,384.0,385.0,-2.04,560.0,443.0,335.0
PFL,9/21/2025,385.0,410.9,375.0,399.75,3.83,26605.0,443.0,335.0
PFL,9/23/2025,400.0,410.0,397.0,405.0,1.31,14919.0,443.0,335.0
PFL,9/24/2025,406.0,409.0,398.6,400.0,-1.23,4136.0,443.0,335.0
PFL,9/25/2025,400.0,408.0,395.1,395.1,-1.22,7039.0,443.0,335.0
PFL,9/28/2025,401.0,403.0,395.0,401.0,1.49,4140.0,443.0,335.0
PFL,10/7/2025,401.0,401.0,392.0,395.0,-1.5,4216.0,443.0,335.0
PFL,10/8/2025,401.0,401.0,379.3,382.1,-3.27,10881.0,443.0,335.0
PFL,10/9/2025,389.7,404.9,382.0,389.0,1.81,11566.0,443.0,335.0
PFL,10/12/2025,383.0,383.2,365.0,372.0,-4.37,22220.0,443.0,335.0
PFL,10/13/2025,365.3,383.4,365.0,380.1,2.18,4691.0,443.0,335.0
PFL,10/14/2025,384.9,384.9,370.2,372.5,-2.0,7507.0,443.0,335.0
PFL,10/15/2025,368.0,373.9,367.0,369.0,-0.94,3966.0,443.0,335.0
PFL,10/16/2025,373.9,373.9,365.5,367.0,-0.54,7122.0,443.0,335.0
PFL,10/19/2025,372.0,373.0,368.5,372.0,1.36,1759.0,443.0,335.0
PFL,10/26/2025,365.0,372.0,365.0,370.0,-0.54,4529.0,443.0,335.0
PFL,10/28/2025,373.5,381.0,370.1,381.0,2.97,7020.0,443.0,335.0
PFL,10/29/2025,385.9,386.0,373.0,373.0,-2.1,6088.0,443.0,335.0
PFL,10/30/2025,373.0,396.0,370.8,387.0,3.75,7801.0,443.0,335.0
PFL,11/2/2025,389.9,411.0,385.0,405.0,4.65,18988.0,443.0,335.0
PFL,11/3/2025,401.0,412.8,397.2,403.0,-0.49,13608.0,443.0,335.0
PFL,11/4/2025,403.9,404.0,388.7,388.7,-3.55,7598.0,443.0,335.0
PFL,11/5/2025,394.5,404.0,381.2,397.0,2.14,8346.0,443.0,335.0
PFL,11/6/2025,404.0,405.0,393.0,393.0,-1.01,29936.0,443.0,335.0
PFL,11/9/2025,397.0,397.0,387.0,390.0,-0.76,3479.0,443.0,335.0
PFL,11/10/2025,394.0,397.8,383.0,391.0,0.26,4942.0,443.0,335.0
PFL,11/11/2025,396.0,396.0,379.0,385.5,-1.41,12605.0,443.0,335.0
PFL,11/12/2025,380.0,383.0,380.0,380.0,-1.43,10776.0,443.0,335.0
PFL,11/13/2025,380.0,383.0,378.0,380.0,0.0,3765.0,443.0,335.0
PFL,11/16/2025,383.9,383.9,373.0,374.9,-1.34,10605.0,443.0,335.0
PFL,11/17/2025,378.0,380.0,373.0,376.0,0.29,7310.0,443.0,335.0
PFL,11/18/2025,381.0,388.6,378.1,380.0,1.06,7794.0,443.0,335.0
PFL,11/19/2025,384.9,384.9,377.5,377.5,-0.66,5230.0,443.0,335.0
PFL,11/20/2025,374.0,381.4,374.0,374.0,-0.93,5537.0,443.0,335.0
PFL,11/23/2025,378.0,386.0,378.0,382.3,2.22,10050.0,443.0,335.0
PFL,11/24/2025,387.0,388.3,382.0,388.0,1.49,8763.0,443.0,335.0
PFL,11/25/2025,386.0,388.0,384.0,385.0,-0.77,3568.0,443.0,335.0
PFL,11/26/2025,388.0,388.0,382.0,388.0,0.78,6193.0,443.0,335.0
PFL,11/27/2025,388.0,388.6,380.0,384.0,-1.03,11145.0,443.0,335.0
PFL,11/30/2025,385.0,387.0,376.0,379.0,-1.3,15943.0,443.0,335.0
PFL,12/1/2025,383.0,384.0,376.0,380.0,0.26,7763.0,443.0,335.0
PFL,12/2/2025,376.2,383.0,369.1,370.5,-2.5,13140.0,443.0,335.0
PFL,12/3/2025,376.0,391.0,374.0,378.0,2.02,12821.0,443.0,335.0
PFL,12/7/2025,380.0,383.0,374.1,377.0,-0.26,6803.0,443.0,335.0
PFL,12/8/2025,374.0,379.5,370.0,375.0,-0.53,9009.0,443.0,335.0
PFL,12/9/2025,379.0,379.0,372.1,374.9,-0.03,4471.0,443.0,335.0
PFL,12/10/2025,378.0,378.0,370.0,373.0,-0.51,4996.0,443.0,335.0
PFL,12/11/2025,377.0,377.0,367.0,367.0,-1.61,11668.0,443.0,335.0
PFL,12/14/2025,371.0,372.0,365.0,366.0,-0.27,8329.0,443.0,335.0
PFL,12/15/2025,363.3,371.0,363.3,368.0,0.55,3933.0,443.0,335.0
PFL,12/16/2025,370.0,377.0,370.0,373.0,1.36,5270.0,443.0,335.0
PFL,12/17/2025,377.0,377.0,373.0,377.0,1.07,4542.0,443.0,335.0
PFL,12/18/2025,372.6,375.0,369.0,371.0,-1.59,3005.0,443.0,335.0
PFL,12/21/2025,363.9,372.0,363.7,366.5,-1.21,4855.0,443.0,335.0
PFL,12/22/2025,373.8,373.8,363.5,365.0,-0.41,8396.0,443.0,335.0
PFL,12/23/2025,370.0,370.0,355.2,355.2,-2.68,14630.0,443.0,335.0
PFL,12/24/2025,360.0,364.9,356.1,358.0,0.79,3224.0,443.0,335.0
PFL,12/28/2025,363.0,365.0,359.0,364.0,1.68,6718.0,443.0,335.0
PFL,12/29/2025,369.0,369.0,362.1,364.0,0.0,6204.0,443.0,335.0
PFL,12/31/2025,368.9,368.9,361.6,364.0,0.0,5653.0,443.0,335.0
PFL,1/1/2026,364.0,364.0,357.0,360.0,-1.1,6228.0,443.0,335.0
PFL,1/4/2026,360.0,364.0,356.9,359.8,-0.06,4453.0,443.0,335.0
PFL,1/5/2026,360.0,363.0,354.0,355.0,-1.33,28825.0,443.0,335.0
PFL,1/6/2026,355.0,365.0,355.0,363.0,2.25,20422.0,443.0,335.0
PFL,1/7/2026,365.9,370.0,358.0,365.0,0.55,14169.0,443.0,335.0
PFL,1/8/2026,368.0,368.0,355.8,360.1,-1.34,18518.0,443.0,335.0
PFL,1/12/2026,367.0,367.0,356.1,357.9,-0.61,6389.0,443.0,335.0
PFL,1/13/2026,363.8,363.8,352.8,355.2,-0.75,12061.0,443.0,335.0
PFL,1/14/2026,355.0,366.0,355.0,359.9,1.32,12549.0,443.0,335.0
PFL,1/18/2026,365.0,383.0,360.0,379.0,5.31,37934.0,443.0,335.0
PFL,1/20/2026,384.0,395.0,374.4,384.0,1.32,34828.0,443.0,335.0
PFL,1/21/2026,384.0,391.0,373.1,377.0,-1.82,21465.0,443.0,335.0
PFL,1/22/2026,382.0,387.0,375.0,386.0,2.39,12862.0,443.0,335.0
PFL,1/25/2026,389.0,405.0,381.1,400.0,3.63,78677.0,443.0,335.0
PFL,1/26/2026,403.9,403.9,387.1,394.0,-1.5,31703.0,443.0,335.0
PFL,1/27/2026,400.0,400.0,381.0,383.0,-2.79,23035.0,443.0,335.0
PFL,1/28/2026,378.0,385.5,372.0,376.0,-1.83,32401.0,443.0,335.0
PFL,1/29/2026,368.5,390.9,368.5,375.5,-0.13,30254.0,443.0,335.0
PFL,2/1/2026,383.0,392.6,380.5,385.0,2.53,79808.0,443.0,335.0
PFL,2/2/2026,391.0,392.0,384.0,385.0,0.0,34213.0,443.0,335.0
PFL,2/3/2026,390.0,390.0,380.1,382.0,-0.78,14580.0,443.0,335.0
PFL,2/4/2026,389.0,389.0,378.0,384.0,0.52,15995.0,443.0,335.0
PFL,2/5/2026,384.9,389.0,377.0,385.0,0.26,13392.0,443.0,335.0
PFL,2/8/2026,377.5,391.0,377.5,383.7,-0.34,18089.0,443.0,335.0
PFL,2/9/2026,388.9,388.9,367.5,379.0,-1.22,21102.0,443.0,335.0
PFL,2/10/2026,372.0,382.0,371.5,375.0,-1.06,10059.0,443.0,335.0
PFL,2/11/2026,380.0,380.0,373.0,375.0,0.0,11245.0,443.0,335.0
PFL,2/12/2026,382.0,382.0,370.0,377.9,0.77,28197.0,443.0,335.0
PFL,2/16/2026,383.0,384.5,375.0,379.0,0.29,13229.0,443.0,335.0
PFL,2/17/2026,383.8,383.8,371.0,372.0,-1.85,10781.0,443.0,335.0
PFL,2/22/2026,370.0,375.0,365.1,367.0,-1.34,16641.0,443.0,335.0
PFL,2/23/2026,372.0,374.0,368.0,371.0,1.09,10026.0,443.0,335.0
PFL,2/24/2026,371.0,376.0,368.0,370.0,-0.27,6922.0,443.0,335.0
PFL,2/25/2026,374.5,375.0,368.0,370.3,0.08,12663.0,443.0,335.0
PFL,2/26/2026,370.3,385.2,368.0,380.0,2.62,10181.0,443.0,335.0
PFL,2/27/2026,370.3,385.2,368.0,380.0,0.0,10181.0,443.0,335.0
PFL,2/28/2026,370.3,385.2,368.0,380.0,0.0,10181.0,443.0,335.0
PFL,3/2/2026,375.0,387.0,373.0,384.0,1.05,21925.0,443.0,335.0
PFL,3/3/2026,384.0,388.3,384.0,388.0,1.04,10264.0,443.0,335.0
PFL,3/4/2026,384.0,388.3,384.0,388.0,0.0,10264.0,443.0,335.0
PFL,3/5/2026,384.0,388.3,384.0,388.0,0.0,10264.0,443.0,335.0
PFL,3/6/2026,384.0,388.3,384.0,388.0,0.0,10264.0,443.0,335.0
PFL,3/7/2026,384.0,388.3,384.0,388.0,0.0,10264.0,443.0,335.0
PFL,3/8/2026,384.0,388.3,384.0,388.0,0.0,10264.0,443.0,335.0
PFL,3/9/2026,395.7,403.6,395.7,403.6,4.02,898.0,443.0,335.0
PFL,3/10/2026,411.6,427.0,401.0,408.2,1.14,81331.0,443.0,335.0
PFL,3/11/2026,410.0,410.0,396.5,399.0,-2.25,37974.0,443.0,335.0
PFL,3/12/2026,396.0,404.9,396.0,403.0,1.0,30123.0,443.0,335.0
PFL,3/13/2026,396.0,404.9,396.0,403.0,0.0,30123.0,443.0,335.0
PFL,3/14/2026,396.0,404.9,396.0,403.0,0.0,30123.0,443.0,335.0
PFL,3/15/2026,411.0,415.0,404.0,406.5,0.87,26654.0,443.0,335.0
PFL,3/16/2026,404.5,406.0,395.0,398.3,-2.02,18761.0,443.0,335.0
PFL,3/17/2026,395.7,402.5,390.4,398.0,-0.08,19698.0,443.0,335.0
PFL,3/18/2026,395.7,402.5,390.4,398.0,0.0,19698.0,443.0,335.0
PFL,3/19/2026,405.0,411.0,398.0,409.9,2.99,45393.0,443.0,335.0
PFL,3/20/2026,405.0,411.0,398.0,409.9,0.0,45393.0,443.0,335.0
PFL,3/21/2026,405.0,411.0,398.0,409.9,0.0,45393.0,443.0,335.0
PFL,3/22/2026,409.9,436.4,409.9,436.0,6.37,113179.0,443.0,335.0
PFL,3/23/2026,436.1,443.0,429.6,435.0,-0.23,66775.0,443.0,335.0
PFL,3/24/2026,439.0,439.0,428.0,435.0,0.0,33715.0,443.0,335.0
PFL,3/25/2026,441.0,441.0,426.0,429.0,-1.38,29825.0,443.0,335.0
PFL,3/26/2026,424.6,427.0,422.0,426.0,0.33,15800.0,443.0,335.0
PFL,3/29/2026,426.0,426.0,405.0,405.0,-4.93,38097.0,443.0,335.0
PFL,3/30/2026,411.0,413.2,392.0,395.2,-3.84,28220.0,443.0,335.0
PFL,3/31/2026,401.0,413.1,381.0,408.9,1.97,38663.0,443.0,335.0
PFL,4/1/2026,406.0,409.0,393.3,395.0,-2.71,18463.0,443.0,335.0
PFL,4/2/2026,391.0,400.0,385.0,392.2,0.31,14353.0,443.0,335.0
PFL,4/5/2026,386.0,390.0,365.0,369.0,-4.4,29162.0,443.0,335.0
PFL,4/6/2026,368.0,392.0,368.0,386.4,5.0,30469.0,443.0,335.0
PFL,4/7/2026,393.0,394.0,385.0,387.0,-1.53,17021.0,443.0,335.0
PFL,4/8/2026,390.0,395.0,388.0,395.0,1.28,11823.0,443.0,335.0
PFL,4/9/2026,391.0,400.0,388.4,398.0,1.79,20529.0,443.0,335.0
PFL,4/10/2026,402.0,402.0,390.0,396.0,-1.49,7887.0,443.0,335.0
PFL,4/13/2026,395.5,400.0,390.5,393.0,-0.63,6602.0,443.0,335.0
PFL,4/15/2026,399.0,399.0,392.0,397.0,-0.5,10430.0,443.0,335.0
PFL,4/16/2026,390.1,394.9,384.0,386.1,-1.03,14971.0,443.0,335.0
PFL,4/17/2026,393.8,393.8,383.2,385.0,-2.23,4884.0,443.0,335.0
PFL,4/20/2026,385.0,390.9,385.0,389.0,1.04,5181.0,443.0,335.0
PFL,4/21/2026,385.0,389.0,381.0,384.0,-0.26,5157.0,443.0,335.0
PFL,4/22/2026,377.5,386.0,375.0,385.9,2.23,8830.0,443.0,335.0
PFL,4/23/2026,390.0,390.0,380.0,384.0,-1.54,4303.0,443.0,335.0
PFL,4/24/2026,384.0,387.0,379.0,381.2,-0.73,3345.0,443.0,335.0
PFL,4/27/2026,381.2,385.0,382.0,382.0,0.21,5451.0,443.0,335.0
PFL,4/28/2026,382.0,385.0,378.1,380.8,-0.31,6069.0,443.0,335.0
PFL,4/29/2026,380.8,380.0,374.0,378.0,-0.74,5683.0,443.0,335.0
PFL,4/30/2026,378.0,379.9,372.0,379.9,0.5,6375.0,443.0,335.0
PFL,5/4/2026,374.0,386.0,373.1,379.0,1.34,4414.0,443.0,335.0
PFL,5/5/2026,384.0,384.0,376.0,378.1,-1.54,7495.0,443.0,335.0
PFL,5/6/2026,382.9,382.9,376.0,377.0,-1.54,5695.0,443.0,335.0
PFL,5/7/2026,375.5,377.0,373.0,373.0,-0.67,5148.0,443.0,335.0
PFL,5/8/2026,376.0,378.0,371.0,374.0,-0.53,7050.0,443.0,335.0
PFL,5/11/2026,379.0,383.4,379.0,382.7,0.98,2068.0,443.0,335.0
PFL,5/12/2026,387.9,387.9,368.7,378.0,-2.55,9027.0,443.0,335.0
PFL,5/13/2026,372.0,372.0,368.0,368.8,-0.86,9723.0,443.0,335.0
PFL,5/14/2026,363.0,369.8,363.0,367.0,1.1,5340.0,443.0,335.0
PFL,5/15/2026,372.9,372.9,362.0,369.0,-1.05,3517.0,443.0,335.0
PFL,5/18/2026,374.0,374.0,365.0,366.0,-2.14,3693.0,443.0,335.0
PFL,5/19/2026,366.0,370.0,362.5,369.8,1.04,6196.0,443.0,335.0
PFL,5/20/2026,373.9,377.9,363.4,376.9,0.8,5886.0,443.0,335.0
PFL,5/21/2026,382.0,382.0,370.0,375.0,-1.83,1586.0,443.0,335.0
PFL,5/22/2026,367.0,375.0,367.0,375.0,2.18,3621.0,443.0,335.0
PFL,5/25/2026,379.0,380.0,370.0,380.0,0.26,4238.0,443.0,335.0
PFL,5/26/2026,386.9,386.9,375.0,378.0,-2.3,2310.0,443.0,335.0
PFL,5/27/2026,382.9,382.9,376.0,376.5,-1.67,3344.0,443.0,335.0
PFL,6/1/2026,380.1,380.1,365.0,369.0,-2.92,4840.0,443.0,335.0
PFL,6/2/2026,375.0,387.0,375.0,386.0,2.93,17933.0,443.0,335.0
PFL,6/3/2026,390.9,391.9,380.0,384.0,-1.77,6647.0,443.0,335.0
PFL,6/4/2026,387.8,387.8,373.0,374.0,-3.56,7800.0,443.0,335.0
PFL,6/5/2026,374.0,392.0,370.0,390.0,4.28,26462.0,443.0,335.0
PFL,6/8/2026,392.0,395.0,384.0,386.9,-1.3,13425.0,443.0,335.0
PFL,6/9/2026,393.0,393.0,372.0,383.0,-2.54,7596.0,443.0,335.0
PFL,6/10/2026,363.9,389.3,363.9,385.0,5.8,4832.0,443.0,335.0
PFL,6/11/2026,385.0,385.0,375.0,378.0,-1.82,4818.0,443.0,335.0
PFL,6/12/2026,373.0,381.9,373.0,379.8,1.82,4024.0,443.0,335.0
PFL,6/15/2026,398.0,398.0,372.0,379.4,-4.67,6700.0,443.0,335.0
PFL,6/16/2026,374.3,378.2,371.6,374.0,-0.08,3107.0,443.0,335.0
PFL,6/17/2026,373.0,375.1,373.0,375.0,0.54,2520.0,443.0,335.0
PFL,6/18/2026,374.0,375.0,370.0,373.9,-0.03,3251.0,443.0,335.0
PFL,6/19/2026,366.0,377.0,365.3,370.0,1.09,7118.0,443.0,335.0
PFL,6/22/2026,366.0,376.9,366.0,373.0,1.91,2903.0,443.0,335.0
PFL,6/23/2026,355.5,377.0,355.5,368.0,3.52,3606.0,443.0,335.0
PFL,6/24/2026,366.1,370.0,359.0,365.0,-0.3,7337.0,443.0,335.0
PFL,6/26/2026,364.0,376.9,362.7,366.0,0.55,5346.0,443.0,335.0
PFL,6/29/2026,367.0,370.8,355.2,365.0,-0.54,3665.0,443.0,335.0
PFL,6/30/2026,365.0,365.0,356.0,363.7,-0.36,4839.0,443.0,335.0
PFL,7/1/2026,369.8,369.9,358.8,360.0,-2.65,7048.0,443.0,335.0
PFL,7/2/2026,351.6,364.9,351.6,364.9,3.78,3357.0,443.0,335.0
PFL,7/3/2026,365.0,365.0,360.0,360.0,-1.37,8158.0,443.0,335.0
PFL,7/6/2026,360.0,366.0,359.0,362.0,0.56,8394.0,443.0,335.0
PFL,7/7/2026,362.0,366.6,361.0,366.0,1.1,3451.0,443.0,335.0
PFL,7/8/2026,364.0,365.0,358.0,364.0,0.0,6597.0,443.0,335.0
PFL,7/9/2026,358.0,364.9,355.2,364.0,1.68,4397.0,443.0,335.0
PFL,9/16/2026,374.1,386.0,372.0,373.0,-0.29,33240.0,443.0,335.0
PFL,9/17/2026,380.0,380.0,370.0,374.9,-1.34,7544.0,443.0,335.0
PFL,9/18/2026,374.5,375.0,364.0,370.0,-1.2,8228.0,443.0,335.0
PFL,9/22/2026,370.0,380.0,360.0,360.0,-2.7,15983.0,443.0,335.0
PFL,9/23/2026,365.0,368.0,355.0,355.4,-2.63,15258.0,443.0,335.0
PFL,9/24/2026,360.0,365.0,351.0,351.0,-2.5,15313.0,443.0,335.0
PFL,9/28/2026,351.1,353.9,345.2,346.0,-1.45,11207.0,443.0,335.0
PFL,9/29/2026,344.1,345.0,340.0,0.0,-100.0,7036.0,443.0,335.0
PFL,9/30/2026,337.0,343.0,335.0,336.5,-0.15,12999.0,443.0,335.0
PFL,10/1/2026,337.0,340.5,336.0,339.0,0.59,10152.0,443.0,335.0
PFL,10/2/2026,340.0,344.0,338.0,338.0,-0.59,8762.0,443.0,335.0
PHCL,12/21/2025,267.0,278.4,266.1,277.0,,161103.0,405.9,249.7
PHCL,12/22/2025,275.0,277.9,271.5,273.9,-1.12,85598.0,405.9,249.7
PHCL,12/23/2025,269.0,273.0,268.6,270.7,-1.17,53156.0,405.9,249.7
PHCL,12/24/2025,274.0,274.0,268.0,269.7,-0.37,87395.0,405.9,249.7
PHCL,12/28/2025,272.0,275.0,267.0,271.0,0.48,78242.0,405.9,249.7
PHCL,12/29/2025,271.5,274.4,267.5,268.0,-1.11,34402.0,405.9,249.7
PHCL,12/31/2025,270.0,273.0,266.0,270.0,0.75,115221.0,405.9,249.7
PHCL,1/1/2026,270.0,272.0,265.0,265.0,-1.85,75170.0,405.9,249.7
PHCL,1/4/2026,269.0,269.0,259.0,261.0,-1.51,107995.0,405.9,249.7
PHCL,1/5/2026,259.0,267.0,258.8,263.6,1.0,95663.0,405.9,249.7
PHCL,1/6/2026,260.0,271.0,260.0,262.0,-0.61,93916.0,405.9,249.7
PHCL,1/7/2026,260.0,269.0,260.0,263.8,0.69,60333.0,405.9,249.7
PHCL,1/8/2026,259.0,264.0,259.0,261.9,-0.72,83992.0,405.9,249.7
PHCL,1/12/2026,259.79,262.0,251.0,254.5,-2.83,189527.0,405.9,249.7
PHCL,1/13/2026,251.5,260.5,249.7,257.5,1.18,226200.0,405.9,249.7
PHCL,1/14/2026,262.0,272.0,260.0,266.0,3.3,209519.0,405.9,249.7
PHCL,1/18/2026,266.0,271.0,262.9,264.9,-0.41,128615.0,405.9,249.7
PHCL,1/20/2026,266.0,270.0,263.0,264.0,-0.34,144302.0,405.9,249.7
PHCL,1/21/2026,265.1,270.0,263.0,265.9,0.72,151267.0,405.9,249.7
PHCL,1/22/2026,271.0,271.0,264.1,266.5,0.23,137598.0,405.9,249.7
PHCL,1/25/2026,271.0,293.1,266.5,289.6,8.67,532218.0,405.9,249.7
PHCL,1/26/2026,295.0,297.0,284.0,289.0,-0.21,345166.0,405.9,249.7
PHCL,1/27/2026,294.0,296.5,280.0,283.0,-2.08,309288.0,405.9,249.7
PHCL,1/28/2026,288.0,294.7,279.0,290.0,2.47,267885.0,405.9,249.7
PHCL,1/29/2026,295.0,310.0,290.0,299.0,3.1,524557.0,405.9,249.7
PHCL,2/1/2026,304.0,304.0,291.2,294.0,-1.67,152683.0,405.9,249.7
PHCL,2/2/2026,299.0,299.0,286.5,289.8,-1.43,221504.0,405.9,249.7
PHCL,2/3/2026,284.1,292.0,283.0,286.0,-1.31,136777.0,405.9,249.7
PHCL,2/4/2026,291.0,291.0,280.0,280.4,-1.96,112721.0,405.9,249.7
PHCL,2/5/2026,285.0,292.7,281.0,289.7,3.32,227346.0,405.9,249.7
PHCL,2/8/2026,290.0,295.0,285.0,288.2,-0.52,167655.0,405.9,249.7
PHCL,2/9/2026,288.2,291.5,282.0,284.0,-1.46,136480.0,405.9,249.7
PHCL,2/10/2026,284.0,291.0,281.0,285.5,0.53,133734.0,405.9,249.7
PHCL,2/11/2026,291.2,300.0,284.5,299.0,4.73,181126.0,405.9,249.7
PHCL,2/12/2026,299.0,320.0,297.1,314.0,5.02,926327.0,405.9,249.7
PHCL,2/16/2026,316.0,320.0,302.0,303.0,-3.5,246274.0,405.9,249.7
PHCL,2/17/2026,309.0,309.0,288.2,289.0,-4.62,247378.0,405.9,249.7
PHCL,2/22/2026,289.0,293.0,281.0,283.0,-2.08,136235.0,405.9,249.7
PHCL,2/23/2026,283.0,288.6,281.0,281.0,-0.71,85951.0,405.9,249.7
PHCL,2/24/2026,281.0,287.0,280.6,286.8,2.06,77081.0,405.9,249.7
PHCL,2/25/2026,292.5,292.5,285.0,285.5,-0.45,65693.0,405.9,249.7
PHCL,2/26/2026,288.9,288.9,283.0,284.0,-0.53,85985.0,405.9,249.7
PHCL,2/27/2026,288.9,288.9,283.0,284.0,0.0,85985.0,405.9,249.7
PHCL,2/28/2026,288.9,288.9,283.0,284.0,0.0,85985.0,405.9,249.7
PHCL,3/2/2026,282.0,288.0,280.0,286.5,0.88,67156.0,405.9,249.7
PHCL,3/3/2026,283.1,301.5,283.0,299.0,4.36,156298.0,405.9,249.7
PHCL,3/4/2026,283.1,301.5,283.0,299.0,0.0,156298.0,405.9,249.7
PHCL,3/5/2026,283.1,301.5,283.0,299.0,0.0,156298.0,405.9,249.7
PHCL,3/6/2026,283.1,301.5,283.0,299.0,0.0,156298.0,405.9,249.7
PHCL,3/7/2026,283.1,301.5,283.0,299.0,0.0,156298.0,405.9,249.7
PHCL,3/8/2026,283.1,301.5,283.0,299.0,0.0,156298.0,405.9,249.7
PHCL,3/9/2026,304.0,328.9,304.0,327.0,9.36,32195.0,405.9,249.7
PHCL,3/10/2026,333.0,333.0,306.0,320.0,-2.14,555493.0,405.9,249.7
PHCL,3/11/2026,320.0,329.0,313.2,316.0,-1.25,269420.0,405.9,249.7
PHCL,3/12/2026,320.0,323.8,314.0,320.0,1.27,282498.0,405.9,249.7
PHCL,3/13/2026,320.0,323.8,314.0,320.0,0.0,282498.0,405.9,249.7
PHCL,3/14/2026,320.0,323.8,314.0,320.0,0.0,282498.0,405.9,249.7
PHCL,3/15/2026,326.3,326.3,314.0,321.1,0.34,253337.0,405.9,249.7
PHCL,3/16/2026,320.0,345.7,318.5,342.0,6.51,912697.0,405.9,249.7
PHCL,3/17/2026,348.8,348.8,333.0,344.9,0.85,312293.0,405.9,249.7
PHCL,3/18/2026,348.8,348.8,333.0,344.9,0.0,312293.0,405.9,249.7
PHCL,3/19/2026,347.0,355.0,341.1,345.0,0.03,348922.0,405.9,249.7
PHCL,3/20/2026,347.0,355.0,341.1,345.0,0.0,348922.0,405.9,249.7
PHCL,3/21/2026,347.0,355.0,341.1,345.0,0.0,348922.0,405.9,249.7
PHCL,3/22/2026,345.0,349.0,330.1,335.9,-2.64,421086.0,405.9,249.7
PHCL,3/23/2026,340.0,340.0,329.0,338.5,0.77,281975.0,405.9,249.7
PHCL,3/24/2026,345.0,361.0,345.0,353.0,4.28,611250.0,405.9,249.7
PHCL,3/25/2026,355.0,355.0,341.2,343.0,-2.83,228003.0,405.9,249.7
PHCL,3/26/2026,343.0,346.8,337.1,346.0,0.87,142277.0,405.9,249.7
PHCL,3/29/2026,350.0,350.0,329.0,329.1,-5.97,223688.0,405.9,249.7
PHCL,3/30/2026,322.6,335.5,319.1,320.0,-0.81,201093.0,405.9,249.7
PHCL,3/31/2026,316.5,328.0,310.0,325.0,2.69,179771.0,405.9,249.7
PHCL,4/1/2026,325.0,325.0,304.5,312.0,-4.0,155477.0,405.9,249.7
PHCL,4/2/2026,308.0,318.1,302.0,311.0,0.97,168190.0,405.9,249.7
PHCL,4/5/2026,306.1,310.0,290.0,292.0,-4.61,223409.0,405.9,249.7
PHCL,4/6/2026,295.0,309.9,292.0,309.0,4.75,147570.0,405.9,249.7
PHCL,4/7/2026,312.0,317.0,305.3,307.1,-1.57,127885.0,405.9,249.7
PHCL,4/8/2026,301.0,319.0,301.0,319.0,5.98,227588.0,405.9,249.7
PHCL,4/9/2026,320.0,326.0,317.1,324.0,1.25,121346.0,405.9,249.7
PHCL,4/10/2026,319.1,326.0,314.6,322.0,0.91,90519.0,405.9,249.7
PHCL,4/13/2026,326.0,326.0,315.0,319.0,-2.15,93493.0,405.9,249.7
PHCL,4/15/2026,319.0,330.0,319.0,326.3,2.29,139584.0,405.9,249.7
PHCL,4/16/2026,323.0,327.0,316.0,317.0,-1.86,68593.0,405.9,249.7
PHCL,4/17/2026,317.0,319.9,311.8,316.0,-0.32,115051.0,405.9,249.7
PHCL,4/20/2026,312.0,314.9,308.3,310.3,-0.54,70984.0,405.9,249.7
PHCL,4/21/2026,310.1,317.0,306.1,307.0,-1.0,57068.0,405.9,249.7
PHCL,4/22/2026,305.0,314.0,300.0,310.0,1.64,116067.0,405.9,249.7
PHCL,4/23/2026,310.0,315.0,301.1,304.8,-1.68,77971.0,405.9,249.7
PHCL,4/24/2026,300.0,305.0,299.0,303.0,1.0,118933.0,405.9,249.7
PHCL,4/27/2026,303.0,310.5,300.2,307.1,1.35,105281.0,405.9,249.7
PHCL,4/28/2026,307.1,311.0,303.1,305.0,-0.68,67761.0,405.9,249.7
PHCL,4/29/2026,305.0,304.9,300.1,301.0,-1.31,88091.0,405.9,249.7
PHCL,4/30/2026,299.0,303.9,286.0,303.9,1.64,73697.0,405.9,249.7
PHCL,5/4/2026,304.0,304.0,295.0,297.0,-2.3,24381.0,405.9,249.7
PHCL,5/5/2026,293.6,301.0,293.6,296.0,0.82,38405.0,405.9,249.7
PHCL,5/6/2026,298.0,303.0,295.1,296.8,-0.4,34873.0,405.9,249.7
PHCL,5/7/2026,297.0,301.0,295.0,301.0,1.35,34824.0,405.9,249.7
PHCL,5/8/2026,301.0,307.9,300.0,307.9,2.29,60626.0,405.9,249.7
PHCL,5/11/2026,315.0,320.0,308.0,315.0,0.0,110482.0,405.9,249.7
PHCL,5/12/2026,322.0,322.0,305.0,307.5,-4.5,60194.0,405.9,249.7
PHCL,5/13/2026,310.0,310.0,303.2,307.7,-0.74,38761.0,405.9,249.7
PHCL,5/14/2026,313.5,313.5,304.0,306.1,-2.36,29485.0,405.9,249.7
PHCL,5/15/2026,305.1,310.0,305.1,307.0,0.62,34800.0,405.9,249.7
PHCL,5/18/2026,307.0,309.9,304.0,307.0,0.0,46514.0,405.9,249.7
PHCL,5/19/2026,306.0,309.9,301.2,304.6,-0.46,31592.0,405.9,249.7
PHCL,5/20/2026,302.0,311.0,302.0,309.7,2.55,66869.0,405.9,249.7
PHCL,5/21/2026,311.7,311.8,306.2,309.0,-0.87,26152.0,405.9,249.7
PHCL,5/22/2026,324.0,324.0,306.1,309.2,-4.57,45654.0,405.9,249.7
PHCL,5/25/2026,308.0,315.0,308.0,312.0,1.3,58934.0,405.9,249.7
PHCL,5/26/2026,312.0,312.9,306.0,310.0,-0.64,49170.0,405.9,249.7
PHCL,5/27/2026,308.0,313.9,308.0,311.0,0.97,65556.0,405.9,249.7
PHCL,6/1/2026,319.0,319.0,305.0,310.2,-2.76,72404.0,405.9,249.7
PHCL,6/2/2026,309.1,312.0,307.2,311.6,0.81,47889.0,405.9,249.7
PHCL,6/3/2026,327.1,327.1,308.5,312.0,-4.62,87750.0,405.9,249.7
PHCL,6/4/2026,312.0,313.0,310.0,310.7,-0.42,53142.0,405.9,249.7
PHCL,6/5/2026,310.0,310.4,304.1,307.7,-0.74,63990.0,405.9,249.7
PHCL,6/8/2026,308.0,311.9,306.7,308.0,0.0,55186.0,405.9,249.7
PHCL,6/9/2026,306.0,313.0,305.5,308.0,0.65,68374.0,405.9,249.7
PHCL,6/10/2026,308.0,312.0,308.0,309.5,0.49,81955.0,405.9,249.7
PHCL,6/11/2026,310.0,328.0,309.0,326.0,5.16,494194.0,405.9,249.7
PHCL,6/12/2026,342.3,342.3,321.0,321.5,-6.08,237998.0,405.9,249.7
PHCL,6/15/2026,337.5,337.5,317.0,318.0,-5.78,93063.0,405.9,249.7
PHCL,6/16/2026,302.3,326.6,302.3,316.5,4.7,99802.0,405.9,249.7
PHCL,6/17/2026,316.1,324.0,316.1,318.6,0.79,34595.0,405.9,249.7
PHCL,6/18/2026,315.0,319.0,312.0,313.1,-0.6,80074.0,405.9,249.7
PHCL,6/19/2026,312.0,317.0,310.1,310.2,-0.58,73933.0,405.9,249.7
PHCL,6/22/2026,309.0,311.9,305.2,310.0,0.32,75139.0,405.9,249.7
PHCL,6/23/2026,294.5,308.0,294.5,306.2,3.97,64327.0,405.9,249.7
PHCL,6/24/2026,314.9,314.9,298.9,303.0,-3.78,64154.0,405.9,249.7
PHCL,6/26/2026,300.0,304.0,299.1,300.0,0.0,58394.0,405.9,249.7
PHCL,6/29/2026,300.0,302.9,296.1,298.0,-0.67,43846.0,405.9,249.7
PHCL,6/30/2026,296.0,299.0,292.0,292.1,-1.32,49849.0,405.9,249.7
PHCL,7/1/2026,296.0,303.0,296.0,301.0,1.69,49012.0,405.9,249.7
PHCL,7/2/2026,303.0,303.0,295.7,299.9,-1.02,26756.0,405.9,249.7
PHCL,7/3/2026,298.5,303.0,297.0,298.9,0.13,42156.0,405.9,249.7
PHCL,7/6/2026,296.1,298.0,296.1,296.5,0.14,48714.0,405.9,249.7
PHCL,7/7/2026,281.7,304.0,281.7,299.9,6.46,26636.0,405.9,249.7
PHCL,7/8/2026,300.0,300.0,293.0,293.0,-2.33,52473.0,405.9,249.7
PHCL,7/9/2026,293.0,300.9,292.0,293.8,0.27,31375.0,405.9,249.7
PHCL,7/10/2026,291.1,299.9,291.1,295.0,1.34,50003.0,405.9,249.7
PHCL,7/13/2026,307.9,307.9,289.3,289.5,-5.98,63709.0,405.9,249.7
PHCL,7/14/2026,287.5,294.9,280.0,289.9,0.83,52684.0,405.9,249.7
PHCL,7/15/2026,290.0,296.0,289.0,292.1,0.72,27475.0,405.9,249.7
PHCL,7/16/2026,306.7,306.7,290.0,290.0,-5.45,141142.0,405.9,249.7
PHCL,7/17/2026,298.0,306.8,294.2,306.8,2.95,61395.0,405.9,249.7
PHCL,7/20/2026,303.0,310.0,303.0,309.9,2.28,81908.0,405.9,249.7
PHCL,7/21/2026,310.0,314.5,304.0,307.0,-0.97,91387.0,405.9,249.7
PHCL,7/22/2026,305.0,308.9,304.0,305.9,0.3,29640.0,405.9,249.7
PHCL,7/23/2026,304.1,307.4,302.4,306.0,0.62,24811.0,405.9,249.7
PHCL,7/24/2026,310.1,318.0,306.1,309.0,-0.35,121022.0,405.9,249.7
PHCL,7/27/2026,309.0,310.5,305.1,305.2,-1.23,38880.0,405.9,249.7
PHCL,7/28/2026,305.2,306.0,301.5,302.0,-1.05,61529.0,405.9,249.7
PHCL,7/29/2026,301.2,305.0,300.7,302.0,0.27,18759.0,405.9,249.7
PHCL,7/30/2026,302.0,302.8,298.0,300.0,-0.66,35643.0,405.9,249.7
PHCL,7/31/2026,296.7,301.0,296.6,299.7,1.01,39916.0,405.9,249.7
PHCL,8/3/2026,300.0,302.8,298.0,298.0,-0.67,41767.0,405.9,249.7
PHCL,8/4/2026,303.0,305.0,295.0,296.0,-2.31,23005.0,405.9,249.7
PHCL,8/5/2026,297.0,301.0,296.3,299.0,0.67,42180.0,405.9,249.7
PHCL,8/6/2026,299.0,303.0,297.5,297.5,-0.5,28105.0,405.9,249.7
PHCL,8/7/2026,294.2,299.2,294.2,296.0,0.61,27204.0,405.9,249.7
PHCL,8/10/2026,293.1,295.9,293.0,293.7,0.2,25842.0,405.9,249.7
PHCL,8/11/2026,292.0,300.0,292.0,300.0,2.74,35029.0,405.9,249.7
PHCL,8/12/2026,300.0,302.9,296.0,298.5,-0.5,25852.0,405.9,249.7
PHCL,8/13/2026,296.1,304.9,294.1,304.0,2.67,103060.0,405.9,249.7
PHCL,8/14/2026,304.2,310.0,301.0,302.4,-0.59,67340.0,405.9,249.7
PHCL,8/17/2026,302.4,304.0,300.1,301.0,-0.46,53829.0,405.9,249.7
PHCL,8/18/2026,286.0,307.0,286.0,298.0,4.2,43964.0,405.9,249.7
PHCL,8/19/2026,296.1,302.9,295.0,299.2,1.05,63011.0,405.9,249.7
PHCL,8/20/2026,298.2,305.5,298.2,303.0,1.61,94316.0,405.9,249.7
PHCL,8/21/2026,303.0,312.0,303.0,306.9,1.29,117073.0,405.9,249.7
PHCL,8/24/2026,308.0,308.0,300.0,302.0,-1.95,64179.0,405.9,249.7
PHCL,8/25/2026,300.0,303.0,298.6,298.7,-0.43,48345.0,405.9,249.7
PHCL,8/26/2026,298.0,300.0,295.0,300.0,0.67,94678.0,405.9,249.7
PHCL,8/27/2026,295.0,300.0,290.2,297.6,0.88,32761.0,405.9,249.7
PHCL,8/31/2026,293.4,302.0,290.1,292.0,-0.48,62526.0,405.9,249.7
PHCL,9/1/2026,288.3,298.0,288.1,297.0,3.02,44782.0,405.9,249.7
PHCL,9/2/2026,291.8,300.0,291.8,300.0,2.81,31386.0,405.9,249.7
PHCL,9/3/2026,300.0,304.8,298.4,302.8,0.93,33666.0,405.9,249.7
PHCL,9/7/2026,300.1,304.0,298.4,298.8,-0.43,60592.0,405.9,249.7
PHCL,9/9/2026,296.2,302.0,296.0,297.0,0.27,40951.0,405.9,249.7
PHCL,9/10/2026,295.0,298.9,295.0,296.2,0.41,26532.0,405.9,249.7
PHCL,9/11/2026,296.6,305.0,296.6,305.0,2.83,60529.0,405.9,249.7
PHCL,9/14/2026,306.0,308.5,302.1,304.8,-0.39,73658.0,405.9,249.7
PHCL,9/15/2026,305.0,324.4,305.0,313.6,2.82,253167.0,405.9,249.7
PHCL,9/16/2026,311.0,317.0,308.1,310.0,-0.32,94455.0,405.9,249.7
PHCL,9/17/2026,314.0,323.5,310.4,323.0,2.87,384411.0,405.9,249.7
PHCL,9/18/2026,321.0,329.9,321.0,322.5,0.47,309485.0,405.9,249.7
PHCL,9/22/2026,328.0,328.0,319.1,323.0,-1.52,198684.0,405.9,249.7
PHCL,9/23/2026,321.8,323.0,311.4,312.0,-3.05,233179.0,405.9,249.7
PHCL,9/24/2026,312.0,323.0,311.0,319.6,2.44,216676.0,405.9,249.7
PHCL,9/28/2026,317.1,324.0,317.1,319.6,0.79,186066.0,405.9,249.7
PHCL,9/29/2026,318.0,323.9,318.0,0.0,-100.0,131988.0,405.9,249.7
PHCL,9/30/2026,320.2,338.0,320.2,333.8,4.25,685772.0,405.9,249.7
PHCL,10/1/2026,323.8,344.0,323.8,340.5,5.16,430430.0,405.9,249.7
PHCL,10/2/2026,340.5,342.0,331.8,332.0,-2.5,343215.0,405.9,249.7
PLI,2/7/2021,860.0,892.0,830.0,877.0,,133101.0,914.0,321.8
PLI,2/8/2021,877.0,894.0,855.0,856.0,-2.39,98429.0,914.0,321.8
PLI,2/9/2021,854.0,860.0,832.0,850.0,-0.7,60981.0,914.0,321.8
PLI,2/10/2021,850.0,854.0,837.0,841.0,-1.06,40438.0,914.0,321.8
PLI,2/11/2021,835.0,842.0,822.0,828.0,-1.55,58676.0,914.0,321.8
PLI,2/14/2021,850.0,910.0,840.0,860.0,3.86,48436.0,914.0,321.8
PLI,2/15/2021,903.0,903.0,860.0,871.0,1.28,45459.0,914.0,321.8
PLI,2/16/2021,914.0,914.0,860.0,869.0,-0.23,33621.0,914.0,321.8
PLI,2/17/2021,869.0,870.0,838.0,852.0,-1.96,44080.0,914.0,321.8
PLI,2/18/2021,860.0,860.0,835.0,841.0,-1.29,35463.0,914.0,321.8
PLI,2/21/2021,799.0,841.0,799.0,829.0,-1.43,38718.0,914.0,321.8
PLI,2/22/2021,830.0,832.0,820.0,823.0,-0.72,25110.0,914.0,321.8
PLI,2/23/2021,823.0,823.0,805.0,806.0,-2.07,11239.0,914.0,321.8
PLI,2/24/2021,800.0,844.0,800.0,819.0,1.61,24746.0,914.0,321.8
PLI,2/25/2021,810.0,830.0,806.0,809.0,-1.22,31374.0,914.0,321.8
PLI,2/28/2021,809.0,810.0,785.0,788.0,-2.6,37966.0,914.0,321.8
PLI,3/1/2021,781.0,811.0,763.0,791.0,0.38,25488.0,914.0,321.8
PLI,3/2/2021,791.0,800.0,761.0,772.0,-2.4,24210.0,914.0,321.8
PLI,3/3/2021,762.0,767.0,745.0,748.0,-3.11,27365.0,914.0,321.8
PLI,3/4/2021,742.0,775.0,742.0,770.0,2.94,27492.0,914.0,321.8
PLI,3/7/2021,770.0,778.0,748.0,761.0,-1.17,16817.0,914.0,321.8
PLI,3/9/2021,750.0,760.0,745.0,752.0,-1.18,19698.0,914.0,321.8
PLI,3/10/2021,741.0,750.0,741.0,745.0,-0.93,12755.0,914.0,321.8
PLI,3/14/2021,740.0,740.0,725.0,732.0,-1.74,24868.0,914.0,321.8
PLI,3/15/2021,697.0,732.0,697.0,717.0,-2.05,18931.0,914.0,321.8
PLI,3/16/2021,717.0,736.0,710.0,717.0,0.0,16119.0,914.0,321.8
PLI,3/17/2021,717.0,725.0,710.0,724.0,0.98,18347.0,914.0,321.8
PLI,3/18/2021,725.0,744.0,717.0,744.0,2.76,18485.0,914.0,321.8
PLI,3/21/2021,740.0,772.0,735.0,772.0,3.76,24819.0,914.0,321.8
PLI,3/22/2021,772.0,795.0,752.0,755.0,-2.2,20854.0,914.0,321.8
PLI,3/23/2021,755.0,755.0,740.0,749.0,-0.79,15760.0,914.0,321.8
PLI,3/24/2021,752.0,760.0,737.0,758.0,1.2,20644.0,914.0,321.8
PLI,3/25/2021,721.0,790.0,721.0,759.0,0.13,23205.0,914.0,321.8
PLI,3/29/2021,759.0,764.0,747.0,755.0,-0.53,15859.0,914.0,321.8
PLI,3/30/2021,755.0,820.0,755.0,820.0,8.61,56791.0,914.0,321.8
PLI,3/31/2021,850.0,855.0,833.0,837.0,2.07,36033.0,914.0,321.8
PLI,4/1/2021,860.0,860.0,815.0,822.0,-1.79,32296.0,914.0,321.8
PLI,4/4/2021,863.0,863.0,814.0,841.0,2.31,53045.0,914.0,321.8
PLI,4/5/2021,850.0,850.0,821.0,825.0,-1.9,25763.0,914.0,321.8
PLI,4/6/2021,840.0,840.0,808.0,809.0,-1.94,28130.0,914.0,321.8
PLI,4/7/2021,809.0,810.0,800.0,802.0,-0.87,18604.0,914.0,321.8
PLI,4/8/2021,842.0,842.0,795.0,801.0,-0.12,18015.0,914.0,321.8
PLI,4/12/2021,841.0,841.0,785.0,801.0,0.0,34171.0,914.0,321.8
PLI,4/13/2021,800.0,804.0,788.0,800.0,-0.12,15193.0,914.0,321.8
PLI,4/15/2021,840.0,840.0,795.0,797.0,-0.38,22334.0,914.0,321.8
PLI,4/18/2021,797.0,798.0,786.0,786.0,-1.38,18328.0,914.0,321.8
PLI,4/19/2021,800.0,832.0,775.0,779.0,-0.89,14968.0,914.0,321.8
PLI,4/20/2021,779.0,794.0,769.0,777.0,-0.26,15616.0,914.0,321.8
PLI,4/21/2021,777.0,780.0,771.0,771.0,-0.77,15909.0,914.0,321.8
PLI,4/22/2021,769.0,793.0,761.0,780.0,1.17,22450.0,914.0,321.8
PLI,4/25/2021,780.0,794.0,750.0,756.0,-3.08,24975.0,914.0,321.8
PLI,4/26/2021,750.0,753.0,735.0,736.0,-2.65,28888.0,914.0,321.8
PLI,4/27/2021,725.0,779.0,725.0,779.0,5.84,18203.0,914.0,321.8
PLI,4/28/2021,800.0,804.0,760.0,782.0,0.39,25837.0,914.0,321.8
PLI,4/29/2021,805.0,805.0,769.0,790.0,1.02,17443.0,914.0,321.8
PLI,5/2/2021,781.0,812.0,781.0,807.0,2.15,55214.0,914.0,321.8
PLI,5/3/2021,805.0,823.0,792.0,794.0,-1.61,34573.0,914.0,321.8
PLI,5/4/2021,780.0,804.0,780.0,796.0,0.25,17638.0,914.0,321.8
PLI,5/5/2021,757.0,806.0,757.0,797.0,0.13,21153.0,914.0,321.8
PLI,5/6/2021,805.0,830.0,800.0,808.0,1.38,51426.0,914.0,321.8
PLI,5/9/2021,810.0,810.0,785.0,797.0,-1.36,16709.0,914.0,321.8
PLI,5/10/2021,786.0,800.0,785.0,795.0,-0.25,13628.0,914.0,321.8
PLI,5/11/2021,785.0,800.0,785.0,797.0,0.25,19089.0,914.0,321.8
PLI,5/12/2021,798.0,805.0,788.0,792.0,-0.63,11947.0,914.0,321.8
PLI,5/13/2021,790.0,796.0,787.0,789.0,-0.38,16275.0,914.0,321.8
PLI,5/16/2021,789.0,819.0,789.0,813.0,3.04,45765.0,914.0,321.8
PLI,5/17/2021,813.0,829.0,807.0,808.0,-0.62,34113.0,914.0,321.8
PLI,5/18/2021,820.0,820.0,800.0,811.0,0.37,24974.0,914.0,321.8
PLI,5/19/2021,813.0,831.0,803.0,815.0,0.49,44202.0,914.0,321.8
PLI,5/20/2021,825.0,825.0,803.0,806.0,-1.1,16468.0,914.0,321.8
PLI,5/23/2021,799.0,807.0,787.0,804.0,-0.25,26948.0,914.0,321.8
PLI,5/24/2021,806.0,815.0,795.0,799.0,-0.62,26994.0,914.0,321.8
PLI,5/25/2021,795.0,846.0,795.0,818.0,2.38,70620.0,914.0,321.8
PLI,5/27/2021,818.0,822.0,805.0,819.0,0.12,32410.0,914.0,321.8
PLI,5/30/2021,819.0,845.0,819.0,834.0,1.83,87587.0,914.0,321.8
PLI,5/31/2021,794.0,856.0,794.0,817.0,-2.04,62337.0,914.0,321.8
PLI,6/1/2021,820.0,830.0,805.0,808.0,-1.1,25378.0,914.0,321.8
PLI,6/2/2021,810.0,815.0,800.0,810.0,0.25,21948.0,914.0,321.8
PLI,6/3/2021,807.0,826.0,807.0,811.0,0.12,30447.0,914.0,321.8
PLI,6/6/2021,811.0,811.0,800.0,804.0,-0.86,37489.0,914.0,321.8
PLI,6/7/2021,804.0,819.0,802.0,806.0,0.25,21744.0,914.0,321.8
PLI,6/8/2021,805.0,850.0,805.0,831.0,3.1,60903.0,914.0,321.8
PLI,6/9/2021,831.0,861.0,817.0,824.0,-0.84,51309.0,914.0,321.8
PLI,6/10/2021,820.0,835.0,814.0,814.0,-1.21,31653.0,914.0,321.8
PLI,6/13/2021,810.0,841.0,810.0,815.0,0.12,42605.0,914.0,321.8
PLI,6/14/2021,815.0,830.0,812.0,822.0,0.86,36571.0,914.0,321.8
PLI,6/15/2021,850.0,850.0,817.0,817.0,-0.61,35913.0,914.0,321.8
PLI,6/16/2021,802.0,825.0,800.0,805.0,-1.47,35768.0,914.0,321.8
PLI,6/17/2021,805.0,820.0,805.0,806.0,0.12,22147.0,914.0,321.8
PLI,6/20/2021,806.0,814.0,792.0,793.0,-1.61,26508.0,914.0,321.8
PLI,6/21/2021,800.0,800.0,770.0,770.0,-2.9,27905.0,914.0,321.8
PLI,6/22/2021,775.0,795.0,768.0,792.0,2.86,19510.0,914.0,321.8
PLI,6/23/2021,792.0,798.0,769.0,772.0,-2.53,18976.0,914.0,321.8
PLI,6/24/2021,758.0,775.0,758.0,766.0,-0.78,13179.0,914.0,321.8
PLI,6/27/2021,754.0,774.0,754.0,763.0,-0.39,16194.0,914.0,321.8
PLI,6/28/2021,770.0,770.0,764.0,767.0,0.52,10549.0,914.0,321.8
PLI,6/29/2021,767.0,770.0,755.0,755.0,-1.56,12476.0,914.0,321.8
PLI,6/30/2021,718.0,759.0,718.0,747.0,-1.06,13172.0,914.0,321.8
PLI,7/1/2021,750.0,765.0,741.0,755.0,1.07,12732.0,914.0,321.8
PLI,7/4/2021,755.0,770.0,742.0,753.0,-0.26,10023.0,914.0,321.8
PLI,7/5/2021,750.0,750.0,742.0,742.0,-1.46,8365.0,914.0,321.8
PLI,7/6/2021,743.0,745.0,732.0,735.0,-0.94,14160.0,914.0,321.8
PLI,7/7/2021,725.0,735.0,721.0,727.0,-1.09,10940.0,914.0,321.8
PLI,7/8/2021,720.0,738.0,720.0,736.0,1.24,12157.0,914.0,321.8
PLI,7/11/2021,726.0,772.0,726.0,771.0,4.76,12233.0,914.0,321.8
PLI,7/12/2021,775.0,779.0,752.0,758.0,-1.69,10926.0,914.0,321.8
PLI,7/13/2021,752.0,760.0,746.0,759.0,0.13,4983.0,914.0,321.8
PLI,7/14/2021,750.0,765.0,745.0,754.0,-0.66,5268.0,914.0,321.8
PLI,7/15/2021,762.0,765.0,750.0,754.0,0.0,10609.0,914.0,321.8
PLI,7/18/2021,759.9,780.0,759.9,780.0,3.45,15782.0,914.0,321.8
PLI,7/19/2021,783.1,795.0,775.0,785.0,0.64,13519.0,914.0,321.8
PLI,7/20/2021,800.0,800.0,775.0,777.0,-1.02,9444.0,914.0,321.8
PLI,7/22/2021,762.5,771.0,762.5,765.0,-1.54,16909.0,914.0,321.8
PLI,7/25/2021,765.0,765.0,752.0,762.0,-0.39,15355.0,914.0,321.8
PLI,7/26/2021,756.2,775.0,756.2,765.0,0.39,12874.0,914.0,321.8
PLI,7/27/2021,765.0,780.0,765.0,772.0,0.92,14592.0,914.0,321.8
PLI,7/28/2021,765.0,820.0,765.0,812.0,5.18,35030.0,914.0,321.8
PLI,7/29/2021,828.0,830.0,791.1,803.0,-1.11,31908.0,914.0,321.8
PLI,8/1/2021,795.0,808.0,790.0,791.0,-1.49,14202.0,914.0,321.8
PLI,8/2/2021,786.0,793.0,782.0,788.0,-0.38,12088.0,914.0,321.8
PLI,8/3/2021,785.0,795.0,776.0,792.0,0.51,12859.0,914.0,321.8
PLI,8/4/2021,799.0,806.0,786.3,788.0,-0.51,23149.0,914.0,321.8
PLI,8/5/2021,789.0,799.0,785.0,785.6,-0.3,13940.0,914.0,321.8
PLI,8/8/2021,785.6,800.0,772.0,774.0,-1.48,18033.0,914.0,321.8
PLI,8/9/2021,775.0,775.0,762.0,771.0,-0.39,13295.0,914.0,321.8
PLI,8/10/2021,771.0,777.0,762.0,777.0,0.78,20094.0,914.0,321.8
PLI,8/11/2021,777.0,785.0,772.0,774.0,-0.39,15511.0,914.0,321.8
PLI,8/12/2021,774.0,793.0,768.0,780.0,0.78,22056.0,914.0,321.8
PLI,8/15/2021,795.0,795.0,772.0,780.0,0.0,20471.0,914.0,321.8
PLI,8/16/2021,780.0,795.0,767.0,772.0,-1.03,15904.0,914.0,321.8
PLI,8/17/2021,765.1,772.0,761.0,761.0,-1.42,17267.0,914.0,321.8
PLI,8/18/2021,755.0,767.0,748.0,766.0,0.66,26218.0,914.0,321.8
PLI,8/19/2021,761.0,809.0,761.0,789.0,3.0,42508.0,914.0,321.8
PLI,8/24/2021,789.0,815.0,778.8,778.8,-1.29,29900.0,914.0,321.8
PLI,8/25/2021,774.0,777.0,760.0,762.0,-2.16,16020.0,914.0,321.8
PLI,8/26/2021,770.0,770.0,751.0,761.3,-0.09,13965.0,914.0,321.8
PLI,8/29/2021,751.0,761.0,747.0,748.6,-1.67,18073.0,914.0,321.8
PLI,8/31/2021,748.6,748.6,733.7,735.9,-1.7,12964.0,914.0,321.8
PLI,9/1/2021,750.0,750.0,735.0,736.5,0.08,7913.0,914.0,321.8
PLI,9/2/2021,724.0,735.0,722.0,729.0,-1.02,10556.0,914.0,321.8
PLI,9/5/2021,715.0,720.0,683.0,696.0,-4.53,18987.0,914.0,321.8
PLI,9/6/2021,690.0,742.0,687.0,741.0,6.47,11607.0,914.0,321.8
PLI,9/7/2021,743.0,748.0,720.0,726.0,-2.02,9068.0,914.0,321.8
PLI,9/8/2021,720.0,720.0,707.0,710.0,-2.2,5091.0,914.0,321.8
PLI,9/9/2021,710.0,724.2,698.0,710.0,0.0,11548.0,914.0,321.8
PLI,9/12/2021,718.0,724.2,697.0,710.0,0.0,9638.0,914.0,321.8
PLI,9/13/2021,705.0,718.0,705.0,712.0,0.28,9280.0,914.0,321.8
PLI,9/14/2021,705.0,709.0,698.0,702.7,-1.31,11450.0,914.0,321.8
PLI,9/15/2021,716.0,725.0,696.0,696.2,-0.93,7725.0,914.0,321.8
PLI,9/16/2021,686.0,690.0,674.0,675.0,-3.05,16723.0,914.0,321.8
PLI,9/20/2021,688.0,688.0,630.0,631.5,-6.44,17122.0,914.0,321.8
PLI,9/21/2021,631.5,651.0,590.1,640.0,1.35,13225.0,914.0,321.8
PLI,9/22/2021,650.0,667.0,634.0,659.0,2.97,7085.0,914.0,321.8
PLI,9/23/2021,659.0,678.3,650.0,650.1,-1.35,7378.0,914.0,321.8
PLI,9/26/2021,663.0,670.0,625.5,628.0,-3.4,10156.0,914.0,321.8
PLI,9/27/2021,625.0,625.0,600.0,601.0,-4.3,7953.0,914.0,321.8
PLI,9/28/2021,601.0,601.8,568.0,570.0,-5.16,12500.0,914.0,321.8
PLI,9/29/2021,565.0,588.0,565.0,577.0,1.23,9925.0,914.0,321.8
PLI,9/30/2021,580.0,600.0,575.0,575.0,-0.35,7555.0,914.0,321.8
PLI,10/3/2021,575.0,575.0,563.5,565.1,-1.72,6428.0,914.0,321.8
PLI,10/4/2021,570.0,578.0,549.0,575.0,1.75,4261.0,914.0,321.8
PLI,10/5/2021,567.0,601.9,567.0,593.0,3.13,9699.0,914.0,321.8
PLI,10/6/2021,604.8,616.8,587.1,601.9,1.5,4452.0,914.0,321.8
PLI,10/10/2021,605.0,620.0,597.8,605.0,0.52,4933.0,914.0,321.8
PLI,10/11/2021,604.0,609.0,596.0,604.0,-0.17,4290.0,914.0,321.8
PLI,10/17/2021,604.0,610.0,598.0,605.0,0.17,2240.0,914.0,321.8
PLI,10/18/2021,593.0,609.0,574.3,593.9,-1.83,8032.0,914.0,321.8
PLI,10/19/2021,582.1,582.1,570.0,576.0,-3.01,5783.0,914.0,321.8
PLI,10/20/2021,580.0,585.0,564.5,580.0,0.69,7298.0,914.0,321.8
PLI,10/21/2021,580.0,580.0,572.0,574.1,-1.02,2160.0,914.0,321.8
PLI,10/24/2021,562.7,568.0,560.0,566.0,-1.41,6105.0,914.0,321.8
PLI,10/25/2021,560.1,588.0,560.1,587.7,3.83,3579.0,914.0,321.8
PLI,10/26/2021,599.0,613.0,595.0,611.9,4.12,9451.0,914.0,321.8
PLI,10/27/2021,616.0,650.0,603.0,628.0,2.63,12229.0,914.0,321.8
PLI,10/28/2021,628.0,630.0,616.0,621.0,-1.11,5028.0,914.0,321.8
PLI,10/31/2021,624.0,645.0,615.0,638.0,2.74,8804.0,914.0,321.8
PLI,11/1/2021,638.0,670.9,634.0,655.0,2.66,11769.0,914.0,321.8
PLI,11/2/2021,655.0,673.0,640.0,673.0,2.75,7287.0,914.0,321.8
PLI,11/3/2021,673.0,691.0,649.0,664.0,-1.34,5561.0,914.0,321.8
PLI,11/8/2021,677.0,677.0,651.0,651.0,-1.96,4415.0,914.0,321.8
PLI,11/9/2021,638.1,650.0,620.0,623.0,-4.3,8091.0,914.0,321.8
PLI,11/11/2021,615.0,620.5,601.0,609.0,-2.25,7156.0,914.0,321.8
PLI,11/14/2021,597.0,605.0,595.0,601.0,-1.31,4558.0,914.0,321.8
PLI,11/15/2021,600.0,607.0,599.1,601.0,0.0,5931.0,914.0,321.8
PLI,11/16/2021,595.0,639.0,595.0,638.5,6.24,8969.0,914.0,321.8
PLI,11/17/2021,639.0,650.0,628.0,632.0,-1.02,9626.0,914.0,321.8
PLI,11/18/2021,622.0,629.0,616.0,616.1,-2.52,4628.0,914.0,321.8
PLI,11/21/2021,605.0,610.0,601.0,603.1,-2.11,6154.0,914.0,321.8
PLI,11/22/2021,615.0,617.0,603.0,604.9,0.3,5762.0,914.0,321.8
PLI,11/23/2021,600.0,601.0,590.0,595.0,-1.64,6179.0,914.0,321.8
PLI,11/24/2021,588.0,600.0,578.0,598.0,0.5,6660.0,914.0,321.8
PLI,11/25/2021,588.0,601.8,578.5,586.0,-2.01,10017.0,914.0,321.8
PLI,11/28/2021,574.3,580.0,548.8,566.0,-3.41,17856.0,914.0,321.8
PLI,11/29/2021,561.0,572.2,561.0,561.0,-0.88,5399.0,914.0,321.8
PLI,11/30/2021,561.0,562.0,545.1,557.0,-0.71,5950.0,914.0,321.8
PLI,12/1/2021,550.0,566.0,550.0,560.0,0.54,5294.0,914.0,321.8
PLI,12/2/2021,560.0,560.0,547.0,549.0,-1.96,7161.0,914.0,321.8
PLI,12/5/2021,541.0,545.0,520.0,522.0,-4.92,7316.0,914.0,321.8
PLI,12/6/2021,520.0,532.4,497.0,524.0,0.38,10529.0,914.0,321.8
PLI,12/7/2021,525.0,538.0,524.0,524.0,0.0,5828.0,914.0,321.8
PLI,12/8/2021,525.0,527.0,511.0,511.0,-2.48,4554.0,914.0,321.8
PLI,12/9/2021,506.7,519.1,500.8,519.1,1.59,5511.0,914.0,321.8
PLI,12/12/2021,519.0,520.0,496.0,500.0,-3.68,7662.0,914.0,321.8
PLI,12/13/2021,495.0,495.0,477.0,480.0,-4.0,8143.0,914.0,321.8
PLI,12/14/2021,489.5,516.0,489.5,514.0,7.08,2777.0,914.0,321.8
PLI,12/15/2021,524.2,545.2,494.1,512.0,-0.39,7876.0,914.0,321.8
PLI,12/16/2021,510.0,510.0,496.1,498.0,-2.73,5562.0,914.0,321.8
PLI,12/20/2021,488.1,507.9,486.0,490.0,-1.61,3013.0,914.0,321.8
PLI,12/21/2021,490.0,505.0,490.0,501.1,2.27,4295.0,914.0,321.8
PLI,12/22/2021,511.0,525.0,505.0,521.1,3.99,4948.0,914.0,321.8
PLI,12/23/2021,521.3,530.0,513.5,530.0,1.71,6346.0,914.0,321.8
PLI,12/26/2021,530.0,583.0,530.0,583.0,10.0,31174.0,914.0,321.8
PLI,12/27/2021,594.6,630.0,581.4,581.4,-0.27,43753.0,914.0,321.8
PLI,12/28/2021,570.0,589.0,540.8,572.0,-1.62,6983.0,914.0,321.8
PLI,12/29/2021,570.0,582.0,551.1,570.0,-0.35,7796.0,914.0,321.8
PLI,1/2/2022,569.0,590.0,563.2,589.0,3.33,9874.0,914.0,321.8
PLI,1/3/2022,593.0,602.0,578.2,595.0,1.02,14477.0,914.0,321.8
PLI,1/4/2022,585.0,604.0,580.0,600.0,0.84,7637.0,914.0,321.8
PLI,1/5/2022,600.0,602.0,583.6,584.0,-2.67,10843.0,914.0,321.8
PLI,1/6/2022,584.0,592.5,576.0,589.0,0.86,8546.0,914.0,321.8
PLI,1/9/2022,589.0,607.0,588.0,601.0,2.04,12460.0,914.0,321.8
PLI,1/10/2022,600.0,641.0,600.0,613.0,2.0,23601.0,914.0,321.8
PLI,1/11/2022,602.0,650.0,602.0,637.0,3.92,30878.0,914.0,321.8
PLI,1/12/2022,625.1,640.0,615.0,615.0,-3.45,18741.0,914.0,321.8
PLI,1/13/2022,615.0,636.0,612.0,630.0,2.44,12512.0,914.0,321.8
PLI,1/16/2022,632.0,676.0,632.0,650.0,3.17,20258.0,914.0,321.8
PLI,1/17/2022,641.0,660.0,639.0,654.0,0.62,19093.0,914.0,321.8
PLI,1/18/2022,643.0,655.0,637.0,645.0,-1.38,14425.0,914.0,321.8
PLI,1/19/2022,634.0,640.0,625.0,625.2,-3.07,13615.0,914.0,321.8
PLI,1/20/2022,615.0,645.0,613.0,638.1,2.06,10735.0,914.0,321.8
PLI,1/23/2022,638.0,655.0,638.0,644.0,0.92,25173.0,914.0,321.8
PLI,1/24/2022,645.0,650.0,622.4,626.0,-2.8,27403.0,914.0,321.8
PLI,1/25/2022,617.2,640.0,617.1,623.0,-0.48,13356.0,914.0,321.8
PLI,1/26/2022,615.1,622.0,614.0,615.3,-1.24,10162.0,914.0,321.8
PLI,1/27/2022,610.0,629.3,610.0,615.0,-0.05,5740.0,914.0,321.8
PLI,1/30/2022,627.0,650.0,618.0,650.0,5.69,17108.0,914.0,321.8
PLI,1/31/2022,660.0,665.0,638.0,638.0,-1.85,15329.0,914.0,321.8
PLI,2/1/2022,628.0,647.5,628.0,643.0,0.78,11190.0,914.0,321.8
PLI,2/3/2022,643.0,655.7,633.0,639.9,-0.48,15271.0,914.0,321.8
PLI,2/6/2022,630.0,630.0,620.0,622.0,-2.8,7779.0,914.0,321.8
PLI,2/7/2022,620.0,644.0,610.0,640.0,2.89,16867.0,914.0,321.8
PLI,2/8/2022,652.8,656.0,630.0,636.0,-0.62,12123.0,914.0,321.8
PLI,2/9/2022,624.0,635.0,624.0,627.0,-1.42,9778.0,914.0,321.8
PLI,2/10/2022,620.0,627.0,620.0,623.0,-0.64,7032.0,914.0,321.8
PLI,2/13/2022,611.0,611.0,583.1,588.0,-5.62,15117.0,914.0,321.8
PLI,2/14/2022,585.0,598.0,584.0,591.0,0.51,3812.0,914.0,321.8
PLI,2/15/2022,591.0,600.0,588.0,600.0,1.52,3710.0,914.0,321.8
PLI,2/16/2022,590.0,624.0,590.0,600.0,0.0,5798.0,914.0,321.8
PLI,2/17/2022,589.0,603.0,589.0,600.0,0.0,5686.0,914.0,321.8
PLI,2/20/2022,588.0,590.0,579.0,581.0,-3.17,8506.0,914.0,321.8
PLI,2/21/2022,576.0,588.0,576.0,588.0,1.2,5780.0,914.0,321.8
PLI,2/22/2022,583.0,592.0,583.0,588.0,0.0,4689.0,914.0,321.8
PLI,2/23/2022,588.0,590.0,579.0,579.1,-1.51,9662.0,914.0,321.8
PLI,2/24/2022,573.1,575.0,563.0,566.5,-2.18,13714.0,914.0,321.8
PLI,2/27/2022,557.0,577.0,556.1,560.1,-1.13,5970.0,914.0,321.8
PLI,2/28/2022,561.0,583.0,551.0,553.0,-1.27,12868.0,914.0,321.8
PLI,3/2/2022,542.0,552.0,540.0,540.2,-2.31,6592.0,914.0,321.8
PLI,3/6/2022,540.0,553.0,531.0,553.0,2.37,9507.0,914.0,321.8
PLI,3/7/2022,555.0,558.0,538.0,538.2,-2.68,5917.0,914.0,321.8
PLI,3/9/2022,528.0,535.0,522.2,532.0,-1.15,6202.0,914.0,321.8
PLI,3/10/2022,522.0,543.9,516.0,540.0,1.5,9101.0,914.0,321.8
PLI,3/13/2022,540.0,593.0,538.0,573.0,6.11,13385.0,914.0,321.8
PLI,3/14/2022,565.0,579.0,562.0,576.0,0.52,4944.0,914.0,321.8
PLI,3/15/2022,580.0,599.0,570.0,579.0,0.52,11115.0,914.0,321.8
PLI,3/16/2022,567.5,590.5,565.0,574.9,-0.71,14344.0,914.0,321.8
PLI,3/20/2022,586.0,586.0,556.0,556.0,-3.29,5383.0,914.0,321.8
PLI,3/21/2022,556.0,570.0,553.1,558.0,0.36,16571.0,914.0,321.8
PLI,3/22/2022,569.1,579.0,561.0,568.0,1.79,7356.0,914.0,321.8
PLI,3/23/2022,558.1,569.0,555.1,566.0,-0.35,9795.0,914.0,321.8
PLI,3/24/2022,566.0,598.0,561.0,592.0,4.59,29703.0,914.0,321.8
PLI,3/27/2022,603.0,651.2,603.0,640.0,8.11,101493.0,914.0,321.8
PLI,3/28/2022,640.0,640.0,610.0,614.0,-4.06,21966.0,914.0,321.8
PLI,3/29/2022,605.0,626.2,602.1,605.0,-1.47,8083.0,914.0,321.8
PLI,3/30/2022,600.0,626.0,595.0,625.0,3.31,17420.0,914.0,321.8
PLI,3/31/2022,615.5,625.0,610.0,618.9,-0.98,8689.0,914.0,321.8
PLI,4/3/2022,618.0,618.0,601.1,608.9,-1.62,7650.0,914.0,321.8
PLI,4/4/2022,601.0,616.0,596.0,597.0,-1.95,7150.0,914.0,321.8
PLI,4/5/2022,608.9,608.9,563.0,573.0,-4.02,13438.0,914.0,321.8
PLI,4/6/2022,562.0,593.0,551.8,564.0,-1.57,10168.0,914.0,321.8
PLI,4/7/2022,554.0,586.0,554.0,581.0,3.01,9642.0,914.0,321.8
PLI,4/11/2022,591.0,592.0,553.0,561.0,-3.44,9968.0,914.0,321.8
PLI,4/12/2022,551.0,579.0,543.2,549.0,-2.14,6675.0,914.0,321.8
PLI,4/13/2022,542.0,563.9,540.1,556.0,1.28,4465.0,914.0,321.8
PLI,4/17/2022,560.0,571.2,546.0,551.0,-0.9,3327.0,914.0,321.8
PLI,4/18/2022,545.0,545.0,532.0,535.0,-2.9,3624.0,914.0,321.8
PLI,4/19/2022,545.7,545.7,520.0,531.0,-0.75,4366.0,914.0,321.8
PLI,4/20/2022,525.7,537.0,510.0,519.5,-2.17,6106.0,914.0,321.8
PLI,4/21/2022,515.5,520.0,506.0,520.0,0.1,4124.0,914.0,321.8
PLI,4/24/2022,530.4,550.8,518.0,550.0,5.77,6220.0,914.0,321.8
PLI,4/25/2022,561.0,561.0,529.0,543.0,-1.27,4610.0,914.0,321.8
PLI,4/26/2022,532.2,541.0,525.0,535.0,-1.47,5108.0,914.0,321.8
PLI,4/27/2022,535.0,545.6,521.1,545.6,1.98,3449.0,914.0,321.8
PLI,4/28/2022,535.1,550.0,527.3,533.0,-2.31,4423.0,914.0,321.8
PLI,5/2/2022,530.0,532.5,510.0,510.0,-4.32,4557.0,914.0,321.8
PLI,5/4/2022,501.0,507.0,491.0,501.0,-1.76,6717.0,914.0,321.8
PLI,5/5/2022,501.0,510.0,480.0,485.0,-3.19,6040.0,914.0,321.8
PLI,5/8/2022,475.3,485.0,460.7,477.0,-1.65,5210.0,914.0,321.8
PLI,5/9/2022,470.0,493.9,470.0,476.0,-0.21,3916.0,914.0,321.8
PLI,5/10/2022,476.0,480.0,468.0,476.0,0.0,8623.0,914.0,321.8
PLI,5/11/2022,476.0,488.0,476.0,487.0,2.31,6029.0,914.0,321.8
PLI,5/12/2022,488.0,492.0,465.0,475.0,-2.46,19293.0,914.0,321.8
PLI,5/17/2022,467.0,467.0,446.2,454.9,-4.23,11713.0,914.0,321.8
PLI,5/18/2022,446.0,455.0,420.0,455.0,0.02,8254.0,914.0,321.8
PLI,5/19/2022,450.0,450.0,435.0,437.0,-3.96,7099.0,914.0,321.8
PLI,5/20/2022,430.0,440.0,420.0,420.0,-3.89,10037.0,914.0,321.8
PLI,5/23/2022,420.0,442.1,404.0,442.1,5.26,16195.0,914.0,321.8
PLI,5/24/2022,440.0,443.0,422.0,443.0,0.2,6880.0,914.0,321.8
PLI,5/25/2022,451.0,451.0,432.0,434.0,-2.03,2911.0,914.0,321.8
PLI,5/26/2022,426.1,442.9,426.1,434.0,0.0,3159.0,914.0,321.8
PLI,5/27/2022,434.0,442.6,418.5,442.6,1.98,8430.0,914.0,321.8
PLI,5/30/2022,445.0,449.9,413.6,434.0,-1.94,6298.0,914.0,321.8
PLI,5/31/2022,427.0,441.0,402.0,439.0,1.15,5540.0,914.0,321.8
PLI,6/1/2022,439.0,443.7,406.8,443.7,1.07,10008.0,914.0,321.8
PLI,6/2/2022,434.9,434.9,403.0,415.0,-6.47,10674.0,914.0,321.8
PLI,6/3/2022,407.0,410.0,401.0,401.0,-3.37,9618.0,914.0,321.8
PLI,6/6/2022,395.0,404.9,395.0,395.0,-1.5,6411.0,914.0,321.8
PLI,6/7/2022,388.0,404.9,382.3,396.9,0.48,5965.0,914.0,321.8
PLI,6/8/2022,389.0,411.0,389.0,406.0,2.29,5680.0,914.0,321.8
PLI,6/9/2022,402.0,410.0,400.0,402.0,-0.99,2592.0,914.0,321.8
PLI,6/10/2022,396.0,400.0,396.0,397.4,-1.14,980.0,914.0,321.8
PLI,6/13/2022,391.0,399.0,383.0,398.0,0.15,7076.0,914.0,321.8
PLI,6/14/2022,395.0,395.0,380.0,381.0,-4.27,4671.0,914.0,321.8
PLI,6/15/2022,375.4,382.5,366.0,382.5,0.39,4285.0,914.0,321.8
PLI,6/16/2022,375.0,382.5,373.0,379.0,-0.92,1992.0,914.0,321.8
PLI,6/17/2022,375.0,382.9,370.0,370.0,-2.37,3392.0,914.0,321.8
PLI,6/19/2022,363.5,388.0,349.7,385.0,4.05,6065.0,914.0,321.8
PLI,6/20/2022,377.3,377.3,355.0,355.0,-7.79,5774.0,914.0,321.8
PLI,6/21/2022,348.1,367.0,341.0,359.0,1.13,6185.0,914.0,321.8
PLI,6/22/2022,355.0,366.1,346.0,360.0,0.28,3107.0,914.0,321.8
PLI,6/23/2022,352.8,365.0,337.5,344.0,-4.44,4310.0,914.0,321.8
PLI,6/24/2022,345.0,355.0,331.0,355.0,3.2,1452.0,914.0,321.8
PLI,6/26/2022,362.1,379.4,348.0,379.4,6.87,8518.0,914.0,321.8
PLI,6/27/2022,383.0,383.0,370.0,370.0,-2.48,4639.0,914.0,321.8
PLI,6/28/2022,363.0,377.0,356.0,368.0,-0.54,5533.0,914.0,321.8
PLI,6/29/2022,360.8,384.9,360.0,382.0,3.8,6707.0,914.0,321.8
PLI,6/30/2022,389.5,392.7,380.0,386.1,1.07,8386.0,914.0,321.8
PLI,7/1/2022,393.8,401.0,380.0,385.0,-0.28,3165.0,914.0,321.8
PLI,7/3/2022,378.0,389.6,377.0,389.0,1.04,5612.0,914.0,321.8
PLI,7/4/2022,389.0,414.7,382.0,392.9,1.0,9800.0,914.0,321.8
PLI,7/5/2022,395.0,397.0,377.6,387.0,-1.5,4750.0,914.0,321.8
PLI,7/6/2022,379.3,383.5,359.0,383.5,-0.9,15234.0,914.0,321.8
PLI,7/7/2022,391.0,397.0,370.0,370.1,-3.49,5767.0,914.0,321.8
PLI,7/8/2022,371.0,371.0,359.0,360.0,-2.73,2106.0,914.0,321.8
PLI,7/11/2022,353.0,353.0,340.0,344.0,-4.44,6367.0,914.0,321.8
PLI,7/12/2022,337.2,360.0,321.8,333.0,-3.2,11620.0,914.0,321.8
PLI,7/13/2022,333.0,352.9,333.0,352.0,5.71,7223.0,914.0,321.8
PLI,7/14/2022,359.0,366.0,338.3,357.0,1.42,7255.0,914.0,321.8
PLI,12/28/2022,357.0,392.7,357.0,392.7,10.0,7656.0,914.0,321.8
PLI,12/29/2022,400.5,431.9,400.0,431.9,9.98,22983.0,914.0,321.8
PLI,1/1/2023,440.0,475.0,440.0,475.0,9.98,19017.0,914.0,321.8
PLI,1/2/2023,484.0,499.8,457.0,485.0,2.11,30134.0,914.0,321.8
PLI,1/3/2023,477.2,484.0,468.0,474.0,-2.27,21070.0,914.0,321.8
PLI,1/4/2023,474.0,480.0,465.1,478.9,1.03,18317.0,914.0,321.8
PLI,1/5/2023,487.5,501.0,471.0,495.0,3.36,36771.0,914.0,321.8
PLI,1/8/2023,495.0,544.5,486.6,537.0,8.48,37059.0,914.0,321.8
PLI,1/9/2023,532.0,550.0,532.0,539.0,0.37,13271.0,914.0,321.8
PLI,1/10/2023,539.0,540.0,510.1,518.0,-3.9,24909.0,914.0,321.8
PLI,1/12/2023,528.0,528.0,502.0,512.0,-1.16,37958.0,914.0,321.8
PLI,1/17/2023,501.9,530.0,501.9,522.1,1.97,20321.0,914.0,321.8
PLI,1/18/2023,512.8,533.4,512.8,520.0,-0.4,20403.0,914.0,321.8
PLI,1/19/2023,515.0,524.0,510.1,520.0,0.0,12390.0,914.0,321.8
PLI,1/23/2023,512.0,523.2,505.0,515.0,-0.96,11345.0,914.0,321.8
PLI,1/24/2023,505.0,509.0,497.4,509.0,-1.17,11908.0,914.0,321.8
PLI,1/25/2023,500.0,522.0,500.0,512.1,0.61,13618.0,914.0,321.8
PLI,1/26/2023,522.0,525.0,510.0,513.5,0.27,8735.0,914.0,321.8
PLI,1/29/2023,507.0,536.3,497.0,527.0,2.63,23931.0,914.0,321.8
PLI,1/30/2023,527.0,534.0,513.7,519.9,-1.35,33448.0,914.0,321.8
PLI,1/31/2023,525.0,525.0,506.0,521.0,0.21,19289.0,914.0,321.8
PLI,2/1/2023,514.5,533.0,510.8,524.8,0.73,17369.0,914.0,321.8
PLI,2/2/2023,515.0,531.4,515.0,516.0,-1.68,22709.0,914.0,321.8
PLI,2/5/2023,516.0,522.0,511.1,515.0,-0.19,11725.0,914.0,321.8
PLI,2/6/2023,515.0,517.0,510.0,512.6,-0.47,7566.0,914.0,321.8
PLI,2/7/2023,512.0,532.0,510.3,531.5,3.69,15090.0,914.0,321.8
PLI,2/8/2023,536.0,547.0,523.0,534.0,0.47,22172.0,914.0,321.8
PLI,2/9/2023,544.6,555.0,524.0,539.0,0.94,8741.0,914.0,321.8
PLI,2/12/2023,528.3,530.0,513.5,514.6,-4.53,14685.0,914.0,321.8
PLI,2/14/2023,512.0,535.0,506.1,520.0,1.05,13108.0,914.0,321.8
PLI,2/15/2023,511.2,530.0,511.2,514.2,-1.12,5422.0,914.0,321.8
PLI,2/16/2023,505.6,519.0,505.6,508.0,-1.21,7636.0,914.0,321.8
PLI,2/20/2023,499.0,505.0,491.0,500.0,-1.57,8987.0,914.0,321.8
PLI,2/22/2023,491.0,515.0,491.0,510.0,2.0,6722.0,914.0,321.8
PLI,2/23/2023,503.5,512.0,492.2,498.0,-2.35,6973.0,914.0,321.8
PLI,2/26/2023,495.0,498.0,480.0,491.0,-1.41,8460.0,914.0,321.8
PLI,2/27/2023,487.0,499.0,485.0,496.0,1.02,5922.0,914.0,321.8
PLI,2/28/2023,496.0,505.0,490.0,495.0,-0.2,5319.0,914.0,321.8
PLI,3/1/2023,490.0,491.0,482.0,483.5,-2.32,6033.0,914.0,321.8
PLI,3/2/2023,485.0,489.9,475.4,489.0,1.14,6805.0,914.0,321.8
PLI,3/5/2023,481.0,488.0,468.5,478.0,-2.25,6055.0,914.0,321.8
PLI,3/7/2023,468.5,478.0,468.5,477.0,-0.21,2410.0,914.0,321.8
PLI,3/9/2023,477.0,495.0,468.0,487.0,2.1,6100.0,914.0,321.8
PLI,3/12/2023,485.0,496.7,472.1,476.0,-2.26,2384.0,914.0,321.8
PLI,3/13/2023,466.6,470.0,465.0,468.0,-1.68,2819.0,914.0,321.8
PLI,3/14/2023,459.0,468.0,458.7,458.7,-1.99,7040.0,914.0,321.8
PLI,3/15/2023,451.2,476.3,451.2,466.0,1.59,11824.0,914.0,321.8
PLI,3/16/2023,456.9,460.0,440.0,443.9,-4.74,19993.0,914.0,321.8
PLI,3/19/2023,443.0,449.0,428.0,428.0,-3.58,15332.0,914.0,321.8
PLI,3/20/2023,421.0,444.0,421.0,429.0,0.23,5279.0,914.0,321.8
PLI,3/22/2023,424.0,433.4,418.1,424.0,-1.17,4598.0,914.0,321.8
PLI,3/23/2023,416.0,419.0,408.0,408.0,-3.77,10110.0,914.0,321.8
PLI,3/26/2023,400.0,408.0,398.0,401.3,-1.64,4324.0,914.0,321.8
PLI,3/27/2023,398.0,431.0,397.1,419.0,4.41,5551.0,914.0,321.8
PLI,3/28/2023,427.0,427.0,410.7,420.0,0.24,9278.0,914.0,321.8
PLI,3/29/2023,428.0,428.4,407.7,410.3,-2.31,3165.0,914.0,321.8
PLI,3/30/2023,406.1,444.0,406.1,408.5,-0.44,8299.0,914.0,321.8
PLI,4/2/2023,408.0,417.0,401.0,408.0,-0.12,4675.0,914.0,321.8
PLI,4/3/2023,416.0,416.0,400.0,405.0,-0.74,7683.0,914.0,321.8
PLI,4/4/2023,413.1,429.4,396.0,403.0,-0.49,4193.0,914.0,321.8
PLI,4/5/2023,395.0,410.0,372.0,410.0,1.74,2635.0,914.0,321.8
PLI,4/6/2023,418.2,426.5,402.0,405.0,-1.22,3293.0,914.0,321.8
PLI,4/9/2023,396.9,404.6,389.0,398.0,-1.73,4437.0,914.0,321.8
PLI,4/10/2023,398.0,413.0,382.3,397.0,-0.25,2978.0,914.0,321.8
PLI,4/11/2023,390.1,408.0,390.1,408.0,2.77,3061.0,914.0,321.8
PLI,4/12/2023,415.0,423.0,408.0,423.0,3.68,6832.0,914.0,321.8
PLI,4/13/2023,431.0,431.0,411.1,418.7,-1.02,6845.0,914.0,321.8
PLI,4/16/2023,410.4,415.0,405.2,409.5,-2.2,3408.0,914.0,321.8
PLI,4/17/2023,405.1,407.0,400.0,402.0,-1.83,3435.0,914.0,321.8
PLI,4/18/2023,396.2,406.8,396.2,405.0,0.75,3940.0,914.0,321.8
PLI,4/19/2023,410.0,416.0,408.0,414.0,2.22,3582.0,914.0,321.8
PLI,4/20/2023,422.2,422.2,402.4,407.0,-1.69,3344.0,914.0,321.8
PLI,4/23/2023,399.3,408.0,399.2,401.1,-1.45,2344.0,914.0,321.8
PLI,4/24/2023,395.1,406.0,395.1,404.0,0.72,1146.0,914.0,321.8
PLI,4/25/2023,396.0,408.0,396.0,406.9,0.72,4069.0,914.0,321.8
PLI,4/26/2023,405.0,406.0,402.0,403.0,-0.96,1180.0,914.0,321.8
PLI,4/27/2023,395.3,399.0,395.2,396.0,-1.74,3445.0,914.0,321.8
PLI,4/30/2023,391.2,397.0,391.2,395.0,-0.25,1547.0,914.0,321.8
PLI,5/2/2023,395.0,395.1,394.0,395.0,0.0,2314.0,914.0,321.8
PLI,5/3/2023,390.1,395.0,390.1,393.0,-0.51,3065.0,914.0,321.8
PLI,5/4/2023,393.0,407.8,390.0,404.5,2.93,7768.0,914.0,321.8
PLI,5/7/2023,400.0,400.1,396.0,397.0,-1.85,3673.0,914.0,321.8
PLI,5/8/2023,396.0,396.0,382.0,390.0,-1.76,6219.0,914.0,321.8
PLI,5/9/2023,397.0,417.8,396.0,400.2,2.62,7004.0,914.0,321.8
PLI,5/10/2023,408.0,408.0,401.0,403.2,0.75,2972.0,914.0,321.8
PLI,5/11/2023,396.2,406.0,396.2,402.0,-0.3,7320.0,914.0,321.8
PLI,5/14/2023,403.0,410.0,402.0,407.0,1.24,3307.0,914.0,321.8
PLI,5/15/2023,398.9,406.0,398.9,403.7,-0.81,2805.0,914.0,321.8
PLI,5/16/2023,398.4,406.0,398.4,401.1,-0.64,4060.0,914.0,321.8
PLI,5/17/2023,409.1,414.8,402.0,413.0,2.97,15748.0,914.0,321.8
PLI,5/18/2023,408.0,445.0,407.5,442.0,7.02,18731.0,914.0,321.8
PLI,5/21/2023,444.0,450.0,432.0,433.2,-1.99,15826.0,914.0,321.8
PLI,5/22/2023,427.1,448.0,425.7,446.0,2.95,8245.0,914.0,321.8
PLI,5/23/2023,440.0,462.0,440.0,461.0,3.36,14980.0,914.0,321.8
PLI,5/24/2023,452.0,477.9,452.0,470.0,1.95,14499.0,914.0,321.8
PLI,5/28/2023,426.1,445.0,423.0,423.0,-10.0,17640.0,914.0,321.8
PLI,5/30/2023,415.0,420.0,405.1,405.1,-4.23,13257.0,914.0,321.8
PLI,5/31/2023,397.6,420.0,397.0,401.0,-1.01,9801.0,914.0,321.8
PLI,6/1/2023,401.0,408.1,398.0,404.0,0.75,10418.0,914.0,321.8
PLI,6/4/2023,411.0,426.0,409.0,424.8,5.15,11819.0,914.0,321.8
PLI,6/5/2023,417.3,433.0,417.3,424.9,0.02,39965.0,914.0,321.8
PLI,6/6/2023,428.0,440.3,417.0,440.3,3.62,18341.0,914.0,321.8
PLI,6/7/2023,448.9,451.0,439.0,445.0,1.07,16981.0,914.0,321.8
PLI,6/8/2023,436.3,469.8,436.2,463.0,4.04,29907.0,914.0,321.8
PLI,6/11/2023,470.0,482.0,465.0,474.0,2.38,29962.0,914.0,321.8
PLI,6/12/2023,479.0,479.0,462.7,468.0,-1.27,13341.0,914.0,321.8
PLI,6/13/2023,458.7,499.9,458.0,480.0,2.56,49414.0,914.0,321.8
PLI,6/14/2023,470.4,516.0,470.4,489.0,1.88,52622.0,914.0,321.8
PLI,6/15/2023,490.0,530.4,485.0,515.0,5.32,56945.0,914.0,321.8
PLI,6/18/2023,525.0,566.5,509.9,566.5,10.0,103898.0,914.0,321.8
PLI,6/19/2023,577.0,596.0,555.0,564.0,-0.44,96238.0,914.0,321.8
PLI,6/20/2023,555.0,590.0,550.0,550.2,-2.45,44819.0,914.0,321.8
PLI,6/21/2023,546.3,571.2,546.3,560.0,1.78,37072.0,914.0,321.8
PLI,6/22/2023,556.1,580.0,556.1,580.0,3.57,47978.0,914.0,321.8
PLI,6/25/2023,591.0,635.4,585.0,635.0,9.48,116826.0,914.0,321.8
PLI,6/26/2023,646.0,658.0,625.0,638.0,0.47,52169.0,914.0,321.8
PLI,6/27/2023,640.0,645.0,616.6,631.0,-1.1,42080.0,914.0,321.8
PLI,6/28/2023,643.0,652.0,610.0,648.7,2.81,69070.0,914.0,321.8
PLI,7/2/2023,637.0,660.0,631.0,634.0,-2.27,51745.0,914.0,321.8
PLI,7/3/2023,634.0,645.0,612.6,612.6,-3.38,40245.0,914.0,321.8
PLI,7/4/2023,620.0,634.4,611.0,620.0,1.21,22216.0,914.0,321.8
PLI,7/5/2023,612.0,621.0,593.0,597.0,-3.71,20122.0,914.0,321.8
PLI,7/6/2023,586.1,608.1,586.1,597.0,0.0,19799.0,914.0,321.8
PLI,7/9/2023,590.0,619.9,590.0,614.0,2.85,16717.0,914.0,321.8
PLI,7/10/2023,615.0,626.0,602.8,607.0,-1.14,17257.0,914.0,321.8
PLI,7/11/2023,600.0,607.0,594.9,600.0,-1.15,17562.0,914.0,321.8
PLI,7/12/2023,590.1,610.0,590.1,600.0,0.0,18558.0,914.0,321.8
PLI,7/13/2023,609.9,611.8,586.2,587.0,-2.17,28431.0,914.0,321.8
PLIC,3/25/2011,190.0,189.0,185.0,187.0,,1030.0,2900.0,134.0
PLIC,3/27/2011,187.0,188.0,181.0,181.0,-3.21,1820.0,2900.0,134.0
PLIC,3/28/2011,181.0,180.0,177.0,179.0,-1.1,1370.0,2900.0,134.0
PLIC,3/29/2011,179.0,180.0,180.0,180.0,0.56,60.0,2900.0,134.0
PLIC,3/30/2011,180.0,183.0,180.0,180.0,0.0,230.0,2900.0,134.0
PLIC,3/31/2011,180.0,194.0,182.0,194.0,7.78,970.0,2900.0,134.0
PLIC,4/4/2011,194.0,196.0,194.0,196.0,1.03,520.0,2900.0,134.0
PLIC,4/5/2011,196.0,197.0,184.0,184.0,-6.12,2060.0,2900.0,134.0
PLIC,4/6/2011,184.0,185.0,179.0,181.0,-1.63,840.0,2900.0,134.0
PLIC,4/7/2011,181.0,184.0,176.0,180.0,-0.55,1920.0,2900.0,134.0
PLIC,4/10/2011,180.0,180.0,176.0,176.0,-2.22,1110.0,2900.0,134.0
PLIC,4/11/2011,176.0,178.0,175.0,176.0,0.0,530.0,2900.0,134.0
PLIC,4/17/2011,176.0,174.0,170.0,170.0,-3.41,750.0,2900.0,134.0
PLIC,4/18/2011,170.0,173.0,168.0,173.0,1.76,650.0,2900.0,134.0
PLIC,4/19/2011,173.0,172.0,168.0,172.0,-0.58,640.0,2900.0,134.0
PLIC,4/20/2011,172.0,174.0,166.0,170.0,-1.16,910.0,2900.0,134.0
PLIC,4/21/2011,170.0,173.0,168.0,169.0,-0.59,940.0,2900.0,134.0
PLIC,4/25/2011,169.0,170.0,164.0,164.0,-2.96,150.0,2900.0,134.0
PLIC,4/27/2011,164.0,166.0,162.0,162.0,-1.22,330.0,2900.0,134.0
PLIC,4/28/2011,162.0,169.0,160.0,169.0,4.32,450.0,2900.0,134.0
PLIC,5/2/2011,169.0,169.0,157.0,163.0,-3.55,670.0,2900.0,134.0
PLIC,5/3/2011,163.0,162.0,148.0,151.0,-7.36,980.0,2900.0,134.0
PLIC,5/4/2011,151.0,162.0,154.0,162.0,7.28,550.0,2900.0,134.0
PLIC,5/5/2011,162.0,162.0,159.0,162.0,0.0,80.0,2900.0,134.0
PLIC,5/8/2011,162.0,169.0,163.0,166.0,2.47,390.0,2900.0,134.0
PLIC,5/10/2011,166.0,166.0,155.0,159.0,-4.22,1590.0,2900.0,134.0
PLIC,5/11/2011,159.0,162.0,160.0,161.0,1.26,470.0,2900.0,134.0
PLIC,5/12/2011,161.0,160.0,152.0,156.0,-3.11,580.0,2900.0,134.0
PLIC,5/15/2011,156.0,156.0,150.0,155.0,-0.64,1060.0,2900.0,134.0
PLIC,5/16/2011,155.0,158.0,152.0,158.0,1.94,410.0,2900.0,134.0
PLIC,5/18/2011,158.0,159.0,155.0,158.0,0.0,310.0,2900.0,134.0
PLIC,5/19/2011,158.0,157.0,154.0,155.0,-1.9,360.0,2900.0,134.0
PLIC,5/22/2011,155.0,154.0,151.0,151.0,-2.58,180.0,2900.0,134.0
PLIC,5/23/2011,151.0,151.0,151.0,151.0,0.0,10.0,2900.0,134.0
PLIC,5/24/2011,151.0,159.0,151.0,159.0,5.3,460.0,2900.0,134.0
PLIC,5/25/2011,159.0,159.0,154.0,156.0,-1.89,650.0,2900.0,134.0
PLIC,5/26/2011,156.0,160.0,155.0,160.0,2.56,2230.0,2900.0,134.0
PLIC,5/30/2011,160.0,160.0,157.0,157.0,-1.88,80.0,2900.0,134.0
PLIC,5/31/2011,157.0,163.0,160.0,163.0,3.82,390.0,2900.0,134.0
PLIC,6/1/2011,163.0,160.0,148.0,150.0,-7.98,500.0,2900.0,134.0
PLIC,6/2/2011,150.0,151.0,147.0,151.0,0.67,430.0,2900.0,134.0
PLIC,6/5/2011,151.0,150.0,149.0,150.0,-0.66,120.0,2900.0,134.0
PLIC,6/6/2011,150.0,153.0,150.0,153.0,2.0,220.0,2900.0,134.0
PLIC,6/7/2011,153.0,150.0,144.0,144.0,-5.88,1300.0,2900.0,134.0
PLIC,6/8/2011,144.0,142.0,134.0,135.0,-6.25,1710.0,2900.0,134.0
PLIC,6/9/2011,135.0,145.0,137.0,145.0,7.41,520.0,2900.0,134.0
PLIC,6/12/2011,145.0,145.0,143.0,143.0,-1.38,1440.0,2900.0,134.0
PLIC,6/13/2011,143.0,142.0,140.0,140.0,-2.1,240.0,2900.0,134.0
PLIC,6/15/2011,140.0,140.0,140.0,140.0,0.0,240.0,2900.0,134.0
PLIC,6/16/2011,140.0,139.0,134.0,138.0,-1.43,960.0,2900.0,134.0
PLIC,6/19/2011,138.0,142.0,140.0,142.0,2.9,3100.0,2900.0,134.0
PLIC,6/20/2011,138.0,142.0,140.0,142.0,0.0,3100.0,2900.0,134.0
PLIC,6/21/2011,156.0,171.0,159.0,171.0,20.42,190.0,2900.0,134.0
PLIC,6/23/2011,171.0,188.0,174.0,188.0,9.94,930.0,2900.0,134.0
PLIC,6/26/2011,188.0,191.0,191.0,191.0,1.6,20.0,2900.0,134.0
PLIC,6/29/2011,191.0,182.0,182.0,182.0,-4.71,80.0,2900.0,134.0
PLIC,6/30/2011,182.0,173.0,164.0,164.0,-9.89,1420.0,2900.0,134.0
PLIC,7/4/2011,164.0,156.0,150.0,154.0,-6.1,330.0,2900.0,134.0
PLIC,7/5/2011,154.0,156.0,151.0,156.0,1.3,370.0,2900.0,134.0
PLIC,7/6/2011,156.0,156.0,153.0,153.0,-1.92,760.0,2900.0,134.0
PLIC,7/7/2011,153.0,153.0,153.0,153.0,0.0,60.0,2900.0,134.0
PLIC,7/10/2011,153.0,168.0,150.0,168.0,9.8,850.0,2900.0,134.0
PLIC,7/11/2011,168.0,168.0,168.0,168.0,0.0,20.0,2900.0,134.0
PLIC,7/12/2011,168.0,165.0,165.0,165.0,-1.79,290.0,2900.0,134.0
PLIC,7/13/2011,165.0,177.0,167.0,174.0,5.45,560.0,2900.0,134.0
PLIC,7/14/2011,174.0,171.0,171.0,171.0,-1.72,50.0,2900.0,134.0
PLIC,7/17/2011,171.0,174.0,174.0,174.0,1.75,160.0,2900.0,134.0
PLIC,7/18/2011,174.0,177.0,171.0,171.0,-1.72,280.0,2900.0,134.0
PLIC,7/19/2011,171.0,168.0,162.0,162.0,-5.26,520.0,2900.0,134.0
PLIC,7/20/2011,162.0,163.0,158.0,161.0,-0.62,1100.0,2900.0,134.0
PLIC,7/21/2011,161.0,158.0,155.0,158.0,-1.86,400.0,2900.0,134.0
PLIC,7/24/2011,158.0,165.0,159.0,160.0,1.27,1060.0,2900.0,134.0
PLIC,7/25/2011,160.0,160.0,151.0,151.0,-5.63,1140.0,2900.0,134.0
PLIC,7/26/2011,151.0,151.0,151.0,151.0,0.0,40.0,2900.0,134.0
PLIC,7/27/2011,151.0,152.0,150.0,150.0,-0.66,270.0,2900.0,134.0
PLIC,7/28/2011,150.0,153.0,149.0,153.0,2.0,1610.0,2900.0,134.0
PLIC,7/31/2011,153.0,159.0,150.0,159.0,3.92,820.0,2900.0,134.0
PLIC,8/1/2011,159.0,158.0,156.0,157.0,-1.26,810.0,2900.0,134.0
PLIC,8/2/2011,157.0,166.0,157.0,166.0,5.73,360.0,2900.0,134.0
PLIC,8/3/2011,166.0,171.0,165.0,170.0,2.41,1060.0,2900.0,134.0
PLIC,8/4/2011,170.0,170.0,164.0,164.0,-3.53,830.0,2900.0,134.0
PLIC,8/7/2011,164.0,161.0,158.0,161.0,-1.83,550.0,2900.0,134.0
PLIC,8/8/2011,161.0,161.0,161.0,161.0,0.0,20.0,2900.0,134.0
PLIC,8/9/2011,161.0,164.0,161.0,161.0,0.0,1490.0,2900.0,134.0
PLIC,8/10/2011,161.0,164.0,163.0,164.0,1.86,110.0,2900.0,134.0
PLIC,8/11/2011,164.0,161.0,154.0,155.0,-5.49,1980.0,2900.0,134.0
PLIC,8/15/2011,155.0,158.0,155.0,155.0,0.0,60.0,2900.0,134.0
PLIC,8/17/2011,155.0,156.0,153.0,154.0,-0.65,480.0,2900.0,134.0
PLIC,8/18/2011,154.0,155.0,151.0,155.0,0.65,140.0,2900.0,134.0
PLIC,8/22/2011,155.0,157.0,151.0,157.0,1.29,380.0,2900.0,134.0
PLIC,8/23/2011,157.0,157.0,151.0,151.0,-3.82,1410.0,2900.0,134.0
PLIC,8/24/2011,151.0,151.0,148.0,148.0,-1.99,300.0,2900.0,134.0
PLIC,8/28/2011,148.0,150.0,146.0,150.0,1.35,480.0,2900.0,134.0
PLIC,8/29/2011,150.0,153.0,148.0,149.0,-0.67,1120.0,2900.0,134.0
PLIC,9/1/2011,149.0,153.0,150.0,153.0,2.68,670.0,2900.0,134.0
PLIC,9/4/2011,153.0,153.0,149.0,149.0,-2.61,1190.0,2900.0,134.0
PLIC,9/5/2011,149.0,152.0,147.0,148.0,-0.67,1510.0,2900.0,134.0
PLIC,9/6/2011,148.0,150.0,142.0,143.0,-3.38,1090.0,2900.0,134.0
PLIC,9/7/2011,143.0,141.0,139.0,140.0,-2.1,340.0,2900.0,134.0
PLIC,9/8/2011,140.0,144.0,138.0,144.0,2.86,1330.0,2900.0,134.0
PLIC,9/12/2011,144.0,144.0,141.0,141.0,-2.08,590.0,2900.0,134.0
PLIC,9/13/2011,141.0,142.0,139.0,141.0,0.0,640.0,2900.0,134.0
PLIC,9/14/2011,141.0,147.0,137.0,147.0,4.26,1020.0,2900.0,134.0
PLIC,9/15/2011,147.0,145.0,141.0,141.0,-4.08,160.0,2900.0,134.0
PLIC,9/18/2011,141.0,143.0,139.0,143.0,1.42,240.0,2900.0,134.0
PLIC,9/19/2011,143.0,147.0,141.0,147.0,2.8,750.0,2900.0,134.0
PLIC,9/20/2011,147.0,149.0,147.0,147.0,0.0,320.0,2900.0,134.0
PLIC,9/21/2011,147.0,146.0,143.0,146.0,-0.68,400.0,2900.0,134.0
PLIC,9/22/2011,146.0,151.0,146.0,151.0,3.42,690.0,2900.0,134.0
PLIC,9/25/2011,151.0,150.0,148.0,150.0,-0.66,300.0,2900.0,134.0
PLIC,9/26/2011,150.0,153.0,147.0,153.0,2.0,520.0,2900.0,134.0
PLIC,9/27/2011,153.0,155.0,153.0,153.0,0.0,150.0,2900.0,134.0
PLIC,9/29/2011,153.0,168.0,156.0,160.0,4.58,4080.0,2900.0,134.0
PLIC,10/2/2011,160.0,160.0,160.0,160.0,0.0,1060.0,2900.0,134.0
PLIC,10/9/2011,160.0,164.0,160.0,164.0,2.5,40.0,2900.0,134.0
PLIC,10/10/2011,164.0,164.0,164.0,164.0,0.0,30.0,2900.0,134.0
PLIC,10/12/2011,164.0,168.0,162.0,167.0,1.83,290.0,2900.0,134.0
PLIC,10/13/2011,167.0,168.0,162.0,162.0,-2.99,910.0,2900.0,134.0
PLIC,10/16/2011,162.0,165.0,160.0,164.0,1.23,1290.0,2900.0,134.0
PLIC,10/17/2011,164.0,167.0,167.0,167.0,1.83,10.0,2900.0,134.0
PLIC,10/18/2011,167.0,164.0,161.0,164.0,-1.8,350.0,2900.0,134.0
PLIC,10/19/2011,164.0,164.0,161.0,164.0,0.0,160.0,2900.0,134.0
PLIC,10/20/2011,164.0,166.0,155.0,155.0,-5.49,2270.0,2900.0,134.0
PLIC,10/23/2011,155.0,160.0,155.0,159.0,2.58,5790.0,2900.0,134.0
PLIC,10/24/2011,159.0,160.0,157.0,158.0,-0.63,810.0,2900.0,134.0
PLIC,10/25/2011,158.0,164.0,158.0,164.0,3.8,540.0,2900.0,134.0
PLIC,10/30/2011,164.0,164.0,161.0,161.0,-1.83,340.0,2900.0,134.0
PLIC,10/31/2011,161.0,176.0,161.0,166.0,3.11,4890.0,2900.0,134.0
PLIC,11/2/2011,166.0,172.0,169.0,172.0,3.61,20.0,2900.0,134.0
PLIC,11/3/2011,172.0,178.0,172.0,172.0,0.0,840.0,2900.0,134.0
PLIC,11/6/2011,172.0,175.0,169.0,172.0,0.0,750.0,2900.0,134.0
PLIC,11/8/2011,172.0,171.0,167.0,169.0,-1.74,800.0,2900.0,134.0
PLIC,11/9/2011,169.0,170.0,168.0,168.0,-0.59,690.0,2900.0,134.0
PLIC,11/10/2011,168.0,168.0,165.0,165.0,-1.79,270.0,2900.0,134.0
PLIC,11/13/2011,165.0,167.0,162.0,164.0,-0.61,160.0,2900.0,134.0
PLIC,11/14/2011,164.0,169.0,164.0,165.0,0.61,850.0,2900.0,134.0
PLIC,11/15/2011,165.0,165.0,162.0,162.0,-1.82,2070.0,2900.0,134.0
PLIC,11/16/2011,162.0,170.0,159.0,170.0,4.94,2190.0,2900.0,134.0
PLIC,11/17/2011,170.0,171.0,168.0,171.0,0.59,520.0,2900.0,134.0
PLIC,11/20/2011,171.0,171.0,166.0,166.0,-2.92,700.0,2900.0,134.0
PLIC,11/21/2011,166.0,166.0,163.0,163.0,-1.81,480.0,2900.0,134.0
PLIC,11/22/2011,163.0,163.0,160.0,162.0,-0.61,2470.0,2900.0,134.0
PLIC,11/23/2011,162.0,163.0,160.0,163.0,0.62,140.0,2900.0,134.0
PLIC,11/24/2011,163.0,168.0,162.0,166.0,1.84,1250.0,2900.0,134.0
PLIC,11/27/2011,166.0,163.0,162.0,163.0,-1.81,760.0,2900.0,134.0
PLIC,11/28/2011,163.0,165.0,163.0,165.0,1.23,80.0,2900.0,134.0
PLIC,12/1/2011,169.0,166.0,163.0,165.0,0.0,410.0,2900.0,134.0
PLIC,12/4/2011,165.0,163.0,160.0,163.0,-1.21,320.0,2900.0,134.0
PLIC,12/5/2011,163.0,166.0,160.0,166.0,1.84,270.0,2900.0,134.0
PLIC,12/6/2011,166.0,165.0,165.0,165.0,-0.6,110.0,2900.0,134.0
PLIC,12/7/2011,165.0,167.0,167.0,167.0,1.21,30.0,2900.0,134.0
PLIC,12/8/2011,167.0,168.0,165.0,165.0,-1.2,470.0,2900.0,134.0
PLIC,12/11/2011,165.0,167.0,163.0,163.0,-1.21,690.0,2900.0,134.0
PLIC,12/12/2011,163.0,165.0,161.0,165.0,1.23,340.0,2900.0,134.0
PLIC,12/13/2011,165.0,166.0,162.0,164.0,-0.61,770.0,2900.0,134.0
PLIC,12/14/2011,164.0,164.0,161.0,164.0,0.0,150.0,2900.0,134.0
PLIC,12/15/2011,164.0,169.0,165.0,169.0,3.05,450.0,2900.0,134.0
PLIC,12/19/2011,169.0,170.0,169.0,169.0,0.0,490.0,2900.0,134.0
PLIC,12/20/2011,169.0,173.0,165.0,173.0,2.37,420.0,2900.0,134.0
PLIC,12/21/2011,173.0,173.0,167.0,170.0,-1.73,2690.0,2900.0,134.0
PLIC,12/22/2011,170.0,169.0,166.0,169.0,-0.59,850.0,2900.0,134.0
PLIC,12/26/2011,169.0,168.0,168.0,168.0,-0.59,140.0,2900.0,134.0
PLIC,12/27/2011,168.0,165.0,161.0,162.0,-3.57,590.0,2900.0,134.0
PLIC,12/28/2011,162.0,164.0,161.0,161.0,-0.62,440.0,2900.0,134.0
PLIC,12/29/2011,161.0,165.0,164.0,164.0,1.86,340.0,2900.0,134.0
PLIC,1/1/2012,164.0,164.0,164.0,164.0,0.0,70.0,2900.0,134.0
PLIC,1/2/2012,164.0,170.0,165.0,170.0,3.66,510.0,2900.0,134.0
PLIC,1/3/2012,170.0,171.0,167.0,167.0,-1.76,110.0,2900.0,134.0
PLIC,1/4/2012,167.0,164.0,162.0,162.0,-2.99,160.0,2900.0,134.0
PLIC,1/5/2012,162.0,165.0,162.0,162.0,0.0,200.0,2900.0,134.0
PLIC,1/8/2012,162.0,165.0,164.0,165.0,1.85,600.0,2900.0,134.0
PLIC,1/9/2012,165.0,169.0,168.0,169.0,2.42,20.0,2900.0,134.0
PLIC,1/10/2012,162.0,168.0,159.0,167.0,-1.18,1080.0,2900.0,134.0
PLIC,1/11/2012,167.0,168.0,165.0,165.0,-1.2,690.0,2900.0,134.0
PLIC,1/12/2012,165.0,170.0,166.0,166.0,0.61,700.0,2900.0,134.0
PLIC,1/16/2012,166.0,169.0,166.0,166.0,0.0,90.0,2900.0,134.0
PLIC,1/17/2012,166.0,169.0,163.0,166.0,0.0,1120.0,2900.0,134.0
PLIC,1/18/2012,166.0,168.0,165.0,166.0,0.0,470.0,2900.0,134.0
PLIC,1/22/2012,166.0,169.0,164.0,166.0,0.0,1640.0,2900.0,134.0
PLIC,1/23/2012,166.0,167.0,164.0,166.0,0.0,440.0,2900.0,134.0
PLIC,1/25/2012,166.0,169.0,165.0,168.0,1.2,200.0,2900.0,134.0
PLIC,1/26/2012,168.0,169.0,166.0,169.0,0.6,820.0,2900.0,134.0
PLIC,1/29/2012,169.0,167.0,161.0,162.0,-4.14,1040.0,2900.0,134.0
PLIC,1/31/2012,162.0,167.0,162.0,167.0,3.09,750.0,2900.0,134.0
PLIC,2/1/2012,167.0,168.0,164.0,168.0,0.6,310.0,2900.0,134.0
PLIC,2/2/2012,168.0,166.0,164.0,165.0,-1.79,360.0,2900.0,134.0
PLIC,2/5/2012,165.0,168.0,165.0,165.0,0.0,130.0,2900.0,134.0
PLIC,2/6/2012,165.0,165.0,165.0,165.0,0.0,70.0,2900.0,134.0
PLIC,2/7/2012,165.0,166.0,163.0,164.0,-0.61,1460.0,2900.0,134.0
PLIC,2/8/2012,164.0,168.0,164.0,167.0,1.83,1040.0,2900.0,134.0
PLIC,2/9/2012,167.0,170.0,165.0,166.0,-0.6,1270.0,2900.0,134.0
PLIC,2/12/2012,166.0,170.0,163.0,164.0,-1.2,700.0,2900.0,134.0
PLIC,2/13/2012,164.0,168.0,164.0,166.0,1.22,2170.0,2900.0,134.0
PLIC,2/14/2012,166.0,167.0,163.0,167.0,0.6,770.0,2900.0,134.0
PLIC,2/15/2012,167.0,177.0,165.0,177.0,5.99,1970.0,2900.0,134.0
PLIC,2/16/2012,177.0,177.0,165.0,165.0,-6.78,270.0,2900.0,134.0
PLIC,2/23/2012,165.0,162.0,162.0,162.0,-1.82,60.0,2900.0,134.0
PLIC,2/26/2012,162.0,145.0,138.0,143.0,-11.73,1730.0,2900.0,134.0
PLIC,2/27/2012,143.0,146.0,145.0,145.0,1.4,260.0,2900.0,134.0
PLIC,3/1/2012,145.0,145.0,145.0,145.0,0.0,20.0,2900.0,134.0
PLIC,3/4/2012,145.0,143.0,141.0,141.0,-2.76,30.0,2900.0,134.0
PLIC,3/6/2012,141.0,141.0,138.0,138.0,-2.13,180.0,2900.0,134.0
PLIC,3/11/2012,138.0,140.0,138.0,138.0,0.0,60.0,2900.0,134.0
PLIC,3/12/2012,138.0,139.0,137.0,139.0,0.72,30.0,2900.0,134.0
PLIC,3/13/2012,139.0,137.0,137.0,137.0,-1.44,80.0,2900.0,134.0
PLIC,3/14/2012,137.0,140.0,139.0,140.0,2.19,1100.0,2900.0,134.0
PLIC,3/18/2012,140.0,142.0,138.0,142.0,1.43,360.0,2900.0,134.0
PLIC,3/19/2012,142.0,142.0,140.0,142.0,0.0,30.0,2900.0,134.0
PLIC,3/20/2012,142.0,140.0,139.0,139.0,-2.11,90.0,2900.0,134.0
PLIC,3/21/2012,139.0,139.0,139.0,139.0,0.0,20.0,2900.0,134.0
PLIC,3/25/2012,139.0,137.0,137.0,137.0,-1.44,90.0,2900.0,134.0
PLIC,3/26/2012,137.0,140.0,136.0,138.0,0.73,980.0,2900.0,134.0
PLIC,3/27/2012,138.0,140.0,140.0,140.0,1.45,10.0,2900.0,134.0
PLIC,3/28/2012,140.0,141.0,139.0,141.0,0.71,880.0,2900.0,134.0
PLIC,3/29/2012,141.0,143.0,143.0,143.0,1.42,210.0,2900.0,134.0
PLIC,4/1/2012,143.0,144.0,141.0,144.0,0.7,500.0,2900.0,134.0
PLIC,4/2/2012,144.0,145.0,145.0,145.0,0.69,510.0,2900.0,134.0
PLIC,4/5/2012,145.0,145.0,145.0,145.0,0.0,120.0,2900.0,134.0
PLIC,4/9/2012,145.0,147.0,147.0,147.0,1.38,90.0,2900.0,134.0
PLIC,4/10/2012,147.0,149.0,147.0,149.0,1.36,200.0,2900.0,134.0
PLIC,4/11/2012,149.0,157.0,151.0,152.0,2.01,990.0,2900.0,134.0
PLIC,4/12/2012,152.0,158.0,152.0,158.0,3.95,280.0,2900.0,134.0
PLIC,4/16/2012,158.0,161.0,161.0,161.0,1.9,20.0,2900.0,134.0
PLIC,4/17/2012,161.0,161.0,157.0,157.0,-2.48,620.0,2900.0,134.0
PLIC,4/18/2012,157.0,157.0,154.0,157.0,0.0,140.0,2900.0,134.0
PLIC,4/19/2012,157.0,172.0,160.0,172.0,9.55,1320.0,2900.0,134.0
PLIC,4/22/2012,172.0,184.0,175.0,184.0,6.98,340.0,2900.0,134.0
PLIC,4/24/2012,184.0,184.0,184.0,184.0,0.0,5900.0,2900.0,134.0
PLIC,4/25/2012,184.0,187.0,187.0,187.0,1.63,40.0,2900.0,134.0
PLIC,4/26/2012,187.0,202.0,195.0,201.0,7.49,1080.0,2900.0,134.0
PLIC,4/29/2012,201.0,218.0,201.0,218.0,8.46,2270.0,2900.0,134.0
PLIC,4/30/2012,218.0,221.0,220.0,221.0,1.38,100.0,2900.0,134.0
PLIC,5/3/2012,221.0,225.0,225.0,225.0,1.81,180.0,2900.0,134.0
PLIC,5/7/2012,225.0,229.0,229.0,229.0,1.78,20.0,2900.0,134.0
PLIC,5/8/2012,229.0,225.0,225.0,225.0,-1.75,126.0,2900.0,134.0
PLIC,5/9/2012,225.0,221.0,203.0,203.0,-9.78,1960.0,2900.0,134.0
PLIC,5/10/2012,203.0,202.0,196.0,197.0,-2.96,1552.0,2900.0,134.0
PLIC,5/15/2012,197.0,212.0,194.0,212.0,7.61,1014.0,2900.0,134.0
PLIC,5/17/2012,212.0,224.0,199.0,202.0,-4.72,2158.0,2900.0,134.0
PLIC,5/20/2012,202.0,198.0,189.0,196.0,-2.97,468.0,2900.0,134.0
PLIC,5/21/2012,196.0,205.0,189.0,201.0,2.55,2220.0,2900.0,134.0
PLIC,5/22/2012,201.0,204.0,194.0,204.0,1.49,572.0,2900.0,134.0
PLIC,5/24/2012,204.0,201.0,196.0,200.0,-1.96,2680.0,2900.0,134.0
PLIC,5/27/2012,200.0,197.0,197.0,197.0,-1.5,30.0,2900.0,134.0
PLIC,5/29/2012,197.0,194.0,178.0,178.0,-9.64,356.0,2900.0,134.0
PLIC,5/30/2012,178.0,175.0,161.0,161.0,-9.55,4468.0,2900.0,134.0
PLIC,5/31/2012,161.0,170.0,158.0,170.0,5.59,3092.0,2900.0,134.0
PLIC,6/3/2012,170.0,176.0,173.0,176.0,3.53,82.0,2900.0,134.0
PLIC,6/4/2012,176.0,182.0,176.0,176.0,0.0,3130.0,2900.0,134.0
PLIC,6/5/2012,176.0,177.0,170.0,177.0,0.57,498.0,2900.0,134.0
PLIC,6/6/2012,177.0,178.0,172.0,174.0,-1.69,790.0,2900.0,134.0
PLIC,6/7/2012,174.0,185.0,173.0,183.0,5.17,5042.0,2900.0,134.0
PLIC,6/10/2012,183.0,181.0,180.0,180.0,-1.64,858.0,2900.0,134.0
PLIC,6/11/2012,180.0,183.0,177.0,180.0,0.0,156.0,2900.0,134.0
PLIC,6/12/2012,180.0,177.0,174.0,174.0,-3.33,132.0,2900.0,134.0
PLIC,6/13/2012,174.0,176.0,170.0,174.0,0.0,758.0,2900.0,134.0
PLIC,6/14/2012,174.0,177.0,173.0,173.0,-0.57,852.0,2900.0,134.0
PLIC,6/17/2012,173.0,175.0,171.0,175.0,1.16,720.0,2900.0,134.0
PLIC,6/18/2012,175.0,172.0,167.0,172.0,-1.71,778.0,2900.0,134.0
PLIC,6/19/2012,172.0,175.0,170.0,175.0,1.74,456.0,2900.0,134.0
PLIC,6/20/2012,175.0,178.0,172.0,172.0,-1.71,694.0,2900.0,134.0
PLIC,6/21/2012,172.0,175.0,170.0,173.0,0.58,332.0,2900.0,134.0
PLIC,6/25/2012,173.0,173.0,173.0,173.0,0.0,68.0,2900.0,134.0
PLIC,6/26/2012,173.0,174.0,171.0,174.0,0.58,318.0,2900.0,134.0
PLIC,6/28/2012,174.0,174.0,168.0,174.0,0.0,504.0,2900.0,134.0
PLIC,7/1/2012,174.0,177.0,171.0,175.0,0.57,600.0,2900.0,134.0
PLIC,7/2/2012,175.0,180.0,175.0,180.0,2.86,702.0,2900.0,134.0
PLIC,7/3/2012,180.0,182.0,180.0,180.0,0.0,272.0,2900.0,134.0
PLIC,7/4/2012,180.0,189.0,177.0,186.0,3.33,914.0,2900.0,134.0
PLIC,7/5/2012,186.0,189.0,186.0,187.0,0.54,688.0,2900.0,134.0
PLIC,7/8/2012,187.0,189.0,185.0,185.0,-1.07,506.0,2900.0,134.0
PLIC,7/9/2012,185.0,189.0,184.0,189.0,2.16,186.0,2900.0,134.0
PLIC,7/10/2012,189.0,192.0,180.0,186.0,-1.59,1600.0,2900.0,134.0
PLIC,7/11/2012,186.0,191.0,180.0,190.0,2.15,1526.0,2900.0,134.0
PLIC,7/12/2012,190.0,192.0,187.0,187.0,-1.58,340.0,2900.0,134.0
PLIC,7/15/2012,187.0,190.0,189.0,190.0,1.6,252.0,2900.0,134.0
PLIC,7/16/2012,190.0,196.0,192.0,196.0,3.16,996.0,2900.0,134.0
PLIC,7/17/2012,196.0,200.0,194.0,195.0,-0.51,1736.0,2900.0,134.0
PLIC,7/18/2012,195.0,204.0,198.0,204.0,4.62,1614.0,2900.0,134.0
PLIC,7/19/2012,204.0,218.0,204.0,218.0,6.86,4314.0,2900.0,134.0
PLIC,7/22/2012,218.0,237.0,221.0,232.0,6.42,4344.0,2900.0,134.0
PLIC,7/23/2012,232.0,232.0,229.0,230.0,-0.86,5914.0,2900.0,134.0
PLIC,7/24/2012,230.0,232.0,222.0,232.0,0.87,1216.0,2900.0,134.0
PLIC,7/25/2012,232.0,236.0,226.0,233.0,0.43,4860.0,2900.0,134.0
PLIC,7/26/2012,233.0,230.0,226.0,229.0,-1.72,3016.0,2900.0,134.0
PLIC,7/29/2012,229.0,225.0,217.0,222.0,-3.06,2106.0,2900.0,134.0
PLIC,7/30/2012,222.0,232.0,225.0,232.0,4.5,2394.0,2900.0,134.0
PLIC,7/31/2012,232.0,232.0,230.0,231.0,-0.43,1570.0,2900.0,134.0
PLIC,8/1/2012,231.0,236.0,224.0,235.0,1.73,2184.0,2900.0,134.0
PLIC,8/5/2012,235.0,258.0,231.0,258.0,9.79,5868.0,2900.0,134.0
PLIC,8/6/2012,258.0,273.0,245.0,252.0,-2.33,4090.0,2900.0,134.0
PLIC,8/7/2012,252.0,270.0,256.0,265.0,5.16,8574.0,2900.0,134.0
PLIC,8/8/2012,265.0,260.0,250.0,252.0,-4.91,1974.0,2900.0,134.0
PLIC,8/12/2012,252.0,257.0,249.0,249.0,-1.19,806.0,2900.0,134.0
PLIC,8/13/2012,249.0,250.0,241.0,241.0,-3.21,2910.0,2900.0,134.0
PLIC,8/14/2012,241.0,263.0,245.0,258.0,7.05,916.0,2900.0,134.0
PLIC,8/15/2012,258.0,253.0,240.0,240.0,-6.98,304.0,2900.0,134.0
PLIC,8/16/2012,240.0,247.0,235.0,247.0,2.92,3178.0,2900.0,134.0
PLIC,8/19/2012,247.0,248.0,244.0,245.0,-0.81,992.0,2900.0,134.0
PLIC,8/21/2012,245.0,246.0,241.0,246.0,0.41,868.0,2900.0,134.0
PLIC,8/22/2012,246.0,251.0,239.0,251.0,2.03,1222.0,2900.0,134.0
PLIC,8/23/2012,251.0,253.0,247.0,251.0,0.0,1772.0,2900.0,134.0
PLIC,8/26/2012,251.0,250.0,243.0,245.0,-2.39,4492.0,2900.0,134.0
PLIC,8/27/2012,245.0,250.0,245.0,249.0,1.63,4296.0,2900.0,134.0
PLIC,8/28/2012,249.0,257.0,251.0,252.0,1.2,1624.0,2900.0,134.0
PLIC,8/29/2012,252.0,260.0,245.0,260.0,3.17,656.0,2900.0,134.0
PLIC,8/30/2012,260.0,261.0,253.0,261.0,0.38,1372.0,2900.0,134.0
PLIC,9/2/2012,261.0,261.0,254.0,261.0,0.0,1016.0,2900.0,134.0
PLIC,9/3/2012,261.0,268.0,253.0,256.0,-1.92,6326.0,2900.0,134.0
PLIC,9/4/2012,256.0,264.0,255.0,264.0,3.12,5672.0,2900.0,134.0
PLIC,9/5/2012,264.0,266.0,259.0,262.0,-0.76,6176.0,2900.0,134.0
PLIC,9/6/2012,262.0,281.0,262.0,281.0,7.25,18718.0,2900.0,134.0
PLIC,9/9/2012,281.0,291.0,268.0,275.0,-2.14,9860.0,2900.0,134.0
PLIC,9/10/2012,275.0,280.0,260.0,266.0,-3.27,3466.0,2900.0,134.0
PLIC,9/11/2012,266.0,271.0,265.0,271.0,1.88,3396.0,2900.0,134.0
PLIC,9/12/2012,271.0,285.0,263.0,285.0,5.17,4704.0,2900.0,134.0
PLIC,9/13/2012,285.0,290.0,272.0,274.0,-3.86,2726.0,2900.0,134.0
PLIC,9/16/2012,274.0,295.0,275.0,279.0,1.82,1424.0,2900.0,134.0
PLIC,9/17/2012,279.0,278.0,272.0,276.0,-1.08,7934.0,2900.0,134.0
PLIC,9/18/2012,276.0,281.0,278.0,280.0,1.45,4338.0,2900.0,134.0
PLIC,9/19/2012,280.0,285.0,275.0,284.0,1.43,4252.0,2900.0,134.0
PLIC,9/20/2012,284.0,279.0,276.0,279.0,-1.76,1626.0,2900.0,134.0
PLIC,9/23/2012,279.0,286.0,274.0,286.0,2.51,272.0,2900.0,134.0
PLIC,9/24/2012,286.0,281.0,271.0,278.0,-2.8,4982.0,2900.0,134.0
PLIC,9/25/2012,278.0,282.0,274.0,280.0,0.72,3478.0,2900.0,134.0
PLIC,9/26/2012,280.0,300.0,280.0,300.0,7.14,16342.0,2900.0,134.0
PLIC,9/30/2012,304.0,298.0,281.0,281.0,-6.33,2158.0,2900.0,134.0
PLIC,10/1/2012,281.0,290.0,278.0,286.0,1.78,4450.0,2900.0,134.0
PLIC,10/2/2012,286.0,295.0,280.0,293.0,2.45,5192.0,2900.0,134.0
PLIC,10/3/2012,293.0,292.0,287.0,292.0,-0.34,2978.0,2900.0,134.0
PLIC,10/4/2012,292.0,310.0,290.0,310.0,6.16,10298.0,2900.0,134.0
PLIC,10/7/2012,310.0,316.0,304.0,311.0,0.32,12144.0,2900.0,134.0
PLIC,10/8/2012,311.0,315.0,300.0,306.0,-1.61,3456.0,2900.0,134.0
PLIC,10/9/2012,306.0,300.0,294.0,296.0,-3.27,924.0,2900.0,134.0
PLIC,10/10/2012,296.0,316.0,292.0,305.0,3.04,3624.0,2900.0,134.0
PLIC,10/11/2012,305.0,304.0,285.0,304.0,-0.33,1266.0,2900.0,134.0
PLIC,10/14/2012,304.0,324.0,295.0,324.0,6.58,7660.0,2900.0,134.0
PLIC,10/15/2012,324.0,336.0,306.0,312.0,-3.7,998.0,2900.0,134.0
PLIC,10/17/2012,312.0,310.0,299.0,304.0,-2.56,278.0,2900.0,134.0
PLIC,10/18/2012,304.0,315.0,302.0,315.0,3.62,1076.0,2900.0,134.0
PLIC,10/30/2012,315.0,310.0,310.0,310.0,-1.59,420.0,2900.0,134.0
PLIC,10/31/2012,310.0,316.0,310.0,310.0,0.0,722.0,2900.0,134.0
PLIC,11/1/2012,310.0,305.0,299.0,300.0,-3.23,996.0,2900.0,134.0
PLIC,11/4/2012,300.0,310.0,300.0,304.0,1.33,2428.0,2900.0,134.0
PLIC,11/5/2012,304.0,309.0,304.0,306.0,0.66,1888.0,2900.0,134.0
PLIC,11/6/2012,306.0,315.0,303.0,308.0,0.65,4124.0,2900.0,134.0
PLIC,11/7/2012,308.0,310.0,302.0,308.0,0.0,4234.0,2900.0,134.0
PLIC,11/8/2012,308.0,308.0,300.0,300.0,-2.6,2826.0,2900.0,134.0
PLIC,11/11/2012,300.0,300.0,294.0,299.0,-0.33,3220.0,2900.0,134.0
PLIC,11/12/2012,299.0,305.0,294.0,305.0,2.01,490.0,2900.0,134.0
PLIC,11/18/2012,305.0,305.0,299.0,301.0,-1.31,356.0,2900.0,134.0
PLIC,11/20/2012,301.0,301.0,295.0,300.0,-0.33,1346.0,2900.0,134.0
PLIC,11/21/2012,300.0,310.0,294.0,302.0,0.67,1234.0,2900.0,134.0
PLIC,11/22/2012,302.0,305.0,295.0,300.0,-0.66,3868.0,2900.0,134.0
PLIC,11/25/2012,300.0,306.0,296.0,296.0,-1.33,1468.0,2900.0,134.0
PLIC,11/26/2012,296.0,306.0,291.0,305.0,3.04,6330.0,2900.0,134.0
PLIC,11/27/2012,305.0,304.0,300.0,300.0,-1.64,874.0,2900.0,134.0
PLIC,11/28/2012,300.0,300.0,297.0,297.0,-1.0,756.0,2900.0,134.0
PLIC,11/29/2012,297.0,300.0,296.0,298.0,0.34,1176.0,2900.0,134.0
PLIC,12/2/2012,298.0,300.0,294.0,300.0,0.67,360.0,2900.0,134.0
PLIC,12/3/2012,300.0,302.0,298.0,302.0,0.67,1730.0,2900.0,134.0
PLIC,12/4/2012,302.0,300.0,293.0,300.0,-0.66,1848.0,2900.0,134.0
PLIC,12/5/2012,300.0,307.0,300.0,306.0,2.0,1156.0,2900.0,134.0
PLIC,12/6/2012,306.0,302.0,297.0,298.0,-2.61,1848.0,2900.0,134.0
PLIC,12/9/2012,298.0,300.0,291.0,300.0,0.67,1820.0,2900.0,134.0
PLIC,12/10/2012,300.0,299.0,293.0,299.0,-0.33,3194.0,2900.0,134.0
PLIC,12/11/2012,299.0,301.0,293.0,293.0,-2.01,13210.0,2900.0,134.0
PLIC,12/12/2012,293.0,308.0,294.0,308.0,5.12,1336.0,2900.0,134.0
PLIC,12/13/2012,308.0,302.0,280.0,300.0,-2.6,14672.0,2900.0,134.0
PLIC,12/16/2012,300.0,310.0,296.0,307.0,2.33,1480.0,2900.0,134.0
PLIC,12/17/2012,307.0,312.0,300.0,312.0,1.63,3850.0,2900.0,134.0
PLIC,12/18/2012,312.0,312.0,304.0,304.0,-2.56,1378.0,2900.0,134.0
PLIC,12/19/2012,304.0,305.0,300.0,301.0,-0.99,520.0,2900.0,134.0
PLIC,12/20/2012,301.0,306.0,300.0,302.0,0.33,1142.0,2900.0,134.0
PLIC,12/23/2012,302.0,304.0,300.0,301.0,-0.33,1028.0,2900.0,134.0
PLIC,12/24/2012,301.0,306.0,295.0,306.0,1.66,3516.0,2900.0,134.0
PLIC,12/26/2012,306.0,310.0,295.0,300.0,-1.96,728.0,2900.0,134.0
PLIC,12/27/2012,300.0,306.0,299.0,304.0,1.33,1756.0,2900.0,134.0
PLIC,12/31/2012,304.0,306.0,300.0,304.0,0.0,240.0,2900.0,134.0
PLIC,1/1/2013,304.0,304.0,300.0,303.0,-0.33,2446.0,2900.0,134.0
PLIC,1/2/2013,303.0,306.0,295.0,304.0,0.33,2104.0,2900.0,134.0
PLIC,1/3/2013,304.0,306.0,299.0,300.0,-1.32,3146.0,2900.0,134.0
PLIC,1/6/2013,300.0,305.0,300.0,300.0,0.0,336.0,2900.0,134.0
PLIC,1/7/2013,300.0,300.0,295.0,297.0,-1.0,898.0,2900.0,134.0
PLIC,1/8/2013,297.0,306.0,294.0,306.0,3.03,768.0,2900.0,134.0
PLIC,1/9/2013,306.0,310.0,298.0,309.0,0.98,3996.0,2900.0,134.0
PLIC,1/10/2013,309.0,316.0,300.0,314.0,1.62,8028.0,2900.0,134.0
PLIC,1/13/2013,314.0,311.0,302.0,311.0,-0.96,1596.0,2900.0,134.0
PLIC,1/15/2013,311.0,307.0,300.0,303.0,-2.57,1360.0,2900.0,134.0
PLIC,1/16/2013,303.0,308.0,300.0,301.0,-0.66,4802.0,2900.0,134.0
PLIC,1/17/2013,301.0,310.0,294.0,300.0,-0.33,2630.0,2900.0,134.0
PLIC,1/20/2013,300.0,301.0,294.0,298.0,-0.67,570.0,2900.0,134.0
PLIC,1/21/2013,298.0,299.0,299.0,299.0,0.34,108.0,2900.0,134.0
PLIC,1/22/2013,299.0,298.0,295.0,298.0,-0.33,688.0,2900.0,134.0
PLIC,1/23/2013,298.0,303.0,297.0,298.0,0.0,1262.0,2900.0,134.0
PLIC,1/24/2013,298.0,298.0,295.0,296.0,-0.67,1076.0,2900.0,134.0
PLIC,1/27/2013,296.0,300.0,296.0,297.0,0.34,2170.0,2900.0,134.0
PLIC,1/28/2013,297.0,295.0,291.0,294.0,-1.01,2358.0,2900.0,134.0
PLIC,1/30/2013,294.0,292.0,288.0,290.0,-1.36,2112.0,2900.0,134.0
PLIC,1/31/2013,290.0,291.0,287.0,290.0,0.0,852.0,2900.0,134.0
PLIC,2/3/2013,290.0,296.0,285.0,294.0,1.38,290.0,2900.0,134.0
PLIC,2/4/2013,294.0,295.0,294.0,295.0,0.34,108.0,2900.0,134.0
PLIC,2/5/2013,295.0,299.0,291.0,299.0,1.36,528.0,2900.0,134.0
PLIC,2/6/2013,299.0,296.0,290.0,295.0,-1.34,704.0,2900.0,134.0
PLIC,2/7/2013,295.0,290.0,287.0,290.0,-1.69,780.0,2900.0,134.0
PLIC,2/10/2013,290.0,292.0,288.0,288.0,-0.69,1044.0,2900.0,134.0
PLIC,2/12/2013,288.0,293.0,290.0,290.0,0.69,172.0,2900.0,134.0
PLIC,2/13/2013,290.0,291.0,290.0,290.0,0.0,514.0,2900.0,134.0
PLIC,2/14/2013,290.0,290.0,290.0,290.0,0.0,434.0,2900.0,134.0
PLIC,2/17/2013,290.0,312.0,295.0,312.0,7.59,820.0,2900.0,134.0
PLIC,2/19/2013,312.0,312.0,300.0,300.0,-3.85,656.0,2900.0,134.0
PLIC,2/20/2013,300.0,295.0,295.0,295.0,-1.67,100.0,2900.0,134.0
PLIC,2/21/2013,295.0,300.0,294.0,296.0,0.34,628.0,2900.0,134.0
PLIC,2/24/2013,296.0,295.0,288.0,288.0,-2.7,2592.0,2900.0,134.0
PLIC,2/25/2013,288.0,292.0,287.0,292.0,1.39,746.0,2900.0,134.0
PLIC,2/26/2013,292.0,290.0,290.0,290.0,-0.68,168.0,2900.0,134.0
PLIC,2/27/2013,290.0,292.0,288.0,288.0,-0.69,1052.0,2900.0,134.0
PLIC,2/28/2013,288.0,293.0,289.0,293.0,1.74,818.0,2900.0,134.0
PLIC,3/3/2013,293.0,292.0,288.0,292.0,-0.34,776.0,2900.0,134.0
PLIC,3/4/2013,292.0,296.0,290.0,296.0,1.37,500.0,2900.0,134.0
PLIC,3/5/2013,296.0,300.0,289.0,300.0,1.35,3632.0,2900.0,134.0
PLIC,3/6/2013,300.0,295.0,293.0,293.0,-2.33,120.0,2900.0,134.0
PLIC,3/7/2013,293.0,295.0,289.0,291.0,-0.68,204.0,2900.0,134.0
PLIC,3/11/2013,291.0,291.0,291.0,291.0,0.0,48.0,2900.0,134.0
PLIC,3/13/2013,291.0,300.0,293.0,298.0,2.41,2806.0,2900.0,134.0
PLIC,3/14/2013,298.0,303.0,291.0,291.0,-2.35,1736.0,2900.0,134.0
PLIC,3/17/2013,291.0,295.0,280.0,290.0,-0.34,1052.0,2900.0,134.0
PLIC,3/18/2013,290.0,290.0,286.0,290.0,0.0,384.0,2900.0,134.0
PLIC,3/19/2013,290.0,295.0,292.0,293.0,1.03,384.0,2900.0,134.0
PLIC,3/20/2013,293.0,295.0,292.0,295.0,0.68,240.0,2900.0,134.0
PLIC,3/21/2013,295.0,294.0,290.0,294.0,-0.34,204.0,2900.0,134.0
PLIC,3/24/2013,294.0,290.0,278.0,278.0,-5.44,274.0,2900.0,134.0
PLIC,3/25/2013,278.0,288.0,278.0,280.0,0.72,652.0,2900.0,134.0
PLIC,3/27/2013,280.0,280.0,276.0,280.0,0.0,224.0,2900.0,134.0
PLIC,3/28/2013,280.0,285.0,275.0,285.0,1.79,430.0,2900.0,134.0
PLIC,3/31/2013,285.0,286.0,284.0,284.0,-0.35,520.0,2900.0,134.0
PLIC,4/1/2013,284.0,288.0,282.0,288.0,1.41,1556.0,2900.0,134.0
PLIC,4/2/2013,288.0,288.0,278.0,278.0,-3.47,1024.0,2900.0,134.0
PLIC,4/3/2013,278.0,293.0,276.0,293.0,5.4,1678.0,2900.0,134.0
PLIC,4/4/2013,293.0,295.0,284.0,285.0,-2.73,1128.0,2900.0,134.0
PLIC,4/7/2013,285.0,299.0,289.0,299.0,4.91,892.0,2900.0,134.0
PLIC,4/8/2013,299.0,300.0,291.0,295.0,-1.34,488.0,2900.0,134.0
PLIC,4/9/2013,295.0,296.0,290.0,296.0,0.34,456.0,2900.0,134.0
PLIC,4/11/2013,296.0,311.0,297.0,304.0,2.7,2804.0,2900.0,134.0
PLIC,4/15/2013,304.0,304.0,293.0,293.0,-3.62,804.0,2900.0,134.0
PLIC,4/16/2013,293.0,298.0,289.0,291.0,-0.68,1618.0,2900.0,134.0
PLIC,4/17/2013,291.0,300.0,294.0,300.0,3.09,412.0,2900.0,134.0
PLIC,4/18/2013,300.0,300.0,290.0,292.0,-2.67,5112.0,2900.0,134.0
PLIC,4/21/2013,292.0,295.0,283.0,284.0,-2.74,2756.0,2900.0,134.0
PLIC,4/22/2013,284.0,288.0,283.0,288.0,1.41,728.0,2900.0,134.0
PLIC,4/23/2013,288.0,316.0,285.0,316.0,9.72,4390.0,2900.0,134.0
PLIC,5/8/2013,316.0,280.0,274.0,274.0,-13.29,46.0,2900.0,134.0
PLIC,5/9/2013,274.0,269.0,255.0,258.0,-5.84,1262.0,2900.0,134.0
PLIC,5/12/2013,258.0,259.0,254.0,254.0,-1.55,1060.0,2900.0,134.0
PLIC,5/13/2013,254.0,254.0,254.0,254.0,0.0,2000.0,2900.0,134.0
PLIC,5/14/2013,254.0,258.0,249.0,250.0,-1.57,3282.0,2900.0,134.0
PLIC,5/15/2013,250.0,252.0,250.0,250.0,0.0,774.0,2900.0,134.0
PLIC,5/16/2013,250.0,255.0,250.0,255.0,2.0,2655.0,2900.0,134.0
PLIC,5/19/2013,255.0,259.0,250.0,251.0,-1.57,2814.0,2900.0,134.0
PLIC,5/20/2013,251.0,250.0,248.0,248.0,-1.2,2208.0,2900.0,134.0
PLIC,5/21/2013,248.0,252.0,245.0,245.0,-1.21,2300.0,2900.0,134.0
PLIC,5/22/2013,245.0,246.0,241.0,242.0,-1.22,8806.0,2900.0,134.0
PLIC,5/23/2013,242.0,245.0,242.0,245.0,1.24,674.0,2900.0,134.0
PLIC,5/26/2013,245.0,252.0,248.0,252.0,2.86,282.0,2900.0,134.0
PLIC,5/27/2013,252.0,260.0,251.0,260.0,3.17,1760.0,2900.0,134.0
PLIC,5/28/2013,260.0,264.0,258.0,264.0,1.54,6700.0,2900.0,134.0
PLIC,5/30/2013,264.0,271.0,260.0,260.0,-1.52,1142.0,2900.0,134.0
PLIC,6/2/2013,260.0,257.0,254.0,256.0,-1.54,1650.0,2900.0,134.0
PLIC,6/3/2013,256.0,260.0,255.0,260.0,1.56,656.0,2900.0,134.0
PLIC,6/4/2013,260.0,266.0,260.0,260.0,0.0,1078.0,2900.0,134.0
PLIC,6/5/2013,260.0,260.0,257.0,258.0,-0.77,904.0,2900.0,134.0
PLIC,6/6/2013,258.0,259.0,252.0,252.0,-2.33,1624.0,2900.0,134.0
PLIC,6/9/2013,252.0,254.0,250.0,253.0,0.4,481.0,2900.0,134.0
PLIC,6/10/2013,253.0,251.0,248.0,250.0,-1.19,804.0,2900.0,134.0
PLIC,6/11/2013,250.0,246.0,243.0,245.0,-2.0,1054.0,2900.0,134.0
PLIC,6/12/2013,245.0,254.0,248.0,254.0,3.67,390.0,2900.0,134.0
PLIC,6/13/2013,254.0,259.0,253.0,253.0,-0.39,938.0,2900.0,134.0
PLIC,6/16/2013,253.0,250.0,250.0,250.0,-1.19,72.0,2900.0,134.0
PLIC,6/17/2013,250.0,254.0,250.0,250.0,0.0,1580.0,2900.0,134.0
PLIC,6/18/2013,250.0,253.0,249.0,252.0,0.8,568.0,2900.0,134.0
PLIC,6/19/2013,252.0,253.0,250.0,250.0,-0.79,152.0,2900.0,134.0
PLIC,6/20/2013,250.0,253.0,248.0,250.0,0.0,162.0,2900.0,134.0
PLIC,6/23/2013,250.0,252.0,247.0,247.0,-1.2,1697.0,2900.0,134.0
PLIC,6/24/2013,247.0,250.0,247.0,250.0,1.21,1759.0,2900.0,134.0
PLIC,6/25/2013,250.0,254.0,250.0,252.0,0.8,853.0,2900.0,134.0
PLIC,6/27/2013,252.0,250.0,245.0,246.0,-2.38,3575.0,2900.0,134.0
PLIC,6/30/2013,246.0,246.0,245.0,245.0,-0.41,1234.0,2900.0,134.0
PLIC,7/1/2013,245.0,247.0,246.0,246.0,0.41,1231.0,2900.0,134.0
PLIC,7/2/2013,246.0,250.0,245.0,247.0,0.41,1261.0,2900.0,134.0
PLIC,7/3/2013,247.0,251.0,246.0,246.0,-0.4,2700.0,2900.0,134.0
PLIC,7/4/2013,246.0,249.0,245.0,245.0,-0.41,795.0,2900.0,134.0
PLIC,7/7/2013,245.0,249.0,243.0,248.0,1.22,1489.0,2900.0,134.0
PLIC,7/8/2013,248.0,252.0,250.0,250.0,0.81,1206.0,2900.0,134.0
PLIC,7/9/2013,250.0,255.0,250.0,254.0,1.6,575.0,2900.0,134.0
PLIC,7/10/2013,254.0,251.0,247.0,250.0,-1.57,1881.0,2900.0,134.0
PLIC,7/11/2013,250.0,250.0,250.0,250.0,0.0,100.0,2900.0,134.0
PLIC,7/14/2013,250.0,261.0,255.0,261.0,4.4,973.0,2900.0,134.0
PLIC,7/15/2013,261.0,270.0,260.0,270.0,3.45,931.0,2900.0,134.0
PLIC,7/16/2013,270.0,270.0,265.0,265.0,-1.85,76.0,2900.0,134.0
PLIC,7/17/2013,265.0,260.0,252.0,255.0,-3.77,781.0,2900.0,134.0
PLIC,7/18/2013,255.0,265.0,251.0,260.0,1.96,1310.0,2900.0,134.0
PLIC,7/21/2013,260.0,265.0,265.0,265.0,1.92,484.0,2900.0,134.0
PLIC,7/22/2013,265.0,265.0,257.0,260.0,-1.89,2890.0,2900.0,134.0
PLIC,7/23/2013,260.0,264.0,255.0,264.0,1.54,640.0,2900.0,134.0
PLIC,7/24/2013,264.0,272.0,256.0,272.0,3.03,3738.0,2900.0,134.0
PLIC,7/25/2013,272.0,277.0,263.0,275.0,1.1,3188.0,2900.0,134.0
PLIC,7/28/2013,275.0,295.0,270.0,295.0,7.27,8122.0,2900.0,134.0
PLIC,7/29/2013,295.0,300.0,287.0,295.0,0.0,18047.0,2900.0,134.0
PLIC,7/30/2013,295.0,301.0,290.0,300.0,1.69,11890.0,2900.0,134.0
PLIC,7/31/2013,300.0,301.0,294.0,300.0,0.0,5688.0,2900.0,134.0
PLIC,8/1/2013,300.0,295.0,290.0,293.0,-2.33,2106.0,2900.0,134.0
PLIC,8/4/2013,293.0,293.0,288.0,290.0,-1.02,2269.0,2900.0,134.0
PLIC,8/5/2013,290.0,285.0,271.0,275.0,-5.17,1733.0,2900.0,134.0
PLIC,8/6/2013,275.0,288.0,268.0,288.0,4.73,940.0,2900.0,134.0
PLIC,8/7/2013,288.0,295.0,290.0,295.0,2.43,10423.0,2900.0,134.0
PLIC,8/8/2013,295.0,304.0,290.0,301.0,2.03,59674.0,2900.0,134.0
PLIC,8/11/2013,301.0,313.0,300.0,311.0,3.32,19374.0,2900.0,134.0
PLIC,8/12/2013,311.0,325.0,309.0,325.0,4.5,22822.0,2900.0,134.0
PLIC,8/13/2013,325.0,357.0,328.0,344.0,5.85,17958.0,2900.0,134.0
PLIC,8/14/2013,344.0,360.0,347.0,350.0,1.74,10665.0,2900.0,134.0
PLIC,8/15/2013,350.0,351.0,333.0,345.0,-1.43,8373.0,2900.0,134.0
PLIC,8/18/2013,345.0,369.0,341.0,367.0,6.38,11179.0,2900.0,134.0
PLIC,8/19/2013,367.0,365.0,343.0,365.0,-0.54,7685.0,2900.0,134.0
PLIC,8/20/2013,365.0,379.0,361.0,361.0,-1.1,12997.0,2900.0,134.0
PLIC,8/25/2013,361.0,374.0,359.0,367.0,1.66,7958.0,2900.0,134.0
PLIC,8/26/2013,367.0,378.0,370.0,378.0,3.0,22274.0,2900.0,134.0
PLIC,8/27/2013,378.0,392.0,378.0,382.0,1.06,13429.0,2900.0,134.0
PLIC,8/29/2013,382.0,393.0,375.0,378.0,-1.05,11447.0,2900.0,134.0
PLIC,9/1/2013,378.0,381.0,369.0,369.0,-2.38,9462.0,2900.0,134.0
PLIC,9/2/2013,369.0,383.0,369.0,380.0,2.98,9131.0,2900.0,134.0
PLIC,9/3/2013,380.0,386.0,380.0,381.0,0.26,13331.0,2900.0,134.0
PLIC,9/4/2013,381.0,378.0,373.0,374.0,-1.84,569.0,2900.0,134.0
PLIC,9/5/2013,374.0,380.0,373.0,375.0,0.27,8673.0,2900.0,134.0
PLIC,9/8/2013,375.0,376.0,372.0,372.0,-0.8,6420.0,2900.0,134.0
PLIC,9/9/2013,372.0,386.0,370.0,380.0,2.15,5410.0,2900.0,134.0
PLIC,9/10/2013,380.0,408.0,370.0,408.0,7.37,4699.0,2900.0,134.0
PLIC,9/11/2013,408.0,400.0,383.0,390.0,-4.41,5949.0,2900.0,134.0
PLIC,9/12/2013,390.0,408.0,384.0,408.0,4.62,10796.0,2900.0,134.0
PLIC,9/15/2013,408.0,400.0,392.0,397.0,-2.7,15166.0,2900.0,134.0
PLIC,9/16/2013,397.0,400.0,383.0,400.0,0.76,4390.0,2900.0,134.0
PLIC,9/17/2013,400.0,429.0,392.0,425.0,6.25,10836.0,2900.0,134.0
PLIC,9/19/2013,425.0,417.0,390.0,402.0,-5.41,3042.0,2900.0,134.0
PLIC,9/22/2013,402.0,405.0,395.0,402.0,0.0,4942.0,2900.0,134.0
PLIC,9/23/2013,402.0,398.0,383.0,398.0,-1.0,9326.0,2900.0,134.0
PLIC,9/24/2013,398.0,400.0,385.0,386.0,-3.02,3348.0,2900.0,134.0
PLIC,9/25/2013,386.0,390.0,380.0,384.0,-0.52,6291.0,2900.0,134.0
PLIC,9/26/2013,384.0,382.0,374.0,380.0,-1.04,1916.0,2900.0,134.0
PLIC,9/29/2013,380.0,379.0,374.0,377.0,-0.79,970.0,2900.0,134.0
PLIC,9/30/2013,377.0,378.0,373.0,374.0,-0.8,3121.0,2900.0,134.0
PLIC,10/1/2013,374.0,377.0,369.0,370.0,-1.07,8781.0,2900.0,134.0
PLIC,10/2/2013,370.0,377.0,368.0,373.0,0.81,2195.0,2900.0,134.0
PLIC,10/3/2013,373.0,388.0,371.0,388.0,4.02,1882.0,2900.0,134.0
PLIC,10/6/2013,388.0,394.0,372.0,372.0,-4.12,1308.0,2900.0,134.0
PLIC,10/7/2013,372.0,387.0,365.0,387.0,4.03,1287.0,2900.0,134.0
PLIC,10/8/2013,387.0,391.0,385.0,386.0,-0.26,1677.0,2900.0,134.0
PLIC,10/9/2013,386.0,395.0,390.0,391.0,1.3,1791.0,2900.0,134.0
PLIC,10/10/2013,391.0,390.0,384.0,390.0,-0.26,2348.0,2900.0,134.0
PLIC,10/17/2013,390.0,392.0,390.0,392.0,0.51,2492.0,2900.0,134.0
PLIC,10/20/2013,392.0,393.0,385.0,393.0,0.26,6958.0,2900.0,134.0
PLIC,10/21/2013,393.0,400.0,388.0,400.0,1.78,1493.0,2900.0,134.0
PLIC,10/22/2013,400.0,392.0,392.0,392.0,-2.0,27.0,2900.0,134.0
PLIC,10/23/2013,392.0,388.0,383.0,383.0,-2.3,727.0,2900.0,134.0
PLIC,10/24/2013,383.0,384.0,376.0,381.0,-0.52,1426.0,2900.0,134.0
PLIC,10/27/2013,381.0,380.0,375.0,379.0,-0.52,1949.0,2900.0,134.0
PLIC,10/28/2013,379.0,375.0,370.0,375.0,-1.06,575.0,2900.0,134.0
PLIC,10/29/2013,375.0,375.0,370.0,373.0,-0.53,399.0,2900.0,134.0
PLIC,10/30/2013,373.0,372.0,370.0,372.0,-0.27,951.0,2900.0,134.0
PLIC,10/31/2013,372.0,374.0,372.0,374.0,0.54,283.0,2900.0,134.0
PLIC,11/6/2013,374.0,367.0,364.0,364.0,-2.67,303.0,2900.0,134.0
PLIC,11/7/2013,364.0,371.0,370.0,371.0,1.92,139.0,2900.0,134.0
PLIC,11/10/2013,371.0,371.0,370.0,370.0,-0.27,39.0,2900.0,134.0
PLIC,11/11/2013,370.0,377.0,370.0,377.0,1.89,508.0,2900.0,134.0
PLIC,11/12/2013,377.0,388.0,380.0,388.0,2.92,2328.0,2900.0,134.0
PLIC,11/13/2013,388.0,397.0,386.0,388.0,0.0,2754.0,2900.0,134.0
PLIC,11/14/2013,388.0,402.0,390.0,400.0,3.09,5953.0,2900.0,134.0
PLIC,11/24/2013,400.0,440.0,408.0,440.0,10.0,7995.0,2900.0,134.0
PLIC,11/25/2013,440.0,484.0,445.0,484.0,10.0,3664.0,2900.0,134.0
PLIC,11/26/2013,484.0,532.0,493.0,532.0,9.92,6027.0,2900.0,134.0
PLIC,11/27/2013,532.0,585.0,522.0,546.0,2.63,20151.0,2900.0,134.0
PLIC,11/28/2013,546.0,561.0,540.0,552.0,1.1,9622.0,2900.0,134.0
PLIC,12/1/2013,552.0,603.0,542.0,580.0,5.07,9693.0,2900.0,134.0
PLIC,12/2/2013,580.0,602.0,580.0,600.0,3.45,12006.0,2900.0,134.0
PLIC,12/3/2013,600.0,633.0,598.0,633.0,5.5,21108.0,2900.0,134.0
PLIC,12/4/2013,633.0,675.0,645.0,660.0,4.27,2341.0,2900.0,134.0
PLIC,12/5/2013,660.0,705.0,635.0,657.0,-0.45,15338.0,2900.0,134.0
PLIC,12/8/2013,657.0,650.0,630.0,630.0,-4.11,619.0,2900.0,134.0
PLIC,12/10/2013,630.0,618.0,567.0,568.0,-9.84,3902.0,2900.0,134.0
PLIC,12/11/2013,568.0,561.0,536.0,545.0,-4.05,10336.0,2900.0,134.0
PLIC,12/12/2013,545.0,566.0,535.0,550.0,0.92,11376.0,2900.0,134.0
PLIC,12/15/2013,550.0,553.0,532.0,544.0,-1.09,10330.0,2900.0,134.0
PLIC,12/16/2013,544.0,598.0,554.0,598.0,9.93,441.0,2900.0,134.0
PLIC,12/18/2013,598.0,632.0,609.0,625.0,4.52,4540.0,2900.0,134.0
PLIC,12/19/2013,625.0,630.0,603.0,625.0,0.0,3761.0,2900.0,134.0
PLIC,12/22/2013,625.0,625.0,580.0,590.0,-5.6,3828.0,2900.0,134.0
PLIC,12/23/2013,590.0,580.0,560.0,571.0,-3.22,1520.0,2900.0,134.0
PLIC,12/24/2013,571.0,560.0,550.0,552.0,-3.33,5976.0,2900.0,134.0
PLIC,12/26/2013,552.0,574.0,550.0,574.0,3.99,1080.0,2900.0,134.0
PLIC,12/29/2013,574.0,572.0,531.0,572.0,-0.35,4316.0,2900.0,134.0
PLIC,12/31/2013,572.0,575.0,535.0,535.0,-6.47,1774.0,2900.0,134.0
PLIC,1/1/2014,535.0,545.0,510.0,531.0,-0.75,3570.0,2900.0,134.0
PLIC,1/2/2014,531.0,561.0,535.0,561.0,5.65,1500.0,2900.0,134.0
PLIC,1/5/2014,561.0,590.0,550.0,550.0,-1.96,422.0,2900.0,134.0
PLIC,1/6/2014,550.0,540.0,520.0,530.0,-3.64,663.0,2900.0,134.0
PLIC,1/7/2014,530.0,540.0,520.0,523.0,-1.32,879.0,2900.0,134.0
PLIC,1/8/2014,523.0,526.0,500.0,526.0,0.57,9540.0,2900.0,134.0
PLIC,1/9/2014,526.0,521.0,507.0,512.0,-2.66,3277.0,2900.0,134.0
PLIC,1/12/2014,512.0,540.0,512.0,517.0,0.98,3899.0,2900.0,134.0
PLIC,1/13/2014,517.0,555.0,527.0,550.0,6.38,1349.0,2900.0,134.0
PLIC,1/14/2014,550.0,565.0,535.0,560.0,1.82,6286.0,2900.0,134.0
PLIC,1/16/2014,560.0,581.0,557.0,560.0,0.0,2568.0,2900.0,134.0
PLIC,1/19/2014,560.0,571.0,550.0,557.0,-0.54,5813.0,2900.0,134.0
PLIC,1/20/2014,557.0,558.0,540.0,540.0,-3.05,5998.0,2900.0,134.0
PLIC,1/21/2014,540.0,552.0,520.0,550.0,1.85,6117.0,2900.0,134.0
PLIC,1/22/2014,550.0,545.0,526.0,540.0,-1.82,2251.0,2900.0,134.0
PLIC,1/23/2014,540.0,539.0,520.0,530.0,-1.85,13699.0,2900.0,134.0
PLIC,1/26/2014,530.0,535.0,525.0,526.0,-0.75,1411.0,2900.0,134.0
PLIC,1/27/2014,526.0,536.0,520.0,530.0,0.76,856.0,2900.0,134.0
PLIC,1/28/2014,530.0,547.0,532.0,540.0,1.89,2820.0,2900.0,134.0
PLIC,1/29/2014,540.0,555.0,533.0,539.0,-0.19,4600.0,2900.0,134.0
PLIC,2/2/2014,539.0,540.0,520.0,525.0,-2.6,919.0,2900.0,134.0
PLIC,2/3/2014,525.0,530.0,515.0,520.0,-0.95,709.0,2900.0,134.0
PLIC,2/4/2014,520.0,530.0,520.0,521.0,0.19,1398.0,2900.0,134.0
PLIC,2/6/2014,525.0,555.0,522.0,555.0,6.53,448.0,2900.0,134.0
PLIC,2/9/2014,555.0,549.0,530.0,530.0,-4.5,1965.0,2900.0,134.0
PLIC,2/10/2014,530.0,555.0,530.0,532.0,0.38,3883.0,2900.0,134.0
PLIC,2/11/2014,532.0,565.0,530.0,554.0,4.14,5729.0,2900.0,134.0
PLIC,2/12/2014,554.0,570.0,535.0,570.0,2.89,17518.0,2900.0,134.0
PLIC,2/13/2014,570.0,624.0,559.0,624.0,9.47,15543.0,2900.0,134.0
PLIC,2/16/2014,624.0,655.0,621.0,655.0,4.97,22079.0,2900.0,134.0
PLIC,2/17/2014,655.0,693.0,642.0,693.0,5.8,20115.0,2900.0,134.0
PLIC,2/18/2014,693.0,750.0,696.0,740.0,6.78,29342.0,2900.0,134.0
PLIC,2/20/2014,740.0,762.0,697.0,724.0,-2.16,10908.0,2900.0,134.0
PLIC,2/23/2014,724.0,711.0,690.0,690.0,-4.7,10291.0,2900.0,134.0
PLIC,2/24/2014,690.0,710.0,660.0,660.0,-4.35,5298.0,2900.0,134.0
PLIC,2/25/2014,660.0,680.0,630.0,680.0,3.03,2358.0,2900.0,134.0
PLIC,2/26/2014,680.0,693.0,663.0,674.0,-0.88,1294.0,2900.0,134.0
PLIC,3/3/2014,674.0,665.0,641.0,645.0,-4.3,5018.0,2900.0,134.0
PLIC,3/4/2014,645.0,657.0,615.0,657.0,1.86,6148.0,2900.0,134.0
PLIC,3/5/2014,657.0,687.0,660.0,664.0,1.07,5788.0,2900.0,134.0
PLIC,3/6/2014,664.0,665.0,651.0,653.0,-1.66,3199.0,2900.0,134.0
PLIC,3/9/2014,653.0,650.0,628.0,636.0,-2.6,3837.0,2900.0,134.0
PLIC,3/10/2014,636.0,650.0,626.0,638.0,0.31,5237.0,2900.0,134.0
PLIC,3/11/2014,638.0,649.0,633.0,640.0,0.31,5990.0,2900.0,134.0
PLIC,3/12/2014,640.0,642.0,620.0,630.0,-1.56,5834.0,2900.0,134.0
PLIC,3/13/2014,630.0,645.0,621.0,630.0,0.0,5040.0,2900.0,134.0
PLIC,3/17/2014,630.0,636.0,624.0,635.0,0.79,2893.0,2900.0,134.0
PLIC,3/18/2014,635.0,644.0,613.0,614.0,-3.31,2652.0,2900.0,134.0
PLIC,3/19/2014,614.0,637.0,602.0,637.0,3.75,3766.0,2900.0,134.0
PLIC,3/20/2014,637.0,650.0,630.0,647.0,1.57,2156.0,2900.0,134.0
PLIC,3/23/2014,647.0,650.0,620.0,620.0,-4.17,1884.0,2900.0,134.0
PLIC,3/24/2014,620.0,644.0,621.0,640.0,3.23,1783.0,2900.0,134.0
PLIC,3/25/2014,640.0,655.0,633.0,647.0,1.09,13587.0,2900.0,134.0
PLIC,3/26/2014,647.0,641.0,635.0,640.0,-1.08,821.0,2900.0,134.0
PLIC,3/27/2014,640.0,660.0,640.0,660.0,3.12,1838.0,2900.0,134.0
PLIC,3/31/2014,660.0,695.0,660.0,695.0,5.3,5582.0,2900.0,134.0
PLIC,4/1/2014,695.0,710.0,690.0,693.0,-0.29,3734.0,2900.0,134.0
PLIC,4/2/2014,693.0,699.0,680.0,687.0,-0.87,13901.0,2900.0,134.0
PLIC,4/3/2014,687.0,700.0,675.0,675.0,-1.75,1735.0,2900.0,134.0
PLIC,4/6/2014,675.0,680.0,660.0,675.0,0.0,2588.0,2900.0,134.0
PLIC,4/7/2014,675.0,690.0,665.0,680.0,0.74,3496.0,2900.0,134.0
PLIC,4/9/2014,680.0,700.0,671.0,682.0,0.29,7484.0,2900.0,134.0
PLIC,4/10/2014,682.0,738.0,685.0,733.0,7.48,25973.0,2900.0,134.0
PLIC,4/13/2014,733.0,769.0,733.0,747.0,1.91,15822.0,2900.0,134.0
PLIC,4/15/2014,747.0,765.0,750.0,759.0,1.61,5458.0,2900.0,134.0
PLIC,4/16/2014,759.0,770.0,755.0,766.0,0.92,12772.0,2900.0,134.0
PLIC,4/17/2014,766.0,757.0,745.0,746.0,-2.61,4863.0,2900.0,134.0
PLIC,4/20/2014,746.0,745.0,730.0,733.0,-1.74,5553.0,2900.0,134.0
PLIC,4/21/2014,733.0,735.0,721.0,733.0,0.0,4206.0,2900.0,134.0
PLIC,4/22/2014,733.0,759.0,725.0,759.0,3.55,1942.0,2900.0,134.0
PLIC,4/23/2014,759.0,768.0,750.0,760.0,0.13,5192.0,2900.0,134.0
PLIC,4/27/2014,760.0,770.0,757.0,765.0,0.66,3818.0,2900.0,134.0
PLIC,4/28/2014,765.0,780.0,755.0,773.0,1.05,12049.0,2900.0,134.0
PLIC,4/29/2014,773.0,816.0,772.0,808.0,4.53,18090.0,2900.0,134.0
PLIC,4/30/2014,808.0,865.0,810.0,846.0,4.7,19100.0,2900.0,134.0
PLIC,5/4/2014,846.0,930.0,862.0,930.0,9.93,36773.0,2900.0,134.0
PLIC,5/5/2014,930.0,1000.0,844.0,895.0,-3.76,33303.0,2900.0,134.0
PLIC,5/6/2014,895.0,878.0,812.0,878.0,-1.9,4768.0,2900.0,134.0
PLIC,5/7/2014,878.0,890.0,848.0,870.0,-0.91,5885.0,2900.0,134.0
PLIC,5/8/2014,870.0,860.0,834.0,851.0,-2.18,7412.0,2900.0,134.0
PLIC,5/11/2014,851.0,845.0,836.0,842.0,-1.06,6101.0,2900.0,134.0
PLIC,5/12/2014,842.0,863.0,842.0,852.0,1.19,5739.0,2900.0,134.0
PLIC,5/13/2014,852.0,886.0,860.0,870.0,2.11,5640.0,2900.0,134.0
PLIC,5/15/2014,870.0,877.0,849.0,875.0,0.57,2900.0,2900.0,134.0
PLIC,5/18/2014,875.0,870.0,836.0,855.0,-2.29,3148.0,2900.0,134.0
PLIC,5/19/2014,855.0,840.0,826.0,830.0,-2.92,4959.0,2900.0,134.0
PLIC,5/20/2014,830.0,820.0,806.0,820.0,-1.2,7291.0,2900.0,134.0
PLIC,5/21/2014,820.0,828.0,803.0,822.0,0.24,2470.0,2900.0,134.0
PLIC,5/22/2014,822.0,838.0,815.0,815.0,-0.85,2701.0,2900.0,134.0
PLIC,5/25/2014,815.0,851.0,815.0,829.0,1.72,2854.0,2900.0,134.0
PLIC,5/26/2014,829.0,840.0,830.0,840.0,1.33,867.0,2900.0,134.0
PLIC,5/27/2014,840.0,871.0,835.0,863.0,2.74,10012.0,2900.0,134.0
PLIC,5/28/2014,863.0,880.0,860.0,880.0,1.97,6277.0,2900.0,134.0
PLIC,6/1/2014,880.0,885.0,865.0,865.0,-1.7,8454.0,2900.0,134.0
PLIC,6/2/2014,865.0,856.0,835.0,844.0,-2.43,7808.0,2900.0,134.0
PLIC,6/3/2014,844.0,867.0,830.0,865.0,2.49,4847.0,2900.0,134.0
PLIC,6/4/2014,865.0,855.0,835.0,840.0,-2.89,4153.0,2900.0,134.0
PLIC,6/5/2014,840.0,850.0,825.0,842.0,0.24,3907.0,2900.0,134.0
PLIC,6/8/2014,842.0,845.0,820.0,830.0,-1.43,2060.0,2900.0,134.0
PLIC,6/9/2014,830.0,855.0,825.0,845.0,1.81,4161.0,2900.0,134.0
PLIC,6/10/2014,845.0,850.0,832.0,841.0,-0.47,5807.0,2900.0,134.0
PLIC,6/11/2014,841.0,855.0,830.0,840.0,-0.12,7149.0,2900.0,134.0
PLIC,6/12/2014,840.0,843.0,830.0,840.0,0.0,1181.0,2900.0,134.0
PLIC,6/15/2014,840.0,860.0,840.0,850.0,1.19,4109.0,2900.0,134.0
PLIC,6/16/2014,850.0,879.0,845.0,860.0,1.18,4760.0,2900.0,134.0
PLIC,6/17/2014,860.0,915.0,855.0,915.0,6.4,14121.0,2900.0,134.0
PLIC,6/18/2014,915.0,954.0,897.0,934.0,2.08,19682.0,2900.0,134.0
PLIC,6/19/2014,934.0,950.0,912.0,920.0,-1.5,6320.0,2900.0,134.0
PLIC,6/23/2014,920.0,932.0,910.0,912.0,-0.87,4054.0,2900.0,134.0
PLIC,6/24/2014,912.0,940.0,900.0,940.0,3.07,12849.0,2900.0,134.0
PLIC,6/25/2014,940.0,950.0,930.0,940.0,0.0,6130.0,2900.0,134.0
PLIC,6/26/2014,940.0,945.0,926.0,932.0,-0.85,4856.0,2900.0,134.0
PLIC,6/29/2014,932.0,962.0,930.0,960.0,3.0,10463.0,2900.0,134.0
PLIC,6/30/2014,960.0,977.0,951.0,974.0,1.46,9069.0,2900.0,134.0
PLIC,7/1/2014,974.0,1040.0,965.0,1040.0,6.78,15254.0,2900.0,134.0
PLIC,7/2/2014,1040.0,1102.0,1058.0,1092.0,5.0,30570.0,2900.0,134.0
PLIC,7/3/2014,1092.0,1106.0,1030.0,1060.0,-2.93,10739.0,2900.0,134.0
PLIC,7/6/2014,1060.0,1102.0,1060.0,1097.0,3.49,15816.0,2900.0,134.0
PLIC,7/7/2014,1097.0,1160.0,1095.0,1100.0,0.27,13802.0,2900.0,134.0
PLIC,7/8/2014,1100.0,1150.0,1098.0,1100.0,0.0,18829.0,2900.0,134.0
PLIC,7/9/2014,1100.0,1130.0,1060.0,1111.0,1.0,10107.0,2900.0,134.0
PLIC,7/10/2014,1111.0,1130.0,1085.0,1095.0,-1.44,8273.0,2900.0,134.0
PLIC,7/13/2014,1095.0,1155.0,1060.0,1080.0,-1.37,5760.0,2900.0,134.0
PLIC,7/14/2014,1080.0,1100.0,1070.0,1090.0,0.93,6332.0,2900.0,134.0
PLIC,7/15/2014,1090.0,1100.0,1055.0,1099.0,0.83,2528.0,2900.0,134.0
PLIC,7/16/2014,1099.0,1120.0,1091.0,1102.0,0.27,3143.0,2900.0,134.0
PLIC,7/17/2014,1102.0,1115.0,1100.0,1112.0,0.91,4536.0,2900.0,134.0
PLIC,7/20/2014,1112.0,1156.0,1105.0,1134.0,1.98,4847.0,2900.0,134.0
PLIC,7/21/2014,1134.0,1150.0,1125.0,1135.0,0.09,7984.0,2900.0,134.0
PLIC,7/22/2014,1135.0,1141.0,1110.0,1141.0,0.53,8842.0,2900.0,134.0
PLIC,7/23/2014,1141.0,1152.0,1116.0,1152.0,0.96,8392.0,2900.0,134.0
PLIC,7/24/2014,1152.0,1198.0,1125.0,1140.0,-1.04,22535.0,2900.0,134.0
PLIC,7/27/2014,1140.0,1150.0,1108.0,1120.0,-1.75,4820.0,2900.0,134.0
PLIC,7/28/2014,1120.0,1120.0,1100.0,1120.0,0.0,2226.0,2900.0,134.0
PLIC,7/30/2014,1120.0,1119.0,1055.0,1066.0,-4.82,2500.0,2900.0,134.0
PLIC,7/31/2014,1066.0,1091.0,1060.0,1075.0,0.84,2743.0,2900.0,134.0
PLIC,8/3/2014,1075.0,1089.0,1070.0,1075.0,0.0,4647.0,2900.0,134.0
PLIC,8/4/2014,1075.0,1066.0,1065.0,1065.0,-0.93,1393.0,2900.0,134.0
PLIC,8/5/2014,1065.0,1070.0,1050.0,1060.0,-0.47,3266.0,2900.0,134.0
PLIC,8/6/2014,1060.0,1060.0,1040.0,1040.0,-1.89,3316.0,2900.0,134.0
PLIC,8/7/2014,1040.0,1050.0,1010.0,1034.0,-0.58,4391.0,2900.0,134.0
PLIC,8/12/2014,1034.0,1035.0,1005.0,1020.0,-1.35,1086.0,2900.0,134.0
PLIC,8/13/2014,1020.0,1040.0,972.0,1040.0,1.96,3408.0,2900.0,134.0
PLIC,8/14/2014,1040.0,1055.0,1025.0,1026.0,-1.35,1048.0,2900.0,134.0
PLIC,8/18/2014,1026.0,1035.0,1020.0,1035.0,0.88,1032.0,2900.0,134.0
PLIC,8/19/2014,1035.0,1071.0,1010.0,1040.0,0.48,4272.0,2900.0,134.0
PLIC,8/20/2014,1040.0,1030.0,990.0,1020.0,-1.92,2855.0,2900.0,134.0
PLIC,8/21/2014,1020.0,1000.0,940.0,940.0,-7.84,6657.0,2900.0,134.0
PLIC,8/24/2014,940.0,925.0,900.0,905.0,-3.72,4423.0,2900.0,134.0
PLIC,8/25/2014,905.0,887.0,815.0,821.0,-9.28,3063.0,2900.0,134.0
PLIC,8/26/2014,821.0,903.0,830.0,830.0,1.1,2807.0,2900.0,134.0
PLIC,8/27/2014,830.0,913.0,846.0,913.0,10.0,4317.0,2900.0,134.0
PLIC,8/28/2014,913.0,1000.0,925.0,990.0,8.43,8869.0,2900.0,134.0
PLIC,8/31/2014,990.0,1000.0,911.0,933.0,-5.76,3921.0,2900.0,134.0
PLIC,9/1/2014,933.0,945.0,905.0,945.0,1.29,3612.0,2900.0,134.0
PLIC,9/3/2014,945.0,946.0,920.0,924.0,-2.22,2200.0,2900.0,134.0
PLIC,9/4/2014,924.0,915.0,871.0,911.0,-1.41,2966.0,2900.0,134.0
PLIC,9/7/2014,911.0,905.0,835.0,840.0,-7.79,2608.0,2900.0,134.0
PLIC,9/9/2014,840.0,924.0,840.0,924.0,10.0,1327.0,2900.0,134.0
PLIC,9/10/2014,924.0,960.0,885.0,902.0,-2.38,7122.0,2900.0,134.0
PLIC,9/11/2014,902.0,920.0,884.0,920.0,2.0,2187.0,2900.0,134.0
PLIC,9/14/2014,920.0,920.0,887.0,897.0,-2.5,2065.0,2900.0,134.0
PLIC,9/15/2014,897.0,905.0,894.0,904.0,0.78,2692.0,2900.0,134.0
PLIC,9/16/2014,904.0,922.0,895.0,904.0,0.0,8051.0,2900.0,134.0
PLIC,9/17/2014,904.0,922.0,900.0,910.0,0.66,1515.0,2900.0,134.0
PLIC,9/18/2014,910.0,902.0,895.0,901.0,-0.99,2108.0,2900.0,134.0
PLIC,9/21/2014,901.0,915.0,883.0,890.0,-1.22,1500.0,2900.0,134.0
PLIC,9/22/2014,890.0,876.0,860.0,867.0,-2.58,395.0,2900.0,134.0
PLIC,9/23/2014,867.0,919.0,880.0,914.0,5.42,1290.0,2900.0,134.0
PLIC,9/24/2014,914.0,936.0,900.0,936.0,2.41,3094.0,2900.0,134.0
PLIC,9/28/2014,936.0,1000.0,940.0,999.0,6.73,5186.0,2900.0,134.0
PLIC,9/29/2014,999.0,1025.0,995.0,1020.0,2.1,7147.0,2900.0,134.0
PLIC,9/30/2014,1020.0,1030.0,990.0,1005.0,-1.47,5471.0,2900.0,134.0
PLIC,10/8/2014,1005.0,1000.0,945.0,954.0,-5.07,2538.0,2900.0,134.0
PLIC,10/9/2014,954.0,973.0,965.0,972.0,1.89,596.0,2900.0,134.0
PLIC,10/12/2014,972.0,980.0,953.0,970.0,-0.21,951.0,2900.0,134.0
PLIC,10/13/2014,970.0,999.0,965.0,980.0,1.03,7088.0,2900.0,134.0
PLIC,10/14/2014,980.0,1005.0,977.0,1000.0,2.04,3385.0,2900.0,134.0
PLIC,10/15/2014,1000.0,1044.0,1000.0,1022.0,2.2,9212.0,2900.0,134.0
PLIC,10/16/2014,1022.0,1042.0,1000.0,1026.0,0.39,12616.0,2900.0,134.0
PLIC,10/19/2014,1026.0,1025.0,1010.0,1025.0,-0.1,1528.0,2900.0,134.0
PLIC,10/20/2014,1025.0,1028.0,1010.0,1020.0,-0.49,2807.0,2900.0,134.0
PLIC,10/21/2014,1020.0,1025.0,1015.0,1024.0,0.39,7118.0,2900.0,134.0
PLIC,10/22/2014,1024.0,1051.0,1018.0,1045.0,2.05,10271.0,2900.0,134.0
PLIC,10/26/2014,1045.0,1070.0,1040.0,1062.0,1.63,2360.0,2900.0,134.0
PLIC,10/27/2014,1062.0,1076.0,1041.0,1071.0,0.85,4554.0,2900.0,134.0
PLIC,10/28/2014,1071.0,1071.0,1030.0,1070.0,-0.09,3620.0,2900.0,134.0
PLIC,10/30/2014,1070.0,1061.0,1045.0,1049.0,-1.96,1121.0,2900.0,134.0
PLIC,11/2/2014,1049.0,1040.0,990.0,1004.0,-4.29,3983.0,2900.0,134.0
PLIC,11/3/2014,1004.0,1019.0,999.0,1005.0,0.1,3246.0,2900.0,134.0
PLIC,11/4/2014,1005.0,1042.0,1000.0,1015.0,1.0,3600.0,2900.0,134.0
PLIC,11/5/2014,1015.0,1036.0,1010.0,1030.0,1.48,4583.0,2900.0,134.0
PLIC,11/6/2014,1030.0,1035.0,1010.0,1035.0,0.49,1706.0,2900.0,134.0
PLIC,11/9/2014,1035.0,1020.0,995.0,995.0,-3.86,2956.0,2900.0,134.0
PLIC,11/10/2014,995.0,1000.0,980.0,983.0,-1.21,1735.0,2900.0,134.0
PLIC,11/11/2014,983.0,1005.0,956.0,1004.0,2.14,1640.0,2900.0,134.0
PLIC,11/12/2014,1004.0,1024.0,994.0,1000.0,-0.4,2142.0,2900.0,134.0
PLIC,11/13/2014,1000.0,1025.0,1000.0,1010.0,1.0,869.0,2900.0,134.0
PLIC,11/16/2014,1010.0,990.0,954.0,957.0,-5.25,1935.0,2900.0,134.0
PLIC,11/17/2014,957.0,976.0,935.0,976.0,1.99,2747.0,2900.0,134.0
PLIC,11/18/2014,976.0,984.0,930.0,960.0,-1.64,2522.0,2900.0,134.0
PLIC,11/19/2014,960.0,979.0,959.0,979.0,1.98,3635.0,2900.0,134.0
PLIC,11/20/2014,979.0,1013.0,975.0,1013.0,3.47,2674.0,2900.0,134.0
PLIC,11/23/2014,1013.0,1030.0,990.0,990.0,-2.27,1622.0,2900.0,134.0
PLIC,11/25/2014,990.0,971.0,945.0,970.0,-2.02,1736.0,2900.0,134.0
PLIC,11/30/2014,970.0,969.0,945.0,969.0,-0.1,2322.0,2900.0,134.0
PLIC,12/1/2014,969.0,970.0,941.0,945.0,-2.48,2082.0,2900.0,134.0
PLIC,12/2/2014,945.0,945.0,919.0,922.0,-2.43,911.0,2900.0,134.0
PLIC,12/3/2014,922.0,945.0,915.0,939.0,1.84,5759.0,2900.0,134.0
PLIC,12/4/2014,939.0,957.0,940.0,941.0,0.21,1699.0,2900.0,134.0
PLIC,12/7/2014,941.0,941.0,935.0,940.0,-0.11,774.0,2900.0,134.0
PLIC,12/8/2014,940.0,945.0,920.0,935.0,-0.53,1087.0,2900.0,134.0
PLIC,12/9/2014,935.0,940.0,921.0,940.0,0.53,938.0,2900.0,134.0
PLIC,12/10/2014,940.0,945.0,923.0,934.0,-0.64,1388.0,2900.0,134.0
PLIC,12/11/2014,934.0,940.0,930.0,940.0,0.64,1413.0,2900.0,134.0
PLIC,12/14/2014,940.0,993.0,958.0,993.0,5.64,541.0,2900.0,134.0
PLIC,12/15/2014,993.0,1015.0,990.0,990.0,-0.3,882.0,2900.0,134.0
PLIC,12/16/2014,990.0,976.0,961.0,961.0,-2.93,1320.0,2900.0,134.0
PLIC,12/17/2014,961.0,970.0,951.0,951.0,-1.04,191.0,2900.0,134.0
PLIC,12/18/2014,951.0,964.0,941.0,964.0,1.37,617.0,2900.0,134.0
PLIC,12/21/2014,964.0,955.0,937.0,945.0,-1.97,906.0,2900.0,134.0
PLIC,12/22/2014,945.0,940.0,931.0,940.0,-0.53,1008.0,2900.0,134.0
PLIC,12/23/2014,940.0,950.0,920.0,921.0,-2.02,584.0,2900.0,134.0
PLIC,12/24/2014,921.0,974.0,921.0,968.0,5.1,4601.0,2900.0,134.0
PLIC,12/28/2014,968.0,980.0,955.0,978.0,1.03,1245.0,2900.0,134.0
PLIC,12/29/2014,978.0,975.0,953.0,955.0,-2.35,2244.0,2900.0,134.0
PLIC,12/31/2014,955.0,993.0,925.0,993.0,3.98,1697.0,2900.0,134.0
PLIC,1/1/2015,993.0,974.0,960.0,960.0,-3.32,2652.0,2900.0,134.0
PLIC,1/4/2015,960.0,980.0,950.0,980.0,2.08,3491.0,2900.0,134.0
PLIC,1/5/2015,980.0,1015.0,972.0,978.0,-0.2,6392.0,2900.0,134.0
PLIC,1/6/2015,978.0,995.0,976.0,980.0,0.2,845.0,2900.0,134.0
PLIC,1/7/2015,980.0,984.0,961.0,981.0,0.1,821.0,2900.0,134.0
PLIC,1/8/2015,981.0,1025.0,962.0,1012.0,3.16,8367.0,2900.0,134.0
PLIC,1/11/2015,1012.0,1040.0,1009.0,1035.0,2.27,11522.0,2900.0,134.0
PLIC,1/12/2015,1035.0,1030.0,1006.0,1030.0,-0.48,4449.0,2900.0,134.0
PLIC,1/13/2015,1030.0,1079.0,1010.0,1062.0,3.11,7123.0,2900.0,134.0
PLIC,1/14/2015,1062.0,1070.0,1048.0,1056.0,-0.56,7971.0,2900.0,134.0
PLIC,1/18/2015,1056.0,1077.0,1055.0,1075.0,1.8,4616.0,2900.0,134.0
PLIC,1/19/2015,1075.0,1139.0,1054.0,1095.0,1.86,11499.0,2900.0,134.0
PLIC,1/20/2015,1095.0,1122.0,1053.0,1070.0,-2.28,9696.0,2900.0,134.0
PLIC,1/22/2015,1070.0,1106.0,1049.0,1090.0,1.87,6298.0,2900.0,134.0
PLIC,1/25/2015,1090.0,1130.0,1085.0,1130.0,3.67,9121.0,2900.0,134.0
PLIC,1/26/2015,1130.0,1138.0,1090.0,1105.0,-2.21,7939.0,2900.0,134.0
PLIC,1/27/2015,1105.0,1125.0,1096.0,1100.0,-0.45,3487.0,2900.0,134.0
PLIC,1/28/2015,1100.0,1120.0,1090.0,1115.0,1.36,18427.0,2900.0,134.0
PLIC,1/29/2015,1115.0,1103.0,1080.0,1095.0,-1.79,2869.0,2900.0,134.0
PLIC,2/1/2015,1095.0,1095.0,1075.0,1075.0,-1.83,807.0,2900.0,134.0
PLIC,2/2/2015,1075.0,1094.0,1072.0,1094.0,1.77,3131.0,2900.0,134.0
PLIC,2/3/2015,1094.0,1090.0,1075.0,1089.0,-0.46,7784.0,2900.0,134.0
PLIC,2/4/2015,1089.0,1094.0,1075.0,1094.0,0.46,5675.0,2900.0,134.0
PLIC,2/5/2015,1094.0,1101.0,1080.0,1086.0,-0.73,1973.0,2900.0,134.0
PLIC,2/8/2015,1086.0,1095.0,1075.0,1095.0,0.83,3253.0,2900.0,134.0
PLIC,2/9/2015,1095.0,1138.0,1100.0,1132.0,3.38,17255.0,2900.0,134.0
PLIC,2/10/2015,1132.0,1152.0,1126.0,1130.0,-0.18,14059.0,2900.0,134.0
PLIC,2/11/2015,1130.0,1145.0,1120.0,1145.0,1.33,4234.0,2900.0,134.0
PLIC,2/12/2015,1145.0,1145.0,1127.0,1139.0,-0.52,6529.0,2900.0,134.0
PLIC,2/15/2015,1139.0,1167.0,1139.0,1167.0,2.46,1796.0,2900.0,134.0
PLIC,2/16/2015,1167.0,1165.0,1150.0,1160.0,-0.6,3498.0,2900.0,134.0
PLIC,2/18/2015,1160.0,1154.0,1137.0,1137.0,-1.98,589.0,2900.0,134.0
PLIC,2/22/2015,1137.0,1134.0,1100.0,1100.0,-3.25,2333.0,2900.0,134.0
PLIC,2/23/2015,1100.0,1120.0,1100.0,1120.0,1.82,1057.0,2900.0,134.0
PLIC,2/24/2015,1120.0,1111.0,1100.0,1100.0,-1.79,1236.0,2900.0,134.0
PLIC,2/25/2015,1100.0,1115.0,1095.0,1110.0,0.91,2241.0,2900.0,134.0
PLIC,2/26/2015,1110.0,1150.0,1090.0,1145.0,3.15,1229.0,2900.0,134.0
PLIC,3/1/2015,1145.0,1165.0,1140.0,1145.0,0.0,4150.0,2900.0,134.0
PLIC,3/2/2015,1145.0,1150.0,1140.0,1150.0,0.44,1466.0,2900.0,134.0
PLIC,3/3/2015,1150.0,1153.0,1125.0,1149.0,-0.09,2215.0,2900.0,134.0
PLIC,3/4/2015,1149.0,1225.0,1141.0,1225.0,6.61,2475.0,2900.0,134.0
PLIC,3/9/2015,1225.0,1201.0,1180.0,1180.0,-3.67,7726.0,2900.0,134.0
PLIC,3/10/2015,1180.0,1182.0,1153.0,1180.0,0.0,5714.0,2900.0,134.0
PLIC,3/11/2015,1180.0,1171.0,1163.0,1163.0,-1.44,1881.0,2900.0,134.0
PLIC,3/12/2015,1163.0,1154.0,1140.0,1154.0,-0.77,849.0,2900.0,134.0
PLIC,3/15/2015,1154.0,1141.0,1116.0,1141.0,-1.13,1950.0,2900.0,134.0
PLIC,3/16/2015,1141.0,1129.0,1110.0,1120.0,-1.84,1650.0,2900.0,134.0
PLIC,3/17/2015,1120.0,1130.0,1120.0,1130.0,0.89,1570.0,2900.0,134.0
PLIC,3/18/2015,1130.0,1134.0,1125.0,1134.0,0.35,630.0,2900.0,134.0
PLIC,3/19/2015,1134.0,1156.0,1125.0,1136.0,0.18,2876.0,2900.0,134.0
PLIC,3/22/2015,1136.0,1141.0,1125.0,1125.0,-0.97,727.0,2900.0,134.0
PLIC,3/23/2015,1125.0,1120.0,1100.0,1105.0,-1.78,1071.0,2900.0,134.0
PLIC,3/24/2015,1105.0,1127.0,1100.0,1110.0,0.45,379.0,2900.0,134.0
PLIC,3/25/2015,1110.0,1125.0,1100.0,1110.0,0.0,2954.0,2900.0,134.0
PLIC,3/26/2015,1110.0,1093.0,1090.0,1093.0,-1.53,162.0,2900.0,134.0
PLIC,3/29/2015,1093.0,1105.0,1100.0,1105.0,1.1,88.0,2900.0,134.0
PLIC,3/30/2015,1105.0,1100.0,1090.0,1100.0,-0.45,220.0,2900.0,134.0
PLIC,3/31/2015,1100.0,1119.0,1100.0,1110.0,0.91,1017.0,2900.0,134.0
PLIC,4/1/2015,1110.0,1105.0,1091.0,1105.0,-0.45,6124.0,2900.0,134.0
PLIC,4/2/2015,1105.0,1115.0,1090.0,1099.0,-0.54,3288.0,2900.0,134.0
PLIC,4/5/2015,1099.0,1078.0,1078.0,1078.0,-1.91,13.0,2900.0,134.0
PLIC,4/6/2015,1078.0,1080.0,1045.0,1070.0,-0.74,1274.0,2900.0,134.0
PLIC,4/7/2015,1070.0,1093.0,1060.0,1072.0,0.19,4735.0,2900.0,134.0
PLIC,4/8/2015,1072.0,1105.0,1075.0,1100.0,2.61,2268.0,2900.0,134.0
PLIC,4/9/2015,1100.0,1105.0,1083.0,1084.0,-1.45,2384.0,2900.0,134.0
PLIC,4/12/2015,1084.0,1105.0,1070.0,1070.0,-1.29,120.0,2900.0,134.0
PLIC,4/13/2015,1070.0,1067.0,1040.0,1067.0,-0.28,2593.0,2900.0,134.0
PLIC,4/15/2015,1067.0,1095.0,1069.0,1080.0,1.22,3465.0,2900.0,134.0
PLIC,4/16/2015,1080.0,1095.0,1085.0,1085.0,0.46,2108.0,2900.0,134.0
PLIC,4/19/2015,1085.0,1090.0,1076.0,1085.0,0.0,332.0,2900.0,134.0
PLIC,4/20/2015,1085.0,1085.0,1070.0,1070.0,-1.38,2084.0,2900.0,134.0
PLIC,4/21/2015,1070.0,1080.0,1070.0,1080.0,0.93,496.0,2900.0,134.0
PLIC,4/22/2015,1080.0,1081.0,1070.0,1070.0,-0.93,1107.0,2900.0,134.0
PLIC,4/23/2015,1070.0,1061.0,1060.0,1060.0,-0.93,214.0,2900.0,134.0
PLIC,5/28/2015,1060.0,1039.0,954.0,954.0,-10.0,1338.0,2900.0,134.0
PLIC,5/31/2015,954.0,935.0,891.0,901.0,-5.56,2611.0,2900.0,134.0
PLIC,6/1/2015,901.0,935.0,917.0,925.0,2.66,1844.0,2900.0,134.0
PLIC,6/2/2015,925.0,961.0,933.0,958.0,3.57,573.0,2900.0,134.0
PLIC,6/3/2015,958.0,1050.0,977.0,1050.0,9.6,2853.0,2900.0,134.0
PLIC,6/4/2015,1050.0,1115.0,1050.0,1064.0,1.33,1566.0,2900.0,134.0
PLIC,6/7/2015,1064.0,1080.0,1074.0,1076.0,1.13,824.0,2900.0,134.0
PLIC,6/8/2015,1076.0,1115.0,1062.0,1082.0,0.56,927.0,2900.0,134.0
PLIC,6/9/2015,1082.0,1147.0,1080.0,1088.0,0.55,4624.0,2900.0,134.0
PLIC,6/10/2015,1088.0,1107.0,1067.0,1090.0,0.18,2061.0,2900.0,134.0
PLIC,6/11/2015,1090.0,1105.0,1074.0,1098.0,0.73,11806.0,2900.0,134.0
PLIC,6/14/2015,1098.0,1115.0,1082.0,1082.0,-1.46,3742.0,2900.0,134.0
PLIC,6/15/2015,1082.0,1090.0,1066.0,1085.0,0.28,1063.0,2900.0,134.0
PLIC,6/16/2015,1085.0,1090.0,1071.0,1071.0,-1.29,530.0,2900.0,134.0
PLIC,6/17/2015,1071.0,1075.0,1055.0,1075.0,0.37,870.0,2900.0,134.0
PLIC,6/18/2015,1075.0,1075.0,1054.0,1074.0,-0.09,1436.0,2900.0,134.0
PLIC,6/21/2015,1074.0,1075.0,1050.0,1051.0,-2.14,924.0,2900.0,134.0
PLIC,6/22/2015,1051.0,1085.0,1060.0,1065.0,1.33,3827.0,2900.0,134.0
PLIC,6/23/2015,1065.0,1130.0,1065.0,1099.0,3.19,8111.0,2900.0,134.0
PLIC,6/24/2015,1099.0,1100.0,1090.0,1092.0,-0.64,2172.0,2900.0,134.0
PLIC,6/25/2015,1092.0,1113.0,1100.0,1111.0,1.74,9004.0,2900.0,134.0
PLIC,6/28/2015,1111.0,1155.0,1108.0,1140.0,2.61,6357.0,2900.0,134.0
PLIC,6/29/2015,1140.0,1206.0,1141.0,1206.0,5.79,11830.0,2900.0,134.0
PLIC,6/30/2015,1206.0,1200.0,1160.0,1180.0,-2.16,15602.0,2900.0,134.0
PLIC,7/1/2015,1180.0,1190.0,1160.0,1172.0,-0.68,7309.0,2900.0,134.0
PLIC,7/2/2015,1172.0,1170.0,1150.0,1160.0,-1.02,6280.0,2900.0,134.0
PLIC,7/5/2015,1160.0,1162.0,1146.0,1151.0,-0.78,1802.0,2900.0,134.0
PLIC,7/6/2015,1151.0,1150.0,1130.0,1130.0,-1.82,351.0,2900.0,134.0
PLIC,7/7/2015,1130.0,1164.0,1129.0,1164.0,3.01,5037.0,2900.0,134.0
PLIC,7/8/2015,1164.0,1170.0,1160.0,1160.0,-0.34,3657.0,2900.0,134.0
PLIC,7/9/2015,1160.0,1166.0,1140.0,1162.0,0.17,2949.0,2900.0,134.0
PLIC,7/12/2015,1162.0,1158.0,1150.0,1156.0,-0.52,3120.0,2900.0,134.0
PLIC,7/13/2015,1156.0,1145.0,1140.0,1145.0,-0.95,1244.0,2900.0,134.0
PLIC,7/14/2015,1145.0,1156.0,1150.0,1150.0,0.44,432.0,2900.0,134.0
PLIC,7/15/2015,1150.0,1155.0,1148.0,1148.0,-0.17,237.0,2900.0,134.0
PLIC,7/16/2015,1148.0,1159.0,1136.0,1159.0,0.96,2459.0,2900.0,134.0
PLIC,7/22/2015,1159.0,1160.0,1145.0,1150.0,-0.78,3773.0,2900.0,134.0
PLIC,7/23/2015,1150.0,1160.0,1140.0,1150.0,0.0,3998.0,2900.0,134.0
PLIC,7/26/2015,1150.0,1219.0,1173.0,1219.0,6.0,676.0,2900.0,134.0
PLIC,7/27/2015,1219.0,1210.0,1145.0,1147.0,-5.91,6717.0,2900.0,134.0
PLIC,7/28/2015,1147.0,1168.0,1135.0,1135.0,-1.05,2008.0,2900.0,134.0
PLIC,7/29/2015,1135.0,1140.0,1120.0,1130.0,-0.44,3355.0,2900.0,134.0
PLIC,7/30/2015,1130.0,1175.0,1125.0,1160.0,2.65,2076.0,2900.0,134.0
PLIC,8/2/2015,1160.0,1155.0,1140.0,1150.0,-0.86,376.0,2900.0,134.0
PLIC,8/3/2015,1150.0,1165.0,1145.0,1152.0,0.17,2243.0,2900.0,134.0
PLIC,8/4/2015,1152.0,1165.0,1150.0,1151.0,-0.09,4801.0,2900.0,134.0
PLIC,8/5/2015,1151.0,1211.0,1142.0,1211.0,5.21,4466.0,2900.0,134.0
PLIC,8/6/2015,1211.0,1203.0,1176.0,1176.0,-2.89,8863.0,2900.0,134.0
PLIC,8/9/2015,1176.0,1222.0,1160.0,1185.0,0.77,3316.0,2900.0,134.0
PLIC,8/10/2015,1185.0,1199.0,1163.0,1180.0,-0.42,2914.0,2900.0,134.0
PLIC,8/11/2015,1180.0,1195.0,1160.0,1195.0,1.27,3749.0,2900.0,134.0
PLIC,8/12/2015,1195.0,1190.0,1170.0,1185.0,-0.84,3917.0,2900.0,134.0
PLIC,8/13/2015,1185.0,1202.0,1161.0,1184.0,-0.08,4666.0,2900.0,134.0
PLIC,8/16/2015,1184.0,1200.0,1184.0,1200.0,1.35,6529.0,2900.0,134.0
PLIC,8/17/2015,1200.0,1190.0,1170.0,1190.0,-0.83,1245.0,2900.0,134.0
PLIC,8/18/2015,1190.0,1200.0,1181.0,1190.0,0.0,6300.0,2900.0,134.0
PLIC,8/19/2015,1190.0,1210.0,1185.0,1205.0,1.26,10616.0,2900.0,134.0
PLIC,8/20/2015,1205.0,1215.0,1195.0,1215.0,0.83,8969.0,2900.0,134.0
PLIC,8/23/2015,1215.0,1211.0,1182.0,1190.0,-2.06,11225.0,2900.0,134.0
PLIC,8/24/2015,1190.0,1284.0,1213.0,1255.0,5.46,8151.0,2900.0,134.0
PLIC,8/25/2015,1255.0,1315.0,1240.0,1289.0,2.71,3181.0,2900.0,134.0
PLIC,8/26/2015,1289.0,1385.0,1314.0,1362.0,5.66,6297.0,2900.0,134.0
PLIC,8/27/2015,1362.0,1480.0,1388.0,1480.0,8.66,4751.0,2900.0,134.0
PLIC,8/31/2015,1480.0,1560.0,1482.0,1504.0,1.62,9339.0,2900.0,134.0
PLIC,9/1/2015,1504.0,1534.0,1480.0,1495.0,-0.6,8702.0,2900.0,134.0
PLIC,9/2/2015,1495.0,1466.0,1465.0,1465.0,-2.01,54.0,2900.0,134.0
PLIC,9/3/2015,1465.0,1460.0,1366.0,1390.0,-5.12,1792.0,2900.0,134.0
PLIC,9/6/2015,1390.0,1428.0,1364.0,1400.0,0.72,2426.0,2900.0,134.0
PLIC,9/7/2015,1400.0,1415.0,1400.0,1400.0,0.0,1354.0,2900.0,134.0
PLIC,9/8/2015,1400.0,1420.0,1400.0,1410.0,0.71,2139.0,2900.0,134.0
PLIC,9/9/2015,1410.0,1410.0,1395.0,1401.0,-0.64,661.0,2900.0,134.0
PLIC,9/10/2015,1401.0,1390.0,1350.0,1360.0,-2.93,697.0,2900.0,134.0
PLIC,9/13/2015,1360.0,1408.0,1375.0,1385.0,1.84,1518.0,2900.0,134.0
PLIC,9/14/2015,1385.0,1390.0,1380.0,1385.0,0.0,2027.0,2900.0,134.0
PLIC,9/15/2015,1385.0,1409.0,1365.0,1370.0,-1.08,3282.0,2900.0,134.0
PLIC,9/16/2015,1370.0,1400.0,1376.0,1377.0,0.51,4716.0,2900.0,134.0
PLIC,9/17/2015,1377.0,1380.0,1370.0,1380.0,0.22,1363.0,2900.0,134.0
PLIC,9/22/2015,1380.0,1407.0,1333.0,1333.0,-3.41,3888.0,2900.0,134.0
PLIC,9/23/2015,1333.0,1386.0,1350.0,1386.0,3.98,1008.0,2900.0,134.0
PLIC,9/24/2015,1386.0,1379.0,1355.0,1370.0,-1.15,2178.0,2900.0,134.0
PLIC,9/28/2015,1370.0,1355.0,1330.0,1331.0,-2.85,3360.0,2900.0,134.0
PLIC,9/29/2015,1331.0,1355.0,1320.0,1350.0,1.43,3346.0,2900.0,134.0
PLIC,9/30/2015,1350.0,1340.0,1324.0,1340.0,-0.74,168.0,2900.0,134.0
PLIC,10/1/2015,1340.0,1350.0,1340.0,1350.0,0.75,1263.0,2900.0,134.0
PLIC,10/4/2015,1350.0,1369.0,1350.0,1365.0,1.11,1809.0,2900.0,134.0
PLIC,10/5/2015,1365.0,1370.0,1352.0,1352.0,-0.95,113.0,2900.0,134.0
PLIC,10/6/2015,1352.0,1355.0,1342.0,1350.0,-0.15,1139.0,2900.0,134.0
PLIC,10/7/2015,1350.0,1360.0,1330.0,1360.0,0.74,3453.0,2900.0,134.0
PLIC,10/8/2015,1360.0,1397.0,1335.0,1397.0,2.72,1245.0,2900.0,134.0
PLIC,10/11/2015,1397.0,1370.0,1370.0,1370.0,-1.93,700.0,2900.0,134.0
PLIC,10/14/2015,1370.0,1350.0,1343.0,1343.0,-1.97,220.0,2900.0,134.0
PLIC,10/15/2015,1343.0,1330.0,1320.0,1330.0,-0.97,732.0,2900.0,134.0
PLIC,10/18/2015,1330.0,1316.0,1300.0,1300.0,-2.26,2511.0,2900.0,134.0
PLIC,10/19/2015,1300.0,1310.0,1300.0,1310.0,0.77,1481.0,2900.0,134.0
PLIC,10/25/2015,1310.0,1310.0,1284.0,1310.0,0.0,989.0,2900.0,134.0
PLIC,10/27/2015,1310.0,1290.0,1266.0,1270.0,-3.05,911.0,2900.0,134.0
PLIC,10/28/2015,1270.0,1250.0,1221.0,1250.0,-1.57,856.0,2900.0,134.0
PLIC,10/29/2015,1250.0,1290.0,1275.0,1290.0,3.2,364.0,2900.0,134.0
PLIC,11/1/2015,1290.0,1266.0,1240.0,1260.0,-2.33,477.0,2900.0,134.0
PLIC,11/2/2015,1260.0,1280.0,1250.0,1250.0,-0.79,1902.0,2900.0,134.0
PLIC,11/3/2015,1250.0,1245.0,1212.0,1245.0,-0.4,2189.0,2900.0,134.0
PLIC,11/4/2015,1245.0,1269.0,1255.0,1262.0,1.37,815.0,2900.0,134.0
PLIC,11/5/2015,1262.0,1260.0,1245.0,1245.0,-1.35,1404.0,2900.0,134.0
PLIC,11/8/2015,1245.0,1260.0,1235.0,1260.0,1.2,4182.0,2900.0,134.0
PLIC,11/9/2015,1260.0,1295.0,1270.0,1275.0,1.19,315.0,2900.0,134.0
PLIC,11/10/2015,1275.0,1300.0,1285.0,1290.0,1.18,2148.0,2900.0,134.0
PLIC,11/15/2015,1290.0,1305.0,1299.0,1300.0,0.78,3342.0,2900.0,134.0
PLIC,11/16/2015,1300.0,1298.0,1276.0,1290.0,-0.77,2984.0,2900.0,134.0
PLIC,11/18/2015,1290.0,1300.0,1290.0,1300.0,0.78,1763.0,2900.0,134.0
PLIC,11/19/2015,1300.0,1300.0,1280.0,1300.0,0.0,1422.0,2900.0,134.0
PLIC,11/22/2015,1300.0,1300.0,1235.0,1250.0,-3.85,3107.0,2900.0,134.0
PLIC,11/23/2015,1250.0,1252.0,1225.0,1244.0,-0.48,1543.0,2900.0,134.0
PLIC,11/24/2015,1244.0,1245.0,1230.0,1245.0,0.08,319.0,2900.0,134.0
PLIC,11/25/2015,1245.0,1264.0,1250.0,1251.0,0.48,1356.0,2900.0,134.0
PLIC,11/26/2015,1251.0,1245.0,1202.0,1230.0,-1.68,5288.0,2900.0,134.0
PLIC,11/29/2015,1230.0,1208.0,1175.0,1176.0,-4.39,3465.0,2900.0,134.0
PLIC,11/30/2015,1176.0,1200.0,1176.0,1200.0,2.04,3715.0,2900.0,134.0
PLIC,12/1/2015,1200.0,1247.0,1200.0,1247.0,3.92,6087.0,2900.0,134.0
PLIC,12/2/2015,1247.0,1244.0,1220.0,1239.0,-0.64,2015.0,2900.0,134.0
PLIC,12/3/2015,1239.0,1285.0,1235.0,1245.0,0.48,6788.0,2900.0,134.0
PLIC,12/6/2015,1245.0,1303.0,1269.0,1300.0,4.42,3312.0,2900.0,134.0
PLIC,12/7/2015,1300.0,1344.0,1300.0,1310.0,0.77,7040.0,2900.0,134.0
PLIC,12/8/2015,1310.0,1349.0,1312.0,1340.0,2.29,6869.0,2900.0,134.0
PLIC,12/9/2015,1340.0,1393.0,1355.0,1365.0,1.87,1262.0,2900.0,134.0
PLIC,12/10/2015,1365.0,1380.0,1340.0,1347.0,-1.32,6472.0,2900.0,134.0
PLIC,12/13/2015,1347.0,1370.0,1340.0,1360.0,0.97,6944.0,2900.0,134.0
PLIC,12/14/2015,1360.0,1392.0,1362.0,1390.0,2.21,4562.0,2900.0,134.0
PLIC,12/15/2015,1390.0,1529.0,1417.0,1444.0,3.88,29661.0,2900.0,134.0
PLIC,12/16/2015,1444.0,1470.0,1373.0,1435.0,-0.62,16057.0,2900.0,134.0
PLIC,12/17/2015,1435.0,1435.0,1380.0,1400.0,-2.44,5871.0,2900.0,134.0
PLIC,12/20/2015,1400.0,1456.0,1373.0,1456.0,4.0,3291.0,2900.0,134.0
PLIC,12/21/2015,1456.0,1485.0,1390.0,1450.0,-0.41,12497.0,2900.0,134.0
PLIC,12/22/2015,1450.0,1500.0,1436.0,1450.0,0.0,11237.0,2900.0,134.0
PLIC,12/23/2015,1450.0,1467.0,1449.0,1450.0,0.0,9835.0,2900.0,134.0
PLIC,12/24/2015,1450.0,1476.0,1450.0,1470.0,1.38,4636.0,2900.0,134.0
PLIC,12/27/2015,1470.0,1473.0,1445.0,1450.0,-1.36,2418.0,2900.0,134.0
PLIC,12/28/2015,1450.0,1451.0,1436.0,1436.0,-0.97,2708.0,2900.0,134.0
PLIC,12/29/2015,1436.0,1500.0,1440.0,1479.0,2.99,8878.0,2900.0,134.0
PLIC,12/31/2015,1479.0,1514.0,1488.0,1510.0,2.1,17943.0,2900.0,134.0
PLIC,1/3/2016,1510.0,1570.0,1526.0,1555.0,2.98,15632.0,2900.0,134.0
PLIC,1/4/2016,1555.0,1595.0,1550.0,1565.0,0.64,12795.0,2900.0,134.0
PLIC,1/5/2016,1565.0,1556.0,1516.0,1516.0,-3.13,8983.0,2900.0,134.0
PLIC,1/6/2016,1516.0,1538.0,1500.0,1538.0,1.45,6289.0,2900.0,134.0
PLIC,1/7/2016,1538.0,1567.0,1540.0,1541.0,0.2,8366.0,2900.0,134.0
PLIC,1/10/2016,1541.0,1550.0,1520.0,1540.0,-0.06,1913.0,2900.0,134.0
PLIC,1/11/2016,1540.0,1550.0,1537.0,1537.0,-0.19,4862.0,2900.0,134.0
PLIC,1/12/2016,1537.0,1535.0,1525.0,1525.0,-0.78,1727.0,2900.0,134.0
PLIC,1/13/2016,1525.0,1550.0,1541.0,1541.0,1.05,1080.0,2900.0,134.0
PLIC,1/14/2016,1541.0,1570.0,1525.0,1570.0,1.88,10927.0,2900.0,134.0
PLIC,1/17/2016,1570.0,1695.0,1585.0,1660.0,5.73,23767.0,2900.0,134.0
PLIC,1/18/2016,1660.0,1640.0,1580.0,1634.0,-1.57,22058.0,2900.0,134.0
PLIC,1/19/2016,1634.0,1660.0,1584.0,1655.0,1.29,13431.0,2900.0,134.0
PLIC,1/20/2016,1655.0,1670.0,1650.0,1670.0,0.91,13019.0,2900.0,134.0
PLIC,1/21/2016,1670.0,1668.0,1640.0,1662.0,-0.48,7745.0,2900.0,134.0
PLIC,1/24/2016,1662.0,1670.0,1637.0,1652.0,-0.6,7551.0,2900.0,134.0
PLIC,1/25/2016,1652.0,1645.0,1633.0,1635.0,-1.03,3250.0,2900.0,134.0
PLIC,1/26/2016,1635.0,1635.0,1616.0,1632.0,-0.18,2462.0,2900.0,134.0
PLIC,1/27/2016,1632.0,1635.0,1620.0,1634.0,0.12,3037.0,2900.0,134.0
PLIC,1/28/2016,1634.0,1635.0,1618.0,1618.0,-0.98,5484.0,2900.0,134.0
PLIC,1/31/2016,1618.0,1620.0,1610.0,1619.0,0.06,1828.0,2900.0,134.0
PLIC,2/1/2016,1619.0,1645.0,1620.0,1627.0,0.49,2104.0,2900.0,134.0
PLIC,2/2/2016,1627.0,1627.0,1613.0,1626.0,-0.06,1286.0,2900.0,134.0
PLIC,2/3/2016,1626.0,1630.0,1625.0,1625.0,-0.06,399.0,2900.0,134.0
PLIC,2/4/2016,1625.0,1638.0,1618.0,1629.0,0.25,3051.0,2900.0,134.0
PLIC,2/7/2016,1629.0,1660.0,1616.0,1632.0,0.18,4605.0,2900.0,134.0
PLIC,2/8/2016,1632.0,1660.0,1625.0,1640.0,0.49,4873.0,2900.0,134.0
PLIC,2/11/2016,1640.0,1650.0,1620.0,1630.0,-0.61,4645.0,2900.0,134.0
PLIC,2/14/2016,1630.0,1655.0,1615.0,1625.0,-0.31,3528.0,2900.0,134.0
PLIC,2/15/2016,1625.0,1645.0,1618.0,1635.0,0.62,4711.0,2900.0,134.0
PLIC,2/16/2016,1635.0,1630.0,1622.0,1623.0,-0.73,1062.0,2900.0,134.0
PLIC,2/17/2016,1623.0,1635.0,1623.0,1630.0,0.43,1448.0,2900.0,134.0
PLIC,2/18/2016,1630.0,1647.0,1617.0,1647.0,1.04,7346.0,2900.0,134.0
PLIC,2/21/2016,1647.0,1650.0,1633.0,1635.0,-0.73,3242.0,2900.0,134.0
PLIC,2/22/2016,1635.0,1682.0,1646.0,1646.0,0.67,2567.0,2900.0,134.0
PLIC,2/23/2016,1646.0,1650.0,1640.0,1650.0,0.24,1027.0,2900.0,134.0
PLIC,2/24/2016,1650.0,1650.0,1626.0,1626.0,-1.45,865.0,2900.0,134.0
PLIC,2/25/2016,1626.0,1631.0,1594.0,1620.0,-0.37,1816.0,2900.0,134.0
PLIC,2/28/2016,1620.0,1620.0,1603.0,1605.0,-0.93,1144.0,2900.0,134.0
PLIC,2/29/2016,1605.0,1625.0,1602.0,1620.0,0.93,440.0,2900.0,134.0
PLIC,3/1/2016,1620.0,1630.0,1600.0,1605.0,-0.93,2478.0,2900.0,134.0
PLIC,3/2/2016,1605.0,1630.0,1605.0,1620.0,0.93,1787.0,2900.0,134.0
PLIC,3/3/2016,1620.0,1625.0,1600.0,1622.0,0.12,5050.0,2900.0,134.0
PLIC,3/6/2016,1622.0,1681.0,1620.0,1681.0,3.64,5946.0,2900.0,134.0
PLIC,3/10/2016,1681.0,1750.0,1690.0,1750.0,4.1,7540.0,2900.0,134.0
PLIC,3/13/2016,1750.0,1785.0,1653.0,1763.0,0.74,5772.0,2900.0,134.0
PLIC,3/14/2016,1763.0,1750.0,1681.0,1681.0,-4.65,4660.0,2900.0,134.0
PLIC,3/15/2016,1681.0,1732.0,1699.0,1712.0,1.84,5214.0,2900.0,134.0
PLIC,3/16/2016,1712.0,1735.0,1700.0,1713.0,0.06,4842.0,2900.0,134.0
PLIC,3/17/2016,1713.0,1740.0,1701.0,1735.0,1.28,3626.0,2900.0,134.0
PLIC,3/20/2016,1735.0,1770.0,1715.0,1760.0,1.44,2759.0,2900.0,134.0
PLIC,3/21/2016,1760.0,1790.0,1750.0,1750.0,-0.57,4906.0,2900.0,134.0
PLIC,3/23/2016,1750.0,1740.0,1715.0,1720.0,-1.71,920.0,2900.0,134.0
PLIC,3/24/2016,1720.0,1720.0,1700.0,1700.0,-1.16,3469.0,2900.0,134.0
PLIC,3/27/2016,1700.0,1715.0,1680.0,1715.0,0.88,3406.0,2900.0,134.0
PLIC,3/28/2016,1715.0,1707.0,1670.0,1685.0,-1.75,4639.0,2900.0,134.0
PLIC,3/29/2016,1685.0,1710.0,1690.0,1704.0,1.13,1674.0,2900.0,134.0
PLIC,3/30/2016,1704.0,1710.0,1695.0,1710.0,0.35,1912.0,2900.0,134.0
PLIC,3/31/2016,1710.0,1704.0,1677.0,1700.0,-0.58,3247.0,2900.0,134.0
PLIC,4/3/2016,1700.0,1690.0,1668.0,1690.0,-0.59,450.0,2900.0,134.0
PLIC,4/4/2016,1690.0,1695.0,1665.0,1676.0,-0.83,2761.0,2900.0,134.0
PLIC,4/5/2016,1676.0,1692.0,1684.0,1687.0,0.66,2494.0,2900.0,134.0
PLIC,4/6/2016,1687.0,1690.0,1670.0,1670.0,-1.01,689.0,2900.0,134.0
PLIC,4/10/2016,1670.0,1670.0,1660.0,1660.0,-0.6,2160.0,2900.0,134.0
PLIC,4/11/2016,1660.0,1675.0,1660.0,1674.0,0.84,2948.0,2900.0,134.0
PLIC,4/12/2016,1674.0,1685.0,1655.0,1655.0,-1.14,594.0,2900.0,134.0
PLIC,4/14/2016,1655.0,1680.0,1675.0,1675.0,1.21,714.0,2900.0,134.0
PLIC,4/17/2016,1675.0,1675.0,1661.0,1675.0,0.0,2652.0,2900.0,134.0
PLIC,4/18/2016,1675.0,1680.0,1675.0,1676.0,0.06,2473.0,2900.0,134.0
PLIC,4/19/2016,1676.0,1690.0,1645.0,1670.0,-0.36,3431.0,2900.0,134.0
PLIC,4/20/2016,1670.0,1755.0,1670.0,1755.0,5.09,3150.0,2900.0,134.0
PLIC,4/21/2016,1755.0,1731.0,1691.0,1700.0,-3.13,5006.0,2900.0,134.0
PLIC,4/24/2016,1700.0,1723.0,1690.0,1716.0,0.94,4640.0,2900.0,134.0
PLIC,4/25/2016,1716.0,1753.0,1717.0,1740.0,1.4,4804.0,2900.0,134.0
PLIC,4/26/2016,1740.0,1760.0,1740.0,1740.0,0.0,3683.0,2900.0,134.0
PLIC,4/27/2016,1740.0,1760.0,1735.0,1760.0,1.15,4412.0,2900.0,134.0
PLIC,4/28/2016,1760.0,1800.0,1736.0,1779.0,1.08,5340.0,2900.0,134.0
PLIC,5/2/2016,1779.0,1785.0,1755.0,1768.0,-0.62,4490.0,2900.0,134.0
PLIC,5/3/2016,1768.0,1805.0,1760.0,1784.0,0.9,6820.0,2900.0,134.0
PLIC,5/4/2016,1784.0,1810.0,1752.0,1801.0,0.95,6627.0,2900.0,134.0
PLIC,5/5/2016,1801.0,1805.0,1765.0,1780.0,-1.17,4934.0,2900.0,134.0
PLIC,5/8/2016,1780.0,1815.0,1770.0,1780.0,0.0,5300.0,2900.0,134.0
PLIC,5/9/2016,1780.0,1780.0,1730.0,1764.0,-0.9,3757.0,2900.0,134.0
PLIC,5/10/2016,1764.0,1777.0,1762.0,1770.0,0.34,9098.0,2900.0,134.0
PLIC,5/11/2016,1770.0,1779.0,1762.0,1767.0,-0.17,5183.0,2900.0,134.0
PLIC,5/12/2016,1767.0,1775.0,1763.0,1770.0,0.17,10731.0,2900.0,134.0
PLIC,5/15/2016,1770.0,1767.0,1750.0,1765.0,-0.28,7313.0,2900.0,134.0
PLIC,5/16/2016,1765.0,1760.0,1750.0,1753.0,-0.68,2418.0,2900.0,134.0
PLIC,5/17/2016,1753.0,1775.0,1760.0,1765.0,0.68,2528.0,2900.0,134.0
PLIC,5/18/2016,1765.0,1820.0,1795.0,1820.0,3.12,8134.0,2900.0,134.0
PLIC,5/19/2016,1820.0,1861.0,1820.0,1820.0,0.0,10193.0,2900.0,134.0
PLIC,5/22/2016,1820.0,1900.0,1820.0,1900.0,4.4,7030.0,2900.0,134.0
PLIC,5/23/2016,1900.0,1921.0,1850.0,1900.0,0.0,7897.0,2900.0,134.0
PLIC,5/24/2016,1900.0,1920.0,1885.0,1910.0,0.53,7232.0,2900.0,134.0
PLIC,5/25/2016,1910.0,1890.0,1862.0,1875.0,-1.83,4245.0,2900.0,134.0
PLIC,5/26/2016,1875.0,1872.0,1830.0,1870.0,-0.27,2502.0,2900.0,134.0
PLIC,5/29/2016,1870.0,1905.0,1850.0,1850.0,-1.07,2889.0,2900.0,134.0
PLIC,5/30/2016,1850.0,1870.0,1851.0,1851.0,0.05,2615.0,2900.0,134.0
PLIC,5/31/2016,1851.0,1855.0,1800.0,1820.0,-1.67,9808.0,2900.0,134.0
PLIC,6/1/2016,1820.0,1830.0,1785.0,1800.0,-1.1,3169.0,2900.0,134.0
PLIC,6/2/2016,1800.0,1795.0,1731.0,1780.0,-1.11,6112.0,2900.0,134.0
PLIC,6/5/2016,1780.0,1815.0,1691.0,1700.0,-4.49,4663.0,2900.0,134.0
PLIC,6/6/2016,1700.0,1768.0,1725.0,1740.0,2.35,6146.0,2900.0,134.0
PLIC,6/7/2016,1740.0,1790.0,1735.0,1789.0,2.82,2018.0,2900.0,134.0
PLIC,6/8/2016,1789.0,1830.0,1788.0,1820.0,1.73,2991.0,2900.0,134.0
PLIC,6/9/2016,1820.0,1900.0,1850.0,1875.0,3.02,12979.0,2900.0,134.0
PLIC,6/12/2016,1875.0,1940.0,1860.0,1910.0,1.87,9583.0,2900.0,134.0
PLIC,6/13/2016,1910.0,1920.0,1881.0,1900.0,-0.52,10848.0,2900.0,134.0
PLIC,6/14/2016,1900.0,1979.0,1891.0,1979.0,4.16,17202.0,2900.0,134.0
PLIC,6/15/2016,1979.0,2176.0,1970.0,2176.0,9.95,21903.0,2900.0,134.0
PLIC,6/16/2016,2176.0,2393.0,2219.0,2380.0,9.38,28831.0,2900.0,134.0
PLIC,6/19/2016,2380.0,2450.0,2171.0,2280.0,-4.2,22209.0,2900.0,134.0
PLIC,6/20/2016,2280.0,2325.0,2230.0,2230.0,-2.19,13605.0,2900.0,134.0
PLIC,6/21/2016,2230.0,2274.0,2181.0,2205.0,-1.12,8993.0,2900.0,134.0
PLIC,6/22/2016,2205.0,2227.0,2190.0,2227.0,1.0,17033.0,2900.0,134.0
PLIC,6/23/2016,2227.0,2349.0,2205.0,2205.0,-0.99,6650.0,2900.0,134.0
PLIC,6/26/2016,2205.0,2285.0,2206.0,2260.0,2.49,9728.0,2900.0,134.0
PLIC,6/27/2016,2260.0,2305.0,2270.0,2271.0,0.49,12497.0,2900.0,134.0
PLIC,6/28/2016,2271.0,2366.0,2280.0,2366.0,4.18,20618.0,2900.0,134.0
PLIC,6/29/2016,2366.0,2585.0,2400.0,2490.0,5.24,20121.0,2900.0,134.0
PLIC,6/30/2016,2490.0,2545.0,2450.0,2495.0,0.2,14930.0,2900.0,134.0
PLIC,7/3/2016,2495.0,2499.0,2401.0,2405.0,-3.61,6285.0,2900.0,134.0
PLIC,7/4/2016,2405.0,2400.0,2350.0,2379.0,-1.08,2946.0,2900.0,134.0
PLIC,7/5/2016,2379.0,2370.0,2321.0,2350.0,-1.22,4014.0,2900.0,134.0
PLIC,7/6/2016,2350.0,2350.0,2316.0,2326.0,-1.02,9258.0,2900.0,134.0
PLIC,7/10/2016,2326.0,2397.0,2266.0,2310.0,-0.69,11943.0,2900.0,134.0
PLIC,7/11/2016,2310.0,2270.0,2206.0,2220.0,-3.9,12887.0,2900.0,134.0
PLIC,7/12/2016,2220.0,2250.0,2039.0,2201.0,-0.86,9355.0,2900.0,134.0
PLIC,7/13/2016,2201.0,2160.0,2080.0,2113.0,-4.0,5933.0,2900.0,134.0
PLIC,7/14/2016,2113.0,2200.0,2113.0,2200.0,4.12,3831.0,2900.0,134.0
PLIC,7/17/2016,2200.0,2200.0,2113.0,2200.0,0.0,4189.0,2900.0,134.0
PLIC,7/18/2016,2200.0,2408.0,2156.0,2408.0,9.45,6182.0,2900.0,134.0
PLIC,7/19/2016,2408.0,2494.0,2290.0,2400.0,-0.33,30153.0,2900.0,134.0
PLIC,7/20/2016,2400.0,2450.0,2335.0,2335.0,-2.71,9296.0,2900.0,134.0
PLIC,7/21/2016,2335.0,2371.0,2292.0,2345.0,0.43,3228.0,2900.0,134.0
PLIC,7/25/2016,2345.0,2370.0,2300.0,2344.0,-0.04,6770.0,2900.0,134.0
PLIC,7/26/2016,2344.0,2372.0,2330.0,2333.0,-0.47,6481.0,2900.0,134.0
PLIC,7/27/2016,2333.0,2370.0,2340.0,2357.0,1.03,6206.0,2900.0,134.0
PLIC,7/28/2016,2357.0,2410.0,2310.0,2406.0,2.08,4507.0,2900.0,134.0
PLIC,7/31/2016,2406.0,2400.0,2305.0,2366.0,-1.66,2002.0,2900.0,134.0
PLIC,8/1/2016,2366.0,2360.0,2300.0,2345.0,-0.89,4090.0,2900.0,134.0
PLIC,8/2/2016,2345.0,2330.0,2290.0,2292.0,-2.26,1176.0,2900.0,134.0
PLIC,8/3/2016,2292.0,2310.0,2203.0,2289.0,-0.13,2358.0,2900.0,134.0
PLIC,8/4/2016,2289.0,2245.0,2130.0,2130.0,-6.95,4268.0,2900.0,134.0
PLIC,8/7/2016,2130.0,2227.0,2100.0,2107.0,-1.08,3518.0,2900.0,134.0
PLIC,8/8/2016,2107.0,2149.0,1966.0,1966.0,-6.69,747.0,2900.0,134.0
PLIC,8/9/2016,1966.0,2162.0,2005.0,2162.0,9.97,600.0,2900.0,134.0
PLIC,8/10/2016,2162.0,2205.0,2103.0,2149.0,-0.6,6099.0,2900.0,134.0
PLIC,8/11/2016,2149.0,2189.0,2100.0,2170.0,0.98,2398.0,2900.0,134.0
PLIC,8/14/2016,2170.0,2254.0,2132.0,2165.0,-0.23,7877.0,2900.0,134.0
PLIC,8/15/2016,2165.0,2151.0,2070.0,2076.0,-4.11,4914.0,2900.0,134.0
PLIC,8/16/2016,2076.0,2104.0,2005.0,2104.0,1.35,3532.0,2900.0,134.0
PLIC,8/17/2016,2104.0,2228.0,2120.0,2190.0,4.09,3322.0,2900.0,134.0
PLIC,8/21/2016,2190.0,2193.0,2119.0,2125.0,-2.97,2573.0,2900.0,134.0
PLIC,8/22/2016,2125.0,2100.0,2040.0,2059.0,-3.11,3513.0,2900.0,134.0
PLIC,8/23/2016,2059.0,2100.0,2000.0,2050.0,-0.44,1946.0,2900.0,134.0
PLIC,8/24/2016,2050.0,2230.0,2075.0,2230.0,8.78,6388.0,2900.0,134.0
PLIC,8/28/2016,2230.0,2325.0,2200.0,2300.0,3.14,15022.0,2900.0,134.0
PLIC,8/29/2016,2300.0,2346.0,2256.0,2270.0,-1.3,5844.0,2900.0,134.0
PLIC,8/30/2016,2270.0,2231.0,2215.0,2230.0,-1.76,2064.0,2900.0,134.0
PLIC,8/31/2016,2230.0,2296.0,2230.0,2268.0,1.7,1833.0,2900.0,134.0
PLIC,9/1/2016,2268.0,2320.0,2250.0,2320.0,2.29,4073.0,2900.0,134.0
PLIC,9/3/2016,2320.0,2300.0,2275.0,2281.0,-1.68,2831.0,2900.0,134.0
PLIC,9/4/2016,2320.0,2300.0,2275.0,2281.0,0.0,2831.0,2900.0,134.0
PLIC,9/5/2016,2281.0,2255.0,2215.0,2215.0,-2.89,1110.0,2900.0,134.0
PLIC,9/6/2016,2215.0,2288.0,2172.0,2230.0,0.68,7033.0,2900.0,134.0
PLIC,9/7/2016,2230.0,2295.0,2249.0,2261.0,1.39,2708.0,2900.0,134.0
PLIC,9/8/2016,2261.0,2360.0,2250.0,2330.0,3.05,12109.0,2900.0,134.0
PLIC,9/11/2016,2330.0,2376.0,2287.0,2311.0,-0.82,3564.0,2900.0,134.0
PLIC,9/12/2016,2311.0,2310.0,2272.0,2272.0,-1.69,2908.0,2900.0,134.0
PLIC,9/14/2016,2272.0,2280.0,2250.0,2280.0,0.35,2610.0,2900.0,134.0
PLIC,9/18/2016,2280.0,2300.0,2240.0,2300.0,0.88,5222.0,2900.0,134.0
PLIC,9/20/2016,2300.0,2320.0,2240.0,2276.0,-1.04,4610.0,2900.0,134.0
PLIC,9/21/2016,2276.0,2340.0,2250.0,2311.0,1.54,8381.0,2900.0,134.0
PLIC,9/22/2016,2311.0,2328.0,2290.0,2300.0,-0.48,5102.0,2900.0,134.0
PLIC,9/25/2016,2300.0,2310.0,2230.0,2250.0,-2.17,4660.0,2900.0,134.0
PLIC,9/26/2016,2250.0,2274.0,2210.0,2250.0,0.0,1329.0,2900.0,134.0
PLIC,9/27/2016,2250.0,2250.0,2205.0,2250.0,0.0,1767.0,2900.0,134.0
PLIC,9/28/2016,2250.0,2248.0,2220.0,2225.0,-1.11,927.0,2900.0,134.0
PLIC,9/29/2016,2225.0,2250.0,2185.0,2220.0,-0.22,1604.0,2900.0,134.0
PLIC,10/2/2016,2220.0,2264.0,2200.0,2260.0,1.8,1763.0,2900.0,134.0
PLIC,10/3/2016,2260.0,2320.0,2260.0,2305.0,1.99,2082.0,2900.0,134.0
PLIC,10/4/2016,2305.0,2312.0,2276.0,2295.0,-0.43,2096.0,2900.0,134.0
PLIC,10/5/2016,2295.0,2346.0,2271.0,2271.0,-1.05,4900.0,2900.0,134.0
PLIC,10/6/2016,2271.0,2348.0,2300.0,2322.0,2.25,6013.0,2900.0,134.0
PLIC,10/16/2016,2322.0,2276.0,2276.0,2276.0,-1.98,300.0,2900.0,134.0
PLIC,10/17/2016,2276.0,2298.0,2240.0,2298.0,0.97,822.0,2900.0,134.0
PLIC,10/18/2016,2298.0,2343.0,2255.0,2271.0,-1.17,3031.0,2900.0,134.0
PLIC,10/19/2016,2271.0,2295.0,2265.0,2275.0,0.18,4380.0,2900.0,134.0
PLIC,10/20/2016,2275.0,2300.0,2270.0,2298.0,1.01,2795.0,2900.0,134.0
PLIC,10/23/2016,2298.0,2320.0,2235.0,2251.0,-2.05,1995.0,2900.0,134.0
PLIC,10/24/2016,2251.0,2285.0,2228.0,2228.0,-1.02,1458.0,2900.0,134.0
PLIC,10/25/2016,2228.0,2265.0,2221.0,2230.0,0.09,1311.0,2900.0,134.0
PLIC,10/26/2016,2230.0,2250.0,2220.0,2250.0,0.9,1063.0,2900.0,134.0
PLIC,10/27/2016,2250.0,2270.0,2252.0,2270.0,0.89,439.0,2900.0,134.0
PLIC,11/3/2016,2270.0,2260.0,2231.0,2260.0,-0.44,400.0,2900.0,134.0
PLIC,11/7/2016,2260.0,2260.0,2240.0,2260.0,0.0,922.0,2900.0,134.0
PLIC,11/8/2016,2260.0,2250.0,2200.0,2201.0,-2.61,705.0,2900.0,134.0
PLIC,11/9/2016,2201.0,2210.0,2157.0,2165.0,-1.64,2132.0,2900.0,134.0
PLIC,11/10/2016,2165.0,2202.0,2134.0,2145.0,-0.92,4264.0,2900.0,134.0
PLIC,11/13/2016,2145.0,2200.0,2130.0,2200.0,2.56,462.0,2900.0,134.0
PLIC,11/14/2016,2200.0,2180.0,2161.0,2180.0,-0.91,467.0,2900.0,134.0
PLIC,11/15/2016,2180.0,2195.0,2161.0,2165.0,-0.69,661.0,2900.0,134.0
PLIC,11/16/2016,2165.0,2258.0,2200.0,2249.0,3.88,2873.0,2900.0,134.0
PLIC,11/17/2016,2249.0,2231.0,2148.0,2148.0,-4.49,2064.0,2900.0,134.0
PLIC,11/20/2016,2148.0,2106.0,1960.0,2000.0,-6.89,6356.0,2900.0,134.0
PLIC,11/21/2016,2000.0,2050.0,1964.0,2010.0,0.5,2178.0,2900.0,134.0
PLIC,11/22/2016,2010.0,2030.0,1980.0,1980.0,-1.49,2398.0,2900.0,134.0
PLIC,11/23/2016,1980.0,1972.0,1815.0,1815.0,-8.33,4657.0,2900.0,134.0
PLIC,11/24/2016,1815.0,1958.0,1700.0,1775.0,-2.2,7142.0,2900.0,134.0
PLIC,11/27/2016,1775.0,1800.0,1639.0,1639.0,-7.66,4358.0,2900.0,134.0
PLIC,11/28/2016,1639.0,1734.0,1476.0,1667.0,1.71,8803.0,2900.0,134.0
PLIC,11/29/2016,1667.0,1774.0,1635.0,1774.0,6.42,5474.0,2900.0,134.0
PLIC,11/30/2016,1774.0,1909.0,1775.0,1900.0,7.1,7596.0,2900.0,134.0
PLIC,12/1/2016,1900.0,1940.0,1834.0,1875.0,-1.32,6183.0,2900.0,134.0
PLIC,12/4/2016,1875.0,1890.0,1800.0,1810.0,-3.47,5948.0,2900.0,134.0
PLIC,12/5/2016,1810.0,1812.0,1762.0,1763.0,-2.6,3008.0,2900.0,134.0
PLIC,12/6/2016,1763.0,1840.0,1765.0,1840.0,4.37,1957.0,2900.0,134.0
PLIC,12/7/2016,1840.0,1860.0,1785.0,1830.0,-0.54,1656.0,2900.0,134.0
PLIC,12/8/2016,1830.0,1840.0,1730.0,1840.0,0.55,1953.0,2900.0,134.0
PLIC,12/11/2016,1840.0,1835.0,1803.0,1803.0,-2.01,496.0,2900.0,134.0
PLIC,12/12/2016,1803.0,1825.0,1733.0,1789.0,-0.78,1571.0,2900.0,134.0
PLIC,12/14/2016,1789.0,1790.0,1754.0,1790.0,0.06,1114.0,2900.0,134.0
PLIC,12/15/2016,1790.0,1829.0,1764.0,1800.0,0.56,3540.0,2900.0,134.0
PLIC,12/18/2016,1800.0,1835.0,1785.0,1820.0,1.11,1488.0,2900.0,134.0
PLIC,12/19/2016,1820.0,1810.0,1790.0,1797.0,-1.26,1677.0,2900.0,134.0
PLIC,12/20/2016,1797.0,1786.0,1762.0,1762.0,-1.95,1110.0,2900.0,134.0
PLIC,12/21/2016,1762.0,1750.0,1727.0,1728.0,-1.93,1702.0,2900.0,134.0
PLIC,12/22/2016,1728.0,1730.0,1694.0,1711.0,-0.98,1731.0,2900.0,134.0
PLIC,12/26/2016,1711.0,1700.0,1627.0,1627.0,-4.91,2056.0,2900.0,134.0
PLIC,12/27/2016,1627.0,1619.0,1515.0,1515.0,-6.88,4774.0,2900.0,134.0
PLIC,12/28/2016,1515.0,1580.0,1486.0,1535.0,1.32,2584.0,2900.0,134.0
PLIC,12/29/2016,1535.0,1658.0,1545.0,1599.0,4.17,6406.0,2900.0,134.0
PLIC,1/1/2017,1599.0,1661.0,1600.0,1625.0,1.63,4274.0,2900.0,134.0
PLIC,1/2/2017,1625.0,1657.0,1595.0,1600.0,-1.54,4688.0,2900.0,134.0
PLIC,1/3/2017,1600.0,1629.0,1570.0,1587.0,-0.81,2745.0,2900.0,134.0
PLIC,1/4/2017,1587.0,1606.0,1570.0,1606.0,1.2,3204.0,2900.0,134.0
PLIC,1/5/2017,1606.0,1625.0,1593.0,1593.0,-0.81,701.0,2900.0,134.0
PLIC,1/8/2017,1593.0,1605.0,1576.0,1576.0,-1.07,986.0,2900.0,134.0
PLIC,1/9/2017,1576.0,1630.0,1563.0,1630.0,3.43,2187.0,2900.0,134.0
PLIC,1/10/2017,1630.0,1655.0,1598.0,1649.0,1.17,2376.0,2900.0,134.0
PLIC,1/11/2017,1649.0,1681.0,1637.0,1645.0,-0.24,1190.0,2900.0,134.0
PLIC,1/12/2017,1645.0,1700.0,1640.0,1690.0,2.74,3994.0,2900.0,134.0
PLIC,1/15/2017,1690.0,1658.0,1620.0,1622.0,-4.02,2978.0,2900.0,134.0
PLIC,1/16/2017,1622.0,1640.0,1590.0,1605.0,-1.05,884.0,2900.0,134.0
PLIC,1/17/2017,1605.0,1624.0,1600.0,1606.0,0.06,1237.0,2900.0,134.0
PLIC,1/18/2017,1606.0,1638.0,1613.0,1638.0,1.99,1851.0,2900.0,134.0
PLIC,1/19/2017,1638.0,1660.0,1632.0,1654.0,0.98,2342.0,2900.0,134.0
PLIC,1/22/2017,1654.0,1687.0,1645.0,1645.0,-0.54,2252.0,2900.0,134.0
PLIC,1/23/2017,1645.0,1677.0,1617.0,1630.0,-0.91,1217.0,2900.0,134.0
PLIC,1/24/2017,1630.0,1662.0,1600.0,1620.0,-0.61,2024.0,2900.0,134.0
PLIC,1/25/2017,1620.0,1615.0,1540.0,1541.0,-4.88,2741.0,2900.0,134.0
PLIC,1/26/2017,1541.0,1555.0,1470.0,1495.0,-2.99,4607.0,2900.0,134.0
PLIC,1/30/2017,1495.0,1495.0,1346.0,1360.0,-9.03,8526.0,2900.0,134.0
PLIC,1/31/2017,1360.0,1380.0,1299.0,1365.0,0.37,3568.0,2900.0,134.0
PLIC,2/1/2017,1365.0,1484.0,1389.0,1484.0,8.72,2550.0,2900.0,134.0
PLIC,2/2/2017,1484.0,1530.0,1432.0,1480.0,-0.27,3921.0,2900.0,134.0
PLIC,2/5/2017,1480.0,1480.0,1422.0,1422.0,-3.92,1447.0,2900.0,134.0
PLIC,2/6/2017,1422.0,1400.0,1355.0,1400.0,-1.55,662.0,2900.0,134.0
PLIC,2/7/2017,1400.0,1400.0,1370.0,1399.0,-0.07,1665.0,2900.0,134.0
PLIC,2/8/2017,1399.0,1380.0,1350.0,1375.0,-1.72,1399.0,2900.0,134.0
PLIC,2/9/2017,1375.0,1348.0,1275.0,1300.0,-5.45,2784.0,2900.0,134.0
PLIC,2/12/2017,1300.0,1274.0,1170.0,1170.0,-10.0,5406.0,2900.0,134.0
PLIC,2/13/2017,1170.0,1192.0,1060.0,1170.0,0.0,3533.0,2900.0,134.0
PLIC,2/14/2017,1170.0,1190.0,1114.0,1140.0,-2.56,1992.0,2900.0,134.0
PLIC,2/15/2017,1140.0,1254.0,1150.0,1250.0,9.65,4503.0,2900.0,134.0
PLIC,2/16/2017,1250.0,1370.0,1250.0,1350.0,8.0,8464.0,2900.0,134.0
PLIC,2/19/2017,1350.0,1410.0,1296.0,1370.0,1.48,6761.0,2900.0,134.0
PLIC,2/20/2017,1370.0,1481.0,1371.0,1428.0,4.23,5444.0,2900.0,134.0
PLIC,2/21/2017,1428.0,1485.0,1335.0,1335.0,-6.51,13011.0,2900.0,134.0
PLIC,2/22/2017,1335.0,1380.0,1315.0,1325.0,-0.75,5137.0,2900.0,134.0
PLIC,2/23/2017,1325.0,1340.0,1314.0,1324.0,-0.08,1030.0,2900.0,134.0
PLIC,2/26/2017,1324.0,1300.0,1270.0,1270.0,-4.08,1584.0,2900.0,134.0
PLIC,2/28/2017,1270.0,1245.0,1180.0,1205.0,-5.12,5289.0,2900.0,134.0
PLIC,3/1/2017,1205.0,1253.0,1200.0,1253.0,3.98,5704.0,2900.0,134.0
PLIC,3/2/2017,1253.0,1303.0,1231.0,1290.0,2.95,3018.0,2900.0,134.0
PLIC,3/5/2017,1290.0,1370.0,1285.0,1320.0,2.33,4370.0,2900.0,134.0
PLIC,3/6/2017,1320.0,1366.0,1325.0,1355.0,2.65,9212.0,2900.0,134.0
PLIC,3/7/2017,1355.0,1382.0,1302.0,1368.0,0.96,4389.0,2900.0,134.0
PLIC,3/9/2017,1368.0,1450.0,1346.0,1440.0,5.26,11751.0,2900.0,134.0
PLIC,3/13/2017,1440.0,1485.0,1448.0,1448.0,0.56,4465.0,2900.0,134.0
PLIC,3/14/2017,1448.0,1465.0,1420.0,1421.0,-1.86,3130.0,2900.0,134.0
PLIC,3/15/2017,1421.0,1479.0,1400.0,1435.0,0.99,4950.0,2900.0,134.0
PLIC,3/16/2017,1435.0,1488.0,1450.0,1461.0,1.81,3674.0,2900.0,134.0
PLIC,3/19/2017,1461.0,1607.0,1452.0,1607.0,9.99,14527.0,2900.0,134.0
PLIC,3/20/2017,1607.0,1723.0,1611.0,1723.0,7.22,21150.0,2900.0,134.0
PLIC,3/21/2017,1723.0,1759.0,1653.0,1710.0,-0.75,24756.0,2900.0,134.0
PLIC,3/22/2017,1710.0,1744.0,1675.0,1698.0,-0.7,15579.0,2900.0,134.0
PLIC,3/23/2017,1698.0,1725.0,1665.0,1700.0,0.12,8162.0,2900.0,134.0
PLIC,3/26/2017,1700.0,1820.0,1720.0,1780.0,4.71,15463.0,2900.0,134.0
PLIC,3/28/2017,1780.0,1889.0,1800.0,1850.0,3.93,7843.0,2900.0,134.0
PLIC,3/29/2017,1850.0,1875.0,1770.0,1795.0,-2.97,12003.0,2900.0,134.0
PLIC,3/30/2017,1795.0,1840.0,1740.0,1801.0,0.33,7157.0,2900.0,134.0
PLIC,4/2/2017,1801.0,1981.0,1837.0,1981.0,9.99,70.0,2900.0,134.0
PLIC,4/3/2017,1981.0,2179.0,2020.0,2060.0,3.99,26202.0,2900.0,134.0
PLIC,4/4/2017,2060.0,2210.0,2078.0,2197.0,6.65,24092.0,2900.0,134.0
PLIC,4/6/2017,2197.0,2230.0,2118.0,2205.0,0.36,8607.0,2900.0,134.0
PLIC,4/9/2017,2205.0,2320.0,2200.0,2298.0,4.22,11649.0,2900.0,134.0
PLIC,4/10/2017,2298.0,2370.0,2301.0,2360.0,2.7,8888.0,2900.0,134.0
PLIC,4/11/2017,2360.0,2400.0,2310.0,2325.0,-1.48,12273.0,2900.0,134.0
PLIC,4/12/2017,2325.0,2385.0,2295.0,2300.0,-1.08,16536.0,2900.0,134.0
PLIC,4/13/2017,2300.0,2354.0,2261.0,2329.0,1.26,9844.0,2900.0,134.0
PLIC,4/16/2017,2329.0,2370.0,2250.0,2316.0,-0.56,20185.0,2900.0,134.0
PLIC,4/18/2017,2316.0,2340.0,2190.0,2298.0,-0.78,26287.0,2900.0,134.0
PLIC,4/19/2017,2298.0,2390.0,2265.0,2390.0,4.0,14782.0,2900.0,134.0
PLIC,4/20/2017,2390.0,2400.0,2335.0,2369.0,-0.88,18294.0,2900.0,134.0
PLIC,4/23/2017,2369.0,2563.0,2416.0,2480.0,4.69,20678.0,2900.0,134.0
PLIC,4/24/2017,2480.0,2480.0,2410.0,2435.0,-1.81,17039.0,2900.0,134.0
PLIC,4/25/2017,2435.0,2525.0,2400.0,2518.0,3.41,33887.0,2900.0,134.0
PLIC,4/26/2017,2518.0,2525.0,2490.0,2515.0,-0.12,9640.0,2900.0,134.0
PLIC,4/27/2017,2515.0,2513.0,2445.0,2510.0,-0.2,14104.0,2900.0,134.0
PLIC,4/30/2017,2510.0,2519.0,2460.0,2488.0,-0.88,13925.0,2900.0,134.0
PLIC,5/2/2017,2488.0,2530.0,2465.0,2498.0,0.4,7964.0,2900.0,134.0
PLIC,5/3/2017,2498.0,2519.0,2490.0,2504.0,0.24,8884.0,2900.0,134.0
PLIC,5/4/2017,2504.0,2520.0,2480.0,2488.0,-0.64,8118.0,2900.0,134.0
PLIC,5/7/2017,2488.0,2490.0,2432.0,2432.0,-2.25,6508.0,2900.0,134.0
PLIC,5/8/2017,2432.0,2470.0,2403.0,2432.0,0.0,2985.0,2900.0,134.0
PLIC,5/9/2017,2432.0,2550.0,2459.0,2550.0,4.85,11711.0,2900.0,134.0
PLIC,5/11/2017,2550.0,2578.0,2525.0,2578.0,1.1,11573.0,2900.0,134.0
PLIC,5/15/2017,2578.0,2571.0,2540.0,2570.0,-0.31,4765.0,2900.0,134.0
PLIC,5/16/2017,2570.0,2550.0,2515.0,2522.0,-1.87,3919.0,2900.0,134.0
PLIC,5/17/2017,2522.0,2545.0,2515.0,2515.0,-0.28,3001.0,2900.0,134.0
PLIC,5/18/2017,2515.0,2538.0,2505.0,2510.0,-0.2,7406.0,2900.0,134.0
PLIC,5/21/2017,2510.0,2560.0,2520.0,2530.0,0.8,3710.0,2900.0,134.0
PLIC,5/22/2017,2530.0,2510.0,2482.0,2510.0,-0.79,723.0,2900.0,134.0
PLIC,5/23/2017,2510.0,2540.0,2509.0,2515.0,0.2,3424.0,2900.0,134.0
PLIC,5/24/2017,2515.0,2525.0,2500.0,2525.0,0.4,2238.0,2900.0,134.0
PLIC,5/28/2017,2525.0,2530.0,2481.0,2500.0,-0.99,3357.0,2900.0,134.0
PLIC,5/30/2017,2500.0,2500.0,2460.0,2472.0,-1.12,6073.0,2900.0,134.0
PLIC,5/31/2017,2472.0,2500.0,2426.0,2482.0,0.4,2472.0,2900.0,134.0
PLIC,6/1/2017,2482.0,2485.0,2440.0,2485.0,0.12,1678.0,2900.0,134.0
PLIC,6/4/2017,2485.0,2490.0,2435.0,2460.0,-1.01,4734.0,2900.0,134.0
PLIC,6/5/2017,2460.0,2465.0,2435.0,2450.0,-0.41,3775.0,2900.0,134.0
PLIC,6/6/2017,2450.0,2501.0,2470.0,2480.0,1.22,1926.0,2900.0,134.0
PLIC,6/7/2017,2480.0,2529.0,2465.0,2480.0,0.0,4792.0,2900.0,134.0
PLIC,6/8/2017,2480.0,2480.0,2450.0,2450.0,-1.21,3905.0,2900.0,134.0
PLIC,6/11/2017,2450.0,2455.0,2430.0,2445.0,-0.2,3334.0,2900.0,134.0
PLIC,6/12/2017,2445.0,2460.0,2397.0,2420.0,-1.02,4110.0,2900.0,134.0
PLIC,6/13/2017,2420.0,2445.0,2401.0,2401.0,-0.79,1592.0,2900.0,134.0
PLIC,6/14/2017,2401.0,2440.0,2425.0,2440.0,1.62,2301.0,2900.0,134.0
PLIC,6/15/2017,2440.0,2465.0,2440.0,2465.0,1.02,4198.0,2900.0,134.0
PLIC,6/18/2017,2465.0,2682.0,2500.0,2644.0,7.26,28670.0,2900.0,134.0
PLIC,6/19/2017,2644.0,2622.0,2532.0,2549.0,-3.59,11993.0,2900.0,134.0
PLIC,6/20/2017,2549.0,2600.0,2480.0,2518.0,-1.22,10193.0,2900.0,134.0
PLIC,6/21/2017,2518.0,2565.0,2511.0,2560.0,1.67,6846.0,2900.0,134.0
PLIC,6/22/2017,2560.0,2573.0,2545.0,2566.0,0.23,10750.0,2900.0,134.0
PLIC,6/25/2017,2566.0,2595.0,2560.0,2570.0,0.16,5780.0,2900.0,134.0
PLIC,6/27/2017,2570.0,2584.0,2550.0,2550.0,-0.78,3968.0,2900.0,134.0
PLIC,6/28/2017,2550.0,2560.0,2510.0,2560.0,0.39,7866.0,2900.0,134.0
PLIC,7/2/2017,2560.0,2565.0,2530.0,2548.0,-0.47,5017.0,2900.0,134.0
PLIC,7/3/2017,2548.0,2555.0,2525.0,2526.0,-0.86,1267.0,2900.0,134.0
PLIC,7/4/2017,2526.0,2530.0,2510.0,2520.0,-0.24,2507.0,2900.0,134.0
PLIC,7/5/2017,2520.0,2530.0,2515.0,2530.0,0.4,2750.0,2900.0,134.0
PLIC,7/6/2017,2530.0,2595.0,2545.0,2575.0,1.78,3107.0,2900.0,134.0
PLIC,7/9/2017,2575.0,2610.0,2490.0,2560.0,-0.58,6118.0,2900.0,134.0
PLIC,7/10/2017,2560.0,2560.0,2540.0,2545.0,-0.59,3280.0,2900.0,134.0
PLIC,7/11/2017,2545.0,2580.0,2535.0,2565.0,0.79,6473.0,2900.0,134.0
PLIC,7/12/2017,2565.0,2583.0,2525.0,2557.0,-0.31,2745.0,2900.0,134.0
PLIC,7/13/2017,2557.0,2562.0,2536.0,2555.0,-0.08,4759.0,2900.0,134.0
PLIC,7/16/2017,2555.0,2699.0,2555.0,2699.0,5.64,17520.0,2900.0,134.0
PLIC,7/17/2017,2699.0,2714.0,2666.0,2675.0,-0.89,10294.0,2900.0,134.0
PLIC,7/18/2017,2675.0,2696.0,2650.0,2683.0,0.3,8777.0,2900.0,134.0
PLIC,7/19/2017,2683.0,2710.0,2660.0,2667.0,-0.6,8356.0,2900.0,134.0
PLIC,7/20/2017,2667.0,2685.0,2667.0,2671.0,0.15,7473.0,2900.0,134.0
PLIC,7/23/2017,2671.0,2720.0,2675.0,2700.0,1.09,10067.0,2900.0,134.0
PLIC,7/24/2017,2700.0,2725.0,2680.0,2725.0,0.93,9813.0,2900.0,134.0
PLIC,7/25/2017,2725.0,2740.0,2700.0,2740.0,0.55,9025.0,2900.0,134.0
PLIC,7/26/2017,2740.0,2840.0,2755.0,2825.0,3.1,12276.0,2900.0,134.0
PLIC,7/27/2017,2825.0,2895.0,2799.0,2895.0,2.48,18348.0,2900.0,134.0
PLIC,7/30/2017,2895.0,2838.0,2652.0,2724.0,-5.91,20954.0,2900.0,134.0
PLIC,7/31/2017,2724.0,2730.0,2702.0,2704.0,-0.73,13431.0,2900.0,134.0
PLIC,8/1/2017,2704.0,2725.0,2672.0,2700.0,-0.15,7517.0,2900.0,134.0
PLIC,8/2/2017,2700.0,2754.0,2680.0,2715.0,0.56,9630.0,2900.0,134.0
PLIC,8/3/2017,2715.0,2720.0,2680.0,2700.0,-0.55,5904.0,2900.0,134.0
PLIC,8/6/2017,2700.0,2719.0,2681.0,2700.0,0.0,3345.0,2900.0,134.0
PLIC,8/7/2017,2700.0,2703.0,2680.0,2695.0,-0.19,1876.0,2900.0,134.0
PLIC,8/9/2017,2695.0,2730.0,2690.0,2700.0,0.19,3865.0,2900.0,134.0
PLIC,8/10/2017,2700.0,2715.0,2680.0,2704.0,0.15,7916.0,2900.0,134.0
PLIC,8/13/2017,2704.0,2720.0,2676.0,2685.0,-0.7,6354.0,2900.0,134.0
PLIC,8/15/2017,2685.0,2705.0,2685.0,2685.0,0.0,2092.0,2900.0,134.0
PLIC,8/16/2017,2685.0,2715.0,2688.0,2699.0,0.52,4281.0,2900.0,134.0
PLIC,8/17/2017,2699.0,2710.0,2650.0,2682.0,-0.63,5853.0,2900.0,134.0
PLIC,8/20/2017,2682.0,2774.0,2720.0,2774.0,3.43,19750.0,2900.0,134.0
PLIC,8/21/2017,2774.0,2900.0,2710.0,2720.0,-1.95,26264.0,2900.0,134.0
PLIC,8/22/2017,2720.0,2738.0,2670.0,2670.0,-1.84,14488.0,2900.0,134.0
PLIC,8/23/2017,2670.0,2680.0,2660.0,2665.0,-0.19,6892.0,2900.0,134.0
PLIC,8/24/2017,2665.0,2700.0,2670.0,2695.0,1.13,5080.0,2900.0,134.0
PLIC,8/27/2017,2695.0,2711.0,2660.0,2674.0,-0.78,15978.0,2900.0,134.0
PLIC,8/28/2017,2674.0,2700.0,2655.0,2684.0,0.37,16551.0,2900.0,134.0
PLIC,8/30/2017,2147.0,2189.0,2092.0,2092.0,-22.06,6069.0,2900.0,134.0
PLIC,8/31/2017,2092.0,2071.0,2000.0,2037.0,-2.63,3047.0,2900.0,134.0
PLIC,9/4/2017,2037.0,2054.0,1922.0,1979.0,-2.85,7491.0,2900.0,134.0
PLIC,9/6/2017,1979.0,2018.0,1955.0,1975.0,-0.2,2062.0,2900.0,134.0
PLIC,9/7/2017,1975.0,1960.0,1900.0,1920.0,-2.78,1475.0,2900.0,134.0
PLIC,9/10/2017,1920.0,1920.0,1860.0,1861.0,-3.07,2797.0,2900.0,134.0
PLIC,9/11/2017,1861.0,1930.0,1854.0,1880.0,1.02,4618.0,2900.0,134.0
PLIC,9/12/2017,1880.0,1870.0,1800.0,1800.0,-4.26,2734.0,2900.0,134.0
PLIC,9/13/2017,1800.0,1885.0,1825.0,1830.0,1.67,9648.0,2900.0,134.0
PLIC,9/14/2017,1830.0,1891.0,1835.0,1880.0,2.73,7800.0,2900.0,134.0
PLIC,9/17/2017,1880.0,1928.0,1817.0,1925.0,2.39,6680.0,2900.0,134.0
PLIC,9/18/2017,1925.0,1950.0,1900.0,1916.0,-0.47,1706.0,2900.0,134.0
PLIC,9/20/2017,1916.0,1920.0,1890.0,1900.0,-0.84,1880.0,2900.0,134.0
PLIC,9/24/2017,1900.0,1900.0,1890.0,1899.0,-0.05,260.0,2900.0,134.0
PLIC,9/25/2017,1899.0,1892.0,1875.0,1880.0,-1.0,1323.0,2900.0,134.0
PLIC,9/26/2017,1880.0,1900.0,1875.0,1880.0,0.0,1380.0,2900.0,134.0
PLIC,10/3/2017,1880.0,1880.0,1875.0,1880.0,0.0,20.0,2900.0,134.0
PLIC,10/4/2017,1880.0,1888.0,1851.0,1888.0,0.43,1134.0,2900.0,134.0
PLIC,10/8/2017,1888.0,1852.0,1815.0,1825.0,-3.34,2315.0,2900.0,134.0
PLIC,10/9/2017,1825.0,1825.0,1800.0,1825.0,0.0,2655.0,2900.0,134.0
PLIC,10/10/2017,1825.0,1835.0,1801.0,1801.0,-1.32,711.0,2900.0,134.0
PLIC,10/11/2017,1801.0,1830.0,1810.0,1818.0,0.94,1445.0,2900.0,134.0
PLIC,10/12/2017,1818.0,1835.0,1820.0,1820.0,0.11,2436.0,2900.0,134.0
PLIC,10/15/2017,1820.0,1850.0,1795.0,1830.0,0.55,1065.0,2900.0,134.0
PLIC,10/16/2017,1830.0,1900.0,1831.0,1900.0,3.83,2930.0,2900.0,134.0
PLIC,10/17/2017,1900.0,1905.0,1862.0,1890.0,-0.53,1620.0,2900.0,134.0
PLIC,10/18/2017,1890.0,1885.0,1861.0,1880.0,-0.53,717.0,2900.0,134.0
PLIC,10/22/2017,1880.0,1875.0,1863.0,1863.0,-0.9,975.0,2900.0,134.0
PLIC,10/23/2017,1863.0,1870.0,1855.0,1855.0,-0.43,2721.0,2900.0,134.0
PLIC,10/24/2017,1855.0,1870.0,1850.0,1855.0,0.0,1200.0,2900.0,134.0
PLIC,10/25/2017,1855.0,1855.0,1835.0,1846.0,-0.49,1099.0,2900.0,134.0
PLIC,10/29/2017,1846.0,1835.0,1815.0,1820.0,-1.41,1688.0,2900.0,134.0
PLIC,10/30/2017,1820.0,1845.0,1811.0,1811.0,-0.49,3542.0,2900.0,134.0
PLIC,10/31/2017,1811.0,1820.0,1811.0,1811.0,0.0,233.0,2900.0,134.0
PLIC,11/1/2017,1811.0,1810.0,1790.0,1795.0,-0.88,2775.0,2900.0,134.0
PLIC,11/2/2017,1795.0,1800.0,1783.0,1800.0,0.28,1440.0,2900.0,134.0
PLIC,11/5/2017,1800.0,1780.0,1740.0,1760.0,-2.22,3855.0,2900.0,134.0
PLIC,11/6/2017,1760.0,1767.0,1730.0,1765.0,0.28,3544.0,2900.0,134.0
PLIC,11/7/2017,1765.0,1770.0,1732.0,1732.0,-1.87,1191.0,2900.0,134.0
PLIC,11/8/2017,1732.0,1723.0,1677.0,1720.0,-0.69,2363.0,2900.0,134.0
PLIC,11/9/2017,1720.0,1745.0,1688.0,1720.0,0.0,1741.0,2900.0,134.0
PLIC,11/12/2017,1720.0,1735.0,1718.0,1735.0,0.87,350.0,2900.0,134.0
PLIC,11/13/2017,1735.0,1820.0,1750.0,1820.0,4.9,2476.0,2900.0,134.0
PLIC,11/14/2017,1820.0,1840.0,1770.0,1840.0,1.1,4029.0,2900.0,134.0
PLIC,11/15/2017,1840.0,1874.0,1830.0,1830.0,-0.54,10540.0,2900.0,134.0
PLIC,11/16/2017,1830.0,1860.0,1828.0,1840.0,0.55,3939.0,2900.0,134.0
PLIC,11/19/2017,1840.0,1830.0,1790.0,1790.0,-2.72,4301.0,2900.0,134.0
PLIC,11/20/2017,1790.0,1815.0,1770.0,1770.0,-1.12,2038.0,2900.0,134.0
PLIC,11/21/2017,1770.0,1805.0,1782.0,1805.0,1.98,6575.0,2900.0,134.0
PLIC,11/22/2017,1805.0,1822.0,1795.0,1813.0,0.44,3361.0,2900.0,134.0
PLIC,11/23/2017,1813.0,1835.0,1800.0,1800.0,-0.72,4993.0,2900.0,134.0
PLIC,11/26/2017,1800.0,1833.0,1800.0,1829.0,1.61,4701.0,2900.0,134.0
PLIC,11/27/2017,1829.0,1830.0,1803.0,1821.0,-0.44,4327.0,2900.0,134.0
PLIC,11/28/2017,1821.0,1840.0,1810.0,1825.0,0.22,2715.0,2900.0,134.0
PLIC,11/29/2017,1825.0,1890.0,1835.0,1850.0,1.37,8598.0,2900.0,134.0
PLIC,11/30/2017,1850.0,1900.0,1850.0,1875.0,1.35,7413.0,2900.0,134.0
PLIC,12/4/2017,1875.0,1885.0,1851.0,1862.0,-0.69,1643.0,2900.0,134.0
PLIC,12/5/2017,1862.0,1885.0,1848.0,1874.0,0.64,1388.0,2900.0,134.0
PLIC,12/6/2017,1874.0,1898.0,1880.0,1895.0,1.12,4235.0,2900.0,134.0
PLIC,12/10/2017,1895.0,1902.0,1865.0,1865.0,-1.58,3959.0,2900.0,134.0
PLIC,12/11/2017,1865.0,1865.0,1855.0,1865.0,0.0,2284.0,2900.0,134.0
PLIC,12/12/2017,1865.0,1870.0,1840.0,1840.0,-1.34,1969.0,2900.0,134.0
PLIC,12/13/2017,1840.0,1863.0,1840.0,1858.0,0.98,1313.0,2900.0,134.0
PLIC,12/14/2017,1858.0,1858.0,1845.0,1856.0,-0.11,2157.0,2900.0,134.0
PLIC,12/17/2017,1856.0,1850.0,1840.0,1845.0,-0.59,313.0,2900.0,134.0
PLIC,12/18/2017,1845.0,1849.0,1835.0,1849.0,0.22,4156.0,2900.0,134.0
PLIC,12/19/2017,1849.0,1840.0,1829.0,1840.0,-0.49,1131.0,2900.0,134.0
PLIC,12/20/2017,1840.0,1828.0,1815.0,1815.0,-1.36,1237.0,2900.0,134.0
PLIC,12/21/2017,1815.0,1810.0,1790.0,1790.0,-1.38,1938.0,2900.0,134.0
PLIC,12/24/2017,1790.0,1800.0,1780.0,1785.0,-0.28,2145.0,2900.0,134.0
PLIC,12/26/2017,1785.0,1785.0,1751.0,1760.0,-1.4,1920.0,2900.0,134.0
PLIC,12/27/2017,1760.0,1765.0,1732.0,1750.0,-0.57,2234.0,2900.0,134.0
PLIC,12/28/2017,1750.0,1775.0,1746.0,1750.0,0.0,948.0,2900.0,134.0
PLIC,12/31/2017,1750.0,1750.0,1716.0,1721.0,-1.66,2597.0,2900.0,134.0
PLIC,1/1/2018,1721.0,1789.0,1745.0,1789.0,3.95,1648.0,2900.0,134.0
PLIC,1/2/2018,1789.0,1824.0,1779.0,1779.0,-0.56,1620.0,2900.0,134.0
PLIC,1/3/2018,1779.0,1780.0,1745.0,1745.0,-1.91,846.0,2900.0,134.0
PLIC,1/4/2018,1745.0,1742.0,1713.0,1742.0,-0.17,1142.0,2900.0,134.0
PLIC,1/7/2018,1742.0,1770.0,1742.0,1769.0,1.55,330.0,2900.0,134.0
PLIC,1/8/2018,1769.0,1763.0,1760.0,1761.0,-0.45,240.0,2900.0,134.0
PLIC,1/9/2018,1761.0,1798.0,1766.0,1798.0,2.1,3904.0,2900.0,134.0
PLIC,1/10/2018,1798.0,1781.0,1752.0,1760.0,-2.11,1016.0,2900.0,134.0
PLIC,1/14/2018,1760.0,1740.0,1706.0,1730.0,-1.7,1055.0,2900.0,134.0
PLIC,1/16/2018,1730.0,1734.0,1696.0,1715.0,-0.87,1507.0,2900.0,134.0
PLIC,1/17/2018,1715.0,1733.0,1692.0,1694.0,-1.22,4646.0,2900.0,134.0
PLIC,1/21/2018,1694.0,1700.0,1694.0,1695.0,0.06,1005.0,2900.0,134.0
PLIC,1/22/2018,1695.0,1704.0,1681.0,1681.0,-0.83,1036.0,2900.0,134.0
PLIC,1/23/2018,1681.0,1670.0,1650.0,1655.0,-1.55,1336.0,2900.0,134.0
PLIC,1/24/2018,1655.0,1670.0,1655.0,1655.0,0.0,269.0,2900.0,134.0
PLIC,1/25/2018,1655.0,1710.0,1650.0,1710.0,3.32,2858.0,2900.0,134.0
PLIC,1/28/2018,1710.0,1700.0,1690.0,1700.0,-0.58,1995.0,2900.0,134.0
PLIC,1/29/2018,1700.0,1693.0,1663.0,1693.0,-0.41,3219.0,2900.0,134.0
PLIC,1/31/2018,1693.0,1700.0,1690.0,1700.0,0.41,810.0,2900.0,134.0
PLIC,2/1/2018,1700.0,1705.0,1700.0,1705.0,0.29,678.0,2900.0,134.0
PLIC,2/4/2018,1705.0,1730.0,1700.0,1700.0,-0.29,1091.0,2900.0,134.0
PLIC,2/5/2018,1700.0,1698.0,1680.0,1680.0,-1.18,434.0,2900.0,134.0
PLIC,2/6/2018,1680.0,1675.0,1647.0,1675.0,-0.3,1209.0,2900.0,134.0
PLIC,2/7/2018,1675.0,1685.0,1650.0,1660.0,-0.9,3504.0,2900.0,134.0
PLIC,2/8/2018,1660.0,1710.0,1670.0,1707.0,2.83,7968.0,2900.0,134.0
PLIC,2/11/2018,1707.0,1740.0,1690.0,1700.0,-0.41,3732.0,2900.0,134.0
PLIC,2/12/2018,1700.0,1700.0,1690.0,1690.0,-0.59,3264.0,2900.0,134.0
PLIC,2/14/2018,1690.0,1690.0,1680.0,1690.0,0.0,1715.0,2900.0,134.0
PLIC,2/15/2018,1690.0,1718.0,1695.0,1709.0,1.12,6024.0,2900.0,134.0
PLIC,2/18/2018,1711.0,1715.0,1685.0,1690.0,-1.11,5987.0,2900.0,134.0
PLIC,2/20/2018,1722.0,1722.0,1635.0,1636.0,-3.2,9807.0,2900.0,134.0
PLIC,2/21/2018,1650.0,1650.0,1610.0,1619.0,-1.04,10207.0,2900.0,134.0
PLIC,2/22/2018,1620.0,1628.0,1590.0,1600.0,-1.17,10302.0,2900.0,134.0
PLIC,2/25/2018,1605.0,1605.0,1570.0,1570.0,-1.88,4614.0,2900.0,134.0
PLIC,2/26/2018,1571.0,1571.0,1527.0,1530.0,-2.55,7689.0,2900.0,134.0
PLIC,2/27/2018,1530.0,1550.0,1500.0,1500.0,-1.96,13486.0,2900.0,134.0
PLIC,2/28/2018,1481.0,1510.0,1465.0,1483.0,-1.13,31510.0,2900.0,134.0
PLIC,3/4/2018,632.0,655.0,602.0,620.0,-58.19,3413.0,2900.0,134.0
PLIC,3/5/2018,632.0,634.0,610.0,610.0,-1.61,4127.0,2900.0,134.0
PLIC,3/6/2018,610.0,644.0,599.0,628.0,2.95,5421.0,2900.0,134.0
PLIC,3/7/2018,635.0,650.0,630.0,650.0,3.5,5598.0,2900.0,134.0
PLIC,3/11/2018,643.0,645.0,632.0,643.0,-1.08,4255.0,2900.0,134.0
PLIC,3/12/2018,635.0,640.0,632.0,637.0,-0.93,2736.0,2900.0,134.0
PLIC,3/13/2018,640.0,640.0,617.0,620.0,-2.67,2489.0,2900.0,134.0
PLIC,3/14/2018,542.0,562.0,542.0,562.0,-9.35,4354.0,2900.0,134.0
PLIC,3/15/2018,564.0,598.0,564.0,578.0,2.85,4788.0,2900.0,134.0
PLIC,3/18/2018,580.0,589.0,575.0,575.0,-0.52,4835.0,2900.0,134.0
PLIC,3/19/2018,575.0,585.0,571.0,571.0,-0.7,3614.0,2900.0,134.0
PLIC,3/20/2018,573.0,573.0,558.0,570.0,-0.18,3541.0,2900.0,134.0
PLIC,3/21/2018,565.0,568.0,544.0,564.0,-1.05,2676.0,2900.0,134.0
PLIC,3/22/2018,560.0,571.0,545.0,549.0,-2.66,2851.0,2900.0,134.0
PLIC,3/26/2018,540.0,540.0,512.0,512.0,-6.74,3530.0,2900.0,134.0
PLIC,3/27/2018,505.0,561.0,480.0,561.0,9.57,3375.0,2900.0,134.0
PLIC,3/28/2018,571.0,571.0,530.0,543.0,-3.21,9273.0,2900.0,134.0
PLIC,3/29/2018,552.0,564.0,546.0,550.0,1.29,8093.0,2900.0,134.0
PLIC,4/1/2018,550.0,558.0,539.0,545.0,-0.91,2869.0,2900.0,134.0
PLIC,4/2/2018,554.0,554.0,545.0,545.0,0.0,1698.0,2900.0,134.0
PLIC,4/3/2018,551.0,555.0,545.0,545.0,0.0,1266.0,2900.0,134.0
PLIC,4/4/2018,555.0,565.0,555.0,565.0,3.67,1666.0,2900.0,134.0
PLIC,4/5/2018,576.0,592.0,565.0,585.0,3.54,8699.0,2900.0,134.0
PLIC,4/8/2018,596.0,643.0,592.0,642.0,9.74,15693.0,2900.0,134.0
PLIC,4/9/2018,654.0,682.0,645.0,645.0,0.47,20526.0,2900.0,134.0
PLIC,4/10/2018,645.0,657.0,625.0,635.0,-1.55,6154.0,2900.0,134.0
PLIC,4/11/2018,623.0,647.0,623.0,640.0,0.79,3233.0,2900.0,134.0
PLIC,4/12/2018,645.0,656.0,635.0,639.0,-0.16,5265.0,2900.0,134.0
PLIC,4/15/2018,641.0,645.0,618.0,645.0,0.94,4781.0,2900.0,134.0
PLIC,4/16/2018,636.0,694.0,636.0,694.0,7.6,16295.0,2900.0,134.0
PLIC,4/17/2018,707.0,752.0,707.0,751.0,8.21,23765.0,2900.0,134.0
PLIC,4/18/2018,766.0,784.0,735.0,745.0,-0.8,17186.0,2900.0,134.0
PLIC,4/19/2018,745.0,757.0,725.0,740.0,-0.67,15537.0,2900.0,134.0
PLIC,4/22/2018,735.0,763.0,731.0,746.0,0.81,6644.0,2900.0,134.0
PLIC,4/23/2018,760.0,770.0,736.0,745.0,-0.13,12527.0,2900.0,134.0
PLIC,4/24/2018,731.0,745.0,731.0,739.0,-0.81,2515.0,2900.0,134.0
PLIC,4/25/2018,726.0,731.0,725.0,728.0,-1.49,2969.0,2900.0,134.0
PLIC,4/26/2018,730.0,730.0,701.0,701.0,-3.71,4827.0,2900.0,134.0
PLIC,4/29/2018,715.0,715.0,700.0,705.0,0.57,7356.0,2900.0,134.0
PLIC,5/2/2018,701.0,714.0,690.0,714.0,1.28,2560.0,2900.0,134.0
PLIC,5/3/2018,725.0,735.0,720.0,720.0,0.84,6934.0,2900.0,134.0
PLIC,5/6/2018,706.0,734.0,706.0,711.0,-1.25,2427.0,2900.0,134.0
PLIC,5/7/2018,717.0,717.0,700.0,700.0,-1.55,3675.0,2900.0,134.0
PLIC,5/8/2018,710.0,715.0,700.0,715.0,2.14,4011.0,2900.0,134.0
PLIC,5/9/2018,715.0,725.0,710.0,714.0,-0.14,1707.0,2900.0,134.0
PLIC,5/10/2018,706.0,712.0,705.0,710.0,-0.56,3904.0,2900.0,134.0
PLIC,5/14/2018,703.0,705.0,701.0,702.0,-1.13,813.0,2900.0,134.0
PLIC,5/15/2018,700.0,700.0,691.0,691.0,-1.57,608.0,2900.0,134.0
PLIC,5/16/2018,703.0,703.0,690.0,690.0,-0.14,1146.0,2900.0,134.0
PLIC,5/17/2018,690.0,692.0,687.0,692.0,0.29,2386.0,2900.0,134.0
PLIC,5/20/2018,700.0,702.0,684.0,684.0,-1.16,2773.0,2900.0,134.0
PLIC,5/21/2018,681.0,685.0,681.0,685.0,0.15,755.0,2900.0,134.0
PLIC,5/22/2018,684.0,684.0,681.0,681.0,-0.58,830.0,2900.0,134.0
PLIC,5/23/2018,680.0,681.0,675.0,676.0,-0.73,1249.0,2900.0,134.0
PLIC,5/24/2018,676.0,676.0,655.0,656.0,-2.96,667.0,2900.0,134.0
PLIC,5/27/2018,656.0,656.0,645.0,645.0,-1.68,1827.0,2900.0,134.0
PLIC,5/28/2018,645.0,682.0,645.0,682.0,5.74,2329.0,2900.0,134.0
PLIC,5/29/2018,676.0,702.0,670.0,690.0,1.17,8516.0,2900.0,134.0
PLIC,5/30/2018,690.0,703.0,677.0,685.0,-0.72,12166.0,2900.0,134.0
PLIC,5/31/2018,690.0,690.0,664.0,665.0,-2.92,5373.0,2900.0,134.0
PLIC,6/3/2018,678.0,678.0,643.0,643.0,-3.31,2373.0,2900.0,134.0
PLIC,6/4/2018,635.0,655.0,634.0,638.0,-0.78,970.0,2900.0,134.0
PLIC,6/6/2018,645.0,683.0,641.0,652.0,2.19,2849.0,2900.0,134.0
PLIC,6/7/2018,655.0,660.0,640.0,640.0,-1.84,3840.0,2900.0,134.0
PLIC,6/10/2018,628.0,630.0,607.0,608.0,-5.0,1945.0,2900.0,134.0
PLIC,6/11/2018,610.0,641.0,605.0,620.0,1.97,3212.0,2900.0,134.0
PLIC,6/12/2018,620.0,621.0,615.0,620.0,0.0,1335.0,2900.0,134.0
PLIC,6/13/2018,625.0,632.0,625.0,625.0,0.81,1140.0,2900.0,134.0
PLIC,6/14/2018,627.0,634.0,626.0,633.0,1.28,1571.0,2900.0,134.0
PLIC,6/17/2018,621.0,621.0,585.0,590.0,-6.79,20115.0,2900.0,134.0
PLIC,6/18/2018,580.0,597.0,572.0,597.0,1.19,4206.0,2900.0,134.0
PLIC,6/19/2018,590.0,595.0,571.0,580.0,-2.85,3309.0,2900.0,134.0
PLIC,6/20/2018,591.0,591.0,570.0,570.0,-1.72,7330.0,2900.0,134.0
PLIC,6/21/2018,581.0,581.0,559.0,567.0,-0.53,9606.0,2900.0,134.0
PLIC,6/24/2018,563.0,579.0,558.0,567.0,0.0,3920.0,2900.0,134.0
PLIC,6/25/2018,567.0,568.0,556.0,556.0,-1.94,6094.0,2900.0,134.0
PLIC,6/26/2018,567.0,567.0,550.0,550.0,-1.08,4891.0,2900.0,134.0
PLIC,6/27/2018,561.0,561.0,547.0,548.0,-0.36,5044.0,2900.0,134.0
PLIC,6/28/2018,558.0,558.0,543.0,545.0,-0.55,1739.0,2900.0,134.0
PLIC,7/1/2018,540.0,540.0,531.0,531.0,-2.57,3437.0,2900.0,134.0
PLIC,7/2/2018,530.0,530.0,510.0,517.0,-2.64,4903.0,2900.0,134.0
PLIC,7/3/2018,519.0,524.0,510.0,511.0,-1.16,6717.0,2900.0,134.0
PLIC,7/4/2018,520.0,540.0,510.0,540.0,5.68,5460.0,2900.0,134.0
PLIC,7/5/2018,532.0,572.0,532.0,570.0,5.56,12565.0,2900.0,134.0
PLIC,7/8/2018,581.0,595.0,560.0,561.0,-1.58,10967.0,2900.0,134.0
PLIC,7/9/2018,571.0,571.0,535.0,541.0,-3.57,13653.0,2900.0,134.0
PLIC,7/10/2018,551.0,554.0,541.0,543.0,0.37,14170.0,2900.0,134.0
PLIC,7/11/2018,550.0,556.0,534.0,543.0,0.0,11079.0,2900.0,134.0
PLIC,7/12/2018,545.0,546.0,527.0,537.0,-1.1,9679.0,2900.0,134.0
PLIC,7/15/2018,547.0,547.0,525.0,533.0,-0.74,11933.0,2900.0,134.0
PLIC,7/16/2018,530.0,538.0,522.0,530.0,-0.56,20244.0,2900.0,134.0
PLIC,7/17/2018,540.0,542.0,528.0,530.0,0.0,7641.0,2900.0,134.0
PLIC,7/18/2018,520.0,530.0,520.0,530.0,0.0,3713.0,2900.0,134.0
PLIC,7/19/2018,535.0,535.0,520.0,527.0,-0.57,5310.0,2900.0,134.0
PLIC,7/22/2018,525.0,527.0,515.0,516.0,-2.09,3336.0,2900.0,134.0
PLIC,7/23/2018,516.0,535.0,516.0,530.0,2.71,3516.0,2900.0,134.0
PLIC,7/24/2018,532.0,548.0,530.0,530.0,0.0,6782.0,2900.0,134.0
PLIC,7/25/2018,532.0,540.0,525.0,525.0,-0.94,2864.0,2900.0,134.0
PLIC,7/26/2018,525.0,526.0,520.0,520.0,-0.95,4173.0,2900.0,134.0
PLIC,7/29/2018,520.0,528.0,520.0,523.0,0.58,2607.0,2900.0,134.0
PLIC,7/30/2018,526.0,526.0,518.0,520.0,-0.57,1748.0,2900.0,134.0
PLIC,7/31/2018,521.0,523.0,519.0,519.0,-0.19,4387.0,2900.0,134.0
PLIC,8/1/2018,519.0,521.0,510.0,518.0,-0.19,12533.0,2900.0,134.0
PLIC,8/2/2018,520.0,521.0,516.0,516.0,-0.39,6908.0,2900.0,134.0
PLIC,8/5/2018,519.0,519.0,514.0,514.0,-0.39,437.0,2900.0,134.0
PLIC,8/6/2018,515.0,517.0,515.0,516.0,0.39,1751.0,2900.0,134.0
PLIC,8/7/2018,516.0,520.0,513.0,513.0,-0.58,4402.0,2900.0,134.0
PLIC,8/8/2018,507.0,513.0,503.0,506.0,-1.36,6755.0,2900.0,134.0
PLIC,8/9/2018,506.0,509.0,502.0,505.0,-0.2,5918.0,2900.0,134.0
PLIC,8/12/2018,501.0,507.0,492.0,507.0,0.4,4458.0,2900.0,134.0
PLIC,8/13/2018,510.0,510.0,500.0,501.0,-1.18,3083.0,2900.0,134.0
PLIC,8/14/2018,501.0,510.0,501.0,510.0,1.8,1948.0,2900.0,134.0
PLIC,8/15/2018,510.0,530.0,508.0,518.0,1.57,6643.0,2900.0,134.0
PLIC,8/16/2018,510.0,530.0,510.0,517.0,-0.19,8496.0,2900.0,134.0
PLIC,8/19/2018,520.0,522.0,507.0,507.0,-1.93,6222.0,2900.0,134.0
PLIC,8/20/2018,503.0,504.0,500.0,500.0,-1.38,11069.0,2900.0,134.0
PLIC,8/21/2018,501.0,509.0,500.0,502.0,0.4,4396.0,2900.0,134.0
PLIC,8/22/2018,500.0,502.0,500.0,500.0,-0.4,7372.0,2900.0,134.0
PLIC,8/23/2018,502.0,504.0,497.0,501.0,0.2,6816.0,2900.0,134.0
PLIC,8/26/2018,505.0,505.0,494.0,494.0,-1.4,2392.0,2900.0,134.0
PLIC,8/28/2018,495.0,500.0,493.0,500.0,1.21,2801.0,2900.0,134.0
PLIC,8/29/2018,500.0,500.0,491.0,497.0,-0.6,2231.0,2900.0,134.0
PLIC,8/30/2018,498.0,506.0,496.0,496.0,-0.2,1886.0,2900.0,134.0
PLIC,9/2/2018,495.0,501.0,495.0,496.0,0.0,4032.0,2900.0,134.0
PLIC,9/3/2018,500.0,512.0,500.0,510.0,2.82,5218.0,2900.0,134.0
PLIC,9/4/2018,518.0,518.0,508.0,508.0,-0.39,4070.0,2900.0,134.0
PLIC,9/5/2018,514.0,527.0,510.0,526.0,3.54,8040.0,2900.0,134.0
PLIC,9/6/2018,535.0,535.0,512.0,530.0,0.76,12842.0,2900.0,134.0
PLIC,9/9/2018,520.0,520.0,510.0,515.0,-2.83,3909.0,2900.0,134.0
PLIC,9/10/2018,522.0,522.0,505.0,510.0,-0.97,2958.0,2900.0,134.0
PLIC,9/11/2018,515.0,518.0,511.0,517.0,1.37,2913.0,2900.0,134.0
PLIC,9/12/2018,516.0,516.0,516.0,516.0,-0.19,225.0,2900.0,134.0
PLIC,9/13/2018,520.0,520.0,511.0,515.0,-0.19,4335.0,2900.0,134.0
PLIC,9/16/2018,515.0,527.0,514.0,515.0,0.0,10490.0,2900.0,134.0
PLIC,9/17/2018,513.0,540.0,512.0,530.0,2.91,12309.0,2900.0,134.0
PLIC,9/18/2018,530.0,547.0,528.0,542.0,2.26,32175.0,2900.0,134.0
PLIC,9/20/2018,545.0,545.0,528.0,529.0,-2.4,5329.0,2900.0,134.0
PLIC,9/23/2018,532.0,532.0,520.0,520.0,-1.7,9230.0,2900.0,134.0
PLIC,9/25/2018,527.0,538.0,521.0,531.0,2.12,8273.0,2900.0,134.0
PLIC,9/26/2018,535.0,535.0,524.0,526.0,-0.94,8889.0,2900.0,134.0
PLIC,9/27/2018,535.0,535.0,516.0,516.0,-1.9,4424.0,2900.0,134.0
PLIC,9/30/2018,515.0,520.0,511.0,520.0,0.78,5246.0,2900.0,134.0
PLIC,10/1/2018,528.0,528.0,503.0,503.0,-3.27,3360.0,2900.0,134.0
PLIC,10/2/2018,505.0,519.0,505.0,512.0,1.79,4646.0,2900.0,134.0
PLIC,10/3/2018,507.0,510.0,505.0,509.0,-0.59,2882.0,2900.0,134.0
PLIC,10/4/2018,503.0,510.0,502.0,505.0,-0.79,6929.0,2900.0,134.0
PLIC,10/7/2018,500.0,503.0,499.0,499.0,-1.19,4284.0,2900.0,134.0
PLIC,10/8/2018,499.0,515.0,498.0,499.0,0.0,3384.0,2900.0,134.0
PLIC,10/9/2018,500.0,503.0,495.0,495.0,-0.8,2335.0,2900.0,134.0
PLIC,10/10/2018,495.0,495.0,490.0,490.0,-1.01,2022.0,2900.0,134.0
PLIC,10/11/2018,490.0,500.0,490.0,500.0,2.04,1490.0,2900.0,134.0
PLIC,10/14/2018,510.0,510.0,506.0,510.0,2.0,1350.0,2900.0,134.0
PLIC,10/15/2018,510.0,510.0,502.0,508.0,-0.39,1625.0,2900.0,134.0
PLIC,10/21/2018,512.0,512.0,505.0,507.0,-0.2,250.0,2900.0,134.0
PLIC,10/22/2018,504.0,504.0,495.0,500.0,-1.38,5433.0,2900.0,134.0
PLIC,10/23/2018,500.0,500.0,490.0,490.0,-2.0,2576.0,2900.0,134.0
PLIC,10/24/2018,490.0,495.0,490.0,490.0,0.0,7817.0,2900.0,134.0
PLIC,10/25/2018,490.0,493.0,484.0,490.0,0.0,3418.0,2900.0,134.0
PLIC,10/28/2018,482.0,490.0,482.0,485.0,-1.02,1334.0,2900.0,134.0
PLIC,10/29/2018,485.0,486.0,482.0,482.0,-0.62,1675.0,2900.0,134.0
PLIC,10/30/2018,490.0,490.0,484.0,489.0,1.45,1642.0,2900.0,134.0
PLIC,10/31/2018,489.0,489.0,484.0,487.0,-0.41,3585.0,2900.0,134.0
PLIC,11/1/2018,487.0,488.0,486.0,487.0,0.0,1321.0,2900.0,134.0
PLIC,11/4/2018,484.0,484.0,475.0,475.0,-2.46,2156.0,2900.0,134.0
PLIC,11/5/2018,475.0,485.0,475.0,475.0,0.0,2200.0,2900.0,134.0
PLIC,11/11/2018,475.0,481.0,472.0,473.0,-0.42,250.0,2900.0,134.0
PLIC,11/12/2018,470.0,473.0,465.0,465.0,-1.69,1482.0,2900.0,134.0
PLIC,11/13/2018,474.0,474.0,465.0,470.0,1.08,1370.0,2900.0,134.0
PLIC,11/14/2018,476.0,479.0,470.0,475.0,1.06,1549.0,2900.0,134.0
PLIC,11/15/2018,479.0,480.0,465.0,465.0,-2.11,2082.0,2900.0,134.0
PLIC,11/18/2018,465.0,466.0,463.0,463.0,-0.43,1322.0,2900.0,134.0
PLIC,11/19/2018,454.0,463.0,456.0,457.0,-1.3,1545.0,2900.0,134.0
PLIC,11/20/2018,452.0,459.0,451.0,454.0,-0.66,2683.0,2900.0,134.0
PLIC,11/21/2018,450.0,458.0,448.0,458.0,0.88,4770.0,2900.0,134.0
PLIC,11/22/2018,450.0,450.0,448.0,448.0,-2.18,955.0,2900.0,134.0
PLIC,11/25/2018,444.0,444.0,439.0,444.0,-0.89,1932.0,2900.0,134.0
PLIC,11/26/2018,444.0,444.0,429.0,429.0,-3.38,8378.0,2900.0,134.0
PLIC,11/27/2018,430.0,434.0,422.0,422.0,-1.63,6314.0,2900.0,134.0
PLIC,11/28/2018,420.0,424.0,415.0,415.0,-1.66,5781.0,2900.0,134.0
PLIC,11/29/2018,410.0,415.0,403.0,409.0,-1.45,4850.0,2900.0,134.0
PLIC,12/2/2018,400.0,406.0,390.0,391.0,-4.4,6111.0,2900.0,134.0
PLIC,12/3/2018,385.0,415.0,385.0,395.0,1.02,5380.0,2900.0,134.0
PLIC,12/4/2018,398.0,409.0,398.0,406.0,2.78,1923.0,2900.0,134.0
PLIC,12/5/2018,405.0,405.0,388.0,390.0,-3.94,4967.0,2900.0,134.0
PLIC,12/6/2018,386.0,410.0,386.0,402.0,3.08,3631.0,2900.0,134.0
PLIC,12/9/2018,403.0,410.0,400.0,410.0,1.99,2514.0,2900.0,134.0
PLIC,12/10/2018,408.0,420.0,408.0,414.0,0.98,3748.0,2900.0,134.0
PLIC,12/11/2018,416.0,416.0,406.0,406.0,-1.93,2982.0,2900.0,134.0
PLIC,12/12/2018,410.0,410.0,403.0,405.0,-0.25,1584.0,2900.0,134.0
PLIC,12/13/2018,397.0,410.0,397.0,408.0,0.74,1917.0,2900.0,134.0
PLIC,12/16/2018,416.0,419.0,410.0,419.0,2.7,1425.0,2900.0,134.0
PLIC,12/17/2018,422.0,450.0,415.0,422.0,0.72,6775.0,2900.0,134.0
PLIC,12/18/2018,450.0,458.0,427.0,436.0,3.32,15571.0,2900.0,134.0
PLIC,12/19/2018,428.0,444.0,420.0,435.0,-0.23,5107.0,2900.0,134.0
PLIC,12/20/2018,440.0,443.0,425.0,437.0,0.46,11125.0,2900.0,134.0
PLIC,12/23/2018,445.0,480.0,444.0,472.0,8.01,16175.0,2900.0,134.0
PLIC,12/24/2018,481.0,498.0,466.0,475.0,0.64,40088.0,2900.0,134.0
PLIC,12/25/2018,472.0,489.0,467.0,489.0,2.95,6562.0,2900.0,134.0
PLIC,12/26/2018,495.0,520.0,491.0,518.0,5.93,24986.0,2900.0,134.0
PLIC,12/27/2018,528.0,545.0,515.0,527.0,1.74,46466.0,2900.0,134.0
PLIC,12/30/2018,535.0,540.0,514.0,520.0,-1.33,18754.0,2900.0,134.0
PLIC,12/31/2018,516.0,519.0,490.0,490.0,-5.77,15986.0,2900.0,134.0
PLIC,1/1/2019,502.0,510.0,492.0,500.0,2.04,5292.0,2900.0,134.0
PLIC,1/2/2019,494.0,497.0,493.0,496.0,-0.8,7735.0,2900.0,134.0
PLIC,1/3/2019,505.0,520.0,495.0,500.0,0.81,7828.0,2900.0,134.0
PLIC,1/6/2019,510.0,510.0,493.0,494.0,-1.2,3550.0,2900.0,134.0
PLIC,1/7/2019,503.0,510.0,500.0,505.0,2.23,5590.0,2900.0,134.0
PLIC,1/8/2019,515.0,515.0,501.0,507.0,0.4,5230.0,2900.0,134.0
PLIC,1/9/2019,516.0,516.0,500.0,505.0,-0.39,3011.0,2900.0,134.0
PLIC,1/10/2019,513.0,513.0,503.0,503.0,-0.4,6194.0,2900.0,134.0
PLIC,1/13/2019,501.0,501.0,493.0,497.0,-1.19,4940.0,2900.0,134.0
PLIC,1/14/2019,506.0,506.0,495.0,500.0,0.6,3160.0,2900.0,134.0
PLIC,1/15/2019,500.0,520.0,499.0,520.0,4.0,7826.0,2900.0,134.0
PLIC,1/16/2019,520.0,520.0,503.0,505.0,-2.88,8393.0,2900.0,134.0
PLIC,1/17/2019,503.0,510.0,495.0,501.0,-0.79,4857.0,2900.0,134.0
PLIC,1/20/2019,500.0,500.0,495.0,495.0,-1.2,173.0,2900.0,134.0
PLIC,1/21/2019,492.0,496.0,490.0,492.0,-0.61,2733.0,2900.0,134.0
PLIC,1/22/2019,501.0,505.0,492.0,496.0,0.81,2368.0,2900.0,134.0
PLIC,1/23/2019,496.0,500.0,494.0,500.0,0.81,3109.0,2900.0,134.0
PLIC,1/24/2019,496.0,502.0,496.0,497.0,-0.6,1844.0,2900.0,134.0
PLIC,1/27/2019,491.0,492.0,487.0,487.0,-2.01,3581.0,2900.0,134.0
PLIC,1/28/2019,490.0,495.0,488.0,494.0,1.44,2098.0,2900.0,134.0
PLIC,1/29/2019,501.0,501.0,487.0,490.0,-0.81,2998.0,2900.0,134.0
PLIC,1/30/2019,490.0,492.0,486.0,492.0,0.41,3730.0,2900.0,134.0
PLIC,1/31/2019,488.0,488.0,483.0,487.0,-1.02,7569.0,2900.0,134.0
PLIC,2/3/2019,484.0,484.0,478.0,479.0,-1.64,5026.0,2900.0,134.0
PLIC,2/4/2019,471.0,477.0,465.0,477.0,-0.42,3085.0,2900.0,134.0
PLIC,2/5/2019,475.0,480.0,475.0,476.0,-0.21,2287.0,2900.0,134.0
PLIC,2/6/2019,471.0,472.0,467.0,468.0,-1.68,3421.0,2900.0,134.0
PLIC,2/7/2019,460.0,469.0,459.0,460.0,-1.71,5005.0,2900.0,134.0
PLIC,2/10/2019,455.0,459.0,448.0,456.0,-0.87,3517.0,2900.0,134.0
PLIC,2/11/2019,454.0,462.0,445.0,450.0,-1.32,10027.0,2900.0,134.0
PLIC,2/12/2019,455.0,455.0,444.0,450.0,0.0,2154.0,2900.0,134.0
PLIC,2/13/2019,450.0,459.0,438.0,438.0,-2.67,5835.0,2900.0,134.0
PLIC,2/14/2019,432.0,437.0,426.0,428.0,-2.28,12775.0,2900.0,134.0
PLIC,2/17/2019,435.0,440.0,425.0,425.0,-0.7,7880.0,2900.0,134.0
PLIC,2/18/2019,425.0,426.0,420.0,423.0,-0.47,9031.0,2900.0,134.0
PLIC,2/19/2019,431.0,450.0,423.0,450.0,6.38,7319.0,2900.0,134.0
PLIC,2/20/2019,459.0,459.0,430.0,430.0,-4.44,6692.0,2900.0,134.0
PLIC,2/21/2019,438.0,446.0,430.0,440.0,2.33,3938.0,2900.0,134.0
PLIC,2/24/2019,435.0,435.0,430.0,430.0,-2.27,2082.0,2900.0,134.0
PLIC,2/25/2019,432.0,446.0,432.0,443.0,3.02,1625.0,2900.0,134.0
PLIC,2/26/2019,440.0,440.0,430.0,439.0,-0.9,3266.0,2900.0,134.0
PLIC,2/27/2019,439.0,446.0,436.0,437.0,-0.46,2372.0,2900.0,134.0
PLIC,3/3/2019,436.0,436.0,430.0,431.0,-1.37,7685.0,2900.0,134.0
PLIC,3/5/2019,430.0,439.0,430.0,438.0,1.62,5316.0,2900.0,134.0
PLIC,3/6/2019,443.0,443.0,435.0,437.0,-0.23,1560.0,2900.0,134.0
PLIC,3/7/2019,442.0,450.0,442.0,450.0,2.97,7833.0,2900.0,134.0
PLIC,3/10/2019,442.0,453.0,438.0,453.0,0.67,2705.0,2900.0,134.0
PLIC,3/11/2019,450.0,459.0,450.0,453.0,0.0,3312.0,2900.0,134.0
PLIC,3/12/2019,460.0,480.0,455.0,457.0,0.88,4792.0,2900.0,134.0
PLIC,3/13/2019,454.0,465.0,448.0,451.0,-1.31,3826.0,2900.0,134.0
PLIC,3/14/2019,448.0,458.0,446.0,458.0,1.55,6782.0,2900.0,134.0
PLIC,3/17/2019,460.0,464.0,454.0,457.0,-0.22,6832.0,2900.0,134.0
PLIC,3/18/2019,460.0,463.0,450.0,450.0,-1.53,5910.0,2900.0,134.0
PLIC,3/19/2019,451.0,453.0,445.0,450.0,0.0,2610.0,2900.0,134.0
PLIC,3/21/2019,446.0,447.0,438.0,445.0,-1.11,4725.0,2900.0,134.0
PLIC,3/24/2019,440.0,440.0,436.0,436.0,-2.02,2513.0,2900.0,134.0
PLIC,3/25/2019,435.0,445.0,435.0,440.0,0.92,1825.0,2900.0,134.0
PLIC,3/26/2019,445.0,447.0,438.0,441.0,0.23,9207.0,2900.0,134.0
PLIC,3/27/2019,437.0,441.0,437.0,441.0,0.0,2969.0,2900.0,134.0
PLIC,3/28/2019,435.0,453.0,435.0,453.0,2.72,4529.0,2900.0,134.0
PLIC,3/31/2019,444.0,456.0,444.0,450.0,-0.66,2632.0,2900.0,134.0
PLIC,4/1/2019,450.0,450.0,445.0,447.0,-0.67,2539.0,2900.0,134.0
PLIC,4/2/2019,450.0,451.0,445.0,447.0,0.0,5396.0,2900.0,134.0
PLIC,4/3/2019,446.0,455.0,446.0,450.0,0.67,16395.0,2900.0,134.0
PLIC,4/4/2019,449.0,450.0,441.0,447.0,-0.67,2708.0,2900.0,134.0
PLIC,4/7/2019,446.0,446.0,441.0,444.0,-0.67,609.0,2900.0,134.0
PLIC,4/8/2019,449.0,480.0,449.0,470.0,5.86,13691.0,2900.0,134.0
PLIC,4/9/2019,479.0,479.0,460.0,465.0,-1.06,4904.0,2900.0,134.0
PLIC,4/10/2019,456.0,463.0,456.0,460.0,-1.08,1576.0,2900.0,134.0
PLIC,4/11/2019,455.0,460.0,450.0,460.0,0.0,4317.0,2900.0,134.0
PLIC,4/15/2019,456.0,457.0,450.0,457.0,-0.65,1584.0,2900.0,134.0
PLIC,4/16/2019,460.0,465.0,454.0,465.0,1.75,4045.0,2900.0,134.0
PLIC,4/17/2019,470.0,479.0,457.0,473.0,1.72,14424.0,2900.0,134.0
PLIC,4/18/2019,466.0,469.0,461.0,463.0,-2.11,3449.0,2900.0,134.0
PLIC,4/21/2019,460.0,470.0,460.0,464.0,0.22,4752.0,2900.0,134.0
PLIC,4/22/2019,473.0,490.0,468.0,479.0,3.23,25999.0,2900.0,134.0
PLIC,4/23/2019,485.0,488.0,467.0,479.0,0.0,10924.0,2900.0,134.0
PLIC,4/24/2019,487.0,487.0,468.0,470.0,-1.88,13527.0,2900.0,134.0
PLIC,4/25/2019,479.0,486.0,470.0,473.0,0.64,7453.0,2900.0,134.0
PLIC,4/28/2019,482.0,520.0,482.0,520.0,9.94,32916.0,2900.0,134.0
PLIC,4/29/2019,530.0,535.0,500.0,513.0,-1.35,54597.0,2900.0,134.0
PLIC,4/30/2019,508.0,513.0,495.0,495.0,-3.51,12028.0,2900.0,134.0
PLIC,5/2/2019,490.0,504.0,490.0,497.0,0.4,10100.0,2900.0,134.0
PLIC,5/5/2019,495.0,504.0,482.0,483.0,-2.82,5171.0,2900.0,134.0
PLIC,5/6/2019,475.0,494.0,474.0,492.0,1.86,4384.0,2900.0,134.0
PLIC,5/7/2019,500.0,507.0,483.0,490.0,-0.41,3588.0,2900.0,134.0
PLIC,5/8/2019,490.0,490.0,482.0,482.0,-1.63,2407.0,2900.0,134.0
PLIC,5/9/2019,491.0,492.0,483.0,483.0,0.21,2813.0,2900.0,134.0
PLIC,5/12/2019,478.0,490.0,478.0,486.0,0.62,4081.0,2900.0,134.0
PLIC,5/13/2019,487.0,493.0,485.0,489.0,0.62,2617.0,2900.0,134.0
PLIC,5/14/2019,490.0,496.0,488.0,489.0,0.0,5769.0,2900.0,134.0
PLIC,5/15/2019,489.0,490.0,486.0,486.0,-0.61,3766.0,2900.0,134.0
PLIC,5/16/2019,484.0,489.0,482.0,483.0,-0.62,5567.0,2900.0,134.0
PLIC,5/19/2019,489.0,489.0,475.0,483.0,0.0,5432.0,2900.0,134.0
PLIC,5/20/2019,475.0,475.0,470.0,472.0,-2.28,2963.0,2900.0,134.0
PLIC,5/21/2019,480.0,480.0,471.0,472.0,0.0,8600.0,2900.0,134.0
PLIC,5/22/2019,481.0,481.0,468.0,472.0,0.0,6971.0,2900.0,134.0
PLIC,5/23/2019,474.0,474.0,467.0,467.0,-1.06,5767.0,2900.0,134.0
PLIC,5/26/2019,467.0,467.0,460.0,467.0,0.0,6191.0,2900.0,134.0
PLIC,5/27/2019,460.0,470.0,457.0,460.0,-1.5,7221.0,2900.0,134.0
PLIC,5/28/2019,463.0,472.0,463.0,471.0,2.39,1914.0,2900.0,134.0
PLIC,5/29/2019,480.0,480.0,465.0,478.0,1.49,1965.0,2900.0,134.0
PLIC,5/30/2019,501.0,510.0,472.0,478.0,0.0,7966.0,2900.0,134.0
PLIC,6/2/2019,475.0,475.0,469.0,470.0,-1.67,1090.0,2900.0,134.0
PLIC,6/3/2019,470.0,470.0,457.0,466.0,-0.85,2313.0,2900.0,134.0
PLIC,6/4/2019,460.0,463.0,453.0,460.0,-1.29,2199.0,2900.0,134.0
PLIC,6/6/2019,460.0,465.0,454.0,460.0,0.0,5280.0,2900.0,134.0
PLIC,6/10/2019,483.0,483.0,446.0,446.0,-3.04,992.0,2900.0,134.0
PLIC,6/11/2019,446.0,450.0,442.0,447.0,0.22,3798.0,2900.0,134.0
PLIC,6/12/2019,443.0,450.0,443.0,448.0,0.22,3442.0,2900.0,134.0
PLIC,6/13/2019,448.0,454.0,445.0,450.0,0.45,2795.0,2900.0,134.0
PLIC,6/16/2019,444.0,449.0,430.0,435.0,-3.33,4403.0,2900.0,134.0
PLIC,6/17/2019,430.0,440.0,428.0,440.0,1.15,13131.0,2900.0,134.0
PLIC,6/18/2019,436.0,444.0,436.0,437.0,-0.68,1000.0,2900.0,134.0
PLIC,6/19/2019,444.0,444.0,437.0,437.0,0.0,505.0,2900.0,134.0
PLIC,6/20/2019,445.0,445.0,435.0,440.0,0.69,3968.0,2900.0,134.0
PLIC,6/23/2019,434.0,435.0,429.0,430.0,-2.27,5584.0,2900.0,134.0
PLIC,6/24/2019,430.0,436.0,429.0,436.0,1.4,7860.0,2900.0,134.0
PLIC,6/25/2019,433.0,433.0,433.0,433.0,-0.69,160.0,2900.0,134.0
PLIC,6/26/2019,434.0,440.0,433.0,439.0,1.39,567.0,2900.0,134.0
PLIC,6/27/2019,435.0,435.0,424.0,427.0,-2.73,6098.0,2900.0,134.0
PLIC,6/30/2019,430.0,430.0,422.0,430.0,0.7,1928.0,2900.0,134.0
PLIC,7/1/2019,423.0,434.0,423.0,428.0,-0.47,2822.0,2900.0,134.0
PLIC,7/2/2019,430.0,440.0,428.0,440.0,2.8,1650.0,2900.0,134.0
PLIC,7/3/2019,436.0,445.0,433.0,445.0,1.14,2525.0,2900.0,134.0
PLIC,7/4/2019,445.0,445.0,433.0,441.0,-0.9,2908.0,2900.0,134.0
PLIC,7/7/2019,440.0,440.0,433.0,434.0,-1.59,2140.0,2900.0,134.0
PLIC,7/8/2019,430.0,440.0,430.0,435.0,0.23,2614.0,2900.0,134.0
PLIC,7/9/2019,435.0,440.0,431.0,432.0,-0.69,4948.0,2900.0,134.0
PLIC,7/10/2019,440.0,440.0,433.0,433.0,0.23,1214.0,2900.0,134.0
PLIC,7/11/2019,435.0,435.0,430.0,433.0,0.0,1044.0,2900.0,134.0
PLIC,7/14/2019,429.0,434.0,429.0,431.0,-0.46,1827.0,2900.0,134.0
PLIC,7/15/2019,435.0,438.0,433.0,438.0,1.62,2603.0,2900.0,134.0
PLIC,7/16/2019,437.0,439.0,430.0,439.0,0.23,1087.0,2900.0,134.0
PLIC,7/17/2019,442.0,446.0,440.0,446.0,1.59,1615.0,2900.0,134.0
PLIC,7/18/2019,447.0,447.0,439.0,439.0,-1.57,2606.0,2900.0,134.0
PLIC,7/21/2019,439.0,439.0,431.0,431.0,-1.82,1062.0,2900.0,134.0
PLIC,7/22/2019,431.0,439.0,431.0,434.0,0.7,2177.0,2900.0,134.0
PLIC,7/23/2019,432.0,433.0,430.0,430.0,-0.92,2066.0,2900.0,134.0
PLIC,7/24/2019,431.0,437.0,431.0,437.0,1.63,2424.0,2900.0,134.0
PLIC,7/25/2019,435.0,435.0,430.0,430.0,-1.6,2793.0,2900.0,134.0
PLIC,7/28/2019,427.0,428.0,420.0,422.0,-1.86,6766.0,2900.0,134.0
PLIC,7/29/2019,422.0,425.0,414.0,422.0,0.0,3403.0,2900.0,134.0
PLIC,7/30/2019,423.0,423.0,421.0,421.0,-0.24,259.0,2900.0,134.0
PLIC,7/31/2019,422.0,430.0,422.0,423.0,0.48,1715.0,2900.0,134.0
PLIC,8/1/2019,421.0,431.0,421.0,429.0,1.42,4015.0,2900.0,134.0
PLIC,8/4/2019,437.0,437.0,425.0,425.0,-0.93,3619.0,2900.0,134.0
PLIC,8/5/2019,430.0,430.0,417.0,425.0,0.0,2615.0,2900.0,134.0
PLIC,8/6/2019,433.0,433.0,420.0,421.0,-0.94,2240.0,2900.0,134.0
PLIC,8/7/2019,416.0,424.0,415.0,424.0,0.71,4451.0,2900.0,134.0
PLIC,8/8/2019,424.0,424.0,416.0,422.0,-0.47,2307.0,2900.0,134.0
PLIC,8/11/2019,419.0,419.0,415.0,419.0,-0.71,1702.0,2900.0,134.0
PLIC,8/12/2019,420.0,420.0,415.0,415.0,-0.95,4524.0,2900.0,134.0
PLIC,8/13/2019,415.0,415.0,414.0,414.0,-0.24,2585.0,2900.0,134.0
PLIC,8/14/2019,418.0,418.0,414.0,414.0,0.0,570.0,2900.0,134.0
PLIC,8/15/2019,414.0,414.0,411.0,411.0,-0.72,1236.0,2900.0,134.0
PLIC,8/18/2019,415.0,415.0,405.0,407.0,-0.97,5436.0,2900.0,134.0
PLIC,8/19/2019,408.0,415.0,404.0,410.0,0.74,3898.0,2900.0,134.0
PLIC,8/20/2019,408.0,415.0,403.0,415.0,1.22,2517.0,2900.0,134.0
PLIC,8/21/2019,407.0,415.0,405.0,415.0,0.0,1393.0,2900.0,134.0
PLIC,8/22/2019,418.0,418.0,410.0,418.0,0.72,2020.0,2900.0,134.0
PLIC,8/25/2019,426.0,426.0,410.0,414.0,-0.96,359.0,2900.0,134.0
PLIC,8/26/2019,410.0,412.0,408.0,412.0,-0.48,430.0,2900.0,134.0
PLIC,8/27/2019,415.0,415.0,412.0,413.0,0.24,613.0,2900.0,134.0
PLIC,8/28/2019,408.0,408.0,406.0,406.0,-1.69,1812.0,2900.0,134.0
PLIC,8/29/2019,407.0,410.0,405.0,410.0,0.99,1937.0,2900.0,134.0
PLIC,9/1/2019,410.0,410.0,400.0,400.0,-2.44,2530.0,2900.0,134.0
PLIC,9/2/2019,400.0,400.0,394.0,399.0,-0.25,2184.0,2900.0,134.0
PLIC,9/3/2019,399.0,409.0,390.0,409.0,2.51,6182.0,2900.0,134.0
PLIC,9/4/2019,410.0,411.0,405.0,411.0,0.49,1873.0,2900.0,134.0
PLIC,9/5/2019,407.0,416.0,400.0,416.0,1.22,4214.0,2900.0,134.0
PLIC,9/8/2019,424.0,424.0,402.0,402.0,-3.37,2535.0,2900.0,134.0
PLIC,9/9/2019,401.0,401.0,392.0,397.0,-1.24,2469.0,2900.0,134.0
PLIC,9/10/2019,395.0,402.0,394.0,394.0,-0.76,2623.0,2900.0,134.0
PLIC,9/11/2019,394.0,394.0,394.0,394.0,0.0,488.0,2900.0,134.0
PLIC,9/12/2019,390.0,391.0,388.0,390.0,-1.02,4219.0,2900.0,134.0
PLIC,9/15/2019,390.0,396.0,378.0,380.0,-2.56,3408.0,2900.0,134.0
PLIC,9/16/2019,380.0,380.0,359.0,361.0,-5.0,14340.0,2900.0,134.0
PLIC,9/17/2019,316.0,333.0,315.0,333.0,-7.76,9980.0,2900.0,134.0
PLIC,9/18/2019,337.0,355.0,328.0,348.0,4.5,8665.0,2900.0,134.0
PLIC,9/19/2019,350.0,352.0,334.0,342.0,-1.72,1411.0,2900.0,134.0
PLIC,9/22/2019,332.0,332.0,320.0,324.0,-5.26,1609.0,2900.0,134.0
PLIC,9/23/2019,325.0,330.0,319.0,330.0,1.85,584.0,2900.0,134.0
PLIC,9/24/2019,324.0,324.0,312.0,318.0,-3.64,6260.0,2900.0,134.0
PLIC,9/25/2019,320.0,324.0,318.0,318.0,0.0,520.0,2900.0,134.0
PLIC,9/26/2019,321.0,323.0,318.0,320.0,0.63,3907.0,2900.0,134.0
PLIC,9/29/2019,325.0,325.0,318.0,319.0,-0.31,3362.0,2900.0,134.0
PLIC,9/30/2019,314.0,325.0,314.0,324.0,1.57,1551.0,2900.0,134.0
PLIC,10/1/2019,325.0,330.0,324.0,330.0,1.85,2025.0,2900.0,134.0
PLIC,10/2/2019,331.0,331.0,325.0,325.0,-1.52,4196.0,2900.0,134.0
PLIC,10/3/2019,325.0,331.0,325.0,331.0,1.85,210.0,2900.0,134.0
PLIC,10/10/2019,336.0,336.0,324.0,324.0,-2.11,90.0,2900.0,134.0
PLIC,10/14/2019,320.0,321.0,319.0,321.0,-0.93,1394.0,2900.0,134.0
PLIC,10/15/2019,321.0,321.0,315.0,321.0,0.0,8024.0,2900.0,134.0
PLIC,10/16/2019,316.0,320.0,316.0,320.0,-0.31,100.0,2900.0,134.0
PLIC,10/17/2019,326.0,326.0,322.0,322.0,0.63,550.0,2900.0,134.0
PLIC,10/20/2019,323.0,323.0,310.0,311.0,-3.42,4573.0,2900.0,134.0
PLIC,10/21/2019,313.0,324.0,313.0,324.0,4.18,270.0,2900.0,134.0
PLIC,10/22/2019,320.0,321.0,315.0,321.0,-0.93,1360.0,2900.0,134.0
PLIC,10/23/2019,321.0,321.0,316.0,320.0,-0.31,464.0,2900.0,134.0
PLIC,10/24/2019,320.0,323.0,317.0,317.0,-0.94,935.0,2900.0,134.0
PLIC,10/31/2019,312.0,315.0,312.0,314.0,-0.95,4564.0,2900.0,134.0
PLIC,11/3/2019,312.0,314.0,309.0,309.0,-1.59,3271.0,2900.0,134.0
PLIC,11/4/2019,310.0,310.0,308.0,308.0,-0.32,5657.0,2900.0,134.0
PLIC,11/5/2019,309.0,320.0,309.0,310.0,0.65,1840.0,2900.0,134.0
PLIC,11/6/2019,310.0,316.0,310.0,316.0,1.94,1930.0,2900.0,134.0
PLIC,11/7/2019,315.0,316.0,313.0,313.0,-0.95,5153.0,2900.0,134.0
PLIC,11/10/2019,313.0,313.0,310.0,311.0,-0.64,1189.0,2900.0,134.0
PLIC,11/11/2019,310.0,326.0,310.0,326.0,4.82,2341.0,2900.0,134.0
PLIC,11/13/2019,320.0,325.0,315.0,315.0,-3.37,1187.0,2900.0,134.0
PLIC,11/14/2019,315.0,326.0,309.0,309.0,-1.9,5267.0,2900.0,134.0
PLIC,11/17/2019,311.0,312.0,309.0,309.0,0.0,3783.0,2900.0,134.0
PLIC,11/18/2019,309.0,312.0,300.0,312.0,0.97,4213.0,2900.0,134.0
PLIC,11/19/2019,310.0,310.0,304.0,310.0,-0.64,594.0,2900.0,134.0
PLIC,11/20/2019,313.0,313.0,306.0,307.0,-0.97,7167.0,2900.0,134.0
PLIC,11/21/2019,305.0,309.0,299.0,303.0,-1.3,5290.0,2900.0,134.0
PLIC,11/24/2019,302.0,310.0,297.0,310.0,2.31,3995.0,2900.0,134.0
PLIC,11/25/2019,304.0,307.0,301.0,304.0,-1.94,1678.0,2900.0,134.0
PLIC,11/26/2019,305.0,305.0,301.0,303.0,-0.33,1134.0,2900.0,134.0
PLIC,11/27/2019,305.0,308.0,305.0,306.0,0.99,2224.0,2900.0,134.0
PLIC,11/28/2019,306.0,309.0,303.0,303.0,-0.98,1372.0,2900.0,134.0
PLIC,12/1/2019,303.0,307.0,297.0,307.0,1.32,5360.0,2900.0,134.0
PLIC,12/2/2019,307.0,307.0,304.0,305.0,-0.65,2518.0,2900.0,134.0
PLIC,12/3/2019,304.0,312.0,304.0,311.0,1.97,1728.0,2900.0,134.0
PLIC,12/4/2019,311.0,322.0,310.0,313.0,0.64,6969.0,2900.0,134.0
PLIC,12/5/2019,319.0,329.0,318.0,327.0,4.47,16941.0,2900.0,134.0
PLIC,12/8/2019,330.0,330.0,322.0,324.0,-0.92,4595.0,2900.0,134.0
PLIC,12/9/2019,327.0,348.0,326.0,348.0,7.41,23924.0,2900.0,134.0
PLIC,12/10/2019,348.0,351.0,335.0,345.0,-0.86,12070.0,2900.0,134.0
PLIC,12/11/2019,340.0,359.0,339.0,357.0,3.48,11944.0,2900.0,134.0
PLIC,12/12/2019,360.0,391.0,357.0,376.0,5.32,28688.0,2900.0,134.0
PLIC,12/15/2019,381.0,382.0,343.0,354.0,-5.85,12042.0,2900.0,134.0
PLIC,12/16/2019,361.0,368.0,341.0,346.0,-2.26,10153.0,2900.0,134.0
PLIC,12/17/2019,344.0,359.0,337.0,353.0,2.02,7495.0,2900.0,134.0
PLIC,12/18/2019,355.0,355.0,346.0,346.0,-1.98,2559.0,2900.0,134.0
PLIC,12/19/2019,343.0,350.0,341.0,345.0,-0.29,5657.0,2900.0,134.0
PLIC,12/22/2019,345.0,345.0,342.0,342.0,-0.87,3076.0,2900.0,134.0
PLIC,12/23/2019,348.0,367.0,346.0,362.0,5.85,5082.0,2900.0,134.0
PLIC,12/24/2019,365.0,366.0,348.0,359.0,-0.83,14048.0,2900.0,134.0
PLIC,12/25/2019,364.0,364.0,353.0,358.0,-0.28,7266.0,2900.0,134.0
PLIC,12/26/2019,357.0,358.0,354.0,357.0,-0.28,6841.0,2900.0,134.0
PLIC,12/29/2019,359.0,359.0,350.0,356.0,-0.28,8546.0,2900.0,134.0
PLIC,12/30/2019,353.0,372.0,353.0,369.0,3.65,21781.0,2900.0,134.0
PLIC,12/31/2019,367.0,377.0,366.0,369.0,0.0,11881.0,2900.0,134.0
PLIC,1/1/2020,372.0,373.0,368.0,368.0,-0.27,6709.0,2900.0,134.0
PLIC,1/2/2020,368.0,373.0,361.0,367.0,-0.27,7968.0,2900.0,134.0
PLIC,1/5/2020,370.0,376.0,369.0,370.0,0.82,8368.0,2900.0,134.0
PLIC,1/6/2020,376.0,379.0,370.0,374.0,1.08,9393.0,2900.0,134.0
PLIC,1/7/2020,370.0,386.0,370.0,376.0,0.53,9307.0,2900.0,134.0
PLIC,1/8/2020,380.0,380.0,373.0,374.0,-0.53,6355.0,2900.0,134.0
PLIC,1/9/2020,374.0,378.0,373.0,378.0,1.07,8923.0,2900.0,134.0
PLIC,1/12/2020,380.0,413.0,380.0,413.0,9.26,34971.0,2900.0,134.0
PLIC,1/13/2020,421.0,434.0,408.0,418.0,1.21,41450.0,2900.0,134.0
PLIC,1/14/2020,411.0,421.0,403.0,415.0,-0.72,13150.0,2900.0,134.0
PLIC,1/15/2020,420.0,429.0,418.0,421.0,1.45,4553.0,2900.0,134.0
PLIC,1/16/2020,428.0,447.0,421.0,440.0,4.51,37854.0,2900.0,134.0
PLIC,1/19/2020,448.0,484.0,448.0,484.0,10.0,64616.0,2900.0,134.0
PLIC,1/20/2020,493.0,502.0,471.0,480.0,-0.83,98445.0,2900.0,134.0
PLIC,1/21/2020,482.0,520.0,475.0,500.0,4.17,68866.0,2900.0,134.0
PLIC,1/22/2020,510.0,544.0,501.0,541.0,8.2,103264.0,2900.0,134.0
PLIC,1/23/2020,532.0,547.0,520.0,520.0,-3.88,66992.0,2900.0,134.0
PLIC,1/26/2020,520.0,520.0,503.0,503.0,-3.27,44398.0,2900.0,134.0
PLIC,1/27/2020,496.0,532.0,496.0,526.0,4.57,44866.0,2900.0,134.0
PLIC,1/28/2020,536.0,550.0,529.0,540.0,2.66,74873.0,2900.0,134.0
PLIC,1/29/2020,544.0,550.0,533.0,543.0,0.56,38845.0,2900.0,134.0
PLIC,1/30/2020,550.0,590.0,540.0,570.0,4.97,126816.0,2900.0,134.0
PLIC,2/2/2020,561.0,583.0,560.0,570.0,0.0,52918.0,2900.0,134.0
PLIC,2/3/2020,580.0,580.0,558.0,565.0,-0.88,32773.0,2900.0,134.0
PLIC,2/4/2020,561.0,576.0,560.0,561.0,-0.71,41297.0,2900.0,134.0
PLIC,2/5/2020,560.0,570.0,558.0,566.0,0.89,30879.0,2900.0,134.0
PLIC,2/6/2020,566.0,583.0,566.0,573.0,1.24,57306.0,2900.0,134.0
PLIC,2/9/2020,566.0,572.0,556.0,565.0,-1.4,33977.0,2900.0,134.0
PLIC,2/10/2020,565.0,575.0,552.0,567.0,0.35,16041.0,2900.0,134.0
PLIC,2/11/2020,578.0,582.0,570.0,573.0,1.06,18361.0,2900.0,134.0
PLIC,2/12/2020,575.0,581.0,572.0,577.0,0.7,22182.0,2900.0,134.0
PLIC,2/13/2020,585.0,595.0,580.0,587.0,1.73,49521.0,2900.0,134.0
PLIC,2/16/2020,590.0,625.0,590.0,624.0,6.3,65474.0,2900.0,134.0
PLIC,2/17/2020,626.0,650.0,608.0,610.0,-2.24,60026.0,2900.0,134.0
PLIC,2/18/2020,600.0,615.0,596.0,615.0,0.82,47824.0,2900.0,134.0
PLIC,2/19/2020,620.0,622.0,603.0,622.0,1.14,21496.0,2900.0,134.0
PLIC,2/20/2020,633.0,647.0,618.0,638.0,2.57,50533.0,2900.0,134.0
PLIC,2/23/2020,641.0,660.0,629.0,659.0,3.29,60640.0,2900.0,134.0
PLIC,2/24/2020,670.0,671.0,640.0,650.0,-1.37,47346.0,2900.0,134.0
PLIC,2/25/2020,663.0,700.0,637.0,690.0,6.15,52724.0,2900.0,134.0
PLIC,2/26/2020,690.0,728.0,690.0,715.0,3.62,70021.0,2900.0,134.0
PLIC,2/27/2020,701.0,718.0,675.0,687.0,-3.92,84332.0,2900.0,134.0
PLIC,3/1/2020,690.0,690.0,654.0,655.0,-4.66,112145.0,2900.0,134.0
PLIC,3/2/2020,643.0,686.0,631.0,633.0,-3.36,49886.0,2900.0,134.0
PLIC,3/3/2020,621.0,660.0,594.0,634.0,0.16,71779.0,2900.0,134.0
PLIC,3/4/2020,628.0,633.0,585.0,595.0,-6.15,63196.0,2900.0,134.0
PLIC,3/5/2020,595.0,622.0,573.0,597.0,0.34,46822.0,2900.0,134.0
PLIC,3/10/2020,608.0,611.0,555.0,555.0,-7.04,23596.0,2900.0,134.0
PLIC,3/11/2020,566.0,606.0,547.0,604.0,8.83,39055.0,2900.0,134.0
PLIC,3/12/2020,634.0,634.0,570.0,588.0,-2.65,50499.0,2900.0,134.0
PLIC,3/15/2020,577.0,577.0,530.0,533.0,-9.35,37693.0,2900.0,134.0
PLIC,3/16/2020,530.0,564.0,517.0,540.0,1.31,20619.0,2900.0,134.0
PLIC,3/17/2020,550.0,550.0,492.0,505.0,-6.48,24887.0,2900.0,134.0
PLIC,3/18/2020,515.0,515.0,478.0,500.0,-0.99,22701.0,2900.0,134.0
PLIC,3/19/2020,490.0,536.0,473.0,520.0,4.0,20237.0,2900.0,134.0
PLIC,3/22/2020,510.0,515.0,490.0,499.0,-4.04,4996.0,2900.0,134.0
PLIC,6/29/2020,490.0,490.0,450.0,498.0,-0.2,9281.0,2900.0,134.0
PLIC,6/30/2020,507.0,527.0,507.0,525.0,5.42,600.0,2900.0,134.0
PLIC,7/1/2020,535.0,576.0,535.0,565.0,7.62,964.0,2900.0,134.0
PLIC,7/2/2020,576.0,587.0,530.0,530.0,-6.19,7178.0,2900.0,134.0
PLIC,7/5/2020,471.0,489.0,462.0,464.0,-12.45,15215.0,2900.0,134.0
PLIC,7/6/2020,468.0,500.0,468.0,500.0,7.76,15620.0,2900.0,134.0
PLIC,7/7/2020,510.0,550.0,510.0,532.0,6.4,24566.0,2900.0,134.0
PLIC,7/8/2020,541.0,547.0,525.0,529.0,-0.56,15719.0,2900.0,134.0
PLIC,7/9/2020,529.0,546.0,520.0,530.0,0.19,13149.0,2900.0,134.0
PLIC,7/12/2020,540.0,560.0,530.0,541.0,2.08,8233.0,2900.0,134.0
PLIC,7/13/2020,551.0,551.0,533.0,545.0,0.74,8065.0,2900.0,134.0
PLIC,7/14/2020,535.0,544.0,534.0,535.0,-1.83,9023.0,2900.0,134.0
PLIC,7/15/2020,540.0,550.0,530.0,531.0,-0.75,8720.0,2900.0,134.0
PLIC,7/16/2020,532.0,549.0,530.0,549.0,3.39,9624.0,2900.0,134.0
PLIC,7/19/2020,559.0,559.0,559.0,559.0,1.82,10.0,2900.0,134.0
PLIC,7/20/2020,586.0,614.0,557.0,561.0,0.36,31306.0,2900.0,134.0
PLIC,7/21/2020,550.0,579.0,550.0,550.0,-1.96,22623.0,2900.0,134.0
PLIC,7/22/2020,553.0,558.0,546.0,546.0,-0.73,13583.0,2900.0,134.0
PLIC,7/23/2020,546.0,558.0,536.0,555.0,1.65,14978.0,2900.0,134.0
PLIC,7/26/2020,564.0,575.0,550.0,575.0,3.6,24301.0,2900.0,134.0
PLIC,7/27/2020,586.0,586.0,568.0,568.0,-1.22,24155.0,2900.0,134.0
PLIC,7/28/2020,574.0,574.0,561.0,571.0,0.53,25655.0,2900.0,134.0
PLIC,7/29/2020,564.0,566.0,556.0,559.0,-2.1,19245.0,2900.0,134.0
PLIC,7/30/2020,570.0,580.0,558.0,569.0,1.79,32030.0,2900.0,134.0
PLIC,8/2/2020,558.0,558.0,537.0,538.0,-5.45,37187.0,2900.0,134.0
PLIC,8/3/2020,529.0,545.0,519.0,540.0,0.37,13330.0,2900.0,134.0
PLIC,8/5/2020,530.0,539.0,524.0,532.0,-1.48,15505.0,2900.0,134.0
PLIC,8/6/2020,532.0,535.0,516.0,535.0,0.56,9388.0,2900.0,134.0
PLIC,8/9/2020,526.0,540.0,520.0,540.0,0.93,9940.0,2900.0,134.0
PLIC,8/10/2020,550.0,565.0,538.0,559.0,3.52,18659.0,2900.0,134.0
PLIC,8/11/2020,570.0,570.0,540.0,554.0,-0.89,16046.0,2900.0,134.0
PLIC,8/12/2020,550.0,557.0,546.0,547.0,-1.26,6738.0,2900.0,134.0
PLIC,8/13/2020,539.0,545.0,537.0,537.0,-1.83,11060.0,2900.0,134.0
PLIC,8/16/2020,527.0,542.0,527.0,535.0,-0.37,3716.0,2900.0,134.0
PLIC,8/17/2020,536.0,552.0,535.0,547.0,2.24,6267.0,2900.0,134.0
PLIC,8/18/2020,557.0,557.0,546.0,550.0,0.55,9829.0,2900.0,134.0
PLIC,8/19/2020,540.0,546.0,530.0,536.0,-2.55,7358.0,2900.0,134.0
PLIC,8/20/2020,534.0,546.0,534.0,544.0,1.49,1067.0,2900.0,134.0
PLIC,8/23/2020,536.0,570.0,536.0,569.0,4.6,27835.0,2900.0,134.0
PLIC,8/24/2020,580.0,591.0,569.0,591.0,3.87,48149.0,2900.0,134.0
PLIC,8/25/2020,597.0,638.0,580.0,619.0,4.74,57002.0,2900.0,134.0
PLIC,8/26/2020,630.0,630.0,609.0,620.0,0.16,117838.0,2900.0,134.0
PLIC,8/27/2020,620.0,620.0,604.0,610.0,-1.61,44430.0,2900.0,134.0
PLIC,8/30/2020,600.0,625.0,598.0,618.0,1.31,46665.0,2900.0,134.0
PLIC,8/31/2020,625.0,669.0,622.0,649.0,5.02,112591.0,2900.0,134.0
PLIC,9/2/2020,660.0,678.0,634.0,635.0,-2.16,80183.0,2900.0,134.0
PLIC,9/3/2020,647.0,651.0,622.0,643.0,1.26,62631.0,2900.0,134.0
PLIC,9/6/2020,675.0,675.0,632.0,639.0,-0.62,51353.0,2900.0,134.0
PLIC,9/7/2020,648.0,648.0,621.0,636.0,-0.47,55209.0,2900.0,134.0
PLIC,9/8/2020,631.0,644.0,630.0,638.0,0.31,36337.0,2900.0,134.0
PLIC,9/9/2020,640.0,657.0,635.0,653.0,2.35,46442.0,2900.0,134.0
PLIC,9/10/2020,653.0,680.0,653.0,680.0,4.13,92114.0,2900.0,134.0
PLIC,9/13/2020,693.0,700.0,675.0,693.0,1.91,96921.0,2900.0,134.0
PLIC,9/14/2020,704.0,704.0,673.0,675.0,-2.6,79451.0,2900.0,134.0
PLIC,9/15/2020,675.0,684.0,662.0,672.0,-0.44,45948.0,2900.0,134.0
PLIC,9/16/2020,672.0,690.0,660.0,683.0,1.64,35640.0,2900.0,134.0
PLIC,9/17/2020,689.0,692.0,670.0,678.0,-0.73,61849.0,2900.0,134.0
PLIC,9/20/2020,690.0,691.0,673.0,675.0,-0.44,18716.0,2900.0,134.0
PLIC,9/21/2020,670.0,681.0,667.0,672.0,-0.44,21599.0,2900.0,134.0
PLIC,9/22/2020,667.0,672.0,659.0,664.0,-1.19,39863.0,2900.0,134.0
PLIC,9/23/2020,650.0,670.0,645.0,664.0,0.0,23212.0,2900.0,134.0
PLIC,9/24/2020,675.0,675.0,662.0,663.0,-0.15,23895.0,2900.0,134.0
PLIC,9/27/2020,688.0,688.0,657.0,658.0,-0.75,20838.0,2900.0,134.0
PLIC,9/28/2020,664.0,664.0,652.0,654.0,-0.61,12008.0,2900.0,134.0
PLIC,9/29/2020,646.0,658.0,645.0,645.0,-1.38,13349.0,2900.0,134.0
PLIC,9/30/2020,637.0,656.0,633.0,646.0,0.16,24362.0,2900.0,134.0
PLIC,10/1/2020,640.0,670.0,640.0,668.0,3.41,38158.0,2900.0,134.0
PLIC,10/4/2020,680.0,680.0,666.0,672.0,0.6,23750.0,2900.0,134.0
PLIC,10/5/2020,666.0,675.0,666.0,666.0,-0.89,12634.0,2900.0,134.0
PLIC,10/6/2020,666.0,670.0,661.0,665.0,-0.15,22818.0,2900.0,134.0
PLIC,10/7/2020,690.0,690.0,659.0,662.0,-0.45,18910.0,2900.0,134.0
PLIC,10/8/2020,660.0,665.0,653.0,656.0,-0.91,33784.0,2900.0,134.0
PLIC,10/11/2020,667.0,667.0,650.0,656.0,0.0,11133.0,2900.0,134.0
PLIC,10/12/2020,651.0,658.0,651.0,653.0,-0.46,17427.0,2900.0,134.0
PLIC,10/13/2020,655.0,655.0,647.0,647.0,-0.92,11927.0,2900.0,134.0
PLIC,10/14/2020,640.0,657.0,636.0,641.0,-0.93,6184.0,2900.0,134.0
PLIC,10/15/2020,673.0,673.0,637.0,641.0,0.0,18558.0,2900.0,134.0
PLIC,10/18/2020,632.0,643.0,632.0,641.0,0.0,7433.0,2900.0,134.0
PLIC,10/19/2020,640.0,655.0,639.0,655.0,2.18,9927.0,2900.0,134.0
PLIC,10/20/2020,658.0,666.0,657.0,660.0,0.76,6832.0,2900.0,134.0
PLIC,10/21/2020,656.0,662.0,656.0,658.0,-0.3,5175.0,2900.0,134.0
PLIC,10/22/2020,667.0,670.0,650.0,656.0,-0.3,8442.0,2900.0,134.0
PLIC,10/28/2020,659.0,667.0,651.0,666.0,1.52,6423.0,2900.0,134.0
PLIC,10/29/2020,656.0,675.0,656.0,668.0,0.3,11810.0,2900.0,134.0
PLIC,11/1/2020,668.0,669.0,662.0,662.0,-0.9,10150.0,2900.0,134.0
PLIC,11/2/2020,674.0,674.0,661.0,669.0,1.06,20460.0,2900.0,134.0
PLIC,11/3/2020,680.0,680.0,666.0,671.0,0.3,25426.0,2900.0,134.0
PLIC,11/4/2020,684.0,684.0,669.0,676.0,0.75,18567.0,2900.0,134.0
PLIC,11/5/2020,669.0,686.0,669.0,680.0,0.59,50987.0,2900.0,134.0
PLIC,11/8/2020,681.0,695.0,681.0,694.0,2.06,39007.0,2900.0,134.0
PLIC,11/9/2020,696.0,702.0,682.0,689.0,-0.72,71332.0,2900.0,134.0
PLIC,11/10/2020,690.0,715.0,690.0,714.0,3.63,145601.0,2900.0,134.0
PLIC,11/11/2020,714.0,715.0,704.0,709.0,-0.7,51555.0,2900.0,134.0
PLIC,11/12/2020,710.0,712.0,700.0,704.0,-0.71,32357.0,2900.0,134.0
PLIC,11/18/2020,706.0,738.0,705.0,733.0,4.12,71754.0,2900.0,134.0
PLIC,11/19/2020,733.0,787.0,733.0,765.0,4.37,104560.0,2900.0,134.0
PLIC,11/22/2020,765.0,785.0,735.0,744.0,-2.75,74153.0,2900.0,134.0
PLIC,11/23/2020,745.0,745.0,725.0,734.0,-1.34,45777.0,2900.0,134.0
PLIC,11/24/2020,725.0,752.0,725.0,745.0,1.5,51055.0,2900.0,134.0
PLIC,11/25/2020,759.0,780.0,753.0,765.0,2.68,102398.0,2900.0,134.0
PLIC,11/26/2020,770.0,779.0,736.0,749.0,-2.09,54837.0,2900.0,134.0
PLIC,11/29/2020,786.0,786.0,740.0,755.0,0.8,85890.0,2900.0,134.0
PLIC,11/30/2020,760.0,813.0,755.0,795.0,5.3,122218.0,2900.0,134.0
PLIC,12/1/2020,805.0,817.0,779.0,788.0,-0.88,54983.0,2900.0,134.0
PLIC,12/2/2020,788.0,840.0,785.0,830.0,5.33,103724.0,2900.0,134.0
PLIC,12/3/2020,830.0,843.0,803.0,809.0,-2.53,59990.0,2900.0,134.0
PLIC,12/6/2020,793.0,796.0,756.0,756.0,-6.55,55494.0,2900.0,134.0
PLIC,12/7/2020,756.0,801.0,742.0,790.0,4.5,37675.0,2900.0,134.0
PLIC,12/8/2020,829.0,829.0,770.0,779.0,-1.39,45881.0,2900.0,134.0
PLIC,12/9/2020,766.0,780.0,764.0,770.0,-1.16,46164.0,2900.0,134.0
PLIC,12/10/2020,770.0,784.0,762.0,771.0,0.13,25953.0,2900.0,134.0
PLIC,12/13/2020,770.0,801.0,770.0,780.0,1.17,27224.0,2900.0,134.0
PLIC,12/14/2020,795.0,858.0,795.0,858.0,10.0,172664.0,2900.0,134.0
PLIC,12/15/2020,900.0,900.0,866.0,875.0,1.98,115676.0,2900.0,134.0
PLIC,12/16/2020,863.0,879.0,858.0,863.0,-1.37,36945.0,2900.0,134.0
PLIC,12/17/2020,863.0,875.0,814.0,845.0,-2.09,87728.0,2900.0,134.0
PLIC,12/20/2020,850.0,850.0,795.0,802.0,-5.09,139859.0,2900.0,134.0
PLIC,12/21/2020,786.0,835.0,756.0,804.0,0.25,68619.0,2900.0,134.0
PLIC,12/22/2020,820.0,849.0,816.0,830.0,3.23,79369.0,2900.0,134.0
PLIC,12/23/2020,846.0,869.0,825.0,834.0,0.48,90426.0,2900.0,134.0
PLIC,12/24/2020,821.0,835.0,810.0,821.0,-1.56,40523.0,2900.0,134.0
PLIC,12/27/2020,810.0,819.0,800.0,804.0,-2.07,33667.0,2900.0,134.0
PLIC,12/28/2020,800.0,820.0,800.0,810.0,0.75,24138.0,2900.0,134.0
PLIC,12/29/2020,801.0,811.0,799.0,801.0,-1.11,15353.0,2900.0,134.0
PLIC,12/30/2020,840.0,840.0,794.0,808.0,0.87,27470.0,2900.0,134.0
PLIC,12/31/2020,848.0,848.0,808.0,820.0,1.49,53626.0,2900.0,134.0
PLIC,1/3/2021,804.0,804.0,770.0,782.0,-4.63,30321.0,2900.0,134.0
PLIC,1/4/2021,797.0,800.0,770.0,775.0,-0.9,20378.0,2900.0,134.0
PLIC,1/5/2021,767.0,781.0,766.0,775.0,0.0,17936.0,2900.0,134.0
PLIC,1/6/2021,766.0,783.0,766.0,769.0,-0.77,15043.0,2900.0,134.0
PLIC,1/7/2021,777.0,784.0,767.0,769.0,0.0,19920.0,2900.0,134.0
PLIC,1/10/2021,807.0,807.0,767.0,769.0,0.0,17767.0,2900.0,134.0
PLIC,1/11/2021,807.0,807.0,768.0,780.0,1.43,15046.0,2900.0,134.0
PLIC,1/12/2021,745.0,809.0,745.0,808.0,3.59,38613.0,2900.0,134.0
PLIC,1/13/2021,815.0,824.0,809.0,811.0,0.37,25190.0,2900.0,134.0
PLIC,1/17/2021,827.0,827.0,801.0,809.0,-0.25,22970.0,2900.0,134.0
PLIC,1/18/2021,849.0,849.0,810.0,830.0,2.6,49268.0,2900.0,134.0
PLIC,1/19/2021,830.0,851.0,820.0,825.0,-0.6,52702.0,2900.0,134.0
PLIC,1/20/2021,825.0,830.0,815.0,825.0,0.0,40891.0,2900.0,134.0
PLIC,1/21/2021,830.0,864.0,830.0,856.0,3.76,81509.0,2900.0,134.0
PLIC,1/24/2021,865.0,905.0,860.0,895.0,4.56,105662.0,2900.0,134.0
PLIC,1/25/2021,903.0,905.0,865.0,885.0,-1.12,64956.0,2900.0,134.0
PLIC,1/26/2021,900.0,900.0,858.0,861.0,-2.71,48571.0,2900.0,134.0
PLIC,1/27/2021,870.0,875.0,855.0,870.0,1.05,47187.0,2900.0,134.0
PLIC,1/28/2021,875.0,905.0,875.0,880.0,1.15,89869.0,2900.0,134.0
PLIC,1/31/2021,900.0,900.0,856.0,858.0,-2.5,49678.0,2900.0,134.0
PLIC,2/1/2021,850.0,895.0,850.0,883.0,2.91,35872.0,2900.0,134.0
PLIC,2/2/2021,899.0,944.0,895.0,935.0,5.89,129944.0,2900.0,134.0
PLIC,2/3/2021,953.0,990.0,910.0,925.0,-1.07,78002.0,2900.0,134.0
PLIC,2/4/2021,920.0,941.0,915.0,927.0,0.22,36039.0,2900.0,134.0
PLIC,2/7/2021,945.0,1006.0,927.0,994.0,7.23,76300.0,2900.0,134.0
PLIC,2/8/2021,994.0,1034.0,968.0,970.0,-2.41,60016.0,2900.0,134.0
PLIC,2/9/2021,1018.0,1018.0,936.0,943.0,-2.78,51065.0,2900.0,134.0
PLIC,2/10/2021,932.0,951.0,930.0,931.0,-1.27,25879.0,2900.0,134.0
PLIC,2/11/2021,932.0,940.0,915.0,916.0,-1.61,39210.0,2900.0,134.0
PLIC,2/14/2021,925.0,927.0,893.0,904.0,-1.31,32581.0,2900.0,134.0
PLIC,2/15/2021,922.0,969.0,922.0,960.0,6.19,80474.0,2900.0,134.0
PLIC,2/16/2021,961.0,973.0,930.0,940.0,-2.08,60415.0,2900.0,134.0
PLIC,2/17/2021,940.0,948.0,922.0,930.0,-1.06,23261.0,2900.0,134.0
PLIC,2/18/2021,925.0,932.0,917.0,927.0,-0.32,33524.0,2900.0,134.0
PLIC,2/21/2021,927.0,940.0,902.0,905.0,-2.37,23212.0,2900.0,134.0
PLIC,2/22/2021,920.0,920.0,885.0,889.0,-1.77,39007.0,2900.0,134.0
PLIC,2/23/2021,845.0,895.0,845.0,885.0,-0.45,33259.0,2900.0,134.0
PLIC,2/24/2021,890.0,925.0,890.0,905.0,2.26,29215.0,2900.0,134.0
PLIC,2/25/2021,890.0,900.0,880.0,887.0,-1.99,26107.0,2900.0,134.0
PLIC,2/28/2021,890.0,899.0,855.0,856.0,-3.49,48470.0,2900.0,134.0
PLIC,3/1/2021,856.0,887.0,840.0,880.0,2.8,31331.0,2900.0,134.0
PLIC,3/2/2021,882.0,885.0,840.0,853.0,-3.07,49282.0,2900.0,134.0
PLIC,3/3/2021,840.0,840.0,818.0,825.0,-3.28,37842.0,2900.0,134.0
PLIC,3/4/2021,835.0,860.0,830.0,860.0,4.24,28238.0,2900.0,134.0
PLIC,3/7/2021,850.0,864.0,835.0,840.0,-2.33,17624.0,2900.0,134.0
PLIC,3/9/2021,882.0,882.0,824.0,827.0,-1.55,11678.0,2900.0,134.0
PLIC,3/10/2021,825.0,839.0,813.0,818.0,-1.09,12950.0,2900.0,134.0
PLIC,3/14/2021,815.0,815.0,785.0,791.0,-3.3,24436.0,2900.0,134.0
PLIC,3/15/2021,781.0,806.0,776.0,790.0,-0.13,13483.0,2900.0,134.0
PLIC,3/16/2021,780.0,831.0,776.0,793.0,0.38,18236.0,2900.0,134.0
PLIC,3/17/2021,808.0,810.0,801.0,810.0,2.14,15220.0,2900.0,134.0
PLIC,3/18/2021,825.0,825.0,811.0,822.0,1.48,11618.0,2900.0,134.0
PLIC,3/21/2021,823.0,878.0,823.0,868.0,5.6,35877.0,2900.0,134.0
PLIC,3/22/2021,885.0,885.0,850.0,859.0,-1.04,23834.0,2900.0,134.0
PLIC,3/23/2021,844.0,865.0,843.0,850.0,-1.05,12802.0,2900.0,134.0
PLIC,3/24/2021,851.0,864.0,850.0,854.0,0.47,17037.0,2900.0,134.0
PLIC,3/25/2021,871.0,871.0,840.0,842.0,-1.41,13963.0,2900.0,134.0
PLIC,3/29/2021,835.0,840.0,827.0,835.0,-0.83,5662.0,2900.0,134.0
PLIC,3/30/2021,836.0,849.0,836.0,849.0,1.68,14427.0,2900.0,134.0
PLIC,3/31/2021,891.0,891.0,850.0,873.0,2.83,25030.0,2900.0,134.0
PLIC,4/1/2021,873.0,907.0,873.0,900.0,3.09,50088.0,2900.0,134.0
PLIC,4/4/2021,945.0,945.0,891.0,909.0,1.0,48352.0,2900.0,134.0
PLIC,4/5/2021,922.0,944.0,891.0,905.0,-0.44,55497.0,2900.0,134.0
PLIC,4/6/2021,950.0,950.0,882.0,889.0,-1.77,43707.0,2900.0,134.0
PLIC,4/7/2021,893.0,893.0,877.0,880.0,-1.01,11687.0,2900.0,134.0
PLIC,4/8/2021,890.0,890.0,869.0,872.0,-0.91,23420.0,2900.0,134.0
PLIC,4/12/2021,877.0,888.0,873.0,888.0,1.83,14629.0,2900.0,134.0
PLIC,4/13/2021,900.0,905.0,871.0,875.0,-1.46,22894.0,2900.0,134.0
PLIC,4/15/2021,872.0,889.0,870.0,875.0,0.0,24934.0,2900.0,134.0
PLIC,4/18/2021,866.0,880.0,863.0,872.0,-0.34,17627.0,2900.0,134.0
PLIC,4/19/2021,870.0,870.0,857.0,858.0,-1.61,8050.0,2900.0,134.0
PLIC,4/20/2021,847.0,875.0,847.0,861.0,0.35,16885.0,2900.0,134.0
PLIC,4/21/2021,860.0,865.0,838.0,845.0,-1.86,40781.0,2900.0,134.0
PLIC,4/22/2021,840.0,870.0,830.0,865.0,2.37,27185.0,2900.0,134.0
PLIC,4/25/2021,865.0,870.0,830.0,838.0,-3.12,33831.0,2900.0,134.0
PLIC,4/26/2021,823.0,850.0,807.0,812.0,-3.1,26854.0,2900.0,134.0
PLIC,4/27/2021,812.0,848.0,812.0,840.0,3.45,18017.0,2900.0,134.0
PLIC,4/28/2021,848.0,856.0,825.0,836.0,-0.48,14133.0,2900.0,134.0
PLIC,4/29/2021,850.0,850.0,835.0,846.0,1.2,8290.0,2900.0,134.0
PLIC,5/2/2021,860.0,886.0,844.0,884.0,4.49,50442.0,2900.0,134.0
PLIC,5/3/2021,890.0,907.0,875.0,881.0,-0.34,47128.0,2900.0,134.0
PLIC,5/4/2021,884.0,886.0,871.0,880.0,-0.11,21439.0,2900.0,134.0
PLIC,5/5/2021,895.0,895.0,876.0,876.0,-0.45,35817.0,2900.0,134.0
PLIC,5/6/2021,876.0,877.0,863.0,864.0,-1.37,11935.0,2900.0,134.0
PLIC,5/9/2021,850.0,860.0,846.0,846.0,-2.08,10628.0,2900.0,134.0
PLIC,5/10/2021,852.0,860.0,847.0,850.0,0.47,8235.0,2900.0,134.0
PLIC,5/11/2021,860.0,867.0,854.0,863.0,1.53,8333.0,2900.0,134.0
PLIC,5/12/2021,863.0,865.0,855.0,858.0,-0.58,6412.0,2900.0,134.0
PLIC,5/13/2021,874.0,874.0,855.0,868.0,1.17,18496.0,2900.0,134.0
PLIC,5/16/2021,883.0,914.0,874.0,908.0,4.61,66908.0,2900.0,134.0
PLIC,5/17/2021,915.0,925.0,893.0,901.0,-0.77,45141.0,2900.0,134.0
PLIC,5/18/2021,900.0,920.0,879.0,914.0,1.44,74260.0,2900.0,134.0
PLIC,5/19/2021,920.0,937.0,904.0,909.0,-0.55,57295.0,2900.0,134.0
PLIC,5/20/2021,909.0,916.0,898.0,905.0,-0.44,27430.0,2900.0,134.0
PLIC,5/23/2021,890.0,939.0,873.0,923.0,1.99,50001.0,2900.0,134.0
PLIC,5/24/2021,928.0,933.0,915.0,928.0,0.54,60117.0,2900.0,134.0
PLIC,5/25/2021,882.0,999.0,882.0,977.0,5.28,202819.0,2900.0,134.0
PLIC,5/27/2021,970.0,997.0,931.0,975.0,-0.2,124978.0,2900.0,134.0
PLIC,5/30/2021,1000.0,1029.0,981.0,1007.0,3.28,209056.0,2900.0,134.0
PLIC,5/31/2021,1015.0,1025.0,981.0,984.0,-2.28,127967.0,2900.0,134.0
PLIC,6/1/2021,981.0,997.0,959.0,977.0,-0.71,90646.0,2900.0,134.0
PLIC,6/2/2021,976.0,1012.0,971.0,1006.0,2.97,121637.0,2900.0,134.0
PLIC,6/3/2021,1018.0,1041.0,1010.0,1024.0,1.79,225962.0,2900.0,134.0
PLIC,6/6/2021,1012.0,1040.0,999.0,1007.0,-1.66,82591.0,2900.0,134.0
PLIC,6/7/2021,1008.0,1024.0,1004.0,1015.0,0.79,88375.0,2900.0,134.0
PLIC,6/8/2021,1065.0,1088.0,1016.0,1088.0,7.19,194436.0,2900.0,134.0
PLIC,6/9/2021,1100.0,1133.0,1057.0,1072.0,-1.47,103615.0,2900.0,134.0
PLIC,6/10/2021,1025.0,1079.0,1025.0,1045.0,-2.52,69236.0,2900.0,134.0
PLIC,6/13/2021,1050.0,1060.0,1031.0,1040.0,-0.48,72461.0,2900.0,134.0
PLIC,6/14/2021,1055.0,1080.0,1045.0,1064.0,2.31,96604.0,2900.0,134.0
PLIC,6/15/2021,1050.0,1113.0,1050.0,1062.0,-0.19,77439.0,2900.0,134.0
PLIC,6/16/2021,1050.0,1081.0,1022.0,1038.0,-2.26,68866.0,2900.0,134.0
PLIC,6/17/2021,1058.0,1060.0,1027.0,1041.0,0.29,55904.0,2900.0,134.0
PLIC,6/20/2021,1041.0,1045.0,990.0,1002.0,-3.75,62215.0,2900.0,134.0
PLIC,6/21/2021,1052.0,1052.0,961.0,978.0,-2.4,74409.0,2900.0,134.0
PLIC,6/22/2021,978.0,1010.0,965.0,1000.0,2.25,49774.0,2900.0,134.0
PLIC,6/23/2021,1010.0,1015.0,970.0,985.0,-1.5,46130.0,2900.0,134.0
PLIC,6/24/2021,1034.0,1034.0,956.0,975.0,-1.02,55388.0,2900.0,134.0
PLIC,6/27/2021,1023.0,1023.0,970.0,980.0,0.51,21644.0,2900.0,134.0
PLIC,6/28/2021,980.0,1000.0,978.0,985.0,0.51,10961.0,2900.0,134.0
PLIC,6/29/2021,1000.0,1000.0,960.0,967.0,-1.83,22168.0,2900.0,134.0
PLIC,6/30/2021,986.0,986.0,950.0,964.0,-0.31,24355.0,2900.0,134.0
PLIC,7/1/2021,980.0,980.0,960.0,972.0,0.83,30500.0,2900.0,134.0
PLIC,7/4/2021,972.0,972.0,954.0,956.0,-1.65,17997.0,2900.0,134.0
PLIC,7/5/2021,1003.0,1003.0,950.0,950.0,-0.63,17153.0,2900.0,134.0
PLIC,7/6/2021,997.0,997.0,946.0,947.0,-0.32,12095.0,2900.0,134.0
PLIC,7/7/2021,979.0,979.0,945.0,950.0,0.32,21906.0,2900.0,134.0
PLIC,7/8/2021,950.0,959.0,942.0,945.0,-0.53,40484.0,2900.0,134.0
PLIC,7/11/2021,990.0,990.0,943.0,975.0,3.17,23081.0,2900.0,134.0
PLIC,7/12/2021,975.0,989.0,951.0,956.0,-1.95,21480.0,2900.0,134.0
PLIC,7/13/2021,956.0,970.0,947.0,960.0,0.42,12521.0,2900.0,134.0
PLIC,7/14/2021,949.0,970.0,949.0,965.0,0.52,9192.0,2900.0,134.0
PLIC,7/15/2021,984.0,1000.0,950.0,954.0,-1.14,25019.0,2900.0,134.0
PLIC,7/18/2021,970.0,1013.0,965.0,990.0,3.77,25671.0,2900.0,134.0
PLIC,7/19/2021,1000.0,1009.0,982.0,983.0,-0.71,29320.0,2900.0,134.0
PLIC,7/20/2021,996.0,996.0,978.0,978.0,-0.51,5709.0,2900.0,134.0
PLIC,7/22/2021,997.0,997.0,972.3,972.5,-0.56,13279.0,2900.0,134.0
PLIC,7/25/2021,990.0,990.0,970.0,974.0,0.15,21373.0,2900.0,134.0
PLIC,7/26/2021,974.0,990.0,974.0,986.0,1.23,24149.0,2900.0,134.0
PLIC,7/27/2021,986.0,1029.0,975.0,1026.0,4.06,68526.0,2900.0,134.0
PLIC,7/28/2021,1030.0,1064.0,1030.0,1060.0,3.31,65659.0,2900.0,134.0
PLIC,7/29/2021,1060.0,1079.0,1030.0,1031.0,-2.74,36080.0,2900.0,134.0
PLIC,8/1/2021,1048.0,1048.0,1011.1,1013.0,-1.75,21468.0,2900.0,134.0
PLIC,8/2/2021,1033.2,1033.2,1000.0,1003.0,-0.99,20999.0,2900.0,134.0
PLIC,8/3/2021,1003.0,1030.0,999.0,1022.5,1.94,36430.0,2900.0,134.0
PLIC,8/4/2021,1022.5,1040.0,1020.0,1026.0,0.34,43031.0,2900.0,134.0
PLIC,8/5/2021,1029.0,1035.0,1020.0,1021.0,-0.49,33098.0,2900.0,134.0
PLIC,8/8/2021,1030.0,1030.0,1002.0,1007.9,-1.28,26984.0,2900.0,134.0
PLIC,8/9/2021,1018.0,1018.0,998.0,1008.0,0.01,25844.0,2900.0,134.0
PLIC,8/10/2021,1008.0,1030.0,1008.0,1030.0,2.18,43741.0,2900.0,134.0
PLIC,8/11/2021,1040.0,1071.0,1021.0,1024.2,-0.56,45501.0,2900.0,134.0
PLIC,8/12/2021,1030.0,1050.0,1025.0,1037.0,1.25,52046.0,2900.0,134.0
PLIC,8/15/2021,1016.3,1050.0,983.2,1015.1,-2.11,53426.0,2900.0,134.0
PLIC,8/16/2021,997.0,1025.0,995.0,1004.0,-1.09,10962.0,2900.0,134.0
PLIC,8/17/2021,995.0,1004.0,978.1,978.1,-2.58,35053.0,2900.0,134.0
PLIC,8/18/2021,997.6,1046.0,977.0,1015.0,3.77,31365.0,2900.0,134.0
PLIC,8/19/2021,1025.0,1070.0,1014.0,1019.0,0.39,77297.0,2900.0,134.0
PLIC,8/24/2021,1037.9,1037.9,1009.0,1009.0,-0.98,21007.0,2900.0,134.0
PLIC,8/25/2021,995.0,1010.0,980.0,990.0,-1.88,49281.0,2900.0,134.0
PLIC,8/26/2021,980.0,1009.8,979.0,999.0,0.91,19813.0,2900.0,134.0
PLIC,8/29/2021,998.0,998.0,961.0,961.0,-3.8,26666.0,2900.0,134.0
PLIC,8/31/2021,961.0,961.0,922.0,927.0,-3.54,33412.0,2900.0,134.0
PLIC,9/1/2021,940.0,963.0,927.0,928.0,0.11,26182.0,2900.0,134.0
PLIC,9/2/2021,945.0,945.0,897.0,899.0,-3.12,26311.0,2900.0,134.0
PLIC,9/5/2021,885.0,906.0,866.2,884.0,-1.67,48831.0,2900.0,134.0
PLIC,9/6/2021,895.0,934.0,882.0,934.0,5.66,20708.0,2900.0,134.0
PLIC,9/7/2021,920.0,926.0,895.1,906.0,-3.0,28003.0,2900.0,134.0
PLIC,9/8/2021,895.0,897.0,875.0,880.1,-2.86,22138.0,2900.0,134.0
PLIC,9/9/2021,890.0,915.0,867.0,885.0,0.56,15966.0,2900.0,134.0
PLIC,9/12/2021,885.0,909.0,875.0,902.0,1.92,12423.0,2900.0,134.0
PLIC,9/13/2021,910.0,917.0,899.0,900.0,-0.22,16332.0,2900.0,134.0
PLIC,9/14/2021,901.0,908.0,879.0,885.0,-1.67,9985.0,2900.0,134.0
PLIC,9/15/2021,881.0,890.0,872.0,880.0,-0.56,12879.0,2900.0,134.0
PLIC,9/16/2021,867.0,868.0,830.0,848.0,-3.64,40957.0,2900.0,134.0
PLIC,9/20/2021,832.0,842.0,800.0,805.0,-5.07,25051.0,2900.0,134.0
PLIC,9/21/2021,800.0,840.0,791.0,815.0,1.24,30166.0,2900.0,134.0
PLIC,9/22/2021,831.0,851.0,830.1,848.0,4.05,12042.0,2900.0,134.0
PLIC,9/23/2021,864.1,900.0,855.0,900.0,6.13,44264.0,2900.0,134.0
PLIC,9/26/2021,918.0,936.0,876.1,883.0,-1.89,52285.0,2900.0,134.0
PLIC,9/27/2021,870.0,870.0,851.7,865.9,-1.94,17841.0,2900.0,134.0
PLIC,9/28/2021,848.6,861.0,816.4,839.0,-3.11,14398.0,2900.0,134.0
PLIC,9/29/2021,855.0,867.0,823.1,856.0,2.03,28578.0,2900.0,134.0
PLIC,9/30/2021,842.0,857.9,835.0,840.0,-1.87,8977.0,2900.0,134.0
PLIC,10/3/2021,847.0,849.0,810.0,812.0,-3.33,21795.0,2900.0,134.0
PLIC,10/4/2021,810.0,826.0,798.0,819.0,0.86,12935.0,2900.0,134.0
PLIC,10/5/2021,835.3,860.0,822.0,850.0,3.79,8408.0,2900.0,134.0
PLIC,10/6/2021,866.0,867.0,846.0,861.0,1.29,13327.0,2900.0,134.0
PLIC,10/10/2021,861.0,870.0,844.0,844.0,-1.97,10186.0,2900.0,134.0
PLIC,10/11/2021,828.5,840.0,820.0,835.0,-1.07,11371.0,2900.0,134.0
PLIC,10/17/2021,820.0,855.0,820.0,838.0,0.36,4357.0,2900.0,134.0
PLIC,10/18/2021,835.0,835.0,813.0,824.0,-1.67,13218.0,2900.0,134.0
PLIC,10/19/2021,835.0,835.0,799.0,810.0,-1.7,16795.0,2900.0,134.0
PLIC,10/20/2021,826.2,841.0,825.0,830.0,2.47,2843.0,2900.0,134.0
PLIC,10/21/2021,829.0,829.0,813.4,818.0,-1.45,6423.0,2900.0,134.0
PLIC,10/24/2021,801.9,822.1,801.9,819.0,0.12,12897.0,2900.0,134.0
PLIC,10/25/2021,825.0,850.0,822.0,840.0,2.56,9845.0,2900.0,134.0
PLIC,10/26/2021,845.0,865.0,842.0,858.9,2.25,21537.0,2900.0,134.0
PLIC,10/27/2021,875.0,944.7,849.0,894.0,4.09,40995.0,2900.0,134.0
PLIC,10/28/2021,877.0,900.0,875.0,894.9,0.1,18089.0,2900.0,134.0
PLIC,10/31/2021,877.1,930.0,862.0,921.0,2.92,30485.0,2900.0,134.0
PLIC,11/1/2021,910.0,923.0,886.1,896.0,-2.71,16262.0,2900.0,134.0
PLIC,11/2/2021,880.0,920.0,860.6,920.0,2.68,14794.0,2900.0,134.0
PLIC,11/3/2021,902.0,937.0,892.0,912.9,-0.77,17388.0,2900.0,134.0
PLIC,11/8/2021,931.1,931.1,898.0,898.0,-1.63,6591.0,2900.0,134.0
PLIC,11/9/2021,898.0,900.0,880.0,890.0,-0.89,19546.0,2900.0,134.0
PLIC,11/11/2021,873.1,900.0,873.0,887.0,-0.34,6861.0,2900.0,134.0
PLIC,11/14/2021,871.0,888.0,865.1,888.0,0.11,6911.0,2900.0,134.0
PLIC,11/15/2021,901.0,906.0,886.0,895.0,0.79,6433.0,2900.0,134.0
PLIC,11/16/2021,890.0,913.9,888.0,906.0,1.23,10900.0,2900.0,134.0
PLIC,11/17/2021,922.0,922.0,895.0,896.0,-1.1,13293.0,2900.0,134.0
PLIC,11/18/2021,888.0,899.0,882.0,886.2,-1.09,7994.0,2900.0,134.0
PLIC,11/21/2021,888.2,900.0,881.0,887.0,0.09,9696.0,2900.0,134.0
PLIC,11/22/2021,903.9,903.9,885.0,886.0,-0.11,7820.0,2900.0,134.0
PLIC,11/23/2021,875.2,891.0,871.1,871.1,-1.68,8546.0,2900.0,134.0
PLIC,11/24/2021,871.0,875.9,859.0,873.5,0.28,9174.0,2900.0,134.0
PLIC,11/25/2021,890.0,890.0,844.9,870.0,-0.4,57524.0,2900.0,134.0
PLIC,11/28/2021,765.0,765.0,699.0,701.0,-19.43,22416.0,2900.0,134.0
PLIC,11/29/2021,701.0,738.0,701.0,715.0,2.0,9281.0,2900.0,134.0
PLIC,11/30/2021,715.0,729.0,700.0,708.9,-0.85,10660.0,2900.0,134.0
PLIC,12/1/2021,705.0,710.1,705.0,705.0,-0.55,4086.0,2900.0,134.0
PLIC,12/2/2021,704.9,705.0,680.0,682.9,-3.13,6069.0,2900.0,134.0
PLIC,12/5/2021,670.0,677.0,643.0,651.0,-4.67,16866.0,2900.0,134.0
PLIC,12/6/2021,650.0,670.0,630.0,662.0,1.69,13320.0,2900.0,134.0
PLIC,12/7/2021,675.2,688.0,641.0,653.8,-1.24,8171.0,2900.0,134.0
PLIC,12/8/2021,650.0,650.0,635.0,639.0,-2.26,6783.0,2900.0,134.0
PLIC,12/9/2021,640.0,645.0,626.3,632.0,-1.1,8820.0,2900.0,134.0
PLIC,12/12/2021,632.0,639.0,612.3,612.3,-3.12,12138.0,2900.0,134.0
PLIC,12/13/2021,600.1,620.0,580.0,582.0,-4.95,8557.0,2900.0,134.0
PLIC,12/14/2021,593.0,612.0,590.0,612.0,5.15,5426.0,2900.0,134.0
PLIC,12/15/2021,624.0,648.0,588.0,595.0,-2.78,12285.0,2900.0,134.0
PLIC,12/16/2021,595.0,598.0,586.0,588.0,-1.18,2563.0,2900.0,134.0
PLIC,12/20/2021,578.0,587.0,570.0,573.1,-2.53,10537.0,2900.0,134.0
PLIC,12/21/2021,584.5,593.0,584.0,587.0,2.43,4595.0,2900.0,134.0
PLIC,12/22/2021,586.5,632.4,586.5,619.0,5.45,7746.0,2900.0,134.0
PLIC,12/23/2021,625.1,640.0,615.0,637.0,2.91,26458.0,2900.0,134.0
PLIC,12/26/2021,649.0,700.7,637.0,700.7,10.0,48962.0,2900.0,134.0
PLIC,12/27/2021,714.0,742.0,669.0,679.0,-3.1,56873.0,2900.0,134.0
PLIC,12/28/2021,671.0,690.0,666.0,686.0,1.03,7229.0,2900.0,134.0
PLIC,12/29/2021,686.0,696.6,676.0,695.9,1.44,8259.0,2900.0,134.0
PLIC,1/2/2022,700.0,721.0,690.0,720.0,3.46,13043.0,2900.0,134.0
PLIC,1/3/2022,720.0,733.0,711.0,715.1,-0.68,10386.0,2900.0,134.0
PLIC,1/4/2022,716.0,731.0,701.0,731.0,2.22,12809.0,2900.0,134.0
PLIC,1/5/2022,731.0,737.0,702.1,702.1,-3.95,22315.0,2900.0,134.0
PLIC,1/6/2022,716.0,716.0,705.0,713.9,1.68,7340.0,2900.0,134.0
PLIC,1/9/2022,726.0,737.0,723.0,726.0,1.69,17072.0,2900.0,134.0
PLIC,1/10/2022,727.0,760.0,725.0,753.0,3.72,37383.0,2900.0,134.0
PLIC,1/11/2022,742.0,808.7,740.1,787.0,4.52,26512.0,2900.0,134.0
PLIC,1/12/2022,773.0,789.0,758.0,758.0,-3.68,24302.0,2900.0,134.0
PLIC,1/13/2022,758.0,786.0,755.1,780.0,2.9,27534.0,2900.0,134.0
PLIC,1/16/2022,795.6,800.0,780.0,785.0,0.64,27888.0,2900.0,134.0
PLIC,1/17/2022,785.0,823.0,771.0,800.0,1.91,35623.0,2900.0,134.0
PLIC,1/18/2022,800.0,800.0,777.0,785.0,-1.88,20480.0,2900.0,134.0
PLIC,1/19/2022,778.0,794.0,774.0,779.0,-0.76,18236.0,2900.0,134.0
PLIC,1/20/2022,775.0,820.0,775.0,815.0,4.62,31117.0,2900.0,134.0
PLIC,1/23/2022,815.0,848.0,815.0,827.0,1.47,70466.0,2900.0,134.0
PLIC,1/24/2022,815.0,826.0,792.0,795.0,-3.87,52903.0,2900.0,134.0
PLIC,1/25/2022,780.0,816.0,779.1,797.0,0.25,25275.0,2900.0,134.0
PLIC,1/26/2022,800.0,800.0,775.0,780.1,-2.12,14208.0,2900.0,134.0
PLIC,1/27/2022,794.0,800.0,781.0,781.0,0.12,9027.0,2900.0,134.0
PLIC,1/30/2022,796.0,827.0,796.0,815.0,4.35,26012.0,2900.0,134.0
PLIC,1/31/2022,800.0,815.0,795.0,799.0,-1.96,4877.0,2900.0,134.0
PLIC,2/1/2022,790.1,805.0,789.7,804.0,0.63,7216.0,2900.0,134.0
PLIC,2/3/2022,804.0,815.0,788.0,793.0,-1.37,20473.0,2900.0,134.0
PLIC,2/6/2022,790.0,790.0,777.3,777.3,-1.98,8639.0,2900.0,134.0
PLIC,2/7/2022,763.0,795.0,763.0,784.1,0.87,14856.0,2900.0,134.0
PLIC,2/8/2022,799.0,805.0,769.0,772.1,-1.53,13615.0,2900.0,134.0
PLIC,2/9/2022,767.0,770.0,759.3,768.9,-0.41,7356.0,2900.0,134.0
PLIC,2/10/2022,757.1,776.0,757.1,775.0,0.79,7873.0,2900.0,134.0
PLIC,2/13/2022,760.0,760.0,733.0,740.0,-4.52,14205.0,2900.0,134.0
PLIC,2/14/2022,727.0,766.0,726.0,741.0,0.14,10566.0,2900.0,134.0
PLIC,2/15/2022,755.8,757.0,741.0,755.0,1.89,7523.0,2900.0,134.0
PLIC,2/16/2022,755.0,770.0,744.0,759.0,0.53,5323.0,2900.0,134.0
PLIC,2/17/2022,750.0,755.0,746.0,751.0,-1.05,2762.0,2900.0,134.0
PLIC,2/20/2022,742.0,763.0,724.0,730.1,-2.78,5165.0,2900.0,134.0
PLIC,2/21/2022,731.0,750.0,715.0,739.0,1.22,11183.0,2900.0,134.0
PLIC,2/22/2022,750.0,750.0,725.1,725.1,-1.88,3066.0,2900.0,134.0
PLIC,2/23/2022,739.5,739.5,713.0,720.0,-0.7,8982.0,2900.0,134.0
PLIC,2/24/2022,710.0,720.0,700.0,702.0,-2.5,10923.0,2900.0,134.0
PLIC,2/27/2022,700.0,715.0,691.0,694.0,-1.14,5828.0,2900.0,134.0
PLIC,2/28/2022,696.0,696.0,667.2,671.0,-3.31,8003.0,2900.0,134.0
PLIC,3/2/2022,671.0,683.0,646.8,660.0,-1.64,8949.0,2900.0,134.0
PLIC,3/6/2022,673.0,673.0,650.0,655.0,-0.76,4248.0,2900.0,134.0
PLIC,3/7/2022,668.0,668.0,640.0,643.9,-1.69,7638.0,2900.0,134.0
PLIC,3/9/2022,640.0,646.7,625.0,625.0,-2.94,7315.0,2900.0,134.0
PLIC,3/10/2022,613.5,655.0,613.0,655.0,4.8,6298.0,2900.0,134.0
PLIC,3/13/2022,661.0,700.0,661.0,699.9,6.85,8785.0,2900.0,134.0
PLIC,3/14/2022,690.0,724.0,686.0,709.0,1.3,7212.0,2900.0,134.0
PLIC,3/15/2022,722.0,736.4,711.0,736.4,3.86,23524.0,2900.0,134.0
PLIC,3/16/2022,744.9,750.0,727.1,734.0,-0.33,16298.0,2900.0,134.0
PLIC,3/20/2022,722.0,733.9,716.0,716.0,-2.45,16985.0,2900.0,134.0
PLIC,3/21/2022,716.0,739.0,705.0,734.0,2.51,4153.0,2900.0,134.0
PLIC,3/22/2022,737.0,744.0,725.0,734.0,0.0,5594.0,2900.0,134.0
PLIC,3/23/2022,721.2,730.0,715.2,730.0,-0.54,18561.0,2900.0,134.0
PLIC,3/24/2022,717.0,765.0,715.6,755.0,3.42,46351.0,2900.0,134.0
PLIC,3/27/2022,770.1,801.0,750.0,758.0,0.4,97935.0,2900.0,134.0
PLIC,3/28/2022,762.0,762.0,735.0,737.0,-2.77,25102.0,2900.0,134.0
PLIC,3/29/2022,745.0,745.0,730.0,733.0,-0.54,4378.0,2900.0,134.0
PLIC,3/30/2022,720.0,749.7,720.0,747.0,1.91,13512.0,2900.0,134.0
PLIC,3/31/2022,748.0,748.0,730.0,742.8,-0.56,7710.0,2900.0,134.0
PLIC,4/3/2022,740.0,740.0,729.0,729.1,-1.84,9556.0,2900.0,134.0
PLIC,4/4/2022,735.0,740.0,709.6,718.0,-1.52,15437.0,2900.0,134.0
PLIC,4/5/2022,707.0,707.0,686.0,690.0,-3.9,30354.0,2900.0,134.0
PLIC,4/6/2022,700.0,700.0,671.0,685.0,-0.72,11020.0,2900.0,134.0
PLIC,4/7/2022,690.0,711.0,686.0,709.0,3.5,17671.0,2900.0,134.0
PLIC,4/11/2022,706.0,725.0,690.0,690.0,-2.68,17960.0,2900.0,134.0
PLIC,4/12/2022,677.0,700.0,671.1,671.1,-2.74,8928.0,2900.0,134.0
PLIC,4/13/2022,665.0,696.0,660.0,675.1,0.6,4868.0,2900.0,134.0
PLIC,4/17/2022,663.0,680.0,651.0,662.0,-1.94,4930.0,2900.0,134.0
PLIC,4/18/2022,655.0,656.0,642.9,645.0,-2.57,12995.0,2900.0,134.0
PLIC,4/19/2022,640.0,666.5,636.5,649.0,0.62,7917.0,2900.0,134.0
PLIC,4/20/2022,654.0,654.0,633.0,633.0,-2.47,4342.0,2900.0,134.0
PLIC,4/21/2022,630.0,647.7,626.3,630.2,-0.44,12185.0,2900.0,134.0
PLIC,4/24/2022,641.0,677.8,638.0,666.1,5.7,8417.0,2900.0,134.0
PLIC,4/25/2022,679.4,690.0,654.0,655.0,-1.67,11387.0,2900.0,134.0
PLIC,4/26/2022,654.0,664.1,651.1,655.0,0.0,9230.0,2900.0,134.0
PLIC,4/27/2022,668.1,668.1,640.0,655.0,0.0,4196.0,2900.0,134.0
PLIC,4/28/2022,662.9,662.9,643.1,655.0,0.0,3206.0,2900.0,134.0
PLIC,5/2/2022,645.0,645.0,623.2,631.8,-3.54,24630.0,2900.0,134.0
PLIC,5/4/2022,621.0,641.0,613.0,620.0,-1.87,8932.0,2900.0,134.0
PLIC,5/5/2022,615.0,625.0,595.0,600.0,-3.23,15579.0,2900.0,134.0
PLIC,5/8/2022,598.0,599.0,570.0,593.0,-1.17,15752.0,2900.0,134.0
PLIC,5/9/2022,582.2,599.0,578.0,580.0,-2.19,10495.0,2900.0,134.0
PLIC,5/10/2022,590.0,603.0,585.1,599.0,3.28,2631.0,2900.0,134.0
PLIC,5/11/2022,610.0,616.0,600.0,616.0,2.84,6510.0,2900.0,134.0
PLIC,5/12/2022,616.0,627.0,569.0,569.0,-7.63,134602.0,2900.0,134.0
PLIC,1/31/2023,513.6,533.0,477.3,477.3,-16.12,57575.0,2900.0,134.0
PLIC,2/1/2023,485.0,487.0,477.0,477.7,0.08,13917.0,2900.0,134.0
PLIC,2/2/2023,486.9,490.0,459.0,466.0,-2.45,10335.0,2900.0,134.0
PLIC,2/5/2023,466.0,470.0,448.1,448.1,-3.84,20028.0,2900.0,134.0
PLIC,2/6/2023,448.0,461.0,441.0,449.0,0.2,20845.0,2900.0,134.0
PLIC,2/7/2023,450.0,468.0,450.0,468.0,4.23,22980.0,2900.0,134.0
PLIC,2/8/2023,477.3,486.8,468.0,480.0,2.56,48666.0,2900.0,134.0
PLIC,2/9/2023,476.0,504.9,475.0,504.0,5.0,24539.0,2900.0,134.0
PLIC,2/12/2023,494.0,494.0,468.0,475.0,-5.75,55100.0,2900.0,134.0
PLIC,2/14/2023,470.0,481.0,465.4,465.4,-2.02,15362.0,2900.0,134.0
PLIC,2/15/2023,473.0,474.1,460.0,460.0,-1.16,9534.0,2900.0,134.0
PLIC,2/16/2023,452.2,461.0,452.2,453.0,-1.52,8355.0,2900.0,134.0
PLIC,2/20/2023,448.0,452.0,439.0,439.1,-3.07,13463.0,2900.0,134.0
PLIC,2/22/2023,447.8,454.0,440.3,449.2,2.3,10161.0,2900.0,134.0
PLIC,2/23/2023,447.0,448.0,436.0,436.0,-2.94,8832.0,2900.0,134.0
PLIC,2/26/2023,428.0,444.5,420.2,443.7,1.77,6821.0,2900.0,134.0
PLIC,2/27/2023,440.0,461.5,430.3,439.0,-1.06,13033.0,2900.0,134.0
PLIC,2/28/2023,442.0,447.7,437.0,440.0,0.23,1677.0,2900.0,134.0
PLIC,3/1/2023,433.3,441.0,430.0,431.2,-2.0,5956.0,2900.0,134.0
PLIC,3/2/2023,426.0,430.9,423.0,423.0,-1.9,4703.0,2900.0,134.0
PLIC,3/5/2023,422.0,425.0,403.7,404.0,-4.49,15157.0,2900.0,134.0
PLIC,3/7/2023,412.0,420.0,410.0,414.9,2.7,7762.0,2900.0,134.0
PLIC,3/9/2023,423.1,425.0,417.0,422.0,1.71,6216.0,2900.0,134.0
PLIC,3/12/2023,423.1,426.2,415.0,418.0,-0.95,8119.0,2900.0,134.0
PLIC,3/13/2023,411.0,418.0,406.1,407.0,-2.63,5879.0,2900.0,134.0
PLIC,3/14/2023,407.0,418.0,406.0,413.0,1.47,14339.0,2900.0,134.0
PLIC,3/15/2023,405.1,411.9,405.1,407.0,-1.45,7936.0,2900.0,134.0
PLIC,3/16/2023,400.4,408.0,400.4,401.3,-1.4,7542.0,2900.0,134.0
PLIC,3/19/2023,400.0,406.9,400.0,401.0,-0.07,6760.0,2900.0,134.0
PLIC,3/20/2023,407.9,409.0,401.4,408.0,1.75,3485.0,2900.0,134.0
PLIC,3/22/2023,407.0,415.9,403.0,410.0,0.49,8444.0,2900.0,134.0
PLIC,3/23/2023,405.0,410.0,402.0,405.0,-1.22,3426.0,2900.0,134.0
PLIC,3/26/2023,405.0,405.1,395.5,397.0,-1.98,12923.0,2900.0,134.0
PLIC,3/27/2023,393.0,411.9,392.3,411.9,3.75,18962.0,2900.0,134.0
PLIC,3/28/2023,405.0,420.0,405.0,414.0,0.51,16042.0,2900.0,134.0
PLIC,3/29/2023,413.0,413.0,405.4,406.0,-1.93,7559.0,2900.0,134.0
PLIC,3/30/2023,407.0,413.0,403.0,403.0,-0.74,7359.0,2900.0,134.0
PLIC,4/2/2023,411.0,411.0,400.0,400.0,-0.74,7154.0,2900.0,134.0
PLIC,4/3/2023,396.0,405.0,394.2,397.0,-0.75,9003.0,2900.0,134.0
PLIC,4/4/2023,395.0,399.0,392.0,395.0,-0.5,6626.0,2900.0,134.0
PLIC,4/5/2023,395.0,395.0,381.3,387.0,-2.03,18138.0,2900.0,134.0
PLIC,4/6/2023,392.0,392.0,381.0,381.0,-1.55,12123.0,2900.0,134.0
PLIC,4/9/2023,377.1,380.0,367.0,368.0,-3.41,8651.0,2900.0,134.0
PLIC,4/10/2023,375.0,375.0,362.2,365.0,-0.82,9459.0,2900.0,134.0
PLIC,4/11/2023,363.1,372.3,363.1,371.9,1.89,8813.0,2900.0,134.0
PLIC,4/12/2023,375.0,390.0,375.0,389.9,4.84,12348.0,2900.0,134.0
PLIC,4/13/2023,385.1,405.0,385.0,388.9,-0.26,18756.0,2900.0,134.0
PLIC,4/16/2023,384.0,390.0,381.2,386.0,-0.75,3927.0,2900.0,134.0
PLIC,4/17/2023,389.0,389.0,378.8,386.0,0.0,6127.0,2900.0,134.0
PLIC,4/18/2023,386.0,387.0,378.8,381.0,-1.3,3011.0,2900.0,134.0
PLIC,4/19/2023,388.0,388.0,375.2,381.9,0.24,2314.0,2900.0,134.0
PLIC,4/20/2023,375.0,389.9,375.0,376.2,-1.49,4167.0,2900.0,134.0
PLIC,4/23/2023,376.0,376.0,369.1,370.0,-1.65,10348.0,2900.0,134.0
PLIC,4/24/2023,362.6,372.9,362.6,372.0,0.54,2983.0,2900.0,134.0
PLIC,4/25/2023,374.3,378.0,373.0,374.0,0.54,3992.0,2900.0,134.0
PLIC,4/26/2023,372.1,381.4,360.1,366.9,-1.9,19093.0,2900.0,134.0
PLIC,4/27/2023,372.8,372.8,362.3,371.9,1.36,3235.0,2900.0,134.0
PLIC,4/30/2023,367.0,367.0,364.0,364.0,-2.12,4482.0,2900.0,134.0
PLIC,5/2/2023,366.0,367.0,362.0,365.7,0.47,3493.0,2900.0,134.0
PLIC,5/3/2023,360.2,365.8,355.0,362.0,-1.01,8435.0,2900.0,134.0
PLIC,5/4/2023,358.0,359.3,351.0,359.3,-0.75,12067.0,2900.0,134.0
PLIC,5/7/2023,352.2,355.0,347.0,353.7,-1.56,8720.0,2900.0,134.0
PLIC,5/8/2023,350.0,352.0,340.0,340.0,-3.87,18155.0,2900.0,134.0
PMHPL,12/11/2018,120.0,120.0,117.0,117.0,,540.0,428.0,287.0
PMHPL,12/12/2018,115.0,120.0,113.0,120.0,2.56,420.0,428.0,287.0
PMHPL,12/13/2018,118.0,122.0,116.0,116.0,-3.33,670.0,428.0,287.0
PMHPL,12/16/2018,116.0,120.0,116.0,120.0,3.45,390.0,428.0,287.0
PMHPL,12/17/2018,118.0,120.0,117.0,120.0,0.0,160.0,428.0,287.0
PMHPL,12/18/2018,117.0,120.0,116.0,118.0,-1.67,1350.0,428.0,287.0
PMHPL,12/19/2018,116.0,119.0,116.0,116.0,-1.69,1411.0,428.0,287.0
PMHPL,12/20/2018,114.0,117.0,113.0,115.0,-0.86,1010.0,428.0,287.0
PMHPL,12/23/2018,117.0,119.0,114.0,115.0,0.0,1440.0,428.0,287.0
PMHPL,12/24/2018,113.0,113.0,110.0,113.0,-1.74,2140.0,428.0,287.0
PMHPL,12/25/2018,111.0,112.0,109.0,110.0,-2.65,590.0,428.0,287.0
PMHPL,12/26/2018,110.0,115.0,110.0,114.0,3.64,1680.0,428.0,287.0
PMHPL,12/27/2018,112.0,114.0,111.0,112.0,-1.75,740.0,428.0,287.0
PMHPL,12/30/2018,110.0,112.0,109.0,112.0,0.0,440.0,428.0,287.0
PMHPL,12/31/2018,112.0,115.0,112.0,113.0,0.89,450.0,428.0,287.0
PMHPL,1/1/2019,113.0,115.0,112.0,114.0,0.88,550.0,428.0,287.0
PMHPL,1/2/2019,113.0,115.0,113.0,114.0,0.0,200.0,428.0,287.0
PMHPL,1/3/2019,112.0,116.0,112.0,116.0,1.75,430.0,428.0,287.0
PMHPL,1/6/2019,114.0,115.0,114.0,115.0,-0.86,360.0,428.0,287.0
PMHPL,1/7/2019,113.0,118.0,113.0,115.0,0.0,460.0,428.0,287.0
PMHPL,1/8/2019,114.0,117.0,114.0,115.0,0.0,590.0,428.0,287.0
PMHPL,1/9/2019,113.0,119.0,113.0,118.0,2.61,1010.0,428.0,287.0
PMHPL,1/10/2019,118.0,118.0,114.0,115.0,-2.54,480.0,428.0,287.0
PMHPL,1/13/2019,113.0,115.0,109.0,113.0,-1.74,1740.0,428.0,287.0
PMHPL,1/14/2019,111.0,116.0,111.0,116.0,2.65,130.0,428.0,287.0
PMHPL,1/15/2019,116.0,118.0,113.0,118.0,1.72,894.0,428.0,287.0
PMHPL,1/16/2019,118.0,120.0,115.0,115.0,-2.54,1110.0,428.0,287.0
PMHPL,1/17/2019,113.0,116.0,111.0,113.0,-1.74,1370.0,428.0,287.0
PMHPL,1/20/2019,111.0,111.0,108.0,110.0,-2.65,830.0,428.0,287.0
PMHPL,1/21/2019,108.0,110.0,106.0,108.0,-1.82,1450.0,428.0,287.0
PMHPL,1/22/2019,106.0,112.0,106.0,108.0,0.0,1300.0,428.0,287.0
PMHPL,1/23/2019,108.0,110.0,104.0,104.0,-3.7,2960.0,428.0,287.0
PMHPL,1/24/2019,104.0,109.0,104.0,105.0,0.96,2010.0,428.0,287.0
PMHPL,1/27/2019,103.0,109.0,103.0,105.0,0.0,1560.0,428.0,287.0
PMHPL,1/28/2019,103.0,107.0,103.0,105.0,0.0,2600.0,428.0,287.0
PMHPL,1/29/2019,105.0,107.0,104.0,106.0,0.95,1240.0,428.0,287.0
PMHPL,1/30/2019,106.0,110.0,105.0,109.0,2.83,1720.0,428.0,287.0
PMHPL,1/31/2019,107.0,110.0,105.0,107.0,-1.83,1020.0,428.0,287.0
PMHPL,2/3/2019,105.0,109.0,105.0,109.0,1.87,950.0,428.0,287.0
PMHPL,2/4/2019,107.0,108.0,103.0,108.0,-0.92,2042.0,428.0,287.0
PMHPL,2/5/2019,106.0,108.0,106.0,106.0,-1.85,3550.0,428.0,287.0
PMHPL,2/6/2019,105.0,109.0,105.0,108.0,1.89,3210.0,428.0,287.0
PMHPL,2/7/2019,106.0,109.0,104.0,109.0,0.93,2390.0,428.0,287.0
PMHPL,2/10/2019,107.0,107.0,106.0,107.0,-1.83,960.0,428.0,287.0
PMHPL,2/11/2019,106.0,109.0,106.0,108.0,0.93,1590.0,428.0,287.0
PMHPL,2/12/2019,108.0,109.0,107.0,108.0,0.0,860.0,428.0,287.0
PMHPL,2/13/2019,107.0,109.0,107.0,108.0,0.0,1070.0,428.0,287.0
PMHPL,2/14/2019,106.0,107.0,104.0,105.0,-2.78,3110.0,428.0,287.0
PMHPL,2/17/2019,105.0,110.0,105.0,110.0,4.76,11100.0,428.0,287.0
PMHPL,2/18/2019,109.0,109.0,105.0,107.0,-2.73,770.0,428.0,287.0
PMHPL,2/19/2019,106.0,108.0,105.0,107.0,0.0,5120.0,428.0,287.0
PMHPL,2/20/2019,105.0,108.0,105.0,106.0,-0.93,550.0,428.0,287.0
PMHPL,2/21/2019,105.0,108.0,105.0,106.0,0.0,800.0,428.0,287.0
PMHPL,2/24/2019,105.0,107.0,105.0,105.0,-0.94,1080.0,428.0,287.0
PMHPL,2/25/2019,105.0,107.0,105.0,106.0,0.95,3340.0,428.0,287.0
PMHPL,2/26/2019,105.0,109.0,105.0,108.0,1.89,550.0,428.0,287.0
PMHPL,2/27/2019,107.0,109.0,107.0,107.0,-0.93,310.0,428.0,287.0
PMHPL,3/3/2019,106.0,109.0,106.0,108.0,0.93,1150.0,428.0,287.0
PMHPL,3/5/2019,106.0,109.0,106.0,108.0,0.0,457.0,428.0,287.0
PMHPL,3/6/2019,107.0,110.0,107.0,110.0,1.85,4420.0,428.0,287.0
PMHPL,3/7/2019,108.0,114.0,108.0,112.0,1.82,1270.0,428.0,287.0
PMHPL,3/10/2019,110.0,110.0,109.0,109.0,-2.68,380.0,428.0,287.0
PMHPL,3/11/2019,109.0,112.0,109.0,111.0,1.83,1250.0,428.0,287.0
PMHPL,3/12/2019,111.0,114.0,111.0,112.0,0.9,770.0,428.0,287.0
PMHPL,3/13/2019,110.0,112.0,110.0,112.0,0.0,451.0,428.0,287.0
PMHPL,3/14/2019,110.0,113.0,110.0,112.0,0.0,610.0,428.0,287.0
PMHPL,3/17/2019,111.0,116.0,111.0,114.0,1.79,520.0,428.0,287.0
PMHPL,3/18/2019,112.0,116.0,112.0,113.0,-0.88,2010.0,428.0,287.0
PMHPL,3/19/2019,113.0,113.0,111.0,112.0,-0.88,390.0,428.0,287.0
PMHPL,3/21/2019,110.0,113.0,110.0,112.0,0.0,560.0,428.0,287.0
PMHPL,3/24/2019,112.0,114.0,111.0,112.0,0.0,1730.0,428.0,287.0
PMHPL,3/25/2019,110.0,113.0,110.0,112.0,0.0,1150.0,428.0,287.0
PMHPL,3/26/2019,111.0,113.0,111.0,113.0,0.89,1520.0,428.0,287.0
PMHPL,3/27/2019,111.0,115.0,111.0,113.0,0.0,1130.0,428.0,287.0
PMHPL,3/28/2019,113.0,115.0,112.0,113.0,0.0,1070.0,428.0,287.0
PMHPL,3/31/2019,111.0,112.0,110.0,111.0,-1.77,1100.0,428.0,287.0
PMHPL,4/1/2019,110.0,113.0,109.0,111.0,0.0,1160.0,428.0,287.0
PMHPL,4/2/2019,110.0,112.0,109.0,110.0,-0.9,1250.0,428.0,287.0
PMHPL,4/3/2019,111.0,111.0,108.0,111.0,0.91,700.0,428.0,287.0
PMHPL,4/4/2019,109.0,112.0,108.0,110.0,-0.9,850.0,428.0,287.0
PMHPL,4/7/2019,108.0,110.0,106.0,110.0,0.0,1510.0,428.0,287.0
PMHPL,4/8/2019,108.0,116.0,108.0,116.0,5.45,1460.0,428.0,287.0
PMHPL,4/9/2019,114.0,114.0,108.0,109.0,-6.03,360.0,428.0,287.0
PMHPL,4/10/2019,109.0,113.0,109.0,112.0,2.75,600.0,428.0,287.0
PMHPL,4/11/2019,110.0,112.0,108.0,111.0,-0.89,1330.0,428.0,287.0
PMHPL,4/15/2019,110.0,111.0,109.0,109.0,-1.8,810.0,428.0,287.0
PMHPL,4/16/2019,109.0,113.0,109.0,111.0,1.83,770.0,428.0,287.0
PMHPL,4/17/2019,110.0,112.0,110.0,111.0,0.0,570.0,428.0,287.0
PMHPL,4/18/2019,110.0,112.0,110.0,110.0,-0.9,530.0,428.0,287.0
PMHPL,4/21/2019,108.0,113.0,108.0,111.0,0.91,1120.0,428.0,287.0
PMHPL,4/22/2019,110.0,113.0,110.0,111.0,0.0,6531.0,428.0,287.0
PMHPL,4/23/2019,109.0,112.0,109.0,111.0,0.0,690.0,428.0,287.0
PMHPL,4/24/2019,109.0,112.0,109.0,111.0,0.0,740.0,428.0,287.0
PMHPL,4/25/2019,109.0,109.0,108.0,109.0,-1.8,550.0,428.0,287.0
PMHPL,4/28/2019,108.0,114.0,108.0,110.0,0.92,2170.0,428.0,287.0
PMHPL,4/29/2019,108.0,110.0,105.0,108.0,-1.82,6680.0,428.0,287.0
PMHPL,4/30/2019,106.0,115.0,106.0,113.0,4.63,2810.0,428.0,287.0
PMHPL,5/2/2019,112.0,118.0,112.0,115.0,1.77,4230.0,428.0,287.0
PMHPL,5/5/2019,113.0,113.0,109.0,111.0,-3.48,680.0,428.0,287.0
PMHPL,5/6/2019,112.0,113.0,110.0,111.0,0.0,450.0,428.0,287.0
PMHPL,5/7/2019,110.0,113.0,109.0,111.0,0.0,660.0,428.0,287.0
PMHPL,5/8/2019,110.0,116.0,110.0,114.0,2.7,1490.0,428.0,287.0
PMHPL,5/9/2019,112.0,114.0,112.0,112.0,-1.75,260.0,428.0,287.0
PMHPL,5/12/2019,110.0,116.0,109.0,115.0,2.68,2154.0,428.0,287.0
PMHPL,5/13/2019,114.0,116.0,113.0,114.0,-0.87,610.0,428.0,287.0
PMHPL,5/14/2019,112.0,113.0,111.0,112.0,-1.75,450.0,428.0,287.0
PMHPL,5/15/2019,110.0,110.0,108.0,109.0,-2.68,2400.0,428.0,287.0
PMHPL,5/16/2019,108.0,113.0,108.0,111.0,1.83,1520.0,428.0,287.0
PMHPL,5/19/2019,108.0,112.0,108.0,109.0,-1.8,460.0,428.0,287.0
PMHPL,5/20/2019,108.0,112.0,107.0,110.0,0.92,950.0,428.0,287.0
PMHPL,5/21/2019,109.0,113.0,109.0,113.0,2.73,580.0,428.0,287.0
PMHPL,5/22/2019,111.0,121.0,111.0,117.0,3.54,7050.0,428.0,287.0
PMHPL,5/23/2019,115.0,116.0,112.0,113.0,-3.42,1910.0,428.0,287.0
PMHPL,5/26/2019,113.0,113.0,110.0,111.0,-1.77,610.0,428.0,287.0
PMHPL,5/27/2019,111.0,115.0,111.0,111.0,0.0,1980.0,428.0,287.0
PMHPL,5/28/2019,109.0,110.0,107.0,109.0,-1.8,920.0,428.0,287.0
PMHPL,5/29/2019,107.0,111.0,107.0,109.0,0.0,630.0,428.0,287.0
PMHPL,5/30/2019,107.0,112.0,106.0,109.0,0.0,1840.0,428.0,287.0
PMHPL,6/2/2019,109.0,110.0,108.0,109.0,0.0,340.0,428.0,287.0
PMHPL,6/3/2019,109.0,111.0,106.0,108.0,-0.92,230.0,428.0,287.0
PMHPL,6/4/2019,106.0,109.0,106.0,109.0,0.93,3810.0,428.0,287.0
PMHPL,6/6/2019,110.0,110.0,105.0,107.0,-1.83,470.0,428.0,287.0
PMHPL,6/10/2019,105.0,108.0,105.0,106.0,-0.93,460.0,428.0,287.0
PMHPL,6/11/2019,107.0,112.0,107.0,112.0,5.66,690.0,428.0,287.0
PMHPL,6/13/2019,110.0,112.0,106.0,112.0,0.0,590.0,428.0,287.0
PMHPL,6/16/2019,110.0,115.0,110.0,115.0,2.68,130.0,428.0,287.0
PMHPL,6/17/2019,105.0,113.0,105.0,113.0,-1.74,360.0,428.0,287.0
PMHPL,6/18/2019,105.0,109.0,105.0,107.0,-5.31,510.0,428.0,287.0
PMHPL,6/19/2019,105.0,110.0,105.0,110.0,2.8,3580.0,428.0,287.0
PMHPL,6/20/2019,108.0,112.0,106.0,112.0,1.82,470.0,428.0,287.0
PMHPL,6/23/2019,110.0,110.0,110.0,110.0,-1.79,500.0,428.0,287.0
PMHPL,6/24/2019,108.0,108.0,106.0,106.0,-3.64,500.0,428.0,287.0
PMHPL,6/25/2019,106.0,108.0,106.0,107.0,0.94,230.0,428.0,287.0
PMHPL,6/26/2019,107.0,108.0,106.0,106.0,-0.93,520.0,428.0,287.0
PMHPL,6/27/2019,106.0,110.0,106.0,106.0,0.0,1550.0,428.0,287.0
PMHPL,6/30/2019,105.0,107.0,105.0,105.0,-0.94,970.0,428.0,287.0
PMHPL,7/1/2019,105.0,107.0,104.0,107.0,1.9,495.0,428.0,287.0
PMHPL,7/2/2019,106.0,106.0,105.0,105.0,-1.87,290.0,428.0,287.0
PMHPL,7/3/2019,103.0,106.0,103.0,105.0,0.0,700.0,428.0,287.0
PMHPL,7/4/2019,105.0,105.0,103.0,105.0,0.0,290.0,428.0,287.0
PMHPL,7/7/2019,103.0,105.0,102.0,103.0,-1.9,290.0,428.0,287.0
PMHPL,7/8/2019,102.0,104.0,102.0,102.0,-0.97,846.0,428.0,287.0
PMHPL,7/9/2019,102.0,104.0,102.0,104.0,1.96,340.0,428.0,287.0
PMHPL,7/10/2019,102.0,103.0,102.0,102.0,-1.92,240.0,428.0,287.0
PMHPL,7/11/2019,102.0,103.0,102.0,102.0,0.0,2370.0,428.0,287.0
PMHPL,7/14/2019,101.0,108.0,101.0,108.0,5.88,606.0,428.0,287.0
PMHPL,7/15/2019,106.0,109.0,106.0,107.0,-0.93,1190.0,428.0,287.0
PMHPL,7/16/2019,105.0,110.0,101.0,110.0,2.8,2626.0,428.0,287.0
PMHPL,7/17/2019,112.0,112.0,107.0,108.0,-1.82,370.0,428.0,287.0
PMHPL,7/18/2019,108.0,109.0,107.0,107.0,-0.93,140.0,428.0,287.0
PMHPL,7/21/2019,110.0,110.0,110.0,110.0,2.8,10.0,428.0,287.0
PMHPL,7/22/2019,108.0,110.0,106.0,108.0,-1.82,1320.0,428.0,287.0
PMHPL,7/23/2019,106.0,106.0,104.0,105.0,-2.78,240.0,428.0,287.0
PMHPL,7/24/2019,104.0,108.0,104.0,107.0,1.9,580.0,428.0,287.0
PMHPL,7/25/2019,105.0,105.0,104.0,104.0,-2.8,700.0,428.0,287.0
PMHPL,7/28/2019,105.0,105.0,103.0,103.0,-0.96,430.0,428.0,287.0
PMHPL,7/29/2019,105.0,107.0,103.0,103.0,0.0,850.0,428.0,287.0
PMHPL,7/30/2019,102.0,106.0,102.0,104.0,0.97,320.0,428.0,287.0
PMHPL,7/31/2019,102.0,107.0,102.0,107.0,2.88,1631.0,428.0,287.0
PMHPL,8/1/2019,108.0,110.0,102.0,104.0,-2.8,770.0,428.0,287.0
PMHPL,8/4/2019,102.0,104.0,102.0,103.0,-0.96,944.0,428.0,287.0
PMHPL,8/5/2019,103.0,104.0,103.0,103.0,0.0,310.0,428.0,287.0
PMHPL,8/6/2019,103.0,105.0,103.0,103.0,0.0,820.0,428.0,287.0
PMHPL,8/7/2019,102.0,105.0,102.0,104.0,0.97,230.0,428.0,287.0
PMHPL,8/8/2019,103.0,104.0,101.0,102.0,-1.92,380.0,428.0,287.0
PMHPL,8/11/2019,101.0,102.0,101.0,101.0,-0.98,740.0,428.0,287.0
PMHPL,8/12/2019,100.0,103.0,100.0,101.0,0.0,540.0,428.0,287.0
PMHPL,8/13/2019,101.0,103.0,101.0,102.0,0.99,500.0,428.0,287.0
PMHPL,8/14/2019,101.0,103.0,101.0,102.0,0.0,540.0,428.0,287.0
PMHPL,8/15/2019,100.0,102.0,100.0,101.0,-0.98,550.0,428.0,287.0
PMHPL,8/18/2019,100.0,102.0,100.0,102.0,0.99,600.0,428.0,287.0
PMHPL,8/19/2019,100.0,101.0,100.0,100.0,-1.96,670.0,428.0,287.0
PMHPL,8/20/2019,98.0,99.0,100.0,102.0,2.0,350.0,428.0,287.0
PMHPL,8/21/2019,100.0,99.0,100.0,101.0,-0.98,610.0,428.0,287.0
PMHPL,8/22/2019,99.0,102.0,99.0,102.0,0.99,280.0,428.0,287.0
PMHPL,8/25/2019,100.0,102.0,99.0,102.0,0.0,510.0,428.0,287.0
PMHPL,8/26/2019,98.0,102.0,98.0,100.0,-1.96,500.0,428.0,287.0
PMHPL,8/27/2019,98.0,100.0,97.0,99.0,-1.0,280.0,428.0,287.0
PMHPL,8/28/2019,99.0,100.0,98.0,100.0,1.01,300.0,428.0,287.0
PMHPL,8/29/2019,98.0,100.0,98.0,99.0,-1.0,170.0,428.0,287.0
PMHPL,9/1/2019,98.0,99.0,98.0,98.0,-1.01,310.0,428.0,287.0
PMHPL,9/2/2019,98.0,98.0,94.0,94.0,-4.08,930.0,428.0,287.0
PMHPL,9/3/2019,94.0,97.0,93.0,97.0,3.19,670.0,428.0,287.0
PMHPL,9/4/2019,96.0,97.0,95.0,97.0,0.0,410.0,428.0,287.0
PMHPL,9/5/2019,96.0,98.0,96.0,97.0,0.0,1810.0,428.0,287.0
PMHPL,9/8/2019,98.0,99.0,96.0,96.0,-1.03,340.0,428.0,287.0
PMHPL,9/9/2019,97.0,99.0,97.0,98.0,2.08,440.0,428.0,287.0
PMHPL,9/10/2019,97.0,100.0,97.0,97.0,-1.02,740.0,428.0,287.0
PMHPL,9/11/2019,96.0,98.0,95.0,97.0,0.0,390.0,428.0,287.0
PMHPL,9/12/2019,98.0,100.0,96.0,98.0,1.03,330.0,428.0,287.0
PMHPL,9/15/2019,97.0,97.0,96.0,96.0,-2.04,430.0,428.0,287.0
PMHPL,9/16/2019,97.0,97.0,93.0,94.0,-2.08,350.0,428.0,287.0
PMHPL,9/17/2019,93.0,94.0,92.0,94.0,0.0,660.0,428.0,287.0
PMHPL,9/18/2019,93.0,94.0,93.0,94.0,0.0,340.0,428.0,287.0
PMHPL,9/19/2019,93.0,94.0,92.0,92.0,-2.13,260.0,428.0,287.0
PMHPL,9/22/2019,93.0,94.0,92.0,92.0,0.0,260.0,428.0,287.0
PMHPL,9/23/2019,92.0,92.0,89.0,89.0,-3.26,290.0,428.0,287.0
PMHPL,9/24/2019,88.0,89.0,88.0,89.0,0.0,160.0,428.0,287.0
PMHPL,9/25/2019,88.0,90.0,87.0,87.0,-2.25,370.0,428.0,287.0
PMHPL,9/26/2019,88.0,89.0,87.0,87.0,0.0,220.0,428.0,287.0
PMHPL,9/29/2019,86.0,86.0,86.0,86.0,-1.15,110.0,428.0,287.0
PMHPL,9/30/2019,86.0,89.0,85.0,89.0,3.49,320.0,428.0,287.0
PMHPL,10/1/2019,88.0,90.0,87.0,89.0,0.0,130.0,428.0,287.0
PMHPL,10/2/2019,88.0,90.0,88.0,90.0,1.12,40.0,428.0,287.0
PMHPL,10/3/2019,89.0,90.0,89.0,90.0,0.0,50.0,428.0,287.0
PMHPL,10/10/2019,89.0,89.0,89.0,89.0,-1.11,60.0,428.0,287.0
PMHPL,10/14/2019,88.0,88.0,88.0,88.0,-1.12,140.0,428.0,287.0
PMHPL,10/15/2019,88.0,90.0,87.0,90.0,2.27,110.0,428.0,287.0
PMHPL,10/16/2019,90.0,91.0,89.0,89.0,-1.11,190.0,428.0,287.0
PMHPL,10/17/2019,90.0,90.0,89.0,89.0,0.0,360.0,428.0,287.0
PMHPL,10/31/2019,88.0,88.0,84.0,84.0,-5.62,200.0,428.0,287.0
PMHPL,11/3/2019,85.0,86.0,84.0,85.0,1.19,270.0,428.0,287.0
PMHPL,11/4/2019,85.0,86.0,84.0,85.0,0.0,230.0,428.0,287.0
PMHPL,11/5/2019,84.0,86.0,84.0,86.0,1.18,60.0,428.0,287.0
PMHPL,11/6/2019,85.0,85.0,85.0,85.0,-1.16,40.0,428.0,287.0
PMHPL,11/7/2019,86.0,86.0,85.0,86.0,1.18,150.0,428.0,287.0
PMHPL,11/10/2019,86.0,87.0,86.0,86.0,0.0,260.0,428.0,287.0
PMHPL,11/11/2019,87.0,89.0,87.0,89.0,3.49,100.0,428.0,287.0
PMHPL,11/13/2019,89.0,89.0,87.0,88.0,-1.12,160.0,428.0,287.0
PMHPL,11/14/2019,88.0,88.0,84.0,84.0,-4.55,180.0,428.0,287.0
PMHPL,11/17/2019,85.0,86.0,84.0,86.0,2.38,240.0,428.0,287.0
PMHPL,11/19/2019,85.0,85.0,83.0,84.0,-2.33,200.0,428.0,287.0
PMHPL,11/20/2019,84.0,84.0,83.0,83.0,-1.19,290.0,428.0,287.0
PMHPL,11/21/2019,82.0,84.0,82.0,83.0,0.0,130.0,428.0,287.0
PMHPL,11/24/2019,83.0,83.0,81.0,82.0,-1.2,320.0,428.0,287.0
PMHPL,11/25/2019,81.0,81.0,75.0,77.0,-6.1,790.0,428.0,287.0
PMHPL,11/26/2019,76.0,78.0,76.0,77.0,0.0,470.0,428.0,287.0
PMHPL,11/27/2019,76.0,79.0,76.0,79.0,2.6,90.0,428.0,287.0
PMHPL,11/28/2019,78.0,79.0,77.0,79.0,0.0,160.0,428.0,287.0
PMHPL,12/1/2019,80.0,80.0,79.0,80.0,1.27,150.0,428.0,287.0
PMHPL,12/2/2019,80.0,83.0,80.0,81.0,1.25,150.0,428.0,287.0
PMHPL,12/3/2019,81.0,84.0,81.0,84.0,3.7,100.0,428.0,287.0
PMHPL,12/4/2019,83.0,84.0,83.0,84.0,0.0,170.0,428.0,287.0
PMHPL,12/5/2019,84.0,85.0,84.0,84.0,0.0,160.0,428.0,287.0
PMHPL,12/8/2019,83.0,85.0,83.0,84.0,0.0,220.0,428.0,287.0
PMHPL,12/9/2019,85.0,87.0,85.0,85.0,1.19,130.0,428.0,287.0
PMHPL,12/10/2019,84.0,86.0,84.0,85.0,0.0,200.0,428.0,287.0
PMHPL,12/11/2019,84.0,85.0,83.0,84.0,-1.18,210.0,428.0,287.0
PMHPL,12/12/2019,83.0,85.0,83.0,85.0,1.19,350.0,428.0,287.0
PMHPL,12/15/2019,84.0,87.0,84.0,87.0,2.35,440.0,428.0,287.0
PMHPL,12/16/2019,87.0,88.0,87.0,88.0,1.15,280.0,428.0,287.0
PMHPL,12/17/2019,87.0,87.0,86.0,86.0,-2.27,390.0,428.0,287.0
PMHPL,12/18/2019,85.0,88.0,85.0,86.0,0.0,230.0,428.0,287.0
PMHPL,12/19/2019,85.0,85.0,85.0,85.0,-1.16,130.0,428.0,287.0
PMHPL,12/22/2019,84.0,85.0,84.0,85.0,0.0,90.0,428.0,287.0
PMHPL,12/23/2019,86.0,87.0,85.0,87.0,2.35,670.0,428.0,287.0
PMHPL,12/24/2019,86.0,88.0,86.0,87.0,0.0,140.0,428.0,287.0
PMHPL,12/25/2019,86.0,86.0,85.0,86.0,-1.15,60.0,428.0,287.0
PMHPL,12/26/2019,85.0,85.0,85.0,85.0,-1.16,150.0,428.0,287.0
PMHPL,12/29/2019,84.0,84.0,84.0,84.0,-1.18,210.0,428.0,287.0
PMHPL,12/30/2019,84.0,85.0,84.0,84.0,0.0,230.0,428.0,287.0
PMHPL,12/31/2019,83.0,84.0,83.0,84.0,0.0,120.0,428.0,287.0
PMHPL,1/1/2020,85.0,85.0,84.0,85.0,1.19,320.0,428.0,287.0
PMHPL,1/2/2020,86.0,87.0,85.0,87.0,2.35,440.0,428.0,287.0
PMHPL,1/5/2020,86.0,87.0,84.0,84.0,-3.45,1900.0,428.0,287.0
PMHPL,1/6/2020,84.0,87.0,84.0,87.0,3.57,120.0,428.0,287.0
PMHPL,1/7/2020,87.0,87.0,85.0,85.0,-2.3,350.0,428.0,287.0
PMHPL,1/8/2020,86.0,87.0,85.0,86.0,1.18,230.0,428.0,287.0
PMHPL,1/9/2020,85.0,85.0,85.0,85.0,-1.16,170.0,428.0,287.0
PMHPL,1/12/2020,85.0,87.0,85.0,86.0,1.18,270.0,428.0,287.0
PMHPL,1/13/2020,85.0,90.0,85.0,89.0,3.49,540.0,428.0,287.0
PMHPL,1/14/2020,88.0,95.0,88.0,95.0,6.74,750.0,428.0,287.0
PMHPL,1/15/2020,96.0,99.0,100.0,104.0,9.47,1280.0,428.0,287.0
PMHPL,1/16/2020,105.0,110.0,105.0,106.0,1.92,550.0,428.0,287.0
PMHPL,1/19/2020,104.0,106.0,104.0,104.0,-1.89,400.0,428.0,287.0
PMHPL,1/20/2020,104.0,104.0,95.0,95.0,-8.65,1431.0,428.0,287.0
PMHPL,1/21/2020,94.0,96.0,93.0,94.0,-1.05,450.0,428.0,287.0
PMHPL,1/22/2020,93.0,93.0,93.0,93.0,-1.06,60.0,428.0,287.0
PMHPL,1/23/2020,92.0,92.0,87.0,89.0,-4.3,580.0,428.0,287.0
PMHPL,1/26/2020,88.0,89.0,85.0,86.0,-3.37,6481.0,428.0,287.0
PMHPL,1/27/2020,86.0,87.0,85.0,87.0,1.16,510.0,428.0,287.0
PMHPL,1/28/2020,87.0,87.0,86.0,86.0,-1.15,230.0,428.0,287.0
PMHPL,1/29/2020,85.0,87.0,85.0,86.0,0.0,340.0,428.0,287.0
PMHPL,1/30/2020,85.0,87.0,85.0,86.0,0.0,420.0,428.0,287.0
PMHPL,2/2/2020,85.0,87.0,85.0,87.0,1.16,600.0,428.0,287.0
PMHPL,2/3/2020,86.0,92.0,85.0,92.0,5.75,950.0,428.0,287.0
PMHPL,2/4/2020,91.0,97.0,88.0,89.0,-3.26,2480.0,428.0,287.0
PMHPL,2/5/2020,88.0,89.0,87.0,88.0,-1.12,680.0,428.0,287.0
PMHPL,2/6/2020,87.0,88.0,87.0,87.0,-1.14,410.0,428.0,287.0
PMHPL,2/9/2020,86.0,87.0,86.0,86.0,-1.15,270.0,428.0,287.0
PMHPL,2/10/2020,85.0,89.0,85.0,89.0,3.49,310.0,428.0,287.0
PMHPL,2/11/2020,90.0,94.0,90.0,93.0,4.49,2600.0,428.0,287.0
PMHPL,2/12/2020,92.0,95.0,91.0,93.0,0.0,510.0,428.0,287.0
PMHPL,2/13/2020,92.0,94.0,91.0,91.0,-2.15,980.0,428.0,287.0
PMHPL,2/16/2020,90.0,90.0,87.0,90.0,-1.1,740.0,428.0,287.0
PMHPL,2/17/2020,89.0,99.0,88.0,99.0,10.0,2210.0,428.0,287.0
PMHPL,2/18/2020,99.0,108.0,95.0,98.0,-1.01,1280.0,428.0,287.0
PMHPL,2/19/2020,97.0,97.0,97.0,97.0,-1.02,1000.0,428.0,287.0
PMHPL,2/20/2020,96.0,100.0,92.0,100.0,3.09,1580.0,428.0,287.0
PMHPL,2/23/2020,99.0,99.0,96.0,96.0,-4.0,440.0,428.0,287.0
PMHPL,2/24/2020,95.0,97.0,94.0,94.0,-2.08,4790.0,428.0,287.0
PMHPL,2/25/2020,93.0,97.0,93.0,95.0,1.06,560.0,428.0,287.0
PMHPL,2/26/2020,94.0,98.0,94.0,95.0,0.0,1246.0,428.0,287.0
PMHPL,2/27/2020,95.0,96.0,94.0,95.0,0.0,1620.0,428.0,287.0
PMHPL,3/1/2020,94.0,96.0,89.0,89.0,-6.32,780.0,428.0,287.0
PMHPL,3/2/2020,88.0,90.0,88.0,89.0,0.0,340.0,428.0,287.0
PMHPL,3/3/2020,89.0,89.0,85.0,89.0,0.0,1110.0,428.0,287.0
PMHPL,3/4/2020,88.0,88.0,84.0,84.0,-5.62,860.0,428.0,287.0
PMHPL,3/5/2020,85.0,85.0,83.0,84.0,0.0,670.0,428.0,287.0
PMHPL,3/10/2020,83.0,83.0,79.0,79.0,-5.95,80.0,428.0,287.0
PMHPL,3/11/2020,79.0,80.0,78.0,79.0,0.0,440.0,428.0,287.0
PMHPL,3/12/2020,79.0,81.0,79.0,79.0,0.0,700.0,428.0,287.0
PMHPL,3/15/2020,79.0,80.0,77.0,79.0,0.0,620.0,428.0,287.0
PMHPL,3/16/2020,78.0,79.0,78.0,79.0,0.0,200.0,428.0,287.0
PMHPL,3/17/2020,78.0,78.0,76.0,76.0,-3.8,690.0,428.0,287.0
PMHPL,3/18/2020,75.0,75.0,74.0,74.0,-2.63,130.0,428.0,287.0
PMHPL,3/19/2020,73.0,76.0,73.0,76.0,2.7,90.0,428.0,287.0
PMHPL,6/29/2020,75.0,75.0,72.0,72.0,-5.26,240.0,428.0,287.0
PMHPL,7/2/2020,71.0,72.0,71.0,72.0,0.0,40.0,428.0,287.0
PMHPL,7/5/2020,71.0,72.0,70.0,71.0,-1.39,290.0,428.0,287.0
PMHPL,7/6/2020,70.0,72.0,70.0,70.0,-1.41,800.0,428.0,287.0
PMHPL,7/7/2020,70.0,71.0,70.0,70.0,0.0,270.0,428.0,287.0
PMHPL,7/8/2020,70.0,72.0,70.0,72.0,2.86,760.0,428.0,287.0
PMHPL,7/9/2020,71.0,72.0,70.0,72.0,0.0,610.0,428.0,287.0
PMHPL,7/12/2020,71.0,73.0,71.0,72.0,0.0,2252.0,428.0,287.0
PMHPL,7/13/2020,71.0,73.0,69.0,69.0,-4.17,1120.0,428.0,287.0
PMHPL,7/14/2020,70.0,72.0,70.0,72.0,4.35,560.0,428.0,287.0
PMHPL,7/15/2020,71.0,73.0,70.0,71.0,-1.39,890.0,428.0,287.0
PMHPL,7/16/2020,71.0,72.0,70.0,72.0,1.41,370.0,428.0,287.0
PMHPL,7/20/2020,71.0,72.0,70.0,70.0,-2.78,1270.0,428.0,287.0
PMHPL,7/21/2020,70.0,72.0,70.0,71.0,1.43,520.0,428.0,287.0
PMHPL,7/22/2020,70.0,73.0,70.0,71.0,0.0,938.0,428.0,287.0
PMHPL,7/23/2020,70.0,72.0,70.0,72.0,1.41,800.0,428.0,287.0
PMHPL,7/26/2020,71.0,73.0,71.0,71.0,-1.39,2380.0,428.0,287.0
PMHPL,7/27/2020,71.0,71.0,71.0,71.0,0.0,780.0,428.0,287.0
PMHPL,7/28/2020,70.0,73.0,70.0,73.0,2.82,840.0,428.0,287.0
PMHPL,7/29/2020,72.0,72.0,70.0,71.0,-2.74,1110.0,428.0,287.0
PMHPL,7/30/2020,71.0,78.0,71.0,78.0,9.86,1080.0,428.0,287.0
PMHPL,8/2/2020,79.0,85.0,76.0,76.0,-2.56,1410.0,428.0,287.0
PMHPL,8/3/2020,76.0,77.0,75.0,77.0,1.32,1600.0,428.0,287.0
PMHPL,8/5/2020,76.0,77.0,75.0,76.0,-1.3,1360.0,428.0,287.0
PMHPL,8/6/2020,76.0,77.0,75.0,76.0,0.0,340.0,428.0,287.0
PMHPL,8/9/2020,75.0,76.0,74.0,75.0,-1.32,890.0,428.0,287.0
PMHPL,8/10/2020,74.0,76.0,73.0,74.0,-1.33,1030.0,428.0,287.0
PMHPL,8/11/2020,73.0,74.0,72.0,72.0,-2.7,850.0,428.0,287.0
PMHPL,8/12/2020,73.0,73.0,71.0,72.0,0.0,1340.0,428.0,287.0
PMHPL,8/13/2020,71.0,76.0,71.0,73.0,1.39,840.0,428.0,287.0
PMHPL,8/16/2020,72.0,73.0,72.0,72.0,-1.37,590.0,428.0,287.0
PMHPL,8/17/2020,71.0,73.0,71.0,71.0,-1.39,1070.0,428.0,287.0
PMHPL,8/18/2020,71.0,78.0,71.0,78.0,9.86,1860.0,428.0,287.0
PMHPL,8/19/2020,77.0,82.0,74.0,82.0,5.13,2410.0,428.0,287.0
PMHPL,8/20/2020,82.0,83.0,79.0,81.0,-1.22,500.0,428.0,287.0
PMHPL,8/23/2020,80.0,81.0,77.0,78.0,-3.7,830.0,428.0,287.0
PMHPL,8/24/2020,78.0,81.0,77.0,80.0,2.56,920.0,428.0,287.0
PMHPL,8/25/2020,79.0,84.0,76.0,84.0,5.0,450.0,428.0,287.0
PMHPL,8/26/2020,84.0,84.0,77.0,82.0,-2.38,700.0,428.0,287.0
PMHPL,8/27/2020,81.0,84.0,79.0,80.0,-2.44,1320.0,428.0,287.0
PMHPL,8/30/2020,79.0,80.0,76.0,79.0,-1.25,1430.0,428.0,287.0
PMHPL,8/31/2020,78.0,86.0,78.0,86.0,8.86,2250.0,428.0,287.0
PMHPL,9/2/2020,87.0,94.0,85.0,93.0,8.14,4850.0,428.0,287.0
PMHPL,9/3/2020,97.0,100.0,92.0,97.0,4.3,12117.0,428.0,287.0
PMHPL,9/6/2020,101.0,103.0,95.0,95.0,-2.06,1060.0,428.0,287.0
PMHPL,9/7/2020,95.0,96.0,93.0,95.0,0.0,5420.0,428.0,287.0
PMHPL,9/8/2020,94.0,96.0,89.0,89.0,-6.32,1538.0,428.0,287.0
PMHPL,9/9/2020,89.0,92.0,88.0,90.0,1.12,1600.0,428.0,287.0
PMHPL,9/10/2020,89.0,92.0,89.0,89.0,-1.11,1480.0,428.0,287.0
PMHPL,9/13/2020,88.0,94.0,88.0,91.0,2.25,980.0,428.0,287.0
PMHPL,9/14/2020,90.0,100.0,90.0,99.0,8.79,9850.0,428.0,287.0
PMHPL,9/15/2020,103.0,103.0,94.0,96.0,-3.03,4650.0,428.0,287.0
PMHPL,9/16/2020,95.0,105.0,93.0,105.0,9.38,14720.0,428.0,287.0
PMHPL,9/17/2020,107.0,115.0,107.0,115.0,9.52,56953.0,428.0,287.0
PMHPL,9/20/2020,120.0,122.0,104.0,104.0,-9.57,10400.0,428.0,287.0
PMHPL,9/21/2020,102.0,114.0,100.0,109.0,4.81,11930.0,428.0,287.0
PMHPL,9/22/2020,107.0,113.0,101.0,113.0,3.67,9690.0,428.0,287.0
PMHPL,9/23/2020,113.0,115.0,103.0,114.0,0.88,10310.0,428.0,287.0
PMHPL,9/24/2020,115.0,124.0,112.0,120.0,5.26,27021.0,428.0,287.0
PMHPL,9/27/2020,122.0,131.0,117.0,124.0,3.33,41401.0,428.0,287.0
PMHPL,9/28/2020,123.0,125.0,119.0,125.0,0.81,22003.0,428.0,287.0
PMHPL,9/29/2020,123.0,137.0,121.0,137.0,9.6,68786.0,428.0,287.0
PMHPL,9/30/2020,140.0,150.0,138.0,150.0,9.49,30198.0,428.0,287.0
PMHPL,10/1/2020,147.0,153.0,139.0,140.0,-6.67,14670.0,428.0,287.0
PMHPL,10/4/2020,140.0,142.0,130.0,137.0,-2.14,20930.0,428.0,287.0
PMHPL,10/5/2020,137.0,150.0,132.0,143.0,4.38,20560.0,428.0,287.0
PMHPL,10/6/2020,141.0,155.0,139.0,155.0,8.39,32398.0,428.0,287.0
PMHPL,10/7/2020,161.0,170.0,152.0,168.0,8.39,52160.0,428.0,287.0
PMHPL,10/8/2020,167.0,170.0,154.0,164.0,-2.38,29793.0,428.0,287.0
PMHPL,10/11/2020,161.0,161.0,150.0,154.0,-6.1,16084.0,428.0,287.0
PMHPL,10/12/2020,151.0,155.0,144.0,149.0,-3.25,12397.0,428.0,287.0
PMHPL,10/13/2020,156.0,156.0,135.0,136.0,-8.72,12341.0,428.0,287.0
PMHPL,10/14/2020,142.0,142.0,123.0,138.0,1.47,12160.0,428.0,287.0
PMHPL,10/15/2020,140.0,144.0,132.0,140.0,1.45,3835.0,428.0,287.0
PMHPL,10/18/2020,138.0,142.0,134.0,142.0,1.43,8953.0,428.0,287.0
PMHPL,10/19/2020,143.0,146.0,135.0,146.0,2.82,5220.0,428.0,287.0
PMHPL,10/20/2020,146.0,158.0,142.0,155.0,6.16,8936.0,428.0,287.0
PMHPL,10/21/2020,157.0,158.0,145.0,148.0,-4.52,9830.0,428.0,287.0
PMHPL,10/22/2020,146.0,146.0,138.0,144.0,-2.7,9315.0,428.0,287.0
PMHPL,10/28/2020,143.0,143.0,137.0,139.0,-3.47,9090.0,428.0,287.0
PMHPL,10/29/2020,137.0,144.0,136.0,140.0,0.72,3200.0,428.0,287.0
PMHPL,11/1/2020,138.0,146.0,138.0,141.0,0.71,10207.0,428.0,287.0
PMHPL,11/2/2020,139.0,143.0,139.0,143.0,1.42,12260.0,428.0,287.0
PMHPL,11/3/2020,141.0,146.0,139.0,146.0,2.1,6870.0,428.0,287.0
PMHPL,11/4/2020,147.0,148.0,140.0,147.0,0.68,9970.0,428.0,287.0
PMHPL,11/5/2020,145.0,150.0,143.0,148.0,0.68,18330.0,428.0,287.0
PMHPL,11/8/2020,148.0,159.0,147.0,155.0,4.73,38285.0,428.0,287.0
PMHPL,11/9/2020,153.0,158.0,148.0,150.0,-3.23,10166.0,428.0,287.0
PMHPL,11/10/2020,147.0,153.0,146.0,150.0,0.0,7266.0,428.0,287.0
PMHPL,11/11/2020,147.0,153.0,143.0,152.0,1.33,10110.0,428.0,287.0
PMHPL,11/12/2020,154.0,154.0,145.0,146.0,-3.95,18488.0,428.0,287.0
PMHPL,11/18/2020,145.0,149.0,138.0,141.0,-3.42,14702.0,428.0,287.0
PMHPL,11/19/2020,139.0,144.0,138.0,142.0,0.71,6404.0,428.0,287.0
PMHPL,11/22/2020,141.0,144.0,139.0,141.0,-0.7,9792.0,428.0,287.0
PMHPL,11/23/2020,140.0,143.0,139.0,143.0,1.42,3380.0,428.0,287.0
PMHPL,11/24/2020,141.0,147.0,141.0,143.0,0.0,9688.0,428.0,287.0
PMHPL,11/25/2020,141.0,148.0,141.0,144.0,0.7,14791.0,428.0,287.0
PMHPL,11/26/2020,142.0,146.0,139.0,139.0,-3.47,15980.0,428.0,287.0
PMHPL,11/29/2020,138.0,146.0,137.0,140.0,0.72,8490.0,428.0,287.0
PMHPL,11/30/2020,138.0,146.0,137.0,146.0,4.29,12918.0,428.0,287.0
PMHPL,12/1/2020,148.0,149.0,136.0,143.0,-2.05,15640.0,428.0,287.0
PMHPL,12/2/2020,145.0,145.0,139.0,145.0,1.4,11430.0,428.0,287.0
PMHPL,12/3/2020,143.0,143.0,139.0,140.0,-3.45,2490.0,428.0,287.0
PMHPL,12/6/2020,138.0,139.0,135.0,135.0,-3.57,7918.0,428.0,287.0
PMHPL,12/7/2020,135.0,141.0,130.0,139.0,2.96,7463.0,428.0,287.0
PMHPL,12/8/2020,138.0,140.0,134.0,137.0,-1.44,9880.0,428.0,287.0
PMHPL,12/9/2020,135.0,141.0,134.0,136.0,-0.73,7760.0,428.0,287.0
PMHPL,12/10/2020,134.0,138.0,129.0,138.0,1.47,10760.0,428.0,287.0
PMHPL,12/13/2020,138.0,140.0,130.0,136.0,-1.45,4980.0,428.0,287.0
PMHPL,12/14/2020,130.0,136.0,130.0,135.0,-0.74,5514.0,428.0,287.0
PMHPL,12/15/2020,141.0,141.0,130.0,131.0,-2.96,4360.0,428.0,287.0
PMHPL,12/16/2020,129.0,135.0,129.0,132.0,0.76,3130.0,428.0,287.0
PMHPL,12/17/2020,130.0,132.0,128.0,132.0,0.0,5568.0,428.0,287.0
PMHPL,12/20/2020,130.0,130.0,120.0,120.0,-9.09,8940.0,428.0,287.0
PMHPL,12/21/2020,118.0,125.0,111.0,120.0,0.0,7363.0,428.0,287.0
PMHPL,12/22/2020,126.0,126.0,117.0,121.0,0.83,8420.0,428.0,287.0
PMHPL,12/23/2020,121.0,126.0,119.0,126.0,4.13,4180.0,428.0,287.0
PMHPL,12/24/2020,124.0,124.0,119.0,119.0,-5.56,2071.0,428.0,287.0
PMHPL,12/27/2020,117.0,123.0,116.0,119.0,0.0,2400.0,428.0,287.0
PMHPL,12/28/2020,117.0,123.0,116.0,122.0,2.52,2973.0,428.0,287.0
PMHPL,12/29/2020,122.0,125.0,116.0,120.0,-1.64,2290.0,428.0,287.0
PMHPL,12/30/2020,120.0,122.0,117.0,121.0,0.83,2455.0,428.0,287.0
PMHPL,12/31/2020,127.0,129.0,119.0,121.0,0.0,1993.0,428.0,287.0
PMHPL,1/3/2021,121.0,129.0,120.0,129.0,6.61,4940.0,428.0,287.0
PMHPL,1/4/2021,129.0,129.0,123.0,128.0,-0.78,2150.0,428.0,287.0
PMHPL,1/5/2021,126.0,136.0,122.0,130.0,1.56,11242.0,428.0,287.0
PMHPL,1/6/2021,130.0,134.0,125.0,129.0,-0.77,7037.0,428.0,287.0
PMHPL,1/7/2021,127.0,130.0,125.0,130.0,0.78,4349.0,428.0,287.0
PMHPL,1/10/2021,128.0,131.0,127.0,127.0,-2.31,7810.0,428.0,287.0
PMHPL,1/11/2021,125.0,134.0,124.0,130.0,2.36,1420.0,428.0,287.0
PMHPL,1/12/2021,128.0,134.0,126.0,134.0,3.08,4729.0,428.0,287.0
PMHPL,1/13/2021,135.0,135.0,128.0,135.0,0.75,7725.0,428.0,287.0
PMHPL,1/17/2021,133.0,134.0,131.0,134.0,-0.74,1150.0,428.0,287.0
PMHPL,1/18/2021,134.0,136.0,130.0,136.0,1.49,7479.0,428.0,287.0
PMHPL,1/19/2021,134.0,134.0,130.0,131.0,-3.68,7425.0,428.0,287.0
PMHPL,1/20/2021,130.0,133.0,130.0,133.0,1.53,7780.0,428.0,287.0
PMHPL,1/21/2021,135.0,138.0,131.0,138.0,3.76,20723.0,428.0,287.0
PMHPL,1/24/2021,139.0,141.0,132.0,140.0,1.45,14107.0,428.0,287.0
PMHPL,1/25/2021,147.0,147.0,133.0,142.0,1.43,24606.0,428.0,287.0
PMHPL,1/26/2021,149.0,149.0,135.0,136.0,-4.23,6520.0,428.0,287.0
PMHPL,1/27/2021,142.0,142.0,135.0,137.0,0.74,6014.0,428.0,287.0
PMHPL,1/28/2021,135.0,141.0,133.0,133.0,-2.92,10729.0,428.0,287.0
PMHPL,1/31/2021,131.0,135.0,129.0,129.0,-3.01,12130.0,428.0,287.0
PMHPL,2/1/2021,123.0,136.0,123.0,135.0,4.65,3225.0,428.0,287.0
PMHPL,2/2/2021,133.0,139.0,133.0,136.0,0.74,11935.0,428.0,287.0
PMHPL,2/3/2021,134.0,140.0,132.0,140.0,2.94,18343.0,428.0,287.0
PMHPL,2/4/2021,140.0,146.0,136.0,143.0,2.14,17004.0,428.0,287.0
PMHPL,2/7/2021,145.0,151.0,144.0,150.0,4.9,35867.0,428.0,287.0
PMHPL,2/8/2021,153.0,155.0,147.0,149.0,-0.67,24788.0,428.0,287.0
PMHPL,2/15/2021,151.0,151.0,136.0,143.0,-4.03,23085.0,428.0,287.0
PMHPL,2/16/2021,141.0,141.0,138.0,138.0,-3.5,5348.0,428.0,287.0
PMHPL,2/17/2021,140.0,142.0,136.0,138.0,0.0,3645.0,428.0,287.0
PMHPL,2/18/2021,136.0,145.0,135.0,140.0,1.45,7910.0,428.0,287.0
PMHPL,2/21/2021,140.0,147.0,139.0,147.0,5.0,9154.0,428.0,287.0
PMHPL,2/22/2021,149.0,161.0,143.0,152.0,3.4,51891.0,428.0,287.0
PMHPL,2/23/2021,149.0,155.0,144.0,145.0,-4.61,7600.0,428.0,287.0
PMHPL,2/24/2021,147.0,157.0,144.0,145.0,0.0,6162.0,428.0,287.0
PMHPL,2/25/2021,144.0,147.0,144.0,147.0,1.38,5801.0,428.0,287.0
PMHPL,2/28/2021,145.0,146.0,143.0,143.0,-2.72,5260.0,428.0,287.0
PMHPL,3/1/2021,142.0,145.0,140.0,142.0,-0.7,6592.0,428.0,287.0
PMHPL,3/2/2021,140.0,144.0,138.0,138.0,-2.82,7540.0,428.0,287.0
PMHPL,3/3/2021,140.0,150.0,134.0,135.0,-2.17,4450.0,428.0,287.0
PMHPL,3/4/2021,133.0,142.0,133.0,138.0,2.22,10088.0,428.0,287.0
PMHPL,3/7/2021,136.0,150.0,135.0,143.0,3.62,9660.0,428.0,287.0
PMHPL,3/9/2021,145.0,154.0,143.0,154.0,7.69,24366.0,428.0,287.0
PMHPL,3/10/2021,155.0,155.0,147.0,154.0,0.0,17660.0,428.0,287.0
PMHPL,3/14/2021,151.0,169.0,151.0,169.0,9.74,79760.0,428.0,287.0
PMHPL,3/15/2021,172.0,185.0,165.0,185.0,9.47,64167.0,428.0,287.0
PMHPL,3/16/2021,194.0,194.0,172.0,176.0,-4.86,20899.0,428.0,287.0
PMHPL,3/17/2021,176.0,193.0,176.0,193.0,9.66,31559.0,428.0,287.0
PMHPL,3/18/2021,193.0,201.0,183.0,186.0,-3.63,26575.0,428.0,287.0
PMHPL,3/21/2021,183.0,189.0,175.0,189.0,1.61,11322.0,428.0,287.0
PMHPL,3/22/2021,189.0,193.0,177.0,193.0,2.12,12950.0,428.0,287.0
PMHPL,3/23/2021,190.0,190.0,180.0,185.0,-4.15,27890.0,428.0,287.0
PMHPL,3/24/2021,182.0,186.0,179.0,183.0,-1.08,34732.0,428.0,287.0
PMHPL,3/25/2021,181.0,190.0,177.0,180.0,-1.64,6858.0,428.0,287.0
PMHPL,3/29/2021,180.0,184.0,180.0,182.0,1.11,7256.0,428.0,287.0
PMHPL,3/30/2021,180.0,183.0,177.0,183.0,0.55,7121.0,428.0,287.0
PMHPL,3/31/2021,180.0,189.0,177.0,181.0,-1.09,7195.0,428.0,287.0
PMHPL,4/1/2021,181.0,187.0,177.0,183.0,1.1,6666.0,428.0,287.0
PMHPL,4/4/2021,180.0,195.0,180.0,188.0,2.73,34040.0,428.0,287.0
PMHPL,4/5/2021,197.0,197.0,180.0,184.0,-2.13,4180.0,428.0,287.0
PMHPL,4/6/2021,185.0,202.0,183.0,202.0,9.78,16771.0,428.0,287.0
PMHPL,4/7/2021,212.0,212.0,189.0,198.0,-1.98,16343.0,428.0,287.0
PMHPL,4/8/2021,197.0,197.0,188.0,191.0,-3.54,9022.0,428.0,287.0
PMHPL,4/12/2021,188.0,192.0,187.0,192.0,0.52,3430.0,428.0,287.0
PMHPL,4/13/2021,192.0,195.0,186.0,193.0,0.52,5425.0,428.0,287.0
PMHPL,4/15/2021,190.0,193.0,187.0,193.0,0.0,16407.0,428.0,287.0
PMHPL,4/18/2021,190.0,196.0,184.0,190.0,-1.55,10303.0,428.0,287.0
PMHPL,4/19/2021,187.0,203.0,187.0,187.0,-1.58,11467.0,428.0,287.0
PMHPL,4/20/2021,184.0,195.0,184.0,195.0,4.28,10917.0,428.0,287.0
PMHPL,4/21/2021,198.0,199.0,191.0,195.0,0.0,11232.0,428.0,287.0
PMHPL,4/22/2021,198.0,198.0,188.0,190.0,-2.56,14954.0,428.0,287.0
PMHPL,4/25/2021,187.0,187.0,180.0,184.0,-3.16,4983.0,428.0,287.0
PMHPL,4/26/2021,184.0,184.0,173.0,173.0,-5.98,7015.0,428.0,287.0
PMHPL,4/27/2021,170.0,185.0,170.0,185.0,6.94,5692.0,428.0,287.0
PMHPL,4/28/2021,188.0,191.0,179.0,185.0,0.0,1540.0,428.0,287.0
PMHPL,4/29/2021,182.0,190.0,182.0,190.0,2.7,920.0,428.0,287.0
PMHPL,5/2/2021,187.0,192.0,186.0,189.0,-0.53,4210.0,428.0,287.0
PMHPL,5/3/2021,186.0,198.0,184.0,186.0,-1.59,6942.0,428.0,287.0
PMHPL,5/4/2021,183.0,204.0,183.0,204.0,9.68,57583.0,428.0,287.0
PMHPL,5/5/2021,208.0,224.0,205.0,220.0,7.84,47297.0,428.0,287.0
PMHPL,5/6/2021,217.0,235.0,207.0,218.0,-0.91,15168.0,428.0,287.0
PMHPL,5/9/2021,214.0,217.0,206.0,215.0,-1.38,11164.0,428.0,287.0
PMHPL,5/10/2021,211.0,217.0,207.0,215.0,0.0,5645.0,428.0,287.0
PMHPL,5/11/2021,211.0,219.0,211.0,217.0,0.93,16415.0,428.0,287.0
PMHPL,5/12/2021,220.0,230.0,212.0,225.0,3.69,17340.0,428.0,287.0
PMHPL,5/13/2021,221.0,240.0,221.0,236.0,4.89,23810.0,428.0,287.0
PMHPL,5/16/2021,237.0,243.0,220.0,236.0,0.0,23981.0,428.0,287.0
PMHPL,5/17/2021,232.0,259.0,228.0,259.0,9.75,53152.0,428.0,287.0
PMHPL,5/18/2021,260.0,284.0,260.0,284.0,9.65,28110.0,428.0,287.0
PMHPL,5/19/2021,289.0,294.0,263.0,272.0,-4.23,15700.0,428.0,287.0
PMHPL,5/20/2021,267.0,268.0,252.0,263.0,-3.31,15045.0,428.0,287.0
PMHPL,5/23/2021,260.0,281.0,248.0,265.0,0.76,15310.0,428.0,287.0
PMHPL,5/24/2021,256.0,283.0,243.0,277.0,4.53,43756.0,428.0,287.0
PMHPL,5/25/2021,272.0,304.0,272.0,295.0,6.5,52305.0,428.0,287.0
PMHPL,5/27/2021,300.0,324.0,300.0,324.0,9.83,65072.0,428.0,287.0
PMHPL,5/30/2021,330.0,347.0,315.0,327.0,0.93,69306.0,428.0,287.0
PMHPL,5/31/2021,330.0,333.0,305.0,305.0,-6.73,32837.0,428.0,287.0
PMHPL,6/1/2021,320.0,320.0,287.0,298.0,-2.3,21760.0,428.0,287.0
PMHPL,6/2/2021,293.0,320.0,280.0,304.0,2.01,22208.0,428.0,287.0
PMHPL,6/3/2021,306.0,324.0,286.0,286.0,-5.92,24798.0,428.0,287.0
PMHPL,6/6/2021,284.0,285.0,265.0,274.0,-4.2,28427.0,428.0,287.0
PMHPL,6/7/2021,279.0,295.0,279.0,295.0,7.66,25160.0,428.0,287.0
PMHPL,6/8/2021,309.0,324.0,296.0,324.0,9.83,69297.0,428.0,287.0
PMHPL,6/9/2021,340.0,346.0,294.0,316.0,-2.47,27246.0,428.0,287.0
PMHPL,6/10/2021,316.0,345.0,305.0,331.0,4.75,31940.0,428.0,287.0
PMHPL,6/13/2021,332.0,364.0,320.0,364.0,9.97,81353.0,428.0,287.0
PMHPL,6/14/2021,382.0,382.0,345.0,356.0,-2.2,31215.0,428.0,287.0
PMHPL,6/15/2021,350.0,355.0,335.0,338.0,-5.06,32927.0,428.0,287.0
PMHPL,6/16/2021,332.0,332.0,305.0,305.0,-9.76,29361.0,428.0,287.0
PMHPL,6/17/2021,290.0,328.0,290.0,315.0,3.28,19904.0,428.0,287.0
PMHPL,6/20/2021,315.0,315.0,290.0,305.0,-3.17,22290.0,428.0,287.0
PMHPL,6/21/2021,299.0,299.0,279.0,280.0,-8.2,10980.0,428.0,287.0
PMHPL,6/22/2021,282.0,308.0,277.0,308.0,10.0,15786.0,428.0,287.0
PMHPL,6/23/2021,314.0,314.0,291.0,295.0,-4.22,30882.0,428.0,287.0
PMHPL,6/24/2021,295.0,300.0,286.0,292.0,-1.02,12251.0,428.0,287.0
PMHPL,6/27/2021,297.0,300.0,286.0,294.0,0.68,6709.0,428.0,287.0
PMHPL,6/28/2021,308.0,308.0,281.0,281.0,-4.42,9478.0,428.0,287.0
PMHPL,6/29/2021,281.0,298.0,276.0,280.0,-0.36,8409.0,428.0,287.0
PMHPL,6/30/2021,275.0,283.0,270.0,280.0,0.0,6302.0,428.0,287.0
PMHPL,7/1/2021,279.0,290.0,279.0,287.0,2.5,8969.0,428.0,287.0
PMHPL,7/4/2021,284.0,290.0,275.0,275.0,-4.18,5110.0,428.0,287.0
PMHPL,7/5/2021,275.0,285.0,270.0,270.0,-1.82,9053.0,428.0,287.0
PMHPL,7/6/2021,265.0,277.0,265.0,269.0,-0.37,1955.0,428.0,287.0
PMHPL,7/7/2021,264.0,274.0,254.0,270.0,0.37,3728.0,428.0,287.0
PMHPL,7/8/2021,275.0,282.0,265.0,275.0,1.85,5288.0,428.0,287.0
PMHPL,7/11/2021,275.0,298.0,275.0,287.0,4.36,4286.0,428.0,287.0
PMHPL,7/12/2021,292.0,292.0,271.0,279.0,-2.79,8297.0,428.0,287.0
PMHPL,7/13/2021,279.0,293.0,275.0,280.0,0.36,5602.0,428.0,287.0
PMHPL,7/14/2021,280.0,290.0,277.0,288.0,2.86,2980.0,428.0,287.0
PMHPL,7/15/2021,293.0,316.0,288.0,302.0,4.86,30914.0,428.0,287.0
PMHPL,7/18/2021,308.0,315.0,299.0,310.0,2.65,18526.0,428.0,287.0
PMHPL,7/19/2021,316.0,318.0,304.4,304.4,-1.81,16432.0,428.0,287.0
PMHPL,7/20/2021,304.0,316.0,302.0,305.8,0.46,31756.0,428.0,287.0
PMHPL,7/22/2021,310.0,318.4,307.0,314.0,2.68,32420.0,428.0,287.0
PMHPL,7/25/2021,320.2,345.4,320.2,345.4,10.0,91030.0,428.0,287.0
PMHPL,7/26/2021,352.0,374.0,352.0,353.1,2.23,54949.0,428.0,287.0
PMHPL,7/27/2021,350.1,382.0,350.0,375.0,6.2,56289.0,428.0,287.0
PMHPL,7/28/2021,378.0,390.0,355.0,356.0,-5.07,59303.0,428.0,287.0
PMHPL,7/29/2021,362.0,362.0,342.1,351.0,-1.4,31458.0,428.0,287.0
PMHPL,8/1/2021,345.0,376.0,344.0,367.0,4.56,60762.0,428.0,287.0
PMHPL,8/2/2021,370.0,403.7,368.0,381.0,3.81,74365.0,428.0,287.0
PMHPL,8/3/2021,388.6,403.0,373.3,399.0,4.72,52579.0,428.0,287.0
PMHPL,8/4/2021,401.0,438.0,401.0,429.0,7.52,69945.0,428.0,287.0
PMHPL,8/5/2021,429.0,448.0,407.0,408.0,-4.9,52922.0,428.0,287.0
PMHPL,8/8/2021,400.0,425.0,392.0,412.0,0.98,72556.0,428.0,287.0
PMHPL,8/9/2021,413.0,441.0,404.0,438.0,6.31,80615.0,428.0,287.0
PMHPL,8/10/2021,433.0,436.0,412.6,420.0,-4.11,48897.0,428.0,287.0
PMHPL,8/11/2021,421.0,435.0,417.0,421.6,0.38,46296.0,428.0,287.0
PMHPL,8/12/2021,430.0,430.0,408.0,409.0,-2.99,44898.0,428.0,287.0
PMHPL,8/15/2021,405.0,410.0,380.0,390.0,-4.65,43274.0,428.0,287.0
PMHPL,8/16/2021,395.0,422.0,385.0,400.0,2.56,74482.0,428.0,287.0
PMHPL,8/17/2021,401.0,440.0,401.0,440.0,10.0,219242.0,428.0,287.0
PMHPL,8/18/2021,448.0,484.0,441.1,465.0,5.68,181465.0,428.0,287.0
PMHPL,8/19/2021,465.0,465.0,418.5,418.5,-10.0,220096.0,428.0,287.0
PMHPL,8/24/2021,426.0,426.0,376.7,376.7,-9.99,78363.0,428.0,287.0
PMHPL,8/25/2021,369.2,406.9,349.1,385.0,2.2,48784.0,428.0,287.0
PMHPL,8/26/2021,389.0,423.5,389.0,415.0,7.79,63093.0,428.0,287.0
PMHPL,8/29/2021,416.0,430.0,398.0,399.0,-3.86,57625.0,428.0,287.0
PMHPL,8/31/2021,392.0,402.0,372.0,392.0,-1.75,34183.0,428.0,287.0
PMHPL,9/1/2021,395.0,405.0,380.0,392.0,0.0,25715.0,428.0,287.0
PMHPL,9/2/2021,399.0,405.0,375.0,382.0,-2.55,22547.0,428.0,287.0
PMHPL,9/5/2021,375.0,376.0,343.8,345.0,-9.69,36995.0,428.0,287.0
PMHPL,9/6/2021,338.1,379.5,327.0,379.5,10.0,44883.0,428.0,287.0
PMHPL,9/7/2021,387.0,392.0,372.0,383.0,0.92,27860.0,428.0,287.0
PMHPL,9/8/2021,390.6,390.6,370.0,371.0,-3.13,12194.0,428.0,287.0
PMHPL,9/9/2021,377.0,385.0,369.0,377.0,1.62,19606.0,428.0,287.0
PMHPL,9/12/2021,384.0,408.0,384.0,408.0,8.22,61251.0,428.0,287.0
PMHPL,9/13/2021,416.0,418.0,386.5,397.0,-2.7,34030.0,428.0,287.0
PMHPL,9/14/2021,400.0,402.0,382.0,390.0,-1.76,19574.0,428.0,287.0
PMHPL,9/15/2021,395.0,397.0,380.0,389.0,-0.26,10689.0,428.0,287.0
PMHPL,9/16/2021,381.3,381.3,360.0,368.1,-5.37,35916.0,428.0,287.0
PMHPL,9/20/2021,365.0,368.0,331.4,333.0,-9.54,30899.0,428.0,287.0
PMHPL,9/21/2021,330.0,350.0,308.0,335.9,0.87,23096.0,428.0,287.0
PMHPL,9/22/2021,342.6,369.4,342.6,369.4,9.97,22526.0,428.0,287.0
PMHPL,9/23/2021,370.0,382.5,350.0,359.0,-2.82,20779.0,428.0,287.0
PMHPL,9/26/2021,360.0,360.0,335.0,335.1,-6.66,10193.0,428.0,287.0
PMHPL,9/27/2021,341.0,349.0,318.0,318.0,-5.1,18983.0,428.0,287.0
PMHPL,9/28/2021,314.0,319.0,297.0,299.0,-5.97,20295.0,428.0,287.0
PMHPL,9/29/2021,302.0,323.9,286.0,310.1,3.71,20205.0,428.0,287.0
PMHPL,9/30/2021,315.9,317.0,302.0,302.0,-2.61,18468.0,428.0,287.0
PMHPL,10/3/2021,298.1,308.0,286.5,288.0,-4.64,8593.0,428.0,287.0
PMHPL,10/4/2021,287.0,287.0,268.6,273.0,-5.21,11557.0,428.0,287.0
PMHPL,10/5/2021,278.0,290.7,266.0,280.1,2.6,9014.0,428.0,287.0
PMHPL,10/6/2021,285.7,308.0,284.1,297.0,6.03,15410.0,428.0,287.0
PMHPL,10/10/2021,302.0,311.0,291.1,292.5,-1.52,8848.0,428.0,287.0
PMHPL,10/11/2021,288.0,300.0,281.3,292.0,-0.17,4826.0,428.0,287.0
PMHPL,10/17/2021,293.0,297.8,286.0,297.8,1.99,1509.0,428.0,287.0
PMHPL,10/18/2021,299.0,299.0,281.0,289.9,-2.65,7031.0,428.0,287.0
PMHPL,10/19/2021,285.0,285.0,261.0,269.0,-7.21,7288.0,428.0,287.0
PMHPL,10/20/2021,274.3,292.9,272.0,285.0,5.95,5737.0,428.0,287.0
PMHPL,10/21/2021,290.7,298.0,275.0,281.0,-1.4,7070.0,428.0,287.0
PMHPL,10/24/2021,284.0,287.0,272.0,285.0,1.42,13326.0,428.0,287.0
PMHPL,10/25/2021,290.0,309.9,285.0,309.9,8.74,28927.0,428.0,287.0
PMHPL,10/26/2021,316.0,336.0,316.0,330.0,6.49,31293.0,428.0,287.0
PMHPL,10/27/2021,335.0,345.0,323.4,340.0,3.03,31066.0,428.0,287.0
PMHPL,10/28/2021,334.2,345.0,322.0,345.0,1.47,31142.0,428.0,287.0
PMHPL,10/31/2021,350.0,370.0,337.0,363.0,5.22,49416.0,428.0,287.0
PMHPL,11/1/2021,368.0,375.0,345.0,350.0,-3.58,45401.0,428.0,287.0
PMHPL,11/2/2021,343.0,357.0,336.3,355.0,1.43,24339.0,428.0,287.0
PMHPL,11/3/2021,358.0,360.0,345.0,345.0,-2.82,19171.0,428.0,287.0
PMHPL,11/8/2021,350.0,355.0,341.0,341.0,-1.16,15545.0,428.0,287.0
PMHPL,11/9/2021,335.2,341.0,315.0,325.0,-4.69,22452.0,428.0,287.0
PMHPL,11/11/2021,329.0,331.5,310.0,310.5,-4.46,9888.0,428.0,287.0
PMHPL,11/14/2021,304.3,326.4,300.0,312.0,0.48,19124.0,428.0,287.0
PMHPL,11/15/2021,315.0,324.3,315.0,321.0,2.88,20409.0,428.0,287.0
PMHPL,11/16/2021,321.0,353.1,321.0,353.1,10.0,84821.0,428.0,287.0
PMHPL,11/17/2021,360.0,388.4,360.0,388.4,10.0,53645.0,428.0,287.0
PMHPL,11/18/2021,396.1,411.0,373.0,376.0,-3.19,118272.0,428.0,287.0
PMHPL,11/21/2021,383.0,383.0,364.0,373.0,-0.8,52474.0,428.0,287.0
PMHPL,11/22/2021,374.5,380.0,367.2,370.0,-0.8,28759.0,428.0,287.0
PMHPL,11/23/2021,370.0,374.0,354.0,358.5,-3.11,31009.0,428.0,287.0
PMHPL,11/24/2021,351.4,387.0,346.0,380.0,6.0,71445.0,428.0,287.0
PMHPL,11/25/2021,380.0,387.0,374.0,378.0,-0.53,32377.0,428.0,287.0
PMHPL,11/28/2021,378.0,382.0,357.0,357.0,-5.56,53284.0,428.0,287.0
PMHPL,11/29/2021,360.1,374.9,357.0,361.0,1.12,24108.0,428.0,287.0
PMHPL,11/30/2021,368.0,372.0,355.0,370.4,2.6,35651.0,428.0,287.0
PMHPL,12/1/2021,374.0,377.0,367.1,369.0,-0.38,26835.0,428.0,287.0
PMHPL,12/2/2021,370.0,370.0,353.0,355.1,-3.77,19978.0,428.0,287.0
PMHPL,12/5/2021,348.0,360.0,328.2,333.0,-6.22,58183.0,428.0,287.0
PMHPL,12/6/2021,339.5,354.9,316.5,349.0,4.8,31697.0,428.0,287.0
PMHPL,12/7/2021,355.9,362.9,330.0,335.0,-4.01,26876.0,428.0,287.0
PMHPL,12/8/2021,331.0,347.7,318.5,322.0,-3.88,19355.0,428.0,287.0
PMHPL,12/9/2021,327.0,334.0,318.7,324.0,0.62,16140.0,428.0,287.0
PMHPL,12/12/2021,324.0,328.0,304.0,306.0,-5.56,13008.0,428.0,287.0
PMHPL,12/13/2021,299.9,312.0,288.2,293.1,-4.22,25993.0,428.0,287.0
PMHPL,12/14/2021,298.0,322.4,298.0,322.4,10.0,17620.0,428.0,287.0
PMHPL,12/15/2021,328.8,348.0,307.1,320.0,-0.74,43376.0,428.0,287.0
PMHPL,12/16/2021,318.0,320.2,310.0,310.0,-3.12,13364.0,428.0,287.0
PMHPL,12/20/2021,303.9,307.0,299.0,303.0,-2.26,14185.0,428.0,287.0
PMHPL,12/21/2021,297.0,315.0,297.0,315.0,3.96,12922.0,428.0,287.0
PMHPL,12/22/2021,320.0,336.6,314.0,329.0,4.44,36150.0,428.0,287.0
PMHPL,12/23/2021,335.0,338.0,317.6,326.0,-0.91,26644.0,428.0,287.0
PMHPL,12/26/2021,320.0,332.1,320.0,323.0,-0.92,16315.0,428.0,287.0
PMHPL,12/27/2021,321.0,328.0,303.0,307.0,-4.95,22950.0,428.0,287.0
PMHPL,12/28/2021,300.9,313.0,300.0,313.0,1.95,10740.0,428.0,287.0
PMHPL,12/29/2021,319.0,319.0,309.3,309.3,-1.18,8262.0,428.0,287.0
PMHPL,1/2/2022,304.0,315.0,303.2,312.0,0.87,8846.0,428.0,287.0
PMHPL,1/3/2022,312.0,318.0,307.0,311.0,-0.32,10503.0,428.0,287.0
PMHPL,1/4/2022,309.0,317.0,305.0,315.0,1.29,14929.0,428.0,287.0
PMHPL,1/5/2022,318.0,332.9,313.0,316.0,0.32,23834.0,428.0,287.0
PMHPL,1/6/2022,311.1,328.3,311.0,328.0,3.8,67217.0,428.0,287.0
PMHPL,1/9/2022,334.0,347.0,333.0,342.0,4.27,64887.0,428.0,287.0
PMHPL,1/10/2022,345.0,360.0,340.0,346.0,1.17,89444.0,428.0,287.0
PMHPL,1/11/2022,352.0,358.0,338.0,350.0,1.16,71614.0,428.0,287.0
PMHPL,1/12/2022,357.0,379.0,345.1,370.0,5.71,163953.0,428.0,287.0
PMHPL,1/13/2022,372.0,397.0,371.0,393.0,6.22,146776.0,428.0,287.0
PMHPL,1/16/2022,398.0,405.0,390.0,390.5,-0.64,107070.0,428.0,287.0
PMHPL,1/17/2022,396.9,397.8,383.0,397.8,1.87,84982.0,428.0,287.0
PMHPL,1/18/2022,401.0,401.9,373.0,380.0,-4.47,62486.0,428.0,287.0
PMHPL,1/19/2022,386.0,386.0,369.0,370.0,-2.63,55624.0,428.0,287.0
PMHPL,1/20/2022,363.0,391.0,363.0,390.0,5.41,50080.0,428.0,287.0
PMHPL,1/23/2022,397.8,405.7,382.0,387.0,-0.77,52527.0,428.0,287.0
PMHPL,1/24/2022,387.0,387.0,361.0,368.0,-4.91,58439.0,428.0,287.0
PMHPL,1/25/2022,373.0,375.0,355.0,365.0,-0.82,28326.0,428.0,287.0
PMHPL,1/26/2022,364.0,367.0,350.0,359.5,-1.51,33728.0,428.0,287.0
PMHPL,1/27/2022,366.6,373.9,357.0,368.9,2.61,33253.0,428.0,287.0
PMHPL,1/30/2022,372.0,390.0,372.0,390.0,5.72,41060.0,428.0,287.0
PMHPL,1/31/2022,396.0,396.0,377.0,378.0,-3.08,39141.0,428.0,287.0
PMHPL,2/1/2022,385.5,391.0,374.4,386.0,2.12,58901.0,428.0,287.0
PMHPL,2/3/2022,393.7,396.9,385.0,390.0,1.04,76830.0,428.0,287.0
PMHPL,2/6/2022,383.0,390.0,377.4,380.0,-2.56,34103.0,428.0,287.0
PMHPL,2/7/2022,375.0,386.9,375.0,382.0,0.53,38710.0,428.0,287.0
PMHPL,2/8/2022,389.0,404.0,366.1,376.0,-1.57,29066.0,428.0,287.0
PMHPL,2/9/2022,369.0,383.0,366.6,378.4,0.64,14957.0,428.0,287.0
PMHPL,2/10/2022,372.1,373.0,363.0,369.0,-2.48,31820.0,428.0,287.0
PMHPL,2/13/2022,361.7,361.7,342.0,343.0,-7.05,26237.0,428.0,287.0
PMHPL,2/14/2022,349.0,355.0,337.0,348.0,1.46,20227.0,428.0,287.0
PMHPL,2/15/2022,341.1,369.0,341.1,369.0,6.03,15978.0,428.0,287.0
PMHPL,2/16/2022,372.0,372.0,355.0,360.0,-2.44,13047.0,428.0,287.0
PMHPL,2/17/2022,354.0,365.0,353.0,355.5,-1.25,7304.0,428.0,287.0
PMHPL,2/20/2022,348.4,365.0,341.5,350.0,-1.55,17444.0,428.0,287.0
PMHPL,2/21/2022,350.0,361.0,350.0,357.0,2.0,9995.0,428.0,287.0
PMHPL,2/22/2022,364.0,370.0,357.0,359.0,0.56,6419.0,428.0,287.0
PMHPL,2/23/2022,366.0,381.0,361.2,373.0,3.9,49629.0,428.0,287.0
PMHPL,2/24/2022,380.4,380.4,360.0,366.0,-1.88,38976.0,428.0,287.0
PMHPL,2/27/2022,371.0,375.0,358.0,370.0,1.09,21499.0,428.0,287.0
PMHPL,2/28/2022,377.0,384.4,350.2,362.0,-2.16,19802.0,428.0,287.0
PMHPL,3/2/2022,358.0,360.0,341.0,347.0,-4.14,15831.0,428.0,287.0
PMHPL,3/6/2022,353.0,353.0,340.0,344.4,-0.75,13850.0,428.0,287.0
PMHPL,3/7/2022,349.0,349.9,325.5,329.0,-4.47,10473.0,428.0,287.0
PMHPL,3/9/2022,335.5,335.5,313.1,315.0,-4.26,8845.0,428.0,287.0
PMHPL,3/10/2022,309.0,336.0,309.0,336.0,6.67,18999.0,428.0,287.0
PMHPL,3/13/2022,340.0,350.0,336.0,348.0,3.57,15008.0,428.0,287.0
PMHPL,3/14/2022,350.0,350.0,337.1,340.2,-2.24,1355.0,428.0,287.0
PMHPL,3/15/2022,347.0,347.0,332.1,339.8,-0.12,8155.0,428.0,287.0
PMHPL,3/16/2022,335.0,340.0,331.0,338.0,-0.53,5432.0,428.0,287.0
PMHPL,3/20/2022,338.0,338.0,332.1,336.9,-0.33,4195.0,428.0,287.0
PMHPL,3/21/2022,331.0,349.8,331.0,344.0,2.11,6658.0,428.0,287.0
PMHPL,3/22/2022,345.0,345.0,337.2,343.9,-0.03,3778.0,428.0,287.0
PMHPL,3/23/2022,337.9,338.0,331.5,334.1,-2.85,3474.0,428.0,287.0
PMHPL,3/24/2022,331.0,336.0,324.4,324.5,-2.87,11915.0,428.0,287.0
PMHPL,3/27/2022,325.0,325.0,312.0,312.0,-3.85,9175.0,428.0,287.0
PMHPL,3/28/2022,307.0,318.0,306.0,308.0,-1.28,9065.0,428.0,287.0
PMHPL,3/29/2022,310.0,311.0,303.0,307.9,-0.03,8215.0,428.0,287.0
PMHPL,3/30/2022,303.0,314.1,300.0,313.0,1.66,15394.0,428.0,287.0
PMHPL,3/31/2022,315.0,315.0,305.0,305.0,-2.56,1745.0,428.0,287.0
PMHPL,4/3/2022,305.0,305.0,297.7,298.0,-2.3,6189.0,428.0,287.0
PMHPL,4/4/2022,293.1,309.0,293.1,303.0,1.68,10092.0,428.0,287.0
PMHPL,4/5/2022,297.2,298.0,287.3,296.0,-2.31,12809.0,428.0,287.0
PMHPL,4/6/2022,293.0,299.0,288.0,289.0,-2.36,9027.0,428.0,287.0
PMHPL,4/7/2022,287.9,303.6,287.9,298.0,3.11,6659.0,428.0,287.0
PMHPL,4/11/2022,300.0,307.0,287.3,287.3,-3.59,5015.0,428.0,287.0
PMHPL,4/12/2022,282.0,287.5,264.2,280.0,-2.54,7890.0,428.0,287.0
PMHPL,4/13/2022,285.0,285.0,269.5,282.0,0.71,4701.0,428.0,287.0
PMHPL,4/17/2022,285.0,285.0,270.5,275.0,-2.48,5929.0,428.0,287.0
PMHPL,4/18/2022,270.0,270.0,260.0,265.0,-3.64,11222.0,428.0,287.0
PMHPL,4/19/2022,260.0,270.5,246.0,268.0,1.13,22459.0,428.0,287.0
PMHPL,4/20/2022,262.7,263.0,251.0,253.0,-5.6,23824.0,428.0,287.0
PMHPL,4/21/2022,248.0,263.0,240.0,263.0,3.95,10616.0,428.0,287.0
PMHPL,4/24/2022,267.0,289.0,260.0,289.0,9.89,14929.0,428.0,287.0
PMHPL,4/25/2022,294.0,295.7,276.0,280.0,-3.11,12878.0,428.0,287.0
PMHPL,4/26/2022,284.0,284.0,273.0,277.0,-1.07,2353.0,428.0,287.0
PMHPL,4/27/2022,271.5,282.0,266.1,281.9,1.77,2553.0,428.0,287.0
PMHPL,4/28/2022,281.0,281.0,273.0,274.0,-2.8,4425.0,428.0,287.0
PMHPL,5/2/2022,268.6,268.6,254.3,261.0,-4.74,5616.0,428.0,287.0
PMHPL,5/4/2022,256.0,259.1,249.0,259.1,-0.73,6542.0,428.0,287.0
PMHPL,5/5/2022,255.0,255.0,242.0,243.0,-6.21,5545.0,428.0,287.0
PMHPL,5/8/2022,238.5,257.0,230.1,257.0,5.76,6161.0,428.0,287.0
PMHPL,5/9/2022,262.0,262.0,251.2,251.5,-2.14,3830.0,428.0,287.0
PMHPL,5/10/2022,256.0,264.0,254.0,259.0,2.98,4995.0,428.0,287.0
PMHPL,5/11/2022,262.0,278.4,260.0,277.0,6.95,12815.0,428.0,287.0
PMHPL,5/12/2022,275.0,293.0,268.0,272.0,-1.81,9792.0,428.0,287.0
PMHPL,5/17/2022,268.0,268.0,247.0,250.0,-8.09,9549.0,428.0,287.0
PMHPL,5/18/2022,245.0,259.0,241.0,258.0,3.2,9003.0,428.0,287.0
PMHPL,5/19/2022,255.0,263.0,245.0,250.0,-3.1,9726.0,428.0,287.0
PMHPL,5/20/2022,247.0,254.0,244.1,245.0,-2.0,6777.0,428.0,287.0
PMHPL,5/23/2022,241.0,246.0,238.0,245.0,0.0,6497.0,428.0,287.0
PMHPL,5/24/2022,245.0,253.0,235.4,249.9,2.0,6659.0,428.0,287.0
PMHPL,5/25/2022,254.0,254.0,241.0,247.5,-0.96,4355.0,428.0,287.0
PMHPL,5/26/2022,244.0,248.0,243.0,243.0,-1.82,1896.0,428.0,287.0
PMHPL,5/27/2022,240.1,245.0,237.0,240.0,-1.23,5157.0,428.0,287.0
PMHPL,5/30/2022,243.0,243.0,231.3,234.0,-2.5,3930.0,428.0,287.0
PMHPL,5/31/2022,229.5,236.0,227.5,232.0,-0.85,3681.0,428.0,287.0
PMHPL,6/1/2022,236.0,236.0,228.0,235.0,1.29,2376.0,428.0,287.0
PMHPL,6/2/2022,231.0,235.6,230.3,234.0,-0.43,2188.0,428.0,287.0
PMHPL,6/3/2022,230.0,231.0,222.0,230.0,-1.71,3890.0,428.0,287.0
PMHPL,6/6/2022,234.0,234.0,225.0,229.0,-0.43,2572.0,428.0,287.0
PMHPL,6/7/2022,225.0,228.0,220.5,223.0,-2.62,3745.0,428.0,287.0
PMHPL,6/8/2022,227.0,238.0,224.0,235.4,5.56,6860.0,428.0,287.0
PMHPL,6/9/2022,239.0,239.0,229.5,232.9,-1.06,3357.0,428.0,287.0
PMHPL,6/10/2022,233.0,235.0,223.0,232.8,-0.04,2924.0,428.0,287.0
PMHPL,6/13/2022,230.0,230.0,225.5,225.5,-3.14,170.0,428.0,287.0
PMHPL,6/14/2022,221.0,225.0,216.0,216.0,-4.21,4375.0,428.0,287.0
PMHPL,6/15/2022,213.0,220.3,212.4,215.0,-0.46,4630.0,428.0,287.0
PMHPL,6/16/2022,219.3,219.3,212.1,216.9,0.88,4240.0,428.0,287.0
PMHPL,6/17/2022,221.0,221.0,210.0,215.0,-0.88,1220.0,428.0,287.0
PMHPL,6/19/2022,210.7,214.8,208.8,208.8,-2.88,11857.0,428.0,287.0
PMHPL,6/20/2022,204.7,204.7,197.0,199.0,-4.69,5567.0,428.0,287.0
PMHPL,6/21/2022,198.0,215.0,196.1,203.0,2.01,2753.0,428.0,287.0
PMHPL,6/22/2022,205.0,205.0,195.0,195.0,-3.94,2549.0,428.0,287.0
PMHPL,6/23/2022,191.1,191.1,180.0,187.0,-4.1,4662.0,428.0,287.0
PMHPL,6/24/2022,184.0,200.0,183.0,192.0,2.67,2520.0,428.0,287.0
PMHPL,6/26/2022,195.0,208.0,195.0,207.9,8.28,10192.0,428.0,287.0
PMHPL,6/27/2022,204.0,211.0,200.0,200.0,-3.8,12221.0,428.0,287.0
PMHPL,6/28/2022,196.0,198.0,195.0,195.0,-2.5,2438.0,428.0,287.0
PMHPL,6/29/2022,197.9,206.0,195.0,205.4,5.33,4820.0,428.0,287.0
PMHPL,6/30/2022,208.0,225.9,203.9,225.0,9.54,18306.0,428.0,287.0
PMHPL,7/1/2022,221.0,231.0,218.0,218.0,-3.11,3473.0,428.0,287.0
PMHPL,7/3/2022,218.0,238.5,215.0,235.0,7.8,12070.0,428.0,287.0
PMHPL,7/4/2022,237.0,258.0,223.0,225.0,-4.26,32444.0,428.0,287.0
PMHPL,7/5/2022,222.0,238.0,218.0,222.0,-1.33,15335.0,428.0,287.0
PMHPL,7/6/2022,220.0,229.1,215.6,228.5,2.93,9778.0,428.0,287.0
PMHPL,7/7/2022,230.0,238.6,224.1,226.4,-0.92,2255.0,428.0,287.0
PMHPL,7/8/2022,221.9,228.0,210.0,228.0,0.71,1900.0,428.0,287.0
PMHPL,7/11/2022,223.5,223.5,206.5,210.0,-7.89,8595.0,428.0,287.0
PMHPL,7/12/2022,214.0,218.2,205.9,210.0,0.0,6275.0,428.0,287.0
PMHPL,7/13/2022,214.0,222.5,214.0,220.0,4.76,7671.0,428.0,287.0
PMHPL,7/14/2022,224.0,226.0,215.6,223.9,1.77,9930.0,428.0,287.0
PMHPL,7/15/2022,219.5,225.3,216.3,221.0,-1.3,2512.0,428.0,287.0
PMHPL,7/17/2022,217.0,224.0,216.6,219.0,-0.9,3336.0,428.0,287.0
PMHPL,7/18/2022,215.0,222.0,213.0,220.0,0.46,4146.0,428.0,287.0
PMHPL,7/19/2022,223.0,226.0,216.6,220.0,0.0,9156.0,428.0,287.0
PMHPL,7/20/2022,224.0,225.5,218.5,222.8,1.27,7703.0,428.0,287.0
PMHPL,7/21/2022,218.4,226.4,218.4,222.9,0.04,12360.0,428.0,287.0
PMHPL,7/22/2022,227.0,227.0,213.8,220.0,-1.3,3691.0,428.0,287.0
PMHPL,7/24/2022,224.0,228.0,216.0,228.0,3.64,7931.0,428.0,287.0
PMHPL,7/25/2022,232.0,245.3,225.0,243.0,6.58,31595.0,428.0,287.0
PMHPL,7/26/2022,238.2,245.1,235.0,236.0,-2.88,19185.0,428.0,287.0
PMHPL,7/27/2022,231.3,244.0,228.9,241.0,2.12,17546.0,428.0,287.0
PMHPL,7/28/2022,245.0,258.7,241.1,251.9,4.52,45954.0,428.0,287.0
PMHPL,7/29/2022,251.0,258.9,243.4,257.0,2.02,10085.0,428.0,287.0
PMHPL,7/31/2022,253.0,268.2,252.0,265.0,3.11,30996.0,428.0,287.0
PMHPL,8/1/2022,259.8,271.0,255.0,261.5,-1.32,27447.0,428.0,287.0
PMHPL,8/2/2022,258.0,270.0,258.0,263.9,0.92,10777.0,428.0,287.0
PMHPL,8/3/2022,263.0,280.3,263.0,275.0,4.21,37293.0,428.0,287.0
PMHPL,8/4/2022,277.0,277.0,262.0,263.0,-4.36,26318.0,428.0,287.0
PMHPL,8/5/2022,257.8,265.0,255.0,258.9,-1.56,14250.0,428.0,287.0
PMHPL,8/7/2022,264.0,265.0,254.5,263.9,1.93,14528.0,428.0,287.0
PMHPL,8/8/2022,259.0,267.0,254.0,258.8,-1.93,13049.0,428.0,287.0
PMHPL,8/9/2022,253.7,256.0,241.1,242.0,-6.49,10690.0,428.0,287.0
PMHPL,8/10/2022,238.1,252.1,235.2,242.0,0.0,10922.0,428.0,287.0
PMHPL,8/11/2022,238.1,246.8,236.0,237.0,-2.07,12645.0,428.0,287.0
PMHPL,8/14/2022,240.0,241.0,227.5,230.9,-2.57,8365.0,428.0,287.0
PMHPL,8/15/2022,234.0,253.9,232.0,253.9,9.96,12294.0,428.0,287.0
PMHPL,8/16/2022,248.9,256.0,239.5,240.0,-5.47,14560.0,428.0,287.0
PMHPL,8/17/2022,240.0,248.0,235.4,243.0,1.25,5520.0,428.0,287.0
PMHPL,8/18/2022,239.0,255.0,239.0,255.0,4.94,12858.0,428.0,287.0
PMHPL,8/21/2022,250.0,254.5,246.0,246.0,-3.53,20143.0,428.0,287.0
PMHPL,8/22/2022,242.0,248.9,237.7,244.9,-0.45,8150.0,428.0,287.0
PMHPL,8/23/2022,241.0,244.0,236.1,243.0,-0.78,5772.0,428.0,287.0
PMHPL,8/24/2022,245.0,245.0,236.0,242.0,-0.41,6424.0,428.0,287.0
PMHPL,8/25/2022,244.0,245.0,230.0,243.7,0.7,4805.0,428.0,287.0
PMHPL,8/26/2022,239.0,239.0,231.8,231.8,-4.88,2670.0,428.0,287.0
PMHPL,8/28/2022,231.0,235.6,222.1,223.0,-3.8,8262.0,428.0,287.0
PMHPL,8/29/2022,219.0,231.5,215.0,226.4,1.52,4510.0,428.0,287.0
PMHPL,8/30/2022,230.8,230.9,225.0,225.0,-0.62,4650.0,428.0,287.0
PMHPL,8/31/2022,221.0,224.0,216.2,216.7,-3.69,2971.0,428.0,287.0
PMHPL,9/1/2022,213.1,218.9,213.1,218.8,0.97,3995.0,428.0,287.0
PMHPL,9/2/2022,216.2,217.0,215.0,217.0,-0.82,2300.0,428.0,287.0
PMHPL,9/4/2022,220.0,223.8,214.0,223.8,3.13,2696.0,428.0,287.0
PMHPL,9/5/2022,220.0,224.0,216.0,221.9,-0.85,5141.0,428.0,287.0
PMHPL,9/6/2022,217.5,218.9,213.0,216.9,-2.25,4766.0,428.0,287.0
PMHPL,9/7/2022,212.6,216.0,208.4,211.7,-2.4,4620.0,428.0,287.0
PMHPL,9/8/2022,211.0,215.9,206.1,215.9,1.98,3100.0,428.0,287.0
PMHPL,9/11/2022,216.0,220.0,211.8,216.0,0.05,5334.0,428.0,287.0
PMHPL,9/12/2022,212.2,212.2,209.0,210.0,-2.78,2071.0,428.0,287.0
PMHPL,9/13/2022,210.0,216.5,210.0,215.0,2.38,3779.0,428.0,287.0
PMHPL,9/14/2022,214.1,228.0,214.1,227.5,5.81,16900.0,428.0,287.0
PMHPL,9/15/2022,223.0,228.0,210.0,212.9,-6.42,11643.0,428.0,287.0
PMHPL,9/16/2022,209.0,212.0,206.0,209.0,-1.83,2765.0,428.0,287.0
PMHPL,9/18/2022,204.9,208.0,198.0,198.0,-5.26,10208.0,428.0,287.0
PMHPL,9/20/2022,195.0,195.0,188.0,191.0,-3.54,5648.0,428.0,287.0
PMHPL,9/21/2022,194.0,196.0,192.1,193.0,1.05,6063.0,428.0,287.0
PMHPL,9/22/2022,189.2,203.5,187.0,191.0,-1.04,4390.0,428.0,287.0
PMHPL,9/25/2022,188.0,191.0,184.3,184.3,-3.51,960.0,428.0,287.0
PMHPL,9/27/2022,186.0,197.5,184.2,184.2,-0.05,5716.0,428.0,287.0
PMHPL,9/28/2022,183.2,192.0,183.2,192.0,4.23,1579.0,428.0,287.0
PMHPL,9/29/2022,190.2,190.2,185.3,185.3,-3.49,2310.0,428.0,287.0
PMHPL,10/9/2022,189.0,198.9,183.0,198.9,7.34,2432.0,428.0,287.0
PMHPL,10/10/2022,195.0,195.0,188.2,188.2,-5.38,2615.0,428.0,287.0
PMHPL,10/11/2022,184.5,187.6,178.0,184.1,-2.18,2179.0,428.0,287.0
PMHPL,10/12/2022,182.1,190.5,182.0,187.0,1.58,2888.0,428.0,287.0
PMHPL,10/13/2022,185.0,189.9,184.0,187.0,0.0,1260.0,428.0,287.0
PMHPL,10/16/2022,185.0,187.0,174.6,177.0,-5.35,4841.0,428.0,287.0
PMHPL,10/17/2022,178.0,179.0,176.0,176.0,-0.56,2235.0,428.0,287.0
PMHPL,10/19/2022,175.0,175.0,169.2,173.4,-1.48,4359.0,428.0,287.0
PMHPL,10/20/2022,170.2,173.4,168.0,173.4,0.0,3674.0,428.0,287.0
PMHPL,10/23/2022,172.0,176.0,172.0,176.0,1.5,1510.0,428.0,287.0
PMHPL,10/31/2022,172.5,177.9,168.0,176.4,0.23,1000.0,428.0,287.0
PMHPL,11/1/2022,173.0,190.0,173.0,190.0,7.71,6785.0,428.0,287.0
PMHPL,11/2/2022,192.0,208.0,186.2,193.2,1.68,9287.0,428.0,287.0
PMHPL,11/3/2022,195.0,197.0,189.0,192.1,-0.57,3781.0,428.0,287.0
PMHPL,11/6/2022,190.0,203.0,189.0,203.0,5.67,3821.0,428.0,287.0
PMHPL,11/7/2022,205.0,210.0,197.0,204.9,0.94,11886.0,428.0,287.0
PMHPL,11/8/2022,200.9,203.0,196.0,199.9,-2.44,5735.0,428.0,287.0
PMHPL,11/9/2022,196.5,196.5,185.0,188.7,-5.6,3030.0,428.0,287.0
PMHPL,11/10/2022,185.0,186.0,177.7,178.8,-5.25,8227.0,428.0,287.0
PMHPL,11/13/2022,178.0,180.0,175.2,175.3,-1.96,3543.0,428.0,287.0
PMHPL,11/14/2022,177.0,184.5,176.0,184.5,5.25,4698.0,428.0,287.0
PMHPL,11/15/2022,186.0,199.0,186.0,189.9,2.93,13992.0,428.0,287.0
PMHPL,11/16/2022,193.6,197.0,191.1,192.0,1.11,9200.0,428.0,287.0
PMHPL,11/17/2022,190.0,203.5,190.0,203.5,5.99,13763.0,428.0,287.0
PMHPL,11/22/2022,204.0,204.0,195.7,197.6,-2.9,12322.0,428.0,287.0
PMHPL,11/23/2022,194.0,200.0,193.8,200.0,1.21,3795.0,428.0,287.0
PMHPL,11/24/2022,197.0,202.8,196.0,200.1,0.05,7122.0,428.0,287.0
PMHPL,11/27/2022,203.0,214.9,196.0,212.0,5.95,15833.0,428.0,287.0
PMHPL,11/28/2022,208.0,210.0,201.0,205.0,-3.3,10847.0,428.0,287.0
PMHPL,11/29/2022,205.0,209.0,202.0,209.0,1.95,3657.0,428.0,287.0
PMHPL,11/30/2022,213.0,213.0,203.1,209.0,0.0,1630.0,428.0,287.0
PMHPL,12/1/2022,205.0,212.2,201.1,209.8,0.38,6266.0,428.0,287.0
PMHPL,12/4/2022,211.9,211.9,204.9,206.0,-1.81,3769.0,428.0,287.0
PMHPL,12/5/2022,205.0,209.0,200.0,204.0,-0.97,4363.0,428.0,287.0
PMHPL,12/6/2022,207.0,207.0,198.0,198.5,-2.7,8806.0,428.0,287.0
PMHPL,12/7/2022,201.0,201.0,195.0,197.0,-0.76,2406.0,428.0,287.0
PMHPL,12/11/2022,193.1,196.0,189.3,191.0,-3.05,5023.0,428.0,287.0
PMHPL,12/12/2022,192.0,194.8,183.3,194.8,1.99,8290.0,428.0,287.0
PMHPL,12/13/2022,198.6,198.6,187.0,193.0,-0.92,2060.0,428.0,287.0
PMHPL,12/14/2022,190.0,193.0,190.0,193.0,0.0,1458.0,428.0,287.0
PMHPL,12/15/2022,189.2,195.9,178.2,191.0,-1.04,17017.0,428.0,287.0
PMHPL,12/18/2022,194.8,206.5,184.0,187.0,-2.09,1170.0,428.0,287.0
PMHPL,12/19/2022,190.7,190.7,179.1,185.0,-1.07,10502.0,428.0,287.0
PMHPL,12/20/2022,188.7,188.7,177.7,188.0,1.62,11587.0,428.0,287.0
PMHPL,12/21/2022,191.7,203.0,176.2,176.2,-6.28,570.0,428.0,287.0
PMHPL,12/22/2022,178.7,187.0,178.7,180.0,2.16,9947.0,428.0,287.0
PMHPL,12/26/2022,183.6,196.0,183.6,194.5,8.06,14841.0,428.0,287.0
PMHPL,12/27/2022,198.0,206.0,197.2,199.1,2.37,31259.0,428.0,287.0
PMHPL,12/28/2022,196.0,204.5,188.3,197.2,-0.95,21097.0,428.0,287.0
PMHPL,12/29/2022,199.0,210.0,197.2,209.0,5.98,37385.0,428.0,287.0
PMHPL,1/1/2023,210.0,217.9,206.0,210.1,0.53,32686.0,428.0,287.0
PMHPL,1/2/2023,206.0,218.0,206.0,216.9,3.24,24285.0,428.0,287.0
PMHPL,1/3/2023,214.0,222.0,212.1,218.5,0.74,37836.0,428.0,287.0
PMHPL,1/4/2023,215.1,232.0,215.1,231.0,5.72,43168.0,428.0,287.0
PMHPL,1/5/2023,233.9,235.6,223.3,235.0,1.73,32613.0,428.0,287.0
PMHPL,1/8/2023,235.0,243.0,223.0,239.0,1.7,46683.0,428.0,287.0
PMHPL,1/9/2023,234.4,262.9,229.9,262.0,9.62,72474.0,428.0,287.0
PMHPL,1/10/2023,263.0,288.2,259.0,270.0,3.05,103876.0,428.0,287.0
PMHPL,1/12/2023,275.0,285.6,259.9,260.1,-3.67,70429.0,428.0,287.0
PMHPL,1/17/2023,255.5,280.5,250.0,263.2,1.19,69507.0,428.0,287.0
PMHPL,1/18/2023,268.4,284.7,265.6,270.0,2.58,71474.0,428.0,287.0
PMHPL,1/19/2023,268.0,287.1,264.0,275.0,1.85,34114.0,428.0,287.0
PMHPL,1/23/2023,269.5,281.5,260.0,269.0,-2.18,41400.0,428.0,287.0
PMHPL,1/24/2023,269.0,271.9,257.3,270.0,0.37,22769.0,428.0,287.0
PMHPL,1/25/2023,275.4,283.0,268.0,273.0,1.11,32108.0,428.0,287.0
PMHPL,1/26/2023,275.0,286.9,275.0,280.0,2.56,53053.0,428.0,287.0
PMHPL,1/29/2023,280.0,284.0,272.5,272.5,-2.68,16349.0,428.0,287.0
PMHPL,1/30/2023,270.0,272.9,256.0,261.0,-4.22,30768.0,428.0,287.0
PMHPL,1/31/2023,255.8,267.0,251.0,260.0,-0.38,15331.0,428.0,287.0
PMHPL,2/1/2023,264.0,264.0,253.2,258.7,-0.5,8340.0,428.0,287.0
PMHPL,2/2/2023,254.0,256.0,248.0,250.0,-3.36,17863.0,428.0,287.0
PMHPL,2/5/2023,254.0,257.0,245.4,248.0,-0.8,19653.0,428.0,287.0
PMHPL,2/6/2023,250.0,252.9,246.0,250.0,0.81,6461.0,428.0,287.0
PMHPL,2/7/2023,249.0,275.0,249.0,272.0,8.8,27391.0,428.0,287.0
PMHPL,2/8/2023,276.0,281.0,264.5,266.2,-2.13,34706.0,428.0,287.0
PMHPL,2/9/2023,261.0,278.0,261.0,274.0,2.93,20564.0,428.0,287.0
PMHPL,2/12/2023,268.7,268.7,259.0,260.0,-5.11,19571.0,428.0,287.0
PMHPL,2/14/2023,256.0,265.0,253.0,260.0,0.0,15252.0,428.0,287.0
PMHPL,2/15/2023,255.1,264.8,245.0,250.9,-3.5,26711.0,428.0,287.0
PMHPL,2/16/2023,246.2,254.9,243.1,247.0,-1.55,11673.0,428.0,287.0
PMHPL,2/20/2023,243.0,250.0,240.0,245.0,-0.81,9111.0,428.0,287.0
PMHPL,2/22/2023,248.9,261.0,247.0,257.9,5.27,15327.0,428.0,287.0
PMHPL,2/23/2023,252.9,254.0,246.0,248.0,-3.84,8192.0,428.0,287.0
PMHPL,2/26/2023,243.1,250.8,233.0,250.0,0.81,17741.0,428.0,287.0
PMHPL,2/27/2023,254.0,256.0,237.0,251.4,0.56,16359.0,428.0,287.0
PMHPL,2/28/2023,249.0,256.0,247.0,248.0,-1.35,10006.0,428.0,287.0
PMHPL,3/1/2023,252.9,252.9,243.2,243.2,-1.94,791.0,428.0,287.0
PMHPL,3/2/2023,242.0,243.2,237.3,237.3,-2.43,5280.0,428.0,287.0
PMHPL,3/5/2023,240.0,240.0,233.0,233.0,-1.81,7950.0,428.0,287.0
PMHPL,3/7/2023,229.0,245.7,229.0,240.0,3.0,6389.0,428.0,287.0
PMHPL,3/9/2023,243.3,253.0,243.3,253.0,5.42,11096.0,428.0,287.0
PMHPL,3/12/2023,258.0,259.0,245.0,247.9,-2.02,12475.0,428.0,287.0
PMHPL,3/13/2023,252.0,252.0,242.4,245.2,-1.09,2047.0,428.0,287.0
PMHPL,3/14/2023,250.1,251.5,245.0,247.0,0.73,2319.0,428.0,287.0
PMHPL,3/15/2023,244.2,249.0,242.0,247.9,0.36,4939.0,428.0,287.0
PMHPL,3/16/2023,243.0,249.5,242.0,248.0,0.04,2986.0,428.0,287.0
PMHPL,3/19/2023,248.0,249.9,243.0,247.9,-0.04,6560.0,428.0,287.0
PMHPL,3/20/2023,250.0,251.0,246.1,251.0,1.25,3745.0,428.0,287.0
PMHPL,3/22/2023,255.0,255.0,247.0,251.0,0.0,6035.0,428.0,287.0
PMHPL,3/23/2023,246.0,251.0,242.5,244.6,-2.55,2820.0,428.0,287.0
PMHPL,3/26/2023,242.0,242.0,238.1,241.0,-1.47,2824.0,428.0,287.0
PMHPL,3/27/2023,244.0,248.7,235.5,248.5,3.11,5606.0,428.0,287.0
PMHPL,3/28/2023,252.0,252.5,244.1,245.0,-1.41,7150.0,428.0,287.0
PMHPL,3/29/2023,248.9,248.9,244.1,248.8,1.55,2392.0,428.0,287.0
PMHPL,3/30/2023,251.0,252.0,241.0,243.0,-2.33,5340.0,428.0,287.0
PMHPL,4/2/2023,247.8,252.0,236.1,242.8,-0.08,2100.0,428.0,287.0
PMHPL,4/3/2023,240.0,241.0,238.2,240.0,-1.15,2470.0,428.0,287.0
PMHPL,4/4/2023,244.7,244.7,232.3,239.0,-0.42,3100.0,428.0,287.0
PMHPL,4/5/2023,236.0,243.0,226.2,242.0,1.26,5650.0,428.0,287.0
PMHPL,4/6/2023,242.0,242.0,234.0,237.0,-2.07,2813.0,428.0,287.0
PMHPL,4/9/2023,237.0,240.0,224.1,229.4,-3.21,2620.0,428.0,287.0
PMHPL,4/10/2023,225.1,232.5,225.1,230.0,0.26,665.0,428.0,287.0
PMHPL,4/11/2023,229.0,239.2,226.1,237.0,3.04,3662.0,428.0,287.0
PMHPL,4/12/2023,239.9,250.9,237.0,249.8,5.4,8258.0,428.0,287.0
PMHPL,4/13/2023,253.0,253.0,238.4,242.0,-3.12,8972.0,428.0,287.0
PMHPL,4/16/2023,245.8,245.8,236.6,244.0,0.83,3214.0,428.0,287.0
PMHPL,4/17/2023,246.9,246.9,238.0,239.9,-1.68,3820.0,428.0,287.0
PMHPL,4/18/2023,235.2,238.0,235.0,236.8,-1.29,2210.0,428.0,287.0
PMHPL,4/19/2023,235.5,240.8,235.0,236.0,-0.34,2581.0,428.0,287.0
PMHPL,4/20/2023,235.0,235.0,231.2,234.9,-0.47,3808.0,428.0,287.0
PMHPL,4/23/2023,235.5,235.5,231.0,231.0,-1.66,4875.0,428.0,287.0
PMHPL,4/24/2023,226.5,244.8,226.5,235.8,2.08,3588.0,428.0,287.0
PMHPL,4/25/2023,236.0,239.0,231.2,238.0,0.93,950.0,428.0,287.0
PMHPL,4/26/2023,241.0,241.0,228.3,235.9,-0.88,3340.0,428.0,287.0
PMHPL,4/27/2023,231.3,234.0,229.0,234.0,-0.81,2315.0,428.0,287.0
PMHPL,4/30/2023,230.0,234.5,226.0,234.5,0.21,1786.0,428.0,287.0
PMHPL,5/2/2023,229.9,232.8,229.9,232.8,-0.72,1170.0,428.0,287.0
PMHPL,5/3/2023,228.3,229.9,224.0,229.5,-1.42,1300.0,428.0,287.0
PMHPL,5/4/2023,227.0,231.0,221.0,230.9,0.61,2900.0,428.0,287.0
PMHPL,5/7/2023,226.4,228.0,222.0,226.0,-2.12,3162.0,428.0,287.0
PMHPL,5/8/2023,221.5,229.0,213.0,224.5,-0.66,5113.0,428.0,287.0
PMHPL,5/9/2023,225.0,227.0,217.7,224.5,0.0,2810.0,428.0,287.0
PMHPL,5/10/2023,220.1,226.0,215.7,225.9,0.62,465.0,428.0,287.0
PMHPL,5/11/2023,221.4,225.4,213.1,216.1,-4.34,3212.0,428.0,287.0
PMHPL,5/14/2023,216.0,216.0,208.4,208.4,-3.56,4055.0,428.0,287.0
PMHPL,5/15/2023,205.0,210.0,200.4,205.3,-1.49,726.0,428.0,287.0
PMHPL,5/16/2023,201.2,208.0,201.2,205.3,0.0,1465.0,428.0,287.0
PMHPL,5/17/2023,201.2,225.0,201.2,218.8,6.58,5322.0,428.0,287.0
PMHPL,5/18/2023,219.0,225.0,217.1,224.0,2.38,6775.0,428.0,287.0
PMHPL,5/21/2023,226.0,228.4,215.6,221.0,-1.34,4164.0,428.0,287.0
PMHPL,5/22/2023,224.0,226.0,214.0,219.0,-0.9,7030.0,428.0,287.0
PMHPL,5/23/2023,214.7,236.2,214.7,228.0,4.11,8626.0,428.0,287.0
PMHPL,5/24/2023,230.9,234.0,220.1,230.0,0.88,4640.0,428.0,287.0
PMHPL,5/28/2023,226.5,230.0,224.5,228.0,-0.87,8626.0,428.0,287.0
PMHPL,5/30/2023,224.0,224.0,216.1,216.1,-5.22,4086.0,428.0,287.0
PMHPL,5/31/2023,212.0,224.8,210.2,215.0,-0.51,5406.0,428.0,287.0
PMHPL,6/1/2023,217.0,219.0,214.6,216.0,0.47,2187.0,428.0,287.0
PMHPL,6/4/2023,220.0,227.0,220.0,226.0,4.63,7059.0,428.0,287.0
PMHPL,6/5/2023,224.0,224.1,219.7,221.0,-2.21,3002.0,428.0,287.0
PMHPL,6/6/2023,220.0,229.0,216.5,229.0,3.62,5388.0,428.0,287.0
PMHPL,6/7/2023,232.0,234.0,225.0,229.0,0.0,12899.0,428.0,287.0
PMHPL,6/8/2023,227.0,231.0,227.0,230.0,0.44,1872.0,428.0,287.0
PMHPL,6/11/2023,225.5,237.6,225.5,235.0,2.17,24587.0,428.0,287.0
PMHPL,6/12/2023,235.0,237.9,228.7,234.8,-0.09,10905.0,428.0,287.0
PMHPL,6/13/2023,230.2,245.0,227.0,238.0,1.36,28627.0,428.0,287.0
PMHPL,6/14/2023,233.4,258.0,233.0,240.0,0.84,25291.0,428.0,287.0
PMHPL,6/15/2023,235.2,253.0,231.0,236.0,-1.67,15515.0,428.0,287.0
PMHPL,6/18/2023,240.7,244.6,236.0,238.0,0.85,13532.0,428.0,287.0
PMHPL,6/19/2023,234.4,244.0,234.4,239.0,0.42,9214.0,428.0,287.0
PMHPL,6/20/2023,240.0,242.5,230.0,237.9,-0.46,13289.0,428.0,287.0
PMHPL,6/21/2023,234.0,238.0,225.0,233.0,-2.06,21754.0,428.0,287.0
PMHPL,6/22/2023,228.4,230.0,219.6,222.1,-4.68,16405.0,428.0,287.0
PMHPL,6/25/2023,218.1,229.4,215.7,225.0,1.31,18561.0,428.0,287.0
PMHPL,6/26/2023,229.5,234.0,221.0,229.0,1.78,12051.0,428.0,287.0
PMHPL,6/27/2023,225.0,230.5,222.1,228.0,-0.44,6166.0,428.0,287.0
PMHPL,6/28/2023,231.0,231.0,216.1,216.1,-5.22,13195.0,428.0,287.0
PMHPL,7/2/2023,216.1,224.8,206.0,218.0,0.88,38363.0,428.0,287.0
PMHPL,7/3/2023,220.0,221.9,207.5,218.8,0.37,5622.0,428.0,287.0
PMHPL,7/4/2023,216.0,216.5,206.0,216.0,-1.28,3041.0,428.0,287.0
PMHPL,7/5/2023,212.0,212.1,204.5,207.8,-3.8,10617.0,428.0,287.0
PMHPL,7/6/2023,204.0,210.0,200.0,206.0,-0.87,10040.0,428.0,287.0
PMHPL,7/9/2023,201.9,218.0,201.9,207.9,0.92,5971.0,428.0,287.0
PMHPL,7/10/2023,205.1,209.1,200.0,206.9,-0.48,6846.0,428.0,287.0
PMHPL,7/11/2023,208.0,208.0,200.0,200.0,-3.33,9290.0,428.0,287.0
PMHPL,7/12/2023,203.0,210.0,203.0,209.0,4.5,17931.0,428.0,287.0
PMHPL,7/13/2023,212.0,217.3,203.0,207.0,-0.96,24266.0,428.0,287.0
PMHPL,7/16/2023,207.0,207.0,200.0,204.0,-1.45,4437.0,428.0,287.0
PMHPL,7/17/2023,204.0,208.0,200.2,204.0,0.0,5737.0,428.0,287.0
PMHPL,7/18/2023,207.0,208.0,202.0,204.0,0.0,14827.0,428.0,287.0
PMHPL,7/19/2023,208.0,208.0,200.0,203.0,-0.49,14891.0,428.0,287.0
PMHPL,7/20/2023,202.0,205.5,199.0,204.9,0.94,9505.0,428.0,287.0
PMHPL,7/23/2023,201.1,207.0,201.0,206.8,0.93,9636.0,428.0,287.0
PMHPL,7/24/2023,207.0,214.2,206.1,207.3,0.24,13913.0,428.0,287.0
PMHPL,7/25/2023,207.4,209.7,204.1,207.0,-0.14,4440.0,428.0,287.0
PMHPL,7/26/2023,204.5,209.0,203.0,203.0,-1.93,13021.0,428.0,287.0
PMHPL,7/27/2023,207.0,207.0,200.0,203.0,0.0,2955.0,428.0,287.0
PMHPL,7/30/2023,204.0,204.0,199.0,199.9,-1.53,9425.0,428.0,287.0
PMHPL,7/31/2023,202.0,202.0,198.0,198.3,-0.8,3795.0,428.0,287.0
PMHPL,8/1/2023,201.0,201.0,193.3,195.0,-1.66,7480.0,428.0,287.0
PMHPL,8/2/2023,191.2,197.0,183.7,196.0,0.51,4365.0,428.0,287.0
PMHPL,8/3/2023,199.9,199.9,188.4,193.8,-1.12,3855.0,428.0,287.0
PMHPL,8/6/2023,193.0,193.0,185.1,187.9,-3.04,6691.0,428.0,287.0
PMHPL,8/7/2023,187.0,191.6,183.4,190.0,1.12,4962.0,428.0,287.0
PMHPL,8/8/2023,189.0,190.0,184.1,185.2,-2.53,2210.0,428.0,287.0
PMHPL,8/9/2023,185.5,188.9,181.5,188.9,2.0,3895.0,428.0,287.0
PMHPL,8/10/2023,186.0,191.0,186.0,189.0,0.05,4265.0,428.0,287.0
PMHPL,8/13/2023,185.3,191.0,185.3,188.0,-0.53,3650.0,428.0,287.0
PMHPL,8/14/2023,190.7,190.7,183.9,187.0,-0.53,8070.0,428.0,287.0
PMHPL,8/15/2023,183.4,186.9,172.7,183.0,-2.14,6720.0,428.0,287.0
PMHPL,8/16/2023,184.5,184.5,175.9,177.0,-3.28,1273.0,428.0,287.0
PMHPL,8/17/2023,179.0,180.5,175.0,175.0,-1.13,2190.0,428.0,287.0
PMHPL,8/20/2023,172.0,174.0,164.8,166.0,-5.14,7211.0,428.0,287.0
PMHPL,8/21/2023,163.0,174.0,161.0,165.5,-0.3,6350.0,428.0,287.0
PMHPL,8/22/2023,162.2,171.7,161.2,171.7,3.75,4279.0,428.0,287.0
PMHPL,8/23/2023,174.0,174.0,170.4,172.7,0.58,3373.0,428.0,287.0
PMHPL,8/24/2023,170.0,172.6,166.1,168.5,-2.43,6357.0,428.0,287.0
PMHPL,8/27/2023,165.2,165.2,162.2,163.0,-3.26,1065.0,428.0,287.0
PMHPL,8/28/2023,160.1,165.0,160.1,164.5,0.92,4110.0,428.0,287.0
PMHPL,8/29/2023,163.0,164.3,160.0,163.0,-0.91,6176.0,428.0,287.0
PMHPL,8/30/2023,165.0,165.0,162.0,163.5,0.31,1978.0,428.0,287.0
PMHPL,9/3/2023,160.3,163.5,158.0,160.0,-2.14,2610.0,428.0,287.0
PMHPL,9/4/2023,156.9,165.2,156.8,159.9,-0.06,1322.0,428.0,287.0
PMHPL,9/5/2023,157.0,158.0,154.0,158.0,-1.19,2597.0,428.0,287.0
PMHPL,9/7/2023,155.0,158.1,154.0,155.7,-1.46,1842.0,428.0,287.0
PMHPL,9/10/2023,157.0,157.0,151.5,154.0,-1.09,2354.0,428.0,287.0
PMHPL,9/11/2023,154.0,157.0,153.0,156.0,1.3,1450.0,428.0,287.0
PMHPL,9/12/2023,153.0,156.0,153.0,155.9,-0.06,1490.0,428.0,287.0
PMHPL,9/13/2023,154.1,161.0,154.0,160.0,2.63,2184.0,428.0,287.0
PMHPL,9/17/2023,157.0,160.0,156.0,158.9,-0.69,1500.0,428.0,287.0
PMHPL,9/18/2023,161.0,161.0,155.9,158.8,-0.06,1630.0,428.0,287.0
PMHPL,9/19/2023,156.0,173.0,156.0,173.0,8.94,4760.0,428.0,287.0
PMHPL,9/21/2023,176.4,186.5,176.4,184.0,6.36,22388.0,428.0,287.0
PMHPL,9/24/2023,180.4,183.0,175.2,179.9,-2.23,5459.0,428.0,287.0
PMHPL,9/25/2023,176.5,182.0,176.5,179.9,0.0,6039.0,428.0,287.0
PMHPL,9/26/2023,182.0,187.8,177.0,184.0,2.28,18342.0,428.0,287.0
PMHPL,9/27/2023,185.0,185.0,176.0,183.0,-0.54,12334.0,428.0,287.0
PMHPL,10/1/2023,179.4,182.0,171.5,174.5,-4.64,3350.0,428.0,287.0
PMHPL,10/2/2023,171.1,175.4,167.7,175.4,0.52,4417.0,428.0,287.0
PMHPL,10/3/2023,171.9,175.3,170.7,174.0,-0.8,978.0,428.0,287.0
PMHPL,10/4/2023,174.0,177.5,172.5,177.0,1.72,2329.0,428.0,287.0
PMHPL,10/5/2023,179.0,179.0,174.4,174.4,-1.47,6040.0,428.0,287.0
PMHPL,10/8/2023,174.4,174.4,165.0,168.3,-3.5,1710.0,428.0,287.0
PMHPL,10/9/2023,165.2,174.4,165.2,171.7,2.02,2775.0,428.0,287.0
PMHPL,10/10/2023,174.0,174.0,167.4,170.0,-0.99,250.0,428.0,287.0
PMHPL,10/11/2023,172.0,172.0,166.5,169.6,-0.24,760.0,428.0,287.0
PMHPL,10/12/2023,171.9,171.9,164.0,168.9,-0.41,5497.0,428.0,287.0
PMHPL,10/16/2023,165.6,165.6,162.0,164.0,-2.9,2242.0,428.0,287.0
PMHPL,10/17/2023,166.0,167.2,161.7,164.9,0.55,2740.0,428.0,287.0
PMHPL,10/18/2023,167.0,167.0,166.0,167.0,1.27,2236.0,428.0,287.0
PMHPL,10/19/2023,169.0,169.0,165.7,168.0,0.6,1880.0,428.0,287.0
PMHPL,10/29/2023,165.0,165.0,164.7,165.0,-1.79,741.0,428.0,287.0
PMHPL,10/30/2023,161.7,181.5,160.0,177.9,7.82,1163.0,428.0,287.0
PMHPL,10/31/2023,174.4,174.4,167.6,173.9,-2.25,201.0,428.0,287.0
PMHPL,11/1/2023,177.0,177.0,160.5,173.5,-0.23,120.0,428.0,287.0
PMHPL,11/2/2023,175.0,175.0,167.6,171.0,-1.44,1565.0,428.0,287.0
PMHPL,11/5/2023,172.0,173.0,161.1,168.0,-1.75,1328.0,428.0,287.0
PMHPL,11/6/2023,170.0,170.0,164.0,169.0,0.6,910.0,428.0,287.0
PMHPL,11/7/2023,169.0,171.0,167.6,169.0,0.0,770.0,428.0,287.0
PMHPL,11/8/2023,171.0,171.0,165.5,169.0,0.0,650.0,428.0,287.0
PMHPL,11/9/2023,170.0,170.0,165.6,167.9,-0.65,920.0,428.0,287.0
PMHPL,11/20/2023,171.2,178.0,168.0,170.8,1.73,4395.0,428.0,287.0
PMHPL,11/21/2023,168.0,170.0,164.7,167.9,-1.7,1860.0,428.0,287.0
PMHPL,11/22/2023,170.0,184.6,166.0,184.6,9.95,6887.0,428.0,287.0
PMHPL,11/23/2023,184.0,194.0,173.0,194.0,5.09,30571.0,428.0,287.0
PMHPL,11/26/2023,191.1,213.4,187.0,212.0,9.28,74025.0,428.0,287.0
PMHPL,11/27/2023,212.5,217.5,203.0,205.0,-3.3,27528.0,428.0,287.0
PMHPL,11/28/2023,208.0,212.1,200.1,212.0,3.41,13762.0,428.0,287.0
PMHPL,11/29/2023,216.0,216.0,201.0,205.7,-2.97,6077.0,428.0,287.0
PMHPL,11/30/2023,208.9,208.9,185.2,195.0,-5.2,19737.0,428.0,287.0
PMHPL,12/3/2023,198.9,205.0,190.3,204.9,5.08,11835.0,428.0,287.0
PMHPL,12/4/2023,201.0,206.5,197.0,200.0,-2.39,6704.0,428.0,287.0
PMHPL,12/5/2023,203.0,203.0,194.3,199.0,-0.5,3810.0,428.0,287.0
PMHPL,12/6/2023,200.0,201.0,195.1,197.1,-0.95,3380.0,428.0,287.0
PMHPL,12/7/2023,200.0,203.8,193.5,200.0,1.47,6278.0,428.0,287.0
PMHPL,12/10/2023,204.0,218.9,204.0,218.9,9.45,528.0,428.0,287.0
PMHPL,12/11/2023,223.2,229.5,208.2,213.0,-2.7,30742.0,428.0,287.0
PMHPL,12/12/2023,216.0,231.0,210.7,222.0,4.23,36509.0,428.0,287.0
PMHPL,12/13/2023,226.2,234.0,221.8,223.0,0.45,38958.0,428.0,287.0
PMHPL,12/14/2023,218.6,227.0,214.3,223.8,0.36,14513.0,428.0,287.0
PMHPL,12/17/2023,220.1,233.0,216.0,231.0,3.22,41755.0,428.0,287.0
PMHPL,12/18/2023,235.6,245.0,220.0,224.0,-3.03,48839.0,428.0,287.0
PMHPL,12/19/2023,228.4,236.0,221.4,233.9,4.42,23652.0,428.0,287.0
PMHPL,12/20/2023,234.0,238.6,230.0,236.5,1.11,26012.0,428.0,287.0
PMHPL,12/21/2023,231.8,240.0,222.6,224.0,-5.29,41850.0,428.0,287.0
PMHPL,12/24/2023,227.0,232.9,219.0,220.0,-1.79,40463.0,428.0,287.0
PMHPL,12/27/2023,224.0,229.8,215.5,221.0,0.45,33471.0,428.0,287.0
PMHPL,12/28/2023,225.4,225.4,215.0,220.0,-0.45,23817.0,428.0,287.0
PMHPL,1/1/2024,224.4,224.4,214.4,215.0,-2.27,24560.0,428.0,287.0
PMHPL,1/2/2024,211.8,212.2,206.0,209.9,-2.37,14487.0,428.0,287.0
PMHPL,1/3/2024,214.0,230.8,214.0,230.8,9.96,1788.0,428.0,287.0
PMHPL,1/4/2024,235.0,235.0,223.0,225.0,-2.51,44971.0,428.0,287.0
PMHPL,1/7/2024,228.7,245.0,225.2,239.8,6.58,90401.0,428.0,287.0
PMHPL,1/8/2024,238.0,252.9,238.0,240.0,0.08,37408.0,428.0,287.0
PMHPL,1/9/2024,244.8,249.6,234.0,236.0,-1.67,29876.0,428.0,287.0
PMHPL,1/10/2024,240.7,245.5,228.0,229.0,-2.97,18264.0,428.0,287.0
PMHPL,1/11/2024,232.0,251.0,228.0,241.0,5.24,34994.0,428.0,287.0
PMHPL,1/14/2024,245.8,260.0,245.8,260.0,7.88,90333.0,428.0,287.0
PMHPL,1/16/2024,260.0,280.0,260.0,273.1,5.04,80692.0,428.0,287.0
PMHPL,1/17/2024,278.0,283.5,252.2,260.0,-4.8,64370.0,428.0,287.0
PMHPL,1/18/2024,262.0,270.0,251.0,263.0,1.15,36814.0,428.0,287.0
PMHPL,1/21/2024,268.2,286.7,268.0,279.9,6.43,91456.0,428.0,287.0
PMHPL,1/22/2024,274.5,279.0,267.0,268.0,-4.25,38641.0,428.0,287.0
PMHPL,1/23/2024,270.0,272.9,262.0,265.0,-1.12,20243.0,428.0,287.0
PMHPL,1/24/2024,270.0,272.0,249.9,259.0,-2.26,13616.0,428.0,287.0
PMHPL,1/25/2024,254.1,259.0,247.0,251.0,-3.09,27254.0,428.0,287.0
PMHPL,1/28/2024,256.0,260.0,246.0,256.0,1.99,19966.0,428.0,287.0
PMHPL,1/29/2024,261.0,270.0,257.9,261.4,2.11,31145.0,428.0,287.0
PMHPL,1/30/2024,261.6,271.5,261.0,265.2,1.45,31380.0,428.0,287.0
PMHPL,1/31/2024,270.5,272.0,255.0,256.7,-3.21,28914.0,428.0,287.0
PMHPL,2/1/2024,251.6,264.8,251.6,253.1,-1.4,17370.0,428.0,287.0
PMHPL,2/4/2024,248.2,258.0,248.2,255.0,0.75,15932.0,428.0,287.0
PMHPL,2/5/2024,260.1,265.3,253.0,255.0,0.0,8308.0,428.0,287.0
PMHPL,2/6/2024,255.0,259.9,251.5,257.0,0.78,10707.0,428.0,287.0
PMHPL,2/7/2024,261.0,270.0,257.3,268.0,4.28,39700.0,428.0,287.0
PMHPL,2/8/2024,268.0,272.8,267.0,270.8,1.04,16205.0,428.0,287.0
PMHPL,2/11/2024,273.0,275.0,263.0,264.0,-2.51,29165.0,428.0,287.0
PMHPL,2/12/2024,267.9,271.1,261.2,266.0,0.76,15660.0,428.0,287.0
PMHPL,2/13/2024,260.7,265.0,255.6,258.0,-3.01,40813.0,428.0,287.0
PMHPL,2/14/2024,263.1,264.5,258.0,260.0,0.78,18110.0,428.0,287.0
PMHPL,2/15/2024,256.7,269.1,256.7,263.0,1.15,20226.0,428.0,287.0
PMHPL,2/18/2024,263.0,275.4,258.1,273.0,3.8,111053.0,428.0,287.0
PMHPL,2/20/2024,278.0,278.5,265.0,265.0,-2.93,29014.0,428.0,287.0
PMHPL,2/21/2024,270.0,270.0,260.0,263.6,-0.53,10048.0,428.0,287.0
PMHPL,2/22/2024,268.8,268.8,254.0,259.0,-1.75,17222.0,428.0,287.0
PMHPL,2/25/2024,254.1,260.0,248.0,249.0,-3.86,11555.0,428.0,287.0
PMHPL,2/26/2024,244.1,258.0,244.1,253.0,1.61,9067.0,428.0,287.0
PMHPL,2/27/2024,250.0,258.0,245.1,258.0,1.98,7737.0,428.0,287.0
PMHPL,2/28/2024,263.1,266.8,248.1,252.0,-2.33,5190.0,428.0,287.0
PMHPL,2/29/2024,247.3,249.0,237.5,241.9,-4.01,11395.0,428.0,287.0
PMHPL,3/3/2024,241.9,244.0,233.5,236.0,-2.44,8420.0,428.0,287.0
PMHPL,3/4/2024,240.0,254.0,240.0,254.0,7.63,50.0,428.0,287.0
PMHPL,3/5/2024,259.0,259.0,245.1,249.0,-1.97,16402.0,428.0,287.0
PMHPL,3/6/2024,245.0,252.9,241.0,246.0,-1.2,13236.0,428.0,287.0
PMHPL,3/7/2024,250.9,260.0,245.8,250.0,1.63,14735.0,428.0,287.0
PMHPL,3/10/2024,255.0,260.0,249.9,255.0,2.0,7866.0,428.0,287.0
PMHPL,3/12/2024,255.1,262.0,255.1,258.5,1.37,9385.0,428.0,287.0
PMHPL,3/13/2024,256.0,261.0,255.2,257.8,-0.27,7037.0,428.0,287.0
PMHPL,3/14/2024,255.2,259.9,252.3,255.0,-1.09,4620.0,428.0,287.0
PMHPL,3/17/2024,251.0,254.0,248.0,248.0,-2.75,2914.0,428.0,287.0
PMHPL,3/18/2024,248.0,255.9,244.2,247.5,-0.2,7906.0,428.0,287.0
PMHPL,3/19/2024,247.5,257.3,247.5,248.5,0.4,3530.0,428.0,287.0
PMHPL,3/20/2024,248.0,252.5,247.0,247.3,-0.48,6415.0,428.0,287.0
PMHPL,3/21/2024,244.0,247.1,242.6,243.0,-1.74,6916.0,428.0,287.0
PMHPL,3/25/2024,238.2,244.8,237.0,240.0,-1.23,3285.0,428.0,287.0
PMHPL,3/26/2024,244.0,257.5,239.0,246.0,2.5,7228.0,428.0,287.0
PMHPL,3/27/2024,250.8,250.8,242.0,243.0,-1.22,3467.0,428.0,287.0
PMHPL,3/28/2024,238.3,250.0,238.2,249.9,2.84,4952.0,428.0,287.0
PMHPL,3/31/2024,249.0,259.5,245.3,246.0,-1.56,6833.0,428.0,287.0
PMHPL,4/1/2024,246.0,255.5,242.1,247.8,0.73,4694.0,428.0,287.0
PMHPL,4/2/2024,252.5,252.5,240.9,240.9,-2.78,8929.0,428.0,287.0
PMHPL,4/3/2024,245.7,245.7,236.2,236.2,-1.95,6088.0,428.0,287.0
PMHPL,4/4/2024,236.0,238.0,233.0,234.9,-0.55,7766.0,428.0,287.0
PMHPL,4/7/2024,239.5,239.5,229.0,237.0,0.89,10422.0,428.0,287.0
PMHPL,4/9/2024,235.5,256.0,235.5,240.9,1.65,7258.0,428.0,287.0
PMHPL,4/10/2024,244.9,244.9,234.4,235.0,-2.45,5708.0,428.0,287.0
PMHPL,4/14/2024,239.0,239.0,230.0,238.0,1.28,10397.0,428.0,287.0
PMHPL,4/15/2024,233.3,242.6,233.3,236.9,-0.46,2750.0,428.0,287.0
PMHPL,4/16/2024,241.5,241.5,230.0,232.0,-2.07,4223.0,428.0,287.0
PMHPL,4/18/2024,227.5,230.0,225.3,228.0,-1.72,2616.0,428.0,287.0
PMHPL,4/21/2024,232.5,237.1,227.4,229.0,0.44,5698.0,428.0,287.0
PMHPL,4/22/2024,233.5,238.1,226.0,226.0,-1.31,5772.0,428.0,287.0
PMHPL,4/24/2024,224.0,232.0,224.0,226.0,0.0,2523.0,428.0,287.0
PMHPL,4/25/2024,223.0,244.0,223.0,223.2,-1.24,3105.0,428.0,287.0
PMHPL,4/28/2024,227.6,232.1,223.3,226.0,1.25,3300.0,428.0,287.0
PMHPL,4/29/2024,230.5,230.5,226.1,227.0,0.44,4030.0,428.0,287.0
PMHPL,4/30/2024,224.0,240.7,223.0,228.1,0.48,2876.0,428.0,287.0
PMHPL,5/2/2024,232.5,232.5,227.0,227.0,-0.48,4100.0,428.0,287.0
PMHPL,5/5/2024,223.0,224.5,222.0,223.5,-1.54,6270.0,428.0,287.0
PMHPL,5/6/2024,222.5,227.0,220.0,222.9,-0.27,5785.0,428.0,287.0
PMHPL,5/7/2024,220.0,225.4,215.6,218.0,-2.2,9064.0,428.0,287.0
PMHPL,5/8/2024,214.2,226.0,214.2,217.5,-0.23,506.0,428.0,287.0
PMHPL,5/9/2024,221.0,225.4,217.0,222.0,2.07,3309.0,428.0,287.0
PMHPL,5/12/2024,217.6,225.0,217.6,220.0,-0.9,1050.0,428.0,287.0
PMHPL,5/13/2024,223.9,223.9,218.0,220.0,0.0,3859.0,428.0,287.0
PMHPL,5/14/2024,219.2,229.9,219.2,229.0,4.09,7565.0,428.0,287.0
PMHPL,5/15/2024,227.0,232.0,226.0,228.0,-0.44,4545.0,428.0,287.0
PMHPL,5/16/2024,224.0,227.9,221.1,227.9,-0.04,5936.0,428.0,287.0
PMHPL,5/19/2024,227.0,246.0,224.0,234.8,3.03,10483.0,428.0,287.0
PMHPL,5/20/2024,235.0,238.5,230.3,234.0,-0.34,14276.0,428.0,287.0
PMHPL,5/21/2024,238.0,242.0,232.6,240.0,2.56,12077.0,428.0,287.0
PMHPL,5/22/2024,240.0,244.0,237.6,237.8,-0.92,10906.0,428.0,287.0
PMHPL,5/26/2024,235.0,236.0,231.4,231.5,-2.65,3413.0,428.0,287.0
PMHPL,5/27/2024,227.0,234.9,227.0,231.7,0.09,2633.0,428.0,287.0
PMHPL,5/29/2024,236.3,236.3,225.0,229.0,-1.17,10513.0,428.0,287.0
PMHPL,5/30/2024,225.0,238.1,225.0,228.0,-0.44,2120.0,428.0,287.0
PMHPL,6/2/2024,228.0,232.5,225.1,228.0,0.0,4572.0,428.0,287.0
PMHPL,6/3/2024,232.5,235.3,224.1,229.9,0.83,2801.0,428.0,287.0
PMHPL,6/4/2024,228.0,230.0,226.0,228.8,-0.48,1599.0,428.0,287.0
PMHPL,6/5/2024,224.3,233.0,220.1,224.1,-2.05,5970.0,428.0,287.0
PMHPL,6/6/2024,225.0,228.3,220.4,223.9,-0.09,7295.0,428.0,287.0
PMHPL,6/9/2024,220.0,238.0,219.6,233.3,4.2,11030.0,428.0,287.0
PMHPL,6/10/2024,228.7,237.0,220.1,233.8,0.21,11543.0,428.0,287.0
PMHPL,6/11/2024,229.2,242.0,229.2,238.0,1.8,50000.0,428.0,287.0
PMHPL,6/12/2024,238.0,256.0,234.2,241.0,1.26,28265.0,428.0,287.0
PMHPL,6/13/2024,245.0,245.0,231.5,237.0,-1.66,18504.0,428.0,287.0
PMHPL,6/16/2024,233.0,241.0,233.0,238.7,0.72,20837.0,428.0,287.0
PMHPL,6/18/2024,235.8,239.0,231.1,237.0,-0.71,5420.0,428.0,287.0
PMHPL,6/19/2024,232.6,241.0,230.0,241.0,1.69,7635.0,428.0,287.0
PMHPL,6/20/2024,237.0,237.0,232.3,235.0,-2.49,4838.0,428.0,287.0
PMHPL,6/23/2024,231.0,235.0,227.0,229.8,-2.21,9774.0,428.0,287.0
PMHPL,6/24/2024,225.4,234.0,225.4,229.0,-0.35,6679.0,428.0,287.0
PMHPL,6/25/2024,226.0,233.0,225.5,229.7,0.31,7833.0,428.0,287.0
PMHPL,6/26/2024,234.2,234.2,225.0,226.0,-1.61,6118.0,428.0,287.0
PMHPL,6/27/2024,222.3,229.0,222.3,226.5,0.22,1580.0,428.0,287.0
PMHPL,6/30/2024,222.6,229.0,222.5,227.0,0.22,3551.0,428.0,287.0
PMHPL,7/1/2024,231.0,231.0,221.9,230.0,1.32,6820.0,428.0,287.0
PMHPL,7/2/2024,234.6,253.0,230.0,230.5,0.22,13475.0,428.0,287.0
PMHPL,7/3/2024,232.0,232.0,226.0,227.0,-1.52,4021.0,428.0,287.0
PMHPL,7/4/2024,231.4,231.5,225.0,229.0,0.88,11194.0,428.0,287.0
PMHPL,7/7/2024,224.6,232.7,224.0,232.4,1.48,12680.0,428.0,287.0
PMHPL,7/8/2024,227.9,230.5,226.0,227.5,-2.11,6180.0,428.0,287.0
PMHPL,7/9/2024,227.1,229.9,224.0,227.0,-0.22,4141.0,428.0,287.0
PMHPL,7/10/2024,227.0,229.0,223.0,228.0,0.44,14851.0,428.0,287.0
PMHPL,7/11/2024,225.0,233.0,225.0,232.9,2.15,22390.0,428.0,287.0
PMHPL,7/14/2024,237.5,242.2,233.0,238.4,2.36,21760.0,428.0,287.0
PMHPL,7/15/2024,240.0,240.0,233.7,236.2,-0.92,17869.0,428.0,287.0
PMHPL,7/16/2024,237.0,259.8,237.0,257.5,9.02,57610.0,428.0,287.0
PMHPL,7/17/2024,261.9,275.0,256.0,273.5,6.21,107577.0,428.0,287.0
PMHPL,7/18/2024,272.4,295.0,269.0,288.9,5.63,96814.0,428.0,287.0
PMHPL,7/21/2024,284.0,288.6,272.9,283.0,-2.04,115429.0,428.0,287.0
PMHPL,7/22/2024,283.0,290.0,271.0,279.1,-1.38,63127.0,428.0,287.0
PMHPL,7/23/2024,284.0,291.0,274.5,285.2,2.19,61304.0,428.0,287.0
PMHPL,7/24/2024,290.0,292.0,277.4,278.0,-2.52,49426.0,428.0,287.0
PMHPL,7/25/2024,278.0,280.0,271.5,272.0,-2.16,28497.0,428.0,287.0
PMHPL,7/28/2024,277.0,282.5,270.0,272.5,0.18,37306.0,428.0,287.0
PMHPL,7/29/2024,275.0,285.0,269.5,275.0,0.92,46054.0,428.0,287.0
PMHPL,7/30/2024,275.0,284.5,271.5,282.0,2.55,31080.0,428.0,287.0
PMHPL,7/31/2024,287.6,304.0,282.0,302.8,7.38,141979.0,428.0,287.0
PMHPL,8/1/2024,308.0,313.1,295.0,305.0,0.73,93210.0,428.0,287.0
PMHPL,8/5/2024,305.0,320.0,295.2,318.0,4.26,100385.0,428.0,287.0
PMHPL,8/6/2024,320.0,324.3,286.2,286.2,-10.0,98448.0,428.0,287.0
PMHPL,8/7/2024,285.0,307.0,282.4,302.0,5.52,56975.0,428.0,287.0
PMHPL,8/8/2024,308.0,314.0,298.0,304.5,0.83,100544.0,428.0,287.0
PMHPL,8/11/2024,310.5,324.0,307.0,323.0,6.08,129384.0,428.0,287.0
PMHPL,8/12/2024,329.4,340.6,316.0,328.3,1.64,108432.0,428.0,287.0
PMHPL,8/13/2024,334.0,336.0,317.0,320.9,-2.25,70984.0,428.0,287.0
PMHPL,8/14/2024,320.0,340.0,311.0,328.0,2.21,65318.0,428.0,287.0
PMHPL,8/15/2024,334.5,340.0,321.5,330.0,0.61,109695.0,428.0,287.0
PMHPL,8/18/2024,331.0,335.0,305.0,314.1,-4.82,71174.0,428.0,287.0
PMHPL,8/21/2024,315.0,320.0,308.1,311.0,-0.99,33567.0,428.0,287.0
PMHPL,8/22/2024,317.2,319.9,303.0,305.0,-1.93,37795.0,428.0,287.0
PMHPL,8/25/2024,311.1,312.0,289.1,292.0,-4.26,54787.0,428.0,287.0
PMHPL,8/27/2024,292.0,307.1,285.2,286.0,-2.05,51895.0,428.0,287.0
PMHPL,8/28/2024,291.7,303.4,280.5,294.0,2.8,29359.0,428.0,287.0
PMHPL,8/29/2024,294.0,299.0,280.5,283.0,-3.74,26634.0,428.0,287.0
PMHPL,9/1/2024,277.4,288.5,272.0,273.0,-3.53,20294.0,428.0,287.0
PMHPL,9/2/2024,278.4,299.5,273.0,295.8,8.35,26471.0,428.0,287.0
PMHPL,9/3/2024,301.4,303.0,288.0,295.0,-0.27,27469.0,428.0,287.0
PMHPL,9/4/2024,289.1,304.9,279.0,280.0,-5.08,24849.0,428.0,287.0
PMHPL,9/5/2024,278.0,285.6,275.5,278.0,-0.71,16845.0,428.0,287.0
PMHPL,9/8/2024,282.0,286.0,274.4,274.6,-1.22,10062.0,428.0,287.0
PMHPL,9/9/2024,278.0,278.0,266.1,267.5,-2.59,10033.0,428.0,287.0
PMHPL,9/10/2024,268.0,277.4,266.0,268.0,0.19,9063.0,428.0,287.0
PMHPL,9/11/2024,273.0,273.0,259.0,259.0,-3.36,7575.0,428.0,287.0
PMHPL,9/12/2024,264.1,276.9,262.0,272.0,5.02,21421.0,428.0,287.0
PMHPL,9/15/2024,275.0,284.9,267.1,270.0,-0.74,17562.0,428.0,287.0
PMHPL,9/16/2024,275.4,275.4,257.1,262.0,-2.96,9725.0,428.0,287.0
PMHPL,9/18/2024,267.0,267.0,257.0,258.0,-1.53,9403.0,428.0,287.0
PMHPL,9/22/2024,263.1,272.7,257.0,262.0,1.55,4894.0,428.0,287.0
PMHPL,9/23/2024,258.1,263.0,243.4,263.0,0.38,11480.0,428.0,287.0
PMHPL,9/24/2024,257.8,266.0,241.2,249.8,-5.02,9674.0,428.0,287.0
PMHPL,9/25/2024,244.9,258.0,237.6,258.0,3.28,15121.0,428.0,287.0
PMHPL,9/26/2024,258.0,263.0,245.0,257.0,-0.39,14603.0,428.0,287.0
PMHPL,9/29/2024,251.9,266.9,244.1,247.0,-3.89,12530.0,428.0,287.0
PMHPL,9/30/2024,250.0,254.7,238.0,254.7,3.12,9820.0,428.0,287.0
PMHPL,10/1/2024,259.7,275.4,246.3,269.9,5.97,16286.0,428.0,287.0
PMHPL,10/2/2024,275.2,280.0,256.2,262.9,-2.59,13017.0,428.0,287.0
PMHPL,10/6/2024,258.1,270.0,257.7,270.0,2.7,12043.0,428.0,287.0
PMHPL,10/7/2024,275.4,280.0,264.6,268.1,-0.7,16011.0,428.0,287.0
PMHPL,10/8/2024,273.0,273.0,260.7,261.0,-2.65,7070.0,428.0,287.0
PMHPL,10/9/2024,266.2,270.0,251.0,264.9,1.49,4125.0,428.0,287.0
PMHPL,10/15/2024,260.0,269.8,260.0,269.5,1.74,3031.0,428.0,287.0
PMHPL,10/16/2024,264.5,290.0,264.5,286.8,6.42,29802.0,428.0,287.0
PMHPL,10/17/2024,292.5,292.5,280.0,281.0,-2.02,28048.0,428.0,287.0
PMHPL,10/20/2024,281.0,282.9,270.0,270.0,-3.91,15310.0,428.0,287.0
PMHPL,10/21/2024,270.0,272.0,257.0,261.0,-3.33,20878.0,428.0,287.0
PMHPL,10/22/2024,265.8,269.0,257.1,264.0,1.15,5525.0,428.0,287.0
PMHPL,10/23/2024,268.0,268.0,259.0,266.9,1.1,7445.0,428.0,287.0
PMHPL,10/24/2024,271.0,271.0,260.1,265.9,-0.37,11575.0,428.0,287.0
PMHPL,10/27/2024,261.1,267.0,261.1,265.9,0.0,5145.0,428.0,287.0
PMHPL,10/28/2024,260.6,278.0,260.6,275.0,3.42,18907.0,428.0,287.0
PMHPL,10/29/2024,280.0,280.0,270.0,277.0,0.73,17374.0,428.0,287.0
PMHPL,10/30/2024,272.0,281.7,268.0,272.3,-1.7,7114.0,428.0,287.0
PMHPL,11/5/2024,274.8,274.8,271.2,271.3,-0.37,3095.0,428.0,287.0
PMHPL,11/6/2024,267.3,275.0,267.3,275.0,1.36,12325.0,428.0,287.0
PMHPL,11/10/2024,280.0,288.0,274.4,287.0,4.36,40616.0,428.0,287.0
PMHPL,11/11/2024,287.0,289.6,278.3,278.3,-3.03,26380.0,428.0,287.0
PMHPL,11/12/2024,278.3,283.0,275.0,279.5,0.43,10309.0,428.0,287.0
PMHPL,11/13/2024,274.0,285.6,269.0,276.0,-1.25,14346.0,428.0,287.0
PMHPL,11/14/2024,278.0,287.0,275.0,279.0,1.09,33923.0,428.0,287.0
PMHPL,11/17/2024,282.1,295.0,282.1,291.1,4.34,56680.0,428.0,287.0
PMHPL,11/19/2024,290.2,292.7,281.0,281.0,-3.47,25866.0,428.0,287.0
PMHPL,11/20/2024,278.0,288.0,278.0,286.5,1.96,13453.0,428.0,287.0
PMHPL,11/21/2024,284.0,285.0,273.0,279.0,-2.62,10557.0,428.0,287.0
PMHPL,11/24/2024,275.1,295.0,269.0,275.0,-1.43,12450.0,428.0,287.0
PMHPL,11/25/2024,280.4,280.5,273.0,276.0,0.36,4200.0,428.0,287.0
PMHPL,11/26/2024,278.0,285.0,278.0,284.9,3.22,11040.0,428.0,287.0
PMHPL,11/27/2024,284.0,295.0,283.1,289.9,1.76,18449.0,428.0,287.0
PMHPL,11/28/2024,285.0,286.9,281.5,285.0,-1.69,7050.0,428.0,287.0
PMHPL,12/1/2024,279.5,296.0,277.0,295.0,3.51,26114.0,428.0,287.0
PMHPL,12/2/2024,296.0,309.5,296.0,300.0,1.69,60023.0,428.0,287.0
PMHPL,12/3/2024,306.0,312.0,303.0,304.0,1.33,59680.0,428.0,287.0
PMHPL,12/4/2024,302.1,315.0,300.0,304.0,0.0,34871.0,428.0,287.0
PMHPL,12/5/2024,308.0,308.0,291.0,291.0,-4.28,30545.0,428.0,287.0
PMHPL,12/8/2024,292.0,308.8,290.0,290.0,-0.34,30026.0,428.0,287.0
PMHPL,12/9/2024,292.0,295.8,290.0,291.0,0.34,22879.0,428.0,287.0
PMHPL,12/10/2024,295.0,296.0,282.0,284.5,-2.23,13962.0,428.0,287.0
PMHPL,12/11/2024,290.0,295.0,284.2,290.0,1.93,17091.0,428.0,287.0
PMHPL,12/12/2024,295.0,296.0,285.3,286.2,-1.31,20578.0,428.0,287.0
PMHPL,12/16/2024,284.0,291.9,280.0,284.8,-0.49,15092.0,428.0,287.0
PMHPL,12/17/2024,283.0,290.1,277.6,281.2,-1.26,8691.0,428.0,287.0
PMHPL,12/18/2024,276.0,285.0,273.4,278.0,-1.14,10916.0,428.0,287.0
PMHPL,12/19/2024,283.0,283.0,270.0,270.0,-2.88,13665.0,428.0,287.0
PMHPL,12/22/2024,275.0,275.0,264.0,272.0,0.74,7213.0,428.0,287.0
PMHPL,12/23/2024,275.0,275.0,270.0,274.0,0.74,5556.0,428.0,287.0
PMHPL,12/24/2024,277.4,281.0,274.8,276.8,1.02,12170.0,428.0,287.0
PMHPL,12/26/2024,274.0,280.0,273.0,277.9,0.4,10118.0,428.0,287.0
PMHPL,12/29/2024,273.0,278.0,268.1,271.9,-2.16,9347.0,428.0,287.0
PMHPL,12/31/2024,267.0,267.0,259.5,263.0,-3.27,10510.0,428.0,287.0
PMHPL,1/1/2025,261.1,266.0,261.0,262.5,-0.19,5166.0,428.0,287.0
PMHPL,1/2/2025,262.0,269.0,262.0,269.0,2.48,4877.0,428.0,287.0
PMHPL,1/5/2025,270.0,292.0,265.0,281.0,4.46,44800.0,428.0,287.0
PMHPL,1/6/2025,286.0,295.0,286.0,292.0,3.91,24568.0,428.0,287.0
PMHPL,1/7/2025,297.8,297.8,283.0,285.2,-2.33,8178.0,428.0,287.0
PMHPL,1/8/2025,280.1,299.0,280.1,284.9,-0.11,20000.0,428.0,287.0
PMHPL,1/9/2025,290.3,290.5,280.2,289.7,1.68,24091.0,428.0,287.0
PMHPL,1/12/2025,290.0,295.0,284.5,285.0,-1.62,9102.0,428.0,287.0
PMHPL,1/13/2025,285.0,286.0,278.0,278.0,-2.46,8451.0,428.0,287.0
PMHPL,1/15/2025,275.1,287.0,272.5,281.0,1.08,10923.0,428.0,287.0
PMHPL,1/16/2025,286.0,286.6,279.1,282.0,0.36,12775.0,428.0,287.0
PMHPL,1/19/2025,286.9,287.0,280.0,282.4,0.14,9704.0,428.0,287.0
PMHPL,1/20/2025,286.5,295.9,285.0,293.8,4.04,40721.0,428.0,287.0
PMHPL,1/21/2025,293.8,297.0,285.1,285.1,-2.96,22195.0,428.0,287.0
PMHPL,1/22/2025,290.0,300.0,289.0,299.0,4.88,27187.0,428.0,287.0
PMHPL,1/23/2025,302.0,308.0,292.0,294.5,-1.51,41155.0,428.0,287.0
PMHPL,1/26/2025,300.3,300.7,291.1,295.0,0.17,29858.0,428.0,287.0
PMHPL,1/27/2025,295.0,312.0,295.0,306.0,3.73,68953.0,428.0,287.0
PMHPL,1/28/2025,312.1,321.0,301.1,319.0,4.25,96998.0,428.0,287.0
PMHPL,2/2/2025,325.3,325.3,314.0,314.1,-1.54,59627.0,428.0,287.0
PMHPL,2/3/2025,315.0,315.8,303.9,306.0,-2.58,41021.0,428.0,287.0
PMHPL,2/4/2025,310.0,327.8,309.0,321.3,5.0,94558.0,428.0,287.0
PMHPL,2/5/2025,327.7,331.3,323.2,329.9,2.68,85766.0,428.0,287.0
PMHPL,2/6/2025,329.9,337.0,326.0,327.0,-0.88,58747.0,428.0,287.0
PMHPL,2/9/2025,333.5,348.8,330.0,338.0,3.36,170089.0,428.0,287.0
PMHPL,2/10/2025,344.7,344.7,322.1,326.0,-3.55,66535.0,428.0,287.0
PMHPL,2/11/2025,330.0,335.5,322.1,333.0,2.15,41616.0,428.0,287.0
PMHPL,2/12/2025,339.6,344.1,334.0,339.0,1.8,77225.0,428.0,287.0
PMHPL,2/13/2025,345.7,345.7,327.9,332.5,-1.92,37736.0,428.0,287.0
PMHPL,2/16/2025,339.1,339.1,318.0,335.0,0.75,72684.0,428.0,287.0
PMHPL,2/17/2025,341.7,341.7,325.0,326.0,-2.69,31620.0,428.0,287.0
PMHPL,2/18/2025,332.5,339.0,316.1,318.0,-2.45,58067.0,428.0,287.0
PMHPL,2/20/2025,315.0,330.8,315.0,315.6,-0.75,36329.0,428.0,287.0
PMHPL,2/23/2025,312.0,324.0,303.3,320.0,1.39,51736.0,428.0,287.0
PMHPL,2/24/2025,325.0,325.0,314.1,316.0,-1.25,32182.0,428.0,287.0
PMHPL,2/25/2025,314.0,320.0,314.0,315.1,-0.28,37555.0,428.0,287.0
PMHPL,2/27/2025,315.1,326.9,315.1,326.9,3.74,51392.0,428.0,287.0
PMHPL,3/2/2025,329.0,335.0,325.0,333.0,1.87,48952.0,428.0,287.0
PMHPL,3/3/2025,338.0,338.0,323.6,327.0,-1.8,36633.0,428.0,287.0
PMHPL,3/4/2025,332.0,332.0,321.5,327.0,0.0,51043.0,428.0,287.0
PMHPL,3/5/2025,331.0,333.0,325.2,327.0,0.0,46689.0,428.0,287.0
PMHPL,3/6/2025,330.0,333.5,323.4,325.0,-0.61,18724.0,428.0,287.0
PMHPL,3/9/2025,330.0,330.0,312.8,313.0,-3.69,21160.0,428.0,287.0
PMHPL,3/10/2025,311.0,338.2,311.0,313.0,0.0,14417.0,428.0,287.0
PMHPL,3/11/2025,311.0,318.0,303.8,306.2,-2.17,13430.0,428.0,287.0
PMHPL,3/12/2025,301.0,323.0,301.0,308.0,0.59,14887.0,428.0,287.0
PMHPL,3/16/2025,310.0,310.0,300.0,300.6,-2.4,20363.0,428.0,287.0
PMHPL,3/17/2025,306.5,306.5,297.0,300.0,-0.2,10937.0,428.0,287.0
PMHPL,3/18/2025,297.3,305.0,297.2,302.0,0.67,5841.0,428.0,287.0
PMHPL,3/19/2025,307.0,307.0,297.1,297.1,-1.62,13150.0,428.0,287.0
PMHPL,3/20/2025,297.4,300.0,292.0,292.82,-1.44,17008.0,428.0,287.0
PMHPL,3/23/2025,295.0,295.0,277.1,279.73,-4.47,19668.0,428.0,287.0
PMHPL,3/24/2025,279.0,292.0,279.0,286.47,2.41,8210.0,428.0,287.0
PMHPL,3/25/2025,281.1,281.2,272.0,277.04,-3.29,16614.0,428.0,287.0
PMHPL,3/26/2025,278.0,291.0,278.0,286.71,3.49,9460.0,428.0,287.0
PMHPL,3/27/2025,290.0,290.9,285.0,289.11,0.84,12970.0,428.0,287.0
PMHPL,3/30/2025,284.1,304.0,284.1,298.93,3.4,22996.0,428.0,287.0
PMHPL,4/1/2025,295.0,299.8,290.3,292.21,-2.25,12318.0,428.0,287.0
PMHPL,4/2/2025,287.5,299.7,287.5,296.09,1.33,9637.0,428.0,287.0
PMHPL,4/3/2025,301.0,302.0,291.0,295.0,-0.37,40279.0,428.0,287.0
PMHPL,4/7/2025,299.0,299.0,285.2,288.79,-2.11,7014.0,428.0,287.0
PMHPL,4/8/2025,285.1,290.0,284.0,288.02,-0.27,9140.0,428.0,287.0
PMHPL,4/9/2025,290.0,295.0,286.0,287.61,-0.14,10181.0,428.0,287.0
PMHPL,4/10/2025,286.0,296.6,285.1,291.53,1.36,7005.0,428.0,287.0
PMHPL,4/13/2025,290.1,295.0,288.0,289.89,-0.56,5906.0,428.0,287.0
PMHPL,4/15/2025,285.0,305.7,285.0,303.6,4.73,17987.0,428.0,287.0
PMHPL,4/16/2025,307.0,310.0,298.0,307.55,1.3,21946.0,428.0,287.0
PMHPL,4/17/2025,302.1,314.8,302.1,309.98,0.79,30887.0,428.0,287.0
PMHPL,4/20/2025,304.0,309.0,299.0,302.19,-2.51,11106.0,428.0,287.0
PMHPL,4/21/2025,296.2,323.0,296.2,321.17,6.28,94929.0,428.0,287.0
PMHPL,4/22/2025,314.8,329.0,314.8,321.1,-0.02,53147.0,428.0,287.0
PMHPL,4/23/2025,315.0,316.0,307.4,309.17,-3.72,16117.0,428.0,287.0
PMHPL,4/24/2025,305.0,318.0,305.0,315.38,2.01,28783.0,428.0,287.0
PMHPL,4/27/2025,320.2,327.0,315.0,322.05,2.11,55660.0,428.0,287.0
PMHPL,4/28/2025,318.5,328.0,317.5,319.63,-0.75,39561.0,428.0,287.0
PMHPL,4/29/2025,314.0,320.2,313.6,313.93,-1.78,27534.0,428.0,287.0
PMHPL,4/30/2025,310.1,320.9,310.0,316.44,0.8,34409.0,428.0,287.0
PMHPL,5/4/2025,316.0,321.5,312.0,313.24,-1.01,75462.0,428.0,287.0
PMHPL,5/5/2025,312.1,312.1,305.1,306.27,-2.23,10415.0,428.0,287.0
PMHPL,5/6/2025,308.9,312.0,306.4,309.79,1.15,19691.0,428.0,287.0
PMHPL,5/7/2025,309.0,328.0,305.3,316.57,2.19,40660.0,428.0,287.0
PMHPL,5/8/2025,312.3,327.0,312.1,317.87,0.41,59179.0,428.0,287.0
PMHPL,5/11/2025,315.0,317.0,309.0,310.42,-2.34,18592.0,428.0,287.0
PMHPL,5/13/2025,306.6,319.2,306.0,307.1,-1.07,12302.0,428.0,287.0
PMHPL,5/14/2025,302.0,310.9,300.0,300.41,-2.18,18184.0,428.0,287.0
PMHPL,5/15/2025,300.0,300.0,292.1,295.31,-1.7,22626.0,428.0,287.0
PMHPL,5/18/2025,294.2,296.0,284.7,287.7,-2.58,21172.0,428.0,287.0
PMHPL,5/19/2025,293.4,295.0,286.1,287.98,0.1,10625.0,428.0,287.0
PMHPL,5/20/2025,284.0,306.0,284.0,293.09,1.77,14300.0,428.0,287.0
PMHPL,5/21/2025,298.9,304.8,291.1,292.21,-0.3,9437.0,428.0,287.0
PMHPL,5/22/2025,297.0,297.0,287.0,287.61,-1.57,11138.0,428.0,287.0
PMHPL,5/25/2025,293.2,293.2,285.1,287.15,-0.16,7475.0,428.0,287.0
PMHPL,5/26/2025,292.8,295.0,288.0,290.24,1.08,9726.0,428.0,287.0
PMHPL,5/27/2025,285.0,291.8,285.0,286.48,-1.3,5521.0,428.0,287.0
PMHPL,5/28/2025,285.1,300.0,285.0,290.92,1.55,20086.0,428.0,287.0
PMHPL,6/2/2025,296.7,298.9,288.1,290.08,-0.29,7963.0,428.0,287.0
PMHPL,6/3/2025,286.9,293.0,286.0,287.57,-0.87,18882.0,428.0,287.0
PMHPL,6/4/2025,290.0,291.2,283.5,284.3,-1.14,7441.0,428.0,287.0
PMHPL,6/5/2025,285.0,289.0,285.0,288.31,1.41,5475.0,428.0,287.0
PMHPL,6/8/2025,293.0,302.9,287.2,293.01,1.63,17801.0,428.0,287.0
PMHPL,6/9/2025,298.5,299.0,293.0,296.53,1.2,16887.0,428.0,287.0
PMHPL,6/10/2025,302.0,302.0,296.7,298.74,0.75,13184.0,428.0,287.0
PMHPL,6/11/2025,294.0,298.5,293.3,294.69,-1.36,10678.0,428.0,287.0
PMHPL,6/12/2025,300.0,317.9,297.1,309.08,4.88,108053.0,428.0,287.0
PMHPL,6/15/2025,310.0,318.0,310.0,315.65,2.13,58113.0,428.0,287.0
PMHPL,6/16/2025,321.9,327.0,313.1,314.52,-0.36,111551.0,428.0,287.0
PMHPL,6/17/2025,320.8,320.8,303.3,311.79,-0.87,35247.0,428.0,287.0
PMHPL,6/18/2025,318.0,342.0,312.2,336.88,8.05,190335.0,428.0,287.0
PMHPL,6/19/2025,340.0,370.5,340.0,370.5,9.98,381774.0,428.0,287.0
PMHPL,6/22/2025,375.0,387.0,355.0,361.13,-2.53,291238.0,428.0,287.0
PMHPL,6/23/2025,354.0,396.9,354.0,395.14,9.42,276648.0,428.0,287.0
PMHPL,6/24/2025,403.0,417.0,398.2,411.95,4.25,198333.0,428.0,287.0
PMHPL,6/25/2025,415.0,450.0,408.0,443.96,7.77,270762.0,428.0,287.0
PMHPL,6/26/2025,435.1,459.0,415.1,434.08,-2.23,271549.0,428.0,287.0
PMHPL,6/29/2025,435.0,435.0,411.6,420.19,-3.2,261224.0,428.0,287.0
PMHPL,6/30/2025,420.2,424.0,396.1,399.5,-4.92,170773.0,428.0,287.0
PMHPL,7/1/2025,391.6,433.0,391.6,430.16,7.67,233318.0,428.0,287.0
PMHPL,7/2/2025,421.6,452.8,421.6,432.66,0.58,223787.0,428.0,287.0
PMHPL,7/3/2025,436.0,439.0,412.1,416.34,-3.77,123312.0,428.0,287.0
PMHPL,7/6/2025,420.0,420.0,399.0,400.57,-3.79,116963.0,428.0,287.0
PMHPL,7/7/2025,392.6,407.0,386.1,388.38,-3.04,83554.0,428.0,287.0
PMHPL,7/8/2025,380.7,399.0,380.7,389.52,0.29,71795.0,428.0,287.0
PMHPL,7/9/2025,385.1,409.0,385.1,406.19,4.28,96747.0,428.0,287.0
PMHPL,7/10/2025,398.1,406.0,384.2,388.53,-4.35,56354.0,428.0,287.0
PMHPL,7/13/2025,396.0,396.0,364.2,367.72,-5.36,135045.0,428.0,287.0
PMHPL,7/14/2025,375.0,400.0,360.4,382.56,4.04,106271.0,428.0,287.0
PMHPL,7/15/2025,385.7,396.0,380.0,387.23,1.22,42416.0,428.0,287.0
PMHPL,7/16/2025,379.5,410.0,379.5,406.66,5.02,154287.0,428.0,287.0
PMHPL,7/17/2025,410.0,434.5,406.2,429.63,5.65,184187.0,428.0,287.0
PMHPL,7/20/2025,430.0,430.0,407.0,410.27,-4.51,132411.0,428.0,287.0
PMHPL,7/21/2025,407.7,418.0,393.0,409.14,-0.28,137367.0,428.0,287.0
PMHPL,7/22/2025,403.1,417.2,395.1,400.83,-2.03,105472.0,428.0,287.0
PMHPL,7/23/2025,398.0,408.0,390.0,392.7,-2.03,83699.0,428.0,287.0
PMHPL,7/24/2025,400.5,405.0,395.0,397.91,1.33,73613.0,428.0,287.0
PMHPL,7/27/2025,405.0,411.8,393.0,394.31,-0.9,116961.0,428.0,287.0
PMHPL,7/28/2025,399.0,404.0,383.0,398.6,1.09,85163.0,428.0,287.0
PMHPL,7/29/2025,400.0,414.0,395.0,411.78,3.31,138228.0,428.0,287.0
PMHPL,7/30/2025,415.0,440.0,413.0,423.62,2.88,243377.0,428.0,287.0
PMHPL,7/31/2025,432.0,432.0,403.4,405.79,-4.21,98442.0,428.0,287.0
PMHPL,8/3/2025,400.0,406.0,393.0,394.78,-2.71,76357.0,428.0,287.0
PMHPL,8/4/2025,395.0,402.6,378.0,386.67,-2.05,61928.0,428.0,287.0
PMHPL,8/5/2025,394.0,399.0,381.0,382.11,-1.18,48172.0,428.0,287.0
PMHPL,8/6/2025,382.2,395.9,382.2,384.71,0.68,20606.0,428.0,287.0
PMHPL,8/7/2025,392.0,392.0,378.0,380.6,-1.07,48371.0,428.0,287.0
PMHPL,8/11/2025,388.0,418.6,377.2,406.76,6.87,162797.0,428.0,287.0
PMHPL,8/12/2025,400.0,413.8,394.0,395.17,-2.85,41082.0,428.0,287.0
PMHPL,8/13/2025,403.0,409.8,390.0,400.36,1.31,67932.0,428.0,287.0
PMHPL,8/14/2025,407.0,424.0,399.0,422.63,5.56,231528.0,428.0,287.0
PMHPL,8/17/2025,431.0,436.9,414.7,434.89,2.9,244471.0,428.0,287.0
PMHPL,8/18/2025,427.0,461.8,427.0,438.73,0.88,384061.0,428.0,287.0
PMHPL,8/19/2025,430.0,468.0,419.0,449.26,2.4,327016.0,428.0,287.0
PMHPL,8/20/2025,440.3,440.3,407.0,408.68,-9.03,256902.0,428.0,287.0
PMHPL,8/21/2025,408.1,409.9,393.0,396.08,-3.08,103654.0,428.0,287.0
PMHPL,8/24/2025,391.0,399.5,388.2,392.77,-0.84,82526.0,428.0,287.0
PMHPL,8/25/2025,386.2,405.9,386.2,400.56,1.98,57709.0,428.0,287.0
PMHPL,8/26/2025,405.0,411.0,400.0,401.31,0.19,54211.0,428.0,287.0
PMHPL,8/27/2025,393.3,415.0,393.3,412.34,2.75,79729.0,428.0,287.0
PMHPL,8/28/2025,414.0,417.0,395.6,397.83,-3.52,85264.0,428.0,287.0
PMHPL,8/31/2025,403.0,408.0,395.1,396.61,-0.31,147456.0,428.0,287.0
PMHPL,9/1/2025,404.5,417.0,390.0,398.18,0.4,142710.0,428.0,287.0
PMHPL,9/2/2025,390.3,395.0,380.6,382.25,-4.0,62535.0,428.0,287.0
PMHPL,9/3/2025,374.7,402.0,374.7,384.54,0.6,350121.0,428.0,287.0
PMHPL,9/4/2025,377.0,381.9,353.0,374.11,-2.71,203361.0,428.0,287.0
PMHPL,9/7/2025,370.0,370.0,355.0,356.81,-4.62,95068.0,428.0,287.0
PMHPL,9/8/2025,350.6,361.0,345.4,347.43,-2.63,68924.0,428.0,287.0
PMHPL,9/18/2025,340.5,340.5,330.0,330.0,-5.02,40.0,428.0,287.0
PMHPL,9/21/2025,323.4,344.0,317.0,339.31,2.82,90239.0,428.0,287.0
PMHPL,9/23/2025,346.0,352.0,335.0,351.6,3.62,54116.0,428.0,287.0
PMHPL,9/24/2025,344.7,354.9,334.5,340.0,-3.3,44714.0,428.0,287.0
PMHPL,9/25/2025,333.6,349.9,333.3,336.0,-1.18,39939.0,428.0,287.0
PMHPL,9/28/2025,342.7,349.0,327.5,335.0,-0.3,37529.0,428.0,287.0
PMHPL,10/7/2025,341.7,341.7,302.6,312.0,-6.87,76906.0,428.0,287.0
PMHPL,10/8/2025,312.0,312.0,300.9,301.0,-3.53,31540.0,428.0,287.0
PMHPL,10/9/2025,307.0,319.0,295.1,300.0,-0.33,34982.0,428.0,287.0
PMHPL,10/12/2025,296.0,316.8,287.0,314.7,4.9,92868.0,428.0,287.0
PMHPL,10/13/2025,318.9,342.0,307.6,335.0,6.45,92804.0,428.0,287.0
PMHPL,10/14/2025,341.6,345.0,320.0,328.9,-1.82,44661.0,428.0,287.0
PMHPL,10/15/2025,322.4,325.0,309.0,310.0,-5.75,70079.0,428.0,287.0
PMHPL,10/16/2025,316.2,316.2,301.0,310.0,0.0,36188.0,428.0,287.0
PMHPL,10/19/2025,314.0,322.0,304.2,317.7,2.48,38137.0,428.0,287.0
PMHPL,10/26/2025,312.4,319.0,306.1,314.0,-1.16,39967.0,428.0,287.0
PMHPL,10/28/2025,310.0,330.9,310.0,325.0,3.5,38901.0,428.0,287.0
PMHPL,10/29/2025,318.5,333.5,312.4,313.0,-3.69,56236.0,428.0,287.0
PMHPL,10/30/2025,313.2,328.0,308.0,322.0,2.88,66828.0,428.0,287.0
PMHPL,11/2/2025,328.4,354.2,316.1,354.2,10.0,165941.0,428.0,287.0
PMHPL,11/3/2025,347.5,358.5,338.0,353.8,-0.11,108060.0,428.0,287.0
PMHPL,11/4/2025,347.0,353.7,335.0,335.0,-5.31,70567.0,428.0,287.0
PMHPL,11/5/2025,329.5,339.9,323.0,336.1,0.33,80483.0,428.0,287.0
PMHPL,11/6/2025,337.1,347.0,334.0,335.0,-0.33,83709.0,428.0,287.0
PMHPL,11/9/2025,332.1,332.1,317.0,321.0,-4.18,56530.0,428.0,287.0
PMHPL,11/10/2025,322.0,327.0,320.0,325.0,1.25,30276.0,428.0,287.0
PMHPL,11/11/2025,328.0,329.4,320.1,325.3,0.09,18262.0,428.0,287.0
PMHPL,11/12/2025,325.0,329.5,320.1,320.1,-1.6,24685.0,428.0,287.0
PMHPL,11/13/2025,321.0,330.0,316.1,323.6,1.09,30031.0,428.0,287.0
PMHPL,11/16/2025,322.0,327.0,317.2,317.2,-1.98,18169.0,428.0,287.0
PMHPL,11/17/2025,315.0,333.0,315.0,331.0,4.35,36868.0,428.0,287.0
PMHPL,11/18/2025,337.6,339.0,331.5,334.0,0.91,58524.0,428.0,287.0
PMHPL,11/19/2025,339.6,339.6,326.0,327.0,-2.1,22876.0,428.0,287.0
PMHPL,11/20/2025,331.0,331.0,321.2,327.0,0.0,27478.0,428.0,287.0
PMHPL,11/23/2025,330.0,337.9,330.0,336.0,2.75,41799.0,428.0,287.0
PMHPL,11/24/2025,341.8,349.7,336.1,348.0,3.57,58607.0,428.0,287.0
PMHPL,11/25/2025,344.0,350.0,342.2,343.9,-1.18,48655.0,428.0,287.0
PMHPL,11/26/2025,350.0,356.0,336.0,356.0,3.52,99861.0,428.0,287.0
PMHPL,11/27/2025,363.1,363.1,343.1,349.0,-1.97,31383.0,428.0,287.0
PMHPL,11/30/2025,345.0,348.0,332.3,334.0,-4.3,34183.0,428.0,287.0
PMHPL,12/1/2025,331.8,339.9,331.0,338.0,1.2,52361.0,428.0,287.0
PMHPL,12/2/2025,334.3,341.0,331.0,338.0,0.0,61129.0,428.0,287.0
PMHPL,12/3/2025,336.0,342.7,331.0,331.0,-2.07,25404.0,428.0,287.0
PMHPL,12/7/2025,332.0,333.7,325.2,327.9,-0.94,16860.0,428.0,287.0
PMHPL,12/8/2025,332.0,332.0,324.3,325.0,-0.88,11961.0,428.0,287.0
PMHPL,12/9/2025,328.0,335.0,323.0,329.8,1.48,21108.0,428.0,287.0
PMHPL,12/10/2025,329.8,336.3,328.0,328.0,-0.55,16700.0,428.0,287.0
PMHPL,12/11/2025,334.0,340.0,322.0,322.3,-1.74,39058.0,428.0,287.0
PMHPL,12/14/2025,319.1,325.5,314.1,318.4,-1.21,34383.0,428.0,287.0
PMHPL,12/15/2025,321.9,323.9,315.0,320.0,0.5,14499.0,428.0,287.0
PMHPL,12/16/2025,319.0,325.8,318.4,322.0,0.63,15055.0,428.0,287.0
PMHPL,12/17/2025,327.9,327.9,312.0,320.0,-0.62,35851.0,428.0,287.0
PMHPL,12/18/2025,315.0,323.0,313.6,323.0,0.94,39565.0,428.0,287.0
PMHPL,12/21/2025,328.0,328.0,313.0,315.1,-2.45,20300.0,428.0,287.0
PMHPL,12/22/2025,312.1,318.0,312.1,314.3,-0.25,12896.0,428.0,287.0
PMHPL,12/23/2025,315.0,321.3,313.0,320.0,1.81,16657.0,428.0,287.0
PMHPL,12/24/2025,319.0,324.0,316.0,316.3,-1.16,5507.0,428.0,287.0
PMHPL,12/28/2025,317.0,324.9,317.0,324.0,2.43,20357.0,428.0,287.0
PMHPL,12/29/2025,325.9,326.0,315.0,317.9,-1.88,9309.0,428.0,287.0
PMHPL,12/31/2025,319.0,323.0,316.0,317.0,-0.28,19465.0,428.0,287.0
PMHPL,1/1/2026,313.1,323.0,313.0,315.0,-0.63,23164.0,428.0,287.0
PMHPL,1/4/2026,313.0,317.0,306.1,311.6,-1.08,21263.0,428.0,287.0
PMHPL,1/5/2026,305.4,324.0,305.4,317.0,1.73,18089.0,428.0,287.0
PMHPL,1/6/2026,310.7,327.0,310.7,322.0,1.58,42248.0,428.0,287.0
PMHPL,1/7/2026,327.0,327.0,316.0,317.0,-1.55,13458.0,428.0,287.0
PMHPL,1/8/2026,323.0,323.0,315.0,315.0,-0.63,21812.0,428.0,287.0
PMHPL,1/12/2026,313.0,320.0,310.2,311.6,-1.08,16477.0,428.0,287.0
PMHPL,1/13/2026,317.8,322.0,308.7,320.0,2.7,31998.0,428.0,287.0
PMHPL,1/14/2026,313.7,324.0,313.7,318.8,-0.37,34399.0,428.0,287.0
PMHPL,1/18/2026,323.7,323.7,315.0,320.0,0.38,17571.0,428.0,287.0
PMHPL,1/20/2026,326.0,330.3,320.0,327.0,2.19,68445.0,428.0,287.0
PMHPL,1/21/2026,321.4,331.0,321.4,328.9,0.58,43176.0,428.0,287.0
PMHPL,1/22/2026,329.0,335.0,327.2,333.0,1.25,38489.0,428.0,287.0
PMHPL,1/25/2026,332.1,342.0,332.1,342.0,2.7,59101.0,428.0,287.0
PMHPL,1/26/2026,342.0,342.0,330.1,335.9,-1.78,65526.0,428.0,287.0
PMHPL,1/27/2026,330.2,341.0,322.0,324.0,-3.54,39837.0,428.0,287.0
PMHPL,1/28/2026,330.0,335.5,321.0,335.2,3.46,56470.0,428.0,287.0
PMHPL,1/29/2026,340.0,350.0,335.5,345.0,2.92,136836.0,428.0,287.0
PMHPL,2/1/2026,344.0,344.0,333.1,340.0,-1.45,45638.0,428.0,287.0
PMHPL,2/2/2026,338.0,343.9,335.5,335.6,-1.29,59948.0,428.0,287.0
PMHPL,2/3/2026,335.7,360.0,335.7,352.9,5.15,210454.0,428.0,287.0
PMHPL,2/4/2026,355.0,358.0,342.2,344.9,-2.27,50792.0,428.0,287.0
PMHPL,2/5/2026,342.7,359.0,342.7,350.0,1.48,81459.0,428.0,287.0
PMHPL,2/8/2026,356.0,361.0,343.0,346.9,-0.89,89574.0,428.0,287.0
PMHPL,2/9/2026,345.0,360.0,341.1,349.0,0.61,67066.0,428.0,287.0
PMHPL,2/10/2026,355.9,357.0,345.8,346.2,-0.8,48051.0,428.0,287.0
PMHPL,2/11/2026,351.0,353.0,344.5,347.0,0.23,36163.0,428.0,287.0
PMHPL,2/12/2026,352.0,372.0,350.0,363.3,4.7,155431.0,428.0,287.0
PMHPL,2/16/2026,369.8,377.9,350.3,352.0,-3.11,29207.0,428.0,287.0
PMHPL,2/17/2026,352.0,352.0,342.0,348.0,-1.14,53891.0,428.0,287.0
PMHPL,2/22/2026,344.0,345.0,333.5,334.0,-4.02,48971.0,428.0,287.0
PMHPL,2/23/2026,335.0,340.0,332.2,338.0,1.2,28505.0,428.0,287.0
PMHPL,2/24/2026,343.0,348.0,337.2,346.0,2.37,16237.0,428.0,287.0
PMHPL,2/25/2026,346.0,347.9,341.0,346.0,0.0,19288.0,428.0,287.0
PMHPL,2/26/2026,339.5,366.0,339.5,349.0,0.87,20620.0,428.0,287.0
PMHPL,2/27/2026,339.5,366.0,339.5,349.0,0.0,20620.0,428.0,287.0
PMHPL,2/28/2026,339.5,366.0,339.5,349.0,0.0,20620.0,428.0,287.0
PMHPL,3/2/2026,342.2,355.0,338.3,354.0,1.43,24878.0,428.0,287.0
PMHPL,3/3/2026,347.0,389.0,347.0,389.0,9.89,74492.0,428.0,287.0
PMHPL,3/4/2026,347.0,389.0,347.0,389.0,0.0,74492.0,428.0,287.0
PMHPL,3/5/2026,347.0,389.0,347.0,389.0,0.0,74492.0,428.0,287.0
PMHPL,3/6/2026,347.0,389.0,347.0,389.0,0.0,74492.0,428.0,287.0
PMHPL,3/7/2026,347.0,389.0,347.0,389.0,0.0,74492.0,428.0,287.0
PMHPL,3/8/2026,347.0,389.0,347.0,389.0,0.0,74492.0,428.0,287.0
PMHPL,3/9/2026,396.7,400.0,395.0,399.9,2.8,17065.0,428.0,287.0
PMHPL,3/10/2026,398.0,416.0,377.0,416.0,4.03,201187.0,428.0,287.0
PMHPL,3/11/2026,407.7,407.7,385.0,392.0,-5.77,96197.0,428.0,287.0
PMHPL,3/12/2026,390.0,393.0,384.1,386.0,-1.53,104672.0,428.0,287.0
PMHPL,3/13/2026,390.0,393.0,384.1,386.0,0.0,104672.0,428.0,287.0
PMHPL,3/14/2026,390.0,393.0,384.1,386.0,0.0,104672.0,428.0,287.0
PMHPL,3/15/2026,393.7,393.7,379.0,387.9,0.49,68505.0,428.0,287.0
PMHPL,3/16/2026,390.0,390.0,376.0,382.0,-1.52,66459.0,428.0,287.0
PMHPL,3/17/2026,377.0,389.0,375.0,387.0,1.31,71014.0,428.0,287.0
PMHPL,3/18/2026,377.0,389.0,375.0,387.0,0.0,71014.0,428.0,287.0
PMHPL,3/19/2026,387.0,401.0,380.0,398.0,2.84,150929.0,428.0,287.0
PMHPL,3/20/2026,387.0,401.0,380.0,398.0,0.0,150929.0,428.0,287.0
PMHPL,3/21/2026,387.0,401.0,380.0,398.0,0.0,150929.0,428.0,287.0
PMHPL,3/22/2026,405.9,405.9,390.0,393.9,-1.03,142386.0,428.0,287.0
PMHPL,3/23/2026,386.1,409.0,385.1,393.8,-0.03,69433.0,428.0,287.0
PMHPL,3/24/2026,393.8,399.0,385.0,389.9,-0.99,46592.0,428.0,287.0
PMHPL,3/25/2026,382.2,428.0,382.2,428.0,9.77,74136.0,428.0,287.0
PMHPL,3/26/2026,419.5,419.5,387.1,396.0,-5.6,159369.0,428.0,287.0
PMHPL,3/29/2026,396.0,396.0,375.5,391.9,-1.04,53701.0,428.0,287.0
PMHPL,3/30/2026,384.1,413.0,375.4,385.4,0.34,43367.0,428.0,287.0
PMHPL,3/31/2026,379.0,380.4,368.2,376.0,-0.79,62767.0,428.0,287.0
PMHPL,4/1/2026,380.0,380.0,352.0,355.0,-6.58,58411.0,428.0,287.0
PMHPL,4/2/2026,348.0,360.0,341.1,350.0,0.57,37740.0,428.0,287.0
PMHPL,4/5/2026,343.0,346.0,325.5,333.0,-2.92,41966.0,428.0,287.0
PMHPL,4/6/2026,330.0,348.9,327.2,345.0,4.55,32012.0,428.0,287.0
PMHPL,4/7/2026,351.0,352.7,338.7,342.5,-2.42,37029.0,428.0,287.0
PMHPL,4/8/2026,342.5,349.3,342.2,348.0,1.61,40674.0,428.0,287.0
PMHPL,4/9/2026,350.0,364.0,345.0,359.0,2.57,36503.0,428.0,287.0
PMHPL,4/10/2026,351.9,378.9,351.9,366.0,4.01,40034.0,428.0,287.0
PMHPL,4/13/2026,366.0,380.6,360.0,366.5,0.14,37259.0,428.0,287.0
PMHPL,4/15/2026,365.0,373.0,361.1,370.0,1.37,47651.0,428.0,287.0
PMHPL,4/16/2026,372.0,372.0,355.8,357.0,-4.03,30034.0,428.0,287.0
PMHPL,4/17/2026,360.0,360.0,350.0,358.5,-0.42,20283.0,428.0,287.0
PMHPL,4/20/2026,369.0,369.0,346.5,351.1,-4.85,14230.0,428.0,287.0
PMHPL,4/21/2026,350.0,357.0,343.1,347.9,-0.6,13994.0,428.0,287.0
PMHPL,4/22/2026,350.0,357.0,342.0,353.8,1.09,19537.0,428.0,287.0
PMHPL,4/23/2026,359.0,359.0,341.0,341.8,-4.79,11354.0,428.0,287.0
PMHPL,4/24/2026,341.8,344.8,339.0,340.0,-0.53,10294.0,428.0,287.0
PMHPL,4/27/2026,340.0,349.9,340.0,344.3,1.26,6580.0,428.0,287.0
PMHPL,4/28/2026,329.0,368.0,329.0,343.0,4.26,13590.0,428.0,287.0
PMHPL,4/29/2026,343.0,342.0,332.0,335.0,-2.33,11092.0,428.0,287.0
PMHPL,4/30/2026,335.0,338.2,331.0,334.0,-0.3,10680.0,428.0,287.0
PMHPL,5/4/2026,332.2,332.6,324.0,330.0,-0.66,6491.0,428.0,287.0
PMHPL,5/5/2026,330.1,339.0,329.0,337.0,2.09,5920.0,428.0,287.0
PMHPL,5/6/2026,330.1,339.0,330.1,335.0,1.48,10882.0,428.0,287.0
PMHPL,5/7/2026,331.0,337.0,330.0,336.8,1.75,5838.0,428.0,287.0
PMHPL,5/8/2026,335.0,340.0,332.7,338.0,0.9,7990.0,428.0,287.0
PMHPL,5/11/2026,341.9,349.9,336.5,344.8,0.85,6032.0,428.0,287.0
PMHPL,5/12/2026,344.8,348.0,336.0,338.5,-1.83,4964.0,428.0,287.0
PMHPL,5/13/2026,335.1,340.0,332.1,335.0,-0.03,2744.0,428.0,287.0
PMHPL,5/14/2026,333.0,341.7,330.0,334.8,0.54,6920.0,428.0,287.0
PMHPL,5/15/2026,344.8,344.8,335.0,338.9,-1.71,3140.0,428.0,287.0
PMHPL,5/18/2026,340.0,348.9,334.0,339.6,-0.12,3783.0,428.0,287.0
PMHPL,5/19/2026,345.0,345.0,332.8,333.9,-3.22,3387.0,428.0,287.0
PMHPL,5/20/2026,341.0,342.0,333.2,340.5,-0.15,13334.0,428.0,287.0
PMHPL,5/21/2026,336.0,345.0,336.0,341.0,1.49,5536.0,428.0,287.0
PMHPL,5/22/2026,343.9,343.9,336.1,342.0,-0.55,5800.0,428.0,287.0
PMHPL,5/25/2026,343.9,352.0,343.0,350.5,1.92,18298.0,428.0,287.0
PMHPL,5/26/2026,350.0,357.0,344.0,351.0,0.29,4201.0,428.0,287.0
PMHPL,5/27/2026,358.5,359.5,346.5,349.0,-2.65,9150.0,428.0,287.0
PMHPL,6/1/2026,347.9,348.0,340.0,344.0,-1.12,6492.0,428.0,287.0
PMHPL,6/2/2026,337.0,343.9,336.0,341.0,1.19,2020.0,428.0,287.0
PMHPL,6/3/2026,341.0,347.0,337.0,343.0,0.59,2920.0,428.0,287.0
PMHPL,6/4/2026,349.0,349.0,339.5,342.6,-1.83,4512.0,428.0,287.0
PMHPL,6/5/2026,338.0,339.9,337.5,338.0,0.0,7155.0,428.0,287.0
PMHPL,6/8/2026,340.0,340.0,335.0,335.0,-1.47,4037.0,428.0,287.0
PMHPL,6/9/2026,331.0,335.0,330.0,334.0,0.91,8615.0,428.0,287.0
PMHPL,6/10/2026,331.0,337.0,331.0,334.6,1.09,3830.0,428.0,287.0
PMHPL,6/11/2026,336.0,337.9,333.0,333.9,-0.63,6126.0,428.0,287.0
PMHPL,6/12/2026,330.1,334.9,330.1,331.0,0.27,8089.0,428.0,287.0
PMHPL,6/15/2026,330.2,335.3,330.1,331.5,0.39,2605.0,428.0,287.0
PMHPL,6/16/2026,336.0,336.0,330.0,333.1,-0.86,6499.0,428.0,287.0
PMHPL,6/17/2026,330.0,335.0,330.0,334.0,1.21,5224.0,428.0,287.0
PMHPL,6/18/2026,335.0,340.0,331.2,332.0,-0.9,7475.0,428.0,287.0
PMHPL,6/19/2026,332.0,338.0,331.0,335.0,0.9,6140.0,428.0,287.0
PMHPL,6/22/2026,331.1,340.0,330.3,333.0,0.57,5519.0,428.0,287.0
PMHPL,6/23/2026,333.0,333.0,325.0,329.0,-1.2,9080.0,428.0,287.0
PMHPL,6/24/2026,324.0,334.0,320.0,325.9,0.59,10119.0,428.0,287.0
PMHPL,6/26/2026,324.0,333.0,319.0,322.0,-0.62,2268.0,428.0,287.0
PMHPL,6/29/2026,318.0,320.0,313.2,317.9,-0.03,9468.0,428.0,287.0
PMHPL,6/30/2026,311.2,320.0,310.1,314.0,0.9,2479.0,428.0,287.0
PMHPL,7/1/2026,314.0,322.0,312.0,320.0,1.91,7480.0,428.0,287.0
PMHPL,7/2/2026,317.0,326.5,315.0,326.5,3.0,4482.0,428.0,287.0
PMHPL,7/3/2026,327.0,327.0,318.0,325.9,-0.34,4824.0,428.0,287.0
PMHPL,7/6/2026,334.1,334.1,317.0,317.0,-5.12,3657.0,428.0,287.0
PMHPL,7/7/2026,305.0,343.1,305.0,325.7,6.79,3020.0,428.0,287.0
PMHPL,7/8/2026,320.0,320.0,316.0,316.1,-1.22,1667.0,428.0,287.0
PMHPL,7/9/2026,300.3,354.0,300.3,315.0,4.9,5825.0,428.0,287.0
PMHPL,7/10/2026,310.0,321.8,310.0,313.1,1.0,2283.0,428.0,287.0
PMHPL,7/13/2026,322.4,322.4,304.0,304.0,-5.71,5233.0,428.0,287.0
PMHPL,7/14/2026,304.0,312.0,301.0,309.0,1.64,6800.0,428.0,287.0
PMHPL,7/15/2026,310.1,315.0,310.1,315.0,1.58,3240.0,428.0,287.0
PMHPL,7/16/2026,325.0,325.0,310.0,315.8,-2.83,1472.0,428.0,287.0
PMHPL,7/17/2026,320.29,329.0,317.0,325.0,1.47,6382.0,428.0,287.0
PMHPL,7/20/2026,316.1,331.5,316.1,328.0,3.76,8635.0,428.0,287.0
PMHPL,7/21/2026,325.1,340.0,325.0,330.0,1.51,18414.0,428.0,287.0
PMHPL,7/22/2026,330.0,334.0,322.1,328.0,-0.61,3522.0,428.0,287.0
PMHPL,7/23/2026,321.5,329.5,321.5,328.9,2.3,2640.0,428.0,287.0
PMHPL,7/24/2026,328.0,329.8,323.0,324.0,-1.22,4451.0,428.0,287.0
PMHPL,7/27/2026,320.0,327.0,318.0,327.0,2.19,6100.0,428.0,287.0
PMHPL,7/28/2026,323.9,323.9,318.0,318.0,-1.82,8237.0,428.0,287.0
PMHPL,7/29/2026,326.0,326.0,315.0,321.0,-1.53,7964.0,428.0,287.0
PMHPL,7/30/2026,321.0,324.0,314.5,320.0,-0.31,2370.0,428.0,287.0
PMHPL,7/31/2026,320.0,320.0,313.2,315.0,-1.56,3683.0,428.0,287.0
PMHPL,8/3/2026,315.0,325.0,309.0,318.5,1.11,4488.0,428.0,287.0
PMHPL,8/4/2026,322.0,322.0,313.6,319.5,-0.78,4674.0,428.0,287.0
PMHPL,8/5/2026,322.5,325.0,313.0,320.0,-0.78,1643.0,428.0,287.0
PMHPL,8/6/2026,312.0,324.0,312.0,319.0,2.24,11044.0,428.0,287.0
PMHPL,8/7/2026,312.1,324.0,312.1,318.0,1.89,6014.0,428.0,287.0
PMHPL,8/10/2026,313.0,323.0,311.0,318.9,1.88,1755.0,428.0,287.0
PMHPL,8/11/2026,312.1,320.0,312.1,318.5,2.05,5691.0,428.0,287.0
PMHPL,8/12/2026,314.0,315.0,311.1,315.0,0.32,2826.0,428.0,287.0
PMHPL,8/13/2026,310.0,318.9,310.0,315.9,1.9,3684.0,428.0,287.0
PMHPL,8/14/2026,319.9,319.9,311.0,316.0,-1.22,3281.0,428.0,287.0
PMHPL,8/17/2026,308.1,316.0,307.1,312.0,1.27,3138.0,428.0,287.0
PMHPL,8/18/2026,306.1,314.0,305.0,309.8,1.21,6248.0,428.0,287.0
PMHPL,8/19/2026,305.0,311.9,300.0,307.0,0.66,7696.0,428.0,287.0
PMHPL,8/20/2026,304.0,305.0,297.8,303.8,-0.07,9764.0,428.0,287.0
PMHPL,8/21/2026,312.9,345.9,295.0,345.9,10.55,14186.0,428.0,287.0
PMHPL,8/24/2026,345.9,345.9,300.0,311.9,-9.83,13487.0,428.0,287.0
PMHPL,8/25/2026,296.4,321.2,296.4,311.7,5.16,2868.0,428.0,287.0
PMHPL,8/26/2026,311.7,321.0,299.0,304.0,-2.47,7096.0,428.0,287.0
PMHPL,8/27/2026,300.0,307.8,298.0,300.0,0.0,7634.0,428.0,287.0
PMHPL,8/31/2026,295.0,295.0,291.0,295.0,0.0,6205.0,428.0,287.0
PMHPL,9/1/2026,292.7,330.0,290.0,295.0,0.79,11605.0,428.0,287.0
PMHPL,9/2/2026,295.0,298.0,290.8,291.5,-1.19,2050.0,428.0,287.0
PMHPL,9/3/2026,289.0,298.0,289.0,298.0,3.11,2073.0,428.0,287.0
PMHPL,9/7/2026,293.5,297.9,293.0,294.9,0.48,6499.0,428.0,287.0
PMHPL,9/9/2026,301.5,301.5,292.5,294.0,-2.49,1085.0,428.0,287.0
PMHPL,9/10/2026,295.0,303.8,291.1,298.0,1.02,10645.0,428.0,287.0
PMHPL,9/11/2026,304.0,304.0,296.0,302.8,-0.39,6113.0,428.0,287.0
PMHPL,9/14/2026,300.0,310.0,300.0,310.0,3.33,3819.0,428.0,287.0
PMHPL,9/15/2026,312.0,348.7,309.0,319.9,2.53,20819.0,428.0,287.0
PMHPL,9/16/2026,323.0,323.0,308.5,310.0,-4.02,6513.0,428.0,287.0
PMHPL,9/17/2026,317.0,317.0,306.3,308.0,-2.84,14248.0,428.0,287.0
PMHPL,9/18/2026,302.7,312.9,302.7,311.0,2.74,13096.0,428.0,287.0
PMHPL,9/22/2026,314.5,314.5,309.1,310.0,-1.43,4935.0,428.0,287.0
PMHPL,9/23/2026,305.0,307.8,305.0,307.6,0.85,6151.0,428.0,287.0
PMHPL,9/24/2026,305.0,309.0,300.7,309.0,1.31,2542.0,428.0,287.0
PMHPL,9/28/2026,308.9,308.9,300.7,302.0,-2.23,5422.0,428.0,287.0
PMHPL,9/29/2026,309.0,309.0,298.7,0.0,-100.0,3318.0,428.0,287.0
PMHPL,9/30/2026,300.0,305.0,297.1,302.0,0.67,9053.0,428.0,287.0
PMHPL,10/1/2026,300.0,300.0,296.5,300.0,0.0,8195.0,428.0,287.0
PMHPL,10/2/2026,297.0,301.9,297.0,301.9,1.65,2784.0,428.0,287.0
PMLI,12/21/2025,485.5,494.0,485.5,486.3,,6979.0,543.6,392.6
PMLI,12/22/2025,482.0,485.0,480.0,481.0,-1.09,8303.0,543.6,392.6
PMLI,12/23/2025,477.1,482.0,475.2,482.0,0.21,7724.0,543.6,392.6
PMLI,12/24/2025,482.0,489.8,481.6,482.0,0.0,5692.0,543.6,392.6
PMLI,12/28/2025,482.2,512.8,482.2,495.2,2.74,17560.0,543.6,392.6
PMLI,12/29/2025,490.1,500.0,490.1,495.0,-0.04,6861.0,543.6,392.6
PMLI,12/31/2025,495.0,505.0,495.0,504.0,1.82,8566.0,543.6,392.6
PMLI,1/1/2026,495.3,504.0,494.1,497.0,-1.39,10121.0,543.6,392.6
PMLI,1/4/2026,505.9,505.9,494.1,500.0,0.6,15109.0,543.6,392.6
PMLI,1/5/2026,481.0,495.0,480.0,495.0,-1.0,13360.0,543.6,392.6
PMLI,1/6/2026,495.0,499.0,487.0,492.0,-0.61,8617.0,543.6,392.6
PMLI,1/7/2026,492.0,492.0,483.0,492.0,0.0,1920.0,543.6,392.6
PMLI,1/8/2026,483.0,496.5,483.0,485.2,-1.38,4715.0,543.6,392.6
PMLI,1/12/2026,481.0,489.8,478.2,486.0,0.16,3242.0,543.6,392.6
PMLI,1/13/2026,488.0,495.0,481.5,481.5,-0.93,4974.0,543.6,392.6
PMLI,1/14/2026,481.6,498.7,480.0,490.0,1.77,9176.0,543.6,392.6
PMLI,1/18/2026,488.0,501.0,485.3,501.0,2.24,14358.0,543.6,392.6
PMLI,1/20/2026,510.0,527.9,510.0,521.9,4.17,92309.0,543.6,392.6
PMLI,1/21/2026,511.5,528.0,511.5,516.5,-1.03,32749.0,543.6,392.6
PMLI,1/22/2026,510.1,519.8,510.1,515.0,-0.29,14572.0,543.6,392.6
PMLI,1/25/2026,511.0,535.0,511.0,533.0,3.5,65867.0,543.6,392.6
PMLI,1/26/2026,533.0,536.0,519.0,533.0,0.0,52514.0,543.6,392.6
PMLI,1/27/2026,543.6,543.6,510.0,519.7,-2.5,38408.0,543.6,392.6
PMLI,1/28/2026,517.0,534.9,511.5,526.1,1.23,56360.0,543.6,392.6
PMLI,1/29/2026,530.0,540.6,519.0,519.5,-1.25,44818.0,543.6,392.6
PMLI,2/1/2026,515.0,529.7,510.2,513.0,-1.25,27932.0,543.6,392.6
PMLI,2/2/2026,522.0,522.9,509.1,515.0,0.39,21394.0,543.6,392.6
PMLI,2/3/2026,515.0,524.8,506.0,508.0,-1.36,12419.0,543.6,392.6
PMLI,2/4/2026,501.0,513.0,499.1,502.0,-1.18,15122.0,543.6,392.6
PMLI,2/5/2026,501.0,512.0,497.2,510.0,1.59,20641.0,543.6,392.6
PMLI,2/8/2026,510.0,518.5,507.0,507.2,-0.55,8334.0,543.6,392.6
PMLI,2/9/2026,505.0,515.0,495.1,499.0,-1.62,9399.0,543.6,392.6
PMLI,2/10/2026,498.0,501.0,495.1,495.1,-0.78,9664.0,543.6,392.6
PMLI,2/11/2026,505.0,505.0,494.0,495.0,-0.02,8887.0,543.6,392.6
PMLI,2/12/2026,490.1,499.9,490.1,493.0,-0.4,6376.0,543.6,392.6
PMLI,2/16/2026,490.0,498.9,488.1,489.0,-0.81,5954.0,543.6,392.6
PMLI,2/17/2026,487.1,490.0,485.0,487.0,-0.41,6005.0,543.6,392.6
PMLI,2/22/2026,481.1,482.0,475.0,475.0,-2.46,18732.0,543.6,392.6
PMLI,2/23/2026,475.0,481.0,472.7,475.2,0.04,6358.0,543.6,392.6
PMLI,2/24/2026,480.0,483.0,475.2,478.0,0.59,4538.0,543.6,392.6
PMLI,2/25/2026,478.0,506.0,478.0,494.0,3.35,13269.0,543.6,392.6
PMLI,2/26/2026,495.0,499.0,485.2,494.5,0.1,5064.0,543.6,392.6
PMLI,2/27/2026,495.0,499.0,485.2,494.5,0.0,5064.0,543.6,392.6
PMLI,2/28/2026,495.0,499.0,485.2,494.5,0.0,5064.0,543.6,392.6
PMLI,3/2/2026,485.0,495.0,485.0,494.0,-0.1,5436.0,543.6,392.6
PMLI,3/3/2026,490.1,502.7,490.1,501.0,1.42,9946.0,543.6,392.6
PMLI,3/4/2026,490.1,502.7,490.1,501.0,0.0,9946.0,543.6,392.6
PMLI,3/5/2026,490.1,502.7,490.1,501.0,0.0,9946.0,543.6,392.6
PMLI,3/6/2026,490.1,502.7,490.1,501.0,0.0,9946.0,543.6,392.6
PMLI,3/7/2026,490.1,502.7,490.1,501.0,0.0,9946.0,543.6,392.6
PMLI,3/8/2026,490.1,502.7,490.1,501.0,0.0,9946.0,543.6,392.6
PMLI,3/9/2026,511.0,531.0,511.0,531.0,5.99,151.0,543.6,392.6
PMLI,3/10/2026,535.0,535.0,509.6,517.9,-2.47,27881.0,543.6,392.6
PMLI,3/11/2026,517.9,517.9,510.0,510.0,-1.53,8378.0,543.6,392.6
PMLI,3/12/2026,500.0,515.0,500.0,511.8,0.35,12389.0,543.6,392.6
PMLI,3/13/2026,500.0,515.0,500.0,511.8,0.0,12389.0,543.6,392.6
PMLI,3/14/2026,500.0,515.0,500.0,511.8,0.0,12389.0,543.6,392.6
PMLI,3/15/2026,511.8,517.1,506.1,514.0,0.43,13412.0,543.6,392.6
PMLI,3/16/2026,524.2,524.2,505.0,513.0,-0.19,17561.0,543.6,392.6
PMLI,3/17/2026,509.0,510.0,499.8,508.0,-0.97,16417.0,543.6,392.6
PMLI,3/18/2026,509.0,510.0,499.8,508.0,0.0,16417.0,543.6,392.6
PMLI,3/19/2026,508.0,519.7,501.5,515.0,1.38,30220.0,543.6,392.6
PMLI,3/20/2026,508.0,519.7,501.5,515.0,0.0,30220.0,543.6,392.6
PMLI,3/21/2026,508.0,519.7,501.5,515.0,0.0,30220.0,543.6,392.6
PMLI,3/22/2026,515.0,528.8,515.0,526.0,2.14,36469.0,543.6,392.6
PMLI,3/23/2026,526.0,532.5,518.3,522.0,-0.76,16023.0,543.6,392.6
PMLI,3/24/2026,520.0,529.0,520.0,522.5,0.1,14235.0,543.6,392.6
PMLI,3/25/2026,520.0,520.0,510.0,510.0,-2.39,15854.0,543.6,392.6
PMLI,3/26/2026,501.1,519.5,501.1,513.0,2.37,7465.0,543.6,392.6
PMLI,3/29/2026,503.5,510.1,499.8,501.2,-0.46,27034.0,543.6,392.6
PMLI,3/30/2026,509.9,509.9,493.0,493.0,-3.31,11322.0,543.6,392.6
PMLI,3/31/2026,491.1,499.9,486.0,494.2,0.63,11434.0,543.6,392.6
PMLI,4/1/2026,500.0,500.0,480.4,484.8,-3.04,19709.0,543.6,392.6
PMLI,4/2/2026,478.0,488.9,471.0,480.3,0.48,19566.0,543.6,392.6
PMLI,4/5/2026,472.0,476.9,460.0,462.1,-2.1,23185.0,543.6,392.6
PMLI,4/6/2026,469.9,483.4,461.0,475.0,1.09,16001.0,543.6,392.6
PMLI,4/7/2026,484.5,484.5,470.0,470.0,-2.99,8582.0,543.6,392.6
PMLI,4/8/2026,471.2,482.0,470.0,482.0,2.29,10506.0,543.6,392.6
PMLI,4/9/2026,480.0,491.6,480.0,486.0,1.25,12843.0,543.6,392.6
PMLI,4/10/2026,486.0,490.0,482.0,485.0,-0.21,9912.0,543.6,392.6
PMLI,4/13/2026,481.0,487.7,477.0,482.0,0.21,7384.0,543.6,392.6
PMLI,4/15/2026,482.0,491.0,477.0,485.1,0.64,10666.0,543.6,392.6
PMLI,4/16/2026,482.0,486.0,475.0,480.0,-0.41,9157.0,543.6,392.6
PMLI,4/17/2026,473.2,479.6,471.0,479.0,1.23,7128.0,543.6,392.6
PMLI,4/20/2026,465.2,479.9,465.2,478.0,2.75,2845.0,543.6,392.6
PMLI,4/21/2026,475.0,480.0,470.1,473.2,-0.38,2822.0,543.6,392.6
PMLI,4/22/2026,465.1,475.0,465.0,475.0,2.13,11104.0,543.6,392.6
PMLI,4/23/2026,466.0,477.0,466.0,474.9,1.91,8199.0,543.6,392.6
PMLI,4/24/2026,462.0,475.0,462.0,471.0,1.95,2690.0,543.6,392.6
PMLI,4/27/2026,471.0,475.0,465.1,470.0,-0.21,3072.0,543.6,392.6
PMLI,4/28/2026,470.0,471.0,467.3,469.0,-0.21,6865.0,543.6,392.6
PMLI,4/29/2026,469.0,468.0,462.0,462.0,-1.49,9917.0,543.6,392.6
PMLI,4/30/2026,461.0,467.0,460.0,464.0,0.65,7009.0,543.6,392.6
PMLI,5/4/2026,460.2,464.0,460.0,461.1,0.2,4564.0,543.6,392.6
PMLI,5/5/2026,461.1,470.0,455.0,469.0,1.71,4930.0,543.6,392.6
PMLI,5/6/2026,455.3,464.9,455.3,460.1,1.05,7197.0,543.6,392.6
PMLI,5/7/2026,455.5,473.0,455.3,463.0,1.65,6176.0,543.6,392.6
PMLI,5/8/2026,463.0,474.0,461.1,469.0,1.3,1346.0,543.6,392.6
PMLI,5/11/2026,470.0,479.0,461.3,468.0,-0.43,3992.0,543.6,392.6
PMLI,5/12/2026,468.0,472.0,467.0,468.0,0.0,5524.0,543.6,392.6
PMLI,5/13/2026,461.0,470.0,461.0,465.0,0.87,2022.0,543.6,392.6
PMLI,5/14/2026,461.0,465.0,460.5,461.6,0.13,3932.0,543.6,392.6
PMLI,5/15/2026,461.6,466.0,460.0,461.1,-0.11,3226.0,543.6,392.6
PMLI,5/18/2026,465.0,483.9,460.0,462.0,-0.65,4773.0,543.6,392.6
PMLI,5/19/2026,462.0,464.0,455.0,457.1,-1.06,5378.0,543.6,392.6
PMLI,5/20/2026,455.1,463.5,455.1,463.5,1.85,5684.0,543.6,392.6
PMLI,5/21/2026,460.0,466.0,460.0,466.0,1.3,3910.0,543.6,392.6
PMLI,5/22/2026,460.1,470.0,460.1,470.0,2.15,1633.0,543.6,392.6
PMLI,5/25/2026,470.0,475.0,462.5,470.3,0.06,3094.0,543.6,392.6
PMLI,5/26/2026,471.0,473.0,465.2,465.2,-1.23,4393.0,543.6,392.6
PMLI,5/27/2026,462.3,470.0,462.3,469.6,1.58,1759.0,543.6,392.6
PMLI,6/1/2026,471.0,471.0,464.0,464.0,-1.49,4629.0,543.6,392.6
PMLI,6/2/2026,462.0,468.0,462.0,465.0,0.65,1527.0,543.6,392.6
PMLI,6/3/2026,465.0,483.9,465.0,479.0,3.01,16103.0,543.6,392.6
PMLI,6/4/2026,476.1,482.0,476.1,480.9,1.01,10363.0,543.6,392.6
PMLI,6/5/2026,469.1,491.0,469.1,481.0,2.54,12122.0,543.6,392.6
PMLI,6/8/2026,470.0,479.8,470.0,475.0,1.06,6397.0,543.6,392.6
PMLI,6/9/2026,472.0,472.0,465.0,470.0,-0.42,3727.0,543.6,392.6
PMLI,6/10/2026,465.0,478.0,465.0,469.0,0.86,3562.0,543.6,392.6
PMLI,6/11/2026,460.0,500.0,460.0,468.0,1.74,1884.0,543.6,392.6
PMLI,6/12/2026,460.0,470.0,460.0,465.5,1.2,5675.0,543.6,392.6
PMLI,6/15/2026,488.7,488.7,461.0,463.1,-5.24,2620.0,543.6,392.6
PMLI,6/16/2026,463.0,465.0,461.0,465.0,0.43,3453.0,543.6,392.6
PMLI,6/17/2026,460.0,473.6,460.0,460.7,0.15,12603.0,543.6,392.6
PMLI,6/18/2026,460.0,465.0,460.0,464.0,0.87,5906.0,543.6,392.6
PMLI,6/19/2026,460.0,484.0,456.0,479.8,4.3,6948.0,543.6,392.6
PMLI,6/22/2026,460.0,487.0,460.0,469.9,2.15,3185.0,543.6,392.6
PMLI,6/23/2026,460.0,467.0,460.0,463.0,0.65,6121.0,543.6,392.6
PMLI,6/24/2026,460.0,462.0,456.0,460.0,0.0,6233.0,543.6,392.6
PMLI,6/26/2026,458.4,464.9,455.3,455.3,-0.68,9073.0,543.6,392.6
PMLI,6/29/2026,455.3,456.0,450.1,450.1,-1.14,6326.0,543.6,392.6
PMLI,6/30/2026,450.2,455.0,442.3,444.0,-1.38,9681.0,543.6,392.6
PMLI,7/1/2026,440.0,471.8,440.0,458.0,4.09,2777.0,543.6,392.6
PMLI,7/2/2026,452.0,457.0,443.3,455.0,0.66,5021.0,543.6,392.6
PMLI,7/3/2026,468.0,468.0,445.1,450.0,-3.85,5531.0,543.6,392.6
PMLI,7/6/2026,441.5,450.0,441.5,446.0,1.02,4130.0,543.6,392.6
PMLI,7/7/2026,430.0,456.0,430.0,450.0,4.65,3726.0,543.6,392.6
PMLI,7/8/2026,454.0,454.0,440.5,445.0,-1.98,2180.0,543.6,392.6
PMLI,7/9/2026,445.0,450.0,441.5,444.5,-0.11,1509.0,543.6,392.6
PMLI,7/10/2026,444.5,449.0,440.1,442.1,-0.54,2051.0,543.6,392.6
PMLI,7/13/2026,440.0,444.8,432.0,434.1,-1.34,5913.0,543.6,392.6
PMLI,7/14/2026,430.0,439.9,427.2,436.0,1.4,8135.0,543.6,392.6
PMLI,7/15/2026,424.2,453.0,424.2,441.0,3.96,2198.0,543.6,392.6
PMLI,7/16/2026,463.0,463.0,431.0,433.1,-6.46,3461.0,543.6,392.6
PMLI,7/17/2026,435.9,457.0,433.4,454.9,4.36,2637.0,543.6,392.6
PMLI,7/20/2026,449.0,461.8,449.0,454.4,1.2,7024.0,543.6,392.6
PMLI,7/21/2026,454.4,461.8,446.6,450.0,-0.97,8197.0,543.6,392.6
PMLI,7/22/2026,441.1,458.0,441.1,445.0,0.88,4821.0,543.6,392.6
PMLI,7/23/2026,443.0,484.0,443.0,465.0,4.97,7836.0,543.6,392.6
PMLI,7/24/2026,452.0,462.0,452.0,454.0,0.44,7466.0,543.6,392.6
PMLI,7/27/2026,442.0,466.0,442.0,447.4,1.22,3915.0,543.6,392.6
PMLI,7/28/2026,447.0,451.0,441.1,444.3,-0.6,3895.0,543.6,392.6
PMLI,7/29/2026,444.4,448.0,444.1,444.1,-0.07,5734.0,543.6,392.6
PMLI,7/30/2026,456.5,456.5,440.5,440.5,-3.5,4163.0,543.6,392.6
PMLI,7/31/2026,440.0,448.0,440.0,442.2,0.5,2325.0,543.6,392.6
PMLI,8/3/2026,445.0,446.0,441.3,441.3,-0.83,2835.0,543.6,392.6
PMLI,8/4/2026,440.2,450.0,435.0,440.0,-0.05,6886.0,543.6,392.6
PMLI,8/5/2026,440.0,447.0,435.6,444.0,0.91,3569.0,543.6,392.6
PMLI,8/6/2026,437.0,444.0,437.0,438.7,0.39,2069.0,543.6,392.6
PMLI,8/7/2026,431.1,442.0,431.1,437.5,1.48,1893.0,543.6,392.6
PMLI,8/10/2026,434.0,443.0,425.5,433.0,-0.23,20168.0,543.6,392.6
PMLI,8/11/2026,433.0,441.0,431.0,436.0,0.69,6097.0,543.6,392.6
PMLI,8/12/2026,436.0,439.9,421.0,432.9,-0.71,23192.0,543.6,392.6
PMLI,8/13/2026,430.1,432.0,426.1,431.0,0.21,1668.0,543.6,392.6
PMLI,8/14/2026,430.1,434.0,430.1,431.1,0.23,4336.0,543.6,392.6
PMLI,8/17/2026,421.0,441.0,421.0,428.5,1.78,4599.0,543.6,392.6
PMLI,8/18/2026,428.5,429.3,421.0,429.3,0.19,5566.0,543.6,392.6
PMLI,8/19/2026,407.9,428.0,407.9,425.0,4.19,4414.0,543.6,392.6
PMLI,8/20/2026,420.0,427.0,420.0,425.0,1.19,2617.0,543.6,392.6
PMLI,8/21/2026,421.0,425.0,421.0,422.7,0.4,2594.0,543.6,392.6
PMLI,8/24/2026,420.0,421.0,415.0,415.0,-1.19,6294.0,543.6,392.6
PMLI,8/25/2026,421.9,421.9,412.0,412.6,-2.2,3674.0,543.6,392.6
PMLI,8/26/2026,411.1,412.0,402.0,404.1,-1.7,5330.0,543.6,392.6
PMLI,8/27/2026,402.5,410.7,402.1,409.9,1.84,3000.0,543.6,392.6
PMLI,8/31/2026,405.0,405.0,400.0,400.1,-1.21,2485.0,543.6,392.6
PMLI,9/1/2026,392.6,403.8,392.6,403.0,2.65,4514.0,543.6,392.6
PMLI,9/2/2026,399.0,406.8,395.0,402.1,0.78,3826.0,543.6,392.6
PMLI,9/3/2026,402.0,410.0,398.0,398.3,-0.92,5367.0,543.6,392.6
PMLI,9/7/2026,397.0,406.0,397.0,401.9,1.23,9006.0,543.6,392.6
PMLI,9/9/2026,400.0,412.6,400.0,401.0,0.25,3966.0,543.6,392.6
PMLI,9/10/2026,395.3,400.0,395.3,398.0,0.68,1738.0,543.6,392.6
PMLI,9/11/2026,398.0,405.6,398.0,405.6,1.91,3357.0,543.6,392.6
PMLI,9/14/2026,405.0,416.0,405.0,414.0,2.22,2442.0,543.6,392.6
PMLI,9/15/2026,434.7,443.0,415.2,428.0,-1.54,18876.0,543.6,392.6
PMLI,9/16/2026,426.0,430.0,421.5,423.4,-0.61,6136.0,543.6,392.6
PMLI,9/17/2026,423.1,425.0,416.0,423.1,0.0,12703.0,543.6,392.6
PMLI,9/18/2026,420.0,435.0,420.0,431.8,2.81,11096.0,543.6,392.6
PMLI,9/22/2026,427.2,439.0,425.1,432.8,1.31,7455.0,543.6,392.6
PMLI,9/23/2026,432.8,432.8,420.0,420.0,-2.96,8727.0,543.6,392.6
PMLI,9/24/2026,413.0,423.0,413.0,423.0,2.42,2358.0,543.6,392.6
PMLI,9/28/2026,417.1,429.9,417.1,421.0,0.94,10417.0,543.6,392.6
PMLI,9/29/2026,416.1,419.0,416.1,0.0,-100.0,2388.0,543.6,392.6
PMLI,9/30/2026,418.0,422.0,418.0,422.0,0.96,2930.0,543.6,392.6
PMLI,10/1/2026,416.0,424.7,416.0,419.3,0.79,7478.0,543.6,392.6
PMLI,10/2/2026,415.0,422.8,415.0,422.7,1.86,3682.0,543.6,392.6
PMLIP,12/21/2025,270.0,270.0,270.0,270.0,,11858.0,300.0,255.0
PMLIP,12/28/2025,270.0,270.0,270.0,270.0,0.0,23700.0,300.0,255.0
PMLIP,1/12/2026,270.0,270.0,270.0,270.0,0.0,13045.0,300.0,255.0
PMLIP,1/13/2026,270.0,270.0,270.0,270.0,0.0,13045.0,300.0,255.0
PMLIP,2/24/2026,270.0,270.0,270.0,270.0,0.0,1880.0,300.0,255.0
PMLIP,2/25/2026,270.0,270.0,270.0,270.01,0.0,178000.0,300.0,255.0
PMLIP,3/25/2026,270.0,270.0,270.0,270.0,-0.0,10320.0,300.0,255.0
PMLIP,6/19/2026,255.0,255.0,255.0,255.0,0.0,130442.0,300.0,255.0
PMLIP,7/15/2026,255.0,255.0,255.0,255.0,0.0,20349.0,300.0,255.0
PMLIP,7/16/2026,255.0,255.0,255.0,255.0,0.0,13000.0,300.0,255.0
PMLIP,10/1/2026,232.0,232.0,232.0,232.0,0.0,1300.0,300.0,255.0
PPCL,8/1/2019,133.0,137.0,131.0,135.0,,730.0,462.0,284.1
PPCL,8/4/2019,133.0,133.0,130.0,131.0,-2.96,1860.0,462.0,284.1
PPCL,8/5/2019,129.0,132.0,129.0,132.0,0.76,970.0,462.0,284.1
PPCL,8/6/2019,130.0,133.0,128.0,133.0,0.76,840.0,462.0,284.1
PPCL,8/7/2019,131.0,137.0,128.0,137.0,3.01,1060.0,462.0,284.1
PPCL,8/11/2019,135.0,135.0,126.0,126.0,-8.03,870.0,462.0,284.1
PPCL,8/12/2019,125.0,127.0,124.0,126.0,0.0,1860.0,462.0,284.1
PPCL,8/13/2019,125.0,126.0,119.0,122.0,-3.17,8400.0,462.0,284.1
PPCL,8/14/2019,120.0,122.0,120.0,120.0,-1.64,900.0,462.0,284.1
PPCL,8/15/2019,118.0,119.0,114.0,116.0,-3.33,1220.0,462.0,284.1
PPCL,8/18/2019,114.0,117.0,113.0,117.0,0.86,1000.0,462.0,284.1
PPCL,8/19/2019,115.0,117.0,113.0,115.0,-1.71,1165.0,462.0,284.1
PPCL,8/20/2019,113.0,113.0,104.0,104.0,-9.57,19951.0,462.0,284.1
PPCL,8/21/2019,102.0,99.0,100.0,109.0,4.81,6490.0,462.0,284.1
PPCL,8/22/2019,107.0,111.0,105.0,111.0,1.83,3900.0,462.0,284.1
PPCL,8/25/2019,109.0,109.0,101.0,103.0,-7.21,1000.0,462.0,284.1
PPCL,8/26/2019,102.0,105.0,102.0,105.0,1.94,620.0,462.0,284.1
PPCL,8/27/2019,103.0,103.0,102.0,102.0,-2.86,340.0,462.0,284.1
PPCL,8/28/2019,100.0,103.0,100.0,102.0,0.0,2530.0,462.0,284.1
PPCL,8/29/2019,100.0,102.0,100.0,100.0,-1.96,580.0,462.0,284.1
PPCL,9/1/2019,98.0,102.0,98.0,100.0,0.0,610.0,462.0,284.1
PPCL,9/2/2019,100.0,100.0,98.0,98.0,-2.0,1500.0,462.0,284.1
PPCL,9/3/2019,99.0,100.0,94.0,97.0,-1.02,1788.0,462.0,284.1
PPCL,9/4/2019,97.0,99.0,100.0,106.0,9.28,420.0,462.0,284.1
PPCL,9/5/2019,104.0,106.0,99.0,106.0,0.0,1110.0,462.0,284.1
PPCL,9/8/2019,104.0,104.0,97.0,97.0,-8.49,730.0,462.0,284.1
PPCL,9/9/2019,97.0,99.0,96.0,99.0,2.06,380.0,462.0,284.1
PPCL,9/10/2019,98.0,98.0,96.0,98.0,-1.01,390.0,462.0,284.1
PPCL,9/11/2019,99.0,99.0,98.0,99.0,1.02,1000.0,462.0,284.1
PPCL,9/12/2019,99.0,99.0,94.0,95.0,-4.04,1181.0,462.0,284.1
PPCL,9/15/2019,96.0,96.0,92.0,95.0,0.0,1120.0,462.0,284.1
PPCL,9/16/2019,95.0,95.0,93.0,93.0,-2.11,1440.0,462.0,284.1
PPCL,9/17/2019,93.0,93.0,91.0,93.0,0.0,2680.0,462.0,284.1
PPCL,9/18/2019,92.0,96.0,92.0,95.0,2.15,760.0,462.0,284.1
PPCL,9/19/2019,96.0,97.0,96.0,97.0,2.11,240.0,462.0,284.1
PPCL,9/22/2019,96.0,96.0,91.0,92.0,-5.15,350.0,462.0,284.1
PPCL,9/23/2019,91.0,94.0,91.0,92.0,0.0,560.0,462.0,284.1
PPCL,9/24/2019,92.0,93.0,92.0,93.0,1.09,310.0,462.0,284.1
PPCL,9/25/2019,92.0,92.0,92.0,92.0,-1.08,170.0,462.0,284.1
PPCL,9/26/2019,91.0,95.0,90.0,95.0,3.26,450.0,462.0,284.1
PPCL,9/29/2019,95.0,98.0,95.0,96.0,1.05,1430.0,462.0,284.1
PPCL,9/30/2019,95.0,95.0,95.0,95.0,-1.04,60.0,462.0,284.1
PPCL,10/1/2019,95.0,95.0,94.0,95.0,0.0,725.0,462.0,284.1
PPCL,10/2/2019,94.0,94.0,93.0,94.0,-1.05,280.0,462.0,284.1
PPCL,10/10/2019,93.0,93.0,93.0,93.0,-1.06,70.0,462.0,284.1
PPCL,10/14/2019,93.0,93.0,92.0,92.0,-1.08,470.0,462.0,284.1
PPCL,10/15/2019,92.0,93.0,92.0,93.0,1.09,110.0,462.0,284.1
PPCL,10/16/2019,94.0,94.0,93.0,93.0,0.0,629.0,462.0,284.1
PPCL,10/17/2019,93.0,94.0,93.0,94.0,1.08,220.0,462.0,284.1
PPCL,10/20/2019,93.0,94.0,93.0,93.0,-1.06,130.0,462.0,284.1
PPCL,10/21/2019,92.0,93.0,92.0,93.0,0.0,330.0,462.0,284.1
PPCL,10/22/2019,92.0,94.0,92.0,93.0,0.0,150.0,462.0,284.1
PPCL,10/23/2019,92.0,93.0,92.0,92.0,-1.08,380.0,462.0,284.1
PPCL,10/24/2019,91.0,95.0,91.0,95.0,3.26,150.0,462.0,284.1
PPCL,10/31/2019,94.0,94.0,93.0,94.0,-1.05,200.0,462.0,284.1
PPCL,11/3/2019,93.0,96.0,92.0,96.0,2.13,570.0,462.0,284.1
PPCL,11/4/2019,95.0,97.0,94.0,96.0,0.0,430.0,462.0,284.1
PPCL,11/5/2019,96.0,98.0,96.0,97.0,1.04,560.0,462.0,284.1
PPCL,11/6/2019,96.0,97.0,95.0,97.0,0.0,470.0,462.0,284.1
PPCL,11/7/2019,96.0,96.0,93.0,96.0,-1.03,840.0,462.0,284.1
PPCL,11/10/2019,95.0,96.0,93.0,93.0,-3.12,740.0,462.0,284.1
PPCL,11/11/2019,93.0,94.0,92.0,93.0,0.0,450.0,462.0,284.1
PPCL,11/12/2019,92.0,93.0,92.0,92.0,-1.08,200.0,462.0,284.1
PPCL,11/13/2019,92.0,94.0,91.0,93.0,1.09,984.0,462.0,284.1
PPCL,11/14/2019,94.0,102.0,94.0,102.0,9.68,5190.0,462.0,284.1
PPCL,11/17/2019,104.0,112.0,104.0,112.0,9.8,3170.0,462.0,284.1
PPCL,11/18/2019,117.0,123.0,108.0,108.0,-3.57,5020.0,462.0,284.1
PPCL,11/19/2019,107.0,107.0,104.0,107.0,-0.93,3250.0,462.0,284.1
PPCL,11/20/2019,105.0,107.0,103.0,103.0,-3.74,790.0,462.0,284.1
PPCL,11/21/2019,103.0,104.0,103.0,103.0,0.0,850.0,462.0,284.1
PPCL,11/24/2019,101.0,101.0,100.0,101.0,-1.94,890.0,462.0,284.1
PPCL,11/25/2019,100.0,102.0,100.0,102.0,0.99,250.0,462.0,284.1
PPCL,11/26/2019,102.0,106.0,100.0,101.0,-0.98,580.0,462.0,284.1
PPCL,11/27/2019,99.0,100.0,99.0,99.0,-1.98,170.0,462.0,284.1
PPCL,11/28/2019,98.0,104.0,97.0,104.0,5.05,420.0,462.0,284.1
PPCL,12/1/2019,104.0,104.0,100.0,100.0,-3.85,910.0,462.0,284.1
PPCL,12/2/2019,100.0,104.0,100.0,104.0,4.0,560.0,462.0,284.1
PPCL,12/3/2019,102.0,106.0,102.0,104.0,0.0,370.0,462.0,284.1
PPCL,12/4/2019,102.0,105.0,102.0,105.0,0.96,210.0,462.0,284.1
PPCL,12/5/2019,103.0,105.0,101.0,102.0,-2.86,1210.0,462.0,284.1
PPCL,12/8/2019,100.0,103.0,100.0,102.0,0.0,290.0,462.0,284.1
PPCL,12/9/2019,100.0,104.0,100.0,102.0,0.0,360.0,462.0,284.1
PPCL,12/10/2019,103.0,108.0,103.0,107.0,4.9,5090.0,462.0,284.1
PPCL,12/11/2019,107.0,109.0,106.0,109.0,1.87,1620.0,462.0,284.1
PPCL,12/12/2019,108.0,116.0,107.0,109.0,0.0,1428.0,462.0,284.1
PPCL,12/15/2019,109.0,109.0,105.0,106.0,-2.75,4410.0,462.0,284.1
PPCL,12/16/2019,104.0,107.0,104.0,105.0,-0.94,550.0,462.0,284.1
PPCL,12/17/2019,105.0,108.0,105.0,108.0,2.86,800.0,462.0,284.1
PPCL,12/18/2019,106.0,106.0,104.0,104.0,-3.7,220.0,462.0,284.1
PPCL,12/19/2019,103.0,105.0,103.0,104.0,0.0,340.0,462.0,284.1
PPCL,12/22/2019,104.0,114.0,104.0,114.0,9.62,1330.0,462.0,284.1
PPCL,12/23/2019,112.0,112.0,106.0,106.0,-7.02,308.0,462.0,284.1
PPCL,12/24/2019,104.0,116.0,104.0,116.0,9.43,1985.0,462.0,284.1
PPCL,12/25/2019,116.0,118.0,106.0,118.0,1.72,3720.0,462.0,284.1
PPCL,12/26/2019,116.0,116.0,108.0,109.0,-7.63,840.0,462.0,284.1
PPCL,12/29/2019,107.0,109.0,106.0,108.0,-0.92,1045.0,462.0,284.1
PPCL,12/30/2019,108.0,108.0,107.0,108.0,0.0,420.0,462.0,284.1
PPCL,12/31/2019,106.0,109.0,105.0,108.0,0.0,1420.0,462.0,284.1
PPCL,1/1/2020,108.0,110.0,107.0,110.0,1.85,5730.0,462.0,284.1
PPCL,1/2/2020,110.0,113.0,109.0,113.0,2.73,3330.0,462.0,284.1
PPCL,1/5/2020,113.0,115.0,111.0,111.0,-1.77,2390.0,462.0,284.1
PPCL,1/6/2020,109.0,113.0,107.0,112.0,0.9,8160.0,462.0,284.1
PPCL,1/7/2020,114.0,116.0,112.0,113.0,0.89,2138.0,462.0,284.1
PPCL,1/8/2020,114.0,117.0,113.0,115.0,1.77,2840.0,462.0,284.1
PPCL,1/9/2020,114.0,116.0,114.0,115.0,0.0,1152.0,462.0,284.1
PPCL,1/12/2020,113.0,119.0,113.0,119.0,3.48,960.0,462.0,284.1
PPCL,1/13/2020,118.0,130.0,116.0,123.0,3.36,11477.0,462.0,284.1
PPCL,1/14/2020,122.0,125.0,117.0,123.0,0.0,1270.0,462.0,284.1
PPCL,1/15/2020,121.0,135.0,119.0,135.0,9.76,4328.0,462.0,284.1
PPCL,1/16/2020,135.0,141.0,130.0,141.0,4.44,5340.0,462.0,284.1
PPCL,1/19/2020,140.0,154.0,140.0,140.0,-0.71,7680.0,462.0,284.1
PPCL,1/20/2020,140.0,140.0,126.0,126.0,-10.0,3170.0,462.0,284.1
PPCL,1/21/2020,125.0,138.0,121.0,138.0,9.52,2280.0,462.0,284.1
PPCL,1/22/2020,136.0,136.0,126.0,126.0,-8.7,350.0,462.0,284.1
PPCL,1/23/2020,126.0,126.0,121.0,122.0,-3.17,2360.0,462.0,284.1
PPCL,1/26/2020,120.0,124.0,120.0,122.0,0.0,2990.0,462.0,284.1
PPCL,1/27/2020,121.0,125.0,119.0,122.0,0.0,18295.0,462.0,284.1
PPCL,1/28/2020,121.0,125.0,120.0,120.0,-1.64,6860.0,462.0,284.1
PPCL,1/29/2020,120.0,124.0,119.0,124.0,3.33,440.0,462.0,284.1
PPCL,1/30/2020,122.0,125.0,122.0,123.0,-0.81,770.0,462.0,284.1
PPCL,2/2/2020,121.0,124.0,117.0,122.0,-0.81,8920.0,462.0,284.1
PPCL,2/3/2020,120.0,129.0,120.0,127.0,4.1,4160.0,462.0,284.1
PPCL,2/4/2020,125.0,127.0,123.0,124.0,-2.36,1930.0,462.0,284.1
PPCL,2/5/2020,122.0,125.0,120.0,124.0,0.0,1060.0,462.0,284.1
PPCL,2/6/2020,123.0,126.0,121.0,126.0,1.61,670.0,462.0,284.1
PPCL,2/9/2020,125.0,129.0,123.0,125.0,-0.79,14241.0,462.0,284.1
PPCL,2/10/2020,123.0,125.0,123.0,123.0,-1.6,725.0,462.0,284.1
PPCL,2/11/2020,121.0,127.0,121.0,125.0,1.63,1030.0,462.0,284.1
PPCL,2/12/2020,124.0,126.0,122.0,123.0,-1.6,1150.0,462.0,284.1
PPCL,2/13/2020,121.0,125.0,121.0,123.0,0.0,1121.0,462.0,284.1
PPCL,2/16/2020,121.0,131.0,120.0,129.0,4.88,3400.0,462.0,284.1
PPCL,2/17/2020,127.0,133.0,124.0,133.0,3.1,5450.0,462.0,284.1
PPCL,2/18/2020,131.0,132.0,127.0,127.0,-4.51,5690.0,462.0,284.1
PPCL,2/19/2020,125.0,129.0,123.0,127.0,0.0,790.0,462.0,284.1
PPCL,2/20/2020,125.0,127.0,123.0,127.0,0.0,1270.0,462.0,284.1
PPCL,2/23/2020,125.0,131.0,123.0,131.0,3.15,8070.0,462.0,284.1
PPCL,2/24/2020,129.0,131.0,123.0,131.0,0.0,2950.0,462.0,284.1
PPCL,2/25/2020,129.0,133.0,128.0,130.0,-0.76,6890.0,462.0,284.1
PPCL,2/26/2020,132.0,136.0,130.0,130.0,0.0,6116.0,462.0,284.1
PPCL,2/27/2020,129.0,132.0,127.0,130.0,0.0,3410.0,462.0,284.1
PPCL,3/1/2020,130.0,132.0,124.0,124.0,-4.62,1910.0,462.0,284.1
PPCL,3/2/2020,126.0,126.0,122.0,122.0,-1.61,1150.0,462.0,284.1
PPCL,3/3/2020,121.0,125.0,120.0,122.0,0.0,2620.0,462.0,284.1
PPCL,3/4/2020,120.0,122.0,118.0,119.0,-2.46,2270.0,462.0,284.1
PPCL,3/5/2020,118.0,120.0,116.0,116.0,-2.52,1690.0,462.0,284.1
PPCL,3/10/2020,115.0,115.0,112.0,112.0,-3.45,340.0,462.0,284.1
PPCL,3/11/2020,110.0,119.0,110.0,117.0,4.46,1690.0,462.0,284.1
PPCL,3/12/2020,119.0,119.0,111.0,112.0,-4.27,1430.0,462.0,284.1
PPCL,3/15/2020,110.0,114.0,104.0,110.0,-1.79,1390.0,462.0,284.1
PPCL,3/16/2020,108.0,112.0,108.0,110.0,0.0,1510.0,462.0,284.1
PPCL,3/17/2020,109.0,112.0,105.0,107.0,-2.73,2020.0,462.0,284.1
PPCL,3/18/2020,105.0,107.0,104.0,107.0,0.0,740.0,462.0,284.1
PPCL,3/19/2020,105.0,107.0,104.0,107.0,0.0,330.0,462.0,284.1
PPCL,6/29/2020,105.0,105.0,98.0,100.0,-6.54,1450.0,462.0,284.1
PPCL,6/30/2020,101.0,102.0,101.0,102.0,2.0,80.0,462.0,284.1
PPCL,7/1/2020,104.0,104.0,104.0,104.0,1.96,40.0,462.0,284.1
PPCL,7/2/2020,102.0,102.0,102.0,102.0,-1.92,1050.0,462.0,284.1
PPCL,7/5/2020,100.0,104.0,100.0,102.0,0.0,520.0,462.0,284.1
PPCL,7/6/2020,100.0,105.0,100.0,103.0,0.98,1160.0,462.0,284.1
PPCL,7/7/2020,103.0,111.0,102.0,111.0,7.77,2579.0,462.0,284.1
PPCL,7/8/2020,109.0,110.0,106.0,110.0,-0.9,570.0,462.0,284.1
PPCL,7/9/2020,108.0,109.0,106.0,108.0,-1.82,8317.0,462.0,284.1
PPCL,7/12/2020,106.0,109.0,105.0,107.0,-0.93,1860.0,462.0,284.1
PPCL,7/13/2020,107.0,109.0,107.0,107.0,0.0,1540.0,462.0,284.1
PPCL,7/14/2020,106.0,109.0,106.0,107.0,0.0,840.0,462.0,284.1
PPCL,7/15/2020,107.0,112.0,107.0,109.0,1.87,3100.0,462.0,284.1
PPCL,7/16/2020,110.0,119.0,110.0,115.0,5.5,5390.0,462.0,284.1
PPCL,7/20/2020,115.0,117.0,113.0,113.0,-1.74,630.0,462.0,284.1
PPCL,7/21/2020,113.0,115.0,113.0,113.0,0.0,4170.0,462.0,284.1
PPCL,7/22/2020,112.0,115.0,112.0,112.0,-0.88,1630.0,462.0,284.1
PPCL,7/23/2020,112.0,115.0,112.0,115.0,2.68,1300.0,462.0,284.1
PPCL,7/26/2020,114.0,118.0,113.0,118.0,2.61,6070.0,462.0,284.1
PPCL,7/27/2020,116.0,121.0,112.0,113.0,-4.24,3850.0,462.0,284.1
PPCL,7/28/2020,113.0,114.0,112.0,114.0,0.88,2170.0,462.0,284.1
PPCL,7/29/2020,119.0,119.0,113.0,119.0,4.39,2340.0,462.0,284.1
PPCL,7/30/2020,120.0,121.0,115.0,117.0,-1.68,1720.0,462.0,284.1
PPCL,8/2/2020,115.0,124.0,115.0,118.0,0.85,8895.0,462.0,284.1
PPCL,8/3/2020,117.0,118.0,114.0,116.0,-1.69,1520.0,462.0,284.1
PPCL,8/5/2020,114.0,116.0,113.0,114.0,-1.72,890.0,462.0,284.1
PPCL,8/6/2020,114.0,114.0,112.0,113.0,-0.88,1180.0,462.0,284.1
PPCL,8/9/2020,112.0,115.0,112.0,115.0,1.77,1280.0,462.0,284.1
PPCL,8/10/2020,113.0,115.0,113.0,115.0,0.0,1445.0,462.0,284.1
PPCL,8/11/2020,114.0,116.0,114.0,115.0,0.0,3490.0,462.0,284.1
PPCL,8/12/2020,114.0,115.0,114.0,114.0,-0.87,1020.0,462.0,284.1
PPCL,8/13/2020,113.0,115.0,113.0,113.0,-0.88,1570.0,462.0,284.1
PPCL,8/16/2020,113.0,114.0,113.0,113.0,0.0,2260.0,462.0,284.1
PPCL,8/17/2020,112.0,113.0,111.0,112.0,-0.88,2270.0,462.0,284.1
PPCL,8/18/2020,112.0,116.0,112.0,113.0,0.89,2000.0,462.0,284.1
PPCL,8/19/2020,113.0,116.0,113.0,114.0,0.88,1925.0,462.0,284.1
PPCL,8/20/2020,113.0,116.0,113.0,114.0,0.0,1000.0,462.0,284.1
PPCL,8/23/2020,115.0,116.0,113.0,114.0,0.0,930.0,462.0,284.1
PPCL,8/24/2020,114.0,118.0,114.0,114.0,0.0,4420.0,462.0,284.1
PPCL,8/25/2020,114.0,116.0,113.0,115.0,0.88,4070.0,462.0,284.1
PPCL,8/26/2020,113.0,115.0,112.0,114.0,-0.87,1520.0,462.0,284.1
PPCL,8/27/2020,113.0,117.0,113.0,115.0,0.88,3560.0,462.0,284.1
PPCL,8/30/2020,114.0,119.0,114.0,119.0,3.48,1320.0,462.0,284.1
PPCL,8/31/2020,124.0,130.0,122.0,130.0,9.24,18300.0,462.0,284.1
PPCL,9/2/2020,132.0,143.0,132.0,143.0,10.0,20426.0,462.0,284.1
PPCL,9/3/2020,150.0,157.0,132.0,133.0,-6.99,19370.0,462.0,284.1
PPCL,9/6/2020,135.0,139.0,133.0,134.0,0.75,8020.0,462.0,284.1
PPCL,9/7/2020,134.0,146.0,122.0,134.0,0.0,4410.0,462.0,284.1
PPCL,9/8/2020,132.0,133.0,127.0,130.0,-2.99,3220.0,462.0,284.1
PPCL,9/9/2020,130.0,132.0,126.0,128.0,-1.54,4510.0,462.0,284.1
PPCL,9/10/2020,127.0,136.0,123.0,130.0,1.56,4460.0,462.0,284.1
PPCL,9/13/2020,128.0,140.0,128.0,133.0,2.31,6940.0,462.0,284.1
PPCL,9/14/2020,131.0,145.0,131.0,141.0,6.02,11702.0,462.0,284.1
PPCL,9/15/2020,139.0,141.0,135.0,137.0,-2.84,6318.0,462.0,284.1
PPCL,9/16/2020,136.0,150.0,136.0,149.0,8.76,27589.0,462.0,284.1
PPCL,9/17/2020,148.0,163.0,145.0,163.0,9.4,54315.0,462.0,284.1
PPCL,9/20/2020,166.0,172.0,147.0,147.0,-9.82,22544.0,462.0,284.1
PPCL,9/21/2020,145.0,157.0,139.0,147.0,0.0,10075.0,462.0,284.1
PPCL,9/22/2020,147.0,148.0,140.0,145.0,-1.36,15250.0,462.0,284.1
PPCL,9/23/2020,143.0,154.0,143.0,154.0,6.21,23049.0,462.0,284.1
PPCL,9/24/2020,151.0,164.0,147.0,161.0,4.55,41109.0,462.0,284.1
PPCL,9/27/2020,161.0,177.0,160.0,174.0,8.07,86103.0,462.0,284.1
PPCL,9/28/2020,171.0,172.0,161.0,165.0,-5.17,12450.0,462.0,284.1
PPCL,9/29/2020,162.0,173.0,161.0,173.0,4.85,20120.0,462.0,284.1
PPCL,9/30/2020,173.0,174.0,164.0,168.0,-2.89,21670.0,462.0,284.1
PPCL,10/1/2020,165.0,173.0,165.0,166.0,-1.19,23410.0,462.0,284.1
PPCL,10/4/2020,163.0,175.0,158.0,175.0,5.42,11050.0,462.0,284.1
PPCL,10/5/2020,172.0,178.0,160.0,175.0,0.0,24590.0,462.0,284.1
PPCL,10/6/2020,172.0,190.0,172.0,186.0,6.29,48337.0,462.0,284.1
PPCL,10/7/2020,183.0,204.0,180.0,204.0,9.68,75041.0,462.0,284.1
PPCL,10/8/2020,208.0,208.0,188.0,190.0,-6.86,20257.0,462.0,284.1
PPCL,10/11/2020,190.0,193.0,180.0,186.0,-2.11,12598.0,462.0,284.1
PPCL,10/12/2020,183.0,188.0,175.0,182.0,-2.15,13020.0,462.0,284.1
PPCL,10/13/2020,182.0,183.0,174.0,174.0,-4.4,9145.0,462.0,284.1
PPCL,10/14/2020,182.0,182.0,169.0,173.0,-0.57,12705.0,462.0,284.1
PPCL,10/15/2020,176.0,180.0,173.0,175.0,1.16,10262.0,462.0,284.1
PPCL,10/18/2020,172.0,177.0,170.0,173.0,-1.14,5030.0,462.0,284.1
PPCL,10/19/2020,171.0,185.0,171.0,185.0,6.94,8578.0,462.0,284.1
PPCL,10/20/2020,182.0,189.0,179.0,187.0,1.08,17271.0,462.0,284.1
PPCL,10/21/2020,196.0,196.0,180.0,182.0,-2.67,21725.0,462.0,284.1
PPCL,10/22/2020,181.0,185.0,178.0,180.0,-1.1,9759.0,462.0,284.1
PPCL,10/28/2020,177.0,183.0,175.0,182.0,1.11,5960.0,462.0,284.1
PPCL,10/29/2020,182.0,182.0,176.0,179.0,-1.65,2870.0,462.0,284.1
PPCL,11/1/2020,177.0,186.0,177.0,182.0,1.68,9655.0,462.0,284.1
PPCL,11/2/2020,185.0,195.0,181.0,185.0,1.65,12355.0,462.0,284.1
PPCL,11/3/2020,183.0,203.0,182.0,203.0,9.73,45343.0,462.0,284.1
PPCL,11/4/2020,207.0,218.0,201.0,216.0,6.4,42160.0,462.0,284.1
PPCL,11/5/2020,226.0,230.0,213.0,225.0,4.17,37710.0,462.0,284.1
PPCL,11/8/2020,225.0,230.0,215.0,230.0,2.22,22630.0,462.0,284.1
PPCL,11/9/2020,234.0,234.0,216.0,220.0,-4.35,17770.0,462.0,284.1
PPCL,11/10/2020,216.0,222.0,212.0,222.0,0.91,7185.0,462.0,284.1
PPCL,11/11/2020,221.0,226.0,217.0,221.0,-0.45,9084.0,462.0,284.1
PPCL,11/12/2020,218.0,222.0,212.0,222.0,0.45,13643.0,462.0,284.1
PPCL,11/18/2020,218.0,218.0,209.0,215.0,-3.15,3220.0,462.0,284.1
PPCL,11/19/2020,215.0,220.0,209.0,217.0,0.93,2790.0,462.0,284.1
PPCL,11/22/2020,218.0,228.0,214.0,216.0,-0.46,15115.0,462.0,284.1
PPCL,11/23/2020,212.0,219.0,209.0,213.0,-1.39,5550.0,462.0,284.1
PPCL,11/24/2020,210.0,226.0,207.0,219.0,2.82,14229.0,462.0,284.1
PPCL,11/25/2020,216.0,231.0,216.0,221.0,0.91,20877.0,462.0,284.1
PPCL,11/26/2020,221.0,243.0,221.0,243.0,9.95,63166.0,462.0,284.1
PPCL,11/29/2020,239.0,243.0,231.0,235.0,-3.29,13740.0,462.0,284.1
PPCL,11/30/2020,231.0,250.0,231.0,250.0,6.38,15102.0,462.0,284.1
PPCL,12/1/2020,245.0,249.0,241.0,249.0,-0.4,23460.0,462.0,284.1
PPCL,12/2/2020,250.0,265.0,235.0,245.0,-1.61,20825.0,462.0,284.1
PPCL,12/3/2020,241.0,241.0,234.0,236.0,-3.67,5824.0,462.0,284.1
PPCL,12/6/2020,234.0,234.0,219.0,219.0,-7.2,10850.0,462.0,284.1
PPCL,12/7/2020,219.0,232.0,213.0,229.0,4.57,8675.0,462.0,284.1
PPCL,12/8/2020,225.0,244.0,219.0,230.0,0.44,9920.0,462.0,284.1
PPCL,12/9/2020,226.0,235.0,222.0,225.0,-2.17,7840.0,462.0,284.1
PPCL,12/10/2020,221.0,230.0,217.0,223.0,-0.89,5360.0,462.0,284.1
PPCL,12/13/2020,219.0,225.0,219.0,220.0,-1.35,8790.0,462.0,284.1
PPCL,12/14/2020,220.0,226.0,220.0,222.0,0.91,9007.0,462.0,284.1
PPCL,12/15/2020,220.0,228.0,220.0,221.0,-0.45,3865.0,462.0,284.1
PPCL,12/16/2020,218.0,228.0,214.0,220.0,-0.45,5770.0,462.0,284.1
PPCL,12/17/2020,217.0,226.0,213.0,213.0,-3.18,8230.0,462.0,284.1
PPCL,12/20/2020,209.0,213.0,196.0,196.0,-7.98,4060.0,462.0,284.1
PPCL,12/21/2020,193.0,200.0,184.0,198.0,1.02,4289.0,462.0,284.1
PPCL,12/22/2020,195.0,217.0,195.0,206.0,4.04,13405.0,462.0,284.1
PPCL,12/23/2020,207.0,211.0,199.0,199.0,-3.4,9760.0,462.0,284.1
PPCL,12/24/2020,199.0,208.0,195.0,208.0,4.52,4280.0,462.0,284.1
PPCL,12/27/2020,205.0,205.0,198.0,200.0,-3.85,3475.0,462.0,284.1
PPCL,12/28/2020,196.0,204.0,194.0,200.0,0.0,2600.0,462.0,284.1
PPCL,12/29/2020,196.0,202.0,193.0,196.0,-2.0,1980.0,462.0,284.1
PPCL,12/30/2020,194.0,199.0,191.0,196.0,0.0,1620.0,462.0,284.1
PPCL,12/31/2020,196.0,199.0,193.0,196.0,0.0,2010.0,462.0,284.1
PPCL,1/3/2021,193.0,202.0,193.0,196.0,0.0,3670.0,462.0,284.1
PPCL,1/4/2021,194.0,201.0,194.0,198.0,1.02,2640.0,462.0,284.1
PPCL,1/5/2021,200.0,217.0,196.0,205.0,3.54,6297.0,462.0,284.1
PPCL,1/6/2021,209.0,217.0,205.0,208.0,1.46,3580.0,462.0,284.1
PPCL,1/7/2021,204.0,209.0,201.0,203.0,-2.4,5010.0,462.0,284.1
PPCL,1/10/2021,200.0,210.0,200.0,204.0,0.49,2880.0,462.0,284.1
PPCL,1/11/2021,200.0,213.0,200.0,204.0,0.0,5010.0,462.0,284.1
PPCL,1/12/2021,204.0,210.0,202.0,208.0,1.96,4255.0,462.0,284.1
PPCL,1/13/2021,208.0,212.0,204.0,209.0,0.48,4490.0,462.0,284.1
PPCL,1/17/2021,209.0,210.0,205.0,209.0,0.0,4050.0,462.0,284.1
PPCL,1/18/2021,200.0,217.0,200.0,208.0,-0.48,5700.0,462.0,284.1
PPCL,1/19/2021,205.0,215.0,205.0,209.0,0.48,4560.0,462.0,284.1
PPCL,1/20/2021,207.0,211.0,207.0,210.0,0.48,6997.0,462.0,284.1
PPCL,1/21/2021,214.0,226.0,213.0,219.0,4.29,25851.0,462.0,284.1
PPCL,1/24/2021,223.0,239.0,223.0,234.0,6.85,21350.0,462.0,284.1
PPCL,1/25/2021,230.0,238.0,224.0,231.0,-1.28,14936.0,462.0,284.1
PPCL,1/26/2021,230.0,236.0,228.0,234.0,1.3,20263.0,462.0,284.1
PPCL,1/27/2021,230.0,231.0,225.0,226.0,-3.42,5940.0,462.0,284.1
PPCL,1/28/2021,223.0,230.0,221.0,221.0,-2.21,9325.0,462.0,284.1
PPCL,1/31/2021,220.0,220.0,213.0,214.0,-3.17,4548.0,462.0,284.1
PPCL,2/1/2021,212.0,229.0,212.0,225.0,5.14,7347.0,462.0,284.1
PPCL,2/2/2021,221.0,230.0,221.0,228.0,1.33,7345.0,462.0,284.1
PPCL,2/3/2021,226.0,242.0,224.0,225.0,-1.32,19960.0,462.0,284.1
PPCL,2/4/2021,222.0,247.0,222.0,247.0,9.78,73298.0,462.0,284.1
PPCL,2/7/2021,251.0,271.0,251.0,271.0,9.72,42127.0,462.0,284.1
PPCL,2/8/2021,274.0,298.0,260.0,275.0,1.48,47341.0,462.0,284.1
PPCL,2/11/2021,270.0,270.0,255.0,258.0,-6.18,53842.0,462.0,284.1
PPCL,2/14/2021,263.0,263.0,247.0,259.0,0.39,7872.0,462.0,284.1
PPCL,2/15/2021,256.0,271.0,255.0,265.0,2.32,9706.0,462.0,284.1
PPCL,2/16/2021,260.0,270.0,248.0,250.0,-5.66,23038.0,462.0,284.1
PPCL,2/17/2021,250.0,255.0,246.0,252.0,0.8,14202.0,462.0,284.1
PPCL,2/18/2021,247.0,255.0,247.0,252.0,0.0,17559.0,462.0,284.1
PPCL,2/21/2021,257.0,261.0,243.0,260.0,3.17,14134.0,462.0,284.1
PPCL,2/22/2021,265.0,270.0,248.0,257.0,-1.15,14397.0,462.0,284.1
PPCL,2/23/2021,257.0,264.0,241.0,253.0,-1.56,7210.0,462.0,284.1
PPCL,2/24/2021,255.0,260.0,247.0,252.0,-0.4,3830.0,462.0,284.1
PPCL,2/25/2021,247.0,260.0,245.0,253.0,0.4,4514.0,462.0,284.1
PPCL,2/28/2021,250.0,251.0,233.0,240.0,-5.14,10799.0,462.0,284.1
PPCL,3/1/2021,236.0,248.0,235.0,240.0,0.0,6445.0,462.0,284.1
PPCL,3/2/2021,236.0,249.0,233.0,237.0,-1.25,7305.0,462.0,284.1
PPCL,3/3/2021,233.0,239.0,230.0,230.0,-2.95,4740.0,462.0,284.1
PPCL,3/4/2021,232.0,246.0,230.0,239.0,3.91,5430.0,462.0,284.1
PPCL,3/7/2021,235.0,239.0,231.0,234.0,-2.09,9210.0,462.0,284.1
PPCL,3/9/2021,231.0,257.0,231.0,244.0,4.27,11281.0,462.0,284.1
PPCL,3/10/2021,248.0,252.0,245.0,247.0,1.23,7345.0,462.0,284.1
PPCL,3/14/2021,251.0,256.0,237.0,241.0,-2.43,7359.0,462.0,284.1
PPCL,3/15/2021,238.0,250.0,238.0,244.0,1.24,4108.0,462.0,284.1
PPCL,3/16/2021,240.0,252.0,238.0,241.0,-1.23,5255.0,462.0,284.1
PPCL,3/17/2021,240.0,265.0,238.0,255.0,5.81,45224.0,462.0,284.1
PPCL,3/18/2021,260.0,273.0,256.0,257.0,0.78,17578.0,462.0,284.1
PPCL,3/21/2021,252.0,264.0,251.0,251.0,-2.33,9725.0,462.0,284.1
PPCL,3/22/2021,263.0,263.0,245.0,252.0,0.4,5705.0,462.0,284.1
PPCL,3/23/2021,247.0,274.0,247.0,265.0,5.16,19946.0,462.0,284.1
PPCL,3/24/2021,261.0,278.0,261.0,274.0,3.4,17792.0,462.0,284.1
PPCL,3/25/2021,278.0,283.0,267.0,281.0,2.55,32438.0,462.0,284.1
PPCL,3/29/2021,284.0,285.0,263.0,285.0,1.42,21761.0,462.0,284.1
PPCL,3/30/2021,285.0,295.0,280.0,280.0,-1.75,35599.0,462.0,284.1
PPCL,3/31/2021,281.0,283.0,275.0,277.0,-1.07,15511.0,462.0,284.1
PPCL,4/1/2021,273.0,287.0,272.0,277.0,0.0,25084.0,462.0,284.1
PPCL,4/4/2021,274.0,290.0,274.0,286.0,3.25,17515.0,462.0,284.1
PPCL,4/5/2021,286.0,306.0,281.0,300.0,4.9,28661.0,462.0,284.1
PPCL,4/6/2021,295.0,316.0,294.0,314.0,4.67,38062.0,462.0,284.1
PPCL,4/7/2021,314.0,320.0,297.0,301.0,-4.14,22338.0,462.0,284.1
PPCL,4/8/2021,307.0,316.0,294.0,314.0,4.32,19220.0,462.0,284.1
PPCL,4/12/2021,309.0,312.0,298.0,306.0,-2.55,8245.0,462.0,284.1
PPCL,4/13/2021,300.0,305.0,300.0,301.0,-1.63,4044.0,462.0,284.1
PPCL,4/15/2021,307.0,307.0,295.0,300.0,-0.33,12945.0,462.0,284.1
PPCL,4/18/2021,305.0,305.0,291.0,300.0,0.0,9185.0,462.0,284.1
PPCL,4/19/2021,294.0,313.0,294.0,298.0,-0.67,8342.0,462.0,284.1
PPCL,4/20/2021,293.0,317.0,292.0,310.0,4.03,17170.0,462.0,284.1
PPCL,4/21/2021,310.0,310.0,299.0,299.0,-3.55,9762.0,462.0,284.1
PPCL,4/22/2021,299.0,304.0,299.0,301.0,0.67,7041.0,462.0,284.1
PPCL,4/25/2021,295.0,300.0,291.0,292.0,-2.99,10923.0,462.0,284.1
PPCL,4/26/2021,287.0,287.0,274.0,279.0,-4.45,12258.0,462.0,284.1
PPCL,4/27/2021,274.0,295.0,274.0,285.0,2.15,7220.0,462.0,284.1
PPCL,4/28/2021,285.0,300.0,285.0,285.0,0.0,2827.0,462.0,284.1
PPCL,4/29/2021,280.0,300.0,280.0,300.0,5.26,6603.0,462.0,284.1
PPCL,5/2/2021,295.0,314.0,295.0,303.0,1.0,11640.0,462.0,284.1
PPCL,5/3/2021,299.0,313.0,299.0,306.0,0.99,17841.0,462.0,284.1
PPCL,5/4/2021,300.0,322.0,294.0,313.0,2.29,47585.0,462.0,284.1
PPCL,5/5/2021,310.0,319.0,301.0,314.0,0.32,14084.0,462.0,284.1
PPCL,5/6/2021,308.0,321.0,303.0,315.0,0.32,18691.0,462.0,284.1
PPCL,5/9/2021,330.0,330.0,299.0,303.0,-3.81,24208.0,462.0,284.1
PPCL,5/10/2021,306.0,309.0,299.0,308.0,1.65,10301.0,462.0,284.1
PPCL,5/11/2021,308.0,313.0,301.0,304.0,-1.3,7013.0,462.0,284.1
PPCL,5/12/2021,308.0,321.0,302.0,315.0,3.62,27933.0,462.0,284.1
PPCL,5/13/2021,315.0,340.0,314.0,321.0,1.9,69689.0,462.0,284.1
PPCL,5/16/2021,327.0,338.0,315.0,316.0,-1.56,30835.0,462.0,284.1
PPCL,5/17/2021,320.0,347.0,320.0,342.0,8.23,111571.0,462.0,284.1
PPCL,5/18/2021,348.0,376.0,341.0,370.0,8.19,72284.0,462.0,284.1
PPCL,5/19/2021,388.0,391.0,351.0,366.0,-1.08,44009.0,462.0,284.1
PPCL,5/20/2021,380.0,380.0,335.0,342.0,-6.56,51082.0,462.0,284.1
PPCL,5/23/2021,342.0,369.0,342.0,350.0,2.34,25332.0,462.0,284.1
PPCL,5/24/2021,357.0,371.0,350.0,351.0,0.29,30574.0,462.0,284.1
PPCL,5/25/2021,351.0,374.0,347.0,361.0,2.85,29918.0,462.0,284.1
PPCL,5/27/2021,365.0,397.0,361.0,376.0,4.16,93589.0,462.0,284.1
PPCL,5/30/2021,380.0,393.0,357.0,373.0,-0.8,56876.0,462.0,284.1
PPCL,5/31/2021,375.0,377.0,346.0,349.0,-6.43,34921.0,462.0,284.1
PPCL,6/1/2021,343.0,363.0,337.0,354.0,1.43,20381.0,462.0,284.1
PPCL,6/2/2021,347.0,364.0,343.0,359.0,1.41,14708.0,462.0,284.1
PPCL,6/3/2021,366.0,382.0,356.0,368.0,2.51,29007.0,462.0,284.1
PPCL,6/6/2021,361.0,361.0,340.0,355.0,-3.53,25457.0,462.0,284.1
PPCL,6/7/2021,361.0,362.0,343.0,350.0,-1.41,16880.0,462.0,284.1
PPCL,6/8/2021,357.0,363.0,344.0,352.0,0.57,23317.0,462.0,284.1
PPCL,6/9/2021,359.0,359.0,348.0,350.0,-0.57,13301.0,462.0,284.1
PPCL,6/10/2021,333.0,385.0,333.0,385.0,10.0,113108.0,462.0,284.1
PPCL,6/13/2021,404.0,423.0,395.0,423.0,9.87,103814.0,462.0,284.1
PPCL,6/14/2021,430.0,465.0,393.0,429.0,1.42,57731.0,462.0,284.1
PPCL,6/15/2021,420.0,436.0,399.0,420.0,-2.1,49282.0,462.0,284.1
PPCL,6/16/2021,399.0,414.0,378.0,381.0,-9.29,56153.0,462.0,284.1
PPCL,6/17/2021,381.0,395.0,365.0,384.0,0.79,26381.0,462.0,284.1
PPCL,6/20/2021,391.0,391.0,356.0,360.0,-6.25,20617.0,462.0,284.1
PPCL,6/21/2021,364.0,374.0,340.0,350.0,-2.78,19022.0,462.0,284.1
PPCL,6/22/2021,357.0,381.0,344.0,381.0,8.86,16652.0,462.0,284.1
PPCL,6/23/2021,381.0,388.0,363.0,363.0,-4.72,9879.0,462.0,284.1
PPCL,6/24/2021,370.0,370.0,343.0,355.0,-2.2,10808.0,462.0,284.1
PPCL,6/27/2021,362.0,376.0,343.0,359.0,1.13,6015.0,462.0,284.1
PPCL,6/28/2021,365.0,365.0,347.0,353.0,-1.67,5091.0,462.0,284.1
PPCL,6/29/2021,347.0,349.0,335.0,339.0,-3.97,11874.0,462.0,284.1
PPCL,6/30/2021,333.0,340.0,316.0,340.0,0.29,10405.0,462.0,284.1
PPCL,7/1/2021,346.0,359.0,340.0,346.0,1.76,9803.0,462.0,284.1
PPCL,7/4/2021,363.0,363.0,334.0,350.0,1.16,13945.0,462.0,284.1
PPCL,7/5/2021,343.0,357.0,334.0,338.0,-3.43,6341.0,462.0,284.1
PPCL,7/6/2021,335.0,339.0,333.0,333.0,-1.48,3255.0,462.0,284.1
PPCL,7/7/2021,333.0,340.0,325.0,327.0,-1.8,4282.0,462.0,284.1
PPCL,7/8/2021,322.0,346.0,321.0,343.0,4.89,4562.0,462.0,284.1
PPCL,7/11/2021,344.0,366.0,338.0,366.0,6.71,17025.0,462.0,284.1
PPCL,7/12/2021,373.0,373.0,347.0,352.0,-3.83,7563.0,462.0,284.1
PPCL,7/13/2021,369.0,369.0,348.0,350.0,-0.57,3187.0,462.0,284.1
PPCL,7/14/2021,350.0,363.0,344.0,357.0,2.0,4500.0,462.0,284.1
PPCL,7/15/2021,364.0,384.0,360.0,370.0,3.64,19283.0,462.0,284.1
PPCL,7/18/2021,377.0,398.0,370.0,398.0,7.57,21322.0,462.0,284.1
PPCL,7/19/2021,405.9,413.0,387.2,412.8,3.72,53351.0,462.0,284.1
PPCL,7/20/2021,418.0,426.0,402.0,419.0,1.5,33720.0,462.0,284.1
PPCL,7/22/2021,419.0,427.0,406.8,409.0,-2.39,13589.0,462.0,284.1
PPCL,7/25/2021,411.0,446.0,407.0,442.0,8.07,57200.0,462.0,284.1
PPCL,7/26/2021,450.0,455.0,430.0,455.0,2.94,57657.0,462.0,284.1
PPCL,7/27/2021,455.0,476.0,438.0,458.0,0.66,50665.0,462.0,284.1
PPCL,7/28/2021,450.0,483.0,435.0,439.0,-4.15,42129.0,462.0,284.1
PPCL,7/29/2021,447.0,449.0,432.0,438.0,-0.23,24678.0,462.0,284.1
PPCL,8/1/2021,443.0,459.0,430.1,456.1,4.13,68774.0,462.0,284.1
PPCL,8/2/2021,460.0,490.0,450.0,450.0,-1.34,49787.0,462.0,284.1
PPCL,8/3/2021,450.0,495.0,444.1,495.0,10.0,66412.0,462.0,284.1
PPCL,8/4/2021,504.9,544.5,504.9,536.0,8.28,74544.0,462.0,284.1
PPCL,8/5/2021,546.0,546.0,508.0,522.0,-2.61,48393.0,462.0,284.1
PPCL,8/8/2021,530.0,574.2,500.0,534.0,2.3,97419.0,462.0,284.1
PPCL,8/9/2021,544.6,587.0,525.0,565.0,5.81,81646.0,462.0,284.1
PPCL,8/10/2021,575.0,575.0,530.0,550.0,-2.65,54386.0,462.0,284.1
PPCL,8/11/2021,540.0,562.0,540.0,552.0,0.36,44795.0,462.0,284.1
PPCL,8/12/2021,541.1,551.0,529.0,530.0,-3.99,47739.0,462.0,284.1
PPCL,8/15/2021,520.0,540.6,477.0,522.0,-1.51,46823.0,462.0,284.1
PPCL,8/16/2021,512.0,552.0,512.0,546.0,4.6,39385.0,462.0,284.1
PPCL,8/17/2021,552.0,600.0,541.0,589.9,8.04,92984.0,462.0,284.1
PPCL,8/18/2021,599.0,642.0,599.0,607.0,2.9,78685.0,462.0,284.1
PPCL,8/19/2021,600.0,600.0,563.5,578.0,-4.78,41997.0,462.0,284.1
PPCL,8/24/2021,566.5,566.5,520.3,529.0,-8.48,35821.0,462.0,284.1
PPCL,8/25/2021,518.5,539.3,507.0,519.9,-1.72,21530.0,462.0,284.1
PPCL,8/26/2021,520.0,559.0,515.0,540.0,3.87,25051.0,462.0,284.1
PPCL,8/29/2021,550.0,561.0,515.0,521.0,-3.52,16823.0,462.0,284.1
PPCL,8/31/2021,530.0,541.0,500.0,508.0,-2.5,11871.0,462.0,284.1
PPCL,9/1/2021,518.0,537.0,490.0,490.0,-3.54,10406.0,462.0,284.1
PPCL,9/2/2021,482.0,520.0,482.0,482.0,-1.63,12686.0,462.0,284.1
PPCL,9/5/2021,482.0,491.0,433.8,434.0,-9.96,17797.0,462.0,284.1
PPCL,9/6/2021,442.6,477.4,430.0,477.4,10.0,27935.0,462.0,284.1
PPCL,9/7/2021,486.0,496.0,471.0,471.0,-1.34,15423.0,462.0,284.1
PPCL,9/8/2021,461.6,486.5,459.0,474.0,0.64,17440.0,462.0,284.1
PPCL,9/9/2021,483.4,494.0,475.0,493.0,4.01,23143.0,462.0,284.1
PPCL,9/12/2021,502.8,542.3,502.8,542.3,10.0,69732.0,462.0,284.1
PPCL,9/13/2021,553.1,562.9,528.3,530.0,-2.27,24137.0,462.0,284.1
PPCL,9/14/2021,521.1,539.9,511.0,519.0,-2.08,12047.0,462.0,284.1
PPCL,9/15/2021,525.0,528.0,500.0,514.0,-0.96,31759.0,462.0,284.1
PPCL,9/16/2021,504.0,504.0,480.0,493.0,-4.09,17396.0,462.0,284.1
PPCL,9/20/2021,502.0,502.0,445.0,445.0,-9.74,28142.0,462.0,284.1
PPCL,9/21/2021,436.1,471.0,420.5,450.0,1.12,15410.0,462.0,284.1
PPCL,9/22/2021,459.0,483.5,453.0,483.0,7.33,16150.0,462.0,284.1
PPCL,9/23/2021,483.0,483.0,459.8,463.0,-4.14,18293.0,462.0,284.1
PPCL,9/26/2021,472.2,475.0,425.2,432.0,-6.7,13677.0,462.0,284.1
PPCL,9/27/2021,440.6,449.0,400.0,408.0,-5.56,10363.0,462.0,284.1
PPCL,9/28/2021,399.9,424.0,389.1,389.1,-4.63,12608.0,462.0,284.1
PPCL,9/29/2021,396.0,420.0,391.0,408.0,4.86,20711.0,462.0,284.1
PPCL,9/30/2021,416.0,431.9,401.0,401.0,-1.72,2635.0,462.0,284.1
PPCL,10/3/2021,395.0,416.8,378.4,393.0,-2.0,14190.0,462.0,284.1
PPCL,10/4/2021,387.0,400.8,370.1,384.0,-2.29,5522.0,462.0,284.1
PPCL,10/5/2021,391.0,415.0,391.0,408.0,6.25,3264.0,462.0,284.1
PPCL,10/6/2021,416.1,420.0,395.5,410.0,0.49,5840.0,462.0,284.1
PPCL,10/10/2021,414.9,414.9,392.0,399.0,-2.68,1195.0,462.0,284.1
PPCL,10/11/2021,402.9,402.9,379.8,394.0,-1.25,6825.0,462.0,284.1
PPCL,10/17/2021,401.0,409.0,394.0,406.7,3.22,1110.0,462.0,284.1
PPCL,10/18/2021,398.6,403.9,385.0,386.0,-5.09,3480.0,462.0,284.1
PPCL,10/19/2021,381.0,381.0,350.0,357.7,-7.33,11222.0,462.0,284.1
PPCL,10/20/2021,360.0,383.0,360.0,370.0,3.44,5317.0,462.0,284.1
PPCL,10/21/2021,377.4,384.9,362.6,368.0,-0.54,2043.0,462.0,284.1
PPCL,10/24/2021,375.3,387.6,361.0,387.6,5.33,1976.0,462.0,284.1
PPCL,10/25/2021,388.0,416.1,384.1,412.0,6.3,14860.0,462.0,284.1
PPCL,10/26/2021,418.9,446.0,406.7,433.0,5.1,33946.0,462.0,284.1
PPCL,10/27/2021,425.0,447.9,411.0,425.0,-1.85,7811.0,462.0,284.1
PPCL,10/28/2021,421.0,435.0,414.0,426.2,0.28,17749.0,462.0,284.1
PPCL,10/31/2021,432.0,468.8,432.0,468.8,10.0,31294.0,462.0,284.1
PPCL,11/1/2021,478.1,515.6,478.1,515.6,9.98,97097.0,462.0,284.1
PPCL,11/2/2021,524.9,550.9,510.0,546.0,5.9,41423.0,462.0,284.1
PPCL,11/3/2021,546.0,556.0,525.0,545.0,-0.18,27683.0,462.0,284.1
PPCL,11/8/2021,555.9,578.0,499.0,518.0,-4.95,84980.0,462.0,284.1
PPCL,11/9/2021,528.3,528.3,495.0,496.5,-4.15,44876.0,462.0,284.1
PPCL,11/11/2021,490.0,518.9,481.0,510.8,2.88,38039.0,462.0,284.1
PPCL,11/14/2021,501.0,516.0,491.2,510.0,-0.16,21414.0,462.0,284.1
PPCL,11/15/2021,515.0,518.9,505.0,506.5,-0.69,26750.0,462.0,284.1
PPCL,11/16/2021,516.6,525.9,507.1,515.0,1.68,28449.0,462.0,284.1
PPCL,11/17/2021,525.0,562.0,520.0,540.0,4.85,95133.0,462.0,284.1
PPCL,11/18/2021,548.0,549.9,515.0,525.0,-2.78,27036.0,462.0,284.1
PPCL,11/21/2021,525.0,535.5,509.0,517.0,-1.52,10287.0,462.0,284.1
PPCL,11/22/2021,526.9,530.0,508.0,518.0,0.19,11083.0,462.0,284.1
PPCL,11/23/2021,527.0,527.0,492.0,501.0,-3.28,37492.0,462.0,284.1
PPCL,11/24/2021,511.0,526.3,485.0,514.0,2.59,31567.0,462.0,284.1
PPCL,11/25/2021,524.0,533.0,506.0,508.0,-1.17,16985.0,462.0,284.1
PPCL,11/28/2021,497.9,514.0,488.0,490.3,-3.48,17839.0,462.0,284.1
PPCL,11/29/2021,499.9,515.0,479.0,489.0,-0.27,24610.0,462.0,284.1
PPCL,11/30/2021,498.7,506.8,481.4,495.0,1.23,9348.0,462.0,284.1
PPCL,12/1/2021,489.0,500.0,489.0,490.1,-0.99,8204.0,462.0,284.1
PPCL,12/2/2021,498.9,507.0,475.1,476.1,-2.86,15229.0,462.0,284.1
PPCL,12/5/2021,480.0,480.0,451.0,459.9,-3.4,14529.0,462.0,284.1
PPCL,12/6/2021,463.0,482.0,437.2,475.3,3.35,13341.0,462.0,284.1
PPCL,12/7/2021,476.0,499.8,461.5,461.5,-2.9,11416.0,462.0,284.1
PPCL,12/8/2021,461.0,471.1,441.2,445.0,-3.58,10142.0,462.0,284.1
PPCL,12/9/2021,436.1,454.0,432.0,454.0,2.02,11672.0,462.0,284.1
PPCL,12/12/2021,446.0,450.0,423.0,426.0,-6.17,4864.0,462.0,284.1
PPCL,12/13/2021,417.5,433.0,392.0,408.0,-4.23,15664.0,462.0,284.1
PPCL,12/14/2021,416.1,447.7,416.1,447.7,9.73,16539.0,462.0,284.1
PPCL,12/15/2021,456.0,474.3,435.2,457.0,2.08,35992.0,462.0,284.1
PPCL,12/16/2021,456.0,466.0,431.0,440.0,-3.72,7143.0,462.0,284.1
PPCL,12/20/2021,432.0,448.8,421.1,442.0,0.45,14959.0,462.0,284.1
PPCL,12/21/2021,450.8,453.0,435.0,451.0,2.04,13638.0,462.0,284.1
PPCL,12/22/2021,456.0,485.0,449.0,474.4,5.19,22450.0,462.0,284.1
PPCL,12/23/2021,483.7,489.6,448.5,470.0,-0.93,15985.0,462.0,284.1
PPCL,12/26/2021,478.4,478.4,455.0,462.0,-1.7,12333.0,462.0,284.1
PPCL,12/27/2021,471.2,480.0,430.2,430.2,-6.88,43157.0,462.0,284.1
PPCL,12/28/2021,435.0,455.9,420.9,443.0,2.98,29686.0,462.0,284.1
PPCL,12/29/2021,451.8,458.6,431.2,444.0,0.23,14149.0,462.0,284.1
PPCL,1/2/2022,452.8,469.9,436.0,451.0,1.58,4013.0,462.0,284.1
PPCL,1/3/2022,457.9,457.9,442.0,450.0,-0.22,8981.0,462.0,284.1
PPCL,1/4/2022,449.0,453.9,444.0,453.9,0.87,13633.0,462.0,284.1
PPCL,1/5/2022,461.9,465.0,445.0,454.9,0.22,21081.0,462.0,284.1
PPCL,1/6/2022,459.9,459.9,441.8,451.0,-0.86,10834.0,462.0,284.1
PPCL,1/9/2022,459.0,485.0,458.7,485.0,7.54,44835.0,462.0,284.1
PPCL,1/10/2022,494.7,500.0,476.0,488.0,0.62,32933.0,462.0,284.1
PPCL,1/11/2022,494.9,504.0,480.0,496.0,1.64,47769.0,462.0,284.1
PPCL,1/12/2022,504.7,531.0,497.8,506.0,2.02,54329.0,462.0,284.1
PPCL,1/13/2022,516.0,522.0,495.9,521.0,2.96,38690.0,462.0,284.1
PPCL,1/16/2022,531.0,541.0,524.0,530.0,1.73,35905.0,462.0,284.1
PPCL,1/17/2022,522.1,560.0,515.0,550.0,3.77,99033.0,462.0,284.1
PPCL,1/18/2022,561.0,580.0,549.0,560.0,1.82,85250.0,462.0,284.1
PPCL,1/19/2022,550.0,565.0,542.0,543.6,-2.93,46380.0,462.0,284.1
PPCL,1/20/2022,545.0,560.0,534.1,560.0,3.02,57806.0,462.0,284.1
PPCL,1/23/2022,569.0,569.0,535.2,545.0,-2.68,45634.0,462.0,284.1
PPCL,1/24/2022,534.1,536.0,505.0,520.0,-4.59,75502.0,462.0,284.1
PPCL,1/25/2022,529.4,530.0,510.1,514.6,-1.04,33801.0,462.0,284.1
PPCL,1/26/2022,524.0,524.0,503.0,510.0,-0.89,19665.0,462.0,284.1
PPCL,1/27/2022,520.0,529.0,507.0,514.0,0.78,5872.0,462.0,284.1
PPCL,1/30/2022,524.2,545.0,524.2,535.0,4.09,31908.0,462.0,284.1
PPCL,1/31/2022,540.0,541.0,518.0,528.9,-1.14,29028.0,462.0,284.1
PPCL,2/1/2022,528.9,551.0,528.0,546.2,3.27,44318.0,462.0,284.1
PPCL,2/3/2022,556.9,570.0,543.0,544.0,-0.4,55566.0,462.0,284.1
PPCL,2/6/2022,544.0,554.8,532.0,535.0,-1.65,28789.0,462.0,284.1
PPCL,2/7/2022,543.0,546.9,537.0,537.0,0.37,24806.0,462.0,284.1
PPCL,2/8/2022,547.0,557.9,525.0,533.0,-0.74,33304.0,462.0,284.1
PPCL,2/9/2022,535.0,540.0,518.0,523.5,-1.78,12162.0,462.0,284.1
PPCL,2/10/2022,533.8,533.8,520.0,524.0,0.1,24242.0,462.0,284.1
PPCL,2/13/2022,520.0,520.0,491.1,498.0,-4.96,40477.0,462.0,284.1
PPCL,2/14/2022,507.9,510.0,497.0,499.9,0.38,22540.0,462.0,284.1
PPCL,2/15/2022,507.0,523.0,498.5,522.9,4.6,17729.0,462.0,284.1
PPCL,2/16/2022,532.0,532.0,506.0,510.0,-2.47,10564.0,462.0,284.1
PPCL,2/17/2022,519.9,519.9,507.0,514.0,0.78,9765.0,462.0,284.1
PPCL,2/20/2022,509.0,520.0,492.1,507.0,-1.36,33986.0,462.0,284.1
PPCL,2/21/2022,516.9,516.9,505.0,515.0,1.58,15065.0,462.0,284.1
PPCL,2/22/2022,522.9,540.0,513.6,530.0,2.91,40237.0,462.0,284.1
PPCL,2/23/2022,530.0,540.0,517.0,518.0,-2.26,38567.0,462.0,284.1
PPCL,2/24/2022,508.0,516.0,497.9,502.0,-3.09,25878.0,462.0,284.1
PPCL,2/27/2022,512.0,512.0,495.0,500.0,-0.4,27982.0,462.0,284.1
PPCL,2/28/2022,510.0,514.0,481.0,481.0,-3.8,27213.0,462.0,284.1
PPCL,3/2/2022,474.0,480.0,455.4,465.0,-3.33,14205.0,462.0,284.1
PPCL,3/6/2022,472.0,480.0,443.2,449.0,-3.44,15391.0,462.0,284.1
PPCL,3/7/2022,440.1,441.0,410.5,418.0,-6.9,246739.0,462.0,284.1
PPCL,3/9/2022,420.0,426.0,400.0,408.0,-2.39,149811.0,462.0,284.1
PPCL,3/10/2022,416.1,428.0,408.0,425.0,4.17,42787.0,462.0,284.1
PPCL,3/13/2022,430.0,449.5,421.9,445.0,4.71,179340.0,462.0,284.1
PPCL,3/14/2022,436.1,458.7,436.1,447.0,0.45,29997.0,462.0,284.1
PPCL,3/15/2022,439.0,451.9,439.0,444.5,-0.56,178185.0,462.0,284.1
PPCL,3/16/2022,444.5,451.0,429.0,433.0,-2.59,60645.0,462.0,284.1
PPCL,3/20/2022,436.0,436.0,420.0,425.4,-1.76,87933.0,462.0,284.1
PPCL,3/21/2022,425.0,440.0,421.5,437.0,2.73,75262.0,462.0,284.1
PPCL,3/22/2022,444.9,444.9,431.0,437.0,0.0,21895.0,462.0,284.1
PPCL,3/23/2022,435.0,435.0,420.5,423.0,-3.2,45350.0,462.0,284.1
PPCL,3/24/2022,428.9,428.9,411.0,412.0,-2.6,57297.0,462.0,284.1
PPCL,3/27/2022,409.3,409.3,398.0,400.0,-2.91,52309.0,462.0,284.1
PPCL,3/28/2022,393.0,407.0,391.1,392.0,-2.0,26342.0,462.0,284.1
PPCL,3/29/2022,390.0,403.9,387.0,390.0,-0.51,20568.0,462.0,284.1
PPCL,3/30/2022,397.0,405.0,388.0,405.0,3.85,24286.0,462.0,284.1
PPCL,3/31/2022,405.0,407.8,394.0,394.0,-2.72,14605.0,462.0,284.1
PPCL,4/3/2022,393.0,393.0,382.5,384.2,-2.49,10205.0,462.0,284.1
PPCL,4/4/2022,390.0,390.0,383.0,386.5,0.6,9021.0,462.0,284.1
PPCL,4/5/2022,379.0,394.2,372.2,378.0,-2.2,23367.0,462.0,284.1
PPCL,4/6/2022,385.0,395.0,369.0,383.0,1.32,59414.0,462.0,284.1
PPCL,4/7/2022,389.9,397.0,381.0,390.1,1.85,35425.0,462.0,284.1
PPCL,4/11/2022,397.9,403.0,382.3,384.2,-1.51,46951.0,462.0,284.1
PPCL,4/12/2022,384.0,384.0,369.1,375.0,-2.39,34227.0,462.0,284.1
PPCL,4/13/2022,371.2,390.6,369.0,381.0,1.6,34351.0,462.0,284.1
PPCL,4/17/2022,388.5,388.5,364.1,364.1,-4.44,24458.0,462.0,284.1
PPCL,4/18/2022,371.3,371.3,350.0,353.9,-2.8,25360.0,462.0,284.1
PPCL,4/19/2022,347.0,363.0,346.9,358.0,1.16,24182.0,462.0,284.1
PPCL,4/20/2022,350.9,360.0,340.0,345.0,-3.63,22561.0,462.0,284.1
PPCL,4/21/2022,351.0,351.0,323.2,334.4,-3.07,21601.0,462.0,284.1
PPCL,4/24/2022,340.0,364.0,336.0,358.0,7.06,26895.0,462.0,284.1
PPCL,4/25/2022,352.0,370.0,344.0,352.0,-1.68,24250.0,462.0,284.1
PPCL,4/26/2022,346.2,359.0,343.0,343.0,-2.56,22283.0,462.0,284.1
PPCL,4/27/2022,345.0,351.9,342.0,350.0,2.04,7304.0,462.0,284.1
PPCL,4/28/2022,356.9,363.9,335.2,337.0,-3.71,18502.0,462.0,284.1
PPCL,5/2/2022,340.0,340.0,323.0,329.0,-2.37,20008.0,462.0,284.1
PPCL,5/4/2022,323.0,335.0,318.0,318.0,-3.34,16527.0,462.0,284.1
PPCL,5/5/2022,323.0,330.0,309.0,309.1,-2.8,17257.0,462.0,284.1
PPCL,5/8/2022,311.0,324.0,303.2,324.0,4.82,6370.0,462.0,284.1
PPCL,5/9/2022,330.0,335.0,315.0,317.6,-1.98,20932.0,462.0,284.1
PPCL,5/10/2022,323.9,336.0,317.0,333.0,4.85,24545.0,462.0,284.1
PPCL,5/11/2022,339.0,366.3,335.0,363.0,9.01,35644.0,462.0,284.1
PPCL,5/12/2022,370.0,375.5,350.2,354.4,-2.37,25865.0,462.0,284.1
PPCL,5/17/2022,347.5,354.4,323.0,334.0,-5.76,19862.0,462.0,284.1
PPCL,5/18/2022,340.0,351.0,325.0,343.0,2.69,15995.0,462.0,284.1
PPCL,5/19/2022,348.0,348.0,326.5,334.0,-2.62,15917.0,462.0,284.1
PPCL,5/20/2022,339.0,339.0,327.5,332.0,-0.6,3780.0,462.0,284.1
PPCL,5/23/2022,326.0,348.8,319.6,327.0,-1.51,14008.0,462.0,284.1
PPCL,5/24/2022,323.0,339.0,321.7,327.1,0.03,8927.0,462.0,284.1
PPCL,5/25/2022,331.0,339.0,325.0,331.2,1.25,27885.0,462.0,284.1
PPCL,5/26/2022,333.0,336.0,327.0,334.0,0.85,9219.0,462.0,284.1
PPCL,5/27/2022,328.0,340.6,323.0,328.8,-1.56,8822.0,462.0,284.1
PPCL,5/30/2022,323.1,333.0,316.0,316.4,-3.77,17585.0,462.0,284.1
PPCL,5/31/2022,311.0,320.0,311.0,317.0,0.19,9228.0,462.0,284.1
PPCL,6/1/2022,323.0,323.0,313.7,319.0,0.63,4956.0,462.0,284.1
PPCL,6/2/2022,319.0,322.0,313.0,319.0,0.0,8245.0,462.0,284.1
PPCL,6/3/2022,319.0,324.0,313.0,316.0,-0.94,9596.0,462.0,284.1
PPCL,6/6/2022,316.0,319.0,309.7,311.5,-1.42,15045.0,462.0,284.1
PPCL,6/7/2022,305.3,315.0,298.0,302.0,-3.05,21062.0,462.0,284.1
PPCL,6/8/2022,306.0,331.4,301.9,316.0,4.64,13196.0,462.0,284.1
PPCL,6/9/2022,320.0,324.9,306.0,309.0,-2.22,17743.0,462.0,284.1
PPCL,6/10/2022,315.1,315.1,302.0,303.0,-1.94,16818.0,462.0,284.1
PPCL,6/13/2022,301.3,307.0,300.0,300.0,-0.99,14417.0,462.0,284.1
PPCL,6/14/2022,301.0,301.0,286.5,286.5,-4.5,23038.0,462.0,284.1
PPCL,6/15/2022,292.0,292.0,277.0,278.0,-2.97,27201.0,462.0,284.1
PPCL,6/16/2022,281.0,294.0,276.0,282.0,1.44,12164.0,462.0,284.1
PPCL,6/17/2022,287.0,292.7,274.0,275.0,-2.48,8294.0,462.0,284.1
PPCL,6/19/2022,271.1,271.1,258.0,260.0,-5.45,19830.0,462.0,284.1
PPCL,6/20/2022,255.1,263.0,245.5,247.6,-4.77,32843.0,462.0,284.1
PPCL,6/21/2022,252.0,272.3,246.2,261.7,5.69,37541.0,462.0,284.1
PPCL,6/22/2022,262.0,264.0,251.0,252.1,-3.67,7096.0,462.0,284.1
PPCL,6/23/2022,256.0,256.0,236.0,240.0,-4.8,21250.0,462.0,284.1
PPCL,6/24/2022,242.0,253.9,230.0,248.0,3.33,18922.0,462.0,284.1
PPCL,6/26/2022,252.9,271.9,249.0,271.9,9.64,36963.0,462.0,284.1
PPCL,6/27/2022,277.3,277.3,257.0,259.9,-4.41,34146.0,462.0,284.1
PPCL,6/28/2022,254.8,259.5,248.0,254.9,-1.92,18114.0,462.0,284.1
PPCL,6/29/2022,250.0,268.0,247.1,265.0,3.96,21252.0,462.0,284.1
PPCL,6/30/2022,268.0,291.5,265.0,290.0,9.43,44074.0,462.0,284.1
PPCL,7/1/2022,289.0,297.8,279.0,286.0,-1.38,22322.0,462.0,284.1
PPCL,7/3/2022,281.1,314.6,281.1,309.0,8.04,51482.0,462.0,284.1
PPCL,7/4/2022,309.0,324.4,300.0,307.0,-0.65,59140.0,462.0,284.1
PPCL,7/5/2022,307.0,312.0,295.0,295.1,-3.88,44174.0,462.0,284.1
PPCL,7/6/2022,291.8,301.6,285.3,297.0,0.64,41150.0,462.0,284.1
PPCL,7/7/2022,302.9,308.9,295.1,295.1,-0.64,17054.0,462.0,284.1
PPCL,7/8/2022,291.0,297.0,285.0,285.0,-3.42,16515.0,462.0,284.1
PPCL,7/11/2022,280.0,285.0,264.0,270.0,-5.26,23177.0,462.0,284.1
PPCL,7/12/2022,275.0,280.0,265.1,270.0,0.0,15727.0,462.0,284.1
PPCL,7/13/2022,275.0,290.7,266.0,290.0,7.41,23379.0,462.0,284.1
PPCL,7/14/2022,294.9,299.0,287.0,289.0,-0.34,18888.0,462.0,284.1
PPCL,7/15/2022,290.0,291.9,274.7,288.6,-0.14,15210.0,462.0,284.1
PPCL,7/17/2022,285.0,295.8,284.0,286.0,-0.9,13752.0,462.0,284.1
PPCL,7/18/2022,290.0,292.9,282.0,292.0,2.1,6184.0,462.0,284.1
PPCL,7/19/2022,297.0,302.7,294.0,296.0,1.37,26825.0,462.0,284.1
PPCL,7/20/2022,296.0,309.0,296.0,303.4,2.5,45132.0,462.0,284.1
PPCL,7/21/2022,303.5,304.8,298.7,303.0,-0.13,20607.0,462.0,284.1
PPCL,7/22/2022,297.0,301.0,291.1,294.0,-2.97,14321.0,462.0,284.1
PPCL,7/24/2022,299.0,312.9,295.0,310.0,5.44,29997.0,462.0,284.1
PPCL,7/25/2022,310.0,327.0,310.0,322.0,3.87,60869.0,462.0,284.1
PPCL,7/26/2022,320.0,330.0,313.0,317.8,-1.3,51712.0,462.0,284.1
PPCL,7/27/2022,312.0,340.0,311.5,333.6,4.97,58288.0,462.0,284.1
PPCL,7/28/2022,340.0,357.0,333.0,340.0,1.92,91455.0,462.0,284.1
PPCL,7/29/2022,346.8,346.8,330.5,336.2,-1.12,25937.0,462.0,284.1
PPCL,7/31/2022,342.0,348.5,336.0,340.5,1.28,52034.0,462.0,284.1
PPCL,8/1/2022,347.3,361.0,337.1,349.5,2.64,129322.0,462.0,284.1
PPCL,8/2/2022,356.4,384.0,356.4,367.1,5.04,120122.0,462.0,284.1
PPCL,8/3/2022,370.0,381.0,361.0,370.3,0.87,77429.0,462.0,284.1
PPCL,8/4/2022,363.0,372.0,360.0,362.0,-2.24,86866.0,462.0,284.1
PPCL,8/5/2022,360.0,367.0,354.0,355.0,-1.93,41988.0,462.0,284.1
PPCL,8/7/2022,361.0,368.0,348.5,359.0,1.13,22362.0,462.0,284.1
PPCL,8/8/2022,359.0,366.1,355.0,355.0,-1.11,67726.0,462.0,284.1
PPCL,8/9/2022,352.0,362.0,350.1,353.0,-0.56,151748.0,462.0,284.1
PPCL,8/10/2022,348.0,359.0,346.0,349.2,-1.08,22838.0,462.0,284.1
PPCL,8/11/2022,349.9,355.0,343.3,343.3,-1.69,14570.0,462.0,284.1
PPCL,8/14/2022,349.0,349.0,336.0,336.0,-2.13,14306.0,462.0,284.1
PPCL,8/15/2022,342.0,353.0,340.0,353.0,5.06,48163.0,462.0,284.1
PPCL,8/16/2022,359.9,360.0,344.0,347.0,-1.7,34092.0,462.0,284.1
PPCL,8/17/2022,350.0,352.0,341.0,350.0,0.86,30455.0,462.0,284.1
PPCL,8/18/2022,343.0,360.0,343.0,359.0,2.57,44264.0,462.0,284.1
PPCL,8/21/2022,359.0,367.5,349.0,354.0,-1.39,27449.0,462.0,284.1
PPCL,8/22/2022,355.0,357.0,345.0,348.0,-1.69,23255.0,462.0,284.1
PPCL,8/23/2022,346.0,349.0,345.0,345.1,-0.83,12630.0,462.0,284.1
PPCL,8/24/2022,338.2,353.9,338.2,347.0,0.55,11389.0,462.0,284.1
PPCL,8/25/2022,353.0,353.0,335.0,335.0,-3.46,23857.0,462.0,284.1
PPCL,8/26/2022,330.0,339.6,326.4,332.9,-0.63,20150.0,462.0,284.1
PPCL,8/28/2022,335.0,336.0,318.3,321.0,-3.57,32249.0,462.0,284.1
PPCL,8/29/2022,323.9,326.0,318.1,325.0,1.25,8453.0,462.0,284.1
PPCL,8/30/2022,325.0,331.0,316.0,321.9,-0.95,8961.0,462.0,284.1
PPCL,8/31/2022,320.0,324.0,312.1,315.0,-2.14,6386.0,462.0,284.1
PPCL,9/1/2022,315.1,316.0,305.2,315.0,0.0,25699.0,462.0,284.1
PPCL,9/2/2022,315.0,320.0,309.9,314.0,-0.32,4553.0,462.0,284.1
PPCL,9/4/2022,314.0,321.9,314.0,315.0,0.32,10270.0,462.0,284.1
PPCL,9/5/2022,316.0,320.0,316.0,318.0,0.95,4458.0,462.0,284.1
PPCL,9/6/2022,312.8,317.1,311.0,313.0,-1.57,2257.0,462.0,284.1
PPCL,9/7/2022,317.0,317.0,307.0,308.0,-1.6,6286.0,462.0,284.1
PPCL,9/8/2022,305.0,314.0,302.3,309.0,0.32,16154.0,462.0,284.1
PPCL,9/11/2022,310.0,315.0,306.0,310.0,0.32,2706.0,462.0,284.1
PPCL,9/12/2022,305.3,311.0,305.0,306.0,-1.29,9746.0,462.0,284.1
PPCL,9/13/2022,310.0,316.0,306.0,308.0,0.65,8130.0,462.0,284.1
PPCL,9/14/2022,314.0,323.3,312.1,321.8,4.48,13120.0,462.0,284.1
PPCL,9/15/2022,316.0,318.0,302.0,307.9,-4.32,26610.0,462.0,284.1
PPCL,9/16/2022,302.0,309.9,287.0,300.0,-2.57,12909.0,462.0,284.1
PPCL,9/18/2022,295.0,300.0,283.5,284.0,-5.33,32025.0,462.0,284.1
PPCL,9/20/2022,289.6,292.0,275.4,280.0,-1.41,11293.0,462.0,284.1
PPCL,9/21/2022,285.6,291.3,280.0,287.0,2.5,4984.0,462.0,284.1
PPCL,9/22/2022,288.0,290.0,274.0,281.0,-2.09,11069.0,462.0,284.1
PPCL,9/25/2022,281.0,281.0,270.0,270.0,-3.91,3130.0,462.0,284.1
PPCL,9/27/2022,275.4,280.0,273.0,277.9,2.93,6883.0,462.0,284.1
PPCL,9/28/2022,282.5,282.9,277.2,281.8,1.4,2495.0,462.0,284.1
PPCL,9/29/2022,281.0,284.0,275.0,278.0,-1.35,2327.0,462.0,284.1
PPCL,10/9/2022,283.0,290.0,278.1,290.0,4.32,7011.0,462.0,284.1
PPCL,10/10/2022,290.0,290.0,273.1,275.4,-5.03,8643.0,462.0,284.1
PPCL,10/11/2022,275.0,279.0,270.0,276.0,0.22,1479.0,462.0,284.1
PPCL,10/12/2022,270.5,283.4,270.5,277.8,0.65,2730.0,462.0,284.1
PPCL,10/13/2022,274.0,279.0,271.0,274.8,-1.08,6803.0,462.0,284.1
PPCL,10/16/2022,280.2,280.2,269.4,269.4,-1.97,3220.0,462.0,284.1
PPCL,10/17/2022,270.0,271.0,266.7,268.5,-0.33,2065.0,462.0,284.1
PPCL,10/19/2022,265.3,270.0,257.2,262.0,-2.42,8223.0,462.0,284.1
PPCL,10/20/2022,257.0,265.0,252.0,256.3,-2.18,7003.0,462.0,284.1
PPCL,10/23/2022,261.4,270.0,258.0,265.0,3.39,2960.0,462.0,284.1
PPCL,10/31/2022,270.29,274.8,261.0,269.0,1.51,2655.0,462.0,284.1
PPCL,11/1/2022,267.0,289.0,267.0,284.0,5.58,19752.0,462.0,284.1
PPCL,11/2/2022,288.0,291.9,274.0,290.0,2.11,19320.0,462.0,284.1
PPCL,11/3/2022,295.0,295.0,280.0,290.0,0.0,17724.0,462.0,284.1
PPCL,11/6/2022,295.0,299.0,287.0,299.0,3.1,21678.0,462.0,284.1
PPCL,11/7/2022,300.0,304.8,290.0,295.9,-1.04,31553.0,462.0,284.1
PPCL,11/8/2022,298.0,303.0,294.9,300.0,1.39,16400.0,462.0,284.1
PPCL,11/9/2022,299.0,305.0,280.0,284.0,-5.33,25766.0,462.0,284.1
PPCL,11/10/2022,280.0,289.6,271.0,271.0,-4.58,14930.0,462.0,284.1
PPCL,11/13/2022,270.0,286.0,270.0,274.0,1.11,9143.0,462.0,284.1
PPCL,11/14/2022,278.0,287.1,272.1,287.1,4.78,16544.0,462.0,284.1
PPCL,11/15/2022,292.0,296.7,278.4,282.9,-1.46,4785.0,462.0,284.1
PPCL,11/16/2022,278.0,291.3,278.0,286.0,1.1,15467.0,462.0,284.1
PPCL,11/17/2022,291.7,304.9,286.0,300.0,4.9,32165.0,462.0,284.1
PPCL,11/22/2022,304.9,306.0,288.4,288.6,-3.8,16717.0,462.0,284.1
PPCL,11/23/2022,294.0,295.0,284.1,294.0,1.87,4547.0,462.0,284.1
PPCL,11/24/2022,299.8,299.8,289.1,297.0,1.02,16226.0,462.0,284.1
PPCL,11/27/2022,302.9,308.5,293.0,307.9,3.67,22763.0,462.0,284.1
PPCL,11/28/2022,310.0,310.0,300.1,306.9,-0.32,25015.0,462.0,284.1
PPCL,11/29/2022,304.9,309.0,299.0,303.0,-1.27,14295.0,462.0,284.1
PPCL,11/30/2022,300.0,307.0,298.0,300.0,-0.99,12820.0,462.0,284.1
PPCL,12/1/2022,302.0,307.0,298.9,303.0,1.0,10661.0,462.0,284.1
PPCL,12/4/2022,309.0,309.0,301.0,306.9,1.29,9677.0,462.0,284.1
PPCL,12/5/2022,301.0,312.0,297.1,298.0,-2.9,9761.0,462.0,284.1
PPCL,12/6/2022,300.0,304.0,295.1,298.1,0.03,6188.0,462.0,284.1
PPCL,12/7/2022,295.0,300.0,294.0,294.0,-1.38,7755.0,462.0,284.1
PPCL,12/11/2022,288.2,288.2,271.5,273.5,-6.97,25307.0,462.0,284.1
PPCL,12/12/2022,271.0,287.0,269.2,284.0,3.84,11224.0,462.0,284.1
PPCL,12/13/2022,286.9,288.8,282.0,284.0,0.0,2973.0,462.0,284.1
PPCL,12/14/2022,284.0,289.0,282.0,282.5,-0.53,6476.0,462.0,284.1
PPCL,12/15/2022,285.0,285.0,277.5,277.5,-1.77,5050.0,462.0,284.1
PPCL,12/18/2022,279.0,279.0,274.0,278.9,0.5,2640.0,462.0,284.1
PPCL,12/19/2022,283.0,283.0,275.6,280.8,0.68,8613.0,462.0,284.1
PPCL,12/20/2022,280.0,285.6,278.0,282.0,0.43,18063.0,462.0,284.1
PPCL,12/21/2022,278.0,283.0,278.0,279.0,-1.06,8482.0,462.0,284.1
PPCL,12/22/2022,275.0,276.0,272.0,276.0,-1.08,7197.0,462.0,284.1
PPCL,12/26/2022,281.0,288.8,280.2,288.8,4.64,14023.0,462.0,284.1
PPCL,12/27/2022,290.0,302.0,290.0,295.0,2.15,22902.0,462.0,284.1
PPCL,12/28/2022,299.9,300.9,289.0,289.1,-2.0,25814.0,462.0,284.1
PPCL,12/29/2022,292.0,302.9,292.0,300.1,3.8,20546.0,462.0,284.1
PPCL,1/1/2023,305.0,313.0,300.0,301.1,0.33,56138.0,462.0,284.1
PPCL,1/2/2023,304.0,313.1,301.1,312.0,3.62,40954.0,462.0,284.1
PPCL,1/3/2023,313.0,323.0,311.0,316.0,1.28,34685.0,462.0,284.1
PPCL,1/4/2023,315.0,334.0,315.0,333.0,5.38,32789.0,462.0,284.1
PPCL,1/5/2023,337.9,347.0,324.0,337.0,1.2,44792.0,462.0,284.1
PPCL,1/8/2023,338.0,355.0,323.7,342.0,1.48,60860.0,462.0,284.1
PPCL,1/9/2023,342.5,365.0,342.3,365.0,6.73,76753.0,462.0,284.1
PPCL,1/10/2023,372.3,387.0,344.0,350.0,-4.11,104775.0,462.0,284.1
PPCL,1/12/2023,343.5,360.0,338.1,341.0,-2.57,59093.0,462.0,284.1
PPCL,1/17/2023,342.0,358.0,339.0,357.0,4.69,31107.0,462.0,284.1
PPCL,1/18/2023,360.0,375.0,355.0,356.0,-0.28,43129.0,462.0,284.1
PPCL,1/19/2023,360.0,369.0,354.1,366.0,2.81,32900.0,462.0,284.1
PPCL,1/23/2023,359.4,378.0,359.4,362.6,-0.93,80218.0,462.0,284.1
PPCL,1/24/2023,360.0,373.8,356.0,373.0,2.87,39219.0,462.0,284.1
PPCL,1/25/2023,372.0,385.8,371.0,380.9,2.12,63916.0,462.0,284.1
PPCL,1/26/2023,378.0,388.0,377.0,386.0,1.34,57227.0,462.0,284.1
PPCL,1/29/2023,384.0,385.0,375.0,377.0,-2.33,36149.0,462.0,284.1
PPCL,1/30/2023,373.0,378.0,366.0,369.0,-2.12,33797.0,462.0,284.1
PPCL,1/31/2023,374.9,375.0,360.3,362.6,-1.73,31291.0,462.0,284.1
PPCL,2/1/2023,369.0,369.0,359.0,364.0,0.39,13135.0,462.0,284.1
PPCL,2/2/2023,360.0,370.0,356.1,358.0,-1.65,11778.0,462.0,284.1
PPCL,2/5/2023,360.0,364.0,345.0,345.0,-3.63,21673.0,462.0,284.1
PPCL,2/6/2023,350.0,357.0,341.0,350.0,1.45,9635.0,462.0,284.1
PPCL,2/7/2023,355.0,367.9,354.0,367.0,4.86,22244.0,462.0,284.1
PPCL,2/8/2023,374.0,389.3,365.1,368.0,0.27,44746.0,462.0,284.1
PPCL,2/9/2023,375.2,383.5,364.1,380.0,3.26,53471.0,462.0,284.1
PPCL,2/12/2023,375.0,375.0,363.0,363.8,-4.26,38959.0,462.0,284.1
PPCL,2/14/2023,361.1,371.0,359.1,367.0,0.88,26247.0,462.0,284.1
PPCL,2/15/2023,370.0,370.0,359.6,360.0,-1.91,7521.0,462.0,284.1
PPCL,2/16/2023,358.1,363.0,351.5,352.0,-2.22,11945.0,462.0,284.1
PPCL,2/20/2023,350.5,359.0,348.1,353.0,0.28,4726.0,462.0,284.1
PPCL,2/22/2023,354.1,373.0,353.0,362.0,2.55,7858.0,462.0,284.1
PPCL,2/23/2023,356.0,363.1,352.1,354.9,-1.96,22549.0,462.0,284.1
PPCL,2/26/2023,348.0,360.0,347.0,355.1,0.06,29334.0,462.0,284.1
PPCL,2/27/2023,355.0,360.0,348.0,357.5,0.68,24347.0,462.0,284.1
PPCL,2/28/2023,353.0,364.9,353.0,356.0,-0.42,8383.0,462.0,284.1
PPCL,3/1/2023,353.0,359.0,352.0,355.0,-0.28,2328.0,462.0,284.1
PPCL,3/2/2023,351.0,358.0,347.0,350.0,-1.41,7562.0,462.0,284.1
PPCL,3/5/2023,355.0,355.0,342.0,343.1,-1.97,3625.0,462.0,284.1
PPCL,3/7/2023,348.0,350.0,344.1,344.1,0.29,5288.0,462.0,284.1
PPCL,3/9/2023,348.0,364.0,348.0,357.0,3.75,32510.0,462.0,284.1
PPCL,3/12/2023,357.0,360.0,350.0,350.1,-1.93,10456.0,462.0,284.1
PPCL,3/13/2023,355.0,355.0,343.0,350.0,-0.03,5997.0,462.0,284.1
PPCL,3/14/2023,350.0,355.0,346.0,350.0,0.0,5968.0,462.0,284.1
PPCL,3/15/2023,351.0,357.0,345.1,351.0,0.29,3451.0,462.0,284.1
PPCL,3/16/2023,351.0,359.0,344.0,359.0,2.28,11017.0,462.0,284.1
PPCL,3/19/2023,365.8,365.8,352.1,354.9,-1.14,1987.0,462.0,284.1
PPCL,3/20/2023,348.5,359.0,348.4,359.0,1.16,7358.0,462.0,284.1
PPCL,3/22/2023,355.0,360.0,348.1,355.0,-1.11,8519.0,462.0,284.1
PPCL,3/23/2023,350.0,360.0,347.9,351.0,-1.13,1993.0,462.0,284.1
PPCL,3/26/2023,348.0,351.0,345.0,345.0,-1.71,4029.0,462.0,284.1
PPCL,3/27/2023,344.0,351.0,338.0,351.0,1.74,4405.0,462.0,284.1
PPCL,3/28/2023,350.9,355.0,347.0,348.4,-0.74,4242.0,462.0,284.1
PPCL,3/29/2023,348.0,352.1,345.2,348.3,-0.03,2317.0,462.0,284.1
PPCL,3/30/2023,345.0,355.2,345.0,346.5,-0.52,2889.0,462.0,284.1
PPCL,4/2/2023,348.0,350.0,344.0,346.5,0.0,7590.0,462.0,284.1
PPCL,4/3/2023,343.0,343.5,343.0,343.3,-0.92,1475.0,462.0,284.1
PPCL,4/4/2023,348.0,350.0,342.0,343.5,0.06,3339.0,462.0,284.1
PPCL,4/5/2023,343.0,349.5,343.0,344.2,0.2,807.0,462.0,284.1
PPCL,4/6/2023,351.0,351.0,338.0,345.0,0.23,5926.0,462.0,284.1
PPCL,4/9/2023,340.0,343.5,335.2,341.9,-0.9,4085.0,462.0,284.1
PPCL,4/10/2023,342.0,348.0,337.0,342.0,0.03,8917.0,462.0,284.1
PPCL,4/11/2023,340.0,355.0,340.0,347.0,1.46,10168.0,462.0,284.1
PPCL,4/12/2023,353.9,360.0,346.9,359.9,3.72,8021.0,462.0,284.1
PPCL,4/13/2023,360.0,360.0,353.5,355.0,-1.36,8199.0,462.0,284.1
PPCL,4/16/2023,352.0,354.0,347.0,351.0,-1.13,12150.0,462.0,284.1
PPCL,4/17/2023,345.0,348.0,342.6,342.6,-2.39,8623.0,462.0,284.1
PPCL,4/18/2023,342.0,349.0,342.0,345.0,0.7,1350.0,462.0,284.1
PPCL,4/19/2023,342.0,350.0,340.0,350.0,1.45,2912.0,462.0,284.1
PPCL,4/20/2023,343.2,349.0,343.2,345.9,-1.17,1290.0,462.0,284.1
PPCL,4/23/2023,339.1,349.9,339.1,347.9,0.58,2682.0,462.0,284.1
PPCL,4/24/2023,350.0,352.0,334.5,344.5,-0.98,5337.0,462.0,284.1
PPCL,4/25/2023,350.0,350.0,339.0,345.0,0.15,2104.0,462.0,284.1
PPCL,4/26/2023,348.9,348.9,341.0,344.9,-0.03,5548.0,462.0,284.1
PPCL,4/27/2023,340.0,344.0,339.1,340.1,-1.39,1174.0,462.0,284.1
PPCL,4/30/2023,342.0,345.0,335.0,340.0,-0.03,1380.0,462.0,284.1
PPCL,5/2/2023,336.0,340.0,334.0,337.0,-0.88,1880.0,462.0,284.1
PPCL,5/3/2023,342.0,342.0,325.4,331.9,-1.51,1540.0,462.0,284.1
PPCL,5/4/2023,338.4,340.0,332.9,333.2,0.39,648.0,462.0,284.1
PPCL,5/7/2023,332.0,338.9,315.0,326.0,-2.16,5970.0,462.0,284.1
PPCL,5/8/2023,332.0,336.9,320.0,322.0,-1.23,7496.0,462.0,284.1
PPCL,5/9/2023,322.0,328.4,318.1,324.0,0.62,2462.0,462.0,284.1
PPCL,5/10/2023,318.1,325.0,318.1,325.0,0.31,450.0,462.0,284.1
PPCL,5/11/2023,318.5,328.0,318.5,325.0,0.0,5177.0,462.0,284.1
PPCL,5/14/2023,330.0,330.0,318.6,325.0,0.0,2510.0,462.0,284.1
PPCL,5/15/2023,328.9,328.9,316.0,322.0,-0.92,3150.0,462.0,284.1
PPCL,5/16/2023,322.0,328.0,320.5,323.9,0.59,1385.0,462.0,284.1
PPCL,5/17/2023,330.2,340.9,317.5,328.3,1.36,3060.0,462.0,284.1
PPCL,5/18/2023,333.2,339.9,326.9,335.0,2.04,8105.0,462.0,284.1
PPCL,5/21/2023,336.0,364.0,336.0,341.0,1.79,8240.0,462.0,284.1
PPCL,5/22/2023,335.0,341.0,329.0,339.0,-0.59,3060.0,462.0,284.1
PPCL,5/23/2023,345.7,349.9,333.4,344.7,1.68,2715.0,462.0,284.1
PPCL,5/24/2023,344.0,350.0,338.0,340.0,-1.36,5478.0,462.0,284.1
PPCL,5/28/2023,346.5,346.5,335.1,338.0,-0.59,10169.0,462.0,284.1
PPCL,5/30/2023,333.0,334.0,327.6,331.5,-1.92,11833.0,462.0,284.1
PPCL,5/31/2023,328.0,336.0,310.3,310.3,-6.4,17848.0,462.0,284.1
PPCL,6/1/2023,307.1,326.0,307.1,326.0,5.06,5112.0,462.0,284.1
PPCL,6/4/2023,332.5,340.0,332.5,338.0,3.68,7500.0,462.0,284.1
PPCL,6/5/2023,344.5,344.5,330.0,335.0,-0.89,4934.0,462.0,284.1
PPCL,6/6/2023,335.0,352.9,325.4,341.1,1.82,11343.0,462.0,284.1
PPCL,6/7/2023,347.5,360.0,343.0,348.0,2.02,25935.0,462.0,284.1
PPCL,6/8/2023,342.7,353.0,342.6,348.0,0.0,8142.0,462.0,284.1
PPCL,6/11/2023,352.0,352.0,345.1,350.9,0.83,5719.0,462.0,284.1
PPCL,6/12/2023,350.0,354.9,344.0,349.0,-0.54,8943.0,462.0,284.1
PPCL,6/13/2023,346.0,365.0,346.0,359.0,2.87,21770.0,462.0,284.1
PPCL,6/14/2023,353.0,364.0,353.0,360.0,0.28,24442.0,462.0,284.1
PPCL,6/15/2023,358.0,358.0,339.6,355.0,-1.39,3155.0,462.0,284.1
PPCL,6/18/2023,350.0,360.0,344.0,356.9,0.54,46765.0,462.0,284.1
PPCL,6/19/2023,358.0,358.0,323.8,331.9,-7.0,183620.0,462.0,284.1
PPCL,6/20/2023,328.0,328.0,313.6,313.6,-5.51,87646.0,462.0,284.1
PPCL,6/21/2023,314.0,327.8,313.0,315.9,0.73,29149.0,462.0,284.1
PPCL,6/22/2023,315.0,317.0,294.0,301.9,-4.43,66020.0,462.0,284.1
PPCL,6/25/2023,301.9,301.9,274.4,289.0,-4.27,158384.0,462.0,284.1
PPCL,6/26/2023,292.0,303.0,284.5,289.0,0.0,35465.0,462.0,284.1
PPCL,6/27/2023,294.7,298.0,285.0,294.0,1.73,47390.0,462.0,284.1
PPCL,6/28/2023,294.1,297.0,284.0,284.0,-3.4,35387.0,462.0,284.1
PPCL,7/2/2023,280.0,287.0,271.6,278.0,-2.11,35766.0,462.0,284.1
PPCL,7/3/2023,274.0,277.4,261.3,261.3,-6.01,25937.0,462.0,284.1
PPCL,7/4/2023,266.5,271.8,258.0,269.2,3.02,23082.0,462.0,284.1
PPCL,7/5/2023,273.9,273.9,258.0,265.0,-1.56,24661.0,462.0,284.1
PPCL,7/6/2023,261.0,267.0,255.8,260.5,-1.7,33010.0,462.0,284.1
PPCL,7/9/2023,265.7,270.9,262.0,264.8,1.65,19813.0,462.0,284.1
PPCL,7/10/2023,264.0,264.0,255.0,262.0,-1.06,26955.0,462.0,284.1
PPCL,7/11/2023,260.0,264.8,253.0,253.0,-3.44,13796.0,462.0,284.1
PPCL,7/12/2023,252.0,270.0,252.0,265.0,4.74,29488.0,462.0,284.1
PPCL,7/13/2023,269.0,284.0,266.1,269.9,1.85,64310.0,462.0,284.1
PPCL,7/16/2023,270.0,274.9,268.0,269.0,-0.33,13412.0,462.0,284.1
PPCL,7/17/2023,268.0,279.0,266.0,276.0,2.6,14626.0,462.0,284.1
PPCL,7/18/2023,278.0,279.0,268.2,270.9,-1.85,14395.0,462.0,284.1
PPCL,7/19/2023,269.0,272.0,263.0,269.0,-0.7,7095.0,462.0,284.1
PPCL,7/20/2023,272.9,274.2,262.0,264.3,-1.75,19598.0,462.0,284.1
PPCL,7/23/2023,263.0,277.0,263.0,275.5,4.24,14499.0,462.0,284.1
PPCL,7/24/2023,277.0,281.0,271.5,274.8,-0.25,39969.0,462.0,284.1
PPCL,7/25/2023,279.0,279.0,268.0,268.2,-2.4,16507.0,462.0,284.1
PPCL,7/26/2023,272.9,276.9,265.0,265.1,-1.16,9965.0,462.0,284.1
PPCL,7/27/2023,270.0,274.0,265.1,270.0,1.85,11851.0,462.0,284.1
PPCL,7/30/2023,267.0,269.0,258.8,260.5,-3.52,22559.0,462.0,284.1
PPCL,7/31/2023,257.2,267.0,257.1,261.0,0.19,11102.0,462.0,284.1
PPCL,8/1/2023,266.0,266.0,255.8,256.0,-1.92,6855.0,462.0,284.1
PPCL,8/2/2023,261.1,264.0,252.0,260.0,1.56,10203.0,462.0,284.1
PPCL,8/3/2023,265.2,265.2,254.8,254.8,-2.0,9083.0,462.0,284.1
PPCL,8/6/2023,259.0,259.0,251.7,252.0,-1.1,8306.0,462.0,284.1
PPCL,8/7/2023,252.0,263.0,248.0,254.0,0.79,8621.0,462.0,284.1
PPCL,8/8/2023,254.0,258.9,248.9,249.9,-1.61,15880.0,462.0,284.1
PPCL,8/9/2023,247.0,252.0,244.0,252.0,0.84,6371.0,462.0,284.1
PPCL,8/10/2023,257.0,258.6,251.0,256.0,1.59,122733.0,462.0,284.1
PPCL,8/13/2023,261.0,261.0,252.0,257.0,0.39,5592.0,462.0,284.1
PPCL,8/14/2023,253.0,255.0,251.0,253.0,-1.56,4006.0,462.0,284.1
PPCL,8/15/2023,248.0,252.9,247.2,249.0,-1.58,4860.0,462.0,284.1
PPCL,8/16/2023,248.1,248.9,244.1,244.1,-1.97,6536.0,462.0,284.1
PPCL,8/17/2023,248.8,248.8,239.0,241.9,-0.9,13028.0,462.0,284.1
PPCL,8/20/2023,240.0,245.0,232.0,232.0,-4.09,7060.0,462.0,284.1
PPCL,8/21/2023,230.0,239.0,229.7,230.9,-0.47,6529.0,462.0,284.1
PPCL,8/22/2023,227.7,238.0,224.0,236.5,2.43,10010.0,462.0,284.1
PPCL,8/23/2023,236.9,244.0,234.0,243.9,3.13,10315.0,462.0,284.1
PPCL,8/24/2023,247.9,247.9,234.4,238.0,-2.42,11429.0,462.0,284.1
PPCL,8/27/2023,235.0,236.0,230.8,234.5,-1.47,2314.0,462.0,284.1
PPCL,8/28/2023,230.0,239.0,230.0,235.0,0.21,9735.0,462.0,284.1
PPCL,8/29/2023,230.6,235.0,230.3,230.3,-2.0,950.0,462.0,284.1
PPCL,8/30/2023,226.2,237.0,226.2,230.0,-0.13,2129.0,462.0,284.1
PPCL,9/3/2023,228.0,228.0,220.0,226.0,-1.74,8634.0,462.0,284.1
PPCL,9/4/2023,221.5,230.5,220.0,225.0,-0.44,3565.0,462.0,284.1
PPCL,9/5/2023,221.0,222.0,220.5,221.0,-1.78,1000.0,462.0,284.1
PPCL,9/7/2023,224.9,224.9,208.8,215.0,-2.71,13965.0,462.0,284.1
PPCL,9/10/2023,215.0,218.0,210.8,217.0,0.93,2930.0,462.0,284.1
PPCL,9/11/2023,214.1,221.2,212.8,221.2,1.94,8272.0,462.0,284.1
PPCL,9/12/2023,224.9,224.9,208.9,215.0,-2.8,13437.0,462.0,284.1
PPCL,9/13/2023,215.0,219.2,213.2,217.9,1.35,9807.0,462.0,284.1
PPCL,9/17/2023,218.0,222.0,208.1,215.0,-1.33,13388.0,462.0,284.1
PPCL,9/18/2023,215.0,223.0,213.7,217.7,1.26,3568.0,462.0,284.1
PPCL,9/19/2023,220.0,230.0,216.0,225.9,3.77,9124.0,462.0,284.1
PPCL,9/21/2023,230.4,248.4,228.2,242.0,7.13,43547.0,462.0,284.1
PPCL,9/24/2023,243.0,254.0,233.0,243.0,0.41,24309.0,462.0,284.1
PPCL,9/25/2023,238.3,254.7,235.0,240.8,-0.91,9205.0,462.0,284.1
PPCL,9/26/2023,245.0,248.0,243.0,245.0,1.74,22661.0,462.0,284.1
PPCL,9/27/2023,249.0,250.5,237.2,243.5,-0.61,14182.0,462.0,284.1
PPCL,10/1/2023,239.0,240.0,230.5,235.0,-3.49,9255.0,462.0,284.1
PPCL,10/2/2023,235.0,242.4,231.1,235.0,0.0,7307.0,462.0,284.1
PPCL,10/3/2023,235.0,239.7,233.0,233.0,-0.85,4202.0,462.0,284.1
PPCL,10/4/2023,237.6,242.3,233.0,236.0,1.29,3690.0,462.0,284.1
PPCL,10/5/2023,234.2,240.0,227.7,237.0,0.42,3536.0,462.0,284.1
PPCL,10/8/2023,232.3,233.0,225.6,227.0,-4.22,4324.0,462.0,284.1
PPCL,10/9/2023,223.1,228.9,222.0,227.8,0.35,7915.0,462.0,284.1
PPCL,10/10/2023,232.0,232.0,219.0,219.0,-3.86,3100.0,462.0,284.1
PPCL,10/11/2023,216.0,230.0,216.0,223.0,1.83,4550.0,462.0,284.1
PPCL,10/12/2023,226.8,226.9,215.0,215.0,-3.59,4296.0,462.0,284.1
PPCL,10/16/2023,214.1,218.0,212.2,218.0,1.4,5040.0,462.0,284.1
PPCL,10/17/2023,222.0,226.7,215.8,223.0,2.29,7075.0,462.0,284.1
PPCL,10/18/2023,224.0,227.0,220.1,223.0,0.0,4000.0,462.0,284.1
PPCL,10/19/2023,226.9,226.9,218.6,221.0,-0.9,2302.0,462.0,284.1
PPCL,10/29/2023,218.0,222.0,215.0,215.0,-2.71,1825.0,462.0,284.1
PPCL,10/30/2023,215.0,221.3,212.4,217.1,0.98,431.0,462.0,284.1
PPCL,10/31/2023,220.0,220.0,214.4,217.0,-0.05,2236.0,462.0,284.1
PPCL,11/1/2023,221.3,221.3,212.7,216.7,-0.14,6163.0,462.0,284.1
PPCL,11/2/2023,213.0,221.0,212.4,217.0,0.14,1658.0,462.0,284.1
PPCL,11/5/2023,213.0,215.0,212.8,215.0,-0.92,1008.0,462.0,284.1
PPCL,11/6/2023,215.1,219.0,213.0,216.0,0.47,3688.0,462.0,284.1
PPCL,11/7/2023,217.0,217.0,215.2,215.2,-0.37,2811.0,462.0,284.1
PPCL,11/8/2023,213.5,219.5,213.5,217.9,1.25,2921.0,462.0,284.1
PPCL,11/9/2023,221.0,221.0,215.6,215.6,-1.06,780.0,462.0,284.1
PPCL,11/20/2023,212.0,217.3,212.0,216.8,0.56,4471.0,462.0,284.1
PPCL,11/21/2023,213.0,216.0,205.9,213.7,-1.43,4679.0,462.0,284.1
PPCL,11/22/2023,210.0,214.1,209.8,212.9,-0.37,1320.0,462.0,284.1
PPCL,11/23/2023,214.2,217.0,208.8,209.0,-1.83,2963.0,462.0,284.1
PPCL,11/26/2023,213.0,219.0,213.0,217.0,3.83,11584.0,462.0,284.1
PPCL,11/27/2023,219.0,219.0,210.0,214.0,-1.38,3788.0,462.0,284.1
PPCL,11/28/2023,210.0,216.0,210.0,212.0,-0.93,621.0,462.0,284.1
PPCL,11/29/2023,215.0,215.0,207.0,209.4,-1.23,4159.0,462.0,284.1
PPCL,11/30/2023,206.0,210.0,202.0,206.8,-1.24,3289.0,462.0,284.1
PPCL,12/3/2023,203.1,210.0,203.0,204.0,-1.35,3191.0,462.0,284.1
PPCL,12/4/2023,208.0,209.1,200.0,204.0,0.0,11274.0,462.0,284.1
PPCL,12/5/2023,205.0,205.0,200.0,200.0,-1.96,5247.0,462.0,284.1
PPCL,12/6/2023,200.1,205.0,196.0,202.0,1.0,7522.0,462.0,284.1
PPCL,12/7/2023,200.0,206.0,199.0,205.0,1.49,7130.0,462.0,284.1
PPCL,12/10/2023,209.0,225.0,209.0,225.0,9.76,865.0,462.0,284.1
PPCL,12/11/2023,229.0,229.0,210.0,216.0,-4.0,19196.0,462.0,284.1
PPCL,12/12/2023,220.0,224.0,215.6,219.0,1.39,14530.0,462.0,284.1
PPCL,12/13/2023,223.3,230.9,219.0,224.0,2.28,27727.0,462.0,284.1
PPCL,12/14/2023,219.8,232.0,219.8,229.4,2.41,21199.0,462.0,284.1
PPCL,12/17/2023,224.9,242.0,224.9,242.0,5.49,37600.0,462.0,284.1
PPCL,12/18/2023,246.0,250.0,237.2,243.0,0.41,70140.0,462.0,284.1
PPCL,12/19/2023,243.0,245.0,235.2,243.4,0.16,21941.0,462.0,284.1
PPCL,12/20/2023,238.7,245.5,234.1,238.0,-2.22,45908.0,462.0,284.1
PPCL,12/21/2023,235.0,242.0,230.2,234.8,-1.34,21835.0,462.0,284.1
PPCL,12/24/2023,234.0,242.0,229.0,233.0,-0.77,25035.0,462.0,284.1
PPCL,12/27/2023,235.0,239.7,225.1,229.0,-1.72,28938.0,462.0,284.1
PPCL,12/28/2023,225.5,231.7,224.0,225.1,-1.7,11677.0,462.0,284.1
PPCL,1/1/2024,229.6,229.6,218.0,218.0,-3.15,22595.0,462.0,284.1
PPCL,1/2/2024,215.0,220.5,215.0,217.0,-0.46,14375.0,462.0,284.1
PPCL,1/3/2024,216.7,227.9,214.0,227.9,5.02,14082.0,462.0,284.1
PPCL,1/4/2024,230.0,244.8,227.0,231.0,1.36,40495.0,462.0,284.1
PPCL,1/7/2024,235.6,241.9,227.3,231.0,0.0,80222.0,462.0,284.1
PPCL,1/8/2024,235.6,239.0,226.5,238.0,3.03,41126.0,462.0,284.1
PPCL,1/9/2024,242.6,261.8,242.0,257.8,8.32,108321.0,462.0,284.1
PPCL,1/10/2024,260.0,260.0,248.3,255.0,-1.09,23639.0,462.0,284.1
PPCL,1/11/2024,250.0,252.9,246.0,247.0,-3.14,26276.0,462.0,284.1
PPCL,1/14/2024,251.9,270.0,251.9,268.0,8.5,48837.0,462.0,284.1
PPCL,1/16/2024,272.9,284.5,270.0,271.1,1.16,66290.0,462.0,284.1
PPCL,1/17/2024,267.7,275.0,250.0,251.5,-7.23,66701.0,462.0,284.1
PPCL,1/18/2024,250.0,268.0,250.0,260.9,3.74,44808.0,462.0,284.1
PPCL,1/21/2024,264.9,277.0,261.0,264.0,1.19,60000.0,462.0,284.1
PPCL,1/22/2024,262.1,269.0,251.1,255.0,-3.41,33861.0,462.0,284.1
PPCL,1/23/2024,260.1,264.0,252.0,260.0,1.96,19774.0,462.0,284.1
PPCL,1/24/2024,256.4,269.9,251.6,251.6,-3.23,21667.0,462.0,284.1
PPCL,1/25/2024,256.6,256.6,248.2,248.6,-1.19,20517.0,462.0,284.1
PPCL,1/28/2024,253.4,262.8,243.7,261.8,5.31,24131.0,462.0,284.1
PPCL,1/29/2024,257.0,283.0,257.0,278.0,6.19,121500.0,462.0,284.1
PPCL,1/30/2024,283.0,285.8,275.1,275.4,-0.94,63569.0,462.0,284.1
PPCL,1/31/2024,280.9,280.9,262.4,266.0,-3.41,39121.0,462.0,284.1
PPCL,2/1/2024,265.0,269.0,255.6,257.0,-3.38,42309.0,462.0,284.1
PPCL,2/4/2024,253.1,262.0,253.1,257.0,0.0,33819.0,462.0,284.1
PPCL,2/5/2024,260.0,260.0,253.0,257.1,0.04,20757.0,462.0,284.1
PPCL,2/6/2024,260.0,260.2,255.0,259.9,1.09,14107.0,462.0,284.1
PPCL,2/7/2024,264.0,264.8,258.0,262.7,1.08,18796.0,462.0,284.1
PPCL,2/8/2024,267.9,267.9,260.0,267.5,1.83,19747.0,462.0,284.1
PPCL,2/11/2024,270.0,271.0,262.0,265.0,-0.93,36727.0,462.0,284.1
PPCL,2/12/2024,265.1,275.0,260.1,269.0,1.51,26809.0,462.0,284.1
PPCL,2/13/2024,263.7,273.3,260.2,265.0,-1.49,42300.0,462.0,284.1
PPCL,2/14/2024,260.0,291.5,260.0,291.5,10.0,208943.0,462.0,284.1
PPCL,2/15/2024,297.3,314.0,295.0,302.9,3.91,221020.0,462.0,284.1
PPCL,2/18/2024,304.0,304.0,285.0,285.0,-5.91,166202.0,462.0,284.1
PPCL,2/20/2024,285.0,290.6,282.3,286.0,0.35,70345.0,462.0,284.1
PPCL,2/21/2024,290.0,291.1,276.0,280.0,-2.1,47892.0,462.0,284.1
PPCL,2/22/2024,278.0,286.9,270.1,274.0,-2.14,48583.0,462.0,284.1
PPCL,2/25/2024,274.0,275.0,260.5,271.0,-1.09,35076.0,462.0,284.1
PPCL,2/26/2024,268.0,276.4,262.0,270.0,-0.37,17923.0,462.0,284.1
PPCL,2/27/2024,275.0,275.0,266.0,266.6,-1.26,8353.0,462.0,284.1
PPCL,2/28/2024,263.5,274.0,261.0,269.0,0.9,46509.0,462.0,284.1
PPCL,2/29/2024,273.9,273.9,253.0,253.0,-5.95,50918.0,462.0,284.1
PPCL,3/3/2024,258.0,260.1,243.1,252.9,-0.04,21920.0,462.0,284.1
PPCL,3/4/2024,257.9,273.5,257.9,273.5,8.15,160.0,462.0,284.1
PPCL,3/5/2024,278.5,278.5,259.1,259.2,-5.23,49342.0,462.0,284.1
PPCL,3/6/2024,264.0,267.0,255.0,262.0,1.08,18537.0,462.0,284.1
PPCL,3/7/2024,267.0,269.5,262.0,263.2,0.46,19085.0,462.0,284.1
PPCL,3/10/2024,263.5,269.0,258.6,260.0,-1.22,18931.0,462.0,284.1
PPCL,3/12/2024,265.2,270.0,262.0,265.0,1.92,19314.0,462.0,284.1
PPCL,3/13/2024,270.0,270.0,259.0,265.8,0.3,36263.0,462.0,284.1
PPCL,3/14/2024,266.0,267.0,255.2,255.2,-3.99,20293.0,462.0,284.1
PPCL,3/17/2024,260.3,262.0,252.0,257.9,1.06,20181.0,462.0,284.1
PPCL,3/18/2024,255.2,260.9,253.0,258.0,0.04,20971.0,462.0,284.1
PPCL,3/19/2024,261.9,267.2,254.5,258.9,0.35,30841.0,462.0,284.1
PPCL,3/20/2024,260.0,263.0,245.5,253.0,-2.28,47055.0,462.0,284.1
PPCL,3/21/2024,250.0,257.0,247.6,250.0,-1.19,22064.0,462.0,284.1
PPCL,3/25/2024,246.5,248.0,240.1,247.5,-1.0,13926.0,462.0,284.1
PPCL,3/26/2024,252.4,256.8,245.0,252.0,1.82,20492.0,462.0,284.1
PPCL,3/27/2024,255.9,261.0,252.9,252.9,0.36,30251.0,462.0,284.1
PPCL,3/28/2024,257.5,257.5,252.2,253.0,0.04,9789.0,462.0,284.1
PPCL,3/31/2024,255.0,259.0,249.0,259.0,2.37,24047.0,462.0,284.1
PPCL,4/1/2024,256.0,257.5,252.0,257.0,-0.77,12276.0,462.0,284.1
PPCL,4/2/2024,255.0,260.0,252.0,255.0,-0.78,7379.0,462.0,284.1
PPCL,4/3/2024,257.0,257.0,247.0,247.0,-3.14,12401.0,462.0,284.1
PPCL,4/4/2024,243.8,253.4,242.3,242.4,-1.86,15384.0,462.0,284.1
PPCL,4/7/2024,245.0,251.9,245.0,248.0,2.31,11958.0,462.0,284.1
PPCL,4/9/2024,252.9,258.5,250.0,258.3,4.15,27625.0,462.0,284.1
PPCL,4/10/2024,260.0,260.0,250.0,254.0,-1.66,29888.0,462.0,284.1
PPCL,4/14/2024,258.9,258.9,248.5,250.0,-1.57,21808.0,462.0,284.1
PPCL,4/15/2024,245.4,255.0,245.4,254.7,1.88,19954.0,462.0,284.1
PPCL,4/16/2024,257.3,257.3,245.0,249.5,-2.04,15411.0,462.0,284.1
PPCL,4/18/2024,244.6,249.0,240.7,247.9,-0.64,10352.0,462.0,284.1
PPCL,4/21/2024,252.8,252.8,240.0,247.0,-0.36,9994.0,462.0,284.1
PPCL,4/22/2024,251.0,251.0,241.0,244.8,-0.89,4831.0,462.0,284.1
PPCL,4/24/2024,241.0,247.0,240.0,242.0,-1.14,9972.0,462.0,284.1
PPCL,4/25/2024,240.0,244.0,236.0,236.0,-2.48,12057.0,462.0,284.1
PPCL,4/28/2024,240.7,244.0,233.0,239.8,1.61,9284.0,462.0,284.1
PPCL,4/29/2024,236.0,239.7,234.3,239.7,-0.04,7492.0,462.0,284.1
PPCL,4/30/2024,236.0,249.0,235.0,240.0,0.13,14752.0,462.0,284.1
PPCL,5/2/2024,238.0,244.4,233.3,239.9,-0.04,11436.0,462.0,284.1
PPCL,5/5/2024,240.0,240.0,225.1,228.9,-4.59,25491.0,462.0,284.1
PPCL,5/6/2024,225.0,232.0,220.0,225.0,-1.7,20579.0,462.0,284.1
PPCL,5/7/2024,227.0,229.5,222.0,223.0,-0.89,3111.0,462.0,284.1
PPCL,5/8/2024,225.0,231.7,225.0,225.2,0.99,5468.0,462.0,284.1
PPCL,5/9/2024,229.7,233.8,223.9,223.9,-0.58,5046.0,462.0,284.1
PPCL,5/12/2024,228.0,229.5,225.1,225.1,0.54,7877.0,462.0,284.1
PPCL,5/13/2024,224.0,232.0,224.0,230.5,2.4,4018.0,462.0,284.1
PPCL,5/14/2024,227.0,235.0,227.0,234.0,1.52,10989.0,462.0,284.1
PPCL,5/15/2024,238.0,242.9,233.9,235.0,0.43,9237.0,462.0,284.1
PPCL,5/16/2024,230.4,237.9,230.3,233.0,-0.85,16305.0,462.0,284.1
PPCL,5/19/2024,234.0,235.0,230.0,235.0,0.86,13317.0,462.0,284.1
PPCL,5/20/2024,238.9,243.0,228.7,235.0,0.0,19489.0,462.0,284.1
PPCL,5/21/2024,239.0,239.7,232.3,236.9,0.81,10141.0,462.0,284.1
PPCL,5/22/2024,238.9,238.9,232.3,232.3,-1.94,15062.0,462.0,284.1
PPCL,5/26/2024,236.9,237.4,228.3,232.0,-0.13,9355.0,462.0,284.1
PPCL,5/27/2024,230.0,235.0,228.4,232.0,0.0,4723.0,462.0,284.1
PPCL,5/29/2024,236.6,236.6,228.1,231.0,-0.43,4989.0,462.0,284.1
PPCL,5/30/2024,228.0,234.9,228.0,228.0,-1.3,8685.0,462.0,284.1
PPCL,6/2/2024,232.4,232.4,224.0,228.0,0.0,20512.0,462.0,284.1
PPCL,6/3/2024,232.0,232.0,224.0,227.9,-0.04,11392.0,462.0,284.1
PPCL,6/4/2024,232.0,235.0,228.1,228.2,0.13,6821.0,462.0,284.1
PPCL,6/5/2024,224.1,242.0,222.0,229.6,0.61,19234.0,462.0,284.1
PPCL,6/6/2024,226.1,229.0,226.0,228.0,-0.7,8410.0,462.0,284.1
PPCL,6/9/2024,231.9,231.9,223.6,227.0,-0.44,14481.0,462.0,284.1
PPCL,6/10/2024,230.4,234.0,225.9,229.0,0.88,14095.0,462.0,284.1
PPCL,6/11/2024,229.0,239.9,229.0,239.0,4.37,43158.0,462.0,284.1
PPCL,6/12/2024,242.8,248.5,236.5,241.0,0.84,39654.0,462.0,284.1
PPCL,6/13/2024,243.9,243.9,232.0,238.0,-1.24,23406.0,462.0,284.1
PPCL,6/16/2024,242.0,249.8,237.0,245.7,3.24,67713.0,462.0,284.1
PPCL,6/18/2024,246.5,252.5,243.2,246.0,0.12,40759.0,462.0,284.1
PPCL,6/19/2024,249.0,249.0,244.0,247.0,0.41,16702.0,462.0,284.1
PPCL,6/20/2024,249.0,250.0,239.3,245.0,-0.81,21441.0,462.0,284.1
PPCL,6/23/2024,245.0,246.0,238.2,243.0,-0.82,11218.0,462.0,284.1
PPCL,6/24/2024,245.0,245.0,235.8,236.1,-2.84,17334.0,462.0,284.1
PPCL,6/25/2024,237.0,245.6,234.3,240.0,1.65,17255.0,462.0,284.1
PPCL,6/26/2024,237.1,239.9,233.2,233.4,-2.75,11622.0,462.0,284.1
PPCL,6/27/2024,229.0,238.0,229.0,230.4,-1.29,13119.0,462.0,284.1
PPCL,6/30/2024,230.0,233.5,229.0,232.0,0.69,8351.0,462.0,284.1
PPCL,7/1/2024,236.0,236.0,229.0,233.7,0.73,6572.0,462.0,284.1
PPCL,7/2/2024,238.3,247.0,235.2,240.0,2.7,29363.0,462.0,284.1
PPCL,7/3/2024,240.0,240.0,233.0,234.2,-2.42,9288.0,462.0,284.1
PPCL,7/4/2024,234.0,243.5,234.0,237.0,1.2,11341.0,462.0,284.1
PPCL,7/7/2024,233.1,245.8,233.1,235.0,-0.84,14016.0,462.0,284.1
PPCL,7/8/2024,234.1,239.6,232.0,236.9,0.81,8464.0,462.0,284.1
PPCL,7/9/2024,233.1,238.0,233.1,234.2,-1.14,9955.0,462.0,284.1
PPCL,7/10/2024,237.7,238.8,232.4,236.5,0.98,21489.0,462.0,284.1
PPCL,7/11/2024,240.9,244.8,236.8,237.0,0.21,36742.0,462.0,284.1
PPCL,7/14/2024,241.7,247.7,240.0,246.2,3.88,20013.0,462.0,284.1
PPCL,7/15/2024,248.0,258.0,243.0,253.9,3.13,71273.0,462.0,284.1
PPCL,7/16/2024,258.4,277.7,252.0,273.4,7.68,71125.0,462.0,284.1
PPCL,7/17/2024,278.0,278.8,268.2,275.8,0.88,66490.0,462.0,284.1
PPCL,7/18/2024,281.3,293.0,270.5,277.3,0.54,124192.0,462.0,284.1
PPCL,7/21/2024,272.0,294.9,272.0,293.7,5.91,99199.0,462.0,284.1
PPCL,7/22/2024,288.0,300.4,284.2,291.9,-0.61,109804.0,462.0,284.1
PPCL,7/23/2024,292.0,302.0,287.0,300.0,2.77,116501.0,462.0,284.1
PPCL,7/24/2024,306.0,306.0,285.3,288.0,-4.0,90305.0,462.0,284.1
PPCL,7/25/2024,293.5,296.4,285.0,287.0,-0.35,85651.0,462.0,284.1
PPCL,7/28/2024,292.7,298.0,276.1,284.0,-1.05,65062.0,462.0,284.1
PPCL,7/29/2024,279.0,294.7,279.0,286.0,0.7,112586.0,462.0,284.1
PPCL,7/30/2024,281.6,299.3,278.0,292.0,2.1,91529.0,462.0,284.1
PPCL,7/31/2024,288.0,306.9,288.0,299.8,2.67,186292.0,462.0,284.1
PPCL,8/1/2024,300.0,305.0,292.0,293.0,-2.27,109445.0,462.0,284.1
PPCL,8/5/2024,298.8,320.0,289.1,319.0,8.87,197294.0,462.0,284.1
PPCL,8/6/2024,325.0,331.5,294.0,314.0,-1.57,130985.0,462.0,284.1
PPCL,8/7/2024,307.8,327.4,300.9,327.0,4.14,209926.0,462.0,284.1
PPCL,8/8/2024,325.0,333.0,318.0,328.0,0.31,178262.0,462.0,284.1
PPCL,8/11/2024,333.9,340.0,328.0,336.0,2.44,194979.0,462.0,284.1
PPCL,8/12/2024,342.7,349.0,329.3,340.0,1.19,153701.0,462.0,284.1
PPCL,8/13/2024,343.0,343.0,325.4,337.0,-0.88,117526.0,462.0,284.1
PPCL,8/14/2024,340.0,340.0,325.0,334.1,-0.86,118003.0,462.0,284.1
PPCL,8/15/2024,336.0,367.2,333.0,350.0,4.76,284310.0,462.0,284.1
PPCL,8/18/2024,350.0,350.0,325.0,330.2,-5.66,152240.0,462.0,284.1
PPCL,8/21/2024,334.0,338.0,321.5,323.0,-2.18,69720.0,462.0,284.1
PPCL,8/22/2024,325.0,337.0,318.2,322.0,-0.31,90485.0,462.0,284.1
PPCL,8/25/2024,316.2,322.0,311.1,312.0,-3.11,52637.0,462.0,284.1
PPCL,8/27/2024,315.0,315.0,296.6,297.5,-4.65,72495.0,462.0,284.1
PPCL,8/28/2024,303.4,315.0,290.1,295.0,-0.84,65613.0,462.0,284.1
PPCL,8/29/2024,300.0,302.0,291.3,297.1,0.71,37392.0,462.0,284.1
PPCL,9/1/2024,303.0,307.0,288.8,294.6,-0.84,38844.0,462.0,284.1
PPCL,9/2/2024,299.0,310.0,289.2,307.9,4.51,66927.0,462.0,284.1
PPCL,9/3/2024,314.0,316.0,303.1,304.0,-1.27,57374.0,462.0,284.1
PPCL,9/4/2024,302.3,311.0,295.0,297.0,-2.3,50193.0,462.0,284.1
PPCL,9/5/2024,301.0,307.9,298.0,301.0,1.35,92436.0,462.0,284.1
PPCL,9/8/2024,306.0,313.0,300.4,305.0,1.33,64663.0,462.0,284.1
PPCL,9/9/2024,305.5,305.5,293.0,299.9,-1.67,57215.0,462.0,284.1
PPCL,9/10/2024,304.0,311.0,294.0,294.0,-1.97,26727.0,462.0,284.1
PPCL,9/11/2024,291.0,299.0,290.0,291.9,-0.71,18189.0,462.0,284.1
PPCL,9/12/2024,292.1,307.0,290.1,303.0,3.8,29957.0,462.0,284.1
PPCL,9/15/2024,304.0,310.9,295.0,295.0,-2.64,63358.0,462.0,284.1
PPCL,9/16/2024,295.1,296.0,282.0,287.0,-2.71,25731.0,462.0,284.1
PPCL,9/18/2024,292.7,292.7,280.1,280.1,-2.4,15013.0,462.0,284.1
PPCL,9/22/2024,284.0,295.0,277.0,280.0,-0.04,19740.0,462.0,284.1
PPCL,9/23/2024,285.0,285.0,273.0,276.0,-1.43,16745.0,462.0,284.1
PPCL,9/24/2024,280.4,280.5,270.2,274.0,-0.72,23597.0,462.0,284.1
PPCL,9/25/2024,270.2,277.0,270.0,276.9,1.06,15041.0,462.0,284.1
PPCL,9/26/2024,279.9,279.9,264.6,266.0,-3.94,23602.0,462.0,284.1
PPCL,9/29/2024,270.0,270.0,244.0,244.0,-8.27,63406.0,462.0,284.1
PPCL,9/30/2024,239.2,239.2,221.6,234.0,-4.1,84439.0,462.0,284.1
PPCL,10/1/2024,234.0,255.8,230.6,248.0,5.98,62516.0,462.0,284.1
PPCL,10/2/2024,248.2,253.0,243.0,246.2,-0.73,17525.0,462.0,284.1
PPCL,10/6/2024,249.9,253.5,235.5,250.5,1.75,32262.0,462.0,284.1
PPCL,10/7/2024,253.0,275.5,253.0,269.5,7.58,80812.0,462.0,284.1
PPCL,10/8/2024,267.0,272.3,258.0,258.3,-4.16,26211.0,462.0,284.1
PPCL,10/9/2024,254.5,263.9,254.0,260.0,0.66,27947.0,462.0,284.1
PPCL,10/15/2024,264.0,265.0,255.0,265.0,1.92,21169.0,462.0,284.1
PPCL,10/16/2024,270.0,272.0,264.6,270.0,1.89,33352.0,462.0,284.1
PPCL,10/17/2024,275.0,275.0,267.0,270.0,0.0,39081.0,462.0,284.1
PPCL,10/20/2024,269.0,269.9,259.0,261.1,-3.3,27666.0,462.0,284.1
PPCL,10/21/2024,261.0,266.3,253.1,253.5,-2.91,28157.0,462.0,284.1
PPCL,10/22/2024,250.0,270.3,249.0,267.2,5.4,34114.0,462.0,284.1
PPCL,10/23/2024,267.0,269.3,258.5,262.0,-1.95,20773.0,462.0,284.1
PPCL,10/24/2024,256.8,267.0,252.5,261.8,-0.08,12469.0,462.0,284.1
PPCL,10/27/2024,256.6,265.0,256.0,258.0,-1.45,10949.0,462.0,284.1
PPCL,10/28/2024,253.1,264.0,253.1,263.4,2.09,12485.0,462.0,284.1
PPCL,10/29/2024,263.0,278.7,261.0,269.9,2.47,40696.0,462.0,284.1
PPCL,10/30/2024,275.2,275.2,263.3,267.0,-1.07,20772.0,462.0,284.1
PPCL,11/5/2024,272.0,272.0,263.0,265.1,-0.71,13162.0,462.0,284.1
PPCL,11/6/2024,265.0,267.0,261.4,264.5,-0.23,12038.0,462.0,284.1
PPCL,11/10/2024,264.6,283.4,264.6,283.0,6.99,71548.0,462.0,284.1
PPCL,11/11/2024,287.0,287.7,276.0,280.0,-1.06,23222.0,462.0,284.1
PPCL,11/12/2024,280.0,281.0,271.5,272.0,-2.86,21229.0,462.0,284.1
PPCL,11/13/2024,271.0,276.0,268.0,276.0,1.47,16661.0,462.0,284.1
PPCL,11/14/2024,279.0,282.0,274.0,277.9,0.69,43107.0,462.0,284.1
PPCL,11/17/2024,278.0,287.8,278.0,280.0,0.76,38844.0,462.0,284.1
PPCL,11/19/2024,284.0,284.0,270.5,276.0,-1.43,25198.0,462.0,284.1
PPCL,11/20/2024,270.6,278.0,270.6,274.0,-0.72,25948.0,462.0,284.1
PPCL,11/21/2024,277.79,277.79,265.0,272.3,-0.62,25895.0,462.0,284.1
PPCL,11/24/2024,275.0,275.0,264.8,264.8,-2.75,21113.0,462.0,284.1
PPCL,11/25/2024,265.0,270.0,265.0,268.6,1.44,12149.0,462.0,284.1
PPCL,11/26/2024,273.9,289.9,265.0,274.7,2.27,29392.0,462.0,284.1
PPCL,11/27/2024,279.8,280.0,271.0,278.6,1.42,39149.0,462.0,284.1
PPCL,11/28/2024,284.1,306.4,282.0,301.8,8.33,260428.0,462.0,284.1
PPCL,12/1/2024,307.8,324.3,295.0,320.0,6.03,158619.0,462.0,284.1
PPCL,12/2/2024,320.0,327.0,308.0,312.0,-2.5,124208.0,462.0,284.1
PPCL,12/3/2024,308.0,321.8,308.0,314.5,0.8,102506.0,462.0,284.1
PPCL,12/4/2024,320.7,320.7,306.0,306.1,-2.67,74599.0,462.0,284.1
PPCL,12/5/2024,304.0,319.2,301.5,302.0,-1.34,88655.0,462.0,284.1
PPCL,12/8/2024,296.1,308.0,292.0,294.0,-2.65,39768.0,462.0,284.1
PPCL,12/9/2024,288.2,307.0,288.2,293.9,-0.03,48303.0,462.0,284.1
PPCL,12/10/2024,299.5,303.0,288.0,292.9,-0.34,38385.0,462.0,284.1
PPCL,12/11/2024,288.5,298.6,288.5,297.0,1.4,25092.0,462.0,284.1
PPCL,12/12/2024,297.0,301.0,286.0,291.3,-1.92,44423.0,462.0,284.1
PPCL,12/16/2024,296.9,296.9,277.5,281.4,-3.4,37431.0,462.0,284.1
PPCL,12/17/2024,281.0,290.7,276.3,289.0,2.7,33565.0,462.0,284.1
PPCL,12/18/2024,289.0,301.0,289.0,298.0,3.11,66296.0,462.0,284.1
PPCL,12/19/2024,302.6,303.5,286.1,287.0,-3.69,35530.0,462.0,284.1
PPCL,12/22/2024,292.0,292.0,284.0,284.0,-1.05,42963.0,462.0,284.1
PPCL,12/23/2024,289.6,294.4,287.1,293.0,3.17,25497.0,462.0,284.1
PPCL,12/24/2024,296.0,296.0,286.0,286.0,-2.39,28288.0,462.0,284.1
PPCL,12/26/2024,289.0,294.7,284.0,287.0,0.35,24809.0,462.0,284.1
PPCL,12/29/2024,285.0,290.0,279.0,280.0,-2.44,25809.0,462.0,284.1
PPCL,12/31/2024,277.9,280.0,268.5,272.0,-2.86,28415.0,462.0,284.1
PPCL,1/1/2025,272.0,277.1,268.0,273.3,0.48,13257.0,462.0,284.1
PPCL,1/2/2025,277.9,277.9,270.0,273.0,-0.11,22878.0,462.0,284.1
PPCL,1/5/2025,277.0,280.5,273.0,277.0,1.47,32494.0,462.0,284.1
PPCL,1/6/2025,282.4,288.0,279.0,288.0,3.97,34917.0,462.0,284.1
PPCL,1/7/2025,288.0,293.7,280.2,286.0,-0.69,16473.0,462.0,284.1
PPCL,1/8/2025,286.3,295.0,281.0,291.0,1.75,32086.0,462.0,284.1
PPCL,1/9/2025,296.8,296.8,284.2,290.0,-0.34,28861.0,462.0,284.1
PPCL,1/12/2025,285.0,290.0,281.1,284.0,-2.07,12114.0,462.0,284.1
PPCL,1/13/2025,280.0,286.0,279.5,285.0,0.35,23848.0,462.0,284.1
PPCL,1/15/2025,285.5,288.8,283.2,288.8,1.33,12525.0,462.0,284.1
PPCL,1/16/2025,290.0,291.9,284.5,290.0,0.42,40583.0,462.0,284.1
PPCL,1/19/2025,295.0,295.0,290.0,294.0,1.38,27648.0,462.0,284.1
PPCL,1/20/2025,294.0,304.9,291.0,304.0,3.4,69013.0,462.0,284.1
PPCL,1/21/2025,309.0,309.9,295.0,295.3,-2.86,34002.0,462.0,284.1
PPCL,1/22/2025,300.0,305.0,297.0,302.9,2.57,34053.0,462.0,284.1
PPCL,1/23/2025,304.5,304.5,297.0,299.9,-0.99,57471.0,462.0,284.1
PPCL,1/26/2025,294.0,319.0,294.0,319.0,6.37,93726.0,462.0,284.1
PPCL,1/27/2025,322.0,322.0,307.0,314.5,-1.41,104356.0,462.0,284.1
PPCL,1/28/2025,313.0,340.5,313.0,336.0,6.84,184824.0,462.0,284.1
PPCL,2/2/2025,342.7,352.0,335.3,345.0,2.68,123245.0,462.0,284.1
PPCL,2/3/2025,349.0,349.0,328.7,330.0,-4.35,197066.0,462.0,284.1
PPCL,2/4/2025,333.8,340.0,328.0,335.0,1.52,110690.0,462.0,284.1
PPCL,2/5/2025,334.1,347.0,334.0,334.8,-0.06,89964.0,462.0,284.1
PPCL,2/6/2025,341.0,344.0,328.2,333.0,-0.54,132884.0,462.0,284.1
PPCL,2/9/2025,332.2,334.9,317.7,319.0,-4.2,79691.0,462.0,284.1
PPCL,2/10/2025,324.0,324.9,311.0,316.0,-0.94,67366.0,462.0,284.1
PPCL,2/11/2025,322.0,323.0,316.0,323.0,2.22,42018.0,462.0,284.1
PPCL,2/12/2025,316.7,328.9,316.7,325.0,0.62,44074.0,462.0,284.1
PPCL,2/13/2025,325.0,325.0,315.0,321.0,-1.23,31264.0,462.0,284.1
PPCL,2/16/2025,321.5,327.0,314.0,324.9,1.21,64825.0,462.0,284.1
PPCL,2/17/2025,329.0,329.0,316.1,319.9,-1.54,24505.0,462.0,284.1
PPCL,2/18/2025,324.0,324.0,314.0,315.1,-1.5,28358.0,462.0,284.1
PPCL,2/20/2025,315.0,318.0,310.5,311.2,-1.24,49030.0,462.0,284.1
PPCL,2/23/2025,305.1,317.0,305.0,315.0,1.22,56680.0,462.0,284.1
PPCL,2/24/2025,320.0,320.0,317.0,318.2,1.02,52263.0,462.0,284.1
PPCL,2/25/2025,321.0,323.9,316.0,318.0,-0.06,44495.0,462.0,284.1
PPCL,2/27/2025,318.0,325.0,317.2,320.0,0.63,61519.0,462.0,284.1
PPCL,3/2/2025,321.1,332.5,321.1,330.9,3.41,85189.0,462.0,284.1
PPCL,3/3/2025,337.0,337.0,325.0,327.0,-1.18,76268.0,462.0,284.1
PPCL,3/4/2025,325.0,335.5,325.0,327.0,0.0,86140.0,462.0,284.1
PPCL,3/5/2025,327.0,335.0,326.0,331.0,1.22,64333.0,462.0,284.1
PPCL,3/6/2025,337.6,337.6,326.8,336.0,1.51,44666.0,462.0,284.1
PPCL,3/9/2025,336.0,336.0,323.0,326.0,-2.98,30637.0,462.0,284.1
PPCL,3/10/2025,326.0,330.6,320.0,325.0,-0.31,36780.0,462.0,284.1
PPCL,3/11/2025,325.0,328.9,317.5,319.0,-1.85,31346.0,462.0,284.1
PPCL,3/12/2025,323.9,323.9,317.2,317.6,-0.44,38706.0,462.0,284.1
PPCL,3/16/2025,323.9,323.9,313.5,319.0,0.44,31012.0,462.0,284.1
PPCL,3/17/2025,314.1,322.0,314.1,318.0,-0.31,35291.0,462.0,284.1
PPCL,3/18/2025,324.3,335.9,321.4,331.3,4.18,194080.0,462.0,284.1
PPCL,3/19/2025,332.0,337.0,323.0,326.0,-1.6,54333.0,462.0,284.1
PPCL,3/20/2025,332.0,332.0,320.0,323.52,-0.76,36014.0,462.0,284.1
PPCL,3/23/2025,324.0,324.0,313.0,313.36,-3.14,75009.0,462.0,284.1
PPCL,3/24/2025,309.3,317.0,303.0,314.17,0.26,33579.0,462.0,284.1
PPCL,3/25/2025,315.9,315.9,300.0,300.81,-4.25,36450.0,462.0,284.1
PPCL,3/26/2025,306.8,313.0,301.1,309.0,2.72,16651.0,462.0,284.1
PPCL,3/27/2025,305.1,317.0,305.1,313.41,1.43,56446.0,462.0,284.1
PPCL,3/30/2025,319.6,322.0,313.3,317.0,1.15,49321.0,462.0,284.1
PPCL,4/1/2025,322.9,322.9,315.0,316.9,-0.03,31384.0,462.0,284.1
PPCL,4/2/2025,312.0,322.0,312.0,317.45,0.17,17765.0,462.0,284.1
PPCL,4/3/2025,321.0,321.9,315.2,318.01,0.18,39556.0,462.0,284.1
PPCL,4/7/2025,323.9,323.9,315.0,316.47,-0.48,21900.0,462.0,284.1
PPCL,4/8/2025,316.0,318.0,312.2,313.85,-0.83,34256.0,462.0,284.1
PPCL,4/9/2025,318.0,322.0,313.7,317.34,1.11,22338.0,462.0,284.1
PPCL,4/10/2025,323.6,324.0,313.2,318.96,0.51,21123.0,462.0,284.1
PPCL,4/13/2025,312.6,322.0,312.6,316.28,-0.84,20584.0,462.0,284.1
PPCL,4/15/2025,322.6,325.0,320.0,324.55,2.61,31062.0,462.0,284.1
PPCL,4/16/2025,327.9,345.0,321.0,338.73,4.37,86061.0,462.0,284.1
PPCL,4/17/2025,340.1,348.0,337.2,339.18,0.13,106027.0,462.0,284.1
PPCL,4/20/2025,336.0,342.7,331.1,332.8,-1.88,53083.0,462.0,284.1
PPCL,4/21/2025,330.2,352.0,330.2,349.0,4.87,210813.0,462.0,284.1
PPCL,4/22/2025,355.9,364.0,347.9,350.81,0.52,113246.0,462.0,284.1
PPCL,4/23/2025,347.0,349.0,336.1,337.56,-3.78,76728.0,462.0,284.1
PPCL,4/24/2025,344.1,350.0,338.0,346.74,2.72,107727.0,462.0,284.1
PPCL,4/27/2025,353.5,360.0,347.0,348.0,0.36,114587.0,462.0,284.1
PPCL,4/28/2025,354.0,361.9,343.0,345.54,-0.71,50990.0,462.0,284.1
PPCL,4/29/2025,340.3,350.0,333.0,335.32,-2.96,62377.0,462.0,284.1
PPCL,4/30/2025,331.2,348.8,331.2,339.51,1.25,74025.0,462.0,284.1
PPCL,5/4/2025,339.0,355.0,339.0,347.32,2.3,78769.0,462.0,284.1
PPCL,5/5/2025,344.0,350.0,337.0,339.37,-2.29,53463.0,462.0,284.1
PPCL,5/6/2025,345.0,349.9,338.1,339.75,0.11,54272.0,462.0,284.1
PPCL,5/7/2025,346.5,357.0,338.0,347.48,2.28,165949.0,462.0,284.1
PPCL,5/8/2025,354.0,362.0,344.0,355.58,2.33,167982.0,462.0,284.1
PPCL,5/11/2025,362.0,367.0,348.5,352.18,-0.96,125454.0,462.0,284.1
PPCL,5/13/2025,345.2,355.0,345.2,345.93,-1.77,48798.0,462.0,284.1
PPCL,5/14/2025,345.9,350.0,337.3,337.6,-2.41,33496.0,462.0,284.1
PPCL,5/15/2025,344.0,344.0,332.1,333.17,-1.31,52290.0,462.0,284.1
PPCL,5/18/2025,338.0,341.0,320.1,326.4,-2.03,44430.0,462.0,284.1
PPCL,5/19/2025,332.0,335.0,321.0,327.63,0.38,36478.0,462.0,284.1
PPCL,5/20/2025,323.3,339.6,323.3,336.1,2.59,23688.0,462.0,284.1
PPCL,5/21/2025,342.0,349.7,332.2,333.37,-0.81,60146.0,462.0,284.1
PPCL,5/22/2025,337.0,337.0,327.0,329.89,-1.04,45016.0,462.0,284.1
PPCL,5/25/2025,328.0,334.5,324.0,329.89,0.0,23638.0,462.0,284.1
PPCL,5/26/2025,335.0,337.0,324.5,328.05,-0.56,17752.0,462.0,284.1
PPCL,5/27/2025,333.0,333.0,323.1,325.04,-0.92,36192.0,462.0,284.1
PPCL,5/28/2025,322.0,338.9,322.0,327.17,0.66,26613.0,462.0,284.1
PPCL,6/2/2025,332.0,337.0,321.0,321.1,-1.86,52817.0,462.0,284.1
PPCL,6/3/2025,327.5,345.0,323.0,329.38,2.58,89192.0,462.0,284.1
PPCL,6/4/2025,327.7,335.0,323.7,328.31,-0.32,11021.0,462.0,284.1
PPCL,6/5/2025,334.6,336.0,325.4,326.78,-0.47,36526.0,462.0,284.1
PPCL,6/8/2025,326.0,333.3,322.0,323.7,-0.94,47748.0,462.0,284.1
PPCL,6/9/2025,329.8,333.0,325.3,330.32,2.05,45939.0,462.0,284.1
PPCL,6/10/2025,336.0,337.8,330.0,333.04,0.82,55260.0,462.0,284.1
PPCL,6/11/2025,335.0,336.5,328.0,331.69,-0.41,30053.0,462.0,284.1
PPCL,6/12/2025,330.1,353.6,330.1,335.33,1.1,86640.0,462.0,284.1
PPCL,6/15/2025,341.0,343.0,332.3,339.31,1.19,75562.0,462.0,284.1
PPCL,6/16/2025,346.0,350.0,332.0,333.62,-1.68,77646.0,462.0,284.1
PPCL,6/17/2025,339.0,339.0,325.0,328.74,-1.46,25712.0,462.0,284.1
PPCL,6/18/2025,334.4,345.0,328.3,340.33,3.53,74017.0,462.0,284.1
PPCL,6/19/2025,347.0,370.0,342.0,352.55,3.59,275001.0,462.0,284.1
PPCL,6/22/2025,359.6,365.2,335.2,338.45,-4.0,130781.0,462.0,284.1
PPCL,6/23/2025,338.0,360.1,331.4,355.97,5.18,150308.0,462.0,284.1
PPCL,6/24/2025,362.9,385.5,353.0,373.17,4.83,357395.0,462.0,284.1
PPCL,6/25/2025,375.0,400.0,366.1,396.86,6.35,376053.0,462.0,284.1
PPCL,6/26/2025,400.0,404.0,383.0,384.37,-3.15,226761.0,462.0,284.1
PPCL,6/29/2025,377.0,401.7,375.0,393.33,2.33,326327.0,462.0,284.1
PPCL,6/30/2025,386.0,398.0,376.0,379.62,-3.49,170580.0,462.0,284.1
PPCL,7/1/2025,376.0,393.6,373.2,386.58,1.83,174345.0,462.0,284.1
PPCL,7/2/2025,382.0,409.9,382.0,396.06,2.45,378922.0,462.0,284.1
PPCL,7/3/2025,403.9,403.9,378.0,381.04,-3.79,169131.0,462.0,284.1
PPCL,7/6/2025,385.0,385.0,369.0,370.86,-2.67,124210.0,462.0,284.1
PPCL,7/7/2025,370.0,377.5,370.0,371.25,0.11,143019.0,462.0,284.1
PPCL,7/8/2025,371.0,375.0,368.2,370.95,-0.08,66640.0,462.0,284.1
PPCL,7/9/2025,376.0,385.0,373.3,377.82,1.85,60372.0,462.0,284.1
PPCL,7/10/2025,385.0,385.0,370.3,373.03,-1.27,115228.0,462.0,284.1
PPCL,7/13/2025,379.9,381.0,360.0,362.2,-2.9,81671.0,462.0,284.1
PPCL,7/14/2025,360.0,372.0,360.0,362.7,0.14,70988.0,462.0,284.1
PPCL,7/15/2025,369.8,375.1,365.5,370.46,2.14,55737.0,462.0,284.1
PPCL,7/16/2025,377.8,377.8,364.3,365.86,-1.24,79520.0,462.0,284.1
PPCL,7/17/2025,373.1,390.0,365.6,385.99,5.5,120337.0,462.0,284.1
PPCL,7/20/2025,387.9,393.0,382.0,382.47,-0.91,187450.0,462.0,284.1
PPCL,7/21/2025,385.0,395.0,380.0,384.91,0.64,106013.0,462.0,284.1
PPCL,7/22/2025,385.0,396.0,385.0,386.56,0.43,133387.0,462.0,284.1
PPCL,7/23/2025,387.1,390.0,380.0,381.16,-1.4,109080.0,462.0,284.1
PPCL,7/24/2025,385.0,390.8,376.0,384.56,0.89,102504.0,462.0,284.1
PPCL,7/27/2025,377.0,397.0,372.0,376.58,-2.08,123629.0,462.0,284.1
PPCL,7/28/2025,383.6,383.6,370.1,375.75,-0.22,64312.0,462.0,284.1
PPCL,7/29/2025,383.2,394.0,373.3,376.46,0.19,60440.0,462.0,284.1
PPCL,7/30/2025,383.8,383.8,365.7,367.55,-2.37,63835.0,462.0,284.1
PPCL,7/31/2025,361.1,370.0,358.0,360.97,-1.79,79984.0,462.0,284.1
PPCL,8/3/2025,356.0,365.0,355.0,358.73,-0.62,49722.0,462.0,284.1
PPCL,8/4/2025,351.6,370.0,351.0,354.64,-1.14,40393.0,462.0,284.1
PPCL,8/5/2025,355.1,357.7,347.6,348.04,-1.86,27584.0,462.0,284.1
PPCL,8/6/2025,346.0,358.3,345.0,350.41,0.68,26934.0,462.0,284.1
PPCL,8/7/2025,355.0,355.0,349.0,349.95,-0.13,21269.0,462.0,284.1
PPCL,8/11/2025,349.0,351.9,338.0,339.79,-2.9,45084.0,462.0,284.1
PPCL,8/12/2025,342.1,348.0,340.0,343.72,1.16,25676.0,462.0,284.1
PPCL,8/13/2025,350.4,357.3,340.0,342.02,-0.49,22010.0,462.0,284.1
PPCL,8/14/2025,348.8,348.8,337.0,337.72,-1.26,28306.0,462.0,284.1
PPCL,8/17/2025,335.1,344.0,334.1,335.33,-0.71,15640.0,462.0,284.1
PPCL,8/18/2025,341.9,347.9,335.1,344.45,2.72,31615.0,462.0,284.1
PPCL,8/19/2025,350.9,350.9,342.0,343.7,-0.22,30811.0,462.0,284.1
PPCL,8/20/2025,340.0,346.0,338.0,341.54,-0.63,8556.0,462.0,284.1
PPCL,8/21/2025,335.2,342.0,334.1,334.32,-2.11,20293.0,462.0,284.1
PPCL,8/24/2025,339.9,340.8,331.0,335.1,0.23,19695.0,462.0,284.1
PPCL,8/25/2025,331.1,339.8,331.1,336.63,0.46,12986.0,462.0,284.1
PPCL,8/26/2025,342.9,342.9,329.2,335.89,-0.22,30421.0,462.0,284.1
PPCL,8/27/2025,331.3,348.0,331.3,345.09,2.74,22414.0,462.0,284.1
PPCL,8/28/2025,340.0,346.8,333.2,334.83,-2.97,14823.0,462.0,284.1
PPCL,8/31/2025,334.0,336.0,325.1,327.35,-2.23,18239.0,462.0,284.1
PPCL,9/1/2025,326.0,334.0,322.2,330.82,1.06,21905.0,462.0,284.1
PPCL,9/2/2025,330.1,330.1,322.1,325.6,-1.58,24989.0,462.0,284.1
PPCL,9/3/2025,324.0,329.7,319.5,320.93,-1.43,39267.0,462.0,284.1
PPCL,9/4/2025,327.2,327.2,315.3,324.07,0.98,20579.0,462.0,284.1
PPCL,9/7/2025,317.9,327.4,317.9,327.25,0.98,8392.0,462.0,284.1
PPCL,9/8/2025,325.0,325.0,313.6,315.17,-3.69,13969.0,462.0,284.1
PPCL,9/18/2025,308.9,308.9,308.9,308.9,-1.99,10.0,462.0,284.1
PPCL,9/21/2025,302.8,329.9,297.0,327.93,6.16,20947.0,462.0,284.1
PPCL,9/23/2025,327.4,335.0,321.4,333.9,1.82,18307.0,462.0,284.1
PPCL,9/24/2025,330.0,334.9,323.7,326.0,-2.37,18778.0,462.0,284.1
PPCL,9/25/2025,332.5,338.9,320.2,327.0,0.31,11634.0,462.0,284.1
PPCL,9/28/2025,321.0,329.9,321.0,326.0,-0.31,10260.0,462.0,284.1
PPCL,10/7/2025,320.0,324.0,312.0,318.2,-2.39,11845.0,462.0,284.1
PPCL,10/8/2025,314.0,314.0,298.9,301.9,-5.12,15852.0,462.0,284.1
PPCL,10/9/2025,307.9,320.2,304.1,304.1,0.73,42304.0,462.0,284.1
PPCL,10/12/2025,309.0,309.0,288.0,292.4,-3.85,15167.0,462.0,284.1
PPCL,10/13/2025,289.0,310.0,288.3,310.0,6.02,28979.0,462.0,284.1
PPCL,10/14/2025,310.0,315.8,287.0,308.0,-0.65,13660.0,462.0,284.1
PPCL,10/15/2025,312.0,312.0,295.0,301.0,-2.27,13620.0,462.0,284.1
PPCL,10/16/2025,295.3,295.3,287.0,289.0,-3.99,15549.0,462.0,284.1
PPCL,10/19/2025,294.0,294.9,286.3,294.9,2.04,3605.0,462.0,284.1
PPCL,10/26/2025,296.0,299.0,284.1,289.0,-2.0,18141.0,462.0,284.1
PPCL,10/28/2025,290.0,302.4,290.0,301.0,4.15,9950.0,462.0,284.1
PPCL,10/29/2025,301.0,310.0,299.0,303.0,0.66,15804.0,462.0,284.1
PPCL,10/30/2025,298.0,311.0,297.2,309.5,2.15,14978.0,462.0,284.1
PPCL,11/2/2025,315.0,328.0,306.0,328.0,5.98,52310.0,462.0,284.1
PPCL,11/3/2025,327.1,332.9,322.0,331.9,1.19,42951.0,462.0,284.1
PPCL,11/4/2025,325.3,335.4,322.2,327.2,-1.42,26960.0,462.0,284.1
PPCL,11/5/2025,323.1,329.0,321.1,326.0,-0.37,34433.0,462.0,284.1
PPCL,11/6/2025,328.0,329.9,324.0,329.9,1.2,19880.0,462.0,284.1
PPCL,11/9/2025,323.4,328.8,315.7,317.0,-3.91,18341.0,462.0,284.1
PPCL,11/10/2025,317.9,321.0,311.3,318.0,0.32,19697.0,462.0,284.1
PPCL,11/11/2025,324.0,324.3,315.1,322.0,1.26,8765.0,462.0,284.1
PPCL,11/12/2025,322.0,324.0,318.0,318.0,-1.24,20936.0,462.0,284.1
PPCL,11/13/2025,316.0,328.0,316.0,324.0,1.89,21161.0,462.0,284.1
PPCL,11/16/2025,330.0,330.0,315.0,320.9,-0.96,30473.0,462.0,284.1
PPCL,11/17/2025,316.0,326.1,316.0,326.0,1.59,18074.0,462.0,284.1
PPCL,11/18/2025,331.6,331.6,323.2,326.5,0.15,22737.0,462.0,284.1
PPCL,11/19/2025,326.0,327.0,322.0,324.6,-0.58,17445.0,462.0,284.1
PPCL,11/20/2025,320.3,335.0,320.0,334.0,2.9,49710.0,462.0,284.1
PPCL,11/23/2025,340.6,346.4,337.8,340.0,1.8,43455.0,462.0,284.1
PPCL,11/24/2025,333.2,345.0,333.2,340.0,0.0,29839.0,462.0,284.1
PPCL,11/25/2025,344.9,344.9,334.5,339.7,-0.09,30931.0,462.0,284.1
PPCL,11/26/2025,340.0,344.0,334.3,343.0,0.97,34554.0,462.0,284.1
PPCL,11/27/2025,346.0,346.0,338.0,343.0,0.0,45692.0,462.0,284.1
PPCL,11/30/2025,348.9,348.9,330.0,330.6,-3.62,42439.0,462.0,284.1
PPCL,12/1/2025,324.0,334.0,324.0,332.8,0.67,22564.0,462.0,284.1
PPCL,12/2/2025,335.0,339.4,327.3,334.5,0.51,19915.0,462.0,284.1
PPCL,12/3/2025,335.1,337.4,326.1,326.1,-2.51,17286.0,462.0,284.1
PPCL,12/7/2025,320.0,328.6,318.1,323.5,-0.8,26529.0,462.0,284.1
PPCL,12/8/2025,320.5,327.9,316.6,320.0,-1.08,34868.0,462.0,284.1
PPCL,12/9/2025,326.4,335.8,323.1,334.0,4.37,73791.0,462.0,284.1
PPCL,12/10/2025,338.0,341.1,333.1,340.0,1.8,75412.0,462.0,284.1
PPCL,12/11/2025,335.3,342.0,335.3,337.9,-0.62,34027.0,462.0,284.1
PPCL,12/14/2025,338.0,338.0,330.2,331.5,-1.89,37877.0,462.0,284.1
PPCL,12/15/2025,331.0,334.9,329.0,331.5,0.0,40935.0,462.0,284.1
PPCL,12/16/2025,334.0,339.9,330.3,336.0,1.36,43843.0,462.0,284.1
PPCL,12/17/2025,335.0,344.0,335.0,339.0,0.89,60144.0,462.0,284.1
PPCL,12/18/2025,334.3,351.9,334.3,346.6,2.24,125352.0,462.0,284.1
PPCL,12/21/2025,342.2,346.0,336.3,337.0,-2.77,26705.0,462.0,284.1
PPCL,12/22/2025,331.1,340.0,331.1,335.9,-0.33,24594.0,462.0,284.1
PPCL,12/23/2025,335.0,341.7,332.0,341.2,1.58,29830.0,462.0,284.1
PPCL,12/24/2025,341.0,343.9,335.2,338.0,-0.94,18350.0,462.0,284.1
PPCL,12/28/2025,344.7,350.8,338.0,348.9,3.22,74762.0,462.0,284.1
PPCL,12/29/2025,350.0,355.7,349.0,350.0,0.32,77097.0,462.0,284.1
PPCL,12/31/2025,355.9,355.9,346.5,349.8,-0.06,36067.0,462.0,284.1
PPCL,1/1/2026,347.1,351.0,341.2,348.0,-0.51,30700.0,462.0,284.1
PPCL,1/4/2026,345.0,354.9,342.0,350.5,0.72,42621.0,462.0,284.1
PPCL,1/5/2026,356.9,356.9,350.0,353.0,0.71,45768.0,462.0,284.1
PPCL,1/6/2026,355.0,357.9,348.4,350.0,-0.85,27922.0,462.0,284.1
PPCL,1/7/2026,347.0,354.9,345.0,345.0,-1.43,16681.0,462.0,284.1
PPCL,1/8/2026,345.0,349.7,343.0,349.6,1.33,21892.0,462.0,284.1
PPCL,1/12/2026,345.0,351.0,344.1,344.1,-1.57,21228.0,462.0,284.1
PPCL,1/13/2026,345.0,350.0,341.0,347.0,0.84,21814.0,462.0,284.1
PPCL,1/14/2026,341.2,353.0,341.2,347.5,0.14,22857.0,462.0,284.1
PPCL,1/18/2026,348.0,352.9,346.3,351.8,1.24,29820.0,462.0,284.1
PPCL,1/20/2026,354.0,359.9,354.0,357.8,1.71,47156.0,462.0,284.1
PPCL,1/21/2026,356.1,374.0,354.3,368.0,2.85,69019.0,462.0,284.1
PPCL,1/22/2026,364.0,371.0,364.0,368.5,0.14,44597.0,462.0,284.1
PPCL,1/25/2026,374.0,374.0,365.0,367.9,-0.16,46621.0,462.0,284.1
PPCL,1/26/2026,370.0,377.0,365.0,375.0,1.93,97946.0,462.0,284.1
PPCL,1/27/2026,376.3,376.3,353.0,362.0,-3.47,114736.0,462.0,284.1
PPCL,1/28/2026,358.0,382.0,349.0,380.0,4.97,137408.0,462.0,284.1
PPCL,1/29/2026,381.0,393.0,379.0,384.0,1.05,147778.0,462.0,284.1
PPCL,2/1/2026,378.0,385.0,372.0,375.0,-2.34,39455.0,462.0,284.1
PPCL,2/2/2026,375.0,377.5,372.0,377.0,0.53,67071.0,462.0,284.1
PPCL,2/3/2026,378.0,380.0,372.0,374.6,-0.64,63414.0,462.0,284.1
PPCL,2/4/2026,379.8,380.0,372.1,375.0,0.11,28846.0,462.0,284.1
PPCL,2/5/2026,379.0,389.0,375.0,386.0,2.93,89956.0,462.0,284.1
PPCL,2/8/2026,388.0,398.8,385.0,388.7,0.7,101958.0,462.0,284.1
PPCL,2/9/2026,383.0,389.0,378.0,380.0,-2.24,54679.0,462.0,284.1
PPCL,2/10/2026,382.0,386.0,372.0,379.4,-0.16,97647.0,462.0,284.1
PPCL,2/11/2026,380.0,380.0,371.0,377.0,-0.63,24778.0,462.0,284.1
PPCL,2/12/2026,380.0,390.0,375.2,382.0,1.33,52505.0,462.0,284.1
PPCL,2/16/2026,378.0,390.0,378.0,382.7,0.18,48797.0,462.0,284.1
PPCL,2/17/2026,376.0,388.0,372.2,372.2,-2.74,53441.0,462.0,284.1
PPCL,2/22/2026,370.1,370.1,365.2,366.1,-1.64,37449.0,462.0,284.1
PPCL,2/23/2026,363.1,369.9,363.1,364.5,-0.44,16971.0,462.0,284.1
PPCL,2/24/2026,371.7,379.0,366.8,370.0,1.51,16035.0,462.0,284.1
PPCL,2/25/2026,366.2,373.2,366.2,372.0,0.54,10911.0,462.0,284.1
PPCL,2/26/2026,370.1,372.0,370.0,371.0,-0.27,14205.0,462.0,284.1
PPCL,2/27/2026,370.1,372.0,370.0,371.0,0.0,14205.0,462.0,284.1
PPCL,2/28/2026,370.1,372.0,370.0,371.0,0.0,14205.0,462.0,284.1
PPCL,3/2/2026,367.0,376.0,366.2,376.0,1.35,20069.0,462.0,284.1
PPCL,3/3/2026,379.0,387.5,375.5,387.5,3.06,50054.0,462.0,284.1
PPCL,3/4/2026,379.0,387.5,375.5,387.5,0.0,50054.0,462.0,284.1
PPCL,3/5/2026,379.0,387.5,375.5,387.5,0.0,50054.0,462.0,284.1
PPCL,3/6/2026,379.0,387.5,375.5,387.5,0.0,50054.0,462.0,284.1
PPCL,3/7/2026,379.0,387.5,375.5,387.5,0.0,50054.0,462.0,284.1
PPCL,3/8/2026,379.0,387.5,375.5,387.5,0.0,50054.0,462.0,284.1
PPCL,3/9/2026,395.2,403.9,395.2,403.9,4.23,1120.0,462.0,284.1
PPCL,3/10/2026,411.0,415.0,391.1,411.0,1.76,194692.0,462.0,284.1
PPCL,3/11/2026,411.5,424.0,407.0,412.0,0.24,161968.0,462.0,284.1
PPCL,3/12/2026,420.0,426.5,410.0,424.9,3.13,175706.0,462.0,284.1
PPCL,3/13/2026,420.0,426.5,410.0,424.9,0.0,175706.0,462.0,284.1
PPCL,3/14/2026,420.0,426.5,410.0,424.9,0.0,175706.0,462.0,284.1
PPCL,3/15/2026,416.5,432.9,408.2,431.0,1.44,169089.0,462.0,284.1
PPCL,3/16/2026,422.4,438.5,422.4,431.0,0.0,111907.0,462.0,284.1
PPCL,3/17/2026,430.5,435.0,423.0,425.0,-1.39,126288.0,462.0,284.1
PPCL,3/18/2026,430.5,435.0,423.0,425.0,0.0,126288.0,462.0,284.1
PPCL,3/19/2026,416.5,439.0,416.5,434.0,2.12,207273.0,462.0,284.1
PPCL,3/20/2026,416.5,439.0,416.5,434.0,0.0,207273.0,462.0,284.1
PPCL,3/21/2026,416.5,439.0,416.5,434.0,0.0,207273.0,462.0,284.1
PPCL,3/22/2026,442.0,442.0,420.2,423.5,-2.42,147626.0,462.0,284.1
PPCL,3/23/2026,429.7,430.0,420.0,429.0,1.3,56194.0,462.0,284.1
PPCL,3/24/2026,429.0,462.0,423.7,444.4,3.59,106065.0,462.0,284.1
PPCL,3/25/2026,450.0,450.0,432.6,435.6,-1.98,107238.0,462.0,284.1
PPCL,3/26/2026,427.0,442.9,427.0,434.0,1.64,69971.0,462.0,284.1
PPCL,3/29/2026,434.0,435.0,420.0,420.5,-3.11,168025.0,462.0,284.1
PPCL,3/30/2026,428.9,428.9,404.1,409.0,-4.64,53714.0,462.0,284.1
PPCL,3/31/2026,417.1,417.1,402.4,414.0,-0.74,53831.0,462.0,284.1
PPCL,4/1/2026,422.2,422.2,387.5,390.0,-7.63,65186.0,462.0,284.1
PPCL,4/2/2026,394.9,399.0,380.0,392.5,-0.61,66237.0,462.0,284.1
PPCL,4/5/2026,400.3,400.3,370.1,370.1,-7.54,111491.0,462.0,284.1
PPCL,4/6/2026,377.5,395.2,375.0,395.2,4.69,27080.0,462.0,284.1
PPCL,4/7/2026,396.0,401.9,389.0,392.9,-0.78,38961.0,462.0,284.1
PPCL,4/8/2026,400.0,402.9,392.0,397.2,-0.7,27382.0,462.0,284.1
PPCL,4/9/2026,405.0,410.0,396.9,409.9,1.21,37257.0,462.0,284.1
PPCL,4/10/2026,417.6,417.6,397.0,407.0,-2.54,36284.0,462.0,284.1
PPCL,4/13/2026,399.1,421.0,399.1,415.0,3.98,105458.0,462.0,284.1
PPCL,4/15/2026,423.0,424.9,413.6,417.0,-1.42,62381.0,462.0,284.1
PPCL,4/16/2026,425.0,425.0,402.7,405.0,-4.71,40680.0,462.0,284.1
PPCL,4/17/2026,413.1,425.0,400.2,404.9,-1.98,83912.0,462.0,284.1
PPCL,4/20/2026,425.1,425.1,390.0,394.9,-7.1,54158.0,462.0,284.1
PPCL,4/21/2026,383.1,417.5,383.1,389.9,1.77,33489.0,462.0,284.1
PPCL,4/22/2026,379.0,396.0,378.3,393.0,3.69,36140.0,462.0,284.1
PPCL,4/23/2026,404.7,404.7,382.0,384.3,-5.04,11727.0,462.0,284.1
PPCL,4/24/2026,403.5,403.5,379.2,383.0,-5.08,16343.0,462.0,284.1
PPCL,4/27/2026,383.0,403.9,380.0,387.8,1.25,13069.0,462.0,284.1
PPCL,4/28/2026,387.8,398.5,379.1,379.1,-2.24,18704.0,462.0,284.1
PPCL,4/29/2026,398.0,398.0,377.5,378.2,-4.97,10619.0,462.0,284.1
PPCL,4/30/2026,375.0,380.0,370.0,375.5,0.13,14728.0,462.0,284.1
PPCL,5/4/2026,385.0,385.0,368.0,371.0,-3.64,7228.0,462.0,284.1
PPCL,5/5/2026,377.0,377.0,370.0,371.0,-1.59,6094.0,462.0,284.1
PPCL,5/6/2026,380.0,380.0,365.0,369.0,-2.89,14471.0,462.0,284.1
PPCL,5/7/2026,370.0,373.6,365.0,372.8,0.76,4531.0,462.0,284.1
PPCL,5/8/2026,378.0,380.0,365.1,380.0,0.53,22301.0,462.0,284.1
PPCL,5/11/2026,399.0,399.0,380.0,388.4,-2.66,11528.0,462.0,284.1
PPCL,5/12/2026,407.8,407.8,377.3,377.3,-7.48,11900.0,462.0,284.1
PPCL,5/13/2026,377.0,377.0,370.0,375.0,-0.53,10660.0,462.0,284.1
PPCL,5/14/2026,393.7,393.7,370.5,375.0,-4.75,4918.0,462.0,284.1
PPCL,5/15/2026,393.7,393.7,372.0,372.0,-5.51,7909.0,462.0,284.1
PPCL,5/18/2026,368.2,377.8,368.2,372.6,1.2,7943.0,462.0,284.1
PPCL,5/19/2026,373.1,378.0,371.3,375.0,0.51,1964.0,462.0,284.1
PPCL,5/20/2026,365.0,382.0,365.0,379.0,3.84,4019.0,462.0,284.1
PPCL,5/21/2026,397.9,397.9,375.1,379.7,-4.57,13450.0,462.0,284.1
PPCL,5/22/2026,373.0,382.0,373.0,380.0,1.88,4389.0,462.0,284.1
PPCL,5/25/2026,380.0,393.9,378.0,390.0,2.63,13693.0,462.0,284.1
PPCL,5/26/2026,386.0,388.0,383.6,384.4,-0.41,3473.0,462.0,284.1
PPCL,5/27/2026,395.0,395.0,380.2,390.0,-1.27,27569.0,462.0,284.1
PPCL,6/1/2026,409.5,409.5,370.0,386.4,-5.64,23230.0,462.0,284.1
PPCL,6/2/2026,394.5,394.5,383.2,386.0,-2.15,5342.0,462.0,284.1
PPCL,6/3/2026,391.0,391.0,379.3,389.0,-0.51,6559.0,462.0,284.1
PPCL,6/4/2026,380.4,390.0,380.0,390.0,2.52,6277.0,462.0,284.1
PPCL,6/5/2026,389.0,398.9,376.0,386.0,-0.77,16054.0,462.0,284.1
PPCL,6/8/2026,376.1,384.0,372.6,384.0,2.1,4016.0,462.0,284.1
PPCL,6/9/2026,373.4,384.0,370.0,384.0,2.84,6848.0,462.0,284.1
PPCL,6/10/2026,373.1,384.2,373.1,384.0,2.92,3491.0,462.0,284.1
PPCL,6/11/2026,373.0,381.9,373.0,380.0,1.88,2002.0,462.0,284.1
PPCL,6/12/2026,399.0,399.0,370.0,378.0,-5.26,10603.0,462.0,284.1
PPCL,6/15/2026,375.0,375.0,364.0,374.8,-0.05,26314.0,462.0,284.1
PPCL,6/16/2026,393.5,393.5,365.0,368.8,-6.28,12780.0,462.0,284.1
PPCL,6/17/2026,387.2,387.2,365.0,365.0,-5.73,20753.0,462.0,284.1
PPCL,6/18/2026,374.0,385.2,365.0,366.0,-2.14,5166.0,462.0,284.1
PPCL,6/19/2026,384.3,384.3,364.0,366.9,-4.53,6890.0,462.0,284.1
PPCL,6/22/2026,384.3,384.3,363.0,372.7,-3.02,15565.0,462.0,284.1
PPCL,6/23/2026,363.1,364.2,356.0,363.4,0.08,10992.0,462.0,284.1
PPCL,6/24/2026,381.5,381.5,351.1,364.5,-4.46,7636.0,462.0,284.1
PPCL,6/26/2026,346.0,357.0,345.2,353.9,2.28,7483.0,462.0,284.1
PPCL,6/29/2026,346.1,349.4,345.0,346.0,-0.03,5940.0,462.0,284.1
PPCL,6/30/2026,356.3,356.3,335.0,337.0,-5.42,19438.0,462.0,284.1
PPCL,7/1/2026,343.7,365.7,337.0,359.0,4.45,17268.0,462.0,284.1
PPCL,7/2/2026,376.9,376.9,340.0,347.0,-7.93,14226.0,462.0,284.1
PPCL,7/3/2026,360.0,363.9,340.0,347.8,-3.39,22279.0,462.0,284.1
PPCL,7/6/2026,340.0,342.9,337.0,342.0,0.59,7065.0,462.0,284.1
PPCL,7/7/2026,342.0,342.0,335.0,336.0,-1.75,9415.0,462.0,284.1
PPCL,7/8/2026,333.0,338.5,330.0,333.0,0.0,12285.0,462.0,284.1
PPCL,7/9/2026,329.0,333.9,324.1,328.7,-0.09,5566.0,462.0,284.1
PPCL,7/10/2026,330.0,344.0,323.0,329.0,-0.3,14785.0,462.0,284.1
PPCL,7/13/2026,325.0,330.0,319.0,324.0,-0.31,32459.0,462.0,284.1
PPCL,7/14/2026,327.0,343.9,317.4,325.0,-0.61,26018.0,462.0,284.1
PPCL,7/15/2026,334.7,341.2,326.9,334.0,-0.21,2437.0,462.0,284.1
PPCL,7/16/2026,340.8,340.8,327.0,330.0,-3.17,5691.0,462.0,284.1
PPCL,7/17/2026,338.0,348.0,333.0,346.0,2.37,14383.0,462.0,284.1
PPCL,7/20/2026,363.3,363.3,343.9,360.0,-0.91,17235.0,462.0,284.1
PPCL,7/21/2026,378.0,378.0,347.0,359.0,-5.03,11606.0,462.0,284.1
PPCL,7/22/2026,348.6,354.9,345.0,349.0,0.11,28952.0,462.0,284.1
PPCL,7/23/2026,355.5,355.5,342.4,353.0,-0.7,7149.0,462.0,284.1
PPCL,7/24/2026,358.0,358.0,342.7,352.5,-1.54,19158.0,462.0,284.1
PPCL,7/27/2026,353.9,353.9,344.0,348.0,-1.67,8157.0,462.0,284.1
PPCL,7/28/2026,330.9,349.9,330.9,348.0,5.17,5849.0,462.0,284.1
PPCL,7/29/2026,355.0,355.0,341.0,346.9,-2.28,7070.0,462.0,284.1
PPCL,7/30/2026,349.0,349.0,330.0,338.0,-3.15,12521.0,462.0,284.1
PPCL,7/31/2026,321.1,346.0,321.1,345.9,7.72,10871.0,462.0,284.1
PPCL,8/3/2026,328.7,348.0,328.7,348.0,5.87,23601.0,462.0,284.1
PPCL,8/4/2026,339.2,342.7,336.0,340.6,0.41,12527.0,462.0,284.1
PPCL,8/5/2026,323.6,342.9,323.6,341.0,5.38,6384.0,462.0,284.1
PPCL,8/6/2026,358.0,358.0,335.0,340.0,-5.03,10682.0,462.0,284.1
PPCL,8/7/2026,357.0,357.0,336.0,338.9,-5.07,4212.0,462.0,284.1
PPCL,8/10/2026,331.0,337.0,331.0,335.0,1.21,11404.0,462.0,284.1
PPCL,8/11/2026,335.0,338.9,330.1,337.8,0.84,7123.0,462.0,284.1
PPCL,8/12/2026,321.0,339.0,321.0,335.5,4.52,6280.0,462.0,284.1
PPCL,8/13/2026,335.5,344.9,333.0,337.0,0.45,24770.0,462.0,284.1
PPCL,8/14/2026,344.0,344.0,333.0,334.9,-2.65,4269.0,462.0,284.1
PPCL,8/17/2026,332.1,340.0,332.1,338.3,1.87,4043.0,462.0,284.1
PPCL,8/18/2026,355.0,355.0,330.2,333.9,-5.94,13405.0,462.0,284.1
PPCL,8/19/2026,330.1,335.0,323.0,335.0,1.48,120724.0,462.0,284.1
PPCL,8/20/2026,333.0,335.0,330.6,335.0,0.6,7340.0,462.0,284.1
PPCL,8/21/2026,340.0,344.0,328.0,329.1,-3.21,9805.0,462.0,284.1
PPCL,8/24/2026,345.0,354.0,327.5,331.0,-4.06,93288.0,462.0,284.1
PPCL,8/25/2026,332.9,332.9,328.0,329.7,-0.96,4346.0,462.0,284.1
PPCL,8/26/2026,326.1,332.5,325.0,327.7,0.49,9069.0,462.0,284.1
PPCL,8/27/2026,321.0,327.0,312.5,326.9,1.84,11377.0,462.0,284.1
PPCL,8/31/2026,317.1,330.0,317.1,325.9,2.78,18337.0,462.0,284.1
PPCL,9/1/2026,342.1,342.1,318.1,330.0,-3.54,9421.0,462.0,284.1
PPCL,9/2/2026,330.0,337.0,320.1,329.0,-0.3,782.0,462.0,284.1
PPCL,9/3/2026,345.4,345.4,325.1,335.0,-3.01,3967.0,462.0,284.1
PPCL,9/7/2026,335.0,344.5,326.3,338.5,1.04,7990.0,462.0,284.1
PPCL,9/9/2026,344.5,344.5,327.7,334.5,-2.9,4571.0,462.0,284.1
PPCL,9/10/2026,351.2,351.2,325.1,331.9,-5.5,11253.0,462.0,284.1
PPCL,9/11/2026,325.0,334.7,322.0,334.7,2.98,16980.0,462.0,284.1
PPCL,9/14/2026,342.9,342.9,331.0,338.9,-1.17,20449.0,462.0,284.1
PPCL,9/15/2026,355.0,355.0,342.7,348.0,-1.97,15764.0,462.0,284.1
PPCL,9/16/2026,345.0,345.0,340.0,342.9,-0.61,11541.0,462.0,284.1
PPCL,9/17/2026,349.0,349.0,339.0,344.0,-1.43,4573.0,462.0,284.1
PPCL,9/18/2026,340.1,347.5,340.1,347.5,2.18,15728.0,462.0,284.1
PPCL,9/22/2026,364.8,364.8,339.0,341.0,-6.52,34421.0,462.0,284.1
PPCL,9/23/2026,324.0,343.0,324.0,337.9,4.29,11016.0,462.0,284.1
PPCL,9/24/2026,341.0,341.0,332.0,335.0,-1.76,13067.0,462.0,284.1
PPCL,9/28/2026,351.7,351.7,327.0,335.0,-4.75,100483.0,462.0,284.1
PPCL,9/29/2026,331.0,331.0,327.1,0.0,-100.0,2506.0,462.0,284.1
PPCL,9/30/2026,339.0,339.0,327.5,331.0,-2.36,4753.0,462.0,284.1
PPCL,10/1/2026,314.5,333.1,314.5,333.0,5.88,10830.0,462.0,284.1
PPCL,10/2/2026,338.0,338.0,326.0,335.0,-0.89,20907.0,462.0,284.1
PPL,12/21/2025,324.0,324.0,309.0,313.8,,55719.0,425.0,263.2
PPL,12/22/2025,309.1,319.9,306.0,310.0,-1.21,67739.0,425.0,263.2
PPL,12/23/2025,310.0,323.0,305.0,319.0,2.9,52805.0,425.0,263.2
PPL,12/24/2025,320.0,323.8,317.2,319.1,0.03,62363.0,425.0,263.2
PPL,12/28/2025,323.5,331.5,317.3,328.0,2.79,196556.0,425.0,263.2
PPL,12/29/2025,330.0,331.0,318.3,322.2,-1.77,56797.0,425.0,263.2
PPL,12/31/2025,328.4,328.5,318.8,320.0,-0.68,50112.0,425.0,263.2
PPL,1/1/2026,317.1,323.0,313.0,317.0,-0.94,93484.0,425.0,263.2
PPL,1/4/2026,311.9,319.5,311.5,313.0,-1.26,91595.0,425.0,263.2
PPL,1/5/2026,311.5,320.0,311.5,317.9,1.57,71883.0,425.0,263.2
PPL,1/6/2026,319.0,335.0,317.0,332.0,4.44,283062.0,425.0,263.2
PPL,1/7/2026,338.0,338.0,323.0,323.0,-2.71,187952.0,425.0,263.2
PPL,1/8/2026,325.5,328.7,323.0,326.7,1.15,65788.0,425.0,263.2
PPL,1/12/2026,330.0,331.9,318.9,322.7,-1.22,105268.0,425.0,263.2
PPL,1/13/2026,319.2,326.0,319.2,324.8,0.65,124610.0,425.0,263.2
PPL,1/14/2026,318.4,330.0,318.4,322.5,-0.71,92422.0,425.0,263.2
PPL,1/18/2026,322.5,328.0,321.2,324.0,0.47,100365.0,425.0,263.2
PPL,1/20/2026,330.4,334.0,324.0,327.0,0.93,164033.0,425.0,263.2
PPL,1/21/2026,325.0,350.0,323.4,339.0,3.67,293339.0,425.0,263.2
PPL,1/22/2026,345.7,345.7,334.1,341.0,0.59,201143.0,425.0,263.2
PPL,1/25/2026,337.0,350.0,337.0,348.0,2.05,201939.0,425.0,263.2
PPL,1/26/2026,341.1,354.9,341.1,349.0,0.29,328319.0,425.0,263.2
PPL,1/27/2026,355.0,368.0,344.5,346.1,-0.83,462803.0,425.0,263.2
PPL,1/28/2026,353.0,379.3,350.9,378.0,9.22,747162.0,425.0,263.2
PPL,1/29/2026,385.5,394.6,381.5,384.0,1.59,584538.0,425.0,263.2
PPL,2/1/2026,385.0,385.0,373.3,375.0,-2.34,281446.0,425.0,263.2
PPL,2/2/2026,377.4,403.9,376.0,399.0,6.4,634437.0,425.0,263.2
PPL,2/3/2026,406.9,412.0,394.0,402.0,0.75,621408.0,425.0,263.2
PPL,2/4/2026,410.0,418.0,402.8,408.8,1.69,487654.0,425.0,263.2
PPL,2/5/2026,410.0,410.8,394.2,395.0,-3.38,368332.0,425.0,263.2
PPL,2/8/2026,395.0,403.7,385.0,387.0,-2.03,324896.0,425.0,263.2
PPL,2/9/2026,394.7,394.8,383.3,385.4,-0.41,193492.0,425.0,263.2
PPL,2/10/2026,385.2,390.0,375.0,380.9,-1.17,208729.0,425.0,263.2
PPL,2/11/2026,388.5,393.0,373.0,381.0,0.03,133989.0,425.0,263.2
PPL,2/12/2026,386.0,400.5,381.0,392.5,3.02,273957.0,425.0,263.2
PPL,2/16/2026,393.0,413.0,383.3,405.0,3.18,555296.0,425.0,263.2
PPL,2/17/2026,397.0,412.8,394.1,399.0,-1.48,413382.0,425.0,263.2
PPL,2/22/2026,399.0,401.9,382.2,383.0,-4.01,224994.0,425.0,263.2
PPL,2/23/2026,376.1,387.8,374.0,380.1,-0.76,112190.0,425.0,263.2
PPL,2/24/2026,387.7,387.7,375.2,378.0,-0.55,73054.0,425.0,263.2
PPL,2/25/2026,375.2,386.0,375.2,377.0,-0.26,94427.0,425.0,263.2
PPL,2/26/2026,377.0,387.0,375.0,380.0,0.8,88842.0,425.0,263.2
PPL,2/27/2026,377.0,387.0,375.0,380.0,0.0,88842.0,425.0,263.2
PPL,2/28/2026,377.0,387.0,375.0,380.0,0.0,88842.0,425.0,263.2
PPL,3/2/2026,375.0,384.0,367.0,381.9,0.5,107645.0,425.0,263.2
PPL,3/3/2026,377.1,394.0,377.1,392.0,2.64,110866.0,425.0,263.2
PPL,3/4/2026,377.1,394.0,377.1,392.0,0.0,110866.0,425.0,263.2
PPL,3/5/2026,377.1,394.0,377.1,392.0,0.0,110866.0,425.0,263.2
PPL,3/6/2026,377.1,394.0,377.1,392.0,0.0,110866.0,425.0,263.2
PPL,3/7/2026,377.1,394.0,377.1,392.0,0.0,110866.0,425.0,263.2
PPL,3/8/2026,377.1,394.0,377.1,392.0,0.0,110866.0,425.0,263.2
PPL,3/9/2026,399.8,424.0,399.8,424.0,8.16,23619.0,425.0,263.2
PPL,3/10/2026,425.0,425.0,400.0,403.0,-4.95,367272.0,425.0,263.2
PPL,3/11/2026,407.0,416.0,400.0,404.0,0.25,230838.0,425.0,263.2
PPL,3/12/2026,396.0,412.0,396.0,405.9,0.47,203882.0,425.0,263.2
PPL,3/13/2026,396.0,412.0,396.0,405.9,0.0,203882.0,425.0,263.2
PPL,3/14/2026,396.0,412.0,396.0,405.9,0.0,203882.0,425.0,263.2
PPL,3/15/2026,398.0,412.0,398.0,400.0,-1.45,152361.0,425.0,263.2
PPL,3/16/2026,392.0,408.0,392.0,393.0,-1.75,135259.0,425.0,263.2
PPL,3/17/2026,394.0,402.2,390.1,400.0,1.78,121234.0,425.0,263.2
PPL,3/18/2026,394.0,402.2,390.1,400.0,0.0,121234.0,425.0,263.2
PPL,3/19/2026,401.0,413.0,401.0,406.0,1.5,258948.0,425.0,263.2
PPL,3/20/2026,401.0,413.0,401.0,406.0,0.0,258948.0,425.0,263.2
PPL,3/21/2026,401.0,413.0,401.0,406.0,0.0,258948.0,425.0,263.2
PPL,3/22/2026,409.0,409.0,397.0,397.0,-2.22,154341.0,425.0,263.2
PPL,3/23/2026,389.1,404.0,389.1,399.9,0.73,99107.0,425.0,263.2
PPL,3/24/2026,392.0,407.0,392.0,400.0,0.03,158974.0,425.0,263.2
PPL,3/25/2026,400.0,404.9,392.0,392.0,-2.0,81929.0,425.0,263.2
PPL,3/26/2026,392.0,412.5,388.0,405.0,3.32,110071.0,425.0,263.2
PPL,3/29/2026,413.0,413.0,390.0,391.0,-5.33,84072.0,425.0,263.2
PPL,3/30/2026,384.0,397.0,384.0,384.0,0.0,83467.0,425.0,263.2
PPL,3/31/2026,389.9,389.9,377.5,383.0,-1.77,75514.0,425.0,263.2
PPL,4/1/2026,375.4,384.5,365.0,366.0,-2.5,112378.0,425.0,263.2
PPL,4/2/2026,364.0,373.0,360.0,361.0,-0.82,74317.0,425.0,263.2
PPL,4/5/2026,368.0,368.0,336.4,341.0,-7.34,92607.0,425.0,263.2
PPL,4/6/2026,335.1,365.0,335.1,360.0,7.43,83886.0,425.0,263.2
PPL,4/7/2026,366.0,371.0,359.0,360.0,-1.64,71557.0,425.0,263.2
PPL,4/8/2026,366.8,374.2,363.3,367.5,0.19,47375.0,425.0,263.2
PPL,4/9/2026,368.0,377.0,363.1,377.0,2.45,53366.0,425.0,263.2
PPL,4/10/2026,380.4,383.0,364.9,367.1,-3.5,74438.0,425.0,263.2
PPL,4/13/2026,368.0,374.5,366.0,373.0,1.36,61753.0,425.0,263.2
PPL,4/15/2026,370.0,390.0,370.0,386.0,4.32,105563.0,425.0,263.2
PPL,4/16/2026,381.0,389.9,373.0,373.0,-2.1,115561.0,425.0,263.2
PPL,4/17/2026,380.4,380.4,368.1,374.0,-1.68,30968.0,425.0,263.2
PPL,4/20/2026,379.0,379.0,367.0,372.0,-1.85,37725.0,425.0,263.2
PPL,4/21/2026,355.1,376.5,355.1,369.0,3.91,30028.0,425.0,263.2
PPL,4/22/2026,360.0,371.0,355.2,365.9,1.64,67081.0,425.0,263.2
PPL,4/23/2026,348.1,369.2,348.1,360.0,3.42,26547.0,425.0,263.2
PPL,4/24/2026,343.0,360.0,343.0,358.9,4.64,23213.0,425.0,263.2
PPL,4/27/2026,342.0,364.8,342.0,364.8,6.67,13505.0,425.0,263.2
PPL,4/28/2026,347.1,368.0,347.1,356.0,2.56,26086.0,425.0,263.2
PPL,4/29/2026,339.0,356.0,339.0,350.0,3.24,17047.0,425.0,263.2
PPL,4/30/2026,333.0,352.0,333.0,348.0,4.5,38272.0,425.0,263.2
PPL,5/4/2026,330.6,350.7,330.6,340.1,2.87,26264.0,425.0,263.2
PPL,5/5/2026,323.1,349.0,323.1,343.0,6.16,23325.0,425.0,263.2
PPL,5/6/2026,326.5,347.0,326.5,344.0,5.36,10537.0,425.0,263.2
PPL,5/7/2026,327.0,350.0,327.0,341.0,4.28,16838.0,425.0,263.2
PPL,5/8/2026,325.0,345.1,325.0,345.0,6.15,22885.0,425.0,263.2
PPL,5/11/2026,328.0,359.8,328.0,358.0,9.15,28201.0,425.0,263.2
PPL,5/12/2026,375.9,375.9,348.0,351.0,-6.62,32747.0,425.0,263.2
PPL,5/13/2026,335.0,351.0,335.0,350.0,4.48,13096.0,425.0,263.2
PPL,5/14/2026,341.0,355.0,341.0,355.0,4.11,18951.0,425.0,263.2
PPL,5/15/2026,372.0,372.0,345.0,353.0,-5.11,14915.0,425.0,263.2
PPL,5/18/2026,335.4,355.0,335.4,346.0,3.16,22648.0,425.0,263.2
PPL,5/19/2026,346.0,346.5,340.0,345.9,-0.03,18833.0,425.0,263.2
PPL,5/20/2026,345.0,352.0,345.0,351.9,2.0,10357.0,425.0,263.2
PPL,5/21/2026,347.1,355.0,347.1,349.0,0.55,24923.0,425.0,263.2
PPL,5/22/2026,347.0,355.0,346.6,354.0,2.02,19932.0,425.0,263.2
PPL,5/25/2026,357.0,369.9,357.0,367.0,2.8,70085.0,425.0,263.2
PPL,5/26/2026,370.0,374.8,360.0,365.8,-1.14,29222.0,425.0,263.2
PPL,5/27/2026,360.0,365.8,355.0,360.8,0.22,50534.0,425.0,263.2
PPL,6/1/2026,342.8,360.9,342.8,353.7,3.18,20191.0,425.0,263.2
PPL,6/2/2026,336.1,357.0,336.1,355.0,5.62,22106.0,425.0,263.2
PPL,6/3/2026,370.0,370.0,349.0,352.5,-4.73,17324.0,425.0,263.2
PPL,6/4/2026,348.0,353.5,348.0,350.0,0.57,13979.0,425.0,263.2
PPL,6/5/2026,332.5,360.0,332.5,351.0,5.56,29679.0,425.0,263.2
PPL,6/8/2026,333.5,353.0,333.5,350.0,4.95,15343.0,425.0,263.2
PPL,6/9/2026,332.5,352.6,332.5,349.6,5.14,19785.0,425.0,263.2
PPL,6/10/2026,332.2,357.9,332.2,349.8,5.3,19441.0,425.0,263.2
PPL,6/11/2026,332.4,351.8,332.4,348.0,4.69,15617.0,425.0,263.2
PPL,6/12/2026,330.6,350.5,330.6,349.0,5.57,17181.0,425.0,263.2
PPL,6/15/2026,331.6,351.0,331.6,348.0,4.95,14038.0,425.0,263.2
PPL,6/16/2026,330.6,349.9,330.6,348.0,5.26,13315.0,425.0,263.2
PPL,6/17/2026,330.6,355.0,330.6,350.0,5.87,31646.0,425.0,263.2
PPL,6/18/2026,332.5,354.5,332.5,347.1,4.39,12302.0,425.0,263.2
PPL,6/19/2026,329.8,357.0,329.8,348.0,5.52,21424.0,425.0,263.2
PPL,6/22/2026,330.6,350.0,330.6,350.0,5.87,15511.0,425.0,263.2
PPL,6/23/2026,332.5,350.0,332.5,341.8,2.8,16061.0,425.0,263.2
PPL,6/24/2026,324.8,341.3,324.8,334.0,2.83,16636.0,425.0,263.2
PPL,6/26/2026,333.0,338.0,330.0,334.0,0.3,12894.0,425.0,263.2
PPL,6/29/2026,317.3,333.9,317.3,327.9,3.34,9063.0,425.0,263.2
PPL,6/30/2026,311.6,327.0,311.6,319.0,2.37,15094.0,425.0,263.2
PPL,7/1/2026,303.1,336.0,303.1,335.0,10.52,15666.0,425.0,263.2
PPL,7/2/2026,318.3,338.9,318.3,337.0,5.87,20382.0,425.0,263.2
PPL,7/3/2026,330.0,336.6,330.0,335.0,1.52,14720.0,425.0,263.2
PPL,7/6/2026,318.3,336.9,318.3,336.9,5.84,14845.0,425.0,263.2
PPL,7/7/2026,320.1,337.0,320.1,336.9,5.25,7212.0,425.0,263.2
PPL,7/8/2026,320.1,335.0,320.1,329.7,3.0,5108.0,425.0,263.2
PPL,7/9/2026,314.0,326.0,314.0,323.0,2.87,15131.0,425.0,263.2
PPL,7/10/2026,315.0,330.0,315.0,322.0,2.22,18095.0,425.0,263.2
PPL,7/13/2026,306.0,324.5,306.0,318.0,3.92,15639.0,425.0,263.2
PPL,7/14/2026,302.1,323.0,302.1,321.9,6.55,22088.0,425.0,263.2
PPL,7/15/2026,306.0,328.0,306.0,323.1,5.59,18740.0,425.0,263.2
PPL,7/16/2026,307.0,330.0,307.0,320.0,4.23,9133.0,425.0,263.2
PPL,7/17/2026,304.0,342.0,304.0,340.0,11.84,33445.0,425.0,263.2
PPL,7/20/2026,323.0,348.0,323.0,341.0,5.57,36655.0,425.0,263.2
PPL,7/21/2026,324.0,347.8,324.0,341.5,5.4,49192.0,425.0,263.2
PPL,7/22/2026,324.5,340.7,324.5,339.0,4.47,12678.0,425.0,263.2
PPL,7/23/2026,322.1,340.0,322.1,338.9,5.22,23596.0,425.0,263.2
PPL,7/24/2026,335.0,344.0,335.0,339.0,1.19,17291.0,425.0,263.2
PPL,7/27/2026,328.9,342.0,328.9,339.5,3.22,19381.0,425.0,263.2
PPL,7/28/2026,322.6,337.0,322.6,334.9,3.81,14416.0,425.0,263.2
PPL,7/29/2026,345.0,345.0,326.0,335.0,-2.9,20801.0,425.0,263.2
PPL,7/30/2026,325.0,336.8,325.0,328.0,0.92,20127.0,425.0,263.2
PPL,7/31/2026,311.6,329.0,311.6,326.0,4.62,25427.0,425.0,263.2
PPL,8/3/2026,310.0,329.8,310.0,322.0,3.87,28178.0,425.0,263.2
PPL,8/4/2026,320.0,329.6,320.0,326.9,2.16,14899.0,425.0,263.2
PPL,8/5/2026,320.0,328.0,320.0,325.5,1.72,5815.0,425.0,263.2
PPL,8/6/2026,309.3,333.9,309.3,330.0,6.69,19653.0,425.0,263.2
PPL,8/7/2026,313.5,329.9,313.5,328.4,4.75,9314.0,425.0,263.2
PPL,8/10/2026,312.0,329.6,312.0,326.5,4.65,7936.0,425.0,263.2
PPL,8/11/2026,325.0,330.0,322.0,326.0,0.31,12624.0,425.0,263.2
PPL,8/12/2026,310.0,328.7,310.0,324.0,4.52,11444.0,425.0,263.2
PPL,8/13/2026,308.0,328.9,308.0,327.0,6.17,16807.0,425.0,263.2
PPL,8/14/2026,310.7,329.5,310.7,325.0,4.6,8400.0,425.0,263.2
PPL,8/17/2026,309.0,325.0,309.0,320.3,3.66,17177.0,425.0,263.2
PPL,8/18/2026,304.3,324.0,304.3,317.0,4.17,10130.0,425.0,263.2
PPL,8/19/2026,301.2,316.0,301.2,315.0,4.58,16689.0,425.0,263.2
PPL,8/20/2026,299.3,316.0,299.3,314.0,4.91,18393.0,425.0,263.2
PPL,8/21/2026,298.3,318.9,298.3,313.0,4.93,17528.0,425.0,263.2
PPL,8/24/2026,311.0,314.0,305.0,309.9,-0.35,14298.0,425.0,263.2
PPL,8/25/2026,306.0,313.9,300.1,309.5,1.14,21890.0,425.0,263.2
PPL,8/26/2026,294.1,307.2,294.1,304.0,3.37,26131.0,425.0,263.2
PPL,8/27/2026,301.1,308.0,287.0,308.0,2.29,16069.0,425.0,263.2
PPL,8/31/2026,293.0,305.0,293.0,295.0,0.68,24282.0,425.0,263.2
PPL,9/1/2026,280.3,304.0,280.3,300.0,7.03,11128.0,425.0,263.2
PPL,9/2/2026,300.0,303.0,286.0,303.0,1.0,7980.0,425.0,263.2
PPL,9/3/2026,303.0,304.0,298.3,302.9,-0.03,26321.0,425.0,263.2
PPL,9/7/2026,287.8,308.0,287.8,306.0,6.32,12765.0,425.0,263.2
PPL,9/9/2026,306.0,308.0,297.3,304.0,-0.65,9925.0,425.0,263.2
PPL,9/10/2026,301.0,306.0,298.0,304.0,1.0,12857.0,425.0,263.2
PPL,9/11/2026,288.8,318.0,288.8,317.0,9.76,21373.0,425.0,263.2
PPL,9/14/2026,302.0,323.0,302.0,322.0,6.62,23096.0,425.0,263.2
PPL,9/15/2026,338.0,338.1,319.0,328.0,-2.96,43658.0,425.0,263.2
PPL,9/16/2026,312.0,330.0,312.0,320.0,2.56,29636.0,425.0,263.2
PPL,9/17/2026,318.0,328.0,313.1,326.9,2.8,22248.0,425.0,263.2
PPL,9/18/2026,325.0,328.0,320.0,327.0,0.62,27077.0,425.0,263.2
PPL,9/22/2026,325.0,334.0,322.0,333.0,2.46,42660.0,425.0,263.2
PPL,9/23/2026,331.0,336.9,323.1,325.0,-1.81,36332.0,425.0,263.2
PPL,9/24/2026,321.0,325.0,311.4,324.9,1.21,10813.0,425.0,263.2
PPL,9/28/2026,321.9,328.5,319.0,320.0,-0.59,15778.0,425.0,263.2
PPL,9/29/2026,304.0,319.3,304.0,0.0,-100.0,9290.0,425.0,263.2
PPL,9/30/2026,301.0,319.7,301.0,318.0,5.65,11057.0,425.0,263.2
PPL,10/1/2026,302.1,329.0,302.1,325.1,7.61,33891.0,425.0,263.2
PPL,10/2/2026,337.0,337.0,320.9,321.1,-4.72,29874.0,425.0,263.2
PRIN,12/21/2025,661.5,670.0,661.5,664.0,,8192.0,794.9,564.4
PRIN,12/22/2025,660.1,668.9,646.8,650.0,-2.11,16162.0,794.9,564.4
PRIN,12/23/2025,660.0,660.0,649.0,650.6,0.09,4924.0,794.9,564.4
PRIN,12/24/2025,643.1,671.0,643.1,657.0,0.98,3865.0,794.9,564.4
PRIN,12/28/2025,657.1,684.0,657.0,680.0,3.5,17252.0,794.9,564.4
PRIN,12/29/2025,689.0,690.0,675.0,679.8,-0.03,18009.0,794.9,564.4
PRIN,12/31/2025,678.0,685.0,678.0,683.0,0.47,9848.0,794.9,564.4
PRIN,1/1/2026,696.6,696.6,674.0,684.0,0.15,10947.0,794.9,564.4
PRIN,1/4/2026,685.0,689.0,675.0,689.0,0.73,13960.0,794.9,564.4
PRIN,1/5/2026,680.0,693.0,678.0,693.0,0.58,16390.0,794.9,564.4
PRIN,1/6/2026,706.6,706.6,690.0,695.0,0.29,11844.0,794.9,564.4
PRIN,1/7/2026,695.0,705.8,691.0,695.0,0.0,12278.0,794.9,564.4
PRIN,1/8/2026,703.0,703.0,691.0,697.0,0.29,8867.0,794.9,564.4
PRIN,1/12/2026,707.9,707.9,694.0,704.5,1.08,9201.0,794.9,564.4
PRIN,1/13/2026,705.0,710.0,693.0,700.0,-0.64,9030.0,794.9,564.4
PRIN,1/14/2026,709.9,709.9,696.0,697.0,-0.43,12469.0,794.9,564.4
PRIN,1/18/2026,710.9,725.1,702.2,725.1,4.03,33410.0,794.9,564.4
PRIN,1/20/2026,737.0,740.0,724.0,728.0,0.4,13810.0,794.9,564.4
PRIN,1/21/2026,725.0,734.4,721.1,730.0,0.27,20541.0,794.9,564.4
PRIN,1/22/2026,741.0,741.0,715.5,733.0,0.41,19878.0,794.9,564.4
PRIN,1/25/2026,746.6,746.6,728.0,738.0,0.68,26272.0,794.9,564.4
PRIN,1/26/2026,740.9,755.0,736.0,755.0,2.3,48074.0,794.9,564.4
PRIN,1/27/2026,740.0,769.7,733.0,734.0,-2.78,25343.0,794.9,564.4
PRIN,1/28/2026,731.0,763.4,724.0,736.1,0.29,14337.0,794.9,564.4
PRIN,1/29/2026,750.0,750.0,724.0,735.0,-0.15,16088.0,794.9,564.4
PRIN,2/1/2026,749.0,749.0,715.2,719.0,-2.18,17042.0,794.9,564.4
PRIN,2/2/2026,732.0,732.0,717.3,721.0,0.28,14202.0,794.9,564.4
PRIN,2/3/2026,729.4,729.4,709.0,711.0,-1.39,8799.0,794.9,564.4
PRIN,2/4/2026,696.8,730.9,696.8,715.0,0.56,10096.0,794.9,564.4
PRIN,2/5/2026,724.0,739.0,710.0,738.8,3.33,25754.0,794.9,564.4
PRIN,2/8/2026,749.9,753.0,725.2,726.0,-1.73,12464.0,794.9,564.4
PRIN,2/9/2026,718.2,730.0,700.7,708.0,-2.48,36722.0,794.9,564.4
PRIN,2/10/2026,714.0,715.0,692.6,700.0,-1.13,45939.0,794.9,564.4
PRIN,2/11/2026,714.0,725.0,700.0,722.6,3.23,26662.0,794.9,564.4
PRIN,2/12/2026,737.0,737.0,715.0,723.0,0.06,11602.0,794.9,564.4
PRIN,2/16/2026,737.0,737.0,712.0,719.0,-0.55,12639.0,794.9,564.4
PRIN,2/17/2026,732.5,732.5,701.3,703.2,-2.2,19382.0,794.9,564.4
PRIN,2/22/2026,709.0,715.0,700.0,700.0,-0.46,29157.0,794.9,564.4
PRIN,2/23/2026,714.0,714.0,700.1,712.9,1.84,13388.0,794.9,564.4
PRIN,2/24/2026,705.0,720.0,705.0,716.0,0.43,9992.0,794.9,564.4
PRIN,2/25/2026,726.0,726.0,712.0,717.5,0.21,22108.0,794.9,564.4
PRIN,2/26/2026,722.0,727.0,715.0,719.0,0.21,15859.0,794.9,564.4
PRIN,2/27/2026,722.0,727.0,715.0,719.0,0.0,15859.0,794.9,564.4
PRIN,2/28/2026,722.0,727.0,715.0,719.0,0.0,15859.0,794.9,564.4
PRIN,3/2/2026,729.0,729.0,690.7,719.0,0.0,30768.0,794.9,564.4
PRIN,3/3/2026,730.9,730.9,716.3,730.0,1.53,20636.0,794.9,564.4
PRIN,3/4/2026,730.9,730.9,716.3,730.0,0.0,20636.0,794.9,564.4
PRIN,3/5/2026,730.9,730.9,716.3,730.0,0.0,20636.0,794.9,564.4
PRIN,3/6/2026,730.9,730.9,716.3,730.0,0.0,20636.0,794.9,564.4
PRIN,3/7/2026,730.9,730.9,716.3,730.0,0.0,20636.0,794.9,564.4
PRIN,3/8/2026,730.9,730.9,716.3,730.0,0.0,20636.0,794.9,564.4
PRIN,3/9/2026,744.5,759.3,744.5,759.3,4.01,65.0,794.9,564.4
PRIN,3/10/2026,774.0,787.0,749.0,777.0,2.33,67703.0,794.9,564.4
PRIN,3/11/2026,779.0,790.0,765.0,766.0,-1.42,38234.0,794.9,564.4
PRIN,3/12/2026,779.0,779.0,757.7,765.9,-0.01,18328.0,794.9,564.4
PRIN,3/13/2026,779.0,779.0,757.7,765.9,0.0,18328.0,794.9,564.4
PRIN,3/14/2026,779.0,779.0,757.7,765.9,0.0,18328.0,794.9,564.4
PRIN,3/15/2026,750.8,781.1,750.8,761.0,-0.64,30098.0,794.9,564.4
PRIN,3/16/2026,769.9,770.0,755.0,758.1,-0.38,12031.0,794.9,564.4
PRIN,3/17/2026,770.0,770.0,750.0,758.0,-0.01,10425.0,794.9,564.4
PRIN,3/18/2026,770.0,770.0,750.0,758.0,0.0,10425.0,794.9,564.4
PRIN,3/19/2026,769.9,769.9,756.0,763.2,0.69,20152.0,794.9,564.4
PRIN,3/20/2026,769.9,769.9,756.0,763.2,0.0,20152.0,794.9,564.4
PRIN,3/21/2026,769.9,769.9,756.0,763.2,0.0,20152.0,794.9,564.4
PRIN,3/22/2026,777.7,785.0,765.0,780.0,2.2,25607.0,794.9,564.4
PRIN,3/23/2026,794.9,794.9,767.0,780.0,0.0,11004.0,794.9,564.4
PRIN,3/24/2026,788.9,788.9,770.0,776.4,-0.46,6324.0,794.9,564.4
PRIN,3/25/2026,780.0,780.0,760.0,762.6,-1.78,17512.0,794.9,564.4
PRIN,3/26/2026,777.0,777.0,750.1,760.0,-2.19,9444.0,794.9,564.4
PRIN,3/29/2026,774.8,774.8,740.0,740.0,-4.49,35718.0,794.9,564.4
PRIN,3/30/2026,735.0,744.9,730.0,730.3,-0.64,20325.0,794.9,564.4
PRIN,3/31/2026,731.0,740.0,720.0,740.0,1.23,16807.0,794.9,564.4
PRIN,4/1/2026,730.0,746.6,720.0,725.0,-0.68,16984.0,794.9,564.4
PRIN,4/2/2026,730.0,738.9,722.0,722.6,-1.01,11770.0,794.9,564.4
PRIN,4/5/2026,717.0,724.0,700.0,701.0,-2.23,22762.0,794.9,564.4
PRIN,4/6/2026,701.0,735.0,701.0,728.0,3.85,14678.0,794.9,564.4
PRIN,4/7/2026,738.0,739.0,725.0,727.0,-1.49,9041.0,794.9,564.4
PRIN,4/8/2026,739.0,748.0,731.0,748.0,1.22,23869.0,794.9,564.4
PRIN,4/9/2026,701.8,714.0,686.0,697.0,-0.68,34086.0,794.9,564.4
PRIN,4/10/2026,700.0,700.0,687.0,695.3,-0.67,7946.0,794.9,564.4
PRIN,4/13/2026,690.0,696.0,689.1,694.0,0.58,6305.0,794.9,564.4
PRIN,4/15/2026,688.0,694.9,685.0,690.6,0.38,23735.0,794.9,564.4
PRIN,4/16/2026,685.0,685.5,680.0,680.0,-0.73,7835.0,794.9,564.4
PRIN,4/17/2026,693.6,693.6,671.0,671.0,-3.26,11754.0,794.9,564.4
PRIN,4/20/2026,675.0,679.9,666.3,669.0,-0.89,3695.0,794.9,564.4
PRIN,4/21/2026,666.0,674.0,650.0,669.0,0.45,6464.0,794.9,564.4
PRIN,4/22/2026,652.2,669.0,649.0,667.9,2.41,11529.0,794.9,564.4
PRIN,4/23/2026,666.0,670.0,655.0,664.8,-0.18,8815.0,794.9,564.4
PRIN,4/24/2026,679.0,679.0,640.0,659.9,-2.81,10519.0,794.9,564.4
PRIN,4/27/2026,659.9,669.0,649.0,662.0,0.32,1652.0,794.9,564.4
PRIN,4/28/2026,662.0,674.7,645.1,645.1,-2.55,11500.0,794.9,564.4
PRIN,4/29/2026,645.1,646.0,638.0,646.0,0.14,7930.0,794.9,564.4
PRIN,4/30/2026,641.7,650.0,637.0,646.7,0.78,6676.0,794.9,564.4
PRIN,5/4/2026,646.0,646.0,636.3,637.1,-1.38,4762.0,794.9,564.4
PRIN,5/5/2026,635.5,648.0,630.0,636.0,0.08,4451.0,794.9,564.4
PRIN,5/6/2026,635.9,636.0,633.1,633.7,-0.35,8098.0,794.9,564.4
PRIN,5/7/2026,635.0,635.0,630.0,634.9,-0.02,5341.0,794.9,564.4
PRIN,5/8/2026,637.0,648.0,636.1,642.0,0.78,2152.0,794.9,564.4
PRIN,5/11/2026,642.2,656.7,642.2,650.6,1.31,4956.0,794.9,564.4
PRIN,5/12/2026,650.0,656.8,645.1,648.0,-0.31,3398.0,794.9,564.4
PRIN,5/13/2026,680.0,680.0,645.0,653.8,-3.85,3884.0,794.9,564.4
PRIN,5/14/2026,654.0,654.9,645.0,654.0,0.0,6964.0,794.9,564.4
PRIN,5/15/2026,645.1,653.0,637.7,648.0,0.45,3587.0,794.9,564.4
PRIN,5/18/2026,645.1,650.0,645.0,646.0,0.14,2639.0,794.9,564.4
PRIN,5/19/2026,640.1,659.9,640.0,655.0,2.33,5625.0,794.9,564.4
PRIN,5/20/2026,654.9,662.0,650.5,657.7,0.43,6468.0,794.9,564.4
PRIN,5/21/2026,660.0,668.0,655.0,660.0,0.0,5447.0,794.9,564.4
PRIN,5/22/2026,646.1,665.0,646.1,662.0,2.46,1089.0,794.9,564.4
PRIN,5/25/2026,669.9,669.9,656.0,665.0,-0.73,4007.0,794.9,564.4
PRIN,5/26/2026,665.0,667.0,660.0,664.9,-0.02,7881.0,794.9,564.4
PRIN,5/27/2026,669.0,669.0,661.1,667.8,-0.18,4490.0,794.9,564.4
PRIN,6/1/2026,700.0,700.0,668.0,682.9,-2.44,25728.0,794.9,564.4
PRIN,6/2/2026,691.0,691.0,677.2,688.8,-0.32,10356.0,794.9,564.4
PRIN,6/3/2026,692.0,720.0,689.0,719.0,3.9,70734.0,794.9,564.4
PRIN,6/4/2026,719.0,719.6,707.0,709.0,-1.39,34446.0,794.9,564.4
PRIN,6/5/2026,720.0,720.0,699.0,703.0,-2.36,30446.0,794.9,564.4
PRIN,6/8/2026,710.0,710.0,696.1,704.9,-0.72,8610.0,794.9,564.4
PRIN,6/9/2026,703.0,703.0,684.0,695.0,-1.14,9400.0,794.9,564.4
PRIN,6/10/2026,706.9,707.0,690.0,697.0,-1.4,10986.0,794.9,564.4
PRIN,6/11/2026,695.0,717.0,695.0,703.0,1.15,28027.0,794.9,564.4
PRIN,6/12/2026,702.0,713.9,702.0,710.0,1.14,25328.0,794.9,564.4
PRIN,6/15/2026,710.0,720.0,706.1,710.0,0.0,9145.0,794.9,564.4
PRIN,6/16/2026,709.0,710.0,703.0,704.7,-0.61,21023.0,794.9,564.4
PRIN,6/17/2026,700.5,707.0,700.0,702.4,0.27,8960.0,794.9,564.4
PRIN,6/18/2026,700.5,708.0,697.0,708.0,1.07,14920.0,794.9,564.4
PRIN,6/19/2026,743.4,743.4,697.1,703.0,-5.43,9210.0,794.9,564.4
PRIN,6/22/2026,708.0,708.0,700.0,707.0,-0.14,5609.0,794.9,564.4
PRIN,6/23/2026,695.6,705.0,694.7,699.0,0.49,14791.0,794.9,564.4
PRIN,6/24/2026,682.1,695.0,681.0,686.0,0.57,9834.0,794.9,564.4
PRIN,6/26/2026,691.1,691.1,680.0,680.1,-1.59,7689.0,794.9,564.4
PRIN,6/29/2026,677.1,697.0,677.0,680.2,0.46,7216.0,794.9,564.4
PRIN,6/30/2026,699.0,699.0,672.0,679.7,-2.76,7156.0,794.9,564.4
PRIN,7/1/2026,690.0,696.0,681.0,691.0,0.14,5819.0,794.9,564.4
PRIN,7/2/2026,682.0,690.0,681.0,689.0,1.03,1837.0,794.9,564.4
PRIN,7/3/2026,697.0,700.0,677.4,700.0,0.43,7843.0,794.9,564.4
PRIN,7/6/2026,701.0,701.0,685.0,689.9,-1.58,17880.0,794.9,564.4
PRIN,7/7/2026,683.0,695.0,682.0,692.0,1.32,2927.0,794.9,564.4
PRIN,7/8/2026,692.0,692.0,675.2,685.0,-1.01,6422.0,794.9,564.4
PRIN,7/9/2026,680.0,685.0,676.2,680.1,0.01,4913.0,794.9,564.4
PRIN,7/10/2026,681.0,689.0,675.5,683.0,0.29,17699.0,794.9,564.4
PRIN,7/13/2026,683.8,683.8,672.1,676.8,-1.02,3349.0,794.9,564.4
PRIN,7/14/2026,676.8,679.0,669.1,678.0,0.18,2449.0,794.9,564.4
PRIN,7/15/2026,680.0,689.0,675.0,676.1,-0.57,5128.0,794.9,564.4
PRIN,7/16/2026,676.1,694.7,665.5,668.1,-1.18,1666.0,794.9,564.4
PRIN,7/17/2026,701.4,701.4,685.0,690.0,-1.63,6967.0,794.9,564.4
PRIN,7/20/2026,698.0,705.0,692.5,702.4,0.63,5527.0,794.9,564.4
PRIN,7/21/2026,709.8,709.8,686.2,692.0,-2.51,6285.0,794.9,564.4
PRIN,7/22/2026,685.1,689.9,681.1,685.0,-0.01,4288.0,794.9,564.4
PRIN,7/23/2026,685.0,690.0,680.0,688.0,0.44,5611.0,794.9,564.4
PRIN,7/24/2026,697.0,702.8,689.0,695.0,-0.29,8742.0,794.9,564.4
PRIN,7/27/2026,697.0,697.0,680.1,680.4,-2.38,4966.0,794.9,564.4
PRIN,7/28/2026,678.6,689.0,678.3,679.0,0.06,3693.0,794.9,564.4
PRIN,7/29/2026,674.0,688.3,668.3,676.6,0.39,4698.0,794.9,564.4
PRIN,7/30/2026,680.0,688.9,671.2,679.0,-0.15,1156.0,794.9,564.4
PRIN,7/31/2026,671.3,680.0,671.3,680.0,1.3,931.0,794.9,564.4
PRIN,8/3/2026,682.0,682.0,671.0,673.2,-1.29,1453.0,794.9,564.4
PRIN,8/4/2026,675.0,682.0,663.1,674.0,-0.15,3819.0,794.9,564.4
PRIN,8/5/2026,661.0,675.0,661.0,670.0,1.36,809.0,794.9,564.4
PRIN,8/6/2026,661.1,675.0,661.1,670.5,1.42,1869.0,794.9,564.4
PRIN,8/7/2026,670.5,673.0,665.1,666.0,-0.67,3998.0,794.9,564.4
PRIN,8/10/2026,664.0,669.0,663.0,668.0,0.6,941.0,794.9,564.4
PRIN,8/11/2026,668.0,680.0,663.8,669.3,0.19,1425.0,794.9,564.4
PRIN,8/12/2026,669.5,670.0,663.7,666.9,-0.39,4500.0,794.9,564.4
PRIN,8/13/2026,656.0,668.9,656.0,664.5,1.3,1177.0,794.9,564.4
PRIN,8/14/2026,665.0,670.0,661.2,662.0,-0.45,5491.0,794.9,564.4
PRIN,8/17/2026,663.0,665.0,658.1,658.1,-0.74,971.0,794.9,564.4
PRIN,8/18/2026,658.1,664.0,658.1,660.0,0.29,4200.0,794.9,564.4
PRIN,8/19/2026,652.2,659.8,652.1,656.0,0.58,2403.0,794.9,564.4
PRIN,8/20/2026,649.0,657.8,648.1,652.0,0.46,5322.0,794.9,564.4
PRIN,8/21/2026,665.0,665.0,648.0,650.0,-2.26,4800.0,794.9,564.4
PRIN,8/24/2026,650.0,659.0,640.0,643.0,-1.08,9309.0,794.9,564.4
PRIN,8/25/2026,642.1,642.1,633.0,640.0,-0.33,6724.0,794.9,564.4
PRIN,8/26/2026,633.0,633.0,596.0,600.0,-5.21,34021.0,794.9,564.4
PRIN,8/27/2026,595.0,600.0,579.1,599.6,0.77,6616.0,794.9,564.4
PRIN,8/31/2026,583.0,590.0,573.0,573.2,-1.68,7325.0,794.9,564.4
PRIN,9/1/2026,573.2,585.0,564.4,584.9,2.04,18237.0,794.9,564.4
PRIN,9/2/2026,583.0,606.0,575.0,594.0,1.89,21512.0,794.9,564.4
PRIN,9/3/2026,585.2,595.0,583.6,593.0,1.33,1668.0,794.9,564.4
PRIN,9/7/2026,605.0,611.0,587.1,600.0,-0.83,7620.0,794.9,564.4
PRIN,9/9/2026,570.0,612.0,570.0,594.0,4.21,5985.0,794.9,564.4
PRIN,9/10/2026,595.0,595.0,580.1,590.0,-0.84,7097.0,794.9,564.4
PRIN,9/11/2026,593.0,593.0,583.2,592.1,-0.15,1733.0,794.9,564.4
PRIN,9/14/2026,593.1,605.0,593.1,602.0,1.5,5810.0,794.9,564.4
PRIN,9/15/2026,630.0,631.0,605.0,610.2,-3.14,14313.0,794.9,564.4
PRIN,9/16/2026,603.0,608.0,593.0,600.0,-0.5,19333.0,794.9,564.4
PRIN,9/17/2026,600.0,606.9,595.0,600.0,0.0,7600.0,794.9,564.4
PRIN,9/18/2026,593.9,603.9,593.0,602.9,1.52,4527.0,794.9,564.4
PRIN,9/22/2026,605.0,610.0,602.0,609.9,0.81,10612.0,794.9,564.4
PRIN,9/23/2026,606.4,606.4,596.0,601.9,-0.74,2657.0,794.9,564.4
PRIN,9/24/2026,601.9,601.9,590.0,592.0,-1.64,8386.0,794.9,564.4
PRIN,9/28/2026,592.0,605.0,590.2,591.0,-0.17,11676.0,794.9,564.4
PRIN,9/29/2026,595.0,595.0,589.0,0.0,-100.0,1721.0,794.9,564.4
PRIN,9/30/2026,595.0,595.0,586.0,590.0,-0.84,3864.0,794.9,564.4
PRIN,10/1/2026,590.0,591.0,585.0,590.0,0.0,5275.0,794.9,564.4
PRIN,10/2/2026,584.1,595.0,584.0,585.0,0.15,4007.0,794.9,564.4
PROFL,5/12/2011,136.0,136.0,136.0,136.0,,60.0,522.0,360.1
PROFL,5/19/2011,136.0,135.0,135.0,135.0,-0.74,21840.0,522.0,360.1
PROFL,5/22/2011,135.0,135.0,135.0,135.0,0.0,280.0,522.0,360.1
PROFL,5/23/2011,135.0,135.0,135.0,135.0,0.0,2800.0,522.0,360.1
PROFL,6/2/2011,135.0,135.0,135.0,135.0,0.0,400.0,522.0,360.1
PROFL,9/6/2011,135.0,133.0,133.0,133.0,-1.48,20.0,522.0,360.1
PROFL,10/19/2011,133.0,131.0,131.0,131.0,-1.5,3890.0,522.0,360.1
PROFL,1/16/2012,131.0,129.0,129.0,129.0,-1.53,160.0,522.0,360.1
PROFL,1/22/2012,129.0,129.0,129.0,129.0,0.0,4800.0,522.0,360.1
PROFL,1/31/2012,129.0,127.0,127.0,127.0,-1.55,20.0,522.0,360.1
PROFL,3/1/2012,127.0,129.0,129.0,129.0,1.57,1000.0,522.0,360.1
PROFL,3/4/2012,129.0,133.0,131.0,133.0,3.1,1950.0,522.0,360.1
PROFL,3/5/2012,133.0,137.0,135.0,137.0,3.01,2000.0,522.0,360.1
PROFL,3/6/2012,137.0,143.0,139.0,143.0,4.38,2280.0,522.0,360.1
PROFL,3/12/2012,143.0,145.0,145.0,145.0,1.4,480.0,522.0,360.1
PROFL,3/18/2012,145.0,143.0,143.0,143.0,-1.38,1090.0,522.0,360.1
PROFL,3/27/2012,143.0,141.0,139.0,139.0,-2.8,2170.0,522.0,360.1
PROFL,3/28/2012,139.0,139.0,139.0,139.0,0.0,1260.0,522.0,360.1
PROFL,4/1/2012,139.0,137.0,135.0,135.0,-2.88,4810.0,522.0,360.1
PROFL,4/8/2012,135.0,133.0,131.0,131.0,-2.96,5210.0,522.0,360.1
PROFL,4/12/2012,131.0,129.0,127.0,127.0,-3.05,4600.0,522.0,360.1
PROFL,5/20/2012,127.0,129.0,129.0,129.0,1.57,700.0,522.0,360.1
PROFL,5/29/2012,129.0,127.0,125.0,125.0,-3.1,4010.0,522.0,360.1
PROFL,5/30/2012,125.0,125.0,125.0,125.0,0.0,800.0,522.0,360.1
PROFL,6/17/2012,125.0,125.0,125.0,125.0,0.0,200.0,522.0,360.1
PROFL,4/21/2014,125.0,125.0,125.0,125.0,0.0,120.0,522.0,360.1
PROFL,4/22/2014,125.0,123.0,123.0,123.0,-1.6,140.0,522.0,360.1
PROFL,4/23/2014,123.0,121.0,121.0,121.0,-1.63,120.0,522.0,360.1
PROFL,5/28/2014,121.0,119.0,117.0,117.0,-3.31,140.0,522.0,360.1
PROFL,6/1/2014,117.0,115.0,115.0,115.0,-1.71,20.0,522.0,360.1
PROFL,6/3/2014,115.0,113.0,113.0,113.0,-1.74,120.0,522.0,360.1
PROFL,6/5/2014,113.0,111.0,111.0,111.0,-1.77,560.0,522.0,360.1
PROFL,6/18/2014,111.0,113.0,113.0,113.0,1.8,120.0,522.0,360.1
PROFL,7/6/2014,113.0,111.0,111.0,111.0,-1.77,480.0,522.0,360.1
PROFL,7/15/2014,111.0,109.0,109.0,109.0,-1.8,200.0,522.0,360.1
PROFL,7/16/2014,109.0,111.0,110.0,110.0,0.92,240.0,522.0,360.1
PROFL,7/17/2014,110.0,115.0,112.0,115.0,4.55,400.0,522.0,360.1
PROFL,7/30/2014,115.0,119.0,104.0,112.0,-2.61,115560.0,522.0,360.1
PROFL,8/3/2014,112.0,116.0,112.0,116.0,3.57,14280.0,522.0,360.1
PROFL,8/4/2014,116.0,116.0,116.0,116.0,0.0,160.0,522.0,360.1
PROFL,8/14/2014,116.0,126.0,118.0,126.0,8.62,50.0,522.0,360.1
PROFL,8/18/2014,126.0,136.0,128.0,136.0,7.94,590.0,522.0,360.1
PROFL,8/19/2014,136.0,140.0,138.0,140.0,2.94,620.0,522.0,360.1
PROFL,8/21/2014,140.0,144.0,138.0,144.0,2.86,10360.0,522.0,360.1
PROFL,8/28/2014,144.0,148.0,146.0,146.0,1.39,360.0,522.0,360.1
PROFL,9/21/2014,146.0,147.0,147.0,147.0,0.68,80.0,522.0,360.1
PROFL,9/22/2014,147.0,145.0,145.0,145.0,-1.36,510.0,522.0,360.1
PROFL,11/20/2014,145.0,145.0,145.0,145.0,0.0,520.0,522.0,360.1
PROFL,11/23/2014,145.0,146.0,146.0,146.0,0.69,100.0,522.0,360.1
PROFL,1/1/2015,146.0,144.0,144.0,144.0,-1.37,140.0,522.0,360.1
PROFL,1/18/2015,144.0,142.0,142.0,142.0,-1.39,120.0,522.0,360.1
PROFL,1/19/2015,142.0,156.0,144.0,156.0,9.86,330.0,522.0,360.1
PROFL,1/20/2015,156.0,157.0,157.0,157.0,0.64,120.0,522.0,360.1
PROFL,1/26/2015,157.0,172.0,160.0,172.0,9.55,820.0,522.0,360.1
PROFL,1/28/2015,172.0,175.0,172.0,172.0,0.0,130.0,522.0,360.1
PROFL,2/4/2015,172.0,175.0,175.0,175.0,1.74,250.0,522.0,360.1
PROFL,2/10/2015,175.0,175.0,172.0,172.0,-1.71,280.0,522.0,360.1
PROFL,2/11/2015,172.0,178.0,175.0,176.0,2.33,260.0,522.0,360.1
PROFL,2/18/2015,176.0,179.0,176.0,179.0,1.7,300.0,522.0,360.1
PROFL,2/22/2015,179.0,176.0,176.0,176.0,-1.68,200.0,522.0,360.1
PROFL,2/23/2015,176.0,179.0,176.0,179.0,1.7,2180.0,522.0,360.1
PROFL,2/24/2015,179.0,181.0,175.0,175.0,-2.23,200.0,522.0,360.1
PROFL,4/15/2015,175.0,172.0,169.0,169.0,-3.43,90.0,522.0,360.1
PROFL,4/21/2015,169.0,166.0,166.0,166.0,-1.78,100.0,522.0,360.1
PROFL,5/27/2015,166.0,166.0,166.0,166.0,0.0,160.0,522.0,360.1
PROFL,6/24/2015,166.0,163.0,160.0,160.0,-3.61,780.0,522.0,360.1
PROFL,7/2/2015,160.0,161.0,161.0,161.0,0.63,1010.0,522.0,360.1
PROFL,7/5/2015,161.0,158.0,145.0,145.0,-9.94,10500.0,522.0,360.1
PROFL,7/6/2015,145.0,143.0,141.0,141.0,-2.76,100.0,522.0,360.1
PROFL,7/7/2015,141.0,145.0,141.0,143.0,1.42,56640.0,522.0,360.1
PROFL,7/15/2015,125.0,135.0,127.0,135.0,-5.59,100.0,522.0,360.1
PROFL,7/16/2015,135.0,145.0,137.0,145.0,7.41,20000.0,522.0,360.1
PROFL,7/29/2015,145.0,145.0,145.0,145.0,0.0,47420.0,522.0,360.1
PROFL,8/18/2015,145.0,147.0,147.0,147.0,1.38,20.0,522.0,360.1
PROFL,9/3/2015,147.0,149.0,149.0,149.0,1.36,20.0,522.0,360.1
PROFL,9/6/2015,149.0,151.0,151.0,151.0,1.34,20.0,522.0,360.1
PROFL,9/9/2015,151.0,154.0,153.0,153.0,1.32,340.0,522.0,360.1
PROFL,9/10/2015,153.0,160.0,151.0,154.0,0.65,850.0,522.0,360.1
PROFL,9/17/2015,154.0,161.0,157.0,161.0,4.55,160.0,522.0,360.1
PROFL,9/22/2015,161.0,158.0,158.0,158.0,-1.86,20.0,522.0,360.1
PROFL,9/23/2015,158.0,161.0,161.0,161.0,1.9,20.0,522.0,360.1
PROFL,11/3/2015,161.0,164.0,155.0,155.0,-3.73,510.0,522.0,360.1
PROFL,11/16/2015,155.0,158.0,158.0,158.0,1.94,2000.0,522.0,360.1
PROFL,11/22/2015,158.0,161.0,161.0,161.0,1.9,40.0,522.0,360.1
PROFL,12/1/2015,161.0,158.0,149.0,149.0,-7.45,480.0,522.0,360.1
PROFL,12/2/2015,149.0,151.0,151.0,151.0,1.34,30.0,522.0,360.1
PROFL,12/21/2015,151.0,148.0,146.0,146.0,-3.31,130.0,522.0,360.1
PROFL,12/24/2015,146.0,144.0,144.0,144.0,-1.37,40.0,522.0,360.1
PROFL,12/27/2015,144.0,142.0,136.0,136.0,-5.56,300.0,522.0,360.1
PROFL,12/28/2015,136.0,136.0,132.0,132.0,-2.94,470.0,522.0,360.1
PROFL,12/29/2015,132.0,132.0,130.0,132.0,0.0,250.0,522.0,360.1
PROFL,12/31/2015,132.0,130.0,130.0,130.0,-1.52,60.0,522.0,360.1
PROFL,1/3/2016,130.0,128.0,128.0,128.0,-1.54,90.0,522.0,360.1
PROFL,1/4/2016,128.0,126.0,126.0,126.0,-1.56,240.0,522.0,360.1
PROFL,1/5/2016,126.0,124.0,124.0,124.0,-1.59,160.0,522.0,360.1
PROFL,1/11/2016,124.0,122.0,122.0,122.0,-1.61,30.0,522.0,360.1
PROFL,1/12/2016,122.0,122.0,122.0,122.0,0.0,320.0,522.0,360.1
PROFL,1/13/2016,122.0,120.0,118.0,118.0,-3.28,70.0,522.0,360.1
PROFL,1/14/2016,118.0,126.0,116.0,126.0,6.78,11060.0,522.0,360.1
PROFL,1/21/2016,126.0,128.0,128.0,128.0,1.59,50.0,522.0,360.1
PROFL,2/14/2016,128.0,140.0,130.0,140.0,9.38,60.0,522.0,360.1
PROFL,2/15/2016,140.0,154.0,142.0,154.0,10.0,2110.0,522.0,360.1
PROFL,2/16/2016,154.0,169.0,157.0,169.0,9.74,2670.0,522.0,360.1
PROFL,2/17/2016,169.0,175.0,172.0,175.0,3.55,35.0,522.0,360.1
PROFL,2/18/2016,175.0,178.0,178.0,178.0,1.71,20.0,522.0,360.1
PROFL,2/22/2016,178.0,187.0,181.0,187.0,5.06,65.0,522.0,360.1
PROFL,2/23/2016,187.0,184.0,182.0,183.0,-2.14,583.0,522.0,360.1
PROFL,4/3/2016,183.0,180.0,174.0,174.0,-4.92,30.0,522.0,360.1
PROFL,4/4/2016,174.0,171.0,160.0,160.0,-8.05,750.0,522.0,360.1
PROFL,4/5/2016,160.0,157.0,157.0,157.0,-1.88,100.0,522.0,360.1
PROFL,4/6/2016,157.0,154.0,148.0,148.0,-5.73,400.0,522.0,360.1
PROFL,4/10/2016,148.0,159.0,149.0,159.0,7.43,1300.0,522.0,360.1
PROFL,4/11/2016,159.0,168.0,149.0,153.0,-3.77,6550.0,522.0,360.1
PROFL,4/12/2016,153.0,157.0,150.0,154.0,0.65,2930.0,522.0,360.1
PROFL,4/14/2016,154.0,153.0,152.0,153.0,-0.65,880.0,522.0,360.1
PROFL,4/17/2016,153.0,156.0,150.0,153.0,0.0,3410.0,522.0,360.1
PROFL,4/18/2016,153.0,156.0,150.0,156.0,1.96,2170.0,522.0,360.1
PROFL,4/19/2016,156.0,158.0,155.0,155.0,-0.64,1200.0,522.0,360.1
PROFL,4/20/2016,155.0,158.0,152.0,158.0,1.94,8440.0,522.0,360.1
PROFL,4/21/2016,158.0,161.0,154.0,154.0,-2.53,5950.0,522.0,360.1
PROFL,4/24/2016,154.0,151.0,151.0,151.0,-1.95,300.0,522.0,360.1
PROFL,4/25/2016,151.0,157.0,153.0,157.0,3.97,5010.0,522.0,360.1
PROFL,4/26/2016,157.0,157.0,154.0,154.0,-1.91,1040.0,522.0,360.1
PROFL,4/27/2016,154.0,164.0,157.0,163.0,5.84,3321.0,522.0,360.1
PROFL,4/28/2016,163.0,167.0,160.0,160.0,-1.84,5320.0,522.0,360.1
PROFL,5/2/2016,160.0,166.0,163.0,166.0,3.75,3720.0,522.0,360.1
PROFL,5/3/2016,166.0,167.0,162.0,167.0,0.6,4949.0,522.0,360.1
PROFL,5/4/2016,167.0,165.0,165.0,165.0,-1.2,105.0,522.0,360.1
PROFL,5/5/2016,165.0,162.0,159.0,159.0,-3.64,400.0,522.0,360.1
PROFL,5/9/2016,159.0,171.0,162.0,171.0,7.55,630.0,522.0,360.1
PROFL,5/10/2016,171.0,171.0,171.0,171.0,0.0,100.0,522.0,360.1
PROFL,5/16/2016,171.0,168.0,165.0,165.0,-3.51,100.0,522.0,360.1
PROFL,5/17/2016,165.0,163.0,163.0,163.0,-1.21,690.0,522.0,360.1
PROFL,5/18/2016,163.0,166.0,165.0,166.0,1.84,250.0,522.0,360.1
PROFL,5/19/2016,166.0,169.0,163.0,163.0,-1.81,400.0,522.0,360.1
PROFL,5/22/2016,163.0,166.0,161.0,161.0,-1.23,2393.0,522.0,360.1
PROFL,5/23/2016,161.0,167.0,164.0,167.0,3.73,4015.0,522.0,360.1
PROFL,5/24/2016,167.0,165.0,164.0,165.0,-1.2,1320.0,522.0,360.1
PROFL,5/25/2016,165.0,167.0,162.0,165.0,0.0,2210.0,522.0,360.1
PROFL,5/26/2016,165.0,163.0,163.0,163.0,-1.21,230.0,522.0,360.1
PROFL,5/29/2016,163.0,168.0,166.0,167.0,2.45,1130.0,522.0,360.1
PROFL,5/30/2016,167.0,173.0,170.0,170.0,1.8,2350.0,522.0,360.1
PROFL,5/31/2016,170.0,170.0,170.0,170.0,0.0,360.0,522.0,360.1
PROFL,6/1/2016,170.0,170.0,167.0,170.0,0.0,200.0,522.0,360.1
PROFL,6/2/2016,170.0,170.0,170.0,170.0,0.0,800.0,522.0,360.1
PROFL,6/5/2016,170.0,169.0,164.0,164.0,-3.53,780.0,522.0,360.1
PROFL,6/6/2016,164.0,167.0,166.0,166.0,1.22,1020.0,522.0,360.1
PROFL,6/7/2016,166.0,168.0,165.0,165.0,-0.6,2620.0,522.0,360.1
PROFL,6/9/2016,165.0,165.0,162.0,162.0,-1.82,1500.0,522.0,360.1
PROFL,6/12/2016,162.0,163.0,161.0,161.0,-0.62,1040.0,522.0,360.1
PROFL,6/13/2016,161.0,161.0,160.0,160.0,-0.62,1325.0,522.0,360.1
PROFL,6/14/2016,160.0,170.0,163.0,167.0,4.37,2000.0,522.0,360.1
PROFL,6/15/2016,167.0,177.0,165.0,175.0,4.79,4210.0,522.0,360.1
PROFL,6/16/2016,175.0,192.0,175.0,192.0,9.71,1835.0,522.0,360.1
PROFL,6/19/2016,192.0,192.0,189.0,189.0,-1.56,330.0,522.0,360.1
PROFL,6/20/2016,189.0,188.0,180.0,180.0,-4.76,3850.0,522.0,360.1
PROFL,6/21/2016,180.0,198.0,183.0,198.0,10.0,13440.0,522.0,360.1
PROFL,6/22/2016,198.0,205.0,197.0,201.0,1.52,3210.0,522.0,360.1
PROFL,6/23/2016,201.0,201.0,194.0,199.0,-1.0,2760.0,522.0,360.1
PROFL,6/26/2016,199.0,218.0,202.0,218.0,9.55,6750.0,522.0,360.1
PROFL,6/27/2016,218.0,216.0,207.0,211.0,-3.21,2320.0,522.0,360.1
PROFL,6/28/2016,211.0,220.0,210.0,217.0,2.84,2490.0,522.0,360.1
PROFL,6/29/2016,217.0,236.0,221.0,226.0,4.15,5465.0,522.0,360.1
PROFL,6/30/2016,226.0,230.0,220.0,220.0,-2.65,1840.0,522.0,360.1
PROFL,7/3/2016,220.0,224.0,220.0,220.0,0.0,1700.0,522.0,360.1
PROFL,7/4/2016,220.0,220.0,217.0,217.0,-1.36,3925.0,522.0,360.1
PROFL,7/5/2016,217.0,215.0,214.0,214.0,-1.38,1300.0,522.0,360.1
PROFL,7/6/2016,214.0,235.0,215.0,235.0,9.81,21398.0,522.0,360.1
PROFL,7/10/2016,235.0,239.0,231.0,234.0,-0.43,7160.0,522.0,360.1
PROFL,7/11/2016,234.0,230.0,230.0,230.0,-1.71,300.0,522.0,360.1
PROFL,7/12/2016,230.0,228.0,222.0,224.0,-2.61,4800.0,522.0,360.1
PROFL,7/13/2016,224.0,224.0,212.0,224.0,0.0,1145.0,522.0,360.1
PROFL,7/14/2016,224.0,232.0,224.0,232.0,3.57,3690.0,522.0,360.1
PROFL,7/17/2016,232.0,232.0,220.0,220.0,-5.17,1200.0,522.0,360.1
PROFL,7/18/2016,220.0,224.0,220.0,220.0,0.0,3400.0,522.0,360.1
PROFL,7/19/2016,220.0,220.0,218.0,218.0,-0.91,3360.0,522.0,360.1
PROFL,7/20/2016,218.0,234.0,222.0,228.0,4.59,7200.0,522.0,360.1
PROFL,7/21/2016,228.0,244.0,231.0,235.0,3.07,7065.0,522.0,360.1
PROFL,7/25/2016,235.0,258.0,235.0,258.0,9.79,15225.0,522.0,360.1
PROFL,7/26/2016,258.0,283.0,263.0,283.0,9.69,21474.0,522.0,360.1
PROFL,7/27/2016,283.0,311.0,288.0,311.0,9.89,29020.0,522.0,360.1
PROFL,7/28/2016,311.0,329.0,289.0,299.0,-3.86,10903.0,522.0,360.1
PROFL,7/31/2016,299.0,306.0,285.0,306.0,2.34,8955.0,522.0,360.1
PROFL,8/1/2016,306.0,300.0,280.0,292.0,-4.58,7281.0,522.0,360.1
PROFL,8/2/2016,292.0,288.0,273.0,273.0,-6.51,2780.0,522.0,360.1
PROFL,8/3/2016,273.0,275.0,272.0,272.0,-0.37,1420.0,522.0,360.1
PROFL,8/4/2016,272.0,275.0,261.0,265.0,-2.57,5161.0,522.0,360.1
PROFL,8/7/2016,265.0,265.0,255.0,255.0,-3.77,3600.0,522.0,360.1
PROFL,8/8/2016,255.0,250.0,250.0,250.0,-1.96,100.0,522.0,360.1
PROFL,8/10/2016,250.0,270.0,255.0,270.0,8.0,2068.0,522.0,360.1
PROFL,8/11/2016,270.0,275.0,265.0,265.0,-1.85,1000.0,522.0,360.1
PROFL,8/14/2016,265.0,260.0,255.0,255.0,-3.77,900.0,522.0,360.1
PROFL,8/15/2016,255.0,250.0,238.0,238.0,-6.67,3050.0,522.0,360.1
PROFL,8/16/2016,238.0,234.0,234.0,234.0,-1.68,10.0,522.0,360.1
PROFL,8/17/2016,234.0,257.0,238.0,257.0,9.83,850.0,522.0,360.1
PROFL,8/21/2016,257.0,265.0,255.0,260.0,1.17,910.0,522.0,360.1
PROFL,8/22/2016,260.0,260.0,255.0,260.0,0.0,1200.0,522.0,360.1
PROFL,9/1/2016,260.0,255.0,245.0,245.0,-5.77,2100.0,522.0,360.1
PROFL,9/3/2016,245.0,249.0,249.0,249.0,1.63,10.0,522.0,360.1
PROFL,9/4/2016,245.0,249.0,249.0,249.0,0.0,10.0,522.0,360.1
PROFL,9/5/2016,249.0,273.0,245.0,270.0,8.43,2310.0,522.0,360.1
PROFL,9/6/2016,270.0,290.0,262.0,262.0,-2.96,3415.0,522.0,360.1
PROFL,9/7/2016,262.0,265.0,257.0,265.0,1.15,1340.0,522.0,360.1
PROFL,9/8/2016,265.0,270.0,265.0,270.0,1.89,210.0,522.0,360.1
PROFL,9/11/2016,270.0,275.0,270.0,270.0,0.0,300.0,522.0,360.1
PROFL,9/14/2016,270.0,268.0,268.0,268.0,-0.74,400.0,522.0,360.1
PROFL,9/20/2016,268.0,268.0,268.0,268.0,0.0,820.0,522.0,360.1
PROFL,9/21/2016,268.0,265.0,260.0,265.0,-1.12,470.0,522.0,360.1
PROFL,9/28/2016,265.0,260.0,246.0,246.0,-7.17,1550.0,522.0,360.1
PROFL,9/29/2016,246.0,246.0,242.0,246.0,0.0,920.0,522.0,360.1
PROFL,10/2/2016,246.0,245.0,237.0,237.0,-3.66,1200.0,522.0,360.1
PROFL,10/3/2016,237.0,241.0,241.0,241.0,1.69,1400.0,522.0,360.1
PROFL,10/5/2016,241.0,241.0,237.0,237.0,-1.66,580.0,522.0,360.1
PROFL,10/6/2016,237.0,245.0,241.0,245.0,3.38,200.0,522.0,360.1
PROFL,10/16/2016,245.0,245.0,245.0,245.0,0.0,50.0,522.0,360.1
PROFL,10/18/2016,245.0,253.0,248.0,251.0,2.45,2060.0,522.0,360.1
PROFL,10/19/2016,251.0,261.0,256.0,261.0,3.98,150.0,522.0,360.1
PROFL,10/20/2016,261.0,269.0,262.0,264.0,1.15,750.0,522.0,360.1
PROFL,10/23/2016,264.0,259.0,259.0,259.0,-1.89,1000.0,522.0,360.1
PROFL,10/27/2016,259.0,255.0,255.0,255.0,-1.54,5550.0,522.0,360.1
PROFL,11/7/2016,255.0,255.0,250.0,254.0,-0.39,12560.0,522.0,360.1
PROFL,11/8/2016,254.0,249.0,232.0,232.0,-8.66,16420.0,522.0,360.1
PROFL,11/9/2016,232.0,230.0,226.0,230.0,-0.86,18390.0,522.0,360.1
PROFL,11/10/2016,230.0,242.0,230.0,230.0,0.0,14840.0,522.0,360.1
PROFL,11/13/2016,230.0,228.0,228.0,228.0,-0.87,500.0,522.0,360.1
PROFL,11/14/2016,228.0,225.0,225.0,225.0,-1.32,1000.0,522.0,360.1
PROFL,11/15/2016,225.0,229.0,225.0,225.0,0.0,40010.0,522.0,360.1
PROFL,11/16/2016,225.0,229.0,229.0,229.0,1.78,16850.0,522.0,360.1
PROFL,11/17/2016,229.0,225.0,222.0,222.0,-3.06,800.0,522.0,360.1
PROFL,12/1/2016,222.0,226.0,226.0,226.0,1.8,250.0,522.0,360.1
PROFL,12/15/2016,226.0,222.0,222.0,222.0,-1.77,10.0,522.0,360.1
PROFL,12/18/2016,222.0,218.0,200.0,201.0,-9.46,19740.0,522.0,360.1
PROFL,12/19/2016,201.0,198.0,197.0,197.0,-1.99,650.0,522.0,360.1
PROFL,12/20/2016,197.0,194.0,191.0,191.0,-3.05,150.0,522.0,360.1
PROFL,12/21/2016,191.0,188.0,188.0,188.0,-1.57,50.0,522.0,360.1
PROFL,12/26/2016,188.0,185.0,170.0,170.0,-9.57,350.0,522.0,360.1
PROFL,12/27/2016,170.0,167.0,155.0,155.0,-8.82,720.0,522.0,360.1
PROFL,12/28/2016,155.0,153.0,152.0,152.0,-1.94,350.0,522.0,360.1
PROFL,1/1/2017,152.0,158.0,155.0,158.0,3.95,150.0,522.0,360.1
PROFL,1/2/2017,158.0,168.0,156.0,168.0,6.33,530.0,522.0,360.1
PROFL,1/3/2017,168.0,179.0,170.0,175.0,4.17,3060.0,522.0,360.1
PROFL,1/4/2017,175.0,181.0,178.0,181.0,3.43,370.0,522.0,360.1
PROFL,1/5/2017,181.0,178.0,172.0,172.0,-4.97,1805.0,522.0,360.1
PROFL,1/8/2017,172.0,169.0,167.0,167.0,-2.91,400.0,522.0,360.1
PROFL,1/15/2017,167.0,170.0,170.0,170.0,1.8,100.0,522.0,360.1
PROFL,1/17/2017,170.0,167.0,161.0,161.0,-5.29,1100.0,522.0,360.1
PROFL,1/18/2017,161.0,159.0,158.0,158.0,-1.86,1100.0,522.0,360.1
PROFL,1/19/2017,158.0,163.0,160.0,163.0,3.16,600.0,522.0,360.1
PROFL,1/22/2017,163.0,166.0,166.0,166.0,1.84,100.0,522.0,360.1
PROFL,1/23/2017,166.0,167.0,158.0,167.0,0.6,61.0,522.0,360.1
PROFL,1/24/2017,167.0,169.0,165.0,169.0,1.2,1420.0,522.0,360.1
PROFL,2/2/2017,169.0,175.0,172.0,175.0,3.55,20.0,522.0,360.1
PROFL,2/6/2017,175.0,172.0,172.0,172.0,-1.71,280.0,522.0,360.1
PROFL,2/7/2017,172.0,169.0,166.0,166.0,-3.49,1680.0,522.0,360.1
PROFL,2/8/2017,166.0,169.0,169.0,169.0,1.81,580.0,522.0,360.1
PROFL,2/9/2017,169.0,170.0,167.0,167.0,-1.18,500.0,522.0,360.1
PROFL,2/12/2017,167.0,164.0,161.0,161.0,-3.59,1850.0,522.0,360.1
PROFL,2/15/2017,161.0,161.0,152.0,161.0,0.0,1985.0,522.0,360.1
PROFL,2/16/2017,161.0,160.0,160.0,160.0,-0.62,220.0,522.0,360.1
PROFL,2/19/2017,160.0,157.0,154.0,156.0,-2.5,460.0,522.0,360.1
PROFL,2/20/2017,156.0,156.0,156.0,156.0,0.0,100.0,522.0,360.1
PROFL,2/21/2017,156.0,158.0,158.0,158.0,1.28,15.0,522.0,360.1
PROFL,2/22/2017,158.0,158.0,155.0,158.0,0.0,4370.0,522.0,360.1
PROFL,2/28/2017,158.0,155.0,152.0,152.0,-3.8,300.0,522.0,360.1
PROFL,3/2/2017,152.0,153.0,150.0,153.0,0.66,3900.0,522.0,360.1
PROFL,3/5/2017,153.0,153.0,153.0,153.0,0.0,20.0,522.0,360.1
PROFL,3/6/2017,153.0,150.0,150.0,150.0,-1.96,200.0,522.0,360.1
PROFL,3/7/2017,150.0,149.0,148.0,149.0,-0.67,10140.0,522.0,360.1
PROFL,3/9/2017,149.0,147.0,147.0,147.0,-1.34,100.0,522.0,360.1
PROFL,3/13/2017,147.0,149.0,149.0,149.0,1.36,100.0,522.0,360.1
PROFL,3/19/2017,149.0,147.0,147.0,147.0,-1.34,80.0,522.0,360.1
PROFL,3/20/2017,147.0,160.0,149.0,160.0,8.84,1930.0,522.0,360.1
PROFL,3/21/2017,160.0,175.0,163.0,172.0,7.5,2730.0,522.0,360.1
PROFL,3/22/2017,172.0,177.0,175.0,177.0,2.91,270.0,522.0,360.1
PROFL,3/23/2017,177.0,177.0,174.0,174.0,-1.69,2400.0,522.0,360.1
PROFL,3/26/2017,174.0,177.0,177.0,177.0,1.72,450.0,522.0,360.1
PROFL,3/28/2017,177.0,184.0,180.0,184.0,3.95,2150.0,522.0,360.1
PROFL,3/29/2017,184.0,181.0,181.0,181.0,-1.63,100.0,522.0,360.1
PROFL,3/30/2017,181.0,180.0,180.0,180.0,-0.55,500.0,522.0,360.1
PROFL,4/2/2017,180.0,183.0,179.0,183.0,1.67,1200.0,522.0,360.1
PROFL,4/3/2017,183.0,180.0,180.0,180.0,-1.64,700.0,522.0,360.1
PROFL,4/9/2017,180.0,181.0,179.0,179.0,-0.56,200.0,522.0,360.1
PROFL,4/10/2017,179.0,180.0,175.0,176.0,-1.68,3885.0,522.0,360.1
PROFL,4/11/2017,176.0,173.0,170.0,170.0,-3.41,510.0,522.0,360.1
PROFL,4/12/2017,170.0,187.0,169.0,187.0,10.0,7225.0,522.0,360.1
PROFL,4/13/2017,187.0,184.0,181.0,184.0,-1.6,1870.0,522.0,360.1
PROFL,4/16/2017,184.0,190.0,181.0,184.0,0.0,2470.0,522.0,360.1
PROFL,4/19/2017,184.0,187.0,181.0,187.0,1.63,2630.0,522.0,360.1
PROFL,4/20/2017,187.0,190.0,187.0,187.0,0.0,110.0,522.0,360.1
PROFL,4/23/2017,187.0,190.0,190.0,190.0,1.6,500.0,522.0,360.1
PROFL,4/24/2017,190.0,187.0,184.0,184.0,-3.16,630.0,522.0,360.1
PROFL,4/25/2017,184.0,184.0,177.0,177.0,-3.8,1160.0,522.0,360.1
PROFL,4/26/2017,177.0,183.0,180.0,183.0,3.39,1010.0,522.0,360.1
PROFL,4/27/2017,183.0,201.0,186.0,201.0,9.84,9500.0,522.0,360.1
PROFL,4/30/2017,201.0,221.0,205.0,221.0,9.95,19160.0,522.0,360.1
PROFL,5/2/2017,221.0,240.0,217.0,233.0,5.43,8690.0,522.0,360.1
PROFL,5/3/2017,233.0,241.0,222.0,229.0,-1.72,3785.0,522.0,360.1
PROFL,5/4/2017,229.0,233.0,213.0,214.0,-6.55,5580.0,522.0,360.1
PROFL,5/7/2017,214.0,212.0,202.0,202.0,-5.61,900.0,522.0,360.1
PROFL,5/8/2017,202.0,215.0,198.0,201.0,-0.5,3370.0,522.0,360.1
PROFL,5/9/2017,201.0,213.0,205.0,213.0,5.97,970.0,522.0,360.1
PROFL,5/11/2017,213.0,213.0,209.0,213.0,0.0,510.0,522.0,360.1
PROFL,5/15/2017,213.0,234.0,217.0,234.0,9.86,3780.0,522.0,360.1
PROFL,5/16/2017,234.0,257.0,238.0,257.0,9.83,16980.0,522.0,360.1
PROFL,5/17/2017,257.0,278.0,246.0,267.0,3.89,20285.0,522.0,360.1
PROFL,5/18/2017,267.0,269.0,250.0,254.0,-4.87,7890.0,522.0,360.1
PROFL,5/21/2017,254.0,265.0,251.0,260.0,2.36,6380.0,522.0,360.1
PROFL,5/22/2017,260.0,255.0,250.0,254.0,-2.31,1805.0,522.0,360.1
PROFL,5/23/2017,254.0,256.0,245.0,252.0,-0.79,2710.0,522.0,360.1
PROFL,5/24/2017,252.0,262.0,247.0,247.0,-1.98,1080.0,522.0,360.1
PROFL,5/28/2017,247.0,250.0,237.0,241.0,-2.43,2000.0,522.0,360.1
PROFL,5/30/2017,241.0,242.0,240.0,240.0,-0.41,300.0,522.0,360.1
PROFL,5/31/2017,240.0,244.0,240.0,244.0,1.67,1760.0,522.0,360.1
PROFL,6/1/2017,244.0,244.0,242.0,242.0,-0.82,320.0,522.0,360.1
PROFL,6/4/2017,242.0,239.0,234.0,234.0,-3.31,770.0,522.0,360.1
PROFL,6/5/2017,234.0,243.0,231.0,239.0,2.14,2355.0,522.0,360.1
PROFL,6/6/2017,239.0,251.0,240.0,251.0,5.02,1430.0,522.0,360.1
PROFL,6/7/2017,251.0,251.0,246.0,246.0,-1.99,694.0,522.0,360.1
PROFL,6/8/2017,246.0,242.0,230.0,230.0,-6.5,2365.0,522.0,360.1
PROFL,6/11/2017,230.0,232.0,228.0,232.0,0.87,570.0,522.0,360.1
PROFL,6/12/2017,232.0,232.0,225.0,225.0,-3.02,1250.0,522.0,360.1
PROFL,6/13/2017,225.0,233.0,225.0,233.0,3.56,1400.0,522.0,360.1
PROFL,6/14/2017,233.0,233.0,229.0,229.0,-1.72,543.0,522.0,360.1
PROFL,6/15/2017,229.0,232.0,230.0,232.0,1.31,900.0,522.0,360.1
PROFL,6/20/2017,232.0,235.0,235.0,235.0,1.29,400.0,522.0,360.1
PROFL,6/25/2017,235.0,235.0,235.0,235.0,0.0,50.0,522.0,360.1
PROFL,6/27/2017,235.0,231.0,231.0,231.0,-1.7,40.0,522.0,360.1
PROFL,7/6/2017,231.0,231.0,212.0,212.0,-8.23,2654.0,522.0,360.1
PROFL,7/10/2017,212.0,208.0,200.0,200.0,-5.66,780.0,522.0,360.1
PROFL,7/11/2017,200.0,198.0,198.0,198.0,-1.0,100.0,522.0,360.1
PROFL,7/12/2017,198.0,196.0,196.0,196.0,-1.01,10.0,522.0,360.1
PROFL,7/13/2017,196.0,199.0,199.0,199.0,1.53,50.0,522.0,360.1
PROFL,7/16/2017,199.0,197.0,197.0,197.0,-1.01,550.0,522.0,360.1
PROFL,7/17/2017,197.0,196.0,196.0,196.0,-0.51,500.0,522.0,360.1
PROFL,7/18/2017,196.0,214.0,199.0,214.0,9.18,738.0,522.0,360.1
PROFL,7/19/2017,214.0,216.0,210.0,210.0,-1.87,1920.0,522.0,360.1
PROFL,7/20/2017,210.0,207.0,207.0,207.0,-1.43,80.0,522.0,360.1
PROFL,7/24/2017,207.0,205.0,202.0,202.0,-2.42,980.0,522.0,360.1
PROFL,7/26/2017,202.0,222.0,206.0,222.0,9.9,1950.0,522.0,360.1
PROFL,7/27/2017,222.0,228.0,220.0,224.0,0.9,7280.0,522.0,360.1
PROFL,7/30/2017,224.0,224.0,220.0,220.0,-1.79,1740.0,522.0,360.1
PROFL,8/1/2017,220.0,222.0,220.0,222.0,0.91,2056.0,522.0,360.1
PROFL,8/2/2017,222.0,223.0,222.0,223.0,0.45,198.0,522.0,360.1
PROFL,8/3/2017,223.0,225.0,225.0,225.0,0.9,500.0,522.0,360.1
PROFL,8/6/2017,225.0,225.0,225.0,225.0,0.0,1280.0,522.0,360.1
PROFL,8/7/2017,225.0,227.0,221.0,227.0,0.89,3980.0,522.0,360.1
PROFL,8/9/2017,227.0,236.0,230.0,236.0,3.96,1406.0,522.0,360.1
PROFL,8/10/2017,236.0,259.0,239.0,259.0,9.75,10752.0,522.0,360.1
PROFL,8/13/2017,259.0,265.0,246.0,246.0,-5.02,4874.0,522.0,360.1
PROFL,8/15/2017,246.0,246.0,238.0,240.0,-2.44,5096.0,522.0,360.1
PROFL,8/17/2017,240.0,243.0,227.0,243.0,1.25,2130.0,522.0,360.1
PROFL,8/20/2017,243.0,246.0,240.0,240.0,-1.23,840.0,522.0,360.1
PROFL,8/21/2017,240.0,240.0,232.0,237.0,-1.25,1020.0,522.0,360.1
PROFL,8/22/2017,237.0,244.0,234.0,244.0,2.95,410.0,522.0,360.1
PROFL,8/23/2017,244.0,244.0,232.0,232.0,-4.92,1620.0,522.0,360.1
PROFL,8/24/2017,232.0,228.0,228.0,228.0,-1.72,400.0,522.0,360.1
PROFL,8/27/2017,228.0,225.0,225.0,225.0,-1.32,10.0,522.0,360.1
PROFL,8/28/2017,225.0,225.0,225.0,225.0,0.0,400.0,522.0,360.1
PROFL,8/30/2017,225.0,221.0,218.0,218.0,-3.11,200.0,522.0,360.1
PROFL,8/31/2017,218.0,218.0,214.0,216.0,-0.92,1010.0,522.0,360.1
PROFL,9/4/2017,216.0,218.0,202.0,202.0,-6.48,1740.0,522.0,360.1
PROFL,9/6/2017,202.0,205.0,202.0,205.0,1.49,700.0,522.0,360.1
PROFL,9/7/2017,205.0,207.0,207.0,207.0,0.98,60.0,522.0,360.1
PROFL,9/10/2017,207.0,211.0,207.0,207.0,0.0,585.0,522.0,360.1
PROFL,9/11/2017,207.0,203.0,199.0,199.0,-3.86,200.0,522.0,360.1
PROFL,9/12/2017,199.0,218.0,202.0,218.0,9.55,1247.0,522.0,360.1
PROFL,9/13/2017,218.0,215.0,211.0,213.0,-2.29,2040.0,522.0,360.1
PROFL,9/14/2017,213.0,215.0,212.0,215.0,0.94,940.0,522.0,360.1
PROFL,9/17/2017,215.0,236.0,219.0,236.0,9.77,950.0,522.0,360.1
PROFL,9/18/2017,236.0,252.0,237.0,245.0,3.81,4115.0,522.0,360.1
PROFL,9/20/2017,245.0,253.0,249.0,253.0,3.27,1300.0,522.0,360.1
PROFL,9/24/2017,253.0,248.0,244.0,244.0,-3.56,120.0,522.0,360.1
PROFL,9/25/2017,244.0,240.0,236.0,236.0,-3.28,70.0,522.0,360.1
PROFL,9/26/2017,236.0,232.0,226.0,226.0,-4.24,655.0,522.0,360.1
PROFL,10/3/2017,226.0,223.0,223.0,223.0,-1.33,20.0,522.0,360.1
PROFL,10/4/2017,223.0,227.0,222.0,226.0,1.35,270.0,522.0,360.1
PROFL,10/8/2017,226.0,222.0,218.0,220.0,-2.65,230.0,522.0,360.1
PROFL,10/9/2017,220.0,216.0,216.0,216.0,-1.82,150.0,522.0,360.1
PROFL,10/11/2017,216.0,212.0,212.0,212.0,-1.85,10.0,522.0,360.1
PROFL,10/12/2017,212.0,208.0,208.0,208.0,-1.89,10.0,522.0,360.1
PROFL,10/15/2017,208.0,228.0,204.0,228.0,9.62,4112.0,522.0,360.1
PROFL,10/16/2017,228.0,236.0,224.0,236.0,3.51,660.0,522.0,360.1
PROFL,10/17/2017,236.0,240.0,240.0,240.0,1.69,170.0,522.0,360.1
PROFL,10/18/2017,240.0,236.0,236.0,236.0,-1.67,50.0,522.0,360.1
PROFL,10/23/2017,236.0,236.0,228.0,229.0,-2.97,400.0,522.0,360.1
PROFL,10/24/2017,229.0,251.0,233.0,243.0,6.11,12218.0,522.0,360.1
PROFL,10/25/2017,243.0,245.0,237.0,244.0,0.41,3848.0,522.0,360.1
PROFL,10/29/2017,244.0,245.0,240.0,240.0,-1.64,2250.0,522.0,360.1
PROFL,10/30/2017,240.0,241.0,240.0,240.0,0.0,650.0,522.0,360.1
PROFL,10/31/2017,240.0,236.0,230.0,235.0,-2.08,734.0,522.0,360.1
PROFL,11/1/2017,235.0,232.0,231.0,231.0,-1.7,240.0,522.0,360.1
PROFL,11/2/2017,231.0,230.0,229.0,230.0,-0.43,265.0,522.0,360.1
PROFL,11/6/2017,230.0,230.0,228.0,228.0,-0.87,260.0,522.0,360.1
PROFL,11/7/2017,228.0,228.0,228.0,228.0,0.0,80.0,522.0,360.1
PROFL,11/9/2017,228.0,224.0,224.0,224.0,-1.75,200.0,522.0,360.1
PROFL,11/12/2017,224.0,228.0,225.0,228.0,1.79,550.0,522.0,360.1
PROFL,11/13/2017,228.0,225.0,217.0,220.0,-3.51,4280.0,522.0,360.1
PROFL,11/14/2017,220.0,236.0,224.0,232.0,5.45,570.0,522.0,360.1
PROFL,11/15/2017,232.0,236.0,236.0,236.0,1.72,200.0,522.0,360.1
PROFL,11/19/2017,236.0,232.0,232.0,232.0,-1.69,300.0,522.0,360.1
PROFL,11/21/2017,232.0,230.0,218.0,218.0,-6.03,770.0,522.0,360.1
PROFL,11/22/2017,218.0,230.0,218.0,230.0,5.5,8040.0,522.0,360.1
PROFL,11/23/2017,230.0,238.0,232.0,237.0,3.04,680.0,522.0,360.1
PROFL,11/27/2017,237.0,233.0,222.0,224.0,-5.49,3723.0,522.0,360.1
PROFL,11/28/2017,224.0,234.0,220.0,234.0,4.46,1942.0,522.0,360.1
PROFL,11/29/2017,234.0,230.0,226.0,230.0,-1.71,700.0,522.0,360.1
PROFL,11/30/2017,230.0,228.0,226.0,226.0,-1.74,140.0,522.0,360.1
PROFL,12/4/2017,226.0,225.0,224.0,225.0,-0.44,210.0,522.0,360.1
PROFL,12/5/2017,225.0,229.0,229.0,229.0,1.78,50.0,522.0,360.1
PROFL,12/6/2017,229.0,240.0,226.0,226.0,-1.31,2532.0,522.0,360.1
PROFL,12/10/2017,226.0,230.0,226.0,226.0,0.0,660.0,522.0,360.1
PROFL,12/13/2017,226.0,225.0,217.0,217.0,-3.98,2010.0,522.0,360.1
PROFL,12/14/2017,217.0,221.0,213.0,221.0,1.84,560.0,522.0,360.1
PROFL,12/17/2017,221.0,217.0,217.0,217.0,-1.81,630.0,522.0,360.1
PROFL,12/18/2017,217.0,233.0,213.0,232.0,6.91,1754.0,522.0,360.1
PROFL,12/19/2017,232.0,236.0,220.0,236.0,1.72,6875.0,522.0,360.1
PROFL,12/20/2017,236.0,232.0,224.0,227.0,-3.81,230.0,522.0,360.1
PROFL,12/21/2017,227.0,239.0,231.0,239.0,5.29,30.0,522.0,360.1
PROFL,12/24/2017,239.0,251.0,238.0,238.0,-0.42,60.0,522.0,360.1
PROFL,12/26/2017,238.0,234.0,222.0,222.0,-6.72,715.0,522.0,360.1
PROFL,12/27/2017,222.0,218.0,213.0,213.0,-4.05,942.0,522.0,360.1
PROFL,12/28/2017,213.0,221.0,209.0,218.0,2.35,1040.0,522.0,360.1
PROFL,12/31/2017,218.0,214.0,211.0,211.0,-3.21,120.0,522.0,360.1
PROFL,1/1/2018,211.0,219.0,215.0,216.0,2.37,880.0,522.0,360.1
PROFL,1/2/2018,216.0,220.0,214.0,220.0,1.85,660.0,522.0,360.1
PROFL,1/3/2018,220.0,216.0,214.0,214.0,-2.73,620.0,522.0,360.1
PROFL,1/8/2018,214.0,220.0,216.0,216.0,0.93,320.0,522.0,360.1
PROFL,1/9/2018,216.0,216.0,212.0,216.0,0.0,1570.0,522.0,360.1
PROFL,1/10/2018,216.0,213.0,213.0,213.0,-1.39,15.0,522.0,360.1
PROFL,1/14/2018,213.0,213.0,209.0,210.0,-1.41,1954.0,522.0,360.1
PROFL,1/16/2018,210.0,210.0,207.0,207.0,-1.43,200.0,522.0,360.1
PROFL,1/17/2018,207.0,207.0,207.0,207.0,0.0,280.0,522.0,360.1
PROFL,1/21/2018,207.0,211.0,211.0,211.0,1.93,158.0,522.0,360.1
PROFL,1/22/2018,211.0,208.0,207.0,207.0,-1.9,650.0,522.0,360.1
PROFL,1/23/2018,207.0,207.0,204.0,204.0,-1.45,440.0,522.0,360.1
PROFL,1/24/2018,204.0,208.0,208.0,208.0,1.96,100.0,522.0,360.1
PROFL,1/28/2018,208.0,204.0,204.0,204.0,-1.92,200.0,522.0,360.1
PROFL,1/29/2018,204.0,201.0,201.0,201.0,-1.47,310.0,522.0,360.1
PROFL,2/1/2018,201.0,220.0,205.0,220.0,9.45,140.0,522.0,360.1
PROFL,2/4/2018,220.0,228.0,220.0,224.0,1.82,70.0,522.0,360.1
PROFL,2/5/2018,224.0,220.0,220.0,220.0,-1.79,500.0,522.0,360.1
PROFL,2/6/2018,220.0,216.0,216.0,216.0,-1.82,50.0,522.0,360.1
PROFL,2/8/2018,216.0,220.0,220.0,220.0,1.85,10.0,522.0,360.1
PROFL,2/11/2018,220.0,216.0,206.0,209.0,-5.0,510.0,522.0,360.1
PROFL,2/12/2018,209.0,205.0,197.0,203.0,-2.87,712.0,522.0,360.1
PROFL,2/14/2018,203.0,205.0,196.0,199.0,-1.97,1822.0,522.0,360.1
PROFL,2/15/2018,199.0,216.0,202.0,212.0,6.53,670.0,522.0,360.1
PROFL,2/18/2018,208.0,208.0,196.0,196.0,-7.55,1270.0,522.0,360.1
PROFL,2/20/2018,199.0,206.0,199.0,206.0,5.1,130.0,522.0,360.1
PROFL,2/22/2018,202.0,202.0,202.0,202.0,-1.94,20.0,522.0,360.1
PROFL,2/26/2018,199.0,199.0,199.0,199.0,-1.49,21227.0,522.0,360.1
PROFL,2/27/2018,202.0,202.0,202.0,202.0,1.51,50.0,522.0,360.1
PROFL,2/28/2018,199.0,199.0,193.0,193.0,-4.46,800.0,522.0,360.1
PROFL,3/4/2018,190.0,190.0,181.0,181.0,-6.22,1650.0,522.0,360.1
PROFL,3/5/2018,180.0,180.0,171.0,177.0,-2.21,9272.0,522.0,360.1
PROFL,3/6/2018,174.0,178.0,171.0,178.0,0.56,1020.0,522.0,360.1
PROFL,3/7/2018,175.0,175.0,175.0,175.0,-1.69,1250.0,522.0,360.1
PROFL,3/11/2018,175.0,175.0,172.0,172.0,-1.71,1510.0,522.0,360.1
PROFL,3/12/2018,175.0,175.0,172.0,172.0,0.0,1230.0,522.0,360.1
PROFL,3/13/2018,169.0,169.0,169.0,169.0,-1.74,100.0,522.0,360.1
PROFL,3/14/2018,172.0,172.0,172.0,172.0,1.78,30.0,522.0,360.1
PROFL,3/15/2018,170.0,170.0,169.0,170.0,-1.16,650.0,522.0,360.1
PROFL,3/19/2018,168.0,168.0,168.0,168.0,-1.18,102.0,522.0,360.1
PROFL,3/20/2018,165.0,165.0,165.0,165.0,-1.79,40.0,522.0,360.1
PROFL,3/21/2018,162.0,162.0,150.0,150.0,-9.09,3300.0,522.0,360.1
PROFL,3/22/2018,147.0,149.0,142.0,142.0,-5.33,2200.0,522.0,360.1
PROFL,3/26/2018,144.0,156.0,144.0,156.0,9.86,60.0,522.0,360.1
PROFL,3/27/2018,153.0,153.0,153.0,153.0,-1.92,593.0,522.0,360.1
PROFL,4/2/2018,156.0,156.0,156.0,156.0,1.96,20.0,522.0,360.1
PROFL,4/3/2018,153.0,153.0,153.0,153.0,-1.92,550.0,522.0,360.1
PROFL,4/4/2018,156.0,156.0,153.0,153.0,0.0,1050.0,522.0,360.1
PROFL,4/5/2018,156.0,165.0,156.0,165.0,7.84,330.0,522.0,360.1
PROFL,4/8/2018,162.0,164.0,162.0,162.0,-1.82,500.0,522.0,360.1
PROFL,4/9/2018,159.0,162.0,159.0,162.0,0.0,1200.0,522.0,360.1
PROFL,4/10/2018,159.0,162.0,153.0,153.0,-5.56,430.0,522.0,360.1
PROFL,4/11/2018,152.0,152.0,152.0,152.0,-0.65,80.0,522.0,360.1
PROFL,4/12/2018,150.0,150.0,149.0,149.0,-1.97,300.0,522.0,360.1
PROFL,4/18/2018,151.0,151.0,151.0,151.0,1.34,100.0,522.0,360.1
PROFL,4/19/2018,154.0,166.0,154.0,166.0,9.93,2210.0,522.0,360.1
PROFL,4/22/2018,169.0,182.0,169.0,182.0,9.64,1260.0,522.0,360.1
PROFL,4/23/2018,185.0,191.0,180.0,180.0,-1.1,2660.0,522.0,360.1
PROFL,4/24/2018,177.0,183.0,168.0,171.0,-5.0,29216.0,522.0,360.1
PROFL,4/25/2018,174.0,177.0,168.0,171.0,0.0,630.0,522.0,360.1
PROFL,4/29/2018,169.0,169.0,163.0,169.0,-1.17,521.0,522.0,360.1
PROFL,5/3/2018,172.0,175.0,169.0,169.0,0.0,240.0,522.0,360.1
PROFL,5/8/2018,172.0,172.0,172.0,172.0,1.78,20.0,522.0,360.1
PROFL,5/9/2018,175.0,175.0,172.0,172.0,0.0,70.0,522.0,360.1
PROFL,5/14/2018,172.0,172.0,166.0,166.0,-3.49,400.0,522.0,360.1
PROFL,5/17/2018,169.0,170.0,169.0,170.0,2.41,70.0,522.0,360.1
PROFL,5/21/2018,167.0,167.0,161.0,162.0,-4.71,320.0,522.0,360.1
PROFL,5/22/2018,165.0,171.0,165.0,171.0,5.56,630.0,522.0,360.1
PROFL,5/23/2018,168.0,168.0,168.0,168.0,-1.75,10.0,522.0,360.1
PROFL,5/24/2018,171.0,174.0,171.0,174.0,3.57,50.0,522.0,360.1
PROFL,5/27/2018,177.0,177.0,164.0,164.0,-5.75,721.0,522.0,360.1
PROFL,5/28/2018,161.0,161.0,161.0,161.0,-1.83,100.0,522.0,360.1
PROFL,5/29/2018,164.0,167.0,164.0,167.0,3.73,50.0,522.0,360.1
PROFL,5/30/2018,167.0,167.0,167.0,167.0,0.0,200.0,522.0,360.1
PROFL,5/31/2018,170.0,170.0,170.0,170.0,1.8,20.0,522.0,360.1
PROFL,6/3/2018,167.0,167.0,167.0,167.0,-1.76,200.0,522.0,360.1
PROFL,6/6/2018,170.0,170.0,170.0,170.0,1.8,10.0,522.0,360.1
PROFL,6/7/2018,167.0,167.0,164.0,164.0,-3.53,340.0,522.0,360.1
PROFL,6/10/2018,161.0,161.0,152.0,152.0,-7.32,380.0,522.0,360.1
PROFL,6/11/2018,150.0,150.0,150.0,150.0,-1.32,200.0,522.0,360.1
PROFL,6/12/2018,147.0,149.0,147.0,149.0,-0.67,178.0,522.0,360.1
PROFL,6/13/2018,148.0,151.0,148.0,151.0,1.34,480.0,522.0,360.1
PROFL,6/14/2018,148.0,153.0,146.0,153.0,1.32,1140.0,522.0,360.1
PROFL,6/18/2018,156.0,156.0,156.0,156.0,1.96,400.0,522.0,360.1
PROFL,6/19/2018,153.0,153.0,150.0,150.0,-3.85,550.0,522.0,360.1
PROFL,6/20/2018,147.0,148.0,147.0,148.0,-1.33,110.0,522.0,360.1
PROFL,6/21/2018,148.0,153.0,148.0,150.0,1.35,14378.0,522.0,360.1
PROFL,6/24/2018,150.0,156.0,150.0,150.0,0.0,555.0,522.0,360.1
PROFL,6/25/2018,150.0,150.0,150.0,150.0,0.0,30.0,522.0,360.1
PROFL,6/26/2018,150.0,150.0,147.0,147.0,-2.0,6250.0,522.0,360.1
PROFL,7/4/2018,149.0,149.0,149.0,149.0,1.36,900.0,522.0,360.1
PROFL,7/5/2018,151.0,151.0,150.0,151.0,1.34,1990.0,522.0,360.1
PROFL,7/8/2018,154.0,154.0,154.0,154.0,1.99,30.0,522.0,360.1
PROFL,7/9/2018,153.0,153.0,148.0,148.0,-3.9,790.0,522.0,360.1
PROFL,7/10/2018,150.0,151.0,145.0,145.0,-2.03,2040.0,522.0,360.1
PROFL,7/11/2018,143.0,143.0,139.0,140.0,-3.45,3590.0,522.0,360.1
PROFL,7/12/2018,140.0,140.0,138.0,138.0,-1.43,800.0,522.0,360.1
PROFL,7/17/2018,139.0,139.0,139.0,139.0,0.72,15.0,522.0,360.1
PROFL,7/18/2018,137.0,139.0,135.0,139.0,0.0,240.0,522.0,360.1
PROFL,7/19/2018,140.0,140.0,139.0,139.0,0.0,389.0,522.0,360.1
PROFL,7/22/2018,141.0,141.0,141.0,141.0,1.44,10.0,522.0,360.1
PROFL,7/23/2018,143.0,143.0,142.0,142.0,0.71,210.0,522.0,360.1
PROFL,7/24/2018,140.0,140.0,128.0,128.0,-9.86,4740.0,522.0,360.1
PROFL,7/25/2018,130.0,132.0,126.0,130.0,1.56,290.0,522.0,360.1
PROFL,7/26/2018,128.0,128.0,124.0,125.0,-3.85,930.0,522.0,360.1
PROFL,7/29/2018,127.0,127.0,120.0,120.0,-4.0,1350.0,522.0,360.1
PROFL,7/30/2018,122.0,122.0,118.0,118.0,-1.67,2089.0,522.0,360.1
PROFL,7/31/2018,120.0,120.0,116.0,116.0,-1.69,1660.0,522.0,360.1
PROFL,8/1/2018,116.0,116.0,110.0,110.0,-5.17,1750.0,522.0,360.1
PROFL,8/2/2018,112.0,114.0,112.0,114.0,3.64,110.0,522.0,360.1
PROFL,8/5/2018,112.0,112.0,108.0,108.0,-5.26,4550.0,522.0,360.1
PROFL,8/6/2018,108.0,118.0,108.0,117.0,8.33,86029.0,522.0,360.1
PROFL,8/7/2018,119.0,128.0,115.0,128.0,9.4,50585.0,522.0,360.1
PROFL,8/8/2018,105.0,105.0,103.0,103.0,-19.53,550.0,522.0,360.1
PROFL,8/12/2018,101.0,101.0,101.0,101.0,-1.94,225.0,522.0,360.1
PROFL,8/16/2018,103.0,104.0,102.0,102.0,0.99,860.0,522.0,360.1
PROFL,8/19/2018,100.0,100.0,100.0,100.0,-1.96,520.0,522.0,360.1
PROFL,8/20/2018,100.0,100.0,100.0,100.0,0.0,435.0,522.0,360.1
PROFL,8/21/2018,100.0,100.0,100.0,100.0,0.0,740.0,522.0,360.1
PROFL,8/23/2018,100.0,100.0,100.0,100.0,0.0,100.0,522.0,360.1
PROFL,8/29/2018,100.0,100.0,100.0,100.0,0.0,630.0,522.0,360.1
PROFL,9/6/2018,100.0,104.0,100.0,104.0,4.0,1500.0,522.0,360.1
PROFL,9/11/2018,102.0,102.0,102.0,102.0,-1.92,50.0,522.0,360.1
PROFL,9/12/2018,100.0,101.0,100.0,101.0,-0.98,150.0,522.0,360.1
PROFL,9/13/2018,100.0,100.0,100.0,100.0,-0.99,410.0,522.0,360.1
PROFL,9/16/2018,100.0,103.0,100.0,103.0,3.0,900.0,522.0,360.1
PROFL,9/17/2018,101.0,101.0,101.0,101.0,-1.94,590.0,522.0,360.1
PROFL,9/18/2018,101.0,101.0,101.0,101.0,0.0,20.0,522.0,360.1
PROFL,9/20/2018,103.0,103.0,102.0,103.0,1.98,360.0,522.0,360.1
PROFL,9/23/2018,103.0,103.0,101.0,101.0,-1.94,160.0,522.0,360.1
PROFL,9/25/2018,102.0,104.0,101.0,104.0,2.97,3500.0,522.0,360.1
PROFL,9/26/2018,102.0,102.0,102.0,102.0,-1.92,150.0,522.0,360.1
PROFL,10/1/2018,100.0,100.0,100.0,100.0,-1.96,40.0,522.0,360.1
PROFL,10/3/2018,100.0,100.0,100.0,100.0,0.0,170.0,522.0,360.1
PROFL,10/4/2018,102.0,104.0,102.0,104.0,4.0,100.0,522.0,360.1
PROFL,10/7/2018,106.0,106.0,106.0,106.0,1.92,200.0,522.0,360.1
PROFL,10/9/2018,104.0,104.0,102.0,102.0,-3.77,180.0,522.0,360.1
PROFL,10/10/2018,100.0,102.0,98.0,102.0,0.0,222.0,522.0,360.1
PROFL,10/11/2018,102.0,102.0,102.0,102.0,0.0,3960.0,522.0,360.1
PROFL,10/29/2018,100.0,102.0,100.0,102.0,0.0,240.0,522.0,360.1
PROFL,10/31/2018,104.0,104.0,103.0,103.0,0.98,1420.0,522.0,360.1
PROFL,11/1/2018,101.0,101.0,101.0,101.0,-1.94,100.0,522.0,360.1
PROFL,11/4/2018,101.0,101.0,101.0,101.0,0.0,1590.0,522.0,360.1
PROFL,11/15/2018,100.0,100.0,100.0,100.0,-0.99,400.0,522.0,360.1
PROFL,11/18/2018,98.0,99.0,98.0,99.0,-1.0,2070.0,522.0,360.1
PROFL,11/19/2018,100.0,100.0,99.0,100.0,1.01,10.0,522.0,360.1
PROFL,11/20/2018,102.0,102.0,100.0,102.0,2.0,60.0,522.0,360.1
PROFL,11/25/2018,100.0,101.0,100.0,101.0,-0.98,995.0,522.0,360.1
PROFL,11/26/2018,103.0,105.0,103.0,105.0,3.96,170.0,522.0,360.1
PROFL,11/27/2018,107.0,109.0,107.0,109.0,3.81,150.0,522.0,360.1
PROFL,11/28/2018,111.0,113.0,108.0,108.0,-0.92,850.0,522.0,360.1
PROFL,11/29/2018,106.0,106.0,106.0,106.0,-1.85,50.0,522.0,360.1
PROFL,12/6/2018,104.0,104.0,104.0,104.0,-1.89,10.0,522.0,360.1
PROFL,12/11/2018,102.0,110.0,102.0,110.0,5.77,380.0,522.0,360.1
PROFL,12/12/2018,112.0,114.0,112.0,114.0,3.64,100.0,522.0,360.1
PROFL,12/20/2018,112.0,112.0,111.0,111.0,-2.63,6010.0,522.0,360.1
PROFL,12/24/2018,113.0,117.0,113.0,117.0,5.41,270.0,522.0,360.1
PROFL,12/25/2018,118.0,118.0,118.0,118.0,0.85,25.0,522.0,360.1
PROFL,12/26/2018,120.0,123.0,120.0,123.0,4.24,210.0,522.0,360.1
PROFL,3/14/2019,121.0,121.0,121.0,121.0,-1.63,100.0,522.0,360.1
PROFL,3/18/2019,123.0,123.0,123.0,123.0,1.65,10.0,522.0,360.1
PROFL,4/2/2019,123.0,123.0,123.0,123.0,0.0,20.0,522.0,360.1
PROFL,4/17/2019,125.0,125.0,125.0,125.0,1.63,50.0,522.0,360.1
PROFL,5/6/2019,123.0,123.0,123.0,123.0,-1.6,50.0,522.0,360.1
PROFL,5/7/2019,121.0,121.0,119.0,119.0,-3.25,315.0,522.0,360.1
PROFL,5/9/2019,117.0,117.0,108.0,108.0,-9.24,385.0,522.0,360.1
PROFL,5/15/2019,106.0,106.0,106.0,106.0,-1.85,200.0,522.0,360.1
PROFL,5/16/2019,104.0,104.0,102.0,102.0,-3.77,1740.0,522.0,360.1
PROFL,5/19/2019,104.0,110.0,103.0,110.0,7.84,580.0,522.0,360.1
PROFL,5/21/2019,108.0,108.0,102.0,106.0,-3.64,7410.0,522.0,360.1
PROFL,5/22/2019,108.0,112.0,107.0,108.0,1.89,2935.0,522.0,360.1
PROFL,5/23/2019,110.0,110.0,106.0,109.0,0.93,1646.0,522.0,360.1
PROFL,5/26/2019,107.0,107.0,106.0,106.0,-2.75,250.0,522.0,360.1
PROFL,5/27/2019,107.0,108.0,107.0,108.0,1.89,270.0,522.0,360.1
PROFL,5/28/2019,108.0,108.0,106.0,106.0,-1.85,400.0,522.0,360.1
PROFL,5/29/2019,106.0,106.0,104.0,106.0,0.0,3480.0,522.0,360.1
PROFL,5/30/2019,106.0,110.0,106.0,106.0,0.0,3521.0,522.0,360.1
PROFL,6/2/2019,104.0,106.0,104.0,104.0,-1.89,1301.0,522.0,360.1
PROFL,6/3/2019,105.0,107.0,102.0,102.0,-1.92,2132.0,522.0,360.1
PROFL,6/4/2019,103.0,105.0,103.0,105.0,2.94,510.0,522.0,360.1
PROFL,6/6/2019,107.0,114.0,107.0,112.0,6.67,3363.0,522.0,360.1
PROFL,6/10/2019,111.0,112.0,109.0,112.0,0.0,1610.0,522.0,360.1
PROFL,6/11/2019,112.0,114.0,111.0,114.0,1.79,187.0,522.0,360.1
PROFL,6/12/2019,114.0,114.0,114.0,114.0,0.0,100.0,522.0,360.1
PROFL,6/13/2019,112.0,112.0,112.0,112.0,-1.75,20.0,522.0,360.1
PROFL,6/16/2019,114.0,114.0,106.0,107.0,-4.46,4190.0,522.0,360.1
PROFL,6/17/2019,109.0,109.0,109.0,109.0,1.87,510.0,522.0,360.1
PROFL,6/18/2019,107.0,107.0,107.0,107.0,-1.83,241.0,522.0,360.1
PROFL,6/20/2019,109.0,109.0,106.0,106.0,-0.93,711.0,522.0,360.1
PROFL,6/23/2019,105.0,108.0,105.0,106.0,0.0,2935.0,522.0,360.1
PROFL,6/24/2019,106.0,106.0,105.0,106.0,0.0,560.0,522.0,360.1
PROFL,6/25/2019,107.0,110.0,107.0,109.0,2.83,1521.0,522.0,360.1
PROFL,6/27/2019,111.0,112.0,110.0,110.0,0.92,1500.0,522.0,360.1
PROFL,6/30/2019,110.0,110.0,109.0,109.0,-0.91,3269.0,522.0,360.1
PROFL,7/1/2019,110.0,110.0,107.0,110.0,0.92,2051.0,522.0,360.1
PROFL,7/2/2019,108.0,108.0,108.0,108.0,-1.82,305.0,522.0,360.1
PROFL,7/3/2019,109.0,109.0,109.0,109.0,0.93,1143.0,522.0,360.1
PROFL,7/4/2019,111.0,111.0,110.0,110.0,0.92,2050.0,522.0,360.1
PROFL,7/7/2019,110.0,110.0,108.0,108.0,-1.82,1141.0,522.0,360.1
PROFL,7/8/2019,108.0,108.0,108.0,108.0,0.0,470.0,522.0,360.1
PROFL,7/10/2019,107.0,107.0,105.0,105.0,-2.78,6433.0,522.0,360.1
PROFL,7/11/2019,107.0,107.0,107.0,107.0,1.9,1062.0,522.0,360.1
PROFL,7/14/2019,109.0,109.0,109.0,109.0,1.87,50.0,522.0,360.1
PROFL,7/15/2019,109.0,111.0,109.0,111.0,1.83,4008.0,522.0,360.1
PROFL,7/17/2019,111.0,112.0,111.0,112.0,0.9,1510.0,522.0,360.1
PROFL,7/18/2019,113.0,114.0,112.0,112.0,0.0,3936.0,522.0,360.1
PROFL,7/22/2019,114.0,114.0,114.0,114.0,1.79,10.0,522.0,360.1
PROFL,7/24/2019,112.0,112.0,110.0,110.0,-3.51,200.0,522.0,360.1
PROFL,7/25/2019,110.0,110.0,108.0,108.0,-1.82,2381.0,522.0,360.1
PROFL,7/28/2019,106.0,106.0,106.0,106.0,-1.85,200.0,522.0,360.1
PROFL,7/30/2019,104.0,110.0,104.0,110.0,3.77,2755.0,522.0,360.1
PROFL,7/31/2019,112.0,112.0,110.0,110.0,0.0,60.0,522.0,360.1
PROFL,8/4/2019,110.0,110.0,108.0,108.0,-1.82,150.0,522.0,360.1
PROFL,8/5/2019,106.0,106.0,102.0,104.0,-3.7,8385.0,522.0,360.1
PROFL,8/6/2019,102.0,104.0,101.0,104.0,0.0,4043.0,522.0,360.1
PROFL,8/11/2019,102.0,102.0,100.0,102.0,-1.92,100.0,522.0,360.1
PROFL,8/12/2019,104.0,104.0,102.0,103.0,0.98,920.0,522.0,360.1
PROFL,8/13/2019,102.0,102.0,101.0,101.0,-1.94,1935.0,522.0,360.1
PROFL,8/14/2019,102.0,103.0,102.0,103.0,1.98,900.0,522.0,360.1
PROFL,8/15/2019,102.0,104.0,102.0,104.0,0.97,2950.0,522.0,360.1
PROFL,8/19/2019,104.0,104.0,102.0,102.0,-1.92,450.0,522.0,360.1
PROFL,8/20/2019,102.0,102.0,100.0,100.0,-1.96,278.0,522.0,360.1
PROFL,8/22/2019,99.0,99.0,98.0,98.0,-2.0,1300.0,522.0,360.1
PROFL,8/25/2019,97.0,97.0,97.0,97.0,-1.02,1218.0,522.0,360.1
PROFL,8/26/2019,97.0,97.0,97.0,97.0,0.0,288.0,522.0,360.1
PROFL,8/27/2019,98.0,106.0,98.0,105.0,8.25,1099.0,522.0,360.1
PROFL,8/28/2019,103.0,105.0,101.0,105.0,0.0,490.0,522.0,360.1
PROFL,8/29/2019,110.0,110.0,104.0,104.0,-0.95,180.0,522.0,360.1
PROFL,9/4/2019,102.0,102.0,102.0,102.0,-1.92,500.0,522.0,360.1
PROFL,9/8/2019,103.0,103.0,100.0,100.0,-1.96,822.0,522.0,360.1
PROFL,9/9/2019,98.0,99.0,98.0,99.0,-1.0,740.0,522.0,360.1
PROFL,9/10/2019,98.0,98.0,98.0,98.0,-1.01,577.0,522.0,360.1
PROFL,9/12/2019,97.0,99.0,97.0,99.0,1.02,1150.0,522.0,360.1
PROFL,9/17/2019,100.0,102.0,100.0,102.0,3.03,115.0,522.0,360.1
PROFL,9/18/2019,104.0,104.0,104.0,104.0,1.96,10.0,522.0,360.1
PROFL,9/19/2019,104.0,104.0,104.0,104.0,0.0,300.0,522.0,360.1
PROFL,9/24/2019,104.0,104.0,104.0,104.0,0.0,10.0,522.0,360.1
PROFL,9/25/2019,102.0,98.0,100.0,98.0,-5.77,490.0,522.0,360.1
PROFL,9/26/2019,98.0,98.0,97.0,97.0,-1.02,2671.0,522.0,360.1
PROFL,9/29/2019,98.0,98.0,98.0,98.0,1.03,1000.0,522.0,360.1
PROFL,10/1/2019,99.0,99.0,98.0,98.0,0.0,240.0,522.0,360.1
PROFL,10/3/2019,98.0,98.0,98.0,98.0,0.0,449.0,522.0,360.1
PROFL,10/15/2019,98.0,98.0,98.0,98.0,0.0,100.0,522.0,360.1
PROFL,10/16/2019,98.0,98.0,96.0,96.0,-2.04,2100.0,522.0,360.1
PROFL,10/17/2019,96.0,96.0,96.0,96.0,0.0,10.0,522.0,360.1
PROFL,10/20/2019,95.0,95.0,95.0,95.0,-1.04,500.0,522.0,360.1
PROFL,10/21/2019,96.0,97.0,95.0,97.0,2.11,4870.0,522.0,360.1
PROFL,10/22/2019,96.0,96.0,96.0,96.0,-1.03,250.0,522.0,360.1
PROFL,10/23/2019,95.0,96.0,95.0,96.0,0.0,1090.0,522.0,360.1
PROFL,10/24/2019,95.0,97.0,95.0,97.0,1.04,796.0,522.0,360.1
PROFL,10/31/2019,98.0,98.0,98.0,98.0,1.03,40.0,522.0,360.1
PROFL,11/6/2019,97.0,97.0,97.0,97.0,-1.02,20.0,522.0,360.1
PROFL,11/7/2019,96.0,96.0,96.0,96.0,-1.03,225.0,522.0,360.1
PROFL,11/11/2019,96.0,97.0,96.0,97.0,1.04,420.0,522.0,360.1
PROFL,11/12/2019,96.0,96.0,96.0,96.0,-1.03,50.0,522.0,360.1
PROFL,11/17/2019,95.0,95.0,94.0,94.0,-2.08,1290.0,522.0,360.1
PROFL,11/19/2019,95.0,95.0,95.0,95.0,1.06,25.0,522.0,360.1
PROFL,11/20/2019,96.0,96.0,96.0,96.0,1.05,20.0,522.0,360.1
PROFL,11/24/2019,95.0,95.0,95.0,95.0,-1.04,50.0,522.0,360.1
PROFL,11/26/2019,96.0,96.0,96.0,96.0,1.05,40214.0,522.0,360.1
PROFL,11/27/2019,95.0,95.0,95.0,95.0,-1.04,50.0,522.0,360.1
PROFL,11/28/2019,96.0,97.0,96.0,96.0,1.05,540.0,522.0,360.1
PROFL,12/1/2019,97.0,97.0,97.0,97.0,1.04,45.0,522.0,360.1
PROFL,12/2/2019,98.0,100.0,98.0,98.0,1.03,80.0,522.0,360.1
PROFL,12/3/2019,98.0,98.0,96.0,96.0,-2.04,620.0,522.0,360.1
PROFL,12/5/2019,97.0,97.0,96.0,96.0,0.0,1000.0,522.0,360.1
PROFL,12/8/2019,97.0,97.0,97.0,97.0,1.04,10.0,522.0,360.1
PROFL,12/9/2019,96.0,96.0,95.0,96.0,-1.03,2601.0,522.0,360.1
PROFL,12/10/2019,95.0,95.0,95.0,95.0,-1.04,200.0,522.0,360.1
PROFL,12/11/2019,94.0,94.0,94.0,94.0,-1.05,300.0,522.0,360.1
PROFL,12/15/2019,95.0,96.0,95.0,95.0,1.06,1860.0,522.0,360.1
PROFL,12/16/2019,94.0,94.0,94.0,94.0,-1.05,2576.0,522.0,360.1
PROFL,12/17/2019,93.0,95.0,93.0,95.0,1.06,270.0,522.0,360.1
PROFL,12/19/2019,96.0,97.0,96.0,97.0,2.11,20.0,522.0,360.1
PROFL,12/22/2019,97.0,99.0,97.0,98.0,1.03,54406.0,522.0,360.1
PROFL,12/23/2019,99.0,102.0,99.0,100.0,2.04,330.0,522.0,360.1
PROFL,12/24/2019,102.0,105.0,102.0,103.0,3.0,540.0,522.0,360.1
PROFL,12/25/2019,105.0,105.0,105.0,105.0,1.94,10.0,522.0,360.1
PROFL,12/29/2019,103.0,103.0,98.0,98.0,-6.67,85333.0,522.0,360.1
PROFL,12/30/2019,99.0,100.0,98.0,99.0,1.02,4618.0,522.0,360.1
PROFL,12/31/2019,98.0,98.0,95.0,95.0,-4.04,1617.0,522.0,360.1
PROFL,1/1/2020,95.0,95.0,94.0,94.0,-1.05,600.0,522.0,360.1
PROFL,1/2/2020,95.0,97.0,95.0,97.0,3.19,30.0,522.0,360.1
PROFL,1/6/2020,98.0,99.0,96.0,96.0,-1.03,40.0,522.0,360.1
PROFL,1/7/2020,95.0,95.0,95.0,95.0,-1.04,10.0,522.0,360.1
PROFL,1/8/2020,94.0,98.0,94.0,98.0,3.16,1874.0,522.0,360.1
PROFL,1/9/2020,99.0,102.0,98.0,102.0,4.08,640.0,522.0,360.1
PROFL,1/12/2020,104.0,106.0,101.0,102.0,0.0,720.0,522.0,360.1
PROFL,1/13/2020,103.0,106.0,100.0,103.0,0.98,17201.0,522.0,360.1
PROFL,1/14/2020,105.0,105.0,99.0,104.0,0.97,15460.0,522.0,360.1
PROFL,1/15/2020,106.0,109.0,100.0,108.0,3.85,55178.0,522.0,360.1
PROFL,1/16/2020,110.0,116.0,106.0,114.0,5.56,34276.0,522.0,360.1
PROFL,1/19/2020,116.0,121.0,112.0,114.0,0.0,10741.0,522.0,360.1
PROFL,1/20/2020,114.0,115.0,108.0,110.0,-3.51,12495.0,522.0,360.1
PROFL,1/21/2020,112.0,114.0,108.0,112.0,1.82,7870.0,522.0,360.1
PROFL,1/22/2020,110.0,110.0,108.0,110.0,-1.79,1210.0,522.0,360.1
PROFL,1/23/2020,112.0,112.0,106.0,108.0,-1.82,1400.0,522.0,360.1
PROFL,1/26/2020,106.0,110.0,106.0,110.0,1.85,1280.0,522.0,360.1
PROFL,1/27/2020,108.0,111.0,108.0,109.0,-0.91,4750.0,522.0,360.1
PROFL,1/28/2020,109.0,113.0,106.0,109.0,0.0,10129.0,522.0,360.1
PROFL,1/29/2020,107.0,109.0,103.0,103.0,-5.5,9693.0,522.0,360.1
PROFL,1/30/2020,105.0,109.0,105.0,107.0,3.88,3710.0,522.0,360.1
PROFL,2/2/2020,107.0,108.0,106.0,108.0,0.93,3971.0,522.0,360.1
PROFL,2/3/2020,107.0,112.0,107.0,107.0,-0.93,10563.0,522.0,360.1
PROFL,2/4/2020,108.0,114.0,108.0,109.0,1.87,9641.0,522.0,360.1
PROFL,2/5/2020,107.0,107.0,107.0,107.0,-1.83,100.0,522.0,360.1
PROFL,2/6/2020,109.0,115.0,109.0,112.0,4.67,9110.0,522.0,360.1
PROFL,2/9/2020,110.0,110.0,110.0,110.0,-1.79,1000.0,522.0,360.1
PROFL,2/10/2020,109.0,111.0,108.0,110.0,0.0,11781.0,522.0,360.1
PROFL,2/11/2020,112.0,115.0,110.0,114.0,3.64,10787.0,522.0,360.1
PROFL,2/12/2020,116.0,116.0,109.0,111.0,-2.63,70294.0,522.0,360.1
PROFL,2/13/2020,110.0,110.0,109.0,110.0,-0.9,9153.0,522.0,360.1
PROFL,2/16/2020,110.0,110.0,108.0,108.0,-1.82,1485.0,522.0,360.1
PROFL,2/17/2020,110.0,110.0,108.0,110.0,1.85,344.0,522.0,360.1
PROFL,2/18/2020,112.0,112.0,110.0,112.0,1.82,5640.0,522.0,360.1
PROFL,2/19/2020,110.0,110.0,108.0,108.0,-3.57,800.0,522.0,360.1
PROFL,2/20/2020,108.0,110.0,108.0,110.0,1.85,1100.0,522.0,360.1
PROFL,2/23/2020,110.0,114.0,110.0,112.0,1.82,5654.0,522.0,360.1
PROFL,2/24/2020,114.0,116.0,110.0,112.0,0.0,6217.0,522.0,360.1
PROFL,2/25/2020,114.0,114.0,109.0,109.0,-2.68,8210.0,522.0,360.1
PROFL,2/26/2020,111.0,115.0,110.0,115.0,5.5,16433.0,522.0,360.1
PROFL,2/27/2020,113.0,115.0,109.0,115.0,0.0,5310.0,522.0,360.1
PROFL,3/1/2020,110.0,119.0,110.0,115.0,0.0,382681.0,522.0,360.1
PROFL,3/2/2020,116.0,116.0,113.0,113.0,-1.74,5840.0,522.0,360.1
PROFL,3/3/2020,113.0,115.0,109.0,112.0,-0.88,6375.0,522.0,360.1
PROFL,3/4/2020,110.0,112.0,109.0,109.0,-2.68,15884.0,522.0,360.1
PROFL,3/5/2020,107.0,109.0,107.0,108.0,-0.92,1790.0,522.0,360.1
PROFL,3/11/2020,108.0,111.0,106.0,109.0,0.93,3550.0,522.0,360.1
PROFL,3/12/2020,109.0,111.0,105.0,107.0,-1.83,13718.0,522.0,360.1
PROFL,3/15/2020,105.0,107.0,105.0,105.0,-1.87,1900.0,522.0,360.1
PROFL,3/16/2020,107.0,107.0,104.0,107.0,1.9,4760.0,522.0,360.1
PROFL,3/17/2020,105.0,105.0,103.0,104.0,-2.8,5915.0,522.0,360.1
PROFL,3/18/2020,104.0,104.0,100.0,104.0,0.0,3711.0,522.0,360.1
PROFL,3/19/2020,104.0,105.0,103.0,103.0,-0.96,5596.0,522.0,360.1
PROFL,3/22/2020,102.0,102.0,102.0,102.0,-0.97,10.0,522.0,360.1
PROFL,6/29/2020,104.0,104.0,104.0,104.0,1.96,35.0,522.0,360.1
PROFL,7/7/2020,103.0,103.0,103.0,103.0,-0.96,300.0,522.0,360.1
PROFL,7/8/2020,102.0,102.0,102.0,102.0,-0.97,780.0,522.0,360.1
PROFL,7/9/2020,100.0,100.0,100.0,100.0,-1.96,570.0,522.0,360.1
PROFL,7/13/2020,100.0,100.0,100.0,100.0,0.0,1362.0,522.0,360.1
PROFL,7/14/2020,102.0,106.0,102.0,106.0,6.0,570.0,522.0,360.1
PROFL,7/15/2020,104.0,104.0,101.0,101.0,-4.72,27034.0,522.0,360.1
PROFL,7/16/2020,102.0,102.0,102.0,102.0,0.99,1000.0,522.0,360.1
PROFL,7/20/2020,104.0,108.0,104.0,106.0,3.92,3360.0,522.0,360.1
PROFL,7/21/2020,107.0,108.0,107.0,107.0,0.94,773.0,522.0,360.1
PROFL,7/22/2020,105.0,105.0,105.0,105.0,-1.87,500.0,522.0,360.1
PROFL,7/23/2020,107.0,107.0,105.0,105.0,0.0,60.0,522.0,360.1
PROFL,7/26/2020,107.0,109.0,107.0,109.0,3.81,70.0,522.0,360.1
PROFL,7/29/2020,108.0,108.0,108.0,108.0,-0.92,20.0,522.0,360.1
PROFL,7/30/2020,106.0,107.0,104.0,104.0,-3.7,527.0,522.0,360.1
PROFL,8/2/2020,102.0,103.0,100.0,102.0,-1.92,57833.0,522.0,360.1
PROFL,8/3/2020,100.0,102.0,100.0,102.0,0.0,6200.0,522.0,360.1
PROFL,8/6/2020,100.0,103.0,100.0,102.0,0.0,450.0,522.0,360.1
PROFL,8/9/2020,102.0,102.0,102.0,102.0,0.0,20.0,522.0,360.1
PROFL,8/10/2020,104.0,109.0,102.0,108.0,5.88,1770.0,522.0,360.1
PROFL,8/11/2020,106.0,106.0,103.0,105.0,-2.78,41390.0,522.0,360.1
PROFL,8/12/2020,105.0,108.0,105.0,106.0,0.95,8453.0,522.0,360.1
PROFL,8/13/2020,105.0,112.0,105.0,106.0,0.0,8041.0,522.0,360.1
PROFL,8/16/2020,105.0,105.0,105.0,105.0,-0.94,500.0,522.0,360.1
PROFL,8/17/2020,106.0,108.0,105.0,105.0,0.0,78213.0,522.0,360.1
PROFL,8/18/2020,107.0,107.0,107.0,107.0,1.9,1300.0,522.0,360.1
PROFL,8/19/2020,109.0,109.0,105.0,107.0,0.0,662.0,522.0,360.1
PROFL,8/20/2020,108.0,108.0,108.0,108.0,0.93,350.0,522.0,360.1
PROFL,8/23/2020,109.0,110.0,105.0,108.0,0.0,6291.0,522.0,360.1
PROFL,8/24/2020,110.0,112.0,106.0,106.0,-1.85,680.0,522.0,360.1
PROFL,8/25/2020,106.0,107.0,105.0,107.0,0.94,5067.0,522.0,360.1
PROFL,8/26/2020,106.0,106.0,106.0,106.0,-0.93,923.0,522.0,360.1
PROFL,8/27/2020,104.0,105.0,104.0,105.0,-0.94,1447.0,522.0,360.1
PROFL,8/30/2020,105.0,105.0,105.0,105.0,0.0,210.0,522.0,360.1
PROFL,8/31/2020,107.0,111.0,107.0,108.0,2.86,4798.0,522.0,360.1
PROFL,9/2/2020,107.0,107.0,107.0,107.0,-0.93,265.0,522.0,360.1
PROFL,9/3/2020,107.0,107.0,107.0,107.0,0.0,30.0,522.0,360.1
PROFL,9/6/2020,105.0,105.0,105.0,105.0,-1.87,88.0,522.0,360.1
PROFL,9/7/2020,104.0,105.0,104.0,105.0,0.0,882.0,522.0,360.1
PROFL,9/8/2020,103.0,105.0,103.0,105.0,0.0,900.0,522.0,360.1
PROFL,9/9/2020,104.0,107.0,104.0,105.0,0.0,180.0,522.0,360.1
PROFL,9/10/2020,106.0,107.0,105.0,106.0,0.95,3632.0,522.0,360.1
PROFL,9/13/2020,105.0,105.0,103.0,103.0,-2.83,1578.0,522.0,360.1
PROFL,9/14/2020,103.0,108.0,101.0,107.0,3.88,24931.0,522.0,360.1
PROFL,9/15/2020,109.0,109.0,106.0,107.0,0.0,24976.0,522.0,360.1
PROFL,9/16/2020,109.0,109.0,105.0,107.0,0.0,500.0,522.0,360.1
PROFL,9/17/2020,108.0,117.0,107.0,116.0,8.41,29871.0,522.0,360.1
PROFL,9/20/2020,118.0,124.0,117.0,121.0,4.31,10421.0,522.0,360.1
PROFL,9/21/2020,123.0,125.0,112.0,113.0,-6.61,3680.0,522.0,360.1
PROFL,9/22/2020,115.0,117.0,108.0,108.0,-4.42,10995.0,522.0,360.1
PROFL,9/23/2020,110.0,117.0,110.0,112.0,3.7,10463.0,522.0,360.1
PROFL,9/24/2020,112.0,114.0,108.0,114.0,1.79,23692.0,522.0,360.1
PROFL,9/27/2020,116.0,123.0,115.0,116.0,1.75,14647.0,522.0,360.1
PROFL,9/28/2020,118.0,123.0,118.0,121.0,4.31,23681.0,522.0,360.1
PROFL,9/29/2020,123.0,124.0,118.0,120.0,-0.83,16131.0,522.0,360.1
PROFL,9/30/2020,119.0,124.0,116.0,121.0,0.83,12733.0,522.0,360.1
PROFL,10/1/2020,123.0,127.0,119.0,127.0,4.96,38046.0,522.0,360.1
PROFL,10/4/2020,127.0,139.0,126.0,139.0,9.45,193328.0,522.0,360.1
PROFL,10/5/2020,145.0,147.0,128.0,129.0,-7.19,81106.0,522.0,360.1
PROFL,10/6/2020,131.0,138.0,130.0,131.0,1.55,54782.0,522.0,360.1
PROFL,10/7/2020,133.0,140.0,132.0,137.0,4.58,23680.0,522.0,360.1
PROFL,10/8/2020,131.0,149.0,131.0,146.0,6.57,112409.0,522.0,360.1
PROFL,10/11/2020,143.0,151.0,141.0,142.0,-2.74,44636.0,522.0,360.1
PROFL,10/12/2020,144.0,144.0,139.0,142.0,0.0,34204.0,522.0,360.1
PROFL,10/13/2020,140.0,140.0,133.0,134.0,-5.63,32757.0,522.0,360.1
PROFL,10/14/2020,136.0,137.0,130.0,130.0,-2.99,22120.0,522.0,360.1
PROFL,10/15/2020,132.0,138.0,128.0,128.0,-1.54,19708.0,522.0,360.1
PROFL,10/18/2020,130.0,136.0,128.0,133.0,3.91,6490.0,522.0,360.1
PROFL,10/19/2020,131.0,135.0,130.0,134.0,0.75,13074.0,522.0,360.1
PROFL,10/20/2020,136.0,137.0,132.0,135.0,0.75,3716.0,522.0,360.1
PROFL,10/21/2020,135.0,135.0,133.0,133.0,-1.48,3855.0,522.0,360.1
PROFL,10/22/2020,134.0,141.0,134.0,137.0,3.01,10655.0,522.0,360.1
PROFL,10/28/2020,139.0,141.0,135.0,141.0,2.92,21667.0,522.0,360.1
PROFL,10/29/2020,142.0,148.0,139.0,141.0,0.0,75657.0,522.0,360.1
PROFL,11/1/2020,143.0,143.0,133.0,139.0,-1.42,51415.0,522.0,360.1
PROFL,11/2/2020,138.0,143.0,134.0,140.0,0.72,25287.0,522.0,360.1
PROFL,11/3/2020,138.0,146.0,136.0,139.0,-0.71,32633.0,522.0,360.1
PROFL,11/4/2020,141.0,141.0,135.0,137.0,-1.44,46778.0,522.0,360.1
PROFL,11/5/2020,137.0,142.0,134.0,142.0,3.65,50791.0,522.0,360.1
PROFL,11/8/2020,142.0,143.0,137.0,141.0,-0.7,24740.0,522.0,360.1
PROFL,11/9/2020,140.0,150.0,133.0,145.0,2.84,213036.0,522.0,360.1
PROFL,11/10/2020,146.0,147.0,137.0,142.0,-2.07,68197.0,522.0,360.1
PROFL,11/11/2020,144.0,146.0,140.0,143.0,0.7,16611.0,522.0,360.1
PROFL,11/12/2020,144.0,144.0,140.0,140.0,-2.1,19631.0,522.0,360.1
PROFL,11/18/2020,142.0,142.0,138.0,139.0,-0.71,27835.0,522.0,360.1
PROFL,11/19/2020,141.0,143.0,138.0,139.0,0.0,19149.0,522.0,360.1
PROFL,11/22/2020,139.0,143.0,139.0,140.0,0.72,41312.0,522.0,360.1
PROFL,11/23/2020,140.0,141.0,135.0,139.0,-0.71,32336.0,522.0,360.1
PROFL,11/24/2020,141.0,146.0,139.0,140.0,0.72,46770.0,522.0,360.1
PROFL,11/25/2020,142.0,144.0,139.0,140.0,0.0,44290.0,522.0,360.1
PROFL,11/26/2020,142.0,144.0,138.0,139.0,-0.71,31580.0,522.0,360.1
PROFL,11/29/2020,139.0,142.0,135.0,142.0,2.16,70725.0,522.0,360.1
PROFL,11/30/2020,142.0,146.0,139.0,140.0,-1.41,19420.0,522.0,360.1
PROFL,12/1/2020,147.0,147.0,136.0,136.0,-2.86,23006.0,522.0,360.1
PROFL,12/2/2020,138.0,142.0,136.0,137.0,0.74,18270.0,522.0,360.1
PROFL,12/3/2020,139.0,139.0,134.0,134.0,-2.19,24160.0,522.0,360.1
PROFL,12/6/2020,136.0,136.0,131.0,131.0,-2.24,12650.0,522.0,360.1
PROFL,12/7/2020,130.0,133.0,129.0,133.0,1.53,20907.0,522.0,360.1
PROFL,12/8/2020,135.0,137.0,130.0,133.0,0.0,7945.0,522.0,360.1
PROFL,12/9/2020,132.0,134.0,128.0,128.0,-3.76,13100.0,522.0,360.1
PROFL,12/10/2020,130.0,134.0,127.0,130.0,1.56,11965.0,522.0,360.1
PROFL,12/13/2020,129.0,132.0,127.0,132.0,1.54,14051.0,522.0,360.1
PROFL,12/14/2020,134.0,137.0,129.0,132.0,0.0,5140.0,522.0,360.1
PROFL,12/15/2020,134.0,134.0,127.0,130.0,-1.52,4808.0,522.0,360.1
PROFL,12/16/2020,128.0,130.0,127.0,129.0,-0.77,10780.0,522.0,360.1
PROFL,12/17/2020,131.0,133.0,125.0,126.0,-2.33,10850.0,522.0,360.1
PROFL,12/20/2020,124.0,124.0,117.0,122.0,-3.17,27504.0,522.0,360.1
PROFL,12/21/2020,120.0,124.0,116.0,122.0,0.0,14448.0,522.0,360.1
PROFL,12/22/2020,120.0,131.0,119.0,130.0,6.56,30339.0,522.0,360.1
PROFL,12/23/2020,128.0,130.0,124.0,126.0,-3.08,5792.0,522.0,360.1
PROFL,12/24/2020,124.0,130.0,122.0,125.0,-0.79,11715.0,522.0,360.1
PROFL,12/27/2020,123.0,124.0,122.0,124.0,-0.8,4045.0,522.0,360.1
PROFL,12/28/2020,122.0,127.0,122.0,127.0,2.42,7625.0,522.0,360.1
PROFL,12/29/2020,121.0,127.0,121.0,125.0,-1.57,6750.0,522.0,360.1
PROFL,12/30/2020,123.0,126.0,121.0,125.0,0.0,8924.0,522.0,360.1
PROFL,12/31/2020,131.0,131.0,122.0,125.0,0.0,30238.0,522.0,360.1
PROFL,1/3/2021,119.0,135.0,119.0,128.0,2.4,25075.0,522.0,360.1
PROFL,1/4/2021,122.0,134.0,122.0,127.0,-0.78,16031.0,522.0,360.1
PROFL,1/5/2021,127.0,131.0,126.0,129.0,1.57,23532.0,522.0,360.1
PROFL,1/6/2021,135.0,135.0,127.0,132.0,2.33,42200.0,522.0,360.1
PROFL,1/7/2021,130.0,131.0,128.0,130.0,-1.52,18381.0,522.0,360.1
PROFL,1/10/2021,136.0,136.0,127.0,133.0,2.31,19290.0,522.0,360.1
PROFL,1/11/2021,135.0,137.0,130.0,133.0,0.0,15773.0,522.0,360.1
PROFL,1/12/2021,139.0,139.0,128.0,132.0,-0.75,29805.0,522.0,360.1
PROFL,1/13/2021,134.0,139.0,132.0,132.0,0.0,51067.0,522.0,360.1
PROFL,1/17/2021,134.0,140.0,134.0,137.0,3.79,46886.0,522.0,360.1
PROFL,1/18/2021,139.0,150.0,139.0,150.0,9.49,117929.0,522.0,360.1
PROFL,1/19/2021,157.0,165.0,150.0,165.0,10.0,130955.0,522.0,360.1
PROFL,1/20/2021,170.0,181.0,167.0,180.0,9.09,204933.0,522.0,360.1
PROFL,1/21/2021,180.0,198.0,170.0,181.0,0.56,135818.0,522.0,360.1
PROFL,1/24/2021,190.0,190.0,163.0,185.0,2.21,158709.0,522.0,360.1
PROFL,1/25/2021,188.0,188.0,170.0,175.0,-5.41,69202.0,522.0,360.1
PROFL,1/26/2021,175.0,175.0,167.0,167.0,-4.57,50230.0,522.0,360.1
PROFL,1/27/2021,168.0,173.0,163.0,167.0,0.0,43003.0,522.0,360.1
PROFL,1/28/2021,175.0,175.0,157.0,159.0,-4.79,65187.0,522.0,360.1
PROFL,1/31/2021,162.0,164.0,150.0,150.0,-5.66,45314.0,522.0,360.1
PROFL,2/1/2021,143.0,165.0,143.0,165.0,10.0,84677.0,522.0,360.1
PROFL,2/2/2021,168.0,176.0,163.0,168.0,1.82,47314.0,522.0,360.1
PROFL,2/3/2021,171.0,171.0,161.0,162.0,-3.57,24961.0,522.0,360.1
PROFL,2/4/2021,160.0,166.0,160.0,160.0,-1.23,21999.0,522.0,360.1
PROFL,2/7/2021,162.0,162.0,156.0,160.0,0.0,21852.0,522.0,360.1
PROFL,2/8/2021,161.0,163.0,157.0,160.0,0.0,24944.0,522.0,360.1
PROFL,2/9/2021,158.0,165.0,158.0,164.0,2.5,30406.0,522.0,360.1
PROFL,2/10/2021,167.0,167.0,162.0,165.0,0.61,28241.0,522.0,360.1
PROFL,2/11/2021,167.0,167.0,162.0,165.0,0.0,37043.0,522.0,360.1
PROFL,2/14/2021,163.0,163.0,159.0,160.0,-3.03,37512.0,522.0,360.1
PROFL,2/15/2021,162.0,167.0,157.0,166.0,3.75,105134.0,522.0,360.1
PROFL,2/16/2021,164.0,169.0,161.0,162.0,-2.41,59980.0,522.0,360.1
PROFL,2/17/2021,165.0,168.0,161.0,165.0,1.85,21098.0,522.0,360.1
PROFL,2/18/2021,167.0,178.0,163.0,172.0,4.24,81998.0,522.0,360.1
PROFL,2/21/2021,174.0,175.0,166.0,169.0,-1.74,78277.0,522.0,360.1
PROFL,2/22/2021,171.0,172.0,167.0,170.0,0.59,44346.0,522.0,360.1
PROFL,2/23/2021,169.0,170.0,163.0,170.0,0.0,35349.0,522.0,360.1
PROFL,2/24/2021,170.0,173.0,168.0,171.0,0.59,34846.0,522.0,360.1
PROFL,2/25/2021,169.0,173.0,165.0,165.0,-3.51,23173.0,522.0,360.1
PROFL,2/28/2021,163.0,163.0,159.0,162.0,-1.82,21043.0,522.0,360.1
PROFL,3/1/2021,162.0,166.0,159.0,162.0,0.0,30019.0,522.0,360.1
PROFL,3/2/2021,165.0,165.0,159.0,160.0,-1.23,21063.0,522.0,360.1
PROFL,3/3/2021,160.0,161.0,154.0,158.0,-1.25,19368.0,522.0,360.1
PROFL,3/4/2021,158.0,161.0,158.0,161.0,1.9,5889.0,522.0,360.1
PROFL,3/7/2021,164.0,164.0,159.0,159.0,-1.24,12320.0,522.0,360.1
PROFL,3/9/2021,166.0,166.0,157.0,158.0,-0.63,10515.0,522.0,360.1
PROFL,3/10/2021,157.0,163.0,157.0,160.0,1.27,8600.0,522.0,360.1
PROFL,3/14/2021,160.0,161.0,155.0,155.0,-3.12,8014.0,522.0,360.1
PROFL,3/15/2021,156.0,160.0,154.0,154.0,-0.65,12445.0,522.0,360.1
PROFL,3/16/2021,154.0,157.0,154.0,154.0,0.0,4999.0,522.0,360.1
PROFL,3/17/2021,154.0,162.0,152.0,161.0,4.55,14151.0,522.0,360.1
PROFL,3/18/2021,162.0,162.0,159.0,159.0,-1.24,1460.0,522.0,360.1
PROFL,3/21/2021,158.0,160.0,155.0,159.0,0.0,10474.0,522.0,360.1
PROFL,3/22/2021,162.0,162.0,155.0,158.0,-0.63,14830.0,522.0,360.1
PROFL,3/23/2021,158.0,160.0,156.0,156.0,-1.27,6071.0,522.0,360.1
PROFL,3/24/2021,159.0,159.0,155.0,159.0,1.92,13265.0,522.0,360.1
PROFL,3/25/2021,159.0,161.0,156.0,156.0,-1.89,14115.0,522.0,360.1
PROFL,3/29/2021,157.0,161.0,155.0,160.0,2.56,39973.0,522.0,360.1
PROFL,3/30/2021,161.0,161.0,157.0,158.0,-1.25,6181.0,522.0,360.1
PROFL,3/31/2021,161.0,164.0,159.0,160.0,1.27,18449.0,522.0,360.1
PROFL,4/1/2021,162.0,162.0,157.0,160.0,0.0,10350.0,522.0,360.1
PROFL,4/4/2021,168.0,168.0,160.0,168.0,5.0,53531.0,522.0,360.1
PROFL,4/5/2021,168.0,171.0,164.0,166.0,-1.19,67462.0,522.0,360.1
PROFL,4/6/2021,174.0,174.0,167.0,170.0,2.41,53895.0,522.0,360.1
PROFL,4/7/2021,170.0,174.0,170.0,170.0,0.0,34453.0,522.0,360.1
PROFL,4/8/2021,172.0,178.0,172.0,177.0,4.12,49796.0,522.0,360.1
PROFL,4/12/2021,182.0,185.0,176.0,179.0,1.13,55791.0,522.0,360.1
PROFL,4/13/2021,184.0,184.0,175.0,178.0,-0.56,55257.0,522.0,360.1
PROFL,4/15/2021,180.0,194.0,177.0,193.0,8.43,125599.0,522.0,360.1
PROFL,4/18/2021,195.0,204.0,186.0,191.0,-1.04,99036.0,522.0,360.1
PROFL,4/19/2021,190.0,190.0,182.0,188.0,-1.57,43777.0,522.0,360.1
PROFL,4/20/2021,187.0,188.0,183.0,186.0,-1.06,31707.0,522.0,360.1
PROFL,4/21/2021,180.0,195.0,180.0,184.0,-1.08,65955.0,522.0,360.1
PROFL,4/22/2021,187.0,190.0,181.0,186.0,1.09,54433.0,522.0,360.1
PROFL,4/25/2021,189.0,189.0,179.0,180.0,-3.23,21890.0,522.0,360.1
PROFL,4/26/2021,177.0,177.0,171.0,173.0,-3.89,13895.0,522.0,360.1
PROFL,4/27/2021,173.0,183.0,171.0,178.0,2.89,21585.0,522.0,360.1
PROFL,4/28/2021,178.0,178.0,170.0,170.0,-4.49,21699.0,522.0,360.1
PROFL,4/29/2021,168.0,180.0,168.0,173.0,1.76,40982.0,522.0,360.1
PROFL,5/2/2021,172.0,181.0,172.0,181.0,4.62,21094.0,522.0,360.1
PROFL,5/3/2021,184.0,186.0,175.0,177.0,-2.21,15054.0,522.0,360.1
PROFL,5/4/2021,175.0,180.0,174.0,176.0,-0.56,15315.0,522.0,360.1
PROFL,5/5/2021,174.0,181.0,174.0,176.0,0.0,25925.0,522.0,360.1
PROFL,5/6/2021,173.0,184.0,173.0,180.0,2.27,22428.0,522.0,360.1
PROFL,5/9/2021,177.0,183.0,175.0,179.0,-0.56,21602.0,522.0,360.1
PROFL,5/10/2021,179.0,181.0,177.0,178.0,-0.56,10401.0,522.0,360.1
PROFL,5/11/2021,175.0,186.0,175.0,179.0,0.56,59826.0,522.0,360.1
PROFL,5/12/2021,176.0,189.0,176.0,184.0,2.79,64700.0,522.0,360.1
PROFL,5/13/2021,181.0,202.0,181.0,202.0,9.78,207391.0,522.0,360.1
PROFL,5/16/2021,212.0,222.0,208.0,222.0,9.9,224489.0,522.0,360.1
PROFL,5/17/2021,230.0,244.0,211.0,244.0,9.91,242372.0,522.0,360.1
PROFL,5/18/2021,256.0,268.0,231.0,268.0,9.84,273835.0,522.0,360.1
PROFL,5/19/2021,268.0,275.0,247.0,255.0,-4.85,203219.0,522.0,360.1
PROFL,5/20/2021,243.0,270.0,240.0,261.0,2.35,278319.0,522.0,360.1
PROFL,5/23/2021,248.0,280.0,245.0,272.0,4.21,335136.0,522.0,360.1
PROFL,5/24/2021,285.0,285.0,262.0,270.0,-0.74,145778.0,522.0,360.1
PROFL,5/25/2021,257.0,291.0,257.0,289.0,7.04,222543.0,522.0,360.1
PROFL,5/27/2021,289.0,306.0,273.0,288.0,-0.35,187883.0,522.0,360.1
PROFL,5/30/2021,293.0,304.0,286.0,297.0,3.12,241325.0,522.0,360.1
PROFL,5/31/2021,297.0,306.0,284.0,288.0,-3.03,139741.0,522.0,360.1
PROFL,6/1/2021,286.0,300.0,277.0,290.0,0.69,71300.0,522.0,360.1
PROFL,6/2/2021,276.0,319.0,276.0,316.0,8.97,363537.0,522.0,360.1
PROFL,6/3/2021,330.0,346.0,320.0,330.0,4.43,268746.0,522.0,360.1
PROFL,6/6/2021,340.0,340.0,305.0,319.0,-3.33,192807.0,522.0,360.1
PROFL,6/7/2021,319.0,342.0,315.0,341.0,6.9,307118.0,522.0,360.1
PROFL,6/8/2021,342.0,375.0,342.0,375.0,9.97,267184.0,522.0,360.1
PROFL,6/9/2021,390.0,397.0,354.0,374.0,-0.27,193803.0,522.0,360.1
PROFL,6/10/2021,392.0,392.0,357.0,383.0,2.41,215368.0,522.0,360.1
PROFL,6/13/2021,383.0,421.0,373.0,421.0,9.92,329429.0,522.0,360.1
PROFL,6/14/2021,442.0,463.0,430.0,440.0,4.51,220339.0,522.0,360.1
PROFL,6/15/2021,450.0,455.0,414.0,420.0,-4.55,164247.0,522.0,360.1
PROFL,6/16/2021,441.0,441.0,378.0,380.0,-9.52,218388.0,522.0,360.1
PROFL,6/17/2021,399.0,410.0,350.0,390.0,2.63,187691.0,522.0,360.1
PROFL,6/20/2021,397.0,397.0,354.0,369.0,-5.38,78682.0,522.0,360.1
PROFL,6/21/2021,370.0,376.0,337.0,338.0,-8.4,123177.0,522.0,360.1
PROFL,6/22/2021,354.0,371.0,329.0,369.0,9.17,103294.0,522.0,360.1
PROFL,6/23/2021,387.0,392.0,348.0,369.0,0.0,97942.0,522.0,360.1
PROFL,6/24/2021,387.0,387.0,348.0,366.0,-0.81,77660.0,522.0,360.1
PROFL,6/27/2021,373.0,374.0,347.0,353.0,-3.55,69130.0,522.0,360.1
PROFL,6/28/2021,355.0,357.0,335.0,339.0,-3.97,44936.0,522.0,360.1
PROFL,6/29/2021,334.0,340.0,307.0,310.0,-8.55,81789.0,522.0,360.1
PROFL,6/30/2021,304.0,341.0,289.0,340.0,9.68,102167.0,522.0,360.1
PROFL,7/1/2021,356.0,365.0,341.0,347.0,2.06,96261.0,522.0,360.1
PROFL,7/4/2021,353.0,360.0,335.0,344.0,-0.86,55108.0,522.0,360.1
PROFL,7/5/2021,344.0,345.0,328.0,339.0,-1.45,20308.0,522.0,360.1
PROFL,7/6/2021,345.0,345.0,328.0,331.0,-2.36,18659.0,522.0,360.1
PROFL,7/7/2021,347.0,347.0,322.0,327.0,-1.21,19044.0,522.0,360.1
PROFL,7/8/2021,343.0,345.0,322.0,335.0,2.45,44615.0,522.0,360.1
PROFL,7/11/2021,341.0,368.0,341.0,368.0,9.85,120963.0,522.0,360.1
PROFL,7/12/2021,386.0,399.0,358.0,364.0,-1.09,151830.0,522.0,360.1
PROFL,7/13/2021,365.0,391.0,364.0,388.0,6.59,139428.0,522.0,360.1
PROFL,7/14/2021,390.0,408.0,371.0,401.0,3.35,160514.0,522.0,360.1
PROFL,7/15/2021,401.0,409.0,394.0,396.0,-1.25,110746.0,522.0,360.1
PROFL,7/18/2021,403.8,409.0,388.1,397.0,0.25,97174.0,522.0,360.1
PROFL,7/19/2021,404.9,407.0,386.0,390.0,-1.76,80843.0,522.0,360.1
PROFL,7/20/2021,397.8,397.8,383.0,387.0,-0.77,41919.0,522.0,360.1
PROFL,7/22/2021,390.0,393.0,379.0,382.0,-1.29,84636.0,522.0,360.1
PROFL,7/25/2021,389.0,397.3,381.0,386.0,1.05,65396.0,522.0,360.1
PROFL,7/26/2021,386.0,420.0,383.0,418.0,8.29,249734.0,522.0,360.1
PROFL,7/27/2021,426.2,440.0,405.0,435.0,4.07,179957.0,522.0,360.1
PROFL,7/28/2021,441.0,469.0,437.0,459.0,5.52,278424.0,522.0,360.1
PROFL,7/29/2021,468.1,494.0,444.0,470.0,2.4,334828.0,522.0,360.1
PROFL,8/1/2021,470.0,484.0,450.0,457.0,-2.77,153342.0,522.0,360.1
PROFL,8/2/2021,458.0,472.0,450.0,452.0,-1.09,142241.0,522.0,360.1
PROFL,8/3/2021,443.0,461.0,443.0,455.0,0.66,83225.0,522.0,360.1
PROFL,8/4/2021,464.1,490.0,452.0,476.0,4.62,196635.0,522.0,360.1
PROFL,8/5/2021,485.5,490.0,465.0,466.0,-2.1,164415.0,522.0,360.1
PROFL,8/8/2021,470.0,479.0,459.8,469.0,0.64,88781.0,522.0,360.1
PROFL,8/9/2021,478.0,510.0,461.0,494.0,5.33,144680.0,522.0,360.1
PROFL,8/10/2021,503.8,543.4,503.8,543.4,10.0,371762.0,522.0,360.1
PROFL,8/11/2021,554.2,574.0,522.4,528.0,-2.83,156047.0,522.0,360.1
PROFL,8/12/2021,538.5,558.0,515.5,535.0,1.33,179604.0,522.0,360.1
PROFL,8/15/2021,525.0,535.0,488.0,505.0,-5.61,247581.0,522.0,360.1
PROFL,8/16/2021,514.0,523.0,492.0,505.0,0.0,127160.0,522.0,360.1
PROFL,8/17/2021,515.0,524.1,502.0,519.9,2.95,157557.0,522.0,360.1
PROFL,8/18/2021,529.9,547.6,510.0,520.0,0.02,190033.0,522.0,360.1
PROFL,8/19/2021,530.0,551.0,500.0,507.0,-2.5,165950.0,522.0,360.1
PROFL,8/24/2021,507.0,527.3,490.0,501.0,-1.18,126318.0,522.0,360.1
PROFL,8/25/2021,503.0,508.0,485.7,487.0,-2.79,67580.0,522.0,360.1
PROFL,8/26/2021,490.0,532.0,490.0,519.9,6.76,193517.0,522.0,360.1
PROFL,8/29/2021,530.0,559.0,525.0,536.0,3.1,335618.0,522.0,360.1
PROFL,8/31/2021,536.0,550.0,521.0,535.0,-0.19,156549.0,522.0,360.1
PROFL,9/1/2021,535.0,558.0,530.0,540.0,0.93,177299.0,522.0,360.1
PROFL,9/2/2021,549.0,549.0,500.0,510.0,-5.56,101292.0,522.0,360.1
PROFL,9/5/2021,510.0,519.0,459.0,519.0,1.76,140608.0,522.0,360.1
PROFL,9/6/2021,529.3,570.0,486.0,554.0,6.74,239882.0,522.0,360.1
PROFL,9/7/2021,554.0,556.0,520.0,523.0,-5.6,88619.0,522.0,360.1
PROFL,9/8/2021,514.0,523.0,495.9,501.0,-4.21,63723.0,522.0,360.1
PROFL,9/9/2021,502.0,513.9,490.0,502.0,0.2,42696.0,522.0,360.1
PROFL,9/12/2021,510.0,519.0,497.0,518.0,3.19,53763.0,522.0,360.1
PROFL,9/13/2021,528.3,538.0,503.0,515.0,-0.58,70699.0,522.0,360.1
PROFL,9/14/2021,504.7,525.0,495.0,502.0,-2.52,43584.0,522.0,360.1
PROFL,9/15/2021,512.0,512.0,488.2,496.0,-1.2,49413.0,522.0,360.1
PROFL,9/16/2021,487.0,492.9,458.8,469.0,-5.44,81512.0,522.0,360.1
PROFL,9/20/2021,478.0,478.3,422.1,422.1,-10.0,115473.0,522.0,360.1
PROFL,9/21/2021,413.7,444.0,390.2,422.0,-0.02,72951.0,522.0,360.1
PROFL,9/22/2021,430.4,459.9,430.0,452.9,7.32,49488.0,522.0,360.1
PROFL,9/23/2021,461.9,471.0,435.1,438.1,-3.27,52075.0,522.0,360.1
PROFL,9/26/2021,446.8,446.8,399.0,407.0,-7.1,61366.0,522.0,360.1
PROFL,9/27/2021,399.0,415.0,370.0,387.0,-4.91,56219.0,522.0,360.1
PROFL,9/28/2021,390.0,408.0,352.0,355.0,-8.27,49929.0,522.0,360.1
PROFL,9/29/2021,355.0,390.5,330.0,380.0,7.04,51848.0,522.0,360.1
PROFL,9/30/2021,387.6,402.0,364.0,365.0,-3.95,35541.0,522.0,360.1
PROFL,10/3/2021,360.0,368.0,340.0,348.0,-4.66,29952.0,522.0,360.1
PROFL,10/4/2021,341.1,361.9,323.5,337.0,-3.16,23333.0,522.0,360.1
PROFL,10/5/2021,343.0,369.0,331.0,359.0,6.53,34536.0,522.0,360.1
PROFL,10/6/2021,366.1,394.9,366.0,394.9,10.0,34229.0,522.0,360.1
PROFL,10/10/2021,400.0,423.0,393.0,398.0,0.79,55775.0,522.0,360.1
PROFL,10/11/2021,392.0,401.0,385.0,399.0,0.25,24146.0,522.0,360.1
PROFL,10/17/2021,406.0,414.1,390.2,402.0,0.75,15850.0,522.0,360.1
PROFL,10/18/2021,394.0,399.0,375.0,378.0,-5.97,17090.0,522.0,360.1
PROFL,10/19/2021,370.5,370.5,343.0,359.0,-5.03,33405.0,522.0,360.1
PROFL,10/20/2021,366.1,385.0,360.1,374.0,4.18,22281.0,522.0,360.1
PROFL,10/21/2021,381.0,381.4,362.0,364.0,-2.67,10990.0,522.0,360.1
PROFL,10/24/2021,364.1,386.2,364.1,376.0,3.3,20938.0,522.0,360.1
PROFL,10/25/2021,383.0,413.0,383.0,412.0,9.57,48154.0,522.0,360.1
PROFL,10/26/2021,420.2,445.6,410.0,430.0,4.37,52292.0,522.0,360.1
PROFL,10/27/2021,438.0,443.7,416.5,424.9,-1.19,47470.0,522.0,360.1
PROFL,10/28/2021,429.0,432.0,416.0,425.1,0.05,34701.0,522.0,360.1
PROFL,10/31/2021,430.0,453.0,421.0,450.5,5.98,72388.0,522.0,360.1
PROFL,11/1/2021,459.5,477.9,431.2,439.0,-2.55,43088.0,522.0,360.1
PROFL,11/2/2021,440.0,456.0,434.2,454.0,3.42,52504.0,522.0,360.1
PROFL,11/3/2021,463.0,470.0,446.0,447.0,-1.54,28389.0,522.0,360.1
PROFL,11/8/2021,450.0,458.0,434.0,442.0,-1.12,17717.0,522.0,360.1
PROFL,11/9/2021,442.0,446.0,413.0,419.4,-5.11,37623.0,522.0,360.1
PROFL,11/11/2021,411.2,428.0,400.0,400.0,-4.63,51106.0,522.0,360.1
PROFL,11/14/2021,401.0,430.0,392.0,411.0,2.75,42631.0,522.0,360.1
PROFL,11/15/2021,419.0,433.0,416.0,425.4,3.5,24677.0,522.0,360.1
PROFL,11/16/2021,428.0,440.0,417.1,435.0,2.26,38635.0,522.0,360.1
PROFL,11/17/2021,441.6,461.0,427.0,430.0,-1.15,39856.0,522.0,360.1
PROFL,11/18/2021,422.0,435.0,415.0,421.0,-2.09,24590.0,522.0,360.1
PROFL,11/21/2021,421.0,443.9,421.0,422.0,0.24,21586.0,522.0,360.1
PROFL,11/22/2021,425.0,432.0,422.0,424.0,0.47,16328.0,522.0,360.1
PROFL,11/23/2021,420.0,423.0,406.7,408.0,-3.77,25603.0,522.0,360.1
PROFL,11/24/2021,400.0,424.0,395.0,418.9,2.67,26520.0,522.0,360.1
PROFL,11/25/2021,425.0,425.0,415.0,415.0,-0.93,18834.0,522.0,360.1
PROFL,11/28/2021,413.0,413.0,396.0,396.0,-4.58,36270.0,522.0,360.1
PROFL,11/29/2021,388.5,410.0,388.5,398.0,0.51,27223.0,522.0,360.1
PROFL,11/30/2021,398.0,404.9,392.5,399.9,0.48,27382.0,522.0,360.1
PROFL,12/1/2021,400.0,408.0,400.0,402.0,0.53,14864.0,522.0,360.1
PROFL,12/2/2021,400.0,400.0,384.0,388.0,-3.48,25460.0,522.0,360.1
PROFL,12/5/2021,383.0,388.1,368.0,370.0,-4.64,29445.0,522.0,360.1
PROFL,12/6/2021,377.0,396.0,342.0,389.0,5.14,32141.0,522.0,360.1
PROFL,12/7/2021,396.0,410.0,370.6,380.0,-2.31,40689.0,522.0,360.1
PROFL,12/8/2021,374.0,387.0,363.0,366.0,-3.68,17404.0,522.0,360.1
PROFL,12/9/2021,370.0,374.9,359.0,365.0,-0.27,23307.0,522.0,360.1
PROFL,12/12/2021,360.0,361.0,334.2,335.0,-8.22,43553.0,522.0,360.1
PROFL,12/13/2021,329.0,335.0,306.0,311.0,-7.16,36759.0,522.0,360.1
PROFL,12/14/2021,317.0,342.1,317.0,342.1,10.0,13789.0,522.0,360.1
PROFL,12/15/2021,348.9,376.3,337.0,357.0,4.36,49076.0,522.0,360.1
PROFL,12/16/2021,350.0,357.0,342.1,346.0,-3.08,20106.0,522.0,360.1
PROFL,12/20/2021,347.0,352.0,329.0,335.0,-3.18,15934.0,522.0,360.1
PROFL,12/21/2021,341.7,360.0,336.0,346.0,3.28,17878.0,522.0,360.1
PROFL,12/22/2021,352.1,370.0,346.0,368.0,6.36,29195.0,522.0,360.1
PROFL,12/23/2021,368.0,377.0,363.1,366.0,-0.54,27807.0,522.0,360.1
PROFL,12/26/2021,372.0,372.0,355.0,364.5,-0.41,26709.0,522.0,360.1
PROFL,12/27/2021,365.0,365.0,339.0,343.1,-5.87,33778.0,522.0,360.1
PROFL,12/28/2021,336.3,358.0,330.0,350.0,2.01,21220.0,522.0,360.1
PROFL,12/29/2021,350.0,355.9,343.0,350.0,0.0,18448.0,522.0,360.1
PROFL,1/2/2022,346.0,357.0,345.0,354.9,1.4,26954.0,522.0,360.1
PROFL,1/3/2022,338.3,352.9,338.0,345.0,-2.79,29472.0,522.0,360.1
PROFL,1/4/2022,351.9,379.0,343.0,368.0,6.67,41795.0,522.0,360.1
PROFL,1/5/2022,372.0,372.9,350.0,360.0,-2.17,39967.0,522.0,360.1
PROFL,1/6/2022,360.0,365.0,355.0,360.1,0.03,22883.0,522.0,360.1
PROFL,1/9/2022,367.0,393.7,367.0,393.7,9.33,60031.0,522.0,360.1
PROFL,1/10/2022,401.0,410.0,382.2,398.0,1.09,74179.0,522.0,360.1
PROFL,1/11/2022,390.1,437.8,390.1,424.0,6.53,75176.0,522.0,360.1
PROFL,1/12/2022,415.6,440.0,410.0,411.0,-3.07,87808.0,522.0,360.1
PROFL,1/13/2022,410.0,423.2,403.0,420.1,2.21,50624.0,522.0,360.1
PROFL,1/16/2022,428.0,442.0,426.3,429.0,2.12,68732.0,522.0,360.1
PROFL,1/17/2022,431.0,437.0,418.2,429.9,0.21,39464.0,522.0,360.1
PROFL,1/18/2022,430.0,433.0,405.0,417.0,-3.0,49952.0,522.0,360.1
PROFL,1/19/2022,414.0,423.0,403.0,408.0,-2.16,34230.0,522.0,360.1
PROFL,1/20/2022,406.5,423.0,405.0,419.0,2.7,33760.0,522.0,360.1
PROFL,1/23/2022,427.0,427.0,407.0,410.0,-2.15,28594.0,522.0,360.1
PROFL,1/24/2022,402.0,410.0,382.0,389.1,-5.1,75228.0,522.0,360.1
PROFL,1/25/2022,390.0,403.0,380.0,385.6,-0.9,46454.0,522.0,360.1
PROFL,1/26/2022,380.0,392.0,375.1,377.0,-2.23,32084.0,522.0,360.1
PROFL,1/27/2022,377.1,390.0,377.1,380.0,0.8,29743.0,522.0,360.1
PROFL,1/30/2022,387.6,411.9,387.6,411.9,8.39,48562.0,522.0,360.1
PROFL,1/31/2022,413.0,415.0,395.0,401.0,-2.65,33951.0,522.0,360.1
PROFL,2/1/2022,401.0,409.0,400.0,406.0,1.25,28025.0,522.0,360.1
PROFL,2/3/2022,411.0,414.0,395.0,399.0,-1.72,35097.0,522.0,360.1
PROFL,2/6/2022,395.0,400.9,389.0,389.0,-2.51,28414.0,522.0,360.1
PROFL,2/7/2022,381.3,402.0,381.3,395.0,1.54,16533.0,522.0,360.1
PROFL,2/8/2022,402.0,427.0,392.0,395.0,0.0,33647.0,522.0,360.1
PROFL,2/9/2022,390.0,397.8,386.4,387.0,-2.03,16085.0,522.0,360.1
PROFL,2/10/2022,394.0,394.0,385.0,387.0,0.0,16336.0,522.0,360.1
PROFL,2/13/2022,381.0,382.0,369.5,370.0,-4.39,33939.0,522.0,360.1
PROFL,2/14/2022,363.0,384.5,363.0,373.9,1.05,16068.0,522.0,360.1
PROFL,2/15/2022,381.0,384.0,374.0,380.9,1.87,16115.0,522.0,360.1
PROFL,2/16/2022,388.1,388.1,374.0,374.4,-1.71,15381.0,522.0,360.1
PROFL,2/17/2022,380.0,382.0,370.0,370.0,-1.18,10491.0,522.0,360.1
PROFL,2/20/2022,362.6,375.0,355.4,367.0,-0.81,20430.0,522.0,360.1
PROFL,2/21/2022,367.0,375.0,366.0,372.9,1.61,11983.0,522.0,360.1
PROFL,2/22/2022,373.1,382.5,373.1,375.5,0.7,18663.0,522.0,360.1
PROFL,2/23/2022,383.0,383.0,371.1,372.1,-0.91,6272.0,522.0,360.1
PROFL,2/24/2022,365.1,372.0,359.0,361.3,-2.9,21456.0,522.0,360.1
PROFL,2/27/2022,358.0,374.7,357.0,359.1,-0.61,14744.0,522.0,360.1
PROFL,2/28/2022,366.0,366.0,352.0,352.0,-1.98,19629.0,522.0,360.1
PROFL,3/2/2022,352.0,352.0,335.0,339.0,-3.69,26745.0,522.0,360.1
PROFL,3/6/2022,344.0,350.8,334.0,337.0,-0.59,16498.0,522.0,360.1
PROFL,3/7/2022,343.0,346.0,333.3,333.3,-1.1,12794.0,522.0,360.1
PROFL,3/9/2022,339.9,339.9,322.5,322.5,-3.24,10227.0,522.0,360.1
PROFL,3/10/2022,325.0,350.0,318.6,350.0,8.53,15894.0,522.0,360.1
PROFL,3/13/2022,352.0,368.0,352.0,368.0,5.14,20783.0,522.0,360.1
PROFL,3/14/2022,372.0,372.0,356.9,365.9,-0.57,5072.0,522.0,360.1
PROFL,3/15/2022,372.7,372.7,355.0,355.0,-2.98,12588.0,522.0,360.1
PROFL,3/16/2022,360.0,360.0,345.0,347.0,-2.25,11801.0,522.0,360.1
PROFL,3/20/2022,347.0,352.9,343.0,348.0,0.29,9923.0,522.0,360.1
PROFL,3/21/2022,354.0,359.9,343.0,358.9,3.13,10351.0,522.0,360.1
PROFL,3/22/2022,365.0,366.0,355.8,358.0,-0.25,11097.0,522.0,360.1
PROFL,3/23/2022,350.9,360.0,348.0,356.0,-0.56,6554.0,522.0,360.1
PROFL,3/24/2022,360.0,360.0,345.0,345.0,-3.09,12361.0,522.0,360.1
PROFL,3/27/2022,341.0,348.0,333.5,334.0,-3.19,11093.0,522.0,360.1
PROFL,3/28/2022,328.0,340.0,325.0,326.0,-2.4,13130.0,522.0,360.1
PROFL,3/29/2022,331.0,339.9,324.0,325.9,-0.03,13528.0,522.0,360.1
PROFL,3/30/2022,325.0,350.0,325.0,340.0,4.33,6852.0,522.0,360.1
PROFL,3/31/2022,344.0,347.9,327.0,327.0,-3.82,11537.0,522.0,360.1
PROFL,4/3/2022,325.0,332.0,320.5,326.0,-0.31,8002.0,522.0,360.1
PROFL,4/4/2022,321.0,335.0,321.0,323.1,-0.89,4835.0,522.0,360.1
PROFL,4/5/2022,320.0,325.0,314.0,321.9,-0.37,14960.0,522.0,360.1
PROFL,4/6/2022,328.0,329.0,309.4,320.0,-0.59,11185.0,522.0,360.1
PROFL,4/7/2022,325.9,330.0,316.2,324.0,1.25,11906.0,522.0,360.1
PROFL,4/11/2022,330.4,342.0,314.0,314.0,-3.09,10335.0,522.0,360.1
PROFL,4/12/2022,314.0,317.2,305.2,308.0,-1.91,11877.0,522.0,360.1
PROFL,4/13/2022,310.0,315.0,307.8,311.0,0.97,8971.0,522.0,360.1
PROFL,4/17/2022,312.0,314.0,300.0,307.9,-1.0,5608.0,522.0,360.1
PROFL,4/18/2022,301.8,305.0,290.2,290.2,-5.75,9955.0,522.0,360.1
PROFL,4/19/2022,290.2,312.0,279.3,296.0,2.0,13980.0,522.0,360.1
PROFL,4/20/2022,301.0,301.0,283.0,287.8,-2.77,6103.0,522.0,360.1
PROFL,4/21/2022,283.0,289.0,275.0,289.0,0.42,19511.0,522.0,360.1
PROFL,4/24/2022,293.5,317.9,288.0,315.0,9.0,20095.0,522.0,360.1
PROFL,4/25/2022,320.0,324.3,302.0,312.0,-0.95,13615.0,522.0,360.1
PROFL,4/26/2022,314.0,314.0,298.0,309.0,-0.96,6176.0,522.0,360.1
PROFL,4/27/2022,304.0,309.5,301.1,308.0,-0.32,5677.0,522.0,360.1
PROFL,4/28/2022,311.0,311.0,294.2,297.0,-3.57,6440.0,522.0,360.1
PROFL,5/2/2022,291.2,291.5,282.3,290.0,-2.36,9024.0,522.0,360.1
PROFL,5/4/2022,285.0,287.0,279.3,281.0,-3.1,5923.0,522.0,360.1
PROFL,5/5/2022,276.0,284.0,270.5,276.0,-1.78,9215.0,522.0,360.1
PROFL,5/8/2022,270.5,295.0,265.0,290.0,5.07,9430.0,522.0,360.1
PROFL,5/9/2022,290.0,296.6,281.0,285.9,-1.41,10173.0,522.0,360.1
PROFL,5/10/2022,290.0,296.0,285.2,293.9,2.8,7100.0,522.0,360.1
PROFL,5/11/2022,299.0,311.1,290.0,311.1,5.85,16755.0,522.0,360.1
PROFL,5/12/2022,315.0,317.3,302.0,303.5,-2.44,11651.0,522.0,360.1
PROFL,5/17/2022,297.5,303.4,282.1,287.0,-5.44,9734.0,522.0,360.1
PROFL,5/18/2022,282.0,296.0,280.0,296.0,3.14,5336.0,522.0,360.1
PROFL,5/19/2022,290.5,299.9,284.0,285.0,-3.72,9348.0,522.0,360.1
PROFL,5/20/2022,279.3,288.0,275.4,285.8,0.28,9305.0,522.0,360.1
PROFL,5/23/2022,290.0,290.0,269.0,276.0,-3.43,4730.0,522.0,360.1
PROFL,5/24/2022,274.0,289.0,269.0,280.0,1.45,9929.0,522.0,360.1
PROFL,5/25/2022,285.0,285.6,275.1,280.0,0.0,6253.0,522.0,360.1
PROFL,5/26/2022,282.0,282.0,274.6,282.0,0.71,3210.0,522.0,360.1
PROFL,5/27/2022,282.0,282.0,274.0,275.0,-2.48,6647.0,522.0,360.1
PROFL,5/30/2022,271.0,271.0,258.0,262.9,-4.4,15412.0,522.0,360.1
PROFL,5/31/2022,258.0,268.0,255.0,255.8,-2.7,4073.0,522.0,360.1
PROFL,6/1/2022,260.0,265.2,254.0,259.9,1.6,3960.0,522.0,360.1
PROFL,6/2/2022,262.0,265.0,254.0,258.9,-0.38,11020.0,522.0,360.1
PROFL,6/3/2022,259.0,259.0,247.0,247.0,-4.6,8856.0,522.0,360.1
PROFL,6/6/2022,249.0,256.9,245.0,248.0,0.4,9123.0,522.0,360.1
PROFL,6/7/2022,245.0,245.0,235.4,242.7,-2.14,7805.0,522.0,360.1
PROFL,6/8/2022,246.0,266.5,234.0,261.0,7.54,9964.0,522.0,360.1
PROFL,6/9/2022,256.5,271.3,250.0,250.0,-4.21,10584.0,522.0,360.1
PROFL,6/10/2022,246.0,253.0,245.0,247.0,-1.2,6511.0,522.0,360.1
PROFL,6/13/2022,250.0,250.0,245.5,245.5,-0.61,1823.0,522.0,360.1
PROFL,6/14/2022,242.0,242.0,230.0,231.5,-5.7,6370.0,522.0,360.1
PROFL,6/15/2022,227.0,238.6,222.0,224.2,-3.15,9522.0,522.0,360.1
PROFL,6/16/2022,227.0,236.2,225.0,226.0,0.8,6666.0,522.0,360.1
PROFL,6/17/2022,230.0,234.4,223.0,226.0,0.0,2954.0,522.0,360.1
PROFL,6/19/2022,227.0,227.0,216.5,216.5,-4.2,4476.0,522.0,360.1
PROFL,6/20/2022,215.0,215.0,206.0,209.8,-3.09,12506.0,522.0,360.1
PROFL,6/21/2022,213.0,222.0,212.0,218.0,3.91,5298.0,522.0,360.1
PROFL,6/22/2022,220.0,220.0,208.0,209.0,-4.13,5592.0,522.0,360.1
PROFL,6/23/2022,205.0,205.0,195.0,199.0,-4.78,11822.0,522.0,360.1
PROFL,6/24/2022,196.0,218.4,192.0,208.0,4.52,10478.0,522.0,360.1
PROFL,6/26/2022,212.1,228.8,212.1,228.8,10.0,14744.0,522.0,360.1
PROFL,6/27/2022,233.3,237.8,220.0,231.0,0.96,22094.0,522.0,360.1
PROFL,6/28/2022,230.0,230.0,218.3,222.0,-3.9,20392.0,522.0,360.1
PROFL,6/29/2022,217.6,230.0,217.6,230.0,3.6,11959.0,522.0,360.1
PROFL,6/30/2022,226.0,244.8,226.0,244.8,6.43,20348.0,522.0,360.1
PROFL,7/1/2022,242.0,249.0,235.3,241.5,-1.35,10875.0,522.0,360.1
PROFL,7/3/2022,245.0,250.0,237.0,250.0,3.52,18642.0,522.0,360.1
PROFL,7/4/2022,250.0,268.0,240.1,245.0,-2.0,40581.0,522.0,360.1
PROFL,7/5/2022,241.0,250.8,230.0,239.0,-2.45,28884.0,522.0,360.1
PROFL,7/6/2022,240.0,249.6,230.3,243.1,1.72,15274.0,522.0,360.1
PROFL,7/7/2022,245.0,251.9,240.0,242.1,-0.41,15266.0,522.0,360.1
PROFL,7/8/2022,238.0,240.0,233.0,233.0,-3.76,8706.0,522.0,360.1
PROFL,7/11/2022,230.0,232.0,213.2,216.0,-7.3,21043.0,522.0,360.1
PROFL,7/12/2022,220.0,224.0,214.1,224.0,3.7,13081.0,522.0,360.1
PROFL,7/13/2022,224.0,245.0,221.0,242.0,8.04,19689.0,522.0,360.1
PROFL,7/14/2022,244.0,246.5,230.0,243.0,0.41,27186.0,522.0,360.1
PROFL,7/15/2022,238.5,246.0,231.0,246.0,1.23,6600.0,522.0,360.1
PROFL,7/17/2022,245.0,249.0,235.2,237.1,-3.62,11172.0,522.0,360.1
PROFL,7/18/2022,236.1,242.0,233.0,238.0,0.38,8137.0,522.0,360.1
PROFL,7/19/2022,242.0,253.7,238.0,247.3,3.91,28328.0,522.0,360.1
PROFL,7/20/2022,243.0,260.0,243.0,252.0,1.9,41164.0,522.0,360.1
PROFL,7/21/2022,250.0,257.0,247.1,249.9,-0.83,20578.0,522.0,360.1
PROFL,7/22/2022,245.2,255.6,240.3,252.0,0.84,49046.0,522.0,360.1
PROFL,7/24/2022,248.0,273.3,247.0,273.3,8.45,56311.0,522.0,360.1
PROFL,7/25/2022,275.0,299.0,275.0,299.0,9.4,60640.0,522.0,360.1
PROFL,7/26/2022,302.0,312.0,280.3,290.0,-3.01,55010.0,522.0,360.1
PROFL,7/27/2022,284.2,305.0,273.0,301.0,3.79,54093.0,522.0,360.1
PROFL,7/28/2022,303.0,315.0,294.0,304.0,1.0,61099.0,522.0,360.1
PROFL,7/29/2022,303.0,314.1,299.0,307.0,0.99,26457.0,522.0,360.1
PROFL,7/31/2022,313.0,313.0,298.0,304.0,-0.98,44681.0,522.0,360.1
PROFL,8/1/2022,300.0,310.0,290.0,299.0,-1.64,31014.0,522.0,360.1
PROFL,8/2/2022,303.0,326.2,300.0,320.0,7.02,114487.0,522.0,360.1
PROFL,8/3/2022,326.4,339.0,320.0,326.0,1.88,62759.0,522.0,360.1
PROFL,8/4/2022,320.0,324.0,312.7,314.0,-3.68,42839.0,522.0,360.1
PROFL,8/5/2022,310.0,317.8,300.0,300.2,-4.39,24975.0,522.0,360.1
PROFL,8/7/2022,300.0,310.0,300.0,306.0,1.93,21095.0,522.0,360.1
PROFL,8/8/2022,312.1,324.0,301.0,302.2,-1.24,14083.0,522.0,360.1
PROFL,8/9/2022,298.0,306.0,289.2,292.0,-3.38,44037.0,522.0,360.1
PROFL,8/10/2022,286.4,303.7,284.0,293.0,0.34,11187.0,522.0,360.1
PROFL,8/11/2022,293.0,296.0,282.8,284.0,-3.07,18656.0,522.0,360.1
PROFL,8/14/2022,284.0,289.0,279.0,279.0,-1.76,8226.0,522.0,360.1
PROFL,8/15/2022,279.0,301.0,279.0,301.0,7.89,21179.0,522.0,360.1
PROFL,8/16/2022,307.0,312.0,290.0,291.9,-3.02,31872.0,522.0,360.1
PROFL,8/17/2022,296.8,306.0,290.1,300.0,2.77,34087.0,522.0,360.1
PROFL,8/18/2022,306.0,321.0,301.1,315.1,5.03,90203.0,522.0,360.1
PROFL,8/21/2022,320.1,327.4,314.2,317.9,0.89,75888.0,522.0,360.1
PROFL,8/22/2022,317.9,324.0,311.8,318.0,0.03,30537.0,522.0,360.1
PROFL,8/23/2022,323.9,327.0,310.7,313.0,-1.57,14827.0,522.0,360.1
PROFL,8/24/2022,315.0,321.0,311.3,314.0,0.32,41492.0,522.0,360.1
PROFL,8/25/2022,320.2,326.6,303.0,305.0,-2.87,14568.0,522.0,360.1
PROFL,8/26/2022,302.0,311.1,298.9,303.0,-0.66,26924.0,522.0,360.1
PROFL,8/28/2022,307.0,309.0,290.2,296.0,-2.31,54087.0,522.0,360.1
PROFL,8/29/2022,290.6,303.0,284.8,300.0,1.35,16270.0,522.0,360.1
PROFL,8/30/2022,294.0,312.1,289.1,296.0,-1.33,12446.0,522.0,360.1
PROFL,8/31/2022,290.2,301.8,288.0,288.0,-2.7,6840.0,522.0,360.1
PROFL,9/1/2022,282.5,300.0,281.1,299.0,3.82,18201.0,522.0,360.1
PROFL,9/2/2022,301.0,304.9,292.1,292.1,-2.31,7608.0,522.0,360.1
PROFL,9/4/2022,297.9,303.0,291.2,291.2,-0.31,5056.0,522.0,360.1
PROFL,9/5/2022,296.5,299.6,289.1,289.5,-0.58,4878.0,522.0,360.1
PROFL,9/6/2022,285.0,295.0,282.0,282.0,-2.59,10505.0,522.0,360.1
PROFL,9/7/2022,278.0,285.4,277.4,281.0,-0.35,8029.0,522.0,360.1
PROFL,9/8/2022,277.5,300.0,276.0,289.9,3.17,46573.0,522.0,360.1
PROFL,9/11/2022,295.0,295.0,282.0,282.0,-2.73,4206.0,522.0,360.1
PROFL,9/12/2022,277.9,287.6,277.0,278.0,-1.42,10415.0,522.0,360.1
PROFL,9/13/2022,278.5,288.8,278.0,285.0,2.52,7717.0,522.0,360.1
PROFL,9/14/2022,290.0,300.5,289.6,300.0,5.26,19445.0,522.0,360.1
PROFL,9/15/2022,301.0,305.0,281.5,285.0,-5.0,29873.0,522.0,360.1
PROFL,9/16/2022,279.3,290.0,273.9,287.0,0.7,6902.0,522.0,360.1
PROFL,9/18/2022,282.5,289.0,277.5,280.0,-2.44,9843.0,522.0,360.1
PROFL,9/20/2022,285.0,285.6,264.0,264.7,-5.46,9173.0,522.0,360.1
PROFL,9/21/2022,269.9,274.0,267.1,269.0,1.62,4852.0,522.0,360.1
PROFL,9/22/2022,264.0,271.0,262.0,262.0,-2.6,4604.0,522.0,360.1
PROFL,9/25/2022,264.0,264.0,249.3,249.3,-4.85,9455.0,522.0,360.1
PROFL,9/27/2022,250.0,257.9,250.0,253.0,1.48,7252.0,522.0,360.1
PROFL,9/28/2022,258.0,258.0,251.0,251.0,-0.79,8360.0,522.0,360.1
PROFL,9/29/2022,256.0,261.0,255.0,258.0,2.79,4361.0,522.0,360.1
PROFL,10/9/2022,263.0,271.0,261.0,270.0,4.65,8220.0,522.0,360.1
PROFL,10/10/2022,271.0,273.0,254.8,262.0,-2.96,9721.0,522.0,360.1
PROFL,10/11/2022,266.9,266.9,257.4,258.1,-1.49,3000.0,522.0,360.1
PROFL,10/12/2022,262.9,271.9,248.0,271.9,5.35,9223.0,522.0,360.1
PROFL,10/13/2022,276.0,279.9,267.7,277.0,1.88,14592.0,522.0,360.1
PROFL,10/16/2022,282.0,287.6,267.1,268.0,-3.25,12601.0,522.0,360.1
PROFL,10/17/2022,273.3,278.7,258.0,263.0,-1.87,9946.0,522.0,360.1
PROFL,10/19/2022,268.2,268.2,253.0,258.0,-1.9,6574.0,522.0,360.1
PROFL,10/20/2022,263.1,263.1,252.0,259.0,0.39,1383.0,522.0,360.1
PROFL,10/23/2022,255.6,260.2,254.0,258.9,-0.04,4423.0,522.0,360.1
PROFL,10/31/2022,255.0,265.0,252.2,262.0,1.2,3306.0,522.0,360.1
PROFL,11/1/2022,260.0,287.9,260.0,283.1,8.05,17650.0,522.0,360.1
PROFL,11/2/2022,286.0,291.3,276.1,281.0,-0.74,11792.0,522.0,360.1
PROFL,11/3/2022,280.0,285.0,270.1,270.1,-3.88,11460.0,522.0,360.1
PROFL,11/6/2022,275.0,289.0,269.5,289.0,7.0,14972.0,522.0,360.1
PROFL,11/7/2022,283.3,300.0,282.3,285.0,-1.38,17790.0,522.0,360.1
PROFL,11/8/2022,281.9,290.6,281.9,285.0,0.0,4112.0,522.0,360.1
PROFL,11/9/2022,280.2,285.5,265.0,265.0,-7.02,13042.0,522.0,360.1
PROFL,11/10/2022,270.0,272.0,260.0,263.0,-0.75,12251.0,522.0,360.1
PROFL,11/13/2022,265.0,269.9,260.0,263.0,0.0,5590.0,522.0,360.1
PROFL,11/14/2022,259.0,270.5,259.0,270.1,2.7,6712.0,522.0,360.1
PROFL,11/15/2022,270.0,284.0,266.0,269.0,-0.41,5433.0,522.0,360.1
PROFL,11/16/2022,263.7,277.0,263.7,266.0,-1.12,12199.0,522.0,360.1
PROFL,11/17/2022,271.3,287.0,270.0,279.0,4.89,39850.0,522.0,360.1
PROFL,11/22/2022,284.5,295.0,279.0,284.0,1.79,11427.0,522.0,360.1
PROFL,11/23/2022,280.0,284.5,279.0,283.0,-0.35,5116.0,522.0,360.1
PROFL,11/24/2022,277.4,289.0,272.0,289.0,2.12,14527.0,522.0,360.1
PROFL,11/27/2022,286.6,306.0,282.4,305.0,5.54,37607.0,522.0,360.1
PROFL,11/28/2022,310.0,314.0,297.0,298.0,-2.3,30126.0,522.0,360.1
PROFL,11/29/2022,294.0,305.0,294.0,303.9,1.98,8329.0,522.0,360.1
PROFL,11/30/2022,298.0,304.0,294.0,298.9,-1.65,6195.0,522.0,360.1
PROFL,12/1/2022,299.4,301.5,296.0,298.0,-0.3,8868.0,522.0,360.1
PROFL,12/4/2022,295.0,302.0,289.2,295.0,-1.01,6218.0,522.0,360.1
PROFL,12/5/2022,290.5,294.7,280.0,289.0,-2.03,8695.0,522.0,360.1
PROFL,12/6/2022,284.0,287.9,280.0,285.0,-1.38,6666.0,522.0,360.1
PROFL,12/7/2022,290.0,290.7,279.3,281.0,-1.4,6989.0,522.0,360.1
PROFL,12/11/2022,276.0,280.1,276.0,276.9,-1.46,6048.0,522.0,360.1
PROFL,12/12/2022,282.0,287.0,277.0,287.0,3.65,5322.0,522.0,360.1
PROFL,12/13/2022,287.0,287.0,280.0,284.9,-0.73,7169.0,522.0,360.1
PROFL,12/14/2022,289.9,289.9,281.5,282.1,-0.98,1378.0,522.0,360.1
PROFL,12/15/2022,287.0,287.0,275.9,276.3,-2.06,7846.0,522.0,360.1
PROFL,12/18/2022,277.0,284.0,271.5,277.0,0.25,8146.0,522.0,360.1
PROFL,12/19/2022,282.5,288.0,272.0,277.9,0.32,2821.0,522.0,360.1
PROFL,12/20/2022,273.0,282.5,272.5,277.0,-0.32,2430.0,522.0,360.1
PROFL,12/21/2022,272.3,277.5,272.0,272.0,-1.81,2753.0,522.0,360.1
PROFL,12/22/2022,271.0,272.0,265.0,268.0,-1.47,6159.0,522.0,360.1
PROFL,12/26/2022,273.3,289.6,273.3,289.0,7.84,12740.0,522.0,360.1
PROFL,12/27/2022,294.7,305.0,290.1,296.2,2.49,23204.0,522.0,360.1
PROFL,12/28/2022,290.5,314.0,290.5,305.0,2.97,58772.0,522.0,360.1
PROFL,12/29/2022,309.0,324.9,300.1,322.0,5.57,47800.0,522.0,360.1
PROFL,1/1/2023,317.0,328.0,311.0,320.0,-0.62,40708.0,522.0,360.1
PROFL,1/2/2023,313.6,333.5,313.6,330.0,3.12,41545.0,522.0,360.1
PROFL,1/3/2023,330.0,337.0,318.6,324.9,-1.55,26436.0,522.0,360.1
PROFL,1/4/2023,330.9,343.7,324.3,343.7,5.79,44716.0,522.0,360.1
PROFL,1/5/2023,343.0,358.9,331.0,346.1,0.7,44193.0,522.0,360.1
PROFL,1/8/2023,353.0,363.0,340.0,360.0,4.02,68014.0,522.0,360.1
PROFL,1/9/2023,360.0,375.0,356.0,375.0,4.17,42610.0,522.0,360.1
PROFL,1/10/2023,382.5,389.9,343.0,352.0,-6.13,71003.0,522.0,360.1
PROFL,1/12/2023,359.0,373.0,338.0,342.0,-2.84,49287.0,522.0,360.1
PROFL,1/17/2023,347.9,360.0,338.0,360.0,5.26,29926.0,522.0,360.1
PROFL,1/18/2023,365.0,374.5,353.1,354.0,-1.67,55623.0,522.0,360.1
PROFL,1/19/2023,357.0,357.1,340.0,354.0,0.0,32799.0,522.0,360.1
PROFL,1/23/2023,347.0,357.0,338.1,343.8,-2.88,27129.0,522.0,360.1
PROFL,1/24/2023,337.0,358.7,330.0,354.8,3.2,25399.0,522.0,360.1
PROFL,1/25/2023,348.0,364.1,348.0,358.0,0.9,29875.0,522.0,360.1
PROFL,1/26/2023,365.0,366.0,350.0,360.0,0.56,48302.0,522.0,360.1
PROFL,1/29/2023,358.0,367.0,348.0,348.0,-3.33,14761.0,522.0,360.1
PROFL,1/30/2023,353.9,353.9,333.0,333.0,-4.31,14982.0,522.0,360.1
PROFL,1/31/2023,332.0,345.0,328.0,334.0,0.3,16034.0,522.0,360.1
PROFL,2/1/2023,340.6,347.4,334.3,338.0,1.2,17068.0,522.0,360.1
PROFL,2/2/2023,343.9,349.0,329.5,334.0,-1.18,27542.0,522.0,360.1
PROFL,2/5/2023,339.0,345.0,332.9,342.4,2.51,25950.0,522.0,360.1
PROFL,2/6/2023,348.5,348.5,338.0,342.9,0.15,14758.0,522.0,360.1
PROFL,2/7/2023,349.6,370.0,348.8,370.0,7.9,87696.0,522.0,360.1
PROFL,2/8/2023,377.0,377.0,348.0,361.0,-2.43,56127.0,522.0,360.1
PROFL,2/9/2023,353.9,378.0,353.8,370.0,2.49,17077.0,522.0,360.1
PROFL,2/12/2023,362.6,363.0,347.0,353.0,-4.59,37191.0,522.0,360.1
PROFL,2/14/2023,359.0,359.0,346.0,351.0,-0.57,16518.0,522.0,360.1
PROFL,2/15/2023,358.0,358.0,341.1,346.0,-1.42,17224.0,522.0,360.1
PROFL,2/16/2023,342.1,348.0,335.1,339.0,-2.02,11266.0,522.0,360.1
PROFL,2/20/2023,345.7,359.0,332.1,340.0,0.29,15720.0,522.0,360.1
PROFL,2/22/2023,346.1,352.9,343.0,345.0,1.47,7416.0,522.0,360.1
PROFL,2/23/2023,340.0,341.0,332.0,337.0,-2.32,15675.0,522.0,360.1
PROFL,2/26/2023,331.0,351.0,321.4,347.0,2.97,21141.0,522.0,360.1
PROFL,2/27/2023,347.0,349.9,335.0,344.6,-0.69,12181.0,522.0,360.1
PROFL,2/28/2023,349.9,349.9,338.1,341.9,-0.78,4360.0,522.0,360.1
PROFL,3/1/2023,336.0,348.5,331.0,335.0,-2.02,4170.0,522.0,360.1
PROFL,3/2/2023,335.0,335.0,327.0,329.0,-1.79,47780.0,522.0,360.1
PROFL,3/5/2023,324.0,335.5,320.1,329.0,0.0,12907.0,522.0,360.1
PROFL,3/7/2023,335.5,349.0,322.5,334.0,1.52,4180.0,522.0,360.1
PROFL,3/9/2023,340.6,343.0,336.2,342.0,2.4,9930.0,522.0,360.1
PROFL,3/12/2023,343.7,345.0,333.0,339.0,-0.88,6943.0,522.0,360.1
PROFL,3/13/2023,339.0,339.0,330.0,336.0,-0.88,3574.0,522.0,360.1
PROFL,3/14/2023,330.1,338.9,329.3,334.0,-0.6,3942.0,522.0,360.1
PROFL,3/15/2023,328.0,339.0,323.5,339.0,1.5,5818.0,522.0,360.1
PROFL,3/16/2023,335.0,338.0,330.5,331.0,-2.36,5177.0,522.0,360.1
PROFL,3/19/2023,325.0,343.9,325.0,330.9,-0.03,6933.0,522.0,360.1
PROFL,3/20/2023,335.0,339.0,328.3,331.0,0.03,4639.0,522.0,360.1
PROFL,3/22/2023,325.1,343.6,312.0,325.0,-1.81,45538.0,522.0,360.1
PROFL,3/23/2023,322.0,322.9,315.6,322.9,-0.65,4827.0,522.0,360.1
PROFL,3/26/2023,324.0,324.0,313.0,319.0,-1.21,4049.0,522.0,360.1
PROFL,3/27/2023,320.0,322.0,309.7,321.0,0.63,4249.0,522.0,360.1
PROFL,3/28/2023,327.0,328.0,317.0,323.0,0.62,10684.0,522.0,360.1
PROFL,3/29/2023,320.0,320.0,317.2,317.3,-1.76,1577.0,522.0,360.1
PROFL,3/30/2023,320.0,323.5,312.7,317.0,-0.09,6621.0,522.0,360.1
PROFL,4/2/2023,323.0,323.3,309.0,309.0,-2.52,3758.0,522.0,360.1
PROFL,4/3/2023,303.4,311.1,300.0,305.0,-1.29,6041.0,522.0,360.1
PROFL,4/4/2023,299.3,311.0,299.1,311.0,1.97,5994.0,522.0,360.1
PROFL,4/5/2023,314.9,314.9,305.0,310.0,-0.32,3730.0,522.0,360.1
PROFL,4/6/2023,306.0,309.0,300.8,306.9,-1.0,2026.0,522.0,360.1
PROFL,4/9/2023,301.0,301.0,294.1,298.9,-2.61,9045.0,522.0,360.1
PROFL,4/10/2023,304.0,304.7,285.1,290.0,-2.98,17332.0,522.0,360.1
PROFL,4/11/2023,290.0,304.4,290.0,304.0,4.83,6968.0,522.0,360.1
PROFL,4/12/2023,308.0,332.0,308.0,328.0,7.89,10993.0,522.0,360.1
PROFL,4/13/2023,328.0,333.5,313.0,317.9,-3.08,15540.0,522.0,360.1
PROFL,4/16/2023,311.6,322.9,306.1,311.1,-2.14,9252.0,522.0,360.1
PROFL,4/17/2023,314.0,314.1,307.8,312.0,0.29,4018.0,522.0,360.1
PROFL,4/18/2023,306.1,310.9,305.8,310.9,-0.35,1422.0,522.0,360.1
PROFL,4/19/2023,308.5,310.0,305.0,310.0,-0.29,7636.0,522.0,360.1
PROFL,4/20/2023,304.0,312.0,299.9,310.0,0.0,4708.0,522.0,360.1
PROFL,4/23/2023,303.8,303.8,293.3,298.0,-3.87,4792.0,522.0,360.1
PROFL,4/24/2023,298.0,303.8,295.0,300.0,0.67,4045.0,522.0,360.1
PROFL,4/25/2023,300.0,305.5,296.5,303.0,1.0,3532.0,522.0,360.1
PROFL,4/26/2023,306.0,307.0,293.0,298.8,-1.39,4411.0,522.0,360.1
PROFL,4/27/2023,292.9,304.7,292.9,304.7,1.97,3820.0,522.0,360.1
PROFL,4/30/2023,304.7,310.0,293.1,294.2,-3.45,7025.0,522.0,360.1
PROFL,5/2/2023,290.2,298.0,288.4,293.0,-0.41,4728.0,522.0,360.1
PROFL,5/3/2023,290.2,295.0,290.1,293.0,0.0,1338.0,522.0,360.1
PROFL,5/4/2023,294.0,297.3,292.0,297.0,1.37,1954.0,522.0,360.1
PROFL,5/7/2023,299.8,299.8,282.4,293.0,-1.35,3308.0,522.0,360.1
PROFL,5/8/2023,291.1,296.8,290.0,291.0,-0.68,760.0,522.0,360.1
PROFL,5/9/2023,290.0,294.0,288.3,289.9,-0.38,2205.0,522.0,360.1
PROFL,5/10/2023,290.0,293.6,285.1,290.0,0.03,2040.0,522.0,360.1
PROFL,5/11/2023,285.0,288.5,281.0,288.5,-0.52,1612.0,522.0,360.1
PROFL,5/14/2023,284.1,287.9,278.5,287.9,-0.21,3166.0,522.0,360.1
PROFL,5/15/2023,285.0,288.0,277.1,285.0,-1.01,3001.0,522.0,360.1
PROFL,5/16/2023,290.7,290.7,276.2,285.0,0.0,2978.0,522.0,360.1
PROFL,5/17/2023,279.4,301.0,279.3,295.0,3.51,3170.0,522.0,360.1
PROFL,5/18/2023,299.8,299.9,294.0,295.0,0.0,7337.0,522.0,360.1
PROFL,5/21/2023,295.0,301.0,289.0,294.0,-0.34,4336.0,522.0,360.1
PROFL,5/22/2023,292.0,299.0,290.0,295.0,0.34,15408.0,522.0,360.1
PROFL,5/23/2023,289.3,308.1,289.2,306.9,4.03,4841.0,522.0,360.1
PROFL,5/24/2023,304.0,309.0,299.0,304.0,-0.94,2605.0,522.0,360.1
PROFL,5/28/2023,304.0,307.0,294.0,294.9,-2.99,1885.0,522.0,360.1
PROFL,5/30/2023,294.9,300.0,285.1,286.0,-3.02,14111.0,522.0,360.1
PROFL,5/31/2023,281.5,296.0,276.0,280.0,-2.1,5297.0,522.0,360.1
PROFL,6/1/2023,280.0,298.0,275.1,284.0,1.43,3683.0,522.0,360.1
PROFL,6/4/2023,289.6,295.3,286.0,295.0,3.87,2609.0,522.0,360.1
PROFL,6/5/2023,297.0,297.0,285.5,289.7,-1.8,3194.0,522.0,360.1
PROFL,6/6/2023,284.5,299.0,284.5,295.0,1.83,10675.0,522.0,360.1
PROFL,6/7/2023,299.8,303.0,290.1,295.8,0.27,5168.0,522.0,360.1
PROFL,6/8/2023,295.0,311.0,295.0,300.0,1.42,9573.0,522.0,360.1
PROFL,6/11/2023,305.0,322.0,305.0,320.5,6.83,33585.0,522.0,360.1
PROFL,6/12/2023,326.9,326.9,312.2,316.0,-1.4,20637.0,522.0,360.1
PROFL,6/13/2023,316.0,328.4,314.0,321.0,1.58,28240.0,522.0,360.1
PROFL,6/14/2023,320.0,325.9,316.0,319.0,-0.62,17986.0,522.0,360.1
PROFL,6/15/2023,315.2,319.0,311.0,312.0,-2.19,11975.0,522.0,360.1
PROFL,6/18/2023,307.0,330.3,307.0,324.0,3.85,16959.0,522.0,360.1
PROFL,6/19/2023,329.9,349.0,323.4,344.0,6.17,48917.0,522.0,360.1
PROFL,6/20/2023,350.8,350.8,329.0,334.0,-2.91,28302.0,522.0,360.1
PROFL,6/21/2023,333.7,347.0,327.0,332.1,-0.57,22425.0,522.0,360.1
PROFL,6/22/2023,334.9,346.5,328.6,343.7,3.49,37688.0,522.0,360.1
PROFL,6/25/2023,339.1,370.0,339.0,369.9,7.62,91190.0,522.0,360.1
PROFL,6/26/2023,372.1,397.3,372.1,390.0,5.43,105265.0,522.0,360.1
PROFL,6/27/2023,397.8,421.0,393.0,418.0,7.18,100371.0,522.0,360.1
PROFL,6/28/2023,420.0,438.6,398.0,438.6,4.93,80315.0,522.0,360.1
PROFL,7/2/2023,430.0,453.9,415.7,432.0,-1.5,198747.0,522.0,360.1
PROFL,7/3/2023,440.6,448.0,419.1,444.0,2.78,150354.0,522.0,360.1
PROFL,7/4/2023,451.9,451.9,438.0,449.0,1.13,73481.0,522.0,360.1
PROFL,7/5/2023,452.0,461.0,423.3,461.0,2.67,122114.0,522.0,360.1
PROFL,7/6/2023,465.0,465.0,429.0,450.0,-2.39,123242.0,522.0,360.1
PROFL,7/9/2023,441.0,446.0,432.0,437.0,-2.89,57786.0,522.0,360.1
PROFL,7/10/2023,430.0,440.0,427.4,428.0,-2.06,54420.0,522.0,360.1
PROFL,7/11/2023,419.5,445.0,419.5,436.0,1.87,62395.0,522.0,360.1
PROFL,7/12/2023,444.7,444.7,422.5,429.0,-1.61,56651.0,522.0,360.1
PROFL,7/13/2023,422.0,436.0,414.0,419.0,-2.33,55692.0,522.0,360.1
PROFL,7/16/2023,415.0,423.0,406.0,408.9,-2.41,38369.0,522.0,360.1
PROFL,7/17/2023,400.8,425.3,400.8,419.0,2.47,56562.0,522.0,360.1
PROFL,7/18/2023,410.7,438.0,410.7,435.0,3.82,63442.0,522.0,360.1
PROFL,7/19/2023,427.0,434.9,420.0,427.0,-1.84,36790.0,522.0,360.1
PROFL,7/20/2023,434.9,434.9,419.0,419.2,-1.83,29711.0,522.0,360.1
PROFL,7/23/2023,411.0,431.9,411.0,428.0,2.1,43173.0,522.0,360.1
PROFL,7/24/2023,428.0,435.0,415.1,435.0,1.64,53752.0,522.0,360.1
PROFL,7/25/2023,426.3,445.0,420.0,445.0,2.3,87555.0,522.0,360.1
PROFL,7/26/2023,436.1,453.6,426.3,453.6,1.93,146268.0,522.0,360.1
PROFL,7/27/2023,462.5,462.5,426.2,431.0,-4.98,157119.0,522.0,360.1
PROFL,7/30/2023,423.0,427.0,411.0,412.0,-4.41,46576.0,522.0,360.1
PROFL,7/31/2023,405.2,426.0,405.2,418.0,1.46,89392.0,522.0,360.1
PROFL,8/1/2023,410.0,419.0,396.1,396.1,-5.24,113993.0,522.0,360.1
PROFL,8/2/2023,388.3,396.0,377.0,385.0,-2.8,180859.0,522.0,360.1
PROFL,8/3/2023,377.3,389.5,360.0,365.0,-5.19,134235.0,522.0,360.1
PROFL,8/6/2023,357.7,357.7,328.5,330.0,-9.59,200845.0,522.0,360.1
PROFL,8/7/2023,328.5,344.0,326.0,339.0,2.73,39497.0,522.0,360.1
PROFL,8/8/2023,340.0,340.0,321.0,326.0,-3.83,27758.0,522.0,360.1
PROFL,8/9/2023,324.0,347.8,316.6,345.0,5.83,39841.0,522.0,360.1
PROFL,8/10/2023,346.0,349.8,325.0,333.0,-3.48,42770.0,522.0,360.1
PROFL,8/13/2023,339.6,339.6,322.0,331.0,-0.6,25748.0,522.0,360.1
PROFL,8/14/2023,325.1,336.0,322.0,324.0,-2.11,30241.0,522.0,360.1
PROFL,8/15/2023,330.0,330.0,313.6,314.0,-3.09,35016.0,522.0,360.1
PROFL,8/16/2023,320.2,320.2,306.0,310.0,-1.27,22020.0,522.0,360.1
PROFL,8/17/2023,316.2,316.8,307.8,307.8,-0.71,21928.0,522.0,360.1
PROFL,8/20/2023,313.9,319.8,305.0,305.0,-0.91,20641.0,522.0,360.1
PROFL,8/21/2023,311.1,314.7,286.7,298.0,-2.3,28060.0,522.0,360.1
PROFL,8/22/2023,303.9,308.5,298.0,300.1,0.7,32176.0,522.0,360.1
PROFL,8/23/2023,306.0,313.9,305.0,313.0,4.3,14793.0,522.0,360.1
PROFL,8/24/2023,314.0,315.6,299.0,300.0,-4.15,26983.0,522.0,360.1
PROFL,8/27/2023,302.9,302.9,289.0,293.0,-2.33,24183.0,522.0,360.1
PROFL,8/28/2023,290.0,297.9,289.0,289.0,-1.37,15259.0,522.0,360.1
PROFL,8/29/2023,285.0,296.5,285.0,290.0,0.35,16895.0,522.0,360.1
PROFL,8/30/2023,295.8,295.8,289.9,290.3,0.1,16749.0,522.0,360.1
PROFL,9/3/2023,285.3,289.0,283.0,284.8,-1.89,14330.0,522.0,360.1
PROFL,9/4/2023,285.0,290.0,277.0,284.8,0.0,19213.0,522.0,360.1
PROFL,9/5/2023,285.0,290.0,282.0,284.0,-0.28,2555.0,522.0,360.1
PROFL,9/7/2023,282.1,282.1,273.1,280.0,-1.41,17177.0,522.0,360.1
PROFL,9/10/2023,285.2,290.0,280.0,289.0,3.21,12283.0,522.0,360.1
PROFL,9/11/2023,285.0,315.8,284.5,314.0,8.65,36787.0,522.0,360.1
PROFL,9/12/2023,314.0,314.0,300.0,300.1,-4.43,32101.0,522.0,360.1
PROFL,9/13/2023,303.0,309.0,298.1,308.0,2.63,24539.0,522.0,360.1
PROFL,9/17/2023,308.0,308.0,292.3,294.0,-4.55,14203.0,522.0,360.1
PROFL,9/18/2023,289.1,303.9,286.0,300.0,2.04,9350.0,522.0,360.1
PROFL,9/19/2023,305.0,310.0,294.5,309.0,3.0,11757.0,522.0,360.1
PROFL,9/21/2023,315.0,326.0,312.0,320.1,3.59,61104.0,522.0,360.1
PROFL,9/24/2023,320.1,325.0,313.0,315.9,-1.31,38064.0,522.0,360.1
PROFL,9/25/2023,315.0,319.0,311.7,317.4,0.47,12446.0,522.0,360.1
PROFL,9/26/2023,322.0,329.4,319.0,323.0,1.76,21351.0,522.0,360.1
PROFL,9/27/2023,329.4,329.4,312.0,317.0,-1.86,24550.0,522.0,360.1
PROFL,10/1/2023,311.0,314.9,304.0,304.4,-3.97,23163.0,522.0,360.1
PROFL,10/2/2023,304.0,312.0,300.1,307.0,0.85,9326.0,522.0,360.1
PROFL,10/3/2023,303.0,307.0,300.0,305.0,-0.65,13192.0,522.0,360.1
PROFL,10/4/2023,311.0,311.0,305.3,308.0,0.98,11540.0,522.0,360.1
PROFL,10/5/2023,312.9,325.4,302.0,324.0,5.19,15681.0,522.0,360.1
PROFL,10/8/2023,317.6,329.0,302.5,329.0,1.54,31732.0,522.0,360.1
PROFL,10/9/2023,322.5,322.5,305.5,311.9,-5.2,35721.0,522.0,360.1
PROFL,10/10/2023,310.0,311.0,300.0,300.0,-3.82,13104.0,522.0,360.1
PROFL,10/11/2023,304.5,315.0,300.0,315.0,5.0,14870.0,522.0,360.1
PROFL,10/12/2023,314.0,314.9,293.0,293.0,-6.98,49062.0,522.0,360.1
PROFL,10/16/2023,291.1,295.8,288.0,293.7,0.24,18028.0,522.0,360.1
PROFL,10/17/2023,299.3,305.0,288.0,290.0,-1.26,21794.0,522.0,360.1
PROFL,10/18/2023,290.0,298.7,290.0,294.0,1.38,19349.0,522.0,360.1
PROFL,10/19/2023,290.6,295.0,285.0,285.2,-2.99,14050.0,522.0,360.1
PROFL,10/29/2023,290.9,290.9,281.0,290.0,1.68,9679.0,522.0,360.1
PROFL,10/30/2023,289.9,292.5,284.0,292.5,0.86,5543.0,522.0,360.1
PROFL,10/31/2023,292.5,292.5,286.7,289.8,-0.92,4569.0,522.0,360.1
PROFL,11/1/2023,295.0,295.0,285.0,286.5,-1.14,4482.0,522.0,360.1
PROFL,11/2/2023,282.0,289.0,281.0,286.0,-0.17,7631.0,522.0,360.1
PROFL,11/5/2023,281.0,284.5,280.3,281.9,-1.43,5090.0,522.0,360.1
PROFL,11/6/2023,287.0,290.9,284.0,284.2,0.82,4312.0,522.0,360.1
PROFL,11/7/2023,289.8,291.8,287.0,287.0,0.99,11047.0,522.0,360.1
PROFL,11/8/2023,291.0,291.0,285.1,286.0,-0.35,3914.0,522.0,360.1
PROFL,11/9/2023,291.7,291.7,280.3,284.0,-0.7,4926.0,522.0,360.1
PROFL,11/20/2023,284.0,290.0,280.0,280.0,-1.41,10248.0,522.0,360.1
PROFL,11/21/2023,285.6,285.6,269.1,269.2,-3.86,11226.0,522.0,360.1
PROFL,11/22/2023,274.5,285.0,274.0,277.0,2.9,6990.0,522.0,360.1
PROFL,11/23/2023,281.0,286.0,277.0,284.0,2.53,7695.0,522.0,360.1
PROFL,11/26/2023,286.0,299.9,286.0,298.5,5.11,14402.0,522.0,360.1
PROFL,11/27/2023,304.0,304.0,290.0,292.0,-2.18,7843.0,522.0,360.1
PROFL,11/28/2023,296.5,297.5,286.0,291.0,-0.34,17160.0,522.0,360.1
PROFL,11/29/2023,294.0,295.0,282.0,287.5,-1.2,7750.0,522.0,360.1
PROFL,11/30/2023,292.5,292.5,278.0,282.0,-1.91,4453.0,522.0,360.1
PROFL,12/3/2023,287.5,287.5,276.0,276.0,-2.13,9740.0,522.0,360.1
PROFL,12/4/2023,281.0,283.7,276.0,281.0,1.81,12543.0,522.0,360.1
PROFL,12/5/2023,286.0,286.6,273.1,278.0,-1.07,14712.0,522.0,360.1
PROFL,12/6/2023,275.0,281.5,273.4,278.8,0.29,9033.0,522.0,360.1
PROFL,12/7/2023,275.0,284.0,275.0,281.0,0.79,15706.0,522.0,360.1
PROFL,12/10/2023,286.6,305.0,286.6,305.0,8.54,1350.0,522.0,360.1
PROFL,12/11/2023,311.0,312.0,288.2,295.0,-3.28,73301.0,522.0,360.1
PROFL,12/12/2023,297.0,306.0,295.0,304.0,3.05,62306.0,522.0,360.1
PROFL,12/13/2023,309.4,321.3,305.0,311.0,2.3,62429.0,522.0,360.1
PROFL,12/14/2023,309.9,318.0,305.1,308.0,-0.96,71314.0,522.0,360.1
PROFL,12/17/2023,301.9,320.0,298.0,319.0,3.57,78860.0,522.0,360.1
PROFL,12/18/2023,325.0,344.7,325.0,336.0,5.33,133533.0,522.0,360.1
PROFL,12/19/2023,342.7,342.7,324.0,334.8,-0.36,71989.0,522.0,360.1
PROFL,12/20/2023,335.0,339.7,326.5,328.0,-2.03,51797.0,522.0,360.1
PROFL,12/21/2023,334.0,340.0,314.6,315.0,-3.96,80661.0,522.0,360.1
PROFL,12/24/2023,313.0,324.9,313.0,313.2,-0.57,41899.0,522.0,360.1
PROFL,12/27/2023,319.4,321.1,309.0,311.5,-0.54,38213.0,522.0,360.1
PROFL,12/28/2023,317.7,319.4,311.1,312.0,0.16,24946.0,522.0,360.1
PROFL,1/1/2024,318.1,320.0,308.9,308.9,-0.99,38530.0,522.0,360.1
PROFL,1/2/2024,306.0,310.9,306.0,306.0,-0.94,30845.0,522.0,360.1
PROFL,1/3/2024,310.0,315.3,306.0,314.0,2.61,23172.0,522.0,360.1
PROFL,1/4/2024,318.0,318.0,305.0,306.0,-2.55,29085.0,522.0,360.1
PROFL,1/7/2024,306.0,312.0,301.0,304.0,-0.65,22240.0,522.0,360.1
PROFL,1/8/2024,308.9,314.0,305.0,313.0,2.96,34293.0,522.0,360.1
PROFL,1/9/2024,318.9,337.0,317.0,336.0,7.35,108681.0,522.0,360.1
PROFL,1/10/2024,342.0,349.6,329.1,330.0,-1.79,84578.0,522.0,360.1
PROFL,1/11/2024,328.5,332.9,324.0,327.0,-0.91,29602.0,522.0,360.1
PROFL,1/14/2024,333.5,340.0,332.0,335.1,2.48,30558.0,522.0,360.1
PROFL,1/16/2024,341.8,358.9,337.0,357.8,6.77,106626.0,522.0,360.1
PROFL,1/17/2024,360.0,370.0,337.0,339.0,-5.25,128817.0,522.0,360.1
PROFL,1/18/2024,333.2,345.0,330.5,335.2,-1.12,74051.0,522.0,360.1
PROFL,1/21/2024,335.5,346.0,322.0,325.4,-2.92,53562.0,522.0,360.1
PROFL,1/22/2024,320.1,336.5,314.0,317.9,-2.3,48838.0,522.0,360.1
PROFL,1/23/2024,323.9,323.9,313.0,320.0,0.66,23901.0,522.0,360.1
PROFL,1/24/2024,320.0,327.0,317.0,318.0,-0.62,23730.0,522.0,360.1
PROFL,1/25/2024,318.0,322.0,314.0,319.0,0.31,23423.0,522.0,360.1
PROFL,1/28/2024,321.0,325.0,318.6,325.0,1.88,13540.0,522.0,360.1
PROFL,1/29/2024,325.0,332.0,322.5,325.0,0.0,15050.0,522.0,360.1
PROFL,1/30/2024,331.0,331.0,323.0,323.1,-0.58,12861.0,522.0,360.1
PROFL,1/31/2024,325.0,330.3,315.0,315.7,-2.29,17567.0,522.0,360.1
PROFL,2/1/2024,315.0,325.0,312.0,318.0,0.73,60268.0,522.0,360.1
PROFL,2/4/2024,311.8,324.0,311.8,316.1,-0.6,14488.0,522.0,360.1
PROFL,2/5/2024,317.0,328.0,312.0,319.7,1.14,17676.0,522.0,360.1
PROFL,2/6/2024,320.0,322.0,316.0,319.0,-0.22,17234.0,522.0,360.1
PROFL,2/7/2024,324.0,324.0,316.0,319.0,0.0,14986.0,522.0,360.1
PROFL,2/8/2024,318.0,321.0,317.3,319.7,0.22,19664.0,522.0,360.1
PROFL,2/11/2024,325.5,326.0,316.6,319.7,0.0,21309.0,522.0,360.1
PROFL,2/12/2024,319.0,324.0,316.1,321.0,0.41,16557.0,522.0,360.1
PROFL,2/13/2024,320.0,320.0,313.0,315.8,-1.62,24019.0,522.0,360.1
PROFL,2/14/2024,317.5,346.0,317.0,338.9,7.31,122291.0,522.0,360.1
PROFL,2/15/2024,339.0,339.0,320.0,320.0,-5.58,37450.0,522.0,360.1
PROFL,2/18/2024,320.0,324.0,315.0,316.0,-1.25,19905.0,522.0,360.1
PROFL,2/20/2024,315.0,325.0,315.0,319.8,1.2,23535.0,522.0,360.1
PROFL,2/21/2024,320.0,324.0,314.0,316.0,-1.19,11395.0,522.0,360.1
PROFL,2/22/2024,320.0,326.0,314.0,314.3,-0.54,48981.0,522.0,360.1
PROFL,2/25/2024,320.0,326.0,312.0,315.6,0.41,42333.0,522.0,360.1
PROFL,2/26/2024,320.8,320.8,313.1,317.5,0.6,11320.0,522.0,360.1
PROFL,2/27/2024,317.5,319.2,312.0,312.9,-1.45,14365.0,522.0,360.1
PROFL,2/28/2024,315.0,318.9,307.0,309.9,-0.96,24909.0,522.0,360.1
PROFL,2/29/2024,309.0,311.0,300.0,302.0,-2.55,30714.0,522.0,360.1
PROFL,3/3/2024,301.2,304.8,295.0,301.0,-0.33,22134.0,522.0,360.1
PROFL,3/4/2024,307.0,325.0,307.0,325.0,7.97,1770.0,522.0,360.1
PROFL,3/5/2024,331.0,331.0,308.0,308.0,-5.23,21750.0,522.0,360.1
PROFL,3/6/2024,312.0,320.0,306.0,315.0,2.27,20908.0,522.0,360.1
PROFL,3/7/2024,315.0,320.8,309.5,309.5,-1.75,14791.0,522.0,360.1
PROFL,3/10/2024,315.6,320.2,310.3,315.0,1.78,16243.0,522.0,360.1
PROFL,3/12/2024,321.3,325.0,316.1,323.3,2.63,27080.0,522.0,360.1
PROFL,3/13/2024,329.0,334.5,321.0,329.6,1.95,82087.0,522.0,360.1
PROFL,3/14/2024,336.0,336.1,320.0,320.0,-2.91,32698.0,522.0,360.1
PROFL,3/17/2024,323.0,326.0,320.0,320.0,0.0,16626.0,522.0,360.1
PROFL,3/18/2024,325.5,325.5,319.0,320.0,0.0,31875.0,522.0,360.1
PROFL,3/19/2024,325.0,337.0,325.0,330.0,3.12,91776.0,522.0,360.1
PROFL,3/20/2024,333.0,333.3,322.0,324.0,-1.82,30572.0,522.0,360.1
PROFL,3/21/2024,329.8,336.0,321.0,327.0,0.93,50216.0,522.0,360.1
PROFL,3/25/2024,325.0,329.0,318.0,319.6,-2.26,15970.0,522.0,360.1
PROFL,3/26/2024,325.8,325.8,318.0,319.1,-0.16,13849.0,522.0,360.1
PROFL,3/27/2024,319.1,323.8,315.0,315.0,-1.28,15078.0,522.0,360.1
PROFL,3/28/2024,321.0,321.0,310.0,316.0,0.32,10947.0,522.0,360.1
PROFL,3/31/2024,317.0,321.0,312.0,312.5,-1.11,20057.0,522.0,360.1
PROFL,4/1/2024,313.0,315.0,311.0,312.7,0.06,7002.0,522.0,360.1
PROFL,4/2/2024,318.9,318.9,310.0,313.7,0.32,9474.0,522.0,360.1
PROFL,4/3/2024,311.3,315.0,310.1,310.2,-1.12,11319.0,522.0,360.1
PROFL,4/4/2024,315.0,316.4,309.0,309.2,-0.32,24356.0,522.0,360.1
PROFL,4/7/2024,315.0,329.8,311.9,326.0,5.43,54250.0,522.0,360.1
PROFL,4/9/2024,330.0,341.0,329.0,332.0,1.84,95426.0,522.0,360.1
PROFL,4/10/2024,330.0,344.0,321.1,323.5,-2.56,48838.0,522.0,360.1
PROFL,4/14/2024,323.0,328.0,317.1,324.0,0.15,36939.0,522.0,360.1
PROFL,4/15/2024,325.0,333.0,318.0,321.0,-0.93,23459.0,522.0,360.1
PROFL,4/16/2024,319.0,322.0,316.1,317.0,-1.25,14189.0,522.0,360.1
PROFL,4/18/2024,316.0,322.0,313.0,314.5,-0.79,16372.0,522.0,360.1
PROFL,4/21/2024,320.6,320.6,313.0,318.0,1.11,15800.0,522.0,360.1
PROFL,4/22/2024,324.0,324.0,315.0,315.0,-0.94,8995.0,522.0,360.1
PROFL,4/24/2024,315.0,324.9,315.0,315.8,0.25,14233.0,522.0,360.1
PROFL,4/25/2024,321.0,339.9,321.0,328.0,3.86,84475.0,522.0,360.1
PROFL,4/28/2024,333.0,353.0,328.0,353.0,7.62,176206.0,522.0,360.1
PROFL,4/29/2024,360.0,367.0,341.1,362.8,2.78,151259.0,522.0,360.1
PROFL,4/30/2024,365.0,382.0,349.0,349.0,-3.8,160827.0,522.0,360.1
PROFL,5/2/2024,350.0,358.0,340.3,341.0,-2.29,50152.0,522.0,360.1
PROFL,5/5/2024,340.1,346.8,330.0,330.1,-3.2,76130.0,522.0,360.1
PROFL,5/6/2024,336.7,336.7,322.0,330.0,-0.03,39208.0,522.0,360.1
PROFL,5/7/2024,336.0,341.0,328.3,332.0,0.61,24003.0,522.0,360.1
PROFL,5/8/2024,335.0,348.0,330.0,347.6,4.7,36519.0,522.0,360.1
PROFL,5/9/2024,352.9,355.0,343.2,343.5,-1.18,44022.0,522.0,360.1
PROFL,5/12/2024,346.0,354.0,339.0,341.0,-0.73,32880.0,522.0,360.1
PROFL,5/13/2024,340.9,347.0,337.0,342.0,0.29,34021.0,522.0,360.1
PROFL,5/14/2024,347.9,347.9,338.2,340.2,-0.53,24978.0,522.0,360.1
PROFL,5/15/2024,339.2,351.0,338.0,338.0,-0.65,29033.0,522.0,360.1
PROFL,5/16/2024,340.0,344.0,335.0,336.9,-0.33,20628.0,522.0,360.1
PROFL,5/19/2024,343.6,343.6,336.1,339.9,0.89,28261.0,522.0,360.1
PROFL,5/20/2024,343.6,351.5,337.4,337.8,-0.62,28707.0,522.0,360.1
PROFL,5/21/2024,340.0,353.0,340.0,352.0,4.2,47032.0,522.0,360.1
PROFL,5/22/2024,358.9,359.0,344.0,344.0,-2.27,32447.0,522.0,360.1
PROFL,5/26/2024,338.0,345.0,336.0,336.0,-2.33,23878.0,522.0,360.1
PROFL,5/27/2024,337.0,343.8,335.1,339.8,1.13,17883.0,522.0,360.1
PROFL,5/29/2024,346.0,346.0,330.1,331.0,-2.59,26563.0,522.0,360.1
PROFL,5/30/2024,330.0,343.0,330.0,336.6,1.69,25296.0,522.0,360.1
PROFL,6/2/2024,342.0,356.9,342.0,350.1,4.01,83034.0,522.0,360.1
PROFL,6/3/2024,357.0,374.8,355.0,356.0,1.69,160533.0,522.0,360.1
PROFL,6/4/2024,356.0,363.1,349.0,350.0,-1.69,58433.0,522.0,360.1
PROFL,6/5/2024,350.1,372.0,350.0,364.0,4.0,138716.0,522.0,360.1
PROFL,6/6/2024,364.0,368.0,354.0,354.8,-2.53,60707.0,522.0,360.1
PROFL,6/9/2024,353.0,356.0,343.1,344.5,-2.9,34415.0,522.0,360.1
PROFL,6/10/2024,345.0,362.9,345.0,350.5,1.74,20265.0,522.0,360.1
PROFL,6/11/2024,357.5,362.7,355.3,357.1,1.88,46506.0,522.0,360.1
PROFL,6/12/2024,364.2,389.0,351.2,374.2,4.79,113242.0,522.0,360.1
PROFL,6/13/2024,366.8,400.0,366.8,388.1,3.71,247406.0,522.0,360.1
PROFL,6/16/2024,380.4,395.1,380.4,383.5,-1.19,130879.0,522.0,360.1
PROFL,6/18/2024,379.0,385.0,373.0,373.0,-2.74,67885.0,522.0,360.1
PROFL,6/19/2024,373.0,397.9,371.0,390.1,4.58,140551.0,522.0,360.1
PROFL,6/20/2024,395.0,410.0,388.0,401.0,2.79,145055.0,522.0,360.1
PROFL,6/23/2024,409.0,431.0,404.0,427.1,6.51,230820.0,522.0,360.1
PROFL,6/24/2024,427.1,440.6,411.0,415.0,-2.83,211988.0,522.0,360.1
PROFL,6/25/2024,411.0,428.4,405.0,405.0,-2.41,112975.0,522.0,360.1
PROFL,6/26/2024,402.1,414.0,402.0,406.0,0.25,70943.0,522.0,360.1
PROFL,6/27/2024,408.0,412.5,402.0,405.0,-0.25,46101.0,522.0,360.1
PROFL,6/30/2024,410.9,415.0,403.0,404.0,-0.25,48202.0,522.0,360.1
PROFL,7/1/2024,396.0,410.9,396.0,403.5,-0.12,39200.0,522.0,360.1
PROFL,7/2/2024,411.5,436.5,407.0,408.1,1.14,47812.0,522.0,360.1
PROFL,7/3/2024,411.4,438.0,411.0,436.7,7.01,221421.0,522.0,360.1
PROFL,7/4/2024,438.0,443.0,425.0,427.0,-2.22,133801.0,522.0,360.1
PROFL,7/7/2024,433.0,433.0,420.0,421.0,-1.41,67135.0,522.0,360.1
PROFL,7/8/2024,412.6,429.0,412.6,419.3,-0.4,63949.0,522.0,360.1
PROFL,7/9/2024,421.1,433.0,421.0,425.3,1.43,61658.0,522.0,360.1
PROFL,7/10/2024,433.0,435.0,428.0,430.1,1.13,56938.0,522.0,360.1
PROFL,7/11/2024,430.0,437.0,428.0,430.0,-0.02,62504.0,522.0,360.1
PROFL,7/14/2024,438.6,456.0,427.0,428.0,-0.47,54895.0,522.0,360.1
PROFL,7/15/2024,436.5,439.9,426.0,426.0,-0.47,82942.0,522.0,360.1
PROFL,7/16/2024,430.0,442.0,430.0,442.0,3.76,83925.0,522.0,360.1
PROFL,7/17/2024,443.0,475.0,440.0,468.0,5.88,168070.0,522.0,360.1
PROFL,7/18/2024,477.3,477.3,455.7,458.0,-2.14,136150.0,522.0,360.1
PROFL,7/21/2024,458.0,476.0,449.0,456.9,-0.24,123178.0,522.0,360.1
PROFL,7/22/2024,465.9,465.9,447.0,454.0,-0.63,97277.0,522.0,360.1
PROFL,7/23/2024,453.0,481.0,452.1,480.0,5.73,145729.0,522.0,360.1
PROFL,7/24/2024,489.6,514.0,483.0,493.0,2.71,198838.0,522.0,360.1
PROFL,7/25/2024,495.0,509.9,491.0,496.5,0.71,112475.0,522.0,360.1
PROFL,7/28/2024,500.0,505.0,480.2,496.4,-0.02,123930.0,522.0,360.1
PROFL,7/29/2024,505.0,505.0,485.0,494.0,-0.48,128361.0,522.0,360.1
PROFL,7/30/2024,494.0,543.4,494.0,543.4,10.0,219367.0,522.0,360.1
PROFL,7/31/2024,554.2,597.7,554.2,597.7,9.99,81556.0,522.0,360.1
PROFL,8/1/2024,609.0,657.4,609.0,657.3,9.97,503354.0,522.0,360.1
PROFL,8/5/2024,670.0,670.0,610.6,630.0,-4.15,331126.0,522.0,360.1
PROFL,8/6/2024,618.0,629.3,575.6,589.0,-6.51,300437.0,522.0,360.1
PROFL,8/7/2024,577.4,647.9,569.0,647.9,10.0,244624.0,522.0,360.1
PROFL,8/8/2024,660.8,670.0,620.0,627.0,-3.23,125499.0,522.0,360.1
PROFL,8/11/2024,639.0,661.1,605.7,636.0,1.44,218485.0,522.0,360.1
PROFL,8/12/2024,648.7,692.5,642.0,676.3,6.34,251371.0,522.0,360.1
PROFL,8/13/2024,676.3,740.0,674.0,729.0,7.79,235210.0,522.0,360.1
PROFL,8/14/2024,729.0,801.9,719.0,801.9,10.0,323301.0,522.0,360.1
PROFL,8/15/2024,817.9,865.0,774.3,785.0,-2.11,339535.0,522.0,360.1
PROFL,8/18/2024,785.0,799.9,728.0,734.0,-6.5,294933.0,522.0,360.1
PROFL,8/21/2024,719.5,790.0,719.5,758.0,3.27,154466.0,522.0,360.1
PROFL,8/22/2024,772.9,787.0,744.1,747.0,-1.45,126335.0,522.0,360.1
PROFL,8/25/2024,761.9,761.9,706.2,707.9,-5.23,131306.0,522.0,360.1
PROFL,8/27/2024,722.0,725.0,665.0,668.0,-5.64,145187.0,522.0,360.1
PROFL,8/28/2024,665.0,704.0,647.0,663.0,-0.75,105386.0,522.0,360.1
PROFL,8/29/2024,663.0,683.0,633.2,648.9,-2.13,113057.0,522.0,360.1
PROFL,9/1/2024,650.4,663.0,618.2,622.0,-4.15,85810.0,522.0,360.1
PROFL,9/2/2024,634.0,684.2,617.0,684.2,10.0,138133.0,522.0,360.1
PROFL,9/3/2024,697.8,724.8,690.0,692.0,1.14,138892.0,522.0,360.1
PROFL,9/4/2024,695.0,718.0,645.0,657.0,-5.06,112272.0,522.0,360.1
PROFL,9/5/2024,647.0,675.2,636.1,655.0,-0.3,85719.0,522.0,360.1
PROFL,9/8/2024,668.0,681.0,640.0,641.0,-2.14,64431.0,522.0,360.1
PROFL,9/9/2024,653.0,666.0,622.5,624.0,-2.65,94173.0,522.0,360.1
PROFL,9/10/2024,636.0,645.0,605.0,614.7,-1.49,74465.0,522.0,360.1
PROFL,9/11/2024,608.0,636.9,608.0,619.9,0.85,71610.0,522.0,360.1
PROFL,9/12/2024,610.1,653.0,610.1,647.0,4.37,64763.0,522.0,360.1
PROFL,9/15/2024,655.0,661.0,613.2,614.2,-5.07,89741.0,522.0,360.1
PROFL,9/16/2024,605.0,629.0,574.0,580.0,-5.57,95524.0,522.0,360.1
PROFL,9/18/2024,591.6,615.0,566.0,580.0,0.0,92761.0,522.0,360.1
PROFL,9/22/2024,591.0,605.0,578.6,578.6,-0.24,49555.0,522.0,360.1
PROFL,9/23/2024,590.0,590.0,527.0,529.0,-8.57,111565.0,522.0,360.1
PROFL,9/24/2024,525.1,550.8,506.0,510.0,-3.59,70208.0,522.0,360.1
PROFL,9/25/2024,503.7,539.9,496.0,530.0,3.92,80168.0,522.0,360.1
PROFL,9/26/2024,540.0,540.0,517.0,523.0,-1.32,52621.0,522.0,360.1
PROFL,9/29/2024,525.0,525.0,509.0,510.0,-2.49,32031.0,522.0,360.1
PROFL,9/30/2024,510.0,534.0,510.0,533.0,4.51,53508.0,522.0,360.1
PROFL,10/1/2024,543.6,586.3,538.5,586.3,10.0,66112.0,522.0,360.1
PROFL,10/2/2024,598.0,620.1,577.0,599.0,2.17,114056.0,522.0,360.1
PROFL,10/6/2024,610.9,650.0,592.2,643.0,7.35,96326.0,522.0,360.1
PROFL,10/7/2024,655.8,672.0,625.0,640.0,-0.47,95089.0,522.0,360.1
PROFL,10/8/2024,645.0,645.0,616.0,622.0,-2.81,68179.0,522.0,360.1
PROFL,10/9/2024,617.0,631.0,612.5,622.0,0.0,40679.0,522.0,360.1
PROFL,10/15/2024,625.0,663.9,625.0,656.0,5.47,56438.0,522.0,360.1
PROFL,10/16/2024,666.0,686.0,651.7,657.0,0.15,73798.0,522.0,360.1
PROFL,10/17/2024,666.0,678.1,651.7,659.0,0.3,70881.0,522.0,360.1
PROFL,10/20/2024,646.0,674.9,623.0,640.0,-2.88,119938.0,522.0,360.1
PROFL,10/21/2024,642.0,648.0,615.0,620.0,-3.12,88954.0,522.0,360.1
PROFL,10/22/2024,613.0,649.8,613.0,648.0,4.52,77883.0,522.0,360.1
PROFL,10/23/2024,660.9,682.0,650.0,659.0,1.7,155288.0,522.0,360.1
PROFL,10/24/2024,665.0,681.9,651.0,651.9,-1.08,94578.0,522.0,360.1
PROFL,10/27/2024,651.9,671.1,650.0,665.0,2.01,93234.0,522.0,360.1
PROFL,10/28/2024,678.0,710.0,667.1,709.0,6.62,217141.0,522.0,360.1
PROFL,10/29/2024,723.0,735.0,700.0,702.0,-0.99,126208.0,522.0,360.1
PROFL,10/30/2024,700.0,714.0,684.0,690.0,-1.71,100555.0,522.0,360.1
PROFL,11/5/2024,688.5,709.9,680.5,690.0,0.0,54243.0,522.0,360.1
PROFL,11/6/2024,690.0,717.0,690.0,714.0,3.48,83454.0,522.0,360.1
PROFL,11/10/2024,700.0,736.0,700.0,724.0,1.4,117240.0,522.0,360.1
PROFL,11/11/2024,709.6,734.0,696.0,706.5,-2.42,141177.0,522.0,360.1
PROFL,11/12/2024,720.0,733.9,705.0,717.0,1.49,119122.0,522.0,360.1
PROFL,11/13/2024,730.0,745.0,720.2,740.0,3.21,136422.0,522.0,360.1
PROFL,11/14/2024,749.0,768.0,738.0,744.0,0.54,156076.0,522.0,360.1
PROFL,11/17/2024,758.8,758.8,722.0,724.0,-2.69,132087.0,522.0,360.1
PROFL,11/19/2024,724.0,745.0,708.7,709.5,-2.0,106418.0,522.0,360.1
PROFL,11/20/2024,710.0,733.0,702.1,722.1,1.78,100518.0,522.0,360.1
PROFL,11/21/2024,729.0,730.0,698.1,699.0,-3.2,98841.0,522.0,360.1
PROFL,11/24/2024,712.9,714.0,672.0,679.0,-2.86,86354.0,522.0,360.1
PROFL,11/25/2024,665.5,716.0,665.5,712.9,4.99,87012.0,522.0,360.1
PROFL,11/26/2024,727.1,734.9,716.0,727.1,1.99,70819.0,522.0,360.1
PROFL,11/27/2024,741.6,741.6,719.0,720.3,-0.94,59355.0,522.0,360.1
PROFL,11/28/2024,726.9,730.0,709.0,710.9,-1.31,80118.0,522.0,360.1
PROFL,12/1/2024,696.7,711.0,695.1,697.9,-1.83,86962.0,522.0,360.1
PROFL,12/2/2024,708.9,711.8,688.0,690.0,-1.13,77790.0,522.0,360.1
PROFL,12/3/2024,692.0,716.5,692.0,711.0,3.04,78146.0,522.0,360.1
PROFL,12/4/2024,702.0,739.0,702.0,710.0,-0.14,59978.0,522.0,360.1
PROFL,12/5/2024,711.0,715.0,680.0,687.0,-3.24,73900.0,522.0,360.1
PROFL,12/8/2024,690.0,690.0,658.0,665.9,-3.07,70059.0,522.0,360.1
PROFL,12/9/2024,667.0,677.8,650.0,659.9,-0.9,73119.0,522.0,360.1
PROFL,12/10/2024,672.0,685.9,655.0,664.0,0.62,37839.0,522.0,360.1
PROFL,12/11/2024,677.2,715.0,665.0,700.0,5.42,86941.0,522.0,360.1
PROFL,12/12/2024,705.0,714.0,673.0,676.0,-3.43,65214.0,522.0,360.1
PROFL,12/16/2024,665.0,672.0,640.0,644.0,-4.73,86909.0,522.0,360.1
PROFL,12/17/2024,643.0,669.0,634.1,653.0,1.4,48980.0,522.0,360.1
PROFL,12/18/2024,665.9,669.8,650.0,652.0,-0.15,34817.0,522.0,360.1
PROFL,12/19/2024,643.1,661.0,637.0,638.0,-2.15,44252.0,522.0,360.1
PROFL,12/22/2024,649.0,650.0,624.3,625.0,-2.04,27224.0,522.0,360.1
PROFL,12/23/2024,634.0,640.0,628.0,640.0,2.4,25660.0,522.0,360.1
PROFL,12/24/2024,640.0,665.0,636.0,650.3,1.61,70639.0,522.0,360.1
PROFL,12/26/2024,651.0,654.7,630.0,632.0,-2.81,30139.0,522.0,360.1
PROFL,12/29/2024,622.1,629.0,608.1,609.0,-3.64,52250.0,522.0,360.1
PROFL,12/31/2024,600.0,600.0,548.1,585.0,-3.94,126968.0,522.0,360.1
PROFL,1/1/2025,585.0,610.9,585.0,603.0,3.08,38280.0,522.0,360.1
PROFL,1/2/2025,607.0,610.0,580.1,606.0,0.5,28922.0,522.0,360.1
PROFL,1/5/2025,615.0,625.0,611.0,612.0,0.99,24746.0,522.0,360.1
PROFL,1/6/2025,612.0,624.0,604.9,618.0,0.98,22197.0,522.0,360.1
PROFL,1/7/2025,620.0,632.0,610.0,626.2,1.33,65578.0,522.0,360.1
PROFL,1/8/2025,623.1,664.0,623.0,642.0,2.52,67821.0,522.0,360.1
PROFL,1/9/2025,654.0,660.0,624.0,626.0,-2.49,45314.0,522.0,360.1
PROFL,1/12/2025,628.0,630.0,599.1,605.0,-3.35,23928.0,522.0,360.1
PROFL,1/13/2025,600.0,615.5,587.1,591.0,-2.31,54398.0,522.0,360.1
PROFL,1/15/2025,602.8,602.8,574.0,578.0,-2.2,55153.0,522.0,360.1
PROFL,1/16/2025,582.0,582.0,540.0,548.0,-5.19,96287.0,522.0,360.1
PROFL,1/19/2025,544.0,593.0,544.0,570.1,4.03,39482.0,522.0,360.1
PROFL,1/20/2025,580.0,581.0,551.1,555.0,-2.65,53047.0,522.0,360.1
PROFL,1/21/2025,555.0,570.0,545.0,546.0,-1.62,24240.0,522.0,360.1
PROFL,1/22/2025,540.0,572.2,540.0,558.0,2.2,37674.0,522.0,360.1
PROFL,1/23/2025,569.0,569.0,548.0,555.0,-0.54,48612.0,522.0,360.1
PROFL,1/26/2025,550.0,550.0,517.5,525.0,-5.41,99746.0,522.0,360.1
PROFL,1/27/2025,525.0,551.4,515.0,539.0,2.67,63842.0,522.0,360.1
PROFL,1/28/2025,548.0,558.0,527.0,547.0,1.48,39273.0,522.0,360.1
PROFL,2/2/2025,555.0,564.0,540.0,547.0,0.0,53684.0,522.0,360.1
PROFL,2/3/2025,557.9,558.9,535.0,538.0,-1.65,41323.0,522.0,360.1
PROFL,2/4/2025,547.0,550.0,522.0,525.0,-2.42,37904.0,522.0,360.1
PROFL,2/5/2025,525.0,572.0,523.0,565.0,7.62,99398.0,522.0,360.1
PROFL,2/6/2025,575.0,591.4,565.0,570.0,0.88,83847.0,522.0,360.1
PROFL,2/9/2025,581.0,591.0,546.2,574.0,0.7,74013.0,522.0,360.1
PROFL,2/10/2025,583.9,590.0,570.3,571.3,-0.47,62320.0,522.0,360.1
PROFL,2/11/2025,578.0,579.0,562.1,570.9,-0.07,16996.0,522.0,360.1
PROFL,2/12/2025,577.0,585.0,562.2,575.0,0.72,51859.0,522.0,360.1
PROFL,2/13/2025,580.0,598.0,580.0,595.0,3.48,85748.0,522.0,360.1
PROFL,2/16/2025,601.0,647.5,601.0,637.8,7.19,126650.0,522.0,360.1
PROFL,2/17/2025,650.1,650.1,618.0,622.6,-2.38,75319.0,522.0,360.1
PROFL,2/18/2025,634.0,634.0,597.8,607.0,-2.51,66968.0,522.0,360.1
PROFL,2/20/2025,619.0,645.5,600.0,618.0,1.81,70088.0,522.0,360.1
PROFL,2/23/2025,605.7,628.0,595.0,612.9,-0.83,51533.0,522.0,360.1
PROFL,2/24/2025,625.0,625.0,597.1,605.0,-1.29,54427.0,522.0,360.1
PROFL,2/25/2025,610.0,617.0,598.0,600.0,-0.83,36170.0,522.0,360.1
PROFL,2/27/2025,612.0,624.0,600.0,602.0,0.33,31904.0,522.0,360.1
PROFL,3/2/2025,614.0,626.9,609.0,622.3,3.37,53172.0,522.0,360.1
PROFL,3/3/2025,634.7,645.0,615.0,618.0,-0.69,39162.0,522.0,360.1
PROFL,3/4/2025,629.9,630.3,604.0,606.2,-1.91,34834.0,522.0,360.1
PROFL,3/5/2025,615.9,615.9,590.0,590.0,-2.67,40631.0,522.0,360.1
PROFL,3/6/2025,600.0,604.0,590.0,595.9,1.0,26708.0,522.0,360.1
PROFL,3/9/2025,588.0,600.0,574.1,578.0,-3.0,41875.0,522.0,360.1
PROFL,3/10/2025,589.5,599.5,572.4,575.0,-0.52,21106.0,522.0,360.1
PROFL,3/11/2025,586.5,593.0,564.0,566.0,-1.57,34036.0,522.0,360.1
PROFL,3/12/2025,568.0,577.0,561.0,565.0,-0.18,15776.0,522.0,360.1
PROFL,3/16/2025,561.0,564.0,541.0,553.0,-2.12,35065.0,522.0,360.1
PROFL,3/17/2025,561.8,565.1,547.1,550.0,-0.54,17974.0,522.0,360.1
PROFL,3/18/2025,561.0,561.0,540.0,545.5,-0.82,19390.0,522.0,360.1
PROFL,3/19/2025,535.0,555.0,535.0,540.0,-1.01,16992.0,522.0,360.1
PROFL,3/20/2025,536.0,542.9,530.0,530.27,-1.8,19701.0,522.0,360.1
PROFL,3/23/2025,530.0,540.0,518.7,519.86,-1.96,27003.0,522.0,360.1
PROFL,3/24/2025,520.0,559.0,519.0,539.48,3.77,34410.0,522.0,360.1
PROFL,3/25/2025,530.1,541.0,519.5,520.5,-3.52,36837.0,522.0,360.1
PROFL,3/26/2025,521.1,537.0,521.0,532.5,2.31,14437.0,522.0,360.1
PROFL,3/27/2025,530.2,549.6,530.2,544.58,2.27,26359.0,522.0,360.1
PROFL,3/30/2025,545.0,565.0,545.0,558.71,2.59,31191.0,522.0,360.1
PROFL,4/1/2025,564.0,565.0,543.0,545.76,-2.32,27526.0,522.0,360.1
PROFL,4/2/2025,546.0,579.0,538.0,565.24,3.57,36157.0,522.0,360.1
PROFL,4/3/2025,576.0,576.0,547.4,550.74,-2.57,22082.0,522.0,360.1
PROFL,4/7/2025,550.0,558.5,538.0,538.91,-2.15,18506.0,522.0,360.1
PROFL,4/8/2025,528.5,545.8,527.0,540.7,0.33,17048.0,522.0,360.1
PROFL,4/9/2025,551.4,551.4,535.2,540.36,-0.06,12963.0,522.0,360.1
PROFL,4/10/2025,551.0,551.0,532.0,536.42,-0.73,19304.0,522.0,360.1
PROFL,4/13/2025,535.0,547.0,530.0,532.2,-0.79,19651.0,522.0,360.1
PROFL,4/15/2025,540.0,548.9,532.0,538.33,1.15,15655.0,522.0,360.1
PROFL,4/16/2025,538.0,549.0,532.0,533.24,-0.95,18509.0,522.0,360.1
PROFL,4/17/2025,538.0,543.2,530.0,533.67,0.08,30992.0,522.0,360.1
PROFL,4/20/2025,544.0,544.0,530.3,532.6,-0.2,12959.0,522.0,360.1
PROFL,4/21/2025,534.5,535.0,524.0,525.12,-1.4,21433.0,522.0,360.1
PROFL,4/22/2025,530.0,534.0,520.1,522.66,-0.47,28862.0,522.0,360.1
PROFL,4/23/2025,532.0,532.0,515.0,516.84,-1.11,23301.0,522.0,360.1
PROFL,4/24/2025,526.0,526.0,509.7,510.73,-1.18,26002.0,522.0,360.1
PROFL,4/27/2025,519.0,519.0,505.1,506.17,-0.89,29113.0,522.0,360.1
PROFL,4/28/2025,510.0,529.0,506.0,510.21,0.8,18363.0,522.0,360.1
PROFL,4/29/2025,517.0,517.0,503.3,504.73,-1.07,12996.0,522.0,360.1
PROFL,4/30/2025,505.0,507.0,496.0,498.36,-1.26,19260.0,522.0,360.1
PROFL,5/4/2025,501.1,501.1,489.0,489.88,-1.7,32949.0,522.0,360.1
PROFL,5/5/2025,499.6,499.6,477.0,480.32,-1.95,15428.0,522.0,360.1
PROFL,5/6/2025,485.0,485.0,469.6,474.76,-1.16,23333.0,522.0,360.1
PROFL,5/7/2025,473.0,508.8,464.0,505.71,6.52,32097.0,522.0,360.1
PROFL,5/8/2025,502.0,538.5,488.0,525.66,3.94,55471.0,522.0,360.1
PROFL,5/11/2025,520.0,529.6,505.0,507.09,-3.53,20453.0,522.0,360.1
PROFL,5/13/2025,514.0,514.0,494.0,496.93,-2.0,16227.0,522.0,360.1
PROFL,5/14/2025,496.0,507.0,492.0,493.14,-0.76,19604.0,522.0,360.1
PROFL,5/15/2025,499.0,499.0,480.0,483.71,-1.91,17886.0,522.0,360.1
PROFL,5/18/2025,483.71,499.9,483.71,489.7,1.24,11430.0,522.0,360.1
PROFL,5/19/2025,499.0,499.0,485.1,493.47,0.77,16229.0,522.0,360.1
PROFL,5/20/2025,502.9,512.9,486.0,504.84,2.3,17840.0,522.0,360.1
PROFL,5/21/2025,514.9,534.0,498.0,500.13,-0.93,24595.0,522.0,360.1
PROFL,5/22/2025,496.0,510.0,493.2,498.19,-0.39,16359.0,522.0,360.1
PROFL,5/25/2025,500.0,500.5,492.1,497.75,-0.09,10146.0,522.0,360.1
PROFL,5/26/2025,507.7,515.0,498.0,499.04,0.26,12817.0,522.0,360.1
PROFL,5/27/2025,498.0,499.0,492.6,493.53,-1.1,2888.0,522.0,360.1
PROFL,5/28/2025,503.0,503.0,483.7,499.17,1.14,12509.0,522.0,360.1
PROFL,6/2/2025,509.0,509.0,495.0,496.57,-0.52,10238.0,522.0,360.1
PROFL,6/3/2025,490.3,500.0,485.0,488.18,-1.69,11937.0,522.0,360.1
PROFL,6/4/2025,483.0,491.0,482.0,484.04,-0.85,7739.0,522.0,360.1
PROFL,6/5/2025,485.0,488.0,480.0,482.14,-0.39,6071.0,522.0,360.1
PROFL,6/8/2025,490.0,490.0,475.0,476.29,-1.21,13185.0,522.0,360.1
PROFL,6/9/2025,475.6,486.5,474.0,481.05,1.0,22175.0,522.0,360.1
PROFL,6/10/2025,489.0,507.5,485.0,501.9,4.33,24616.0,522.0,360.1
PROFL,6/11/2025,510.0,510.0,492.0,493.35,-1.7,13755.0,522.0,360.1
PROFL,6/12/2025,486.7,510.0,484.0,494.97,0.33,18237.0,522.0,360.1
PROFL,6/15/2025,494.0,510.0,490.0,492.21,-0.56,16264.0,522.0,360.1
PROFL,6/16/2025,499.8,500.0,491.1,492.7,0.1,10779.0,522.0,360.1
PROFL,6/17/2025,490.0,499.0,487.0,489.12,-0.73,10917.0,522.0,360.1
PROFL,6/18/2025,498.9,498.9,487.0,487.36,-0.36,7230.0,522.0,360.1
PROFL,6/19/2025,490.0,492.0,483.2,487.88,0.11,11817.0,522.0,360.1
PROFL,6/22/2025,482.6,485.0,478.2,480.04,-1.61,11616.0,522.0,360.1
PROFL,6/23/2025,489.6,489.6,475.0,485.0,1.03,11985.0,522.0,360.1
PROFL,6/24/2025,493.9,493.9,475.0,479.87,-1.06,9828.0,522.0,360.1
PROFL,6/25/2025,487.0,487.0,475.6,476.31,-0.74,5446.0,522.0,360.1
PROFL,6/26/2025,484.9,484.9,472.0,472.65,-0.77,12154.0,522.0,360.1
PROFL,6/29/2025,473.0,479.7,470.0,477.0,0.92,6734.0,522.0,360.1
PROFL,6/30/2025,485.0,488.0,472.1,475.34,-0.35,9456.0,522.0,360.1
PROFL,7/1/2025,478.0,484.8,471.7,478.0,0.56,15447.0,522.0,360.1
PROFL,7/2/2025,486.0,497.0,480.0,492.72,3.08,27750.0,522.0,360.1
PROFL,7/3/2025,502.5,521.0,492.0,507.61,3.02,65778.0,522.0,360.1
PROFL,7/6/2025,510.0,530.0,508.0,514.94,1.44,63147.0,522.0,360.1
PROFL,7/7/2025,515.0,515.0,498.3,499.07,-3.08,25784.0,522.0,360.1
PROFL,7/8/2025,490.0,507.5,490.0,503.6,0.91,15783.0,522.0,360.1
PROFL,7/9/2025,493.6,508.9,493.6,500.66,-0.58,12565.0,522.0,360.1
PROFL,7/10/2025,493.0,510.5,493.0,503.63,0.59,19794.0,522.0,360.1
PROFL,7/13/2025,513.7,533.0,510.9,513.58,1.98,30426.0,522.0,360.1
PROFL,7/14/2025,505.0,517.3,500.0,504.4,-1.79,22413.0,522.0,360.1
PROFL,7/15/2025,514.4,519.4,505.0,515.75,2.25,31291.0,522.0,360.1
PROFL,7/16/2025,523.0,526.0,519.0,521.87,1.19,28303.0,522.0,360.1
PROFL,7/17/2025,525.3,549.0,525.3,545.41,4.51,85224.0,522.0,360.1
PROFL,7/20/2025,545.0,560.0,530.0,533.33,-2.21,95670.0,522.0,360.1
PROFL,7/21/2025,522.7,549.0,522.7,544.22,2.04,55049.0,522.0,360.1
PROFL,7/22/2025,554.9,560.0,545.2,558.45,2.61,59222.0,522.0,360.1
PROFL,7/23/2025,554.0,588.0,554.0,577.73,3.45,102597.0,522.0,360.1
PROFL,7/24/2025,589.2,589.2,565.1,572.32,-0.94,55220.0,522.0,360.1
PROFL,7/27/2025,573.0,575.0,550.0,557.84,-2.53,92541.0,522.0,360.1
PROFL,7/28/2025,550.0,575.0,545.0,570.39,2.25,68925.0,522.0,360.1
PROFL,7/29/2025,559.0,588.0,559.0,565.37,-0.88,38935.0,522.0,360.1
PROFL,7/30/2025,576.0,576.5,545.0,548.32,-3.02,41230.0,522.0,360.1
PROFL,7/31/2025,550.0,568.0,541.5,552.37,0.74,59857.0,522.0,360.1
PROFL,8/3/2025,554.0,555.0,535.2,536.07,-2.95,22024.0,522.0,360.1
PROFL,8/4/2025,539.9,540.0,515.0,527.32,-1.63,43645.0,522.0,360.1
PROFL,8/5/2025,529.1,530.0,513.0,516.05,-2.14,14104.0,522.0,360.1
PROFL,8/6/2025,515.0,527.0,512.0,518.68,0.51,12564.0,522.0,360.1
PROFL,8/7/2025,525.0,530.0,520.0,525.98,1.41,26554.0,522.0,360.1
PROFL,8/11/2025,536.0,536.0,510.0,513.45,-2.38,14383.0,522.0,360.1
PROFL,8/12/2025,514.0,519.9,505.0,507.66,-1.13,14422.0,522.0,360.1
PROFL,8/13/2025,515.0,517.0,505.7,509.78,0.42,12169.0,522.0,360.1
PROFL,8/14/2025,514.9,514.9,498.1,503.73,-1.19,14352.0,522.0,360.1
PROFL,8/17/2025,513.4,513.4,498.0,498.63,-1.01,15317.0,522.0,360.1
PROFL,8/18/2025,489.0,508.0,489.0,503.83,1.04,8619.0,522.0,360.1
PROFL,8/19/2025,505.1,512.5,501.0,503.18,-0.13,9485.0,522.0,360.1
PROFL,8/20/2025,508.8,508.8,498.0,499.21,-0.79,8056.0,522.0,360.1
PROFL,8/21/2025,504.9,504.9,491.9,493.34,-1.18,12902.0,522.0,360.1
PROFL,8/24/2025,502.9,502.9,487.0,490.77,-0.52,15414.0,522.0,360.1
PROFL,8/25/2025,500.0,500.0,486.0,493.66,0.59,8134.0,522.0,360.1
PROFL,8/26/2025,503.5,503.5,484.0,489.26,-0.89,14182.0,522.0,360.1
PROFL,8/27/2025,499.0,505.0,493.0,500.72,2.34,13038.0,522.0,360.1
PROFL,8/28/2025,497.3,510.0,489.0,491.14,-1.91,10497.0,522.0,360.1
PROFL,8/31/2025,494.0,495.0,482.0,484.93,-1.26,11477.0,522.0,360.1
PROFL,9/1/2025,494.0,494.0,480.0,486.01,0.22,6253.0,522.0,360.1
PROFL,9/2/2025,488.0,494.9,483.2,484.03,-0.41,4947.0,522.0,360.1
PROFL,9/3/2025,490.0,490.0,480.0,482.18,-0.38,6935.0,522.0,360.1
PROFL,9/4/2025,490.5,490.8,476.0,479.02,-0.66,6132.0,522.0,360.1
PROFL,9/7/2025,483.9,503.0,478.0,481.22,0.46,9789.0,522.0,360.1
PROFL,9/8/2025,477.1,480.0,475.0,475.86,-1.11,9844.0,522.0,360.1
PROFL,9/18/2025,467.0,467.0,457.7,457.7,-3.82,250.0,522.0,360.1
PROFL,9/21/2025,457.0,494.0,457.0,488.64,6.76,24949.0,522.0,360.1
PROFL,9/23/2025,488.64,519.0,482.0,496.1,1.53,14245.0,522.0,360.1
PROFL,9/24/2025,497.5,498.0,489.0,495.0,-0.22,1693.0,522.0,360.1
PROFL,9/25/2025,487.0,497.0,487.0,490.9,-0.83,3547.0,522.0,360.1
PROFL,9/28/2025,500.0,500.0,490.0,492.5,0.33,1987.0,522.0,360.1
PROFL,10/7/2025,483.1,491.8,477.0,480.0,-2.54,8019.0,522.0,360.1
PROFL,10/8/2025,476.0,476.2,458.0,460.0,-4.17,20318.0,522.0,360.1
PROFL,10/9/2025,469.2,486.8,462.0,462.0,0.43,8524.0,522.0,360.1
PROFL,10/12/2025,460.0,460.0,442.0,445.0,-3.68,16962.0,522.0,360.1
PROFL,10/13/2025,446.0,449.0,439.0,447.1,0.47,6362.0,522.0,360.1
PROFL,10/14/2025,443.0,449.0,440.5,448.0,0.2,5857.0,522.0,360.1
PROFL,10/15/2025,440.2,449.8,439.1,443.0,-1.12,4328.0,522.0,360.1
PROFL,10/16/2025,440.0,445.0,430.1,431.0,-2.71,7584.0,522.0,360.1
PROFL,10/19/2025,435.0,436.9,426.3,435.0,0.93,4641.0,522.0,360.1
PROFL,10/26/2025,428.0,433.0,421.4,430.0,-1.15,7660.0,522.0,360.1
PROFL,10/28/2025,435.0,448.0,435.0,448.0,4.19,4549.0,522.0,360.1
PROFL,10/29/2025,456.9,469.0,447.8,456.0,1.79,7127.0,522.0,360.1
PROFL,10/30/2025,447.1,464.0,446.9,462.0,1.32,5143.0,522.0,360.1
PROFL,11/2/2025,462.0,500.0,462.0,494.0,6.93,32591.0,522.0,360.1
PROFL,11/3/2025,498.0,501.0,483.1,488.0,-1.21,13949.0,522.0,360.1
PROFL,11/4/2025,495.0,495.0,475.1,475.3,-2.6,13830.0,522.0,360.1
PROFL,11/5/2025,484.8,504.0,463.0,496.0,4.36,52390.0,522.0,360.1
PROFL,11/6/2025,500.0,515.0,489.0,490.0,-1.21,46634.0,522.0,360.1
PROFL,11/9/2025,482.0,487.0,471.0,479.0,-2.24,10647.0,522.0,360.1
PROFL,11/10/2025,469.5,480.0,455.0,470.0,-1.88,20064.0,522.0,360.1
PROFL,11/11/2025,477.0,477.0,456.0,460.3,-2.06,12375.0,522.0,360.1
PROFL,11/12/2025,469.0,469.0,457.0,458.1,-0.48,10590.0,522.0,360.1
PROFL,11/13/2025,460.0,467.0,451.0,463.0,1.07,8441.0,522.0,360.1
PROFL,11/16/2025,462.0,462.0,452.0,459.9,-0.67,3435.0,522.0,360.1
PROFL,11/17/2025,453.0,470.0,453.0,457.0,-0.63,5609.0,522.0,360.1
PROFL,11/18/2025,465.0,465.5,455.7,462.4,1.18,6831.0,522.0,360.1
PROFL,11/19/2025,453.2,474.0,453.2,462.4,0.0,12100.0,522.0,360.1
PROFL,11/20/2025,465.5,465.5,456.2,460.2,-0.48,6286.0,522.0,360.1
PROFL,11/23/2025,465.0,473.5,461.0,466.0,1.26,6396.0,522.0,360.1
PROFL,11/24/2025,470.0,476.9,465.1,474.5,1.82,18476.0,522.0,360.1
PROFL,11/25/2025,471.0,480.0,465.7,470.0,-0.95,11991.0,522.0,360.1
PROFL,11/26/2025,468.0,470.0,460.0,466.0,-0.85,11279.0,522.0,360.1
PROFL,11/27/2025,466.0,469.9,461.0,468.0,0.43,8760.0,522.0,360.1
PROFL,11/30/2025,466.0,469.9,458.1,460.0,-1.71,9226.0,522.0,360.1
PROFL,12/1/2025,468.0,468.0,452.0,463.9,0.85,10081.0,522.0,360.1
PROFL,12/2/2025,460.5,469.0,460.0,464.9,0.22,8303.0,522.0,360.1
PROFL,12/3/2025,458.5,483.5,458.5,474.5,2.06,37469.0,522.0,360.1
PROFL,12/7/2025,470.0,485.0,464.1,464.1,-2.19,26355.0,522.0,360.1
PROFL,12/8/2025,473.0,479.0,460.0,460.0,-0.88,11209.0,522.0,360.1
PROFL,12/9/2025,468.9,471.5,462.0,463.1,0.67,4869.0,522.0,360.1
PROFL,12/10/2025,472.3,472.3,457.0,460.0,-0.67,6111.0,522.0,360.1
PROFL,12/11/2025,455.1,464.0,455.1,457.0,-0.65,4119.0,522.0,360.1
PROFL,12/14/2025,460.0,466.0,450.0,450.9,-1.33,10425.0,522.0,360.1
PROFL,12/15/2025,450.0,457.0,450.0,456.5,1.24,7732.0,522.0,360.1
PROFL,12/16/2025,456.0,460.0,455.0,460.0,0.77,6403.0,522.0,360.1
PROFL,12/17/2025,463.9,469.2,457.0,465.0,1.09,11080.0,522.0,360.1
PROFL,12/18/2025,461.0,464.0,452.0,454.0,-2.37,8946.0,522.0,360.1
PROFL,12/21/2025,450.1,453.0,441.0,445.0,-1.98,17271.0,522.0,360.1
PROFL,12/22/2025,441.0,445.0,437.0,438.2,-1.53,4688.0,522.0,360.1
PROFL,12/23/2025,438.1,446.0,438.0,443.0,1.1,8579.0,522.0,360.1
PROFL,12/24/2025,441.3,445.0,439.0,440.0,-0.68,8245.0,522.0,360.1
PROFL,12/28/2025,440.0,454.0,440.0,454.0,3.18,10046.0,522.0,360.1
PROFL,12/29/2025,455.0,458.7,445.9,453.0,-0.22,7647.0,522.0,360.1
PROFL,12/31/2025,460.0,460.0,445.7,453.8,0.18,5874.0,522.0,360.1
PROFL,1/1/2026,445.0,453.4,445.0,450.0,-0.84,5485.0,522.0,360.1
PROFL,1/4/2026,442.3,453.8,442.3,448.0,-0.44,5973.0,522.0,360.1
PROFL,1/5/2026,449.0,456.0,442.0,453.0,1.12,7697.0,522.0,360.1
PROFL,1/6/2026,447.1,467.5,447.1,462.0,1.99,20947.0,522.0,360.1
PROFL,1/7/2026,462.0,475.0,460.0,460.0,-0.43,22328.0,522.0,360.1
PROFL,1/8/2026,468.0,468.8,455.0,455.0,-1.09,2255.0,522.0,360.1
PROFL,1/12/2026,464.0,464.0,447.0,447.1,-1.74,13352.0,522.0,360.1
PROFL,1/13/2026,450.0,465.1,448.0,453.0,1.32,11888.0,522.0,360.1
PROFL,1/14/2026,450.0,480.0,449.5,463.9,2.41,30551.0,522.0,360.1
PROFL,1/18/2026,470.0,487.9,467.0,487.8,5.15,95078.0,522.0,360.1
PROFL,1/20/2026,493.0,503.0,485.0,487.0,-0.16,44758.0,522.0,360.1
PROFL,1/21/2026,487.0,491.0,475.8,482.9,-0.84,26091.0,522.0,360.1
PROFL,1/22/2026,492.5,495.0,472.5,495.0,2.51,44817.0,522.0,360.1
PROFL,1/25/2026,500.0,522.0,500.0,510.0,3.03,112417.0,522.0,360.1
PROFL,1/26/2026,500.2,510.1,492.0,498.9,-2.18,67304.0,522.0,360.1
PROFL,1/27/2026,500.1,504.8,481.0,485.8,-2.63,29424.0,522.0,360.1
PROFL,1/28/2026,480.0,498.0,476.3,485.3,-0.1,34011.0,522.0,360.1
PROFL,1/29/2026,494.0,495.0,472.0,480.0,-1.09,35875.0,522.0,360.1
PROFL,2/1/2026,478.0,484.0,470.0,471.2,-1.83,24867.0,522.0,360.1
PROFL,2/2/2026,471.2,480.0,467.0,467.0,-0.89,14996.0,522.0,360.1
PROFL,2/3/2026,472.7,477.0,462.8,462.8,-0.9,20386.0,522.0,360.1
PROFL,2/4/2026,460.0,478.0,460.0,473.5,2.31,18382.0,522.0,360.1
PROFL,2/5/2026,482.9,482.9,470.0,470.1,-0.72,15605.0,522.0,360.1
PROFL,2/8/2026,475.0,481.0,469.0,474.8,1.0,17564.0,522.0,360.1
PROFL,2/9/2026,468.0,476.4,460.1,461.7,-2.76,25915.0,522.0,360.1
PROFL,2/10/2026,465.0,469.8,458.4,468.0,1.36,21290.0,522.0,360.1
PROFL,2/11/2026,460.0,477.0,458.7,459.3,-1.86,15443.0,522.0,360.1
PROFL,2/12/2026,450.2,469.0,450.2,458.1,-0.26,13641.0,522.0,360.1
PROFL,2/16/2026,463.0,467.2,458.0,464.9,1.48,7160.0,522.0,360.1
PROFL,2/17/2026,461.0,461.0,452.0,453.0,-2.56,12850.0,522.0,360.1
PROFL,2/22/2026,453.0,453.0,445.1,447.0,-1.32,9353.0,522.0,360.1
PROFL,2/23/2026,455.9,455.9,447.0,450.0,0.67,6520.0,522.0,360.1
PROFL,2/24/2026,452.0,459.0,447.0,450.7,0.16,2716.0,522.0,360.1
PROFL,2/25/2026,447.0,459.0,447.0,447.2,-0.78,4683.0,522.0,360.1
PROFL,2/26/2026,455.0,464.0,449.0,455.0,1.74,4707.0,522.0,360.1
PROFL,2/27/2026,455.0,464.0,449.0,455.0,0.0,4707.0,522.0,360.1
PROFL,2/28/2026,455.0,464.0,449.0,455.0,0.0,4707.0,522.0,360.1
PROFL,3/2/2026,448.0,464.0,446.0,463.0,1.76,8693.0,522.0,360.1
PROFL,3/3/2026,469.0,471.0,462.0,471.0,1.73,10579.0,522.0,360.1
PROFL,3/4/2026,469.0,471.0,462.0,471.0,0.0,10579.0,522.0,360.1
PROFL,3/5/2026,469.0,471.0,462.0,471.0,0.0,10579.0,522.0,360.1
PROFL,3/6/2026,469.0,471.0,462.0,471.0,0.0,10579.0,522.0,360.1
PROFL,3/7/2026,469.0,471.0,462.0,471.0,0.0,10579.0,522.0,360.1
PROFL,3/8/2026,469.0,471.0,462.0,471.0,0.0,10579.0,522.0,360.1
PROFL,3/9/2026,480.0,508.9,480.0,508.0,7.86,1687.0,522.0,360.1
PROFL,3/10/2026,515.0,515.0,481.0,494.0,-2.76,50473.0,522.0,360.1
PROFL,3/11/2026,490.0,497.0,480.5,480.5,-2.73,17596.0,522.0,360.1
PROFL,3/12/2026,484.0,493.5,478.5,490.0,1.98,17340.0,522.0,360.1
PROFL,3/13/2026,484.0,493.5,478.5,490.0,0.0,17340.0,522.0,360.1
PROFL,3/14/2026,484.0,493.5,478.5,490.0,0.0,17340.0,522.0,360.1
PROFL,3/15/2026,498.0,498.9,480.2,488.0,-0.41,18975.0,522.0,360.1
PROFL,3/16/2026,497.7,497.7,476.2,478.1,-2.03,12339.0,522.0,360.1
PROFL,3/17/2026,477.0,480.8,472.1,479.0,0.19,8582.0,522.0,360.1
PROFL,3/18/2026,477.0,480.8,472.1,479.0,0.0,8582.0,522.0,360.1
PROFL,3/19/2026,488.0,494.9,480.0,489.0,2.09,27404.0,522.0,360.1
PROFL,3/20/2026,488.0,494.9,480.0,489.0,0.0,27404.0,522.0,360.1
PROFL,3/21/2026,488.0,494.9,480.0,489.0,0.0,27404.0,522.0,360.1
PROFL,3/22/2026,495.0,512.0,488.0,505.0,3.27,72612.0,522.0,360.1
PROFL,3/23/2026,510.0,514.0,500.0,506.0,0.2,38716.0,522.0,360.1
PROFL,3/24/2026,506.0,514.0,503.0,505.0,-0.2,13535.0,522.0,360.1
PROFL,3/25/2026,501.1,508.0,493.0,496.0,-1.78,35963.0,522.0,360.1
PROFL,3/26/2026,495.0,498.0,486.2,495.9,0.18,11058.0,522.0,360.1
PROFL,3/29/2026,494.0,499.9,478.0,484.0,-2.02,25094.0,522.0,360.1
PROFL,3/30/2026,480.0,488.8,467.0,470.9,-1.9,10705.0,522.0,360.1
PROFL,3/31/2026,471.0,483.9,457.2,475.0,0.85,21737.0,522.0,360.1
PROFL,4/1/2026,467.1,468.0,455.0,458.0,-1.95,18252.0,522.0,360.1
PROFL,4/2/2026,455.0,464.0,445.8,455.0,0.0,20158.0,522.0,360.1
PROFL,4/5/2026,446.6,446.6,429.0,435.0,-2.6,25230.0,522.0,360.1
PROFL,4/6/2026,442.7,451.0,441.0,450.0,1.65,20655.0,522.0,360.1
PROFL,4/7/2026,457.9,466.9,445.0,447.0,-2.38,10244.0,522.0,360.1
PROFL,4/8/2026,455.9,459.0,450.6,459.0,0.68,9052.0,522.0,360.1
PROFL,4/9/2026,463.5,467.0,455.0,462.0,-0.32,17421.0,522.0,360.1
PROFL,4/10/2026,460.0,460.0,452.8,454.1,-1.28,6707.0,522.0,360.1
PROFL,4/13/2026,454.1,462.0,444.5,455.0,0.2,19065.0,522.0,360.1
PROFL,4/15/2026,452.1,472.9,452.0,466.0,3.07,11703.0,522.0,360.1
PROFL,4/16/2026,466.0,466.0,454.0,454.0,-2.58,8551.0,522.0,360.1
PROFL,4/17/2026,450.0,460.0,448.2,457.0,1.56,7210.0,522.0,360.1
PROFL,4/20/2026,479.8,479.8,449.0,451.0,-6.0,7270.0,522.0,360.1
PROFL,4/21/2026,446.2,457.0,446.2,457.0,2.42,5523.0,522.0,360.1
PROFL,4/22/2026,457.0,457.0,441.1,453.0,-0.88,11133.0,522.0,360.1
PROFL,4/23/2026,466.5,466.5,440.0,451.0,-3.32,7974.0,522.0,360.1
PROFL,4/24/2026,451.0,451.0,441.0,445.0,-1.33,5697.0,522.0,360.1
PROFL,4/27/2026,445.0,454.9,442.3,446.0,0.22,4358.0,522.0,360.1
PROFL,4/28/2026,446.0,453.1,440.3,441.0,-1.12,4325.0,522.0,360.1
PROFL,4/29/2026,463.0,463.0,436.1,443.0,-4.32,6155.0,522.0,360.1
PROFL,4/30/2026,432.0,444.7,432.0,444.7,2.94,7718.0,522.0,360.1
PROFL,5/4/2026,444.7,445.0,435.0,440.0,-1.06,6410.0,522.0,360.1
PROFL,5/5/2026,440.0,444.0,440.0,444.0,0.91,1594.0,522.0,360.1
PROFL,5/6/2026,440.0,444.0,437.5,440.0,0.0,1960.0,522.0,360.1
PROFL,5/7/2026,436.0,437.0,430.0,435.0,-0.23,4203.0,522.0,360.1
PROFL,5/8/2026,444.0,444.0,433.5,440.0,-0.9,5652.0,522.0,360.1
PROFL,5/11/2026,450.0,451.0,445.0,448.9,-0.24,5236.0,522.0,360.1
PROFL,5/12/2026,448.0,448.0,438.0,438.0,-2.23,4473.0,522.0,360.1
PROFL,5/13/2026,431.0,440.0,430.0,440.0,2.09,4319.0,522.0,360.1
PROFL,5/14/2026,440.0,440.0,430.0,435.0,-1.14,3489.0,522.0,360.1
PROFL,5/15/2026,433.1,445.0,433.0,435.0,0.44,4559.0,522.0,360.1
PROFL,5/18/2026,440.0,440.0,430.5,432.5,-1.7,4555.0,522.0,360.1
PROFL,5/19/2026,440.0,440.0,433.0,435.0,-1.14,1360.0,522.0,360.1
PROFL,5/20/2026,433.1,444.9,432.0,444.9,2.72,5629.0,522.0,360.1
PROFL,5/21/2026,448.0,448.0,435.0,440.0,-1.79,830.0,522.0,360.1
PROFL,5/22/2026,440.0,447.0,435.0,444.0,0.91,3166.0,522.0,360.1
PROFL,5/25/2026,456.0,457.0,442.0,445.0,-2.41,4657.0,522.0,360.1
PROFL,5/26/2026,445.0,449.0,438.0,443.0,-0.45,2330.0,522.0,360.1
PROFL,5/27/2026,454.9,454.9,441.0,441.0,-3.06,3077.0,522.0,360.1
PROFL,6/1/2026,450.0,450.0,432.0,440.0,-2.22,4075.0,522.0,360.1
PROFL,6/2/2026,449.9,464.0,449.9,460.0,2.24,33782.0,522.0,360.1
PROFL,6/3/2026,460.0,462.0,454.0,454.0,-1.3,12275.0,522.0,360.1
PROFL,6/4/2026,460.0,465.0,448.0,452.0,-1.74,9001.0,522.0,360.1
PROFL,6/5/2026,457.9,475.0,457.9,466.0,1.77,55291.0,522.0,360.1
PROFL,6/8/2026,473.0,476.9,466.6,470.0,-0.63,34082.0,522.0,360.1
PROFL,6/9/2026,470.0,470.0,450.0,463.0,-1.49,15014.0,522.0,360.1
PROFL,6/10/2026,475.0,475.0,461.0,465.0,-2.11,11336.0,522.0,360.1
PROFL,6/11/2026,441.8,468.5,441.8,455.0,2.99,5739.0,522.0,360.1
PROFL,6/12/2026,455.0,461.0,444.0,450.0,-1.1,10688.0,522.0,360.1
PROFL,6/15/2026,450.2,462.0,448.0,449.0,-0.27,8398.0,522.0,360.1
PROFL,6/16/2026,451.0,451.0,444.0,446.2,-1.06,8691.0,522.0,360.1
PROFL,6/17/2026,458.0,458.0,444.0,448.0,-2.18,4067.0,522.0,360.1
PROFL,6/18/2026,448.0,448.0,440.0,446.9,-0.25,3876.0,522.0,360.1
PROFL,6/19/2026,469.2,469.2,443.0,450.0,-4.09,8507.0,522.0,360.1
PROFL,6/22/2026,463.0,463.0,445.0,455.9,-1.53,5490.0,522.0,360.1
PROFL,6/23/2026,455.9,455.9,445.0,445.0,-2.39,5933.0,522.0,360.1
PROFL,6/24/2026,452.4,465.0,445.1,453.0,0.13,22598.0,522.0,360.1
PROFL,6/26/2026,454.0,454.0,442.0,443.3,-2.36,3309.0,522.0,360.1
PROFL,6/29/2026,440.1,445.9,435.3,438.3,-0.41,3626.0,522.0,360.1
PROFL,6/30/2026,449.9,449.9,425.2,425.2,-5.49,6503.0,522.0,360.1
PROFL,7/1/2026,437.0,448.8,435.4,439.0,0.46,2642.0,522.0,360.1
PROFL,7/2/2026,433.0,439.5,430.2,439.5,1.5,5616.0,522.0,360.1
PROFL,7/3/2026,443.0,446.9,431.0,440.0,-0.68,11845.0,522.0,360.1
PROFL,7/6/2026,440.0,447.8,431.0,439.0,-0.23,6688.0,522.0,360.1
PROFL,7/7/2026,442.0,442.5,436.0,439.0,-0.68,2904.0,522.0,360.1
PROFL,7/8/2026,433.1,440.0,433.1,440.0,1.59,3509.0,522.0,360.1
PROFL,7/9/2026,430.0,432.9,427.1,432.9,0.67,2307.0,522.0,360.1
PROFL,7/10/2026,430.0,442.9,428.1,433.0,0.7,4948.0,522.0,360.1
PROFL,7/13/2026,430.0,430.0,423.0,423.0,-1.63,5570.0,522.0,360.1
PROFL,7/14/2026,422.5,427.9,415.0,425.0,0.59,5510.0,522.0,360.1
PROFL,7/15/2026,426.0,433.5,425.0,430.0,0.94,10047.0,522.0,360.1
PROFL,7/16/2026,451.5,451.5,427.0,433.0,-4.1,3120.0,522.0,360.1
PROFL,7/17/2026,438.0,445.0,438.0,444.0,1.37,6840.0,522.0,360.1
PROFL,7/20/2026,444.0,450.0,442.0,449.4,1.22,6463.0,522.0,360.1
PROFL,7/21/2026,441.0,450.0,439.2,440.0,-0.23,7800.0,522.0,360.1
PROFL,7/22/2026,448.7,449.2,439.0,444.0,-1.05,6781.0,522.0,360.1
PROFL,7/23/2026,446.0,446.0,437.0,443.5,-0.56,4575.0,522.0,360.1
PROFL,7/24/2026,441.0,451.0,432.7,444.0,0.68,8738.0,522.0,360.1
PROFL,7/27/2026,450.0,450.0,434.0,437.9,-2.69,5805.0,522.0,360.1
PROFL,7/28/2026,437.0,443.2,428.0,437.0,0.0,8160.0,522.0,360.1
PROFL,7/29/2026,437.0,444.0,430.0,432.0,-1.14,5664.0,522.0,360.1
PROFL,7/30/2026,437.9,437.9,428.0,434.0,-0.89,3009.0,522.0,360.1
PROFL,7/31/2026,430.0,436.9,430.0,433.0,0.7,4539.0,522.0,360.1
PROFL,8/3/2026,430.0,436.0,430.0,432.0,0.47,2347.0,522.0,360.1
PROFL,8/4/2026,430.0,433.0,425.0,429.0,-0.23,4689.0,522.0,360.1
PROFL,8/5/2026,429.9,430.0,424.0,430.0,0.02,8140.0,522.0,360.1
PROFL,8/6/2026,425.0,434.0,423.1,423.1,-0.45,5125.0,522.0,360.1
PROFL,8/7/2026,423.0,429.9,415.0,420.0,-0.71,13809.0,522.0,360.1
PROFL,8/10/2026,420.0,426.0,419.0,419.0,-0.24,4235.0,522.0,360.1
PROFL,8/11/2026,425.0,425.0,415.0,416.0,-2.12,4803.0,522.0,360.1
PROFL,8/12/2026,416.0,424.0,413.0,417.2,0.29,2175.0,522.0,360.1
PROFL,8/13/2026,415.0,424.8,415.0,421.7,1.61,2936.0,522.0,360.1
PROFL,8/14/2026,421.7,421.7,416.1,418.5,-0.76,2414.0,522.0,360.1
PROFL,8/17/2026,424.0,424.0,408.0,414.0,-2.36,8777.0,522.0,360.1
PROFL,8/18/2026,410.0,419.0,403.1,408.9,-0.27,9436.0,522.0,360.1
PROFL,8/19/2026,405.0,407.0,396.7,407.0,0.49,8569.0,522.0,360.1
PROFL,8/20/2026,406.0,409.9,400.5,409.9,0.96,3180.0,522.0,360.1
PROFL,8/21/2026,399.0,406.0,399.0,403.0,1.0,3474.0,522.0,360.1
PROFL,8/24/2026,403.1,403.1,392.0,395.0,-2.01,6832.0,522.0,360.1
PROFL,8/25/2026,395.0,405.0,386.0,386.0,-2.28,6620.0,522.0,360.1
PROFL,8/26/2026,382.6,387.0,375.1,379.9,-0.71,9595.0,522.0,360.1
PROFL,8/27/2026,371.0,391.4,368.1,384.0,3.5,8472.0,522.0,360.1
PROFL,8/31/2026,385.0,386.0,374.1,375.1,-2.57,3775.0,522.0,360.1
PROFL,9/1/2026,380.0,380.0,375.0,375.0,-1.32,6095.0,522.0,360.1
PROFL,9/2/2026,385.0,385.0,373.5,380.9,-1.06,3390.0,522.0,360.1
PROFL,9/3/2026,381.1,385.0,376.0,380.0,-0.29,6334.0,522.0,360.1
PROFL,9/7/2026,375.0,383.0,375.0,380.0,1.33,5377.0,522.0,360.1
PROFL,9/9/2026,377.0,379.0,368.0,374.0,-0.8,12262.0,522.0,360.1
PROFL,9/10/2026,365.0,370.0,360.1,368.1,0.85,7144.0,522.0,360.1
PROFL,9/11/2026,370.0,378.0,370.0,371.0,0.27,3192.0,522.0,360.1
PROFL,9/14/2026,379.0,381.8,379.0,381.0,0.53,5861.0,522.0,360.1
PROFL,9/15/2026,400.0,400.0,387.0,394.0,-1.5,10787.0,522.0,360.1
PROFL,9/16/2026,390.0,398.0,382.6,390.0,0.0,10849.0,522.0,360.1
PROFL,9/17/2026,380.0,399.0,380.0,388.0,2.11,1000.0,522.0,360.1
PROFL,9/18/2026,369.0,400.0,369.0,388.2,5.2,4995.0,522.0,360.1
PROFL,9/22/2026,386.0,400.0,386.0,395.0,2.33,9318.0,522.0,360.1
PROFL,9/23/2026,392.0,395.0,383.2,383.3,-2.22,12120.0,522.0,360.1
PROFL,9/24/2026,387.0,391.0,383.0,391.0,1.03,2386.0,522.0,360.1
PROFL,9/28/2026,384.0,393.9,380.0,385.0,0.26,4018.0,522.0,360.1
PROFL,9/29/2026,385.0,389.0,383.7,0.0,-100.0,2034.0,522.0,360.1
PROFL,9/30/2026,392.0,392.0,382.0,385.0,-1.79,4107.0,522.0,360.1
PROFL,10/1/2026,389.0,390.6,381.3,386.0,-0.77,2528.0,522.0,360.1
PROFL,10/2/2026,382.0,389.0,382.0,383.6,0.42,1640.0,522.0,360.1
PROFLP,2/8/2026,255.8,255.8,255.8,255.8,,4492.0,261.0,118.0
PROFLP,4/1/2026,255.8,255.8,255.8,255.8,0.0,19671.0,261.0,118.0
PROFLP,4/23/2026,255.8,255.8,255.8,255.8,0.0,40513.0,261.0,118.0
PROFLP,8/6/2026,236.0,236.0,236.0,236.0,0.0,106.0,261.0,118.0
PRSF,1/26/2026,11.1,11.4,11.1,11.4,,70740.0,13.61,9.85
PRSF,1/27/2026,11.4,11.57,11.4,11.5,0.88,327860.0,13.61,9.85
PRSF,1/28/2026,11.3,11.56,11.3,11.5,0.0,22360.0,13.61,9.85
PRSF,1/29/2026,11.27,11.36,11.27,11.36,-1.22,1344.0,13.61,9.85
PRSF,2/1/2026,11.14,11.28,11.14,11.28,-0.7,2200.0,13.61,9.85
PRSF,2/2/2026,11.3,11.3,11.13,11.17,-0.98,4000.0,13.61,9.85
PRSF,2/3/2026,11.2,11.23,11.13,11.2,0.27,60400.0,13.61,9.85
PRSF,2/4/2026,11.2,11.25,11.2,11.25,0.45,11375.0,13.61,9.85
PRSF,2/5/2026,11.21,11.28,11.21,11.28,0.27,7140.0,13.61,9.85
PRSF,2/8/2026,11.08,11.35,11.08,11.25,-0.27,23998.0,13.61,9.85
PRSF,2/9/2026,11.2,11.25,11.2,11.25,0.0,700.0,13.61,9.85
PRSF,2/10/2026,11.05,11.25,11.05,11.18,-0.62,500.0,13.61,9.85
PRSF,2/11/2026,11.26,11.26,11.26,11.26,0.72,600.0,13.61,9.85
PRSF,2/12/2026,11.13,11.47,11.13,11.27,0.09,13100.0,13.61,9.85
PRSF,2/16/2026,11.1,11.32,11.1,11.32,0.44,4594.0,13.61,9.85
PRSF,2/17/2026,11.3,11.49,11.18,11.19,-1.15,74700.0,13.61,9.85
PRSF,2/22/2026,11.41,11.41,11.18,11.18,-0.09,21652.0,13.61,9.85
PRSF,2/23/2026,11.0,11.26,11.0,11.15,-0.27,4500.0,13.61,9.85
PRSF,2/24/2026,11.13,11.36,11.13,11.36,1.88,5300.0,13.61,9.85
PRSF,2/25/2026,11.5,11.5,11.3,11.38,0.18,107000.0,13.61,9.85
PRSF,2/26/2026,11.17,11.3,11.17,11.3,-0.7,750.0,13.61,9.85
PRSF,2/27/2026,11.17,11.3,11.17,11.3,0.0,750.0,13.61,9.85
PRSF,2/28/2026,11.17,11.3,11.17,11.3,0.0,750.0,13.61,9.85
PRSF,3/2/2026,11.21,11.21,11.21,11.21,-0.8,600.0,13.61,9.85
PRSF,3/3/2026,11.16,11.38,11.16,11.38,1.52,1030.0,13.61,9.85
PRSF,3/4/2026,11.16,11.38,11.16,11.38,0.0,1030.0,13.61,9.85
PRSF,3/5/2026,11.16,11.38,11.16,11.38,0.0,1030.0,13.61,9.85
PRSF,3/6/2026,11.16,11.38,11.16,11.38,0.0,1030.0,13.61,9.85
PRSF,3/7/2026,11.16,11.38,11.16,11.38,0.0,1030.0,13.61,9.85
PRSF,3/8/2026,11.16,11.38,11.16,11.38,0.0,1030.0,13.61,9.85
PRSF,3/10/2026,11.19,11.41,11.19,11.32,-0.53,26800.0,13.61,9.85
PRSF,3/11/2026,11.5,11.73,11.3,11.51,1.68,76770.0,13.61,9.85
PRSF,3/12/2026,11.3,11.74,11.3,11.51,0.0,27175.0,13.61,9.85
PRSF,3/13/2026,11.3,11.74,11.3,11.51,0.0,27175.0,13.61,9.85
PRSF,3/14/2026,11.3,11.74,11.3,11.51,0.0,27175.0,13.61,9.85
PRSF,3/15/2026,11.28,11.74,11.28,11.74,2.0,22900.0,13.61,9.85
PRSF,3/16/2026,11.51,11.97,11.51,11.78,0.34,12200.0,13.61,9.85
PRSF,3/17/2026,11.55,11.78,11.55,11.55,-1.95,300.0,13.61,9.85
PRSF,3/18/2026,11.55,11.78,11.55,11.55,0.0,300.0,13.61,9.85
PRSF,3/19/2026,11.78,11.78,11.32,11.57,0.17,8100.0,13.61,9.85
PRSF,3/20/2026,11.78,11.78,11.32,11.57,0.0,8100.0,13.61,9.85
PRSF,3/21/2026,11.78,11.78,11.32,11.57,0.0,8100.0,13.61,9.85
PRSF,3/22/2026,11.57,11.89,11.57,11.72,1.3,146800.0,13.61,9.85
PRSF,3/23/2026,11.6,11.98,11.6,11.98,2.22,17200.0,13.61,9.85
PRSF,3/24/2026,11.98,12.2,11.82,11.92,-0.5,50700.0,13.61,9.85
PRSF,3/25/2026,11.75,12.06,11.75,12.06,1.17,700582.0,13.61,9.85
PRSF,3/26/2026,11.86,12.15,11.86,12.1,2.02,503700.0,13.61,9.85
PRSF,3/29/2026,11.99,12.1,11.99,12.04,0.42,3350.0,13.61,9.85
PRSF,3/30/2026,11.91,12.14,11.91,11.97,0.5,1400.0,13.61,9.85
PRSF,3/31/2026,11.97,12.0,11.91,11.93,-0.33,11150.0,13.61,9.85
PRSF,4/1/2026,12.0,12.16,11.93,11.93,-0.58,275331.0,13.61,9.85
PRSF,4/2/2026,12.1,12.3,11.92,11.96,-1.16,228500.0,13.61,9.85
PRSF,4/5/2026,11.98,11.98,11.52,11.9,-0.67,252269.0,13.61,9.85
PRSF,4/6/2026,12.0,12.13,11.91,11.91,-0.75,264032.0,13.61,9.85
PRSF,4/7/2026,11.73,11.96,11.73,11.87,1.19,1500.0,13.61,9.85
PRSF,4/8/2026,11.76,12.3,11.76,12.11,2.98,440500.0,13.61,9.85
PRSF,4/9/2026,12.0,12.8,11.97,12.37,3.08,4881081.0,13.61,9.85
PRSF,4/10/2026,12.15,13.31,12.15,12.79,5.27,53108.0,13.61,9.85
PRSF,4/13/2026,12.64,12.89,12.64,12.73,0.71,56400.0,13.61,9.85
PRSF,4/15/2026,12.98,13.2,12.98,13.14,1.23,541804.0,13.61,9.85
PRSF,4/16/2026,13.06,13.2,12.88,13.12,0.46,231058.0,13.61,9.85
PRSF,4/17/2026,12.91,13.14,12.91,13.14,1.78,105900.0,13.61,9.85
PRSF,4/20/2026,12.49,13.38,12.49,13.22,5.84,243413.0,13.61,9.85
PRSF,4/21/2026,13.61,13.61,12.88,12.99,-4.56,735987.0,13.61,9.85
PRSF,4/22/2026,13.33,13.33,12.84,13.1,-1.73,123100.0,13.61,9.85
PRSF,4/23/2026,12.8,13.22,12.8,13.15,2.73,837300.0,13.61,9.85
PRSF,4/24/2026,13.15,13.22,12.93,13.22,0.53,757611.0,13.61,9.85
PRSF,4/27/2026,13.22,13.25,12.92,13.2,-0.15,16300.0,13.61,9.85
PRSF,4/28/2026,13.2,13.28,12.82,12.98,-1.67,476300.0,13.61,9.85
PRSF,4/29/2026,12.98,13.3,12.6,13.05,0.54,1149798.0,13.61,9.85
PRSF,4/30/2026,12.82,13.07,12.82,12.98,1.25,20500.0,13.61,9.85
PRSF,5/4/2026,12.84,12.97,12.8,12.95,0.86,16100.0,13.61,9.85
PRSF,5/5/2026,12.67,12.97,12.67,12.97,2.37,600.0,13.61,9.85
PRSF,5/6/2026,12.66,12.95,12.66,12.9,1.9,41400.0,13.61,9.85
PRSF,5/7/2026,12.94,12.94,12.6,12.94,0.0,80979.0,13.61,9.85
PRSF,5/8/2026,12.66,12.97,12.66,12.97,2.45,115400.0,13.61,9.85
PRSF,5/11/2026,12.68,13.19,12.68,13.14,3.63,150400.0,13.61,9.85
PRSF,5/12/2026,13.1,13.14,12.84,13.1,0.0,71800.0,13.61,9.85
PRSF,5/13/2026,13.0,13.05,12.85,12.9,-0.77,36562.0,13.61,9.85
PRSF,5/14/2026,12.91,13.09,12.8,12.89,-0.15,365650.0,13.61,9.85
PRSF,5/15/2026,12.73,13.0,12.68,12.99,2.04,316100.0,13.61,9.85
PRSF,5/18/2026,12.71,13.0,12.71,12.98,2.12,39821.0,13.61,9.85
PRSF,5/19/2026,12.66,13.05,12.66,12.98,2.53,1050830.0,13.61,9.85
PRSF,5/20/2026,12.85,13.12,12.85,13.1,1.95,839750.0,13.61,9.85
PRSF,5/21/2026,13.1,13.1,12.9,12.9,-1.53,183000.0,13.61,9.85
PRSF,5/22/2026,13.54,13.54,12.8,12.95,-4.36,617150.0,13.61,9.85
PRSF,5/25/2026,13.0,13.14,12.94,12.95,-0.38,323300.0,13.61,9.85
PRSF,5/26/2026,12.86,13.0,12.86,12.92,0.47,455400.0,13.61,9.85
PRSF,5/27/2026,12.92,13.05,12.92,13.05,1.01,149815.0,13.61,9.85
PRSF,6/1/2026,13.4,13.4,12.95,12.97,-3.21,86300.0,13.61,9.85
PRSF,6/2/2026,12.94,13.2,12.94,12.99,0.39,287750.0,13.61,9.85
PRSF,6/3/2026,13.04,13.1,12.98,13.09,0.38,214500.0,13.61,9.85
PRSF,6/4/2026,12.99,13.09,12.97,13.0,0.08,131000.0,13.61,9.85
PRSF,6/5/2026,12.96,13.1,12.96,12.99,0.23,536428.0,13.61,9.85
PRSF,6/8/2026,12.95,13.0,12.95,13.0,0.39,585.0,13.61,9.85
PRSF,6/9/2026,13.0,13.0,12.9,12.92,-0.62,37500.0,13.61,9.85
PRSF,6/10/2026,12.64,13.15,12.64,13.1,3.64,58034.0,13.61,9.85
PRSF,6/11/2026,13.0,13.0,12.86,12.9,-0.77,110200.0,13.61,9.85
PRSF,6/12/2026,12.9,13.0,12.83,12.83,-0.54,277100.0,13.61,9.85
PRSF,6/15/2026,12.83,12.97,12.83,12.95,0.94,130620.0,13.61,9.85
PRSF,6/16/2026,12.92,13.0,12.7,12.81,-0.85,153173.0,13.61,9.85
PRSF,6/17/2026,12.72,12.89,12.72,12.77,0.39,170600.0,13.61,9.85
PRSF,6/18/2026,12.77,12.85,12.62,12.8,0.23,118307.0,13.61,9.85
PRSF,6/19/2026,12.71,12.93,12.53,12.61,-0.79,398700.0,13.61,9.85
PRSF,6/22/2026,12.53,12.78,12.53,12.61,0.64,87778.0,13.61,9.85
PRSF,6/23/2026,12.61,12.78,12.5,12.78,1.35,133710.0,13.61,9.85
PRSF,6/24/2026,12.78,12.78,12.46,12.6,-1.41,49261.0,13.61,9.85
PRSF,6/26/2026,12.51,12.65,12.5,12.5,-0.08,97790.0,13.61,9.85
PRSF,6/29/2026,12.46,12.79,12.25,12.52,0.48,118631.0,13.61,9.85
PRSF,6/30/2026,12.5,12.79,12.47,12.47,-0.24,3800.0,13.61,9.85
PRSF,7/1/2026,12.79,12.79,12.6,12.75,-0.31,119300.0,13.61,9.85
PRSF,7/2/2026,12.85,12.9,12.63,12.9,0.39,130900.0,13.61,9.85
PRSF,7/3/2026,13.0,13.0,12.6,12.61,-3.0,160200.0,13.61,9.85
PRSF,7/6/2026,12.61,12.8,12.54,12.54,-0.56,51500.0,13.61,9.85
PRSF,7/7/2026,12.55,12.65,12.54,12.58,0.24,76900.0,13.61,9.85
PRSF,7/8/2026,12.65,12.65,12.24,12.59,-0.47,163123.0,13.61,9.85
PRSF,7/9/2026,12.59,12.7,12.57,12.58,-0.08,26077.0,13.61,9.85
PRSF,7/10/2026,12.58,12.82,12.58,12.7,0.95,19785.0,13.61,9.85
PRSF,7/13/2026,12.62,12.8,12.6,12.6,-0.16,85300.0,13.61,9.85
PRSF,7/14/2026,12.45,12.88,12.45,12.6,1.2,1500.0,13.61,9.85
PRSF,7/15/2026,12.61,12.7,12.32,12.37,-1.9,103850.0,13.61,9.85
PRSF,7/16/2026,12.41,12.69,12.35,12.35,-0.48,153828.0,13.61,9.85
PRSF,7/17/2026,12.72,12.79,12.48,12.79,0.55,2800.0,13.61,9.85
PRSF,7/20/2026,12.79,12.8,12.75,12.75,-0.31,67600.0,13.61,9.85
PRSF,7/21/2026,12.75,12.91,12.75,12.89,1.1,147584.0,13.61,9.85
PRSF,7/22/2026,12.95,12.95,12.68,12.68,-2.08,600.0,13.61,9.85
PRSF,7/23/2026,12.98,12.98,12.9,12.98,0.0,3890.0,13.61,9.85
PRSF,7/24/2026,13.17,13.17,12.72,12.77,-3.04,1300.0,13.61,9.85
PRSF,7/27/2026,12.9,12.92,12.89,12.9,0.0,148848.0,13.61,9.85
PRSF,7/28/2026,12.75,12.95,12.75,12.85,0.78,43350.0,13.61,9.85
PRSF,7/29/2026,12.71,12.96,12.71,12.95,1.89,700.0,13.61,9.85
PRSF,7/30/2026,12.77,12.77,12.77,12.77,0.0,100.0,13.61,9.85
PRSF,7/31/2026,12.9,12.93,12.7,12.93,0.23,2340.0,13.61,9.85
PRSF,8/3/2026,12.73,12.88,12.73,12.88,1.18,300.0,13.61,9.85
PRSF,8/4/2026,12.72,12.93,12.72,12.92,1.57,6115.0,13.61,9.85
PRSF,8/5/2026,12.97,13.11,12.72,12.88,-0.69,13500.0,13.61,9.85
PRSF,8/6/2026,12.9,12.97,12.67,12.89,-0.08,2850.0,13.61,9.85
PRSF,8/7/2026,12.91,12.91,12.89,12.91,0.0,9400.0,13.61,9.85
PRSF,8/10/2026,12.91,12.96,12.71,12.85,-0.46,9500.0,13.61,9.85
PRSF,8/11/2026,12.73,12.83,12.71,12.83,0.79,11855.0,13.61,9.85
PRSF,8/12/2026,12.78,12.79,12.78,12.79,0.08,1100.0,13.61,9.85
PRSF,8/13/2026,12.78,12.82,12.75,12.82,0.31,11700.0,13.61,9.85
PRSF,8/14/2026,12.72,12.72,12.72,12.72,0.0,200.0,13.61,9.85
PRSF,8/17/2026,12.75,12.9,12.73,12.75,0.0,236720.0,13.61,9.85
PRSF,8/18/2026,12.75,12.9,12.75,12.8,0.39,979489.0,13.61,9.85
PRSF,8/19/2026,12.9,12.93,12.9,12.91,0.08,2538.0,13.61,9.85
PRSF,8/20/2026,12.75,12.9,12.75,12.9,1.18,5980.0,13.61,9.85
PRSF,8/21/2026,12.81,12.95,12.8,12.95,1.09,20400.0,13.61,9.85
PRSF,8/24/2026,12.91,12.91,12.58,12.73,-1.39,205100.0,13.61,9.85
PRSF,8/25/2026,12.75,12.87,12.65,12.75,0.0,142750.0,13.61,9.85
PRSF,8/26/2026,12.7,12.72,12.6,12.6,-0.79,349498.0,13.61,9.85
PRSF,8/27/2026,12.54,12.75,12.53,12.75,1.67,22600.0,13.61,9.85
PRSF,8/31/2026,12.78,12.78,12.51,12.7,-0.63,53194.0,13.61,9.85
PRSF,9/1/2026,12.7,12.7,12.55,12.7,0.0,27390.0,13.61,9.85
PRSF,9/2/2026,12.66,12.7,12.66,12.7,0.32,5301.0,13.61,9.85
PRSF,9/3/2026,12.7,12.89,12.6,12.89,1.5,225597.0,13.61,9.85
PRSF,9/7/2026,12.9,12.9,12.67,12.7,-1.55,22405.0,13.61,9.85
PRSF,9/9/2026,12.8,12.92,12.65,12.9,0.78,671300.0,13.61,9.85
PRSF,9/10/2026,12.52,12.52,11.45,11.7,-6.55,13300.0,13.61,9.85
PRSF,9/11/2026,11.79,11.8,11.62,11.62,-1.44,12100.0,13.61,9.85
PRSF,9/14/2026,11.88,11.89,11.71,11.76,-1.01,30888.0,13.61,9.85
PRSF,9/15/2026,11.74,11.95,11.74,11.94,1.7,115400.0,13.61,9.85
PRSF,9/16/2026,11.97,11.98,11.82,11.82,-1.25,92600.0,13.61,9.85
PRSF,9/17/2026,11.97,11.97,11.8,11.8,-1.42,2363.0,13.61,9.85
PRSF,9/18/2026,11.81,11.96,11.81,11.85,0.34,140100.0,13.61,9.85
PRSF,9/22/2026,11.75,11.97,11.75,11.9,1.28,18507.0,13.61,9.85
PRSF,9/23/2026,11.97,11.98,11.77,11.77,-1.67,98100.0,13.61,9.85
PRSF,9/24/2026,11.85,11.93,11.83,11.83,-0.17,174100.0,13.61,9.85
PRSF,9/28/2026,11.85,12.1,11.85,11.9,0.42,193566.0,13.61,9.85
PRSF,9/29/2026,11.9,11.9,11.88,0.0,-100.0,9100.0,13.61,9.85
PRSF,9/30/2026,11.86,11.88,11.86,11.88,0.17,8100.0,13.61,9.85
PRSF,10/1/2026,11.89,12.04,11.89,12.03,1.18,24800.0,13.61,9.85
PRSF,10/2/2026,11.92,12.16,11.92,12.16,2.01,16000.0,13.61,9.85
PRVU,2/15/2015,311.0,315.0,310.0,315.0,,44909.0,235.6,169.7
PRVU,2/16/2015,315.0,323.0,310.0,323.0,2.54,88333.0,235.6,169.7
PRVU,2/18/2015,323.0,335.0,321.0,335.0,3.72,134332.0,235.6,169.7
PRVU,2/22/2015,335.0,343.0,327.0,330.0,-1.49,94575.0,235.6,169.7
PRVU,2/23/2015,330.0,331.0,315.0,330.0,0.0,77796.0,235.6,169.7
PRVU,2/24/2015,330.0,335.0,323.0,332.0,0.61,48684.0,235.6,169.7
PRVU,2/25/2015,332.0,335.0,328.0,335.0,0.9,37210.0,235.6,169.7
PRVU,2/26/2015,335.0,349.0,335.0,349.0,4.18,88605.0,235.6,169.7
PRVU,3/1/2015,349.0,360.0,346.0,350.0,0.29,92783.0,235.6,169.7
PRVU,3/2/2015,350.0,350.0,345.0,349.0,-0.29,30148.0,235.6,169.7
PRVU,3/3/2015,349.0,348.0,342.0,343.0,-1.72,25611.0,235.6,169.7
PRVU,3/4/2015,343.0,354.0,338.0,341.0,-0.58,42694.0,235.6,169.7
PRVU,3/9/2015,341.0,353.0,344.0,347.0,1.76,73654.0,235.6,169.7
PRVU,3/10/2015,347.0,348.0,339.0,340.0,-2.02,79413.0,235.6,169.7
PRVU,3/11/2015,340.0,345.0,341.0,342.0,0.59,20898.0,235.6,169.7
PRVU,3/12/2015,342.0,348.0,340.0,342.0,0.0,26536.0,235.6,169.7
PRVU,3/15/2015,342.0,342.0,335.0,340.0,-0.58,13347.0,235.6,169.7
PRVU,3/16/2015,340.0,340.0,332.0,334.0,-1.76,7644.0,235.6,169.7
PRVU,3/17/2015,334.0,341.0,329.0,340.0,1.8,14725.0,235.6,169.7
PRVU,3/18/2015,340.0,340.0,335.0,336.0,-1.18,5868.0,235.6,169.7
PRVU,3/19/2015,336.0,344.0,338.0,339.0,0.89,14209.0,235.6,169.7
PRVU,3/22/2015,339.0,346.0,332.0,332.0,-2.06,8570.0,235.6,169.7
PRVU,3/23/2015,332.0,340.0,329.0,330.0,-0.6,20269.0,235.6,169.7
PRVU,3/24/2015,330.0,330.0,326.0,328.0,-0.61,67872.0,235.6,169.7
PRVU,3/25/2015,328.0,330.0,325.0,329.0,0.3,9668.0,235.6,169.7
PRVU,3/26/2015,329.0,331.0,324.0,331.0,0.61,43881.0,235.6,169.7
PRVU,3/29/2015,331.0,333.0,325.0,330.0,-0.3,9720.0,235.6,169.7
PRVU,3/30/2015,330.0,335.0,325.0,328.0,-0.61,13795.0,235.6,169.7
PRVU,3/31/2015,328.0,336.0,325.0,332.0,1.22,21375.0,235.6,169.7
PRVU,4/1/2015,332.0,333.0,327.0,328.0,-1.2,7796.0,235.6,169.7
PRVU,4/2/2015,328.0,336.0,328.0,331.0,0.91,82404.0,235.6,169.7
PRVU,4/5/2015,331.0,336.0,329.0,335.0,1.21,9048.0,235.6,169.7
PRVU,4/6/2015,335.0,335.0,330.0,334.0,-0.3,8859.0,235.6,169.7
PRVU,4/7/2015,334.0,340.0,331.0,336.0,0.6,12508.0,235.6,169.7
PRVU,4/8/2015,336.0,343.0,332.0,342.0,1.79,22579.0,235.6,169.7
PRVU,4/9/2015,342.0,352.0,339.0,352.0,2.92,35860.0,235.6,169.7
PRVU,4/12/2015,352.0,362.0,348.0,361.0,2.56,34519.0,235.6,169.7
PRVU,4/13/2015,361.0,357.0,347.0,353.0,-2.22,18412.0,235.6,169.7
PRVU,4/15/2015,353.0,360.0,347.0,348.0,-1.42,5182.0,235.6,169.7
PRVU,4/16/2015,348.0,351.0,345.0,350.0,0.57,5886.0,235.6,169.7
PRVU,4/19/2015,350.0,358.0,344.0,344.0,-1.71,15309.0,235.6,169.7
PRVU,4/20/2015,344.0,350.0,344.0,348.0,1.16,25947.0,235.6,169.7
PRVU,4/21/2015,348.0,357.0,346.0,350.0,0.57,69861.0,235.6,169.7
PRVU,4/22/2015,350.0,356.0,346.0,352.0,0.57,10275.0,235.6,169.7
PRVU,4/23/2015,352.0,355.0,345.0,345.0,-1.99,15828.0,235.6,169.7
PRVU,5/24/2015,345.0,339.0,311.0,311.0,-9.86,110.0,235.6,169.7
PRVU,5/25/2015,311.0,305.0,280.0,280.0,-9.97,3527.0,235.6,169.7
PRVU,5/26/2015,280.0,304.0,270.0,287.0,2.5,33239.0,235.6,169.7
PRVU,5/27/2015,287.0,286.0,275.0,280.0,-2.44,9613.0,235.6,169.7
PRVU,5/28/2015,280.0,300.0,275.0,295.0,5.36,25968.0,235.6,169.7
PRVU,5/31/2015,295.0,311.0,297.0,310.0,5.08,28021.0,235.6,169.7
PRVU,6/1/2015,310.0,326.0,308.0,315.0,1.61,25940.0,235.6,169.7
PRVU,6/2/2015,315.0,321.0,310.0,321.0,1.9,14742.0,235.6,169.7
PRVU,6/3/2015,321.0,332.0,320.0,327.0,1.87,16535.0,235.6,169.7
PRVU,6/4/2015,327.0,337.0,321.0,321.0,-1.83,23373.0,235.6,169.7
PRVU,6/7/2015,321.0,332.0,321.0,331.0,3.12,40127.0,235.6,169.7
PRVU,6/8/2015,331.0,349.0,332.0,340.0,2.72,44051.0,235.6,169.7
PRVU,6/9/2015,340.0,359.0,340.0,346.0,1.76,40846.0,235.6,169.7
PRVU,6/10/2015,346.0,345.0,336.0,339.0,-2.02,28548.0,235.6,169.7
PRVU,6/11/2015,339.0,340.0,330.0,334.0,-1.47,14059.0,235.6,169.7
PRVU,6/14/2015,334.0,339.0,325.0,329.0,-1.5,7684.0,235.6,169.7
PRVU,6/15/2015,329.0,335.0,323.0,328.0,-0.3,14482.0,235.6,169.7
PRVU,6/16/2015,328.0,330.0,325.0,327.0,-0.3,12651.0,235.6,169.7
PRVU,6/17/2015,327.0,334.0,324.0,329.0,0.61,41105.0,235.6,169.7
PRVU,6/18/2015,329.0,335.0,324.0,324.0,-1.52,14249.0,235.6,169.7
PRVU,6/21/2015,324.0,326.0,320.0,323.0,-0.31,5825.0,235.6,169.7
PRVU,6/22/2015,323.0,327.0,320.0,326.0,0.93,12935.0,235.6,169.7
PRVU,6/23/2015,326.0,327.0,323.0,325.0,-0.31,7229.0,235.6,169.7
PRVU,6/24/2015,325.0,329.0,321.0,327.0,0.62,14749.0,235.6,169.7
PRVU,6/25/2015,327.0,332.0,323.0,327.0,0.0,15304.0,235.6,169.7
PRVU,6/28/2015,327.0,333.0,324.0,324.0,-0.92,23180.0,235.6,169.7
PRVU,6/29/2015,324.0,329.0,320.0,323.0,-0.31,24960.0,235.6,169.7
PRVU,6/30/2015,323.0,324.0,316.0,320.0,-0.93,14535.0,235.6,169.7
PRVU,7/1/2015,320.0,326.0,320.0,323.0,0.94,7123.0,235.6,169.7
PRVU,7/2/2015,323.0,323.0,316.0,318.0,-1.55,6419.0,235.6,169.7
PRVU,7/5/2015,318.0,323.0,315.0,317.0,-0.31,6756.0,235.6,169.7
PRVU,7/6/2015,317.0,318.0,310.0,315.0,-0.63,16946.0,235.6,169.7
PRVU,7/7/2015,315.0,320.0,312.0,318.0,0.95,20351.0,235.6,169.7
PRVU,7/8/2015,318.0,336.0,324.0,330.0,3.77,34472.0,235.6,169.7
PRVU,7/9/2015,330.0,340.0,329.0,331.0,0.3,77704.0,235.6,169.7
PRVU,7/12/2015,331.0,336.0,326.0,331.0,0.0,14531.0,235.6,169.7
PRVU,7/13/2015,331.0,334.0,330.0,333.0,0.6,14167.0,235.6,169.7
PRVU,7/14/2015,333.0,338.0,330.0,338.0,1.5,12223.0,235.6,169.7
PRVU,7/15/2015,338.0,348.0,338.0,340.0,0.59,46656.0,235.6,169.7
PRVU,7/16/2015,340.0,348.0,341.0,348.0,2.35,12066.0,235.6,169.7
PRVU,7/22/2015,348.0,360.0,350.0,357.0,2.59,41410.0,235.6,169.7
PRVU,7/23/2015,357.0,376.0,357.0,370.0,3.64,47383.0,235.6,169.7
PRVU,7/26/2015,370.0,407.0,377.0,407.0,10.0,100052.0,235.6,169.7
PRVU,7/27/2015,407.0,431.0,385.0,386.0,-5.16,98678.0,235.6,169.7
PRVU,7/28/2015,386.0,400.0,370.0,385.0,-0.26,43338.0,235.6,169.7
PRVU,7/29/2015,385.0,385.0,371.0,377.0,-2.08,11324.0,235.6,169.7
PRVU,7/30/2015,377.0,390.0,370.0,378.0,0.27,29557.0,235.6,169.7
PRVU,8/2/2015,378.0,390.0,373.0,388.0,2.65,14130.0,235.6,169.7
PRVU,8/3/2015,388.0,390.0,381.0,389.0,0.26,32041.0,235.6,169.7
PRVU,8/4/2015,389.0,394.0,383.0,384.0,-1.29,22976.0,235.6,169.7
PRVU,8/5/2015,384.0,386.0,375.0,385.0,0.26,25304.0,235.6,169.7
PRVU,8/6/2015,385.0,395.0,378.0,388.0,0.78,19735.0,235.6,169.7
PRVU,8/9/2015,388.0,406.0,390.0,395.0,1.8,54049.0,235.6,169.7
PRVU,8/10/2015,395.0,402.0,390.0,395.0,0.0,42658.0,235.6,169.7
PRVU,8/11/2015,395.0,399.0,385.0,393.0,-0.51,22817.0,235.6,169.7
PRVU,8/12/2015,393.0,395.0,375.0,382.0,-2.8,27437.0,235.6,169.7
PRVU,8/13/2015,382.0,388.0,376.0,387.0,1.31,38761.0,235.6,169.7
PRVU,8/16/2015,387.0,387.0,365.0,370.0,-4.39,50071.0,235.6,169.7
PRVU,8/17/2015,370.0,407.0,377.0,407.0,10.0,75252.0,235.6,169.7
PRVU,8/18/2015,407.0,438.0,408.0,436.0,7.13,64366.0,235.6,169.7
PRVU,8/19/2015,436.0,454.0,435.0,452.0,3.67,70388.0,235.6,169.7
PRVU,8/20/2015,452.0,497.0,461.0,470.0,3.98,151985.0,235.6,169.7
PRVU,8/23/2015,470.0,474.0,447.0,457.0,-2.77,114929.0,235.6,169.7
PRVU,8/24/2015,457.0,464.0,455.0,460.0,0.66,61147.0,235.6,169.7
PRVU,8/25/2015,460.0,456.0,440.0,451.0,-1.96,84902.0,235.6,169.7
PRVU,8/26/2015,451.0,466.0,446.0,450.0,-0.22,48053.0,235.6,169.7
PRVU,8/27/2015,450.0,459.0,445.0,449.0,-0.22,44253.0,235.6,169.7
PRVU,8/31/2015,449.0,451.0,440.0,442.0,-1.56,43583.0,235.6,169.7
PRVU,9/1/2015,442.0,450.0,436.0,438.0,-0.9,55254.0,235.6,169.7
PRVU,9/2/2015,438.0,443.0,430.0,433.0,-1.14,34816.0,235.6,169.7
PRVU,9/3/2015,433.0,436.0,430.0,433.0,0.0,15035.0,235.6,169.7
PRVU,9/6/2015,433.0,436.0,415.0,421.0,-2.77,122545.0,235.6,169.7
PRVU,9/7/2015,421.0,429.0,426.0,426.0,1.19,12048.0,235.6,169.7
PRVU,9/8/2015,426.0,430.0,424.0,426.0,0.0,21942.0,235.6,169.7
PRVU,9/9/2015,426.0,428.0,424.0,428.0,0.47,15116.0,235.6,169.7
PRVU,9/10/2015,428.0,431.0,422.0,422.0,-1.4,18665.0,235.6,169.7
PRVU,9/13/2015,422.0,433.0,424.0,425.0,0.71,15841.0,235.6,169.7
PRVU,9/14/2015,425.0,447.0,425.0,428.0,0.71,30202.0,235.6,169.7
PRVU,9/15/2015,428.0,437.0,430.0,433.0,1.17,15007.0,235.6,169.7
PRVU,9/16/2015,433.0,435.0,428.0,430.0,-0.69,16634.0,235.6,169.7
PRVU,9/17/2015,430.0,436.0,425.0,425.0,-1.16,29984.0,235.6,169.7
PRVU,9/22/2015,425.0,425.0,408.0,408.0,-4.0,25981.0,235.6,169.7
PRVU,9/23/2015,408.0,432.0,413.0,421.0,3.19,20070.0,235.6,169.7
PRVU,9/24/2015,421.0,422.0,410.0,416.0,-1.19,31173.0,235.6,169.7
PRVU,9/28/2015,416.0,415.0,393.0,406.0,-2.4,15985.0,235.6,169.7
PRVU,9/29/2015,406.0,415.0,409.0,415.0,2.22,10714.0,235.6,169.7
PRVU,9/30/2015,415.0,430.0,410.0,415.0,0.0,12782.0,235.6,169.7
PRVU,10/4/2016,399.0,438.0,406.0,438.0,5.54,5050.0,235.6,169.7
PRVU,1/15/2017,438.0,430.0,395.0,395.0,-9.82,2320.0,235.6,169.7
PRVU,1/16/2017,395.0,388.0,356.0,356.0,-9.87,12265.0,235.6,169.7
PRVU,1/17/2017,356.0,360.0,331.0,344.0,-3.37,203761.0,235.6,169.7
PRVU,1/18/2017,344.0,355.0,345.0,347.0,0.87,104527.0,235.6,169.7
PRVU,1/19/2017,347.0,351.0,345.0,345.0,-0.58,61707.0,235.6,169.7
PRVU,1/22/2017,345.0,346.0,340.0,340.0,-1.45,40325.0,235.6,169.7
PRVU,1/23/2017,340.0,344.0,328.0,330.0,-2.94,76861.0,235.6,169.7
PRVU,1/24/2017,330.0,335.0,316.0,319.0,-3.33,99838.0,235.6,169.7
PRVU,1/25/2017,319.0,315.0,300.0,309.0,-3.13,61703.0,235.6,169.7
PRVU,1/26/2017,309.0,314.0,297.0,306.0,-0.97,103153.0,235.6,169.7
PRVU,1/30/2017,306.0,312.0,291.0,291.0,-4.9,82391.0,235.6,169.7
PRVU,1/31/2017,291.0,305.0,281.0,299.0,2.75,77906.0,235.6,169.7
PRVU,2/1/2017,299.0,318.0,300.0,318.0,6.35,72030.0,235.6,169.7
PRVU,2/2/2017,318.0,330.0,308.0,314.0,-1.26,94581.0,235.6,169.7
PRVU,2/5/2017,314.0,310.0,300.0,306.0,-2.55,52132.0,235.6,169.7
PRVU,2/6/2017,306.0,308.0,300.0,301.0,-1.63,44870.0,235.6,169.7
PRVU,2/7/2017,301.0,306.0,298.0,300.0,-0.33,73634.0,235.6,169.7
PRVU,2/8/2017,300.0,305.0,294.0,297.0,-1.0,84502.0,235.6,169.7
PRVU,2/9/2017,297.0,300.0,295.0,297.0,0.0,110428.0,235.6,169.7
PRVU,2/12/2017,297.0,299.0,285.0,286.0,-3.7,87546.0,235.6,169.7
PRVU,2/13/2017,286.0,300.0,281.0,297.0,3.85,70157.0,235.6,169.7
PRVU,2/14/2017,297.0,301.0,290.0,300.0,1.01,91776.0,235.6,169.7
PRVU,2/15/2017,300.0,309.0,297.0,306.0,2.0,77091.0,235.6,169.7
PRVU,2/16/2017,306.0,317.0,305.0,310.0,1.31,106498.0,235.6,169.7
PRVU,2/19/2017,310.0,317.0,307.0,315.0,1.61,82819.0,235.6,169.7
PRVU,2/20/2017,315.0,325.0,310.0,315.0,0.0,85791.0,235.6,169.7
PRVU,2/21/2017,315.0,327.0,311.0,315.0,0.0,60335.0,235.6,169.7
PRVU,2/22/2017,315.0,316.0,307.0,311.0,-1.27,37129.0,235.6,169.7
PRVU,2/23/2017,311.0,314.0,308.0,310.0,-0.32,32289.0,235.6,169.7
PRVU,2/26/2017,310.0,312.0,306.0,308.0,-0.65,16542.0,235.6,169.7
PRVU,2/28/2017,308.0,309.0,300.0,305.0,-0.97,31507.0,235.6,169.7
PRVU,3/1/2017,305.0,308.0,305.0,308.0,0.98,16689.0,235.6,169.7
PRVU,3/2/2017,308.0,310.0,306.0,309.0,0.32,17311.0,235.6,169.7
PRVU,3/5/2017,309.0,315.0,308.0,309.0,0.0,43334.0,235.6,169.7
PRVU,3/6/2017,309.0,317.0,310.0,314.0,1.62,52818.0,235.6,169.7
PRVU,3/7/2017,314.0,312.0,303.0,307.0,-2.23,17251.0,235.6,169.7
PRVU,3/9/2017,307.0,311.0,305.0,308.0,0.33,34434.0,235.6,169.7
PRVU,3/13/2017,308.0,313.0,307.0,307.0,-0.32,21332.0,235.6,169.7
PRVU,3/14/2017,307.0,313.0,306.0,307.0,0.0,21465.0,235.6,169.7
PRVU,3/15/2017,307.0,312.0,304.0,310.0,0.98,10706.0,235.6,169.7
PRVU,3/16/2017,310.0,313.0,308.0,310.0,0.0,28852.0,235.6,169.7
PRVU,3/19/2017,310.0,321.0,310.0,320.0,3.23,51135.0,235.6,169.7
PRVU,3/20/2017,320.0,335.0,314.0,335.0,4.69,347309.0,235.6,169.7
PRVU,3/21/2017,335.0,347.0,322.0,341.0,1.79,79880.0,235.6,169.7
PRVU,3/22/2017,341.0,359.0,335.0,344.0,0.88,119863.0,235.6,169.7
PRVU,3/23/2017,344.0,348.0,335.0,345.0,0.29,68352.0,235.6,169.7
PRVU,3/26/2017,345.0,375.0,351.0,370.0,7.25,107957.0,235.6,169.7
PRVU,3/28/2017,370.0,400.0,372.0,398.0,7.57,128326.0,235.6,169.7
PRVU,3/29/2017,398.0,413.0,384.0,388.0,-2.51,160475.0,235.6,169.7
PRVU,3/30/2017,388.0,400.0,375.0,386.0,-0.52,93263.0,235.6,169.7
PRVU,4/2/2017,386.0,424.0,392.0,424.0,9.84,93223.0,235.6,169.7
PRVU,4/3/2017,424.0,440.0,405.0,408.0,-3.77,160931.0,235.6,169.7
PRVU,4/4/2017,408.0,418.0,390.0,404.0,-0.98,131554.0,235.6,169.7
PRVU,4/6/2017,404.0,417.0,400.0,412.0,1.98,75831.0,235.6,169.7
PRVU,4/9/2017,412.0,424.0,410.0,415.0,0.73,119447.0,235.6,169.7
PRVU,4/10/2017,415.0,420.0,412.0,417.0,0.48,95667.0,235.6,169.7
PRVU,4/11/2017,417.0,430.0,415.0,430.0,3.12,188004.0,235.6,169.7
PRVU,4/12/2017,430.0,445.0,428.0,430.0,0.0,188380.0,235.6,169.7
PRVU,4/13/2017,430.0,439.0,416.0,429.0,-0.23,105586.0,235.6,169.7
PRVU,4/16/2017,429.0,435.0,411.0,415.0,-3.26,82866.0,235.6,169.7
PRVU,4/18/2017,415.0,417.0,400.0,409.0,-1.45,93996.0,235.6,169.7
PRVU,4/19/2017,409.0,428.0,406.0,426.0,4.16,71030.0,235.6,169.7
PRVU,4/20/2017,426.0,440.0,426.0,430.0,0.94,184776.0,235.6,169.7
PRVU,4/23/2017,430.0,460.0,438.0,442.0,2.79,171131.0,235.6,169.7
PRVU,4/24/2017,442.0,450.0,433.0,435.0,-1.58,90060.0,235.6,169.7
PRVU,4/25/2017,435.0,440.0,427.0,431.0,-0.92,111712.0,235.6,169.7
PRVU,4/26/2017,431.0,437.0,425.0,430.0,-0.23,76451.0,235.6,169.7
PRVU,4/27/2017,430.0,437.0,423.0,433.0,0.7,97827.0,235.6,169.7
PRVU,4/30/2017,433.0,441.0,421.0,425.0,-1.85,50916.0,235.6,169.7
PRVU,5/2/2017,425.0,432.0,417.0,427.0,0.47,53112.0,235.6,169.7
PRVU,5/3/2017,427.0,436.0,424.0,425.0,-0.47,56402.0,235.6,169.7
PRVU,5/4/2017,425.0,431.0,420.0,424.0,-0.24,95625.0,235.6,169.7
PRVU,5/7/2017,424.0,428.0,415.0,416.0,-1.89,60729.0,235.6,169.7
PRVU,5/8/2017,416.0,422.0,413.0,420.0,0.96,31734.0,235.6,169.7
PRVU,5/9/2017,420.0,422.0,415.0,421.0,0.24,61773.0,235.6,169.7
PRVU,5/11/2017,421.0,427.0,420.0,425.0,0.95,48861.0,235.6,169.7
PRVU,5/15/2017,425.0,435.0,418.0,427.0,0.47,25016.0,235.6,169.7
PRVU,5/16/2017,427.0,425.0,418.0,423.0,-0.94,35079.0,235.6,169.7
PRVU,5/17/2017,423.0,427.0,418.0,419.0,-0.95,28466.0,235.6,169.7
PRVU,5/18/2017,419.0,421.0,415.0,419.0,0.0,28637.0,235.6,169.7
PRVU,5/21/2017,419.0,425.0,413.0,415.0,-0.95,33530.0,235.6,169.7
PRVU,5/22/2017,415.0,415.0,405.0,410.0,-1.2,41474.0,235.6,169.7
PRVU,5/23/2017,410.0,418.0,409.0,414.0,0.98,47752.0,235.6,169.7
PRVU,5/24/2017,414.0,419.0,412.0,417.0,0.72,41570.0,235.6,169.7
PRVU,5/28/2017,417.0,417.0,411.0,413.0,-0.96,32594.0,235.6,169.7
PRVU,5/30/2017,413.0,417.0,409.0,414.0,0.24,85599.0,235.6,169.7
PRVU,5/31/2017,414.0,418.0,408.0,410.0,-0.97,53308.0,235.6,169.7
PRVU,6/1/2017,410.0,418.0,411.0,415.0,1.22,30918.0,235.6,169.7
PRVU,6/4/2017,415.0,415.0,409.0,410.0,-1.2,32028.0,235.6,169.7
PRVU,6/5/2017,410.0,417.0,411.0,413.0,0.73,29263.0,235.6,169.7
PRVU,6/6/2017,413.0,421.0,415.0,420.0,1.69,39026.0,235.6,169.7
PRVU,6/7/2017,420.0,430.0,415.0,415.0,-1.19,32051.0,235.6,169.7
PRVU,6/8/2017,415.0,417.0,411.0,414.0,-0.24,26701.0,235.6,169.7
PRVU,6/11/2017,414.0,416.0,404.0,407.0,-1.69,34482.0,235.6,169.7
PRVU,6/12/2017,407.0,410.0,400.0,406.0,-0.25,26234.0,235.6,169.7
PRVU,6/13/2017,406.0,411.0,403.0,408.0,0.49,21591.0,235.6,169.7
PRVU,6/14/2017,408.0,410.0,403.0,406.0,-0.49,24174.0,235.6,169.7
PRVU,6/15/2017,406.0,414.0,401.0,404.0,-0.49,35098.0,235.6,169.7
PRVU,6/18/2017,404.0,405.0,396.0,402.0,-0.5,57026.0,235.6,169.7
PRVU,6/19/2017,402.0,402.0,394.0,394.0,-1.99,20819.0,235.6,169.7
PRVU,6/20/2017,394.0,398.0,389.0,398.0,1.02,39656.0,235.6,169.7
PRVU,6/21/2017,398.0,403.0,394.0,398.0,0.0,14798.0,235.6,169.7
PRVU,6/22/2017,398.0,403.0,399.0,400.0,0.5,27917.0,235.6,169.7
PRVU,6/25/2017,400.0,405.0,396.0,400.0,0.0,33115.0,235.6,169.7
PRVU,6/27/2017,400.0,402.0,395.0,400.0,0.0,21352.0,235.6,169.7
PRVU,6/28/2017,400.0,402.0,396.0,399.0,-0.25,14065.0,235.6,169.7
PRVU,7/2/2017,399.0,400.0,388.0,393.0,-1.5,25315.0,235.6,169.7
PRVU,7/3/2017,393.0,400.0,391.0,395.0,0.51,17798.0,235.6,169.7
PRVU,7/4/2017,395.0,397.0,390.0,390.0,-1.27,26703.0,235.6,169.7
PRVU,7/5/2017,390.0,400.0,390.0,400.0,2.56,20010.0,235.6,169.7
PRVU,7/6/2017,400.0,405.0,399.0,402.0,0.5,28988.0,235.6,169.7
PRVU,7/9/2017,402.0,418.0,396.0,410.0,1.99,54555.0,235.6,169.7
PRVU,7/10/2017,410.0,409.0,401.0,401.0,-2.2,20882.0,235.6,169.7
PRVU,7/11/2017,401.0,407.0,399.0,407.0,1.5,9267.0,235.6,169.7
PRVU,7/12/2017,407.0,411.0,404.0,410.0,0.74,45685.0,235.6,169.7
PRVU,7/13/2017,410.0,410.0,405.0,406.0,-0.98,14448.0,235.6,169.7
PRVU,7/16/2017,406.0,409.0,405.0,406.0,0.0,12059.0,235.6,169.7
PRVU,7/17/2017,406.0,411.0,405.0,410.0,0.99,22881.0,235.6,169.7
PRVU,7/18/2017,410.0,418.0,406.0,413.0,0.73,27940.0,235.6,169.7
PRVU,7/19/2017,413.0,417.0,410.0,411.0,-0.48,31640.0,235.6,169.7
PRVU,7/20/2017,411.0,412.0,402.0,404.0,-1.7,44658.0,235.6,169.7
PRVU,7/23/2017,404.0,411.0,400.0,404.0,0.0,26471.0,235.6,169.7
PRVU,7/24/2017,404.0,406.0,398.0,399.0,-1.24,33649.0,235.6,169.7
PRVU,7/25/2017,399.0,403.0,397.0,399.0,0.0,27551.0,235.6,169.7
PRVU,7/26/2017,399.0,402.0,395.0,399.0,0.0,22853.0,235.6,169.7
PRVU,7/27/2017,399.0,405.0,395.0,400.0,0.25,27102.0,235.6,169.7
PRVU,7/30/2017,400.0,403.0,394.0,399.0,-0.25,22329.0,235.6,169.7
PRVU,7/31/2017,399.0,404.0,398.0,398.0,-0.25,16971.0,235.6,169.7
PRVU,8/1/2017,398.0,404.0,395.0,401.0,0.75,82293.0,235.6,169.7
PRVU,8/2/2017,401.0,404.0,400.0,401.0,0.0,32162.0,235.6,169.7
PRVU,8/3/2017,401.0,405.0,393.0,397.0,-1.0,47330.0,235.6,169.7
PRVU,8/6/2017,397.0,409.0,398.0,400.0,0.76,48551.0,235.6,169.7
PRVU,8/7/2017,400.0,401.0,397.0,400.0,0.0,58519.0,235.6,169.7
PRVU,8/9/2017,400.0,404.0,398.0,400.0,0.0,21527.0,235.6,169.7
PRVU,8/10/2017,400.0,400.0,396.0,397.0,-0.75,22440.0,235.6,169.7
PRVU,8/13/2017,397.0,402.0,395.0,397.0,0.0,29321.0,235.6,169.7
PRVU,8/15/2017,397.0,397.0,390.0,392.0,-1.26,21309.0,235.6,169.7
PRVU,8/16/2017,392.0,399.0,392.0,395.0,0.77,21526.0,235.6,169.7
PRVU,8/17/2017,395.0,400.0,392.0,395.0,0.0,18959.0,235.6,169.7
PRVU,8/20/2017,395.0,400.0,390.0,392.0,-0.76,20905.0,235.6,169.7
PRVU,8/21/2017,392.0,393.0,385.0,385.0,-1.79,23527.0,235.6,169.7
PRVU,8/22/2017,385.0,390.0,384.0,386.0,0.26,20417.0,235.6,169.7
PRVU,8/23/2017,386.0,391.0,386.0,390.0,1.04,13706.0,235.6,169.7
PRVU,8/24/2017,390.0,392.0,385.0,390.0,0.0,27786.0,235.6,169.7
PRVU,8/27/2017,390.0,397.0,389.0,391.0,0.26,21318.0,235.6,169.7
PRVU,8/28/2017,391.0,398.0,382.0,383.0,-2.05,28991.0,235.6,169.7
PRVU,8/30/2017,383.0,384.0,376.0,380.0,-0.78,31329.0,235.6,169.7
PRVU,8/31/2017,380.0,382.0,374.0,375.0,-1.32,26774.0,235.6,169.7
PRVU,9/4/2017,375.0,385.0,370.0,372.0,-0.8,27778.0,235.6,169.7
PRVU,9/6/2017,372.0,379.0,365.0,370.0,-0.54,21844.0,235.6,169.7
PRVU,9/7/2017,370.0,378.0,360.0,361.0,-2.43,12651.0,235.6,169.7
PRVU,9/10/2017,361.0,367.0,352.0,353.0,-2.22,29778.0,235.6,169.7
PRVU,9/11/2017,353.0,360.0,350.0,360.0,1.98,29717.0,235.6,169.7
PRVU,9/12/2017,360.0,361.0,348.0,355.0,-1.39,24245.0,235.6,169.7
PRVU,9/13/2017,355.0,357.0,347.0,350.0,-1.41,27337.0,235.6,169.7
PRVU,9/14/2017,350.0,364.0,350.0,364.0,4.0,15802.0,235.6,169.7
PRVU,9/17/2017,364.0,376.0,366.0,376.0,3.3,32885.0,235.6,169.7
PRVU,9/18/2017,376.0,380.0,372.0,372.0,-1.06,11857.0,235.6,169.7
PRVU,9/20/2017,372.0,377.0,366.0,370.0,-0.54,16906.0,235.6,169.7
PRVU,9/24/2017,370.0,376.0,369.0,370.0,0.0,14961.0,235.6,169.7
PRVU,9/25/2017,370.0,384.0,370.0,379.0,2.43,9616.0,235.6,169.7
PRVU,9/26/2017,379.0,390.0,380.0,385.0,1.58,5625.0,235.6,169.7
PRVU,10/3/2017,385.0,392.0,380.0,383.0,-0.52,1964.0,235.6,169.7
PRVU,10/4/2017,383.0,382.0,375.0,377.0,-1.57,4926.0,235.6,169.7
PRVU,10/8/2017,377.0,370.0,358.0,367.0,-2.65,14716.0,235.6,169.7
PRVU,10/9/2017,367.0,367.0,355.0,363.0,-1.09,9837.0,235.6,169.7
PRVU,10/10/2017,363.0,367.0,363.0,365.0,0.55,10236.0,235.6,169.7
PRVU,10/11/2017,365.0,368.0,361.0,365.0,0.0,9572.0,235.6,169.7
PRVU,10/12/2017,365.0,365.0,361.0,363.0,-0.55,9675.0,235.6,169.7
PRVU,10/15/2017,363.0,367.0,360.0,365.0,0.55,7970.0,235.6,169.7
PRVU,10/16/2017,365.0,376.0,365.0,376.0,3.01,12470.0,235.6,169.7
PRVU,10/17/2017,376.0,381.0,370.0,378.0,0.53,10816.0,235.6,169.7
PRVU,10/18/2017,378.0,385.0,373.0,385.0,1.85,22572.0,235.6,169.7
PRVU,10/22/2017,385.0,391.0,382.0,388.0,0.78,8389.0,235.6,169.7
PRVU,10/23/2017,388.0,390.0,383.0,389.0,0.26,11154.0,235.6,169.7
PRVU,10/24/2017,389.0,390.0,380.0,382.0,-1.8,9257.0,235.6,169.7
PRVU,10/25/2017,382.0,384.0,376.0,380.0,-0.52,24847.0,235.6,169.7
PRVU,10/29/2017,380.0,382.0,372.0,374.0,-1.58,12083.0,235.6,169.7
PRVU,10/30/2017,374.0,375.0,370.0,372.0,-0.53,13820.0,235.6,169.7
PRVU,10/31/2017,372.0,377.0,366.0,370.0,-0.54,15714.0,235.6,169.7
PRVU,11/1/2017,370.0,369.0,362.0,364.0,-1.62,27554.0,235.6,169.7
PRVU,11/2/2017,364.0,367.0,362.0,365.0,0.27,21377.0,235.6,169.7
PRVU,11/5/2017,365.0,369.0,352.0,355.0,-2.74,40530.0,235.6,169.7
PRVU,11/6/2017,355.0,360.0,350.0,356.0,0.28,25034.0,235.6,169.7
PRVU,11/7/2017,356.0,362.0,351.0,351.0,-1.4,26130.0,235.6,169.7
PRVU,11/8/2017,351.0,350.0,340.0,345.0,-1.71,66941.0,235.6,169.7
PRVU,11/9/2017,345.0,348.0,339.0,346.0,0.29,18437.0,235.6,169.7
PRVU,11/12/2017,346.0,348.0,339.0,348.0,0.58,8396.0,235.6,169.7
PRVU,11/13/2017,348.0,352.0,345.0,351.0,0.86,16818.0,235.6,169.7
PRVU,11/14/2017,351.0,359.0,352.0,355.0,1.14,27922.0,235.6,169.7
PRVU,11/15/2017,355.0,362.0,350.0,350.0,-1.41,14231.0,235.6,169.7
PRVU,11/16/2017,350.0,350.0,343.0,346.0,-1.14,8489.0,235.6,169.7
PRVU,11/19/2017,346.0,351.0,340.0,343.0,-0.87,14089.0,235.6,169.7
PRVU,11/20/2017,343.0,348.0,340.0,343.0,0.0,8597.0,235.6,169.7
PRVU,11/21/2017,343.0,347.0,341.0,344.0,0.29,7825.0,235.6,169.7
PRVU,11/22/2017,344.0,347.0,343.0,344.0,0.0,15406.0,235.6,169.7
PRVU,11/23/2017,344.0,350.0,343.0,346.0,0.58,9893.0,235.6,169.7
PRVU,11/26/2017,346.0,354.0,346.0,352.0,1.73,11203.0,235.6,169.7
PRVU,11/27/2017,352.0,356.0,352.0,354.0,0.57,18408.0,235.6,169.7
PRVU,11/28/2017,354.0,356.0,352.0,355.0,0.28,11860.0,235.6,169.7
PRVU,11/29/2017,355.0,370.0,355.0,356.0,0.28,19748.0,235.6,169.7
PRVU,11/30/2017,356.0,359.0,354.0,354.0,-0.56,22762.0,235.6,169.7
PRVU,12/4/2017,354.0,360.0,351.0,353.0,-0.28,19726.0,235.6,169.7
PRVU,12/5/2017,353.0,360.0,350.0,353.0,0.0,8842.0,235.6,169.7
PRVU,12/6/2017,353.0,360.0,350.0,357.0,1.13,10385.0,235.6,169.7
PRVU,12/10/2017,357.0,369.0,353.0,358.0,0.28,30480.0,235.6,169.7
PRVU,12/11/2017,358.0,360.0,351.0,360.0,0.56,26647.0,235.6,169.7
PRVU,12/12/2017,360.0,360.0,351.0,351.0,-2.5,10352.0,235.6,169.7
PRVU,12/13/2017,351.0,355.0,348.0,355.0,1.14,8972.0,235.6,169.7
PRVU,12/14/2017,355.0,355.0,350.0,352.0,-0.85,8549.0,235.6,169.7
PRVU,12/17/2017,352.0,355.0,349.0,349.0,-0.85,5813.0,235.6,169.7
PRVU,12/18/2017,349.0,351.0,347.0,347.0,-0.57,16438.0,235.6,169.7
PRVU,12/19/2017,347.0,348.0,345.0,347.0,0.0,9921.0,235.6,169.7
PRVU,12/20/2017,347.0,350.0,346.0,347.0,0.0,7077.0,235.6,169.7
PRVU,12/21/2017,347.0,355.0,347.0,352.0,1.44,22118.0,235.6,169.7
PRVU,12/24/2017,352.0,366.0,342.0,344.0,-2.27,29908.0,235.6,169.7
PRVU,12/26/2017,344.0,345.0,332.0,336.0,-2.33,36535.0,235.6,169.7
PRVU,12/27/2017,336.0,332.0,320.0,321.0,-4.46,89288.0,235.6,169.7
PRVU,12/28/2017,321.0,332.0,316.0,325.0,1.25,45656.0,235.6,169.7
PRVU,12/31/2017,325.0,326.0,318.0,321.0,-1.23,32439.0,235.6,169.7
PRVU,1/1/2018,321.0,327.0,319.0,325.0,1.25,82802.0,235.6,169.7
PRVU,1/2/2018,325.0,332.0,321.0,321.0,-1.23,115810.0,235.6,169.7
PRVU,1/3/2018,321.0,328.0,316.0,318.0,-0.93,121421.0,235.6,169.7
PRVU,1/4/2018,318.0,320.0,312.0,317.0,-0.31,181760.0,235.6,169.7
PRVU,1/7/2018,255.0,255.0,250.0,254.0,-19.87,29663.0,235.6,169.7
PRVU,1/8/2018,254.0,255.0,250.0,254.0,0.0,28835.0,235.6,169.7
PRVU,1/9/2018,254.0,258.0,253.0,258.0,1.57,12851.0,235.6,169.7
PRVU,1/10/2018,258.0,261.0,252.0,256.0,-0.78,11441.0,235.6,169.7
PRVU,1/14/2018,256.0,252.0,248.0,250.0,-2.34,11203.0,235.6,169.7
PRVU,1/16/2018,250.0,251.0,246.0,246.0,-1.6,11639.0,235.6,169.7
PRVU,1/17/2018,246.0,245.0,242.0,242.0,-1.63,10858.0,235.6,169.7
PRVU,1/21/2018,242.0,247.0,236.0,236.0,-2.48,15708.0,235.6,169.7
PRVU,1/22/2018,236.0,236.0,233.0,234.0,-0.85,15289.0,235.6,169.7
PRVU,1/23/2018,234.0,246.0,230.0,232.0,-0.85,12088.0,235.6,169.7
PRVU,1/24/2018,232.0,236.0,228.0,232.0,0.0,35057.0,235.6,169.7
PRVU,1/25/2018,232.0,237.0,228.0,235.0,1.29,13608.0,235.6,169.7
PRVU,1/28/2018,235.0,240.0,233.0,237.0,0.85,9376.0,235.6,169.7
PRVU,1/29/2018,237.0,235.0,232.0,232.0,-2.11,20513.0,235.6,169.7
PRVU,1/31/2018,232.0,234.0,230.0,233.0,0.43,8560.0,235.6,169.7
PRVU,2/1/2018,233.0,239.0,231.0,235.0,0.86,11872.0,235.6,169.7
PRVU,2/4/2018,235.0,235.0,232.0,235.0,0.0,11450.0,235.6,169.7
PRVU,2/5/2018,235.0,235.0,231.0,234.0,-0.43,7427.0,235.6,169.7
PRVU,2/6/2018,234.0,232.0,230.0,232.0,-0.85,10834.0,235.6,169.7
PRVU,2/7/2018,232.0,236.0,231.0,231.0,-0.43,3050.0,235.6,169.7
PRVU,2/8/2018,231.0,233.0,227.0,229.0,-0.87,11380.0,235.6,169.7
PRVU,2/11/2018,229.0,233.0,227.0,229.0,0.0,13464.0,235.6,169.7
PRVU,2/12/2018,229.0,229.0,225.0,225.0,-1.75,16032.0,235.6,169.7
PRVU,2/14/2018,225.0,230.0,224.0,228.0,1.33,232496.0,235.6,169.7
PRVU,2/15/2018,228.0,238.0,229.0,238.0,4.39,31223.0,235.6,169.7
PRVU,2/18/2018,242.0,245.0,233.0,234.0,-1.68,38574.0,235.6,169.7
PRVU,2/20/2018,238.0,240.0,229.0,229.0,-2.14,25129.0,235.6,169.7
PRVU,2/21/2018,229.0,231.0,228.0,228.0,-0.44,13291.0,235.6,169.7
PRVU,2/22/2018,229.0,231.0,226.0,230.0,0.88,13678.0,235.6,169.7
PRVU,2/25/2018,228.0,230.0,228.0,228.0,-0.87,9310.0,235.6,169.7
PRVU,2/26/2018,224.0,230.0,224.0,228.0,0.0,262688.0,235.6,169.7
PRVU,2/27/2018,225.0,233.0,224.0,230.0,0.88,271731.0,235.6,169.7
PRVU,2/28/2018,230.0,230.0,225.0,227.0,-1.3,268612.0,235.6,169.7
PRVU,3/4/2018,224.0,224.0,214.0,217.0,-4.41,42295.0,235.6,169.7
PRVU,3/5/2018,220.0,222.0,215.0,217.0,0.0,13176.0,235.6,169.7
PRVU,3/6/2018,217.0,221.0,214.0,220.0,1.38,31464.0,235.6,169.7
PRVU,3/7/2018,220.0,224.0,219.0,221.0,0.45,27415.0,235.6,169.7
PRVU,3/11/2018,219.0,219.0,214.0,215.0,-2.71,9290.0,235.6,169.7
PRVU,3/12/2018,215.0,217.0,212.0,216.0,0.47,11618.0,235.6,169.7
PRVU,3/13/2018,218.0,219.0,216.0,216.0,0.0,7992.0,235.6,169.7
PRVU,3/14/2018,216.0,219.0,215.0,218.0,0.93,6238.0,235.6,169.7
PRVU,3/15/2018,220.0,221.0,218.0,218.0,0.0,10337.0,235.6,169.7
PRVU,3/18/2018,218.0,219.0,215.0,216.0,-0.92,15244.0,235.6,169.7
PRVU,3/19/2018,216.0,216.0,213.0,215.0,-0.46,12343.0,235.6,169.7
PRVU,3/20/2018,215.0,215.0,210.0,213.0,-0.93,11098.0,235.6,169.7
PRVU,3/21/2018,212.0,212.0,206.0,210.0,-1.41,14507.0,235.6,169.7
PRVU,3/22/2018,207.0,214.0,203.0,208.0,-0.95,20962.0,235.6,169.7
PRVU,3/26/2018,205.0,205.0,198.0,200.0,-3.85,36961.0,235.6,169.7
PRVU,3/27/2018,198.0,213.0,196.0,207.0,3.5,26563.0,235.6,169.7
PRVU,3/28/2018,211.0,215.0,203.0,212.0,2.42,24367.0,235.6,169.7
PRVU,3/29/2018,214.0,216.0,210.0,212.0,0.0,11034.0,235.6,169.7
PRVU,4/1/2018,213.0,213.0,205.0,209.0,-1.42,11676.0,235.6,169.7
PRVU,4/2/2018,207.0,210.0,206.0,208.0,-0.48,4342.0,235.6,169.7
PRVU,4/3/2018,212.0,212.0,208.0,210.0,0.96,7342.0,235.6,169.7
PRVU,4/4/2018,214.0,216.0,211.0,213.0,1.43,10208.0,235.6,169.7
PRVU,4/5/2018,217.0,220.0,215.0,219.0,2.82,18657.0,235.6,169.7
PRVU,4/8/2018,220.0,227.0,218.0,224.0,2.28,32154.0,235.6,169.7
PRVU,4/9/2018,228.0,232.0,220.0,220.0,-1.79,41978.0,235.6,169.7
PRVU,4/10/2018,224.0,227.0,216.0,217.0,-1.36,13848.0,235.6,169.7
PRVU,4/11/2018,215.0,220.0,214.0,218.0,0.46,9909.0,235.6,169.7
PRVU,4/12/2018,218.0,222.0,214.0,220.0,0.92,16133.0,235.6,169.7
PRVU,4/15/2018,216.0,219.0,215.0,216.0,-1.82,8969.0,235.6,169.7
PRVU,4/16/2018,216.0,218.0,214.0,216.0,0.0,21534.0,235.6,169.7
PRVU,4/17/2018,220.0,220.0,217.0,218.0,0.93,12231.0,235.6,169.7
PRVU,4/18/2018,221.0,232.0,217.0,223.0,2.29,36882.0,235.6,169.7
PRVU,4/19/2018,227.0,235.0,224.0,234.0,4.93,50041.0,235.6,169.7
PRVU,4/22/2018,238.0,247.0,232.0,247.0,5.56,45965.0,235.6,169.7
PRVU,4/23/2018,246.0,250.0,228.0,235.0,-4.86,44950.0,235.6,169.7
PRVU,4/24/2018,233.0,238.0,230.0,230.0,-2.13,19753.0,235.6,169.7
PRVU,4/25/2018,230.0,233.0,227.0,227.0,-1.3,10538.0,235.6,169.7
PRVU,4/26/2018,225.0,231.0,222.0,225.0,-0.88,14465.0,235.6,169.7
PRVU,4/29/2018,221.0,224.0,214.0,214.0,-4.89,45796.0,235.6,169.7
PRVU,5/2/2018,216.0,220.0,215.0,220.0,2.8,17480.0,235.6,169.7
PRVU,5/3/2018,220.0,225.0,220.0,222.0,0.91,18396.0,235.6,169.7
PRVU,5/6/2018,220.0,221.0,218.0,219.0,-1.35,7398.0,235.6,169.7
PRVU,5/7/2018,219.0,219.0,216.0,218.0,-0.46,11517.0,235.6,169.7
PRVU,5/8/2018,219.0,222.0,215.0,222.0,1.83,20368.0,235.6,169.7
PRVU,5/9/2018,219.0,221.0,215.0,217.0,-2.25,13713.0,235.6,169.7
PRVU,5/10/2018,217.0,217.0,215.0,217.0,0.0,5336.0,235.6,169.7
PRVU,5/14/2018,217.0,218.0,215.0,215.0,-0.92,5442.0,235.6,169.7
PRVU,5/15/2018,216.0,216.0,214.0,215.0,0.0,4716.0,235.6,169.7
PRVU,5/16/2018,215.0,217.0,213.0,214.0,-0.47,4857.0,235.6,169.7
PRVU,5/17/2018,215.0,218.0,213.0,214.0,0.0,5722.0,235.6,169.7
PRVU,5/20/2018,217.0,217.0,213.0,215.0,0.47,8205.0,235.6,169.7
PRVU,5/21/2018,214.0,214.0,211.0,211.0,-1.86,7039.0,235.6,169.7
PRVU,5/22/2018,211.0,214.0,210.0,214.0,1.42,10929.0,235.6,169.7
PRVU,5/23/2018,212.0,213.0,210.0,210.0,-1.87,28216.0,235.6,169.7
PRVU,5/24/2018,211.0,212.0,206.0,208.0,-0.95,17892.0,235.6,169.7
PRVU,5/27/2018,209.0,209.0,205.0,208.0,0.0,21416.0,235.6,169.7
PRVU,5/28/2018,207.0,219.0,206.0,219.0,5.29,34862.0,235.6,169.7
PRVU,5/29/2018,223.0,226.0,213.0,215.0,-1.83,11363.0,235.6,169.7
PRVU,5/30/2018,212.0,218.0,208.0,210.0,-2.33,20910.0,235.6,169.7
PRVU,5/31/2018,211.0,213.0,208.0,209.0,-0.48,17317.0,235.6,169.7
PRVU,6/3/2018,206.0,209.0,203.0,207.0,-0.96,26117.0,235.6,169.7
PRVU,6/4/2018,203.0,207.0,201.0,207.0,0.0,15090.0,235.6,169.7
PRVU,6/6/2018,211.0,215.0,205.0,207.0,0.0,5012.0,235.6,169.7
PRVU,6/7/2018,206.0,208.0,200.0,201.0,-2.9,21442.0,235.6,169.7
PRVU,6/10/2018,202.0,204.0,195.0,195.0,-2.99,35693.0,235.6,169.7
PRVU,6/11/2018,195.0,205.0,192.0,205.0,5.13,21457.0,235.6,169.7
PRVU,6/12/2018,202.0,203.0,198.0,202.0,-1.46,17218.0,235.6,169.7
PRVU,6/13/2018,198.0,202.0,198.0,200.0,-0.99,5466.0,235.6,169.7
PRVU,6/14/2018,200.0,202.0,198.0,198.0,-1.0,14048.0,235.6,169.7
PRVU,6/17/2018,200.0,201.0,196.0,199.0,0.51,7348.0,235.6,169.7
PRVU,6/18/2018,199.0,199.0,192.0,194.0,-2.51,38855.0,235.6,169.7
PRVU,6/19/2018,195.0,195.0,192.0,192.0,-1.03,5598.0,235.6,169.7
PRVU,6/20/2018,192.0,193.0,188.0,191.0,-0.52,13605.0,235.6,169.7
PRVU,6/21/2018,191.0,193.0,188.0,190.0,-0.52,13668.0,235.6,169.7
PRVU,6/24/2018,190.0,196.0,190.0,191.0,0.53,9245.0,235.6,169.7
PRVU,6/25/2018,192.0,193.0,187.0,187.0,-2.09,10509.0,235.6,169.7
PRVU,6/26/2018,187.0,190.0,185.0,185.0,-1.07,12505.0,235.6,169.7
PRVU,6/27/2018,186.0,189.0,183.0,185.0,0.0,18347.0,235.6,169.7
PRVU,6/28/2018,184.0,186.0,183.0,184.0,-0.54,14476.0,235.6,169.7
PRVU,7/1/2018,183.0,184.0,182.0,182.0,-1.09,8063.0,235.6,169.7
PRVU,7/2/2018,181.0,183.0,177.0,177.0,-2.75,31216.0,235.6,169.7
PRVU,7/3/2018,177.0,180.0,175.0,176.0,-0.56,17772.0,235.6,169.7
PRVU,7/4/2018,177.0,183.0,176.0,180.0,2.27,20643.0,235.6,169.7
PRVU,7/5/2018,182.0,192.0,181.0,192.0,6.67,27939.0,235.6,169.7
PRVU,7/8/2018,192.0,196.0,186.0,186.0,-3.12,25963.0,235.6,169.7
PRVU,7/9/2018,187.0,187.0,182.0,183.0,-1.61,13428.0,235.6,169.7
PRVU,7/10/2018,186.0,188.0,182.0,185.0,1.09,17469.0,235.6,169.7
PRVU,7/11/2018,188.0,188.0,183.0,183.0,-1.08,13884.0,235.6,169.7
PRVU,7/12/2018,185.0,186.0,178.0,181.0,-1.09,24170.0,235.6,169.7
PRVU,7/15/2018,180.0,186.0,179.0,185.0,2.21,7880.0,235.6,169.7
PRVU,7/16/2018,187.0,188.0,185.0,187.0,1.08,11492.0,235.6,169.7
PRVU,7/17/2018,186.0,187.0,185.0,185.0,-1.07,8637.0,235.6,169.7
PRVU,7/18/2018,185.0,185.0,183.0,185.0,0.0,5539.0,235.6,169.7
PRVU,7/19/2018,183.0,188.0,183.0,185.0,0.0,11281.0,235.6,169.7
PRVU,7/22/2018,185.0,185.0,182.0,182.0,-1.62,16190.0,235.6,169.7
PRVU,7/23/2018,183.0,189.0,182.0,186.0,2.2,6265.0,235.6,169.7
PRVU,7/24/2018,185.0,191.0,185.0,187.0,0.54,15998.0,235.6,169.7
PRVU,7/25/2018,186.0,188.0,184.0,187.0,0.0,7141.0,235.6,169.7
PRVU,7/26/2018,185.0,188.0,185.0,188.0,0.53,7573.0,235.6,169.7
PRVU,7/29/2018,187.0,188.0,184.0,187.0,-0.53,4692.0,235.6,169.7
PRVU,7/30/2018,185.0,187.0,184.0,186.0,-0.53,6118.0,235.6,169.7
PRVU,7/31/2018,189.0,189.0,185.0,185.0,-0.54,3174.0,235.6,169.7
PRVU,8/1/2018,186.0,187.0,185.0,186.0,0.54,2704.0,235.6,169.7
PRVU,8/2/2018,186.0,188.0,184.0,186.0,0.0,3692.0,235.6,169.7
PRVU,8/5/2018,186.0,186.0,182.0,183.0,-1.61,9696.0,235.6,169.7
PRVU,8/6/2018,184.0,186.0,183.0,186.0,1.64,3463.0,235.6,169.7
PRVU,8/7/2018,187.0,187.0,185.0,187.0,0.54,6560.0,235.6,169.7
PRVU,8/8/2018,185.0,186.0,183.0,185.0,-1.07,12328.0,235.6,169.7
PRVU,8/9/2018,186.0,187.0,183.0,183.0,-1.08,6279.0,235.6,169.7
PRVU,8/12/2018,181.0,184.0,181.0,184.0,0.55,6987.0,235.6,169.7
PRVU,8/13/2018,185.0,190.0,183.0,187.0,1.63,12367.0,235.6,169.7
PRVU,8/14/2018,190.0,190.0,184.0,188.0,0.53,9049.0,235.6,169.7
PRVU,8/15/2018,188.0,191.0,183.0,188.0,0.0,17323.0,235.6,169.7
PRVU,8/16/2018,189.0,192.0,186.0,187.0,-0.53,30059.0,235.6,169.7
PRVU,8/19/2018,189.0,190.0,184.0,185.0,-1.07,10116.0,235.6,169.7
PRVU,8/20/2018,185.0,185.0,183.0,183.0,-1.08,11106.0,235.6,169.7
PRVU,8/21/2018,185.0,185.0,183.0,183.0,0.0,5517.0,235.6,169.7
PRVU,8/22/2018,184.0,185.0,183.0,183.0,0.0,4787.0,235.6,169.7
PRVU,8/23/2018,185.0,185.0,181.0,181.0,-1.09,14679.0,235.6,169.7
PRVU,8/26/2018,180.0,183.0,180.0,183.0,1.1,3017.0,235.6,169.7
PRVU,8/28/2018,180.0,183.0,180.0,182.0,-0.55,7207.0,235.6,169.7
PRVU,8/29/2018,181.0,182.0,178.0,178.0,-2.2,18765.0,235.6,169.7
PRVU,8/30/2018,177.0,181.0,177.0,180.0,1.12,10436.0,235.6,169.7
PRVU,9/2/2018,181.0,186.0,180.0,180.0,0.0,28298.0,235.6,169.7
PRVU,9/3/2018,181.0,187.0,181.0,183.0,1.67,44943.0,235.6,169.7
PRVU,9/4/2018,185.0,190.0,184.0,186.0,1.64,43159.0,235.6,169.7
PRVU,9/5/2018,186.0,197.0,186.0,192.0,3.23,69278.0,235.6,169.7
PRVU,9/6/2018,195.0,200.0,190.0,193.0,0.52,100353.0,235.6,169.7
PRVU,9/9/2018,193.0,195.0,190.0,195.0,1.04,52760.0,235.6,169.7
PRVU,9/10/2018,194.0,194.0,190.0,194.0,-0.51,45295.0,235.6,169.7
PRVU,9/11/2018,197.0,196.0,192.0,193.0,-0.52,25403.0,235.6,169.7
PRVU,9/12/2018,196.0,203.0,194.0,202.0,4.66,107655.0,235.6,169.7
PRVU,9/13/2018,206.0,214.0,203.0,212.0,4.95,173517.0,235.6,169.7
PRVU,9/16/2018,215.0,227.0,215.0,217.0,2.36,164640.0,235.6,169.7
PRVU,9/17/2018,220.0,220.0,214.0,215.0,-0.92,133589.0,235.6,169.7
PRVU,9/18/2018,215.0,218.0,213.0,217.0,0.93,44654.0,235.6,169.7
PRVU,9/20/2018,219.0,222.0,215.0,217.0,0.0,85446.0,235.6,169.7
PRVU,9/23/2018,218.0,231.0,217.0,231.0,6.45,260389.0,235.6,169.7
PRVU,9/25/2018,235.0,253.0,234.0,248.0,7.36,339301.0,235.6,169.7
PRVU,9/26/2018,250.0,254.0,237.0,240.0,-3.23,185025.0,235.6,169.7
PRVU,9/27/2018,244.0,246.0,237.0,239.0,-0.42,194020.0,235.6,169.7
PRVU,9/30/2018,242.0,243.0,237.0,240.0,0.42,89012.0,235.6,169.7
PRVU,10/1/2018,244.0,244.0,233.0,234.0,-2.5,100614.0,235.6,169.7
PRVU,10/2/2018,230.0,239.0,230.0,235.0,0.43,81693.0,235.6,169.7
PRVU,10/3/2018,234.0,238.0,232.0,234.0,-0.43,60427.0,235.6,169.7
PRVU,10/4/2018,232.0,233.0,227.0,229.0,-2.14,77335.0,235.6,169.7
PRVU,10/7/2018,229.0,233.0,226.0,226.0,-1.31,39273.0,235.6,169.7
PRVU,10/8/2018,224.0,231.0,223.0,231.0,2.21,39418.0,235.6,169.7
PRVU,10/9/2018,232.0,233.0,227.0,227.0,-1.73,47269.0,235.6,169.7
PRVU,10/10/2018,227.0,234.0,227.0,234.0,3.08,28856.0,235.6,169.7
PRVU,10/11/2018,231.0,238.0,230.0,237.0,1.28,33914.0,235.6,169.7
PRVU,10/14/2018,239.0,243.0,237.0,240.0,1.27,64770.0,235.6,169.7
PRVU,10/15/2018,241.0,246.0,240.0,241.0,0.42,104528.0,235.6,169.7
PRVU,10/21/2018,244.0,250.0,243.0,249.0,3.32,128330.0,235.6,169.7
PRVU,10/22/2018,250.0,251.0,246.0,250.0,0.4,130848.0,235.6,169.7
PRVU,10/23/2018,252.0,254.0,247.0,253.0,1.2,135157.0,235.6,169.7
PRVU,10/24/2018,253.0,255.0,250.0,253.0,0.0,133851.0,235.6,169.7
PRVU,10/25/2018,253.0,255.0,248.0,249.0,-1.58,144744.0,235.6,169.7
PRVU,10/28/2018,248.0,248.0,244.0,247.0,-0.8,94393.0,235.6,169.7
PRVU,10/29/2018,247.0,247.0,241.0,242.0,-2.02,46164.0,235.6,169.7
PRVU,10/30/2018,242.0,249.0,242.0,248.0,2.48,73626.0,235.6,169.7
PRVU,10/31/2018,247.0,250.0,245.0,247.0,-0.4,36569.0,235.6,169.7
PRVU,11/1/2018,245.0,249.0,243.0,247.0,0.0,44254.0,235.6,169.7
PRVU,11/4/2018,251.0,258.0,249.0,249.0,0.81,191498.0,235.6,169.7
PRVU,11/5/2018,252.0,254.0,249.0,253.0,1.61,170282.0,235.6,169.7
PRVU,11/6/2018,253.0,255.0,249.0,255.0,0.79,18453.0,235.6,169.7
PRVU,11/11/2018,255.0,256.0,249.0,249.0,-2.35,34964.0,235.6,169.7
PRVU,11/12/2018,249.0,251.0,246.0,250.0,0.4,50777.0,235.6,169.7
PRVU,11/13/2018,247.0,253.0,247.0,251.0,0.4,57303.0,235.6,169.7
PRVU,11/14/2018,253.0,257.0,251.0,256.0,1.99,120805.0,235.6,169.7
PRVU,11/15/2018,255.0,259.0,255.0,258.0,0.78,89924.0,235.6,169.7
PRVU,11/18/2018,257.0,258.0,252.0,252.0,-2.33,45438.0,235.6,169.7
PRVU,11/19/2018,254.0,254.0,248.0,249.0,-1.19,42261.0,235.6,169.7
PRVU,11/20/2018,246.0,249.0,246.0,248.0,-0.4,22268.0,235.6,169.7
PRVU,11/21/2018,248.0,251.0,248.0,250.0,0.81,73472.0,235.6,169.7
PRVU,11/22/2018,251.0,253.0,248.0,250.0,0.0,15688.0,235.6,169.7
PRVU,11/25/2018,250.0,252.0,247.0,247.0,-1.2,37224.0,235.6,169.7
PRVU,11/26/2018,249.0,249.0,246.0,246.0,-0.4,42019.0,235.6,169.7
PRVU,11/27/2018,247.0,250.0,245.0,247.0,0.41,32485.0,235.6,169.7
PRVU,11/28/2018,247.0,248.0,246.0,246.0,-0.4,21094.0,235.6,169.7
PRVU,11/29/2018,246.0,247.0,242.0,245.0,-0.41,36874.0,235.6,169.7
PRVU,12/2/2018,244.0,244.0,239.0,242.0,-1.22,64637.0,235.6,169.7
PRVU,12/3/2018,240.0,247.0,240.0,242.0,0.0,58043.0,235.6,169.7
PRVU,12/4/2018,246.0,246.0,242.0,244.0,0.83,36182.0,235.6,169.7
PRVU,12/5/2018,246.0,246.0,238.0,238.0,-2.46,42711.0,235.6,169.7
PRVU,12/6/2018,237.0,243.0,235.0,240.0,0.84,66796.0,235.6,169.7
PRVU,12/9/2018,241.0,247.0,239.0,246.0,2.5,71391.0,235.6,169.7
PRVU,12/10/2018,247.0,247.0,245.0,246.0,0.0,52580.0,235.6,169.7
PRVU,12/11/2018,246.0,248.0,244.0,247.0,0.41,23955.0,235.6,169.7
PRVU,12/12/2018,246.0,246.0,243.0,245.0,-0.81,21195.0,235.6,169.7
PRVU,12/13/2018,246.0,249.0,245.0,249.0,1.63,39727.0,235.6,169.7
PRVU,12/16/2018,253.0,253.0,248.0,249.0,0.0,53114.0,235.6,169.7
PRVU,12/17/2018,252.0,254.0,249.0,253.0,1.61,37244.0,235.6,169.7
PRVU,12/18/2018,258.0,258.0,248.0,248.0,-1.98,55781.0,235.6,169.7
PRVU,12/19/2018,246.0,250.0,245.0,249.0,0.4,17183.0,235.6,169.7
PRVU,12/20/2018,253.0,253.0,246.0,247.0,-0.8,25155.0,235.6,169.7
PRVU,12/23/2018,251.0,260.0,251.0,254.0,2.83,174545.0,235.6,169.7
PRVU,12/24/2018,256.0,256.0,250.0,250.0,-1.57,46936.0,235.6,169.7
PRVU,12/25/2018,250.0,252.0,248.0,251.0,0.4,20946.0,235.6,169.7
PRVU,12/26/2018,256.0,256.0,251.0,255.0,1.59,88851.0,235.6,169.7
PRVU,12/27/2018,259.0,261.0,251.0,252.0,-1.18,101804.0,235.6,169.7
PRVU,12/30/2018,253.0,253.0,250.0,251.0,-0.4,29982.0,235.6,169.7
PRVU,12/31/2018,251.0,252.0,249.0,249.0,-0.8,26905.0,235.6,169.7
PRVU,1/1/2019,251.0,251.0,246.0,246.0,-1.2,26554.0,235.6,169.7
PRVU,1/2/2019,249.0,249.0,244.0,246.0,0.0,25622.0,235.6,169.7
PRVU,1/3/2019,248.0,252.0,245.0,246.0,0.0,26508.0,235.6,169.7
PRVU,1/6/2019,247.0,249.0,237.0,238.0,-3.25,105440.0,235.6,169.7
PRVU,1/7/2019,237.0,245.0,237.0,245.0,2.94,60967.0,235.6,169.7
PRVU,1/8/2019,245.0,247.0,244.0,247.0,0.82,38960.0,235.6,169.7
PRVU,1/9/2019,247.0,249.0,244.0,248.0,0.4,57276.0,235.6,169.7
PRVU,1/10/2019,248.0,248.0,245.0,246.0,-0.81,29510.0,235.6,169.7
PRVU,1/13/2019,245.0,246.0,243.0,244.0,-0.81,31923.0,235.6,169.7
PRVU,1/14/2019,243.0,245.0,242.0,245.0,0.41,15286.0,235.6,169.7
PRVU,1/15/2019,245.0,248.0,244.0,248.0,1.22,30703.0,235.6,169.7
PRVU,1/16/2019,247.0,247.0,244.0,244.0,-1.61,18563.0,235.6,169.7
PRVU,1/17/2019,243.0,246.0,241.0,243.0,-0.41,45703.0,235.6,169.7
PRVU,1/20/2019,245.0,245.0,241.0,242.0,-0.41,11529.0,235.6,169.7
PRVU,1/21/2019,243.0,243.0,240.0,240.0,-0.83,31613.0,235.6,169.7
PRVU,1/22/2019,244.0,244.0,238.0,242.0,0.83,41114.0,235.6,169.7
PRVU,1/23/2019,242.0,243.0,240.0,242.0,0.0,7150.0,235.6,169.7
PRVU,1/24/2019,246.0,246.0,241.0,244.0,0.83,63640.0,235.6,169.7
PRVU,1/27/2019,243.0,244.0,240.0,241.0,-1.23,33425.0,235.6,169.7
PRVU,1/28/2019,241.0,243.0,240.0,242.0,0.41,26809.0,235.6,169.7
PRVU,1/29/2019,240.0,242.0,240.0,241.0,-0.41,26210.0,235.6,169.7
PRVU,1/30/2019,245.0,245.0,239.0,240.0,-0.41,16421.0,235.6,169.7
PRVU,1/31/2019,240.0,242.0,240.0,241.0,0.42,12542.0,235.6,169.7
PRVU,2/3/2019,242.0,245.0,241.0,242.0,0.41,38187.0,235.6,169.7
PRVU,2/4/2019,243.0,244.0,240.0,241.0,-0.41,21011.0,235.6,169.7
PRVU,2/5/2019,241.0,243.0,240.0,243.0,0.83,18699.0,235.6,169.7
PRVU,2/6/2019,245.0,245.0,240.0,241.0,-0.82,20462.0,235.6,169.7
PRVU,2/7/2019,240.0,242.0,240.0,241.0,0.0,27153.0,235.6,169.7
PRVU,2/10/2019,243.0,243.0,236.0,240.0,-0.41,23274.0,235.6,169.7
PRVU,2/11/2019,238.0,239.0,236.0,236.0,-1.67,25803.0,235.6,169.7
PRVU,2/12/2019,240.0,240.0,235.0,236.0,0.0,34175.0,235.6,169.7
PRVU,2/13/2019,236.0,238.0,231.0,232.0,-1.69,42031.0,235.6,169.7
PRVU,2/14/2019,230.0,231.0,227.0,229.0,-1.29,61672.0,235.6,169.7
PRVU,2/17/2019,233.0,234.0,227.0,227.0,-0.87,83039.0,235.6,169.7
PRVU,2/18/2019,206.0,208.0,205.0,206.0,-9.25,43317.0,235.6,169.7
PRVU,2/19/2019,206.0,210.0,206.0,210.0,1.94,23908.0,235.6,169.7
PRVU,2/20/2019,213.0,213.0,208.0,208.0,-0.95,25414.0,235.6,169.7
PRVU,2/21/2019,208.0,211.0,208.0,209.0,0.48,8432.0,235.6,169.7
PRVU,2/24/2019,208.0,209.0,207.0,207.0,-0.96,11408.0,235.6,169.7
PRVU,2/25/2019,208.0,210.0,207.0,210.0,1.45,21573.0,235.6,169.7
PRVU,2/26/2019,210.0,212.0,209.0,210.0,0.0,14741.0,235.6,169.7
PRVU,2/27/2019,209.0,214.0,209.0,214.0,1.9,16433.0,235.6,169.7
PRVU,3/3/2019,215.0,215.0,211.0,211.0,-1.4,46915.0,235.6,169.7
PRVU,3/5/2019,212.0,213.0,210.0,212.0,0.47,10121.0,235.6,169.7
PRVU,3/6/2019,212.0,216.0,211.0,216.0,1.89,18021.0,235.6,169.7
PRVU,3/7/2019,216.0,224.0,215.0,224.0,3.7,47698.0,235.6,169.7
PRVU,3/10/2019,224.0,228.0,219.0,226.0,0.89,15561.0,235.6,169.7
PRVU,3/11/2019,227.0,237.0,224.0,236.0,4.42,93766.0,235.6,169.7
PRVU,3/12/2019,238.0,241.0,234.0,237.0,0.42,116504.0,235.6,169.7
PRVU,3/13/2019,239.0,239.0,232.0,234.0,-1.27,55818.0,235.6,169.7
PRVU,3/14/2019,237.0,237.0,227.0,235.0,0.43,38998.0,235.6,169.7
PRVU,3/17/2019,237.0,239.0,236.0,236.0,0.43,31915.0,235.6,169.7
PRVU,3/18/2019,237.0,238.0,234.0,234.0,-0.85,28278.0,235.6,169.7
PRVU,3/19/2019,238.0,238.0,232.0,233.0,-0.43,18487.0,235.6,169.7
PRVU,3/21/2019,230.0,235.0,230.0,231.0,-0.86,31696.0,235.6,169.7
PRVU,3/24/2019,232.0,232.0,229.0,232.0,0.43,21787.0,235.6,169.7
PRVU,3/25/2019,230.0,235.0,230.0,235.0,1.29,16011.0,235.6,169.7
PRVU,3/26/2019,235.0,235.0,232.0,233.0,-0.85,8529.0,235.6,169.7
PRVU,3/27/2019,234.0,235.0,233.0,234.0,0.43,13077.0,235.6,169.7
PRVU,3/28/2019,233.0,238.0,233.0,236.0,0.85,52417.0,235.6,169.7
PRVU,3/31/2019,235.0,240.0,235.0,239.0,1.27,64864.0,235.6,169.7
PRVU,4/1/2019,237.0,244.0,237.0,243.0,1.67,87641.0,235.6,169.7
PRVU,4/2/2019,245.0,248.0,244.0,246.0,1.23,84143.0,235.6,169.7
PRVU,4/3/2019,248.0,248.0,243.0,245.0,-0.41,72974.0,235.6,169.7
PRVU,4/4/2019,243.0,246.0,242.0,244.0,-0.41,39856.0,235.6,169.7
PRVU,4/7/2019,246.0,252.0,242.0,251.0,2.87,90019.0,235.6,169.7
PRVU,4/8/2019,252.0,254.0,248.0,251.0,0.0,131271.0,235.6,169.7
PRVU,4/9/2019,252.0,252.0,247.0,247.0,-1.59,76932.0,235.6,169.7
PRVU,4/10/2019,247.0,249.0,245.0,248.0,0.4,45105.0,235.6,169.7
PRVU,4/11/2019,250.0,250.0,245.0,249.0,0.4,57620.0,235.6,169.7
PRVU,4/15/2019,250.0,252.0,249.0,251.0,0.8,63792.0,235.6,169.7
PRVU,4/16/2019,254.0,265.0,251.0,264.0,5.18,180950.0,235.6,169.7
PRVU,4/17/2019,265.0,271.0,262.0,269.0,1.89,161285.0,235.6,169.7
PRVU,4/18/2019,269.0,281.0,268.0,278.0,3.35,162970.0,235.6,169.7
PRVU,4/21/2019,276.0,280.0,275.0,279.0,0.36,132190.0,235.6,169.7
PRVU,4/22/2019,281.0,282.0,271.0,275.0,-1.43,140187.0,235.6,169.7
PRVU,4/23/2019,272.0,279.0,271.0,278.0,1.09,65088.0,235.6,169.7
PRVU,4/24/2019,282.0,293.0,275.0,291.0,4.68,219881.0,235.6,169.7
PRVU,4/25/2019,296.0,300.0,291.0,298.0,2.41,245331.0,235.6,169.7
PRVU,4/28/2019,300.0,304.0,290.0,293.0,-1.68,131016.0,235.6,169.7
PRVU,4/29/2019,298.0,298.0,283.0,290.0,-1.02,133827.0,235.6,169.7
PRVU,4/30/2019,290.0,294.0,286.0,288.0,-0.69,61759.0,235.6,169.7
PRVU,5/2/2019,292.0,292.0,282.0,287.0,-0.35,44662.0,235.6,169.7
PRVU,5/5/2019,293.0,293.0,278.0,282.0,-1.74,164492.0,235.6,169.7
PRVU,5/6/2019,282.0,289.0,277.0,288.0,2.13,85592.0,235.6,169.7
PRVU,5/7/2019,291.0,291.0,284.0,286.0,-0.69,81997.0,235.6,169.7
PRVU,5/8/2019,286.0,286.0,282.0,283.0,-1.05,29119.0,235.6,169.7
PRVU,5/9/2019,281.0,285.0,280.0,281.0,-0.71,50879.0,235.6,169.7
PRVU,5/12/2019,285.0,285.0,279.0,282.0,0.36,50164.0,235.6,169.7
PRVU,5/13/2019,283.0,284.0,280.0,280.0,-0.71,57006.0,235.6,169.7
PRVU,5/14/2019,285.0,287.0,280.0,285.0,1.79,75573.0,235.6,169.7
PRVU,5/15/2019,283.0,287.0,282.0,285.0,0.0,68208.0,235.6,169.7
PRVU,5/16/2019,282.0,285.0,281.0,281.0,-1.4,61726.0,235.6,169.7
PRVU,5/19/2019,278.0,280.0,270.0,278.0,-1.07,116804.0,235.6,169.7
PRVU,5/20/2019,278.0,282.0,277.0,280.0,0.72,80103.0,235.6,169.7
PRVU,5/21/2019,282.0,282.0,278.0,279.0,-0.36,66033.0,235.6,169.7
PRVU,5/22/2019,281.0,283.0,280.0,282.0,1.08,59972.0,235.6,169.7
PRVU,5/23/2019,282.0,283.0,279.0,280.0,-0.71,57604.0,235.6,169.7
PRVU,5/26/2019,275.0,279.0,272.0,275.0,-1.79,70659.0,235.6,169.7
PRVU,5/27/2019,275.0,279.0,271.0,276.0,0.36,234773.0,235.6,169.7
PRVU,5/28/2019,274.0,278.0,272.0,278.0,0.72,592141.0,235.6,169.7
PRVU,5/29/2019,280.0,280.0,275.0,277.0,-0.36,305769.0,235.6,169.7
PRVU,5/30/2019,286.0,300.0,283.0,284.0,2.53,384413.0,235.6,169.7
PRVU,6/2/2019,285.0,285.0,276.0,277.0,-2.46,153264.0,235.6,169.7
PRVU,6/3/2019,278.0,278.0,274.0,276.0,-0.36,183969.0,235.6,169.7
PRVU,6/4/2019,277.0,277.0,270.0,274.0,-0.72,343537.0,235.6,169.7
PRVU,6/6/2019,274.0,274.0,270.0,272.0,-0.73,121662.0,235.6,169.7
PRVU,6/10/2019,274.0,274.0,269.0,271.0,-0.37,49611.0,235.6,169.7
PRVU,6/11/2019,276.0,278.0,269.0,271.0,0.0,53692.0,235.6,169.7
PRVU,6/12/2019,273.0,273.0,268.0,271.0,0.0,79131.0,235.6,169.7
PRVU,6/13/2019,271.0,272.0,268.0,269.0,-0.74,86755.0,235.6,169.7
PRVU,6/16/2019,270.0,270.0,266.0,266.0,-1.12,52890.0,235.6,169.7
PRVU,6/17/2019,270.0,270.0,265.0,266.0,0.0,86700.0,235.6,169.7
PRVU,6/18/2019,270.0,270.0,265.0,265.0,-0.38,59040.0,235.6,169.7
PRVU,6/19/2019,265.0,270.0,265.0,265.0,0.0,76266.0,235.6,169.7
PRVU,6/20/2019,266.0,269.0,266.0,269.0,1.51,74082.0,235.6,169.7
PRVU,6/23/2019,268.0,271.0,266.0,267.0,-0.74,67268.0,235.6,169.7
PRVU,6/24/2019,272.0,272.0,266.0,268.0,0.37,63199.0,235.6,169.7
PRVU,6/25/2019,268.0,270.0,266.0,266.0,-0.75,85719.0,235.6,169.7
PRVU,6/26/2019,266.0,268.0,266.0,266.0,0.0,101979.0,235.6,169.7
PRVU,6/27/2019,267.0,269.0,266.0,269.0,1.13,116605.0,235.6,169.7
PRVU,6/30/2019,274.0,274.0,266.0,266.0,-1.12,127427.0,235.6,169.7
PRVU,7/1/2019,267.0,267.0,264.0,265.0,-0.38,72869.0,235.6,169.7
PRVU,7/2/2019,265.0,268.0,264.0,268.0,1.13,95480.0,235.6,169.7
PRVU,7/3/2019,270.0,274.0,268.0,271.0,1.12,112650.0,235.6,169.7
PRVU,7/4/2019,273.0,275.0,271.0,271.0,0.0,201857.0,235.6,169.7
PRVU,7/7/2019,274.0,275.0,266.0,266.0,-1.85,79038.0,235.6,169.7
PRVU,7/8/2019,257.0,266.0,257.0,260.0,-2.26,105534.0,235.6,169.7
PRVU,7/9/2019,260.0,263.0,259.0,263.0,1.15,60332.0,235.6,169.7
PRVU,7/10/2019,262.0,262.0,260.0,260.0,-1.14,58024.0,235.6,169.7
PRVU,7/11/2019,263.0,265.0,260.0,261.0,0.38,47375.0,235.6,169.7
PRVU,7/14/2019,261.0,261.0,258.0,259.0,-0.77,31859.0,235.6,169.7
PRVU,7/15/2019,260.0,266.0,260.0,261.0,0.77,23744.0,235.6,169.7
PRVU,7/16/2019,274.0,274.0,261.0,266.0,1.92,26233.0,235.6,169.7
PRVU,7/17/2019,266.0,272.0,264.0,272.0,2.26,32203.0,235.6,169.7
PRVU,7/18/2019,275.0,278.0,272.0,273.0,0.37,65258.0,235.6,169.7
PRVU,7/21/2019,275.0,277.0,271.0,277.0,1.47,43785.0,235.6,169.7
PRVU,7/22/2019,278.0,280.0,275.0,276.0,-0.36,38777.0,235.6,169.7
PRVU,7/23/2019,276.0,279.0,276.0,277.0,0.36,39239.0,235.6,169.7
PRVU,7/24/2019,278.0,280.0,276.0,280.0,1.08,93698.0,235.6,169.7
PRVU,7/25/2019,283.0,285.0,276.0,280.0,0.0,220033.0,235.6,169.7
PRVU,7/28/2019,284.0,284.0,275.0,276.0,-1.43,74495.0,235.6,169.7
PRVU,7/29/2019,278.0,279.0,274.0,274.0,-0.72,81362.0,235.6,169.7
PRVU,7/30/2019,275.0,278.0,274.0,274.0,0.0,51954.0,235.6,169.7
PRVU,7/31/2019,279.0,279.0,275.0,277.0,1.09,54341.0,235.6,169.7
PRVU,8/1/2019,279.0,279.0,274.0,274.0,-1.08,60971.0,235.6,169.7
PRVU,8/4/2019,275.0,276.0,273.0,274.0,0.0,67185.0,235.6,169.7
PRVU,8/5/2019,274.0,276.0,272.0,272.0,-0.73,39590.0,235.6,169.7
PRVU,8/6/2019,272.0,273.0,269.0,272.0,0.0,48613.0,235.6,169.7
PRVU,8/7/2019,272.0,273.0,268.0,272.0,0.0,61706.0,235.6,169.7
PRVU,8/8/2019,271.0,271.0,269.0,270.0,-0.74,35559.0,235.6,169.7
PRVU,8/11/2019,271.0,272.0,268.0,269.0,-0.37,21902.0,235.6,169.7
PRVU,8/12/2019,269.0,271.0,269.0,270.0,0.37,51214.0,235.6,169.7
PRVU,8/13/2019,270.0,270.0,268.0,270.0,0.0,22571.0,235.6,169.7
PRVU,8/14/2019,270.0,271.0,266.0,268.0,-0.74,38849.0,235.6,169.7
PRVU,8/15/2019,269.0,269.0,267.0,269.0,0.37,88749.0,235.6,169.7
PRVU,8/18/2019,270.0,273.0,268.0,270.0,0.37,35991.0,235.6,169.7
PRVU,8/19/2019,270.0,271.0,267.0,271.0,0.37,44980.0,235.6,169.7
PRVU,8/20/2019,269.0,271.0,268.0,269.0,-0.74,20845.0,235.6,169.7
PRVU,8/21/2019,269.0,270.0,267.0,270.0,0.37,22712.0,235.6,169.7
PRVU,8/22/2019,270.0,270.0,266.0,266.0,-1.48,62281.0,235.6,169.7
PRVU,8/25/2019,268.0,268.0,263.0,267.0,0.38,40290.0,235.6,169.7
PRVU,8/26/2019,269.0,269.0,265.0,266.0,-0.37,26034.0,235.6,169.7
PRVU,8/27/2019,266.0,269.0,265.0,267.0,0.38,40689.0,235.6,169.7
PRVU,8/28/2019,270.0,270.0,263.0,263.0,-1.5,40113.0,235.6,169.7
PRVU,8/29/2019,266.0,267.0,261.0,262.0,-0.38,44649.0,235.6,169.7
PRVU,9/1/2019,263.0,265.0,259.0,260.0,-0.76,40361.0,235.6,169.7
PRVU,9/2/2019,262.0,263.0,258.0,260.0,0.0,33046.0,235.6,169.7
PRVU,9/3/2019,258.0,266.0,255.0,264.0,1.54,52699.0,235.6,169.7
PRVU,9/4/2019,265.0,271.0,261.0,269.0,1.89,61790.0,235.6,169.7
PRVU,9/5/2019,270.0,270.0,267.0,267.0,-0.74,32346.0,235.6,169.7
PRVU,9/8/2019,267.0,267.0,263.0,264.0,-1.12,48952.0,235.6,169.7
PRVU,9/9/2019,264.0,269.0,260.0,261.0,-1.14,25002.0,235.6,169.7
PRVU,9/10/2019,266.0,266.0,260.0,262.0,0.38,23493.0,235.6,169.7
PRVU,9/11/2019,261.0,264.0,260.0,261.0,-0.38,46297.0,235.6,169.7
PRVU,9/12/2019,262.0,262.0,259.0,259.0,-0.77,29768.0,235.6,169.7
PRVU,9/15/2019,262.0,262.0,257.0,257.0,-0.77,23726.0,235.6,169.7
PRVU,9/16/2019,255.0,258.0,255.0,256.0,-0.39,37882.0,235.6,169.7
PRVU,9/17/2019,261.0,264.0,257.0,263.0,2.73,56912.0,235.6,169.7
PRVU,9/18/2019,268.0,269.0,263.0,269.0,2.28,42919.0,235.6,169.7
PRVU,9/19/2019,272.0,272.0,265.0,268.0,-0.37,41026.0,235.6,169.7
PRVU,9/22/2019,265.0,265.0,261.0,261.0,-2.61,13178.0,235.6,169.7
PRVU,9/23/2019,270.0,270.0,259.0,261.0,0.0,48061.0,235.6,169.7
PRVU,9/24/2019,258.0,262.0,258.0,259.0,-0.77,28244.0,235.6,169.7
PRVU,9/25/2019,259.0,263.0,258.0,258.0,-0.39,26379.0,235.6,169.7
PRVU,9/26/2019,258.0,259.0,257.0,257.0,-0.39,44604.0,235.6,169.7
PRVU,9/29/2019,258.0,262.0,257.0,259.0,0.78,130295.0,235.6,169.7
PRVU,9/30/2019,264.0,264.0,259.0,263.0,1.54,50516.0,235.6,169.7
PRVU,10/1/2019,262.0,268.0,262.0,264.0,0.38,20326.0,235.6,169.7
PRVU,10/2/2019,264.0,265.0,262.0,263.0,-0.38,22224.0,235.6,169.7
PRVU,10/3/2019,262.0,265.0,262.0,265.0,0.76,30327.0,235.6,169.7
PRVU,10/10/2019,269.0,272.0,268.0,270.0,1.89,94664.0,235.6,169.7
PRVU,10/14/2019,275.0,275.0,264.0,266.0,-1.48,99444.0,235.6,169.7
PRVU,10/15/2019,266.0,270.0,266.0,267.0,0.38,62213.0,235.6,169.7
PRVU,10/16/2019,267.0,269.0,267.0,269.0,0.75,203804.0,235.6,169.7
PRVU,10/17/2019,268.0,268.0,265.0,265.0,-1.49,75088.0,235.6,169.7
PRVU,10/20/2019,266.0,269.0,264.0,265.0,0.0,41325.0,235.6,169.7
PRVU,10/21/2019,267.0,267.0,263.0,263.0,-0.75,71618.0,235.6,169.7
PRVU,10/22/2019,265.0,266.0,264.0,264.0,0.38,39010.0,235.6,169.7
PRVU,10/23/2019,265.0,267.0,263.0,263.0,-0.38,102893.0,235.6,169.7
PRVU,10/24/2019,265.0,268.0,265.0,266.0,1.14,73836.0,235.6,169.7
PRVU,10/31/2019,269.0,271.0,267.0,268.0,0.75,64041.0,235.6,169.7
PRVU,11/3/2019,272.0,272.0,267.0,267.0,-0.37,56906.0,235.6,169.7
PRVU,11/4/2019,268.0,269.0,267.0,268.0,0.37,60353.0,235.6,169.7
PRVU,11/5/2019,269.0,269.0,266.0,267.0,-0.37,58526.0,235.6,169.7
PRVU,11/6/2019,268.0,268.0,265.0,266.0,-0.37,164151.0,235.6,169.7
PRVU,11/7/2019,266.0,267.0,264.0,265.0,-0.38,213724.0,235.6,169.7
PRVU,11/10/2019,269.0,269.0,263.0,263.0,-0.75,104428.0,235.6,169.7
PRVU,11/11/2019,265.0,268.0,263.0,267.0,1.52,277320.0,235.6,169.7
PRVU,11/12/2019,228.0,232.0,227.0,228.0,-14.61,46905.0,235.6,169.7
PRVU,11/13/2019,228.0,228.0,225.0,225.0,-1.32,28876.0,235.6,169.7
PRVU,11/14/2019,225.0,228.0,225.0,227.0,0.89,16542.0,235.6,169.7
PRVU,11/17/2019,229.0,229.0,225.0,228.0,0.44,36566.0,235.6,169.7
PRVU,11/18/2019,228.0,229.0,227.0,229.0,0.44,25687.0,235.6,169.7
PRVU,11/19/2019,231.0,231.0,228.0,229.0,0.0,31713.0,235.6,169.7
PRVU,11/20/2019,231.0,231.0,228.0,229.0,0.0,42825.0,235.6,169.7
PRVU,11/21/2019,228.0,228.0,226.0,227.0,-0.87,24103.0,235.6,169.7
PRVU,11/24/2019,226.0,226.0,221.0,223.0,-1.76,42442.0,235.6,169.7
PRVU,11/25/2019,223.0,225.0,221.0,222.0,-0.45,26190.0,235.6,169.7
PRVU,11/26/2019,224.0,224.0,221.0,223.0,0.45,34015.0,235.6,169.7
PRVU,11/27/2019,224.0,225.0,222.0,224.0,0.45,6898.0,235.6,169.7
PRVU,11/28/2019,225.0,225.0,222.0,224.0,0.0,21101.0,235.6,169.7
PRVU,12/1/2019,224.0,224.0,223.0,223.0,-0.45,18644.0,235.6,169.7
PRVU,12/2/2019,223.0,224.0,223.0,223.0,0.0,19763.0,235.6,169.7
PRVU,12/3/2019,223.0,224.0,223.0,224.0,0.45,15336.0,235.6,169.7
PRVU,12/4/2019,225.0,227.0,224.0,227.0,1.34,16732.0,235.6,169.7
PRVU,12/5/2019,226.0,228.0,226.0,227.0,0.0,12494.0,235.6,169.7
PRVU,12/8/2019,227.0,227.0,225.0,225.0,-0.88,19845.0,235.6,169.7
PRVU,12/9/2019,225.0,227.0,224.0,226.0,0.44,52298.0,235.6,169.7
PRVU,12/10/2019,227.0,228.0,225.0,226.0,0.0,49903.0,235.6,169.7
PRVU,12/11/2019,226.0,227.0,224.0,226.0,0.0,60417.0,235.6,169.7
PRVU,12/12/2019,226.0,226.0,223.0,226.0,0.0,63189.0,235.6,169.7
PRVU,12/15/2019,226.0,232.0,225.0,227.0,0.44,46305.0,235.6,169.7
PRVU,12/16/2019,228.0,229.0,225.0,225.0,-0.88,30823.0,235.6,169.7
PRVU,12/17/2019,226.0,229.0,226.0,226.0,0.44,35474.0,235.6,169.7
PRVU,12/18/2019,227.0,228.0,226.0,227.0,0.44,23461.0,235.6,169.7
PRVU,12/19/2019,228.0,228.0,223.0,223.0,-1.76,26430.0,235.6,169.7
PRVU,12/22/2019,223.0,225.0,223.0,224.0,0.45,17022.0,235.6,169.7
PRVU,12/23/2019,225.0,226.0,223.0,224.0,0.0,31192.0,235.6,169.7
PRVU,12/24/2019,224.0,226.0,224.0,225.0,0.45,22462.0,235.6,169.7
PRVU,12/25/2019,225.0,228.0,225.0,227.0,0.89,14125.0,235.6,169.7
PRVU,12/26/2019,219.0,227.0,219.0,226.0,-0.44,100156.0,235.6,169.7
PRVU,12/29/2019,224.0,225.0,223.0,225.0,-0.44,17201.0,235.6,169.7
PRVU,12/30/2019,225.0,225.0,223.0,223.0,-0.89,12025.0,235.6,169.7
PRVU,12/31/2019,224.0,225.0,223.0,223.0,0.0,11332.0,235.6,169.7
PRVU,1/1/2020,223.0,225.0,223.0,224.0,0.45,12404.0,235.6,169.7
PRVU,1/2/2020,225.0,228.0,223.0,223.0,-0.45,20033.0,235.6,169.7
PRVU,1/5/2020,224.0,227.0,224.0,227.0,1.79,50850.0,235.6,169.7
PRVU,1/6/2020,230.0,236.0,229.0,234.0,3.08,114379.0,235.6,169.7
PRVU,1/7/2020,237.0,242.0,236.0,238.0,1.71,176073.0,235.6,169.7
PRVU,1/8/2020,238.0,239.0,231.0,231.0,-2.94,90879.0,235.6,169.7
PRVU,1/9/2020,235.0,235.0,231.0,234.0,1.3,67170.0,235.6,169.7
PRVU,1/12/2020,238.0,241.0,235.0,238.0,1.71,122206.0,235.6,169.7
PRVU,1/13/2020,242.0,247.0,240.0,244.0,2.52,180770.0,235.6,169.7
PRVU,1/14/2020,245.0,245.0,239.0,239.0,-2.05,86425.0,235.6,169.7
PRVU,1/15/2020,238.0,250.0,238.0,248.0,3.77,80212.0,235.6,169.7
PRVU,1/16/2020,252.0,257.0,250.0,253.0,2.02,203479.0,235.6,169.7
PRVU,1/19/2020,257.0,265.0,256.0,265.0,4.74,314639.0,235.6,169.7
PRVU,1/20/2020,270.0,270.0,255.0,255.0,-3.77,256238.0,235.6,169.7
PRVU,1/21/2020,260.0,260.0,251.0,254.0,-0.39,87254.0,235.6,169.7
PRVU,1/22/2020,254.0,258.0,251.0,254.0,0.0,50767.0,235.6,169.7
PRVU,1/23/2020,259.0,259.0,246.0,246.0,-3.15,62049.0,235.6,169.7
PRVU,1/26/2020,244.0,250.0,239.0,243.0,-1.22,121549.0,235.6,169.7
PRVU,1/27/2020,243.0,249.0,242.0,248.0,2.06,40857.0,235.6,169.7
PRVU,1/28/2020,252.0,255.0,249.0,251.0,1.21,157085.0,235.6,169.7
PRVU,1/29/2020,252.0,258.0,250.0,255.0,1.59,152724.0,235.6,169.7
PRVU,1/30/2020,256.0,264.0,256.0,264.0,3.53,217958.0,235.6,169.7
PRVU,2/2/2020,264.0,267.0,262.0,264.0,0.0,234861.0,235.6,169.7
PRVU,2/3/2020,265.0,265.0,258.0,259.0,-1.89,161299.0,235.6,169.7
PRVU,2/4/2020,256.0,256.0,250.0,251.0,-3.09,148550.0,235.6,169.7
PRVU,2/5/2020,251.0,254.0,248.0,250.0,-0.4,86389.0,235.6,169.7
PRVU,2/6/2020,248.0,249.0,245.0,245.0,-2.0,135140.0,235.6,169.7
PRVU,2/9/2020,247.0,248.0,242.0,244.0,-0.41,69879.0,235.6,169.7
PRVU,2/10/2020,243.0,246.0,243.0,243.0,-0.41,65776.0,235.6,169.7
PRVU,2/11/2020,247.0,250.0,244.0,245.0,0.82,48265.0,235.6,169.7
PRVU,2/12/2020,246.0,249.0,243.0,243.0,-0.82,88726.0,235.6,169.7
PRVU,2/13/2020,244.0,245.0,240.0,241.0,-0.82,91638.0,235.6,169.7
PRVU,2/16/2020,241.0,245.0,240.0,244.0,1.24,92894.0,235.6,169.7
PRVU,2/17/2020,248.0,255.0,247.0,254.0,4.1,191417.0,235.6,169.7
PRVU,2/18/2020,256.0,257.0,249.0,251.0,-1.18,163172.0,235.6,169.7
PRVU,2/19/2020,254.0,255.0,249.0,250.0,-0.4,88603.0,235.6,169.7
PRVU,2/20/2020,254.0,254.0,247.0,250.0,0.0,120499.0,235.6,169.7
PRVU,2/23/2020,250.0,270.0,250.0,267.0,6.8,362120.0,235.6,169.7
PRVU,2/24/2020,270.0,280.0,262.0,264.0,-1.12,296276.0,235.6,169.7
PRVU,2/25/2020,260.0,269.0,256.0,267.0,1.14,165608.0,235.6,169.7
PRVU,2/26/2020,268.0,280.0,266.0,277.0,3.75,305475.0,235.6,169.7
PRVU,2/27/2020,277.0,290.0,267.0,284.0,2.53,423808.0,235.6,169.7
PRVU,3/1/2020,286.0,292.0,278.0,279.0,-1.76,537729.0,235.6,169.7
PRVU,3/2/2020,276.0,278.0,264.0,264.0,-5.38,268917.0,235.6,169.7
PRVU,3/3/2020,260.0,272.0,256.0,266.0,0.76,307876.0,235.6,169.7
PRVU,3/4/2020,266.0,267.0,256.0,256.0,-3.76,270762.0,235.6,169.7
PRVU,3/5/2020,253.0,262.0,252.0,252.0,-1.56,238184.0,235.6,169.7
PRVU,3/10/2020,252.0,252.0,241.0,242.0,-3.97,116986.0,235.6,169.7
PRVU,3/11/2020,246.0,255.0,240.0,254.0,4.96,153265.0,235.6,169.7
PRVU,3/12/2020,254.0,254.0,242.0,244.0,-3.94,146834.0,235.6,169.7
PRVU,3/15/2020,245.0,245.0,235.0,235.0,-3.69,182095.0,235.6,169.7
PRVU,3/16/2020,233.0,239.0,231.0,236.0,0.43,117994.0,235.6,169.7
PRVU,3/17/2020,236.0,236.0,227.0,228.0,-3.39,167969.0,235.6,169.7
PRVU,3/18/2020,226.0,230.0,221.0,227.0,-0.44,102430.0,235.6,169.7
PRVU,3/19/2020,224.0,229.0,212.0,226.0,-0.44,218395.0,235.6,169.7
PRVU,3/22/2020,230.0,234.0,220.0,225.0,-0.44,11659.0,235.6,169.7
PRVU,5/12/2020,221.0,221.0,221.0,221.0,-1.78,10.0,235.6,169.7
PRVU,5/13/2020,217.0,217.0,215.0,215.0,-2.71,1000.0,235.6,169.7
PRVU,6/29/2020,211.0,211.0,195.0,206.0,-4.19,52717.0,235.6,169.7
PRVU,6/30/2020,203.0,226.0,202.0,222.0,7.77,7577.0,235.6,169.7
PRVU,7/1/2020,226.0,244.0,226.0,242.0,9.01,22002.0,235.6,169.7
PRVU,7/2/2020,246.0,246.0,218.0,218.0,-9.92,22759.0,235.6,169.7
PRVU,7/5/2020,215.0,221.0,206.0,218.0,0.0,84741.0,235.6,169.7
PRVU,7/6/2020,216.0,224.0,214.0,224.0,2.75,75213.0,235.6,169.7
PRVU,7/7/2020,221.0,238.0,221.0,235.0,4.91,84708.0,235.6,169.7
PRVU,7/8/2020,235.0,239.0,227.0,230.0,-2.13,26919.0,235.6,169.7
PRVU,7/9/2020,230.0,232.0,227.0,232.0,0.87,37763.0,235.6,169.7
PRVU,7/12/2020,232.0,235.0,227.0,228.0,-1.72,64200.0,235.6,169.7
PRVU,7/13/2020,228.0,230.0,222.0,225.0,-1.32,45669.0,235.6,169.7
PRVU,7/14/2020,229.0,231.0,227.0,228.0,1.33,28653.0,235.6,169.7
PRVU,7/15/2020,230.0,234.0,228.0,230.0,0.88,38040.0,235.6,169.7
PRVU,7/16/2020,231.0,243.0,231.0,239.0,3.91,82311.0,235.6,169.7
PRVU,7/19/2020,243.0,251.0,243.0,251.0,5.02,1045.0,235.6,169.7
PRVU,7/20/2020,263.0,276.0,244.0,252.0,0.4,224526.0,235.6,169.7
PRVU,7/21/2020,252.0,260.0,245.0,247.0,-1.98,130577.0,235.6,169.7
PRVU,7/22/2020,251.0,251.0,243.0,244.0,-1.21,37960.0,235.6,169.7
PRVU,7/23/2020,241.0,245.0,236.0,244.0,0.0,54856.0,235.6,169.7
PRVU,7/26/2020,248.0,256.0,244.0,251.0,2.87,107006.0,235.6,169.7
PRVU,7/27/2020,262.0,262.0,248.0,250.0,-0.4,86888.0,235.6,169.7
PRVU,7/28/2020,253.0,255.0,245.0,247.0,-1.2,58061.0,235.6,169.7
PRVU,7/29/2020,245.0,247.0,239.0,240.0,-2.83,79262.0,235.6,169.7
PRVU,7/30/2020,240.0,246.0,237.0,243.0,1.25,72743.0,235.6,169.7
PRVU,8/2/2020,255.0,255.0,234.0,235.0,-3.29,103416.0,235.6,169.7
PRVU,8/3/2020,231.0,244.0,230.0,238.0,1.28,46839.0,235.6,169.7
PRVU,8/5/2020,237.0,237.0,230.0,231.0,-2.94,72973.0,235.6,169.7
PRVU,8/6/2020,232.0,233.0,228.0,232.0,0.43,66815.0,235.6,169.7
PRVU,8/9/2020,232.0,234.0,229.0,233.0,0.43,30569.0,235.6,169.7
PRVU,8/10/2020,235.0,240.0,235.0,239.0,2.58,61714.0,235.6,169.7
PRVU,8/11/2020,241.0,241.0,234.0,235.0,-1.67,46343.0,235.6,169.7
PRVU,8/12/2020,234.0,236.0,230.0,235.0,0.0,25728.0,235.6,169.7
PRVU,8/13/2020,231.0,236.0,230.0,232.0,-1.28,49023.0,235.6,169.7
PRVU,8/16/2020,228.0,228.0,223.0,226.0,-2.59,56831.0,235.6,169.7
PRVU,8/17/2020,226.0,227.0,223.0,227.0,0.44,50775.0,235.6,169.7
PRVU,8/18/2020,227.0,228.0,224.0,225.0,-0.88,55898.0,235.6,169.7
PRVU,8/19/2020,223.0,225.0,222.0,222.0,-1.33,50315.0,235.6,169.7
PRVU,8/20/2020,223.0,227.0,223.0,223.0,0.45,16771.0,235.6,169.7
PRVU,8/23/2020,225.0,226.0,223.0,225.0,0.9,17093.0,235.6,169.7
PRVU,8/24/2020,228.0,231.0,227.0,230.0,2.22,45395.0,235.6,169.7
PRVU,8/25/2020,233.0,233.0,229.0,229.0,-0.43,28219.0,235.6,169.7
PRVU,8/26/2020,233.0,240.0,230.0,240.0,4.8,135251.0,235.6,169.7
PRVU,8/27/2020,244.0,244.0,235.0,237.0,-1.25,78057.0,235.6,169.7
PRVU,8/30/2020,234.0,237.0,230.0,232.0,-2.11,49378.0,235.6,169.7
PRVU,8/31/2020,232.0,236.0,231.0,234.0,0.86,71613.0,235.6,169.7
PRVU,9/2/2020,238.0,239.0,233.0,237.0,1.28,89402.0,235.6,169.7
PRVU,9/3/2020,240.0,241.0,234.0,237.0,0.0,41696.0,235.6,169.7
PRVU,9/6/2020,245.0,245.0,233.0,233.0,-1.69,83624.0,235.6,169.7
PRVU,9/7/2020,230.0,232.0,227.0,229.0,-1.72,60421.0,235.6,169.7
PRVU,9/8/2020,229.0,229.0,227.0,228.0,-0.44,41534.0,235.6,169.7
PRVU,9/9/2020,228.0,230.0,226.0,229.0,0.44,61075.0,235.6,169.7
PRVU,9/10/2020,230.0,233.0,227.0,229.0,0.0,35226.0,235.6,169.7
PRVU,9/13/2020,230.0,230.0,226.0,229.0,0.0,82401.0,235.6,169.7
PRVU,9/14/2020,231.0,235.0,230.0,233.0,1.75,63175.0,235.6,169.7
PRVU,9/15/2020,234.0,235.0,229.0,230.0,-1.29,70574.0,235.6,169.7
PRVU,9/16/2020,234.0,234.0,227.0,228.0,-0.87,51706.0,235.6,169.7
PRVU,9/17/2020,232.0,240.0,228.0,238.0,4.39,184226.0,235.6,169.7
PRVU,9/20/2020,249.0,249.0,237.0,238.0,0.0,154941.0,235.6,169.7
PRVU,9/21/2020,240.0,243.0,235.0,237.0,-0.42,147288.0,235.6,169.7
PRVU,9/22/2020,248.0,248.0,232.0,233.0,-1.69,85937.0,235.6,169.7
PRVU,9/23/2020,234.0,235.0,231.0,233.0,0.0,59408.0,235.6,169.7
PRVU,9/24/2020,236.0,236.0,232.0,234.0,0.43,33258.0,235.6,169.7
PRVU,9/27/2020,233.0,244.0,231.0,239.0,2.14,321075.0,235.6,169.7
PRVU,9/28/2020,243.0,246.0,241.0,243.0,1.67,216925.0,235.6,169.7
PRVU,9/29/2020,245.0,245.0,239.0,239.0,-1.65,57427.0,235.6,169.7
PRVU,9/30/2020,238.0,239.0,236.0,238.0,-0.42,81817.0,235.6,169.7
PRVU,10/1/2020,227.0,245.0,227.0,244.0,2.52,263284.0,235.6,169.7
PRVU,10/4/2020,248.0,250.0,241.0,249.0,2.05,223578.0,235.6,169.7
PRVU,10/5/2020,249.0,250.0,244.0,244.0,-2.01,149835.0,235.6,169.7
PRVU,10/6/2020,246.0,246.0,241.0,244.0,0.0,124036.0,235.6,169.7
PRVU,10/7/2020,245.0,246.0,242.0,246.0,0.82,97360.0,235.6,169.7
PRVU,10/8/2020,255.0,255.0,244.0,244.0,-0.81,124671.0,235.6,169.7
PRVU,10/11/2020,243.0,245.0,240.0,241.0,-1.23,68764.0,235.6,169.7
PRVU,10/12/2020,241.0,243.0,238.0,243.0,0.83,65746.0,235.6,169.7
PRVU,10/13/2020,243.0,244.0,239.0,239.0,-1.65,68319.0,235.6,169.7
PRVU,10/14/2020,238.0,240.0,236.0,239.0,0.0,80090.0,235.6,169.7
PRVU,10/15/2020,240.0,243.0,238.0,238.0,-0.42,33520.0,235.6,169.7
PRVU,10/18/2020,240.0,240.0,236.0,237.0,-0.42,43295.0,235.6,169.7
PRVU,10/19/2020,240.0,240.0,237.0,239.0,0.84,24740.0,235.6,169.7
PRVU,10/20/2020,242.0,242.0,239.0,241.0,0.84,38914.0,235.6,169.7
PRVU,10/21/2020,245.0,246.0,243.0,245.0,1.66,66777.0,235.6,169.7
PRVU,10/22/2020,257.0,257.0,246.0,247.0,0.82,135168.0,235.6,169.7
PRVU,10/28/2020,250.0,269.0,250.0,268.0,8.5,623533.0,235.6,169.7
PRVU,10/29/2020,275.0,275.0,262.0,265.0,-1.12,507006.0,235.6,169.7
PRVU,11/1/2020,253.0,270.0,253.0,265.0,0.0,318940.0,235.6,169.7
PRVU,11/2/2020,278.0,278.0,259.0,261.0,-1.51,289672.0,235.6,169.7
PRVU,11/3/2020,250.0,266.0,250.0,262.0,0.38,182511.0,235.6,169.7
PRVU,11/4/2020,262.0,265.0,262.0,263.0,0.38,89621.0,235.6,169.7
PRVU,11/5/2020,270.0,270.0,262.0,266.0,1.14,279158.0,235.6,169.7
PRVU,11/8/2020,266.0,271.0,266.0,268.0,0.75,232426.0,235.6,169.7
PRVU,11/9/2020,270.0,275.0,268.0,270.0,0.75,304307.0,235.6,169.7
PRVU,11/10/2020,273.0,275.0,268.0,273.0,1.11,319087.0,235.6,169.7
PRVU,11/11/2020,286.0,286.0,272.0,273.0,0.0,154094.0,235.6,169.7
PRVU,11/12/2020,286.0,286.0,276.0,282.0,3.3,796656.0,235.6,169.7
PRVU,11/18/2020,290.0,297.0,285.0,297.0,5.32,567977.0,235.6,169.7
PRVU,11/19/2020,300.0,306.0,297.0,298.0,0.34,425312.0,235.6,169.7
PRVU,11/22/2020,305.0,319.0,303.0,318.0,6.71,720504.0,235.6,169.7
PRVU,11/23/2020,320.0,325.0,311.0,315.0,-0.94,430482.0,235.6,169.7
PRVU,11/24/2020,330.0,330.0,314.0,316.0,0.32,346436.0,235.6,169.7
PRVU,11/25/2020,316.0,336.0,316.0,333.0,5.38,608221.0,235.6,169.7
PRVU,11/26/2020,339.0,350.0,333.0,345.0,3.6,660724.0,235.6,169.7
PRVU,11/29/2020,350.0,379.0,350.0,379.0,9.86,885591.0,235.6,169.7
PRVU,11/30/2020,395.0,400.0,366.0,370.0,-2.37,959408.0,235.6,169.7
PRVU,12/1/2020,375.0,382.0,355.0,359.0,-2.97,576007.0,235.6,169.7
PRVU,12/2/2020,360.0,369.0,353.0,365.0,1.67,403905.0,235.6,169.7
PRVU,12/3/2020,365.0,378.0,355.0,358.0,-1.92,330408.0,235.6,169.7
PRVU,12/6/2020,358.0,360.0,342.0,342.0,-4.47,418264.0,235.6,169.7
PRVU,12/7/2020,340.0,345.0,320.0,345.0,0.88,759973.0,235.6,169.7
PRVU,12/8/2020,362.0,362.0,334.0,337.0,-2.32,272649.0,235.6,169.7
PRVU,12/9/2020,338.0,338.0,321.0,323.0,-4.15,268222.0,235.6,169.7
PRVU,12/10/2020,326.0,336.0,319.0,328.0,1.55,273804.0,235.6,169.7
PRVU,12/13/2020,344.0,349.0,333.0,349.0,6.4,358146.0,235.6,169.7
PRVU,12/14/2020,355.0,361.0,350.0,357.0,2.29,431012.0,235.6,169.7
PRVU,12/15/2020,374.0,374.0,351.0,353.0,-1.12,229498.0,235.6,169.7
PRVU,12/16/2020,370.0,370.0,345.0,355.0,0.57,258196.0,235.6,169.7
PRVU,12/17/2020,352.0,360.0,346.0,347.0,-2.25,186062.0,235.6,169.7
PRVU,12/20/2020,347.0,354.0,334.0,338.0,-2.59,446391.0,235.6,169.7
PRVU,12/21/2020,322.0,356.0,322.0,352.0,4.14,420610.0,235.6,169.7
PRVU,12/22/2020,360.0,383.0,356.0,379.0,7.67,859544.0,235.6,169.7
PRVU,12/23/2020,397.0,397.0,375.0,379.0,0.0,592933.0,235.6,169.7
PRVU,12/24/2020,379.0,382.0,372.0,375.0,-1.06,749324.0,235.6,169.7
PRVU,12/27/2020,350.0,350.0,334.0,335.0,-10.67,253156.0,235.6,169.7
PRVU,12/28/2020,335.0,350.0,332.0,350.0,4.48,268638.0,235.6,169.7
PRVU,12/29/2020,355.0,355.0,342.0,344.0,-1.71,161894.0,235.6,169.7
PRVU,12/30/2020,345.0,350.0,341.0,350.0,1.74,264443.0,235.6,169.7
PRVU,12/31/2020,350.0,361.0,350.0,354.0,1.14,327609.0,235.6,169.7
PRVU,1/3/2021,371.0,380.0,359.0,377.0,6.5,504787.0,235.6,169.7
PRVU,1/4/2021,380.0,389.0,364.0,369.0,-2.12,385237.0,235.6,169.7
PRVU,1/5/2021,371.0,374.0,362.0,368.0,-0.27,224947.0,235.6,169.7
PRVU,1/6/2021,369.0,373.0,366.0,370.0,0.54,391084.0,235.6,169.7
PRVU,1/7/2021,375.0,387.0,372.0,387.0,4.59,834169.0,235.6,169.7
PRVU,1/10/2021,395.0,415.0,395.0,414.0,6.98,986662.0,235.6,169.7
PRVU,1/11/2021,425.0,425.0,402.0,406.0,-1.93,611307.0,235.6,169.7
PRVU,1/12/2021,410.0,411.0,400.0,411.0,1.23,397329.0,235.6,169.7
PRVU,1/13/2021,414.0,420.0,409.0,410.0,-0.24,244625.0,235.6,169.7
PRVU,1/17/2021,410.0,420.0,406.0,414.0,0.98,378531.0,235.6,169.7
PRVU,1/18/2021,420.0,448.0,418.0,446.0,7.73,768755.0,235.6,169.7
PRVU,1/19/2021,454.0,469.0,446.0,459.0,2.91,777251.0,235.6,169.7
PRVU,1/20/2021,445.0,470.0,445.0,452.0,-1.53,646527.0,235.6,169.7
PRVU,1/21/2021,470.0,470.0,442.0,452.0,0.0,477642.0,235.6,169.7
PRVU,1/24/2021,474.0,474.0,447.0,456.0,0.88,452208.0,235.6,169.7
PRVU,1/25/2021,440.0,469.0,440.0,457.0,0.22,377811.0,235.6,169.7
PRVU,1/26/2021,439.0,465.0,439.0,450.0,-1.53,277872.0,235.6,169.7
PRVU,1/27/2021,460.0,465.0,440.0,443.0,-1.56,622574.0,235.6,169.7
PRVU,1/28/2021,445.0,450.0,428.0,433.0,-2.26,476317.0,235.6,169.7
PRVU,1/31/2021,433.0,433.0,420.0,424.0,-2.08,509343.0,235.6,169.7
PRVU,2/1/2021,427.0,435.0,420.0,430.0,1.42,368108.0,235.6,169.7
PRVU,2/2/2021,435.0,442.0,428.0,441.0,2.56,281176.0,235.6,169.7
PRVU,2/3/2021,445.0,454.0,432.0,435.0,-1.36,348032.0,235.6,169.7
PRVU,2/4/2021,456.0,456.0,422.0,433.0,-0.46,210454.0,235.6,169.7
PRVU,2/7/2021,454.0,454.0,430.0,436.0,0.69,346408.0,235.6,169.7
PRVU,2/8/2021,440.0,479.0,439.0,476.0,9.17,1346330.0,235.6,169.7
PRVU,2/9/2021,485.0,490.0,465.0,470.0,-1.26,644368.0,235.6,169.7
PRVU,2/10/2021,472.0,497.0,461.0,492.0,4.68,949365.0,235.6,169.7
PRVU,2/11/2021,501.0,501.0,479.0,480.0,-2.44,623616.0,235.6,169.7
PRVU,2/14/2021,482.0,485.0,469.0,474.0,-1.25,350729.0,235.6,169.7
PRVU,2/15/2021,483.0,490.0,475.0,485.0,2.32,417669.0,235.6,169.7
PRVU,2/16/2021,490.0,496.0,479.0,487.0,0.41,314316.0,235.6,169.7
PRVU,2/17/2021,500.0,504.0,478.0,490.0,0.62,516976.0,235.6,169.7
PRVU,2/18/2021,514.0,514.0,487.0,490.0,0.0,271576.0,235.6,169.7
PRVU,2/21/2021,494.0,495.0,480.0,482.0,-1.63,295761.0,235.6,169.7
PRVU,2/22/2021,480.0,480.0,465.0,467.0,-3.11,439421.0,235.6,169.7
PRVU,2/23/2021,468.0,472.0,449.0,471.0,0.86,471040.0,235.6,169.7
PRVU,2/24/2021,472.0,486.0,470.0,472.0,0.21,289913.0,235.6,169.7
PRVU,2/25/2021,495.0,495.0,463.0,465.0,-1.48,188556.0,235.6,169.7
PRVU,2/28/2021,465.0,465.0,447.0,447.0,-3.87,435735.0,235.6,169.7
PRVU,3/1/2021,469.0,469.0,440.0,456.0,2.01,289913.0,235.6,169.7
PRVU,3/2/2021,460.0,460.0,439.0,440.0,-3.51,306511.0,235.6,169.7
PRVU,3/3/2021,440.0,446.0,432.0,441.0,0.23,276585.0,235.6,169.7
PRVU,3/4/2021,445.0,460.0,442.0,455.0,3.17,307038.0,235.6,169.7
PRVU,3/7/2021,465.0,465.0,445.0,448.0,-1.54,209302.0,235.6,169.7
PRVU,3/9/2021,444.0,452.0,440.0,441.0,-1.56,136911.0,235.6,169.7
PRVU,3/10/2021,445.0,445.0,437.0,439.0,-0.45,130043.0,235.6,169.7
PRVU,3/14/2021,430.0,445.0,430.0,433.0,-1.37,221836.0,235.6,169.7
PRVU,3/15/2021,431.0,440.0,424.0,427.0,-1.39,186891.0,235.6,169.7
PRVU,3/16/2021,448.0,448.0,425.0,429.0,0.47,138168.0,235.6,169.7
PRVU,3/17/2021,435.0,436.0,429.0,435.0,1.4,159979.0,235.6,169.7
PRVU,3/18/2021,441.0,448.0,433.0,443.0,1.84,175819.0,235.6,169.7
PRVU,3/21/2021,443.0,449.0,440.0,447.0,0.9,190844.0,235.6,169.7
PRVU,3/22/2021,450.0,450.0,440.0,441.0,-1.34,129535.0,235.6,169.7
PRVU,3/23/2021,441.0,442.0,433.0,438.0,-0.68,121013.0,235.6,169.7
PRVU,3/24/2021,440.0,446.0,438.0,442.0,0.91,192811.0,235.6,169.7
PRVU,3/25/2021,446.0,450.0,438.0,438.0,-0.9,134322.0,235.6,169.7
PRVU,3/29/2021,438.0,441.0,435.0,435.0,-0.68,75072.0,235.6,169.7
PRVU,3/30/2021,435.0,442.0,433.0,439.0,0.92,125870.0,235.6,169.7
PRVU,3/31/2021,441.0,455.0,441.0,454.0,3.42,197755.0,235.6,169.7
PRVU,4/1/2021,460.0,460.0,454.0,458.0,0.88,188551.0,235.6,169.7
PRVU,4/4/2021,458.0,463.0,453.0,457.0,-0.22,208340.0,235.6,169.7
PRVU,4/5/2021,479.0,479.0,449.0,451.0,-1.31,174125.0,235.6,169.7
PRVU,4/6/2021,452.0,453.0,446.0,450.0,-0.22,93785.0,235.6,169.7
PRVU,4/7/2021,459.0,459.0,450.0,452.0,0.44,181542.0,235.6,169.7
PRVU,4/8/2021,459.0,459.0,450.0,451.0,-0.22,153752.0,235.6,169.7
PRVU,4/12/2021,450.0,457.0,450.0,454.0,0.67,214687.0,235.6,169.7
PRVU,4/13/2021,454.0,466.0,454.0,465.0,2.42,272443.0,235.6,169.7
PRVU,4/15/2021,465.0,478.0,465.0,470.0,1.08,326113.0,235.6,169.7
PRVU,4/18/2021,475.0,475.0,456.0,458.0,-2.55,211495.0,235.6,169.7
PRVU,4/19/2021,460.0,460.0,446.0,447.0,-2.4,234783.0,235.6,169.7
PRVU,4/20/2021,448.0,453.0,441.0,448.0,0.22,177373.0,235.6,169.7
PRVU,4/21/2021,455.0,455.0,439.0,442.0,-1.34,204506.0,235.6,169.7
PRVU,4/22/2021,438.0,447.0,435.0,443.0,0.23,158418.0,235.6,169.7
PRVU,4/25/2021,450.0,450.0,427.0,432.0,-2.48,280764.0,235.6,169.7
PRVU,4/26/2021,432.0,438.0,423.0,427.0,-1.16,351284.0,235.6,169.7
PRVU,4/27/2021,425.0,440.0,425.0,435.0,1.87,183022.0,235.6,169.7
PRVU,4/28/2021,450.0,450.0,430.0,430.0,-1.15,99659.0,235.6,169.7
PRVU,4/29/2021,430.0,435.0,430.0,433.0,0.7,67116.0,235.6,169.7
PRVU,5/2/2021,437.0,438.0,432.0,433.0,0.0,208402.0,235.6,169.7
PRVU,5/3/2021,438.0,441.0,431.0,432.0,-0.23,99461.0,235.6,169.7
PRVU,5/4/2021,432.0,435.0,428.0,430.0,-0.46,100617.0,235.6,169.7
PRVU,5/5/2021,430.0,434.0,429.0,430.0,0.0,74429.0,235.6,169.7
PRVU,5/6/2021,431.0,438.0,426.0,431.0,0.23,102968.0,235.6,169.7
PRVU,5/9/2021,429.0,438.0,426.0,430.0,-0.23,135122.0,235.6,169.7
PRVU,5/10/2021,430.0,435.0,429.0,432.0,0.47,81513.0,235.6,169.7
PRVU,5/11/2021,432.0,436.0,431.0,432.0,0.0,70531.0,235.6,169.7
PRVU,5/12/2021,436.0,436.0,430.0,431.0,-0.23,56440.0,235.6,169.7
PRVU,5/13/2021,434.0,435.0,430.0,433.0,0.46,109297.0,235.6,169.7
PRVU,5/16/2021,436.0,443.0,435.0,443.0,2.31,139117.0,235.6,169.7
PRVU,5/17/2021,430.0,454.0,430.0,444.0,0.23,152232.0,235.6,169.7
PRVU,5/18/2021,449.0,449.0,439.0,443.0,-0.23,128153.0,235.6,169.7
PRVU,5/19/2021,443.0,457.0,443.0,445.0,0.45,218528.0,235.6,169.7
PRVU,5/20/2021,450.0,453.0,441.0,448.0,0.67,141233.0,235.6,169.7
PRVU,5/23/2021,448.0,457.0,433.0,455.0,1.56,217466.0,235.6,169.7
PRVU,5/24/2021,460.0,475.0,455.0,461.0,1.32,414126.0,235.6,169.7
PRVU,5/25/2021,462.0,463.0,450.0,453.0,-1.74,170737.0,235.6,169.7
PRVU,5/27/2021,455.0,455.0,441.0,447.0,-1.32,181626.0,235.6,169.7
PRVU,5/30/2021,450.0,461.0,449.0,455.0,1.79,249514.0,235.6,169.7
PRVU,5/31/2021,455.0,463.0,446.0,447.0,-1.76,199702.0,235.6,169.7
PRVU,6/1/2021,454.0,454.0,440.0,442.0,-1.12,122675.0,235.6,169.7
PRVU,6/2/2021,464.0,464.0,439.0,446.0,0.9,124721.0,235.6,169.7
PRVU,6/3/2021,448.0,465.0,448.0,460.0,3.14,442090.0,235.6,169.7
PRVU,6/6/2021,465.0,488.0,465.0,479.0,4.13,772650.0,235.6,169.7
PRVU,6/7/2021,500.0,500.0,460.0,471.0,-1.67,587309.0,235.6,169.7
PRVU,6/8/2021,473.0,479.0,465.0,470.0,-0.21,396058.0,235.6,169.7
PRVU,6/9/2021,480.0,480.0,464.0,466.0,-0.85,242453.0,235.6,169.7
PRVU,6/10/2021,469.0,469.0,460.0,461.0,-1.07,309585.0,235.6,169.7
PRVU,6/13/2021,462.0,468.0,459.0,462.0,0.22,357327.0,235.6,169.7
PRVU,6/14/2021,465.0,484.0,465.0,474.0,2.6,413230.0,235.6,169.7
PRVU,6/15/2021,497.0,497.0,468.0,471.0,-0.63,406808.0,235.6,169.7
PRVU,6/16/2021,471.0,481.0,465.0,466.0,-1.06,272311.0,235.6,169.7
PRVU,6/17/2021,489.0,489.0,462.0,465.0,-0.21,198207.0,235.6,169.7
PRVU,6/20/2021,465.0,467.0,450.0,458.0,-1.51,270942.0,235.6,169.7
PRVU,6/21/2021,459.0,460.0,447.0,448.0,-2.18,229258.0,235.6,169.7
PRVU,6/22/2021,448.0,462.0,444.0,460.0,2.68,258794.0,235.6,169.7
PRVU,6/23/2021,465.0,466.0,448.0,450.0,-2.17,226206.0,235.6,169.7
PRVU,6/24/2021,453.0,453.0,445.0,447.0,-0.67,149261.0,235.6,169.7
PRVU,6/27/2021,451.0,459.0,444.0,456.0,2.01,171192.0,235.6,169.7
PRVU,6/28/2021,461.0,466.0,456.0,461.0,1.1,256569.0,235.6,169.7
PRVU,6/29/2021,468.0,468.0,449.0,450.0,-2.39,183981.0,235.6,169.7
PRVU,6/30/2021,451.0,451.0,444.0,450.0,0.0,106020.0,235.6,169.7
PRVU,7/1/2021,455.0,456.0,448.0,449.0,-0.22,86256.0,235.6,169.7
PRVU,7/4/2021,450.0,455.0,446.0,447.0,-0.45,94595.0,235.6,169.7
PRVU,7/5/2021,448.0,451.0,445.0,446.0,-0.22,78219.0,235.6,169.7
PRVU,7/6/2021,449.0,449.0,445.0,447.0,0.22,79628.0,235.6,169.7
PRVU,7/7/2021,469.0,469.0,445.0,446.0,-0.22,69790.0,235.6,169.7
PRVU,7/8/2021,447.0,450.0,444.0,449.0,0.67,116980.0,235.6,169.7
PRVU,7/11/2021,453.0,465.0,450.0,464.0,3.34,159089.0,235.6,169.7
PRVU,7/12/2021,470.0,471.0,451.0,458.0,-1.29,164643.0,235.6,169.7
PRVU,7/13/2021,460.0,465.0,452.0,460.0,0.44,101900.0,235.6,169.7
PRVU,7/14/2021,460.0,461.0,454.0,458.0,-0.43,86835.0,235.6,169.7
PRVU,7/15/2021,460.0,460.0,457.0,457.0,-0.22,80223.0,235.6,169.7
PRVU,7/18/2021,466.0,479.0,460.0,478.0,4.6,287240.0,235.6,169.7
PRVU,7/19/2021,487.5,503.0,481.0,486.0,1.67,435263.0,235.6,169.7
PRVU,7/20/2021,490.0,492.0,480.0,485.0,-0.21,163996.0,235.6,169.7
PRVU,7/22/2021,489.0,499.7,485.0,496.0,2.27,365627.0,235.6,169.7
PRVU,7/25/2021,502.0,520.0,500.0,519.0,4.64,585749.0,235.6,169.7
PRVU,7/26/2021,525.0,525.0,502.0,504.0,-2.89,434478.0,235.6,169.7
PRVU,7/27/2021,494.0,507.0,484.5,501.0,-0.6,484702.0,235.6,169.7
PRVU,7/28/2021,505.0,508.0,492.1,493.0,-1.6,215592.0,235.6,169.7
PRVU,7/29/2021,494.0,495.0,488.0,489.6,-0.69,239973.0,235.6,169.7
PRVU,8/1/2021,492.0,497.0,485.1,488.0,-0.33,136537.0,235.6,169.7
PRVU,8/2/2021,488.0,491.0,480.0,485.0,-0.61,187787.0,235.6,169.7
PRVU,8/3/2021,490.0,495.0,483.5,486.0,0.21,149078.0,235.6,169.7
PRVU,8/4/2021,486.0,493.0,486.0,489.8,0.78,139699.0,235.6,169.7
PRVU,8/5/2021,490.0,495.0,490.0,493.0,0.65,159594.0,235.6,169.7
PRVU,8/8/2021,493.0,499.9,489.7,491.0,-0.41,213971.0,235.6,169.7
PRVU,8/9/2021,496.0,496.0,485.0,485.5,-1.12,153599.0,235.6,169.7
PRVU,8/10/2021,494.0,502.5,483.0,496.0,2.16,282823.0,235.6,169.7
PRVU,8/11/2021,488.0,510.0,488.0,492.2,-0.77,177032.0,235.6,169.7
PRVU,8/12/2021,495.0,498.0,490.1,494.5,0.47,205553.0,235.6,169.7
PRVU,8/15/2021,484.7,505.0,480.0,488.0,-1.31,470218.0,235.6,169.7
PRVU,8/16/2021,488.0,492.0,478.0,479.0,-1.84,223406.0,235.6,169.7
PRVU,8/17/2021,480.0,481.0,468.0,469.0,-2.09,272901.0,235.6,169.7
PRVU,8/18/2021,470.0,480.0,461.0,473.5,0.96,254945.0,235.6,169.7
PRVU,8/19/2021,474.0,482.0,466.0,467.1,-1.35,163109.0,235.6,169.7
PRVU,8/24/2021,475.0,480.0,463.0,463.0,-0.88,151604.0,235.6,169.7
PRVU,8/25/2021,454.0,470.0,454.0,459.0,-0.86,145622.0,235.6,169.7
PRVU,8/26/2021,460.0,462.0,452.0,454.0,-1.09,213773.0,235.6,169.7
PRVU,8/29/2021,453.0,463.0,446.0,447.1,-1.52,211600.0,235.6,169.7
PRVU,8/31/2021,450.0,456.0,441.0,444.0,-0.69,188073.0,235.6,169.7
PRVU,9/1/2021,448.0,455.0,441.0,444.0,0.0,183817.0,235.6,169.7
PRVU,9/2/2021,447.0,448.0,438.0,440.0,-0.9,129571.0,235.6,169.7
PRVU,9/5/2021,440.0,440.0,420.5,429.0,-2.5,228304.0,235.6,169.7
PRVU,9/6/2021,425.0,445.7,425.0,445.0,3.73,169306.0,235.6,169.7
PRVU,9/7/2021,452.0,452.0,430.0,434.5,-2.36,134665.0,235.6,169.7
PRVU,9/8/2021,434.0,436.0,428.2,430.0,-1.04,122858.0,235.6,169.7
PRVU,9/9/2021,433.0,437.0,428.0,430.0,0.0,91941.0,235.6,169.7
PRVU,9/12/2021,438.6,447.3,427.0,434.2,0.98,80517.0,235.6,169.7
PRVU,9/13/2021,436.0,445.0,435.0,437.0,0.64,94713.0,235.6,169.7
PRVU,9/14/2021,437.0,444.0,435.0,439.0,0.46,61194.0,235.6,169.7
PRVU,9/15/2021,435.0,443.0,430.3,430.5,-1.94,50548.0,235.6,169.7
PRVU,9/16/2021,430.5,430.5,415.1,417.9,-2.93,186196.0,235.6,169.7
PRVU,9/20/2021,420.0,423.0,399.5,400.5,-4.16,197302.0,235.6,169.7
PRVU,9/21/2021,400.0,410.0,383.2,400.0,-0.12,165632.0,235.6,169.7
PRVU,9/22/2021,408.0,416.5,404.0,416.4,4.1,117162.0,235.6,169.7
PRVU,9/23/2021,424.7,443.7,424.0,431.5,3.63,252324.0,235.6,169.7
PRVU,9/26/2021,440.1,447.8,423.0,424.5,-1.62,164444.0,235.6,169.7
PRVU,9/27/2021,417.5,425.0,408.0,412.0,-2.94,95691.0,235.6,169.7
PRVU,9/28/2021,412.0,416.0,398.0,401.0,-2.67,147513.0,235.6,169.7
PRVU,9/29/2021,402.0,411.1,396.0,407.0,1.5,58982.0,235.6,169.7
PRVU,9/30/2021,408.0,410.8,398.0,399.1,-1.94,85319.0,235.6,169.7
PRVU,10/3/2021,399.1,406.0,391.2,392.0,-1.78,63956.0,235.6,169.7
PRVU,10/4/2021,396.0,398.0,385.0,391.3,-0.18,73825.0,235.6,169.7
PRVU,10/5/2021,395.0,401.9,388.0,397.9,1.69,46855.0,235.6,169.7
PRVU,10/6/2021,403.0,407.9,401.1,405.0,1.78,49205.0,235.6,169.7
PRVU,10/10/2021,410.0,410.0,396.2,398.0,-1.73,69699.0,235.6,169.7
PRVU,10/11/2021,403.0,403.0,389.2,398.0,0.0,84416.0,235.6,169.7
PRVU,10/17/2021,403.9,404.0,395.0,400.0,0.5,18492.0,235.6,169.7
PRVU,10/18/2021,408.0,408.0,386.0,388.0,-3.0,55352.0,235.6,169.7
PRVU,10/19/2021,381.3,381.3,370.0,371.0,-4.38,90756.0,235.6,169.7
PRVU,10/20/2021,378.4,392.0,374.0,379.0,2.16,77518.0,235.6,169.7
PRVU,10/21/2021,382.9,382.9,370.0,371.0,-2.11,57767.0,235.6,169.7
PRVU,10/24/2021,376.8,377.0,369.0,376.0,1.35,27204.0,235.6,169.7
PRVU,10/25/2021,380.0,391.0,377.0,390.0,3.72,55877.0,235.6,169.7
PRVU,10/26/2021,391.0,402.0,390.1,401.0,2.82,86525.0,235.6,169.7
PRVU,10/27/2021,401.0,408.0,395.0,400.0,-0.25,78371.0,235.6,169.7
PRVU,10/28/2021,399.0,400.0,393.1,395.0,-1.25,49085.0,235.6,169.7
PRVU,10/31/2021,400.0,403.0,394.1,395.0,0.0,75426.0,235.6,169.7
PRVU,11/1/2021,395.0,397.0,385.0,386.1,-2.25,146379.0,235.6,169.7
PRVU,11/2/2021,388.0,393.0,385.0,386.1,0.0,49177.0,235.6,169.7
PRVU,11/3/2021,393.8,396.0,387.0,387.5,0.36,49891.0,235.6,169.7
PRVU,11/8/2021,395.0,395.0,385.0,385.2,-0.59,47630.0,235.6,169.7
PRVU,11/9/2021,389.0,389.0,371.7,373.8,-2.96,94797.0,235.6,169.7
PRVU,11/11/2021,366.4,366.4,366.4,366.4,-1.98,100.0,235.6,169.7
PRVU,11/14/2021,366.0,370.0,360.0,363.0,-0.93,64587.0,235.6,169.7
PRVU,11/15/2021,370.0,370.2,362.0,364.0,0.28,96416.0,235.6,169.7
PRVU,11/16/2021,364.0,368.0,360.0,366.4,0.66,76765.0,235.6,169.7
PRVU,11/17/2021,373.7,381.0,368.0,375.0,2.35,56375.0,235.6,169.7
PRVU,11/18/2021,370.1,374.0,368.0,370.0,-1.33,70774.0,235.6,169.7
PRVU,11/21/2021,372.0,374.0,368.0,369.0,-0.27,55144.0,235.6,169.7
PRVU,11/22/2021,374.9,374.9,368.0,369.0,0.0,43630.0,235.6,169.7
PRVU,11/23/2021,370.0,370.0,363.0,365.0,-1.08,49641.0,235.6,169.7
PRVU,11/24/2021,365.0,365.0,359.0,360.1,-1.34,39077.0,235.6,169.7
PRVU,11/25/2021,358.0,367.0,358.0,361.0,0.25,56702.0,235.6,169.7
PRVU,11/28/2021,360.0,367.0,351.1,353.0,-2.22,63980.0,235.6,169.7
PRVU,11/29/2021,355.0,355.0,349.2,350.8,-0.62,47677.0,235.6,169.7
PRVU,11/30/2021,355.0,355.0,342.5,348.5,-0.66,71448.0,235.6,169.7
PRVU,12/1/2021,348.0,350.0,345.0,348.0,-0.14,20974.0,235.6,169.7
PRVU,12/2/2021,350.0,351.0,341.1,342.5,-1.58,46064.0,235.6,169.7
PRVU,12/5/2021,343.0,343.0,332.0,337.0,-1.61,62272.0,235.6,169.7
PRVU,12/6/2021,336.0,340.0,323.5,337.0,0.0,65450.0,235.6,169.7
PRVU,12/7/2021,342.0,343.7,334.0,334.0,-0.89,60917.0,235.6,169.7
PRVU,12/8/2021,336.5,337.0,323.0,324.9,-2.72,75993.0,235.6,169.7
PRVU,12/9/2021,330.9,331.5,325.0,328.5,1.11,46497.0,235.6,169.7
PRVU,12/12/2021,330.0,330.0,318.9,319.0,-2.89,92677.0,235.6,169.7
PRVU,12/13/2021,313.0,318.9,305.0,311.0,-2.51,158779.0,235.6,169.7
PRVU,12/14/2021,315.0,326.0,313.0,324.0,4.18,49046.0,235.6,169.7
PRVU,12/15/2021,330.4,341.0,324.0,328.0,1.23,107829.0,235.6,169.7
PRVU,12/16/2021,328.0,334.0,328.0,330.1,0.64,285599.0,235.6,169.7
PRVU,12/20/2021,294.0,295.0,285.3,288.7,-12.54,83209.0,235.6,169.7
PRVU,12/21/2021,285.0,296.0,285.0,296.0,2.53,74695.0,235.6,169.7
PRVU,12/22/2021,301.9,310.0,300.0,308.0,4.05,88893.0,235.6,169.7
PRVU,12/23/2021,314.1,314.1,304.0,304.1,-1.27,73515.0,235.6,169.7
PRVU,12/26/2021,305.0,311.0,304.1,308.0,1.28,69569.0,235.6,169.7
PRVU,12/27/2021,310.0,310.0,300.0,300.9,-2.31,86596.0,235.6,169.7
PRVU,12/28/2021,300.0,303.0,295.1,300.0,-0.3,49690.0,235.6,169.7
PRVU,12/29/2021,303.0,303.0,297.0,300.4,0.13,33027.0,235.6,169.7
PRVU,1/2/2022,306.4,308.0,300.1,305.0,1.53,63255.0,235.6,169.7
PRVU,1/3/2022,311.1,314.0,305.1,310.0,1.64,86056.0,235.6,169.7
PRVU,1/4/2022,316.2,329.0,306.2,329.0,6.13,136196.0,235.6,169.7
PRVU,1/5/2022,331.0,334.0,318.0,319.9,-2.77,81901.0,235.6,169.7
PRVU,1/6/2022,314.0,328.0,313.6,325.0,1.59,56965.0,235.6,169.7
PRVU,1/9/2022,329.4,338.0,324.4,337.0,3.69,632080.0,235.6,169.7
PRVU,1/10/2022,343.0,350.0,332.0,336.5,-0.15,136075.0,235.6,169.7
PRVU,1/11/2022,337.0,340.0,332.0,338.0,0.45,74992.0,235.6,169.7
PRVU,1/12/2022,340.0,343.0,328.0,332.0,-1.78,94046.0,235.6,169.7
PRVU,1/13/2022,332.0,336.6,327.0,335.0,0.9,80445.0,235.6,169.7
PRVU,1/16/2022,338.6,344.0,334.0,340.0,1.49,148315.0,235.6,169.7
PRVU,1/17/2022,345.9,353.0,337.5,342.0,0.59,125583.0,235.6,169.7
PRVU,1/18/2022,348.0,366.0,344.1,361.0,5.56,423443.0,235.6,169.7
PRVU,1/19/2022,368.2,377.0,358.0,366.0,1.39,256420.0,235.6,169.7
PRVU,1/20/2022,370.0,370.0,361.0,365.0,-0.27,86907.0,235.6,169.7
PRVU,1/23/2022,367.0,367.0,348.0,350.0,-4.11,287949.0,235.6,169.7
PRVU,1/24/2022,350.0,350.0,334.0,335.1,-4.26,175680.0,235.6,169.7
PRVU,1/25/2022,341.8,341.8,330.0,331.5,-1.07,91851.0,235.6,169.7
PRVU,1/26/2022,330.0,334.0,325.0,327.0,-1.36,74648.0,235.6,169.7
PRVU,1/27/2022,330.9,333.5,325.2,327.0,0.0,57733.0,235.6,169.7
PRVU,1/30/2022,333.5,344.0,332.6,338.0,3.36,83176.0,235.6,169.7
PRVU,1/31/2022,340.0,341.0,331.2,332.0,-1.78,72801.0,235.6,169.7
PRVU,2/1/2022,327.1,334.0,326.0,334.0,0.6,103728.0,235.6,169.7
PRVU,2/3/2022,336.0,339.9,331.5,333.0,-0.3,96481.0,235.6,169.7
PRVU,2/6/2022,331.9,333.0,327.0,328.0,-1.5,46551.0,235.6,169.7
PRVU,2/7/2022,327.0,328.0,324.0,325.0,-0.91,126569.0,235.6,169.7
PRVU,2/8/2022,331.5,339.0,323.4,325.0,0.0,101311.0,235.6,169.7
PRVU,2/9/2022,324.5,326.0,319.2,319.2,-1.78,95046.0,235.6,169.7
PRVU,2/10/2022,317.0,323.0,315.0,315.1,-1.28,88446.0,235.6,169.7
PRVU,2/13/2022,310.0,312.0,304.0,308.5,-2.09,122861.0,235.6,169.7
PRVU,2/14/2022,307.0,313.0,307.0,308.0,-0.16,74121.0,235.6,169.7
PRVU,2/15/2022,312.0,315.0,307.0,315.0,2.27,83609.0,235.6,169.7
PRVU,2/16/2022,315.0,317.0,308.0,308.0,-2.22,78923.0,235.6,169.7
PRVU,2/17/2022,310.0,314.0,309.0,310.0,0.65,39663.0,235.6,169.7
PRVU,2/20/2022,309.0,309.9,302.9,304.0,-1.94,79934.0,235.6,169.7
PRVU,2/21/2022,305.0,313.0,304.0,309.0,1.64,78811.0,235.6,169.7
PRVU,2/22/2022,311.0,315.1,311.0,313.4,1.42,83855.0,235.6,169.7
PRVU,2/23/2022,313.4,315.0,308.1,308.9,-1.44,55582.0,235.6,169.7
PRVU,2/24/2022,308.0,309.9,300.0,302.0,-2.23,118903.0,235.6,169.7
PRVU,2/27/2022,302.0,308.0,300.0,300.5,-0.5,89642.0,235.6,169.7
PRVU,2/28/2022,303.0,308.0,298.2,299.3,-0.4,89597.0,235.6,169.7
PRVU,3/2/2022,300.0,301.0,291.0,293.0,-2.1,116445.0,235.6,169.7
PRVU,3/6/2022,294.0,299.0,292.0,293.0,0.0,86424.0,235.6,169.7
PRVU,3/7/2022,295.0,297.0,288.0,294.0,0.34,118944.0,235.6,169.7
PRVU,3/9/2022,295.0,297.0,289.1,291.8,-0.75,46099.0,235.6,169.7
PRVU,3/10/2022,294.0,295.0,289.0,294.9,1.06,89745.0,235.6,169.7
PRVU,3/13/2022,297.0,311.0,296.1,308.0,4.44,131041.0,235.6,169.7
PRVU,3/14/2022,309.0,311.0,305.0,308.0,0.0,28122.0,235.6,169.7
PRVU,3/15/2022,308.0,308.0,300.9,305.9,-0.68,95721.0,235.6,169.7
PRVU,3/16/2022,304.0,308.0,301.0,304.0,-0.62,60116.0,235.6,169.7
PRVU,3/20/2022,304.0,305.0,298.0,302.0,-0.66,49036.0,235.6,169.7
PRVU,3/21/2022,303.0,304.0,298.4,303.5,0.5,33078.0,235.6,169.7
PRVU,3/22/2022,303.5,309.0,303.5,305.2,0.56,46422.0,235.6,169.7
PRVU,3/23/2022,305.0,307.0,299.5,300.0,-1.7,105526.0,235.6,169.7
PRVU,3/24/2022,300.0,303.0,295.0,299.9,-0.03,57856.0,235.6,169.7
PRVU,3/27/2022,299.9,300.0,294.0,298.0,-0.63,80222.0,235.6,169.7
PRVU,3/28/2022,298.0,298.0,292.2,293.0,-1.68,32685.0,235.6,169.7
PRVU,3/29/2022,295.0,295.0,290.1,290.2,-0.96,35687.0,235.6,169.7
PRVU,3/30/2022,294.0,294.0,289.1,293.8,1.24,46594.0,235.6,169.7
PRVU,3/31/2022,294.0,296.0,290.0,291.0,-0.95,67594.0,235.6,169.7
PRVU,4/3/2022,286.1,291.8,286.1,288.0,-1.03,25747.0,235.6,169.7
PRVU,4/4/2022,293.7,293.7,284.0,284.5,-1.22,62098.0,235.6,169.7
PRVU,4/5/2022,290.1,290.1,280.0,281.9,-0.91,57682.0,235.6,169.7
PRVU,4/6/2022,281.0,285.0,275.0,276.9,-1.77,53469.0,235.6,169.7
PRVU,4/7/2022,280.0,282.0,275.0,280.0,1.12,62361.0,235.6,169.7
PRVU,4/11/2022,282.0,291.3,276.0,277.0,-1.07,52131.0,235.6,169.7
PRVU,4/12/2022,277.0,279.0,275.0,276.0,-0.36,34450.0,235.6,169.7
PRVU,4/13/2022,280.0,322.0,274.0,278.0,0.72,75418.0,235.6,169.7
PRVU,4/17/2022,283.5,288.0,276.0,279.0,0.36,37849.0,235.6,169.7
PRVU,4/18/2022,276.2,279.0,272.6,274.0,-1.79,40803.0,235.6,169.7
PRVU,4/19/2022,279.4,279.4,266.3,276.0,0.73,51392.0,235.6,169.7
PRVU,4/20/2022,281.5,281.5,264.0,268.0,-2.9,81896.0,235.6,169.7
PRVU,4/21/2022,273.3,273.3,259.5,265.0,-1.12,57543.0,235.6,169.7
PRVU,4/24/2022,270.3,275.0,265.1,274.0,3.4,30884.0,235.6,169.7
PRVU,4/25/2022,275.0,277.0,269.0,269.0,-1.82,38721.0,235.6,169.7
PRVU,4/26/2022,269.0,274.0,265.0,267.0,-0.74,17236.0,235.6,169.7
PRVU,4/27/2022,267.0,271.7,264.1,268.0,0.37,28864.0,235.6,169.7
PRVU,4/28/2022,273.3,273.3,264.0,264.0,-1.49,51477.0,235.6,169.7
PRVU,5/2/2022,265.1,267.9,260.0,260.0,-1.52,34159.0,235.6,169.7
PRVU,5/4/2022,260.0,261.0,251.0,255.0,-1.92,71519.0,235.6,169.7
PRVU,5/5/2022,251.0,256.0,245.0,247.1,-3.1,97738.0,235.6,169.7
PRVU,5/8/2022,252.0,252.0,242.0,247.0,-0.04,56219.0,235.6,169.7
PRVU,5/9/2022,251.9,257.5,250.0,253.7,2.71,66004.0,235.6,169.7
PRVU,5/10/2022,253.0,262.0,253.0,261.9,3.23,44922.0,235.6,169.7
PRVU,5/11/2022,265.9,269.9,261.0,267.5,2.14,36855.0,235.6,169.7
PRVU,5/12/2022,272.0,272.0,263.0,265.0,-0.93,35333.0,235.6,169.7
PRVU,5/17/2022,265.0,265.0,255.2,255.3,-3.66,23639.0,235.6,169.7
PRVU,5/18/2022,254.0,260.0,251.0,259.0,1.45,13711.0,235.6,169.7
PRVU,5/19/2022,259.0,263.8,255.0,255.0,-1.54,22095.0,235.6,169.7
PRVU,5/20/2022,252.0,259.0,252.0,254.1,-0.35,19890.0,235.6,169.7
PRVU,5/23/2022,254.0,254.0,249.0,251.0,-1.22,40271.0,235.6,169.7
PRVU,5/24/2022,256.0,256.0,247.0,252.0,0.4,25665.0,235.6,169.7
PRVU,5/25/2022,254.0,255.0,252.1,255.0,1.19,20679.0,235.6,169.7
PRVU,5/26/2022,259.8,260.0,255.0,257.0,0.78,23464.0,235.6,169.7
PRVU,5/27/2022,262.1,262.1,252.0,255.0,-0.78,61702.0,235.6,169.7
PRVU,5/30/2022,255.0,255.0,247.0,250.0,-1.96,49875.0,235.6,169.7
PRVU,5/31/2022,250.0,250.0,246.0,248.0,-0.8,30380.0,235.6,169.7
PRVU,6/1/2022,250.0,250.0,245.0,247.5,-0.2,20763.0,235.6,169.7
PRVU,6/2/2022,250.0,250.0,245.0,246.9,-0.24,29698.0,235.6,169.7
PRVU,6/3/2022,246.9,246.9,239.8,241.0,-2.39,54574.0,235.6,169.7
PRVU,6/6/2022,241.0,244.8,237.2,240.0,-0.41,36663.0,235.6,169.7
PRVU,6/7/2022,243.0,243.0,232.5,233.0,-2.92,52964.0,235.6,169.7
PRVU,6/8/2022,235.0,242.0,229.6,240.0,3.0,36513.0,235.6,169.7
PRVU,6/9/2022,240.5,243.0,235.2,238.0,-0.83,27250.0,235.6,169.7
PRVU,6/10/2022,242.0,242.0,234.0,237.0,-0.42,26928.0,235.6,169.7
PRVU,6/13/2022,235.0,236.0,232.0,232.0,-2.11,33922.0,235.6,169.7
PRVU,6/14/2022,232.0,232.0,227.0,229.0,-1.29,24409.0,235.6,169.7
PRVU,6/15/2022,233.5,234.9,224.1,227.5,-0.66,84540.0,235.6,169.7
PRVU,6/16/2022,232.0,232.0,222.1,227.0,-0.22,60389.0,235.6,169.7
PRVU,6/17/2022,231.0,231.0,223.0,224.0,-1.32,19050.0,235.6,169.7
PRVU,6/19/2022,224.0,224.0,220.0,221.5,-1.12,70042.0,235.6,169.7
PRVU,6/20/2022,220.5,220.5,212.2,214.0,-3.39,74344.0,235.6,169.7
PRVU,6/21/2022,215.8,219.0,212.5,217.0,1.4,43025.0,235.6,169.7
PRVU,6/22/2022,217.0,218.0,213.8,216.9,-0.05,33743.0,235.6,169.7
PRVU,6/23/2022,216.0,216.0,212.1,215.9,-0.46,34778.0,235.6,169.7
PRVU,6/24/2022,213.0,217.8,212.0,213.6,-1.07,23135.0,235.6,169.7
PRVU,6/26/2022,217.0,221.2,214.0,219.0,2.53,74616.0,235.6,169.7
PRVU,6/27/2022,221.0,221.0,215.0,216.0,-1.37,51644.0,235.6,169.7
PRVU,6/28/2022,220.0,220.0,212.0,213.0,-1.39,41007.0,235.6,169.7
PRVU,6/29/2022,217.2,218.0,211.0,215.5,1.17,68097.0,235.6,169.7
PRVU,6/30/2022,218.0,222.0,215.0,222.0,3.02,72418.0,235.6,169.7
PRVU,7/1/2022,224.0,224.0,217.0,218.0,-1.8,48994.0,235.6,169.7
PRVU,7/3/2022,219.0,221.9,216.0,219.0,0.46,57000.0,235.6,169.7
PRVU,7/4/2022,221.0,224.0,217.0,217.9,-0.5,122428.0,235.6,169.7
PRVU,7/5/2022,215.0,220.0,213.0,213.0,-2.25,58774.0,235.6,169.7
PRVU,7/6/2022,217.0,217.0,211.0,215.4,1.13,55590.0,235.6,169.7
PRVU,7/7/2022,218.0,221.0,213.4,213.8,-0.74,64878.0,235.6,169.7
PRVU,7/8/2022,218.0,218.0,212.0,212.0,-0.84,42046.0,235.6,169.7
PRVU,7/11/2022,212.0,212.0,204.9,205.0,-3.3,75231.0,235.6,169.7
PRVU,7/12/2022,209.1,209.1,201.0,202.0,-1.46,83972.0,235.6,169.7
PRVU,7/13/2022,203.0,207.0,200.5,207.0,2.48,51389.0,235.6,169.7
PRVU,7/14/2022,211.0,211.0,205.1,207.0,0.0,46314.0,235.6,169.7
PRVU,7/15/2022,209.0,209.0,204.0,207.0,0.0,29174.0,235.6,169.7
PRVU,7/17/2022,211.1,218.0,206.9,216.8,4.73,68777.0,235.6,169.7
PRVU,7/18/2022,216.0,218.8,213.1,218.6,0.83,30190.0,235.6,169.7
PRVU,7/19/2022,222.0,222.0,218.0,219.2,0.27,56258.0,235.6,169.7
PRVU,7/20/2022,215.0,222.0,215.0,217.9,-0.59,28333.0,235.6,169.7
PRVU,7/21/2022,217.9,218.8,215.0,216.3,-0.73,32403.0,235.6,169.7
PRVU,7/22/2022,214.0,216.9,212.0,213.3,-1.39,46472.0,235.6,169.7
PRVU,7/24/2022,217.0,227.0,216.0,224.9,5.44,269339.0,235.6,169.7
PRVU,7/25/2022,229.0,232.5,226.0,231.9,3.11,127889.0,235.6,169.7
PRVU,7/26/2022,234.9,234.9,223.1,224.7,-3.1,98696.0,235.6,169.7
PRVU,7/27/2022,224.0,224.4,221.0,223.0,-0.76,58265.0,235.6,169.7
PRVU,7/28/2022,225.0,229.0,219.0,220.3,-1.21,92053.0,235.6,169.7
PRVU,7/29/2022,220.0,224.6,219.0,223.9,1.63,37276.0,235.6,169.7
PRVU,7/31/2022,227.6,234.5,220.0,231.0,3.17,172257.0,235.6,169.7
PRVU,8/1/2022,227.0,227.0,220.0,224.5,-2.81,182084.0,235.6,169.7
PRVU,8/2/2022,224.5,224.9,220.0,221.9,-1.16,69878.0,235.6,169.7
PRVU,8/3/2022,225.0,225.0,218.0,219.0,-1.31,119208.0,235.6,169.7
PRVU,8/4/2022,223.0,223.0,213.0,216.0,-1.37,58580.0,235.6,169.7
PRVU,8/5/2022,217.0,218.0,211.7,212.0,-1.85,67012.0,235.6,169.7
PRVU,8/7/2022,214.0,216.0,210.5,212.0,0.0,62109.0,235.6,169.7
PRVU,8/8/2022,214.0,214.9,211.1,212.3,0.14,47638.0,235.6,169.7
PRVU,8/9/2022,212.0,213.0,208.0,208.5,-1.79,61451.0,235.6,169.7
PRVU,8/10/2022,208.0,210.0,205.1,207.9,-0.29,68306.0,235.6,169.7
PRVU,8/11/2022,208.0,210.0,206.2,206.5,-0.67,58647.0,235.6,169.7
PRVU,8/14/2022,205.1,275.0,205.0,206.0,-0.24,42616.0,235.6,169.7
PRVU,8/15/2022,202.0,210.0,202.0,210.0,1.94,32888.0,235.6,169.7
PRVU,8/16/2022,211.8,214.0,207.0,207.0,-1.43,44638.0,235.6,169.7
PRVU,8/17/2022,205.0,210.0,205.0,207.5,0.24,49644.0,235.6,169.7
PRVU,8/18/2022,209.0,211.0,208.0,210.0,1.2,32614.0,235.6,169.7
PRVU,8/21/2022,214.0,214.1,209.3,210.0,0.0,36400.0,235.6,169.7
PRVU,8/22/2022,211.8,211.8,207.9,208.0,-0.95,42589.0,235.6,169.7
PRVU,8/23/2022,212.0,212.0,208.1,209.8,0.87,33396.0,235.6,169.7
PRVU,8/24/2022,211.0,212.9,209.0,210.0,0.1,37915.0,235.6,169.7
PRVU,8/25/2022,211.0,212.0,208.0,208.6,-0.67,32988.0,235.6,169.7
PRVU,8/26/2022,211.8,211.8,207.0,207.2,-0.67,10718.0,235.6,169.7
PRVU,8/28/2022,210.0,210.5,204.1,206.0,-0.58,75701.0,235.6,169.7
PRVU,8/29/2022,206.0,207.9,204.5,207.0,0.49,24989.0,235.6,169.7
PRVU,8/30/2022,207.0,208.7,205.1,206.0,-0.48,19179.0,235.6,169.7
PRVU,8/31/2022,206.0,208.0,204.1,204.5,-0.73,25427.0,235.6,169.7
PRVU,9/1/2022,203.0,206.9,203.0,203.9,-0.29,33371.0,235.6,169.7
PRVU,9/2/2022,200.0,208.7,200.0,204.8,0.44,9723.0,235.6,169.7
PRVU,9/4/2022,203.0,207.0,203.0,205.9,0.54,21712.0,235.6,169.7
PRVU,9/5/2022,207.0,207.0,205.0,205.5,-0.19,21344.0,235.6,169.7
PRVU,9/6/2022,204.3,207.0,204.0,204.0,-0.73,19571.0,235.6,169.7
PRVU,9/7/2022,204.0,205.0,203.4,203.5,-0.25,14389.0,235.6,169.7
PRVU,9/8/2022,203.5,206.0,203.0,205.4,0.93,30731.0,235.6,169.7
PRVU,9/11/2022,205.0,207.5,202.1,203.0,-1.17,31922.0,235.6,169.7
PRVU,9/12/2022,204.0,204.0,202.0,203.0,0.0,22968.0,235.6,169.7
PRVU,9/13/2022,204.0,205.8,203.2,204.5,0.74,16771.0,235.6,169.7
PRVU,9/14/2022,205.9,210.5,204.0,209.0,2.2,60345.0,235.6,169.7
PRVU,9/15/2022,209.0,210.0,202.0,203.4,-2.68,41314.0,235.6,169.7
PRVU,9/16/2022,203.0,203.5,199.5,201.0,-1.18,20080.0,235.6,169.7
PRVU,9/18/2022,199.0,201.0,197.9,198.2,-1.39,44471.0,235.6,169.7
PRVU,9/20/2022,198.3,200.0,195.8,196.0,-1.11,53906.0,235.6,169.7
PRVU,9/21/2022,195.7,200.0,195.0,198.0,1.02,21911.0,235.6,169.7
PRVU,9/22/2022,199.8,200.0,196.1,199.7,0.86,26570.0,235.6,169.7
PRVU,9/25/2022,196.2,198.0,193.2,195.0,-2.35,43414.0,235.6,169.7
PRVU,9/27/2022,194.0,205.0,193.5,201.0,3.08,45712.0,235.6,169.7
PRVU,9/28/2022,203.0,203.0,199.1,200.0,-0.5,20604.0,235.6,169.7
PRVU,9/29/2022,200.0,201.0,198.4,201.0,0.5,21917.0,235.6,169.7
PRVU,10/9/2022,200.0,205.0,200.0,205.0,1.99,21366.0,235.6,169.7
PRVU,10/10/2022,206.0,206.0,201.0,202.0,-1.46,21014.0,235.6,169.7
PRVU,10/11/2022,202.0,202.9,198.9,200.2,-0.89,22959.0,235.6,169.7
PRVU,10/12/2022,204.0,204.0,198.0,202.0,0.9,37499.0,235.6,169.7
PRVU,10/13/2022,205.0,205.0,198.0,200.4,-0.79,70609.0,235.6,169.7
PRVU,10/16/2022,199.0,203.5,198.0,199.9,-0.25,62014.0,235.6,169.7
PRVU,10/17/2022,200.0,207.0,200.0,207.0,3.55,129702.0,235.6,169.7
PRVU,10/19/2022,210.0,210.0,203.2,206.6,-0.19,21482.0,235.6,169.7
PRVU,10/20/2022,207.0,207.0,202.5,205.5,-0.53,12193.0,235.6,169.7
PRVU,10/23/2022,203.0,206.0,202.0,204.0,-0.73,73237.0,235.6,169.7
PRVU,10/31/2022,208.0,214.4,204.3,214.0,4.9,131761.0,235.6,169.7
PRVU,11/1/2022,215.0,224.0,212.1,223.0,4.21,85906.0,235.6,169.7
PRVU,11/2/2022,227.0,227.0,220.0,222.5,-0.22,81043.0,235.6,169.7
PRVU,11/3/2022,222.5,223.0,217.0,217.0,-2.47,51206.0,235.6,169.7
PRVU,11/6/2022,218.0,221.0,216.0,220.0,1.38,63085.0,235.6,169.7
PRVU,11/7/2022,220.0,224.4,215.7,221.7,0.77,94381.0,235.6,169.7
PRVU,11/8/2022,222.0,222.0,217.5,218.2,-1.58,23625.0,235.6,169.7
PRVU,11/9/2022,218.0,220.0,212.5,213.0,-2.38,60035.0,235.6,169.7
PRVU,11/10/2022,216.9,216.9,210.0,210.0,-1.41,35501.0,235.6,169.7
PRVU,11/13/2022,212.0,213.0,207.0,209.0,-0.48,26662.0,235.6,169.7
PRVU,11/14/2022,206.5,212.0,206.4,212.0,1.44,16303.0,235.6,169.7
PRVU,11/15/2022,212.0,215.0,210.0,212.0,0.0,20217.0,235.6,169.7
PRVU,11/16/2022,214.0,215.0,212.0,215.0,1.42,34758.0,235.6,169.7
PRVU,11/17/2022,215.0,219.3,215.0,219.0,1.86,36875.0,235.6,169.7
PRVU,11/22/2022,216.9,220.0,213.0,214.0,-2.28,40930.0,235.6,169.7
PRVU,11/23/2022,214.0,214.0,210.8,212.5,-0.7,11435.0,235.6,169.7
PRVU,11/24/2022,211.5,213.0,210.2,212.0,-0.24,20713.0,235.6,169.7
PRVU,11/27/2022,212.0,214.9,210.0,214.0,0.94,40854.0,235.6,169.7
PRVU,11/28/2022,216.0,216.0,210.0,212.9,-0.51,52896.0,235.6,169.7
PRVU,11/29/2022,210.7,213.3,210.0,211.1,-0.85,23118.0,235.6,169.7
PRVU,11/30/2022,210.9,214.0,208.6,210.1,-0.47,38601.0,235.6,169.7
PRVU,12/1/2022,210.3,211.0,207.2,208.3,-0.86,37985.0,235.6,169.7
PRVU,12/4/2022,208.6,210.0,206.0,207.0,-0.62,43319.0,235.6,169.7
PRVU,12/5/2022,204.2,208.0,203.1,204.0,-1.45,32515.0,235.6,169.7
PRVU,12/6/2022,206.9,206.9,200.9,203.2,-0.39,25910.0,235.6,169.7
PRVU,12/7/2022,204.0,204.8,201.5,202.9,-0.15,43142.0,235.6,169.7
PRVU,12/11/2022,200.2,204.0,198.6,199.5,-1.68,41104.0,235.6,169.7
PRVU,12/12/2022,199.9,202.0,198.1,201.9,1.2,106330.0,235.6,169.7
PRVU,12/13/2022,203.0,203.0,198.0,198.3,-1.78,53934.0,235.6,169.7
PRVU,12/14/2022,198.3,201.0,198.3,201.0,1.36,17513.0,235.6,169.7
PRVU,12/15/2022,202.0,203.8,199.2,201.9,0.45,89170.0,235.6,169.7
PRVU,12/18/2022,189.3,190.0,185.8,186.1,-7.83,42418.0,235.6,169.7
PRVU,12/19/2022,187.6,187.7,186.0,186.7,0.32,23791.0,235.6,169.7
PRVU,12/20/2022,188.0,191.0,185.3,188.3,0.86,36571.0,235.6,169.7
PRVU,12/21/2022,187.0,190.9,185.0,186.0,-1.22,29260.0,235.6,169.7
PRVU,12/22/2022,186.0,187.5,185.0,185.2,-0.43,31628.0,235.6,169.7
PRVU,12/26/2022,187.9,192.5,187.7,191.0,3.13,45092.0,235.6,169.7
PRVU,12/27/2022,193.8,200.0,192.0,199.0,4.19,71029.0,235.6,169.7
PRVU,12/28/2022,201.9,202.0,193.0,195.6,-1.71,51306.0,235.6,169.7
PRVU,12/29/2022,198.0,198.2,192.0,197.9,1.18,78438.0,235.6,169.7
PRVU,1/1/2023,200.0,201.8,195.1,196.1,-0.91,60647.0,235.6,169.7
PRVU,1/2/2023,198.0,198.0,194.0,197.4,0.66,39098.0,235.6,169.7
PRVU,1/3/2023,198.0,199.9,195.0,195.9,-0.76,53549.0,235.6,169.7
PRVU,1/4/2023,197.0,200.0,194.3,199.5,1.84,71643.0,235.6,169.7
PRVU,1/5/2023,199.5,204.0,198.0,198.9,-0.3,114292.0,235.6,169.7
PRVU,1/8/2023,196.0,202.0,196.0,198.0,-0.45,108234.0,235.6,169.7
PRVU,1/9/2023,198.0,209.0,196.2,208.0,5.05,181511.0,235.6,169.7
PRVU,1/10/2023,211.1,228.0,211.1,214.8,3.27,259254.0,235.6,169.7
PRVU,1/12/2023,218.0,227.0,209.6,211.0,-1.77,116158.0,235.6,169.7
PRVU,1/17/2023,211.0,214.0,206.0,209.0,-0.95,67350.0,235.6,169.7
PRVU,1/18/2023,213.0,213.0,207.1,208.5,-0.24,83222.0,235.6,169.7
PRVU,1/19/2023,208.0,213.0,207.5,211.0,1.2,84758.0,235.6,169.7
PRVU,1/23/2023,207.0,210.0,206.0,206.2,-2.27,108264.0,235.6,169.7
PRVU,1/24/2023,206.9,207.0,202.5,204.9,-0.63,55439.0,235.6,169.7
PRVU,1/25/2023,204.9,207.0,202.1,204.0,-0.44,33972.0,235.6,169.7
PRVU,1/26/2023,202.5,204.9,202.3,202.5,-0.74,27448.0,235.6,169.7
PRVU,1/29/2023,202.0,204.3,200.0,200.5,-0.99,50286.0,235.6,169.7
PRVU,1/30/2023,200.0,201.0,195.0,197.0,-1.75,59341.0,235.6,169.7
PRVU,1/31/2023,198.9,198.9,193.0,193.0,-2.03,55631.0,235.6,169.7
PRVU,2/1/2023,192.0,195.8,191.0,192.8,-0.1,42027.0,235.6,169.7
PRVU,2/2/2023,195.0,195.0,190.1,190.5,-1.19,45127.0,235.6,169.7
PRVU,2/5/2023,192.0,193.2,190.0,191.0,0.26,53046.0,235.6,169.7
PRVU,2/6/2023,193.7,193.7,190.0,190.6,-0.21,27169.0,235.6,169.7
PRVU,2/7/2023,193.0,202.9,193.0,202.0,5.98,54331.0,235.6,169.7
PRVU,2/8/2023,204.0,206.0,198.1,202.9,0.45,114199.0,235.6,169.7
PRVU,2/9/2023,201.0,203.9,198.9,200.0,-1.43,37479.0,235.6,169.7
PRVU,2/12/2023,199.0,199.0,193.2,194.0,-3.0,38077.0,235.6,169.7
PRVU,2/14/2023,196.0,196.0,191.8,193.6,-0.21,29682.0,235.6,169.7
PRVU,2/15/2023,193.0,194.0,190.3,190.6,-1.55,44584.0,235.6,169.7
PRVU,2/16/2023,193.4,193.4,189.2,189.2,-0.73,32439.0,235.6,169.7
PRVU,2/20/2023,191.9,193.0,187.5,189.0,-0.11,35018.0,235.6,169.7
PRVU,2/22/2023,190.0,192.0,188.3,189.0,0.0,35303.0,235.6,169.7
PRVU,2/23/2023,188.0,192.8,188.0,189.2,0.11,38576.0,235.6,169.7
PRVU,2/26/2023,188.0,190.0,186.0,189.5,0.16,27291.0,235.6,169.7
PRVU,2/27/2023,190.0,190.0,185.0,186.0,-1.85,60141.0,235.6,169.7
PRVU,2/28/2023,187.0,188.7,186.0,187.0,0.54,20981.0,235.6,169.7
PRVU,3/1/2023,189.6,189.6,186.5,188.0,0.53,32820.0,235.6,169.7
PRVU,3/2/2023,185.3,189.0,184.2,187.0,-0.53,28214.0,235.6,169.7
PRVU,3/5/2023,187.0,192.0,185.0,185.4,-0.86,39485.0,235.6,169.7
PRVU,3/7/2023,185.0,187.5,184.1,185.5,0.05,28088.0,235.6,169.7
PRVU,3/9/2023,187.2,189.1,185.0,188.0,1.35,32496.0,235.6,169.7
PRVU,3/12/2023,189.1,190.7,185.0,185.0,-1.6,24862.0,235.6,169.7
PRVU,3/13/2023,184.0,185.0,182.5,184.0,-0.54,37402.0,235.6,169.7
PRVU,3/14/2023,184.0,186.0,182.4,184.0,0.0,32347.0,235.6,169.7
PRVU,3/15/2023,184.0,184.0,179.5,182.5,-0.82,55901.0,235.6,169.7
PRVU,3/16/2023,180.0,182.3,178.9,180.0,-1.37,28942.0,235.6,169.7
PRVU,3/19/2023,176.5,180.3,176.4,178.1,-1.06,82772.0,235.6,169.7
PRVU,3/20/2023,178.2,180.3,176.4,179.0,0.51,52352.0,235.6,169.7
PRVU,3/22/2023,180.0,180.0,176.5,177.0,-1.12,56451.0,235.6,169.7
PRVU,3/23/2023,177.0,181.0,174.0,176.0,-0.56,84985.0,235.6,169.7
PRVU,3/26/2023,175.0,178.0,172.1,173.3,-1.53,68188.0,235.6,169.7
PRVU,3/27/2023,172.5,175.0,170.6,174.9,0.92,56374.0,235.6,169.7
PRVU,3/28/2023,175.0,177.0,173.0,174.2,-0.4,82969.0,235.6,169.7
PRVU,3/29/2023,171.5,176.6,171.0,172.1,-1.21,53480.0,235.6,169.7
PRVU,3/30/2023,174.0,174.1,171.5,172.0,-0.06,39773.0,235.6,169.7
PRVU,4/2/2023,174.5,175.0,170.0,170.0,-1.16,64710.0,235.6,169.7
PRVU,4/3/2023,170.0,171.9,170.0,171.0,0.59,37878.0,235.6,169.7
PRVU,4/4/2023,171.0,172.0,168.8,169.1,-1.11,44888.0,235.6,169.7
PRVU,4/5/2023,167.8,170.9,167.0,169.3,0.12,73721.0,235.6,169.7
PRVU,4/6/2023,171.0,171.1,168.0,170.0,0.41,68305.0,235.6,169.7
PRVU,4/9/2023,170.0,170.0,166.0,167.5,-1.47,93833.0,235.6,169.7
PRVU,4/10/2023,166.0,169.5,166.0,166.0,-0.9,71067.0,235.6,169.7
PRVU,4/11/2023,169.2,171.9,165.1,169.4,2.05,187594.0,235.6,169.7
PRVU,4/12/2023,171.0,181.0,171.0,179.9,6.2,127923.0,235.6,169.7
PRVU,4/13/2023,183.4,183.4,173.9,174.0,-3.28,101447.0,235.6,169.7
PRVU,4/16/2023,175.0,176.0,172.2,172.9,-0.63,51480.0,235.6,169.7
PRVU,4/17/2023,175.0,175.0,170.0,171.0,-1.1,58758.0,235.6,169.7
PRVU,4/18/2023,171.5,171.5,168.5,170.0,-0.58,57282.0,235.6,169.7
PRVU,4/19/2023,172.0,174.9,169.9,170.0,0.0,52017.0,235.6,169.7
PRVU,4/20/2023,172.0,174.0,168.7,169.3,-0.41,45793.0,235.6,169.7
PRVU,4/23/2023,170.0,170.0,167.0,168.2,-0.65,54539.0,235.6,169.7
PRVU,4/24/2023,170.0,170.0,167.0,170.0,1.07,55175.0,235.6,169.7
PRVU,4/25/2023,170.0,173.0,169.8,172.0,1.18,40743.0,235.6,169.7
PRVU,4/26/2023,170.2,173.0,168.0,169.0,-1.74,49396.0,235.6,169.7
PRVU,4/27/2023,167.5,170.0,167.5,169.0,0.0,40182.0,235.6,169.7
PRVU,4/30/2023,169.0,169.0,166.4,166.5,-1.48,82812.0,235.6,169.7
PRVU,5/2/2023,166.5,168.0,165.1,166.1,-0.24,89946.0,235.6,169.7
PRVU,5/3/2023,167.0,167.0,165.0,166.1,0.0,39809.0,235.6,169.7
PRVU,5/4/2023,168.0,168.0,165.1,166.5,0.24,43241.0,235.6,169.7
PRVU,5/7/2023,166.0,167.0,164.0,166.0,-0.3,62512.0,235.6,169.7
PRVU,5/8/2023,168.0,168.0,164.1,164.4,-0.96,54380.0,235.6,169.7
PRVU,5/9/2023,165.9,167.5,163.8,165.5,0.67,70072.0,235.6,169.7
PRVU,5/10/2023,165.0,167.0,164.0,165.3,-0.12,55810.0,235.6,169.7
PRVU,5/11/2023,164.1,167.0,164.1,166.3,0.6,31205.0,235.6,169.7
PRVU,5/14/2023,166.0,169.3,165.0,166.0,-0.18,51356.0,235.6,169.7
PRVU,5/15/2023,165.1,165.1,163.0,163.0,-1.81,139630.0,235.6,169.7
PRVU,5/16/2023,165.0,165.0,162.7,163.0,0.0,36404.0,235.6,169.7
PRVU,5/17/2023,164.0,166.0,163.1,164.1,0.67,40857.0,235.6,169.7
PRVU,5/18/2023,166.9,167.0,163.0,166.0,1.16,65982.0,235.6,169.7
PRVU,5/21/2023,168.0,169.3,165.4,165.4,-0.36,77294.0,235.6,169.7
PRVU,5/22/2023,166.0,167.5,164.6,166.9,0.91,77210.0,235.6,169.7
PRVU,5/23/2023,168.0,170.0,167.0,169.5,1.56,71347.0,235.6,169.7
PRVU,5/24/2023,171.0,171.7,168.5,169.0,-0.29,60591.0,235.6,169.7
PRVU,5/28/2023,170.0,171.0,167.0,168.0,-0.59,105971.0,235.6,169.7
PRVU,5/30/2023,168.0,170.0,164.0,164.1,-2.32,72977.0,235.6,169.7
PRVU,5/31/2023,164.0,165.0,159.0,159.4,-2.86,219066.0,235.6,169.7
PRVU,6/1/2023,160.0,163.0,158.7,161.0,1.0,102019.0,235.6,169.7
PRVU,6/4/2023,162.0,166.0,160.1,163.0,1.24,80653.0,235.6,169.7
PRVU,6/5/2023,162.0,164.3,160.5,160.6,-1.47,82456.0,235.6,169.7
PRVU,6/6/2023,161.9,162.9,159.1,162.0,0.87,122735.0,235.6,169.7
PRVU,6/7/2023,165.2,165.2,160.9,162.0,0.0,114065.0,235.6,169.7
PRVU,6/8/2023,165.0,165.0,159.8,160.1,-1.17,119485.0,235.6,169.7
PRVU,6/11/2023,163.0,164.0,161.2,163.0,1.81,94488.0,235.6,169.7
PRVU,6/12/2023,166.0,166.0,162.0,163.0,0.0,81255.0,235.6,169.7
PRVU,6/13/2023,166.0,166.0,160.0,164.0,0.61,154602.0,235.6,169.7
PRVU,6/14/2023,167.2,168.0,163.0,165.0,0.61,191206.0,235.6,169.7
PRVU,6/15/2023,167.0,167.5,163.7,164.8,-0.12,73145.0,235.6,169.7
PRVU,6/18/2023,165.0,166.0,163.6,164.6,-0.12,106105.0,235.6,169.7
PRVU,6/19/2023,166.0,166.0,162.6,163.0,-0.97,115637.0,235.6,169.7
PRVU,6/20/2023,165.0,166.5,163.0,164.0,0.61,91803.0,235.6,169.7
PRVU,6/21/2023,165.0,166.0,162.4,162.4,-0.98,120356.0,235.6,169.7
PRVU,6/22/2023,163.0,163.0,160.0,161.0,-0.86,160937.0,235.6,169.7
PRVU,6/25/2023,160.0,162.7,159.1,161.5,0.31,171746.0,235.6,169.7
PRVU,6/26/2023,161.5,164.5,160.5,161.7,0.12,137271.0,235.6,169.7
PRVU,6/27/2023,163.0,172.0,161.0,172.0,6.37,243075.0,235.6,169.7
PRVU,6/28/2023,174.0,175.0,167.0,167.0,-2.91,201257.0,235.6,169.7
PRVU,7/2/2023,169.0,169.0,162.1,162.5,-2.69,113904.0,235.6,169.7
PRVU,7/3/2023,162.0,162.9,159.5,160.0,-1.54,128008.0,235.6,169.7
PRVU,7/4/2023,161.0,164.0,159.0,159.0,-0.62,157246.0,235.6,169.7
PRVU,7/5/2023,155.9,162.1,155.9,156.9,-1.32,188716.0,235.6,169.7
PRVU,7/6/2023,155.0,159.0,155.0,158.0,0.7,214870.0,235.6,169.7
PRVU,7/9/2023,155.0,166.2,155.0,158.7,0.44,115727.0,235.6,169.7
PRVU,7/10/2023,160.0,160.0,157.0,158.0,-0.44,110468.0,235.6,169.7
PRVU,7/11/2023,156.0,158.5,156.0,157.7,-0.19,133908.0,235.6,169.7
PRVU,7/12/2023,159.9,160.0,157.0,159.0,0.82,144321.0,235.6,169.7
PRVU,7/13/2023,161.0,163.0,159.6,160.0,0.63,183895.0,235.6,169.7
PRVU,7/16/2023,162.0,163.0,160.0,162.6,1.62,136478.0,235.6,169.7
PRVU,7/17/2023,162.0,170.0,161.2,169.0,3.94,161071.0,235.6,169.7
PRVU,7/18/2023,169.0,172.0,168.5,169.7,0.41,216188.0,235.6,169.7
PRVU,7/19/2023,167.7,179.5,167.7,178.9,5.42,391365.0,235.6,169.7
PRVU,7/20/2023,180.0,182.4,176.3,177.5,-0.78,305740.0,235.6,169.7
PRVU,7/23/2023,180.0,195.1,176.5,192.8,8.62,491089.0,235.6,169.7
PRVU,7/24/2023,193.0,206.0,185.0,188.9,-2.02,784569.0,235.6,169.7
PRVU,7/25/2023,190.0,190.0,182.8,184.4,-2.38,260629.0,235.6,169.7
PRVU,7/26/2023,184.0,186.9,181.0,181.0,-1.84,161906.0,235.6,169.7
PRVU,7/27/2023,180.1,184.4,178.0,178.5,-1.38,179874.0,235.6,169.7
PRVU,7/30/2023,180.0,180.0,175.5,176.0,-1.4,153783.0,235.6,169.7
PRVU,7/31/2023,178.0,182.0,175.6,180.5,2.56,159779.0,235.6,169.7
PRVU,8/1/2023,182.9,183.9,174.6,174.9,-3.1,139095.0,235.6,169.7
PRVU,8/2/2023,176.0,178.0,173.5,176.1,0.69,122868.0,235.6,169.7
PRVU,8/3/2023,177.8,180.9,177.0,177.9,1.02,132132.0,235.6,169.7
PRVU,8/6/2023,177.0,177.0,170.0,170.2,-4.33,398277.0,235.6,169.7
PRVU,8/7/2023,169.0,171.9,165.7,167.3,-1.7,170380.0,235.6,169.7
PRVU,8/8/2023,168.0,168.0,163.0,163.8,-2.09,131953.0,235.6,169.7
PRVU,8/9/2023,163.2,166.0,162.0,165.8,1.22,96768.0,235.6,169.7
PRVU,8/10/2023,165.0,168.2,164.0,166.9,0.66,77909.0,235.6,169.7
PRVU,8/13/2023,168.5,169.3,165.0,167.0,0.06,84668.0,235.6,169.7
PRVU,8/14/2023,168.3,170.0,166.1,166.6,-0.24,93239.0,235.6,169.7
PRVU,8/15/2023,167.0,167.0,164.9,165.0,-0.96,78796.0,235.6,169.7
PRVU,8/16/2023,165.0,165.9,163.0,164.0,-0.61,64111.0,235.6,169.7
PRVU,8/17/2023,165.0,165.1,163.0,163.7,-0.18,82666.0,235.6,169.7
PRVU,8/20/2023,163.1,165.0,162.3,164.0,0.18,95562.0,235.6,169.7
PRVU,8/21/2023,164.5,164.5,162.0,162.2,-1.1,69773.0,235.6,169.7
PRVU,8/22/2023,163.0,165.1,160.0,163.0,0.49,125732.0,235.6,169.7
PRVU,8/23/2023,161.2,166.2,161.2,165.0,1.23,83303.0,235.6,169.7
PRVU,8/24/2023,166.0,166.7,162.2,163.1,-1.15,78848.0,235.6,169.7
PRVU,8/27/2023,163.9,163.9,160.9,161.0,-1.29,57025.0,235.6,169.7
PRVU,8/28/2023,161.0,164.0,160.6,162.0,0.62,76672.0,235.6,169.7
PRVU,8/29/2023,163.0,163.0,161.6,162.0,0.0,54482.0,235.6,169.7
PRVU,8/30/2023,165.2,165.2,161.2,161.5,-0.31,45028.0,235.6,169.7
PRVU,9/3/2023,161.0,162.2,160.4,161.5,0.0,84590.0,235.6,169.7
PRVU,9/4/2023,162.0,163.0,160.0,161.0,-0.31,55670.0,235.6,169.7
PRVU,9/5/2023,160.1,161.5,159.0,161.0,0.0,74689.0,235.6,169.7
PRVU,9/7/2023,160.5,161.0,158.3,158.9,-1.3,42456.0,235.6,169.7
PRVU,9/10/2023,159.89,160.5,157.3,159.0,0.06,84747.0,235.6,169.7
PRVU,9/11/2023,161.0,161.9,157.1,161.0,1.26,89956.0,235.6,169.7
PRVU,9/12/2023,163.0,170.0,159.1,159.5,-0.93,49055.0,235.6,169.7
PRVU,9/13/2023,161.0,161.8,159.1,160.9,0.88,52112.0,235.6,169.7
PRVU,9/17/2023,162.0,162.0,159.0,159.8,-0.68,85162.0,235.6,169.7
PRVU,9/18/2023,158.2,159.9,157.0,158.5,-0.81,72099.0,235.6,169.7
PRVU,9/19/2023,158.0,161.2,157.5,160.8,1.45,62533.0,235.6,169.7
PRVU,9/21/2023,161.0,166.0,161.0,163.0,1.37,105747.0,235.6,169.7
PRVU,9/24/2023,163.0,165.9,160.0,162.8,-0.12,63763.0,235.6,169.7
PRVU,9/25/2023,165.0,165.0,161.5,161.8,-0.61,35261.0,235.6,169.7
PRVU,9/26/2023,161.2,165.0,161.0,162.2,0.25,85759.0,235.6,169.7
PRVU,9/27/2023,161.0,163.0,160.3,161.7,-0.31,42030.0,235.6,169.7
PRVU,10/1/2023,164.5,164.5,159.5,161.0,-0.43,84380.0,235.6,169.7
PRVU,10/2/2023,160.0,161.9,159.2,160.9,-0.06,57630.0,235.6,169.7
PRVU,10/3/2023,160.0,161.9,159.0,161.8,0.56,59217.0,235.6,169.7
PRVU,10/4/2023,163.0,163.0,160.0,161.5,-0.19,54501.0,235.6,169.7
PRVU,10/5/2023,162.0,162.0,160.2,161.1,-0.25,49689.0,235.6,169.7
PRVU,10/8/2023,157.9,161.0,156.2,159.1,-1.24,125132.0,235.6,169.7
PRVU,10/9/2023,160.0,160.0,157.7,158.1,-0.63,77200.0,235.6,169.7
PRVU,10/10/2023,157.3,159.8,157.3,158.1,0.0,66290.0,235.6,169.7
PRVU,10/11/2023,157.1,159.9,157.1,158.0,-0.06,43166.0,235.6,169.7
PRVU,10/12/2023,157.2,159.4,155.6,156.5,-0.95,143916.0,235.6,169.7
PRVU,10/16/2023,157.0,157.9,153.7,155.0,-0.96,153893.0,235.6,169.7
PRVU,10/17/2023,156.0,158.1,154.1,156.9,1.23,106320.0,235.6,169.7
PRVU,10/18/2023,156.3,159.0,155.1,158.5,1.02,46055.0,235.6,169.7
PRVU,10/19/2023,158.0,160.4,152.3,158.0,-0.32,74619.0,235.6,169.7
PRVU,10/29/2023,157.0,158.0,156.0,158.0,0.0,23947.0,235.6,169.7
PRVU,10/30/2023,156.0,157.0,154.0,156.9,-0.7,48140.0,235.6,169.7
PRVU,10/31/2023,157.0,158.0,154.3,157.0,0.06,26636.0,235.6,169.7
PRVU,11/1/2023,157.0,158.0,154.7,155.0,-1.27,50766.0,235.6,169.7
PRVU,11/2/2023,155.0,156.0,153.6,154.0,-0.65,40614.0,235.6,169.7
PRVU,11/5/2023,156.0,156.4,153.6,155.0,0.65,110305.0,235.6,169.7
PRVU,11/6/2023,154.9,156.7,154.1,155.1,0.06,66020.0,235.6,169.7
PRVU,11/7/2023,157.0,157.0,154.0,155.0,-0.06,54475.0,235.6,169.7
PRVU,11/8/2023,154.2,156.5,154.0,155.4,0.26,42952.0,235.6,169.7
PRVU,11/9/2023,154.2,156.8,153.7,154.0,-0.9,53064.0,235.6,169.7
PRVU,11/20/2023,156.0,157.0,155.0,155.6,1.04,46848.0,235.6,169.7
PRVU,11/21/2023,154.0,157.5,153.3,156.5,0.58,55159.0,235.6,169.7
PRVU,11/22/2023,158.0,158.0,154.0,157.0,0.32,28637.0,235.6,169.7
PRVU,11/23/2023,158.8,158.8,155.0,156.6,-0.25,32554.0,235.6,169.7
PRVU,11/26/2023,155.0,159.5,155.0,159.5,1.85,69917.0,235.6,169.7
PRVU,11/27/2023,161.0,161.8,157.1,157.5,-1.25,84609.0,235.6,169.7
PRVU,11/28/2023,158.7,160.0,155.4,158.4,0.57,50187.0,235.6,169.7
PRVU,11/29/2023,159.0,159.0,157.0,158.0,-0.25,31325.0,235.6,169.7
PRVU,11/30/2023,158.0,159.0,155.7,156.0,-1.27,60166.0,235.6,169.7
PRVU,12/3/2023,156.2,157.3,156.0,156.1,0.06,35256.0,235.6,169.7
PRVU,12/4/2023,156.0,158.5,155.0,156.7,0.38,47466.0,235.6,169.7
PRVU,12/5/2023,158.0,158.0,155.4,155.7,-0.64,42871.0,235.6,169.7
PRVU,12/6/2023,155.0,158.0,155.0,156.0,0.19,48592.0,235.6,169.7
PRVU,12/7/2023,155.0,157.0,154.1,156.0,0.0,59227.0,235.6,169.7
PRVU,12/10/2023,158.0,171.6,158.0,169.9,8.91,15799.0,235.6,169.7
PRVU,12/11/2023,173.0,173.2,161.7,164.9,-2.94,276466.0,235.6,169.7
PRVU,12/12/2023,162.0,166.0,162.0,165.0,0.06,95159.0,235.6,169.7
PRVU,12/13/2023,168.3,170.0,164.8,166.0,0.61,111895.0,235.6,169.7
PRVU,12/14/2023,164.0,168.0,164.0,165.9,-0.06,63818.0,235.6,169.7
PRVU,12/17/2023,164.0,166.5,160.2,165.0,-0.54,158354.0,235.6,169.7
PRVU,12/18/2023,165.0,171.2,165.0,170.9,3.58,296563.0,235.6,169.7
PRVU,12/19/2023,173.4,176.4,171.1,176.4,3.22,229752.0,235.6,169.7
PRVU,12/20/2023,177.9,179.0,174.0,177.0,0.34,183739.0,235.6,169.7
PRVU,12/21/2023,177.0,177.0,170.4,171.0,-3.39,160473.0,235.6,169.7
PRVU,12/24/2023,170.4,172.9,165.3,165.3,-3.33,141447.0,235.6,169.7
PRVU,12/27/2023,167.0,169.3,164.5,166.0,0.42,115877.0,235.6,169.7
PRVU,12/28/2023,168.0,168.0,164.8,164.8,-0.72,104427.0,235.6,169.7
PRVU,1/1/2024,165.0,167.0,162.0,162.0,-1.7,147143.0,235.6,169.7
PRVU,1/2/2024,164.0,165.2,161.1,161.1,-0.56,73873.0,235.6,169.7
PRVU,1/3/2024,163.0,164.3,161.0,163.1,1.24,69611.0,235.6,169.7
PRVU,1/4/2024,164.1,166.0,162.0,162.4,-0.43,101203.0,235.6,169.7
PRVU,1/7/2024,162.1,164.0,160.0,160.1,-1.42,139715.0,235.6,169.7
PRVU,1/8/2024,162.0,163.0,159.3,161.6,0.94,113764.0,235.6,169.7
PRVU,1/9/2024,163.0,163.5,161.1,162.0,0.25,86246.0,235.6,169.7
PRVU,1/10/2024,163.0,168.5,163.0,165.1,1.91,177603.0,235.6,169.7
PRVU,1/11/2024,166.0,166.9,162.7,164.9,-0.12,92040.0,235.6,169.7
PRVU,1/14/2024,166.0,167.0,163.1,164.8,-0.06,105476.0,235.6,169.7
PRVU,1/16/2024,165.0,170.0,165.0,168.8,2.43,179667.0,235.6,169.7
PRVU,1/17/2024,168.8,176.2,168.8,170.9,1.24,387650.0,235.6,169.7
PRVU,1/18/2024,172.0,172.0,167.0,168.9,-1.17,134052.0,235.6,169.7
PRVU,1/21/2024,166.0,167.0,162.1,163.0,-3.49,252100.0,235.6,169.7
PRVU,1/22/2024,163.0,163.0,159.1,159.9,-1.9,209192.0,235.6,169.7
PRVU,1/23/2024,159.0,159.5,157.9,158.3,-1.0,121105.0,235.6,169.7
PRVU,1/24/2024,156.0,160.9,156.0,157.0,-0.82,108834.0,235.6,169.7
PRVU,1/25/2024,158.0,159.4,156.4,158.0,0.64,114629.0,235.6,169.7
PRVU,1/28/2024,159.0,159.9,156.7,156.7,-0.82,91428.0,235.6,169.7
PRVU,1/29/2024,158.0,158.8,156.0,156.6,-0.06,94419.0,235.6,169.7
PRVU,1/30/2024,157.0,159.0,155.5,156.2,-0.26,134676.0,235.6,169.7
PRVU,1/31/2024,157.9,157.9,155.0,155.5,-0.45,83101.0,235.6,169.7
PRVU,2/1/2024,155.0,156.0,153.0,154.0,-0.96,117945.0,235.6,169.7
PRVU,2/4/2024,155.0,155.7,153.6,153.7,-0.19,74863.0,235.6,169.7
PRVU,2/5/2024,154.0,155.9,152.8,154.0,0.2,71848.0,235.6,169.7
PRVU,2/6/2024,155.4,155.4,153.0,154.0,0.0,111956.0,235.6,169.7
PRVU,2/7/2024,156.0,156.8,154.0,154.4,0.26,56428.0,235.6,169.7
PRVU,2/8/2024,155.9,155.9,153.3,153.9,-0.32,84839.0,235.6,169.7
PRVU,2/11/2024,154.0,155.5,154.0,154.0,0.06,61017.0,235.6,169.7
PRVU,2/12/2024,155.0,156.0,154.0,154.9,0.58,67816.0,235.6,169.7
PRVU,2/13/2024,155.0,155.0,153.0,153.0,-1.23,66118.0,235.6,169.7
PRVU,2/14/2024,153.0,154.0,151.1,152.7,-0.2,82040.0,235.6,169.7
PRVU,2/15/2024,152.5,154.7,151.1,151.4,-0.85,65033.0,235.6,169.7
PRVU,2/18/2024,153.4,153.4,149.4,149.4,-1.32,106527.0,235.6,169.7
PRVU,2/20/2024,149.0,151.6,149.0,150.4,0.67,58193.0,235.6,169.7
PRVU,2/21/2024,150.5,152.0,150.0,150.6,0.13,53184.0,235.6,169.7
PRVU,2/22/2024,150.0,152.0,149.0,149.4,-0.8,74676.0,235.6,169.7
PRVU,2/25/2024,149.0,151.0,148.0,148.1,-0.87,61284.0,235.6,169.7
PRVU,2/26/2024,148.0,149.5,147.0,148.2,0.07,63747.0,235.6,169.7
PRVU,2/27/2024,148.0,148.3,146.6,147.0,-0.81,77943.0,235.6,169.7
PRVU,2/28/2024,146.0,146.5,143.1,144.0,-2.04,118082.0,235.6,169.7
PRVU,2/29/2024,144.0,145.5,141.2,141.5,-1.74,93101.0,235.6,169.7
PRVU,3/3/2024,141.0,141.1,139.5,141.0,-0.35,62430.0,235.6,169.7
PRVU,3/4/2024,143.1,151.9,143.1,151.9,7.73,3257.0,235.6,169.7
PRVU,3/5/2024,154.9,154.9,143.0,143.9,-5.27,91632.0,235.6,169.7
PRVU,3/6/2024,145.9,149.0,141.0,143.9,0.0,85534.0,235.6,169.7
PRVU,3/7/2024,141.5,145.9,141.5,145.0,0.76,46618.0,235.6,169.7
PRVU,3/10/2024,147.0,147.8,143.7,147.0,1.38,56657.0,235.6,169.7
PRVU,3/12/2024,149.9,150.6,146.2,150.0,2.04,94872.0,235.6,169.7
PRVU,3/13/2024,152.0,152.0,149.2,150.3,0.2,72367.0,235.6,169.7
PRVU,3/14/2024,151.6,151.6,147.5,148.9,-0.93,53208.0,235.6,169.7
PRVU,3/17/2024,151.8,151.8,145.1,146.0,-1.95,68802.0,235.6,169.7
PRVU,3/18/2024,148.9,148.9,143.1,145.5,-0.34,48642.0,235.6,169.7
PRVU,3/19/2024,145.0,146.5,144.0,145.0,-0.34,82215.0,235.6,169.7
PRVU,3/20/2024,147.9,147.9,142.5,142.8,-1.52,90210.0,235.6,169.7
PRVU,3/21/2024,142.0,144.5,142.0,143.0,0.14,78100.0,235.6,169.7
PRVU,3/25/2024,144.0,144.5,141.1,142.0,-0.7,48738.0,235.6,169.7
PRVU,3/26/2024,144.0,144.0,141.4,142.5,0.35,44466.0,235.6,169.7
PRVU,3/27/2024,142.5,142.5,140.1,141.3,-0.84,41914.0,235.6,169.7
PRVU,3/28/2024,141.0,142.5,140.0,141.0,-0.21,37985.0,235.6,169.7
PRVU,3/31/2024,143.0,143.0,140.0,141.0,0.0,53069.0,235.6,169.7
PRVU,4/1/2024,141.0,141.0,138.8,139.9,-0.78,50623.0,235.6,169.7
PRVU,4/2/2024,142.6,142.6,139.0,139.3,-0.43,65618.0,235.6,169.7
PRVU,4/3/2024,139.4,140.0,138.0,139.5,0.14,68897.0,235.6,169.7
PRVU,4/4/2024,140.0,141.5,138.2,139.1,-0.29,49921.0,235.6,169.7
PRVU,4/7/2024,138.5,140.0,135.8,139.0,-0.07,85099.0,235.6,169.7
PRVU,4/9/2024,140.0,142.0,139.0,140.9,1.37,51324.0,235.6,169.7
PRVU,4/10/2024,142.0,143.0,141.0,142.0,0.78,60817.0,235.6,169.7
PRVU,4/14/2024,141.1,141.6,139.0,139.1,-2.04,64568.0,235.6,169.7
PRVU,4/15/2024,136.7,139.3,136.7,138.0,-0.79,48007.0,235.6,169.7
PRVU,4/16/2024,137.0,139.0,136.2,137.6,-0.29,39191.0,235.6,169.7
PRVU,4/18/2024,139.0,139.3,137.0,139.0,1.02,134005.0,235.6,169.7
PRVU,4/21/2024,140.0,142.0,137.0,137.1,-1.37,46573.0,235.6,169.7
PRVU,4/22/2024,138.9,139.0,136.7,137.9,0.58,91797.0,235.6,169.7
PRVU,4/24/2024,140.0,140.0,137.0,139.6,1.23,43990.0,235.6,169.7
PRVU,4/25/2024,140.0,140.8,138.1,139.1,-0.36,64133.0,235.6,169.7
PRVU,4/28/2024,141.8,141.8,138.0,138.7,-0.29,44272.0,235.6,169.7
PRVU,4/29/2024,141.4,141.4,138.0,139.7,0.72,56473.0,235.6,169.7
PRVU,4/30/2024,142.4,142.4,139.0,141.3,1.15,78388.0,235.6,169.7
PRVU,5/2/2024,144.1,144.1,137.0,137.5,-2.69,123562.0,235.6,169.7
PRVU,5/5/2024,137.6,138.8,135.5,136.0,-1.09,95053.0,235.6,169.7
PRVU,5/6/2024,138.7,138.7,134.0,135.0,-0.74,110076.0,235.6,169.7
PRVU,5/7/2024,135.0,135.9,133.6,133.7,-0.96,53949.0,235.6,169.7
PRVU,5/8/2024,133.0,135.0,132.0,133.4,-0.22,52273.0,235.6,169.7
PRVU,5/9/2024,134.9,134.9,133.4,134.0,0.45,52196.0,235.6,169.7
PRVU,5/12/2024,136.6,137.2,134.6,136.0,1.49,56576.0,235.6,169.7
PRVU,5/13/2024,138.0,144.0,135.2,142.8,5.0,176962.0,235.6,169.7
PRVU,5/14/2024,145.6,145.6,139.0,141.5,-0.91,70637.0,235.6,169.7
PRVU,5/15/2024,143.4,143.5,139.0,140.0,-1.06,73883.0,235.6,169.7
PRVU,5/16/2024,142.8,142.8,138.0,139.0,-0.71,51280.0,235.6,169.7
PRVU,5/19/2024,141.7,143.4,140.0,143.1,2.95,145883.0,235.6,169.7
PRVU,5/20/2024,145.9,155.0,144.0,149.5,4.47,255420.0,235.6,169.7
PRVU,5/21/2024,150.0,151.9,148.0,151.0,1.0,98708.0,235.6,169.7
PRVU,5/22/2024,148.0,159.0,148.0,157.2,4.11,256224.0,235.6,169.7
PRVU,5/26/2024,157.2,159.9,153.1,153.9,-2.1,186901.0,235.6,169.7
PRVU,5/27/2024,153.0,155.0,151.1,152.0,-1.23,101787.0,235.6,169.7
PRVU,5/29/2024,155.0,157.0,148.6,148.6,-2.24,95416.0,235.6,169.7
PRVU,5/30/2024,151.5,151.5,144.3,144.7,-2.62,86567.0,235.6,169.7
PRVU,6/2/2024,147.5,147.5,143.4,144.9,0.14,68843.0,235.6,169.7
PRVU,6/3/2024,147.7,147.7,143.2,144.4,-0.35,48131.0,235.6,169.7
PRVU,6/4/2024,147.2,147.2,143.0,143.1,-0.9,41170.0,235.6,169.7
PRVU,6/5/2024,145.9,145.9,141.0,143.3,0.14,51923.0,235.6,169.7
PRVU,6/6/2024,146.1,146.1,141.0,142.8,-0.35,35225.0,235.6,169.7
PRVU,6/9/2024,145.6,145.6,139.1,141.0,-1.26,68083.0,235.6,169.7
PRVU,6/10/2024,143.8,143.8,140.1,142.0,0.71,45348.0,235.6,169.7
PRVU,6/11/2024,144.8,146.8,141.0,146.6,3.24,52871.0,235.6,169.7
PRVU,6/12/2024,147.0,149.0,145.5,148.2,1.09,93632.0,235.6,169.7
PRVU,6/13/2024,151.1,151.1,146.0,147.0,-0.81,60481.0,235.6,169.7
PRVU,6/16/2024,148.0,148.0,144.3,145.1,-1.29,67078.0,235.6,169.7
PRVU,6/18/2024,145.0,145.0,141.5,142.9,-1.52,65065.0,235.6,169.7
PRVU,6/19/2024,145.7,145.7,141.0,142.6,-0.21,46140.0,235.6,169.7
PRVU,6/20/2024,145.4,145.4,141.0,141.9,-0.49,31331.0,235.6,169.7
PRVU,6/23/2024,141.5,143.9,141.0,142.0,0.07,40249.0,235.6,169.7
PRVU,6/24/2024,144.8,144.8,139.6,141.0,-0.7,39416.0,235.6,169.7
PRVU,6/25/2024,138.5,142.8,138.5,140.1,-0.64,70165.0,235.6,169.7
PRVU,6/26/2024,138.39,141.8,138.39,139.9,-0.14,42589.0,235.6,169.7
PRVU,6/27/2024,139.9,141.0,138.2,138.5,-1.0,40535.0,235.6,169.7
PRVU,6/30/2024,139.0,139.5,138.0,138.0,-0.36,64456.0,235.6,169.7
PRVU,7/1/2024,137.5,144.3,137.0,144.2,4.49,85392.0,235.6,169.7
PRVU,7/2/2024,147.0,155.9,146.0,147.6,2.36,143538.0,235.6,169.7
PRVU,7/3/2024,149.8,149.8,143.0,148.0,0.27,66292.0,235.6,169.7
PRVU,7/4/2024,146.0,150.0,146.0,147.0,-0.68,97805.0,235.6,169.7
PRVU,7/7/2024,149.0,149.8,147.0,147.8,0.54,107328.0,235.6,169.7
PRVU,7/8/2024,148.0,148.5,146.4,148.0,0.14,54050.0,235.6,169.7
PRVU,7/9/2024,145.3,149.0,145.3,147.9,-0.07,66758.0,235.6,169.7
PRVU,7/10/2024,147.9,152.0,146.1,150.5,1.76,233060.0,235.6,169.7
PRVU,7/11/2024,153.5,158.4,149.0,158.2,5.12,310098.0,235.6,169.7
PRVU,7/14/2024,161.3,173.0,160.0,166.9,5.5,353767.0,235.6,169.7
PRVU,7/15/2024,170.2,172.0,161.4,163.7,-1.92,448766.0,235.6,169.7
PRVU,7/16/2024,160.5,171.0,160.5,170.5,4.15,282371.0,235.6,169.7
PRVU,7/17/2024,172.0,177.9,170.0,173.5,1.76,313465.0,235.6,169.7
PRVU,7/18/2024,175.5,190.8,173.0,190.0,9.51,1058642.0,235.6,169.7
PRVU,7/21/2024,190.0,204.8,188.3,204.6,7.68,987853.0,235.6,169.7
PRVU,7/22/2024,208.6,208.6,195.1,199.8,-2.35,994966.0,235.6,169.7
PRVU,7/23/2024,199.8,203.1,195.9,202.9,1.55,511955.0,235.6,169.7
PRVU,7/24/2024,204.0,207.8,197.0,198.5,-2.17,732781.0,235.6,169.7
PRVU,7/25/2024,200.0,201.9,195.5,199.0,0.25,671902.0,235.6,169.7
PRVU,7/28/2024,202.9,218.9,202.9,218.9,10.0,938841.0,235.6,169.7
PRVU,7/29/2024,223.2,240.0,223.2,228.9,4.57,1649446.0,235.6,169.7
PRVU,7/30/2024,230.0,230.5,218.0,225.1,-1.66,881708.0,235.6,169.7
PRVU,7/31/2024,229.6,230.0,225.1,227.3,0.98,668454.0,235.6,169.7
PRVU,8/1/2024,227.5,230.5,219.0,223.7,-1.58,575209.0,235.6,169.7
PRVU,8/5/2024,228.1,246.0,228.1,236.5,5.72,1546475.0,235.6,169.7
PRVU,8/6/2024,240.0,241.0,220.0,221.0,-6.55,1034154.0,235.6,169.7
PRVU,8/7/2024,217.0,233.0,217.0,228.0,3.17,637116.0,235.6,169.7
PRVU,8/8/2024,232.0,232.0,225.0,226.1,-0.83,503890.0,235.6,169.7
PRVU,8/11/2024,230.6,238.5,226.4,238.0,5.26,908870.0,235.6,169.7
PRVU,8/12/2024,242.7,250.0,238.8,246.7,3.66,901551.0,235.6,169.7
PRVU,8/13/2024,251.0,256.5,247.0,253.0,2.55,727754.0,235.6,169.7
PRVU,8/14/2024,255.0,255.0,245.1,255.0,0.79,635442.0,235.6,169.7
PRVU,8/15/2024,260.1,279.9,256.0,273.1,7.1,1186085.0,235.6,169.7
PRVU,8/18/2024,278.0,297.0,278.0,284.0,3.99,1597586.0,235.6,169.7
PRVU,8/21/2024,285.0,293.9,278.0,280.0,-1.41,850035.0,235.6,169.7
PRVU,8/22/2024,280.0,285.7,278.3,279.0,-0.36,530824.0,235.6,169.7
PRVU,8/25/2024,279.0,279.1,265.0,266.0,-4.66,798352.0,235.6,169.7
PRVU,8/27/2024,266.0,266.0,247.5,248.4,-6.62,1077310.0,235.6,169.7
PRVU,8/28/2024,249.0,265.0,247.1,255.8,2.98,735739.0,235.6,169.7
PRVU,8/29/2024,259.9,260.0,246.0,250.0,-2.27,554134.0,235.6,169.7
PRVU,9/1/2024,250.0,253.0,240.0,241.8,-3.28,430669.0,235.6,169.7
PRVU,9/2/2024,242.0,260.4,236.0,260.4,7.69,647946.0,235.6,169.7
PRVU,9/3/2024,265.6,267.0,255.0,258.2,-0.84,543079.0,235.6,169.7
PRVU,9/4/2024,263.3,263.3,244.0,246.7,-4.45,426720.0,235.6,169.7
PRVU,9/5/2024,247.0,248.8,241.0,245.2,-0.61,342257.0,235.6,169.7
PRVU,9/8/2024,245.2,252.0,239.9,241.0,-1.71,309753.0,235.6,169.7
PRVU,9/9/2024,241.0,243.8,230.3,233.0,-3.32,381284.0,235.6,169.7
PRVU,9/10/2024,235.0,243.0,230.0,233.0,0.0,274019.0,235.6,169.7
PRVU,9/11/2024,234.0,235.5,228.5,228.8,-1.8,229354.0,235.6,169.7
PRVU,9/12/2024,233.3,240.0,230.0,240.0,4.9,357465.0,235.6,169.7
PRVU,9/15/2024,244.0,248.0,235.0,236.0,-1.67,354625.0,235.6,169.7
PRVU,9/16/2024,237.0,237.0,227.6,229.0,-2.97,313866.0,235.6,169.7
PRVU,9/18/2024,224.5,236.0,224.5,233.0,1.75,239901.0,235.6,169.7
PRVU,9/22/2024,237.0,245.0,233.0,237.0,1.72,211227.0,235.6,169.7
PRVU,9/23/2024,240.0,240.0,231.0,231.9,-2.15,245810.0,235.6,169.7
PRVU,9/24/2024,231.0,236.0,225.0,227.3,-1.98,237224.0,235.6,169.7
PRVU,9/25/2024,229.0,234.0,224.2,233.0,2.51,224702.0,235.6,169.7
PRVU,9/26/2024,234.4,237.6,227.9,229.0,-1.72,124117.0,235.6,169.7
PRVU,9/29/2024,225.2,230.0,222.1,226.1,-1.27,138290.0,235.6,169.7
PRVU,9/30/2024,227.0,231.0,224.1,231.0,2.17,146735.0,235.6,169.7
PRVU,10/1/2024,229.0,242.0,229.0,241.9,4.72,308419.0,235.6,169.7
PRVU,10/2/2024,244.0,245.0,236.0,237.0,-2.03,224704.0,235.6,169.7
PRVU,10/6/2024,238.0,246.0,235.0,245.0,3.38,295805.0,235.6,169.7
PRVU,10/7/2024,247.7,254.2,246.6,251.7,2.73,293868.0,235.6,169.7
PRVU,10/8/2024,254.0,256.0,248.0,248.9,-1.11,200750.0,235.6,169.7
PRVU,10/9/2024,248.9,252.0,247.0,249.9,0.4,163770.0,235.6,169.7
PRVU,10/15/2024,254.5,256.0,249.5,253.1,1.28,150927.0,235.6,169.7
PRVU,10/16/2024,254.2,265.0,254.0,265.0,4.7,371321.0,235.6,169.7
PRVU,10/17/2024,269.0,273.0,262.0,265.0,0.0,524513.0,235.6,169.7
PRVU,10/20/2024,260.0,271.0,255.1,263.0,-0.75,682918.0,235.6,169.7
PRVU,10/21/2024,262.0,265.0,255.0,255.9,-2.7,432140.0,235.6,169.7
PRVU,10/22/2024,261.0,261.0,252.0,258.0,0.82,230874.0,235.6,169.7
PRVU,10/23/2024,263.1,263.1,247.0,248.0,-3.88,481682.0,235.6,169.7
PRVU,10/24/2024,250.0,250.5,232.7,240.0,-3.23,384944.0,235.6,169.7
PRVU,10/27/2024,239.0,241.0,237.0,237.2,-1.17,280328.0,235.6,169.7
PRVU,10/28/2024,241.9,242.7,237.3,241.1,1.64,136083.0,235.6,169.7
PRVU,10/29/2024,245.9,253.0,242.3,251.8,4.44,296756.0,235.6,169.7
PRVU,10/30/2024,256.0,256.0,246.0,247.3,-1.79,165901.0,235.6,169.7
PRVU,11/5/2024,250.9,250.9,245.0,246.0,-0.53,62522.0,235.6,169.7
PRVU,11/6/2024,245.0,245.0,241.2,242.2,-1.54,118819.0,235.6,169.7
PRVU,11/10/2024,244.0,249.0,241.5,248.5,2.6,181536.0,235.6,169.7
PRVU,11/11/2024,250.0,257.0,248.5,253.0,1.81,329696.0,235.6,169.7
PRVU,11/12/2024,255.0,257.0,249.0,250.2,-1.11,149082.0,235.6,169.7
PRVU,11/13/2024,250.1,251.0,245.0,245.3,-1.96,104210.0,235.6,169.7
PRVU,11/14/2024,248.9,248.9,242.4,245.2,-0.04,122464.0,235.6,169.7
PRVU,11/17/2024,245.2,250.0,243.4,244.0,-0.49,157485.0,235.6,169.7
PRVU,11/19/2024,244.0,247.8,240.3,240.3,-1.52,143285.0,235.6,169.7
PRVU,11/20/2024,243.0,243.0,237.0,238.0,-0.96,130664.0,235.6,169.7
PRVU,11/21/2024,241.0,241.0,234.0,235.0,-1.26,153946.0,235.6,169.7
PRVU,11/24/2024,239.7,239.7,232.5,233.3,-0.72,113694.0,235.6,169.7
PRVU,11/25/2024,237.9,237.9,232.0,233.1,-0.09,105125.0,235.6,169.7
PRVU,11/26/2024,237.7,242.3,233.8,238.0,2.1,117411.0,235.6,169.7
PRVU,11/27/2024,238.0,243.9,238.0,242.0,1.68,146117.0,235.6,169.7
PRVU,11/28/2024,242.5,244.0,238.0,238.0,-1.65,100304.0,235.6,169.7
PRVU,12/1/2024,242.7,242.7,233.1,233.5,-1.89,130998.0,235.6,169.7
PRVU,12/2/2024,230.0,239.2,230.0,232.0,-0.64,149608.0,235.6,169.7
PRVU,12/3/2024,236.6,236.6,230.6,232.9,0.39,105531.0,235.6,169.7
PRVU,12/4/2024,237.5,237.5,230.8,230.8,-0.9,120664.0,235.6,169.7
PRVU,12/5/2024,231.0,234.0,229.4,230.4,-0.17,94745.0,235.6,169.7
PRVU,12/8/2024,228.0,230.0,224.0,224.6,-2.52,202914.0,235.6,169.7
PRVU,12/9/2024,228.0,228.0,221.6,224.5,-0.04,102000.0,235.6,169.7
PRVU,12/10/2024,226.9,226.9,221.0,223.9,-0.27,88443.0,235.6,169.7
PRVU,12/11/2024,221.0,232.0,221.0,231.5,3.39,143870.0,235.6,169.7
PRVU,12/12/2024,236.1,236.1,225.0,225.0,-2.81,150406.0,235.6,169.7
PRVU,12/16/2024,225.0,225.0,221.0,222.0,-1.33,130342.0,235.6,169.7
PRVU,12/17/2024,226.4,226.4,220.6,223.8,0.81,78991.0,235.6,169.7
PRVU,12/18/2024,223.5,225.0,220.5,222.9,-0.4,119734.0,235.6,169.7
PRVU,12/19/2024,223.0,224.6,219.0,220.0,-1.3,119007.0,235.6,169.7
PRVU,12/22/2024,215.6,220.0,214.1,215.0,-2.27,185837.0,235.6,169.7
PRVU,12/23/2024,213.2,219.5,213.2,219.0,1.86,101124.0,235.6,169.7
PRVU,12/24/2024,223.3,232.0,219.0,230.5,5.25,365473.0,235.6,169.7
PRVU,12/26/2024,230.0,249.7,226.1,244.0,5.86,2099594.0,235.6,169.7
PRVU,12/29/2024,248.8,250.0,239.1,241.1,-1.19,1065655.0,235.6,169.7
PRVU,12/31/2024,245.9,249.9,233.0,238.0,-1.29,1508557.0,235.6,169.7
PRVU,1/1/2025,242.7,242.7,227.1,230.0,-3.36,384436.0,235.6,169.7
PRVU,1/2/2025,230.0,230.6,223.0,226.0,-1.74,216238.0,235.6,169.7
PRVU,1/5/2025,225.0,226.0,221.5,225.0,-0.44,383506.0,235.6,169.7
PRVU,1/6/2025,226.0,230.0,223.5,230.0,2.22,184972.0,235.6,169.7
PRVU,1/7/2025,234.6,234.6,226.0,228.9,-0.48,115795.0,235.6,169.7
PRVU,1/8/2025,233.4,233.4,224.5,225.7,-1.4,399194.0,235.6,169.7
PRVU,1/9/2025,226.0,228.0,222.0,223.8,-0.84,180599.0,235.6,169.7
PRVU,1/12/2025,225.0,225.0,220.1,222.5,-0.58,88530.0,235.6,169.7
PRVU,1/13/2025,221.0,222.7,219.0,219.7,-1.26,148022.0,235.6,169.7
PRVU,1/15/2025,218.1,222.5,218.1,219.1,-0.27,79494.0,235.6,169.7
PRVU,1/16/2025,220.0,221.0,216.8,218.9,-0.09,132947.0,235.6,169.7
PRVU,1/19/2025,216.2,219.0,215.1,217.0,-0.87,83095.0,235.6,169.7
PRVU,1/20/2025,221.3,230.0,221.1,222.0,2.3,252973.0,235.6,169.7
PRVU,1/21/2025,224.4,224.4,219.0,221.2,-0.36,116109.0,235.6,169.7
PRVU,1/22/2025,219.3,226.0,218.0,224.3,1.4,256408.0,235.6,169.7
PRVU,1/23/2025,226.7,227.4,221.0,221.4,-1.29,152553.0,235.6,169.7
PRVU,1/26/2025,223.0,223.0,216.1,218.1,-1.49,145890.0,235.6,169.7
PRVU,1/27/2025,220.5,220.5,215.6,217.4,-0.32,92839.0,235.6,169.7
PRVU,1/28/2025,216.1,219.7,215.3,217.5,0.05,130275.0,235.6,169.7
PRVU,2/2/2025,218.0,223.0,217.8,222.0,2.07,163667.0,235.6,169.7
PRVU,2/3/2025,224.0,228.9,223.0,223.5,0.68,223810.0,235.6,169.7
PRVU,2/4/2025,225.0,226.5,221.1,222.0,-0.67,119459.0,235.6,169.7
PRVU,2/5/2025,222.3,223.9,219.6,220.0,-0.9,103269.0,235.6,169.7
PRVU,2/6/2025,222.4,222.4,217.1,217.9,-0.95,107101.0,235.6,169.7
PRVU,2/9/2025,216.7,220.0,216.0,218.5,0.28,111825.0,235.6,169.7
PRVU,2/10/2025,220.0,220.9,216.1,218.0,-0.23,149007.0,235.6,169.7
PRVU,2/11/2025,216.0,220.0,216.0,217.7,-0.14,69744.0,235.6,169.7
PRVU,2/12/2025,217.9,220.0,216.1,217.0,-0.32,107486.0,235.6,169.7
PRVU,2/13/2025,217.0,220.0,216.0,216.7,-0.14,151967.0,235.6,169.7
PRVU,2/16/2025,217.1,219.7,216.3,217.6,0.42,80291.0,235.6,169.7
PRVU,2/17/2025,221.3,225.9,218.0,224.0,2.94,235079.0,235.6,169.7
PRVU,2/18/2025,228.4,230.5,223.9,224.0,0.0,355170.0,235.6,169.7
PRVU,2/20/2025,224.0,227.1,222.2,222.5,-0.67,116540.0,235.6,169.7
PRVU,2/23/2025,226.9,227.0,213.0,224.0,0.67,240186.0,235.6,169.7
PRVU,2/24/2025,219.6,228.0,219.6,222.1,-0.85,135354.0,235.6,169.7
PRVU,2/25/2025,224.3,225.4,220.0,222.1,0.0,104635.0,235.6,169.7
PRVU,2/27/2025,226.5,241.0,226.5,231.1,4.05,346108.0,235.6,169.7
PRVU,3/2/2025,233.7,237.9,231.0,236.5,2.34,204816.0,235.6,169.7
PRVU,3/3/2025,239.2,241.0,231.0,231.2,-2.24,304787.0,235.6,169.7
PRVU,3/4/2025,231.2,233.9,227.0,228.0,-1.38,280997.0,235.6,169.7
PRVU,3/5/2025,230.0,230.0,224.0,224.4,-1.58,121631.0,235.6,169.7
PRVU,3/6/2025,228.8,228.8,222.5,223.9,-0.22,172198.0,235.6,169.7
PRVU,3/9/2025,220.0,224.0,219.6,220.0,-1.74,146814.0,235.6,169.7
PRVU,3/10/2025,222.4,223.8,218.0,219.1,-0.41,140665.0,235.6,169.7
PRVU,3/11/2025,220.0,221.2,217.1,217.9,-0.55,107082.0,235.6,169.7
PRVU,3/12/2025,218.3,220.0,217.5,219.5,0.73,84454.0,235.6,169.7
PRVU,3/16/2025,221.0,221.0,216.4,218.0,-0.68,109120.0,235.6,169.7
PRVU,3/17/2025,216.4,219.3,215.5,216.1,-0.87,104466.0,235.6,169.7
PRVU,3/18/2025,220.4,220.4,215.5,216.5,0.19,69849.0,235.6,169.7
PRVU,3/19/2025,216.0,219.0,214.0,215.0,-0.69,134850.0,235.6,169.7
PRVU,3/20/2025,217.0,217.0,213.0,213.47,-0.71,90423.0,235.6,169.7
PRVU,3/23/2025,213.0,214.9,209.2,209.83,-1.71,140428.0,235.6,169.7
PRVU,3/24/2025,208.0,214.0,206.2,210.89,0.51,128445.0,235.6,169.7
PRVU,3/25/2025,207.0,212.8,203.0,205.31,-2.65,254953.0,235.6,169.7
PRVU,3/26/2025,207.3,210.0,205.0,209.61,2.09,105923.0,235.6,169.7
PRVU,3/27/2025,213.8,214.0,208.0,212.27,1.27,111802.0,235.6,169.7
PRVU,3/30/2025,208.1,218.0,208.1,214.99,1.28,182992.0,235.6,169.7
PRVU,4/1/2025,215.0,215.8,210.1,211.77,-1.5,148041.0,235.6,169.7
PRVU,4/2/2025,216.0,216.0,210.1,213.97,1.04,89120.0,235.6,169.7
PRVU,4/3/2025,215.8,220.0,212.1,214.18,0.1,350860.0,235.6,169.7
PRVU,4/7/2025,215.0,217.0,210.0,211.54,-1.23,112096.0,235.6,169.7
PRVU,4/8/2025,210.2,211.4,207.0,209.1,-1.15,200334.0,235.6,169.7
PRVU,4/9/2025,213.0,213.0,208.8,209.85,0.36,86177.0,235.6,169.7
PRVU,4/10/2025,212.5,213.7,208.1,208.77,-0.51,143631.0,235.6,169.7
PRVU,4/13/2025,208.7,211.9,207.0,207.45,-0.63,107499.0,235.6,169.7
PRVU,4/15/2025,211.0,211.9,206.8,209.51,0.99,91234.0,235.6,169.7
PRVU,4/16/2025,213.7,213.7,208.4,209.5,-0.0,137116.0,235.6,169.7
PRVU,4/17/2025,211.0,214.5,209.3,212.86,1.6,141807.0,235.6,169.7
PRVU,4/20/2025,213.0,216.0,209.0,209.57,-1.55,130227.0,235.6,169.7
PRVU,4/21/2025,205.5,210.0,205.5,206.83,-1.31,198951.0,235.6,169.7
PRVU,4/22/2025,206.0,208.0,205.0,205.69,-0.55,138731.0,235.6,169.7
PRVU,4/23/2025,204.0,205.0,202.0,203.16,-1.23,243669.0,235.6,169.7
PRVU,4/24/2025,203.0,205.0,200.1,202.08,-0.53,178909.0,235.6,169.7
PRVU,4/27/2025,203.0,205.0,201.1,201.82,-0.13,178640.0,235.6,169.7
PRVU,4/28/2025,203.0,203.0,200.0,200.05,-0.88,182792.0,235.6,169.7
PRVU,4/29/2025,204.0,204.0,198.0,198.64,-0.7,124834.0,235.6,169.7
PRVU,4/30/2025,202.6,202.6,197.0,197.93,-0.36,153465.0,235.6,169.7
PRVU,5/4/2025,198.1,201.0,197.0,198.26,0.17,99718.0,235.6,169.7
PRVU,5/5/2025,197.5,199.7,195.5,197.2,-0.53,114594.0,235.6,169.7
PRVU,5/6/2025,199.0,199.0,195.2,196.09,-0.56,92258.0,235.6,169.7
PRVU,5/7/2025,196.0,206.0,194.1,205.63,4.87,193776.0,235.6,169.7
PRVU,5/8/2025,206.9,207.0,201.7,204.13,-0.73,121838.0,235.6,169.7
PRVU,5/11/2025,204.0,206.9,201.0,201.21,-1.43,98889.0,235.6,169.7
PRVU,5/13/2025,203.9,205.0,198.5,199.12,-1.04,109223.0,235.6,169.7
PRVU,5/14/2025,199.1,201.0,198.0,198.24,-0.44,75759.0,235.6,169.7
PRVU,5/15/2025,202.2,202.2,197.5,197.92,-0.16,88758.0,235.6,169.7
PRVU,5/18/2025,199.0,199.7,197.0,197.44,-0.24,75409.0,235.6,169.7
PRVU,5/19/2025,199.0,201.2,197.0,199.61,1.1,64313.0,235.6,169.7
PRVU,5/20/2025,200.0,206.0,198.0,204.58,2.49,241079.0,235.6,169.7
PRVU,5/21/2025,208.6,217.0,203.9,204.43,-0.07,240339.0,235.6,169.7
PRVU,5/22/2025,205.1,216.0,204.0,215.25,5.29,612385.0,235.6,169.7
PRVU,5/25/2025,218.0,219.0,209.9,213.78,-0.68,294573.0,235.6,169.7
PRVU,5/26/2025,218.0,229.0,212.3,214.13,0.16,305228.0,235.6,169.7
PRVU,5/27/2025,209.9,216.0,209.9,214.14,0.0,156260.0,235.6,169.7
PRVU,5/28/2025,214.0,220.2,212.1,219.27,2.4,406565.0,235.6,169.7
PRVU,6/2/2025,223.6,227.0,217.1,217.72,-0.71,330022.0,235.6,169.7
PRVU,6/3/2025,215.4,217.5,210.0,210.48,-3.33,261440.0,235.6,169.7
PRVU,6/4/2025,214.0,214.0,208.0,210.55,0.03,141185.0,235.6,169.7
PRVU,6/5/2025,208.0,212.8,208.0,208.42,-1.01,162687.0,235.6,169.7
PRVU,6/8/2025,210.0,210.0,205.0,205.48,-1.41,166137.0,235.6,169.7
PRVU,6/9/2025,201.8,208.0,201.8,205.85,0.18,102916.0,235.6,169.7
PRVU,6/10/2025,206.0,210.0,206.0,208.69,1.38,130705.0,235.6,169.7
PRVU,6/11/2025,209.0,211.0,206.0,207.09,-0.77,117069.0,235.6,169.7
PRVU,6/12/2025,209.0,209.0,205.0,206.07,-0.49,118147.0,235.6,169.7
PRVU,6/15/2025,207.0,207.9,203.7,204.0,-1.0,134564.0,235.6,169.7
PRVU,6/16/2025,204.2,208.0,204.2,206.21,1.08,188334.0,235.6,169.7
PRVU,6/17/2025,206.0,208.0,204.0,205.02,-0.58,90696.0,235.6,169.7
PRVU,6/18/2025,205.0,207.0,203.0,204.34,-0.33,76524.0,235.6,169.7
PRVU,6/19/2025,205.0,205.0,202.1,202.35,-0.97,162291.0,235.6,169.7
PRVU,6/22/2025,206.0,206.0,200.0,200.6,-0.86,164369.0,235.6,169.7
PRVU,6/23/2025,202.0,202.6,198.6,200.26,-0.17,147239.0,235.6,169.7
PRVU,6/24/2025,202.0,206.0,201.5,201.74,0.74,113024.0,235.6,169.7
PRVU,6/25/2025,202.0,204.0,200.0,202.18,0.22,105647.0,235.6,169.7
PRVU,6/26/2025,204.0,205.0,200.1,200.79,-0.69,84629.0,235.6,169.7
PRVU,6/29/2025,200.1,206.4,200.0,205.98,2.58,134879.0,235.6,169.7
PRVU,6/30/2025,209.9,209.9,204.0,205.85,-0.06,76918.0,235.6,169.7
PRVU,7/1/2025,205.0,208.0,204.1,206.94,0.53,106393.0,235.6,169.7
PRVU,7/2/2025,206.0,212.0,206.0,211.38,2.15,209938.0,235.6,169.7
PRVU,7/3/2025,211.0,213.0,208.7,210.4,-0.46,152077.0,235.6,169.7
PRVU,7/6/2025,214.6,214.6,208.0,209.99,-0.19,155343.0,235.6,169.7
PRVU,7/7/2025,214.1,214.1,208.0,208.6,-0.66,227317.0,235.6,169.7
PRVU,7/8/2025,205.0,209.1,205.0,207.17,-0.69,76890.0,235.6,169.7
PRVU,7/9/2025,208.8,212.7,207.2,211.76,2.22,154020.0,235.6,169.7
PRVU,7/10/2025,213.0,221.2,212.1,218.51,3.19,590151.0,235.6,169.7
PRVU,7/13/2025,222.8,231.5,222.8,224.44,2.71,649321.0,235.6,169.7
PRVU,7/14/2025,225.0,225.0,215.4,216.79,-3.41,334859.0,235.6,169.7
PRVU,7/15/2025,217.0,222.0,214.0,220.62,1.77,270464.0,235.6,169.7
PRVU,7/16/2025,223.5,226.8,220.0,221.89,0.58,545653.0,235.6,169.7
PRVU,7/17/2025,223.0,228.4,222.5,227.46,2.51,424438.0,235.6,169.7
PRVU,7/20/2025,223.0,230.0,222.0,222.98,-1.97,611920.0,235.6,169.7
PRVU,7/21/2025,224.0,226.0,221.0,223.56,0.26,298905.0,235.6,169.7
PRVU,7/22/2025,224.0,234.5,224.0,232.95,4.2,711881.0,235.6,169.7
PRVU,7/23/2025,232.0,236.0,228.7,230.92,-0.87,398344.0,235.6,169.7
PRVU,7/24/2025,230.4,233.0,228.0,229.79,-0.49,414825.0,235.6,169.7
PRVU,7/27/2025,225.2,238.0,225.2,230.81,0.44,625254.0,235.6,169.7
PRVU,7/28/2025,230.1,235.4,226.1,234.27,1.5,521025.0,235.6,169.7
PRVU,7/29/2025,238.9,250.9,237.0,245.34,4.73,1858223.0,235.6,169.7
PRVU,7/30/2025,245.0,250.0,240.1,241.83,-1.43,740122.0,235.6,169.7
PRVU,7/31/2025,241.0,243.8,235.9,237.89,-1.63,486185.0,235.6,169.7
PRVU,8/3/2025,234.0,237.0,230.1,230.8,-2.98,507040.0,235.6,169.7
PRVU,8/4/2025,234.0,236.9,230.0,234.65,1.67,418247.0,235.6,169.7
PRVU,8/5/2025,238.0,241.0,231.3,231.62,-1.29,286678.0,235.6,169.7
PRVU,8/6/2025,236.2,236.2,228.9,229.93,-0.73,181160.0,235.6,169.7
PRVU,8/7/2025,234.5,234.5,227.7,231.4,0.64,264372.0,235.6,169.7
PRVU,8/11/2025,232.0,233.9,225.0,225.56,-2.52,241140.0,235.6,169.7
PRVU,8/12/2025,223.1,226.0,218.0,218.72,-3.03,265824.0,235.6,169.7
PRVU,8/13/2025,223.0,223.0,217.1,217.88,-0.38,380209.0,235.6,169.7
PRVU,8/14/2025,220.0,221.0,216.3,218.42,0.25,199551.0,235.6,169.7
PRVU,8/17/2025,218.0,220.0,213.5,214.08,-1.99,225427.0,235.6,169.7
PRVU,8/18/2025,212.6,215.5,211.2,214.99,0.43,139838.0,235.6,169.7
PRVU,8/19/2025,215.0,219.0,214.9,215.76,0.36,157905.0,235.6,169.7
PRVU,8/20/2025,220.0,220.0,214.0,214.2,-0.72,75147.0,235.6,169.7
PRVU,8/21/2025,215.9,216.0,212.1,212.86,-0.63,83557.0,235.6,169.7
PRVU,8/24/2025,212.86,214.9,209.0,209.37,-1.64,195488.0,235.6,169.7
PRVU,8/25/2025,211.0,212.0,207.5,210.71,0.64,80552.0,235.6,169.7
PRVU,8/26/2025,210.7,211.9,209.1,210.68,-0.01,58734.0,235.6,169.7
PRVU,8/27/2025,214.8,214.8,210.6,213.77,1.47,115402.0,235.6,169.7
PRVU,8/28/2025,213.7,217.0,212.0,212.33,-0.67,118331.0,235.6,169.7
PRVU,8/31/2025,212.33,213.0,209.0,209.7,-1.24,112838.0,235.6,169.7
PRVU,9/1/2025,213.8,213.8,207.0,212.48,1.33,105256.0,235.6,169.7
PRVU,9/2/2025,216.7,216.7,208.9,209.33,-1.48,68060.0,235.6,169.7
PRVU,9/3/2025,207.0,212.0,207.0,208.78,-0.26,73837.0,235.6,169.7
PRVU,9/4/2025,209.0,209.9,207.0,208.47,-0.15,77590.0,235.6,169.7
PRVU,9/7/2025,208.0,210.0,206.0,208.04,-0.21,63074.0,235.6,169.7
PRVU,9/8/2025,208.2,209.0,204.7,205.36,-1.29,106673.0,235.6,169.7
PRVU,9/18/2025,201.3,201.3,186.0,188.0,-8.45,20382.0,235.6,169.7
PRVU,9/21/2025,188.0,206.0,188.0,205.26,9.18,182799.0,235.6,169.7
PRVU,9/23/2025,206.8,209.9,205.1,208.1,1.38,117131.0,235.6,169.7
PRVU,9/24/2025,210.0,210.2,205.0,205.3,-1.35,72250.0,235.6,169.7
PRVU,9/25/2025,209.0,209.0,205.5,205.9,0.29,58870.0,235.6,169.7
PRVU,9/28/2025,206.0,208.9,206.0,207.9,0.97,50781.0,235.6,169.7
PRVU,10/7/2025,207.9,208.0,205.0,205.5,-1.15,197784.0,235.6,169.7
PRVU,10/8/2025,206.0,208.0,200.1,203.0,-1.22,202463.0,235.6,169.7
PRVU,10/9/2025,207.0,215.0,203.5,204.8,0.89,234309.0,235.6,169.7
PRVU,10/12/2025,203.0,204.9,199.2,201.0,-1.86,204676.0,235.6,169.7
PRVU,10/13/2025,205.0,205.0,196.0,201.9,0.45,94040.0,235.6,169.7
PRVU,10/14/2025,200.0,202.0,197.9,199.0,-1.44,130313.0,235.6,169.7
PRVU,10/15/2025,200.0,200.0,196.5,197.5,-0.75,54580.0,235.6,169.7
PRVU,10/16/2025,200.0,200.0,196.2,198.0,0.25,95955.0,235.6,169.7
PRVU,10/19/2025,198.0,199.9,196.0,199.4,0.71,32874.0,235.6,169.7
PRVU,10/26/2025,199.4,199.8,196.0,199.7,0.15,35769.0,235.6,169.7
PRVU,10/28/2025,200.0,204.8,199.0,203.0,1.65,78711.0,235.6,169.7
PRVU,10/29/2025,205.0,205.0,199.0,204.5,0.74,614059.0,235.6,169.7
PRVU,10/30/2025,208.5,208.5,199.1,203.0,-0.73,84446.0,235.6,169.7
PRVU,11/2/2025,207.0,207.0,201.2,203.0,0.0,88708.0,235.6,169.7
PRVU,11/3/2025,202.1,204.0,200.1,200.9,-1.03,89975.0,235.6,169.7
PRVU,11/4/2025,202.0,203.0,198.1,199.1,-0.9,82907.0,235.6,169.7
PRVU,11/5/2025,198.0,203.0,198.0,202.3,1.61,63622.0,235.6,169.7
PRVU,11/6/2025,202.0,202.9,200.1,200.2,-1.04,96885.0,235.6,169.7
PRVU,11/9/2025,198.0,198.0,195.0,195.5,-2.35,104188.0,235.6,169.7
PRVU,11/10/2025,195.0,196.0,187.9,187.9,-3.89,196060.0,235.6,169.7
PRVU,11/11/2025,190.0,194.8,184.3,191.9,2.13,234498.0,235.6,169.7
PRVU,11/12/2025,195.7,195.7,186.3,188.9,-1.56,84326.0,235.6,169.7
PRVU,11/13/2025,189.0,190.8,188.3,189.5,0.32,55877.0,235.6,169.7
PRVU,11/16/2025,190.5,190.5,186.5,187.5,-1.06,91853.0,235.6,169.7
PRVU,11/17/2025,187.0,188.7,185.0,187.5,0.0,80731.0,235.6,169.7
PRVU,11/18/2025,189.0,189.9,185.3,186.0,-0.8,158356.0,235.6,169.7
PRVU,11/19/2025,189.0,189.0,184.5,185.4,-0.32,97336.0,235.6,169.7
PRVU,11/20/2025,185.0,186.9,184.2,184.9,-0.27,73899.0,235.6,169.7
PRVU,11/23/2025,186.0,188.0,186.0,187.8,1.57,60365.0,235.6,169.7
PRVU,11/24/2025,189.0,194.0,189.0,192.6,2.56,132197.0,235.6,169.7
PRVU,11/25/2025,196.4,196.4,189.0,193.6,0.52,99322.0,235.6,169.7
PRVU,11/26/2025,193.0,196.0,190.1,194.1,0.26,99877.0,235.6,169.7
PRVU,11/27/2025,192.0,200.9,192.0,199.8,2.94,180485.0,235.6,169.7
PRVU,11/30/2025,200.0,200.9,194.0,194.0,-2.9,159170.0,235.6,169.7
PRVU,12/1/2025,190.2,193.0,187.0,191.0,-1.55,184837.0,235.6,169.7
PRVU,12/2/2025,189.0,190.0,187.2,189.0,-1.05,115149.0,235.6,169.7
PRVU,12/3/2025,189.0,190.0,186.5,188.4,-0.32,84908.0,235.6,169.7
PRVU,12/7/2025,188.5,188.5,184.9,185.4,-1.59,155505.0,235.6,169.7
PRVU,12/8/2025,181.7,187.6,181.7,184.1,-0.7,111338.0,235.6,169.7
PRVU,12/9/2025,184.0,185.4,183.5,185.0,0.49,84129.0,235.6,169.7
PRVU,12/10/2025,187.0,187.0,183.8,184.0,-0.54,59519.0,235.6,169.7
PRVU,12/11/2025,185.0,185.0,183.7,183.7,-0.16,79547.0,235.6,169.7
PRVU,12/14/2025,183.0,186.5,183.0,183.8,0.05,70904.0,235.6,169.7
PRVU,12/15/2025,182.5,184.9,182.5,183.0,-0.44,88273.0,235.6,169.7
PRVU,12/16/2025,184.0,185.6,183.0,184.6,0.87,46924.0,235.6,169.7
PRVU,12/17/2025,185.0,185.9,184.0,184.7,0.05,45344.0,235.6,169.7
PRVU,12/18/2025,183.3,186.0,183.3,185.0,0.16,73160.0,235.6,169.7
PRVU,12/21/2025,184.4,185.7,182.5,182.9,-1.14,73901.0,235.6,169.7
PRVU,12/22/2025,182.0,183.5,181.6,182.1,-0.44,88453.0,235.6,169.7
PRVU,12/23/2025,181.1,182.0,180.0,181.2,-0.49,111585.0,235.6,169.7
PRVU,12/24/2025,181.5,183.0,180.0,182.0,0.44,65718.0,235.6,169.7
PRVU,12/28/2025,183.0,187.0,181.2,186.0,2.2,195433.0,235.6,169.7
PRVU,12/29/2025,189.7,189.7,184.1,184.1,-1.02,115566.0,235.6,169.7
PRVU,12/31/2025,185.0,188.0,185.0,186.2,1.14,80045.0,235.6,169.7
PRVU,1/1/2026,185.0,187.8,185.0,185.2,-0.54,64352.0,235.6,169.7
PRVU,1/4/2026,185.2,187.0,181.5,184.7,-0.27,93732.0,235.6,169.7
PRVU,1/5/2026,186.0,186.6,184.1,185.2,0.27,101996.0,235.6,169.7
PRVU,1/6/2026,185.0,190.6,185.0,186.0,0.43,167707.0,235.6,169.7
PRVU,1/7/2026,185.2,187.5,185.2,186.0,0.0,56242.0,235.6,169.7
PRVU,1/8/2026,186.1,186.1,184.9,185.9,-0.05,49431.0,235.6,169.7
PRVU,1/12/2026,185.9,187.9,184.0,184.0,-1.02,112579.0,235.6,169.7
PRVU,1/13/2026,184.0,187.5,182.0,183.5,-0.27,139237.0,235.6,169.7
PRVU,1/14/2026,185.0,185.0,183.0,183.3,-0.11,67153.0,235.6,169.7
PRVU,1/18/2026,179.9,186.8,179.9,186.3,1.64,127534.0,235.6,169.7
PRVU,1/20/2026,187.5,192.0,187.0,189.0,1.45,207600.0,235.6,169.7
PRVU,1/21/2026,192.7,192.7,186.8,187.0,-1.06,96988.0,235.6,169.7
PRVU,1/22/2026,187.0,188.0,185.2,188.0,0.53,103997.0,235.6,169.7
PRVU,1/25/2026,188.0,196.3,188.0,195.9,4.2,258029.0,235.6,169.7
PRVU,1/26/2026,199.8,199.8,192.0,193.0,-1.48,188844.0,235.6,169.7
PRVU,1/27/2026,193.0,196.0,188.1,189.0,-2.07,161477.0,235.6,169.7
PRVU,1/28/2026,188.4,188.4,184.9,186.1,-1.53,220851.0,235.6,169.7
PRVU,1/29/2026,186.0,194.0,185.0,186.0,-0.05,249754.0,235.6,169.7
PRVU,2/1/2026,185.0,190.0,185.0,187.0,0.54,196619.0,235.6,169.7
PRVU,2/2/2026,190.7,190.7,185.1,185.6,-0.75,101171.0,235.6,169.7
PRVU,2/3/2026,185.0,187.0,183.5,183.7,-1.02,121030.0,235.6,169.7
PRVU,2/4/2026,180.1,187.2,180.1,184.0,0.16,122399.0,235.6,169.7
PRVU,2/5/2026,184.0,187.0,183.2,187.0,1.63,208736.0,235.6,169.7
PRVU,2/8/2026,188.5,188.6,184.0,185.0,-1.07,192208.0,235.6,169.7
PRVU,2/9/2026,181.3,185.1,181.3,184.3,-0.38,175132.0,235.6,169.7
PRVU,2/10/2026,185.0,185.0,182.0,182.3,-1.09,150750.0,235.6,169.7
PRVU,2/11/2026,185.0,187.9,182.7,183.0,0.38,107820.0,235.6,169.7
PRVU,2/12/2026,184.0,184.0,182.2,182.9,-0.05,145905.0,235.6,169.7
PRVU,2/16/2026,182.4,184.5,182.1,183.2,0.16,81151.0,235.6,169.7
PRVU,2/17/2026,183.9,183.9,181.2,182.0,-0.66,115308.0,235.6,169.7
PRVU,2/22/2026,182.0,184.0,180.9,182.0,0.0,84479.0,235.6,169.7
PRVU,2/23/2026,183.0,183.0,180.9,181.5,-0.27,106213.0,235.6,169.7
PRVU,2/24/2026,183.0,183.0,180.5,181.5,0.0,105219.0,235.6,169.7
PRVU,2/25/2026,181.6,183.0,181.1,182.4,0.5,190094.0,235.6,169.7
PRVU,2/26/2026,186.0,186.0,182.1,183.5,0.6,100712.0,235.6,169.7
PRVU,2/27/2026,186.0,186.0,182.1,183.5,0.0,100712.0,235.6,169.7
PRVU,2/28/2026,186.0,186.0,182.1,183.5,0.0,100712.0,235.6,169.7
PRVU,3/2/2026,187.1,187.1,180.7,186.8,1.8,170444.0,235.6,169.7
PRVU,3/3/2026,190.5,195.0,184.0,194.0,3.85,390743.0,235.6,169.7
PRVU,3/4/2026,190.5,195.0,184.0,194.0,0.0,390743.0,235.6,169.7
PRVU,3/5/2026,190.5,195.0,184.0,194.0,0.0,390743.0,235.6,169.7
PRVU,3/6/2026,190.5,195.0,184.0,194.0,0.0,390743.0,235.6,169.7
PRVU,3/7/2026,190.5,195.0,184.0,194.0,0.0,390743.0,235.6,169.7
PRVU,3/8/2026,190.5,195.0,184.0,194.0,0.0,390743.0,235.6,169.7
PRVU,3/9/2026,197.8,213.0,197.8,213.0,9.79,5262.0,235.6,169.7
PRVU,3/10/2026,217.2,224.0,204.0,209.0,-1.88,951258.0,235.6,169.7
PRVU,3/11/2026,209.0,211.4,204.0,204.9,-1.96,492547.0,235.6,169.7
PRVU,3/12/2026,208.0,216.1,201.5,213.2,4.05,776828.0,235.6,169.7
PRVU,3/13/2026,208.0,216.1,201.5,213.2,0.0,776828.0,235.6,169.7
PRVU,3/14/2026,208.0,216.1,201.5,213.2,0.0,776828.0,235.6,169.7
PRVU,3/15/2026,217.4,221.0,214.6,219.0,2.72,898091.0,235.6,169.7
PRVU,3/16/2026,219.0,221.0,210.8,211.8,-3.29,313914.0,235.6,169.7
PRVU,3/17/2026,213.0,215.2,206.6,215.2,1.61,548416.0,235.6,169.7
PRVU,3/18/2026,213.0,215.2,206.6,215.2,0.0,548416.0,235.6,169.7
PRVU,3/19/2026,211.0,235.0,211.0,223.3,3.76,1111074.0,235.6,169.7
PRVU,3/20/2026,211.0,235.0,211.0,223.3,0.0,1111074.0,235.6,169.7
PRVU,3/21/2026,211.0,235.0,211.0,223.3,0.0,1111074.0,235.6,169.7
PRVU,3/22/2026,227.7,233.3,223.3,231.0,3.45,1057642.0,235.6,169.7
PRVU,3/23/2026,235.6,235.6,224.0,229.7,-0.56,613630.0,235.6,169.7
PRVU,3/24/2026,230.0,231.0,225.3,229.1,-0.26,364653.0,235.6,169.7
PRVU,3/25/2026,224.6,231.5,222.9,223.1,-2.62,392802.0,235.6,169.7
PRVU,3/26/2026,224.9,224.9,220.0,223.7,-0.53,304331.0,235.6,169.7
PRVU,3/29/2026,222.0,225.9,214.0,214.9,-3.2,521561.0,235.6,169.7
PRVU,3/30/2026,214.0,217.0,208.2,209.5,-2.1,467588.0,235.6,169.7
PRVU,3/31/2026,210.0,214.0,204.5,212.9,1.38,339233.0,235.6,169.7
PRVU,4/1/2026,215.0,215.0,204.9,206.0,-4.19,279751.0,235.6,169.7
PRVU,4/2/2026,205.0,209.9,202.0,206.2,0.59,233724.0,235.6,169.7
PRVU,4/5/2026,210.0,210.0,195.0,198.0,-5.71,414277.0,235.6,169.7
PRVU,4/6/2026,197.0,209.8,195.0,205.2,4.16,437020.0,235.6,169.7
PRVU,4/7/2026,201.1,211.0,201.1,205.6,2.24,217605.0,235.6,169.7
PRVU,4/8/2026,209.7,209.7,204.0,208.2,-0.72,211806.0,235.6,169.7
PRVU,4/9/2026,208.9,213.8,206.0,212.9,1.91,320213.0,235.6,169.7
PRVU,4/10/2026,208.7,216.0,208.7,211.0,1.1,151190.0,235.6,169.7
PRVU,4/13/2026,208.0,212.7,208.0,209.0,0.48,86493.0,235.6,169.7
PRVU,4/15/2026,209.0,215.1,209.0,213.0,1.91,260210.0,235.6,169.7
PRVU,4/16/2026,213.0,213.0,208.2,209.0,-1.88,160962.0,235.6,169.7
PRVU,4/17/2026,204.9,215.2,204.9,206.0,0.54,1194367.0,235.6,169.7
PRVU,4/20/2026,206.0,207.1,204.0,204.9,-0.53,124691.0,235.6,169.7
PRVU,4/21/2026,205.0,205.7,202.1,202.9,-1.02,139790.0,235.6,169.7
PRVU,4/22/2026,213.0,213.0,199.0,202.9,-4.74,295171.0,235.6,169.7
PRVU,4/23/2026,205.0,206.0,199.0,201.0,-1.95,164612.0,235.6,169.7
PRVU,4/24/2026,211.0,211.0,197.5,201.3,-4.6,127874.0,235.6,169.7
PRVU,4/27/2026,201.3,203.9,200.3,202.4,0.55,99263.0,235.6,169.7
PRVU,4/28/2026,202.4,203.0,199.0,199.5,-1.43,219397.0,235.6,169.7
PRVU,4/29/2026,199.5,199.5,193.0,196.3,-1.6,232563.0,235.6,169.7
PRVU,4/30/2026,197.0,197.0,191.2,196.0,-0.51,156425.0,235.6,169.7
PRVU,5/4/2026,196.0,197.9,192.0,192.6,-1.73,131938.0,235.6,169.7
PRVU,5/5/2026,194.0,196.0,191.2,194.0,0.0,131119.0,235.6,169.7
PRVU,5/6/2026,200.0,200.0,191.5,193.8,-3.1,63489.0,235.6,169.7
PRVU,5/7/2026,190.0,196.0,190.0,196.0,3.16,95677.0,235.6,169.7
PRVU,5/8/2026,198.0,199.8,195.0,199.8,0.91,89718.0,235.6,169.7
PRVU,5/11/2026,205.0,205.0,198.0,203.0,-0.98,123950.0,235.6,169.7
PRVU,5/12/2026,205.0,205.0,199.0,200.4,-2.24,128016.0,235.6,169.7
PRVU,5/13/2026,195.0,200.0,195.0,199.0,2.05,75214.0,235.6,169.7
PRVU,5/14/2026,201.0,201.0,197.0,198.0,-1.49,63202.0,235.6,169.7
PRVU,5/15/2026,198.0,200.0,196.0,198.6,0.3,44799.0,235.6,169.7
PRVU,5/18/2026,200.0,201.7,196.1,199.0,-0.5,49849.0,235.6,169.7
PRVU,5/19/2026,200.0,200.0,197.0,198.5,-0.75,44169.0,235.6,169.7
PRVU,5/20/2026,197.5,199.7,197.2,199.0,0.76,82419.0,235.6,169.7
PRVU,5/21/2026,199.0,200.0,194.5,196.5,-1.26,197820.0,235.6,169.7
PRVU,5/22/2026,196.5,198.0,196.5,198.0,0.76,51044.0,235.6,169.7
PRVU,5/25/2026,188.1,203.0,188.1,202.6,7.71,127588.0,235.6,169.7
PRVU,5/26/2026,202.0,203.5,197.3,200.0,-0.99,237650.0,235.6,169.7
PRVU,5/27/2026,200.0,200.8,199.0,200.4,0.2,69059.0,235.6,169.7
PRVU,6/1/2026,200.0,200.9,196.2,197.6,-1.2,82894.0,235.6,169.7
PRVU,6/2/2026,198.0,198.0,196.0,197.9,-0.05,75370.0,235.6,169.7
PRVU,6/3/2026,198.5,199.8,197.0,197.6,-0.45,98667.0,235.6,169.7
PRVU,6/4/2026,198.1,199.9,195.0,197.0,-0.56,92364.0,235.6,169.7
PRVU,6/5/2026,187.2,199.9,187.2,197.0,5.24,72911.0,235.6,169.7
PRVU,6/8/2026,196.0,197.0,195.1,196.4,0.2,75722.0,235.6,169.7
PRVU,6/9/2026,197.0,197.0,194.3,195.6,-0.71,100310.0,235.6,169.7
PRVU,6/10/2026,186.0,197.0,186.0,195.0,4.84,68092.0,235.6,169.7
PRVU,6/11/2026,195.0,196.0,194.1,194.9,-0.05,40007.0,235.6,169.7
PRVU,6/12/2026,194.9,195.4,193.9,194.3,-0.31,50526.0,235.6,169.7
PRVU,6/15/2026,194.0,196.0,193.1,194.0,0.0,55287.0,235.6,169.7
PRVU,6/16/2026,194.0,194.9,193.2,193.9,-0.05,42334.0,235.6,169.7
PRVU,6/17/2026,193.0,195.0,193.0,193.2,0.1,56603.0,235.6,169.7
PRVU,6/18/2026,194.0,195.0,192.1,193.3,-0.36,53852.0,235.6,169.7
PRVU,6/19/2026,193.3,194.0,192.5,193.7,0.21,48358.0,235.6,169.7
PRVU,6/22/2026,193.7,197.0,193.5,193.9,0.1,47020.0,235.6,169.7
PRVU,6/23/2026,200.0,200.0,192.0,192.4,-3.8,54390.0,235.6,169.7
PRVU,6/24/2026,191.4,193.0,189.2,190.8,-0.31,90641.0,235.6,169.7
PRVU,6/26/2026,189.0,191.9,186.0,190.0,0.53,52160.0,235.6,169.7
PRVU,6/29/2026,191.8,191.8,187.0,189.0,-1.46,89751.0,235.6,169.7
PRVU,6/30/2026,189.0,191.7,187.0,187.2,-0.95,55501.0,235.6,169.7
PRVU,7/1/2026,187.1,195.0,187.0,191.5,2.35,76106.0,235.6,169.7
PRVU,7/2/2026,191.0,197.0,189.5,197.0,3.14,141263.0,235.6,169.7
PRVU,7/3/2026,205.0,205.0,193.8,194.4,-5.17,96361.0,235.6,169.7
PRVU,7/6/2026,204.1,204.1,190.0,190.5,-6.66,90106.0,235.6,169.7
PRVU,7/7/2026,190.5,194.0,190.0,193.7,1.68,116751.0,235.6,169.7
PRVU,7/8/2026,193.7,194.5,190.0,190.2,-1.81,79604.0,235.6,169.7
PRVU,7/9/2026,190.0,192.0,189.0,190.0,0.0,70993.0,235.6,169.7
PRVU,7/10/2026,181.0,199.0,181.0,189.0,4.42,77579.0,235.6,169.7
PRVU,7/13/2026,180.0,193.0,180.0,188.0,4.44,87711.0,235.6,169.7
PRVU,7/14/2026,190.0,190.8,186.6,188.0,-1.05,86426.0,235.6,169.7
PRVU,7/15/2026,188.0,190.9,188.0,189.5,0.8,70069.0,235.6,169.7
PRVU,7/16/2026,190.0,192.0,188.5,189.6,-0.21,55989.0,235.6,169.7
PRVU,7/17/2026,191.1,197.2,191.1,197.0,3.09,146628.0,235.6,169.7
PRVU,7/20/2026,197.0,199.5,195.0,198.5,0.76,168988.0,235.6,169.7
PRVU,7/21/2026,208.0,208.0,196.0,197.2,-5.19,159581.0,235.6,169.7
PRVU,7/22/2026,194.0,198.0,194.0,195.0,0.52,111920.0,235.6,169.7
PRVU,7/23/2026,186.0,199.0,186.0,195.9,5.32,72972.0,235.6,169.7
PRVU,7/24/2026,197.9,202.7,196.0,199.9,1.01,361992.0,235.6,169.7
PRVU,7/27/2026,200.0,204.9,196.9,198.0,-1.0,274515.0,235.6,169.7
PRVU,7/28/2026,199.0,199.8,196.2,198.0,-0.5,104849.0,235.6,169.7
PRVU,7/29/2026,207.0,207.0,193.0,195.7,-5.46,130120.0,235.6,169.7
PRVU,7/30/2026,186.0,197.9,186.0,195.4,5.05,87233.0,235.6,169.7
PRVU,7/31/2026,187.7,197.4,187.7,196.5,4.69,70601.0,235.6,169.7
PRVU,8/3/2026,187.7,199.0,187.7,196.0,4.42,109428.0,235.6,169.7
PRVU,8/4/2026,195.0,196.0,193.0,193.2,-0.92,105088.0,235.6,169.7
PRVU,8/5/2026,193.0,193.9,192.5,193.0,0.0,104237.0,235.6,169.7
PRVU,8/6/2026,184.0,196.9,184.0,192.3,4.51,76081.0,235.6,169.7
PRVU,8/7/2026,192.3,193.0,190.0,191.0,-0.68,132896.0,235.6,169.7
PRVU,8/10/2026,200.5,200.5,188.0,188.5,-5.99,267784.0,235.6,169.7
PRVU,8/11/2026,190.0,190.4,188.5,190.0,0.0,94685.0,235.6,169.7
PRVU,8/12/2026,190.0,190.9,188.9,189.4,-0.32,58663.0,235.6,169.7
PRVU,8/13/2026,189.0,190.5,187.1,190.0,0.53,131968.0,235.6,169.7
PRVU,8/14/2026,187.0,188.1,185.0,187.0,0.0,348024.0,235.6,169.7
PRVU,8/17/2026,185.0,185.1,183.8,183.8,-0.65,222553.0,235.6,169.7
PRVU,8/18/2026,183.0,183.2,180.2,181.8,-0.66,308824.0,235.6,169.7
PRVU,8/19/2026,181.0,183.5,180.0,182.0,0.55,213491.0,235.6,169.7
PRVU,8/20/2026,182.0,184.5,180.3,183.0,0.55,92882.0,235.6,169.7
PRVU,8/21/2026,187.7,187.7,180.5,183.0,-2.5,118235.0,235.6,169.7
PRVU,8/24/2026,183.0,183.0,180.6,181.1,-1.04,86305.0,235.6,169.7
PRVU,8/25/2026,181.5,183.4,180.5,180.7,-0.44,104845.0,235.6,169.7
PRVU,8/26/2026,180.0,181.4,178.0,179.0,-0.56,151945.0,235.6,169.7
PRVU,8/27/2026,175.0,180.2,175.0,178.6,2.06,115369.0,235.6,169.7
PRVU,8/31/2026,169.7,183.0,169.7,175.5,3.42,88370.0,235.6,169.7
PRVU,9/1/2026,178.0,178.9,174.0,176.8,-0.67,108731.0,235.6,169.7
PRVU,9/2/2026,176.8,177.8,175.0,176.0,-0.45,73002.0,235.6,169.7
PRVU,9/3/2026,179.0,179.0,176.2,177.5,-0.84,64386.0,235.6,169.7
PRVU,9/7/2026,177.5,182.0,177.5,180.0,1.41,122816.0,235.6,169.7
PRVU,9/9/2026,182.0,182.1,179.3,180.4,-0.88,90119.0,235.6,169.7
PRVU,9/10/2026,179.0,181.0,176.0,179.2,0.11,84730.0,235.6,169.7
PRVU,9/11/2026,180.0,184.5,180.0,181.5,0.83,117184.0,235.6,169.7
PRVU,9/14/2026,176.9,186.0,176.9,185.3,4.75,108987.0,235.6,169.7
PRVU,9/15/2026,194.0,195.0,186.0,189.6,-2.27,281196.0,235.6,169.7
PRVU,9/16/2026,189.6,191.0,186.1,187.7,-1.0,117522.0,235.6,169.7
PRVU,9/17/2026,188.0,190.1,185.5,186.5,-0.8,129892.0,235.6,169.7
PRVU,9/18/2026,188.0,190.0,185.0,189.1,0.59,187222.0,235.6,169.7
PRVU,9/22/2026,190.0,192.9,189.8,190.4,0.21,193087.0,235.6,169.7
PRVU,9/23/2026,190.0,190.9,186.3,186.3,-1.95,119705.0,235.6,169.7
PRVU,9/24/2026,188.0,188.6,186.0,187.3,-0.37,66281.0,235.6,169.7
PRVU,9/28/2026,186.0,190.0,185.0,186.0,0.0,99585.0,235.6,169.7
PRVU,9/29/2026,185.0,187.5,185.0,0.0,-100.0,47332.0,235.6,169.7
PRVU,9/30/2026,185.0,188.0,184.8,185.3,0.16,63255.0,235.6,169.7
PRVU,10/1/2026,185.0,187.5,184.1,187.0,1.08,87890.0,235.6,169.7
PRVU,10/2/2026,195.5,195.5,183.4,186.0,-4.86,136001.0,235.6,169.7
PRVUPO,12/21/2025,100.9,100.9,100.9,100.9,,18920.0,105.0,100.0
PRVUPO,1/8/2026,100.0,100.0,100.0,100.0,-0.89,6852.0,105.0,100.0
PRVUPO,1/20/2026,100.0,100.0,100.0,100.0,0.0,91247.0,105.0,100.0
PRVUPO,1/22/2026,100.0,100.0,100.0,100.0,0.0,34000.0,105.0,100.0
PRVUPO,8/12/2026,104.0,104.0,104.0,104.0,0.0,13000.0,105.0,100.0
PRVUPO,9/9/2026,101.0,101.0,101.0,101.0,0.0,11087.0,105.0,100.0
PRVUPO,9/14/2026,100.0,100.0,100.0,100.0,0.0,30813.0,105.0,100.0
PSF,1/26/2026,10.93,11.12,10.8,11.12,,15250.0,13.0,9.91
PSF,1/27/2026,11.14,11.4,11.14,11.23,0.99,69380.0,13.0,9.91
PSF,1/28/2026,11.04,11.26,11.04,11.26,0.27,4000.0,13.0,9.91
PSF,1/29/2026,11.11,11.33,11.11,11.33,0.62,12180.0,13.0,9.91
PSF,2/1/2026,11.11,11.34,11.11,11.12,-1.85,39950.0,13.0,9.91
PSF,2/2/2026,11.12,11.34,11.03,11.34,1.98,5507.0,13.0,9.91
PSF,2/3/2026,11.12,11.12,10.9,10.92,-3.7,1940.0,13.0,9.91
PSF,2/4/2026,10.92,11.15,10.92,11.07,1.37,16064.0,13.0,9.91
PSF,2/5/2026,11.1,11.24,11.08,11.24,1.54,8121.0,13.0,9.91
PSF,2/8/2026,11.04,11.42,11.04,11.4,1.42,22850.0,13.0,9.91
PSF,2/9/2026,11.18,11.18,11.07,11.07,-2.89,2000.0,13.0,9.91
PSF,2/10/2026,11.0,11.18,11.0,11.18,0.99,5100.0,13.0,9.91
PSF,2/11/2026,10.96,11.18,10.96,11.1,-0.72,12449.0,13.0,9.91
PSF,2/12/2026,10.96,11.39,10.96,11.3,1.8,2901.0,13.0,9.91
PSF,2/16/2026,11.08,11.08,11.08,11.08,-1.95,1500.0,13.0,9.91
PSF,2/17/2026,10.86,11.2,10.86,11.2,1.08,7400.0,13.0,9.91
PSF,2/22/2026,11.0,11.1,11.0,11.08,-1.07,9500.0,13.0,9.91
PSF,2/23/2026,10.87,11.22,10.87,11.1,0.18,3200.0,13.0,9.91
PSF,2/24/2026,11.0,11.2,11.0,11.01,-0.81,8000.0,13.0,9.91
PSF,2/25/2026,11.2,11.2,10.94,11.05,0.36,7700.0,13.0,9.91
PSF,2/26/2026,11.2,11.2,11.0,11.02,-0.27,1900.0,13.0,9.91
PSF,2/27/2026,11.2,11.2,11.0,11.02,0.0,1900.0,13.0,9.91
PSF,2/28/2026,11.2,11.2,11.0,11.02,0.0,1900.0,13.0,9.91
PSF,3/2/2026,10.8,10.87,10.62,10.87,-1.36,2500.0,13.0,9.91
PSF,3/3/2026,10.8,11.2,10.8,11.2,3.04,26800.0,13.0,9.91
PSF,3/4/2026,10.8,11.2,10.8,11.2,0.0,26800.0,13.0,9.91
PSF,3/5/2026,10.8,11.2,10.8,11.2,0.0,26800.0,13.0,9.91
PSF,3/6/2026,10.8,11.2,10.8,11.2,0.0,26800.0,13.0,9.91
PSF,3/7/2026,10.8,11.2,10.8,11.2,0.0,26800.0,13.0,9.91
PSF,3/8/2026,10.8,11.2,10.8,11.2,0.0,26800.0,13.0,9.91
PSF,3/10/2026,11.04,11.56,11.04,11.39,1.7,73500.0,13.0,9.91
PSF,3/11/2026,11.5,11.62,11.39,11.51,1.05,161267.0,13.0,9.91
PSF,3/12/2026,11.33,11.6,11.33,11.6,0.78,52230.0,13.0,9.91
PSF,3/13/2026,11.33,11.6,11.33,11.6,0.0,52230.0,13.0,9.91
PSF,3/14/2026,11.33,11.6,11.33,11.6,0.0,52230.0,13.0,9.91
PSF,3/15/2026,11.4,11.74,11.4,11.74,1.21,53000.0,13.0,9.91
PSF,3/16/2026,11.52,11.75,11.52,11.54,-1.7,155612.0,13.0,9.91
PSF,3/17/2026,11.44,11.6,11.42,11.6,0.52,28600.0,13.0,9.91
PSF,3/18/2026,11.44,11.6,11.42,11.6,0.0,28600.0,13.0,9.91
PSF,3/19/2026,11.38,11.65,11.38,11.57,-0.26,22000.0,13.0,9.91
PSF,3/20/2026,11.38,11.65,11.38,11.57,0.0,22000.0,13.0,9.91
PSF,3/21/2026,11.38,11.65,11.38,11.57,0.0,22000.0,13.0,9.91
PSF,3/22/2026,11.55,12.01,11.55,12.0,3.72,346550.0,13.0,9.91
PSF,3/23/2026,11.8,12.01,11.61,12.01,0.08,36425.0,13.0,9.91
PSF,3/24/2026,11.77,12.11,11.77,11.97,-0.33,45740.0,13.0,9.91
PSF,3/25/2026,11.75,11.95,11.75,11.86,-0.92,16250.0,13.0,9.91
PSF,3/26/2026,11.65,12.05,11.65,12.05,3.43,31630.0,13.0,9.91
PSF,3/29/2026,11.86,12.1,11.86,11.91,0.42,2490.0,13.0,9.91
PSF,3/30/2026,11.8,11.85,11.8,11.85,0.42,14450.0,13.0,9.91
PSF,3/31/2026,11.62,12.2,11.62,12.2,4.99,13400.0,13.0,9.91
PSF,4/1/2026,12.4,12.4,11.9,11.9,-4.03,81900.0,13.0,9.91
PSF,4/2/2026,11.71,11.8,11.71,11.8,0.77,2500.0,13.0,9.91
PSF,4/5/2026,11.58,12.03,11.5,12.03,3.89,33450.0,13.0,9.91
PSF,4/6/2026,11.79,11.85,11.35,11.85,0.51,54770.0,13.0,9.91
PSF,4/7/2026,11.65,11.9,11.65,11.7,0.43,63700.0,13.0,9.91
PSF,4/8/2026,11.93,11.93,11.72,11.81,-1.01,6840.0,13.0,9.91
PSF,4/9/2026,11.8,12.06,11.79,12.06,2.2,37900.0,13.0,9.91
PSF,4/10/2026,11.96,12.24,11.96,12.2,2.01,91315.0,13.0,9.91
PSF,4/13/2026,12.0,12.18,12.0,12.18,1.5,47435.0,13.0,9.91
PSF,4/15/2026,12.02,12.43,12.02,12.36,2.83,121655.0,13.0,9.91
PSF,4/16/2026,12.13,12.41,12.13,12.41,2.31,78200.0,13.0,9.91
PSF,4/17/2026,12.3,12.39,12.2,12.35,0.41,99150.0,13.0,9.91
PSF,4/20/2026,12.01,12.66,12.01,12.49,4.0,83150.0,13.0,9.91
PSF,4/21/2026,12.5,12.84,12.14,12.45,-0.4,97099.0,13.0,9.91
PSF,4/22/2026,12.17,12.45,12.16,12.44,2.22,51600.0,13.0,9.91
PSF,4/23/2026,12.4,12.45,12.13,12.27,-1.05,53600.0,13.0,9.91
PSF,4/24/2026,12.13,12.38,12.13,12.3,1.4,31300.0,13.0,9.91
PSF,4/27/2026,12.3,12.3,12.0,12.3,0.0,6180.0,13.0,9.91
PSF,4/28/2026,12.3,13.0,12.04,12.17,-1.06,41555.0,13.0,9.91
PSF,4/29/2026,12.17,12.4,11.92,12.2,0.25,9140.0,13.0,9.91
PSF,4/30/2026,12.01,12.3,12.01,12.3,2.41,19200.0,13.0,9.91
PSF,5/4/2026,12.0,12.15,12.0,12.15,1.25,5140.0,13.0,9.91
PSF,5/5/2026,12.0,12.0,11.81,11.93,-0.58,12900.0,13.0,9.91
PSF,5/6/2026,11.7,12.28,11.7,12.28,4.96,6700.0,13.0,9.91
PSF,5/7/2026,12.28,12.3,12.0,12.01,-2.2,5950.0,13.0,9.91
PSF,5/8/2026,11.97,12.35,11.97,12.35,3.17,23940.0,13.0,9.91
PSF,5/11/2026,11.99,12.51,11.99,12.51,4.34,11400.0,13.0,9.91
PSF,5/12/2026,12.22,12.22,12.02,12.03,-1.55,49100.0,13.0,9.91
PSF,5/13/2026,11.87,11.98,11.87,11.98,0.93,3170.0,13.0,9.91
PSF,5/14/2026,12.05,12.17,12.05,12.12,0.58,1400.0,13.0,9.91
PSF,5/15/2026,11.86,12.2,11.86,11.93,0.59,103100.0,13.0,9.91
PSF,5/18/2026,11.81,12.15,11.81,12.07,2.2,59480.0,13.0,9.91
PSF,5/19/2026,11.87,12.02,11.87,12.01,1.18,4650.0,13.0,9.91
PSF,5/20/2026,12.36,12.36,12.0,12.1,-2.1,123450.0,13.0,9.91
PSF,5/21/2026,12.01,12.4,12.01,12.35,2.83,32400.0,13.0,9.91
PSF,5/22/2026,12.1,12.35,12.1,12.21,0.91,41582.0,13.0,9.91
PSF,5/25/2026,12.01,12.3,12.01,12.3,2.41,62650.0,13.0,9.91
PSF,5/26/2026,12.2,12.3,12.2,12.3,0.82,2400.0,13.0,9.91
PSF,5/27/2026,12.3,12.54,12.3,12.54,1.95,14250.0,13.0,9.91
PSF,6/1/2026,12.5,12.5,12.01,12.01,-3.92,27900.0,13.0,9.91
PSF,6/2/2026,12.01,12.3,12.01,12.3,2.41,1100.0,13.0,9.91
PSF,6/3/2026,12.4,12.5,12.15,12.2,-1.61,8800.0,13.0,9.91
PSF,6/4/2026,12.14,12.56,12.14,12.3,1.32,21800.0,13.0,9.91
PSF,6/5/2026,12.16,12.5,12.16,12.5,2.8,431984.0,13.0,9.91
PSF,6/8/2026,12.23,12.5,12.23,12.3,0.57,67350.0,13.0,9.91
PSF,6/9/2026,12.66,12.66,12.1,12.25,-3.24,1700.0,13.0,9.91
PSF,6/10/2026,11.96,12.2,11.96,12.1,1.17,10800.0,13.0,9.91
PSF,6/11/2026,12.03,12.2,11.8,12.2,1.41,352348.0,13.0,9.91
PSF,6/12/2026,11.9,12.25,11.9,12.25,2.94,53373.0,13.0,9.91
PSF,6/15/2026,12.0,12.3,12.0,12.3,2.5,19500.0,13.0,9.91
PSF,6/16/2026,12.02,12.25,12.0,12.22,1.66,205498.0,13.0,9.91
PSF,6/17/2026,11.86,12.25,11.86,12.19,2.78,12750.0,13.0,9.91
PSF,6/18/2026,12.16,12.16,12.13,12.14,-0.16,7700.0,13.0,9.91
PSF,6/19/2026,12.01,12.23,11.7,12.2,1.58,288200.0,13.0,9.91
PSF,6/22/2026,11.84,12.21,11.5,11.99,1.27,4150.0,13.0,9.91
PSF,6/23/2026,11.67,12.15,11.67,12.15,4.11,9560.0,13.0,9.91
PSF,6/24/2026,11.8,11.92,11.5,11.81,0.08,57800.0,13.0,9.91
PSF,6/26/2026,11.75,11.75,11.6,11.75,0.0,12000.0,13.0,9.91
PSF,6/29/2026,11.65,11.8,11.65,11.76,0.94,86600.0,13.0,9.91
PSF,6/30/2026,11.66,11.8,11.65,11.7,0.34,9900.0,13.0,9.91
PSF,7/1/2026,11.75,11.99,11.7,11.9,1.28,67218.0,13.0,9.91
PSF,7/2/2026,11.9,11.9,11.75,11.88,-0.17,35000.0,13.0,9.91
PSF,7/3/2026,11.8,11.82,11.8,11.82,0.17,4500.0,13.0,9.91
PSF,7/6/2026,11.8,11.9,11.62,11.76,-0.34,36300.0,13.0,9.91
PSF,7/7/2026,11.51,11.94,11.51,11.76,2.17,1800.0,13.0,9.91
PSF,7/8/2026,11.42,11.95,11.42,11.95,4.64,18100.0,13.0,9.91
PSF,7/9/2026,11.95,11.95,11.6,11.6,-2.93,58350.0,13.0,9.91
PSF,7/10/2026,11.27,11.85,11.27,11.85,5.15,6700.0,13.0,9.91
PSF,7/13/2026,11.52,11.8,11.52,11.6,0.69,1470600.0,13.0,9.91
PSF,7/14/2026,11.02,11.86,11.02,11.8,7.08,4695.0,13.0,9.91
PSF,7/15/2026,11.51,11.84,11.5,11.7,1.65,16630.0,13.0,9.91
PSF,7/16/2026,11.71,11.9,11.71,11.8,0.77,6100.0,13.0,9.91
PSF,7/17/2026,12.0,12.0,11.81,11.92,-0.67,12716.0,13.0,9.91
PSF,7/20/2026,11.87,12.22,11.87,12.0,1.1,2200.0,13.0,9.91
PSF,7/21/2026,11.94,12.1,11.94,12.0,0.5,116749.0,13.0,9.91
PSF,7/22/2026,12.3,12.36,11.91,12.0,-2.44,18715.0,13.0,9.91
PSF,7/23/2026,11.72,12.36,11.72,12.0,2.39,14800.0,13.0,9.91
PSF,7/24/2026,11.65,12.1,11.65,12.1,3.86,27964.0,13.0,9.91
PSF,7/27/2026,12.1,12.15,11.76,12.1,0.0,20935.0,13.0,9.91
PSF,7/28/2026,11.79,12.0,11.79,11.85,0.51,1700.0,13.0,9.91
PSF,7/29/2026,11.79,11.85,11.79,11.85,0.51,4435.0,13.0,9.91
PSF,7/30/2026,11.74,11.95,11.74,11.8,0.51,13600.0,13.0,9.91
PSF,7/31/2026,11.45,11.74,11.45,11.74,2.53,800.0,13.0,9.91
PSF,8/3/2026,12.0,12.0,11.82,12.0,0.0,19500.0,13.0,9.91
PSF,8/4/2026,12.0,12.22,11.71,11.74,-2.17,3100.0,13.0,9.91
PSF,8/5/2026,11.7,11.8,11.7,11.78,0.68,18300.0,13.0,9.91
PSF,8/6/2026,11.79,11.8,11.79,11.8,0.08,900.0,13.0,9.91
PSF,8/7/2026,11.8,12.0,11.8,12.0,1.69,3800.0,13.0,9.91
PSF,8/10/2026,12.0,12.0,11.9,11.9,-0.83,10855.0,13.0,9.91
PSF,8/11/2026,11.8,12.0,11.8,11.84,0.34,4180.0,13.0,9.91
PSF,8/12/2026,11.86,12.0,11.86,12.0,1.18,5400.0,13.0,9.91
PSF,8/13/2026,11.84,12.0,11.84,12.0,1.35,6290.0,13.0,9.91
PSF,8/14/2026,12.0,12.01,12.0,12.01,0.08,2200.0,13.0,9.91
PSF,8/17/2026,12.0,12.25,12.0,12.05,0.42,23830.0,13.0,9.91
PSF,8/18/2026,12.0,12.2,11.85,12.0,0.0,8756.0,13.0,9.91
PSF,8/19/2026,11.82,11.98,11.82,11.84,0.17,1654.0,13.0,9.91
PSF,8/20/2026,11.81,11.95,11.81,11.87,0.51,10546.0,13.0,9.91
PSF,8/21/2026,11.9,11.9,11.83,11.9,0.0,16500.0,13.0,9.91
PSF,8/24/2026,12.0,12.1,11.83,12.03,0.25,243798.0,13.0,9.91
PSF,8/25/2026,12.2,12.22,12.02,12.1,-0.82,59735.0,13.0,9.91
PSF,8/26/2026,12.0,12.21,12.0,12.1,0.83,203445.0,13.0,9.91
PSF,8/27/2026,11.82,12.17,11.82,12.17,2.96,620100.0,13.0,9.91
PSF,8/31/2026,12.22,12.22,11.87,11.91,-2.54,4750.0,13.0,9.91
PSF,9/1/2026,12.2,12.2,11.87,12.0,-1.64,92578.0,13.0,9.91
PSF,9/2/2026,12.0,12.1,12.0,12.01,0.08,3785.0,13.0,9.91
PSF,9/3/2026,12.0,12.18,11.99,11.99,-0.08,76101.0,13.0,9.91
PSF,9/7/2026,12.0,12.28,11.85,12.28,2.33,256210.0,13.0,9.91
PSF,9/9/2026,12.28,12.3,12.1,12.13,-1.22,263368.0,13.0,9.91
PSF,9/10/2026,11.77,11.77,10.58,10.89,-7.48,67050.0,13.0,9.91
PSF,9/11/2026,10.8,10.86,10.54,10.83,0.28,9160.0,13.0,9.91
PSF,9/14/2026,10.7,10.85,10.51,10.84,1.31,119544.0,13.0,9.91
PSF,9/15/2026,11.1,11.16,10.77,11.16,0.54,72660.0,13.0,9.91
PSF,9/16/2026,10.85,11.0,10.85,10.91,0.55,18050.0,13.0,9.91
PSF,9/17/2026,10.95,11.1,10.92,10.98,0.27,43900.0,13.0,9.91
PSF,9/18/2026,10.98,11.14,10.76,11.0,0.18,77875.0,13.0,9.91
PSF,9/22/2026,11.0,11.2,10.86,10.92,-0.73,22002.0,13.0,9.91
PSF,9/23/2026,11.0,11.0,10.93,10.93,-0.64,34300.0,13.0,9.91
PSF,9/24/2026,11.1,11.1,10.83,10.86,-2.16,292062.0,13.0,9.91
PSF,9/28/2026,10.86,11.0,10.84,10.89,0.28,75341.0,13.0,9.91
PSF,9/29/2026,11.0,11.0,10.8,0.0,-100.0,6383.0,13.0,9.91
PSF,9/30/2026,10.82,10.82,10.81,10.82,0.0,4350.0,13.0,9.91
PSF,10/1/2026,10.84,10.92,10.84,10.9,0.55,5625.0,13.0,9.91
PSF,10/2/2026,10.9,11.0,10.9,10.92,0.18,16400.0,13.0,9.91
PURE,12/21/2025,912.0,920.0,880.2,904.9,,43491.0,1262.0,662.0
PURE,12/22/2025,886.9,958.0,869.2,958.0,5.87,32879.0,1262.0,662.0
PURE,12/23/2025,940.0,940.0,885.6,917.0,-4.28,14782.0,1262.0,662.0
PURE,12/24/2025,918.0,918.0,897.7,915.0,-0.22,13611.0,1262.0,662.0
PURE,12/28/2025,933.3,933.3,907.5,924.0,0.98,35163.0,1262.0,662.0
PURE,12/29/2025,920.0,928.0,906.0,928.0,0.43,25741.0,1262.0,662.0
PURE,12/31/2025,928.0,1001.0,911.0,988.0,6.47,92718.0,1262.0,662.0
PURE,1/1/2026,988.0,1045.0,970.0,1025.0,3.74,82519.0,1262.0,662.0
PURE,1/4/2026,1025.5,1061.9,1003.0,1059.8,3.4,73974.0,1262.0,662.0
PURE,1/5/2026,1059.0,1097.0,1040.0,1055.4,-0.42,64997.0,1262.0,662.0
PURE,1/6/2026,1057.0,1102.0,1006.0,1032.0,-2.22,91194.0,1262.0,662.0
PURE,1/7/2026,1018.0,1079.0,1016.3,1040.0,0.78,71883.0,1262.0,662.0
PURE,1/8/2026,1021.0,1050.0,1021.0,1038.9,-0.11,38536.0,1262.0,662.0
PURE,1/12/2026,1038.9,1110.0,1020.0,1073.0,3.28,66094.0,1262.0,662.0
PURE,1/13/2026,1052.0,1138.0,1025.0,1049.0,-2.24,52864.0,1262.0,662.0
PURE,1/14/2026,1029.0,1050.0,1021.0,1048.0,-0.1,32964.0,1262.0,662.0
PURE,1/18/2026,1030.0,1095.0,1030.0,1068.0,1.91,51240.0,1262.0,662.0
PURE,1/20/2026,1047.5,1159.0,1047.5,1136.0,6.37,99536.0,1262.0,662.0
PURE,1/21/2026,1150.0,1152.0,1100.0,1111.0,-2.2,42218.0,1262.0,662.0
PURE,1/22/2026,1111.0,1206.0,1092.1,1168.0,5.13,151872.0,1262.0,662.0
PURE,1/25/2026,1144.7,1224.0,1144.7,1182.0,1.2,103401.0,1262.0,662.0
PURE,1/26/2026,1158.4,1244.9,1134.0,1220.0,3.21,140284.0,1262.0,662.0
PURE,1/27/2026,1244.0,1262.0,1187.0,1199.0,-1.72,88767.0,1262.0,662.0
PURE,1/28/2026,1210.0,1219.9,1163.0,1190.0,-0.75,58518.0,1262.0,662.0
PURE,1/29/2026,1168.0,1230.0,1105.1,1112.0,-6.55,80301.0,1262.0,662.0
PURE,2/1/2026,1091.0,1134.2,1069.0,1080.0,-2.88,38557.0,1262.0,662.0
PURE,2/2/2026,1080.0,1170.0,1080.0,1133.0,4.91,38362.0,1262.0,662.0
PURE,2/3/2026,1133.0,1155.0,1077.0,1081.0,-4.59,28293.0,1262.0,662.0
PURE,2/4/2026,1084.0,1118.0,1050.0,1070.0,-1.02,33532.0,1262.0,662.0
PURE,2/5/2026,1060.0,1122.9,1040.0,1097.0,2.52,53836.0,1262.0,662.0
PURE,2/8/2026,1100.0,1118.0,1055.0,1068.8,-2.57,28674.0,1262.0,662.0
PURE,2/9/2026,1060.0,1060.0,1010.0,1027.0,-3.91,29947.0,1262.0,662.0
PURE,2/10/2026,1047.5,1050.0,995.0,1018.9,-0.79,17552.0,1262.0,662.0
PURE,2/11/2026,1039.2,1057.0,975.2,999.0,-1.95,36641.0,1262.0,662.0
PURE,2/12/2026,998.0,998.0,943.3,978.0,-2.1,28846.0,1262.0,662.0
PURE,2/16/2026,958.5,1002.0,958.5,994.9,1.73,17879.0,1262.0,662.0
PURE,2/17/2026,990.0,1004.0,956.3,968.7,-2.63,21283.0,1262.0,662.0
PURE,2/22/2026,965.0,965.0,924.1,934.9,-3.49,28259.0,1262.0,662.0
PURE,2/23/2026,916.3,942.0,915.1,934.0,-0.1,19538.0,1262.0,662.0
PURE,2/24/2026,920.0,971.0,920.0,958.9,2.67,17734.0,1262.0,662.0
PURE,2/25/2026,978.0,996.0,938.0,959.9,0.1,14996.0,1262.0,662.0
PURE,2/26/2026,964.0,968.7,945.5,957.0,-0.3,22914.0,1262.0,662.0
PURE,2/27/2026,964.0,968.7,945.5,957.0,0.0,22914.0,1262.0,662.0
PURE,2/28/2026,964.0,968.7,945.5,957.0,0.0,22914.0,1262.0,662.0
PURE,3/2/2026,941.1,976.0,941.0,972.9,1.66,27883.0,1262.0,662.0
PURE,3/3/2026,954.0,998.0,954.0,996.0,2.37,18742.0,1262.0,662.0
PURE,3/4/2026,954.0,998.0,954.0,996.0,0.0,18742.0,1262.0,662.0
PURE,3/5/2026,954.0,998.0,954.0,996.0,0.0,18742.0,1262.0,662.0
PURE,3/6/2026,954.0,998.0,954.0,996.0,0.0,18742.0,1262.0,662.0
PURE,3/7/2026,954.0,998.0,954.0,996.0,0.0,18742.0,1262.0,662.0
PURE,3/8/2026,954.0,998.0,954.0,996.0,0.0,18742.0,1262.0,662.0
PURE,3/9/2026,1015.9,1090.0,1015.9,1090.0,9.44,426.0,1262.0,662.0
PURE,3/10/2026,1111.8,1111.8,1010.3,1047.0,-3.94,40907.0,1262.0,662.0
PURE,3/11/2026,1039.0,1043.9,1000.0,1005.0,-4.01,21313.0,1262.0,662.0
PURE,3/12/2026,985.1,1016.0,985.1,989.0,-1.59,25415.0,1262.0,662.0
PURE,3/13/2026,985.1,1016.0,985.1,989.0,0.0,25415.0,1262.0,662.0
PURE,3/14/2026,985.1,1016.0,985.1,989.0,0.0,25415.0,1262.0,662.0
PURE,3/15/2026,1000.0,1005.0,976.0,988.7,-0.03,21067.0,1262.0,662.0
PURE,3/16/2026,970.0,989.0,968.5,972.0,-1.69,11347.0,1262.0,662.0
PURE,3/17/2026,953.0,985.0,953.0,965.0,-0.72,20778.0,1262.0,662.0
PURE,3/18/2026,953.0,985.0,953.0,965.0,0.0,20778.0,1262.0,662.0
PURE,3/19/2026,961.0,1009.8,960.1,999.0,3.52,33422.0,1262.0,662.0
PURE,3/20/2026,961.0,1009.8,960.1,999.0,0.0,33422.0,1262.0,662.0
PURE,3/21/2026,961.0,1009.8,960.1,999.0,0.0,33422.0,1262.0,662.0
PURE,3/22/2026,1017.0,1020.0,987.0,1007.0,0.8,28704.0,1262.0,662.0
PURE,3/23/2026,1010.0,1015.0,990.0,1000.0,-0.7,19763.0,1262.0,662.0
PURE,3/24/2026,1000.0,1004.0,997.0,1002.9,0.29,23049.0,1262.0,662.0
PURE,3/25/2026,992.6,1040.0,992.6,1014.0,1.11,33475.0,1262.0,662.0
PURE,3/26/2026,1030.0,1040.0,1005.0,1035.0,0.49,23665.0,1262.0,662.0
PURE,3/29/2026,1040.0,1040.0,996.1,999.0,-3.94,28811.0,1262.0,662.0
PURE,3/30/2026,987.0,1003.9,961.7,965.0,-2.23,16211.0,1262.0,662.0
PURE,3/31/2026,967.0,979.0,936.0,979.0,1.24,11532.0,1262.0,662.0
PURE,4/1/2026,960.0,967.0,921.2,938.9,-2.2,17938.0,1262.0,662.0
PURE,4/2/2026,921.8,949.0,904.2,937.0,1.65,13659.0,1262.0,662.0
PURE,4/5/2026,918.3,930.0,843.4,843.4,-8.16,20350.0,1262.0,662.0
PURE,4/6/2026,843.4,902.0,842.0,898.0,6.47,25331.0,1262.0,662.0
PURE,4/7/2026,898.0,908.0,871.1,892.5,-0.61,14149.0,1262.0,662.0
PURE,4/8/2026,876.2,938.5,876.2,938.5,7.11,21623.0,1262.0,662.0
PURE,4/9/2026,919.8,968.9,919.8,947.1,2.97,17097.0,1262.0,662.0
PURE,4/10/2026,947.1,947.1,917.0,925.0,-2.33,21116.0,1262.0,662.0
PURE,4/13/2026,920.0,924.0,902.0,910.0,-1.09,8067.0,1262.0,662.0
PURE,4/15/2026,905.0,928.0,902.0,923.0,1.99,9554.0,1262.0,662.0
PURE,4/16/2026,907.0,925.0,892.0,896.0,-1.21,9327.0,1262.0,662.0
PURE,4/17/2026,890.0,904.7,884.0,904.7,1.65,4611.0,1262.0,662.0
PURE,4/20/2026,904.0,940.0,880.2,925.0,2.32,9368.0,1262.0,662.0
PURE,4/21/2026,921.0,940.9,903.0,918.7,-0.25,10698.0,1262.0,662.0
PURE,4/22/2026,874.7,920.0,874.7,916.0,4.72,13251.0,1262.0,662.0
PURE,4/23/2026,874.0,928.9,874.0,920.0,5.26,24064.0,1262.0,662.0
PURE,4/24/2026,920.0,925.0,895.0,917.0,-0.33,10714.0,1262.0,662.0
PURE,4/27/2026,917.0,947.0,923.2,939.0,2.4,24608.0,1262.0,662.0
PURE,4/28/2026,939.0,958.9,930.0,939.0,0.0,20258.0,1262.0,662.0
PURE,4/29/2026,939.0,929.0,906.0,907.0,-3.41,11729.0,1262.0,662.0
PURE,4/30/2026,890.0,909.0,880.0,903.2,1.48,12532.0,1262.0,662.0
PURE,5/4/2026,910.0,920.0,884.2,897.0,-1.43,4682.0,1262.0,662.0
PURE,5/5/2026,871.0,900.0,861.0,898.0,3.1,9029.0,1262.0,662.0
PURE,5/6/2026,899.0,920.0,875.1,889.9,-1.01,5813.0,1262.0,662.0
PURE,5/7/2026,890.0,942.0,890.0,927.6,4.22,19261.0,1262.0,662.0
PURE,5/8/2026,927.6,986.0,921.0,977.1,5.34,35448.0,1262.0,662.0
PURE,5/11/2026,980.0,1019.0,975.0,990.0,1.02,24756.0,1262.0,662.0
PURE,5/12/2026,980.0,996.9,940.0,950.0,-3.06,24192.0,1262.0,662.0
PURE,5/13/2026,930.1,956.8,927.0,951.0,2.25,11714.0,1262.0,662.0
PURE,5/14/2026,922.5,967.9,922.5,945.0,2.44,7454.0,1262.0,662.0
PURE,5/15/2026,935.5,960.0,935.5,950.0,1.55,3646.0,1262.0,662.0
PURE,5/18/2026,940.1,950.0,936.3,950.0,1.05,7063.0,1262.0,662.0
PURE,5/19/2026,960.0,970.0,939.2,965.0,0.52,10389.0,1262.0,662.0
PURE,5/20/2026,965.0,997.0,960.0,997.0,3.32,16988.0,1262.0,662.0
PURE,5/21/2026,991.1,1000.0,963.0,969.0,-2.23,9155.0,1262.0,662.0
PURE,5/22/2026,960.0,1005.0,960.0,985.0,2.6,25485.0,1262.0,662.0
PURE,5/25/2026,1030.0,1030.0,980.1,986.0,-4.27,20423.0,1262.0,662.0
PURE,5/26/2026,950.0,985.1,950.0,973.0,2.42,7675.0,1262.0,662.0
PURE,5/27/2026,980.0,980.0,959.9,969.0,-1.12,11438.0,1262.0,662.0
PURE,6/1/2026,959.0,980.0,907.1,924.0,-3.65,17923.0,1262.0,662.0
PURE,6/2/2026,924.0,935.0,915.0,935.0,1.19,7431.0,1262.0,662.0
PURE,6/3/2026,935.0,940.0,921.0,933.5,-0.16,8213.0,1262.0,662.0
PURE,6/4/2026,922.1,943.8,918.0,923.0,0.1,6596.0,1262.0,662.0
PURE,6/5/2026,917.0,920.0,906.0,910.0,-0.76,6565.0,1262.0,662.0
PURE,6/8/2026,895.0,910.0,893.5,909.8,1.65,13195.0,1262.0,662.0
PURE,6/9/2026,892.9,912.0,888.3,910.0,1.92,6158.0,1262.0,662.0
PURE,6/10/2026,910.0,935.0,901.5,921.0,1.21,6924.0,1262.0,662.0
PURE,6/11/2026,921.0,930.0,905.5,905.5,-1.68,6699.0,1262.0,662.0
PURE,6/12/2026,900.2,915.9,892.0,914.9,1.63,7370.0,1262.0,662.0
PURE,6/15/2026,905.0,917.0,900.0,908.0,0.33,6072.0,1262.0,662.0
PURE,6/16/2026,910.0,912.0,896.0,897.0,-1.43,6010.0,1262.0,662.0
PURE,6/17/2026,895.0,915.0,894.1,910.0,1.68,3699.0,1262.0,662.0
PURE,6/18/2026,910.0,910.0,891.5,892.0,-1.98,5520.0,1262.0,662.0
PURE,6/19/2026,888.4,903.0,885.0,889.0,0.07,3138.0,1262.0,662.0
PURE,6/22/2026,910.0,930.0,890.6,892.0,-1.98,3004.0,1262.0,662.0
PURE,6/23/2026,885.1,888.0,870.0,874.9,-1.15,6743.0,1262.0,662.0
PURE,6/24/2026,861.0,876.0,843.0,867.0,0.7,5401.0,1262.0,662.0
PURE,6/26/2026,845.0,860.0,840.0,848.0,0.36,4735.0,1262.0,662.0
PURE,6/29/2026,840.0,867.0,840.0,848.5,1.01,1052.0,1262.0,662.0
PURE,6/30/2026,845.0,845.0,802.0,802.0,-5.09,5000.0,1262.0,662.0
PURE,7/1/2026,802.0,848.0,802.0,843.9,5.22,5242.0,1262.0,662.0
PURE,7/2/2026,843.9,843.9,825.0,840.3,-0.43,1130.0,1262.0,662.0
PURE,7/3/2026,830.0,845.0,825.0,826.0,-0.48,2856.0,1262.0,662.0
PURE,7/6/2026,810.0,818.8,803.0,813.0,0.37,5840.0,1262.0,662.0
PURE,7/7/2026,791.0,825.0,791.0,814.0,2.91,3076.0,1262.0,662.0
PURE,7/8/2026,800.0,802.0,770.2,770.2,-3.72,7384.0,1262.0,662.0
PURE,7/9/2026,780.0,780.0,736.2,749.9,-3.86,8519.0,1262.0,662.0
PURE,7/10/2026,755.0,755.0,738.1,744.0,-1.46,3562.0,1262.0,662.0
PURE,7/13/2026,730.1,752.0,720.0,723.0,-0.97,3641.0,1262.0,662.0
PURE,7/14/2026,723.0,760.6,706.2,740.0,2.35,8693.0,1262.0,662.0
PURE,7/15/2026,732.2,760.0,732.2,759.0,3.66,3238.0,1262.0,662.0
PURE,7/16/2026,753.0,865.0,745.3,865.0,14.87,8388.0,1262.0,662.0
PURE,7/17/2026,821.8,870.0,797.0,870.0,5.87,10043.0,1262.0,662.0
PURE,7/20/2026,870.0,879.9,847.0,872.0,0.23,5091.0,1262.0,662.0
PURE,7/21/2026,872.0,874.9,839.0,841.0,-3.56,8595.0,1262.0,662.0
PURE,7/22/2026,842.0,885.0,825.0,885.0,5.11,24572.0,1262.0,662.0
PURE,7/23/2026,840.8,890.0,840.8,890.0,5.85,5046.0,1262.0,662.0
PURE,7/24/2026,899.0,919.0,873.0,898.0,-0.11,13573.0,1262.0,662.0
PURE,7/27/2026,872.9,899.0,854.0,855.0,-2.05,7627.0,1262.0,662.0
PURE,7/28/2026,840.1,871.3,840.1,871.3,3.71,11502.0,1262.0,662.0
PURE,7/29/2026,845.7,872.0,845.7,861.0,1.81,5344.0,1262.0,662.0
PURE,7/30/2026,841.0,855.7,840.0,852.9,1.41,3160.0,1262.0,662.0
PURE,7/31/2026,833.0,863.0,829.0,863.0,3.6,6604.0,1262.0,662.0
PURE,8/3/2026,851.0,873.0,844.0,850.0,-0.12,6331.0,1262.0,662.0
PURE,8/4/2026,828.1,852.9,828.1,849.5,2.58,4908.0,1262.0,662.0
PURE,8/5/2026,827.0,856.0,827.0,837.6,1.28,1616.0,1262.0,662.0
PURE,8/6/2026,825.0,834.0,825.0,825.5,0.06,2721.0,1262.0,662.0
PURE,8/7/2026,830.0,847.9,816.1,820.0,-1.2,20112.0,1262.0,662.0
PURE,8/10/2026,805.5,835.0,805.5,820.0,1.8,1858.0,1262.0,662.0
PURE,8/11/2026,815.0,826.0,815.0,826.0,1.35,1772.0,1262.0,662.0
PURE,8/12/2026,816.0,830.0,806.0,829.0,1.59,11760.0,1262.0,662.0
PURE,8/13/2026,807.1,825.0,807.1,820.0,1.6,2680.0,1262.0,662.0
PURE,8/14/2026,803.1,825.0,803.1,819.0,1.98,707.0,1262.0,662.0
PURE,8/17/2026,815.0,839.9,815.0,827.5,1.53,3945.0,1262.0,662.0
PURE,8/18/2026,820.0,830.0,810.0,825.0,0.61,7304.0,1262.0,662.0
PURE,8/19/2026,805.2,816.0,805.2,814.8,1.19,8313.0,1262.0,662.0
PURE,8/20/2026,800.0,820.0,785.0,807.0,0.88,7110.0,1262.0,662.0
PURE,8/21/2026,795.0,805.0,783.4,797.0,0.25,14570.0,1262.0,662.0
PURE,8/24/2026,797.0,797.0,743.0,769.3,-3.48,8386.0,1262.0,662.0
PURE,8/25/2026,769.3,770.0,746.3,766.0,-0.43,3109.0,1262.0,662.0
PURE,8/26/2026,748.0,764.9,736.8,759.0,1.47,5981.0,1262.0,662.0
PURE,8/27/2026,759.0,774.9,736.3,768.0,1.19,5411.0,1262.0,662.0
PURE,8/31/2026,746.1,775.0,746.1,775.0,3.87,6232.0,1262.0,662.0
PURE,9/1/2026,774.4,797.6,750.0,763.0,-1.47,6497.0,1262.0,662.0
PURE,9/2/2026,750.1,774.5,745.0,763.8,1.83,6898.0,1262.0,662.0
PURE,9/3/2026,770.0,774.0,662.0,662.0,-14.03,8483.0,1262.0,662.0
PURE,9/7/2026,662.0,761.3,662.0,761.3,15.0,9496.0,1262.0,662.0
PURE,9/9/2026,760.0,779.0,753.0,769.0,1.18,9732.0,1262.0,662.0
PURE,9/10/2026,763.0,769.0,760.0,768.0,0.66,2947.0,1262.0,662.0
PURE,9/11/2026,774.9,774.9,750.0,764.0,-1.41,7236.0,1262.0,662.0
PURE,9/14/2026,764.0,777.7,760.0,773.0,1.18,8948.0,1262.0,662.0
PURE,9/15/2026,811.6,880.0,773.0,799.9,-1.44,8313.0,1262.0,662.0
PURE,9/16/2026,800.0,803.9,777.1,788.1,-1.49,5795.0,1262.0,662.0
PURE,9/17/2026,827.5,827.5,772.0,789.0,-4.65,5980.0,1262.0,662.0
PURE,9/18/2026,774.2,808.0,771.3,808.0,4.37,5066.0,1262.0,662.0
PURE,9/22/2026,808.0,835.0,787.0,835.0,3.34,10743.0,1262.0,662.0
PURE,9/23/2026,850.0,850.0,795.0,795.0,-6.47,8917.0,1262.0,662.0
PURE,9/24/2026,800.0,819.9,800.0,817.0,2.12,7523.0,1262.0,662.0
PURE,9/28/2026,795.4,809.0,795.4,800.0,0.58,1898.0,1262.0,662.0
PURE,9/29/2026,781.0,790.0,776.1,0.0,-100.0,1215.0,1262.0,662.0
PURE,9/30/2026,779.9,800.0,778.0,794.7,1.9,4485.0,1262.0,662.0
PURE,10/1/2026,780.0,795.0,780.0,786.8,0.87,2645.0,1262.0,662.0
PURE,10/2/2026,765.0,780.5,765.0,779.5,1.9,3770.0,1262.0,662.0
RADHI,5/9/2018,210.0,214.0,205.0,209.0,,4020.0,940.0,618.8
RADHI,5/10/2018,208.0,210.0,207.0,207.0,-0.96,2990.0,940.0,618.8
RADHI,5/14/2018,211.0,217.0,207.0,208.0,0.48,3780.0,940.0,618.8
RADHI,5/15/2018,205.0,222.0,205.0,213.0,2.4,5948.0,940.0,618.8
RADHI,5/16/2018,215.0,224.0,215.0,221.0,3.76,3720.0,940.0,618.8
RADHI,5/17/2018,221.0,233.0,220.0,229.0,3.62,8242.0,940.0,618.8
RADHI,5/20/2018,233.0,235.0,225.0,234.0,2.18,3590.0,940.0,618.8
RADHI,5/21/2018,235.0,243.0,230.0,234.0,0.0,5050.0,940.0,618.8
RADHI,5/22/2018,238.0,238.0,230.0,232.0,-0.85,1120.0,940.0,618.8
RADHI,5/23/2018,228.0,238.0,226.0,227.0,-2.16,1720.0,940.0,618.8
RADHI,5/24/2018,228.0,233.0,225.0,233.0,2.64,3990.0,940.0,618.8
RADHI,5/27/2018,230.0,231.0,222.0,230.0,-1.29,3288.0,940.0,618.8
RADHI,5/28/2018,226.0,237.0,223.0,233.0,1.3,1020.0,940.0,618.8
RADHI,5/29/2018,229.0,236.0,229.0,233.0,0.0,1910.0,940.0,618.8
RADHI,5/30/2018,229.0,235.0,228.0,235.0,0.86,1512.0,940.0,618.8
RADHI,5/31/2018,238.0,238.0,225.0,230.0,-2.13,1080.0,940.0,618.8
RADHI,6/3/2018,230.0,230.0,224.0,225.0,-2.17,2715.0,940.0,618.8
RADHI,6/4/2018,221.0,226.0,221.0,224.0,-0.44,780.0,940.0,618.8
RADHI,6/6/2018,228.0,235.0,228.0,228.0,1.79,2170.0,940.0,618.8
RADHI,6/7/2018,228.0,233.0,224.0,228.0,0.0,2640.0,940.0,618.8
RADHI,6/10/2018,224.0,228.0,224.0,224.0,-1.75,2600.0,940.0,618.8
RADHI,6/11/2018,221.0,226.0,220.0,225.0,0.45,1040.0,940.0,618.8
RADHI,6/12/2018,225.0,241.0,222.0,241.0,7.11,6212.0,940.0,618.8
RADHI,6/13/2018,238.0,265.0,231.0,264.0,9.54,7795.0,940.0,618.8
RADHI,6/14/2018,268.0,290.0,262.0,290.0,9.85,11583.0,940.0,618.8
RADHI,6/17/2018,288.0,319.0,287.0,319.0,10.0,17041.0,940.0,618.8
RADHI,6/18/2018,313.0,313.0,288.0,288.0,-9.72,8600.0,940.0,618.8
RADHI,6/19/2018,262.0,257.0,243.0,250.0,-13.19,1830.0,940.0,618.8
RADHI,6/20/2018,246.0,246.0,237.0,240.0,-4.0,630.0,940.0,618.8
RADHI,6/21/2018,236.0,236.0,230.0,232.0,-3.33,510.0,940.0,618.8
RADHI,6/24/2018,228.0,232.0,220.0,228.0,-1.72,940.0,940.0,618.8
RADHI,6/25/2018,225.0,230.0,221.0,226.0,-0.88,3021.0,940.0,618.8
RADHI,6/26/2018,226.0,228.0,222.0,224.0,-0.88,3310.0,940.0,618.8
RADHI,6/27/2018,220.0,224.0,220.0,223.0,-0.45,167.0,940.0,618.8
RADHI,6/28/2018,225.0,227.0,225.0,225.0,0.9,410.0,940.0,618.8
RADHI,7/1/2018,221.0,226.0,217.0,225.0,0.0,410.0,940.0,618.8
RADHI,7/2/2018,221.0,223.0,217.0,218.0,-3.11,899.0,940.0,618.8
RADHI,7/3/2018,222.0,222.0,214.0,217.0,-0.46,340.0,940.0,618.8
RADHI,7/4/2018,215.0,218.0,211.0,217.0,0.0,230.0,940.0,618.8
RADHI,7/5/2018,219.0,231.0,219.0,231.0,6.45,420.0,940.0,618.8
RADHI,7/8/2018,235.0,243.0,227.0,231.0,0.0,2710.0,940.0,618.8
RADHI,7/9/2018,229.0,230.0,222.0,230.0,-0.43,240.0,940.0,618.8
RADHI,7/10/2018,230.0,230.0,220.0,225.0,-2.17,1060.0,940.0,618.8
RADHI,7/11/2018,225.0,232.0,222.0,232.0,3.11,300.0,940.0,618.8
RADHI,7/12/2018,236.0,236.0,215.0,219.0,-5.6,3970.0,940.0,618.8
RADHI,7/15/2018,215.0,222.0,213.0,220.0,0.46,690.0,940.0,618.8
RADHI,7/16/2018,220.0,222.0,218.0,220.0,0.0,260.0,940.0,618.8
RADHI,7/17/2018,218.0,221.0,218.0,220.0,0.0,234.0,940.0,618.8
RADHI,7/18/2018,220.0,223.0,218.0,223.0,1.36,240.0,940.0,618.8
RADHI,7/19/2018,222.0,223.0,220.0,223.0,0.0,350.0,940.0,618.8
RADHI,7/22/2018,220.0,232.0,220.0,232.0,4.04,550.0,940.0,618.8
RADHI,7/23/2018,230.0,236.0,227.0,232.0,0.0,840.0,940.0,618.8
RADHI,7/24/2018,232.0,232.0,226.0,228.0,-1.72,726.0,940.0,618.8
RADHI,7/25/2018,225.0,234.0,225.0,228.0,0.0,709.0,940.0,618.8
RADHI,7/26/2018,228.0,230.0,228.0,230.0,0.88,380.0,940.0,618.8
RADHI,7/29/2018,226.0,234.0,226.0,234.0,1.74,180.0,940.0,618.8
RADHI,7/30/2018,230.0,234.0,229.0,232.0,-0.85,530.0,940.0,618.8
RADHI,7/31/2018,229.0,233.0,229.0,233.0,0.43,1320.0,940.0,618.8
RADHI,8/1/2018,229.0,233.0,225.0,230.0,-1.29,210.0,940.0,618.8
RADHI,8/2/2018,231.0,232.0,224.0,224.0,-2.61,280.0,940.0,618.8
RADHI,8/5/2018,225.0,226.0,223.0,224.0,0.0,190.0,940.0,618.8
RADHI,8/6/2018,227.0,230.0,224.0,230.0,2.68,1650.0,940.0,618.8
RADHI,8/7/2018,231.0,231.0,224.0,224.0,-2.61,400.0,940.0,618.8
RADHI,8/8/2018,220.0,224.0,220.0,222.0,-0.89,200.0,940.0,618.8
RADHI,8/9/2018,222.0,224.0,219.0,220.0,-0.9,1490.0,940.0,618.8
RADHI,8/12/2018,217.0,220.0,217.0,220.0,0.0,200.0,940.0,618.8
RADHI,8/13/2018,220.0,224.0,217.0,221.0,0.45,200.0,940.0,618.8
RADHI,8/14/2018,220.0,224.0,220.0,222.0,0.45,310.0,940.0,618.8
RADHI,8/15/2018,222.0,226.0,219.0,226.0,1.8,190.0,940.0,618.8
RADHI,8/16/2018,222.0,225.0,221.0,223.0,-1.33,568.0,940.0,618.8
RADHI,8/19/2018,219.0,223.0,219.0,220.0,-1.35,200.0,940.0,618.8
RADHI,8/20/2018,218.0,222.0,217.0,221.0,0.45,180.0,940.0,618.8
RADHI,8/21/2018,218.0,225.0,214.0,221.0,0.0,630.0,940.0,618.8
RADHI,8/22/2018,217.0,220.0,217.0,220.0,-0.45,170.0,940.0,618.8
RADHI,8/23/2018,217.0,224.0,217.0,224.0,1.82,350.0,940.0,618.8
RADHI,8/26/2018,220.0,225.0,217.0,225.0,0.45,380.0,940.0,618.8
RADHI,8/28/2018,221.0,221.0,217.0,220.0,-2.22,130.0,940.0,618.8
RADHI,8/29/2018,216.0,220.0,216.0,220.0,0.0,1010.0,940.0,618.8
RADHI,8/30/2018,217.0,221.0,217.0,217.0,-1.36,240.0,940.0,618.8
RADHI,9/2/2018,216.0,224.0,216.0,224.0,3.23,200.0,940.0,618.8
RADHI,9/3/2018,220.0,221.0,218.0,221.0,-1.34,110.0,940.0,618.8
RADHI,9/4/2018,217.0,221.0,217.0,220.0,-0.45,160.0,940.0,618.8
RADHI,9/5/2018,217.0,227.0,217.0,227.0,3.18,380.0,940.0,618.8
RADHI,9/6/2018,231.0,231.0,221.0,228.0,0.44,380.0,940.0,618.8
RADHI,9/9/2018,228.0,229.0,221.0,223.0,-2.19,370.0,940.0,618.8
RADHI,9/10/2018,219.0,223.0,219.0,223.0,0.0,110.0,940.0,618.8
RADHI,9/11/2018,220.0,225.0,218.0,219.0,-1.79,960.0,940.0,618.8
RADHI,9/12/2018,216.0,220.0,216.0,216.0,-1.37,70.0,940.0,618.8
RADHI,9/13/2018,213.0,217.0,213.0,215.0,-0.46,130.0,940.0,618.8
RADHI,9/16/2018,212.0,224.0,212.0,220.0,2.33,220.0,940.0,618.8
RADHI,9/17/2018,216.0,219.0,216.0,219.0,-0.45,190.0,940.0,618.8
RADHI,9/18/2018,215.0,224.0,215.0,224.0,2.28,300.0,940.0,618.8
RADHI,9/20/2018,220.0,220.0,214.0,220.0,-1.79,260.0,940.0,618.8
RADHI,9/23/2018,216.0,222.0,212.0,222.0,0.91,1514.0,940.0,618.8
RADHI,9/25/2018,218.0,218.0,218.0,218.0,-1.8,183.0,940.0,618.8
RADHI,9/26/2018,215.0,216.0,211.0,216.0,-0.92,253.0,940.0,618.8
RADHI,9/27/2018,212.0,215.0,212.0,215.0,-0.46,302.0,940.0,618.8
RADHI,9/30/2018,212.0,212.0,207.0,212.0,-1.4,512.0,940.0,618.8
RADHI,10/1/2018,208.0,214.0,208.0,214.0,0.94,371.0,940.0,618.8
RADHI,10/2/2018,210.0,213.0,210.0,213.0,-0.47,502.0,940.0,618.8
RADHI,10/3/2018,213.0,213.0,209.0,211.0,-0.94,255.0,940.0,618.8
RADHI,10/4/2018,207.0,208.0,205.0,207.0,-1.9,611.0,940.0,618.8
RADHI,10/7/2018,204.0,204.0,200.0,203.0,-1.93,634.0,940.0,618.8
RADHI,10/8/2018,205.0,205.0,200.0,201.0,-0.99,560.0,940.0,618.8
RADHI,10/9/2018,204.0,210.0,198.0,199.0,-1.0,611.0,940.0,618.8
RADHI,10/10/2018,196.0,199.0,196.0,198.0,-0.5,339.0,940.0,618.8
RADHI,10/11/2018,195.0,198.0,194.0,198.0,0.0,242.0,940.0,618.8
RADHI,10/14/2018,196.0,196.0,195.0,195.0,-1.52,240.0,940.0,618.8
RADHI,10/15/2018,198.0,205.0,196.0,196.0,0.51,208.0,940.0,618.8
RADHI,10/21/2018,194.0,194.0,190.0,190.0,-3.06,599.0,940.0,618.8
RADHI,10/22/2018,188.0,193.0,188.0,189.0,-0.53,1455.0,940.0,618.8
RADHI,10/23/2018,186.0,189.0,184.0,188.0,-0.53,323.0,940.0,618.8
RADHI,10/24/2018,185.0,187.0,184.0,185.0,-1.6,397.0,940.0,618.8
RADHI,10/25/2018,185.0,185.0,183.0,185.0,0.0,123.0,940.0,618.8
RADHI,10/28/2018,183.0,186.0,182.0,183.0,-1.08,504.0,940.0,618.8
RADHI,10/29/2018,181.0,183.0,178.0,178.0,-2.73,340.0,940.0,618.8
RADHI,10/30/2018,176.0,180.0,176.0,179.0,0.56,484.0,940.0,618.8
RADHI,10/31/2018,179.0,181.0,178.0,180.0,0.56,535.0,940.0,618.8
RADHI,11/1/2018,177.0,180.0,176.0,180.0,0.0,76.0,940.0,618.8
RADHI,11/4/2018,177.0,182.0,177.0,180.0,0.0,98.0,940.0,618.8
RADHI,11/5/2018,178.0,185.0,178.0,185.0,2.78,354.0,940.0,618.8
RADHI,11/12/2018,182.0,185.0,182.0,183.0,-1.08,154.0,940.0,618.8
RADHI,11/13/2018,180.0,183.0,180.0,180.0,-1.64,298.0,940.0,618.8
RADHI,11/14/2018,178.0,183.0,178.0,180.0,0.0,376.0,940.0,618.8
RADHI,11/15/2018,180.0,183.0,180.0,181.0,0.56,349.0,940.0,618.8
RADHI,11/18/2018,178.0,178.0,167.0,171.0,-5.52,170.0,940.0,618.8
RADHI,11/19/2018,168.0,171.0,168.0,169.0,-1.17,296.0,940.0,618.8
RADHI,11/20/2018,167.0,170.0,167.0,168.0,-0.59,182.0,940.0,618.8
RADHI,11/21/2018,166.0,171.0,163.0,168.0,0.0,294.0,940.0,618.8
RADHI,11/22/2018,168.0,170.0,162.0,165.0,-1.79,217.0,940.0,618.8
RADHI,11/25/2018,162.0,167.0,162.0,167.0,1.21,1534.0,940.0,618.8
RADHI,11/26/2018,165.0,167.0,165.0,165.0,-1.2,249.0,940.0,618.8
RADHI,11/27/2018,163.0,166.0,163.0,165.0,0.0,263.0,940.0,618.8
RADHI,11/28/2018,163.0,168.0,163.0,166.0,0.61,176.0,940.0,618.8
RADHI,11/29/2018,165.0,170.0,164.0,167.0,0.6,866.0,940.0,618.8
RADHI,12/2/2018,169.0,169.0,164.0,164.0,-1.8,1020.0,940.0,618.8
RADHI,12/3/2018,161.0,169.0,161.0,168.0,2.44,614.0,940.0,618.8
RADHI,12/4/2018,167.0,174.0,166.0,174.0,3.57,1376.0,940.0,618.8
RADHI,12/5/2018,173.0,173.0,162.0,162.0,-6.9,1362.0,940.0,618.8
RADHI,12/6/2018,163.0,165.0,157.0,157.0,-3.09,5895.0,940.0,618.8
RADHI,12/9/2018,154.0,159.0,154.0,156.0,-0.64,573.0,940.0,618.8
RADHI,12/10/2018,156.0,159.0,156.0,158.0,1.28,165.0,940.0,618.8
RADHI,12/11/2018,159.0,165.0,159.0,162.0,2.53,1698.0,940.0,618.8
RADHI,12/12/2018,159.0,160.0,159.0,160.0,-1.23,43.0,940.0,618.8
RADHI,12/13/2018,157.0,166.0,157.0,165.0,3.12,2147.0,940.0,618.8
RADHI,12/16/2018,168.0,173.0,165.0,165.0,0.0,693.0,940.0,618.8
RADHI,12/17/2018,165.0,168.0,165.0,167.0,1.21,55.0,940.0,618.8
RADHI,12/18/2018,168.0,168.0,168.0,168.0,0.6,77.0,940.0,618.8
RADHI,12/19/2018,168.0,172.0,166.0,169.0,0.6,2721.0,940.0,618.8
RADHI,12/20/2018,170.0,170.0,162.0,168.0,-0.59,88.0,940.0,618.8
RADHI,12/23/2018,166.0,168.0,166.0,168.0,0.0,141.0,940.0,618.8
RADHI,12/24/2018,165.0,166.0,165.0,166.0,-1.19,171.0,940.0,618.8
RADHI,12/25/2018,165.0,169.0,164.0,169.0,1.81,1321.0,940.0,618.8
RADHI,12/26/2018,170.0,173.0,167.0,173.0,2.37,453.0,940.0,618.8
RADHI,12/27/2018,170.0,178.0,170.0,178.0,2.89,88.0,940.0,618.8
RADHI,12/30/2018,175.0,175.0,170.0,175.0,-1.69,1575.0,940.0,618.8
RADHI,12/31/2018,172.0,172.0,166.0,168.0,-4.0,1510.0,940.0,618.8
RADHI,1/1/2019,165.0,167.0,164.0,164.0,-2.38,132.0,940.0,618.8
RADHI,1/2/2019,161.0,164.0,161.0,162.0,-1.22,209.0,940.0,618.8
RADHI,1/3/2019,165.0,167.0,165.0,165.0,1.85,165.0,940.0,618.8
RADHI,1/6/2019,162.0,163.0,162.0,162.0,-1.82,143.0,940.0,618.8
RADHI,1/7/2019,164.0,165.0,164.0,165.0,1.85,34.0,940.0,618.8
RADHI,1/8/2019,162.0,166.0,159.0,166.0,0.61,232.0,940.0,618.8
RADHI,1/9/2019,165.0,167.0,164.0,167.0,0.6,199.0,940.0,618.8
RADHI,1/10/2019,164.0,168.0,164.0,165.0,-1.2,77.0,940.0,618.8
RADHI,1/13/2019,162.0,165.0,160.0,163.0,-1.21,130.0,940.0,618.8
RADHI,1/14/2019,164.0,167.0,164.0,164.0,0.61,164.0,940.0,618.8
RADHI,1/15/2019,165.0,169.0,165.0,166.0,1.22,398.0,940.0,618.8
RADHI,1/16/2019,169.0,172.0,169.0,170.0,2.41,921.0,940.0,618.8
RADHI,1/17/2019,171.0,173.0,168.0,170.0,0.0,420.0,940.0,618.8
RADHI,1/20/2019,167.0,168.0,167.0,167.0,-1.76,75.0,940.0,618.8
RADHI,1/21/2019,164.0,168.0,164.0,164.0,-1.8,661.0,940.0,618.8
RADHI,1/22/2019,163.0,168.0,163.0,166.0,1.22,550.0,940.0,618.8
RADHI,1/23/2019,163.0,168.0,163.0,165.0,-0.6,1083.0,940.0,618.8
RADHI,1/24/2019,163.0,166.0,163.0,165.0,0.0,691.0,940.0,618.8
RADHI,1/27/2019,165.0,167.0,163.0,164.0,-0.61,812.0,940.0,618.8
RADHI,1/28/2019,164.0,166.0,163.0,164.0,0.0,561.0,940.0,618.8
RADHI,1/29/2019,161.0,165.0,161.0,163.0,-0.61,297.0,940.0,618.8
RADHI,1/30/2019,160.0,165.0,160.0,163.0,0.0,340.0,940.0,618.8
RADHI,1/31/2019,161.0,164.0,161.0,164.0,0.61,232.0,940.0,618.8
RADHI,2/3/2019,161.0,164.0,161.0,162.0,-1.22,799.0,940.0,618.8
RADHI,2/4/2019,159.0,162.0,155.0,158.0,-2.47,1065.0,940.0,618.8
RADHI,2/5/2019,155.0,167.0,155.0,167.0,5.7,436.0,940.0,618.8
RADHI,2/6/2019,164.0,164.0,161.0,161.0,-3.59,308.0,940.0,618.8
RADHI,2/7/2019,158.0,161.0,152.0,160.0,-0.62,364.0,940.0,618.8
RADHI,2/10/2019,157.0,160.0,156.0,160.0,0.0,792.0,940.0,618.8
RADHI,2/11/2019,157.0,161.0,157.0,161.0,0.63,407.0,940.0,618.8
RADHI,2/12/2019,161.0,161.0,156.0,156.0,-3.11,182.0,940.0,618.8
RADHI,2/13/2019,156.0,157.0,154.0,155.0,-0.64,849.0,940.0,618.8
RADHI,2/14/2019,152.0,157.0,152.0,153.0,-1.29,915.0,940.0,618.8
RADHI,2/17/2019,153.0,155.0,151.0,151.0,-1.31,203.0,940.0,618.8
RADHI,2/18/2019,151.0,155.0,151.0,153.0,1.32,397.0,940.0,618.8
RADHI,2/19/2019,151.0,156.0,151.0,156.0,1.96,186.0,940.0,618.8
RADHI,2/20/2019,155.0,156.0,154.0,155.0,-0.64,78.0,940.0,618.8
RADHI,2/21/2019,153.0,155.0,153.0,153.0,-1.29,417.0,940.0,618.8
RADHI,2/24/2019,151.0,156.0,151.0,156.0,1.96,388.0,940.0,618.8
RADHI,2/25/2019,153.0,160.0,151.0,160.0,2.56,372.0,940.0,618.8
RADHI,2/26/2019,163.0,169.0,157.0,157.0,-1.88,731.0,940.0,618.8
RADHI,2/27/2019,160.0,166.0,157.0,158.0,0.64,544.0,940.0,618.8
RADHI,3/3/2019,155.0,158.0,155.0,157.0,-0.63,253.0,940.0,618.8
RADHI,3/5/2019,154.0,160.0,152.0,158.0,0.64,1730.0,940.0,618.8
RADHI,3/6/2019,155.0,158.0,154.0,157.0,-0.63,664.0,940.0,618.8
RADHI,3/7/2019,160.0,171.0,160.0,171.0,8.92,1732.0,940.0,618.8
RADHI,3/10/2019,168.0,174.0,168.0,168.0,-1.75,215.0,940.0,618.8
RADHI,3/11/2019,166.0,170.0,161.0,168.0,0.0,213.0,940.0,618.8
RADHI,3/12/2019,168.0,177.0,168.0,174.0,3.57,394.0,940.0,618.8
RADHI,3/13/2019,174.0,176.0,171.0,171.0,-1.72,1127.0,940.0,618.8
RADHI,3/14/2019,166.0,167.0,163.0,166.0,-2.92,114.0,940.0,618.8
RADHI,3/17/2019,169.0,179.0,166.0,179.0,7.83,151.0,940.0,618.8
RADHI,3/18/2019,176.0,176.0,173.0,174.0,-2.79,687.0,940.0,618.8
RADHI,3/19/2019,171.0,171.0,171.0,171.0,-1.72,100.0,940.0,618.8
RADHI,3/21/2019,168.0,172.0,168.0,170.0,-0.58,320.0,940.0,618.8
RADHI,3/24/2019,167.0,173.0,164.0,173.0,1.76,427.0,940.0,618.8
RADHI,3/25/2019,170.0,170.0,167.0,169.0,-2.31,244.0,940.0,618.8
RADHI,3/26/2019,168.0,168.0,165.0,167.0,-1.18,631.0,940.0,618.8
RADHI,3/27/2019,164.0,172.0,164.0,172.0,2.99,431.0,940.0,618.8
RADHI,3/28/2019,169.0,178.0,167.0,178.0,3.49,485.0,940.0,618.8
RADHI,3/31/2019,175.0,175.0,168.0,168.0,-5.62,509.0,940.0,618.8
RADHI,4/1/2019,166.0,168.0,163.0,164.0,-2.38,352.0,940.0,618.8
RADHI,4/2/2019,163.0,170.0,163.0,170.0,3.66,687.0,940.0,618.8
RADHI,4/3/2019,167.0,168.0,165.0,168.0,-1.18,210.0,940.0,618.8
RADHI,4/4/2019,165.0,173.0,165.0,173.0,2.98,552.0,940.0,618.8
RADHI,4/7/2019,176.0,176.0,170.0,175.0,1.16,434.0,940.0,618.8
RADHI,4/8/2019,172.0,175.0,166.0,167.0,-4.57,978.0,940.0,618.8
RADHI,4/9/2019,168.0,174.0,165.0,168.0,0.6,1359.0,940.0,618.8
RADHI,4/10/2019,165.0,168.0,164.0,168.0,0.0,833.0,940.0,618.8
RADHI,4/11/2019,165.0,167.0,162.0,166.0,-1.19,868.0,940.0,618.8
RADHI,4/15/2019,163.0,165.0,163.0,164.0,-1.2,509.0,940.0,618.8
RADHI,4/16/2019,163.0,166.0,163.0,166.0,1.22,153.0,940.0,618.8
RADHI,4/17/2019,163.0,167.0,163.0,164.0,-1.2,307.0,940.0,618.8
RADHI,4/18/2019,162.0,165.0,160.0,160.0,-2.44,1598.0,940.0,618.8
RADHI,4/21/2019,157.0,160.0,157.0,158.0,-1.25,393.0,940.0,618.8
RADHI,4/22/2019,155.0,158.0,150.0,152.0,-3.8,3673.0,940.0,618.8
RADHI,4/23/2019,150.0,162.0,150.0,162.0,6.58,267.0,940.0,618.8
RADHI,4/24/2019,160.0,160.0,154.0,154.0,-4.94,184.0,940.0,618.8
RADHI,4/25/2019,154.0,165.0,153.0,165.0,7.14,127.0,940.0,618.8
RADHI,4/28/2019,168.0,174.0,168.0,173.0,4.85,2111.0,940.0,618.8
RADHI,4/29/2019,170.0,170.0,159.0,160.0,-7.51,491.0,940.0,618.8
RADHI,4/30/2019,157.0,166.0,155.0,166.0,3.75,286.0,940.0,618.8
RADHI,5/2/2019,163.0,166.0,160.0,166.0,0.0,403.0,940.0,618.8
RADHI,5/5/2019,163.0,163.0,154.0,160.0,-3.61,438.0,940.0,618.8
RADHI,5/6/2019,160.0,160.0,157.0,157.0,-1.88,237.0,940.0,618.8
RADHI,5/7/2019,157.0,166.0,155.0,166.0,5.73,511.0,940.0,618.8
RADHI,5/8/2019,163.0,163.0,160.0,162.0,-2.41,654.0,940.0,618.8
RADHI,5/9/2019,159.0,159.0,156.0,156.0,-3.7,1021.0,940.0,618.8
RADHI,5/12/2019,154.0,164.0,154.0,160.0,2.56,2003.0,940.0,618.8
RADHI,5/13/2019,163.0,163.0,157.0,160.0,0.0,230.0,940.0,618.8
RADHI,5/14/2019,160.0,165.0,159.0,160.0,0.0,615.0,940.0,618.8
RADHI,5/15/2019,157.0,160.0,155.0,156.0,-2.5,739.0,940.0,618.8
RADHI,5/16/2019,156.0,159.0,156.0,158.0,1.28,284.0,940.0,618.8
RADHI,5/19/2019,158.0,165.0,158.0,165.0,4.43,1475.0,940.0,618.8
RADHI,5/20/2019,162.0,163.0,158.0,160.0,-3.03,763.0,940.0,618.8
RADHI,5/21/2019,157.0,176.0,157.0,174.0,8.75,6300.0,940.0,618.8
RADHI,5/22/2019,171.0,185.0,166.0,182.0,4.6,1717.0,940.0,618.8
RADHI,5/23/2019,179.0,179.0,176.0,176.0,-3.3,99.0,940.0,618.8
RADHI,5/26/2019,176.0,176.0,162.0,164.0,-6.82,510.0,940.0,618.8
RADHI,5/27/2019,161.0,165.0,158.0,163.0,-0.61,442.0,940.0,618.8
RADHI,5/28/2019,160.0,165.0,160.0,163.0,0.0,242.0,940.0,618.8
RADHI,5/29/2019,160.0,173.0,160.0,173.0,6.13,587.0,940.0,618.8
RADHI,5/30/2019,173.0,175.0,167.0,167.0,-3.47,1029.0,940.0,618.8
RADHI,6/2/2019,164.0,167.0,163.0,166.0,-0.6,245.0,940.0,618.8
RADHI,6/3/2019,163.0,164.0,161.0,163.0,-1.81,716.0,940.0,618.8
RADHI,6/4/2019,162.0,165.0,162.0,163.0,0.0,599.0,940.0,618.8
RADHI,6/6/2019,162.0,165.0,161.0,161.0,-1.23,2095.0,940.0,618.8
RADHI,6/10/2019,160.0,166.0,160.0,164.0,1.86,874.0,940.0,618.8
RADHI,6/11/2019,164.0,173.0,164.0,166.0,1.22,2035.0,940.0,618.8
RADHI,6/12/2019,163.0,167.0,163.0,167.0,0.6,689.0,940.0,618.8
RADHI,6/13/2019,164.0,167.0,162.0,166.0,-0.6,895.0,940.0,618.8
RADHI,6/16/2019,166.0,166.0,160.0,164.0,-1.2,2304.0,940.0,618.8
RADHI,6/17/2019,162.0,166.0,162.0,166.0,1.22,358.0,940.0,618.8
RADHI,6/18/2019,168.0,170.0,167.0,167.0,0.6,195.0,940.0,618.8
RADHI,6/19/2019,170.0,170.0,164.0,164.0,-1.8,1153.0,940.0,618.8
RADHI,6/20/2019,164.0,167.0,164.0,165.0,0.61,1029.0,940.0,618.8
RADHI,6/23/2019,166.0,168.0,165.0,166.0,0.61,1197.0,940.0,618.8
RADHI,6/24/2019,155.0,161.0,152.0,161.0,-3.01,343.0,940.0,618.8
RADHI,6/25/2019,161.0,161.0,152.0,152.0,-5.59,1128.0,940.0,618.8
RADHI,6/26/2019,150.0,154.0,148.0,148.0,-2.63,2183.0,940.0,618.8
RADHI,6/27/2019,146.0,149.0,146.0,148.0,0.0,161.0,940.0,618.8
RADHI,6/30/2019,147.0,148.0,143.0,143.0,-3.38,2578.0,940.0,618.8
RADHI,7/1/2019,141.0,144.0,141.0,142.0,-0.7,251.0,940.0,618.8
RADHI,7/2/2019,141.0,146.0,141.0,146.0,2.82,120.0,940.0,618.8
RADHI,7/3/2019,147.0,150.0,147.0,147.0,0.68,132.0,940.0,618.8
RADHI,7/4/2019,145.0,145.0,141.0,143.0,-2.72,306.0,940.0,618.8
RADHI,7/7/2019,143.0,148.0,143.0,144.0,0.7,227.0,940.0,618.8
RADHI,7/8/2019,142.0,142.0,140.0,140.0,-2.78,82.0,940.0,618.8
RADHI,7/9/2019,142.0,150.0,141.0,150.0,7.14,3317.0,940.0,618.8
RADHI,7/10/2019,150.0,150.0,145.0,145.0,-3.33,2038.0,940.0,618.8
RADHI,7/11/2019,143.0,145.0,143.0,143.0,-1.38,112.0,940.0,618.8
RADHI,7/14/2019,145.0,145.0,142.0,142.0,-0.7,483.0,940.0,618.8
RADHI,7/15/2019,140.0,145.0,140.0,145.0,2.11,1247.0,940.0,618.8
RADHI,7/16/2019,147.0,150.0,145.0,149.0,2.76,95.0,940.0,618.8
RADHI,7/17/2019,147.0,148.0,145.0,145.0,-2.68,620.0,940.0,618.8
RADHI,7/18/2019,144.0,145.0,144.0,144.0,-0.69,409.0,940.0,618.8
RADHI,7/21/2019,142.0,145.0,142.0,143.0,-0.69,1004.0,940.0,618.8
RADHI,7/22/2019,143.0,144.0,142.0,143.0,0.0,183.0,940.0,618.8
RADHI,7/23/2019,141.0,150.0,141.0,150.0,4.9,685.0,940.0,618.8
RADHI,7/24/2019,150.0,153.0,147.0,150.0,0.0,1522.0,940.0,618.8
RADHI,7/25/2019,150.0,150.0,146.0,146.0,-2.67,121.0,940.0,618.8
RADHI,7/28/2019,144.0,145.0,142.0,145.0,-0.68,164.0,940.0,618.8
RADHI,7/29/2019,143.0,145.0,143.0,143.0,-1.38,143.0,940.0,618.8
RADHI,7/30/2019,142.0,153.0,142.0,153.0,6.99,2355.0,940.0,618.8
RADHI,7/31/2019,152.0,156.0,147.0,147.0,-3.92,663.0,940.0,618.8
RADHI,8/1/2019,145.0,147.0,145.0,146.0,-0.68,110.0,940.0,618.8
RADHI,8/4/2019,144.0,148.0,142.0,146.0,0.0,396.0,940.0,618.8
RADHI,8/5/2019,144.0,145.0,143.0,144.0,-1.37,197.0,940.0,618.8
RADHI,8/6/2019,142.0,142.0,140.0,142.0,-1.39,197.0,940.0,618.8
RADHI,8/7/2019,140.0,143.0,139.0,142.0,0.0,131.0,940.0,618.8
RADHI,8/8/2019,140.0,143.0,140.0,142.0,0.0,339.0,940.0,618.8
RADHI,8/11/2019,140.0,144.0,140.0,141.0,-0.7,187.0,940.0,618.8
RADHI,8/12/2019,140.0,144.0,140.0,141.0,0.0,257.0,940.0,618.8
RADHI,8/13/2019,139.0,145.0,139.0,142.0,0.71,940.0,940.0,618.8
RADHI,8/14/2019,140.0,142.0,140.0,142.0,0.0,243.0,940.0,618.8
RADHI,8/15/2019,140.0,142.0,140.0,142.0,0.0,88.0,940.0,618.8
RADHI,8/18/2019,140.0,140.0,138.0,138.0,-2.82,198.0,940.0,618.8
RADHI,8/19/2019,138.0,140.0,138.0,138.0,0.0,182.0,940.0,618.8
RADHI,8/20/2019,136.0,138.0,136.0,137.0,-0.72,156.0,940.0,618.8
RADHI,8/21/2019,135.0,137.0,135.0,136.0,-0.73,185.0,940.0,618.8
RADHI,8/22/2019,136.0,141.0,136.0,140.0,2.94,207.0,940.0,618.8
RADHI,8/25/2019,138.0,138.0,136.0,137.0,-2.14,176.0,940.0,618.8
RADHI,8/26/2019,135.0,138.0,135.0,138.0,0.73,207.0,940.0,618.8
RADHI,8/27/2019,139.0,140.0,137.0,140.0,1.45,488.0,940.0,618.8
RADHI,8/28/2019,138.0,140.0,136.0,136.0,-2.86,320.0,940.0,618.8
RADHI,8/29/2019,136.0,137.0,136.0,137.0,0.74,396.0,940.0,618.8
RADHI,9/1/2019,136.0,136.0,135.0,136.0,-0.73,156.0,940.0,618.8
RADHI,9/2/2019,136.0,136.0,134.0,136.0,0.0,347.0,940.0,618.8
RADHI,9/3/2019,134.0,136.0,134.0,136.0,0.0,204.0,940.0,618.8
RADHI,9/4/2019,134.0,136.0,133.0,135.0,-0.74,226.0,940.0,618.8
RADHI,9/5/2019,134.0,138.0,134.0,135.0,0.0,1704.0,940.0,618.8
RADHI,9/8/2019,137.0,148.0,137.0,141.0,4.44,3665.0,940.0,618.8
RADHI,9/9/2019,139.0,139.0,135.0,136.0,-3.55,176.0,940.0,618.8
RADHI,9/10/2019,134.0,134.0,132.0,134.0,-1.47,1086.0,940.0,618.8
RADHI,9/11/2019,133.0,135.0,133.0,133.0,-0.75,267.0,940.0,618.8
RADHI,9/12/2019,132.0,134.0,132.0,132.0,-0.75,299.0,940.0,618.8
RADHI,9/15/2019,130.0,132.0,130.0,130.0,-1.52,202.0,940.0,618.8
RADHI,9/16/2019,128.0,129.0,127.0,127.0,-2.31,620.0,940.0,618.8
RADHI,9/17/2019,125.0,139.0,125.0,139.0,9.45,1218.0,940.0,618.8
RADHI,9/18/2019,141.0,147.0,138.0,142.0,2.16,1480.0,940.0,618.8
RADHI,9/19/2019,140.0,140.0,136.0,138.0,-2.82,47.0,940.0,618.8
RADHI,9/22/2019,139.0,139.0,133.0,135.0,-2.17,114.0,940.0,618.8
RADHI,9/23/2019,136.0,138.0,136.0,138.0,2.22,100.0,940.0,618.8
RADHI,9/24/2019,136.0,136.0,131.0,134.0,-2.9,84.0,940.0,618.8
RADHI,9/25/2019,132.0,133.0,131.0,133.0,-0.75,79.0,940.0,618.8
RADHI,9/26/2019,131.0,133.0,131.0,132.0,-0.75,123.0,940.0,618.8
RADHI,9/29/2019,131.0,134.0,131.0,132.0,0.0,133.0,940.0,618.8
RADHI,9/30/2019,132.0,132.0,132.0,132.0,0.0,52.0,940.0,618.8
RADHI,10/1/2019,132.0,136.0,132.0,134.0,1.52,81.0,940.0,618.8
RADHI,10/2/2019,132.0,134.0,132.0,134.0,0.0,22.0,940.0,618.8
RADHI,10/3/2019,134.0,135.0,133.0,135.0,0.75,56.0,940.0,618.8
RADHI,10/10/2019,137.0,139.0,137.0,137.0,1.48,39.0,940.0,618.8
RADHI,10/14/2019,139.0,145.0,139.0,145.0,5.84,80.0,940.0,618.8
RADHI,10/15/2019,147.0,147.0,143.0,145.0,0.0,292.0,940.0,618.8
RADHI,10/16/2019,146.0,146.0,146.0,146.0,0.69,10.0,940.0,618.8
RADHI,10/17/2019,148.0,148.0,146.0,148.0,1.37,103.0,940.0,618.8
RADHI,10/20/2019,146.0,146.0,144.0,144.0,-2.7,142.0,940.0,618.8
RADHI,10/21/2019,146.0,148.0,132.0,136.0,-5.56,464.0,940.0,618.8
RADHI,10/22/2019,134.0,135.0,132.0,135.0,-0.74,113.0,940.0,618.8
RADHI,10/23/2019,137.0,137.0,135.0,137.0,1.48,69.0,940.0,618.8
RADHI,10/24/2019,136.0,136.0,135.0,136.0,-0.73,76.0,940.0,618.8
RADHI,10/31/2019,138.0,140.0,136.0,136.0,0.0,173.0,940.0,618.8
RADHI,11/3/2019,134.0,135.0,132.0,132.0,-2.94,178.0,940.0,618.8
RADHI,11/4/2019,134.0,134.0,133.0,133.0,0.76,80.0,940.0,618.8
RADHI,11/5/2019,132.0,133.0,132.0,133.0,0.0,268.0,940.0,618.8
RADHI,11/6/2019,132.0,132.0,130.0,130.0,-2.26,80.0,940.0,618.8
RADHI,11/7/2019,131.0,134.0,131.0,133.0,2.31,79.0,940.0,618.8
RADHI,11/10/2019,131.0,134.0,131.0,133.0,0.0,147.0,940.0,618.8
RADHI,11/11/2019,133.0,145.0,131.0,143.0,7.52,343.0,940.0,618.8
RADHI,11/12/2019,141.0,141.0,141.0,141.0,-1.4,10.0,940.0,618.8
RADHI,11/14/2019,139.0,155.0,139.0,150.0,6.38,3477.0,940.0,618.8
RADHI,11/17/2019,148.0,149.0,145.0,145.0,-3.33,221.0,940.0,618.8
RADHI,11/19/2019,147.0,148.0,145.0,147.0,1.38,230.0,940.0,618.8
RADHI,11/20/2019,145.0,146.0,142.0,145.0,-1.36,653.0,940.0,618.8
RADHI,11/21/2019,145.0,145.0,143.0,143.0,-1.38,25.0,940.0,618.8
RADHI,11/24/2019,143.0,143.0,141.0,141.0,-1.4,203.0,940.0,618.8
RADHI,11/25/2019,140.0,141.0,138.0,138.0,-2.13,280.0,940.0,618.8
RADHI,11/26/2019,136.0,138.0,134.0,137.0,-0.72,141.0,940.0,618.8
RADHI,11/27/2019,135.0,137.0,134.0,137.0,0.0,230.0,940.0,618.8
RADHI,11/28/2019,136.0,138.0,136.0,138.0,0.73,36.0,940.0,618.8
RADHI,12/1/2019,138.0,140.0,136.0,140.0,1.45,1348.0,940.0,618.8
RADHI,12/2/2019,139.0,139.0,139.0,139.0,-0.71,34.0,940.0,618.8
RADHI,12/3/2019,139.0,141.0,137.0,141.0,1.44,127.0,940.0,618.8
RADHI,12/4/2019,140.0,140.0,138.0,139.0,-1.42,105.0,940.0,618.8
RADHI,12/5/2019,137.0,139.0,137.0,139.0,0.0,60.0,940.0,618.8
RADHI,12/8/2019,139.0,140.0,137.0,139.0,0.0,103.0,940.0,618.8
RADHI,12/9/2019,141.0,142.0,138.0,142.0,2.16,69.0,940.0,618.8
RADHI,12/10/2019,140.0,142.0,140.0,141.0,-0.7,48.0,940.0,618.8
RADHI,12/11/2019,140.0,142.0,140.0,142.0,0.71,162.0,940.0,618.8
RADHI,12/12/2019,141.0,143.0,141.0,142.0,0.0,382.0,940.0,618.8
RADHI,12/15/2019,141.0,142.0,141.0,141.0,-0.7,224.0,940.0,618.8
RADHI,12/16/2019,139.0,143.0,139.0,143.0,1.42,140.0,940.0,618.8
RADHI,12/17/2019,141.0,144.0,140.0,144.0,0.7,273.0,940.0,618.8
RADHI,12/18/2019,142.0,144.0,142.0,142.0,-1.39,2810.0,940.0,618.8
RADHI,12/19/2019,142.0,142.0,140.0,140.0,-1.41,140.0,940.0,618.8
RADHI,12/22/2019,141.0,141.0,139.0,140.0,0.0,117.0,940.0,618.8
RADHI,12/23/2019,139.0,142.0,139.0,141.0,0.71,113.0,940.0,618.8
RADHI,12/24/2019,141.0,142.0,140.0,141.0,0.0,1057.0,940.0,618.8
RADHI,12/25/2019,140.0,141.0,140.0,141.0,0.0,69.0,940.0,618.8
RADHI,12/26/2019,139.0,140.0,139.0,139.0,-1.42,138.0,940.0,618.8
RADHI,12/29/2019,139.0,141.0,138.0,138.0,-0.72,242.0,940.0,618.8
RADHI,12/30/2019,137.0,141.0,137.0,141.0,2.17,172.0,940.0,618.8
RADHI,12/31/2019,140.0,141.0,140.0,140.0,-0.71,62.0,940.0,618.8
RADHI,1/1/2020,140.0,143.0,140.0,140.0,0.0,368.0,940.0,618.8
RADHI,1/2/2020,138.0,139.0,137.0,139.0,-0.71,128.0,940.0,618.8
RADHI,1/5/2020,137.0,139.0,137.0,139.0,0.0,139.0,940.0,618.8
RADHI,1/6/2020,138.0,141.0,138.0,140.0,0.72,218.0,940.0,618.8
RADHI,1/7/2020,139.0,143.0,139.0,141.0,0.71,176.0,940.0,618.8
RADHI,1/8/2020,142.0,145.0,142.0,145.0,2.84,493.0,940.0,618.8
RADHI,1/9/2020,143.0,149.0,143.0,147.0,1.38,364.0,940.0,618.8
RADHI,1/12/2020,148.0,151.0,145.0,150.0,2.04,1504.0,940.0,618.8
RADHI,1/13/2020,152.0,163.0,147.0,163.0,8.67,862.0,940.0,618.8
RADHI,1/14/2020,165.0,165.0,156.0,156.0,-4.29,42.0,940.0,618.8
RADHI,1/15/2020,159.0,162.0,153.0,162.0,3.85,834.0,940.0,618.8
RADHI,1/16/2020,162.0,165.0,160.0,165.0,1.85,1265.0,940.0,618.8
RADHI,1/19/2020,164.0,168.0,163.0,166.0,0.61,2755.0,940.0,618.8
RADHI,1/20/2020,163.0,163.0,157.0,161.0,-3.01,1493.0,940.0,618.8
RADHI,1/21/2020,158.0,158.0,155.0,157.0,-2.48,174.0,940.0,618.8
RADHI,1/22/2020,157.0,157.0,149.0,150.0,-4.46,408.0,940.0,618.8
RADHI,1/23/2020,148.0,150.0,147.0,147.0,-2.0,1114.0,940.0,618.8
RADHI,1/26/2020,147.0,148.0,145.0,145.0,-1.36,384.0,940.0,618.8
RADHI,1/27/2020,147.0,149.0,144.0,147.0,1.38,181.0,940.0,618.8
RADHI,1/28/2020,149.0,149.0,147.0,149.0,1.36,353.0,940.0,618.8
RADHI,1/29/2020,147.0,148.0,145.0,147.0,-1.34,182.0,940.0,618.8
RADHI,1/30/2020,145.0,147.0,144.0,146.0,-0.68,644.0,940.0,618.8
RADHI,2/2/2020,144.0,149.0,143.0,149.0,2.05,902.0,940.0,618.8
RADHI,2/3/2020,147.0,156.0,146.0,151.0,1.34,499.0,940.0,618.8
RADHI,2/4/2020,154.0,154.0,149.0,150.0,-0.66,583.0,940.0,618.8
RADHI,2/5/2020,150.0,151.0,149.0,149.0,-0.67,274.0,940.0,618.8
RADHI,2/6/2020,147.0,151.0,146.0,149.0,0.0,447.0,940.0,618.8
RADHI,2/9/2020,147.0,149.0,145.0,147.0,-1.34,240.0,940.0,618.8
RADHI,2/10/2020,149.0,149.0,146.0,147.0,0.0,217.0,940.0,618.8
RADHI,2/11/2020,145.0,147.0,145.0,147.0,0.0,243.0,940.0,618.8
RADHI,2/12/2020,145.0,150.0,145.0,147.0,0.0,390.0,940.0,618.8
RADHI,2/13/2020,147.0,158.0,147.0,158.0,7.48,1940.0,940.0,618.8
RADHI,2/16/2020,161.0,173.0,158.0,173.0,9.49,3081.0,940.0,618.8
RADHI,2/17/2020,173.0,189.0,173.0,182.0,5.2,2310.0,940.0,618.8
RADHI,2/18/2020,179.0,182.0,172.0,182.0,0.0,4158.0,940.0,618.8
RADHI,2/20/2020,179.0,179.0,170.0,174.0,-4.4,1490.0,940.0,618.8
RADHI,2/23/2020,177.0,187.0,174.0,187.0,7.47,1858.0,940.0,618.8
RADHI,2/24/2020,185.0,187.0,169.0,187.0,0.0,1940.0,940.0,618.8
RADHI,2/25/2020,185.0,205.0,177.0,205.0,9.63,1306.0,940.0,618.8
RADHI,2/26/2020,207.0,209.0,188.0,188.0,-8.29,6318.0,940.0,618.8
RADHI,2/27/2020,188.0,188.0,183.0,183.0,-2.66,956.0,940.0,618.8
RADHI,3/1/2020,183.0,186.0,177.0,177.0,-3.28,1012.0,940.0,618.8
RADHI,3/2/2020,174.0,174.0,166.0,166.0,-6.21,1281.0,940.0,618.8
RADHI,3/3/2020,164.0,168.0,162.0,166.0,0.0,1672.0,940.0,618.8
RADHI,3/4/2020,163.0,166.0,160.0,166.0,0.0,1396.0,940.0,618.8
RADHI,3/5/2020,166.0,181.0,163.0,181.0,9.04,1483.0,940.0,618.8
RADHI,3/11/2020,178.0,189.0,170.0,189.0,4.42,1767.0,940.0,618.8
RADHI,3/12/2020,190.0,190.0,171.0,171.0,-9.52,464.0,940.0,618.8
RADHI,3/15/2020,168.0,174.0,162.0,171.0,0.0,1205.0,940.0,618.8
RADHI,3/16/2020,168.0,168.0,165.0,165.0,-3.51,227.0,940.0,618.8
RADHI,3/17/2020,162.0,166.0,160.0,160.0,-3.03,1448.0,940.0,618.8
RADHI,3/18/2020,157.0,163.0,157.0,157.0,-1.88,1122.0,940.0,618.8
RADHI,3/19/2020,155.0,172.0,155.0,172.0,9.55,365.0,940.0,618.8
RADHI,3/22/2020,175.0,175.0,175.0,175.0,1.74,11.0,940.0,618.8
RADHI,6/29/2020,172.0,172.0,169.0,169.0,-3.43,155.0,940.0,618.8
RADHI,6/30/2020,166.0,184.0,166.0,184.0,8.88,325.0,940.0,618.8
RADHI,7/1/2020,185.0,185.0,185.0,185.0,0.54,140.0,940.0,618.8
RADHI,7/5/2020,183.0,183.0,167.0,182.0,-1.62,1110.0,940.0,618.8
RADHI,7/6/2020,179.0,179.0,164.0,164.0,-9.89,1637.0,940.0,618.8
RADHI,7/7/2020,163.0,180.0,162.0,167.0,1.83,2914.0,940.0,618.8
RADHI,7/8/2020,165.0,171.0,163.0,171.0,2.4,376.0,940.0,618.8
RADHI,7/9/2020,168.0,177.0,162.0,174.0,1.75,1614.0,940.0,618.8
RADHI,7/12/2020,171.0,174.0,165.0,167.0,-4.02,411.0,940.0,618.8
RADHI,7/13/2020,165.0,181.0,162.0,179.0,7.19,2137.0,940.0,618.8
RADHI,7/14/2020,176.0,176.0,169.0,170.0,-5.03,190.0,940.0,618.8
RADHI,7/15/2020,170.0,179.0,165.0,179.0,5.29,1019.0,940.0,618.8
RADHI,7/16/2020,180.0,180.0,166.0,170.0,-5.03,983.0,940.0,618.8
RADHI,7/20/2020,178.0,181.0,170.0,170.0,0.0,1930.0,940.0,618.8
RADHI,7/21/2020,167.0,180.0,164.0,166.0,-2.35,537.0,940.0,618.8
RADHI,7/22/2020,164.0,172.0,164.0,169.0,1.81,1332.0,940.0,618.8
RADHI,7/23/2020,166.0,170.0,165.0,168.0,-0.59,1087.0,940.0,618.8
RADHI,7/26/2020,165.0,174.0,165.0,168.0,0.0,1326.0,940.0,618.8
RADHI,7/27/2020,167.0,170.0,166.0,166.0,-1.19,811.0,940.0,618.8
RADHI,7/28/2020,163.0,169.0,163.0,168.0,1.2,868.0,940.0,618.8
RADHI,7/29/2020,171.0,174.0,166.0,167.0,-0.6,2157.0,940.0,618.8
RADHI,7/30/2020,165.0,172.0,165.0,172.0,2.99,503.0,940.0,618.8
RADHI,8/2/2020,169.0,169.0,160.0,164.0,-4.65,991.0,940.0,618.8
RADHI,8/3/2020,161.0,180.0,161.0,166.0,1.22,1276.0,940.0,618.8
RADHI,8/5/2020,165.0,170.0,163.0,170.0,2.41,419.0,940.0,618.8
RADHI,8/6/2020,168.0,171.0,166.0,171.0,0.59,943.0,940.0,618.8
RADHI,8/9/2020,168.0,170.0,165.0,170.0,-0.58,302.0,940.0,618.8
RADHI,8/10/2020,168.0,174.0,166.0,167.0,-1.76,1206.0,940.0,618.8
RADHI,8/11/2020,165.0,173.0,165.0,173.0,3.59,1562.0,940.0,618.8
RADHI,8/12/2020,170.0,177.0,165.0,172.0,-0.58,574.0,940.0,618.8
RADHI,8/13/2020,169.0,172.0,165.0,172.0,0.0,2579.0,940.0,618.8
RADHI,8/16/2020,170.0,174.0,168.0,174.0,1.16,597.0,940.0,618.8
RADHI,8/17/2020,171.0,171.0,165.0,171.0,-1.72,617.0,940.0,618.8
RADHI,8/18/2020,169.0,178.0,169.0,177.0,3.51,2716.0,940.0,618.8
RADHI,8/19/2020,174.0,180.0,171.0,179.0,1.13,1281.0,940.0,618.8
RADHI,8/20/2020,176.0,178.0,174.0,177.0,-1.12,241.0,940.0,618.8
RADHI,8/23/2020,175.0,177.0,172.0,177.0,0.0,712.0,940.0,618.8
RADHI,8/24/2020,174.0,176.0,172.0,174.0,-1.69,1652.0,940.0,618.8
RADHI,8/25/2020,173.0,177.0,173.0,173.0,-0.57,757.0,940.0,618.8
RADHI,8/26/2020,172.0,177.0,172.0,175.0,1.16,925.0,940.0,618.8
RADHI,8/27/2020,175.0,181.0,175.0,181.0,3.43,1886.0,940.0,618.8
RADHI,8/30/2020,183.0,183.0,181.0,181.0,0.0,2399.0,940.0,618.8
RADHI,8/31/2020,181.0,197.0,180.0,190.0,4.97,6528.0,940.0,618.8
RADHI,9/2/2020,192.0,209.0,192.0,209.0,10.0,12827.0,940.0,618.8
RADHI,9/3/2020,213.0,220.0,200.0,208.0,-0.48,13801.0,940.0,618.8
RADHI,9/6/2020,208.0,228.0,205.0,228.0,9.62,7598.0,940.0,618.8
RADHI,9/7/2020,232.0,232.0,221.0,230.0,0.88,9288.0,940.0,618.8
RADHI,9/8/2020,226.0,226.0,212.0,226.0,-1.74,3471.0,940.0,618.8
RADHI,9/9/2020,222.0,230.0,212.0,222.0,-1.77,3776.0,940.0,618.8
RADHI,9/10/2020,225.0,225.0,216.0,218.0,-1.8,1341.0,940.0,618.8
RADHI,9/13/2020,215.0,239.0,213.0,239.0,9.63,7875.0,940.0,618.8
RADHI,9/14/2020,236.0,251.0,232.0,249.0,4.18,10775.0,940.0,618.8
RADHI,9/15/2020,253.0,255.0,236.0,239.0,-4.02,7337.0,940.0,618.8
RADHI,9/16/2020,250.0,262.0,235.0,259.0,8.37,5399.0,940.0,618.8
RADHI,9/17/2020,259.0,284.0,253.0,284.0,9.65,13752.0,940.0,618.8
RADHI,9/20/2020,289.0,289.0,256.0,275.0,-3.17,8827.0,940.0,618.8
RADHI,9/21/2020,270.0,270.0,251.0,260.0,-5.45,8914.0,940.0,618.8
RADHI,9/22/2020,255.0,255.0,247.0,252.0,-3.08,5435.0,940.0,618.8
RADHI,9/23/2020,240.0,269.0,240.0,269.0,6.75,3602.0,940.0,618.8
RADHI,9/24/2020,264.0,281.0,255.0,266.0,-1.12,10211.0,940.0,618.8
RADHI,9/27/2020,266.0,271.0,259.0,260.0,-2.26,9677.0,940.0,618.8
RADHI,9/28/2020,255.0,256.0,250.0,254.0,-2.31,1761.0,940.0,618.8
RADHI,9/29/2020,259.0,264.0,249.0,260.0,2.36,3936.0,940.0,618.8
RADHI,9/30/2020,260.0,265.0,256.0,257.0,-1.15,3755.0,940.0,618.8
RADHI,10/1/2020,252.0,262.0,245.0,255.0,-0.78,2842.0,940.0,618.8
RADHI,10/4/2020,250.0,261.0,245.0,260.0,1.96,4283.0,940.0,618.8
RADHI,10/5/2020,265.0,266.0,252.0,266.0,2.31,7413.0,940.0,618.8
RADHI,10/6/2020,262.0,283.0,262.0,278.0,4.51,12678.0,940.0,618.8
RADHI,10/7/2020,273.0,305.0,273.0,303.0,8.99,17412.0,940.0,618.8
RADHI,10/8/2020,300.0,310.0,281.0,289.0,-4.62,11881.0,940.0,618.8
RADHI,10/11/2020,284.0,290.0,274.0,285.0,-1.38,6506.0,940.0,618.8
RADHI,10/12/2020,285.0,290.0,276.0,285.0,0.0,2996.0,940.0,618.8
RADHI,10/13/2020,280.0,282.0,270.0,282.0,-1.05,4099.0,940.0,618.8
RADHI,10/14/2020,277.0,286.0,270.0,276.0,-2.13,4002.0,940.0,618.8
RADHI,10/15/2020,273.0,282.0,258.0,273.0,-1.09,7630.0,940.0,618.8
RADHI,10/18/2020,268.0,275.0,258.0,275.0,0.73,2854.0,940.0,618.8
RADHI,10/19/2020,280.0,281.0,265.0,281.0,2.18,4145.0,940.0,618.8
RADHI,10/20/2020,281.0,284.0,278.0,283.0,0.71,3193.0,940.0,618.8
RADHI,10/21/2020,288.0,290.0,278.0,289.0,2.12,1614.0,940.0,618.8
RADHI,10/22/2020,284.0,287.0,274.0,282.0,-2.42,1055.0,940.0,618.8
RADHI,10/28/2020,287.0,287.0,267.0,284.0,0.71,1011.0,940.0,618.8
RADHI,10/29/2020,279.0,280.0,274.0,280.0,-1.41,941.0,940.0,618.8
RADHI,11/1/2020,280.0,284.0,276.0,282.0,0.71,2637.0,940.0,618.8
RADHI,11/2/2020,278.0,282.0,276.0,281.0,-0.35,5025.0,940.0,618.8
RADHI,11/3/2020,285.0,285.0,276.0,282.0,0.36,1530.0,940.0,618.8
RADHI,11/4/2020,280.0,283.0,277.0,282.0,0.0,1900.0,940.0,618.8
RADHI,11/5/2020,277.0,285.0,277.0,285.0,1.06,10054.0,940.0,618.8
RADHI,11/8/2020,280.0,295.0,280.0,293.0,2.81,10218.0,940.0,618.8
RADHI,11/9/2020,294.0,297.0,285.0,286.0,-2.39,5720.0,940.0,618.8
RADHI,11/10/2020,281.0,288.0,281.0,288.0,0.7,3294.0,940.0,618.8
RADHI,11/11/2020,289.0,293.0,285.0,289.0,0.35,12014.0,940.0,618.8
RADHI,11/12/2020,285.0,291.0,280.0,291.0,0.69,1901.0,940.0,618.8
RADHI,11/18/2020,286.0,286.0,276.0,282.0,-3.09,637.0,940.0,618.8
RADHI,11/19/2020,280.0,284.0,277.0,281.0,-0.35,6202.0,940.0,618.8
RADHI,11/22/2020,285.0,288.0,283.0,286.0,1.78,3836.0,940.0,618.8
RADHI,11/23/2020,283.0,309.0,283.0,299.0,4.55,7460.0,940.0,618.8
RADHI,11/24/2020,300.0,302.0,297.0,302.0,1.0,5478.0,940.0,618.8
RADHI,11/25/2020,305.0,308.0,300.0,305.0,0.99,7763.0,940.0,618.8
RADHI,11/26/2020,305.0,311.0,295.0,295.0,-3.28,3949.0,940.0,618.8
RADHI,11/29/2020,295.0,300.0,288.0,295.0,0.0,8152.0,940.0,618.8
RADHI,11/30/2020,300.0,305.0,295.0,305.0,3.39,6922.0,940.0,618.8
RADHI,12/1/2020,300.0,335.0,300.0,312.0,2.3,7911.0,940.0,618.8
RADHI,12/2/2020,310.0,316.0,306.0,312.0,0.0,6656.0,940.0,618.8
RADHI,12/3/2020,306.0,308.0,301.0,301.0,-3.53,2597.0,940.0,618.8
RADHI,12/6/2020,296.0,305.0,275.0,282.0,-6.31,6719.0,940.0,618.8
RADHI,12/7/2020,282.0,295.0,282.0,286.0,1.42,2937.0,940.0,618.8
RADHI,12/8/2020,285.0,306.0,285.0,296.0,3.5,6696.0,940.0,618.8
RADHI,12/9/2020,301.0,307.0,283.0,306.0,3.38,5279.0,940.0,618.8
RADHI,12/10/2020,300.0,310.0,289.0,305.0,-0.33,8104.0,940.0,618.8
RADHI,12/13/2020,299.0,310.0,286.0,304.0,-0.33,1774.0,940.0,618.8
RADHI,12/14/2020,308.0,308.0,296.0,299.0,-1.64,3742.0,940.0,618.8
RADHI,12/15/2020,304.0,304.0,288.0,290.0,-3.01,2173.0,940.0,618.8
RADHI,12/16/2020,290.0,300.0,290.0,299.0,3.1,4353.0,940.0,618.8
RADHI,12/17/2020,294.0,298.0,284.0,298.0,-0.33,4285.0,940.0,618.8
RADHI,12/20/2020,294.0,294.0,280.0,288.0,-3.36,3126.0,940.0,618.8
RADHI,12/21/2020,283.0,302.0,274.0,302.0,4.86,2353.0,940.0,618.8
RADHI,12/22/2020,305.0,305.0,284.0,299.0,-0.99,3158.0,940.0,618.8
RADHI,12/23/2020,294.0,304.0,288.0,295.0,-1.34,1496.0,940.0,618.8
RADHI,12/24/2020,290.0,298.0,290.0,291.0,-1.36,2997.0,940.0,618.8
RADHI,12/27/2020,287.0,291.0,285.0,290.0,-0.34,1246.0,940.0,618.8
RADHI,12/28/2020,289.0,318.0,281.0,312.0,7.59,1735.0,940.0,618.8
RADHI,12/29/2020,297.0,308.0,287.0,301.0,-3.53,3358.0,940.0,618.8
RADHI,12/30/2020,295.0,300.0,285.0,300.0,-0.33,5488.0,940.0,618.8
RADHI,12/31/2020,300.0,306.0,290.0,303.0,1.0,10186.0,940.0,618.8
RADHI,1/3/2021,309.0,312.0,287.0,290.0,-4.29,19248.0,940.0,618.8
RADHI,1/4/2021,295.0,305.0,295.0,305.0,5.17,2560.0,940.0,618.8
RADHI,1/5/2021,299.0,307.0,294.0,304.0,-0.33,10047.0,940.0,618.8
RADHI,1/6/2021,305.0,305.0,293.0,303.0,-0.33,6174.0,940.0,618.8
RADHI,1/7/2021,305.0,305.0,293.0,299.0,-1.32,8701.0,940.0,618.8
RADHI,1/10/2021,296.0,299.0,290.0,299.0,0.0,5602.0,940.0,618.8
RADHI,1/11/2021,295.0,296.0,289.0,290.0,-3.01,6216.0,940.0,618.8
RADHI,1/12/2021,285.0,295.0,285.0,295.0,1.72,12343.0,940.0,618.8
RADHI,1/13/2021,292.0,305.0,285.0,291.0,-1.36,18749.0,940.0,618.8
RADHI,1/17/2021,286.0,291.0,281.0,286.0,-1.72,21358.0,940.0,618.8
RADHI,1/18/2021,285.0,287.0,280.0,280.0,-2.1,49350.0,940.0,618.8
RADHI,1/19/2021,285.0,286.0,277.0,282.0,0.71,22883.0,940.0,618.8
RADHI,1/20/2021,282.0,288.0,282.0,288.0,2.13,20823.0,940.0,618.8
RADHI,1/21/2021,293.0,300.0,291.0,298.0,3.47,33248.0,940.0,618.8
RADHI,1/24/2021,310.0,315.0,303.0,309.0,3.69,52071.0,940.0,618.8
RADHI,1/25/2021,312.0,314.0,297.0,299.0,-3.24,17702.0,940.0,618.8
RADHI,1/26/2021,304.0,309.0,299.0,300.0,0.33,10098.0,940.0,618.8
RADHI,1/27/2021,304.0,304.0,295.0,298.0,-0.67,11980.0,940.0,618.8
RADHI,1/28/2021,296.0,300.0,295.0,299.0,0.34,8026.0,940.0,618.8
RADHI,1/31/2021,312.0,312.0,285.0,288.0,-3.68,12464.0,940.0,618.8
RADHI,2/1/2021,284.0,293.0,284.0,292.0,1.39,13092.0,940.0,618.8
RADHI,2/2/2021,295.0,301.0,292.0,300.0,2.74,22681.0,940.0,618.8
RADHI,2/3/2021,300.0,330.0,296.0,314.0,4.67,64350.0,940.0,618.8
RADHI,2/4/2021,315.0,345.0,315.0,345.0,9.87,91845.0,940.0,618.8
RADHI,2/7/2021,362.0,379.0,350.0,365.0,5.8,75195.0,940.0,618.8
RADHI,2/8/2021,372.0,380.0,365.0,371.0,1.64,44355.0,940.0,618.8
RADHI,2/11/2021,365.0,365.0,334.0,349.0,-5.93,72272.0,940.0,618.8
RADHI,2/14/2021,345.0,345.0,329.0,338.0,-3.15,21735.0,940.0,618.8
RADHI,2/15/2021,340.0,355.0,333.0,340.0,0.59,10152.0,940.0,618.8
RADHI,2/16/2021,346.0,346.0,332.0,335.0,-1.47,7526.0,940.0,618.8
RADHI,2/17/2021,339.0,340.0,330.0,332.0,-0.9,8162.0,940.0,618.8
RADHI,2/18/2021,338.0,338.0,330.0,330.0,-0.6,13906.0,940.0,618.8
RADHI,2/21/2021,346.0,346.0,326.0,337.0,2.12,22948.0,940.0,618.8
RADHI,2/22/2021,321.0,370.0,321.0,359.0,6.53,44820.0,940.0,618.8
RADHI,2/23/2021,376.0,376.0,339.0,355.0,-1.11,12772.0,940.0,618.8
RADHI,2/24/2021,362.0,362.0,337.0,348.0,-1.97,11932.0,940.0,618.8
RADHI,2/25/2021,347.0,351.0,336.0,340.0,-2.3,12481.0,940.0,618.8
RADHI,2/28/2021,334.0,342.0,328.0,331.0,-2.65,19858.0,940.0,618.8
RADHI,3/1/2021,325.0,342.0,325.0,340.0,2.72,8185.0,940.0,618.8
RADHI,3/2/2021,341.0,341.0,329.0,334.0,-1.76,19415.0,940.0,618.8
RADHI,3/3/2021,320.0,352.0,314.0,341.0,2.1,22552.0,940.0,618.8
RADHI,3/4/2021,343.0,349.0,341.0,346.0,1.47,7149.0,940.0,618.8
RADHI,3/7/2021,342.0,352.0,342.0,342.0,-1.16,11061.0,940.0,618.8
RADHI,3/9/2021,336.0,357.0,336.0,349.0,2.05,16496.0,940.0,618.8
RADHI,3/10/2021,332.0,366.0,332.0,356.0,2.01,25269.0,940.0,618.8
RADHI,3/14/2021,356.0,363.0,354.0,360.0,1.12,25709.0,940.0,618.8
RADHI,3/15/2021,365.0,371.0,362.0,362.0,0.56,21457.0,940.0,618.8
RADHI,3/16/2021,362.0,369.0,352.0,352.0,-2.76,14499.0,940.0,618.8
RADHI,3/17/2021,350.0,364.0,350.0,364.0,3.41,11462.0,940.0,618.8
RADHI,3/18/2021,369.0,390.0,357.0,385.0,5.77,57959.0,940.0,618.8
RADHI,3/21/2021,392.0,418.0,392.0,410.0,6.49,43752.0,940.0,618.8
RADHI,3/22/2021,418.0,418.0,388.0,399.0,-2.68,15411.0,940.0,618.8
RADHI,3/23/2021,394.0,416.0,389.0,405.0,1.5,11316.0,940.0,618.8
RADHI,3/24/2021,413.0,422.0,401.0,415.0,2.47,19467.0,940.0,618.8
RADHI,3/25/2021,420.0,420.0,404.0,410.0,-1.2,16131.0,940.0,618.8
RADHI,3/29/2021,403.0,407.0,400.0,401.0,-2.2,12444.0,940.0,618.8
RADHI,3/30/2021,409.0,409.0,399.0,400.0,-0.25,15653.0,940.0,618.8
RADHI,3/31/2021,394.0,408.0,394.0,401.0,0.25,11957.0,940.0,618.8
RADHI,4/1/2021,381.0,415.0,381.0,401.0,0.0,25216.0,940.0,618.8
RADHI,4/4/2021,409.0,441.0,402.0,441.0,9.98,47769.0,940.0,618.8
RADHI,4/5/2021,463.0,485.0,463.0,485.0,9.98,18551.0,940.0,618.8
RADHI,4/6/2021,509.0,520.0,476.0,497.0,2.47,79433.0,940.0,618.8
RADHI,4/7/2021,500.0,500.0,470.0,479.0,-3.62,43337.0,940.0,618.8
RADHI,4/8/2021,479.0,486.0,462.0,470.0,-1.88,22456.0,940.0,618.8
RADHI,4/12/2021,493.0,493.0,458.0,475.0,1.06,25217.0,940.0,618.8
RADHI,4/13/2021,470.0,501.0,467.0,492.0,3.58,33520.0,940.0,618.8
RADHI,4/15/2021,499.0,519.0,493.0,496.0,0.81,28326.0,940.0,618.8
RADHI,4/18/2021,520.0,520.0,486.0,498.0,0.4,33503.0,940.0,618.8
RADHI,4/19/2021,474.0,503.0,474.0,487.0,-2.21,27882.0,940.0,618.8
RADHI,4/20/2021,487.0,499.0,487.0,499.0,2.46,10593.0,940.0,618.8
RADHI,4/21/2021,493.0,499.0,488.0,490.0,-1.8,13471.0,940.0,618.8
RADHI,4/22/2021,481.0,489.0,481.0,485.0,-1.02,14747.0,940.0,618.8
RADHI,4/25/2021,485.0,494.0,463.0,472.0,-2.68,18635.0,940.0,618.8
RADHI,4/26/2021,472.0,472.0,457.0,458.0,-2.97,32408.0,940.0,618.8
RADHI,4/27/2021,455.0,475.0,455.0,475.0,3.71,11462.0,940.0,618.8
RADHI,4/28/2021,473.0,477.0,467.0,467.0,-1.68,4174.0,940.0,618.8
RADHI,4/29/2021,467.0,513.0,462.0,475.0,1.71,17905.0,940.0,618.8
RADHI,5/2/2021,469.0,511.0,469.0,496.0,4.42,33486.0,940.0,618.8
RADHI,5/3/2021,505.0,529.0,488.0,525.0,5.85,73192.0,940.0,618.8
RADHI,5/4/2021,551.0,577.0,536.0,577.0,9.9,62075.0,940.0,618.8
RADHI,5/5/2021,600.0,634.0,577.0,633.0,9.71,152710.0,940.0,618.8
RADHI,5/6/2021,645.0,667.0,605.0,660.0,4.27,99615.0,940.0,618.8
RADHI,5/9/2021,660.0,669.0,620.0,633.0,-4.09,67727.0,940.0,618.8
RADHI,5/10/2021,664.0,664.0,616.0,643.0,1.58,41514.0,940.0,618.8
RADHI,5/11/2021,611.0,670.0,611.0,666.0,3.58,49627.0,940.0,618.8
RADHI,5/12/2021,633.0,709.0,633.0,686.0,3.0,59157.0,940.0,618.8
RADHI,5/13/2021,695.0,700.0,680.0,690.0,0.58,56972.0,940.0,618.8
RADHI,5/16/2021,700.0,705.0,680.0,704.0,2.03,58620.0,940.0,618.8
RADHI,5/17/2021,739.0,774.0,739.0,774.0,9.94,3922.0,940.0,618.8
RADHI,5/18/2021,812.0,851.0,812.0,851.0,9.95,5981.0,940.0,618.8
RADHI,5/19/2021,893.0,936.0,850.0,920.0,8.11,322970.0,940.0,618.8
RADHI,5/20/2021,940.0,947.0,893.0,897.0,-2.5,105420.0,940.0,618.8
RADHI,5/23/2021,890.0,905.0,873.0,900.0,0.33,74244.0,940.0,618.8
RADHI,5/24/2021,855.0,923.0,855.0,905.0,0.56,50659.0,940.0,618.8
RADHI,5/25/2021,950.0,990.0,905.0,969.0,7.07,177892.0,940.0,618.8
RADHI,5/27/2021,960.0,1065.0,932.0,1065.0,9.91,164198.0,940.0,618.8
RADHI,5/30/2021,1118.0,1160.0,1076.0,1142.0,7.23,132063.0,940.0,618.8
RADHI,5/31/2021,1199.0,1256.0,1199.0,1256.0,9.98,726264.0,940.0,618.8
RADHI,6/1/2021,1318.0,1340.0,1265.0,1300.0,3.5,177680.0,940.0,618.8
RADHI,6/2/2021,1300.0,1301.0,1177.0,1206.0,-7.23,139625.0,940.0,618.8
RADHI,6/3/2021,1206.0,1206.0,1139.0,1145.0,-5.06,142149.0,940.0,618.8
RADHI,6/6/2021,1140.0,1140.0,1040.0,1047.0,-8.56,163232.0,940.0,618.8
RADHI,6/7/2021,1030.0,1130.0,1030.0,1114.0,6.4,88884.0,940.0,618.8
RADHI,6/8/2021,1136.0,1136.0,1100.0,1100.0,-1.26,41761.0,940.0,618.8
RADHI,6/9/2021,1063.0,1127.0,1063.0,1071.0,-2.64,71373.0,940.0,618.8
RADHI,6/10/2021,1024.0,1105.0,1024.0,1062.0,-0.84,49665.0,940.0,618.8
RADHI,6/13/2021,1108.0,1125.0,1066.0,1107.0,4.24,79048.0,940.0,618.8
RADHI,6/14/2021,1115.0,1120.0,1078.0,1086.0,-1.9,43911.0,940.0,618.8
RADHI,6/15/2021,1086.0,1125.0,1086.0,1100.0,1.29,85008.0,940.0,618.8
RADHI,6/16/2021,1045.0,1100.0,1025.0,1057.0,-3.91,50568.0,940.0,618.8
RADHI,6/17/2021,1055.0,1081.0,1040.0,1062.0,0.47,31033.0,940.0,618.8
RADHI,6/20/2021,1065.0,1075.0,1027.0,1045.0,-1.6,33636.0,940.0,618.8
RADHI,6/21/2021,1065.0,1065.0,1002.0,1011.0,-3.25,44100.0,940.0,618.8
RADHI,6/22/2021,1061.0,1112.0,1061.0,1112.0,9.99,102643.0,940.0,618.8
RADHI,6/23/2021,1167.0,1223.0,1167.0,1220.0,9.71,315899.0,940.0,618.8
RADHI,6/24/2021,1281.0,1281.0,1192.0,1206.0,-1.15,126547.0,940.0,618.8
RADHI,6/27/2021,1230.0,1230.0,1153.0,1175.0,-2.57,141029.0,940.0,618.8
RADHI,6/28/2021,1200.0,1200.0,1100.0,1120.0,-4.68,459775.0,940.0,618.8
RADHI,6/29/2021,862.0,903.0,739.0,790.0,-29.46,630241.0,940.0,618.8
RADHI,6/30/2021,751.0,810.0,751.0,785.0,-0.63,39390.0,940.0,618.8
RADHI,7/1/2021,750.0,800.0,750.0,766.0,-2.42,42526.0,940.0,618.8
RADHI,7/4/2021,804.0,804.0,758.0,775.0,1.17,34817.0,940.0,618.8
RADHI,7/5/2021,737.0,795.0,737.0,777.0,0.26,19008.0,940.0,618.8
RADHI,7/6/2021,760.0,768.0,745.0,750.0,-3.47,48762.0,940.0,618.8
RADHI,7/7/2021,715.0,754.0,715.0,722.0,-3.73,60950.0,940.0,618.8
RADHI,7/8/2021,690.0,737.0,690.0,729.0,0.97,36913.0,940.0,618.8
RADHI,7/11/2021,701.0,759.0,701.0,753.0,3.29,47401.0,940.0,618.8
RADHI,7/12/2021,716.0,765.0,716.0,740.0,-1.73,70423.0,940.0,618.8
RADHI,7/13/2021,711.0,753.0,711.0,751.0,1.49,26348.0,940.0,618.8
RADHI,7/14/2021,760.0,760.0,743.0,750.0,-0.13,26974.0,940.0,618.8
RADHI,7/15/2021,725.0,761.0,725.0,746.0,-0.53,66613.0,940.0,618.8
RADHI,7/18/2021,760.0,760.0,735.0,742.0,-0.54,96243.0,940.0,618.8
RADHI,7/19/2021,735.0,764.0,720.3,753.0,1.48,78045.0,940.0,618.8
RADHI,7/20/2021,741.3,799.8,741.1,785.0,4.25,86498.0,940.0,618.8
RADHI,7/22/2021,800.0,828.2,771.0,825.0,5.1,112781.0,940.0,618.8
RADHI,7/25/2021,841.5,907.5,838.0,907.5,10.0,183759.0,940.0,618.8
RADHI,7/26/2021,925.6,990.0,905.0,919.0,1.27,157834.0,940.0,618.8
RADHI,7/27/2021,920.0,939.0,907.0,914.0,-0.54,75208.0,940.0,618.8
RADHI,7/28/2021,932.0,932.0,886.1,889.0,-2.74,102208.0,940.0,618.8
RADHI,7/29/2021,889.0,899.0,872.0,883.0,-0.67,57842.0,940.0,618.8
RADHI,8/1/2021,883.0,900.0,880.1,889.0,0.68,89426.0,940.0,618.8
RADHI,8/2/2021,873.5,914.0,873.5,897.0,0.9,70475.0,940.0,618.8
RADHI,8/3/2021,885.0,911.1,885.0,905.0,0.89,58540.0,940.0,618.8
RADHI,8/4/2021,910.0,995.0,910.0,955.0,5.52,216781.0,940.0,618.8
RADHI,8/5/2021,941.9,980.0,926.1,951.0,-0.42,117279.0,940.0,618.8
RADHI,8/8/2021,932.0,1000.1,932.0,980.0,3.05,367133.0,940.0,618.8
RADHI,8/9/2021,999.6,1039.0,981.0,996.0,1.63,277825.0,940.0,618.8
RADHI,8/10/2021,1015.0,1015.0,963.0,966.0,-3.01,117015.0,940.0,618.8
RADHI,8/11/2021,985.0,999.0,943.2,960.0,-0.62,121715.0,940.0,618.8
RADHI,8/12/2021,967.1,969.0,938.2,950.0,-1.04,121128.0,940.0,618.8
RADHI,8/15/2021,931.0,948.0,863.0,910.0,-4.21,154834.0,940.0,618.8
RADHI,8/16/2021,918.0,927.0,893.0,909.0,-0.11,51768.0,940.0,618.8
RADHI,8/17/2021,925.0,942.0,912.0,931.0,2.42,72333.0,940.0,618.8
RADHI,8/18/2021,931.0,955.0,908.0,913.0,-1.93,87890.0,940.0,618.8
RADHI,8/19/2021,900.0,938.0,893.0,894.0,-2.08,92024.0,940.0,618.8
RADHI,8/24/2021,890.0,890.0,835.0,837.0,-6.38,86883.0,940.0,618.8
RADHI,8/25/2021,822.0,850.0,784.0,831.5,-0.66,68808.0,940.0,618.8
RADHI,8/26/2021,840.0,872.1,839.0,869.0,4.51,41912.0,940.0,618.8
RADHI,8/29/2021,886.3,886.3,838.0,840.0,-3.34,38602.0,940.0,618.8
RADHI,8/31/2021,832.0,832.0,798.0,808.0,-3.81,84357.0,940.0,618.8
RADHI,9/1/2021,802.0,820.0,792.0,799.0,-1.11,51888.0,940.0,618.8
RADHI,9/2/2021,799.0,815.0,760.0,765.0,-4.26,87123.0,940.0,618.8
RADHI,9/5/2021,750.0,750.0,688.5,698.0,-8.76,127260.0,940.0,618.8
RADHI,9/6/2021,690.0,767.8,689.0,767.8,10.0,97954.0,940.0,618.8
RADHI,9/7/2021,780.0,812.0,735.0,770.0,0.29,51457.0,940.0,618.8
RADHI,9/8/2021,784.9,784.9,737.0,743.0,-3.51,40941.0,940.0,618.8
RADHI,9/9/2021,757.0,765.0,735.0,740.0,-0.4,31385.0,940.0,618.8
RADHI,9/12/2021,753.0,783.3,739.8,779.0,5.27,67324.0,940.0,618.8
RADHI,9/13/2021,794.0,794.0,745.0,745.0,-4.36,105340.0,940.0,618.8
RADHI,9/14/2021,748.0,770.0,740.0,745.0,0.0,28263.0,940.0,618.8
RADHI,9/15/2021,746.0,755.0,730.0,739.0,-0.81,39347.0,940.0,618.8
RADHI,9/16/2021,725.0,730.3,703.0,711.0,-3.79,68959.0,940.0,618.8
RADHI,9/20/2021,711.0,716.0,666.0,667.0,-6.19,78734.0,940.0,618.8
RADHI,9/21/2021,667.0,707.4,622.0,665.5,-0.22,58066.0,940.0,618.8
RADHI,9/22/2021,678.8,708.0,671.3,703.0,5.63,47586.0,940.0,618.8
RADHI,9/23/2021,717.0,731.0,692.0,700.0,-0.43,39805.0,940.0,618.8
RADHI,9/26/2021,686.1,702.0,668.0,695.0,-0.71,38751.0,940.0,618.8
RADHI,9/27/2021,708.9,748.0,669.0,670.0,-3.6,72362.0,940.0,618.8
RADHI,9/28/2021,680.0,680.0,628.0,630.0,-5.97,51165.0,940.0,618.8
RADHI,9/29/2021,625.0,654.0,610.0,645.0,2.38,55429.0,940.0,618.8
RADHI,9/30/2021,633.0,655.0,611.5,613.0,-4.96,34469.0,940.0,618.8
RADHI,10/3/2021,618.0,619.0,570.0,578.0,-5.71,35054.0,940.0,618.8
RADHI,10/4/2021,578.0,578.0,530.0,540.0,-6.57,62779.0,940.0,618.8
RADHI,10/5/2021,549.0,560.9,530.0,547.0,1.3,44774.0,940.0,618.8
RADHI,10/6/2021,557.0,580.0,547.1,571.0,4.39,28251.0,940.0,618.8
RADHI,10/10/2021,582.0,598.0,570.0,572.0,0.18,28028.0,940.0,618.8
RADHI,10/11/2021,572.0,574.9,550.0,569.0,-0.52,26874.0,940.0,618.8
RADHI,10/17/2021,580.3,580.3,553.0,565.0,-0.7,10844.0,940.0,618.8
RADHI,10/18/2021,560.0,567.0,535.0,543.3,-3.84,21624.0,940.0,618.8
RADHI,10/19/2021,535.0,535.0,506.0,514.0,-5.39,32592.0,940.0,618.8
RADHI,10/20/2021,524.2,555.0,524.2,530.0,3.11,16640.0,940.0,618.8
RADHI,10/21/2021,540.6,549.0,520.0,522.2,-1.47,10001.0,940.0,618.8
RADHI,10/24/2021,532.6,546.7,526.0,540.0,3.41,34910.0,940.0,618.8
RADHI,10/25/2021,550.0,594.0,549.0,594.0,10.0,47123.0,940.0,618.8
RADHI,10/26/2021,605.0,653.4,605.0,653.4,10.0,69659.0,940.0,618.8
RADHI,10/27/2021,666.4,715.0,661.0,690.0,5.6,119377.0,940.0,618.8
RADHI,10/28/2021,690.0,714.0,670.0,701.0,1.59,54125.0,940.0,618.8
RADHI,10/31/2021,705.0,742.5,704.0,741.0,5.71,55334.0,940.0,618.8
RADHI,11/1/2021,745.0,755.0,720.8,723.0,-2.43,53473.0,940.0,618.8
RADHI,11/2/2021,710.0,728.0,709.0,721.0,-0.28,30251.0,940.0,618.8
RADHI,11/3/2021,735.0,749.0,725.5,729.0,1.11,27307.0,940.0,618.8
RADHI,11/8/2021,730.0,742.9,720.3,725.0,-0.55,20642.0,940.0,618.8
RADHI,11/9/2021,715.0,724.0,677.0,696.0,-4.0,57053.0,940.0,618.8
RADHI,11/11/2021,683.0,696.0,655.0,655.0,-5.89,60336.0,940.0,618.8
RADHI,11/14/2021,660.0,680.0,613.0,657.0,0.31,44076.0,940.0,618.8
RADHI,11/15/2021,670.0,683.0,661.3,670.0,1.98,22649.0,940.0,618.8
RADHI,11/16/2021,665.0,690.0,658.0,690.0,2.99,33463.0,940.0,618.8
RADHI,11/17/2021,703.0,704.0,685.0,685.0,-0.72,39770.0,940.0,618.8
RADHI,11/18/2021,685.0,690.0,667.0,677.0,-1.17,22456.0,940.0,618.8
RADHI,11/21/2021,677.0,680.0,668.0,677.0,0.0,17516.0,940.0,618.8
RADHI,11/22/2021,680.0,685.0,670.0,671.0,-0.89,13789.0,940.0,618.8
RADHI,11/23/2021,675.0,675.0,646.8,660.0,-1.64,32293.0,940.0,618.8
RADHI,11/24/2021,650.0,670.0,640.1,665.0,0.76,17000.0,940.0,618.8
RADHI,11/25/2021,664.0,674.8,654.1,660.0,-0.75,8943.0,940.0,618.8
RADHI,11/28/2021,646.8,657.0,617.0,622.0,-5.76,39032.0,940.0,618.8
RADHI,11/29/2021,610.0,641.0,601.0,610.0,-1.93,24892.0,940.0,618.8
RADHI,11/30/2021,622.0,632.8,601.0,612.0,0.33,21930.0,940.0,618.8
RADHI,12/1/2021,614.0,624.0,614.0,618.7,1.09,15811.0,940.0,618.8
RADHI,12/2/2021,620.0,624.0,600.0,601.2,-2.83,24612.0,940.0,618.8
RADHI,12/5/2021,601.0,604.0,566.0,575.2,-4.32,30459.0,940.0,618.8
RADHI,12/6/2021,566.0,598.6,535.0,592.0,2.92,51988.0,940.0,618.8
RADHI,12/7/2021,592.0,625.0,582.0,582.0,-1.69,23914.0,940.0,618.8
RADHI,12/8/2021,580.0,582.0,561.1,563.0,-3.26,19179.0,940.0,618.8
RADHI,12/9/2021,552.0,571.0,545.0,560.0,-0.53,21090.0,940.0,618.8
RADHI,12/12/2021,550.2,558.0,530.0,530.0,-5.36,31169.0,940.0,618.8
RADHI,12/13/2021,530.0,530.0,497.0,504.0,-4.91,52658.0,940.0,618.8
RADHI,12/14/2021,513.8,554.4,510.0,554.4,10.0,23302.0,940.0,618.8
RADHI,12/15/2021,565.0,597.9,545.0,566.1,2.11,57486.0,940.0,618.8
RADHI,12/16/2021,561.0,564.9,545.0,546.0,-3.55,18151.0,940.0,618.8
RADHI,12/20/2021,546.0,550.0,525.3,527.0,-3.48,16877.0,940.0,618.8
RADHI,12/21/2021,537.5,548.0,530.0,540.0,2.47,9228.0,940.0,618.8
RADHI,12/22/2021,550.0,576.3,540.0,576.0,6.67,35345.0,940.0,618.8
RADHI,12/23/2021,578.0,589.0,570.0,570.6,-0.94,28553.0,940.0,618.8
RADHI,12/26/2021,570.0,577.8,554.0,560.0,-1.86,31304.0,940.0,618.8
RADHI,12/27/2021,565.0,565.0,541.0,543.0,-3.04,24247.0,940.0,618.8
RADHI,12/28/2021,532.3,554.0,525.1,539.0,-0.74,19341.0,940.0,618.8
RADHI,12/29/2021,539.0,563.0,530.1,546.0,1.3,12336.0,940.0,618.8
RADHI,1/2/2022,556.9,558.0,545.0,553.0,1.28,12496.0,940.0,618.8
RADHI,1/3/2022,559.9,563.8,545.0,554.9,0.34,21227.0,940.0,618.8
RADHI,1/4/2022,560.0,572.0,545.0,567.0,2.18,31270.0,940.0,618.8
RADHI,1/5/2022,572.0,591.3,566.1,573.0,1.06,44974.0,940.0,618.8
RADHI,1/6/2022,573.0,591.5,562.0,587.0,2.44,25445.0,940.0,618.8
RADHI,1/9/2022,576.0,617.0,576.0,616.1,4.96,49899.0,940.0,618.8
RADHI,1/10/2022,626.0,635.0,606.6,628.0,1.93,38068.0,940.0,618.8
RADHI,1/11/2022,622.0,666.0,617.0,650.0,3.5,46918.0,940.0,618.8
RADHI,1/12/2022,650.0,699.0,646.0,663.0,2.0,105742.0,940.0,618.8
RADHI,1/13/2022,663.0,712.0,656.0,709.0,6.94,92138.0,940.0,618.8
RADHI,1/16/2022,722.2,744.6,720.0,723.0,1.97,78329.0,940.0,618.8
RADHI,1/17/2022,725.0,746.0,710.0,737.0,1.94,108882.0,940.0,618.8
RADHI,1/18/2022,748.0,775.0,735.0,756.0,2.58,158186.0,940.0,618.8
RADHI,1/19/2022,756.0,770.0,740.0,742.0,-1.85,75762.0,940.0,618.8
RADHI,1/20/2022,742.0,762.0,731.0,760.0,2.43,79531.0,940.0,618.8
RADHI,1/23/2022,770.0,770.0,742.0,743.0,-2.24,56581.0,940.0,618.8
RADHI,1/24/2022,732.1,740.0,687.0,698.0,-6.06,190292.0,940.0,618.8
RADHI,1/25/2022,698.0,718.0,680.0,693.0,-0.72,76897.0,940.0,618.8
RADHI,1/26/2022,682.0,700.0,677.0,688.0,-0.72,45732.0,940.0,618.8
RADHI,1/27/2022,680.0,700.0,680.0,688.0,0.0,35664.0,940.0,618.8
RADHI,1/30/2022,701.0,730.0,701.0,729.8,6.08,67422.0,940.0,618.8
RADHI,1/31/2022,735.0,740.0,710.0,712.0,-2.44,39669.0,940.0,618.8
RADHI,2/1/2022,712.0,735.0,704.7,726.1,1.98,49627.0,940.0,618.8
RADHI,2/3/2022,740.6,748.1,717.0,717.0,-1.25,101001.0,940.0,618.8
RADHI,2/6/2022,715.0,724.0,702.0,706.0,-1.53,39558.0,940.0,618.8
RADHI,2/7/2022,705.0,719.0,700.0,713.0,0.99,30499.0,940.0,618.8
RADHI,2/8/2022,727.0,750.0,695.0,700.9,-1.7,67937.0,940.0,618.8
RADHI,2/9/2022,700.9,705.0,685.0,689.0,-1.7,25508.0,940.0,618.8
RADHI,2/10/2022,695.0,700.0,682.1,687.0,-0.29,16520.0,940.0,618.8
RADHI,2/13/2022,678.0,678.0,645.0,650.0,-5.39,57337.0,940.0,618.8
RADHI,2/14/2022,650.0,662.0,650.0,657.0,1.08,27806.0,940.0,618.8
RADHI,2/15/2022,670.1,708.0,658.0,700.0,6.54,28337.0,940.0,618.8
RADHI,2/16/2022,700.0,714.0,675.0,675.0,-3.57,44658.0,940.0,618.8
RADHI,2/17/2022,688.5,698.0,667.3,677.0,0.3,23517.0,940.0,618.8
RADHI,2/20/2022,670.0,681.0,656.0,666.0,-1.62,36333.0,940.0,618.8
RADHI,2/21/2022,679.3,683.4,666.0,680.0,2.1,21790.0,940.0,618.8
RADHI,2/22/2022,693.6,693.6,680.0,684.9,0.72,34012.0,940.0,618.8
RADHI,2/23/2022,698.5,698.5,673.0,677.0,-1.15,14935.0,940.0,618.8
RADHI,2/24/2022,690.5,690.5,658.0,663.0,-2.07,25836.0,940.0,618.8
RADHI,2/27/2022,676.2,680.7,660.0,662.0,-0.15,27263.0,940.0,618.8
RADHI,2/28/2022,675.2,699.0,638.0,650.0,-1.81,55096.0,940.0,618.8
RADHI,3/2/2022,656.0,656.0,611.0,618.0,-4.92,39807.0,940.0,618.8
RADHI,3/6/2022,630.3,630.3,595.0,606.0,-1.94,19435.0,940.0,618.8
RADHI,3/7/2022,618.1,620.0,598.0,601.0,-0.83,24144.0,940.0,618.8
RADHI,3/9/2022,612.0,612.0,578.0,588.0,-2.16,25581.0,940.0,618.8
RADHI,3/10/2022,590.0,623.7,582.0,620.0,5.44,28447.0,940.0,618.8
RADHI,3/13/2022,632.4,642.0,618.0,630.0,1.61,34272.0,940.0,618.8
RADHI,3/14/2022,635.0,635.0,618.0,620.8,-1.46,12943.0,940.0,618.8
RADHI,3/15/2022,633.2,633.2,605.0,607.5,-2.14,31699.0,940.0,618.8
RADHI,3/16/2022,609.0,610.0,595.9,599.5,-1.32,32394.0,940.0,618.8
RADHI,3/20/2022,611.4,611.4,594.0,599.9,0.07,14882.0,940.0,618.8
RADHI,3/21/2022,611.8,634.5,598.0,632.0,5.35,36538.0,940.0,618.8
RADHI,3/22/2022,644.6,644.6,625.0,626.0,-0.95,17449.0,940.0,618.8
RADHI,3/23/2022,620.0,621.0,612.2,617.0,-1.44,8430.0,940.0,618.8
RADHI,3/24/2022,629.3,629.3,605.2,608.0,-1.46,12112.0,940.0,618.8
RADHI,3/27/2022,608.0,613.0,594.0,596.1,-1.96,14873.0,940.0,618.8
RADHI,3/28/2022,590.0,607.8,589.0,597.0,0.15,19098.0,940.0,618.8
RADHI,3/29/2022,597.0,606.0,587.0,590.0,-1.17,7665.0,940.0,618.8
RADHI,3/30/2022,592.0,607.0,589.8,600.0,1.69,21890.0,940.0,618.8
RADHI,3/31/2022,609.0,609.0,590.1,591.2,-1.47,10559.0,940.0,618.8
RADHI,4/3/2022,585.0,595.0,584.0,585.0,-1.05,8380.0,940.0,618.8
RADHI,4/4/2022,593.0,593.5,578.0,580.0,-0.85,6375.0,940.0,618.8
RADHI,4/5/2022,578.0,578.0,555.0,559.0,-3.62,30699.0,940.0,618.8
RADHI,4/6/2022,549.0,561.0,540.2,555.0,-0.72,25982.0,940.0,618.8
RADHI,4/7/2022,555.0,570.0,555.0,562.0,1.26,22008.0,940.0,618.8
RADHI,4/11/2022,573.0,580.0,551.0,553.0,-1.6,13343.0,940.0,618.8
RADHI,4/12/2022,564.0,564.0,536.1,539.9,-2.37,8345.0,940.0,618.8
RADHI,4/13/2022,540.0,550.0,536.0,542.3,0.44,10093.0,940.0,618.8
RADHI,4/17/2022,552.9,555.0,533.0,534.0,-1.53,6857.0,940.0,618.8
RADHI,4/18/2022,526.0,535.0,514.0,515.0,-3.56,20051.0,940.0,618.8
RADHI,4/19/2022,512.0,522.0,505.2,514.0,-0.19,10072.0,940.0,618.8
RADHI,4/20/2022,515.0,520.0,504.1,510.0,-0.78,9740.0,940.0,618.8
RADHI,4/21/2022,500.0,510.0,490.2,505.0,-0.98,16258.0,940.0,618.8
RADHI,4/24/2022,515.0,552.8,507.3,539.0,6.73,19444.0,940.0,618.8
RADHI,4/25/2022,545.0,561.0,526.0,535.0,-0.74,21020.0,940.0,618.8
RADHI,4/26/2022,535.0,545.0,523.0,523.0,-2.24,11812.0,940.0,618.8
RADHI,4/27/2022,523.0,559.9,523.0,552.0,5.54,43623.0,940.0,618.8
RADHI,4/28/2022,557.0,580.0,555.0,575.0,4.17,51181.0,940.0,618.8
RADHI,5/2/2022,581.0,582.0,538.0,540.0,-6.09,28951.0,940.0,618.8
RADHI,5/4/2022,531.2,545.7,527.0,530.2,-1.81,19990.0,940.0,618.8
RADHI,5/5/2022,531.0,539.0,521.2,527.0,-0.6,16115.0,940.0,618.8
RADHI,5/8/2022,522.3,550.0,512.0,550.0,4.36,21137.0,940.0,618.8
RADHI,5/9/2022,550.0,561.0,539.0,551.0,0.18,25799.0,940.0,618.8
RADHI,5/10/2022,551.0,606.1,545.3,600.0,8.89,60358.0,940.0,618.8
RADHI,5/11/2022,612.0,660.0,612.0,660.0,10.0,116342.0,940.0,618.8
RADHI,5/12/2022,673.2,699.0,651.0,669.0,1.36,119684.0,940.0,618.8
RADHI,5/17/2022,656.0,656.0,612.0,615.0,-8.07,59300.0,940.0,618.8
RADHI,5/18/2022,604.0,675.0,591.0,652.0,6.02,56608.0,940.0,618.8
RADHI,5/19/2022,660.0,662.0,633.0,635.0,-2.61,28652.0,940.0,618.8
RADHI,5/20/2022,625.1,642.0,623.0,623.0,-1.89,19398.0,940.0,618.8
RADHI,5/23/2022,625.0,625.0,606.0,610.0,-2.09,18431.0,940.0,618.8
RADHI,5/24/2022,614.9,625.2,610.0,615.0,0.82,16363.0,940.0,618.8
RADHI,5/25/2022,627.0,627.0,611.0,620.0,0.81,22069.0,940.0,618.8
RADHI,5/26/2022,622.0,632.0,610.0,613.0,-1.13,8957.0,940.0,618.8
RADHI,5/27/2022,625.0,635.0,601.0,607.0,-0.98,15474.0,940.0,618.8
RADHI,5/30/2022,605.0,615.8,596.0,599.0,-1.32,13730.0,940.0,618.8
RADHI,5/31/2022,596.0,604.7,590.0,593.0,-1.0,11149.0,940.0,618.8
RADHI,6/1/2022,603.0,604.0,585.0,586.0,-1.18,11284.0,940.0,618.8
RADHI,6/2/2022,590.0,605.0,583.2,585.0,-0.17,10327.0,940.0,618.8
RADHI,6/3/2022,586.0,587.0,566.0,568.0,-2.91,16346.0,940.0,618.8
RADHI,6/6/2022,579.0,586.0,565.0,566.0,-0.35,14299.0,940.0,618.8
RADHI,6/7/2022,555.1,575.0,554.0,560.0,-1.06,12794.0,940.0,618.8
RADHI,6/8/2022,550.1,596.0,550.1,580.0,3.57,20542.0,940.0,618.8
RADHI,6/9/2022,582.0,597.9,570.0,570.0,-1.72,17485.0,940.0,618.8
RADHI,6/10/2022,561.7,580.0,560.0,569.8,-0.04,12354.0,940.0,618.8
RADHI,6/13/2022,569.9,575.0,567.0,567.0,-0.49,5228.0,940.0,618.8
RADHI,6/14/2022,578.0,578.0,545.0,546.0,-3.7,9296.0,940.0,618.8
RADHI,6/15/2022,538.0,540.0,525.0,531.0,-2.75,17291.0,940.0,618.8
RADHI,6/16/2022,541.0,541.0,521.0,533.0,0.38,11730.0,940.0,618.8
RADHI,6/17/2022,538.0,538.8,528.0,528.3,-0.88,2611.0,940.0,618.8
RADHI,6/19/2022,519.1,530.0,515.0,515.0,-2.52,11431.0,940.0,618.8
RADHI,6/20/2022,512.0,512.0,495.0,495.0,-3.88,19434.0,940.0,618.8
RADHI,6/21/2022,489.5,514.0,489.5,510.0,3.03,16332.0,940.0,618.8
RADHI,6/22/2022,509.0,509.4,493.0,497.1,-2.53,8287.0,940.0,618.8
RADHI,6/23/2022,490.0,490.0,473.4,480.0,-3.44,20686.0,940.0,618.8
RADHI,6/24/2022,484.0,523.0,478.0,517.0,7.71,29186.0,940.0,618.8
RADHI,6/26/2022,527.3,560.0,520.2,553.0,6.96,47371.0,940.0,618.8
RADHI,6/27/2022,542.0,564.0,540.0,546.4,-1.19,31757.0,940.0,618.8
RADHI,6/28/2022,540.0,541.9,524.0,531.8,-2.67,26418.0,940.0,618.8
RADHI,6/29/2022,524.1,568.0,524.0,555.0,4.36,36710.0,940.0,618.8
RADHI,6/30/2022,566.1,586.5,560.0,571.1,2.9,34266.0,940.0,618.8
RADHI,7/1/2022,574.9,579.9,557.0,565.0,-1.07,19739.0,940.0,618.8
RADHI,7/3/2022,568.1,597.0,557.1,575.0,1.77,44737.0,940.0,618.8
RADHI,7/4/2022,582.0,600.0,565.0,570.0,-0.87,53624.0,940.0,618.8
RADHI,7/5/2022,565.0,580.0,558.7,568.0,-0.35,31258.0,940.0,618.8
RADHI,7/6/2022,560.0,570.0,549.0,565.0,-0.53,22966.0,940.0,618.8
RADHI,7/7/2022,576.0,585.0,559.0,560.3,-0.83,14683.0,940.0,618.8
RADHI,7/8/2022,564.0,568.0,540.0,543.0,-3.09,12419.0,940.0,618.8
RADHI,7/11/2022,535.0,535.0,515.0,516.0,-4.97,29326.0,940.0,618.8
RADHI,7/12/2022,518.0,530.0,502.0,516.0,0.0,15301.0,940.0,618.8
RADHI,7/13/2022,526.3,541.0,525.0,540.0,4.65,17445.0,940.0,618.8
RADHI,7/14/2022,548.0,548.0,532.0,543.0,0.56,12813.0,940.0,618.8
RADHI,7/15/2022,553.0,553.0,537.0,538.5,-0.83,13108.0,940.0,618.8
RADHI,7/17/2022,549.2,570.0,539.4,568.0,5.48,45888.0,940.0,618.8
RADHI,7/18/2022,568.0,578.0,560.0,571.9,0.69,17350.0,940.0,618.8
RADHI,7/19/2022,577.9,580.0,564.0,565.0,-1.21,20841.0,940.0,618.8
RADHI,7/20/2022,561.0,569.9,555.1,564.0,-0.18,11768.0,940.0,618.8
RADHI,7/21/2022,558.1,568.0,556.6,558.5,-0.98,23100.0,940.0,618.8
RADHI,7/22/2022,548.0,561.09,548.0,555.0,-0.63,6320.0,940.0,618.8
RADHI,7/24/2022,566.0,574.9,548.8,574.5,3.51,24840.0,940.0,618.8
RADHI,7/25/2022,573.0,630.0,566.1,629.0,9.49,113423.0,940.0,618.8
RADHI,7/26/2022,641.5,680.3,628.0,639.9,1.73,129700.0,940.0,618.8
RADHI,7/27/2022,633.0,643.0,620.0,640.0,0.02,55916.0,940.0,618.8
RADHI,7/28/2022,651.0,651.0,609.0,615.0,-3.91,92664.0,940.0,618.8
RADHI,7/29/2022,620.0,630.0,610.0,613.0,-0.33,29748.0,940.0,618.8
RADHI,7/31/2022,624.9,628.0,609.1,611.0,-0.33,28479.0,940.0,618.8
RADHI,8/1/2022,619.0,619.0,600.0,603.0,-1.31,40562.0,940.0,618.8
RADHI,8/2/2022,610.0,610.0,595.0,600.0,-0.5,26710.0,940.0,618.8
RADHI,8/3/2022,599.0,609.8,599.0,600.0,0.0,31862.0,940.0,618.8
RADHI,8/4/2022,596.0,604.9,591.0,591.1,-1.48,30380.0,940.0,618.8
RADHI,8/5/2022,591.1,591.1,579.1,579.1,-2.03,18970.0,940.0,618.8
RADHI,8/7/2022,579.1,599.0,579.1,582.3,0.55,13579.0,940.0,618.8
RADHI,8/8/2022,591.8,604.9,584.0,589.0,1.15,23506.0,940.0,618.8
RADHI,8/9/2022,577.3,590.0,573.9,575.0,-2.38,21196.0,940.0,618.8
RADHI,8/10/2022,563.5,580.0,563.5,571.9,-0.54,17765.0,940.0,618.8
RADHI,8/11/2022,560.7,586.4,560.7,570.6,-0.23,16944.0,940.0,618.8
RADHI,8/14/2022,570.0,577.0,561.0,561.0,-1.68,18087.0,940.0,618.8
RADHI,8/15/2022,554.0,617.1,554.0,617.1,10.0,31246.0,940.0,618.8
RADHI,8/16/2022,617.1,617.1,591.8,592.0,-4.07,39012.0,940.0,618.8
RADHI,8/17/2022,582.3,617.8,582.3,590.5,-0.25,18210.0,940.0,618.8
RADHI,8/18/2022,583.8,649.5,578.8,600.2,1.64,36979.0,940.0,618.8
RADHI,8/21/2022,612.0,615.0,593.8,595.0,-0.87,79068.0,940.0,618.8
RADHI,8/22/2022,598.0,598.0,577.0,580.0,-2.52,37919.0,940.0,618.8
RADHI,8/23/2022,568.4,584.8,568.4,572.0,-1.38,39660.0,940.0,618.8
RADHI,8/24/2022,583.0,583.0,568.0,570.0,-0.35,34991.0,940.0,618.8
RADHI,8/25/2022,575.0,579.0,553.8,557.0,-2.28,86057.0,940.0,618.8
RADHI,8/26/2022,545.9,565.0,545.0,549.0,-1.44,78050.0,940.0,618.8
RADHI,8/28/2022,287.0,309.5,287.0,298.0,-45.72,169447.0,940.0,618.8
RADHI,8/29/2022,303.9,303.9,290.0,291.0,-2.35,32609.0,940.0,618.8
RADHI,8/30/2022,291.0,292.9,285.0,286.0,-1.72,21112.0,940.0,618.8
RADHI,8/31/2022,290.0,290.0,275.0,278.9,-2.48,18110.0,940.0,618.8
RADHI,9/1/2022,281.0,283.0,275.0,281.0,0.75,22106.0,940.0,618.8
RADHI,9/2/2022,284.9,284.9,277.0,279.0,-0.71,3645.0,940.0,618.8
RADHI,9/4/2022,280.0,282.0,273.6,274.0,-1.79,12918.0,940.0,618.8
RADHI,9/5/2022,274.0,275.0,270.1,270.1,-1.42,12926.0,940.0,618.8
RADHI,9/6/2022,266.0,269.5,264.0,265.0,-1.89,11941.0,940.0,618.8
RADHI,9/7/2022,261.0,263.0,258.0,260.0,-1.89,11815.0,940.0,618.8
RADHI,9/8/2022,264.9,264.9,254.2,259.0,-0.38,8094.0,940.0,618.8
RADHI,9/11/2022,260.0,260.0,251.9,251.9,-2.74,8625.0,940.0,618.8
RADHI,9/12/2022,255.0,255.0,242.1,244.0,-3.14,13330.0,940.0,618.8
RADHI,9/13/2022,248.8,253.5,242.1,249.9,2.42,8528.0,940.0,618.8
RADHI,9/14/2022,253.0,263.0,252.0,260.0,4.04,14353.0,940.0,618.8
RADHI,9/15/2022,264.0,264.0,244.1,245.0,-5.77,19308.0,940.0,618.8
RADHI,9/16/2022,242.0,244.0,230.0,240.0,-2.04,8302.0,940.0,618.8
RADHI,9/18/2022,242.0,242.0,228.4,230.0,-4.17,17438.0,940.0,618.8
RADHI,9/20/2022,230.0,230.0,220.3,221.5,-3.7,9735.0,940.0,618.8
RADHI,9/21/2022,225.9,228.0,218.0,224.0,1.13,14728.0,940.0,618.8
RADHI,9/22/2022,227.0,231.5,218.0,218.0,-2.68,10358.0,940.0,618.8
RADHI,9/25/2022,218.0,220.0,210.3,210.4,-3.49,15303.0,940.0,618.8
RADHI,9/27/2022,213.0,215.0,206.2,212.0,0.76,10564.0,940.0,618.8
RADHI,9/28/2022,212.0,215.0,210.3,210.3,-0.8,5419.0,940.0,618.8
RADHI,9/29/2022,212.0,213.0,209.6,211.0,0.33,8987.0,940.0,618.8
RADHI,10/9/2022,209.1,220.0,209.1,220.0,4.27,9603.0,940.0,618.8
RADHI,10/10/2022,223.0,223.0,213.7,216.0,-1.82,8935.0,940.0,618.8
RADHI,10/11/2022,213.0,215.0,210.0,213.0,-1.39,7332.0,940.0,618.8
RADHI,10/12/2022,217.0,217.0,210.1,215.9,1.36,5758.0,940.0,618.8
RADHI,10/13/2022,218.0,220.0,212.7,216.0,0.05,8346.0,940.0,618.8
RADHI,10/16/2022,212.0,216.0,210.5,214.0,-0.93,5648.0,940.0,618.8
RADHI,10/17/2022,215.0,215.0,211.0,212.0,-0.93,5172.0,940.0,618.8
RADHI,10/19/2022,208.1,211.0,207.0,208.0,-1.89,8694.0,940.0,618.8
RADHI,10/20/2022,208.0,209.0,206.0,209.0,0.48,3768.0,940.0,618.8
RADHI,10/23/2022,209.0,210.0,206.0,210.0,0.48,5135.0,940.0,618.8
RADHI,10/31/2022,211.0,212.0,204.0,206.0,-1.9,6268.0,940.0,618.8
RADHI,11/1/2022,208.0,219.0,205.0,217.0,5.34,14897.0,940.0,618.8
RADHI,11/2/2022,219.8,225.0,214.3,220.0,1.38,21502.0,940.0,618.8
RADHI,11/3/2022,219.0,222.0,217.0,218.0,-0.91,10045.0,940.0,618.8
RADHI,11/6/2022,215.0,228.0,213.7,227.0,4.13,13142.0,940.0,618.8
RADHI,11/7/2022,229.0,240.0,227.1,232.0,2.2,20987.0,940.0,618.8
RADHI,11/8/2022,236.0,236.5,227.4,231.0,-0.43,8986.0,940.0,618.8
RADHI,11/9/2022,230.0,231.0,220.0,220.5,-4.55,10351.0,940.0,618.8
RADHI,11/10/2022,217.0,221.0,215.0,215.1,-2.45,4460.0,940.0,618.8
RADHI,11/13/2022,219.0,219.0,210.8,214.5,-0.28,4216.0,940.0,618.8
RADHI,11/14/2022,211.0,215.8,210.3,213.9,-0.28,6500.0,940.0,618.8
RADHI,11/15/2022,209.7,219.0,209.7,214.1,0.09,6252.0,940.0,618.8
RADHI,11/16/2022,215.0,220.0,215.0,218.0,1.82,6759.0,940.0,618.8
RADHI,11/17/2022,222.3,226.7,222.1,225.0,3.21,8371.0,940.0,618.8
RADHI,11/22/2022,223.0,233.6,221.0,229.0,1.78,12875.0,940.0,618.8
RADHI,11/23/2022,224.5,233.5,216.0,225.0,-1.75,7768.0,940.0,618.8
RADHI,11/24/2022,220.5,227.3,220.5,227.0,0.89,6326.0,940.0,618.8
RADHI,11/27/2022,231.5,232.5,224.0,231.0,1.76,13493.0,940.0,618.8
RADHI,11/28/2022,235.0,235.0,228.1,232.1,0.48,9563.0,940.0,618.8
RADHI,11/29/2022,228.0,236.0,226.0,233.0,0.39,6196.0,940.0,618.8
RADHI,11/30/2022,230.0,232.0,229.0,229.0,-1.72,6088.0,940.0,618.8
RADHI,12/1/2022,224.5,229.9,224.5,228.0,-0.44,3578.0,940.0,618.8
RADHI,12/4/2022,223.5,228.0,223.5,223.5,-1.97,6475.0,940.0,618.8
RADHI,12/5/2022,222.0,229.0,219.6,219.6,-1.74,7962.0,940.0,618.8
RADHI,12/6/2022,216.0,221.5,215.0,219.9,0.14,3161.0,940.0,618.8
RADHI,12/7/2022,216.0,220.0,212.0,216.0,-1.77,2003.0,940.0,618.8
RADHI,12/11/2022,216.0,219.0,212.0,214.0,-0.93,4344.0,940.0,618.8
RADHI,12/12/2022,210.0,218.2,210.0,215.0,0.47,3845.0,940.0,618.8
RADHI,12/13/2022,215.0,217.0,211.9,216.0,0.47,3684.0,940.0,618.8
RADHI,12/14/2022,216.0,220.0,216.0,216.5,0.23,2126.0,940.0,618.8
RADHI,12/15/2022,215.0,215.0,206.8,209.0,-3.46,44096.0,940.0,618.8
RADHI,12/18/2022,205.0,205.0,195.3,199.8,-4.4,83864.0,940.0,618.8
RADHI,12/19/2022,202.4,202.8,199.0,201.0,0.6,31476.0,940.0,618.8
RADHI,12/20/2022,201.0,206.6,201.0,205.0,1.99,32086.0,940.0,618.8
RADHI,12/21/2022,207.0,207.0,202.1,203.0,-0.98,15054.0,940.0,618.8
RADHI,12/22/2022,201.0,203.0,200.2,202.0,-0.49,30516.0,940.0,618.8
RADHI,12/26/2022,206.0,215.0,205.0,211.0,4.46,46265.0,940.0,618.8
RADHI,12/27/2022,211.0,227.0,211.0,222.0,5.21,114638.0,940.0,618.8
RADHI,12/28/2022,215.1,220.0,211.0,216.0,-2.7,80697.0,940.0,618.8
RADHI,12/29/2022,218.0,224.6,214.0,224.6,3.98,66339.0,940.0,618.8
RADHI,1/1/2023,227.0,232.0,223.0,227.6,1.34,67456.0,940.0,618.8
RADHI,1/2/2023,224.0,232.0,223.5,230.0,1.05,57461.0,940.0,618.8
RADHI,1/3/2023,233.0,238.6,228.0,228.0,-0.87,47377.0,940.0,618.8
RADHI,1/4/2023,226.0,240.5,226.0,240.0,5.26,78624.0,940.0,618.8
RADHI,1/5/2023,244.0,248.0,236.0,242.8,1.17,156140.0,940.0,618.8
RADHI,1/8/2023,245.0,260.1,238.0,254.2,4.7,140187.0,940.0,618.8
RADHI,1/9/2023,259.2,279.6,256.0,279.6,9.99,148274.0,940.0,618.8
RADHI,1/10/2023,285.0,306.0,274.5,285.0,1.93,306720.0,940.0,618.8
RADHI,1/12/2023,285.0,300.0,270.0,272.0,-4.56,191153.0,940.0,618.8
RADHI,1/17/2023,274.9,290.0,270.0,289.0,6.25,136566.0,940.0,618.8
RADHI,1/18/2023,293.0,298.8,283.3,284.0,-1.73,103713.0,940.0,618.8
RADHI,1/19/2023,284.0,288.0,279.3,280.0,-1.41,55487.0,940.0,618.8
RADHI,1/23/2023,284.0,284.0,270.0,270.0,-3.57,52890.0,940.0,618.8
RADHI,1/24/2023,265.2,272.0,260.3,268.0,-0.74,69754.0,940.0,618.8
RADHI,1/25/2023,268.5,283.0,268.1,276.0,2.99,77408.0,940.0,618.8
RADHI,1/26/2023,279.0,282.5,274.0,275.1,-0.33,55407.0,940.0,618.8
RADHI,1/29/2023,269.7,278.0,265.0,270.6,-1.64,50549.0,940.0,618.8
RADHI,1/30/2023,266.2,269.0,258.5,261.0,-3.55,68631.0,940.0,618.8
RADHI,1/31/2023,256.0,264.0,252.4,255.8,-1.99,65583.0,940.0,618.8
RADHI,2/1/2023,254.0,261.0,251.4,259.7,1.52,33445.0,940.0,618.8
RADHI,2/2/2023,257.0,263.0,250.3,253.0,-2.58,34643.0,940.0,618.8
RADHI,2/5/2023,255.0,263.0,250.0,253.0,0.0,36516.0,940.0,618.8
RADHI,2/6/2023,256.0,257.5,250.0,253.0,0.0,24845.0,940.0,618.8
RADHI,2/7/2023,257.0,278.3,254.0,278.3,10.0,115916.0,940.0,618.8
RADHI,2/8/2023,283.8,304.0,281.4,285.5,2.59,230025.0,940.0,618.8
RADHI,2/9/2023,285.0,294.0,282.1,292.0,2.28,89810.0,940.0,618.8
RADHI,2/12/2023,290.0,290.0,269.0,274.1,-6.13,154483.0,940.0,618.8
RADHI,2/14/2023,270.0,279.0,267.0,270.1,-1.46,51938.0,940.0,618.8
RADHI,2/15/2023,266.4,276.0,266.0,269.9,-0.07,38591.0,940.0,618.8
RADHI,2/16/2023,266.2,272.9,262.0,262.1,-2.89,54002.0,940.0,618.8
RADHI,2/20/2023,263.1,265.0,256.0,258.0,-1.56,49064.0,940.0,618.8
RADHI,2/22/2023,262.1,275.0,258.0,274.9,6.55,70007.0,940.0,618.8
RADHI,2/23/2023,270.0,272.0,259.0,264.2,-3.89,54219.0,940.0,618.8
RADHI,2/26/2023,259.1,268.4,250.1,268.0,1.44,120769.0,940.0,618.8
RADHI,2/27/2023,272.0,272.0,260.0,264.0,-1.49,56114.0,940.0,618.8
RADHI,2/28/2023,264.0,271.0,259.0,269.0,1.89,51827.0,940.0,618.8
RADHI,3/1/2023,269.0,269.0,261.0,263.0,-2.23,22640.0,940.0,618.8
RADHI,3/2/2023,259.1,262.0,257.0,259.0,-1.52,35360.0,940.0,618.8
RADHI,3/5/2023,256.0,261.0,250.1,250.4,-3.32,37937.0,940.0,618.8
RADHI,3/7/2023,246.4,260.0,246.4,254.0,1.44,25960.0,940.0,618.8
RADHI,3/9/2023,259.0,268.0,256.1,268.0,5.51,53592.0,940.0,618.8
RADHI,3/12/2023,273.0,273.2,262.0,263.3,-1.75,34230.0,940.0,618.8
RADHI,3/13/2023,265.3,265.3,256.0,258.0,-2.01,40755.0,940.0,618.8
RADHI,3/14/2023,255.2,265.0,255.2,259.0,0.39,21743.0,940.0,618.8
RADHI,3/15/2023,258.1,263.0,257.4,259.0,0.0,25506.0,940.0,618.8
RADHI,3/16/2023,257.1,266.6,257.1,263.0,1.54,34243.0,940.0,618.8
RADHI,3/19/2023,260.1,267.5,260.1,262.0,-0.38,37758.0,940.0,618.8
RADHI,3/20/2023,262.1,270.0,262.1,268.0,2.29,33484.0,940.0,618.8
RADHI,3/22/2023,272.0,273.0,265.3,266.0,-0.75,44127.0,940.0,618.8
RADHI,3/23/2023,262.1,264.9,260.7,261.0,-1.88,30748.0,940.0,618.8
RADHI,3/26/2023,258.0,262.9,258.0,260.0,-0.38,27849.0,940.0,618.8
RADHI,3/27/2023,263.0,266.0,255.0,265.9,2.27,38360.0,940.0,618.8
RADHI,3/28/2023,271.0,271.0,263.0,265.0,-0.34,39697.0,940.0,618.8
RADHI,3/29/2023,266.5,266.5,260.0,264.0,-0.38,13003.0,940.0,618.8
RADHI,3/30/2023,269.0,269.0,261.0,261.5,-0.95,13614.0,940.0,618.8
RADHI,4/2/2023,266.5,270.0,254.3,255.0,-2.49,23876.0,940.0,618.8
RADHI,4/3/2023,260.1,260.1,250.1,254.0,-0.39,20540.0,940.0,618.8
RADHI,4/4/2023,255.0,258.0,252.0,252.0,-0.79,19612.0,940.0,618.8
RADHI,4/5/2023,252.0,256.0,250.1,253.0,0.4,15788.0,940.0,618.8
RADHI,4/6/2023,257.0,257.0,249.1,250.1,-1.15,21939.0,940.0,618.8
RADHI,4/9/2023,250.0,251.0,243.2,244.0,-2.44,38727.0,940.0,618.8
RADHI,4/10/2023,247.5,248.8,242.1,245.0,0.41,14939.0,940.0,618.8
RADHI,4/11/2023,248.0,254.0,246.0,253.7,3.55,25446.0,940.0,618.8
RADHI,4/12/2023,258.0,270.3,255.0,269.5,6.23,75648.0,940.0,618.8
RADHI,4/13/2023,272.0,272.0,259.9,263.0,-2.41,55115.0,940.0,618.8
RADHI,4/16/2023,265.0,266.0,259.5,263.0,0.0,20003.0,940.0,618.8
RADHI,4/17/2023,260.0,262.9,254.0,254.0,-3.42,14092.0,940.0,618.8
RADHI,4/18/2023,250.1,255.1,250.1,253.1,-0.35,14844.0,940.0,618.8
RADHI,4/19/2023,258.0,258.0,253.7,257.0,1.54,14796.0,940.0,618.8
RADHI,4/20/2023,253.6,262.0,253.6,254.1,-1.13,13476.0,940.0,618.8
RADHI,4/23/2023,259.0,259.0,249.0,253.8,-0.12,17536.0,940.0,618.8
RADHI,4/24/2023,254.0,257.0,249.0,253.0,-0.32,27302.0,940.0,618.8
RADHI,4/25/2023,248.1,258.0,248.1,255.0,0.79,8261.0,940.0,618.8
RADHI,4/26/2023,250.0,258.0,250.0,252.9,-0.82,12654.0,940.0,618.8
RADHI,4/27/2023,249.0,257.9,249.0,254.9,0.79,15916.0,940.0,618.8
RADHI,4/30/2023,251.5,253.0,246.6,248.0,-2.71,16304.0,940.0,618.8
RADHI,5/2/2023,248.0,251.0,245.1,245.1,-1.17,11294.0,940.0,618.8
RADHI,5/3/2023,245.0,248.0,242.3,244.0,-0.45,11948.0,940.0,618.8
RADHI,5/4/2023,247.0,247.9,241.2,244.8,0.33,23001.0,940.0,618.8
RADHI,5/7/2023,245.0,248.0,240.0,242.0,-1.14,20242.0,940.0,618.8
RADHI,5/8/2023,240.0,240.0,230.0,231.0,-4.55,43189.0,940.0,618.8
RADHI,5/9/2023,232.0,242.7,230.0,236.0,2.16,19361.0,940.0,618.8
RADHI,5/10/2023,234.0,238.0,233.1,237.6,0.68,8577.0,940.0,618.8
RADHI,5/11/2023,233.0,240.0,232.0,232.1,-2.31,9718.0,940.0,618.8
RADHI,5/14/2023,236.7,244.0,230.1,233.0,0.39,17719.0,940.0,618.8
RADHI,5/15/2023,230.0,237.0,230.0,233.0,0.0,12504.0,940.0,618.8
RADHI,5/16/2023,228.5,237.6,228.5,234.0,0.43,17124.0,940.0,618.8
RADHI,5/17/2023,235.0,252.0,233.9,242.0,3.42,17138.0,940.0,618.8
RADHI,5/18/2023,246.0,252.5,238.0,249.9,3.26,27502.0,940.0,618.8
RADHI,5/21/2023,253.0,257.0,246.8,248.0,-0.76,51210.0,940.0,618.8
RADHI,5/22/2023,245.0,252.0,243.2,251.0,1.21,20174.0,940.0,618.8
RADHI,5/23/2023,251.0,259.0,250.0,257.0,2.39,47438.0,940.0,618.8
RADHI,5/24/2023,259.8,260.0,252.1,253.1,-1.52,35890.0,940.0,618.8
RADHI,5/28/2023,256.0,258.0,247.1,247.1,-2.37,46015.0,940.0,618.8
RADHI,5/30/2023,245.0,252.0,240.6,240.6,-2.63,40040.0,940.0,618.8
RADHI,5/31/2023,237.0,252.0,233.0,236.0,-1.91,40192.0,940.0,618.8
RADHI,6/1/2023,240.0,248.0,231.1,238.0,0.85,35455.0,940.0,618.8
RADHI,6/4/2023,240.0,254.0,240.0,248.9,4.58,38172.0,940.0,618.8
RADHI,6/5/2023,253.8,254.8,243.0,243.0,-2.37,45314.0,940.0,618.8
RADHI,6/6/2023,246.0,256.0,243.0,251.1,3.33,63057.0,940.0,618.8
RADHI,6/7/2023,256.1,256.1,250.0,251.0,-0.04,53722.0,940.0,618.8
RADHI,6/8/2023,250.0,255.0,249.2,251.9,0.36,49773.0,940.0,618.8
RADHI,6/11/2023,253.0,260.0,253.0,258.7,2.7,83647.0,940.0,618.8
RADHI,6/12/2023,263.0,263.0,253.0,256.0,-1.04,49792.0,940.0,618.8
RADHI,6/13/2023,252.1,263.4,251.0,260.0,1.56,102799.0,940.0,618.8
RADHI,6/14/2023,265.1,273.5,258.0,261.0,0.38,157164.0,940.0,618.8
RADHI,6/15/2023,260.0,267.5,260.0,262.0,0.38,57644.0,940.0,618.8
RADHI,6/18/2023,267.2,270.0,260.1,267.0,1.91,101567.0,940.0,618.8
RADHI,6/19/2023,270.0,271.9,261.2,265.0,-0.75,64199.0,940.0,618.8
RADHI,6/20/2023,265.0,270.0,255.1,258.0,-2.64,59474.0,940.0,618.8
RADHI,6/21/2023,257.0,262.0,253.0,255.7,-0.89,42047.0,940.0,618.8
RADHI,6/22/2023,255.5,256.0,248.0,248.1,-2.97,58140.0,940.0,618.8
RADHI,6/25/2023,253.0,256.9,243.0,255.0,2.78,98084.0,940.0,618.8
RADHI,6/26/2023,260.1,265.0,250.1,253.9,-0.43,58726.0,940.0,618.8
RADHI,6/27/2023,254.0,258.0,249.1,256.5,1.02,81386.0,940.0,618.8
RADHI,6/28/2023,255.0,260.1,249.9,249.9,-2.57,63363.0,940.0,618.8
RADHI,7/2/2023,250.0,254.8,240.1,241.0,-3.56,48228.0,940.0,618.8
RADHI,7/3/2023,238.0,244.0,237.0,238.0,-1.24,40507.0,940.0,618.8
RADHI,7/4/2023,242.0,242.7,235.0,236.9,-0.46,39624.0,940.0,618.8
RADHI,7/5/2023,240.0,240.0,230.3,231.0,-2.49,32161.0,940.0,618.8
RADHI,7/6/2023,234.0,237.0,230.2,232.0,0.43,33616.0,940.0,618.8
RADHI,7/9/2023,235.0,237.0,232.0,234.0,0.86,29634.0,940.0,618.8
RADHI,7/10/2023,234.5,238.5,230.0,233.9,-0.04,39142.0,940.0,618.8
RADHI,7/11/2023,230.1,233.0,229.0,231.0,-1.24,31254.0,940.0,618.8
RADHI,7/12/2023,235.5,246.0,231.0,245.0,6.06,67869.0,940.0,618.8
RADHI,7/13/2023,249.9,249.9,232.0,236.0,-3.67,85622.0,940.0,618.8
RADHI,7/16/2023,235.0,236.0,231.0,234.0,-0.85,33294.0,940.0,618.8
RADHI,7/17/2023,234.0,238.6,230.0,237.0,1.28,18806.0,940.0,618.8
RADHI,7/18/2023,240.0,240.0,234.2,236.0,-0.42,27323.0,940.0,618.8
RADHI,7/19/2023,236.0,238.0,232.4,233.2,-1.19,19267.0,940.0,618.8
RADHI,7/20/2023,233.0,237.0,232.2,236.9,1.59,32300.0,940.0,618.8
RADHI,7/23/2023,240.0,241.6,235.0,238.0,0.46,33913.0,940.0,618.8
RADHI,7/24/2023,238.0,244.0,235.0,237.0,-0.42,39900.0,940.0,618.8
RADHI,7/25/2023,238.0,241.8,234.4,238.5,0.63,42976.0,940.0,618.8
RADHI,7/26/2023,243.2,243.2,234.1,237.0,-0.63,22983.0,940.0,618.8
RADHI,7/27/2023,237.0,237.0,232.6,234.0,-1.27,19701.0,940.0,618.8
RADHI,7/30/2023,231.5,234.9,228.0,228.2,-2.48,40459.0,940.0,618.8
RADHI,7/31/2023,231.0,232.7,226.1,228.0,-0.09,17691.0,940.0,618.8
RADHI,8/1/2023,228.1,231.9,222.6,224.0,-1.75,16805.0,940.0,618.8
RADHI,8/2/2023,226.0,227.0,222.0,222.5,-0.67,13235.0,940.0,618.8
RADHI,8/3/2023,226.9,226.9,221.0,221.0,-0.67,12181.0,940.0,618.8
RADHI,8/6/2023,222.0,223.9,218.8,219.9,-0.5,20719.0,940.0,618.8
RADHI,8/7/2023,219.0,221.0,216.0,216.5,-1.55,18207.0,940.0,618.8
RADHI,8/8/2023,215.5,219.0,209.0,213.0,-1.62,22363.0,940.0,618.8
RADHI,8/9/2023,213.0,217.0,210.0,216.8,1.78,17739.0,940.0,618.8
RADHI,8/10/2023,217.0,221.0,215.5,215.5,-0.6,13678.0,940.0,618.8
RADHI,8/13/2023,216.5,218.0,214.0,215.0,-0.23,18984.0,940.0,618.8
RADHI,8/14/2023,217.0,218.0,213.5,213.9,-0.51,11437.0,940.0,618.8
RADHI,8/15/2023,213.0,214.0,210.0,210.1,-1.78,11394.0,940.0,618.8
RADHI,8/16/2023,210.1,212.0,206.0,209.0,-0.52,16848.0,940.0,618.8
RADHI,8/17/2023,210.5,212.9,207.6,211.0,0.96,19942.0,940.0,618.8
RADHI,8/20/2023,211.0,213.0,207.5,209.0,-0.95,15102.0,940.0,618.8
RADHI,8/21/2023,206.0,212.0,205.0,206.0,-1.44,23958.0,940.0,618.8
RADHI,8/22/2023,207.0,209.0,203.1,209.0,1.46,13341.0,940.0,618.8
RADHI,8/23/2023,211.5,221.3,211.5,219.0,4.78,41934.0,940.0,618.8
RADHI,8/24/2023,219.1,223.9,215.1,217.5,-0.68,35516.0,940.0,618.8
RADHI,8/27/2023,217.0,217.0,211.1,213.9,-1.66,16268.0,940.0,618.8
RADHI,8/28/2023,210.0,218.0,210.0,214.0,0.05,11581.0,940.0,618.8
RADHI,8/29/2023,210.0,213.0,210.0,213.0,-0.47,13904.0,940.0,618.8
RADHI,8/30/2023,210.0,214.2,209.8,211.0,-0.94,10749.0,940.0,618.8
RADHI,9/3/2023,212.1,212.1,204.9,207.0,-1.9,19784.0,940.0,618.8
RADHI,9/4/2023,203.1,210.0,203.1,208.0,0.48,11582.0,940.0,618.8
RADHI,9/5/2023,210.9,210.9,206.1,207.0,-0.48,6418.0,940.0,618.8
RADHI,9/7/2023,206.0,208.0,200.6,202.0,-2.42,19151.0,940.0,618.8
RADHI,9/10/2023,205.0,205.0,202.0,203.7,0.84,14121.0,940.0,618.8
RADHI,9/11/2023,205.0,209.0,203.8,209.0,2.6,19131.0,940.0,618.8
RADHI,9/12/2023,205.1,212.0,205.1,212.0,1.44,20152.0,940.0,618.8
RADHI,9/13/2023,209.0,220.0,209.0,217.0,2.36,28518.0,940.0,618.8
RADHI,9/17/2023,217.0,219.0,211.7,216.0,-0.46,32839.0,940.0,618.8
RADHI,9/18/2023,218.0,218.0,210.0,216.8,0.37,11881.0,940.0,618.8
RADHI,9/19/2023,219.8,230.0,212.5,227.0,4.7,23514.0,940.0,618.8
RADHI,9/21/2023,230.0,244.0,228.6,237.0,4.41,76976.0,940.0,618.8
RADHI,9/24/2023,233.1,239.7,227.0,233.0,-1.69,29144.0,940.0,618.8
RADHI,9/25/2023,228.4,233.9,228.0,229.9,-1.33,14392.0,940.0,618.8
RADHI,9/26/2023,233.0,245.0,231.4,237.0,3.09,37452.0,940.0,618.8
RADHI,9/27/2023,239.0,239.0,228.1,232.0,-2.11,25133.0,940.0,618.8
RADHI,10/1/2023,235.0,235.0,221.5,221.6,-4.48,25016.0,940.0,618.8
RADHI,10/2/2023,220.0,228.4,218.3,228.0,2.89,39469.0,940.0,618.8
RADHI,10/3/2023,227.0,228.9,223.6,225.0,-1.32,15382.0,940.0,618.8
RADHI,10/4/2023,226.9,230.7,226.0,230.0,2.22,19105.0,940.0,618.8
RADHI,10/5/2023,233.0,233.0,224.2,229.0,-0.43,8975.0,940.0,618.8
RADHI,10/8/2023,228.0,230.0,219.4,220.0,-3.93,22515.0,940.0,618.8
RADHI,10/9/2023,217.0,223.0,216.9,217.0,-1.36,17807.0,940.0,618.8
RADHI,10/10/2023,220.0,220.0,209.2,212.0,-2.3,39392.0,940.0,618.8
RADHI,10/11/2023,214.0,216.0,210.0,213.0,0.47,12318.0,940.0,618.8
RADHI,10/12/2023,217.0,217.0,206.2,207.4,-2.63,24267.0,940.0,618.8
RADHI,10/16/2023,205.0,212.0,205.0,207.6,0.1,11354.0,940.0,618.8
RADHI,10/17/2023,211.0,218.0,209.0,211.0,1.64,7779.0,940.0,618.8
RADHI,10/18/2023,211.0,217.8,211.0,217.0,2.84,15869.0,940.0,618.8
RADHI,10/19/2023,218.0,218.0,212.7,213.0,-1.84,13744.0,940.0,618.8
RADHI,10/29/2023,213.0,213.0,206.5,210.0,-1.41,7681.0,940.0,618.8
RADHI,10/30/2023,208.0,213.9,208.0,213.0,1.43,4787.0,940.0,618.8
RADHI,10/31/2023,208.8,212.0,208.0,211.0,-0.94,2406.0,940.0,618.8
RADHI,11/1/2023,211.5,213.5,208.0,211.7,0.33,9984.0,940.0,618.8
RADHI,11/2/2023,208.0,212.1,207.5,209.0,-1.28,9869.0,940.0,618.8
RADHI,11/5/2023,209.0,209.0,204.2,205.9,-1.48,13147.0,940.0,618.8
RADHI,11/6/2023,206.1,210.0,206.0,208.0,1.02,8648.0,940.0,618.8
RADHI,11/7/2023,209.9,210.9,206.1,207.0,-0.48,6898.0,940.0,618.8
RADHI,11/8/2023,210.0,210.0,202.4,207.0,0.0,8138.0,940.0,618.8
RADHI,11/9/2023,207.0,210.0,203.2,207.9,0.43,14189.0,940.0,618.8
RADHI,11/20/2023,212.0,212.0,204.9,208.9,0.48,11342.0,940.0,618.8
RADHI,11/21/2023,205.7,207.9,203.2,206.9,-0.96,6544.0,940.0,618.8
RADHI,11/22/2023,204.0,208.9,203.1,207.9,0.48,9183.0,940.0,618.8
RADHI,11/23/2023,212.0,212.0,204.0,208.9,0.48,11627.0,940.0,618.8
RADHI,11/26/2023,212.7,216.8,205.0,213.8,2.35,55163.0,940.0,618.8
RADHI,11/27/2023,210.5,219.4,210.5,214.0,0.09,36559.0,940.0,618.8
RADHI,11/28/2023,211.1,216.0,211.1,214.0,0.0,12904.0,940.0,618.8
RADHI,11/29/2023,210.2,214.0,210.0,210.0,-1.87,8813.0,940.0,618.8
RADHI,11/30/2023,208.5,210.0,207.9,208.0,-0.95,10478.0,940.0,618.8
RADHI,12/3/2023,207.0,208.0,205.4,205.4,-1.25,21419.0,940.0,618.8
RADHI,12/4/2023,206.0,210.0,206.0,207.0,0.78,7246.0,940.0,618.8
RADHI,12/5/2023,205.0,208.0,205.0,205.6,-0.68,7688.0,940.0,618.8
RADHI,12/6/2023,205.0,207.0,205.0,206.0,0.19,11064.0,940.0,618.8
RADHI,12/7/2023,206.0,208.0,204.0,206.7,0.34,12774.0,940.0,618.8
RADHI,12/10/2023,210.8,227.0,210.8,227.0,9.82,445.0,940.0,618.8
RADHI,12/11/2023,227.0,231.1,211.2,218.1,-3.92,82713.0,940.0,618.8
RADHI,12/12/2023,218.0,224.4,216.0,222.0,1.79,36920.0,940.0,618.8
RADHI,12/13/2023,223.0,230.5,220.5,221.5,-0.23,45016.0,940.0,618.8
RADHI,12/14/2023,223.0,224.9,221.0,224.0,1.13,18110.0,940.0,618.8
RADHI,12/17/2023,219.6,239.0,215.3,238.9,6.65,122918.0,940.0,618.8
RADHI,12/18/2023,238.9,247.8,230.0,235.9,-1.26,126850.0,940.0,618.8
RADHI,12/19/2023,235.6,239.9,230.0,235.9,0.0,53927.0,940.0,618.8
RADHI,12/20/2023,240.0,244.0,233.1,239.0,1.31,86617.0,940.0,618.8
RADHI,12/21/2023,242.0,249.9,238.1,239.0,0.0,164856.0,940.0,618.8
RADHI,12/24/2023,239.0,249.8,239.0,245.0,2.51,148036.0,940.0,618.8
RADHI,12/27/2023,249.9,252.0,242.0,243.7,-0.53,97514.0,940.0,618.8
RADHI,12/28/2023,244.0,245.0,235.0,239.5,-1.72,93232.0,940.0,618.8
RADHI,1/1/2024,232.0,237.8,228.6,230.0,-3.97,44517.0,940.0,618.8
RADHI,1/2/2024,231.0,231.0,219.1,221.5,-3.7,67057.0,940.0,618.8
RADHI,1/3/2024,225.0,234.0,216.0,230.0,3.84,93264.0,940.0,618.8
RADHI,1/4/2024,234.6,245.0,233.0,240.2,4.43,152311.0,940.0,618.8
RADHI,1/7/2024,244.0,250.7,243.1,243.1,1.21,80114.0,940.0,618.8
RADHI,1/8/2024,241.0,246.0,234.0,244.0,0.37,75169.0,940.0,618.8
RADHI,1/9/2024,247.0,249.1,241.1,242.2,-0.74,92315.0,940.0,618.8
RADHI,1/10/2024,247.0,247.0,238.7,241.9,-0.12,62776.0,940.0,618.8
RADHI,1/11/2024,241.1,255.0,241.0,253.0,4.59,201154.0,940.0,618.8
RADHI,1/14/2024,258.0,273.8,255.0,270.0,6.72,195480.0,940.0,618.8
RADHI,1/16/2024,273.0,287.8,270.3,282.0,4.44,375763.0,940.0,618.8
RADHI,1/17/2024,287.0,287.2,263.7,263.7,-6.49,228639.0,940.0,618.8
RADHI,1/18/2024,268.9,282.0,259.2,280.0,6.18,245046.0,940.0,618.8
RADHI,1/21/2024,280.0,301.0,277.0,289.0,3.21,342429.0,940.0,618.8
RADHI,1/22/2024,284.5,294.0,273.9,278.0,-3.81,281390.0,940.0,618.8
RADHI,1/23/2024,278.0,281.9,274.0,280.0,0.72,140732.0,940.0,618.8
RADHI,1/24/2024,284.0,286.7,270.0,271.5,-3.04,79269.0,940.0,618.8
RADHI,1/25/2024,268.1,273.3,264.0,266.0,-2.03,110056.0,940.0,618.8
RADHI,1/28/2024,271.0,275.0,262.0,269.0,1.13,138451.0,940.0,618.8
RADHI,1/29/2024,274.0,277.0,268.0,276.9,2.94,122369.0,940.0,618.8
RADHI,1/30/2024,282.4,295.0,278.0,288.2,4.08,280394.0,940.0,618.8
RADHI,1/31/2024,292.5,293.8,278.5,281.9,-2.19,216467.0,940.0,618.8
RADHI,2/1/2024,276.3,283.0,272.1,274.0,-2.8,116194.0,940.0,618.8
RADHI,2/4/2024,271.9,276.8,268.4,268.5,-2.01,57664.0,940.0,618.8
RADHI,2/5/2024,271.0,275.0,268.1,269.0,0.19,86589.0,940.0,618.8
RADHI,2/6/2024,270.0,274.0,268.0,271.0,0.74,66603.0,940.0,618.8
RADHI,2/7/2024,276.4,278.0,271.7,275.9,1.81,73535.0,940.0,618.8
RADHI,2/8/2024,279.0,279.0,273.5,276.5,0.22,99150.0,940.0,618.8
RADHI,2/11/2024,281.0,281.0,272.0,277.0,0.18,65257.0,940.0,618.8
RADHI,2/12/2024,277.0,280.0,272.0,280.0,1.08,63476.0,940.0,618.8
RADHI,2/13/2024,275.0,278.0,270.0,271.5,-3.04,95485.0,940.0,618.8
RADHI,2/14/2024,271.5,274.5,267.3,272.0,0.18,69751.0,940.0,618.8
RADHI,2/15/2024,275.0,276.9,269.6,274.0,0.74,61217.0,940.0,618.8
RADHI,2/18/2024,270.0,270.1,264.7,264.7,-3.39,44857.0,940.0,618.8
RADHI,2/20/2024,266.0,269.4,260.0,264.0,-0.26,55649.0,940.0,618.8
RADHI,2/21/2024,267.0,272.0,255.1,260.0,-1.52,76829.0,940.0,618.8
RADHI,2/22/2024,257.0,262.1,247.2,249.0,-4.23,81792.0,940.0,618.8
RADHI,2/25/2024,245.5,253.9,244.0,245.0,-1.61,62664.0,940.0,618.8
RADHI,2/26/2024,249.0,251.0,243.3,247.8,1.14,26462.0,940.0,618.8
RADHI,2/27/2024,251.8,252.6,247.0,251.8,1.61,26135.0,940.0,618.8
RADHI,2/28/2024,246.8,252.9,246.8,249.0,-1.11,24733.0,940.0,618.8
RADHI,2/29/2024,247.1,251.9,242.0,247.0,-0.8,43907.0,940.0,618.8
RADHI,3/3/2024,242.1,243.6,236.6,238.5,-3.44,33597.0,940.0,618.8
RADHI,3/4/2024,243.2,257.0,243.2,252.0,5.66,830.0,940.0,618.8
RADHI,3/5/2024,257.0,258.9,246.0,246.0,-2.38,79337.0,940.0,618.8
RADHI,3/6/2024,250.5,255.5,245.0,249.9,1.59,77449.0,940.0,618.8
RADHI,3/7/2024,254.0,258.0,250.0,251.0,0.44,35952.0,940.0,618.8
RADHI,3/10/2024,255.9,256.9,251.5,252.3,0.52,23088.0,940.0,618.8
RADHI,3/12/2024,257.3,262.1,251.9,259.5,2.85,52820.0,940.0,618.8
RADHI,3/13/2024,259.1,261.9,253.6,255.0,-1.73,41717.0,940.0,618.8
RADHI,3/14/2024,256.1,258.5,247.1,247.1,-3.1,35837.0,940.0,618.8
RADHI,3/17/2024,252.0,252.0,245.5,247.0,-0.04,28065.0,940.0,618.8
RADHI,3/18/2024,248.0,250.5,245.1,247.2,0.08,14469.0,940.0,618.8
RADHI,3/19/2024,246.0,254.0,245.0,246.1,-0.44,22159.0,940.0,618.8
RADHI,3/20/2024,250.0,251.9,243.5,245.0,-0.45,23809.0,940.0,618.8
RADHI,3/21/2024,244.0,247.7,241.6,243.0,-0.82,19951.0,940.0,618.8
RADHI,3/25/2024,241.1,243.7,237.1,239.5,-1.44,24995.0,940.0,618.8
RADHI,3/26/2024,244.0,244.0,235.1,242.9,1.42,20854.0,940.0,618.8
RADHI,3/27/2024,240.0,244.8,236.0,239.0,-1.61,29526.0,940.0,618.8
RADHI,3/28/2024,235.4,242.1,235.4,239.0,0.0,31425.0,940.0,618.8
RADHI,3/31/2024,240.9,242.5,237.0,238.9,-0.04,24046.0,940.0,618.8
RADHI,4/1/2024,240.0,241.0,236.0,237.0,-0.8,27862.0,940.0,618.8
RADHI,4/2/2024,239.0,240.0,236.0,236.1,-0.38,16026.0,940.0,618.8
RADHI,4/3/2024,236.5,240.8,236.0,236.2,0.04,15145.0,940.0,618.8
RADHI,4/4/2024,240.0,240.0,235.0,235.5,-0.3,20477.0,940.0,618.8
RADHI,4/7/2024,234.0,238.6,234.0,238.1,1.1,18392.0,940.0,618.8
RADHI,4/9/2024,242.0,246.8,240.0,240.0,0.8,28171.0,940.0,618.8
RADHI,4/10/2024,237.5,246.0,237.5,240.0,0.0,15055.0,940.0,618.8
RADHI,4/14/2024,240.0,242.0,236.1,239.5,-0.21,15172.0,940.0,618.8
RADHI,4/15/2024,236.0,239.9,235.0,236.5,-1.25,14846.0,940.0,618.8
RADHI,4/16/2024,233.0,235.0,232.0,233.8,-1.14,22911.0,940.0,618.8
RADHI,4/18/2024,234.0,234.0,225.5,227.0,-2.91,21634.0,940.0,618.8
RADHI,4/21/2024,230.0,231.0,226.0,230.0,1.32,27983.0,940.0,618.8
RADHI,4/22/2024,230.1,234.0,228.1,228.2,-0.78,9143.0,940.0,618.8
RADHI,4/24/2024,226.1,232.5,226.1,226.7,-0.66,8675.0,940.0,618.8
RADHI,4/25/2024,225.1,231.0,225.1,226.0,-0.31,23798.0,940.0,618.8
RADHI,4/28/2024,228.0,231.4,226.0,228.0,0.88,14113.0,940.0,618.8
RADHI,4/29/2024,226.0,231.4,226.0,227.0,-0.44,25580.0,940.0,618.8
RADHI,4/30/2024,225.5,240.0,225.5,233.9,3.04,44267.0,940.0,618.8
RADHI,5/2/2024,234.0,240.0,230.1,232.9,-0.43,11062.0,940.0,618.8
RADHI,5/5/2024,228.5,232.0,226.0,226.0,-2.96,23543.0,940.0,618.8
RADHI,5/6/2024,226.0,228.0,224.5,227.0,0.44,29167.0,940.0,618.8
RADHI,5/7/2024,228.0,228.0,224.4,226.0,-0.44,12281.0,940.0,618.8
RADHI,5/8/2024,225.0,230.5,223.2,226.0,0.0,13670.0,940.0,618.8
RADHI,5/9/2024,229.0,231.0,225.1,229.9,1.73,30741.0,940.0,618.8
RADHI,5/12/2024,227.0,234.0,226.1,228.0,-0.83,15312.0,940.0,618.8
RADHI,5/13/2024,232.5,232.5,226.0,227.9,-0.04,10593.0,940.0,618.8
RADHI,5/14/2024,232.4,239.6,229.1,236.0,3.55,44900.0,940.0,618.8
RADHI,5/15/2024,240.7,245.0,231.0,235.0,-0.42,22447.0,940.0,618.8
RADHI,5/16/2024,230.3,239.4,230.3,232.0,-1.28,30242.0,940.0,618.8
RADHI,5/19/2024,236.6,240.9,233.0,238.0,2.59,26929.0,940.0,618.8
RADHI,5/20/2024,242.6,246.0,238.2,241.5,1.47,54708.0,940.0,618.8
RADHI,5/21/2024,243.1,247.8,238.3,245.0,1.45,52546.0,940.0,618.8
RADHI,5/22/2024,249.0,249.0,240.6,245.0,0.0,28411.0,940.0,618.8
RADHI,5/26/2024,246.0,247.0,235.3,239.0,-2.45,27489.0,940.0,618.8
RADHI,5/27/2024,240.0,243.0,236.1,239.0,0.0,19663.0,940.0,618.8
RADHI,5/29/2024,243.7,248.5,232.0,232.0,-2.93,31361.0,940.0,618.8
RADHI,5/30/2024,235.0,237.9,230.0,231.0,-0.43,24668.0,940.0,618.8
RADHI,6/2/2024,235.6,238.0,229.0,231.0,0.0,50693.0,940.0,618.8
RADHI,6/3/2024,230.1,235.6,230.1,231.9,0.39,18255.0,940.0,618.8
RADHI,6/4/2024,229.1,235.0,229.1,232.0,0.04,17999.0,940.0,618.8
RADHI,6/5/2024,229.0,233.0,228.5,229.9,-0.91,19638.0,940.0,618.8
RADHI,6/6/2024,233.0,233.0,227.1,229.0,-0.39,27475.0,940.0,618.8
RADHI,6/9/2024,231.0,232.0,227.0,229.9,0.39,32837.0,940.0,618.8
RADHI,6/10/2024,234.3,247.9,231.0,239.9,4.35,81854.0,940.0,618.8
RADHI,6/11/2024,240.0,261.9,240.0,254.0,5.88,173169.0,940.0,618.8
RADHI,6/12/2024,250.0,262.5,249.9,254.0,0.0,110024.0,940.0,618.8
RADHI,6/13/2024,254.0,270.0,250.9,265.0,4.33,191220.0,940.0,618.8
RADHI,6/16/2024,270.3,279.0,261.2,270.0,1.89,267597.0,940.0,618.8
RADHI,6/18/2024,270.1,272.0,261.0,262.0,-2.96,155591.0,940.0,618.8
RADHI,6/19/2024,262.0,276.0,262.0,268.9,2.63,186801.0,940.0,618.8
RADHI,6/20/2024,272.0,272.0,264.0,265.4,-1.3,61185.0,940.0,618.8
RADHI,6/23/2024,267.0,267.0,257.0,258.1,-2.75,86669.0,940.0,618.8
RADHI,6/24/2024,256.1,266.0,254.8,255.0,-1.2,91037.0,940.0,618.8
RADHI,6/25/2024,253.4,263.2,251.1,258.2,1.25,73956.0,940.0,618.8
RADHI,6/26/2024,263.0,263.0,253.7,253.7,-1.74,40001.0,940.0,618.8
RADHI,6/27/2024,256.0,258.0,249.1,254.6,0.35,34750.0,940.0,618.8
RADHI,6/30/2024,251.1,252.0,246.0,246.0,-3.38,22886.0,940.0,618.8
RADHI,7/1/2024,246.1,257.0,246.0,253.0,2.85,52716.0,940.0,618.8
RADHI,7/2/2024,258.0,270.0,253.1,256.3,1.3,76250.0,940.0,618.8
RADHI,7/3/2024,254.0,257.0,252.0,254.9,-0.55,26219.0,940.0,618.8
RADHI,7/4/2024,255.0,257.0,252.1,252.2,-1.06,44853.0,940.0,618.8
RADHI,7/7/2024,255.0,256.7,253.2,254.0,0.71,33014.0,940.0,618.8
RADHI,7/8/2024,250.2,259.0,250.2,251.0,-1.18,27665.0,940.0,618.8
RADHI,7/9/2024,250.1,255.0,250.0,255.0,1.59,36560.0,940.0,618.8
RADHI,7/10/2024,259.0,259.9,253.0,258.0,1.18,49262.0,940.0,618.8
RADHI,7/11/2024,259.0,266.3,256.0,266.3,3.22,150498.0,940.0,618.8
RADHI,7/14/2024,271.6,282.0,267.0,269.5,1.2,84911.0,940.0,618.8
RADHI,7/15/2024,274.0,274.8,267.0,268.2,-0.48,68934.0,940.0,618.8
RADHI,7/16/2024,270.0,289.0,268.0,285.0,6.26,215541.0,940.0,618.8
RADHI,7/17/2024,285.1,294.0,281.5,286.4,0.49,186266.0,940.0,618.8
RADHI,7/18/2024,290.0,303.0,285.0,303.0,5.8,359724.0,940.0,618.8
RADHI,7/21/2024,309.0,324.0,298.0,321.0,5.94,365342.0,940.0,618.8
RADHI,7/22/2024,325.0,337.0,316.0,333.9,4.02,404105.0,940.0,618.8
RADHI,7/23/2024,340.0,349.9,327.0,348.5,4.37,220357.0,940.0,618.8
RADHI,7/24/2024,351.0,351.0,327.0,335.0,-3.87,348585.0,940.0,618.8
RADHI,7/25/2024,340.0,340.0,328.2,332.0,-0.9,300718.0,940.0,618.8
RADHI,7/28/2024,338.6,349.0,326.5,334.0,0.6,159019.0,940.0,618.8
RADHI,7/29/2024,331.0,353.0,331.0,341.0,2.1,354002.0,940.0,618.8
RADHI,7/30/2024,345.0,365.0,341.0,363.0,6.45,418059.0,940.0,618.8
RADHI,7/31/2024,370.2,397.8,370.0,385.0,6.06,407836.0,940.0,618.8
RADHI,8/1/2024,387.0,396.0,378.1,387.0,0.52,350339.0,940.0,618.8
RADHI,8/5/2024,394.0,407.0,376.0,399.5,3.23,373912.0,940.0,618.8
RADHI,8/6/2024,402.0,414.0,378.0,378.3,-5.31,575945.0,940.0,618.8
RADHI,8/7/2024,378.3,406.0,371.0,404.0,6.79,366150.0,940.0,618.8
RADHI,8/8/2024,412.0,418.0,395.0,400.0,-0.99,337230.0,940.0,618.8
RADHI,8/11/2024,408.0,424.0,397.1,412.0,3.0,349102.0,940.0,618.8
RADHI,8/12/2024,420.0,430.4,415.0,422.0,2.43,388972.0,940.0,618.8
RADHI,8/13/2024,430.0,430.4,400.0,414.0,-1.9,376483.0,940.0,618.8
RADHI,8/14/2024,405.8,429.0,397.8,416.0,0.48,409756.0,940.0,618.8
RADHI,8/15/2024,424.0,457.6,415.0,442.0,6.25,773605.0,940.0,618.8
RADHI,8/18/2024,437.0,459.0,425.0,425.5,-3.73,451820.0,940.0,618.8
RADHI,8/21/2024,430.0,436.2,418.0,425.6,0.02,249017.0,940.0,618.8
RADHI,8/22/2024,430.0,442.0,420.6,427.0,0.33,231703.0,940.0,618.8
RADHI,8/25/2024,430.0,434.5,418.0,421.0,-1.41,348688.0,940.0,618.8
RADHI,8/27/2024,422.1,433.5,412.1,415.0,-1.43,507869.0,940.0,618.8
RADHI,8/28/2024,406.7,440.0,406.7,429.0,3.37,482920.0,940.0,618.8
RADHI,8/29/2024,429.0,462.0,423.0,449.9,4.87,721236.0,940.0,618.8
RADHI,9/1/2024,458.0,464.0,446.0,450.0,0.02,398659.0,940.0,618.8
RADHI,9/2/2024,453.0,465.0,444.3,463.0,2.89,481981.0,940.0,618.8
RADHI,9/3/2024,470.0,477.0,457.0,459.0,-0.86,406748.0,940.0,618.8
RADHI,9/4/2024,468.0,468.0,437.0,442.5,-3.59,338984.0,940.0,618.8
RADHI,9/5/2024,437.0,448.9,431.5,433.0,-2.15,238960.0,940.0,618.8
RADHI,9/8/2024,441.0,444.0,427.5,431.0,-0.46,244649.0,940.0,618.8
RADHI,9/9/2024,432.0,438.0,417.5,418.5,-2.9,270385.0,940.0,618.8
RADHI,9/10/2024,425.0,429.0,402.0,405.1,-3.2,168871.0,940.0,618.8
RADHI,9/11/2024,413.2,417.0,405.0,407.9,0.69,151219.0,940.0,618.8
RADHI,9/12/2024,414.9,429.9,406.7,425.1,4.22,243392.0,940.0,618.8
RADHI,9/15/2024,433.6,433.6,409.0,409.0,-3.79,205884.0,940.0,618.8
RADHI,9/16/2024,416.0,417.1,400.0,400.0,-2.2,137368.0,940.0,618.8
RADHI,9/18/2024,405.0,418.0,395.1,399.0,-0.25,113142.0,940.0,618.8
RADHI,9/22/2024,406.9,414.9,390.0,390.1,-2.23,95880.0,940.0,618.8
RADHI,9/23/2024,397.0,412.0,373.4,376.0,-3.61,113311.0,940.0,618.8
RADHI,9/24/2024,380.0,385.0,355.9,359.0,-4.52,138451.0,940.0,618.8
RADHI,9/25/2024,366.1,373.0,353.4,372.5,3.76,82376.0,940.0,618.8
RADHI,9/26/2024,372.5,382.0,365.1,365.3,-1.93,75130.0,940.0,618.8
RADHI,9/29/2024,358.7,362.0,347.0,349.0,-4.46,85006.0,940.0,618.8
RADHI,9/30/2024,349.0,357.9,349.0,357.0,2.29,44203.0,940.0,618.8
RADHI,10/1/2024,364.0,392.7,360.0,388.0,8.68,136601.0,940.0,618.8
RADHI,10/2/2024,393.0,395.7,378.0,383.0,-1.29,96818.0,940.0,618.8
RADHI,10/6/2024,378.0,401.0,375.4,401.0,4.7,60971.0,940.0,618.8
RADHI,10/7/2024,405.0,409.0,396.0,399.0,-0.5,76748.0,940.0,618.8
RADHI,10/8/2024,402.0,402.0,391.1,393.0,-1.5,34965.0,940.0,618.8
RADHI,10/9/2024,393.0,399.0,390.1,394.1,0.28,35603.0,940.0,618.8
RADHI,10/15/2024,395.0,402.9,395.0,402.0,2.0,31389.0,940.0,618.8
RADHI,10/16/2024,399.0,417.0,399.0,412.0,2.49,86662.0,940.0,618.8
RADHI,10/17/2024,418.8,422.7,410.5,414.0,0.49,121288.0,940.0,618.8
RADHI,10/20/2024,422.2,422.2,400.0,405.0,-2.17,124886.0,940.0,618.8
RADHI,10/21/2024,397.0,403.0,391.0,391.0,-3.46,59666.0,940.0,618.8
RADHI,10/22/2024,391.0,404.8,385.0,390.0,-0.26,62862.0,940.0,618.8
RADHI,10/23/2024,395.0,400.0,390.0,397.9,2.03,47165.0,940.0,618.8
RADHI,10/24/2024,395.0,402.9,392.6,399.0,0.28,49298.0,940.0,618.8
RADHI,10/27/2024,392.0,399.0,392.0,396.0,-0.75,34049.0,940.0,618.8
RADHI,10/28/2024,390.0,402.0,390.0,395.0,-0.25,31880.0,940.0,618.8
RADHI,10/29/2024,390.1,409.0,390.1,407.0,3.04,64019.0,940.0,618.8
RADHI,10/30/2024,408.1,411.0,398.0,407.5,0.12,61765.0,940.0,618.8
RADHI,11/5/2024,399.4,412.0,391.5,406.0,-0.37,29440.0,940.0,618.8
RADHI,11/6/2024,412.0,414.0,397.9,402.0,-0.99,32323.0,940.0,618.8
RADHI,11/10/2024,397.0,420.1,397.0,417.0,3.73,143616.0,940.0,618.8
RADHI,11/11/2024,425.3,425.3,405.0,414.0,-0.72,100585.0,940.0,618.8
RADHI,11/12/2024,409.0,416.3,403.7,404.4,-2.32,59215.0,940.0,618.8
RADHI,11/13/2024,400.1,413.0,397.7,409.9,1.36,76501.0,940.0,618.8
RADHI,11/14/2024,402.3,410.0,401.4,402.1,-1.9,70734.0,940.0,618.8
RADHI,11/17/2024,410.1,414.0,402.0,402.0,-0.02,82994.0,940.0,618.8
RADHI,11/19/2024,408.0,408.0,391.3,393.0,-2.24,72453.0,940.0,618.8
RADHI,11/20/2024,390.1,397.9,390.1,391.5,-0.38,50607.0,940.0,618.8
RADHI,11/21/2024,392.0,400.0,380.6,381.0,-2.68,69092.0,940.0,618.8
RADHI,11/24/2024,380.0,395.0,379.0,379.9,-0.29,59733.0,940.0,618.8
RADHI,11/25/2024,382.0,392.0,381.0,389.0,2.4,43279.0,940.0,618.8
RADHI,11/26/2024,396.7,396.7,389.0,393.0,1.03,32144.0,940.0,618.8
RADHI,11/27/2024,400.0,403.0,392.1,396.0,0.76,47299.0,940.0,618.8
RADHI,11/28/2024,403.9,403.9,385.0,388.9,-1.79,61490.0,940.0,618.8
RADHI,12/1/2024,381.2,390.0,376.2,386.0,-0.75,54687.0,940.0,618.8
RADHI,12/2/2024,393.7,401.6,388.5,390.0,1.04,100237.0,940.0,618.8
RADHI,12/3/2024,382.5,405.0,382.5,397.9,2.03,113609.0,940.0,618.8
RADHI,12/4/2024,390.1,410.8,390.1,407.0,2.29,124750.0,940.0,618.8
RADHI,12/5/2024,399.0,415.0,396.0,400.0,-1.72,85306.0,940.0,618.8
RADHI,12/8/2024,402.0,404.0,385.0,390.5,-2.38,83599.0,940.0,618.8
RADHI,12/9/2024,383.1,403.0,383.1,386.3,-1.08,47616.0,940.0,618.8
RADHI,12/10/2024,381.0,394.0,381.0,387.0,0.18,30001.0,940.0,618.8
RADHI,12/11/2024,380.1,399.0,380.1,399.0,3.1,48541.0,940.0,618.8
RADHI,12/12/2024,406.9,413.0,393.0,394.0,-1.25,172593.0,940.0,618.8
RADHI,12/16/2024,401.8,401.8,380.1,385.6,-2.13,37888.0,940.0,618.8
RADHI,12/17/2024,393.3,393.3,382.0,383.6,-0.52,33672.0,940.0,618.8
RADHI,12/18/2024,391.2,391.2,377.0,382.2,-0.36,92677.0,940.0,618.8
RADHI,12/19/2024,358.0,370.9,358.0,359.0,-6.07,36611.0,940.0,618.8
RADHI,12/22/2024,352.2,364.8,348.0,350.0,-2.51,32904.0,940.0,618.8
RADHI,12/23/2024,348.0,356.0,348.0,354.0,1.14,24319.0,940.0,618.8
RADHI,12/24/2024,350.0,361.0,350.0,357.4,0.96,34851.0,940.0,618.8
RADHI,12/26/2024,351.1,362.9,351.1,354.0,-0.95,21233.0,940.0,618.8
RADHI,12/29/2024,350.0,360.0,345.0,348.0,-1.69,25520.0,940.0,618.8
RADHI,12/31/2024,345.0,345.0,322.2,330.0,-5.17,106890.0,940.0,618.8
RADHI,1/1/2025,334.0,338.0,324.0,328.0,-0.61,24248.0,940.0,618.8
RADHI,1/2/2025,332.0,341.0,328.0,337.9,3.02,40935.0,940.0,618.8
RADHI,1/5/2025,337.0,338.9,333.4,336.0,-0.56,39332.0,940.0,618.8
RADHI,1/6/2025,340.0,354.0,338.8,351.5,4.61,49303.0,940.0,618.8
RADHI,1/7/2025,357.0,357.0,343.2,347.2,-1.22,52307.0,940.0,618.8
RADHI,1/8/2025,344.5,355.0,344.5,350.0,0.81,32665.0,940.0,618.8
RADHI,1/9/2025,354.9,356.5,347.9,356.0,1.71,56355.0,940.0,618.8
RADHI,1/12/2025,361.0,363.0,348.9,350.0,-1.69,22445.0,940.0,618.8
RADHI,1/13/2025,345.3,355.0,339.5,346.0,-1.14,31309.0,940.0,618.8
RADHI,1/15/2025,350.0,351.0,345.1,347.9,0.55,23765.0,940.0,618.8
RADHI,1/16/2025,347.9,353.7,343.1,345.0,-0.83,14812.0,940.0,618.8
RADHI,1/19/2025,350.0,350.3,340.2,346.0,0.29,29132.0,940.0,618.8
RADHI,1/20/2025,352.1,352.4,342.0,349.0,0.87,49262.0,940.0,618.8
RADHI,1/21/2025,343.1,353.9,343.1,348.9,-0.03,19050.0,940.0,618.8
RADHI,1/22/2025,345.0,360.0,342.0,355.0,1.75,64060.0,940.0,618.8
RADHI,1/23/2025,348.0,364.0,348.0,357.0,0.56,76993.0,940.0,618.8
RADHI,1/26/2025,355.0,380.0,355.0,376.9,5.57,125041.0,940.0,618.8
RADHI,1/27/2025,384.4,387.0,373.0,373.0,-1.03,95373.0,940.0,618.8
RADHI,1/28/2025,380.0,387.0,376.5,382.0,2.41,55964.0,940.0,618.8
RADHI,2/2/2025,387.0,397.0,382.0,395.0,3.4,146751.0,940.0,618.8
RADHI,2/3/2025,395.0,418.0,388.0,410.9,4.03,297571.0,940.0,618.8
RADHI,2/4/2025,402.7,425.0,402.7,418.0,1.73,255717.0,940.0,618.8
RADHI,2/5/2025,420.0,424.0,407.9,410.0,-1.91,149554.0,940.0,618.8
RADHI,2/6/2025,410.1,414.9,403.0,403.9,-1.49,140309.0,940.0,618.8
RADHI,2/9/2025,411.9,411.9,393.0,398.0,-1.46,77593.0,940.0,618.8
RADHI,2/10/2025,395.0,400.0,386.1,393.0,-1.26,89623.0,940.0,618.8
RADHI,2/11/2025,398.5,403.0,386.0,399.8,1.73,95643.0,940.0,618.8
RADHI,2/12/2025,407.0,407.0,399.3,402.0,0.55,121325.0,940.0,618.8
RADHI,2/13/2025,410.0,430.0,402.0,419.6,4.38,483864.0,940.0,618.8
RADHI,2/16/2025,425.0,425.0,413.0,416.0,-0.86,163597.0,940.0,618.8
RADHI,2/17/2025,408.0,424.4,408.0,411.9,-0.99,198045.0,940.0,618.8
RADHI,2/18/2025,410.1,416.0,403.1,408.9,-0.73,112022.0,940.0,618.8
RADHI,2/20/2025,404.0,409.8,401.4,404.3,-1.12,91058.0,940.0,618.8
RADHI,2/23/2025,397.0,412.0,390.0,402.0,-0.57,121652.0,940.0,618.8
RADHI,2/24/2025,410.0,410.0,399.0,404.0,0.5,89080.0,940.0,618.8
RADHI,2/25/2025,400.0,406.0,398.2,398.6,-1.34,63522.0,940.0,618.8
RADHI,2/27/2025,402.0,413.0,399.1,406.7,2.03,82106.0,940.0,618.8
RADHI,3/2/2025,414.8,421.2,399.0,418.1,2.8,122762.0,940.0,618.8
RADHI,3/3/2025,426.4,429.5,413.2,415.0,-0.74,212781.0,940.0,618.8
RADHI,3/4/2025,416.0,422.0,410.0,411.0,-0.96,125158.0,940.0,618.8
RADHI,3/5/2025,417.0,418.0,405.0,408.0,-0.73,110478.0,940.0,618.8
RADHI,3/6/2025,402.1,415.9,402.1,410.0,0.49,85694.0,940.0,618.8
RADHI,3/9/2025,405.0,413.0,402.1,402.9,-1.73,98599.0,940.0,618.8
RADHI,3/10/2025,398.0,416.0,398.0,398.4,-1.12,61805.0,940.0,618.8
RADHI,3/11/2025,406.3,406.3,393.0,399.9,0.38,90650.0,940.0,618.8
RADHI,3/12/2025,394.0,403.9,391.1,397.7,-0.55,62928.0,940.0,618.8
RADHI,3/16/2025,391.3,398.9,390.0,394.8,-0.73,42824.0,940.0,618.8
RADHI,3/17/2025,402.6,402.6,389.6,389.9,-1.24,35224.0,940.0,618.8
RADHI,3/18/2025,394.5,394.5,388.1,389.0,-0.23,38233.0,940.0,618.8
RADHI,3/19/2025,392.0,397.0,387.1,392.0,0.77,79216.0,940.0,618.8
RADHI,3/20/2025,391.0,402.0,391.0,398.48,1.65,87181.0,940.0,618.8
RADHI,3/23/2025,400.0,400.0,385.1,387.46,-2.77,81608.0,940.0,618.8
RADHI,3/24/2025,385.0,392.0,382.3,388.01,0.14,25333.0,940.0,618.8
RADHI,3/25/2025,385.1,390.0,373.0,373.66,-3.7,94367.0,940.0,618.8
RADHI,3/26/2025,381.0,387.0,375.1,382.44,2.35,20406.0,940.0,618.8
RADHI,3/27/2025,382.0,390.0,380.0,387.41,1.3,33745.0,940.0,618.8
RADHI,3/30/2025,387.0,402.0,387.0,390.49,0.8,120726.0,940.0,618.8
RADHI,4/1/2025,391.0,409.9,388.1,407.21,4.28,155654.0,940.0,618.8
RADHI,4/2/2025,407.0,425.0,403.1,420.01,3.14,381728.0,940.0,618.8
RADHI,4/3/2025,412.0,449.8,412.0,440.61,4.9,747642.0,940.0,618.8
RADHI,4/7/2025,445.0,456.9,440.0,447.12,1.48,630294.0,940.0,618.8
RADHI,4/8/2025,446.0,446.0,433.0,441.92,-1.16,411860.0,940.0,618.8
RADHI,4/9/2025,443.0,455.8,441.0,450.7,1.99,454504.0,940.0,618.8
RADHI,4/10/2025,456.0,483.3,450.0,471.64,4.65,764195.0,940.0,618.8
RADHI,4/13/2025,480.0,496.0,475.2,494.32,4.81,894510.0,940.0,618.8
RADHI,4/15/2025,504.2,505.0,479.3,482.48,-2.4,732573.0,940.0,618.8
RADHI,4/16/2025,485.0,530.7,485.0,530.58,9.97,984197.0,940.0,618.8
RADHI,4/17/2025,541.0,570.0,535.5,539.18,1.62,685041.0,940.0,618.8
RADHI,4/20/2025,549.9,582.0,530.0,571.16,5.93,1243539.0,940.0,618.8
RADHI,4/21/2025,582.0,584.0,559.6,562.3,-1.55,519938.0,940.0,618.8
RADHI,4/22/2025,568.0,581.0,550.0,553.94,-1.49,629601.0,940.0,618.8
RADHI,4/23/2025,561.0,585.0,546.0,577.95,4.33,1039659.0,940.0,618.8
RADHI,4/24/2025,586.5,625.2,578.0,616.56,6.68,948148.0,940.0,618.8
RADHI,4/27/2025,624.0,642.6,618.0,627.17,1.72,892650.0,940.0,618.8
RADHI,4/28/2025,634.9,635.0,614.0,618.05,-1.45,724284.0,940.0,618.8
RADHI,4/29/2025,618.05,665.0,618.05,661.3,7.0,720670.0,940.0,618.8
RADHI,4/30/2025,648.1,699.7,648.1,667.89,1.0,869518.0,940.0,618.8
RADHI,5/4/2025,672.0,672.5,647.0,651.66,-2.43,780400.0,940.0,618.8
RADHI,5/5/2025,661.6,700.5,646.0,699.37,7.32,1114755.0,940.0,618.8
RADHI,5/6/2025,710.9,720.0,692.0,697.24,-0.3,542259.0,940.0,618.8
RADHI,5/7/2025,697.0,722.0,695.0,713.44,2.32,608727.0,940.0,618.8
RADHI,5/8/2025,699.2,739.8,699.0,703.24,-1.43,603601.0,940.0,618.8
RADHI,5/11/2025,717.0,747.0,704.6,736.58,4.74,899951.0,940.0,618.8
RADHI,5/13/2025,740.0,769.0,740.0,752.22,2.12,611658.0,940.0,618.8
RADHI,5/14/2025,737.2,763.0,711.0,714.8,-4.97,811135.0,940.0,618.8
RADHI,5/15/2025,729.0,734.0,708.0,716.86,0.29,613029.0,940.0,618.8
RADHI,5/18/2025,702.6,739.0,686.0,690.03,-3.74,688174.0,940.0,618.8
RADHI,5/19/2025,700.0,730.0,693.0,724.24,4.96,836912.0,940.0,618.8
RADHI,5/20/2025,712.0,757.0,712.0,747.56,3.22,562466.0,940.0,618.8
RADHI,5/21/2025,762.5,780.0,748.0,773.75,3.5,925606.0,940.0,618.8
RADHI,5/22/2025,758.3,792.0,755.1,768.65,-0.66,784158.0,940.0,618.8
RADHI,5/25/2025,780.0,796.1,760.1,791.76,3.01,917496.0,940.0,618.8
RADHI,5/26/2025,800.0,814.4,790.0,801.77,1.26,799549.0,940.0,618.8
RADHI,5/27/2025,801.0,813.0,790.0,793.57,-1.02,592187.0,940.0,618.8
RADHI,5/28/2025,809.4,809.4,775.4,780.96,-1.59,763046.0,940.0,618.8
RADHI,6/2/2025,782.0,795.0,765.0,771.41,-1.22,838753.0,940.0,618.8
RADHI,6/3/2025,786.0,797.5,771.0,778.96,0.98,765919.0,940.0,618.8
RADHI,6/4/2025,780.1,793.7,776.2,786.45,0.96,379897.0,940.0,618.8
RADHI,6/5/2025,790.0,850.0,785.0,845.87,7.56,1119113.0,940.0,618.8
RADHI,6/8/2025,845.0,850.0,820.0,824.41,-2.54,874768.0,940.0,618.8
RADHI,6/9/2025,824.4,843.0,816.0,826.55,0.26,750435.0,940.0,618.8
RADHI,6/10/2025,843.0,843.0,820.1,823.2,-0.41,561434.0,940.0,618.8
RADHI,6/11/2025,829.9,864.6,825.1,844.45,2.58,727159.0,940.0,618.8
RADHI,6/12/2025,861.3,866.0,838.0,840.59,-0.46,638035.0,940.0,618.8
RADHI,6/15/2025,857.0,865.0,828.9,831.1,-1.13,600333.0,940.0,618.8
RADHI,6/16/2025,840.0,844.0,802.0,805.88,-3.03,660373.0,940.0,618.8
RADHI,6/17/2025,820.9,836.0,806.0,829.78,2.97,464520.0,940.0,618.8
RADHI,6/18/2025,846.3,854.0,830.1,835.89,0.74,352422.0,940.0,618.8
RADHI,6/19/2025,840.0,845.0,810.1,812.92,-2.75,431363.0,940.0,618.8
RADHI,6/22/2025,829.1,829.1,784.0,786.95,-3.19,617849.0,940.0,618.8
RADHI,6/23/2025,802.6,835.0,785.0,825.22,4.86,640106.0,940.0,618.8
RADHI,6/24/2025,841.0,841.0,798.0,803.9,-2.58,293864.0,940.0,618.8
RADHI,6/25/2025,819.9,819.9,791.2,800.28,-0.45,310295.0,940.0,618.8
RADHI,6/26/2025,784.3,810.0,780.1,781.11,-2.4,497210.0,940.0,618.8
RADHI,6/29/2025,770.0,793.0,770.0,777.06,-0.52,272748.0,940.0,618.8
RADHI,6/30/2025,774.2,790.0,773.4,781.34,0.55,188005.0,940.0,618.8
RADHI,7/1/2025,796.9,818.0,781.0,804.73,2.99,564638.0,940.0,618.8
RADHI,7/2/2025,820.8,820.8,791.4,793.88,-1.35,339306.0,940.0,618.8
RADHI,7/3/2025,795.0,796.0,778.0,780.04,-1.74,295094.0,940.0,618.8
RADHI,7/6/2025,783.0,790.0,770.0,772.76,-0.93,180578.0,940.0,618.8
RADHI,7/7/2025,765.0,785.0,765.0,769.95,-0.36,183026.0,940.0,618.8
RADHI,7/8/2025,754.6,794.0,754.6,788.79,2.45,293773.0,940.0,618.8
RADHI,7/9/2025,804.5,820.0,788.5,791.3,0.32,582106.0,940.0,618.8
RADHI,7/10/2025,795.0,797.9,776.1,779.41,-1.5,216736.0,940.0,618.8
RADHI,7/13/2025,794.9,794.9,765.0,766.23,-1.69,287277.0,940.0,618.8
RADHI,7/14/2025,781.5,781.5,761.1,763.78,-0.32,204916.0,940.0,618.8
RADHI,7/15/2025,750.0,809.5,750.0,802.3,5.04,551457.0,940.0,618.8
RADHI,7/16/2025,809.8,831.0,803.0,810.24,0.99,694292.0,940.0,618.8
RADHI,7/17/2025,826.4,851.0,820.0,832.96,2.8,676717.0,940.0,618.8
RADHI,7/20/2025,849.6,849.6,808.0,812.53,-2.45,558110.0,940.0,618.8
RADHI,7/21/2025,826.0,826.0,795.0,809.27,-0.4,367590.0,940.0,618.8
RADHI,7/22/2025,825.4,825.4,810.0,810.6,0.16,378671.0,940.0,618.8
RADHI,7/23/2025,810.7,823.0,807.7,813.64,0.38,367552.0,940.0,618.8
RADHI,7/24/2025,816.1,885.0,816.0,870.54,6.99,898348.0,940.0,618.8
RADHI,7/27/2025,870.5,905.6,851.0,851.96,-2.13,575630.0,940.0,618.8
RADHI,7/28/2025,850.0,865.0,839.0,845.76,-0.73,371808.0,940.0,618.8
RADHI,7/29/2025,860.0,884.1,845.0,848.24,0.29,577425.0,940.0,618.8
RADHI,7/30/2025,865.0,865.0,825.1,828.23,-2.36,369352.0,940.0,618.8
RADHI,7/31/2025,811.7,842.0,811.7,821.25,-0.84,234509.0,940.0,618.8
RADHI,8/3/2025,825.0,832.0,809.0,811.12,-1.23,208380.0,940.0,618.8
RADHI,8/4/2025,827.3,827.3,800.0,806.31,-0.59,157701.0,940.0,618.8
RADHI,8/5/2025,817.9,817.9,778.0,783.08,-2.88,188175.0,940.0,618.8
RADHI,8/6/2025,795.0,806.0,783.0,792.02,1.14,164128.0,940.0,618.8
RADHI,8/7/2025,800.0,804.0,794.0,797.27,0.66,156996.0,940.0,618.8
RADHI,8/11/2025,810.4,810.4,765.0,768.71,-3.58,121012.0,940.0,618.8
RADHI,8/12/2025,784.0,784.0,757.2,762.28,-0.84,133340.0,940.0,618.8
RADHI,8/13/2025,776.3,776.3,760.1,764.22,0.25,121358.0,940.0,618.8
RADHI,8/14/2025,776.0,800.0,763.6,798.08,4.43,265370.0,940.0,618.8
RADHI,8/17/2025,813.7,813.7,771.0,772.43,-3.21,193245.0,940.0,618.8
RADHI,8/18/2025,783.0,783.0,768.0,776.02,0.46,75769.0,940.0,618.8
RADHI,8/19/2025,791.1,791.1,760.0,767.34,-1.12,265372.0,940.0,618.8
RADHI,8/20/2025,782.2,782.2,767.0,769.34,0.26,157783.0,940.0,618.8
RADHI,8/21/2025,767.9,773.0,763.0,766.87,-0.32,82287.0,940.0,618.8
RADHI,8/24/2025,766.0,774.0,745.0,752.34,-1.89,146502.0,940.0,618.8
RADHI,8/25/2025,760.0,765.0,742.0,756.85,0.6,235342.0,940.0,618.8
RADHI,8/26/2025,759.9,764.9,755.0,756.21,-0.08,62620.0,940.0,618.8
RADHI,8/27/2025,771.3,780.0,757.0,775.56,2.56,133264.0,940.0,618.8
RADHI,8/28/2025,778.5,787.9,760.0,761.34,-1.83,165617.0,940.0,618.8
RADHI,8/31/2025,760.0,769.0,751.1,756.05,-0.69,80465.0,940.0,618.8
RADHI,9/1/2025,771.0,771.0,753.0,762.62,0.87,79974.0,940.0,618.8
RADHI,9/2/2025,760.0,766.0,755.0,758.05,-0.6,61303.0,940.0,618.8
RADHI,9/3/2025,742.9,759.8,742.9,753.36,-0.62,85176.0,940.0,618.8
RADHI,9/4/2025,768.4,768.4,749.2,762.11,1.16,80933.0,940.0,618.8
RADHI,9/7/2025,777.3,777.3,759.0,760.75,-0.18,115016.0,940.0,618.8
RADHI,9/8/2025,775.9,775.9,750.1,752.11,-1.14,97982.0,940.0,618.8
RADHI,9/18/2025,737.1,737.1,695.0,709.0,-5.73,32686.0,940.0,618.8
RADHI,9/21/2025,694.9,750.0,694.9,740.92,4.5,157100.0,940.0,618.8
RADHI,9/23/2025,740.0,766.9,740.0,761.0,2.71,105869.0,940.0,618.8
RADHI,9/24/2025,776.0,776.0,742.0,755.0,-0.79,76306.0,940.0,618.8
RADHI,9/25/2025,770.1,770.1,745.0,746.0,-1.19,46845.0,940.0,618.8
RADHI,9/28/2025,760.0,760.0,745.0,751.0,0.67,57305.0,940.0,618.8
RADHI,10/7/2025,766.0,766.0,701.0,709.0,-5.59,145205.0,940.0,618.8
RADHI,10/8/2025,723.1,723.1,686.7,690.0,-2.68,127352.0,940.0,618.8
RADHI,10/9/2025,703.8,728.9,690.2,694.0,0.58,110975.0,940.0,618.8
RADHI,10/12/2025,707.8,707.8,630.0,635.0,-8.5,254238.0,940.0,618.8
RADHI,10/13/2025,647.0,670.0,635.0,670.0,5.51,116917.0,940.0,618.8
RADHI,10/14/2025,673.0,677.8,648.0,660.0,-1.49,97188.0,940.0,618.8
RADHI,10/15/2025,655.0,657.0,640.0,642.0,-2.73,115399.0,940.0,618.8
RADHI,10/16/2025,654.8,654.8,631.0,631.6,-1.62,91798.0,940.0,618.8
RADHI,10/19/2025,644.2,646.9,618.8,639.0,1.17,66641.0,940.0,618.8
RADHI,10/26/2025,639.0,661.0,636.0,659.7,3.24,91244.0,940.0,618.8
RADHI,10/28/2025,659.0,725.6,658.9,723.0,9.6,312700.0,940.0,618.8
RADHI,10/29/2025,709.0,748.5,709.0,728.0,0.69,304365.0,940.0,618.8
RADHI,10/30/2025,714.0,774.4,714.0,767.0,5.36,497142.0,940.0,618.8
RADHI,11/2/2025,782.0,787.0,755.1,755.1,-1.55,317605.0,940.0,618.8
RADHI,11/3/2025,769.0,780.0,751.1,775.0,2.64,321965.0,940.0,618.8
RADHI,11/4/2025,790.5,800.0,766.1,770.0,-0.65,287357.0,940.0,618.8
RADHI,11/5/2025,785.4,802.0,766.0,796.0,3.38,402698.0,940.0,618.8
RADHI,11/6/2025,811.9,813.0,790.0,792.0,-0.5,384633.0,940.0,618.8
RADHI,11/9/2025,807.8,807.8,775.1,777.0,-1.89,277297.0,940.0,618.8
RADHI,11/10/2025,792.5,792.5,766.0,779.0,0.26,228008.0,940.0,618.8
RADHI,11/11/2025,794.0,794.5,762.4,769.0,-1.28,418689.0,940.0,618.8
RADHI,11/12/2025,765.0,774.0,740.0,745.0,-3.12,294796.0,940.0,618.8
RADHI,11/13/2025,759.9,759.9,733.1,740.0,-0.67,126253.0,940.0,618.8
RADHI,11/16/2025,754.8,754.8,720.4,722.0,-2.43,112346.0,940.0,618.8
RADHI,11/17/2025,736.4,759.8,712.0,750.1,3.89,206685.0,940.0,618.8
RADHI,11/18/2025,765.1,771.0,749.0,749.0,-0.15,127990.0,940.0,618.8
RADHI,11/19/2025,763.9,763.9,740.0,743.0,-0.8,213662.0,940.0,618.8
RADHI,11/20/2025,757.0,758.0,730.0,747.0,0.54,153662.0,940.0,618.8
RADHI,11/23/2025,748.0,776.5,748.0,769.0,2.95,284912.0,940.0,618.8
RADHI,11/24/2025,784.3,784.3,764.0,769.0,0.0,188899.0,940.0,618.8
RADHI,11/25/2025,784.3,784.3,754.0,769.0,0.0,129174.0,940.0,618.8
RADHI,11/26/2025,784.0,784.0,747.0,749.0,-2.6,184861.0,940.0,618.8
RADHI,11/27/2025,763.9,763.9,743.0,744.9,-0.55,111779.0,940.0,618.8
RADHI,11/30/2025,759.7,759.7,735.0,737.1,-1.05,128864.0,940.0,618.8
RADHI,12/1/2025,751.8,751.8,731.3,733.0,-0.56,77961.0,940.0,618.8
RADHI,12/2/2025,745.0,745.0,736.0,738.6,0.76,49368.0,940.0,618.8
RADHI,12/3/2025,753.0,753.0,730.0,735.0,-0.49,102123.0,940.0,618.8
RADHI,12/7/2025,731.0,734.0,722.0,724.0,-1.5,83963.0,940.0,618.8
RADHI,12/8/2025,738.4,738.4,716.3,717.1,-0.95,125803.0,940.0,618.8
RADHI,12/9/2025,711.1,735.0,711.1,731.0,1.94,137040.0,940.0,618.8
RADHI,12/10/2025,739.0,741.2,725.0,725.3,-0.78,69244.0,940.0,618.8
RADHI,12/11/2025,721.0,732.8,719.5,722.2,-0.43,50101.0,940.0,618.8
RADHI,12/14/2025,718.1,730.0,714.0,720.0,-0.3,88741.0,940.0,618.8
RADHI,12/15/2025,713.5,724.0,713.5,721.0,0.14,53450.0,940.0,618.8
RADHI,12/16/2025,720.0,725.0,710.0,721.0,0.0,102396.0,940.0,618.8
RADHI,12/17/2025,719.1,734.0,719.1,732.9,1.65,127945.0,940.0,618.8
RADHI,12/18/2025,747.0,753.0,730.0,748.0,2.06,246124.0,940.0,618.8
RADHI,12/21/2025,738.0,750.0,733.3,735.0,-1.74,105447.0,940.0,618.8
RADHI,12/22/2025,740.0,740.0,721.0,725.0,-1.36,77381.0,940.0,618.8
RADHI,12/23/2025,730.0,730.0,721.2,725.0,0.0,55091.0,940.0,618.8
RADHI,12/24/2025,739.0,739.0,726.0,730.0,0.69,64165.0,940.0,618.8
RADHI,12/28/2025,734.0,757.0,730.1,753.0,3.15,136618.0,940.0,618.8
RADHI,12/29/2025,759.9,761.0,743.0,749.7,-0.44,98006.0,940.0,618.8
RADHI,12/31/2025,744.4,759.1,744.4,754.0,0.57,115779.0,940.0,618.8
RADHI,1/1/2026,747.1,760.0,743.0,745.0,-1.19,97829.0,940.0,618.8
RADHI,1/4/2026,737.0,750.8,730.4,733.0,-1.61,57683.0,940.0,618.8
RADHI,1/5/2026,737.0,754.9,731.2,750.0,2.32,124857.0,940.0,618.8
RADHI,1/6/2026,751.0,771.0,750.5,764.7,1.96,231496.0,940.0,618.8
RADHI,1/7/2026,779.9,779.9,753.5,753.5,-1.46,132986.0,940.0,618.8
RADHI,1/8/2026,753.5,770.0,750.3,763.0,1.26,151349.0,940.0,618.8
RADHI,1/12/2026,778.2,789.9,769.0,788.0,3.28,405871.0,940.0,618.8
RADHI,1/13/2026,794.7,820.0,790.1,819.0,3.93,674600.0,940.0,618.8
RADHI,1/14/2026,833.0,833.0,796.0,802.0,-2.08,324761.0,940.0,618.8
RADHI,1/18/2026,813.0,814.0,792.6,792.7,-1.16,310404.0,940.0,618.8
RADHI,1/20/2026,808.5,825.0,802.0,820.5,3.51,477973.0,940.0,618.8
RADHI,1/21/2026,836.0,836.0,810.0,815.0,-0.67,344026.0,940.0,618.8
RADHI,1/22/2026,822.0,823.0,801.1,805.0,-1.23,211263.0,940.0,618.8
RADHI,1/25/2026,811.0,820.0,804.1,811.0,0.75,317426.0,940.0,618.8
RADHI,1/26/2026,811.0,824.3,805.1,810.0,-0.12,361837.0,940.0,618.8
RADHI,1/27/2026,819.0,854.9,815.0,827.0,2.1,687523.0,940.0,618.8
RADHI,1/28/2026,836.0,869.0,834.9,863.0,4.35,639015.0,940.0,618.8
RADHI,1/29/2026,880.0,889.0,848.0,860.0,-0.35,497203.0,940.0,618.8
RADHI,2/1/2026,869.9,870.0,838.0,845.0,-1.74,458748.0,940.0,618.8
RADHI,2/2/2026,828.1,859.9,828.1,844.0,-0.12,333893.0,940.0,618.8
RADHI,2/3/2026,827.2,854.0,827.2,836.0,-0.95,246150.0,940.0,618.8
RADHI,2/4/2026,852.7,864.9,840.0,850.0,1.67,308443.0,940.0,618.8
RADHI,2/5/2026,833.0,895.4,833.0,875.0,2.94,654099.0,940.0,618.8
RADHI,2/8/2026,885.0,894.0,877.1,886.0,1.26,497610.0,940.0,618.8
RADHI,2/9/2026,880.1,885.0,855.8,862.0,-2.71,311170.0,940.0,618.8
RADHI,2/10/2026,865.0,870.0,850.0,852.8,-1.07,333691.0,940.0,618.8
RADHI,2/11/2026,862.0,863.0,838.0,848.0,-0.56,228817.0,940.0,618.8
RADHI,2/12/2026,831.1,855.0,831.1,845.0,-0.35,269454.0,940.0,618.8
RADHI,2/16/2026,828.1,855.0,828.1,845.0,0.0,163075.0,940.0,618.8
RADHI,2/17/2026,848.0,848.8,830.1,831.7,-1.57,222802.0,940.0,618.8
RADHI,2/22/2026,835.0,845.0,827.5,840.0,1.0,215666.0,940.0,618.8
RADHI,2/23/2026,844.8,850.1,835.0,847.9,0.94,176577.0,940.0,618.8
RADHI,2/24/2026,831.0,859.0,831.0,855.6,0.91,188890.0,940.0,618.8
RADHI,2/25/2026,851.1,863.9,850.0,850.0,-0.65,112176.0,940.0,618.8
RADHI,2/26/2026,852.0,853.0,846.2,849.0,-0.12,127962.0,940.0,618.8
RADHI,2/27/2026,852.0,853.0,846.2,849.0,0.0,127962.0,940.0,618.8
RADHI,2/28/2026,852.0,853.0,846.2,849.0,0.0,127962.0,940.0,618.8
RADHI,3/2/2026,840.0,857.0,838.3,856.9,0.93,424938.0,940.0,618.8
RADHI,3/3/2026,874.0,880.0,846.2,873.5,1.94,239141.0,940.0,618.8
RADHI,3/4/2026,874.0,880.0,846.2,873.5,0.0,239141.0,940.0,618.8
RADHI,3/5/2026,874.0,880.0,846.2,873.5,0.0,239141.0,940.0,618.8
RADHI,3/6/2026,874.0,880.0,846.2,873.5,0.0,239141.0,940.0,618.8
RADHI,3/7/2026,874.0,880.0,846.2,873.5,0.0,239141.0,940.0,618.8
RADHI,3/8/2026,874.0,880.0,846.2,873.5,0.0,239141.0,940.0,618.8
RADHI,3/9/2026,890.9,940.0,890.9,920.0,5.32,24345.0,940.0,618.8
RADHI,3/10/2026,922.0,922.0,883.6,897.0,-2.5,511932.0,940.0,618.8
RADHI,3/11/2026,914.9,914.9,875.0,875.0,-2.45,283579.0,940.0,618.8
RADHI,3/12/2026,875.0,887.9,874.5,874.5,-0.06,276580.0,940.0,618.8
RADHI,3/13/2026,875.0,887.9,874.5,874.5,0.0,276580.0,940.0,618.8
RADHI,3/14/2026,875.0,887.9,874.5,874.5,0.0,276580.0,940.0,618.8
RADHI,3/15/2026,857.1,905.0,857.1,900.0,2.92,510800.0,940.0,618.8
RADHI,3/16/2026,900.0,909.8,880.0,888.0,-1.33,182681.0,940.0,618.8
RADHI,3/17/2026,878.1,896.0,873.0,882.0,-0.68,155640.0,940.0,618.8
RADHI,3/18/2026,878.1,896.0,873.0,882.0,0.0,155640.0,940.0,618.8
RADHI,3/19/2026,875.0,897.0,875.0,884.5,0.28,316006.0,940.0,618.8
RADHI,3/20/2026,875.0,897.0,875.0,884.5,0.0,316006.0,940.0,618.8
RADHI,3/21/2026,875.0,897.0,875.0,884.5,0.0,316006.0,940.0,618.8
RADHI,3/22/2026,866.9,910.0,866.9,877.3,-0.81,289526.0,940.0,618.8
RADHI,3/23/2026,880.0,885.0,867.1,878.0,0.08,222605.0,940.0,618.8
RADHI,3/24/2026,890.0,915.0,888.2,905.0,3.08,746092.0,940.0,618.8
RADHI,3/25/2026,908.0,922.0,894.0,899.9,-0.56,369645.0,940.0,618.8
RADHI,3/26/2026,899.0,902.9,890.2,897.0,-0.22,258398.0,940.0,618.8
RADHI,3/29/2026,900.0,904.0,870.0,872.0,-3.11,397284.0,940.0,618.8
RADHI,3/30/2026,889.4,889.4,850.3,864.5,-2.8,304523.0,940.0,618.8
RADHI,3/31/2026,881.7,881.7,845.0,854.0,-3.14,299105.0,940.0,618.8
RADHI,4/1/2026,837.0,853.0,810.0,823.0,-1.67,258655.0,940.0,618.8
RADHI,4/2/2026,820.0,843.0,811.0,821.0,0.12,168981.0,940.0,618.8
RADHI,4/5/2026,805.0,811.0,771.0,776.0,-3.6,296038.0,940.0,618.8
RADHI,4/6/2026,787.0,819.0,779.0,809.5,2.86,161644.0,940.0,618.8
RADHI,4/7/2026,815.0,824.9,800.5,809.0,-0.74,108105.0,940.0,618.8
RADHI,4/8/2026,815.0,825.0,808.0,825.0,1.23,141394.0,940.0,618.8
RADHI,4/9/2026,825.0,842.0,817.1,840.0,1.82,132099.0,940.0,618.8
RADHI,4/10/2026,845.0,845.0,820.0,825.1,-2.36,162553.0,940.0,618.8
RADHI,4/13/2026,825.2,833.0,812.0,812.0,-1.6,104467.0,940.0,618.8
RADHI,4/15/2026,820.0,832.6,816.3,825.0,0.61,127361.0,940.0,618.8
RADHI,4/16/2026,825.0,827.2,808.1,814.5,-1.27,116129.0,940.0,618.8
RADHI,4/17/2026,815.0,819.0,798.1,806.0,-1.1,101556.0,940.0,618.8
RADHI,4/20/2026,765.7,811.0,765.7,799.8,4.45,57776.0,940.0,618.8
RADHI,4/21/2026,759.9,810.0,759.9,794.0,4.49,53081.0,940.0,618.8
RADHI,4/22/2026,790.0,805.3,775.0,803.0,1.65,105077.0,940.0,618.8
RADHI,4/23/2026,762.9,824.0,762.9,789.0,3.42,46925.0,940.0,618.8
RADHI,4/24/2026,795.0,795.0,775.0,790.0,-0.63,36399.0,940.0,618.8
RADHI,4/27/2026,802.3,802.3,780.0,789.0,-1.66,12908.0,940.0,618.8
RADHI,4/28/2026,775.5,798.0,775.1,780.0,0.58,56765.0,940.0,618.8
RADHI,4/29/2026,780.0,775.0,755.0,764.8,-1.95,57510.0,940.0,618.8
RADHI,4/30/2026,745.1,758.9,722.8,754.0,1.19,65157.0,940.0,618.8
RADHI,5/4/2026,760.0,760.0,727.2,730.0,-3.95,71350.0,940.0,618.8
RADHI,5/5/2026,729.0,745.0,719.0,740.0,1.51,49201.0,940.0,618.8
RADHI,5/6/2026,740.0,744.0,734.0,735.9,-0.55,23443.0,940.0,618.8
RADHI,5/7/2026,737.0,747.9,733.2,747.0,1.36,22944.0,940.0,618.8
RADHI,5/8/2026,784.3,784.3,734.0,769.9,-1.84,18066.0,940.0,618.8
RADHI,5/11/2026,781.0,781.0,770.0,780.0,-0.13,39669.0,940.0,618.8
RADHI,5/12/2026,745.0,788.0,745.0,752.0,0.94,80720.0,940.0,618.8
RADHI,5/13/2026,759.3,760.0,746.0,760.0,0.09,16363.0,940.0,618.8
RADHI,5/14/2026,768.0,768.0,747.1,758.8,-1.2,43777.0,940.0,618.8
RADHI,5/15/2026,746.1,763.9,746.1,761.0,2.0,12307.0,940.0,618.8
RADHI,5/18/2026,750.0,765.0,750.0,759.0,1.2,30733.0,940.0,618.8
RADHI,5/19/2026,752.0,757.9,751.0,756.0,0.53,20648.0,940.0,618.8
RADHI,5/20/2026,752.0,770.0,752.0,769.9,2.38,28721.0,940.0,618.8
RADHI,5/21/2026,763.0,775.0,763.0,773.0,1.31,37613.0,940.0,618.8
RADHI,5/22/2026,780.0,785.0,767.3,783.0,0.38,41060.0,940.0,618.8
RADHI,5/25/2026,785.0,805.0,780.0,803.1,2.31,63113.0,940.0,618.8
RADHI,5/26/2026,800.0,802.0,787.0,792.0,-1.0,54061.0,940.0,618.8
RADHI,5/27/2026,795.0,795.0,775.1,785.0,-1.26,91971.0,940.0,618.8
RADHI,6/1/2026,772.0,789.0,765.0,770.0,-0.26,49919.0,940.0,618.8
RADHI,6/2/2026,760.1,775.0,760.1,775.0,1.96,35420.0,940.0,618.8
RADHI,6/3/2026,780.0,785.0,772.2,777.9,-0.27,106089.0,940.0,618.8
RADHI,6/4/2026,780.0,785.0,770.0,778.0,-0.26,61846.0,940.0,618.8
RADHI,6/5/2026,778.0,778.0,767.0,774.0,-0.51,35238.0,940.0,618.8
RADHI,6/8/2026,785.0,785.0,751.0,751.0,-4.33,40115.0,940.0,618.8
RADHI,6/9/2026,788.5,788.5,738.0,755.0,-4.25,129519.0,940.0,618.8
RADHI,6/10/2026,764.0,765.0,747.2,749.0,-1.96,59224.0,940.0,618.8
RADHI,6/11/2026,760.0,760.0,745.0,754.9,-0.67,35806.0,940.0,618.8
RADHI,6/12/2026,792.6,792.6,745.0,746.0,-5.88,10648.0,940.0,618.8
RADHI,6/15/2026,746.1,750.0,736.0,750.0,0.52,35087.0,940.0,618.8
RADHI,6/16/2026,787.5,787.5,732.5,740.0,-6.03,35337.0,940.0,618.8
RADHI,6/17/2026,740.0,746.0,738.0,742.9,0.39,37147.0,940.0,618.8
RADHI,6/18/2026,780.0,780.0,730.1,738.0,-5.38,43219.0,940.0,618.8
RADHI,6/19/2026,740.0,745.0,728.0,745.0,0.68,17332.0,940.0,618.8
RADHI,6/22/2026,745.0,750.0,737.1,745.0,0.0,33028.0,940.0,618.8
RADHI,6/23/2026,731.1,743.0,730.0,734.9,0.52,20050.0,940.0,618.8
RADHI,6/24/2026,727.6,730.9,720.3,729.0,0.19,56919.0,940.0,618.8
RADHI,6/26/2026,726.0,742.0,723.1,729.0,0.41,22868.0,940.0,618.8
RADHI,6/29/2026,729.0,729.0,710.0,717.8,-1.54,46448.0,940.0,618.8
RADHI,6/30/2026,712.3,712.5,697.1,700.0,-1.73,35098.0,940.0,618.8
RADHI,7/1/2026,680.0,725.0,680.0,722.0,6.18,119315.0,940.0,618.8
RADHI,7/2/2026,722.0,725.0,702.0,720.0,-0.28,29147.0,940.0,618.8
RADHI,7/3/2026,720.0,733.0,712.0,720.0,0.0,44335.0,940.0,618.8
RADHI,7/6/2026,701.0,710.0,701.0,706.0,0.71,44897.0,940.0,618.8
RADHI,7/7/2026,680.0,715.0,680.0,710.0,4.41,41487.0,940.0,618.8
RADHI,7/8/2026,720.0,720.0,698.1,703.0,-2.36,29386.0,940.0,618.8
RADHI,7/9/2026,702.9,717.9,695.2,705.0,0.3,16347.0,940.0,618.8
RADHI,7/10/2026,670.0,763.2,670.0,710.0,5.97,52400.0,940.0,618.8
RADHI,7/13/2026,705.0,724.9,686.2,693.3,-1.66,43019.0,940.0,618.8
RADHI,7/14/2026,705.0,705.0,683.9,695.0,-1.42,34937.0,940.0,618.8
RADHI,7/15/2026,695.0,759.3,695.0,708.0,1.87,53843.0,940.0,618.8
RADHI,7/16/2026,708.0,718.0,690.3,700.0,-1.13,24647.0,940.0,618.8
RADHI,7/17/2026,735.0,740.0,710.2,737.5,0.34,88960.0,940.0,618.8
RADHI,7/20/2026,753.0,766.0,733.1,764.9,1.58,120520.0,940.0,618.8
RADHI,7/21/2026,764.9,779.0,751.0,762.5,-0.31,121806.0,940.0,618.8
RADHI,7/22/2026,745.0,764.0,745.0,745.1,0.01,114815.0,940.0,618.8
RADHI,7/23/2026,720.0,763.8,720.0,754.0,4.72,65510.0,940.0,618.8
RADHI,7/24/2026,721.0,766.8,721.0,755.0,4.72,114801.0,940.0,618.8
RADHI,7/27/2026,720.0,763.2,720.0,740.0,2.78,46649.0,940.0,618.8
RADHI,7/28/2026,777.0,777.0,725.0,744.0,-4.25,29341.0,940.0,618.8
RADHI,7/29/2026,706.9,748.0,706.9,737.0,4.26,30721.0,940.0,618.8
RADHI,7/30/2026,700.3,742.0,700.3,724.9,3.51,57946.0,940.0,618.8
RADHI,7/31/2026,725.0,729.0,714.0,729.0,0.55,50725.0,940.0,618.8
RADHI,8/3/2026,700.0,742.6,700.0,730.0,4.29,46959.0,940.0,618.8
RADHI,8/4/2026,723.0,723.0,710.2,720.0,-0.41,27910.0,940.0,618.8
RADHI,8/5/2026,710.0,719.9,705.0,716.0,0.85,71244.0,940.0,618.8
RADHI,8/6/2026,745.0,745.0,702.0,715.0,-4.03,25197.0,940.0,618.8
RADHI,8/7/2026,719.0,725.0,705.0,711.0,-1.11,64637.0,940.0,618.8
RADHI,8/10/2026,710.9,724.0,704.1,705.0,-0.83,17998.0,940.0,618.8
RADHI,8/11/2026,670.0,725.0,670.0,716.8,6.99,38611.0,940.0,618.8
RADHI,8/12/2026,700.0,730.0,700.0,729.8,4.26,142030.0,940.0,618.8
RADHI,8/13/2026,766.2,766.2,717.5,720.0,-6.03,37315.0,940.0,618.8
RADHI,8/14/2026,712.0,728.5,712.0,724.0,1.69,118154.0,940.0,618.8
RADHI,8/17/2026,700.0,729.1,700.0,717.0,2.43,58828.0,940.0,618.8
RADHI,8/18/2026,708.0,725.0,703.3,712.0,0.56,58146.0,940.0,618.8
RADHI,8/19/2026,712.0,712.0,702.0,708.0,-0.56,45501.0,940.0,618.8
RADHI,8/20/2026,707.0,720.0,698.4,718.0,1.56,83477.0,940.0,618.8
RADHI,8/21/2026,705.0,723.0,705.0,715.4,1.48,29312.0,940.0,618.8
RADHI,8/24/2026,748.9,748.9,700.1,703.9,-6.01,49818.0,940.0,618.8
RADHI,8/25/2026,695.1,705.5,695.0,699.0,0.56,28168.0,940.0,618.8
RADHI,8/26/2026,690.1,700.0,684.0,688.0,-0.3,95325.0,940.0,618.8
RADHI,8/27/2026,680.0,691.0,675.0,685.0,0.74,60072.0,940.0,618.8
RADHI,8/31/2026,680.4,680.4,667.0,674.0,-0.94,42630.0,940.0,618.8
RADHI,9/1/2026,668.5,684.0,668.5,681.0,1.87,40656.0,940.0,618.8
RADHI,9/2/2026,671.0,681.0,669.0,675.0,0.6,80053.0,940.0,618.8
RADHI,9/3/2026,681.0,681.0,674.0,679.0,-0.29,39400.0,940.0,618.8
RADHI,9/7/2026,679.0,691.0,679.0,690.0,1.62,31235.0,940.0,618.8
RADHI,9/9/2026,690.0,697.0,671.3,684.0,-0.87,49217.0,940.0,618.8
RADHI,9/10/2026,710.0,710.0,668.2,677.0,-4.65,6905.0,940.0,618.8
RADHI,9/11/2026,670.0,695.0,670.0,692.0,3.28,23157.0,940.0,618.8
RADHI,9/14/2026,719.0,719.0,676.6,700.0,-2.64,65131.0,940.0,618.8
RADHI,9/15/2026,734.0,734.0,703.2,713.0,-2.86,110061.0,940.0,618.8
RADHI,9/16/2026,716.0,718.5,701.2,701.2,-2.07,39193.0,940.0,618.8
RADHI,9/17/2026,712.0,720.0,702.0,703.0,-1.26,47217.0,940.0,618.8
RADHI,9/18/2026,702.7,722.9,702.6,712.0,1.32,105447.0,940.0,618.8
RADHI,9/22/2026,712.0,720.0,710.0,719.9,1.11,74585.0,940.0,618.8
RADHI,9/23/2026,715.0,720.0,708.1,717.0,0.28,187454.0,940.0,618.8
RADHI,9/24/2026,717.0,730.0,713.0,721.7,0.66,107535.0,940.0,618.8
RADHI,9/28/2026,724.9,735.8,721.5,727.0,0.29,90872.0,940.0,618.8
RADHI,9/29/2026,691.0,733.0,691.0,0.0,-100.0,33986.0,940.0,618.8
RADHI,9/30/2026,724.0,724.8,712.2,720.0,-0.55,18615.0,940.0,618.8
RADHI,10/1/2026,725.0,725.0,705.0,712.9,-1.67,75144.0,940.0,618.8
RADHI,10/2/2026,700.0,713.0,700.0,706.5,0.93,29458.0,940.0,618.8
RAWA,12/21/2025,710.0,713.9,709.0,713.9,,1511.0,851.7,379.0
RAWA,12/22/2025,709.1,721.9,699.7,709.0,-0.69,919.0,851.7,379.0
RAWA,12/23/2025,696.0,712.0,696.0,712.0,0.42,2291.0,851.7,379.0
RAWA,12/24/2025,703.0,713.0,695.0,713.0,0.14,2311.0,851.7,379.0
RAWA,12/28/2025,712.0,719.0,703.0,719.0,0.84,2948.0,851.7,379.0
RAWA,12/29/2025,705.3,717.9,705.3,716.0,-0.42,90.0,851.7,379.0
RAWA,12/31/2025,716.0,728.9,706.0,718.0,0.28,453.0,851.7,379.0
RAWA,1/1/2026,705.2,716.0,690.0,709.0,-1.25,3648.0,851.7,379.0
RAWA,1/4/2026,695.0,700.0,686.0,700.0,-1.27,2393.0,851.7,379.0
RAWA,1/5/2026,686.3,709.8,686.3,703.0,0.43,3268.0,851.7,379.0
RAWA,1/6/2026,689.0,729.0,689.0,715.0,1.71,2829.0,851.7,379.0
RAWA,1/7/2026,705.1,722.9,702.4,709.0,-0.84,1484.0,851.7,379.0
RAWA,1/8/2026,700.0,707.0,695.2,706.0,-0.42,719.0,851.7,379.0
RAWA,1/12/2026,693.0,720.0,693.0,709.9,0.55,1062.0,851.7,379.0
RAWA,1/13/2026,697.3,720.0,697.3,718.9,1.27,2021.0,851.7,379.0
RAWA,1/14/2026,718.0,725.0,713.0,721.9,0.42,2400.0,851.7,379.0
RAWA,1/18/2026,710.0,730.0,710.0,730.0,1.12,1943.0,851.7,379.0
RAWA,1/20/2026,718.0,739.0,717.2,730.0,0.0,2229.0,851.7,379.0
RAWA,1/21/2026,718.0,735.0,718.0,733.0,0.41,3191.0,851.7,379.0
RAWA,1/22/2026,718.4,806.0,718.4,799.0,9.0,13718.0,851.7,379.0
RAWA,1/25/2026,784.0,830.0,753.1,801.9,0.36,7435.0,851.7,379.0
RAWA,1/26/2026,786.0,833.0,770.0,792.0,-1.23,11839.0,851.7,379.0
RAWA,1/27/2026,807.8,807.8,760.0,769.9,-2.79,5642.0,851.7,379.0
RAWA,1/28/2026,754.6,777.0,744.8,777.0,0.92,3897.0,851.7,379.0
RAWA,1/29/2026,761.5,837.0,750.1,835.0,7.46,6626.0,851.7,379.0
RAWA,2/1/2026,851.7,851.7,751.5,757.0,-9.34,33610.0,851.7,379.0
RAWA,2/2/2026,741.9,765.0,730.1,761.9,0.65,5187.0,851.7,379.0
RAWA,2/3/2026,746.7,799.0,732.1,799.0,4.87,7873.0,851.7,379.0
RAWA,2/4/2026,783.1,783.1,737.2,766.0,-4.13,19082.0,851.7,379.0
RAWA,2/5/2026,750.7,780.0,735.7,773.0,0.91,7089.0,851.7,379.0
RAWA,2/8/2026,757.6,780.0,750.0,763.7,-1.2,6215.0,851.7,379.0
RAWA,2/9/2026,748.5,778.0,734.0,747.0,-2.19,3941.0,851.7,379.0
RAWA,2/10/2026,732.1,760.0,732.1,744.0,-0.4,3818.0,851.7,379.0
RAWA,2/11/2026,758.8,758.8,732.0,739.8,-0.56,1555.0,851.7,379.0
RAWA,2/12/2026,726.0,738.9,720.0,725.1,-1.99,2636.0,851.7,379.0
RAWA,2/16/2026,711.1,739.0,711.1,725.0,-0.01,2402.0,851.7,379.0
RAWA,2/17/2026,716.1,725.0,709.0,709.0,-2.21,2620.0,851.7,379.0
RAWA,2/22/2026,723.1,723.1,694.9,704.0,-0.71,2379.0,851.7,379.0
RAWA,2/23/2026,718.0,718.0,692.1,709.9,0.84,1220.0,851.7,379.0
RAWA,2/24/2026,723.9,723.9,698.0,720.0,1.42,1910.0,851.7,379.0
RAWA,2/25/2026,707.0,715.0,700.0,715.0,-0.69,1004.0,851.7,379.0
RAWA,2/26/2026,715.0,720.0,690.0,716.9,0.27,2540.0,851.7,379.0
RAWA,2/27/2026,715.0,720.0,690.0,716.9,0.0,2540.0,851.7,379.0
RAWA,2/28/2026,715.0,720.0,690.0,716.9,0.0,2540.0,851.7,379.0
RAWA,3/2/2026,703.0,714.0,695.0,705.1,-1.65,645.0,851.7,379.0
RAWA,3/3/2026,710.0,722.0,705.1,722.0,2.4,1390.0,851.7,379.0
RAWA,3/4/2026,710.0,722.0,705.1,722.0,0.0,1390.0,851.7,379.0
RAWA,3/5/2026,710.0,722.0,705.1,722.0,0.0,1390.0,851.7,379.0
RAWA,3/6/2026,710.0,722.0,705.1,722.0,0.0,1390.0,851.7,379.0
RAWA,3/7/2026,710.0,722.0,705.1,722.0,0.0,1390.0,851.7,379.0
RAWA,3/8/2026,710.0,722.0,705.1,722.0,0.0,1390.0,851.7,379.0
RAWA,3/9/2026,736.4,740.0,736.4,740.0,2.49,30.0,851.7,379.0
RAWA,3/10/2026,754.8,769.0,730.0,752.0,1.62,6441.0,851.7,379.0
RAWA,3/11/2026,737.0,751.7,734.1,747.0,-0.66,1670.0,851.7,379.0
RAWA,3/12/2026,734.0,750.0,734.0,740.0,-0.94,2579.0,851.7,379.0
RAWA,3/13/2026,734.0,750.0,734.0,740.0,0.0,2579.0,851.7,379.0
RAWA,3/14/2026,734.0,750.0,734.0,740.0,0.0,2579.0,851.7,379.0
RAWA,3/15/2026,730.0,740.0,715.0,721.5,-2.5,5935.0,851.7,379.0
RAWA,3/16/2026,707.1,723.6,707.1,716.0,-0.76,3051.0,851.7,379.0
RAWA,3/17/2026,718.0,724.0,711.1,720.0,0.56,872.0,851.7,379.0
RAWA,3/18/2026,718.0,724.0,711.1,720.0,0.0,872.0,851.7,379.0
RAWA,3/19/2026,725.0,727.9,708.6,722.0,0.28,10709.0,851.7,379.0
RAWA,3/20/2026,725.0,727.9,708.6,722.0,0.0,10709.0,851.7,379.0
RAWA,3/21/2026,725.0,727.9,708.6,722.0,0.0,10709.0,851.7,379.0
RAWA,3/22/2026,730.0,730.0,709.0,725.0,0.42,6574.0,851.7,379.0
RAWA,3/23/2026,715.0,733.0,711.1,717.0,-1.1,2912.0,851.7,379.0
RAWA,3/24/2026,710.1,728.8,710.1,717.0,0.0,4027.0,851.7,379.0
RAWA,3/25/2026,710.2,718.9,710.2,718.8,0.25,2392.0,851.7,379.0
RAWA,3/26/2026,718.0,723.0,715.0,715.0,-0.42,1529.0,851.7,379.0
RAWA,3/29/2026,729.0,729.3,701.0,702.0,-3.7,5573.0,851.7,379.0
RAWA,3/30/2026,702.0,714.9,699.0,699.0,-0.43,4552.0,851.7,379.0
RAWA,3/31/2026,690.2,703.8,690.0,703.8,1.97,4132.0,851.7,379.0
RAWA,4/1/2026,690.1,691.0,685.0,690.0,-0.01,2583.0,851.7,379.0
RAWA,4/2/2026,700.0,700.0,676.2,690.0,-1.43,1823.0,851.7,379.0
RAWA,4/5/2026,703.0,703.0,653.0,659.0,-6.26,1709.0,851.7,379.0
RAWA,4/6/2026,659.0,685.5,659.0,673.9,2.26,2500.0,851.7,379.0
RAWA,4/7/2026,674.0,687.1,656.6,660.0,-2.08,1665.0,851.7,379.0
RAWA,4/8/2026,662.2,671.6,662.2,669.9,1.16,1798.0,851.7,379.0
RAWA,4/9/2026,669.0,683.0,663.1,679.9,1.63,890.0,851.7,379.0
RAWA,4/10/2026,667.0,669.0,667.0,669.0,0.3,240.0,851.7,379.0
RAWA,4/13/2026,680.0,695.0,661.0,670.0,-1.47,2042.0,851.7,379.0
RAWA,4/15/2026,683.0,683.0,660.0,670.0,-1.9,1973.0,851.7,379.0
RAWA,4/16/2026,670.0,670.0,660.0,660.0,-1.49,1830.0,851.7,379.0
RAWA,4/17/2026,660.0,662.0,653.0,662.0,0.3,1690.0,851.7,379.0
RAWA,4/20/2026,673.0,673.0,653.0,657.0,-2.38,490.0,851.7,379.0
RAWA,4/21/2026,657.0,678.0,657.0,674.5,2.66,2430.0,851.7,379.0
RAWA,4/22/2026,674.0,674.0,660.0,660.0,-2.08,600.0,851.7,379.0
RAWA,4/23/2026,655.0,656.5,654.0,655.0,0.0,998.0,851.7,379.0
RAWA,4/24/2026,655.0,655.1,630.0,648.7,-0.96,1559.0,851.7,379.0
RAWA,4/27/2026,648.7,645.0,625.0,630.0,-2.88,3747.0,851.7,379.0
RAWA,4/28/2026,630.0,639.0,615.0,615.0,-2.38,1597.0,851.7,379.0
RAWA,4/29/2026,615.0,610.0,587.0,610.0,-0.81,2840.0,851.7,379.0
RAWA,4/30/2026,640.0,640.0,600.0,605.0,-5.47,2895.0,851.7,379.0
RAWA,5/4/2026,587.0,614.8,587.0,600.0,2.21,321.0,851.7,379.0
RAWA,5/5/2026,582.3,605.0,582.0,582.0,-0.05,890.0,851.7,379.0
RAWA,5/6/2026,584.0,598.7,565.4,587.0,0.51,2202.0,851.7,379.0
RAWA,5/7/2026,616.3,616.3,555.0,587.0,-4.75,691.0,851.7,379.0
RAWA,5/8/2026,573.1,595.0,573.1,595.0,3.82,696.0,851.7,379.0
RAWA,5/11/2026,599.9,615.0,599.9,607.0,1.18,3128.0,851.7,379.0
RAWA,5/12/2026,590.0,620.0,586.0,595.0,0.85,1195.0,851.7,379.0
RAWA,5/13/2026,624.6,624.6,586.0,598.9,-4.11,550.0,851.7,379.0
RAWA,5/14/2026,595.0,603.0,582.1,603.0,1.34,519.0,851.7,379.0
RAWA,5/15/2026,586.1,599.0,586.0,588.0,0.32,240.0,851.7,379.0
RAWA,5/18/2026,571.5,589.0,571.5,578.0,1.14,380.0,851.7,379.0
RAWA,5/19/2026,571.0,594.0,570.0,574.0,0.53,353.0,851.7,379.0
RAWA,5/20/2026,590.0,590.0,570.0,589.0,-0.17,1565.0,851.7,379.0
RAWA,5/21/2026,590.0,590.0,578.0,578.0,-2.03,645.0,851.7,379.0
RAWA,5/22/2026,560.8,584.0,560.8,584.0,4.14,709.0,851.7,379.0
RAWA,5/25/2026,613.0,613.0,575.0,585.1,-4.55,2564.0,851.7,379.0
RAWA,5/26/2026,614.3,614.3,567.0,580.5,-5.5,1542.0,851.7,379.0
RAWA,5/27/2026,580.0,584.0,576.0,584.0,0.69,789.0,851.7,379.0
RAWA,6/1/2026,613.2,613.2,561.1,572.0,-6.72,1005.0,851.7,379.0
RAWA,6/2/2026,600.6,600.6,552.8,572.0,-4.76,3103.0,851.7,379.0
RAWA,6/3/2026,600.6,600.6,552.0,567.0,-5.59,2509.0,851.7,379.0
RAWA,6/4/2026,553.0,567.9,553.0,567.9,2.69,710.0,851.7,379.0
RAWA,6/5/2026,567.9,567.9,554.1,562.0,-1.04,1611.0,851.7,379.0
RAWA,6/8/2026,550.5,560.0,550.0,555.0,0.82,3053.0,851.7,379.0
RAWA,6/9/2026,541.2,553.9,541.2,547.0,1.07,3042.0,851.7,379.0
RAWA,6/10/2026,537.0,576.0,537.0,549.0,2.23,3208.0,851.7,379.0
RAWA,6/11/2026,539.0,544.9,525.0,525.0,-2.6,8427.0,851.7,379.0
RAWA,6/12/2026,520.0,550.1,510.4,538.0,3.46,8354.0,851.7,379.0
RAWA,6/15/2026,511.1,522.0,498.0,500.0,-2.17,152128.0,851.7,379.0
RAWA,6/16/2026,498.5,499.0,463.1,496.8,-0.34,282879.0,851.7,379.0
RAWA,6/17/2026,500.0,518.0,491.0,494.0,-1.2,64841.0,851.7,379.0
RAWA,6/18/2026,502.0,502.0,477.0,483.0,-3.78,67332.0,851.7,379.0
RAWA,6/19/2026,459.0,489.7,459.0,484.0,5.45,113928.0,851.7,379.0
RAWA,6/22/2026,486.0,491.7,480.0,482.8,-0.66,25551.0,851.7,379.0
RAWA,6/23/2026,481.8,481.8,458.1,467.8,-2.91,162666.0,851.7,379.0
RAWA,6/24/2026,458.1,468.4,450.6,455.3,-0.61,72751.0,851.7,379.0
RAWA,6/26/2026,457.0,459.0,449.1,454.5,-0.55,41827.0,851.7,379.0
RAWA,6/29/2026,450.0,460.0,445.0,449.9,-0.02,31734.0,851.7,379.0
RAWA,6/30/2026,430.0,455.0,430.0,446.6,3.86,26799.0,851.7,379.0
RAWA,7/1/2026,430.0,455.0,430.0,449.5,4.53,32411.0,851.7,379.0
RAWA,7/2/2026,448.0,451.0,439.0,446.0,-0.45,15623.0,851.7,379.0
RAWA,7/3/2026,441.3,451.2,440.0,444.9,0.82,15448.0,851.7,379.0
RAWA,7/6/2026,446.9,446.9,430.0,435.0,-2.66,30044.0,851.7,379.0
RAWA,7/7/2026,431.0,439.8,428.1,436.0,1.16,23723.0,851.7,379.0
RAWA,7/8/2026,431.0,435.4,421.0,427.0,-0.93,16193.0,851.7,379.0
RAWA,7/9/2026,427.0,429.0,407.6,420.0,-1.64,23760.0,851.7,379.0
RAWA,7/10/2026,441.0,441.0,411.0,418.8,-5.03,20450.0,851.7,379.0
RAWA,7/13/2026,426.9,427.0,400.0,406.0,-4.9,35619.0,851.7,379.0
RAWA,7/14/2026,426.0,426.0,399.0,411.9,-3.31,27656.0,851.7,379.0
RAWA,7/15/2026,404.0,422.3,404.0,415.0,2.72,17890.0,851.7,379.0
RAWA,7/16/2026,408.4,426.0,408.4,411.8,0.83,16584.0,851.7,379.0
RAWA,7/17/2026,419.0,444.0,415.0,437.6,4.44,57692.0,851.7,379.0
RAWA,7/20/2026,440.0,453.8,431.0,453.0,2.95,80265.0,851.7,379.0
RAWA,7/21/2026,453.5,459.9,440.1,447.0,-1.43,43852.0,851.7,379.0
RAWA,7/22/2026,448.9,449.0,438.0,442.0,-1.54,51392.0,851.7,379.0
RAWA,7/23/2026,464.0,464.0,433.0,442.0,-4.74,23955.0,851.7,379.0
RAWA,7/24/2026,464.0,464.0,441.1,445.0,-4.09,35112.0,851.7,379.0
RAWA,7/27/2026,440.0,453.0,430.0,434.0,-1.36,30785.0,851.7,379.0
RAWA,7/28/2026,430.0,436.0,426.0,426.6,-0.79,21778.0,851.7,379.0
RAWA,7/29/2026,430.0,433.0,420.0,425.9,-0.95,34600.0,851.7,379.0
RAWA,7/30/2026,444.9,444.9,422.1,428.0,-3.8,10012.0,851.7,379.0
RAWA,7/31/2026,420.1,430.0,420.1,430.0,2.36,9126.0,851.7,379.0
RAWA,8/3/2026,433.8,434.0,423.4,423.4,-2.4,22450.0,851.7,379.0
RAWA,8/4/2026,420.0,430.0,420.0,427.0,1.67,27600.0,851.7,379.0
RAWA,8/5/2026,425.0,428.5,422.1,427.8,0.66,13750.0,851.7,379.0
RAWA,8/6/2026,432.0,432.0,420.8,425.9,-1.41,10371.0,851.7,379.0
RAWA,8/7/2026,426.0,426.0,419.0,420.0,-1.41,14270.0,851.7,379.0
RAWA,8/10/2026,429.0,429.0,412.5,417.8,-2.61,11780.0,851.7,379.0
RAWA,8/11/2026,429.0,429.0,418.0,423.8,-1.21,15504.0,851.7,379.0
RAWA,8/12/2026,429.0,429.0,419.0,423.8,-1.21,9538.0,851.7,379.0
RAWA,8/13/2026,423.7,427.8,420.0,427.3,0.85,11088.0,851.7,379.0
RAWA,8/14/2026,429.0,430.0,424.0,428.2,-0.19,12202.0,851.7,379.0
RAWA,8/17/2026,427.0,430.0,424.0,426.0,-0.23,10081.0,851.7,379.0
RAWA,8/18/2026,421.3,425.0,420.0,423.6,0.55,6039.0,851.7,379.0
RAWA,8/19/2026,420.0,425.0,419.0,422.5,0.6,9202.0,851.7,379.0
RAWA,8/20/2026,421.0,428.4,418.0,421.0,0.0,7135.0,851.7,379.0
RAWA,8/21/2026,426.9,426.9,418.2,418.4,-1.99,11573.0,851.7,379.0
RAWA,8/24/2026,415.2,418.0,406.1,414.0,-0.29,12059.0,851.7,379.0
RAWA,8/25/2026,421.0,421.0,407.0,412.9,-1.92,18261.0,851.7,379.0
RAWA,8/26/2026,412.9,414.9,400.0,405.0,-1.91,18983.0,851.7,379.0
RAWA,8/27/2026,425.2,425.2,379.0,407.2,-4.23,18698.0,851.7,379.0
RAWA,8/31/2026,427.5,427.5,394.6,397.5,-7.02,5545.0,851.7,379.0
RAWA,9/1/2026,392.0,403.8,389.0,394.9,0.74,11036.0,851.7,379.0
RAWA,9/2/2026,390.1,400.0,390.1,400.0,2.54,14427.0,851.7,379.0
RAWA,9/3/2026,395.0,400.0,393.0,393.0,-0.51,16939.0,851.7,379.0
RAWA,9/7/2026,393.0,413.9,393.0,413.9,5.32,29843.0,851.7,379.0
RAWA,9/9/2026,413.0,413.8,404.1,404.1,-2.15,18345.0,851.7,379.0
RAWA,9/10/2026,408.0,408.0,399.4,400.0,-1.96,13700.0,851.7,379.0
RAWA,9/11/2026,404.0,408.0,399.2,407.0,0.74,23331.0,851.7,379.0
RAWA,9/14/2026,406.2,417.0,406.2,414.0,1.92,11610.0,851.7,379.0
RAWA,9/15/2026,434.0,442.0,414.0,420.0,-3.23,42047.0,851.7,379.0
RAWA,9/16/2026,400.0,422.0,400.0,415.0,3.75,19946.0,851.7,379.0
RAWA,9/17/2026,405.0,425.8,405.0,422.0,4.2,21886.0,851.7,379.0
RAWA,9/18/2026,420.0,428.0,420.0,426.0,1.43,28062.0,851.7,379.0
RAWA,9/22/2026,422.8,434.0,422.0,428.0,1.23,14571.0,851.7,379.0
RAWA,9/23/2026,422.4,428.0,413.0,414.0,-1.99,15209.0,851.7,379.0
RAWA,9/24/2026,407.0,422.0,407.0,416.0,2.21,14112.0,851.7,379.0
RAWA,9/28/2026,416.0,421.0,412.1,414.1,-0.46,13089.0,851.7,379.0
RAWA,9/29/2026,412.2,417.6,409.0,0.0,-100.0,5734.0,851.7,379.0
RAWA,9/30/2026,411.0,416.3,410.0,412.0,0.24,8839.0,851.7,379.0
RAWA,10/1/2026,411.1,419.0,411.1,412.0,0.22,8843.0,851.7,379.0
RAWA,10/2/2026,405.0,415.8,405.0,409.9,1.21,7990.0,851.7,379.0
RBBD2088,12/21/2025,1075.0,1080.0,1075.0,1080.0,,235.0,1157.0,994.1
RBBD2088,12/22/2025,1080.0,1080.0,1080.0,1080.0,0.0,25.0,1157.0,994.1
RBBD2088,12/24/2025,1076.1,1080.0,1076.1,1080.0,0.0,75.0,1157.0,994.1
RBBD2088,12/28/2025,1079.0,1080.0,1079.0,1080.0,0.0,60.0,1157.0,994.1
RBBD2088,12/29/2025,1080.0,1080.0,1080.0,1075.1,-0.45,5.0,1157.0,994.1
RBBD2088,12/31/2025,1082.0,1096.0,1082.0,1083.0,0.73,200.0,1157.0,994.1
RBBD2088,1/5/2026,1083.0,1100.0,1077.0,1085.0,0.18,125.0,1157.0,994.1
RBBD2088,1/6/2026,1085.1,1085.1,1085.1,1085.1,0.01,42.0,1157.0,994.1
RBBD2088,1/7/2026,1085.0,1085.0,1080.1,1080.1,-0.46,100.0,1157.0,994.1
RBBD2088,1/8/2026,1077.1,1077.1,1077.1,1077.1,-0.28,50.0,1157.0,994.1
RBBD2088,1/12/2026,1080.0,1080.0,1075.0,1075.0,-0.19,75.0,1157.0,994.1
RBBD2088,1/14/2026,1075.0,1080.0,1070.0,1075.0,0.0,105.0,1157.0,994.1
RBBD2088,1/18/2026,1055.0,1058.0,1055.0,1058.0,-1.58,75.0,1157.0,994.1
RBBD2088,1/20/2026,1036.9,1057.7,1036.9,1051.5,-0.61,550.0,1157.0,994.1
RBBD2088,1/21/2026,1040.0,1060.0,1040.0,1060.0,0.81,75.0,1157.0,994.1
RBBD2088,1/25/2026,1053.1,1053.1,1053.1,1053.1,-0.65,25.0,1157.0,994.1
RBBD2088,1/26/2026,1054.0,1060.0,1054.0,1060.0,0.66,175.0,1157.0,994.1
RBBD2088,1/28/2026,1060.0,1060.0,1055.0,1056.2,-0.36,75.0,1157.0,994.1
RBBD2088,1/29/2026,1058.0,1059.9,1058.0,1059.9,0.35,375.0,1157.0,994.1
RBBD2088,2/1/2026,1060.0,1060.0,1055.0,1055.0,-0.46,300.0,1157.0,994.1
RBBD2088,2/2/2026,1055.0,1055.0,1055.0,1055.0,0.0,25.0,1157.0,994.1
RBBD2088,2/3/2026,1049.0,1049.0,1049.0,1049.0,-0.57,25.0,1157.0,994.1
RBBD2088,2/4/2026,1050.0,1050.0,1050.0,1050.0,0.1,25.0,1157.0,994.1
RBBD2088,2/5/2026,1060.0,1060.0,1050.0,1050.0,0.0,50.0,1157.0,994.1
RBBD2088,2/8/2026,1046.3,1055.0,1046.3,1055.0,0.48,50.0,1157.0,994.1
RBBD2088,2/9/2026,1050.5,1051.3,1050.5,1051.3,-0.35,50.0,1157.0,994.1
RBBD2088,2/10/2026,1051.3,1051.3,1051.3,1051.3,0.0,20.0,1157.0,994.1
RBBD2088,2/11/2026,1050.0,1051.3,1050.0,1051.3,0.0,75.0,1157.0,994.1
RBBD2088,2/12/2026,1051.0,1051.0,1051.0,1051.0,-0.03,100.0,1157.0,994.1
RBBD2088,2/16/2026,1051.0,1051.0,1040.2,1040.2,-1.03,75.0,1157.0,994.1
RBBD2088,2/17/2026,1050.0,1058.0,1050.0,1058.0,1.71,125.0,1157.0,994.1
RBBD2088,2/23/2026,1058.0,1058.0,1058.0,1058.0,0.0,50.0,1157.0,994.1
RBBD2088,2/25/2026,1049.1,1060.0,1049.1,1060.0,0.19,125.0,1157.0,994.1
RBBD2088,2/26/2026,1052.1,1052.1,1052.1,1052.1,-0.75,25.0,1157.0,994.1
RBBD2088,2/27/2026,1052.1,1052.1,1052.1,1052.1,0.0,25.0,1157.0,994.1
RBBD2088,2/28/2026,1052.1,1052.1,1052.1,1052.1,0.0,25.0,1157.0,994.1
RBBD2088,3/1/2026,1052.1,1052.1,1052.1,1052.1,0.0,25.0,1157.0,994.1
RBBD2088,3/3/2026,1055.0,1056.0,1055.0,1056.0,0.37,50.0,1157.0,994.1
RBBD2088,3/4/2026,1055.0,1056.0,1055.0,1056.0,0.0,50.0,1157.0,994.1
RBBD2088,3/5/2026,1055.0,1056.0,1055.0,1056.0,0.0,50.0,1157.0,994.1
RBBD2088,3/6/2026,1055.0,1056.0,1055.0,1056.0,0.0,50.0,1157.0,994.1
RBBD2088,3/7/2026,1055.0,1056.0,1055.0,1056.0,0.0,50.0,1157.0,994.1
RBBD2088,3/8/2026,1055.0,1056.0,1055.0,1056.0,0.0,50.0,1157.0,994.1
RBBD2088,3/10/2026,1035.3,1056.0,1035.3,1056.0,0.0,75.0,1157.0,994.1
RBBD2088,3/11/2026,1055.0,1056.0,1055.0,1055.0,-0.09,125.0,1157.0,994.1
RBBD2088,3/12/2026,1055.0,1065.0,1055.0,1065.0,0.95,160.0,1157.0,994.1
RBBD2088,3/13/2026,1055.0,1065.0,1055.0,1065.0,0.0,160.0,1157.0,994.1
RBBD2088,3/14/2026,1055.0,1065.0,1055.0,1065.0,0.0,160.0,1157.0,994.1
RBBD2088,3/15/2026,1066.0,1066.0,1055.3,1055.3,-0.91,50.0,1157.0,994.1
RBBD2088,3/16/2026,1068.0,1068.0,1065.0,1065.0,0.92,75.0,1157.0,994.1
RBBD2088,3/19/2026,1066.0,1066.0,1066.0,1066.0,0.09,100.0,1157.0,994.1
RBBD2088,3/20/2026,1066.0,1066.0,1066.0,1066.0,0.0,100.0,1157.0,994.1
RBBD2088,3/21/2026,1066.0,1066.0,1066.0,1066.0,0.0,100.0,1157.0,994.1
RBBD2088,3/22/2026,1055.0,1070.0,1055.0,1070.0,0.38,383.0,1157.0,994.1
RBBD2088,3/23/2026,1055.0,1055.0,1055.0,1055.0,-1.4,25.0,1157.0,994.1
RBBD2088,3/24/2026,1045.0,1065.0,1045.0,1065.0,0.95,425.0,1157.0,994.1
RBBD2088,3/25/2026,1043.8,1070.0,1043.7,1070.0,0.47,125.0,1157.0,994.1
RBBD2088,3/26/2026,1078.0,1078.0,1078.0,1078.0,0.0,25.0,1157.0,994.1
RBBD2088,4/5/2026,1056.5,1056.5,1056.5,1056.5,0.0,50.0,1157.0,994.1
RBBD2088,4/6/2026,1037.0,1045.0,1036.5,1045.0,0.77,75.0,1157.0,994.1
RBBD2088,4/7/2026,1060.0,1081.0,1059.5,1059.5,-0.05,255.0,1157.0,994.1
RBBD2088,4/9/2026,1060.0,1060.0,1060.0,1060.0,0.0,50.0,1157.0,994.1
RBBD2088,4/15/2026,1060.0,1060.0,1060.0,1060.0,0.0,50.0,1157.0,994.1
RBBD2088,4/16/2026,1060.0,1060.0,1060.0,1060.0,0.0,25.0,1157.0,994.1
RBBD2088,4/20/2026,1055.3,1057.0,1055.3,1057.0,0.16,50.0,1157.0,994.1
RBBD2088,4/21/2026,1042.0,1056.1,1042.0,1055.1,1.26,70.0,1157.0,994.1
RBBD2088,4/22/2026,1055.0,1057.0,1055.0,1057.0,0.19,65.0,1157.0,994.1
RBBD2088,4/24/2026,1057.0,1057.1,1057.1,1057.1,0.01,15.0,1157.0,994.1
RBBD2088,4/27/2026,1057.1,1113.0,1080.0,1078.0,1.98,366.0,1157.0,994.1
RBBD2088,4/29/2026,1078.0,1078.0,1078.0,1056.0,-2.04,2.0,1157.0,994.1
RBBD2088,4/30/2026,1070.0,1070.0,1070.0,1070.0,0.0,50.0,1157.0,994.1
RBBD2088,5/5/2026,1070.0,1070.0,1070.0,1123.5,5.0,1.0,1157.0,994.1
RBBD2088,5/7/2026,1123.5,1123.5,1123.5,1058.0,-5.83,2.0,1157.0,994.1
RBBD2088,5/8/2026,1040.5,1060.1,1040.5,1060.1,1.88,105.0,1157.0,994.1
RBBD2088,5/12/2026,1060.1,1157.0,1041.2,1056.2,-0.37,79.0,1157.0,994.1
RBBD2088,5/15/2026,1075.0,1075.0,1075.0,1075.0,0.0,45.0,1157.0,994.1
RBBD2088,5/18/2026,1070.0,1070.0,1070.0,1070.0,0.0,75.0,1157.0,994.1
RBBD2088,5/19/2026,1070.0,1079.9,1053.4,1079.9,0.93,96.0,1157.0,994.1
RBBD2088,5/20/2026,1053.7,1053.7,1053.7,1053.7,0.0,25.0,1157.0,994.1
RBBD2088,5/22/2026,1085.3,1085.3,1085.3,1085.3,0.0,25.0,1157.0,994.1
RBBD2088,5/25/2026,1056.7,1070.0,1056.7,1070.0,1.26,75.0,1157.0,994.1
RBBD2088,6/3/2026,1070.0,1085.0,1070.0,1085.0,1.4,77.0,1157.0,994.1
RBBD2088,6/4/2026,1065.6,1075.7,1065.6,1069.3,0.35,24226.0,1157.0,994.1
RBBD2088,6/5/2026,1069.3,1075.0,1069.3,1075.0,0.53,28.0,1157.0,994.1
RBBD2088,6/8/2026,1070.0,1070.0,1070.0,1070.0,0.0,25.0,1157.0,994.1
RBBD2088,6/9/2026,1070.1,1070.1,1070.1,1070.1,0.0,25.0,1157.0,994.1
RBBD2088,6/10/2026,1072.6,1077.0,1052.0,1052.0,-1.92,60866.0,1157.0,994.1
RBBD2088,6/11/2026,1060.0,1060.0,1057.3,1057.3,-0.25,200.0,1157.0,994.1
RBBD2088,6/12/2026,1058.1,1058.1,1058.1,1058.1,0.0,25.0,1157.0,994.1
RBBD2088,6/15/2026,1040.6,1065.0,1040.6,1065.0,2.34,150.0,1157.0,994.1
RBBD2088,6/16/2026,1079.9,1100.1,1065.0,1065.0,-1.38,61422.0,1157.0,994.1
RBBD2088,6/19/2026,1082.2,1082.2,1082.2,1082.2,0.0,29011.0,1157.0,994.1
RBBD2088,6/22/2026,1061.5,1061.5,1061.5,1061.5,0.0,100.0,1157.0,994.1
RBBD2088,6/23/2026,1065.0,1070.0,1065.0,1070.0,0.47,503.0,1157.0,994.1
RBBD2088,6/29/2026,1072.2,1072.2,1052.1,1059.3,-1.2,81.0,1157.0,994.1
RBBD2088,7/1/2026,1056.1,1056.1,1056.1,1056.1,0.0,25.0,1157.0,994.1
RBBD2088,7/2/2026,1055.5,1087.5,1055.5,1087.5,3.03,616.0,1157.0,994.1
RBBD2088,7/8/2026,1083.0,1083.0,1062.0,1061.0,-2.03,131.0,1157.0,994.1
RBBD2088,7/10/2026,1062.0,1062.6,1060.0,1060.0,-0.19,48377.0,1157.0,994.1
RBBD2088,7/14/2026,1060.0,1115.0,1060.0,1065.0,0.47,147008.0,1157.0,994.1
RBBD2088,7/15/2026,1065.0,1128.9,1055.0,1070.0,0.47,312949.0,1157.0,994.1
RBBD2088,7/16/2026,1083.0,1083.0,1083.0,1083.0,0.0,24176.0,1157.0,994.1
RBBD2088,7/20/2026,1050.6,1050.6,1032.0,1032.0,-1.77,200.0,1157.0,994.1
RBBD2088,7/21/2026,1032.0,1050.0,1022.0,1032.1,0.01,826.0,1157.0,994.1
RBBD2088,7/22/2026,1050.0,1063.0,1050.0,1050.0,0.0,765.0,1157.0,994.1
RBBD2088,7/24/2026,1059.0,1075.0,1059.0,1075.0,1.51,535.0,1157.0,994.1
RBBD2088,8/4/2026,1043.0,1043.0,1022.3,1026.7,-1.56,150.0,1157.0,994.1
RBBD2088,8/5/2026,1055.9,1056.0,1055.9,1056.0,0.01,50.0,1157.0,994.1
RBBD2088,8/10/2026,1024.4,1024.4,994.1,994.1,-2.96,26.0,1157.0,994.1
RBBD2088,8/11/2026,994.1,1053.0,994.1,1053.0,5.92,52.0,1157.0,994.1
RBBD2088,8/14/2026,1053.0,1053.0,1053.0,1053.0,0.0,25.0,1157.0,994.1
RBBD2088,8/18/2026,1053.0,1053.0,1053.0,1053.0,0.0,299.0,1157.0,994.1
RBBD2088,8/19/2026,1050.0,1050.0,1050.0,1050.0,0.0,25.0,1157.0,994.1
RBBD2088,8/25/2026,1030.0,1030.0,1030.0,1030.0,0.0,25.0,1157.0,994.1
RBBD2088,8/26/2026,1050.0,1055.0,1042.0,1042.0,-0.76,200.0,1157.0,994.1
RBBD2088,8/27/2026,1042.0,1050.0,1042.0,1050.0,0.77,50.0,1157.0,994.1
RBBD2088,8/31/2026,1081.4,1081.5,1050.4,1050.4,-2.87,1626.0,1157.0,994.1
RBBD2088,9/1/2026,1055.0,1055.0,1055.0,1055.0,0.0,52.0,1157.0,994.1
RBBD2088,9/2/2026,1035.6,1035.6,1035.6,1035.6,0.0,25.0,1157.0,994.1
RBBD2088,9/3/2026,1066.0,1066.6,1066.0,1066.6,0.06,35.0,1157.0,994.1
RBBD2088,9/7/2026,1090.0,1098.5,1090.0,1090.0,0.0,1800.0,1157.0,994.1
RBBD2088,9/9/2026,1090.0,1095.0,1090.0,1095.0,0.46,325.0,1157.0,994.1
RBBD2088,9/11/2026,1073.0,1073.0,1073.0,1073.0,0.0,30.0,1157.0,994.1
RBBD2088,9/14/2026,1041.0,1072.2,1041.0,1060.0,1.83,75.0,1157.0,994.1
RBBD2088,9/15/2026,1060.0,1070.0,1060.0,1070.0,0.94,50.0,1157.0,994.1
RBBD2088,9/22/2026,1101.0,1101.0,1101.0,1101.0,0.0,50.0,1157.0,994.1
RBBD2088,9/23/2026,1070.0,1070.0,1070.0,1070.0,0.0,150.0,1157.0,994.1
RBBD2088,9/28/2026,1070.0,1070.0,1070.0,1070.0,0.0,100.0,1157.0,994.1
RBBD2088,9/29/2026,1070.0,1070.0,1070.0,0.0,-100.0,25.0,1157.0,994.1
RBBD2088,10/1/2026,1071.0,1103.0,1071.0,1103.0,2.99,195.0,1157.0,994.1
RBBD83,12/22/2025,1081.2,1100.0,1081.2,1100.0,,85.0,1100.0,1010.3
RBBD83,12/23/2025,1080.1,1080.1,1080.1,1080.1,-1.81,25.0,1100.0,1010.3
RBBD83,12/24/2025,1065.1,1065.1,1065.1,1065.1,-1.39,25.0,1100.0,1010.3
RBBD83,12/29/2025,1075.0,1075.0,1075.0,1075.0,0.93,10.0,1100.0,1010.3
RBBD83,12/31/2025,1070.0,1070.0,1063.0,1063.0,-1.12,1000.0,1100.0,1010.3
RBBD83,1/13/2026,1060.0,1060.0,1060.0,1060.0,-0.28,25.0,1100.0,1010.3
RBBD83,1/14/2026,1039.0,1039.0,1038.9,1038.9,-1.99,20.0,1100.0,1010.3
RBBD83,1/25/2026,1025.7,1025.7,1025.7,1025.7,-1.27,25.0,1100.0,1010.3
RBBD83,1/28/2026,1026.6,1026.6,1026.6,1026.6,0.09,25.0,1100.0,1010.3
RBBD83,1/29/2026,1027.0,1027.0,1027.0,1027.0,0.04,1000.0,1100.0,1010.3
RBBD83,2/3/2026,1035.0,1035.0,1035.0,1035.0,0.78,75.0,1100.0,1010.3
RBBD83,2/4/2026,1042.0,1042.0,1042.0,1042.0,0.68,50.0,1100.0,1010.3
RBBD83,2/9/2026,1050.0,1050.0,1050.0,1050.0,0.77,100.0,1100.0,1010.3
RBBD83,2/12/2026,1050.0,1050.0,1050.0,1050.0,0.0,350.0,1100.0,1010.3
RBBD83,2/25/2026,1050.0,1050.0,1050.0,1032.1,-1.7,5.0,1100.0,1010.3
RBBD83,3/2/2026,1050.0,1052.69,1050.0,1052.69,1.99,350.0,1100.0,1010.3
RBBD83,3/10/2026,1052.0,1052.0,1052.0,1052.0,-0.07,10.0,1100.0,1010.3
RBBD83,3/12/2026,1050.0,1050.0,1050.0,1050.0,-0.19,15.0,1100.0,1010.3
RBBD83,3/13/2026,1050.0,1050.0,1050.0,1050.0,0.0,15.0,1100.0,1010.3
RBBD83,3/14/2026,1050.0,1050.0,1050.0,1050.0,0.0,15.0,1100.0,1010.3
RBBD83,3/15/2026,1061.0,1061.0,1061.0,1061.0,1.05,25.0,1100.0,1010.3
RBBD83,3/16/2026,1046.1,1049.4,1046.1,1049.4,-1.09,35.0,1100.0,1010.3
RBBD83,3/19/2026,1035.0,1035.0,1035.0,1035.0,-1.37,25.0,1100.0,1010.3
RBBD83,3/20/2026,1035.0,1035.0,1035.0,1035.0,0.0,25.0,1100.0,1010.3
RBBD83,3/21/2026,1035.0,1035.0,1035.0,1035.0,0.0,25.0,1100.0,1010.3
RBBD83,3/24/2026,1035.1,1035.1,1035.0,1035.0,0.0,80.0,1100.0,1010.3
RBBD83,3/25/2026,1035.2,1035.2,1035.2,1035.2,0.02,25.0,1100.0,1010.3
RBBD83,3/29/2026,1035.4,1035.4,1035.4,1035.4,0.0,25.0,1100.0,1010.3
RBBD83,4/2/2026,1030.1,1030.1,1030.1,1030.1,0.0,25.0,1100.0,1010.3
RBBD83,4/8/2026,1036.0,1036.0,1036.0,1036.0,0.0,50.0,1100.0,1010.3
RBBD83,4/16/2026,1034.6,1034.6,1034.5,1034.5,-0.01,50.0,1100.0,1010.3
RBBD83,4/27/2026,1034.5,1035.5,1034.4,1035.5,0.1,50.0,1100.0,1010.3
RBBD83,4/28/2026,1035.5,1046.0,1035.0,1046.0,1.01,75.0,1100.0,1010.3
RBBD83,5/4/2026,1037.1,1037.1,1037.1,1037.1,0.0,25.0,1100.0,1010.3
RBBD83,5/5/2026,1037.7,1037.7,1037.0,1037.0,-0.07,50.0,1100.0,1010.3
RBBD83,5/14/2026,1036.8,1036.8,1036.7,1036.7,-0.01,50.0,1100.0,1010.3
RBBD83,5/19/2026,1040.0,1040.0,1040.0,1040.0,0.0,29139.0,1100.0,1010.3
RBBD83,5/20/2026,1040.0,1040.0,1040.0,1071.2,3.0,2.0,1100.0,1010.3
RBBD83,5/21/2026,1065.0,1070.0,1065.0,1070.0,0.47,29958.0,1100.0,1010.3
RBBD83,6/4/2026,1088.0,1089.0,1088.0,1089.0,0.09,76.0,1100.0,1010.3
RBBD83,6/11/2026,1056.4,1056.4,1035.0,1035.0,-2.03,75.0,1100.0,1010.3
RBBD83,6/19/2026,1060.6,1060.6,1060.6,1060.6,0.0,36424.0,1100.0,1010.3
RBBD83,6/23/2026,1041.1,1041.1,1041.1,1042.1,0.1,12.0,1100.0,1010.3
RBBD83,6/30/2026,1038.0,1038.0,1038.0,1038.0,0.0,40.0,1100.0,1010.3
RBBD83,7/8/2026,1038.1,1042.0,1038.1,1042.0,0.38,36571.0,1100.0,1010.3
RBBD83,7/9/2026,1036.6,1036.6,1036.6,1036.6,0.0,25.0,1100.0,1010.3
RBBD83,7/10/2026,1061.0,1063.0,1028.0,1062.0,0.09,657906.0,1100.0,1010.3
RBBD83,7/13/2026,1068.0,1068.0,1068.0,1068.0,0.0,32445.0,1100.0,1010.3
RBBD83,7/14/2026,1036.2,1036.2,1036.2,1036.2,0.0,51.0,1100.0,1010.3
RBBD83,7/22/2026,1010.9,1010.9,1010.9,1010.9,0.0,25.0,1100.0,1010.3
RBBD83,7/24/2026,1037.0,1037.1,1037.0,1037.0,0.0,1371.0,1100.0,1010.3
RBBD83,7/27/2026,1037.3,1037.3,1037.3,1037.3,0.0,3643.0,1100.0,1010.3
RBBD83,8/20/2026,1010.3,1010.3,1010.3,1010.3,0.0,25.0,1100.0,1010.3
RBBD83,9/9/2026,1035.0,1045.0,1035.0,1045.0,0.97,35.0,1100.0,1010.3
RBBD83,9/24/2026,1022.1,1022.1,1022.1,1022.1,0.0,25.0,1100.0,1010.3
RBBD83,9/28/2026,1030.1,1030.1,1030.1,1030.1,0.0,60.0,1100.0,1010.3
RBBF40,1/18/2026,10.0,10.0,9.0,9.43,,17195.0,10.36,8.73
RBBF40,1/20/2026,9.25,9.61,9.02,9.61,1.91,20770.0,10.36,8.73
RBBF40,1/21/2026,9.42,9.48,9.11,9.19,-4.37,3020.0,10.36,8.73
RBBF40,1/22/2026,9.03,9.38,9.03,9.38,2.07,19600.0,10.36,8.73
RBBF40,1/25/2026,9.2,9.38,9.1,9.16,-2.35,9400.0,10.36,8.73
RBBF40,1/26/2026,9.0,9.34,9.0,9.34,1.97,24880.0,10.36,8.73
RBBF40,1/27/2026,9.16,9.82,9.15,9.63,3.1,278450.0,10.36,8.73
RBBF40,1/28/2026,9.44,9.44,9.26,9.27,-3.74,3150.0,10.36,8.73
RBBF40,1/29/2026,9.3,9.4,9.11,9.25,-0.22,5360.0,10.36,8.73
RBBF40,2/1/2026,9.07,9.34,9.07,9.16,-0.97,4450.0,10.36,8.73
RBBF40,2/2/2026,9.13,9.48,9.12,9.32,1.75,9549.0,10.36,8.73
RBBF40,2/3/2026,9.5,9.5,9.14,9.38,0.64,4749.0,10.36,8.73
RBBF40,2/4/2026,9.56,9.69,9.4,9.57,2.03,6560.0,10.36,8.73
RBBF40,2/5/2026,9.76,9.76,9.57,9.75,1.88,4610.0,10.36,8.73
RBBF40,2/8/2026,9.94,10.11,8.98,9.31,-4.51,3370.0,10.36,8.73
RBBF40,2/9/2026,9.2,9.67,9.2,9.5,2.04,4100.0,10.36,8.73
RBBF40,2/10/2026,9.69,9.9,9.31,9.88,4.0,39866.0,10.36,8.73
RBBF40,2/11/2026,9.8,9.8,9.61,9.61,-2.73,350.0,10.36,8.73
RBBF40,2/12/2026,9.5,9.7,9.02,9.38,-2.39,2440.0,10.36,8.73
RBBF40,2/16/2026,9.2,9.3,9.0,9.16,-2.35,3900.0,10.36,8.73
RBBF40,2/17/2026,9.1,9.52,9.1,9.52,3.93,3400.0,10.36,8.73
RBBF40,2/22/2026,9.52,9.77,9.33,9.77,2.63,4425.0,10.36,8.73
RBBF40,2/23/2026,9.58,9.6,9.58,9.6,-1.74,12788.0,10.36,8.73
RBBF40,2/25/2026,9.7,9.7,9.1,9.26,-3.54,3500.0,10.36,8.73
RBBF40,2/26/2026,9.44,9.65,9.26,9.46,2.16,2420.0,10.36,8.73
RBBF40,2/27/2026,9.44,9.65,9.26,9.46,0.0,2420.0,10.36,8.73
RBBF40,2/28/2026,9.44,9.65,9.26,9.46,0.0,2420.0,10.36,8.73
RBBF40,3/2/2026,9.28,9.64,9.28,9.48,0.21,1100.0,10.36,8.73
RBBF40,3/3/2026,9.5,9.58,9.3,9.45,-0.32,4000.0,10.36,8.73
RBBF40,3/4/2026,9.5,9.58,9.3,9.45,0.0,4000.0,10.36,8.73
RBBF40,3/5/2026,9.5,9.58,9.3,9.45,0.0,4000.0,10.36,8.73
RBBF40,3/6/2026,9.5,9.58,9.3,9.45,0.0,4000.0,10.36,8.73
RBBF40,3/7/2026,9.5,9.58,9.3,9.45,0.0,4000.0,10.36,8.73
RBBF40,3/8/2026,9.5,9.58,9.3,9.45,0.0,4000.0,10.36,8.73
RBBF40,3/10/2026,9.27,9.45,9.27,9.28,-1.8,13900.0,10.36,8.73
RBBF40,3/11/2026,9.12,9.66,9.12,9.55,2.91,5400.0,10.36,8.73
RBBF40,3/12/2026,9.36,9.59,9.36,9.52,-0.31,14700.0,10.36,8.73
RBBF40,3/13/2026,9.36,9.59,9.36,9.52,0.0,14700.0,10.36,8.73
RBBF40,3/14/2026,9.36,9.59,9.36,9.52,0.0,14700.0,10.36,8.73
RBBF40,3/15/2026,9.71,9.85,9.65,9.83,3.26,14250.0,10.36,8.73
RBBF40,3/16/2026,10.0,10.0,9.61,9.89,0.61,2800.0,10.36,8.73
RBBF40,3/17/2026,10.08,10.08,9.66,9.66,-2.33,700.0,10.36,8.73
RBBF40,3/18/2026,10.08,10.08,9.66,9.66,0.0,700.0,10.36,8.73
RBBF40,3/19/2026,9.47,9.83,9.3,9.6,-0.62,5200.0,10.36,8.73
RBBF40,3/20/2026,9.47,9.83,9.3,9.6,0.0,5200.0,10.36,8.73
RBBF40,3/21/2026,9.47,9.83,9.3,9.6,0.0,5200.0,10.36,8.73
RBBF40,3/22/2026,9.41,10.0,9.41,9.82,2.29,7750.0,10.36,8.73
RBBF40,3/23/2026,9.63,9.95,9.44,9.95,1.32,8400.0,10.36,8.73
RBBF40,3/24/2026,9.76,10.2,9.76,10.0,0.5,87450.0,10.36,8.73
RBBF40,3/25/2026,9.9,10.0,9.56,9.65,-3.5,3920.0,10.36,8.73
RBBF40,3/26/2026,9.65,9.85,9.46,9.85,2.07,3100.0,10.36,8.73
RBBF40,3/29/2026,9.67,9.86,9.67,9.68,0.1,2400.0,10.36,8.73
RBBF40,3/30/2026,9.49,9.67,9.49,9.65,1.69,4900.0,10.36,8.73
RBBF40,3/31/2026,9.5,9.6,9.5,9.55,0.53,2400.0,10.36,8.73
RBBF40,4/1/2026,9.55,9.55,9.5,9.5,-0.52,1500.0,10.36,8.73
RBBF40,4/2/2026,9.5,9.6,9.5,9.51,0.11,1100.0,10.36,8.73
RBBF40,4/5/2026,9.34,9.6,9.34,9.6,2.78,6650.0,10.36,8.73
RBBF40,4/6/2026,9.41,9.51,9.41,9.5,0.96,1100.0,10.36,8.73
RBBF40,4/7/2026,9.41,9.5,9.4,9.4,-0.11,1100.0,10.36,8.73
RBBF40,4/8/2026,9.4,9.58,9.4,9.55,1.6,5670.0,10.36,8.73
RBBF40,4/9/2026,9.51,9.83,9.51,9.6,0.95,4500.0,10.36,8.73
RBBF40,4/10/2026,9.58,9.77,9.58,9.6,0.21,2100.0,10.36,8.73
RBBF40,4/13/2026,9.56,9.73,9.5,9.6,0.42,2200.0,10.36,8.73
RBBF40,4/15/2026,9.5,9.8,9.5,9.51,0.11,6150.0,10.36,8.73
RBBF40,4/16/2026,9.4,9.5,9.37,9.43,0.32,1800.0,10.36,8.73
RBBF40,4/17/2026,9.5,9.6,9.5,9.55,0.53,4500.0,10.36,8.73
RBBF40,4/20/2026,9.27,9.5,9.27,9.5,2.48,2900.0,10.36,8.73
RBBF40,4/21/2026,9.45,9.6,9.25,9.6,1.59,9300.0,10.36,8.73
RBBF40,4/22/2026,9.6,9.6,9.12,9.35,-2.6,3300.0,10.36,8.73
RBBF40,4/23/2026,9.08,9.45,9.08,9.38,3.3,4900.0,10.36,8.73
RBBF40,4/24/2026,9.38,9.47,9.16,9.36,-0.21,2200.0,10.36,8.73
RBBF40,4/27/2026,9.36,9.48,9.1,9.48,1.28,3250.0,10.36,8.73
RBBF40,4/28/2026,9.48,9.48,9.23,9.31,-1.79,3900.0,10.36,8.73
RBBF40,4/29/2026,9.31,9.47,9.2,9.31,0.0,2700.0,10.36,8.73
RBBF40,4/30/2026,9.15,9.98,9.15,9.21,0.66,3076.0,10.36,8.73
RBBF40,5/4/2026,9.15,9.45,9.15,9.4,2.73,1800.0,10.36,8.73
RBBF40,5/5/2026,9.15,9.5,9.01,9.5,3.83,3000.0,10.36,8.73
RBBF40,5/6/2026,9.22,9.77,9.16,9.77,5.97,29250.0,10.36,8.73
RBBF40,5/7/2026,9.5,9.55,9.5,9.55,0.53,900.0,10.36,8.73
RBBF40,5/8/2026,9.29,9.5,9.29,9.33,0.43,1000.0,10.36,8.73
RBBF40,5/11/2026,9.33,9.75,9.33,9.6,2.89,6900.0,10.36,8.73
RBBF40,5/12/2026,9.34,9.88,9.34,9.88,5.78,2100.0,10.36,8.73
RBBF40,5/13/2026,9.59,9.88,9.5,9.51,-0.83,7100.0,10.36,8.73
RBBF40,5/14/2026,9.24,9.7,9.24,9.41,1.84,16500.0,10.36,8.73
RBBF40,5/15/2026,9.25,9.98,9.25,9.5,2.7,5969.0,10.36,8.73
RBBF40,5/18/2026,9.5,9.55,9.26,9.36,-1.47,2500.0,10.36,8.73
RBBF40,5/19/2026,9.55,10.0,9.55,9.55,0.0,2500.0,10.36,8.73
RBBF40,5/20/2026,9.5,9.7,9.3,9.7,2.11,1400.0,10.36,8.73
RBBF40,5/21/2026,9.7,9.74,9.42,9.52,-1.86,2200.0,10.36,8.73
RBBF40,5/22/2026,9.6,9.8,9.45,9.45,-1.56,2700.0,10.36,8.73
RBBF40,5/25/2026,9.33,9.69,9.33,9.41,0.86,2300.0,10.36,8.73
RBBF40,5/26/2026,9.4,9.4,9.25,9.31,-0.96,9900.0,10.36,8.73
RBBF40,5/27/2026,9.3,9.85,9.3,9.61,3.33,10000.0,10.36,8.73
RBBF40,6/1/2026,9.5,9.5,9.35,9.35,-1.58,2400.0,10.36,8.73
RBBF40,6/2/2026,9.3,9.69,9.14,9.45,1.61,2500.0,10.36,8.73
RBBF40,6/3/2026,9.17,9.6,9.17,9.29,1.31,7800.0,10.36,8.73
RBBF40,6/4/2026,9.29,9.56,9.28,9.36,0.75,2000.0,10.36,8.73
RBBF40,6/5/2026,9.5,9.7,9.4,9.42,-0.84,2100.0,10.36,8.73
RBBF40,6/8/2026,9.22,9.5,9.22,9.5,3.04,3280.0,10.36,8.73
RBBF40,6/9/2026,9.3,9.3,9.3,9.3,0.0,400.0,10.36,8.73
RBBF40,6/10/2026,9.3,9.3,9.3,9.3,0.0,700.0,10.36,8.73
RBBF40,6/11/2026,9.3,9.4,9.2,9.25,-0.54,610.0,10.36,8.73
RBBF40,6/12/2026,9.25,9.47,9.2,9.47,2.38,800.0,10.36,8.73
RBBF40,6/15/2026,9.2,9.26,9.2,9.25,0.54,900.0,10.36,8.73
RBBF40,6/16/2026,9.5,9.52,9.5,9.5,0.0,10650.0,10.36,8.73
RBBF40,6/17/2026,9.3,9.5,9.23,9.36,0.65,1350.0,10.36,8.73
RBBF40,6/18/2026,9.4,9.52,9.4,9.52,1.28,2200.0,10.36,8.73
RBBF40,6/19/2026,9.45,9.45,9.25,9.45,0.0,500.0,10.36,8.73
RBBF40,6/22/2026,9.5,9.5,9.31,9.34,-1.68,1100.0,10.36,8.73
RBBF40,6/23/2026,9.2,9.25,9.2,9.21,0.11,6549.0,10.36,8.73
RBBF40,6/24/2026,9.48,9.48,9.2,9.2,-2.95,3750.0,10.36,8.73
RBBF40,6/26/2026,9.11,9.19,9.11,9.18,0.77,2100.0,10.36,8.73
RBBF40,6/29/2026,9.18,9.45,9.1,9.25,0.76,700.0,10.36,8.73
RBBF40,6/30/2026,9.2,9.47,9.16,9.3,1.09,2100.0,10.36,8.73
RBBF40,7/1/2026,9.03,9.39,9.03,9.13,1.11,800.0,10.36,8.73
RBBF40,7/2/2026,9.1,9.4,9.1,9.2,1.1,2100.0,10.36,8.73
RBBF40,7/3/2026,9.12,9.47,9.12,9.25,1.43,1550.0,10.36,8.73
RBBF40,7/6/2026,9.2,9.4,9.1,9.1,-1.09,7700.0,10.36,8.73
RBBF40,7/7/2026,9.2,10.36,9.2,10.36,12.61,10150.0,10.36,8.73
RBBF40,7/8/2026,10.05,10.36,9.5,9.83,-2.19,10481.0,10.36,8.73
RBBF40,7/9/2026,9.79,9.79,9.5,9.5,-2.96,2700.0,10.36,8.73
RBBF40,7/10/2026,9.25,9.5,9.25,9.26,0.11,2400.0,10.36,8.73
RBBF40,7/13/2026,9.5,9.53,9.15,9.15,-3.68,2652000.0,10.36,8.73
RBBF40,7/14/2026,9.15,9.5,9.01,9.3,1.64,2451040.0,10.36,8.73
RBBF40,7/15/2026,9.3,9.3,9.03,9.25,-0.54,38301.0,10.36,8.73
RBBF40,7/16/2026,9.71,9.99,9.15,9.99,2.88,12450.0,10.36,8.73
RBBF40,7/17/2026,9.7,9.7,9.23,9.38,-3.3,15441.0,10.36,8.73
RBBF40,7/20/2026,9.38,9.38,9.18,9.18,-2.13,91250.0,10.36,8.73
RBBF40,7/21/2026,9.1,9.2,9.1,9.18,0.88,6700.0,10.36,8.73
RBBF40,7/22/2026,9.21,9.34,9.15,9.34,1.41,49105.0,10.36,8.73
RBBF40,7/23/2026,9.07,9.2,9.01,9.19,1.32,176251.0,10.36,8.73
RBBF40,7/24/2026,8.95,9.32,8.95,9.32,4.13,11700.0,10.36,8.73
RBBF40,7/27/2026,9.07,9.3,9.07,9.29,2.43,49048.0,10.36,8.73
RBBF40,7/28/2026,9.05,9.26,9.0,9.0,-0.55,411785.0,10.36,8.73
RBBF40,7/29/2026,9.27,9.54,9.11,9.27,0.0,53594.0,10.36,8.73
RBBF40,7/30/2026,9.27,9.42,9.02,9.02,-2.7,1343.0,10.36,8.73
RBBF40,7/31/2026,9.29,9.29,9.01,9.03,-2.8,4000.0,10.36,8.73
RBBF40,8/3/2026,9.2,9.27,9.0,9.22,0.22,13150.0,10.36,8.73
RBBF40,8/4/2026,9.0,9.2,8.97,8.97,-0.33,23100.0,10.36,8.73
RBBF40,8/5/2026,9.0,9.15,9.0,9.15,1.67,24909.0,10.36,8.73
RBBF40,8/6/2026,9.02,9.1,9.02,9.04,0.22,14700.0,10.36,8.73
RBBF40,8/7/2026,9.49,9.49,9.01,9.01,-5.06,1948.0,10.36,8.73
RBBF40,8/10/2026,9.0,9.14,9.0,9.12,1.33,3054.0,10.36,8.73
RBBF40,8/11/2026,9.1,9.11,9.01,9.01,-0.99,25941.0,10.36,8.73
RBBF40,8/12/2026,9.2,10.35,9.1,9.1,-1.09,32410.0,10.36,8.73
RBBF40,8/13/2026,9.1,9.19,8.94,9.19,0.99,12144.0,10.36,8.73
RBBF40,8/14/2026,8.93,9.18,8.93,9.01,0.9,4150.0,10.36,8.73
RBBF40,8/17/2026,8.97,9.01,8.97,9.01,0.45,1350.0,10.36,8.73
RBBF40,8/18/2026,8.97,9.14,8.97,9.05,0.89,8200.0,10.36,8.73
RBBF40,8/19/2026,8.97,9.1,8.8,9.1,1.45,12450.0,10.36,8.73
RBBF40,8/20/2026,8.83,9.1,8.83,9.0,1.93,7200.0,10.36,8.73
RBBF40,8/21/2026,8.78,9.04,8.78,8.91,1.48,400.0,10.36,8.73
RBBF40,8/24/2026,8.88,9.1,8.88,9.0,1.35,259800.0,10.36,8.73
RBBF40,8/25/2026,9.1,9.38,9.1,9.3,2.2,123752.0,10.36,8.73
RBBF40,8/26/2026,9.11,9.3,9.11,9.3,2.09,69386.0,10.36,8.73
RBBF40,8/27/2026,9.45,9.45,9.25,9.25,-2.12,259200.0,10.36,8.73
RBBF40,8/31/2026,9.48,9.48,8.98,8.98,-5.27,200.0,10.36,8.73
RBBF40,9/1/2026,8.74,9.04,8.74,9.04,3.43,3100.0,10.36,8.73
RBBF40,9/2/2026,9.0,9.27,8.73,9.27,3.0,600.0,10.36,8.73
RBBF40,9/3/2026,9.0,9.0,8.75,9.0,0.0,700.0,10.36,8.73
RBBF40,9/7/2026,8.73,9.0,8.73,9.0,3.09,1100.0,10.36,8.73
RBBF40,9/9/2026,9.0,9.1,8.8,9.1,1.11,700.0,10.36,8.73
RBBF40,9/10/2026,9.0,9.2,8.9,9.2,2.22,1400.0,10.36,8.73
RBBF40,9/11/2026,9.0,9.27,8.9,9.0,0.0,1600.0,10.36,8.73
RBBF40,9/14/2026,9.0,9.0,8.85,8.85,-1.67,400.0,10.36,8.73
RBBF40,9/15/2026,8.9,9.3,8.87,9.11,2.36,800.0,10.36,8.73
RBBF40,9/16/2026,9.2,9.2,8.76,9.02,-1.96,900.0,10.36,8.73
RBBF40,9/17/2026,8.83,9.0,8.83,8.9,0.79,1900.0,10.36,8.73
RBBF40,9/18/2026,8.9,9.16,8.9,9.0,1.12,2700.0,10.36,8.73
RBBF40,9/22/2026,8.76,9.2,8.76,8.96,2.28,1290.0,10.36,8.73
RBBF40,9/23/2026,9.22,9.22,8.96,8.96,-2.82,1200.0,10.36,8.73
RBBF40,9/24/2026,8.8,9.1,8.8,8.95,1.7,4200.0,10.36,8.73
RBBF40,9/28/2026,8.95,8.96,8.92,8.96,0.11,1428.0,10.36,8.73
RBBF40,9/29/2026,8.77,9.0,8.77,0.0,-100.0,2200.0,10.36,8.73
RBBF40,9/30/2026,8.91,8.94,8.91,8.91,0.0,1400.0,10.36,8.73
RBBF40,10/1/2026,8.91,9.0,8.91,9.0,1.01,3900.0,10.36,8.73
RBBF40,10/2/2026,8.82,9.11,8.82,8.9,0.91,10491.0,10.36,8.73
RBCL,12/21/2025,14705.1,14989.0,14700.0,14710.0,,369.0,16261.0,13106.0
RBCL,12/22/2025,14710.0,14715.1,14700.1,14700.6,-0.06,73.0,16261.0,13106.0
RBCL,12/23/2025,14420.0,14550.1,14420.0,14550.0,-1.02,233.0,16261.0,13106.0
RBCL,12/24/2025,14550.0,15137.8,14550.0,14940.0,2.68,168.0,16261.0,13106.0
RBCL,12/28/2025,14700.0,15100.0,14641.2,15050.0,0.74,371.0,16261.0,13106.0
RBCL,12/29/2025,14905.0,15000.0,14832.0,14970.0,-0.53,535.0,16261.0,13106.0
RBCL,12/31/2025,15000.0,15000.0,14841.0,14841.0,-0.86,230.0,16261.0,13106.0
RBCL,1/1/2026,14553.0,14948.0,14550.1,14948.0,0.72,120.0,16261.0,13106.0
RBCL,1/4/2026,14655.1,15070.0,14655.1,14781.0,-1.12,70.0,16261.0,13106.0
RBCL,1/5/2026,14978.0,15000.0,14955.0,15000.0,1.48,427.0,16261.0,13106.0
RBCL,1/6/2026,15000.0,15000.0,14999.0,15000.0,0.0,140.0,16261.0,13106.0
RBCL,1/7/2026,15195.0,15195.0,14788.0,14794.0,-1.37,90.0,16261.0,13106.0
RBCL,1/8/2026,14794.0,14900.0,14794.0,14900.0,0.72,146.0,16261.0,13106.0
RBCL,1/12/2026,15000.0,15100.0,14750.0,14760.1,-0.94,506.0,16261.0,13106.0
RBCL,1/13/2026,15055.0,15055.0,14850.0,14850.0,0.61,572.0,16261.0,13106.0
RBCL,1/14/2026,14875.0,15000.0,14860.0,14980.0,0.88,207.0,16261.0,13106.0
RBCL,1/18/2026,14999.0,15000.0,14730.0,15000.0,0.13,202.0,16261.0,13106.0
RBCL,1/20/2026,15248.8,15250.0,14945.0,15013.0,0.09,320.0,16261.0,13106.0
RBCL,1/21/2026,15200.0,15200.0,14900.0,14900.0,-0.75,70.0,16261.0,13106.0
RBCL,1/22/2026,14805.1,14990.0,14800.1,14990.0,0.6,70.0,16261.0,13106.0
RBCL,1/25/2026,14800.0,15038.9,14800.0,15022.0,0.21,250.0,16261.0,13106.0
RBCL,1/26/2026,15000.0,15179.9,14980.0,15000.0,-0.15,100.0,16261.0,13106.0
RBCL,1/27/2026,15000.0,15000.0,14933.0,14934.0,-0.44,230.0,16261.0,13106.0
RBCL,1/28/2026,14901.1,15028.0,14860.0,15028.0,0.63,1090.0,16261.0,13106.0
RBCL,1/29/2026,14902.0,15000.0,14902.0,15000.0,-0.19,1196.0,16261.0,13106.0
RBCL,2/1/2026,15000.0,15050.0,14886.0,14900.0,-0.67,440.0,16261.0,13106.0
RBCL,2/2/2026,15120.0,15120.0,14900.0,14999.9,0.67,149.0,16261.0,13106.0
RBCL,2/3/2026,14811.0,15149.0,14810.0,14861.0,-0.93,450.0,16261.0,13106.0
RBCL,2/4/2026,14816.0,15000.0,14816.0,15000.0,0.94,100.0,16261.0,13106.0
RBCL,2/5/2026,14860.0,15049.0,14832.0,14910.0,-0.6,140.0,16261.0,13106.0
RBCL,2/8/2026,14999.0,15005.0,14950.0,15005.0,0.64,144.0,16261.0,13106.0
RBCL,2/9/2026,15005.0,15150.0,15005.0,15005.0,0.0,240.0,16261.0,13106.0
RBCL,2/10/2026,14860.0,15200.0,14858.0,15060.0,0.37,701.0,16261.0,13106.0
RBCL,2/11/2026,15190.0,15190.0,15010.0,15016.0,-0.29,430.0,16261.0,13106.0
RBCL,2/12/2026,14910.1,15200.0,14910.0,15200.0,1.23,722.0,16261.0,13106.0
RBCL,2/16/2026,15001.0,15050.0,15001.0,15050.0,-0.99,40.0,16261.0,13106.0
RBCL,2/17/2026,14870.0,15000.0,14866.0,15000.0,-0.33,160.0,16261.0,13106.0
RBCL,2/22/2026,14900.0,14910.0,14862.0,14900.0,-0.67,160.0,16261.0,13106.0
RBCL,2/23/2026,14711.0,14800.1,14711.0,14800.0,-0.67,125.0,16261.0,13106.0
RBCL,2/24/2026,14899.0,14899.0,14888.0,14889.0,0.6,70.0,16261.0,13106.0
RBCL,2/25/2026,14999.0,15020.0,14999.0,15000.0,0.75,90.0,16261.0,13106.0
RBCL,2/26/2026,14925.0,15200.0,14901.0,15120.0,0.8,182.0,16261.0,13106.0
RBCL,2/27/2026,14925.0,15200.0,14901.0,15120.0,0.0,182.0,16261.0,13106.0
RBCL,2/28/2026,14925.0,15200.0,14901.0,15120.0,0.0,182.0,16261.0,13106.0
RBCL,3/2/2026,14999.0,15105.0,14999.0,15105.0,-0.1,270.0,16261.0,13106.0
RBCL,3/3/2026,15001.0,15200.0,15001.0,15198.9,0.62,158.0,16261.0,13106.0
RBCL,3/4/2026,15001.0,15200.0,15001.0,15198.9,0.0,158.0,16261.0,13106.0
RBCL,3/5/2026,15001.0,15200.0,15001.0,15198.9,0.0,158.0,16261.0,13106.0
RBCL,3/6/2026,15001.0,15200.0,15001.0,15198.9,0.0,158.0,16261.0,13106.0
RBCL,3/7/2026,15001.0,15200.0,15001.0,15198.9,0.0,158.0,16261.0,13106.0
RBCL,3/8/2026,15001.0,15200.0,15001.0,15198.9,0.0,158.0,16261.0,13106.0
RBCL,3/10/2026,15502.8,15616.2,15305.0,15546.0,2.28,877.0,16261.0,13106.0
RBCL,3/11/2026,15849.0,15849.0,15307.0,15500.0,-0.3,60.0,16261.0,13106.0
RBCL,3/12/2026,15226.0,15490.0,15210.0,15337.0,-1.05,260.0,16261.0,13106.0
RBCL,3/13/2026,15226.0,15490.0,15210.0,15337.0,0.0,260.0,16261.0,13106.0
RBCL,3/14/2026,15226.0,15490.0,15210.0,15337.0,0.0,260.0,16261.0,13106.0
RBCL,3/15/2026,15399.0,15500.0,15302.9,15306.0,-0.2,232.0,16261.0,13106.0
RBCL,3/16/2026,15400.0,15616.0,15400.0,15550.0,1.59,925.0,16261.0,13106.0
RBCL,3/17/2026,15700.0,15700.0,15351.0,15500.0,-0.32,491.0,16261.0,13106.0
RBCL,3/18/2026,15700.0,15700.0,15351.0,15500.0,0.0,491.0,16261.0,13106.0
RBCL,3/19/2026,15552.1,15871.0,15552.1,15800.0,1.94,1271.0,16261.0,13106.0
RBCL,3/20/2026,15552.1,15871.0,15552.1,15800.0,0.0,1271.0,16261.0,13106.0
RBCL,3/21/2026,15552.1,15871.0,15552.1,15800.0,0.0,1271.0,16261.0,13106.0
RBCL,3/22/2026,15500.0,15950.0,15500.0,15950.0,0.95,904.0,16261.0,13106.0
RBCL,3/23/2026,15880.0,16000.0,15880.0,16000.0,0.31,450.0,16261.0,13106.0
RBCL,3/24/2026,15900.0,16261.0,15900.0,16000.0,0.0,800.0,16261.0,13106.0
RBCL,3/25/2026,16240.0,16240.0,15700.0,15700.0,-1.88,323.0,16261.0,13106.0
RBCL,3/26/2026,15932.0,15940.0,15930.0,15940.0,0.05,106.0,16261.0,13106.0
RBCL,3/29/2026,16243.8,16243.8,15552.0,15552.0,-4.26,502.0,16261.0,13106.0
RBCL,3/30/2026,15799.0,15799.0,15450.0,15450.0,-2.21,145.0,16261.0,13106.0
RBCL,3/31/2026,15402.1,15650.0,15401.0,15550.0,0.96,379.0,16261.0,13106.0
RBCL,4/1/2026,15549.0,15600.0,15270.3,15575.0,0.17,517.0,16261.0,13106.0
RBCL,4/2/2026,15575.0,15600.0,15316.0,15415.0,-1.03,171.0,16261.0,13106.0
RBCL,4/5/2026,15150.0,15150.0,14651.0,14651.0,-3.29,260.0,16261.0,13106.0
RBCL,4/6/2026,14944.0,15300.0,14900.0,15100.0,1.04,520.0,16261.0,13106.0
RBCL,4/7/2026,15199.0,15200.0,15001.0,15200.0,0.01,466.0,16261.0,13106.0
RBCL,4/8/2026,15200.0,15580.0,15030.0,15450.0,1.64,705.0,16261.0,13106.0
RBCL,4/9/2026,15400.0,15498.0,15315.0,15490.0,0.58,280.0,16261.0,13106.0
RBCL,4/10/2026,15500.0,15749.0,15251.0,15251.0,-1.61,138.0,16261.0,13106.0
RBCL,4/13/2026,15205.0,15550.0,15200.0,15550.0,2.27,215.0,16261.0,13106.0
RBCL,4/15/2026,15789.9,15789.9,15475.0,15685.0,-0.66,140.0,16261.0,13106.0
RBCL,4/16/2026,15555.0,15555.0,15410.0,15550.0,-0.03,151.0,16261.0,13106.0
RBCL,4/17/2026,15450.0,15599.0,15350.0,15350.0,-0.65,195.0,16261.0,13106.0
RBCL,4/20/2026,15310.2,15350.0,15275.0,15350.0,0.26,99.0,16261.0,13106.0
RBCL,4/21/2026,14921.0,15445.0,14921.0,15111.1,1.27,180.0,16261.0,13106.0
RBCL,4/22/2026,14710.0,15400.0,14710.0,15400.0,4.69,42.0,16261.0,13106.0
RBCL,4/23/2026,15051.0,15051.0,15051.0,15051.0,0.0,40.0,16261.0,13106.0
RBCL,4/24/2026,15050.0,15350.0,15000.0,15350.0,1.99,140.0,16261.0,13106.0
RBCL,4/27/2026,15350.0,15796.0,15201.0,15400.0,0.33,160.0,16261.0,13106.0
RBCL,4/28/2026,15400.0,15488.4,15200.0,15250.0,-0.97,335.0,16261.0,13106.0
RBCL,4/29/2026,15250.0,15055.0,15010.0,15010.0,-1.57,63.0,16261.0,13106.0
RBCL,4/30/2026,14712.0,15010.0,14712.0,15000.0,1.96,60.0,16261.0,13106.0
RBCL,5/4/2026,14860.0,14997.0,14851.0,14997.0,0.92,60.0,16261.0,13106.0
RBCL,5/5/2026,15000.0,15000.0,14801.0,14850.0,-1.0,70.0,16261.0,13106.0
RBCL,5/6/2026,14800.0,15000.0,14800.0,15000.0,1.35,355.0,16261.0,13106.0
RBCL,5/7/2026,14777.2,14777.2,14750.0,14750.0,-0.18,60.0,16261.0,13106.0
RBCL,5/8/2026,15000.0,15100.0,15000.0,15100.0,0.67,48.0,16261.0,13106.0
RBCL,5/11/2026,15499.9,15505.0,15035.0,15505.0,0.03,1828.0,16261.0,13106.0
RBCL,5/12/2026,15200.3,15550.0,15200.3,15500.0,1.97,55.0,16261.0,13106.0
RBCL,5/13/2026,15101.7,15390.0,15015.0,15031.0,-0.47,305.0,16261.0,13106.0
RBCL,5/14/2026,15001.1,15001.1,14900.0,14900.0,-0.67,45.0,16261.0,13106.0
RBCL,5/15/2026,15346.0,15400.0,14920.0,15400.0,0.35,185.0,16261.0,13106.0
RBCL,5/18/2026,14945.0,15390.0,14945.0,15000.0,0.37,85.0,16261.0,13106.0
RBCL,5/19/2026,15350.0,15350.0,15299.0,15299.0,-0.33,30.0,16261.0,13106.0
RBCL,5/20/2026,15000.0,15400.0,15000.0,15400.0,2.67,110.0,16261.0,13106.0
RBCL,5/21/2026,15000.2,15000.2,15000.0,15000.0,-0.0,50.0,16261.0,13106.0
RBCL,5/22/2026,15000.0,15000.0,14915.1,14931.0,-0.46,135.0,16261.0,13106.0
RBCL,5/25/2026,14994.0,15292.9,14994.0,15002.0,0.05,100.0,16261.0,13106.0
RBCL,5/26/2026,15200.0,15398.0,15199.0,15347.7,0.97,885.0,16261.0,13106.0
RBCL,5/27/2026,15300.0,15635.0,15120.0,15635.0,2.19,640.0,16261.0,13106.0
RBCL,6/1/2026,15555.0,15600.0,15002.1,15205.1,-2.25,496.0,16261.0,13106.0
RBCL,6/2/2026,15050.0,15380.0,15001.0,15200.0,1.0,180.0,16261.0,13106.0
RBCL,6/3/2026,15201.0,15450.0,15109.0,15399.0,1.3,457.0,16261.0,13106.0
RBCL,6/4/2026,15449.0,15450.0,15122.0,15122.0,-2.12,131.0,16261.0,13106.0
RBCL,6/5/2026,15206.0,15310.0,15201.0,15310.0,0.68,106.0,16261.0,13106.0
RBCL,6/8/2026,15310.0,15310.0,15110.0,15116.0,-1.27,192.0,16261.0,13106.0
RBCL,6/9/2026,15000.0,15049.9,14902.0,15049.9,0.33,160.0,16261.0,13106.0
RBCL,6/10/2026,15000.1,15200.0,14981.0,14981.0,-0.13,160.0,16261.0,13106.0
RBCL,6/11/2026,15390.0,15390.0,14906.0,14910.0,-3.12,200.0,16261.0,13106.0
RBCL,6/12/2026,15138.0,15141.0,14916.0,15049.9,-0.58,70.0,16261.0,13106.0
RBCL,6/15/2026,14801.0,14806.0,14801.0,14806.0,0.03,20.0,16261.0,13106.0
RBCL,6/16/2026,14723.0,14949.9,14700.0,14945.0,1.51,210.0,16261.0,13106.0
RBCL,6/17/2026,14606.6,14967.0,14606.6,14700.0,0.64,137.0,16261.0,13106.0
RBCL,6/18/2026,14700.0,14937.9,14510.0,14790.0,0.61,70.0,16261.0,13106.0
RBCL,6/19/2026,14521.0,14759.0,14500.0,14500.0,-0.14,176.0,16261.0,13106.0
RBCL,6/22/2026,14500.0,14699.0,14490.0,14490.0,-0.07,70.0,16261.0,13106.0
RBCL,6/23/2026,14450.0,14499.0,14350.0,14360.0,-0.62,147.0,16261.0,13106.0
RBCL,6/24/2026,14301.0,14399.0,14300.0,14399.0,0.69,50.0,16261.0,13106.0
RBCL,6/26/2026,14360.0,14645.0,14355.0,14645.0,1.98,50.0,16261.0,13106.0
RBCL,6/29/2026,14407.0,14407.0,14251.0,14251.0,-1.08,120.0,16261.0,13106.0
RBCL,6/30/2026,14200.0,14200.0,14015.0,14200.0,0.0,35.0,16261.0,13106.0
RBCL,7/1/2026,14300.0,14497.5,14250.0,14490.0,1.33,110.0,16261.0,13106.0
RBCL,7/2/2026,14305.0,14449.9,14149.9,14449.9,1.01,175.0,16261.0,13106.0
RBCL,7/3/2026,14300.0,14400.0,14300.0,14400.0,0.7,150.0,16261.0,13106.0
RBCL,7/6/2026,14599.0,14650.0,14200.0,14200.0,-2.73,281.0,16261.0,13106.0
RBCL,7/7/2026,14500.0,14500.0,14500.0,14500.0,0.0,90.0,16261.0,13106.0
RBCL,7/8/2026,14480.0,14490.0,14210.0,14210.0,-1.86,240.0,16261.0,13106.0
RBCL,7/9/2026,14300.0,14300.0,14201.0,14201.0,-0.69,160.0,16261.0,13106.0
RBCL,7/10/2026,14250.0,14499.0,14151.0,14492.0,1.7,100.0,16261.0,13106.0
RBCL,7/13/2026,14252.0,14450.0,14252.0,14450.0,1.39,30.0,16261.0,13106.0
RBCL,7/14/2026,14399.9,14449.0,14160.0,14399.0,-0.01,105.0,16261.0,13106.0
RBCL,7/15/2026,14699.0,14699.0,14699.0,14699.0,0.0,10.0,16261.0,13106.0
RBCL,7/16/2026,14797.0,14897.0,14455.0,14879.0,0.55,60.0,16261.0,13106.0
RBCL,7/17/2026,14893.0,14894.0,14893.0,14894.0,0.01,30.0,16261.0,13106.0
RBCL,7/20/2026,14631.0,14631.0,14626.0,14627.0,-0.03,100.0,16261.0,13106.0
RBCL,7/21/2026,14898.0,14898.0,14898.0,14898.0,0.0,10.0,16261.0,13106.0
RBCL,7/22/2026,14590.0,14590.0,14474.0,14474.0,-0.8,40.0,16261.0,13106.0
RBCL,7/23/2026,14900.0,14900.0,14500.0,14895.0,-0.03,60.0,16261.0,13106.0
RBCL,7/24/2026,14510.0,14600.2,14501.0,14600.2,0.62,100.0,16261.0,13106.0
RBCL,7/27/2026,14600.0,14799.9,14600.0,14739.0,0.95,70.0,16261.0,13106.0
RBCL,7/28/2026,14575.0,14575.0,14575.0,14575.0,0.0,10.0,16261.0,13106.0
RBCL,7/29/2026,14575.0,14575.0,14557.0,14557.0,-0.12,20.0,16261.0,13106.0
RBCL,7/30/2026,14500.0,14699.0,14000.0,14600.0,0.69,867.0,16261.0,13106.0
RBCL,7/31/2026,14168.0,14500.0,14168.0,14206.0,0.27,60.0,16261.0,13106.0
RBCL,8/3/2026,14251.0,14590.0,14250.0,14590.0,2.38,50.0,16261.0,13106.0
RBCL,8/4/2026,14568.0,14568.0,14450.0,14450.0,-0.81,30.0,16261.0,13106.0
RBCL,8/5/2026,14230.0,14230.0,14230.0,14230.0,0.0,10.0,16261.0,13106.0
RBCL,8/6/2026,14211.0,14300.0,14201.0,14300.0,0.63,59.0,16261.0,13106.0
RBCL,8/7/2026,14060.0,14210.0,14060.0,14210.0,1.07,40.0,16261.0,13106.0
RBCL,8/10/2026,14000.0,14419.0,14000.0,14419.0,2.99,30.0,16261.0,13106.0
RBCL,8/11/2026,14399.0,14399.0,14108.1,14108.1,-2.02,50.0,16261.0,13106.0
RBCL,8/12/2026,14110.0,14110.0,14025.0,14025.0,-0.6,100.0,16261.0,13106.0
RBCL,8/13/2026,14200.0,14200.0,14200.0,14200.0,0.0,10.0,16261.0,13106.0
RBCL,8/14/2026,14200.0,14400.0,14150.0,14150.0,-0.35,40.0,16261.0,13106.0
RBCL,8/17/2026,14050.0,14100.0,14000.0,14100.0,0.36,70.0,16261.0,13106.0
RBCL,8/18/2026,13801.0,14000.0,13801.0,14000.0,1.44,94.0,16261.0,13106.0
RBCL,8/19/2026,14010.0,14049.9,13803.0,14049.9,0.28,180.0,16261.0,13106.0
RBCL,8/20/2026,14000.0,14000.0,13815.0,13815.0,-1.32,20.0,16261.0,13106.0
RBCL,8/21/2026,13660.0,14069.8,13660.0,14069.8,3.0,20.0,16261.0,13106.0
RBCL,8/24/2026,13900.0,14098.0,13761.0,13803.0,-0.7,60.0,16261.0,13106.0
RBCL,8/25/2026,14000.0,14217.0,14000.0,14149.0,1.06,100.0,16261.0,13106.0
RBCL,8/26/2026,14275.0,14275.0,13735.0,13800.0,-3.33,50.0,16261.0,13106.0
RBCL,8/27/2026,13400.0,13802.0,13400.0,13802.0,3.0,20.0,16261.0,13106.0
RBCL,8/31/2026,13470.0,13470.0,13388.0,13388.0,-0.61,225.0,16261.0,13106.0
RBCL,9/1/2026,13789.0,13789.0,13500.0,13500.0,-2.1,30.0,16261.0,13106.0
RBCL,9/2/2026,13106.0,13699.0,13106.0,13301.0,1.49,255.0,16261.0,13106.0
RBCL,9/3/2026,13400.0,13489.0,13355.0,13355.0,-0.34,50.0,16261.0,13106.0
RBCL,9/7/2026,13755.6,13755.6,13755.6,13755.6,0.0,10.0,16261.0,13106.0
RBCL,9/9/2026,14168.0,14168.0,13381.1,13381.1,-5.55,60.0,16261.0,13106.0
RBCL,9/10/2026,13303.0,13500.0,13250.0,13250.0,-0.4,550.0,16261.0,13106.0
RBCL,9/11/2026,13579.0,13620.0,13579.0,13620.0,0.3,40.0,16261.0,13106.0
RBCL,9/14/2026,13365.0,13365.0,13330.0,13330.0,-0.26,101.0,16261.0,13106.0
RBCL,9/15/2026,13350.0,13800.0,13350.0,13601.0,1.88,314.0,16261.0,13106.0
RBCL,9/16/2026,13898.0,13900.0,13500.0,13601.0,-2.14,160.0,16261.0,13106.0
RBCL,9/17/2026,14000.0,14000.0,13600.0,13655.0,-2.46,50.0,16261.0,13106.0
RBCL,9/18/2026,13675.0,13675.0,13675.0,13675.0,0.0,20.0,16261.0,13106.0
RBCL,9/22/2026,14000.0,14400.0,14000.0,14000.0,0.0,232.0,16261.0,13106.0
RBCL,9/23/2026,13701.0,13801.0,13701.0,13801.0,0.73,30.0,16261.0,13106.0
RBCL,9/24/2026,13825.1,14200.0,13825.0,14000.0,1.27,61.0,16261.0,13106.0
RBCL,9/28/2026,13900.0,14000.0,13780.0,13780.0,-0.86,100.0,16261.0,13106.0
RBCL,9/29/2026,13994.0,14000.0,13994.0,0.0,-100.0,60.0,16261.0,13106.0
RBCL,9/30/2026,13999.4,14025.0,13733.4,14000.0,0.0,207.0,16261.0,13106.0
RBCL,10/1/2026,13999.0,14069.0,13801.0,13801.0,-1.41,61.0,16261.0,13106.0
RBCL,10/2/2026,13990.0,14000.0,13607.2,13999.0,0.06,80.0,16261.0,13106.0
RBCLPO,12/23/2025,11801.0,11801.0,11710.1,11710.1,,30.0,13420.9,10554.0
RBCLPO,12/24/2025,11942.0,11944.3,11942.0,11944.3,2.0,90.0,13420.9,10554.0
RBCLPO,12/28/2025,12000.0,12100.0,11999.0,12050.0,0.88,564.0,13420.9,10554.0
RBCLPO,12/29/2025,12000.0,12000.0,11980.0,12000.0,-0.41,150.0,13420.9,10554.0
RBCLPO,12/31/2025,12030.0,12060.0,12010.0,12060.0,0.5,80.0,13420.9,10554.0
RBCLPO,1/1/2026,12020.0,12060.0,12000.0,12005.0,-0.46,193.0,13420.9,10554.0
RBCLPO,1/5/2026,11998.0,12000.0,11998.0,12000.0,-0.04,70.0,13420.9,10554.0
RBCLPO,1/6/2026,11801.0,11801.0,11800.0,11800.0,-1.67,40.0,13420.9,10554.0
RBCLPO,1/7/2026,11775.0,11775.0,11775.0,11775.0,-0.21,20.0,13420.9,10554.0
RBCLPO,1/8/2026,11900.0,12010.0,11900.0,12000.0,1.91,163.0,13420.9,10554.0
RBCLPO,1/12/2026,11810.0,11810.0,11810.0,11810.0,-1.58,10.0,13420.9,10554.0
RBCLPO,1/13/2026,11999.0,11999.0,11851.0,11851.0,0.35,20.0,13420.9,10554.0
RBCLPO,1/14/2026,11680.0,11760.0,11670.0,11710.0,-1.19,140.0,13420.9,10554.0
RBCLPO,1/18/2026,11944.0,11944.0,11944.0,11944.0,2.0,10.0,13420.9,10554.0
RBCLPO,1/20/2026,12150.0,12150.0,12000.0,12030.0,0.72,50.0,13420.9,10554.0
RBCLPO,1/21/2026,12030.0,12030.0,11800.0,11800.0,-1.91,80.0,13420.9,10554.0
RBCLPO,1/22/2026,11700.0,11950.0,11655.0,11950.0,1.27,33.0,13420.9,10554.0
RBCLPO,1/25/2026,11900.0,12200.0,11900.0,12200.0,2.09,303.0,13420.9,10554.0
RBCLPO,1/26/2026,11971.0,11971.0,11962.0,11962.0,-1.95,163.0,13420.9,10554.0
RBCLPO,1/27/2026,12200.0,12200.0,11961.0,12000.0,0.32,140.0,13420.9,10554.0
RBCLPO,1/28/2026,12228.0,12228.0,12228.0,12228.0,1.9,10.0,13420.9,10554.0
RBCLPO,1/29/2026,12010.0,12010.0,11800.0,11800.0,-3.5,641.0,13420.9,10554.0
RBCLPO,2/1/2026,11700.0,12030.0,11700.0,12030.0,1.95,20.0,13420.9,10554.0
RBCLPO,2/2/2026,12000.0,12000.0,12000.0,12000.0,-0.25,70.0,13420.9,10554.0
RBCLPO,2/3/2026,11764.0,11790.0,11530.0,11790.0,-1.75,185.0,13420.9,10554.0
RBCLPO,2/4/2026,11722.0,11722.0,11722.0,11722.0,-0.58,20.0,13420.9,10554.0
RBCLPO,2/5/2026,11900.0,11956.0,11900.0,11956.0,2.0,60.0,13420.9,10554.0
RBCLPO,2/8/2026,11755.0,11755.0,11741.1,11741.1,-1.8,20.0,13420.9,10554.0
RBCLPO,2/9/2026,11975.0,11975.0,11800.0,11830.0,0.76,180.0,13420.9,10554.0
RBCLPO,2/10/2026,12000.0,12000.0,12000.0,12000.0,1.44,10.0,13420.9,10554.0
RBCLPO,2/11/2026,12000.0,12000.5,12000.0,12000.0,0.0,110.0,13420.9,10554.0
RBCLPO,2/12/2026,11950.0,12000.0,11950.0,12000.0,0.0,175.0,13420.9,10554.0
RBCLPO,2/16/2026,12000.0,12000.0,12000.0,12000.0,0.0,30.0,13420.9,10554.0
RBCLPO,2/17/2026,11999.9,12000.0,11810.0,11810.0,-1.58,87.0,13420.9,10554.0
RBCLPO,2/22/2026,11697.0,11697.0,11697.0,11697.0,-0.96,10.0,13420.9,10554.0
RBCLPO,2/23/2026,11930.0,12168.6,11930.0,12168.6,4.03,20.0,13420.9,10554.0
RBCLPO,2/26/2026,11927.0,12168.0,11927.0,12168.0,-0.0,50.0,13420.9,10554.0
RBCLPO,2/27/2026,11927.0,12168.0,11927.0,12168.0,0.0,50.0,13420.9,10554.0
RBCLPO,2/28/2026,11927.0,12168.0,11927.0,12168.0,0.0,50.0,13420.9,10554.0
RBCLPO,3/2/2026,11924.7,11924.7,11851.0,11851.0,-2.61,40.0,13420.9,10554.0
RBCLPO,3/3/2026,11614.0,11847.0,11614.0,11847.0,-0.03,80.0,13420.9,10554.0
RBCLPO,3/4/2026,11614.0,11847.0,11614.0,11847.0,0.0,80.0,13420.9,10554.0
RBCLPO,3/5/2026,11614.0,11847.0,11614.0,11847.0,0.0,80.0,13420.9,10554.0
RBCLPO,3/6/2026,11614.0,11847.0,11614.0,11847.0,0.0,80.0,13420.9,10554.0
RBCLPO,3/7/2026,11614.0,11847.0,11614.0,11847.0,0.0,80.0,13420.9,10554.0
RBCLPO,3/8/2026,11614.0,11847.0,11614.0,11847.0,0.0,80.0,13420.9,10554.0
RBCLPO,3/10/2026,12000.0,12200.0,12000.0,12200.0,2.98,130.0,13420.9,10554.0
RBCLPO,3/12/2026,12011.0,12100.0,11956.0,12000.0,-1.64,140.0,13420.9,10554.0
RBCLPO,3/13/2026,12011.0,12100.0,11956.0,12000.0,0.0,140.0,13420.9,10554.0
RBCLPO,3/14/2026,12011.0,12100.0,11956.0,12000.0,0.0,140.0,13420.9,10554.0
RBCLPO,3/15/2026,12240.0,12478.0,12240.0,12478.0,3.98,400.0,13420.9,10554.0
RBCLPO,3/16/2026,12240.0,12241.0,12001.0,12241.0,-1.9,110.0,13420.9,10554.0
RBCLPO,3/17/2026,12300.0,12300.0,12300.0,12300.0,0.48,30.0,13420.9,10554.0
RBCLPO,3/18/2026,12300.0,12300.0,12300.0,12300.0,0.0,30.0,13420.9,10554.0
RBCLPO,3/19/2026,12400.0,12647.0,12300.0,12647.0,2.82,210.0,13420.9,10554.0
RBCLPO,3/20/2026,12400.0,12647.0,12300.0,12647.0,0.0,210.0,13420.9,10554.0
RBCLPO,3/21/2026,12400.0,12647.0,12300.0,12647.0,0.0,210.0,13420.9,10554.0
RBCLPO,3/22/2026,12700.1,12900.0,12700.0,12900.0,2.0,316.0,13420.9,10554.0
RBCLPO,3/23/2026,12642.0,13010.1,12401.0,12900.0,0.0,225.0,13420.9,10554.0
RBCLPO,3/24/2026,13148.9,13420.9,12800.0,12800.0,-0.78,709.0,13420.9,10554.0
RBCLPO,3/25/2026,13000.0,13000.0,12751.0,12751.0,-0.38,40.0,13420.9,10554.0
RBCLPO,3/26/2026,12800.0,12800.0,12545.0,12800.0,0.0,110.0,13420.9,10554.0
RBCLPO,3/29/2026,12863.0,12863.0,12355.1,12355.1,-3.95,340.0,13420.9,10554.0
RBCLPO,3/30/2026,12355.0,12355.0,12300.0,12300.0,-0.45,50.0,13420.9,10554.0
RBCLPO,3/31/2026,12545.0,12546.0,12200.0,12200.0,-2.75,230.0,13420.9,10554.0
RBCLPO,4/1/2026,12232.0,12400.0,12231.0,12231.0,-0.01,120.0,13420.9,10554.0
RBCLPO,4/2/2026,11990.0,12720.0,11750.0,12720.0,6.09,310.0,13420.9,10554.0
RBCLPO,4/5/2026,12465.6,12465.6,11732.6,11732.6,-5.88,70.0,13420.9,10554.0
RBCLPO,4/6/2026,11967.2,12206.5,11967.2,12206.5,2.0,21.0,13420.9,10554.0
RBCLPO,4/7/2026,11970.0,11970.0,11965.0,11965.0,-0.04,20.0,13420.9,10554.0
RBCLPO,4/8/2026,12204.0,12645.0,12204.0,12393.0,1.55,137.0,13420.9,10554.0
RBCLPO,4/9/2026,12146.0,12388.9,12146.0,12388.9,2.0,112.0,13420.9,10554.0
RBCLPO,4/13/2026,12600.0,12600.0,12600.0,12600.0,0.0,20.0,13420.9,10554.0
RBCLPO,4/15/2026,12499.0,12600.0,12499.0,12600.0,0.81,440.0,13420.9,10554.0
RBCLPO,4/16/2026,12590.0,12590.0,12590.0,12590.0,0.0,20.0,13420.9,10554.0
RBCLPO,4/17/2026,12348.0,12348.0,12115.0,12115.0,-1.89,20.0,13420.9,10554.0
RBCLPO,4/21/2026,11911.0,11911.0,11911.0,11911.0,0.0,50.0,13420.9,10554.0
RBCLPO,4/22/2026,12100.0,12268.0,12100.0,12268.0,1.39,50.0,13420.9,10554.0
RBCLPO,4/24/2026,12268.0,11902.0,11901.0,11901.0,-2.99,30.0,13420.9,10554.0
RBCLPO,4/27/2026,11901.0,12000.0,11900.0,11900.0,-0.01,110.0,13420.9,10554.0
RBCLPO,4/28/2026,11900.0,12097.8,11745.5,12097.8,1.66,69.0,13420.9,10554.0
RBCLPO,5/4/2026,11740.0,11740.0,11740.0,11740.0,0.0,10.0,13420.9,10554.0
RBCLPO,5/7/2026,11550.0,11550.0,11550.0,11550.0,0.0,10.0,13420.9,10554.0
RBCLPO,5/11/2026,11896.5,11896.5,11896.5,11896.5,0.0,10.0,13420.9,10554.0
RBCLPO,5/13/2026,11651.2,11651.2,11651.2,11651.2,0.0,10.0,13420.9,10554.0
RBCLPO,5/14/2026,11601.3,12000.7,11302.0,12000.7,3.44,220.0,13420.9,10554.0
RBCLPO,5/15/2026,12100.0,12100.0,12100.0,12100.0,0.0,10.0,13420.9,10554.0
RBCLPO,5/19/2026,11738.0,11783.0,11440.0,11783.0,0.38,140.0,13420.9,10554.0
RBCLPO,5/20/2026,11999.0,12136.4,11999.0,12136.4,1.15,210.0,13420.9,10554.0
RBCLPO,5/22/2026,12136.4,12136.4,11800.0,11800.0,-2.77,30.0,13420.9,10554.0
RBCLPO,5/25/2026,11705.0,11705.0,11700.0,11700.0,-0.04,100.0,13420.9,10554.0
RBCLPO,5/26/2026,11895.0,11895.0,11895.0,11895.0,0.0,20.0,13420.9,10554.0
RBCLPO,5/27/2026,11990.0,12725.4,11990.0,12162.0,1.43,200.0,13420.9,10554.0
RBCLPO,6/1/2026,11800.1,11900.2,11800.0,11900.1,0.85,65.0,13420.9,10554.0
RBCLPO,6/2/2026,11995.0,12000.0,11995.0,12000.0,0.04,30.0,13420.9,10554.0
RBCLPO,6/3/2026,12000.0,12360.0,12000.0,12360.0,3.0,580.0,13420.9,10554.0
RBCLPO,6/5/2026,11990.0,11990.0,11703.6,11900.0,-0.75,110.0,13420.9,10554.0
RBCLPO,6/8/2026,12250.0,12250.0,11885.0,11885.0,-2.98,25.0,13420.9,10554.0
RBCLPO,6/9/2026,11885.0,11885.0,11885.0,11885.0,0.0,10.0,13420.9,10554.0
RBCLPO,6/10/2026,11885.0,11885.0,11885.0,11885.0,0.0,10.0,13420.9,10554.0
RBCLPO,6/11/2026,11713.2,11715.5,11713.2,11715.5,0.02,20.0,13420.9,10554.0
RBCLPO,6/15/2026,11700.0,11725.0,11700.0,11700.0,0.0,60.0,13420.9,10554.0
RBCLPO,6/16/2026,11750.0,11750.0,11750.0,11750.0,0.0,10.0,13420.9,10554.0
RBCLPO,6/17/2026,11700.0,11700.0,11600.2,11600.2,-0.85,20.0,13420.9,10554.0
RBCLPO,6/18/2026,11700.0,11700.0,11700.0,11700.0,0.0,28.0,13420.9,10554.0
RBCLPO,6/19/2026,11552.0,11552.0,11550.0,11550.0,-0.02,50.0,13420.9,10554.0
RBCLPO,6/22/2026,11500.0,11500.0,11340.0,11365.0,-1.17,130.0,13420.9,10554.0
RBCLPO,6/23/2026,11160.1,11494.9,11160.1,11494.9,3.0,100.0,13420.9,10554.0
RBCLPO,6/24/2026,11350.0,11500.0,11300.0,11400.0,0.44,110.0,13420.9,10554.0
RBCLPO,6/26/2026,11300.0,11300.0,11300.0,11300.0,0.0,70.0,13420.9,10554.0
RBCLPO,6/29/2026,11200.0,11549.9,11125.0,11549.9,3.12,60.0,13420.9,10554.0
RBCLPO,6/30/2026,11225.0,11777.6,11110.0,11777.6,4.92,140.0,13420.9,10554.0
RBCLPO,7/1/2026,11424.3,11730.0,11424.3,11730.0,2.68,20.0,13420.9,10554.0
RBCLPO,7/2/2026,11730.0,11730.0,11730.0,11730.0,0.0,3.0,13420.9,10554.0
RBCLPO,7/3/2026,11450.0,11450.0,11450.0,11450.0,0.0,20.0,13420.9,10554.0
RBCLPO,7/8/2026,11140.0,11444.0,11140.0,11444.0,2.73,45.0,13420.9,10554.0
RBCLPO,7/9/2026,11125.0,11399.0,11125.0,11399.0,2.46,60.0,13420.9,10554.0
RBCLPO,7/13/2026,11153.0,11397.0,11150.1,11397.0,2.19,70.0,13420.9,10554.0
RBCLPO,7/14/2026,11100.0,11729.0,11000.0,11729.0,5.67,311.0,13420.9,10554.0
RBCLPO,7/15/2026,11380.0,11690.0,11050.0,11690.0,2.72,240.0,13420.9,10554.0
RBCLPO,7/16/2026,11350.0,12828.0,11350.0,12828.0,13.02,350.0,13420.9,10554.0
RBCLPO,7/17/2026,12443.2,12443.2,12000.0,12100.0,-2.76,75.0,13420.9,10554.0
RBCLPO,7/20/2026,12100.0,12100.0,12100.0,12100.0,0.0,50.0,13420.9,10554.0
RBCLPO,7/21/2026,12150.0,12150.0,11999.0,11999.0,-1.24,30.0,13420.9,10554.0
RBCLPO,7/24/2026,11710.0,11710.2,11710.0,11710.0,0.0,40.0,13420.9,10554.0
RBCLPO,7/27/2026,11670.2,11670.2,11378.0,11378.0,-2.5,100.0,13420.9,10554.0
RBCLPO,7/28/2026,11450.0,11450.0,11450.0,11450.0,0.0,30.0,13420.9,10554.0
RBCLPO,7/29/2026,11593.0,11593.0,11593.0,11593.0,0.0,25.0,13420.9,10554.0
RBCLPO,8/3/2026,11410.0,11410.0,11380.0,11380.0,-0.26,20.0,13420.9,10554.0
RBCLPO,8/5/2026,11380.0,11662.0,11380.0,11662.0,2.48,70.0,13420.9,10554.0
RBCLPO,8/6/2026,11380.0,11380.0,11380.0,11380.0,0.0,15.0,13420.9,10554.0
RBCLPO,8/13/2026,11225.0,11225.0,11225.0,11225.0,0.0,40.0,13420.9,10554.0
RBCLPO,8/14/2026,11195.0,11195.0,11001.0,11050.0,-1.3,130.0,13420.9,10554.0
RBCLPO,8/24/2026,11110.0,11368.0,11110.0,11368.0,2.32,70.0,13420.9,10554.0
RBCLPO,8/25/2026,11090.0,11090.0,11090.0,11090.0,0.0,10.0,13420.9,10554.0
RBCLPO,8/26/2026,11299.0,11299.0,11299.0,11299.0,0.0,10.0,13420.9,10554.0
RBCLPO,8/27/2026,11100.0,11200.0,11100.0,11200.0,0.9,20.0,13420.9,10554.0
RBCLPO,8/31/2026,10867.0,10900.0,10864.1,10900.0,0.3,60.0,13420.9,10554.0
RBCLPO,9/2/2026,10573.1,10890.2,10573.1,10890.2,3.0,70.0,13420.9,10554.0
RBCLPO,9/3/2026,11215.0,11215.1,11215.0,11215.1,0.0,20.0,13420.9,10554.0
RBCLPO,9/7/2026,10900.0,11551.5,10900.0,11551.5,5.98,60.0,13420.9,10554.0
RBCLPO,9/9/2026,11210.0,11210.0,11210.0,11210.0,0.0,10.0,13420.9,10554.0
RBCLPO,9/10/2026,10873.7,11546.3,10554.0,11546.3,6.19,50.0,13420.9,10554.0
RBCLPO,9/11/2026,11200.0,11200.0,11200.0,11200.0,0.0,10.0,13420.9,10554.0
RBCLPO,9/15/2026,11536.0,11882.0,11536.0,11882.0,3.0,40.0,13420.9,10554.0
RBCLPO,9/16/2026,11525.6,11601.0,11525.6,11525.6,0.0,60.0,13420.9,10554.0
RBCLPO,9/22/2026,11870.0,11870.0,11870.0,11870.0,0.0,10.0,13420.9,10554.0
RBCLPO,9/24/2026,11514.0,11514.0,11514.0,11514.0,0.0,10.0,13420.9,10554.0
RBCLPO,9/29/2026,11514.0,11514.0,11514.0,11514.0,0.0,20.0,13420.9,10554.0
RFPL,12/21/2025,359.7,366.0,348.0,354.0,,228290.0,464.2,306.0
RFPL,12/22/2025,350.0,355.0,347.0,347.6,-1.81,128516.0,464.2,306.0
RFPL,12/23/2025,350.0,370.0,350.0,366.0,5.29,175636.0,464.2,306.0
RFPL,12/24/2025,360.0,370.9,360.0,368.0,0.55,114956.0,464.2,306.0
RFPL,12/28/2025,369.0,369.0,358.0,365.0,-0.82,174016.0,464.2,306.0
RFPL,12/29/2025,363.0,366.7,353.0,357.0,-2.19,145332.0,464.2,306.0
RFPL,12/31/2025,351.1,365.0,351.1,359.0,0.56,73967.0,464.2,306.0
RFPL,1/1/2026,354.1,364.9,353.0,355.9,-0.86,65861.0,464.2,306.0
RFPL,1/4/2026,350.0,357.9,350.0,354.8,-0.31,47676.0,464.2,306.0
RFPL,1/5/2026,350.0,365.1,350.0,361.0,1.75,124557.0,464.2,306.0
RFPL,1/6/2026,354.0,379.2,354.0,370.0,2.49,208080.0,464.2,306.0
RFPL,1/7/2026,362.6,383.0,362.6,379.0,2.43,193176.0,464.2,306.0
RFPL,1/8/2026,372.0,380.0,372.0,372.6,-1.69,122478.0,464.2,306.0
RFPL,1/12/2026,380.0,380.0,366.0,367.0,-1.5,121005.0,464.2,306.0
RFPL,1/13/2026,359.7,375.0,359.7,365.1,-0.52,165850.0,464.2,306.0
RFPL,1/14/2026,357.8,377.0,357.8,368.9,1.04,91937.0,464.2,306.0
RFPL,1/18/2026,361.6,379.7,361.6,373.6,1.27,107237.0,464.2,306.0
RFPL,1/20/2026,366.2,382.0,366.2,378.0,1.18,203155.0,464.2,306.0
RFPL,1/21/2026,370.5,405.9,370.5,398.8,5.5,396172.0,464.2,306.0
RFPL,1/22/2026,390.9,404.0,387.0,397.0,-0.45,177856.0,464.2,306.0
RFPL,1/25/2026,389.1,404.5,387.0,397.9,0.23,215390.0,464.2,306.0
RFPL,1/26/2026,397.9,412.0,392.2,408.9,2.76,322935.0,464.2,306.0
RFPL,1/27/2026,400.8,437.0,400.8,425.0,3.94,656245.0,464.2,306.0
RFPL,1/28/2026,425.0,457.0,425.0,455.1,7.08,684355.0,464.2,306.0
RFPL,1/29/2026,464.2,464.2,432.2,436.0,-4.2,370756.0,464.2,306.0
RFPL,2/1/2026,436.0,436.0,413.7,416.0,-4.59,331732.0,464.2,306.0
RFPL,2/2/2026,407.7,428.5,407.7,424.3,2.0,206026.0,464.2,306.0
RFPL,2/3/2026,415.9,441.2,415.9,424.0,-0.07,198275.0,464.2,306.0
RFPL,2/4/2026,415.6,431.0,414.0,420.0,-0.94,205528.0,464.2,306.0
RFPL,2/5/2026,411.6,426.0,411.6,421.0,0.24,208120.0,464.2,306.0
RFPL,2/8/2026,422.0,432.9,415.0,415.0,-1.43,180215.0,464.2,306.0
RFPL,2/9/2026,416.0,422.0,402.1,406.0,-2.17,181473.0,464.2,306.0
RFPL,2/10/2026,400.0,414.1,394.0,396.0,-2.46,160726.0,464.2,306.0
RFPL,2/11/2026,388.1,411.0,388.1,399.0,0.76,88875.0,464.2,306.0
RFPL,2/12/2026,391.1,420.0,391.1,410.0,2.76,163746.0,464.2,306.0
RFPL,2/16/2026,401.8,418.4,401.8,413.5,0.85,101246.0,464.2,306.0
RFPL,2/17/2026,413.5,415.0,397.0,401.0,-3.02,118989.0,464.2,306.0
RFPL,2/22/2026,401.0,401.0,388.0,388.3,-3.17,102655.0,464.2,306.0
RFPL,2/23/2026,384.2,395.0,379.6,380.0,-2.14,83672.0,464.2,306.0
RFPL,2/24/2026,380.0,388.0,380.0,387.9,2.08,46712.0,464.2,306.0
RFPL,2/25/2026,380.2,399.0,380.2,393.5,1.44,51018.0,464.2,306.0
RFPL,2/26/2026,385.7,399.8,385.7,392.0,-0.38,62372.0,464.2,306.0
RFPL,2/27/2026,385.7,399.8,385.7,392.0,0.0,62372.0,464.2,306.0
RFPL,2/28/2026,385.7,399.8,385.7,392.0,0.0,62372.0,464.2,306.0
RFPL,3/2/2026,390.0,392.0,383.0,390.0,-0.51,56219.0,464.2,306.0
RFPL,3/3/2026,390.0,400.0,390.0,400.0,2.56,77265.0,464.2,306.0
RFPL,3/4/2026,390.0,400.0,390.0,400.0,0.0,77265.0,464.2,306.0
RFPL,3/5/2026,390.0,400.0,390.0,400.0,0.0,77265.0,464.2,306.0
RFPL,3/6/2026,390.0,400.0,390.0,400.0,0.0,77265.0,464.2,306.0
RFPL,3/7/2026,390.0,400.0,390.0,400.0,0.0,77265.0,464.2,306.0
RFPL,3/8/2026,390.0,400.0,390.0,400.0,0.0,77265.0,464.2,306.0
RFPL,3/9/2026,408.0,428.4,408.0,428.4,7.1,70.0,464.2,306.0
RFPL,3/10/2026,435.0,435.0,413.0,418.0,-2.43,242660.0,464.2,306.0
RFPL,3/11/2026,425.5,425.5,408.0,410.0,-1.91,141276.0,464.2,306.0
RFPL,3/12/2026,415.0,419.0,407.0,412.8,0.68,122304.0,464.2,306.0
RFPL,3/13/2026,415.0,419.0,407.0,412.8,0.0,122304.0,464.2,306.0
RFPL,3/14/2026,415.0,419.0,407.0,412.8,0.0,122304.0,464.2,306.0
RFPL,3/15/2026,404.6,420.1,404.6,414.9,0.51,130532.0,464.2,306.0
RFPL,3/16/2026,406.7,419.8,406.7,410.0,-1.18,95567.0,464.2,306.0
RFPL,3/17/2026,401.8,417.9,401.8,411.0,0.24,140278.0,464.2,306.0
RFPL,3/18/2026,401.8,417.9,401.8,411.0,0.0,140278.0,464.2,306.0
RFPL,3/19/2026,402.8,428.8,402.8,423.0,2.92,452416.0,464.2,306.0
RFPL,3/20/2026,402.8,428.8,402.8,423.0,0.0,452416.0,464.2,306.0
RFPL,3/21/2026,402.8,428.8,402.8,423.0,0.0,452416.0,464.2,306.0
RFPL,3/22/2026,420.0,427.9,414.0,417.0,-1.42,192499.0,464.2,306.0
RFPL,3/23/2026,408.7,420.0,408.7,415.2,-0.43,100851.0,464.2,306.0
RFPL,3/24/2026,406.9,435.0,406.9,435.0,4.77,335646.0,464.2,306.0
RFPL,3/25/2026,435.0,441.9,421.0,424.0,-2.53,235073.0,464.2,306.0
RFPL,3/26/2026,424.0,429.0,420.0,427.3,0.78,127090.0,464.2,306.0
RFPL,3/29/2026,427.0,430.0,410.0,412.0,-3.51,204506.0,464.2,306.0
RFPL,3/30/2026,415.0,415.0,401.1,403.9,-2.67,142532.0,464.2,306.0
RFPL,3/31/2026,396.0,409.0,396.0,402.1,1.54,112122.0,464.2,306.0
RFPL,4/1/2026,409.0,409.0,383.0,383.2,-6.31,130170.0,464.2,306.0
RFPL,4/2/2026,375.6,393.0,375.6,388.0,3.3,99332.0,464.2,306.0
RFPL,4/5/2026,388.0,390.0,358.0,359.0,-7.47,168397.0,464.2,306.0
RFPL,4/6/2026,366.1,381.0,355.0,380.9,4.04,161184.0,464.2,306.0
RFPL,4/7/2026,385.0,394.0,376.0,389.0,1.04,145982.0,464.2,306.0
RFPL,4/8/2026,392.1,398.0,387.0,397.0,1.25,97088.0,464.2,306.0
RFPL,4/9/2026,390.0,403.0,390.0,400.0,2.56,154529.0,464.2,306.0
RFPL,4/10/2026,392.0,403.4,391.1,392.3,0.08,100706.0,464.2,306.0
RFPL,4/13/2026,389.9,395.9,389.0,392.0,0.54,77031.0,464.2,306.0
RFPL,4/15/2026,388.0,400.0,388.0,397.0,2.32,70036.0,464.2,306.0
RFPL,4/16/2026,391.0,399.0,384.0,385.1,-1.51,115499.0,464.2,306.0
RFPL,4/17/2026,390.0,390.0,380.1,387.0,-0.77,50956.0,464.2,306.0
RFPL,4/20/2026,394.0,397.7,380.0,380.2,-3.5,45192.0,464.2,306.0
RFPL,4/21/2026,390.0,390.0,372.5,378.0,-3.08,45870.0,464.2,306.0
RFPL,4/22/2026,373.1,384.0,367.0,378.0,1.31,75542.0,464.2,306.0
RFPL,4/23/2026,383.0,383.0,368.1,371.9,-2.9,37312.0,464.2,306.0
RFPL,4/24/2026,353.4,377.0,353.4,373.0,5.55,83952.0,464.2,306.0
RFPL,4/27/2026,373.0,377.8,372.1,374.0,0.27,35117.0,464.2,306.0
RFPL,4/28/2026,374.0,385.0,372.5,373.0,-0.27,46519.0,464.2,306.0
RFPL,4/29/2026,354.5,378.0,354.5,370.0,4.37,25301.0,464.2,306.0
RFPL,4/30/2026,353.5,388.3,353.5,388.3,9.84,82093.0,464.2,306.0
RFPL,5/4/2026,390.0,390.0,369.0,369.9,-5.15,26959.0,464.2,306.0
RFPL,5/5/2026,374.0,374.0,365.0,368.0,-1.6,25166.0,464.2,306.0
RFPL,5/6/2026,368.0,377.0,368.0,369.0,0.27,16131.0,464.2,306.0
RFPL,5/7/2026,350.6,375.0,350.6,368.0,4.96,14253.0,464.2,306.0
RFPL,5/8/2026,350.6,379.0,350.6,371.4,5.93,16413.0,464.2,306.0
RFPL,5/11/2026,375.0,379.9,375.0,379.0,1.07,27522.0,464.2,306.0
RFPL,5/12/2026,379.0,385.0,367.0,368.0,-2.9,78134.0,464.2,306.0
RFPL,5/13/2026,365.0,370.0,363.2,368.4,0.93,19614.0,464.2,306.0
RFPL,5/14/2026,353.0,370.0,353.0,368.0,4.25,17411.0,464.2,306.0
RFPL,5/15/2026,362.0,372.0,362.0,370.8,2.43,20318.0,464.2,306.0
RFPL,5/18/2026,365.0,375.0,365.0,370.9,1.62,16739.0,464.2,306.0
RFPL,5/19/2026,365.0,373.9,363.0,366.0,0.27,30741.0,464.2,306.0
RFPL,5/20/2026,366.0,376.5,365.0,376.0,2.73,42695.0,464.2,306.0
RFPL,5/21/2026,376.0,380.0,370.6,372.0,-1.06,15259.0,464.2,306.0
RFPL,5/22/2026,360.0,378.0,360.0,376.2,4.5,13227.0,464.2,306.0
RFPL,5/25/2026,360.0,382.9,360.0,381.9,6.08,28134.0,464.2,306.0
RFPL,5/26/2026,375.0,389.0,375.0,379.8,1.28,16879.0,464.2,306.0
RFPL,5/27/2026,380.0,386.2,375.1,381.0,0.26,22090.0,464.2,306.0
RFPL,6/1/2026,400.0,400.0,369.0,375.0,-6.25,47616.0,464.2,306.0
RFPL,6/2/2026,360.0,376.0,360.0,370.0,2.78,58368.0,464.2,306.0
RFPL,6/3/2026,353.0,373.8,353.0,368.0,4.25,31675.0,464.2,306.0
RFPL,6/4/2026,353.0,375.0,353.0,367.0,3.97,17658.0,464.2,306.0
RFPL,6/5/2026,353.0,373.0,353.0,364.9,3.37,30584.0,464.2,306.0
RFPL,6/8/2026,360.0,369.9,360.0,363.0,0.83,23928.0,464.2,306.0
RFPL,6/9/2026,381.1,381.1,358.0,362.0,-5.01,16966.0,464.2,306.0
RFPL,6/10/2026,362.0,367.9,361.0,365.0,0.83,17388.0,464.2,306.0
RFPL,6/11/2026,365.0,369.0,362.1,366.0,0.27,15515.0,464.2,306.0
RFPL,6/12/2026,353.0,370.0,353.0,362.7,2.75,19540.0,464.2,306.0
RFPL,6/15/2026,353.0,369.0,353.0,362.2,2.61,6273.0,464.2,306.0
RFPL,6/16/2026,360.6,363.5,358.2,359.0,-0.44,28085.0,464.2,306.0
RFPL,6/17/2026,364.9,364.9,356.3,361.5,-0.93,10580.0,464.2,306.0
RFPL,6/18/2026,359.0,360.9,358.2,360.0,0.28,10267.0,464.2,306.0
RFPL,6/19/2026,364.0,364.0,355.3,355.3,-2.39,28876.0,464.2,306.0
RFPL,6/22/2026,362.0,362.0,355.0,355.9,-1.69,15302.0,464.2,306.0
RFPL,6/23/2026,373.6,373.6,351.0,351.2,-6.0,19470.0,464.2,306.0
RFPL,6/24/2026,351.2,353.0,346.0,353.0,0.51,32084.0,464.2,306.0
RFPL,6/26/2026,349.9,354.7,346.1,350.0,0.03,16243.0,464.2,306.0
RFPL,6/29/2026,350.0,351.0,345.0,351.0,0.29,15569.0,464.2,306.0
RFPL,6/30/2026,346.1,350.0,336.6,336.6,-2.74,20642.0,464.2,306.0
RFPL,7/1/2026,320.0,350.0,320.0,346.0,8.12,11991.0,464.2,306.0
RFPL,7/2/2026,342.0,350.0,340.2,343.0,0.29,24102.0,464.2,306.0
RFPL,7/3/2026,335.1,347.0,335.1,343.1,2.39,15850.0,464.2,306.0
RFPL,7/6/2026,333.0,343.0,333.0,337.1,1.23,20047.0,464.2,306.0
RFPL,7/7/2026,340.0,345.0,335.1,345.0,1.47,21636.0,464.2,306.0
RFPL,7/8/2026,345.0,345.0,332.3,337.0,-2.32,19620.0,464.2,306.0
RFPL,7/9/2026,333.0,338.0,331.0,333.8,0.24,13606.0,464.2,306.0
RFPL,7/10/2026,331.0,341.0,327.2,330.0,-0.3,40662.0,464.2,306.0
RFPL,7/13/2026,330.0,333.0,322.4,322.4,-2.3,27601.0,464.2,306.0
RFPL,7/14/2026,322.4,330.0,317.5,321.7,-0.22,24382.0,464.2,306.0
RFPL,7/15/2026,330.0,330.0,320.1,328.0,-0.61,13611.0,464.2,306.0
RFPL,7/16/2026,315.0,342.0,315.0,326.0,3.49,32454.0,464.2,306.0
RFPL,7/17/2026,331.8,344.9,329.0,335.1,0.99,34545.0,464.2,306.0
RFPL,7/20/2026,344.0,353.0,341.0,352.0,2.33,35490.0,464.2,306.0
RFPL,7/21/2026,369.6,369.6,346.0,350.0,-5.3,24743.0,464.2,306.0
RFPL,7/22/2026,342.0,349.5,340.0,345.0,0.88,28089.0,464.2,306.0
RFPL,7/23/2026,329.0,345.0,329.0,344.0,4.56,12529.0,464.2,306.0
RFPL,7/24/2026,350.0,350.0,342.1,345.9,-1.17,18660.0,464.2,306.0
RFPL,7/27/2026,330.0,350.0,328.2,339.8,2.97,35602.0,464.2,306.0
RFPL,7/28/2026,345.0,345.0,331.1,335.0,-2.9,15924.0,464.2,306.0
RFPL,7/29/2026,330.1,341.9,330.1,335.0,1.48,20971.0,464.2,306.0
RFPL,7/30/2026,333.1,342.0,333.0,333.5,0.12,15140.0,464.2,306.0
RFPL,7/31/2026,330.0,338.0,330.0,335.3,1.61,8669.0,464.2,306.0
RFPL,8/3/2026,340.0,340.0,330.1,334.9,-1.5,19056.0,464.2,306.0
RFPL,8/4/2026,332.0,335.0,326.2,331.8,-0.06,19432.0,464.2,306.0
RFPL,8/5/2026,333.8,339.9,326.0,330.5,-0.99,13144.0,464.2,306.0
RFPL,8/6/2026,325.1,339.9,325.1,333.2,2.49,11147.0,464.2,306.0
RFPL,8/7/2026,333.0,337.0,325.1,334.7,0.51,15251.0,464.2,306.0
RFPL,8/10/2026,330.2,336.9,330.2,332.5,0.7,16227.0,464.2,306.0
RFPL,8/11/2026,332.5,342.4,332.5,336.5,1.2,25800.0,464.2,306.0
RFPL,8/12/2026,342.5,342.5,333.7,336.5,-1.75,9817.0,464.2,306.0
RFPL,8/13/2026,331.1,347.0,331.1,347.0,4.8,38665.0,464.2,306.0
RFPL,8/14/2026,353.0,353.0,339.2,339.2,-3.91,17513.0,464.2,306.0
RFPL,8/17/2026,330.0,343.5,330.0,334.9,1.48,13480.0,464.2,306.0
RFPL,8/18/2026,331.0,336.0,331.0,333.3,0.69,20265.0,464.2,306.0
RFPL,8/19/2026,323.4,338.0,323.4,332.0,2.66,9294.0,464.2,306.0
RFPL,8/20/2026,325.0,340.0,325.0,337.0,3.69,20195.0,464.2,306.0
RFPL,8/21/2026,340.0,345.0,331.0,337.0,-0.88,31953.0,464.2,306.0
RFPL,8/24/2026,333.0,335.0,331.1,333.5,0.15,13461.0,464.2,306.0
RFPL,8/25/2026,332.5,334.0,329.0,329.0,-1.05,20092.0,464.2,306.0
RFPL,8/26/2026,326.0,333.0,325.0,331.0,1.53,27518.0,464.2,306.0
RFPL,8/27/2026,322.0,331.0,322.0,330.0,2.48,16059.0,464.2,306.0
RFPL,8/31/2026,321.1,324.6,316.0,322.0,0.28,29050.0,464.2,306.0
RFPL,9/1/2026,315.2,329.5,315.2,323.0,2.47,14015.0,464.2,306.0
RFPL,9/2/2026,315.0,328.0,315.0,327.0,3.81,10445.0,464.2,306.0
RFPL,9/3/2026,327.0,330.0,320.0,326.0,-0.31,15011.0,464.2,306.0
RFPL,9/7/2026,330.0,333.0,320.1,328.1,-0.58,6314.0,464.2,306.0
RFPL,9/9/2026,328.0,331.0,321.0,327.2,-0.24,25764.0,464.2,306.0
RFPL,9/10/2026,324.3,328.0,324.3,326.9,0.8,9192.0,464.2,306.0
RFPL,9/11/2026,323.9,335.0,323.0,334.5,3.27,19374.0,464.2,306.0
RFPL,9/14/2026,330.0,340.0,330.0,337.7,2.33,26706.0,464.2,306.0
RFPL,9/15/2026,347.8,348.0,340.0,343.0,-1.38,43912.0,464.2,306.0
RFPL,9/16/2026,335.0,344.0,334.0,336.0,0.3,22909.0,464.2,306.0
RFPL,9/17/2026,335.0,343.0,335.0,339.0,1.19,20161.0,464.2,306.0
RFPL,9/18/2026,335.0,343.0,330.5,341.8,2.03,20681.0,464.2,306.0
RFPL,9/22/2026,358.8,358.8,335.5,341.0,-4.96,30367.0,464.2,306.0
RFPL,9/23/2026,337.0,339.0,334.2,334.2,-0.83,19246.0,464.2,306.0
RFPL,9/24/2026,331.1,337.0,331.1,336.0,1.48,13455.0,464.2,306.0
RFPL,9/28/2026,340.0,340.0,330.0,334.0,-1.76,21666.0,464.2,306.0
RFPL,9/29/2026,330.0,333.0,328.8,0.0,-100.0,7865.0,464.2,306.0
RFPL,9/30/2026,330.0,333.0,326.0,330.0,0.0,15469.0,464.2,306.0
RFPL,10/1/2026,326.8,333.9,326.8,332.1,1.62,11013.0,464.2,306.0
RFPL,10/2/2026,332.0,333.0,328.0,329.7,-0.69,9833.0,464.2,306.0
RHGCL,12/21/2025,250.0,250.0,242.0,244.0,,32279.0,353.0,217.2
RHGCL,12/22/2025,241.0,244.0,241.0,242.8,-0.49,29863.0,353.0,217.2
RHGCL,12/23/2025,240.0,244.0,240.0,243.0,0.08,25027.0,353.0,217.2
RHGCL,12/24/2025,247.7,247.7,240.1,242.9,-0.04,30350.0,353.0,217.2
RHGCL,12/28/2025,247.7,251.9,244.0,250.0,2.92,38734.0,353.0,217.2
RHGCL,12/29/2025,250.0,252.1,245.5,246.0,-1.6,19327.0,353.0,217.2
RHGCL,12/31/2025,243.1,254.0,243.1,247.1,0.45,32180.0,353.0,217.2
RHGCL,1/1/2026,247.0,249.0,242.8,243.0,-1.66,36846.0,353.0,217.2
RHGCL,1/4/2026,240.3,247.8,239.0,241.8,-0.49,40400.0,353.0,217.2
RHGCL,1/5/2026,239.0,249.2,238.1,249.0,2.98,41488.0,353.0,217.2
RHGCL,1/6/2026,246.2,253.0,246.2,250.0,0.4,47631.0,353.0,217.2
RHGCL,1/7/2026,245.8,250.0,244.0,247.0,-1.2,27603.0,353.0,217.2
RHGCL,1/8/2026,243.7,247.0,243.7,246.9,-0.04,23894.0,353.0,217.2
RHGCL,1/12/2026,245.3,246.5,242.6,244.0,-1.17,26552.0,353.0,217.2
RHGCL,1/13/2026,244.0,263.0,241.3,257.8,5.66,175304.0,353.0,217.2
RHGCL,1/14/2026,261.9,266.0,255.0,258.0,0.08,75397.0,353.0,217.2
RHGCL,1/18/2026,255.9,272.3,255.9,267.0,3.49,142897.0,353.0,217.2
RHGCL,1/20/2026,272.0,293.7,268.0,288.0,7.87,432319.0,353.0,217.2
RHGCL,1/21/2026,290.0,292.0,281.1,284.0,-1.39,174260.0,353.0,217.2
RHGCL,1/22/2026,281.2,288.6,278.5,284.3,0.11,154794.0,353.0,217.2
RHGCL,1/25/2026,289.0,299.0,287.5,290.1,2.04,311327.0,353.0,217.2
RHGCL,1/26/2026,295.0,299.5,287.1,292.9,0.97,301107.0,353.0,217.2
RHGCL,1/27/2026,294.0,311.0,290.5,297.0,1.4,293931.0,353.0,217.2
RHGCL,1/28/2026,291.1,306.9,291.1,298.0,0.34,266864.0,353.0,217.2
RHGCL,1/29/2026,300.0,317.9,300.0,303.0,1.68,384423.0,353.0,217.2
RHGCL,2/1/2026,300.0,306.0,295.0,299.0,-1.32,120622.0,353.0,217.2
RHGCL,2/2/2026,297.0,304.9,286.0,286.9,-4.05,151517.0,353.0,217.2
RHGCL,2/3/2026,281.2,291.3,274.5,282.9,-1.39,171914.0,353.0,217.2
RHGCL,2/4/2026,280.0,285.5,276.0,280.0,-1.03,59277.0,353.0,217.2
RHGCL,2/5/2026,275.3,296.3,275.3,288.0,2.86,159070.0,353.0,217.2
RHGCL,2/8/2026,283.0,303.0,283.0,295.0,2.43,251514.0,353.0,217.2
RHGCL,2/9/2026,297.0,299.0,285.0,286.0,-3.05,119507.0,353.0,217.2
RHGCL,2/10/2026,280.3,294.0,280.3,283.1,-1.01,71730.0,353.0,217.2
RHGCL,2/11/2026,287.9,293.4,280.0,282.1,-0.35,70432.0,353.0,217.2
RHGCL,2/12/2026,286.1,299.0,283.0,289.0,2.45,175238.0,353.0,217.2
RHGCL,2/16/2026,289.0,292.0,280.0,282.1,-2.39,55326.0,353.0,217.2
RHGCL,2/17/2026,281.0,286.0,275.0,275.6,-2.3,86998.0,353.0,217.2
RHGCL,2/22/2026,270.1,275.0,261.1,263.0,-4.57,70911.0,353.0,217.2
RHGCL,2/23/2026,261.0,273.0,261.0,263.1,0.04,31525.0,353.0,217.2
RHGCL,2/24/2026,268.0,269.8,264.6,269.0,2.24,23442.0,353.0,217.2
RHGCL,2/25/2026,269.1,277.0,269.1,271.0,0.74,31826.0,353.0,217.2
RHGCL,2/26/2026,273.0,275.0,267.0,267.0,-1.48,28501.0,353.0,217.2
RHGCL,2/27/2026,273.0,275.0,267.0,267.0,0.0,28501.0,353.0,217.2
RHGCL,2/28/2026,273.0,275.0,267.0,267.0,0.0,28501.0,353.0,217.2
RHGCL,3/2/2026,262.6,276.7,262.6,273.0,2.25,30978.0,353.0,217.2
RHGCL,3/3/2026,268.0,286.9,268.0,286.0,4.76,75962.0,353.0,217.2
RHGCL,3/4/2026,268.0,286.9,268.0,286.0,0.0,75962.0,353.0,217.2
RHGCL,3/5/2026,268.0,286.9,268.0,286.0,0.0,75962.0,353.0,217.2
RHGCL,3/6/2026,268.0,286.9,268.0,286.0,0.0,75962.0,353.0,217.2
RHGCL,3/7/2026,268.0,286.9,268.0,286.0,0.0,75962.0,353.0,217.2
RHGCL,3/8/2026,268.0,286.9,268.0,286.0,0.0,75962.0,353.0,217.2
RHGCL,3/9/2026,291.7,309.4,291.7,309.4,8.18,1690.0,353.0,217.2
RHGCL,3/10/2026,315.0,315.0,289.0,299.5,-3.2,177931.0,353.0,217.2
RHGCL,3/11/2026,299.5,302.0,294.0,294.0,-1.84,108064.0,353.0,217.2
RHGCL,3/12/2026,294.0,306.0,294.0,305.0,3.74,199972.0,353.0,217.2
RHGCL,3/13/2026,294.0,306.0,294.0,305.0,0.0,199972.0,353.0,217.2
RHGCL,3/14/2026,294.0,306.0,294.0,305.0,0.0,199972.0,353.0,217.2
RHGCL,3/15/2026,306.0,318.0,306.0,311.0,1.97,158416.0,353.0,217.2
RHGCL,3/16/2026,317.2,317.2,300.0,304.9,-1.96,116564.0,353.0,217.2
RHGCL,3/17/2026,300.1,323.6,298.0,323.0,5.94,368531.0,353.0,217.2
RHGCL,3/18/2026,300.1,323.6,298.0,323.0,0.0,368531.0,353.0,217.2
RHGCL,3/19/2026,329.4,353.0,326.0,338.1,4.67,562902.0,353.0,217.2
RHGCL,3/20/2026,329.4,353.0,326.0,338.1,0.0,562902.0,353.0,217.2
RHGCL,3/21/2026,329.4,353.0,326.0,338.1,0.0,562902.0,353.0,217.2
RHGCL,3/22/2026,344.8,344.8,320.5,335.0,-0.92,299032.0,353.0,217.2
RHGCL,3/23/2026,341.7,341.7,325.0,330.0,-1.49,163767.0,353.0,217.2
RHGCL,3/24/2026,330.0,342.0,327.0,327.0,-0.91,126648.0,353.0,217.2
RHGCL,3/25/2026,326.1,336.6,322.0,323.0,-1.22,137547.0,353.0,217.2
RHGCL,3/26/2026,320.0,329.9,317.0,325.3,1.66,112401.0,353.0,217.2
RHGCL,3/29/2026,331.8,331.8,313.3,314.9,-5.09,114429.0,353.0,217.2
RHGCL,3/30/2026,314.9,324.0,309.1,311.2,-1.17,137664.0,353.0,217.2
RHGCL,3/31/2026,312.0,325.5,304.1,318.0,1.92,127847.0,353.0,217.2
RHGCL,4/1/2026,312.1,318.3,299.0,305.0,-2.27,84743.0,353.0,217.2
RHGCL,4/2/2026,299.0,308.0,295.1,303.9,1.64,83054.0,353.0,217.2
RHGCL,4/5/2026,298.0,298.0,277.7,278.0,-6.71,88839.0,353.0,217.2
RHGCL,4/6/2026,276.2,304.0,276.2,300.0,8.62,101424.0,353.0,217.2
RHGCL,4/7/2026,306.0,307.0,291.0,293.3,-4.15,67557.0,353.0,217.2
RHGCL,4/8/2026,298.0,305.0,295.0,301.0,1.01,55875.0,353.0,217.2
RHGCL,4/9/2026,307.0,310.0,298.0,306.2,-0.26,75008.0,353.0,217.2
RHGCL,4/10/2026,303.0,316.0,301.0,303.0,0.0,52929.0,353.0,217.2
RHGCL,4/13/2026,302.1,305.5,296.0,300.2,-0.63,60352.0,353.0,217.2
RHGCL,4/15/2026,306.0,312.0,302.0,309.9,1.27,74280.0,353.0,217.2
RHGCL,4/16/2026,305.1,309.0,300.0,301.6,-1.15,67082.0,353.0,217.2
RHGCL,4/17/2026,307.0,307.0,297.8,301.0,-1.95,38021.0,353.0,217.2
RHGCL,4/20/2026,305.4,318.0,293.0,293.5,-3.9,40425.0,353.0,217.2
RHGCL,4/21/2026,293.5,299.0,290.0,295.0,0.51,39647.0,353.0,217.2
RHGCL,4/22/2026,290.0,298.5,283.0,295.0,1.72,44913.0,353.0,217.2
RHGCL,4/23/2026,288.5,303.0,287.0,300.0,3.99,61244.0,353.0,217.2
RHGCL,4/24/2026,285.0,300.0,285.0,300.0,5.26,47921.0,353.0,217.2
RHGCL,4/27/2026,300.0,305.0,298.0,305.0,1.67,100642.0,353.0,217.2
RHGCL,4/28/2026,305.0,308.4,295.2,300.0,-1.64,51835.0,353.0,217.2
RHGCL,4/29/2026,315.0,315.0,292.0,292.6,-7.11,38412.0,353.0,217.2
RHGCL,4/30/2026,307.2,307.2,285.0,294.9,-4.0,35583.0,353.0,217.2
RHGCL,5/4/2026,295.0,298.8,288.7,290.0,-1.69,21115.0,353.0,217.2
RHGCL,5/5/2026,282.0,293.6,279.6,293.0,3.9,49672.0,353.0,217.2
RHGCL,5/6/2026,307.6,307.6,287.0,293.0,-4.75,31949.0,353.0,217.2
RHGCL,5/7/2026,293.0,294.0,285.1,291.0,-0.68,21659.0,353.0,217.2
RHGCL,5/8/2026,291.0,297.0,287.0,297.0,2.06,52138.0,353.0,217.2
RHGCL,5/11/2026,302.8,305.0,294.1,301.9,-0.3,46718.0,353.0,217.2
RHGCL,5/12/2026,287.0,309.9,287.0,299.5,4.36,88510.0,353.0,217.2
RHGCL,5/13/2026,292.4,297.0,291.0,297.0,1.57,19995.0,353.0,217.2
RHGCL,5/14/2026,291.0,297.0,290.0,293.9,1.0,21262.0,353.0,217.2
RHGCL,5/15/2026,296.0,296.0,291.0,292.0,-1.35,20565.0,353.0,217.2
RHGCL,5/18/2026,277.4,295.0,277.4,292.0,5.26,16377.0,353.0,217.2
RHGCL,5/19/2026,277.4,296.0,277.4,290.0,4.54,24401.0,353.0,217.2
RHGCL,5/20/2026,285.0,295.0,282.0,295.0,3.51,31420.0,353.0,217.2
RHGCL,5/21/2026,299.0,299.0,288.5,289.0,-3.34,12586.0,353.0,217.2
RHGCL,5/22/2026,290.0,298.0,288.2,298.0,2.76,30961.0,353.0,217.2
RHGCL,5/25/2026,295.1,306.9,291.0,304.8,3.29,44896.0,353.0,217.2
RHGCL,5/26/2026,307.0,316.0,303.0,313.9,2.25,185454.0,353.0,217.2
RHGCL,5/27/2026,312.0,314.0,306.0,306.6,-1.73,50694.0,353.0,217.2
RHGCL,6/1/2026,306.6,309.0,297.8,298.0,-2.8,37848.0,353.0,217.2
RHGCL,6/2/2026,294.1,299.9,292.1,294.8,0.24,66389.0,353.0,217.2
RHGCL,6/3/2026,294.8,303.0,290.0,294.9,0.03,31929.0,353.0,217.2
RHGCL,6/4/2026,292.0,296.9,289.1,291.5,-0.17,52259.0,353.0,217.2
RHGCL,6/5/2026,287.0,294.0,285.0,285.9,-0.38,46868.0,353.0,217.2
RHGCL,6/8/2026,285.0,290.0,281.0,284.0,-0.35,34749.0,353.0,217.2
RHGCL,6/9/2026,282.0,290.0,282.0,288.5,2.3,26873.0,353.0,217.2
RHGCL,6/10/2026,288.0,288.8,282.5,282.5,-1.91,42612.0,353.0,217.2
RHGCL,6/11/2026,283.2,287.0,277.0,284.0,0.28,51160.0,353.0,217.2
RHGCL,6/12/2026,286.0,287.0,280.5,280.5,-1.92,26760.0,353.0,217.2
RHGCL,6/15/2026,275.0,284.0,275.0,280.9,2.15,13436.0,353.0,217.2
RHGCL,6/16/2026,293.0,293.0,280.0,280.1,-4.4,11911.0,353.0,217.2
RHGCL,6/17/2026,286.6,286.6,280.2,281.5,-1.78,9171.0,353.0,217.2
RHGCL,6/18/2026,281.0,285.8,280.1,282.0,0.36,8412.0,353.0,217.2
RHGCL,6/19/2026,283.0,283.0,278.0,278.1,-1.73,17622.0,353.0,217.2
RHGCL,6/22/2026,278.5,280.0,271.0,274.2,-1.54,25900.0,353.0,217.2
RHGCL,6/23/2026,271.1,279.0,270.6,273.9,1.03,16566.0,353.0,217.2
RHGCL,6/24/2026,270.1,273.0,263.0,269.9,-0.07,33761.0,353.0,217.2
RHGCL,6/26/2026,273.6,290.0,266.4,269.0,-1.68,29347.0,353.0,217.2
RHGCL,6/29/2026,265.0,267.9,261.1,265.0,0.0,9392.0,353.0,217.2
RHGCL,6/30/2026,257.1,266.0,257.1,263.9,2.64,14224.0,353.0,217.2
RHGCL,7/1/2026,270.7,278.0,264.0,273.0,0.85,37498.0,353.0,217.2
RHGCL,7/2/2026,267.1,274.9,267.1,273.0,2.21,13359.0,353.0,217.2
RHGCL,7/3/2026,267.5,275.5,267.5,272.0,1.68,9099.0,353.0,217.2
RHGCL,7/6/2026,275.0,275.0,257.2,262.0,-4.73,22726.0,353.0,217.2
RHGCL,7/7/2026,268.0,269.0,264.0,269.0,0.37,15663.0,353.0,217.2
RHGCL,7/8/2026,261.1,272.0,260.2,262.0,0.34,17038.0,353.0,217.2
RHGCL,7/9/2026,259.7,263.6,255.0,257.9,-0.69,12540.0,353.0,217.2
RHGCL,7/10/2026,255.0,265.0,255.0,260.0,1.96,14385.0,353.0,217.2
RHGCL,7/13/2026,255.5,260.0,253.0,253.0,-0.98,17073.0,353.0,217.2
RHGCL,7/14/2026,253.0,255.0,240.0,249.0,-1.58,44550.0,353.0,217.2
RHGCL,7/15/2026,256.0,260.0,250.0,251.0,-1.95,9624.0,353.0,217.2
RHGCL,7/16/2026,251.0,256.5,245.1,249.9,-0.44,14851.0,353.0,217.2
RHGCL,7/17/2026,246.6,271.0,246.6,270.0,9.49,27112.0,353.0,217.2
RHGCL,7/20/2026,283.5,283.5,270.0,277.0,-2.29,17559.0,353.0,217.2
RHGCL,7/21/2026,277.0,283.6,271.3,280.0,1.08,24789.0,353.0,217.2
RHGCL,7/22/2026,266.0,279.9,266.0,272.2,2.33,12577.0,353.0,217.2
RHGCL,7/23/2026,266.2,278.0,262.7,270.0,1.43,40902.0,353.0,217.2
RHGCL,7/24/2026,265.1,278.0,265.1,273.7,3.24,18625.0,353.0,217.2
RHGCL,7/27/2026,261.0,276.8,261.0,268.9,3.03,6812.0,353.0,217.2
RHGCL,7/28/2026,270.0,270.0,255.2,265.7,-1.59,26229.0,353.0,217.2
RHGCL,7/29/2026,258.3,267.7,258.3,265.0,2.59,7317.0,353.0,217.2
RHGCL,7/30/2026,258.0,266.5,258.0,264.2,2.4,15550.0,353.0,217.2
RHGCL,7/31/2026,259.0,265.0,259.0,265.0,2.32,10433.0,353.0,217.2
RHGCL,8/3/2026,258.3,266.0,258.3,262.9,1.78,17837.0,353.0,217.2
RHGCL,8/4/2026,249.8,264.6,249.8,263.5,5.48,19930.0,353.0,217.2
RHGCL,8/5/2026,257.1,263.0,257.1,262.0,1.91,9625.0,353.0,217.2
RHGCL,8/6/2026,262.9,262.9,259.0,261.0,-0.72,16537.0,353.0,217.2
RHGCL,8/7/2026,259.0,261.9,257.5,258.1,-0.35,12524.0,353.0,217.2
RHGCL,8/10/2026,251.3,258.0,251.3,257.0,2.27,13088.0,353.0,217.2
RHGCL,8/11/2026,257.8,258.8,254.1,258.0,0.08,13517.0,353.0,217.2
RHGCL,8/12/2026,260.0,260.0,255.0,257.0,-1.15,13470.0,353.0,217.2
RHGCL,8/13/2026,262.5,265.0,251.4,265.0,0.95,41238.0,353.0,217.2
RHGCL,8/14/2026,269.7,272.0,262.0,266.7,-1.11,26205.0,353.0,217.2
RHGCL,8/17/2026,262.7,265.7,255.0,257.9,-1.83,15911.0,353.0,217.2
RHGCL,8/18/2026,257.9,258.0,251.0,254.7,-1.24,20710.0,353.0,217.2
RHGCL,8/19/2026,250.1,255.0,250.0,253.0,1.16,11477.0,353.0,217.2
RHGCL,8/20/2026,250.4,255.0,250.3,254.0,1.44,6713.0,353.0,217.2
RHGCL,8/21/2026,250.4,268.0,249.0,268.0,7.03,17134.0,353.0,217.2
RHGCL,8/24/2026,265.0,265.0,252.1,254.9,-3.81,13324.0,353.0,217.2
RHGCL,8/25/2026,254.9,258.0,249.9,251.9,-1.18,17319.0,353.0,217.2
RHGCL,8/26/2026,247.8,251.8,245.0,248.0,0.08,15280.0,353.0,217.2
RHGCL,8/27/2026,241.1,253.9,241.1,249.0,3.28,13851.0,353.0,217.2
RHGCL,8/31/2026,246.1,249.0,239.8,242.0,-1.67,15523.0,353.0,217.2
RHGCL,9/1/2026,245.0,250.0,237.0,241.0,-1.63,3635.0,353.0,217.2
RHGCL,9/2/2026,241.0,245.9,238.0,243.0,0.83,3895.0,353.0,217.2
RHGCL,9/3/2026,243.0,247.8,242.0,247.8,1.98,6594.0,353.0,217.2
RHGCL,9/7/2026,245.0,257.4,242.1,250.0,2.04,9727.0,353.0,217.2
RHGCL,9/9/2026,250.0,257.5,245.0,245.0,-2.0,4519.0,353.0,217.2
RHGCL,9/10/2026,241.2,246.0,241.2,245.9,1.95,8862.0,353.0,217.2
RHGCL,9/11/2026,245.0,264.9,245.0,261.1,6.57,79923.0,353.0,217.2
RHGCL,9/14/2026,250.0,275.0,250.0,271.5,8.6,57905.0,353.0,217.2
RHGCL,9/15/2026,271.5,287.3,269.0,275.0,1.29,40917.0,353.0,217.2
RHGCL,9/16/2026,268.0,272.9,263.1,264.0,-1.49,36462.0,353.0,217.2
RHGCL,9/17/2026,269.9,275.0,264.3,273.1,1.19,43634.0,353.0,217.2
RHGCL,9/18/2026,270.1,276.0,269.0,272.9,1.04,28943.0,353.0,217.2
RHGCL,9/22/2026,272.0,278.0,270.0,273.9,0.7,38868.0,353.0,217.2
RHGCL,9/23/2026,273.0,276.9,265.0,267.9,-1.87,45001.0,353.0,217.2
RHGCL,9/24/2026,268.0,268.0,258.0,262.8,-1.94,29613.0,353.0,217.2
RHGCL,9/28/2026,270.0,271.0,260.9,263.1,-2.56,18990.0,353.0,217.2
RHGCL,9/29/2026,260.5,261.0,257.0,0.0,-100.0,9122.0,353.0,217.2
RHGCL,9/30/2026,258.2,263.0,255.0,259.8,0.62,31586.0,353.0,217.2
RHGCL,10/1/2026,255.5,260.2,255.5,260.0,1.76,9144.0,353.0,217.2
RHGCL,10/2/2026,253.2,262.0,253.2,259.9,2.65,9500.0,353.0,217.2
RHPC,7/24/2014,428.0,470.0,436.0,470.0,,216.0,1118.0,69.0
RHPC,7/30/2014,470.0,488.0,479.0,488.0,3.83,105.0,1118.0,69.0
RHPC,7/31/2014,488.0,497.0,497.0,497.0,1.84,19.0,1118.0,69.0
RHPC,8/3/2014,497.0,541.0,521.0,541.0,8.85,52.0,1118.0,69.0
RHPC,8/4/2014,541.0,595.0,551.0,595.0,9.98,88.0,1118.0,69.0
RHPC,8/5/2014,595.0,642.0,606.0,642.0,7.9,44.0,1118.0,69.0
RHPC,8/6/2014,642.0,706.0,654.0,706.0,9.97,1816.0,1118.0,69.0
RHPC,8/7/2014,706.0,765.0,706.0,750.0,6.23,29164.0,1118.0,69.0
RHPC,8/12/2014,750.0,779.0,740.0,775.0,3.33,12376.0,1118.0,69.0
RHPC,8/13/2014,775.0,780.0,755.0,772.0,-0.39,11270.0,1118.0,69.0
RHPC,8/14/2014,772.0,764.0,745.0,751.0,-2.72,7896.0,1118.0,69.0
RHPC,8/18/2014,751.0,751.0,700.0,710.0,-5.46,6394.0,1118.0,69.0
RHPC,8/19/2014,710.0,722.0,700.0,719.0,1.27,5855.0,1118.0,69.0
RHPC,8/20/2014,719.0,715.0,688.0,701.0,-2.5,4859.0,1118.0,69.0
RHPC,8/21/2014,701.0,689.0,645.0,689.0,-1.71,4349.0,1118.0,69.0
RHPC,8/24/2014,689.0,699.0,657.0,670.0,-2.76,3226.0,1118.0,69.0
RHPC,8/25/2014,670.0,670.0,605.0,620.0,-7.46,2945.0,1118.0,69.0
RHPC,8/26/2014,620.0,644.0,610.0,622.0,0.32,4164.0,1118.0,69.0
RHPC,8/27/2014,622.0,670.0,632.0,660.0,6.11,3426.0,1118.0,69.0
RHPC,8/28/2014,660.0,691.0,660.0,681.0,3.18,2421.0,1118.0,69.0
RHPC,8/31/2014,681.0,690.0,644.0,658.0,-3.38,3734.0,1118.0,69.0
RHPC,9/1/2014,658.0,655.0,605.0,647.0,-1.67,3783.0,1118.0,69.0
RHPC,9/3/2014,647.0,655.0,598.0,635.0,-1.85,2737.0,1118.0,69.0
RHPC,9/4/2014,635.0,625.0,600.0,624.0,-1.73,3897.0,1118.0,69.0
RHPC,9/7/2014,624.0,622.0,580.0,585.0,-6.25,1096.0,1118.0,69.0
RHPC,9/9/2014,585.0,615.0,574.0,606.0,3.59,2883.0,1118.0,69.0
RHPC,9/10/2014,606.0,630.0,593.0,605.0,-0.17,7050.0,1118.0,69.0
RHPC,9/11/2014,605.0,602.0,569.0,602.0,-0.5,1977.0,1118.0,69.0
RHPC,9/14/2014,602.0,600.0,570.0,583.0,-3.16,2158.0,1118.0,69.0
RHPC,9/15/2014,583.0,600.0,565.0,575.0,-1.37,1266.0,1118.0,69.0
RHPC,9/16/2014,575.0,603.0,576.0,594.0,3.3,1370.0,1118.0,69.0
RHPC,9/17/2014,594.0,594.0,580.0,582.0,-2.02,2786.0,1118.0,69.0
RHPC,9/18/2014,582.0,580.0,563.0,577.0,-0.86,1181.0,1118.0,69.0
RHPC,9/21/2014,577.0,575.0,546.0,550.0,-4.68,3171.0,1118.0,69.0
RHPC,9/22/2014,550.0,605.0,544.0,560.0,1.82,2743.0,1118.0,69.0
RHPC,9/23/2014,560.0,592.0,505.0,580.0,3.57,2286.0,1118.0,69.0
RHPC,9/24/2014,580.0,575.0,555.0,565.0,-2.59,1805.0,1118.0,69.0
RHPC,9/28/2014,565.0,570.0,514.0,545.0,-3.54,2120.0,1118.0,69.0
RHPC,9/29/2014,545.0,595.0,546.0,586.0,7.52,2490.0,1118.0,69.0
RHPC,9/30/2014,586.0,603.0,580.0,585.0,-0.17,3547.0,1118.0,69.0
RHPC,10/8/2014,585.0,607.0,579.0,583.0,-0.34,1479.0,1118.0,69.0
RHPC,10/9/2014,583.0,594.0,574.0,580.0,-0.51,2171.0,1118.0,69.0
RHPC,10/12/2014,580.0,585.0,575.0,580.0,0.0,2731.0,1118.0,69.0
RHPC,10/13/2014,580.0,577.0,555.0,562.0,-3.1,2384.0,1118.0,69.0
RHPC,10/14/2014,562.0,580.0,562.0,580.0,3.2,2238.0,1118.0,69.0
RHPC,10/15/2014,580.0,590.0,571.0,583.0,0.52,10544.0,1118.0,69.0
RHPC,10/16/2014,583.0,585.0,570.0,575.0,-1.37,977.0,1118.0,69.0
RHPC,10/19/2014,575.0,584.0,580.0,584.0,1.57,64.0,1118.0,69.0
RHPC,10/21/2014,584.0,581.0,570.0,575.0,-1.54,2964.0,1118.0,69.0
RHPC,10/22/2014,575.0,590.0,567.0,579.0,0.7,3075.0,1118.0,69.0
RHPC,10/26/2014,579.0,585.0,569.0,580.0,0.17,2762.0,1118.0,69.0
RHPC,10/27/2014,580.0,591.0,580.0,585.0,0.86,6961.0,1118.0,69.0
RHPC,10/28/2014,585.0,584.0,568.0,575.0,-1.71,8981.0,1118.0,69.0
RHPC,10/30/2014,575.0,577.0,555.0,560.0,-2.61,15328.0,1118.0,69.0
RHPC,11/2/2014,509.0,509.0,499.0,501.0,-10.54,209.0,1118.0,69.0
RHPC,11/3/2014,501.0,491.0,482.0,485.0,-3.19,92.0,1118.0,69.0
RHPC,11/4/2014,485.0,510.0,494.0,510.0,5.15,351.0,1118.0,69.0
RHPC,11/5/2014,510.0,533.0,500.0,520.0,1.96,1448.0,1118.0,69.0
RHPC,11/6/2014,520.0,529.0,517.0,520.0,0.0,942.0,1118.0,69.0
RHPC,11/9/2014,520.0,520.0,510.0,510.0,-1.92,159.0,1118.0,69.0
RHPC,11/10/2014,510.0,510.0,495.0,497.0,-2.55,534.0,1118.0,69.0
RHPC,11/11/2014,497.0,500.0,495.0,500.0,0.6,384.0,1118.0,69.0
RHPC,11/12/2014,500.0,505.0,486.0,486.0,-2.8,904.0,1118.0,69.0
RHPC,11/13/2014,486.0,495.0,490.0,495.0,1.85,254.0,1118.0,69.0
RHPC,11/16/2014,495.0,490.0,486.0,486.0,-1.82,22.0,1118.0,69.0
RHPC,11/17/2014,486.0,486.0,466.0,472.0,-2.88,279.0,1118.0,69.0
RHPC,11/18/2014,472.0,470.0,456.0,456.0,-3.39,240.0,1118.0,69.0
RHPC,11/19/2014,456.0,473.0,450.0,464.0,1.75,392.0,1118.0,69.0
RHPC,11/20/2014,464.0,475.0,470.0,473.0,1.94,1968.0,1118.0,69.0
RHPC,11/23/2014,473.0,488.0,460.0,460.0,-2.75,1393.0,1118.0,69.0
RHPC,11/24/2014,460.0,453.0,453.0,453.0,-1.52,10.0,1118.0,69.0
RHPC,11/25/2014,453.0,457.0,453.0,457.0,0.88,46.0,1118.0,69.0
RHPC,11/30/2014,457.0,456.0,455.0,455.0,-0.44,20.0,1118.0,69.0
RHPC,12/1/2014,455.0,456.0,451.0,455.0,0.0,63.0,1118.0,69.0
RHPC,12/2/2014,455.0,455.0,455.0,455.0,0.0,34.0,1118.0,69.0
RHPC,12/3/2014,455.0,482.0,457.0,460.0,1.1,1378.0,1118.0,69.0
RHPC,12/4/2014,460.0,470.0,462.0,463.0,0.65,1680.0,1118.0,69.0
RHPC,12/7/2014,463.0,469.0,460.0,462.0,-0.22,307.0,1118.0,69.0
RHPC,12/8/2014,462.0,479.0,461.0,470.0,1.73,1011.0,1118.0,69.0
RHPC,12/9/2014,470.0,480.0,473.0,480.0,2.13,73.0,1118.0,69.0
RHPC,12/10/2014,480.0,484.0,476.0,476.0,-0.83,806.0,1118.0,69.0
RHPC,12/11/2014,476.0,473.0,470.0,470.0,-1.26,142.0,1118.0,69.0
RHPC,12/14/2014,470.0,499.0,479.0,499.0,6.17,451.0,1118.0,69.0
RHPC,12/15/2014,499.0,511.0,492.0,511.0,2.4,360.0,1118.0,69.0
RHPC,12/16/2014,511.0,510.0,501.0,501.0,-1.96,627.0,1118.0,69.0
RHPC,12/17/2014,501.0,492.0,490.0,490.0,-2.2,75.0,1118.0,69.0
RHPC,12/18/2014,490.0,499.0,481.0,495.0,1.02,161.0,1118.0,69.0
RHPC,12/21/2014,495.0,495.0,495.0,495.0,0.0,10.0,1118.0,69.0
RHPC,12/22/2014,495.0,487.0,480.0,480.0,-3.03,329.0,1118.0,69.0
RHPC,12/23/2014,480.0,486.0,480.0,484.0,0.83,1110.0,1118.0,69.0
RHPC,12/24/2014,484.0,487.0,480.0,486.0,0.41,167.0,1118.0,69.0
RHPC,12/28/2014,486.0,499.0,469.0,469.0,-3.5,986.0,1118.0,69.0
RHPC,12/29/2014,469.0,479.0,469.0,479.0,2.13,152.0,1118.0,69.0
RHPC,12/31/2014,479.0,485.0,466.0,475.0,-0.84,582.0,1118.0,69.0
RHPC,1/1/2015,475.0,480.0,470.0,480.0,1.05,232.0,1118.0,69.0
RHPC,1/4/2015,480.0,489.0,480.0,489.0,1.88,219.0,1118.0,69.0
RHPC,1/5/2015,489.0,487.0,471.0,471.0,-3.68,208.0,1118.0,69.0
RHPC,1/6/2015,471.0,480.0,471.0,479.0,1.7,2051.0,1118.0,69.0
RHPC,1/7/2015,479.0,485.0,476.0,478.0,-0.21,1821.0,1118.0,69.0
RHPC,1/8/2015,478.0,496.0,471.0,496.0,3.77,551.0,1118.0,69.0
RHPC,1/11/2015,496.0,499.0,487.0,499.0,0.6,618.0,1118.0,69.0
RHPC,1/12/2015,499.0,501.0,495.0,500.0,0.2,994.0,1118.0,69.0
RHPC,1/13/2015,500.0,495.0,495.0,495.0,-1.0,116.0,1118.0,69.0
RHPC,1/14/2015,495.0,499.0,490.0,495.0,0.0,125.0,1118.0,69.0
RHPC,1/18/2015,495.0,490.0,490.0,490.0,-1.01,33.0,1118.0,69.0
RHPC,1/19/2015,490.0,508.0,499.0,508.0,3.67,174.0,1118.0,69.0
RHPC,1/20/2015,508.0,502.0,500.0,502.0,-1.18,219.0,1118.0,69.0
RHPC,1/22/2015,502.0,504.0,490.0,499.0,-0.6,1117.0,1118.0,69.0
RHPC,1/25/2015,499.0,490.0,481.0,490.0,-1.8,485.0,1118.0,69.0
RHPC,1/26/2015,490.0,500.0,498.0,498.0,1.63,269.0,1118.0,69.0
RHPC,1/27/2015,498.0,495.0,490.0,495.0,-0.6,61.0,1118.0,69.0
RHPC,1/28/2015,495.0,500.0,478.0,500.0,1.01,441.0,1118.0,69.0
RHPC,1/29/2015,500.0,495.0,490.0,495.0,-1.0,336.0,1118.0,69.0
RHPC,2/1/2015,495.0,490.0,490.0,490.0,-1.01,70.0,1118.0,69.0
RHPC,2/2/2015,490.0,486.0,480.0,486.0,-0.82,539.0,1118.0,69.0
RHPC,2/3/2015,486.0,495.0,485.0,495.0,1.85,523.0,1118.0,69.0
RHPC,2/4/2015,495.0,504.0,495.0,500.0,1.01,1391.0,1118.0,69.0
RHPC,2/5/2015,500.0,491.0,490.0,490.0,-2.0,22.0,1118.0,69.0
RHPC,2/8/2015,490.0,499.0,481.0,492.0,0.41,656.0,1118.0,69.0
RHPC,2/9/2015,492.0,495.0,486.0,492.0,0.0,157.0,1118.0,69.0
RHPC,2/10/2015,492.0,490.0,485.0,490.0,-0.41,752.0,1118.0,69.0
RHPC,2/11/2015,490.0,490.0,482.0,490.0,0.0,627.0,1118.0,69.0
RHPC,2/12/2015,490.0,492.0,484.0,492.0,0.41,1006.0,1118.0,69.0
RHPC,2/16/2015,492.0,490.0,481.0,485.0,-1.42,560.0,1118.0,69.0
RHPC,2/18/2015,485.0,495.0,485.0,485.0,0.0,1035.0,1118.0,69.0
RHPC,2/22/2015,485.0,490.0,485.0,490.0,1.03,183.0,1118.0,69.0
RHPC,2/23/2015,490.0,494.0,488.0,491.0,0.2,332.0,1118.0,69.0
RHPC,2/24/2015,491.0,494.0,490.0,490.0,-0.2,546.0,1118.0,69.0
RHPC,2/25/2015,490.0,495.0,482.0,486.0,-0.82,1246.0,1118.0,69.0
RHPC,2/26/2015,486.0,495.0,490.0,490.0,0.82,603.0,1118.0,69.0
RHPC,3/1/2015,490.0,490.0,490.0,490.0,0.0,61.0,1118.0,69.0
RHPC,3/2/2015,490.0,485.0,476.0,485.0,-1.02,34.0,1118.0,69.0
RHPC,3/3/2015,485.0,495.0,479.0,487.0,0.41,765.0,1118.0,69.0
RHPC,3/4/2015,487.0,500.0,478.0,500.0,2.67,911.0,1118.0,69.0
RHPC,3/9/2015,500.0,505.0,484.0,505.0,1.0,338.0,1118.0,69.0
RHPC,3/10/2015,505.0,505.0,495.0,499.0,-1.19,192.0,1118.0,69.0
RHPC,3/11/2015,499.0,505.0,491.0,499.0,0.0,1142.0,1118.0,69.0
RHPC,3/12/2015,499.0,490.0,481.0,481.0,-3.61,22.0,1118.0,69.0
RHPC,3/15/2015,481.0,482.0,476.0,477.0,-0.83,282.0,1118.0,69.0
RHPC,3/16/2015,477.0,487.0,468.0,487.0,2.1,180.0,1118.0,69.0
RHPC,3/17/2015,487.0,487.0,475.0,481.0,-1.23,682.0,1118.0,69.0
RHPC,3/18/2015,481.0,494.0,480.0,494.0,2.7,411.0,1118.0,69.0
RHPC,3/19/2015,494.0,496.0,492.0,492.0,-0.4,162.0,1118.0,69.0
RHPC,3/22/2015,492.0,500.0,490.0,490.0,-0.41,113.0,1118.0,69.0
RHPC,3/23/2015,490.0,490.0,490.0,490.0,0.0,99.0,1118.0,69.0
RHPC,3/24/2015,490.0,494.0,494.0,494.0,0.82,11.0,1118.0,69.0
RHPC,3/25/2015,494.0,490.0,485.0,490.0,-0.81,114.0,1118.0,69.0
RHPC,3/26/2015,490.0,488.0,482.0,488.0,-0.41,556.0,1118.0,69.0
RHPC,3/29/2015,488.0,480.0,470.0,470.0,-3.69,250.0,1118.0,69.0
RHPC,3/30/2015,470.0,470.0,463.0,470.0,0.0,332.0,1118.0,69.0
RHPC,3/31/2015,470.0,480.0,470.0,480.0,2.13,355.0,1118.0,69.0
RHPC,4/1/2015,480.0,480.0,465.0,465.0,-3.12,741.0,1118.0,69.0
RHPC,4/2/2015,465.0,470.0,468.0,470.0,1.08,89.0,1118.0,69.0
RHPC,4/5/2015,470.0,473.0,470.0,470.0,0.0,68.0,1118.0,69.0
RHPC,4/7/2015,470.0,470.0,470.0,470.0,0.0,313.0,1118.0,69.0
RHPC,4/8/2015,470.0,475.0,475.0,475.0,1.06,147.0,1118.0,69.0
RHPC,4/12/2015,475.0,466.0,457.0,465.0,-2.11,163.0,1118.0,69.0
RHPC,4/13/2015,465.0,465.0,465.0,465.0,0.0,47.0,1118.0,69.0
RHPC,4/15/2015,465.0,465.0,463.0,465.0,0.0,184.0,1118.0,69.0
RHPC,4/16/2015,465.0,468.0,460.0,468.0,0.65,399.0,1118.0,69.0
RHPC,4/19/2015,468.0,460.0,452.0,452.0,-3.42,184.0,1118.0,69.0
RHPC,4/20/2015,452.0,449.0,449.0,449.0,-0.66,112.0,1118.0,69.0
RHPC,4/21/2015,449.0,459.0,443.0,443.0,-1.34,457.0,1118.0,69.0
RHPC,4/22/2015,443.0,448.0,440.0,443.0,0.0,31.0,1118.0,69.0
RHPC,4/23/2015,443.0,445.0,440.0,442.0,-0.23,78.0,1118.0,69.0
RHPC,5/25/2015,442.0,434.0,398.0,398.0,-9.95,240.0,1118.0,69.0
RHPC,5/31/2015,398.0,398.0,391.0,398.0,0.0,1272.0,1118.0,69.0
RHPC,6/1/2015,398.0,391.0,370.0,370.0,-7.04,255.0,1118.0,69.0
RHPC,6/2/2015,370.0,405.0,377.0,401.0,8.38,1431.0,1118.0,69.0
RHPC,6/3/2015,401.0,410.0,405.0,410.0,2.24,332.0,1118.0,69.0
RHPC,6/4/2015,410.0,415.0,405.0,415.0,1.22,960.0,1118.0,69.0
RHPC,6/7/2015,415.0,425.0,414.0,418.0,0.72,3099.0,1118.0,69.0
RHPC,6/8/2015,418.0,433.0,421.0,431.0,3.11,131.0,1118.0,69.0
RHPC,6/9/2015,431.0,468.0,439.0,468.0,8.58,2381.0,1118.0,69.0
RHPC,6/10/2015,468.0,477.0,445.0,450.0,-3.85,2837.0,1118.0,69.0
RHPC,6/11/2015,450.0,450.0,422.0,422.0,-6.22,1167.0,1118.0,69.0
RHPC,6/14/2015,422.0,428.0,415.0,419.0,-0.71,926.0,1118.0,69.0
RHPC,6/15/2015,419.0,435.0,416.0,435.0,3.82,834.0,1118.0,69.0
RHPC,6/16/2015,435.0,438.0,425.0,435.0,0.0,691.0,1118.0,69.0
RHPC,6/17/2015,435.0,431.0,425.0,429.0,-1.38,1002.0,1118.0,69.0
RHPC,6/18/2015,429.0,434.0,423.0,430.0,0.23,903.0,1118.0,69.0
RHPC,6/21/2015,430.0,433.0,419.0,421.0,-2.09,1029.0,1118.0,69.0
RHPC,6/22/2015,421.0,435.0,415.0,429.0,1.9,1023.0,1118.0,69.0
RHPC,6/23/2015,429.0,434.0,426.0,426.0,-0.7,154.0,1118.0,69.0
RHPC,6/24/2015,426.0,426.0,418.0,423.0,-0.7,483.0,1118.0,69.0
RHPC,6/25/2015,423.0,425.0,415.0,419.0,-0.95,283.0,1118.0,69.0
RHPC,6/28/2015,419.0,423.0,415.0,420.0,0.24,953.0,1118.0,69.0
RHPC,6/29/2015,420.0,425.0,416.0,418.0,-0.48,515.0,1118.0,69.0
RHPC,6/30/2015,418.0,416.0,415.0,415.0,-0.72,88.0,1118.0,69.0
RHPC,7/1/2015,415.0,416.0,410.0,415.0,0.0,452.0,1118.0,69.0
RHPC,7/2/2015,415.0,415.0,410.0,412.0,-0.72,931.0,1118.0,69.0
RHPC,7/5/2015,412.0,414.0,410.0,414.0,0.49,233.0,1118.0,69.0
RHPC,7/6/2015,414.0,409.0,402.0,407.0,-1.69,250.0,1118.0,69.0
RHPC,7/7/2015,407.0,415.0,406.0,407.0,0.0,1297.0,1118.0,69.0
RHPC,7/8/2015,407.0,419.0,410.0,416.0,2.21,1359.0,1118.0,69.0
RHPC,7/9/2015,416.0,416.0,408.0,413.0,-0.72,692.0,1118.0,69.0
RHPC,7/12/2015,413.0,419.0,412.0,414.0,0.24,669.0,1118.0,69.0
RHPC,7/13/2015,414.0,413.0,409.0,410.0,-0.97,749.0,1118.0,69.0
RHPC,7/14/2015,410.0,418.0,408.0,415.0,1.22,823.0,1118.0,69.0
RHPC,7/15/2015,415.0,418.0,407.0,417.0,0.48,1005.0,1118.0,69.0
RHPC,7/16/2015,417.0,413.0,405.0,405.0,-2.88,228.0,1118.0,69.0
RHPC,7/22/2015,405.0,430.0,413.0,426.0,5.19,855.0,1118.0,69.0
RHPC,7/23/2015,426.0,455.0,430.0,438.0,2.82,1591.0,1118.0,69.0
RHPC,7/27/2015,438.0,449.0,434.0,434.0,-0.91,136.0,1118.0,69.0
RHPC,7/28/2015,434.0,430.0,430.0,430.0,-0.92,11.0,1118.0,69.0
RHPC,7/29/2015,430.0,422.0,408.0,408.0,-5.12,2230.0,1118.0,69.0
RHPC,7/30/2015,408.0,415.0,402.0,408.0,0.0,656.0,1118.0,69.0
RHPC,8/2/2015,408.0,410.0,406.0,410.0,0.49,521.0,1118.0,69.0
RHPC,8/3/2015,410.0,410.0,399.0,402.0,-1.95,1500.0,1118.0,69.0
RHPC,8/4/2015,402.0,410.0,395.0,407.0,1.24,2025.0,1118.0,69.0
RHPC,8/5/2015,407.0,409.0,400.0,405.0,-0.49,1441.0,1118.0,69.0
RHPC,8/6/2015,405.0,407.0,400.0,407.0,0.49,496.0,1118.0,69.0
RHPC,8/9/2015,407.0,403.0,395.0,395.0,-2.95,1578.0,1118.0,69.0
RHPC,8/10/2015,395.0,395.0,362.0,369.0,-6.58,1612.0,1118.0,69.0
RHPC,8/11/2015,369.0,404.0,355.0,404.0,9.49,1081.0,1118.0,69.0
RHPC,8/12/2015,404.0,401.0,369.0,389.0,-3.71,1953.0,1118.0,69.0
RHPC,8/13/2015,389.0,397.0,376.0,395.0,1.54,1917.0,1118.0,69.0
RHPC,8/16/2015,395.0,409.0,369.0,377.0,-4.56,1494.0,1118.0,69.0
RHPC,8/17/2015,377.0,388.0,377.0,385.0,2.12,341.0,1118.0,69.0
RHPC,8/18/2015,385.0,396.0,372.0,396.0,2.86,1151.0,1118.0,69.0
RHPC,8/19/2015,396.0,402.0,386.0,392.0,-1.01,1866.0,1118.0,69.0
RHPC,8/20/2015,392.0,404.0,370.0,385.0,-1.79,1458.0,1118.0,69.0
RHPC,8/23/2015,385.0,391.0,374.0,387.0,0.52,3243.0,1118.0,69.0
RHPC,8/24/2015,387.0,400.0,382.0,390.0,0.78,1159.0,1118.0,69.0
RHPC,8/25/2015,390.0,399.0,385.0,390.0,0.0,4187.0,1118.0,69.0
RHPC,8/26/2015,390.0,400.0,390.0,400.0,2.56,2165.0,1118.0,69.0
RHPC,8/27/2015,400.0,415.0,400.0,415.0,3.75,2625.0,1118.0,69.0
RHPC,8/31/2015,415.0,408.0,396.0,405.0,-2.41,923.0,1118.0,69.0
RHPC,9/1/2015,405.0,414.0,400.0,405.0,0.0,1682.0,1118.0,69.0
RHPC,9/2/2015,405.0,410.0,384.0,403.0,-0.49,1598.0,1118.0,69.0
RHPC,9/3/2015,403.0,410.0,400.0,403.0,0.0,2749.0,1118.0,69.0
RHPC,9/6/2015,403.0,405.0,397.0,398.0,-1.24,1634.0,1118.0,69.0
RHPC,9/7/2015,398.0,410.0,390.0,406.0,2.01,2075.0,1118.0,69.0
RHPC,9/8/2015,406.0,410.0,402.0,405.0,-0.25,1705.0,1118.0,69.0
RHPC,9/9/2015,405.0,409.0,400.0,406.0,0.25,622.0,1118.0,69.0
RHPC,9/10/2015,406.0,410.0,400.0,406.0,0.0,1916.0,1118.0,69.0
RHPC,9/13/2015,406.0,438.0,403.0,438.0,7.88,3315.0,1118.0,69.0
RHPC,9/14/2015,438.0,472.0,446.0,460.0,5.02,8531.0,1118.0,69.0
RHPC,9/15/2015,460.0,466.0,450.0,460.0,0.0,8629.0,1118.0,69.0
RHPC,9/16/2015,460.0,464.0,440.0,452.0,-1.74,3322.0,1118.0,69.0
RHPC,9/17/2015,452.0,455.0,436.0,440.0,-2.65,3366.0,1118.0,69.0
RHPC,9/22/2015,440.0,437.0,420.0,420.0,-4.55,796.0,1118.0,69.0
RHPC,9/23/2015,420.0,435.0,425.0,435.0,3.57,783.0,1118.0,69.0
RHPC,9/24/2015,435.0,435.0,423.0,425.0,-2.3,707.0,1118.0,69.0
RHPC,9/28/2015,425.0,417.0,402.0,409.0,-3.76,366.0,1118.0,69.0
RHPC,9/29/2015,409.0,415.0,394.0,404.0,-1.22,2372.0,1118.0,69.0
RHPC,9/30/2015,404.0,410.0,394.0,395.0,-2.23,5427.0,1118.0,69.0
RHPC,10/1/2015,395.0,402.0,394.0,395.0,0.0,548.0,1118.0,69.0
RHPC,10/4/2015,395.0,395.0,390.0,390.0,-1.27,1216.0,1118.0,69.0
RHPC,10/5/2015,390.0,392.0,390.0,390.0,0.0,264.0,1118.0,69.0
RHPC,10/6/2015,390.0,389.0,375.0,385.0,-1.28,343.0,1118.0,69.0
RHPC,10/7/2015,385.0,378.0,371.0,375.0,-2.6,69.0,1118.0,69.0
RHPC,10/8/2015,375.0,391.0,375.0,385.0,2.67,404.0,1118.0,69.0
RHPC,10/11/2015,385.0,385.0,385.0,385.0,0.0,46.0,1118.0,69.0
RHPC,10/14/2015,385.0,390.0,384.0,387.0,0.52,516.0,1118.0,69.0
RHPC,10/15/2015,387.0,395.0,385.0,395.0,2.07,224.0,1118.0,69.0
RHPC,10/18/2015,395.0,388.0,381.0,381.0,-3.54,72.0,1118.0,69.0
RHPC,10/28/2015,381.0,376.0,371.0,371.0,-2.62,69.0,1118.0,69.0
RHPC,10/29/2015,371.0,377.0,370.0,377.0,1.62,252.0,1118.0,69.0
RHPC,11/1/2015,377.0,384.0,379.0,380.0,0.8,152.0,1118.0,69.0
RHPC,11/2/2015,380.0,380.0,375.0,380.0,0.0,106.0,1118.0,69.0
RHPC,11/3/2015,380.0,387.0,373.0,375.0,-1.32,196.0,1118.0,69.0
RHPC,11/4/2015,375.0,371.0,363.0,371.0,-1.07,280.0,1118.0,69.0
RHPC,11/5/2015,371.0,394.0,371.0,394.0,6.2,404.0,1118.0,69.0
RHPC,11/8/2015,394.0,390.0,385.0,386.0,-2.03,527.0,1118.0,69.0
RHPC,11/9/2015,386.0,390.0,384.0,389.0,0.78,171.0,1118.0,69.0
RHPC,11/10/2015,389.0,387.0,380.0,387.0,-0.51,264.0,1118.0,69.0
RHPC,11/15/2015,387.0,394.0,394.0,394.0,1.81,60.0,1118.0,69.0
RHPC,11/16/2015,394.0,394.0,380.0,380.0,-3.55,523.0,1118.0,69.0
RHPC,11/19/2015,380.0,380.0,370.0,377.0,-0.79,133.0,1118.0,69.0
RHPC,11/22/2015,377.0,370.0,363.0,364.0,-3.45,35.0,1118.0,69.0
RHPC,11/23/2015,364.0,358.0,347.0,353.0,-3.02,234.0,1118.0,69.0
RHPC,11/24/2015,353.0,360.0,347.0,360.0,1.98,651.0,1118.0,69.0
RHPC,11/25/2015,360.0,360.0,358.0,360.0,0.0,398.0,1118.0,69.0
RHPC,11/26/2015,360.0,372.0,367.0,372.0,3.33,233.0,1118.0,69.0
RHPC,11/29/2015,372.0,379.0,372.0,372.0,0.0,116.0,1118.0,69.0
RHPC,11/30/2015,372.0,375.0,371.0,373.0,0.27,412.0,1118.0,69.0
RHPC,12/1/2015,373.0,369.0,362.0,365.0,-2.14,329.0,1118.0,69.0
RHPC,12/2/2015,365.0,371.0,358.0,358.0,-1.92,362.0,1118.0,69.0
RHPC,12/3/2015,358.0,364.0,359.0,360.0,0.56,141.0,1118.0,69.0
RHPC,12/6/2015,360.0,365.0,360.0,365.0,1.39,47.0,1118.0,69.0
RHPC,12/7/2015,365.0,372.0,363.0,365.0,0.0,387.0,1118.0,69.0
RHPC,12/8/2015,365.0,372.0,355.0,355.0,-2.74,569.0,1118.0,69.0
RHPC,12/9/2015,355.0,365.0,357.0,362.0,1.97,625.0,1118.0,69.0
RHPC,12/10/2015,362.0,362.0,355.0,362.0,0.0,414.0,1118.0,69.0
RHPC,12/13/2015,362.0,369.0,360.0,367.0,1.38,575.0,1118.0,69.0
RHPC,12/14/2015,367.0,377.0,355.0,360.0,-1.91,539.0,1118.0,69.0
RHPC,12/15/2015,360.0,362.0,350.0,359.0,-0.28,533.0,1118.0,69.0
RHPC,12/16/2015,359.0,360.0,353.0,360.0,0.28,250.0,1118.0,69.0
RHPC,12/17/2015,360.0,360.0,356.0,360.0,0.0,205.0,1118.0,69.0
RHPC,12/20/2015,360.0,369.0,356.0,362.0,0.56,610.0,1118.0,69.0
RHPC,12/21/2015,362.0,359.0,350.0,359.0,-0.83,519.0,1118.0,69.0
RHPC,12/22/2015,359.0,362.0,350.0,350.0,-2.51,499.0,1118.0,69.0
RHPC,12/23/2015,350.0,352.0,345.0,346.0,-1.14,232.0,1118.0,69.0
RHPC,12/24/2015,346.0,357.0,340.0,357.0,3.18,345.0,1118.0,69.0
RHPC,12/27/2015,357.0,360.0,343.0,360.0,0.84,256.0,1118.0,69.0
RHPC,12/28/2015,360.0,365.0,358.0,362.0,0.56,1944.0,1118.0,69.0
RHPC,12/29/2015,362.0,372.0,358.0,365.0,0.83,344.0,1118.0,69.0
RHPC,12/31/2015,365.0,368.0,353.0,368.0,0.82,978.0,1118.0,69.0
RHPC,1/3/2016,368.0,375.0,346.0,346.0,-5.98,626.0,1118.0,69.0
RHPC,1/4/2016,346.0,362.0,343.0,355.0,2.6,648.0,1118.0,69.0
RHPC,1/5/2016,355.0,364.0,349.0,352.0,-0.85,1158.0,1118.0,69.0
RHPC,1/6/2016,352.0,376.0,350.0,360.0,2.27,1627.0,1118.0,69.0
RHPC,1/7/2016,360.0,362.0,348.0,355.0,-1.39,969.0,1118.0,69.0
RHPC,1/10/2016,355.0,362.0,353.0,356.0,0.28,1346.0,1118.0,69.0
RHPC,1/11/2016,356.0,359.0,345.0,348.0,-2.25,1961.0,1118.0,69.0
RHPC,1/12/2016,348.0,354.0,342.0,350.0,0.57,1569.0,1118.0,69.0
RHPC,1/13/2016,350.0,354.0,343.0,347.0,-0.86,1905.0,1118.0,69.0
RHPC,1/14/2016,347.0,355.0,335.0,348.0,0.29,3929.0,1118.0,69.0
RHPC,1/31/2016,348.0,354.0,354.0,354.0,1.72,10.0,1118.0,69.0
RHPC,2/2/2016,354.0,389.0,361.0,389.0,9.89,50.0,1118.0,69.0
RHPC,2/4/2016,389.0,427.0,396.0,427.0,9.77,50.0,1118.0,69.0
RHPC,2/7/2016,427.0,425.0,419.0,423.0,-0.94,1124.0,1118.0,69.0
RHPC,2/8/2016,423.0,418.0,400.0,400.0,-5.44,4906.0,1118.0,69.0
RHPC,2/11/2016,400.0,400.0,392.0,392.0,-2.0,2161.0,1118.0,69.0
RHPC,2/14/2016,392.0,395.0,395.0,395.0,0.77,18.0,1118.0,69.0
RHPC,2/15/2016,395.0,401.0,401.0,401.0,1.52,340.0,1118.0,69.0
RHPC,2/16/2016,401.0,420.0,402.0,402.0,0.25,2345.0,1118.0,69.0
RHPC,2/17/2016,402.0,410.0,410.0,410.0,1.99,36.0,1118.0,69.0
RHPC,2/18/2016,410.0,405.0,400.0,400.0,-2.44,436.0,1118.0,69.0
RHPC,2/22/2016,400.0,405.0,405.0,405.0,1.25,454.0,1118.0,69.0
RHPC,2/23/2016,405.0,413.0,410.0,410.0,1.23,62.0,1118.0,69.0
RHPC,2/24/2016,410.0,405.0,400.0,400.0,-2.44,163.0,1118.0,69.0
RHPC,2/25/2016,400.0,408.0,400.0,400.0,0.0,1524.0,1118.0,69.0
RHPC,2/28/2016,400.0,401.0,401.0,401.0,0.25,36.0,1118.0,69.0
RHPC,2/29/2016,401.0,409.0,409.0,409.0,2.0,10.0,1118.0,69.0
RHPC,3/1/2016,409.0,415.0,410.0,415.0,1.47,2123.0,1118.0,69.0
RHPC,3/2/2016,415.0,407.0,407.0,407.0,-1.93,24.0,1118.0,69.0
RHPC,3/6/2016,407.0,411.0,411.0,411.0,0.98,11.0,1118.0,69.0
RHPC,3/10/2016,411.0,452.0,419.0,452.0,9.98,1246.0,1118.0,69.0
RHPC,3/13/2016,452.0,470.0,461.0,461.0,1.99,1741.0,1118.0,69.0
RHPC,3/14/2016,461.0,489.0,470.0,481.0,4.34,1302.0,1118.0,69.0
RHPC,3/15/2016,481.0,477.0,473.0,473.0,-1.66,1264.0,1118.0,69.0
RHPC,3/16/2016,473.0,485.0,465.0,465.0,-1.69,2062.0,1118.0,69.0
RHPC,3/17/2016,465.0,474.0,460.0,474.0,1.94,1410.0,1118.0,69.0
RHPC,3/20/2016,474.0,480.0,465.0,471.0,-0.63,1666.0,1118.0,69.0
RHPC,3/21/2016,471.0,475.0,462.0,462.0,-1.91,1378.0,1118.0,69.0
RHPC,3/23/2016,462.0,464.0,455.0,464.0,0.43,145.0,1118.0,69.0
RHPC,3/24/2016,464.0,473.0,473.0,473.0,1.94,10.0,1118.0,69.0
RHPC,3/30/2016,473.0,480.0,480.0,480.0,1.48,10.0,1118.0,69.0
RHPC,3/31/2016,480.0,479.0,473.0,473.0,-1.46,95.0,1118.0,69.0
RHPC,4/11/2016,473.0,464.0,426.0,426.0,-9.94,653.0,1118.0,69.0
RHPC,4/12/2016,426.0,418.0,411.0,411.0,-3.52,223.0,1118.0,69.0
RHPC,4/14/2016,411.0,416.0,411.0,412.0,0.24,346.0,1118.0,69.0
RHPC,4/17/2016,412.0,413.0,405.0,410.0,-0.49,401.0,1118.0,69.0
RHPC,4/18/2016,410.0,418.0,415.0,415.0,1.22,178.0,1118.0,69.0
RHPC,4/19/2016,415.0,410.0,407.0,410.0,-1.2,68.0,1118.0,69.0
RHPC,4/20/2016,410.0,417.0,400.0,417.0,1.71,402.0,1118.0,69.0
RHPC,4/21/2016,417.0,417.0,411.0,412.0,-1.2,325.0,1118.0,69.0
RHPC,4/24/2016,412.0,410.0,400.0,410.0,-0.49,151.0,1118.0,69.0
RHPC,4/25/2016,410.0,415.0,405.0,415.0,1.22,1091.0,1118.0,69.0
RHPC,4/26/2016,415.0,415.0,407.0,408.0,-1.69,329.0,1118.0,69.0
RHPC,4/27/2016,408.0,408.0,400.0,407.0,-0.25,216.0,1118.0,69.0
RHPC,4/28/2016,407.0,415.0,400.0,408.0,0.25,786.0,1118.0,69.0
RHPC,5/2/2016,408.0,407.0,400.0,405.0,-0.74,94.0,1118.0,69.0
RHPC,5/3/2016,405.0,402.0,399.0,400.0,-1.23,526.0,1118.0,69.0
RHPC,5/4/2016,400.0,414.0,400.0,414.0,3.5,912.0,1118.0,69.0
RHPC,5/5/2016,414.0,410.0,405.0,405.0,-2.17,157.0,1118.0,69.0
RHPC,5/8/2016,405.0,400.0,396.0,398.0,-1.73,189.0,1118.0,69.0
RHPC,5/9/2016,398.0,400.0,387.0,389.0,-2.26,222.0,1118.0,69.0
RHPC,5/10/2016,389.0,414.0,383.0,404.0,3.86,467.0,1118.0,69.0
RHPC,5/11/2016,404.0,420.0,405.0,420.0,3.96,1022.0,1118.0,69.0
RHPC,5/12/2016,420.0,426.0,412.0,418.0,-0.48,550.0,1118.0,69.0
RHPC,5/15/2016,418.0,433.0,412.0,433.0,3.59,705.0,1118.0,69.0
RHPC,5/16/2016,433.0,464.0,425.0,440.0,1.62,2121.0,1118.0,69.0
RHPC,5/17/2016,440.0,484.0,448.0,484.0,10.0,7564.0,1118.0,69.0
RHPC,5/18/2016,484.0,504.0,479.0,495.0,2.27,10352.0,1118.0,69.0
RHPC,5/19/2016,495.0,495.0,466.0,467.0,-5.66,2134.0,1118.0,69.0
RHPC,5/22/2016,467.0,486.0,465.0,476.0,1.93,2155.0,1118.0,69.0
RHPC,5/23/2016,476.0,475.0,460.0,460.0,-3.36,2035.0,1118.0,69.0
RHPC,5/24/2016,460.0,467.0,441.0,441.0,-4.13,3963.0,1118.0,69.0
RHPC,5/25/2016,441.0,445.0,424.0,429.0,-2.72,5019.0,1118.0,69.0
RHPC,5/26/2016,429.0,464.0,422.0,434.0,1.17,6292.0,1118.0,69.0
RHPC,5/29/2016,347.0,381.0,353.0,373.0,-14.06,4970.0,1118.0,69.0
RHPC,5/30/2016,373.0,380.0,366.0,380.0,1.88,2218.0,1118.0,69.0
RHPC,5/31/2016,380.0,418.0,380.0,418.0,10.0,4941.0,1118.0,69.0
RHPC,6/1/2016,418.0,442.0,387.0,394.0,-5.74,4119.0,1118.0,69.0
RHPC,6/2/2016,394.0,392.0,380.0,392.0,-0.51,626.0,1118.0,69.0
RHPC,6/5/2016,392.0,385.0,360.0,372.0,-5.1,839.0,1118.0,69.0
RHPC,6/6/2016,372.0,379.0,373.0,375.0,0.81,340.0,1118.0,69.0
RHPC,6/7/2016,375.0,375.0,357.0,357.0,-4.8,55.0,1118.0,69.0
RHPC,6/8/2016,357.0,370.0,356.0,370.0,3.64,800.0,1118.0,69.0
RHPC,6/9/2016,370.0,375.0,366.0,375.0,1.35,1773.0,1118.0,69.0
RHPC,6/12/2016,375.0,368.0,355.0,355.0,-5.33,224.0,1118.0,69.0
RHPC,6/13/2016,355.0,369.0,361.0,361.0,1.69,464.0,1118.0,69.0
RHPC,6/14/2016,361.0,370.0,365.0,365.0,1.11,711.0,1118.0,69.0
RHPC,6/15/2016,365.0,379.0,358.0,372.0,1.92,816.0,1118.0,69.0
RHPC,6/16/2016,372.0,385.0,373.0,376.0,1.08,806.0,1118.0,69.0
RHPC,6/19/2016,376.0,381.0,373.0,373.0,-0.8,480.0,1118.0,69.0
RHPC,6/20/2016,373.0,368.0,351.0,358.0,-4.02,953.0,1118.0,69.0
RHPC,6/21/2016,358.0,368.0,360.0,368.0,2.79,2935.0,1118.0,69.0
RHPC,6/22/2016,368.0,375.0,362.0,369.0,0.27,197.0,1118.0,69.0
RHPC,6/23/2016,369.0,400.0,372.0,395.0,7.05,3386.0,1118.0,69.0
RHPC,6/26/2016,395.0,389.0,373.0,373.0,-5.57,463.0,1118.0,69.0
RHPC,6/27/2016,373.0,375.0,368.0,375.0,0.54,379.0,1118.0,69.0
RHPC,6/28/2016,375.0,388.0,380.0,385.0,2.67,907.0,1118.0,69.0
RHPC,6/29/2016,385.0,390.0,380.0,381.0,-1.04,1318.0,1118.0,69.0
RHPC,6/30/2016,381.0,385.0,378.0,380.0,-0.26,1019.0,1118.0,69.0
RHPC,7/3/2016,380.0,389.0,371.0,371.0,-2.37,1023.0,1118.0,69.0
RHPC,7/4/2016,371.0,378.0,370.0,370.0,-0.27,2748.0,1118.0,69.0
RHPC,7/5/2016,370.0,376.0,370.0,375.0,1.35,2328.0,1118.0,69.0
RHPC,7/6/2016,375.0,376.0,366.0,374.0,-0.27,966.0,1118.0,69.0
RHPC,7/10/2016,374.0,394.0,367.0,390.0,4.28,2139.0,1118.0,69.0
RHPC,7/11/2016,390.0,400.0,385.0,385.0,-1.28,1109.0,1118.0,69.0
RHPC,7/12/2016,385.0,378.0,368.0,370.0,-3.9,1787.0,1118.0,69.0
RHPC,7/13/2016,370.0,372.0,364.0,365.0,-1.35,306.0,1118.0,69.0
RHPC,7/14/2016,365.0,380.0,366.0,373.0,2.19,661.0,1118.0,69.0
RHPC,7/17/2016,373.0,387.0,369.0,387.0,3.75,2398.0,1118.0,69.0
RHPC,7/18/2016,387.0,387.0,375.0,380.0,-1.81,932.0,1118.0,69.0
RHPC,7/19/2016,380.0,390.0,370.0,390.0,2.63,1379.0,1118.0,69.0
RHPC,7/20/2016,390.0,384.0,375.0,375.0,-3.85,721.0,1118.0,69.0
RHPC,7/21/2016,375.0,387.0,365.0,365.0,-2.67,2161.0,1118.0,69.0
RHPC,7/25/2016,365.0,375.0,360.0,375.0,2.74,410.0,1118.0,69.0
RHPC,7/26/2016,375.0,412.0,375.0,411.0,9.6,2082.0,1118.0,69.0
RHPC,7/27/2016,411.0,419.0,399.0,399.0,-2.92,1226.0,1118.0,69.0
RHPC,7/28/2016,399.0,392.0,374.0,385.0,-3.51,1333.0,1118.0,69.0
RHPC,7/31/2016,385.0,405.0,359.0,397.0,3.12,3350.0,1118.0,69.0
RHPC,8/1/2016,397.0,400.0,383.0,390.0,-1.76,6092.0,1118.0,69.0
RHPC,8/2/2016,390.0,390.0,385.0,385.0,-1.28,35.0,1118.0,69.0
RHPC,8/3/2016,385.0,390.0,380.0,380.0,-1.3,480.0,1118.0,69.0
RHPC,8/4/2016,380.0,380.0,373.0,380.0,0.0,421.0,1118.0,69.0
RHPC,8/7/2016,380.0,385.0,377.0,377.0,-0.79,760.0,1118.0,69.0
RHPC,8/8/2016,377.0,370.0,355.0,355.0,-5.84,151.0,1118.0,69.0
RHPC,8/10/2016,355.0,380.0,362.0,378.0,6.48,934.0,1118.0,69.0
RHPC,8/11/2016,378.0,400.0,372.0,372.0,-1.59,912.0,1118.0,69.0
RHPC,8/14/2016,372.0,377.0,358.0,374.0,0.54,1411.0,1118.0,69.0
RHPC,8/15/2016,374.0,367.0,344.0,346.0,-7.49,2366.0,1118.0,69.0
RHPC,8/16/2016,346.0,346.0,330.0,340.0,-1.73,1793.0,1118.0,69.0
RHPC,8/17/2016,340.0,369.0,330.0,369.0,8.53,912.0,1118.0,69.0
RHPC,8/21/2016,369.0,362.0,340.0,348.0,-5.69,645.0,1118.0,69.0
RHPC,8/22/2016,348.0,345.0,339.0,345.0,-0.86,429.0,1118.0,69.0
RHPC,8/23/2016,345.0,340.0,315.0,321.0,-6.96,1307.0,1118.0,69.0
RHPC,8/24/2016,321.0,333.0,320.0,333.0,3.74,402.0,1118.0,69.0
RHPC,8/28/2016,333.0,345.0,330.0,330.0,-0.9,1112.0,1118.0,69.0
RHPC,8/29/2016,330.0,336.0,330.0,330.0,0.0,299.0,1118.0,69.0
RHPC,8/30/2016,330.0,336.0,328.0,336.0,1.82,737.0,1118.0,69.0
RHPC,8/31/2016,336.0,330.0,319.0,325.0,-3.27,487.0,1118.0,69.0
RHPC,9/1/2016,307.0,306.0,295.0,300.0,-7.69,2248.0,1118.0,69.0
RHPC,9/3/2016,300.0,306.0,294.0,306.0,2.0,244.0,1118.0,69.0
RHPC,9/4/2016,300.0,306.0,294.0,306.0,0.0,244.0,1118.0,69.0
RHPC,9/5/2016,306.0,318.0,305.0,318.0,3.92,262.0,1118.0,69.0
RHPC,9/6/2016,318.0,342.0,318.0,342.0,7.55,405.0,1118.0,69.0
RHPC,9/7/2016,342.0,336.0,320.0,320.0,-6.43,176.0,1118.0,69.0
RHPC,9/8/2016,320.0,328.0,320.0,320.0,0.0,826.0,1118.0,69.0
RHPC,9/11/2016,320.0,320.0,312.0,314.0,-1.88,350.0,1118.0,69.0
RHPC,9/12/2016,314.0,320.0,305.0,315.0,0.32,213.0,1118.0,69.0
RHPC,9/14/2016,315.0,321.0,310.0,310.0,-1.59,236.0,1118.0,69.0
RHPC,9/18/2016,310.0,310.0,300.0,301.0,-2.9,419.0,1118.0,69.0
RHPC,9/20/2016,301.0,303.0,295.0,295.0,-1.99,139.0,1118.0,69.0
RHPC,9/21/2016,295.0,305.0,295.0,297.0,0.68,690.0,1118.0,69.0
RHPC,9/22/2016,297.0,302.0,296.0,298.0,0.34,350.0,1118.0,69.0
RHPC,9/25/2016,298.0,303.0,293.0,293.0,-1.68,409.0,1118.0,69.0
RHPC,9/26/2016,293.0,306.0,292.0,300.0,2.39,2365.0,1118.0,69.0
RHPC,9/27/2016,300.0,300.0,294.0,300.0,0.0,1012.0,1118.0,69.0
RHPC,9/28/2016,300.0,296.0,296.0,296.0,-1.33,178.0,1118.0,69.0
RHPC,9/29/2016,296.0,306.0,296.0,306.0,3.38,528.0,1118.0,69.0
RHPC,10/2/2016,306.0,300.0,295.0,300.0,-1.96,407.0,1118.0,69.0
RHPC,10/3/2016,300.0,300.0,295.0,300.0,0.0,427.0,1118.0,69.0
RHPC,10/4/2016,300.0,306.0,300.0,305.0,1.67,403.0,1118.0,69.0
RHPC,10/5/2016,305.0,305.0,304.0,305.0,0.0,173.0,1118.0,69.0
RHPC,10/6/2016,305.0,311.0,302.0,302.0,-0.98,665.0,1118.0,69.0
RHPC,10/16/2016,302.0,302.0,295.0,295.0,-2.32,1221.0,1118.0,69.0
RHPC,10/17/2016,295.0,295.0,295.0,295.0,0.0,11.0,1118.0,69.0
RHPC,10/18/2016,295.0,300.0,300.0,300.0,1.69,250.0,1118.0,69.0
RHPC,10/19/2016,300.0,300.0,294.0,300.0,0.0,463.0,1118.0,69.0
RHPC,10/20/2016,300.0,300.0,295.0,296.0,-1.33,332.0,1118.0,69.0
RHPC,10/23/2016,296.0,298.0,293.0,293.0,-1.01,774.0,1118.0,69.0
RHPC,10/24/2016,293.0,298.0,293.0,298.0,1.71,363.0,1118.0,69.0
RHPC,10/25/2016,298.0,293.0,280.0,284.0,-4.7,671.0,1118.0,69.0
RHPC,10/26/2016,284.0,285.0,280.0,285.0,0.35,639.0,1118.0,69.0
RHPC,10/27/2016,285.0,290.0,285.0,285.0,0.0,382.0,1118.0,69.0
RHPC,11/7/2016,285.0,285.0,280.0,280.0,-1.75,706.0,1118.0,69.0
RHPC,11/8/2016,280.0,275.0,265.0,265.0,-5.36,401.0,1118.0,69.0
RHPC,11/9/2016,265.0,275.0,270.0,275.0,3.77,82.0,1118.0,69.0
RHPC,11/10/2016,275.0,276.0,270.0,272.0,-1.09,744.0,1118.0,69.0
RHPC,11/13/2016,272.0,272.0,262.0,265.0,-2.57,241.0,1118.0,69.0
RHPC,11/14/2016,265.0,262.0,262.0,262.0,-1.13,23.0,1118.0,69.0
RHPC,11/15/2016,262.0,267.0,252.0,257.0,-1.91,1850.0,1118.0,69.0
RHPC,11/16/2016,257.0,257.0,246.0,250.0,-2.72,208.0,1118.0,69.0
RHPC,11/17/2016,250.0,260.0,250.0,260.0,4.0,231.0,1118.0,69.0
RHPC,11/20/2016,260.0,265.0,243.0,243.0,-6.54,803.0,1118.0,69.0
RHPC,11/21/2016,243.0,247.0,240.0,242.0,-0.41,578.0,1118.0,69.0
RHPC,11/22/2016,242.0,250.0,242.0,246.0,1.65,386.0,1118.0,69.0
RHPC,11/23/2016,246.0,250.0,238.0,243.0,-1.22,2068.0,1118.0,69.0
RHPC,11/24/2016,243.0,242.0,235.0,240.0,-1.23,904.0,1118.0,69.0
RHPC,11/27/2016,240.0,244.0,240.0,241.0,0.42,734.0,1118.0,69.0
RHPC,11/28/2016,241.0,237.0,229.0,234.0,-2.9,253.0,1118.0,69.0
RHPC,11/29/2016,234.0,238.0,230.0,235.0,0.43,1247.0,1118.0,69.0
RHPC,11/30/2016,235.0,238.0,228.0,228.0,-2.98,99.0,1118.0,69.0
RHPC,12/1/2016,228.0,248.0,232.0,248.0,8.77,156.0,1118.0,69.0
RHPC,12/4/2016,248.0,261.0,252.0,257.0,3.63,800.0,1118.0,69.0
RHPC,12/5/2016,257.0,260.0,245.0,245.0,-4.67,660.0,1118.0,69.0
RHPC,12/6/2016,245.0,250.0,245.0,250.0,2.04,156.0,1118.0,69.0
RHPC,12/7/2016,250.0,254.0,249.0,249.0,-0.4,23.0,1118.0,69.0
RHPC,12/8/2016,249.0,250.0,243.0,245.0,-1.61,207.0,1118.0,69.0
RHPC,12/11/2016,245.0,248.0,238.0,240.0,-2.04,1446.0,1118.0,69.0
RHPC,12/12/2016,240.0,244.0,228.0,228.0,-5.0,1564.0,1118.0,69.0
RHPC,12/14/2016,228.0,235.0,227.0,235.0,3.07,5710.0,1118.0,69.0
RHPC,12/15/2016,235.0,239.0,235.0,239.0,1.7,26.0,1118.0,69.0
RHPC,12/18/2016,239.0,244.0,237.0,237.0,-0.84,161.0,1118.0,69.0
RHPC,12/19/2016,237.0,241.0,237.0,241.0,1.69,117.0,1118.0,69.0
RHPC,12/20/2016,241.0,239.0,237.0,237.0,-1.66,282.0,1118.0,69.0
RHPC,12/21/2016,237.0,238.0,229.0,230.0,-2.95,699.0,1118.0,69.0
RHPC,12/22/2016,230.0,234.0,229.0,229.0,-0.43,201.0,1118.0,69.0
RHPC,12/26/2016,229.0,231.0,227.0,227.0,-0.87,267.0,1118.0,69.0
RHPC,12/27/2016,227.0,227.0,223.0,227.0,0.0,246.0,1118.0,69.0
RHPC,12/28/2016,227.0,235.0,220.0,235.0,3.52,1624.0,1118.0,69.0
RHPC,12/29/2016,235.0,237.0,231.0,236.0,0.43,744.0,1118.0,69.0
RHPC,1/1/2017,236.0,239.0,228.0,230.0,-2.54,822.0,1118.0,69.0
RHPC,1/2/2017,230.0,231.0,226.0,230.0,0.0,862.0,1118.0,69.0
RHPC,1/3/2017,230.0,232.0,223.0,224.0,-2.61,1420.0,1118.0,69.0
RHPC,1/4/2017,224.0,228.0,224.0,228.0,1.79,163.0,1118.0,69.0
RHPC,1/5/2017,228.0,226.0,224.0,224.0,-1.75,614.0,1118.0,69.0
RHPC,1/8/2017,224.0,225.0,216.0,223.0,-0.45,1347.0,1118.0,69.0
RHPC,1/9/2017,223.0,226.0,223.0,226.0,1.35,40.0,1118.0,69.0
RHPC,1/10/2017,226.0,228.0,220.0,228.0,0.88,296.0,1118.0,69.0
RHPC,1/11/2017,228.0,227.0,218.0,218.0,-4.39,1380.0,1118.0,69.0
RHPC,1/12/2017,218.0,227.0,220.0,222.0,1.83,2765.0,1118.0,69.0
RHPC,1/15/2017,222.0,223.0,216.0,218.0,-1.8,625.0,1118.0,69.0
RHPC,1/16/2017,218.0,220.0,215.0,215.0,-1.38,2713.0,1118.0,69.0
RHPC,1/17/2017,215.0,216.0,210.0,214.0,-0.47,3101.0,1118.0,69.0
RHPC,1/18/2017,214.0,218.0,211.0,214.0,0.0,1380.0,1118.0,69.0
RHPC,1/19/2017,214.0,217.0,210.0,216.0,0.93,1427.0,1118.0,69.0
RHPC,1/22/2017,216.0,220.0,213.0,215.0,-0.46,9731.0,1118.0,69.0
RHPC,1/23/2017,215.0,217.0,206.0,217.0,0.93,819.0,1118.0,69.0
RHPC,1/24/2017,217.0,217.0,214.0,214.0,-1.38,3972.0,1118.0,69.0
RHPC,1/25/2017,214.0,210.0,202.0,210.0,-1.87,5556.0,1118.0,69.0
RHPC,1/26/2017,210.0,210.0,197.0,204.0,-2.86,1862.0,1118.0,69.0
RHPC,1/30/2017,204.0,201.0,184.0,184.0,-9.8,1473.0,1118.0,69.0
RHPC,1/31/2017,184.0,193.0,184.0,187.0,1.63,2980.0,1118.0,69.0
RHPC,2/1/2017,187.0,205.0,187.0,205.0,9.63,2174.0,1118.0,69.0
RHPC,2/2/2017,205.0,212.0,197.0,212.0,3.41,4293.0,1118.0,69.0
RHPC,2/5/2017,212.0,209.0,209.0,209.0,-1.42,15.0,1118.0,69.0
RHPC,2/6/2017,209.0,210.0,198.0,205.0,-1.91,1361.0,1118.0,69.0
RHPC,2/7/2017,205.0,202.0,200.0,200.0,-2.44,485.0,1118.0,69.0
RHPC,2/8/2017,200.0,204.0,197.0,200.0,0.0,11035.0,1118.0,69.0
RHPC,2/9/2017,200.0,201.0,197.0,197.0,-1.5,1114.0,1118.0,69.0
RHPC,2/12/2017,197.0,195.0,183.0,184.0,-6.6,196.0,1118.0,69.0
RHPC,2/13/2017,184.0,184.0,175.0,175.0,-4.89,803.0,1118.0,69.0
RHPC,2/14/2017,175.0,183.0,175.0,183.0,4.57,998.0,1118.0,69.0
RHPC,2/15/2017,183.0,188.0,181.0,184.0,0.55,1367.0,1118.0,69.0
RHPC,2/16/2017,184.0,199.0,179.0,199.0,8.15,1424.0,1118.0,69.0
RHPC,2/19/2017,199.0,201.0,194.0,194.0,-2.51,632.0,1118.0,69.0
RHPC,2/20/2017,194.0,200.0,190.0,190.0,-2.06,1547.0,1118.0,69.0
RHPC,2/21/2017,190.0,193.0,190.0,190.0,0.0,1612.0,1118.0,69.0
RHPC,2/22/2017,190.0,196.0,189.0,196.0,3.16,1608.0,1118.0,69.0
RHPC,2/23/2017,196.0,193.0,190.0,192.0,-2.04,159.0,1118.0,69.0
RHPC,2/26/2017,192.0,190.0,186.0,186.0,-3.12,1139.0,1118.0,69.0
RHPC,2/28/2017,186.0,184.0,181.0,182.0,-2.15,449.0,1118.0,69.0
RHPC,3/1/2017,182.0,185.0,179.0,185.0,1.65,423.0,1118.0,69.0
RHPC,3/2/2017,185.0,190.0,186.0,190.0,2.7,758.0,1118.0,69.0
RHPC,3/5/2017,190.0,196.0,190.0,196.0,3.16,1570.0,1118.0,69.0
RHPC,3/6/2017,196.0,199.0,191.0,191.0,-2.55,563.0,1118.0,69.0
RHPC,3/7/2017,191.0,193.0,188.0,191.0,0.0,1518.0,1118.0,69.0
RHPC,3/9/2017,191.0,197.0,191.0,192.0,0.52,702.0,1118.0,69.0
RHPC,3/13/2017,192.0,195.0,191.0,195.0,1.56,2718.0,1118.0,69.0
RHPC,3/14/2017,195.0,198.0,191.0,198.0,1.54,506.0,1118.0,69.0
RHPC,3/15/2017,198.0,209.0,192.0,203.0,2.53,2575.0,1118.0,69.0
RHPC,3/16/2017,203.0,207.0,199.0,199.0,-1.97,1182.0,1118.0,69.0
RHPC,3/19/2017,199.0,201.0,198.0,199.0,0.0,376.0,1118.0,69.0
RHPC,3/20/2017,199.0,210.0,199.0,202.0,1.51,505.0,1118.0,69.0
RHPC,3/21/2017,202.0,204.0,198.0,203.0,0.5,654.0,1118.0,69.0
RHPC,3/22/2017,203.0,215.0,207.0,210.0,3.45,3292.0,1118.0,69.0
RHPC,3/23/2017,210.0,231.0,210.0,231.0,10.0,4363.0,1118.0,69.0
RHPC,3/26/2017,231.0,250.0,230.0,246.0,6.49,1860.0,1118.0,69.0
RHPC,3/28/2017,246.0,255.0,245.0,255.0,3.66,3136.0,1118.0,69.0
RHPC,3/29/2017,255.0,250.0,230.0,238.0,-6.67,1934.0,1118.0,69.0
RHPC,3/30/2017,238.0,240.0,229.0,239.0,0.42,2625.0,1118.0,69.0
RHPC,4/2/2017,239.0,235.0,235.0,235.0,-1.67,628.0,1118.0,69.0
RHPC,4/3/2017,235.0,239.0,231.0,231.0,-1.7,2118.0,1118.0,69.0
RHPC,4/4/2017,231.0,230.0,218.0,226.0,-2.16,1626.0,1118.0,69.0
RHPC,4/6/2017,226.0,230.0,205.0,205.0,-9.29,9311.0,1118.0,69.0
RHPC,4/9/2017,205.0,215.0,204.0,215.0,4.88,1164.0,1118.0,69.0
RHPC,4/10/2017,215.0,231.0,211.0,219.0,1.86,3599.0,1118.0,69.0
RHPC,4/11/2017,219.0,224.0,216.0,220.0,0.46,4537.0,1118.0,69.0
RHPC,4/12/2017,220.0,228.0,216.0,222.0,0.91,6346.0,1118.0,69.0
RHPC,4/13/2017,222.0,226.0,212.0,220.0,-0.9,1819.0,1118.0,69.0
RHPC,4/16/2017,220.0,220.0,212.0,212.0,-3.64,836.0,1118.0,69.0
RHPC,4/18/2017,212.0,210.0,205.0,206.0,-2.83,3665.0,1118.0,69.0
RHPC,4/19/2017,206.0,218.0,205.0,218.0,5.83,1832.0,1118.0,69.0
RHPC,4/20/2017,218.0,225.0,210.0,212.0,-2.75,765.0,1118.0,69.0
RHPC,4/23/2017,212.0,218.0,212.0,212.0,0.0,1402.0,1118.0,69.0
RHPC,4/24/2017,212.0,217.0,208.0,215.0,1.42,3161.0,1118.0,69.0
RHPC,4/25/2017,215.0,222.0,215.0,218.0,1.4,215.0,1118.0,69.0
RHPC,4/26/2017,218.0,220.0,210.0,215.0,-1.38,2968.0,1118.0,69.0
RHPC,4/27/2017,215.0,214.0,205.0,214.0,-0.47,1698.0,1118.0,69.0
RHPC,4/30/2017,214.0,213.0,205.0,210.0,-1.87,1456.0,1118.0,69.0
RHPC,5/2/2017,210.0,210.0,204.0,207.0,-1.43,1683.0,1118.0,69.0
RHPC,5/3/2017,207.0,211.0,205.0,211.0,1.93,837.0,1118.0,69.0
RHPC,5/4/2017,211.0,221.0,209.0,219.0,3.79,5405.0,1118.0,69.0
RHPC,5/7/2017,219.0,216.0,208.0,210.0,-4.11,1753.0,1118.0,69.0
RHPC,5/8/2017,210.0,211.0,208.0,208.0,-0.95,2421.0,1118.0,69.0
RHPC,5/9/2017,208.0,220.0,202.0,220.0,5.77,8253.0,1118.0,69.0
RHPC,5/11/2017,220.0,241.0,213.0,241.0,9.55,23065.0,1118.0,69.0
RHPC,5/15/2017,241.0,245.0,217.0,217.0,-9.96,10646.0,1118.0,69.0
RHPC,5/16/2017,217.0,229.0,213.0,222.0,2.3,3397.0,1118.0,69.0
RHPC,5/17/2017,222.0,222.0,214.0,221.0,-0.45,487.0,1118.0,69.0
RHPC,5/18/2017,221.0,224.0,212.0,216.0,-2.26,2797.0,1118.0,69.0
RHPC,5/21/2017,216.0,224.0,215.0,215.0,-0.46,1909.0,1118.0,69.0
RHPC,5/22/2017,215.0,232.0,208.0,225.0,4.65,2988.0,1118.0,69.0
RHPC,5/23/2017,225.0,226.0,213.0,217.0,-3.56,797.0,1118.0,69.0
RHPC,5/24/2017,217.0,223.0,210.0,221.0,1.84,1416.0,1118.0,69.0
RHPC,5/28/2017,221.0,217.0,215.0,216.0,-2.26,358.0,1118.0,69.0
RHPC,5/30/2017,216.0,212.0,205.0,208.0,-3.7,555.0,1118.0,69.0
RHPC,5/31/2017,208.0,212.0,200.0,212.0,1.92,1981.0,1118.0,69.0
RHPC,6/1/2017,212.0,217.0,206.0,208.0,-1.89,599.0,1118.0,69.0
RHPC,6/4/2017,208.0,210.0,205.0,210.0,0.96,950.0,1118.0,69.0
RHPC,6/5/2017,210.0,214.0,205.0,214.0,1.9,1076.0,1118.0,69.0
RHPC,6/6/2017,214.0,218.0,211.0,211.0,-1.4,1820.0,1118.0,69.0
RHPC,6/7/2017,211.0,221.0,207.0,208.0,-1.42,3652.0,1118.0,69.0
RHPC,6/8/2017,208.0,214.0,204.0,213.0,2.4,1869.0,1118.0,69.0
RHPC,6/11/2017,213.0,210.0,205.0,207.0,-2.82,1003.0,1118.0,69.0
RHPC,6/12/2017,207.0,210.0,203.0,206.0,-0.48,1784.0,1118.0,69.0
RHPC,6/13/2017,206.0,209.0,204.0,209.0,1.46,5699.0,1118.0,69.0
RHPC,6/14/2017,209.0,209.0,206.0,209.0,0.0,4270.0,1118.0,69.0
RHPC,6/15/2017,209.0,218.0,202.0,202.0,-3.35,3807.0,1118.0,69.0
RHPC,6/18/2017,202.0,206.0,203.0,204.0,0.99,817.0,1118.0,69.0
RHPC,6/19/2017,204.0,204.0,196.0,201.0,-1.47,1850.0,1118.0,69.0
RHPC,6/20/2017,201.0,204.0,200.0,204.0,1.49,2760.0,1118.0,69.0
RHPC,6/21/2017,204.0,205.0,200.0,205.0,0.49,495.0,1118.0,69.0
RHPC,6/22/2017,205.0,208.0,205.0,208.0,1.46,693.0,1118.0,69.0
RHPC,6/25/2017,208.0,205.0,201.0,205.0,-1.44,1511.0,1118.0,69.0
RHPC,6/27/2017,205.0,205.0,201.0,202.0,-1.46,1069.0,1118.0,69.0
RHPC,6/28/2017,202.0,203.0,202.0,203.0,0.5,529.0,1118.0,69.0
RHPC,7/2/2017,203.0,205.0,199.0,200.0,-1.48,3684.0,1118.0,69.0
RHPC,7/3/2017,200.0,200.0,196.0,200.0,0.0,849.0,1118.0,69.0
RHPC,7/4/2017,200.0,199.0,196.0,199.0,-0.5,1417.0,1118.0,69.0
RHPC,7/5/2017,199.0,201.0,196.0,201.0,1.01,1874.0,1118.0,69.0
RHPC,7/6/2017,201.0,200.0,193.0,199.0,-1.0,3162.0,1118.0,69.0
RHPC,7/9/2017,199.0,200.0,193.0,200.0,0.5,2860.0,1118.0,69.0
RHPC,7/10/2017,200.0,205.0,197.0,205.0,2.5,1818.0,1118.0,69.0
RHPC,7/11/2017,205.0,207.0,200.0,200.0,-2.44,198.0,1118.0,69.0
RHPC,7/12/2017,200.0,208.0,195.0,207.0,3.5,91394.0,1118.0,69.0
RHPC,7/13/2017,207.0,217.0,203.0,217.0,4.83,99947.0,1118.0,69.0
RHPC,7/16/2017,217.0,213.0,201.0,201.0,-7.37,287.0,1118.0,69.0
RHPC,7/17/2017,201.0,205.0,197.0,203.0,1.0,2440.0,1118.0,69.0
RHPC,7/18/2017,203.0,207.0,200.0,204.0,0.49,437.0,1118.0,69.0
RHPC,7/19/2017,204.0,208.0,200.0,208.0,1.96,2343.0,1118.0,69.0
RHPC,7/20/2017,208.0,210.0,200.0,210.0,0.96,415.0,1118.0,69.0
RHPC,7/23/2017,210.0,210.0,200.0,201.0,-4.29,2524.0,1118.0,69.0
RHPC,7/24/2017,201.0,203.0,196.0,196.0,-2.49,8936.0,1118.0,69.0
RHPC,7/25/2017,196.0,202.0,193.0,202.0,3.06,1247.0,1118.0,69.0
RHPC,7/26/2017,202.0,203.0,197.0,200.0,-0.99,921.0,1118.0,69.0
RHPC,7/27/2017,200.0,198.0,195.0,197.0,-1.5,988.0,1118.0,69.0
RHPC,7/30/2017,197.0,197.0,194.0,195.0,-1.02,2468.0,1118.0,69.0
RHPC,7/31/2017,195.0,211.0,193.0,211.0,8.21,5667.0,1118.0,69.0
RHPC,8/1/2017,211.0,207.0,197.0,207.0,-1.9,1065.0,1118.0,69.0
RHPC,8/2/2017,207.0,208.0,199.0,208.0,0.48,980.0,1118.0,69.0
RHPC,8/3/2017,208.0,207.0,198.0,205.0,-1.44,844.0,1118.0,69.0
RHPC,8/6/2017,205.0,202.0,196.0,197.0,-3.9,1648.0,1118.0,69.0
RHPC,8/7/2017,197.0,199.0,195.0,196.0,-0.51,2346.0,1118.0,69.0
RHPC,8/9/2017,196.0,199.0,193.0,193.0,-1.53,2451.0,1118.0,69.0
RHPC,8/10/2017,193.0,196.0,190.0,194.0,0.52,2750.0,1118.0,69.0
RHPC,8/13/2017,194.0,191.0,188.0,188.0,-3.09,4897.0,1118.0,69.0
RHPC,8/15/2017,188.0,189.0,185.0,187.0,-0.53,1194.0,1118.0,69.0
RHPC,8/16/2017,187.0,190.0,184.0,185.0,-1.07,632.0,1118.0,69.0
RHPC,8/17/2017,185.0,185.0,180.0,184.0,-0.54,2766.0,1118.0,69.0
RHPC,8/20/2017,184.0,187.0,169.0,171.0,-7.07,7898.0,1118.0,69.0
RHPC,8/21/2017,171.0,177.0,171.0,173.0,1.17,816.0,1118.0,69.0
RHPC,8/22/2017,173.0,183.0,174.0,177.0,2.31,4919.0,1118.0,69.0
RHPC,8/23/2017,177.0,176.0,171.0,173.0,-2.26,4337.0,1118.0,69.0
RHPC,8/24/2017,173.0,176.0,169.0,176.0,1.73,6285.0,1118.0,69.0
RHPC,8/27/2017,176.0,173.0,170.0,173.0,-1.7,2159.0,1118.0,69.0
RHPC,8/28/2017,173.0,185.0,176.0,182.0,5.2,327.0,1118.0,69.0
RHPC,8/30/2017,182.0,183.0,174.0,174.0,-4.4,1296.0,1118.0,69.0
RHPC,8/31/2017,174.0,171.0,168.0,171.0,-1.72,2024.0,1118.0,69.0
RHPC,9/4/2017,171.0,171.0,162.0,163.0,-4.68,1246.0,1118.0,69.0
RHPC,9/6/2017,163.0,166.0,158.0,165.0,1.23,4550.0,1118.0,69.0
RHPC,9/7/2017,165.0,168.0,159.0,160.0,-3.03,1697.0,1118.0,69.0
RHPC,9/10/2017,160.0,162.0,157.0,159.0,-0.62,3699.0,1118.0,69.0
RHPC,9/11/2017,159.0,163.0,154.0,156.0,-1.89,2253.0,1118.0,69.0
RHPC,9/12/2017,156.0,158.0,152.0,154.0,-1.28,5772.0,1118.0,69.0
RHPC,9/13/2017,154.0,160.0,155.0,158.0,2.6,519.0,1118.0,69.0
RHPC,9/14/2017,158.0,161.0,158.0,158.0,0.0,329.0,1118.0,69.0
RHPC,9/17/2017,158.0,160.0,155.0,155.0,-1.9,1298.0,1118.0,69.0
RHPC,9/18/2017,155.0,160.0,156.0,156.0,0.65,3307.0,1118.0,69.0
RHPC,9/20/2017,156.0,158.0,154.0,157.0,0.64,1446.0,1118.0,69.0
RHPC,9/24/2017,157.0,167.0,157.0,163.0,3.82,2707.0,1118.0,69.0
RHPC,9/25/2017,163.0,165.0,158.0,164.0,0.61,543.0,1118.0,69.0
RHPC,9/26/2017,164.0,164.0,158.0,163.0,-0.61,2045.0,1118.0,69.0
RHPC,10/3/2017,163.0,160.0,160.0,160.0,-1.84,167.0,1118.0,69.0
RHPC,10/4/2017,160.0,163.0,163.0,163.0,1.88,50.0,1118.0,69.0
RHPC,10/8/2017,163.0,160.0,153.0,158.0,-3.07,820.0,1118.0,69.0
RHPC,10/9/2017,158.0,159.0,150.0,156.0,-1.27,15410.0,1118.0,69.0
RHPC,10/10/2017,156.0,160.0,152.0,160.0,2.56,2615.0,1118.0,69.0
RHPC,10/11/2017,160.0,171.0,157.0,171.0,6.88,8777.0,1118.0,69.0
RHPC,10/12/2017,171.0,171.0,160.0,163.0,-4.68,1175.0,1118.0,69.0
RHPC,10/15/2017,163.0,164.0,160.0,163.0,0.0,291.0,1118.0,69.0
RHPC,10/16/2017,154.0,160.0,152.0,159.0,-2.45,1045.0,1118.0,69.0
RHPC,10/17/2017,159.0,162.0,156.0,159.0,0.0,464.0,1118.0,69.0
RHPC,10/18/2017,159.0,156.0,153.0,153.0,-3.77,806.0,1118.0,69.0
RHPC,10/23/2017,153.0,159.0,156.0,158.0,3.27,145.0,1118.0,69.0
RHPC,10/24/2017,158.0,158.0,155.0,156.0,-1.27,113.0,1118.0,69.0
RHPC,10/25/2017,156.0,160.0,159.0,160.0,2.56,822.0,1118.0,69.0
RHPC,10/29/2017,160.0,160.0,153.0,157.0,-1.88,7968.0,1118.0,69.0
RHPC,10/30/2017,157.0,158.0,154.0,154.0,-1.91,1074.0,1118.0,69.0
RHPC,10/31/2017,154.0,160.0,152.0,154.0,0.0,1993.0,1118.0,69.0
RHPC,11/1/2017,154.0,157.0,152.0,154.0,0.0,3097.0,1118.0,69.0
RHPC,11/2/2017,154.0,154.0,151.0,154.0,0.0,1395.0,1118.0,69.0
RHPC,11/5/2017,154.0,157.0,151.0,154.0,0.0,1166.0,1118.0,69.0
RHPC,11/6/2017,154.0,156.0,151.0,154.0,0.0,454.0,1118.0,69.0
RHPC,11/7/2017,154.0,158.0,152.0,152.0,-1.3,488.0,1118.0,69.0
RHPC,11/8/2017,152.0,152.0,150.0,150.0,-1.32,1493.0,1118.0,69.0
RHPC,11/9/2017,150.0,153.0,148.0,153.0,2.0,1842.0,1118.0,69.0
RHPC,11/12/2017,153.0,153.0,150.0,150.0,-1.96,1058.0,1118.0,69.0
RHPC,11/13/2017,150.0,150.0,150.0,150.0,0.0,100.0,1118.0,69.0
RHPC,11/14/2017,150.0,159.0,148.0,153.0,2.0,5517.0,1118.0,69.0
RHPC,11/15/2017,153.0,156.0,148.0,149.0,-2.61,3446.0,1118.0,69.0
RHPC,11/16/2017,149.0,154.0,147.0,154.0,3.36,1539.0,1118.0,69.0
RHPC,11/19/2017,154.0,157.0,148.0,157.0,1.95,7414.0,1118.0,69.0
RHPC,11/20/2017,157.0,157.0,151.0,156.0,-0.64,465.0,1118.0,69.0
RHPC,11/21/2017,156.0,155.0,153.0,155.0,-0.64,112.0,1118.0,69.0
RHPC,11/22/2017,155.0,155.0,152.0,152.0,-1.94,427.0,1118.0,69.0
RHPC,11/23/2017,152.0,156.0,150.0,154.0,1.32,1076.0,1118.0,69.0
RHPC,11/26/2017,154.0,159.0,153.0,159.0,3.25,3103.0,1118.0,69.0
RHPC,11/27/2017,159.0,161.0,154.0,159.0,0.0,3629.0,1118.0,69.0
RHPC,11/28/2017,159.0,162.0,156.0,161.0,1.26,2961.0,1118.0,69.0
RHPC,11/29/2017,161.0,164.0,158.0,164.0,1.86,3266.0,1118.0,69.0
RHPC,11/30/2017,164.0,165.0,158.0,160.0,-2.44,1469.0,1118.0,69.0
RHPC,12/4/2017,160.0,163.0,157.0,163.0,1.88,405.0,1118.0,69.0
RHPC,12/5/2017,163.0,161.0,157.0,161.0,-1.23,1413.0,1118.0,69.0
RHPC,12/6/2017,161.0,167.0,161.0,166.0,3.11,3162.0,1118.0,69.0
RHPC,12/10/2017,166.0,165.0,162.0,163.0,-1.81,2013.0,1118.0,69.0
RHPC,12/11/2017,163.0,165.0,157.0,163.0,0.0,659.0,1118.0,69.0
RHPC,12/12/2017,163.0,163.0,158.0,159.0,-2.45,717.0,1118.0,69.0
RHPC,12/13/2017,159.0,159.0,151.0,159.0,0.0,1182.0,1118.0,69.0
RHPC,12/14/2017,159.0,161.0,157.0,161.0,1.26,744.0,1118.0,69.0
RHPC,12/17/2017,161.0,161.0,158.0,161.0,0.0,154.0,1118.0,69.0
RHPC,12/18/2017,161.0,158.0,155.0,156.0,-3.11,1095.0,1118.0,69.0
RHPC,12/19/2017,156.0,161.0,154.0,154.0,-1.28,1143.0,1118.0,69.0
RHPC,12/20/2017,154.0,159.0,154.0,154.0,0.0,320.0,1118.0,69.0
RHPC,12/21/2017,154.0,155.0,150.0,152.0,-1.3,7637.0,1118.0,69.0
RHPC,12/24/2017,152.0,155.0,150.0,154.0,1.32,1073.0,1118.0,69.0
RHPC,12/26/2017,154.0,155.0,152.0,153.0,-0.65,846.0,1118.0,69.0
RHPC,12/27/2017,153.0,156.0,150.0,151.0,-1.31,4890.0,1118.0,69.0
RHPC,12/28/2017,151.0,156.0,152.0,152.0,0.66,1723.0,1118.0,69.0
RHPC,12/31/2017,152.0,156.0,150.0,150.0,-1.32,3778.0,1118.0,69.0
RHPC,1/1/2018,150.0,154.0,148.0,154.0,2.67,1951.0,1118.0,69.0
RHPC,1/2/2018,154.0,157.0,152.0,157.0,1.95,1163.0,1118.0,69.0
RHPC,1/3/2018,157.0,154.0,150.0,150.0,-4.46,374.0,1118.0,69.0
RHPC,1/4/2018,150.0,152.0,149.0,151.0,0.67,227.0,1118.0,69.0
RHPC,1/7/2018,151.0,153.0,149.0,150.0,-0.66,1939.0,1118.0,69.0
RHPC,1/8/2018,150.0,150.0,147.0,150.0,0.0,865.0,1118.0,69.0
RHPC,1/9/2018,150.0,151.0,149.0,151.0,0.67,49.0,1118.0,69.0
RHPC,1/10/2018,151.0,149.0,148.0,149.0,-1.32,721.0,1118.0,69.0
RHPC,1/14/2018,149.0,149.0,148.0,148.0,-0.67,662.0,1118.0,69.0
RHPC,1/16/2018,148.0,150.0,146.0,148.0,0.0,492.0,1118.0,69.0
RHPC,1/17/2018,148.0,150.0,145.0,150.0,1.35,527.0,1118.0,69.0
RHPC,1/21/2018,150.0,148.0,144.0,144.0,-4.0,2301.0,1118.0,69.0
RHPC,1/22/2018,144.0,151.0,142.0,151.0,4.86,1271.0,1118.0,69.0
RHPC,1/23/2018,151.0,154.0,146.0,147.0,-2.65,456.0,1118.0,69.0
RHPC,1/24/2018,147.0,145.0,142.0,142.0,-3.4,3845.0,1118.0,69.0
RHPC,1/25/2018,142.0,147.0,142.0,146.0,2.82,598.0,1118.0,69.0
RHPC,1/28/2018,146.0,147.0,142.0,142.0,-2.74,2241.0,1118.0,69.0
RHPC,1/29/2018,142.0,145.0,140.0,145.0,2.11,1797.0,1118.0,69.0
RHPC,1/31/2018,145.0,145.0,143.0,145.0,0.0,1014.0,1118.0,69.0
RHPC,2/1/2018,145.0,146.0,143.0,145.0,0.0,1956.0,1118.0,69.0
RHPC,2/4/2018,145.0,144.0,143.0,144.0,-0.69,385.0,1118.0,69.0
RHPC,2/5/2018,144.0,146.0,140.0,140.0,-2.78,1965.0,1118.0,69.0
RHPC,2/6/2018,140.0,145.0,139.0,140.0,0.0,3060.0,1118.0,69.0
RHPC,2/7/2018,140.0,142.0,139.0,141.0,0.71,2785.0,1118.0,69.0
RHPC,2/8/2018,141.0,145.0,139.0,145.0,2.84,548.0,1118.0,69.0
RHPC,2/11/2018,145.0,143.0,142.0,142.0,-2.07,109.0,1118.0,69.0
RHPC,2/12/2018,142.0,140.0,138.0,140.0,-1.41,133.0,1118.0,69.0
RHPC,2/14/2018,140.0,142.0,140.0,140.0,0.0,1347.0,1118.0,69.0
RHPC,2/15/2018,140.0,145.0,140.0,145.0,3.57,4286.0,1118.0,69.0
RHPC,2/18/2018,145.0,147.0,144.0,144.0,-0.69,1992.0,1118.0,69.0
RHPC,2/20/2018,142.0,142.0,140.0,140.0,-2.78,520.0,1118.0,69.0
RHPC,2/21/2018,141.0,142.0,140.0,141.0,0.71,1025.0,1118.0,69.0
RHPC,2/22/2018,140.0,141.0,140.0,140.0,-0.71,563.0,1118.0,69.0
RHPC,2/25/2018,140.0,142.0,138.0,142.0,1.43,291.0,1118.0,69.0
RHPC,2/26/2018,140.0,141.0,140.0,141.0,-0.7,251.0,1118.0,69.0
RHPC,2/27/2018,139.0,140.0,139.0,139.0,-1.42,880.0,1118.0,69.0
RHPC,2/28/2018,139.0,141.0,137.0,138.0,-0.72,2260.0,1118.0,69.0
RHPC,3/4/2018,138.0,138.0,130.0,130.0,-5.8,4571.0,1118.0,69.0
RHPC,3/5/2018,132.0,132.0,126.0,126.0,-3.08,2591.0,1118.0,69.0
RHPC,3/6/2018,124.0,128.0,124.0,127.0,0.79,2615.0,1118.0,69.0
RHPC,3/7/2018,127.0,139.0,127.0,138.0,8.66,806.0,1118.0,69.0
RHPC,3/11/2018,139.0,139.0,129.0,130.0,-5.8,1944.0,1118.0,69.0
RHPC,3/12/2018,131.0,134.0,130.0,131.0,0.77,812.0,1118.0,69.0
RHPC,3/13/2018,130.0,133.0,130.0,133.0,1.53,1016.0,1118.0,69.0
RHPC,3/14/2018,131.0,131.0,131.0,131.0,-1.5,14.0,1118.0,69.0
RHPC,3/15/2018,131.0,133.0,131.0,133.0,1.53,847.0,1118.0,69.0
RHPC,3/18/2018,131.0,134.0,130.0,130.0,-2.26,920.0,1118.0,69.0
RHPC,3/19/2018,130.0,130.0,129.0,129.0,-0.77,250.0,1118.0,69.0
RHPC,3/20/2018,129.0,130.0,126.0,126.0,-2.33,1325.0,1118.0,69.0
RHPC,3/21/2018,125.0,125.0,124.0,124.0,-1.59,1058.0,1118.0,69.0
RHPC,3/22/2018,126.0,126.0,122.0,126.0,1.61,2406.0,1118.0,69.0
RHPC,3/26/2018,125.0,125.0,118.0,118.0,-6.35,2710.0,1118.0,69.0
RHPC,3/27/2018,116.0,118.0,115.0,115.0,-2.54,1053.0,1118.0,69.0
RHPC,3/28/2018,117.0,120.0,116.0,120.0,4.35,1113.0,1118.0,69.0
RHPC,3/29/2018,122.0,130.0,122.0,128.0,6.67,728.0,1118.0,69.0
RHPC,4/1/2018,127.0,130.0,125.0,127.0,-0.78,1690.0,1118.0,69.0
RHPC,4/2/2018,126.0,131.0,126.0,131.0,3.15,809.0,1118.0,69.0
RHPC,4/3/2018,129.0,130.0,127.0,129.0,-1.53,957.0,1118.0,69.0
RHPC,4/4/2018,128.0,132.0,127.0,131.0,1.55,1708.0,1118.0,69.0
RHPC,4/5/2018,133.0,133.0,131.0,131.0,0.0,937.0,1118.0,69.0
RHPC,4/8/2018,133.0,137.0,132.0,137.0,4.58,2372.0,1118.0,69.0
RHPC,4/9/2018,139.0,141.0,137.0,137.0,0.0,771.0,1118.0,69.0
RHPC,4/10/2018,139.0,139.0,130.0,130.0,-5.11,622.0,1118.0,69.0
RHPC,4/11/2018,132.0,132.0,130.0,130.0,0.0,700.0,1118.0,69.0
RHPC,4/12/2018,132.0,134.0,130.0,132.0,1.54,1532.0,1118.0,69.0
RHPC,4/15/2018,130.0,134.0,130.0,134.0,1.52,1392.0,1118.0,69.0
RHPC,4/16/2018,132.0,132.0,130.0,132.0,-1.49,110.0,1118.0,69.0
RHPC,4/17/2018,132.0,136.0,132.0,136.0,3.03,1455.0,1118.0,69.0
RHPC,4/18/2018,134.0,149.0,134.0,142.0,4.41,7820.0,1118.0,69.0
RHPC,4/19/2018,144.0,150.0,140.0,149.0,4.93,3505.0,1118.0,69.0
RHPC,4/22/2018,151.0,151.0,144.0,144.0,-3.36,1415.0,1118.0,69.0
RHPC,4/23/2018,144.0,150.0,144.0,146.0,1.39,3423.0,1118.0,69.0
RHPC,4/24/2018,144.0,146.0,142.0,146.0,0.0,684.0,1118.0,69.0
RHPC,4/25/2018,145.0,145.0,140.0,140.0,-4.11,763.0,1118.0,69.0
RHPC,4/26/2018,139.0,140.0,138.0,138.0,-1.43,1456.0,1118.0,69.0
RHPC,4/29/2018,137.0,140.0,136.0,138.0,0.0,1399.0,1118.0,69.0
RHPC,5/2/2018,136.0,136.0,132.0,134.0,-2.9,761.0,1118.0,69.0
RHPC,5/3/2018,135.0,136.0,133.0,136.0,1.49,592.0,1118.0,69.0
RHPC,5/6/2018,138.0,138.0,136.0,136.0,0.0,513.0,1118.0,69.0
RHPC,5/7/2018,135.0,135.0,132.0,132.0,-2.94,337.0,1118.0,69.0
RHPC,5/8/2018,130.0,136.0,130.0,136.0,3.03,4574.0,1118.0,69.0
RHPC,5/9/2018,138.0,138.0,132.0,132.0,-2.94,465.0,1118.0,69.0
RHPC,5/10/2018,131.0,138.0,128.0,136.0,3.03,14213.0,1118.0,69.0
RHPC,5/14/2018,135.0,137.0,133.0,135.0,-0.74,1128.0,1118.0,69.0
RHPC,5/15/2018,134.0,134.0,131.0,131.0,-2.96,554.0,1118.0,69.0
RHPC,5/16/2018,129.0,134.0,128.0,134.0,2.29,1215.0,1118.0,69.0
RHPC,5/17/2018,134.0,134.0,128.0,128.0,-4.48,3749.0,1118.0,69.0
RHPC,5/20/2018,130.0,132.0,128.0,128.0,0.0,634.0,1118.0,69.0
RHPC,5/21/2018,128.0,130.0,126.0,126.0,-1.56,1392.0,1118.0,69.0
RHPC,5/22/2018,125.0,129.0,125.0,129.0,2.38,1748.0,1118.0,69.0
RHPC,5/23/2018,128.0,130.0,128.0,128.0,-0.78,485.0,1118.0,69.0
RHPC,5/24/2018,128.0,128.0,124.0,124.0,-3.12,2802.0,1118.0,69.0
RHPC,5/27/2018,123.0,129.0,123.0,128.0,3.23,524.0,1118.0,69.0
RHPC,5/28/2018,126.0,130.0,126.0,130.0,1.56,1019.0,1118.0,69.0
RHPC,5/29/2018,128.0,132.0,128.0,132.0,1.54,173.0,1118.0,69.0
RHPC,5/30/2018,134.0,135.0,129.0,129.0,-2.27,910.0,1118.0,69.0
RHPC,5/31/2018,130.0,132.0,128.0,130.0,0.78,117.0,1118.0,69.0
RHPC,6/3/2018,128.0,128.0,126.0,128.0,-1.54,228.0,1118.0,69.0
RHPC,6/4/2018,126.0,126.0,124.0,125.0,-2.34,618.0,1118.0,69.0
RHPC,6/6/2018,125.0,125.0,125.0,125.0,0.0,34.0,1118.0,69.0
RHPC,6/7/2018,124.0,128.0,124.0,128.0,2.4,1973.0,1118.0,69.0
RHPC,6/10/2018,126.0,128.0,124.0,128.0,0.0,453.0,1118.0,69.0
RHPC,6/11/2018,126.0,126.0,124.0,125.0,-2.34,89.0,1118.0,69.0
RHPC,6/12/2018,126.0,126.0,122.0,124.0,-0.8,1195.0,1118.0,69.0
RHPC,6/13/2018,124.0,126.0,122.0,123.0,-0.81,852.0,1118.0,69.0
RHPC,6/14/2018,123.0,131.0,123.0,127.0,3.25,3440.0,1118.0,69.0
RHPC,6/17/2018,125.0,126.0,125.0,126.0,-0.79,561.0,1118.0,69.0
RHPC,6/18/2018,124.0,125.0,123.0,124.0,-1.59,290.0,1118.0,69.0
RHPC,6/19/2018,123.0,125.0,123.0,124.0,0.0,204.0,1118.0,69.0
RHPC,6/20/2018,123.0,123.0,121.0,122.0,-1.61,1084.0,1118.0,69.0
RHPC,6/21/2018,124.0,127.0,119.0,127.0,4.1,796.0,1118.0,69.0
RHPC,6/24/2018,129.0,129.0,123.0,124.0,-2.36,849.0,1118.0,69.0
RHPC,6/25/2018,126.0,126.0,122.0,122.0,-1.61,322.0,1118.0,69.0
RHPC,6/26/2018,120.0,122.0,120.0,120.0,-1.64,100.0,1118.0,69.0
RHPC,6/27/2018,122.0,126.0,122.0,124.0,3.33,160.0,1118.0,69.0
RHPC,6/28/2018,124.0,125.0,123.0,123.0,-0.81,91.0,1118.0,69.0
RHPC,7/1/2018,125.0,125.0,121.0,124.0,0.81,1131.0,1118.0,69.0
RHPC,7/2/2018,122.0,122.0,120.0,120.0,-3.23,256.0,1118.0,69.0
RHPC,7/3/2018,122.0,129.0,122.0,125.0,4.17,4835.0,1118.0,69.0
RHPC,7/4/2018,125.0,125.0,121.0,123.0,-1.6,3326.0,1118.0,69.0
RHPC,7/5/2018,125.0,129.0,124.0,126.0,2.44,2078.0,1118.0,69.0
RHPC,7/8/2018,124.0,126.0,124.0,124.0,-1.59,457.0,1118.0,69.0
RHPC,7/9/2018,125.0,125.0,121.0,121.0,-2.42,3802.0,1118.0,69.0
RHPC,7/10/2018,119.0,125.0,119.0,122.0,0.83,1607.0,1118.0,69.0
RHPC,7/11/2018,123.0,126.0,122.0,122.0,0.0,690.0,1118.0,69.0
RHPC,7/12/2018,120.0,124.0,118.0,118.0,-3.28,2576.0,1118.0,69.0
RHPC,7/15/2018,120.0,122.0,120.0,122.0,3.39,181.0,1118.0,69.0
RHPC,7/16/2018,124.0,126.0,123.0,123.0,0.82,1576.0,1118.0,69.0
RHPC,7/17/2018,123.0,125.0,123.0,123.0,0.0,477.0,1118.0,69.0
RHPC,7/18/2018,123.0,123.0,122.0,122.0,-0.81,36.0,1118.0,69.0
RHPC,7/19/2018,120.0,122.0,120.0,122.0,0.0,40.0,1118.0,69.0
RHPC,7/22/2018,120.0,121.0,119.0,121.0,-0.82,325.0,1118.0,69.0
RHPC,7/23/2018,119.0,120.0,119.0,120.0,-0.83,81.0,1118.0,69.0
RHPC,7/24/2018,120.0,120.0,119.0,120.0,0.0,782.0,1118.0,69.0
RHPC,7/25/2018,120.0,120.0,119.0,119.0,-0.83,448.0,1118.0,69.0
RHPC,7/26/2018,119.0,121.0,119.0,119.0,0.0,401.0,1118.0,69.0
RHPC,7/29/2018,118.0,118.0,115.0,117.0,-1.68,5830.0,1118.0,69.0
RHPC,7/30/2018,117.0,122.0,117.0,122.0,4.27,997.0,1118.0,69.0
RHPC,8/1/2018,120.0,121.0,119.0,119.0,-2.46,544.0,1118.0,69.0
RHPC,8/2/2018,118.0,120.0,117.0,119.0,0.0,1488.0,1118.0,69.0
RHPC,8/5/2018,117.0,117.0,115.0,115.0,-3.36,195.0,1118.0,69.0
RHPC,8/6/2018,117.0,121.0,117.0,120.0,4.35,342.0,1118.0,69.0
RHPC,8/7/2018,121.0,121.0,120.0,120.0,0.0,661.0,1118.0,69.0
RHPC,8/8/2018,118.0,118.0,118.0,118.0,-1.67,216.0,1118.0,69.0
RHPC,8/9/2018,117.0,118.0,116.0,117.0,-0.85,1386.0,1118.0,69.0
RHPC,8/12/2018,117.0,117.0,116.0,117.0,0.0,130.0,1118.0,69.0
RHPC,8/13/2018,116.0,117.0,115.0,117.0,0.0,527.0,1118.0,69.0
RHPC,8/14/2018,116.0,116.0,116.0,116.0,-0.85,33.0,1118.0,69.0
RHPC,8/15/2018,115.0,119.0,115.0,119.0,2.59,1373.0,1118.0,69.0
RHPC,8/16/2018,120.0,120.0,117.0,117.0,-1.68,285.0,1118.0,69.0
RHPC,8/19/2018,118.0,118.0,116.0,116.0,-0.85,521.0,1118.0,69.0
RHPC,8/20/2018,115.0,115.0,114.0,114.0,-1.72,482.0,1118.0,69.0
RHPC,8/21/2018,112.0,118.0,112.0,116.0,1.75,870.0,1118.0,69.0
RHPC,8/22/2018,115.0,116.0,115.0,115.0,-0.86,410.0,1118.0,69.0
RHPC,8/23/2018,113.0,114.0,113.0,114.0,-0.87,1010.0,1118.0,69.0
RHPC,8/26/2018,112.0,114.0,112.0,114.0,0.0,1382.0,1118.0,69.0
RHPC,8/28/2018,114.0,115.0,111.0,111.0,-2.63,392.0,1118.0,69.0
RHPC,8/29/2018,113.0,115.0,111.0,115.0,3.6,4287.0,1118.0,69.0
RHPC,8/30/2018,116.0,116.0,115.0,115.0,0.0,415.0,1118.0,69.0
RHPC,9/2/2018,113.0,115.0,113.0,113.0,-1.74,638.0,1118.0,69.0
RHPC,9/3/2018,114.0,115.0,113.0,114.0,0.88,2843.0,1118.0,69.0
RHPC,9/4/2018,112.0,115.0,112.0,115.0,0.88,1117.0,1118.0,69.0
RHPC,9/5/2018,114.0,119.0,114.0,117.0,1.74,3411.0,1118.0,69.0
RHPC,9/6/2018,116.0,116.0,115.0,115.0,-1.71,102.0,1118.0,69.0
RHPC,9/9/2018,113.0,114.0,112.0,113.0,-1.74,2160.0,1118.0,69.0
RHPC,9/10/2018,113.0,115.0,113.0,113.0,0.0,322.0,1118.0,69.0
RHPC,9/11/2018,111.0,114.0,111.0,114.0,0.88,172.0,1118.0,69.0
RHPC,9/12/2018,116.0,122.0,116.0,120.0,5.26,3496.0,1118.0,69.0
RHPC,9/13/2018,122.0,122.0,117.0,117.0,-2.5,2222.0,1118.0,69.0
RHPC,9/16/2018,119.0,123.0,117.0,122.0,4.27,3696.0,1118.0,69.0
RHPC,9/17/2018,120.0,121.0,116.0,119.0,-2.46,4550.0,1118.0,69.0
RHPC,9/18/2018,121.0,122.0,117.0,122.0,2.52,6437.0,1118.0,69.0
RHPC,9/20/2018,121.0,123.0,120.0,121.0,-0.82,8285.0,1118.0,69.0
RHPC,9/23/2018,114.0,115.0,112.0,113.0,-6.61,1571.0,1118.0,69.0
RHPC,9/25/2018,112.0,116.0,112.0,116.0,2.65,1028.0,1118.0,69.0
RHPC,9/26/2018,114.0,114.0,112.0,112.0,-3.45,335.0,1118.0,69.0
RHPC,9/27/2018,112.0,113.0,110.0,113.0,0.89,3043.0,1118.0,69.0
RHPC,9/30/2018,111.0,116.0,111.0,114.0,0.88,6446.0,1118.0,69.0
RHPC,10/1/2018,114.0,116.0,113.0,113.0,-0.88,1501.0,1118.0,69.0
RHPC,10/2/2018,112.0,112.0,111.0,111.0,-1.77,1251.0,1118.0,69.0
RHPC,10/3/2018,111.0,112.0,110.0,110.0,-0.9,4124.0,1118.0,69.0
RHPC,10/4/2018,111.0,112.0,109.0,111.0,0.91,3097.0,1118.0,69.0
RHPC,10/7/2018,110.0,112.0,110.0,112.0,0.9,864.0,1118.0,69.0
RHPC,10/8/2018,111.0,112.0,111.0,111.0,-0.89,77.0,1118.0,69.0
RHPC,10/9/2018,113.0,113.0,108.0,108.0,-2.7,3464.0,1118.0,69.0
RHPC,10/10/2018,108.0,108.0,106.0,108.0,0.0,2476.0,1118.0,69.0
RHPC,10/11/2018,106.0,110.0,106.0,106.0,-1.85,2745.0,1118.0,69.0
RHPC,10/14/2018,108.0,108.0,106.0,108.0,1.89,565.0,1118.0,69.0
RHPC,10/25/2018,108.0,108.0,106.0,106.0,-1.85,207.0,1118.0,69.0
RHPC,10/28/2018,104.0,105.0,100.0,102.0,-3.77,8680.0,1118.0,69.0
RHPC,10/29/2018,103.0,110.0,103.0,110.0,7.84,754.0,1118.0,69.0
RHPC,10/30/2018,112.0,112.0,102.0,106.0,-3.64,3271.0,1118.0,69.0
RHPC,10/31/2018,106.0,106.0,104.0,104.0,-1.89,1210.0,1118.0,69.0
RHPC,11/1/2018,102.0,104.0,102.0,102.0,-1.92,2323.0,1118.0,69.0
RHPC,11/4/2018,100.0,100.0,100.0,100.0,-1.96,2.0,1118.0,69.0
RHPC,11/5/2018,100.0,104.0,100.0,104.0,4.0,999.0,1118.0,69.0
RHPC,11/11/2018,104.0,104.0,102.0,104.0,0.0,1000.0,1118.0,69.0
RHPC,11/13/2018,103.0,104.0,103.0,103.0,-0.96,40.0,1118.0,69.0
RHPC,11/14/2018,101.0,105.0,101.0,105.0,1.94,209.0,1118.0,69.0
RHPC,11/15/2018,105.0,105.0,103.0,103.0,-1.9,1029.0,1118.0,69.0
RHPC,11/18/2018,106.0,106.0,104.0,104.0,0.97,254.0,1118.0,69.0
RHPC,11/19/2018,102.0,104.0,101.0,101.0,-2.88,1427.0,1118.0,69.0
RHPC,11/20/2018,100.0,102.0,98.0,98.0,-2.97,1909.0,1118.0,69.0
RHPC,11/21/2018,98.0,100.0,98.0,100.0,2.04,224.0,1118.0,69.0
RHPC,11/22/2018,100.0,103.0,100.0,103.0,3.0,638.0,1118.0,69.0
RHPC,11/25/2018,101.0,102.0,100.0,100.0,-2.91,1455.0,1118.0,69.0
RHPC,11/26/2018,102.0,102.0,100.0,102.0,2.0,1013.0,1118.0,69.0
RHPC,11/27/2018,101.0,101.0,100.0,100.0,-1.96,221.0,1118.0,69.0
RHPC,11/28/2018,100.0,102.0,100.0,102.0,2.0,246.0,1118.0,69.0
RHPC,11/29/2018,100.0,100.0,100.0,100.0,-1.96,292.0,1118.0,69.0
RHPC,12/2/2018,102.0,102.0,100.0,100.0,0.0,215.0,1118.0,69.0
RHPC,12/3/2018,98.0,100.0,97.0,97.0,-3.0,3275.0,1118.0,69.0
RHPC,12/4/2018,97.0,99.0,95.0,99.0,2.06,3144.0,1118.0,69.0
RHPC,12/5/2018,99.0,100.0,98.0,100.0,1.01,1380.0,1118.0,69.0
RHPC,12/6/2018,98.0,98.0,98.0,98.0,-2.0,31.0,1118.0,69.0
RHPC,12/9/2018,99.0,102.0,99.0,102.0,4.08,2038.0,1118.0,69.0
RHPC,12/10/2018,104.0,104.0,101.0,101.0,-0.98,729.0,1118.0,69.0
RHPC,12/11/2018,101.0,101.0,100.0,100.0,-0.99,253.0,1118.0,69.0
RHPC,12/12/2018,100.0,100.0,100.0,100.0,0.0,130.0,1118.0,69.0
RHPC,12/13/2018,98.0,100.0,98.0,100.0,0.0,217.0,1118.0,69.0
RHPC,12/16/2018,100.0,100.0,98.0,99.0,-1.0,2660.0,1118.0,69.0
RHPC,12/17/2018,99.0,99.0,100.0,100.0,1.01,423.0,1118.0,69.0
RHPC,12/18/2018,100.0,100.0,98.0,98.0,-2.0,59.0,1118.0,69.0
RHPC,12/19/2018,97.0,99.0,97.0,98.0,0.0,317.0,1118.0,69.0
RHPC,12/20/2018,97.0,98.0,97.0,97.0,-1.02,89.0,1118.0,69.0
RHPC,12/23/2018,98.0,100.0,98.0,99.0,2.06,978.0,1118.0,69.0
RHPC,12/24/2018,100.0,100.0,99.0,100.0,1.01,461.0,1118.0,69.0
RHPC,12/25/2018,99.0,100.0,99.0,100.0,0.0,57.0,1118.0,69.0
RHPC,12/26/2018,98.0,104.0,98.0,104.0,4.0,329.0,1118.0,69.0
RHPC,12/27/2018,102.0,102.0,102.0,102.0,-1.92,38.0,1118.0,69.0
RHPC,12/31/2018,102.0,102.0,100.0,100.0,-1.96,111.0,1118.0,69.0
RHPC,1/1/2019,98.0,99.0,97.0,99.0,-1.0,1015.0,1118.0,69.0
RHPC,1/2/2019,98.0,98.0,96.0,96.0,-3.03,648.0,1118.0,69.0
RHPC,1/3/2019,97.0,101.0,97.0,100.0,4.17,447.0,1118.0,69.0
RHPC,1/6/2019,99.0,99.0,97.0,97.0,-3.0,2602.0,1118.0,69.0
RHPC,1/7/2019,98.0,100.0,98.0,98.0,1.03,959.0,1118.0,69.0
RHPC,1/8/2019,98.0,99.0,98.0,99.0,1.02,3412.0,1118.0,69.0
RHPC,1/9/2019,98.0,100.0,98.0,98.0,-1.01,308.0,1118.0,69.0
RHPC,1/10/2019,99.0,102.0,99.0,101.0,3.06,1230.0,1118.0,69.0
RHPC,1/13/2019,100.0,100.0,98.0,98.0,-2.97,230.0,1118.0,69.0
RHPC,1/14/2019,97.0,98.0,96.0,97.0,-1.02,1810.0,1118.0,69.0
RHPC,1/15/2019,97.0,102.0,97.0,102.0,5.15,824.0,1118.0,69.0
RHPC,1/16/2019,100.0,100.0,100.0,100.0,-1.96,1662.0,1118.0,69.0
RHPC,1/17/2019,99.0,99.0,99.0,99.0,-1.0,89.0,1118.0,69.0
RHPC,1/20/2019,98.0,100.0,98.0,98.0,-1.01,1620.0,1118.0,69.0
RHPC,1/21/2019,99.0,99.0,99.0,99.0,1.02,550.0,1118.0,69.0
RHPC,1/22/2019,99.0,100.0,99.0,100.0,1.01,150.0,1118.0,69.0
RHPC,1/23/2019,98.0,99.0,98.0,98.0,-2.0,1958.0,1118.0,69.0
RHPC,1/24/2019,98.0,100.0,97.0,97.0,-1.02,843.0,1118.0,69.0
RHPC,1/27/2019,98.0,98.0,96.0,98.0,1.03,1698.0,1118.0,69.0
RHPC,1/28/2019,97.0,98.0,96.0,97.0,-1.02,2126.0,1118.0,69.0
RHPC,1/29/2019,96.0,97.0,96.0,96.0,-1.03,1140.0,1118.0,69.0
RHPC,1/30/2019,95.0,98.0,94.0,94.0,-2.08,2753.0,1118.0,69.0
RHPC,1/31/2019,95.0,97.0,95.0,96.0,2.13,1363.0,1118.0,69.0
RHPC,2/3/2019,95.0,98.0,95.0,97.0,1.04,212.0,1118.0,69.0
RHPC,2/4/2019,98.0,98.0,94.0,95.0,-2.06,1877.0,1118.0,69.0
RHPC,2/5/2019,95.0,98.0,95.0,98.0,3.16,523.0,1118.0,69.0
RHPC,2/7/2019,97.0,97.0,95.0,96.0,-2.04,864.0,1118.0,69.0
RHPC,2/10/2019,95.0,95.0,94.0,95.0,-1.04,1940.0,1118.0,69.0
RHPC,2/11/2019,95.0,96.0,95.0,96.0,1.05,1845.0,1118.0,69.0
RHPC,2/12/2019,96.0,96.0,95.0,95.0,-1.04,192.0,1118.0,69.0
RHPC,2/13/2019,96.0,96.0,95.0,95.0,0.0,530.0,1118.0,69.0
RHPC,2/14/2019,94.0,95.0,93.0,95.0,0.0,838.0,1118.0,69.0
RHPC,2/17/2019,94.0,94.0,90.0,90.0,-5.26,914.0,1118.0,69.0
RHPC,2/18/2019,89.0,90.0,88.0,90.0,0.0,2327.0,1118.0,69.0
RHPC,2/19/2019,89.0,90.0,89.0,90.0,0.0,545.0,1118.0,69.0
RHPC,2/20/2019,89.0,91.0,89.0,90.0,0.0,595.0,1118.0,69.0
RHPC,2/21/2019,89.0,89.0,87.0,88.0,-2.22,1789.0,1118.0,69.0
RHPC,2/24/2019,88.0,89.0,86.0,86.0,-2.27,2015.0,1118.0,69.0
RHPC,2/25/2019,85.0,86.0,84.0,84.0,-2.33,3269.0,1118.0,69.0
RHPC,2/26/2019,85.0,87.0,85.0,85.0,1.19,2136.0,1118.0,69.0
RHPC,2/27/2019,86.0,87.0,85.0,85.0,0.0,2057.0,1118.0,69.0
RHPC,3/3/2019,85.0,85.0,84.0,85.0,0.0,1114.0,1118.0,69.0
RHPC,3/5/2019,85.0,88.0,85.0,88.0,3.53,306.0,1118.0,69.0
RHPC,3/6/2019,87.0,88.0,86.0,87.0,-1.14,652.0,1118.0,69.0
RHPC,3/7/2019,86.0,92.0,86.0,92.0,5.75,1559.0,1118.0,69.0
RHPC,3/11/2019,90.0,93.0,89.0,93.0,1.09,1716.0,1118.0,69.0
RHPC,3/12/2019,94.0,97.0,94.0,96.0,3.23,2315.0,1118.0,69.0
RHPC,3/13/2019,95.0,98.0,94.0,98.0,2.08,561.0,1118.0,69.0
RHPC,3/14/2019,97.0,97.0,91.0,92.0,-6.12,1850.0,1118.0,69.0
RHPC,3/17/2019,94.0,99.0,94.0,96.0,4.35,3045.0,1118.0,69.0
RHPC,3/18/2019,96.0,96.0,96.0,96.0,0.0,10.0,1118.0,69.0
RHPC,3/19/2019,95.0,97.0,93.0,93.0,-3.12,570.0,1118.0,69.0
RHPC,3/21/2019,92.0,95.0,92.0,95.0,2.15,1608.0,1118.0,69.0
RHPC,3/24/2019,95.0,95.0,93.0,93.0,-2.11,465.0,1118.0,69.0
RHPC,3/25/2019,93.0,96.0,93.0,96.0,3.23,1120.0,1118.0,69.0
RHPC,3/26/2019,96.0,98.0,94.0,95.0,-1.04,1758.0,1118.0,69.0
RHPC,3/27/2019,94.0,95.0,93.0,95.0,0.0,139.0,1118.0,69.0
RHPC,3/28/2019,94.0,96.0,92.0,96.0,1.05,1814.0,1118.0,69.0
RHPC,3/31/2019,95.0,95.0,93.0,93.0,-3.12,669.0,1118.0,69.0
RHPC,4/1/2019,93.0,96.0,92.0,96.0,3.23,228.0,1118.0,69.0
RHPC,4/2/2019,95.0,96.0,93.0,94.0,-2.08,682.0,1118.0,69.0
RHPC,4/3/2019,95.0,96.0,95.0,95.0,1.06,380.0,1118.0,69.0
RHPC,4/4/2019,95.0,95.0,94.0,95.0,0.0,134.0,1118.0,69.0
RHPC,4/7/2019,96.0,97.0,95.0,95.0,0.0,340.0,1118.0,69.0
RHPC,4/8/2019,95.0,96.0,95.0,95.0,0.0,491.0,1118.0,69.0
RHPC,4/9/2019,95.0,95.0,95.0,95.0,0.0,1053.0,1118.0,69.0
RHPC,4/10/2019,95.0,95.0,93.0,94.0,-1.05,841.0,1118.0,69.0
RHPC,4/11/2019,95.0,95.0,93.0,94.0,0.0,759.0,1118.0,69.0
RHPC,4/15/2019,94.0,95.0,93.0,93.0,-1.06,253.0,1118.0,69.0
RHPC,4/16/2019,92.0,94.0,92.0,92.0,-1.08,373.0,1118.0,69.0
RHPC,4/17/2019,93.0,93.0,90.0,90.0,-2.17,8147.0,1118.0,69.0
RHPC,4/18/2019,89.0,94.0,89.0,90.0,0.0,818.0,1118.0,69.0
RHPC,4/21/2019,91.0,91.0,90.0,90.0,0.0,52.0,1118.0,69.0
RHPC,4/22/2019,91.0,91.0,90.0,90.0,0.0,986.0,1118.0,69.0
RHPC,4/23/2019,91.0,92.0,89.0,92.0,2.22,406.0,1118.0,69.0
RHPC,4/24/2019,91.0,91.0,90.0,90.0,-2.17,1900.0,1118.0,69.0
RHPC,4/25/2019,91.0,91.0,90.0,90.0,0.0,85.0,1118.0,69.0
RHPC,4/28/2019,91.0,98.0,90.0,98.0,8.89,5115.0,1118.0,69.0
RHPC,4/29/2019,97.0,97.0,96.0,96.0,-2.04,60.0,1118.0,69.0
RHPC,4/30/2019,95.0,102.0,94.0,97.0,1.04,6063.0,1118.0,69.0
RHPC,5/2/2019,96.0,100.0,95.0,99.0,2.06,3132.0,1118.0,69.0
RHPC,5/5/2019,100.0,98.0,100.0,96.0,-3.03,455.0,1118.0,69.0
RHPC,5/6/2019,95.0,95.0,94.0,94.0,-2.08,2572.0,1118.0,69.0
RHPC,5/7/2019,94.0,98.0,94.0,97.0,3.19,4078.0,1118.0,69.0
RHPC,5/8/2019,98.0,98.0,94.0,94.0,-3.09,25746.0,1118.0,69.0
RHPC,5/9/2019,95.0,95.0,94.0,94.0,0.0,483.0,1118.0,69.0
RHPC,5/12/2019,93.0,95.0,93.0,95.0,1.06,209.0,1118.0,69.0
RHPC,5/13/2019,94.0,95.0,94.0,95.0,0.0,4506.0,1118.0,69.0
RHPC,5/14/2019,94.0,97.0,94.0,96.0,1.05,8008.0,1118.0,69.0
RHPC,5/15/2019,97.0,98.0,96.0,96.0,0.0,6687.0,1118.0,69.0
RHPC,5/16/2019,95.0,99.0,95.0,99.0,3.12,8702.0,1118.0,69.0
RHPC,5/20/2019,98.0,98.0,94.0,94.0,-5.05,419.0,1118.0,69.0
RHPC,5/21/2019,94.0,96.0,93.0,94.0,0.0,5300.0,1118.0,69.0
RHPC,5/22/2019,93.0,103.0,93.0,101.0,7.45,36425.0,1118.0,69.0
RHPC,5/23/2019,100.0,100.0,97.0,99.0,-1.98,24117.0,1118.0,69.0
RHPC,5/26/2019,100.0,100.0,97.0,97.0,-2.02,237.0,1118.0,69.0
RHPC,5/27/2019,96.0,96.0,94.0,95.0,-2.06,3721.0,1118.0,69.0
RHPC,5/28/2019,96.0,96.0,93.0,96.0,1.05,3353.0,1118.0,69.0
RHPC,5/29/2019,97.0,98.0,94.0,96.0,0.0,3822.0,1118.0,69.0
RHPC,5/30/2019,97.0,104.0,94.0,94.0,-2.08,3351.0,1118.0,69.0
RHPC,6/2/2019,95.0,97.0,94.0,94.0,0.0,7403.0,1118.0,69.0
RHPC,6/3/2019,94.0,95.0,93.0,94.0,0.0,2897.0,1118.0,69.0
RHPC,6/4/2019,94.0,94.0,93.0,94.0,0.0,1435.0,1118.0,69.0
RHPC,6/6/2019,95.0,95.0,92.0,92.0,-2.13,2895.0,1118.0,69.0
RHPC,6/10/2019,92.0,94.0,91.0,91.0,-1.09,599.0,1118.0,69.0
RHPC,6/11/2019,92.0,96.0,92.0,94.0,3.3,2463.0,1118.0,69.0
RHPC,6/12/2019,94.0,95.0,93.0,95.0,1.06,1282.0,1118.0,69.0
RHPC,6/13/2019,95.0,95.0,93.0,94.0,-1.05,188.0,1118.0,69.0
RHPC,6/16/2019,95.0,95.0,90.0,92.0,-2.13,6253.0,1118.0,69.0
RHPC,6/17/2019,91.0,94.0,90.0,91.0,-1.09,2499.0,1118.0,69.0
RHPC,6/18/2019,91.0,92.0,90.0,90.0,-1.1,1038.0,1118.0,69.0
RHPC,6/19/2019,91.0,91.0,90.0,91.0,1.11,125.0,1118.0,69.0
RHPC,6/20/2019,90.0,93.0,90.0,91.0,0.0,6123.0,1118.0,69.0
RHPC,6/23/2019,90.0,91.0,89.0,90.0,-1.1,2838.0,1118.0,69.0
RHPC,6/24/2019,91.0,91.0,90.0,91.0,1.11,2797.0,1118.0,69.0
RHPC,6/25/2019,92.0,93.0,91.0,91.0,0.0,104663.0,1118.0,69.0
RHPC,6/26/2019,90.0,91.0,90.0,90.0,-1.1,29412.0,1118.0,69.0
RHPC,6/27/2019,89.0,93.0,89.0,93.0,3.33,35119.0,1118.0,69.0
RHPC,6/30/2019,92.0,92.0,89.0,90.0,-3.23,823.0,1118.0,69.0
RHPC,7/1/2019,89.0,90.0,89.0,90.0,0.0,1476.0,1118.0,69.0
RHPC,7/2/2019,90.0,90.0,89.0,89.0,-1.11,4083.0,1118.0,69.0
RHPC,7/3/2019,90.0,94.0,90.0,94.0,5.62,1842.0,1118.0,69.0
RHPC,7/4/2019,93.0,93.0,92.0,92.0,-2.13,20.0,1118.0,69.0
RHPC,7/7/2019,91.0,91.0,89.0,89.0,-3.26,1239.0,1118.0,69.0
RHPC,7/8/2019,88.0,92.0,88.0,89.0,0.0,3110.0,1118.0,69.0
RHPC,7/9/2019,89.0,90.0,89.0,89.0,0.0,501.0,1118.0,69.0
RHPC,7/10/2019,90.0,92.0,90.0,92.0,3.37,658.0,1118.0,69.0
RHPC,7/11/2019,91.0,91.0,90.0,90.0,-2.17,1625.0,1118.0,69.0
RHPC,7/14/2019,90.0,90.0,90.0,90.0,0.0,179.0,1118.0,69.0
RHPC,7/15/2019,90.0,93.0,89.0,93.0,3.33,483.0,1118.0,69.0
RHPC,7/16/2019,97.0,97.0,89.0,90.0,-3.23,75.0,1118.0,69.0
RHPC,7/17/2019,90.0,93.0,90.0,92.0,2.22,258.0,1118.0,69.0
RHPC,7/18/2019,93.0,93.0,91.0,91.0,-1.09,1338.0,1118.0,69.0
RHPC,7/21/2019,90.0,90.0,90.0,90.0,-1.1,14.0,1118.0,69.0
RHPC,7/22/2019,90.0,91.0,90.0,90.0,0.0,383.0,1118.0,69.0
RHPC,7/23/2019,90.0,90.0,90.0,90.0,0.0,619.0,1118.0,69.0
RHPC,7/24/2019,89.0,92.0,89.0,90.0,0.0,1584.0,1118.0,69.0
RHPC,7/25/2019,89.0,91.0,89.0,91.0,1.11,1388.0,1118.0,69.0
RHPC,7/28/2019,90.0,91.0,89.0,89.0,-2.2,623.0,1118.0,69.0
RHPC,7/29/2019,89.0,90.0,88.0,89.0,0.0,1825.0,1118.0,69.0
RHPC,7/30/2019,89.0,90.0,89.0,89.0,0.0,2138.0,1118.0,69.0
RHPC,7/31/2019,88.0,90.0,88.0,90.0,1.12,937.0,1118.0,69.0
RHPC,8/1/2019,89.0,89.0,89.0,89.0,-1.11,652.0,1118.0,69.0
RHPC,8/4/2019,90.0,90.0,89.0,89.0,0.0,1645.0,1118.0,69.0
RHPC,8/5/2019,89.0,89.0,88.0,88.0,-1.12,1726.0,1118.0,69.0
RHPC,8/6/2019,87.0,88.0,87.0,88.0,0.0,36.0,1118.0,69.0
RHPC,8/7/2019,89.0,90.0,88.0,89.0,1.14,2546.0,1118.0,69.0
RHPC,8/8/2019,90.0,90.0,87.0,87.0,-2.25,2128.0,1118.0,69.0
RHPC,8/11/2019,86.0,87.0,86.0,86.0,-1.15,155.0,1118.0,69.0
RHPC,8/12/2019,85.0,87.0,85.0,87.0,1.16,510.0,1118.0,69.0
RHPC,8/13/2019,86.0,90.0,86.0,90.0,3.45,121.0,1118.0,69.0
RHPC,8/14/2019,89.0,91.0,89.0,91.0,1.11,69.0,1118.0,69.0
RHPC,8/15/2019,90.0,90.0,89.0,90.0,-1.1,234.0,1118.0,69.0
RHPC,8/18/2019,89.0,89.0,87.0,87.0,-3.33,5617.0,1118.0,69.0
RHPC,8/19/2019,86.0,88.0,86.0,87.0,0.0,826.0,1118.0,69.0
RHPC,8/20/2019,88.0,88.0,85.0,85.0,-2.3,1144.0,1118.0,69.0
RHPC,8/21/2019,84.0,87.0,84.0,84.0,-1.18,1422.0,1118.0,69.0
RHPC,8/22/2019,85.0,88.0,85.0,88.0,4.76,392.0,1118.0,69.0
RHPC,8/25/2019,87.0,88.0,87.0,87.0,-1.14,510.0,1118.0,69.0
RHPC,8/26/2019,86.0,88.0,86.0,86.0,-1.15,501.0,1118.0,69.0
RHPC,8/27/2019,87.0,87.0,86.0,87.0,1.16,71.0,1118.0,69.0
RHPC,8/28/2019,86.0,86.0,85.0,85.0,-2.3,139.0,1118.0,69.0
RHPC,8/29/2019,86.0,86.0,84.0,85.0,0.0,3937.0,1118.0,69.0
RHPC,9/1/2019,84.0,84.0,84.0,84.0,-1.18,37.0,1118.0,69.0
RHPC,9/2/2019,83.0,85.0,83.0,84.0,0.0,4297.0,1118.0,69.0
RHPC,9/3/2019,85.0,85.0,81.0,81.0,-3.57,406.0,1118.0,69.0
RHPC,9/4/2019,82.0,85.0,82.0,85.0,4.94,95.0,1118.0,69.0
RHPC,9/5/2019,86.0,86.0,85.0,86.0,1.18,117.0,1118.0,69.0
RHPC,9/8/2019,85.0,85.0,85.0,85.0,-1.16,165.0,1118.0,69.0
RHPC,9/9/2019,84.0,84.0,82.0,82.0,-3.53,735.0,1118.0,69.0
RHPC,9/10/2019,81.0,84.0,81.0,83.0,1.22,259.0,1118.0,69.0
RHPC,9/11/2019,82.0,82.0,79.0,79.0,-4.82,3549.0,1118.0,69.0
RHPC,9/12/2019,79.0,81.0,79.0,81.0,2.53,1110.0,1118.0,69.0
RHPC,9/16/2019,81.0,81.0,78.0,80.0,-1.23,294.0,1118.0,69.0
RHPC,9/17/2019,80.0,81.0,80.0,81.0,1.25,1595.0,1118.0,69.0
RHPC,9/18/2019,82.0,89.0,81.0,89.0,9.88,2651.0,1118.0,69.0
RHPC,9/19/2019,90.0,90.0,90.0,90.0,1.12,54.0,1118.0,69.0
RHPC,9/22/2019,89.0,89.0,85.0,85.0,-5.56,216.0,1118.0,69.0
RHPC,9/23/2019,86.0,86.0,84.0,84.0,-1.18,825.0,1118.0,69.0
RHPC,9/24/2019,83.0,83.0,83.0,83.0,-1.19,837.0,1118.0,69.0
RHPC,9/25/2019,82.0,82.0,81.0,82.0,-1.2,146.0,1118.0,69.0
RHPC,9/26/2019,82.0,82.0,79.0,81.0,-1.22,1147.0,1118.0,69.0
RHPC,9/29/2019,82.0,82.0,82.0,82.0,1.23,11.0,1118.0,69.0
RHPC,9/30/2019,83.0,83.0,82.0,83.0,1.22,31.0,1118.0,69.0
RHPC,10/1/2019,83.0,83.0,82.0,82.0,-1.2,601.0,1118.0,69.0
RHPC,10/2/2019,83.0,83.0,83.0,83.0,1.22,56.0,1118.0,69.0
RHPC,10/3/2019,83.0,83.0,80.0,80.0,-3.61,4120.0,1118.0,69.0
RHPC,10/10/2019,80.0,80.0,80.0,80.0,0.0,10.0,1118.0,69.0
RHPC,10/14/2019,80.0,80.0,77.0,77.0,-3.75,1940.0,1118.0,69.0
RHPC,10/15/2019,78.0,79.0,76.0,77.0,0.0,2975.0,1118.0,69.0
RHPC,10/16/2019,77.0,77.0,77.0,77.0,0.0,45.0,1118.0,69.0
RHPC,10/17/2019,77.0,77.0,77.0,77.0,0.0,182.0,1118.0,69.0
RHPC,10/20/2019,78.0,78.0,76.0,78.0,1.3,385.0,1118.0,69.0
RHPC,10/21/2019,77.0,79.0,76.0,79.0,1.28,1084.0,1118.0,69.0
RHPC,10/22/2019,78.0,79.0,78.0,79.0,0.0,182.0,1118.0,69.0
RHPC,10/23/2019,79.0,80.0,79.0,79.0,0.0,1145.0,1118.0,69.0
RHPC,10/24/2019,80.0,81.0,80.0,80.0,1.27,130.0,1118.0,69.0
RHPC,10/31/2019,80.0,80.0,79.0,79.0,-1.25,279.0,1118.0,69.0
RHPC,11/3/2019,79.0,79.0,78.0,79.0,0.0,165.0,1118.0,69.0
RHPC,11/4/2019,78.0,79.0,76.0,77.0,-2.53,437.0,1118.0,69.0
RHPC,11/5/2019,77.0,77.0,75.0,75.0,-2.6,865.0,1118.0,69.0
RHPC,11/6/2019,75.0,77.0,75.0,77.0,2.67,134.0,1118.0,69.0
RHPC,11/7/2019,76.0,76.0,73.0,73.0,-5.19,853.0,1118.0,69.0
RHPC,11/10/2019,73.0,74.0,69.0,72.0,-1.37,6644.0,1118.0,69.0
RHPC,11/11/2019,73.0,79.0,71.0,79.0,9.72,12443.0,1118.0,69.0
RHPC,11/12/2019,80.0,81.0,78.0,78.0,-1.27,2184.0,1118.0,69.0
RHPC,11/13/2019,77.0,78.0,75.0,78.0,0.0,497.0,1118.0,69.0
RHPC,11/14/2019,78.0,78.0,74.0,74.0,-5.13,194.0,1118.0,69.0
RHPC,11/17/2019,75.0,76.0,73.0,74.0,0.0,4604.0,1118.0,69.0
RHPC,11/18/2019,73.0,73.0,72.0,73.0,-1.35,10524.0,1118.0,69.0
RHPC,11/19/2019,73.0,75.0,73.0,75.0,2.74,2637.0,1118.0,69.0
RHPC,11/20/2019,76.0,76.0,70.0,70.0,-6.67,13075.0,1118.0,69.0
RHPC,11/21/2019,71.0,74.0,71.0,72.0,2.86,7687.0,1118.0,69.0
RHPC,11/24/2019,71.0,72.0,69.0,71.0,-1.39,8642.0,1118.0,69.0
RHPC,11/25/2019,71.0,71.0,69.0,69.0,-2.82,14160.0,1118.0,69.0
RHPC,11/26/2019,70.0,70.0,70.0,70.0,1.45,20.0,1118.0,69.0
RHPC,11/27/2019,71.0,77.0,70.0,77.0,10.0,23332.0,1118.0,69.0
RHPC,11/28/2019,78.0,82.0,76.0,76.0,-1.3,15318.0,1118.0,69.0
RHPC,12/1/2019,77.0,79.0,74.0,75.0,-1.32,3529.0,1118.0,69.0
RHPC,12/2/2019,75.0,76.0,74.0,75.0,0.0,3687.0,1118.0,69.0
RHPC,12/3/2019,76.0,76.0,74.0,74.0,-1.33,6568.0,1118.0,69.0
RHPC,12/4/2019,75.0,76.0,72.0,72.0,-2.7,43330.0,1118.0,69.0
RHPC,12/5/2019,69.0,72.0,69.0,72.0,0.0,1866.0,1118.0,69.0
RHPC,12/8/2019,71.0,71.0,70.0,71.0,-1.39,158.0,1118.0,69.0
RHPC,12/9/2019,71.0,73.0,70.0,73.0,2.82,5190.0,1118.0,69.0
RHPC,12/10/2019,74.0,74.0,70.0,72.0,-1.37,2277.0,1118.0,69.0
RHPC,12/11/2019,71.0,72.0,70.0,72.0,0.0,9081.0,1118.0,69.0
RHPC,12/12/2019,71.0,74.0,70.0,74.0,2.78,3048.0,1118.0,69.0
RHPC,12/15/2019,73.0,74.0,72.0,74.0,0.0,5899.0,1118.0,69.0
RHPC,12/16/2019,73.0,73.0,69.0,72.0,-2.7,6935.0,1118.0,69.0
RHPC,12/17/2019,71.0,73.0,71.0,71.0,-1.39,1688.0,1118.0,69.0
RHPC,12/18/2019,70.0,71.0,70.0,71.0,0.0,664.0,1118.0,69.0
RHPC,12/19/2019,72.0,72.0,69.0,70.0,-1.41,2097.0,1118.0,69.0
RHPC,12/22/2019,69.0,73.0,69.0,73.0,4.29,3711.0,1118.0,69.0
RHPC,12/23/2019,72.0,74.0,70.0,74.0,1.37,1411.0,1118.0,69.0
RHPC,12/24/2019,73.0,73.0,69.0,70.0,-5.41,9292.0,1118.0,69.0
RHPC,12/25/2019,70.0,72.0,70.0,71.0,1.43,397.0,1118.0,69.0
RHPC,12/26/2019,70.0,72.0,70.0,72.0,1.41,406.0,1118.0,69.0
RHPC,12/29/2019,71.0,71.0,70.0,70.0,-2.78,763.0,1118.0,69.0
RHPC,12/30/2019,71.0,71.0,70.0,70.0,0.0,817.0,1118.0,69.0
RHPC,12/31/2019,70.0,71.0,70.0,70.0,0.0,940.0,1118.0,69.0
RHPC,1/1/2020,70.0,71.0,69.0,71.0,1.43,5187.0,1118.0,69.0
RHPC,1/2/2020,70.0,70.0,69.0,70.0,-1.41,4110.0,1118.0,69.0
RHPC,1/5/2020,69.0,71.0,69.0,70.0,0.0,2934.0,1118.0,69.0
RHPC,1/6/2020,70.0,72.0,69.0,71.0,1.43,2107.0,1118.0,69.0
RHPC,1/7/2020,70.0,73.0,70.0,72.0,1.41,12838.0,1118.0,69.0
RHPC,1/8/2020,73.0,73.0,72.0,72.0,0.0,2250.0,1118.0,69.0
RHPC,1/9/2020,72.0,73.0,71.0,72.0,0.0,2776.0,1118.0,69.0
RHPC,1/12/2020,73.0,73.0,69.0,72.0,0.0,18864.0,1118.0,69.0
RHPC,1/13/2020,72.0,78.0,72.0,76.0,5.56,26490.0,1118.0,69.0
RHPC,1/14/2020,77.0,78.0,71.0,72.0,-5.26,23005.0,1118.0,69.0
RHPC,1/15/2020,73.0,77.0,73.0,75.0,4.17,37091.0,1118.0,69.0
RHPC,1/16/2020,76.0,80.0,75.0,80.0,6.67,31066.0,1118.0,69.0
RHPC,1/19/2020,81.0,88.0,80.0,85.0,6.25,48399.0,1118.0,69.0
RHPC,1/20/2020,85.0,86.0,81.0,81.0,-4.71,19354.0,1118.0,69.0
RHPC,1/21/2020,81.0,84.0,80.0,83.0,2.47,14195.0,1118.0,69.0
RHPC,1/22/2020,83.0,83.0,80.0,80.0,-3.61,5420.0,1118.0,69.0
RHPC,1/23/2020,79.0,83.0,79.0,82.0,2.5,1432.0,1118.0,69.0
RHPC,1/26/2020,81.0,81.0,76.0,76.0,-7.32,8358.0,1118.0,69.0
RHPC,1/27/2020,76.0,81.0,75.0,76.0,0.0,9513.0,1118.0,69.0
RHPC,1/28/2020,77.0,78.0,76.0,76.0,0.0,18359.0,1118.0,69.0
RHPC,1/29/2020,76.0,76.0,75.0,76.0,0.0,6041.0,1118.0,69.0
RHPC,1/30/2020,75.0,79.0,75.0,79.0,3.95,18687.0,1118.0,69.0
RHPC,2/2/2020,78.0,78.0,76.0,77.0,-2.53,12970.0,1118.0,69.0
RHPC,2/3/2020,76.0,82.0,76.0,79.0,2.6,47191.0,1118.0,69.0
RHPC,2/4/2020,78.0,80.0,77.0,77.0,-2.53,30617.0,1118.0,69.0
RHPC,2/5/2020,76.0,80.0,76.0,80.0,3.9,3924.0,1118.0,69.0
RHPC,2/6/2020,81.0,81.0,76.0,77.0,-3.75,3055.0,1118.0,69.0
RHPC,2/9/2020,78.0,81.0,78.0,78.0,1.3,39008.0,1118.0,69.0
RHPC,2/10/2020,79.0,81.0,79.0,80.0,2.56,24390.0,1118.0,69.0
RHPC,2/11/2020,81.0,82.0,80.0,82.0,2.5,48396.0,1118.0,69.0
RHPC,2/12/2020,81.0,84.0,81.0,83.0,1.22,22561.0,1118.0,69.0
RHPC,2/13/2020,82.0,86.0,82.0,85.0,2.41,78064.0,1118.0,69.0
RHPC,2/16/2020,84.0,91.0,84.0,89.0,4.71,50426.0,1118.0,69.0
RHPC,2/17/2020,90.0,95.0,89.0,90.0,1.12,49336.0,1118.0,69.0
RHPC,2/18/2020,91.0,95.0,89.0,89.0,-1.11,31908.0,1118.0,69.0
RHPC,2/19/2020,88.0,90.0,87.0,88.0,-1.12,6872.0,1118.0,69.0
RHPC,2/20/2020,87.0,92.0,87.0,91.0,3.41,23313.0,1118.0,69.0
RHPC,2/23/2020,91.0,96.0,89.0,91.0,0.0,32921.0,1118.0,69.0
RHPC,2/24/2020,90.0,95.0,90.0,91.0,0.0,11815.0,1118.0,69.0
RHPC,2/25/2020,92.0,100.0,90.0,98.0,7.69,59245.0,1118.0,69.0
RHPC,2/26/2020,99.0,104.0,94.0,94.0,-4.08,44716.0,1118.0,69.0
RHPC,2/27/2020,95.0,98.0,94.0,95.0,1.06,28726.0,1118.0,69.0
RHPC,3/1/2020,96.0,97.0,92.0,92.0,-3.16,7805.0,1118.0,69.0
RHPC,3/2/2020,91.0,94.0,87.0,87.0,-5.43,12985.0,1118.0,69.0
RHPC,3/3/2020,86.0,93.0,86.0,87.0,0.0,14158.0,1118.0,69.0
RHPC,3/4/2020,86.0,87.0,84.0,86.0,-1.15,17423.0,1118.0,69.0
RHPC,3/5/2020,85.0,88.0,84.0,87.0,1.16,11192.0,1118.0,69.0
RHPC,3/10/2020,87.0,89.0,85.0,85.0,-2.3,4293.0,1118.0,69.0
RHPC,3/11/2020,85.0,92.0,82.0,86.0,1.18,14273.0,1118.0,69.0
RHPC,3/12/2020,86.0,86.0,83.0,83.0,-3.49,14582.0,1118.0,69.0
RHPC,3/15/2020,82.0,84.0,78.0,78.0,-6.02,10634.0,1118.0,69.0
RHPC,3/16/2020,77.0,84.0,77.0,83.0,6.41,3880.0,1118.0,69.0
RHPC,3/17/2020,82.0,82.0,76.0,77.0,-7.23,6960.0,1118.0,69.0
RHPC,3/18/2020,77.0,79.0,76.0,79.0,2.6,4227.0,1118.0,69.0
RHPC,3/19/2020,80.0,81.0,78.0,81.0,2.53,14095.0,1118.0,69.0
RHPC,3/22/2020,80.0,80.0,77.0,78.0,-3.7,3050.0,1118.0,69.0
RHPC,5/12/2020,77.0,77.0,77.0,77.0,-1.28,10.0,1118.0,69.0
RHPC,5/13/2020,76.0,76.0,76.0,76.0,-1.3,10.0,1118.0,69.0
RHPC,6/29/2020,76.0,78.0,76.0,77.0,1.32,2761.0,1118.0,69.0
RHPC,6/30/2020,77.0,78.0,77.0,78.0,1.3,1448.0,1118.0,69.0
RHPC,7/1/2020,79.0,79.0,79.0,79.0,1.28,74.0,1118.0,69.0
RHPC,7/2/2020,80.0,80.0,79.0,79.0,0.0,583.0,1118.0,69.0
RHPC,7/5/2020,79.0,80.0,78.0,78.0,-1.27,5749.0,1118.0,69.0
RHPC,7/6/2020,79.0,80.0,77.0,79.0,1.28,4521.0,1118.0,69.0
RHPC,7/7/2020,78.0,83.0,78.0,83.0,5.06,6353.0,1118.0,69.0
RHPC,7/8/2020,84.0,86.0,82.0,86.0,3.61,1880.0,1118.0,69.0
RHPC,7/9/2020,85.0,86.0,83.0,83.0,-3.49,2980.0,1118.0,69.0
RHPC,7/12/2020,82.0,83.0,81.0,81.0,-2.41,5960.0,1118.0,69.0
RHPC,7/13/2020,81.0,82.0,80.0,82.0,1.23,2680.0,1118.0,69.0
RHPC,7/14/2020,82.0,82.0,80.0,81.0,-1.22,1896.0,1118.0,69.0
RHPC,7/15/2020,81.0,84.0,80.0,84.0,3.7,3680.0,1118.0,69.0
RHPC,7/16/2020,83.0,85.0,83.0,85.0,1.19,5882.0,1118.0,69.0
RHPC,7/20/2020,89.0,92.0,88.0,88.0,3.53,2765.0,1118.0,69.0
RHPC,7/21/2020,87.0,87.0,86.0,86.0,-2.27,899.0,1118.0,69.0
RHPC,7/22/2020,85.0,85.0,80.0,81.0,-5.81,9846.0,1118.0,69.0
RHPC,7/23/2020,85.0,85.0,81.0,81.0,0.0,1460.0,1118.0,69.0
RHPC,7/26/2020,80.0,84.0,79.0,82.0,1.23,5914.0,1118.0,69.0
RHPC,7/27/2020,81.0,83.0,79.0,83.0,1.22,7967.0,1118.0,69.0
RHPC,7/28/2020,82.0,82.0,81.0,82.0,-1.2,4514.0,1118.0,69.0
RHPC,7/29/2020,81.0,84.0,81.0,83.0,1.22,6698.0,1118.0,69.0
RHPC,7/30/2020,83.0,89.0,83.0,85.0,2.41,20416.0,1118.0,69.0
RHPC,8/2/2020,86.0,86.0,82.0,83.0,-2.35,11611.0,1118.0,69.0
RHPC,8/3/2020,83.0,84.0,82.0,82.0,-1.2,2347.0,1118.0,69.0
RHPC,8/5/2020,81.0,83.0,80.0,83.0,1.22,5507.0,1118.0,69.0
RHPC,8/6/2020,82.0,84.0,82.0,83.0,0.0,2449.0,1118.0,69.0
RHPC,8/9/2020,83.0,86.0,83.0,85.0,2.41,3159.0,1118.0,69.0
RHPC,8/10/2020,85.0,86.0,84.0,84.0,-1.18,5828.0,1118.0,69.0
RHPC,8/11/2020,83.0,85.0,83.0,85.0,1.19,1598.0,1118.0,69.0
RHPC,8/12/2020,84.0,85.0,83.0,84.0,-1.18,3668.0,1118.0,69.0
RHPC,8/13/2020,83.0,86.0,83.0,84.0,0.0,1673.0,1118.0,69.0
RHPC,8/16/2020,83.0,84.0,82.0,84.0,0.0,3813.0,1118.0,69.0
RHPC,8/17/2020,85.0,87.0,82.0,84.0,0.0,17602.0,1118.0,69.0
RHPC,8/18/2020,85.0,88.0,84.0,87.0,3.57,23781.0,1118.0,69.0
RHPC,8/19/2020,88.0,91.0,86.0,86.0,-1.15,17027.0,1118.0,69.0
RHPC,8/20/2020,87.0,88.0,85.0,85.0,-1.16,8966.0,1118.0,69.0
RHPC,8/23/2020,85.0,85.0,84.0,84.0,-1.18,5589.0,1118.0,69.0
RHPC,8/24/2020,85.0,86.0,85.0,86.0,2.38,3106.0,1118.0,69.0
RHPC,8/25/2020,87.0,87.0,84.0,84.0,-2.33,2621.0,1118.0,69.0
RHPC,8/26/2020,85.0,86.0,83.0,86.0,2.38,25806.0,1118.0,69.0
RHPC,8/27/2020,87.0,90.0,84.0,84.0,-2.33,20641.0,1118.0,69.0
RHPC,8/30/2020,88.0,89.0,85.0,89.0,5.95,14780.0,1118.0,69.0
RHPC,8/31/2020,92.0,96.0,87.0,90.0,1.12,36948.0,1118.0,69.0
RHPC,9/2/2020,91.0,99.0,91.0,99.0,10.0,112065.0,1118.0,69.0
RHPC,9/3/2020,103.0,108.0,97.0,98.0,-1.01,125230.0,1118.0,69.0
RHPC,9/6/2020,102.0,106.0,98.0,103.0,5.1,46989.0,1118.0,69.0
RHPC,9/7/2020,105.0,107.0,98.0,101.0,-1.94,69166.0,1118.0,69.0
RHPC,9/8/2020,106.0,106.0,98.0,101.0,0.0,21084.0,1118.0,69.0
RHPC,9/9/2020,103.0,104.0,98.0,99.0,-1.98,40616.0,1118.0,69.0
RHPC,9/10/2020,100.0,102.0,98.0,99.0,0.0,17570.0,1118.0,69.0
RHPC,9/13/2020,100.0,107.0,100.0,105.0,6.06,98296.0,1118.0,69.0
RHPC,9/14/2020,107.0,115.0,107.0,115.0,9.52,102228.0,1118.0,69.0
RHPC,9/15/2020,120.0,126.0,116.0,118.0,2.61,118150.0,1118.0,69.0
RHPC,9/16/2020,123.0,129.0,114.0,129.0,9.32,101185.0,1118.0,69.0
RHPC,9/17/2020,135.0,141.0,135.0,141.0,9.3,117919.0,1118.0,69.0
RHPC,9/20/2020,148.0,150.0,127.0,133.0,-5.67,109823.0,1118.0,69.0
RHPC,9/21/2020,131.0,142.0,122.0,137.0,3.01,139821.0,1118.0,69.0
RHPC,9/22/2020,137.0,139.0,128.0,134.0,-2.19,57018.0,1118.0,69.0
RHPC,9/23/2020,128.0,142.0,128.0,142.0,5.97,81135.0,1118.0,69.0
RHPC,9/24/2020,144.0,156.0,136.0,155.0,9.15,211991.0,1118.0,69.0
RHPC,9/27/2020,155.0,162.0,142.0,148.0,-4.52,133688.0,1118.0,69.0
RHPC,9/28/2020,149.0,154.0,143.0,148.0,0.0,53122.0,1118.0,69.0
RHPC,9/29/2020,155.0,155.0,144.0,151.0,2.03,109501.0,1118.0,69.0
RHPC,9/30/2020,154.0,157.0,149.0,153.0,1.32,122476.0,1118.0,69.0
RHPC,10/1/2020,160.0,160.0,146.0,147.0,-3.92,64589.0,1118.0,69.0
RHPC,10/4/2020,145.0,150.0,140.0,143.0,-2.72,50493.0,1118.0,69.0
RHPC,10/5/2020,150.0,157.0,143.0,154.0,7.69,110294.0,1118.0,69.0
RHPC,10/6/2020,161.0,169.0,156.0,169.0,9.74,200331.0,1118.0,69.0
RHPC,10/7/2020,172.0,185.0,172.0,185.0,9.47,137376.0,1118.0,69.0
RHPC,10/8/2020,188.0,202.0,177.0,190.0,2.7,200630.0,1118.0,69.0
RHPC,10/11/2020,199.0,206.0,177.0,206.0,8.42,140551.0,1118.0,69.0
RHPC,10/12/2020,206.0,206.0,188.0,194.0,-5.83,86489.0,1118.0,69.0
RHPC,10/13/2020,203.0,205.0,180.0,180.0,-7.22,164492.0,1118.0,69.0
RHPC,10/14/2020,183.0,186.0,170.0,170.0,-5.56,65442.0,1118.0,69.0
RHPC,10/15/2020,173.0,182.0,168.0,170.0,0.0,31399.0,1118.0,69.0
RHPC,10/18/2020,169.0,180.0,169.0,175.0,2.94,43169.0,1118.0,69.0
RHPC,10/19/2020,173.0,190.0,173.0,187.0,6.86,39633.0,1118.0,69.0
RHPC,10/20/2020,190.0,197.0,185.0,191.0,2.14,82865.0,1118.0,69.0
RHPC,10/21/2020,192.0,194.0,183.0,184.0,-3.66,35682.0,1118.0,69.0
RHPC,10/22/2020,184.0,186.0,181.0,182.0,-1.09,41386.0,1118.0,69.0
RHPC,10/28/2020,191.0,191.0,176.0,177.0,-2.75,25784.0,1118.0,69.0
RHPC,10/29/2020,176.0,188.0,176.0,184.0,3.95,22961.0,1118.0,69.0
RHPC,11/1/2020,181.0,189.0,181.0,187.0,1.63,59885.0,1118.0,69.0
RHPC,11/2/2020,187.0,190.0,181.0,184.0,-1.6,16217.0,1118.0,69.0
RHPC,11/3/2020,183.0,186.0,181.0,184.0,0.0,29137.0,1118.0,69.0
RHPC,11/4/2020,186.0,188.0,183.0,185.0,0.54,23588.0,1118.0,69.0
RHPC,11/5/2020,188.0,194.0,184.0,187.0,1.08,72093.0,1118.0,69.0
RHPC,11/8/2020,190.0,198.0,189.0,195.0,4.28,82288.0,1118.0,69.0
RHPC,11/9/2020,195.0,200.0,188.0,190.0,-2.56,97974.0,1118.0,69.0
RHPC,11/10/2020,187.0,191.0,185.0,187.0,-1.58,70035.0,1118.0,69.0
RHPC,11/11/2020,190.0,193.0,185.0,187.0,0.0,31453.0,1118.0,69.0
RHPC,11/12/2020,187.0,192.0,181.0,185.0,-1.07,88515.0,1118.0,69.0
RHPC,11/18/2020,194.0,194.0,175.0,180.0,-2.7,39217.0,1118.0,69.0
RHPC,11/19/2020,180.0,183.0,177.0,177.0,-1.67,54856.0,1118.0,69.0
RHPC,11/22/2020,180.0,189.0,174.0,178.0,0.56,52180.0,1118.0,69.0
RHPC,11/23/2020,178.0,179.0,172.0,174.0,-2.25,36498.0,1118.0,69.0
RHPC,11/24/2020,173.0,182.0,173.0,177.0,1.72,23358.0,1118.0,69.0
RHPC,11/25/2020,180.0,180.0,175.0,178.0,0.56,29629.0,1118.0,69.0
RHPC,11/26/2020,186.0,186.0,171.0,171.0,-3.93,44266.0,1118.0,69.0
RHPC,11/29/2020,174.0,180.0,172.0,176.0,2.92,76865.0,1118.0,69.0
RHPC,11/30/2020,176.0,184.0,166.0,178.0,1.14,69295.0,1118.0,69.0
RHPC,12/1/2020,180.0,180.0,168.0,171.0,-3.93,48484.0,1118.0,69.0
RHPC,12/2/2020,168.0,182.0,165.0,168.0,-1.75,46980.0,1118.0,69.0
RHPC,12/3/2020,176.0,176.0,162.0,165.0,-1.79,53794.0,1118.0,69.0
RHPC,12/6/2020,173.0,173.0,160.0,160.0,-3.03,31669.0,1118.0,69.0
RHPC,12/7/2020,160.0,171.0,154.0,163.0,1.88,18914.0,1118.0,69.0
RHPC,12/8/2020,165.0,165.0,159.0,161.0,-1.23,17627.0,1118.0,69.0
RHPC,12/9/2020,169.0,169.0,161.0,163.0,1.24,31606.0,1118.0,69.0
RHPC,12/10/2020,160.0,166.0,158.0,160.0,-1.84,10398.0,1118.0,69.0
RHPC,12/13/2020,161.0,165.0,154.0,160.0,0.0,16284.0,1118.0,69.0
RHPC,12/14/2020,162.0,166.0,152.0,156.0,-2.5,23216.0,1118.0,69.0
RHPC,12/15/2020,153.0,161.0,153.0,156.0,0.0,21819.0,1118.0,69.0
RHPC,12/16/2020,153.0,161.0,150.0,151.0,-3.21,21421.0,1118.0,69.0
RHPC,12/17/2020,150.0,155.0,144.0,148.0,-1.99,51503.0,1118.0,69.0
RHPC,12/20/2020,148.0,148.0,140.0,142.0,-4.05,36854.0,1118.0,69.0
RHPC,12/21/2020,140.0,146.0,132.0,146.0,2.82,37177.0,1118.0,69.0
RHPC,12/22/2020,148.0,150.0,143.0,147.0,0.68,27786.0,1118.0,69.0
RHPC,12/23/2020,147.0,150.0,146.0,147.0,0.0,30804.0,1118.0,69.0
RHPC,12/24/2020,145.0,151.0,145.0,146.0,-0.68,11285.0,1118.0,69.0
RHPC,12/27/2020,146.0,148.0,143.0,143.0,-2.05,14079.0,1118.0,69.0
RHPC,12/28/2020,141.0,146.0,141.0,146.0,2.1,22878.0,1118.0,69.0
RHPC,12/29/2020,145.0,146.0,144.0,145.0,-0.68,6320.0,1118.0,69.0
RHPC,12/30/2020,143.0,145.0,143.0,145.0,0.0,5638.0,1118.0,69.0
RHPC,12/31/2020,152.0,152.0,142.0,144.0,-0.69,12113.0,1118.0,69.0
RHPC,1/3/2021,142.0,146.0,142.0,144.0,0.0,12620.0,1118.0,69.0
RHPC,1/4/2021,144.0,149.0,144.0,145.0,0.69,19717.0,1118.0,69.0
RHPC,1/5/2021,144.0,159.0,144.0,159.0,9.66,46646.0,1118.0,69.0
RHPC,1/6/2021,162.0,165.0,153.0,158.0,-0.63,43482.0,1118.0,69.0
RHPC,1/7/2021,160.0,161.0,153.0,156.0,-1.27,17268.0,1118.0,69.0
RHPC,1/10/2021,154.0,157.0,154.0,157.0,0.64,10731.0,1118.0,69.0
RHPC,1/11/2021,156.0,158.0,154.0,156.0,-0.64,20488.0,1118.0,69.0
RHPC,1/12/2021,158.0,162.0,154.0,156.0,0.0,21988.0,1118.0,69.0
RHPC,1/13/2021,159.0,160.0,157.0,160.0,2.56,23081.0,1118.0,69.0
RHPC,1/17/2021,158.0,163.0,158.0,159.0,-0.62,17159.0,1118.0,69.0
RHPC,1/18/2021,160.0,164.0,158.0,160.0,0.63,36303.0,1118.0,69.0
RHPC,1/19/2021,163.0,164.0,158.0,158.0,-1.25,35710.0,1118.0,69.0
RHPC,1/20/2021,151.0,164.0,151.0,161.0,1.9,25373.0,1118.0,69.0
RHPC,1/21/2021,168.0,172.0,162.0,171.0,6.21,110277.0,1118.0,69.0
RHPC,1/24/2021,175.0,188.0,173.0,188.0,9.94,170706.0,1118.0,69.0
RHPC,1/25/2021,195.0,204.0,180.0,186.0,-1.06,88059.0,1118.0,69.0
RHPC,1/26/2021,195.0,195.0,179.0,179.0,-3.76,32132.0,1118.0,69.0
RHPC,1/27/2021,181.0,190.0,173.0,179.0,0.0,51000.0,1118.0,69.0
RHPC,1/28/2021,176.0,183.0,170.0,173.0,-3.35,86106.0,1118.0,69.0
RHPC,1/31/2021,176.0,176.0,168.0,173.0,0.0,52189.0,1118.0,69.0
RHPC,2/1/2021,173.0,176.0,168.0,173.0,0.0,35540.0,1118.0,69.0
RHPC,2/2/2021,176.0,176.0,165.0,171.0,-1.16,59583.0,1118.0,69.0
RHPC,2/3/2021,174.0,183.0,171.0,174.0,1.75,76028.0,1118.0,69.0
RHPC,2/4/2021,175.0,190.0,172.0,185.0,6.32,104696.0,1118.0,69.0
RHPC,2/7/2021,176.0,200.0,176.0,192.0,3.78,165945.0,1118.0,69.0
RHPC,2/8/2021,201.0,201.0,183.0,188.0,-2.08,127060.0,1118.0,69.0
RHPC,2/9/2021,188.0,189.0,179.0,183.0,-2.66,40685.0,1118.0,69.0
RHPC,2/10/2021,180.0,185.0,177.0,180.0,-1.64,53115.0,1118.0,69.0
RHPC,2/11/2021,171.0,187.0,171.0,180.0,0.0,27955.0,1118.0,69.0
RHPC,2/14/2021,177.0,180.0,171.0,171.0,-5.0,59432.0,1118.0,69.0
RHPC,2/15/2021,174.0,188.0,174.0,187.0,9.36,158239.0,1118.0,69.0
RHPC,2/16/2021,190.0,194.0,179.0,187.0,0.0,67814.0,1118.0,69.0
RHPC,2/17/2021,178.0,189.0,178.0,181.0,-3.21,32223.0,1118.0,69.0
RHPC,2/18/2021,181.0,187.0,180.0,184.0,1.66,34905.0,1118.0,69.0
RHPC,2/21/2021,187.0,192.0,183.0,189.0,2.72,75898.0,1118.0,69.0
RHPC,2/22/2021,198.0,198.0,187.0,190.0,0.53,205976.0,1118.0,69.0
RHPC,2/23/2021,199.0,199.0,183.0,193.0,1.58,63800.0,1118.0,69.0
RHPC,2/24/2021,195.0,197.0,184.0,190.0,-1.55,65166.0,1118.0,69.0
RHPC,2/25/2021,189.0,190.0,183.0,187.0,-1.58,33174.0,1118.0,69.0
RHPC,2/28/2021,185.0,185.0,175.0,176.0,-5.88,66305.0,1118.0,69.0
RHPC,3/1/2021,179.0,184.0,177.0,180.0,2.27,52366.0,1118.0,69.0
RHPC,3/2/2021,189.0,189.0,173.0,176.0,-2.22,42607.0,1118.0,69.0
RHPC,3/3/2021,173.0,182.0,171.0,175.0,-0.57,29861.0,1118.0,69.0
RHPC,3/4/2021,178.0,188.0,174.0,186.0,6.29,63423.0,1118.0,69.0
RHPC,3/7/2021,189.0,191.0,182.0,182.0,-2.15,87969.0,1118.0,69.0
RHPC,3/9/2021,184.0,200.0,181.0,190.0,4.4,187558.0,1118.0,69.0
RHPC,3/10/2021,199.0,199.0,187.0,189.0,-0.53,30889.0,1118.0,69.0
RHPC,3/14/2021,189.0,196.0,184.0,186.0,-1.59,67046.0,1118.0,69.0
RHPC,3/15/2021,189.0,190.0,183.0,185.0,-0.54,28725.0,1118.0,69.0
RHPC,3/16/2021,185.0,188.0,180.0,185.0,0.0,62109.0,1118.0,69.0
RHPC,3/17/2021,188.0,190.0,182.0,185.0,0.0,22460.0,1118.0,69.0
RHPC,3/18/2021,187.0,190.0,185.0,186.0,0.54,26316.0,1118.0,69.0
RHPC,3/21/2021,183.0,189.0,183.0,186.0,0.0,42250.0,1118.0,69.0
RHPC,3/22/2021,195.0,195.0,184.0,185.0,-0.54,17365.0,1118.0,69.0
RHPC,3/23/2021,185.0,190.0,185.0,188.0,1.62,61160.0,1118.0,69.0
RHPC,3/24/2021,190.0,206.0,189.0,202.0,7.45,187813.0,1118.0,69.0
RHPC,3/25/2021,210.0,210.0,195.0,195.0,-3.47,122626.0,1118.0,69.0
RHPC,3/29/2021,204.0,214.0,194.0,209.0,7.18,214834.0,1118.0,69.0
RHPC,3/30/2021,219.0,219.0,205.0,205.0,-1.91,119616.0,1118.0,69.0
RHPC,3/31/2021,206.0,210.0,201.0,207.0,0.98,91639.0,1118.0,69.0
RHPC,4/1/2021,210.0,214.0,203.0,209.0,0.97,114947.0,1118.0,69.0
RHPC,4/4/2021,213.0,213.0,208.0,213.0,1.91,97331.0,1118.0,69.0
RHPC,4/5/2021,223.0,223.0,208.0,212.0,-0.47,90015.0,1118.0,69.0
RHPC,4/6/2021,212.0,228.0,206.0,225.0,6.13,154483.0,1118.0,69.0
RHPC,4/7/2021,234.0,234.0,214.0,218.0,-3.11,88003.0,1118.0,69.0
RHPC,4/8/2021,224.0,224.0,211.0,211.0,-3.21,39909.0,1118.0,69.0
RHPC,4/12/2021,221.0,221.0,202.0,206.0,-2.37,61432.0,1118.0,69.0
RHPC,4/13/2021,206.0,220.0,206.0,212.0,2.91,79637.0,1118.0,69.0
RHPC,4/15/2021,215.0,229.0,213.0,227.0,7.08,218856.0,1118.0,69.0
RHPC,4/18/2021,223.0,238.0,223.0,227.0,0.0,115227.0,1118.0,69.0
RHPC,4/19/2021,231.0,231.0,219.0,219.0,-3.52,65405.0,1118.0,69.0
RHPC,4/20/2021,215.0,231.0,215.0,231.0,5.48,114715.0,1118.0,69.0
RHPC,4/21/2021,222.0,236.0,222.0,227.0,-1.73,58617.0,1118.0,69.0
RHPC,4/22/2021,227.0,231.0,220.0,222.0,-2.2,52190.0,1118.0,69.0
RHPC,4/25/2021,220.0,220.0,203.0,205.0,-7.66,135579.0,1118.0,69.0
RHPC,4/26/2021,201.0,204.0,194.0,198.0,-3.41,53052.0,1118.0,69.0
RHPC,4/27/2021,201.0,216.0,197.0,213.0,7.58,52881.0,1118.0,69.0
RHPC,4/28/2021,215.0,221.0,203.0,206.0,-3.29,46756.0,1118.0,69.0
RHPC,4/29/2021,210.0,216.0,207.0,215.0,4.37,52292.0,1118.0,69.0
RHPC,5/2/2021,215.0,219.0,211.0,215.0,0.0,43993.0,1118.0,69.0
RHPC,5/3/2021,219.0,231.0,213.0,224.0,4.19,247320.0,1118.0,69.0
RHPC,5/4/2021,235.0,235.0,222.0,230.0,2.68,111293.0,1118.0,69.0
RHPC,5/5/2021,241.0,253.0,225.0,253.0,10.0,308930.0,1118.0,69.0
RHPC,5/6/2021,265.0,265.0,239.0,252.0,-0.4,298123.0,1118.0,69.0
RHPC,5/9/2021,248.0,270.0,241.0,255.0,1.19,218388.0,1118.0,69.0
RHPC,5/10/2021,252.0,261.0,251.0,257.0,0.78,103117.0,1118.0,69.0
RHPC,5/11/2021,253.0,276.0,253.0,272.0,5.84,155746.0,1118.0,69.0
RHPC,5/12/2021,284.0,292.0,274.0,287.0,5.51,132669.0,1118.0,69.0
RHPC,5/13/2021,275.0,295.0,275.0,281.0,-2.09,174471.0,1118.0,69.0
RHPC,5/16/2021,295.0,295.0,275.0,288.0,2.49,189501.0,1118.0,69.0
RHPC,5/17/2021,302.0,316.0,288.0,316.0,9.72,288773.0,1118.0,69.0
RHPC,5/18/2021,331.0,347.0,319.0,347.0,9.81,123165.0,1118.0,69.0
RHPC,5/19/2021,364.0,364.0,331.0,344.0,-0.86,171761.0,1118.0,69.0
RHPC,5/20/2021,350.0,377.0,335.0,366.0,6.4,260139.0,1118.0,69.0
RHPC,5/23/2021,384.0,384.0,349.0,361.0,-1.37,158653.0,1118.0,69.0
RHPC,5/24/2021,379.0,379.0,345.0,353.0,-2.22,169724.0,1118.0,69.0
RHPC,5/25/2021,370.0,384.0,349.0,371.0,5.1,166830.0,1118.0,69.0
RHPC,5/27/2021,365.0,408.0,360.0,408.0,9.97,268446.0,1118.0,69.0
RHPC,5/30/2021,408.0,430.0,388.0,400.0,-1.96,271931.0,1118.0,69.0
RHPC,5/31/2021,420.0,420.0,367.0,368.0,-8.0,148067.0,1118.0,69.0
RHPC,6/1/2021,386.0,386.0,355.0,371.0,0.82,104453.0,1118.0,69.0
RHPC,6/2/2021,360.0,391.0,360.0,386.0,4.04,77692.0,1118.0,69.0
RHPC,6/3/2021,386.0,408.0,386.0,395.0,2.33,277663.0,1118.0,69.0
RHPC,6/6/2021,414.0,434.0,396.0,434.0,9.87,287176.0,1118.0,69.0
RHPC,6/7/2021,455.0,477.0,455.0,477.0,9.91,66636.0,1118.0,69.0
RHPC,6/8/2021,500.0,524.0,500.0,524.0,9.85,29475.0,1118.0,69.0
RHPC,6/9/2021,550.0,576.0,550.0,576.0,9.92,334179.0,1118.0,69.0
RHPC,6/10/2021,604.0,633.0,567.0,633.0,9.9,562704.0,1118.0,69.0
RHPC,6/13/2021,664.0,696.0,613.0,682.0,7.74,285677.0,1118.0,69.0
RHPC,6/14/2021,700.0,700.0,637.0,657.0,-3.67,382355.0,1118.0,69.0
RHPC,6/15/2021,689.0,689.0,627.0,630.0,-4.11,147784.0,1118.0,69.0
RHPC,6/16/2021,599.0,624.0,567.0,592.0,-6.03,264112.0,1118.0,69.0
RHPC,6/17/2021,592.0,605.0,563.0,580.0,-2.03,110509.0,1118.0,69.0
RHPC,6/20/2021,609.0,609.0,532.0,548.0,-5.52,95615.0,1118.0,69.0
RHPC,6/21/2021,575.0,575.0,512.0,514.0,-6.2,145262.0,1118.0,69.0
RHPC,6/22/2021,514.0,559.0,510.0,554.0,7.78,101345.0,1118.0,69.0
RHPC,6/23/2021,543.0,586.0,533.0,547.0,-1.26,109753.0,1118.0,69.0
RHPC,6/24/2021,525.0,585.0,525.0,559.0,2.19,116002.0,1118.0,69.0
RHPC,6/27/2021,532.0,610.0,532.0,594.0,6.26,150760.0,1118.0,69.0
RHPC,6/28/2021,595.0,595.0,569.0,569.0,-4.21,68173.0,1118.0,69.0
RHPC,6/29/2021,562.0,575.0,520.0,535.0,-5.98,36418.0,1118.0,69.0
RHPC,6/30/2021,535.0,559.0,516.0,549.0,2.62,32057.0,1118.0,69.0
RHPC,7/1/2021,559.0,569.0,529.0,544.0,-0.91,33721.0,1118.0,69.0
RHPC,7/4/2021,540.0,550.0,530.0,531.0,-2.39,95999.0,1118.0,69.0
RHPC,7/5/2021,527.0,535.0,515.0,535.0,0.75,49571.0,1118.0,69.0
RHPC,7/6/2021,530.0,535.0,511.0,513.0,-4.11,28673.0,1118.0,69.0
RHPC,7/7/2021,518.0,523.0,498.0,498.0,-2.92,70200.0,1118.0,69.0
RHPC,7/8/2021,474.0,511.0,474.0,506.0,1.61,38415.0,1118.0,69.0
RHPC,7/11/2021,516.0,539.0,513.0,534.0,5.53,27779.0,1118.0,69.0
RHPC,7/12/2021,545.0,565.0,505.0,523.0,-2.06,51991.0,1118.0,69.0
RHPC,7/13/2021,497.0,540.0,497.0,535.0,2.29,35140.0,1118.0,69.0
RHPC,7/14/2021,536.0,571.0,526.0,560.0,4.67,40307.0,1118.0,69.0
RHPC,7/15/2021,567.0,582.0,550.0,576.0,2.86,86366.0,1118.0,69.0
RHPC,7/18/2021,587.0,587.0,560.0,568.0,-1.39,55224.0,1118.0,69.0
RHPC,7/19/2021,578.0,589.5,553.0,555.0,-2.29,54287.0,1118.0,69.0
RHPC,7/20/2021,566.0,575.0,544.0,571.0,2.88,62688.0,1118.0,69.0
RHPC,7/22/2021,572.0,586.0,556.0,556.0,-2.63,55536.0,1118.0,69.0
RHPC,7/25/2021,560.0,575.0,557.0,560.0,0.72,72728.0,1118.0,69.0
RHPC,7/26/2021,571.0,616.0,571.0,616.0,10.0,150757.0,1118.0,69.0
RHPC,7/27/2021,628.3,666.0,625.0,635.0,3.08,140972.0,1118.0,69.0
RHPC,7/28/2021,647.7,673.0,611.0,663.0,4.41,213725.0,1118.0,69.0
RHPC,7/29/2021,663.0,729.3,652.0,729.0,9.95,313954.0,1118.0,69.0
RHPC,8/1/2021,743.0,750.0,708.0,730.0,0.14,280517.0,1118.0,69.0
RHPC,8/2/2021,740.0,759.4,720.0,744.0,1.92,393477.0,1118.0,69.0
RHPC,8/3/2021,746.0,769.0,726.0,759.0,2.02,137133.0,1118.0,69.0
RHPC,8/4/2021,763.0,775.0,740.0,760.0,0.13,186882.0,1118.0,69.0
RHPC,8/5/2021,775.2,775.2,721.0,721.0,-5.13,166005.0,1118.0,69.0
RHPC,8/8/2021,721.0,780.0,715.0,764.0,5.96,261351.0,1118.0,69.0
RHPC,8/9/2021,779.0,779.2,749.0,770.0,0.79,269678.0,1118.0,69.0
RHPC,8/10/2021,785.4,800.0,760.0,781.0,1.43,221190.0,1118.0,69.0
RHPC,8/11/2021,796.6,859.1,784.0,859.1,10.0,442320.0,1118.0,69.0
RHPC,8/12/2021,876.0,920.0,841.0,880.0,2.43,334036.0,1118.0,69.0
RHPC,8/15/2021,880.0,880.0,792.0,805.0,-8.52,733588.0,1118.0,69.0
RHPC,8/16/2021,788.9,885.5,788.9,885.5,10.0,465664.0,1118.0,69.0
RHPC,8/17/2021,903.2,974.0,903.2,974.0,9.99,571841.0,1118.0,69.0
RHPC,8/18/2021,993.0,1032.0,942.0,955.0,-1.95,402420.0,1118.0,69.0
RHPC,8/19/2021,960.0,1044.0,923.0,1037.0,8.59,593273.0,1118.0,69.0
RHPC,8/24/2021,1057.7,1118.0,1017.1,1072.0,3.38,438669.0,1118.0,69.0
RHPC,8/25/2021,1075.0,1075.0,1016.0,1034.0,-3.54,469412.0,1118.0,69.0
RHPC,8/26/2021,1054.6,1095.0,1030.6,1063.0,2.8,324878.0,1118.0,69.0
RHPC,8/29/2021,1084.2,1105.0,1036.0,1044.0,-1.79,233130.0,1118.0,69.0
RHPC,8/31/2021,1064.8,1064.8,980.0,985.0,-5.65,252337.0,1118.0,69.0
RHPC,9/1/2021,995.0,1030.0,968.0,979.0,-0.61,224342.0,1118.0,69.0
RHPC,9/2/2021,998.5,1000.0,940.0,944.0,-3.58,168494.0,1118.0,69.0
RHPC,9/5/2021,962.8,962.8,856.0,861.0,-8.79,250391.0,1118.0,69.0
RHPC,9/6/2021,860.0,947.1,846.0,947.0,9.99,189690.0,1118.0,69.0
RHPC,9/7/2021,960.0,993.4,913.4,978.0,3.27,167429.0,1118.0,69.0
RHPC,9/8/2021,958.5,1032.2,945.0,1008.0,3.07,240223.0,1118.0,69.0
RHPC,9/9/2021,1028.0,1028.0,948.8,955.0,-5.26,507644.0,1118.0,69.0
RHPC,9/12/2021,974.0,974.1,942.0,967.9,1.35,227293.0,1118.0,69.0
RHPC,9/13/2021,970.0,970.0,910.0,925.0,-4.43,202661.0,1118.0,69.0
RHPC,9/14/2021,925.0,947.0,910.0,931.0,0.65,120782.0,1118.0,69.0
RHPC,9/15/2021,929.0,933.0,900.0,910.0,-2.26,97878.0,1118.0,69.0
RHPC,9/16/2021,910.0,910.0,862.0,885.0,-2.75,322765.0,1118.0,69.0
RHPC,9/20/2021,902.7,902.7,800.0,800.1,-9.59,174021.0,1118.0,69.0
RHPC,9/21/2021,800.0,835.0,785.0,808.9,1.1,174685.0,1118.0,69.0
RHPC,9/22/2021,825.0,865.0,824.0,851.1,5.22,130617.0,1118.0,69.0
RHPC,9/23/2021,868.1,885.3,837.1,841.3,-1.15,156475.0,1118.0,69.0
RHPC,9/26/2021,855.0,870.0,810.1,814.0,-3.24,124179.0,1118.0,69.0
RHPC,9/27/2021,830.0,847.0,777.0,800.0,-1.72,141800.0,1118.0,69.0
RHPC,9/28/2021,784.0,806.0,744.0,759.0,-5.13,126617.0,1118.0,69.0
RHPC,9/29/2021,743.9,779.9,733.1,776.0,2.24,183203.0,1118.0,69.0
RHPC,9/30/2021,760.5,796.0,735.0,749.0,-3.48,92867.0,1118.0,69.0
RHPC,10/3/2021,763.0,763.0,695.0,698.0,-6.81,199274.0,1118.0,69.0
RHPC,10/4/2021,711.9,715.3,674.0,714.0,2.29,102153.0,1118.0,69.0
RHPC,10/5/2021,728.2,728.2,691.4,699.0,-2.1,92296.0,1118.0,69.0
RHPC,10/6/2021,709.0,712.9,675.1,683.9,-2.16,100455.0,1118.0,69.0
RHPC,10/10/2021,697.5,697.5,637.0,640.0,-6.42,86607.0,1118.0,69.0
RHPC,10/11/2021,640.0,640.0,607.6,632.0,-1.25,65722.0,1118.0,69.0
RHPC,10/17/2021,644.0,645.0,621.0,630.0,-0.32,9906.0,1118.0,69.0
RHPC,10/18/2021,618.0,623.0,607.0,617.1,-2.05,67036.0,1118.0,69.0
RHPC,10/19/2021,629.4,629.4,577.0,589.0,-4.55,69586.0,1118.0,69.0
RHPC,10/20/2021,600.7,626.0,580.0,625.0,6.11,60521.0,1118.0,69.0
RHPC,10/21/2021,633.9,633.9,607.0,619.0,-0.96,41891.0,1118.0,69.0
RHPC,10/24/2021,631.3,680.9,622.0,680.9,10.0,95313.0,1118.0,69.0
RHPC,10/25/2021,694.5,735.0,694.0,714.0,4.86,108942.0,1118.0,69.0
RHPC,10/26/2021,728.2,740.0,691.0,719.9,0.83,155657.0,1118.0,69.0
RHPC,10/27/2021,720.0,744.0,700.0,725.0,0.71,129873.0,1118.0,69.0
RHPC,10/28/2021,730.0,797.5,721.0,797.5,10.0,151987.0,1118.0,69.0
RHPC,10/31/2021,813.4,829.8,786.1,819.0,2.7,159292.0,1118.0,69.0
RHPC,11/1/2021,822.0,830.0,773.1,776.0,-5.25,230286.0,1118.0,69.0
RHPC,11/2/2021,772.0,852.0,746.1,840.0,8.25,241331.0,1118.0,69.0
RHPL,8/11/2019,210.0,219.0,207.0,214.0,,217982.0,325.0,156.0
RHPL,8/12/2019,212.0,216.0,210.0,212.0,-0.93,120516.0,325.0,156.0
RHPL,8/13/2019,212.0,215.0,210.0,211.0,-0.47,67725.0,325.0,156.0
RHPL,8/14/2019,209.0,212.0,207.0,208.0,-1.42,75889.0,325.0,156.0
RHPL,8/15/2019,204.0,212.0,204.0,210.0,0.96,42895.0,325.0,156.0
RHPL,8/18/2019,210.0,211.0,205.0,205.0,-2.38,82602.0,325.0,156.0
RHPL,8/19/2019,205.0,208.0,200.0,206.0,0.49,105338.0,325.0,156.0
RHPL,8/20/2019,206.0,207.0,200.0,207.0,0.49,81600.0,325.0,156.0
RHPL,8/21/2019,203.0,204.0,200.0,200.0,-3.38,47080.0,325.0,156.0
RHPL,8/22/2019,200.0,203.0,200.0,200.0,0.0,31447.0,325.0,156.0
RHPL,8/25/2019,200.0,202.0,192.0,195.0,-2.5,55104.0,325.0,156.0
RHPL,8/26/2019,195.0,195.0,187.0,187.0,-4.1,45230.0,325.0,156.0
RHPL,8/27/2019,187.0,195.0,185.0,191.0,2.14,27836.0,325.0,156.0
RHPL,8/28/2019,188.0,190.0,184.0,185.0,-3.14,15595.0,325.0,156.0
RHPL,8/29/2019,182.0,187.0,182.0,185.0,0.0,31482.0,325.0,156.0
RHPL,9/1/2019,185.0,185.0,174.0,174.0,-5.95,39290.0,325.0,156.0
RHPL,9/2/2019,172.0,174.0,170.0,173.0,-0.57,32525.0,325.0,156.0
RHPL,9/3/2019,173.0,179.0,167.0,179.0,3.47,31313.0,325.0,156.0
RHPL,9/4/2019,181.0,181.0,172.0,177.0,-1.12,25040.0,325.0,156.0
RHPL,9/5/2019,177.0,177.0,171.0,173.0,-2.26,31245.0,325.0,156.0
RHPL,9/8/2019,173.0,176.0,168.0,168.0,-2.89,19940.0,325.0,156.0
RHPL,9/9/2019,170.0,170.0,166.0,166.0,-1.19,22735.0,325.0,156.0
RHPL,9/10/2019,166.0,170.0,160.0,161.0,-3.01,45858.0,325.0,156.0
RHPL,9/11/2019,161.0,164.0,160.0,161.0,0.0,20610.0,325.0,156.0
RHPL,9/12/2019,158.0,162.0,158.0,158.0,-1.86,28131.0,325.0,156.0
RHPL,9/15/2019,158.0,159.0,152.0,154.0,-2.53,56655.0,325.0,156.0
RHPL,9/16/2019,152.0,159.0,151.0,155.0,0.65,38818.0,325.0,156.0
RHPL,9/17/2019,155.0,170.0,153.0,167.0,7.74,73396.0,325.0,156.0
RHPL,9/18/2019,168.0,172.0,162.0,169.0,1.2,78420.0,325.0,156.0
RHPL,9/19/2019,168.0,169.0,164.0,165.0,-2.37,27410.0,325.0,156.0
RHPL,9/22/2019,163.0,163.0,155.0,155.0,-6.06,32550.0,325.0,156.0
RHPL,9/23/2019,155.0,161.0,153.0,154.0,-0.65,27512.0,325.0,156.0
RHPL,9/24/2019,153.0,156.0,153.0,155.0,0.65,14940.0,325.0,156.0
RHPL,9/25/2019,153.0,159.0,153.0,157.0,1.29,23697.0,325.0,156.0
RHPL,9/26/2019,155.0,161.0,155.0,157.0,0.0,29355.0,325.0,156.0
RHPL,9/29/2019,155.0,161.0,155.0,156.0,-0.64,25010.0,325.0,156.0
RHPL,9/30/2019,156.0,161.0,156.0,160.0,2.56,10185.0,325.0,156.0
RHPL,10/1/2019,160.0,161.0,158.0,159.0,-0.62,14012.0,325.0,156.0
RHPL,10/2/2019,159.0,162.0,157.0,158.0,-0.63,14100.0,325.0,156.0
RHPL,10/3/2019,161.0,161.0,158.0,160.0,1.27,18535.0,325.0,156.0
RHPL,10/10/2019,158.0,162.0,158.0,161.0,0.63,5720.0,325.0,156.0
RHPL,10/14/2019,163.0,163.0,158.0,158.0,-1.86,6600.0,325.0,156.0
RHPL,10/15/2019,160.0,161.0,159.0,159.0,0.63,8600.0,325.0,156.0
RHPL,10/16/2019,159.0,163.0,159.0,161.0,1.26,15173.0,325.0,156.0
RHPL,10/17/2019,161.0,167.0,158.0,167.0,3.73,17962.0,325.0,156.0
RHPL,10/20/2019,167.0,167.0,161.0,166.0,-0.6,20430.0,325.0,156.0
RHPL,10/21/2019,166.0,166.0,163.0,165.0,-0.6,12250.0,325.0,156.0
RHPL,10/22/2019,165.0,174.0,163.0,169.0,2.42,22444.0,325.0,156.0
RHPL,10/23/2019,169.0,180.0,167.0,174.0,2.96,26193.0,325.0,156.0
RHPL,10/24/2019,175.0,182.0,172.0,180.0,3.45,63175.0,325.0,156.0
RHPL,10/31/2019,181.0,184.0,172.0,175.0,-2.78,22420.0,325.0,156.0
RHPL,11/3/2019,175.0,177.0,170.0,171.0,-2.29,23491.0,325.0,156.0
RHPL,11/4/2019,171.0,174.0,169.0,172.0,0.58,14780.0,325.0,156.0
RHPL,11/5/2019,171.0,173.0,170.0,171.0,-0.58,10196.0,325.0,156.0
RHPL,11/6/2019,170.0,173.0,170.0,172.0,0.58,13085.0,325.0,156.0
RHPL,11/7/2019,172.0,172.0,169.0,171.0,-0.58,9850.0,325.0,156.0
RHPL,11/10/2019,170.0,172.0,167.0,172.0,0.58,23095.0,325.0,156.0
RHPL,11/11/2019,175.0,176.0,168.0,170.0,-1.16,23960.0,325.0,156.0
RHPL,11/12/2019,167.0,170.0,167.0,168.0,-1.18,16365.0,325.0,156.0
RHPL,11/13/2019,167.0,169.0,166.0,167.0,-0.6,14885.0,325.0,156.0
RHPL,11/14/2019,167.0,170.0,166.0,169.0,1.2,29211.0,325.0,156.0
RHPL,11/17/2019,169.0,169.0,166.0,166.0,-1.78,23170.0,325.0,156.0
RHPL,11/18/2019,165.0,166.0,162.0,166.0,0.0,13089.0,325.0,156.0
RHPL,11/19/2019,164.0,165.0,163.0,163.0,-1.81,9551.0,325.0,156.0
RHPL,11/20/2019,162.0,169.0,162.0,164.0,0.61,11875.0,325.0,156.0
RHPL,11/21/2019,164.0,166.0,162.0,166.0,1.22,16819.0,325.0,156.0
RHPL,11/24/2019,167.0,167.0,162.0,163.0,-1.81,5791.0,325.0,156.0
RHPL,11/25/2019,162.0,164.0,162.0,163.0,0.0,15870.0,325.0,156.0
RHPL,11/26/2019,163.0,163.0,162.0,162.0,-0.61,14800.0,325.0,156.0
RHPL,11/27/2019,162.0,166.0,161.0,164.0,1.23,9754.0,325.0,156.0
RHPL,11/28/2019,165.0,166.0,163.0,163.0,-0.61,8200.0,325.0,156.0
RHPL,12/1/2019,163.0,165.0,163.0,164.0,0.61,9217.0,325.0,156.0
RHPL,12/2/2019,166.0,169.0,164.0,166.0,1.22,17920.0,325.0,156.0
RHPL,12/3/2019,167.0,171.0,166.0,169.0,1.81,22080.0,325.0,156.0
RHPL,12/4/2019,169.0,175.0,169.0,172.0,1.78,18185.0,325.0,156.0
RHPL,12/5/2019,172.0,175.0,170.0,173.0,0.58,15070.0,325.0,156.0
RHPL,12/8/2019,170.0,172.0,169.0,171.0,-1.16,10250.0,325.0,156.0
RHPL,12/9/2019,171.0,177.0,170.0,172.0,0.58,18712.0,325.0,156.0
RHPL,12/10/2019,174.0,177.0,171.0,171.0,-0.58,18560.0,325.0,156.0
RHPL,12/11/2019,170.0,176.0,170.0,173.0,1.17,11020.0,325.0,156.0
RHPL,12/12/2019,172.0,185.0,172.0,179.0,3.47,32795.0,325.0,156.0
RHPL,12/15/2019,180.0,182.0,174.0,176.0,-1.68,23055.0,325.0,156.0
RHPL,12/16/2019,173.0,177.0,171.0,172.0,-2.27,13736.0,325.0,156.0
RHPL,12/17/2019,169.0,178.0,169.0,172.0,0.0,14180.0,325.0,156.0
RHPL,12/18/2019,173.0,173.0,170.0,171.0,-0.58,10250.0,325.0,156.0
RHPL,12/19/2019,171.0,174.0,170.0,173.0,1.17,8010.0,325.0,156.0
RHPL,12/22/2019,170.0,173.0,170.0,172.0,-0.58,20610.0,325.0,156.0
RHPL,12/23/2019,172.0,178.0,170.0,175.0,1.74,30561.0,325.0,156.0
RHPL,12/24/2019,176.0,179.0,168.0,171.0,-2.29,14638.0,325.0,156.0
RHPL,12/25/2019,171.0,173.0,171.0,172.0,0.58,5130.0,325.0,156.0
RHPL,12/26/2019,172.0,175.0,170.0,171.0,-0.58,20065.0,325.0,156.0
RHPL,12/29/2019,172.0,173.0,167.0,169.0,-1.17,28610.0,325.0,156.0
RHPL,12/30/2019,170.0,170.0,168.0,168.0,-0.59,8759.0,325.0,156.0
RHPL,12/31/2019,168.0,170.0,167.0,170.0,1.19,10890.0,325.0,156.0
RHPL,1/1/2020,170.0,171.0,167.0,169.0,-0.59,22030.0,325.0,156.0
RHPL,1/2/2020,169.0,171.0,168.0,168.0,-0.59,11515.0,325.0,156.0
RHPL,1/5/2020,165.0,172.0,165.0,169.0,0.6,20910.0,325.0,156.0
RHPL,1/6/2020,169.0,175.0,168.0,169.0,0.0,17250.0,325.0,156.0
RHPL,1/7/2020,172.0,176.0,169.0,174.0,2.96,31644.0,325.0,156.0
RHPL,1/8/2020,175.0,175.0,168.0,170.0,-2.3,37322.0,325.0,156.0
RHPL,1/9/2020,170.0,173.0,168.0,168.0,-1.18,30700.0,325.0,156.0
RHPL,1/12/2020,170.0,175.0,168.0,172.0,2.38,26900.0,325.0,156.0
RHPL,1/13/2020,172.0,183.0,172.0,183.0,6.4,78955.0,325.0,156.0
RHPL,1/14/2020,180.0,180.0,171.0,174.0,-4.92,48478.0,325.0,156.0
RHPL,1/15/2020,175.0,181.0,173.0,175.0,0.57,41940.0,325.0,156.0
RHPL,1/16/2020,175.0,180.0,175.0,176.0,0.57,59895.0,325.0,156.0
RHPL,1/19/2020,176.0,188.0,173.0,178.0,1.14,80225.0,325.0,156.0
RHPL,1/20/2020,180.0,181.0,174.0,174.0,-2.25,30529.0,325.0,156.0
RHPL,1/21/2020,176.0,177.0,171.0,173.0,-0.57,33962.0,325.0,156.0
RHPL,1/22/2020,175.0,175.0,169.0,171.0,-1.16,27860.0,325.0,156.0
RHPL,1/23/2020,170.0,173.0,167.0,168.0,-1.75,33110.0,325.0,156.0
RHPL,1/26/2020,166.0,169.0,166.0,166.0,-1.19,21180.0,325.0,156.0
RHPL,1/27/2020,165.0,174.0,165.0,173.0,4.22,15197.0,325.0,156.0
RHPL,1/28/2020,170.0,172.0,166.0,166.0,-4.05,23380.0,325.0,156.0
RHPL,1/29/2020,165.0,170.0,165.0,165.0,-0.6,25950.0,325.0,156.0
RHPL,1/30/2020,164.0,168.0,164.0,164.0,-0.61,36248.0,325.0,156.0
RHPL,2/2/2020,167.0,167.0,164.0,164.0,0.0,21978.0,325.0,156.0
RHPL,2/3/2020,166.0,178.0,164.0,178.0,8.54,123950.0,325.0,156.0
RHPL,2/4/2020,176.0,180.0,172.0,175.0,-1.69,54000.0,325.0,156.0
RHPL,2/5/2020,172.0,174.0,167.0,169.0,-3.43,24340.0,325.0,156.0
RHPL,2/6/2020,167.0,171.0,167.0,167.0,-1.18,27888.0,325.0,156.0
RHPL,2/9/2020,169.0,171.0,167.0,168.0,0.6,11708.0,325.0,156.0
RHPL,2/10/2020,171.0,171.0,167.0,170.0,1.19,18210.0,325.0,156.0
RHPL,2/11/2020,168.0,173.0,167.0,168.0,-1.18,23800.0,325.0,156.0
RHPL,2/12/2020,171.0,171.0,167.0,167.0,-0.6,10010.0,325.0,156.0
RHPL,2/13/2020,165.0,168.0,165.0,165.0,-1.2,22940.0,325.0,156.0
RHPL,2/16/2020,164.0,171.0,164.0,171.0,3.64,16365.0,325.0,156.0
RHPL,2/17/2020,170.0,173.0,168.0,170.0,-0.58,19219.0,325.0,156.0
RHPL,2/18/2020,169.0,173.0,165.0,166.0,-2.35,31820.0,325.0,156.0
RHPL,2/19/2020,164.0,169.0,164.0,166.0,0.0,13810.0,325.0,156.0
RHPL,2/20/2020,166.0,170.0,164.0,167.0,0.6,35796.0,325.0,156.0
RHPL,2/23/2020,170.0,172.0,164.0,168.0,0.6,27530.0,325.0,156.0
RHPL,2/24/2020,169.0,173.0,166.0,167.0,-0.6,40056.0,325.0,156.0
RHPL,2/25/2020,165.0,176.0,165.0,172.0,2.99,51358.0,325.0,156.0
RHPL,2/26/2020,175.0,179.0,170.0,172.0,0.0,54682.0,325.0,156.0
RHPL,2/27/2020,169.0,172.0,167.0,169.0,-1.74,28372.0,325.0,156.0
RHPL,3/1/2020,167.0,173.0,167.0,169.0,0.0,44589.0,325.0,156.0
RHPL,3/2/2020,172.0,172.0,162.0,164.0,-2.96,16817.0,325.0,156.0
RHPL,3/3/2020,162.0,170.0,155.0,164.0,0.0,44785.0,325.0,156.0
RHPL,3/4/2020,161.0,167.0,159.0,161.0,-1.83,56028.0,325.0,156.0
RHPL,3/5/2020,160.0,161.0,158.0,161.0,0.0,35704.0,325.0,156.0
RHPL,3/10/2020,158.0,161.0,152.0,152.0,-5.59,17960.0,325.0,156.0
RHPL,3/11/2020,150.0,165.0,150.0,157.0,3.29,30807.0,325.0,156.0
RHPL,3/12/2020,154.0,160.0,153.0,156.0,-0.64,34884.0,325.0,156.0
RHPL,3/15/2020,153.0,155.0,150.0,153.0,-1.92,21965.0,325.0,156.0
RHPL,3/16/2020,147.0,157.0,147.0,153.0,0.0,23835.0,325.0,156.0
RHPL,3/17/2020,153.0,156.0,150.0,153.0,0.0,24045.0,325.0,156.0
RHPL,3/18/2020,151.0,153.0,148.0,151.0,-1.31,10790.0,325.0,156.0
RHPL,3/19/2020,148.0,155.0,144.0,151.0,0.0,21551.0,325.0,156.0
RHPL,3/22/2020,154.0,154.0,151.0,153.0,1.32,10240.0,325.0,156.0
RHPL,5/13/2020,152.0,152.0,149.0,149.0,-2.61,290.0,325.0,156.0
RHPL,6/29/2020,147.0,147.0,137.0,137.0,-8.05,2000.0,325.0,156.0
RHPL,6/30/2020,136.0,143.0,136.0,143.0,4.38,1342.0,325.0,156.0
RHPL,7/1/2020,145.0,148.0,145.0,148.0,3.5,330.0,325.0,156.0
RHPL,7/2/2020,150.0,150.0,145.0,145.0,-2.03,9848.0,325.0,156.0
RHPL,7/5/2020,145.0,147.0,143.0,144.0,-0.69,8195.0,325.0,156.0
RHPL,7/6/2020,142.0,148.0,141.0,146.0,1.39,11670.0,325.0,156.0
RHPL,7/7/2020,144.0,153.0,144.0,152.0,4.11,16406.0,325.0,156.0
RHPL,7/8/2020,149.0,150.0,146.0,149.0,-1.97,15049.0,325.0,156.0
RHPL,7/9/2020,148.0,149.0,145.0,148.0,-0.67,9540.0,325.0,156.0
RHPL,7/12/2020,146.0,153.0,146.0,148.0,0.0,12210.0,325.0,156.0
RHPL,7/13/2020,148.0,153.0,147.0,152.0,2.7,13937.0,325.0,156.0
RHPL,7/14/2020,155.0,155.0,152.0,152.0,0.0,22418.0,325.0,156.0
RHPL,7/15/2020,151.0,152.0,150.0,150.0,-1.32,16698.0,325.0,156.0
RHPL,7/16/2020,150.0,151.0,148.0,150.0,0.0,6675.0,325.0,156.0
RHPL,7/20/2020,150.0,158.0,148.0,150.0,0.0,8117.0,325.0,156.0
RHPL,7/21/2020,148.0,150.0,146.0,147.0,-2.0,15830.0,325.0,156.0
RHPL,7/22/2020,146.0,149.0,144.0,144.0,-2.04,13920.0,325.0,156.0
RHPL,7/23/2020,143.0,149.0,143.0,149.0,3.47,15310.0,325.0,156.0
RHPL,7/26/2020,147.0,151.0,143.0,145.0,-2.68,12210.0,325.0,156.0
RHPL,7/27/2020,145.0,146.0,142.0,142.0,-2.07,26864.0,325.0,156.0
RHPL,7/28/2020,141.0,146.0,140.0,144.0,1.41,33856.0,325.0,156.0
RHPL,7/29/2020,146.0,147.0,142.0,144.0,0.0,14590.0,325.0,156.0
RHPL,7/30/2020,144.0,148.0,142.0,146.0,1.39,13915.0,325.0,156.0
RHPL,8/2/2020,144.0,146.0,143.0,143.0,-2.05,10680.0,325.0,156.0
RHPL,8/3/2020,142.0,145.0,142.0,144.0,0.7,10721.0,325.0,156.0
RHPL,8/5/2020,142.0,146.0,142.0,144.0,0.0,8390.0,325.0,156.0
RHPL,8/6/2020,144.0,146.0,142.0,144.0,0.0,14409.0,325.0,156.0
RHPL,8/9/2020,143.0,148.0,143.0,146.0,1.39,11970.0,325.0,156.0
RHPL,8/10/2020,144.0,151.0,144.0,149.0,2.05,24475.0,325.0,156.0
RHPL,8/11/2020,150.0,153.0,146.0,153.0,2.68,18730.0,325.0,156.0
RHPL,8/12/2020,150.0,153.0,147.0,149.0,-2.61,12167.0,325.0,156.0
RHPL,8/13/2020,147.0,151.0,146.0,149.0,0.0,16971.0,325.0,156.0
RHPL,8/16/2020,147.0,148.0,145.0,147.0,-1.34,16234.0,325.0,156.0
RHPL,8/17/2020,146.0,149.0,145.0,147.0,0.0,14610.0,325.0,156.0
RHPL,8/18/2020,145.0,150.0,145.0,147.0,0.0,12105.0,325.0,156.0
RHPL,8/19/2020,145.0,147.0,143.0,146.0,-0.68,9168.0,325.0,156.0
RHPL,8/20/2020,144.0,149.0,144.0,147.0,0.68,5951.0,325.0,156.0
RHPL,8/23/2020,149.0,150.0,143.0,146.0,-0.68,21009.0,325.0,156.0
RHPL,8/24/2020,146.0,146.0,143.0,145.0,-0.68,8440.0,325.0,156.0
RHPL,8/25/2020,147.0,148.0,145.0,147.0,1.38,9405.0,325.0,156.0
RHPL,8/26/2020,148.0,153.0,144.0,153.0,4.08,24508.0,325.0,156.0
RHPL,8/27/2020,153.0,153.0,146.0,147.0,-3.92,15980.0,325.0,156.0
RHPL,8/30/2020,145.0,153.0,145.0,153.0,4.08,6180.0,325.0,156.0
RHPL,8/31/2020,160.0,162.0,147.0,158.0,3.27,42161.0,325.0,156.0
RHPL,9/2/2020,165.0,173.0,160.0,173.0,9.49,80185.0,325.0,156.0
RHPL,9/3/2020,180.0,180.0,162.0,170.0,-1.73,77239.0,325.0,156.0
RHPL,9/6/2020,172.0,172.0,159.0,161.0,-5.29,55471.0,325.0,156.0
RHPL,9/7/2020,162.0,164.0,159.0,163.0,1.24,32645.0,325.0,156.0
RHPL,9/8/2020,160.0,168.0,159.0,163.0,0.0,11477.0,325.0,156.0
RHPL,9/9/2020,165.0,172.0,158.0,166.0,1.84,34141.0,325.0,156.0
RHPL,9/10/2020,174.0,177.0,167.0,169.0,1.81,24394.0,325.0,156.0
RHPL,9/13/2020,166.0,177.0,163.0,177.0,4.73,48236.0,325.0,156.0
RHPL,9/14/2020,175.0,181.0,169.0,174.0,-1.69,44180.0,325.0,156.0
RHPL,9/15/2020,171.0,173.0,170.0,171.0,-1.72,21248.0,325.0,156.0
RHPL,9/16/2020,174.0,185.0,168.0,179.0,4.68,38710.0,325.0,156.0
RHPL,9/17/2020,180.0,196.0,177.0,195.0,8.94,303625.0,325.0,156.0
RHPL,9/20/2020,195.0,196.0,179.0,184.0,-5.64,66408.0,325.0,156.0
RHPL,9/21/2020,182.0,190.0,176.0,184.0,0.0,57334.0,325.0,156.0
RHPL,9/22/2020,181.0,194.0,179.0,182.0,-1.09,87809.0,325.0,156.0
RHPL,9/23/2020,180.0,191.0,179.0,188.0,3.3,53324.0,325.0,156.0
RHPL,9/24/2020,186.0,203.0,186.0,198.0,5.32,184408.0,325.0,156.0
RHPL,9/27/2020,195.0,202.0,185.0,190.0,-4.04,92695.0,325.0,156.0
RHPL,9/28/2020,187.0,191.0,183.0,190.0,0.0,38470.0,325.0,156.0
RHPL,9/29/2020,187.0,199.0,186.0,194.0,2.11,49525.0,325.0,156.0
RHPL,9/30/2020,193.0,200.0,185.0,192.0,-1.03,47762.0,325.0,156.0
RHPL,10/1/2020,189.0,192.0,186.0,186.0,-3.12,58696.0,325.0,156.0
RHPL,10/4/2020,185.0,190.0,180.0,183.0,-1.61,34679.0,325.0,156.0
RHPL,10/5/2020,180.0,196.0,180.0,191.0,4.37,58069.0,325.0,156.0
RHPL,10/6/2020,188.0,210.0,188.0,210.0,9.95,209898.0,325.0,156.0
RHPL,10/7/2020,220.0,231.0,212.0,229.0,9.05,275749.0,325.0,156.0
RHPL,10/8/2020,230.0,245.0,212.0,214.0,-6.55,208332.0,325.0,156.0
RHPL,10/11/2020,224.0,228.0,210.0,214.0,0.0,165657.0,325.0,156.0
RHPL,10/12/2020,224.0,224.0,208.0,215.0,0.47,61740.0,325.0,156.0
RHPL,10/13/2020,214.0,217.0,207.0,210.0,-2.33,68635.0,325.0,156.0
RHPL,10/14/2020,206.0,214.0,202.0,209.0,-0.48,23840.0,325.0,156.0
RHPL,10/15/2020,210.0,216.0,205.0,209.0,0.0,32807.0,325.0,156.0
RHPL,10/18/2020,206.0,210.0,199.0,204.0,-2.39,28787.0,325.0,156.0
RHPL,10/19/2020,203.0,216.0,203.0,214.0,4.9,28607.0,325.0,156.0
RHPL,10/20/2020,214.0,226.0,214.0,219.0,2.34,47705.0,325.0,156.0
RHPL,10/21/2020,216.0,219.0,212.0,215.0,-1.83,44723.0,325.0,156.0
RHPL,10/22/2020,215.0,218.0,209.0,214.0,-0.47,37705.0,325.0,156.0
RHPL,10/28/2020,217.0,218.0,213.0,216.0,0.93,28913.0,325.0,156.0
RHPL,10/29/2020,210.0,223.0,210.0,216.0,0.0,26916.0,325.0,156.0
RHPL,11/1/2020,213.0,226.0,212.0,221.0,2.31,61523.0,325.0,156.0
RHPL,11/2/2020,220.0,222.0,215.0,220.0,-0.45,49255.0,325.0,156.0
RHPL,11/3/2020,216.0,219.0,215.0,218.0,-0.91,24016.0,325.0,156.0
RHPL,11/4/2020,218.0,218.0,214.0,215.0,-1.38,27344.0,325.0,156.0
RHPL,11/5/2020,218.0,224.0,215.0,218.0,1.4,46209.0,325.0,156.0
RHPL,11/8/2020,215.0,225.0,215.0,223.0,2.29,32946.0,325.0,156.0
RHPL,11/9/2020,224.0,225.0,216.0,220.0,-1.35,61850.0,325.0,156.0
RHPL,11/10/2020,216.0,224.0,216.0,219.0,-0.45,91446.0,325.0,156.0
RHPL,11/11/2020,215.0,224.0,215.0,221.0,0.91,26323.0,325.0,156.0
RHPL,11/12/2020,220.0,220.0,215.0,217.0,-1.81,37491.0,325.0,156.0
RHPL,11/18/2020,214.0,221.0,214.0,221.0,1.84,57307.0,325.0,156.0
RHPL,11/19/2020,223.0,223.0,216.0,221.0,0.0,78715.0,325.0,156.0
RHPL,11/22/2020,217.0,224.0,217.0,217.0,-1.81,78033.0,325.0,156.0
RHPL,11/23/2020,217.0,223.0,213.0,214.0,-1.38,57351.0,325.0,156.0
RHPL,11/24/2020,214.0,229.0,212.0,225.0,5.14,52829.0,325.0,156.0
RHPL,11/25/2020,220.0,233.0,220.0,233.0,3.56,79356.0,325.0,156.0
RHPL,11/26/2020,224.0,233.0,224.0,228.0,-2.15,41920.0,325.0,156.0
RHPL,11/29/2020,228.0,236.0,224.0,229.0,0.44,110183.0,325.0,156.0
RHPL,11/30/2020,233.0,251.0,231.0,251.0,9.61,109154.0,325.0,156.0
RHPL,12/1/2020,260.0,276.0,247.0,276.0,9.96,190694.0,325.0,156.0
RHPL,12/2/2020,289.0,303.0,279.0,292.0,5.8,199075.0,325.0,156.0
RHPL,12/3/2020,295.0,295.0,274.0,277.0,-5.14,178600.0,325.0,156.0
RHPL,12/6/2020,275.0,275.0,258.0,260.0,-6.14,115422.0,325.0,156.0
RHPL,12/7/2020,255.0,286.0,255.0,286.0,10.0,127729.0,325.0,156.0
RHPL,12/8/2020,300.0,314.0,289.0,314.0,9.79,299172.0,325.0,156.0
RHPL,12/9/2020,329.0,345.0,313.0,337.0,7.32,389411.0,325.0,156.0
RHPL,12/10/2020,337.0,340.0,304.0,308.0,-8.61,142852.0,325.0,156.0
RHPL,12/13/2020,302.0,305.0,286.0,301.0,-2.27,96152.0,325.0,156.0
RHPL,12/14/2020,300.0,307.0,289.0,294.0,-2.33,59235.0,325.0,156.0
RHPL,12/15/2020,294.0,296.0,289.0,291.0,-1.02,43755.0,325.0,156.0
RHPL,12/16/2020,288.0,293.0,283.0,288.0,-1.03,42350.0,325.0,156.0
RHPL,12/17/2020,283.0,286.0,268.0,280.0,-2.78,73753.0,325.0,156.0
RHPL,12/20/2020,280.0,293.0,261.0,261.0,-6.79,62410.0,325.0,156.0
RHPL,12/21/2020,256.0,270.0,236.0,255.0,-2.3,72901.0,325.0,156.0
RHPL,12/22/2020,255.0,280.0,255.0,280.0,9.8,60220.0,325.0,156.0
RHPL,12/23/2020,285.0,291.0,274.0,276.0,-1.43,25356.0,325.0,156.0
RHPL,12/24/2020,276.0,280.0,268.0,271.0,-1.81,31657.0,325.0,156.0
RHPL,12/27/2020,266.0,271.0,263.0,268.0,-1.11,38024.0,325.0,156.0
RHPL,12/28/2020,264.0,273.0,262.0,266.0,-0.75,23940.0,325.0,156.0
RHPL,12/29/2020,265.0,270.0,262.0,265.0,-0.38,30185.0,325.0,156.0
RHPL,12/30/2020,265.0,284.0,264.0,284.0,7.17,26470.0,325.0,156.0
RHPL,12/31/2020,286.0,289.0,275.0,279.0,-1.76,36238.0,325.0,156.0
RHPL,1/3/2021,276.0,292.0,276.0,290.0,3.94,49679.0,325.0,156.0
RHPL,1/4/2021,290.0,294.0,284.0,286.0,-1.38,32321.0,325.0,156.0
RHPL,1/5/2021,282.0,302.0,278.0,293.0,2.45,50015.0,325.0,156.0
RHPL,1/6/2021,297.0,297.0,285.0,291.0,-0.68,69375.0,325.0,156.0
RHPL,1/7/2021,286.0,298.0,280.0,284.0,-2.41,44980.0,325.0,156.0
RHPL,1/10/2021,284.0,290.0,284.0,285.0,0.35,16898.0,325.0,156.0
RHPL,1/11/2021,280.0,290.0,280.0,285.0,0.0,25375.0,325.0,156.0
RHPL,1/12/2021,287.0,307.0,282.0,306.0,7.37,108617.0,325.0,156.0
RHPL,1/13/2021,308.0,321.0,303.0,310.0,1.31,55868.0,325.0,156.0
RHPL,1/17/2021,310.0,310.0,300.0,302.0,-2.58,23701.0,325.0,156.0
RHPL,1/18/2021,300.0,307.0,298.0,304.0,0.66,45405.0,325.0,156.0
RHPL,1/19/2021,309.0,328.0,302.0,320.0,5.26,97968.0,325.0,156.0
RHPL,1/20/2021,320.0,346.0,320.0,340.0,6.25,165694.0,325.0,156.0
RHPL,1/21/2021,344.0,373.0,341.0,369.0,8.53,208068.0,325.0,156.0
RHPL,1/24/2021,369.0,402.0,350.0,400.0,8.4,242792.0,325.0,156.0
RHPL,1/25/2021,400.0,400.0,380.0,397.0,-0.75,280413.0,325.0,156.0
RHPL,1/26/2021,397.0,400.0,373.0,380.0,-4.28,139478.0,325.0,156.0
RHPL,1/27/2021,375.0,384.0,367.0,380.0,0.0,61281.0,325.0,156.0
RHPL,1/28/2021,374.0,382.0,371.0,374.0,-1.58,140811.0,325.0,156.0
RHPL,1/31/2021,367.0,370.0,359.0,367.0,-1.87,81285.0,325.0,156.0
RHPL,2/1/2021,366.0,375.0,365.0,371.0,1.09,51845.0,325.0,156.0
RHPL,2/2/2021,372.0,378.0,366.0,378.0,1.89,44923.0,325.0,156.0
RHPL,2/3/2021,380.0,394.0,375.0,377.0,-0.26,57736.0,325.0,156.0
RHPL,2/4/2021,372.0,389.0,370.0,382.0,1.33,58941.0,325.0,156.0
RHPL,2/7/2021,382.0,386.0,375.0,385.0,0.79,56771.0,325.0,156.0
RHPL,2/8/2021,404.0,404.0,375.0,380.0,-1.3,31054.0,325.0,156.0
RHPL,2/9/2021,379.0,380.0,371.0,372.0,-2.11,24950.0,325.0,156.0
RHPL,2/10/2021,366.0,376.0,366.0,371.0,-0.27,30217.0,325.0,156.0
RHPL,2/11/2021,370.0,375.0,366.0,370.0,-0.27,36675.0,325.0,156.0
RHPL,2/14/2021,363.0,371.0,360.0,362.0,-2.16,28012.0,325.0,156.0
RHPL,2/15/2021,369.0,383.0,363.0,378.0,4.42,23341.0,325.0,156.0
RHPL,2/16/2021,378.0,385.0,365.0,370.0,-2.12,28949.0,325.0,156.0
RHPL,2/17/2021,388.0,388.0,360.0,364.0,-1.62,44106.0,325.0,156.0
RHPL,2/18/2021,370.0,376.0,361.0,370.0,1.65,51659.0,325.0,156.0
RHPL,2/21/2021,377.0,407.0,362.0,387.0,4.59,160740.0,325.0,156.0
RHPL,2/22/2021,393.0,400.0,374.0,378.0,-2.33,37751.0,325.0,156.0
RHPL,2/23/2021,396.0,396.0,365.0,380.0,0.53,63516.0,325.0,156.0
RHPL,2/24/2021,381.0,392.0,362.0,375.0,-1.32,42361.0,325.0,156.0
RHPL,2/25/2021,369.0,380.0,365.0,368.0,-1.87,42653.0,325.0,156.0
RHPL,2/28/2021,365.0,367.0,358.0,359.0,-2.45,45076.0,325.0,156.0
RHPL,3/1/2021,359.0,372.0,358.0,364.0,1.39,17688.0,325.0,156.0
RHPL,3/2/2021,364.0,371.0,355.0,356.0,-2.2,73446.0,325.0,156.0
RHPL,3/3/2021,355.0,362.0,341.0,346.0,-2.81,27675.0,325.0,156.0
RHPL,3/4/2021,341.0,369.0,341.0,364.0,5.2,30042.0,325.0,156.0
RHPL,3/7/2021,360.0,370.0,358.0,364.0,0.0,21516.0,325.0,156.0
RHPL,3/9/2021,360.0,377.0,357.0,369.0,1.37,36192.0,325.0,156.0
RHPL,3/10/2021,365.0,370.0,362.0,364.0,-1.36,17557.0,325.0,156.0
RHPL,3/14/2021,382.0,382.0,358.0,363.0,-0.27,35954.0,325.0,156.0
RHPL,3/15/2021,381.0,381.0,355.0,360.0,-0.83,38783.0,325.0,156.0
RHPL,3/16/2021,353.0,374.0,353.0,356.0,-1.11,29870.0,325.0,156.0
RHPL,3/17/2021,373.0,373.0,353.0,362.0,1.69,13372.0,325.0,156.0
RHPL,3/18/2021,360.0,366.0,360.0,362.0,0.0,20445.0,325.0,156.0
RHPL,3/21/2021,359.0,365.0,357.0,362.0,0.0,30800.0,325.0,156.0
RHPL,3/22/2021,359.0,386.0,359.0,381.0,5.25,169184.0,325.0,156.0
RHPL,3/23/2021,388.0,419.0,381.0,419.0,9.97,335801.0,325.0,156.0
RHPL,3/24/2021,439.0,459.0,414.0,420.0,0.24,242025.0,325.0,156.0
RHPL,3/25/2021,420.0,420.0,398.0,403.0,-4.05,171847.0,325.0,156.0
RHPL,3/29/2021,395.0,417.0,395.0,402.0,-0.25,69743.0,325.0,156.0
RHPL,3/30/2021,397.0,432.0,397.0,421.0,4.73,107002.0,325.0,156.0
RHPL,3/31/2021,421.0,447.0,416.0,436.0,3.56,224193.0,325.0,156.0
RHPL,4/1/2021,457.0,478.0,425.0,470.0,7.8,333390.0,325.0,156.0
RHPL,4/4/2021,493.0,517.0,472.0,502.0,6.81,368576.0,325.0,156.0
RHPL,4/5/2021,517.0,517.0,481.0,490.0,-2.39,277684.0,325.0,156.0
RHPL,4/6/2021,490.0,538.0,472.0,536.0,9.39,285657.0,325.0,156.0
RHPL,4/7/2021,562.0,562.0,505.0,528.0,-1.49,291809.0,325.0,156.0
RHPL,4/8/2021,533.0,538.0,501.0,506.0,-4.17,121697.0,325.0,156.0
RHPL,4/12/2021,500.0,500.0,478.0,488.0,-3.56,175809.0,325.0,156.0
RHPL,4/13/2021,488.0,514.0,480.0,495.0,1.43,129208.0,325.0,156.0
RHPL,4/15/2021,504.0,504.0,484.0,486.0,-1.82,118813.0,325.0,156.0
RHPL,4/18/2021,510.0,510.0,475.0,480.0,-1.23,134611.0,325.0,156.0
RHPL,4/19/2021,480.0,501.0,470.0,474.0,-1.25,104682.0,325.0,156.0
RHPL,4/20/2021,466.0,480.0,465.0,479.0,1.05,62561.0,325.0,156.0
RHPL,4/21/2021,456.0,485.0,456.0,468.0,-2.3,71917.0,325.0,156.0
RHPL,4/22/2021,470.0,484.0,450.0,481.0,2.78,72557.0,325.0,156.0
RHPL,4/25/2021,481.0,481.0,453.0,456.0,-5.2,80151.0,325.0,156.0
RHPL,4/26/2021,456.0,459.0,427.0,431.0,-5.48,106895.0,325.0,156.0
RHPL,4/27/2021,423.0,453.0,416.0,451.0,4.64,74831.0,325.0,156.0
RHPL,4/28/2021,451.0,464.0,433.0,455.0,0.89,81037.0,325.0,156.0
RHPL,4/29/2021,455.0,482.0,450.0,479.0,5.27,112578.0,325.0,156.0
RHPL,5/2/2021,479.0,498.0,464.0,479.0,0.0,82859.0,325.0,156.0
RHPL,5/3/2021,485.0,487.0,463.0,463.0,-3.34,86965.0,325.0,156.0
RHPL,5/4/2021,463.0,475.0,461.0,469.0,1.3,53897.0,325.0,156.0
RHPL,5/5/2021,466.0,491.0,464.0,479.0,2.13,128786.0,325.0,156.0
RHPL,5/6/2021,485.0,485.0,470.0,472.0,-1.46,60447.0,325.0,156.0
RHPL,5/9/2021,470.0,473.0,461.0,465.0,-1.48,54672.0,325.0,156.0
RHPL,5/10/2021,460.0,474.0,455.0,466.0,0.22,40772.0,325.0,156.0
RHPL,5/11/2021,470.0,474.0,462.0,466.0,0.0,40174.0,325.0,156.0
RHPL,5/12/2021,466.0,475.0,466.0,470.0,0.86,51563.0,325.0,156.0
RHPL,5/13/2021,471.0,499.0,471.0,486.0,3.4,245015.0,325.0,156.0
RHPL,5/16/2021,491.0,510.0,490.0,497.0,2.26,243663.0,325.0,156.0
RHPL,5/17/2021,500.0,505.0,489.0,495.0,-0.4,172776.0,325.0,156.0
RHPL,5/18/2021,473.0,521.0,473.0,510.0,3.03,251248.0,325.0,156.0
RHPL,5/19/2021,520.0,523.0,489.0,491.0,-3.73,196142.0,325.0,156.0
RHPL,5/20/2021,495.0,498.0,483.0,486.0,-1.02,125957.0,325.0,156.0
RHPL,5/23/2021,480.0,500.0,469.0,488.0,0.41,90667.0,325.0,156.0
RHPL,5/24/2021,512.0,512.0,482.0,485.0,-0.61,67989.0,325.0,156.0
RHPL,5/25/2021,509.0,509.0,475.0,490.0,1.03,97550.0,325.0,156.0
RHPL,5/27/2021,500.0,514.0,480.0,504.0,2.86,388311.0,325.0,156.0
RHPL,5/30/2021,529.0,549.0,497.0,507.0,0.6,577020.0,325.0,156.0
RHPL,5/31/2021,532.0,532.0,478.0,485.0,-4.34,158057.0,325.0,156.0
RHPL,6/1/2021,492.0,494.0,468.0,474.0,-2.27,118600.0,325.0,156.0
RHPL,6/2/2021,497.0,497.0,462.0,486.0,2.53,88556.0,325.0,156.0
RHPL,6/3/2021,462.0,499.0,462.0,472.0,-2.88,158450.0,325.0,156.0
RHPL,6/6/2021,470.0,487.0,467.0,473.0,0.21,113698.0,325.0,156.0
RHPL,6/7/2021,451.0,485.0,451.0,476.0,0.63,146382.0,325.0,156.0
RHPL,6/8/2021,453.0,523.0,453.0,523.0,9.87,950570.0,325.0,156.0
RHPL,6/9/2021,549.0,549.0,509.0,520.0,-0.57,348346.0,325.0,156.0
RHPL,6/10/2021,513.0,530.0,511.0,517.0,-0.58,189578.0,325.0,156.0
RHPL,6/13/2021,517.0,568.0,507.0,565.0,9.28,668796.0,325.0,156.0
RHPL,6/14/2021,580.0,613.0,550.0,579.0,2.48,590954.0,325.0,156.0
RHPL,6/15/2021,580.0,588.0,539.0,548.0,-5.35,260366.0,325.0,156.0
RHPL,6/16/2021,521.0,537.0,494.0,500.0,-8.76,525400.0,325.0,156.0
RHPL,6/17/2021,475.0,510.0,475.0,498.0,-0.4,160645.0,325.0,156.0
RHPL,6/20/2021,495.0,500.0,469.0,478.0,-4.02,188842.0,325.0,156.0
RHPL,6/21/2021,478.0,478.0,445.0,447.0,-6.49,156349.0,325.0,156.0
RHPL,6/22/2021,450.0,476.0,440.0,475.0,6.26,100624.0,325.0,156.0
RHPL,6/23/2021,498.0,498.0,453.0,457.0,-3.79,127018.0,325.0,156.0
RHPL,6/24/2021,451.0,494.0,450.0,465.0,1.75,147782.0,325.0,156.0
RHPL,6/27/2021,471.0,490.0,466.0,467.0,0.43,87580.0,325.0,156.0
RHPL,6/28/2021,476.0,476.0,461.0,463.0,-0.86,51558.0,325.0,156.0
RHPL,6/29/2021,463.0,472.0,438.0,445.0,-3.89,142431.0,325.0,156.0
RHPL,6/30/2021,452.0,458.0,433.0,455.0,2.25,72915.0,325.0,156.0
RHPL,7/1/2021,464.0,464.0,446.0,451.0,-0.88,47147.0,325.0,156.0
RHPL,7/4/2021,459.0,468.0,443.0,444.0,-1.55,49646.0,325.0,156.0
RHPL,7/5/2021,422.0,451.0,422.0,439.0,-1.13,36546.0,325.0,156.0
RHPL,7/6/2021,447.0,447.0,429.0,429.0,-2.28,53151.0,325.0,156.0
RHPL,7/7/2021,428.0,437.0,423.0,430.0,0.23,35213.0,325.0,156.0
RHPL,7/8/2021,423.0,441.0,423.0,434.0,0.93,26949.0,325.0,156.0
RHPL,7/11/2021,440.0,452.0,433.0,450.0,3.69,86361.0,325.0,156.0
RHPL,7/12/2021,458.0,458.0,432.0,438.0,-2.67,58780.0,325.0,156.0
RHPL,7/13/2021,446.0,446.0,434.0,438.0,0.0,22757.0,325.0,156.0
RHPL,7/14/2021,440.0,464.0,430.0,464.0,5.94,128642.0,325.0,156.0
RHPL,7/15/2021,470.0,492.0,465.0,474.0,2.16,149350.0,325.0,156.0
RHPL,7/18/2021,482.0,488.0,475.0,480.0,1.27,97613.0,325.0,156.0
RHPL,7/19/2021,480.0,489.0,472.0,472.1,-1.65,115202.0,325.0,156.0
RHPL,7/20/2021,480.0,480.0,466.0,478.0,1.25,89997.0,325.0,156.0
RHPL,7/22/2021,478.0,496.0,472.0,480.0,0.42,144943.0,325.0,156.0
RHPL,7/25/2021,485.0,489.6,475.0,481.9,0.4,152513.0,325.0,156.0
RHPL,7/26/2021,483.0,529.0,483.0,523.0,8.53,390976.0,325.0,156.0
RHPL,7/27/2021,533.0,540.0,517.5,532.0,1.72,291682.0,325.0,156.0
RHPL,7/28/2021,533.0,534.0,507.0,511.0,-3.95,217753.0,325.0,156.0
RHPL,7/29/2021,511.0,523.1,501.0,507.0,-0.78,122214.0,325.0,156.0
RHPL,8/1/2021,502.0,522.0,501.2,520.0,2.56,188430.0,325.0,156.0
RHPL,8/2/2021,509.7,532.0,506.0,508.0,-2.31,181453.0,325.0,156.0
RHPL,8/3/2021,510.0,515.0,495.1,505.0,-0.59,184582.0,325.0,156.0
RHPL,8/4/2021,515.1,553.0,515.0,544.0,7.72,621871.0,325.0,156.0
RHPL,8/5/2021,554.8,554.8,518.0,521.0,-4.23,292367.0,325.0,156.0
RHPL,8/8/2021,525.0,537.5,511.0,522.0,0.19,285504.0,325.0,156.0
RHPL,8/9/2021,525.0,537.0,515.0,530.0,1.53,270724.0,325.0,156.0
RHPL,8/10/2021,535.0,537.0,512.0,515.0,-2.83,259953.0,325.0,156.0
RHPL,8/11/2021,525.0,566.0,523.5,553.0,7.38,440016.0,325.0,156.0
RHPL,8/12/2021,564.0,564.9,530.0,535.0,-3.25,384299.0,325.0,156.0
RHPL,8/15/2021,525.0,527.0,483.0,501.1,-6.34,518039.0,325.0,156.0
RHPL,8/16/2021,505.0,514.0,491.0,503.0,0.38,139261.0,325.0,156.0
RHPL,8/17/2021,505.0,529.2,505.0,512.0,1.79,292529.0,325.0,156.0
RHPL,8/18/2021,512.0,525.0,503.1,504.0,-1.56,245460.0,325.0,156.0
RHPL,8/19/2021,504.0,507.0,490.0,490.5,-2.68,170654.0,325.0,156.0
RHPL,8/24/2021,490.5,490.5,464.0,465.0,-5.2,165255.0,325.0,156.0
RHPL,8/25/2021,465.0,485.0,450.0,458.9,-1.31,113263.0,325.0,156.0
RHPL,8/26/2021,468.0,489.0,455.0,480.0,4.6,172508.0,325.0,156.0
RHPL,8/29/2021,489.0,507.0,465.0,471.0,-1.88,133447.0,325.0,156.0
RHPL,8/31/2021,465.0,470.0,455.1,463.0,-1.7,105450.0,325.0,156.0
RHPL,9/1/2021,472.2,474.3,455.7,458.0,-1.08,76207.0,325.0,156.0
RHPL,9/2/2021,459.0,463.9,433.0,445.0,-2.84,79992.0,325.0,156.0
RHPL,9/5/2021,436.5,445.0,400.5,406.0,-8.76,130339.0,325.0,156.0
RHPL,9/6/2021,410.0,446.6,405.0,446.6,10.0,122939.0,325.0,156.0
RHPL,9/7/2021,455.0,455.0,425.4,438.0,-1.93,79756.0,325.0,156.0
RHPL,9/8/2021,430.0,440.0,422.0,426.0,-2.74,57066.0,325.0,156.0
RHPL,9/9/2021,428.0,444.0,418.0,434.0,1.88,57388.0,325.0,156.0
RHPL,9/12/2021,442.6,459.5,442.6,457.0,5.3,120604.0,325.0,156.0
RHPL,9/13/2021,466.0,470.0,443.2,447.0,-2.19,76789.0,325.0,156.0
RHPL,9/14/2021,448.0,448.0,434.0,438.0,-2.01,40652.0,325.0,156.0
RHPL,9/15/2021,438.0,440.0,425.0,428.5,-2.17,58672.0,325.0,156.0
RHPL,9/16/2021,426.0,426.0,403.4,408.0,-4.78,136353.0,325.0,156.0
RHPL,9/20/2021,401.0,406.0,381.0,383.0,-6.13,110125.0,325.0,156.0
RHPL,9/21/2021,376.0,412.0,360.0,386.0,0.78,86140.0,325.0,156.0
RHPL,9/22/2021,393.0,413.0,393.0,406.0,5.18,67838.0,325.0,156.0
RHPL,9/23/2021,397.9,422.1,395.0,397.0,-2.22,78356.0,325.0,156.0
RHPL,9/26/2021,390.0,397.0,378.6,380.0,-4.28,54166.0,325.0,156.0
RHPL,9/27/2021,372.4,404.9,370.0,375.0,-1.32,89856.0,325.0,156.0
RHPL,9/28/2021,373.0,379.0,355.1,359.0,-4.27,78403.0,325.0,156.0
RHPL,9/29/2021,359.0,376.0,341.0,371.0,3.34,56905.0,325.0,156.0
RHPL,9/30/2021,378.0,378.0,351.0,352.0,-5.12,47597.0,325.0,156.0
RHPL,10/3/2021,355.0,366.0,339.5,341.0,-3.12,48152.0,325.0,156.0
RHPL,10/4/2021,347.0,347.0,330.0,335.5,-1.61,34221.0,325.0,156.0
RHPL,10/5/2021,341.9,350.0,335.5,343.0,2.24,28686.0,325.0,156.0
RHPL,10/6/2021,349.0,357.0,347.0,352.0,2.62,31631.0,325.0,156.0
RHPL,10/10/2021,355.0,362.0,343.0,345.0,-1.99,32689.0,325.0,156.0
RHPL,10/11/2021,345.0,346.0,336.2,345.0,0.0,21959.0,325.0,156.0
RHPL,10/17/2021,345.0,350.0,341.1,347.0,0.58,6696.0,325.0,156.0
RHPL,10/18/2021,344.0,344.0,329.0,340.0,-2.02,32090.0,325.0,156.0
RHPL,10/19/2021,340.0,341.0,324.0,328.5,-3.38,46539.0,325.0,156.0
RHPL,10/20/2021,335.0,348.8,330.0,346.0,5.33,38005.0,325.0,156.0
RHPL,10/21/2021,350.0,350.0,334.0,340.1,-1.71,31072.0,325.0,156.0
RHPL,10/24/2021,340.1,346.5,334.0,345.0,1.44,37270.0,325.0,156.0
RHPL,10/25/2021,351.0,378.0,344.0,372.0,7.83,62842.0,325.0,156.0
RHPL,10/26/2021,379.0,395.0,372.0,385.0,3.49,81794.0,325.0,156.0
RHPL,10/27/2021,385.0,395.9,376.0,383.0,-0.52,59489.0,325.0,156.0
RHPL,10/28/2021,375.5,406.0,375.5,397.0,3.66,52909.0,325.0,156.0
RHPL,10/31/2021,404.9,433.5,392.0,426.0,7.3,87669.0,325.0,156.0
RHPL,11/1/2021,434.0,441.0,407.1,410.0,-3.76,90234.0,325.0,156.0
RHPL,11/2/2021,405.0,421.0,395.0,412.0,0.49,46996.0,325.0,156.0
RHPL,11/3/2021,419.0,424.0,410.0,413.0,0.24,40090.0,325.0,156.0
RHPL,11/8/2021,408.0,420.0,401.0,406.0,-1.69,55009.0,325.0,156.0
RHPL,11/9/2021,398.5,401.9,383.5,388.1,-4.41,64126.0,325.0,156.0
RHPL,11/11/2021,381.0,394.0,375.0,379.0,-2.34,48268.0,325.0,156.0
RHPL,11/14/2021,373.0,385.0,372.0,374.0,-1.32,27121.0,325.0,156.0
RHPL,11/15/2021,381.0,384.0,376.0,383.0,2.41,44171.0,325.0,156.0
RHPL,11/16/2021,383.0,405.0,382.9,404.9,5.72,79800.0,325.0,156.0
RHPL,11/17/2021,412.0,421.0,395.1,398.0,-1.7,54707.0,325.0,156.0
RHPL,11/18/2021,398.0,400.0,388.2,389.0,-2.26,31973.0,325.0,156.0
RHPL,11/21/2021,390.0,395.0,386.1,387.4,-0.41,30937.0,325.0,156.0
RHPL,11/22/2021,388.2,397.5,387.5,391.0,0.93,31396.0,325.0,156.0
RHPL,11/23/2021,385.0,388.0,378.0,380.0,-2.81,45708.0,325.0,156.0
RHPL,11/24/2021,375.5,385.0,372.0,380.0,0.0,22125.0,325.0,156.0
RHPL,11/25/2021,387.0,387.0,374.0,376.0,-1.05,18933.0,325.0,156.0
RHPL,11/28/2021,368.9,380.0,356.0,365.1,-2.9,49746.0,325.0,156.0
RHPL,11/29/2021,362.0,375.0,362.0,367.0,0.52,26204.0,325.0,156.0
RHPL,11/30/2021,363.1,375.5,361.0,366.0,-0.27,29626.0,325.0,156.0
RHPL,12/1/2021,373.0,377.0,366.1,371.5,1.5,28914.0,325.0,156.0
RHPL,12/2/2021,371.0,371.9,355.0,362.0,-2.56,52186.0,325.0,156.0
RHPL,12/5/2021,356.0,360.0,350.0,352.0,-2.76,37447.0,325.0,156.0
RHPL,12/6/2021,359.0,370.0,336.2,365.0,3.69,51095.0,325.0,156.0
RHPL,12/7/2021,365.0,372.3,353.0,355.0,-2.74,28033.0,325.0,156.0
RHPL,12/8/2021,351.0,358.0,345.0,347.0,-2.25,22611.0,325.0,156.0
RHPL,12/9/2021,341.0,350.1,338.1,339.0,-2.31,35997.0,325.0,156.0
RHPL,12/12/2021,338.0,339.0,328.0,329.4,-2.83,29800.0,325.0,156.0
RHPL,12/13/2021,323.7,330.1,301.0,310.0,-5.89,51447.0,325.0,156.0
RHPL,12/14/2021,316.0,334.9,313.0,334.0,7.74,16062.0,325.0,156.0
RHPL,12/15/2021,335.0,355.0,324.0,335.1,0.33,48374.0,325.0,156.0
RHPL,12/16/2021,328.5,335.0,320.0,326.0,-2.72,43831.0,325.0,156.0
RHPL,12/20/2021,321.0,333.0,316.0,321.5,-1.38,35851.0,325.0,156.0
RHPL,12/21/2021,327.9,351.1,320.0,351.1,9.21,63453.0,325.0,156.0
RHPL,12/22/2021,358.0,372.0,345.0,371.0,5.67,75162.0,325.0,156.0
RHPL,12/23/2021,368.0,376.0,358.0,365.0,-1.62,45686.0,325.0,156.0
RHPL,12/26/2021,364.0,372.0,355.0,360.0,-1.37,42722.0,325.0,156.0
RHPL,12/27/2021,355.0,365.0,334.0,342.0,-5.0,54131.0,325.0,156.0
RHPL,12/28/2021,336.1,351.9,333.1,344.0,0.58,36433.0,325.0,156.0
RHPL,12/29/2021,339.0,348.0,339.0,343.8,-0.06,30147.0,325.0,156.0
RHPL,1/2/2022,348.0,350.0,341.1,344.3,0.15,22200.0,325.0,156.0
RHPL,1/3/2022,340.0,351.0,340.0,345.8,0.44,23043.0,325.0,156.0
RHPL,1/4/2022,351.0,365.0,342.0,359.5,3.96,47119.0,325.0,156.0
RHPL,1/5/2022,366.0,373.0,352.4,359.0,-0.14,50404.0,325.0,156.0
RHPL,1/6/2022,353.0,369.0,353.0,367.0,2.23,41708.0,325.0,156.0
RHPL,1/9/2022,370.0,388.6,370.0,383.0,4.36,78462.0,325.0,156.0
RHPL,1/10/2022,385.0,395.0,375.2,384.0,0.26,93480.0,325.0,156.0
RHPL,1/11/2022,382.0,409.0,380.0,408.0,6.25,123005.0,325.0,156.0
RHPL,1/12/2022,416.0,425.0,398.0,405.0,-0.74,165772.0,325.0,156.0
RHPL,1/13/2022,410.0,441.0,401.0,436.6,7.8,217811.0,325.0,156.0
RHPL,1/16/2022,445.0,452.0,435.0,438.0,0.32,191044.0,325.0,156.0
RHPL,1/17/2022,440.0,440.0,426.2,432.0,-1.37,117274.0,325.0,156.0
RHPL,1/18/2022,426.3,435.0,417.8,420.0,-2.78,92118.0,325.0,156.0
RHPL,1/19/2022,420.0,427.0,411.8,413.0,-1.67,74502.0,325.0,156.0
RHPL,1/20/2022,410.0,428.4,406.0,427.5,3.51,78369.0,325.0,156.0
RHPL,1/23/2022,420.0,434.8,417.5,419.0,-1.99,65012.0,325.0,156.0
RHPL,1/24/2022,415.0,417.0,395.1,401.0,-4.3,125639.0,325.0,156.0
RHPL,1/25/2022,395.0,411.0,392.0,398.0,-0.75,83948.0,325.0,156.0
RHPL,1/26/2022,394.0,404.0,386.0,393.0,-1.26,62850.0,325.0,156.0
RHPL,1/27/2022,390.0,398.0,386.0,392.0,-0.25,33846.0,325.0,156.0
RHPL,1/30/2022,399.8,415.0,399.8,415.0,5.87,75872.0,325.0,156.0
RHPL,1/31/2022,416.0,420.0,407.0,408.0,-1.69,52386.0,325.0,156.0
RHPL,2/1/2022,401.0,425.0,401.0,422.0,3.43,114436.0,325.0,156.0
RHPL,2/3/2022,425.0,435.0,420.5,420.5,-0.36,129967.0,325.0,156.0
RHPL,2/6/2022,428.9,428.9,409.0,413.2,-1.74,84353.0,325.0,156.0
RHPL,2/7/2022,414.0,425.0,407.0,418.1,1.19,103632.0,325.0,156.0
RHPL,2/8/2022,426.0,440.0,415.6,425.0,1.65,235886.0,325.0,156.0
RHPL,2/9/2022,417.0,422.0,412.7,420.0,-1.18,69544.0,325.0,156.0
RHPL,2/10/2022,420.0,426.0,415.0,425.0,1.19,89805.0,325.0,156.0
RHPL,2/13/2022,416.5,416.5,399.0,399.0,-6.12,118730.0,325.0,156.0
RHPL,2/14/2022,405.0,408.0,395.0,401.0,0.5,41473.0,325.0,156.0
RHPL,2/15/2022,404.0,420.0,396.2,420.0,4.74,49549.0,325.0,156.0
RHPL,2/16/2022,420.0,420.0,402.0,408.0,-2.86,35609.0,325.0,156.0
RHPL,2/17/2022,415.0,416.1,401.1,406.0,-0.49,23666.0,325.0,156.0
RHPL,2/20/2022,406.0,419.0,392.0,406.0,0.0,67282.0,325.0,156.0
RHPL,2/21/2022,409.6,418.0,403.2,414.0,1.97,43731.0,325.0,156.0
RHPL,2/22/2022,414.9,418.9,408.0,409.0,-1.21,38420.0,325.0,156.0
RHPL,2/23/2022,404.0,418.0,404.0,408.1,-0.22,52312.0,325.0,156.0
RHPL,2/24/2022,400.0,410.0,396.0,400.0,-1.98,63102.0,325.0,156.0
RHPL,2/27/2022,404.0,415.0,404.0,410.0,2.5,64215.0,325.0,156.0
RHPL,2/28/2022,418.2,425.0,392.0,392.0,-4.39,75079.0,325.0,156.0
RHPL,3/2/2022,385.0,393.0,377.3,377.6,-3.67,45933.0,325.0,156.0
RHPL,3/6/2022,377.6,385.0,371.0,375.0,-0.69,33204.0,325.0,156.0
RHPL,3/7/2022,375.0,382.0,368.0,370.0,-1.33,38612.0,325.0,156.0
RHPL,3/9/2022,377.0,377.0,356.0,360.0,-2.7,35964.0,325.0,156.0
RHPL,3/10/2022,360.0,386.0,360.0,383.0,6.39,35981.0,325.0,156.0
RHPL,3/13/2022,388.0,394.9,382.2,390.0,1.83,41485.0,325.0,156.0
RHPL,3/14/2022,383.1,390.0,380.0,382.0,-2.05,13445.0,325.0,156.0
RHPL,3/15/2022,376.1,384.9,374.4,378.0,-1.05,24244.0,325.0,156.0
RHPL,3/16/2022,370.5,380.0,370.5,374.6,-0.9,27380.0,325.0,156.0
RHPL,3/20/2022,375.0,378.0,369.0,372.0,-0.69,7881.0,325.0,156.0
RHPL,3/21/2022,372.0,385.0,366.1,384.9,3.47,16211.0,325.0,156.0
RHPL,3/22/2022,384.0,391.6,378.0,378.0,-1.79,30070.0,325.0,156.0
RHPL,3/23/2022,374.0,382.0,373.2,375.0,-0.79,21026.0,325.0,156.0
RHPL,3/24/2022,375.0,379.0,370.0,370.3,-1.25,16129.0,325.0,156.0
RHPL,3/27/2022,370.0,370.0,364.3,366.1,-1.13,25559.0,325.0,156.0
RHPL,3/28/2022,361.1,369.9,361.0,364.0,-0.57,23135.0,325.0,156.0
RHPL,3/29/2022,360.0,370.0,358.0,363.0,-0.27,16368.0,325.0,156.0
RHPL,3/30/2022,360.2,380.4,359.2,379.0,4.41,23091.0,325.0,156.0
RHPL,3/31/2022,380.0,380.0,365.0,369.0,-2.64,11991.0,325.0,156.0
RHPL,4/3/2022,361.8,370.0,357.0,357.6,-3.09,25932.0,325.0,156.0
RHPL,4/4/2022,355.0,360.0,354.0,355.0,-0.73,19552.0,325.0,156.0
RHPL,4/5/2022,352.0,358.0,345.0,346.5,-2.39,32266.0,325.0,156.0
RHPL,4/6/2022,345.0,354.0,341.2,344.0,-0.72,20672.0,325.0,156.0
RHPL,4/7/2022,349.0,356.0,343.0,351.1,2.06,28727.0,325.0,156.0
RHPL,4/11/2022,353.0,366.0,343.2,345.0,-1.74,22001.0,325.0,156.0
RHPL,4/12/2022,340.1,345.0,335.2,339.0,-1.74,21624.0,325.0,156.0
RHPL,4/13/2022,340.0,351.9,335.0,341.1,0.62,19187.0,325.0,156.0
RHPL,4/17/2022,341.0,351.9,338.0,345.0,1.14,21809.0,325.0,156.0
RHPL,4/18/2022,339.0,345.0,333.3,334.0,-3.19,15609.0,325.0,156.0
RHPL,4/19/2022,328.0,341.0,328.0,334.0,0.0,10375.0,325.0,156.0
RHPL,4/20/2022,334.0,338.0,320.0,324.0,-2.99,18663.0,325.0,156.0
RHPL,4/21/2022,317.8,328.0,316.0,328.0,1.23,18999.0,325.0,156.0
RHPL,4/24/2022,327.9,360.0,326.0,354.0,7.93,27534.0,325.0,156.0
RHPL,4/25/2022,354.0,360.0,337.0,337.0,-4.8,40332.0,325.0,156.0
RHPL,4/26/2022,337.0,349.8,331.5,335.0,-0.59,11571.0,325.0,156.0
RHPL,4/27/2022,334.0,347.0,329.8,334.0,-0.3,8322.0,325.0,156.0
RHPL,4/28/2022,335.0,341.7,329.0,335.0,0.3,18134.0,325.0,156.0
RHPL,5/2/2022,330.5,330.5,324.0,325.0,-2.99,13979.0,325.0,156.0
RHPL,5/4/2022,320.0,331.0,310.0,315.0,-3.08,34447.0,325.0,156.0
RHPL,5/5/2022,309.0,315.0,298.0,304.0,-3.49,55548.0,325.0,156.0
RHPL,5/8/2022,298.2,305.0,288.0,305.0,0.33,43827.0,325.0,156.0
RHPL,5/9/2022,300.1,315.0,300.0,315.0,3.28,55369.0,325.0,156.0
RHPL,5/10/2022,308.7,342.9,305.1,319.0,1.27,41848.0,325.0,156.0
RHPL,5/11/2022,325.3,341.6,322.0,337.9,5.92,53077.0,325.0,156.0
RHPL,5/12/2022,342.0,347.0,328.3,328.3,-2.84,38682.0,325.0,156.0
RHPL,5/17/2022,323.0,329.4,311.0,311.0,-5.27,42447.0,325.0,156.0
RHPL,5/18/2022,305.1,325.2,305.1,320.0,2.89,29724.0,325.0,156.0
RHPL,5/19/2022,314.0,325.8,313.6,315.0,-1.56,20973.0,325.0,156.0
RHPL,5/20/2022,310.0,317.0,308.0,308.0,-2.22,20558.0,325.0,156.0
RHPL,5/23/2022,305.0,309.8,300.0,305.0,-0.97,33576.0,325.0,156.0
RHPL,5/24/2022,301.0,314.0,299.2,308.0,0.98,17775.0,325.0,156.0
RHPL,5/25/2022,314.0,314.1,305.0,307.0,-0.32,12670.0,325.0,156.0
RHPL,5/26/2022,301.3,315.0,301.3,308.9,0.62,7027.0,325.0,156.0
RHPL,5/27/2022,305.1,307.9,302.0,307.0,-0.62,13023.0,325.0,156.0
RHPL,5/30/2022,311.9,311.9,295.0,296.0,-3.58,27643.0,325.0,156.0
RHPL,5/31/2022,293.0,310.0,291.0,295.0,-0.34,21354.0,325.0,156.0
RHPL,6/1/2022,300.9,305.9,294.2,297.0,0.68,14921.0,325.0,156.0
RHPL,6/2/2022,300.0,302.9,292.0,294.0,-1.01,9000.0,325.0,156.0
RHPL,6/3/2022,290.0,295.0,288.5,289.0,-1.7,23113.0,325.0,156.0
RHPL,6/6/2022,290.0,297.0,289.1,289.1,0.03,12675.0,325.0,156.0
RHPL,6/7/2022,287.0,290.0,277.8,280.0,-3.15,26735.0,325.0,156.0
RHPL,6/8/2022,280.0,299.0,280.0,295.0,5.36,32376.0,325.0,156.0
RHPL,6/9/2022,295.0,300.0,287.0,287.2,-2.64,26559.0,325.0,156.0
RHPL,6/10/2022,282.0,292.0,282.0,290.0,0.97,11520.0,325.0,156.0
RHPL,6/13/2022,285.1,289.0,282.0,283.0,-2.41,4773.0,325.0,156.0
RHPL,6/14/2022,283.0,283.0,273.0,276.0,-2.47,16889.0,325.0,156.0
RHPL,6/15/2022,270.7,274.0,266.0,270.0,-2.17,21533.0,325.0,156.0
RHPL,6/16/2022,270.0,285.0,268.9,272.0,0.74,15332.0,325.0,156.0
RHPL,6/17/2022,273.0,277.0,271.0,275.0,1.1,1410.0,325.0,156.0
RHPL,6/19/2022,275.0,275.0,263.0,263.7,-4.11,16423.0,325.0,156.0
RHPL,6/20/2022,259.1,263.0,251.0,258.0,-2.16,28425.0,325.0,156.0
RHPL,6/21/2022,252.9,272.0,247.1,262.0,1.55,21755.0,325.0,156.0
RHPL,6/22/2022,262.0,262.0,248.0,251.0,-4.2,18265.0,325.0,156.0
RHPL,6/23/2022,246.0,246.0,237.1,237.1,-5.54,31890.0,325.0,156.0
RHPL,6/24/2022,232.4,246.0,229.0,235.0,-0.89,14029.0,325.0,156.0
RHPL,6/26/2022,238.0,257.0,236.0,257.0,9.36,22993.0,325.0,156.0
RHPL,6/27/2022,260.0,260.0,247.9,250.0,-2.72,18948.0,325.0,156.0
RHPL,6/28/2022,245.3,248.0,241.0,245.0,-2.0,17528.0,325.0,156.0
RHPL,6/29/2022,240.3,259.0,240.3,259.0,5.71,25454.0,325.0,156.0
RHPL,6/30/2022,259.3,270.0,256.0,270.0,4.25,40364.0,325.0,156.0
RHPL,7/1/2022,265.1,271.9,259.7,265.1,-1.81,10784.0,325.0,156.0
RHPL,7/3/2022,268.0,291.6,260.0,291.5,9.96,109186.0,325.0,156.0
RHPL,7/4/2022,297.3,302.0,272.5,281.0,-3.6,84981.0,325.0,156.0
RHPL,7/5/2022,276.0,292.0,272.0,273.0,-2.85,50754.0,325.0,156.0
RHPL,7/6/2022,278.0,278.0,260.0,269.0,-1.47,45598.0,325.0,156.0
RHPL,7/7/2022,274.3,279.6,266.6,270.5,0.56,21535.0,325.0,156.0
RHPL,7/8/2022,275.9,275.9,260.2,262.3,-3.03,14315.0,325.0,156.0
RHPL,7/11/2022,257.1,257.1,241.1,241.2,-8.04,54791.0,325.0,156.0
RHPL,7/12/2022,240.0,254.0,237.0,247.0,2.4,39274.0,325.0,156.0
RHPL,7/13/2022,251.0,268.0,246.0,262.4,6.23,29747.0,325.0,156.0
RHPL,7/14/2022,267.5,278.4,257.5,275.0,4.8,47160.0,325.0,156.0
RHPL,7/15/2022,275.0,276.9,260.0,273.0,-0.73,23903.0,325.0,156.0
RHPL,7/17/2022,268.0,270.0,262.3,263.0,-3.66,10080.0,325.0,156.0
RHPL,7/18/2022,258.0,270.0,258.0,270.0,2.66,13186.0,325.0,156.0
RHPL,7/19/2022,271.0,274.0,267.0,268.0,-0.74,30950.0,325.0,156.0
RHPL,7/20/2022,268.3,274.9,263.1,266.7,-0.49,25045.0,325.0,156.0
RHPL,7/21/2022,261.5,270.0,261.4,264.0,-1.01,12360.0,325.0,156.0
RHPL,7/22/2022,260.0,265.0,260.0,260.0,-1.52,18127.0,325.0,156.0
RHPL,7/24/2022,260.0,270.0,257.0,265.0,1.92,19998.0,325.0,156.0
RHPL,7/25/2022,269.0,286.6,266.0,281.0,6.04,53487.0,325.0,156.0
RHPL,7/26/2022,276.0,288.0,270.5,270.7,-3.67,61861.0,325.0,156.0
RHPL,7/27/2022,266.0,281.5,266.0,278.0,2.7,33512.0,325.0,156.0
RHPL,7/28/2022,283.5,289.1,276.2,283.0,1.8,83114.0,325.0,156.0
RHPL,7/29/2022,286.9,286.9,278.0,279.0,-1.41,18315.0,325.0,156.0
RHPL,7/31/2022,278.0,288.0,276.0,280.0,0.36,39224.0,325.0,156.0
RHPL,8/1/2022,280.0,288.7,278.0,284.9,1.75,57413.0,325.0,156.0
RHPL,8/2/2022,284.0,289.9,280.0,283.0,-0.67,38452.0,325.0,156.0
RHPL,8/3/2022,288.0,300.0,282.3,290.0,2.47,82897.0,325.0,156.0
RHPL,8/4/2022,290.0,293.0,284.0,285.0,-1.72,34178.0,325.0,156.0
RHPL,8/5/2022,280.1,284.0,275.1,278.0,-2.46,24002.0,325.0,156.0
RHPL,8/7/2022,278.0,284.0,274.5,279.0,0.36,23574.0,325.0,156.0
RHPL,8/8/2022,276.0,290.0,275.0,276.0,-1.08,28825.0,325.0,156.0
RHPL,8/9/2022,275.0,277.0,263.0,263.0,-4.71,38226.0,325.0,156.0
RHPL,8/10/2022,268.0,268.0,258.0,264.0,0.38,33524.0,325.0,156.0
RHPL,8/11/2022,260.1,268.9,259.7,260.0,-1.52,20695.0,325.0,156.0
RHPL,8/14/2022,255.0,264.0,255.0,259.0,-0.38,26274.0,325.0,156.0
RHPL,8/15/2022,259.0,268.0,255.0,265.0,2.32,26275.0,325.0,156.0
RHPL,8/16/2022,270.0,271.3,255.0,259.0,-2.26,46106.0,325.0,156.0
RHPL,8/17/2022,255.0,265.0,255.0,259.0,0.0,12397.0,325.0,156.0
RHPL,8/18/2022,262.0,269.0,259.7,262.0,1.16,27607.0,325.0,156.0
RHPL,8/21/2022,267.2,270.0,261.0,261.2,-0.31,15385.0,325.0,156.0
RHPL,8/22/2022,266.0,266.0,259.1,259.1,-0.8,12634.0,325.0,156.0
RHPL,8/23/2022,259.0,264.0,258.0,260.0,0.35,17237.0,325.0,156.0
RHPL,8/24/2022,265.0,265.0,259.0,259.0,-0.38,14480.0,325.0,156.0
RHPL,8/25/2022,255.0,264.0,253.0,257.0,-0.77,35420.0,325.0,156.0
RHPL,8/26/2022,252.0,259.0,250.0,250.0,-2.72,16772.0,325.0,156.0
RHPL,8/28/2022,252.0,252.0,240.1,242.0,-3.2,25089.0,325.0,156.0
RHPL,8/29/2022,240.0,250.0,240.0,245.2,1.32,16422.0,325.0,156.0
RHPL,8/30/2022,250.0,255.0,243.6,247.0,0.73,12922.0,325.0,156.0
RHPL,8/31/2022,247.0,247.2,242.1,242.5,-1.82,11345.0,325.0,156.0
RHPL,9/1/2022,240.0,245.0,237.2,240.0,-1.03,23120.0,325.0,156.0
RHPL,9/2/2022,243.0,244.0,240.0,243.0,1.25,7786.0,325.0,156.0
RHPL,9/4/2022,246.0,246.0,239.2,240.0,-1.23,12683.0,325.0,156.0
RHPL,9/5/2022,243.0,243.0,238.0,239.0,-0.42,8935.0,325.0,156.0
RHPL,9/6/2022,235.2,239.0,232.5,234.0,-2.09,24621.0,325.0,156.0
RHPL,9/7/2022,231.0,234.5,230.0,232.0,-0.85,12166.0,325.0,156.0
RHPL,9/8/2022,228.1,241.9,228.1,236.0,1.72,12620.0,325.0,156.0
RHPL,9/11/2022,236.0,236.0,228.5,228.6,-3.14,13688.0,325.0,156.0
RHPL,9/12/2022,227.0,232.0,225.5,228.0,-0.26,7811.0,325.0,156.0
RHPL,9/13/2022,230.0,233.5,225.3,230.0,0.88,11475.0,325.0,156.0
RHPL,9/14/2022,233.0,238.2,229.4,238.0,3.48,13493.0,325.0,156.0
RHPL,9/15/2022,239.9,239.9,226.1,226.4,-4.87,26435.0,325.0,156.0
RHPL,9/16/2022,225.0,230.9,218.0,226.2,-0.09,8616.0,325.0,156.0
RHPL,9/18/2022,222.6,226.5,220.2,220.5,-2.52,14697.0,325.0,156.0
RHPL,9/20/2022,222.0,222.0,215.6,217.0,-1.59,20732.0,325.0,156.0
RHPL,9/21/2022,220.0,221.0,216.8,218.0,0.46,5275.0,325.0,156.0
RHPL,9/22/2022,214.7,221.5,214.6,218.0,0.0,6302.0,325.0,156.0
RHPL,9/25/2022,216.0,220.0,214.2,216.0,-0.92,9784.0,325.0,156.0
RHPL,9/27/2022,219.0,220.0,215.0,217.0,0.46,9289.0,325.0,156.0
RHPL,9/28/2022,218.0,222.0,216.3,222.0,2.3,6600.0,325.0,156.0
RHPL,9/29/2022,225.0,225.0,218.0,222.0,0.0,9185.0,325.0,156.0
RHPL,10/9/2022,220.1,230.9,220.1,228.5,2.93,8311.0,325.0,156.0
RHPL,10/10/2022,224.8,225.0,220.5,220.5,-3.5,7184.0,325.0,156.0
RHPL,10/11/2022,217.7,221.0,217.0,218.8,-0.77,16807.0,325.0,156.0
RHPL,10/12/2022,223.0,223.0,216.1,218.0,-0.37,7332.0,325.0,156.0
RHPL,10/13/2022,218.3,220.5,218.3,218.3,0.14,11668.0,325.0,156.0
RHPL,10/16/2022,218.2,219.9,217.5,218.3,0.0,10157.0,325.0,156.0
RHPL,10/17/2022,217.0,217.1,215.9,216.2,-0.96,9348.0,325.0,156.0
RHPL,10/19/2022,216.0,218.0,211.2,212.0,-1.94,10716.0,325.0,156.0
RHPL,10/20/2022,210.2,217.0,210.0,215.0,1.42,8641.0,325.0,156.0
RHPL,10/23/2022,211.3,220.0,211.3,220.0,2.33,5234.0,325.0,156.0
RHPL,10/31/2022,217.0,223.0,216.0,216.0,-1.82,16735.0,325.0,156.0
RHPL,11/1/2022,218.0,227.0,218.0,227.0,5.09,17217.0,325.0,156.0
RHPL,11/2/2022,227.0,230.0,223.0,224.0,-1.32,16215.0,325.0,156.0
RHPL,11/3/2022,220.2,228.0,220.0,220.0,-1.79,12813.0,325.0,156.0
RHPL,11/6/2022,218.1,231.5,218.1,231.5,5.23,16874.0,325.0,156.0
RHPL,11/7/2022,236.0,236.1,224.3,229.2,-0.99,18705.0,325.0,156.0
RHPL,11/8/2022,226.0,230.0,222.0,228.0,-0.52,6105.0,325.0,156.0
RHPL,11/9/2022,225.0,232.5,222.0,223.4,-2.02,12377.0,325.0,156.0
RHPL,11/10/2022,220.1,223.4,216.0,216.1,-3.27,23591.0,325.0,156.0
RHPL,11/13/2022,220.0,223.0,215.1,217.0,0.42,7171.0,325.0,156.0
RHPL,11/14/2022,215.0,222.0,215.0,222.0,2.3,7625.0,325.0,156.0
RHPL,11/15/2022,219.5,222.0,218.0,219.0,-1.35,5147.0,325.0,156.0
RHPL,11/16/2022,221.0,225.0,217.3,222.0,1.37,7100.0,325.0,156.0
RHPL,11/17/2022,226.0,231.0,224.5,230.8,3.96,27769.0,325.0,156.0
RHPL,11/22/2022,231.0,233.9,227.1,227.2,-1.56,10100.0,325.0,156.0
RHPL,11/23/2022,226.0,229.0,224.0,226.0,-0.53,6458.0,325.0,156.0
RHPL,11/24/2022,226.0,226.0,220.1,222.0,-1.77,23653.0,325.0,156.0
RHPL,11/27/2022,221.5,226.4,221.0,225.5,1.58,12147.0,325.0,156.0
RHPL,11/28/2022,230.0,230.0,222.1,222.1,-1.51,8135.0,325.0,156.0
RHPL,11/29/2022,220.0,228.9,220.0,226.0,1.76,5898.0,325.0,156.0
RHPL,11/30/2022,230.0,232.0,223.1,227.0,0.44,12505.0,325.0,156.0
RHPL,12/1/2022,226.0,228.0,223.3,227.8,0.35,12990.0,325.0,156.0
RHPL,12/4/2022,230.0,234.6,225.5,228.0,0.09,21721.0,325.0,156.0
RHPL,12/5/2022,226.0,228.8,224.1,228.0,0.0,36425.0,325.0,156.0
RHPL,12/6/2022,227.0,230.0,224.0,227.0,-0.44,9996.0,325.0,156.0
RHPL,12/7/2022,231.5,231.5,225.1,225.2,-0.79,11030.0,325.0,156.0
RHPL,12/11/2022,224.5,226.0,221.0,222.0,-1.42,14067.0,325.0,156.0
RHPL,12/12/2022,221.0,227.0,220.6,227.0,2.25,9215.0,325.0,156.0
RHPL,12/13/2022,231.0,239.0,225.0,235.2,3.61,29380.0,325.0,156.0
RHPL,12/14/2022,239.9,256.0,232.0,249.9,6.25,92705.0,325.0,156.0
RHPL,12/15/2022,254.8,254.8,237.3,241.0,-3.56,24908.0,325.0,156.0
RHPL,12/18/2022,238.0,245.5,234.0,235.0,-2.49,21050.0,325.0,156.0
RHPL,12/19/2022,233.0,241.9,232.0,236.8,0.77,29803.0,325.0,156.0
RHPL,12/20/2022,241.5,253.0,237.0,245.9,3.84,29915.0,325.0,156.0
RHPL,12/21/2022,241.0,247.9,238.8,238.8,-2.89,17468.0,325.0,156.0
RHPL,12/22/2022,239.0,242.0,231.3,236.0,-1.17,40286.0,325.0,156.0
RHPL,12/26/2022,235.0,255.0,235.0,255.0,8.05,58023.0,325.0,156.0
RHPL,12/27/2022,260.1,278.0,250.0,270.0,5.88,127953.0,325.0,156.0
RHPL,12/28/2022,264.9,280.0,260.0,274.4,1.63,50731.0,325.0,156.0
RHPL,12/29/2022,274.4,295.0,269.0,293.0,6.78,58175.0,325.0,156.0
RHPL,1/1/2023,293.0,306.0,286.0,293.0,0.0,74734.0,325.0,156.0
RHPL,1/2/2023,287.3,295.0,284.0,290.0,-1.02,31928.0,325.0,156.0
RHPL,1/3/2023,285.1,295.0,282.0,285.0,-1.72,29781.0,325.0,156.0
RHPL,1/4/2023,284.0,294.0,283.0,290.9,2.07,46953.0,325.0,156.0
RHPL,1/5/2023,296.7,296.7,285.0,285.4,-1.89,48416.0,325.0,156.0
RHPL,1/8/2023,284.0,304.0,283.5,299.8,5.05,95594.0,325.0,156.0
RHPL,1/9/2023,301.0,318.0,301.0,310.5,3.57,102996.0,325.0,156.0
RHPL,1/10/2023,316.7,323.0,300.0,306.0,-1.45,111870.0,325.0,156.0
RHPL,1/12/2023,310.0,316.0,296.0,297.0,-2.94,85295.0,325.0,156.0
RHPL,1/17/2023,302.9,322.0,296.1,320.0,7.74,106192.0,325.0,156.0
RHPL,1/18/2023,315.0,333.0,315.0,320.0,0.0,132467.0,325.0,156.0
RHPL,1/19/2023,320.0,330.0,316.1,324.0,1.25,76675.0,325.0,156.0
RHPL,1/23/2023,320.1,326.0,314.0,314.0,-3.09,74922.0,325.0,156.0
RHPL,1/24/2023,309.3,318.0,309.3,313.5,-0.16,38501.0,325.0,156.0
RHPL,1/25/2023,308.2,325.1,308.2,317.2,1.18,38808.0,325.0,156.0
RHPL,1/26/2023,323.0,339.6,313.3,329.0,3.72,93470.0,325.0,156.0
RHPL,1/29/2023,324.0,337.9,323.0,329.8,0.24,74735.0,325.0,156.0
RHPL,1/30/2023,323.7,330.9,316.0,320.0,-2.97,67998.0,325.0,156.0
RHPL,1/31/2023,314.1,325.0,313.7,317.0,-0.94,56836.0,325.0,156.0
RHPL,2/1/2023,311.3,320.0,311.3,316.0,-0.32,16781.0,325.0,156.0
RHPL,2/2/2023,314.2,319.0,311.2,313.0,-0.95,30967.0,325.0,156.0
RHPL,2/5/2023,310.0,316.0,308.0,310.0,-0.96,38262.0,325.0,156.0
RHPL,2/6/2023,309.0,311.0,307.0,309.0,-0.32,21088.0,325.0,156.0
RHPL,2/7/2023,314.0,325.0,312.0,325.0,5.18,53871.0,325.0,156.0
RHPL,2/8/2023,325.0,334.0,322.0,327.0,0.62,71385.0,325.0,156.0
RHPL,2/9/2023,329.0,330.0,321.1,325.0,-0.61,31633.0,325.0,156.0
RHPL,2/12/2023,318.5,320.0,312.3,312.3,-3.91,40273.0,325.0,156.0
RHPL,2/14/2023,310.2,311.0,305.4,309.0,-1.06,25914.0,325.0,156.0
RHPL,2/15/2023,305.2,310.0,302.0,303.0,-1.94,37783.0,325.0,156.0
RHPL,2/16/2023,309.0,309.0,302.9,303.0,0.0,38099.0,325.0,156.0
RHPL,2/20/2023,298.3,306.0,298.3,302.1,-0.3,33634.0,325.0,156.0
RHPL,2/22/2023,302.2,316.2,302.2,310.0,2.62,28454.0,325.0,156.0
RHPL,2/23/2023,304.0,308.0,298.2,305.0,-1.61,25981.0,325.0,156.0
RHPL,2/26/2023,299.0,308.0,290.0,306.0,0.33,38342.0,325.0,156.0
RHPL,2/27/2023,301.5,307.5,300.0,305.9,-0.03,24408.0,325.0,156.0
RHPL,2/28/2023,302.6,312.0,302.6,308.9,0.98,37700.0,325.0,156.0
RHPL,3/1/2023,305.2,311.0,305.2,305.3,-1.17,14798.0,325.0,156.0
RHPL,3/2/2023,302.0,303.0,297.2,300.5,-1.57,14427.0,325.0,156.0
RHPL,3/5/2023,300.0,301.0,294.5,297.5,-1.0,17796.0,325.0,156.0
RHPL,3/7/2023,292.2,305.0,292.2,302.1,1.55,21001.0,325.0,156.0
RHPL,3/9/2023,302.0,313.7,302.0,313.7,3.84,34480.0,325.0,156.0
RHPL,3/12/2023,313.0,314.0,306.0,306.3,-2.36,23216.0,325.0,156.0
RHPL,3/13/2023,304.5,306.0,301.0,306.0,-0.1,8450.0,325.0,156.0
RHPL,3/14/2023,300.7,311.0,300.7,306.0,0.0,18125.0,325.0,156.0
RHPL,3/15/2023,303.0,308.0,303.0,307.7,0.56,15350.0,325.0,156.0
RHPL,3/16/2023,301.6,308.0,300.0,302.0,-1.85,34252.0,325.0,156.0
RHPL,3/19/2023,300.0,310.0,300.0,306.0,1.32,20144.0,325.0,156.0
RHPL,3/20/2023,303.5,313.0,303.5,313.0,2.29,28289.0,325.0,156.0
RHPL,3/22/2023,314.0,319.5,312.0,315.0,0.64,48353.0,325.0,156.0
RHPL,3/23/2023,311.0,311.0,305.0,306.4,-2.73,24104.0,325.0,156.0
RHPL,3/26/2023,301.0,308.0,300.3,305.0,-0.46,26515.0,325.0,156.0
RHPL,3/27/2023,302.4,314.0,302.1,311.1,2.0,18380.0,325.0,156.0
RHPL,3/28/2023,316.9,316.9,306.0,310.5,-0.19,57537.0,325.0,156.0
RHPL,3/29/2023,306.0,310.1,306.0,308.0,-0.81,9185.0,325.0,156.0
RHPL,3/30/2023,314.0,314.0,303.1,305.0,-0.97,24044.0,325.0,156.0
RHPL,4/2/2023,306.0,310.0,300.0,303.0,-0.66,21484.0,325.0,156.0
RHPL,4/3/2023,302.0,304.0,299.0,301.0,-0.66,11180.0,325.0,156.0
RHPL,4/4/2023,299.1,306.0,299.1,302.9,0.63,18367.0,325.0,156.0
RHPL,4/5/2023,299.0,304.9,299.0,302.4,-0.17,13053.0,325.0,156.0
RHPL,4/6/2023,304.9,307.0,301.0,301.1,-0.43,10333.0,325.0,156.0
RHPL,4/9/2023,300.0,300.0,293.0,293.0,-2.69,20301.0,325.0,156.0
RHPL,4/10/2023,293.0,298.8,292.2,293.0,0.0,10437.0,325.0,156.0
RHPL,4/11/2023,292.0,306.0,292.0,300.0,2.39,8112.0,325.0,156.0
RHPL,4/12/2023,300.0,313.5,300.0,310.2,3.4,27558.0,325.0,156.0
RHPL,4/13/2023,315.4,315.4,305.0,308.0,-0.71,28504.0,325.0,156.0
RHPL,4/16/2023,305.0,310.0,304.0,304.4,-1.17,13035.0,325.0,156.0
RHPL,4/17/2023,305.0,305.0,299.1,301.0,-1.12,12468.0,325.0,156.0
RHPL,4/18/2023,299.1,303.0,297.2,302.0,0.33,10742.0,325.0,156.0
RHPL,4/19/2023,299.1,305.5,299.1,301.0,-0.33,17331.0,325.0,156.0
RHPL,4/20/2023,301.0,302.0,298.1,299.0,-0.66,19806.0,325.0,156.0
RHPL,4/23/2023,297.0,299.0,294.0,295.4,-1.2,9469.0,325.0,156.0
RHPL,4/24/2023,295.0,298.7,292.0,297.0,0.54,8500.0,325.0,156.0
RHPL,4/25/2023,292.0,301.6,292.0,300.0,1.01,6577.0,325.0,156.0
RHPL,4/26/2023,294.0,302.0,294.0,300.0,0.0,8030.0,325.0,156.0
RHPL,4/27/2023,294.0,299.0,294.0,295.1,-1.63,4421.0,325.0,156.0
RHPL,4/30/2023,291.1,293.0,289.0,289.6,-1.86,11954.0,325.0,156.0
RHPL,5/2/2023,288.4,289.0,280.0,280.5,-3.14,13365.0,325.0,156.0
RHPL,5/3/2023,280.0,285.0,276.2,276.2,-1.53,13365.0,325.0,156.0
RHPL,5/4/2023,274.5,302.9,274.5,285.0,3.19,15831.0,325.0,156.0
RHPL,5/7/2023,280.0,284.0,280.0,283.0,-0.7,7090.0,325.0,156.0
RHPL,5/8/2023,279.0,285.0,270.6,273.0,-3.53,14165.0,325.0,156.0
RHPL,5/9/2023,269.3,288.5,269.3,276.9,1.43,11035.0,325.0,156.0
RHPL,5/10/2023,275.0,282.4,272.1,276.9,0.0,5779.0,325.0,156.0
RHPL,5/11/2023,273.4,280.0,273.4,280.0,1.12,7490.0,325.0,156.0
RHPL,5/14/2023,275.1,275.1,269.0,270.1,-3.54,10078.0,325.0,156.0
RHPL,5/15/2023,269.0,269.9,261.6,268.0,-0.78,5800.0,325.0,156.0
RHPL,5/16/2023,264.1,276.0,263.4,274.0,2.24,12888.0,325.0,156.0
RHPL,5/17/2023,271.0,283.9,269.2,276.5,0.91,9600.0,325.0,156.0
RHPL,5/18/2023,275.0,290.0,273.1,289.0,4.52,19472.0,325.0,156.0
RHPL,5/21/2023,286.0,293.0,286.0,287.0,-0.69,21176.0,325.0,156.0
RHPL,5/22/2023,292.7,294.0,281.0,289.0,0.7,8125.0,325.0,156.0
RHPL,5/23/2023,286.0,295.0,286.0,293.6,1.59,15325.0,325.0,156.0
RHPL,5/24/2023,288.0,297.0,288.0,294.0,0.14,26462.0,325.0,156.0
RHPL,5/28/2023,299.0,304.0,288.2,300.0,2.04,29685.0,325.0,156.0
RHPL,5/30/2023,294.0,299.8,287.2,291.2,-2.93,14141.0,325.0,156.0
RHPL,5/31/2023,286.0,295.0,278.0,278.0,-4.53,20748.0,325.0,156.0
RHPL,6/1/2023,280.0,286.0,277.1,283.0,1.8,19511.0,325.0,156.0
RHPL,6/4/2023,288.0,296.0,287.0,293.9,3.85,15995.0,325.0,156.0
RHPL,6/5/2023,293.9,305.6,290.1,293.2,-0.24,27474.0,325.0,156.0
RHPL,6/6/2023,299.0,315.0,292.0,313.9,7.06,77192.0,325.0,156.0
RHPL,6/7/2023,312.0,324.0,312.0,318.0,1.31,103643.0,325.0,156.0
RHPL,6/8/2023,314.4,324.0,314.4,322.2,1.32,41289.0,325.0,156.0
RHPL,6/11/2023,322.0,327.9,317.0,325.0,0.87,58187.0,325.0,156.0
RHPL,6/12/2023,328.0,328.0,318.0,322.0,-0.92,54957.0,325.0,156.0
RHPL,6/13/2023,318.0,341.8,316.1,335.0,4.04,127551.0,325.0,156.0
RHPL,6/14/2023,335.0,347.8,333.3,335.0,0.0,127466.0,325.0,156.0
RHPL,6/15/2023,333.0,341.5,330.0,337.0,0.6,76960.0,325.0,156.0
RHPL,6/18/2023,337.0,368.0,332.0,363.0,7.72,142425.0,325.0,156.0
RHPL,6/19/2023,365.0,371.0,353.3,356.0,-1.93,76040.0,325.0,156.0
RHPL,6/20/2023,360.0,360.0,335.0,337.5,-5.2,79872.0,325.0,156.0
RHPL,6/21/2023,338.0,355.0,337.2,337.2,-0.09,84623.0,325.0,156.0
RHPL,6/22/2023,334.3,344.0,324.7,340.0,0.83,74596.0,325.0,156.0
RHPL,6/25/2023,333.2,350.0,330.3,342.0,0.59,67471.0,325.0,156.0
RHPL,6/26/2023,339.0,348.8,333.2,335.2,-1.99,65045.0,325.0,156.0
RHPL,6/27/2023,341.9,345.0,331.0,340.0,1.43,46474.0,325.0,156.0
RHPL,6/28/2023,340.0,340.0,327.5,327.5,-3.68,50915.0,325.0,156.0
RHPL,7/2/2023,323.0,328.0,314.8,315.0,-3.82,60772.0,325.0,156.0
RHPL,7/3/2023,309.5,321.3,309.5,311.0,-1.27,36143.0,325.0,156.0
RHPL,7/4/2023,310.0,316.5,310.0,312.0,0.32,31481.0,325.0,156.0
RHPL,7/5/2023,311.1,317.0,308.0,309.0,-0.96,27517.0,325.0,156.0
RHPL,7/6/2023,309.1,312.0,305.0,310.1,0.36,25416.0,325.0,156.0
RHPL,7/9/2023,310.0,320.0,310.0,311.0,0.29,21522.0,325.0,156.0
RHPL,7/10/2023,310.0,315.0,302.5,307.0,-1.29,29922.0,325.0,156.0
RHPL,7/11/2023,302.5,306.0,297.1,297.1,-3.22,26869.0,325.0,156.0
RHPL,7/12/2023,303.0,324.0,300.2,311.5,4.85,40655.0,325.0,156.0
RHPL,7/13/2023,310.0,317.7,303.0,303.0,-2.73,32350.0,325.0,156.0
RHPL,7/16/2023,302.0,303.0,300.0,300.0,-0.99,13575.0,325.0,156.0
RHPL,7/17/2023,295.0,308.0,295.0,303.0,1.0,9777.0,325.0,156.0
RHPL,7/18/2023,308.0,308.0,302.7,302.7,-0.1,7100.0,325.0,156.0
RHPL,7/19/2023,304.0,304.9,298.0,298.0,-1.55,19213.0,325.0,156.0
RHPL,7/20/2023,297.5,306.2,297.5,304.2,2.08,16974.0,325.0,156.0
RHPL,7/23/2023,304.1,315.0,304.1,313.0,2.89,38592.0,325.0,156.0
RHPL,7/24/2023,315.0,315.0,307.0,310.0,-0.96,33329.0,325.0,156.0
RHPL,7/25/2023,306.0,312.0,304.0,304.0,-1.94,21142.0,325.0,156.0
RHPL,7/26/2023,301.0,307.7,301.0,303.0,-0.33,17156.0,325.0,156.0
RHPL,7/27/2023,303.0,307.9,299.2,300.0,-0.99,17234.0,325.0,156.0
RHPL,7/30/2023,296.2,300.0,290.1,292.9,-2.37,28106.0,325.0,156.0
RHPL,7/31/2023,292.1,298.6,290.0,295.0,0.72,8319.0,325.0,156.0
RHPL,8/1/2023,294.0,300.0,290.0,290.0,-1.69,13761.0,325.0,156.0
RHPL,8/2/2023,287.0,289.7,285.2,289.7,-0.1,12727.0,325.0,156.0
RHPL,8/3/2023,285.1,299.9,285.1,287.5,-0.76,13753.0,325.0,156.0
RHPL,8/6/2023,282.5,284.9,278.0,281.4,-2.12,14524.0,325.0,156.0
RHPL,8/7/2023,278.0,282.0,274.5,275.2,-2.2,22175.0,325.0,156.0
RHPL,8/8/2023,270.3,280.0,270.3,271.2,-1.45,10355.0,325.0,156.0
RHPL,8/9/2023,266.5,290.7,266.3,290.7,7.19,15907.0,325.0,156.0
RHPL,8/10/2023,287.0,295.9,279.3,290.1,-0.21,39772.0,325.0,156.0
RHPL,8/13/2023,285.0,300.0,280.1,291.2,0.38,24909.0,325.0,156.0
RHPL,8/14/2023,286.5,297.0,286.5,289.0,-0.76,17734.0,325.0,156.0
RHPL,8/15/2023,284.3,294.0,284.0,284.6,-1.52,12525.0,325.0,156.0
RHPL,8/16/2023,280.6,283.5,279.1,281.0,-1.26,9240.0,325.0,156.0
RHPL,8/17/2023,284.6,292.0,281.2,288.0,2.49,11455.0,325.0,156.0
RHPL,8/20/2023,284.0,290.0,275.3,283.8,-1.46,17280.0,325.0,156.0
RHPL,8/21/2023,280.1,285.0,276.5,282.0,-0.63,9440.0,325.0,156.0
RHPL,8/22/2023,286.0,286.0,275.0,278.0,-1.42,13686.0,325.0,156.0
RHPL,8/23/2023,278.0,291.7,275.2,285.0,2.52,18406.0,325.0,156.0
RHPL,8/24/2023,282.0,288.0,279.3,279.3,-2.0,11435.0,325.0,156.0
RHPL,8/27/2023,274.0,282.0,272.2,273.6,-2.04,8836.0,325.0,156.0
RHPL,8/28/2023,273.8,277.0,269.1,270.0,-1.32,16020.0,325.0,156.0
RHPL,8/29/2023,266.0,272.0,266.0,267.0,-1.11,7034.0,325.0,156.0
RHPL,8/30/2023,267.1,273.0,267.1,267.5,0.19,13855.0,325.0,156.0
RHPL,9/3/2023,265.0,266.2,260.0,260.1,-2.77,18712.0,325.0,156.0
RHPL,9/4/2023,259.0,264.0,258.0,264.0,1.5,16130.0,325.0,156.0
RHPL,9/5/2023,259.0,285.4,253.9,257.0,-2.65,6824.0,325.0,156.0
RHPL,9/7/2023,254.0,260.0,252.0,252.0,-1.95,12949.0,325.0,156.0
RHPL,9/10/2023,252.0,257.0,252.0,254.0,0.79,7173.0,325.0,156.0
RHPL,9/11/2023,251.2,269.3,251.2,263.5,3.74,14829.0,325.0,156.0
RHPL,9/12/2023,268.7,268.7,256.0,262.0,-0.57,2350.0,325.0,156.0
RHPL,9/13/2023,260.0,277.0,257.1,271.0,3.44,17935.0,325.0,156.0
RHPL,9/17/2023,265.7,269.0,258.3,260.0,-4.06,9487.0,325.0,156.0
RHPL,9/18/2023,260.0,264.0,256.0,262.0,0.77,4303.0,325.0,156.0
RHPL,9/19/2023,267.0,273.0,260.0,270.0,3.05,10339.0,325.0,156.0
RHPL,9/21/2023,275.0,290.0,275.0,284.0,5.19,37460.0,325.0,156.0
RHPL,9/24/2023,284.0,288.0,273.1,273.5,-3.7,17277.0,325.0,156.0
RHPL,9/25/2023,270.0,284.4,269.0,276.1,0.95,18420.0,325.0,156.0
RHPL,9/26/2023,276.4,288.0,276.4,284.0,2.86,22242.0,325.0,156.0
RHPL,9/27/2023,285.0,285.0,275.3,276.3,-2.71,15942.0,325.0,156.0
RHPL,10/1/2023,273.5,277.0,270.1,270.1,-2.24,9490.0,325.0,156.0
RHPL,10/2/2023,268.0,297.1,262.1,273.0,1.07,11223.0,325.0,156.0
RHPL,10/3/2023,270.3,275.7,270.0,270.1,-1.06,12134.0,325.0,156.0
RHPL,10/4/2023,269.5,276.0,269.1,274.0,1.44,8561.0,325.0,156.0
RHPL,10/5/2023,270.3,294.7,270.3,275.0,0.36,20220.0,325.0,156.0
RHPL,10/8/2023,275.0,275.0,262.7,264.0,-4.0,39700.0,325.0,156.0
RHPL,10/9/2023,260.1,265.5,256.0,265.0,0.38,16895.0,325.0,156.0
RHPL,10/10/2023,260.1,261.8,256.0,259.0,-2.26,12440.0,325.0,156.0
RHPL,10/11/2023,258.1,264.0,257.4,261.0,0.77,12277.0,325.0,156.0
RHPL,10/12/2023,261.0,261.0,256.0,256.0,-1.92,9573.0,325.0,156.0
RHPL,10/16/2023,261.0,261.0,251.0,251.0,-1.95,11617.0,325.0,156.0
RHPL,10/17/2023,256.0,262.1,252.0,254.0,1.2,14601.0,325.0,156.0
RHPL,10/18/2023,258.0,263.0,253.1,256.7,1.06,2820.0,325.0,156.0
RHPL,10/19/2023,252.6,261.5,252.0,252.0,-1.83,11370.0,325.0,156.0
RHPL,10/29/2023,250.0,251.0,245.0,246.1,-2.34,5998.0,325.0,156.0
RHPL,10/30/2023,247.0,254.5,245.0,250.2,1.67,4235.0,325.0,156.0
RHPL,10/31/2023,247.1,251.0,247.1,249.1,-0.44,7200.0,325.0,156.0
RHPL,11/1/2023,248.0,252.0,246.0,248.0,-0.44,1650.0,325.0,156.0
RHPL,11/2/2023,245.0,245.1,241.0,244.0,-1.61,11950.0,325.0,156.0
RHPL,11/5/2023,244.0,244.0,240.1,240.1,-1.6,6190.0,325.0,156.0
RHPL,11/6/2023,240.0,250.0,240.0,243.0,1.21,7252.0,325.0,156.0
RHPL,11/7/2023,242.0,248.1,241.3,245.0,0.82,5449.0,325.0,156.0
RHPL,11/8/2023,249.9,255.0,245.0,252.6,3.1,15220.0,325.0,156.0
RHPL,11/9/2023,250.0,252.0,248.0,250.0,-1.03,8870.0,325.0,156.0
RHPL,11/20/2023,249.0,250.0,245.1,247.0,-1.2,4136.0,325.0,156.0
RHPL,11/21/2023,245.0,249.0,239.0,241.0,-2.43,17310.0,325.0,156.0
RHPL,11/22/2023,241.0,257.9,239.2,257.9,7.01,15319.0,325.0,156.0
RHPL,11/23/2023,253.0,257.0,248.0,254.0,-1.51,12833.0,325.0,156.0
RHPL,11/26/2023,250.0,263.0,249.0,257.1,1.22,23866.0,325.0,156.0
RHPL,11/27/2023,257.0,262.2,252.1,252.5,-1.79,7323.0,325.0,156.0
RHPL,11/28/2023,249.1,258.0,249.1,255.0,0.99,11498.0,325.0,156.0
RHPL,11/29/2023,251.0,264.0,251.0,252.2,-1.1,4495.0,325.0,156.0
RHPL,11/30/2023,250.1,253.0,247.9,250.0,-0.87,10904.0,325.0,156.0
RHPL,12/3/2023,245.0,248.0,244.0,245.1,-1.96,7965.0,325.0,156.0
RHPL,12/4/2023,241.6,259.9,241.6,243.5,-0.65,8895.0,325.0,156.0
RHPL,12/5/2023,243.2,247.0,243.2,247.0,1.44,8830.0,325.0,156.0
RHPL,12/6/2023,242.8,250.0,242.8,249.0,0.81,3940.0,325.0,156.0
RHPL,12/7/2023,246.0,249.9,245.0,247.0,-0.8,6255.0,325.0,156.0
RHPL,12/10/2023,251.9,256.9,251.9,255.0,3.24,610.0,325.0,156.0
RHPL,12/11/2023,260.0,270.0,255.0,265.0,3.92,54495.0,325.0,156.0
RHPL,12/12/2023,259.8,278.0,259.8,278.0,4.91,34423.0,325.0,156.0
RHPL,12/13/2023,280.0,281.0,267.0,270.2,-2.81,28919.0,325.0,156.0
RHPL,12/14/2023,265.2,274.0,265.2,271.0,0.3,20819.0,325.0,156.0
RHPL,12/17/2023,265.6,289.6,265.6,289.6,6.86,49170.0,325.0,156.0
RHPL,12/18/2023,292.0,300.0,279.0,287.7,-0.66,51266.0,325.0,156.0
RHPL,12/19/2023,290.3,293.1,280.1,292.0,1.49,37514.0,325.0,156.0
RHPL,12/20/2023,287.0,302.0,282.0,295.5,1.2,53200.0,325.0,156.0
RHPL,12/21/2023,296.0,296.0,284.1,284.1,-3.86,30583.0,325.0,156.0
RHPL,12/24/2023,280.0,294.9,280.0,286.0,0.67,75537.0,325.0,156.0
RHPL,12/27/2023,289.0,293.0,282.0,283.3,-0.94,28940.0,325.0,156.0
RHPL,12/28/2023,285.0,288.0,277.0,277.0,-2.22,34038.0,325.0,156.0
RHPL,1/1/2024,282.5,286.1,274.4,275.0,-0.72,27461.0,325.0,156.0
RHPL,1/2/2024,271.0,276.5,269.6,274.9,-0.04,13163.0,325.0,156.0
RHPL,1/3/2024,270.0,276.0,270.0,274.0,-0.33,14781.0,325.0,156.0
RHPL,1/4/2024,279.4,290.0,275.9,285.0,4.01,89541.0,325.0,156.0
RHPL,1/7/2024,290.7,305.5,284.5,287.0,0.7,108070.0,325.0,156.0
RHPL,1/8/2024,292.0,302.0,286.0,297.0,3.48,88025.0,325.0,156.0
RHPL,1/9/2024,302.9,304.9,292.0,298.0,0.34,87062.0,325.0,156.0
RHPL,1/10/2024,295.0,295.0,287.2,289.0,-3.02,34072.0,325.0,156.0
RHPL,1/11/2024,294.7,294.7,280.5,280.5,-2.94,48831.0,325.0,156.0
RHPL,1/14/2024,286.0,308.5,285.0,308.5,9.98,176978.0,325.0,156.0
RHPL,1/16/2024,314.0,326.0,312.0,322.0,4.38,160241.0,325.0,156.0
RHPL,1/17/2024,315.7,332.0,313.0,313.3,-2.7,209695.0,325.0,156.0
RHPL,1/18/2024,308.0,325.0,307.0,316.0,0.86,105396.0,325.0,156.0
RHPL,1/21/2024,322.0,329.2,316.1,320.0,1.27,175336.0,325.0,156.0
RHPL,1/22/2024,315.0,321.0,309.4,315.0,-1.56,85044.0,325.0,156.0
RHPL,1/23/2024,315.0,315.0,308.8,309.0,-1.9,43745.0,325.0,156.0
RHPL,1/24/2024,310.0,320.0,301.0,301.0,-2.59,54249.0,325.0,156.0
RHPL,1/25/2024,300.0,305.1,297.1,301.3,0.1,31587.0,325.0,156.0
RHPL,1/28/2024,295.4,312.0,295.4,307.5,2.06,23958.0,325.0,156.0
RHPL,1/29/2024,305.1,311.0,303.0,305.0,-0.81,47732.0,325.0,156.0
RHPL,1/30/2024,303.0,311.0,302.1,307.0,0.66,45369.0,325.0,156.0
RHPL,1/31/2024,307.0,313.0,301.0,302.0,-1.63,41725.0,325.0,156.0
RHPL,2/1/2024,299.1,302.0,293.0,293.0,-2.98,46974.0,325.0,156.0
RHPL,2/4/2024,291.1,297.8,291.1,292.1,-0.31,16870.0,325.0,156.0
RHPL,2/5/2024,292.0,296.0,292.0,293.0,0.31,17290.0,325.0,156.0
RHPL,2/6/2024,293.0,297.0,291.2,295.0,0.68,18977.0,325.0,156.0
RHPL,2/7/2024,300.0,300.0,292.0,298.9,1.32,16949.0,325.0,156.0
RHPL,2/8/2024,303.0,303.0,293.1,302.5,1.2,30335.0,325.0,156.0
RHPL,2/11/2024,300.1,306.0,300.1,301.2,-0.43,42937.0,325.0,156.0
RHPL,2/12/2024,300.1,307.0,300.0,306.7,1.83,32990.0,325.0,156.0
RHPL,2/13/2024,300.6,312.1,298.0,305.0,-0.55,86704.0,325.0,156.0
RHPL,2/14/2024,299.0,305.0,299.0,304.0,-0.33,16291.0,325.0,156.0
RHPL,2/15/2024,300.1,306.1,300.1,301.1,-0.95,28823.0,325.0,156.0
RHPL,2/18/2024,300.0,300.0,295.6,296.0,-1.69,24424.0,325.0,156.0
RHPL,2/20/2024,301.9,301.9,290.6,292.9,-1.05,21365.0,325.0,156.0
RHPL,2/21/2024,290.5,295.0,287.0,287.1,-1.98,16760.0,325.0,156.0
RHPL,2/22/2024,287.0,290.0,281.4,284.0,-1.08,29521.0,325.0,156.0
RHPL,2/25/2024,286.0,286.0,276.1,276.1,-2.78,23260.0,325.0,156.0
RHPL,2/26/2024,273.0,286.6,273.0,277.5,0.51,11415.0,325.0,156.0
RHPL,2/27/2024,277.5,282.5,276.2,281.0,1.26,8139.0,325.0,156.0
RHPL,2/28/2024,280.0,284.0,278.0,278.6,-0.85,9750.0,325.0,156.0
RHPL,2/29/2024,276.6,284.1,271.6,276.4,-0.79,22558.0,325.0,156.0
RHPL,3/3/2024,275.1,275.1,268.0,269.0,-2.68,25883.0,325.0,156.0
RHPL,3/4/2024,274.3,289.0,274.3,289.0,7.43,3470.0,325.0,156.0
RHPL,3/5/2024,283.3,288.9,278.4,280.0,-3.11,24650.0,325.0,156.0
RHPL,3/6/2024,276.0,290.0,276.0,284.0,1.43,21391.0,325.0,156.0
RHPL,3/7/2024,284.0,291.0,284.0,290.0,2.11,23275.0,325.0,156.0
RHPL,3/10/2024,295.0,295.8,288.1,290.0,0.0,19026.0,325.0,156.0
RHPL,3/12/2024,295.8,295.8,286.2,292.0,0.69,26600.0,325.0,156.0
RHPL,3/13/2024,290.0,293.0,287.1,287.2,-1.64,19307.0,325.0,156.0
RHPL,3/14/2024,288.0,290.9,283.0,284.0,-1.11,18660.0,325.0,156.0
RHPL,3/17/2024,282.1,286.0,280.1,286.0,0.7,12687.0,325.0,156.0
RHPL,3/18/2024,280.6,288.0,280.6,284.2,-0.63,13251.0,325.0,156.0
RHPL,3/19/2024,282.1,287.0,280.0,281.0,-1.13,18214.0,325.0,156.0
RHPL,3/20/2024,279.1,282.9,278.6,281.1,0.04,24473.0,325.0,156.0
RHPL,3/21/2024,280.0,281.1,278.3,280.0,-0.39,12925.0,325.0,156.0
RHPL,3/25/2024,275.0,279.7,275.0,277.0,-1.07,4387.0,325.0,156.0
RHPL,3/26/2024,273.0,280.9,273.0,280.0,1.08,13232.0,325.0,156.0
RHPL,3/27/2024,275.3,291.3,275.3,281.0,0.36,25127.0,325.0,156.0
RHPL,3/28/2024,276.2,292.3,276.2,283.0,0.71,22372.0,325.0,156.0
RHPL,3/31/2024,288.6,288.6,281.5,283.9,0.32,12569.0,325.0,156.0
RHPL,4/1/2024,280.0,284.5,278.0,278.0,-2.08,14718.0,325.0,156.0
RHPL,4/2/2024,280.0,282.0,276.0,276.9,-0.4,10904.0,325.0,156.0
RHPL,4/3/2024,276.0,280.0,274.0,277.0,0.04,8646.0,325.0,156.0
RHPL,4/4/2024,271.7,277.1,271.7,277.0,0.0,10677.0,325.0,156.0
RHPL,4/7/2024,277.0,280.0,272.1,280.0,1.08,9805.0,325.0,156.0
RHPL,4/9/2024,280.0,282.0,275.3,278.0,-0.71,9898.0,325.0,156.0
RHPL,4/10/2024,282.0,282.0,275.0,276.0,-0.72,12609.0,325.0,156.0
RHPL,4/14/2024,272.2,276.0,272.2,275.0,-0.36,13882.0,325.0,156.0
RHPL,4/15/2024,270.0,286.1,270.0,275.0,0.0,11524.0,325.0,156.0
RHPL,4/16/2024,270.3,279.5,269.5,270.0,-1.82,9104.0,325.0,156.0
RHPL,4/18/2024,270.0,270.0,265.0,265.0,-1.85,10211.0,325.0,156.0
RHPL,4/21/2024,265.0,270.0,262.0,269.9,1.85,12619.0,325.0,156.0
RHPL,4/22/2024,268.0,272.3,266.5,266.5,-1.26,11065.0,325.0,156.0
RHPL,4/24/2024,262.2,268.0,261.2,264.0,-0.94,13402.0,325.0,156.0
RHPL,4/25/2024,264.0,273.0,260.5,268.7,1.78,6250.0,325.0,156.0
RHPL,4/28/2024,265.0,274.3,263.7,269.0,0.11,13451.0,325.0,156.0
RHPL,4/29/2024,264.0,270.0,263.0,265.9,-1.15,16217.0,325.0,156.0
RHPL,4/30/2024,263.0,271.1,261.3,268.1,0.83,21745.0,325.0,156.0
RHPL,5/2/2024,273.4,273.4,264.0,267.0,-0.41,9276.0,325.0,156.0
RHPL,5/5/2024,262.1,268.5,262.1,265.0,-0.75,5931.0,325.0,156.0
RHPL,5/6/2024,261.1,268.0,261.1,264.5,-0.19,3256.0,325.0,156.0
RHPL,5/7/2024,261.0,265.0,261.0,264.0,-0.19,7390.0,325.0,156.0
RHPL,5/8/2024,260.7,265.0,260.4,263.0,-0.38,8114.0,325.0,156.0
RHPL,5/9/2024,261.1,267.0,261.1,265.0,0.76,15267.0,325.0,156.0
RHPL,5/12/2024,265.0,270.0,261.1,269.0,1.51,6640.0,325.0,156.0
RHPL,5/13/2024,265.0,269.0,264.1,265.3,-1.38,9102.0,325.0,156.0
RHPL,5/14/2024,265.0,268.6,263.5,268.0,1.02,25829.0,325.0,156.0
RHPL,5/15/2024,272.0,273.3,263.6,267.0,-0.37,7666.0,325.0,156.0
RHPL,5/16/2024,262.2,270.0,262.2,265.9,-0.41,9076.0,325.0,156.0
RHPL,5/19/2024,271.2,279.4,263.1,275.0,3.42,30238.0,325.0,156.0
RHPL,5/20/2024,274.0,278.0,272.3,274.0,-0.36,15064.0,325.0,156.0
RHPL,5/21/2024,272.0,285.0,272.0,285.0,4.01,33630.0,325.0,156.0
RHPL,5/22/2024,289.0,289.0,278.0,278.0,-2.46,18868.0,325.0,156.0
RHPL,5/26/2024,278.0,282.1,272.0,272.0,-2.16,12741.0,325.0,156.0
RHPL,5/27/2024,268.0,280.0,268.0,268.5,-1.29,30001.0,325.0,156.0
RHPL,5/29/2024,273.8,275.0,268.0,269.0,0.19,51628.0,325.0,156.0
RHPL,5/30/2024,264.5,276.0,264.0,271.0,0.74,22561.0,325.0,156.0
RHPL,6/2/2024,268.0,273.0,268.0,272.0,0.37,16298.0,325.0,156.0
RHPL,6/3/2024,270.0,280.3,268.1,280.3,3.05,34502.0,325.0,156.0
RHPL,6/4/2024,275.0,282.5,275.0,278.0,-0.82,21565.0,325.0,156.0
RHPL,6/5/2024,280.0,280.0,268.0,268.0,-3.6,19434.0,325.0,156.0
RHPL,6/6/2024,268.0,271.0,264.5,267.8,-0.07,16839.0,325.0,156.0
RHPL,6/9/2024,263.1,273.1,262.4,265.0,-1.05,26186.0,325.0,156.0
RHPL,6/10/2024,270.3,276.0,263.6,267.0,0.75,18629.0,325.0,156.0
RHPL,6/11/2024,272.3,281.0,267.0,276.0,3.37,32822.0,325.0,156.0
RHPL,6/12/2024,279.0,280.0,273.8,277.8,0.65,42474.0,325.0,156.0
RHPL,6/13/2024,273.0,279.5,273.0,279.0,0.43,18969.0,325.0,156.0
RHPL,6/16/2024,273.6,279.9,273.6,277.0,-0.72,36128.0,325.0,156.0
RHPL,6/18/2024,275.0,276.0,272.5,275.0,-0.72,24444.0,325.0,156.0
RHPL,6/19/2024,271.0,277.0,271.0,274.0,-0.36,17647.0,325.0,156.0
RHPL,6/20/2024,279.4,279.4,270.5,270.7,-1.2,15710.0,325.0,156.0
RHPL,6/23/2024,270.1,271.8,268.1,270.0,-0.26,10866.0,325.0,156.0
RHPL,6/24/2024,270.0,272.0,268.0,270.0,0.0,18040.0,325.0,156.0
RHPL,6/25/2024,266.2,272.1,266.2,270.0,0.0,26884.0,325.0,156.0
RHPL,6/26/2024,268.0,272.0,266.0,267.0,-1.11,12180.0,325.0,156.0
RHPL,6/27/2024,271.0,277.0,265.9,267.0,0.0,13062.0,325.0,156.0
RHPL,6/30/2024,265.5,266.1,263.4,264.0,-1.12,10547.0,325.0,156.0
RHPL,7/1/2024,260.3,266.0,260.3,264.0,0.0,15335.0,325.0,156.0
RHPL,7/2/2024,269.2,279.9,265.6,270.0,2.27,21933.0,325.0,156.0
RHPL,7/3/2024,266.0,270.0,265.0,267.0,-1.11,9520.0,325.0,156.0
RHPL,7/4/2024,269.0,279.0,268.0,270.0,1.12,28383.0,325.0,156.0
RHPL,7/7/2024,270.0,274.0,265.2,268.1,-0.7,18956.0,325.0,156.0
RHPL,7/8/2024,265.0,269.0,264.0,264.5,-1.34,29857.0,325.0,156.0
RHPL,7/9/2024,264.5,269.9,263.5,267.9,1.29,30688.0,325.0,156.0
RHPL,7/10/2024,264.0,270.0,263.2,269.0,0.41,27339.0,325.0,156.0
RHPL,7/11/2024,270.1,279.0,268.0,279.0,3.72,46934.0,325.0,156.0
RHPL,7/14/2024,284.0,287.5,277.5,287.5,3.05,49592.0,325.0,156.0
RHPL,7/15/2024,287.0,306.0,284.0,295.0,2.61,134737.0,325.0,156.0
RHPL,7/16/2024,300.0,314.9,296.0,312.9,6.07,175789.0,325.0,156.0
RHPL,7/17/2024,310.1,315.0,304.0,312.0,-0.29,107939.0,325.0,156.0
RHPL,7/18/2024,310.0,315.0,305.9,307.3,-1.51,134454.0,325.0,156.0
RHPL,7/21/2024,307.4,335.0,303.0,328.0,6.74,269932.0,325.0,156.0
RHPL,7/22/2024,334.0,347.8,323.0,345.0,5.18,395157.0,325.0,156.0
RHPL,7/23/2024,346.1,372.0,344.0,364.9,5.77,336747.0,325.0,156.0
RHPL,7/24/2024,369.9,379.0,354.1,360.0,-1.34,353340.0,325.0,156.0
RHPL,7/25/2024,359.0,367.0,354.0,363.0,0.83,233814.0,325.0,156.0
RHPL,7/28/2024,368.0,370.0,352.9,362.0,-0.28,165297.0,325.0,156.0
RHPL,7/29/2024,369.2,390.0,362.1,385.0,6.35,468113.0,325.0,156.0
RHPL,7/30/2024,385.0,423.0,383.0,419.0,8.83,490392.0,325.0,156.0
RHPL,7/31/2024,420.6,450.0,420.0,435.9,4.03,405780.0,325.0,156.0
RHPL,8/1/2024,435.9,435.9,401.0,405.0,-7.09,482684.0,325.0,156.0
RHPL,8/5/2024,405.0,432.0,391.1,413.0,1.98,305980.0,325.0,156.0
RHPL,8/6/2024,418.2,419.9,394.5,394.5,-4.48,262367.0,325.0,156.0
RHPL,8/7/2024,394.0,430.0,390.0,424.0,7.48,351431.0,325.0,156.0
RHPL,8/8/2024,429.0,448.8,419.5,445.1,4.98,538509.0,325.0,156.0
RHPL,8/11/2024,452.0,457.0,441.2,456.0,2.45,396232.0,325.0,156.0
RHPL,8/12/2024,465.1,501.6,440.0,501.6,10.0,525781.0,325.0,156.0
RHPL,8/13/2024,492.0,521.0,464.1,484.0,-3.51,455490.0,325.0,156.0
RHPL,8/14/2024,493.5,493.5,455.7,471.0,-2.69,284712.0,325.0,156.0
RHPL,8/15/2024,471.0,497.0,450.0,450.0,-4.46,325786.0,325.0,156.0
RHPL,8/18/2024,457.7,458.0,428.0,435.0,-3.33,261905.0,325.0,156.0
RHPL,8/21/2024,443.7,452.5,422.0,423.1,-2.74,179498.0,325.0,156.0
RHPL,8/22/2024,431.0,449.0,426.0,435.0,2.81,208527.0,325.0,156.0
RHPL,8/25/2024,443.0,443.0,418.1,419.0,-3.68,144103.0,325.0,156.0
RHPL,8/27/2024,419.0,420.0,402.0,402.1,-4.03,209996.0,325.0,156.0
RHPL,8/28/2024,400.0,420.3,400.0,401.3,-0.2,174539.0,325.0,156.0
RHPL,8/29/2024,403.0,441.4,397.9,441.4,9.99,188195.0,325.0,156.0
RHPL,9/1/2024,432.6,449.0,404.0,414.0,-6.21,172313.0,325.0,156.0
RHPL,9/2/2024,407.0,446.0,407.0,421.0,1.69,206662.0,325.0,156.0
RHPL,9/3/2024,428.0,428.0,410.5,417.0,-0.95,80891.0,325.0,156.0
RHPL,9/4/2024,425.3,425.3,401.0,404.1,-3.09,97420.0,325.0,156.0
RHPL,9/5/2024,398.1,408.0,395.5,400.0,-1.01,108648.0,325.0,156.0
RHPL,9/8/2024,406.0,422.0,395.0,399.0,-0.25,288541.0,325.0,156.0
RHPL,9/9/2024,400.0,405.0,383.0,385.0,-3.51,72190.0,325.0,156.0
RHPL,9/10/2024,392.0,392.7,372.0,377.0,-2.08,70653.0,325.0,156.0
RHPL,9/11/2024,377.0,384.5,370.6,373.5,-0.93,91516.0,325.0,156.0
RHPL,9/12/2024,376.0,392.7,373.1,390.2,4.47,112157.0,325.0,156.0
RHPL,9/15/2024,390.0,396.0,373.0,377.0,-3.38,74989.0,325.0,156.0
RHPL,9/16/2024,374.1,379.0,363.1,366.0,-2.92,91336.0,325.0,156.0
RHPL,9/18/2024,371.0,374.4,363.0,366.0,0.0,53585.0,325.0,156.0
RHPL,9/22/2024,373.3,380.0,366.0,369.0,0.82,37427.0,325.0,156.0
RHPL,9/23/2024,365.0,368.0,358.0,359.0,-2.71,37620.0,325.0,156.0
RHPL,9/24/2024,353.1,360.1,351.9,351.9,-1.98,56590.0,325.0,156.0
RHPL,9/25/2024,350.0,373.3,348.4,365.0,3.72,55783.0,325.0,156.0
RHPL,9/26/2024,365.0,369.0,356.1,359.1,-1.62,48783.0,325.0,156.0
RHPL,9/29/2024,352.1,364.0,343.2,353.0,-1.7,41747.0,325.0,156.0
RHPL,9/30/2024,349.0,362.0,348.8,359.0,1.7,31794.0,325.0,156.0
RHPL,10/1/2024,366.0,380.7,359.0,377.0,5.01,80402.0,325.0,156.0
RHPL,10/2/2024,380.0,388.0,373.0,378.0,0.27,64903.0,325.0,156.0
RHPL,10/6/2024,372.0,408.0,372.0,388.0,2.65,106716.0,325.0,156.0
RHPL,10/7/2024,394.9,403.5,386.1,386.1,-0.49,77906.0,325.0,156.0
RHPL,10/8/2024,381.1,393.0,378.0,382.0,-1.06,56361.0,325.0,156.0
RHPL,10/9/2024,378.0,387.0,377.3,385.0,0.79,77328.0,325.0,156.0
RHPL,10/15/2024,386.0,390.5,383.2,388.0,0.78,38105.0,325.0,156.0
RHPL,10/16/2024,388.0,395.0,386.5,388.5,0.13,89925.0,325.0,156.0
RHPL,10/17/2024,388.5,396.2,385.0,387.9,-0.15,55439.0,325.0,156.0
RHPL,10/20/2024,380.3,390.0,376.0,377.3,-2.73,48673.0,325.0,156.0
RHPL,10/21/2024,375.4,380.0,368.0,368.0,-2.46,43794.0,325.0,156.0
RHPL,10/22/2024,363.5,375.0,363.5,369.2,0.33,22737.0,325.0,156.0
RHPL,10/23/2024,369.2,375.0,363.0,366.0,-0.87,30345.0,325.0,156.0
RHPL,10/24/2024,362.0,373.3,360.0,367.5,0.41,35956.0,325.0,156.0
RHPL,10/27/2024,365.0,376.0,362.0,373.2,1.55,29441.0,325.0,156.0
RHPL,10/28/2024,373.0,381.0,371.0,375.0,0.48,45508.0,325.0,156.0
RHPL,10/29/2024,382.0,386.9,376.0,384.0,2.4,45233.0,325.0,156.0
RHPL,10/30/2024,387.0,387.0,377.0,377.0,-1.82,33852.0,325.0,156.0
RHPL,11/5/2024,384.5,411.0,384.5,410.0,8.75,286123.0,325.0,156.0
RHPL,11/6/2024,417.0,418.0,402.1,403.0,-1.71,100792.0,325.0,156.0
RHPL,11/10/2024,405.0,425.0,402.0,423.0,4.96,221593.0,325.0,156.0
RHPL,11/11/2024,425.0,429.1,410.0,412.0,-2.6,111041.0,325.0,156.0
RHPL,11/12/2024,413.0,427.0,408.3,415.0,0.73,127376.0,325.0,156.0
RHPL,11/13/2024,415.0,424.0,411.1,412.5,-0.6,101922.0,325.0,156.0
RHPL,11/14/2024,414.1,450.0,414.1,441.2,6.96,415653.0,325.0,156.0
RHPL,11/17/2024,449.9,456.9,433.0,436.6,-1.04,129500.0,325.0,156.0
RHPL,11/19/2024,445.3,445.3,420.3,422.0,-3.34,187587.0,325.0,156.0
RHPL,11/20/2024,426.0,437.0,419.0,437.0,3.55,122270.0,325.0,156.0
RHPL,11/21/2024,445.7,464.8,435.0,454.9,4.1,440241.0,325.0,156.0
RHPL,11/24/2024,463.9,472.0,451.0,451.1,-0.84,400801.0,325.0,156.0
RHPL,11/25/2024,458.0,462.9,446.1,447.1,-0.89,196446.0,325.0,156.0
RHPL,11/26/2024,456.0,465.0,453.0,459.0,2.66,239819.0,325.0,156.0
RHPL,11/27/2024,465.0,495.0,464.0,480.0,4.58,414356.0,325.0,156.0
RHPL,11/28/2024,489.0,489.0,461.0,465.0,-3.12,200185.0,325.0,156.0
RHPL,12/1/2024,459.0,472.9,451.1,459.0,-1.29,133569.0,325.0,156.0
RHPL,12/2/2024,465.0,466.9,455.0,457.1,-0.41,145492.0,325.0,156.0
RHPL,12/3/2024,466.0,474.9,460.2,468.0,2.38,182113.0,325.0,156.0
RHPL,12/4/2024,467.0,492.0,467.0,479.8,2.52,370559.0,325.0,156.0
RHPL,12/5/2024,471.0,527.0,471.0,481.5,0.35,413420.0,325.0,156.0
RHPL,12/8/2024,483.0,492.0,470.0,474.0,-1.56,267949.0,325.0,156.0
RHPL,12/9/2024,471.1,502.0,467.0,468.0,-1.27,123730.0,325.0,156.0
RHPL,12/10/2024,477.0,477.0,458.0,458.0,-2.14,112623.0,325.0,156.0
RHPL,12/11/2024,460.0,469.9,454.3,465.0,1.53,129924.0,325.0,156.0
RHPL,12/12/2024,456.0,472.0,454.0,454.1,-2.34,107926.0,325.0,156.0
RHPL,12/16/2024,450.2,451.0,440.0,443.0,-2.44,114991.0,325.0,156.0
RHPL,12/17/2024,443.0,457.0,440.0,449.0,1.35,101157.0,325.0,156.0
RHPL,12/18/2024,449.0,476.0,440.0,448.6,-0.09,115594.0,325.0,156.0
RHPL,12/19/2024,445.0,450.0,434.0,434.0,-3.25,67152.0,325.0,156.0
RHPL,12/22/2024,428.1,438.5,425.5,428.1,-1.36,70572.0,325.0,156.0
RHPL,12/23/2024,436.0,443.0,429.0,435.3,1.68,57720.0,325.0,156.0
RHPL,12/24/2024,441.0,445.0,434.1,438.0,0.62,67449.0,325.0,156.0
RHPL,12/26/2024,438.1,438.1,429.1,429.6,-1.92,43500.0,325.0,156.0
RHPL,12/29/2024,424.0,428.1,419.7,420.0,-2.23,110543.0,325.0,156.0
RHPL,12/31/2024,420.0,438.0,413.1,433.0,3.1,118529.0,325.0,156.0
RHPL,1/1/2025,425.0,435.7,425.0,433.9,0.21,88300.0,325.0,156.0
RHPL,1/2/2025,442.5,442.5,426.2,434.9,0.23,53489.0,325.0,156.0
RHPL,1/5/2025,443.5,455.0,435.1,448.0,3.01,290673.0,325.0,156.0
RHPL,1/6/2025,448.0,455.0,445.0,449.0,0.22,80329.0,325.0,156.0
RHPL,1/7/2025,441.0,452.0,441.0,444.0,-1.11,169302.0,325.0,156.0
RHPL,1/8/2025,440.0,445.7,436.0,436.1,-1.78,98875.0,325.0,156.0
RHPL,1/9/2025,444.8,444.8,431.0,439.2,0.71,178404.0,325.0,156.0
RHPL,1/12/2025,440.0,440.0,433.0,434.9,-0.98,36673.0,325.0,156.0
RHPL,1/13/2025,434.0,441.9,426.5,439.0,0.94,91396.0,325.0,156.0
RHPL,1/15/2025,447.7,464.0,430.1,459.0,4.56,299141.0,325.0,156.0
RHPL,1/16/2025,463.0,464.4,446.4,450.0,-1.96,135601.0,325.0,156.0
RHPL,1/19/2025,450.0,450.8,440.0,441.8,-1.82,76952.0,325.0,156.0
RHPL,1/20/2025,445.0,452.0,444.0,448.0,1.4,140810.0,325.0,156.0
RHPL,1/21/2025,450.0,453.2,444.4,448.0,0.0,81654.0,325.0,156.0
RHPL,1/22/2025,446.0,455.9,445.0,449.5,0.33,147799.0,325.0,156.0
RHPL,1/23/2025,450.0,456.0,445.0,449.9,0.09,87013.0,325.0,156.0
RHPL,1/26/2025,447.0,453.0,442.0,443.1,-1.51,83748.0,325.0,156.0
RHPL,1/27/2025,450.0,450.5,441.1,442.0,-0.25,79585.0,325.0,156.0
RHPL,1/28/2025,444.0,450.0,442.1,443.6,0.36,136575.0,325.0,156.0
RHPL,2/2/2025,448.0,469.1,448.0,461.5,4.04,447445.0,325.0,156.0
RHPL,2/3/2025,462.0,480.0,462.0,470.0,1.84,423965.0,325.0,156.0
RHPL,2/4/2025,478.0,478.0,462.5,463.3,-1.43,146903.0,325.0,156.0
RHPL,2/5/2025,463.3,466.0,454.1,457.0,-1.36,165629.0,325.0,156.0
RHPL,2/6/2025,466.1,468.9,452.0,455.0,-0.44,101485.0,325.0,156.0
RHPL,2/9/2025,456.0,487.0,447.0,449.0,-1.32,152932.0,325.0,156.0
RHPL,2/10/2025,457.9,457.9,438.6,443.0,-1.34,100791.0,325.0,156.0
RHPL,2/11/2025,445.0,487.3,437.0,487.3,10.0,152140.0,325.0,156.0
RHPL,2/12/2025,487.0,487.0,438.6,445.0,-8.68,410758.0,325.0,156.0
RHPL,2/13/2025,440.0,448.8,428.5,430.0,-3.37,214500.0,325.0,156.0
RHPL,2/16/2025,430.0,460.0,424.0,437.0,1.63,97298.0,325.0,156.0
RHPL,2/17/2025,437.5,443.0,427.0,427.0,-2.29,142070.0,325.0,156.0
RHPL,2/18/2025,435.5,443.0,424.0,425.0,-0.47,121342.0,325.0,156.0
RHPL,2/20/2025,425.2,428.0,422.1,422.2,-0.66,88416.0,325.0,156.0
RHPL,2/23/2025,422.0,425.0,415.0,419.6,-0.62,100951.0,325.0,156.0
RHPL,2/24/2025,420.2,459.0,418.0,419.9,0.07,67409.0,325.0,156.0
RHPL,2/25/2025,423.0,424.0,412.8,414.6,-1.26,96279.0,325.0,156.0
RHPL,2/27/2025,422.0,425.0,415.0,422.3,1.86,67555.0,325.0,156.0
RHPL,3/2/2025,425.0,434.9,425.0,430.0,1.82,78291.0,325.0,156.0
RHPL,3/3/2025,431.0,440.6,426.0,428.0,-0.47,133044.0,325.0,156.0
RHPL,3/4/2025,436.5,436.5,418.0,419.0,-2.1,104976.0,325.0,156.0
RHPL,3/5/2025,420.0,425.0,415.1,416.6,-0.57,61004.0,325.0,156.0
RHPL,3/6/2025,416.6,423.0,415.0,417.0,0.1,54252.0,325.0,156.0
RHPL,3/9/2025,418.0,420.0,408.7,410.8,-1.49,57229.0,325.0,156.0
RHPL,3/10/2025,411.7,417.0,406.2,408.0,-0.68,68438.0,325.0,156.0
RHPL,3/11/2025,408.0,410.0,399.9,400.0,-1.96,63309.0,325.0,156.0
RHPL,3/12/2025,401.0,406.0,400.1,404.0,1.0,30118.0,325.0,156.0
RHPL,3/16/2025,404.1,405.0,396.1,399.0,-1.24,37141.0,325.0,156.0
RHPL,3/17/2025,404.9,404.9,396.0,400.0,0.25,33629.0,325.0,156.0
RHPL,3/18/2025,397.0,404.9,397.0,397.5,-0.62,23011.0,325.0,156.0
RHPL,3/19/2025,397.5,427.0,395.1,399.9,0.6,78135.0,325.0,156.0
RHPL,3/20/2025,399.0,404.0,396.0,397.72,-0.55,18302.0,325.0,156.0
RHPL,3/23/2025,396.0,397.0,385.0,385.37,-3.11,48666.0,325.0,156.0
RHPL,3/24/2025,383.0,389.9,380.0,386.55,0.31,29559.0,325.0,156.0
RHPL,3/25/2025,381.0,382.8,372.4,373.69,-3.33,48570.0,325.0,156.0
RHPL,3/26/2025,380.0,380.0,374.0,378.64,1.32,26959.0,325.0,156.0
RHPL,3/27/2025,377.0,381.0,374.0,379.83,0.31,41441.0,325.0,156.0
RHPL,3/30/2025,376.2,390.6,376.2,387.13,1.92,47259.0,325.0,156.0
RHPL,4/1/2025,380.1,390.0,376.5,381.61,-1.43,34311.0,325.0,156.0
RHPL,4/2/2025,377.0,388.0,377.0,384.5,0.76,14351.0,325.0,156.0
RHPL,4/3/2025,379.0,387.0,379.0,381.99,-0.65,27194.0,325.0,156.0
RHPL,4/7/2025,389.6,389.6,370.0,379.38,-0.68,17178.0,325.0,156.0
RHPL,4/8/2025,374.0,378.0,372.2,376.69,-0.71,23642.0,325.0,156.0
RHPL,4/9/2025,384.0,384.0,373.0,373.56,-0.83,20447.0,325.0,156.0
RHPL,4/10/2025,370.2,383.0,370.1,375.13,0.42,33998.0,325.0,156.0
RHPL,4/13/2025,376.0,392.0,374.3,379.68,1.21,61594.0,325.0,156.0
RHPL,4/15/2025,387.2,400.0,376.0,386.41,1.77,41269.0,325.0,156.0
RHPL,4/16/2025,381.0,407.0,381.0,398.46,3.12,72374.0,325.0,156.0
RHPL,4/17/2025,405.0,410.0,391.0,400.64,0.55,87130.0,325.0,156.0
RHPL,4/20/2025,393.0,403.0,393.0,394.18,-1.61,43915.0,325.0,156.0
RHPL,4/21/2025,388.2,409.0,388.2,403.12,2.27,94624.0,325.0,156.0
RHPL,4/22/2025,395.1,416.0,395.1,402.31,-0.2,105415.0,325.0,156.0
RHPL,4/23/2025,408.9,408.9,393.0,394.67,-1.9,44425.0,325.0,156.0
RHPL,4/24/2025,386.8,401.0,386.8,393.56,-0.28,83140.0,325.0,156.0
RHPL,4/27/2025,398.3,401.7,393.4,397.76,1.07,68497.0,325.0,156.0
RHPL,4/28/2025,399.0,400.0,386.0,389.46,-2.09,63303.0,325.0,156.0
RHPL,4/29/2025,397.0,428.4,391.0,408.73,4.95,246372.0,325.0,156.0
RHPL,4/30/2025,416.9,416.9,401.0,402.53,-1.52,70973.0,325.0,156.0
RHPL,5/4/2025,410.5,410.5,392.0,393.86,-2.15,60321.0,325.0,156.0
RHPL,5/5/2025,401.7,401.7,387.0,388.95,-1.25,42033.0,325.0,156.0
RHPL,5/6/2025,396.7,396.7,382.2,390.49,0.4,54014.0,325.0,156.0
RHPL,5/7/2025,398.2,422.0,395.1,406.62,4.13,129793.0,325.0,156.0
RHPL,5/8/2025,414.7,414.7,398.5,405.81,-0.2,72512.0,325.0,156.0
RHPL,5/11/2025,410.0,413.0,398.4,399.27,-1.61,59234.0,325.0,156.0
RHPL,5/13/2025,402.0,404.9,394.0,394.73,-1.14,50231.0,325.0,156.0
RHPL,5/14/2025,399.0,399.0,383.3,384.48,-2.6,33560.0,325.0,156.0
RHPL,5/15/2025,382.0,388.0,382.0,383.95,-0.14,62088.0,325.0,156.0
RHPL,5/18/2025,389.0,390.0,380.0,380.54,-0.89,52998.0,325.0,156.0
RHPL,5/19/2025,380.0,387.0,379.0,380.29,-0.07,36806.0,325.0,156.0
RHPL,5/20/2025,379.0,393.0,377.0,391.12,2.85,40751.0,325.0,156.0
RHPL,5/21/2025,398.9,405.0,385.3,385.8,-1.36,29670.0,325.0,156.0
RHPL,5/22/2025,385.8,389.8,379.0,380.59,-1.35,44904.0,325.0,156.0
RHPL,5/25/2025,380.5,385.0,376.0,378.92,-0.44,26987.0,325.0,156.0
RHPL,5/26/2025,386.4,386.4,375.0,377.47,-0.38,17808.0,325.0,156.0
RHPL,5/27/2025,377.0,384.0,372.0,376.89,-0.15,41395.0,325.0,156.0
RHPL,5/28/2025,377.0,383.9,376.1,379.61,0.72,27455.0,325.0,156.0
RHPL,6/2/2025,385.0,386.0,375.0,379.08,-0.14,43809.0,325.0,156.0
RHPL,6/3/2025,377.1,384.9,373.0,374.77,-1.14,30414.0,325.0,156.0
RHPL,6/4/2025,371.1,376.8,370.0,372.9,-0.5,28464.0,325.0,156.0
RHPL,6/5/2025,369.1,378.0,369.1,370.63,-0.61,54208.0,325.0,156.0
RHPL,6/8/2025,368.1,392.0,368.1,389.77,5.16,65412.0,325.0,156.0
RHPL,6/9/2025,390.0,390.0,378.0,382.34,-1.91,45826.0,325.0,156.0
RHPL,6/10/2025,380.0,392.6,380.0,385.47,0.82,60039.0,325.0,156.0
RHPL,6/11/2025,380.0,388.0,380.0,383.04,-0.63,63820.0,325.0,156.0
RHPL,6/12/2025,388.0,420.0,381.2,406.0,5.99,284392.0,325.0,156.0
RHPL,6/15/2025,408.0,423.0,408.0,422.03,3.95,206304.0,325.0,156.0
RHPL,6/16/2025,422.1,433.0,407.0,408.62,-3.18,216151.0,325.0,156.0
RHPL,6/17/2025,415.6,418.0,398.9,416.07,1.82,116714.0,325.0,156.0
RHPL,6/18/2025,420.0,457.0,409.0,447.2,7.48,442441.0,325.0,156.0
RHPL,6/19/2025,438.3,438.3,402.5,402.5,-10.0,463525.0,325.0,156.0
RHPL,6/22/2025,402.5,403.0,379.0,380.43,-5.48,162185.0,325.0,156.0
RHPL,6/23/2025,387.8,387.8,377.0,380.31,-0.03,113056.0,325.0,156.0
RHPL,6/24/2025,387.0,387.9,372.0,373.03,-1.91,85103.0,325.0,156.0
RHPL,6/25/2025,380.4,384.0,372.8,377.12,1.1,34131.0,325.0,156.0
RHPL,6/26/2025,375.2,380.0,369.6,370.39,-1.78,106550.0,325.0,156.0
RHPL,6/29/2025,370.0,376.0,363.0,369.45,-0.25,87551.0,325.0,156.0
RHPL,6/30/2025,376.0,376.0,366.0,369.15,-0.08,39605.0,325.0,156.0
RHPL,7/1/2025,366.3,375.8,366.3,374.58,1.47,64333.0,325.0,156.0
RHPL,7/2/2025,379.9,380.0,374.0,378.96,1.17,36158.0,325.0,156.0
RHPL,7/3/2025,380.1,386.0,373.0,374.08,-1.29,61086.0,325.0,156.0
RHPL,7/6/2025,375.0,375.0,369.2,370.17,-1.05,53892.0,325.0,156.0
RHPL,7/7/2025,369.1,375.0,365.6,369.41,-0.21,58426.0,325.0,156.0
RHPL,7/8/2025,362.1,362.1,345.0,350.65,-5.08,338492.0,325.0,156.0
RHPL,7/9/2025,343.7,354.0,342.0,346.87,-1.08,112633.0,325.0,156.0
RHPL,7/10/2025,344.0,348.0,333.0,335.14,-3.38,163896.0,325.0,156.0
RHPL,7/13/2025,335.0,339.9,319.0,324.26,-3.25,171693.0,325.0,156.0
RHPL,7/14/2025,325.0,339.0,320.0,333.19,2.75,118461.0,325.0,156.0
RHPL,7/15/2025,331.0,338.0,330.0,336.7,1.05,33425.0,325.0,156.0
RHPL,7/16/2025,337.4,339.6,333.0,336.35,-0.1,100988.0,325.0,156.0
RHPL,7/17/2025,339.9,367.0,335.0,349.88,4.02,159366.0,325.0,156.0
RHPL,7/20/2025,342.9,369.1,342.9,352.57,0.77,190758.0,325.0,156.0
RHPL,7/21/2025,349.1,355.0,348.0,349.71,-0.81,80973.0,325.0,156.0
RHPL,7/22/2025,353.9,357.0,347.1,355.24,1.58,108005.0,325.0,156.0
RHPL,7/23/2025,350.0,358.0,347.0,349.96,-1.49,77387.0,325.0,156.0
RHPL,7/24/2025,346.2,358.0,346.2,349.21,-0.21,180795.0,325.0,156.0
RHPL,7/27/2025,351.0,353.4,345.0,346.88,-0.67,219063.0,325.0,156.0
RHPL,7/28/2025,349.0,349.0,339.0,343.13,-1.08,110689.0,325.0,156.0
RHPL,7/29/2025,349.9,349.9,341.0,344.33,0.35,98376.0,325.0,156.0
RHPL,7/30/2025,340.2,345.0,335.1,336.26,-2.34,79591.0,325.0,156.0
RHPL,7/31/2025,333.0,369.0,331.1,338.23,0.59,70370.0,325.0,156.0
RHPL,8/3/2025,338.0,342.0,335.0,336.77,-0.43,37640.0,325.0,156.0
RHPL,8/4/2025,336.0,340.0,331.0,332.62,-1.23,45035.0,325.0,156.0
RHPL,8/5/2025,326.0,337.6,326.0,329.59,-0.91,37546.0,325.0,156.0
RHPL,8/6/2025,332.0,333.0,326.4,328.99,-0.18,38047.0,325.0,156.0
RHPL,8/7/2025,325.3,331.0,319.7,326.1,-0.88,105565.0,325.0,156.0
RHPL,8/11/2025,324.1,328.9,314.0,314.78,-3.47,120082.0,325.0,156.0
RHPL,8/12/2025,315.0,318.0,308.0,309.49,-1.68,74327.0,325.0,156.0
RHPL,8/13/2025,310.0,312.0,307.5,309.61,0.04,30399.0,325.0,156.0
RHPL,8/14/2025,309.0,310.7,304.2,306.61,-0.97,43209.0,325.0,156.0
RHPL,8/17/2025,308.0,309.5,300.5,300.95,-1.85,54635.0,325.0,156.0
RHPL,8/18/2025,306.9,306.9,298.0,303.63,0.89,45508.0,325.0,156.0
RHPL,8/19/2025,302.9,309.0,302.9,305.09,0.48,27556.0,325.0,156.0
RHPL,8/20/2025,308.0,321.3,300.0,312.48,2.42,289894.0,325.0,156.0
RHPL,8/21/2025,316.0,328.0,315.0,321.43,2.86,242616.0,325.0,156.0
RHPL,8/24/2025,321.0,350.0,307.0,309.22,-3.8,118203.0,325.0,156.0
RHPL,8/25/2025,308.2,309.0,303.0,304.85,-1.41,68119.0,325.0,156.0
RHPL,8/26/2025,310.9,310.9,305.0,308.48,1.19,26629.0,325.0,156.0
RHPL,8/27/2025,307.0,310.0,305.0,308.35,-0.04,49325.0,325.0,156.0
RHPL,8/28/2025,309.0,314.5,302.9,303.3,-1.64,76689.0,325.0,156.0
RHPL,8/31/2025,309.3,309.3,289.1,293.79,-3.14,117699.0,325.0,156.0
RHPL,9/1/2025,293.0,299.6,289.0,294.21,0.14,70467.0,325.0,156.0
RHPL,9/2/2025,295.0,295.0,291.3,292.51,-0.58,25041.0,325.0,156.0
RHPL,9/3/2025,295.0,295.0,286.0,287.46,-1.73,43562.0,325.0,156.0
RHPL,9/4/2025,289.0,312.0,281.0,288.04,0.2,54615.0,325.0,156.0
RHPL,9/7/2025,288.0,313.8,286.0,287.04,-0.35,26840.0,325.0,156.0
RHPL,9/8/2025,281.3,290.0,281.3,284.14,-1.01,23581.0,325.0,156.0
RHPL,9/18/2025,278.5,278.5,278.5,278.5,-1.98,110.0,325.0,156.0
RHPL,9/21/2025,273.0,291.7,263.7,287.02,3.06,75381.0,325.0,156.0
RHPL,9/23/2025,292.7,294.6,282.0,293.0,2.08,33433.0,325.0,156.0
RHPL,9/24/2025,293.0,295.0,287.3,287.5,-1.88,20820.0,325.0,156.0
RHPL,9/25/2025,287.0,295.9,282.2,288.0,0.17,26050.0,325.0,156.0
RHPL,9/28/2025,284.1,293.9,284.1,290.0,0.69,11456.0,325.0,156.0
RHPL,10/7/2025,292.0,294.9,277.0,279.0,-3.79,38857.0,325.0,156.0
RHPL,10/8/2025,277.0,282.0,267.9,270.1,-3.19,55103.0,325.0,156.0
RHPL,10/9/2025,275.5,286.6,275.0,278.0,2.92,32407.0,325.0,156.0
RHPL,10/12/2025,274.0,275.0,262.4,271.0,-2.52,50930.0,325.0,156.0
RHPL,10/13/2025,265.6,285.0,265.6,284.0,4.8,22599.0,325.0,156.0
RHPL,10/14/2025,278.4,282.5,269.0,272.0,-4.23,19838.0,325.0,156.0
RHPL,10/15/2025,268.0,294.0,263.0,263.3,-3.2,85915.0,325.0,156.0
RHPL,10/16/2025,264.4,267.9,262.0,262.3,-0.38,20532.0,325.0,156.0
RHPL,10/19/2025,262.3,267.0,252.3,262.1,-0.08,27773.0,325.0,156.0
RHPL,10/26/2025,260.0,260.1,254.8,255.0,-2.71,21714.0,325.0,156.0
RHPL,10/28/2025,253.1,267.2,253.1,266.7,4.59,24309.0,325.0,156.0
RHPL,10/29/2025,267.0,275.1,265.0,265.1,-0.6,36274.0,325.0,156.0
RHPL,10/30/2025,268.0,273.3,262.7,272.0,2.6,16624.0,325.0,156.0
RHPL,11/2/2025,273.9,277.4,270.0,273.6,0.59,29470.0,325.0,156.0
RHPL,11/3/2025,271.0,276.0,270.0,272.0,-0.58,23804.0,325.0,156.0
RHPL,11/4/2025,268.3,274.9,268.3,270.0,-0.74,46274.0,325.0,156.0
RHPL,11/5/2025,268.0,272.0,266.3,269.0,-0.37,11165.0,325.0,156.0
RHPL,11/6/2025,268.0,274.0,267.0,268.1,-0.33,92412.0,325.0,156.0
RHPL,11/9/2025,265.0,269.0,264.0,266.0,-0.78,14975.0,325.0,156.0
RHPL,11/10/2025,264.0,270.0,262.2,263.5,-0.94,13628.0,325.0,156.0
RHPL,11/11/2025,268.7,274.0,265.6,273.0,3.61,77314.0,325.0,156.0
RHPL,11/12/2025,272.0,273.0,265.0,266.0,-2.56,26637.0,325.0,156.0
RHPL,11/13/2025,266.0,272.0,263.0,268.0,0.75,25836.0,325.0,156.0
RHPL,11/16/2025,268.0,269.0,264.0,268.0,0.0,30974.0,325.0,156.0
RHPL,11/17/2025,264.1,269.6,263.9,265.0,-1.12,17655.0,325.0,156.0
RHPL,11/18/2025,270.3,270.3,265.0,265.0,0.0,13141.0,325.0,156.0
RHPL,11/19/2025,270.3,272.0,262.0,263.0,-0.75,27455.0,325.0,156.0
RHPL,11/20/2025,260.0,268.2,260.0,261.0,-0.76,31113.0,325.0,156.0
RHPL,11/23/2025,256.0,270.0,255.9,265.1,1.57,56051.0,325.0,156.0
RHPL,11/24/2025,260.4,272.7,260.3,269.8,1.77,27482.0,325.0,156.0
RHPL,11/25/2025,267.0,270.0,266.0,269.9,0.04,18530.0,325.0,156.0
RHPL,11/26/2025,269.0,270.0,267.2,267.5,-0.89,26721.0,325.0,156.0
RHPL,11/27/2025,271.8,271.8,267.6,271.8,1.61,26525.0,325.0,156.0
RHPL,11/30/2025,268.4,274.4,268.0,269.1,-0.99,49404.0,325.0,156.0
RHPL,12/1/2025,266.0,269.0,266.0,267.0,-0.78,11818.0,325.0,156.0
RHPL,12/2/2025,267.0,293.7,267.0,290.0,8.61,267129.0,325.0,156.0
RHPL,12/3/2025,295.0,318.0,284.0,284.0,-2.07,79463.0,325.0,156.0
RHPL,12/7/2025,285.0,286.0,276.0,277.9,-2.15,63048.0,325.0,156.0
RHPL,12/8/2025,275.3,291.0,275.3,278.8,0.32,47159.0,325.0,156.0
RHPL,12/9/2025,280.0,284.2,276.0,280.5,0.61,31645.0,325.0,156.0
RHPL,12/10/2025,278.5,280.5,275.2,277.1,-1.21,19656.0,325.0,156.0
RHPL,12/11/2025,277.0,280.0,275.7,275.7,-0.51,22699.0,325.0,156.0
RHPL,12/14/2025,275.7,280.0,273.0,273.1,-0.94,23420.0,325.0,156.0
RHPL,12/15/2025,272.1,275.0,272.1,273.9,0.29,19499.0,325.0,156.0
RHPL,12/16/2025,273.9,275.0,272.2,274.0,0.04,20431.0,325.0,156.0
RHPL,12/17/2025,272.1,277.5,272.1,275.0,0.36,19153.0,325.0,156.0
RHPL,12/18/2025,271.7,275.0,270.1,272.0,-1.09,26835.0,325.0,156.0
RHPL,12/21/2025,268.2,272.5,267.2,270.0,-0.74,28500.0,325.0,156.0
RHPL,12/22/2025,268.0,270.0,265.6,266.2,-1.41,26695.0,325.0,156.0
RHPL,12/23/2025,271.5,271.5,265.3,268.9,1.01,17571.0,325.0,156.0
RHPL,12/24/2025,266.1,270.0,266.0,268.8,-0.04,17872.0,325.0,156.0
RHPL,12/28/2025,268.8,275.0,268.8,273.9,1.9,24561.0,325.0,156.0
RHPL,12/29/2025,277.0,277.0,270.1,272.9,-0.37,19859.0,325.0,156.0
RHPL,12/31/2025,269.0,274.9,269.0,272.0,-0.33,21052.0,325.0,156.0
RHPL,1/1/2026,269.2,274.0,269.2,272.0,0.0,15797.0,325.0,156.0
RHPL,1/4/2026,270.0,272.0,266.6,269.2,-1.03,14306.0,325.0,156.0
RHPL,1/5/2026,269.0,272.0,268.0,272.0,1.04,26653.0,325.0,156.0
RHPL,1/6/2026,268.1,277.6,268.1,274.5,0.92,33788.0,325.0,156.0
RHPL,1/7/2026,277.7,277.7,268.0,270.0,-1.64,19966.0,325.0,156.0
RHPL,1/8/2026,267.3,271.0,267.3,270.9,0.33,18965.0,325.0,156.0
RHPL,1/12/2026,268.3,296.0,268.1,294.0,8.53,59995.0,325.0,156.0
RHPL,1/13/2026,288.2,288.2,271.0,276.1,-6.09,50927.0,325.0,156.0
RHPL,1/14/2026,274.1,275.0,269.5,270.0,-2.21,42160.0,325.0,156.0
RHPL,1/18/2026,270.3,276.0,270.3,273.0,1.11,31975.0,325.0,156.0
RHPL,1/20/2026,276.0,283.0,273.2,276.7,1.36,75944.0,325.0,156.0
RHPL,1/21/2026,271.2,284.9,271.2,279.0,0.83,48869.0,325.0,156.0
RHPL,1/22/2026,279.0,282.6,276.0,281.1,0.75,34649.0,325.0,156.0
RHPL,1/25/2026,280.0,292.0,280.0,291.0,3.52,82032.0,325.0,156.0
RHPL,1/26/2026,293.7,294.0,283.6,289.9,-0.38,74347.0,325.0,156.0
RHPL,1/27/2026,294.5,299.0,281.3,284.0,-2.04,75361.0,325.0,156.0
RHPL,1/28/2026,281.2,289.0,275.0,289.0,1.76,109632.0,325.0,156.0
RHPL,1/29/2026,294.0,304.9,287.3,292.0,1.04,204562.0,325.0,156.0
RHPL,2/1/2026,290.0,292.0,285.0,287.0,-1.71,27176.0,325.0,156.0
RHPL,2/2/2026,285.0,290.0,281.4,283.0,-1.39,89638.0,325.0,156.0
RHPL,2/3/2026,288.6,288.6,276.5,277.1,-2.08,60079.0,325.0,156.0
RHPL,2/4/2026,277.0,282.5,275.3,280.0,1.05,54168.0,325.0,156.0
RHPL,2/5/2026,277.0,288.0,277.0,285.0,1.79,64251.0,325.0,156.0
RHPL,2/8/2026,285.0,295.0,280.4,281.0,-1.4,43262.0,325.0,156.0
RHPL,2/9/2026,278.2,284.9,276.0,278.0,-1.07,41635.0,325.0,156.0
RHPL,2/10/2026,274.0,284.9,274.0,280.0,0.72,56222.0,325.0,156.0
RHPL,2/11/2026,281.0,284.7,277.1,280.5,0.18,34103.0,325.0,156.0
RHPL,2/12/2026,284.0,308.5,282.0,308.2,9.88,603032.0,325.0,156.0
RHPL,2/16/2026,314.3,322.0,303.0,305.0,-1.04,277243.0,325.0,156.0
RHPL,2/17/2026,305.0,309.5,293.4,294.0,-3.61,157523.0,325.0,156.0
RHPL,2/22/2026,290.0,290.0,280.1,282.0,-4.08,72104.0,325.0,156.0
RHPL,2/23/2026,280.0,289.0,277.0,279.0,-1.06,92412.0,325.0,156.0
RHPL,2/24/2026,283.9,284.0,280.0,284.0,1.79,36620.0,325.0,156.0
RHPL,2/25/2026,284.0,290.8,284.0,285.2,0.42,28492.0,325.0,156.0
RHPL,2/26/2026,285.0,289.0,283.0,284.0,-0.42,28856.0,325.0,156.0
RHPL,2/27/2026,285.0,289.0,283.0,284.0,0.0,28856.0,325.0,156.0
RHPL,2/28/2026,285.0,289.0,283.0,284.0,0.0,28856.0,325.0,156.0
RHPL,3/2/2026,280.1,286.8,280.0,281.0,-1.06,51045.0,325.0,156.0
RHPL,3/3/2026,284.0,293.0,282.0,292.7,4.16,59675.0,325.0,156.0
RHPL,3/4/2026,284.0,293.0,282.0,292.7,0.0,59675.0,325.0,156.0
RHPL,3/5/2026,284.0,293.0,282.0,292.7,0.0,59675.0,325.0,156.0
RHPL,3/6/2026,284.0,293.0,282.0,292.7,0.0,59675.0,325.0,156.0
RHPL,3/7/2026,284.0,293.0,282.0,292.7,0.0,59675.0,325.0,156.0
RHPL,3/8/2026,284.0,293.0,282.0,292.7,0.0,59675.0,325.0,156.0
RHPL,3/9/2026,298.5,321.0,298.5,316.0,7.96,4968.0,325.0,156.0
RHPL,3/10/2026,318.0,318.0,299.1,301.5,-4.59,208899.0,325.0,156.0
RHPL,3/11/2026,301.5,307.0,297.0,301.0,-0.17,82776.0,325.0,156.0
RHPL,3/12/2026,304.9,309.7,299.0,307.9,2.29,77972.0,325.0,156.0
RHPL,3/13/2026,304.9,309.7,299.0,307.9,0.0,77972.0,325.0,156.0
RHPL,3/14/2026,304.9,309.7,299.0,307.9,0.0,77972.0,325.0,156.0
RHPL,3/15/2026,309.0,312.8,305.0,306.2,-0.55,93644.0,325.0,156.0
RHPL,3/16/2026,306.0,308.0,303.5,305.0,-0.39,87240.0,325.0,156.0
RHPL,3/17/2026,305.0,306.0,299.0,304.8,-0.07,217780.0,325.0,156.0
RHPL,3/18/2026,305.0,306.0,299.0,304.8,0.0,217780.0,325.0,156.0
RHPL,3/19/2026,305.0,324.0,304.0,318.0,4.33,344619.0,325.0,156.0
RHPL,3/20/2026,305.0,324.0,304.0,318.0,0.0,344619.0,325.0,156.0
RHPL,3/21/2026,305.0,324.0,304.0,318.0,0.0,344619.0,325.0,156.0
RHPL,3/22/2026,324.0,325.0,308.0,313.3,-1.48,167129.0,325.0,156.0
RHPL,3/23/2026,316.0,320.0,309.0,316.0,0.86,143778.0,325.0,156.0
RHPL,3/24/2026,316.2,325.0,316.2,320.0,1.27,78078.0,325.0,156.0
RHPL,3/25/2026,322.9,322.9,312.1,312.2,-2.44,113416.0,325.0,156.0
RHPL,3/26/2026,314.5,314.8,308.3,314.2,-0.1,55381.0,325.0,156.0
RHPL,3/29/2026,314.0,316.0,302.0,306.0,-2.55,88429.0,325.0,156.0
RHPL,3/30/2026,306.0,308.0,292.2,296.5,-3.1,98719.0,325.0,156.0
RHPL,3/31/2026,302.0,302.0,290.0,297.2,-1.59,50424.0,325.0,156.0
RHPL,4/1/2026,302.9,302.9,289.5,293.8,-3.0,50045.0,325.0,156.0
RHPL,4/2/2026,289.2,295.0,276.1,292.0,0.97,55284.0,325.0,156.0
RHPL,4/5/2026,286.2,293.6,273.0,274.6,-4.05,79919.0,325.0,156.0
RHPL,4/6/2026,275.0,288.0,271.1,285.0,3.64,55382.0,325.0,156.0
RHPL,4/7/2026,290.0,292.9,285.0,287.0,-1.03,37867.0,325.0,156.0
RHPL,4/8/2026,291.9,292.0,288.1,288.1,-1.3,21585.0,325.0,156.0
RHPL,4/9/2026,286.2,297.0,286.2,295.0,3.07,42193.0,325.0,156.0
RHPL,4/10/2026,291.0,297.0,291.0,293.0,0.69,29559.0,325.0,156.0
RHPL,4/13/2026,287.2,299.8,287.2,295.0,2.72,49312.0,325.0,156.0
RHPL,4/15/2026,295.1,301.0,294.0,298.0,0.98,27129.0,325.0,156.0
RHPL,4/16/2026,300.0,300.0,289.0,292.7,-2.43,28943.0,325.0,156.0
RHPL,4/17/2026,288.7,294.0,286.1,292.5,1.32,27163.0,325.0,156.0
RHPL,4/20/2026,287.0,293.0,285.1,288.0,0.35,23755.0,325.0,156.0
RHPL,4/21/2026,282.0,293.0,282.0,286.0,1.42,16974.0,325.0,156.0
RHPL,4/22/2026,285.0,290.0,280.4,288.0,1.05,30225.0,325.0,156.0
RHPL,4/23/2026,285.0,286.5,281.1,281.7,-1.16,16929.0,325.0,156.0
RHPL,4/24/2026,280.0,283.0,279.0,280.4,0.14,18849.0,325.0,156.0
RHPL,4/27/2026,280.4,288.4,280.0,281.0,0.21,19827.0,325.0,156.0
RHPL,4/28/2026,281.0,282.1,279.2,280.0,-0.36,18756.0,325.0,156.0
RHPL,4/29/2026,280.0,285.8,275.2,275.5,-1.61,17325.0,325.0,156.0
RHPL,4/30/2026,275.2,277.0,271.1,275.0,-0.07,21550.0,325.0,156.0
RHPL,5/4/2026,275.0,278.0,273.5,275.0,0.0,14490.0,325.0,156.0
RHPL,5/5/2026,275.0,276.0,271.1,276.0,0.36,14711.0,325.0,156.0
RHPL,5/6/2026,275.0,277.0,275.0,275.5,0.18,7066.0,325.0,156.0
RHPL,5/7/2026,275.0,278.0,272.4,274.0,-0.36,10507.0,325.0,156.0
RHPL,5/8/2026,272.0,278.0,271.0,277.8,2.13,7373.0,325.0,156.0
RHPL,5/11/2026,280.0,287.0,276.2,287.0,2.5,18172.0,325.0,156.0
RHPL,5/12/2026,288.0,288.0,278.2,282.0,-2.08,23584.0,325.0,156.0
RHPL,5/13/2026,289.9,289.9,277.0,277.0,-4.45,12089.0,325.0,156.0
RHPL,5/14/2026,277.0,280.0,275.1,276.0,-0.36,11058.0,325.0,156.0
RHPL,5/15/2026,276.0,281.0,274.1,279.9,1.41,10334.0,325.0,156.0
RHPL,5/18/2026,275.1,279.0,274.0,279.0,1.42,10001.0,325.0,156.0
RHPL,5/19/2026,275.4,279.0,275.3,275.9,0.18,15315.0,325.0,156.0
RHPL,5/20/2026,275.6,282.0,275.6,278.6,1.09,24711.0,325.0,156.0
RHPL,5/21/2026,277.0,282.0,276.6,279.0,0.72,15679.0,325.0,156.0
RHPL,5/22/2026,279.0,280.0,276.1,279.0,0.0,10469.0,325.0,156.0
RHPL,5/25/2026,279.0,285.0,278.0,283.0,1.43,23511.0,325.0,156.0
RHPL,5/26/2026,290.0,290.0,281.8,284.0,-2.07,15293.0,325.0,156.0
RHPL,5/27/2026,285.0,287.0,281.0,283.0,-0.7,17437.0,325.0,156.0
RHPL,6/1/2026,295.0,295.0,276.5,277.5,-5.93,18505.0,325.0,156.0
RHPL,6/2/2026,275.5,285.8,275.5,280.0,1.63,13310.0,325.0,156.0
RHPL,6/3/2026,280.0,283.0,279.0,279.1,-0.32,15436.0,325.0,156.0
RHPL,6/4/2026,283.0,283.0,269.2,276.0,-2.47,82964.0,325.0,156.0
RHPL,6/5/2026,280.0,280.0,274.0,274.0,-2.14,12576.0,325.0,156.0
RHPL,6/8/2026,274.0,279.5,272.1,272.4,-0.58,18662.0,325.0,156.0
RHPL,6/9/2026,275.0,275.0,270.1,272.3,-0.98,17253.0,325.0,156.0
RHPL,6/10/2026,273.2,275.0,270.0,271.1,-0.77,27772.0,325.0,156.0
RHPL,6/11/2026,272.0,272.0,269.0,270.0,-0.74,27969.0,325.0,156.0
RHPL,6/12/2026,268.5,270.0,265.0,265.4,-1.15,44030.0,325.0,156.0
RHPL,6/15/2026,268.0,271.0,266.1,267.0,-0.37,16780.0,325.0,156.0
RHPL,6/16/2026,265.5,269.9,265.0,268.0,0.94,11848.0,325.0,156.0
RHPL,6/17/2026,265.6,268.0,265.6,266.7,0.41,10867.0,325.0,156.0
RHPL,6/18/2026,265.0,270.0,265.0,269.4,1.66,12451.0,325.0,156.0
RHPL,6/19/2026,269.0,272.5,266.4,268.1,-0.33,9138.0,325.0,156.0
RHPL,6/22/2026,268.1,269.0,264.0,265.0,-1.16,23810.0,325.0,156.0
RHPL,6/23/2026,261.0,268.0,261.0,263.2,0.84,15769.0,325.0,156.0
RHPL,6/24/2026,258.1,266.0,258.1,264.1,2.32,20376.0,325.0,156.0
RHPL,6/26/2026,260.5,265.0,260.5,262.0,0.58,10324.0,325.0,156.0
RHPL,6/29/2026,262.1,264.0,259.0,259.5,-0.99,17133.0,325.0,156.0
RHPL,6/30/2026,260.0,262.0,258.3,260.0,0.0,17229.0,325.0,156.0
RHPL,7/1/2026,260.0,267.0,260.0,264.0,1.54,9961.0,325.0,156.0
RHPL,7/2/2026,262.0,262.0,260.1,261.9,-0.04,5280.0,325.0,156.0
RHPL,7/3/2026,259.0,264.5,259.0,264.0,1.93,3399.0,325.0,156.0
RHPL,7/6/2026,262.0,262.9,260.3,262.0,0.0,6623.0,325.0,156.0
RHPL,7/7/2026,260.0,264.0,260.0,263.0,1.15,8851.0,325.0,156.0
RHPL,7/8/2026,260.1,264.0,260.1,261.1,0.38,13970.0,325.0,156.0
RHPL,7/9/2026,260.0,262.0,260.0,260.2,0.08,14193.0,325.0,156.0
RHPL,7/10/2026,261.0,262.4,260.2,260.3,-0.27,9772.0,325.0,156.0
RHPL,7/13/2026,260.2,263.0,255.1,255.1,-1.96,13507.0,325.0,156.0
RHPL,7/14/2026,252.0,257.0,252.0,255.1,1.23,16053.0,325.0,156.0
RHPL,7/15/2026,253.1,260.0,253.1,255.0,0.75,8784.0,325.0,156.0
RHPL,7/16/2026,267.7,267.7,253.0,253.0,-5.49,11999.0,325.0,156.0
RHPL,7/17/2026,253.0,263.6,253.0,263.6,4.19,8545.0,325.0,156.0
RHPL,7/20/2026,263.0,268.2,262.0,267.0,1.52,11309.0,325.0,156.0
RHPL,7/21/2026,265.0,276.0,263.0,271.8,2.57,24913.0,325.0,156.0
RHPL,7/22/2026,271.0,271.0,265.0,265.1,-2.18,11656.0,325.0,156.0
RHPL,7/23/2026,268.0,268.0,263.3,267.0,-0.37,9989.0,325.0,156.0
RHPL,7/24/2026,263.2,270.0,263.2,267.0,1.44,11576.0,325.0,156.0
RHPL,7/27/2026,254.0,269.0,254.0,264.5,4.13,10714.0,325.0,156.0
RHPL,7/28/2026,251.3,263.2,251.3,262.0,4.26,6650.0,325.0,156.0
RHPL,7/29/2026,260.1,265.9,260.1,262.2,0.81,7335.0,325.0,156.0
RHPL,7/30/2026,260.2,263.0,258.1,258.1,-0.81,19919.0,325.0,156.0
RHPL,7/31/2026,258.5,259.9,255.0,259.9,0.54,17625.0,325.0,156.0
RHPL,8/3/2026,255.5,260.0,255.5,257.3,0.7,16246.0,325.0,156.0
RHPL,8/4/2026,258.0,260.0,256.0,256.2,-0.7,6959.0,325.0,156.0
RHPL,8/5/2026,256.0,259.9,256.0,258.0,0.78,6840.0,325.0,156.0
RHPL,8/6/2026,258.0,259.0,256.0,256.5,-0.58,9346.0,325.0,156.0
RHPL,8/7/2026,244.4,259.0,244.4,259.0,5.97,4000.0,325.0,156.0
RHPL,8/10/2026,259.0,261.0,251.5,260.0,0.39,26721.0,325.0,156.0
RHPL,8/11/2026,254.1,259.0,254.1,256.4,0.91,11892.0,325.0,156.0
RHPL,8/12/2026,253.3,257.0,253.3,253.6,0.12,11184.0,325.0,156.0
RHPL,8/13/2026,253.0,260.0,253.0,259.0,2.37,18313.0,325.0,156.0
RHPL,8/14/2026,260.0,260.0,254.0,255.5,-1.73,12280.0,325.0,156.0
RHPL,8/17/2026,255.0,255.0,252.6,253.5,-0.59,8723.0,325.0,156.0
RHPL,8/18/2026,252.0,253.5,251.1,252.1,0.04,8395.0,325.0,156.0
RHPL,8/19/2026,251.0,253.1,250.0,251.7,0.28,8864.0,325.0,156.0
RHPL,8/20/2026,251.0,252.8,248.4,248.4,-1.04,27841.0,325.0,156.0
RHPL,8/21/2026,249.0,252.0,246.2,248.9,-0.04,20492.0,325.0,156.0
RHPL,8/24/2026,248.0,248.0,243.0,243.0,-2.02,38476.0,325.0,156.0
RHPL,8/25/2026,243.0,246.0,240.7,241.4,-0.66,11330.0,325.0,156.0
RHPL,8/26/2026,230.0,230.0,205.2,205.2,-10.78,571997.0,325.0,156.0
RHPL,8/27/2026,195.0,195.0,175.0,188.0,-3.59,420658.0,325.0,156.0
RHPL,8/31/2026,183.0,185.0,163.9,165.9,-9.34,379967.0,325.0,156.0
RHPL,9/1/2026,174.0,175.0,156.0,168.7,-3.05,267473.0,325.0,156.0
RHPL,9/2/2026,168.0,185.4,166.0,178.8,6.43,398731.0,325.0,156.0
RHPL,9/3/2026,175.0,179.7,172.2,173.1,-1.09,115868.0,325.0,156.0
RHPL,9/7/2026,173.0,174.0,170.0,170.2,-1.62,109353.0,325.0,156.0
RHPL,9/9/2026,170.0,170.2,162.0,163.0,-4.12,116106.0,325.0,156.0
RHPL,9/10/2026,160.0,167.9,158.7,167.0,4.38,236673.0,325.0,156.0
RHPL,9/11/2026,175.3,175.3,163.3,169.8,-3.14,104056.0,325.0,156.0
RHPL,9/14/2026,169.8,169.8,165.0,166.8,-1.77,70565.0,325.0,156.0
RHPL,9/15/2026,175.1,180.0,168.1,172.1,-1.71,151557.0,325.0,156.0
RHPL,9/16/2026,175.0,175.0,167.0,170.7,-2.46,91312.0,325.0,156.0
RHPL,9/17/2026,170.0,173.7,170.0,171.7,1.0,67190.0,325.0,156.0
RHPL,9/18/2026,172.0,183.0,170.2,176.0,2.33,156968.0,325.0,156.0
RHPL,9/22/2026,176.0,179.9,172.0,173.9,-1.19,143989.0,325.0,156.0
RHPL,9/23/2026,166.0,175.9,166.0,170.0,2.41,69980.0,325.0,156.0
RHPL,9/24/2026,170.0,176.0,166.5,172.0,1.18,77573.0,325.0,156.0
RHPL,9/28/2026,172.0,173.9,168.5,169.1,-1.69,63957.0,325.0,156.0
RHPL,9/29/2026,177.5,177.5,167.1,0.0,-100.0,20315.0,325.0,156.0
RHPL,9/30/2026,167.0,170.0,167.0,168.0,0.6,32156.0,325.0,156.0
RHPL,10/1/2026,166.4,170.0,166.4,168.0,0.96,35903.0,325.0,156.0
RHPL,10/2/2026,160.0,172.0,160.0,167.4,4.63,40586.0,325.0,156.0
RIDI,12/21/2025,220.0,222.9,220.0,221.0,,44139.0,415.0,214.0
RIDI,12/22/2025,221.0,221.0,218.3,218.9,-0.95,23811.0,415.0,214.0
RIDI,12/23/2025,217.5,219.8,216.0,219.4,0.23,41815.0,415.0,214.0
RIDI,12/24/2025,216.4,221.0,216.2,219.5,0.05,42320.0,415.0,214.0
RIDI,12/28/2025,221.0,224.1,219.6,223.4,1.78,51428.0,415.0,214.0
RIDI,12/29/2025,225.0,226.3,220.7,224.0,0.27,34072.0,415.0,214.0
RIDI,12/31/2025,224.0,227.0,222.2,224.0,0.0,37964.0,415.0,214.0
RIDI,1/1/2026,222.0,225.0,221.0,221.9,-0.94,40422.0,415.0,214.0
RIDI,1/4/2026,221.0,221.0,218.5,218.5,-1.53,49856.0,415.0,214.0
RIDI,1/5/2026,218.5,221.7,218.0,219.1,0.27,82683.0,415.0,214.0
RIDI,1/6/2026,219.2,224.9,219.2,223.0,1.78,48148.0,415.0,214.0
RIDI,1/7/2026,220.0,223.0,220.0,220.1,-1.3,23896.0,415.0,214.0
RIDI,1/8/2026,220.0,223.0,219.0,220.5,0.18,39774.0,415.0,214.0
RIDI,1/12/2026,220.5,222.0,219.0,221.0,0.23,31135.0,415.0,214.0
RIDI,1/13/2026,221.0,222.0,219.0,220.1,-0.41,36972.0,415.0,214.0
RIDI,1/14/2026,221.0,221.4,219.0,220.8,0.32,69129.0,415.0,214.0
RIDI,1/18/2026,220.8,224.5,219.2,224.4,1.63,111924.0,415.0,214.0
RIDI,1/20/2026,227.0,241.7,226.1,233.8,4.19,227803.0,415.0,214.0
RIDI,1/21/2026,236.0,240.0,230.3,235.5,0.73,146437.0,415.0,214.0
RIDI,1/22/2026,232.0,239.7,232.0,237.5,0.85,102852.0,415.0,214.0
RIDI,1/25/2026,237.0,248.0,237.0,245.0,3.16,242110.0,415.0,214.0
RIDI,1/26/2026,245.0,246.0,239.0,244.0,-0.41,200443.0,415.0,214.0
RIDI,1/27/2026,245.9,246.9,234.1,237.0,-2.87,215388.0,415.0,214.0
RIDI,1/28/2026,234.0,240.1,232.0,239.0,0.84,117415.0,415.0,214.0
RIDI,1/29/2026,241.0,255.0,240.0,246.5,3.14,416129.0,415.0,214.0
RIDI,2/1/2026,246.5,254.9,243.1,246.5,0.0,171897.0,415.0,214.0
RIDI,2/2/2026,245.0,249.0,241.2,244.0,-1.01,91794.0,415.0,214.0
RIDI,2/3/2026,240.1,246.9,236.1,239.0,-2.05,128138.0,415.0,214.0
RIDI,2/4/2026,236.0,245.0,236.0,239.7,0.29,85266.0,415.0,214.0
RIDI,2/5/2026,237.0,263.6,237.0,263.6,9.97,894684.0,415.0,214.0
RIDI,2/8/2026,268.8,289.9,268.8,289.9,9.98,1658725.0,415.0,214.0
RIDI,2/9/2026,295.6,318.8,284.29,316.3,9.11,2517995.0,415.0,214.0
RIDI,2/10/2026,320.0,332.0,304.0,305.0,-3.57,1229636.0,415.0,214.0
RIDI,2/11/2026,310.0,335.5,301.0,334.5,9.67,2030944.0,415.0,214.0
RIDI,2/12/2026,340.0,342.0,320.0,322.9,-3.47,1271708.0,415.0,214.0
RIDI,2/16/2026,320.0,336.0,306.0,329.0,1.89,2014126.0,415.0,214.0
RIDI,2/17/2026,335.0,343.2,323.4,324.0,-1.52,1599384.0,415.0,214.0
RIDI,2/22/2026,324.0,328.0,295.0,297.0,-8.33,1213582.0,415.0,214.0
RIDI,2/23/2026,301.0,309.8,281.0,289.0,-2.69,1091227.0,415.0,214.0
RIDI,2/24/2026,294.7,300.0,290.0,297.0,2.77,389242.0,415.0,214.0
RIDI,2/25/2026,291.1,305.9,291.1,299.4,0.81,493119.0,415.0,214.0
RIDI,2/26/2026,293.5,304.0,289.1,291.0,-2.81,447312.0,415.0,214.0
RIDI,2/27/2026,293.5,304.0,289.1,291.0,0.0,447312.0,415.0,214.0
RIDI,2/28/2026,293.5,304.0,289.1,291.0,0.0,447312.0,415.0,214.0
RIDI,3/2/2026,290.3,302.0,285.0,301.0,3.44,655403.0,415.0,214.0
RIDI,3/3/2026,305.0,315.0,300.0,311.3,3.42,892830.0,415.0,214.0
RIDI,3/4/2026,305.0,315.0,300.0,311.3,0.0,892830.0,415.0,214.0
RIDI,3/5/2026,305.0,315.0,300.0,311.3,0.0,892830.0,415.0,214.0
RIDI,3/6/2026,305.0,315.0,300.0,311.3,0.0,892830.0,415.0,214.0
RIDI,3/7/2026,305.0,315.0,300.0,311.3,0.0,892830.0,415.0,214.0
RIDI,3/8/2026,305.0,315.0,300.0,311.3,0.0,892830.0,415.0,214.0
RIDI,3/9/2026,317.5,342.4,317.5,342.0,9.86,54168.0,415.0,214.0
RIDI,3/10/2026,340.0,340.0,324.0,332.0,-2.92,1810745.0,415.0,214.0
RIDI,3/11/2026,338.6,365.2,327.0,351.0,5.72,2437330.0,415.0,214.0
RIDI,3/12/2026,352.9,369.0,348.0,350.0,-0.28,1093570.0,415.0,214.0
RIDI,3/13/2026,352.9,369.0,348.0,350.0,0.0,1093570.0,415.0,214.0
RIDI,3/14/2026,352.9,369.0,348.0,350.0,0.0,1093570.0,415.0,214.0
RIDI,3/15/2026,353.0,370.0,345.1,360.8,3.09,1906230.0,415.0,214.0
RIDI,3/16/2026,360.0,368.2,353.0,364.0,0.89,987176.0,415.0,214.0
RIDI,3/17/2026,360.0,380.1,360.0,370.0,1.65,1517486.0,415.0,214.0
RIDI,3/18/2026,360.0,380.1,360.0,370.0,0.0,1517486.0,415.0,214.0
RIDI,3/19/2026,370.0,377.0,362.5,364.0,-1.62,1696461.0,415.0,214.0
RIDI,3/20/2026,370.0,377.0,362.5,364.0,0.0,1696461.0,415.0,214.0
RIDI,3/21/2026,370.0,377.0,362.5,364.0,0.0,1696461.0,415.0,214.0
RIDI,3/22/2026,364.0,368.9,350.1,355.1,-2.45,1347686.0,415.0,214.0
RIDI,3/23/2026,362.0,362.0,352.1,355.0,-0.03,722527.0,415.0,214.0
RIDI,3/24/2026,355.0,359.9,347.0,351.9,-0.87,862584.0,415.0,214.0
RIDI,3/25/2026,355.0,367.0,352.5,356.9,1.42,732605.0,415.0,214.0
RIDI,3/26/2026,356.0,379.4,351.2,379.0,6.46,1220472.0,415.0,214.0
RIDI,3/29/2026,380.0,385.0,366.0,377.0,-0.79,1876921.0,415.0,214.0
RIDI,3/30/2026,377.0,393.0,373.2,380.0,0.8,1779539.0,415.0,214.0
RIDI,3/31/2026,387.6,387.6,364.0,367.8,-5.11,1305193.0,415.0,214.0
RIDI,4/1/2026,361.0,364.3,340.2,348.0,-3.6,1166475.0,415.0,214.0
RIDI,4/2/2026,350.0,357.0,335.0,347.9,-0.6,700868.0,415.0,214.0
RIDI,4/5/2026,341.0,341.0,315.0,316.0,-7.33,953928.0,415.0,214.0
RIDI,4/6/2026,320.9,347.6,317.0,347.6,8.32,894154.0,415.0,214.0
RIDI,4/7/2026,350.0,356.0,338.0,343.0,-2.0,537721.0,415.0,214.0
RIDI,4/8/2026,349.0,355.8,343.0,348.0,-0.29,682410.0,415.0,214.0
RIDI,4/9/2026,350.0,372.1,349.0,372.0,6.29,1132834.0,415.0,214.0
RIDI,4/10/2026,372.0,385.0,368.8,371.0,-0.27,1016874.0,415.0,214.0
RIDI,4/13/2026,371.0,385.0,369.2,379.5,2.29,1292336.0,415.0,214.0
RIDI,4/15/2026,372.0,388.0,371.0,375.1,0.83,989186.0,415.0,214.0
RIDI,4/16/2026,382.0,382.0,363.0,364.2,-4.66,862811.0,415.0,214.0
RIDI,4/17/2026,371.0,372.0,353.0,365.0,-1.62,937821.0,415.0,214.0
RIDI,4/20/2026,383.0,383.0,354.0,355.0,-7.31,289933.0,415.0,214.0
RIDI,4/21/2026,340.0,361.9,338.0,350.0,2.94,361244.0,415.0,214.0
RIDI,4/22/2026,350.0,367.0,340.0,355.3,1.51,556519.0,415.0,214.0
RIDI,4/23/2026,373.0,373.0,349.5,357.5,-4.16,456263.0,415.0,214.0
RIDI,4/24/2026,375.0,375.0,350.0,362.0,-3.47,757379.0,415.0,214.0
RIDI,4/27/2026,380.0,380.0,353.0,356.3,-6.24,265791.0,415.0,214.0
RIDI,4/28/2026,338.5,361.0,338.5,348.0,2.81,546516.0,415.0,214.0
RIDI,4/29/2026,360.0,360.0,339.9,340.9,-5.31,330123.0,415.0,214.0
RIDI,4/30/2026,323.9,354.0,323.9,349.0,7.75,322578.0,415.0,214.0
RIDI,5/4/2026,349.0,353.9,334.2,335.9,-3.75,226091.0,415.0,214.0
RIDI,5/5/2026,352.0,352.0,333.0,338.0,-3.98,180120.0,415.0,214.0
RIDI,5/6/2026,338.0,346.0,335.1,336.9,-0.33,187186.0,415.0,214.0
RIDI,5/7/2026,336.1,342.8,330.0,337.9,0.54,239230.0,415.0,214.0
RIDI,5/8/2026,343.8,349.0,337.1,346.8,0.87,294378.0,415.0,214.0
RIDI,5/11/2026,353.7,357.0,348.0,355.6,0.54,449324.0,415.0,214.0
RIDI,5/12/2026,373.3,373.3,346.0,346.1,-7.29,489605.0,415.0,214.0
RIDI,5/13/2026,345.0,351.5,341.1,349.0,1.16,285769.0,415.0,214.0
RIDI,5/14/2026,350.9,352.6,345.0,350.9,0.0,159554.0,415.0,214.0
RIDI,5/15/2026,350.1,353.8,344.0,345.0,-1.46,234554.0,415.0,214.0
RIDI,5/18/2026,327.8,351.0,327.8,346.0,5.55,85887.0,415.0,214.0
RIDI,5/19/2026,328.7,348.9,328.7,341.0,3.74,175988.0,415.0,214.0
RIDI,5/20/2026,342.2,355.9,340.0,354.1,3.48,320711.0,415.0,214.0
RIDI,5/21/2026,337.0,370.0,337.0,357.0,5.93,424901.0,415.0,214.0
RIDI,5/22/2026,354.0,370.2,354.0,366.7,3.59,672478.0,415.0,214.0
RIDI,5/25/2026,368.0,378.1,365.1,367.0,-0.27,809824.0,415.0,214.0
RIDI,5/26/2026,385.0,385.0,361.0,364.9,-5.22,455186.0,415.0,214.0
RIDI,5/27/2026,365.0,385.0,365.0,376.0,3.01,1144591.0,415.0,214.0
RIDI,6/1/2026,376.0,378.0,363.4,365.0,-2.93,481734.0,415.0,214.0
RIDI,6/2/2026,347.0,376.0,347.0,369.0,6.34,703779.0,415.0,214.0
RIDI,6/3/2026,370.0,373.2,363.0,364.0,-1.62,556015.0,415.0,214.0
RIDI,6/4/2026,375.0,375.0,354.0,358.4,-4.43,393409.0,415.0,214.0
RIDI,6/5/2026,355.1,359.0,348.0,352.0,-0.87,430825.0,415.0,214.0
RIDI,6/8/2026,335.0,355.0,335.0,346.2,3.34,238849.0,415.0,214.0
RIDI,6/9/2026,328.9,357.0,328.9,352.1,7.05,347758.0,415.0,214.0
RIDI,6/10/2026,334.5,360.0,334.5,350.0,4.63,284467.0,415.0,214.0
RIDI,6/11/2026,332.5,353.9,332.5,345.0,3.76,221893.0,415.0,214.0
RIDI,6/12/2026,343.0,352.1,343.0,347.8,1.4,156511.0,415.0,214.0
RIDI,6/15/2026,330.5,359.0,330.5,344.9,4.36,175295.0,415.0,214.0
RIDI,6/16/2026,360.0,360.0,340.0,343.5,-4.58,190745.0,415.0,214.0
RIDI,6/17/2026,327.0,348.6,327.0,345.0,5.5,119134.0,415.0,214.0
RIDI,6/18/2026,349.0,349.0,342.5,344.0,-1.43,140339.0,415.0,214.0
RIDI,6/19/2026,344.0,346.0,340.0,343.2,-0.23,106890.0,415.0,214.0
RIDI,6/22/2026,360.1,360.1,342.0,344.0,-4.47,200895.0,415.0,214.0
RIDI,6/23/2026,326.8,344.5,326.8,335.0,2.51,233798.0,415.0,214.0
RIDI,6/24/2026,319.0,342.0,319.0,342.0,7.21,241933.0,415.0,214.0
RIDI,6/26/2026,338.5,338.5,330.0,334.0,-1.33,146337.0,415.0,214.0
RIDI,6/29/2026,334.0,334.0,328.0,329.9,-1.23,118762.0,415.0,214.0
RIDI,6/30/2026,313.5,332.5,313.5,326.9,4.27,97236.0,415.0,214.0
RIDI,7/1/2026,325.0,337.0,322.6,336.0,3.38,193210.0,415.0,214.0
RIDI,7/2/2026,336.0,336.0,329.0,333.6,-0.71,72024.0,415.0,214.0
RIDI,7/3/2026,333.9,336.3,330.3,331.0,-0.87,106358.0,415.0,214.0
RIDI,7/6/2026,331.1,333.5,320.0,324.0,-2.14,191773.0,415.0,214.0
RIDI,7/7/2026,307.8,335.9,307.8,335.5,9.0,233464.0,415.0,214.0
RIDI,7/8/2026,342.0,342.0,322.5,324.0,-5.26,145830.0,415.0,214.0
RIDI,7/9/2026,327.0,330.0,321.0,326.5,-0.15,130033.0,415.0,214.0
RIDI,7/10/2026,325.1,331.8,324.0,324.5,-0.18,143335.0,415.0,214.0
RIDI,7/13/2026,309.0,332.0,309.0,315.9,2.23,210156.0,415.0,214.0
RIDI,7/14/2026,301.0,325.0,301.0,316.0,4.98,235844.0,415.0,214.0
RIDI,7/15/2026,301.0,326.5,301.0,322.0,6.98,174573.0,415.0,214.0
RIDI,7/16/2026,328.0,330.0,323.0,326.0,-0.61,494227.0,415.0,214.0
RIDI,7/17/2026,309.7,349.9,309.7,349.5,12.85,447865.0,415.0,214.0
RIDI,7/20/2026,332.1,362.9,332.1,359.7,8.31,576803.0,415.0,214.0
RIDI,7/21/2026,350.0,380.0,350.0,378.9,8.26,1497165.0,415.0,214.0
RIDI,7/22/2026,390.0,390.0,368.0,386.0,-1.03,1107447.0,415.0,214.0
RIDI,7/23/2026,380.0,384.0,375.0,378.1,-0.5,658719.0,415.0,214.0
RIDI,7/24/2026,360.0,385.9,360.0,370.0,2.78,824107.0,415.0,214.0
RIDI,7/27/2026,355.0,377.0,355.0,366.0,3.1,598395.0,415.0,214.0
RIDI,7/28/2026,355.0,375.0,355.0,372.0,4.79,575325.0,415.0,214.0
RIDI,7/29/2026,365.0,377.0,365.0,369.9,1.34,389549.0,415.0,214.0
RIDI,7/30/2026,368.6,372.0,360.7,363.0,-1.52,294672.0,415.0,214.0
RIDI,7/31/2026,345.0,371.0,345.0,370.0,7.25,469740.0,415.0,214.0
RIDI,8/3/2026,370.2,376.0,366.0,367.8,-0.65,560763.0,415.0,214.0
RIDI,8/4/2026,368.9,368.9,359.6,363.0,-1.6,363171.0,415.0,214.0
RIDI,8/5/2026,363.0,387.2,362.0,384.0,5.79,931453.0,415.0,214.0
RIDI,8/6/2026,385.0,415.0,380.0,384.9,-0.03,1213509.0,415.0,214.0
RIDI,8/7/2026,384.9,388.8,375.0,375.0,-2.57,606959.0,415.0,214.0
RIDI,8/10/2026,360.0,391.3,360.0,386.0,7.22,762163.0,415.0,214.0
RIDI,8/11/2026,375.0,396.4,375.0,377.0,0.53,879886.0,415.0,214.0
RIDI,8/12/2026,377.0,380.0,370.1,375.0,-0.53,275981.0,415.0,214.0
RIDI,8/13/2026,393.7,393.7,368.3,371.0,-5.77,260835.0,415.0,214.0
RIDI,8/14/2026,371.0,374.9,365.3,367.9,-0.84,264116.0,415.0,214.0
RIDI,8/17/2026,349.6,375.0,349.6,361.6,3.43,450230.0,415.0,214.0
RIDI,8/18/2026,362.0,367.0,358.0,359.6,-0.66,425770.0,415.0,214.0
RIDI,8/19/2026,357.0,366.0,356.0,361.3,1.2,234646.0,415.0,214.0
RIDI,8/20/2026,365.0,365.0,356.1,364.8,-0.05,258955.0,415.0,214.0
RIDI,8/21/2026,365.0,371.9,358.0,359.9,-1.4,513142.0,415.0,214.0
RIDI,8/24/2026,360.0,361.9,356.5,357.0,-0.83,262744.0,415.0,214.0
RIDI,8/25/2026,356.5,360.0,350.1,351.9,-1.29,344936.0,415.0,214.0
RIDI,8/26/2026,354.9,354.9,341.0,343.0,-3.35,348571.0,415.0,214.0
RIDI,8/27/2026,342.0,349.8,339.0,345.9,1.14,265159.0,415.0,214.0
RIDI,8/31/2026,343.0,344.9,335.5,339.5,-1.02,214321.0,415.0,214.0
RIDI,9/1/2026,340.0,349.9,337.0,347.7,2.26,264912.0,415.0,214.0
RIDI,9/2/2026,350.0,353.0,344.3,352.0,0.57,275315.0,415.0,214.0
RIDI,9/3/2026,355.0,357.0,342.0,344.0,-3.1,272952.0,415.0,214.0
RIDI,9/7/2026,344.0,352.9,344.0,347.7,1.08,232720.0,415.0,214.0
RIDI,9/9/2026,348.0,353.9,344.7,347.9,-0.03,287314.0,415.0,214.0
RIDI,9/10/2026,347.1,350.8,341.1,346.8,-0.09,327974.0,415.0,214.0
RIDI,9/11/2026,346.0,351.0,343.2,351.0,1.45,253155.0,415.0,214.0
RIDI,9/14/2026,350.0,358.0,345.1,350.0,0.0,363246.0,415.0,214.0
RIDI,9/15/2026,367.0,367.0,353.5,355.0,-3.27,319097.0,415.0,214.0
RIDI,9/16/2026,355.1,356.9,345.0,349.2,-1.66,252869.0,415.0,214.0
RIDI,9/17/2026,350.0,353.9,345.5,346.0,-1.14,135769.0,415.0,214.0
RIDI,9/18/2026,350.9,352.9,344.0,347.0,-1.11,322671.0,415.0,214.0
RIDI,9/22/2026,350.0,356.4,346.2,349.7,-0.09,320644.0,415.0,214.0
RIDI,9/23/2026,348.2,351.0,342.0,344.6,-1.03,252169.0,415.0,214.0
RIDI,9/24/2026,347.0,347.0,341.0,343.0,-1.15,218996.0,415.0,214.0
RIDI,9/28/2026,343.0,346.5,339.0,339.6,-0.99,160300.0,415.0,214.0
RIDI,9/29/2026,340.0,344.4,335.2,0.0,-100.0,82650.0,415.0,214.0
RIDI,9/30/2026,341.1,346.6,336.0,339.0,-0.62,289391.0,415.0,214.0
RIDI,10/1/2026,339.0,341.0,336.5,338.0,-0.29,124749.0,415.0,214.0
RIDI,10/2/2026,330.0,342.0,330.0,335.9,1.79,184492.0,415.0,214.0
RLEL,3/29/2026,300.0,330.0,300.0,330.0,10.0,190.0,1592.3,300.0
RLEL,3/30/2026,335.5,363.0,335.5,363.0,8.2,150.0,1592.3,300.0
RLEL,3/31/2026,370.0,399.3,370.0,399.3,7.92,170.0,1592.3,300.0
RLEL,4/1/2026,400.5,439.2,400.5,439.2,9.66,150.0,1592.3,300.0
RLEL,4/2/2026,445.0,483.1,445.0,483.1,8.56,270.0,1592.3,300.0
RLEL,4/5/2026,492.7,531.4,492.7,531.4,7.85,440.0,1592.3,300.0
RLEL,4/6/2026,542.0,584.5,542.0,584.5,7.84,430.0,1592.3,300.0
RLEL,4/7/2026,596.1,642.9,596.1,642.9,7.85,510.0,1592.3,300.0
RLEL,4/8/2026,655.7,707.1,655.7,707.1,7.84,830.0,1592.3,300.0
RLEL,4/9/2026,721.2,777.8,721.2,777.8,7.85,1200.0,1592.3,300.0
RLEL,4/10/2026,793.3,855.5,793.3,855.5,7.84,1290.0,1592.3,300.0
RLEL,4/13/2026,872.6,941.0,872.6,941.0,7.84,1960.0,1592.3,300.0
RLEL,4/15/2026,959.8,1035.1,959.8,1035.1,7.85,2500.0,1592.3,300.0
RLEL,4/16/2026,1055.0,1138.6,1055.0,1138.6,7.92,3660.0,1592.3,300.0
RLEL,4/17/2026,1116.1,1252.4,1116.1,1252.4,12.21,12230.0,1592.3,300.0
RLEL,4/20/2026,1315.0,1440.2,1207.0,1390.0,5.7,140360.0,1592.3,300.0
RLEL,4/21/2026,1455.0,1592.3,1310.0,1400.0,-3.78,62780.0,1592.3,300.0
RLEL,4/22/2026,1428.0,1430.0,1265.0,1352.0,-5.32,71250.0,1592.3,300.0
RLEL,4/23/2026,1352.0,1431.7,1260.2,1279.9,-5.33,88355.0,1592.3,300.0
RLEL,4/24/2026,1279.9,1340.0,1242.0,1321.1,3.22,46369.0,1592.3,300.0
RLEL,4/27/2026,1321.1,1354.0,1275.0,1276.0,-3.41,43856.0,1592.3,300.0
RLEL,4/28/2026,1270.0,1290.0,1145.0,1145.0,-9.84,54167.0,1592.3,300.0
RLEL,4/29/2026,1145.0,1202.2,1100.0,1131.0,-1.22,51593.0,1592.3,300.0
RLEL,4/30/2026,1131.0,1175.0,1080.1,1150.0,1.68,34662.0,1592.3,300.0
RLEL,5/4/2026,1150.0,1180.0,1118.0,1131.0,-1.65,35656.0,1592.3,300.0
RLEL,5/5/2026,1140.0,1160.0,1110.6,1145.0,0.44,44625.0,1592.3,300.0
RLEL,5/6/2026,1150.0,1214.6,1125.0,1175.0,2.17,31627.0,1592.3,300.0
RLEL,5/7/2026,1175.0,1175.0,1130.1,1160.0,-1.28,20584.0,1592.3,300.0
RLEL,5/8/2026,1118.0,1199.9,1118.0,1170.0,4.65,34019.0,1592.3,300.0
RLEL,5/11/2026,1228.5,1228.5,1168.0,1168.0,-4.92,17610.0,1592.3,300.0
RLEL,5/12/2026,1198.0,1198.0,1105.0,1108.0,-7.51,22120.0,1592.3,300.0
RLEL,5/13/2026,1095.0,1095.0,1045.0,1054.0,-3.74,24683.0,1592.3,300.0
RLEL,5/14/2026,1070.0,1070.0,975.0,1004.0,-6.17,24421.0,1592.3,300.0
RLEL,5/15/2026,1004.0,1030.0,985.0,997.0,-0.7,15358.0,1592.3,300.0
RLEL,5/18/2026,978.0,1026.9,978.0,1000.0,2.25,12055.0,1592.3,300.0
RLEL,5/19/2026,1000.0,1030.0,985.1,986.5,-1.35,11571.0,1592.3,300.0
RLEL,5/20/2026,975.0,1017.0,975.0,1010.0,3.59,10983.0,1592.3,300.0
RLEL,5/21/2026,1000.1,1025.0,979.4,999.0,-0.11,20255.0,1592.3,300.0
RLEL,5/22/2026,985.0,1027.0,975.0,1026.9,4.25,12636.0,1592.3,300.0
RLEL,5/25/2026,1026.0,1098.0,1026.0,1080.2,5.28,28764.0,1592.3,300.0
RLEL,5/26/2026,1080.0,1105.0,1058.0,1080.0,0.0,25424.0,1592.3,300.0
RLEL,5/27/2026,1027.1,1085.0,1027.1,1075.0,4.66,12266.0,1592.3,300.0
RLEL,6/1/2026,1075.0,1099.0,1007.0,1025.0,-4.65,18907.0,1592.3,300.0
RLEL,6/2/2026,1020.0,1029.0,974.1,1010.0,-0.98,21448.0,1592.3,300.0
RLEL,6/3/2026,1000.0,1015.0,980.0,990.0,-1.0,18986.0,1592.3,300.0
RLEL,6/4/2026,982.2,1003.6,951.6,965.0,-1.75,15794.0,1592.3,300.0
RLEL,6/5/2026,965.0,970.0,919.6,928.0,-3.83,25466.0,1592.3,300.0
RLEL,6/8/2026,970.0,970.0,890.3,899.0,-7.32,14681.0,1592.3,300.0
RLEL,6/9/2026,882.3,910.0,875.1,910.0,3.14,16963.0,1592.3,300.0
RLEL,6/10/2026,910.0,955.0,910.0,947.9,4.16,10719.0,1592.3,300.0
RLEL,6/11/2026,995.2,995.2,900.3,925.0,-7.05,9729.0,1592.3,300.0
RLEL,6/12/2026,901.0,922.0,900.1,922.0,2.33,6556.0,1592.3,300.0
RLEL,6/15/2026,920.0,945.0,904.7,924.0,0.43,8698.0,1592.3,300.0
RLEL,6/16/2026,937.9,937.9,903.2,906.3,-3.37,6077.0,1592.3,300.0
RLEL,6/17/2026,905.0,920.0,895.0,903.8,-0.13,7163.0,1592.3,300.0
RLEL,6/18/2026,901.1,908.9,892.0,905.0,0.43,4634.0,1592.3,300.0
RLEL,6/19/2026,894.7,915.0,894.7,910.0,1.71,6632.0,1592.3,300.0
RLEL,6/22/2026,910.0,930.0,910.0,923.6,1.49,8263.0,1592.3,300.0
RLEL,6/23/2026,900.1,905.0,889.0,890.0,-1.12,8594.0,1592.3,300.0
RLEL,6/24/2026,880.0,898.0,857.0,887.0,0.8,10346.0,1592.3,300.0
RLEL,6/26/2026,862.0,874.5,853.5,870.0,0.93,3663.0,1592.3,300.0
RLEL,6/29/2026,870.0,870.0,840.0,867.0,-0.34,5587.0,1592.3,300.0
RLEL,6/30/2026,842.1,858.0,841.0,851.0,1.06,11107.0,1592.3,300.0
RLEL,7/1/2026,830.0,880.0,830.0,860.1,3.63,4141.0,1592.3,300.0
RLEL,7/2/2026,848.0,864.5,845.0,858.0,1.18,4228.0,1592.3,300.0
RLEL,7/3/2026,850.0,869.1,839.0,860.0,1.18,7183.0,1592.3,300.0
RLEL,7/6/2026,850.0,885.8,835.1,845.0,-0.59,4841.0,1592.3,300.0
RLEL,7/7/2026,830.0,850.0,830.0,840.0,1.2,3582.0,1592.3,300.0
RLEL,7/8/2026,860.0,860.0,801.0,809.0,-5.93,7238.0,1592.3,300.0
RLEL,7/9/2026,800.0,823.0,768.0,768.0,-4.0,5453.0,1592.3,300.0
RLEL,7/10/2026,768.0,790.0,751.1,755.0,-1.69,5519.0,1592.3,300.0
RLEL,7/13/2026,738.0,756.0,735.0,735.0,-0.41,15101.0,1592.3,300.0
RLEL,7/14/2026,720.1,733.0,700.4,733.0,1.79,9458.0,1592.3,300.0
RLEL,7/15/2026,733.0,752.9,725.0,743.8,1.47,8733.0,1592.3,300.0
RLEL,7/16/2026,743.8,750.0,696.0,713.0,-4.14,7825.0,1592.3,300.0
RLEL,7/17/2026,740.0,799.0,731.1,799.0,7.97,20326.0,1592.3,300.0
RLEL,7/20/2026,820.0,916.0,785.0,916.0,11.71,31692.0,1592.3,300.0
RLEL,7/21/2026,940.0,950.0,880.1,905.0,-3.72,19232.0,1592.3,300.0
RLEL,7/22/2026,888.1,913.0,867.0,893.9,0.65,14317.0,1592.3,300.0
RLEL,7/23/2026,867.1,948.4,867.1,940.0,8.41,19571.0,1592.3,300.0
RLEL,7/24/2026,930.0,975.4,905.0,970.0,4.3,28028.0,1592.3,300.0
RLEL,7/27/2026,941.0,970.0,877.0,890.1,-5.41,14627.0,1592.3,300.0
RLEL,7/28/2026,863.4,929.0,846.0,905.0,4.82,13773.0,1592.3,300.0
RLEL,7/29/2026,877.9,910.0,867.0,899.0,2.4,4575.0,1592.3,300.0
RLEL,7/30/2026,875.4,903.0,850.0,867.8,-0.87,11208.0,1592.3,300.0
RLEL,7/31/2026,848.0,890.0,847.4,885.7,4.45,6130.0,1592.3,300.0
RLEL,8/3/2026,865.0,916.0,865.0,909.9,5.19,17588.0,1592.3,300.0
RLEL,8/4/2026,890.0,915.0,880.0,905.0,1.69,8017.0,1592.3,300.0
RLEL,8/5/2026,878.0,900.0,878.0,898.0,2.28,6282.0,1592.3,300.0
RLEL,8/6/2026,885.0,905.0,885.0,886.0,0.11,3583.0,1592.3,300.0
RLEL,8/7/2026,928.0,928.0,877.0,890.0,-4.09,4579.0,1592.3,300.0
RLEL,8/10/2026,889.0,890.0,866.0,867.0,-2.47,3697.0,1592.3,300.0
RLEL,8/11/2026,867.0,874.0,855.1,863.0,-0.46,3805.0,1592.3,300.0
RLEL,8/12/2026,865.0,906.0,826.0,855.0,-1.16,18108.0,1592.3,300.0
RLEL,8/13/2026,850.1,861.0,838.3,855.0,0.58,3485.0,1592.3,300.0
RLEL,8/14/2026,853.0,890.0,853.0,890.0,4.34,10283.0,1592.3,300.0
RLEL,8/17/2026,870.0,899.7,870.0,899.7,3.41,4660.0,1592.3,300.0
RLEL,8/18/2026,899.7,920.0,860.0,920.0,2.26,23257.0,1592.3,300.0
RLEL,8/19/2026,920.0,920.0,853.5,888.9,-3.38,8109.0,1592.3,300.0
RLEL,8/20/2026,888.0,925.0,867.0,925.0,4.17,29089.0,1592.3,300.0
RLEL,8/21/2026,925.0,940.0,901.0,925.9,0.1,16181.0,1592.3,300.0
RLEL,8/24/2026,900.0,993.0,880.0,910.0,1.11,29515.0,1592.3,300.0
RLEL,8/25/2026,864.5,896.0,850.0,874.9,1.2,21652.0,1592.3,300.0
RLEL,8/26/2026,831.2,908.0,829.0,853.0,2.62,17276.0,1592.3,300.0
RLEL,8/27/2026,810.4,844.0,797.0,844.0,4.15,17401.0,1592.3,300.0
RLEL,8/31/2026,801.8,921.0,790.0,790.0,-1.47,9255.0,1592.3,300.0
RLEL,9/1/2026,780.0,810.0,780.0,790.0,1.28,3901.0,1592.3,300.0
RLEL,9/2/2026,780.0,810.0,766.1,790.0,1.28,10835.0,1592.3,300.0
RLEL,9/3/2026,790.0,790.0,770.0,772.0,-2.28,4752.0,1592.3,300.0
RLEL,9/7/2026,770.0,790.0,729.0,760.0,-1.3,16786.0,1592.3,300.0
RLEL,9/9/2026,741.0,775.0,720.0,762.9,2.96,14441.0,1592.3,300.0
RLEL,9/10/2026,740.2,765.2,718.0,755.0,2.0,9880.0,1592.3,300.0
RLEL,9/11/2026,733.0,759.0,704.3,759.0,3.55,16617.0,1592.3,300.0
RLEL,9/14/2026,759.0,789.9,741.0,789.9,4.07,19826.0,1592.3,300.0
RLEL,9/15/2026,829.0,829.0,766.3,828.0,-0.12,30058.0,1592.3,300.0
RLEL,9/16/2026,836.6,836.6,747.9,784.9,-6.18,15646.0,1592.3,300.0
RLEL,9/17/2026,800.0,800.0,748.0,773.0,-3.38,21759.0,1592.3,300.0
RLEL,9/18/2026,773.0,774.0,741.1,764.9,-1.05,14774.0,1592.3,300.0
RLEL,9/22/2026,766.0,774.0,759.0,766.0,0.0,7369.0,1592.3,300.0
RLEL,9/23/2026,766.0,771.9,745.0,745.0,-2.74,10135.0,1592.3,300.0
RLEL,9/24/2026,735.0,758.1,735.0,752.1,2.33,8057.0,1592.3,300.0
RLEL,9/28/2026,738.0,745.0,730.0,730.0,-1.08,7983.0,1592.3,300.0
RLEL,9/29/2026,730.0,735.0,725.3,0.0,-100.0,3196.0,1592.3,300.0
RLEL,9/30/2026,729.0,731.0,715.0,717.0,-1.65,19843.0,1592.3,300.0
RLEL,10/1/2026,730.0,745.0,722.7,740.9,1.49,9943.0,1592.3,300.0
RLEL,10/2/2026,745.0,762.9,721.2,732.9,-1.62,6317.0,1592.3,300.0
RLFL,3/1/2015,153.0,156.0,156.0,156.0,,120.0,514.9,396.8
RLFL,3/4/2015,156.0,159.0,156.0,156.0,0.0,2940.0,514.9,396.8
RLFL,3/9/2015,156.0,165.0,159.0,165.0,5.77,150.0,514.9,396.8
RLFL,3/10/2015,165.0,163.0,162.0,163.0,-1.21,12500.0,514.9,396.8
RLFL,3/11/2015,163.0,166.0,166.0,166.0,1.84,540.0,514.9,396.8
RLFL,3/15/2015,166.0,182.0,169.0,182.0,9.64,1000.0,514.9,396.8
RLFL,3/16/2015,182.0,200.0,179.0,179.0,-1.65,10500.0,514.9,396.8
RLFL,3/17/2015,179.0,180.0,180.0,180.0,0.56,500.0,514.9,396.8
RLFL,3/18/2015,180.0,177.0,177.0,177.0,-1.67,1210.0,514.9,396.8
RLFL,3/19/2015,177.0,174.0,174.0,174.0,-1.69,500.0,514.9,396.8
RLFL,3/25/2015,174.0,171.0,171.0,171.0,-1.72,50.0,514.9,396.8
RLFL,4/1/2015,171.0,168.0,165.0,165.0,-3.51,100.0,514.9,396.8
RLFL,4/8/2015,165.0,162.0,162.0,162.0,-1.82,200.0,514.9,396.8
RLFL,6/7/2015,162.0,165.0,162.0,162.0,0.0,520.0,514.9,396.8
RLFL,6/8/2015,162.0,165.0,162.0,162.0,0.0,520.0,514.9,396.8
RLFL,6/9/2015,162.0,165.0,165.0,165.0,1.85,20.0,514.9,396.8
RLFL,6/18/2015,165.0,168.0,168.0,168.0,1.82,20.0,514.9,396.8
RLFL,6/23/2015,168.0,171.0,171.0,171.0,1.79,20.0,514.9,396.8
RLFL,7/26/2015,171.0,183.0,174.0,183.0,7.02,160.0,514.9,396.8
RLFL,7/27/2015,183.0,180.0,180.0,180.0,-1.64,1000.0,514.9,396.8
RLFL,7/28/2015,180.0,180.0,180.0,180.0,0.0,5640.0,514.9,396.8
RLFL,7/29/2015,180.0,182.0,182.0,182.0,1.11,100.0,514.9,396.8
RLFL,8/16/2015,182.0,182.0,179.0,182.0,0.0,150.0,514.9,396.8
RLFL,8/20/2015,182.0,179.0,176.0,176.0,-3.3,40.0,514.9,396.8
RLFL,8/24/2015,176.0,180.0,176.0,176.0,0.0,1600.0,514.9,396.8
RLFL,8/25/2015,176.0,173.0,159.0,159.0,-9.66,4139.0,514.9,396.8
RLFL,8/26/2015,159.0,168.0,162.0,166.0,4.4,1020.0,514.9,396.8
RLFL,8/27/2015,166.0,171.0,165.0,171.0,3.01,8810.0,514.9,396.8
RLFL,8/31/2015,171.0,172.0,169.0,172.0,0.58,1700.0,514.9,396.8
RLFL,9/1/2015,172.0,172.0,170.0,172.0,0.0,3600.0,514.9,396.8
RLFL,9/2/2015,172.0,169.0,166.0,166.0,-3.49,3360.0,514.9,396.8
RLFL,9/6/2015,166.0,163.0,161.0,161.0,-3.01,330.0,514.9,396.8
RLFL,9/7/2015,161.0,161.0,158.0,161.0,0.0,330.0,514.9,396.8
RLFL,9/8/2015,161.0,164.0,164.0,164.0,1.86,360.0,514.9,396.8
RLFL,9/9/2015,164.0,171.0,167.0,171.0,4.27,620.0,514.9,396.8
RLFL,9/14/2015,171.0,171.0,168.0,171.0,0.0,2000.0,514.9,396.8
RLFL,9/15/2015,171.0,174.0,174.0,174.0,1.75,100.0,514.9,396.8
RLFL,9/17/2015,174.0,190.0,175.0,190.0,9.2,4350.0,514.9,396.8
RLFL,9/22/2015,190.0,188.0,188.0,188.0,-1.05,20.0,514.9,396.8
RLFL,9/23/2015,188.0,189.0,189.0,189.0,0.53,2280.0,514.9,396.8
RLFL,9/24/2015,189.0,186.0,183.0,183.0,-3.17,200.0,514.9,396.8
RLFL,10/1/2015,183.0,183.0,183.0,183.0,0.0,210.0,514.9,396.8
RLFL,10/6/2015,183.0,180.0,180.0,180.0,-1.64,1000.0,514.9,396.8
RLFL,10/8/2015,180.0,177.0,174.0,174.0,-3.33,150.0,514.9,396.8
RLFL,10/15/2015,174.0,171.0,168.0,168.0,-3.45,190.0,514.9,396.8
RLFL,11/1/2015,168.0,165.0,162.0,162.0,-3.57,600.0,514.9,396.8
RLFL,11/18/2015,162.0,165.0,161.0,162.0,0.0,3100.0,514.9,396.8
RLFL,11/19/2015,162.0,159.0,156.0,156.0,-3.7,2970.0,514.9,396.8
RLFL,11/22/2015,156.0,159.0,159.0,159.0,1.92,500.0,514.9,396.8
RLFL,11/24/2015,159.0,156.0,156.0,156.0,-1.89,3000.0,514.9,396.8
RLFL,11/26/2015,156.0,159.0,159.0,159.0,1.92,270.0,514.9,396.8
RLFL,11/30/2015,159.0,156.0,156.0,156.0,-1.89,1000.0,514.9,396.8
RLFL,12/1/2015,156.0,154.0,154.0,154.0,-1.28,1000.0,514.9,396.8
RLFL,12/9/2015,154.0,157.0,157.0,157.0,1.95,500.0,514.9,396.8
RLFL,12/17/2015,157.0,160.0,160.0,160.0,1.91,2280.0,514.9,396.8
RLFL,12/21/2015,160.0,161.0,161.0,161.0,0.63,540.0,514.9,396.8
RLFL,12/24/2015,161.0,170.0,164.0,170.0,5.59,1350.0,514.9,396.8
RLFL,1/4/2016,170.0,170.0,170.0,170.0,0.0,1000.0,514.9,396.8
RLFL,1/5/2016,170.0,173.0,173.0,173.0,1.76,100.0,514.9,396.8
RLFL,1/6/2016,173.0,179.0,176.0,179.0,3.47,420.0,514.9,396.8
RLFL,1/13/2016,179.0,176.0,176.0,176.0,-1.68,100.0,514.9,396.8
RLFL,1/14/2016,176.0,173.0,173.0,173.0,-1.7,440.0,514.9,396.8
RLFL,1/31/2016,173.0,176.0,176.0,176.0,1.73,100.0,514.9,396.8
RLFL,2/1/2016,176.0,191.0,179.0,191.0,8.52,250.0,514.9,396.8
RLFL,2/3/2016,191.0,210.0,194.0,210.0,9.95,60.0,514.9,396.8
RLFL,2/4/2016,210.0,231.0,214.0,231.0,10.0,7449.0,514.9,396.8
RLFL,2/7/2016,231.0,239.0,235.0,235.0,1.73,5100.0,514.9,396.8
RLFL,2/8/2016,235.0,240.0,231.0,237.0,0.85,1120.0,514.9,396.8
RLFL,2/11/2016,237.0,233.0,233.0,233.0,-1.69,300.0,514.9,396.8
RLFL,2/14/2016,233.0,245.0,237.0,245.0,5.15,895.0,514.9,396.8
RLFL,2/15/2016,245.0,249.0,231.0,240.0,-2.04,1850.0,514.9,396.8
RLFL,2/16/2016,240.0,237.0,232.0,232.0,-3.33,2350.0,514.9,396.8
RLFL,2/17/2016,232.0,231.0,224.0,230.0,-0.86,8330.0,514.9,396.8
RLFL,2/18/2016,230.0,238.0,230.0,233.0,1.3,3020.0,514.9,396.8
RLFL,2/21/2016,233.0,236.0,233.0,236.0,1.29,3400.0,514.9,396.8
RLFL,2/22/2016,236.0,238.0,234.0,234.0,-0.85,1200.0,514.9,396.8
RLFL,2/23/2016,234.0,238.0,236.0,236.0,0.85,1300.0,514.9,396.8
RLFL,2/24/2016,236.0,232.0,230.0,230.0,-2.54,500.0,514.9,396.8
RLFL,2/25/2016,230.0,234.0,233.0,234.0,1.74,820.0,514.9,396.8
RLFL,3/1/2016,234.0,238.0,230.0,230.0,-1.71,1010.0,514.9,396.8
RLFL,3/3/2016,230.0,230.0,226.0,230.0,0.0,172.0,514.9,396.8
RLFL,3/10/2016,230.0,238.0,230.0,238.0,3.48,4110.0,514.9,396.8
RLFL,3/13/2016,238.0,242.0,240.0,242.0,1.68,800.0,514.9,396.8
RLFL,3/14/2016,242.0,255.0,246.0,255.0,5.37,1898.0,514.9,396.8
RLFL,3/15/2016,255.0,277.0,255.0,270.0,5.88,7525.0,514.9,396.8
RLFL,3/16/2016,270.0,275.0,264.0,268.0,-0.74,3630.0,514.9,396.8
RLFL,3/21/2016,268.0,273.0,260.0,264.0,-1.49,1330.0,514.9,396.8
RLFL,3/23/2016,264.0,269.0,269.0,269.0,1.89,110.0,514.9,396.8
RLFL,3/24/2016,269.0,264.0,259.0,259.0,-3.72,300.0,514.9,396.8
RLFL,3/27/2016,259.0,255.0,245.0,245.0,-5.41,1390.0,514.9,396.8
RLFL,3/28/2016,245.0,258.0,249.0,250.0,2.04,861.0,514.9,396.8
RLFL,3/29/2016,250.0,255.0,250.0,255.0,2.0,1350.0,514.9,396.8
RLFL,3/31/2016,255.0,250.0,250.0,250.0,-1.96,50.0,514.9,396.8
RLFL,4/5/2016,250.0,247.0,247.0,247.0,-1.2,350.0,514.9,396.8
RLFL,4/6/2016,247.0,255.0,250.0,250.0,1.21,3521.0,514.9,396.8
RLFL,4/10/2016,250.0,255.0,255.0,255.0,2.0,300.0,514.9,396.8
RLFL,4/12/2016,255.0,255.0,254.0,255.0,0.0,280.0,514.9,396.8
RLFL,4/14/2016,255.0,270.0,260.0,269.0,5.49,1391.0,514.9,396.8
RLFL,4/19/2016,269.0,270.0,270.0,270.0,0.37,700.0,514.9,396.8
RLFL,4/26/2016,270.0,270.0,270.0,270.0,0.0,290.0,514.9,396.8
RLFL,4/27/2016,270.0,275.0,270.0,275.0,1.85,810.0,514.9,396.8
RLFL,4/28/2016,275.0,275.0,258.0,275.0,0.0,6918.0,514.9,396.8
RLFL,5/5/2016,275.0,270.0,256.0,260.0,-5.45,7628.0,514.9,396.8
RLFL,5/8/2016,260.0,280.0,264.0,266.0,2.31,18023.0,514.9,396.8
RLFL,5/9/2016,266.0,292.0,271.0,292.0,9.77,6681.0,514.9,396.8
RLFL,5/10/2016,292.0,314.0,285.0,300.0,2.74,31065.0,514.9,396.8
RLFL,5/11/2016,300.0,319.0,300.0,319.0,6.33,14475.0,514.9,396.8
RLFL,5/12/2016,319.0,342.0,316.0,342.0,7.21,10720.0,514.9,396.8
RLFL,5/15/2016,342.0,355.0,322.0,325.0,-4.97,13618.0,514.9,396.8
RLFL,5/16/2016,325.0,320.0,300.0,303.0,-6.77,14477.0,514.9,396.8
RLFL,5/17/2016,303.0,330.0,288.0,318.0,4.95,13193.0,514.9,396.8
RLFL,5/18/2016,318.0,324.0,305.0,314.0,-1.26,26053.0,514.9,396.8
RLFL,5/19/2016,314.0,324.0,303.0,315.0,0.32,33415.0,514.9,396.8
RLFL,5/22/2016,263.0,278.0,258.0,273.0,-13.33,7553.0,514.9,396.8
RLFL,5/23/2016,273.0,275.0,270.0,274.0,0.37,2794.0,514.9,396.8
RLFL,5/24/2016,274.0,270.0,259.0,264.0,-3.65,1240.0,514.9,396.8
RLFL,5/25/2016,264.0,259.0,249.0,255.0,-3.41,4493.0,514.9,396.8
RLFL,5/26/2016,255.0,253.0,241.0,253.0,-0.78,3278.0,514.9,396.8
RLFL,5/29/2016,253.0,257.0,250.0,257.0,1.58,3979.0,514.9,396.8
RLFL,5/30/2016,257.0,257.0,255.0,255.0,-0.78,245.0,514.9,396.8
RLFL,5/31/2016,255.0,260.0,255.0,260.0,1.96,556.0,514.9,396.8
RLFL,6/1/2016,260.0,255.0,255.0,255.0,-1.92,1000.0,514.9,396.8
RLFL,6/2/2016,255.0,257.0,245.0,247.0,-3.14,1202.0,514.9,396.8
RLFL,6/5/2016,247.0,251.0,244.0,246.0,-0.4,1780.0,514.9,396.8
RLFL,6/6/2016,246.0,259.0,250.0,259.0,5.28,4488.0,514.9,396.8
RLFL,6/7/2016,259.0,264.0,254.0,254.0,-1.93,1897.0,514.9,396.8
RLFL,6/8/2016,254.0,259.0,249.0,249.0,-1.97,2468.0,514.9,396.8
RLFL,6/9/2016,249.0,260.0,253.0,260.0,4.42,360.0,514.9,396.8
RLFL,6/12/2016,260.0,268.0,261.0,261.0,0.38,2011.0,514.9,396.8
RLFL,6/13/2016,261.0,269.0,260.0,269.0,3.07,1190.0,514.9,396.8
RLFL,6/14/2016,269.0,283.0,266.0,278.0,3.35,1912.0,514.9,396.8
RLFL,6/15/2016,278.0,278.0,267.0,270.0,-2.88,1839.0,514.9,396.8
RLFL,6/16/2016,270.0,281.0,270.0,278.0,2.96,2104.0,514.9,396.8
RLFL,6/19/2016,278.0,278.0,270.0,278.0,0.0,949.0,514.9,396.8
RLFL,6/20/2016,278.0,288.0,263.0,266.0,-4.32,1398.0,514.9,396.8
RLFL,6/21/2016,266.0,266.0,261.0,266.0,0.0,3754.0,514.9,396.8
RLFL,6/22/2016,266.0,285.0,270.0,280.0,5.26,11112.0,514.9,396.8
RLFL,6/23/2016,280.0,300.0,280.0,299.0,6.79,18742.0,514.9,396.8
RLFL,6/26/2016,299.0,306.0,295.0,300.0,0.33,2700.0,514.9,396.8
RLFL,6/27/2016,300.0,307.0,300.0,307.0,2.33,3909.0,514.9,396.8
RLFL,6/28/2016,307.0,306.0,298.0,298.0,-2.93,1989.0,514.9,396.8
RLFL,6/29/2016,298.0,303.0,294.0,297.0,-0.34,7874.0,514.9,396.8
RLFL,6/30/2016,297.0,295.0,290.0,290.0,-2.36,1548.0,514.9,396.8
RLFL,7/3/2016,290.0,300.0,295.0,300.0,3.45,3424.0,514.9,396.8
RLFL,7/4/2016,300.0,306.0,299.0,300.0,0.0,1062.0,514.9,396.8
RLFL,7/5/2016,300.0,306.0,284.0,300.0,0.0,8807.0,514.9,396.8
RLFL,7/6/2016,300.0,326.0,301.0,320.0,6.67,13659.0,514.9,396.8
RLFL,7/10/2016,320.0,330.0,317.0,317.0,-0.94,3649.0,514.9,396.8
RLFL,7/11/2016,317.0,315.0,303.0,303.0,-4.42,1500.0,514.9,396.8
RLFL,7/12/2016,303.0,306.0,297.0,305.0,0.66,3372.0,514.9,396.8
RLFL,7/13/2016,305.0,301.0,290.0,296.0,-2.95,1894.0,514.9,396.8
RLFL,7/14/2016,296.0,301.0,291.0,301.0,1.69,2191.0,514.9,396.8
RLFL,7/17/2016,301.0,308.0,297.0,308.0,2.33,3765.0,514.9,396.8
RLFL,7/18/2016,308.0,314.0,300.0,301.0,-2.27,3438.0,514.9,396.8
RLFL,7/19/2016,301.0,318.0,307.0,318.0,5.65,3736.0,514.9,396.8
RLFL,7/20/2016,318.0,334.0,312.0,312.0,-1.89,5340.0,514.9,396.8
RLFL,7/21/2016,312.0,318.0,306.0,315.0,0.96,1663.0,514.9,396.8
RLFL,7/25/2016,315.0,346.0,303.0,346.0,9.84,28052.0,514.9,396.8
RLFL,7/26/2016,346.0,380.0,352.0,380.0,9.83,16186.0,514.9,396.8
RLFL,7/27/2016,380.0,417.0,387.0,391.0,2.89,20713.0,514.9,396.8
RLFL,7/28/2016,391.0,410.0,374.0,401.0,2.56,15848.0,514.9,396.8
RLFL,7/31/2016,401.0,403.0,381.0,381.0,-4.99,6594.0,514.9,396.8
RLFL,8/1/2016,381.0,392.0,373.0,392.0,2.89,4700.0,514.9,396.8
RLFL,8/2/2016,392.0,392.0,374.0,374.0,-4.59,1508.0,514.9,396.8
RLFL,8/3/2016,374.0,380.0,360.0,373.0,-0.27,3551.0,514.9,396.8
RLFL,8/4/2016,373.0,376.0,354.0,354.0,-5.09,6196.0,514.9,396.8
RLFL,8/7/2016,354.0,389.0,361.0,363.0,2.54,12241.0,514.9,396.8
RLFL,8/8/2016,363.0,356.0,338.0,338.0,-6.89,3253.0,514.9,396.8
RLFL,8/10/2016,338.0,371.0,340.0,362.0,7.1,8607.0,514.9,396.8
RLFL,8/11/2016,362.0,379.0,360.0,379.0,4.7,7783.0,514.9,396.8
RLFL,8/14/2016,379.0,372.0,344.0,344.0,-9.23,4659.0,514.9,396.8
RLFL,8/15/2016,344.0,364.0,338.0,361.0,4.94,8505.0,514.9,396.8
RLFL,8/16/2016,361.0,360.0,345.0,355.0,-1.66,2596.0,514.9,396.8
RLFL,8/17/2016,355.0,365.0,343.0,346.0,-2.54,3977.0,514.9,396.8
RLFL,8/21/2016,346.0,360.0,335.0,345.0,-0.29,5034.0,514.9,396.8
RLFL,8/22/2016,345.0,340.0,329.0,334.0,-3.19,3006.0,514.9,396.8
RLFL,8/23/2016,334.0,346.0,324.0,325.0,-2.69,3940.0,514.9,396.8
RLFL,8/24/2016,325.0,335.0,327.0,335.0,3.08,1690.0,514.9,396.8
RLFL,8/28/2016,335.0,348.0,341.0,348.0,3.88,2325.0,514.9,396.8
RLFL,8/29/2016,348.0,348.0,330.0,348.0,0.0,1164.0,514.9,396.8
RLFL,8/30/2016,348.0,365.0,348.0,360.0,3.45,7621.0,514.9,396.8
RLFL,8/31/2016,360.0,361.0,354.0,354.0,-1.67,332.0,514.9,396.8
RLFL,9/1/2016,354.0,368.0,347.0,350.0,-1.13,3140.0,514.9,396.8
RLFL,9/3/2016,350.0,373.0,343.0,370.0,5.71,4153.0,514.9,396.8
RLFL,9/4/2016,350.0,373.0,343.0,370.0,0.0,4153.0,514.9,396.8
RLFL,9/5/2016,370.0,377.0,370.0,370.0,0.0,1995.0,514.9,396.8
RLFL,9/6/2016,370.0,377.0,359.0,359.0,-2.97,1474.0,514.9,396.8
RLFL,9/7/2016,359.0,367.0,353.0,367.0,2.23,2729.0,514.9,396.8
RLFL,9/8/2016,367.0,365.0,355.0,362.0,-1.36,2186.0,514.9,396.8
RLFL,9/11/2016,362.0,360.0,351.0,351.0,-3.04,1417.0,514.9,396.8
RLFL,9/12/2016,351.0,364.0,352.0,364.0,3.7,2666.0,514.9,396.8
RLFL,9/14/2016,364.0,371.0,358.0,360.0,-1.1,2509.0,514.9,396.8
RLFL,9/18/2016,360.0,367.0,346.0,360.0,0.0,3483.0,514.9,396.8
RLFL,9/20/2016,360.0,353.0,353.0,353.0,-1.94,100.0,514.9,396.8
RLFL,9/21/2016,353.0,352.0,342.0,352.0,-0.28,2134.0,514.9,396.8
RLFL,9/22/2016,352.0,360.0,355.0,360.0,2.27,2504.0,514.9,396.8
RLFL,9/25/2016,360.0,353.0,324.0,326.0,-9.44,1000.0,514.9,396.8
RLFL,9/26/2016,326.0,344.0,330.0,330.0,1.23,2455.0,514.9,396.8
RLFL,9/27/2016,330.0,360.0,335.0,360.0,9.09,2843.0,514.9,396.8
RLFL,9/28/2016,360.0,355.0,353.0,353.0,-1.94,126.0,514.9,396.8
RLFL,9/29/2016,353.0,350.0,345.0,345.0,-2.27,666.0,514.9,396.8
RLFL,10/2/2016,345.0,349.0,345.0,349.0,1.16,106.0,514.9,396.8
RLFL,10/3/2016,349.0,357.0,350.0,350.0,0.29,70.0,514.9,396.8
RLFL,10/4/2016,350.0,351.0,343.0,351.0,0.29,995.0,514.9,396.8
RLFL,10/5/2016,351.0,340.0,334.0,340.0,-3.13,422.0,514.9,396.8
RLFL,10/6/2016,340.0,366.0,346.0,366.0,7.65,216.0,514.9,396.8
RLFL,10/16/2016,366.0,373.0,373.0,373.0,1.91,10.0,514.9,396.8
RLFL,10/17/2016,373.0,380.0,380.0,380.0,1.88,10.0,514.9,396.8
RLFL,10/18/2016,380.0,373.0,347.0,347.0,-8.68,698.0,514.9,396.8
RLFL,10/19/2016,347.0,358.0,344.0,344.0,-0.86,586.0,514.9,396.8
RLFL,10/20/2016,344.0,345.0,335.0,335.0,-2.62,3560.0,514.9,396.8
RLFL,10/23/2016,335.0,339.0,329.0,339.0,1.19,1932.0,514.9,396.8
RLFL,10/24/2016,339.0,345.0,335.0,335.0,-1.18,842.0,514.9,396.8
RLFL,10/25/2016,335.0,336.0,336.0,336.0,0.3,150.0,514.9,396.8
RLFL,10/26/2016,336.0,330.0,330.0,330.0,-1.79,91.0,514.9,396.8
RLFL,10/27/2016,330.0,342.0,336.0,342.0,3.64,30.0,514.9,396.8
RLFL,11/3/2016,342.0,336.0,336.0,336.0,-1.75,201.0,514.9,396.8
RLFL,11/7/2016,336.0,348.0,327.0,327.0,-2.68,1696.0,514.9,396.8
RLFL,11/8/2016,327.0,336.0,323.0,336.0,2.75,1576.0,514.9,396.8
RLFL,11/9/2016,336.0,330.0,320.0,320.0,-4.76,1352.0,514.9,396.8
RLFL,11/13/2016,320.0,320.0,314.0,316.0,-1.25,464.0,514.9,396.8
RLFL,11/14/2016,316.0,315.0,312.0,314.0,-0.63,1563.0,514.9,396.8
RLFL,11/15/2016,314.0,314.0,314.0,314.0,0.0,30.0,514.9,396.8
RLFL,11/16/2016,314.0,321.0,309.0,321.0,2.23,470.0,514.9,396.8
RLFL,11/17/2016,321.0,316.0,315.0,316.0,-1.56,182.0,514.9,396.8
RLFL,11/20/2016,316.0,310.0,310.0,310.0,-1.9,500.0,514.9,396.8
RLFL,11/22/2016,310.0,304.0,304.0,304.0,-1.94,86.0,514.9,396.8
RLFL,11/24/2016,304.0,298.0,279.0,279.0,-8.22,2207.0,514.9,396.8
RLFL,11/27/2016,279.0,274.0,274.0,274.0,-1.79,44.0,514.9,396.8
RLFL,11/28/2016,274.0,274.0,274.0,274.0,0.0,26.0,514.9,396.8
RLFL,11/29/2016,274.0,279.0,277.0,279.0,1.82,856.0,514.9,396.8
RLFL,11/30/2016,279.0,291.0,274.0,284.0,1.79,3583.0,514.9,396.8
RLFL,12/1/2016,284.0,299.0,285.0,285.0,0.35,3330.0,514.9,396.8
RLFL,12/4/2016,285.0,280.0,270.0,280.0,-1.75,1725.0,514.9,396.8
RLFL,12/5/2016,280.0,275.0,265.0,265.0,-5.36,1878.0,514.9,396.8
RLFL,12/6/2016,265.0,285.0,262.0,280.0,5.66,1978.0,514.9,396.8
RLFL,12/7/2016,280.0,275.0,270.0,270.0,-3.57,342.0,514.9,396.8
RLFL,12/8/2016,270.0,265.0,260.0,262.0,-2.96,1120.0,514.9,396.8
RLFL,12/11/2016,262.0,258.0,246.0,250.0,-4.58,1115.0,514.9,396.8
RLFL,12/12/2016,250.0,254.0,246.0,246.0,-1.6,2548.0,514.9,396.8
RLFL,12/14/2016,246.0,255.0,241.0,243.0,-1.22,629.0,514.9,396.8
RLFL,12/15/2016,243.0,251.0,247.0,250.0,2.88,270.0,514.9,396.8
RLFL,12/18/2016,250.0,254.0,245.0,245.0,-2.0,676.0,514.9,396.8
RLFL,12/19/2016,245.0,245.0,241.0,245.0,0.0,890.0,514.9,396.8
RLFL,12/20/2016,245.0,254.0,242.0,254.0,3.67,1646.0,514.9,396.8
RLFL,12/21/2016,254.0,250.0,238.0,241.0,-5.12,5038.0,514.9,396.8
RLFL,12/22/2016,241.0,255.0,237.0,241.0,0.0,3173.0,514.9,396.8
RLFL,12/26/2016,210.0,210.0,206.0,206.0,-14.52,264.0,514.9,396.8
RLFL,12/27/2016,206.0,206.0,195.0,195.0,-5.34,1668.0,514.9,396.8
RLFL,12/28/2016,195.0,200.0,195.0,199.0,2.05,1749.0,514.9,396.8
RLFL,12/29/2016,199.0,206.0,200.0,204.0,2.51,731.0,514.9,396.8
RLFL,1/1/2017,204.0,209.0,201.0,209.0,2.45,445.0,514.9,396.8
RLFL,1/2/2017,209.0,220.0,209.0,220.0,5.26,1402.0,514.9,396.8
RLFL,1/3/2017,220.0,216.0,213.0,214.0,-2.73,812.0,514.9,396.8
RLFL,1/4/2017,214.0,212.0,212.0,212.0,-0.93,200.0,514.9,396.8
RLFL,1/8/2017,212.0,216.0,216.0,216.0,1.89,70.0,514.9,396.8
RLFL,1/9/2017,216.0,212.0,212.0,212.0,-1.85,100.0,514.9,396.8
RLFL,1/12/2017,212.0,212.0,212.0,212.0,0.0,96.0,514.9,396.8
RLFL,1/16/2017,212.0,208.0,208.0,208.0,-1.89,20.0,514.9,396.8
RLFL,1/22/2017,208.0,207.0,203.0,203.0,-2.4,248.0,514.9,396.8
RLFL,1/30/2017,203.0,204.0,204.0,204.0,0.49,592.0,514.9,396.8
RLFL,1/31/2017,204.0,200.0,199.0,199.0,-2.45,80.0,514.9,396.8
RLFL,2/1/2017,199.0,196.0,194.0,196.0,-1.51,562.0,514.9,396.8
RLFL,2/2/2017,196.0,193.0,187.0,187.0,-4.59,648.0,514.9,396.8
RLFL,2/5/2017,187.0,187.0,184.0,184.0,-1.6,1434.0,514.9,396.8
RLFL,2/6/2017,184.0,190.0,184.0,184.0,0.0,702.0,514.9,396.8
RLFL,2/7/2017,184.0,182.0,180.0,180.0,-2.17,881.0,514.9,396.8
RLFL,2/8/2017,180.0,181.0,177.0,177.0,-1.67,1828.0,514.9,396.8
RLFL,2/9/2017,177.0,177.0,174.0,174.0,-1.69,330.0,514.9,396.8
RLFL,2/13/2017,174.0,171.0,171.0,171.0,-1.72,350.0,514.9,396.8
RLFL,2/14/2017,171.0,172.0,172.0,172.0,0.58,190.0,514.9,396.8
RLFL,2/15/2017,172.0,181.0,175.0,181.0,5.23,337.0,514.9,396.8
RLFL,2/16/2017,181.0,184.0,177.0,177.0,-2.21,862.0,514.9,396.8
RLFL,2/19/2017,177.0,180.0,175.0,175.0,-1.13,972.0,514.9,396.8
RLFL,2/20/2017,175.0,178.0,175.0,178.0,1.71,1680.0,514.9,396.8
RLFL,2/22/2017,178.0,178.0,178.0,178.0,0.0,277.0,514.9,396.8
RLFL,2/23/2017,178.0,175.0,172.0,172.0,-3.37,261.0,514.9,396.8
RLFL,3/1/2017,172.0,173.0,170.0,171.0,-0.58,236.0,514.9,396.8
RLFL,3/2/2017,171.0,174.0,168.0,174.0,1.75,1450.0,514.9,396.8
RLFL,3/5/2017,174.0,171.0,171.0,171.0,-1.72,61.0,514.9,396.8
RLFL,3/6/2017,171.0,180.0,168.0,180.0,5.26,283.0,514.9,396.8
RLFL,3/7/2017,180.0,180.0,177.0,177.0,-1.67,354.0,514.9,396.8
RLFL,3/9/2017,177.0,192.0,180.0,187.0,5.65,216.0,514.9,396.8
RLFL,3/13/2017,187.0,184.0,184.0,184.0,-1.6,11.0,514.9,396.8
RLFL,3/14/2017,184.0,183.0,182.0,182.0,-1.09,570.0,514.9,396.8
RLFL,3/15/2017,182.0,180.0,179.0,179.0,-1.65,780.0,514.9,396.8
RLFL,3/16/2017,179.0,176.0,176.0,176.0,-1.68,113.0,514.9,396.8
RLFL,3/20/2017,176.0,182.0,173.0,182.0,3.41,80.0,514.9,396.8
RLFL,3/21/2017,182.0,191.0,180.0,191.0,4.95,864.0,514.9,396.8
RLFL,3/22/2017,191.0,188.0,188.0,188.0,-1.57,50.0,514.9,396.8
RLFL,3/23/2017,188.0,193.0,187.0,193.0,2.66,2539.0,514.9,396.8
RLFL,3/26/2017,193.0,212.0,196.0,212.0,9.84,5025.0,514.9,396.8
RLFL,3/28/2017,212.0,233.0,216.0,233.0,9.91,573.0,514.9,396.8
RLFL,3/29/2017,233.0,245.0,237.0,237.0,1.72,2861.0,514.9,396.8
RLFL,3/30/2017,237.0,233.0,233.0,233.0,-1.69,20.0,514.9,396.8
RLFL,4/2/2017,233.0,237.0,231.0,235.0,0.86,1894.0,514.9,396.8
RLFL,4/3/2017,235.0,239.0,239.0,239.0,1.7,414.0,514.9,396.8
RLFL,4/4/2017,239.0,235.0,235.0,235.0,-1.67,43.0,514.9,396.8
RLFL,4/9/2017,235.0,231.0,226.0,226.0,-3.83,590.0,514.9,396.8
RLFL,4/10/2017,226.0,224.0,214.0,218.0,-3.54,5602.0,514.9,396.8
RLFL,4/11/2017,218.0,239.0,214.0,239.0,9.63,8972.0,514.9,396.8
RLFL,4/12/2017,239.0,255.0,235.0,254.0,6.28,4886.0,514.9,396.8
RLFL,4/13/2017,254.0,249.0,236.0,240.0,-5.51,1276.0,514.9,396.8
RLFL,4/16/2017,240.0,238.0,235.0,238.0,-0.83,402.0,514.9,396.8
RLFL,4/18/2017,238.0,238.0,238.0,238.0,0.0,20.0,514.9,396.8
RLFL,4/19/2017,238.0,236.0,230.0,236.0,-0.84,2112.0,514.9,396.8
RLFL,4/20/2017,236.0,240.0,232.0,232.0,-1.69,326.0,514.9,396.8
RLFL,4/23/2017,232.0,240.0,236.0,238.0,2.59,1020.0,514.9,396.8
RLFL,4/24/2017,238.0,235.0,223.0,227.0,-4.62,2082.0,514.9,396.8
RLFL,4/25/2017,227.0,242.0,223.0,242.0,6.61,9563.0,514.9,396.8
RLFL,4/26/2017,242.0,246.0,236.0,246.0,1.65,1801.0,514.9,396.8
RLFL,4/27/2017,246.0,246.0,242.0,246.0,0.0,330.0,514.9,396.8
RLFL,4/30/2017,246.0,246.0,246.0,246.0,0.0,150.0,514.9,396.8
RLFL,5/2/2017,246.0,249.0,240.0,240.0,-2.44,663.0,514.9,396.8
RLFL,5/3/2017,240.0,236.0,232.0,236.0,-1.67,230.0,514.9,396.8
RLFL,5/4/2017,236.0,240.0,240.0,240.0,1.69,100.0,514.9,396.8
RLFL,5/7/2017,240.0,236.0,236.0,236.0,-1.67,10.0,514.9,396.8
RLFL,5/8/2017,236.0,232.0,232.0,232.0,-1.69,20.0,514.9,396.8
RLFL,5/9/2017,232.0,231.0,231.0,231.0,-0.43,16.0,514.9,396.8
RLFL,5/11/2017,231.0,231.0,231.0,231.0,0.0,498.0,514.9,396.8
RLFL,5/15/2017,231.0,227.0,219.0,223.0,-3.46,1022.0,514.9,396.8
RLFL,5/16/2017,223.0,220.0,213.0,220.0,-1.35,3206.0,514.9,396.8
RLFL,5/17/2017,220.0,226.0,216.0,226.0,2.73,2080.0,514.9,396.8
RLFL,5/18/2017,226.0,223.0,216.0,216.0,-4.42,1262.0,514.9,396.8
RLFL,5/21/2017,216.0,218.0,215.0,216.0,0.0,209.0,514.9,396.8
RLFL,5/22/2017,216.0,212.0,212.0,212.0,-1.85,16.0,514.9,396.8
RLFL,5/23/2017,212.0,216.0,212.0,216.0,1.89,312.0,514.9,396.8
RLFL,5/24/2017,216.0,217.0,210.0,215.0,-0.46,2295.0,514.9,396.8
RLFL,5/28/2017,215.0,220.0,216.0,217.0,0.93,252.0,514.9,396.8
RLFL,5/30/2017,217.0,215.0,215.0,215.0,-0.92,16.0,514.9,396.8
RLFL,5/31/2017,215.0,215.0,211.0,212.0,-1.4,1976.0,514.9,396.8
RLFL,6/1/2017,212.0,233.0,212.0,229.0,8.02,2160.0,514.9,396.8
RLFL,6/4/2017,229.0,229.0,217.0,221.0,-3.49,451.0,514.9,396.8
RLFL,6/5/2017,221.0,229.0,220.0,229.0,3.62,1902.0,514.9,396.8
RLFL,6/6/2017,229.0,241.0,227.0,239.0,4.37,5627.0,514.9,396.8
RLFL,6/7/2017,239.0,240.0,231.0,235.0,-1.67,2581.0,514.9,396.8
RLFL,6/8/2017,235.0,231.0,224.0,226.0,-3.83,2560.0,514.9,396.8
RLFL,6/11/2017,226.0,224.0,220.0,220.0,-2.65,901.0,514.9,396.8
RLFL,6/12/2017,220.0,220.0,218.0,218.0,-0.91,200.0,514.9,396.8
RLFL,6/13/2017,218.0,217.0,214.0,217.0,-0.46,348.0,514.9,396.8
RLFL,6/14/2017,217.0,229.0,213.0,229.0,5.53,1303.0,514.9,396.8
RLFL,6/15/2017,229.0,228.0,225.0,225.0,-1.75,395.0,514.9,396.8
RLFL,6/19/2017,225.0,225.0,217.0,217.0,-3.56,204.0,514.9,396.8
RLFL,6/20/2017,217.0,219.0,219.0,219.0,0.92,200.0,514.9,396.8
RLFL,6/21/2017,219.0,220.0,210.0,210.0,-4.11,193.0,514.9,396.8
RLFL,6/22/2017,210.0,214.0,210.0,210.0,0.0,3297.0,514.9,396.8
RLFL,6/25/2017,210.0,228.0,208.0,228.0,8.57,1178.0,514.9,396.8
RLFL,6/27/2017,228.0,225.0,214.0,218.0,-4.39,750.0,514.9,396.8
RLFL,6/28/2017,218.0,214.0,212.0,212.0,-2.75,1130.0,514.9,396.8
RLFL,7/2/2017,212.0,216.0,208.0,210.0,-0.94,537.0,514.9,396.8
RLFL,7/3/2017,210.0,210.0,208.0,208.0,-0.95,540.0,514.9,396.8
RLFL,7/4/2017,208.0,208.0,200.0,205.0,-1.44,6075.0,514.9,396.8
RLFL,7/5/2017,205.0,206.0,206.0,206.0,0.49,102.0,514.9,396.8
RLFL,7/6/2017,206.0,214.0,204.0,214.0,3.88,348.0,514.9,396.8
RLFL,7/9/2017,214.0,224.0,216.0,216.0,0.93,3820.0,514.9,396.8
RLFL,7/10/2017,216.0,224.0,213.0,215.0,-0.46,5315.0,514.9,396.8
RLFL,7/11/2017,215.0,223.0,219.0,219.0,1.86,8497.0,514.9,396.8
RLFL,7/12/2017,219.0,220.0,220.0,220.0,0.46,437.0,514.9,396.8
RLFL,7/13/2017,220.0,216.0,208.0,212.0,-3.64,427.0,514.9,396.8
RLFL,7/16/2017,212.0,215.0,211.0,215.0,1.42,144.0,514.9,396.8
RLFL,7/17/2017,215.0,218.0,212.0,212.0,-1.4,1554.0,514.9,396.8
RLFL,7/18/2017,212.0,231.0,212.0,231.0,8.96,2688.0,514.9,396.8
RLFL,7/19/2017,231.0,0.0,0.0,0.0,-100.0,6.0,514.9,396.8
RLFL,7/20/2017,231.0,0.0,0.0,0.0,,8.0,514.9,396.8
RLFL,7/23/2017,231.0,228.0,220.0,220.0,inf,156.0,514.9,396.8
RLFL,7/24/2017,220.0,217.0,211.0,212.0,-3.64,3662.0,514.9,396.8
RLFL,7/25/2017,212.0,224.0,211.0,224.0,5.66,9455.0,514.9,396.8
RLFL,7/26/2017,224.0,233.0,228.0,229.0,2.23,385.0,514.9,396.8
RLFL,7/27/2017,229.0,225.0,217.0,217.0,-5.24,202.0,514.9,396.8
RLFL,7/30/2017,217.0,218.0,213.0,214.0,-1.38,4339.0,514.9,396.8
RLFL,7/31/2017,214.0,230.0,212.0,230.0,7.48,2444.0,514.9,396.8
RLFL,8/1/2017,230.0,237.0,233.0,237.0,3.04,965.0,514.9,396.8
RLFL,8/3/2017,237.0,233.0,217.0,229.0,-3.38,19496.0,514.9,396.8
RLFL,8/6/2017,229.0,225.0,216.0,216.0,-5.68,2103.0,514.9,396.8
RLFL,8/7/2017,216.0,225.0,215.0,215.0,-0.46,3967.0,514.9,396.8
RLFL,8/9/2017,215.0,223.0,215.0,222.0,3.26,3519.0,514.9,396.8
RLFL,8/10/2017,222.0,225.0,218.0,219.0,-1.35,2191.0,514.9,396.8
RLFL,8/13/2017,219.0,224.0,215.0,222.0,1.37,2216.0,514.9,396.8
RLFL,8/15/2017,222.0,219.0,214.0,215.0,-3.15,2240.0,514.9,396.8
RLFL,8/16/2017,215.0,219.0,215.0,218.0,1.4,2015.0,514.9,396.8
RLFL,8/17/2017,218.0,218.0,214.0,218.0,0.0,665.0,514.9,396.8
RLFL,8/20/2017,218.0,218.0,215.0,215.0,-1.38,2113.0,514.9,396.8
RLFL,8/21/2017,215.0,219.0,215.0,219.0,1.86,77.0,514.9,396.8
RLFL,8/22/2017,219.0,222.0,218.0,219.0,0.0,2797.0,514.9,396.8
RLFL,8/23/2017,219.0,220.0,216.0,216.0,-1.37,3573.0,514.9,396.8
RLFL,8/24/2017,216.0,227.0,210.0,227.0,5.09,9100.0,514.9,396.8
RLFL,8/27/2017,227.0,223.0,215.0,218.0,-3.96,11430.0,514.9,396.8
RLFL,8/28/2017,218.0,226.0,215.0,215.0,-1.38,2200.0,514.9,396.8
RLFL,8/30/2017,215.0,215.0,213.0,215.0,0.0,5093.0,514.9,396.8
RLFL,8/31/2017,215.0,219.0,210.0,215.0,0.0,1863.0,514.9,396.8
RLFL,9/4/2017,215.0,211.0,207.0,207.0,-3.72,863.0,514.9,396.8
RLFL,9/6/2017,207.0,214.0,207.0,210.0,1.45,615.0,514.9,396.8
RLFL,9/7/2017,210.0,222.0,206.0,212.0,0.95,1214.0,514.9,396.8
RLFL,9/10/2017,212.0,208.0,204.0,206.0,-2.83,2172.0,514.9,396.8
RLFL,9/11/2017,206.0,207.0,203.0,203.0,-1.46,2120.0,514.9,396.8
RLFL,9/12/2017,203.0,204.0,200.0,204.0,0.49,693.0,514.9,396.8
RLFL,9/13/2017,204.0,208.0,204.0,205.0,0.49,135.0,514.9,396.8
RLFL,9/14/2017,205.0,214.0,202.0,214.0,4.39,946.0,514.9,396.8
RLFL,9/17/2017,214.0,218.0,218.0,218.0,1.87,100.0,514.9,396.8
RLFL,9/20/2017,218.0,220.0,216.0,216.0,-0.92,40.0,514.9,396.8
RLFL,9/25/2017,216.0,216.0,212.0,213.0,-1.39,989.0,514.9,396.8
RLFL,9/26/2017,213.0,213.0,209.0,210.0,-1.41,709.0,514.9,396.8
RLFL,10/4/2017,210.0,206.0,206.0,206.0,-1.9,90.0,514.9,396.8
RLFL,10/8/2017,206.0,202.0,202.0,202.0,-1.94,182.0,514.9,396.8
RLFL,10/9/2017,202.0,206.0,206.0,206.0,1.98,362.0,514.9,396.8
RLFL,10/10/2017,206.0,206.0,202.0,203.0,-1.46,886.0,514.9,396.8
RLFL,10/11/2017,203.0,207.0,199.0,199.0,-1.97,240.0,514.9,396.8
RLFL,10/12/2017,199.0,218.0,202.0,210.0,5.53,425.0,514.9,396.8
RLFL,10/15/2017,210.0,212.0,201.0,205.0,-2.38,4665.0,514.9,396.8
RLFL,10/16/2017,205.0,209.0,205.0,208.0,1.46,3922.0,514.9,396.8
RLFL,10/17/2017,208.0,213.0,207.0,213.0,2.4,3217.0,514.9,396.8
RLFL,10/18/2017,213.0,210.0,208.0,208.0,-2.35,2740.0,514.9,396.8
RLFL,10/22/2017,208.0,214.0,206.0,208.0,0.0,784.0,514.9,396.8
RLFL,10/23/2017,208.0,213.0,207.0,213.0,2.4,1917.0,514.9,396.8
RLFL,10/24/2017,213.0,217.0,208.0,212.0,-0.47,9622.0,514.9,396.8
RLFL,10/25/2017,212.0,220.0,209.0,209.0,-1.42,9712.0,514.9,396.8
RLFL,10/29/2017,209.0,210.0,208.0,210.0,0.48,395.0,514.9,396.8
RLFL,10/30/2017,210.0,210.0,207.0,210.0,0.0,7397.0,514.9,396.8
RLFL,10/31/2017,210.0,210.0,201.0,210.0,0.0,16551.0,514.9,396.8
RLFL,11/1/2017,210.0,210.0,203.0,204.0,-2.86,2720.0,514.9,396.8
RLFL,11/2/2017,204.0,205.0,203.0,204.0,0.0,1298.0,514.9,396.8
RLFL,11/5/2017,204.0,201.0,200.0,200.0,-1.96,3150.0,514.9,396.8
RLFL,11/6/2017,200.0,206.0,194.0,201.0,0.5,5013.0,514.9,396.8
RLFL,11/7/2017,201.0,213.0,205.0,213.0,5.97,31.0,514.9,396.8
RLFL,11/8/2017,213.0,209.0,209.0,209.0,-1.88,674.0,514.9,396.8
RLFL,11/9/2017,209.0,205.0,189.0,198.0,-5.26,8876.0,514.9,396.8
RLFL,11/12/2017,198.0,200.0,194.0,194.0,-2.02,8101.0,514.9,396.8
RLFL,11/13/2017,194.0,198.0,192.0,198.0,2.06,818.0,514.9,396.8
RLFL,11/14/2017,198.0,201.0,195.0,200.0,1.01,21985.0,514.9,396.8
RLFL,11/15/2017,200.0,204.0,193.0,194.0,-3.0,1854.0,514.9,396.8
RLFL,11/16/2017,194.0,197.0,187.0,187.0,-3.61,6148.0,514.9,396.8
RLFL,11/19/2017,187.0,190.0,184.0,184.0,-1.6,3192.0,514.9,396.8
RLFL,11/20/2017,184.0,191.0,186.0,189.0,2.72,2275.0,514.9,396.8
RLFL,11/21/2017,189.0,189.0,184.0,185.0,-2.12,14237.0,514.9,396.8
RLFL,11/22/2017,185.0,189.0,183.0,186.0,0.54,5606.0,514.9,396.8
RLFL,11/23/2017,186.0,190.0,182.0,182.0,-2.15,16632.0,514.9,396.8
RLFL,11/26/2017,157.0,155.0,152.0,152.0,-16.48,1025.0,514.9,396.8
RLFL,11/27/2017,152.0,155.0,152.0,154.0,1.32,554.0,514.9,396.8
RLFL,11/28/2017,154.0,157.0,152.0,154.0,0.0,1123.0,514.9,396.8
RLFL,11/29/2017,154.0,153.0,153.0,153.0,-0.65,1.0,514.9,396.8
RLFL,11/30/2017,154.0,161.0,155.0,161.0,5.23,851.0,514.9,396.8
RLFL,12/4/2017,161.0,161.0,158.0,158.0,-1.86,96.0,514.9,396.8
RLFL,12/5/2017,158.0,155.0,151.0,151.0,-4.43,1200.0,514.9,396.8
RLFL,12/6/2017,151.0,160.0,150.0,160.0,5.96,229.0,514.9,396.8
RLFL,12/10/2017,160.0,163.0,157.0,157.0,-1.88,933.0,514.9,396.8
RLFL,12/11/2017,157.0,155.0,154.0,155.0,-1.27,149.0,514.9,396.8
RLFL,12/12/2017,155.0,152.0,152.0,152.0,-1.94,1.0,514.9,396.8
RLFL,12/13/2017,155.0,159.0,149.0,159.0,4.61,522.0,514.9,396.8
RLFL,12/14/2017,159.0,159.0,159.0,159.0,0.0,179.0,514.9,396.8
RLFL,12/18/2017,159.0,158.0,149.0,151.0,-5.03,2839.0,514.9,396.8
RLFL,12/19/2017,151.0,152.0,150.0,152.0,0.66,619.0,514.9,396.8
RLFL,12/20/2017,152.0,152.0,152.0,152.0,0.0,351.0,514.9,396.8
RLFL,12/21/2017,152.0,154.0,153.0,153.0,0.66,145.0,514.9,396.8
RLFL,12/24/2017,153.0,150.0,147.0,147.0,-3.92,1700.0,514.9,396.8
RLFL,12/26/2017,147.0,145.0,143.0,143.0,-2.72,914.0,514.9,396.8
RLFL,12/27/2017,143.0,143.0,142.0,142.0,-0.7,1555.0,514.9,396.8
RLFL,12/28/2017,142.0,144.0,138.0,143.0,0.7,2310.0,514.9,396.8
RLFL,12/31/2017,143.0,141.0,140.0,140.0,-2.1,1447.0,514.9,396.8
RLFL,1/1/2018,140.0,153.0,142.0,150.0,7.14,6727.0,514.9,396.8
RLFL,1/2/2018,150.0,148.0,145.0,146.0,-2.67,3198.0,514.9,396.8
RLFL,1/3/2018,146.0,144.0,144.0,144.0,-1.37,1455.0,514.9,396.8
RLFL,1/4/2018,144.0,148.0,143.0,144.0,0.0,2069.0,514.9,396.8
RLFL,1/7/2018,144.0,146.0,144.0,144.0,0.0,7959.0,514.9,396.8
RLFL,1/8/2018,144.0,153.0,140.0,146.0,1.39,3415.0,514.9,396.8
RLFL,1/9/2018,146.0,146.0,144.0,144.0,-1.37,2360.0,514.9,396.8
RLFL,1/10/2018,144.0,146.0,141.0,146.0,1.39,3806.0,514.9,396.8
RLFL,1/14/2018,146.0,146.0,141.0,142.0,-2.74,4118.0,514.9,396.8
RLFL,1/16/2018,142.0,144.0,142.0,142.0,0.0,1728.0,514.9,396.8
RLFL,1/17/2018,142.0,142.0,138.0,142.0,0.0,1451.0,514.9,396.8
RLFL,1/21/2018,142.0,144.0,138.0,143.0,0.7,2148.0,514.9,396.8
RLFL,1/22/2018,143.0,143.0,141.0,143.0,0.0,1361.0,514.9,396.8
RLFL,1/23/2018,143.0,141.0,139.0,139.0,-2.8,597.0,514.9,396.8
RLFL,1/24/2018,139.0,139.0,137.0,138.0,-0.72,576.0,514.9,396.8
RLFL,1/25/2018,138.0,140.0,140.0,140.0,1.45,100.0,514.9,396.8
RLFL,1/28/2018,140.0,139.0,137.0,137.0,-2.14,2713.0,514.9,396.8
RLFL,1/29/2018,137.0,139.0,138.0,138.0,0.73,1968.0,514.9,396.8
RLFL,1/31/2018,138.0,138.0,136.0,138.0,0.0,149.0,514.9,396.8
RLFL,2/1/2018,138.0,141.0,140.0,141.0,2.17,265.0,514.9,396.8
RLFL,2/4/2018,141.0,140.0,138.0,140.0,-0.71,989.0,514.9,396.8
RLFL,2/5/2018,140.0,140.0,139.0,139.0,-0.71,2330.0,514.9,396.8
RLFL,2/7/2018,139.0,141.0,141.0,141.0,1.44,50.0,514.9,396.8
RLFL,2/8/2018,141.0,141.0,140.0,140.0,-0.71,1330.0,514.9,396.8
RLFL,2/11/2018,140.0,140.0,140.0,140.0,0.0,693.0,514.9,396.8
RLFL,2/15/2018,140.0,145.0,137.0,145.0,3.57,1153.0,514.9,396.8
RLFL,2/20/2018,145.0,145.0,143.0,143.0,-1.38,200.0,514.9,396.8
RLFL,2/21/2018,141.0,141.0,139.0,139.0,-2.8,95.0,514.9,396.8
RLFL,2/22/2018,137.0,137.0,135.0,136.0,-2.16,204.0,514.9,396.8
RLFL,2/25/2018,134.0,135.0,134.0,135.0,-0.74,484.0,514.9,396.8
RLFL,2/26/2018,133.0,133.0,132.0,132.0,-2.22,82.0,514.9,396.8
RLFL,2/27/2018,134.0,136.0,134.0,134.0,1.52,969.0,514.9,396.8
RLFL,2/28/2018,132.0,132.0,130.0,130.0,-2.99,941.0,514.9,396.8
RLFL,3/4/2018,128.0,128.0,126.0,126.0,-3.08,1556.0,514.9,396.8
RLFL,3/5/2018,126.0,128.0,121.0,121.0,-3.97,7356.0,514.9,396.8
RLFL,3/6/2018,121.0,125.0,121.0,125.0,3.31,1064.0,514.9,396.8
RLFL,3/7/2018,126.0,130.0,125.0,129.0,3.2,8682.0,514.9,396.8
RLFL,3/11/2018,128.0,128.0,126.0,126.0,-2.33,545.0,514.9,396.8
RLFL,3/12/2018,124.0,125.0,122.0,124.0,-1.59,1280.0,514.9,396.8
RLFL,3/13/2018,124.0,124.0,122.0,124.0,0.0,210.0,514.9,396.8
RLFL,3/15/2018,122.0,125.0,122.0,125.0,0.81,169.0,514.9,396.8
RLFL,3/18/2018,123.0,125.0,121.0,121.0,-3.2,3030.0,514.9,396.8
RLFL,3/20/2018,120.0,120.0,117.0,119.0,-1.65,539.0,514.9,396.8
RLFL,3/21/2018,117.0,118.0,114.0,114.0,-4.2,8301.0,514.9,396.8
RLFL,3/22/2018,116.0,118.0,113.0,116.0,1.75,2920.0,514.9,396.8
RLFL,3/27/2018,118.0,124.0,118.0,124.0,6.9,400.0,514.9,396.8
RLFL,3/28/2018,122.0,122.0,120.0,121.0,-2.42,1100.0,514.9,396.8
RLFL,3/29/2018,122.0,125.0,122.0,125.0,3.31,1299.0,514.9,396.8
RLFL,4/1/2018,124.0,125.0,121.0,121.0,-3.2,851.0,514.9,396.8
RLFL,4/2/2018,119.0,119.0,117.0,119.0,-1.65,330.0,514.9,396.8
RLFL,4/3/2018,120.0,121.0,120.0,121.0,1.68,398.0,514.9,396.8
RLFL,4/4/2018,121.0,122.0,121.0,122.0,0.83,346.0,514.9,396.8
RLFL,4/5/2018,122.0,126.0,122.0,125.0,2.46,839.0,514.9,396.8
RLFL,4/8/2018,125.0,125.0,125.0,125.0,0.0,267.0,514.9,396.8
RLFL,4/9/2018,127.0,131.0,125.0,125.0,0.0,2460.0,514.9,396.8
RLFL,4/10/2018,125.0,125.0,123.0,123.0,-1.6,831.0,514.9,396.8
RLFL,4/11/2018,125.0,125.0,125.0,125.0,1.63,10.0,514.9,396.8
RLFL,4/12/2018,123.0,123.0,121.0,123.0,-1.6,630.0,514.9,396.8
RLFL,4/15/2018,121.0,121.0,121.0,121.0,-1.63,260.0,514.9,396.8
RLFL,4/16/2018,120.0,127.0,119.0,127.0,4.96,2547.0,514.9,396.8
RLFL,4/17/2018,126.0,128.0,125.0,128.0,0.79,737.0,514.9,396.8
RLFL,4/18/2018,130.0,130.0,129.0,130.0,1.56,3443.0,514.9,396.8
RLFL,4/19/2018,128.0,130.0,127.0,127.0,-2.31,1386.0,514.9,396.8
RLFL,4/22/2018,129.0,139.0,129.0,139.0,9.45,6749.0,514.9,396.8
RLFL,4/23/2018,141.0,141.0,136.0,136.0,-2.16,2337.0,514.9,396.8
RLFL,4/24/2018,137.0,137.0,130.0,130.0,-4.41,425.0,514.9,396.8
RLFL,4/25/2018,128.0,128.0,122.0,122.0,-6.15,2773.0,514.9,396.8
RLFL,4/26/2018,120.0,126.0,120.0,126.0,3.28,2895.0,514.9,396.8
RLFL,4/29/2018,127.0,127.0,127.0,127.0,0.79,500.0,514.9,396.8
RLFL,5/2/2018,125.0,125.0,124.0,125.0,-1.57,443.0,514.9,396.8
RLFL,5/3/2018,126.0,126.0,125.0,126.0,0.8,4283.0,514.9,396.8
RLFL,5/7/2018,125.0,125.0,123.0,123.0,-2.38,4451.0,514.9,396.8
RLFL,5/8/2018,122.0,125.0,122.0,124.0,0.81,995.0,514.9,396.8
RLFL,5/9/2018,122.0,125.0,120.0,124.0,0.0,1659.0,514.9,396.8
RLFL,5/10/2018,122.0,123.0,120.0,123.0,-0.81,1195.0,514.9,396.8
RLFL,5/14/2018,121.0,121.0,119.0,119.0,-3.25,3164.0,514.9,396.8
RLFL,5/16/2018,119.0,119.0,118.0,118.0,-0.84,610.0,514.9,396.8
RLFL,5/20/2018,120.0,120.0,120.0,120.0,1.69,255.0,514.9,396.8
RLFL,5/21/2018,118.0,119.0,118.0,119.0,-0.83,80.0,514.9,396.8
RLFL,5/22/2018,118.0,118.0,118.0,118.0,-0.84,196.0,514.9,396.8
RLFL,5/23/2018,116.0,116.0,116.0,116.0,-1.69,2628.0,514.9,396.8
RLFL,5/24/2018,114.0,114.0,114.0,114.0,-1.72,50.0,514.9,396.8
RLFL,5/27/2018,116.0,122.0,116.0,122.0,7.02,731.0,514.9,396.8
RLFL,5/28/2018,123.0,125.0,123.0,124.0,1.64,589.0,514.9,396.8
RLFL,5/29/2018,122.0,122.0,119.0,119.0,-4.03,1050.0,514.9,396.8
RLFL,5/30/2018,121.0,121.0,120.0,121.0,1.68,1000.0,514.9,396.8
RLFL,5/31/2018,122.0,122.0,120.0,120.0,-0.83,276.0,514.9,396.8
RLFL,6/3/2018,120.0,120.0,116.0,116.0,-3.33,1481.0,514.9,396.8
RLFL,6/7/2018,118.0,118.0,117.0,117.0,0.86,526.0,514.9,396.8
RLFL,6/11/2018,118.0,118.0,116.0,116.0,-0.85,1036.0,514.9,396.8
RLFL,6/12/2018,118.0,118.0,118.0,118.0,1.72,200.0,514.9,396.8
RLFL,6/13/2018,117.0,117.0,117.0,117.0,-0.85,32.0,514.9,396.8
RLFL,6/14/2018,119.0,128.0,119.0,125.0,6.84,5809.0,514.9,396.8
RLFL,6/17/2018,124.0,124.0,120.0,120.0,-4.0,1465.0,514.9,396.8
RLFL,6/18/2018,120.0,120.0,118.0,120.0,0.0,1236.0,514.9,396.8
RLFL,6/19/2018,122.0,124.0,120.0,122.0,1.67,1993.0,514.9,396.8
RLFL,6/20/2018,122.0,122.0,122.0,122.0,0.0,99.0,514.9,396.8
RLFL,6/21/2018,122.0,124.0,122.0,122.0,0.0,537.0,514.9,396.8
RLFL,6/24/2018,124.0,124.0,122.0,123.0,0.82,575.0,514.9,396.8
RLFL,6/25/2018,121.0,123.0,121.0,123.0,0.0,229.0,514.9,396.8
RLFL,6/26/2018,125.0,125.0,125.0,125.0,1.63,200.0,514.9,396.8
RLFL,6/28/2018,126.0,126.0,120.0,120.0,-4.0,1740.0,514.9,396.8
RLFL,7/1/2018,120.0,120.0,118.0,118.0,-1.67,1414.0,514.9,396.8
RLFL,7/2/2018,118.0,120.0,118.0,120.0,1.69,590.0,514.9,396.8
RLFL,7/3/2018,120.0,120.0,118.0,118.0,-1.67,6136.0,514.9,396.8
RLFL,7/4/2018,120.0,122.0,120.0,122.0,3.39,1410.0,514.9,396.8
RLFL,7/5/2018,121.0,128.0,120.0,128.0,4.92,1589.0,514.9,396.8
RLFL,7/8/2018,126.0,126.0,123.0,123.0,-3.91,100.0,514.9,396.8
RLFL,7/9/2018,121.0,121.0,118.0,118.0,-4.07,2001.0,514.9,396.8
RLFL,7/10/2018,120.0,120.0,116.0,118.0,0.0,2710.0,514.9,396.8
RLFL,7/11/2018,117.0,117.0,116.0,116.0,-1.69,1000.0,514.9,396.8
RLFL,7/12/2018,117.0,119.0,117.0,119.0,2.59,654.0,514.9,396.8
RLFL,7/15/2018,117.0,117.0,117.0,117.0,-1.68,138.0,514.9,396.8
RLFL,7/16/2018,119.0,119.0,119.0,119.0,1.71,15.0,514.9,396.8
RLFL,7/17/2018,121.0,123.0,121.0,122.0,2.52,700.0,514.9,396.8
RLFL,7/18/2018,124.0,124.0,122.0,123.0,0.82,1210.0,514.9,396.8
RLFL,7/19/2018,122.0,122.0,122.0,122.0,-0.81,4058.0,514.9,396.8
RLFL,7/22/2018,121.0,121.0,119.0,119.0,-2.46,2690.0,514.9,396.8
RLFL,7/23/2018,121.0,125.0,121.0,125.0,5.04,2151.0,514.9,396.8
RLFL,7/24/2018,126.0,126.0,123.0,123.0,-1.6,5608.0,514.9,396.8
RLFL,7/25/2018,123.0,126.0,123.0,126.0,2.44,3576.0,514.9,396.8
RLFL,7/26/2018,126.0,126.0,123.0,125.0,-0.79,2845.0,514.9,396.8
RLFL,7/29/2018,125.0,125.0,125.0,125.0,0.0,9.0,514.9,396.8
RLFL,7/30/2018,125.0,125.0,123.0,123.0,-1.6,182.0,514.9,396.8
RLFL,7/31/2018,125.0,125.0,124.0,125.0,1.63,1412.0,514.9,396.8
RLFL,8/1/2018,124.0,124.0,122.0,122.0,-2.4,3978.0,514.9,396.8
RLFL,8/2/2018,124.0,124.0,120.0,121.0,-0.82,3542.0,514.9,396.8
RLFL,8/5/2018,120.0,122.0,120.0,120.0,-0.83,2861.0,514.9,396.8
RLFL,8/6/2018,121.0,123.0,120.0,121.0,0.83,7369.0,514.9,396.8
RLFL,8/7/2018,120.0,121.0,120.0,120.0,-0.83,2200.0,514.9,396.8
RLFL,8/8/2018,119.0,120.0,119.0,120.0,0.0,595.0,514.9,396.8
RLFL,8/9/2018,120.0,121.0,119.0,119.0,-0.83,2493.0,514.9,396.8
RLFL,8/12/2018,119.0,119.0,118.0,118.0,-0.84,2213.0,514.9,396.8
RLFL,8/13/2018,116.0,120.0,116.0,120.0,1.69,773.0,514.9,396.8
RLFL,8/14/2018,119.0,122.0,119.0,122.0,1.67,383.0,514.9,396.8
RLFL,8/15/2018,120.0,122.0,120.0,122.0,0.0,191.0,514.9,396.8
RLFL,8/16/2018,124.0,124.0,120.0,120.0,-1.64,1710.0,514.9,396.8
RLFL,8/19/2018,118.0,118.0,118.0,118.0,-1.67,561.0,514.9,396.8
RLFL,8/20/2018,117.0,117.0,117.0,117.0,-0.85,84.0,514.9,396.8
RLFL,8/21/2018,119.0,119.0,117.0,117.0,0.0,1148.0,514.9,396.8
RLFL,8/22/2018,119.0,119.0,118.0,118.0,0.85,1412.0,514.9,396.8
RLFL,8/23/2018,117.0,118.0,117.0,118.0,0.0,399.0,514.9,396.8
RLFL,8/26/2018,117.0,118.0,116.0,117.0,-0.85,1829.0,514.9,396.8
RLFL,8/28/2018,116.0,118.0,116.0,117.0,0.0,1480.0,514.9,396.8
RLFL,8/29/2018,119.0,120.0,118.0,119.0,1.71,602.0,514.9,396.8
RLFL,8/30/2018,118.0,120.0,118.0,120.0,0.84,432.0,514.9,396.8
RLFL,9/2/2018,120.0,122.0,119.0,119.0,-0.83,2278.0,514.9,396.8
RLFL,9/3/2018,121.0,121.0,117.0,118.0,-0.84,1469.0,514.9,396.8
RLFL,9/4/2018,119.0,120.0,117.0,118.0,0.0,6621.0,514.9,396.8
RLFL,9/5/2018,118.0,126.0,118.0,126.0,6.78,7462.0,514.9,396.8
RLFL,9/6/2018,124.0,128.0,120.0,128.0,1.59,5121.0,514.9,396.8
RLFL,9/9/2018,128.0,126.0,122.0,122.0,-4.69,151.0,514.9,396.8
RLFL,9/10/2018,122.0,122.0,122.0,122.0,0.0,200.0,514.9,396.8
RLFL,9/11/2018,122.0,122.0,121.0,121.0,-0.82,656.0,514.9,396.8
RLFL,9/12/2018,119.0,125.0,119.0,125.0,3.31,646.0,514.9,396.8
RLFL,9/13/2018,123.0,127.0,123.0,126.0,0.8,1942.0,514.9,396.8
RLFL,9/16/2018,128.0,130.0,124.0,124.0,-1.59,8139.0,514.9,396.8
RLFL,9/17/2018,122.0,126.0,122.0,124.0,0.0,838.0,514.9,396.8
RLFL,9/18/2018,122.0,124.0,122.0,124.0,0.0,532.0,514.9,396.8
RLFL,9/20/2018,123.0,125.0,123.0,125.0,0.81,3819.0,514.9,396.8
RLFL,9/23/2018,125.0,127.0,125.0,125.0,0.0,2633.0,514.9,396.8
RLFL,9/25/2018,127.0,129.0,126.0,127.0,1.6,7208.0,514.9,396.8
RLFL,9/26/2018,127.0,127.0,126.0,126.0,-0.79,3675.0,514.9,396.8
RLFL,9/27/2018,125.0,125.0,124.0,125.0,-0.79,1053.0,514.9,396.8
RLFL,9/30/2018,125.0,125.0,125.0,125.0,0.0,8646.0,514.9,396.8
RLFL,10/1/2018,126.0,128.0,125.0,125.0,0.0,7226.0,514.9,396.8
RLFL,10/2/2018,125.0,129.0,125.0,126.0,0.8,11848.0,514.9,396.8
RLFL,10/3/2018,125.0,127.0,125.0,125.0,-0.79,3044.0,514.9,396.8
RLFL,10/4/2018,125.0,127.0,125.0,126.0,0.8,486.0,514.9,396.8
RLFL,10/7/2018,124.0,124.0,122.0,124.0,-1.59,4598.0,514.9,396.8
RLFL,10/8/2018,122.0,124.0,122.0,124.0,0.0,111.0,514.9,396.8
RLFL,10/9/2018,123.0,123.0,122.0,122.0,-1.61,158.0,514.9,396.8
RLFL,10/14/2018,120.0,124.0,120.0,124.0,1.64,1089.0,514.9,396.8
RLFL,10/15/2018,126.0,126.0,122.0,122.0,-1.61,1700.0,514.9,396.8
RLFL,10/21/2018,122.0,124.0,122.0,122.0,0.0,226.0,514.9,396.8
RLFL,10/22/2018,124.0,126.0,122.0,126.0,3.28,352.0,514.9,396.8
RLFL,10/23/2018,127.0,128.0,127.0,128.0,1.59,248.0,514.9,396.8
RLFL,10/28/2018,127.0,127.0,123.0,123.0,-3.91,4292.0,514.9,396.8
RLFL,10/29/2018,125.0,125.0,124.0,124.0,0.81,587.0,514.9,396.8
RLFL,10/30/2018,125.0,126.0,123.0,123.0,-0.81,2142.0,514.9,396.8
RLFL,10/31/2018,123.0,123.0,122.0,122.0,-0.81,1642.0,514.9,396.8
RLFL,11/1/2018,122.0,124.0,120.0,122.0,0.0,1254.0,514.9,396.8
RLFL,11/4/2018,120.0,122.0,120.0,122.0,0.0,40.0,514.9,396.8
RLFL,11/5/2018,120.0,123.0,120.0,123.0,0.82,1726.0,514.9,396.8
RLFL,11/11/2018,123.0,125.0,123.0,125.0,1.63,20.0,514.9,396.8
RLFL,11/13/2018,125.0,126.0,125.0,125.0,0.0,669.0,514.9,396.8
RLFL,11/14/2018,123.0,125.0,123.0,123.0,-1.6,500.0,514.9,396.8
RLFL,11/15/2018,122.0,124.0,122.0,122.0,-0.81,1755.0,514.9,396.8
RLFL,11/18/2018,120.0,121.0,120.0,121.0,-0.82,303.0,514.9,396.8
RLFL,11/19/2018,119.0,121.0,119.0,121.0,0.0,275.0,514.9,396.8
RLFL,11/20/2018,120.0,121.0,120.0,120.0,-0.83,885.0,514.9,396.8
RLFL,11/21/2018,119.0,119.0,119.0,119.0,-0.83,296.0,514.9,396.8
RLFL,11/22/2018,118.0,120.0,118.0,120.0,0.84,1437.0,514.9,396.8
RLFL,11/25/2018,119.0,120.0,118.0,120.0,0.0,2025.0,514.9,396.8
RLFL,11/26/2018,122.0,122.0,122.0,122.0,1.67,40.0,514.9,396.8
RLFL,11/27/2018,120.0,120.0,118.0,118.0,-3.28,904.0,514.9,396.8
RLFL,11/28/2018,117.0,120.0,117.0,120.0,1.69,50.0,514.9,396.8
RLFL,11/29/2018,119.0,119.0,117.0,117.0,-2.5,3545.0,514.9,396.8
RLFL,12/2/2018,117.0,117.0,117.0,117.0,0.0,795.0,514.9,396.8
RLFL,12/3/2018,117.0,117.0,117.0,117.0,0.0,35.0,514.9,396.8
RLFL,12/5/2018,115.0,115.0,115.0,115.0,-1.71,501.0,514.9,396.8
RLFL,12/6/2018,117.0,117.0,116.0,117.0,1.74,1911.0,514.9,396.8
RLFL,12/9/2018,116.0,118.0,116.0,118.0,0.85,905.0,514.9,396.8
RLFL,12/10/2018,117.0,120.0,116.0,120.0,1.69,1853.0,514.9,396.8
RLFL,12/11/2018,120.0,120.0,117.0,117.0,-2.5,1182.0,514.9,396.8
RLFL,12/12/2018,118.0,119.0,117.0,117.0,0.0,541.0,514.9,396.8
RLFL,12/13/2018,116.0,120.0,116.0,120.0,2.56,2726.0,514.9,396.8
RLFL,12/16/2018,121.0,122.0,121.0,122.0,1.67,100.0,514.9,396.8
RLFL,12/20/2018,119.0,119.0,119.0,119.0,-2.46,1104.0,514.9,396.8
RLFL,12/23/2018,119.0,119.0,118.0,118.0,-0.84,3500.0,514.9,396.8
RLFL,12/24/2018,117.0,122.0,117.0,122.0,3.39,2637.0,514.9,396.8
RLFL,12/26/2018,118.0,120.0,118.0,120.0,-1.64,1034.0,514.9,396.8
RLFL,12/27/2018,118.0,118.0,117.0,117.0,-2.5,75.0,514.9,396.8
RLFL,12/30/2018,115.0,115.0,114.0,115.0,-1.71,1235.0,514.9,396.8
RLFL,1/2/2019,117.0,117.0,114.0,114.0,-0.87,5262.0,514.9,396.8
RLFL,1/3/2019,116.0,116.0,116.0,116.0,1.75,132.0,514.9,396.8
RLFL,1/6/2019,115.0,118.0,115.0,116.0,0.0,4767.0,514.9,396.8
RLFL,1/7/2019,116.0,116.0,115.0,116.0,0.0,2045.0,514.9,396.8
RLFL,1/8/2019,114.0,114.0,114.0,114.0,-1.72,378.0,514.9,396.8
RLFL,1/9/2019,115.0,115.0,115.0,115.0,0.88,949.0,514.9,396.8
RLFL,1/10/2019,117.0,117.0,117.0,117.0,1.74,1000.0,514.9,396.8
RLFL,1/13/2019,117.0,117.0,115.0,117.0,0.0,365.0,514.9,396.8
RLFL,1/14/2019,119.0,119.0,119.0,119.0,1.71,35.0,514.9,396.8
RLFL,1/16/2019,119.0,119.0,118.0,118.0,-0.84,510.0,514.9,396.8
RLFL,1/17/2019,120.0,120.0,117.0,117.0,-0.85,4764.0,514.9,396.8
RLFL,1/21/2019,115.0,117.0,115.0,116.0,-0.85,1550.0,514.9,396.8
RLFL,1/22/2019,116.0,119.0,116.0,117.0,0.86,1183.0,514.9,396.8
RLFL,1/23/2019,117.0,119.0,117.0,118.0,0.85,679.0,514.9,396.8
RLFL,1/24/2019,117.0,118.0,117.0,118.0,0.0,111.0,514.9,396.8
RLFL,1/27/2019,117.0,117.0,114.0,114.0,-3.39,6720.0,514.9,396.8
RLFL,1/28/2019,114.0,119.0,114.0,119.0,4.39,7558.0,514.9,396.8
RLFL,1/30/2019,117.0,118.0,115.0,118.0,-0.84,229.0,514.9,396.8
RLFL,2/3/2019,118.0,118.0,116.0,116.0,-1.69,550.0,514.9,396.8
RLFL,2/4/2019,117.0,117.0,117.0,117.0,0.86,20.0,514.9,396.8
RLFL,2/5/2019,116.0,116.0,116.0,116.0,-0.85,100.0,514.9,396.8
RLFL,2/6/2019,114.0,114.0,114.0,114.0,-1.72,834.0,514.9,396.8
RLFL,2/7/2019,115.0,116.0,114.0,115.0,0.88,2523.0,514.9,396.8
RLFL,2/10/2019,115.0,116.0,114.0,114.0,-0.87,1201.0,514.9,396.8
RLFL,2/11/2019,114.0,116.0,114.0,116.0,1.75,2787.0,514.9,396.8
RLFL,2/12/2019,116.0,116.0,114.0,116.0,0.0,1351.0,514.9,396.8
RLFL,2/13/2019,115.0,116.0,115.0,116.0,0.0,3396.0,514.9,396.8
RLFL,2/14/2019,114.0,114.0,114.0,114.0,-1.72,4053.0,514.9,396.8
RLFL,2/17/2019,114.0,114.0,113.0,114.0,0.0,2617.0,514.9,396.8
RLFL,2/18/2019,114.0,114.0,113.0,114.0,0.0,2615.0,514.9,396.8
RLFL,2/19/2019,114.0,114.0,113.0,114.0,0.0,9379.0,514.9,396.8
RLFL,2/20/2019,116.0,118.0,114.0,114.0,0.0,1408.0,514.9,396.8
RLFL,2/21/2019,114.0,115.0,114.0,115.0,0.88,114.0,514.9,396.8
RLFL,2/24/2019,115.0,115.0,115.0,115.0,0.0,1000.0,514.9,396.8
RLFL,2/25/2019,114.0,114.0,114.0,114.0,-0.87,334.0,514.9,396.8
RLFL,2/27/2019,113.0,113.0,112.0,112.0,-1.75,701.0,514.9,396.8
RLFL,3/3/2019,112.0,113.0,111.0,111.0,-0.89,4457.0,514.9,396.8
RLFL,3/5/2019,111.0,111.0,110.0,110.0,-0.9,496.0,514.9,396.8
RLFL,3/6/2019,111.0,112.0,111.0,112.0,1.82,28.0,514.9,396.8
RLFL,3/7/2019,110.0,114.0,110.0,114.0,1.79,438.0,514.9,396.8
RLFL,3/10/2019,112.0,112.0,112.0,112.0,-1.75,145.0,514.9,396.8
RLFL,3/11/2019,112.0,116.0,112.0,116.0,3.57,2961.0,514.9,396.8
RLFL,3/12/2019,118.0,119.0,116.0,116.0,0.0,3986.0,514.9,396.8
RLFL,3/13/2019,115.0,117.0,115.0,117.0,0.86,878.0,514.9,396.8
RLFL,3/14/2019,118.0,118.0,118.0,118.0,0.85,561.0,514.9,396.8
RLFL,3/17/2019,120.0,120.0,117.0,117.0,-0.85,1081.0,514.9,396.8
RLFL,3/18/2019,119.0,119.0,116.0,116.0,-0.85,1510.0,514.9,396.8
RLFL,3/19/2019,116.0,116.0,116.0,116.0,0.0,34.0,514.9,396.8
RLFL,3/21/2019,117.0,117.0,114.0,116.0,0.0,1412.0,514.9,396.8
RLFL,3/24/2019,118.0,120.0,117.0,119.0,2.59,2870.0,514.9,396.8
RLFL,3/25/2019,117.0,119.0,117.0,118.0,-0.84,744.0,514.9,396.8
RLFL,3/26/2019,116.0,116.0,114.0,116.0,-1.69,2940.0,514.9,396.8
RLFL,3/27/2019,118.0,118.0,118.0,118.0,1.72,10.0,514.9,396.8
RLFL,3/28/2019,116.0,118.0,116.0,118.0,0.0,494.0,514.9,396.8
RLFL,3/31/2019,116.0,116.0,115.0,115.0,-2.54,1091.0,514.9,396.8
RLFL,4/1/2019,115.0,118.0,115.0,115.0,0.0,958.0,514.9,396.8
RLFL,4/2/2019,117.0,119.0,117.0,119.0,3.48,645.0,514.9,396.8
RLFL,4/3/2019,117.0,117.0,117.0,117.0,-1.68,150.0,514.9,396.8
RLFL,4/4/2019,118.0,118.0,116.0,116.0,-0.85,170.0,514.9,396.8
RLFL,4/7/2019,115.0,118.0,115.0,118.0,1.72,834.0,514.9,396.8
RLFL,4/8/2019,120.0,120.0,116.0,117.0,-0.85,1967.0,514.9,396.8
RLFL,4/9/2019,117.0,120.0,116.0,119.0,1.71,2298.0,514.9,396.8
RLFL,4/10/2019,119.0,125.0,118.0,123.0,3.36,3361.0,514.9,396.8
RLFL,4/11/2019,121.0,124.0,120.0,123.0,0.0,767.0,514.9,396.8
RLFL,4/15/2019,123.0,123.0,123.0,123.0,0.0,16.0,514.9,396.8
RLFL,4/16/2019,125.0,125.0,125.0,125.0,1.63,20.0,514.9,396.8
RLFL,4/17/2019,127.0,127.0,119.0,121.0,-3.2,1989.0,514.9,396.8
RLFL,4/18/2019,120.0,120.0,117.0,117.0,-3.31,810.0,514.9,396.8
RLFL,4/21/2019,119.0,121.0,117.0,121.0,3.42,944.0,514.9,396.8
RLFL,4/22/2019,123.0,125.0,121.0,121.0,0.0,1084.0,514.9,396.8
RLFL,4/23/2019,123.0,123.0,123.0,123.0,1.65,386.0,514.9,396.8
RLFL,4/24/2019,124.0,126.0,122.0,126.0,2.44,1153.0,514.9,396.8
RLFL,4/25/2019,128.0,130.0,123.0,128.0,1.59,7294.0,514.9,396.8
RLFL,4/28/2019,126.0,126.0,120.0,124.0,-3.12,2384.0,514.9,396.8
RLFL,4/29/2019,122.0,122.0,119.0,121.0,-2.42,2186.0,514.9,396.8
RLFL,4/30/2019,123.0,123.0,119.0,120.0,-0.83,6247.0,514.9,396.8
RLFL,5/2/2019,120.0,120.0,119.0,119.0,-0.83,3000.0,514.9,396.8
RLFL,5/5/2019,121.0,121.0,118.0,118.0,-0.84,240.0,514.9,396.8
RLFL,5/6/2019,118.0,119.0,118.0,119.0,0.85,1124.0,514.9,396.8
RLFL,5/7/2019,118.0,120.0,118.0,118.0,-0.84,1386.0,514.9,396.8
RLFL,5/8/2019,118.0,118.0,118.0,118.0,0.0,863.0,514.9,396.8
RLFL,5/9/2019,119.0,124.0,119.0,122.0,3.39,1412.0,514.9,396.8
RLFL,5/12/2019,122.0,124.0,120.0,122.0,0.0,1033.0,514.9,396.8
RLFL,5/13/2019,121.0,121.0,120.0,120.0,-1.64,2079.0,514.9,396.8
RLFL,5/14/2019,121.0,122.0,121.0,121.0,0.83,1627.0,514.9,396.8
RLFL,5/15/2019,120.0,129.0,120.0,129.0,6.61,4367.0,514.9,396.8
RLFL,5/16/2019,127.0,129.0,122.0,129.0,0.0,9362.0,514.9,396.8
RLFL,5/19/2019,130.0,140.0,129.0,140.0,8.53,25592.0,514.9,396.8
RLFL,5/20/2019,142.0,145.0,134.0,134.0,-4.29,26013.0,514.9,396.8
RLFL,5/21/2019,136.0,147.0,136.0,147.0,9.7,61347.0,514.9,396.8
RLFL,5/22/2019,147.0,149.0,141.0,141.0,-4.08,14188.0,514.9,396.8
RLFL,5/23/2019,143.0,147.0,140.0,141.0,0.0,19394.0,514.9,396.8
RLFL,5/26/2019,143.0,143.0,138.0,141.0,0.0,56067.0,514.9,396.8
RLFL,5/27/2019,124.0,124.0,119.0,121.0,-14.18,694.0,514.9,396.8
RLFL,5/28/2019,123.0,133.0,123.0,133.0,9.92,17932.0,514.9,396.8
RLFL,5/29/2019,136.0,142.0,132.0,134.0,0.75,18233.0,514.9,396.8
RLFL,5/30/2019,136.0,136.0,131.0,131.0,-2.24,17709.0,514.9,396.8
RLFL,6/2/2019,133.0,137.0,131.0,135.0,3.05,7280.0,514.9,396.8
RLFL,6/3/2019,137.0,141.0,135.0,140.0,3.7,7627.0,514.9,396.8
RLFL,6/4/2019,138.0,140.0,136.0,140.0,0.0,320.0,514.9,396.8
RLFL,6/6/2019,138.0,144.0,136.0,144.0,2.86,14355.0,514.9,396.8
RLFL,6/10/2019,146.0,146.0,135.0,135.0,-6.25,2318.0,514.9,396.8
RLFL,6/11/2019,137.0,137.0,133.0,133.0,-1.48,3836.0,514.9,396.8
RLFL,6/12/2019,132.0,132.0,127.0,132.0,-0.75,2419.0,514.9,396.8
RLFL,6/13/2019,130.0,138.0,130.0,133.0,0.76,2515.0,514.9,396.8
RLFL,6/16/2019,135.0,135.0,131.0,131.0,-1.5,940.0,514.9,396.8
RLFL,6/18/2019,129.0,130.0,129.0,129.0,-1.53,3432.0,514.9,396.8
RLFL,6/19/2019,130.0,133.0,126.0,133.0,3.1,19877.0,514.9,396.8
RLFL,6/20/2019,135.0,135.0,125.0,126.0,-5.26,4063.0,514.9,396.8
RLFL,6/23/2019,128.0,132.0,126.0,128.0,1.59,1005.0,514.9,396.8
RLFL,6/24/2019,127.0,129.0,127.0,129.0,0.78,35.0,514.9,396.8
RLFL,6/25/2019,130.0,130.0,126.0,126.0,-2.33,1030.0,514.9,396.8
RLFL,6/26/2019,128.0,130.0,128.0,130.0,3.17,20.0,514.9,396.8
RLFL,6/27/2019,132.0,132.0,131.0,131.0,0.77,30.0,514.9,396.8
RLFL,6/30/2019,133.0,133.0,126.0,126.0,-3.82,561.0,514.9,396.8
RLFL,7/1/2019,128.0,128.0,126.0,127.0,0.79,69.0,514.9,396.8
RLFL,7/2/2019,129.0,132.0,129.0,132.0,3.94,160.0,514.9,396.8
RLFL,7/3/2019,134.0,134.0,124.0,124.0,-6.06,1300.0,514.9,396.8
RLFL,7/4/2019,123.0,128.0,123.0,124.0,0.0,7043.0,514.9,396.8
RLFL,7/7/2019,124.0,126.0,124.0,126.0,1.61,142.0,514.9,396.8
RLFL,7/8/2019,128.0,128.0,124.0,124.0,-1.59,30.0,514.9,396.8
RLFL,7/9/2019,126.0,126.0,122.0,124.0,0.0,555.0,514.9,396.8
RLFL,7/10/2019,124.0,124.0,118.0,120.0,-3.23,7997.0,514.9,396.8
RLFL,7/11/2019,119.0,125.0,119.0,120.0,0.0,792.0,514.9,396.8
RLFL,7/14/2019,120.0,121.0,119.0,121.0,0.83,972.0,514.9,396.8
RLFL,7/15/2019,120.0,126.0,120.0,126.0,4.13,182.0,514.9,396.8
RLFL,7/17/2019,124.0,124.0,121.0,121.0,-3.97,195.0,514.9,396.8
RLFL,7/18/2019,122.0,124.0,122.0,123.0,1.65,420.0,514.9,396.8
RLFL,7/21/2019,121.0,121.0,120.0,120.0,-2.44,255.0,514.9,396.8
RLFL,7/22/2019,122.0,123.0,121.0,121.0,0.83,1010.0,514.9,396.8
RLFL,7/23/2019,123.0,123.0,121.0,123.0,1.65,2152.0,514.9,396.8
RLFL,7/24/2019,121.0,123.0,121.0,122.0,-0.81,1177.0,514.9,396.8
RLFL,7/25/2019,121.0,121.0,120.0,120.0,-1.64,1172.0,514.9,396.8
RLFL,7/28/2019,118.0,122.0,118.0,122.0,1.67,332.0,514.9,396.8
RLFL,7/29/2019,120.0,120.0,120.0,120.0,-1.64,97.0,514.9,396.8
RLFL,7/30/2019,119.0,121.0,119.0,121.0,0.83,3998.0,514.9,396.8
RLFL,7/31/2019,123.0,125.0,121.0,121.0,0.0,730.0,514.9,396.8
RLFL,8/1/2019,123.0,123.0,120.0,120.0,-0.83,1853.0,514.9,396.8
RLFL,8/4/2019,122.0,123.0,120.0,120.0,0.0,7322.0,514.9,396.8
RLFL,8/5/2019,122.0,124.0,122.0,124.0,3.33,20.0,514.9,396.8
RLFL,8/6/2019,122.0,124.0,122.0,124.0,0.0,210.0,514.9,396.8
RLFL,8/7/2019,124.0,124.0,122.0,122.0,-1.61,190.0,514.9,396.8
RLFL,8/8/2019,122.0,122.0,122.0,122.0,0.0,180.0,514.9,396.8
RLFL,8/11/2019,124.0,124.0,122.0,122.0,0.0,770.0,514.9,396.8
RLFL,8/13/2019,120.0,120.0,119.0,119.0,-2.46,1548.0,514.9,396.8
RLFL,8/14/2019,117.0,117.0,117.0,117.0,-1.68,495.0,514.9,396.8
RLFL,8/18/2019,119.0,125.0,119.0,125.0,6.84,207.0,514.9,396.8
RLFL,8/19/2019,127.0,127.0,127.0,127.0,1.6,10.0,514.9,396.8
RLFL,8/20/2019,125.0,125.0,125.0,125.0,-1.57,100.0,514.9,396.8
RLFL,8/22/2019,123.0,123.0,123.0,123.0,-1.6,50.0,514.9,396.8
RLFL,8/27/2019,123.0,125.0,123.0,125.0,1.63,30.0,514.9,396.8
RLFL,8/28/2019,123.0,123.0,123.0,123.0,-1.6,20.0,514.9,396.8
RLFL,8/29/2019,121.0,121.0,117.0,119.0,-3.25,741.0,514.9,396.8
RLFL,9/1/2019,121.0,121.0,121.0,121.0,1.68,10.0,514.9,396.8
RLFL,9/2/2019,119.0,119.0,117.0,117.0,-3.31,600.0,514.9,396.8
RLFL,9/3/2019,119.0,123.0,117.0,118.0,0.85,3468.0,514.9,396.8
RLFL,9/4/2019,118.0,118.0,118.0,118.0,0.0,132.0,514.9,396.8
RLFL,9/5/2019,119.0,119.0,118.0,118.0,0.0,540.0,514.9,396.8
RLFL,9/8/2019,116.0,116.0,116.0,116.0,-1.69,10.0,514.9,396.8
RLFL,9/9/2019,118.0,118.0,114.0,115.0,-0.86,821.0,514.9,396.8
RLFL,9/10/2019,113.0,115.0,113.0,115.0,0.0,1579.0,514.9,396.8
RLFL,9/11/2019,116.0,116.0,116.0,116.0,0.87,200.0,514.9,396.8
RLFL,9/12/2019,118.0,118.0,114.0,114.0,-1.72,510.0,514.9,396.8
RLFL,9/15/2019,116.0,118.0,116.0,118.0,3.51,20.0,514.9,396.8
RLFL,9/16/2019,120.0,120.0,120.0,120.0,1.69,10.0,514.9,396.8
RLFL,9/17/2019,120.0,120.0,120.0,120.0,0.0,90.0,514.9,396.8
RLFL,9/22/2019,118.0,118.0,110.0,110.0,-8.33,5899.0,514.9,396.8
RLFL,9/23/2019,110.0,110.0,109.0,109.0,-0.91,1521.0,514.9,396.8
RLFL,9/24/2019,111.0,111.0,110.0,110.0,0.92,110.0,514.9,396.8
RLFL,9/25/2019,110.0,110.0,108.0,108.0,-1.82,1167.0,514.9,396.8
RLFL,9/26/2019,110.0,110.0,108.0,109.0,0.93,460.0,514.9,396.8
RLFL,9/29/2019,109.0,111.0,109.0,110.0,0.92,853.0,514.9,396.8
RLFL,9/30/2019,110.0,110.0,110.0,110.0,0.0,564.0,514.9,396.8
RLFL,10/1/2019,111.0,117.0,111.0,117.0,6.36,1099.0,514.9,396.8
RLFL,10/2/2019,115.0,115.0,115.0,115.0,-1.71,46.0,514.9,396.8
RLFL,10/10/2019,113.0,113.0,112.0,112.0,-2.61,124.0,514.9,396.8
RLFL,10/15/2019,114.0,116.0,114.0,116.0,3.57,61.0,514.9,396.8
RLFL,10/16/2019,115.0,117.0,115.0,115.0,-0.86,748.0,514.9,396.8
RLFL,10/17/2019,115.0,115.0,115.0,115.0,0.0,497.0,514.9,396.8
RLFL,10/20/2019,115.0,115.0,115.0,115.0,0.0,15.0,514.9,396.8
RLFL,10/21/2019,113.0,113.0,113.0,113.0,-1.74,300.0,514.9,396.8
RLFL,10/22/2019,111.0,111.0,108.0,108.0,-4.42,1319.0,514.9,396.8
RLFL,10/23/2019,109.0,111.0,109.0,109.0,0.93,515.0,514.9,396.8
RLFL,10/24/2019,111.0,117.0,111.0,115.0,5.5,278.0,514.9,396.8
RLFL,10/31/2019,117.0,117.0,117.0,117.0,1.74,10.0,514.9,396.8
RLFL,11/3/2019,119.0,119.0,119.0,119.0,1.71,10.0,514.9,396.8
RLFL,11/5/2019,117.0,117.0,113.0,113.0,-5.04,260.0,514.9,396.8
RLFL,11/6/2019,111.0,112.0,111.0,111.0,-1.77,554.0,514.9,396.8
RLFL,11/7/2019,109.0,109.0,109.0,109.0,-1.8,22.0,514.9,396.8
RLFL,11/10/2019,108.0,109.0,108.0,109.0,0.0,550.0,514.9,396.8
RLFL,11/11/2019,110.0,110.0,110.0,110.0,0.92,112.0,514.9,396.8
RLFL,11/12/2019,108.0,108.0,107.0,107.0,-2.73,2100.0,514.9,396.8
RLFL,11/13/2019,106.0,106.0,106.0,106.0,-0.93,112.0,514.9,396.8
RLFL,11/17/2019,106.0,107.0,106.0,107.0,0.94,950.0,514.9,396.8
RLFL,11/18/2019,107.0,108.0,107.0,108.0,0.93,772.0,514.9,396.8
RLFL,11/19/2019,107.0,107.0,107.0,107.0,-0.93,740.0,514.9,396.8
RLFL,11/20/2019,109.0,109.0,107.0,107.0,0.0,458.0,514.9,396.8
RLFL,11/21/2019,108.0,108.0,108.0,108.0,0.93,596.0,514.9,396.8
RLFL,11/24/2019,106.0,106.0,106.0,106.0,-1.85,675.0,514.9,396.8
RLFL,11/25/2019,106.0,107.0,106.0,107.0,0.94,2114.0,514.9,396.8
RLFL,11/26/2019,109.0,109.0,109.0,109.0,1.87,503.0,514.9,396.8
RLFL,11/27/2019,110.0,110.0,108.0,108.0,-0.92,840.0,514.9,396.8
RLFL,11/28/2019,109.0,110.0,109.0,110.0,1.85,1178.0,514.9,396.8
RLFL,12/1/2019,110.0,110.0,106.0,106.0,-3.64,7052.0,514.9,396.8
RLFL,12/3/2019,107.0,108.0,107.0,108.0,1.89,2010.0,514.9,396.8
RLFL,12/4/2019,108.0,108.0,107.0,107.0,-0.93,258.0,514.9,396.8
RLFL,12/5/2019,107.0,109.0,107.0,109.0,1.87,1904.0,514.9,396.8
RLFL,12/8/2019,108.0,108.0,108.0,108.0,-0.92,12.0,514.9,396.8
RLFL,12/9/2019,110.0,110.0,110.0,110.0,1.85,200.0,514.9,396.8
RLFL,12/10/2019,112.0,114.0,109.0,109.0,-0.91,162.0,514.9,396.8
RLFL,12/11/2019,109.0,110.0,108.0,109.0,0.0,3071.0,514.9,396.8
RLFL,12/12/2019,109.0,110.0,109.0,110.0,0.92,1265.0,514.9,396.8
RLFL,12/15/2019,112.0,112.0,112.0,112.0,1.82,210.0,514.9,396.8
RLFL,12/16/2019,110.0,110.0,108.0,108.0,-3.57,3044.0,514.9,396.8
RLFL,12/17/2019,108.0,108.0,107.0,108.0,0.0,1158.0,514.9,396.8
RLFL,12/18/2019,109.0,109.0,109.0,109.0,0.93,65.0,514.9,396.8
RLFL,12/19/2019,108.0,109.0,108.0,109.0,0.0,3049.0,514.9,396.8
RLFL,12/22/2019,107.0,107.0,107.0,107.0,-1.83,1083.0,514.9,396.8
RLFL,12/23/2019,109.0,111.0,109.0,110.0,2.8,40.0,514.9,396.8
RLFL,12/24/2019,109.0,109.0,109.0,109.0,-0.91,4283.0,514.9,396.8
RLFL,12/25/2019,109.0,110.0,108.0,110.0,0.92,66.0,514.9,396.8
RLFL,12/29/2019,109.0,110.0,108.0,109.0,-0.91,1819.0,514.9,396.8
RLFL,12/30/2019,108.0,108.0,108.0,108.0,-0.92,1355.0,514.9,396.8
RLFL,12/31/2019,110.0,110.0,110.0,110.0,1.85,75.0,514.9,396.8
RLFL,1/1/2020,110.0,113.0,110.0,113.0,2.73,245.0,514.9,396.8
RLFL,1/2/2020,112.0,112.0,109.0,109.0,-3.54,1475.0,514.9,396.8
RLFL,1/5/2020,111.0,115.0,109.0,115.0,5.5,5172.0,514.9,396.8
RLFL,1/6/2020,113.0,114.0,113.0,113.0,-1.74,1900.0,514.9,396.8
RLFL,1/7/2020,111.0,112.0,110.0,112.0,-0.88,3404.0,514.9,396.8
RLFL,1/8/2020,110.0,122.0,110.0,122.0,8.93,4257.0,514.9,396.8
RLFL,1/9/2020,120.0,120.0,114.0,115.0,-5.74,12189.0,514.9,396.8
RLFL,1/12/2020,117.0,120.0,116.0,116.0,0.87,4265.0,514.9,396.8
RLFL,1/13/2020,116.0,126.0,116.0,118.0,1.72,8264.0,514.9,396.8
RLFL,1/14/2020,116.0,121.0,116.0,121.0,2.54,3797.0,514.9,396.8
RLFL,1/15/2020,123.0,133.0,123.0,133.0,9.92,25065.0,514.9,396.8
RLFL,1/16/2020,135.0,139.0,130.0,131.0,-1.5,15986.0,514.9,396.8
RLFL,1/19/2020,133.0,144.0,133.0,144.0,9.92,29496.0,514.9,396.8
RLFL,1/20/2020,146.0,153.0,132.0,136.0,-5.56,41870.0,514.9,396.8
RLFL,1/21/2020,136.0,142.0,134.0,140.0,2.94,13060.0,514.9,396.8
RLFL,1/22/2020,140.0,142.0,138.0,138.0,-1.43,4669.0,514.9,396.8
RLFL,1/23/2020,137.0,139.0,135.0,135.0,-2.17,5585.0,514.9,396.8
RLFL,1/26/2020,133.0,137.0,132.0,133.0,-1.48,4852.0,514.9,396.8
RLFL,1/27/2020,132.0,135.0,132.0,135.0,1.5,1392.0,514.9,396.8
RLFL,1/28/2020,136.0,143.0,136.0,138.0,2.22,15384.0,514.9,396.8
RLFL,1/29/2020,140.0,140.0,138.0,140.0,1.45,4752.0,514.9,396.8
RLFL,1/30/2020,139.0,139.0,136.0,136.0,-2.86,2286.0,514.9,396.8
RLFL,2/2/2020,138.0,140.0,136.0,139.0,2.21,5868.0,514.9,396.8
RLFL,2/3/2020,140.0,143.0,139.0,143.0,2.88,13295.0,514.9,396.8
RLFL,2/4/2020,141.0,145.0,139.0,141.0,-1.4,13800.0,514.9,396.8
RLFL,2/5/2020,143.0,150.0,143.0,148.0,4.96,20920.0,514.9,396.8
RLFL,2/6/2020,148.0,148.0,142.0,144.0,-2.7,9258.0,514.9,396.8
RLFL,2/9/2020,142.0,146.0,142.0,145.0,0.69,9124.0,514.9,396.8
RLFL,2/10/2020,147.0,149.0,143.0,149.0,2.76,5184.0,514.9,396.8
RLFL,2/11/2020,147.0,151.0,141.0,144.0,-3.36,10512.0,514.9,396.8
RLFL,2/12/2020,146.0,146.0,142.0,144.0,0.0,881.0,514.9,396.8
RLFL,2/13/2020,143.0,144.0,140.0,140.0,-2.78,346.0,514.9,396.8
RLFL,2/16/2020,140.0,144.0,137.0,144.0,2.86,2982.0,514.9,396.8
RLFL,2/17/2020,146.0,148.0,141.0,141.0,-2.08,454.0,514.9,396.8
RLFL,2/18/2020,143.0,145.0,139.0,141.0,0.0,5078.0,514.9,396.8
RLFL,2/19/2020,139.0,140.0,137.0,138.0,-2.13,5509.0,514.9,396.8
RLFL,2/20/2020,140.0,142.0,139.0,139.0,0.72,1032.0,514.9,396.8
RLFL,2/23/2020,140.0,152.0,139.0,152.0,9.35,23937.0,514.9,396.8
RLFL,2/24/2020,155.0,157.0,151.0,151.0,-0.66,5310.0,514.9,396.8
RLFL,2/25/2020,148.0,152.0,144.0,147.0,-2.65,72685.0,514.9,396.8
RLFL,2/26/2020,149.0,153.0,147.0,151.0,2.72,12900.0,514.9,396.8
RLFL,2/27/2020,148.0,151.0,145.0,145.0,-3.97,3598.0,514.9,396.8
RLFL,3/1/2020,145.0,157.0,142.0,142.0,-2.07,14439.0,514.9,396.8
RLFL,3/2/2020,140.0,141.0,140.0,141.0,-0.7,1200.0,514.9,396.8
RLFL,3/3/2020,139.0,141.0,135.0,139.0,-1.42,3732.0,514.9,396.8
RLFL,3/4/2020,137.0,146.0,132.0,146.0,5.04,41390.0,514.9,396.8
RLFL,3/5/2020,148.0,148.0,144.0,146.0,0.0,11552.0,514.9,396.8
RLFL,3/10/2020,148.0,148.0,140.0,140.0,-4.11,50.0,514.9,396.8
RLFL,3/11/2020,138.0,140.0,133.0,138.0,-1.43,9674.0,514.9,396.8
RLFL,3/12/2020,139.0,139.0,130.0,133.0,-3.62,7437.0,514.9,396.8
RLFL,3/15/2020,135.0,135.0,125.0,131.0,-1.5,7233.0,514.9,396.8
RLFL,3/16/2020,129.0,134.0,129.0,134.0,2.29,1369.0,514.9,396.8
RLFL,3/17/2020,132.0,132.0,128.0,130.0,-2.99,907.0,514.9,396.8
RLFL,3/18/2020,128.0,128.0,123.0,123.0,-5.38,4321.0,514.9,396.8
RLFL,3/19/2020,121.0,132.0,118.0,128.0,4.07,6569.0,514.9,396.8
RLFL,3/22/2020,130.0,130.0,130.0,130.0,1.56,10.0,514.9,396.8
RLFL,6/29/2020,128.0,128.0,128.0,128.0,-1.54,50.0,514.9,396.8
RLFL,6/30/2020,127.0,128.0,127.0,128.0,0.0,382.0,514.9,396.8
RLFL,7/1/2020,128.0,130.0,128.0,130.0,1.56,150.0,514.9,396.8
RLFL,7/7/2020,132.0,136.0,126.0,126.0,-3.08,3104.0,514.9,396.8
RLFL,7/8/2020,125.0,126.0,124.0,124.0,-1.59,1760.0,514.9,396.8
RLFL,7/9/2020,122.0,123.0,122.0,123.0,-0.81,2542.0,514.9,396.8
RLFL,7/12/2020,123.0,125.0,121.0,121.0,-1.63,2240.0,514.9,396.8
RLFL,7/13/2020,120.0,124.0,119.0,124.0,2.48,3298.0,514.9,396.8
RLFL,7/14/2020,124.0,124.0,122.0,123.0,-0.81,1908.0,514.9,396.8
RLFL,7/15/2020,121.0,121.0,121.0,121.0,-1.63,1336.0,514.9,396.8
RLFL,7/16/2020,121.0,131.0,121.0,131.0,8.26,3693.0,514.9,396.8
RLFL,7/20/2020,133.0,137.0,129.0,129.0,-1.53,4832.0,514.9,396.8
RLFL,7/21/2020,127.0,131.0,125.0,125.0,-3.1,33273.0,514.9,396.8
RLFL,7/22/2020,127.0,127.0,122.0,124.0,-0.8,4449.0,514.9,396.8
RLFL,7/23/2020,125.0,125.0,122.0,122.0,-1.61,1199.0,514.9,396.8
RLFL,7/26/2020,122.0,126.0,122.0,126.0,3.28,816.0,514.9,396.8
RLFL,7/27/2020,126.0,126.0,123.0,123.0,-2.38,2287.0,514.9,396.8
RLFL,7/28/2020,123.0,124.0,121.0,122.0,-0.81,5593.0,514.9,396.8
RLFL,7/29/2020,124.0,126.0,122.0,123.0,0.82,978.0,514.9,396.8
RLFL,7/30/2020,123.0,130.0,122.0,128.0,4.07,1477.0,514.9,396.8
RLFL,8/2/2020,130.0,130.0,120.0,122.0,-4.69,5845.0,514.9,396.8
RLFL,8/3/2020,124.0,126.0,120.0,120.0,-1.64,6139.0,514.9,396.8
RLFL,8/5/2020,119.0,124.0,118.0,121.0,0.83,1995.0,514.9,396.8
RLFL,8/6/2020,123.0,125.0,120.0,124.0,2.48,408.0,514.9,396.8
RLFL,8/9/2020,122.0,124.0,120.0,121.0,-2.42,706.0,514.9,396.8
RLFL,8/10/2020,123.0,129.0,122.0,124.0,2.48,2229.0,514.9,396.8
RLFL,8/11/2020,125.0,127.0,123.0,126.0,1.61,2883.0,514.9,396.8
RLFL,8/12/2020,128.0,128.0,123.0,123.0,-2.38,1139.0,514.9,396.8
RLFL,8/13/2020,125.0,127.0,122.0,122.0,-0.81,5201.0,514.9,396.8
RLFL,8/16/2020,120.0,121.0,120.0,121.0,-0.82,1037.0,514.9,396.8
RLFL,8/17/2020,120.0,123.0,120.0,121.0,0.0,324.0,514.9,396.8
RLFL,8/18/2020,121.0,123.0,121.0,121.0,0.0,2656.0,514.9,396.8
RLFL,8/19/2020,123.0,125.0,122.0,122.0,0.83,1469.0,514.9,396.8
RLFL,8/20/2020,124.0,124.0,121.0,121.0,-0.82,389.0,514.9,396.8
RLFL,8/23/2020,121.0,123.0,120.0,122.0,0.83,1306.0,514.9,396.8
RLFL,8/24/2020,124.0,124.0,120.0,122.0,0.0,3943.0,514.9,396.8
RLFL,8/25/2020,122.0,123.0,121.0,122.0,0.0,595.0,514.9,396.8
RLFL,8/26/2020,122.0,124.0,120.0,124.0,1.64,4193.0,514.9,396.8
RLFL,8/27/2020,125.0,125.0,122.0,122.0,-1.61,957.0,514.9,396.8
RLFL,8/30/2020,128.0,128.0,122.0,124.0,1.64,1602.0,514.9,396.8
RLFL,8/31/2020,125.0,130.0,122.0,122.0,-1.61,2971.0,514.9,396.8
RLFL,9/2/2020,122.0,128.0,122.0,126.0,3.28,6892.0,514.9,396.8
RLFL,9/3/2020,130.0,132.0,124.0,126.0,0.0,9767.0,514.9,396.8
RLFL,9/6/2020,132.0,138.0,128.0,129.0,2.38,23193.0,514.9,396.8
RLFL,9/7/2020,135.0,141.0,133.0,135.0,4.65,30668.0,514.9,396.8
RLFL,9/8/2020,141.0,147.0,134.0,138.0,2.22,34001.0,514.9,396.8
RLFL,9/9/2020,142.0,142.0,133.0,135.0,-2.17,3565.0,514.9,396.8
RLFL,9/10/2020,141.0,141.0,133.0,134.0,-0.74,2453.0,514.9,396.8
RLFL,9/13/2020,140.0,140.0,128.0,132.0,-1.49,16205.0,514.9,396.8
RLFL,9/14/2020,134.0,140.0,130.0,132.0,0.0,23448.0,514.9,396.8
RLFL,9/15/2020,138.0,138.0,129.0,132.0,0.0,5361.0,514.9,396.8
RLFL,9/16/2020,130.0,134.0,130.0,132.0,0.0,5297.0,514.9,396.8
RLFL,9/17/2020,134.0,145.0,134.0,145.0,9.85,70005.0,514.9,396.8
RLFL,9/20/2020,152.0,159.0,152.0,159.0,9.66,13918.0,514.9,396.8
RLFL,9/21/2020,166.0,166.0,149.0,151.0,-5.03,71793.0,514.9,396.8
RLFL,9/22/2020,153.0,157.0,145.0,147.0,-2.65,22850.0,514.9,396.8
RLFL,9/23/2020,146.0,155.0,145.0,155.0,5.44,17461.0,514.9,396.8
RLFL,9/24/2020,153.0,156.0,149.0,152.0,-1.94,15365.0,514.9,396.8
RLFL,9/27/2020,155.0,163.0,154.0,157.0,3.29,37319.0,514.9,396.8
RLFL,9/28/2020,160.0,169.0,159.0,169.0,7.64,82146.0,514.9,396.8
RLFL,9/29/2020,172.0,172.0,160.0,163.0,-3.55,57845.0,514.9,396.8
RLFL,9/30/2020,163.0,168.0,155.0,163.0,0.0,32132.0,514.9,396.8
RLFL,10/1/2020,160.0,168.0,158.0,168.0,3.07,37462.0,514.9,396.8
RLFL,10/4/2020,175.0,175.0,163.0,169.0,0.6,30940.0,514.9,396.8
RLFL,10/5/2020,172.0,175.0,163.0,168.0,-0.59,9833.0,514.9,396.8
RLFL,10/6/2020,171.0,171.0,163.0,167.0,-0.6,17194.0,514.9,396.8
RLFL,10/7/2020,175.0,175.0,162.0,170.0,1.8,54318.0,514.9,396.8
RLFL,10/8/2020,173.0,187.0,173.0,185.0,8.82,124572.0,514.9,396.8
RLFL,10/11/2020,194.0,200.0,184.0,196.0,5.95,93517.0,514.9,396.8
RLFL,10/12/2020,205.0,205.0,185.0,189.0,-3.57,35121.0,514.9,396.8
RLFL,10/13/2020,192.0,192.0,177.0,180.0,-4.76,42230.0,514.9,396.8
RLFL,10/14/2020,189.0,189.0,171.0,171.0,-5.0,30600.0,514.9,396.8
RLFL,10/15/2020,173.0,179.0,170.0,170.0,-0.58,16380.0,514.9,396.8
RLFL,10/18/2020,170.0,179.0,164.0,170.0,0.0,8505.0,514.9,396.8
RLFL,10/19/2020,170.0,183.0,170.0,183.0,7.65,12007.0,514.9,396.8
RLFL,10/20/2020,186.0,189.0,178.0,180.0,-1.64,17085.0,514.9,396.8
RLFL,10/21/2020,180.0,186.0,178.0,179.0,-0.56,13025.0,514.9,396.8
RLFL,10/22/2020,179.0,187.0,179.0,180.0,0.56,40550.0,514.9,396.8
RLFL,10/28/2020,183.0,186.0,180.0,180.0,0.0,21056.0,514.9,396.8
RLFL,10/29/2020,189.0,189.0,181.0,182.0,1.11,21291.0,514.9,396.8
RLFL,11/1/2020,180.0,182.0,178.0,180.0,-1.1,9720.0,514.9,396.8
RLFL,11/2/2020,183.0,186.0,177.0,182.0,1.11,37765.0,514.9,396.8
RLFL,11/3/2020,179.0,182.0,179.0,180.0,-1.1,19258.0,514.9,396.8
RLFL,11/4/2020,183.0,183.0,177.0,180.0,0.0,16675.0,514.9,396.8
RLFL,11/5/2020,183.0,183.0,176.0,177.0,-1.67,15356.0,514.9,396.8
RLFL,11/8/2020,185.0,185.0,177.0,178.0,0.56,17762.0,514.9,396.8
RLFL,11/9/2020,181.0,183.0,178.0,181.0,1.69,21161.0,514.9,396.8
RLFL,11/10/2020,184.0,184.0,179.0,179.0,-1.1,35144.0,514.9,396.8
RLFL,11/11/2020,182.0,187.0,177.0,178.0,-0.56,22270.0,514.9,396.8
RLFL,11/12/2020,181.0,187.0,176.0,179.0,0.56,19938.0,514.9,396.8
RLFL,11/18/2020,182.0,185.0,172.0,174.0,-2.79,19947.0,514.9,396.8
RLFL,11/19/2020,177.0,186.0,173.0,180.0,3.45,11972.0,514.9,396.8
RLFL,11/22/2020,183.0,187.0,175.0,177.0,-1.67,23334.0,514.9,396.8
RLFL,11/23/2020,178.0,183.0,178.0,180.0,1.69,27730.0,514.9,396.8
RLFL,11/24/2020,177.0,182.0,177.0,180.0,0.0,24652.0,514.9,396.8
RLFL,11/25/2020,181.0,187.0,181.0,186.0,3.33,40066.0,514.9,396.8
RLFL,11/26/2020,189.0,197.0,181.0,183.0,-1.61,61717.0,514.9,396.8
RLFL,11/29/2020,186.0,195.0,178.0,188.0,2.73,31913.0,514.9,396.8
RLFL,11/30/2020,190.0,193.0,181.0,183.0,-2.66,50490.0,514.9,396.8
RLFL,12/1/2020,192.0,192.0,176.0,179.0,-2.19,31798.0,514.9,396.8
RLFL,12/2/2020,187.0,187.0,176.0,179.0,0.0,15094.0,514.9,396.8
RLFL,12/3/2020,187.0,187.0,174.0,174.0,-2.79,21459.0,514.9,396.8
RLFL,12/6/2020,177.0,189.0,177.0,178.0,2.3,49212.0,514.9,396.8
RLFL,12/7/2020,180.0,189.0,177.0,180.0,1.12,27162.0,514.9,396.8
RLFL,12/8/2020,189.0,189.0,175.0,175.0,-2.78,14399.0,514.9,396.8
RLFL,12/9/2020,175.0,180.0,173.0,177.0,1.14,7425.0,514.9,396.8
RLFL,12/10/2020,180.0,186.0,175.0,177.0,0.0,5920.0,514.9,396.8
RLFL,12/13/2020,175.0,177.0,174.0,177.0,0.0,10071.0,514.9,396.8
RLFL,12/14/2020,180.0,181.0,175.0,177.0,0.0,12131.0,514.9,396.8
RLFL,12/15/2020,180.0,180.0,171.0,173.0,-2.26,14742.0,514.9,396.8
RLFL,12/16/2020,176.0,176.0,171.0,174.0,0.58,15418.0,514.9,396.8
RLFL,12/17/2020,182.0,182.0,168.0,168.0,-3.45,7992.0,514.9,396.8
RLFL,12/20/2020,165.0,168.0,162.0,162.0,-3.57,18551.0,514.9,396.8
RLFL,12/21/2020,162.0,171.0,157.0,163.0,0.62,20528.0,514.9,396.8
RLFL,12/22/2020,166.0,175.0,166.0,173.0,6.13,8251.0,514.9,396.8
RLFL,12/23/2020,176.0,176.0,169.0,172.0,-0.58,6111.0,514.9,396.8
RLFL,12/24/2020,175.0,181.0,165.0,165.0,-4.07,3092.0,514.9,396.8
RLFL,12/27/2020,168.0,168.0,162.0,165.0,0.0,5765.0,514.9,396.8
RLFL,12/28/2020,168.0,172.0,164.0,164.0,-0.61,22398.0,514.9,396.8
RLFL,12/29/2020,165.0,171.0,165.0,167.0,1.83,2412.0,514.9,396.8
RLFL,12/30/2020,170.0,172.0,161.0,162.0,-2.99,13042.0,514.9,396.8
RLFL,12/31/2020,165.0,166.0,164.0,166.0,2.47,20669.0,514.9,396.8
RLFL,1/3/2021,169.0,172.0,163.0,164.0,-1.2,10972.0,514.9,396.8
RLFL,1/4/2021,156.0,171.0,156.0,167.0,1.83,13961.0,514.9,396.8
RLFL,1/5/2021,159.0,171.0,159.0,168.0,0.6,4895.0,514.9,396.8
RLFL,1/6/2021,160.0,181.0,160.0,171.0,1.79,4875.0,514.9,396.8
RLFL,1/7/2021,174.0,175.0,169.0,173.0,1.17,30355.0,514.9,396.8
RLFL,1/10/2021,175.0,178.0,172.0,172.0,-0.58,15303.0,514.9,396.8
RLFL,1/11/2021,180.0,188.0,174.0,180.0,4.65,100584.0,514.9,396.8
RLFL,1/12/2021,183.0,187.0,180.0,182.0,1.11,62525.0,514.9,396.8
RLFL,1/13/2021,185.0,200.0,185.0,195.0,7.14,81774.0,514.9,396.8
RLFL,1/17/2021,197.0,204.0,192.0,196.0,0.51,44985.0,514.9,396.8
RLFL,1/18/2021,205.0,205.0,192.0,196.0,0.0,39732.0,514.9,396.8
RLFL,1/19/2021,205.0,205.0,190.0,198.0,1.02,84299.0,514.9,396.8
RLFL,1/20/2021,200.0,217.0,200.0,217.0,9.6,150862.0,514.9,396.8
RLFL,1/21/2021,227.0,236.0,217.0,228.0,5.07,109593.0,514.9,396.8
RLFL,1/24/2021,239.0,250.0,233.0,244.0,7.02,120107.0,514.9,396.8
RLFL,1/25/2021,256.0,256.0,236.0,241.0,-1.23,96664.0,514.9,396.8
RLFL,1/26/2021,245.0,249.0,225.0,240.0,-0.41,57604.0,514.9,396.8
RLFL,1/27/2021,244.0,252.0,228.0,252.0,5.0,80765.0,514.9,396.8
RLFL,1/28/2021,247.0,262.0,235.0,253.0,0.4,66736.0,514.9,396.8
RLFL,1/31/2021,249.0,249.0,229.0,232.0,-8.3,49834.0,514.9,396.8
RLFL,2/1/2021,228.0,246.0,225.0,244.0,5.17,59423.0,514.9,396.8
RLFL,2/2/2021,256.0,256.0,236.0,244.0,0.0,31153.0,514.9,396.8
RLFL,2/3/2021,256.0,256.0,233.0,238.0,-2.46,14943.0,514.9,396.8
RLFL,2/4/2021,238.0,238.0,231.0,234.0,-1.68,14520.0,514.9,396.8
RLFL,2/7/2021,245.0,245.0,217.0,230.0,-1.71,121231.0,514.9,396.8
RLFL,2/8/2021,219.0,243.0,219.0,230.0,0.0,34482.0,514.9,396.8
RLFL,2/9/2021,234.0,236.0,226.0,232.0,0.87,26645.0,514.9,396.8
RLFL,2/10/2021,236.0,249.0,228.0,247.0,6.47,81992.0,514.9,396.8
RLFL,2/11/2021,259.0,259.0,235.0,236.0,-4.45,51209.0,514.9,396.8
RLFL,2/14/2021,232.0,234.0,229.0,234.0,-0.85,8815.0,514.9,396.8
RLFL,2/15/2021,236.0,236.0,230.0,235.0,0.43,11813.0,514.9,396.8
RLFL,2/16/2021,231.0,233.0,229.0,231.0,-1.7,36097.0,514.9,396.8
RLFL,2/17/2021,229.0,236.0,229.0,231.0,0.0,11219.0,514.9,396.8
RLFL,2/18/2021,240.0,240.0,228.0,232.0,0.43,18552.0,514.9,396.8
RLFL,2/21/2021,232.0,235.0,229.0,230.0,-0.86,11431.0,514.9,396.8
RLFL,2/22/2021,228.0,231.0,227.0,229.0,-0.43,6627.0,514.9,396.8
RLFL,2/23/2021,240.0,240.0,215.0,224.0,-2.18,10074.0,514.9,396.8
RLFL,2/24/2021,225.0,230.0,224.0,225.0,0.45,18006.0,514.9,396.8
RLFL,2/25/2021,229.0,230.0,222.0,225.0,0.0,13210.0,514.9,396.8
RLFL,2/28/2021,221.0,222.0,218.0,221.0,-1.78,11214.0,514.9,396.8
RLFL,3/1/2021,221.0,227.0,219.0,225.0,1.81,8647.0,514.9,396.8
RLFL,3/2/2021,229.0,230.0,219.0,219.0,-2.67,11815.0,514.9,396.8
RLFL,3/3/2021,217.0,223.0,210.0,215.0,-1.83,39790.0,514.9,396.8
RLFL,3/4/2021,219.0,231.0,218.0,223.0,3.72,25523.0,514.9,396.8
RLFL,3/7/2021,234.0,245.0,232.0,233.0,4.48,237947.0,514.9,396.8
RLFL,3/9/2021,244.0,244.0,227.0,227.0,-2.58,63261.0,514.9,396.8
RLFL,3/10/2021,231.0,235.0,228.0,231.0,1.76,30350.0,514.9,396.8
RLFL,3/14/2021,235.0,238.0,225.0,227.0,-1.73,20743.0,514.9,396.8
RLFL,3/15/2021,230.0,235.0,225.0,226.0,-0.44,6530.0,514.9,396.8
RLFL,3/16/2021,230.0,230.0,222.0,226.0,0.0,9681.0,514.9,396.8
RLFL,3/17/2021,225.0,231.0,225.0,230.0,1.77,11039.0,514.9,396.8
RLFL,3/18/2021,230.0,234.0,228.0,229.0,-0.43,12926.0,514.9,396.8
RLFL,3/21/2021,218.0,242.0,218.0,233.0,1.75,54548.0,514.9,396.8
RLFL,3/22/2021,237.0,237.0,230.0,230.0,-1.29,14574.0,514.9,396.8
RLFL,3/23/2021,229.0,232.0,228.0,228.0,-0.87,21842.0,514.9,396.8
RLFL,3/24/2021,232.0,238.0,232.0,236.0,3.51,51927.0,514.9,396.8
RLFL,3/25/2021,238.0,245.0,232.0,241.0,2.12,85962.0,514.9,396.8
RLFL,3/29/2021,245.0,245.0,236.0,239.0,-0.83,21312.0,514.9,396.8
RLFL,3/30/2021,239.0,242.0,237.0,237.0,-0.84,12205.0,514.9,396.8
RLFL,3/31/2021,240.0,242.0,237.0,237.0,0.0,18214.0,514.9,396.8
RLFL,4/1/2021,241.0,243.0,239.0,240.0,1.27,30532.0,514.9,396.8
RLFL,4/4/2021,241.0,252.0,237.0,249.0,3.75,84331.0,514.9,396.8
RLFL,4/5/2021,261.0,261.0,248.0,254.0,2.01,72231.0,514.9,396.8
RLFL,4/6/2021,254.0,256.0,250.0,254.0,0.0,31772.0,514.9,396.8
RLFL,4/7/2021,266.0,279.0,256.0,279.0,9.84,288934.0,514.9,396.8
RLFL,4/8/2021,292.0,306.0,285.0,306.0,9.68,312540.0,514.9,396.8
RLFL,4/12/2021,315.0,315.0,286.0,296.0,-3.27,114447.0,514.9,396.8
RLFL,4/13/2021,300.0,300.0,285.0,293.0,-1.01,82397.0,514.9,396.8
RLFL,4/15/2021,300.0,302.0,285.0,292.0,-0.34,58294.0,514.9,396.8
RLFL,4/18/2021,292.0,300.0,289.0,289.0,-1.03,56000.0,514.9,396.8
RLFL,4/19/2021,289.0,293.0,285.0,286.0,-1.04,34698.0,514.9,396.8
RLFL,4/20/2021,300.0,300.0,282.0,285.0,-0.35,37265.0,514.9,396.8
RLFL,4/21/2021,271.0,292.0,271.0,284.0,-0.35,92634.0,514.9,396.8
RLFL,4/22/2021,294.0,294.0,282.0,288.0,1.41,159369.0,514.9,396.8
RLFL,4/25/2021,262.0,269.0,246.0,248.0,-13.89,38770.0,514.9,396.8
RLFL,4/26/2021,244.0,244.0,224.0,228.0,-8.06,39161.0,514.9,396.8
RLFL,4/27/2021,228.0,243.0,227.0,242.0,6.14,26306.0,514.9,396.8
RLFL,4/28/2021,246.0,246.0,238.0,241.0,-0.41,14739.0,514.9,396.8
RLFL,4/29/2021,241.0,247.0,238.0,245.0,1.66,19814.0,514.9,396.8
RLFL,5/2/2021,245.0,252.0,245.0,247.0,0.82,17269.0,514.9,396.8
RLFL,5/3/2021,250.0,261.0,248.0,249.0,0.81,18364.0,514.9,396.8
RLFL,5/4/2021,253.0,255.0,242.0,246.0,-1.2,13485.0,514.9,396.8
RLFL,5/5/2021,248.0,248.0,242.0,245.0,-0.41,10949.0,514.9,396.8
RLFL,5/6/2021,249.0,250.0,240.0,243.0,-0.82,13625.0,514.9,396.8
RLFL,5/9/2021,240.0,241.0,238.0,239.0,-1.65,11650.0,514.9,396.8
RLFL,5/10/2021,237.0,242.0,236.0,239.0,0.0,10300.0,514.9,396.8
RLFL,5/11/2021,240.0,246.0,240.0,245.0,2.51,13512.0,514.9,396.8
RLFL,5/12/2021,243.0,257.0,243.0,253.0,3.27,33354.0,514.9,396.8
RLFL,5/13/2021,256.0,278.0,255.0,274.0,8.3,97693.0,514.9,396.8
RLFL,5/16/2021,280.0,295.0,273.0,273.0,-0.36,84395.0,514.9,396.8
RLFL,5/17/2021,273.0,277.0,267.0,273.0,0.0,52844.0,514.9,396.8
RLFL,5/18/2021,286.0,300.0,273.0,297.0,8.79,249718.0,514.9,396.8
RLFL,5/19/2021,297.0,318.0,277.0,284.0,-4.38,80056.0,514.9,396.8
RLFL,5/20/2021,285.0,308.0,283.0,305.0,7.39,208762.0,514.9,396.8
RLFL,5/23/2021,300.0,331.0,290.0,330.0,8.2,329998.0,514.9,396.8
RLFL,5/24/2021,335.0,347.0,318.0,325.0,-1.52,226978.0,514.9,396.8
RLFL,5/25/2021,330.0,335.0,314.0,331.0,1.85,178065.0,514.9,396.8
RLFL,5/27/2021,330.0,352.0,310.0,344.0,3.93,202323.0,514.9,396.8
RLFL,5/30/2021,345.0,378.0,345.0,375.0,9.01,261522.0,514.9,396.8
RLFL,5/31/2021,382.0,394.0,368.0,370.0,-1.33,225604.0,514.9,396.8
RLFL,6/1/2021,370.0,388.0,364.0,373.0,0.81,165845.0,514.9,396.8
RLFL,6/2/2021,391.0,410.0,364.0,408.0,9.38,259325.0,514.9,396.8
RLFL,6/3/2021,428.0,430.0,394.0,402.0,-1.47,299272.0,514.9,396.8
RLFL,6/6/2021,402.0,419.0,395.0,418.0,3.98,231847.0,514.9,396.8
RLFL,6/7/2021,418.0,459.0,418.0,459.0,9.81,460065.0,514.9,396.8
RLFL,6/8/2021,471.0,504.0,469.0,504.0,9.8,212064.0,514.9,396.8
RLFL,6/9/2021,504.0,518.0,469.0,481.0,-4.56,298889.0,514.9,396.8
RLFL,6/10/2021,485.0,515.0,467.0,511.0,6.24,308797.0,514.9,396.8
RLFL,6/13/2021,520.0,562.0,504.0,562.0,9.98,364789.0,514.9,396.8
RLFL,6/14/2021,590.0,590.0,548.0,556.0,-1.07,282488.0,514.9,396.8
RLFL,6/15/2021,529.0,570.0,521.0,539.0,-3.06,285816.0,514.9,396.8
RLFL,6/16/2021,539.0,540.0,490.0,510.0,-5.38,224762.0,514.9,396.8
RLFL,6/17/2021,510.0,539.0,490.0,524.0,2.75,163993.0,514.9,396.8
RLFL,6/20/2021,535.0,535.0,487.0,499.0,-4.77,119774.0,514.9,396.8
RLFL,6/21/2021,499.0,507.0,466.0,466.0,-6.61,156371.0,514.9,396.8
RLFL,6/22/2021,450.0,510.0,450.0,508.0,9.01,128349.0,514.9,396.8
RLFL,6/23/2021,512.0,522.0,477.0,488.0,-3.94,78132.0,514.9,396.8
RLFL,6/24/2021,480.0,492.0,468.0,478.0,-2.05,82560.0,514.9,396.8
RLFL,6/27/2021,480.0,486.0,459.0,462.0,-3.35,41162.0,514.9,396.8
RLFL,6/28/2021,471.0,471.0,439.0,439.0,-4.98,75532.0,514.9,396.8
RLFL,6/29/2021,439.0,453.0,422.0,432.0,-1.59,181443.0,514.9,396.8
RLFL,6/30/2021,440.0,463.0,420.0,458.0,6.02,99230.0,514.9,396.8
RLFL,7/1/2021,480.0,493.0,456.0,487.0,6.33,172746.0,514.9,396.8
RLFL,7/4/2021,487.0,490.0,465.0,468.0,-3.9,66780.0,514.9,396.8
RLFL,7/5/2021,459.0,480.0,452.0,453.0,-3.21,52474.0,514.9,396.8
RLFL,7/6/2021,462.0,474.0,454.0,460.0,1.55,66897.0,514.9,396.8
RLFL,7/7/2021,483.0,483.0,450.0,462.0,0.43,30317.0,514.9,396.8
RLFL,7/8/2021,439.0,477.0,439.0,470.0,1.73,49151.0,514.9,396.8
RLFL,7/11/2021,478.0,516.0,477.0,516.0,9.79,156768.0,514.9,396.8
RLFL,7/12/2021,541.0,541.0,481.0,498.0,-3.49,205784.0,514.9,396.8
RLFL,7/13/2021,522.0,537.0,501.0,527.0,5.82,231852.0,514.9,396.8
RLFL,7/14/2021,520.0,536.0,515.0,530.0,0.57,96476.0,514.9,396.8
RLFL,7/15/2021,540.0,548.0,515.0,532.0,0.38,139324.0,514.9,396.8
RLFL,7/18/2021,532.0,550.0,532.0,544.0,2.26,155694.0,514.9,396.8
RLFL,7/19/2021,554.0,571.0,544.0,559.0,2.76,259674.0,514.9,396.8
RLFL,7/20/2021,565.0,565.0,548.0,550.0,-1.61,101474.0,514.9,396.8
RLFL,7/22/2021,550.0,561.0,542.0,548.0,-0.36,99407.0,514.9,396.8
RLFL,7/25/2021,555.0,562.0,542.0,545.0,-0.55,132507.0,514.9,396.8
RLFL,7/26/2021,548.0,555.0,535.0,535.0,-1.83,87269.0,514.9,396.8
RLFL,7/27/2021,524.3,588.0,524.3,585.0,9.35,223904.0,514.9,396.8
RLFL,7/28/2021,596.0,615.0,588.0,599.0,2.39,181488.0,514.9,396.8
RLFL,7/29/2021,600.0,611.8,590.0,601.0,0.33,183255.0,514.9,396.8
RLFL,8/1/2021,601.0,602.0,584.5,590.0,-1.83,113489.0,514.9,396.8
RLFL,8/2/2021,593.0,601.0,585.0,586.0,-0.68,87785.0,514.9,396.8
RLFL,8/3/2021,585.0,588.0,570.0,580.0,-1.02,51795.0,514.9,396.8
RLFL,8/4/2021,582.0,621.0,582.0,605.1,4.33,178926.0,514.9,396.8
RLFL,8/5/2021,615.0,634.5,605.0,610.0,0.81,156899.0,514.9,396.8
RLFL,8/8/2021,622.2,622.2,600.0,604.0,-0.98,99717.0,514.9,396.8
RLFL,8/9/2021,610.0,639.0,590.0,639.0,5.79,234221.0,514.9,396.8
RLFL,8/10/2021,645.0,700.0,645.0,688.0,7.67,282456.0,514.9,396.8
RLFL,8/11/2021,701.0,701.0,659.0,669.0,-2.76,220234.0,514.9,396.8
RLFL,8/12/2021,669.0,700.0,642.6,675.0,0.9,208349.0,514.9,396.8
RLFL,8/15/2021,680.0,680.0,607.5,634.5,-6.0,240195.0,514.9,396.8
RLFL,8/16/2021,640.0,645.0,610.0,629.0,-0.87,189798.0,514.9,396.8
RLFL,8/17/2021,630.0,680.0,630.0,669.0,6.36,168166.0,514.9,396.8
RLFL,8/18/2021,682.0,735.9,680.0,712.5,6.5,325118.0,514.9,396.8
RLFL,8/19/2021,720.0,743.0,686.0,693.0,-2.74,237949.0,514.9,396.8
RLFL,8/24/2021,706.0,731.3,678.0,708.0,2.16,267333.0,514.9,396.8
RLFL,8/25/2021,719.0,720.1,680.0,690.0,-2.54,154799.0,514.9,396.8
RLFL,8/26/2021,700.0,759.0,686.0,753.0,9.13,374485.0,514.9,396.8
RLFL,8/29/2021,768.0,814.0,754.0,777.0,3.19,329899.0,514.9,396.8
RLFL,8/31/2021,777.0,777.0,736.0,743.0,-4.38,294975.0,514.9,396.8
RLFL,9/1/2021,750.2,763.0,725.3,727.0,-2.15,149438.0,514.9,396.8
RLFL,9/2/2021,722.0,744.6,689.1,700.0,-3.71,141747.0,514.9,396.8
RLFL,9/5/2021,686.0,686.0,630.0,630.0,-10.0,214217.0,514.9,396.8
RLFL,9/6/2021,630.0,693.0,613.0,693.0,10.0,112048.0,514.9,396.8
RLFL,9/7/2021,706.0,719.0,670.0,677.0,-2.31,102044.0,514.9,396.8
RLFL,9/8/2021,677.0,677.0,655.0,657.0,-2.95,56008.0,514.9,396.8
RLFL,9/9/2021,650.0,675.0,645.0,655.0,-0.3,87009.0,514.9,396.8
RLFL,9/12/2021,666.0,698.0,660.0,684.0,4.43,89873.0,514.9,396.8
RLFL,9/13/2021,697.0,715.0,686.1,693.9,1.45,121419.0,514.9,396.8
RLFL,9/14/2021,698.0,703.0,676.0,679.0,-2.15,69615.0,514.9,396.8
RLFL,9/15/2021,692.0,692.0,660.0,664.1,-2.19,58423.0,514.9,396.8
RLFL,9/16/2021,660.0,663.0,618.0,632.0,-4.83,137007.0,514.9,396.8
RLFL,9/20/2021,620.0,625.0,569.0,570.0,-9.81,112055.0,514.9,396.8
RLFL,9/21/2021,569.0,627.0,530.0,570.0,0.0,83088.0,514.9,396.8
RLFL,9/22/2021,581.4,627.0,581.4,627.0,10.0,88123.0,514.9,396.8
RLFL,9/23/2021,639.5,657.0,620.0,621.0,-0.96,57351.0,514.9,396.8
RLFL,9/26/2021,622.0,622.0,581.0,581.0,-6.44,50468.0,514.9,396.8
RLFL,9/27/2021,578.0,581.1,531.0,549.0,-5.51,62713.0,514.9,396.8
RLFL,9/28/2021,550.0,571.0,499.1,503.0,-8.38,85031.0,514.9,396.8
RLFL,9/29/2021,503.0,549.0,491.0,545.0,8.35,75025.0,514.9,396.8
RLFL,9/30/2021,555.0,560.0,514.8,520.0,-4.59,31818.0,514.9,396.8
RLFL,10/3/2021,520.0,520.0,487.1,489.0,-5.96,45164.0,514.9,396.8
RLFL,10/4/2021,481.0,498.7,472.0,477.0,-2.45,44181.0,514.9,396.8
RLFL,10/5/2021,486.0,507.0,481.0,500.0,4.82,41059.0,514.9,396.8
RLFL,10/6/2021,510.0,542.0,504.0,531.0,6.2,45171.0,514.9,396.8
RLFL,10/10/2021,541.6,555.0,527.0,527.0,-0.75,48101.0,514.9,396.8
RLFL,10/11/2021,527.0,527.0,507.0,518.0,-1.71,17686.0,514.9,396.8
RLFL,10/17/2021,525.0,533.0,510.0,525.5,1.45,8406.0,514.9,396.8
RLFL,10/18/2021,515.0,515.0,490.0,496.0,-5.61,42647.0,514.9,396.8
RLFL,10/19/2021,494.9,495.8,452.0,462.0,-6.85,41013.0,514.9,396.8
RLFL,10/20/2021,471.2,500.0,465.1,491.0,6.28,42040.0,514.9,396.8
RLFL,10/21/2021,500.0,500.0,471.8,476.6,-2.93,16862.0,514.9,396.8
RLFL,10/24/2021,480.0,522.0,480.0,519.0,8.9,65905.0,514.9,396.8
RLFL,10/25/2021,520.0,570.0,519.0,558.0,7.51,64761.0,514.9,396.8
RLFL,10/26/2021,558.0,593.0,550.0,579.0,3.76,78708.0,514.9,396.8
RLFL,10/27/2021,579.0,606.9,549.0,580.0,0.17,88319.0,514.9,396.8
RLFL,10/28/2021,570.0,592.0,558.0,585.0,0.86,46655.0,514.9,396.8
RLFL,10/31/2021,595.0,614.0,580.0,612.9,4.77,86021.0,514.9,396.8
RLFL,11/1/2021,622.0,630.0,586.0,599.0,-2.27,65432.0,514.9,396.8
RLFL,11/2/2021,599.0,614.0,581.0,602.0,0.5,57873.0,514.9,396.8
RLFL,11/3/2021,614.0,616.5,600.0,604.0,0.33,31763.0,514.9,396.8
RLFL,11/8/2021,616.0,620.0,594.0,596.0,-1.32,27135.0,514.9,396.8
RLFL,11/9/2021,596.0,607.9,546.0,558.0,-6.38,78484.0,514.9,396.8
RLFL,11/11/2021,550.0,572.0,530.0,542.0,-2.87,47103.0,514.9,396.8
RLFL,11/14/2021,542.0,570.0,540.0,555.0,2.4,43467.0,514.9,396.8
RLFL,11/15/2021,566.1,583.4,559.0,564.0,1.62,84658.0,514.9,396.8
RLFL,11/16/2021,575.0,586.0,564.0,585.0,3.72,41697.0,514.9,396.8
RLFL,11/17/2021,596.7,634.0,588.0,621.1,6.17,157101.0,514.9,396.8
RLFL,11/18/2021,633.5,633.5,606.0,611.0,-1.63,95221.0,514.9,396.8
RLFL,11/21/2021,623.2,623.2,599.1,614.0,0.49,45471.0,514.9,396.8
RLFL,11/22/2021,620.0,620.0,595.0,595.2,-3.06,34590.0,514.9,396.8
RLFL,11/23/2021,585.0,600.0,570.0,578.0,-2.89,57410.0,514.9,396.8
RLFL,11/24/2021,589.5,600.0,563.5,587.0,1.56,51122.0,514.9,396.8
RLFL,11/25/2021,590.0,599.0,585.0,586.0,-0.17,31627.0,514.9,396.8
RLFL,11/28/2021,575.0,584.9,554.1,554.1,-5.44,46508.0,514.9,396.8
RLFL,11/29/2021,565.0,580.0,548.0,555.0,0.16,40570.0,514.9,396.8
RLFL,11/30/2021,544.0,571.0,544.0,555.0,0.0,71046.0,514.9,396.8
RLFL,12/1/2021,566.0,573.0,552.0,560.0,0.9,31413.0,514.9,396.8
RLFL,12/2/2021,555.0,557.0,529.0,530.1,-5.34,44401.0,514.9,396.8
RLFL,12/5/2021,520.0,535.0,511.1,515.6,-2.74,43215.0,514.9,396.8
RLFL,12/6/2021,514.9,530.0,488.0,530.0,2.79,63162.0,514.9,396.8
RLFL,12/7/2021,540.0,540.6,500.0,500.0,-5.66,71183.0,514.9,396.8
RLFL,12/8/2021,505.0,515.0,476.0,479.0,-4.2,61539.0,514.9,396.8
RLFL,12/9/2021,479.0,500.0,461.0,475.0,-0.84,36029.0,514.9,396.8
RLFL,12/12/2021,476.0,480.0,441.0,445.0,-6.32,38358.0,514.9,396.8
RLFL,12/13/2021,437.0,445.7,411.0,418.0,-6.07,47766.0,514.9,396.8
RLFL,12/14/2021,422.0,452.0,420.0,451.0,7.89,28537.0,514.9,396.8
RLFL,12/15/2021,460.0,489.9,436.0,468.0,3.77,61699.0,514.9,396.8
RLFL,12/16/2021,470.0,470.0,440.0,446.0,-4.7,33495.0,514.9,396.8
RLFL,12/20/2021,454.9,465.9,445.0,454.0,1.79,38041.0,514.9,396.8
RLFL,12/21/2021,463.0,490.6,453.0,490.0,7.93,51400.0,514.9,396.8
RLFL,12/22/2021,498.0,518.1,492.0,514.0,4.9,53299.0,514.9,396.8
RLFL,12/23/2021,520.0,525.0,500.0,502.0,-2.33,53424.0,514.9,396.8
RLFL,12/26/2021,505.0,511.9,495.1,496.0,-1.2,30056.0,514.9,396.8
RLFL,12/27/2021,505.0,508.0,469.0,472.0,-4.84,53042.0,514.9,396.8
RLFL,12/28/2021,470.0,491.0,460.0,475.0,0.64,42363.0,514.9,396.8
RLFL,12/29/2021,475.0,488.0,475.0,482.0,1.47,21575.0,514.9,396.8
RLFL,1/2/2022,487.0,500.0,485.0,494.0,2.49,29529.0,514.9,396.8
RLFL,1/3/2022,503.0,525.0,499.8,520.0,5.26,122465.0,514.9,396.8
RLFL,1/4/2022,461.2,477.0,455.0,474.8,-8.69,50623.0,514.9,396.8
RLFL,1/5/2022,480.0,488.9,461.0,474.0,-0.17,36927.0,514.9,396.8
RLFL,1/6/2022,464.6,484.0,460.0,476.0,0.42,33583.0,514.9,396.8
RLFL,1/9/2022,485.5,506.0,478.0,496.0,4.2,65647.0,514.9,396.8
RLFL,1/10/2022,505.8,519.0,495.8,513.0,3.43,73347.0,514.9,396.8
RLFL,1/11/2022,514.0,555.0,511.0,547.0,6.63,137262.0,514.9,396.8
RLFL,1/12/2022,557.9,570.0,526.0,532.0,-2.74,170527.0,514.9,396.8
RLFL,1/13/2022,530.0,574.0,530.0,552.0,3.76,52665.0,514.9,396.8
RLFL,1/16/2022,563.0,573.0,557.0,564.0,2.17,61760.0,514.9,396.8
RLFL,1/17/2022,564.0,568.1,543.0,560.9,-0.55,59256.0,514.9,396.8
RLFL,1/18/2022,569.4,581.0,538.0,550.0,-1.94,62782.0,514.9,396.8
RLFL,1/19/2022,561.0,561.0,530.0,534.0,-2.91,40204.0,514.9,396.8
RLFL,1/20/2022,529.0,551.0,526.0,548.9,2.79,37397.0,514.9,396.8
RLFL,1/23/2022,548.9,554.8,527.0,534.0,-2.71,46017.0,514.9,396.8
RLFL,1/24/2022,526.0,530.0,494.0,500.0,-6.37,91822.0,514.9,396.8
RLFL,1/25/2022,490.0,527.0,490.0,500.0,0.0,51482.0,514.9,396.8
RLFL,1/26/2022,500.0,507.0,485.0,490.0,-2.0,32569.0,514.9,396.8
RLFL,1/27/2022,498.0,505.0,490.0,490.0,0.0,28977.0,514.9,396.8
RLFL,1/30/2022,499.8,529.3,499.0,524.0,6.94,56958.0,514.9,396.8
RLFL,1/31/2022,530.0,531.0,510.0,515.0,-1.72,65523.0,514.9,396.8
RLFL,2/1/2022,506.1,529.0,505.0,520.0,0.97,56747.0,514.9,396.8
RLFL,2/3/2022,530.0,530.0,510.7,511.0,-1.73,43329.0,514.9,396.8
RLFL,2/6/2022,500.8,510.0,496.1,500.0,-2.15,35135.0,514.9,396.8
RLFL,2/7/2022,490.0,506.0,482.0,500.0,0.0,26330.0,514.9,396.8
RLFL,2/8/2022,510.0,522.1,490.2,490.2,-1.96,78378.0,514.9,396.8
RLFL,2/9/2022,490.1,500.0,485.0,491.0,0.16,18784.0,514.9,396.8
RLFL,2/10/2022,491.0,500.0,485.0,486.0,-1.02,25131.0,514.9,396.8
RLFL,2/13/2022,480.0,480.0,461.0,462.0,-4.94,34925.0,514.9,396.8
RLFL,2/14/2022,464.0,475.0,459.0,469.0,1.52,23115.0,514.9,396.8
RLFL,2/15/2022,470.0,484.5,460.0,484.5,3.3,31086.0,514.9,396.8
RLFL,2/16/2022,492.0,493.0,468.0,470.0,-2.99,25129.0,514.9,396.8
RLFL,2/17/2022,475.0,475.0,462.7,464.0,-1.28,16400.0,514.9,396.8
RLFL,2/20/2022,454.8,468.0,445.8,457.0,-1.51,24591.0,514.9,396.8
RLFL,2/21/2022,465.0,468.0,458.5,460.0,0.66,14853.0,514.9,396.8
RLFL,2/22/2022,469.0,475.0,460.1,467.0,1.52,31293.0,514.9,396.8
RLFL,2/23/2022,470.0,491.0,470.0,478.0,2.36,31226.0,514.9,396.8
RLFL,2/24/2022,480.0,480.0,460.0,462.0,-3.35,23916.0,514.9,396.8
RLFL,2/27/2022,470.0,470.0,448.0,455.0,-1.52,25436.0,514.9,396.8
RLFL,2/28/2022,455.0,471.0,440.0,442.0,-2.86,26344.0,514.9,396.8
RLFL,3/2/2022,449.0,450.0,420.0,422.0,-4.52,24992.0,514.9,396.8
RLFL,3/6/2022,428.9,439.0,419.0,423.0,0.24,20133.0,514.9,396.8
RLFL,3/7/2022,430.0,431.0,416.0,416.1,-1.63,12670.0,514.9,396.8
RLFL,3/9/2022,423.8,423.8,395.0,400.0,-3.87,33878.0,514.9,396.8
RLFL,3/10/2022,400.0,428.0,393.0,427.7,6.93,41485.0,514.9,396.8
RLFL,3/13/2022,436.0,452.8,432.0,451.0,5.45,48068.0,514.9,396.8
RLFL,3/14/2022,457.0,457.0,436.0,450.0,-0.22,16106.0,514.9,396.8
RLFL,3/15/2022,449.9,455.0,439.0,439.5,-2.33,21574.0,514.9,396.8
RLFL,3/16/2022,439.5,444.0,433.0,435.0,-1.02,19443.0,514.9,396.8
RLFL,3/20/2022,443.7,448.0,425.0,429.8,-1.2,26157.0,514.9,396.8
RLFL,3/21/2022,430.0,450.0,425.3,443.0,3.07,22876.0,514.9,396.8
RLFL,3/22/2022,443.0,451.0,440.1,448.0,1.13,18375.0,514.9,396.8
RLFL,3/23/2022,447.5,447.5,438.0,441.0,-1.56,9724.0,514.9,396.8
RLFL,3/24/2022,435.0,444.0,425.0,428.9,-2.74,21099.0,514.9,396.8
RLFL,3/27/2022,434.0,434.0,406.0,411.0,-4.17,36938.0,514.9,396.8
RLFL,3/28/2022,413.0,419.0,403.0,403.0,-1.95,14241.0,514.9,396.8
RLFL,3/29/2022,411.0,411.0,400.0,405.9,0.72,10353.0,514.9,396.8
RLFL,3/30/2022,403.0,420.2,403.0,420.2,3.52,24953.0,514.9,396.8
RLFL,3/31/2022,428.6,429.0,405.0,406.0,-3.38,10778.0,514.9,396.8
RLFL,4/3/2022,400.0,418.2,400.0,406.0,0.0,10785.0,514.9,396.8
RLFL,4/4/2022,405.0,410.0,400.0,403.0,-0.74,21339.0,514.9,396.8
RLFL,4/5/2022,400.0,400.0,385.0,388.0,-3.72,38037.0,514.9,396.8
RLFL,4/6/2022,382.0,400.0,381.2,386.0,-0.52,17588.0,514.9,396.8
RLFL,4/7/2022,393.7,400.0,385.0,392.0,1.55,22329.0,514.9,396.8
RLFL,4/11/2022,399.8,406.0,380.0,380.0,-3.06,22369.0,514.9,396.8
RLFL,4/12/2022,380.0,380.0,370.5,375.0,-1.32,16257.0,514.9,396.8
RLFL,4/13/2022,375.0,386.5,370.0,382.0,1.87,20521.0,514.9,396.8
RLFL,4/17/2022,389.6,389.6,367.1,370.0,-3.14,15809.0,514.9,396.8
RLFL,4/18/2022,366.0,375.0,360.0,361.0,-2.43,16114.0,514.9,396.8
RLFL,4/19/2022,355.0,373.0,355.0,361.0,0.0,21663.0,514.9,396.8
RLFL,4/20/2022,364.0,365.0,344.0,344.0,-4.71,19732.0,514.9,396.8
RLFL,4/21/2022,338.1,347.0,328.5,341.0,-0.87,25422.0,514.9,396.8
RLFL,4/24/2022,347.0,373.0,335.1,369.0,8.21,42689.0,514.9,396.8
RLFL,4/25/2022,370.0,391.1,355.1,364.0,-1.36,40067.0,514.9,396.8
RLFL,4/26/2022,364.0,370.0,352.1,360.0,-1.1,9931.0,514.9,396.8
RLFL,4/27/2022,355.0,366.0,352.0,353.1,-1.92,18493.0,514.9,396.8
RLFL,4/28/2022,355.0,364.1,345.0,345.1,-2.27,20375.0,514.9,396.8
RLFL,5/2/2022,340.0,344.9,326.5,329.3,-4.58,17058.0,514.9,396.8
RLFL,5/4/2022,333.0,339.6,322.5,322.5,-2.06,17314.0,514.9,396.8
RLFL,5/5/2022,320.0,327.0,309.0,309.0,-4.19,21812.0,514.9,396.8
RLFL,5/8/2022,312.0,321.0,303.0,321.0,3.88,14042.0,514.9,396.8
RLFL,5/9/2022,327.0,334.0,315.7,326.0,1.56,17125.0,514.9,396.8
RLFL,5/10/2022,329.0,336.0,327.0,334.0,2.45,10860.0,514.9,396.8
RLFL,5/11/2022,340.0,356.0,333.2,356.0,6.59,16762.0,514.9,396.8
RLFL,5/12/2022,360.0,369.0,343.0,350.0,-1.69,34863.0,514.9,396.8
RLFL,5/17/2022,343.0,343.0,325.0,329.0,-6.0,12474.0,514.9,396.8
RLFL,5/18/2022,323.0,340.0,317.0,330.0,0.3,11460.0,514.9,396.8
RLFL,5/19/2022,325.0,334.0,318.6,323.0,-2.12,12770.0,514.9,396.8
RLFL,5/20/2022,321.0,326.0,313.8,319.8,-0.99,12081.0,514.9,396.8
RLFL,5/23/2022,326.1,326.1,309.0,309.0,-3.38,8592.0,514.9,396.8
RLFL,5/24/2022,315.0,327.6,309.0,315.0,1.94,5831.0,514.9,396.8
RLFL,5/25/2022,321.0,326.0,314.0,319.0,1.27,7316.0,514.9,396.8
RLFL,5/26/2022,314.0,322.0,310.0,310.3,-2.73,13001.0,514.9,396.8
RLFL,5/27/2022,312.0,319.0,305.9,311.0,0.23,15065.0,514.9,396.8
RLFL,5/30/2022,312.0,313.0,303.8,305.0,-1.93,13789.0,514.9,396.8
RLFL,5/31/2022,310.0,311.0,295.1,298.0,-2.3,10867.0,514.9,396.8
RLFL,6/1/2022,303.9,306.0,293.0,301.5,1.17,16484.0,514.9,396.8
RLFL,6/2/2022,305.0,306.0,297.2,299.0,-0.83,6567.0,514.9,396.8
RLFL,6/3/2022,299.0,304.9,290.0,294.0,-1.67,12960.0,514.9,396.8
RLFL,6/6/2022,294.0,305.7,290.2,300.0,2.04,11225.0,514.9,396.8
RLFL,6/7/2022,298.0,299.0,285.0,287.5,-4.17,20333.0,514.9,396.8
RLFL,6/8/2022,287.0,305.0,287.0,300.0,4.35,14889.0,514.9,396.8
RLFL,6/9/2022,306.0,309.0,288.0,294.0,-2.0,16688.0,514.9,396.8
RLFL,6/10/2022,289.0,295.0,285.0,288.0,-2.04,8688.0,514.9,396.8
RLFL,6/13/2022,291.0,293.0,288.0,288.0,0.0,3922.0,514.9,396.8
RLFL,6/14/2022,291.5,291.5,276.0,276.0,-4.17,9044.0,514.9,396.8
RLFL,6/15/2022,273.2,281.0,258.8,265.0,-3.99,13752.0,514.9,396.8
RLFL,6/16/2022,265.0,280.5,256.5,270.0,1.89,12600.0,514.9,396.8
RLFL,6/17/2022,275.0,275.4,268.0,270.0,0.0,4287.0,514.9,396.8
RLFL,6/19/2022,265.5,265.5,252.0,252.0,-6.67,14554.0,514.9,396.8
RLFL,6/20/2022,251.0,257.0,239.1,243.5,-3.37,19602.0,514.9,396.8
RLFL,6/21/2022,243.0,263.0,243.0,256.0,5.13,21555.0,514.9,396.8
RLFL,6/22/2022,251.0,261.0,238.2,245.0,-4.3,14716.0,514.9,396.8
RLFL,6/23/2022,240.1,240.1,230.3,236.0,-3.67,16761.0,514.9,396.8
RLFL,6/24/2022,231.3,250.0,222.2,240.0,1.69,18368.0,514.9,396.8
RLFL,6/26/2022,244.8,264.0,241.0,264.0,10.0,25610.0,514.9,396.8
RLFL,6/27/2022,269.0,285.0,250.0,250.0,-5.3,26546.0,514.9,396.8
RLFL,6/28/2022,250.0,258.0,245.0,253.0,1.2,17899.0,514.9,396.8
RLFL,6/29/2022,248.0,276.0,248.0,270.0,6.72,27632.0,514.9,396.8
RLFL,6/30/2022,275.0,297.0,274.9,296.0,9.63,54435.0,514.9,396.8
RLFL,7/1/2022,299.0,310.9,284.0,299.0,1.01,38279.0,514.9,396.8
RLFL,7/3/2022,293.2,320.9,293.2,316.0,5.69,47907.0,514.9,396.8
RLFL,7/4/2022,316.0,336.3,301.9,309.0,-2.22,68410.0,514.9,396.8
RLFL,7/5/2022,303.0,324.0,295.0,296.0,-4.21,46665.0,514.9,396.8
RLFL,7/6/2022,301.0,322.0,286.0,315.0,6.42,48083.0,514.9,396.8
RLFL,7/7/2022,321.0,334.0,306.0,310.0,-1.59,30518.0,514.9,396.8
RLFL,7/8/2022,309.0,309.0,298.0,299.0,-3.55,25772.0,514.9,396.8
RLFL,7/11/2022,294.0,294.9,276.0,279.5,-6.52,41436.0,514.9,396.8
RLFL,7/12/2022,284.5,286.0,273.0,280.0,0.18,24974.0,514.9,396.8
RLFL,7/13/2022,285.6,308.0,285.0,308.0,10.0,43976.0,514.9,396.8
RLFL,7/14/2022,314.0,321.0,300.0,314.5,2.11,43639.0,514.9,396.8
RLFL,7/15/2022,310.0,313.8,302.5,310.0,-1.43,15515.0,514.9,396.8
RLFL,7/17/2022,304.0,315.0,304.0,308.0,-0.65,17317.0,514.9,396.8
RLFL,7/18/2022,308.0,316.2,304.1,314.0,1.95,15231.0,514.9,396.8
RLFL,7/19/2022,319.0,329.7,316.0,317.0,0.96,35481.0,514.9,396.8
RLFL,7/20/2022,320.0,332.9,314.0,317.1,0.03,37041.0,514.9,396.8
RLFL,7/21/2022,318.0,327.0,316.0,318.0,0.28,21665.0,514.9,396.8
RLFL,7/22/2022,320.0,320.0,308.2,311.0,-2.2,21208.0,514.9,396.8
RLFL,7/24/2022,305.0,342.0,305.0,341.0,9.65,70771.0,514.9,396.8
RLFL,7/25/2022,347.8,375.1,341.0,372.0,9.09,103611.0,514.9,396.8
RLFL,7/26/2022,377.0,380.0,351.0,357.0,-4.03,90312.0,514.9,396.8
RLFL,7/27/2022,350.0,372.3,346.0,372.3,4.29,77720.0,514.9,396.8
RLFL,7/28/2022,379.0,392.0,360.0,380.0,2.07,99853.0,514.9,396.8
RLFL,7/29/2022,386.9,390.0,372.4,379.9,-0.03,37389.0,514.9,396.8
RLFL,7/31/2022,381.0,390.0,368.0,369.0,-2.87,63823.0,514.9,396.8
RLFL,8/1/2022,370.0,380.0,362.0,370.0,0.27,63673.0,514.9,396.8
RLFL,8/2/2022,377.0,390.0,370.0,382.0,3.24,89240.0,514.9,396.8
RLFL,8/3/2022,385.0,400.0,377.4,389.0,1.83,83212.0,514.9,396.8
RLFL,8/4/2022,385.0,395.0,375.0,380.0,-2.31,86884.0,514.9,396.8
RLFL,8/5/2022,373.1,386.0,371.5,373.0,-1.84,78508.0,514.9,396.8
RLFL,8/7/2022,366.0,380.9,366.0,379.0,1.61,47623.0,514.9,396.8
RLFL,8/8/2022,386.0,389.6,368.0,368.0,-2.9,54754.0,514.9,396.8
RLFL,8/9/2022,364.0,382.0,360.0,360.0,-2.17,69629.0,514.9,396.8
RLFL,8/10/2022,364.0,369.8,357.3,359.1,-0.25,32944.0,514.9,396.8
RLFL,8/11/2022,358.0,371.0,352.0,357.0,-0.58,20545.0,514.9,396.8
RLFL,8/14/2022,357.0,357.2,340.0,346.0,-3.08,19393.0,514.9,396.8
RLFL,8/15/2022,340.1,370.0,339.1,368.0,6.36,49571.0,514.9,396.8
RLFL,8/16/2022,374.0,382.0,358.0,365.0,-0.82,59501.0,514.9,396.8
RLFL,8/17/2022,366.6,372.0,360.0,367.0,0.55,23518.0,514.9,396.8
RLFL,8/18/2022,371.0,377.0,367.0,373.0,1.63,35295.0,514.9,396.8
RLFL,8/21/2022,380.0,380.0,362.8,367.0,-1.61,15368.0,514.9,396.8
RLFL,8/22/2022,369.0,370.0,355.2,363.0,-1.09,20761.0,514.9,396.8
RLFL,8/23/2022,364.9,365.0,355.0,360.0,-0.83,9975.0,514.9,396.8
RLFL,8/24/2022,365.0,369.0,356.0,361.9,0.53,11278.0,514.9,396.8
RLFL,8/25/2022,367.0,367.0,347.1,353.9,-2.21,20979.0,514.9,396.8
RLFL,8/26/2022,353.0,353.7,340.0,340.5,-3.79,20411.0,514.9,396.8
RLFL,8/28/2022,336.0,343.0,330.0,330.0,-3.08,27332.0,514.9,396.8
RLFL,8/29/2022,329.0,351.9,329.0,351.9,6.64,19118.0,514.9,396.8
RLFL,8/30/2022,352.9,353.5,339.1,347.8,-1.17,9835.0,514.9,396.8
RLFL,8/31/2022,348.0,348.0,330.0,330.0,-5.12,10041.0,514.9,396.8
RLFL,9/1/2022,324.1,339.9,323.0,330.0,0.0,26582.0,514.9,396.8
RLFL,9/2/2022,336.0,338.0,330.0,333.0,0.91,5625.0,514.9,396.8
RLFL,9/4/2022,337.0,340.0,332.2,333.0,0.0,9598.0,514.9,396.8
RLFL,9/5/2022,337.0,339.5,329.4,333.0,0.0,41677.0,514.9,396.8
RLFL,9/6/2022,335.0,335.0,322.0,322.1,-3.27,14762.0,514.9,396.8
RLFL,9/7/2022,319.1,323.0,318.0,322.0,-0.03,6655.0,514.9,396.8
RLFL,9/8/2022,317.0,341.0,315.1,329.0,2.17,20189.0,514.9,396.8
RLFL,9/11/2022,332.9,332.9,318.0,320.0,-2.74,9862.0,514.9,396.8
RLFL,9/12/2022,318.0,321.0,315.0,316.0,-1.25,13140.0,514.9,396.8
RLFL,9/13/2022,322.0,328.0,318.0,327.0,3.48,16710.0,514.9,396.8
RLFL,9/14/2022,332.9,348.0,328.0,346.0,5.81,27249.0,514.9,396.8
RLFL,9/15/2022,340.1,345.0,321.0,323.0,-6.65,26585.0,514.9,396.8
RLFL,9/16/2022,317.0,328.0,312.1,326.9,1.21,17072.0,514.9,396.8
RLFL,9/18/2022,332.0,332.0,311.0,311.0,-4.86,16655.0,514.9,396.8
RLFL,9/20/2022,306.0,311.1,295.2,299.0,-3.86,16720.0,514.9,396.8
RLFL,9/21/2022,304.9,310.0,299.9,306.0,2.34,13191.0,514.9,396.8
RLFL,9/22/2022,300.0,307.0,295.0,295.0,-3.59,8165.0,514.9,396.8
RLFL,9/25/2022,291.0,299.8,286.5,286.6,-2.85,8650.0,514.9,396.8
RLFL,9/27/2022,290.0,301.0,290.0,297.0,3.63,6453.0,514.9,396.8
RLFL,9/28/2022,292.0,300.9,292.0,298.0,0.34,1512.0,514.9,396.8
RLFL,9/29/2022,300.0,300.0,295.0,298.0,0.0,5470.0,514.9,396.8
RLFL,10/9/2022,303.9,313.1,300.0,313.1,5.07,5651.0,514.9,396.8
RLFL,10/10/2022,315.0,315.0,300.0,302.0,-3.55,13070.0,514.9,396.8
RLFL,10/11/2022,300.0,300.0,296.0,298.9,-1.03,3967.0,514.9,396.8
RLFL,10/12/2022,293.0,312.0,293.0,309.9,3.68,9885.0,514.9,396.8
RLFL,10/13/2022,314.0,315.0,304.0,310.0,0.03,9391.0,514.9,396.8
RLFL,10/16/2022,314.0,320.1,299.0,320.1,3.26,12377.0,514.9,396.8
RLFL,10/17/2022,313.7,313.7,303.1,305.0,-4.72,7061.0,514.9,396.8
RLFL,10/19/2022,300.0,302.0,293.5,295.0,-3.28,8882.0,514.9,396.8
RLFL,10/20/2022,295.0,300.0,289.1,297.0,0.68,4132.0,514.9,396.8
RLFL,10/23/2022,300.0,300.0,295.0,297.0,0.0,2788.0,514.9,396.8
RLFL,10/31/2022,293.0,300.0,285.1,300.0,1.01,14267.0,514.9,396.8
RLFL,11/1/2022,302.0,319.0,300.0,316.1,5.37,21587.0,514.9,396.8
RLFL,11/2/2022,318.0,325.0,309.0,317.0,0.28,16808.0,514.9,396.8
RLFL,11/3/2022,310.7,316.0,305.0,306.0,-3.47,15777.0,514.9,396.8
RLFL,11/6/2022,300.0,319.0,300.0,318.0,3.92,20717.0,514.9,396.8
RLFL,11/7/2022,323.9,326.4,311.0,311.0,-2.2,25843.0,514.9,396.8
RLFL,11/8/2022,312.1,320.0,311.0,316.7,1.83,9894.0,514.9,396.8
RLFL,11/9/2022,313.2,313.3,300.0,301.0,-4.96,18044.0,514.9,396.8
RLFL,11/10/2022,304.0,305.0,290.0,302.0,0.33,27355.0,514.9,396.8
RLFL,11/13/2022,297.0,305.0,293.0,293.5,-2.81,7424.0,514.9,396.8
RLFL,11/14/2022,293.0,304.9,293.0,303.0,3.24,11080.0,514.9,396.8
RLFL,11/15/2022,307.9,307.9,294.0,299.0,-1.32,16230.0,514.9,396.8
RLFL,11/16/2022,304.0,304.0,297.2,301.0,0.67,8000.0,514.9,396.8
RLFL,11/17/2022,306.9,313.0,305.0,312.0,3.65,24325.0,514.9,396.8
RLFL,11/22/2022,317.0,317.9,304.1,306.0,-1.92,10632.0,514.9,396.8
RLFL,11/23/2022,308.8,308.8,303.0,306.0,0.0,7364.0,514.9,396.8
RLFL,11/24/2022,306.0,309.0,303.5,307.0,0.33,10431.0,514.9,396.8
RLFL,11/27/2022,312.0,315.0,305.8,313.0,1.95,13171.0,514.9,396.8
RLFL,11/28/2022,318.9,319.0,308.1,311.0,-0.64,18490.0,514.9,396.8
RLFL,11/29/2022,305.6,316.0,305.6,313.0,0.64,10782.0,514.9,396.8
RLFL,11/30/2022,318.0,318.0,306.0,309.0,-1.28,7170.0,514.9,396.8
RLFL,12/1/2022,306.0,315.0,304.0,308.0,-0.32,13903.0,514.9,396.8
RLFL,12/4/2022,306.1,313.0,306.1,306.9,-0.36,10721.0,514.9,396.8
RLFL,12/5/2022,305.1,305.1,298.0,302.0,-1.6,8069.0,514.9,396.8
RLFL,12/6/2022,305.0,305.0,297.0,300.0,-0.66,10038.0,514.9,396.8
RLFL,12/7/2022,300.0,300.0,297.0,297.0,-1.0,6007.0,514.9,396.8
RLFL,12/11/2022,293.0,300.0,290.0,293.0,-1.35,10648.0,514.9,396.8
RLFL,12/12/2022,296.9,300.0,290.0,297.0,1.37,13744.0,514.9,396.8
RLFL,12/13/2022,295.0,297.0,292.0,294.0,-1.01,2040.0,514.9,396.8
RLFL,12/14/2022,296.0,296.0,291.0,293.4,-0.2,3315.0,514.9,396.8
RLFL,12/15/2022,290.0,292.0,289.0,289.0,-1.5,4001.0,514.9,396.8
RLFL,12/18/2022,285.0,285.0,272.0,275.5,-4.67,21250.0,514.9,396.8
RLFL,12/19/2022,281.0,286.6,272.1,286.6,4.03,9843.0,514.9,396.8
RLFL,12/20/2022,285.5,285.5,277.5,280.4,-2.16,5547.0,514.9,396.8
RLFL,12/21/2022,276.0,280.0,275.0,276.0,-1.57,4582.0,514.9,396.8
RLFL,12/22/2022,273.0,274.0,269.0,272.5,-1.27,5432.0,514.9,396.8
RLFL,12/26/2022,277.9,299.7,277.9,299.7,9.98,22176.0,514.9,396.8
RLFL,12/27/2022,305.0,317.0,304.6,311.0,3.77,37615.0,514.9,396.8
RLFL,12/28/2022,305.0,325.0,302.0,313.0,0.64,40348.0,514.9,396.8
RLFL,12/29/2022,309.0,338.0,309.0,338.0,7.99,64437.0,514.9,396.8
RLFL,1/1/2023,343.9,360.0,325.0,335.0,-0.89,52668.0,514.9,396.8
RLFL,1/2/2023,334.0,345.0,324.0,340.0,1.49,25385.0,514.9,396.8
RLFL,1/3/2023,340.0,344.9,330.0,333.0,-2.06,32280.0,514.9,396.8
RLFL,1/4/2023,329.0,347.0,329.0,347.0,4.2,55378.0,514.9,396.8
RLFL,1/5/2023,353.9,367.0,342.0,358.5,3.31,56728.0,514.9,396.8
RLFL,1/8/2023,353.0,369.0,353.0,365.5,1.95,62087.0,514.9,396.8
RLFL,1/9/2023,360.0,375.0,360.0,371.0,1.5,63870.0,514.9,396.8
RLFL,1/10/2023,378.3,382.9,344.0,354.0,-4.58,83661.0,514.9,396.8
RLFL,1/12/2023,361.0,375.0,342.0,342.4,-3.28,49554.0,514.9,396.8
RLFL,1/17/2023,344.0,357.0,337.3,355.0,3.68,18862.0,514.9,396.8
RLFL,1/18/2023,362.0,367.5,346.0,350.0,-1.41,34160.0,514.9,396.8
RLFL,1/19/2023,350.0,357.0,343.7,345.0,-1.43,16292.0,514.9,396.8
RLFL,1/23/2023,346.0,359.9,343.2,343.2,-0.52,18988.0,514.9,396.8
RLFL,1/24/2023,340.0,369.0,335.0,358.9,4.57,23242.0,514.9,396.8
RLFL,1/25/2023,352.0,374.3,352.0,360.0,0.31,51049.0,514.9,396.8
RLFL,1/26/2023,365.0,365.0,350.0,352.0,-2.22,17081.0,514.9,396.8
RLFL,1/29/2023,345.1,355.0,341.0,344.0,-2.27,19550.0,514.9,396.8
RLFL,1/30/2023,345.0,345.0,329.0,332.9,-3.23,21780.0,514.9,396.8
RLFL,1/31/2023,330.0,342.7,320.0,332.5,-0.12,17278.0,514.9,396.8
RLFL,2/1/2023,327.0,338.9,326.0,333.0,0.15,4138.0,514.9,396.8
RLFL,2/2/2023,333.0,335.0,325.0,326.0,-2.1,10759.0,514.9,396.8
RLFL,2/5/2023,330.0,336.5,323.0,327.0,0.31,13382.0,514.9,396.8
RLFL,2/6/2023,327.0,333.5,325.0,326.0,-0.31,7621.0,514.9,396.8
RLFL,2/7/2023,332.0,350.0,330.0,350.0,7.36,25256.0,514.9,396.8
RLFL,2/8/2023,356.8,362.0,343.1,349.0,-0.29,30114.0,514.9,396.8
RLFL,2/9/2023,349.0,351.0,340.0,350.0,0.29,14321.0,514.9,396.8
RLFL,2/12/2023,345.0,345.0,329.3,330.0,-5.71,18309.0,514.9,396.8
RLFL,2/14/2023,326.0,332.5,326.0,328.0,-0.61,7535.0,514.9,396.8
RLFL,2/15/2023,332.0,335.0,321.5,322.0,-1.83,18954.0,514.9,396.8
RLFL,2/16/2023,322.0,326.0,313.0,316.0,-1.86,19590.0,514.9,396.8
RLFL,2/20/2023,315.0,315.0,306.8,310.0,-1.9,12159.0,514.9,396.8
RLFL,2/22/2023,315.9,322.5,313.5,319.0,2.9,9971.0,514.9,396.8
RLFL,2/23/2023,312.8,316.1,308.0,311.9,-2.23,11804.0,514.9,396.8
RLFL,2/26/2023,305.7,316.0,299.6,315.9,1.28,16664.0,514.9,396.8
RLFL,2/27/2023,315.0,321.0,302.1,310.0,-1.87,9651.0,514.9,396.8
RLFL,2/28/2023,316.2,319.0,298.3,310.0,0.0,19122.0,514.9,396.8
RLFL,3/1/2023,309.0,313.0,305.0,307.0,-0.97,5310.0,514.9,396.8
RLFL,3/2/2023,303.0,311.0,300.9,303.0,-1.3,11274.0,514.9,396.8
RLFL,3/5/2023,309.0,309.0,295.0,300.0,-0.99,10673.0,514.9,396.8
RLFL,3/7/2023,305.0,306.0,298.0,303.9,1.3,4047.0,514.9,396.8
RLFL,3/9/2023,307.0,315.0,297.9,312.9,2.96,11720.0,514.9,396.8
RLFL,3/12/2023,315.0,319.0,305.0,308.0,-1.57,13494.0,514.9,396.8
RLFL,3/13/2023,307.0,308.0,302.0,307.0,-0.32,4193.0,514.9,396.8
RLFL,3/14/2023,302.0,311.9,301.5,308.0,0.33,12404.0,514.9,396.8
RLFL,3/15/2023,310.5,310.5,299.0,310.0,0.65,14723.0,514.9,396.8
RLFL,3/16/2023,304.0,309.3,298.0,305.0,-1.61,6488.0,514.9,396.8
RLFL,3/19/2023,306.0,306.0,300.0,301.0,-1.31,5627.0,514.9,396.8
RLFL,3/20/2023,300.0,308.9,300.0,308.0,2.33,5658.0,514.9,396.8
RLFL,3/22/2023,308.0,308.0,300.2,300.2,-2.53,3082.0,514.9,396.8
RLFL,3/23/2023,300.3,301.0,295.1,301.0,0.27,5818.0,514.9,396.8
RLFL,3/26/2023,297.0,301.0,292.0,300.0,-0.33,9445.0,514.9,396.8
RLFL,3/27/2023,295.0,310.9,290.0,309.0,3.0,8701.0,514.9,396.8
RLFL,3/28/2023,310.0,314.0,305.1,307.0,-0.65,11082.0,514.9,396.8
RLFL,3/29/2023,302.2,308.0,300.0,307.0,0.0,8172.0,514.9,396.8
RLFL,3/30/2023,306.0,306.0,297.0,301.0,-1.95,4823.0,514.9,396.8
RLFL,4/2/2023,305.0,305.0,290.1,291.0,-3.32,7230.0,514.9,396.8
RLFL,4/3/2023,296.8,296.8,284.0,289.6,-0.48,8402.0,514.9,396.8
RLFL,4/4/2023,285.5,297.9,285.0,291.0,0.48,5005.0,514.9,396.8
RLFL,4/5/2023,290.0,296.0,289.0,295.9,1.68,4510.0,514.9,396.8
RLFL,4/6/2023,292.0,293.0,290.3,292.0,-1.32,2912.0,514.9,396.8
RLFL,4/9/2023,287.0,288.0,285.0,288.0,-1.37,6242.0,514.9,396.8
RLFL,4/10/2023,284.2,299.5,284.2,292.5,1.56,9110.0,514.9,396.8
RLFL,4/11/2023,294.1,297.0,288.0,294.0,0.51,2808.0,514.9,396.8
RLFL,4/12/2023,299.8,315.9,298.9,315.9,7.45,18310.0,514.9,396.8
RLFL,4/13/2023,316.0,331.0,308.1,315.0,-0.28,20180.0,514.9,396.8
RLFL,4/16/2023,310.1,318.0,308.0,313.0,-0.63,6497.0,514.9,396.8
RLFL,4/17/2023,308.0,308.0,303.0,305.0,-2.56,6134.0,514.9,396.8
RLFL,4/18/2023,301.1,305.0,299.0,301.9,-1.02,4728.0,514.9,396.8
RLFL,4/19/2023,302.0,308.0,302.0,305.0,1.03,3567.0,514.9,396.8
RLFL,4/20/2023,305.0,305.1,300.0,302.9,-0.69,3891.0,514.9,396.8
RLFL,4/23/2023,297.0,297.0,291.1,296.0,-2.28,2415.0,514.9,396.8
RLFL,4/24/2023,295.9,299.0,292.2,296.0,0.0,3120.0,514.9,396.8
RLFL,4/25/2023,297.0,307.0,297.0,298.0,0.68,3019.0,514.9,396.8
RLFL,4/26/2023,298.0,315.0,297.0,298.2,0.07,5733.0,514.9,396.8
RLFL,4/27/2023,295.5,299.0,292.7,297.0,-0.4,3999.0,514.9,396.8
RLFL,4/30/2023,299.9,299.9,291.1,291.2,-1.95,1798.0,514.9,396.8
RLFL,5/2/2023,297.0,297.0,289.1,293.0,0.62,2293.0,514.9,396.8
RLFL,5/3/2023,288.1,292.9,287.0,287.0,-2.05,4516.0,514.9,396.8
RLFL,5/4/2023,285.1,292.6,284.1,290.0,1.05,1863.0,514.9,396.8
RLFL,5/7/2023,288.0,292.0,286.4,286.4,-1.24,1972.0,514.9,396.8
RLFL,5/8/2023,290.0,290.0,273.0,289.5,1.08,12463.0,514.9,396.8
RLFL,5/9/2023,284.0,291.5,273.5,287.0,-0.86,16516.0,514.9,396.8
RLFL,5/10/2023,285.0,285.0,280.0,284.9,-0.73,3944.0,514.9,396.8
RLFL,5/11/2023,280.3,284.0,279.4,284.0,-0.32,2280.0,514.9,396.8
RLFL,5/14/2023,289.0,289.0,273.0,278.0,-2.11,3314.0,514.9,396.8
RLFL,5/15/2023,273.0,280.0,268.0,275.0,-1.08,14403.0,514.9,396.8
RLFL,5/16/2023,275.0,280.0,272.4,277.0,0.73,2020.0,514.9,396.8
RLFL,5/17/2023,277.0,284.0,277.0,278.0,0.36,5419.0,514.9,396.8
RLFL,5/18/2023,283.5,293.0,282.4,289.9,4.28,16277.0,514.9,396.8
RLFL,5/21/2023,295.5,298.9,285.0,290.0,0.03,9385.0,514.9,396.8
RLFL,5/22/2023,288.0,295.8,284.2,290.0,0.0,9761.0,514.9,396.8
RLFL,5/23/2023,294.9,304.9,292.4,300.0,3.45,11622.0,514.9,396.8
RLFL,5/24/2023,295.1,303.0,295.1,298.0,-0.67,6754.0,514.9,396.8
RLFL,5/28/2023,300.0,303.9,285.0,285.0,-4.36,6610.0,514.9,396.8
RLFL,5/30/2023,280.0,294.9,280.0,280.0,-1.75,11417.0,514.9,396.8
RLFL,5/31/2023,275.0,282.6,270.2,276.8,-1.14,17835.0,514.9,396.8
RLFL,6/1/2023,280.0,283.0,274.0,275.0,-0.65,13805.0,514.9,396.8
RLFL,6/4/2023,280.5,294.9,280.5,289.0,5.09,8037.0,514.9,396.8
RLFL,6/5/2023,288.0,293.5,282.0,283.5,-1.9,6069.0,514.9,396.8
RLFL,6/6/2023,283.0,298.9,280.0,292.0,3.0,31761.0,514.9,396.8
RLFL,6/7/2023,297.0,308.9,287.1,295.0,1.03,20391.0,514.9,396.8
RLFL,6/8/2023,290.0,301.0,289.1,299.0,1.36,16915.0,514.9,396.8
RLFL,6/11/2023,304.9,328.0,303.0,324.0,8.36,86810.0,514.9,396.8
RLFL,6/12/2023,324.0,331.0,319.0,322.0,-0.62,45436.0,514.9,396.8
RLFL,6/13/2023,317.0,337.0,317.0,333.0,3.42,44217.0,514.9,396.8
RLFL,6/14/2023,333.0,338.0,322.0,329.7,-0.99,55663.0,514.9,396.8
RLFL,6/15/2023,324.0,328.0,320.0,325.0,-1.43,19686.0,514.9,396.8
RLFL,6/18/2023,328.9,335.0,324.6,335.0,3.08,30204.0,514.9,396.8
RLFL,6/19/2023,333.0,360.0,332.1,346.0,3.28,59732.0,514.9,396.8
RLFL,6/20/2023,352.9,359.9,331.0,335.0,-3.18,36773.0,514.9,396.8
RLFL,6/21/2023,338.0,344.0,330.0,333.0,-0.6,32838.0,514.9,396.8
RLFL,6/22/2023,339.6,340.0,325.1,332.0,-0.3,17170.0,514.9,396.8
RLFL,6/25/2023,326.1,353.0,326.1,351.0,5.72,47367.0,514.9,396.8
RLFL,6/26/2023,354.9,375.3,350.0,371.0,5.7,153260.0,514.9,396.8
RLFL,6/27/2023,377.9,400.8,377.9,400.0,7.82,156906.0,514.9,396.8
RLFL,6/28/2023,392.2,398.0,381.0,381.3,-4.67,65146.0,514.9,396.8
RLFL,7/2/2023,388.9,394.0,363.8,365.0,-4.27,63333.0,514.9,396.8
RLFL,7/3/2023,372.0,390.0,361.1,373.2,2.25,54405.0,514.9,396.8
RLFL,7/4/2023,380.6,385.0,370.0,377.6,1.18,64325.0,514.9,396.8
RLFL,7/5/2023,361.6,374.0,355.0,360.0,-4.66,61189.0,514.9,396.8
RLFL,7/6/2023,354.0,371.0,350.0,360.0,0.0,26099.0,514.9,396.8
RLFL,7/9/2023,365.0,373.0,352.8,365.0,1.39,29816.0,514.9,396.8
RLFL,7/10/2023,372.0,387.9,364.9,383.1,4.96,90429.0,514.9,396.8
RLFL,7/11/2023,385.0,404.0,385.0,390.0,1.8,109395.0,514.9,396.8
RLFL,7/12/2023,396.0,397.8,379.4,379.6,-2.67,65190.0,514.9,396.8
RLFL,7/13/2023,385.0,387.0,371.0,371.0,-2.27,54182.0,514.9,396.8
RLFL,7/16/2023,378.4,385.9,365.1,385.9,4.02,57533.0,514.9,396.8
RLFL,7/17/2023,379.0,397.8,378.0,396.5,2.75,51459.0,514.9,396.8
RLFL,7/18/2023,400.0,400.0,385.0,387.5,-2.27,28255.0,514.9,396.8
RLFL,7/19/2023,386.0,393.0,381.0,384.0,-0.9,16908.0,514.9,396.8
RLFL,7/20/2023,380.1,383.0,378.0,381.0,-0.78,24851.0,514.9,396.8
RLFL,7/23/2023,382.0,392.0,375.2,384.0,0.79,40425.0,514.9,396.8
RLFL,7/24/2023,380.0,391.5,377.0,380.0,-1.04,42987.0,514.9,396.8
RLFL,7/25/2023,380.0,380.0,371.0,371.1,-2.34,22310.0,514.9,396.8
RLFL,7/26/2023,378.0,380.0,369.0,370.0,-0.3,19010.0,514.9,396.8
RLFL,7/27/2023,366.1,379.7,362.8,365.0,-1.35,15491.0,514.9,396.8
RLFL,7/30/2023,358.0,371.9,349.2,353.0,-3.29,42885.0,514.9,396.8
RLFL,7/31/2023,360.0,364.0,350.0,357.5,1.27,23323.0,514.9,396.8
RLFL,8/1/2023,360.0,362.0,340.0,344.0,-3.78,13064.0,514.9,396.8
RLFL,8/2/2023,344.0,358.9,339.0,355.0,3.2,35236.0,514.9,396.8
RLFL,8/3/2023,355.0,368.0,353.0,360.0,1.41,22381.0,514.9,396.8
RLFL,8/6/2023,353.0,353.0,333.4,338.0,-6.11,24450.0,514.9,396.8
RLFL,8/7/2023,331.3,349.5,325.5,336.0,-0.59,25936.0,514.9,396.8
RLFL,8/8/2023,338.0,342.0,330.0,333.0,-0.89,20330.0,514.9,396.8
RLFL,8/9/2023,339.5,344.7,327.0,341.2,2.46,11074.0,514.9,396.8
RLFL,8/10/2023,335.1,351.0,335.1,344.0,0.82,16023.0,514.9,396.8
RLFL,8/13/2023,338.0,350.0,338.0,341.0,-0.87,10859.0,514.9,396.8
RLFL,8/14/2023,336.0,349.0,336.0,340.9,-0.03,12838.0,514.9,396.8
RLFL,8/15/2023,335.1,336.0,328.5,330.0,-3.2,3505.0,514.9,396.8
RLFL,8/16/2023,326.0,329.0,321.5,321.5,-2.58,11137.0,514.9,396.8
RLFL,8/17/2023,320.1,330.0,316.6,320.0,-0.47,28479.0,514.9,396.8
RLFL,8/20/2023,320.0,321.0,312.3,318.0,-0.62,14742.0,514.9,396.8
RLFL,8/21/2023,322.0,322.0,310.8,314.0,-1.26,11937.0,514.9,396.8
RLFL,8/22/2023,308.7,316.9,308.1,316.9,0.92,8921.0,514.9,396.8
RLFL,8/23/2023,320.0,330.0,315.0,329.6,4.01,12716.0,514.9,396.8
RLFL,8/24/2023,333.2,336.0,316.0,319.0,-3.22,13965.0,514.9,396.8
RLFL,8/27/2023,315.0,318.0,309.0,314.0,-1.57,9630.0,514.9,396.8
RLFL,8/28/2023,318.0,318.0,310.2,315.0,0.32,4200.0,514.9,396.8
RLFL,8/29/2023,310.3,316.5,310.3,310.5,-1.43,4597.0,514.9,396.8
RLFL,8/30/2023,315.0,315.0,308.9,308.9,-0.52,3928.0,514.9,396.8
RLFL,9/3/2023,304.0,308.0,298.0,302.0,-2.23,10260.0,514.9,396.8
RLFL,9/4/2023,305.0,308.0,296.2,300.2,-0.6,7927.0,514.9,396.8
RLFL,9/5/2023,305.6,305.6,300.0,300.6,0.13,5903.0,514.9,396.8
RLFL,9/7/2023,300.0,302.0,297.0,302.0,0.47,6235.0,514.9,396.8
RLFL,9/10/2023,307.0,312.1,301.1,308.4,2.12,8065.0,514.9,396.8
RLFL,9/11/2023,313.0,327.0,306.8,326.0,5.71,24280.0,514.9,396.8
RLFL,9/12/2023,329.0,330.0,307.0,318.0,-2.45,17748.0,514.9,396.8
RLFL,9/13/2023,323.5,333.0,313.1,331.5,4.25,29999.0,514.9,396.8
RLFL,9/17/2023,338.0,338.0,311.0,313.0,-5.58,20712.0,514.9,396.8
RLFL,9/18/2023,315.9,331.5,315.0,318.0,1.6,5470.0,514.9,396.8
RLFL,9/19/2023,317.0,326.0,317.0,321.2,1.01,6598.0,514.9,396.8
RLFL,9/21/2023,327.6,344.0,327.6,340.0,5.85,41437.0,514.9,396.8
RLFL,9/24/2023,345.0,348.0,328.2,329.0,-3.24,18965.0,514.9,396.8
RLFL,9/25/2023,335.0,341.0,328.0,333.0,1.22,18465.0,514.9,396.8
RLFL,9/26/2023,339.6,343.9,332.0,340.8,2.34,15358.0,514.9,396.8
RLFL,9/27/2023,340.0,340.0,328.4,333.0,-2.29,10054.0,514.9,396.8
RLFL,10/1/2023,330.0,330.0,321.0,324.0,-2.7,9256.0,514.9,396.8
RLFL,10/2/2023,320.0,338.0,320.0,333.0,2.78,10396.0,514.9,396.8
RLFL,10/3/2023,327.0,330.0,320.0,320.0,-3.9,13050.0,514.9,396.8
RLFL,10/4/2023,320.0,332.0,320.0,329.5,2.97,8489.0,514.9,396.8
RLFL,10/5/2023,335.0,335.0,318.1,327.0,-0.76,7631.0,514.9,396.8
RLFL,10/8/2023,333.5,333.5,314.0,315.0,-3.67,7102.0,514.9,396.8
RLFL,10/9/2023,321.0,321.0,309.2,312.0,-0.95,6538.0,514.9,396.8
RLFL,10/10/2023,309.1,310.3,293.0,309.0,-0.96,41632.0,514.9,396.8
RLFL,10/11/2023,309.0,315.0,304.1,308.0,-0.32,11746.0,514.9,396.8
RLFL,10/12/2023,303.0,311.0,300.0,311.0,0.97,17132.0,514.9,396.8
RLFL,10/16/2023,305.0,310.0,299.1,301.0,-3.22,8979.0,514.9,396.8
RLFL,10/17/2023,307.0,313.1,300.0,305.0,1.33,12196.0,514.9,396.8
RLFL,10/18/2023,303.0,314.8,295.1,305.0,0.0,13484.0,514.9,396.8
RLFL,10/19/2023,305.0,306.0,301.1,302.0,-0.98,3201.0,514.9,396.8
RLFL,10/29/2023,301.0,302.0,293.3,295.0,-2.32,8144.0,514.9,396.8
RLFL,10/30/2023,295.0,303.9,291.3,301.0,2.03,7200.0,514.9,396.8
RLFL,10/31/2023,296.1,296.9,292.9,296.9,-1.36,6622.0,514.9,396.8
RLFL,11/1/2023,293.1,301.0,293.1,294.1,-0.94,8271.0,514.9,396.8
RLFL,11/2/2023,299.9,299.9,291.0,294.0,-0.03,8077.0,514.9,396.8
RLFL,11/5/2023,291.0,296.8,285.0,292.0,-0.68,12327.0,514.9,396.8
RLFL,11/6/2023,296.0,300.0,295.0,300.0,2.74,8925.0,514.9,396.8
RLFL,11/7/2023,305.9,305.9,297.0,302.0,0.67,9030.0,514.9,396.8
RLFL,11/8/2023,305.0,305.0,299.2,302.0,0.0,4634.0,514.9,396.8
RLFL,11/9/2023,304.9,304.9,295.3,297.9,-1.36,7193.0,514.9,396.8
RLFL,11/20/2023,303.8,312.9,302.0,312.0,4.73,27280.0,514.9,396.8
RLFL,11/21/2023,309.0,309.0,299.1,302.0,-3.21,26585.0,514.9,396.8
RLFL,11/22/2023,303.0,312.0,296.0,305.0,0.99,20889.0,514.9,396.8
RLFL,11/23/2023,308.9,319.0,303.1,318.9,4.56,26370.0,514.9,396.8
RLFL,11/26/2023,323.0,332.9,316.7,332.0,4.11,30695.0,514.9,396.8
RLFL,11/27/2023,326.2,332.7,321.6,331.5,-0.15,38362.0,514.9,396.8
RLFL,11/28/2023,330.0,336.0,324.0,328.9,-0.78,18545.0,514.9,396.8
RLFL,11/29/2023,330.0,330.0,318.6,328.0,-0.27,17752.0,514.9,396.8
RLFL,11/30/2023,330.0,334.0,314.7,319.9,-2.47,15410.0,514.9,396.8
RLFL,12/3/2023,314.0,319.0,313.6,319.0,-0.28,7407.0,514.9,396.8
RLFL,12/4/2023,314.5,320.0,314.4,318.7,-0.09,6633.0,514.9,396.8
RLFL,12/5/2023,319.0,323.9,310.0,316.0,-0.85,3540.0,514.9,396.8
RLFL,12/6/2023,312.0,315.0,308.1,313.0,-0.95,5311.0,514.9,396.8
RLFL,12/7/2023,309.0,321.0,309.0,320.0,2.24,12793.0,514.9,396.8
RLFL,12/10/2023,326.3,352.0,326.3,352.0,10.0,4198.0,514.9,396.8
RLFL,12/11/2023,355.0,355.0,336.7,344.0,-2.27,57781.0,514.9,396.8
RLFL,12/12/2023,344.0,365.0,339.1,359.0,4.36,52878.0,514.9,396.8
RLFL,12/13/2023,364.0,371.0,355.0,355.1,-1.09,56358.0,514.9,396.8
RLFL,12/14/2023,360.0,365.0,351.1,363.8,2.45,42652.0,514.9,396.8
RLFL,12/17/2023,364.0,373.0,350.0,369.0,1.43,50641.0,514.9,396.8
RLFL,12/18/2023,376.0,385.0,372.2,377.0,2.17,117457.0,514.9,396.8
RLFL,12/19/2023,380.4,388.0,370.6,382.0,1.33,66851.0,514.9,396.8
RLFL,12/20/2023,385.0,398.0,384.0,385.0,0.79,70526.0,514.9,396.8
RLFL,12/21/2023,389.0,389.0,368.5,370.0,-3.9,62395.0,514.9,396.8
RLFL,12/24/2023,377.0,392.5,359.3,366.9,-0.84,51605.0,514.9,396.8
RLFL,12/27/2023,374.0,374.0,357.0,367.0,0.03,42366.0,514.9,396.8
RLFL,12/28/2023,365.0,370.0,360.1,363.0,-1.09,22636.0,514.9,396.8
RLFL,1/1/2024,359.0,373.9,358.3,358.3,-1.29,16072.0,514.9,396.8
RLFL,1/2/2024,358.0,358.1,348.0,349.0,-2.6,43660.0,514.9,396.8
RLFL,1/3/2024,349.0,364.1,349.0,362.0,3.72,23791.0,514.9,396.8
RLFL,1/4/2024,364.0,370.0,360.0,369.2,1.99,49649.0,514.9,396.8
RLFL,1/7/2024,367.0,367.0,351.0,351.0,-4.93,28955.0,514.9,396.8
RLFL,1/8/2024,358.0,368.8,352.8,368.0,4.84,26972.0,514.9,396.8
RLFL,1/9/2024,375.0,390.9,368.6,375.0,1.9,89493.0,514.9,396.8
RLFL,1/10/2024,382.5,397.9,370.0,370.0,-1.33,58141.0,514.9,396.8
RLFL,1/11/2024,371.0,371.8,364.1,368.0,-0.54,21759.0,514.9,396.8
RLFL,1/14/2024,370.0,379.0,365.1,379.0,2.99,26166.0,514.9,396.8
RLFL,1/16/2024,385.0,413.1,385.0,413.1,9.0,260583.0,514.9,396.8
RLFL,1/17/2024,421.3,422.0,390.2,395.0,-4.38,118684.0,514.9,396.8
RLFL,1/18/2024,390.0,406.0,381.0,400.0,1.27,99331.0,514.9,396.8
RLFL,1/21/2024,400.0,403.0,383.0,384.0,-4.0,56122.0,514.9,396.8
RLFL,1/22/2024,380.0,387.0,372.0,380.0,-1.04,51844.0,514.9,396.8
RLFL,1/23/2024,385.0,385.0,373.0,381.9,0.5,35513.0,514.9,396.8
RLFL,1/24/2024,388.8,389.0,370.5,380.0,-0.5,29852.0,514.9,396.8
RLFL,1/25/2024,382.0,382.0,365.0,379.0,-0.26,35454.0,514.9,396.8
RLFL,1/28/2024,372.1,382.6,366.2,382.0,0.79,24955.0,514.9,396.8
RLFL,1/29/2024,383.0,384.1,377.1,379.5,-0.65,33385.0,514.9,396.8
RLFL,1/30/2024,380.0,384.7,372.0,376.9,-0.69,36426.0,514.9,396.8
RLFL,1/31/2024,377.0,383.0,366.0,370.0,-1.83,31367.0,514.9,396.8
RLFL,2/1/2024,365.0,383.0,363.0,367.6,-0.65,46229.0,514.9,396.8
RLFL,2/4/2024,368.0,370.0,364.0,368.9,0.35,12460.0,514.9,396.8
RLFL,2/5/2024,369.0,372.8,365.4,370.0,0.3,9572.0,514.9,396.8
RLFL,2/6/2024,366.0,374.5,366.0,367.0,-0.81,18968.0,514.9,396.8
RLFL,2/7/2024,372.0,378.9,366.0,366.0,-0.27,9861.0,514.9,396.8
RLFL,2/8/2024,366.0,375.0,363.3,373.3,1.99,15778.0,514.9,396.8
RLFL,2/11/2024,373.3,376.0,366.0,366.0,-1.96,20824.0,514.9,396.8
RLFL,2/12/2024,373.0,376.0,366.0,372.0,1.64,17829.0,514.9,396.8
RLFL,2/13/2024,370.0,370.0,355.0,355.0,-4.57,27108.0,514.9,396.8
RLFL,2/14/2024,362.0,386.0,356.9,376.0,5.92,96754.0,514.9,396.8
RLFL,2/15/2024,380.0,381.0,366.0,366.0,-2.66,34599.0,514.9,396.8
RLFL,2/18/2024,361.1,361.1,355.0,356.3,-2.65,15199.0,514.9,396.8
RLFL,2/20/2024,359.0,366.0,356.7,357.0,0.2,18720.0,514.9,396.8
RLFL,2/21/2024,364.1,364.1,358.0,358.0,0.28,9973.0,514.9,396.8
RLFL,2/22/2024,365.1,368.0,351.0,351.3,-1.87,32810.0,514.9,396.8
RLFL,2/25/2024,348.5,366.0,347.5,362.0,3.05,41764.0,514.9,396.8
RLFL,2/26/2024,369.0,369.0,352.3,360.1,-0.52,12800.0,514.9,396.8
RLFL,2/27/2024,360.0,366.0,355.9,356.0,-1.14,8656.0,514.9,396.8
RLFL,2/28/2024,354.0,360.0,353.0,360.0,1.12,8613.0,514.9,396.8
RLFL,2/29/2024,354.0,359.9,342.0,344.8,-4.22,20379.0,514.9,396.8
RLFL,3/3/2024,342.0,348.0,339.0,340.0,-1.39,12785.0,514.9,396.8
RLFL,3/4/2024,346.8,367.0,346.8,367.0,7.94,2040.0,514.9,396.8
RLFL,3/5/2024,359.7,363.9,349.0,353.0,-3.81,18081.0,514.9,396.8
RLFL,3/6/2024,356.0,363.0,347.2,356.0,0.85,21051.0,514.9,396.8
RLFL,3/7/2024,363.0,363.0,355.3,361.9,1.66,10817.0,514.9,396.8
RLFL,3/10/2024,362.0,369.0,361.0,367.0,1.41,18113.0,514.9,396.8
RLFL,3/12/2024,373.9,373.9,364.9,371.0,1.09,16107.0,514.9,396.8
RLFL,3/13/2024,366.0,381.9,365.0,380.0,2.43,84461.0,514.9,396.8
RLFL,3/14/2024,385.0,387.5,368.1,371.6,-2.21,51428.0,514.9,396.8
RLFL,3/17/2024,365.2,378.0,365.2,377.0,1.45,31323.0,514.9,396.8
RLFL,3/18/2024,379.0,384.0,367.0,373.8,-0.85,13659.0,514.9,396.8
RLFL,3/19/2024,381.0,391.8,375.0,380.0,1.66,114194.0,514.9,396.8
RLFL,3/20/2024,380.0,380.0,362.0,365.9,-3.71,39074.0,514.9,396.8
RLFL,3/21/2024,372.0,380.0,363.2,371.0,1.39,36847.0,514.9,396.8
RLFL,3/25/2024,363.6,370.0,357.0,367.0,-1.08,30801.0,514.9,396.8
RLFL,3/26/2024,359.7,371.9,359.7,369.7,0.74,20329.0,514.9,396.8
RLFL,3/27/2024,370.0,370.0,357.0,363.0,-1.81,12590.0,514.9,396.8
RLFL,3/28/2024,356.0,369.0,355.1,366.9,1.07,17130.0,514.9,396.8
RLFL,3/31/2024,367.0,369.0,357.0,363.5,-0.93,23233.0,514.9,396.8
RLFL,4/1/2024,358.1,365.2,356.6,357.0,-1.79,17157.0,514.9,396.8
RLFL,4/2/2024,364.0,364.0,353.1,356.9,-0.03,9825.0,514.9,396.8
RLFL,4/3/2024,355.0,360.0,350.0,350.0,-1.93,16319.0,514.9,396.8
RLFL,4/4/2024,356.0,363.1,351.0,362.0,3.43,15665.0,514.9,396.8
RLFL,4/7/2024,362.0,384.0,357.0,378.0,4.42,90655.0,514.9,396.8
RLFL,4/9/2024,385.0,394.0,375.0,388.0,2.65,192898.0,514.9,396.8
RLFL,4/10/2024,392.0,392.0,368.5,369.1,-4.87,44162.0,514.9,396.8
RLFL,4/14/2024,369.0,375.0,363.0,370.0,0.24,61001.0,514.9,396.8
RLFL,4/15/2024,363.1,371.0,356.0,356.5,-3.65,34570.0,514.9,396.8
RLFL,4/16/2024,349.4,366.7,349.4,355.9,-0.17,34458.0,514.9,396.8
RLFL,4/18/2024,354.0,368.0,352.0,359.9,1.12,24742.0,514.9,396.8
RLFL,4/21/2024,353.0,366.9,350.0,365.0,1.42,33985.0,514.9,396.8
RLFL,4/22/2024,359.0,363.0,355.0,357.9,-1.95,19121.0,514.9,396.8
RLFL,4/24/2024,364.0,374.0,357.5,368.0,2.82,55990.0,514.9,396.8
RLFL,4/25/2024,368.0,387.9,368.0,378.0,2.72,154191.0,514.9,396.8
RLFL,4/28/2024,375.0,395.5,370.0,385.1,1.88,165773.0,514.9,396.8
RLFL,4/29/2024,390.0,398.0,376.0,389.0,1.01,154949.0,514.9,396.8
RLFL,4/30/2024,392.0,412.0,382.0,386.0,-0.77,221169.0,514.9,396.8
RLFL,5/2/2024,393.7,393.7,373.0,374.9,-2.88,50125.0,514.9,396.8
RLFL,5/5/2024,382.3,382.3,362.5,366.0,-2.37,42609.0,514.9,396.8
RLFL,5/6/2024,367.0,376.0,362.0,367.0,0.27,49830.0,514.9,396.8
RLFL,5/7/2024,368.9,380.0,366.1,373.0,1.63,76402.0,514.9,396.8
RLFL,5/8/2024,379.0,386.0,372.0,384.0,2.95,77765.0,514.9,396.8
RLFL,5/9/2024,390.0,393.0,382.0,388.7,1.22,95117.0,514.9,396.8
RLFL,5/12/2024,390.0,397.0,385.2,388.0,-0.18,81109.0,514.9,396.8
RLFL,5/13/2024,388.0,389.7,383.3,387.4,-0.15,41342.0,514.9,396.8
RLFL,5/14/2024,389.9,397.0,388.8,393.0,1.45,65230.0,514.9,396.8
RLFL,5/15/2024,395.0,400.0,388.5,388.5,-1.15,45574.0,514.9,396.8
RLFL,5/16/2024,384.2,389.0,384.2,387.0,-0.39,46742.0,514.9,396.8
RLFL,5/19/2024,390.0,394.7,385.2,394.0,1.81,46907.0,514.9,396.8
RLFL,5/20/2024,394.0,403.0,392.1,397.0,0.76,77354.0,514.9,396.8
RLFL,5/21/2024,399.0,415.0,397.0,411.3,3.6,123578.0,514.9,396.8
RLFL,5/22/2024,415.0,419.0,404.0,413.9,0.63,106427.0,514.9,396.8
RLFL,5/26/2024,422.1,422.1,399.2,400.1,-3.33,42614.0,514.9,396.8
RLFL,5/27/2024,392.4,408.0,392.4,403.0,0.72,84723.0,514.9,396.8
RLFL,5/29/2024,411.0,411.0,395.0,398.0,-1.24,90953.0,514.9,396.8
RLFL,5/30/2024,398.0,405.0,393.0,399.8,0.45,49932.0,514.9,396.8
RLFL,6/2/2024,398.0,417.0,397.0,409.0,2.3,77703.0,514.9,396.8
RLFL,6/3/2024,411.0,419.0,405.0,410.0,0.24,174777.0,514.9,396.8
RLFL,6/4/2024,411.0,417.0,406.1,409.8,-0.05,97058.0,514.9,396.8
RLFL,6/5/2024,405.1,418.0,405.0,408.0,-0.44,43654.0,514.9,396.8
RLFL,6/6/2024,408.0,408.0,400.1,400.3,-1.89,48923.0,514.9,396.8
RLFL,6/9/2024,408.0,408.0,392.5,393.2,-1.77,62380.0,514.9,396.8
RLFL,6/10/2024,399.0,404.0,395.3,402.9,2.47,28015.0,514.9,396.8
RLFL,6/11/2024,409.0,409.0,400.9,401.6,-0.32,83774.0,514.9,396.8
RLFL,6/12/2024,397.0,411.0,394.0,408.0,1.59,71500.0,514.9,396.8
RLFL,6/13/2024,407.0,427.0,407.0,414.0,1.47,207758.0,514.9,396.8
RLFL,6/16/2024,419.0,419.0,400.1,407.9,-1.47,72368.0,514.9,396.8
RLFL,6/18/2024,403.5,408.9,397.0,400.0,-1.94,33084.0,514.9,396.8
RLFL,6/19/2024,400.0,413.1,398.0,405.0,1.25,57370.0,514.9,396.8
RLFL,6/20/2024,410.0,416.0,403.0,405.0,0.0,70246.0,514.9,396.8
RLFL,6/23/2024,401.0,445.5,400.3,445.5,10.0,309443.0,514.9,396.8
RLFL,6/24/2024,454.4,465.0,434.0,440.0,-1.23,248318.0,514.9,396.8
RLFL,6/25/2024,447.9,455.0,425.0,425.2,-3.36,92530.0,514.9,396.8
RLFL,6/26/2024,430.0,436.0,418.5,422.3,-0.68,81505.0,514.9,396.8
RLFL,6/27/2024,429.0,429.0,417.2,418.1,-0.99,89714.0,514.9,396.8
RLFL,6/30/2024,426.4,434.0,417.0,427.7,2.3,78172.0,514.9,396.8
RLFL,7/1/2024,436.2,436.2,420.2,426.0,-0.4,60744.0,514.9,396.8
RLFL,7/2/2024,434.5,451.8,425.0,430.0,0.94,87260.0,514.9,396.8
RLFL,7/3/2024,437.8,463.0,426.1,455.0,5.81,365849.0,514.9,396.8
RLFL,7/4/2024,464.0,464.0,442.0,445.0,-2.2,175373.0,514.9,396.8
RLFL,7/7/2024,452.0,453.9,441.0,445.0,0.0,128392.0,514.9,396.8
RLFL,7/8/2024,446.0,459.0,443.1,452.4,1.66,104507.0,514.9,396.8
RLFL,7/9/2024,458.9,469.4,453.2,458.7,1.39,160042.0,514.9,396.8
RLFL,7/10/2024,467.8,467.8,455.3,459.6,0.2,75598.0,514.9,396.8
RLFL,7/11/2024,459.1,465.0,450.5,453.9,-1.24,97446.0,514.9,396.8
RLFL,7/14/2024,462.9,470.0,447.0,447.3,-1.45,78957.0,514.9,396.8
RLFL,7/15/2024,456.0,467.1,445.0,459.0,2.62,153681.0,514.9,396.8
RLFL,7/16/2024,450.7,488.0,450.0,475.4,3.57,166490.0,514.9,396.8
RLFL,7/17/2024,475.4,509.0,473.1,505.9,6.42,193340.0,514.9,396.8
RLFL,7/18/2024,516.0,516.0,490.0,492.0,-2.75,194789.0,514.9,396.8
RLFL,7/21/2024,500.0,508.0,487.1,498.5,1.32,193419.0,514.9,396.8
RLFL,7/22/2024,507.8,507.8,488.0,492.0,-1.3,104207.0,514.9,396.8
RLFL,7/23/2024,501.8,504.0,486.0,500.0,1.63,150721.0,514.9,396.8
RLFL,7/24/2024,510.0,523.2,501.2,505.5,1.1,178697.0,514.9,396.8
RLFL,7/25/2024,510.0,514.9,501.0,502.0,-0.69,101664.0,514.9,396.8
RLFL,7/28/2024,512.0,512.0,491.0,501.7,-0.06,122338.0,514.9,396.8
RLFL,7/29/2024,511.0,511.7,495.0,501.0,-0.14,136148.0,514.9,396.8
RLFL,7/30/2024,510.6,537.0,501.5,526.0,4.99,238487.0,514.9,396.8
RLFL,7/31/2024,535.0,578.6,535.0,578.6,10.0,301175.0,514.9,396.8
RLFL,8/1/2024,585.0,613.0,570.0,570.0,-1.49,370931.0,514.9,396.8
RLFL,8/5/2024,581.4,598.0,551.5,594.0,4.21,245463.0,514.9,396.8
RLFL,8/6/2024,595.0,596.0,534.6,536.0,-9.76,224235.0,514.9,396.8
RLFL,8/7/2024,536.0,583.0,528.0,571.2,6.57,188357.0,514.9,396.8
RLFL,8/8/2024,582.6,586.5,556.0,564.0,-1.26,121097.0,514.9,396.8
RLFL,8/11/2024,575.0,595.0,558.0,591.0,4.79,237344.0,514.9,396.8
RLFL,8/12/2024,600.0,621.0,594.0,609.2,3.08,225469.0,514.9,396.8
RLFL,8/13/2024,620.0,655.0,600.0,630.0,3.41,200469.0,514.9,396.8
RLFL,8/14/2024,619.9,684.0,619.9,679.0,7.78,323227.0,514.9,396.8
RLFL,8/15/2024,692.0,706.0,654.0,658.0,-3.09,257230.0,514.9,396.8
RLFL,8/18/2024,671.1,723.8,631.0,704.0,6.99,702960.0,514.9,396.8
RLFL,8/21/2024,718.0,774.4,718.0,774.4,10.0,260751.0,514.9,396.8
RLFL,8/22/2024,789.8,838.0,774.0,774.0,-0.05,277266.0,514.9,396.8
RLFL,8/25/2024,775.0,775.0,722.0,725.0,-6.33,242385.0,514.9,396.8
RLFL,8/27/2024,725.0,764.9,698.3,702.0,-3.17,425423.0,514.9,396.8
RLFL,8/28/2024,716.0,740.0,670.1,678.0,-3.42,181313.0,514.9,396.8
RLFL,8/29/2024,691.5,705.3,650.0,654.9,-3.41,130289.0,514.9,396.8
RLFL,9/1/2024,641.9,673.0,612.6,616.0,-5.94,249566.0,514.9,396.8
RLFL,9/2/2024,627.0,677.6,611.0,677.6,10.0,195994.0,514.9,396.8
RLFL,9/3/2024,691.1,707.0,673.0,684.0,0.94,175790.0,514.9,396.8
RLFL,9/4/2024,678.0,693.0,640.0,645.3,-5.66,167866.0,514.9,396.8
RLFL,9/5/2024,658.2,670.0,615.1,645.0,-0.05,148248.0,514.9,396.8
RLFL,9/8/2024,657.0,663.0,630.0,632.0,-2.02,68389.0,514.9,396.8
RLFL,9/9/2024,620.3,638.0,618.2,619.1,-2.04,114802.0,514.9,396.8
RLFL,9/10/2024,625.0,638.9,606.7,607.0,-1.95,72941.0,514.9,396.8
RLFL,9/11/2024,619.0,628.0,611.0,615.0,1.32,90315.0,514.9,396.8
RLFL,9/12/2024,625.0,676.0,621.0,665.3,8.18,240314.0,514.9,396.8
RLFL,9/15/2024,678.0,688.0,630.0,635.0,-4.55,129892.0,514.9,396.8
RLFL,9/16/2024,635.0,635.0,602.0,605.0,-4.72,98216.0,514.9,396.8
RLFL,9/18/2024,605.5,611.7,583.1,585.0,-3.31,62802.0,514.9,396.8
RLFL,9/22/2024,596.7,616.0,582.0,590.0,0.85,44886.0,514.9,396.8
RLFL,9/23/2024,585.0,590.0,534.2,539.0,-8.64,96951.0,514.9,396.8
RLFL,9/24/2024,539.0,561.0,510.0,511.0,-5.19,80585.0,514.9,396.8
RLFL,9/25/2024,505.0,560.0,503.0,538.0,5.28,65895.0,514.9,396.8
RLFL,9/26/2024,548.5,550.0,517.6,521.9,-2.99,41104.0,514.9,396.8
RLFL,9/29/2024,512.1,532.4,508.0,512.0,-1.9,34246.0,514.9,396.8
RLFL,9/30/2024,520.0,532.0,515.0,532.0,3.91,46594.0,514.9,396.8
RLFL,10/1/2024,542.6,585.2,540.2,585.2,10.0,83435.0,514.9,396.8
RLFL,10/2/2024,596.0,614.0,586.0,591.0,0.99,136112.0,514.9,396.8
RLFL,10/6/2024,590.0,635.0,590.0,633.0,7.11,86394.0,514.9,396.8
RLFL,10/7/2024,645.0,659.7,615.0,622.0,-1.74,102918.0,514.9,396.8
RLFL,10/8/2024,622.0,633.9,605.0,608.0,-2.25,55914.0,514.9,396.8
RLFL,10/9/2024,618.9,623.0,603.0,615.2,1.18,28703.0,514.9,396.8
RLFL,10/15/2024,625.0,647.7,622.0,643.0,4.52,49875.0,514.9,396.8
RLFL,10/16/2024,654.0,663.0,640.0,643.0,0.0,60907.0,514.9,396.8
RLFL,10/17/2024,643.0,659.0,635.0,642.0,-0.16,63416.0,514.9,396.8
RLFL,10/20/2024,630.0,646.0,620.0,625.0,-2.65,81371.0,514.9,396.8
RLFL,10/21/2024,625.0,629.0,593.0,596.5,-4.56,77757.0,514.9,396.8
RLFL,10/22/2024,600.0,626.0,600.0,618.1,3.62,54933.0,514.9,396.8
RLFL,10/23/2024,625.0,647.7,611.0,625.0,1.12,89644.0,514.9,396.8
RLFL,10/24/2024,625.0,640.0,615.0,617.0,-1.28,56211.0,514.9,396.8
RLFL,10/27/2024,620.0,627.0,612.2,619.0,0.32,44818.0,514.9,396.8
RLFL,10/28/2024,629.0,646.0,619.3,643.4,3.94,88328.0,514.9,396.8
RLFL,10/29/2024,650.0,674.4,645.6,653.0,1.49,156839.0,514.9,396.8
RLFL,10/30/2024,661.0,661.7,639.0,645.0,-1.23,65760.0,514.9,396.8
RLFL,11/5/2024,655.0,662.2,639.0,652.9,1.22,44556.0,514.9,396.8
RLFL,11/6/2024,652.9,674.0,650.0,670.0,2.62,119380.0,514.9,396.8
RLFL,11/10/2024,670.0,715.0,670.0,711.0,6.12,187091.0,514.9,396.8
RLFL,11/11/2024,724.0,725.2,686.0,692.0,-2.67,149330.0,514.9,396.8
RLFL,11/12/2024,695.2,716.0,693.0,708.0,2.31,122681.0,514.9,396.8
RLFL,11/13/2024,719.0,727.0,700.1,721.0,1.84,159073.0,514.9,396.8
RLFL,11/14/2024,728.9,740.0,718.4,719.9,-0.15,165849.0,514.9,396.8
RLFL,11/17/2024,733.0,733.0,699.0,700.0,-2.76,110616.0,514.9,396.8
RLFL,11/19/2024,714.0,721.9,692.0,694.0,-0.86,132723.0,514.9,396.8
RLFL,11/20/2024,690.0,710.9,685.0,700.0,0.86,110454.0,514.9,396.8
RLFL,11/21/2024,706.0,720.0,695.0,695.1,-0.7,116990.0,514.9,396.8
RLFL,11/24/2024,705.0,715.0,682.1,685.0,-1.45,68874.0,514.9,396.8
RLFL,11/25/2024,690.0,707.0,685.0,695.0,1.46,69918.0,514.9,396.8
RLFL,11/26/2024,682.0,719.0,682.0,714.0,2.73,97257.0,514.9,396.8
RLFL,11/27/2024,720.0,722.0,705.0,712.0,-0.28,70711.0,514.9,396.8
RLFL,11/28/2024,710.0,716.0,692.0,697.0,-2.11,74129.0,514.9,396.8
RLFL,12/1/2024,684.0,699.0,682.0,686.0,-1.58,63211.0,514.9,396.8
RLFL,12/2/2024,676.0,693.0,665.0,673.0,-1.9,72348.0,514.9,396.8
RLFL,12/3/2024,683.0,703.0,677.0,685.0,1.78,96506.0,514.9,396.8
RLFL,12/4/2024,685.0,696.9,675.1,675.1,-1.45,40678.0,514.9,396.8
RLFL,12/5/2024,671.0,680.0,652.0,654.0,-3.13,80321.0,514.9,396.8
RLFL,12/8/2024,654.0,659.0,628.0,640.0,-2.14,83835.0,514.9,396.8
RLFL,12/9/2024,650.0,655.0,630.1,648.8,1.37,41385.0,514.9,396.8
RLFL,12/10/2024,648.0,650.0,635.0,636.0,-1.97,22797.0,514.9,396.8
RLFL,12/11/2024,637.0,653.9,625.1,650.0,2.2,38719.0,514.9,396.8
RLFL,12/12/2024,650.0,658.4,625.0,627.0,-3.54,39422.0,514.9,396.8
RLFL,12/16/2024,616.1,617.0,600.0,600.3,-4.26,47266.0,514.9,396.8
RLFL,12/17/2024,602.0,615.0,597.0,610.0,1.62,24916.0,514.9,396.8
RLFL,12/18/2024,608.0,623.9,605.0,608.5,-0.25,28869.0,514.9,396.8
RLFL,12/19/2024,605.0,615.0,588.0,590.0,-3.04,41561.0,514.9,396.8
RLFL,12/22/2024,590.0,594.1,570.0,572.0,-3.05,38993.0,514.9,396.8
RLFL,12/23/2024,580.0,591.0,575.0,591.0,3.32,15832.0,514.9,396.8
RLFL,12/24/2024,599.0,621.0,590.0,610.0,3.21,58299.0,514.9,396.8
RLFL,12/26/2024,598.0,609.0,585.1,585.2,-4.07,30740.0,514.9,396.8
RLFL,12/29/2024,577.0,580.0,558.0,561.8,-4.0,52747.0,514.9,396.8
RLFL,12/31/2024,561.8,561.8,505.7,529.0,-5.84,113456.0,514.9,396.8
RLFL,1/1/2025,521.1,560.0,520.0,549.0,3.78,44148.0,514.9,396.8
RLFL,1/2/2025,550.0,555.0,540.3,545.1,-0.71,22947.0,514.9,396.8
RLFL,1/5/2025,553.0,560.0,537.0,547.0,0.35,27708.0,514.9,396.8
RLFL,1/6/2025,536.1,554.8,536.1,554.0,1.28,38213.0,514.9,396.8
RLFL,1/7/2025,554.0,576.0,551.0,576.0,3.97,31900.0,514.9,396.8
RLFL,1/8/2025,576.0,630.0,576.0,618.0,7.29,78204.0,514.9,396.8
RLFL,1/9/2025,620.0,630.3,599.0,603.0,-2.43,76597.0,514.9,396.8
RLFL,1/12/2025,605.0,610.0,566.0,580.2,-3.78,37181.0,514.9,396.8
RLFL,1/13/2025,580.0,603.6,580.0,588.0,1.34,48177.0,514.9,396.8
RLFL,1/15/2025,578.0,596.0,565.1,568.0,-3.4,32279.0,514.9,396.8
RLFL,1/16/2025,558.6,580.0,523.7,525.0,-7.57,102902.0,514.9,396.8
RLFL,1/19/2025,520.0,551.0,520.0,542.0,3.24,74225.0,514.9,396.8
RLFL,1/20/2025,531.2,555.0,525.0,530.0,-2.21,43682.0,514.9,396.8
RLFL,1/21/2025,540.0,540.0,523.5,530.0,0.0,24012.0,514.9,396.8
RLFL,1/22/2025,535.1,539.0,525.0,530.0,0.0,46685.0,514.9,396.8
RLFL,1/23/2025,530.0,534.5,504.0,514.9,-2.85,73520.0,514.9,396.8
RLFL,1/26/2025,510.0,510.0,474.4,481.1,-6.56,112462.0,514.9,396.8
RLFL,1/27/2025,483.9,520.0,465.0,495.0,2.89,52877.0,514.9,396.8
RLFL,1/28/2025,500.0,516.0,488.0,505.0,2.02,42100.0,514.9,396.8
RLFL,2/2/2025,504.0,529.3,500.0,517.0,2.38,31586.0,514.9,396.8
RLFL,2/3/2025,526.0,527.0,501.0,510.0,-1.35,48009.0,514.9,396.8
RLFL,2/4/2025,509.0,520.0,498.0,499.0,-2.16,31722.0,514.9,396.8
RLFL,2/5/2025,505.0,533.0,495.1,528.0,5.81,61866.0,514.9,396.8
RLFL,2/6/2025,528.0,555.0,526.3,529.5,0.28,76887.0,514.9,396.8
RLFL,2/9/2025,535.9,543.9,515.0,531.0,0.28,46411.0,514.9,396.8
RLFL,2/10/2025,526.2,541.0,524.0,528.0,-0.56,31877.0,514.9,396.8
RLFL,2/11/2025,517.5,539.0,517.5,520.9,-1.34,37301.0,514.9,396.8
RLFL,2/12/2025,522.0,555.0,521.0,550.0,5.59,132347.0,514.9,396.8
RLFL,2/13/2025,539.0,596.0,539.0,583.0,6.0,145582.0,514.9,396.8
RLFL,2/16/2025,586.0,639.9,582.9,621.9,6.67,254488.0,514.9,396.8
RLFL,2/17/2025,634.3,682.9,634.3,666.0,7.09,368206.0,514.9,396.8
RLFL,2/18/2025,679.3,703.8,654.0,674.9,1.34,253041.0,514.9,396.8
RLFL,2/20/2025,688.0,688.0,653.0,655.0,-2.95,115949.0,514.9,396.8
RLFL,2/23/2025,642.0,683.0,607.6,659.9,0.75,229429.0,514.9,396.8
RLFL,2/24/2025,659.9,670.0,625.3,629.0,-4.68,175550.0,514.9,396.8
RLFL,2/25/2025,641.5,641.5,595.0,600.0,-4.61,138894.0,514.9,396.8
RLFL,2/27/2025,600.0,620.0,590.2,594.0,-1.0,164609.0,514.9,396.8
RLFL,3/2/2025,603.0,629.0,603.0,629.0,5.89,146340.0,514.9,396.8
RLFL,3/3/2025,641.1,641.1,605.8,613.5,-2.46,101603.0,514.9,396.8
RLFL,3/4/2025,625.7,625.7,595.0,599.0,-2.36,73745.0,514.9,396.8
RLFL,3/5/2025,610.0,610.0,580.0,585.0,-2.34,59522.0,514.9,396.8
RLFL,3/6/2025,577.0,590.0,577.0,583.0,-0.34,46667.0,514.9,396.8
RLFL,3/9/2025,594.3,594.3,564.0,565.0,-3.09,61982.0,514.9,396.8
RLFL,3/10/2025,575.9,585.0,565.2,570.0,0.88,44039.0,514.9,396.8
RLFL,3/11/2025,577.0,581.0,555.0,556.2,-2.42,45687.0,514.9,396.8
RLFL,3/12/2025,560.0,566.0,552.0,552.0,-0.76,32308.0,514.9,396.8
RLFL,3/16/2025,560.0,563.0,528.1,534.0,-3.26,51533.0,514.9,396.8
RLFL,3/17/2025,532.0,550.0,530.0,535.0,0.19,42939.0,514.9,396.8
RLFL,3/18/2025,543.0,545.0,535.0,539.0,0.75,14116.0,514.9,396.8
RLFL,3/19/2025,544.9,544.9,527.5,530.0,-1.67,21883.0,514.9,396.8
RLFL,3/20/2025,530.0,532.0,521.0,522.61,-1.39,25240.0,514.9,396.8
RLFL,3/23/2025,513.4,520.0,505.2,506.56,-3.07,26569.0,514.9,396.8
RLFL,3/24/2025,505.0,538.0,503.0,530.54,4.73,48561.0,514.9,396.8
RLFL,3/25/2025,541.1,541.1,505.0,509.47,-3.97,40515.0,514.9,396.8
RLFL,3/26/2025,499.3,530.0,499.3,525.46,3.14,20880.0,514.9,396.8
RLFL,3/27/2025,533.0,540.0,515.0,536.08,2.02,39791.0,514.9,396.8
RLFL,3/30/2025,528.1,555.0,525.0,546.89,2.02,50076.0,514.9,396.8
RLFL,4/1/2025,545.9,546.8,527.5,533.28,-2.49,27044.0,514.9,396.8
RLFL,4/2/2025,542.0,576.0,532.1,557.71,4.58,58554.0,514.9,396.8
RLFL,4/3/2025,564.9,570.0,543.0,546.97,-1.93,33086.0,514.9,396.8
RLFL,4/7/2025,543.0,547.9,525.0,525.89,-3.85,25891.0,514.9,396.8
RLFL,4/8/2025,535.0,536.0,514.1,533.32,1.41,32784.0,514.9,396.8
RLFL,4/9/2025,539.0,540.0,525.0,530.9,-0.45,17492.0,514.9,396.8
RLFL,4/10/2025,530.0,536.0,525.1,526.58,-0.81,17491.0,514.9,396.8
RLFL,4/13/2025,521.0,524.9,513.0,514.51,-2.29,33664.0,514.9,396.8
RLFL,4/15/2025,510.0,535.0,505.3,528.92,2.8,30454.0,514.9,396.8
RLFL,4/16/2025,534.9,538.0,520.1,520.76,-1.54,25769.0,514.9,396.8
RLFL,4/17/2025,515.0,538.0,510.5,525.56,0.92,28806.0,514.9,396.8
RLFL,4/20/2025,523.0,526.0,516.7,517.78,-1.48,16556.0,514.9,396.8
RLFL,4/21/2025,525.0,525.0,514.0,514.49,-0.64,16226.0,514.9,396.8
RLFL,4/22/2025,517.0,521.9,503.8,506.99,-1.46,26682.0,514.9,396.8
RLFL,4/23/2025,506.2,517.0,505.3,507.53,0.11,26669.0,514.9,396.8
RLFL,4/24/2025,510.0,515.0,501.0,505.94,-0.31,35453.0,514.9,396.8
RLFL,4/27/2025,513.0,513.0,497.0,497.75,-1.62,36684.0,514.9,396.8
RLFL,4/28/2025,500.0,525.0,500.0,504.34,1.32,16878.0,514.9,396.8
RLFL,4/29/2025,494.3,521.0,494.3,499.77,-0.91,17470.0,514.9,396.8
RLFL,4/30/2025,489.8,506.0,489.8,493.0,-1.35,23805.0,514.9,396.8
RLFL,5/4/2025,500.0,500.0,480.2,482.12,-2.21,33703.0,514.9,396.8
RLFL,5/5/2025,481.0,490.0,477.2,481.74,-0.08,13568.0,514.9,396.8
RLFL,5/6/2025,481.0,488.0,469.0,469.8,-2.48,29141.0,514.9,396.8
RLFL,5/7/2025,469.0,500.0,469.0,498.7,6.15,30416.0,514.9,396.8
RLFL,5/8/2025,503.0,533.5,487.1,517.39,3.75,48076.0,514.9,396.8
RLFL,5/11/2025,516.0,517.0,497.0,498.58,-3.64,19349.0,514.9,396.8
RLFL,5/13/2025,498.1,505.0,483.0,488.43,-2.04,16535.0,514.9,396.8
RLFL,5/14/2025,490.0,505.0,486.0,487.39,-0.21,12892.0,514.9,396.8
RLFL,5/15/2025,495.0,495.0,478.0,480.27,-1.46,18009.0,514.9,396.8
RLFL,5/18/2025,480.2,489.0,475.0,475.57,-0.98,17667.0,514.9,396.8
RLFL,5/19/2025,485.0,493.0,477.0,478.85,0.69,15053.0,514.9,396.8
RLFL,5/20/2025,484.9,495.0,476.1,491.52,2.65,25013.0,514.9,396.8
RLFL,5/21/2025,501.3,530.0,490.0,491.99,0.1,35747.0,514.9,396.8
RLFL,5/22/2025,497.0,500.0,485.0,489.09,-0.59,22515.0,514.9,396.8
RLFL,5/25/2025,496.5,496.5,482.0,487.32,-0.36,7850.0,514.9,396.8
RLFL,5/26/2025,496.0,514.0,482.0,483.34,-0.82,17319.0,514.9,396.8
RLFL,5/27/2025,480.0,488.0,475.0,476.35,-1.45,16018.0,514.9,396.8
RLFL,5/28/2025,483.0,483.0,473.5,479.41,0.64,10981.0,514.9,396.8
RLFL,6/2/2025,488.9,497.9,481.5,482.4,0.62,14025.0,514.9,396.8
RLFL,6/3/2025,489.6,489.6,478.0,478.05,-0.9,7997.0,514.9,396.8
RLFL,6/4/2025,475.0,484.5,468.5,471.8,-1.31,20461.0,514.9,396.8
RLFL,6/5/2025,479.9,479.9,465.5,467.59,-0.89,14500.0,514.9,396.8
RLFL,6/8/2025,472.0,475.3,462.0,463.47,-0.88,13046.0,514.9,396.8
RLFL,6/9/2025,472.0,472.0,463.0,467.28,0.82,14961.0,514.9,396.8
RLFL,6/10/2025,473.0,501.5,468.0,498.45,6.67,39259.0,514.9,396.8
RLFL,6/11/2025,505.0,505.0,482.0,483.47,-3.01,24332.0,514.9,396.8
RLFL,6/12/2025,487.9,500.0,475.0,485.38,0.4,31048.0,514.9,396.8
RLFL,6/15/2025,491.0,493.0,476.0,478.19,-1.48,23045.0,514.9,396.8
RLFL,6/16/2025,486.0,486.0,475.0,477.83,-0.08,10578.0,514.9,396.8
RLFL,6/17/2025,485.0,485.0,474.5,476.42,-0.3,9675.0,514.9,396.8
RLFL,6/18/2025,480.0,480.0,471.3,472.1,-0.91,11305.0,514.9,396.8
RLFL,6/19/2025,481.0,481.0,466.7,467.32,-1.01,23730.0,514.9,396.8
RLFL,6/22/2025,460.1,469.3,460.1,463.25,-0.87,14999.0,514.9,396.8
RLFL,6/23/2025,470.1,472.5,460.0,468.66,1.17,18468.0,514.9,396.8
RLFL,6/24/2025,476.0,476.0,461.3,463.32,-1.14,8091.0,514.9,396.8
RLFL,6/25/2025,461.1,467.8,460.0,460.69,-0.57,5817.0,514.9,396.8
RLFL,6/26/2025,461.1,465.0,457.0,458.17,-0.55,13662.0,514.9,396.8
RLFL,6/29/2025,457.4,465.0,453.0,462.36,0.91,11272.0,514.9,396.8
RLFL,6/30/2025,469.9,469.9,456.3,459.31,-0.66,3546.0,514.9,396.8
RLFL,7/1/2025,465.0,465.0,458.0,459.36,0.01,14280.0,514.9,396.8
RLFL,7/2/2025,466.0,477.9,464.2,470.8,2.49,28862.0,514.9,396.8
RLFL,7/3/2025,478.0,499.0,474.0,494.02,4.93,62761.0,514.9,396.8
RLFL,7/6/2025,500.0,525.0,489.0,505.23,2.27,86572.0,514.9,396.8
RLFL,7/7/2025,500.0,505.1,485.1,487.07,-3.59,32512.0,514.9,396.8
RLFL,7/8/2025,492.9,507.0,483.1,498.76,2.4,25584.0,514.9,396.8
RLFL,7/9/2025,500.0,500.0,490.0,491.66,-1.42,19060.0,514.9,396.8
RLFL,7/10/2025,499.0,507.0,492.2,494.25,0.53,40530.0,514.9,396.8
RLFL,7/13/2025,504.1,524.3,495.1,497.97,0.75,27831.0,514.9,396.8
RLFL,7/14/2025,492.0,498.0,488.0,493.12,-0.97,24259.0,514.9,396.8
RLFL,7/15/2025,495.0,510.0,493.0,505.86,2.58,41117.0,514.9,396.8
RLFL,7/16/2025,512.0,514.8,504.0,504.27,-0.31,26423.0,514.9,396.8
RLFL,7/17/2025,510.0,522.0,504.0,513.01,1.73,54812.0,514.9,396.8
RLFL,7/20/2025,514.0,520.0,503.0,504.83,-1.59,66692.0,514.9,396.8
RLFL,7/21/2025,509.9,510.0,500.0,502.29,-0.5,45187.0,514.9,396.8
RLFL,7/22/2025,497.0,519.0,497.0,516.88,2.9,47391.0,514.9,396.8
RLFL,7/23/2025,525.0,549.0,517.0,537.92,4.07,119873.0,514.9,396.8
RLFL,7/24/2025,548.0,548.0,529.0,530.98,-1.29,49371.0,514.9,396.8
RLFL,7/27/2025,540.0,541.0,515.0,518.75,-2.3,81429.0,514.9,396.8
RLFL,7/28/2025,520.0,540.6,511.0,539.61,4.02,78793.0,514.9,396.8
RLFL,7/29/2025,549.0,558.0,538.0,542.9,0.61,73009.0,514.9,396.8
RLFL,7/30/2025,552.0,552.0,522.1,524.65,-3.36,45505.0,514.9,396.8
RLFL,7/31/2025,515.0,548.0,515.0,524.83,0.03,53086.0,514.9,396.8
RLFL,8/3/2025,525.0,535.0,513.5,515.11,-1.85,37980.0,514.9,396.8
RLFL,8/4/2025,525.0,525.0,504.0,513.92,-0.23,34070.0,514.9,396.8
RLFL,8/5/2025,515.0,522.0,497.0,501.19,-2.48,34349.0,514.9,396.8
RLFL,8/6/2025,511.2,511.2,495.0,496.48,-0.94,33685.0,514.9,396.8
RLFL,8/7/2025,506.4,516.5,492.0,503.71,1.46,15141.0,514.9,396.8
RLFL,8/11/2025,513.0,513.0,493.0,493.72,-1.98,23862.0,514.9,396.8
RLFL,8/12/2025,494.0,500.0,484.1,485.38,-1.69,15580.0,514.9,396.8
RLFL,8/13/2025,495.0,495.0,482.0,484.42,-0.2,18815.0,514.9,396.8
RLFL,8/14/2025,494.0,498.0,481.0,483.56,-0.18,14626.0,514.9,396.8
RLFL,8/17/2025,490.0,493.0,480.0,481.38,-0.45,11861.0,514.9,396.8
RLFL,8/18/2025,491.0,491.0,481.0,482.86,0.31,17337.0,514.9,396.8
RLFL,8/19/2025,492.1,492.1,481.0,482.0,-0.18,15404.0,514.9,396.8
RLFL,8/20/2025,480.0,485.0,479.0,479.75,-0.47,13824.0,514.9,396.8
RLFL,8/21/2025,479.75,481.1,475.0,476.24,-0.73,9522.0,514.9,396.8
RLFL,8/24/2025,476.24,485.7,468.0,470.04,-1.3,12403.0,514.9,396.8
RLFL,8/25/2025,465.0,471.3,465.0,470.11,0.01,12779.0,514.9,396.8
RLFL,8/26/2025,475.0,475.0,468.0,471.47,0.29,3748.0,514.9,396.8
RLFL,8/27/2025,480.8,489.0,472.0,485.2,2.91,17222.0,514.9,396.8
RLFL,8/28/2025,491.8,491.8,472.0,472.56,-2.61,20367.0,514.9,396.8
RLFL,8/31/2025,479.0,479.0,463.0,464.85,-1.63,21556.0,514.9,396.8
RLFL,9/1/2025,468.0,469.0,459.7,466.64,0.39,7055.0,514.9,396.8
RLFL,9/2/2025,474.0,474.0,461.0,461.14,-1.18,13650.0,514.9,396.8
RLFL,9/3/2025,467.9,467.9,460.1,460.23,-0.2,10713.0,514.9,396.8
RLFL,9/4/2025,463.9,464.0,438.9,452.23,-1.74,14794.0,514.9,396.8
RLFL,9/7/2025,452.5,467.0,449.8,450.32,-0.42,12746.0,514.9,396.8
RLFL,9/8/2025,456.9,456.9,439.1,445.6,-1.05,18095.0,514.9,396.8
RLFL,9/18/2025,445.0,445.0,434.0,434.0,-2.6,295.0,514.9,396.8
RLFL,9/21/2025,425.4,455.0,420.0,452.41,4.24,25564.0,514.9,396.8
RLFL,9/23/2025,453.0,465.0,450.3,457.0,1.01,18081.0,514.9,396.8
RLFL,9/24/2025,450.0,455.0,449.0,450.0,-1.53,9385.0,514.9,396.8
RLFL,9/25/2025,445.2,452.0,445.2,448.0,-0.44,7695.0,514.9,396.8
RLFL,9/28/2025,453.0,453.0,447.0,448.0,0.0,3814.0,514.9,396.8
RLFL,10/7/2025,445.0,447.9,437.0,444.0,-0.89,9240.0,514.9,396.8
RLFL,10/8/2025,450.0,450.0,417.5,428.5,-3.49,21747.0,514.9,396.8
RLFL,10/9/2025,437.0,450.0,430.0,438.0,2.22,9497.0,514.9,396.8
RLFL,10/12/2025,438.0,442.9,414.1,418.0,-4.57,20667.0,514.9,396.8
RLFL,10/13/2025,418.0,429.9,402.0,422.0,0.96,10878.0,514.9,396.8
RLFL,10/14/2025,428.0,428.0,413.6,416.0,-1.42,7127.0,514.9,396.8
RLFL,10/15/2025,408.0,424.2,408.0,415.8,-0.05,6625.0,514.9,396.8
RLFL,10/16/2025,423.9,423.9,400.0,410.1,-1.37,6066.0,514.9,396.8
RLFL,10/19/2025,418.3,418.3,406.7,406.7,-0.83,5188.0,514.9,396.8
RLFL,10/26/2025,398.6,405.0,398.0,405.0,-0.42,11404.0,514.9,396.8
RLFL,10/28/2025,408.0,425.3,406.0,421.0,3.95,9413.0,514.9,396.8
RLFL,10/29/2025,426.0,434.9,415.1,420.0,-0.24,9730.0,514.9,396.8
RLFL,10/30/2025,424.0,426.0,408.0,422.9,0.69,19693.0,514.9,396.8
RLFL,11/2/2025,427.0,451.9,425.0,451.8,6.83,34877.0,514.9,396.8
RLFL,11/3/2025,451.0,461.0,439.0,441.3,-2.32,19759.0,514.9,396.8
RLFL,11/4/2025,433.0,452.0,430.1,435.0,-1.43,22586.0,514.9,396.8
RLFL,11/5/2025,443.7,452.0,425.1,451.0,3.68,24197.0,514.9,396.8
RLFL,11/6/2025,457.0,470.0,454.0,454.6,0.8,48435.0,514.9,396.8
RLFL,11/9/2025,446.0,446.2,436.0,438.0,-3.65,27575.0,514.9,396.8
RLFL,11/10/2025,435.0,438.7,428.0,435.0,-0.68,13885.0,514.9,396.8
RLFL,11/11/2025,439.0,439.0,427.3,431.9,-0.71,7850.0,514.9,396.8
RLFL,11/12/2025,435.0,435.0,425.0,427.0,-1.13,11883.0,514.9,396.8
RLFL,11/13/2025,426.0,429.9,424.0,428.5,0.35,7418.0,514.9,396.8
RLFL,11/16/2025,434.9,434.9,421.0,425.1,-0.79,4979.0,514.9,396.8
RLFL,11/17/2025,420.0,430.0,416.6,427.0,0.45,7112.0,514.9,396.8
RLFL,11/18/2025,431.0,438.9,425.2,427.3,0.07,9825.0,514.9,396.8
RLFL,11/19/2025,433.0,433.0,420.0,424.8,-0.59,7159.0,514.9,396.8
RLFL,11/20/2025,430.0,433.2,419.0,422.0,-0.66,13255.0,514.9,396.8
RLFL,11/23/2025,427.9,435.0,423.2,431.0,2.13,5608.0,514.9,396.8
RLFL,11/24/2025,436.9,442.0,433.0,442.0,2.55,7329.0,514.9,396.8
RLFL,11/25/2025,447.0,450.0,441.0,445.0,0.68,17048.0,514.9,396.8
RLFL,11/26/2025,451.0,451.0,437.0,440.0,-1.12,8117.0,514.9,396.8
RLFL,11/27/2025,439.0,439.0,427.0,434.0,-1.36,11386.0,514.9,396.8
RLFL,11/30/2025,438.0,439.0,423.5,424.0,-2.3,17162.0,514.9,396.8
RLFL,12/1/2025,428.0,434.9,424.0,427.0,0.71,9314.0,514.9,396.8
RLFL,12/2/2025,435.0,438.0,427.5,432.0,1.17,7226.0,514.9,396.8
RLFL,12/3/2025,435.0,450.0,435.0,441.0,2.08,52854.0,514.9,396.8
RLFL,12/7/2025,448.9,450.0,435.0,439.0,-0.45,18877.0,514.9,396.8
RLFL,12/8/2025,430.3,447.0,430.3,438.0,-0.23,12221.0,514.9,396.8
RLFL,12/9/2025,440.0,444.8,430.0,438.0,0.0,12733.0,514.9,396.8
RLFL,12/10/2025,443.0,443.0,428.0,428.0,-2.28,6854.0,514.9,396.8
RLFL,12/11/2025,432.0,432.0,421.4,427.5,-0.12,9789.0,514.9,396.8
RLFL,12/14/2025,425.0,432.0,416.6,417.1,-2.43,17950.0,514.9,396.8
RLFL,12/15/2025,410.5,425.0,410.5,418.0,0.22,20898.0,514.9,396.8
RLFL,12/16/2025,424.0,424.0,416.0,418.0,0.0,20940.0,514.9,396.8
RLFL,12/17/2025,418.3,431.0,418.0,423.0,1.2,30426.0,514.9,396.8
RLFL,12/18/2025,428.0,428.0,416.0,417.0,-1.42,24729.0,514.9,396.8
RLFL,12/21/2025,419.0,419.0,411.6,414.9,-0.5,12293.0,514.9,396.8
RLFL,12/22/2025,414.0,414.0,409.1,411.0,-0.94,7942.0,514.9,396.8
RLFL,12/23/2025,412.0,415.0,408.0,412.7,0.41,8420.0,514.9,396.8
RLFL,12/24/2025,417.9,417.9,406.0,407.3,-1.31,12069.0,514.9,396.8
RLFL,12/28/2025,413.0,420.0,408.1,420.0,3.12,20112.0,514.9,396.8
RLFL,12/29/2025,428.0,428.0,417.1,422.0,0.48,7295.0,514.9,396.8
RLFL,12/31/2025,425.0,430.4,419.0,423.9,0.45,17935.0,514.9,396.8
RLFL,1/1/2026,428.0,428.0,415.0,417.0,-1.63,7316.0,514.9,396.8
RLFL,1/4/2026,417.9,418.0,411.0,413.3,-0.89,7013.0,514.9,396.8
RLFL,1/5/2026,417.4,417.4,410.5,416.3,0.73,10689.0,514.9,396.8
RLFL,1/6/2026,422.0,433.0,422.0,430.0,3.29,42235.0,514.9,396.8
RLFL,1/7/2026,438.6,438.6,426.0,429.0,-0.23,24130.0,514.9,396.8
RLFL,1/8/2026,426.0,428.0,420.5,427.0,-0.47,12190.0,514.9,396.8
RLFL,1/12/2026,430.0,430.0,420.1,423.3,-0.87,9491.0,514.9,396.8
RLFL,1/13/2026,425.0,425.0,418.0,425.0,0.4,11414.0,514.9,396.8
RLFL,1/14/2026,418.2,438.0,418.2,429.5,1.06,32770.0,514.9,396.8
RLFL,1/18/2026,425.7,452.0,425.7,446.4,3.93,60268.0,514.9,396.8
RLFL,1/20/2026,453.0,464.0,449.0,452.3,1.32,68203.0,514.9,396.8
RLFL,1/21/2026,450.0,461.0,440.0,447.8,-0.99,61242.0,514.9,396.8
RLFL,1/22/2026,454.0,461.0,442.0,452.2,0.98,47651.0,514.9,396.8
RLFL,1/25/2026,461.2,497.4,461.2,497.4,10.0,161415.0,514.9,396.8
RLFL,1/26/2026,507.0,507.0,478.0,487.3,-2.03,110082.0,514.9,396.8
RLFL,1/27/2026,490.0,496.0,463.8,467.0,-4.17,66053.0,514.9,396.8
RLFL,1/28/2026,465.0,485.5,462.0,477.1,2.16,64337.0,514.9,396.8
RLFL,1/29/2026,471.0,484.5,460.0,464.9,-2.56,48980.0,514.9,396.8
RLFL,2/1/2026,464.9,490.0,460.2,465.0,0.02,30206.0,514.9,396.8
RLFL,2/2/2026,473.0,474.0,456.0,460.0,-1.08,18188.0,514.9,396.8
RLFL,2/3/2026,468.0,468.0,451.0,452.2,-1.7,25924.0,514.9,396.8
RLFL,2/4/2026,459.0,465.0,450.2,458.3,1.35,30319.0,514.9,396.8
RLFL,2/5/2026,459.0,465.0,450.0,458.0,-0.07,26614.0,514.9,396.8
RLFL,2/8/2026,467.0,478.3,459.6,464.0,1.31,64074.0,514.9,396.8
RLFL,2/9/2026,473.0,473.0,452.0,459.0,-1.08,23252.0,514.9,396.8
RLFL,2/10/2026,468.0,468.0,447.0,450.2,-1.92,20768.0,514.9,396.8
RLFL,2/11/2026,459.2,465.0,441.0,447.0,-0.71,22443.0,514.9,396.8
RLFL,2/12/2026,445.0,472.0,445.0,461.1,3.15,57324.0,514.9,396.8
RLFL,2/16/2026,470.3,478.0,455.0,458.6,-0.54,17267.0,514.9,396.8
RLFL,2/17/2026,467.7,467.7,447.0,447.0,-2.53,22954.0,514.9,396.8
RLFL,2/22/2026,455.9,455.9,435.0,436.3,-2.39,12343.0,514.9,396.8
RLFL,2/23/2026,445.0,447.0,434.0,446.8,2.41,9802.0,514.9,396.8
RLFL,2/24/2026,455.7,455.7,439.0,449.8,0.67,7781.0,514.9,396.8
RLFL,2/25/2026,458.7,458.7,440.0,449.0,-0.18,8399.0,514.9,396.8
RLFL,2/26/2026,452.9,452.9,442.0,446.9,-0.47,5513.0,514.9,396.8
RLFL,2/27/2026,452.9,452.9,442.0,446.9,0.0,5513.0,514.9,396.8
RLFL,2/28/2026,452.9,452.9,442.0,446.9,0.0,5513.0,514.9,396.8
RLFL,3/2/2026,445.0,458.6,444.0,455.0,1.81,25584.0,514.9,396.8
RLFL,3/3/2026,455.0,467.0,455.0,460.0,1.1,25175.0,514.9,396.8
RLFL,3/4/2026,455.0,467.0,455.0,460.0,0.0,25175.0,514.9,396.8
RLFL,3/5/2026,455.0,467.0,455.0,460.0,0.0,25175.0,514.9,396.8
RLFL,3/6/2026,455.0,467.0,455.0,460.0,0.0,25175.0,514.9,396.8
RLFL,3/7/2026,455.0,467.0,455.0,460.0,0.0,25175.0,514.9,396.8
RLFL,3/8/2026,455.0,467.0,455.0,460.0,0.0,25175.0,514.9,396.8
RLFL,3/9/2026,469.2,503.0,469.2,495.0,7.61,583.0,514.9,396.8
RLFL,3/10/2026,490.0,499.8,471.0,487.0,-1.62,79610.0,514.9,396.8
RLFL,3/11/2026,480.2,489.0,469.0,473.0,-2.87,27649.0,514.9,396.8
RLFL,3/12/2026,473.0,482.0,464.1,478.0,1.06,29916.0,514.9,396.8
RLFL,3/13/2026,473.0,482.0,464.1,478.0,0.0,29916.0,514.9,396.8
RLFL,3/14/2026,473.0,482.0,464.1,478.0,0.0,29916.0,514.9,396.8
RLFL,3/15/2026,487.0,487.0,475.0,481.0,0.63,32753.0,514.9,396.8
RLFL,3/16/2026,481.0,481.9,470.0,474.0,-1.46,32473.0,514.9,396.8
RLFL,3/17/2026,470.0,474.0,467.1,472.0,-0.42,17173.0,514.9,396.8
RLFL,3/18/2026,470.0,474.0,467.1,472.0,0.0,17173.0,514.9,396.8
RLFL,3/19/2026,480.0,488.0,477.8,487.0,3.18,36363.0,514.9,396.8
RLFL,3/20/2026,480.0,488.0,477.8,487.0,0.0,36363.0,514.9,396.8
RLFL,3/21/2026,480.0,488.0,477.8,487.0,0.0,36363.0,514.9,396.8
RLFL,3/22/2026,496.7,505.9,488.1,501.7,3.02,93798.0,514.9,396.8
RLFL,3/23/2026,510.0,511.0,492.2,499.9,-0.36,52386.0,514.9,396.8
RLFL,3/24/2026,493.0,510.0,491.0,508.0,1.62,42092.0,514.9,396.8
RLFL,3/25/2026,514.9,514.9,490.0,493.0,-2.95,59939.0,514.9,396.8
RLFL,3/26/2026,500.0,500.0,488.0,493.0,-1.4,22183.0,514.9,396.8
RLFL,3/29/2026,500.0,500.0,472.0,472.9,-5.42,44030.0,514.9,396.8
RLFL,3/30/2026,482.3,482.3,458.0,470.0,-2.55,40316.0,514.9,396.8
RLFL,3/31/2026,479.4,479.4,460.3,472.9,-1.36,20433.0,514.9,396.8
RLFL,4/1/2026,482.3,482.3,452.0,455.0,-5.66,27231.0,514.9,396.8
RLFL,4/2/2026,464.1,464.1,445.9,448.0,-3.47,28371.0,514.9,396.8
RLFL,4/5/2026,439.1,454.0,423.0,425.0,-3.21,33540.0,514.9,396.8
RLFL,4/6/2026,433.5,459.5,424.9,447.0,3.11,26079.0,514.9,396.8
RLFL,4/7/2026,455.9,455.9,436.0,437.0,-4.15,14601.0,514.9,396.8
RLFL,4/8/2026,443.0,452.0,441.0,447.0,0.9,13035.0,514.9,396.8
RLFL,4/9/2026,455.9,467.0,450.0,455.5,-0.09,34833.0,514.9,396.8
RLFL,4/10/2026,463.8,463.8,447.1,457.9,-1.27,15729.0,514.9,396.8
RLFL,4/13/2026,467.0,467.0,448.0,455.5,-2.46,8357.0,514.9,396.8
RLFL,4/15/2026,455.0,471.0,450.0,464.0,1.98,22644.0,514.9,396.8
RLFL,4/16/2026,458.0,460.7,450.0,452.0,-1.31,13852.0,514.9,396.8
RLFL,4/17/2026,456.0,461.0,443.0,448.9,-1.56,13444.0,514.9,396.8
RLFL,4/20/2026,455.0,456.0,443.0,446.0,-1.98,2764.0,514.9,396.8
RLFL,4/21/2026,442.0,450.0,441.0,442.3,0.07,5944.0,514.9,396.8
RLFL,4/22/2026,446.0,449.9,423.0,444.0,-0.45,30044.0,514.9,396.8
RLFL,4/23/2026,452.0,452.0,434.6,438.9,-2.9,3450.0,514.9,396.8
RLFL,4/24/2026,460.8,460.8,425.0,430.0,-6.68,10579.0,514.9,396.8
RLFL,4/27/2026,430.0,441.0,430.0,437.0,1.63,8417.0,514.9,396.8
RLFL,4/28/2026,437.0,445.0,432.0,433.0,-0.92,5624.0,514.9,396.8
RLFL,4/29/2026,433.0,437.0,417.1,428.0,-1.15,29100.0,514.9,396.8
RLFL,4/30/2026,421.0,433.0,421.0,430.0,2.14,5328.0,514.9,396.8
RLFL,5/4/2026,430.0,433.0,423.2,430.8,0.19,12025.0,514.9,396.8
RLFL,5/5/2026,428.0,432.0,425.0,425.0,-0.7,4687.0,514.9,396.8
RLFL,5/6/2026,433.0,433.0,425.2,425.5,-1.73,4734.0,514.9,396.8
RLFL,5/7/2026,425.0,428.8,423.0,428.8,0.89,8724.0,514.9,396.8
RLFL,5/8/2026,423.0,434.0,423.0,434.0,2.6,10578.0,514.9,396.8
RLFL,5/11/2026,430.1,444.0,430.1,441.9,2.74,7165.0,514.9,396.8
RLFL,5/12/2026,448.0,448.5,429.0,430.5,-3.91,17882.0,514.9,396.8
RLFL,5/13/2026,430.0,435.0,425.0,434.0,0.93,3959.0,514.9,396.8
RLFL,5/14/2026,427.0,435.0,427.0,430.0,0.7,3435.0,514.9,396.8
RLFL,5/15/2026,427.0,439.7,427.0,431.0,0.94,4057.0,514.9,396.8
RLFL,5/18/2026,437.0,437.0,425.3,436.0,-0.23,1994.0,514.9,396.8
RLFL,5/19/2026,442.9,442.9,427.1,431.5,-2.57,1478.0,514.9,396.8
RLFL,5/20/2026,432.0,438.0,426.2,436.0,0.93,7314.0,514.9,396.8
RLFL,5/21/2026,435.0,439.9,430.3,437.9,0.67,4240.0,514.9,396.8
RLFL,5/22/2026,439.8,439.8,430.0,438.9,-0.2,2688.0,514.9,396.8
RLFL,5/25/2026,430.0,447.0,430.0,444.9,3.47,16231.0,514.9,396.8
RLFL,5/26/2026,454.9,454.9,439.2,442.5,-2.73,3991.0,514.9,396.8
RLFL,5/27/2026,444.9,445.0,434.0,436.2,-1.96,10965.0,514.9,396.8
RLFL,6/1/2026,443.8,443.9,430.0,432.0,-2.66,2109.0,514.9,396.8
RLFL,6/2/2026,439.0,470.0,439.0,469.0,6.83,101831.0,514.9,396.8
RLFL,6/3/2026,480.0,482.0,456.0,468.0,-2.5,64984.0,514.9,396.8
RLFL,6/4/2026,475.0,489.0,465.0,465.4,-2.02,70172.0,514.9,396.8
RLFL,6/5/2026,470.0,501.0,468.0,494.5,5.21,202534.0,514.9,396.8
RLFL,6/8/2026,500.0,513.4,495.0,499.0,-0.2,153342.0,514.9,396.8
RLFL,6/9/2026,491.0,505.0,476.2,494.0,0.61,73944.0,514.9,396.8
RLFL,6/10/2026,505.0,505.0,486.0,490.0,-2.97,97594.0,514.9,396.8
RLFL,6/11/2026,480.0,487.5,470.0,471.0,-1.88,36801.0,514.9,396.8
RLFL,6/12/2026,471.0,480.0,465.0,465.3,-1.21,27977.0,514.9,396.8
RLFL,6/15/2026,450.0,474.0,450.0,455.0,1.11,34195.0,514.9,396.8
RLFL,6/16/2026,460.0,468.6,457.0,463.9,0.85,21446.0,514.9,396.8
RLFL,6/17/2026,487.0,487.0,455.0,458.8,-5.79,30160.0,514.9,396.8
RLFL,6/18/2026,455.0,463.0,453.2,459.9,1.08,13939.0,514.9,396.8
RLFL,6/19/2026,437.0,490.8,437.0,490.8,12.31,113279.0,514.9,396.8
RLFL,6/22/2026,470.0,496.0,470.0,480.0,2.13,43187.0,514.9,396.8
RLFL,6/23/2026,504.0,504.0,476.2,487.0,-3.37,83792.0,514.9,396.8
RLFL,6/24/2026,462.7,507.5,462.7,499.0,7.85,200470.0,514.9,396.8
RLFL,6/26/2026,489.0,495.0,476.5,481.9,-1.45,53781.0,514.9,396.8
RLFL,6/29/2026,488.0,488.0,465.0,469.0,-3.89,45312.0,514.9,396.8
RLFL,6/30/2026,462.0,475.8,460.0,460.9,-0.24,55032.0,514.9,396.8
RLFL,7/1/2026,461.1,475.0,460.0,475.0,3.01,67406.0,514.9,396.8
RLFL,7/2/2026,467.3,473.9,456.0,469.7,0.51,45907.0,514.9,396.8
RLFL,7/3/2026,469.1,482.0,465.6,474.9,1.24,71755.0,514.9,396.8
RLFL,7/6/2026,475.9,480.0,462.2,472.0,-0.82,31089.0,514.9,396.8
RLFL,7/7/2026,464.1,474.0,463.0,467.9,0.82,19594.0,514.9,396.8
RLFL,7/8/2026,470.9,470.9,455.0,463.0,-1.68,22973.0,514.9,396.8
RLFL,7/9/2026,439.9,465.9,439.9,463.3,5.32,20070.0,514.9,396.8
RLFL,7/10/2026,467.7,467.7,450.1,459.7,-1.71,25717.0,514.9,396.8
RLFL,7/13/2026,464.0,464.0,442.0,450.0,-3.02,19127.0,514.9,396.8
RLFL,7/14/2026,450.0,454.0,440.0,451.0,0.22,12621.0,514.9,396.8
RLFL,7/15/2026,440.0,460.0,440.0,454.9,3.39,25070.0,514.9,396.8
RLFL,7/16/2026,459.0,467.5,448.3,450.0,-1.96,31854.0,514.9,396.8
RLFL,7/17/2026,462.0,471.0,455.6,470.0,1.73,31609.0,514.9,396.8
RLFL,7/20/2026,470.0,477.8,465.5,475.0,1.06,42873.0,514.9,396.8
RLFL,7/21/2026,470.0,484.0,465.0,465.2,-1.02,50923.0,514.9,396.8
RLFL,7/22/2026,470.0,482.0,466.3,473.0,0.64,57262.0,514.9,396.8
RLFL,7/23/2026,490.0,490.0,460.0,479.0,-2.24,32135.0,514.9,396.8
RLFL,7/24/2026,500.0,500.0,471.0,471.0,-5.8,46706.0,514.9,396.8
RLFL,7/27/2026,484.0,484.0,465.1,469.0,-3.1,52582.0,514.9,396.8
RLFL,7/28/2026,474.0,474.0,463.0,470.0,-0.84,19694.0,514.9,396.8
RLFL,7/29/2026,462.6,472.9,462.6,463.0,0.09,13545.0,514.9,396.8
RLFL,7/30/2026,470.9,470.9,457.0,465.0,-1.25,13971.0,514.9,396.8
RLFL,7/31/2026,460.0,469.5,459.0,465.0,1.09,11226.0,514.9,396.8
RLFL,8/3/2026,469.6,470.7,460.0,466.8,-0.6,14449.0,514.9,396.8
RLFL,8/4/2026,466.8,469.0,460.0,468.9,0.45,43231.0,514.9,396.8
RLFL,8/5/2026,492.3,492.3,457.0,459.9,-6.58,37185.0,514.9,396.8
RLFL,8/6/2026,469.0,469.0,450.1,457.0,-2.56,13466.0,514.9,396.8
RLFL,8/7/2026,465.0,465.0,452.2,452.6,-2.67,10292.0,514.9,396.8
RLFL,8/10/2026,462.8,462.8,445.7,447.0,-3.41,32466.0,514.9,396.8
RLFL,8/11/2026,457.9,457.9,446.0,446.0,-2.6,11787.0,514.9,396.8
RLFL,8/12/2026,452.9,455.0,443.0,448.9,-0.88,27609.0,514.9,396.8
RLFL,8/13/2026,426.5,465.5,426.5,449.0,5.28,16401.0,514.9,396.8
RLFL,8/14/2026,442.1,476.0,442.0,449.0,1.56,17082.0,514.9,396.8
RLFL,8/17/2026,455.0,455.0,441.8,442.0,-2.86,13135.0,514.9,396.8
RLFL,8/18/2026,449.0,449.4,432.0,441.9,-1.58,31193.0,514.9,396.8
RLFL,8/19/2026,419.9,452.8,419.9,443.0,5.5,8191.0,514.9,396.8
RLFL,8/20/2026,433.1,441.0,425.0,436.0,0.67,11299.0,514.9,396.8
RLFL,8/21/2026,438.9,444.9,434.2,435.0,-0.89,15773.0,514.9,396.8
RLFL,8/24/2026,442.0,442.0,432.5,433.0,-2.04,34855.0,514.9,396.8
RLFL,8/25/2026,439.9,439.9,428.8,431.0,-2.02,7865.0,514.9,396.8
RLFL,8/26/2026,436.0,436.0,421.5,427.0,-2.06,20684.0,514.9,396.8
RLFL,8/27/2026,437.0,437.0,415.0,430.0,-1.6,16321.0,514.9,396.8
RLFL,8/31/2026,434.9,434.9,411.2,414.9,-4.6,13700.0,514.9,396.8
RLFL,9/1/2026,423.0,424.0,412.0,419.8,-0.76,7320.0,514.9,396.8
RLFL,9/2/2026,426.0,429.0,416.2,420.9,-1.2,7599.0,514.9,396.8
RLFL,9/3/2026,424.0,430.0,418.1,418.1,-1.39,7707.0,514.9,396.8
RLFL,9/7/2026,415.0,427.9,415.0,424.0,2.17,5708.0,514.9,396.8
RLFL,9/9/2026,416.0,426.8,410.2,421.4,1.3,29040.0,514.9,396.8
RLFL,9/10/2026,416.0,421.9,412.0,415.9,-0.02,11533.0,514.9,396.8
RLFL,9/11/2026,420.0,420.0,410.0,419.0,-0.24,11241.0,514.9,396.8
RLFL,9/14/2026,424.9,432.0,420.0,432.0,1.67,30669.0,514.9,396.8
RLFL,9/15/2026,445.0,450.0,432.1,439.0,-1.35,51905.0,514.9,396.8
RLFL,9/16/2026,439.0,443.8,426.0,428.0,-2.51,10450.0,514.9,396.8
RLFL,9/17/2026,449.4,449.4,425.0,431.5,-3.98,14890.0,514.9,396.8
RLFL,9/18/2026,425.0,433.0,425.0,427.0,0.47,15374.0,514.9,396.8
RLFL,9/22/2026,424.0,436.0,422.0,422.0,-0.47,17564.0,514.9,396.8
RLFL,9/23/2026,443.1,443.1,418.0,422.9,-4.56,15075.0,514.9,396.8
RLFL,9/24/2026,401.8,426.4,401.8,424.0,5.53,7669.0,514.9,396.8
RLFL,9/28/2026,402.8,428.0,402.8,419.7,4.2,18310.0,514.9,396.8
RLFL,9/29/2026,440.6,440.6,411.0,0.0,-100.0,3359.0,514.9,396.8
RLFL,9/30/2026,396.8,429.9,396.8,416.0,4.84,7302.0,514.9,396.8
RLFL,10/1/2026,410.0,423.0,408.3,416.1,1.49,10359.0,514.9,396.8
RLFL,10/2/2026,415.0,424.0,410.0,419.4,1.06,5985.0,514.9,396.8
RLFLPO,1/5/2026,274.0,274.0,274.0,274.0,,22632.0,303.0,268.6
RLFLPO,2/25/2026,274.0,274.0,274.0,274.0,0.0,3000.0,303.0,268.6
RLFLPO,4/8/2026,268.6,268.6,268.6,268.6,0.0,11000.0,303.0,268.6
RLI,9/9/2020,346.0,374.0,346.0,374.0,,230.0,818.0,310.0
RLI,9/10/2020,392.0,411.0,392.0,411.0,9.89,610.0,818.0,310.0
RLI,9/13/2020,423.0,452.0,423.0,452.0,9.98,810.0,818.0,310.0
RLI,9/14/2020,474.0,497.0,474.0,497.0,9.96,1250.0,818.0,310.0
RLI,9/15/2020,521.0,546.0,521.0,546.0,9.86,2980.0,818.0,310.0
RLI,9/16/2020,573.0,600.0,573.0,600.0,9.89,18390.0,818.0,310.0
RLI,9/17/2020,630.0,660.0,630.0,660.0,10.0,52531.0,818.0,310.0
RLI,9/20/2020,693.0,726.0,660.0,665.0,0.76,281168.0,818.0,310.0
RLI,9/21/2020,665.0,665.0,623.0,640.0,-3.76,203152.0,818.0,310.0
RLI,9/22/2020,635.0,637.0,625.0,630.0,-1.56,112770.0,818.0,310.0
RLI,9/23/2020,600.0,668.0,600.0,662.0,5.08,70575.0,818.0,310.0
RLI,9/24/2020,631.0,669.0,631.0,649.0,-1.96,55191.0,818.0,310.0
RLI,9/27/2020,618.0,665.0,618.0,636.0,-2.0,43591.0,818.0,310.0
RLI,9/28/2020,636.0,643.0,630.0,631.0,-0.79,31320.0,818.0,310.0
RLI,9/29/2020,631.0,635.0,625.0,626.0,-0.79,30275.0,818.0,310.0
RLI,9/30/2020,624.0,626.0,617.0,621.0,-0.8,36350.0,818.0,310.0
RLI,10/1/2020,620.0,647.0,615.0,630.0,1.45,47051.0,818.0,310.0
RLI,10/4/2020,633.0,640.0,624.0,625.0,-0.79,44110.0,818.0,310.0
RLI,10/5/2020,630.0,630.0,611.0,625.0,0.0,36105.0,818.0,310.0
RLI,10/6/2020,630.0,630.0,618.0,620.0,-0.8,36439.0,818.0,310.0
RLI,10/7/2020,620.0,630.0,616.0,618.0,-0.32,26615.0,818.0,310.0
RLI,10/8/2020,618.0,624.0,614.0,615.0,-0.49,46551.0,818.0,310.0
RLI,10/11/2020,610.0,615.0,607.0,608.0,-1.14,29873.0,818.0,310.0
RLI,10/12/2020,608.0,618.0,603.0,608.0,0.0,28035.0,818.0,310.0
RLI,10/13/2020,605.0,610.0,605.0,606.0,-0.33,18610.0,818.0,310.0
RLI,10/14/2020,602.0,606.0,599.0,601.0,-0.83,28238.0,818.0,310.0
RLI,10/15/2020,604.0,608.0,599.0,600.0,-0.17,22030.0,818.0,310.0
RLI,10/18/2020,612.0,612.0,592.0,593.0,-1.17,19653.0,818.0,310.0
RLI,10/19/2020,591.0,600.0,588.0,598.0,0.84,13786.0,818.0,310.0
RLI,10/20/2020,598.0,612.0,590.0,603.0,0.84,10145.0,818.0,310.0
RLI,10/21/2020,603.0,610.0,600.0,603.0,0.0,11598.0,818.0,310.0
RLI,10/22/2020,603.0,605.0,597.0,600.0,-0.5,15776.0,818.0,310.0
RLI,10/28/2020,600.0,600.0,592.0,598.0,-0.33,22855.0,818.0,310.0
RLI,10/29/2020,595.0,600.0,590.0,592.0,-1.0,26470.0,818.0,310.0
RLI,11/1/2020,595.0,595.0,587.0,588.0,-0.68,28986.0,818.0,310.0
RLI,11/2/2020,588.0,588.0,580.0,582.0,-1.02,33423.0,818.0,310.0
RLI,11/3/2020,585.0,590.0,572.0,589.0,1.2,24904.0,818.0,310.0
RLI,11/4/2020,590.0,593.0,582.0,584.0,-0.85,17620.0,818.0,310.0
RLI,11/5/2020,584.0,585.0,579.0,581.0,-0.51,25734.0,818.0,310.0
RLI,11/8/2020,600.0,610.0,590.0,593.0,2.07,48860.0,818.0,310.0
RLI,11/9/2020,591.0,600.0,591.0,591.0,-0.34,28945.0,818.0,310.0
RLI,11/10/2020,592.0,615.0,591.0,613.0,3.72,57450.0,818.0,310.0
RLI,11/11/2020,619.0,619.0,610.0,611.0,-0.33,24171.0,818.0,310.0
RLI,11/12/2020,611.0,612.0,599.0,604.0,-1.15,29095.0,818.0,310.0
RLI,11/18/2020,604.0,614.0,593.0,613.0,1.49,24030.0,818.0,310.0
RLI,11/19/2020,620.0,624.0,607.0,614.0,0.16,78505.0,818.0,310.0
RLI,11/22/2020,614.0,627.0,600.0,603.0,-1.79,53222.0,818.0,310.0
RLI,11/23/2020,603.0,614.0,598.0,599.0,-0.66,30067.0,818.0,310.0
RLI,11/24/2020,593.0,617.0,593.0,613.0,2.34,43740.0,818.0,310.0
RLI,11/25/2020,620.0,624.0,612.0,620.0,1.14,62829.0,818.0,310.0
RLI,11/26/2020,620.0,629.0,614.0,615.0,-0.81,67091.0,818.0,310.0
RLI,11/29/2020,610.0,621.0,605.0,610.0,-0.81,36133.0,818.0,310.0
RLI,11/30/2020,615.0,652.0,606.0,633.0,3.77,89177.0,818.0,310.0
RLI,12/1/2020,664.0,680.0,631.0,673.0,6.32,202285.0,818.0,310.0
RLI,12/2/2020,706.0,706.0,664.0,688.0,2.23,87335.0,818.0,310.0
RLI,12/3/2020,680.0,700.0,657.0,665.0,-3.34,67757.0,818.0,310.0
RLI,12/6/2020,695.0,695.0,619.0,619.0,-6.92,59166.0,818.0,310.0
RLI,12/7/2020,619.0,650.0,615.0,642.0,3.72,55654.0,818.0,310.0
RLI,12/8/2020,645.0,653.0,630.0,630.0,-1.87,37058.0,818.0,310.0
RLI,12/9/2020,661.0,661.0,620.0,621.0,-1.43,28625.0,818.0,310.0
RLI,12/10/2020,612.0,635.0,612.0,623.0,0.32,20555.0,818.0,310.0
RLI,12/13/2020,616.0,637.0,616.0,629.0,0.96,30175.0,818.0,310.0
RLI,12/14/2020,629.0,654.0,629.0,646.0,2.7,45075.0,818.0,310.0
RLI,12/15/2020,614.0,656.0,614.0,638.0,-1.24,32645.0,818.0,310.0
RLI,12/16/2020,638.0,644.0,630.0,639.0,0.16,24292.0,818.0,310.0
RLI,12/17/2020,630.0,637.0,628.0,629.0,-1.56,26434.0,818.0,310.0
RLI,12/20/2020,629.0,635.0,595.0,600.0,-4.61,55209.0,818.0,310.0
RLI,12/21/2020,590.0,620.0,570.0,605.0,0.83,36626.0,818.0,310.0
RLI,12/22/2020,610.0,622.0,605.0,618.0,2.15,43722.0,818.0,310.0
RLI,12/23/2020,620.0,640.0,611.0,615.0,-0.49,27099.0,818.0,310.0
RLI,12/24/2020,610.0,618.0,604.0,612.0,-0.49,16393.0,818.0,310.0
RLI,12/27/2020,613.0,618.0,608.0,610.0,-0.33,18373.0,818.0,310.0
RLI,12/28/2020,605.0,614.0,601.0,610.0,0.0,14580.0,818.0,310.0
RLI,12/29/2020,602.0,611.0,601.0,602.0,-1.31,22450.0,818.0,310.0
RLI,12/30/2020,602.0,610.0,596.0,600.0,-0.33,26357.0,818.0,310.0
RLI,12/31/2020,598.0,609.0,598.0,601.0,0.17,24999.0,818.0,310.0
RLI,1/3/2021,610.0,630.0,610.0,614.0,2.16,37151.0,818.0,310.0
RLI,1/4/2021,620.0,625.0,608.0,609.0,-0.81,19670.0,818.0,310.0
RLI,1/5/2021,605.0,614.0,605.0,608.0,-0.16,20194.0,818.0,310.0
RLI,1/6/2021,608.0,620.0,605.0,610.0,0.33,23920.0,818.0,310.0
RLI,1/7/2021,610.0,622.0,610.0,617.0,1.15,30580.0,818.0,310.0
RLI,1/10/2021,625.0,637.0,617.0,619.0,0.32,33857.0,818.0,310.0
RLI,1/11/2021,625.0,630.0,620.0,625.0,0.97,28788.0,818.0,310.0
RLI,1/12/2021,625.0,635.0,621.0,632.0,1.12,26713.0,818.0,310.0
RLI,1/13/2021,636.0,644.0,634.0,637.0,0.79,34475.0,818.0,310.0
RLI,1/17/2021,638.0,643.0,632.0,632.0,-0.78,27622.0,818.0,310.0
RLI,1/18/2021,632.0,644.0,632.0,634.0,0.32,31038.0,818.0,310.0
RLI,1/19/2021,634.0,640.0,625.0,626.0,-1.26,29370.0,818.0,310.0
RLI,1/20/2021,630.0,634.0,620.0,629.0,0.48,27486.0,818.0,310.0
RLI,1/21/2021,625.0,635.0,625.0,630.0,0.16,53481.0,818.0,310.0
RLI,1/24/2021,640.0,693.0,637.0,676.0,7.3,150026.0,818.0,310.0
RLI,1/25/2021,676.0,712.0,667.0,671.0,-0.74,104925.0,818.0,310.0
RLI,1/26/2021,671.0,684.0,657.0,657.0,-2.09,42809.0,818.0,310.0
RLI,1/27/2021,689.0,689.0,652.0,660.0,0.46,46278.0,818.0,310.0
RLI,1/28/2021,665.0,682.0,657.0,668.0,1.21,111402.0,818.0,310.0
RLI,1/31/2021,666.0,670.0,653.0,653.0,-2.25,56902.0,818.0,310.0
RLI,2/1/2021,655.0,680.0,655.0,677.0,3.68,76053.0,818.0,310.0
RLI,2/2/2021,681.0,744.0,680.0,744.0,9.9,117975.0,818.0,310.0
RLI,2/3/2021,781.0,818.0,744.0,775.0,4.17,236202.0,818.0,310.0
RLI,2/4/2021,775.0,789.0,746.0,765.0,-1.29,84749.0,818.0,310.0
RLI,2/7/2021,770.0,777.0,750.0,773.0,1.05,99113.0,818.0,310.0
RLI,2/8/2021,780.0,815.0,772.0,785.0,1.55,106508.0,818.0,310.0
RLI,2/9/2021,786.0,790.0,760.0,772.0,-1.66,55942.0,818.0,310.0
RLI,2/10/2021,770.0,770.0,758.0,761.0,-1.42,41477.0,818.0,310.0
RLI,2/11/2021,761.0,765.0,736.0,736.0,-3.29,52942.0,818.0,310.0
RLI,2/14/2021,740.0,755.0,725.0,726.0,-1.36,53031.0,818.0,310.0
RLI,2/15/2021,762.0,774.0,736.0,760.0,4.68,51815.0,818.0,310.0
RLI,2/16/2021,760.0,770.0,740.0,745.0,-1.97,28140.0,818.0,310.0
RLI,2/17/2021,731.0,746.0,730.0,735.0,-1.34,33883.0,818.0,310.0
RLI,2/18/2021,770.0,770.0,722.0,725.0,-1.36,39759.0,818.0,310.0
RLI,2/21/2021,740.0,740.0,716.0,720.0,-0.69,33068.0,818.0,310.0
RLI,2/22/2021,715.0,720.0,703.0,709.0,-1.53,51414.0,818.0,310.0
RLI,2/23/2021,704.0,705.0,684.0,693.0,-2.26,57862.0,818.0,310.0
RLI,2/24/2021,695.0,727.0,695.0,710.0,2.45,31850.0,818.0,310.0
RLI,2/25/2021,710.0,724.0,700.0,701.0,-1.27,25784.0,818.0,310.0
RLI,2/28/2021,701.0,701.0,677.0,679.0,-3.14,38219.0,818.0,310.0
RLI,3/1/2021,675.0,702.0,663.0,690.0,1.62,35412.0,818.0,310.0
RLI,3/2/2021,691.0,695.0,664.0,668.0,-3.19,27915.0,818.0,310.0
RLI,3/3/2021,681.0,685.0,642.0,649.0,-2.84,21417.0,818.0,310.0
RLI,3/4/2021,650.0,675.0,650.0,670.0,3.24,22880.0,818.0,310.0
RLI,3/7/2021,703.0,703.0,661.0,669.0,-0.15,24427.0,818.0,310.0
RLI,3/9/2021,665.0,673.0,656.0,659.0,-1.49,14756.0,818.0,310.0
RLI,3/10/2021,655.0,662.0,650.0,655.0,-0.61,13031.0,818.0,310.0
RLI,3/14/2021,660.0,660.0,630.0,631.0,-3.66,25785.0,818.0,310.0
RLI,3/15/2021,626.0,643.0,622.0,627.0,-0.63,12897.0,818.0,310.0
RLI,3/16/2021,630.0,642.0,621.0,631.0,0.64,13046.0,818.0,310.0
RLI,3/17/2021,636.0,642.0,632.0,638.0,1.11,13407.0,818.0,310.0
RLI,3/18/2021,638.0,662.0,632.0,657.0,2.98,17103.0,818.0,310.0
RLI,3/21/2021,657.0,681.0,657.0,680.0,3.5,24571.0,818.0,310.0
RLI,3/22/2021,685.0,697.0,659.0,667.0,-1.91,19965.0,818.0,310.0
RLI,3/23/2021,660.0,667.0,650.0,664.0,-0.45,9797.0,818.0,310.0
RLI,3/24/2021,662.0,674.0,656.0,670.0,0.9,13087.0,818.0,310.0
RLI,3/25/2021,637.0,695.0,637.0,665.0,-0.75,24890.0,818.0,310.0
RLI,3/29/2021,658.0,678.0,658.0,674.0,1.35,23483.0,818.0,310.0
RLI,3/30/2021,707.0,734.0,680.0,710.0,5.34,78643.0,818.0,310.0
RLI,3/31/2021,735.0,735.0,716.0,724.0,1.97,38450.0,818.0,310.0
RLI,4/1/2021,750.0,755.0,720.0,721.0,-0.41,44961.0,818.0,310.0
RLI,4/4/2021,721.0,770.0,721.0,756.0,4.85,96109.0,818.0,310.0
RLI,4/5/2021,780.0,780.0,730.0,744.0,-1.59,67520.0,818.0,310.0
RLI,4/6/2021,735.0,740.0,727.0,733.0,-1.48,49142.0,818.0,310.0
RLI,4/7/2021,740.0,745.0,717.0,718.0,-2.05,25453.0,818.0,310.0
RLI,4/8/2021,725.0,725.0,715.0,719.0,0.14,32170.0,818.0,310.0
RLI,4/12/2021,754.0,754.0,714.0,728.0,1.25,36386.0,818.0,310.0
RLI,4/13/2021,740.0,740.0,720.0,728.0,0.0,23554.0,818.0,310.0
RLI,4/15/2021,735.0,740.0,721.0,725.0,-0.41,31276.0,818.0,310.0
RLI,4/18/2021,730.0,735.0,716.0,718.0,-0.97,28688.0,818.0,310.0
RLI,4/19/2021,720.0,720.0,706.0,707.0,-1.53,28950.0,818.0,310.0
RLI,4/20/2021,707.0,720.0,696.0,710.0,0.42,26487.0,818.0,310.0
RLI,4/21/2021,710.0,720.0,700.0,702.0,-1.13,30221.0,818.0,310.0
RLI,4/22/2021,702.0,715.0,691.0,706.0,0.57,24235.0,818.0,310.0
RLI,4/25/2021,705.0,705.0,676.0,680.0,-3.68,42718.0,818.0,310.0
RLI,4/26/2021,650.0,695.0,650.0,657.0,-3.38,34068.0,818.0,310.0
RLI,4/27/2021,644.0,690.0,644.0,690.0,5.02,30784.0,818.0,310.0
RLI,4/28/2021,724.0,724.0,675.0,681.0,-1.3,13326.0,818.0,310.0
RLI,4/29/2021,688.0,699.0,675.0,688.0,1.03,17325.0,818.0,310.0
RLI,5/2/2021,680.0,711.0,678.0,707.0,2.76,33719.0,818.0,310.0
RLI,5/3/2021,707.0,721.0,697.0,704.0,-0.42,30424.0,818.0,310.0
RLI,5/4/2021,704.0,704.0,695.0,698.0,-0.85,15863.0,818.0,310.0
RLI,5/5/2021,700.0,700.0,687.0,692.0,-0.86,16816.0,818.0,310.0
RLI,5/6/2021,690.0,692.0,682.0,686.0,-0.87,23349.0,818.0,310.0
RLI,5/9/2021,680.0,688.0,674.0,681.0,-0.73,19554.0,818.0,310.0
RLI,5/10/2021,673.0,692.0,673.0,685.0,0.59,16465.0,818.0,310.0
RLI,5/11/2021,680.0,706.0,680.0,688.0,0.44,19457.0,818.0,310.0
RLI,5/12/2021,695.0,699.0,678.0,687.0,-0.15,18102.0,818.0,310.0
RLI,5/13/2021,690.0,700.0,682.0,688.0,0.15,14691.0,818.0,310.0
RLI,5/16/2021,688.0,715.0,688.0,715.0,3.92,40537.0,818.0,310.0
RLI,5/17/2021,720.0,730.0,708.0,711.0,-0.56,47717.0,818.0,310.0
RLI,5/18/2021,715.0,716.0,707.0,712.0,0.14,35762.0,818.0,310.0
RLI,5/19/2021,714.0,725.0,710.0,711.0,-0.14,44727.0,818.0,310.0
RLI,5/20/2021,711.0,715.0,704.0,710.0,-0.14,17332.0,818.0,310.0
RLI,5/23/2021,701.0,710.0,680.0,708.0,-0.28,38115.0,818.0,310.0
RLI,5/24/2021,721.0,722.0,698.0,702.0,-0.85,40510.0,818.0,310.0
RLI,5/25/2021,713.0,745.0,701.0,725.0,3.28,101903.0,818.0,310.0
RLI,5/27/2021,730.0,740.0,711.0,725.0,0.0,49548.0,818.0,310.0
RLI,5/30/2021,751.0,751.0,721.0,734.0,1.24,84774.0,818.0,310.0
RLI,5/31/2021,750.0,750.0,716.0,720.0,-1.91,74732.0,818.0,310.0
RLI,6/1/2021,710.0,726.0,710.0,717.0,-0.42,23514.0,818.0,310.0
RLI,6/2/2021,724.0,724.0,706.0,723.0,0.84,29025.0,818.0,310.0
RLI,6/3/2021,724.0,735.0,717.0,718.0,-0.69,48056.0,818.0,310.0
RLI,6/6/2021,720.0,723.0,710.0,711.0,-0.97,41686.0,818.0,310.0
RLI,6/7/2021,706.0,723.0,706.0,713.0,0.28,34469.0,818.0,310.0
RLI,6/8/2021,714.0,765.0,714.0,758.0,6.31,101212.0,818.0,310.0
RLI,6/9/2021,770.0,795.0,743.0,748.0,-1.32,108324.0,818.0,310.0
RLI,6/10/2021,761.0,765.0,740.0,741.0,-0.94,68769.0,818.0,310.0
RLI,6/13/2021,750.0,754.0,730.0,734.0,-0.94,48755.0,818.0,310.0
RLI,6/14/2021,748.0,748.0,730.0,734.0,0.0,33804.0,818.0,310.0
RLI,6/15/2021,750.0,750.0,725.0,730.0,-0.54,54538.0,818.0,310.0
RLI,6/16/2021,700.0,722.0,700.0,708.0,-3.01,64245.0,818.0,310.0
RLI,6/17/2021,708.0,722.0,706.0,712.0,0.56,31341.0,818.0,310.0
RLI,6/20/2021,715.0,720.0,695.0,698.0,-1.97,27050.0,818.0,310.0
RLI,6/21/2021,700.0,702.0,680.0,680.0,-2.58,35834.0,818.0,310.0
RLI,6/22/2021,680.0,701.0,677.0,700.0,2.94,31692.0,818.0,310.0
RLI,6/23/2021,700.0,703.0,686.0,686.0,-2.0,14922.0,818.0,310.0
RLI,6/24/2021,675.0,687.0,675.0,678.0,-1.17,19521.0,818.0,310.0
RLI,6/27/2021,680.0,691.0,672.0,682.0,0.59,18590.0,818.0,310.0
RLI,6/28/2021,682.0,692.0,680.0,684.0,0.29,13067.0,818.0,310.0
RLI,6/29/2021,681.0,688.0,672.0,675.0,-1.32,17496.0,818.0,310.0
RLI,6/30/2021,672.0,680.0,656.0,668.0,-1.04,22814.0,818.0,310.0
RLI,7/1/2021,671.0,681.0,668.0,668.0,0.0,16425.0,818.0,310.0
RLI,7/4/2021,667.0,677.0,667.0,670.0,0.3,14176.0,818.0,310.0
RLI,7/5/2021,665.0,678.0,660.0,665.0,-0.75,13325.0,818.0,310.0
RLI,7/6/2021,656.0,665.0,656.0,659.0,-0.9,8466.0,818.0,310.0
RLI,7/7/2021,655.0,660.0,651.0,656.0,-0.46,9084.0,818.0,310.0
RLI,7/8/2021,652.0,664.0,651.0,662.0,0.91,9907.0,818.0,310.0
RLI,7/11/2021,662.0,685.0,662.0,684.0,3.32,13411.0,818.0,310.0
RLI,7/12/2021,688.0,697.0,662.0,668.0,-2.34,21505.0,818.0,310.0
RLI,7/13/2021,668.0,679.0,665.0,672.0,0.6,6810.0,818.0,310.0
RLI,7/14/2021,672.0,675.0,666.0,669.0,-0.45,7169.0,818.0,310.0
RLI,7/15/2021,662.0,675.0,662.0,672.0,0.45,10165.0,818.0,310.0
RLI,7/18/2021,660.0,704.0,660.0,701.5,4.39,23272.0,818.0,310.0
RLI,7/19/2021,715.0,728.0,700.7,723.0,3.06,50111.0,818.0,310.0
RLI,7/20/2021,727.0,727.0,700.0,712.0,-1.52,13710.0,818.0,310.0
RLI,7/22/2021,705.0,715.0,700.0,703.0,-1.26,32757.0,818.0,310.0
RLI,7/25/2021,698.0,705.0,695.0,696.0,-1.0,18056.0,818.0,310.0
RLI,7/26/2021,690.1,705.0,690.1,702.0,0.86,19640.0,818.0,310.0
RLI,7/27/2021,700.0,711.0,697.0,707.0,0.71,26321.0,818.0,310.0
RLI,7/28/2021,721.0,726.0,705.0,722.0,2.12,57445.0,818.0,310.0
RLI,7/29/2021,730.0,734.0,710.0,711.2,-1.5,26987.0,818.0,310.0
RLI,8/1/2021,707.0,714.9,700.1,705.0,-0.87,18874.0,818.0,310.0
RLI,8/2/2021,702.0,711.0,702.0,708.8,0.54,25679.0,818.0,310.0
RLI,8/3/2021,718.0,718.0,705.2,712.0,0.45,31158.0,818.0,310.0
RLI,8/4/2021,712.1,715.0,705.0,709.0,-0.42,28540.0,818.0,310.0
RLI,8/5/2021,723.1,723.1,700.0,704.0,-0.71,26829.0,818.0,310.0
RLI,8/8/2021,700.1,710.0,697.0,700.0,-0.57,21307.0,818.0,310.0
RLI,8/9/2021,700.0,708.0,686.0,707.0,1.0,24909.0,818.0,310.0
RLI,8/10/2021,707.0,715.0,698.5,707.5,0.07,30803.0,818.0,310.0
RLI,8/11/2021,710.0,720.0,697.0,700.0,-1.06,31538.0,818.0,310.0
RLI,8/12/2021,700.0,710.0,697.1,706.0,0.86,52550.0,818.0,310.0
RLI,8/15/2021,692.0,706.0,686.0,690.0,-2.27,35362.0,818.0,310.0
RLI,8/16/2021,690.0,699.0,678.5,683.0,-1.01,31985.0,818.0,310.0
RLI,8/17/2021,679.0,691.0,676.0,681.0,-0.29,24765.0,818.0,310.0
RLI,8/18/2021,694.6,694.6,667.4,683.0,0.29,31293.0,818.0,310.0
RLI,8/19/2021,685.0,728.0,683.0,704.0,3.07,106811.0,818.0,310.0
RLI,8/24/2021,718.0,718.0,690.0,692.0,-1.7,33474.0,818.0,310.0
RLI,8/25/2021,695.0,695.0,674.0,678.0,-2.02,21893.0,818.0,310.0
RLI,8/26/2021,665.2,689.9,665.2,675.0,-0.44,26867.0,818.0,310.0
RLI,8/29/2021,675.0,687.0,661.5,665.5,-1.41,25789.0,818.0,310.0
RLI,8/31/2021,660.0,665.0,652.2,656.1,-1.41,33172.0,818.0,310.0
RLI,9/1/2021,665.0,670.0,655.0,660.0,0.59,18451.0,818.0,310.0
RLI,9/2/2021,660.0,668.1,645.9,647.0,-1.97,19385.0,818.0,310.0
RLI,9/5/2021,643.0,643.0,603.0,619.0,-4.33,31254.0,818.0,310.0
RLI,9/6/2021,619.0,646.0,606.7,645.0,4.2,21059.0,818.0,310.0
RLI,9/7/2021,642.0,643.0,630.0,637.1,-1.22,11375.0,818.0,310.0
RLI,9/8/2021,637.0,637.0,615.9,619.0,-2.84,17483.0,818.0,310.0
RLI,9/9/2021,630.0,630.0,616.0,618.0,-0.16,16227.0,818.0,310.0
RLI,9/12/2021,620.0,633.0,616.0,626.0,1.29,12351.0,818.0,310.0
RLI,9/13/2021,630.0,642.0,625.0,635.0,1.44,17783.0,818.0,310.0
RLI,9/14/2021,635.0,639.0,628.0,631.1,-0.61,10419.0,818.0,310.0
RLI,9/15/2021,618.5,627.0,618.0,620.0,-1.76,10382.0,818.0,310.0
RLI,9/16/2021,610.0,618.0,592.0,600.0,-3.23,26715.0,818.0,310.0
RLI,9/20/2021,591.0,595.0,566.0,567.5,-5.42,30310.0,818.0,310.0
RLI,9/21/2021,560.0,599.0,541.0,565.1,-0.42,17625.0,818.0,310.0
RLI,9/22/2021,570.0,592.0,570.0,590.0,4.41,12712.0,818.0,310.0
RLI,9/23/2021,581.1,609.0,581.1,586.0,-0.68,10836.0,818.0,310.0
RLI,9/26/2021,580.0,582.0,568.5,570.0,-2.73,9935.0,818.0,310.0
RLI,9/27/2021,559.0,565.0,545.0,545.0,-4.39,15864.0,818.0,310.0
RLI,9/28/2021,545.0,557.0,511.0,519.0,-4.77,18312.0,818.0,310.0
RLI,9/29/2021,510.0,535.0,509.1,524.0,0.96,13838.0,818.0,310.0
RLI,9/30/2021,521.1,534.0,515.0,520.0,-0.76,12493.0,818.0,310.0
RLI,10/3/2021,512.0,523.0,509.9,510.0,-1.92,9509.0,818.0,310.0
RLI,10/4/2021,509.8,518.0,501.2,506.0,-0.78,8896.0,818.0,310.0
RLI,10/5/2021,495.9,501.0,470.0,489.2,-3.32,50323.0,818.0,310.0
RLI,10/6/2021,492.0,505.0,484.6,505.0,3.23,24301.0,818.0,310.0
RLI,10/10/2021,495.2,523.0,495.2,504.0,-0.2,10081.0,818.0,310.0
RLI,10/11/2021,513.0,514.9,493.2,507.0,0.6,9239.0,818.0,310.0
RLI,10/17/2021,514.0,514.0,500.0,502.5,-0.89,2976.0,818.0,310.0
RLI,10/18/2021,498.0,500.0,486.0,493.0,-1.89,9572.0,818.0,310.0
RLI,10/19/2021,489.0,490.0,463.0,479.9,-2.66,18319.0,818.0,310.0
RLI,10/20/2021,489.0,498.0,485.5,488.0,1.69,6430.0,818.0,310.0
RLI,10/21/2021,497.0,497.0,478.3,480.0,-1.64,4724.0,818.0,310.0
RLI,10/24/2021,480.0,485.0,474.0,474.0,-1.25,7518.0,818.0,310.0
RLI,10/25/2021,467.2,501.0,467.2,499.0,5.27,12298.0,818.0,310.0
RLI,10/26/2021,505.0,532.9,505.0,528.0,5.81,16790.0,818.0,310.0
RLI,10/27/2021,530.0,555.0,517.5,543.0,2.84,18279.0,818.0,310.0
RLI,10/28/2021,535.0,548.0,530.0,539.0,-0.74,9566.0,818.0,310.0
RLI,10/31/2021,545.0,563.0,535.0,560.0,3.9,11541.0,818.0,310.0
RLI,11/1/2021,560.0,575.0,555.0,556.5,-0.62,8322.0,818.0,310.0
RLI,11/2/2021,549.0,565.0,548.1,563.0,1.17,7099.0,818.0,310.0
RLI,11/3/2021,574.2,578.2,563.5,563.5,0.09,14343.0,818.0,310.0
RLI,11/8/2021,563.2,570.0,556.0,562.0,-0.27,6459.0,818.0,310.0
RLI,11/9/2021,551.0,556.1,532.4,538.0,-4.27,13225.0,818.0,310.0
RLI,11/11/2021,527.3,548.0,515.0,520.0,-3.35,9295.0,818.0,310.0
RLI,11/14/2021,515.0,522.2,503.0,515.0,-0.96,9570.0,818.0,310.0
RLI,11/15/2021,523.0,529.0,511.0,528.0,2.52,12650.0,818.0,310.0
RLI,11/16/2021,525.0,563.0,525.0,557.0,5.49,21495.0,818.0,310.0
RLI,11/17/2021,568.1,572.0,555.0,555.0,-0.36,15411.0,818.0,310.0
RLI,11/18/2021,555.0,555.0,535.0,535.1,-3.59,13537.0,818.0,310.0
RLI,11/21/2021,535.1,535.1,521.0,525.1,-1.87,10031.0,818.0,310.0
RLI,11/22/2021,516.0,548.2,516.0,527.0,0.36,13189.0,818.0,310.0
RLI,11/23/2021,527.0,528.0,510.0,516.0,-2.09,11970.0,818.0,310.0
RLI,11/24/2021,510.0,526.0,500.0,518.4,0.47,9323.0,818.0,310.0
RLI,11/25/2021,515.0,522.0,515.0,520.0,0.31,4109.0,818.0,310.0
RLI,11/28/2021,510.0,515.0,500.0,506.0,-2.69,7185.0,818.0,310.0
RLI,11/29/2021,498.0,508.0,498.0,506.0,0.0,4460.0,818.0,310.0
RLI,11/30/2021,507.0,512.0,501.0,504.0,-0.4,5248.0,818.0,310.0
RLI,12/1/2021,505.0,510.0,501.0,503.2,-0.16,5468.0,818.0,310.0
RLI,12/2/2021,500.2,502.0,495.1,496.0,-1.43,6080.0,818.0,310.0
RLI,12/5/2021,491.0,491.0,478.3,482.0,-2.82,9407.0,818.0,310.0
RLI,12/6/2021,480.2,494.0,480.2,494.0,2.49,14926.0,818.0,310.0
RLI,12/7/2021,495.0,513.0,491.5,491.5,-0.51,8037.0,818.0,310.0
RLI,12/8/2021,490.0,492.0,480.3,482.0,-1.93,3638.0,818.0,310.0
RLI,12/9/2021,482.0,482.0,474.0,478.0,-0.83,8657.0,818.0,310.0
RLI,12/12/2021,480.0,480.0,450.0,451.0,-5.65,6548.0,818.0,310.0
RLI,12/13/2021,446.0,446.0,423.4,432.0,-4.21,11635.0,818.0,310.0
RLI,12/14/2021,440.6,455.0,439.8,455.0,5.32,5046.0,818.0,310.0
RLI,12/15/2021,464.1,485.0,447.0,454.0,-0.22,9847.0,818.0,310.0
RLI,12/16/2021,460.0,460.0,445.1,452.0,-0.44,3819.0,818.0,310.0
RLI,12/20/2021,460.0,461.0,444.1,447.0,-1.11,3642.0,818.0,310.0
RLI,12/21/2021,455.0,463.0,442.0,455.0,1.79,7783.0,818.0,310.0
RLI,12/22/2021,455.0,477.0,455.0,469.0,3.08,6214.0,818.0,310.0
RLI,12/23/2021,465.2,497.0,456.0,488.0,4.05,23477.0,818.0,310.0
RLI,12/26/2021,497.7,536.8,488.0,536.8,10.0,43367.0,818.0,310.0
RLI,12/27/2021,547.5,569.5,515.0,523.0,-2.57,43512.0,818.0,310.0
RLI,12/28/2021,524.0,525.3,502.0,514.0,-1.72,7781.0,818.0,310.0
RLI,12/29/2021,517.0,520.0,504.0,515.0,0.19,9690.0,818.0,310.0
RLI,1/2/2022,514.0,530.0,510.0,528.0,2.52,11237.0,818.0,310.0
RLI,1/3/2022,538.5,546.9,529.0,529.0,0.19,23964.0,818.0,310.0
RLI,1/4/2022,518.5,540.0,518.5,530.0,0.19,11610.0,818.0,310.0
RLI,1/5/2022,528.0,537.0,520.0,521.0,-1.7,13610.0,818.0,310.0
RLI,1/6/2022,517.1,528.0,500.0,523.1,0.4,7605.0,818.0,310.0
RLI,1/9/2022,533.0,540.0,526.0,532.0,1.7,17652.0,818.0,310.0
RLI,1/10/2022,530.0,560.0,530.0,535.1,0.58,22662.0,818.0,310.0
RLI,1/11/2022,535.1,579.0,535.1,568.0,6.15,41049.0,818.0,310.0
RLI,1/12/2022,569.0,574.0,546.0,553.0,-2.64,26511.0,818.0,310.0
RLI,1/13/2022,551.0,560.0,545.3,559.0,1.08,16865.0,818.0,310.0
RLI,1/16/2022,570.1,581.5,563.6,570.0,1.97,29031.0,818.0,310.0
RLI,1/17/2022,571.0,580.0,560.1,575.0,0.88,23101.0,818.0,310.0
RLI,1/18/2022,580.0,586.0,557.2,560.0,-2.61,19184.0,818.0,310.0
RLI,1/19/2022,556.0,560.0,539.1,552.0,-1.43,16888.0,818.0,310.0
RLI,1/20/2022,545.0,583.0,542.0,565.0,2.36,20527.0,818.0,310.0
RLI,1/23/2022,572.0,605.0,568.0,589.0,4.25,83462.0,818.0,310.0
RLI,1/24/2022,588.0,591.0,560.1,567.0,-3.74,38922.0,818.0,310.0
RLI,1/25/2022,567.0,587.5,558.0,568.0,0.18,28432.0,818.0,310.0
RLI,1/26/2022,558.0,568.0,553.0,557.0,-1.94,15068.0,818.0,310.0
RLI,1/27/2022,548.3,568.0,548.3,557.0,0.0,10817.0,818.0,310.0
RLI,1/30/2022,568.1,580.0,567.0,579.0,3.95,18003.0,818.0,310.0
RLI,1/31/2022,571.0,580.0,569.0,570.0,-1.55,10312.0,818.0,310.0
RLI,2/1/2022,561.0,576.0,560.0,573.0,0.53,7377.0,818.0,310.0
RLI,2/3/2022,584.0,584.4,572.0,574.0,0.17,24984.0,818.0,310.0
RLI,2/6/2022,574.0,584.0,561.6,564.0,-1.74,15468.0,818.0,310.0
RLI,2/7/2022,560.0,585.0,560.0,581.5,3.1,32722.0,818.0,310.0
RLI,2/8/2022,593.0,604.8,575.3,585.0,0.6,28999.0,818.0,310.0
RLI,2/9/2022,574.3,585.0,573.3,585.0,0.0,21992.0,818.0,310.0
RLI,2/10/2022,575.0,585.0,575.0,584.0,-0.17,19805.0,818.0,310.0
RLI,2/13/2022,572.4,572.4,549.8,557.0,-4.62,23018.0,818.0,310.0
RLI,2/14/2022,559.0,565.0,552.0,565.0,1.44,9015.0,818.0,310.0
RLI,2/15/2022,557.0,573.0,556.7,573.0,1.42,6632.0,818.0,310.0
RLI,2/16/2022,562.0,582.0,562.0,575.0,0.35,14625.0,818.0,310.0
RLI,2/17/2022,572.0,575.0,565.0,575.0,0.0,12020.0,818.0,310.0
RLI,2/20/2022,566.0,569.0,551.0,569.0,-1.04,12377.0,818.0,310.0
RLI,2/21/2022,571.0,572.0,561.0,565.0,-0.7,9645.0,818.0,310.0
RLI,2/22/2022,569.0,574.9,560.0,570.0,0.88,13097.0,818.0,310.0
RLI,2/23/2022,560.0,567.9,556.0,566.0,-0.7,6924.0,818.0,310.0
RLI,2/24/2022,555.0,556.0,546.1,548.0,-3.18,15354.0,818.0,310.0
RLI,2/27/2022,549.0,561.0,538.4,561.0,2.37,11031.0,818.0,310.0
RLI,2/28/2022,550.0,556.0,539.0,550.0,-1.96,55803.0,818.0,310.0
RLI,3/2/2022,540.0,572.0,522.0,572.0,4.0,8325.0,818.0,310.0
RLI,3/6/2022,560.6,560.6,531.0,539.0,-5.77,41063.0,818.0,310.0
RLI,3/7/2022,540.0,540.0,523.1,523.6,-2.86,16348.0,818.0,310.0
RLI,3/9/2022,517.5,523.0,510.0,520.0,-0.69,8173.0,818.0,310.0
RLI,3/10/2022,530.0,530.0,495.0,520.0,0.0,12757.0,818.0,310.0
RLI,3/13/2022,520.0,566.0,507.7,552.0,6.15,26738.0,818.0,310.0
RLI,3/14/2022,560.0,562.9,545.0,550.0,-0.36,5932.0,818.0,310.0
RLI,3/15/2022,541.0,565.0,541.0,557.9,1.44,24504.0,818.0,310.0
RLI,3/16/2022,547.0,560.0,547.0,560.0,0.38,9067.0,818.0,310.0
RLI,3/20/2022,571.2,571.2,543.0,547.0,-2.32,25164.0,818.0,310.0
RLI,3/21/2022,557.9,557.9,541.0,553.9,1.26,11325.0,818.0,310.0
RLI,3/22/2022,552.0,559.1,552.0,555.0,0.2,8663.0,818.0,310.0
RLI,3/23/2022,553.0,555.0,550.1,552.9,-0.38,4456.0,818.0,310.0
RLI,3/24/2022,546.0,579.0,545.1,570.0,3.09,48012.0,818.0,310.0
RLI,3/27/2022,581.4,626.0,581.4,583.1,2.3,190359.0,818.0,310.0
RLI,3/28/2022,594.0,594.0,564.0,569.0,-2.42,26519.0,818.0,310.0
RLI,3/29/2022,557.7,572.0,557.7,564.0,-0.88,6045.0,818.0,310.0
RLI,3/30/2022,560.0,583.0,557.0,577.0,2.3,19801.0,818.0,310.0
RLI,3/31/2022,578.0,584.0,560.0,563.5,-2.34,12530.0,818.0,310.0
RLI,4/3/2022,554.1,563.0,554.1,556.0,-1.33,9228.0,818.0,310.0
RLI,4/4/2022,560.0,564.5,546.0,549.0,-1.26,7335.0,818.0,310.0
RLI,4/5/2022,538.4,546.0,522.0,535.0,-2.55,18004.0,818.0,310.0
RLI,4/6/2022,525.1,539.0,524.5,528.0,-1.31,7225.0,818.0,310.0
RLI,4/7/2022,528.0,550.0,528.0,544.0,3.03,17300.0,818.0,310.0
RLI,4/11/2022,553.0,556.0,524.0,532.0,-2.21,11975.0,818.0,310.0
RLI,4/12/2022,534.0,534.0,513.0,514.0,-3.38,13773.0,818.0,310.0
RLI,4/13/2022,524.2,524.2,506.0,518.0,0.78,7025.0,818.0,310.0
RLI,4/17/2022,515.0,520.0,505.5,505.7,-2.37,6159.0,818.0,310.0
RLI,4/18/2022,502.0,505.0,495.1,500.0,-1.13,8206.0,818.0,310.0
RLI,4/19/2022,491.0,506.0,490.0,500.0,0.0,6251.0,818.0,310.0
RLI,4/20/2022,491.1,503.0,484.0,493.6,-1.28,7934.0,818.0,310.0
RLI,4/21/2022,483.8,495.0,475.0,490.0,-0.73,7430.0,818.0,310.0
RLI,4/24/2022,496.0,515.0,490.0,508.0,3.67,10350.0,818.0,310.0
RLI,4/25/2022,518.0,518.0,495.0,496.1,-2.34,7647.0,818.0,310.0
RLI,4/26/2022,491.0,509.0,487.0,487.5,-1.73,3520.0,818.0,310.0
RLI,4/27/2022,497.2,499.0,488.0,499.0,2.36,5424.0,818.0,310.0
RLI,4/28/2022,489.4,505.0,486.0,486.2,-2.57,8754.0,818.0,310.0
RLI,5/2/2022,481.0,487.0,475.0,476.0,-2.1,5988.0,818.0,310.0
RLI,5/4/2022,474.0,475.4,455.0,459.0,-3.57,11925.0,818.0,310.0
RLI,5/5/2022,451.0,465.0,438.0,443.9,-3.29,15145.0,818.0,310.0
RLI,5/8/2022,440.0,448.8,430.0,448.8,1.1,7338.0,818.0,310.0
RLI,5/9/2022,444.0,452.8,438.0,440.0,-1.96,15619.0,818.0,310.0
RLI,5/10/2022,441.0,451.5,435.0,450.0,2.27,6143.0,818.0,310.0
RLI,5/11/2022,441.4,481.0,441.4,470.0,4.44,9413.0,818.0,310.0
RLI,5/12/2022,472.0,478.3,450.0,455.0,-3.19,14670.0,818.0,310.0
RLI,5/17/2022,455.0,455.0,419.6,424.0,-6.81,20914.0,818.0,310.0
RLI,5/18/2022,417.0,427.0,410.0,420.0,-0.94,8220.0,818.0,310.0
RLI,5/19/2022,428.0,428.4,405.0,405.0,-3.57,12080.0,818.0,310.0
RLI,5/20/2022,401.0,409.9,401.0,403.0,-0.49,5887.0,818.0,310.0
RLI,5/23/2022,411.0,411.0,395.0,397.0,-1.49,10909.0,818.0,310.0
RLI,5/24/2022,392.5,402.0,392.5,397.0,0.0,3323.0,818.0,310.0
RLI,5/25/2022,404.0,410.0,397.0,400.0,0.76,6062.0,818.0,310.0
RLI,5/26/2022,392.0,404.0,392.0,398.0,-0.5,5143.0,818.0,310.0
RLI,5/27/2022,400.5,405.0,395.1,396.0,-0.5,2072.0,818.0,310.0
RLI,5/30/2022,392.5,400.0,386.1,388.0,-2.02,6503.0,818.0,310.0
RLI,5/31/2022,382.0,402.0,376.0,384.0,-1.03,3808.0,818.0,310.0
RLI,6/1/2022,384.0,390.0,374.0,390.0,1.56,5470.0,818.0,310.0
RLI,6/2/2022,397.0,397.7,372.4,379.0,-2.82,8733.0,818.0,310.0
RLI,6/3/2022,371.6,386.5,370.0,373.0,-1.58,4367.0,818.0,310.0
RLI,6/6/2022,380.4,384.0,366.2,366.2,-1.82,4975.0,818.0,310.0
RLI,6/7/2022,360.1,368.0,358.1,363.0,-0.87,3473.0,818.0,310.0
RLI,6/8/2022,357.0,384.0,357.0,375.0,3.31,5195.0,818.0,310.0
RLI,6/9/2022,375.0,394.0,370.1,374.1,-0.24,7893.0,818.0,310.0
RLI,6/10/2022,368.2,375.0,365.0,370.0,-1.1,2204.0,818.0,310.0
RLI,6/13/2022,370.0,370.0,364.0,364.0,-1.62,4593.0,818.0,310.0
RLI,6/14/2022,357.2,363.0,350.0,350.0,-3.85,5214.0,818.0,310.0
RLI,6/15/2022,348.9,355.0,343.0,353.0,0.86,4020.0,818.0,310.0
RLI,6/16/2022,350.0,365.0,350.0,355.0,0.57,3162.0,818.0,310.0
RLI,6/17/2022,350.0,357.0,350.0,354.1,-0.25,2185.0,818.0,310.0
RLI,6/19/2022,354.1,355.0,340.0,344.0,-2.85,4120.0,818.0,310.0
RLI,6/20/2022,337.2,340.0,330.0,334.5,-2.76,5450.0,818.0,310.0
RLI,6/21/2022,334.0,346.8,328.2,345.0,3.14,9090.0,818.0,310.0
RLI,6/22/2022,351.0,351.0,340.0,340.0,-1.45,2788.0,818.0,310.0
RLI,6/23/2022,334.0,336.0,327.0,329.9,-2.97,5023.0,818.0,310.0
RLI,6/24/2022,323.4,343.0,318.0,330.0,0.03,2410.0,818.0,310.0
RLI,6/26/2022,330.0,346.9,330.0,345.0,4.55,9290.0,818.0,310.0
RLI,6/27/2022,346.0,355.0,336.0,338.1,-2.0,6425.0,818.0,310.0
RLI,6/28/2022,332.0,349.9,332.0,343.0,1.45,4440.0,818.0,310.0
RLI,6/29/2022,336.2,355.0,330.1,351.0,2.33,5291.0,818.0,310.0
RLI,6/30/2022,353.0,381.0,353.0,363.6,3.59,9956.0,818.0,310.0
RLI,7/1/2022,370.8,371.0,357.8,364.0,0.11,6269.0,818.0,310.0
RLI,7/3/2022,364.0,380.9,356.8,380.9,4.64,10127.0,818.0,310.0
RLI,7/4/2022,380.0,394.0,368.5,368.5,-3.26,17726.0,818.0,310.0
RLI,7/5/2022,365.1,380.0,357.0,358.0,-2.85,6458.0,818.0,310.0
RLI,7/6/2022,358.0,365.0,351.0,363.0,1.4,3189.0,818.0,310.0
RLI,7/7/2022,369.0,370.0,355.0,355.0,-2.2,6883.0,818.0,310.0
RLI,7/8/2022,349.0,355.0,347.9,348.0,-1.97,2215.0,818.0,310.0
RLI,7/11/2022,345.0,345.0,335.0,335.0,-3.74,5934.0,818.0,310.0
RLI,7/12/2022,341.0,346.0,330.0,335.0,0.0,3724.0,818.0,310.0
RLI,12/15/2022,341.7,341.7,323.0,323.0,-3.58,6614.0,818.0,310.0
RLI,12/18/2022,317.0,322.0,314.0,314.0,-2.79,5808.0,818.0,310.0
RLI,12/19/2022,310.0,330.4,310.0,322.5,2.71,4483.0,818.0,310.0
RLI,12/20/2022,320.0,327.0,317.0,321.1,-0.43,2890.0,818.0,310.0
RLI,12/21/2022,317.0,321.0,317.0,318.1,-0.93,2223.0,818.0,310.0
RLI,12/22/2022,314.0,323.0,314.0,320.0,0.6,2106.0,818.0,310.0
RLI,12/26/2022,320.0,330.9,320.0,330.0,3.12,7826.0,818.0,310.0
RLI,12/27/2022,336.6,357.5,336.0,352.0,6.67,11511.0,818.0,310.0
RLI,12/28/2022,352.0,373.5,340.1,364.0,3.41,14459.0,818.0,310.0
RLI,12/29/2022,364.0,400.4,356.1,400.0,9.89,21509.0,818.0,310.0
RLI,1/1/2023,408.0,426.0,395.0,420.9,5.22,31493.0,818.0,310.0
RLI,1/2/2023,415.0,440.0,406.7,440.0,4.54,13195.0,818.0,310.0
RLI,1/3/2023,432.3,443.0,426.1,432.0,-1.82,15534.0,818.0,310.0
RLI,1/4/2023,430.0,440.5,421.4,435.0,0.69,20498.0,818.0,310.0
RLI,1/5/2023,443.7,443.7,416.0,440.0,1.15,36687.0,818.0,310.0
RLI,1/8/2023,431.5,472.9,431.5,460.0,4.55,21181.0,818.0,310.0
RLI,1/9/2023,452.0,486.0,452.0,476.8,3.65,28392.0,818.0,310.0
RLI,1/10/2023,483.3,495.0,455.0,461.9,-3.13,30064.0,818.0,310.0
RLI,1/12/2023,471.0,475.0,441.0,447.0,-3.23,22467.0,818.0,310.0
RLI,1/17/2023,453.0,453.0,436.1,449.0,0.45,12275.0,818.0,310.0
RLI,1/18/2023,457.8,460.0,438.0,445.0,-0.89,15632.0,818.0,310.0
RLI,1/19/2023,436.9,448.0,436.9,446.0,0.22,11803.0,818.0,310.0
RLI,1/23/2023,445.0,448.0,437.0,437.0,-2.02,6913.0,818.0,310.0
RLI,1/24/2023,428.3,431.0,425.1,427.0,-2.29,5598.0,818.0,310.0
RLI,1/25/2023,435.0,452.0,429.0,446.9,4.66,13944.0,818.0,310.0
RLI,1/26/2023,455.0,462.0,446.2,453.0,1.36,9548.0,818.0,310.0
RLI,1/29/2023,455.0,459.9,446.1,457.8,1.06,9493.0,818.0,310.0
RLI,1/30/2023,456.0,458.0,433.0,439.0,-4.11,11486.0,818.0,310.0
RLI,1/31/2023,447.6,447.6,425.1,430.2,-2.0,8019.0,818.0,310.0
RLI,2/1/2023,432.0,432.3,421.7,432.3,0.49,6803.0,818.0,310.0
RLI,2/2/2023,430.0,440.0,420.0,423.0,-2.15,6215.0,818.0,310.0
RLI,2/5/2023,420.2,427.0,412.0,414.1,-2.1,10510.0,818.0,310.0
RLI,2/6/2023,409.1,417.0,409.1,417.0,0.7,7658.0,818.0,310.0
RLI,2/7/2023,412.0,442.6,412.0,442.6,6.14,8069.0,818.0,310.0
RLI,2/8/2023,445.0,453.9,430.0,438.0,-1.04,14640.0,818.0,310.0
RLI,2/9/2023,430.1,440.6,428.0,440.0,0.46,10765.0,818.0,310.0
RLI,2/12/2023,435.0,435.0,418.0,419.0,-4.77,8846.0,818.0,310.0
RLI,2/14/2023,415.0,423.4,411.5,417.0,-0.48,4500.0,818.0,310.0
RLI,2/15/2023,412.0,420.1,410.0,410.0,-1.68,6695.0,818.0,310.0
RLI,2/16/2023,405.0,414.0,401.0,402.2,-1.9,9198.0,818.0,310.0
RLI,2/20/2023,405.0,410.0,400.1,401.1,-0.27,7356.0,818.0,310.0
RLI,2/22/2023,400.0,417.0,400.0,413.0,2.97,4889.0,818.0,310.0
RLI,2/23/2023,405.0,405.0,399.0,402.0,-2.66,14232.0,818.0,310.0
RLI,2/26/2023,395.0,406.0,387.0,402.0,0.0,6804.0,818.0,310.0
RLI,2/27/2023,410.0,418.0,394.2,405.0,0.75,9799.0,818.0,310.0
RLI,2/28/2023,397.0,412.0,391.1,405.0,0.0,6118.0,818.0,310.0
RLI,3/1/2023,397.0,411.0,391.0,401.0,-0.99,3693.0,818.0,310.0
RLI,3/2/2023,394.3,401.0,393.0,393.0,-2.0,5359.0,818.0,310.0
RLI,3/5/2023,391.1,396.0,386.1,388.0,-1.27,4448.0,818.0,310.0
RLI,3/7/2023,386.0,395.7,385.0,393.0,1.29,4132.0,818.0,310.0
RLI,3/9/2023,393.0,413.0,390.1,413.0,5.09,10880.0,818.0,310.0
RLI,3/12/2023,405.0,421.0,400.0,402.0,-2.66,3740.0,818.0,310.0
RLI,3/13/2023,395.0,403.0,394.1,396.2,-1.44,2222.0,818.0,310.0
RLI,3/14/2023,390.0,400.0,385.3,395.0,-0.3,4730.0,818.0,310.0
RLI,3/15/2023,390.2,398.8,390.2,398.0,0.76,2942.0,818.0,310.0
RLI,3/16/2023,390.3,399.0,390.3,393.0,-1.26,2724.0,818.0,310.0
RLI,3/19/2023,388.2,400.0,388.2,393.1,0.03,2541.0,818.0,310.0
RLI,3/20/2023,391.1,402.0,391.1,394.0,0.23,4735.0,818.0,310.0
RLI,3/22/2023,395.0,400.0,385.0,387.0,-1.78,10158.0,818.0,310.0
RMF1,1/26/2026,9.69,9.74,9.31,9.71,,137500.0,11.02,8.71
RMF1,1/27/2026,9.9,9.9,9.5,9.85,1.44,133300.0,11.02,8.71
RMF1,1/28/2026,10.03,10.03,9.78,9.97,1.22,3500.0,11.02,8.71
RMF1,1/29/2026,10.16,10.16,9.96,10.0,0.3,1600.0,11.02,8.71
RMF1,2/1/2026,10.1,10.14,9.3,9.48,-5.2,6000.0,11.02,8.71
RMF1,2/2/2026,9.66,9.66,9.29,9.43,-0.53,8675.0,11.02,8.71
RMF1,2/3/2026,9.61,9.75,9.4,9.6,1.8,23300.0,11.02,8.71
RMF1,2/4/2026,9.42,9.78,9.13,9.41,-1.98,178849.0,11.02,8.71
RMF1,2/5/2026,9.59,9.59,9.22,9.45,0.43,96929.0,11.02,8.71
RMF1,2/8/2026,9.63,9.63,9.27,9.54,0.95,18200.0,11.02,8.71
RMF1,2/9/2026,9.73,9.73,9.27,9.48,-0.63,11118.0,11.02,8.71
RMF1,2/10/2026,9.66,9.66,9.25,9.35,-1.37,15300.0,11.02,8.71
RMF1,2/11/2026,9.53,10.28,9.3,9.65,3.21,227200.0,11.02,8.71
RMF1,2/12/2026,9.84,9.99,9.45,9.6,-0.52,22700.0,11.02,8.71
RMF1,2/16/2026,9.79,9.96,9.6,9.78,1.88,2650.0,11.02,8.71
RMF1,2/17/2026,9.97,9.97,9.55,9.77,-0.1,103700.0,11.02,8.71
RMF1,2/22/2026,9.96,9.96,9.52,9.65,-1.23,174540.0,11.02,8.71
RMF1,2/23/2026,9.84,9.84,9.5,9.65,0.0,88100.0,11.02,8.71
RMF1,2/24/2026,9.84,9.84,9.28,9.45,-2.07,4065.0,11.02,8.71
RMF1,2/25/2026,9.27,9.8,9.12,9.62,1.8,48800.0,11.02,8.71
RMF1,2/26/2026,9.81,10.0,9.39,9.62,0.0,52050.0,11.02,8.71
RMF1,2/27/2026,9.81,10.0,9.39,9.62,0.0,52050.0,11.02,8.71
RMF1,2/28/2026,9.81,10.0,9.39,9.62,0.0,52050.0,11.02,8.71
RMF1,3/2/2026,9.79,9.79,9.44,9.75,1.35,36100.0,11.02,8.71
RMF1,3/3/2026,9.57,9.76,9.39,9.58,-1.74,6906.0,11.02,8.71
RMF1,3/4/2026,9.57,9.76,9.39,9.58,0.0,6906.0,11.02,8.71
RMF1,3/5/2026,9.57,9.76,9.39,9.58,0.0,6906.0,11.02,8.71
RMF1,3/6/2026,9.57,9.76,9.39,9.58,0.0,6906.0,11.02,8.71
RMF1,3/7/2026,9.57,9.76,9.39,9.58,0.0,6906.0,11.02,8.71
RMF1,3/8/2026,9.57,9.76,9.39,9.58,0.0,6906.0,11.02,8.71
RMF1,3/9/2026,9.77,9.77,9.77,9.77,1.98,100.0,11.02,8.71
RMF1,3/10/2026,9.77,9.93,9.41,9.65,-1.23,47110.0,11.02,8.71
RMF1,3/11/2026,9.84,9.84,9.49,9.8,1.55,81300.0,11.02,8.71
RMF1,3/12/2026,9.99,9.99,9.61,9.74,-0.61,43400.0,11.02,8.71
RMF1,3/13/2026,9.99,9.99,9.61,9.74,0.0,43400.0,11.02,8.71
RMF1,3/14/2026,9.99,9.99,9.61,9.74,0.0,43400.0,11.02,8.71
RMF1,3/15/2026,9.93,9.93,9.55,9.68,-0.62,36800.0,11.02,8.71
RMF1,3/16/2026,9.85,9.85,9.61,9.8,1.24,17300.0,11.02,8.71
RMF1,3/17/2026,9.99,9.99,9.5,9.8,0.0,78500.0,11.02,8.71
RMF1,3/18/2026,9.99,9.99,9.5,9.8,0.0,78500.0,11.02,8.71
RMF1,3/19/2026,9.99,10.0,9.58,9.82,0.2,225172.0,11.02,8.71
RMF1,3/20/2026,9.99,10.0,9.58,9.82,0.0,225172.0,11.02,8.71
RMF1,3/21/2026,9.99,10.0,9.58,9.82,0.0,225172.0,11.02,8.71
RMF1,3/22/2026,9.63,10.01,9.63,10.01,1.93,63872.0,11.02,8.71
RMF1,3/23/2026,9.85,10.0,9.82,9.84,-1.7,59286.0,11.02,8.71
RMF1,3/24/2026,9.85,9.99,9.85,9.98,1.42,49450.0,11.02,8.71
RMF1,3/25/2026,10.17,10.17,9.87,10.0,0.2,52835.0,11.02,8.71
RMF1,3/26/2026,9.87,11.0,9.87,9.9,0.3,85551.0,11.02,8.71
RMF1,3/29/2026,9.9,10.04,9.87,9.87,-0.3,13400.0,11.02,8.71
RMF1,3/30/2026,9.87,9.9,9.68,9.68,-1.93,70585.0,11.02,8.71
RMF1,3/31/2026,9.68,9.82,9.64,9.82,1.45,63610.0,11.02,8.71
RMF1,4/1/2026,9.65,9.84,9.65,9.66,0.1,11950.0,11.02,8.71
RMF1,4/2/2026,9.5,9.75,9.5,9.75,2.63,16050.0,11.02,8.71
RMF1,4/5/2026,9.75,10.13,9.6,9.61,-1.44,128800.0,11.02,8.71
RMF1,4/6/2026,9.6,9.63,9.6,9.63,0.31,6400.0,11.02,8.71
RMF1,4/7/2026,9.63,9.75,9.5,9.55,-0.83,64110.0,11.02,8.71
RMF1,4/8/2026,9.4,9.91,9.4,9.85,4.79,62550.0,11.02,8.71
RMF1,4/9/2026,9.76,9.87,9.68,9.87,1.13,7655.0,11.02,8.71
RMF1,4/10/2026,9.87,9.87,9.68,9.71,-1.62,10400.0,11.02,8.71
RMF1,4/13/2026,9.66,9.71,9.65,9.67,0.1,10920.0,11.02,8.71
RMF1,4/15/2026,9.6,9.8,9.6,9.8,2.08,14100.0,11.02,8.71
RMF1,4/16/2026,9.8,9.9,9.7,9.9,1.02,10695.0,11.02,8.71
RMF1,4/17/2026,9.99,9.99,9.57,9.89,-1.0,14390.0,11.02,8.71
RMF1,4/20/2026,9.6,9.63,9.41,9.6,0.0,1020.0,11.02,8.71
RMF1,4/21/2026,9.65,9.95,9.52,9.66,0.1,17781.0,11.02,8.71
RMF1,4/22/2026,9.5,9.79,9.5,9.7,2.11,2720.0,11.02,8.71
RMF1,4/23/2026,9.7,9.88,9.6,9.65,-0.52,5300.0,11.02,8.71
RMF1,4/24/2026,9.65,9.88,9.55,9.58,-0.73,19700.0,11.02,8.71
RMF1,4/27/2026,9.58,9.85,9.57,9.59,0.1,13938.0,11.02,8.71
RMF1,4/28/2026,9.59,9.98,9.58,9.88,3.02,19150.0,11.02,8.71
RMF1,4/29/2026,9.88,9.88,9.6,9.62,-2.63,7100.0,11.02,8.71
RMF1,4/30/2026,9.7,9.9,9.7,9.76,0.62,24335.0,11.02,8.71
RMF1,5/4/2026,9.76,10.0,9.5,10.0,2.46,5199.0,11.02,8.71
RMF1,5/5/2026,9.7,9.9,9.7,9.73,0.31,1200.0,11.02,8.71
RMF1,5/6/2026,9.89,9.89,9.6,9.88,-0.1,7115.0,11.02,8.71
RMF1,5/7/2026,9.7,9.8,9.6,9.8,1.03,2400.0,11.02,8.71
RMF1,5/8/2026,9.58,10.11,9.51,10.11,5.53,67050.0,11.02,8.71
RMF1,5/11/2026,10.0,10.0,9.99,10.0,0.0,7782.0,11.02,8.71
RMF1,5/12/2026,9.85,10.09,9.8,10.09,2.44,4750.0,11.02,8.71
RMF1,5/13/2026,9.8,9.81,9.8,9.81,0.1,1810.0,11.02,8.71
RMF1,5/14/2026,9.71,10.04,9.71,10.0,2.99,22682.0,11.02,8.71
RMF1,5/15/2026,9.8,9.9,9.8,9.82,0.2,26554.0,11.02,8.71
RMF1,5/18/2026,9.61,10.1,9.61,9.8,1.98,18510.0,11.02,8.71
RMF1,5/19/2026,9.8,9.92,9.75,9.92,1.22,16400.0,11.02,8.71
RMF1,5/20/2026,9.95,9.95,9.9,9.94,-0.1,13300.0,11.02,8.71
RMF1,5/21/2026,9.66,9.99,9.66,9.99,3.42,3800.0,11.02,8.71
RMF1,5/22/2026,9.5,10.0,9.5,10.0,5.26,12950.0,11.02,8.71
RMF1,5/25/2026,9.85,10.05,9.85,10.05,2.03,9900.0,11.02,8.71
RMF1,5/26/2026,9.8,10.05,9.8,10.05,2.55,3727.0,11.02,8.71
RMF1,5/27/2026,10.0,10.01,9.7,9.85,-1.5,14610.0,11.02,8.71
RMF1,6/1/2026,9.85,9.85,9.85,9.85,0.0,600.0,11.02,8.71
RMF1,6/2/2026,9.99,9.99,9.8,9.8,-1.9,5900.0,11.02,8.71
RMF1,6/3/2026,9.69,9.8,9.69,9.8,1.14,2100.0,11.02,8.71
RMF1,6/4/2026,10.0,10.0,9.8,9.8,-2.0,8500.0,11.02,8.71
RMF1,6/5/2026,9.55,9.83,9.55,9.66,1.15,26600.0,11.02,8.71
RMF1,6/8/2026,9.6,9.99,9.6,9.71,1.15,70400.0,11.02,8.71
RMF1,6/9/2026,9.72,9.9,9.71,9.9,1.85,2100.0,11.02,8.71
RMF1,6/10/2026,9.69,9.85,9.68,9.85,1.65,12500.0,11.02,8.71
RMF1,6/11/2026,9.9,9.9,9.64,9.77,-1.31,6350.0,11.02,8.71
RMF1,6/12/2026,10.0,10.06,9.8,9.8,-2.0,70840.0,11.02,8.71
RMF1,6/15/2026,9.58,9.86,9.58,9.86,2.92,700.0,11.02,8.71
RMF1,6/16/2026,9.68,9.96,9.67,9.8,1.24,1200.0,11.02,8.71
RMF1,6/17/2026,10.09,11.02,9.8,9.81,-2.78,3635.0,11.02,8.71
RMF1,6/18/2026,10.0,10.05,9.9,10.05,0.5,5135.0,11.02,8.71
RMF1,6/19/2026,10.05,10.05,9.46,9.81,-2.39,600.0,11.02,8.71
RMF1,6/22/2026,9.32,10.05,9.32,10.05,7.83,16910.0,11.02,8.71
RMF1,6/23/2026,10.08,10.08,10.0,10.02,-0.6,12875.0,11.02,8.71
RMF1,6/24/2026,10.0,10.03,9.74,10.0,0.0,5510.0,11.02,8.71
RMF1,6/26/2026,10.0,10.05,10.0,10.05,0.5,10000.0,11.02,8.71
RMF1,6/29/2026,10.05,10.1,9.75,9.75,-2.99,68427.0,11.02,8.71
RMF1,6/30/2026,9.71,9.99,9.71,9.8,0.93,1487.0,11.02,8.71
RMF1,7/1/2026,9.77,10.06,9.77,10.0,2.35,2070.0,11.02,8.71
RMF1,7/2/2026,9.83,9.86,9.83,9.86,0.31,200.0,11.02,8.71
RMF1,7/3/2026,9.81,9.81,9.8,9.8,-0.1,1500.0,11.02,8.71
RMF1,7/6/2026,9.8,9.94,9.8,9.94,1.43,9100.0,11.02,8.71
RMF1,7/7/2026,9.81,9.95,9.81,9.81,0.0,1550.0,11.02,8.71
RMF1,7/8/2026,9.52,9.78,8.71,9.78,2.73,4700.0,11.02,8.71
RMF1,7/9/2026,9.61,9.75,9.61,9.7,0.94,6200.0,11.02,8.71
RMF1,7/10/2026,9.68,9.89,9.68,9.8,1.24,7600.0,11.02,8.71
RMF1,7/13/2026,9.7,10.05,9.7,9.79,0.93,28500.0,11.02,8.71
RMF1,7/14/2026,9.6,9.69,9.58,9.69,0.94,1127140.0,11.02,8.71
RMF1,7/15/2026,9.66,9.9,9.66,9.9,2.48,575.0,11.02,8.71
RMF1,7/16/2026,10.05,10.05,9.66,10.05,0.0,49324.0,11.02,8.71
RMF1,7/17/2026,9.76,9.98,9.76,9.76,0.0,11300.0,11.02,8.71
RMF1,7/20/2026,9.62,9.9,9.62,9.75,1.35,41738.0,11.02,8.71
RMF1,7/21/2026,10.0,10.0,9.7,9.9,-1.0,62025.0,11.02,8.71
RMF1,7/22/2026,9.85,9.96,9.65,9.67,-1.83,335310.0,11.02,8.71
RMF1,7/23/2026,10.15,10.15,9.53,9.9,-2.46,245740.0,11.02,8.71
RMF1,7/24/2026,9.62,9.7,9.55,9.7,0.83,260327.0,11.02,8.71
RMF1,7/27/2026,9.99,10.89,9.68,9.68,-3.1,1950.0,11.02,8.71
RMF1,7/28/2026,9.39,9.97,9.39,9.68,3.09,9190.0,11.02,8.71
RMF1,7/29/2026,9.39,9.88,9.11,9.88,5.22,71860.0,11.02,8.71
RMF1,7/30/2026,9.87,9.98,9.6,9.68,-1.93,12930.0,11.02,8.71
RMF1,7/31/2026,9.55,9.78,9.55,9.78,2.41,13100.0,11.02,8.71
RMF1,8/3/2026,9.56,9.84,9.56,9.62,0.63,13900.0,11.02,8.71
RMF1,8/4/2026,9.55,9.81,9.55,9.61,0.63,24460.0,11.02,8.71
RMF1,8/5/2026,9.58,9.7,9.55,9.55,-0.31,15880.0,11.02,8.71
RMF1,8/6/2026,9.55,9.68,9.4,9.68,1.36,2950.0,11.02,8.71
RMF1,8/7/2026,9.5,9.67,9.4,9.67,1.79,18250.0,11.02,8.71
RMF1,8/10/2026,9.57,9.7,9.56,9.7,1.36,2500.0,11.02,8.71
RMF1,8/11/2026,9.6,9.82,9.6,9.82,2.29,18100.0,11.02,8.71
RMF1,8/12/2026,10.02,10.02,9.6,9.84,-1.8,55300.0,11.02,8.71
RMF1,8/13/2026,9.61,9.61,9.57,9.57,-0.42,500.0,11.02,8.71
RMF1,8/14/2026,9.6,9.99,9.6,9.6,0.0,23325.0,11.02,8.71
RMF1,8/17/2026,9.5,10.05,9.5,10.0,5.26,91585.0,11.02,8.71
RMF1,8/18/2026,9.7,9.7,9.7,9.7,0.0,200.0,11.02,8.71
RMF1,8/19/2026,9.52,10.0,9.51,10.0,5.04,1800.0,11.02,8.71
RMF1,8/20/2026,9.85,9.85,9.56,9.57,-2.84,13700.0,11.02,8.71
RMF1,8/21/2026,9.5,9.5,9.5,9.5,0.0,350.0,11.02,8.71
RMF1,8/24/2026,9.32,9.6,9.32,9.32,0.0,600.0,11.02,8.71
RMF1,8/25/2026,9.05,9.37,9.05,9.37,3.54,900.0,11.02,8.71
RMF1,8/26/2026,9.5,9.5,9.4,9.45,-0.53,1300.0,11.02,8.71
RMF1,8/27/2026,9.21,9.4,9.21,9.3,0.98,500.0,11.02,8.71
RMF1,8/31/2026,9.25,9.3,9.2,9.3,0.54,1900.0,11.02,8.71
RMF1,9/1/2026,9.21,9.26,9.21,9.26,0.54,1000.0,11.02,8.71
RMF1,9/2/2026,9.26,9.26,9.02,9.02,-2.59,2450.0,11.02,8.71
RMF1,9/3/2026,9.29,9.51,9.21,9.5,2.26,19600.0,11.02,8.71
RMF1,9/7/2026,9.5,9.75,9.5,9.7,2.11,1150.0,11.02,8.71
RMF1,9/9/2026,9.65,9.79,9.33,9.79,1.45,4600.0,11.02,8.71
RMF1,9/10/2026,9.5,9.5,9.23,9.41,-0.95,3350.0,11.02,8.71
RMF1,9/11/2026,9.32,9.69,9.32,9.69,3.97,26000.0,11.02,8.71
RMF1,9/14/2026,9.4,9.4,9.4,9.4,0.0,500.0,11.02,8.71
RMF1,9/15/2026,9.4,9.45,9.4,9.45,0.53,6600.0,11.02,8.71
RMF1,9/16/2026,9.46,9.5,9.46,9.46,0.0,21675.0,11.02,8.71
RMF1,9/17/2026,9.46,9.5,9.42,9.5,0.42,2200.0,11.02,8.71
RMF1,9/18/2026,9.45,9.46,9.31,9.42,-0.32,200320.0,11.02,8.71
RMF1,9/22/2026,9.17,9.44,9.17,9.3,1.42,17000.0,11.02,8.71
RMF1,9/23/2026,9.03,9.3,9.03,9.29,2.88,400.0,11.02,8.71
RMF1,9/24/2026,9.27,9.54,9.27,9.39,1.29,67440.0,11.02,8.71
RMF1,9/28/2026,9.11,9.11,8.84,9.1,-0.11,61170.0,11.02,8.71
RMF1,9/29/2026,9.11,9.11,8.85,0.0,-100.0,2300.0,11.02,8.71
RMF1,9/30/2026,8.9,9.26,8.9,8.99,1.01,2580.0,11.02,8.71
RMF1,10/1/2026,9.01,9.2,9.01,9.01,0.0,5550.0,11.02,8.71
RMF1,10/2/2026,9.01,9.01,8.88,9.0,-0.11,19374.0,11.02,8.71
RMF2,1/26/2026,9.65,9.84,9.65,9.68,,7100.0,10.71,8.84
RMF2,1/27/2026,9.87,10.06,9.63,9.63,-0.52,39606.0,10.71,8.84
RMF2,1/28/2026,9.53,9.6,9.53,9.6,-0.31,500.0,10.71,8.84
RMF2,1/29/2026,9.65,9.89,9.65,9.81,2.19,14000.0,10.71,8.84
RMF2,2/1/2026,9.67,9.92,9.67,9.71,-1.02,46500.0,10.71,8.84
RMF2,2/2/2026,9.71,9.71,9.66,9.66,-0.51,36100.0,10.71,8.84
RMF2,2/3/2026,9.85,9.85,9.61,9.73,0.72,7300.0,10.71,8.84
RMF2,2/4/2026,9.65,9.89,9.65,9.89,1.64,3100.0,10.71,8.84
RMF2,2/5/2026,9.9,9.95,9.9,9.9,0.1,1600.0,10.71,8.84
RMF2,2/8/2026,9.99,10.09,9.99,10.0,1.01,19414.0,10.71,8.84
RMF2,2/9/2026,9.9,10.0,9.9,10.0,0.0,900.0,10.71,8.84
RMF2,2/10/2026,9.9,9.99,9.8,9.99,-0.1,9400.0,10.71,8.84
RMF2,2/11/2026,9.8,10.13,9.8,9.9,-0.9,4650.0,10.71,8.84
RMF2,2/12/2026,9.85,10.18,9.85,10.18,2.83,26800.0,10.71,8.84
RMF2,2/16/2026,9.98,10.0,9.81,9.81,-3.63,1900.0,10.71,8.84
RMF2,2/17/2026,9.68,9.95,9.68,9.95,1.43,1900.0,10.71,8.84
RMF2,2/22/2026,9.81,9.87,9.81,9.87,-0.8,11000.0,10.71,8.84
RMF2,2/23/2026,9.87,10.0,9.68,10.0,1.32,1039.0,10.71,8.84
RMF2,2/24/2026,9.81,9.81,9.66,9.66,-3.4,200.0,10.71,8.84
RMF2,2/25/2026,9.55,9.84,9.55,9.84,1.86,1100.0,10.71,8.84
RMF2,2/26/2026,9.99,9.99,9.81,9.81,-0.3,5200.0,10.71,8.84
RMF2,2/27/2026,9.99,9.99,9.81,9.81,0.0,5200.0,10.71,8.84
RMF2,2/28/2026,9.99,9.99,9.81,9.81,0.0,5200.0,10.71,8.84
RMF2,3/2/2026,9.81,9.82,9.81,9.82,0.1,700.0,10.71,8.84
RMF2,3/3/2026,9.82,10.0,9.82,10.0,1.83,10100.0,10.71,8.84
RMF2,3/4/2026,9.82,10.0,9.82,10.0,0.0,10100.0,10.71,8.84
RMF2,3/5/2026,9.82,10.0,9.82,10.0,0.0,10100.0,10.71,8.84
RMF2,3/6/2026,9.82,10.0,9.82,10.0,0.0,10100.0,10.71,8.84
RMF2,3/7/2026,9.82,10.0,9.82,10.0,0.0,10100.0,10.71,8.84
RMF2,3/8/2026,9.82,10.0,9.82,10.0,0.0,10100.0,10.71,8.84
RMF2,3/10/2026,10.03,10.03,10.03,10.03,0.3,7400.0,10.71,8.84
RMF2,3/11/2026,10.0,10.02,10.0,10.02,-0.1,900.0,10.71,8.84
RMF2,3/12/2026,10.01,10.01,10.01,10.01,-0.1,400.0,10.71,8.84
RMF2,3/13/2026,10.01,10.01,10.01,10.01,0.0,400.0,10.71,8.84
RMF2,3/14/2026,10.01,10.01,10.01,10.01,0.0,400.0,10.71,8.84
RMF2,3/15/2026,10.01,10.23,10.01,10.06,0.5,3200.0,10.71,8.84
RMF2,3/16/2026,10.07,10.25,10.06,10.06,0.0,11465.0,10.71,8.84
RMF2,3/17/2026,10.08,10.25,10.08,10.25,1.89,3300.0,10.71,8.84
RMF2,3/18/2026,10.08,10.25,10.08,10.25,0.0,3300.0,10.71,8.84
RMF2,3/19/2026,10.1,10.13,10.1,10.13,-1.17,12200.0,10.71,8.84
RMF2,3/20/2026,10.1,10.13,10.1,10.13,0.0,12200.0,10.71,8.84
RMF2,3/21/2026,10.1,10.13,10.1,10.13,0.0,12200.0,10.71,8.84
RMF2,3/22/2026,10.12,10.35,10.12,10.35,2.17,6070.0,10.71,8.84
RMF2,3/23/2026,10.17,10.37,10.17,10.23,-1.16,1900.0,10.71,8.84
RMF2,3/24/2026,10.22,10.34,10.11,10.34,1.08,177700.0,10.71,8.84
RMF2,3/25/2026,10.19,10.52,10.19,10.4,0.58,6300.0,10.71,8.84
RMF2,3/26/2026,10.22,10.42,10.22,10.29,0.68,1200.0,10.71,8.84
RMF2,3/29/2026,10.45,10.45,10.25,10.4,-0.48,65300.0,10.71,8.84
RMF2,3/30/2026,10.21,10.27,10.21,10.21,0.0,70500.0,10.71,8.84
RMF2,3/31/2026,10.21,10.25,10.15,10.15,-0.59,44600.0,10.71,8.84
RMF2,4/1/2026,10.35,10.35,10.15,10.2,-1.45,7589.0,10.71,8.84
RMF2,4/2/2026,10.3,10.3,10.3,10.3,0.0,100.0,10.71,8.84
RMF2,4/5/2026,10.1,10.1,9.91,9.91,-1.88,400.0,10.71,8.84
RMF2,4/6/2026,10.1,10.3,10.1,10.3,1.98,2100.0,10.71,8.84
RMF2,4/7/2026,10.1,10.31,10.1,10.15,0.5,12600.0,10.71,8.84
RMF2,4/8/2026,10.35,10.35,10.21,10.22,-1.26,500.0,10.71,8.84
RMF2,4/9/2026,10.42,10.42,10.05,10.05,-3.55,23750.0,10.71,8.84
RMF2,4/10/2026,10.25,10.38,10.22,10.22,-0.29,16500.0,10.71,8.84
RMF2,4/13/2026,10.03,10.4,10.03,10.4,3.69,198089.0,10.71,8.84
RMF2,4/15/2026,10.2,10.4,10.2,10.4,1.96,150200.0,10.71,8.84
RMF2,4/16/2026,10.2,10.2,10.0,10.2,0.0,50300.0,10.71,8.84
RMF2,4/17/2026,10.01,10.45,10.01,10.25,2.4,48899.0,10.71,8.84
RMF2,4/20/2026,10.15,10.2,10.15,10.2,0.49,1000.0,10.71,8.84
RMF2,4/21/2026,9.95,10.0,9.95,10.0,0.5,700.0,10.71,8.84
RMF2,4/22/2026,10.0,10.0,10.0,10.0,0.0,200.0,10.71,8.84
RMF2,4/23/2026,10.0,10.3,10.0,10.3,3.0,133300.0,10.71,8.84
RMF2,4/24/2026,10.0,10.3,10.0,10.01,0.1,17200.0,10.71,8.84
RMF2,4/27/2026,10.01,10.4,10.0,10.4,3.9,3600.0,10.71,8.84
RMF2,4/28/2026,10.4,10.71,10.2,10.2,-1.92,441003.0,10.71,8.84
RMF2,4/29/2026,10.2,10.0,10.0,10.0,-1.96,100.0,10.71,8.84
RMF2,4/30/2026,10.02,10.2,10.02,10.1,0.8,1200.0,10.71,8.84
RMF2,5/4/2026,10.02,10.1,10.01,10.01,-0.1,2750.0,10.71,8.84
RMF2,5/5/2026,10.01,10.31,10.01,10.1,0.9,1200.0,10.71,8.84
RMF2,5/6/2026,10.01,10.2,10.01,10.2,1.9,550.0,10.71,8.84
RMF2,5/7/2026,10.02,10.2,10.02,10.2,1.8,2200.0,10.71,8.84
RMF2,5/11/2026,10.1,10.2,10.1,10.2,0.99,600.0,10.71,8.84
RMF2,5/12/2026,10.1,10.2,10.1,10.15,0.5,600.0,10.71,8.84
RMF2,5/13/2026,10.1,10.15,10.1,10.11,0.1,400.0,10.71,8.84
RMF2,5/14/2026,10.3,10.54,10.2,10.2,-0.97,770.0,10.71,8.84
RMF2,5/15/2026,10.3,10.3,10.2,10.2,-0.97,5600.0,10.71,8.84
RMF2,5/18/2026,10.1,10.1,10.1,10.1,0.0,3130.0,10.71,8.84
RMF2,5/19/2026,10.1,10.1,10.1,10.1,0.0,300.0,10.71,8.84
RMF2,5/20/2026,10.15,10.5,10.15,10.5,3.45,8900.0,10.71,8.84
RMF2,5/25/2026,10.2,10.2,10.2,10.2,0.0,2700.0,10.71,8.84
RMF2,5/26/2026,10.2,10.2,10.1,10.1,-0.98,1900.0,10.71,8.84
RMF2,5/27/2026,9.81,10.4,9.81,10.4,6.01,900.0,10.71,8.84
RMF2,6/1/2026,10.1,10.11,10.1,10.11,0.1,600.0,10.71,8.84
RMF2,6/2/2026,10.11,10.41,10.11,10.41,2.97,700.0,10.71,8.84
RMF2,6/3/2026,10.4,10.4,10.12,10.14,-2.5,1400.0,10.71,8.84
RMF2,6/5/2026,10.15,10.35,10.15,10.35,1.97,500.0,10.71,8.84
RMF2,6/8/2026,10.14,10.14,10.14,10.14,0.0,100.0,10.71,8.84
RMF2,6/9/2026,10.14,10.14,10.14,10.14,0.0,550.0,10.71,8.84
RMF2,6/10/2026,10.14,10.14,10.14,10.14,0.0,400.0,10.71,8.84
RMF2,6/11/2026,9.99,9.99,9.99,9.99,0.0,250.0,10.71,8.84
RMF2,6/15/2026,9.97,9.99,9.97,9.99,0.2,200.0,10.71,8.84
RMF2,6/16/2026,10.0,10.3,9.97,10.19,1.9,14499.0,10.71,8.84
RMF2,6/17/2026,10.0,10.2,10.0,10.2,2.0,300.0,10.71,8.84
RMF2,6/18/2026,10.2,10.3,10.2,10.3,0.98,4700.0,10.71,8.84
RMF2,6/19/2026,10.2,10.2,10.2,10.2,0.0,400.0,10.71,8.84
RMF2,6/22/2026,10.2,10.2,10.0,10.0,-1.96,300.0,10.71,8.84
RMF2,6/23/2026,9.71,10.0,9.71,10.0,2.99,400.0,10.71,8.84
RMF2,6/24/2026,9.82,9.82,9.82,9.82,0.0,100.0,10.71,8.84
RMF2,6/26/2026,10.0,10.41,10.0,10.41,4.1,200.0,10.71,8.84
RMF2,6/29/2026,10.1,10.41,10.1,10.1,0.0,6800.0,10.71,8.84
RMF2,6/30/2026,10.0,10.0,10.0,10.0,0.0,300.0,10.71,8.84
RMF2,7/1/2026,10.0,10.25,10.0,10.25,2.5,1000.0,10.71,8.84
RMF2,7/2/2026,9.96,10.0,9.96,10.0,0.4,1200.0,10.71,8.84
RMF2,7/6/2026,10.2,10.4,10.1,10.1,-0.98,7350.0,10.71,8.84
RMF2,7/8/2026,9.81,10.1,9.81,10.1,2.96,1100.0,10.71,8.84
RMF2,7/9/2026,10.0,10.2,10.0,10.0,0.0,800.0,10.71,8.84
RMF2,7/10/2026,9.95,9.95,9.95,9.95,0.0,100.0,10.71,8.84
RMF2,7/13/2026,9.9,10.0,9.71,9.71,-1.92,570.0,10.71,8.84
RMF2,7/14/2026,9.42,9.7,9.42,9.7,2.97,2100.0,10.71,8.84
RMF2,7/15/2026,9.64,9.93,9.64,9.93,3.01,214700.0,10.71,8.84
RMF2,7/16/2026,10.0,10.3,10.0,10.0,0.0,3100.0,10.71,8.84
RMF2,7/17/2026,9.9,9.92,9.9,9.92,0.2,400.0,10.71,8.84
RMF2,7/20/2026,9.65,9.99,9.65,9.99,3.52,2600.0,10.71,8.84
RMF2,7/21/2026,9.77,10.3,9.77,10.3,5.42,8210.0,10.71,8.84
RMF2,7/22/2026,10.25,10.25,10.1,10.12,-1.27,1100.0,10.71,8.84
RMF2,7/24/2026,9.9,10.12,9.9,10.12,2.22,450.0,10.71,8.84
RMF2,7/27/2026,10.16,10.16,10.12,10.12,-0.39,3350.0,10.71,8.84
RMF2,7/28/2026,10.0,10.0,10.0,10.0,0.0,1100.0,10.71,8.84
RMF2,7/29/2026,9.8,10.0,9.8,9.97,1.73,1400.0,10.71,8.84
RMF2,7/30/2026,9.7,10.07,9.7,10.07,3.81,2600.0,10.71,8.84
RMF2,8/3/2026,9.8,9.8,9.8,9.8,0.0,100.0,10.71,8.84
RMF2,8/4/2026,9.7,9.72,9.7,9.72,0.21,300.0,10.71,8.84
RMF2,8/5/2026,9.63,9.63,9.63,9.63,0.0,100.0,10.71,8.84
RMF2,8/6/2026,9.64,9.85,9.64,9.85,2.18,600.0,10.71,8.84
RMF2,8/7/2026,9.73,9.79,9.73,9.79,0.62,300.0,10.71,8.84
RMF2,8/10/2026,9.63,9.73,9.63,9.73,1.04,5100.0,10.71,8.84
RMF2,8/11/2026,9.82,9.82,9.82,9.82,0.0,100.0,10.71,8.84
RMF2,8/12/2026,9.81,9.81,9.81,9.81,0.0,100.0,10.71,8.84
RMF2,8/13/2026,9.9,10.1,9.9,10.1,2.02,11200.0,10.71,8.84
RMF2,8/14/2026,10.1,10.1,10.07,10.1,0.0,5300.0,10.71,8.84
RMF2,8/17/2026,10.1,10.1,10.1,10.1,0.0,100.0,10.71,8.84
RMF2,8/20/2026,10.1,10.1,10.1,10.1,0.0,420.0,10.71,8.84
RMF2,8/21/2026,10.1,10.1,10.1,10.1,0.0,1050.0,10.71,8.84
RMF2,8/24/2026,10.01,10.01,10.01,10.01,0.0,100.0,10.71,8.84
RMF2,8/25/2026,10.0,10.0,10.0,10.0,0.0,3000.0,10.71,8.84
RMF2,8/26/2026,9.81,9.81,9.81,9.81,0.0,200.0,10.71,8.84
RMF2,8/27/2026,9.76,9.76,9.76,9.76,0.0,100.0,10.71,8.84
RMF2,8/31/2026,9.78,9.78,9.76,9.76,-0.2,55695.0,10.71,8.84
RMF2,9/1/2026,9.7,9.99,9.7,9.7,0.0,30200.0,10.71,8.84
RMF2,9/2/2026,9.41,9.41,9.2,9.28,-1.38,500.0,10.71,8.84
RMF2,9/7/2026,9.5,9.7,9.5,9.7,2.11,700.0,10.71,8.84
RMF2,9/9/2026,9.7,9.8,9.61,9.75,0.52,10500.0,10.71,8.84
RMF2,9/11/2026,9.75,9.75,9.75,9.75,0.0,410.0,10.71,8.84
RMF2,9/14/2026,9.75,9.75,9.75,9.75,0.0,100.0,10.71,8.84
RMF2,9/15/2026,9.57,9.76,9.57,9.76,1.99,200.0,10.71,8.84
RMF2,9/16/2026,9.56,9.76,9.56,9.76,2.09,300.0,10.71,8.84
RMF2,9/17/2026,9.7,9.75,9.7,9.75,0.52,300.0,10.71,8.84
RMF2,9/18/2026,10.04,10.23,10.04,10.17,1.29,46000.0,10.71,8.84
RMF2,9/22/2026,10.17,10.18,9.9,10.18,0.1,8900.0,10.71,8.84
RMF2,9/23/2026,9.92,10.04,9.92,10.03,1.11,8200.0,10.71,8.84
RMF2,9/24/2026,10.25,10.5,10.11,10.29,0.39,89745.0,10.71,8.84
RMF2,9/28/2026,9.99,9.99,9.85,9.85,-1.4,18000.0,10.71,8.84
RMF2,9/29/2026,9.56,9.56,9.35,0.0,-100.0,200.0,10.71,8.84
RMF2,9/30/2026,9.41,9.41,8.93,9.19,-2.34,8000.0,10.71,8.84
RMF2,10/1/2026,9.46,9.46,9.22,9.22,-2.54,2100.0,10.71,8.84
RMF2,10/2/2026,9.25,9.49,9.25,9.49,2.59,261.0,10.71,8.84
RNLI,12/21/2025,490.0,490.2,475.0,478.0,,92451.0,520.2,402.0
RNLI,12/22/2025,471.0,475.0,467.0,467.5,-2.2,86615.0,520.2,402.0
RNLI,12/23/2025,465.0,472.0,462.0,466.3,-0.26,31752.0,520.2,402.0
RNLI,12/24/2025,475.6,475.6,466.1,467.0,0.15,22752.0,520.2,402.0
RNLI,12/28/2025,470.0,479.9,469.0,475.6,1.84,42943.0,520.2,402.0
RNLI,12/29/2025,484.9,484.9,472.1,472.3,-0.69,27673.0,520.2,402.0
RNLI,12/31/2025,481.7,481.7,472.2,476.0,0.78,37483.0,520.2,402.0
RNLI,1/1/2026,480.0,480.0,474.1,475.9,-0.02,42147.0,520.2,402.0
RNLI,1/4/2026,476.1,477.0,473.0,476.0,0.02,60619.0,520.2,402.0
RNLI,1/5/2026,466.5,466.5,457.2,465.4,-2.23,66915.0,520.2,402.0
RNLI,1/6/2026,465.0,470.0,462.4,466.0,0.13,28158.0,520.2,402.0
RNLI,1/7/2026,475.3,475.3,460.0,461.1,-1.05,41260.0,520.2,402.0
RNLI,1/8/2026,451.9,467.8,451.9,467.0,1.28,50532.0,520.2,402.0
RNLI,1/12/2026,460.2,467.5,460.2,464.0,-0.64,28756.0,520.2,402.0
RNLI,1/13/2026,464.0,470.0,462.5,463.7,-0.06,46595.0,520.2,402.0
RNLI,1/14/2026,463.7,466.0,462.0,463.6,-0.02,28405.0,520.2,402.0
RNLI,1/18/2026,463.0,469.0,462.3,466.0,0.52,57801.0,520.2,402.0
RNLI,1/20/2026,466.0,477.8,466.0,476.8,2.32,85579.0,520.2,402.0
RNLI,1/21/2026,482.8,482.8,474.5,476.0,-0.17,40538.0,520.2,402.0
RNLI,1/22/2026,474.0,477.0,472.0,475.0,-0.21,33963.0,520.2,402.0
RNLI,1/25/2026,475.0,485.1,465.6,483.0,1.68,42615.0,520.2,402.0
RNLI,1/26/2026,485.0,485.0,475.1,481.0,-0.41,52313.0,520.2,402.0
RNLI,1/27/2026,481.0,481.0,469.0,470.0,-2.29,68256.0,520.2,402.0
RNLI,1/28/2026,463.1,471.0,463.1,469.5,-0.11,23002.0,520.2,402.0
RNLI,1/29/2026,469.5,470.0,464.2,466.0,-0.75,47967.0,520.2,402.0
RNLI,2/1/2026,473.0,473.0,460.8,461.3,-1.01,44230.0,520.2,402.0
RNLI,2/2/2026,462.0,465.0,460.2,461.8,0.11,32505.0,520.2,402.0
RNLI,2/3/2026,460.1,464.0,460.1,460.4,-0.3,13891.0,520.2,402.0
RNLI,2/4/2026,461.9,464.5,457.3,462.0,0.35,20753.0,520.2,402.0
RNLI,2/5/2026,462.0,467.1,458.0,467.1,1.1,47561.0,520.2,402.0
RNLI,2/8/2026,467.0,470.4,462.3,463.1,-0.86,37168.0,520.2,402.0
RNLI,2/9/2026,462.0,462.0,457.0,458.9,-0.91,26654.0,520.2,402.0
RNLI,2/10/2026,456.5,460.1,454.7,454.7,-0.92,29031.0,520.2,402.0
RNLI,2/11/2026,458.0,458.0,452.2,453.0,-0.37,28692.0,520.2,402.0
RNLI,2/12/2026,453.0,455.9,450.2,455.0,0.44,27426.0,520.2,402.0
RNLI,2/16/2026,464.1,464.1,451.5,455.0,0.0,30332.0,520.2,402.0
RNLI,2/17/2026,462.0,462.0,451.0,453.0,-0.44,20652.0,520.2,402.0
RNLI,2/22/2026,462.0,462.0,448.1,450.0,-0.66,19072.0,520.2,402.0
RNLI,2/23/2026,459.0,459.0,447.2,448.7,-0.29,16905.0,520.2,402.0
RNLI,2/24/2026,457.6,457.6,445.0,453.5,1.07,12314.0,520.2,402.0
RNLI,2/25/2026,458.0,468.9,452.0,468.0,3.2,53095.0,520.2,402.0
RNLI,2/26/2026,477.3,477.3,461.1,468.9,0.19,22853.0,520.2,402.0
RNLI,2/27/2026,477.3,477.3,461.1,468.9,0.0,22853.0,520.2,402.0
RNLI,2/28/2026,477.3,477.3,461.1,468.9,0.0,22853.0,520.2,402.0
RNLI,3/2/2026,468.9,472.5,457.0,471.0,0.45,38574.0,520.2,402.0
RNLI,3/3/2026,480.4,482.0,464.0,481.0,2.12,53285.0,520.2,402.0
RNLI,3/4/2026,480.4,482.0,464.0,481.0,0.0,53285.0,520.2,402.0
RNLI,3/5/2026,480.4,482.0,464.0,481.0,0.0,53285.0,520.2,402.0
RNLI,3/6/2026,480.4,482.0,464.0,481.0,0.0,53285.0,520.2,402.0
RNLI,3/7/2026,480.4,482.0,464.0,481.0,0.0,53285.0,520.2,402.0
RNLI,3/8/2026,480.4,482.0,464.0,481.0,0.0,53285.0,520.2,402.0
RNLI,3/9/2026,490.6,520.2,490.6,520.2,8.15,3443.0,520.2,402.0
RNLI,3/10/2026,515.0,520.0,492.0,503.1,-3.29,157164.0,520.2,402.0
RNLI,3/11/2026,513.0,513.0,489.0,498.0,-1.01,76551.0,520.2,402.0
RNLI,3/12/2026,498.0,499.9,488.1,499.0,0.2,53453.0,520.2,402.0
RNLI,3/13/2026,498.0,499.9,488.1,499.0,0.0,53453.0,520.2,402.0
RNLI,3/14/2026,498.0,499.9,488.1,499.0,0.0,53453.0,520.2,402.0
RNLI,3/15/2026,508.9,508.9,489.0,490.0,-1.8,36467.0,520.2,402.0
RNLI,3/16/2026,495.0,498.8,479.0,480.0,-2.04,46300.0,520.2,402.0
RNLI,3/17/2026,485.0,485.0,479.2,480.0,0.0,60823.0,520.2,402.0
RNLI,3/18/2026,485.0,485.0,479.2,480.0,0.0,60823.0,520.2,402.0
RNLI,3/19/2026,480.0,496.0,480.0,495.0,3.12,59072.0,520.2,402.0
RNLI,3/20/2026,480.0,496.0,480.0,495.0,0.0,59072.0,520.2,402.0
RNLI,3/21/2026,480.0,496.0,480.0,495.0,0.0,59072.0,520.2,402.0
RNLI,3/22/2026,495.0,510.0,495.0,504.0,1.82,115500.0,520.2,402.0
RNLI,3/23/2026,504.0,509.8,496.0,502.0,-0.4,74705.0,520.2,402.0
RNLI,3/24/2026,503.0,504.0,496.4,500.1,-0.38,57419.0,520.2,402.0
RNLI,3/25/2026,500.0,501.0,490.3,495.0,-1.02,63246.0,520.2,402.0
RNLI,3/26/2026,490.0,496.2,487.0,492.1,0.43,44526.0,520.2,402.0
RNLI,3/29/2026,501.9,501.9,478.3,481.0,-4.16,75802.0,520.2,402.0
RNLI,3/30/2026,478.0,485.0,473.7,474.1,-0.82,44028.0,520.2,402.0
RNLI,3/31/2026,473.0,482.8,467.2,477.0,0.85,43935.0,520.2,402.0
RNLI,4/1/2026,473.2,478.8,465.0,468.5,-0.99,38508.0,520.2,402.0
RNLI,4/2/2026,460.5,472.4,460.5,469.0,1.85,34933.0,520.2,402.0
RNLI,4/5/2026,461.1,464.0,453.0,454.0,-1.54,45889.0,520.2,402.0
RNLI,4/6/2026,454.0,466.7,452.0,465.0,2.42,39706.0,520.2,402.0
RNLI,4/7/2026,465.0,469.9,463.0,465.0,0.0,50597.0,520.2,402.0
RNLI,4/8/2026,468.0,471.9,464.0,470.8,0.6,19147.0,520.2,402.0
RNLI,4/9/2026,479.0,479.0,465.6,475.0,-0.84,28591.0,520.2,402.0
RNLI,4/10/2026,474.0,475.0,467.5,468.0,-1.27,18488.0,520.2,402.0
RNLI,4/13/2026,465.1,473.5,465.1,466.0,0.19,9671.0,520.2,402.0
RNLI,4/15/2026,467.2,477.0,467.2,470.2,0.64,30744.0,520.2,402.0
RNLI,4/16/2026,468.1,474.0,468.1,468.8,0.15,25212.0,520.2,402.0
RNLI,4/17/2026,467.0,469.7,465.0,469.7,0.58,15386.0,520.2,402.0
RNLI,4/20/2026,470.0,473.0,460.0,465.0,-1.06,12293.0,520.2,402.0
RNLI,4/21/2026,455.0,466.0,455.0,463.0,1.76,7430.0,520.2,402.0
RNLI,4/22/2026,457.0,465.0,456.8,460.1,0.68,31773.0,520.2,402.0
RNLI,4/23/2026,457.1,463.0,455.0,457.7,0.13,11273.0,520.2,402.0
RNLI,4/24/2026,457.0,460.0,455.0,458.0,0.22,9676.0,520.2,402.0
RNLI,4/27/2026,458.0,469.0,455.5,469.0,2.4,50640.0,520.2,402.0
RNLI,4/28/2026,469.0,465.0,460.0,461.9,-1.51,15629.0,520.2,402.0
RNLI,4/29/2026,461.9,470.0,456.3,459.0,-0.63,17090.0,520.2,402.0
RNLI,4/30/2026,457.1,461.0,454.0,460.1,0.66,13805.0,520.2,402.0
RNLI,5/4/2026,456.0,460.0,456.0,456.1,0.02,12187.0,520.2,402.0
RNLI,5/5/2026,452.1,459.0,451.2,456.0,0.86,10764.0,520.2,402.0
RNLI,5/6/2026,456.0,460.0,453.0,458.0,0.44,4222.0,520.2,402.0
RNLI,5/7/2026,457.0,461.0,457.0,459.9,0.63,10239.0,520.2,402.0
RNLI,5/8/2026,459.0,468.8,459.0,462.0,0.65,11927.0,520.2,402.0
RNLI,5/11/2026,462.1,468.8,462.0,467.0,1.06,10629.0,520.2,402.0
RNLI,5/12/2026,466.0,467.0,460.4,463.5,-0.54,14870.0,520.2,402.0
RNLI,5/13/2026,457.9,464.5,455.2,461.0,0.68,5804.0,520.2,402.0
RNLI,5/14/2026,461.0,464.0,456.0,458.0,-0.65,4271.0,520.2,402.0
RNLI,5/15/2026,480.9,480.9,454.2,458.6,-4.64,6859.0,520.2,402.0
RNLI,5/18/2026,459.0,465.0,456.2,458.0,-0.22,9428.0,520.2,402.0
RNLI,5/19/2026,460.0,469.9,458.4,459.2,-0.17,14106.0,520.2,402.0
RNLI,5/20/2026,458.1,470.0,458.1,465.2,1.55,12313.0,520.2,402.0
RNLI,5/21/2026,464.0,465.4,462.1,462.5,-0.32,14028.0,520.2,402.0
RNLI,5/22/2026,461.2,465.8,461.2,465.0,0.82,9340.0,520.2,402.0
RNLI,5/25/2026,466.0,471.0,461.0,469.4,0.73,34869.0,520.2,402.0
RNLI,5/26/2026,465.5,470.9,465.5,469.4,0.84,18142.0,520.2,402.0
RNLI,5/27/2026,465.0,473.0,465.0,468.2,0.69,9758.0,520.2,402.0
RNLI,6/1/2026,468.0,472.0,460.0,466.0,-0.43,8701.0,520.2,402.0
RNLI,6/2/2026,466.0,469.5,460.4,467.9,0.41,8457.0,520.2,402.0
RNLI,6/3/2026,467.0,481.0,462.3,478.2,2.4,67095.0,520.2,402.0
RNLI,6/4/2026,478.2,483.0,473.0,476.0,-0.46,16395.0,520.2,402.0
RNLI,6/5/2026,470.0,477.0,470.0,474.5,0.96,22198.0,520.2,402.0
RNLI,6/8/2026,473.4,475.0,468.1,470.1,-0.7,28793.0,520.2,402.0
RNLI,6/9/2026,470.0,479.8,463.2,469.0,-0.21,22953.0,520.2,402.0
RNLI,6/10/2026,469.9,479.9,466.0,468.0,-0.4,7862.0,520.2,402.0
RNLI,6/11/2026,465.0,470.0,465.0,466.0,0.22,11621.0,520.2,402.0
RNLI,6/12/2026,466.0,466.1,463.2,465.4,-0.13,9608.0,520.2,402.0
RNLI,6/15/2026,462.1,464.0,462.0,463.8,0.37,9858.0,520.2,402.0
RNLI,6/16/2026,459.4,462.0,459.2,459.2,-0.04,19061.0,520.2,402.0
RNLI,6/17/2026,459.2,462.0,458.1,459.6,0.09,7078.0,520.2,402.0
RNLI,6/18/2026,457.3,461.0,457.3,458.7,0.31,8074.0,520.2,402.0
RNLI,6/19/2026,458.5,460.0,455.3,459.0,0.11,17620.0,520.2,402.0
RNLI,6/22/2026,456.3,464.0,456.2,459.0,0.59,10002.0,520.2,402.0
RNLI,6/23/2026,456.5,457.0,452.4,456.5,0.0,14678.0,520.2,402.0
RNLI,6/24/2026,456.0,457.0,450.2,454.8,-0.26,25513.0,520.2,402.0
RNLI,6/26/2026,452.0,453.0,450.1,451.0,-0.22,13883.0,520.2,402.0
RNLI,6/29/2026,450.5,451.0,447.4,447.4,-0.69,9263.0,520.2,402.0
RNLI,6/30/2026,444.6,447.4,444.1,444.1,-0.11,9182.0,520.2,402.0
RNLI,7/1/2026,440.1,451.8,440.1,451.5,2.59,5521.0,520.2,402.0
RNLI,7/2/2026,451.5,452.9,447.0,449.0,-0.55,5246.0,520.2,402.0
RNLI,7/3/2026,446.0,453.3,446.0,452.0,1.35,4195.0,520.2,402.0
RNLI,7/6/2026,452.0,452.5,447.0,452.0,0.0,8176.0,520.2,402.0
RNLI,7/7/2026,455.0,460.0,447.2,449.3,-1.25,13131.0,520.2,402.0
RNLI,7/8/2026,448.0,450.0,445.3,448.5,0.11,13422.0,520.2,402.0
RNLI,7/9/2026,445.5,449.9,445.5,449.7,0.94,14625.0,520.2,402.0
RNLI,7/10/2026,449.7,449.7,442.0,444.0,-1.27,15966.0,520.2,402.0
RNLI,7/13/2026,440.5,443.9,437.0,439.9,-0.14,17502.0,520.2,402.0
RNLI,7/14/2026,439.0,442.8,436.0,440.0,0.23,12497.0,520.2,402.0
RNLI,7/15/2026,440.0,444.7,437.0,441.8,0.41,5624.0,520.2,402.0
RNLI,7/16/2026,437.1,443.0,437.1,440.0,0.66,6013.0,520.2,402.0
RNLI,7/17/2026,436.0,451.8,436.0,451.8,3.62,9257.0,520.2,402.0
RNLI,7/20/2026,455.0,463.0,446.5,459.5,0.99,9225.0,520.2,402.0
RNLI,7/21/2026,460.5,463.7,456.0,458.9,-0.35,34536.0,520.2,402.0
RNLI,7/22/2026,450.1,459.0,450.1,456.7,1.47,15294.0,520.2,402.0
RNLI,7/23/2026,445.1,458.0,445.1,458.0,2.9,13601.0,520.2,402.0
RNLI,7/24/2026,451.1,458.0,451.1,455.0,0.86,10240.0,520.2,402.0
RNLI,7/27/2026,451.1,458.0,441.4,445.0,-1.35,64248.0,520.2,402.0
RNLI,7/28/2026,444.0,446.0,440.9,444.0,0.0,17410.0,520.2,402.0
RNLI,7/29/2026,440.0,448.8,440.0,445.9,1.34,12355.0,520.2,402.0
RNLI,7/30/2026,440.3,444.0,440.3,441.9,0.36,8512.0,520.2,402.0
RNLI,7/31/2026,440.2,444.8,439.5,444.5,0.98,11354.0,520.2,402.0
RNLI,8/3/2026,430.0,445.0,430.0,442.9,3.0,9208.0,520.2,402.0
RNLI,8/4/2026,446.0,446.0,429.0,435.0,-2.47,48579.0,520.2,402.0
RNLI,8/5/2026,430.1,438.4,430.1,437.7,1.77,9514.0,520.2,402.0
RNLI,8/6/2026,416.0,435.0,416.0,432.5,3.97,27466.0,520.2,402.0
RNLI,8/7/2026,428.0,431.9,428.0,431.7,0.86,8967.0,520.2,402.0
RNLI,8/10/2026,431.7,434.0,423.0,424.0,-1.78,21810.0,520.2,402.0
RNLI,8/11/2026,421.0,426.0,418.0,422.9,0.45,23788.0,520.2,402.0
RNLI,8/12/2026,421.1,425.9,421.1,421.5,0.09,18238.0,520.2,402.0
RNLI,8/13/2026,421.5,426.9,421.5,426.4,1.16,14413.0,520.2,402.0
RNLI,8/14/2026,426.4,428.0,422.5,427.0,0.14,12809.0,520.2,402.0
RNLI,8/17/2026,428.0,428.0,423.1,426.2,-0.42,13204.0,520.2,402.0
RNLI,8/18/2026,429.0,429.0,421.0,426.0,-0.7,14581.0,520.2,402.0
RNLI,8/19/2026,426.0,426.0,420.0,421.4,-1.08,12683.0,520.2,402.0
RNLI,8/20/2026,422.1,428.9,420.4,428.9,1.61,10189.0,520.2,402.0
RNLI,8/21/2026,427.0,430.0,425.0,426.8,-0.05,8950.0,520.2,402.0
RNLI,8/24/2026,427.0,435.0,422.5,423.0,-0.94,9249.0,520.2,402.0
RNLI,8/25/2026,420.5,430.0,420.0,420.6,0.02,7905.0,520.2,402.0
RNLI,8/26/2026,420.5,420.5,410.0,413.1,-1.76,37459.0,520.2,402.0
RNLI,8/27/2026,410.0,419.8,407.0,415.0,1.22,4954.0,520.2,402.0
RNLI,8/31/2026,415.0,420.0,407.0,408.0,-1.69,17767.0,520.2,402.0
RNLI,9/1/2026,428.0,428.0,402.0,406.5,-5.02,9120.0,520.2,402.0
RNLI,9/2/2026,423.0,423.0,402.6,407.9,-3.57,10977.0,520.2,402.0
RNLI,9/3/2026,405.0,411.9,405.0,410.0,1.23,8261.0,520.2,402.0
RNLI,9/7/2026,411.0,414.7,410.0,414.0,0.73,5480.0,520.2,402.0
RNLI,9/9/2026,414.0,415.0,410.0,411.0,-0.72,9402.0,520.2,402.0
RNLI,9/10/2026,410.0,419.0,405.6,412.0,0.49,10674.0,520.2,402.0
RNLI,9/11/2026,411.6,429.9,411.6,429.9,4.45,43851.0,520.2,402.0
RNLI,9/14/2026,425.0,435.0,424.0,429.8,1.13,13005.0,520.2,402.0
RNLI,9/15/2026,451.0,451.0,430.0,436.3,-3.26,75061.0,520.2,402.0
RNLI,9/16/2026,433.0,438.9,427.1,429.2,-0.88,23089.0,520.2,402.0
RNLI,9/17/2026,435.0,438.5,431.0,433.0,-0.46,25977.0,520.2,402.0
RNLI,9/18/2026,427.1,444.0,427.1,443.9,3.93,45655.0,520.2,402.0
RNLI,9/22/2026,445.0,451.0,435.2,446.5,0.34,29501.0,520.2,402.0
RNLI,9/23/2026,468.8,468.8,435.4,438.0,-6.57,38210.0,520.2,402.0
RNLI,9/24/2026,436.0,439.0,433.0,438.1,0.48,19571.0,520.2,402.0
RNLI,9/28/2026,439.0,447.0,439.0,441.3,0.52,44299.0,520.2,402.0
RNLI,9/29/2026,459.0,459.0,437.0,0.0,-100.0,10799.0,520.2,402.0
RNLI,9/30/2026,439.8,440.0,436.0,438.2,-0.36,21012.0,520.2,402.0
RNLI,10/1/2026,435.2,440.0,435.2,437.8,0.6,11333.0,520.2,402.0
RNLI,10/2/2026,435.0,440.0,435.0,437.0,0.46,27048.0,520.2,402.0
RRHP,8/28/2018,144.0,148.0,143.0,143.0,,2740.0,739.0,86.0
RRHP,8/29/2018,143.0,144.0,142.0,142.0,-0.7,1890.0,739.0,86.0
RRHP,8/30/2018,141.0,146.0,141.0,146.0,2.82,190.0,739.0,86.0
RRHP,9/2/2018,148.0,153.0,143.0,143.0,-2.05,520.0,739.0,86.0
RRHP,9/3/2018,141.0,151.0,141.0,143.0,0.0,4800.0,739.0,86.0
RRHP,9/4/2018,143.0,145.0,142.0,142.0,-0.7,2810.0,739.0,86.0
RRHP,9/5/2018,142.0,156.0,142.0,153.0,7.75,2980.0,739.0,86.0
RRHP,9/6/2018,150.0,150.0,145.0,147.0,-3.92,4390.0,739.0,86.0
RRHP,9/9/2018,145.0,146.0,142.0,144.0,-2.04,1310.0,739.0,86.0
RRHP,9/10/2018,142.0,145.0,142.0,144.0,0.0,1300.0,739.0,86.0
RRHP,9/11/2018,146.0,146.0,141.0,143.0,-0.69,540.0,739.0,86.0
RRHP,9/12/2018,145.0,146.0,142.0,142.0,-0.7,1610.0,739.0,86.0
RRHP,9/13/2018,140.0,146.0,140.0,143.0,0.7,4120.0,739.0,86.0
RRHP,9/16/2018,143.0,145.0,139.0,142.0,-0.7,420.0,739.0,86.0
RRHP,9/17/2018,141.0,142.0,141.0,141.0,-0.7,360.0,739.0,86.0
RRHP,9/18/2018,143.0,144.0,140.0,144.0,2.13,2650.0,739.0,86.0
RRHP,9/20/2018,142.0,143.0,140.0,142.0,-1.39,790.0,739.0,86.0
RRHP,9/23/2018,140.0,142.0,136.0,142.0,0.0,1430.0,739.0,86.0
RRHP,9/25/2018,141.0,141.0,138.0,138.0,-2.82,2640.0,739.0,86.0
RRHP,9/26/2018,137.0,139.0,136.0,136.0,-1.45,2850.0,739.0,86.0
RRHP,9/27/2018,134.0,137.0,134.0,136.0,0.0,1080.0,739.0,86.0
RRHP,9/30/2018,135.0,138.0,134.0,135.0,-0.74,1880.0,739.0,86.0
RRHP,10/1/2018,133.0,135.0,131.0,134.0,-0.74,460.0,739.0,86.0
RRHP,10/2/2018,132.0,136.0,132.0,134.0,0.0,930.0,739.0,86.0
RRHP,10/3/2018,134.0,135.0,129.0,130.0,-2.99,3120.0,739.0,86.0
RRHP,10/4/2018,129.0,132.0,127.0,129.0,-0.77,1040.0,739.0,86.0
RRHP,10/7/2018,128.0,130.0,127.0,130.0,0.78,660.0,739.0,86.0
RRHP,10/8/2018,129.0,132.0,129.0,130.0,0.0,670.0,739.0,86.0
RRHP,10/9/2018,131.0,131.0,129.0,129.0,-0.77,940.0,739.0,86.0
RRHP,10/10/2018,127.0,130.0,125.0,129.0,0.0,1800.0,739.0,86.0
RRHP,10/11/2018,127.0,129.0,125.0,127.0,-1.55,970.0,739.0,86.0
RRHP,10/14/2018,125.0,131.0,123.0,130.0,2.36,3017.0,739.0,86.0
RRHP,10/15/2018,129.0,132.0,127.0,128.0,-1.54,410.0,739.0,86.0
RRHP,10/25/2018,126.0,126.0,118.0,121.0,-5.47,1305.0,739.0,86.0
RRHP,10/28/2018,119.0,127.0,117.0,127.0,4.96,1110.0,739.0,86.0
RRHP,10/29/2018,125.0,125.0,115.0,117.0,-7.87,570.0,739.0,86.0
RRHP,10/30/2018,118.0,122.0,116.0,118.0,0.85,870.0,739.0,86.0
RRHP,10/31/2018,119.0,122.0,115.0,115.0,-2.54,960.0,739.0,86.0
RRHP,11/1/2018,113.0,117.0,113.0,115.0,0.0,440.0,739.0,86.0
RRHP,11/4/2018,117.0,117.0,108.0,113.0,-1.74,410.0,739.0,86.0
RRHP,11/5/2018,115.0,115.0,112.0,113.0,0.0,300.0,739.0,86.0
RRHP,11/6/2018,113.0,113.0,111.0,111.0,-1.77,10.0,739.0,86.0
RRHP,11/11/2018,111.0,111.0,105.0,108.0,-2.7,70.0,739.0,86.0
RRHP,11/12/2018,110.0,111.0,108.0,110.0,1.85,500.0,739.0,86.0
RRHP,11/13/2018,108.0,112.0,104.0,109.0,-0.91,1300.0,739.0,86.0
RRHP,11/14/2018,107.0,111.0,107.0,111.0,1.83,210.0,739.0,86.0
RRHP,11/15/2018,109.0,111.0,107.0,110.0,-0.9,370.0,739.0,86.0
RRHP,11/18/2018,108.0,112.0,108.0,109.0,-0.91,370.0,739.0,86.0
RRHP,11/19/2018,107.0,111.0,105.0,111.0,1.83,1370.0,739.0,86.0
RRHP,11/20/2018,111.0,114.0,109.0,114.0,2.7,460.0,739.0,86.0
RRHP,11/21/2018,112.0,112.0,110.0,111.0,-2.63,450.0,739.0,86.0
RRHP,11/22/2018,109.0,114.0,107.0,114.0,2.7,531.0,739.0,86.0
RRHP,11/25/2018,112.0,112.0,106.0,106.0,-7.02,1460.0,739.0,86.0
RRHP,11/26/2018,106.0,109.0,106.0,106.0,0.0,700.0,739.0,86.0
RRHP,11/27/2018,104.0,111.0,104.0,109.0,2.83,1140.0,739.0,86.0
RRHP,11/28/2018,107.0,113.0,107.0,109.0,0.0,1230.0,739.0,86.0
RRHP,11/29/2018,108.0,109.0,106.0,107.0,-1.83,380.0,739.0,86.0
RRHP,12/2/2018,105.0,109.0,100.0,109.0,1.87,660.0,739.0,86.0
RRHP,12/3/2018,107.0,107.0,100.0,103.0,-5.5,440.0,739.0,86.0
RRHP,12/4/2018,102.0,109.0,102.0,109.0,5.83,620.0,739.0,86.0
RRHP,12/5/2018,107.0,108.0,103.0,107.0,-1.83,450.0,739.0,86.0
RRHP,12/6/2018,107.0,108.0,101.0,103.0,-3.74,790.0,739.0,86.0
RRHP,12/9/2018,103.0,104.0,103.0,103.0,0.0,290.0,739.0,86.0
RRHP,12/10/2018,103.0,111.0,103.0,111.0,7.77,100.0,739.0,86.0
RRHP,12/11/2018,109.0,109.0,107.0,107.0,-3.6,740.0,739.0,86.0
RRHP,12/12/2018,107.0,107.0,106.0,107.0,0.0,330.0,739.0,86.0
RRHP,12/13/2018,106.0,112.0,106.0,112.0,4.67,790.0,739.0,86.0
RRHP,12/16/2018,112.0,112.0,107.0,107.0,-4.46,1030.0,739.0,86.0
RRHP,12/17/2018,107.0,112.0,107.0,110.0,2.8,170.0,739.0,86.0
RRHP,12/18/2018,111.0,111.0,103.0,104.0,-5.45,200.0,739.0,86.0
RRHP,12/19/2018,104.0,108.0,104.0,108.0,3.85,310.0,739.0,86.0
RRHP,12/20/2018,106.0,109.0,101.0,109.0,0.93,416.0,739.0,86.0
RRHP,12/23/2018,107.0,107.0,105.0,106.0,-2.75,390.0,739.0,86.0
RRHP,12/24/2018,104.0,107.0,102.0,105.0,-0.94,440.0,739.0,86.0
RRHP,12/25/2018,105.0,108.0,103.0,108.0,2.86,840.0,739.0,86.0
RRHP,12/26/2018,106.0,108.0,105.0,106.0,-1.85,260.0,739.0,86.0
RRHP,12/27/2018,107.0,112.0,107.0,110.0,3.77,5470.0,739.0,86.0
RRHP,12/30/2018,108.0,109.0,104.0,104.0,-5.45,190.0,739.0,86.0
RRHP,12/31/2018,105.0,106.0,105.0,105.0,0.96,320.0,739.0,86.0
RRHP,1/1/2019,104.0,107.0,104.0,105.0,0.0,340.0,739.0,86.0
RRHP,1/2/2019,104.0,107.0,104.0,107.0,1.9,1250.0,739.0,86.0
RRHP,1/3/2019,106.0,107.0,103.0,107.0,0.0,230.0,739.0,86.0
RRHP,1/6/2019,106.0,106.0,104.0,105.0,-1.87,170.0,739.0,86.0
RRHP,1/7/2019,105.0,107.0,103.0,107.0,1.9,1250.0,739.0,86.0
RRHP,1/8/2019,106.0,106.0,102.0,104.0,-2.8,170.0,739.0,86.0
RRHP,1/9/2019,103.0,103.0,101.0,103.0,-0.96,170.0,739.0,86.0
RRHP,1/10/2019,103.0,103.0,100.0,103.0,0.0,250.0,739.0,86.0
RRHP,1/13/2019,101.0,103.0,101.0,101.0,-1.94,280.0,739.0,86.0
RRHP,1/14/2019,100.0,104.0,99.0,103.0,1.98,1092.0,739.0,86.0
RRHP,1/15/2019,102.0,104.0,102.0,103.0,0.0,130.0,739.0,86.0
RRHP,1/16/2019,103.0,103.0,100.0,100.0,-2.91,1020.0,739.0,86.0
RRHP,1/17/2019,100.0,104.0,100.0,102.0,2.0,450.0,739.0,86.0
RRHP,1/20/2019,100.0,102.0,99.0,102.0,0.0,400.0,739.0,86.0
RRHP,1/21/2019,100.0,102.0,99.0,99.0,-2.94,760.0,739.0,86.0
RRHP,1/22/2019,98.0,102.0,98.0,99.0,0.0,700.0,739.0,86.0
RRHP,1/23/2019,98.0,101.0,98.0,101.0,2.02,470.0,739.0,86.0
RRHP,1/24/2019,101.0,105.0,100.0,100.0,-0.99,1090.0,739.0,86.0
RRHP,1/27/2019,100.0,101.0,99.0,99.0,-1.0,760.0,739.0,86.0
RRHP,1/28/2019,99.0,100.0,98.0,99.0,0.0,1750.0,739.0,86.0
RRHP,1/29/2019,98.0,100.0,98.0,99.0,0.0,620.0,739.0,86.0
RRHP,1/30/2019,98.0,100.0,98.0,99.0,0.0,460.0,739.0,86.0
RRHP,1/31/2019,99.0,100.0,99.0,99.0,0.0,250.0,739.0,86.0
RRHP,2/3/2019,99.0,99.0,97.0,97.0,-2.02,280.0,739.0,86.0
RRHP,2/4/2019,96.0,99.0,96.0,97.0,0.0,268.0,739.0,86.0
RRHP,2/5/2019,96.0,99.0,96.0,99.0,2.06,270.0,739.0,86.0
RRHP,2/6/2019,98.0,98.0,97.0,98.0,-1.01,730.0,739.0,86.0
RRHP,2/7/2019,97.0,98.0,95.0,96.0,-2.04,1260.0,739.0,86.0
RRHP,2/10/2019,95.0,97.0,95.0,97.0,1.04,610.0,739.0,86.0
RRHP,2/11/2019,96.0,100.0,96.0,100.0,3.09,460.0,739.0,86.0
RRHP,2/12/2019,98.0,104.0,98.0,100.0,0.0,1520.0,739.0,86.0
RRHP,2/13/2019,100.0,101.0,99.0,100.0,0.0,566.0,739.0,86.0
RRHP,2/14/2019,98.0,98.0,96.0,97.0,-3.0,1528.0,739.0,86.0
RRHP,2/17/2019,97.0,100.0,97.0,97.0,0.0,411.0,739.0,86.0
RRHP,2/18/2019,96.0,97.0,93.0,94.0,-3.09,940.0,739.0,86.0
RRHP,2/19/2019,94.0,94.0,92.0,93.0,-1.06,160.0,739.0,86.0
RRHP,2/20/2019,92.0,94.0,91.0,93.0,0.0,330.0,739.0,86.0
RRHP,2/21/2019,92.0,93.0,91.0,91.0,-2.15,470.0,739.0,86.0
RRHP,2/24/2019,90.0,90.0,88.0,89.0,-2.2,452.0,739.0,86.0
RRHP,2/25/2019,88.0,88.0,86.0,88.0,-1.12,410.0,739.0,86.0
RRHP,2/26/2019,87.0,87.0,86.0,86.0,-2.27,190.0,739.0,86.0
RRHP,2/27/2019,87.0,91.0,87.0,89.0,3.49,870.0,739.0,86.0
RRHP,3/3/2019,88.0,90.0,88.0,89.0,0.0,100.0,739.0,86.0
RRHP,3/5/2019,89.0,90.0,88.0,89.0,0.0,430.0,739.0,86.0
RRHP,3/6/2019,90.0,95.0,89.0,94.0,5.62,1171.0,739.0,86.0
RRHP,3/7/2019,94.0,96.0,93.0,96.0,2.13,645.0,739.0,86.0
RRHP,3/10/2019,96.0,96.0,93.0,93.0,-3.12,310.0,739.0,86.0
RRHP,3/11/2019,93.0,94.0,90.0,91.0,-2.15,460.0,739.0,86.0
RRHP,3/12/2019,90.0,94.0,90.0,94.0,3.3,540.0,739.0,86.0
RRHP,3/13/2019,93.0,95.0,93.0,94.0,0.0,300.0,739.0,86.0
RRHP,3/14/2019,93.0,100.0,93.0,100.0,6.38,3430.0,739.0,86.0
RRHP,3/17/2019,102.0,107.0,100.0,105.0,5.0,2875.0,739.0,86.0
RRHP,3/18/2019,103.0,104.0,100.0,101.0,-3.81,430.0,739.0,86.0
RRHP,3/19/2019,101.0,101.0,98.0,99.0,-1.98,90.0,739.0,86.0
RRHP,3/21/2019,98.0,98.0,97.0,98.0,-1.01,320.0,739.0,86.0
RRHP,3/24/2019,98.0,99.0,100.0,99.0,1.02,430.0,739.0,86.0
RRHP,3/25/2019,98.0,100.0,96.0,97.0,-2.02,1140.0,739.0,86.0
RRHP,3/26/2019,97.0,97.0,94.0,95.0,-2.06,560.0,739.0,86.0
RRHP,3/27/2019,94.0,98.0,93.0,97.0,2.11,630.0,739.0,86.0
RRHP,3/28/2019,96.0,97.0,95.0,96.0,-1.03,490.0,739.0,86.0
RRHP,3/31/2019,96.0,97.0,95.0,96.0,0.0,440.0,739.0,86.0
RRHP,4/1/2019,96.0,97.0,95.0,95.0,-1.04,761.0,739.0,86.0
RRHP,4/2/2019,94.0,95.0,93.0,93.0,-2.11,610.0,739.0,86.0
RRHP,4/3/2019,92.0,94.0,91.0,93.0,0.0,280.0,739.0,86.0
RRHP,4/4/2019,93.0,94.0,91.0,91.0,-2.15,480.0,739.0,86.0
RRHP,4/7/2019,91.0,92.0,90.0,90.0,-1.1,920.0,739.0,86.0
RRHP,4/8/2019,91.0,93.0,91.0,92.0,2.22,380.0,739.0,86.0
RRHP,4/9/2019,91.0,95.0,91.0,94.0,2.17,1210.0,739.0,86.0
RRHP,4/10/2019,93.0,96.0,93.0,93.0,-1.06,410.0,739.0,86.0
RRHP,4/11/2019,93.0,94.0,92.0,92.0,-1.08,467.0,739.0,86.0
RRHP,4/15/2019,91.0,95.0,91.0,95.0,3.26,320.0,739.0,86.0
RRHP,4/16/2019,95.0,95.0,94.0,94.0,-1.05,230.0,739.0,86.0
RRHP,4/17/2019,93.0,94.0,93.0,93.0,-1.06,250.0,739.0,86.0
RRHP,4/18/2019,92.0,93.0,91.0,91.0,-2.15,520.0,739.0,86.0
RRHP,4/21/2019,91.0,92.0,90.0,91.0,0.0,280.0,739.0,86.0
RRHP,4/22/2019,91.0,93.0,91.0,91.0,0.0,201.0,739.0,86.0
RRHP,4/23/2019,91.0,92.0,91.0,91.0,0.0,340.0,739.0,86.0
RRHP,4/24/2019,91.0,92.0,91.0,91.0,0.0,240.0,739.0,86.0
RRHP,4/25/2019,91.0,93.0,91.0,91.0,0.0,250.0,739.0,86.0
RRHP,4/28/2019,91.0,94.0,91.0,93.0,2.2,370.0,739.0,86.0
RRHP,4/29/2019,92.0,92.0,91.0,91.0,-2.15,210.0,739.0,86.0
RRHP,4/30/2019,91.0,97.0,91.0,97.0,6.59,780.0,739.0,86.0
RRHP,5/2/2019,96.0,96.0,93.0,93.0,-4.12,200.0,739.0,86.0
RRHP,5/5/2019,92.0,94.0,92.0,94.0,1.08,260.0,739.0,86.0
RRHP,5/6/2019,93.0,95.0,93.0,94.0,0.0,560.0,739.0,86.0
RRHP,5/7/2019,93.0,96.0,93.0,94.0,0.0,770.0,739.0,86.0
RRHP,5/8/2019,93.0,94.0,92.0,93.0,-1.06,209.0,739.0,86.0
RRHP,5/9/2019,94.0,94.0,92.0,92.0,-1.08,584.0,739.0,86.0
RRHP,5/12/2019,92.0,93.0,91.0,92.0,0.0,560.0,739.0,86.0
RRHP,5/13/2019,92.0,94.0,92.0,93.0,1.09,220.0,739.0,86.0
RRHP,5/14/2019,92.0,95.0,92.0,94.0,1.08,1830.0,739.0,86.0
RRHP,5/15/2019,94.0,95.0,93.0,94.0,0.0,190.0,739.0,86.0
RRHP,5/16/2019,93.0,94.0,93.0,93.0,-1.06,180.0,739.0,86.0
RRHP,5/19/2019,92.0,94.0,92.0,94.0,1.08,280.0,739.0,86.0
RRHP,5/20/2019,93.0,95.0,93.0,93.0,-1.06,370.0,739.0,86.0
RRHP,5/21/2019,93.0,95.0,92.0,94.0,1.08,620.0,739.0,86.0
RRHP,5/22/2019,93.0,103.0,93.0,103.0,9.57,7560.0,739.0,86.0
RRHP,5/23/2019,101.0,101.0,94.0,96.0,-6.8,2240.0,739.0,86.0
RRHP,5/26/2019,96.0,97.0,95.0,95.0,-1.04,730.0,739.0,86.0
RRHP,5/27/2019,94.0,95.0,94.0,94.0,-1.05,200.0,739.0,86.0
RRHP,5/28/2019,93.0,96.0,93.0,95.0,1.06,350.0,739.0,86.0
RRHP,5/29/2019,96.0,97.0,95.0,96.0,1.05,320.0,739.0,86.0
RRHP,5/30/2019,97.0,105.0,97.0,104.0,8.33,6530.0,739.0,86.0
RRHP,6/2/2019,102.0,107.0,102.0,105.0,0.96,4050.0,739.0,86.0
RRHP,6/3/2019,103.0,110.0,103.0,107.0,1.9,3300.0,739.0,86.0
RRHP,6/4/2019,109.0,109.0,104.0,106.0,-0.93,2180.0,739.0,86.0
RRHP,6/6/2019,104.0,106.0,103.0,104.0,-1.89,1810.0,739.0,86.0
RRHP,6/10/2019,102.0,104.0,100.0,103.0,-0.96,370.0,739.0,86.0
RRHP,6/11/2019,104.0,106.0,103.0,104.0,0.97,1600.0,739.0,86.0
RRHP,6/12/2019,103.0,106.0,102.0,104.0,0.0,650.0,739.0,86.0
RRHP,6/13/2019,103.0,110.0,103.0,107.0,2.88,1110.0,739.0,86.0
RRHP,6/16/2019,107.0,107.0,103.0,104.0,-2.8,1260.0,739.0,86.0
RRHP,6/17/2019,102.0,111.0,102.0,108.0,3.85,2020.0,739.0,86.0
RRHP,6/18/2019,107.0,112.0,104.0,112.0,3.7,3090.0,739.0,86.0
RRHP,6/19/2019,110.0,111.0,108.0,111.0,-0.89,1770.0,739.0,86.0
RRHP,6/20/2019,109.0,113.0,107.0,113.0,1.8,3620.0,739.0,86.0
RRHP,6/23/2019,113.0,117.0,109.0,110.0,-2.65,945.0,739.0,86.0
RRHP,6/24/2019,110.0,111.0,109.0,111.0,0.91,730.0,739.0,86.0
RRHP,6/25/2019,113.0,113.0,109.0,113.0,1.8,3480.0,739.0,86.0
RRHP,6/26/2019,111.0,114.0,109.0,114.0,0.88,1040.0,739.0,86.0
RRHP,6/27/2019,116.0,116.0,110.0,115.0,0.88,608.0,739.0,86.0
RRHP,6/30/2019,115.0,115.0,106.0,107.0,-6.96,760.0,739.0,86.0
RRHP,7/1/2019,106.0,112.0,106.0,110.0,2.8,405.0,739.0,86.0
RRHP,7/2/2019,110.0,114.0,108.0,114.0,3.64,1190.0,739.0,86.0
RRHP,7/3/2019,112.0,113.0,108.0,109.0,-4.39,3700.0,739.0,86.0
RRHP,7/4/2019,107.0,110.0,107.0,108.0,-0.92,240.0,739.0,86.0
RRHP,7/7/2019,108.0,113.0,107.0,113.0,4.63,260.0,739.0,86.0
RRHP,7/8/2019,111.0,111.0,107.0,107.0,-5.31,760.0,739.0,86.0
RRHP,7/9/2019,107.0,111.0,107.0,109.0,1.87,573.0,739.0,86.0
RRHP,7/10/2019,107.0,110.0,107.0,108.0,-0.92,260.0,739.0,86.0
RRHP,7/11/2019,107.0,109.0,107.0,109.0,0.93,340.0,739.0,86.0
RRHP,7/14/2019,107.0,108.0,107.0,108.0,-0.92,280.0,739.0,86.0
RRHP,7/15/2019,106.0,113.0,106.0,113.0,4.63,140.0,739.0,86.0
RRHP,7/16/2019,113.0,113.0,113.0,113.0,0.0,510.0,739.0,86.0
RRHP,7/17/2019,112.0,112.0,108.0,110.0,-2.65,180.0,739.0,86.0
RRHP,7/18/2019,110.0,110.0,105.0,108.0,-1.82,170.0,739.0,86.0
RRHP,7/21/2019,106.0,107.0,105.0,107.0,-0.93,210.0,739.0,86.0
RRHP,7/22/2019,105.0,106.0,105.0,106.0,-0.93,190.0,739.0,86.0
RRHP,7/23/2019,108.0,109.0,106.0,108.0,1.89,80.0,739.0,86.0
RRHP,7/24/2019,106.0,108.0,106.0,107.0,-0.93,140.0,739.0,86.0
RRHP,7/25/2019,105.0,106.0,104.0,104.0,-2.8,1390.0,739.0,86.0
RRHP,7/28/2019,104.0,104.0,104.0,104.0,0.0,345.0,739.0,86.0
RRHP,7/29/2019,105.0,105.0,103.0,104.0,0.0,240.0,739.0,86.0
RRHP,7/30/2019,104.0,105.0,104.0,104.0,0.0,370.0,739.0,86.0
RRHP,7/31/2019,104.0,105.0,104.0,104.0,0.0,290.0,739.0,86.0
RRHP,8/1/2019,104.0,107.0,104.0,105.0,0.96,890.0,739.0,86.0
RRHP,8/4/2019,104.0,111.0,104.0,111.0,5.71,1560.0,739.0,86.0
RRHP,8/5/2019,109.0,110.0,104.0,108.0,-2.7,380.0,739.0,86.0
RRHP,8/6/2019,106.0,106.0,104.0,104.0,-3.7,150.0,739.0,86.0
RRHP,8/7/2019,104.0,106.0,104.0,105.0,0.96,320.0,739.0,86.0
RRHP,8/8/2019,105.0,108.0,105.0,106.0,0.95,690.0,739.0,86.0
RRHP,8/11/2019,104.0,108.0,104.0,108.0,1.89,1000.0,739.0,86.0
RRHP,8/12/2019,106.0,108.0,106.0,107.0,-0.93,760.0,739.0,86.0
RRHP,8/13/2019,105.0,106.0,105.0,106.0,-0.93,470.0,739.0,86.0
RRHP,8/14/2019,105.0,105.0,105.0,105.0,-0.94,370.0,739.0,86.0
RRHP,8/15/2019,105.0,105.0,105.0,105.0,0.0,240.0,739.0,86.0
RRHP,8/18/2019,105.0,107.0,103.0,103.0,-1.9,920.0,739.0,86.0
RRHP,8/19/2019,104.0,105.0,102.0,102.0,-0.97,5170.0,739.0,86.0
RRHP,8/20/2019,102.0,105.0,102.0,103.0,0.98,337.0,739.0,86.0
RRHP,8/21/2019,103.0,104.0,103.0,104.0,0.97,250.0,739.0,86.0
RRHP,8/22/2019,103.0,104.0,102.0,102.0,-1.92,240.0,739.0,86.0
RRHP,8/25/2019,102.0,104.0,102.0,103.0,0.98,1172.0,739.0,86.0
RRHP,8/26/2019,102.0,105.0,102.0,104.0,0.97,230.0,739.0,86.0
RRHP,8/27/2019,102.0,105.0,102.0,104.0,0.0,210.0,739.0,86.0
RRHP,8/28/2019,102.0,104.0,101.0,102.0,-1.92,1220.0,739.0,86.0
RRHP,8/29/2019,104.0,104.0,101.0,101.0,-0.98,400.0,739.0,86.0
RRHP,9/1/2019,101.0,105.0,101.0,103.0,1.98,1310.0,739.0,86.0
RRHP,9/2/2019,101.0,103.0,101.0,101.0,-1.94,390.0,739.0,86.0
RRHP,9/3/2019,101.0,102.0,101.0,102.0,0.99,130.0,739.0,86.0
RRHP,9/4/2019,103.0,104.0,102.0,103.0,0.98,1190.0,739.0,86.0
RRHP,9/5/2019,105.0,105.0,101.0,103.0,0.0,300.0,739.0,86.0
RRHP,9/8/2019,103.0,105.0,103.0,103.0,0.0,880.0,739.0,86.0
RRHP,9/9/2019,104.0,106.0,103.0,104.0,0.97,950.0,739.0,86.0
RRHP,9/10/2019,103.0,106.0,103.0,103.0,-0.96,780.0,739.0,86.0
RRHP,9/11/2019,103.0,105.0,103.0,105.0,1.94,1110.0,739.0,86.0
RRHP,9/12/2019,105.0,105.0,103.0,103.0,-1.9,2290.0,739.0,86.0
RRHP,9/15/2019,103.0,107.0,103.0,103.0,0.0,2967.0,739.0,86.0
RRHP,9/16/2019,103.0,105.0,103.0,103.0,0.0,2380.0,739.0,86.0
RRHP,9/17/2019,103.0,104.0,102.0,102.0,-0.97,180.0,739.0,86.0
RRHP,9/18/2019,103.0,109.0,102.0,109.0,6.86,13110.0,739.0,86.0
RRHP,9/19/2019,107.0,110.0,103.0,110.0,0.92,190.0,739.0,86.0
RRHP,9/22/2019,106.0,108.0,102.0,108.0,-1.82,210.0,739.0,86.0
RRHP,9/23/2019,108.0,110.0,102.0,110.0,1.85,260.0,739.0,86.0
RRHP,9/24/2019,108.0,108.0,102.0,102.0,-7.27,120.0,739.0,86.0
RRHP,9/25/2019,102.0,103.0,102.0,102.0,0.0,120.0,739.0,86.0
RRHP,9/26/2019,102.0,104.0,102.0,104.0,1.96,310.0,739.0,86.0
RRHP,9/29/2019,103.0,104.0,103.0,103.0,-0.96,190.0,739.0,86.0
RRHP,9/30/2019,103.0,104.0,102.0,102.0,-0.97,210.0,739.0,86.0
RRHP,10/1/2019,102.0,104.0,102.0,104.0,1.96,160.0,739.0,86.0
RRHP,10/2/2019,102.0,103.0,102.0,103.0,-0.96,50.0,739.0,86.0
RRHP,10/3/2019,102.0,102.0,102.0,102.0,-0.97,50.0,739.0,86.0
RRHP,10/14/2019,103.0,103.0,102.0,102.0,0.0,30.0,739.0,86.0
RRHP,10/15/2019,102.0,105.0,102.0,103.0,0.98,1000.0,739.0,86.0
RRHP,10/16/2019,103.0,105.0,101.0,103.0,0.0,2205.0,739.0,86.0
RRHP,10/17/2019,103.0,103.0,101.0,102.0,-0.97,190.0,739.0,86.0
RRHP,10/20/2019,101.0,101.0,100.0,100.0,-1.96,620.0,739.0,86.0
RRHP,10/21/2019,100.0,101.0,100.0,100.0,0.0,170.0,739.0,86.0
RRHP,10/22/2019,101.0,103.0,100.0,101.0,1.0,140.0,739.0,86.0
RRHP,10/23/2019,103.0,105.0,100.0,100.0,-0.99,190.0,739.0,86.0
RRHP,10/24/2019,100.0,101.0,100.0,101.0,1.0,50.0,739.0,86.0
RRHP,10/31/2019,103.0,103.0,100.0,100.0,-0.99,150.0,739.0,86.0
RRHP,11/3/2019,102.0,102.0,99.0,102.0,2.0,270.0,739.0,86.0
RRHP,11/4/2019,100.0,100.0,99.0,100.0,-1.96,220.0,739.0,86.0
RRHP,11/5/2019,100.0,101.0,100.0,101.0,1.0,80.0,739.0,86.0
RRHP,11/6/2019,100.0,101.0,100.0,101.0,0.0,120.0,739.0,86.0
RRHP,11/7/2019,103.0,104.0,100.0,104.0,2.97,90.0,739.0,86.0
RRHP,11/10/2019,102.0,102.0,99.0,99.0,-4.81,150.0,739.0,86.0
RRHP,11/11/2019,100.0,102.0,99.0,102.0,3.03,240.0,739.0,86.0
RRHP,11/12/2019,100.0,102.0,99.0,102.0,0.0,500.0,739.0,86.0
RRHP,11/13/2019,100.0,103.0,99.0,99.0,-2.94,220.0,739.0,86.0
RRHP,11/14/2019,99.0,100.0,98.0,98.0,-1.01,810.0,739.0,86.0
RRHP,11/17/2019,98.0,101.0,98.0,101.0,3.06,240.0,739.0,86.0
RRHP,11/18/2019,99.0,99.0,98.0,98.0,-2.97,260.0,739.0,86.0
RRHP,11/19/2019,98.0,98.0,98.0,98.0,0.0,170.0,739.0,86.0
RRHP,11/20/2019,99.0,100.0,98.0,100.0,2.04,220.0,739.0,86.0
RRHP,11/21/2019,98.0,100.0,98.0,98.0,-2.0,80.0,739.0,86.0
RRHP,11/24/2019,99.0,99.0,98.0,98.0,0.0,150.0,739.0,86.0
RRHP,11/25/2019,97.0,98.0,97.0,98.0,0.0,130.0,739.0,86.0
RRHP,11/26/2019,97.0,98.0,97.0,98.0,0.0,780.0,739.0,86.0
RRHP,11/27/2019,97.0,98.0,97.0,98.0,0.0,260.0,739.0,86.0
RRHP,11/28/2019,97.0,97.0,97.0,97.0,-1.02,110.0,739.0,86.0
RRHP,12/1/2019,97.0,98.0,97.0,98.0,1.03,50.0,739.0,86.0
RRHP,12/2/2019,98.0,99.0,98.0,99.0,1.02,110.0,739.0,86.0
RRHP,12/3/2019,100.0,100.0,98.0,98.0,-1.01,360.0,739.0,86.0
RRHP,12/4/2019,97.0,100.0,97.0,100.0,2.04,140.0,739.0,86.0
RRHP,12/5/2019,100.0,101.0,100.0,100.0,0.0,80.0,739.0,86.0
RRHP,12/8/2019,98.0,99.0,97.0,99.0,-1.0,70.0,739.0,86.0
RRHP,12/9/2019,98.0,100.0,98.0,98.0,-1.01,140.0,739.0,86.0
RRHP,12/10/2019,98.0,99.0,98.0,99.0,1.02,160.0,739.0,86.0
RRHP,12/11/2019,100.0,100.0,98.0,98.0,-1.01,150.0,739.0,86.0
RRHP,12/12/2019,97.0,100.0,97.0,100.0,2.04,130.0,739.0,86.0
RRHP,12/15/2019,98.0,98.0,97.0,97.0,-3.0,270.0,739.0,86.0
RRHP,12/16/2019,97.0,98.0,95.0,95.0,-2.06,300.0,739.0,86.0
RRHP,12/17/2019,95.0,96.0,95.0,96.0,1.05,380.0,739.0,86.0
RRHP,12/18/2019,95.0,95.0,95.0,95.0,-1.04,80.0,739.0,86.0
RRHP,12/19/2019,95.0,96.0,95.0,96.0,1.05,70.0,739.0,86.0
RRHP,12/22/2019,95.0,97.0,95.0,96.0,0.0,110.0,739.0,86.0
RRHP,12/23/2019,96.0,100.0,96.0,100.0,4.17,4070.0,739.0,86.0
RRHP,12/24/2019,101.0,101.0,97.0,98.0,-2.0,150.0,739.0,86.0
RRHP,12/25/2019,97.0,98.0,97.0,97.0,-1.02,90.0,739.0,86.0
RRHP,12/26/2019,98.0,99.0,97.0,98.0,1.03,1750.0,739.0,86.0
RRHP,12/29/2019,97.0,97.0,97.0,97.0,-1.02,340.0,739.0,86.0
RRHP,12/30/2019,97.0,97.0,97.0,97.0,0.0,140.0,739.0,86.0
RRHP,12/31/2019,96.0,97.0,96.0,97.0,0.0,90.0,739.0,86.0
RRHP,1/1/2020,97.0,98.0,96.0,96.0,-1.03,400.0,739.0,86.0
RRHP,1/2/2020,95.0,98.0,95.0,98.0,2.08,170.0,739.0,86.0
RRHP,1/5/2020,97.0,97.0,97.0,97.0,-1.02,230.0,739.0,86.0
RRHP,1/6/2020,97.0,98.0,97.0,97.0,0.0,120.0,739.0,86.0
RRHP,1/7/2020,97.0,99.0,97.0,99.0,2.06,320.0,739.0,86.0
RRHP,1/8/2020,100.0,100.0,97.0,97.0,-2.02,470.0,739.0,86.0
RRHP,1/9/2020,97.0,99.0,97.0,97.0,0.0,160.0,739.0,86.0
RRHP,1/12/2020,97.0,98.0,97.0,97.0,0.0,270.0,739.0,86.0
RRHP,1/13/2020,97.0,99.0,100.0,100.0,3.09,330.0,739.0,86.0
RRHP,1/14/2020,99.0,110.0,99.0,110.0,10.0,3490.0,739.0,86.0
RRHP,1/15/2020,108.0,108.0,102.0,102.0,-7.27,100.0,739.0,86.0
RRHP,1/16/2020,102.0,105.0,102.0,103.0,0.98,450.0,739.0,86.0
RRHP,1/19/2020,103.0,103.0,100.0,100.0,-2.91,310.0,739.0,86.0
RRHP,1/20/2020,99.0,101.0,99.0,99.0,-1.0,2630.0,739.0,86.0
RRHP,1/21/2020,99.0,100.0,98.0,99.0,0.0,206.0,739.0,86.0
RRHP,1/22/2020,98.0,100.0,98.0,98.0,-1.01,220.0,739.0,86.0
RRHP,1/23/2020,98.0,99.0,98.0,98.0,0.0,510.0,739.0,86.0
RRHP,1/26/2020,98.0,98.0,98.0,98.0,0.0,190.0,739.0,86.0
RRHP,1/27/2020,98.0,99.0,98.0,99.0,1.02,270.0,739.0,86.0
RRHP,1/28/2020,98.0,99.0,98.0,99.0,0.0,130.0,739.0,86.0
RRHP,1/29/2020,98.0,99.0,100.0,98.0,-1.01,220.0,739.0,86.0
RRHP,1/30/2020,98.0,100.0,98.0,99.0,1.02,750.0,739.0,86.0
RRHP,2/2/2020,98.0,99.0,98.0,98.0,-1.01,725.0,739.0,86.0
RRHP,2/3/2020,98.0,99.0,100.0,101.0,3.06,850.0,739.0,86.0
RRHP,2/4/2020,100.0,101.0,100.0,101.0,0.0,510.0,739.0,86.0
RRHP,2/5/2020,99.0,99.0,100.0,101.0,0.0,300.0,739.0,86.0
RRHP,2/6/2020,100.0,101.0,100.0,100.0,-0.99,290.0,739.0,86.0
RRHP,2/9/2020,100.0,100.0,99.0,99.0,-1.0,810.0,739.0,86.0
RRHP,2/10/2020,100.0,104.0,100.0,104.0,5.05,4150.0,739.0,86.0
RRHP,2/11/2020,102.0,102.0,98.0,102.0,-1.92,2710.0,739.0,86.0
RRHP,2/12/2020,101.0,101.0,101.0,101.0,-0.98,350.0,739.0,86.0
RRHP,2/13/2020,100.0,103.0,100.0,101.0,0.0,620.0,739.0,86.0
RRHP,2/16/2020,99.0,100.0,99.0,100.0,-0.99,210.0,739.0,86.0
RRHP,2/17/2020,100.0,103.0,100.0,101.0,1.0,640.0,739.0,86.0
RRHP,2/18/2020,101.0,104.0,100.0,102.0,0.99,570.0,739.0,86.0
RRHP,2/19/2020,102.0,103.0,102.0,103.0,0.98,409.0,739.0,86.0
RRHP,2/20/2020,102.0,103.0,102.0,102.0,-0.97,310.0,739.0,86.0
RRHP,2/23/2020,102.0,104.0,102.0,104.0,1.96,500.0,739.0,86.0
RRHP,2/24/2020,104.0,107.0,104.0,105.0,0.96,1190.0,739.0,86.0
RRHP,2/25/2020,103.0,114.0,103.0,114.0,8.57,4479.0,739.0,86.0
RRHP,2/26/2020,113.0,116.0,113.0,116.0,1.75,2030.0,739.0,86.0
RRHP,2/27/2020,114.0,114.0,110.0,111.0,-4.31,670.0,739.0,86.0
RRHP,3/1/2020,109.0,113.0,105.0,107.0,-3.6,2680.0,739.0,86.0
RRHP,3/2/2020,105.0,105.0,102.0,103.0,-3.74,140.0,739.0,86.0
RRHP,3/3/2020,103.0,104.0,100.0,103.0,0.0,646.0,739.0,86.0
RRHP,3/4/2020,102.0,104.0,99.0,99.0,-3.88,2459.0,739.0,86.0
RRHP,3/5/2020,98.0,98.0,96.0,98.0,-1.01,340.0,739.0,86.0
RRHP,3/10/2020,97.0,97.0,95.0,95.0,-3.06,30.0,739.0,86.0
RRHP,3/11/2020,94.0,104.0,94.0,104.0,9.47,1380.0,739.0,86.0
RRHP,3/12/2020,102.0,102.0,98.0,98.0,-5.77,560.0,739.0,86.0
RRHP,3/15/2020,97.0,97.0,93.0,93.0,-5.1,490.0,739.0,86.0
RRHP,3/16/2020,93.0,94.0,93.0,93.0,0.0,300.0,739.0,86.0
RRHP,3/17/2020,92.0,92.0,88.0,88.0,-5.38,1230.0,739.0,86.0
RRHP,3/18/2020,87.0,88.0,86.0,88.0,0.0,700.0,739.0,86.0
RRHP,3/19/2020,87.0,90.0,87.0,90.0,2.27,2899.0,739.0,86.0
RRHP,6/29/2020,89.0,89.0,89.0,90.0,0.0,30.0,739.0,86.0
RRHP,7/1/2020,91.0,91.0,91.0,91.0,1.11,10.0,739.0,86.0
RRHP,7/2/2020,90.0,90.0,90.0,90.0,-1.1,30.0,739.0,86.0
RRHP,7/5/2020,89.0,90.0,89.0,89.0,-1.11,130.0,739.0,86.0
RRHP,7/6/2020,88.0,90.0,87.0,89.0,0.0,430.0,739.0,86.0
RRHP,7/7/2020,88.0,90.0,88.0,89.0,0.0,260.0,739.0,86.0
RRHP,7/8/2020,89.0,91.0,89.0,90.0,1.12,340.0,739.0,86.0
RRHP,7/9/2020,89.0,91.0,89.0,90.0,0.0,330.0,739.0,86.0
RRHP,7/12/2020,90.0,92.0,90.0,91.0,1.11,330.0,739.0,86.0
RRHP,7/13/2020,90.0,93.0,90.0,91.0,0.0,630.0,739.0,86.0
RRHP,7/14/2020,92.0,92.0,88.0,89.0,-2.2,700.0,739.0,86.0
RRHP,7/15/2020,88.0,90.0,88.0,89.0,0.0,390.0,739.0,86.0
RRHP,7/16/2020,89.0,91.0,89.0,91.0,2.25,450.0,739.0,86.0
RRHP,7/20/2020,91.0,91.0,89.0,89.0,-2.2,860.0,739.0,86.0
RRHP,7/21/2020,90.0,91.0,89.0,90.0,1.12,470.0,739.0,86.0
RRHP,7/22/2020,89.0,91.0,89.0,91.0,1.11,1080.0,739.0,86.0
RRHP,7/23/2020,90.0,92.0,90.0,90.0,-1.1,500.0,739.0,86.0
RRHP,7/26/2020,90.0,95.0,90.0,94.0,4.44,1270.0,739.0,86.0
RRHP,7/27/2020,93.0,94.0,91.0,91.0,-3.19,651.0,739.0,86.0
RRHP,7/28/2020,90.0,92.0,89.0,91.0,0.0,600.0,739.0,86.0
RRHP,7/29/2020,90.0,93.0,90.0,93.0,2.2,1470.0,739.0,86.0
RRHP,7/30/2020,93.0,99.0,100.0,102.0,9.68,1438.0,739.0,86.0
RRHP,8/2/2020,100.0,106.0,97.0,106.0,3.92,1930.0,739.0,86.0
RRHP,8/3/2020,104.0,104.0,96.0,103.0,-2.83,840.0,739.0,86.0
RRHP,8/5/2020,101.0,99.0,101.0,95.0,-7.77,410.0,739.0,86.0
RRHP,8/6/2020,95.0,95.0,92.0,93.0,-2.11,1390.0,739.0,86.0
RRHP,8/9/2020,89.0,95.0,89.0,93.0,0.0,610.0,739.0,86.0
RRHP,8/10/2020,92.0,96.0,92.0,96.0,3.23,810.0,739.0,86.0
RRHP,8/11/2020,95.0,95.0,93.0,94.0,-2.08,910.0,739.0,86.0
RRHP,8/12/2020,93.0,95.0,92.0,95.0,1.06,970.0,739.0,86.0
RRHP,8/13/2020,94.0,96.0,94.0,95.0,0.0,700.0,739.0,86.0
RRHP,8/16/2020,95.0,95.0,90.0,91.0,-4.21,900.0,739.0,86.0
RRHP,8/17/2020,90.0,91.0,88.0,91.0,0.0,2390.0,739.0,86.0
RRHP,8/18/2020,90.0,93.0,90.0,93.0,2.2,1990.0,739.0,86.0
RRHP,8/19/2020,92.0,92.0,90.0,90.0,-3.23,220.0,739.0,86.0
RRHP,8/20/2020,90.0,92.0,90.0,91.0,1.11,90.0,739.0,86.0
RRHP,8/23/2020,91.0,92.0,90.0,92.0,1.1,270.0,739.0,86.0
RRHP,8/24/2020,91.0,92.0,90.0,91.0,-1.09,1980.0,739.0,86.0
RRHP,8/25/2020,90.0,92.0,88.0,91.0,0.0,640.0,739.0,86.0
RRHP,8/26/2020,90.0,92.0,90.0,91.0,0.0,2164.0,739.0,86.0
RRHP,8/27/2020,90.0,93.0,90.0,92.0,1.1,2220.0,739.0,86.0
RRHP,8/30/2020,96.0,99.0,95.0,97.0,5.43,1270.0,739.0,86.0
RRHP,8/31/2020,93.0,106.0,93.0,106.0,9.28,1480.0,739.0,86.0
RRHP,9/2/2020,106.0,116.0,102.0,116.0,9.43,10600.0,739.0,86.0
RRHP,9/3/2020,118.0,120.0,111.0,111.0,-4.31,9503.0,739.0,86.0
RRHP,9/6/2020,109.0,113.0,103.0,112.0,0.9,3407.0,739.0,86.0
RRHP,9/7/2020,114.0,114.0,106.0,109.0,-2.68,960.0,739.0,86.0
RRHP,9/8/2020,107.0,113.0,100.0,105.0,-3.67,1410.0,739.0,86.0
RRHP,9/9/2020,103.0,107.0,102.0,107.0,1.9,1520.0,739.0,86.0
RRHP,9/10/2020,105.0,106.0,105.0,105.0,-1.87,2790.0,739.0,86.0
RRHP,9/13/2020,103.0,107.0,103.0,107.0,1.9,834.0,739.0,86.0
RRHP,9/14/2020,109.0,117.0,108.0,116.0,8.41,15353.0,739.0,86.0
RRHP,9/15/2020,116.0,125.0,116.0,124.0,6.9,11969.0,739.0,86.0
RRHP,9/16/2020,123.0,136.0,121.0,136.0,9.68,15700.0,739.0,86.0
RRHP,9/17/2020,137.0,149.0,137.0,149.0,9.56,11512.0,739.0,86.0
RRHP,9/20/2020,150.0,153.0,135.0,153.0,2.68,14490.0,739.0,86.0
RRHP,9/21/2020,150.0,150.0,138.0,138.0,-9.8,9037.0,739.0,86.0
RRHP,9/22/2020,136.0,137.0,128.0,131.0,-5.07,21315.0,739.0,86.0
RRHP,9/23/2020,129.0,136.0,121.0,136.0,3.82,9770.0,739.0,86.0
RRHP,9/24/2020,134.0,149.0,132.0,147.0,8.09,12719.0,739.0,86.0
RRHP,9/27/2020,145.0,161.0,145.0,161.0,9.52,26284.0,739.0,86.0
RRHP,9/28/2020,158.0,166.0,149.0,166.0,3.11,4567.0,739.0,86.0
RRHP,9/29/2020,168.0,173.0,153.0,173.0,4.22,19597.0,739.0,86.0
RRHP,9/30/2020,170.0,175.0,161.0,169.0,-2.31,23348.0,739.0,86.0
RRHP,10/1/2020,168.0,180.0,160.0,160.0,-5.33,27142.0,739.0,86.0
RRHP,10/4/2020,157.0,174.0,150.0,170.0,6.25,9005.0,739.0,86.0
RRHP,10/5/2020,169.0,187.0,169.0,187.0,10.0,52516.0,739.0,86.0
RRHP,10/6/2020,190.0,205.0,190.0,205.0,9.63,16813.0,739.0,86.0
RRHP,10/7/2020,205.0,225.0,205.0,225.0,9.76,22071.0,739.0,86.0
RRHP,10/8/2020,227.0,235.0,215.0,221.0,-1.78,19870.0,739.0,86.0
RRHP,10/11/2020,217.0,217.0,199.0,215.0,-2.71,22841.0,739.0,86.0
RRHP,10/12/2020,211.0,211.0,203.0,208.0,-3.26,5390.0,739.0,86.0
RRHP,10/13/2020,204.0,206.0,190.0,200.0,-3.85,9077.0,739.0,86.0
RRHP,10/14/2020,200.0,204.0,186.0,190.0,-5.0,6960.0,739.0,86.0
RRHP,10/15/2020,192.0,199.0,185.0,199.0,4.74,2590.0,739.0,86.0
RRHP,10/18/2020,196.0,199.0,180.0,184.0,-7.54,36984.0,739.0,86.0
RRHP,10/19/2020,182.0,201.0,182.0,194.0,5.43,1540.0,739.0,86.0
RRHP,10/20/2020,194.0,207.0,194.0,207.0,6.7,7140.0,739.0,86.0
RRHP,10/21/2020,203.0,211.0,196.0,200.0,-3.38,5520.0,739.0,86.0
RRHP,10/22/2020,197.0,210.0,194.0,194.0,-3.0,5950.0,739.0,86.0
RRHP,10/28/2020,191.0,201.0,189.0,198.0,2.06,5600.0,739.0,86.0
RRHP,10/29/2020,195.0,204.0,193.0,200.0,1.01,10320.0,739.0,86.0
RRHP,11/1/2020,204.0,214.0,202.0,212.0,6.0,13990.0,739.0,86.0
RRHP,11/2/2020,208.0,219.0,208.0,219.0,3.3,17903.0,739.0,86.0
RRHP,11/3/2020,222.0,223.0,214.0,221.0,0.91,5247.0,739.0,86.0
RRHP,11/4/2020,225.0,225.0,213.0,222.0,0.45,14821.0,739.0,86.0
RRHP,11/5/2020,218.0,244.0,218.0,244.0,9.91,42217.0,739.0,86.0
RRHP,11/8/2020,240.0,260.0,235.0,260.0,6.56,34827.0,739.0,86.0
RRHP,11/9/2020,255.0,265.0,250.0,256.0,-1.54,20229.0,739.0,86.0
RRHP,11/10/2020,251.0,271.0,245.0,267.0,4.3,21342.0,739.0,86.0
RRHP,11/11/2020,264.0,274.0,251.0,262.0,-1.87,8080.0,739.0,86.0
RRHP,11/12/2020,257.0,258.0,249.0,253.0,-3.44,18840.0,739.0,86.0
RRHP,11/18/2020,258.0,267.0,255.0,260.0,2.77,19945.0,739.0,86.0
RRHP,11/19/2020,256.0,265.0,249.0,255.0,-1.92,14868.0,739.0,86.0
RRHP,11/22/2020,250.0,260.0,246.0,246.0,-3.53,12075.0,739.0,86.0
RRHP,11/23/2020,244.0,249.0,242.0,246.0,0.0,3260.0,739.0,86.0
RRHP,11/24/2020,246.0,265.0,242.0,253.0,2.85,13683.0,739.0,86.0
RRHP,11/25/2020,250.0,270.0,250.0,260.0,2.77,42055.0,739.0,86.0
RRHP,11/26/2020,262.0,282.0,260.0,264.0,1.54,34864.0,739.0,86.0
RRHP,11/29/2020,269.0,274.0,260.0,260.0,-1.52,17770.0,739.0,86.0
RRHP,11/30/2020,265.0,269.0,258.0,264.0,1.54,22839.0,739.0,86.0
RRHP,12/1/2020,269.0,290.0,262.0,271.0,2.65,53853.0,739.0,86.0
RRHP,12/2/2020,275.0,298.0,275.0,287.0,5.9,24559.0,739.0,86.0
RRHP,12/3/2020,285.0,292.0,275.0,282.0,-1.74,16570.0,739.0,86.0
RRHP,12/6/2020,277.0,277.0,264.0,264.0,-6.38,9315.0,739.0,86.0
RRHP,12/7/2020,269.0,270.0,246.0,266.0,0.76,10740.0,739.0,86.0
RRHP,12/8/2020,264.0,279.0,261.0,270.0,1.5,12945.0,739.0,86.0
RRHP,12/9/2020,275.0,280.0,262.0,265.0,-1.85,8775.0,739.0,86.0
RRHP,12/10/2020,260.0,270.0,260.0,265.0,0.0,3658.0,739.0,86.0
RRHP,12/13/2020,265.0,275.0,263.0,268.0,1.13,9448.0,739.0,86.0
RRHP,12/14/2020,273.0,273.0,258.0,265.0,-1.12,3250.0,739.0,86.0
RRHP,12/15/2020,261.0,264.0,256.0,257.0,-3.02,19987.0,739.0,86.0
RRHP,12/16/2020,252.0,265.0,246.0,257.0,0.0,25725.0,739.0,86.0
RRHP,12/17/2020,252.0,256.0,252.0,253.0,-1.56,3110.0,739.0,86.0
RRHP,12/20/2020,248.0,248.0,234.0,238.0,-5.93,6983.0,739.0,86.0
RRHP,12/21/2020,234.0,244.0,230.0,240.0,0.84,4510.0,739.0,86.0
RRHP,12/22/2020,236.0,248.0,236.0,246.0,2.5,3100.0,739.0,86.0
RRHP,12/23/2020,245.0,250.0,241.0,246.0,0.0,4580.0,739.0,86.0
RRHP,12/24/2020,242.0,242.0,231.0,238.0,-3.25,3419.0,739.0,86.0
RRHP,12/27/2020,234.0,234.0,230.0,230.0,-3.36,3920.0,739.0,86.0
RRHP,12/28/2020,226.0,233.0,226.0,231.0,0.43,5185.0,739.0,86.0
RRHP,12/29/2020,229.0,230.0,229.0,229.0,-0.87,1740.0,739.0,86.0
RRHP,12/30/2020,227.0,232.0,225.0,232.0,1.31,6145.0,739.0,86.0
RRHP,12/31/2020,230.0,241.0,226.0,237.0,2.16,6390.0,739.0,86.0
RRHP,1/3/2021,233.0,238.0,229.0,238.0,0.42,3400.0,739.0,86.0
RRHP,1/4/2021,240.0,242.0,232.0,242.0,1.68,4110.0,739.0,86.0
RRHP,1/5/2021,246.0,250.0,235.0,245.0,1.24,7740.0,739.0,86.0
RRHP,1/6/2021,257.0,260.0,245.0,250.0,2.04,9289.0,739.0,86.0
RRHP,1/7/2021,249.0,254.0,243.0,243.0,-2.8,1970.0,739.0,86.0
RRHP,1/10/2021,231.0,254.0,231.0,246.0,1.23,3860.0,739.0,86.0
RRHP,1/11/2021,234.0,251.0,234.0,246.0,0.0,4660.0,739.0,86.0
RRHP,1/12/2021,242.0,250.0,242.0,248.0,0.81,2275.0,739.0,86.0
RRHP,1/13/2021,245.0,257.0,245.0,248.0,0.0,4110.0,739.0,86.0
RRHP,1/17/2021,247.0,250.0,246.0,247.0,-0.4,3350.0,739.0,86.0
RRHP,1/18/2021,259.0,259.0,245.0,249.0,0.81,5743.0,739.0,86.0
RRHP,1/19/2021,246.0,259.0,246.0,250.0,0.4,3700.0,739.0,86.0
RRHP,1/20/2021,255.0,270.0,255.0,267.0,6.8,23200.0,739.0,86.0
RRHP,1/21/2021,272.0,282.0,272.0,274.0,2.62,22612.0,739.0,86.0
RRHP,1/24/2021,275.0,300.0,271.0,297.0,8.39,28409.0,739.0,86.0
RRHP,1/25/2021,300.0,319.0,296.0,301.0,1.35,26542.0,739.0,86.0
RRHP,1/26/2021,307.0,312.0,290.0,306.0,1.66,17065.0,739.0,86.0
RRHP,1/27/2021,306.0,306.0,294.0,296.0,-3.27,8510.0,739.0,86.0
RRHP,1/28/2021,310.0,310.0,284.0,285.0,-3.72,14690.0,739.0,86.0
RRHP,1/31/2021,280.0,282.0,257.0,270.0,-5.26,19492.0,739.0,86.0
RRHP,2/1/2021,275.0,280.0,271.0,273.0,1.11,6796.0,739.0,86.0
RRHP,2/2/2021,269.0,296.0,269.0,293.0,7.33,11602.0,739.0,86.0
RRHP,2/3/2021,307.0,307.0,274.0,287.0,-2.05,14776.0,739.0,86.0
RRHP,2/4/2021,283.0,293.0,278.0,290.0,1.05,19287.0,739.0,86.0
RRHP,2/7/2021,295.0,295.0,283.0,290.0,0.0,22239.0,739.0,86.0
RRHP,2/8/2021,286.0,292.0,280.0,285.0,-1.72,9883.0,739.0,86.0
RRHP,2/15/2021,280.0,288.0,265.0,284.0,-0.35,12815.0,739.0,86.0
RRHP,2/16/2021,279.0,289.0,275.0,277.0,-2.46,5652.0,739.0,86.0
RRHP,2/17/2021,275.0,276.0,270.0,275.0,-0.72,3210.0,739.0,86.0
RRHP,2/18/2021,275.0,275.0,270.0,273.0,-0.73,5196.0,739.0,86.0
RRHP,2/21/2021,268.0,284.0,268.0,281.0,2.93,8589.0,739.0,86.0
RRHP,2/22/2021,282.0,295.0,273.0,281.0,0.0,8053.0,739.0,86.0
RRHP,2/23/2021,276.0,296.0,271.0,291.0,3.56,25518.0,739.0,86.0
RRHP,2/24/2021,296.0,301.0,286.0,290.0,-0.34,18044.0,739.0,86.0
RRHP,2/25/2021,290.0,294.0,285.0,288.0,-0.69,7533.0,739.0,86.0
RRHP,2/28/2021,283.0,290.0,268.0,274.0,-4.86,7589.0,739.0,86.0
RRHP,3/1/2021,270.0,286.0,270.0,286.0,4.38,2783.0,739.0,86.0
RRHP,3/2/2021,281.0,284.0,274.0,280.0,-2.1,9860.0,739.0,86.0
RRHP,3/3/2021,277.0,279.0,272.0,275.0,-1.79,4283.0,739.0,86.0
RRHP,3/4/2021,275.0,294.0,275.0,289.0,5.09,11020.0,739.0,86.0
RRHP,3/7/2021,294.0,317.0,287.0,317.0,9.69,67691.0,739.0,86.0
RRHP,3/9/2021,302.0,348.0,302.0,348.0,9.78,62586.0,739.0,86.0
RRHP,3/10/2021,364.0,382.0,329.0,332.0,-4.6,22401.0,739.0,86.0
RRHP,3/14/2021,330.0,365.0,299.0,362.0,9.04,33872.0,739.0,86.0
RRHP,3/15/2021,380.0,380.0,340.0,355.0,-1.93,10572.0,739.0,86.0
RRHP,3/16/2021,372.0,372.0,336.0,359.0,1.13,4012.0,739.0,86.0
RRHP,3/17/2021,376.0,390.0,343.0,374.0,4.18,23057.0,739.0,86.0
RRHP,3/18/2021,392.0,405.0,357.0,357.0,-4.55,22879.0,739.0,86.0
RRHP,3/21/2021,355.0,363.0,342.0,347.0,-2.8,16820.0,739.0,86.0
RRHP,3/22/2021,353.0,354.0,340.0,354.0,2.02,10573.0,739.0,86.0
RRHP,3/23/2021,361.0,389.0,347.0,389.0,9.89,59180.0,739.0,86.0
RRHP,3/24/2021,392.0,408.0,370.0,375.0,-3.6,18831.0,739.0,86.0
RRHP,3/25/2021,380.0,401.0,375.0,397.0,5.87,22663.0,739.0,86.0
RRHP,3/29/2021,402.0,402.0,383.0,390.0,-1.76,7685.0,739.0,86.0
RRHP,3/30/2021,408.0,408.0,379.0,395.0,1.28,7546.0,739.0,86.0
RRHP,3/31/2021,413.0,413.0,378.0,382.0,-3.29,3320.0,739.0,86.0
RRHP,4/1/2021,401.0,401.0,372.0,400.0,4.71,8360.0,739.0,86.0
RRHP,4/4/2021,419.0,419.0,382.0,388.0,-3.0,5161.0,739.0,86.0
RRHP,4/5/2021,406.0,406.0,380.0,384.0,-1.03,5338.0,739.0,86.0
RRHP,4/6/2021,377.0,422.0,377.0,413.0,7.55,17271.0,739.0,86.0
RRHP,4/7/2021,433.0,433.0,372.0,383.0,-7.26,53148.0,739.0,86.0
RRHP,4/8/2021,383.0,405.0,375.0,378.0,-1.31,8518.0,739.0,86.0
RRHP,4/12/2021,389.0,389.0,368.0,378.0,0.0,2954.0,739.0,86.0
RRHP,4/13/2021,371.0,390.0,371.0,376.0,-0.53,4803.0,739.0,86.0
RRHP,4/15/2021,376.0,390.0,372.0,375.0,-0.27,7667.0,739.0,86.0
RRHP,4/18/2021,370.0,383.0,370.0,371.0,-1.07,4566.0,739.0,86.0
RRHP,4/19/2021,371.0,378.0,369.0,369.0,-0.54,3975.0,739.0,86.0
RRHP,4/20/2021,362.0,378.0,362.0,378.0,2.44,4435.0,739.0,86.0
RRHP,4/21/2021,385.0,385.0,369.0,369.0,-2.38,3310.0,739.0,86.0
RRHP,4/22/2021,363.0,370.0,363.0,369.0,0.0,1210.0,739.0,86.0
RRHP,4/25/2021,362.0,363.0,345.0,358.0,-2.98,2760.0,739.0,86.0
RRHP,4/26/2021,357.0,370.0,340.0,340.0,-5.03,2885.0,739.0,86.0
RRHP,4/27/2021,335.0,371.0,335.0,370.0,8.82,5645.0,739.0,86.0
RRHP,4/28/2021,377.0,377.0,354.0,354.0,-4.32,2960.0,739.0,86.0
RRHP,4/29/2021,348.0,367.0,348.0,365.0,3.11,2640.0,739.0,86.0
RRHP,5/2/2021,365.0,372.0,360.0,370.0,1.37,5165.0,739.0,86.0
RRHP,5/3/2021,367.0,373.0,362.0,366.0,-1.08,2303.0,739.0,86.0
RRHP,5/4/2021,375.0,375.0,361.0,370.0,1.09,2560.0,739.0,86.0
RRHP,5/5/2021,365.0,407.0,362.0,407.0,10.0,93961.0,739.0,86.0
RRHP,5/6/2021,427.0,447.0,419.0,439.0,7.86,89693.0,739.0,86.0
RRHP,5/9/2021,440.0,440.0,406.0,407.0,-7.29,23421.0,739.0,86.0
RRHP,5/10/2021,400.0,411.0,392.0,404.0,-0.74,8256.0,739.0,86.0
RRHP,5/11/2021,405.0,408.0,396.0,400.0,-0.99,10230.0,739.0,86.0
RRHP,5/12/2021,400.0,410.0,400.0,410.0,2.5,7481.0,739.0,86.0
RRHP,5/13/2021,410.0,416.0,400.0,404.0,-1.46,10283.0,739.0,86.0
RRHP,5/16/2021,396.0,406.0,391.0,396.0,-1.98,20377.0,739.0,86.0
RRHP,5/17/2021,403.0,434.0,392.0,413.0,4.29,23877.0,739.0,86.0
RRHP,5/18/2021,414.0,438.0,412.0,430.0,4.12,32001.0,739.0,86.0
RRHP,5/19/2021,434.0,435.0,406.0,407.0,-5.35,27565.0,739.0,86.0
RRHP,5/20/2021,399.0,413.0,390.0,401.0,-1.47,23411.0,739.0,86.0
RRHP,5/23/2021,399.0,440.0,394.0,418.0,4.24,22830.0,739.0,86.0
RRHP,5/24/2021,418.0,433.0,404.0,413.0,-1.2,45059.0,739.0,86.0
RRHP,5/25/2021,415.0,420.0,409.0,417.0,0.97,25560.0,739.0,86.0
RRHP,5/27/2021,397.0,458.0,397.0,453.0,8.63,99224.0,739.0,86.0
RRHP,5/30/2021,453.0,498.0,423.0,433.0,-4.42,86923.0,739.0,86.0
RRHP,5/31/2021,435.0,435.0,407.0,410.0,-5.31,26203.0,739.0,86.0
RRHP,6/1/2021,402.0,421.0,402.0,413.0,0.73,75784.0,739.0,86.0
RRHP,6/2/2021,406.0,420.0,406.0,414.0,0.24,42660.0,739.0,86.0
RRHP,6/3/2021,422.0,431.0,400.0,407.0,-1.69,33138.0,739.0,86.0
RRHP,6/6/2021,425.0,425.0,390.0,395.0,-2.95,37960.0,739.0,86.0
RRHP,6/7/2021,400.0,416.0,393.0,416.0,5.32,100473.0,739.0,86.0
RRHP,6/8/2021,436.0,436.0,412.0,412.0,-0.96,74678.0,739.0,86.0
RRHP,6/9/2021,420.0,435.0,410.0,418.0,1.46,77096.0,739.0,86.0
RRHP,6/10/2021,418.0,459.0,415.0,439.0,5.02,193402.0,739.0,86.0
RRHP,6/13/2021,450.0,482.0,434.0,482.0,9.79,235932.0,739.0,86.0
RRHP,6/14/2021,458.0,510.0,458.0,464.0,-3.73,133669.0,739.0,86.0
RRHP,6/15/2021,487.0,487.0,433.0,439.0,-5.39,69578.0,739.0,86.0
RRHP,6/16/2021,418.0,436.0,396.0,407.0,-7.29,48758.0,739.0,86.0
RRHP,6/17/2021,407.0,427.0,398.0,422.0,3.69,67278.0,739.0,86.0
RRHP,6/20/2021,414.0,430.0,387.0,410.0,-2.84,28661.0,739.0,86.0
RRHP,6/21/2021,402.0,417.0,381.0,383.0,-6.59,28516.0,739.0,86.0
RRHP,6/22/2021,383.0,411.0,377.0,399.0,4.18,46983.0,739.0,86.0
RRHP,6/23/2021,415.0,420.0,388.0,394.0,-1.25,35166.0,739.0,86.0
RRHP,6/24/2021,389.0,405.0,385.0,395.0,0.25,16973.0,739.0,86.0
RRHP,6/27/2021,399.0,412.0,388.0,396.0,0.25,12967.0,739.0,86.0
RRHP,6/28/2021,400.0,400.0,382.0,388.0,-2.02,12899.0,739.0,86.0
RRHP,6/29/2021,395.0,395.0,367.0,367.0,-5.41,17633.0,739.0,86.0
RRHP,6/30/2021,385.0,385.0,343.0,360.0,-1.91,30570.0,739.0,86.0
RRHP,7/1/2021,366.0,373.0,363.0,369.0,2.5,16407.0,739.0,86.0
RRHP,7/4/2021,376.0,382.0,359.0,368.0,-0.27,12300.0,739.0,86.0
RRHP,7/5/2021,365.0,368.0,361.0,368.0,0.0,10042.0,739.0,86.0
RRHP,7/6/2021,361.0,375.0,361.0,361.0,-1.9,5997.0,739.0,86.0
RRHP,7/7/2021,366.0,367.0,350.0,351.0,-2.77,10564.0,739.0,86.0
RRHP,7/8/2021,356.0,364.0,349.0,353.0,0.57,5169.0,739.0,86.0
RRHP,7/11/2021,355.0,380.0,355.0,377.0,6.8,20029.0,739.0,86.0
RRHP,7/12/2021,384.0,390.0,365.0,370.0,-1.86,20398.0,739.0,86.0
RRHP,7/13/2021,370.0,378.0,366.0,374.0,1.08,14630.0,739.0,86.0
RRHP,7/14/2021,374.0,397.0,365.0,393.0,5.08,42705.0,739.0,86.0
RRHP,7/15/2021,400.0,432.0,400.0,428.0,8.91,132494.0,739.0,86.0
RRHP,7/18/2021,433.5,444.0,417.0,430.0,0.47,48646.0,739.0,86.0
RRHP,7/19/2021,438.0,438.0,416.0,420.0,-2.33,35409.0,739.0,86.0
RRHP,7/20/2021,420.0,445.0,420.0,429.0,2.14,60031.0,739.0,86.0
RRHP,7/22/2021,431.8,441.0,427.0,430.0,0.23,41684.0,739.0,86.0
RRHP,7/25/2021,433.0,442.0,425.0,436.0,1.4,98992.0,739.0,86.0
RRHP,7/26/2021,444.7,460.0,440.0,452.0,3.67,101039.0,739.0,86.0
RRHP,7/27/2021,452.0,497.0,452.0,486.0,7.52,182015.0,739.0,86.0
RRHP,7/28/2021,495.0,525.0,480.0,489.0,0.62,176598.0,739.0,86.0
RRHP,7/29/2021,498.7,498.7,471.0,475.0,-2.86,91239.0,739.0,86.0
RRHP,8/1/2021,484.5,520.0,484.0,519.9,9.45,260072.0,739.0,86.0
RRHP,8/2/2021,530.0,550.0,513.9,514.0,-1.13,141245.0,739.0,86.0
RRHP,8/3/2021,504.0,533.0,500.0,533.0,3.7,172377.0,739.0,86.0
RRHP,8/4/2021,543.0,575.0,543.0,545.0,2.25,202329.0,739.0,86.0
RRHP,8/5/2021,555.9,560.0,529.0,535.1,-1.82,147180.0,739.0,86.0
RRHP,8/8/2021,540.0,581.0,524.3,562.0,5.03,192153.0,739.0,86.0
RRHP,8/9/2021,562.0,585.0,557.6,567.0,0.89,184545.0,739.0,86.0
RRHP,8/10/2021,578.0,585.0,547.0,554.0,-2.29,155662.0,739.0,86.0
RRHP,8/11/2021,557.0,607.0,557.0,606.0,9.39,242017.0,739.0,86.0
RRHP,8/12/2021,618.0,666.6,618.0,650.0,7.26,218051.0,739.0,86.0
RRHP,8/15/2021,651.0,651.0,585.0,616.0,-5.23,158040.0,739.0,86.0
RRHP,8/16/2021,616.0,638.0,600.1,627.0,1.79,115579.0,739.0,86.0
RRHP,8/17/2021,639.0,664.7,634.0,644.1,2.73,123994.0,739.0,86.0
RRHP,8/18/2021,656.9,700.0,651.0,660.0,2.47,184937.0,739.0,86.0
RRHP,8/19/2021,660.0,663.0,630.0,645.0,-2.27,178801.0,739.0,86.0
RRHP,8/24/2021,645.0,647.0,610.0,610.0,-5.43,215244.0,739.0,86.0
RRHP,8/25/2021,599.0,632.0,587.1,605.0,-0.82,106562.0,739.0,86.0
RRHP,8/26/2021,615.0,648.0,602.7,616.0,1.82,142454.0,739.0,86.0
RRHP,8/29/2021,628.3,665.0,628.3,635.0,3.08,164837.0,739.0,86.0
RRHP,8/31/2021,635.0,663.0,625.0,632.0,-0.47,180056.0,739.0,86.0
RRHP,9/1/2021,643.0,645.0,606.0,610.0,-3.48,103083.0,739.0,86.0
RRHP,9/2/2021,621.9,621.9,570.0,599.0,-1.8,138263.0,739.0,86.0
RRHP,9/5/2021,590.0,605.0,551.2,570.2,-4.81,172089.0,739.0,86.0
RRHP,9/6/2021,570.0,625.0,569.0,618.0,8.38,184745.0,739.0,86.0
RRHP,9/7/2021,630.3,630.3,598.0,600.0,-2.91,73908.0,739.0,86.0
RRHP,9/8/2021,590.0,655.0,588.0,650.0,8.33,375556.0,739.0,86.0
RRHP,9/9/2021,663.0,712.0,655.0,709.9,9.22,485752.0,739.0,86.0
RRHP,9/12/2021,724.0,739.0,684.0,694.0,-2.24,293844.0,739.0,86.0
RRHP,9/13/2021,694.0,701.0,640.1,655.0,-5.62,356523.0,739.0,86.0
RRHP,9/14/2021,642.0,710.0,642.0,688.0,5.04,334522.0,739.0,86.0
RRHP,9/15/2021,701.7,701.7,674.0,690.0,0.29,209824.0,739.0,86.0
RRHP,9/16/2021,678.0,678.0,648.0,654.0,-5.22,188225.0,739.0,86.0
RRHP,9/20/2021,641.0,663.0,625.0,627.0,-4.13,211858.0,739.0,86.0
RRHP,9/21/2021,639.0,654.0,615.1,635.0,1.28,168316.0,739.0,86.0
RRHP,9/22/2021,647.0,676.1,645.0,667.5,5.12,112019.0,739.0,86.0
RRHP,9/23/2021,680.0,680.0,648.2,661.9,-0.84,108049.0,739.0,86.0
RRHP,9/26/2021,675.0,675.1,632.2,641.0,-3.16,108261.0,739.0,86.0
RRHP,9/27/2021,653.8,659.0,601.0,610.9,-4.7,118476.0,739.0,86.0
RRHP,9/28/2021,599.0,615.0,571.4,590.0,-3.42,131142.0,739.0,86.0
RRHP,9/29/2021,590.0,624.0,571.0,620.0,5.08,92269.0,739.0,86.0
RRHP,9/30/2021,629.0,632.0,595.0,612.0,-1.29,76834.0,739.0,86.0
RRHP,10/3/2021,599.8,601.0,554.1,556.1,-9.13,55998.0,739.0,86.0
RRHP,10/4/2021,550.0,555.0,527.0,527.2,-5.2,172019.0,739.0,86.0
RRHP,10/5/2021,536.0,568.0,526.0,530.0,0.53,25888.0,739.0,86.0
RRHP,10/6/2021,540.6,568.8,511.0,568.8,7.32,89620.0,739.0,86.0
RRHP,10/10/2021,557.5,568.0,530.0,560.0,-1.55,151184.0,739.0,86.0
RRHP,10/11/2021,549.0,549.0,509.1,513.6,-8.29,69218.0,739.0,86.0
RRHP,10/17/2021,523.0,523.0,500.0,507.0,-1.29,17104.0,739.0,86.0
RRHP,10/18/2021,500.0,500.0,463.7,475.0,-6.31,67374.0,739.0,86.0
RRHP,10/19/2021,466.0,466.0,427.5,459.0,-3.37,158039.0,739.0,86.0
RRHP,10/20/2021,467.0,500.0,447.0,491.0,6.97,83048.0,739.0,86.0
RRHP,10/21/2021,489.9,489.9,451.4,470.0,-4.28,26040.0,739.0,86.0
RRHP,10/24/2021,468.0,496.0,441.1,488.0,3.83,68725.0,739.0,86.0
RRHP,10/25/2021,495.0,517.0,482.0,515.0,5.53,131169.0,739.0,86.0
RRHP,10/26/2021,517.0,538.4,501.0,510.0,-0.97,127673.0,739.0,86.0
RRHP,10/27/2021,510.0,518.1,486.0,486.0,-4.71,136087.0,739.0,86.0
RRHP,10/28/2021,486.0,521.2,480.0,519.9,6.98,159486.0,739.0,86.0
RRHP,10/31/2021,530.2,571.8,521.0,571.8,9.98,287270.0,739.0,86.0
RRHP,11/1/2021,583.2,589.9,551.0,561.0,-1.89,170337.0,739.0,86.0
RRHP,11/2/2021,550.0,574.0,545.0,563.9,0.52,124142.0,739.0,86.0
RSDC,12/21/2025,635.0,652.0,633.2,634.0,,7961.0,763.0,578.7
RSDC,12/22/2025,626.0,646.5,625.3,629.9,-0.65,3795.0,763.0,578.7
RSDC,12/23/2025,620.1,642.4,620.1,627.7,-0.35,10742.0,763.0,578.7
RSDC,12/24/2025,617.0,634.0,617.0,634.0,1.0,7238.0,763.0,578.7
RSDC,12/28/2025,646.0,646.0,626.2,642.0,1.26,6208.0,763.0,578.7
RSDC,12/29/2025,631.0,665.0,631.0,639.7,-0.36,12445.0,763.0,578.7
RSDC,12/31/2025,627.0,652.0,627.0,639.9,0.03,9739.0,763.0,578.7
RSDC,1/1/2026,630.0,643.0,630.0,643.0,0.48,12911.0,763.0,578.7
RSDC,1/4/2026,630.2,649.9,578.7,632.5,-1.63,7405.0,763.0,578.7
RSDC,1/5/2026,632.7,643.0,627.2,639.8,1.15,19280.0,763.0,578.7
RSDC,1/6/2026,635.0,649.0,630.0,637.9,-0.3,17306.0,763.0,578.7
RSDC,1/7/2026,628.2,645.2,628.2,640.0,0.33,10090.0,763.0,578.7
RSDC,1/8/2026,633.0,650.0,633.0,642.0,0.31,14461.0,763.0,578.7
RSDC,1/12/2026,633.1,641.0,631.3,635.0,-1.09,7937.0,763.0,578.7
RSDC,1/13/2026,640.0,645.9,628.2,635.0,0.0,10951.0,763.0,578.7
RSDC,1/14/2026,626.0,698.5,626.0,639.9,0.77,7484.0,763.0,578.7
RSDC,1/18/2026,643.0,650.0,635.0,645.0,0.8,15687.0,763.0,578.7
RSDC,1/20/2026,645.0,665.0,642.3,651.9,1.07,50111.0,763.0,578.7
RSDC,1/21/2026,662.0,664.9,645.2,655.0,0.48,40590.0,763.0,578.7
RSDC,1/22/2026,650.0,675.0,650.0,665.0,1.53,47006.0,763.0,578.7
RSDC,1/25/2026,666.0,700.7,666.0,689.0,3.61,47011.0,763.0,578.7
RSDC,1/26/2026,690.0,695.0,665.2,676.0,-1.89,40007.0,763.0,578.7
RSDC,1/27/2026,685.0,685.0,645.9,657.0,-2.81,49033.0,763.0,578.7
RSDC,1/28/2026,643.9,672.0,643.9,656.4,-0.09,19513.0,763.0,578.7
RSDC,1/29/2026,650.1,664.0,650.1,657.9,0.23,28029.0,763.0,578.7
RSDC,2/1/2026,646.1,662.0,646.1,657.0,-0.14,15761.0,763.0,578.7
RSDC,2/2/2026,668.8,668.8,651.3,661.5,0.68,9983.0,763.0,578.7
RSDC,2/3/2026,652.1,660.0,652.0,653.1,-1.27,24480.0,763.0,578.7
RSDC,2/4/2026,660.0,666.0,656.5,662.0,1.36,11464.0,763.0,578.7
RSDC,2/5/2026,665.0,674.0,652.1,670.5,1.28,16369.0,763.0,578.7
RSDC,2/8/2026,671.0,680.0,662.0,662.0,-1.27,27676.0,763.0,578.7
RSDC,2/9/2026,662.0,667.0,656.1,658.0,-0.6,13445.0,763.0,578.7
RSDC,2/10/2026,651.0,660.5,650.0,654.0,-0.61,28859.0,763.0,578.7
RSDC,2/11/2026,667.0,667.0,652.0,656.0,0.31,31844.0,763.0,578.7
RSDC,2/12/2026,650.2,660.0,650.2,654.1,-0.29,14480.0,763.0,578.7
RSDC,2/16/2026,665.0,665.0,651.0,651.0,-0.47,10664.0,763.0,578.7
RSDC,2/17/2026,659.0,659.0,641.0,641.0,-1.54,18647.0,763.0,578.7
RSDC,2/22/2026,653.0,653.0,630.0,634.4,-1.03,8638.0,763.0,578.7
RSDC,2/23/2026,634.4,645.0,634.4,635.1,0.11,3761.0,763.0,578.7
RSDC,2/24/2026,635.1,651.0,628.8,651.0,2.5,9202.0,763.0,578.7
RSDC,2/25/2026,655.0,655.0,641.0,651.0,0.0,2196.0,763.0,578.7
RSDC,2/26/2026,664.0,664.0,641.0,641.1,-1.52,5299.0,763.0,578.7
RSDC,2/27/2026,664.0,664.0,641.0,641.1,0.0,5299.0,763.0,578.7
RSDC,2/28/2026,664.0,664.0,641.0,641.1,0.0,5299.0,763.0,578.7
RSDC,3/2/2026,628.3,672.0,628.3,658.9,2.78,10373.0,763.0,578.7
RSDC,3/3/2026,650.1,672.0,650.1,670.0,1.68,18352.0,763.0,578.7
RSDC,3/4/2026,650.1,672.0,650.1,670.0,0.0,18352.0,763.0,578.7
RSDC,3/5/2026,650.1,672.0,650.1,670.0,0.0,18352.0,763.0,578.7
RSDC,3/6/2026,650.1,672.0,650.1,670.0,0.0,18352.0,763.0,578.7
RSDC,3/7/2026,650.1,672.0,650.1,670.0,0.0,18352.0,763.0,578.7
RSDC,3/8/2026,650.1,672.0,650.1,670.0,0.0,18352.0,763.0,578.7
RSDC,3/9/2026,683.4,710.0,683.4,710.0,5.97,50.0,763.0,578.7
RSDC,3/10/2026,724.2,724.2,680.0,689.0,-2.96,57251.0,763.0,578.7
RSDC,3/11/2026,675.3,692.0,670.1,675.3,-1.99,13826.0,763.0,578.7
RSDC,3/12/2026,666.0,724.0,662.0,679.9,0.68,25126.0,763.0,578.7
RSDC,3/13/2026,666.0,724.0,662.0,679.9,0.0,25126.0,763.0,578.7
RSDC,3/14/2026,666.0,724.0,662.0,679.9,0.0,25126.0,763.0,578.7
RSDC,3/15/2026,666.4,691.5,666.4,683.0,0.46,11614.0,763.0,578.7
RSDC,3/16/2026,673.1,682.0,671.2,674.0,-1.32,18633.0,763.0,578.7
RSDC,3/17/2026,669.0,675.0,669.0,670.0,-0.59,10680.0,763.0,578.7
RSDC,3/18/2026,669.0,675.0,669.0,670.0,0.0,10680.0,763.0,578.7
RSDC,3/19/2026,668.0,688.5,668.0,687.0,2.54,36401.0,763.0,578.7
RSDC,3/20/2026,668.0,688.5,668.0,687.0,0.0,36401.0,763.0,578.7
RSDC,3/21/2026,668.0,688.5,668.0,687.0,0.0,36401.0,763.0,578.7
RSDC,3/22/2026,696.0,741.5,690.0,733.9,6.83,106345.0,763.0,578.7
RSDC,3/23/2026,740.1,763.0,740.0,747.5,1.85,72131.0,763.0,578.7
RSDC,3/24/2026,747.5,750.0,733.0,735.0,-1.67,31791.0,763.0,578.7
RSDC,3/25/2026,735.0,735.0,696.8,726.0,-1.22,75711.0,763.0,578.7
RSDC,3/26/2026,734.0,735.0,697.7,730.0,-0.54,46327.0,763.0,578.7
RSDC,3/29/2026,732.0,739.9,716.0,728.9,-0.42,63151.0,763.0,578.7
RSDC,3/30/2026,728.9,740.0,718.0,723.0,-0.81,58607.0,763.0,578.7
RSDC,3/31/2026,723.0,735.0,707.0,728.5,0.76,28981.0,763.0,578.7
RSDC,4/1/2026,717.5,729.0,701.0,709.0,-1.18,43447.0,763.0,578.7
RSDC,4/2/2026,696.1,714.0,690.0,696.0,-0.01,23222.0,763.0,578.7
RSDC,4/5/2026,683.0,687.0,672.0,672.0,-1.61,45735.0,763.0,578.7
RSDC,4/6/2026,680.0,699.0,680.0,693.0,1.91,17149.0,763.0,578.7
RSDC,4/7/2026,706.7,706.7,685.0,685.0,-3.07,12369.0,763.0,578.7
RSDC,4/8/2026,680.0,707.0,678.0,702.0,3.24,21744.0,763.0,578.7
RSDC,4/9/2026,710.0,714.0,700.2,705.0,-0.7,14519.0,763.0,578.7
RSDC,4/10/2026,717.0,717.0,695.0,703.1,-1.94,7725.0,763.0,578.7
RSDC,4/13/2026,705.0,705.0,690.0,702.0,-0.43,9170.0,763.0,578.7
RSDC,4/15/2026,700.0,715.0,700.0,713.0,1.86,17804.0,763.0,578.7
RSDC,4/16/2026,719.0,719.0,691.0,700.0,-2.64,10367.0,763.0,578.7
RSDC,4/17/2026,689.0,690.0,675.5,688.0,-0.15,11325.0,763.0,578.7
RSDC,4/20/2026,671.0,697.0,671.0,692.9,3.26,11218.0,763.0,578.7
RSDC,4/21/2026,712.0,712.0,683.0,684.9,-3.81,8194.0,763.0,578.7
RSDC,4/22/2026,691.9,691.9,670.0,675.0,-2.44,7704.0,763.0,578.7
RSDC,4/23/2026,675.0,685.0,667.2,672.0,-0.44,4594.0,763.0,578.7
RSDC,4/24/2026,672.0,685.0,668.0,674.0,0.3,4041.0,763.0,578.7
RSDC,4/27/2026,674.0,679.9,670.2,679.7,0.85,3258.0,763.0,578.7
RSDC,4/28/2026,679.7,680.0,671.5,672.2,-1.1,6138.0,763.0,578.7
RSDC,4/29/2026,672.2,672.2,660.1,663.0,-1.37,3608.0,763.0,578.7
RSDC,4/30/2026,664.0,679.0,660.0,665.0,0.15,4978.0,763.0,578.7
RSDC,5/4/2026,665.0,665.0,651.0,651.1,-2.09,6457.0,763.0,578.7
RSDC,5/5/2026,647.0,656.8,640.0,651.1,0.63,4376.0,763.0,578.7
RSDC,5/6/2026,651.1,660.0,651.1,652.0,0.14,2395.0,763.0,578.7
RSDC,5/7/2026,645.1,661.0,645.1,657.6,1.94,6834.0,763.0,578.7
RSDC,5/8/2026,676.9,676.9,655.0,668.0,-1.31,1488.0,763.0,578.7
RSDC,5/11/2026,680.0,680.0,671.3,675.0,-0.74,2777.0,763.0,578.7
RSDC,5/12/2026,695.0,710.0,671.1,674.0,-3.02,7240.0,763.0,578.7
RSDC,5/13/2026,674.0,675.0,665.0,666.0,-1.19,3341.0,763.0,578.7
RSDC,5/14/2026,660.3,665.0,660.0,661.0,0.11,1974.0,763.0,578.7
RSDC,5/15/2026,680.0,699.0,661.1,661.1,-2.78,779.0,763.0,578.7
RSDC,5/18/2026,665.0,665.0,659.1,660.1,-0.74,1849.0,763.0,578.7
RSDC,5/19/2026,660.0,668.9,658.0,662.0,0.3,2533.0,763.0,578.7
RSDC,5/20/2026,629.5,668.0,629.5,666.0,5.8,3005.0,763.0,578.7
RSDC,5/21/2026,684.9,685.0,659.0,664.0,-3.05,3717.0,763.0,578.7
RSDC,5/22/2026,657.2,668.0,657.0,667.8,1.61,6967.0,763.0,578.7
RSDC,5/25/2026,674.0,681.0,665.0,681.0,1.04,4363.0,763.0,578.7
RSDC,5/26/2026,670.0,675.0,665.0,675.0,0.75,3200.0,763.0,578.7
RSDC,5/27/2026,675.2,676.0,665.0,665.0,-1.51,3529.0,763.0,578.7
RSDC,6/1/2026,650.1,691.0,650.1,659.2,1.4,4612.0,763.0,578.7
RSDC,6/2/2026,659.2,665.0,659.2,665.0,0.88,4630.0,763.0,578.7
RSDC,6/3/2026,665.0,683.9,665.0,680.0,2.26,13250.0,763.0,578.7
RSDC,6/4/2026,680.0,685.0,672.2,678.6,-0.21,2683.0,763.0,578.7
RSDC,6/5/2026,698.0,698.0,661.8,671.0,-3.87,1971.0,763.0,578.7
RSDC,6/8/2026,665.0,670.0,665.0,665.0,0.0,4248.0,763.0,578.7
RSDC,6/9/2026,655.1,666.6,655.1,664.0,1.36,3823.0,763.0,578.7
RSDC,6/10/2026,675.0,675.0,658.0,665.0,-1.48,3920.0,763.0,578.7
RSDC,6/11/2026,665.0,665.0,660.0,660.0,-0.75,2556.0,763.0,578.7
RSDC,6/12/2026,660.0,670.0,655.1,657.0,-0.45,3001.0,763.0,578.7
RSDC,6/15/2026,657.0,662.9,655.8,658.3,0.2,1459.0,763.0,578.7
RSDC,6/16/2026,658.2,668.0,652.0,656.0,-0.33,1732.0,763.0,578.7
RSDC,6/17/2026,656.0,675.0,655.0,655.1,-0.14,2369.0,763.0,578.7
RSDC,6/18/2026,656.5,663.0,653.1,660.0,0.53,2167.0,763.0,578.7
RSDC,6/19/2026,655.3,670.0,655.3,658.0,0.41,811.0,763.0,578.7
RSDC,6/22/2026,660.0,676.6,656.0,665.0,0.76,5137.0,763.0,578.7
RSDC,6/23/2026,651.0,662.0,651.0,655.0,0.61,1396.0,763.0,578.7
RSDC,6/24/2026,655.0,655.0,645.1,652.9,-0.32,8568.0,763.0,578.7
RSDC,6/26/2026,655.0,662.0,640.2,640.2,-2.26,5284.0,763.0,578.7
RSDC,6/29/2026,640.2,645.0,631.1,640.0,-0.03,1964.0,763.0,578.7
RSDC,6/30/2026,632.4,640.0,632.0,638.0,0.89,4298.0,763.0,578.7
RSDC,7/1/2026,627.0,659.0,627.0,648.0,3.35,3409.0,763.0,578.7
RSDC,7/2/2026,664.0,664.0,631.3,652.0,-1.81,2719.0,763.0,578.7
RSDC,7/3/2026,670.0,670.0,635.2,658.0,-1.79,4700.0,763.0,578.7
RSDC,7/6/2026,670.0,670.0,635.0,650.0,-2.99,3177.0,763.0,578.7
RSDC,7/7/2026,669.0,669.0,640.0,647.0,-3.29,2326.0,763.0,578.7
RSDC,7/8/2026,640.5,648.0,631.1,645.9,0.84,3429.0,763.0,578.7
RSDC,7/9/2026,645.9,645.9,632.0,643.0,-0.45,4094.0,763.0,578.7
RSDC,7/10/2026,654.0,654.0,635.0,643.0,-1.68,3140.0,763.0,578.7
RSDC,7/13/2026,632.1,639.0,625.0,627.0,-0.81,4118.0,763.0,578.7
RSDC,7/14/2026,620.0,639.0,610.0,632.0,1.94,3869.0,763.0,578.7
RSDC,7/15/2026,638.0,649.0,630.0,645.9,1.24,560.0,763.0,578.7
RSDC,7/16/2026,661.0,661.0,640.0,649.8,-1.69,841.0,763.0,578.7
RSDC,7/17/2026,649.8,664.5,649.8,664.0,2.19,4400.0,763.0,578.7
RSDC,7/20/2026,666.0,674.0,655.9,673.9,1.19,5985.0,763.0,578.7
RSDC,7/21/2026,679.0,686.0,665.0,668.0,-1.62,16999.0,763.0,578.7
RSDC,7/22/2026,672.0,677.0,663.0,677.0,0.74,6228.0,763.0,578.7
RSDC,7/23/2026,676.0,677.0,663.0,675.0,-0.15,1340.0,763.0,578.7
RSDC,7/24/2026,641.3,681.0,641.3,670.1,4.49,4871.0,763.0,578.7
RSDC,7/27/2026,668.0,668.0,641.0,642.0,-3.89,6409.0,763.0,578.7
RSDC,7/28/2026,660.0,660.0,643.0,647.6,-1.88,1371.0,763.0,578.7
RSDC,7/29/2026,643.5,650.1,642.2,643.0,-0.08,5340.0,763.0,578.7
RSDC,7/30/2026,641.2,645.0,637.0,640.1,-0.17,1502.0,763.0,578.7
RSDC,7/31/2026,642.1,645.0,638.0,638.2,-0.61,4291.0,763.0,578.7
RSDC,8/3/2026,642.0,645.0,640.2,640.5,-0.23,1446.0,763.0,578.7
RSDC,8/4/2026,641.0,641.0,637.0,640.0,-0.16,1859.0,763.0,578.7
RSDC,8/5/2026,640.0,650.0,637.0,637.1,-0.45,2874.0,763.0,578.7
RSDC,8/6/2026,637.1,645.0,633.0,635.0,-0.33,2729.0,763.0,578.7
RSDC,8/7/2026,630.1,640.0,630.1,638.0,1.25,2369.0,763.0,578.7
RSDC,8/10/2026,636.0,663.0,630.0,657.0,3.3,8214.0,763.0,578.7
RSDC,8/11/2026,669.0,669.0,640.0,649.0,-2.99,4373.0,763.0,578.7
RSDC,8/12/2026,637.1,639.5,637.1,638.4,0.2,492.0,763.0,578.7
RSDC,8/13/2026,655.5,655.5,634.5,645.0,-1.6,1674.0,763.0,578.7
RSDC,8/14/2026,637.1,644.0,631.1,632.0,-0.8,3919.0,763.0,578.7
RSDC,8/17/2026,640.0,640.0,627.1,632.0,-1.25,2044.0,763.0,578.7
RSDC,8/18/2026,650.0,650.0,623.0,633.0,-2.62,2101.0,763.0,578.7
RSDC,8/19/2026,630.0,639.9,620.0,628.3,-0.27,2279.0,763.0,578.7
RSDC,8/20/2026,621.0,634.9,621.0,626.7,0.92,903.0,763.0,578.7
RSDC,8/21/2026,621.0,634.8,621.0,627.0,0.97,2516.0,763.0,578.7
RSDC,8/24/2026,621.0,625.0,619.0,619.1,-0.31,2462.0,763.0,578.7
RSDC,8/25/2026,637.0,637.0,618.0,619.1,-2.81,1184.0,763.0,578.7
RSDC,8/26/2026,611.0,627.0,610.1,613.0,0.33,2913.0,763.0,578.7
RSDC,8/27/2026,613.0,614.0,609.9,611.2,-0.29,1229.0,763.0,578.7
RSDC,8/31/2026,611.0,613.0,603.1,610.0,-0.16,1674.0,763.0,578.7
RSDC,9/1/2026,605.0,620.0,605.0,614.0,1.49,968.0,763.0,578.7
RSDC,9/2/2026,615.0,617.0,611.0,615.0,0.0,384.0,763.0,578.7
RSDC,9/3/2026,615.0,620.0,612.0,619.9,0.8,1542.0,763.0,578.7
RSDC,9/7/2026,615.0,636.0,612.3,628.0,2.11,5199.0,763.0,578.7
RSDC,9/9/2026,628.0,628.0,615.0,623.0,-0.8,1118.0,763.0,578.7
RSDC,9/10/2026,591.9,628.0,591.9,615.0,3.9,557.0,763.0,578.7
RSDC,9/11/2026,613.0,629.9,613.0,625.0,1.96,2068.0,763.0,578.7
RSDC,9/14/2026,627.0,628.9,622.0,622.0,-0.8,2581.0,763.0,578.7
RSDC,9/15/2026,640.0,653.0,632.5,642.9,0.45,5124.0,763.0,578.7
RSDC,9/16/2026,641.9,644.0,630.0,630.0,-1.85,1769.0,763.0,578.7
RSDC,9/17/2026,640.0,640.0,628.0,628.0,-1.88,2181.0,763.0,578.7
RSDC,9/18/2026,635.0,637.0,626.3,632.6,-0.38,8483.0,763.0,578.7
RSDC,9/22/2026,635.0,645.0,625.1,640.0,0.79,6415.0,763.0,578.7
RSDC,9/23/2026,640.0,640.0,628.0,631.0,-1.41,1181.0,763.0,578.7
RSDC,9/24/2026,632.0,632.5,625.0,628.0,-0.63,1356.0,763.0,578.7
RSDC,9/28/2026,621.1,634.9,618.0,624.9,0.61,5472.0,763.0,578.7
RSDC,9/29/2026,625.0,628.0,620.0,0.0,-100.0,1585.0,763.0,578.7
RSDC,9/30/2026,625.0,633.0,615.0,615.0,-1.6,2963.0,763.0,578.7
RSDC,10/1/2026,612.0,621.0,612.0,616.0,0.65,2287.0,763.0,578.7
RSDC,10/2/2026,613.0,615.2,612.0,615.0,0.33,2772.0,763.0,578.7
RSDCP,6/2/2026,366.0,366.0,366.0,366.0,0.0,2385.0,366.0,310.0
RSML,2/16/2026,300.0,330.0,300.0,330.0,,130.0,5049.0,300.0
RSML,2/17/2026,328.0,361.8,328.0,361.8,9.64,60.0,5049.0,300.0
RSML,2/22/2026,358.2,395.3,358.2,395.3,9.26,60.0,5049.0,300.0
RSML,2/23/2026,391.5,432.0,391.5,432.0,9.28,60.0,5049.0,300.0
RSML,2/24/2026,427.9,472.2,427.9,472.2,9.31,60.0,5049.0,300.0
RSML,2/25/2026,467.5,519.4,467.5,519.4,10.0,60.0,5049.0,300.0
RSML,2/26/2026,514.3,567.5,514.3,567.5,9.26,60.0,5049.0,300.0
RSML,2/27/2026,514.3,567.5,514.3,567.5,0.0,60.0,5049.0,300.0
RSML,2/28/2026,514.3,567.5,514.3,567.5,0.0,60.0,5049.0,300.0
RSML,3/2/2026,561.9,624.2,561.9,624.2,9.99,110.0,5049.0,300.0
RSML,3/3/2026,621.1,685.5,621.1,685.5,9.82,60.0,5049.0,300.0
RSML,3/4/2026,621.1,685.5,621.1,685.5,0.0,60.0,5049.0,300.0
RSML,3/5/2026,621.1,685.5,621.1,685.5,0.0,60.0,5049.0,300.0
RSML,3/6/2026,621.1,685.5,621.1,685.5,0.0,60.0,5049.0,300.0
RSML,3/7/2026,621.1,685.5,621.1,685.5,0.0,60.0,5049.0,300.0
RSML,3/8/2026,621.1,685.5,621.1,685.5,0.0,60.0,5049.0,300.0
RSML,3/9/2026,675.3,675.3,675.3,675.3,-1.49,10.0,5049.0,300.0
RSML,3/10/2026,688.8,742.8,688.8,742.8,10.0,80.0,5049.0,300.0
RSML,3/11/2026,735.6,812.1,735.6,812.1,9.33,60.0,5049.0,300.0
RSML,3/12/2026,802.1,893.3,802.1,893.3,10.0,160.0,5049.0,300.0
RSML,3/13/2026,802.1,893.3,802.1,893.3,0.0,160.0,5049.0,300.0
RSML,3/14/2026,802.1,893.3,802.1,893.3,0.0,160.0,5049.0,300.0
RSML,3/15/2026,885.2,939.3,885.2,939.3,5.15,80.0,5049.0,300.0
RSML,3/16/2026,921.2,1033.2,921.2,1033.2,10.0,170.0,5049.0,300.0
RSML,3/17/2026,1017.8,1136.5,1017.8,1136.5,10.0,250.0,5049.0,300.0
RSML,3/18/2026,1017.8,1136.5,1017.8,1136.5,0.0,250.0,5049.0,300.0
RSML,3/19/2026,1120.5,1250.1,1120.5,1250.1,10.0,770.0,5049.0,300.0
RSML,3/20/2026,1120.5,1250.1,1120.5,1250.1,0.0,770.0,5049.0,300.0
RSML,3/21/2026,1120.5,1250.1,1120.5,1250.1,0.0,770.0,5049.0,300.0
RSML,3/22/2026,1235.0,1375.1,1235.0,1375.1,10.0,375.0,5049.0,300.0
RSML,3/23/2026,1361.4,1512.6,1361.4,1512.6,10.0,480.0,5049.0,300.0
RSML,3/24/2026,1494.4,1663.8,1494.4,1663.8,10.0,543.0,5049.0,300.0
RSML,3/25/2026,1697.0,1830.1,1697.0,1830.1,10.0,1020.0,5049.0,300.0
RSML,3/26/2026,1821.0,2013.1,1821.0,2013.1,10.55,3368.0,5049.0,300.0
RSML,3/29/2026,2009.7,2214.4,2009.7,2214.4,10.19,2225.0,5049.0,300.0
RSML,3/30/2026,2203.9,2435.8,2203.9,2435.8,10.52,2297.0,5049.0,300.0
RSML,3/31/2026,2430.1,2679.3,2430.1,2679.3,10.25,2107.0,5049.0,300.0
RSML,4/1/2026,2678.2,2947.2,2678.2,2947.2,10.04,5120.0,5049.0,300.0
RSML,4/2/2026,3006.1,3241.9,3006.1,3241.9,7.84,16025.0,5049.0,300.0
RSML,4/5/2026,3306.7,3566.0,3306.7,3566.0,7.84,18487.0,5049.0,300.0
RSML,4/6/2026,3637.3,3922.6,3210.0,3509.0,-3.53,326117.0,5049.0,300.0
RSML,4/7/2026,3509.0,3650.0,3440.0,3545.0,1.03,68424.0,5049.0,300.0
RSML,4/8/2026,3545.0,3899.5,3545.0,3899.5,10.0,110003.0,5049.0,300.0
RSML,4/9/2026,3977.0,4289.4,3825.0,4289.4,7.86,68240.0,5049.0,300.0
RSML,4/10/2026,4375.1,4718.3,4375.1,4691.0,7.22,93429.0,5049.0,300.0
RSML,4/13/2026,4775.4,5049.0,4611.0,4799.0,0.49,94947.0,5049.0,300.0
RSML,4/15/2026,4799.0,4896.0,4500.0,4530.0,-5.61,106020.0,5049.0,300.0
RSML,4/16/2026,4501.0,4600.0,4280.0,4366.0,-3.0,140365.0,5049.0,300.0
RSML,4/17/2026,4400.0,4730.0,4300.0,4649.1,5.66,72648.0,5049.0,300.0
RSML,4/20/2026,4700.0,4700.0,4465.0,4479.0,-4.7,42038.0,5049.0,300.0
RSML,4/21/2026,4390.1,4539.9,4210.0,4290.0,-2.28,68901.0,5049.0,300.0
RSML,4/22/2026,4080.0,4326.0,4080.0,4230.0,3.68,78442.0,5049.0,300.0
RSML,4/23/2026,4180.0,4425.0,4070.0,4320.0,3.35,70488.0,5049.0,300.0
RSML,4/24/2026,4291.0,4330.0,4200.0,4220.0,-1.65,58569.0,5049.0,300.0
RSML,4/27/2026,4203.0,4346.0,4195.0,4239.0,0.86,72187.0,5049.0,300.0
RSML,4/28/2026,4239.0,4270.0,3981.0,4000.0,-5.64,85116.0,5049.0,300.0
RSML,4/29/2026,4000.0,4000.0,3790.0,3810.1,-4.75,62734.0,5049.0,300.0
RSML,4/30/2026,3780.0,3989.0,3700.0,3850.2,1.86,70158.0,5049.0,300.0
RSML,5/4/2026,3865.0,3949.0,3699.0,3720.0,-3.75,47038.0,5049.0,300.0
RSML,5/5/2026,3790.0,3839.9,3675.0,3750.0,-1.06,33951.0,5049.0,300.0
RSML,5/6/2026,3700.1,3775.0,3619.0,3689.0,-0.3,43504.0,5049.0,300.0
RSML,5/7/2026,3690.0,3724.0,3636.1,3693.0,0.08,38611.0,5049.0,300.0
RSML,5/8/2026,3631.0,3800.0,3631.0,3800.0,4.65,36444.0,5049.0,300.0
RSML,5/11/2026,3765.0,3920.0,3765.0,3825.0,1.59,54516.0,5049.0,300.0
RSML,5/12/2026,3899.0,3940.0,3680.0,3729.0,-4.36,47727.0,5049.0,300.0
RSML,5/13/2026,3729.0,3750.0,3655.1,3724.9,-0.11,22366.0,5049.0,300.0
RSML,5/14/2026,3705.0,3787.9,3673.0,3690.0,-0.4,19134.0,5049.0,300.0
RSML,5/15/2026,3741.9,3777.9,3680.0,3706.0,-0.96,23184.0,5049.0,300.0
RSML,5/18/2026,3720.0,3730.0,3681.0,3690.1,-0.8,19875.0,5049.0,300.0
RSML,5/19/2026,3700.0,3749.9,3650.0,3680.0,-0.54,13524.0,5049.0,300.0
RSML,5/20/2026,3640.0,3730.0,3640.0,3700.0,1.65,21592.0,5049.0,300.0
RSML,5/21/2026,3744.9,3744.9,3675.0,3715.0,-0.8,11962.0,5049.0,300.0
RSML,5/22/2026,3720.0,3740.0,3683.0,3730.0,0.27,26240.0,5049.0,300.0
RSML,5/25/2026,3700.0,3850.0,3700.0,3825.0,3.38,37741.0,5049.0,300.0
RSML,5/26/2026,3849.9,3897.0,3737.0,3780.0,-1.82,18745.0,5049.0,300.0
RSML,5/27/2026,3969.0,3969.0,3700.0,3745.0,-5.64,22770.0,5049.0,300.0
RSML,6/1/2026,3745.0,3745.0,3650.0,3670.0,-2.0,26045.0,5049.0,300.0
RSML,6/2/2026,3685.0,3695.0,3621.1,3640.0,-1.22,30424.0,5049.0,300.0
RSML,6/3/2026,3468.0,3700.0,3468.0,3652.0,5.31,25239.0,5049.0,300.0
RSML,6/4/2026,3685.0,3699.0,3595.0,3631.0,-1.47,12521.0,5049.0,300.0
RSML,6/5/2026,3449.5,3648.0,3449.5,3580.0,3.78,41801.0,5049.0,300.0
RSML,6/8/2026,3480.0,3685.0,3480.0,3598.8,3.41,28775.0,5049.0,300.0
RSML,6/9/2026,3500.0,3645.0,3500.0,3590.0,2.57,18308.0,5049.0,300.0
RSML,6/10/2026,3500.0,3638.0,3500.0,3584.0,2.4,13911.0,5049.0,300.0
RSML,6/11/2026,3500.0,3597.0,3500.0,3570.0,2.0,29675.0,5049.0,300.0
RSML,6/12/2026,3748.5,3748.5,3499.0,3517.9,-6.15,36704.0,5049.0,300.0
RSML,6/15/2026,3420.0,3620.0,3420.0,3460.0,1.17,47155.0,5049.0,300.0
RSML,6/16/2026,3410.0,3443.0,3330.0,3342.0,-1.99,44416.0,5049.0,300.0
RSML,6/17/2026,3230.0,3605.0,3230.0,3399.0,5.23,55293.0,5049.0,300.0
RSML,6/18/2026,3331.0,3579.0,3320.0,3350.0,0.57,14771.0,5049.0,300.0
RSML,6/19/2026,3517.0,3517.0,3251.0,3350.0,-4.75,13837.0,5049.0,300.0
RSML,6/22/2026,3250.0,3448.3,3250.0,3291.0,1.26,38904.0,5049.0,300.0
RSML,6/23/2026,3190.0,3255.2,3140.0,3199.0,0.28,53883.0,5049.0,300.0
RSML,6/24/2026,3358.0,3358.0,3033.0,3100.0,-7.68,23942.0,5049.0,300.0
RSML,6/26/2026,3160.0,3250.0,3160.0,3248.0,2.78,31125.0,5049.0,300.0
RSML,6/29/2026,3120.0,3247.0,3120.0,3247.0,4.07,25644.0,5049.0,300.0
RSML,6/30/2026,3110.0,3190.0,3110.0,3189.0,2.54,22936.0,5049.0,300.0
RSML,7/1/2026,3195.0,3499.0,3101.0,3400.0,6.42,54822.0,5049.0,300.0
RSML,7/2/2026,3230.0,3274.0,3151.0,3274.0,1.36,79286.0,5049.0,300.0
RSML,7/3/2026,3437.0,3437.0,3150.0,3200.0,-6.9,21379.0,5049.0,300.0
RSML,7/6/2026,3360.0,3360.0,3070.0,3070.0,-8.63,18466.0,5049.0,300.0
RSML,7/7/2026,3001.0,3097.0,3001.0,3097.0,3.2,36795.0,5049.0,300.0
RSML,7/8/2026,3020.0,3109.0,3020.0,3040.0,0.66,16075.0,5049.0,300.0
RSML,7/9/2026,3000.0,3090.0,2949.0,2999.0,-0.03,53793.0,5049.0,300.0
RSML,7/10/2026,2940.0,3049.0,2940.0,3034.9,3.23,41428.0,5049.0,300.0
RSML,7/13/2026,3000.0,3048.0,2975.0,3029.0,0.97,23433.0,5049.0,300.0
RSML,7/14/2026,2980.0,3037.0,2967.0,3025.0,1.51,41025.0,5049.0,300.0
RSML,7/15/2026,2981.0,3070.0,2981.0,3000.0,0.64,27505.0,5049.0,300.0
RSML,7/16/2026,2970.0,3035.0,2960.0,2970.0,0.0,29513.0,5049.0,300.0
RSML,7/17/2026,2940.0,3200.0,2940.0,3200.0,8.84,49947.0,5049.0,300.0
RSML,7/20/2026,3150.0,3498.0,3150.0,3498.0,11.05,73255.0,5049.0,300.0
RSML,7/21/2026,3460.0,3650.0,3460.0,3545.0,2.46,77289.0,5049.0,300.0
RSML,7/22/2026,3450.0,3681.0,3450.0,3681.0,6.7,75158.0,5049.0,300.0
RSML,7/23/2026,3510.0,3791.0,3484.9,3516.0,0.17,80405.0,5049.0,300.0
RSML,7/24/2026,3471.0,3599.0,3420.0,3494.0,0.66,43204.0,5049.0,300.0
RSML,7/27/2026,3320.0,3419.6,3200.1,3240.0,-2.41,102801.0,5049.0,300.0
RSML,7/28/2026,3401.0,3401.0,3100.0,3185.0,-6.35,51466.0,5049.0,300.0
RSML,7/29/2026,3110.0,3200.0,3080.5,3118.0,0.26,57561.0,5049.0,300.0
RSML,7/30/2026,3051.0,3134.9,2970.5,3024.0,-0.88,80858.0,5049.0,300.0
RSML,7/31/2026,3175.0,3175.0,2950.0,2999.0,-5.54,38722.0,5049.0,300.0
RSML,8/3/2026,3148.0,3148.0,2775.0,2780.0,-11.69,95826.0,5049.0,300.0
RSML,8/4/2026,2780.0,2850.0,2561.2,2705.0,-2.7,45708.0,5049.0,300.0
RSML,8/5/2026,2650.0,2699.0,2580.0,2619.0,-1.17,31835.0,5049.0,300.0
RSML,8/6/2026,2600.0,2600.0,2510.0,2541.6,-2.25,49202.0,5049.0,300.0
RSML,8/7/2026,2540.0,2640.0,2540.0,2620.0,3.15,27037.0,5049.0,300.0
RSML,8/10/2026,2489.0,2699.9,2489.0,2633.5,5.81,31036.0,5049.0,300.0
RSML,8/11/2026,2502.0,2690.0,2502.0,2626.0,4.96,31269.0,5049.0,300.0
RSML,8/12/2026,2600.0,2630.0,2550.1,2550.1,-1.92,23929.0,5049.0,300.0
RSML,8/13/2026,2423.0,2587.0,2423.0,2546.1,5.08,21911.0,5049.0,300.0
RSML,8/14/2026,2420.0,2605.0,2420.0,2556.0,5.62,19819.0,5049.0,300.0
RSML,8/17/2026,2570.0,2890.0,2290.1,2841.6,10.57,523651.0,5049.0,300.0
RSML,8/18/2026,2841.0,2898.0,2720.0,2725.0,-4.08,60363.0,5049.0,300.0
RSML,8/19/2026,2705.0,2720.0,2655.0,2710.0,0.18,57723.0,5049.0,300.0
RSML,8/20/2026,2685.0,2830.0,2610.6,2784.0,3.69,110600.0,5049.0,300.0
RSML,8/21/2026,2849.0,2849.0,2768.0,2775.0,-2.6,94674.0,5049.0,300.0
RSML,8/24/2026,2800.0,2800.0,2721.0,2728.0,-2.57,46283.0,5049.0,300.0
RSML,8/25/2026,2744.9,2755.0,2712.0,2727.0,-0.65,64986.0,5049.0,300.0
RSML,8/26/2026,2741.0,2741.0,2690.0,2706.0,-1.28,24922.0,5049.0,300.0
RSML,8/27/2026,2686.0,2764.0,2685.0,2728.0,1.56,40235.0,5049.0,300.0
RSML,8/31/2026,2770.0,2770.0,2696.0,2724.0,-1.66,44684.0,5049.0,300.0
RSML,9/1/2026,2700.0,2744.0,2685.5,2718.0,0.67,23024.0,5049.0,300.0
RSML,9/2/2026,2650.0,2719.0,2650.0,2695.0,1.7,27750.0,5049.0,300.0
RSML,9/3/2026,2681.3,2850.0,2681.3,2830.0,5.55,146528.0,5049.0,300.0
RSML,9/7/2026,2850.0,2965.0,2850.0,2940.0,3.16,86181.0,5049.0,300.0
RSML,9/9/2026,2941.1,3045.0,2941.1,2993.0,1.76,143170.0,5049.0,300.0
RSML,9/10/2026,3142.0,3142.0,2906.0,2910.0,-7.38,71366.0,5049.0,300.0
RSML,9/11/2026,2840.0,2970.0,2840.0,2930.0,3.17,50599.0,5049.0,300.0
RSML,9/14/2026,2840.0,2970.0,2840.0,2936.0,3.38,60604.0,5049.0,300.0
RSML,9/15/2026,3082.0,3082.0,2852.0,2879.0,-6.59,111596.0,5049.0,300.0
RSML,9/16/2026,2886.0,2898.0,2765.0,2810.0,-2.63,88468.0,5049.0,300.0
RSML,9/17/2026,2740.0,2830.0,2740.0,2745.0,0.18,61443.0,5049.0,300.0
RSML,9/18/2026,2701.0,2798.0,2701.0,2757.0,2.07,51184.0,5049.0,300.0
RSML,9/22/2026,2701.0,2796.7,2690.0,2699.0,-0.07,41123.0,5049.0,300.0
RSML,9/23/2026,2699.5,2747.0,2682.0,2722.9,0.87,78342.0,5049.0,300.0
RSML,9/24/2026,2730.0,2760.0,2710.0,2754.0,0.88,80716.0,5049.0,300.0
RSML,9/28/2026,2754.0,2836.0,2750.0,2789.0,1.27,40165.0,5049.0,300.0
RSML,9/29/2026,2785.0,2814.0,2760.0,0.0,-100.0,24696.0,5049.0,300.0
RSML,9/30/2026,2788.0,2797.0,2710.0,2738.9,-1.76,34557.0,5049.0,300.0
RSML,10/1/2026,2701.0,2779.0,2699.0,2739.9,1.44,54374.0,5049.0,300.0
RSML,10/2/2026,2740.0,2770.0,2680.0,2708.0,-1.17,57507.0,5049.0,300.0
RSY,12/21/2025,9.05,9.32,9.05,9.23,,7800.0,10.7,8.72
RSY,12/22/2025,9.23,9.25,9.22,9.22,-0.11,5860.0,10.7,8.72
RSY,12/23/2025,9.07,9.18,9.07,9.14,-0.87,4500.0,10.7,8.72
RSY,12/24/2025,9.01,9.26,9.01,9.26,1.31,2150.0,10.7,8.72
RSY,12/28/2025,9.09,9.3,9.09,9.16,-1.08,6200.0,10.7,8.72
RSY,12/29/2025,9.3,9.5,9.17,9.5,3.71,11050.0,10.7,8.72
RSY,12/31/2025,9.31,9.69,9.25,9.69,2.0,195100.0,10.7,8.72
RSY,1/1/2026,9.5,9.53,9.32,9.52,-1.75,9750.0,10.7,8.72
RSY,1/4/2026,9.36,9.54,9.35,9.52,0.0,15600.0,10.7,8.72
RSY,1/5/2026,9.5,9.55,9.36,9.48,-0.42,34820.0,10.7,8.72
RSY,1/6/2026,9.35,9.55,9.35,9.48,0.0,5200.0,10.7,8.72
RSY,1/7/2026,9.46,9.62,9.46,9.5,0.21,4950.0,10.7,8.72
RSY,1/8/2026,9.31,9.5,9.31,9.38,-1.26,3230.0,10.7,8.72
RSY,1/12/2026,9.4,9.55,9.4,9.45,0.75,9050.0,10.7,8.72
RSY,1/13/2026,9.55,9.8,9.47,9.8,3.7,14400.0,10.7,8.72
RSY,1/14/2026,9.61,9.8,9.48,9.79,-0.1,8851.0,10.7,8.72
RSY,1/18/2026,9.6,9.79,9.6,9.67,-1.23,15900.0,10.7,8.72
RSY,1/20/2026,9.66,9.79,9.66,9.75,0.83,13100.0,10.7,8.72
RSY,1/21/2026,9.66,9.8,9.66,9.75,0.0,7450.0,10.7,8.72
RSY,1/22/2026,9.56,10.0,9.37,9.8,0.51,17180.0,10.7,8.72
RSY,1/25/2026,9.61,9.8,9.61,9.78,-0.2,5750.0,10.7,8.72
RSY,1/26/2026,9.77,10.09,9.77,10.0,2.25,19550.0,10.7,8.72
RSY,1/27/2026,9.8,10.06,9.8,9.84,-1.6,98290.0,10.7,8.72
RSY,1/28/2026,9.65,9.94,9.65,9.94,1.02,5710.0,10.7,8.72
RSY,1/29/2026,9.79,10.01,9.79,9.84,-1.01,56050.0,10.7,8.72
RSY,2/1/2026,9.7,9.94,9.68,9.78,-0.61,4500.0,10.7,8.72
RSY,2/2/2026,9.59,9.97,9.59,9.75,-0.31,4300.0,10.7,8.72
RSY,2/3/2026,9.57,9.88,9.57,9.75,0.0,3009.0,10.7,8.72
RSY,2/4/2026,9.75,9.99,9.75,9.8,0.51,10145.0,10.7,8.72
RSY,2/5/2026,9.7,10.17,9.7,9.78,-0.2,12300.0,10.7,8.72
RSY,2/8/2026,9.72,10.07,9.72,9.9,1.23,84190.0,10.7,8.72
RSY,2/9/2026,9.76,10.02,9.76,9.91,0.1,357150.0,10.7,8.72
RSY,2/10/2026,9.72,10.01,9.72,9.8,-1.11,83200.0,10.7,8.72
RSY,2/11/2026,9.8,10.0,9.76,9.8,0.0,23700.0,10.7,8.72
RSY,2/12/2026,9.74,9.99,9.74,9.78,-0.2,14250.0,10.7,8.72
RSY,2/16/2026,9.75,10.0,9.64,10.0,2.25,18361.0,10.7,8.72
RSY,2/17/2026,9.85,10.18,9.85,10.09,0.9,46100.0,10.7,8.72
RSY,2/22/2026,9.89,10.0,9.89,10.0,-0.89,32900.0,10.7,8.72
RSY,2/23/2026,9.89,9.89,9.72,9.8,-2.0,2810.0,10.7,8.72
RSY,2/24/2026,9.73,9.99,9.72,9.9,1.02,3100.0,10.7,8.72
RSY,2/25/2026,9.72,10.01,9.72,10.01,1.11,3862.0,10.7,8.72
RSY,2/26/2026,9.81,10.01,9.81,10.0,-0.1,28500.0,10.7,8.72
RSY,2/27/2026,9.81,10.01,9.81,10.0,0.0,28500.0,10.7,8.72
RSY,2/28/2026,9.81,10.01,9.81,10.0,0.0,28500.0,10.7,8.72
RSY,3/2/2026,10.0,10.0,9.81,9.9,-1.0,12250.0,10.7,8.72
RSY,3/3/2026,9.91,10.03,9.91,10.0,1.01,86684.0,10.7,8.72
RSY,3/4/2026,9.91,10.03,9.91,10.0,0.0,86684.0,10.7,8.72
RSY,3/5/2026,9.91,10.03,9.91,10.0,0.0,86684.0,10.7,8.72
RSY,3/6/2026,9.91,10.03,9.91,10.0,0.0,86684.0,10.7,8.72
RSY,3/7/2026,9.91,10.03,9.91,10.0,0.0,86684.0,10.7,8.72
RSY,3/8/2026,9.91,10.03,9.91,10.0,0.0,86684.0,10.7,8.72
RSY,3/10/2026,10.0,10.23,9.9,10.2,2.0,35040.0,10.7,8.72
RSY,3/11/2026,10.0,10.17,10.0,10.08,-1.18,121300.0,10.7,8.72
RSY,3/12/2026,10.08,10.2,10.0,10.19,1.09,20740.0,10.7,8.72
RSY,3/13/2026,10.08,10.2,10.0,10.19,0.0,20740.0,10.7,8.72
RSY,3/14/2026,10.08,10.2,10.0,10.19,0.0,20740.0,10.7,8.72
RSY,3/15/2026,10.14,10.4,10.14,10.25,0.59,138400.0,10.7,8.72
RSY,3/16/2026,10.05,10.25,10.05,10.11,-1.37,36200.0,10.7,8.72
RSY,3/17/2026,10.1,10.45,10.02,10.45,3.36,112050.0,10.7,8.72
RSY,3/18/2026,10.1,10.45,10.02,10.45,0.0,112050.0,10.7,8.72
RSY,3/19/2026,10.6,10.6,10.45,10.45,0.0,235610.0,10.7,8.72
RSY,3/20/2026,10.6,10.6,10.45,10.45,0.0,235610.0,10.7,8.72
RSY,3/21/2026,10.6,10.6,10.45,10.45,0.0,235610.0,10.7,8.72
RSY,3/22/2026,10.3,10.55,10.25,10.55,0.96,97308.0,10.7,8.72
RSY,3/23/2026,10.34,10.6,10.34,10.45,-0.95,17340.0,10.7,8.72
RSY,3/24/2026,10.5,10.7,10.4,10.45,0.0,19000.0,10.7,8.72
RSY,3/25/2026,10.35,10.55,10.3,10.33,-1.15,111520.0,10.7,8.72
RSY,3/26/2026,10.16,10.53,10.16,10.25,0.89,420700.0,10.7,8.72
RSY,3/29/2026,10.05,10.5,10.05,10.5,4.48,204925.0,10.7,8.72
RSY,3/30/2026,10.29,10.45,10.2,10.27,-0.19,3800.0,10.7,8.72
RSY,3/31/2026,10.27,10.47,10.13,10.2,-0.68,604080.0,10.7,8.72
RSY,4/1/2026,10.18,10.38,10.09,10.1,-0.79,161700.0,10.7,8.72
RSY,4/2/2026,10.1,10.17,9.95,10.15,0.5,11966.0,10.7,8.72
RSY,4/5/2026,10.0,10.15,10.0,10.05,0.5,4000.0,10.7,8.72
RSY,4/6/2026,9.87,10.26,9.87,10.2,3.34,15530.0,10.7,8.72
RSY,4/7/2026,10.0,10.4,10.0,10.22,2.2,8020.0,10.7,8.72
RSY,4/8/2026,10.23,10.4,10.0,10.23,0.0,27680.0,10.7,8.72
RSY,4/9/2026,10.1,10.4,10.05,10.23,1.29,105800.0,10.7,8.72
RSY,4/10/2026,10.04,10.43,10.04,10.3,2.59,105500.0,10.7,8.72
RSY,4/13/2026,10.11,10.31,10.11,10.24,1.29,38220.0,10.7,8.72
RSY,4/15/2026,10.04,10.46,10.04,10.26,2.19,46750.0,10.7,8.72
RSY,4/16/2026,10.17,10.4,10.17,10.32,1.47,3900.0,10.7,8.72
RSY,4/17/2026,10.12,10.48,10.12,10.45,3.26,7700.0,10.7,8.72
RSY,4/20/2026,10.25,10.45,10.17,10.2,-0.49,53710.0,10.7,8.72
RSY,4/21/2026,10.2,10.4,10.1,10.2,0.0,109500.0,10.7,8.72
RSY,4/22/2026,10.2,10.35,10.01,10.2,0.0,7660.0,10.7,8.72
RSY,4/23/2026,10.03,10.33,10.03,10.3,2.69,8750.0,10.7,8.72
RSY,4/24/2026,10.01,10.3,10.01,10.18,1.7,33850.0,10.7,8.72
RSY,4/27/2026,10.18,10.4,10.0,10.0,-1.77,7100.0,10.7,8.72
RSY,4/28/2026,10.0,10.14,9.85,9.97,-0.3,2737.0,10.7,8.72
RSY,4/29/2026,9.97,10.25,9.76,10.06,0.9,4400.0,10.7,8.72
RSY,4/30/2026,9.76,10.3,9.53,10.3,5.53,2800.0,10.7,8.72
RSY,5/4/2026,10.3,10.3,9.96,10.0,-2.91,7700.0,10.7,8.72
RSY,5/5/2026,9.9,10.15,9.9,10.1,2.02,56000.0,10.7,8.72
RSY,5/6/2026,9.91,10.19,9.91,10.19,2.83,28069.0,10.7,8.72
RSY,5/7/2026,9.89,10.3,9.89,10.13,2.43,11600.0,10.7,8.72
RSY,5/8/2026,9.93,10.2,9.93,10.13,2.01,12100.0,10.7,8.72
RSY,5/11/2026,9.96,10.42,9.96,10.13,1.71,105400.0,10.7,8.72
RSY,5/12/2026,10.0,10.39,10.0,10.15,1.5,14820.0,10.7,8.72
RSY,5/13/2026,10.1,10.3,10.03,10.14,0.4,1500.0,10.7,8.72
RSY,5/14/2026,10.14,10.36,10.06,10.36,2.17,19400.0,10.7,8.72
RSY,5/15/2026,10.35,10.35,10.1,10.25,-0.97,1960.0,10.7,8.72
RSY,5/18/2026,9.95,10.28,9.95,10.12,1.71,26400.0,10.7,8.72
RSY,5/19/2026,9.9,10.2,9.9,10.15,2.53,3800.0,10.7,8.72
RSY,5/20/2026,10.2,10.29,9.94,10.12,-0.78,2500.0,10.7,8.72
RSY,5/21/2026,9.92,10.4,9.92,10.16,2.42,2100.0,10.7,8.72
RSY,5/22/2026,9.95,10.37,9.95,10.35,4.02,7500.0,10.7,8.72
RSY,5/25/2026,10.04,10.45,10.04,10.3,2.59,23100.0,10.7,8.72
RSY,5/26/2026,10.3,10.4,10.08,10.4,0.97,4600.0,10.7,8.72
RSY,5/27/2026,10.26,10.43,10.15,10.22,-0.39,38847.0,10.7,8.72
RSY,6/1/2026,10.03,10.5,10.03,10.17,1.4,3600.0,10.7,8.72
RSY,6/2/2026,10.1,10.39,10.1,10.26,1.58,4290.0,10.7,8.72
RSY,6/3/2026,10.12,10.3,10.12,10.21,0.89,155900.0,10.7,8.72
RSY,6/4/2026,10.11,10.3,10.11,10.25,1.38,27816.0,10.7,8.72
RSY,6/5/2026,10.25,10.33,10.18,10.33,0.78,39000.0,10.7,8.72
RSY,6/8/2026,10.2,10.3,10.15,10.21,0.1,40900.0,10.7,8.72
RSY,6/9/2026,10.15,10.3,10.15,10.2,0.49,7000.0,10.7,8.72
RSY,6/10/2026,10.17,10.36,10.17,10.36,1.87,12700.0,10.7,8.72
RSY,6/11/2026,10.21,10.3,10.21,10.25,0.39,116160.0,10.7,8.72
RSY,6/12/2026,10.23,10.33,10.23,10.33,0.98,6000.0,10.7,8.72
RSY,6/15/2026,10.25,10.31,10.25,10.26,0.1,7400.0,10.7,8.72
RSY,6/16/2026,10.25,10.37,10.23,10.23,-0.2,612800.0,10.7,8.72
RSY,6/17/2026,10.21,10.3,10.21,10.22,0.1,4500.0,10.7,8.72
RSY,6/18/2026,10.21,10.31,10.2,10.22,0.1,5060.0,10.7,8.72
RSY,6/19/2026,10.18,10.25,10.18,10.25,0.69,2100.0,10.7,8.72
RSY,6/22/2026,10.2,10.2,10.1,10.2,0.0,5200.0,10.7,8.72
RSY,6/23/2026,10.16,10.16,10.1,10.15,-0.1,3560.0,10.7,8.72
RSY,6/24/2026,10.16,10.16,10.16,10.16,0.0,5200.0,10.7,8.72
RSY,6/26/2026,10.12,10.2,10.12,10.13,0.1,2900.0,10.7,8.72
RSY,6/29/2026,10.15,10.15,10.01,10.01,-1.38,18800.0,10.7,8.72
RSY,6/30/2026,9.71,10.3,9.71,10.0,2.99,2300.0,10.7,8.72
RSY,7/1/2026,9.8,10.14,9.8,10.14,3.47,1100.0,10.7,8.72
RSY,7/2/2026,10.04,10.3,10.04,10.3,2.59,2350.0,10.7,8.72
RSY,7/3/2026,10.0,10.01,10.0,10.01,0.1,400.0,10.7,8.72
RSY,7/6/2026,10.2,10.2,9.78,10.0,-1.96,79800.0,10.7,8.72
RSY,7/7/2026,9.81,10.19,9.81,10.19,3.87,51410.0,10.7,8.72
RSY,7/8/2026,10.01,10.1,9.75,10.1,0.9,66505.0,10.7,8.72
RSY,7/9/2026,9.8,10.2,9.75,9.95,1.53,1100.0,10.7,8.72
RSY,7/10/2026,9.95,10.2,9.95,10.1,1.51,3200.0,10.7,8.72
RSY,7/13/2026,9.81,10.0,9.81,10.0,1.94,5700.0,10.7,8.72
RSY,7/14/2026,9.7,10.0,9.7,10.0,3.09,1200.0,10.7,8.72
RSY,7/15/2026,9.74,10.04,9.74,10.01,2.77,2105.0,10.7,8.72
RSY,7/16/2026,9.76,10.24,9.76,10.24,4.92,8910.0,10.7,8.72
RSY,7/17/2026,10.2,10.24,9.9,10.0,-1.96,46100.0,10.7,8.72
RSY,7/20/2026,9.95,10.25,9.95,10.1,1.51,12000.0,10.7,8.72
RSY,7/21/2026,9.95,10.39,9.8,10.1,1.51,50908.0,10.7,8.72
RSY,7/22/2026,10.02,10.33,10.02,10.29,2.69,64700.0,10.7,8.72
RSY,7/23/2026,10.03,10.35,10.03,10.35,3.19,1700.0,10.7,8.72
RSY,7/24/2026,10.35,10.4,10.14,10.35,0.0,5150.0,10.7,8.72
RSY,7/27/2026,10.05,10.41,10.05,10.2,1.49,13319.0,10.7,8.72
RSY,7/28/2026,9.91,10.49,9.91,10.2,2.93,77100.0,10.7,8.72
RSY,7/29/2026,10.2,10.4,10.2,10.22,0.2,6950.0,10.7,8.72
RSY,7/30/2026,9.71,10.34,9.71,10.25,5.56,83208.0,10.7,8.72
RSY,7/31/2026,10.01,10.3,10.01,10.3,2.9,900.0,10.7,8.72
RSY,8/3/2026,10.31,10.4,10.31,10.31,0.0,2000.0,10.7,8.72
RSY,8/4/2026,10.17,10.5,10.17,10.49,3.15,11600.0,10.7,8.72
RSY,8/5/2026,10.41,10.5,10.41,10.41,0.0,80490.0,10.7,8.72
RSY,8/6/2026,10.4,10.4,10.21,10.25,-1.44,11700.0,10.7,8.72
RSY,8/7/2026,10.31,10.49,10.24,10.26,-0.48,5300.0,10.7,8.72
RSY,8/10/2026,10.24,10.4,10.11,10.4,1.56,2600.0,10.7,8.72
RSY,8/11/2026,10.14,10.28,10.14,10.27,1.28,2650.0,10.7,8.72
RSY,8/12/2026,10.11,10.49,10.11,10.4,2.87,11300.0,10.7,8.72
RSY,8/13/2026,10.25,10.55,10.25,10.5,2.44,280158.0,10.7,8.72
RSY,8/14/2026,10.39,10.5,10.39,10.5,1.06,1300.0,10.7,8.72
RSY,8/17/2026,10.36,10.5,10.36,10.45,0.87,180769.0,10.7,8.72
RSY,8/18/2026,10.41,10.56,10.4,10.5,0.86,44150.0,10.7,8.72
RSY,8/19/2026,10.42,10.53,10.42,10.52,0.96,254400.0,10.7,8.72
RSY,8/20/2026,10.3,10.55,10.3,10.55,2.43,10300.0,10.7,8.72
RSY,8/21/2026,10.25,10.65,10.25,10.65,3.9,14400.0,10.7,8.72
RSY,8/24/2026,10.4,10.7,10.4,10.7,2.88,4700.0,10.7,8.72
RSY,8/25/2026,10.4,10.68,10.4,10.54,1.35,42400.0,10.7,8.72
RSY,8/26/2026,10.23,10.23,9.93,9.93,-2.93,1100.0,10.7,8.72
RSY,8/27/2026,9.9,9.9,9.4,9.44,-4.65,11800.0,10.7,8.72
RSY,8/31/2026,9.51,9.61,9.51,9.61,1.05,800.0,10.7,8.72
RSY,9/1/2026,9.4,9.5,9.4,9.42,0.21,3700.0,10.7,8.72
RSY,9/2/2026,9.39,9.42,9.39,9.42,0.32,310.0,10.7,8.72
RSY,9/3/2026,9.39,9.53,9.39,9.47,0.85,7040.0,10.7,8.72
RSY,9/7/2026,9.51,9.51,9.47,9.47,-0.42,49300.0,10.7,8.72
RSY,9/9/2026,9.47,9.48,9.45,9.46,-0.11,102200.0,10.7,8.72
RSY,9/10/2026,9.45,9.46,9.4,9.4,-0.53,20604.0,10.7,8.72
RSY,9/11/2026,9.17,9.44,9.17,9.44,2.94,80496.0,10.7,8.72
RSY,9/14/2026,9.19,9.45,9.19,9.2,0.11,600.0,10.7,8.72
RSY,9/15/2026,9.2,9.3,9.2,9.3,1.09,2700.0,10.7,8.72
RSY,9/16/2026,9.3,9.39,9.3,9.39,0.97,7820.0,10.7,8.72
RSY,9/17/2026,9.11,9.57,9.11,9.57,5.05,6000.0,10.7,8.72
RSY,9/18/2026,9.3,9.57,9.3,9.57,2.9,600.0,10.7,8.72
RSY,9/22/2026,9.31,9.57,9.3,9.3,-0.11,1800.0,10.7,8.72
RSY,9/23/2026,9.3,9.57,9.3,9.57,2.9,1800.0,10.7,8.72
RSY,9/24/2026,9.31,9.5,9.31,9.37,0.64,1100.0,10.7,8.72
RSY,9/28/2026,9.32,9.37,9.31,9.31,-0.11,22507.0,10.7,8.72
RSY,9/29/2026,9.31,9.58,9.31,0.0,-100.0,7000.0,10.7,8.72
RSY,9/30/2026,9.44,9.45,9.44,9.45,0.11,500.0,10.7,8.72
RSY,10/1/2026,9.4,9.4,9.25,9.28,-1.28,500.0,10.7,8.72
RSY,10/2/2026,9.15,9.2,9.15,9.18,0.33,21220.0,10.7,8.72
RSY2,8/10/2026,10.0,10.0,8.5,9.03,-9.7,17720.0,10.0,8.42
RSY2,8/11/2026,8.58,9.41,8.58,9.01,5.01,18520.0,10.0,8.42
RSY2,8/12/2026,9.01,9.15,8.75,9.08,0.78,9600.0,10.0,8.42
RSY2,8/13/2026,9.0,9.4,9.0,9.12,1.33,9241.0,10.0,8.42
RSY2,8/14/2026,9.0,9.1,8.8,9.08,0.89,6150.0,10.0,8.42
RSY2,8/17/2026,9.0,9.25,8.75,9.0,0.0,46730.0,10.0,8.42
RSY2,8/18/2026,9.0,9.1,8.56,8.92,-0.89,7350.0,10.0,8.42
RSY2,8/19/2026,8.9,9.27,8.8,9.01,1.24,11350.0,10.0,8.42
RSY2,8/20/2026,8.9,9.15,8.9,8.98,0.9,11000.0,10.0,8.42
RSY2,8/21/2026,9.0,9.15,8.73,8.92,-0.89,4900.0,10.0,8.42
RSY2,8/24/2026,8.9,9.01,8.68,8.96,0.67,254600.0,10.0,8.42
RSY2,8/25/2026,8.71,9.19,8.71,9.15,5.05,15100.0,10.0,8.42
RSY2,8/26/2026,8.88,8.94,8.88,8.93,0.56,3700.0,10.0,8.42
RSY2,8/27/2026,8.67,9.16,8.42,9.16,5.65,5400.0,10.0,8.42
RSY2,8/31/2026,8.9,9.15,8.64,9.0,1.12,37750.0,10.0,8.42
RSY2,9/1/2026,8.89,9.14,8.89,8.93,0.45,5297.0,10.0,8.42
RSY2,9/2/2026,8.67,9.0,8.67,8.9,2.65,5400.0,10.0,8.42
RSY2,9/3/2026,8.7,9.15,8.7,8.92,2.53,9630.0,10.0,8.42
RSY2,9/7/2026,8.9,9.13,8.76,9.01,1.24,7520.0,10.0,8.42
RSY2,9/9/2026,8.74,9.2,8.74,8.8,0.69,7000.0,10.0,8.42
RSY2,9/10/2026,8.65,9.0,8.65,8.9,2.89,5423.0,10.0,8.42
RSY2,9/11/2026,8.9,9.09,8.64,9.05,1.69,6300.0,10.0,8.42
RSY2,9/14/2026,9.0,9.14,8.9,8.95,-0.56,4800.0,10.0,8.42
RSY2,9/15/2026,8.8,9.2,8.8,9.2,4.55,17150.0,10.0,8.42
RSY2,9/16/2026,9.1,9.16,8.91,9.05,-0.55,241553.0,10.0,8.42
RSY2,9/17/2026,8.95,9.1,8.8,9.1,1.68,3400.0,10.0,8.42
RSY2,9/18/2026,9.0,9.1,8.83,9.0,0.0,5000.0,10.0,8.42
RSY2,9/22/2026,9.0,9.2,8.9,9.16,1.78,15500.0,10.0,8.42
RSY2,9/23/2026,8.9,9.2,8.67,8.85,-0.56,254800.0,10.0,8.42
RSY2,9/24/2026,8.61,9.23,8.61,8.97,4.18,2600.0,10.0,8.42
RSY2,9/28/2026,8.97,9.11,8.73,9.11,1.56,11998.0,10.0,8.42
RSY2,9/29/2026,8.84,9.1,8.84,0.0,-100.0,2040.0,10.0,8.42
RSY2,9/30/2026,8.9,9.05,8.7,8.82,-0.9,18400.0,10.0,8.42
RSY2,10/1/2026,8.7,9.09,8.7,8.85,1.72,58240.0,10.0,8.42
RSY2,10/2/2026,9.04,9.09,8.82,8.84,-2.21,78627.0,10.0,8.42
RURU,7/5/2021,898.0,910.0,895.0,905.0,,1966.0,830.0,560.1
RURU,7/6/2021,905.0,945.0,892.0,910.0,0.55,1340.0,830.0,560.1
RURU,7/7/2021,893.0,907.0,893.0,907.0,-0.33,600.0,830.0,560.1
RURU,7/8/2021,907.0,925.0,896.0,902.0,-0.55,2672.0,830.0,560.1
RURU,7/11/2021,901.0,930.0,900.0,909.0,0.78,2120.0,830.0,560.1
RURU,7/12/2021,915.0,920.0,902.0,903.0,-0.66,2670.0,830.0,560.1
RURU,7/13/2021,903.0,910.0,900.0,910.0,0.78,771.0,830.0,560.1
RURU,7/14/2021,900.0,928.0,900.0,915.0,0.55,1305.0,830.0,560.1
RURU,7/15/2021,905.0,930.0,900.0,906.0,-0.98,4000.0,830.0,560.1
RURU,7/18/2021,924.1,940.0,900.0,939.0,3.64,2851.0,830.0,560.1
RURU,7/19/2021,930.0,930.0,912.0,920.0,-2.02,1119.0,830.0,560.1
RURU,7/20/2021,903.0,937.0,903.0,930.0,1.09,1060.0,830.0,560.1
RURU,7/22/2021,945.0,1000.0,941.0,967.0,3.98,16210.0,830.0,560.1
RURU,7/25/2021,986.0,986.0,947.0,967.0,0.0,5781.0,830.0,560.1
RURU,7/26/2021,955.0,970.0,950.0,950.1,-1.75,2890.0,830.0,560.1
RURU,7/27/2021,940.0,1010.0,940.0,976.1,2.74,5827.0,830.0,560.1
RURU,7/28/2021,995.0,1025.0,975.0,1002.0,2.65,6938.0,830.0,560.1
RURU,7/29/2021,983.0,999.6,965.0,999.0,-0.3,4385.0,830.0,560.1
RURU,8/1/2021,999.0,1005.0,961.0,989.0,-1.0,5907.0,830.0,560.1
RURU,8/2/2021,1005.0,1005.0,975.0,980.0,-0.91,2335.0,830.0,560.1
RURU,8/3/2021,999.6,1078.0,997.0,1078.0,10.0,17893.0,830.0,560.1
RURU,8/4/2021,1099.5,1185.8,1099.5,1152.6,6.92,14963.0,830.0,560.1
RURU,8/5/2021,1152.0,1162.8,1085.1,1100.0,-4.56,12292.0,830.0,560.1
RURU,8/8/2021,1079.0,1120.0,1060.0,1100.0,0.0,6768.0,830.0,560.1
RURU,8/9/2021,1079.5,1125.0,1079.5,1110.0,0.91,5454.0,830.0,560.1
RURU,8/10/2021,1115.0,1143.9,1085.0,1100.0,-0.9,8160.0,830.0,560.1
RURU,8/11/2021,1080.0,1210.0,1080.0,1210.0,10.0,19474.0,830.0,560.1
RURU,8/12/2021,1234.2,1331.0,1234.0,1331.0,10.0,14822.0,830.0,560.1
RURU,8/15/2021,1355.0,1400.0,1242.0,1398.0,5.03,23547.0,830.0,560.1
RURU,8/16/2021,1399.0,1537.8,1316.5,1530.0,9.44,15796.0,830.0,560.1
RURU,8/17/2021,1560.6,1683.0,1560.6,1683.0,10.0,11943.0,830.0,560.1
RURU,8/18/2021,1683.0,1770.0,1536.7,1770.0,5.17,20233.0,830.0,560.1
RURU,8/19/2021,1805.0,1849.2,1593.0,1813.0,2.43,24376.0,830.0,560.1
RURU,8/24/2021,1776.8,1776.8,1631.7,1631.7,-10.0,4658.0,830.0,560.1
RURU,8/25/2021,1599.1,1599.1,1468.6,1550.0,-5.01,26750.0,830.0,560.1
RURU,8/26/2021,1555.0,1662.0,1402.0,1662.0,7.23,20481.0,830.0,560.1
RURU,8/29/2021,1628.8,1628.8,1495.8,1495.8,-10.0,22376.0,830.0,560.1
RURU,8/31/2021,1465.9,1479.0,1346.3,1346.3,-9.99,14913.0,830.0,560.1
RURU,9/1/2021,1320.0,1479.0,1300.0,1448.0,7.55,6391.0,830.0,560.1
RURU,9/2/2021,1476.0,1476.0,1339.0,1445.0,-0.21,6272.0,830.0,560.1
RURU,9/5/2021,1416.1,1416.1,1300.5,1300.5,-10.0,8156.0,830.0,560.1
RURU,9/6/2021,1300.0,1410.0,1281.0,1398.0,7.5,3706.0,830.0,560.1
RURU,9/7/2021,1405.0,1405.0,1278.9,1300.0,-7.01,7207.0,830.0,560.1
RURU,9/8/2021,1305.0,1351.0,1280.0,1305.0,0.38,4575.0,830.0,560.1
RURU,9/9/2021,1330.0,1331.0,1280.0,1310.0,0.38,4705.0,830.0,560.1
RURU,9/12/2021,1336.0,1390.0,1325.0,1380.0,5.34,7991.0,830.0,560.1
RURU,9/13/2021,1400.0,1407.0,1353.0,1375.0,-0.36,2965.0,830.0,560.1
RURU,9/14/2021,1380.0,1380.0,1340.1,1379.0,0.29,1520.0,830.0,560.1
RURU,9/15/2021,1375.0,1395.0,1265.0,1312.0,-4.86,4869.0,830.0,560.1
RURU,9/16/2021,1286.0,1305.0,1280.0,1280.0,-2.44,4861.0,830.0,560.1
RURU,9/20/2021,1300.0,1300.0,1155.0,1160.0,-9.38,4631.0,830.0,560.1
RURU,9/21/2021,1136.8,1227.0,1063.3,1227.0,5.78,4787.0,830.0,560.1
RURU,9/22/2021,1250.0,1347.0,1230.0,1327.0,8.15,6324.0,830.0,560.1
RURU,9/23/2021,1206.0,1240.0,1170.0,1180.1,-11.07,3958.0,830.0,560.1
RURU,9/26/2021,1160.0,1160.0,1080.0,1106.0,-6.28,2429.0,830.0,560.1
RURU,9/27/2021,1106.0,1106.0,997.9,1065.0,-3.71,3031.0,830.0,560.1
RURU,9/28/2021,1050.0,1064.9,971.0,975.0,-8.45,3578.0,830.0,560.1
RURU,9/29/2021,976.0,1072.5,960.0,1056.0,8.31,2109.0,830.0,560.1
RURU,9/30/2021,1077.0,1119.9,992.0,1119.9,6.05,2644.0,830.0,560.1
RURU,10/3/2021,1119.0,1142.0,1050.0,1069.0,-4.55,2525.0,830.0,560.1
RURU,10/4/2021,1090.3,1090.3,990.0,1070.0,0.09,1575.0,830.0,560.1
RURU,10/5/2021,1048.6,1091.4,1010.0,1090.0,1.87,1260.0,830.0,560.1
RURU,10/6/2021,1100.0,1189.0,1040.0,1100.0,0.92,1803.0,830.0,560.1
RURU,10/10/2021,1122.0,1122.0,1050.0,1070.0,-2.73,2424.0,830.0,560.1
RURU,10/11/2021,1091.0,1091.0,1029.0,1050.0,-1.87,2058.0,830.0,560.1
RURU,10/17/2021,1071.0,1135.0,1029.0,1045.0,-0.48,700.0,830.0,560.1
RURU,10/18/2021,1024.1,1024.1,985.1,988.9,-5.37,830.0,830.0,560.1
RURU,10/19/2021,970.0,970.0,930.0,970.0,-1.91,1805.0,830.0,560.1
RURU,10/20/2021,989.0,1067.0,936.9,1025.0,5.67,1120.0,830.0,560.1
RURU,10/21/2021,1005.0,1015.0,922.5,1014.0,-1.07,2135.0,830.0,560.1
RURU,10/24/2021,1020.0,1020.0,955.0,990.0,-2.37,1071.0,830.0,560.1
RURU,10/25/2021,990.0,1025.0,990.0,1025.0,3.54,2477.0,830.0,560.1
RURU,10/26/2021,1025.0,1122.0,1025.0,1063.0,3.71,2095.0,830.0,560.1
RURU,10/27/2021,1084.0,1100.0,1039.0,1088.0,2.35,5118.0,830.0,560.1
RURU,10/28/2021,1109.7,1109.7,1048.6,1079.0,-0.83,2670.0,830.0,560.1
RURU,10/31/2021,1090.0,1184.2,1058.4,1164.0,7.88,7583.0,830.0,560.1
RURU,11/1/2021,1164.0,1269.2,1142.0,1142.0,-1.89,3601.0,830.0,560.1
RURU,11/2/2021,1164.0,1212.0,1118.3,1150.0,0.7,1950.0,830.0,560.1
RURU,11/3/2021,1173.0,1173.0,1127.1,1150.0,0.0,1682.0,830.0,560.1
RURU,11/8/2021,1150.0,1150.0,1105.0,1105.0,-3.91,1512.0,830.0,560.1
RURU,11/9/2021,1083.0,1083.0,1031.0,1033.0,-6.52,3240.0,830.0,560.1
RURU,11/11/2021,1013.0,1076.9,1012.0,1050.0,1.65,2227.0,830.0,560.1
RURU,11/14/2021,1050.0,1065.0,1018.1,1021.0,-2.76,3813.0,830.0,560.1
RURU,11/15/2021,1021.0,1061.8,1021.0,1025.1,0.4,2451.0,830.0,560.1
RURU,11/16/2021,1045.6,1087.7,1024.1,1060.0,3.4,1890.0,830.0,560.1
RURU,11/17/2021,1050.0,1091.4,1050.0,1071.0,1.04,2261.0,830.0,560.1
RURU,11/18/2021,1052.0,1092.0,1038.8,1050.0,-1.96,1852.0,830.0,560.1
RURU,11/21/2021,1060.0,1071.0,1033.0,1035.0,-1.43,1163.0,830.0,560.1
RURU,11/22/2021,1020.0,1060.0,1020.0,1026.0,-0.87,1061.0,830.0,560.1
RURU,11/23/2021,1026.0,1035.0,1010.0,1030.0,0.39,1797.0,830.0,560.1
RURU,11/24/2021,1009.4,1035.0,1000.0,1035.0,0.49,970.0,830.0,560.1
RURU,11/25/2021,1055.0,1055.0,1020.0,1026.0,-0.87,806.0,830.0,560.1
RURU,11/28/2021,1026.0,1026.0,995.0,1000.0,-2.53,3064.0,830.0,560.1
RURU,11/29/2021,1000.0,1006.0,985.0,985.0,-1.5,1463.0,830.0,560.1
RURU,11/30/2021,1004.7,1004.7,971.0,990.0,0.51,1816.0,830.0,560.1
RURU,12/1/2021,990.0,1020.0,988.0,988.0,-0.2,1314.0,830.0,560.1
RURU,12/2/2021,982.0,994.0,970.0,970.0,-1.82,1051.0,830.0,560.1
RURU,12/5/2021,970.0,970.0,920.0,930.0,-4.12,1899.0,830.0,560.1
RURU,12/6/2021,930.0,947.0,893.2,947.0,1.83,3009.0,830.0,560.1
RURU,12/7/2021,955.0,1020.0,904.0,904.0,-4.54,1864.0,830.0,560.1
RURU,12/8/2021,904.0,965.9,888.0,910.0,0.66,1415.0,830.0,560.1
RURU,12/9/2021,910.0,912.0,882.0,900.0,-1.1,1707.0,830.0,560.1
RURU,12/12/2021,900.0,902.0,882.0,890.0,-1.11,955.0,830.0,560.1
RURU,12/13/2021,885.0,900.0,850.0,851.0,-4.38,2204.0,830.0,560.1
RURU,12/14/2021,868.0,909.0,865.0,906.0,6.46,780.0,830.0,560.1
RURU,12/15/2021,924.0,924.0,891.0,906.0,0.0,2002.0,830.0,560.1
RURU,12/16/2021,906.0,906.0,885.0,886.0,-2.21,455.0,830.0,560.1
RURU,12/20/2021,886.0,887.1,860.0,887.0,0.11,392.0,830.0,560.1
RURU,12/21/2021,902.9,922.7,891.0,895.0,0.9,1335.0,830.0,560.1
RURU,12/22/2021,912.0,930.0,906.0,912.0,1.9,950.0,830.0,560.1
RURU,12/23/2021,910.0,931.0,891.8,893.0,-2.08,2040.0,830.0,560.1
RURU,12/26/2021,893.0,966.0,893.0,935.1,4.71,741.0,830.0,560.1
RURU,12/27/2021,950.0,950.0,900.0,900.0,-3.75,1074.0,830.0,560.1
RURU,12/28/2021,895.0,938.0,882.1,905.0,0.56,634.0,830.0,560.1
RURU,12/29/2021,905.0,920.0,905.0,915.0,1.1,98.0,830.0,560.1
RURU,1/2/2022,900.0,928.0,895.0,928.0,1.42,1095.0,830.0,560.1
RURU,1/3/2022,930.0,930.0,901.0,904.0,-2.59,1100.0,830.0,560.1
RURU,1/4/2022,922.0,922.0,907.0,907.0,0.33,1034.0,830.0,560.1
RURU,1/5/2022,910.0,938.0,910.0,931.0,2.65,1659.0,830.0,560.1
RURU,1/6/2022,932.0,940.0,921.0,926.0,-0.54,330.0,830.0,560.1
RURU,1/9/2022,944.5,974.0,944.0,974.0,5.18,2660.0,830.0,560.1
RURU,1/10/2022,974.0,1055.0,967.0,1040.0,6.78,4823.0,830.0,560.1
RURU,1/11/2022,1040.0,1060.0,1010.0,1027.0,-1.25,2791.0,830.0,560.1
RURU,1/12/2022,1020.0,1047.0,997.0,1000.0,-2.63,2497.0,830.0,560.1
RURU,1/13/2022,1000.0,1035.0,1000.0,1034.0,3.4,2240.0,830.0,560.1
RURU,1/16/2022,1054.6,1075.0,1050.0,1064.9,2.99,3000.0,830.0,560.1
RURU,1/17/2022,1048.0,1140.7,1039.0,1114.0,4.61,5542.0,830.0,560.1
RURU,1/18/2022,1111.0,1114.9,1058.0,1070.0,-3.95,2983.0,830.0,560.1
RURU,1/19/2022,1052.0,1076.0,1030.0,1040.0,-2.8,2728.0,830.0,560.1
RURU,1/20/2022,1020.0,1110.0,1020.0,1097.0,5.48,1993.0,830.0,560.1
RURU,1/23/2022,1080.1,1101.7,1055.0,1060.0,-3.37,3533.0,830.0,560.1
RURU,1/24/2022,1045.0,1050.0,1000.0,1000.0,-5.66,3225.0,830.0,560.1
RURU,1/25/2022,980.0,1029.9,972.0,1000.0,0.0,3413.0,830.0,560.1
RURU,1/26/2022,1000.0,1000.0,980.0,999.0,-0.1,2022.0,830.0,560.1
RURU,1/27/2022,980.0,1020.0,980.0,1019.0,2.0,3507.0,830.0,560.1
RURU,1/30/2022,1039.0,1065.0,1020.0,1064.0,4.42,4121.0,830.0,560.1
RURU,1/31/2022,1085.0,1085.0,1040.0,1040.0,-2.26,2144.0,830.0,560.1
RURU,2/1/2022,1040.0,1081.2,1031.0,1066.0,2.5,2872.0,830.0,560.1
RURU,2/3/2022,1071.0,1105.0,1071.0,1088.0,2.06,8364.0,830.0,560.1
RURU,2/6/2022,1088.0,1088.0,1042.8,1048.0,-3.68,2947.0,830.0,560.1
RURU,2/7/2022,1048.0,1068.9,1027.1,1060.0,1.15,5028.0,830.0,560.1
RURU,2/8/2022,1081.2,1102.0,1030.0,1047.0,-1.23,2237.0,830.0,560.1
RURU,2/9/2022,1031.0,1050.0,1026.0,1040.0,-0.67,1814.0,830.0,560.1
RURU,2/10/2022,1054.0,1054.0,1025.0,1050.0,0.96,3156.0,830.0,560.1
RURU,2/13/2022,1050.0,1050.0,987.4,987.4,-5.96,4272.0,830.0,560.1
RURU,2/14/2022,995.0,1008.0,970.0,990.1,0.27,1943.0,830.0,560.1
RURU,2/15/2022,996.0,1050.6,986.0,1050.6,6.11,2904.0,830.0,560.1
RURU,2/16/2022,1029.6,1060.0,1000.0,1045.0,-0.53,2050.0,830.0,560.1
RURU,2/17/2022,1024.1,1050.0,1003.7,1039.0,-0.57,1286.0,830.0,560.1
RURU,2/20/2022,1018.3,1030.0,978.1,995.1,-4.23,3339.0,830.0,560.1
RURU,2/21/2022,1015.0,1015.0,980.0,1009.0,1.4,1554.0,830.0,560.1
RURU,2/22/2022,1029.0,1055.0,1028.2,1029.0,1.98,5182.0,830.0,560.1
RURU,2/23/2022,1040.0,1108.0,1020.4,1106.0,7.48,16240.0,830.0,560.1
RURU,2/24/2022,1090.0,1100.0,1070.0,1073.0,-2.98,5473.0,830.0,560.1
RURU,2/27/2022,1051.8,1150.0,1051.6,1095.0,2.05,9727.0,830.0,560.1
RURU,2/28/2022,1115.0,1120.0,1035.0,1040.0,-5.02,6266.0,830.0,560.1
RURU,3/2/2022,1060.0,1060.0,1001.5,1038.0,-0.19,1252.0,830.0,560.1
RURU,3/6/2022,1058.0,1060.0,1010.1,1016.4,-2.08,3138.0,830.0,560.1
RURU,3/7/2022,1035.0,1035.0,1000.1,1013.0,-0.33,724.0,830.0,560.1
RURU,3/9/2022,1030.0,1035.0,1000.0,1005.0,-0.79,3648.0,830.0,560.1
RURU,3/10/2022,1025.0,1038.3,1000.0,1038.3,3.31,1249.0,830.0,560.1
RURU,3/13/2022,1020.0,1065.0,1020.0,1052.0,1.32,1676.0,830.0,560.1
RURU,3/14/2022,1035.0,1075.0,1016.3,1069.9,1.7,1120.0,830.0,560.1
RURU,3/15/2022,1050.1,1085.0,1050.1,1060.0,-0.93,1669.0,830.0,560.1
RURU,3/16/2022,1060.0,1060.0,1033.0,1049.9,-0.95,1194.0,830.0,560.1
RURU,3/20/2022,1040.0,1040.0,1011.0,1020.0,-2.85,1008.0,830.0,560.1
RURU,3/21/2022,1020.0,1040.0,1015.0,1040.0,1.96,688.0,830.0,560.1
RURU,3/22/2022,1045.0,1046.0,1020.0,1022.0,-1.73,1308.0,830.0,560.1
RURU,3/23/2022,1006.1,1025.0,1006.1,1008.0,-1.37,2254.0,830.0,560.1
RURU,3/24/2022,1005.0,1029.0,1000.0,1011.0,0.3,1851.0,830.0,560.1
RURU,3/27/2022,992.1,1015.0,992.1,995.0,-1.58,1876.0,830.0,560.1
RURU,3/28/2022,998.0,1014.9,970.0,985.0,-1.01,2317.0,830.0,560.1
RURU,3/29/2022,1000.0,1014.5,966.0,966.0,-1.93,970.0,830.0,560.1
RURU,3/30/2022,970.0,1000.0,966.0,988.0,2.28,647.0,830.0,560.1
RURU,3/31/2022,1007.7,1027.6,975.0,975.0,-1.32,1355.0,830.0,560.1
RURU,4/3/2022,956.0,985.0,955.5,965.2,-1.01,520.0,830.0,560.1
RURU,4/4/2022,966.0,970.0,951.0,964.0,-0.12,917.0,830.0,560.1
RURU,4/5/2022,951.0,951.0,936.0,937.0,-2.8,947.0,830.0,560.1
RURU,4/6/2022,920.0,948.9,900.1,920.0,-1.81,442.0,830.0,560.1
RURU,4/7/2022,938.0,938.0,920.0,921.0,0.11,882.0,830.0,560.1
RURU,4/11/2022,939.4,949.0,900.0,927.9,0.75,2595.0,830.0,560.1
RURU,4/12/2022,909.5,938.4,893.0,938.4,1.13,1068.0,830.0,560.1
RURU,4/13/2022,919.7,945.0,902.0,935.0,-0.36,486.0,830.0,560.1
RURU,4/17/2022,916.3,920.0,900.0,915.0,-2.14,617.0,830.0,560.1
RURU,4/18/2022,898.0,924.0,882.0,924.0,0.98,365.0,830.0,560.1
RURU,4/19/2022,910.0,919.9,890.0,919.9,-0.44,177.0,830.0,560.1
RURU,4/20/2022,937.9,937.9,900.1,913.8,-0.66,191.0,830.0,560.1
RURU,4/21/2022,895.6,913.0,880.2,913.0,-0.09,541.0,830.0,560.1
RURU,4/24/2022,914.0,938.0,905.0,936.0,2.52,2023.0,830.0,560.1
RURU,4/25/2022,935.0,935.0,912.0,913.7,-2.38,954.0,830.0,560.1
RURU,4/26/2022,913.0,913.0,893.0,893.0,-2.27,647.0,830.0,560.1
RURU,4/27/2022,876.0,928.0,876.0,925.0,3.58,358.0,830.0,560.1
RURU,4/28/2022,906.5,924.0,873.3,912.9,-1.31,2435.0,830.0,560.1
RURU,5/2/2022,929.6,929.6,885.0,905.7,-0.79,396.0,830.0,560.1
RURU,5/4/2022,887.6,899.9,880.0,895.4,-1.14,421.0,830.0,560.1
RURU,5/5/2022,877.5,889.9,860.0,865.0,-3.4,1250.0,830.0,560.1
RURU,5/8/2022,850.1,855.0,838.0,838.0,-3.12,537.0,830.0,560.1
RURU,5/9/2022,841.0,877.2,841.0,860.0,2.63,574.0,830.0,560.1
RURU,5/10/2022,877.0,893.9,865.0,885.9,3.01,161.0,830.0,560.1
RURU,5/11/2022,886.1,935.0,886.1,930.0,4.98,344.0,830.0,560.1
RURU,5/12/2022,947.9,965.9,895.0,895.0,-3.76,2035.0,830.0,560.1
RURU,5/17/2022,880.0,880.1,848.0,848.0,-5.25,500.0,830.0,560.1
RURU,5/18/2022,850.0,883.0,831.1,883.0,4.13,2067.0,830.0,560.1
RURU,5/19/2022,870.0,917.9,868.0,870.0,-1.47,210.0,830.0,560.1
RURU,5/20/2022,887.0,900.0,841.1,850.0,-2.3,794.0,830.0,560.1
RURU,5/23/2022,833.0,844.0,833.0,844.0,-0.71,63.0,830.0,560.1
RURU,5/24/2022,859.0,871.9,842.0,871.9,3.31,323.0,830.0,560.1
RURU,5/25/2022,872.0,879.8,865.0,879.8,0.91,1025.0,830.0,560.1
RURU,5/26/2022,862.4,879.0,848.0,848.0,-3.61,295.0,830.0,560.1
RURU,5/27/2022,850.0,901.9,838.0,900.0,6.13,677.0,830.0,560.1
RURU,5/30/2022,916.4,916.4,850.1,851.0,-5.44,603.0,830.0,560.1
RURU,5/31/2022,854.0,854.0,834.0,834.0,-2.0,601.0,830.0,560.1
RURU,6/1/2022,826.6,851.7,825.0,851.7,2.12,111.0,830.0,560.1
RURU,6/2/2022,850.0,850.0,833.0,840.0,-1.37,192.0,830.0,560.1
RURU,6/3/2022,842.0,850.0,817.0,820.0,-2.38,715.0,830.0,560.1
RURU,6/6/2022,836.4,836.4,809.0,818.0,-0.24,312.0,830.0,560.1
RURU,6/7/2022,805.0,807.0,790.0,790.0,-3.42,535.0,830.0,560.1
RURU,6/8/2022,776.0,856.0,776.0,856.0,8.35,204.0,830.0,560.1
RURU,6/9/2022,856.0,880.0,832.0,832.0,-2.8,1739.0,830.0,560.1
RURU,6/10/2022,820.0,829.9,816.0,829.9,-0.25,613.0,830.0,560.1
RURU,6/13/2022,845.0,845.0,801.0,803.1,-3.23,527.0,830.0,560.1
RURU,6/14/2022,790.0,800.0,785.0,785.0,-2.25,571.0,830.0,560.1
RURU,6/15/2022,770.0,770.0,763.0,770.0,-1.91,232.0,830.0,560.1
RURU,6/16/2022,785.0,785.0,760.0,780.0,1.3,296.0,830.0,560.1
RURU,6/17/2022,767.0,779.9,765.0,765.0,-1.92,534.0,830.0,560.1
RURU,6/19/2022,751.0,751.0,750.0,751.0,-1.83,385.0,830.0,560.1
RURU,6/20/2022,736.0,736.0,707.0,724.0,-3.6,1060.0,830.0,560.1
RURU,6/21/2022,734.0,735.0,700.1,725.0,0.14,447.0,830.0,560.1
RURU,6/22/2022,721.0,733.8,715.0,715.0,-1.38,406.0,830.0,560.1
RURU,6/23/2022,700.7,710.0,687.1,703.0,-1.68,522.0,830.0,560.1
RURU,6/24/2022,689.1,757.9,670.1,727.2,3.44,475.0,830.0,560.1
RURU,6/26/2022,727.0,794.5,727.0,790.0,8.64,750.0,830.0,560.1
RURU,6/27/2022,805.0,805.0,755.1,755.1,-4.42,612.0,830.0,560.1
RURU,6/28/2022,740.1,775.0,740.1,775.0,2.64,470.0,830.0,560.1
RURU,6/29/2022,760.0,813.0,760.0,813.0,4.9,765.0,830.0,560.1
RURU,6/30/2022,813.0,862.0,812.6,862.0,6.03,1437.0,830.0,560.1
RURU,7/1/2022,850.0,850.0,825.0,839.9,-2.56,1027.0,830.0,560.1
RURU,7/3/2022,825.0,855.0,809.0,855.0,1.8,1003.0,830.0,560.1
RURU,7/4/2022,850.0,867.0,830.0,830.0,-2.92,1991.0,830.0,560.1
RURU,7/5/2022,815.0,837.0,783.2,837.0,0.84,979.0,830.0,560.1
RURU,7/6/2022,837.0,837.0,803.6,836.2,-0.1,621.0,830.0,560.1
RURU,7/7/2022,830.0,830.0,809.0,815.0,-2.54,410.0,830.0,560.1
RURU,7/8/2022,800.0,800.0,785.0,785.0,-3.68,566.0,830.0,560.1
RURU,7/11/2022,800.7,800.7,731.0,745.0,-5.1,752.0,830.0,560.1
RURU,7/12/2022,745.0,798.0,745.0,750.0,0.67,715.0,830.0,560.1
RURU,7/13/2022,765.0,778.5,760.0,778.5,3.8,601.0,830.0,560.1
RURU,7/14/2022,770.0,799.0,760.0,780.0,0.19,625.0,830.0,560.1
RURU,7/15/2022,789.0,789.0,770.1,770.1,-1.27,313.0,830.0,560.1
RURU,7/17/2022,756.0,785.5,754.7,761.1,-1.17,158.0,830.0,560.1
RURU,7/18/2022,761.1,791.8,750.1,785.0,3.14,567.0,830.0,560.1
RURU,7/19/2022,790.0,821.9,781.1,821.9,4.7,1594.0,830.0,560.1
RURU,7/20/2022,838.0,841.0,789.6,820.0,-0.23,1966.0,830.0,560.1
RURU,7/21/2022,805.0,825.0,804.0,825.0,0.61,467.0,830.0,560.1
RURU,7/22/2022,830.0,830.0,784.0,786.0,-4.73,1956.0,830.0,560.1
RURU,7/24/2022,784.0,815.0,784.0,815.0,3.69,701.0,830.0,560.1
RURU,7/25/2022,830.0,861.0,810.0,850.0,4.29,1345.0,830.0,560.1
RURU,7/26/2022,852.0,880.9,830.0,831.0,-2.24,1600.0,830.0,560.1
RURU,7/27/2022,815.0,847.0,799.0,845.0,1.68,1083.0,830.0,560.1
RURU,7/28/2022,860.0,905.0,845.1,857.5,1.48,3791.0,830.0,560.1
RURU,7/29/2022,846.1,874.6,846.1,865.0,0.87,827.0,830.0,560.1
RURU,7/31/2022,879.9,902.8,879.9,892.2,3.14,2931.0,830.0,560.1
RURU,8/1/2022,878.0,898.6,875.0,877.0,-1.7,995.0,830.0,560.1
RURU,8/2/2022,870.0,884.0,860.0,884.0,0.8,1134.0,830.0,560.1
RURU,8/3/2022,866.6,890.0,866.6,870.4,-1.54,837.0,830.0,560.1
RURU,8/4/2022,858.0,862.1,833.0,841.0,-3.38,547.0,830.0,560.1
RURU,8/5/2022,825.1,857.8,825.1,850.0,1.07,181.0,830.0,560.1
RURU,8/7/2022,845.0,850.0,825.0,825.0,-2.94,552.0,830.0,560.1
RURU,8/8/2022,835.0,841.0,804.0,805.0,-2.42,2986.0,830.0,560.1
RURU,8/9/2022,821.0,836.0,795.0,810.0,0.62,1923.0,830.0,560.1
RURU,8/10/2022,800.0,810.0,785.0,800.0,-1.23,368.0,830.0,560.1
RURU,8/11/2022,805.0,821.0,790.0,817.0,2.12,286.0,830.0,560.1
RURU,8/14/2022,832.9,832.9,784.0,812.0,-0.61,1839.0,830.0,560.1
RURU,8/15/2022,810.0,825.0,802.0,824.9,1.59,3484.0,830.0,560.1
RURU,8/16/2022,835.0,850.0,809.0,824.9,0.0,924.0,830.0,560.1
RURU,8/17/2022,839.9,839.9,808.0,839.0,1.71,1207.0,830.0,560.1
RURU,8/18/2022,822.3,855.0,810.0,845.0,0.72,699.0,830.0,560.1
RURU,8/21/2022,828.1,849.5,825.0,849.5,0.53,335.0,830.0,560.1
RURU,8/22/2022,833.0,833.0,816.0,827.0,-2.65,738.0,830.0,560.1
RURU,8/23/2022,816.0,909.7,806.0,909.7,10.0,1502.0,830.0,560.1
RURU,8/24/2022,892.2,963.9,823.2,963.0,5.86,4766.0,830.0,560.1
RURU,8/25/2022,943.9,1059.3,880.0,1049.0,8.93,9383.0,830.0,560.1
RURU,8/26/2022,1028.1,1133.8,952.0,1044.0,-0.48,10237.0,830.0,560.1
RURU,8/28/2022,1023.2,1060.5,939.6,939.6,-10.0,6994.0,830.0,560.1
RURU,8/29/2022,920.9,920.9,867.0,886.0,-5.7,1762.0,830.0,560.1
RURU,8/30/2022,903.0,903.0,861.0,861.0,-2.82,531.0,830.0,560.1
RURU,8/31/2022,861.0,878.0,832.0,832.0,-3.37,1149.0,830.0,560.1
RURU,9/1/2022,832.0,848.5,799.0,816.1,-1.91,1842.0,830.0,560.1
RURU,9/2/2022,832.4,897.7,800.0,895.0,9.67,458.0,830.0,560.1
RURU,9/4/2022,877.1,984.5,843.2,984.5,10.0,2924.0,830.0,560.1
RURU,9/5/2022,964.9,964.9,908.0,920.0,-6.55,6052.0,830.0,560.1
RURU,9/6/2022,905.2,920.0,870.0,875.0,-4.89,2880.0,830.0,560.1
RURU,9/7/2022,892.2,892.2,850.0,875.0,0.0,1384.0,830.0,560.1
RURU,9/8/2022,865.0,886.0,850.0,855.0,-2.29,669.0,830.0,560.1
RURU,9/11/2022,872.1,887.0,845.0,850.0,-0.58,504.0,830.0,560.1
RURU,9/12/2022,867.0,867.0,833.0,833.0,-2.0,966.0,830.0,560.1
RURU,9/13/2022,849.6,883.8,832.7,845.0,1.44,717.0,830.0,560.1
RURU,9/14/2022,861.0,877.0,858.1,870.0,2.96,501.0,830.0,560.1
RURU,9/15/2022,887.0,887.0,830.0,830.0,-4.6,2050.0,830.0,560.1
RURU,9/16/2022,813.4,845.9,797.2,820.0,-1.2,600.0,830.0,560.1
RURU,9/18/2022,836.4,853.0,801.0,810.0,-1.22,1385.0,830.0,560.1
RURU,9/20/2022,826.0,842.0,795.0,795.0,-1.85,474.0,830.0,560.1
RURU,9/21/2022,780.1,811.6,780.0,785.1,-1.25,836.0,830.0,560.1
RURU,9/22/2022,800.0,816.0,736.2,775.0,-1.29,1048.0,830.0,560.1
RURU,9/25/2022,777.0,790.0,760.0,761.0,-1.81,1501.0,830.0,560.1
RURU,9/27/2022,776.2,791.7,724.3,735.0,-3.42,670.0,830.0,560.1
RURU,9/28/2022,749.7,770.0,726.6,726.6,-1.14,550.0,830.0,560.1
RURU,9/29/2022,741.1,748.0,730.0,748.0,2.95,345.0,830.0,560.1
RURU,10/9/2022,762.9,788.0,750.0,757.0,1.2,620.0,830.0,560.1
RURU,10/10/2022,759.0,825.4,759.0,765.0,1.06,833.0,830.0,560.1
RURU,10/11/2022,751.0,826.0,751.0,825.0,7.84,489.0,830.0,560.1
RURU,10/12/2022,808.5,848.0,790.1,827.0,0.24,942.0,830.0,560.1
RURU,10/13/2022,736.8,813.0,710.0,813.0,-1.69,1755.0,830.0,560.1
RURU,10/16/2022,800.3,828.9,757.1,788.0,-3.08,960.0,830.0,560.1
RURU,10/17/2022,772.3,776.9,761.1,775.0,-1.65,166.0,830.0,560.1
RURU,10/19/2022,761.1,789.5,740.0,740.0,-4.52,709.0,830.0,560.1
RURU,10/20/2022,725.2,800.2,697.1,760.0,2.7,258.0,830.0,560.1
RURU,10/23/2022,744.8,836.0,688.1,836.0,10.0,679.0,830.0,560.1
RURU,10/31/2022,819.3,819.3,752.4,781.0,-6.58,1915.0,830.0,560.1
RURU,11/1/2022,765.6,800.0,765.6,784.0,0.38,476.0,830.0,560.1
RURU,11/2/2022,768.7,800.0,768.4,769.1,-1.9,1042.0,830.0,560.1
RURU,11/3/2022,780.0,780.0,755.0,757.0,-1.57,415.0,830.0,560.1
RURU,11/6/2022,757.0,776.0,757.0,771.0,1.85,622.0,830.0,560.1
RURU,11/7/2022,771.0,786.0,771.0,772.0,0.13,921.0,830.0,560.1
RURU,11/8/2022,760.1,785.0,760.0,761.0,-1.42,559.0,830.0,560.1
RURU,11/9/2022,762.0,762.0,740.0,740.1,-2.75,1249.0,830.0,560.1
RURU,11/10/2022,726.2,729.0,711.5,714.5,-3.46,2285.0,830.0,560.1
RURU,11/13/2022,700.6,710.0,687.0,700.0,-2.03,1381.0,830.0,560.1
RURU,11/14/2022,714.0,733.0,714.0,732.0,4.57,649.0,830.0,560.1
RURU,11/15/2022,733.0,740.0,665.1,700.0,-4.37,2115.0,830.0,560.1
RURU,11/16/2022,691.2,720.0,691.2,705.0,0.71,859.0,830.0,560.1
RURU,11/17/2022,691.0,749.1,691.0,717.0,1.7,1708.0,830.0,560.1
RURU,11/22/2022,730.0,749.7,715.0,729.0,1.67,1803.0,830.0,560.1
RURU,11/23/2022,729.0,729.0,715.0,720.0,-1.23,268.0,830.0,560.1
RURU,11/24/2022,709.0,723.0,709.0,723.0,0.42,231.0,830.0,560.1
RURU,11/27/2022,730.0,743.0,715.5,743.0,2.77,1137.0,830.0,560.1
RURU,11/28/2022,740.0,757.8,728.3,731.0,-1.62,1229.0,830.0,560.1
RURU,11/29/2022,718.0,743.0,718.0,726.0,-0.68,171.0,830.0,560.1
RURU,11/30/2022,716.1,751.0,716.1,750.0,3.31,861.0,830.0,560.1
RURU,12/1/2022,735.1,736.1,730.0,731.0,-2.53,763.0,830.0,560.1
RURU,12/4/2022,731.0,744.0,728.8,729.0,-0.27,1657.0,830.0,560.1
RURU,12/5/2022,743.0,743.0,714.5,717.2,-1.62,187.0,830.0,560.1
RURU,12/6/2022,706.1,720.2,705.6,705.6,-1.62,698.0,830.0,560.1
RURU,12/7/2022,719.0,719.0,705.0,715.0,1.33,1529.0,830.0,560.1
RURU,12/11/2022,701.0,729.9,701.0,729.8,2.07,2225.0,830.0,560.1
RURU,12/12/2022,730.0,744.0,720.0,726.3,-0.48,1279.0,830.0,560.1
RURU,12/13/2022,740.8,740.8,717.0,725.3,-0.14,893.0,830.0,560.1
RURU,12/14/2022,715.1,745.0,715.1,742.9,2.43,1824.0,830.0,560.1
RURU,12/15/2022,728.5,817.1,700.1,817.1,9.99,863.0,830.0,560.1
RURU,12/18/2022,800.9,800.9,735.4,735.4,-10.0,4691.0,830.0,560.1
RURU,12/19/2022,733.0,733.0,720.7,721.4,-1.9,933.0,830.0,560.1
RURU,12/20/2022,725.0,725.3,722.1,725.3,0.54,258.0,830.0,560.1
RURU,12/21/2022,725.0,725.0,713.2,713.2,-1.67,510.0,830.0,560.1
RURU,12/22/2022,705.3,726.0,705.3,711.1,-0.29,611.0,830.0,560.1
RURU,12/26/2022,703.1,738.9,703.1,725.0,1.95,1388.0,830.0,560.1
RURU,12/27/2022,739.5,768.9,739.0,753.8,3.97,1459.0,830.0,560.1
RURU,12/28/2022,738.8,799.6,724.1,735.0,-2.49,1484.0,830.0,560.1
RURU,12/29/2022,743.0,765.0,728.2,745.0,1.36,3190.0,830.0,560.1
RURU,1/1/2023,755.0,769.9,755.0,756.1,1.49,2639.0,830.0,560.1
RURU,1/2/2023,748.1,769.0,748.1,767.0,1.44,691.0,830.0,560.1
RURU,1/3/2023,767.0,780.0,758.0,758.0,-1.17,797.0,830.0,560.1
RURU,1/4/2023,765.0,806.9,765.0,806.9,6.45,2569.0,830.0,560.1
RURU,1/5/2023,822.0,831.4,800.1,815.0,1.0,3177.0,830.0,560.1
RURU,1/8/2023,815.0,875.0,800.1,835.0,2.45,3552.0,830.0,560.1
RURU,1/9/2023,835.0,860.0,822.0,858.0,2.75,2573.0,830.0,560.1
RURU,1/10/2023,873.0,875.0,809.8,809.8,-5.62,3873.0,830.0,560.1
RURU,1/12/2023,810.0,827.2,765.5,765.5,-5.47,3934.0,830.0,560.1
RURU,1/17/2023,757.0,821.1,752.0,821.1,7.26,2286.0,830.0,560.1
RURU,1/18/2023,825.0,835.0,796.0,800.0,-2.57,982.0,830.0,560.1
RURU,1/19/2023,787.0,800.0,784.0,794.0,-0.75,435.0,830.0,560.1
RURU,1/23/2023,809.8,809.8,765.0,777.0,-2.14,892.0,830.0,560.1
RURU,1/24/2023,792.5,808.0,759.5,777.0,0.0,885.0,830.0,560.1
RURU,1/25/2023,770.0,805.0,770.0,772.0,-0.64,1378.0,830.0,560.1
RURU,1/26/2023,787.4,800.0,780.0,785.0,1.68,1449.0,830.0,560.1
RURU,1/29/2023,771.5,785.0,770.0,773.0,-1.53,1918.0,830.0,560.1
RURU,1/30/2023,760.0,785.0,755.0,755.2,-2.3,899.0,830.0,560.1
RURU,1/31/2023,755.0,761.0,746.1,749.9,-0.7,1041.0,830.0,560.1
RURU,2/1/2023,742.0,759.0,740.0,759.0,1.21,374.0,830.0,560.1
RURU,2/2/2023,760.0,770.0,743.9,748.0,-1.45,1046.0,830.0,560.1
RURU,2/5/2023,748.0,760.0,736.1,741.0,-0.94,371.0,830.0,560.1
RURU,2/6/2023,730.0,747.0,726.5,740.0,-0.13,722.0,830.0,560.1
RURU,2/7/2023,754.0,780.0,745.0,780.0,5.41,740.0,830.0,560.1
RURU,2/8/2023,780.0,785.0,764.4,770.0,-1.28,1576.0,830.0,560.1
RURU,2/9/2023,771.0,771.0,750.0,770.0,0.0,1707.0,830.0,560.1
RURU,2/12/2023,755.0,760.0,750.0,750.0,-2.6,1820.0,830.0,560.1
RURU,2/14/2023,750.0,765.0,738.0,750.0,0.0,472.0,830.0,560.1
RURU,2/15/2023,760.0,770.0,744.0,770.0,2.67,370.0,830.0,560.1
RURU,2/16/2023,760.0,760.0,754.6,759.9,-1.31,532.0,830.0,560.1
RURU,2/20/2023,746.0,755.0,741.0,750.0,-1.3,449.0,830.0,560.1
RURU,2/22/2023,755.0,770.0,745.5,757.0,0.93,1163.0,830.0,560.1
RURU,2/23/2023,742.1,750.0,742.1,747.0,-1.32,722.0,830.0,560.1
RURU,2/26/2023,747.0,750.0,732.1,750.0,0.4,889.0,830.0,560.1
RURU,2/27/2023,750.0,760.0,746.0,754.0,0.53,716.0,830.0,560.1
RURU,2/28/2023,753.0,753.0,740.0,748.0,-0.8,227.0,830.0,560.1
RURU,3/1/2023,736.0,748.0,736.0,748.0,0.0,42.0,830.0,560.1
RURU,3/2/2023,733.1,736.0,731.0,733.0,-2.01,1251.0,830.0,560.1
RURU,3/5/2023,720.0,734.0,706.0,734.0,0.14,816.0,830.0,560.1
RURU,3/7/2023,720.0,740.0,720.0,725.2,-1.2,208.0,830.0,560.1
RURU,3/9/2023,730.5,740.0,725.0,740.0,2.04,460.0,830.0,560.1
RURU,3/12/2023,745.0,755.0,739.0,739.0,-0.14,294.0,830.0,560.1
RURU,3/13/2023,735.0,735.0,722.0,730.0,-1.22,86.0,830.0,560.1
RURU,3/14/2023,744.0,753.0,735.1,752.0,3.01,1325.0,830.0,560.1
RURU,3/15/2023,754.5,826.0,750.0,795.1,5.73,8432.0,830.0,560.1
RURU,3/16/2023,780.1,816.0,780.0,816.0,2.63,2926.0,830.0,560.1
RURU,3/19/2023,802.0,806.0,790.0,790.0,-3.19,4063.0,830.0,560.1
RURU,3/20/2023,789.0,800.0,787.0,788.0,-0.25,493.0,830.0,560.1
RURU,3/22/2023,795.0,795.1,765.0,765.0,-2.92,825.0,830.0,560.1
RURU,3/23/2023,752.0,755.0,740.1,745.0,-2.61,3404.0,830.0,560.1
RURU,3/26/2023,745.0,747.0,740.0,741.0,-0.54,384.0,830.0,560.1
RURU,3/27/2023,735.0,756.0,735.0,745.0,0.54,2321.0,830.0,560.1
RURU,3/28/2023,750.0,759.0,742.0,755.0,1.34,4557.0,830.0,560.1
RURU,3/29/2023,753.9,753.9,745.0,745.0,-1.32,1920.0,830.0,560.1
RURU,3/30/2023,759.9,759.9,744.0,753.3,1.11,240.0,830.0,560.1
RURU,4/2/2023,740.0,750.0,735.0,740.0,-1.77,1736.0,830.0,560.1
RURU,4/3/2023,730.1,730.1,716.0,720.1,-2.69,821.0,830.0,560.1
RURU,4/4/2023,712.2,740.0,712.2,738.7,2.58,501.0,830.0,560.1
RURU,4/5/2023,724.0,738.0,724.0,738.0,-0.09,180.0,830.0,560.1
RURU,4/6/2023,734.0,735.0,725.0,725.0,-1.76,2027.0,830.0,560.1
RURU,4/9/2023,718.0,718.0,715.1,716.7,-1.14,1574.0,830.0,560.1
RURU,4/10/2023,702.4,716.0,702.4,714.0,-0.38,526.0,830.0,560.1
RURU,4/11/2023,700.2,730.0,700.2,730.0,2.24,203.0,830.0,560.1
RURU,4/12/2023,730.1,760.0,730.1,750.0,2.74,1250.0,830.0,560.1
RURU,4/13/2023,755.0,755.0,736.0,751.1,0.15,1299.0,830.0,560.1
RURU,4/16/2023,766.0,766.0,731.0,754.0,0.39,62.0,830.0,560.1
RURU,4/17/2023,763.9,763.9,735.1,754.0,0.0,118.0,830.0,560.1
RURU,4/18/2023,754.0,754.0,726.1,730.0,-3.18,295.0,830.0,560.1
RURU,4/19/2023,740.0,749.7,734.0,734.0,0.55,76.0,830.0,560.1
RURU,4/20/2023,748.6,762.9,726.0,726.0,-1.09,132.0,830.0,560.1
RURU,4/23/2023,725.0,744.6,725.0,744.0,2.48,164.0,830.0,560.1
RURU,4/24/2023,729.2,743.0,729.0,735.0,-1.21,196.0,830.0,560.1
RURU,4/25/2023,749.7,750.0,738.0,739.0,0.54,183.0,830.0,560.1
RURU,4/26/2023,750.0,750.0,725.1,735.0,-0.54,200.0,830.0,560.1
RURU,4/27/2023,730.0,738.4,721.0,730.0,-0.68,386.0,830.0,560.1
RURU,4/30/2023,717.0,735.0,717.0,720.0,-1.37,54.0,830.0,560.1
RURU,5/2/2023,734.4,734.4,721.0,730.0,1.39,311.0,830.0,560.1
RURU,5/3/2023,725.0,740.0,716.0,740.0,1.37,690.0,830.0,560.1
RURU,5/4/2023,725.2,725.2,715.0,720.0,-2.7,42.0,830.0,560.1
RURU,5/7/2023,718.0,733.4,705.8,720.0,0.0,96.0,830.0,560.1
RURU,5/8/2023,720.0,720.0,708.3,719.0,-0.14,419.0,830.0,560.1
RURU,5/9/2023,706.0,733.3,706.0,712.0,-0.97,174.0,830.0,560.1
RURU,5/10/2023,698.2,738.5,698.2,728.0,2.25,75.0,830.0,560.1
RURU,5/11/2023,722.0,725.0,721.0,725.0,-0.41,101.0,830.0,560.1
RURU,5/14/2023,713.0,725.0,700.0,725.0,0.0,625.0,830.0,560.1
RURU,5/15/2023,715.0,726.0,715.0,725.0,0.0,731.0,830.0,560.1
RURU,5/16/2023,720.0,730.0,720.0,725.0,0.0,50.0,830.0,560.1
RURU,5/17/2023,725.0,732.9,725.0,728.0,0.41,118.0,830.0,560.1
RURU,5/18/2023,728.0,737.9,728.0,737.9,1.36,96.0,830.0,560.1
RURU,5/21/2023,732.0,740.0,732.0,740.0,0.28,517.0,830.0,560.1
RURU,5/22/2023,730.0,740.0,730.0,731.0,-1.22,351.0,830.0,560.1
RURU,5/23/2023,745.5,748.0,734.2,739.0,1.09,295.0,830.0,560.1
RURU,5/24/2023,744.0,749.0,737.1,744.0,0.68,256.0,830.0,560.1
RURU,5/28/2023,750.0,750.0,728.0,731.0,-1.75,1156.0,830.0,560.1
RURU,5/30/2023,730.0,730.0,717.0,717.0,-1.92,290.0,830.0,560.1
RURU,5/31/2023,725.0,731.3,708.3,708.7,-1.16,164.0,830.0,560.1
RURU,6/1/2023,703.0,720.0,703.0,720.0,1.59,328.0,830.0,560.1
RURU,6/4/2023,720.0,734.0,720.0,734.0,1.94,338.0,830.0,560.1
RURU,6/5/2023,730.0,745.0,730.0,740.0,0.82,408.0,830.0,560.1
RURU,6/6/2023,728.8,751.0,728.8,746.1,0.82,476.0,830.0,560.1
RURU,6/7/2023,758.0,759.9,746.1,746.1,0.0,694.0,830.0,560.1
RURU,6/8/2023,759.0,760.0,743.9,746.1,0.0,515.0,830.0,560.1
RURU,6/11/2023,758.9,761.0,746.2,754.0,1.06,1178.0,830.0,560.1
RURU,6/12/2023,743.1,757.0,743.1,756.0,0.27,512.0,830.0,560.1
RURU,6/13/2023,746.0,766.0,746.0,756.2,0.03,428.0,830.0,560.1
RURU,6/14/2023,759.0,765.0,751.2,760.0,0.5,1422.0,830.0,560.1
RURU,6/15/2023,759.0,770.0,756.1,770.0,1.32,535.0,830.0,560.1
RURU,6/18/2023,765.0,790.0,765.0,770.0,0.0,1229.0,830.0,560.1
RURU,6/19/2023,760.0,784.0,760.0,784.0,1.82,992.0,830.0,560.1
RURU,6/20/2023,768.4,780.0,761.0,761.0,-2.93,922.0,830.0,560.1
RURU,6/21/2023,746.1,765.0,746.1,760.0,-0.13,1115.0,830.0,560.1
RURU,6/22/2023,760.0,765.0,755.0,760.0,0.0,630.0,830.0,560.1
RURU,6/25/2023,775.2,775.2,744.8,750.0,-1.32,295.0,830.0,560.1
RURU,6/26/2023,765.0,765.0,742.0,744.0,-0.8,637.0,830.0,560.1
RURU,6/27/2023,735.0,766.0,735.0,760.0,2.15,1063.0,830.0,560.1
RURU,6/28/2023,762.0,780.0,751.0,751.0,-1.18,861.0,830.0,560.1
RURU,7/2/2023,740.0,752.0,740.0,746.0,-0.67,1129.0,830.0,560.1
RURU,7/3/2023,740.0,765.0,740.0,760.0,1.88,651.0,830.0,560.1
RURU,7/4/2023,744.8,774.0,744.8,774.0,1.84,938.0,830.0,560.1
RURU,7/5/2023,759.1,780.0,759.1,767.0,-0.9,2667.0,830.0,560.1
RURU,7/6/2023,752.0,774.0,752.0,768.0,0.13,619.0,830.0,560.1
RURU,7/9/2023,775.0,785.0,772.2,777.2,1.2,1364.0,830.0,560.1
RURU,7/10/2023,789.9,790.0,774.2,780.0,0.36,1127.0,830.0,560.1
RURU,7/11/2023,765.0,785.0,765.0,782.0,0.26,751.0,830.0,560.1
RURU,7/12/2023,790.0,802.0,775.0,800.0,2.3,571.0,830.0,560.1
RURU,7/13/2023,815.0,816.0,790.0,790.0,-1.25,895.0,830.0,560.1
RURU,7/16/2023,775.1,790.0,775.1,778.1,-1.51,86.0,830.0,560.1
RURU,7/17/2023,793.5,795.0,778.0,784.0,0.76,636.0,830.0,560.1
RURU,7/18/2023,784.0,804.0,780.0,804.0,2.55,803.0,830.0,560.1
RURU,7/19/2023,795.0,809.9,789.0,800.0,-0.5,535.0,830.0,560.1
RURU,7/20/2023,785.0,786.0,774.0,782.0,-2.25,287.0,830.0,560.1
RURU,7/23/2023,766.5,807.0,766.5,807.0,3.2,907.0,830.0,560.1
RURU,7/24/2023,791.2,815.0,791.2,800.0,-0.87,253.0,830.0,560.1
RURU,7/25/2023,814.0,814.0,790.0,791.0,-1.12,547.0,830.0,560.1
RURU,7/26/2023,778.1,790.0,778.1,788.0,-0.38,185.0,830.0,560.1
RURU,7/27/2023,786.0,803.0,775.1,775.1,-1.64,681.0,830.0,560.1
RURU,7/30/2023,775.0,785.0,761.3,776.0,0.12,248.0,830.0,560.1
RURU,7/31/2023,780.0,790.0,775.1,775.1,-0.12,143.0,830.0,560.1
RURU,8/1/2023,760.5,785.0,760.5,765.0,-1.3,352.0,830.0,560.1
RURU,8/2/2023,750.1,772.0,750.1,765.0,0.0,204.0,830.0,560.1
RURU,8/3/2023,755.0,781.0,755.0,765.1,0.01,342.0,830.0,560.1
RURU,8/6/2023,755.0,768.0,743.0,743.0,-2.89,1662.0,830.0,560.1
RURU,8/7/2023,735.0,757.8,735.0,755.0,1.62,475.0,830.0,560.1
RURU,8/8/2023,750.0,750.0,735.1,737.0,-2.38,122.0,830.0,560.1
RURU,8/9/2023,751.7,766.7,751.0,752.0,2.04,82.0,830.0,560.1
RURU,8/10/2023,746.3,754.0,745.0,752.1,0.01,423.0,830.0,560.1
RURU,8/13/2023,737.3,766.0,737.3,749.0,-0.41,199.0,830.0,560.1
RURU,8/14/2023,760.0,769.9,757.0,769.9,2.79,348.0,830.0,560.1
RURU,8/15/2023,773.9,775.0,755.0,763.0,-0.9,630.0,830.0,560.1
RURU,8/16/2023,775.0,775.0,746.5,755.0,-1.05,505.0,830.0,560.1
RURU,8/17/2023,760.0,770.1,759.0,760.0,0.66,654.0,830.0,560.1
RURU,8/20/2023,760.0,770.0,760.0,770.0,1.32,369.0,830.0,560.1
RURU,8/21/2023,760.0,775.0,760.0,770.0,0.0,224.0,830.0,560.1
RURU,8/22/2023,770.0,780.3,765.0,780.3,1.34,750.0,830.0,560.1
RURU,8/23/2023,780.0,789.0,776.0,788.0,0.99,288.0,830.0,560.1
RURU,8/24/2023,788.0,793.0,775.1,778.0,-1.27,248.0,830.0,560.1
RURU,8/27/2023,770.0,779.0,750.8,779.0,0.13,253.0,830.0,560.1
RURU,8/28/2023,765.1,774.0,763.5,774.0,-0.64,416.0,830.0,560.1
RURU,8/29/2023,760.1,774.0,760.1,774.0,0.0,90.0,830.0,560.1
RURU,8/30/2023,762.0,780.0,762.0,780.0,0.78,522.0,830.0,560.1
RURU,9/3/2023,780.0,780.0,766.0,766.2,-1.77,312.0,830.0,560.1
RURU,9/4/2023,755.0,842.0,755.0,842.0,9.89,354.0,830.0,560.1
RURU,9/5/2023,825.2,825.2,825.2,825.2,-2.0,10.0,830.0,560.1
RURU,9/7/2023,808.7,808.8,746.2,761.1,-7.77,1237.0,830.0,560.1
RURU,9/10/2023,747.0,769.0,747.0,769.0,1.04,720.0,830.0,560.1
RURU,9/11/2023,769.0,780.0,765.0,780.0,1.43,115.0,830.0,560.1
RURU,9/12/2023,775.0,775.0,750.0,774.0,-0.77,827.0,830.0,560.1
RURU,9/13/2023,780.0,780.0,750.0,775.0,0.13,534.0,830.0,560.1
RURU,9/17/2023,760.0,765.0,750.0,750.0,-3.23,988.0,830.0,560.1
RURU,9/18/2023,765.0,780.0,740.0,780.0,4.0,315.0,830.0,560.1
RURU,9/19/2023,764.5,765.0,750.0,765.0,-1.92,148.0,830.0,560.1
RURU,9/21/2023,780.3,790.5,754.5,790.5,3.33,940.0,830.0,560.1
RURU,9/24/2023,785.0,791.5,771.0,773.8,-2.11,706.0,830.0,560.1
RURU,9/25/2023,775.0,789.0,773.0,773.0,-0.1,358.0,830.0,560.1
RURU,9/26/2023,773.0,788.0,773.0,780.0,0.91,688.0,830.0,560.1
RURU,9/27/2023,792.0,792.0,762.0,762.1,-2.29,72.0,830.0,560.1
RURU,10/1/2023,757.0,770.0,748.1,750.0,-1.59,475.0,830.0,560.1
RURU,10/2/2023,741.0,759.0,741.0,759.0,1.2,399.0,830.0,560.1
RURU,10/3/2023,745.1,760.0,745.1,748.1,-1.44,236.0,830.0,560.1
RURU,10/4/2023,747.5,755.0,740.0,740.0,-1.08,341.0,830.0,560.1
RURU,10/5/2023,740.2,755.0,740.2,750.0,1.35,143.0,830.0,560.1
RURU,10/8/2023,745.1,750.0,735.0,736.1,-1.85,462.0,830.0,560.1
RURU,10/9/2023,730.0,740.0,730.0,730.8,-0.72,1074.0,830.0,560.1
RURU,10/10/2023,725.0,745.6,725.0,731.1,0.04,163.0,830.0,560.1
RURU,10/11/2023,731.0,734.9,726.0,734.9,0.52,509.0,830.0,560.1
RURU,10/12/2023,726.1,728.0,725.1,725.1,-1.33,431.0,830.0,560.1
RURU,10/16/2023,720.0,725.0,706.0,713.1,-1.65,338.0,830.0,560.1
RURU,10/17/2023,715.0,720.0,701.0,720.0,0.97,212.0,830.0,560.1
RURU,10/18/2023,707.0,757.9,707.0,757.0,5.14,140.0,830.0,560.1
RURU,10/19/2023,755.0,755.0,715.0,730.0,-3.57,227.0,830.0,560.1
RURU,10/29/2023,740.0,740.0,730.0,730.0,0.0,42.0,830.0,560.1
RURU,10/30/2023,720.0,720.0,711.1,715.0,-2.05,184.0,830.0,560.1
RURU,10/31/2023,711.0,720.0,711.0,719.0,0.56,71.0,830.0,560.1
RURU,11/1/2023,720.0,720.0,710.0,711.0,-1.11,206.0,830.0,560.1
RURU,11/2/2023,702.0,725.7,702.0,725.7,2.07,199.0,830.0,560.1
RURU,11/5/2023,712.0,712.0,700.8,703.0,-3.13,97.0,830.0,560.1
RURU,11/6/2023,702.0,715.0,702.0,704.0,0.14,150.0,830.0,560.1
RURU,11/7/2023,718.0,720.0,718.0,720.0,2.27,137.0,830.0,560.1
RURU,11/8/2023,733.0,762.0,733.0,754.5,4.79,182.0,830.0,560.1
RURU,11/9/2023,765.0,765.0,721.0,735.0,-2.58,375.0,830.0,560.1
RURU,11/20/2023,749.7,775.0,720.3,739.0,0.54,687.0,830.0,560.1
RURU,11/21/2023,724.3,738.7,710.0,738.7,-0.04,71.0,830.0,560.1
RURU,11/22/2023,724.0,724.0,674.3,715.0,-3.21,697.0,830.0,560.1
RURU,11/23/2023,701.0,714.8,687.1,714.1,-0.13,354.0,830.0,560.1
RURU,11/26/2023,714.0,730.0,712.0,715.4,0.18,233.0,830.0,560.1
RURU,11/27/2023,720.0,725.0,715.4,716.1,0.1,90.0,830.0,560.1
RURU,11/28/2023,718.0,724.0,702.0,702.0,-1.97,520.0,830.0,560.1
RURU,11/29/2023,716.0,716.0,705.0,710.0,1.14,97.0,830.0,560.1
RURU,11/30/2023,700.0,750.0,700.0,750.0,5.63,238.0,830.0,560.1
RURU,12/3/2023,740.0,740.0,700.7,715.0,-4.67,371.0,830.0,560.1
RURU,12/4/2023,701.1,725.0,701.1,715.5,0.07,275.0,830.0,560.1
RURU,12/5/2023,702.5,710.1,702.5,710.0,-0.77,356.0,830.0,560.1
RURU,12/6/2023,701.0,710.0,688.0,688.0,-3.1,365.0,830.0,560.1
RURU,12/7/2023,700.0,711.0,695.0,701.0,1.89,442.0,830.0,560.1
RURU,12/10/2023,701.0,701.0,701.0,701.0,0.0,12.0,830.0,560.1
RURU,12/11/2023,715.0,743.7,707.1,715.0,2.0,565.0,830.0,560.1
RURU,12/12/2023,715.5,765.0,701.2,733.1,2.53,1166.0,830.0,560.1
RURU,12/13/2023,719.0,733.4,710.0,710.0,-3.15,738.0,830.0,560.1
RURU,12/14/2023,722.0,722.0,709.1,715.0,0.7,228.0,830.0,560.1
RURU,12/17/2023,712.0,742.0,711.0,742.0,3.78,1483.0,830.0,560.1
RURU,12/18/2023,756.8,756.8,735.0,740.0,-0.27,1853.0,830.0,560.1
RURU,12/19/2023,740.0,740.0,712.0,725.0,-2.03,754.0,830.0,560.1
RURU,12/20/2023,721.0,752.9,720.0,741.0,2.21,2360.0,830.0,560.1
RURU,12/21/2023,732.0,770.0,732.0,750.0,1.21,1148.0,830.0,560.1
RURU,12/24/2023,750.0,765.0,737.0,737.0,-1.73,1243.0,830.0,560.1
RURU,12/27/2023,727.2,751.7,727.1,735.0,-0.27,532.0,830.0,560.1
RURU,12/28/2023,722.1,735.0,712.3,721.0,-1.9,2167.0,830.0,560.1
RURU,1/1/2024,725.0,743.9,710.6,721.5,0.07,821.0,830.0,560.1
RURU,1/2/2024,710.0,729.0,710.0,729.0,1.04,207.0,830.0,560.1
RURU,1/3/2024,717.0,726.0,717.0,717.0,-1.65,777.0,830.0,560.1
RURU,1/4/2024,720.1,727.9,720.1,722.0,0.7,838.0,830.0,560.1
RURU,1/7/2024,715.2,728.0,713.3,720.0,-0.28,1324.0,830.0,560.1
RURU,1/8/2024,720.0,733.0,711.0,725.0,0.69,529.0,830.0,560.1
RURU,1/9/2024,720.0,750.2,720.0,749.9,3.43,2897.0,830.0,560.1
RURU,1/10/2024,740.0,756.0,740.0,741.1,-1.17,1297.0,830.0,560.1
RURU,1/11/2024,741.0,741.0,728.0,728.1,-1.75,813.0,830.0,560.1
RURU,1/14/2024,739.0,745.0,730.1,730.1,0.27,2256.0,830.0,560.1
RURU,1/16/2024,732.0,770.0,732.0,741.1,1.51,1917.0,830.0,560.1
RURU,1/17/2024,755.9,771.0,741.2,741.3,0.03,3105.0,830.0,560.1
RURU,1/18/2024,730.0,747.0,730.0,744.9,0.49,776.0,830.0,560.1
RURU,1/21/2024,745.0,759.7,736.1,752.0,0.95,2180.0,830.0,560.1
RURU,1/22/2024,738.1,752.8,725.0,726.1,-3.44,1397.0,830.0,560.1
RURU,1/23/2024,727.0,740.6,711.0,732.0,0.81,1979.0,830.0,560.1
RURU,1/24/2024,731.0,739.0,725.0,739.0,0.96,551.0,830.0,560.1
RURU,1/25/2024,730.0,732.0,725.0,732.0,-0.95,125.0,830.0,560.1
RURU,1/28/2024,726.0,726.0,710.0,716.1,-2.17,1352.0,830.0,560.1
RURU,1/29/2024,729.0,741.9,716.0,721.0,0.68,885.0,830.0,560.1
RURU,1/30/2024,710.1,739.0,710.1,726.0,0.69,1087.0,830.0,560.1
RURU,1/31/2024,715.1,723.9,712.0,723.9,-0.29,1419.0,830.0,560.1
RURU,2/1/2024,710.1,715.0,710.1,712.0,-1.64,532.0,830.0,560.1
RURU,2/4/2024,700.2,719.0,700.2,703.0,-1.26,1246.0,830.0,560.1
RURU,2/5/2024,702.0,724.0,702.0,722.9,2.83,596.0,830.0,560.1
RURU,2/6/2024,711.0,726.9,710.1,720.0,-0.4,520.0,830.0,560.1
RURU,2/7/2024,725.0,725.0,715.0,716.0,-0.56,1330.0,830.0,560.1
RURU,2/8/2024,705.6,724.0,705.6,713.6,-0.34,1113.0,830.0,560.1
RURU,2/11/2024,713.0,745.0,713.0,715.0,0.2,940.0,830.0,560.1
RURU,2/12/2024,716.0,732.9,716.0,732.9,2.5,1984.0,830.0,560.1
RURU,2/13/2024,729.9,729.9,720.1,729.0,-0.53,831.0,830.0,560.1
RURU,2/14/2024,729.0,734.0,715.0,715.0,-1.92,1133.0,830.0,560.1
RURU,2/15/2024,712.0,733.0,712.0,730.7,2.2,1299.0,830.0,560.1
RURU,2/18/2024,725.0,730.0,716.2,727.9,-0.38,1243.0,830.0,560.1
RURU,2/20/2024,714.1,725.0,714.1,716.2,-1.61,527.0,830.0,560.1
RURU,2/21/2024,720.1,723.0,712.1,719.9,0.52,773.0,830.0,560.1
RURU,2/22/2024,706.2,726.0,706.2,709.4,-1.46,1150.0,830.0,560.1
RURU,2/25/2024,705.0,711.0,704.5,705.4,-0.56,762.0,830.0,560.1
RURU,2/26/2024,705.0,715.0,705.0,715.0,1.36,211.0,830.0,560.1
RURU,2/27/2024,705.0,719.0,705.0,719.0,0.56,1293.0,830.0,560.1
RURU,2/28/2024,705.2,719.0,705.2,719.0,0.0,392.0,830.0,560.1
RURU,2/29/2024,721.0,735.4,705.0,716.0,-0.42,1449.0,830.0,560.1
RURU,3/3/2024,705.2,715.0,702.0,715.0,-0.14,810.0,830.0,560.1
RURU,3/4/2024,729.0,743.0,729.0,743.0,3.92,327.0,830.0,560.1
RURU,3/5/2024,728.2,728.2,700.1,705.0,-5.11,822.0,830.0,560.1
RURU,3/6/2024,702.5,719.0,702.5,712.0,0.99,1182.0,830.0,560.1
RURU,3/7/2024,700.0,718.9,700.0,718.9,0.97,659.0,830.0,560.1
RURU,3/10/2024,719.0,723.5,709.0,720.0,0.15,1353.0,830.0,560.1
RURU,3/12/2024,720.1,723.1,707.8,720.0,0.0,1834.0,830.0,560.1
RURU,3/13/2024,715.0,729.0,715.0,718.0,-0.28,730.0,830.0,560.1
RURU,3/14/2024,708.1,718.5,702.0,710.0,-1.11,2585.0,830.0,560.1
RURU,3/17/2024,700.0,715.0,700.0,707.0,-0.42,713.0,830.0,560.1
RURU,3/18/2024,714.0,714.0,695.2,700.0,-0.99,962.0,830.0,560.1
RURU,3/19/2024,710.0,713.0,696.0,699.0,-0.14,2115.0,830.0,560.1
RURU,3/20/2024,699.0,705.0,688.0,689.0,-1.43,2927.0,830.0,560.1
RURU,3/21/2024,690.0,693.2,680.0,680.0,-1.31,3058.0,830.0,560.1
RURU,3/25/2024,690.0,692.7,679.2,681.0,0.15,2629.0,830.0,560.1
RURU,3/26/2024,679.0,694.0,679.0,687.8,1.0,1120.0,830.0,560.1
RURU,3/27/2024,680.0,685.0,676.0,680.0,-1.13,2295.0,830.0,560.1
RURU,3/28/2024,674.3,697.0,674.3,695.0,2.21,2424.0,830.0,560.1
RURU,3/31/2024,700.0,700.0,680.0,680.0,-2.16,1643.0,830.0,560.1
RURU,4/1/2024,675.0,678.0,675.0,678.0,-0.29,129.0,830.0,560.1
RURU,4/2/2024,672.0,684.0,670.0,670.0,-1.18,1238.0,830.0,560.1
RURU,4/3/2024,660.0,662.0,650.0,660.0,-1.49,1808.0,830.0,560.1
RURU,4/4/2024,669.9,669.9,650.2,654.0,-0.91,1371.0,830.0,560.1
RURU,4/7/2024,645.0,650.0,633.0,637.5,-2.52,2183.0,830.0,560.1
RURU,4/9/2024,645.0,663.0,642.0,642.0,0.71,1635.0,830.0,560.1
RURU,4/10/2024,654.8,654.8,625.0,635.0,-1.09,4075.0,830.0,560.1
RURU,4/14/2024,625.1,640.0,625.1,625.3,-1.53,2165.0,830.0,560.1
RURU,4/15/2024,624.0,624.0,613.1,623.0,-0.37,2197.0,830.0,560.1
RURU,4/16/2024,610.6,610.6,560.7,560.7,-10.0,12319.0,830.0,560.1
RURU,4/18/2024,549.5,549.5,504.7,504.7,-9.99,66352.0,830.0,560.1
RURU,4/21/2024,494.7,555.1,484.9,546.0,8.18,129475.0,830.0,560.1
RURU,4/22/2024,547.0,555.0,527.3,530.0,-2.93,35135.0,830.0,560.1
RURU,4/24/2024,530.0,534.9,522.0,529.9,-0.02,25202.0,830.0,560.1
RURU,4/25/2024,520.0,527.0,515.5,522.8,-1.34,20140.0,830.0,560.1
RURU,4/28/2024,525.0,525.0,501.0,509.0,-2.64,27627.0,830.0,560.1
RURU,4/29/2024,518.9,520.0,505.2,509.0,0.0,19252.0,830.0,560.1
RURU,4/30/2024,512.0,518.0,509.0,515.0,1.18,21151.0,830.0,560.1
RURU,5/2/2024,515.0,520.0,510.0,514.1,-0.17,23319.0,830.0,560.1
RURU,5/5/2024,515.0,515.0,500.1,500.2,-2.7,17826.0,830.0,560.1
RURU,5/6/2024,500.1,510.1,494.0,502.0,0.36,22071.0,830.0,560.1
RURU,5/7/2024,511.9,515.0,503.9,508.0,1.2,14277.0,830.0,560.1
RURU,5/8/2024,502.0,510.0,502.0,502.7,-1.04,8555.0,830.0,560.1
RURU,5/9/2024,510.0,512.7,500.3,502.7,0.0,11650.0,830.0,560.1
RURU,5/12/2024,500.3,510.0,500.3,503.5,0.16,21248.0,830.0,560.1
RURU,5/13/2024,510.0,510.0,503.0,506.9,0.68,12454.0,830.0,560.1
RURU,5/14/2024,517.0,557.5,511.1,557.5,9.98,103685.0,830.0,560.1
RURU,5/15/2024,568.0,599.0,556.0,556.1,-0.25,47182.0,830.0,560.1
RURU,5/16/2024,557.0,565.0,550.0,565.0,1.6,20588.0,830.0,560.1
RURU,5/19/2024,567.0,607.0,548.0,607.0,7.43,87542.0,830.0,560.1
RURU,5/20/2024,619.1,654.7,614.9,630.0,3.79,62272.0,830.0,560.1
RURU,5/21/2024,630.0,642.0,619.0,635.0,0.79,29776.0,830.0,560.1
RURU,5/22/2024,635.0,645.0,622.3,631.9,-0.49,38717.0,830.0,560.1
RURU,5/26/2024,621.0,642.0,595.0,604.0,-4.42,37852.0,830.0,560.1
RURU,5/27/2024,604.0,617.0,602.1,614.5,1.74,16201.0,830.0,560.1
RURU,5/29/2024,625.0,631.0,602.6,607.0,-1.22,29298.0,830.0,560.1
RURU,5/30/2024,608.0,625.0,597.5,624.7,2.92,34166.0,830.0,560.1
RURU,6/2/2024,637.0,640.0,612.6,625.0,0.05,19755.0,830.0,560.1
RURU,6/3/2024,637.0,637.0,615.0,622.9,-0.34,14791.0,830.0,560.1
RURU,6/4/2024,611.0,630.0,610.0,613.0,-1.59,13379.0,830.0,560.1
RURU,6/5/2024,625.2,625.2,603.1,609.9,-0.51,19200.0,830.0,560.1
RURU,6/6/2024,601.3,629.8,601.3,620.0,1.66,36879.0,830.0,560.1
RURU,6/9/2024,629.9,672.0,619.1,665.0,7.26,105595.0,830.0,560.1
RURU,6/10/2024,678.3,691.0,663.0,665.0,0.0,48207.0,830.0,560.1
RURU,6/11/2024,678.0,685.0,665.5,679.9,2.24,37938.0,830.0,560.1
RURU,6/12/2024,666.4,685.0,658.0,665.0,-2.19,32727.0,830.0,560.1
RURU,6/13/2024,678.0,691.6,653.1,664.0,-0.15,30314.0,830.0,560.1
RURU,6/16/2024,651.3,669.6,645.0,646.0,-2.71,23208.0,830.0,560.1
RURU,6/18/2024,638.0,648.0,628.0,633.0,-2.01,17904.0,830.0,560.1
RURU,6/19/2024,625.2,639.0,624.0,628.9,-0.65,16367.0,830.0,560.1
RURU,6/20/2024,630.0,633.0,621.0,624.0,-0.78,17164.0,830.0,560.1
RURU,6/23/2024,630.0,636.0,618.1,621.0,-0.48,17931.0,830.0,560.1
RURU,6/24/2024,617.1,630.0,615.0,616.0,-0.81,27027.0,830.0,560.1
RURU,6/25/2024,616.1,638.9,616.0,628.0,1.95,18446.0,830.0,560.1
RURU,6/26/2024,636.0,636.0,618.0,618.5,-1.51,14029.0,830.0,560.1
RURU,6/27/2024,607.3,626.0,607.3,619.0,0.08,10719.0,830.0,560.1
RURU,6/30/2024,608.5,630.0,608.5,617.0,-0.32,7622.0,830.0,560.1
RURU,7/1/2024,628.9,628.9,616.5,619.9,0.47,6228.0,830.0,560.1
RURU,7/2/2024,630.0,655.0,621.0,625.1,0.84,17113.0,830.0,560.1
RURU,7/3/2024,632.0,632.0,615.0,630.0,0.78,18282.0,830.0,560.1
RURU,7/4/2024,630.0,647.5,625.8,642.0,1.9,33952.0,830.0,560.1
RURU,7/7/2024,650.0,651.0,634.1,642.0,0.0,30127.0,830.0,560.1
RURU,7/8/2024,642.0,650.0,634.1,640.0,-0.31,10059.0,830.0,560.1
RURU,7/9/2024,632.0,651.0,631.1,642.0,0.31,21908.0,830.0,560.1
RURU,7/10/2024,629.2,660.0,629.2,639.4,-0.4,16435.0,830.0,560.1
RURU,7/11/2024,626.7,664.0,626.7,658.9,3.05,40654.0,830.0,560.1
RURU,7/14/2024,672.0,713.0,657.9,673.0,2.14,29959.0,830.0,560.1
RURU,7/15/2024,686.4,699.0,657.2,662.0,-1.63,33206.0,830.0,560.1
RURU,7/16/2024,662.0,693.0,651.6,680.3,2.76,58428.0,830.0,560.1
RURU,7/17/2024,690.0,699.9,680.3,695.0,2.16,142021.0,830.0,560.1
RURU,7/18/2024,708.9,764.5,700.0,725.0,4.32,90287.0,830.0,560.1
RURU,7/21/2024,739.0,747.0,712.0,735.1,1.39,80352.0,830.0,560.1
RURU,7/22/2024,745.0,745.0,718.5,739.0,0.53,62357.0,830.0,560.1
RURU,7/23/2024,727.0,755.0,710.0,748.9,1.34,75308.0,830.0,560.1
RURU,7/24/2024,740.0,818.0,739.1,777.0,3.75,92526.0,830.0,560.1
RURU,7/25/2024,772.0,789.0,765.0,779.9,0.37,76942.0,830.0,560.1
RURU,7/28/2024,785.0,810.0,749.2,774.0,-0.76,41286.0,830.0,560.1
RURU,7/29/2024,774.0,788.9,751.9,753.4,-2.66,53944.0,830.0,560.1
RURU,7/30/2024,768.4,771.1,750.0,758.3,0.65,50549.0,830.0,560.1
RURU,7/31/2024,765.0,785.0,760.0,774.0,2.07,61280.0,830.0,560.1
RURU,8/1/2024,758.6,788.8,754.0,757.0,-2.2,54988.0,830.0,560.1
RURU,8/5/2024,772.1,832.7,772.1,832.7,10.0,207692.0,830.0,560.1
RURU,8/6/2024,849.3,915.9,817.0,859.0,3.16,133810.0,830.0,560.1
RURU,8/7/2024,860.0,915.0,847.0,909.0,5.82,78613.0,830.0,560.1
RURU,8/8/2024,912.0,926.8,855.2,865.0,-4.84,86988.0,830.0,560.1
RURU,8/11/2024,882.3,907.0,870.0,877.0,1.39,63538.0,830.0,560.1
RURU,8/12/2024,894.5,895.0,860.0,860.1,-1.93,62307.0,830.0,560.1
RURU,8/13/2024,871.0,879.0,845.1,851.0,-1.06,52374.0,830.0,560.1
RURU,8/14/2024,862.0,865.0,840.0,860.0,1.06,61018.0,830.0,560.1
RURU,8/15/2024,877.0,901.0,860.1,871.0,1.28,85708.0,830.0,560.1
RURU,8/18/2024,888.4,888.4,842.0,842.0,-3.33,36938.0,830.0,560.1
RURU,8/21/2024,842.0,850.0,823.0,828.0,-1.66,39467.0,830.0,560.1
RURU,8/22/2024,840.0,840.0,820.0,821.0,-0.85,35940.0,830.0,560.1
RURU,8/25/2024,815.1,844.0,800.0,801.0,-2.44,44761.0,830.0,560.1
RURU,8/27/2024,790.4,815.0,773.0,773.0,-3.5,44499.0,830.0,560.1
RURU,8/28/2024,788.4,798.0,759.0,760.5,-1.62,32153.0,830.0,560.1
RURU,8/29/2024,775.0,775.0,725.2,756.0,-0.59,23832.0,830.0,560.1
RURU,9/1/2024,771.1,772.1,730.1,738.9,-2.26,30636.0,830.0,560.1
RURU,9/2/2024,750.0,777.9,735.0,774.0,4.75,23454.0,830.0,560.1
RURU,9/3/2024,788.0,793.0,763.0,780.0,0.78,21933.0,830.0,560.1
RURU,9/4/2024,780.0,784.9,745.0,750.0,-3.85,19173.0,830.0,560.1
RURU,9/5/2024,741.0,749.0,733.0,743.0,-0.93,18780.0,830.0,560.1
RURU,9/8/2024,754.9,765.0,743.0,745.0,0.27,12448.0,830.0,560.1
RURU,9/9/2024,758.0,758.0,737.0,737.0,-1.07,15026.0,830.0,560.1
RURU,9/10/2024,751.0,751.0,732.0,732.0,-0.68,11696.0,830.0,560.1
RURU,9/11/2024,732.0,740.0,724.0,733.0,0.14,10254.0,830.0,560.1
RURU,9/12/2024,722.0,765.0,722.0,757.0,3.27,14299.0,830.0,560.1
RURU,9/15/2024,772.1,772.1,740.0,740.2,-2.22,35273.0,830.0,560.1
RURU,9/16/2024,725.4,745.0,725.4,745.0,0.65,16353.0,830.0,560.1
RURU,9/18/2024,734.0,768.0,734.0,763.0,2.42,30206.0,830.0,560.1
RURU,9/22/2024,761.0,777.5,755.0,766.6,0.47,17695.0,830.0,560.1
RURU,9/23/2024,751.3,790.0,751.3,769.0,0.31,27067.0,830.0,560.1
RURU,9/24/2024,765.0,816.0,765.0,782.0,1.69,73730.0,830.0,560.1
RURU,9/25/2024,797.6,850.0,785.0,839.9,7.4,64381.0,830.0,560.1
RURU,9/26/2024,832.0,874.9,832.0,848.0,0.96,103309.0,830.0,560.1
RURU,9/29/2024,848.0,860.0,805.0,805.0,-5.07,85555.0,830.0,560.1
RURU,9/30/2024,805.0,810.0,785.0,792.0,-1.61,44396.0,830.0,560.1
RURU,10/1/2024,786.1,824.1,786.1,817.0,3.16,36912.0,830.0,560.1
RURU,10/2/2024,817.0,855.0,817.0,844.9,3.41,68528.0,830.0,560.1
RURU,10/6/2024,860.0,870.0,845.0,860.0,1.79,32816.0,830.0,560.1
RURU,10/7/2024,876.9,876.9,841.0,844.0,-1.86,44618.0,830.0,560.1
RURU,10/8/2024,855.0,860.0,840.0,844.9,0.11,23927.0,830.0,560.1
RURU,10/9/2024,859.9,859.9,840.1,859.9,1.78,30613.0,830.0,560.1
RURU,10/15/2024,872.0,885.0,861.2,879.0,2.22,74956.0,830.0,560.1
RURU,10/16/2024,779.6,799.9,765.0,794.0,-9.67,37544.0,830.0,560.1
RURU,10/17/2024,780.0,809.0,779.0,786.0,-1.01,21278.0,830.0,560.1
RURU,10/20/2024,775.0,783.0,758.0,763.0,-2.93,24986.0,830.0,560.1
RURU,10/21/2024,748.0,768.0,728.0,740.0,-3.01,20164.0,830.0,560.1
RURU,10/22/2024,754.0,754.8,735.0,749.8,1.32,8518.0,830.0,560.1
RURU,10/23/2024,764.0,764.0,736.4,754.5,0.63,12799.0,830.0,560.1
RURU,10/24/2024,740.0,753.9,728.0,739.9,-1.94,8340.0,830.0,560.1
RURU,10/27/2024,725.6,750.0,725.6,750.0,1.37,8122.0,830.0,560.1
RURU,10/28/2024,735.0,765.0,735.0,753.0,0.4,4175.0,830.0,560.1
RURU,10/29/2024,740.0,767.0,740.0,755.0,0.27,9043.0,830.0,560.1
RURU,10/30/2024,740.0,785.0,740.0,768.0,1.72,6197.0,830.0,560.1
RURU,11/5/2024,752.7,781.5,752.7,768.8,0.1,4133.0,830.0,560.1
RURU,11/6/2024,753.5,784.0,753.5,757.0,-1.53,6420.0,830.0,560.1
RURU,11/10/2024,750.0,781.0,741.9,777.9,2.76,20586.0,830.0,560.1
RURU,11/11/2024,765.0,785.0,765.0,774.0,-0.5,16454.0,830.0,560.1
RURU,11/12/2024,785.0,785.0,760.0,767.5,-0.84,15757.0,830.0,560.1
RURU,11/13/2024,769.0,771.0,757.0,761.9,-0.73,8868.0,830.0,560.1
RURU,11/14/2024,748.0,777.0,748.0,758.0,-0.51,22166.0,830.0,560.1
RURU,11/17/2024,773.1,784.9,756.9,764.0,0.79,29398.0,830.0,560.1
RURU,11/19/2024,748.8,760.0,736.0,745.0,-2.49,21322.0,830.0,560.1
RURU,11/20/2024,732.0,755.0,732.0,744.0,-0.13,13178.0,830.0,560.1
RURU,11/21/2024,758.8,758.8,735.0,735.0,-1.21,14516.0,830.0,560.1
RURU,11/24/2024,722.0,749.6,722.0,726.5,-1.16,8005.0,830.0,560.1
RURU,11/25/2024,715.0,741.0,715.0,728.0,0.21,4701.0,830.0,560.1
RURU,11/26/2024,728.1,750.0,726.1,748.0,2.75,15278.0,830.0,560.1
RURU,11/27/2024,740.0,765.0,740.0,756.3,1.11,26864.0,830.0,560.1
RURU,11/28/2024,741.2,784.0,741.2,746.0,-1.36,21501.0,830.0,560.1
RURU,12/1/2024,732.2,754.0,732.2,742.0,-0.54,11819.0,830.0,560.1
RURU,12/2/2024,756.0,756.8,735.0,739.0,-0.4,17187.0,830.0,560.1
RURU,12/3/2024,748.0,748.0,735.0,742.0,0.41,8579.0,830.0,560.1
RURU,12/4/2024,730.0,764.0,730.0,745.0,0.4,15506.0,830.0,560.1
RURU,12/5/2024,745.0,758.0,731.0,740.0,-0.67,10388.0,830.0,560.1
RURU,12/8/2024,740.0,746.8,720.0,725.0,-2.03,9682.0,830.0,560.1
RURU,12/9/2024,730.0,739.4,721.0,726.0,0.14,5233.0,830.0,560.1
RURU,12/10/2024,728.0,728.0,713.0,716.1,-1.36,10202.0,830.0,560.1
RURU,12/11/2024,716.0,734.1,713.0,722.0,0.82,9726.0,830.0,560.1
RURU,12/12/2024,728.0,735.9,718.1,718.1,-0.54,8291.0,830.0,560.1
RURU,12/16/2024,710.2,710.4,703.0,703.0,-2.1,11665.0,830.0,560.1
RURU,12/17/2024,702.0,708.0,693.1,693.1,-1.41,9807.0,830.0,560.1
RURU,12/18/2024,695.0,708.9,688.0,690.1,-0.43,7819.0,830.0,560.1
RURU,12/19/2024,681.1,692.0,672.0,676.0,-2.04,7454.0,830.0,560.1
RURU,12/22/2024,676.0,714.0,662.5,682.0,0.89,8181.0,830.0,560.1
RURU,12/23/2024,695.0,699.0,680.0,692.0,1.47,5408.0,830.0,560.1
RURU,12/24/2024,704.0,705.0,691.0,692.0,0.0,6949.0,830.0,560.1
RURU,12/26/2024,705.0,705.0,680.2,681.0,-1.59,4797.0,830.0,560.1
RURU,12/29/2024,670.0,694.0,660.0,671.0,-1.47,8000.0,830.0,560.1
RURU,12/31/2024,667.0,690.0,660.0,665.0,-0.89,8256.0,830.0,560.1
RURU,1/1/2025,672.0,680.0,666.0,674.0,1.35,3396.0,830.0,560.1
RURU,1/2/2025,666.1,686.0,666.1,678.6,0.68,7284.0,830.0,560.1
RURU,1/5/2025,690.0,701.9,666.0,675.0,-0.53,8427.0,830.0,560.1
RURU,1/6/2025,688.0,714.0,678.0,708.0,4.89,14479.0,830.0,560.1
RURU,1/7/2025,699.0,720.0,699.0,705.0,-0.42,7385.0,830.0,560.1
RURU,1/8/2025,707.0,772.0,697.0,753.0,6.81,36597.0,830.0,560.1
RURU,1/9/2025,759.8,774.0,745.0,772.0,2.52,60889.0,830.0,560.1
RURU,1/12/2025,784.0,784.0,753.1,756.0,-2.07,24794.0,830.0,560.1
RURU,1/13/2025,743.0,753.0,726.2,729.0,-3.57,23271.0,830.0,560.1
RURU,1/15/2025,728.9,759.8,728.9,750.0,2.88,23773.0,830.0,560.1
RURU,1/16/2025,761.0,761.0,740.0,741.0,-1.2,10782.0,830.0,560.1
RURU,1/19/2025,736.1,750.6,736.1,744.0,0.4,7633.0,830.0,560.1
RURU,1/20/2025,740.0,753.0,730.0,735.0,-1.21,13232.0,830.0,560.1
RURU,1/21/2025,736.0,742.0,731.2,731.2,-0.52,8868.0,830.0,560.1
RURU,1/22/2025,730.1,745.0,730.1,735.0,0.52,7296.0,830.0,560.1
RURU,1/23/2025,749.0,749.0,723.0,726.8,-1.12,16101.0,830.0,560.1
RURU,1/26/2025,735.0,756.0,727.1,734.1,1.0,23397.0,830.0,560.1
RURU,1/27/2025,730.0,755.0,727.5,746.5,1.69,50434.0,830.0,560.1
RURU,1/28/2025,760.0,775.2,746.0,770.0,3.15,69715.0,830.0,560.1
RURU,2/2/2025,774.6,805.0,774.6,785.0,1.95,92382.0,830.0,560.1
RURU,2/3/2025,785.0,800.0,765.1,769.9,-1.92,35252.0,830.0,560.1
RURU,2/4/2025,755.0,800.0,755.0,761.8,-1.05,27019.0,830.0,560.1
RURU,2/5/2025,763.4,775.0,755.0,755.1,-0.88,26968.0,830.0,560.1
RURU,2/6/2025,750.0,776.9,750.0,770.0,1.97,36820.0,830.0,560.1
RURU,2/9/2025,779.9,779.9,752.2,763.0,-0.91,17915.0,830.0,560.1
RURU,2/10/2025,770.0,770.0,742.0,753.9,-1.19,22752.0,830.0,560.1
RURU,2/11/2025,768.0,768.0,750.1,755.0,0.15,14163.0,830.0,560.1
RURU,2/12/2025,769.9,769.9,750.0,750.0,-0.66,21153.0,830.0,560.1
RURU,2/13/2025,740.1,759.9,740.1,750.0,0.0,25345.0,830.0,560.1
RURU,2/16/2025,748.0,755.5,748.0,752.0,0.27,21949.0,830.0,560.1
RURU,2/17/2025,759.0,762.0,752.5,757.9,0.78,29752.0,830.0,560.1
RURU,2/18/2025,770.0,770.0,751.0,751.0,-0.91,22484.0,830.0,560.1
RURU,2/20/2025,765.4,765.4,745.1,755.0,0.53,20591.0,830.0,560.1
RURU,2/23/2025,740.9,764.9,740.0,759.0,0.53,37845.0,830.0,560.1
RURU,2/24/2025,765.0,804.0,765.0,789.0,3.95,113455.0,830.0,560.1
RURU,2/25/2025,794.0,794.0,770.0,778.0,-1.39,36296.0,830.0,560.1
RURU,2/27/2025,772.1,780.0,770.0,774.1,-0.5,33942.0,830.0,560.1
RURU,3/2/2025,789.5,800.0,775.0,791.0,2.18,52129.0,830.0,560.1
RURU,3/3/2025,791.0,833.0,791.0,810.0,2.4,116434.0,830.0,560.1
RURU,3/4/2025,811.0,821.0,784.1,785.0,-3.09,47111.0,830.0,560.1
RURU,3/5/2025,790.0,796.0,785.0,789.0,0.51,49877.0,830.0,560.1
RURU,3/6/2025,800.0,818.0,785.1,812.9,3.03,82366.0,830.0,560.1
RURU,3/9/2025,815.0,820.0,785.0,800.0,-1.59,47051.0,830.0,560.1
RURU,3/10/2025,805.0,811.0,780.0,785.0,-1.88,33678.0,830.0,560.1
RURU,3/11/2025,786.1,802.0,771.0,775.0,-1.27,42598.0,830.0,560.1
RURU,3/12/2025,790.0,794.9,776.0,777.5,0.32,19855.0,830.0,560.1
RURU,3/16/2025,793.0,793.0,762.0,770.0,-0.96,27559.0,830.0,560.1
RURU,3/17/2025,770.0,780.0,760.0,765.0,-0.65,12403.0,830.0,560.1
RURU,3/18/2025,770.0,774.0,755.0,768.0,0.39,17557.0,830.0,560.1
RURU,3/19/2025,760.0,775.0,747.0,747.0,-2.73,18232.0,830.0,560.1
RURU,3/20/2025,761.9,761.9,743.0,745.96,-0.14,11272.0,830.0,560.1
RURU,3/23/2025,750.0,760.0,725.0,726.83,-2.56,16906.0,830.0,560.1
RURU,3/24/2025,722.0,757.0,722.0,736.8,1.37,12985.0,830.0,560.1
RURU,3/25/2025,736.8,736.8,711.3,712.32,-3.32,10641.0,830.0,560.1
RURU,3/26/2025,726.5,735.0,716.0,725.44,1.84,16245.0,830.0,560.1
RURU,3/27/2025,712.0,739.0,712.0,736.37,1.51,14340.0,830.0,560.1
RURU,3/30/2025,749.9,750.0,730.1,739.91,0.48,21773.0,830.0,560.1
RURU,4/1/2025,750.0,750.0,720.0,724.85,-2.04,23148.0,830.0,560.1
RURU,4/2/2025,739.2,747.5,720.0,723.65,-0.17,26669.0,830.0,560.1
RURU,4/3/2025,737.0,744.0,715.4,725.81,0.3,21783.0,830.0,560.1
RURU,4/7/2025,719.5,730.0,715.0,717.27,-1.18,7793.0,830.0,560.1
RURU,4/8/2025,711.0,720.0,707.1,714.89,-0.33,8130.0,830.0,560.1
RURU,4/9/2025,729.0,729.0,712.5,718.33,0.48,6609.0,830.0,560.1
RURU,4/10/2025,719.0,731.0,716.0,720.96,0.37,12677.0,830.0,560.1
RURU,4/13/2025,731.9,731.9,710.0,713.66,-1.01,6458.0,830.0,560.1
RURU,4/15/2025,710.0,731.0,710.0,723.22,1.34,9419.0,830.0,560.1
RURU,4/16/2025,730.0,743.5,719.0,741.18,2.48,8235.0,830.0,560.1
RURU,4/17/2025,753.0,754.7,727.1,740.95,-0.03,13019.0,830.0,560.1
RURU,4/20/2025,749.0,754.5,730.0,737.96,-0.4,10839.0,830.0,560.1
RURU,4/21/2025,740.0,780.0,732.1,765.45,3.73,64416.0,830.0,560.1
RURU,4/22/2025,765.0,780.0,737.1,740.01,-3.32,49988.0,830.0,560.1
RURU,4/23/2025,738.0,745.0,710.1,715.68,-3.29,15807.0,830.0,560.1
RURU,4/24/2025,729.0,741.9,704.3,712.67,-0.42,25331.0,830.0,560.1
RURU,4/27/2025,725.0,740.0,716.0,718.92,0.88,17139.0,830.0,560.1
RURU,4/28/2025,724.9,732.0,707.1,709.62,-1.29,14175.0,830.0,560.1
RURU,4/29/2025,710.0,718.1,707.0,713.16,0.5,12917.0,830.0,560.1
RURU,4/30/2025,726.9,726.9,705.5,718.93,0.81,13927.0,830.0,560.1
RURU,5/4/2025,720.1,721.9,705.0,709.25,-1.35,12665.0,830.0,560.1
RURU,5/5/2025,705.2,714.9,700.0,701.88,-1.04,10188.0,830.0,560.1
RURU,5/6/2025,715.9,715.9,702.0,705.12,0.46,7797.0,830.0,560.1
RURU,5/7/2025,705.0,729.0,700.2,711.12,0.85,15084.0,830.0,560.1
RURU,5/8/2025,713.0,724.6,710.0,716.43,0.75,17542.0,830.0,560.1
RURU,5/11/2025,707.0,716.1,705.2,709.88,-0.91,9092.0,830.0,560.1
RURU,5/13/2025,709.1,710.0,700.1,702.32,-1.06,10537.0,830.0,560.1
RURU,5/14/2025,705.0,707.0,692.1,695.82,-0.93,11472.0,830.0,560.1
RURU,5/15/2025,688.1,705.0,688.1,693.42,-0.34,8813.0,830.0,560.1
RURU,5/18/2025,700.0,707.0,690.0,690.51,-0.42,9253.0,830.0,560.1
RURU,5/19/2025,700.0,702.5,687.0,688.03,-0.36,8730.0,830.0,560.1
RURU,5/20/2025,686.5,714.0,686.5,711.05,3.35,12497.0,830.0,560.1
RURU,5/21/2025,725.0,750.0,700.0,701.26,-1.38,8613.0,830.0,560.1
RURU,5/22/2025,714.8,714.8,698.0,699.48,-0.25,16231.0,830.0,560.1
RURU,5/25/2025,711.0,711.0,699.2,699.84,0.05,5472.0,830.0,560.1
RURU,5/26/2025,713.0,713.0,695.0,695.37,-0.64,24896.0,830.0,560.1
RURU,5/27/2025,708.9,708.9,685.0,687.14,-1.18,12497.0,830.0,560.1
RURU,5/28/2025,690.0,699.9,690.0,692.44,0.77,9112.0,830.0,560.1
RURU,6/2/2025,700.0,719.0,690.1,693.03,0.09,14631.0,830.0,560.1
RURU,6/3/2025,700.0,700.0,685.0,687.79,-0.76,9243.0,830.0,560.1
RURU,6/4/2025,688.0,698.0,679.0,680.57,-1.05,4394.0,830.0,560.1
RURU,6/5/2025,681.0,694.1,680.0,687.51,1.02,12611.0,830.0,560.1
RURU,6/8/2025,690.0,699.0,685.1,689.92,0.35,8995.0,830.0,560.1
RURU,6/9/2025,700.0,709.0,685.2,704.52,2.12,17962.0,830.0,560.1
RURU,6/10/2025,705.1,720.0,705.0,710.56,0.86,31148.0,830.0,560.1
RURU,6/11/2025,703.0,750.0,703.0,742.6,4.51,46209.0,830.0,560.1
RURU,6/12/2025,750.0,783.2,743.4,749.36,0.91,59434.0,830.0,560.1
RURU,6/15/2025,760.0,760.0,733.0,734.17,-2.03,46414.0,830.0,560.1
RURU,6/16/2025,734.0,748.0,710.0,718.81,-2.09,38670.0,830.0,560.1
RURU,6/17/2025,705.0,733.0,705.0,717.22,-0.22,6187.0,830.0,560.1
RURU,6/18/2025,707.0,725.0,707.0,721.15,0.55,27827.0,830.0,560.1
RURU,6/19/2025,721.0,735.0,715.5,731.66,1.46,26445.0,830.0,560.1
RURU,6/22/2025,731.0,740.0,715.1,716.61,-2.06,14076.0,830.0,560.1
RURU,6/23/2025,705.0,725.0,705.0,711.51,-0.71,11315.0,830.0,560.1
RURU,6/24/2025,725.7,735.0,711.2,713.15,0.23,13662.0,830.0,560.1
RURU,6/25/2025,706.0,720.0,706.0,715.36,0.31,10725.0,830.0,560.1
RURU,6/26/2025,703.0,729.0,703.0,712.89,-0.35,9116.0,830.0,560.1
RURU,6/29/2025,699.0,724.8,699.0,714.07,0.17,8716.0,830.0,560.1
RURU,6/30/2025,700.0,723.4,700.0,712.1,-0.28,7738.0,830.0,560.1
RURU,7/1/2025,700.0,726.0,700.0,724.33,1.72,12048.0,830.0,560.1
RURU,7/2/2025,725.0,729.0,717.0,721.12,-0.44,17836.0,830.0,560.1
RURU,7/3/2025,734.0,735.5,716.1,719.05,-0.29,9935.0,830.0,560.1
RURU,7/6/2025,707.3,732.0,707.2,713.04,-0.84,12518.0,830.0,560.1
RURU,7/7/2025,701.0,729.3,700.0,700.32,-1.78,23499.0,830.0,560.1
RURU,7/8/2025,714.0,723.0,700.0,714.25,1.99,7528.0,830.0,560.1
RURU,7/9/2025,700.0,728.0,700.0,709.56,-0.66,8241.0,830.0,560.1
RURU,7/10/2025,722.0,722.0,710.0,711.37,0.26,9081.0,830.0,560.1
RURU,7/13/2025,725.0,725.0,714.0,714.52,0.44,8306.0,830.0,560.1
RURU,7/14/2025,710.0,723.0,710.0,718.47,0.55,13451.0,830.0,560.1
RURU,7/15/2025,716.0,723.0,715.0,716.39,-0.29,12741.0,830.0,560.1
RURU,7/16/2025,710.0,737.0,710.0,728.94,1.75,53606.0,830.0,560.1
RURU,7/17/2025,739.0,750.0,736.9,742.31,1.83,34412.0,830.0,560.1
RURU,7/20/2025,748.0,760.0,736.8,744.48,0.29,29765.0,830.0,560.1
RURU,7/21/2025,750.0,771.9,721.0,750.13,0.76,56843.0,830.0,560.1
RURU,7/22/2025,736.0,817.0,736.0,792.05,5.59,52768.0,830.0,560.1
RURU,7/23/2025,784.2,798.0,771.0,777.24,-1.87,25470.0,830.0,560.1
RURU,7/24/2025,762.0,853.0,762.0,812.81,4.58,47690.0,830.0,560.1
RURU,7/27/2025,797.0,844.0,795.8,809.73,-0.38,52384.0,830.0,560.1
RURU,7/28/2025,794.0,825.9,780.0,800.32,-1.16,45711.0,830.0,560.1
RURU,7/29/2025,810.0,816.0,795.0,796.16,-0.52,19504.0,830.0,560.1
RURU,7/30/2025,783.0,797.0,764.5,768.45,-3.48,33189.0,830.0,560.1
RURU,7/31/2025,770.0,783.7,764.0,767.81,-0.08,20577.0,830.0,560.1
RURU,8/3/2025,760.0,773.0,748.0,750.26,-2.29,22226.0,830.0,560.1
RURU,8/4/2025,765.2,770.0,736.0,746.0,-0.57,23445.0,830.0,560.1
RURU,8/5/2025,732.1,760.0,732.1,737.93,-1.08,18731.0,830.0,560.1
RURU,8/6/2025,752.6,754.0,736.0,748.02,1.37,12520.0,830.0,560.1
RURU,8/7/2025,737.1,762.5,737.1,754.03,0.8,11478.0,830.0,560.1
RURU,8/11/2025,749.0,780.0,749.0,752.75,-0.17,31087.0,830.0,560.1
RURU,8/12/2025,740.0,759.0,740.0,742.59,-1.35,14422.0,830.0,560.1
RURU,8/13/2025,740.0,755.0,740.0,743.1,0.07,8862.0,830.0,560.1
RURU,8/14/2025,729.0,755.7,729.0,741.56,-0.21,6077.0,830.0,560.1
RURU,8/17/2025,730.1,770.0,730.1,742.16,0.08,17328.0,830.0,560.1
RURU,8/18/2025,730.1,757.0,730.1,747.16,0.67,7013.0,830.0,560.1
RURU,8/19/2025,744.1,758.0,744.1,754.55,0.99,5312.0,830.0,560.1
RURU,8/20/2025,745.1,758.0,740.1,742.18,-1.64,10363.0,830.0,560.1
RURU,8/21/2025,728.0,756.9,728.0,740.73,-0.2,7852.0,830.0,560.1
RURU,8/24/2025,726.0,765.0,726.0,740.32,-0.06,29336.0,830.0,560.1
RURU,8/25/2025,735.1,748.0,735.1,743.58,0.44,5835.0,830.0,560.1
RURU,8/26/2025,740.0,747.0,740.0,740.25,-0.45,2422.0,830.0,560.1
RURU,8/27/2025,726.0,755.0,726.0,745.4,0.7,8825.0,830.0,560.1
RURU,8/28/2025,745.4,750.0,733.2,736.42,-1.2,11034.0,830.0,560.1
RURU,8/31/2025,725.0,746.7,723.4,733.76,-0.36,8285.0,830.0,560.1
RURU,9/1/2025,725.3,737.0,725.3,729.47,-0.58,6044.0,830.0,560.1
RURU,9/2/2025,729.0,734.9,726.0,726.14,-0.46,7659.0,830.0,560.1
RURU,9/3/2025,724.5,734.6,724.4,728.54,0.33,3692.0,830.0,560.1
RURU,9/4/2025,715.0,727.6,715.0,724.65,-0.53,10623.0,830.0,560.1
RURU,9/7/2025,711.0,734.4,711.0,723.24,-0.19,6905.0,830.0,560.1
RURU,9/8/2025,710.0,720.0,702.0,710.1,-1.82,7642.0,830.0,560.1
RURU,9/18/2025,695.9,695.9,650.0,650.0,-8.46,1036.0,830.0,560.1
RURU,9/21/2025,640.0,706.0,640.0,697.43,7.3,10739.0,830.0,560.1
RURU,9/23/2025,690.0,726.2,690.0,726.0,4.1,8028.0,830.0,560.1
RURU,9/24/2025,716.0,728.9,716.0,720.0,-0.83,5071.0,830.0,560.1
RURU,9/25/2025,724.0,736.0,711.0,719.6,-0.06,6972.0,830.0,560.1
RURU,9/28/2025,733.9,733.9,720.0,725.5,0.82,1553.0,830.0,560.1
RURU,10/7/2025,711.0,733.0,711.0,733.0,1.03,10955.0,830.0,560.1
RURU,10/8/2025,736.0,747.0,703.2,724.9,-1.11,9919.0,830.0,560.1
RURU,10/9/2025,739.0,753.0,715.0,737.4,1.72,16627.0,830.0,560.1
RURU,10/12/2025,723.0,729.3,696.0,715.8,-2.93,8753.0,830.0,560.1
RURU,10/13/2025,710.0,720.0,697.1,720.0,0.59,22318.0,830.0,560.1
RURU,10/14/2025,711.0,720.0,707.0,711.5,-1.18,2218.0,830.0,560.1
RURU,10/15/2025,711.5,711.9,685.0,700.0,-1.62,6673.0,830.0,560.1
RURU,10/16/2025,687.0,700.0,686.1,689.9,-1.44,5058.0,830.0,560.1
RURU,10/19/2025,694.0,717.0,677.4,706.9,2.46,4886.0,830.0,560.1
RURU,10/26/2025,695.0,714.9,681.2,699.0,-1.12,4483.0,830.0,560.1
RURU,10/28/2025,690.0,725.1,690.0,711.1,1.73,7768.0,830.0,560.1
RURU,10/29/2025,705.0,737.0,695.1,695.2,-2.24,7693.0,830.0,560.1
RURU,10/30/2025,705.0,725.0,702.1,720.9,3.7,8856.0,830.0,560.1
RURU,11/2/2025,725.0,735.0,724.0,727.0,0.85,6775.0,830.0,560.1
RURU,11/3/2025,727.0,733.0,715.0,730.5,0.48,44081.0,830.0,560.1
RURU,11/4/2025,737.0,760.0,720.1,744.0,1.85,56036.0,830.0,560.1
RURU,11/5/2025,730.0,757.0,730.0,746.2,0.3,17553.0,830.0,560.1
RURU,11/6/2025,755.0,760.0,745.0,755.0,1.18,18367.0,830.0,560.1
RURU,11/9/2025,740.0,830.0,740.0,830.0,9.93,29757.0,830.0,560.1
RURU,11/10/2025,813.4,813.4,749.3,759.9,-8.45,51255.0,830.0,560.1
RURU,11/11/2025,747.0,765.0,745.0,755.2,-0.62,14688.0,830.0,560.1
RURU,11/12/2025,740.1,754.8,736.0,754.8,-0.05,17764.0,830.0,560.1
RURU,11/13/2025,740.1,830.0,740.0,830.0,9.96,77482.0,830.0,560.1
RURU,11/16/2025,813.4,813.4,747.0,751.0,-9.52,47287.0,830.0,560.1
RURU,11/17/2025,736.0,754.0,736.0,751.0,0.0,24836.0,830.0,560.1
RURU,11/18/2025,751.0,760.0,742.0,752.9,0.25,55900.0,830.0,560.1
RURU,11/19/2025,750.1,759.8,750.0,757.0,0.54,22235.0,830.0,560.1
RURU,11/20/2025,742.0,786.0,742.0,757.9,0.12,13505.0,830.0,560.1
RURU,11/23/2025,743.0,758.9,743.0,758.9,0.13,12803.0,830.0,560.1
RURU,11/24/2025,747.0,755.0,747.0,748.0,-1.44,16306.0,830.0,560.1
RURU,11/25/2025,733.1,761.0,733.1,740.4,-1.02,11805.0,830.0,560.1
RURU,11/26/2025,725.6,765.0,725.6,747.0,0.89,6370.0,830.0,560.1
RURU,11/27/2025,750.0,760.0,745.0,760.0,1.74,16583.0,830.0,560.1
RURU,11/30/2025,745.0,764.0,745.0,752.5,-0.99,18508.0,830.0,560.1
RURU,12/1/2025,746.2,751.9,740.1,746.0,-0.86,9884.0,830.0,560.1
RURU,12/2/2025,746.0,750.0,741.2,748.0,0.27,8482.0,830.0,560.1
RURU,12/3/2025,733.5,750.0,733.5,740.0,-1.07,11055.0,830.0,560.1
RURU,12/7/2025,740.0,748.0,732.0,732.0,-1.08,10645.0,830.0,560.1
RURU,12/8/2025,745.0,745.0,724.0,728.5,-0.48,6608.0,830.0,560.1
RURU,12/9/2025,724.0,735.9,722.0,731.8,0.45,9301.0,830.0,560.1
RURU,12/10/2025,717.2,736.4,717.2,729.0,-0.38,6259.0,830.0,560.1
RURU,12/11/2025,714.5,734.0,714.5,722.2,-0.93,5066.0,830.0,560.1
RURU,12/14/2025,720.0,733.9,715.5,720.0,-0.3,18258.0,830.0,560.1
RURU,12/15/2025,715.0,729.0,715.0,725.8,0.81,6856.0,830.0,560.1
RURU,12/16/2025,725.0,730.0,718.1,727.0,0.17,4533.0,830.0,560.1
RURU,12/17/2025,720.1,727.0,720.1,727.0,0.0,5005.0,830.0,560.1
RURU,12/18/2025,721.0,725.0,716.5,722.9,-0.56,9042.0,830.0,560.1
RURU,12/21/2025,737.0,737.0,720.0,727.9,0.69,15178.0,830.0,560.1
RURU,12/22/2025,721.0,734.0,718.0,729.9,0.27,7089.0,830.0,560.1
RURU,12/23/2025,717.0,734.0,717.0,729.8,-0.01,6538.0,830.0,560.1
RURU,12/24/2025,720.0,737.0,720.0,727.0,-0.38,18045.0,830.0,560.1
RURU,12/28/2025,667.0,695.0,666.0,695.0,-4.4,16668.0,830.0,560.1
RURU,12/29/2025,704.8,704.9,678.0,687.0,-1.15,5540.0,830.0,560.1
RURU,12/31/2025,687.0,694.0,668.0,670.0,-2.47,45809.0,830.0,560.1
RURU,1/1/2026,670.0,682.0,668.0,670.5,0.07,7364.0,830.0,560.1
RURU,1/4/2026,665.1,678.0,665.0,670.0,-0.07,11991.0,830.0,560.1
RURU,1/5/2026,661.0,737.0,661.0,737.0,10.0,31821.0,830.0,560.1
RURU,1/6/2026,722.3,722.3,663.3,675.0,-8.41,140080.0,830.0,560.1
RURU,1/7/2026,671.0,680.0,665.0,670.0,-0.74,18198.0,830.0,560.1
RURU,1/8/2026,658.0,680.0,658.0,668.0,-0.3,9636.0,830.0,560.1
RURU,1/12/2026,679.5,681.3,656.0,656.0,-1.8,23160.0,830.0,560.1
RURU,1/13/2026,667.0,668.0,656.0,657.0,0.15,12019.0,830.0,560.1
RURU,1/14/2026,670.0,670.0,657.0,660.0,0.46,11062.0,830.0,560.1
RURU,1/18/2026,673.0,673.0,660.0,665.0,0.76,13344.0,830.0,560.1
RURU,1/20/2026,675.0,678.0,667.1,669.0,0.6,22592.0,830.0,560.1
RURU,1/21/2026,671.0,676.0,665.0,668.0,-0.15,11114.0,830.0,560.1
RURU,1/22/2026,670.0,676.0,667.0,675.0,1.05,12444.0,830.0,560.1
RURU,1/25/2026,687.0,687.0,675.0,683.0,1.19,13941.0,830.0,560.1
RURU,1/26/2026,680.0,689.9,673.0,682.0,-0.15,27394.0,830.0,560.1
RURU,1/27/2026,673.1,684.0,670.0,670.0,-1.76,13955.0,830.0,560.1
RURU,1/28/2026,673.0,680.0,661.0,676.0,0.9,9992.0,830.0,560.1
RURU,1/29/2026,677.0,681.0,667.0,668.5,-1.11,26026.0,830.0,560.1
RURU,2/1/2026,680.0,680.0,662.1,667.9,-0.09,10175.0,830.0,560.1
RURU,2/2/2026,670.0,670.0,661.0,664.0,-0.58,7695.0,830.0,560.1
RURU,2/3/2026,663.0,674.9,660.0,664.2,0.03,13418.0,830.0,560.1
RURU,2/4/2026,675.0,675.0,663.0,671.0,1.02,12521.0,830.0,560.1
RURU,2/5/2026,667.2,677.9,667.2,671.1,0.01,7709.0,830.0,560.1
RURU,2/8/2026,679.1,679.1,670.0,670.0,-0.16,15547.0,830.0,560.1
RURU,2/9/2026,665.1,677.0,659.0,667.0,-0.45,20351.0,830.0,560.1
RURU,2/10/2026,656.0,670.0,656.0,659.1,-1.18,10708.0,830.0,560.1
RURU,2/11/2026,670.0,679.0,656.0,665.0,0.9,8386.0,830.0,560.1
RURU,2/12/2026,665.0,668.0,656.0,657.0,-1.2,16906.0,830.0,560.1
RURU,2/16/2026,658.1,670.0,654.0,654.0,-0.46,17022.0,830.0,560.1
RURU,2/17/2026,654.0,667.0,650.0,660.0,0.92,5153.0,830.0,560.1
RURU,2/22/2026,650.1,654.0,645.0,649.0,-1.67,7259.0,830.0,560.1
RURU,2/23/2026,649.2,658.8,649.0,649.0,0.0,2899.0,830.0,560.1
RURU,2/24/2026,649.0,656.0,645.2,653.0,0.62,2926.0,830.0,560.1
RURU,2/25/2026,663.0,663.0,650.0,654.9,0.29,3547.0,830.0,560.1
RURU,2/26/2026,651.0,660.0,650.0,657.6,0.41,2711.0,830.0,560.1
RURU,2/27/2026,651.0,660.0,650.0,657.6,0.0,2711.0,830.0,560.1
RURU,2/28/2026,651.0,660.0,650.0,657.6,0.0,2711.0,830.0,560.1
RURU,3/2/2026,645.1,665.0,644.5,660.0,0.36,6572.0,830.0,560.1
RURU,3/3/2026,669.8,673.0,656.2,668.9,1.35,5521.0,830.0,560.1
RURU,3/4/2026,669.8,673.0,656.2,668.9,0.0,5521.0,830.0,560.1
RURU,3/5/2026,669.8,673.0,656.2,668.9,0.0,5521.0,830.0,560.1
RURU,3/6/2026,669.8,673.0,656.2,668.9,0.0,5521.0,830.0,560.1
RURU,3/7/2026,669.8,673.0,656.2,668.9,0.0,5521.0,830.0,560.1
RURU,3/8/2026,669.8,673.0,656.2,668.9,0.0,5521.0,830.0,560.1
RURU,3/9/2026,682.2,709.5,682.2,709.5,6.07,276.0,830.0,560.1
RURU,3/10/2026,715.0,715.0,682.1,690.0,-2.75,18968.0,830.0,560.1
RURU,3/11/2026,703.8,703.8,673.3,675.0,-2.17,14319.0,830.0,560.1
RURU,3/12/2026,685.8,699.0,670.6,699.0,3.56,16487.0,830.0,560.1
RURU,3/13/2026,685.8,699.0,670.6,699.0,0.0,16487.0,830.0,560.1
RURU,3/14/2026,685.8,699.0,670.6,699.0,0.0,16487.0,830.0,560.1
RURU,3/15/2026,699.0,705.0,683.0,698.0,-0.14,5823.0,830.0,560.1
RURU,3/16/2026,685.0,695.0,676.0,689.0,-1.29,10233.0,830.0,560.1
RURU,3/17/2026,680.0,686.9,675.3,680.0,-1.31,6929.0,830.0,560.1
RURU,3/18/2026,680.0,686.9,675.3,680.0,0.0,6929.0,830.0,560.1
RURU,3/19/2026,692.8,692.8,680.0,680.2,0.03,19942.0,830.0,560.1
RURU,3/20/2026,692.8,692.8,680.0,680.2,0.0,19942.0,830.0,560.1
RURU,3/21/2026,692.8,692.8,680.0,680.2,0.0,19942.0,830.0,560.1
RURU,3/22/2026,692.0,692.0,679.0,689.0,1.29,21224.0,830.0,560.1
RURU,3/23/2026,689.0,692.0,678.1,687.9,-0.16,8412.0,830.0,560.1
RURU,3/24/2026,681.2,701.0,681.1,699.9,1.74,27975.0,830.0,560.1
RURU,3/25/2026,705.8,708.8,686.0,687.0,-1.84,25491.0,830.0,560.1
RURU,3/26/2026,685.0,699.7,685.0,688.8,0.55,7910.0,830.0,560.1
RURU,3/29/2026,702.0,710.0,678.1,697.9,-0.58,57028.0,830.0,560.1
RURU,3/30/2026,694.0,695.0,680.0,680.0,-2.02,13616.0,830.0,560.1
RURU,3/31/2026,693.0,693.0,667.2,683.0,-1.44,9821.0,830.0,560.1
RURU,4/1/2026,695.9,695.9,660.0,670.0,-3.72,16296.0,830.0,560.1
RURU,4/2/2026,657.0,673.1,643.6,663.0,0.91,7310.0,830.0,560.1
RURU,4/5/2026,650.0,660.0,631.0,636.0,-2.15,19672.0,830.0,560.1
RURU,4/6/2026,638.0,657.9,638.0,654.0,2.51,15220.0,830.0,560.1
RURU,4/7/2026,658.1,667.0,645.0,648.0,-1.53,7375.0,830.0,560.1
RURU,4/8/2026,660.9,670.0,654.0,670.0,1.38,9980.0,830.0,560.1
RURU,4/9/2026,670.0,680.0,668.0,671.1,0.16,11527.0,830.0,560.1
RURU,4/10/2026,679.9,679.9,667.0,672.0,-1.16,16509.0,830.0,560.1
RURU,4/13/2026,670.0,684.0,658.6,676.0,0.9,20604.0,830.0,560.1
RURU,4/15/2026,688.0,688.0,666.4,683.6,-0.64,22553.0,830.0,560.1
RURU,4/16/2026,673.0,681.9,672.1,677.5,0.67,24600.0,830.0,560.1
RURU,4/17/2026,685.0,685.0,674.0,680.6,-0.64,7487.0,830.0,560.1
RURU,4/20/2026,665.6,684.0,661.0,671.3,0.86,5185.0,830.0,560.1
RURU,4/21/2026,671.3,674.0,667.2,670.0,-0.19,2773.0,830.0,560.1
RURU,4/22/2026,667.0,670.0,659.0,668.0,0.15,9524.0,830.0,560.1
RURU,4/23/2026,668.0,673.0,661.0,661.2,-1.02,2448.0,830.0,560.1
RURU,4/24/2026,661.2,660.0,655.1,657.1,-0.62,2906.0,830.0,560.1
RURU,4/27/2026,657.1,666.0,657.0,660.1,0.46,2874.0,830.0,560.1
RURU,4/28/2026,660.1,669.0,651.2,665.0,0.74,3860.0,830.0,560.1
RURU,4/29/2026,665.0,660.0,650.0,655.0,-1.5,2267.0,830.0,560.1
RURU,4/30/2026,643.0,665.3,641.2,650.1,1.1,5680.0,830.0,560.1
RURU,5/4/2026,650.0,655.0,635.0,635.0,-2.31,15723.0,830.0,560.1
RURU,5/5/2026,640.0,650.0,636.0,649.9,1.55,3899.0,830.0,560.1
RURU,5/6/2026,641.0,659.0,641.0,642.9,0.3,4182.0,830.0,560.1
RURU,5/7/2026,642.0,655.0,638.4,649.5,1.17,1651.0,830.0,560.1
RURU,5/8/2026,649.5,654.0,641.1,654.0,0.69,3558.0,830.0,560.1
RURU,5/11/2026,658.0,665.0,654.0,658.0,0.0,5833.0,830.0,560.1
RURU,5/12/2026,658.0,670.0,649.0,649.9,-1.23,4127.0,830.0,560.1
RURU,5/13/2026,644.0,660.0,644.0,649.9,0.92,10785.0,830.0,560.1
RURU,5/14/2026,682.3,682.3,643.0,650.0,-4.73,6494.0,830.0,560.1
RURU,5/15/2026,682.5,682.5,646.0,647.2,-5.17,8099.0,830.0,560.1
RURU,5/18/2026,647.2,654.0,647.2,651.0,0.59,5414.0,830.0,560.1
RURU,5/19/2026,651.0,652.0,645.1,651.0,0.0,2723.0,830.0,560.1
RURU,5/20/2026,654.0,665.0,650.0,665.0,1.68,4511.0,830.0,560.1
RURU,5/21/2026,650.1,665.0,650.1,660.0,1.52,7943.0,830.0,560.1
RURU,5/22/2026,651.1,663.0,651.1,660.0,1.37,4800.0,830.0,560.1
RURU,5/25/2026,670.0,670.0,655.0,666.0,-0.6,5280.0,830.0,560.1
RURU,5/26/2026,668.0,670.0,659.0,667.0,-0.15,7814.0,830.0,560.1
RURU,5/27/2026,650.0,685.0,650.0,669.9,3.06,11618.0,830.0,560.1
RURU,6/1/2026,660.0,669.5,650.0,657.0,-0.45,5524.0,830.0,560.1
RURU,6/2/2026,675.0,675.0,655.0,655.0,-2.96,7273.0,830.0,560.1
RURU,6/3/2026,651.0,658.0,651.0,658.0,1.08,2267.0,830.0,560.1
RURU,6/4/2026,655.2,657.0,652.0,657.0,0.27,3145.0,830.0,560.1
RURU,6/5/2026,657.0,657.0,652.2,656.0,-0.15,2808.0,830.0,560.1
RURU,6/8/2026,656.0,662.0,645.2,656.0,0.0,5476.0,830.0,560.1
RURU,6/9/2026,680.0,680.0,645.7,650.1,-4.4,9052.0,830.0,560.1
RURU,6/10/2026,646.0,652.1,646.0,650.1,0.63,3269.0,830.0,560.1
RURU,6/11/2026,647.0,652.7,645.4,648.0,0.15,3923.0,830.0,560.1
RURU,6/12/2026,645.1,649.8,641.1,649.8,0.73,15100.0,830.0,560.1
RURU,6/15/2026,640.0,655.0,640.0,648.0,1.25,12826.0,830.0,560.1
RURU,6/16/2026,645.0,654.0,645.0,646.0,0.16,5014.0,830.0,560.1
RURU,6/17/2026,648.0,648.0,645.3,646.0,-0.31,11547.0,830.0,560.1
RURU,6/18/2026,646.0,650.0,645.0,645.0,-0.15,2493.0,830.0,560.1
RURU,6/19/2026,642.1,650.0,641.0,646.5,0.69,6811.0,830.0,560.1
RURU,6/22/2026,645.0,649.8,645.0,646.0,0.16,8203.0,830.0,560.1
RURU,6/23/2026,645.0,650.0,645.0,646.0,0.16,2279.0,830.0,560.1
RURU,6/24/2026,640.0,647.0,639.0,642.5,0.39,3642.0,830.0,560.1
RURU,6/26/2026,644.0,655.0,643.0,643.1,-0.14,7158.0,830.0,560.1
RURU,6/29/2026,640.0,644.0,637.0,639.0,-0.16,620.0,830.0,560.1
RURU,6/30/2026,639.0,639.0,635.1,637.0,-0.31,3418.0,830.0,560.1
RURU,7/1/2026,630.1,655.0,630.1,642.0,1.89,6461.0,830.0,560.1
RURU,7/2/2026,656.0,660.0,607.1,644.9,-1.69,5276.0,830.0,560.1
RURU,7/3/2026,640.1,649.0,640.1,641.2,0.17,4841.0,830.0,560.1
RURU,7/6/2026,659.9,659.9,635.0,636.1,-3.61,1336.0,830.0,560.1
RURU,7/7/2026,636.0,640.0,618.0,637.0,0.16,6337.0,830.0,560.1
RURU,7/8/2026,635.0,635.0,622.0,625.0,-1.57,2498.0,830.0,560.1
RURU,7/9/2026,621.1,625.0,620.1,621.0,-0.02,1667.0,830.0,560.1
RURU,7/10/2026,620.0,632.0,612.0,612.0,-1.29,4126.0,830.0,560.1
RURU,7/13/2026,610.0,616.0,600.0,602.5,-1.23,4144.0,830.0,560.1
RURU,7/14/2026,591.0,616.0,591.0,615.0,4.06,3316.0,830.0,560.1
RURU,7/15/2026,623.0,623.0,603.0,603.0,-3.21,3491.0,830.0,560.1
RURU,7/16/2026,603.2,618.0,599.0,618.0,2.45,8361.0,830.0,560.1
RURU,7/17/2026,636.5,636.5,617.5,619.0,-2.75,5670.0,830.0,560.1
RURU,7/20/2026,632.0,635.0,620.7,634.0,0.32,12374.0,830.0,560.1
RURU,7/21/2026,625.0,645.0,623.0,633.0,1.28,7037.0,830.0,560.1
RURU,7/22/2026,621.2,633.0,621.2,626.4,0.84,4499.0,830.0,560.1
RURU,7/23/2026,625.0,634.9,625.0,634.0,1.44,6452.0,830.0,560.1
RURU,7/24/2026,633.0,647.9,626.0,631.0,-0.32,4884.0,830.0,560.1
RURU,7/27/2026,649.0,649.0,608.2,627.5,-3.31,8550.0,830.0,560.1
RURU,7/28/2026,627.5,627.5,610.1,620.2,-1.16,1643.0,830.0,560.1
RURU,7/29/2026,620.0,628.0,610.0,618.0,-0.32,1585.0,830.0,560.1
RURU,7/30/2026,629.0,630.0,612.0,614.5,-2.31,2379.0,830.0,560.1
RURU,7/31/2026,614.0,623.9,614.0,614.1,0.02,387.0,830.0,560.1
RURU,8/3/2026,615.0,619.0,610.0,613.0,-0.33,6021.0,830.0,560.1
RURU,8/4/2026,604.0,614.9,604.0,610.5,1.08,1958.0,830.0,560.1
RURU,8/5/2026,603.1,619.0,603.1,615.0,1.97,3419.0,830.0,560.1
RURU,8/6/2026,615.0,619.0,610.0,612.1,-0.47,4791.0,830.0,560.1
RURU,8/7/2026,604.0,640.6,604.0,614.0,1.66,10900.0,830.0,560.1
RURU,8/10/2026,605.0,611.0,605.0,609.0,0.66,2780.0,830.0,560.1
RURU,8/11/2026,610.0,619.9,606.1,607.0,-0.49,3391.0,830.0,560.1
RURU,8/12/2026,611.0,615.0,608.1,608.1,-0.47,1239.0,830.0,560.1
RURU,8/13/2026,610.0,618.9,607.2,610.1,0.02,2093.0,830.0,560.1
RURU,8/14/2026,610.0,618.6,609.0,610.6,0.1,1681.0,830.0,560.1
RURU,8/17/2026,611.0,611.0,607.2,610.0,-0.16,5324.0,830.0,560.1
RURU,8/18/2026,605.0,610.0,603.0,605.0,0.0,1933.0,830.0,560.1
RURU,8/19/2026,603.0,630.0,590.0,600.0,-0.5,11931.0,830.0,560.1
RURU,8/20/2026,600.0,607.0,595.0,603.0,0.5,8453.0,830.0,560.1
RURU,8/21/2026,601.0,604.0,600.0,600.0,-0.17,4784.0,830.0,560.1
RURU,8/24/2026,596.2,600.0,590.0,595.0,-0.2,4361.0,830.0,560.1
RURU,8/25/2026,595.0,595.1,592.0,594.0,-0.17,5676.0,830.0,560.1
RURU,8/26/2026,586.0,599.0,586.0,586.0,0.0,5675.0,830.0,560.1
RURU,8/27/2026,575.1,585.0,564.0,585.0,1.72,1455.0,830.0,560.1
RURU,8/31/2026,570.1,582.0,570.1,572.1,0.35,656.0,830.0,560.1
RURU,9/1/2026,568.0,580.0,560.1,569.0,0.18,5364.0,830.0,560.1
RURU,9/2/2026,574.0,574.0,565.1,565.1,-1.55,3770.0,830.0,560.1
RURU,9/3/2026,567.0,579.0,565.1,572.5,0.97,3001.0,830.0,560.1
RURU,9/7/2026,570.6,606.0,570.6,585.0,2.52,2411.0,830.0,560.1
RURU,9/9/2026,573.1,590.0,573.1,590.0,2.95,327.0,830.0,560.1
RURU,9/10/2026,585.0,585.0,573.5,582.0,-0.51,369.0,830.0,560.1
RURU,9/11/2026,565.0,598.9,565.0,582.0,3.01,2878.0,830.0,560.1
RURU,9/14/2026,576.6,596.8,576.6,596.8,3.5,2689.0,830.0,560.1
RURU,9/15/2026,626.6,626.6,599.0,600.0,-4.25,11278.0,830.0,560.1
RURU,9/16/2026,630.0,630.0,590.0,596.9,-5.25,12181.0,830.0,560.1
RURU,9/17/2026,626.7,626.7,595.0,596.0,-4.9,1346.0,830.0,560.1
RURU,9/18/2026,596.0,600.0,595.2,595.5,-0.08,5626.0,830.0,560.1
RURU,9/22/2026,596.0,618.0,582.0,598.0,0.34,14402.0,830.0,560.1
RURU,9/23/2026,591.3,598.0,591.0,592.0,0.12,2755.0,830.0,560.1
RURU,9/24/2026,592.0,607.0,590.0,604.0,2.03,3435.0,830.0,560.1
RURU,9/28/2026,603.9,603.9,590.1,596.0,-1.31,3355.0,830.0,560.1
RURU,9/29/2026,592.0,592.1,583.2,0.0,-100.0,2335.0,830.0,560.1
RURU,9/30/2026,580.0,589.0,580.0,589.0,1.55,1520.0,830.0,560.1
RURU,10/1/2026,579.1,618.0,579.0,607.0,4.82,10193.0,830.0,560.1
RURU,10/2/2026,590.0,605.0,590.0,597.0,1.19,3712.0,830.0,560.1
SABBL,2/16/2026,300.0,330.0,300.0,330.0,,180.0,2000.0,300.0
SABBL,2/17/2026,333.3,363.0,333.3,363.0,10.0,120.0,2000.0,300.0
SABBL,2/22/2026,363.0,399.3,363.0,399.3,10.0,169.0,2000.0,300.0
SABBL,2/23/2026,395.4,439.2,395.4,439.2,9.99,250.0,2000.0,300.0
SABBL,2/24/2026,447.9,483.1,447.9,483.1,10.0,200.0,2000.0,300.0
SABBL,2/25/2026,478.3,531.4,478.3,531.4,10.0,370.0,2000.0,300.0
SABBL,2/26/2026,526.2,584.5,526.2,584.5,9.99,470.0,2000.0,300.0
SABBL,2/27/2026,526.2,584.5,526.2,584.5,0.0,470.0,2000.0,300.0
SABBL,2/28/2026,526.2,584.5,526.2,584.5,0.0,470.0,2000.0,300.0
SABBL,3/2/2026,578.8,642.9,578.8,642.9,9.99,690.0,2000.0,300.0
SABBL,3/3/2026,635.8,707.1,635.8,707.1,9.99,760.0,2000.0,300.0
SABBL,3/4/2026,635.8,707.1,635.8,707.1,0.0,760.0,2000.0,300.0
SABBL,3/5/2026,635.8,707.1,635.8,707.1,0.0,760.0,2000.0,300.0
SABBL,3/6/2026,635.8,707.1,635.8,707.1,0.0,760.0,2000.0,300.0
SABBL,3/7/2026,635.8,707.1,635.8,707.1,0.0,760.0,2000.0,300.0
SABBL,3/8/2026,635.8,707.1,635.8,707.1,0.0,760.0,2000.0,300.0
SABBL,3/9/2026,698.9,712.8,698.9,712.8,0.81,20.0,2000.0,300.0
SABBL,3/10/2026,727.0,784.0,727.0,784.0,9.99,1950.0,2000.0,300.0
SABBL,3/11/2026,780.0,862.4,780.0,862.4,10.0,1500.0,2000.0,300.0
SABBL,3/12/2026,879.6,948.6,879.6,948.6,10.0,2280.0,2000.0,300.0
SABBL,3/13/2026,879.6,948.6,879.6,948.6,0.0,2280.0,2000.0,300.0
SABBL,3/14/2026,879.6,948.6,879.6,948.6,0.0,2280.0,2000.0,300.0
SABBL,3/15/2026,950.0,1043.4,950.0,1043.4,9.99,4900.0,2000.0,300.0
SABBL,3/16/2026,1064.2,1147.7,1064.2,1147.7,10.0,6820.0,2000.0,300.0
SABBL,3/17/2026,1170.6,1262.4,1170.6,1262.4,9.99,6040.0,2000.0,300.0
SABBL,3/18/2026,1170.6,1262.4,1170.6,1262.4,0.0,6040.0,2000.0,300.0
SABBL,3/19/2026,1262.0,1388.6,1262.0,1388.6,10.0,12660.0,2000.0,300.0
SABBL,3/20/2026,1262.0,1388.6,1262.0,1388.6,0.0,12660.0,2000.0,300.0
SABBL,3/21/2026,1262.0,1388.6,1262.0,1388.6,0.0,12660.0,2000.0,300.0
SABBL,3/22/2026,1416.3,1527.4,1416.3,1527.4,10.0,48701.0,2000.0,300.0
SABBL,3/23/2026,1557.9,1680.1,1557.9,1680.1,10.0,180400.0,2000.0,300.0
SABBL,3/24/2026,1713.7,1848.1,1713.7,1848.1,10.0,33530.0,2000.0,300.0
SABBL,3/25/2026,1885.0,2000.0,1715.0,1719.0,-6.99,152335.0,2000.0,300.0
SABBL,3/26/2026,1700.0,1708.0,1600.0,1683.0,-1.0,111799.0,2000.0,300.0
SABBL,3/29/2026,1683.0,1700.0,1618.0,1624.0,-3.51,64843.0,2000.0,300.0
SABBL,3/30/2026,1624.0,1630.0,1574.0,1583.1,-2.52,69410.0,2000.0,300.0
SABBL,3/31/2026,1583.1,1638.0,1480.0,1620.0,2.33,80697.0,2000.0,300.0
SABBL,4/1/2026,1650.0,1650.0,1535.0,1536.0,-6.91,32686.0,2000.0,300.0
SABBL,4/2/2026,1507.0,1600.0,1483.0,1540.0,2.19,33239.0,2000.0,300.0
SABBL,4/5/2026,1540.0,1550.0,1432.0,1435.0,-6.82,52652.0,2000.0,300.0
SABBL,4/6/2026,1415.0,1500.0,1372.0,1475.0,4.24,38064.0,2000.0,300.0
SABBL,4/7/2026,1446.0,1503.0,1446.0,1451.0,0.35,19375.0,2000.0,300.0
SABBL,4/8/2026,1451.0,1550.0,1451.0,1530.1,5.45,43271.0,2000.0,300.0
SABBL,4/9/2026,1510.0,1570.0,1510.0,1527.0,1.13,31542.0,2000.0,300.0
SABBL,4/10/2026,1527.0,1632.0,1495.0,1589.0,4.06,46790.0,2000.0,300.0
SABBL,4/13/2026,1620.7,1699.0,1559.2,1610.0,-0.66,58338.0,2000.0,300.0
SABBL,4/15/2026,1600.0,1620.0,1555.0,1575.0,-1.56,31226.0,2000.0,300.0
SABBL,4/16/2026,1561.0,1562.0,1503.4,1517.0,-2.82,31586.0,2000.0,300.0
SABBL,4/17/2026,1510.0,1550.0,1470.0,1538.0,1.85,40617.0,2000.0,300.0
SABBL,4/20/2026,1530.0,1540.0,1495.0,1518.0,-0.78,26890.0,2000.0,300.0
SABBL,4/21/2026,1530.0,1630.0,1501.0,1570.0,2.61,74501.0,2000.0,300.0
SABBL,4/22/2026,1560.0,1581.0,1516.0,1540.0,-1.28,34748.0,2000.0,300.0
SABBL,4/23/2026,1465.0,1560.0,1465.0,1506.0,2.8,25962.0,2000.0,300.0
SABBL,4/24/2026,1485.1,1510.0,1465.0,1499.0,0.94,28436.0,2000.0,300.0
SABBL,4/27/2026,1499.0,1528.0,1475.0,1489.6,-0.63,28360.0,2000.0,300.0
SABBL,4/28/2026,1464.0,1505.0,1428.0,1429.0,-2.39,43280.0,2000.0,300.0
SABBL,4/29/2026,1429.0,1410.0,1355.0,1366.0,-4.41,37096.0,2000.0,300.0
SABBL,4/30/2026,1366.0,1369.9,1326.2,1349.0,-1.24,32910.0,2000.0,300.0
SABBL,5/4/2026,1350.0,1399.0,1239.7,1241.0,-8.07,32409.0,2000.0,300.0
SABBL,5/5/2026,1240.0,1285.0,1188.0,1233.0,-0.56,18632.0,2000.0,300.0
SABBL,5/6/2026,1225.0,1250.0,1150.0,1197.9,-2.21,26742.0,2000.0,300.0
SABBL,5/7/2026,1163.0,1210.5,1163.0,1203.0,3.44,10889.0,2000.0,300.0
SABBL,5/8/2026,1263.0,1263.0,1195.0,1235.0,-2.22,9228.0,2000.0,300.0
SABBL,5/11/2026,1248.0,1312.0,1245.0,1309.9,4.96,21725.0,2000.0,300.0
SABBL,5/12/2026,1319.0,1320.0,1250.0,1260.0,-4.47,18433.0,2000.0,300.0
SABBL,5/13/2026,1278.0,1278.0,1205.0,1230.0,-3.76,8998.0,2000.0,300.0
SABBL,5/14/2026,1235.0,1250.0,1215.1,1221.0,-1.13,10995.0,2000.0,300.0
SABBL,5/15/2026,1200.0,1259.0,1200.0,1214.0,1.17,15536.0,2000.0,300.0
SABBL,5/18/2026,1210.0,1221.0,1200.1,1209.2,-0.07,9273.0,2000.0,300.0
SABBL,5/19/2026,1200.0,1225.0,1200.0,1208.0,0.67,10780.0,2000.0,300.0
SABBL,5/20/2026,1202.0,1264.0,1202.0,1262.0,4.99,11599.0,2000.0,300.0
SABBL,5/21/2026,1265.0,1281.0,1220.0,1220.5,-3.52,10530.0,2000.0,300.0
SABBL,5/22/2026,1220.5,1262.0,1215.2,1247.0,2.17,10729.0,2000.0,300.0
SABBL,5/25/2026,1250.0,1285.0,1242.1,1260.0,0.8,10734.0,2000.0,300.0
SABBL,5/26/2026,1255.0,1279.8,1230.0,1230.0,-1.99,12515.0,2000.0,300.0
SABBL,5/27/2026,1291.0,1291.0,1217.1,1220.0,-5.5,10696.0,2000.0,300.0
SABBL,6/1/2026,1250.0,1250.0,1190.0,1196.0,-4.32,13618.0,2000.0,300.0
SABBL,6/2/2026,1236.2,1236.2,1191.0,1206.0,-2.44,11169.0,2000.0,300.0
SABBL,6/3/2026,1264.0,1264.0,1200.0,1206.0,-4.59,11291.0,2000.0,300.0
SABBL,6/4/2026,1200.1,1227.0,1200.0,1201.0,0.07,7344.0,2000.0,300.0
SABBL,6/5/2026,1195.0,1208.0,1180.1,1185.0,-0.84,10226.0,2000.0,300.0
SABBL,6/8/2026,1185.0,1199.0,1165.2,1165.3,-1.66,7517.0,2000.0,300.0
SABBL,6/9/2026,1156.0,1165.0,1108.0,1150.0,-0.52,17153.0,2000.0,300.0
SABBL,6/10/2026,1132.0,1171.0,1132.0,1152.0,1.77,6277.0,2000.0,300.0
SABBL,6/11/2026,1145.0,1150.0,1130.1,1130.1,-1.3,6707.0,2000.0,300.0
SABBL,6/12/2026,1120.0,1130.0,1115.0,1116.2,-0.34,5068.0,2000.0,300.0
SABBL,6/15/2026,1116.2,1135.0,1096.1,1099.0,-1.54,10550.0,2000.0,300.0
SABBL,6/16/2026,1099.0,1100.0,1084.0,1085.4,-1.24,7400.0,2000.0,300.0
SABBL,6/17/2026,1080.1,1100.0,1073.1,1090.3,0.94,6186.0,2000.0,300.0
SABBL,6/18/2026,1035.8,1105.0,1035.8,1065.0,2.82,6872.0,2000.0,300.0
SABBL,6/19/2026,1020.0,1075.0,1020.0,1030.1,0.99,8282.0,2000.0,300.0
SABBL,6/22/2026,1030.0,1035.0,1010.0,1030.0,0.0,8666.0,2000.0,300.0
SABBL,6/23/2026,1008.0,1020.0,985.0,986.0,-2.18,13388.0,2000.0,300.0
SABBL,6/24/2026,986.0,999.3,945.5,967.7,-1.86,13935.0,2000.0,300.0
SABBL,6/26/2026,963.0,988.0,960.0,976.0,1.35,5918.0,2000.0,300.0
SABBL,6/29/2026,970.0,980.0,960.2,969.4,-0.06,6949.0,2000.0,300.0
SABBL,6/30/2026,956.3,990.0,956.3,979.0,2.37,4816.0,2000.0,300.0
SABBL,7/1/2026,970.0,1012.0,970.0,1010.0,4.12,7525.0,2000.0,300.0
SABBL,7/2/2026,1000.0,1030.0,994.3,1023.0,2.3,5440.0,2000.0,300.0
SABBL,7/3/2026,1015.0,1038.0,1010.1,1015.0,0.0,5615.0,2000.0,300.0
SABBL,7/6/2026,1030.0,1030.0,980.0,983.0,-4.56,3739.0,2000.0,300.0
SABBL,7/7/2026,980.1,1001.9,980.0,989.8,0.99,3573.0,2000.0,300.0
SABBL,7/8/2026,980.0,982.9,950.0,954.0,-2.65,5107.0,2000.0,300.0
SABBL,7/9/2026,950.0,950.0,865.2,875.0,-7.89,29111.0,2000.0,300.0
SABBL,7/10/2026,875.0,880.6,850.0,860.0,-1.71,10053.0,2000.0,300.0
SABBL,7/13/2026,860.0,870.0,815.0,818.0,-4.88,13736.0,2000.0,300.0
SABBL,7/14/2026,806.1,860.0,802.9,841.5,4.39,12078.0,2000.0,300.0
SABBL,7/15/2026,866.0,879.9,835.0,840.0,-3.0,7655.0,2000.0,300.0
SABBL,7/16/2026,830.1,856.9,830.0,835.0,0.59,9425.0,2000.0,300.0
SABBL,7/17/2026,850.0,914.0,838.0,914.0,7.53,13371.0,2000.0,300.0
SABBL,7/20/2026,914.0,975.0,890.0,973.0,6.46,15428.0,2000.0,300.0
SABBL,7/21/2026,996.0,1056.0,971.2,1014.0,1.81,46712.0,2000.0,300.0
SABBL,7/22/2026,963.3,1094.9,963.3,1074.0,11.49,38533.0,2000.0,300.0
SABBL,7/23/2026,1020.3,1133.0,1020.3,1119.0,9.67,42190.0,2000.0,300.0
SABBL,7/24/2026,1063.1,1195.0,1063.1,1160.0,9.11,46161.0,2000.0,300.0
SABBL,7/27/2026,1160.0,1190.0,1055.0,1065.0,-8.19,50654.0,2000.0,300.0
SABBL,7/28/2026,1055.0,1127.0,1042.0,1080.0,2.37,41057.0,2000.0,300.0
SABBL,7/29/2026,1130.0,1130.0,1020.1,1099.0,-2.74,21239.0,2000.0,300.0
SABBL,7/30/2026,1066.1,1080.0,1038.2,1063.0,-0.29,13608.0,2000.0,300.0
SABBL,7/31/2026,1031.3,1070.0,1020.2,1045.0,1.33,22960.0,2000.0,300.0
SABBL,8/3/2026,1085.0,1085.0,1000.0,1000.0,-7.83,20763.0,2000.0,300.0
SABBL,8/4/2026,980.0,1039.0,945.8,1010.0,3.06,38277.0,2000.0,300.0
SABBL,8/5/2026,980.0,1009.0,980.0,990.0,1.02,6498.0,2000.0,300.0
SABBL,8/6/2026,980.2,1019.0,970.0,985.0,0.49,15857.0,2000.0,300.0
SABBL,8/7/2026,985.0,992.9,960.0,979.0,-0.61,24385.0,2000.0,300.0
SABBL,8/10/2026,930.1,1050.0,930.1,980.9,5.46,11587.0,2000.0,300.0
SABBL,8/11/2026,970.0,1010.3,955.0,957.2,-1.32,16375.0,2000.0,300.0
SABBL,8/12/2026,930.0,1014.0,930.0,955.0,2.69,11943.0,2000.0,300.0
SABBL,8/13/2026,935.0,998.0,935.0,951.0,1.71,14548.0,2000.0,300.0
SABBL,8/14/2026,937.1,957.0,920.0,930.0,-0.76,16593.0,2000.0,300.0
SABBL,8/17/2026,900.0,935.0,900.0,924.9,2.77,17985.0,2000.0,300.0
SABBL,8/18/2026,880.0,959.0,880.0,946.0,7.5,23648.0,2000.0,300.0
SABBL,8/19/2026,900.0,954.0,900.0,940.0,4.44,11997.0,2000.0,300.0
SABBL,8/20/2026,930.0,950.0,920.0,930.0,0.0,11404.0,2000.0,300.0
SABBL,8/21/2026,929.6,937.0,900.0,904.0,-2.75,12820.0,2000.0,300.0
SABBL,8/24/2026,904.0,925.0,875.7,875.7,-3.13,8158.0,2000.0,300.0
SABBL,8/25/2026,919.0,919.0,875.1,886.6,-3.53,11235.0,2000.0,300.0
SABBL,8/26/2026,884.6,899.9,857.0,870.0,-1.65,10241.0,2000.0,300.0
SABBL,8/27/2026,870.0,885.8,830.0,870.0,0.0,8221.0,2000.0,300.0
SABBL,8/31/2026,852.1,872.8,840.0,860.0,0.93,10333.0,2000.0,300.0
SABBL,9/1/2026,845.0,880.0,845.0,870.0,2.96,6134.0,2000.0,300.0
SABBL,9/2/2026,857.0,876.3,855.0,865.2,0.96,4276.0,2000.0,300.0
SABBL,9/3/2026,850.0,887.0,850.0,879.0,3.41,5900.0,2000.0,300.0
SABBL,9/7/2026,875.1,916.7,870.4,916.7,4.75,14837.0,2000.0,300.0
SABBL,9/9/2026,916.7,948.9,894.0,894.0,-2.48,14340.0,2000.0,300.0
SABBL,9/10/2026,890.0,894.0,877.5,889.0,-0.11,9118.0,2000.0,300.0
SABBL,9/11/2026,889.0,900.0,880.0,899.6,1.19,5023.0,2000.0,300.0
SABBL,9/14/2026,900.0,915.0,890.0,895.0,-0.56,5739.0,2000.0,300.0
SABBL,9/15/2026,939.0,939.0,900.1,912.0,-2.88,12636.0,2000.0,300.0
SABBL,9/16/2026,912.0,917.1,889.9,892.5,-2.14,12155.0,2000.0,300.0
SABBL,9/17/2026,909.1,913.0,890.0,900.0,-1.0,5039.0,2000.0,300.0
SABBL,9/18/2026,891.0,914.0,891.0,897.0,0.67,4819.0,2000.0,300.0
SABBL,9/22/2026,897.0,910.0,877.0,888.0,-1.0,6523.0,2000.0,300.0
SABBL,9/23/2026,888.0,902.0,870.0,872.9,-1.7,9287.0,2000.0,300.0
SABBL,9/24/2026,866.0,887.0,866.0,871.0,0.58,5570.0,2000.0,300.0
SABBL,9/28/2026,860.0,880.0,860.0,865.1,0.59,5319.0,2000.0,300.0
SABBL,9/29/2026,880.0,880.0,848.0,0.0,-100.0,8159.0,2000.0,300.0
SABBL,9/30/2026,869.0,870.0,850.0,850.2,-2.16,4072.0,2000.0,300.0
SABBL,10/1/2026,842.0,859.0,842.0,850.0,0.95,6284.0,2000.0,300.0
SABBL,10/2/2026,859.9,860.0,840.0,840.0,-2.31,4818.0,2000.0,300.0
SADBL,7/17/2012,200.0,196.0,196.0,196.0,,270.0,463.0,376.0
SADBL,7/26/2012,196.0,193.0,193.0,193.0,-1.53,20.0,463.0,376.0
SADBL,8/12/2012,193.0,190.0,190.0,190.0,-1.55,500.0,463.0,376.0
SADBL,8/19/2012,190.0,181.0,181.0,181.0,-4.74,1320.0,463.0,376.0
SADBL,8/26/2012,181.0,172.0,172.0,172.0,-4.97,110.0,463.0,376.0
SADBL,9/9/2012,172.0,169.0,155.0,155.0,-9.88,60.0,463.0,376.0
SADBL,9/25/2012,155.0,152.0,147.0,147.0,-5.16,30.0,463.0,376.0
SADBL,9/26/2012,147.0,145.0,143.0,143.0,-2.72,70.0,463.0,376.0
SADBL,10/2/2012,137.0,135.0,124.0,124.0,-13.29,200.0,463.0,376.0
SADBL,10/3/2012,124.0,122.0,112.0,112.0,-9.68,4850.0,463.0,376.0
SADBL,10/4/2012,112.0,113.0,106.0,111.0,-0.89,4670.0,463.0,376.0
SADBL,10/7/2012,111.0,113.0,106.0,112.0,0.9,3980.0,463.0,376.0
SADBL,10/8/2012,112.0,114.0,110.0,114.0,1.79,2710.0,463.0,376.0
SADBL,10/9/2012,114.0,113.0,111.0,112.0,-1.75,2770.0,463.0,376.0
SADBL,10/10/2012,112.0,114.0,112.0,112.0,0.0,390.0,463.0,376.0
SADBL,10/11/2012,112.0,114.0,114.0,114.0,1.79,50.0,463.0,376.0
SADBL,10/14/2012,114.0,113.0,111.0,111.0,-2.63,2020.0,463.0,376.0
SADBL,10/15/2012,111.0,118.0,112.0,118.0,6.31,820.0,463.0,376.0
SADBL,10/18/2012,118.0,120.0,118.0,120.0,1.69,1090.0,463.0,376.0
SADBL,10/30/2012,120.0,119.0,118.0,119.0,-0.83,780.0,463.0,376.0
SADBL,10/31/2012,119.0,122.0,120.0,122.0,2.52,760.0,463.0,376.0
SADBL,11/1/2012,122.0,121.0,119.0,120.0,-1.64,550.0,463.0,376.0
SADBL,11/4/2012,120.0,122.0,118.0,120.0,0.0,660.0,463.0,376.0
SADBL,11/5/2012,120.0,124.0,122.0,124.0,3.33,1440.0,463.0,376.0
SADBL,11/6/2012,124.0,128.0,125.0,128.0,3.23,490.0,463.0,376.0
SADBL,11/7/2012,128.0,129.0,128.0,128.0,0.0,220.0,463.0,376.0
SADBL,11/21/2012,128.0,130.0,130.0,130.0,1.56,720.0,463.0,376.0
SADBL,11/22/2012,130.0,128.0,126.0,126.0,-3.08,470.0,463.0,376.0
SADBL,11/25/2012,126.0,124.0,116.0,116.0,-7.94,660.0,463.0,376.0
SADBL,11/26/2012,116.0,118.0,116.0,116.0,0.0,560.0,463.0,376.0
SADBL,11/27/2012,116.0,117.0,117.0,117.0,0.86,2530.0,463.0,376.0
SADBL,11/28/2012,117.0,119.0,119.0,119.0,1.71,520.0,463.0,376.0
SADBL,11/29/2012,119.0,117.0,117.0,117.0,-1.68,750.0,463.0,376.0
SADBL,12/3/2012,117.0,116.0,116.0,116.0,-0.85,80.0,463.0,376.0
SADBL,12/4/2012,116.0,118.0,116.0,118.0,1.72,310.0,463.0,376.0
SADBL,12/5/2012,118.0,118.0,117.0,117.0,-0.85,730.0,463.0,376.0
SADBL,12/6/2012,117.0,119.0,117.0,118.0,0.85,1180.0,463.0,376.0
SADBL,12/9/2012,118.0,118.0,116.0,116.0,-1.69,1430.0,463.0,376.0
SADBL,12/10/2012,116.0,118.0,116.0,116.0,0.0,200.0,463.0,376.0
SADBL,12/11/2012,116.0,118.0,114.0,118.0,1.72,910.0,463.0,376.0
SADBL,12/12/2012,118.0,116.0,116.0,116.0,-1.69,150.0,463.0,376.0
SADBL,12/13/2012,116.0,117.0,117.0,117.0,0.86,360.0,463.0,376.0
SADBL,12/17/2012,117.0,117.0,117.0,117.0,0.0,60.0,463.0,376.0
SADBL,12/18/2012,117.0,116.0,116.0,116.0,-0.85,430.0,463.0,376.0
SADBL,12/19/2012,116.0,116.0,116.0,116.0,0.0,50.0,463.0,376.0
SADBL,12/20/2012,116.0,120.0,118.0,120.0,3.45,160.0,463.0,376.0
SADBL,12/24/2012,120.0,122.0,122.0,122.0,1.67,200.0,463.0,376.0
SADBL,12/31/2012,122.0,121.0,120.0,120.0,-1.64,1010.0,463.0,376.0
SADBL,1/1/2013,120.0,118.0,118.0,118.0,-1.67,80.0,463.0,376.0
SADBL,1/3/2013,118.0,118.0,118.0,118.0,0.0,50.0,463.0,376.0
SADBL,1/6/2013,118.0,118.0,118.0,118.0,0.0,60.0,463.0,376.0
SADBL,1/8/2013,118.0,117.0,116.0,116.0,-1.69,1690.0,463.0,376.0
SADBL,1/10/2013,116.0,115.0,115.0,115.0,-0.86,50.0,463.0,376.0
SADBL,1/16/2013,115.0,116.0,115.0,115.0,0.0,690.0,463.0,376.0
SADBL,1/20/2013,115.0,115.0,115.0,115.0,0.0,320.0,463.0,376.0
SADBL,1/22/2013,115.0,125.0,117.0,125.0,8.7,1280.0,463.0,376.0
SADBL,1/24/2013,125.0,130.0,127.0,130.0,4.0,2080.0,463.0,376.0
SADBL,1/27/2013,130.0,132.0,128.0,128.0,-1.54,3060.0,463.0,376.0
SADBL,1/28/2013,128.0,127.0,125.0,125.0,-2.34,670.0,463.0,376.0
SADBL,1/30/2013,125.0,125.0,123.0,125.0,0.0,1440.0,463.0,376.0
SADBL,1/31/2013,125.0,127.0,127.0,127.0,1.6,620.0,463.0,376.0
SADBL,2/3/2013,127.0,129.0,127.0,127.0,0.0,780.0,463.0,376.0
SADBL,2/4/2013,127.0,131.0,127.0,130.0,2.36,1340.0,463.0,376.0
SADBL,2/5/2013,130.0,128.0,127.0,127.0,-2.31,250.0,463.0,376.0
SADBL,2/6/2013,127.0,130.0,128.0,129.0,1.57,1030.0,463.0,376.0
SADBL,2/7/2013,129.0,129.0,127.0,129.0,0.0,440.0,463.0,376.0
SADBL,2/12/2013,129.0,130.0,130.0,130.0,0.78,100.0,463.0,376.0
SADBL,2/13/2013,130.0,129.0,129.0,129.0,-0.77,450.0,463.0,376.0
SADBL,2/14/2013,129.0,131.0,130.0,131.0,1.55,380.0,463.0,376.0
SADBL,2/19/2013,131.0,133.0,133.0,133.0,1.53,430.0,463.0,376.0
SADBL,2/20/2013,133.0,133.0,131.0,131.0,-1.5,390.0,463.0,376.0
SADBL,2/21/2013,131.0,129.0,129.0,129.0,-1.53,200.0,463.0,376.0
SADBL,2/24/2013,129.0,128.0,127.0,127.0,-1.55,240.0,463.0,376.0
SADBL,9/7/2014,127.0,139.0,129.0,139.0,9.45,60.0,463.0,376.0
SADBL,9/9/2014,139.0,151.0,145.0,151.0,8.63,40.0,463.0,376.0
SADBL,9/10/2014,151.0,166.0,154.0,166.0,9.93,50.0,463.0,376.0
SADBL,9/11/2014,166.0,182.0,169.0,182.0,9.64,60.0,463.0,376.0
SADBL,9/14/2014,182.0,200.0,191.0,200.0,9.89,40.0,463.0,376.0
SADBL,9/15/2014,200.0,220.0,210.0,220.0,10.0,160.0,463.0,376.0
SADBL,9/30/2014,220.0,235.0,231.0,235.0,6.82,260.0,463.0,376.0
SADBL,10/8/2014,235.0,251.0,239.0,251.0,6.81,460.0,463.0,376.0
SADBL,10/9/2014,251.0,266.0,256.0,266.0,5.98,430.0,463.0,376.0
SADBL,10/12/2014,266.0,291.0,271.0,291.0,9.4,130.0,463.0,376.0
SADBL,10/13/2014,291.0,320.0,296.0,320.0,9.97,21003.0,463.0,376.0
SADBL,10/14/2014,320.0,328.0,301.0,320.0,0.0,6800.0,463.0,376.0
SADBL,10/15/2014,320.0,325.0,314.0,320.0,0.0,4750.0,463.0,376.0
SADBL,10/16/2014,320.0,326.0,315.0,321.0,0.31,4661.0,463.0,376.0
SADBL,10/19/2014,321.0,327.0,321.0,322.0,0.31,756.0,463.0,376.0
SADBL,10/20/2014,322.0,320.0,311.0,314.0,-2.48,1573.0,463.0,376.0
SADBL,10/21/2014,314.0,320.0,315.0,315.0,0.32,570.0,463.0,376.0
SADBL,10/22/2014,315.0,327.0,321.0,325.0,3.17,1559.0,463.0,376.0
SADBL,10/26/2014,325.0,324.0,318.0,318.0,-2.15,1270.0,463.0,376.0
SADBL,10/27/2014,318.0,320.0,312.0,318.0,0.0,1683.0,463.0,376.0
SADBL,10/28/2014,318.0,325.0,315.0,319.0,0.31,2480.0,463.0,376.0
SADBL,10/30/2014,319.0,321.0,314.0,321.0,0.63,969.0,463.0,376.0
SADBL,11/2/2014,321.0,315.0,309.0,309.0,-3.74,150.0,463.0,376.0
SADBL,11/3/2014,309.0,308.0,304.0,308.0,-0.32,990.0,463.0,376.0
SADBL,11/4/2014,308.0,302.0,302.0,302.0,-1.95,92.0,463.0,376.0
SADBL,11/5/2014,302.0,306.0,294.0,301.0,-0.33,6349.0,463.0,376.0
SADBL,11/6/2014,301.0,313.0,303.0,313.0,3.99,321.0,463.0,376.0
SADBL,11/9/2014,313.0,311.0,307.0,311.0,-0.64,810.0,463.0,376.0
SADBL,11/10/2014,311.0,311.0,305.0,306.0,-1.61,773.0,463.0,376.0
SADBL,11/11/2014,306.0,304.0,294.0,298.0,-2.61,2101.0,463.0,376.0
SADBL,11/12/2014,298.0,305.0,300.0,305.0,2.35,4673.0,463.0,376.0
SADBL,11/13/2014,305.0,299.0,294.0,294.0,-3.61,170.0,463.0,376.0
SADBL,11/16/2014,294.0,291.0,286.0,290.0,-1.36,910.0,463.0,376.0
SADBL,11/17/2014,290.0,290.0,285.0,290.0,0.0,973.0,463.0,376.0
SADBL,11/18/2014,290.0,285.0,275.0,275.0,-5.17,671.0,463.0,376.0
SADBL,11/19/2014,275.0,282.0,280.0,282.0,2.55,220.0,463.0,376.0
SADBL,11/20/2014,282.0,277.0,277.0,277.0,-1.77,500.0,463.0,376.0
SADBL,11/23/2014,277.0,285.0,280.0,285.0,2.89,1820.0,463.0,376.0
SADBL,11/24/2014,285.0,285.0,280.0,280.0,-1.75,6980.0,463.0,376.0
SADBL,11/30/2014,280.0,288.0,275.0,288.0,2.86,2433.0,463.0,376.0
SADBL,12/1/2014,288.0,290.0,285.0,286.0,-0.69,2250.0,463.0,376.0
SADBL,12/2/2014,286.0,284.0,283.0,283.0,-1.05,627.0,463.0,376.0
SADBL,12/3/2014,283.0,285.0,280.0,283.0,0.0,2666.0,463.0,376.0
SADBL,12/4/2014,283.0,290.0,282.0,282.0,-0.35,1751.0,463.0,376.0
SADBL,12/7/2014,282.0,284.0,277.0,283.0,0.35,1833.0,463.0,376.0
SADBL,12/9/2014,283.0,278.0,278.0,278.0,-1.77,440.0,463.0,376.0
SADBL,12/11/2014,278.0,283.0,283.0,283.0,1.8,200.0,463.0,376.0
SADBL,12/14/2014,283.0,303.0,288.0,303.0,7.07,707.0,463.0,376.0
SADBL,12/15/2014,303.0,297.0,297.0,297.0,-1.98,443.0,463.0,376.0
SADBL,12/16/2014,297.0,292.0,292.0,292.0,-1.68,120.0,463.0,376.0
SADBL,12/17/2014,292.0,295.0,290.0,295.0,1.03,2190.0,463.0,376.0
SADBL,12/18/2014,295.0,290.0,290.0,290.0,-1.69,170.0,463.0,376.0
SADBL,12/21/2014,290.0,285.0,285.0,285.0,-1.72,170.0,463.0,376.0
SADBL,12/22/2014,285.0,285.0,285.0,285.0,0.0,5050.0,463.0,376.0
SADBL,12/23/2014,285.0,285.0,280.0,285.0,0.0,1074.0,463.0,376.0
SADBL,12/24/2014,285.0,290.0,290.0,290.0,1.75,170.0,463.0,376.0
SADBL,12/28/2014,290.0,306.0,295.0,300.0,3.45,4549.0,463.0,376.0
SADBL,12/29/2014,300.0,299.0,295.0,298.0,-0.67,260.0,463.0,376.0
SADBL,12/31/2014,298.0,295.0,293.0,295.0,-1.01,710.0,463.0,376.0
SADBL,1/1/2015,295.0,299.0,294.0,294.0,-0.34,320.0,463.0,376.0
SADBL,1/4/2015,294.0,300.0,294.0,296.0,0.68,1030.0,463.0,376.0
SADBL,1/5/2015,296.0,300.0,296.0,300.0,1.35,2325.0,463.0,376.0
SADBL,1/6/2015,300.0,300.0,295.0,295.0,-1.67,690.0,463.0,376.0
SADBL,1/7/2015,295.0,307.0,300.0,307.0,4.07,1600.0,463.0,376.0
SADBL,1/8/2015,307.0,310.0,300.0,300.0,-2.28,2567.0,463.0,376.0
SADBL,1/12/2015,300.0,317.0,297.0,317.0,5.67,20003.0,463.0,376.0
SADBL,1/13/2015,317.0,342.0,317.0,340.0,7.26,9930.0,463.0,376.0
SADBL,1/14/2015,340.0,352.0,340.0,350.0,2.94,22886.0,463.0,376.0
SADBL,1/18/2015,350.0,358.0,345.0,349.0,-0.29,14079.0,463.0,376.0
SADBL,1/19/2015,349.0,366.0,349.0,354.0,1.43,12544.0,463.0,376.0
SADBL,1/20/2015,354.0,367.0,346.0,361.0,1.98,11439.0,463.0,376.0
SADBL,1/22/2015,361.0,372.0,354.0,365.0,1.11,8400.0,463.0,376.0
SADBL,1/25/2015,365.0,371.0,359.0,371.0,1.64,7097.0,463.0,376.0
SADBL,1/26/2015,371.0,376.0,365.0,365.0,-1.62,7029.0,463.0,376.0
SADBL,1/27/2015,365.0,373.0,365.0,372.0,1.92,5922.0,463.0,376.0
SADBL,1/28/2015,372.0,377.0,372.0,377.0,1.34,7188.0,463.0,376.0
SADBL,1/29/2015,377.0,388.0,378.0,384.0,1.86,8904.0,463.0,376.0
SADBL,2/1/2015,384.0,391.0,384.0,385.0,0.26,3261.0,463.0,376.0
SADBL,2/2/2015,385.0,391.0,386.0,390.0,1.3,3710.0,463.0,376.0
SADBL,2/3/2015,390.0,393.0,390.0,391.0,0.26,1877.0,463.0,376.0
SADBL,2/4/2015,391.0,400.0,391.0,391.0,0.0,8356.0,463.0,376.0
SADBL,2/5/2015,391.0,397.0,380.0,391.0,0.0,3510.0,463.0,376.0
SADBL,2/8/2015,391.0,397.0,383.0,385.0,-1.53,3290.0,463.0,376.0
SADBL,2/9/2015,385.0,391.0,383.0,391.0,1.56,4222.0,463.0,376.0
SADBL,2/10/2015,391.0,395.0,385.0,395.0,1.02,2406.0,463.0,376.0
SADBL,2/11/2015,395.0,400.0,392.0,397.0,0.51,4136.0,463.0,376.0
SADBL,2/12/2015,397.0,402.0,386.0,395.0,-0.5,4890.0,463.0,376.0
SADBL,2/15/2015,395.0,401.0,391.0,401.0,1.52,7798.0,463.0,376.0
SADBL,2/16/2015,401.0,411.0,403.0,403.0,0.5,3507.0,463.0,376.0
SADBL,2/18/2015,403.0,421.0,405.0,405.0,0.5,8307.0,463.0,376.0
SADBL,2/22/2015,405.0,413.0,400.0,400.0,-1.23,2793.0,463.0,376.0
SADBL,2/23/2015,400.0,400.0,393.0,396.0,-1.0,1850.0,463.0,376.0
SADBL,2/24/2015,396.0,398.0,391.0,398.0,0.51,640.0,463.0,376.0
SADBL,2/26/2015,398.0,407.0,392.0,397.0,-0.25,6151.0,463.0,376.0
SADBL,3/1/2015,397.0,410.0,383.0,410.0,3.27,2860.0,463.0,376.0
SADBL,3/2/2015,410.0,410.0,400.0,404.0,-1.46,1146.0,463.0,376.0
SADBL,3/3/2015,404.0,404.0,402.0,402.0,-0.5,425.0,463.0,376.0
SADBL,3/4/2015,402.0,402.0,400.0,402.0,0.0,450.0,463.0,376.0
SADBL,3/9/2015,402.0,409.0,400.0,403.0,0.25,3683.0,463.0,376.0
SADBL,3/10/2015,403.0,418.0,410.0,415.0,2.98,1127.0,463.0,376.0
SADBL,3/11/2015,415.0,419.0,410.0,410.0,-1.2,3150.0,463.0,376.0
SADBL,3/12/2015,410.0,415.0,410.0,410.0,0.0,813.0,463.0,376.0
SADBL,3/15/2015,410.0,410.0,400.0,400.0,-2.44,1350.0,463.0,376.0
SADBL,3/16/2015,400.0,402.0,395.0,396.0,-1.0,1230.0,463.0,376.0
SADBL,3/17/2015,396.0,411.0,395.0,400.0,1.01,2230.0,463.0,376.0
SADBL,3/18/2015,400.0,408.0,394.0,394.0,-1.5,1291.0,463.0,376.0
SADBL,3/19/2015,394.0,405.0,394.0,398.0,1.02,2442.0,463.0,376.0
SADBL,3/22/2015,398.0,407.0,402.0,405.0,1.76,12560.0,463.0,376.0
SADBL,3/23/2015,405.0,418.0,405.0,407.0,0.49,2693.0,463.0,376.0
SADBL,3/24/2015,407.0,404.0,401.0,403.0,-0.98,3077.0,463.0,376.0
SADBL,3/25/2015,403.0,409.0,404.0,406.0,0.74,1640.0,463.0,376.0
SADBL,3/26/2015,406.0,408.0,400.0,404.0,-0.49,5167.0,463.0,376.0
SADBL,3/31/2015,351.0,344.0,340.0,340.0,-15.84,220.0,463.0,376.0
SADBL,4/1/2015,340.0,334.0,320.0,320.0,-5.88,676.0,463.0,376.0
SADBL,4/2/2015,320.0,330.0,326.0,326.0,1.88,2893.0,463.0,376.0
SADBL,4/16/2015,326.0,322.0,322.0,322.0,-1.23,193.0,463.0,376.0
SADBL,4/19/2015,322.0,318.0,318.0,318.0,-1.24,980.0,463.0,376.0
SADBL,4/20/2015,318.0,312.0,312.0,312.0,-1.89,919.0,463.0,376.0
SADBL,4/21/2015,312.0,319.0,313.0,319.0,2.24,1179.0,463.0,376.0
SADBL,4/22/2015,319.0,325.0,325.0,325.0,1.88,100.0,463.0,376.0
SADBL,4/23/2015,325.0,330.0,325.0,330.0,1.54,798.0,463.0,376.0
SADBL,5/28/2015,330.0,324.0,297.0,297.0,-10.0,1500.0,463.0,376.0
SADBL,5/31/2015,297.0,299.0,292.0,299.0,0.67,2962.0,463.0,376.0
SADBL,6/1/2015,299.0,300.0,298.0,300.0,0.33,360.0,463.0,376.0
SADBL,6/2/2015,300.0,311.0,304.0,310.0,3.33,1040.0,463.0,376.0
SADBL,6/3/2015,310.0,316.0,315.0,316.0,1.94,400.0,463.0,376.0
SADBL,6/4/2015,316.0,332.0,320.0,332.0,5.06,1841.0,463.0,376.0
SADBL,6/7/2015,332.0,330.0,328.0,328.0,-1.2,270.0,463.0,376.0
SADBL,6/8/2015,328.0,336.0,328.0,333.0,1.52,2433.0,463.0,376.0
SADBL,6/9/2015,333.0,351.0,339.0,340.0,2.1,1760.0,463.0,376.0
SADBL,6/10/2015,340.0,346.0,345.0,345.0,1.47,836.0,463.0,376.0
SADBL,6/11/2015,345.0,342.0,339.0,342.0,-0.87,190.0,463.0,376.0
SADBL,6/14/2015,342.0,336.0,330.0,330.0,-3.51,349.0,463.0,376.0
SADBL,6/15/2015,330.0,324.0,323.0,323.0,-2.12,1234.0,463.0,376.0
SADBL,6/16/2015,323.0,330.0,320.0,320.0,-0.93,1170.0,463.0,376.0
SADBL,6/17/2015,320.0,314.0,310.0,310.0,-3.12,2400.0,463.0,376.0
SADBL,6/18/2015,310.0,311.0,311.0,311.0,0.32,50.0,463.0,376.0
SADBL,6/22/2015,311.0,311.0,311.0,311.0,0.0,110.0,463.0,376.0
SADBL,6/28/2015,311.0,323.0,317.0,318.0,2.25,2310.0,463.0,376.0
SADBL,6/29/2015,318.0,322.0,322.0,322.0,1.26,348.0,463.0,376.0
SADBL,6/30/2015,322.0,328.0,328.0,328.0,1.86,269.0,463.0,376.0
SADBL,7/1/2015,328.0,328.0,325.0,328.0,0.0,1100.0,463.0,376.0
SADBL,7/2/2015,328.0,324.0,322.0,322.0,-1.83,1200.0,463.0,376.0
SADBL,7/5/2015,322.0,316.0,310.0,310.0,-3.73,2649.0,463.0,376.0
SADBL,7/6/2015,310.0,314.0,311.0,311.0,0.32,163.0,463.0,376.0
SADBL,7/7/2015,311.0,317.0,313.0,315.0,1.29,1506.0,463.0,376.0
SADBL,7/8/2015,315.0,316.0,315.0,316.0,0.32,63.0,463.0,376.0
SADBL,7/9/2015,316.0,315.0,313.0,315.0,-0.32,496.0,463.0,376.0
SADBL,7/12/2015,315.0,309.0,309.0,309.0,-1.9,120.0,463.0,376.0
SADBL,7/13/2015,309.0,315.0,309.0,315.0,1.94,1051.0,463.0,376.0
SADBL,7/14/2015,315.0,319.0,317.0,319.0,1.27,423.0,463.0,376.0
SADBL,7/15/2015,319.0,320.0,319.0,320.0,0.31,816.0,463.0,376.0
SADBL,7/16/2015,320.0,314.0,314.0,314.0,-1.88,57.0,463.0,376.0
SADBL,7/22/2015,314.0,326.0,320.0,326.0,3.82,210.0,463.0,376.0
SADBL,7/23/2015,326.0,344.0,332.0,344.0,5.52,500.0,463.0,376.0
SADBL,7/26/2015,344.0,357.0,350.0,357.0,3.78,20.0,463.0,376.0
SADBL,7/27/2015,357.0,372.0,356.0,356.0,-0.28,3678.0,463.0,376.0
SADBL,7/28/2015,356.0,349.0,346.0,346.0,-2.81,269.0,463.0,376.0
SADBL,7/29/2015,346.0,354.0,345.0,354.0,2.31,3657.0,463.0,376.0
SADBL,7/30/2015,354.0,370.0,360.0,360.0,1.69,3637.0,463.0,376.0
SADBL,8/2/2015,360.0,382.0,365.0,382.0,6.11,2911.0,463.0,376.0
SADBL,8/3/2015,382.0,383.0,365.0,365.0,-4.45,4395.0,463.0,376.0
SADBL,8/4/2015,365.0,371.0,358.0,371.0,1.64,1097.0,463.0,376.0
SADBL,8/5/2015,371.0,375.0,370.0,370.0,-0.27,1575.0,463.0,376.0
SADBL,8/6/2015,370.0,380.0,364.0,373.0,0.81,4223.0,463.0,376.0
SADBL,8/9/2015,373.0,380.0,366.0,373.0,0.0,3294.0,463.0,376.0
SADBL,8/10/2015,373.0,368.0,368.0,368.0,-1.34,70.0,463.0,376.0
SADBL,8/11/2015,368.0,361.0,361.0,361.0,-1.9,369.0,463.0,376.0
SADBL,8/12/2015,361.0,364.0,357.0,357.0,-1.11,1076.0,463.0,376.0
SADBL,8/13/2015,357.0,370.0,363.0,366.0,2.52,2510.0,463.0,376.0
SADBL,8/16/2015,366.0,366.0,352.0,366.0,0.0,1264.0,463.0,376.0
SADBL,8/17/2015,366.0,365.0,363.0,365.0,-0.27,396.0,463.0,376.0
SADBL,8/18/2015,365.0,375.0,367.0,370.0,1.37,3992.0,463.0,376.0
SADBL,8/19/2015,370.0,384.0,370.0,379.0,2.43,1643.0,463.0,376.0
SADBL,8/20/2015,379.0,392.0,378.0,378.0,-0.26,4246.0,463.0,376.0
SADBL,8/23/2015,378.0,392.0,378.0,390.0,3.17,3219.0,463.0,376.0
SADBL,8/24/2015,390.0,391.0,383.0,388.0,-0.51,2869.0,463.0,376.0
SADBL,8/25/2015,388.0,408.0,388.0,404.0,4.12,3003.0,463.0,376.0
SADBL,8/26/2015,404.0,400.0,379.0,379.0,-6.19,2148.0,463.0,376.0
SADBL,8/27/2015,379.0,390.0,382.0,390.0,2.9,810.0,463.0,376.0
SADBL,8/31/2015,390.0,397.0,383.0,397.0,1.79,673.0,463.0,376.0
SADBL,9/1/2015,397.0,390.0,390.0,390.0,-1.76,501.0,463.0,376.0
SADBL,9/2/2015,390.0,385.0,383.0,385.0,-1.28,1304.0,463.0,376.0
SADBL,9/3/2015,385.0,378.0,371.0,374.0,-2.86,627.0,463.0,376.0
SADBL,9/6/2015,374.0,372.0,368.0,370.0,-1.07,1105.0,463.0,376.0
SADBL,9/7/2015,370.0,392.0,375.0,386.0,4.32,1279.0,463.0,376.0
SADBL,9/8/2015,386.0,393.0,384.0,387.0,0.26,4913.0,463.0,376.0
SADBL,9/9/2015,387.0,395.0,387.0,390.0,0.78,823.0,463.0,376.0
SADBL,9/10/2015,390.0,390.0,390.0,390.0,0.0,595.0,463.0,376.0
SADBL,9/13/2015,390.0,396.0,389.0,395.0,1.28,1712.0,463.0,376.0
SADBL,9/14/2015,395.0,404.0,395.0,395.0,0.0,960.0,463.0,376.0
SADBL,9/15/2015,395.0,405.0,396.0,403.0,2.03,3431.0,463.0,376.0
SADBL,9/16/2015,403.0,412.0,406.0,411.0,1.99,3243.0,463.0,376.0
SADBL,9/17/2015,411.0,405.0,401.0,403.0,-1.95,545.0,463.0,376.0
SADBL,9/22/2015,403.0,395.0,383.0,383.0,-4.96,1263.0,463.0,376.0
SADBL,9/23/2015,383.0,390.0,376.0,390.0,1.83,4000.0,463.0,376.0
SADBL,9/24/2015,390.0,393.0,386.0,386.0,-1.03,1025.0,463.0,376.0
SADBL,9/28/2015,386.0,380.0,379.0,380.0,-1.55,372.0,463.0,376.0
SADBL,9/29/2015,380.0,385.0,377.0,378.0,-0.53,1559.0,463.0,376.0
SADBL,9/30/2015,378.0,392.0,385.0,392.0,3.7,910.0,463.0,376.0
SADBL,10/1/2015,392.0,401.0,395.0,397.0,1.28,5188.0,463.0,376.0
SADBL,10/4/2015,397.0,405.0,398.0,400.0,0.76,2049.0,463.0,376.0
SADBL,10/5/2015,400.0,398.0,395.0,396.0,-1.0,3645.0,463.0,376.0
SADBL,10/6/2015,396.0,406.0,392.0,406.0,2.53,9541.0,463.0,376.0
SADBL,10/7/2015,406.0,400.0,393.0,400.0,-1.48,2475.0,463.0,376.0
SADBL,10/8/2015,400.0,400.0,397.0,400.0,0.0,1207.0,463.0,376.0
SADBL,10/11/2015,400.0,402.0,394.0,394.0,-1.5,1100.0,463.0,376.0
SADBL,10/14/2015,394.0,393.0,389.0,390.0,-1.02,1676.0,463.0,376.0
SADBL,10/15/2015,390.0,393.0,379.0,379.0,-2.82,978.0,463.0,376.0
SADBL,10/18/2015,379.0,379.0,373.0,375.0,-1.06,899.0,463.0,376.0
SADBL,10/19/2015,375.0,396.0,382.0,396.0,5.6,592.0,463.0,376.0
SADBL,11/1/2015,396.0,396.0,396.0,396.0,0.0,421.0,463.0,376.0
SADBL,11/3/2015,396.0,389.0,389.0,389.0,-1.77,471.0,463.0,376.0
SADBL,11/4/2015,389.0,382.0,382.0,382.0,-1.8,360.0,463.0,376.0
SADBL,11/8/2015,382.0,382.0,382.0,382.0,0.0,157.0,463.0,376.0
SADBL,11/22/2015,382.0,380.0,375.0,375.0,-1.83,700.0,463.0,376.0
SADBL,11/23/2015,375.0,374.0,374.0,374.0,-0.27,277.0,463.0,376.0
SADBL,11/24/2015,374.0,367.0,361.0,361.0,-3.48,357.0,463.0,376.0
SADBL,11/25/2015,361.0,356.0,355.0,356.0,-1.39,251.0,463.0,376.0
SADBL,11/26/2015,356.0,351.0,350.0,351.0,-1.4,525.0,463.0,376.0
SADBL,11/29/2015,351.0,344.0,344.0,344.0,-1.99,1500.0,463.0,376.0
SADBL,11/30/2015,344.0,350.0,329.0,329.0,-4.36,2598.0,463.0,376.0
SADBL,12/1/2015,329.0,361.0,335.0,344.0,4.56,3336.0,463.0,376.0
SADBL,12/2/2015,344.0,340.0,340.0,340.0,-1.16,1227.0,463.0,376.0
SADBL,12/3/2015,340.0,345.0,340.0,345.0,1.47,2138.0,463.0,376.0
SADBL,12/7/2015,345.0,353.0,350.0,353.0,2.32,400.0,463.0,376.0
SADBL,12/8/2015,353.0,367.0,354.0,367.0,3.97,2037.0,463.0,376.0
SADBL,12/9/2015,367.0,381.0,374.0,381.0,3.81,1376.0,463.0,376.0
SADBL,12/10/2015,381.0,388.0,380.0,380.0,-0.26,1036.0,463.0,376.0
SADBL,12/13/2015,380.0,380.0,368.0,380.0,0.0,417.0,463.0,376.0
SADBL,12/15/2015,380.0,385.0,371.0,371.0,-2.37,505.0,463.0,376.0
SADBL,12/16/2015,371.0,371.0,365.0,365.0,-1.62,183.0,463.0,376.0
SADBL,12/20/2015,365.0,372.0,370.0,372.0,1.92,1553.0,463.0,376.0
SADBL,12/21/2015,372.0,385.0,375.0,385.0,3.49,830.0,463.0,376.0
SADBL,12/22/2015,385.0,386.0,382.0,382.0,-0.78,200.0,463.0,376.0
SADBL,12/23/2015,382.0,398.0,389.0,395.0,3.4,1632.0,463.0,376.0
SADBL,12/24/2015,395.0,394.0,394.0,394.0,-0.25,50.0,463.0,376.0
SADBL,12/28/2015,394.0,395.0,389.0,389.0,-1.27,283.0,463.0,376.0
SADBL,12/29/2015,389.0,384.0,382.0,384.0,-1.29,518.0,463.0,376.0
SADBL,12/31/2015,384.0,380.0,377.0,380.0,-1.04,671.0,463.0,376.0
SADBL,1/3/2016,380.0,381.0,380.0,380.0,0.0,1095.0,463.0,376.0
SADBL,1/4/2016,380.0,380.0,375.0,378.0,-0.53,657.0,463.0,376.0
SADBL,1/5/2016,378.0,380.0,375.0,379.0,0.26,4621.0,463.0,376.0
SADBL,1/6/2016,379.0,377.0,370.0,370.0,-2.37,5883.0,463.0,376.0
SADBL,1/7/2016,370.0,370.0,363.0,370.0,0.0,2659.0,463.0,376.0
SADBL,1/10/2016,370.0,390.0,360.0,390.0,5.41,3232.0,463.0,376.0
SADBL,1/11/2016,390.0,403.0,394.0,403.0,3.33,7505.0,463.0,376.0
SADBL,1/12/2016,403.0,400.0,397.0,400.0,-0.74,6256.0,463.0,376.0
SADBL,1/13/2016,400.0,397.0,390.0,393.0,-1.75,2751.0,463.0,376.0
SADBL,1/14/2016,393.0,397.0,382.0,388.0,-1.27,4626.0,463.0,376.0
SADBL,1/24/2016,388.0,395.0,395.0,395.0,1.8,100.0,463.0,376.0
SADBL,1/25/2016,395.0,434.0,402.0,434.0,9.87,670.0,463.0,376.0
SADBL,1/26/2016,434.0,468.0,442.0,468.0,7.83,837.0,463.0,376.0
SADBL,1/27/2016,468.0,502.0,477.0,502.0,7.26,3107.0,463.0,376.0
SADBL,1/28/2016,502.0,552.0,511.0,552.0,9.96,7042.0,463.0,376.0
SADBL,1/31/2016,552.0,545.0,497.0,510.0,-7.61,9306.0,463.0,376.0
SADBL,2/1/2016,510.0,515.0,505.0,505.0,-0.98,6412.0,463.0,376.0
SADBL,2/2/2016,505.0,511.0,490.0,495.0,-1.98,9231.0,463.0,376.0
SADBL,2/3/2016,495.0,524.0,495.0,515.0,4.04,22511.0,463.0,376.0
SADBL,2/4/2016,370.0,391.0,377.0,391.0,-24.08,230.0,463.0,376.0
SADBL,2/7/2016,391.0,410.0,396.0,396.0,1.28,897.0,463.0,376.0
SADBL,2/8/2016,396.0,398.0,390.0,397.0,0.25,1100.0,463.0,376.0
SADBL,2/11/2016,397.0,390.0,380.0,380.0,-4.28,756.0,463.0,376.0
SADBL,2/14/2016,380.0,387.0,373.0,373.0,-1.84,250.0,463.0,376.0
SADBL,2/16/2016,373.0,370.0,370.0,370.0,-0.8,200.0,463.0,376.0
SADBL,2/17/2016,370.0,365.0,363.0,364.0,-1.62,1043.0,463.0,376.0
SADBL,2/18/2016,364.0,363.0,351.0,351.0,-3.57,855.0,463.0,376.0
SADBL,2/21/2016,351.0,354.0,345.0,354.0,0.85,220.0,463.0,376.0
SADBL,2/22/2016,354.0,360.0,354.0,359.0,1.41,2390.0,463.0,376.0
SADBL,2/23/2016,359.0,354.0,354.0,354.0,-1.39,103.0,463.0,376.0
SADBL,3/1/2016,354.0,361.0,361.0,361.0,1.98,100.0,463.0,376.0
SADBL,3/2/2016,361.0,361.0,361.0,361.0,0.0,20.0,463.0,376.0
SADBL,3/3/2016,361.0,368.0,368.0,368.0,1.94,10.0,463.0,376.0
SADBL,3/6/2016,368.0,384.0,370.0,384.0,4.35,2698.0,463.0,376.0
SADBL,3/10/2016,384.0,389.0,389.0,389.0,1.3,10.0,463.0,376.0
SADBL,3/13/2016,389.0,396.0,396.0,396.0,1.8,310.0,463.0,376.0
SADBL,3/14/2016,396.0,403.0,403.0,403.0,1.77,10.0,463.0,376.0
SADBL,3/15/2016,403.0,395.0,388.0,388.0,-3.72,100.0,463.0,376.0
SADBL,3/16/2016,388.0,381.0,375.0,375.0,-3.35,700.0,463.0,376.0
SADBL,3/21/2016,375.0,368.0,361.0,361.0,-3.73,120.0,463.0,376.0
SADBL,3/23/2016,361.0,365.0,351.0,365.0,1.11,747.0,463.0,376.0
SADBL,3/24/2016,365.0,365.0,360.0,364.0,-0.27,3937.0,463.0,376.0
SADBL,3/27/2016,364.0,360.0,359.0,360.0,-1.1,1080.0,463.0,376.0
SADBL,3/29/2016,360.0,360.0,355.0,355.0,-1.39,357.0,463.0,376.0
SADBL,3/30/2016,355.0,360.0,353.0,353.0,-0.56,914.0,463.0,376.0
SADBL,3/31/2016,353.0,358.0,350.0,358.0,1.42,1452.0,463.0,376.0
SADBL,4/3/2016,358.0,356.0,350.0,352.0,-1.68,1890.0,463.0,376.0
SADBL,4/4/2016,352.0,348.0,347.0,347.0,-1.42,242.0,463.0,376.0
SADBL,4/5/2016,347.0,356.0,353.0,356.0,2.59,1311.0,463.0,376.0
SADBL,4/6/2016,356.0,360.0,354.0,354.0,-0.56,1100.0,463.0,376.0
SADBL,4/11/2016,354.0,350.0,343.0,343.0,-3.11,271.0,463.0,376.0
SADBL,4/14/2016,343.0,355.0,349.0,355.0,3.5,20.0,463.0,376.0
SADBL,4/17/2016,355.0,362.0,360.0,360.0,1.41,913.0,463.0,376.0
SADBL,4/18/2016,360.0,378.0,360.0,377.0,4.72,1416.0,463.0,376.0
SADBL,4/19/2016,377.0,372.0,370.0,370.0,-1.86,926.0,463.0,376.0
SADBL,4/20/2016,370.0,370.0,361.0,361.0,-2.43,1019.0,463.0,376.0
SADBL,4/21/2016,361.0,358.0,358.0,358.0,-0.83,1000.0,463.0,376.0
SADBL,4/24/2016,358.0,360.0,350.0,360.0,0.56,1700.0,463.0,376.0
SADBL,4/25/2016,360.0,372.0,360.0,370.0,2.78,2503.0,463.0,376.0
SADBL,4/26/2016,370.0,407.0,377.0,402.0,8.65,11144.0,463.0,376.0
SADBL,4/27/2016,402.0,400.0,397.0,400.0,-0.5,1906.0,463.0,376.0
SADBL,4/28/2016,400.0,400.0,390.0,390.0,-2.5,1693.0,463.0,376.0
SADBL,5/2/2016,390.0,405.0,395.0,405.0,3.85,7068.0,463.0,376.0
SADBL,5/3/2016,405.0,404.0,397.0,399.0,-1.48,10826.0,463.0,376.0
SADBL,5/4/2016,399.0,404.0,398.0,400.0,0.25,7232.0,463.0,376.0
SADBL,5/5/2016,400.0,395.0,395.0,395.0,-1.25,100.0,463.0,376.0
SADBL,5/8/2016,395.0,392.0,391.0,391.0,-1.01,1450.0,463.0,376.0
SADBL,5/9/2016,391.0,398.0,398.0,398.0,1.79,100.0,463.0,376.0
SADBL,5/10/2016,398.0,400.0,385.0,392.0,-1.51,1377.0,463.0,376.0
SADBL,5/11/2016,392.0,391.0,388.0,388.0,-1.02,2400.0,463.0,376.0
SADBL,5/12/2016,388.0,390.0,385.0,385.0,-0.77,3200.0,463.0,376.0
SADBL,5/15/2016,385.0,390.0,390.0,390.0,1.3,500.0,463.0,376.0
SADBL,5/16/2016,390.0,397.0,390.0,394.0,1.03,3152.0,463.0,376.0
SADBL,5/17/2016,394.0,395.0,385.0,386.0,-2.03,2077.0,463.0,376.0
SADBL,5/18/2016,386.0,386.0,385.0,385.0,-0.26,1226.0,463.0,376.0
SADBL,5/19/2016,385.0,390.0,383.0,388.0,0.78,1251.0,463.0,376.0
SADBL,5/22/2016,388.0,386.0,374.0,380.0,-2.06,2030.0,463.0,376.0
SADBL,5/23/2016,380.0,380.0,373.0,375.0,-1.32,849.0,463.0,376.0
SADBL,5/24/2016,375.0,398.0,377.0,392.0,4.53,2791.0,463.0,376.0
SADBL,5/25/2016,392.0,397.0,389.0,397.0,1.28,1341.0,463.0,376.0
SADBL,5/26/2016,397.0,390.0,390.0,390.0,-1.76,300.0,463.0,376.0
SADBL,5/29/2016,390.0,386.0,380.0,386.0,-1.03,1200.0,463.0,376.0
SADBL,5/30/2016,386.0,385.0,380.0,380.0,-1.55,1841.0,463.0,376.0
SADBL,5/31/2016,380.0,395.0,382.0,395.0,3.95,3047.0,463.0,376.0
SADBL,6/1/2016,395.0,395.0,380.0,381.0,-3.54,985.0,463.0,376.0
SADBL,6/2/2016,381.0,377.0,375.0,375.0,-1.57,1280.0,463.0,376.0
SADBL,6/5/2016,375.0,375.0,370.0,372.0,-0.8,1104.0,463.0,376.0
SADBL,6/6/2016,372.0,382.0,372.0,372.0,0.0,1100.0,463.0,376.0
SADBL,6/7/2016,372.0,370.0,358.0,370.0,-0.54,440.0,463.0,376.0
SADBL,6/8/2016,370.0,383.0,377.0,383.0,3.51,1041.0,463.0,376.0
SADBL,6/9/2016,383.0,393.0,378.0,378.0,-1.31,2020.0,463.0,376.0
SADBL,6/12/2016,378.0,385.0,381.0,383.0,1.32,2087.0,463.0,376.0
SADBL,6/13/2016,383.0,384.0,370.0,370.0,-3.39,1142.0,463.0,376.0
SADBL,6/14/2016,370.0,384.0,373.0,380.0,2.7,3150.0,463.0,376.0
SADBL,6/15/2016,380.0,387.0,381.0,381.0,0.26,1418.0,463.0,376.0
SADBL,6/16/2016,381.0,410.0,385.0,400.0,4.99,3793.0,463.0,376.0
SADBL,6/19/2016,400.0,402.0,395.0,395.0,-1.25,1125.0,463.0,376.0
SADBL,6/20/2016,395.0,410.0,395.0,400.0,1.27,3478.0,463.0,376.0
SADBL,6/21/2016,400.0,400.0,395.0,396.0,-1.0,3729.0,463.0,376.0
SADBL,6/22/2016,396.0,405.0,395.0,395.0,-0.25,3258.0,463.0,376.0
SADBL,6/23/2016,395.0,410.0,396.0,400.0,1.27,2986.0,463.0,376.0
SADBL,6/26/2016,400.0,405.0,400.0,400.0,0.0,2586.0,463.0,376.0
SADBL,6/27/2016,400.0,404.0,397.0,404.0,1.0,868.0,463.0,376.0
SADBL,6/28/2016,404.0,405.0,402.0,403.0,-0.25,1802.0,463.0,376.0
SADBL,6/29/2016,403.0,410.0,402.0,402.0,-0.25,9394.0,463.0,376.0
SADBL,6/30/2016,402.0,418.0,405.0,412.0,2.49,3664.0,463.0,376.0
SADBL,7/3/2016,412.0,420.0,410.0,420.0,1.94,2635.0,463.0,376.0
SADBL,7/4/2016,420.0,456.0,425.0,450.0,7.14,4162.0,463.0,376.0
SADBL,7/5/2016,450.0,442.0,432.0,432.0,-4.0,2450.0,463.0,376.0
SADBL,7/6/2016,432.0,456.0,435.0,440.0,1.85,5750.0,463.0,376.0
SADBL,7/10/2016,440.0,442.0,430.0,431.0,-2.05,9743.0,463.0,376.0
SADBL,7/11/2016,431.0,435.0,434.0,435.0,0.93,1025.0,463.0,376.0
SADBL,7/12/2016,435.0,430.0,422.0,422.0,-2.99,850.0,463.0,376.0
SADBL,7/13/2016,422.0,425.0,420.0,420.0,-0.47,1203.0,463.0,376.0
SADBL,7/14/2016,420.0,425.0,424.0,425.0,1.19,600.0,463.0,376.0
SADBL,7/17/2016,425.0,439.0,425.0,435.0,2.35,3031.0,463.0,376.0
SADBL,7/18/2016,435.0,477.0,440.0,475.0,9.2,8165.0,463.0,376.0
SADBL,7/19/2016,475.0,502.0,470.0,489.0,2.95,11079.0,463.0,376.0
SADBL,7/20/2016,489.0,504.0,490.0,492.0,0.61,17336.0,463.0,376.0
SADBL,7/21/2016,492.0,504.0,495.0,495.0,0.61,16786.0,463.0,376.0
SADBL,7/25/2016,495.0,544.0,500.0,544.0,9.9,10323.0,463.0,376.0
SADBL,7/26/2016,544.0,595.0,554.0,595.0,9.38,20850.0,463.0,376.0
SADBL,7/27/2016,595.0,610.0,555.0,579.0,-2.69,9144.0,463.0,376.0
SADBL,7/28/2016,579.0,570.0,548.0,548.0,-5.35,5343.0,463.0,376.0
SADBL,7/31/2016,548.0,561.0,544.0,544.0,-0.73,7984.0,463.0,376.0
SADBL,8/1/2016,544.0,535.0,524.0,525.0,-3.49,1075.0,463.0,376.0
SADBL,8/2/2016,525.0,535.0,501.0,515.0,-1.9,4331.0,463.0,376.0
SADBL,8/3/2016,515.0,515.0,500.0,503.0,-2.33,2315.0,463.0,376.0
SADBL,8/4/2016,503.0,502.0,487.0,490.0,-2.58,5568.0,463.0,376.0
SADBL,8/7/2016,490.0,508.0,499.0,500.0,2.04,2536.0,463.0,376.0
SADBL,8/8/2016,500.0,490.0,476.0,476.0,-4.8,2153.0,463.0,376.0
SADBL,8/10/2016,476.0,505.0,485.0,496.0,4.2,8009.0,463.0,376.0
SADBL,8/11/2016,496.0,510.0,490.0,502.0,1.21,6279.0,463.0,376.0
SADBL,8/14/2016,502.0,502.0,480.0,480.0,-4.38,2513.0,463.0,376.0
SADBL,8/15/2016,480.0,471.0,444.0,461.0,-3.96,1389.0,463.0,376.0
SADBL,8/16/2016,461.0,474.0,461.0,474.0,2.82,2146.0,463.0,376.0
SADBL,8/17/2016,474.0,502.0,475.0,480.0,1.27,2436.0,463.0,376.0
SADBL,8/21/2016,480.0,482.0,475.0,480.0,0.0,1500.0,463.0,376.0
SADBL,8/22/2016,480.0,471.0,471.0,471.0,-1.88,100.0,463.0,376.0
SADBL,8/23/2016,471.0,471.0,462.0,465.0,-1.27,1833.0,463.0,376.0
SADBL,8/24/2016,465.0,482.0,470.0,470.0,1.08,1665.0,463.0,376.0
SADBL,8/28/2016,470.0,479.0,455.0,464.0,-1.28,1025.0,463.0,376.0
SADBL,8/29/2016,464.0,485.0,457.0,485.0,4.53,1199.0,463.0,376.0
SADBL,8/30/2016,485.0,502.0,483.0,483.0,-0.41,2639.0,463.0,376.0
SADBL,8/31/2016,483.0,501.0,480.0,491.0,1.66,1992.0,463.0,376.0
SADBL,9/1/2016,491.0,482.0,482.0,482.0,-1.83,100.0,463.0,376.0
SADBL,9/5/2016,482.0,530.0,491.0,530.0,9.96,8358.0,463.0,376.0
SADBL,9/6/2016,530.0,570.0,540.0,565.0,6.6,24033.0,463.0,376.0
SADBL,9/7/2016,565.0,560.0,540.0,550.0,-2.65,6016.0,463.0,376.0
SADBL,9/8/2016,550.0,561.0,548.0,555.0,0.91,3555.0,463.0,376.0
SADBL,9/11/2016,555.0,580.0,551.0,560.0,0.9,4114.0,463.0,376.0
SADBL,9/12/2016,560.0,565.0,551.0,553.0,-1.25,4673.0,463.0,376.0
SADBL,9/14/2016,553.0,557.0,546.0,546.0,-1.27,3119.0,463.0,376.0
SADBL,9/18/2016,546.0,543.0,528.0,528.0,-3.3,3204.0,463.0,376.0
SADBL,9/20/2016,528.0,530.0,519.0,519.0,-1.7,1275.0,463.0,376.0
SADBL,9/21/2016,519.0,527.0,510.0,527.0,1.54,1189.0,463.0,376.0
SADBL,9/22/2016,527.0,520.0,509.0,519.0,-1.52,3240.0,463.0,376.0
SADBL,9/25/2016,519.0,509.0,492.0,501.0,-3.47,1875.0,463.0,376.0
SADBL,9/26/2016,501.0,515.0,500.0,500.0,-0.2,4621.0,463.0,376.0
SADBL,9/27/2016,500.0,520.0,510.0,520.0,4.0,20.0,463.0,376.0
SADBL,9/28/2016,520.0,530.0,500.0,500.0,-3.85,806.0,463.0,376.0
SADBL,9/29/2016,500.0,500.0,500.0,500.0,0.0,114.0,463.0,376.0
SADBL,10/2/2016,500.0,510.0,480.0,480.0,-4.0,2829.0,463.0,376.0
SADBL,10/3/2016,480.0,500.0,489.0,491.0,2.29,2146.0,463.0,376.0
SADBL,10/4/2016,491.0,527.0,498.0,527.0,7.33,177.0,463.0,376.0
SADBL,10/5/2016,527.0,537.0,512.0,512.0,-2.85,1296.0,463.0,376.0
SADBL,10/6/2016,512.0,515.0,515.0,515.0,0.59,100.0,463.0,376.0
SADBL,10/16/2016,515.0,505.0,505.0,505.0,-1.94,100.0,463.0,376.0
SADBL,10/17/2016,505.0,509.0,509.0,509.0,0.79,300.0,463.0,376.0
SADBL,10/18/2016,509.0,500.0,500.0,500.0,-1.77,100.0,463.0,376.0
SADBL,10/19/2016,500.0,510.0,493.0,493.0,-1.4,605.0,463.0,376.0
SADBL,10/20/2016,493.0,493.0,493.0,493.0,0.0,69.0,463.0,376.0
SADBL,10/23/2016,493.0,492.0,480.0,492.0,-0.2,2722.0,463.0,376.0
SADBL,10/24/2016,492.0,495.0,495.0,495.0,0.61,152.0,463.0,376.0
SADBL,10/25/2016,495.0,490.0,486.0,486.0,-1.82,700.0,463.0,376.0
SADBL,10/26/2016,486.0,481.0,477.0,478.0,-1.65,2150.0,463.0,376.0
SADBL,10/27/2016,478.0,489.0,479.0,482.0,0.84,4165.0,463.0,376.0
SADBL,11/3/2016,482.0,485.0,476.0,485.0,0.62,1701.0,463.0,376.0
SADBL,11/7/2016,485.0,485.0,468.0,468.0,-3.51,2900.0,463.0,376.0
SADBL,11/8/2016,468.0,464.0,460.0,460.0,-1.71,797.0,463.0,376.0
SADBL,11/9/2016,460.0,469.0,460.0,462.0,0.43,1791.0,463.0,376.0
SADBL,11/10/2016,462.0,472.0,454.0,465.0,0.65,8686.0,463.0,376.0
SADBL,11/13/2016,465.0,460.0,450.0,460.0,-1.08,2682.0,463.0,376.0
SADBL,11/14/2016,460.0,455.0,450.0,450.0,-2.17,1003.0,463.0,376.0
SADBL,11/15/2016,450.0,450.0,445.0,450.0,0.0,2829.0,463.0,376.0
SADBL,11/16/2016,450.0,445.0,442.0,442.0,-1.78,190.0,463.0,376.0
SADBL,11/17/2016,442.0,440.0,430.0,432.0,-2.26,2051.0,463.0,376.0
SADBL,11/20/2016,432.0,430.0,429.0,430.0,-0.46,1407.0,463.0,376.0
SADBL,11/21/2016,430.0,429.0,410.0,416.0,-3.26,4144.0,463.0,376.0
SADBL,11/22/2016,416.0,416.0,397.0,397.0,-4.57,2985.0,463.0,376.0
SADBL,11/23/2016,397.0,395.0,373.0,373.0,-6.05,3520.0,463.0,376.0
SADBL,11/24/2016,373.0,387.0,376.0,383.0,2.68,3279.0,463.0,376.0
SADBL,11/27/2016,383.0,380.0,354.0,354.0,-7.57,1794.0,463.0,376.0
SADBL,11/28/2016,354.0,368.0,341.0,368.0,3.95,6310.0,463.0,376.0
SADBL,11/29/2016,368.0,391.0,370.0,391.0,6.25,2452.0,463.0,376.0
SADBL,11/30/2016,391.0,429.0,395.0,422.0,7.93,705.0,463.0,376.0
SADBL,12/1/2016,422.0,418.0,406.0,406.0,-3.79,1157.0,463.0,376.0
SADBL,12/4/2016,406.0,398.0,382.0,382.0,-5.91,1672.0,463.0,376.0
SADBL,12/5/2016,382.0,380.0,375.0,375.0,-1.83,1990.0,463.0,376.0
SADBL,12/6/2016,375.0,380.0,368.0,380.0,1.33,3570.0,463.0,376.0
SADBL,12/7/2016,380.0,382.0,380.0,381.0,0.26,164.0,463.0,376.0
SADBL,12/8/2016,381.0,380.0,378.0,380.0,-0.26,2053.0,463.0,376.0
SADBL,12/11/2016,380.0,380.0,366.0,366.0,-3.68,1100.0,463.0,376.0
SADBL,12/12/2016,366.0,368.0,352.0,352.0,-3.83,2053.0,463.0,376.0
SADBL,12/14/2016,352.0,359.0,359.0,359.0,1.99,280.0,463.0,376.0
SADBL,12/15/2016,359.0,375.0,365.0,375.0,4.46,897.0,463.0,376.0
SADBL,12/18/2016,375.0,370.0,357.0,364.0,-2.93,905.0,463.0,376.0
SADBL,12/19/2016,364.0,364.0,364.0,364.0,0.0,83.0,463.0,376.0
SADBL,12/20/2016,364.0,371.0,359.0,365.0,0.27,1437.0,463.0,376.0
SADBL,12/21/2016,365.0,361.0,353.0,353.0,-3.29,460.0,463.0,376.0
SADBL,12/22/2016,353.0,360.0,350.0,353.0,0.0,1514.0,463.0,376.0
SADBL,12/26/2016,353.0,352.0,347.0,347.0,-1.7,313.0,463.0,376.0
SADBL,12/27/2016,347.0,347.0,340.0,341.0,-1.73,3680.0,463.0,376.0
SADBL,12/28/2016,341.0,341.0,335.0,335.0,-1.76,3141.0,463.0,376.0
SADBL,12/29/2016,335.0,340.0,340.0,340.0,1.49,500.0,463.0,376.0
SADBL,1/1/2017,340.0,346.0,340.0,340.0,0.0,699.0,463.0,376.0
SADBL,1/2/2017,340.0,352.0,337.0,352.0,3.53,2460.0,463.0,376.0
SADBL,1/3/2017,352.0,355.0,347.0,347.0,-1.42,3875.0,463.0,376.0
SADBL,1/4/2017,347.0,347.0,333.0,335.0,-3.46,3606.0,463.0,376.0
SADBL,1/5/2017,335.0,341.0,340.0,340.0,1.49,428.0,463.0,376.0
SADBL,1/8/2017,340.0,334.0,328.0,328.0,-3.53,4278.0,463.0,376.0
SADBL,1/9/2017,328.0,336.0,330.0,332.0,1.22,783.0,463.0,376.0
SADBL,1/10/2017,332.0,334.0,334.0,334.0,0.6,2351.0,463.0,376.0
SADBL,1/11/2017,334.0,340.0,329.0,336.0,0.6,1624.0,463.0,376.0
SADBL,1/12/2017,336.0,330.0,330.0,330.0,-1.79,46.0,463.0,376.0
SADBL,1/16/2017,330.0,336.0,336.0,336.0,1.82,78.0,463.0,376.0
SADBL,1/17/2017,336.0,336.0,335.0,336.0,0.0,288.0,463.0,376.0
SADBL,1/18/2017,336.0,352.0,340.0,352.0,4.76,548.0,463.0,376.0
SADBL,1/22/2017,352.0,345.0,342.0,342.0,-2.84,311.0,463.0,376.0
SADBL,1/23/2017,342.0,344.0,338.0,344.0,0.58,384.0,463.0,376.0
SADBL,1/24/2017,344.0,345.0,322.0,323.0,-6.1,1453.0,463.0,376.0
SADBL,1/25/2017,323.0,325.0,312.0,312.0,-3.41,1714.0,463.0,376.0
SADBL,1/26/2017,312.0,310.0,306.0,307.0,-1.6,618.0,463.0,376.0
SADBL,1/30/2017,307.0,307.0,280.0,280.0,-8.79,2666.0,463.0,376.0
SADBL,1/31/2017,280.0,290.0,285.0,290.0,3.57,200.0,463.0,376.0
SADBL,2/1/2017,290.0,312.0,292.0,312.0,7.59,807.0,463.0,376.0
SADBL,2/2/2017,312.0,312.0,300.0,309.0,-0.96,2389.0,463.0,376.0
SADBL,2/5/2017,309.0,303.0,300.0,300.0,-2.91,270.0,463.0,376.0
SADBL,2/6/2017,300.0,299.0,295.0,299.0,-0.33,1127.0,463.0,376.0
SADBL,2/7/2017,299.0,300.0,300.0,300.0,0.33,285.0,463.0,376.0
SADBL,2/8/2017,300.0,300.0,290.0,297.0,-1.0,2888.0,463.0,376.0
SADBL,2/9/2017,297.0,292.0,287.0,287.0,-3.37,877.0,463.0,376.0
SADBL,2/12/2017,287.0,285.0,273.0,273.0,-4.88,3551.0,463.0,376.0
SADBL,2/13/2017,273.0,284.0,264.0,284.0,4.03,1548.0,463.0,376.0
SADBL,2/14/2017,284.0,294.0,284.0,290.0,2.11,779.0,463.0,376.0
SADBL,2/15/2017,290.0,316.0,290.0,316.0,8.97,746.0,463.0,376.0
SADBL,2/16/2017,316.0,315.0,302.0,315.0,-0.32,2786.0,463.0,376.0
SADBL,2/19/2017,315.0,325.0,315.0,325.0,3.17,1700.0,463.0,376.0
SADBL,2/20/2017,325.0,331.0,325.0,325.0,0.0,450.0,463.0,376.0
SADBL,2/21/2017,325.0,343.0,325.0,325.0,0.0,489.0,463.0,376.0
SADBL,2/22/2017,325.0,325.0,319.0,325.0,0.0,733.0,463.0,376.0
SADBL,2/23/2017,325.0,325.0,310.0,310.0,-4.62,1673.0,463.0,376.0
SADBL,2/26/2017,310.0,306.0,305.0,305.0,-1.61,253.0,463.0,376.0
SADBL,2/28/2017,305.0,301.0,300.0,300.0,-1.64,600.0,463.0,376.0
SADBL,3/1/2017,300.0,305.0,298.0,300.0,0.0,6666.0,463.0,376.0
SADBL,3/2/2017,300.0,305.0,294.0,297.0,-1.0,5249.0,463.0,376.0
SADBL,3/5/2017,297.0,303.0,297.0,302.0,1.68,2384.0,463.0,376.0
SADBL,3/6/2017,302.0,307.0,305.0,305.0,0.99,698.0,463.0,376.0
SADBL,3/7/2017,305.0,304.0,304.0,304.0,-0.33,50.0,463.0,376.0
SADBL,3/9/2017,304.0,300.0,295.0,297.0,-2.3,4410.0,463.0,376.0
SADBL,3/13/2017,297.0,302.0,295.0,300.0,1.01,1137.0,463.0,376.0
SADBL,3/14/2017,300.0,300.0,300.0,300.0,0.0,108.0,463.0,376.0
SADBL,3/15/2017,300.0,300.0,292.0,292.0,-2.67,7575.0,463.0,376.0
SADBL,3/16/2017,292.0,297.0,296.0,296.0,1.37,2400.0,463.0,376.0
SADBL,3/19/2017,296.0,305.0,297.0,302.0,2.03,2070.0,463.0,376.0
SADBL,3/20/2017,302.0,314.0,302.0,314.0,3.97,5778.0,463.0,376.0
SADBL,3/21/2017,314.0,326.0,310.0,324.0,3.18,2330.0,463.0,376.0
SADBL,3/22/2017,324.0,354.0,324.0,341.0,5.25,6454.0,463.0,376.0
SADBL,3/23/2017,341.0,344.0,329.0,344.0,0.88,2524.0,463.0,376.0
SADBL,3/26/2017,344.0,358.0,350.0,352.0,2.33,3186.0,463.0,376.0
SADBL,3/28/2017,352.0,365.0,359.0,360.0,2.27,1054.0,463.0,376.0
SADBL,3/29/2017,360.0,374.0,360.0,361.0,0.28,9715.0,463.0,376.0
SADBL,3/30/2017,361.0,370.0,357.0,370.0,2.49,5638.0,463.0,376.0
SADBL,4/2/2017,370.0,381.0,374.0,381.0,2.97,812.0,463.0,376.0
SADBL,4/3/2017,381.0,402.0,374.0,374.0,-1.84,2639.0,463.0,376.0
SADBL,4/4/2017,374.0,390.0,380.0,386.0,3.21,4866.0,463.0,376.0
SADBL,4/6/2017,386.0,405.0,390.0,405.0,4.92,8508.0,463.0,376.0
SADBL,4/9/2017,405.0,415.0,405.0,415.0,2.47,7010.0,463.0,376.0
SADBL,4/10/2017,415.0,436.0,415.0,432.0,4.1,12945.0,463.0,376.0
SADBL,4/11/2017,432.0,456.0,433.0,456.0,5.56,13599.0,463.0,376.0
SADBL,4/12/2017,456.0,500.0,460.0,481.0,5.48,20783.0,463.0,376.0
SADBL,4/13/2017,481.0,490.0,472.0,475.0,-1.25,6771.0,463.0,376.0
SADBL,4/16/2017,475.0,484.0,460.0,460.0,-3.16,4550.0,463.0,376.0
SADBL,4/18/2017,460.0,455.0,445.0,445.0,-3.26,11740.0,463.0,376.0
SADBL,4/19/2017,445.0,477.0,440.0,477.0,7.19,9534.0,463.0,376.0
SADBL,4/20/2017,477.0,486.0,461.0,461.0,-3.35,2861.0,463.0,376.0
SADBL,4/23/2017,461.0,479.0,461.0,461.0,0.0,3066.0,463.0,376.0
SADBL,4/24/2017,461.0,464.0,455.0,456.0,-1.08,1094.0,463.0,376.0
SADBL,4/25/2017,456.0,460.0,445.0,448.0,-1.75,10795.0,463.0,376.0
SADBL,4/26/2017,448.0,460.0,455.0,455.0,1.56,6300.0,463.0,376.0
SADBL,4/27/2017,455.0,473.0,450.0,462.0,1.54,2126.0,463.0,376.0
SADBL,4/30/2017,462.0,459.0,450.0,455.0,-1.52,3589.0,463.0,376.0
SADBL,5/2/2017,455.0,465.0,450.0,452.0,-0.66,6614.0,463.0,376.0
SADBL,5/3/2017,452.0,461.0,450.0,455.0,0.66,13991.0,463.0,376.0
SADBL,5/4/2017,455.0,484.0,450.0,484.0,6.37,4041.0,463.0,376.0
SADBL,5/7/2017,484.0,493.0,461.0,461.0,-4.75,5185.0,463.0,376.0
SADBL,5/8/2017,461.0,480.0,456.0,480.0,4.12,11699.0,463.0,376.0
SADBL,5/9/2017,480.0,491.0,480.0,491.0,2.29,14658.0,463.0,376.0
SADBL,5/11/2017,491.0,522.0,495.0,518.0,5.5,55841.0,463.0,376.0
SADBL,5/15/2017,518.0,520.0,490.0,500.0,-3.47,35425.0,463.0,376.0
SADBL,5/16/2017,500.0,500.0,490.0,490.0,-2.0,10254.0,463.0,376.0
SADBL,5/17/2017,490.0,498.0,488.0,492.0,0.41,31692.0,463.0,376.0
SADBL,5/18/2017,424.0,432.0,412.0,414.0,-15.85,3594.0,463.0,376.0
SADBL,5/21/2017,414.0,417.0,411.0,411.0,-0.72,2243.0,463.0,376.0
SADBL,5/22/2017,411.0,408.0,406.0,406.0,-1.22,2566.0,463.0,376.0
SADBL,5/23/2017,406.0,420.0,408.0,420.0,3.45,6401.0,463.0,376.0
SADBL,5/24/2017,420.0,426.0,410.0,426.0,1.43,2920.0,463.0,376.0
SADBL,5/28/2017,426.0,426.0,410.0,410.0,-3.76,4000.0,463.0,376.0
SADBL,5/30/2017,410.0,418.0,400.0,400.0,-2.44,4570.0,463.0,376.0
SADBL,5/31/2017,400.0,419.0,397.0,419.0,4.75,732.0,463.0,376.0
SADBL,6/1/2017,419.0,420.0,413.0,415.0,-0.95,3372.0,463.0,376.0
SADBL,6/4/2017,415.0,425.0,410.0,410.0,-1.2,6756.0,463.0,376.0
SADBL,6/5/2017,410.0,430.0,417.0,426.0,3.9,7744.0,463.0,376.0
SADBL,6/6/2017,426.0,436.0,425.0,436.0,2.35,9757.0,463.0,376.0
SADBL,6/7/2017,436.0,444.0,422.0,422.0,-3.21,11921.0,463.0,376.0
SADBL,6/8/2017,422.0,433.0,423.0,428.0,1.42,6211.0,463.0,376.0
SADBL,6/11/2017,428.0,428.0,420.0,420.0,-1.87,2410.0,463.0,376.0
SADBL,6/12/2017,420.0,412.0,410.0,410.0,-2.38,900.0,463.0,376.0
SADBL,6/13/2017,410.0,415.0,410.0,414.0,0.98,5841.0,463.0,376.0
SADBL,6/14/2017,414.0,414.0,405.0,407.0,-1.69,6856.0,463.0,376.0
SADBL,6/15/2017,407.0,418.0,409.0,418.0,2.7,4025.0,463.0,376.0
SADBL,6/18/2017,418.0,419.0,419.0,419.0,0.24,50.0,463.0,376.0
SADBL,6/19/2017,419.0,420.0,410.0,410.0,-2.15,270.0,463.0,376.0
SADBL,6/20/2017,410.0,405.0,398.0,405.0,-1.22,7987.0,463.0,376.0
SADBL,6/21/2017,405.0,408.0,398.0,398.0,-1.73,4440.0,463.0,376.0
SADBL,6/22/2017,398.0,412.0,398.0,405.0,1.76,2490.0,463.0,376.0
SADBL,6/25/2017,405.0,413.0,397.0,400.0,-1.23,3160.0,463.0,376.0
SADBL,6/27/2017,400.0,400.0,388.0,388.0,-3.0,4702.0,463.0,376.0
SADBL,6/28/2017,388.0,405.0,395.0,400.0,3.09,1210.0,463.0,376.0
SADBL,7/2/2017,400.0,395.0,390.0,395.0,-1.25,3430.0,463.0,376.0
SADBL,7/3/2017,395.0,391.0,385.0,385.0,-2.53,5700.0,463.0,376.0
SADBL,7/4/2017,385.0,392.0,382.0,382.0,-0.78,1626.0,463.0,376.0
SADBL,7/5/2017,382.0,379.0,374.0,379.0,-0.79,11874.0,463.0,376.0
SADBL,7/6/2017,379.0,394.0,374.0,394.0,3.96,7324.0,463.0,376.0
SADBL,7/9/2017,394.0,402.0,380.0,389.0,-1.27,8833.0,463.0,376.0
SADBL,7/10/2017,389.0,396.0,385.0,390.0,0.26,2060.0,463.0,376.0
SADBL,7/11/2017,390.0,397.0,392.0,394.0,1.03,2698.0,463.0,376.0
SADBL,7/12/2017,394.0,400.0,390.0,400.0,1.52,4969.0,463.0,376.0
SADBL,7/13/2017,400.0,400.0,388.0,390.0,-2.5,2125.0,463.0,376.0
SADBL,7/16/2017,390.0,395.0,390.0,390.0,0.0,3944.0,463.0,376.0
SADBL,7/17/2017,390.0,404.0,395.0,404.0,3.59,4780.0,463.0,376.0
SADBL,7/18/2017,404.0,412.0,400.0,408.0,0.99,5075.0,463.0,376.0
SADBL,7/19/2017,408.0,424.0,415.0,415.0,1.72,5194.0,463.0,376.0
SADBL,7/20/2017,415.0,414.0,409.0,409.0,-1.45,4120.0,463.0,376.0
SADBL,7/23/2017,409.0,411.0,402.0,405.0,-0.98,2358.0,463.0,376.0
SADBL,7/24/2017,405.0,420.0,406.0,420.0,3.7,742.0,463.0,376.0
SADBL,7/25/2017,420.0,422.0,413.0,422.0,0.48,3993.0,463.0,376.0
SADBL,7/26/2017,422.0,420.0,410.0,410.0,-2.84,5493.0,463.0,376.0
SADBL,7/27/2017,410.0,421.0,410.0,411.0,0.24,8265.0,463.0,376.0
SADBL,7/30/2017,411.0,412.0,409.0,412.0,0.24,852.0,463.0,376.0
SADBL,7/31/2017,412.0,415.0,412.0,413.0,0.24,2907.0,463.0,376.0
SADBL,8/1/2017,413.0,420.0,413.0,419.0,1.45,4949.0,463.0,376.0
SADBL,8/2/2017,419.0,422.0,413.0,419.0,0.0,2060.0,463.0,376.0
SADBL,8/3/2017,419.0,420.0,415.0,415.0,-0.95,5120.0,463.0,376.0
SADBL,8/6/2017,415.0,426.0,417.0,417.0,0.48,11935.0,463.0,376.0
SADBL,8/7/2017,417.0,425.0,415.0,417.0,0.0,6326.0,463.0,376.0
SADBL,8/9/2017,417.0,421.0,415.0,415.0,-0.48,4290.0,463.0,376.0
SADBL,8/10/2017,415.0,418.0,410.0,410.0,-1.2,5582.0,463.0,376.0
SADBL,8/13/2017,410.0,418.0,407.0,407.0,-0.73,5720.0,463.0,376.0
SADBL,8/15/2017,407.0,409.0,400.0,405.0,-0.49,3233.0,463.0,376.0
SADBL,8/16/2017,405.0,408.0,403.0,403.0,-0.49,3031.0,463.0,376.0
SADBL,8/17/2017,403.0,405.0,400.0,400.0,-0.74,3829.0,463.0,376.0
SADBL,8/20/2017,400.0,400.0,383.0,383.0,-4.25,4304.0,463.0,376.0
SADBL,8/21/2017,383.0,400.0,387.0,395.0,3.13,1210.0,463.0,376.0
SADBL,8/22/2017,395.0,400.0,367.0,380.0,-3.8,15076.0,463.0,376.0
SADBL,8/23/2017,380.0,393.0,380.0,393.0,3.42,2720.0,463.0,376.0
SADBL,8/24/2017,393.0,400.0,386.0,400.0,1.78,8003.0,463.0,376.0
SADBL,8/27/2017,400.0,401.0,385.0,392.0,-2.0,3677.0,463.0,376.0
SADBL,8/28/2017,392.0,390.0,385.0,387.0,-1.28,3131.0,463.0,376.0
SADBL,8/30/2017,387.0,385.0,378.0,378.0,-2.33,9177.0,463.0,376.0
SADBL,8/31/2017,378.0,382.0,373.0,375.0,-0.79,5339.0,463.0,376.0
SADBL,9/4/2017,375.0,380.0,367.0,367.0,-2.13,16651.0,463.0,376.0
SADBL,9/6/2017,367.0,380.0,368.0,368.0,0.27,14687.0,463.0,376.0
SADBL,9/7/2017,368.0,371.0,368.0,368.0,0.0,2175.0,463.0,376.0
SADBL,9/10/2017,368.0,375.0,360.0,360.0,-2.17,7520.0,463.0,376.0
SADBL,9/11/2017,360.0,365.0,353.0,360.0,0.0,6039.0,463.0,376.0
SADBL,9/12/2017,360.0,360.0,351.0,354.0,-1.67,4860.0,463.0,376.0
SADBL,9/13/2017,354.0,366.0,347.0,350.0,-1.13,11860.0,463.0,376.0
SADBL,9/14/2017,350.0,360.0,350.0,357.0,2.0,5739.0,463.0,376.0
SADBL,9/17/2017,357.0,371.0,360.0,365.0,2.24,3130.0,463.0,376.0
SADBL,9/18/2017,365.0,378.0,368.0,370.0,1.37,8080.0,463.0,376.0
SADBL,9/20/2017,370.0,377.0,361.0,368.0,-0.54,2202.0,463.0,376.0
SADBL,9/24/2017,368.0,368.0,363.0,365.0,-0.82,2397.0,463.0,376.0
SADBL,9/25/2017,365.0,377.0,365.0,369.0,1.1,2910.0,463.0,376.0
SADBL,9/26/2017,369.0,375.0,371.0,371.0,0.54,1638.0,463.0,376.0
SADBL,10/3/2017,371.0,378.0,366.0,378.0,1.89,82.0,463.0,376.0
SADBL,10/4/2017,378.0,385.0,372.0,372.0,-1.59,1126.0,463.0,376.0
SADBL,10/8/2017,372.0,368.0,353.0,363.0,-2.42,7604.0,463.0,376.0
SADBL,10/9/2017,363.0,371.0,357.0,371.0,2.2,1707.0,463.0,376.0
SADBL,10/10/2017,371.0,371.0,365.0,370.0,-0.27,6577.0,463.0,376.0
SADBL,10/11/2017,370.0,373.0,358.0,372.0,0.54,1672.0,463.0,376.0
SADBL,10/12/2017,372.0,368.0,360.0,366.0,-1.61,5612.0,463.0,376.0
SADBL,10/15/2017,366.0,373.0,369.0,369.0,0.82,638.0,463.0,376.0
SADBL,10/16/2017,369.0,390.0,373.0,390.0,5.69,5156.0,463.0,376.0
SADBL,10/17/2017,390.0,390.0,379.0,387.0,-0.77,7517.0,463.0,376.0
SADBL,10/18/2017,387.0,389.0,380.0,386.0,-0.26,2385.0,463.0,376.0
SADBL,10/22/2017,386.0,393.0,382.0,393.0,1.81,2005.0,463.0,376.0
SADBL,10/23/2017,393.0,399.0,388.0,389.0,-1.02,2296.0,463.0,376.0
SADBL,10/24/2017,389.0,391.0,385.0,391.0,0.51,654.0,463.0,376.0
SADBL,10/25/2017,391.0,391.0,380.0,380.0,-2.81,4651.0,463.0,376.0
SADBL,10/29/2017,380.0,380.0,373.0,378.0,-0.53,1450.0,463.0,376.0
SADBL,10/30/2017,378.0,385.0,375.0,375.0,-0.79,3291.0,463.0,376.0
SADBL,10/31/2017,375.0,375.0,370.0,370.0,-1.33,1960.0,463.0,376.0
SADBL,11/1/2017,370.0,365.0,362.0,365.0,-1.35,1840.0,463.0,376.0
SADBL,11/2/2017,365.0,365.0,358.0,363.0,-0.55,3223.0,463.0,376.0
SADBL,11/5/2017,363.0,367.0,352.0,367.0,1.1,3786.0,463.0,376.0
SADBL,11/6/2017,367.0,374.0,355.0,355.0,-3.27,2278.0,463.0,376.0
SADBL,11/7/2017,355.0,360.0,345.0,360.0,1.41,12591.0,463.0,376.0
SADBL,11/8/2017,360.0,355.0,340.0,349.0,-3.06,2070.0,463.0,376.0
SADBL,11/9/2017,349.0,360.0,340.0,346.0,-0.86,3270.0,463.0,376.0
SADBL,11/12/2017,346.0,357.0,345.0,357.0,3.18,2445.0,463.0,376.0
SADBL,11/13/2017,357.0,356.0,343.0,353.0,-1.12,12727.0,463.0,376.0
SADBL,11/14/2017,353.0,360.0,346.0,355.0,0.57,13007.0,463.0,376.0
SADBL,11/15/2017,355.0,355.0,350.0,351.0,-1.13,14542.0,463.0,376.0
SADBL,11/16/2017,351.0,358.0,350.0,350.0,-0.28,10814.0,463.0,376.0
SADBL,11/19/2017,350.0,357.0,341.0,348.0,-0.57,2445.0,463.0,376.0
SADBL,11/20/2017,348.0,354.0,348.0,350.0,0.57,1189.0,463.0,376.0
SADBL,11/21/2017,350.0,348.0,343.0,345.0,-1.43,2223.0,463.0,376.0
SADBL,11/22/2017,345.0,351.0,342.0,342.0,-0.87,2761.0,463.0,376.0
SADBL,11/23/2017,342.0,348.0,342.0,348.0,1.75,18375.0,463.0,376.0
SADBL,11/26/2017,348.0,351.0,343.0,343.0,-1.44,4759.0,463.0,376.0
SADBL,11/27/2017,343.0,353.0,347.0,350.0,2.04,1385.0,463.0,376.0
SADBL,11/28/2017,350.0,355.0,347.0,355.0,1.43,3864.0,463.0,376.0
SADBL,11/29/2017,355.0,360.0,345.0,356.0,0.28,2820.0,463.0,376.0
SADBL,11/30/2017,356.0,355.0,347.0,353.0,-0.84,2681.0,463.0,376.0
SADBL,12/4/2017,353.0,356.0,350.0,352.0,-0.28,3415.0,463.0,376.0
SADBL,12/5/2017,352.0,355.0,350.0,355.0,0.85,7168.0,463.0,376.0
SADBL,12/6/2017,355.0,364.0,358.0,362.0,1.97,16170.0,463.0,376.0
SADBL,12/10/2017,362.0,363.0,355.0,360.0,-0.55,5406.0,463.0,376.0
SADBL,12/11/2017,360.0,363.0,346.0,347.0,-3.61,16426.0,463.0,376.0
SADBL,12/12/2017,347.0,347.0,330.0,334.0,-3.75,59380.0,463.0,376.0
SADBL,12/13/2017,230.0,230.0,223.0,227.0,-32.04,8458.0,463.0,376.0
SADBL,12/14/2017,227.0,224.0,220.0,223.0,-1.76,4436.0,463.0,376.0
SADBL,12/17/2017,223.0,224.0,216.0,220.0,-1.35,2283.0,463.0,376.0
SADBL,12/18/2017,220.0,216.0,212.0,214.0,-2.73,2836.0,463.0,376.0
SADBL,12/19/2017,214.0,221.0,213.0,214.0,0.0,475.0,463.0,376.0
SADBL,12/20/2017,214.0,214.0,210.0,212.0,-0.93,570.0,463.0,376.0
SADBL,12/21/2017,212.0,214.0,210.0,212.0,0.0,932.0,463.0,376.0
SADBL,12/24/2017,212.0,216.0,211.0,211.0,-0.47,2730.0,463.0,376.0
SADBL,12/26/2017,211.0,208.0,199.0,199.0,-5.69,4276.0,463.0,376.0
SADBL,12/27/2017,199.0,199.0,195.0,196.0,-1.51,3070.0,463.0,376.0
SADBL,12/28/2017,196.0,193.0,185.0,190.0,-3.06,6751.0,463.0,376.0
SADBL,12/31/2017,190.0,196.0,187.0,188.0,-1.05,3214.0,463.0,376.0
SADBL,1/1/2018,188.0,197.0,188.0,197.0,4.79,5287.0,463.0,376.0
SADBL,1/2/2018,197.0,203.0,194.0,200.0,1.52,3030.0,463.0,376.0
SADBL,1/3/2018,200.0,202.0,198.0,200.0,0.0,4663.0,463.0,376.0
SADBL,1/4/2018,200.0,206.0,196.0,198.0,-1.0,1140.0,463.0,376.0
SADBL,1/7/2018,198.0,200.0,196.0,200.0,1.01,1639.0,463.0,376.0
SADBL,1/8/2018,200.0,204.0,198.0,199.0,-0.5,2688.0,463.0,376.0
SADBL,1/9/2018,199.0,203.0,200.0,200.0,0.5,3007.0,463.0,376.0
SADBL,1/10/2018,200.0,199.0,197.0,197.0,-1.5,3190.0,463.0,376.0
SADBL,1/14/2018,197.0,197.0,195.0,196.0,-0.51,209.0,463.0,376.0
SADBL,1/16/2018,196.0,199.0,188.0,199.0,1.53,2297.0,463.0,376.0
SADBL,1/17/2018,199.0,196.0,193.0,193.0,-3.02,1091.0,463.0,376.0
SADBL,1/21/2018,193.0,194.0,189.0,189.0,-2.07,2861.0,463.0,376.0
SADBL,1/22/2018,189.0,192.0,185.0,186.0,-1.59,5446.0,463.0,376.0
SADBL,1/23/2018,186.0,186.0,183.0,186.0,0.0,4214.0,463.0,376.0
SADBL,1/24/2018,186.0,190.0,185.0,190.0,2.15,2334.0,463.0,376.0
SADBL,1/25/2018,190.0,187.0,187.0,187.0,-1.58,500.0,463.0,376.0
SADBL,1/28/2018,187.0,193.0,185.0,187.0,0.0,1415.0,463.0,376.0
SADBL,1/29/2018,187.0,189.0,183.0,183.0,-2.14,6177.0,463.0,376.0
SADBL,1/31/2018,183.0,189.0,185.0,188.0,2.73,4016.0,463.0,376.0
SADBL,2/1/2018,188.0,191.0,186.0,191.0,1.6,2512.0,463.0,376.0
SADBL,2/4/2018,191.0,193.0,190.0,193.0,1.05,4602.0,463.0,376.0
SADBL,2/5/2018,193.0,194.0,190.0,190.0,-1.55,3132.0,463.0,376.0
SADBL,2/6/2018,190.0,193.0,188.0,188.0,-1.05,760.0,463.0,376.0
SADBL,2/7/2018,188.0,191.0,183.0,186.0,-1.06,5201.0,463.0,376.0
SADBL,2/8/2018,186.0,191.0,186.0,187.0,0.54,3900.0,463.0,376.0
SADBL,2/11/2018,187.0,187.0,183.0,187.0,0.0,1882.0,463.0,376.0
SADBL,2/12/2018,187.0,189.0,186.0,189.0,1.07,1868.0,463.0,376.0
SADBL,2/14/2018,189.0,189.0,183.0,189.0,0.0,4657.0,463.0,376.0
SADBL,2/15/2018,189.0,194.0,190.0,193.0,2.12,6909.0,463.0,376.0
SADBL,2/18/2018,196.0,199.0,192.0,195.0,1.04,7842.0,463.0,376.0
SADBL,2/20/2018,195.0,197.0,189.0,190.0,-2.56,2316.0,463.0,376.0
SADBL,2/21/2018,190.0,190.0,187.0,187.0,-1.58,1456.0,463.0,376.0
SADBL,2/22/2018,187.0,190.0,186.0,189.0,1.07,1741.0,463.0,376.0
SADBL,2/25/2018,189.0,193.0,189.0,190.0,0.53,655.0,463.0,376.0
SADBL,2/26/2018,189.0,189.0,186.0,189.0,-0.53,1250.0,463.0,376.0
SADBL,2/27/2018,188.0,190.0,186.0,187.0,-1.06,29278.0,463.0,376.0
SADBL,2/28/2018,187.0,188.0,180.0,180.0,-3.74,1727.0,463.0,376.0
SADBL,3/4/2018,179.0,179.0,167.0,168.0,-6.67,1368.0,463.0,376.0
SADBL,3/5/2018,171.0,174.0,169.0,169.0,0.6,2530.0,463.0,376.0
SADBL,3/6/2018,169.0,175.0,166.0,174.0,2.96,2053.0,463.0,376.0
SADBL,3/7/2018,175.0,181.0,174.0,180.0,3.45,5137.0,463.0,376.0
SADBL,3/11/2018,183.0,183.0,171.0,171.0,-5.0,2112.0,463.0,376.0
SADBL,3/12/2018,174.0,183.0,174.0,183.0,7.02,198.0,463.0,376.0
SADBL,3/13/2018,186.0,180.0,173.0,179.0,-2.19,1509.0,463.0,376.0
SADBL,3/14/2018,182.0,184.0,175.0,175.0,-2.23,5100.0,463.0,376.0
SADBL,3/15/2018,175.0,181.0,175.0,178.0,1.71,3625.0,463.0,376.0
SADBL,3/18/2018,178.0,183.0,178.0,178.0,0.0,977.0,463.0,376.0
SADBL,3/19/2018,180.0,180.0,172.0,172.0,-3.37,3029.0,463.0,376.0
SADBL,3/20/2018,170.0,170.0,165.0,167.0,-2.91,4776.0,463.0,376.0
SADBL,3/21/2018,168.0,168.0,166.0,167.0,0.0,4042.0,463.0,376.0
SADBL,3/22/2018,164.0,169.0,161.0,164.0,-1.8,7394.0,463.0,376.0
SADBL,3/26/2018,161.0,164.0,157.0,157.0,-4.27,4847.0,463.0,376.0
SADBL,3/27/2018,155.0,167.0,154.0,167.0,6.37,990.0,463.0,376.0
SADBL,3/28/2018,168.0,172.0,165.0,165.0,-1.2,2379.0,463.0,376.0
SADBL,3/29/2018,165.0,169.0,165.0,169.0,2.42,1694.0,463.0,376.0
SADBL,4/1/2018,166.0,168.0,160.0,163.0,-3.55,5146.0,463.0,376.0
SADBL,4/2/2018,161.0,161.0,156.0,156.0,-4.29,6434.0,463.0,376.0
SADBL,4/3/2018,158.0,162.0,158.0,162.0,3.85,1680.0,463.0,376.0
SADBL,4/4/2018,160.0,171.0,160.0,171.0,5.56,3280.0,463.0,376.0
SADBL,4/5/2018,174.0,175.0,168.0,173.0,1.17,5994.0,463.0,376.0
SADBL,4/8/2018,175.0,180.0,170.0,176.0,1.73,8356.0,463.0,376.0
SADBL,4/9/2018,177.0,179.0,172.0,172.0,-2.27,2790.0,463.0,376.0
SADBL,4/10/2018,169.0,175.0,169.0,170.0,-1.16,1797.0,463.0,376.0
SADBL,4/11/2018,173.0,174.0,168.0,173.0,1.76,2639.0,463.0,376.0
SADBL,4/12/2018,176.0,177.0,173.0,174.0,0.58,2405.0,463.0,376.0
SADBL,4/15/2018,177.0,179.0,177.0,179.0,2.87,179.0,463.0,376.0
SADBL,4/16/2018,182.0,187.0,176.0,182.0,1.68,5900.0,463.0,376.0
SADBL,4/17/2018,182.0,188.0,182.0,186.0,2.2,1389.0,463.0,376.0
SADBL,4/18/2018,189.0,200.0,185.0,196.0,5.38,14599.0,463.0,376.0
SADBL,4/19/2018,199.0,202.0,196.0,199.0,1.53,14472.0,463.0,376.0
SADBL,4/22/2018,202.0,210.0,200.0,207.0,4.02,14576.0,463.0,376.0
SADBL,4/23/2018,211.0,211.0,201.0,205.0,-0.97,10555.0,463.0,376.0
SADBL,4/24/2018,209.0,209.0,194.0,194.0,-5.37,16698.0,463.0,376.0
SADBL,4/25/2018,194.0,197.0,190.0,190.0,-2.06,7474.0,463.0,376.0
SADBL,4/26/2018,193.0,193.0,184.0,184.0,-3.16,5309.0,463.0,376.0
SADBL,4/29/2018,183.0,191.0,183.0,191.0,3.8,450.0,463.0,376.0
SADBL,5/2/2018,188.0,197.0,184.0,197.0,3.14,3096.0,463.0,376.0
SADBL,5/3/2018,200.0,200.0,192.0,192.0,-2.54,3503.0,463.0,376.0
SADBL,5/6/2018,189.0,189.0,176.0,180.0,-6.25,50581.0,463.0,376.0
SADBL,5/7/2018,179.0,181.0,178.0,180.0,0.0,10337.0,463.0,376.0
SADBL,5/8/2018,183.0,183.0,175.0,180.0,0.0,22913.0,463.0,376.0
SADBL,5/9/2018,177.0,183.0,177.0,179.0,-0.56,7245.0,463.0,376.0
SADBL,5/10/2018,180.0,182.0,178.0,178.0,-0.56,4806.0,463.0,376.0
SADBL,5/14/2018,175.0,180.0,173.0,174.0,-2.25,9064.0,463.0,376.0
SADBL,5/15/2018,175.0,175.0,174.0,175.0,0.57,889.0,463.0,376.0
SADBL,5/16/2018,175.0,178.0,173.0,176.0,0.57,4806.0,463.0,376.0
SADBL,5/17/2018,179.0,179.0,172.0,176.0,0.0,14037.0,463.0,376.0
SADBL,5/20/2018,176.0,179.0,173.0,174.0,-1.14,4265.0,463.0,376.0
SADBL,5/21/2018,175.0,175.0,171.0,174.0,0.0,8267.0,463.0,376.0
SADBL,5/22/2018,171.0,174.0,171.0,172.0,-1.15,913.0,463.0,376.0
SADBL,5/23/2018,172.0,173.0,170.0,172.0,0.0,15359.0,463.0,376.0
SADBL,5/24/2018,175.0,175.0,167.0,167.0,-2.91,11654.0,463.0,376.0
SADBL,5/27/2018,167.0,170.0,167.0,167.0,0.0,3446.0,463.0,376.0
SADBL,5/28/2018,164.0,179.0,164.0,175.0,4.79,8215.0,463.0,376.0
SADBL,5/29/2018,178.0,178.0,169.0,171.0,-2.29,11502.0,463.0,376.0
SADBL,5/30/2018,173.0,174.0,170.0,170.0,-0.58,9977.0,463.0,376.0
SADBL,5/31/2018,169.0,171.0,169.0,170.0,0.0,4477.0,463.0,376.0
SADBL,6/3/2018,168.0,173.0,163.0,163.0,-4.12,17523.0,463.0,376.0
SADBL,6/4/2018,161.0,168.0,161.0,166.0,1.84,5290.0,463.0,376.0
SADBL,6/6/2018,167.0,169.0,162.0,162.0,-2.41,3993.0,463.0,376.0
SADBL,6/7/2018,163.0,166.0,161.0,161.0,-0.62,69870.0,463.0,376.0
SADBL,6/10/2018,164.0,164.0,159.0,160.0,-0.62,5507.0,463.0,376.0
SADBL,6/11/2018,163.0,163.0,160.0,162.0,1.25,7274.0,463.0,376.0
SADBL,6/12/2018,162.0,164.0,162.0,162.0,0.0,3414.0,463.0,376.0
SADBL,6/13/2018,163.0,163.0,161.0,163.0,0.62,1995.0,463.0,376.0
SADBL,6/14/2018,166.0,167.0,163.0,163.0,0.0,3857.0,463.0,376.0
SADBL,6/17/2018,163.0,165.0,162.0,163.0,0.0,6078.0,463.0,376.0
SADBL,6/18/2018,159.0,159.0,152.0,155.0,-4.91,10450.0,463.0,376.0
SADBL,6/19/2018,155.0,155.0,153.0,153.0,-1.29,1753.0,463.0,376.0
SADBL,6/20/2018,151.0,155.0,151.0,152.0,-0.65,3563.0,463.0,376.0
SADBL,6/21/2018,153.0,153.0,148.0,149.0,-1.97,4250.0,463.0,376.0
SADBL,6/24/2018,150.0,152.0,150.0,152.0,2.01,873.0,463.0,376.0
SADBL,6/25/2018,150.0,151.0,146.0,146.0,-3.95,5234.0,463.0,376.0
SADBL,6/26/2018,147.0,150.0,147.0,150.0,2.74,3908.0,463.0,376.0
SADBL,6/27/2018,150.0,150.0,149.0,150.0,0.0,4100.0,463.0,376.0
SADBL,6/28/2018,149.0,150.0,149.0,150.0,0.0,3960.0,463.0,376.0
SADBL,7/1/2018,149.0,149.0,148.0,149.0,-0.67,3050.0,463.0,376.0
SADBL,7/2/2018,147.0,151.0,147.0,151.0,1.34,1386.0,463.0,376.0
SADBL,7/3/2018,151.0,152.0,150.0,150.0,-0.66,1480.0,463.0,376.0
SADBL,7/4/2018,147.0,155.0,147.0,155.0,3.33,4738.0,463.0,376.0
SADBL,7/5/2018,153.0,155.0,150.0,155.0,0.0,4708.0,463.0,376.0
SADBL,7/8/2018,155.0,155.0,150.0,150.0,-3.23,5936.0,463.0,376.0
SADBL,7/9/2018,149.0,151.0,148.0,148.0,-1.33,2618.0,463.0,376.0
SADBL,7/10/2018,149.0,150.0,148.0,149.0,0.68,12778.0,463.0,376.0
SADBL,7/11/2018,151.0,151.0,145.0,147.0,-1.34,3400.0,463.0,376.0
SADBL,7/12/2018,148.0,150.0,145.0,145.0,-1.36,17487.0,463.0,376.0
SADBL,7/15/2018,147.0,149.0,146.0,149.0,2.76,896.0,463.0,376.0
SADBL,7/16/2018,149.0,157.0,147.0,157.0,5.37,7571.0,463.0,376.0
SADBL,7/17/2018,157.0,157.0,147.0,154.0,-1.91,18284.0,463.0,376.0
SADBL,7/18/2018,151.0,153.0,142.0,153.0,-0.65,18562.0,463.0,376.0
SADBL,7/19/2018,150.0,150.0,148.0,149.0,-2.61,8255.0,463.0,376.0
SADBL,7/22/2018,149.0,149.0,145.0,147.0,-1.34,10042.0,463.0,376.0
SADBL,7/23/2018,148.0,149.0,147.0,147.0,0.0,1705.0,463.0,376.0
SADBL,7/24/2018,149.0,151.0,147.0,149.0,1.36,8028.0,463.0,376.0
SADBL,7/25/2018,147.0,150.0,145.0,150.0,0.67,1073.0,463.0,376.0
SADBL,7/26/2018,153.0,153.0,148.0,148.0,-1.33,1236.0,463.0,376.0
SADBL,7/29/2018,149.0,149.0,146.0,148.0,0.0,8670.0,463.0,376.0
SADBL,7/30/2018,146.0,152.0,142.0,146.0,-1.35,29200.0,463.0,376.0
SADBL,7/31/2018,147.0,149.0,146.0,149.0,2.05,2803.0,463.0,376.0
SADBL,8/1/2018,147.0,148.0,147.0,147.0,-1.34,2372.0,463.0,376.0
SADBL,8/2/2018,148.0,148.0,144.0,144.0,-2.04,3070.0,463.0,376.0
SADBL,8/5/2018,145.0,146.0,144.0,145.0,0.69,10421.0,463.0,376.0
SADBL,8/6/2018,145.0,145.0,144.0,145.0,0.0,5454.0,463.0,376.0
SADBL,8/7/2018,147.0,147.0,142.0,142.0,-2.07,3822.0,463.0,376.0
SADBL,8/8/2018,144.0,145.0,143.0,145.0,2.11,6987.0,463.0,376.0
SADBL,8/9/2018,147.0,147.0,145.0,147.0,1.38,761.0,463.0,376.0
SADBL,8/12/2018,145.0,146.0,143.0,145.0,-1.36,23670.0,463.0,376.0
SADBL,8/13/2018,143.0,145.0,141.0,144.0,-0.69,3912.0,463.0,376.0
SADBL,8/14/2018,145.0,147.0,141.0,146.0,1.39,10953.0,463.0,376.0
SADBL,8/15/2018,148.0,149.0,146.0,148.0,1.37,7841.0,463.0,376.0
SADBL,8/16/2018,150.0,150.0,146.0,149.0,0.68,15995.0,463.0,376.0
SADBL,8/19/2018,149.0,149.0,147.0,147.0,-1.34,4311.0,463.0,376.0
SADBL,8/20/2018,147.0,147.0,145.0,145.0,-1.36,460.0,463.0,376.0
SADBL,8/21/2018,145.0,145.0,144.0,144.0,-0.69,3236.0,463.0,376.0
SADBL,8/22/2018,144.0,145.0,144.0,144.0,0.0,870.0,463.0,376.0
SADBL,8/23/2018,145.0,145.0,144.0,145.0,0.69,2096.0,463.0,376.0
SADBL,8/26/2018,144.0,144.0,142.0,143.0,-1.38,9085.0,463.0,376.0
SADBL,8/28/2018,144.0,145.0,142.0,143.0,0.0,4035.0,463.0,376.0
SADBL,8/29/2018,143.0,144.0,143.0,143.0,0.0,1914.0,463.0,376.0
SADBL,8/30/2018,145.0,147.0,144.0,147.0,2.8,1807.0,463.0,376.0
SADBL,9/2/2018,145.0,147.0,143.0,146.0,-0.68,10692.0,463.0,376.0
SADBL,9/3/2018,146.0,150.0,146.0,148.0,1.37,19944.0,463.0,376.0
SADBL,9/4/2018,148.0,149.0,146.0,146.0,-1.35,4804.0,463.0,376.0
SADBL,9/5/2018,146.0,153.0,146.0,150.0,2.74,21222.0,463.0,376.0
SADBL,9/6/2018,150.0,153.0,148.0,150.0,0.0,27318.0,463.0,376.0
SADBL,9/9/2018,147.0,148.0,147.0,148.0,-1.33,6476.0,463.0,376.0
SADBL,9/10/2018,147.0,147.0,146.0,146.0,-1.35,711.0,463.0,376.0
SADBL,9/11/2018,145.0,148.0,145.0,146.0,0.0,2811.0,463.0,376.0
SADBL,9/12/2018,148.0,150.0,147.0,150.0,2.74,668.0,463.0,376.0
SADBL,9/13/2018,150.0,153.0,148.0,149.0,-0.67,11856.0,463.0,376.0
SADBL,9/16/2018,151.0,156.0,150.0,153.0,2.68,28401.0,463.0,376.0
SADBL,9/17/2018,150.0,155.0,149.0,152.0,-0.65,21884.0,463.0,376.0
SADBL,9/18/2018,153.0,153.0,151.0,152.0,0.0,3586.0,463.0,376.0
SADBL,9/20/2018,152.0,157.0,151.0,154.0,1.32,6099.0,463.0,376.0
SADBL,9/23/2018,153.0,153.0,151.0,153.0,-0.65,4205.0,463.0,376.0
SADBL,9/25/2018,156.0,163.0,155.0,159.0,3.92,13992.0,463.0,376.0
SADBL,9/26/2018,160.0,165.0,157.0,165.0,3.77,26382.0,463.0,376.0
SADBL,9/27/2018,165.0,165.0,158.0,164.0,-0.61,28106.0,463.0,376.0
SADBL,9/30/2018,164.0,164.0,156.0,163.0,-0.61,2932.0,463.0,376.0
SADBL,10/1/2018,160.0,160.0,153.0,153.0,-6.13,10396.0,463.0,376.0
SADBL,10/2/2018,155.0,156.0,153.0,155.0,1.31,7492.0,463.0,376.0
SADBL,10/3/2018,155.0,155.0,153.0,153.0,-1.29,5101.0,463.0,376.0
SADBL,10/4/2018,154.0,154.0,151.0,152.0,-0.65,9975.0,463.0,376.0
SADBL,10/7/2018,151.0,152.0,149.0,150.0,-1.32,10633.0,463.0,376.0
SADBL,10/8/2018,148.0,152.0,148.0,152.0,1.33,8406.0,463.0,376.0
SADBL,10/9/2018,149.0,153.0,149.0,153.0,0.66,2249.0,463.0,376.0
SADBL,10/10/2018,152.0,152.0,151.0,152.0,-0.65,636.0,463.0,376.0
SADBL,10/11/2018,150.0,150.0,150.0,150.0,-1.32,3667.0,463.0,376.0
SADBL,10/14/2018,150.0,152.0,150.0,152.0,1.33,800.0,463.0,376.0
SADBL,10/15/2018,154.0,155.0,153.0,155.0,1.97,4495.0,463.0,376.0
SADBL,10/21/2018,158.0,158.0,155.0,155.0,0.0,1400.0,463.0,376.0
SADBL,10/22/2018,153.0,154.0,153.0,154.0,-0.65,906.0,463.0,376.0
SADBL,10/23/2018,153.0,154.0,153.0,153.0,-0.65,1474.0,463.0,376.0
SADBL,10/24/2018,156.0,156.0,153.0,153.0,0.0,448.0,463.0,376.0
SADBL,10/25/2018,153.0,153.0,153.0,153.0,0.0,103.0,463.0,376.0
SADBL,10/28/2018,152.0,153.0,150.0,150.0,-1.96,3299.0,463.0,376.0
SADBL,10/29/2018,150.0,150.0,148.0,150.0,0.0,2626.0,463.0,376.0
SADBL,10/30/2018,150.0,151.0,149.0,151.0,0.67,1938.0,463.0,376.0
SADBL,10/31/2018,150.0,154.0,149.0,150.0,-0.66,3066.0,463.0,376.0
SADBL,11/1/2018,150.0,152.0,149.0,150.0,0.0,2770.0,463.0,376.0
SADBL,11/4/2018,147.0,149.0,147.0,147.0,-2.0,4184.0,463.0,376.0
SADBL,11/5/2018,146.0,150.0,146.0,150.0,2.04,1500.0,463.0,376.0
SADBL,11/11/2018,150.0,150.0,149.0,150.0,0.0,1177.0,463.0,376.0
SADBL,11/12/2018,150.0,150.0,148.0,148.0,-1.33,1000.0,463.0,376.0
SADBL,11/13/2018,150.0,151.0,148.0,150.0,1.35,660.0,463.0,376.0
SADBL,11/14/2018,150.0,150.0,145.0,145.0,-3.33,16247.0,463.0,376.0
SADBL,11/15/2018,145.0,146.0,142.0,143.0,-1.38,12634.0,463.0,376.0
SADBL,11/18/2018,142.0,144.0,139.0,140.0,-2.1,7073.0,463.0,376.0
SADBL,11/19/2018,140.0,142.0,140.0,140.0,0.0,2220.0,463.0,376.0
SADBL,11/20/2018,141.0,141.0,140.0,140.0,0.0,3786.0,463.0,376.0
SADBL,11/21/2018,141.0,146.0,140.0,146.0,4.29,10744.0,463.0,376.0
SADBL,11/22/2018,144.0,144.0,142.0,142.0,-2.74,1480.0,463.0,376.0
SADBL,11/25/2018,142.0,145.0,140.0,140.0,-1.41,6467.0,463.0,376.0
SADBL,11/26/2018,141.0,144.0,141.0,144.0,2.86,4171.0,463.0,376.0
SADBL,11/27/2018,142.0,144.0,142.0,144.0,0.0,3625.0,463.0,376.0
SADBL,11/28/2018,142.0,147.0,142.0,146.0,1.39,10259.0,463.0,376.0
SADBL,11/29/2018,144.0,144.0,142.0,142.0,-2.74,842.0,463.0,376.0
SADBL,12/2/2018,140.0,140.0,138.0,139.0,-2.11,2073.0,463.0,376.0
SADBL,12/3/2018,137.0,141.0,137.0,139.0,0.0,2870.0,463.0,376.0
SADBL,12/4/2018,141.0,141.0,138.0,139.0,0.0,1429.0,463.0,376.0
SADBL,12/5/2018,139.0,140.0,137.0,140.0,0.72,1726.0,463.0,376.0
SADBL,12/6/2018,138.0,141.0,137.0,139.0,-0.71,5730.0,463.0,376.0
SADBL,12/9/2018,139.0,140.0,138.0,140.0,0.72,3768.0,463.0,376.0
SADBL,12/10/2018,140.0,143.0,140.0,142.0,1.43,2305.0,463.0,376.0
SADBL,12/11/2018,140.0,140.0,138.0,140.0,-1.41,293.0,463.0,376.0
SADBL,12/12/2018,141.0,141.0,138.0,138.0,-1.43,2642.0,463.0,376.0
SADBL,12/13/2018,136.0,140.0,136.0,140.0,1.45,458.0,463.0,376.0
SADBL,12/16/2018,142.0,142.0,141.0,142.0,1.43,7090.0,463.0,376.0
SADBL,12/17/2018,140.0,143.0,140.0,143.0,0.7,2402.0,463.0,376.0
SADBL,12/18/2018,141.0,141.0,137.0,137.0,-4.2,9690.0,463.0,376.0
SADBL,12/19/2018,139.0,145.0,139.0,142.0,3.65,16525.0,463.0,376.0
SADBL,12/20/2018,140.0,153.0,140.0,153.0,7.75,19201.0,463.0,376.0
SADBL,12/23/2018,156.0,156.0,147.0,153.0,0.0,15753.0,463.0,376.0
SADBL,12/24/2018,153.0,153.0,145.0,145.0,-5.23,6651.0,463.0,376.0
SADBL,12/25/2018,147.0,150.0,146.0,147.0,1.38,5940.0,463.0,376.0
SADBL,12/26/2018,148.0,155.0,148.0,151.0,2.72,11882.0,463.0,376.0
SADBL,12/27/2018,151.0,152.0,145.0,145.0,-3.97,6146.0,463.0,376.0
SADBL,12/30/2018,146.0,149.0,143.0,143.0,-1.38,5036.0,463.0,376.0
SADBL,12/31/2018,145.0,148.0,145.0,147.0,2.8,15093.0,463.0,376.0
SADBL,1/1/2019,142.0,142.0,139.0,139.0,-5.44,3821.0,463.0,376.0
SADBL,1/2/2019,139.0,139.0,138.0,138.0,-0.72,400.0,463.0,376.0
SADBL,1/3/2019,140.0,140.0,136.0,136.0,-1.45,3167.0,463.0,376.0
SADBL,1/6/2019,137.0,137.0,135.0,135.0,-0.74,7363.0,463.0,376.0
SADBL,1/7/2019,135.0,139.0,135.0,139.0,2.96,640.0,463.0,376.0
SADBL,1/8/2019,138.0,139.0,137.0,137.0,-1.44,1472.0,463.0,376.0
SADBL,1/9/2019,137.0,139.0,137.0,138.0,0.73,2208.0,463.0,376.0
SADBL,1/10/2019,138.0,138.0,137.0,138.0,0.0,3377.0,463.0,376.0
SADBL,1/13/2019,136.0,136.0,135.0,135.0,-2.17,1005.0,463.0,376.0
SADBL,1/14/2019,136.0,139.0,136.0,137.0,1.48,3941.0,463.0,376.0
SADBL,1/15/2019,139.0,147.0,139.0,147.0,7.3,14478.0,463.0,376.0
SADBL,1/16/2019,148.0,160.0,142.0,155.0,5.44,52832.0,463.0,376.0
SADBL,1/17/2019,152.0,154.0,147.0,149.0,-3.87,15421.0,463.0,376.0
SADBL,1/20/2019,145.0,145.0,143.0,143.0,-4.03,340.0,463.0,376.0
SADBL,1/21/2019,143.0,143.0,141.0,142.0,-0.7,3274.0,463.0,376.0
SADBL,1/22/2019,140.0,148.0,140.0,146.0,2.82,170.0,463.0,376.0
SADBL,1/23/2019,144.0,144.0,138.0,143.0,-2.05,36714.0,463.0,376.0
SADBL,1/24/2019,144.0,145.0,142.0,145.0,1.4,5119.0,463.0,376.0
SADBL,1/27/2019,143.0,143.0,141.0,143.0,-1.38,480.0,463.0,376.0
SADBL,1/28/2019,145.0,145.0,141.0,143.0,0.0,10360.0,463.0,376.0
SADBL,1/29/2019,142.0,144.0,140.0,144.0,0.7,10528.0,463.0,376.0
SADBL,1/30/2019,142.0,142.0,142.0,142.0,-1.39,363.0,463.0,376.0
SADBL,1/31/2019,141.0,141.0,140.0,141.0,-0.7,2677.0,463.0,376.0
SADBL,2/3/2019,139.0,141.0,139.0,139.0,-1.42,994.0,463.0,376.0
SADBL,2/4/2019,139.0,139.0,136.0,136.0,-2.16,6799.0,463.0,376.0
SADBL,2/5/2019,138.0,140.0,138.0,140.0,2.94,916.0,463.0,376.0
SADBL,2/6/2019,140.0,142.0,138.0,139.0,-0.71,979.0,463.0,376.0
SADBL,2/7/2019,137.0,139.0,137.0,137.0,-1.44,2966.0,463.0,376.0
SADBL,2/10/2019,137.0,138.0,136.0,137.0,0.0,955.0,463.0,376.0
SADBL,2/11/2019,137.0,139.0,136.0,139.0,1.46,5630.0,463.0,376.0
SADBL,2/12/2019,139.0,139.0,137.0,137.0,-1.44,1770.0,463.0,376.0
SADBL,2/13/2019,136.0,139.0,136.0,137.0,0.0,2785.0,463.0,376.0
SADBL,2/14/2019,135.0,139.0,135.0,137.0,0.0,1360.0,463.0,376.0
SADBL,2/17/2019,138.0,138.0,136.0,136.0,-0.73,689.0,463.0,376.0
SADBL,2/18/2019,135.0,136.0,135.0,136.0,0.0,3524.0,463.0,376.0
SADBL,2/19/2019,137.0,141.0,136.0,139.0,2.21,1764.0,463.0,376.0
SADBL,2/20/2019,138.0,139.0,138.0,139.0,0.0,546.0,463.0,376.0
SADBL,2/21/2019,137.0,137.0,137.0,137.0,-1.44,1560.0,463.0,376.0
SADBL,2/24/2019,136.0,138.0,136.0,138.0,0.73,928.0,463.0,376.0
SADBL,2/25/2019,136.0,138.0,135.0,138.0,0.0,2085.0,463.0,376.0
SADBL,2/26/2019,138.0,138.0,135.0,135.0,-2.17,3216.0,463.0,376.0
SADBL,2/27/2019,135.0,136.0,135.0,135.0,0.0,402.0,463.0,376.0
SADBL,3/3/2019,135.0,138.0,135.0,135.0,0.0,1092.0,463.0,376.0
SADBL,3/5/2019,137.0,137.0,135.0,135.0,0.0,160.0,463.0,376.0
SADBL,3/6/2019,136.0,137.0,135.0,137.0,1.48,6197.0,463.0,376.0
SADBL,3/7/2019,139.0,139.0,136.0,138.0,0.73,4499.0,463.0,376.0
SADBL,3/10/2019,137.0,139.0,137.0,139.0,0.72,964.0,463.0,376.0
SADBL,3/11/2019,140.0,143.0,140.0,142.0,2.16,5507.0,463.0,376.0
SADBL,3/12/2019,142.0,146.0,141.0,142.0,0.0,24418.0,463.0,376.0
SADBL,3/13/2019,142.0,143.0,141.0,141.0,-0.7,4944.0,463.0,376.0
SADBL,3/14/2019,143.0,146.0,143.0,146.0,3.55,9221.0,463.0,376.0
SADBL,3/17/2019,145.0,145.0,144.0,145.0,-0.68,1112.0,463.0,376.0
SADBL,3/18/2019,147.0,147.0,143.0,143.0,-1.38,7967.0,463.0,376.0
SADBL,3/19/2019,141.0,141.0,141.0,141.0,-1.4,2650.0,463.0,376.0
SADBL,3/21/2019,141.0,146.0,139.0,146.0,3.55,3013.0,463.0,376.0
SADBL,3/24/2019,144.0,144.0,141.0,141.0,-3.42,2254.0,463.0,376.0
SADBL,3/25/2019,140.0,143.0,140.0,142.0,0.71,3416.0,463.0,376.0
SADBL,3/26/2019,141.0,146.0,140.0,144.0,1.41,6243.0,463.0,376.0
SADBL,3/27/2019,142.0,145.0,142.0,145.0,0.69,3224.0,463.0,376.0
SADBL,3/28/2019,145.0,147.0,144.0,144.0,-0.69,3657.0,463.0,376.0
SADBL,3/31/2019,145.0,147.0,142.0,143.0,-0.69,4771.0,463.0,376.0
SADBL,4/1/2019,142.0,147.0,142.0,147.0,2.8,5342.0,463.0,376.0
SADBL,4/2/2019,145.0,147.0,143.0,143.0,-2.72,2753.0,463.0,376.0
SADBL,4/3/2019,145.0,147.0,145.0,147.0,2.8,5593.0,463.0,376.0
SADBL,4/4/2019,145.0,147.0,144.0,144.0,-2.04,9692.0,463.0,376.0
SADBL,4/7/2019,145.0,148.0,144.0,148.0,2.78,4443.0,463.0,376.0
SADBL,4/8/2019,148.0,149.0,144.0,144.0,-2.7,16612.0,463.0,376.0
SADBL,4/9/2019,145.0,146.0,145.0,145.0,0.69,5697.0,463.0,376.0
SADBL,4/10/2019,143.0,145.0,143.0,144.0,-0.69,1318.0,463.0,376.0
SADBL,4/11/2019,145.0,146.0,141.0,142.0,-1.39,6297.0,463.0,376.0
SADBL,4/15/2019,144.0,144.0,142.0,144.0,1.41,5096.0,463.0,376.0
SADBL,4/16/2019,144.0,148.0,144.0,146.0,1.39,7475.0,463.0,376.0
SADBL,4/17/2019,146.0,146.0,144.0,146.0,0.0,5612.0,463.0,376.0
SADBL,4/18/2019,144.0,148.0,142.0,146.0,0.0,5850.0,463.0,376.0
SADBL,4/21/2019,146.0,151.0,145.0,148.0,1.37,10728.0,463.0,376.0
SADBL,4/22/2019,150.0,153.0,147.0,147.0,-0.68,9984.0,463.0,376.0
SADBL,4/23/2019,149.0,150.0,146.0,146.0,-0.68,4360.0,463.0,376.0
SADBL,4/24/2019,145.0,153.0,145.0,153.0,4.79,13075.0,463.0,376.0
SADBL,4/25/2019,156.0,164.0,150.0,162.0,5.88,54677.0,463.0,376.0
SADBL,4/28/2019,165.0,165.0,153.0,157.0,-3.09,17479.0,463.0,376.0
SADBL,4/29/2019,154.0,159.0,150.0,153.0,-2.55,10476.0,463.0,376.0
SADBL,4/30/2019,153.0,159.0,151.0,159.0,3.92,6257.0,463.0,376.0
SADBL,5/2/2019,156.0,156.0,150.0,155.0,-2.52,10238.0,463.0,376.0
SADBL,5/5/2019,156.0,159.0,148.0,151.0,-2.58,3599.0,463.0,376.0
SADBL,5/6/2019,151.0,153.0,149.0,153.0,1.32,7732.0,463.0,376.0
SADBL,5/7/2019,153.0,153.0,151.0,152.0,-0.65,12113.0,463.0,376.0
SADBL,5/8/2019,150.0,155.0,150.0,151.0,-0.66,2935.0,463.0,376.0
SADBL,5/9/2019,151.0,154.0,150.0,150.0,-0.66,1273.0,463.0,376.0
SADBL,5/12/2019,147.0,151.0,147.0,150.0,0.0,6390.0,463.0,376.0
SADBL,5/13/2019,147.0,150.0,147.0,150.0,0.0,6176.0,463.0,376.0
SADBL,5/14/2019,153.0,154.0,149.0,150.0,0.0,33514.0,463.0,376.0
SADBL,5/15/2019,152.0,157.0,150.0,155.0,3.33,38359.0,463.0,376.0
SADBL,5/16/2019,157.0,160.0,155.0,158.0,1.94,48443.0,463.0,376.0
SADBL,5/19/2019,158.0,158.0,153.0,158.0,0.0,10228.0,463.0,376.0
SADBL,5/20/2019,156.0,156.0,150.0,151.0,-4.43,6035.0,463.0,376.0
SADBL,5/21/2019,153.0,153.0,151.0,153.0,1.32,8358.0,463.0,376.0
SADBL,5/22/2019,156.0,156.0,151.0,152.0,-0.65,3551.0,463.0,376.0
SADBL,5/23/2019,150.0,153.0,149.0,151.0,-0.66,9925.0,463.0,376.0
SADBL,5/26/2019,151.0,151.0,148.0,149.0,-1.32,7178.0,463.0,376.0
SADBL,5/27/2019,151.0,154.0,150.0,151.0,1.34,3376.0,463.0,376.0
SADBL,5/28/2019,150.0,153.0,150.0,151.0,0.0,4649.0,463.0,376.0
SADBL,5/29/2019,155.0,158.0,152.0,158.0,4.64,22423.0,463.0,376.0
SADBL,5/30/2019,161.0,167.0,153.0,153.0,-3.16,31838.0,463.0,376.0
SADBL,6/2/2019,155.0,158.0,154.0,154.0,0.65,10359.0,463.0,376.0
SADBL,6/3/2019,152.0,156.0,152.0,153.0,-0.65,7453.0,463.0,376.0
SADBL,6/4/2019,153.0,153.0,150.0,152.0,-0.65,5367.0,463.0,376.0
SADBL,6/6/2019,155.0,158.0,151.0,153.0,0.66,7805.0,463.0,376.0
SADBL,6/10/2019,156.0,156.0,150.0,152.0,-0.65,8672.0,463.0,376.0
SADBL,6/11/2019,151.0,154.0,151.0,152.0,0.0,5669.0,463.0,376.0
SADBL,6/12/2019,155.0,155.0,151.0,151.0,-0.66,6124.0,463.0,376.0
SADBL,6/13/2019,150.0,154.0,149.0,150.0,-0.66,10841.0,463.0,376.0
SADBL,6/16/2019,153.0,153.0,150.0,150.0,0.0,8111.0,463.0,376.0
SADBL,6/17/2019,148.0,152.0,148.0,151.0,0.67,5617.0,463.0,376.0
SADBL,6/18/2019,151.0,151.0,150.0,150.0,-0.66,1842.0,463.0,376.0
SADBL,6/19/2019,149.0,156.0,149.0,156.0,4.0,6421.0,463.0,376.0
SADBL,6/20/2019,153.0,153.0,150.0,153.0,-1.92,5615.0,463.0,376.0
SADBL,6/23/2019,150.0,153.0,149.0,153.0,0.0,1104.0,463.0,376.0
SADBL,6/24/2019,150.0,151.0,147.0,151.0,-1.31,4351.0,463.0,376.0
SADBL,6/25/2019,151.0,151.0,149.0,151.0,0.0,5818.0,463.0,376.0
SADBL,6/26/2019,151.0,151.0,150.0,150.0,-0.66,4188.0,463.0,376.0
SADBL,6/27/2019,152.0,153.0,151.0,152.0,1.33,9054.0,463.0,376.0
SADBL,6/30/2019,153.0,153.0,150.0,150.0,-1.32,9909.0,463.0,376.0
SADBL,7/1/2019,150.0,150.0,148.0,150.0,0.0,5357.0,463.0,376.0
SADBL,7/2/2019,150.0,154.0,147.0,154.0,2.67,12719.0,463.0,376.0
SADBL,7/3/2019,153.0,157.0,153.0,154.0,0.0,6502.0,463.0,376.0
SADBL,7/4/2019,154.0,155.0,152.0,152.0,-1.3,4866.0,463.0,376.0
SADBL,7/7/2019,155.0,161.0,155.0,158.0,3.95,61457.0,463.0,376.0
SADBL,7/8/2019,160.0,160.0,156.0,157.0,-0.63,42974.0,463.0,376.0
SADBL,7/9/2019,158.0,161.0,158.0,160.0,1.91,35260.0,463.0,376.0
SADBL,7/10/2019,160.0,160.0,158.0,160.0,0.0,9895.0,463.0,376.0
SADBL,7/11/2019,158.0,159.0,156.0,158.0,-1.25,12169.0,463.0,376.0
SADBL,7/14/2019,156.0,160.0,156.0,159.0,0.63,3372.0,463.0,376.0
SADBL,7/15/2019,159.0,160.0,158.0,159.0,0.0,11949.0,463.0,376.0
SADBL,7/16/2019,160.0,160.0,158.0,159.0,0.0,1338.0,463.0,376.0
SADBL,7/17/2019,160.0,161.0,159.0,160.0,0.63,912.0,463.0,376.0
SADBL,7/18/2019,159.0,160.0,159.0,159.0,-0.62,1000.0,463.0,376.0
SADBL,7/21/2019,156.0,159.0,156.0,159.0,0.0,3083.0,463.0,376.0
SADBL,7/22/2019,159.0,159.0,158.0,158.0,-0.63,2510.0,463.0,376.0
SADBL,7/23/2019,157.0,157.0,156.0,156.0,-1.27,3412.0,463.0,376.0
SADBL,7/24/2019,157.0,158.0,156.0,158.0,1.28,3086.0,463.0,376.0
SADBL,7/25/2019,158.0,158.0,156.0,156.0,-1.27,7789.0,463.0,376.0
SADBL,7/28/2019,154.0,156.0,153.0,153.0,-1.92,6898.0,463.0,376.0
SADBL,7/29/2019,154.0,154.0,152.0,153.0,0.0,2739.0,463.0,376.0
SADBL,7/30/2019,153.0,154.0,152.0,154.0,0.65,738.0,463.0,376.0
SADBL,7/31/2019,152.0,157.0,152.0,152.0,-1.3,2115.0,463.0,376.0
SADBL,8/1/2019,155.0,155.0,152.0,152.0,0.0,1763.0,463.0,376.0
SADBL,8/4/2019,155.0,158.0,152.0,152.0,0.0,11476.0,463.0,376.0
SADBL,8/5/2019,152.0,153.0,152.0,152.0,0.0,2778.0,463.0,376.0
SADBL,8/6/2019,152.0,152.0,151.0,152.0,0.0,4578.0,463.0,376.0
SADBL,8/7/2019,152.0,153.0,150.0,152.0,0.0,2990.0,463.0,376.0
SADBL,8/8/2019,150.0,150.0,149.0,150.0,-1.32,3710.0,463.0,376.0
SADBL,8/11/2019,149.0,152.0,149.0,152.0,1.33,1247.0,463.0,376.0
SADBL,8/12/2019,152.0,152.0,150.0,151.0,-0.66,1397.0,463.0,376.0
SADBL,8/13/2019,151.0,151.0,150.0,150.0,-0.66,143.0,463.0,376.0
SADBL,8/14/2019,150.0,150.0,148.0,150.0,0.0,1668.0,463.0,376.0
SADBL,8/15/2019,148.0,149.0,147.0,147.0,-2.0,5463.0,463.0,376.0
SADBL,8/18/2019,146.0,147.0,146.0,146.0,-0.68,1600.0,463.0,376.0
SADBL,8/19/2019,148.0,150.0,144.0,144.0,-1.37,6330.0,463.0,376.0
SADBL,8/20/2019,146.0,149.0,145.0,149.0,3.47,6970.0,463.0,376.0
SADBL,8/21/2019,147.0,147.0,147.0,147.0,-1.34,140.0,463.0,376.0
SADBL,8/22/2019,149.0,149.0,145.0,146.0,-0.68,974.0,463.0,376.0
SADBL,8/25/2019,144.0,144.0,143.0,143.0,-2.05,592.0,463.0,376.0
SADBL,8/26/2019,144.0,145.0,141.0,141.0,-1.4,10555.0,463.0,376.0
SADBL,8/27/2019,143.0,143.0,141.0,143.0,1.42,3257.0,463.0,376.0
SADBL,8/28/2019,143.0,143.0,142.0,142.0,-0.7,772.0,463.0,376.0
SADBL,8/29/2019,141.0,144.0,141.0,142.0,0.0,1465.0,463.0,376.0
SADBL,9/1/2019,142.0,142.0,141.0,141.0,-0.7,2766.0,463.0,376.0
SADBL,9/2/2019,143.0,143.0,139.0,140.0,-0.71,7636.0,463.0,376.0
SADBL,9/3/2019,141.0,143.0,140.0,143.0,2.14,4166.0,463.0,376.0
SADBL,9/4/2019,145.0,147.0,145.0,145.0,1.4,941.0,463.0,376.0
SADBL,9/5/2019,145.0,145.0,145.0,145.0,0.0,400.0,463.0,376.0
SADBL,9/8/2019,143.0,143.0,141.0,141.0,-2.76,350.0,463.0,376.0
SADBL,9/9/2019,142.0,142.0,139.0,140.0,-0.71,2499.0,463.0,376.0
SADBL,9/10/2019,142.0,146.0,142.0,146.0,4.29,2010.0,463.0,376.0
SADBL,9/11/2019,144.0,144.0,141.0,141.0,-3.42,403.0,463.0,376.0
SADBL,9/12/2019,139.0,141.0,137.0,139.0,-1.42,8052.0,463.0,376.0
SADBL,9/15/2019,140.0,140.0,138.0,139.0,0.0,1193.0,463.0,376.0
SADBL,9/16/2019,138.0,141.0,138.0,139.0,0.0,320.0,463.0,376.0
SADBL,9/17/2019,139.0,143.0,137.0,137.0,-1.44,1762.0,463.0,376.0
SADBL,9/18/2019,139.0,145.0,139.0,140.0,2.19,8088.0,463.0,376.0
SADBL,9/22/2019,138.0,138.0,138.0,138.0,-1.43,300.0,463.0,376.0
SADBL,9/23/2019,139.0,139.0,139.0,139.0,0.72,453.0,463.0,376.0
SADBL,9/24/2019,137.0,139.0,137.0,139.0,0.0,594.0,463.0,376.0
SADBL,9/25/2019,140.0,140.0,138.0,138.0,-0.72,1690.0,463.0,376.0
SADBL,9/26/2019,139.0,139.0,137.0,138.0,0.0,552.0,463.0,376.0
SADBL,9/29/2019,138.0,138.0,138.0,138.0,0.0,2744.0,463.0,376.0
SADBL,9/30/2019,139.0,140.0,138.0,140.0,1.45,931.0,463.0,376.0
SADBL,10/1/2019,140.0,140.0,139.0,139.0,-0.71,366.0,463.0,376.0
SADBL,10/2/2019,138.0,140.0,138.0,140.0,0.72,2478.0,463.0,376.0
SADBL,10/3/2019,138.0,140.0,138.0,140.0,0.0,900.0,463.0,376.0
SADBL,10/10/2019,140.0,142.0,140.0,142.0,1.43,305.0,463.0,376.0
SADBL,10/14/2019,140.0,144.0,140.0,140.0,-1.41,1823.0,463.0,376.0
SADBL,10/15/2019,140.0,142.0,140.0,142.0,1.43,1061.0,463.0,376.0
SADBL,10/16/2019,140.0,141.0,138.0,139.0,-2.11,3578.0,463.0,376.0
SADBL,10/17/2019,141.0,141.0,139.0,139.0,0.0,3865.0,463.0,376.0
SADBL,10/20/2019,138.0,140.0,137.0,137.0,-1.44,4119.0,463.0,376.0
SADBL,10/21/2019,136.0,137.0,136.0,136.0,-0.73,4111.0,463.0,376.0
SADBL,10/22/2019,137.0,140.0,137.0,138.0,1.47,2011.0,463.0,376.0
SADBL,10/23/2019,140.0,140.0,137.0,137.0,-0.72,4354.0,463.0,376.0
SADBL,10/24/2019,139.0,139.0,137.0,139.0,1.46,2856.0,463.0,376.0
SADBL,10/31/2019,140.0,140.0,138.0,139.0,0.0,3410.0,463.0,376.0
SADBL,11/3/2019,137.0,138.0,137.0,137.0,-1.44,2902.0,463.0,376.0
SADBL,11/4/2019,137.0,140.0,137.0,140.0,2.19,24562.0,463.0,376.0
SADBL,11/5/2019,140.0,140.0,140.0,140.0,0.0,2700.0,463.0,376.0
SADBL,11/6/2019,140.0,140.0,139.0,139.0,-0.71,1838.0,463.0,376.0
SADBL,11/7/2019,139.0,139.0,137.0,139.0,0.0,5356.0,463.0,376.0
SADBL,11/10/2019,138.0,139.0,137.0,139.0,0.0,2832.0,463.0,376.0
SADBL,11/11/2019,138.0,140.0,137.0,139.0,0.0,1515.0,463.0,376.0
SADBL,11/12/2019,137.0,137.0,136.0,136.0,-2.16,2786.0,463.0,376.0
SADBL,11/13/2019,137.0,139.0,137.0,139.0,2.21,2190.0,463.0,376.0
SADBL,11/14/2019,138.0,138.0,137.0,137.0,-1.44,1824.0,463.0,376.0
SADBL,11/17/2019,136.0,137.0,135.0,137.0,0.0,7117.0,463.0,376.0
SADBL,11/18/2019,138.0,138.0,136.0,136.0,-0.73,233.0,463.0,376.0
SADBL,11/19/2019,136.0,139.0,135.0,138.0,1.47,3075.0,463.0,376.0
SADBL,11/20/2019,139.0,139.0,137.0,137.0,-0.72,1300.0,463.0,376.0
SADBL,11/21/2019,137.0,139.0,136.0,136.0,-0.73,2700.0,463.0,376.0
SADBL,11/24/2019,138.0,138.0,135.0,135.0,-0.74,1434.0,463.0,376.0
SADBL,11/25/2019,136.0,136.0,133.0,134.0,-0.74,7723.0,463.0,376.0
SADBL,11/26/2019,133.0,134.0,132.0,134.0,0.0,642.0,463.0,376.0
SADBL,11/27/2019,134.0,137.0,133.0,137.0,2.24,253.0,463.0,376.0
SADBL,11/28/2019,135.0,138.0,135.0,136.0,-0.73,402.0,463.0,376.0
SADBL,12/1/2019,136.0,136.0,134.0,134.0,-1.47,3438.0,463.0,376.0
SADBL,12/2/2019,134.0,136.0,134.0,135.0,0.75,784.0,463.0,376.0
SADBL,12/3/2019,135.0,141.0,135.0,140.0,3.7,775.0,463.0,376.0
SADBL,12/4/2019,138.0,138.0,137.0,138.0,-1.43,4843.0,463.0,376.0
SADBL,12/5/2019,138.0,138.0,136.0,136.0,-1.45,7500.0,463.0,376.0
SADBL,12/8/2019,136.0,138.0,136.0,138.0,1.47,1048.0,463.0,376.0
SADBL,12/9/2019,139.0,142.0,139.0,142.0,2.9,2927.0,463.0,376.0
SADBL,12/10/2019,144.0,144.0,140.0,141.0,-0.7,17208.0,463.0,376.0
SADBL,12/11/2019,140.0,143.0,140.0,143.0,1.42,3254.0,463.0,376.0
SADBL,12/12/2019,142.0,145.0,141.0,145.0,1.4,10062.0,463.0,376.0
SADBL,12/15/2019,147.0,147.0,140.0,140.0,-3.45,9238.0,463.0,376.0
SADBL,12/16/2019,142.0,142.0,139.0,142.0,1.43,20383.0,463.0,376.0
SADBL,12/17/2019,141.0,142.0,140.0,140.0,-1.41,1406.0,463.0,376.0
SADBL,12/18/2019,139.0,144.0,139.0,142.0,1.43,4819.0,463.0,376.0
SADBL,12/19/2019,142.0,142.0,140.0,141.0,-0.7,2595.0,463.0,376.0
SADBL,12/22/2019,139.0,143.0,137.0,143.0,1.42,8449.0,463.0,376.0
SADBL,12/23/2019,145.0,145.0,142.0,143.0,0.0,3264.0,463.0,376.0
SADBL,12/24/2019,145.0,146.0,142.0,142.0,-0.7,16470.0,463.0,376.0
SADBL,12/25/2019,141.0,146.0,141.0,143.0,0.7,11916.0,463.0,376.0
SADBL,12/26/2019,150.0,150.0,141.0,142.0,-0.7,8985.0,463.0,376.0
SADBL,12/29/2019,141.0,146.0,141.0,144.0,1.41,13481.0,463.0,376.0
SADBL,12/30/2019,144.0,144.0,142.0,143.0,-0.69,15070.0,463.0,376.0
SADBL,12/31/2019,142.0,142.0,136.0,138.0,-3.5,7009.0,463.0,376.0
SADBL,1/1/2020,138.0,140.0,135.0,137.0,-0.72,5937.0,463.0,376.0
SADBL,1/2/2020,135.0,137.0,135.0,137.0,0.0,2511.0,463.0,376.0
SADBL,1/5/2020,138.0,145.0,138.0,145.0,5.84,45283.0,463.0,376.0
SADBL,1/6/2020,144.0,149.0,144.0,149.0,2.76,21687.0,463.0,376.0
SADBL,1/7/2020,147.0,150.0,146.0,149.0,0.0,19025.0,463.0,376.0
SADBL,1/8/2020,151.0,151.0,146.0,149.0,0.0,14555.0,463.0,376.0
SADBL,1/9/2020,151.0,151.0,146.0,146.0,-2.01,851.0,463.0,376.0
SADBL,1/12/2020,147.0,151.0,144.0,150.0,2.74,12627.0,463.0,376.0
SADBL,1/13/2020,147.0,153.0,147.0,147.0,-2.0,11588.0,463.0,376.0
SADBL,1/14/2020,145.0,147.0,144.0,144.0,-2.04,9886.0,463.0,376.0
SADBL,1/15/2020,146.0,151.0,146.0,151.0,4.86,13140.0,463.0,376.0
SADBL,1/16/2020,154.0,163.0,154.0,158.0,4.64,36514.0,463.0,376.0
SADBL,1/19/2020,161.0,173.0,159.0,173.0,9.49,48252.0,463.0,376.0
SADBL,1/20/2020,170.0,170.0,158.0,160.0,-7.51,38740.0,463.0,376.0
SADBL,1/21/2020,160.0,169.0,157.0,165.0,3.12,12576.0,463.0,376.0
SADBL,1/22/2020,162.0,162.0,157.0,158.0,-4.24,2776.0,463.0,376.0
SADBL,1/23/2020,157.0,158.0,155.0,155.0,-1.9,5151.0,463.0,376.0
SADBL,1/26/2020,158.0,158.0,151.0,151.0,-2.58,4247.0,463.0,376.0
SADBL,1/27/2020,150.0,156.0,150.0,156.0,3.31,5258.0,463.0,376.0
SADBL,1/28/2020,159.0,168.0,154.0,162.0,3.85,1432.0,463.0,376.0
SADBL,1/29/2020,159.0,160.0,153.0,156.0,-3.7,3690.0,463.0,376.0
SADBL,1/30/2020,157.0,162.0,154.0,157.0,0.64,5977.0,463.0,376.0
SADBL,2/2/2020,160.0,169.0,160.0,160.0,1.91,26032.0,463.0,376.0
SADBL,2/3/2020,163.0,169.0,157.0,163.0,1.88,14498.0,463.0,376.0
SADBL,2/4/2020,163.0,171.0,161.0,163.0,0.0,41648.0,463.0,376.0
SADBL,2/5/2020,162.0,163.0,160.0,163.0,0.0,6510.0,463.0,376.0
SADBL,2/6/2020,163.0,163.0,159.0,160.0,-1.84,5780.0,463.0,376.0
SADBL,2/9/2020,160.0,160.0,154.0,154.0,-3.75,16340.0,463.0,376.0
SADBL,2/10/2020,155.0,158.0,153.0,157.0,1.95,12093.0,463.0,376.0
SADBL,2/11/2020,159.0,163.0,159.0,160.0,1.91,38633.0,463.0,376.0
SADBL,2/12/2020,160.0,167.0,160.0,165.0,3.12,44546.0,463.0,376.0
SADBL,2/13/2020,167.0,168.0,161.0,164.0,-0.61,17166.0,463.0,376.0
SADBL,2/16/2020,163.0,165.0,162.0,165.0,0.61,19725.0,463.0,376.0
SADBL,2/17/2020,165.0,173.0,165.0,167.0,1.21,56603.0,463.0,376.0
SADBL,2/18/2020,170.0,173.0,168.0,170.0,1.8,54514.0,463.0,376.0
SADBL,2/19/2020,168.0,171.0,168.0,169.0,-0.59,17682.0,463.0,376.0
SADBL,2/20/2020,171.0,176.0,168.0,175.0,3.55,26625.0,463.0,376.0
SADBL,2/23/2020,178.0,188.0,171.0,188.0,7.43,70694.0,463.0,376.0
SADBL,2/24/2020,188.0,188.0,177.0,178.0,-5.32,34122.0,463.0,376.0
SADBL,2/25/2020,175.0,188.0,175.0,186.0,4.49,38135.0,463.0,376.0
SADBL,2/26/2020,183.0,186.0,180.0,181.0,-2.69,50528.0,463.0,376.0
SADBL,2/27/2020,180.0,189.0,177.0,188.0,3.87,46897.0,463.0,376.0
SADBL,3/1/2020,191.0,194.0,182.0,183.0,-2.66,8288.0,463.0,376.0
SADBL,3/2/2020,180.0,180.0,172.0,172.0,-6.01,4196.0,463.0,376.0
SADBL,3/3/2020,169.0,181.0,167.0,176.0,2.33,13762.0,463.0,376.0
SADBL,3/4/2020,173.0,176.0,166.0,166.0,-5.68,23578.0,463.0,376.0
SADBL,3/5/2020,169.0,174.0,163.0,170.0,2.41,21589.0,463.0,376.0
SADBL,3/10/2020,168.0,168.0,157.0,157.0,-7.65,4357.0,463.0,376.0
SADBL,3/11/2020,160.0,168.0,158.0,168.0,7.01,26753.0,463.0,376.0
SADBL,3/12/2020,165.0,165.0,160.0,160.0,-4.76,22745.0,463.0,376.0
SADBL,3/15/2020,157.0,161.0,153.0,155.0,-3.12,44061.0,463.0,376.0
SADBL,3/16/2020,152.0,159.0,152.0,155.0,0.0,15736.0,463.0,376.0
SADBL,3/17/2020,152.0,155.0,147.0,148.0,-4.52,26513.0,463.0,376.0
SADBL,3/18/2020,146.0,149.0,140.0,143.0,-3.38,32253.0,463.0,376.0
SADBL,3/19/2020,141.0,149.0,139.0,142.0,-0.7,43094.0,463.0,376.0
SADBL,3/22/2020,144.0,144.0,143.0,143.0,0.7,1079.0,463.0,376.0
SADBL,5/13/2020,141.0,141.0,141.0,141.0,-1.4,10.0,463.0,376.0
SADBL,6/29/2020,141.0,141.0,141.0,137.0,-2.84,1078.0,463.0,376.0
SADBL,6/30/2020,139.0,139.0,139.0,139.0,1.46,840.0,463.0,376.0
SADBL,7/1/2020,141.0,143.0,141.0,143.0,2.88,3553.0,463.0,376.0
SADBL,7/2/2020,145.0,145.0,140.0,140.0,-2.1,2410.0,463.0,376.0
SADBL,7/5/2020,140.0,141.0,139.0,139.0,-0.71,4358.0,463.0,376.0
SADBL,7/6/2020,138.0,141.0,137.0,139.0,0.0,14619.0,463.0,376.0
SADBL,7/7/2020,139.0,147.0,139.0,145.0,4.32,8801.0,463.0,376.0
SADBL,7/8/2020,144.0,145.0,141.0,145.0,0.0,5855.0,463.0,376.0
SADBL,7/9/2020,145.0,147.0,143.0,144.0,-0.69,1547.0,463.0,376.0
SADBL,7/12/2020,146.0,146.0,142.0,143.0,-0.69,2786.0,463.0,376.0
SADBL,7/13/2020,141.0,144.0,141.0,144.0,0.7,4621.0,463.0,376.0
SADBL,7/14/2020,145.0,145.0,144.0,144.0,0.0,4279.0,463.0,376.0
SADBL,7/15/2020,145.0,145.0,141.0,141.0,-2.08,6352.0,463.0,376.0
SADBL,7/16/2020,141.0,152.0,141.0,150.0,6.38,12188.0,463.0,376.0
SADBL,7/20/2020,157.0,163.0,152.0,154.0,2.67,24903.0,463.0,376.0
SADBL,7/21/2020,154.0,161.0,151.0,154.0,0.0,14167.0,463.0,376.0
SADBL,7/22/2020,156.0,159.0,151.0,152.0,-1.3,14419.0,463.0,376.0
SADBL,7/23/2020,154.0,155.0,150.0,153.0,0.66,7044.0,463.0,376.0
SADBL,7/26/2020,152.0,156.0,147.0,152.0,-0.65,16582.0,463.0,376.0
SADBL,7/27/2020,155.0,155.0,151.0,152.0,0.0,15495.0,463.0,376.0
SADBL,7/28/2020,149.0,151.0,149.0,149.0,-1.97,18866.0,463.0,376.0
SADBL,7/29/2020,150.0,151.0,145.0,147.0,-1.34,19667.0,463.0,376.0
SADBL,7/30/2020,148.0,150.0,147.0,149.0,1.36,6856.0,463.0,376.0
SADBL,8/2/2020,147.0,148.0,144.0,144.0,-3.36,11647.0,463.0,376.0
SADBL,8/3/2020,146.0,148.0,142.0,145.0,0.69,8586.0,463.0,376.0
SADBL,8/5/2020,143.0,145.0,141.0,141.0,-2.76,3273.0,463.0,376.0
SADBL,8/6/2020,143.0,145.0,139.0,144.0,2.13,21359.0,463.0,376.0
SADBL,8/9/2020,142.0,144.0,140.0,143.0,-0.69,6984.0,463.0,376.0
SADBL,8/10/2020,145.0,155.0,144.0,155.0,8.39,15661.0,463.0,376.0
SADBL,8/11/2020,155.0,155.0,145.0,151.0,-2.58,18376.0,463.0,376.0
SADBL,8/12/2020,151.0,151.0,146.0,147.0,-2.65,7276.0,463.0,376.0
SADBL,8/13/2020,147.0,148.0,144.0,148.0,0.68,7477.0,463.0,376.0
SADBL,8/16/2020,146.0,146.0,140.0,142.0,-4.05,18934.0,463.0,376.0
SADBL,8/17/2020,144.0,144.0,140.0,144.0,1.41,6947.0,463.0,376.0
SADBL,8/18/2020,142.0,146.0,142.0,144.0,0.0,2283.0,463.0,376.0
SADBL,8/19/2020,142.0,143.0,140.0,141.0,-2.08,8485.0,463.0,376.0
SADBL,8/20/2020,143.0,146.0,141.0,143.0,1.42,2115.0,463.0,376.0
SADBL,8/23/2020,142.0,145.0,142.0,145.0,1.4,12000.0,463.0,376.0
SADBL,8/24/2020,144.0,145.0,144.0,145.0,0.0,6893.0,463.0,376.0
SADBL,8/25/2020,143.0,146.0,143.0,144.0,-0.69,7195.0,463.0,376.0
SADBL,8/26/2020,146.0,148.0,144.0,147.0,2.08,9895.0,463.0,376.0
SADBL,8/27/2020,146.0,147.0,145.0,145.0,-1.36,6710.0,463.0,376.0
SADBL,8/30/2020,144.0,145.0,143.0,143.0,-1.38,10504.0,463.0,376.0
SADBL,8/31/2020,145.0,146.0,142.0,144.0,0.7,9120.0,463.0,376.0
SADBL,9/2/2020,146.0,153.0,145.0,147.0,2.08,16825.0,463.0,376.0
SADBL,9/3/2020,147.0,147.0,145.0,146.0,-0.68,5685.0,463.0,376.0
SADBL,9/6/2020,153.0,153.0,142.0,143.0,-2.05,34779.0,463.0,376.0
SADBL,9/7/2020,150.0,150.0,143.0,145.0,1.4,2951.0,463.0,376.0
SADBL,9/8/2020,144.0,145.0,143.0,143.0,-1.38,3398.0,463.0,376.0
SADBL,9/9/2020,150.0,150.0,142.0,145.0,1.4,6472.0,463.0,376.0
SADBL,9/10/2020,143.0,147.0,142.0,145.0,0.0,4570.0,463.0,376.0
SADBL,9/13/2020,146.0,146.0,141.0,143.0,-1.38,11364.0,463.0,376.0
SADBL,9/14/2020,142.0,147.0,142.0,143.0,0.0,19777.0,463.0,376.0
SADBL,9/15/2020,145.0,145.0,142.0,143.0,0.0,3336.0,463.0,376.0
SADBL,9/16/2020,150.0,150.0,143.0,144.0,0.7,9749.0,463.0,376.0
SADBL,9/17/2020,146.0,156.0,146.0,153.0,6.25,60504.0,463.0,376.0
SADBL,9/20/2020,156.0,162.0,152.0,156.0,1.96,45969.0,463.0,376.0
SADBL,9/21/2020,156.0,156.0,151.0,153.0,-1.92,12465.0,463.0,376.0
SADBL,9/22/2020,153.0,154.0,146.0,149.0,-2.61,20266.0,463.0,376.0
SADBL,9/23/2020,151.0,153.0,145.0,153.0,2.68,36036.0,463.0,376.0
SADBL,9/24/2020,153.0,153.0,150.0,151.0,-1.31,16976.0,463.0,376.0
SADBL,9/27/2020,153.0,156.0,149.0,154.0,1.99,50540.0,463.0,376.0
SADBL,9/28/2020,156.0,159.0,154.0,154.0,0.0,28374.0,463.0,376.0
SADBL,9/29/2020,155.0,159.0,153.0,158.0,2.6,45009.0,463.0,376.0
SADBL,9/30/2020,158.0,168.0,155.0,167.0,5.7,102180.0,463.0,376.0
SADBL,10/1/2020,170.0,181.0,164.0,177.0,5.99,119268.0,463.0,376.0
SADBL,10/4/2020,180.0,183.0,170.0,171.0,-3.39,83757.0,463.0,376.0
SADBL,10/5/2020,173.0,177.0,170.0,175.0,2.34,51424.0,463.0,376.0
SADBL,10/6/2020,178.0,180.0,175.0,175.0,0.0,55578.0,463.0,376.0
SADBL,10/7/2020,177.0,192.0,176.0,192.0,9.71,140005.0,463.0,376.0
SADBL,10/8/2020,201.0,205.0,187.0,190.0,-1.04,134195.0,463.0,376.0
SADBL,10/11/2020,187.0,192.0,181.0,189.0,-0.53,86841.0,463.0,376.0
SADBL,10/12/2020,186.0,196.0,180.0,189.0,0.0,97741.0,463.0,376.0
SADBL,10/13/2020,191.0,197.0,187.0,188.0,-0.53,118140.0,463.0,376.0
SADBL,10/14/2020,190.0,197.0,183.0,185.0,-1.6,23260.0,463.0,376.0
SADBL,10/15/2020,193.0,193.0,183.0,184.0,-0.54,20401.0,463.0,376.0
SADBL,10/18/2020,182.0,184.0,178.0,179.0,-2.72,27879.0,463.0,376.0
SADBL,10/19/2020,177.0,181.0,175.0,179.0,0.0,28213.0,463.0,376.0
SADBL,10/20/2020,182.0,185.0,177.0,182.0,1.68,31293.0,463.0,376.0
SADBL,10/21/2020,185.0,190.0,179.0,190.0,4.4,51409.0,463.0,376.0
SADBL,10/22/2020,189.0,191.0,187.0,187.0,-1.58,43156.0,463.0,376.0
SADBL,10/28/2020,190.0,196.0,186.0,191.0,2.14,26811.0,463.0,376.0
SADBL,10/29/2020,194.0,197.0,187.0,192.0,0.52,83156.0,463.0,376.0
SADBL,11/1/2020,192.0,192.0,188.0,188.0,-2.08,22984.0,463.0,376.0
SADBL,11/2/2020,194.0,194.0,186.0,187.0,-0.53,30592.0,463.0,376.0
SADBL,11/3/2020,187.0,187.0,183.0,184.0,-1.6,23533.0,463.0,376.0
SADBL,11/4/2020,182.0,185.0,182.0,184.0,0.0,7878.0,463.0,376.0
SADBL,11/5/2020,186.0,187.0,183.0,186.0,1.09,25920.0,463.0,376.0
SADBL,11/8/2020,188.0,188.0,183.0,187.0,0.54,38302.0,463.0,376.0
SADBL,11/9/2020,190.0,191.0,182.0,190.0,1.6,18218.0,463.0,376.0
SADBL,11/10/2020,193.0,193.0,184.0,186.0,-2.11,9568.0,463.0,376.0
SADBL,11/11/2020,185.0,189.0,184.0,186.0,0.0,21708.0,463.0,376.0
SADBL,11/12/2020,188.0,188.0,183.0,183.0,-1.61,15014.0,463.0,376.0
SADBL,11/18/2020,183.0,184.0,180.0,182.0,-0.55,33799.0,463.0,376.0
SADBL,11/19/2020,182.0,200.0,182.0,195.0,7.14,198305.0,463.0,376.0
SADBL,11/22/2020,204.0,204.0,189.0,195.0,0.0,78976.0,463.0,376.0
SADBL,11/23/2020,196.0,201.0,190.0,191.0,-2.05,44493.0,463.0,376.0
SADBL,11/24/2020,194.0,204.0,189.0,202.0,5.76,135213.0,463.0,376.0
SADBL,11/25/2020,206.0,210.0,202.0,206.0,1.98,142581.0,463.0,376.0
SADBL,11/26/2020,216.0,216.0,193.0,195.0,-5.34,96151.0,463.0,376.0
SADBL,11/29/2020,198.0,209.0,195.0,203.0,4.1,156125.0,463.0,376.0
SADBL,11/30/2020,205.0,210.0,197.0,197.0,-2.96,82086.0,463.0,376.0
SADBL,12/1/2020,199.0,199.0,192.0,193.0,-2.03,54828.0,463.0,376.0
SADBL,12/2/2020,193.0,196.0,190.0,193.0,0.0,30510.0,463.0,376.0
SADBL,12/3/2020,196.0,197.0,186.0,189.0,-2.07,30042.0,463.0,376.0
SADBL,12/6/2020,198.0,198.0,176.0,176.0,-6.88,74218.0,463.0,376.0
SADBL,12/7/2020,179.0,184.0,173.0,180.0,2.27,51992.0,463.0,376.0
SADBL,12/8/2020,183.0,186.0,175.0,178.0,-1.11,34990.0,463.0,376.0
SADBL,12/9/2020,180.0,184.0,177.0,179.0,0.56,16285.0,463.0,376.0
SADBL,12/10/2020,179.0,180.0,175.0,177.0,-1.12,13499.0,463.0,376.0
SADBL,12/13/2020,180.0,180.0,178.0,180.0,1.69,15440.0,463.0,376.0
SADBL,12/14/2020,182.0,188.0,179.0,185.0,2.78,25400.0,463.0,376.0
SADBL,12/15/2020,185.0,186.0,182.0,183.0,-1.08,13959.0,463.0,376.0
SADBL,12/16/2020,185.0,185.0,180.0,182.0,-0.55,17147.0,463.0,376.0
SADBL,12/17/2020,180.0,183.0,179.0,180.0,-1.1,22650.0,463.0,376.0
SADBL,12/20/2020,178.0,180.0,171.0,172.0,-4.44,28262.0,463.0,376.0
SADBL,12/21/2020,169.0,173.0,164.0,172.0,0.0,18862.0,463.0,376.0
SADBL,12/22/2020,175.0,182.0,170.0,178.0,3.49,24447.0,463.0,376.0
SADBL,12/23/2020,181.0,181.0,174.0,177.0,-0.56,16181.0,463.0,376.0
SADBL,12/24/2020,175.0,177.0,171.0,173.0,-2.26,15133.0,463.0,376.0
SADBL,12/27/2020,174.0,176.0,171.0,174.0,0.58,6314.0,463.0,376.0
SADBL,12/28/2020,174.0,175.0,172.0,174.0,0.0,8638.0,463.0,376.0
SADBL,12/29/2020,171.0,177.0,169.0,174.0,0.0,9749.0,463.0,376.0
SADBL,12/30/2020,172.0,174.0,171.0,174.0,0.0,6030.0,463.0,376.0
SADBL,12/31/2020,171.0,175.0,171.0,175.0,0.57,16631.0,463.0,376.0
SADBL,1/3/2021,175.0,178.0,174.0,177.0,1.14,28483.0,463.0,376.0
SADBL,1/4/2021,180.0,182.0,175.0,175.0,-1.13,28442.0,463.0,376.0
SADBL,1/5/2021,176.0,179.0,175.0,179.0,2.29,6170.0,463.0,376.0
SADBL,1/6/2021,179.0,180.0,177.0,180.0,0.56,12442.0,463.0,376.0
SADBL,1/7/2021,183.0,186.0,181.0,183.0,1.67,47398.0,463.0,376.0
SADBL,1/10/2021,186.0,192.0,185.0,191.0,4.37,70545.0,463.0,376.0
SADBL,1/11/2021,200.0,204.0,188.0,196.0,2.62,95387.0,463.0,376.0
SADBL,1/12/2021,205.0,205.0,193.0,203.0,3.57,134518.0,463.0,376.0
SADBL,1/13/2021,213.0,213.0,199.0,201.0,-0.99,37257.0,463.0,376.0
SADBL,1/17/2021,205.0,221.0,200.0,220.0,9.45,309017.0,463.0,376.0
SADBL,1/18/2021,220.0,228.0,210.0,212.0,-3.64,78509.0,463.0,376.0
SADBL,1/19/2021,212.0,216.0,202.0,210.0,-0.94,99792.0,463.0,376.0
SADBL,1/20/2021,208.0,216.0,208.0,215.0,2.38,74164.0,463.0,376.0
SADBL,1/21/2021,217.0,222.0,215.0,216.0,0.47,139257.0,463.0,376.0
SADBL,1/24/2021,215.0,227.0,215.0,216.0,0.0,49835.0,463.0,376.0
SADBL,1/25/2021,219.0,219.0,209.0,212.0,-1.85,39127.0,463.0,376.0
SADBL,1/26/2021,215.0,215.0,208.0,208.0,-1.89,41378.0,463.0,376.0
SADBL,1/27/2021,218.0,218.0,208.0,212.0,1.92,32927.0,463.0,376.0
SADBL,1/28/2021,215.0,215.0,206.0,207.0,-2.36,59716.0,463.0,376.0
SADBL,1/31/2021,204.0,206.0,199.0,201.0,-2.9,76777.0,463.0,376.0
SADBL,2/1/2021,203.0,208.0,200.0,205.0,1.99,47573.0,463.0,376.0
SADBL,2/2/2021,208.0,211.0,203.0,206.0,0.49,27472.0,463.0,376.0
SADBL,2/3/2021,209.0,210.0,203.0,208.0,0.97,32038.0,463.0,376.0
SADBL,2/4/2021,209.0,209.0,205.0,207.0,-0.48,20960.0,463.0,376.0
SADBL,2/7/2021,207.0,209.0,203.0,207.0,0.0,38132.0,463.0,376.0
SADBL,2/8/2021,207.0,216.0,205.0,215.0,3.86,63859.0,463.0,376.0
SADBL,2/9/2021,214.0,218.0,208.0,215.0,0.0,33293.0,463.0,376.0
SADBL,2/10/2021,218.0,218.0,202.0,214.0,-0.47,92992.0,463.0,376.0
SADBL,2/11/2021,215.0,220.0,212.0,217.0,1.4,140955.0,463.0,376.0
SADBL,2/14/2021,218.0,220.0,212.0,215.0,-0.92,47972.0,463.0,376.0
SADBL,2/15/2021,214.0,226.0,213.0,225.0,4.65,123117.0,463.0,376.0
SADBL,2/16/2021,236.0,236.0,217.0,220.0,-2.22,84221.0,463.0,376.0
SADBL,2/17/2021,217.0,222.0,217.0,221.0,0.45,32348.0,463.0,376.0
SADBL,2/18/2021,232.0,232.0,219.0,227.0,2.71,97005.0,463.0,376.0
SADBL,2/21/2021,227.0,228.0,223.0,223.0,-1.76,49756.0,463.0,376.0
SADBL,2/22/2021,223.0,227.0,217.0,220.0,-1.35,58272.0,463.0,376.0
SADBL,2/23/2021,220.0,220.0,213.0,218.0,-0.91,37175.0,463.0,376.0
SADBL,2/24/2021,219.0,224.0,217.0,219.0,0.46,19211.0,463.0,376.0
SADBL,2/25/2021,222.0,222.0,212.0,217.0,-0.91,48797.0,463.0,376.0
SADBL,2/28/2021,219.0,219.0,209.0,209.0,-3.69,21214.0,463.0,376.0
SADBL,3/2/2021,213.0,215.0,205.0,208.0,-0.48,73402.0,463.0,376.0
SADBL,3/3/2021,206.0,214.0,203.0,207.0,-0.48,50355.0,463.0,376.0
SADBL,3/4/2021,210.0,212.0,206.0,209.0,0.97,39964.0,463.0,376.0
SADBL,3/7/2021,211.0,211.0,205.0,209.0,0.0,25282.0,463.0,376.0
SADBL,3/9/2021,209.0,210.0,204.0,206.0,-1.44,18478.0,463.0,376.0
SADBL,3/10/2021,204.0,207.0,204.0,206.0,0.0,7621.0,463.0,376.0
SADBL,3/14/2021,203.0,207.0,197.0,201.0,-2.43,37917.0,463.0,376.0
SADBL,3/15/2021,205.0,209.0,199.0,203.0,1.0,38908.0,463.0,376.0
SADBL,3/16/2021,204.0,206.0,199.0,204.0,0.49,26597.0,463.0,376.0
SADBL,3/17/2021,204.0,204.0,200.0,204.0,0.0,21505.0,463.0,376.0
SADBL,3/18/2021,207.0,207.0,203.0,206.0,0.98,28682.0,463.0,376.0
SADBL,3/21/2021,206.0,212.0,206.0,210.0,1.94,28398.0,463.0,376.0
SADBL,3/22/2021,212.0,215.0,210.0,212.0,0.95,70861.0,463.0,376.0
SADBL,3/23/2021,204.0,205.0,199.0,201.0,-5.19,19102.0,463.0,376.0
SADBL,3/24/2021,204.0,204.0,200.0,204.0,1.49,12564.0,463.0,376.0
SADBL,3/25/2021,202.0,204.0,201.0,201.0,-1.47,26060.0,463.0,376.0
SADBL,3/29/2021,203.0,203.0,199.0,200.0,-0.5,26018.0,463.0,376.0
SADBL,3/30/2021,204.0,204.0,200.0,201.0,0.5,17465.0,463.0,376.0
SADBL,3/31/2021,211.0,211.0,202.0,202.0,0.5,33582.0,463.0,376.0
SADBL,4/1/2021,206.0,214.0,204.0,210.0,3.96,76144.0,463.0,376.0
SADBL,4/4/2021,214.0,214.0,207.0,212.0,0.95,82423.0,463.0,376.0
SADBL,4/5/2021,217.0,217.0,211.0,212.0,0.0,54489.0,463.0,376.0
SADBL,4/6/2021,211.0,215.0,210.0,215.0,1.42,64446.0,463.0,376.0
SADBL,4/7/2021,216.0,220.0,216.0,218.0,1.4,109143.0,463.0,376.0
SADBL,4/8/2021,221.0,232.0,220.0,231.0,5.96,116838.0,463.0,376.0
SADBL,4/12/2021,231.0,233.0,225.0,230.0,-0.43,80015.0,463.0,376.0
SADBL,4/13/2021,234.0,241.0,230.0,237.0,3.04,88527.0,463.0,376.0
SADBL,4/15/2021,239.0,248.0,239.0,247.0,4.22,152865.0,463.0,376.0
SADBL,4/18/2021,250.0,250.0,235.0,236.0,-4.45,99715.0,463.0,376.0
SADBL,4/19/2021,240.0,243.0,229.0,235.0,-0.42,49317.0,463.0,376.0
SADBL,4/20/2021,232.0,245.0,229.0,237.0,0.85,35212.0,463.0,376.0
SADBL,4/21/2021,240.0,240.0,226.0,232.0,-2.11,38388.0,463.0,376.0
SADBL,4/22/2021,236.0,236.0,228.0,233.0,0.43,59743.0,463.0,376.0
SADBL,4/25/2021,236.0,236.0,223.0,226.0,-3.0,46701.0,463.0,376.0
SADBL,4/26/2021,222.0,226.0,218.0,220.0,-2.65,51048.0,463.0,376.0
SADBL,4/27/2021,223.0,233.0,220.0,227.0,3.18,29244.0,463.0,376.0
SADBL,4/28/2021,230.0,238.0,226.0,231.0,1.76,61264.0,463.0,376.0
SADBL,4/29/2021,232.0,241.0,231.0,239.0,3.46,67347.0,463.0,376.0
SADBL,5/2/2021,243.0,244.0,238.0,244.0,2.09,70585.0,463.0,376.0
SADBL,5/3/2021,247.0,247.0,237.0,239.0,-2.05,43342.0,463.0,376.0
SADBL,5/4/2021,243.0,243.0,234.0,238.0,-0.42,18824.0,463.0,376.0
SADBL,5/5/2021,234.0,240.0,234.0,237.0,-0.42,23664.0,463.0,376.0
SADBL,5/6/2021,240.0,240.0,234.0,236.0,-0.42,39772.0,463.0,376.0
SADBL,5/9/2021,232.0,238.0,232.0,236.0,0.0,17031.0,463.0,376.0
SADBL,5/10/2021,240.0,240.0,234.0,237.0,0.42,5701.0,463.0,376.0
SADBL,5/11/2021,237.0,238.0,235.0,237.0,0.0,13622.0,463.0,376.0
SADBL,5/12/2021,240.0,240.0,235.0,235.0,-0.84,17464.0,463.0,376.0
SADBL,5/13/2021,235.0,258.0,235.0,258.0,9.79,257874.0,463.0,376.0
SADBL,5/16/2021,258.0,275.0,258.0,264.0,2.33,93338.0,463.0,376.0
SADBL,5/17/2021,265.0,268.0,257.0,262.0,-0.76,99505.0,463.0,376.0
SADBL,5/18/2021,262.0,284.0,260.0,284.0,8.4,221017.0,463.0,376.0
SADBL,5/19/2021,290.0,290.0,273.0,275.0,-3.17,105203.0,463.0,376.0
SADBL,5/20/2021,278.0,286.0,273.0,282.0,2.55,115789.0,463.0,376.0
SADBL,5/23/2021,270.0,310.0,270.0,310.0,9.93,345277.0,463.0,376.0
SADBL,5/24/2021,325.0,325.0,296.0,307.0,-0.97,208161.0,463.0,376.0
SADBL,5/25/2021,310.0,314.0,298.0,299.0,-2.61,134391.0,463.0,376.0
SADBL,5/27/2021,312.0,320.0,289.0,310.0,3.68,169484.0,463.0,376.0
SADBL,5/30/2021,316.0,341.0,310.0,340.0,9.68,435511.0,463.0,376.0
SADBL,5/31/2021,345.0,357.0,330.0,333.0,-2.06,302872.0,463.0,376.0
SADBL,6/1/2021,328.0,346.0,326.0,337.0,1.2,237064.0,463.0,376.0
SADBL,6/2/2021,340.0,369.0,331.0,364.0,8.01,291398.0,463.0,376.0
SADBL,6/3/2021,370.0,396.0,368.0,368.0,1.1,408527.0,463.0,376.0
SADBL,6/6/2021,375.0,382.0,362.0,376.0,2.17,333474.0,463.0,376.0
SADBL,6/7/2021,382.0,410.0,377.0,410.0,9.04,571726.0,463.0,376.0
SADBL,6/8/2021,425.0,451.0,420.0,451.0,10.0,309477.0,463.0,376.0
SADBL,6/9/2021,473.0,473.0,420.0,427.0,-5.32,290130.0,463.0,376.0
SADBL,6/10/2021,406.0,450.0,406.0,433.0,1.41,404835.0,463.0,376.0
SADBL,6/13/2021,440.0,476.0,433.0,473.0,9.24,498448.0,463.0,376.0
SADBL,6/14/2021,481.0,502.0,457.0,462.0,-2.33,279325.0,463.0,376.0
SADBL,6/15/2021,485.0,485.0,432.0,439.0,-4.98,276667.0,463.0,376.0
SADBL,6/16/2021,435.0,450.0,404.0,418.0,-4.78,246568.0,463.0,376.0
SADBL,6/17/2021,438.0,438.0,408.0,424.0,1.44,223045.0,463.0,376.0
SADBL,6/20/2021,430.0,432.0,403.0,410.0,-3.3,178717.0,463.0,376.0
SADBL,6/21/2021,430.0,430.0,386.0,388.0,-5.37,171939.0,463.0,376.0
SADBL,6/22/2021,390.0,426.0,378.0,421.0,8.51,210030.0,463.0,376.0
SADBL,6/23/2021,415.0,432.0,403.0,408.0,-3.09,162494.0,463.0,376.0
SADBL,6/24/2021,414.0,414.0,396.0,397.0,-2.7,76680.0,463.0,376.0
SADBL,6/27/2021,416.0,416.0,386.0,395.0,-0.5,77355.0,463.0,376.0
SADBL,6/28/2021,399.0,399.0,381.0,384.0,-2.78,71570.0,463.0,376.0
SADBL,6/29/2021,365.0,393.0,365.0,374.0,-2.6,133045.0,463.0,376.0
SADBL,6/30/2021,374.0,387.0,357.0,382.0,2.14,168324.0,463.0,376.0
SADBL,7/1/2021,389.0,403.0,375.0,395.0,3.4,160370.0,463.0,376.0
SADBL,7/4/2021,404.0,404.0,386.0,390.0,-1.27,126762.0,463.0,376.0
SADBL,7/5/2021,371.0,396.0,371.0,378.0,-3.08,83461.0,463.0,376.0
SADBL,7/6/2021,385.0,385.0,375.0,378.0,0.0,48101.0,463.0,376.0
SADBL,7/7/2021,382.0,383.0,372.0,376.0,-0.53,35304.0,463.0,376.0
SADBL,7/8/2021,376.0,387.0,371.0,383.0,1.86,80319.0,463.0,376.0
SADBL,7/11/2021,402.0,421.0,387.0,421.0,9.92,254810.0,463.0,376.0
SADBL,7/12/2021,428.0,443.0,409.0,417.0,-0.95,312859.0,463.0,376.0
SADBL,7/13/2021,416.0,436.0,415.0,427.0,2.4,167869.0,463.0,376.0
SADBL,7/14/2021,435.0,435.0,421.0,425.0,-0.47,100291.0,463.0,376.0
SADBL,7/15/2021,404.0,434.0,404.0,424.0,-0.24,94408.0,463.0,376.0
SADBL,7/18/2021,425.0,448.8,420.0,442.0,4.25,209685.0,463.0,376.0
SADBL,7/19/2021,445.0,455.0,432.0,440.0,-0.45,143427.0,463.0,376.0
SADBL,7/20/2021,445.0,445.0,430.0,430.0,-2.27,90507.0,463.0,376.0
SADBL,7/22/2021,432.0,435.0,428.0,429.9,-0.02,90271.0,463.0,376.0
SADBL,7/25/2021,433.0,437.9,426.0,429.0,-0.21,105244.0,463.0,376.0
SADBL,7/26/2021,427.0,434.0,426.0,427.0,-0.47,98157.0,463.0,376.0
SADBL,7/27/2021,427.0,443.0,412.0,434.0,1.64,169978.0,463.0,376.0
SADBL,7/28/2021,440.0,447.0,435.0,437.0,0.69,122591.0,463.0,376.0
SADBL,7/29/2021,445.7,454.0,440.0,447.0,2.29,266519.0,463.0,376.0
SADBL,8/1/2021,455.9,474.0,455.9,463.0,3.58,369064.0,463.0,376.0
SADBL,8/2/2021,472.2,472.2,452.0,455.0,-1.73,136653.0,463.0,376.0
SADBL,8/3/2021,455.0,460.0,453.0,455.0,0.0,105381.0,463.0,376.0
SADBL,8/4/2021,446.0,470.0,446.0,461.3,1.38,184398.0,463.0,376.0
SADBL,8/5/2021,470.5,485.0,462.0,475.8,3.14,456206.0,463.0,376.0
SADBL,8/8/2021,479.0,485.0,472.0,475.0,-0.17,212726.0,463.0,376.0
SADBL,8/9/2021,480.0,482.0,465.3,467.0,-1.68,120645.0,463.0,376.0
SADBL,8/10/2021,474.0,513.7,470.4,513.0,9.85,664400.0,463.0,376.0
SADBL,8/11/2021,523.2,533.6,496.0,504.8,-1.6,283672.0,463.0,376.0
SADBL,8/12/2021,505.0,550.0,500.0,540.2,7.01,595240.0,463.0,376.0
SADBL,8/15/2021,529.4,535.0,499.0,518.0,-4.11,544519.0,463.0,376.0
SADBL,8/16/2021,518.0,536.0,502.0,522.0,0.77,251346.0,463.0,376.0
SADBL,8/17/2021,528.0,560.0,520.0,548.0,4.98,302412.0,463.0,376.0
SADBL,8/18/2021,555.0,595.0,543.0,575.0,4.93,496824.0,463.0,376.0
SADBL,8/19/2021,575.0,585.8,555.0,565.0,-1.74,390172.0,463.0,376.0
SADBL,8/24/2021,554.0,566.0,536.0,538.0,-4.78,252780.0,463.0,376.0
SADBL,8/25/2021,545.0,545.0,520.0,522.0,-2.97,177348.0,463.0,376.0
SADBL,8/26/2021,532.0,562.9,522.0,548.0,4.98,292118.0,463.0,376.0
SADBL,8/29/2021,557.9,568.9,533.0,536.0,-2.19,254938.0,463.0,376.0
SADBL,8/31/2021,527.0,535.0,510.0,511.3,-4.61,213825.0,463.0,376.0
SADBL,9/1/2021,520.0,530.0,505.0,510.0,-0.25,167743.0,463.0,376.0
SADBL,9/2/2021,500.0,524.0,492.0,498.1,-2.33,140984.0,463.0,376.0
SADBL,9/5/2021,489.0,494.0,449.0,457.0,-8.25,225229.0,463.0,376.0
SADBL,9/6/2021,457.0,502.7,449.0,502.7,10.0,175229.0,463.0,376.0
SADBL,9/7/2021,510.0,519.7,483.2,503.0,0.06,152158.0,463.0,376.0
SADBL,9/8/2021,494.0,499.0,479.0,480.0,-4.57,128953.0,463.0,376.0
SADBL,9/9/2021,480.0,495.0,476.0,480.0,0.0,65211.0,463.0,376.0
SADBL,9/12/2021,489.6,512.0,480.0,510.0,6.25,157540.0,463.0,376.0
SADBL,9/13/2021,520.0,531.0,510.1,512.9,0.57,145261.0,463.0,376.0
SADBL,9/14/2021,523.1,523.1,504.0,506.0,-1.35,65323.0,463.0,376.0
SADBL,9/15/2021,506.0,506.0,491.0,494.0,-2.37,94858.0,463.0,376.0
SADBL,9/16/2021,486.0,487.0,468.1,476.0,-3.64,156558.0,463.0,376.0
SADBL,9/20/2021,466.5,475.0,439.0,441.0,-7.35,136575.0,463.0,376.0
SADBL,9/21/2021,433.0,463.0,427.0,442.5,0.34,132899.0,463.0,376.0
SADBL,9/22/2021,451.3,482.0,450.0,480.0,8.47,114442.0,463.0,376.0
SADBL,9/23/2021,489.0,505.0,460.1,465.2,-3.08,106649.0,463.0,376.0
SADBL,9/26/2021,470.0,477.0,443.0,445.0,-4.34,64755.0,463.0,376.0
SADBL,9/27/2021,445.0,448.0,425.0,426.2,-4.22,80006.0,463.0,376.0
SADBL,9/28/2021,419.0,440.0,404.9,410.0,-3.8,93860.0,463.0,376.0
SADBL,9/29/2021,418.0,430.0,402.0,425.0,3.66,101016.0,463.0,376.0
SADBL,9/30/2021,430.0,438.6,404.0,405.0,-4.71,94952.0,463.0,376.0
SADBL,10/3/2021,413.0,413.0,388.0,395.0,-2.47,56376.0,463.0,376.0
SADBL,10/4/2021,388.6,405.0,384.0,391.0,-1.01,46270.0,463.0,376.0
SADBL,10/5/2021,398.0,405.0,392.1,399.0,2.05,54597.0,463.0,376.0
SADBL,10/6/2021,400.0,411.0,393.0,410.9,2.98,71814.0,463.0,376.0
SADBL,10/10/2021,419.1,419.1,392.0,394.0,-4.11,47348.0,463.0,376.0
SADBL,10/11/2021,390.0,391.0,383.2,388.0,-1.52,60824.0,463.0,376.0
SADBL,10/17/2021,395.7,402.9,385.0,396.0,2.06,25761.0,463.0,376.0
SADBL,10/18/2021,389.0,389.0,375.4,380.0,-4.04,70722.0,463.0,376.0
SADBL,10/19/2021,380.0,380.0,354.0,358.8,-5.58,77849.0,463.0,376.0
SADBL,10/20/2021,365.9,386.0,365.9,378.0,5.35,45328.0,463.0,376.0
SADBL,10/21/2021,385.5,392.0,367.2,368.0,-2.65,101356.0,463.0,376.0
SADBL,10/24/2021,340.2,340.2,324.4,337.0,-8.42,32690.0,463.0,376.0
SADBL,10/25/2021,337.0,370.7,336.3,370.7,10.0,105622.0,463.0,376.0
SADBL,10/26/2021,378.1,402.9,372.0,400.0,7.9,127370.0,463.0,376.0
SADBL,10/27/2021,408.0,414.7,382.3,399.9,-0.03,108438.0,463.0,376.0
SADBL,10/28/2021,400.0,410.0,392.0,406.0,1.53,50471.0,463.0,376.0
SADBL,10/31/2021,413.0,430.0,400.0,429.5,5.79,107582.0,463.0,376.0
SADBL,11/1/2021,438.0,445.7,412.3,415.0,-3.38,108229.0,463.0,376.0
SADBL,11/2/2021,407.1,452.8,406.0,439.9,6.0,139830.0,463.0,376.0
SADBL,11/3/2021,448.0,448.0,428.2,429.0,-2.48,40806.0,463.0,376.0
SADBL,11/8/2021,436.0,439.6,425.9,426.0,-0.7,50650.0,463.0,376.0
SADBL,11/9/2021,429.9,429.9,400.0,403.0,-5.4,72643.0,463.0,376.0
SADBL,11/11/2021,395.0,409.9,389.5,390.0,-3.23,63413.0,463.0,376.0
SADBL,11/14/2021,395.0,405.0,385.0,395.0,1.28,42076.0,463.0,376.0
SADBL,11/15/2021,402.9,415.0,401.1,408.0,3.29,59429.0,463.0,376.0
SADBL,11/16/2021,415.9,424.2,408.0,421.0,3.19,54141.0,463.0,376.0
SADBL,11/17/2021,429.0,444.0,415.8,423.0,0.48,116657.0,463.0,376.0
SADBL,11/18/2021,416.0,430.0,410.0,412.0,-2.6,46496.0,463.0,376.0
SADBL,11/21/2021,419.5,420.0,408.0,410.1,-0.46,28752.0,463.0,376.0
SADBL,11/22/2021,418.3,418.3,407.7,409.0,-0.27,52571.0,463.0,376.0
SADBL,11/23/2021,401.9,417.1,395.0,398.5,-2.57,65864.0,463.0,376.0
SADBL,11/24/2021,395.0,405.0,390.0,399.0,0.13,56976.0,463.0,376.0
SADBL,11/25/2021,400.0,407.0,387.1,400.0,0.25,73619.0,463.0,376.0
SADBL,11/28/2021,400.0,400.0,378.5,378.5,-5.37,78129.0,463.0,376.0
SADBL,11/29/2021,386.0,399.8,370.0,380.0,0.4,51133.0,463.0,376.0
SADBL,11/30/2021,386.9,387.0,373.0,381.9,0.5,26515.0,463.0,376.0
SADBL,12/1/2021,376.0,390.0,376.0,384.0,0.55,22066.0,463.0,376.0
SADBL,12/2/2021,390.0,390.0,368.0,368.0,-4.17,42946.0,463.0,376.0
SADBL,12/5/2021,368.0,370.0,347.0,350.0,-4.89,46456.0,463.0,376.0
SADBL,12/6/2021,350.0,369.0,336.2,363.0,3.71,98123.0,463.0,376.0
SADBL,12/7/2021,370.0,384.9,346.0,349.0,-3.86,48202.0,463.0,376.0
SADBL,12/8/2021,345.0,365.0,335.1,335.3,-3.93,19523.0,463.0,376.0
SADBL,12/9/2021,330.2,345.0,328.0,338.5,0.95,61267.0,463.0,376.0
SADBL,12/12/2021,334.0,338.0,320.0,320.0,-5.47,38343.0,463.0,376.0
SADBL,12/13/2021,314.0,325.0,294.0,300.3,-6.16,73368.0,463.0,376.0
SADBL,12/14/2021,306.3,330.3,306.0,330.3,9.99,27192.0,463.0,376.0
SADBL,12/15/2021,336.9,354.0,318.0,338.1,2.36,120802.0,463.0,376.0
SADBL,12/16/2021,334.0,340.0,320.5,321.0,-5.06,28874.0,463.0,376.0
SADBL,12/20/2021,315.0,321.0,309.0,315.0,-1.87,22432.0,463.0,376.0
SADBL,12/21/2021,321.0,329.0,314.0,329.0,4.44,28104.0,463.0,376.0
SADBL,12/22/2021,335.5,351.0,330.0,351.0,6.69,94896.0,463.0,376.0
SADBL,12/23/2021,358.0,358.0,337.0,340.0,-3.13,56648.0,463.0,376.0
SADBL,12/26/2021,344.0,349.9,334.0,340.1,0.03,59190.0,463.0,376.0
SADBL,12/27/2021,346.0,346.0,325.0,325.0,-4.44,38257.0,463.0,376.0
SADBL,12/28/2021,319.1,330.0,317.1,325.1,0.03,40971.0,463.0,376.0
SADBL,12/29/2021,320.0,331.0,318.8,325.0,-0.03,30676.0,463.0,376.0
SADBL,1/2/2022,325.0,338.0,323.5,336.0,3.38,39791.0,463.0,376.0
SADBL,1/3/2022,340.0,350.0,335.0,345.0,2.68,59130.0,463.0,376.0
SADBL,1/4/2022,341.1,368.0,341.0,368.0,6.67,110555.0,463.0,376.0
SADBL,1/5/2022,370.0,376.2,358.0,362.0,-1.63,91005.0,463.0,376.0
SADBL,1/6/2022,356.0,375.0,356.0,372.0,2.76,71914.0,463.0,376.0
SADBL,1/9/2022,378.0,400.2,378.0,397.0,6.72,143547.0,463.0,376.0
SADBL,1/10/2022,404.0,413.0,396.0,411.0,3.53,142246.0,463.0,376.0
SADBL,1/11/2022,411.0,430.0,397.5,419.0,1.95,152934.0,463.0,376.0
SADBL,1/12/2022,415.0,427.0,407.0,410.0,-2.15,162748.0,463.0,376.0
SADBL,1/13/2022,405.0,424.0,405.0,417.0,1.71,88967.0,463.0,376.0
SADBL,1/16/2022,425.0,441.0,421.0,425.0,1.92,118704.0,463.0,376.0
SADBL,1/17/2022,429.0,434.0,415.1,423.1,-0.45,111707.0,463.0,376.0
SADBL,1/18/2022,425.0,430.0,415.1,420.0,-0.73,135114.0,463.0,376.0
SADBL,1/19/2022,415.0,443.7,415.0,438.0,4.29,298017.0,463.0,376.0
SADBL,1/20/2022,446.7,446.7,434.1,446.0,1.83,224339.0,463.0,376.0
SADBL,1/23/2022,454.9,454.9,433.0,440.0,-1.35,193071.0,463.0,376.0
SADBL,1/24/2022,432.0,436.0,413.0,416.8,-5.27,166968.0,463.0,376.0
SADBL,1/25/2022,416.0,427.0,413.0,416.0,-0.19,101849.0,463.0,376.0
SADBL,1/26/2022,415.0,418.0,399.0,408.0,-1.92,94948.0,463.0,376.0
SADBL,1/27/2022,412.0,416.0,405.0,406.6,-0.34,46527.0,463.0,376.0
SADBL,1/30/2022,414.7,436.0,414.7,436.0,7.23,129993.0,463.0,376.0
SADBL,1/31/2022,444.0,444.0,423.0,423.0,-2.98,81066.0,463.0,376.0
SADBL,2/1/2022,423.0,433.4,420.0,428.4,1.28,81330.0,463.0,376.0
SADBL,2/3/2022,436.0,443.0,426.0,427.0,-0.33,96366.0,463.0,376.0
SADBL,2/6/2022,418.8,430.0,418.8,421.0,-1.41,68814.0,463.0,376.0
SADBL,2/7/2022,421.0,430.0,420.0,421.0,0.0,42801.0,463.0,376.0
SADBL,2/8/2022,429.4,437.9,414.0,415.0,-1.43,72039.0,463.0,376.0
SADBL,2/9/2022,416.0,420.0,402.0,413.0,-0.48,63791.0,463.0,376.0
SADBL,2/10/2022,418.9,420.0,407.3,410.0,-0.73,43850.0,463.0,376.0
SADBL,2/13/2022,402.0,402.0,388.0,394.5,-3.78,83125.0,463.0,376.0
SADBL,2/14/2022,402.0,410.0,390.2,394.0,-0.13,34342.0,463.0,376.0
SADBL,2/15/2022,400.0,407.0,396.1,407.0,3.3,24641.0,463.0,376.0
SADBL,2/16/2022,410.0,410.8,396.0,397.0,-2.46,43432.0,463.0,376.0
SADBL,2/17/2022,397.0,400.0,396.0,398.0,0.25,23349.0,463.0,376.0
SADBL,2/20/2022,390.1,396.5,383.0,388.0,-2.51,43585.0,463.0,376.0
SADBL,2/21/2022,395.7,395.7,388.1,390.0,0.52,25811.0,463.0,376.0
SADBL,2/22/2022,388.0,402.0,388.0,397.0,1.79,34329.0,463.0,376.0
SADBL,2/23/2022,397.0,403.0,390.9,392.0,-1.26,29027.0,463.0,376.0
SADBL,2/24/2022,391.5,391.5,378.3,382.0,-2.55,39755.0,463.0,376.0
SADBL,2/27/2022,389.6,392.0,375.0,380.0,-0.52,35304.0,463.0,376.0
SADBL,2/28/2022,387.0,387.6,368.0,375.0,-1.32,32975.0,463.0,376.0
SADBL,3/2/2022,380.0,380.0,362.5,362.5,-3.33,42606.0,463.0,376.0
SADBL,3/6/2022,369.0,374.9,360.0,366.0,0.97,34144.0,463.0,376.0
SADBL,3/7/2022,373.0,374.0,363.0,363.0,-0.82,26292.0,463.0,376.0
SADBL,3/9/2022,370.0,372.0,353.6,355.0,-2.2,25596.0,463.0,376.0
SADBL,3/10/2022,352.0,374.9,350.1,374.0,5.35,37303.0,463.0,376.0
SADBL,3/13/2022,379.5,394.0,375.0,388.0,3.74,73745.0,463.0,376.0
SADBL,3/14/2022,383.0,397.2,380.3,393.0,1.29,46719.0,463.0,376.0
SADBL,3/15/2022,393.0,407.9,386.0,401.0,2.04,181829.0,463.0,376.0
SADBL,3/16/2022,409.0,409.0,397.0,398.6,-0.6,52175.0,463.0,376.0
SADBL,3/20/2022,400.0,400.1,388.3,390.0,-2.16,47952.0,463.0,376.0
SADBL,3/21/2022,393.0,412.8,392.0,409.0,4.87,81314.0,463.0,376.0
SADBL,3/22/2022,415.0,422.9,407.0,419.0,2.44,176568.0,463.0,376.0
SADBL,3/23/2022,414.1,421.0,411.3,418.0,-0.24,76874.0,463.0,376.0
SADBL,3/24/2022,416.0,418.0,408.0,413.0,-1.2,60613.0,463.0,376.0
SADBL,3/27/2022,419.0,419.0,392.0,394.9,-4.38,60275.0,463.0,376.0
SADBL,3/28/2022,388.0,396.7,382.1,388.0,-1.75,55212.0,463.0,376.0
SADBL,3/29/2022,388.0,395.1,384.0,388.0,0.0,22969.0,463.0,376.0
SADBL,3/30/2022,388.0,405.0,386.2,401.0,3.35,35782.0,463.0,376.0
SADBL,3/31/2022,407.0,407.0,392.1,394.0,-1.75,35497.0,463.0,376.0
SADBL,4/3/2022,391.0,397.0,384.0,385.7,-2.11,33346.0,463.0,376.0
SADBL,4/4/2022,382.0,397.5,379.0,385.5,-0.05,29620.0,463.0,376.0
SADBL,4/5/2022,380.2,385.0,375.0,382.0,-0.91,41823.0,463.0,376.0
SADBL,4/6/2022,378.0,387.0,376.0,377.6,-1.15,26930.0,463.0,376.0
SADBL,4/7/2022,385.1,392.8,378.0,384.0,1.69,31360.0,463.0,376.0
SADBL,4/11/2022,391.0,396.8,376.0,377.0,-1.82,45826.0,463.0,376.0
SADBL,4/12/2022,372.5,384.0,372.2,376.9,-0.03,21609.0,463.0,376.0
SADBL,4/13/2022,376.9,391.0,373.0,379.0,0.56,20909.0,463.0,376.0
SADBL,4/17/2022,385.0,386.2,372.4,377.0,-0.53,14327.0,463.0,376.0
SADBL,4/18/2022,371.0,375.0,364.0,368.9,-2.15,35075.0,463.0,376.0
SADBL,4/19/2022,376.2,379.0,362.1,369.0,0.03,30632.0,463.0,376.0
SADBL,4/20/2022,370.0,370.0,352.0,356.0,-3.52,25800.0,463.0,376.0
SADBL,4/21/2022,350.5,368.0,346.5,360.0,1.12,24780.0,463.0,376.0
SADBL,4/24/2022,367.0,395.7,360.0,382.0,6.11,50838.0,463.0,376.0
SADBL,4/25/2022,389.6,389.6,370.0,371.0,-2.88,46884.0,463.0,376.0
SADBL,4/26/2022,371.0,376.0,365.0,366.1,-1.32,18831.0,463.0,376.0
SADBL,4/27/2022,365.0,377.0,363.0,376.0,2.7,18040.0,463.0,376.0
SADBL,4/28/2022,377.0,380.0,366.2,367.0,-2.39,28182.0,463.0,376.0
SADBL,5/2/2022,360.1,364.0,351.1,357.8,-2.51,31530.0,463.0,376.0
SADBL,5/4/2022,357.0,361.0,349.0,350.5,-2.04,19649.0,463.0,376.0
SADBL,5/5/2022,343.5,352.9,335.0,338.0,-3.57,62662.0,463.0,376.0
SADBL,5/8/2022,340.0,357.0,327.5,357.0,5.62,50512.0,463.0,376.0
SADBL,5/9/2022,350.1,361.9,347.0,352.0,-1.4,46338.0,463.0,376.0
SADBL,5/10/2022,355.0,361.9,348.0,356.5,1.28,17823.0,463.0,376.0
SADBL,5/11/2022,362.0,370.0,355.0,368.0,3.23,58723.0,463.0,376.0
SADBL,5/12/2022,371.9,374.0,354.1,355.0,-3.53,46861.0,463.0,376.0
SADBL,5/17/2022,348.1,354.0,339.0,339.1,-4.48,17320.0,463.0,376.0
SADBL,5/18/2022,333.0,358.0,333.0,351.0,3.51,20516.0,463.0,376.0
SADBL,5/19/2022,345.0,354.0,340.0,340.0,-3.13,21255.0,463.0,376.0
SADBL,5/20/2022,335.0,347.0,335.0,339.5,-0.15,10076.0,463.0,376.0
SADBL,5/23/2022,333.0,340.0,327.0,331.0,-2.5,22205.0,463.0,376.0
SADBL,5/24/2022,334.0,343.0,327.5,333.0,0.6,14693.0,463.0,376.0
SADBL,5/25/2022,338.0,346.0,335.2,336.0,0.9,18322.0,463.0,376.0
SADBL,5/26/2022,342.0,342.0,333.0,336.0,0.0,16566.0,463.0,376.0
SADBL,5/27/2022,338.0,341.7,330.0,334.0,-0.6,17358.0,463.0,376.0
SADBL,5/30/2022,332.0,332.0,320.0,323.0,-3.29,34843.0,463.0,376.0
SADBL,5/31/2022,322.0,326.0,317.7,320.0,-0.93,20581.0,463.0,376.0
SADBL,6/1/2022,325.9,327.0,320.0,323.0,0.94,10814.0,463.0,376.0
SADBL,6/2/2022,327.0,327.0,320.0,321.0,-0.62,11105.0,463.0,376.0
SADBL,6/3/2022,321.0,321.0,314.0,315.0,-1.87,31698.0,463.0,376.0
SADBL,6/6/2022,319.0,320.0,313.2,317.0,0.63,20076.0,463.0,376.0
SADBL,6/7/2022,313.1,317.0,305.0,307.9,-2.87,16556.0,463.0,376.0
SADBL,6/8/2022,312.0,324.0,309.0,316.0,2.63,35255.0,463.0,376.0
SADBL,6/9/2022,318.0,321.9,308.8,313.0,-0.95,35719.0,463.0,376.0
SADBL,6/10/2022,313.0,314.5,306.8,307.0,-1.92,10586.0,463.0,376.0
SADBL,6/13/2022,313.1,313.1,304.0,307.8,0.26,10148.0,463.0,376.0
SADBL,6/14/2022,305.1,305.1,296.0,299.9,-2.57,18899.0,463.0,376.0
SADBL,6/15/2022,300.0,305.0,293.0,296.0,-1.3,25174.0,463.0,376.0
SADBL,6/16/2022,301.0,306.0,295.4,298.0,0.68,23937.0,463.0,376.0
SADBL,6/17/2022,299.0,300.0,294.0,297.0,-0.34,21765.0,463.0,376.0
SADBL,6/19/2022,293.0,295.0,280.0,283.7,-4.48,31934.0,463.0,376.0
SADBL,6/20/2022,278.1,280.0,269.8,273.9,-3.45,56258.0,463.0,376.0
SADBL,6/21/2022,278.0,287.0,273.0,285.8,4.34,19675.0,463.0,376.0
SADBL,6/22/2022,289.8,289.8,272.0,274.0,-4.13,11934.0,463.0,376.0
SADBL,6/23/2022,269.0,269.0,256.3,257.0,-6.2,39660.0,463.0,376.0
SADBL,6/24/2022,253.9,274.0,245.0,264.7,3.0,40395.0,463.0,376.0
SADBL,6/26/2022,269.9,283.0,265.0,280.0,5.78,54278.0,463.0,376.0
SADBL,6/27/2022,283.0,290.7,270.0,270.0,-3.57,69978.0,463.0,376.0
SADBL,6/28/2022,265.0,271.0,262.0,267.9,-0.78,18070.0,463.0,376.0
SADBL,6/29/2022,272.0,282.3,267.1,280.0,4.52,33494.0,463.0,376.0
SADBL,6/30/2022,284.0,305.0,280.0,298.0,6.43,85967.0,463.0,376.0
SADBL,7/1/2022,298.0,304.0,292.0,300.0,0.67,63414.0,463.0,376.0
SADBL,7/3/2022,295.0,317.0,290.0,313.1,4.37,62747.0,463.0,376.0
SADBL,7/4/2022,314.0,322.0,295.0,297.2,-5.08,126083.0,463.0,376.0
SADBL,7/5/2022,295.0,309.0,288.0,293.9,-1.11,95804.0,463.0,376.0
SADBL,7/6/2022,290.0,304.0,285.1,299.0,1.74,40858.0,463.0,376.0
SADBL,7/7/2022,304.9,310.9,290.0,290.0,-3.01,45649.0,463.0,376.0
SADBL,7/8/2022,285.0,293.0,283.6,284.0,-2.07,17672.0,463.0,376.0
SADBL,7/11/2022,278.4,278.4,269.5,271.0,-4.58,44089.0,463.0,376.0
SADBL,7/12/2022,276.0,282.5,267.1,279.0,2.95,35469.0,463.0,376.0
SADBL,7/13/2022,284.0,297.8,276.0,295.0,5.73,34825.0,463.0,376.0
SADBL,7/14/2022,297.0,300.9,290.0,293.0,-0.68,31201.0,463.0,376.0
SADBL,7/15/2022,292.1,294.9,285.0,290.0,-1.02,20044.0,463.0,376.0
SADBL,7/17/2022,291.0,295.0,287.1,293.0,1.03,35614.0,463.0,376.0
SADBL,7/18/2022,290.0,298.0,288.1,297.0,1.37,37568.0,463.0,376.0
SADBL,7/19/2022,302.0,304.8,297.0,299.0,0.67,64620.0,463.0,376.0
SADBL,7/20/2022,297.0,309.9,296.0,302.0,1.0,43438.0,463.0,376.0
SADBL,7/21/2022,302.0,307.0,293.0,303.0,0.33,37301.0,463.0,376.0
SADBL,7/22/2022,300.0,300.0,292.0,292.0,-3.63,36727.0,463.0,376.0
SADBL,7/24/2022,297.0,313.0,290.0,309.0,5.82,67135.0,463.0,376.0
SADBL,7/25/2022,312.0,329.0,308.0,324.0,4.85,145026.0,463.0,376.0
SADBL,7/26/2022,319.0,328.0,311.0,314.0,-3.09,85388.0,463.0,376.0
SADBL,7/27/2022,308.0,322.2,304.0,321.0,2.23,115864.0,463.0,376.0
SADBL,7/28/2022,326.0,340.0,319.5,325.0,1.25,157937.0,463.0,376.0
SADBL,7/29/2022,331.0,349.0,318.5,345.0,6.15,174519.0,463.0,376.0
SADBL,7/31/2022,351.0,358.0,341.1,350.0,1.45,143607.0,463.0,376.0
SADBL,8/1/2022,353.9,353.9,340.0,341.5,-2.43,83494.0,463.0,376.0
SADBL,8/2/2022,336.1,346.3,334.0,340.0,-0.44,72041.0,463.0,376.0
SADBL,8/3/2022,342.0,355.0,338.0,340.0,0.0,77728.0,463.0,376.0
SADBL,8/4/2022,334.0,341.0,331.3,331.3,-2.56,86232.0,463.0,376.0
SADBL,8/5/2022,337.0,345.0,325.0,329.0,-0.69,94571.0,463.0,376.0
SADBL,8/7/2022,335.0,339.9,330.0,334.0,1.52,43737.0,463.0,376.0
SADBL,8/8/2022,339.9,343.7,331.0,331.0,-0.9,82698.0,463.0,376.0
SADBL,8/9/2022,327.1,333.0,320.0,323.0,-2.42,62268.0,463.0,376.0
SADBL,8/10/2022,317.2,329.0,317.2,320.1,-0.9,31684.0,463.0,376.0
SADBL,8/11/2022,324.0,326.0,315.0,317.0,-0.97,34400.0,463.0,376.0
SADBL,8/14/2022,321.0,323.0,314.0,315.0,-0.63,27321.0,463.0,376.0
SADBL,8/15/2022,318.0,333.0,315.0,331.0,5.08,69357.0,463.0,376.0
SADBL,8/16/2022,328.4,336.9,320.1,320.5,-3.17,48540.0,463.0,376.0
SADBL,8/17/2022,315.6,330.0,315.6,324.0,1.09,25537.0,463.0,376.0
SADBL,8/18/2022,328.0,336.0,324.2,335.0,3.4,49322.0,463.0,376.0
SADBL,8/21/2022,339.6,341.0,328.3,328.3,-2.0,49009.0,463.0,376.0
SADBL,8/22/2022,328.8,333.7,322.3,328.0,-0.09,37200.0,463.0,376.0
SADBL,8/23/2022,323.0,330.0,323.0,328.0,0.0,21708.0,463.0,376.0
SADBL,8/24/2022,333.0,333.0,326.0,327.0,-0.3,16532.0,463.0,376.0
SADBL,8/25/2022,332.0,332.0,322.0,322.6,-1.35,29091.0,463.0,376.0
SADBL,8/26/2022,320.0,322.0,316.4,320.0,-0.81,69597.0,463.0,376.0
SADBL,8/28/2022,315.0,319.9,310.1,312.0,-2.5,33662.0,463.0,376.0
SADBL,8/29/2022,312.0,318.1,308.7,313.0,0.32,16953.0,463.0,376.0
SADBL,8/30/2022,319.0,324.9,312.7,313.5,0.16,15440.0,463.0,376.0
SADBL,8/31/2022,312.3,319.7,308.0,308.3,-1.66,20049.0,463.0,376.0
SADBL,9/1/2022,308.0,312.8,302.0,309.0,0.23,50210.0,463.0,376.0
SADBL,9/2/2022,314.0,314.0,302.9,309.0,0.0,8747.0,463.0,376.0
SADBL,9/4/2022,308.0,314.5,308.0,314.0,1.62,12226.0,463.0,376.0
SADBL,9/5/2022,319.5,319.5,312.2,314.9,0.29,12748.0,463.0,376.0
SADBL,9/6/2022,314.0,314.0,307.1,307.1,-2.48,11331.0,463.0,376.0
SADBL,9/7/2022,305.0,309.0,303.3,304.2,-0.94,13413.0,463.0,376.0
SADBL,9/8/2022,308.0,314.0,303.0,310.0,1.91,14791.0,463.0,376.0
SADBL,9/11/2022,306.0,312.1,303.0,303.0,-2.26,8806.0,463.0,376.0
SADBL,9/12/2022,303.0,304.0,301.3,303.2,0.07,17975.0,463.0,376.0
SADBL,9/13/2022,307.0,311.0,305.6,309.2,1.98,20028.0,463.0,376.0
SADBL,9/14/2022,313.4,322.0,310.0,319.0,3.17,53799.0,463.0,376.0
SADBL,9/15/2022,319.1,320.0,304.0,304.1,-4.67,65626.0,463.0,376.0
SADBL,9/16/2022,298.2,308.0,289.5,301.1,-0.99,29141.0,463.0,376.0
SADBL,9/18/2022,300.0,300.0,290.0,292.0,-3.02,28251.0,463.0,376.0
SADBL,9/20/2022,290.0,290.0,281.3,283.0,-3.08,19891.0,463.0,376.0
SADBL,9/21/2022,285.0,293.0,284.2,284.2,0.42,20260.0,463.0,376.0
SADBL,9/22/2022,287.0,289.0,280.0,282.0,-0.77,14833.0,463.0,376.0
SADBL,9/25/2022,279.0,282.0,274.0,275.5,-2.3,17419.0,463.0,376.0
SADBL,9/27/2022,280.0,287.0,276.3,284.0,3.09,6887.0,463.0,376.0
SADBL,9/28/2022,288.0,289.0,282.1,284.0,0.0,7691.0,463.0,376.0
SADBL,9/29/2022,284.0,288.5,280.0,285.0,0.35,12649.0,463.0,376.0
SADBL,10/9/2022,290.0,297.0,284.2,295.0,3.51,26015.0,463.0,376.0
SADBL,10/10/2022,299.9,300.0,285.1,289.0,-2.03,12798.0,463.0,376.0
SADBL,10/11/2022,288.0,288.0,281.3,287.9,-0.38,9623.0,463.0,376.0
SADBL,10/12/2022,291.9,297.6,281.2,292.7,1.67,16852.0,463.0,376.0
SADBL,10/13/2022,292.0,295.0,291.1,294.0,0.44,16957.0,463.0,376.0
SADBL,10/16/2022,288.6,296.9,287.0,290.0,-1.36,18333.0,463.0,376.0
SADBL,10/17/2022,290.0,292.0,285.1,287.5,-0.86,9169.0,463.0,376.0
SADBL,10/19/2022,287.5,287.9,279.3,281.0,-2.26,16965.0,463.0,376.0
SADBL,10/20/2022,280.0,285.0,277.0,281.9,0.32,8192.0,463.0,376.0
SADBL,10/23/2022,281.9,285.0,280.0,283.0,0.39,9245.0,463.0,376.0
SADBL,10/31/2022,280.0,285.5,277.4,285.5,0.88,20719.0,463.0,376.0
SADBL,11/1/2022,289.0,298.0,284.0,298.0,4.38,17799.0,463.0,376.0
SADBL,11/2/2022,300.0,307.0,294.0,302.9,1.64,27929.0,463.0,376.0
SADBL,11/3/2022,296.9,305.0,293.0,295.0,-2.61,13668.0,463.0,376.0
SADBL,11/6/2022,299.9,304.0,296.0,303.7,2.95,21493.0,463.0,376.0
SADBL,11/7/2022,303.0,309.0,300.0,303.5,-0.07,45449.0,463.0,376.0
SADBL,11/8/2022,303.0,305.9,299.5,299.7,-1.25,10015.0,463.0,376.0
SADBL,11/9/2022,303.0,303.5,291.3,292.9,-2.27,28525.0,463.0,376.0
SADBL,11/10/2022,295.9,296.0,285.1,285.1,-2.66,36103.0,463.0,376.0
SADBL,11/13/2022,285.0,290.0,285.0,286.0,0.32,13443.0,463.0,376.0
SADBL,11/14/2022,284.0,295.0,284.0,295.0,3.15,8853.0,463.0,376.0
SADBL,11/15/2022,298.7,300.0,292.9,293.0,-0.68,23403.0,463.0,376.0
SADBL,11/16/2022,295.0,298.8,295.0,297.0,1.37,9332.0,463.0,376.0
SADBL,11/17/2022,299.9,305.0,299.0,303.0,2.02,34514.0,463.0,376.0
SADBL,11/22/2022,307.0,307.0,298.1,299.9,-1.02,28973.0,463.0,376.0
SADBL,11/23/2022,295.2,299.9,295.2,299.9,0.0,8223.0,463.0,376.0
SADBL,11/24/2022,300.0,312.0,298.0,308.0,2.7,52013.0,463.0,376.0
SADBL,11/27/2022,310.0,317.9,310.0,312.5,1.46,31250.0,463.0,376.0
SADBL,11/28/2022,312.5,317.9,304.0,309.0,-1.12,21385.0,463.0,376.0
SADBL,11/29/2022,305.0,311.8,305.0,310.0,0.32,11822.0,463.0,376.0
SADBL,11/30/2022,306.6,309.9,306.0,308.4,-0.52,9616.0,463.0,376.0
SADBL,12/1/2022,308.0,315.0,305.1,312.0,1.17,17864.0,463.0,376.0
SADBL,12/4/2022,308.0,315.0,308.0,313.0,0.32,20636.0,463.0,376.0
SADBL,12/5/2022,312.0,312.0,303.0,304.9,-2.59,16094.0,463.0,376.0
SADBL,12/6/2022,302.0,307.0,301.5,302.3,-0.85,6004.0,463.0,376.0
SADBL,12/7/2022,302.3,307.9,297.0,297.3,-1.65,11083.0,463.0,376.0
SADBL,12/11/2022,294.2,300.0,294.2,298.9,0.54,8524.0,463.0,376.0
SADBL,12/12/2022,299.9,305.0,293.5,303.0,1.37,14741.0,463.0,376.0
SADBL,12/13/2022,304.8,305.0,298.0,304.3,0.43,5995.0,463.0,376.0
SADBL,12/14/2022,299.1,303.0,299.0,300.0,-1.41,6422.0,463.0,376.0
SADBL,12/15/2022,298.0,298.0,294.0,297.9,-0.7,7350.0,463.0,376.0
SADBL,12/18/2022,293.0,295.0,287.2,288.0,-3.32,10279.0,463.0,376.0
SADBL,12/19/2022,287.0,299.0,287.0,294.0,2.08,5412.0,463.0,376.0
SADBL,12/20/2022,298.2,298.2,292.1,296.0,0.68,11011.0,463.0,376.0
SADBL,12/21/2022,292.0,297.0,290.1,291.0,-1.69,4889.0,463.0,376.0
SADBL,12/22/2022,291.0,294.0,285.3,289.0,-0.69,14184.0,463.0,376.0
SADBL,12/26/2022,292.0,305.0,291.1,305.0,5.54,34307.0,463.0,376.0
SADBL,12/27/2022,310.0,316.8,308.0,313.0,2.62,57873.0,463.0,376.0
SADBL,12/28/2022,309.0,318.0,307.0,312.0,-0.32,34494.0,463.0,376.0
SADBL,12/29/2022,318.0,321.8,310.0,321.3,2.98,34338.0,463.0,376.0
SADBL,1/1/2023,325.0,327.0,313.7,317.0,-1.34,71420.0,463.0,376.0
SADBL,1/2/2023,318.0,325.0,314.0,320.0,0.95,38352.0,463.0,376.0
SADBL,1/3/2023,320.0,326.9,317.0,317.3,-0.84,23826.0,463.0,376.0
SADBL,1/4/2023,318.1,336.0,318.1,336.0,5.89,68509.0,463.0,376.0
SADBL,1/5/2023,336.0,341.0,327.1,335.0,-0.3,72868.0,463.0,376.0
SADBL,1/8/2023,330.0,346.0,328.3,340.0,1.49,70566.0,463.0,376.0
SADBL,1/9/2023,340.0,354.9,336.3,353.0,3.82,94725.0,463.0,376.0
SADBL,1/10/2023,359.0,367.2,346.0,346.7,-1.78,135142.0,463.0,376.0
SADBL,1/12/2023,353.6,360.6,339.0,340.0,-1.93,109770.0,463.0,376.0
SADBL,1/17/2023,346.8,354.9,337.0,350.7,3.15,47350.0,463.0,376.0
SADBL,1/18/2023,356.5,362.0,350.0,351.5,0.23,80867.0,463.0,376.0
SADBL,1/19/2023,347.1,359.0,347.0,348.0,-1.0,63818.0,463.0,376.0
SADBL,1/23/2023,345.0,348.0,339.0,341.0,-2.01,62270.0,463.0,376.0
SADBL,1/24/2023,336.8,341.7,334.7,340.0,-0.29,42043.0,463.0,376.0
SADBL,1/25/2023,340.0,364.0,337.0,343.3,0.97,46185.0,463.0,376.0
SADBL,1/26/2023,349.9,350.0,343.2,344.3,0.29,15149.0,463.0,376.0
SADBL,1/29/2023,337.5,344.9,331.3,340.0,-1.25,29948.0,463.0,376.0
SADBL,1/30/2023,334.2,341.0,330.0,332.0,-2.35,38592.0,463.0,376.0
SADBL,1/31/2023,325.5,343.9,325.5,333.0,0.3,24598.0,463.0,376.0
SADBL,2/1/2023,333.0,335.0,331.0,333.0,0.0,22964.0,463.0,376.0
SADBL,2/2/2023,328.1,337.0,326.5,328.0,-1.5,16910.0,463.0,376.0
SADBL,2/5/2023,327.0,335.0,327.0,331.0,0.91,24187.0,463.0,376.0
SADBL,2/6/2023,335.0,335.0,330.0,332.4,0.42,11812.0,463.0,376.0
SADBL,2/7/2023,334.9,353.8,334.9,353.8,6.44,70491.0,463.0,376.0
SADBL,2/8/2023,355.0,356.9,347.0,350.9,-0.82,59901.0,463.0,376.0
SADBL,2/9/2023,344.1,355.0,344.1,353.0,0.6,41601.0,463.0,376.0
SADBL,2/12/2023,346.0,350.0,342.0,344.8,-2.32,55494.0,463.0,376.0
SADBL,2/14/2023,340.0,345.0,340.0,341.7,-0.9,15455.0,463.0,376.0
SADBL,2/15/2023,340.0,344.0,336.4,339.0,-0.79,29462.0,463.0,376.0
SADBL,2/16/2023,344.0,344.0,333.3,335.0,-1.18,31808.0,463.0,376.0
SADBL,2/20/2023,330.2,338.0,329.0,330.0,-1.49,12535.0,463.0,376.0
SADBL,2/22/2023,336.6,342.8,332.0,340.0,3.03,10485.0,463.0,376.0
SADBL,2/23/2023,339.0,339.0,330.0,331.2,-2.59,27132.0,463.0,376.0
SADBL,2/26/2023,325.1,337.6,321.0,336.9,1.72,27390.0,463.0,376.0
SADBL,2/27/2023,337.6,340.0,325.5,340.0,0.92,33182.0,463.0,376.0
SADBL,2/28/2023,344.9,345.0,335.0,338.0,-0.59,9943.0,463.0,376.0
SADBL,3/1/2023,336.0,336.0,330.0,334.0,-1.18,8057.0,463.0,376.0
SADBL,3/2/2023,328.5,330.0,326.0,327.7,-1.89,9115.0,463.0,376.0
SADBL,3/5/2023,330.0,333.0,324.1,324.1,-1.1,12353.0,463.0,376.0
SADBL,3/7/2023,330.5,332.0,325.0,327.8,1.14,9604.0,463.0,376.0
SADBL,3/9/2023,334.3,338.7,330.0,338.0,3.11,33018.0,463.0,376.0
SADBL,3/12/2023,317.6,317.6,308.0,308.4,-8.76,9765.0,463.0,376.0
SADBL,3/13/2023,312.0,312.0,303.9,305.8,-0.84,5663.0,463.0,376.0
SADBL,3/14/2023,310.0,310.0,303.0,307.7,0.62,6777.0,463.0,376.0
SADBL,3/15/2023,312.8,312.8,302.0,302.0,-1.85,7984.0,463.0,376.0
SADBL,3/16/2023,306.9,306.9,300.0,301.0,-0.33,11421.0,463.0,376.0
SADBL,3/19/2023,297.3,304.9,295.0,297.1,-1.3,11082.0,463.0,376.0
SADBL,3/20/2023,297.0,308.7,297.0,303.0,1.99,12574.0,463.0,376.0
SADBL,3/22/2023,306.0,306.0,298.3,300.0,-0.99,7444.0,463.0,376.0
SADBL,3/23/2023,304.0,304.0,292.2,294.9,-1.7,17000.0,463.0,376.0
SADBL,3/26/2023,292.2,295.0,285.0,285.0,-3.36,32256.0,463.0,376.0
SADBL,3/27/2023,290.0,297.6,283.0,295.0,3.51,10979.0,463.0,376.0
SADBL,3/28/2023,299.0,310.9,291.0,296.9,0.64,12192.0,463.0,376.0
SADBL,3/29/2023,294.0,300.0,294.0,296.0,-0.3,4761.0,463.0,376.0
SADBL,3/30/2023,300.9,301.9,293.0,296.5,0.17,7061.0,463.0,376.0
SADBL,4/2/2023,302.0,302.0,291.1,295.5,-0.34,9508.0,463.0,376.0
SADBL,4/3/2023,294.0,294.0,286.0,292.0,-1.18,11730.0,463.0,376.0
SADBL,4/4/2023,297.0,297.0,286.0,288.0,-1.37,3059.0,463.0,376.0
SADBL,4/5/2023,285.0,290.7,283.0,290.7,0.94,5197.0,463.0,376.0
SADBL,4/6/2023,295.7,295.7,282.1,283.9,-2.34,24248.0,463.0,376.0
SADBL,4/9/2023,279.1,283.0,278.0,278.0,-2.08,12012.0,463.0,376.0
SADBL,4/10/2023,282.5,287.9,277.8,278.5,0.18,6070.0,463.0,376.0
SADBL,4/11/2023,282.0,287.6,279.0,286.0,2.69,6062.0,463.0,376.0
SADBL,4/12/2023,291.7,306.8,290.9,303.0,5.94,20494.0,463.0,376.0
SADBL,4/13/2023,300.0,304.0,294.0,294.0,-2.97,17712.0,463.0,376.0
SADBL,4/16/2023,296.0,296.0,289.0,292.0,-0.68,5296.0,463.0,376.0
SADBL,4/17/2023,290.0,294.0,286.2,290.0,-0.68,4363.0,463.0,376.0
SADBL,4/18/2023,285.5,295.8,283.0,283.6,-2.21,4692.0,463.0,376.0
SADBL,4/19/2023,289.2,299.2,287.5,292.0,2.96,5823.0,463.0,376.0
SADBL,4/20/2023,297.8,297.8,285.4,285.4,-2.26,2095.0,463.0,376.0
SADBL,4/23/2023,285.0,285.0,275.3,281.1,-1.51,5600.0,463.0,376.0
SADBL,4/24/2023,276.2,289.4,276.2,282.3,0.43,3356.0,463.0,376.0
SADBL,4/25/2023,287.9,293.5,285.0,289.4,2.52,7282.0,463.0,376.0
SADBL,4/26/2023,289.0,290.4,285.0,285.0,-1.52,4171.0,463.0,376.0
SADBL,4/27/2023,282.0,290.7,281.0,285.0,0.0,2215.0,463.0,376.0
SADBL,4/30/2023,281.0,285.0,279.4,284.0,-0.35,3462.0,463.0,376.0
SADBL,5/2/2023,289.6,294.5,279.5,280.0,-1.41,4812.0,463.0,376.0
SADBL,5/3/2023,276.1,285.0,273.0,280.0,0.0,9616.0,463.0,376.0
SADBL,5/4/2023,280.0,283.5,279.0,279.0,-0.36,2828.0,463.0,376.0
SADBL,5/7/2023,274.0,284.5,273.1,273.2,-2.08,4930.0,463.0,376.0
SADBL,5/8/2023,275.0,278.0,267.8,278.0,1.76,8436.0,463.0,376.0
SADBL,5/9/2023,275.9,280.1,273.0,278.0,0.0,3191.0,463.0,376.0
SADBL,5/10/2023,273.5,277.7,270.0,273.9,-1.47,5385.0,463.0,376.0
SADBL,5/11/2023,270.1,274.0,268.6,271.1,-1.02,3587.0,463.0,376.0
SADBL,5/14/2023,276.0,276.0,267.0,268.0,-1.14,4683.0,463.0,376.0
SADBL,5/15/2023,273.2,273.2,263.5,271.9,1.46,2492.0,463.0,376.0
SADBL,5/16/2023,277.2,277.2,270.0,274.7,1.03,2415.0,463.0,376.0
SADBL,5/17/2023,275.0,282.0,270.2,280.0,1.93,8945.0,463.0,376.0
SADBL,5/18/2023,284.0,291.0,281.2,288.0,2.86,19624.0,463.0,376.0
SADBL,5/21/2023,285.0,293.7,285.0,290.0,0.69,10721.0,463.0,376.0
SADBL,5/22/2023,290.0,293.0,280.1,290.6,0.21,9850.0,463.0,376.0
SADBL,5/23/2023,290.0,302.9,290.0,300.0,3.23,20767.0,463.0,376.0
SADBL,5/24/2023,294.0,306.8,294.0,303.0,1.0,14520.0,463.0,376.0
SADBL,5/28/2023,297.0,307.0,293.0,293.0,-3.3,23155.0,463.0,376.0
SADBL,5/30/2023,287.5,293.1,282.1,282.1,-3.72,12811.0,463.0,376.0
SADBL,5/31/2023,281.0,286.6,274.0,277.0,-1.81,16110.0,463.0,376.0
SADBL,6/1/2023,280.0,297.1,275.3,282.7,2.06,7460.0,463.0,376.0
SADBL,6/4/2023,288.3,297.9,288.0,290.1,2.62,6777.0,463.0,376.0
SADBL,6/5/2023,285.0,295.0,285.0,289.5,-0.21,11518.0,463.0,376.0
SADBL,6/6/2023,284.5,293.8,284.0,293.0,1.21,6401.0,463.0,376.0
SADBL,6/7/2023,292.0,302.0,292.0,295.9,0.99,21388.0,463.0,376.0
SADBL,6/8/2023,292.0,301.0,290.0,298.0,0.71,30460.0,463.0,376.0
SADBL,6/11/2023,302.0,318.9,300.1,315.0,5.7,89858.0,463.0,376.0
SADBL,6/12/2023,317.0,320.0,312.0,318.4,1.08,57106.0,463.0,376.0
SADBL,6/13/2023,313.1,325.0,313.0,319.2,0.25,41349.0,463.0,376.0
SADBL,6/14/2023,319.9,325.0,313.0,314.0,-1.63,39057.0,463.0,376.0
SADBL,6/15/2023,311.0,316.0,310.3,311.0,-0.96,22121.0,463.0,376.0
SADBL,6/18/2023,317.2,322.0,314.0,322.0,3.54,42761.0,463.0,376.0
SADBL,6/19/2023,322.0,335.5,317.0,327.5,1.71,84942.0,463.0,376.0
SADBL,6/20/2023,331.0,346.0,327.0,327.0,-0.15,95869.0,463.0,376.0
SADBL,6/21/2023,333.0,334.0,321.5,322.0,-1.53,35018.0,463.0,376.0
SADBL,6/22/2023,327.0,330.0,321.0,323.5,0.47,26612.0,463.0,376.0
SADBL,6/25/2023,329.7,343.0,322.0,337.9,4.45,75312.0,463.0,376.0
SADBL,6/26/2023,340.1,345.9,333.0,341.0,0.92,56591.0,463.0,376.0
SADBL,6/27/2023,346.5,348.8,328.6,344.0,0.88,61451.0,463.0,376.0
SADBL,6/28/2023,350.0,350.0,333.2,334.0,-2.91,35886.0,463.0,376.0
SADBL,7/2/2023,334.0,338.0,320.0,320.0,-4.19,56325.0,463.0,376.0
SADBL,7/3/2023,326.0,326.0,315.0,315.0,-1.56,30714.0,463.0,376.0
SADBL,7/4/2023,321.3,321.3,314.0,319.0,1.27,18238.0,463.0,376.0
SADBL,7/5/2023,318.0,324.0,311.0,313.0,-1.88,21345.0,463.0,376.0
SADBL,7/6/2023,317.0,317.0,308.1,311.4,-0.51,18635.0,463.0,376.0
SADBL,7/9/2023,317.6,321.0,314.0,319.3,2.54,38921.0,463.0,376.0
SADBL,7/10/2023,318.0,324.3,316.0,319.9,0.19,29728.0,463.0,376.0
SADBL,7/11/2023,324.0,334.0,318.0,327.0,2.22,81731.0,463.0,376.0
SADBL,7/12/2023,330.0,335.5,328.1,331.0,1.22,37731.0,463.0,376.0
SADBL,7/13/2023,333.0,334.5,327.1,329.0,-0.6,56565.0,463.0,376.0
SADBL,7/16/2023,328.0,328.9,321.1,322.0,-2.13,31223.0,463.0,376.0
SADBL,7/17/2023,325.0,346.9,324.0,340.0,5.59,123501.0,463.0,376.0
SADBL,7/18/2023,343.0,345.0,334.0,334.0,-1.76,60242.0,463.0,376.0
SADBL,7/19/2023,330.5,340.6,330.0,338.7,1.41,36873.0,463.0,376.0
SADBL,7/20/2023,343.0,343.0,334.6,337.0,-0.5,50857.0,463.0,376.0
SADBL,7/23/2023,336.0,352.9,336.0,347.0,2.97,113154.0,463.0,376.0
SADBL,7/24/2023,341.0,348.0,336.0,338.0,-2.59,67199.0,463.0,376.0
SADBL,7/25/2023,344.7,344.7,331.0,331.0,-2.07,31263.0,463.0,376.0
SADBL,7/26/2023,331.0,336.0,328.0,329.0,-0.6,24961.0,463.0,376.0
SADBL,7/27/2023,335.5,335.5,321.0,324.0,-1.52,52752.0,463.0,376.0
SADBL,7/30/2023,329.0,329.0,313.1,318.9,-1.57,42943.0,463.0,376.0
SADBL,7/31/2023,325.2,325.2,316.0,319.0,0.03,12013.0,463.0,376.0
SADBL,8/1/2023,320.0,323.3,311.0,313.9,-1.6,26070.0,463.0,376.0
SADBL,8/2/2023,318.0,319.0,309.0,314.9,0.32,26733.0,463.0,376.0
SADBL,8/3/2023,314.0,322.0,314.0,315.0,0.03,25567.0,463.0,376.0
SADBL,8/6/2023,308.7,321.0,300.0,302.0,-4.13,35551.0,463.0,376.0
SADBL,8/7/2023,298.0,308.9,298.0,306.5,1.49,15588.0,463.0,376.0
SADBL,8/8/2023,311.0,312.0,300.0,303.0,-1.14,15463.0,463.0,376.0
SADBL,8/9/2023,300.0,312.1,299.0,309.0,1.98,18618.0,463.0,376.0
SADBL,8/10/2023,310.0,318.5,307.6,312.5,1.13,51283.0,463.0,376.0
SADBL,8/13/2023,315.0,318.0,312.3,315.1,0.83,10246.0,463.0,376.0
SADBL,8/14/2023,319.8,321.0,312.0,319.8,1.49,37782.0,463.0,376.0
SADBL,8/15/2023,314.1,319.0,310.4,311.0,-2.75,18525.0,463.0,376.0
SADBL,8/16/2023,314.7,316.0,308.0,310.8,-0.06,15614.0,463.0,376.0
SADBL,8/17/2023,308.0,317.0,308.0,314.0,1.03,10127.0,463.0,376.0
SADBL,8/20/2023,308.5,313.0,305.2,308.0,-1.91,7780.0,463.0,376.0
SADBL,8/21/2023,308.0,310.0,303.0,303.1,-1.59,15696.0,463.0,376.0
SADBL,8/22/2023,309.1,309.1,301.0,309.0,1.95,3942.0,463.0,376.0
SADBL,8/23/2023,310.0,315.0,305.0,314.9,1.91,16615.0,463.0,376.0
SADBL,8/24/2023,308.7,314.0,303.0,303.0,-3.78,32357.0,463.0,376.0
SADBL,8/27/2023,309.0,309.0,300.0,305.8,0.92,6048.0,463.0,376.0
SADBL,8/28/2023,301.0,309.8,300.1,308.7,0.95,6964.0,463.0,376.0
SADBL,8/29/2023,303.2,306.5,302.7,305.9,-0.91,1829.0,463.0,376.0
SADBL,8/30/2023,308.0,310.0,300.0,303.0,-0.95,8315.0,463.0,376.0
SADBL,9/3/2023,300.0,303.0,297.0,300.0,-0.99,13123.0,463.0,376.0
SADBL,9/4/2023,300.0,303.0,295.3,300.1,0.03,12591.0,463.0,376.0
SADBL,9/5/2023,305.0,305.0,296.1,300.0,-0.03,3045.0,463.0,376.0
SADBL,9/7/2023,300.0,305.0,294.0,299.0,-0.33,2753.0,463.0,376.0
SADBL,9/10/2023,304.9,308.0,295.1,300.0,0.33,10182.0,463.0,376.0
SADBL,9/11/2023,305.0,306.4,299.0,306.4,2.13,10638.0,463.0,376.0
SADBL,9/12/2023,307.0,307.0,303.0,303.0,-1.11,7148.0,463.0,376.0
SADBL,9/13/2023,308.0,316.0,306.0,315.0,3.96,34401.0,463.0,376.0
SADBL,9/17/2023,315.0,315.0,302.6,302.6,-3.94,9086.0,463.0,376.0
SADBL,9/18/2023,299.2,306.1,299.2,304.8,0.73,3167.0,463.0,376.0
SADBL,9/19/2023,300.4,309.0,299.0,309.0,1.38,14069.0,463.0,376.0
SADBL,9/21/2023,314.9,324.3,309.0,323.0,4.53,64834.0,463.0,376.0
SADBL,9/24/2023,320.0,320.0,313.0,317.8,-1.61,24654.0,463.0,376.0
SADBL,9/25/2023,313.1,322.0,313.1,316.0,-0.57,22322.0,463.0,376.0
SADBL,9/26/2023,319.0,321.9,315.0,320.0,1.27,28599.0,463.0,376.0
SADBL,9/27/2023,315.0,318.2,310.0,310.3,-3.03,13487.0,463.0,376.0
SADBL,10/1/2023,305.1,315.0,305.0,309.9,-0.13,9343.0,463.0,376.0
SADBL,10/2/2023,305.1,313.9,305.0,311.3,0.45,5873.0,463.0,376.0
SADBL,10/3/2023,305.1,311.0,305.0,307.0,-1.38,6586.0,463.0,376.0
SADBL,10/4/2023,312.9,313.9,306.9,310.0,0.98,9882.0,463.0,376.0
SADBL,10/5/2023,305.5,307.0,305.2,306.0,-1.29,13270.0,463.0,376.0
SADBL,10/8/2023,300.1,304.5,299.9,303.0,-0.98,19864.0,463.0,376.0
SADBL,10/9/2023,300.1,305.0,298.0,301.0,-0.66,6074.0,463.0,376.0
SADBL,10/10/2023,300.0,300.0,296.3,299.0,-0.66,6519.0,463.0,376.0
SADBL,10/11/2023,295.1,301.0,295.1,297.0,-0.67,28799.0,463.0,376.0
SADBL,10/12/2023,300.0,300.0,292.5,292.6,-1.48,18914.0,463.0,376.0
SADBL,10/16/2023,287.0,294.0,287.0,292.9,0.1,7095.0,463.0,376.0
SADBL,10/17/2023,297.9,298.0,288.0,288.2,-1.6,10740.0,463.0,376.0
SADBL,10/18/2023,293.0,297.0,291.7,292.0,1.32,7073.0,463.0,376.0
SADBL,10/19/2023,292.0,297.0,291.1,291.1,-0.31,7438.0,463.0,376.0
SADBL,10/29/2023,296.8,296.8,285.0,285.5,-1.92,3826.0,463.0,376.0
SADBL,10/30/2023,291.2,291.2,285.4,287.0,0.53,6032.0,463.0,376.0
SADBL,10/31/2023,290.0,290.0,284.0,284.1,-1.01,4134.0,463.0,376.0
SADBL,11/1/2023,289.7,292.7,285.0,285.0,0.32,3384.0,463.0,376.0
SADBL,11/2/2023,285.0,288.5,283.3,284.9,-0.04,3947.0,463.0,376.0
SADBL,11/5/2023,279.3,281.0,279.0,281.0,-1.37,5400.0,463.0,376.0
SADBL,11/6/2023,281.0,284.7,281.0,283.0,0.71,4602.0,463.0,376.0
SADBL,11/7/2023,284.5,285.5,281.1,284.8,0.64,12945.0,463.0,376.0
SADBL,11/8/2023,289.9,290.0,277.0,283.8,-0.35,12154.0,463.0,376.0
SADBL,11/9/2023,284.0,286.9,279.0,279.0,-1.69,5025.0,463.0,376.0
SADBL,11/20/2023,280.0,284.9,280.0,281.0,0.72,6064.0,463.0,376.0
SADBL,11/21/2023,286.0,286.0,268.6,275.0,-2.14,12639.0,463.0,376.0
SADBL,11/22/2023,272.0,280.0,271.5,279.0,1.45,3987.0,463.0,376.0
SADBL,11/23/2023,273.7,284.9,273.6,284.0,1.79,8929.0,463.0,376.0
SADBL,11/26/2023,281.2,300.0,280.4,295.0,3.87,24823.0,463.0,376.0
SADBL,11/27/2023,284.0,284.0,276.1,278.5,-5.59,10788.0,463.0,376.0
SADBL,11/28/2023,284.0,284.0,277.0,280.0,0.54,4692.0,463.0,376.0
SADBL,11/29/2023,284.0,284.5,278.9,280.0,0.0,2458.0,463.0,376.0
SADBL,11/30/2023,275.0,275.5,269.2,273.0,-2.5,14572.0,463.0,376.0
SADBL,12/3/2023,269.1,273.0,269.1,270.4,-0.95,3502.0,463.0,376.0
SADBL,12/4/2023,275.8,275.8,269.0,269.0,-0.52,7054.0,463.0,376.0
SADBL,12/5/2023,274.3,276.8,267.0,270.0,0.37,3558.0,463.0,376.0
SADBL,12/6/2023,270.0,273.9,266.0,270.0,0.0,2794.0,463.0,376.0
SADBL,12/7/2023,274.4,275.0,266.0,269.0,-0.37,30410.0,463.0,376.0
SADBL,12/10/2023,274.3,290.0,274.3,290.0,7.81,1989.0,463.0,376.0
SADBL,12/11/2023,294.0,295.8,284.3,292.0,0.69,48079.0,463.0,376.0
SADBL,12/12/2023,286.2,305.0,286.2,302.0,3.42,33521.0,463.0,376.0
SADBL,12/13/2023,306.0,311.0,300.0,304.0,0.66,25119.0,463.0,376.0
SADBL,12/14/2023,298.0,311.0,298.0,311.0,2.3,25820.0,463.0,376.0
SADBL,12/17/2023,305.0,318.0,305.0,317.0,1.93,38977.0,463.0,376.0
SADBL,12/18/2023,322.0,335.0,321.0,330.0,4.1,65447.0,463.0,376.0
SADBL,12/19/2023,324.1,334.4,323.0,332.0,0.61,42637.0,463.0,376.0
SADBL,12/20/2023,335.0,335.0,325.0,330.0,-0.6,44302.0,463.0,376.0
SADBL,12/21/2023,325.0,330.0,315.7,315.7,-4.33,47157.0,463.0,376.0
SADBL,12/24/2023,309.5,318.0,307.0,307.0,-2.76,39270.0,463.0,376.0
SADBL,12/27/2023,308.1,312.0,303.4,305.0,-0.65,21076.0,463.0,376.0
SADBL,12/28/2023,305.0,311.0,302.7,305.0,0.0,13863.0,463.0,376.0
SADBL,1/1/2024,305.2,315.0,305.0,305.0,0.0,20369.0,463.0,376.0
SADBL,1/2/2024,300.0,305.8,299.7,300.1,-1.61,22388.0,463.0,376.0
SADBL,1/3/2024,300.9,308.9,298.1,308.9,2.93,11740.0,463.0,376.0
SADBL,1/4/2024,310.0,310.0,300.4,300.4,-2.75,9733.0,463.0,376.0
SADBL,1/7/2024,306.0,306.4,297.0,302.0,0.53,20707.0,463.0,376.0
SADBL,1/8/2024,308.0,308.0,296.0,306.0,1.32,17661.0,463.0,376.0
SADBL,1/9/2024,309.0,326.4,309.0,322.0,5.23,52097.0,463.0,376.0
SADBL,1/10/2024,327.0,328.0,316.0,319.0,-0.93,40512.0,463.0,376.0
SADBL,1/11/2024,313.0,323.0,310.1,312.9,-1.91,11918.0,463.0,376.0
SADBL,1/14/2024,318.0,323.0,316.0,320.0,2.27,29575.0,463.0,376.0
SADBL,1/16/2024,324.0,337.9,323.0,331.0,3.44,65780.0,463.0,376.0
SADBL,1/17/2024,331.0,342.3,326.0,326.0,-1.51,106024.0,463.0,376.0
SADBL,1/18/2024,322.0,329.0,315.0,323.8,-0.67,62550.0,463.0,376.0
SADBL,1/21/2024,317.5,318.0,309.0,310.9,-3.98,73668.0,463.0,376.0
SADBL,1/22/2024,310.9,314.9,301.1,305.0,-1.9,27320.0,463.0,376.0
SADBL,1/23/2024,308.0,313.9,301.0,302.0,-0.98,16799.0,463.0,376.0
SADBL,1/24/2024,308.0,308.0,300.0,300.2,-0.6,26774.0,463.0,376.0
SADBL,1/25/2024,301.5,304.0,297.1,299.0,-0.4,25667.0,463.0,376.0
SADBL,1/28/2024,302.0,308.0,299.3,305.9,2.31,12770.0,463.0,376.0
SADBL,1/29/2024,306.0,310.0,303.0,306.6,0.23,21831.0,463.0,376.0
SADBL,1/30/2024,307.5,311.5,307.5,311.0,1.44,36497.0,463.0,376.0
SADBL,1/31/2024,311.0,311.0,300.0,303.0,-2.57,18793.0,463.0,376.0
SADBL,2/1/2024,300.0,304.0,297.1,297.1,-1.95,24392.0,463.0,376.0
SADBL,2/4/2024,296.1,303.0,296.1,301.0,1.31,12884.0,463.0,376.0
SADBL,2/5/2024,307.0,307.0,300.9,303.9,0.96,19364.0,463.0,376.0
SADBL,2/6/2024,307.0,311.9,304.1,307.0,1.02,12215.0,463.0,376.0
SADBL,2/7/2024,312.9,312.9,306.0,310.0,0.98,15412.0,463.0,376.0
SADBL,2/8/2024,308.0,314.9,304.0,311.0,0.32,39599.0,463.0,376.0
SADBL,2/11/2024,314.0,314.0,305.4,309.0,-0.64,28408.0,463.0,376.0
SADBL,2/12/2024,306.2,309.8,305.1,308.0,-0.32,21821.0,463.0,376.0
SADBL,2/13/2024,310.0,310.0,300.2,302.0,-1.95,26505.0,463.0,376.0
SADBL,2/14/2024,305.0,322.9,299.1,314.0,3.97,101992.0,463.0,376.0
SADBL,2/15/2024,315.0,316.0,305.0,309.0,-1.59,20938.0,463.0,376.0
SADBL,2/18/2024,304.3,310.0,299.0,300.0,-2.91,25923.0,463.0,376.0
SADBL,2/20/2024,302.0,305.0,300.2,304.4,1.47,18079.0,463.0,376.0
SADBL,2/21/2024,309.0,309.0,298.5,301.8,-0.85,20285.0,463.0,376.0
SADBL,2/22/2024,302.0,302.0,297.1,298.9,-0.96,20498.0,463.0,376.0
SADBL,2/25/2024,304.8,304.8,292.2,292.2,-2.24,25991.0,463.0,376.0
SADBL,2/26/2024,297.0,300.0,293.2,297.0,1.64,13470.0,463.0,376.0
SADBL,2/27/2024,297.0,300.0,294.7,296.2,-0.27,10402.0,463.0,376.0
SADBL,2/28/2024,296.3,297.7,292.3,294.0,-0.74,9746.0,463.0,376.0
SADBL,2/29/2024,290.1,295.0,287.2,290.0,-1.36,16650.0,463.0,376.0
SADBL,3/3/2024,290.0,290.0,285.0,289.0,-0.34,19085.0,463.0,376.0
SADBL,3/4/2024,294.7,310.0,294.7,310.0,7.27,460.0,463.0,376.0
SADBL,3/5/2024,303.8,308.0,295.0,297.0,-4.19,28487.0,463.0,376.0
SADBL,3/6/2024,298.0,305.0,291.0,295.9,-0.37,21152.0,463.0,376.0
SADBL,3/7/2024,301.0,305.0,296.2,298.0,0.71,8190.0,463.0,376.0
SADBL,3/10/2024,303.9,309.0,299.0,306.0,2.68,19654.0,463.0,376.0
SADBL,3/12/2024,307.0,311.0,304.3,310.7,1.54,31619.0,463.0,376.0
SADBL,3/13/2024,307.0,315.0,306.5,309.0,-0.55,22430.0,463.0,376.0
SADBL,3/14/2024,309.0,309.0,302.9,305.8,-1.04,12751.0,463.0,376.0
SADBL,3/17/2024,300.2,322.0,300.2,307.0,0.39,37982.0,463.0,376.0
SADBL,3/18/2024,313.0,315.0,308.1,313.4,2.08,49654.0,463.0,376.0
SADBL,3/19/2024,319.0,319.0,308.0,312.8,-0.19,40487.0,463.0,376.0
SADBL,3/20/2024,314.0,314.0,306.6,307.9,-1.57,56465.0,463.0,376.0
SADBL,3/21/2024,310.0,310.0,302.3,305.0,-0.94,20763.0,463.0,376.0
SADBL,3/25/2024,310.0,310.0,298.2,300.4,-1.51,17676.0,463.0,376.0
SADBL,3/26/2024,299.0,307.0,299.0,301.0,0.2,17976.0,463.0,376.0
SADBL,3/27/2024,307.0,307.0,297.1,297.1,-1.3,8446.0,463.0,376.0
SADBL,3/28/2024,297.1,303.0,294.5,298.9,0.61,21943.0,463.0,376.0
SADBL,3/31/2024,295.0,302.0,293.0,295.0,-1.3,13319.0,463.0,376.0
SADBL,4/1/2024,296.0,296.9,294.0,294.0,-0.34,9948.0,463.0,376.0
SADBL,4/2/2024,292.1,299.8,292.1,293.0,-0.34,15039.0,463.0,376.0
SADBL,4/3/2024,292.2,297.0,287.3,291.0,-0.68,19523.0,463.0,376.0
SADBL,4/4/2024,291.5,294.0,288.2,288.2,-0.96,18978.0,463.0,376.0
SADBL,4/7/2024,293.9,306.0,292.5,302.0,4.79,26585.0,463.0,376.0
SADBL,4/9/2024,308.0,309.0,300.1,305.8,1.26,44700.0,463.0,376.0
SADBL,4/10/2024,304.0,305.0,298.0,298.0,-2.55,25238.0,463.0,376.0
SADBL,4/14/2024,303.0,303.0,293.3,299.0,0.34,12457.0,463.0,376.0
SADBL,4/15/2024,293.2,303.8,293.2,296.0,-1.0,22650.0,463.0,376.0
SADBL,4/16/2024,296.0,301.7,293.0,293.0,-1.01,19564.0,463.0,376.0
SADBL,4/18/2024,288.3,298.0,288.3,290.0,-1.02,7590.0,463.0,376.0
SADBL,4/21/2024,290.3,295.9,289.0,295.5,1.9,19920.0,463.0,376.0
SADBL,4/22/2024,291.8,295.0,290.0,293.0,-0.85,16477.0,463.0,376.0
SADBL,4/24/2024,288.2,297.8,288.0,293.9,0.31,24628.0,463.0,376.0
SADBL,4/25/2024,292.0,299.0,289.3,289.3,-1.57,12646.0,463.0,376.0
SADBL,4/28/2024,294.1,300.7,293.0,299.8,3.63,25932.0,463.0,376.0
SADBL,4/29/2024,304.8,310.0,299.1,306.0,2.07,52459.0,463.0,376.0
SADBL,4/30/2024,311.9,332.0,310.0,322.0,5.23,322394.0,463.0,376.0
SADBL,5/2/2024,328.0,328.0,314.2,315.0,-2.17,56737.0,463.0,376.0
SADBL,5/5/2024,315.0,316.0,303.0,303.0,-3.81,90483.0,463.0,376.0
SADBL,5/6/2024,301.1,312.0,301.1,305.0,0.66,52925.0,463.0,376.0
SADBL,5/7/2024,309.9,313.1,305.0,308.0,0.98,29466.0,463.0,376.0
SADBL,5/8/2024,306.2,312.0,305.0,307.0,-0.32,13631.0,463.0,376.0
SADBL,5/9/2024,304.9,314.9,304.9,311.9,1.6,65723.0,463.0,376.0
SADBL,5/12/2024,312.0,326.4,311.0,318.1,1.99,328418.0,463.0,376.0
SADBL,5/13/2024,324.0,329.0,317.0,317.0,-0.35,191356.0,463.0,376.0
SADBL,5/14/2024,319.0,327.2,318.4,325.0,2.52,153735.0,463.0,376.0
SADBL,5/15/2024,329.9,336.0,323.1,325.1,0.03,241897.0,463.0,376.0
SADBL,5/16/2024,325.0,328.6,317.0,318.0,-2.18,101463.0,463.0,376.0
SADBL,5/19/2024,324.3,324.3,317.0,318.3,0.09,99966.0,463.0,376.0
SADBL,5/20/2024,323.0,326.9,315.0,316.2,-0.66,100761.0,463.0,376.0
SADBL,5/21/2024,320.0,323.9,313.0,319.0,0.89,76867.0,463.0,376.0
SADBL,5/22/2024,315.1,329.0,315.1,322.6,1.13,98137.0,463.0,376.0
SADBL,5/26/2024,325.0,326.0,315.0,315.0,-2.36,72385.0,463.0,376.0
SADBL,5/27/2024,315.2,321.0,315.0,320.0,1.59,58361.0,463.0,376.0
SADBL,5/29/2024,318.1,324.3,312.6,314.0,-1.88,81937.0,463.0,376.0
SADBL,5/30/2024,314.0,318.0,312.6,314.0,0.0,51074.0,463.0,376.0
SADBL,6/2/2024,315.0,318.8,313.0,317.0,0.96,27007.0,463.0,376.0
SADBL,6/3/2024,323.0,323.0,313.3,314.0,-0.95,65641.0,463.0,376.0
SADBL,6/4/2024,319.5,319.5,314.9,319.0,1.59,53943.0,463.0,376.0
SADBL,6/5/2024,312.7,319.0,312.7,316.9,-0.66,24909.0,463.0,376.0
SADBL,6/6/2024,317.0,317.9,313.0,315.9,-0.32,34586.0,463.0,376.0
SADBL,6/9/2024,312.1,315.8,307.5,308.2,-2.44,61659.0,463.0,376.0
SADBL,6/10/2024,309.0,314.0,308.0,310.0,0.58,21497.0,463.0,376.0
SADBL,6/11/2024,316.2,317.9,310.1,316.0,1.94,44864.0,463.0,376.0
SADBL,6/12/2024,320.8,320.8,313.1,315.1,-0.28,43628.0,463.0,376.0
SADBL,6/13/2024,321.0,333.0,313.0,320.0,1.56,133745.0,463.0,376.0
SADBL,6/16/2024,320.0,330.0,316.0,316.1,-1.22,42062.0,463.0,376.0
SADBL,6/18/2024,315.0,318.0,313.2,313.2,-0.92,27801.0,463.0,376.0
SADBL,6/19/2024,307.4,316.2,307.4,313.9,0.22,21024.0,463.0,376.0
SADBL,6/20/2024,311.0,314.9,307.7,308.3,-1.78,41310.0,463.0,376.0
SADBL,6/23/2024,307.1,314.1,307.1,309.0,0.23,10150.0,463.0,376.0
SADBL,6/24/2024,312.0,318.0,310.6,316.9,2.56,46838.0,463.0,376.0
SADBL,6/25/2024,322.0,325.9,313.6,318.5,0.5,77229.0,463.0,376.0
SADBL,6/26/2024,318.0,320.0,313.1,314.0,-1.41,16104.0,463.0,376.0
SADBL,6/27/2024,314.0,317.9,310.3,311.7,-0.73,22696.0,463.0,376.0
SADBL,6/30/2024,315.0,315.0,304.0,308.0,-1.19,48329.0,463.0,376.0
SADBL,7/1/2024,304.6,322.5,303.4,322.5,4.71,38535.0,463.0,376.0
SADBL,7/2/2024,328.9,339.6,316.0,319.0,-1.09,89172.0,463.0,376.0
SADBL,7/3/2024,316.0,330.0,316.0,328.9,3.1,119066.0,463.0,376.0
SADBL,7/4/2024,322.4,351.4,322.4,350.0,6.42,448682.0,463.0,376.0
SADBL,7/7/2024,351.0,355.0,343.0,348.0,-0.57,214387.0,463.0,376.0
SADBL,7/8/2024,348.0,348.0,338.1,348.0,0.0,170867.0,463.0,376.0
SADBL,7/9/2024,350.0,368.0,349.0,359.0,3.16,200598.0,463.0,376.0
SADBL,7/10/2024,362.3,367.2,355.0,358.0,-0.28,139461.0,463.0,376.0
SADBL,7/11/2024,361.1,368.2,355.0,359.0,0.28,170290.0,463.0,376.0
SADBL,7/14/2024,366.1,373.4,352.0,355.0,-1.11,138858.0,463.0,376.0
SADBL,7/15/2024,362.1,362.1,349.0,349.0,-1.69,112788.0,463.0,376.0
SADBL,7/16/2024,350.0,368.0,347.0,366.9,5.13,154165.0,463.0,376.0
SADBL,7/17/2024,372.0,381.0,360.1,374.6,2.1,194114.0,463.0,376.0
SADBL,7/18/2024,376.6,400.0,370.0,383.0,2.24,298428.0,463.0,376.0
SADBL,7/21/2024,380.0,395.7,375.5,387.9,1.28,312440.0,463.0,376.0
SADBL,7/22/2024,395.6,395.6,376.0,379.1,-2.27,200367.0,463.0,376.0
SADBL,7/23/2024,380.2,402.0,379.0,398.0,4.99,266887.0,463.0,376.0
SADBL,7/24/2024,404.0,404.0,380.0,386.9,-2.79,269417.0,463.0,376.0
SADBL,7/25/2024,384.0,392.7,381.0,385.1,-0.47,171545.0,463.0,376.0
SADBL,7/28/2024,391.0,408.0,384.0,406.0,5.43,316398.0,463.0,376.0
SADBL,7/29/2024,406.0,413.0,395.2,399.0,-1.72,391067.0,463.0,376.0
SADBL,7/30/2024,400.0,424.0,395.0,421.0,5.51,298463.0,463.0,376.0
SADBL,7/31/2024,427.0,463.1,426.9,457.5,8.67,585291.0,463.0,376.0
SADBL,8/1/2024,460.0,481.0,450.0,464.5,1.53,510724.0,463.0,376.0
SADBL,8/5/2024,473.7,473.7,450.1,465.0,0.11,324441.0,463.0,376.0
SADBL,8/6/2024,469.0,474.0,440.2,440.9,-5.18,396075.0,463.0,376.0
SADBL,8/7/2024,442.0,464.0,436.0,462.2,4.83,235307.0,463.0,376.0
SADBL,8/8/2024,471.4,477.0,450.1,457.8,-0.95,389724.0,463.0,376.0
SADBL,8/11/2024,464.0,471.7,455.0,469.0,2.45,262202.0,463.0,376.0
SADBL,8/12/2024,478.0,479.0,465.0,474.0,1.07,371446.0,463.0,376.0
SADBL,8/13/2024,474.0,479.5,458.0,461.0,-2.74,213150.0,463.0,376.0
SADBL,8/14/2024,461.0,489.0,457.1,480.0,4.12,255144.0,463.0,376.0
SADBL,8/15/2024,489.6,496.0,480.0,485.0,1.04,324012.0,463.0,376.0
SADBL,8/18/2024,484.0,484.9,462.1,465.0,-4.12,228318.0,463.0,376.0
SADBL,8/21/2024,470.0,470.0,454.8,458.5,-1.4,160462.0,463.0,376.0
SADBL,8/22/2024,467.6,497.0,467.6,480.0,4.69,507078.0,463.0,376.0
SADBL,8/25/2024,482.0,488.0,464.7,467.0,-2.71,217862.0,463.0,376.0
SADBL,8/27/2024,458.1,466.0,433.0,445.0,-4.71,163349.0,463.0,376.0
SADBL,8/28/2024,445.0,461.8,432.0,433.2,-2.65,145112.0,463.0,376.0
SADBL,8/29/2024,435.0,443.0,430.0,431.0,-0.51,98991.0,463.0,376.0
SADBL,9/1/2024,431.0,439.0,413.0,416.0,-3.48,138651.0,463.0,376.0
SADBL,9/2/2024,420.0,448.0,412.0,443.0,6.49,103632.0,463.0,376.0
SADBL,9/3/2024,450.0,462.5,436.0,459.9,3.81,178154.0,463.0,376.0
SADBL,9/4/2024,458.0,472.0,438.0,440.0,-4.33,188430.0,463.0,376.0
SADBL,9/5/2024,432.3,452.9,423.0,444.0,0.91,120672.0,463.0,376.0
SADBL,9/8/2024,442.0,445.0,427.5,431.0,-2.93,61284.0,463.0,376.0
SADBL,9/9/2024,425.1,429.0,416.0,420.1,-2.53,96500.0,463.0,376.0
SADBL,9/10/2024,421.0,429.4,415.0,417.0,-0.74,66965.0,463.0,376.0
SADBL,9/11/2024,421.3,428.4,409.2,415.0,-0.48,68032.0,463.0,376.0
SADBL,9/12/2024,423.3,435.0,414.5,432.0,4.1,62211.0,463.0,376.0
SADBL,9/15/2024,440.5,440.6,422.0,422.0,-2.31,84716.0,463.0,376.0
SADBL,9/16/2024,423.0,423.0,411.3,411.3,-2.54,50410.0,463.0,376.0
SADBL,9/18/2024,419.5,419.5,407.0,409.8,-0.36,39468.0,463.0,376.0
SADBL,9/22/2024,417.9,426.2,411.0,415.9,1.49,50441.0,463.0,376.0
SADBL,9/23/2024,408.0,424.0,400.0,402.0,-3.34,65452.0,463.0,376.0
SADBL,9/24/2024,408.0,408.0,390.1,392.0,-2.49,66855.0,463.0,376.0
SADBL,9/25/2024,392.0,414.0,392.0,406.0,3.57,55464.0,463.0,376.0
SADBL,9/26/2024,400.0,418.0,400.0,407.0,0.25,47428.0,463.0,376.0
SADBL,9/29/2024,399.0,404.9,390.1,399.0,-1.97,52899.0,463.0,376.0
SADBL,9/30/2024,398.0,410.0,398.0,410.0,2.76,22333.0,463.0,376.0
SADBL,10/1/2024,417.0,430.0,405.1,428.0,4.39,98900.0,463.0,376.0
SADBL,10/2/2024,436.5,436.5,415.0,417.0,-2.57,63286.0,463.0,376.0
SADBL,10/6/2024,425.3,433.0,414.0,426.6,2.3,32470.0,463.0,376.0
SADBL,10/7/2024,435.1,437.8,427.0,436.0,2.2,81239.0,463.0,376.0
SADBL,10/8/2024,444.7,444.7,425.1,430.9,-1.17,32395.0,463.0,376.0
SADBL,10/9/2024,439.5,439.5,422.2,422.8,-1.88,15472.0,463.0,376.0
SADBL,10/15/2024,431.2,431.2,421.0,426.9,0.97,20481.0,463.0,376.0
SADBL,10/16/2024,428.1,442.0,428.1,436.0,2.13,40391.0,463.0,376.0
SADBL,10/17/2024,438.9,442.0,432.0,436.0,0.0,38703.0,463.0,376.0
SADBL,10/20/2024,431.0,436.0,425.0,425.3,-2.45,42209.0,463.0,376.0
SADBL,10/21/2024,419.5,428.0,414.0,415.0,-2.42,42681.0,463.0,376.0
SADBL,10/22/2024,421.9,421.9,413.0,420.0,1.2,22389.0,463.0,376.0
SADBL,10/23/2024,418.0,423.2,416.0,417.0,-0.71,35463.0,463.0,376.0
SADBL,10/24/2024,417.0,418.0,406.0,409.0,-1.92,29244.0,463.0,376.0
SADBL,10/27/2024,409.0,417.1,405.0,412.0,0.73,15814.0,463.0,376.0
SADBL,10/28/2024,409.0,422.0,409.0,420.0,1.94,32082.0,463.0,376.0
SADBL,10/29/2024,420.1,430.0,420.0,429.0,2.14,23177.0,463.0,376.0
SADBL,10/30/2024,432.9,432.9,422.2,427.0,-0.47,16656.0,463.0,376.0
SADBL,11/5/2024,426.9,427.0,418.6,422.9,-0.96,8064.0,463.0,376.0
SADBL,11/6/2024,420.0,430.0,418.1,423.0,0.02,20005.0,463.0,376.0
SADBL,11/10/2024,420.6,442.0,420.5,440.0,4.02,45966.0,463.0,376.0
SADBL,11/11/2024,444.0,446.0,433.0,440.0,0.0,75513.0,463.0,376.0
SADBL,11/12/2024,440.0,447.0,435.0,442.0,0.45,58511.0,463.0,376.0
SADBL,11/13/2024,435.3,448.0,435.0,446.8,1.09,86214.0,463.0,376.0
SADBL,11/14/2024,450.0,462.0,447.0,454.8,1.79,145371.0,463.0,376.0
SADBL,11/17/2024,463.8,470.0,456.0,456.0,0.26,188940.0,463.0,376.0
SADBL,11/19/2024,461.0,467.0,443.0,444.0,-2.63,111237.0,463.0,376.0
SADBL,11/20/2024,445.0,468.0,443.0,460.0,3.6,141881.0,463.0,376.0
SADBL,11/21/2024,467.0,477.0,458.1,461.0,0.22,289692.0,463.0,376.0
SADBL,11/24/2024,468.0,468.1,450.0,450.0,-2.39,99604.0,463.0,376.0
SADBL,11/25/2024,456.0,459.0,448.8,448.9,-0.24,81281.0,463.0,376.0
SADBL,11/26/2024,457.8,457.9,448.0,453.0,0.91,78209.0,463.0,376.0
SADBL,11/27/2024,455.0,464.0,452.0,461.0,1.77,162868.0,463.0,376.0
SADBL,11/28/2024,467.0,485.0,460.7,469.0,1.74,404868.0,463.0,376.0
SADBL,12/1/2024,461.0,480.0,456.1,477.0,1.71,268699.0,463.0,376.0
SADBL,12/2/2024,467.5,492.9,462.0,464.9,-2.54,242419.0,463.0,376.0
SADBL,12/3/2024,474.0,474.0,456.0,465.9,0.22,112801.0,463.0,376.0
SADBL,12/4/2024,460.0,466.9,449.0,452.0,-2.98,143856.0,463.0,376.0
SADBL,12/5/2024,459.9,461.0,445.0,447.3,-1.04,133406.0,463.0,376.0
SADBL,12/8/2024,454.9,456.0,441.6,443.0,-0.96,68846.0,463.0,376.0
SADBL,12/9/2024,445.0,451.0,437.0,441.0,-0.45,48150.0,463.0,376.0
SADBL,12/10/2024,441.1,449.0,441.1,444.0,0.68,31294.0,463.0,376.0
SADBL,12/11/2024,450.1,453.0,440.3,453.0,2.03,41158.0,463.0,376.0
SADBL,12/12/2024,457.5,457.5,441.0,441.0,-2.65,39506.0,463.0,376.0
SADBL,12/16/2024,436.0,439.0,421.0,421.0,-4.54,49157.0,463.0,376.0
SADBL,12/17/2024,421.0,429.4,416.3,419.0,-0.48,43889.0,463.0,376.0
SADBL,12/18/2024,423.0,424.0,417.4,419.0,0.0,33705.0,463.0,376.0
SADBL,12/19/2024,417.0,419.0,411.0,414.0,-1.19,40720.0,463.0,376.0
SADBL,12/22/2024,418.0,418.0,400.0,404.9,-2.2,35499.0,463.0,376.0
SADBL,12/23/2024,410.0,415.0,405.0,413.0,2.0,44931.0,463.0,376.0
SADBL,12/24/2024,421.2,424.0,413.0,413.0,0.0,30861.0,463.0,376.0
SADBL,12/26/2024,412.0,414.0,406.7,407.0,-1.45,26419.0,463.0,376.0
SADBL,12/29/2024,403.9,407.0,400.1,402.0,-1.23,45558.0,463.0,376.0
SADBL,12/31/2024,401.0,401.9,383.0,386.0,-3.98,50885.0,463.0,376.0
SADBL,1/1/2025,372.5,384.9,372.4,380.0,-1.55,17234.0,463.0,376.0
SADBL,1/2/2025,377.0,391.0,376.8,390.1,2.66,24065.0,463.0,376.0
SADBL,1/5/2025,391.0,395.0,384.0,387.0,-0.79,20045.0,463.0,376.0
SADBL,1/6/2025,391.9,402.0,388.7,402.0,3.88,25543.0,463.0,376.0
SADBL,1/7/2025,402.0,409.9,400.0,402.9,0.22,21514.0,463.0,376.0
SADBL,1/8/2025,400.0,413.0,398.0,411.0,2.01,45723.0,463.0,376.0
SADBL,1/9/2025,417.0,417.0,397.0,400.0,-2.68,50633.0,463.0,376.0
SADBL,1/12/2025,400.0,400.0,392.2,395.0,-1.25,17166.0,463.0,376.0
SADBL,1/13/2025,390.0,397.0,389.0,393.0,-0.51,31446.0,463.0,376.0
SADBL,1/15/2025,399.0,399.0,388.0,392.0,-0.25,23017.0,463.0,376.0
SADBL,1/16/2025,385.1,392.8,380.0,385.7,-1.61,41962.0,463.0,376.0
SADBL,1/19/2025,385.7,385.7,380.0,383.9,-0.47,26827.0,463.0,376.0
SADBL,1/20/2025,389.0,389.0,381.3,386.5,0.68,23324.0,463.0,376.0
SADBL,1/21/2025,386.5,392.0,379.0,390.0,0.91,30352.0,463.0,376.0
SADBL,1/22/2025,392.0,407.0,390.0,401.0,2.82,52638.0,463.0,376.0
SADBL,1/23/2025,405.0,406.0,393.1,396.0,-1.25,27186.0,463.0,376.0
SADBL,1/26/2025,390.0,396.0,388.0,388.1,-1.99,33045.0,463.0,376.0
SADBL,1/27/2025,383.0,390.0,383.0,386.9,-0.31,21208.0,463.0,376.0
SADBL,1/28/2025,388.4,405.9,388.4,405.9,4.91,65065.0,463.0,376.0
SADBL,2/2/2025,406.0,422.0,402.0,420.9,3.7,67606.0,463.0,376.0
SADBL,2/3/2025,420.9,425.0,411.1,416.1,-1.14,65712.0,463.0,376.0
SADBL,2/4/2025,416.1,419.0,405.8,409.7,-1.54,42118.0,463.0,376.0
SADBL,2/5/2025,410.0,413.0,403.1,405.5,-1.03,28016.0,463.0,376.0
SADBL,2/6/2025,402.4,409.9,402.4,406.8,0.32,34914.0,463.0,376.0
SADBL,2/9/2025,408.0,409.0,400.0,402.0,-1.18,23873.0,463.0,376.0
SADBL,2/10/2025,410.0,410.0,397.1,399.0,-0.75,20946.0,463.0,376.0
SADBL,2/11/2025,396.0,404.8,395.7,403.5,1.13,16027.0,463.0,376.0
SADBL,2/12/2025,410.0,421.0,405.2,415.0,2.85,82123.0,463.0,376.0
SADBL,2/13/2025,407.0,419.0,405.0,406.1,-2.14,40568.0,463.0,376.0
SADBL,2/16/2025,403.0,411.0,403.0,407.9,0.44,20371.0,463.0,376.0
SADBL,2/17/2025,414.0,414.0,406.7,410.9,0.74,66378.0,463.0,376.0
SADBL,2/18/2025,414.0,415.0,408.2,410.0,-0.22,45570.0,463.0,376.0
SADBL,2/20/2025,418.2,418.2,404.1,408.3,-0.41,49983.0,463.0,376.0
SADBL,2/23/2025,400.3,417.0,400.2,412.9,1.13,99443.0,463.0,376.0
SADBL,2/24/2025,404.7,422.0,404.7,412.0,-0.22,61217.0,463.0,376.0
SADBL,2/25/2025,412.0,417.0,411.0,416.0,0.97,53917.0,463.0,376.0
SADBL,2/27/2025,421.0,432.0,419.0,420.1,0.99,63559.0,463.0,376.0
SADBL,3/2/2025,426.0,442.0,424.0,442.0,5.21,104726.0,463.0,376.0
SADBL,3/3/2025,450.8,450.8,426.0,427.2,-3.35,79912.0,463.0,376.0
SADBL,3/4/2025,435.0,455.0,426.1,437.0,2.29,152558.0,463.0,376.0
SADBL,3/5/2025,445.7,445.7,428.4,433.7,-0.76,54731.0,463.0,376.0
SADBL,3/6/2025,438.0,445.0,430.0,440.0,1.45,112964.0,463.0,376.0
SADBL,3/9/2025,448.8,448.8,423.2,423.8,-3.68,58977.0,463.0,376.0
SADBL,3/10/2025,432.0,432.0,418.0,421.0,-0.66,58305.0,463.0,376.0
SADBL,3/11/2025,417.5,452.0,417.1,434.1,3.11,241096.0,463.0,376.0
SADBL,3/12/2025,440.0,446.0,434.2,434.4,0.07,61539.0,463.0,376.0
SADBL,3/16/2025,428.0,431.0,419.1,421.0,-3.08,47073.0,463.0,376.0
SADBL,3/17/2025,417.0,425.9,415.1,420.0,-0.24,31217.0,463.0,376.0
SADBL,3/18/2025,428.4,428.4,413.2,417.9,-0.5,30868.0,463.0,376.0
SADBL,3/19/2025,409.6,418.0,406.0,411.9,-1.44,22817.0,463.0,376.0
SADBL,3/20/2025,420.0,420.0,405.4,408.78,-0.76,18889.0,463.0,376.0
SADBL,3/23/2025,412.0,412.0,398.5,399.43,-2.29,45598.0,463.0,376.0
SADBL,3/24/2025,396.0,407.4,396.0,405.59,1.54,24698.0,463.0,376.0
SADBL,3/25/2025,397.6,400.1,389.9,391.0,-3.6,39481.0,463.0,376.0
SADBL,3/26/2025,398.0,405.0,391.2,401.76,2.75,25249.0,463.0,376.0
SADBL,3/27/2025,393.9,409.0,393.9,406.81,1.26,30129.0,463.0,376.0
SADBL,3/30/2025,405.0,419.7,400.0,412.35,1.36,49065.0,463.0,376.0
SADBL,4/1/2025,408.0,414.0,403.4,407.64,-1.14,27518.0,463.0,376.0
SADBL,4/2/2025,402.5,411.8,402.5,408.03,0.1,25175.0,463.0,376.0
SADBL,4/3/2025,399.9,415.0,399.9,406.41,-0.4,43633.0,463.0,376.0
SADBL,4/7/2025,405.0,406.0,401.0,401.36,-1.24,36444.0,463.0,376.0
SADBL,4/8/2025,400.0,402.9,395.7,401.76,0.1,20340.0,463.0,376.0
SADBL,4/9/2025,399.7,408.8,399.1,404.41,0.66,17111.0,463.0,376.0
SADBL,4/10/2025,402.4,409.0,400.1,401.72,-0.67,24385.0,463.0,376.0
SADBL,4/13/2025,406.0,406.0,397.9,399.1,-0.65,33886.0,463.0,376.0
SADBL,4/15/2025,396.4,411.3,396.4,406.31,1.81,22612.0,463.0,376.0
SADBL,4/16/2025,401.2,411.9,398.2,407.08,0.19,40805.0,463.0,376.0
SADBL,4/17/2025,413.0,414.5,407.0,409.87,0.69,50653.0,463.0,376.0
SADBL,4/20/2025,410.0,414.0,405.1,405.2,-1.14,36991.0,463.0,376.0
SADBL,4/21/2025,397.1,409.9,397.1,403.94,-0.31,30054.0,463.0,376.0
SADBL,4/22/2025,395.9,404.9,395.9,399.86,-1.01,27521.0,463.0,376.0
SADBL,4/23/2025,397.0,400.0,390.3,396.18,-0.92,111731.0,463.0,376.0
SADBL,4/24/2025,396.1,400.0,394.0,394.84,-0.34,40269.0,463.0,376.0
SADBL,4/27/2025,400.0,400.0,392.0,392.58,-0.57,40735.0,463.0,376.0
SADBL,4/28/2025,384.8,400.0,384.8,394.16,0.4,24170.0,463.0,376.0
SADBL,4/29/2025,395.0,396.8,389.0,389.82,-1.1,24710.0,463.0,376.0
SADBL,4/30/2025,389.0,395.0,388.5,389.84,0.01,25036.0,463.0,376.0
SADBL,5/4/2025,388.0,395.0,388.0,388.59,-0.32,28712.0,463.0,376.0
SADBL,5/5/2025,385.8,389.0,382.0,385.06,-0.91,18487.0,463.0,376.0
SADBL,5/6/2025,378.0,393.0,378.0,390.18,1.33,20627.0,463.0,376.0
SADBL,5/7/2025,385.1,403.5,384.0,400.05,2.53,63170.0,463.0,376.0
SADBL,5/8/2025,392.5,410.0,392.5,395.71,-1.08,17889.0,463.0,376.0
SADBL,5/11/2025,397.0,409.9,394.0,406.87,2.82,66986.0,463.0,376.0
SADBL,5/13/2025,399.2,421.9,399.2,406.65,-0.05,82473.0,463.0,376.0
SADBL,5/14/2025,409.9,424.0,409.9,412.33,1.4,139763.0,463.0,376.0
SADBL,5/15/2025,410.0,415.0,402.0,405.98,-1.54,46817.0,463.0,376.0
SADBL,5/18/2025,398.0,414.0,392.2,395.34,-2.62,42579.0,463.0,376.0
SADBL,5/19/2025,403.0,408.0,396.2,403.73,2.12,26146.0,463.0,376.0
SADBL,5/20/2025,395.7,421.0,395.7,417.55,3.42,95941.0,463.0,376.0
SADBL,5/21/2025,425.9,450.8,420.1,435.29,4.25,533627.0,463.0,376.0
SADBL,5/22/2025,443.9,445.0,426.0,427.74,-1.73,167041.0,463.0,376.0
SADBL,5/25/2025,436.0,436.0,421.1,422.8,-1.15,139730.0,463.0,376.0
SADBL,5/26/2025,431.2,439.0,414.6,415.23,-1.79,127841.0,463.0,376.0
SADBL,5/27/2025,411.0,423.0,411.0,420.69,1.31,91160.0,463.0,376.0
SADBL,5/28/2025,412.3,431.0,412.3,420.12,-0.14,70015.0,463.0,376.0
SADBL,6/2/2025,424.0,426.9,416.5,419.18,-0.22,86369.0,463.0,376.0
SADBL,6/3/2025,423.0,423.0,410.1,412.16,-1.67,35226.0,463.0,376.0
SADBL,6/4/2025,414.0,416.7,408.0,410.96,-0.29,81543.0,463.0,376.0
SADBL,6/5/2025,412.0,413.0,404.6,405.39,-1.36,92717.0,463.0,376.0
SADBL,6/8/2025,402.0,409.4,399.0,399.88,-1.36,48602.0,463.0,376.0
SADBL,6/9/2025,396.0,410.0,392.1,401.1,0.31,83050.0,463.0,376.0
SADBL,6/10/2025,402.0,415.8,402.0,411.45,2.58,58100.0,463.0,376.0
SADBL,6/11/2025,412.0,416.9,407.0,407.94,-0.85,86782.0,463.0,376.0
SADBL,6/12/2025,402.7,410.0,402.0,403.47,-1.1,54844.0,463.0,376.0
SADBL,6/15/2025,396.0,413.0,396.0,407.57,1.02,72985.0,463.0,376.0
SADBL,6/16/2025,400.0,414.7,400.0,404.99,-0.63,37979.0,463.0,376.0
SADBL,6/17/2025,411.0,411.0,401.0,403.63,-0.34,25203.0,463.0,376.0
SADBL,6/18/2025,406.0,409.8,402.0,403.25,-0.09,41886.0,463.0,376.0
SADBL,6/19/2025,396.0,406.5,396.0,399.42,-0.95,68033.0,463.0,376.0
SADBL,6/22/2025,397.3,402.9,390.3,391.16,-2.07,66091.0,463.0,376.0
SADBL,6/23/2025,397.0,397.0,391.1,394.3,0.8,19946.0,463.0,376.0
SADBL,6/24/2025,396.0,400.0,394.1,394.29,-0.0,25963.0,463.0,376.0
SADBL,6/25/2025,395.0,399.0,393.0,393.34,-0.24,24756.0,463.0,376.0
SADBL,6/26/2025,399.0,399.0,392.0,392.54,-0.2,33983.0,463.0,376.0
SADBL,6/29/2025,392.5,399.9,392.0,396.76,1.08,45927.0,463.0,376.0
SADBL,6/30/2025,404.6,404.6,394.1,398.85,0.53,28118.0,463.0,376.0
SADBL,7/1/2025,402.0,409.0,400.0,407.33,2.13,28230.0,463.0,376.0
SADBL,7/2/2025,408.8,414.0,403.3,412.48,1.26,46919.0,463.0,376.0
SADBL,7/3/2025,420.7,420.7,410.5,414.63,0.52,86134.0,463.0,376.0
SADBL,7/6/2025,417.9,417.9,405.0,408.2,-1.55,55880.0,463.0,376.0
SADBL,7/7/2025,412.0,412.0,406.0,407.4,-0.2,61023.0,463.0,376.0
SADBL,7/8/2025,407.4,409.9,405.1,406.95,-0.11,22680.0,463.0,376.0
SADBL,7/9/2025,407.0,415.0,405.8,412.89,1.46,69101.0,463.0,376.0
SADBL,7/10/2025,416.8,430.0,413.1,428.92,3.88,150929.0,463.0,376.0
SADBL,7/13/2025,437.4,453.0,430.0,440.68,2.74,258881.0,463.0,376.0
SADBL,7/14/2025,438.0,441.5,431.1,432.87,-1.77,172009.0,463.0,376.0
SADBL,7/15/2025,439.0,447.6,437.2,445.01,2.8,184143.0,463.0,376.0
SADBL,7/16/2025,451.0,467.0,446.0,462.82,4.0,380039.0,463.0,376.0
SADBL,7/17/2025,472.0,472.0,458.5,459.22,-0.78,258250.0,463.0,376.0
SADBL,7/20/2025,462.0,471.0,451.0,454.86,-0.95,345699.0,463.0,376.0
SADBL,7/21/2025,456.0,484.0,456.0,474.08,4.23,439163.0,463.0,376.0
SADBL,7/22/2025,466.0,494.7,466.0,484.55,2.21,308168.0,463.0,376.0
SADBL,7/23/2025,480.0,488.0,475.0,482.54,-0.41,283885.0,463.0,376.0
SADBL,7/24/2025,485.0,497.0,470.0,493.0,2.17,441084.0,463.0,376.0
SADBL,7/27/2025,495.0,504.0,480.8,488.27,-0.96,401602.0,463.0,376.0
SADBL,7/28/2025,489.8,519.8,485.8,516.24,5.73,892420.0,463.0,376.0
SADBL,7/29/2025,526.5,526.5,502.0,506.32,-1.92,360840.0,463.0,376.0
SADBL,7/30/2025,512.9,514.0,484.0,487.41,-3.73,329124.0,463.0,376.0
SADBL,7/31/2025,497.1,497.1,471.0,476.46,-2.25,319678.0,463.0,376.0
SADBL,8/3/2025,480.0,480.0,468.0,469.61,-1.44,187679.0,463.0,376.0
SADBL,8/4/2025,479.0,484.0,462.0,468.58,-0.22,125772.0,463.0,376.0
SADBL,8/5/2025,475.9,475.9,451.1,452.87,-3.35,104304.0,463.0,376.0
SADBL,8/6/2025,446.0,460.0,445.0,453.41,0.12,63250.0,463.0,376.0
SADBL,8/7/2025,460.0,462.9,452.0,455.76,0.52,55668.0,463.0,376.0
SADBL,8/11/2025,463.9,463.9,440.1,441.77,-3.07,106421.0,463.0,376.0
SADBL,8/12/2025,436.5,445.0,433.5,435.16,-1.5,106571.0,463.0,376.0
SADBL,8/13/2025,442.0,443.8,435.6,438.4,0.74,47692.0,463.0,376.0
SADBL,8/14/2025,446.9,446.9,438.3,439.74,0.31,55634.0,463.0,376.0
SADBL,8/17/2025,445.0,448.5,437.0,437.39,-0.53,79034.0,463.0,376.0
SADBL,8/18/2025,444.0,444.8,439.0,443.66,1.43,64783.0,463.0,376.0
SADBL,8/19/2025,448.0,451.5,445.0,445.82,0.49,40858.0,463.0,376.0
SADBL,8/20/2025,445.0,450.0,435.1,435.91,-2.22,50646.0,463.0,376.0
SADBL,8/21/2025,431.1,440.0,431.1,435.08,-0.19,46619.0,463.0,376.0
SADBL,8/24/2025,432.5,439.0,428.1,428.25,-1.57,67018.0,463.0,376.0
SADBL,8/25/2025,434.0,436.0,420.0,430.57,0.54,61441.0,463.0,376.0
SADBL,8/26/2025,439.0,439.0,427.4,430.27,-0.07,15758.0,463.0,376.0
SADBL,8/27/2025,434.0,450.0,431.0,448.75,4.29,100510.0,463.0,376.0
SADBL,8/28/2025,445.0,453.0,430.0,431.39,-3.87,120640.0,463.0,376.0
SADBL,8/31/2025,434.5,434.5,422.8,424.64,-1.56,88547.0,463.0,376.0
SADBL,9/1/2025,425.0,431.0,420.6,429.55,1.16,43948.0,463.0,376.0
SADBL,9/2/2025,438.1,438.1,423.1,423.91,-1.31,32799.0,463.0,376.0
SADBL,9/3/2025,424.0,428.9,421.2,421.69,-0.52,32977.0,463.0,376.0
SADBL,9/4/2025,416.0,425.5,416.0,421.33,-0.09,50053.0,463.0,376.0
SADBL,9/7/2025,425.0,427.8,420.0,420.6,-0.17,35812.0,463.0,376.0
SADBL,9/8/2025,420.0,427.0,412.2,416.19,-1.05,44821.0,463.0,376.0
SADBL,9/18/2025,407.9,407.9,384.0,398.0,-4.37,9510.0,463.0,376.0
SADBL,9/21/2025,392.0,417.0,392.0,413.99,4.02,119080.0,463.0,376.0
SADBL,9/23/2025,406.1,425.1,406.0,424.8,2.61,54309.0,463.0,376.0
SADBL,9/24/2025,418.0,423.0,410.2,410.3,-3.41,45994.0,463.0,376.0
SADBL,9/25/2025,415.0,419.0,411.0,411.3,0.24,35263.0,463.0,376.0
SADBL,9/28/2025,419.0,420.0,412.1,418.9,1.85,20712.0,463.0,376.0
SADBL,10/7/2025,426.0,426.0,408.0,409.2,-2.32,30620.0,463.0,376.0
SADBL,10/8/2025,417.0,417.0,400.2,405.4,-0.93,60695.0,463.0,376.0
SADBL,10/9/2025,413.5,434.9,406.0,407.0,0.39,62178.0,463.0,376.0
SADBL,10/12/2025,399.0,410.0,385.3,391.9,-3.71,85007.0,463.0,376.0
SADBL,10/13/2025,390.0,397.9,385.1,394.8,0.74,33673.0,463.0,376.0
SADBL,10/14/2025,388.9,398.0,388.2,390.9,-0.99,27802.0,463.0,376.0
SADBL,10/15/2025,390.0,390.0,385.1,386.3,-1.18,17791.0,463.0,376.0
SADBL,10/16/2025,387.0,387.1,380.1,383.0,-0.85,36262.0,463.0,376.0
SADBL,10/19/2025,390.6,396.8,384.0,386.0,0.78,8367.0,463.0,376.0
SADBL,10/26/2025,381.0,390.0,380.0,384.5,-0.39,12766.0,463.0,376.0
SADBL,10/28/2025,390.0,410.0,390.0,405.0,5.33,44847.0,463.0,376.0
SADBL,10/29/2025,402.2,413.9,401.2,402.0,-0.74,60231.0,463.0,376.0
SADBL,10/30/2025,396.9,409.9,395.2,408.0,1.49,51353.0,463.0,376.0
SADBL,11/2/2025,408.0,420.0,407.0,413.9,1.45,43769.0,463.0,376.0
SADBL,11/3/2025,410.0,419.9,406.0,410.5,-0.82,35765.0,463.0,376.0
SADBL,11/4/2025,410.0,414.0,402.0,403.0,-1.83,39288.0,463.0,376.0
SADBL,11/5/2025,397.2,407.0,397.2,405.0,0.5,25385.0,463.0,376.0
SADBL,11/6/2025,411.0,411.0,400.0,405.0,0.0,19534.0,463.0,376.0
SADBL,11/9/2025,405.0,405.0,395.0,396.9,-2.0,43017.0,463.0,376.0
SADBL,11/10/2025,391.0,400.0,390.1,393.1,-0.96,10252.0,463.0,376.0
SADBL,11/11/2025,396.0,396.0,389.0,391.7,-0.36,25334.0,463.0,376.0
SADBL,11/12/2025,394.0,397.0,390.0,393.3,0.41,23545.0,463.0,376.0
SADBL,11/13/2025,387.0,395.0,385.7,391.1,-0.56,32606.0,463.0,376.0
SADBL,11/16/2025,395.0,396.9,390.0,392.0,0.23,28047.0,463.0,376.0
SADBL,11/17/2025,397.0,398.5,392.0,395.0,0.77,20371.0,463.0,376.0
SADBL,11/18/2025,398.0,404.7,397.5,398.5,0.89,19557.0,463.0,376.0
SADBL,11/19/2025,402.0,402.0,397.0,399.0,0.13,18799.0,463.0,376.0
SADBL,11/20/2025,399.0,400.0,395.1,396.0,-0.75,17384.0,463.0,376.0
SADBL,11/23/2025,400.0,409.0,400.0,407.0,2.78,58035.0,463.0,376.0
SADBL,11/24/2025,409.0,416.0,409.0,414.0,1.72,48774.0,463.0,376.0
SADBL,11/25/2025,410.0,415.0,410.0,414.0,0.0,41350.0,463.0,376.0
SADBL,11/26/2025,414.0,418.9,412.0,416.9,0.7,26277.0,463.0,376.0
SADBL,11/27/2025,417.4,417.4,411.6,417.0,0.02,50083.0,463.0,376.0
SADBL,11/30/2025,419.0,419.0,408.6,408.6,-2.01,36836.0,463.0,376.0
SADBL,12/1/2025,408.6,410.0,406.2,409.8,0.29,18305.0,463.0,376.0
SADBL,12/2/2025,401.7,426.0,401.7,413.9,1.0,48818.0,463.0,376.0
SADBL,12/3/2025,418.0,418.0,407.0,409.9,-0.97,30941.0,463.0,376.0
SADBL,12/7/2025,413.0,413.0,407.0,409.9,0.0,25143.0,463.0,376.0
SADBL,12/8/2025,407.2,411.0,403.0,405.8,-1.0,70282.0,463.0,376.0
SADBL,12/9/2025,385.0,387.5,380.0,384.0,-5.37,26575.0,463.0,376.0
SADBL,12/10/2025,383.7,387.0,382.5,384.0,0.0,16535.0,463.0,376.0
SADBL,12/11/2025,377.0,382.0,377.0,379.8,-1.09,15586.0,463.0,376.0
SADBL,12/14/2025,379.0,383.0,378.0,380.0,0.05,10069.0,463.0,376.0
SADBL,12/15/2025,380.0,380.0,376.0,379.9,-0.03,34562.0,463.0,376.0
SADBL,12/16/2025,378.0,390.0,377.8,389.8,2.61,46270.0,463.0,376.0
SADBL,12/17/2025,389.8,396.9,388.5,392.8,0.77,31729.0,463.0,376.0
SADBL,12/18/2025,394.0,395.0,387.0,388.9,-0.99,14602.0,463.0,376.0
SADBL,12/21/2025,386.0,390.0,384.0,387.6,-0.33,8989.0,463.0,376.0
SADBL,12/22/2025,380.0,387.6,380.0,385.0,-0.67,8996.0,463.0,376.0
SADBL,12/23/2025,381.0,385.0,379.2,380.3,-1.22,17245.0,463.0,376.0
SADBL,12/24/2025,380.0,387.0,380.0,381.0,0.18,12495.0,463.0,376.0
SADBL,12/28/2025,385.0,394.9,384.0,394.9,3.65,42425.0,463.0,376.0
SADBL,12/29/2025,395.0,398.0,393.0,393.0,-0.48,27686.0,463.0,376.0
SADBL,12/31/2025,398.9,403.7,393.5,398.0,1.27,77938.0,463.0,376.0
SADBL,1/1/2026,395.5,402.0,395.1,400.0,0.5,39691.0,463.0,376.0
SADBL,1/4/2026,399.0,399.0,393.4,395.1,-1.22,18172.0,463.0,376.0
SADBL,1/5/2026,400.0,410.0,395.0,408.0,3.26,47142.0,463.0,376.0
SADBL,1/6/2026,412.0,415.0,406.0,408.0,0.0,45154.0,463.0,376.0
SADBL,1/7/2026,404.7,412.0,403.0,404.0,-0.98,39567.0,463.0,376.0
SADBL,1/8/2026,404.1,406.9,403.0,405.0,0.25,17744.0,463.0,376.0
SADBL,1/12/2026,406.2,408.0,400.3,402.8,-0.54,35806.0,463.0,376.0
SADBL,1/13/2026,398.0,409.8,398.0,404.5,0.42,18403.0,463.0,376.0
SADBL,1/14/2026,397.0,411.9,397.0,401.6,-0.72,31866.0,463.0,376.0
SADBL,1/18/2026,408.0,416.9,406.0,416.0,3.59,41157.0,463.0,376.0
SADBL,1/20/2026,418.0,430.0,418.0,425.0,2.16,74422.0,463.0,376.0
SADBL,1/21/2026,426.2,426.2,416.0,418.0,-1.65,70214.0,463.0,376.0
SADBL,1/22/2026,420.0,420.0,412.6,419.0,0.24,27800.0,463.0,376.0
SADBL,1/25/2026,427.3,435.0,422.0,432.0,3.1,103429.0,463.0,376.0
SADBL,1/26/2026,439.5,439.5,421.7,428.0,-0.93,96826.0,463.0,376.0
SADBL,1/27/2026,425.0,430.0,410.0,419.0,-2.1,75964.0,463.0,376.0
SADBL,1/28/2026,416.0,420.9,410.5,418.9,-0.02,42356.0,463.0,376.0
SADBL,1/29/2026,412.0,422.0,411.0,416.0,-0.69,63922.0,463.0,376.0
SADBL,2/1/2026,408.7,413.0,407.1,408.0,-1.92,39605.0,463.0,376.0
SADBL,2/2/2026,415.0,415.0,407.0,410.0,0.49,33445.0,463.0,376.0
SADBL,2/3/2026,405.1,411.0,405.1,409.5,-0.12,20980.0,463.0,376.0
SADBL,2/4/2026,415.0,415.0,407.0,409.8,0.07,23207.0,463.0,376.0
SADBL,2/5/2026,406.0,416.0,404.9,416.0,1.51,36425.0,463.0,376.0
SADBL,2/8/2026,417.1,424.0,412.1,415.0,-0.24,48148.0,463.0,376.0
SADBL,2/9/2026,414.9,415.0,407.3,412.0,-0.72,35138.0,463.0,376.0
SADBL,2/10/2026,405.2,414.0,405.1,405.1,-1.67,24588.0,463.0,376.0
SADBL,2/11/2026,406.0,415.0,405.2,413.0,1.95,30261.0,463.0,376.0
SADBL,2/12/2026,410.2,424.0,409.1,418.0,1.21,62079.0,463.0,376.0
SADBL,2/16/2026,416.1,420.0,412.0,417.0,-0.24,35402.0,463.0,376.0
SADBL,2/17/2026,422.0,422.0,408.0,412.0,-1.2,31720.0,463.0,376.0
SADBL,2/22/2026,406.2,411.6,406.0,406.5,-1.33,17630.0,463.0,376.0
SADBL,2/23/2026,414.6,414.6,405.0,408.3,0.44,9436.0,463.0,376.0
SADBL,2/24/2026,416.4,416.4,408.1,411.5,0.78,8404.0,463.0,376.0
SADBL,2/25/2026,418.5,418.5,406.1,416.0,1.09,18741.0,463.0,376.0
SADBL,2/26/2026,424.3,424.3,412.0,416.5,0.12,14325.0,463.0,376.0
SADBL,2/27/2026,424.3,424.3,412.0,416.5,0.0,14325.0,463.0,376.0
SADBL,2/28/2026,424.3,424.3,412.0,416.5,0.0,14325.0,463.0,376.0
SADBL,3/2/2026,424.8,424.8,408.3,422.5,1.44,41848.0,463.0,376.0
SADBL,3/3/2026,414.4,426.9,414.4,425.0,0.59,34983.0,463.0,376.0
SADBL,3/4/2026,414.4,426.9,414.4,425.0,0.0,34983.0,463.0,376.0
SADBL,3/5/2026,414.4,426.9,414.4,425.0,0.0,34983.0,463.0,376.0
SADBL,3/6/2026,414.4,426.9,414.4,425.0,0.0,34983.0,463.0,376.0
SADBL,3/7/2026,414.4,426.9,414.4,425.0,0.0,34983.0,463.0,376.0
SADBL,3/8/2026,414.4,426.9,414.4,425.0,0.0,34983.0,463.0,376.0
SADBL,3/9/2026,433.5,445.0,433.5,445.0,4.71,1350.0,463.0,376.0
SADBL,3/10/2026,445.0,445.0,424.1,437.9,-1.6,128374.0,463.0,376.0
SADBL,3/11/2026,437.9,440.0,425.2,427.6,-2.35,39750.0,463.0,376.0
SADBL,3/12/2026,427.0,443.0,422.6,441.0,3.13,177029.0,463.0,376.0
SADBL,3/13/2026,427.0,443.0,422.6,441.0,0.0,177029.0,463.0,376.0
SADBL,3/14/2026,427.0,443.0,422.6,441.0,0.0,177029.0,463.0,376.0
SADBL,3/15/2026,449.8,449.8,439.3,441.0,0.0,87418.0,463.0,376.0
SADBL,3/16/2026,441.0,442.0,430.0,430.3,-2.43,103496.0,463.0,376.0
SADBL,3/17/2026,435.0,440.9,428.2,440.0,2.25,85147.0,463.0,376.0
SADBL,3/18/2026,435.0,440.9,428.2,440.0,0.0,85147.0,463.0,376.0
SADBL,3/19/2026,445.0,455.0,443.2,452.0,2.73,175628.0,463.0,376.0
SADBL,3/20/2026,445.0,455.0,443.2,452.0,0.0,175628.0,463.0,376.0
SADBL,3/21/2026,445.0,455.0,443.2,452.0,0.0,175628.0,463.0,376.0
SADBL,3/22/2026,458.0,461.0,448.0,460.0,1.77,243594.0,463.0,376.0
SADBL,3/23/2026,462.9,463.0,445.0,450.0,-2.17,114412.0,463.0,376.0
SADBL,3/24/2026,457.7,460.0,446.7,455.0,1.11,150347.0,463.0,376.0
SADBL,3/25/2026,450.0,456.9,443.1,445.0,-2.2,128575.0,463.0,376.0
SADBL,3/26/2026,445.0,453.8,444.0,453.8,1.98,126166.0,463.0,376.0
SADBL,3/29/2026,444.8,452.9,440.0,442.3,-0.56,144215.0,463.0,376.0
SADBL,3/30/2026,436.3,445.0,433.3,435.0,-0.3,71422.0,463.0,376.0
SADBL,3/31/2026,437.9,442.0,430.0,436.0,-0.43,60233.0,463.0,376.0
SADBL,4/1/2026,436.2,437.9,425.5,427.0,-2.11,109634.0,463.0,376.0
SADBL,4/2/2026,420.1,432.0,420.1,426.8,1.59,72649.0,463.0,376.0
SADBL,4/5/2026,420.0,420.0,410.0,412.0,-1.9,87960.0,463.0,376.0
SADBL,4/6/2026,419.5,425.5,411.0,424.5,1.19,108230.0,463.0,376.0
SADBL,4/7/2026,431.0,431.0,417.0,420.3,-2.48,23359.0,463.0,376.0
SADBL,4/8/2026,420.0,428.9,420.0,427.0,1.67,48180.0,463.0,376.0
SADBL,4/9/2026,430.0,433.0,422.8,432.0,0.47,38450.0,463.0,376.0
SADBL,4/10/2026,433.0,434.0,423.5,427.0,-1.39,40520.0,463.0,376.0
SADBL,4/13/2026,422.5,431.0,422.5,425.0,0.59,19442.0,463.0,376.0
SADBL,4/15/2026,425.2,437.5,425.1,433.9,2.05,36576.0,463.0,376.0
SADBL,4/16/2026,436.5,436.5,427.0,427.0,-2.18,30155.0,463.0,376.0
SADBL,4/17/2026,432.0,435.0,421.4,425.1,-1.6,22947.0,463.0,376.0
SADBL,4/20/2026,424.0,430.0,418.1,423.7,-0.07,58734.0,463.0,376.0
SADBL,4/21/2026,403.0,439.0,403.0,423.0,4.96,24397.0,463.0,376.0
SADBL,4/22/2026,425.0,426.9,412.1,420.0,-1.18,154781.0,463.0,376.0
SADBL,4/23/2026,425.0,432.0,414.0,415.5,-2.24,25357.0,463.0,376.0
SADBL,4/24/2026,411.0,418.0,411.0,414.0,0.73,15700.0,463.0,376.0
SADBL,4/27/2026,414.0,421.0,414.0,416.0,0.48,10254.0,463.0,376.0
SADBL,4/28/2026,416.0,425.9,413.1,416.0,0.0,25220.0,463.0,376.0
SADBL,4/29/2026,416.0,418.0,411.0,415.0,-0.24,19843.0,463.0,376.0
SADBL,4/30/2026,418.0,420.0,410.0,413.8,-1.0,20093.0,463.0,376.0
SADBL,5/4/2026,411.0,417.0,410.0,414.0,0.73,25203.0,463.0,376.0
SADBL,5/5/2026,416.3,416.3,408.0,412.5,-0.91,4936.0,463.0,376.0
SADBL,5/6/2026,412.0,415.0,408.0,408.6,-0.83,12499.0,463.0,376.0
SADBL,5/7/2026,407.1,414.8,407.1,411.0,0.96,18472.0,463.0,376.0
SADBL,5/8/2026,411.1,417.4,411.0,417.4,1.53,19299.0,463.0,376.0
SADBL,5/11/2026,417.0,422.9,417.0,421.9,1.18,11219.0,463.0,376.0
SADBL,5/12/2026,423.5,423.5,413.0,414.0,-2.24,12101.0,463.0,376.0
SADBL,5/13/2026,414.0,414.0,408.1,413.9,-0.02,16674.0,463.0,376.0
SADBL,5/14/2026,413.0,413.8,409.0,410.5,-0.61,8603.0,463.0,376.0
SADBL,5/15/2026,412.0,418.9,410.0,413.9,0.46,26736.0,463.0,376.0
SADBL,5/18/2026,412.2,413.6,410.0,411.0,-0.29,18879.0,463.0,376.0
SADBL,5/19/2026,411.1,413.6,410.0,412.0,0.22,8511.0,463.0,376.0
SADBL,5/20/2026,411.0,418.0,410.4,415.1,1.0,5564.0,463.0,376.0
SADBL,5/21/2026,416.0,418.9,413.0,414.6,-0.34,13950.0,463.0,376.0
SADBL,5/22/2026,409.5,418.0,409.5,416.0,1.59,14899.0,463.0,376.0
SADBL,5/25/2026,416.0,421.5,416.0,420.9,1.18,19441.0,463.0,376.0
SADBL,5/26/2026,440.0,440.0,412.0,414.0,-5.91,40333.0,463.0,376.0
SADBL,5/27/2026,432.0,432.0,409.0,414.9,-3.96,35172.0,463.0,376.0
SADBL,6/1/2026,417.4,417.9,409.0,412.0,-1.29,16579.0,463.0,376.0
SADBL,6/2/2026,416.0,416.0,406.6,412.9,-0.75,30281.0,463.0,376.0
SADBL,6/3/2026,416.0,421.0,412.1,417.9,0.46,35217.0,463.0,376.0
SADBL,6/4/2026,420.0,423.0,416.0,422.5,0.6,25264.0,463.0,376.0
SADBL,6/5/2026,443.6,443.6,415.5,420.0,-5.32,18508.0,463.0,376.0
SADBL,6/8/2026,423.7,423.7,412.1,412.5,-2.64,21794.0,463.0,376.0
SADBL,6/9/2026,412.0,413.0,410.0,412.5,0.12,18852.0,463.0,376.0
SADBL,6/10/2026,412.5,418.0,410.2,411.5,-0.24,12040.0,463.0,376.0
SADBL,6/11/2026,419.0,419.0,410.0,412.9,-1.46,23259.0,463.0,376.0
SADBL,6/12/2026,410.6,413.0,408.3,410.0,-0.15,26539.0,463.0,376.0
SADBL,6/15/2026,415.0,415.0,410.0,410.3,-1.13,8219.0,463.0,376.0
SADBL,6/16/2026,429.0,429.0,406.1,409.0,-4.66,14738.0,463.0,376.0
SADBL,6/17/2026,412.0,413.0,409.6,410.9,-0.27,6120.0,463.0,376.0
SADBL,6/18/2026,412.0,412.0,408.3,410.0,-0.49,12856.0,463.0,376.0
SADBL,6/19/2026,406.0,411.0,404.0,408.0,0.49,22587.0,463.0,376.0
SADBL,6/22/2026,408.0,413.0,405.0,407.4,-0.15,4561.0,463.0,376.0
SADBL,6/23/2026,408.0,408.0,402.0,408.0,0.0,9533.0,463.0,376.0
SADBL,6/24/2026,405.0,405.0,396.0,403.6,-0.35,31613.0,463.0,376.0
SADBL,6/26/2026,408.0,408.0,398.1,403.0,-1.23,18749.0,463.0,376.0
SADBL,6/29/2026,400.0,402.9,394.0,399.9,-0.03,11212.0,463.0,376.0
SADBL,6/30/2026,402.0,402.0,396.4,398.0,-1.0,115722.0,463.0,376.0
SADBL,7/1/2026,404.0,407.9,402.0,407.0,0.74,199292.0,463.0,376.0
SADBL,7/2/2026,403.1,410.0,401.0,409.9,1.69,8023.0,463.0,376.0
SADBL,7/3/2026,420.0,420.0,405.0,408.0,-2.86,15582.0,463.0,376.0
SADBL,7/6/2026,388.0,405.0,388.0,401.5,3.48,8689.0,463.0,376.0
SADBL,7/7/2026,405.0,408.0,400.0,403.5,-0.37,27263.0,463.0,376.0
SADBL,7/8/2026,400.0,405.0,400.0,400.0,0.0,12300.0,463.0,376.0
SADBL,7/9/2026,400.0,404.9,398.0,400.5,0.12,10933.0,463.0,376.0
SADBL,7/10/2026,408.0,408.0,397.4,399.0,-2.21,12586.0,463.0,376.0
SADBL,7/13/2026,397.4,404.0,396.0,398.0,0.15,8990.0,463.0,376.0
SADBL,7/14/2026,378.1,404.4,378.1,396.1,4.76,11565.0,463.0,376.0
SADBL,7/15/2026,397.0,405.0,397.0,400.0,0.76,6211.0,463.0,376.0
SADBL,7/16/2026,420.0,420.0,390.0,404.0,-3.81,9045.0,463.0,376.0
SADBL,7/17/2026,410.0,414.0,404.0,413.7,0.9,25726.0,463.0,376.0
SADBL,7/20/2026,413.9,422.0,408.0,422.0,1.96,27336.0,463.0,376.0
SADBL,7/21/2026,422.8,425.0,413.1,425.0,0.52,36314.0,463.0,376.0
SADBL,7/22/2026,423.1,428.9,421.7,425.0,0.45,60018.0,463.0,376.0
SADBL,7/23/2026,425.0,427.0,420.0,427.0,0.47,21539.0,463.0,376.0
SADBL,7/24/2026,424.0,431.0,422.1,426.3,0.54,48901.0,463.0,376.0
SADBL,7/27/2026,422.1,428.9,417.1,417.6,-1.07,29119.0,463.0,376.0
SADBL,7/28/2026,417.0,420.0,414.3,416.1,-0.22,13423.0,463.0,376.0
SADBL,7/29/2026,416.5,421.0,415.0,418.0,0.36,13565.0,463.0,376.0
SADBL,7/30/2026,415.0,419.0,413.3,413.6,-0.34,17721.0,463.0,376.0
SADBL,7/31/2026,415.0,419.5,410.0,417.5,0.6,40797.0,463.0,376.0
SADBL,8/3/2026,420.9,424.9,416.0,416.0,-1.16,28169.0,463.0,376.0
SADBL,8/4/2026,423.0,423.0,413.5,413.8,-2.17,30192.0,463.0,376.0
SADBL,8/5/2026,413.8,417.6,410.1,411.0,-0.68,9807.0,463.0,376.0
SADBL,8/6/2026,411.0,415.0,409.0,409.0,-0.49,20287.0,463.0,376.0
SADBL,8/7/2026,411.0,411.0,408.4,408.4,-0.63,3960.0,463.0,376.0
SADBL,8/10/2026,408.0,412.0,405.3,408.0,0.0,15687.0,463.0,376.0
SADBL,8/11/2026,415.0,415.0,405.1,410.0,-1.2,19081.0,463.0,376.0
SADBL,8/12/2026,413.0,413.0,404.3,409.9,-0.75,25395.0,463.0,376.0
SADBL,8/13/2026,408.0,419.5,407.0,413.5,1.35,13051.0,463.0,376.0
SADBL,8/14/2026,415.0,415.0,410.2,413.5,-0.36,6438.0,463.0,376.0
SADBL,8/17/2026,408.1,411.8,403.4,410.9,0.69,9857.0,463.0,376.0
SADBL,8/18/2026,410.9,416.8,402.0,404.0,-1.68,38397.0,463.0,376.0
SADBL,8/19/2026,400.3,407.0,400.0,404.0,0.92,10013.0,463.0,376.0
SADBL,8/20/2026,405.0,405.1,403.0,405.0,0.0,11179.0,463.0,376.0
SADBL,8/21/2026,410.0,410.0,402.5,408.0,-0.49,10127.0,463.0,376.0
SADBL,8/24/2026,414.9,414.9,403.2,409.0,-1.42,9326.0,463.0,376.0
SADBL,8/25/2026,408.0,412.0,404.1,407.0,-0.25,10233.0,463.0,376.0
SADBL,8/26/2026,404.1,405.0,400.0,404.0,-0.02,48471.0,463.0,376.0
SADBL,8/27/2026,400.0,409.0,398.5,405.0,1.25,4270.0,463.0,376.0
SADBL,8/31/2026,405.0,414.0,400.6,403.7,-0.32,13115.0,463.0,376.0
SADBL,9/1/2026,404.0,410.0,403.1,405.0,0.25,15889.0,463.0,376.0
SADBL,9/2/2026,411.0,415.0,402.6,406.0,-1.22,18209.0,463.0,376.0
SADBL,9/3/2026,406.0,410.0,402.5,406.5,0.12,11628.0,463.0,376.0
SADBL,9/7/2026,400.0,414.9,400.0,410.4,2.6,7784.0,463.0,376.0
SADBL,9/9/2026,395.0,416.0,395.0,409.0,3.54,8412.0,463.0,376.0
SADBL,9/10/2026,400.3,409.9,400.3,407.9,1.9,4518.0,463.0,376.0
SADBL,9/11/2026,407.0,411.0,401.4,411.0,0.98,15136.0,463.0,376.0
SADBL,9/14/2026,414.5,415.9,411.0,412.0,-0.6,16077.0,463.0,376.0
SADBL,9/15/2026,432.0,432.0,413.0,418.7,-3.08,48862.0,463.0,376.0
SADBL,9/16/2026,415.0,420.0,415.0,417.6,0.63,19994.0,463.0,376.0
SADBL,9/17/2026,417.6,422.8,417.4,420.9,0.79,37707.0,463.0,376.0
SADBL,9/18/2026,420.0,423.0,410.0,420.6,0.14,32577.0,463.0,376.0
SADBL,9/22/2026,424.0,432.0,423.1,429.0,1.18,61420.0,463.0,376.0
SADBL,9/23/2026,429.0,436.0,428.0,428.0,-0.23,371863.0,463.0,376.0
SADBL,9/24/2026,411.5,413.0,400.0,404.5,-1.7,41043.0,463.0,376.0
SADBL,9/28/2026,404.5,404.9,396.0,396.0,-2.1,33181.0,463.0,376.0
SADBL,9/29/2026,395.1,399.9,392.0,0.0,-100.0,10871.0,463.0,376.0
SADBL,9/30/2026,392.0,400.0,391.0,391.7,-0.08,29318.0,463.0,376.0
SADBL,10/1/2026,391.2,393.9,390.3,393.9,0.69,23871.0,463.0,376.0
SADBL,10/2/2026,400.0,400.9,391.0,395.0,-1.25,67818.0,463.0,376.0
SADBLP,4/21/2026,233.0,233.0,233.0,233.0,0.0,33132.0,234.0,197.0
SADBLP,4/28/2026,233.0,233.0,233.0,233.0,0.0,16635.0,234.0,197.0
SADBLP,7/10/2026,220.0,220.0,220.0,220.0,0.0,149638.0,234.0,197.0
SADBLP,7/31/2026,220.0,220.0,220.0,220.0,0.0,13212.0,234.0,197.0
SAEF2,8/6/2026,10.0,10.0,9.4,9.5,-5.0,26800.0,10.0,8.76
SAEF2,8/7/2026,9.4,9.5,9.13,9.5,1.06,12800.0,10.0,8.76
SAEF2,8/10/2026,9.22,9.4,9.15,9.26,0.43,7350.0,10.0,8.76
SAEF2,8/11/2026,9.1,9.11,9.0,9.07,-0.33,11415.0,10.0,8.76
SAEF2,8/12/2026,9.0,9.34,8.9,9.08,0.89,8590.0,10.0,8.76
SAEF2,8/13/2026,9.0,9.4,8.76,9.02,0.22,8395.0,10.0,8.76
SAEF2,8/14/2026,9.0,9.78,9.0,9.13,1.44,8200.0,10.0,8.76
SAEF2,8/17/2026,9.1,9.4,8.92,9.09,-0.11,6120.0,10.0,8.76
SAEF2,8/18/2026,8.9,9.25,8.9,9.07,1.91,6430.0,10.0,8.76
SAEF2,8/19/2026,9.0,9.27,9.0,9.03,0.33,6370.0,10.0,8.76
SAEF2,8/20/2026,9.02,9.08,9.02,9.04,0.22,3950.0,10.0,8.76
SAEF2,8/21/2026,9.01,9.02,9.0,9.01,0.0,5300.0,10.0,8.76
SAEF2,8/24/2026,9.0,9.1,9.0,9.06,0.67,4500.0,10.0,8.76
SAEF2,8/25/2026,9.01,9.3,9.01,9.04,0.33,8210.0,10.0,8.76
SAEF2,8/26/2026,9.04,9.1,9.02,9.05,0.11,2600.0,10.0,8.76
SAEF2,8/27/2026,8.93,9.2,8.93,9.05,1.34,5400.0,10.0,8.76
SAEF2,8/31/2026,8.87,9.05,8.8,9.0,1.47,4700.0,10.0,8.76
SAEF2,9/1/2026,8.8,9.05,8.8,9.0,2.27,4925.0,10.0,8.76
SAEF2,9/2/2026,9.0,9.2,8.97,8.99,-0.11,3300.0,10.0,8.76
SAEF2,9/3/2026,8.97,9.1,8.97,9.03,0.67,3300.0,10.0,8.76
SAEF2,9/7/2026,9.03,9.1,8.99,9.0,-0.33,11000.0,10.0,8.76
SAEF2,9/9/2026,9.0,9.2,8.97,9.0,0.0,10100.0,10.0,8.76
SAEF2,9/10/2026,8.97,9.22,8.97,9.0,0.33,7850.0,10.0,8.76
SAEF2,9/11/2026,8.97,9.23,8.97,9.0,0.33,5550.0,10.0,8.76
SAEF2,9/14/2026,8.97,9.0,8.97,9.0,0.33,3700.0,10.0,8.76
SAEF2,9/15/2026,9.0,9.2,9.0,9.05,0.56,4600.0,10.0,8.76
SAEF2,9/16/2026,8.97,9.05,8.97,9.0,0.33,3500.0,10.0,8.76
SAEF2,9/17/2026,9.01,9.28,9.01,9.1,1.0,8700.0,10.0,8.76
SAEF2,9/18/2026,8.97,9.54,8.97,9.26,3.23,14550.0,10.0,8.76
SAEF2,9/22/2026,8.99,9.28,8.8,9.04,0.56,8450.0,10.0,8.76
SAEF2,9/23/2026,9.0,9.1,8.99,9.06,0.67,4450.0,10.0,8.76
SAEF2,9/24/2026,8.97,9.1,8.97,9.06,1.0,2800.0,10.0,8.76
SAEF2,9/28/2026,9.0,9.06,9.0,9.02,0.22,6400.0,10.0,8.76
SAEF2,9/29/2026,9.02,9.28,9.01,0.0,-100.0,4550.0,10.0,8.76
SAEF2,9/30/2026,8.98,9.04,8.98,9.04,0.67,2900.0,10.0,8.76
SAEF2,10/1/2026,9.0,9.19,9.0,9.02,0.22,5700.0,10.0,8.76
SAEF2,10/2/2026,9.02,9.1,9.02,9.1,0.89,2900.0,10.0,8.76
SAGAR,12/21/2025,1720.3,1740.0,1670.0,1680.2,,48656.0,2439.0,319.5
SAGAR,12/22/2025,1666.0,1679.9,1652.1,1676.1,-0.24,33929.0,2439.0,319.5
SAGAR,12/23/2025,1654.0,1754.8,1653.4,1720.0,2.62,49483.0,2439.0,319.5
SAGAR,12/24/2025,1690.0,1744.2,1685.0,1690.1,-1.74,17378.0,2439.0,319.5
SAGAR,12/28/2025,1690.0,1710.0,1670.0,1687.0,-0.18,28702.0,2439.0,319.5
SAGAR,12/29/2025,1697.0,1700.0,1672.0,1678.9,-0.48,29857.0,2439.0,319.5
SAGAR,12/31/2025,1680.0,1725.0,1676.6,1678.0,-0.05,31924.0,2439.0,319.5
SAGAR,1/1/2026,1650.5,1725.0,1650.5,1699.9,1.31,61283.0,2439.0,319.5
SAGAR,1/4/2026,1666.0,1849.0,1666.0,1833.0,7.83,105590.0,2439.0,319.5
SAGAR,1/5/2026,1833.0,2016.3,1833.0,2016.3,10.0,81032.0,2439.0,319.5
SAGAR,1/6/2026,2020.0,2060.0,1931.7,1932.0,-4.18,93360.0,2439.0,319.5
SAGAR,1/7/2026,1932.0,2009.0,1915.0,1969.0,1.92,79760.0,2439.0,319.5
SAGAR,1/8/2026,1955.0,2038.8,1955.0,1980.0,0.56,75232.0,2439.0,319.5
SAGAR,1/12/2026,1980.0,2047.0,1980.0,2001.0,1.06,92460.0,2439.0,319.5
SAGAR,1/13/2026,2010.0,2020.0,1960.0,1966.0,-1.75,75443.0,2439.0,319.5
SAGAR,1/14/2026,1960.0,2019.6,1960.0,2005.0,1.98,54968.0,2439.0,319.5
SAGAR,1/18/2026,2039.0,2205.5,2020.0,2205.5,10.0,115153.0,2439.0,319.5
SAGAR,1/20/2026,2249.6,2320.0,2191.5,2235.0,1.34,56353.0,2439.0,319.5
SAGAR,1/21/2026,2245.0,2268.9,2171.0,2190.0,-2.01,45786.0,2439.0,319.5
SAGAR,1/22/2026,2180.0,2299.9,2168.2,2298.0,4.93,62021.0,2439.0,319.5
SAGAR,1/25/2026,2343.9,2439.0,2280.0,2360.0,2.7,76416.0,2439.0,319.5
SAGAR,1/26/2026,2349.9,2395.0,2286.0,2354.0,-0.25,77305.0,2439.0,319.5
SAGAR,1/27/2026,2360.0,2400.0,2240.0,2300.0,-2.29,77794.0,2439.0,319.5
SAGAR,1/28/2026,2300.0,2376.0,2230.0,2265.0,-1.52,64783.0,2439.0,319.5
SAGAR,1/29/2026,2299.0,2299.0,2103.0,2130.0,-5.96,37182.0,2439.0,319.5
SAGAR,2/1/2026,2172.6,2172.6,2070.0,2085.0,-2.11,37451.0,2439.0,319.5
SAGAR,2/2/2026,2085.0,2293.0,2077.0,2203.0,5.66,49340.0,2439.0,319.5
SAGAR,2/3/2026,2200.0,2230.0,2100.0,2150.0,-2.41,33154.0,2439.0,319.5
SAGAR,2/4/2026,2150.0,2187.9,2090.1,2120.0,-1.4,22917.0,2439.0,319.5
SAGAR,2/5/2026,2120.0,2178.0,2083.0,2160.0,1.89,22769.0,2439.0,319.5
SAGAR,2/8/2026,2200.0,2200.0,2080.0,2080.0,-3.7,24335.0,2439.0,319.5
SAGAR,2/9/2026,2119.0,2119.0,2011.0,2052.0,-1.35,34884.0,2439.0,319.5
SAGAR,2/10/2026,2093.0,2093.0,2010.1,2066.0,0.68,14697.0,2439.0,319.5
SAGAR,2/11/2026,2025.0,2100.0,1995.0,2014.0,-2.52,21960.0,2439.0,319.5
SAGAR,2/12/2026,2054.0,2054.0,1950.0,1965.0,-2.43,16658.0,2439.0,319.5
SAGAR,2/16/2026,2004.3,2135.0,1966.1,2013.0,2.44,24781.0,2439.0,319.5
SAGAR,2/17/2026,2053.0,2062.0,1961.0,1975.0,-1.89,20949.0,2439.0,319.5
SAGAR,2/22/2026,1975.0,1975.0,1851.0,1852.0,-6.23,26386.0,2439.0,319.5
SAGAR,2/23/2026,1852.0,1888.0,1810.0,1819.9,-1.73,14267.0,2439.0,319.5
SAGAR,2/24/2026,1819.0,1983.0,1809.0,1983.0,8.96,28190.0,2439.0,319.5
SAGAR,2/25/2026,2000.0,2040.0,1983.0,2008.0,1.26,22170.0,2439.0,319.5
SAGAR,2/26/2026,1980.0,2019.0,1929.8,1985.0,-1.15,13243.0,2439.0,319.5
SAGAR,2/27/2026,1980.0,2019.0,1929.8,1985.0,0.0,13243.0,2439.0,319.5
SAGAR,2/28/2026,1980.0,2019.0,1929.8,1985.0,0.0,13243.0,2439.0,319.5
SAGAR,3/2/2026,1950.0,2020.0,1913.0,2000.0,0.76,18573.0,2439.0,319.5
SAGAR,3/3/2026,2040.0,2040.0,1962.0,2009.0,0.45,21402.0,2439.0,319.5
SAGAR,3/4/2026,2040.0,2040.0,1962.0,2009.0,0.0,21402.0,2439.0,319.5
SAGAR,3/5/2026,2040.0,2040.0,1962.0,2009.0,0.0,21402.0,2439.0,319.5
SAGAR,3/6/2026,2040.0,2040.0,1962.0,2009.0,0.0,21402.0,2439.0,319.5
SAGAR,3/7/2026,2040.0,2040.0,1962.0,2009.0,0.0,21402.0,2439.0,319.5
SAGAR,3/8/2026,2040.0,2040.0,1962.0,2009.0,0.0,21402.0,2439.0,319.5
SAGAR,3/9/2026,2049.1,2172.0,2049.1,2172.0,8.11,1120.0,2439.0,319.5
SAGAR,3/10/2026,2180.0,2180.0,2040.0,2059.0,-5.2,49300.0,2439.0,319.5
SAGAR,3/11/2026,2026.0,2074.2,1985.0,1988.0,-3.45,25513.0,2439.0,319.5
SAGAR,3/12/2026,2027.7,2050.0,1950.0,1965.0,-1.16,42768.0,2439.0,319.5
SAGAR,3/13/2026,2027.7,2050.0,1950.0,1965.0,0.0,42768.0,2439.0,319.5
SAGAR,3/14/2026,2027.7,2050.0,1950.0,1965.0,0.0,42768.0,2439.0,319.5
SAGAR,3/15/2026,1965.2,1980.1,1900.0,1925.0,-2.04,35305.0,2439.0,319.5
SAGAR,3/16/2026,1910.0,1960.0,1910.0,1955.0,1.56,14950.0,2439.0,319.5
SAGAR,3/17/2026,1985.0,1985.0,1901.9,1920.0,-1.79,20229.0,2439.0,319.5
SAGAR,3/18/2026,1985.0,1985.0,1901.9,1920.0,0.0,20229.0,2439.0,319.5
SAGAR,3/19/2026,1925.0,1949.0,1915.3,1934.0,0.73,23738.0,2439.0,319.5
SAGAR,3/20/2026,1925.0,1949.0,1915.3,1934.0,0.0,23738.0,2439.0,319.5
SAGAR,3/21/2026,1925.0,1949.0,1915.3,1934.0,0.0,23738.0,2439.0,319.5
SAGAR,3/22/2026,1964.9,1966.0,1932.0,1947.0,0.67,18028.0,2439.0,319.5
SAGAR,3/23/2026,1935.0,2000.0,1935.0,2000.0,2.72,27692.0,2439.0,319.5
SAGAR,3/24/2026,1990.0,1999.0,1966.0,1998.0,-0.1,15311.0,2439.0,319.5
SAGAR,3/25/2026,2004.0,2099.0,1983.2,2043.0,2.25,48300.0,2439.0,319.5
SAGAR,3/26/2026,2043.0,2090.9,2011.0,2055.0,0.59,37964.0,2439.0,319.5
SAGAR,3/29/2026,2013.9,2064.0,1967.4,1967.4,-2.31,22326.0,2439.0,319.5
SAGAR,3/30/2026,1968.0,1990.0,1942.0,1950.0,-0.91,20006.0,2439.0,319.5
SAGAR,3/31/2026,1950.0,1958.0,1911.1,1941.9,-0.42,15842.0,2439.0,319.5
SAGAR,4/1/2026,1910.3,1939.0,1860.1,1876.0,-1.8,10317.0,2439.0,319.5
SAGAR,4/2/2026,1850.0,1947.0,1839.0,1902.0,2.81,16159.0,2439.0,319.5
SAGAR,4/5/2026,1864.0,1864.0,1712.1,1729.0,-7.24,32297.0,2439.0,319.5
SAGAR,4/6/2026,1729.0,1832.0,1723.0,1820.0,5.26,15403.0,2439.0,319.5
SAGAR,4/7/2026,1820.1,1853.0,1800.0,1810.0,-0.55,22486.0,2439.0,319.5
SAGAR,4/8/2026,1835.0,1989.0,1804.9,1925.0,4.9,37853.0,2439.0,319.5
SAGAR,4/9/2026,1920.0,1980.0,1900.0,1949.0,1.51,25393.0,2439.0,319.5
SAGAR,4/10/2026,1916.0,1990.0,1915.0,1929.9,0.73,27171.0,2439.0,319.5
SAGAR,4/13/2026,1920.0,1944.0,1900.0,1922.0,0.1,13507.0,2439.0,319.5
SAGAR,4/15/2026,1923.0,1940.0,1892.1,1918.0,-0.26,15617.0,2439.0,319.5
SAGAR,4/16/2026,1905.0,1908.0,1870.0,1880.0,-1.31,12949.0,2439.0,319.5
SAGAR,4/17/2026,1897.8,1897.8,1809.2,1865.0,-1.73,16588.0,2439.0,319.5
SAGAR,4/20/2026,1849.0,1869.0,1792.0,1819.0,-1.62,11644.0,2439.0,319.5
SAGAR,4/21/2026,1802.0,1843.0,1751.0,1759.0,-2.39,21532.0,2439.0,319.5
SAGAR,4/22/2026,1755.0,1800.0,1710.0,1780.0,1.42,18045.0,2439.0,319.5
SAGAR,4/23/2026,1780.0,1798.0,1750.0,1760.0,-1.12,9657.0,2439.0,319.5
SAGAR,4/24/2026,1727.0,1820.0,1714.0,1807.0,4.63,22611.0,2439.0,319.5
SAGAR,4/27/2026,1807.0,1861.0,1796.1,1809.0,0.11,12466.0,2439.0,319.5
SAGAR,4/28/2026,1809.0,1811.0,1760.0,1780.0,-1.6,10572.0,2439.0,319.5
SAGAR,4/29/2026,1780.0,1777.0,1727.0,1735.0,-2.53,6969.0,2439.0,319.5
SAGAR,4/30/2026,1700.0,1775.0,1684.0,1770.9,4.17,18123.0,2439.0,319.5
SAGAR,5/4/2026,1733.0,1745.0,1675.0,1675.0,-3.35,10353.0,2439.0,319.5
SAGAR,5/5/2026,1655.0,1720.0,1655.0,1694.0,2.36,11577.0,2439.0,319.5
SAGAR,5/6/2026,1694.0,1710.0,1660.0,1670.0,-1.42,6790.0,2439.0,319.5
SAGAR,5/7/2026,1670.0,1700.0,1662.1,1697.0,1.62,10018.0,2439.0,319.5
SAGAR,5/8/2026,1670.0,1732.0,1670.0,1729.0,3.53,8352.0,2439.0,319.5
SAGAR,5/11/2026,1763.0,1763.0,1716.0,1725.0,-2.16,6949.0,2439.0,319.5
SAGAR,5/12/2026,1725.0,1750.0,1680.0,1689.9,-2.03,17286.0,2439.0,319.5
SAGAR,5/13/2026,1690.0,1691.0,1665.0,1678.0,-0.71,7326.0,2439.0,319.5
SAGAR,5/14/2026,1685.0,1686.0,1650.0,1679.7,-0.31,6667.0,2439.0,319.5
SAGAR,5/15/2026,1685.0,1700.0,1661.2,1665.0,-1.19,4867.0,2439.0,319.5
SAGAR,5/18/2026,1688.0,1688.0,1656.2,1667.0,-1.24,3563.0,2439.0,319.5
SAGAR,5/19/2026,1656.0,1675.0,1650.0,1668.0,0.72,11700.0,2439.0,319.5
SAGAR,5/20/2026,1672.0,1744.2,1655.0,1733.0,3.65,9539.0,2439.0,319.5
SAGAR,5/21/2026,1760.0,1760.0,1664.0,1675.0,-4.83,9578.0,2439.0,319.5
SAGAR,5/22/2026,1670.0,1720.0,1670.0,1717.0,2.81,11593.0,2439.0,319.5
SAGAR,5/25/2026,1722.0,1757.0,1722.0,1741.0,1.1,6951.0,2439.0,319.5
SAGAR,5/26/2026,1740.0,1740.0,1714.0,1720.1,-1.14,7836.0,2439.0,319.5
SAGAR,5/27/2026,1720.0,1725.0,1700.0,1702.1,-1.04,9335.0,2439.0,319.5
SAGAR,6/1/2026,1700.0,1719.9,1675.1,1678.1,-1.29,6467.0,2439.0,319.5
SAGAR,6/2/2026,1650.0,1714.0,1650.0,1700.0,3.03,8829.0,2439.0,319.5
SAGAR,6/3/2026,1725.0,1725.0,1691.2,1697.0,-1.62,7147.0,2439.0,319.5
SAGAR,6/4/2026,1697.0,1715.0,1675.0,1689.0,-0.47,7274.0,2439.0,319.5
SAGAR,6/5/2026,1670.0,1696.0,1670.0,1672.1,0.13,3190.0,2439.0,319.5
SAGAR,6/8/2026,1660.0,1692.0,1650.0,1656.5,-0.21,5423.0,2439.0,319.5
SAGAR,6/9/2026,1675.5,1689.0,1640.0,1670.0,-0.33,9883.0,2439.0,319.5
SAGAR,6/10/2026,1672.0,1699.0,1660.0,1669.0,-0.18,3642.0,2439.0,319.5
SAGAR,6/11/2026,1669.1,1694.0,1661.0,1665.0,-0.25,2997.0,2439.0,319.5
SAGAR,6/12/2026,1678.0,1680.0,1651.0,1659.9,-1.08,10081.0,2439.0,319.5
SAGAR,6/15/2026,1656.0,1710.0,1656.0,1694.0,2.29,8069.0,2439.0,319.5
SAGAR,6/16/2026,1678.3,1705.0,1678.3,1687.0,0.52,2706.0,2439.0,319.5
SAGAR,6/17/2026,1603.0,1700.0,1603.0,1689.0,5.36,1938.0,2439.0,319.5
SAGAR,6/18/2026,1700.0,1700.0,1660.1,1666.0,-2.0,2941.0,2439.0,319.5
SAGAR,6/19/2026,1665.0,1666.0,1650.0,1660.0,-0.3,3819.0,2439.0,319.5
SAGAR,6/22/2026,1650.0,1682.9,1648.0,1650.0,0.0,5887.0,2439.0,319.5
SAGAR,6/23/2026,1625.0,1648.0,1575.0,1575.0,-3.08,10512.0,2439.0,319.5
SAGAR,6/24/2026,1580.0,1596.0,1504.0,1593.0,0.82,17989.0,2439.0,319.5
SAGAR,6/26/2026,1517.0,1578.0,1517.0,1570.0,3.49,8412.0,2439.0,319.5
SAGAR,6/29/2026,1550.0,1570.0,1530.3,1533.4,-1.07,2527.0,2439.0,319.5
SAGAR,6/30/2026,1480.0,1529.0,1479.0,1526.0,3.11,3551.0,2439.0,319.5
SAGAR,7/1/2026,1490.0,1589.9,1490.0,1589.9,6.7,4757.0,2439.0,319.5
SAGAR,7/2/2026,1587.1,1587.1,1529.5,1541.1,-2.9,1813.0,2439.0,319.5
SAGAR,7/3/2026,1540.0,1599.8,1540.0,1599.8,3.88,7327.0,2439.0,319.5
SAGAR,7/6/2026,1599.0,1599.0,1497.0,1535.0,-4.0,3429.0,2439.0,319.5
SAGAR,7/7/2026,1550.0,1589.8,1520.0,1585.0,2.26,10864.0,2439.0,319.5
SAGAR,7/8/2026,1540.1,1589.0,1540.1,1587.0,3.05,6611.0,2439.0,319.5
SAGAR,7/9/2026,1541.0,1586.0,1530.1,1578.0,2.4,4389.0,2439.0,319.5
SAGAR,7/10/2026,1560.0,1578.9,1547.0,1569.7,0.62,3185.0,2439.0,319.5
SAGAR,7/13/2026,1530.0,1569.0,1525.0,1535.0,0.33,4633.0,2439.0,319.5
SAGAR,7/14/2026,1500.0,1550.0,1500.0,1528.0,1.87,5425.0,2439.0,319.5
SAGAR,7/15/2026,1505.0,1630.0,1505.0,1620.0,7.64,21862.0,2439.0,319.5
SAGAR,7/16/2026,1570.0,1660.0,1570.0,1618.0,3.06,14532.0,2439.0,319.5
SAGAR,7/17/2026,1590.0,1719.9,1590.0,1719.9,8.17,19486.0,2439.0,319.5
SAGAR,7/20/2026,1719.9,1780.3,1690.1,1780.3,3.51,13838.0,2439.0,319.5
SAGAR,7/21/2026,1726.9,1814.0,1726.0,1768.1,2.39,20809.0,2439.0,319.5
SAGAR,7/22/2026,1720.0,1800.0,1720.0,1795.0,4.36,23162.0,2439.0,319.5
SAGAR,7/23/2026,1750.0,1850.0,1750.0,1820.0,4.0,29234.0,2439.0,319.5
SAGAR,7/24/2026,1800.0,1842.0,1787.0,1792.0,-0.44,24706.0,2439.0,319.5
SAGAR,7/27/2026,1750.0,1800.0,1725.5,1743.0,-0.4,15108.0,2439.0,319.5
SAGAR,7/28/2026,1740.0,1764.9,1685.5,1755.0,0.86,23845.0,2439.0,319.5
SAGAR,7/29/2026,1720.0,1759.0,1713.0,1724.0,0.23,4608.0,2439.0,319.5
SAGAR,7/30/2026,1715.0,1740.0,1690.0,1704.0,-0.64,8271.0,2439.0,319.5
SAGAR,7/31/2026,1682.0,1723.8,1682.0,1710.0,1.66,10413.0,2439.0,319.5
SAGAR,8/3/2026,1700.0,1791.0,1700.0,1779.9,4.7,25363.0,2439.0,319.5
SAGAR,8/4/2026,1780.0,1780.0,1733.6,1752.6,-1.54,11671.0,2439.0,319.5
SAGAR,8/5/2026,1760.0,1780.0,1740.0,1740.0,-1.14,7443.0,2439.0,319.5
SAGAR,8/6/2026,1750.0,1780.0,1726.2,1750.0,0.0,11449.0,2439.0,319.5
SAGAR,8/7/2026,1725.0,1765.0,1705.0,1750.0,1.45,4058.0,2439.0,319.5
SAGAR,8/10/2026,1720.0,1730.0,1708.0,1730.0,0.58,5294.0,2439.0,319.5
SAGAR,8/11/2026,1700.0,1735.0,1670.1,1700.0,0.0,10002.0,2439.0,319.5
SAGAR,8/12/2026,1700.0,1725.0,1650.0,1680.0,-1.18,7720.0,2439.0,319.5
SAGAR,8/13/2026,1596.0,1700.0,1596.0,1700.0,6.52,6433.0,2439.0,319.5
SAGAR,8/14/2026,1662.0,1690.0,1635.4,1653.0,-0.54,8483.0,2439.0,319.5
SAGAR,8/17/2026,1653.0,1653.0,1609.0,1610.0,-2.6,9038.0,2439.0,319.5
SAGAR,8/18/2026,1600.1,1610.0,1565.2,1570.0,-1.88,13175.0,2439.0,319.5
SAGAR,8/19/2026,1491.5,1599.5,1491.5,1580.0,5.93,3732.0,2439.0,319.5
SAGAR,8/20/2026,1580.1,1580.1,1540.0,1568.1,-0.76,4434.0,2439.0,319.5
SAGAR,8/21/2026,1568.0,1589.0,1550.0,1557.0,-0.7,3512.0,2439.0,319.5
SAGAR,8/24/2026,1540.0,1585.0,1537.3,1540.0,0.0,2203.0,2439.0,319.5
SAGAR,8/25/2026,1515.0,1550.0,1515.0,1549.9,2.3,3876.0,2439.0,319.5
SAGAR,8/26/2026,1515.0,1550.0,1494.0,1497.0,-1.19,11396.0,2439.0,319.5
SAGAR,8/27/2026,1485.0,1536.7,1454.0,1522.0,2.49,3430.0,2439.0,319.5
SAGAR,8/31/2026,1501.0,1505.0,1476.0,1476.0,-1.67,6205.0,2439.0,319.5
SAGAR,9/1/2026,1480.0,1517.1,1451.0,1500.0,1.35,5622.0,2439.0,319.5
SAGAR,9/2/2026,1491.0,1520.0,1466.2,1520.0,1.95,3034.0,2439.0,319.5
SAGAR,9/3/2026,1550.0,1550.0,1500.0,1500.0,-3.23,3864.0,2439.0,319.5
SAGAR,9/7/2026,1500.0,1593.0,1500.0,1593.0,6.2,13464.0,2439.0,319.5
SAGAR,9/9/2026,1593.0,1593.0,1553.0,1559.0,-2.13,5169.0,2439.0,319.5
SAGAR,9/10/2026,1481.1,1600.0,1481.1,1538.0,3.84,5579.0,2439.0,319.5
SAGAR,9/11/2026,1520.0,1558.9,1518.0,1558.9,2.56,2791.0,2439.0,319.5
SAGAR,9/14/2026,1599.0,1599.0,1545.0,1550.0,-3.06,4398.0,2439.0,319.5
SAGAR,9/15/2026,1625.0,1628.0,1556.0,1622.0,-0.18,13195.0,2439.0,319.5
SAGAR,9/16/2026,1700.0,1700.0,1560.1,1590.0,-6.47,5898.0,2439.0,319.5
SAGAR,9/17/2026,1610.0,1610.0,1565.1,1590.0,-1.24,3971.0,2439.0,319.5
SAGAR,9/18/2026,1560.1,1637.7,1560.1,1633.9,4.73,12115.0,2439.0,319.5
SAGAR,9/22/2026,1590.0,1662.0,1590.0,1647.0,3.58,6267.0,2439.0,319.5
SAGAR,9/23/2026,1608.2,1619.5,1577.0,1590.0,-1.13,8237.0,2439.0,319.5
SAGAR,9/24/2026,1565.1,1615.0,1565.1,1608.0,2.74,6310.0,2439.0,319.5
SAGAR,9/28/2026,1595.0,1650.0,1582.7,1599.0,0.25,7738.0,2439.0,319.5
SAGAR,9/29/2026,1600.0,1610.0,1578.0,0.0,-100.0,2192.0,2439.0,319.5
SAGAR,9/30/2026,1569.1,1608.5,1569.1,1578.0,0.57,9802.0,2439.0,319.5
SAGAR,10/1/2026,1577.0,1605.0,1566.0,1590.0,0.82,2202.0,2439.0,319.5
SAGAR,10/2/2026,1550.0,1618.0,1550.0,1572.1,1.43,1925.0,2439.0,319.5
SAGF,1/26/2026,9.81,10.19,9.07,9.72,,37720.0,11.31,8.79
SAGF,1/27/2026,9.53,10.1,9.53,10.1,3.91,3950.0,11.31,8.79
SAGF,1/28/2026,9.9,10.29,9.71,10.29,1.88,10600.0,11.31,8.79
SAGF,1/29/2026,10.49,11.31,10.49,10.5,2.04,63300.0,11.31,8.79
SAGF,2/1/2026,10.29,10.29,9.76,10.0,-4.76,9400.0,11.31,8.79
SAGF,2/2/2026,9.82,10.0,9.82,10.0,0.0,8600.0,11.31,8.79
SAGF,2/3/2026,9.81,10.0,9.81,9.82,-1.8,1200.0,11.31,8.79
SAGF,2/4/2026,9.65,9.84,9.65,9.82,0.0,39102.0,11.31,8.79
SAGF,2/5/2026,10.01,10.05,9.85,9.85,0.31,17100.0,11.31,8.79
SAGF,2/8/2026,9.85,9.85,9.75,9.85,0.0,1610.0,11.31,8.79
SAGF,2/9/2026,9.7,9.8,9.7,9.71,-1.42,5500.0,11.31,8.79
SAGF,2/10/2026,9.71,9.9,9.71,9.75,0.41,2800.0,11.31,8.79
SAGF,2/11/2026,9.75,10.04,9.75,9.87,1.23,43000.0,11.31,8.79
SAGF,2/12/2026,9.81,9.87,9.81,9.87,0.0,1150.0,11.31,8.79
SAGF,2/16/2026,9.75,10.2,9.75,9.99,1.22,29900.0,11.31,8.79
SAGF,2/17/2026,9.81,10.15,9.81,9.87,-1.2,1850.0,11.31,8.79
SAGF,2/22/2026,9.72,10.06,9.72,10.06,1.93,11598.0,11.31,8.79
SAGF,2/23/2026,9.86,10.05,9.8,9.9,-1.59,1100.0,11.31,8.79
SAGF,2/24/2026,10.09,10.1,9.9,9.9,0.0,12100.0,11.31,8.79
SAGF,2/25/2026,9.71,10.09,9.71,10.09,1.92,3100.0,11.31,8.79
SAGF,2/26/2026,10.0,10.0,9.9,9.9,-1.88,2100.0,11.31,8.79
SAGF,2/27/2026,10.0,10.0,9.9,9.9,0.0,2100.0,11.31,8.79
SAGF,2/28/2026,10.0,10.0,9.9,9.9,0.0,2100.0,11.31,8.79
SAGF,3/2/2026,9.8,10.05,9.8,9.9,0.0,3300.0,11.31,8.79
SAGF,3/3/2026,9.71,9.9,9.71,9.9,0.0,500.0,11.31,8.79
SAGF,3/4/2026,9.71,9.9,9.71,9.9,0.0,500.0,11.31,8.79
SAGF,3/5/2026,9.71,9.9,9.71,9.9,0.0,500.0,11.31,8.79
SAGF,3/6/2026,9.71,9.9,9.71,9.9,0.0,500.0,11.31,8.79
SAGF,3/7/2026,9.71,9.9,9.71,9.9,0.0,500.0,11.31,8.79
SAGF,3/8/2026,9.71,9.9,9.71,9.9,0.0,500.0,11.31,8.79
SAGF,3/10/2026,10.09,10.24,10.03,10.05,1.52,6038.0,11.31,8.79
SAGF,3/11/2026,9.85,10.25,9.85,10.06,0.1,4450.0,11.31,8.79
SAGF,3/12/2026,10.0,10.2,9.92,10.2,1.39,2950.0,11.31,8.79
SAGF,3/13/2026,10.0,10.2,9.92,10.2,0.0,2950.0,11.31,8.79
SAGF,3/14/2026,10.0,10.2,9.92,10.2,0.0,2950.0,11.31,8.79
SAGF,3/15/2026,10.0,10.1,10.0,10.0,-1.96,38900.0,11.31,8.79
SAGF,3/16/2026,10.0,10.19,10.0,10.02,0.2,8622.0,11.31,8.79
SAGF,3/17/2026,10.03,10.03,10.02,10.02,0.0,3400.0,11.31,8.79
SAGF,3/18/2026,10.03,10.03,10.02,10.02,0.0,3400.0,11.31,8.79
SAGF,3/19/2026,9.9,10.2,9.9,10.02,0.0,6050.0,11.31,8.79
SAGF,3/20/2026,9.9,10.2,9.9,10.02,0.0,6050.0,11.31,8.79
SAGF,3/21/2026,9.9,10.2,9.9,10.02,0.0,6050.0,11.31,8.79
SAGF,3/22/2026,10.2,10.22,10.0,10.22,2.0,69320.0,11.31,8.79
SAGF,3/23/2026,10.11,10.42,10.11,10.35,1.27,65250.0,11.31,8.79
SAGF,3/24/2026,10.15,10.25,9.95,10.25,-0.97,3400.0,11.31,8.79
SAGF,3/25/2026,10.05,10.16,9.87,10.16,-0.88,1800.0,11.31,8.79
SAGF,3/26/2026,9.96,10.4,9.96,10.4,4.42,24700.0,11.31,8.79
SAGF,3/29/2026,10.2,10.3,10.2,10.2,0.0,1100.0,11.31,8.79
SAGF,3/30/2026,10.05,10.4,10.05,10.25,1.99,5430.0,11.31,8.79
SAGF,3/31/2026,10.15,10.2,10.15,10.2,0.49,24000.0,11.31,8.79
SAGF,4/1/2026,10.12,10.17,10.1,10.1,-0.2,3050.0,11.31,8.79
SAGF,4/2/2026,10.0,10.3,10.0,10.15,1.5,1100.0,11.31,8.79
SAGF,4/5/2026,10.05,10.3,10.05,10.1,0.5,14500.0,11.31,8.79
SAGF,4/6/2026,10.1,10.3,10.1,10.1,0.0,29500.0,11.31,8.79
SAGF,4/7/2026,9.91,10.3,9.91,10.12,2.12,7315.0,11.31,8.79
SAGF,4/8/2026,9.92,10.3,9.83,10.17,2.52,10500.0,11.31,8.79
SAGF,4/9/2026,10.06,10.22,10.06,10.22,1.59,1200.0,11.31,8.79
SAGF,4/10/2026,10.1,10.3,10.1,10.3,1.98,53700.0,11.31,8.79
SAGF,4/13/2026,10.16,10.56,10.16,10.36,1.97,6800.0,11.31,8.79
SAGF,4/15/2026,10.2,10.3,10.17,10.24,0.39,83300.0,11.31,8.79
SAGF,4/16/2026,10.25,10.4,10.2,10.2,-0.49,2300.0,11.31,8.79
SAGF,4/17/2026,10.4,10.4,10.11,10.25,-1.44,3200.0,11.31,8.79
SAGF,4/20/2026,10.02,10.2,10.02,10.2,1.8,1400.0,11.31,8.79
SAGF,4/21/2026,10.2,10.4,10.12,10.18,-0.2,2520.0,11.31,8.79
SAGF,4/22/2026,10.01,10.3,10.01,10.03,0.2,2000.0,11.31,8.79
SAGF,4/23/2026,10.0,10.2,10.0,10.11,1.1,3176.0,11.31,8.79
SAGF,4/24/2026,10.11,10.16,10.12,10.15,0.4,1000.0,11.31,8.79
SAGF,4/27/2026,10.15,10.25,10.02,10.15,0.0,1700.0,11.31,8.79
SAGF,4/28/2026,10.15,10.15,10.1,10.11,-0.39,900.0,11.31,8.79
SAGF,4/29/2026,10.0,10.2,10.0,10.06,0.6,11500.0,11.31,8.79
SAGF,4/30/2026,10.0,10.4,10.0,10.1,1.0,22320.0,11.31,8.79
SAGF,5/4/2026,10.0,10.11,10.0,10.11,1.1,15200.0,11.31,8.79
SAGF,5/5/2026,10.0,10.2,10.0,10.15,1.5,9610.0,11.31,8.79
SAGF,5/6/2026,10.15,10.15,10.0,10.0,-1.48,8550.0,11.31,8.79
SAGF,5/7/2026,9.92,10.15,9.92,10.1,1.81,2200.0,11.31,8.79
SAGF,5/8/2026,9.92,10.15,9.92,10.15,2.32,39500.0,11.31,8.79
SAGF,5/11/2026,10.0,10.45,10.0,10.2,2.0,4700.0,11.31,8.79
SAGF,5/12/2026,10.14,10.22,10.14,10.21,0.69,1600.0,11.31,8.79
SAGF,5/13/2026,10.21,10.51,10.21,10.51,2.94,2800.0,11.31,8.79
SAGF,5/14/2026,10.25,10.25,10.21,10.21,-0.39,3500.0,11.31,8.79
SAGF,5/15/2026,10.21,10.4,10.1,10.4,1.86,4300.0,11.31,8.79
SAGF,5/18/2026,10.1,10.3,10.1,10.3,1.98,2600.0,11.31,8.79
SAGF,5/19/2026,10.1,10.15,10.1,10.15,0.5,2400.0,11.31,8.79
SAGF,5/20/2026,10.14,10.4,10.1,10.4,2.56,2000.0,11.31,8.79
SAGF,5/21/2026,10.2,10.5,10.2,10.2,0.0,12100.0,11.31,8.79
SAGF,5/22/2026,10.15,10.2,10.15,10.2,0.49,1800.0,11.31,8.79
SAGF,5/25/2026,10.15,10.2,10.15,10.2,0.49,1400.0,11.31,8.79
SAGF,5/26/2026,10.25,10.25,10.2,10.2,-0.49,600.0,11.31,8.79
SAGF,5/27/2026,10.2,10.2,10.2,10.2,0.0,3300.0,11.31,8.79
SAGF,6/1/2026,10.0,10.4,10.0,10.15,1.5,2360.0,11.31,8.79
SAGF,6/2/2026,10.15,10.45,10.15,10.15,0.0,2800.0,11.31,8.79
SAGF,6/3/2026,10.1,10.2,10.1,10.2,0.99,1520.0,11.31,8.79
SAGF,6/4/2026,10.5,11.0,10.1,10.11,-3.71,17975.0,11.31,8.79
SAGF,6/5/2026,10.1,10.2,10.1,10.1,0.0,1350.0,11.31,8.79
SAGF,6/8/2026,10.1,10.4,10.1,10.12,0.2,1200.0,11.31,8.79
SAGF,6/9/2026,10.15,10.2,10.1,10.2,0.49,1200.0,11.31,8.79
SAGF,6/10/2026,10.16,10.16,10.12,10.13,-0.3,1600.0,11.31,8.79
SAGF,6/11/2026,10.13,10.2,10.02,10.2,0.69,700.0,11.31,8.79
SAGF,6/12/2026,10.1,10.1,10.08,10.1,0.0,1100.0,11.31,8.79
SAGF,6/15/2026,10.11,10.2,10.11,10.2,0.89,1400.0,11.31,8.79
SAGF,6/16/2026,10.17,10.17,10.17,10.17,0.0,200.0,11.31,8.79
SAGF,6/17/2026,10.1,10.1,10.06,10.1,0.0,300.0,11.31,8.79
SAGF,6/18/2026,10.0,10.2,10.0,10.2,2.0,500.0,11.31,8.79
SAGF,6/19/2026,10.05,10.05,9.9,10.0,-0.5,10675.0,11.31,8.79
SAGF,6/22/2026,10.3,10.6,9.99,10.2,-0.97,6500.0,11.31,8.79
SAGF,6/23/2026,9.95,10.11,9.95,10.11,1.61,5900.0,11.31,8.79
SAGF,6/24/2026,10.1,10.11,10.01,10.01,-0.89,6200.0,11.31,8.79
SAGF,6/26/2026,10.0,10.3,10.0,10.01,0.1,400.0,11.31,8.79
SAGF,6/29/2026,10.0,10.3,10.0,10.0,0.0,12000.0,11.31,8.79
SAGF,6/30/2026,10.05,10.1,10.05,10.07,0.2,1270.0,11.31,8.79
SAGF,7/1/2026,10.05,10.35,10.05,10.2,1.49,1950.0,11.31,8.79
SAGF,7/2/2026,10.2,10.49,10.2,10.49,2.84,2200.0,11.31,8.79
SAGF,7/6/2026,10.18,10.6,10.0,10.29,1.08,8075.0,11.31,8.79
SAGF,7/7/2026,10.2,10.3,10.0,10.2,0.0,3680.0,11.31,8.79
SAGF,7/8/2026,9.95,9.95,9.95,9.95,0.0,300.0,11.31,8.79
SAGF,7/9/2026,10.0,10.25,10.0,10.25,2.5,600.0,11.31,8.79
SAGF,7/10/2026,10.1,10.28,10.1,10.25,1.49,1400.0,11.31,8.79
SAGF,7/13/2026,9.95,9.95,9.95,9.95,0.0,1100.0,11.31,8.79
SAGF,7/14/2026,10.0,10.05,10.0,10.05,0.5,300.0,11.31,8.79
SAGF,7/15/2026,10.0,10.3,10.0,10.3,3.0,5790.0,11.31,8.79
SAGF,7/16/2026,10.01,10.45,10.01,10.45,4.4,300.0,11.31,8.79
SAGF,7/17/2026,10.49,10.49,10.49,10.49,0.0,100.0,11.31,8.79
SAGF,7/22/2026,10.49,10.49,10.0,10.12,-3.53,3790.0,11.31,8.79
SAGF,7/23/2026,10.05,10.2,10.05,10.2,1.49,2440.0,11.31,8.79
SAGF,7/24/2026,10.05,10.1,10.05,10.1,0.5,1250.0,11.31,8.79
SAGF,7/27/2026,10.06,10.06,10.06,10.06,0.0,300.0,11.31,8.79
SAGF,7/28/2026,10.05,10.05,10.05,10.05,0.0,400.0,11.31,8.79
SAGF,7/29/2026,10.05,10.35,10.05,10.35,2.99,700.0,11.31,8.79
SAGF,7/30/2026,10.05,10.1,10.05,10.1,0.5,1400.0,11.31,8.79
SAGF,7/31/2026,10.05,10.05,10.05,10.05,0.0,300.0,11.31,8.79
SAGF,8/3/2026,10.15,10.4,10.15,10.4,2.46,16700.0,11.31,8.79
SAGF,8/4/2026,10.4,10.57,10.39,10.57,1.63,10723.0,11.31,8.79
SAGF,8/7/2026,10.26,10.26,10.26,10.26,0.0,100.0,11.31,8.79
SAGF,8/10/2026,10.11,10.11,10.11,10.11,0.0,200.0,11.31,8.79
SAGF,8/11/2026,10.11,10.11,10.0,10.0,-1.09,400.0,11.31,8.79
SAGF,8/12/2026,10.0,10.3,10.0,10.2,2.0,8600.0,11.31,8.79
SAGF,8/13/2026,10.0,10.1,9.8,9.8,-2.0,800.0,11.31,8.79
SAGF,8/14/2026,9.56,10.0,9.56,10.0,4.6,1200.0,11.31,8.79
SAGF,8/17/2026,9.9,9.92,9.9,9.92,0.2,200.0,11.31,8.79
SAGF,8/18/2026,9.92,10.0,9.92,9.92,0.0,9500.0,11.31,8.79
SAGF,8/19/2026,10.0,10.0,9.98,9.98,-0.2,10100.0,11.31,8.79
SAGF,8/20/2026,9.99,9.99,9.99,9.99,0.0,100.0,11.31,8.79
SAGF,8/21/2026,9.99,9.99,9.99,9.99,0.0,100.0,11.31,8.79
SAGF,8/24/2026,9.95,10.0,9.72,10.0,0.5,31600.0,11.31,8.79
SAGF,8/25/2026,10.0,10.1,9.81,10.1,1.0,24696.0,11.31,8.79
SAGF,8/27/2026,9.81,9.86,9.81,9.85,0.41,10250.0,11.31,8.79
SAGF,8/31/2026,9.85,10.0,9.6,9.75,-1.02,176364.0,11.31,8.79
SAGF,9/1/2026,9.75,10.0,9.71,9.77,0.21,26300.0,11.31,8.79
SAGF,9/2/2026,10.0,10.0,10.0,10.0,0.0,1100.0,11.31,8.79
SAGF,9/3/2026,9.9,9.9,9.63,9.63,-2.73,5200.0,11.31,8.79
SAGF,9/7/2026,9.5,9.5,9.33,9.33,-1.79,700.0,11.31,8.79
SAGF,9/9/2026,9.3,9.4,9.3,9.35,0.54,600.0,11.31,8.79
SAGF,9/10/2026,9.35,9.4,9.35,9.4,0.53,700.0,11.31,8.79
SAGF,9/11/2026,9.3,9.4,9.3,9.4,1.08,500.0,11.31,8.79
SAGF,9/14/2026,9.3,9.4,9.3,9.4,1.08,500.0,11.31,8.79
SAGF,9/15/2026,9.5,9.5,9.36,9.38,-1.26,12400.0,11.31,8.79
SAGF,9/16/2026,9.38,9.5,9.38,9.4,0.21,1450.0,11.31,8.79
SAGF,9/17/2026,9.4,9.5,9.4,9.5,1.06,2986.0,11.31,8.79
SAGF,9/18/2026,9.5,9.5,9.5,9.5,0.0,250.0,11.31,8.79
SAGF,9/22/2026,9.78,9.78,9.4,9.4,-3.89,8000.0,11.31,8.79
SAGF,9/23/2026,9.68,9.68,9.41,9.41,-2.79,200.0,11.31,8.79
SAGF,9/28/2026,9.42,9.42,9.41,9.42,0.0,4350.0,11.31,8.79
SAGF,9/29/2026,9.4,9.5,9.4,0.0,-100.0,800.0,11.31,8.79
SAGF,9/30/2026,9.49,9.49,9.41,9.41,-0.84,400.0,11.31,8.79
SAGF,10/1/2026,9.4,9.4,9.4,9.4,0.0,300.0,11.31,8.79
SAGF,10/2/2026,9.12,9.45,9.12,9.44,3.51,3000.0,11.31,8.79
SAHAS,12/8/2021,622.3,634.0,594.0,595.0,,31289.0,725.0,535.3
SAHAS,12/9/2021,595.0,619.0,572.0,581.0,-2.35,44125.0,725.0,535.3
SAHAS,12/12/2021,570.1,584.6,545.0,545.0,-6.2,39265.0,725.0,535.3
SAHAS,12/13/2021,535.0,542.0,500.0,513.0,-5.87,38196.0,725.0,535.3
SAHAS,12/14/2021,505.0,564.0,505.0,563.0,9.75,14615.0,725.0,535.3
SAHAS,12/15/2021,566.0,600.0,545.0,548.0,-2.66,30603.0,725.0,535.3
SAHAS,12/16/2021,548.0,570.0,523.0,540.0,-1.46,36059.0,725.0,535.3
SAHAS,12/20/2021,530.0,545.2,514.0,524.5,-2.87,18596.0,725.0,535.3
SAHAS,12/21/2021,514.1,540.0,514.1,533.2,1.66,23307.0,725.0,535.3
SAHAS,12/22/2021,522.6,560.0,522.6,558.9,4.82,25566.0,725.0,535.3
SAHAS,12/23/2021,565.0,571.5,540.2,551.0,-1.41,41614.0,725.0,535.3
SAHAS,12/26/2021,551.0,572.0,542.1,557.0,1.09,27500.0,725.0,535.3
SAHAS,12/27/2021,555.0,564.0,530.0,533.2,-4.27,50149.0,725.0,535.3
SAHAS,12/28/2021,523.0,540.0,515.0,537.0,0.71,21213.0,725.0,535.3
SAHAS,12/29/2021,537.0,548.0,530.0,545.0,1.49,16170.0,725.0,535.3
SAHAS,1/2/2022,540.0,565.0,534.2,549.0,0.73,15457.0,725.0,535.3
SAHAS,1/3/2022,545.0,559.0,539.0,544.0,-0.91,46593.0,725.0,535.3
SAHAS,1/4/2022,541.0,568.0,536.0,566.0,4.04,27443.0,725.0,535.3
SAHAS,1/5/2022,565.0,608.0,560.6,580.0,2.47,69522.0,725.0,535.3
SAHAS,1/6/2022,570.0,608.0,569.0,607.0,4.66,67178.0,725.0,535.3
SAHAS,1/9/2022,610.0,655.8,610.0,626.0,3.13,70612.0,725.0,535.3
SAHAS,1/10/2022,626.0,652.8,618.1,641.0,2.4,98654.0,725.0,535.3
SAHAS,1/11/2022,639.0,659.9,628.0,640.0,-0.16,55114.0,725.0,535.3
SAHAS,1/12/2022,640.0,680.0,630.0,633.0,-1.09,69261.0,725.0,535.3
SAHAS,1/13/2022,630.0,662.0,630.0,651.0,2.84,49360.0,725.0,535.3
SAHAS,1/16/2022,651.0,675.0,645.0,648.0,-0.46,73826.0,725.0,535.3
SAHAS,1/17/2022,648.0,660.0,637.0,651.0,0.46,50062.0,725.0,535.3
SAHAS,1/18/2022,650.0,663.0,636.0,645.0,-0.92,39260.0,725.0,535.3
SAHAS,1/19/2022,635.0,650.0,621.2,625.0,-3.1,39319.0,725.0,535.3
SAHAS,1/20/2022,615.1,636.0,615.1,632.5,1.2,44219.0,725.0,535.3
SAHAS,1/23/2022,640.0,650.0,624.0,624.0,-1.34,28508.0,725.0,535.3
SAHAS,1/24/2022,630.0,634.0,585.0,596.0,-4.49,61455.0,725.0,535.3
SAHAS,1/25/2022,590.0,604.0,584.0,584.0,-2.01,45434.0,725.0,535.3
SAHAS,1/26/2022,584.0,597.0,570.0,575.3,-1.49,37192.0,725.0,535.3
SAHAS,1/27/2022,585.0,593.0,567.5,579.0,0.64,19650.0,725.0,535.3
SAHAS,1/30/2022,590.0,620.0,590.0,620.0,7.08,54130.0,725.0,535.3
SAHAS,1/31/2022,632.0,632.0,610.3,625.9,0.95,40002.0,725.0,535.3
SAHAS,2/1/2022,626.0,664.9,615.0,660.0,5.45,99983.0,725.0,535.3
SAHAS,2/3/2022,673.2,726.0,673.2,700.0,6.06,243194.0,725.0,535.3
SAHAS,2/6/2022,698.0,734.0,680.0,720.0,2.86,169085.0,725.0,535.3
SAHAS,2/7/2022,734.4,734.4,700.0,701.0,-2.64,101453.0,725.0,535.3
SAHAS,2/8/2022,714.0,734.0,682.1,689.0,-1.71,81890.0,725.0,535.3
SAHAS,2/9/2022,690.0,700.0,676.0,689.0,0.0,50041.0,725.0,535.3
SAHAS,2/10/2022,689.0,693.0,671.0,673.4,-2.26,51427.0,725.0,535.3
SAHAS,2/13/2022,660.0,661.0,625.0,630.0,-6.44,95498.0,725.0,535.3
SAHAS,2/14/2022,629.0,648.0,629.0,639.7,1.54,37280.0,725.0,535.3
SAHAS,2/15/2022,635.0,678.0,635.0,675.0,5.52,31341.0,725.0,535.3
SAHAS,2/16/2022,675.0,684.0,651.0,660.0,-2.22,39735.0,725.0,535.3
SAHAS,2/17/2022,648.1,675.0,648.1,660.0,0.0,29969.0,725.0,535.3
SAHAS,2/20/2022,648.0,681.0,625.0,650.2,-1.48,69901.0,725.0,535.3
SAHAS,2/21/2022,638.0,695.0,638.0,690.0,6.12,88463.0,725.0,535.3
SAHAS,2/22/2022,703.8,715.0,690.0,692.0,0.29,103869.0,725.0,535.3
SAHAS,2/23/2022,690.0,700.0,681.0,686.0,-0.87,37756.0,725.0,535.3
SAHAS,2/24/2022,673.0,690.0,660.0,665.2,-3.03,66226.0,725.0,535.3
SAHAS,2/27/2022,674.0,685.0,651.9,671.0,0.87,44118.0,725.0,535.3
SAHAS,2/28/2022,684.0,694.0,640.1,640.2,-4.59,64135.0,725.0,535.3
SAHAS,3/2/2022,650.0,650.0,620.0,625.0,-2.37,58139.0,725.0,535.3
SAHAS,3/6/2022,612.5,634.0,603.0,615.0,-1.6,42341.0,725.0,535.3
SAHAS,3/7/2022,627.0,627.0,608.0,610.0,-0.81,22758.0,725.0,535.3
SAHAS,3/9/2022,610.0,617.0,595.0,595.0,-2.46,30491.0,725.0,535.3
SAHAS,3/10/2022,594.0,630.0,591.0,628.0,5.55,36156.0,725.0,535.3
SAHAS,3/13/2022,639.9,650.0,625.0,648.0,3.18,37429.0,725.0,535.3
SAHAS,3/14/2022,650.0,650.0,632.5,637.2,-1.67,12016.0,725.0,535.3
SAHAS,3/15/2022,637.0,642.0,626.0,627.3,-1.55,29790.0,725.0,535.3
SAHAS,3/16/2022,627.3,638.0,615.0,615.0,-1.96,34061.0,725.0,535.3
SAHAS,3/20/2022,620.0,625.0,608.0,610.0,-0.81,23212.0,725.0,535.3
SAHAS,3/21/2022,600.0,641.0,600.0,634.0,3.93,33593.0,725.0,535.3
SAHAS,3/22/2022,621.5,656.0,621.5,645.0,1.74,51779.0,725.0,535.3
SAHAS,3/23/2022,632.1,642.0,632.1,638.0,-1.09,15415.0,725.0,535.3
SAHAS,3/24/2022,627.0,640.0,626.5,627.0,-1.72,18812.0,725.0,535.3
SAHAS,3/27/2022,615.1,629.0,608.0,608.3,-2.98,31294.0,725.0,535.3
SAHAS,3/28/2022,607.0,620.0,600.2,610.0,0.28,29475.0,725.0,535.3
SAHAS,3/29/2022,610.0,619.0,600.1,608.1,-0.31,17194.0,725.0,535.3
SAHAS,3/30/2022,605.0,624.0,605.0,620.0,1.96,15281.0,725.0,535.3
SAHAS,3/31/2022,620.0,632.0,610.1,610.1,-1.6,18745.0,725.0,535.3
SAHAS,4/3/2022,602.0,615.0,602.0,610.0,-0.02,13321.0,725.0,535.3
SAHAS,4/4/2022,602.0,613.0,602.0,604.0,-0.98,18906.0,725.0,535.3
SAHAS,4/5/2022,594.0,602.0,587.1,593.1,-1.8,35236.0,725.0,535.3
SAHAS,4/6/2022,594.0,604.9,583.0,593.1,0.0,13404.0,725.0,535.3
SAHAS,4/7/2022,583.0,610.0,583.0,595.0,0.32,30004.0,725.0,535.3
SAHAS,4/11/2022,606.9,615.0,585.0,585.0,-1.68,30470.0,725.0,535.3
SAHAS,4/12/2022,575.0,585.0,571.0,572.0,-2.22,17615.0,725.0,535.3
SAHAS,4/13/2022,572.0,593.0,565.0,592.0,3.5,19205.0,725.0,535.3
SAHAS,4/17/2022,595.0,595.0,567.0,567.2,-4.19,33719.0,725.0,535.3
SAHAS,4/18/2022,567.2,575.0,550.0,550.0,-3.03,17393.0,725.0,535.3
SAHAS,4/19/2022,550.0,566.0,541.0,549.0,-0.18,10862.0,725.0,535.3
SAHAS,4/20/2022,540.0,553.0,528.0,530.0,-3.46,16860.0,725.0,535.3
SAHAS,4/21/2022,520.0,540.0,512.0,533.1,0.58,13030.0,725.0,535.3
SAHAS,4/24/2022,533.0,575.0,533.0,569.0,6.73,19968.0,725.0,535.3
SAHAS,4/25/2022,575.0,575.0,548.8,553.0,-2.81,30096.0,725.0,535.3
SAHAS,4/26/2022,542.0,564.0,535.1,547.0,-1.08,7800.0,725.0,535.3
SAHAS,4/27/2022,539.0,565.0,539.0,562.0,2.74,27402.0,725.0,535.3
SAHAS,4/28/2022,555.0,580.0,555.0,556.9,-0.91,24675.0,725.0,535.3
SAHAS,5/2/2022,545.8,555.0,521.1,522.0,-6.27,20430.0,725.0,535.3
SAHAS,5/4/2022,512.1,530.0,510.0,511.0,-2.11,20203.0,725.0,535.3
SAHAS,5/5/2022,505.0,522.0,502.0,507.0,-0.78,16838.0,725.0,535.3
SAHAS,5/8/2022,505.1,540.0,502.0,540.0,6.51,11497.0,725.0,535.3
SAHAS,5/9/2022,540.0,547.9,525.0,530.0,-1.85,22692.0,725.0,535.3
SAHAS,5/10/2022,540.5,560.0,530.0,552.9,4.32,31755.0,725.0,535.3
SAHAS,5/11/2022,542.1,580.0,542.1,577.0,4.36,38507.0,725.0,535.3
SAHAS,5/12/2022,588.0,588.0,550.0,560.0,-2.95,25258.0,725.0,535.3
SAHAS,5/17/2022,548.8,555.9,528.0,528.0,-5.71,14159.0,725.0,535.3
SAHAS,5/18/2022,519.0,555.0,515.0,540.0,2.27,15437.0,725.0,535.3
SAHAS,5/19/2022,529.2,561.7,529.2,534.1,-1.09,12079.0,725.0,535.3
SAHAS,5/20/2022,525.0,549.8,525.0,537.1,0.56,10827.0,725.0,535.3
SAHAS,5/23/2022,537.0,537.0,519.5,522.4,-2.74,23700.0,725.0,535.3
SAHAS,5/24/2022,514.1,538.0,514.1,532.0,1.84,9659.0,725.0,535.3
SAHAS,5/25/2022,532.1,540.0,525.0,530.2,-0.34,7417.0,725.0,535.3
SAHAS,5/26/2022,527.1,536.3,523.2,525.0,-0.98,16506.0,725.0,535.3
SAHAS,5/27/2022,520.1,530.1,520.1,528.0,0.57,10194.0,725.0,535.3
SAHAS,5/30/2022,528.0,538.0,516.0,520.0,-1.52,8374.0,725.0,535.3
SAHAS,5/31/2022,510.0,529.0,508.0,515.9,-0.79,14851.0,725.0,535.3
SAHAS,6/1/2022,515.0,524.0,511.1,514.9,-0.19,8769.0,725.0,535.3
SAHAS,6/2/2022,509.0,520.0,509.0,515.0,0.02,12056.0,725.0,535.3
SAHAS,6/3/2022,509.0,515.0,506.0,515.0,0.0,8865.0,725.0,535.3
SAHAS,6/6/2022,505.0,523.8,505.0,511.2,-0.74,7546.0,725.0,535.3
SAHAS,6/7/2022,503.3,512.0,500.1,501.9,-1.82,12724.0,725.0,535.3
SAHAS,6/8/2022,500.0,521.0,493.1,518.0,3.21,13812.0,725.0,535.3
SAHAS,6/9/2022,514.0,523.7,500.0,500.0,-3.47,18034.0,725.0,535.3
SAHAS,6/10/2022,500.0,510.0,500.0,500.0,0.0,19203.0,725.0,535.3
SAHAS,6/13/2022,501.0,507.9,493.0,500.0,0.0,8877.0,725.0,535.3
SAHAS,6/14/2022,493.0,493.5,475.0,476.0,-4.8,27671.0,725.0,535.3
SAHAS,6/15/2022,471.0,471.0,457.0,463.0,-2.73,14752.0,725.0,535.3
SAHAS,6/16/2022,453.8,473.9,445.2,455.1,-1.71,14587.0,725.0,535.3
SAHAS,6/17/2022,450.0,467.9,450.0,458.0,0.64,3683.0,725.0,535.3
SAHAS,6/19/2022,448.9,459.0,440.0,443.0,-3.28,8801.0,725.0,535.3
SAHAS,6/20/2022,434.2,444.0,416.0,417.0,-5.87,24343.0,725.0,535.3
SAHAS,6/21/2022,410.0,436.0,410.0,434.9,4.29,9096.0,725.0,535.3
SAHAS,6/22/2022,426.4,434.8,419.7,420.1,-3.4,5325.0,725.0,535.3
SAHAS,6/23/2022,415.0,415.0,378.1,393.0,-6.45,35568.0,725.0,535.3
SAHAS,6/24/2022,385.2,417.9,377.5,403.0,2.54,19957.0,725.0,535.3
SAHAS,6/26/2022,411.0,438.6,410.0,435.0,7.94,24252.0,725.0,535.3
SAHAS,6/27/2022,443.7,445.0,416.0,419.0,-3.68,24566.0,725.0,535.3
SAHAS,6/28/2022,410.7,414.0,405.0,410.0,-2.15,9438.0,725.0,535.3
SAHAS,6/29/2022,418.2,436.0,405.0,434.9,6.07,18030.0,725.0,535.3
SAHAS,6/30/2022,443.5,461.0,438.0,461.0,6.0,25142.0,725.0,535.3
SAHAS,7/1/2022,470.1,473.1,448.0,470.0,1.95,14412.0,725.0,535.3
SAHAS,7/3/2022,470.0,500.0,460.0,496.0,5.53,30995.0,725.0,535.3
SAHAS,7/4/2022,505.8,520.2,480.0,487.0,-1.81,58479.0,725.0,535.3
SAHAS,7/5/2022,496.5,498.0,467.0,470.0,-3.49,31770.0,725.0,535.3
SAHAS,7/6/2022,461.0,492.0,453.0,488.5,3.94,15209.0,725.0,535.3
SAHAS,7/7/2022,485.0,504.0,473.1,478.5,-2.05,23028.0,725.0,535.3
SAHAS,7/8/2022,487.9,487.9,464.0,467.0,-2.4,7586.0,725.0,535.3
SAHAS,7/11/2022,463.0,467.0,436.0,436.0,-6.64,21178.0,725.0,535.3
SAHAS,7/12/2022,436.0,452.8,428.0,441.0,1.15,18519.0,725.0,535.3
SAHAS,7/13/2022,433.2,469.0,433.2,463.0,4.99,13738.0,725.0,535.3
SAHAS,7/14/2022,465.0,474.3,452.0,470.0,1.51,15006.0,725.0,535.3
SAHAS,7/15/2022,465.0,470.0,458.0,460.0,-2.13,10574.0,725.0,535.3
SAHAS,7/17/2022,460.0,465.0,452.0,460.0,0.0,7799.0,725.0,535.3
SAHAS,7/18/2022,464.9,470.0,455.0,470.0,2.17,6497.0,725.0,535.3
SAHAS,7/19/2022,470.0,489.6,467.5,480.0,2.13,19416.0,725.0,535.3
SAHAS,7/20/2022,471.1,496.8,471.1,488.9,1.85,15830.0,725.0,535.3
SAHAS,7/21/2022,480.0,500.0,480.0,483.0,-1.21,13522.0,725.0,535.3
SAHAS,7/22/2022,480.0,484.0,462.0,470.0,-2.69,10967.0,725.0,535.3
SAHAS,7/24/2022,479.0,508.0,462.0,503.0,7.02,43607.0,725.0,535.3
SAHAS,7/25/2022,510.0,545.0,506.0,536.0,6.56,64910.0,725.0,535.3
SAHAS,7/26/2022,544.0,546.0,515.5,526.0,-1.87,68012.0,725.0,535.3
SAHAS,7/27/2022,520.0,535.0,509.0,529.0,0.57,49646.0,725.0,535.3
SAHAS,7/28/2022,538.0,548.0,519.0,531.0,0.38,50570.0,725.0,535.3
SAHAS,7/29/2022,526.0,533.0,523.0,527.0,-0.75,17682.0,725.0,535.3
SAHAS,7/31/2022,528.1,535.0,523.0,524.9,-0.4,33367.0,725.0,535.3
SAHAS,8/1/2022,525.0,542.6,514.5,523.1,-0.34,43524.0,725.0,535.3
SAHAS,8/2/2022,525.0,537.5,516.0,530.0,1.32,20909.0,725.0,535.3
SAHAS,8/3/2022,534.0,544.5,527.3,539.0,1.7,31499.0,725.0,535.3
SAHAS,8/4/2022,528.3,539.0,519.1,525.0,-2.6,44039.0,725.0,535.3
SAHAS,8/5/2022,515.1,537.0,515.1,531.5,1.24,42875.0,725.0,535.3
SAHAS,8/7/2022,525.0,571.0,521.1,564.0,6.11,108359.0,725.0,535.3
SAHAS,8/8/2022,575.2,575.2,541.0,551.0,-2.3,61475.0,725.0,535.3
SAHAS,8/9/2022,543.2,549.0,530.1,531.1,-3.61,55987.0,725.0,535.3
SAHAS,8/10/2022,521.0,560.0,520.7,542.0,2.05,36539.0,725.0,535.3
SAHAS,8/11/2022,552.8,552.8,533.1,533.3,-1.61,20276.0,725.0,535.3
SAHAS,8/14/2022,522.7,548.0,522.7,525.0,-1.56,31401.0,725.0,535.3
SAHAS,8/15/2022,515.1,545.0,515.1,540.0,2.86,28126.0,725.0,535.3
SAHAS,8/16/2022,545.0,545.0,520.0,521.0,-3.52,21926.0,725.0,535.3
SAHAS,8/17/2022,521.0,537.0,519.0,530.0,1.73,16056.0,725.0,535.3
SAHAS,8/18/2022,529.0,549.0,526.0,538.0,1.51,41452.0,725.0,535.3
SAHAS,8/21/2022,548.0,548.6,530.0,534.0,-0.74,41629.0,725.0,535.3
SAHAS,8/22/2022,540.0,543.0,527.0,529.0,-0.94,17810.0,725.0,535.3
SAHAS,8/23/2022,521.0,540.6,521.0,535.0,1.13,13744.0,725.0,535.3
SAHAS,8/24/2022,534.0,545.0,527.0,531.0,-0.75,18946.0,725.0,535.3
SAHAS,8/25/2022,528.1,538.0,522.0,522.1,-1.68,18922.0,725.0,535.3
SAHAS,8/26/2022,515.0,529.3,515.0,520.0,-0.4,17863.0,725.0,535.3
SAHAS,8/28/2022,510.1,530.0,495.0,496.0,-4.62,47766.0,725.0,535.3
SAHAS,8/29/2022,488.1,497.0,488.1,493.2,-0.56,16250.0,725.0,535.3
SAHAS,8/30/2022,490.0,508.0,490.0,496.9,0.75,18536.0,725.0,535.3
SAHAS,8/31/2022,490.0,500.0,485.0,487.0,-1.99,19471.0,725.0,535.3
SAHAS,9/1/2022,487.0,495.0,468.5,479.0,-1.64,15007.0,725.0,535.3
SAHAS,9/2/2022,474.0,483.0,472.0,479.5,0.1,2885.0,725.0,535.3
SAHAS,9/4/2022,489.0,489.0,478.0,480.0,0.1,10322.0,725.0,535.3
SAHAS,9/5/2022,475.0,510.0,475.0,492.0,2.5,14175.0,725.0,535.3
SAHAS,9/6/2022,484.0,501.7,480.0,485.0,-1.42,14416.0,725.0,535.3
SAHAS,9/7/2022,476.1,485.0,476.1,479.9,-1.05,4377.0,725.0,535.3
SAHAS,9/8/2022,471.1,489.9,471.1,483.9,0.83,6992.0,725.0,535.3
SAHAS,9/11/2022,480.0,484.0,472.3,472.3,-2.4,14202.0,725.0,535.3
SAHAS,9/12/2022,472.0,475.0,465.2,470.0,-0.49,6301.0,725.0,535.3
SAHAS,9/13/2022,470.0,485.0,461.6,478.0,1.7,7360.0,725.0,535.3
SAHAS,9/14/2022,475.0,494.0,471.0,490.0,2.51,11755.0,725.0,535.3
SAHAS,9/15/2022,483.0,490.0,461.4,467.6,-4.57,19637.0,725.0,535.3
SAHAS,9/16/2022,464.0,469.0,455.1,469.0,0.3,14717.0,725.0,535.3
SAHAS,9/18/2022,460.0,461.5,445.0,448.0,-4.48,15555.0,725.0,535.3
SAHAS,9/20/2022,448.0,448.0,421.0,425.0,-5.13,21399.0,725.0,535.3
SAHAS,9/21/2022,420.0,440.9,420.0,425.0,0.0,8583.0,725.0,535.3
SAHAS,9/22/2022,419.1,430.0,414.0,417.0,-1.88,8812.0,725.0,535.3
SAHAS,9/25/2022,409.0,417.0,405.9,406.0,-2.64,6481.0,725.0,535.3
SAHAS,9/27/2022,402.0,423.0,402.0,410.0,0.99,7293.0,725.0,535.3
SAHAS,9/28/2022,407.0,423.4,407.0,414.0,0.98,4188.0,725.0,535.3
SAHAS,9/29/2022,422.0,422.2,410.0,419.0,1.21,4961.0,725.0,535.3
SAHAS,10/9/2022,417.0,440.0,410.7,435.0,3.82,2588.0,725.0,535.3
SAHAS,10/10/2022,430.0,433.1,420.0,426.0,-2.07,8612.0,725.0,535.3
SAHAS,10/11/2022,420.0,428.0,412.0,427.4,0.33,5660.0,725.0,535.3
SAHAS,10/12/2022,418.9,435.0,415.0,428.0,0.14,4585.0,725.0,535.3
SAHAS,10/13/2022,420.0,439.0,420.0,433.0,1.17,6364.0,725.0,535.3
SAHAS,10/16/2022,424.4,436.5,421.1,430.0,-0.69,6824.0,725.0,535.3
SAHAS,10/17/2022,422.0,426.0,420.3,421.0,-2.09,2570.0,725.0,535.3
SAHAS,10/19/2022,412.6,418.0,407.0,414.0,-1.66,9990.0,725.0,535.3
SAHAS,10/20/2022,405.8,415.0,405.8,410.0,-0.97,3040.0,725.0,535.3
SAHAS,10/23/2022,408.0,418.2,405.4,414.0,0.98,5390.0,725.0,535.3
SAHAS,10/31/2022,413.0,426.0,408.0,426.0,2.9,4005.0,725.0,535.3
SAHAS,11/1/2022,418.0,441.0,414.0,441.0,3.52,7436.0,725.0,535.3
SAHAS,11/2/2022,443.0,455.0,434.2,443.8,0.63,16890.0,725.0,535.3
SAHAS,11/3/2022,435.0,454.0,433.6,450.0,1.4,9146.0,725.0,535.3
SAHAS,11/6/2022,451.0,470.0,442.3,463.0,2.89,11660.0,725.0,535.3
SAHAS,11/7/2022,463.0,483.0,455.0,470.0,1.51,18802.0,725.0,535.3
SAHAS,11/8/2022,465.0,480.0,461.1,474.0,0.85,11554.0,725.0,535.3
SAHAS,11/9/2022,474.0,476.0,455.0,463.0,-2.32,24897.0,725.0,535.3
SAHAS,11/10/2022,455.0,460.0,445.7,450.0,-2.81,12907.0,725.0,535.3
SAHAS,11/13/2022,459.0,459.0,441.1,441.2,-1.96,3662.0,725.0,535.3
SAHAS,11/14/2022,450.0,460.0,441.0,459.9,4.24,8515.0,725.0,535.3
SAHAS,11/15/2022,469.0,470.0,453.0,453.2,-1.46,10462.0,725.0,535.3
SAHAS,11/16/2022,450.0,460.0,447.2,459.0,1.28,4036.0,725.0,535.3
SAHAS,11/17/2022,460.0,472.0,452.0,472.0,2.83,10032.0,725.0,535.3
SAHAS,11/22/2022,481.0,481.0,460.0,464.9,-1.5,10528.0,725.0,535.3
SAHAS,11/23/2022,460.0,465.0,456.0,460.0,-1.05,2941.0,725.0,535.3
SAHAS,11/24/2022,454.0,464.0,453.1,455.0,-1.09,7376.0,725.0,535.3
SAHAS,11/27/2022,456.0,468.5,456.0,468.0,2.86,10941.0,725.0,535.3
SAHAS,11/28/2022,477.3,477.3,461.2,464.1,-0.83,6634.0,725.0,535.3
SAHAS,11/29/2022,457.1,470.2,455.5,468.0,0.84,4608.0,725.0,535.3
SAHAS,11/30/2022,459.1,468.2,457.2,467.9,-0.02,7286.0,725.0,535.3
SAHAS,12/1/2022,465.1,469.9,458.7,468.0,0.02,5325.0,725.0,535.3
SAHAS,12/4/2022,458.7,469.0,452.0,460.0,-1.71,11915.0,725.0,535.3
SAHAS,12/5/2022,454.0,460.0,447.0,448.0,-2.61,8432.0,725.0,535.3
SAHAS,12/6/2022,444.1,450.0,440.1,445.0,-0.67,3888.0,725.0,535.3
SAHAS,12/7/2022,439.0,450.0,439.0,442.0,-0.67,7871.0,725.0,535.3
SAHAS,12/11/2022,436.0,440.0,434.5,440.0,-0.45,12325.0,725.0,535.3
SAHAS,12/12/2022,433.0,452.8,433.0,450.0,2.27,12779.0,725.0,535.3
SAHAS,12/13/2022,441.0,455.0,441.0,452.0,0.44,6024.0,725.0,535.3
SAHAS,12/14/2022,452.0,455.0,447.1,450.0,-0.44,4440.0,725.0,535.3
SAHAS,12/15/2022,442.0,463.0,442.0,457.0,1.56,18986.0,725.0,535.3
SAHAS,12/18/2022,448.0,457.7,441.0,445.0,-2.63,12270.0,725.0,535.3
SAHAS,12/19/2022,445.0,460.0,440.0,454.9,2.22,6318.0,725.0,535.3
SAHAS,12/20/2022,446.0,462.0,444.1,454.0,-0.2,4690.0,725.0,535.3
SAHAS,12/21/2022,445.0,460.0,445.0,454.8,0.18,10019.0,725.0,535.3
SAHAS,12/22/2022,446.2,458.0,446.2,455.0,0.04,5204.0,725.0,535.3
SAHAS,12/26/2022,455.0,474.0,450.8,470.0,3.3,11903.0,725.0,535.3
SAHAS,12/27/2022,475.0,498.0,470.0,498.0,5.96,30115.0,725.0,535.3
SAHAS,12/28/2022,490.0,530.0,480.2,525.0,5.42,44962.0,725.0,535.3
SAHAS,12/29/2022,523.0,552.8,506.0,551.0,4.95,52697.0,725.0,535.3
SAHAS,1/1/2023,559.0,596.7,533.0,563.0,2.18,75205.0,725.0,535.3
SAHAS,1/2/2023,555.0,572.9,541.0,570.0,1.24,32189.0,725.0,535.3
SAHAS,1/3/2023,569.0,580.0,550.0,570.0,0.0,18529.0,725.0,535.3
SAHAS,1/4/2023,560.0,600.0,559.0,586.0,2.81,40562.0,725.0,535.3
SAHAS,1/5/2023,597.7,597.7,568.0,595.0,1.54,34858.0,725.0,535.3
SAHAS,1/8/2023,584.1,607.0,573.0,587.0,-1.34,42482.0,725.0,535.3
SAHAS,1/9/2023,577.0,600.0,577.0,590.2,0.55,17393.0,725.0,535.3
SAHAS,1/10/2023,590.0,601.8,560.1,584.0,-1.05,58721.0,725.0,535.3
SAHAS,1/12/2023,590.0,605.0,566.0,568.0,-2.74,51909.0,725.0,535.3
SAHAS,1/17/2023,568.0,595.0,561.0,588.0,3.52,50307.0,725.0,535.3
SAHAS,1/18/2023,595.8,601.0,574.3,580.1,-1.34,42601.0,725.0,535.3
SAHAS,1/19/2023,570.0,592.0,570.0,592.0,2.05,37234.0,725.0,535.3
SAHAS,1/23/2023,583.0,592.0,580.0,583.0,-1.52,39262.0,725.0,535.3
SAHAS,1/24/2023,575.0,586.8,565.3,585.0,0.34,31398.0,725.0,535.3
SAHAS,1/25/2023,586.0,605.0,575.0,589.0,0.68,49611.0,725.0,535.3
SAHAS,1/26/2023,589.0,616.0,582.2,599.0,1.7,36397.0,725.0,535.3
SAHAS,1/29/2023,588.0,616.0,577.3,608.1,1.52,61546.0,725.0,535.3
SAHAS,1/30/2023,600.0,606.0,584.3,584.3,-3.91,34909.0,725.0,535.3
SAHAS,1/31/2023,584.0,595.6,573.1,580.0,-0.74,22009.0,725.0,535.3
SAHAS,2/1/2023,580.0,589.0,571.0,580.0,0.0,14818.0,725.0,535.3
SAHAS,2/2/2023,571.0,590.0,570.0,575.0,-0.86,18932.0,725.0,535.3
SAHAS,2/5/2023,575.0,584.0,556.1,574.0,-0.17,20276.0,725.0,535.3
SAHAS,2/6/2023,563.2,570.0,557.0,565.0,-1.57,16475.0,725.0,535.3
SAHAS,2/7/2023,555.0,586.0,555.0,586.0,3.72,33524.0,725.0,535.3
SAHAS,2/8/2023,590.0,600.0,575.0,579.5,-1.11,18015.0,725.0,535.3
SAHAS,2/9/2023,568.2,591.0,568.2,580.0,0.09,13830.0,725.0,535.3
SAHAS,2/12/2023,568.4,589.0,557.0,566.0,-2.41,66873.0,725.0,535.3
SAHAS,2/14/2023,555.1,572.0,555.0,556.0,-1.77,15913.0,725.0,535.3
SAHAS,2/15/2023,553.0,565.0,543.9,551.0,-0.9,20420.0,725.0,535.3
SAHAS,2/16/2023,551.0,556.0,536.0,540.0,-2.0,13284.0,725.0,535.3
SAHAS,2/20/2023,530.0,545.0,530.0,536.0,-0.74,7472.0,725.0,535.3
SAHAS,2/22/2023,536.0,556.0,536.0,551.9,2.97,11540.0,725.0,535.3
SAHAS,2/23/2023,540.9,545.0,530.0,532.1,-3.59,16270.0,725.0,535.3
SAHAS,2/26/2023,521.5,541.0,512.0,540.0,1.48,14885.0,725.0,535.3
SAHAS,2/27/2023,535.0,545.0,524.1,530.0,-1.85,17378.0,725.0,535.3
SAHAS,2/28/2023,535.0,549.8,530.0,535.5,1.04,31418.0,725.0,535.3
SAHAS,3/1/2023,526.1,536.0,526.1,535.0,-0.09,13074.0,725.0,535.3
SAHAS,3/2/2023,526.0,530.0,522.1,522.1,-2.41,9576.0,725.0,535.3
SAHAS,3/5/2023,517.0,527.0,510.0,510.0,-2.32,12505.0,725.0,535.3
SAHAS,3/7/2023,510.0,521.0,506.2,515.0,0.98,4710.0,725.0,535.3
SAHAS,3/9/2023,520.0,539.9,520.0,534.0,3.69,10069.0,725.0,535.3
SAHAS,3/12/2023,534.0,543.0,526.0,529.0,-0.94,12581.0,725.0,535.3
SAHAS,3/13/2023,520.1,536.0,520.1,533.0,0.76,15052.0,725.0,535.3
SAHAS,3/14/2023,533.0,543.6,525.3,543.0,1.88,9782.0,725.0,535.3
SAHAS,3/15/2023,545.0,545.0,532.2,540.0,-0.55,8320.0,725.0,535.3
SAHAS,3/16/2023,530.0,542.0,530.0,542.0,0.37,8492.0,725.0,535.3
SAHAS,3/19/2023,533.3,544.9,533.3,538.0,-0.74,8765.0,725.0,535.3
SAHAS,3/20/2023,534.0,558.0,534.0,555.0,3.16,14534.0,725.0,535.3
SAHAS,3/22/2023,555.0,556.0,536.1,544.0,-1.98,13980.0,725.0,535.3
SAHAS,3/23/2023,534.0,544.8,531.0,540.0,-0.74,6060.0,725.0,535.3
SAHAS,3/26/2023,530.0,536.0,527.0,532.0,-1.48,8360.0,725.0,535.3
SAHAS,3/27/2023,525.0,544.0,521.1,540.0,1.5,11748.0,725.0,535.3
SAHAS,3/28/2023,530.0,544.5,530.0,537.0,-0.56,3606.0,725.0,535.3
SAHAS,3/29/2023,537.0,542.5,528.2,536.0,-0.19,2298.0,725.0,535.3
SAHAS,3/30/2023,536.0,540.0,527.0,528.5,-1.4,4173.0,725.0,535.3
SAHAS,4/2/2023,528.0,535.0,520.0,528.0,-0.09,6413.0,725.0,535.3
SAHAS,4/3/2023,517.5,526.0,515.0,520.0,-1.52,5787.0,725.0,535.3
SAHAS,4/4/2023,513.1,530.0,513.1,518.8,-0.23,12760.0,725.0,535.3
SAHAS,4/5/2023,511.0,528.3,511.0,528.3,1.83,7034.0,725.0,535.3
SAHAS,4/6/2023,518.0,528.0,514.0,515.0,-2.52,4454.0,725.0,535.3
SAHAS,4/9/2023,515.0,515.0,500.0,501.0,-2.72,7742.0,725.0,535.3
SAHAS,4/10/2023,491.0,513.0,491.0,513.0,2.4,9905.0,725.0,535.3
SAHAS,4/11/2023,505.0,520.2,503.5,507.4,-1.09,6290.0,725.0,535.3
SAHAS,4/12/2023,505.0,535.5,505.0,525.6,3.59,10395.0,725.0,535.3
SAHAS,4/13/2023,536.0,536.0,516.0,518.0,-1.45,7818.0,725.0,535.3
SAHAS,4/16/2023,515.0,520.0,510.5,513.0,-0.97,6790.0,725.0,535.3
SAHAS,4/17/2023,507.0,513.0,506.0,509.9,-0.6,7003.0,725.0,535.3
SAHAS,4/18/2023,505.0,520.0,503.1,520.0,1.98,10808.0,725.0,535.3
SAHAS,4/19/2023,510.0,535.5,510.0,526.0,1.15,10480.0,725.0,535.3
SAHAS,4/20/2023,517.1,529.0,517.1,522.0,-0.76,5757.0,725.0,535.3
SAHAS,4/23/2023,511.7,520.0,507.5,515.0,-1.34,5900.0,725.0,535.3
SAHAS,4/24/2023,504.7,512.5,504.7,511.0,-0.78,4410.0,725.0,535.3
SAHAS,4/25/2023,501.0,518.0,501.0,516.0,0.98,7190.0,725.0,535.3
SAHAS,4/26/2023,526.0,526.0,509.1,512.0,-0.78,13899.0,725.0,535.3
SAHAS,4/27/2023,503.8,514.0,503.8,512.0,0.0,3321.0,725.0,535.3
SAHAS,4/30/2023,505.1,512.0,503.5,509.0,-0.59,5672.0,725.0,535.3
SAHAS,5/2/2023,510.0,510.0,500.0,504.0,-0.98,10176.0,725.0,535.3
SAHAS,5/3/2023,499.0,500.0,490.2,500.0,-0.79,5725.0,725.0,535.3
SAHAS,5/4/2023,490.1,510.0,490.1,510.0,2.0,5155.0,725.0,535.3
SAHAS,5/7/2023,500.0,507.0,481.4,495.1,-2.92,6560.0,725.0,535.3
SAHAS,5/8/2023,485.3,496.1,485.3,486.0,-1.84,6732.0,725.0,535.3
SAHAS,5/9/2023,486.0,500.0,478.0,490.0,0.82,4598.0,725.0,535.3
SAHAS,5/10/2023,488.0,497.0,487.1,492.0,0.41,3745.0,725.0,535.3
SAHAS,5/11/2023,485.0,492.0,482.6,490.2,-0.37,2936.0,725.0,535.3
SAHAS,5/14/2023,484.1,500.0,478.0,478.0,-2.49,9327.0,725.0,535.3
SAHAS,5/15/2023,472.2,484.0,470.1,480.9,0.61,7811.0,725.0,535.3
SAHAS,5/16/2023,476.0,488.5,476.0,488.5,1.58,5925.0,725.0,535.3
SAHAS,5/17/2023,480.0,530.0,480.0,527.0,7.88,12115.0,725.0,535.3
SAHAS,5/18/2023,516.5,526.0,500.3,520.0,-1.33,16223.0,725.0,535.3
SAHAS,5/21/2023,520.0,523.0,505.2,517.0,-0.58,13450.0,725.0,535.3
SAHAS,5/22/2023,506.8,528.0,504.0,528.0,2.13,9275.0,725.0,535.3
SAHAS,5/23/2023,518.0,537.0,518.0,534.0,1.14,18152.0,725.0,535.3
SAHAS,5/24/2023,523.4,530.0,516.1,522.0,-2.25,7584.0,725.0,535.3
SAHAS,5/28/2023,520.0,532.4,512.0,517.0,-0.96,16619.0,725.0,535.3
SAHAS,5/30/2023,507.0,512.0,494.2,503.0,-2.71,15790.0,725.0,535.3
SAHAS,5/31/2023,493.0,505.0,490.0,495.0,-1.59,13057.0,725.0,535.3
SAHAS,6/1/2023,488.0,506.9,485.0,495.1,0.02,7020.0,725.0,535.3
SAHAS,6/4/2023,495.1,525.0,495.0,517.9,4.61,5898.0,725.0,535.3
SAHAS,6/5/2023,517.0,522.9,502.1,509.0,-1.72,11780.0,725.0,535.3
SAHAS,6/6/2023,505.0,523.9,503.0,522.0,2.55,12632.0,725.0,535.3
SAHAS,6/7/2023,523.0,527.0,512.7,520.0,-0.38,26297.0,725.0,535.3
SAHAS,6/8/2023,509.8,519.0,509.8,511.8,-1.58,18361.0,725.0,535.3
SAHAS,6/11/2023,503.0,525.0,503.0,517.6,1.13,16486.0,725.0,535.3
SAHAS,6/12/2023,525.0,525.0,511.0,514.0,-0.7,15145.0,725.0,535.3
SAHAS,6/13/2023,510.0,530.4,510.0,520.0,1.17,36278.0,725.0,535.3
SAHAS,6/14/2023,519.0,531.4,515.1,524.0,0.77,38840.0,725.0,535.3
SAHAS,6/15/2023,515.0,523.9,512.5,515.0,-1.72,19367.0,725.0,535.3
SAHAS,6/18/2023,513.0,527.0,513.0,524.0,1.75,37792.0,725.0,535.3
SAHAS,6/19/2023,523.0,544.0,523.0,540.0,3.05,58241.0,725.0,535.3
SAHAS,6/20/2023,540.0,550.0,522.0,539.0,-0.19,35210.0,725.0,535.3
SAHAS,6/21/2023,530.0,535.0,515.0,524.0,-2.78,25138.0,725.0,535.3
SAHAS,6/22/2023,515.0,534.0,515.0,525.0,0.19,16440.0,725.0,535.3
SAHAS,6/25/2023,516.0,525.0,513.3,523.6,-0.27,19713.0,725.0,535.3
SAHAS,6/26/2023,524.0,527.0,515.0,515.0,-1.64,34566.0,725.0,535.3
SAHAS,6/27/2023,520.0,530.4,515.0,526.0,2.14,22149.0,725.0,535.3
SAHAS,6/28/2023,530.0,530.0,515.5,516.8,-1.75,20640.0,725.0,535.3
SAHAS,7/2/2023,510.0,518.9,500.0,502.0,-2.86,42449.0,725.0,535.3
SAHAS,7/3/2023,502.0,509.0,493.2,499.8,-0.44,16044.0,725.0,535.3
SAHAS,7/4/2023,499.0,502.0,489.2,493.0,-1.36,21512.0,725.0,535.3
SAHAS,7/5/2023,490.0,502.0,480.0,482.0,-2.23,26051.0,725.0,535.3
SAHAS,7/6/2023,481.0,488.0,466.0,474.0,-1.66,25860.0,725.0,535.3
SAHAS,7/9/2023,477.0,504.5,477.0,486.5,2.64,15622.0,725.0,535.3
SAHAS,7/10/2023,486.3,491.0,478.0,478.6,-1.62,9095.0,725.0,535.3
SAHAS,7/11/2023,480.0,487.0,475.0,476.0,-0.54,20801.0,725.0,535.3
SAHAS,7/12/2023,470.0,496.9,470.0,490.0,2.94,16953.0,725.0,535.3
SAHAS,7/13/2023,490.0,499.0,481.0,489.0,-0.2,16411.0,725.0,535.3
SAHAS,7/16/2023,489.0,496.0,480.0,483.9,-1.04,7935.0,725.0,535.3
SAHAS,7/17/2023,476.0,491.0,476.0,491.0,1.47,7467.0,725.0,535.3
SAHAS,7/18/2023,493.0,505.0,486.1,488.0,-0.61,8907.0,725.0,535.3
SAHAS,7/19/2023,485.1,488.0,480.0,481.1,-1.41,11251.0,725.0,535.3
SAHAS,7/20/2023,481.0,498.7,481.0,495.0,2.89,11293.0,725.0,535.3
SAHAS,7/23/2023,487.0,500.0,485.1,500.0,1.01,11555.0,725.0,535.3
SAHAS,7/24/2023,495.1,502.0,489.0,498.0,-0.4,11159.0,725.0,535.3
SAHAS,7/25/2023,498.0,500.0,485.1,490.9,-1.43,9503.0,725.0,535.3
SAHAS,7/26/2023,481.3,492.0,481.3,490.0,-0.18,5343.0,725.0,535.3
SAHAS,7/27/2023,488.0,508.9,480.3,488.0,-0.41,5759.0,725.0,535.3
SAHAS,7/30/2023,480.0,485.0,473.5,484.0,-0.82,9304.0,725.0,535.3
SAHAS,7/31/2023,481.0,482.0,475.0,478.0,-1.24,6455.0,725.0,535.3
SAHAS,8/1/2023,472.1,482.0,470.0,477.0,-0.21,7355.0,725.0,535.3
SAHAS,8/2/2023,471.2,475.9,468.1,475.9,-0.23,4606.0,725.0,535.3
SAHAS,8/3/2023,475.0,480.0,467.0,469.0,-1.45,6476.0,725.0,535.3
SAHAS,8/6/2023,461.0,472.0,455.2,465.0,-0.85,10751.0,725.0,535.3
SAHAS,8/7/2023,456.1,465.0,456.0,464.8,-0.04,10695.0,725.0,535.3
SAHAS,8/8/2023,457.1,465.0,450.0,453.0,-2.54,7433.0,725.0,535.3
SAHAS,8/9/2023,450.0,471.2,446.5,455.0,0.44,8118.0,725.0,535.3
SAHAS,8/10/2023,457.0,470.0,452.0,455.3,0.07,7545.0,725.0,535.3
SAHAS,8/13/2023,452.5,460.5,451.4,454.5,-0.18,7687.0,725.0,535.3
SAHAS,8/14/2023,451.1,454.0,442.0,447.0,-1.65,10757.0,725.0,535.3
SAHAS,8/15/2023,444.0,444.0,432.1,432.5,-3.24,10801.0,725.0,535.3
SAHAS,8/16/2023,430.0,432.0,417.5,423.0,-2.2,11914.0,725.0,535.3
SAHAS,8/17/2023,430.0,430.0,418.0,420.0,-0.71,6769.0,725.0,535.3
SAHAS,8/20/2023,415.0,424.9,415.0,424.9,1.17,10067.0,725.0,535.3
SAHAS,8/21/2023,416.5,428.9,416.5,428.0,0.73,7003.0,725.0,535.3
SAHAS,8/22/2023,425.0,442.0,420.7,441.0,3.04,5620.0,725.0,535.3
SAHAS,8/23/2023,441.0,448.8,426.0,448.2,1.63,7843.0,725.0,535.3
SAHAS,8/24/2023,444.0,450.0,430.0,437.0,-2.5,6756.0,725.0,535.3
SAHAS,8/27/2023,440.0,440.0,421.0,425.0,-2.75,6038.0,725.0,535.3
SAHAS,8/28/2023,418.1,429.0,418.1,426.0,0.24,4310.0,725.0,535.3
SAHAS,8/29/2023,420.0,426.0,420.0,426.0,0.0,5112.0,725.0,535.3
SAHAS,8/30/2023,418.2,429.9,418.2,422.1,-0.92,4284.0,725.0,535.3
SAHAS,9/3/2023,420.0,420.0,402.8,411.9,-2.42,21037.0,725.0,535.3
SAHAS,9/4/2023,411.9,417.0,407.0,413.0,0.27,5580.0,725.0,535.3
SAHAS,9/5/2023,410.0,435.0,408.0,426.5,3.27,3795.0,725.0,535.3
SAHAS,9/7/2023,419.0,419.0,405.0,411.0,-3.63,7915.0,725.0,535.3
SAHAS,9/10/2023,407.0,418.0,407.0,414.0,0.73,7431.0,725.0,535.3
SAHAS,9/11/2023,409.0,425.0,409.0,423.0,2.17,5740.0,725.0,535.3
SAHAS,9/12/2023,414.6,421.5,411.3,421.5,-0.35,6010.0,725.0,535.3
SAHAS,9/13/2023,413.2,429.0,413.2,428.0,1.54,7097.0,725.0,535.3
SAHAS,9/17/2023,419.5,425.0,411.0,420.0,-1.87,8710.0,725.0,535.3
SAHAS,9/18/2023,413.5,424.0,413.1,422.0,0.48,2514.0,725.0,535.3
SAHAS,9/19/2023,413.7,429.0,413.7,428.9,1.64,4465.0,725.0,535.3
SAHAS,9/21/2023,431.0,447.0,431.0,443.0,3.29,18354.0,725.0,535.3
SAHAS,9/24/2023,440.0,445.1,430.0,434.0,-2.03,8502.0,725.0,535.3
SAHAS,9/25/2023,440.0,440.5,426.0,435.2,0.28,8538.0,725.0,535.3
SAHAS,9/26/2023,440.0,456.9,440.0,456.5,4.89,17795.0,725.0,535.3
SAHAS,9/27/2023,450.0,460.0,445.0,455.0,-0.33,12426.0,725.0,535.3
SAHAS,10/1/2023,455.0,455.0,435.0,438.0,-3.74,12112.0,725.0,535.3
SAHAS,10/2/2023,435.0,443.7,430.1,440.0,0.46,6093.0,725.0,535.3
SAHAS,10/3/2023,433.0,439.0,430.0,431.6,-1.91,6433.0,725.0,535.3
SAHAS,10/4/2023,425.1,441.7,425.1,439.9,1.92,5077.0,725.0,535.3
SAHAS,10/5/2023,431.5,437.0,431.5,435.9,-0.91,3440.0,725.0,535.3
SAHAS,10/8/2023,427.2,431.0,421.2,427.0,-2.04,9484.0,725.0,535.3
SAHAS,10/9/2023,418.7,426.0,418.7,426.0,-0.23,5875.0,725.0,535.3
SAHAS,10/10/2023,418.1,423.0,418.1,423.0,-0.7,3560.0,725.0,535.3
SAHAS,10/11/2023,415.0,423.5,407.7,421.0,-0.47,4930.0,725.0,535.3
SAHAS,10/12/2023,415.0,422.0,414.0,415.1,-1.4,9244.0,725.0,535.3
SAHAS,10/16/2023,414.0,414.0,409.0,414.0,-0.26,6228.0,725.0,535.3
SAHAS,10/17/2023,415.0,428.4,413.0,419.0,1.21,4594.0,725.0,535.3
SAHAS,10/18/2023,427.3,429.9,418.8,429.8,2.58,2284.0,725.0,535.3
SAHAS,10/19/2023,428.0,428.0,408.2,418.1,-2.72,11616.0,725.0,535.3
SAHAS,10/29/2023,410.0,418.0,410.0,412.0,-1.46,3359.0,725.0,535.3
SAHAS,10/30/2023,406.0,416.9,406.0,413.0,0.24,3624.0,725.0,535.3
SAHAS,10/31/2023,411.0,415.0,410.0,412.5,-0.12,3363.0,725.0,535.3
SAHAS,11/1/2023,409.0,413.0,408.6,410.5,-0.48,3232.0,725.0,535.3
SAHAS,11/2/2023,408.0,411.0,407.6,408.6,-0.46,4303.0,725.0,535.3
SAHAS,11/5/2023,408.7,415.0,405.4,415.0,1.57,3993.0,725.0,535.3
SAHAS,11/6/2023,412.1,420.2,412.1,416.0,0.24,8236.0,725.0,535.3
SAHAS,11/7/2023,418.0,425.0,413.0,413.0,-0.72,2655.0,725.0,535.3
SAHAS,11/8/2023,409.1,420.0,409.0,415.0,0.48,5698.0,725.0,535.3
SAHAS,11/9/2023,415.0,415.0,410.0,413.0,-0.48,4099.0,725.0,535.3
SAHAS,11/20/2023,421.2,454.3,421.2,445.0,7.75,44101.0,725.0,535.3
SAHAS,11/21/2023,445.0,455.0,443.0,447.0,0.45,14291.0,725.0,535.3
SAHAS,11/22/2023,444.1,464.9,441.1,462.4,3.45,22003.0,725.0,535.3
SAHAS,11/23/2023,460.0,469.1,451.0,458.1,-0.93,18954.0,725.0,535.3
SAHAS,11/26/2023,458.1,468.9,458.1,465.1,1.53,15621.0,725.0,535.3
SAHAS,11/27/2023,466.0,468.9,452.1,457.0,-1.74,19959.0,725.0,535.3
SAHAS,11/28/2023,451.0,460.0,451.0,460.0,0.66,10635.0,725.0,535.3
SAHAS,11/29/2023,460.0,461.0,450.0,450.0,-2.17,13526.0,725.0,535.3
SAHAS,11/30/2023,446.0,451.0,442.1,442.5,-1.67,9380.0,725.0,535.3
SAHAS,12/3/2023,440.0,447.0,435.1,444.0,0.34,6317.0,725.0,535.3
SAHAS,12/4/2023,440.0,455.0,436.0,446.0,0.45,14000.0,725.0,535.3
SAHAS,12/5/2023,440.1,460.0,440.1,445.0,-0.22,7597.0,725.0,535.3
SAHAS,12/6/2023,445.0,456.0,439.0,450.0,1.12,7256.0,725.0,535.3
SAHAS,12/7/2023,450.0,458.0,444.4,450.0,0.0,6510.0,725.0,535.3
SAHAS,12/10/2023,456.0,483.4,456.0,478.9,6.42,1850.0,725.0,535.3
SAHAS,12/11/2023,488.4,488.4,457.0,468.0,-2.28,22822.0,725.0,535.3
SAHAS,12/12/2023,466.0,485.0,465.0,480.0,2.56,43676.0,725.0,535.3
SAHAS,12/13/2023,480.0,499.9,474.0,484.0,0.83,39001.0,725.0,535.3
SAHAS,12/14/2023,480.0,500.4,475.0,490.0,1.24,26696.0,725.0,535.3
SAHAS,12/17/2023,480.2,503.8,480.0,503.8,2.82,42068.0,725.0,535.3
SAHAS,12/18/2023,512.8,520.0,493.0,504.0,0.04,70009.0,725.0,535.3
SAHAS,12/19/2023,504.5,513.0,496.0,510.0,1.19,24761.0,725.0,535.3
SAHAS,12/20/2023,500.0,524.0,500.0,518.0,1.57,70352.0,725.0,535.3
SAHAS,12/21/2023,528.3,528.3,500.0,519.9,0.37,40822.0,725.0,535.3
SAHAS,12/24/2023,510.0,545.0,510.0,513.5,-1.23,102660.0,725.0,535.3
SAHAS,12/27/2023,520.0,530.0,510.0,518.0,0.88,72309.0,725.0,535.3
SAHAS,12/28/2023,510.0,521.4,510.0,518.0,0.0,17279.0,725.0,535.3
SAHAS,1/1/2024,512.0,523.9,505.0,505.0,-2.51,38155.0,725.0,535.3
SAHAS,1/2/2024,505.0,510.0,496.0,510.0,0.99,27806.0,725.0,535.3
SAHAS,1/3/2024,500.0,527.0,499.8,512.0,0.39,24548.0,725.0,535.3
SAHAS,1/4/2024,510.0,530.4,510.0,521.0,1.76,81972.0,725.0,535.3
SAHAS,1/7/2024,522.0,539.9,521.3,530.0,1.73,90773.0,725.0,535.3
SAHAS,1/8/2024,526.0,549.5,526.0,545.0,2.83,67395.0,725.0,535.3
SAHAS,1/9/2024,555.9,558.9,545.0,547.0,0.37,109783.0,725.0,535.3
SAHAS,1/10/2024,547.0,557.9,541.0,549.8,0.51,84912.0,725.0,535.3
SAHAS,1/11/2024,543.0,565.0,542.1,556.8,1.27,73783.0,725.0,535.3
SAHAS,1/14/2024,556.8,567.0,556.8,564.0,1.29,41823.0,725.0,535.3
SAHAS,1/16/2024,575.2,603.0,575.2,591.0,4.79,146922.0,725.0,535.3
SAHAS,1/17/2024,591.0,600.3,566.0,568.1,-3.87,111052.0,725.0,535.3
SAHAS,1/18/2024,567.2,590.0,557.0,583.0,2.62,97334.0,725.0,535.3
SAHAS,1/21/2024,580.0,610.0,577.0,577.0,-1.03,59134.0,725.0,535.3
SAHAS,1/22/2024,570.0,580.9,560.3,567.1,-1.72,64767.0,725.0,535.3
SAHAS,1/23/2024,561.5,570.4,555.0,569.0,0.34,42708.0,725.0,535.3
SAHAS,1/24/2024,560.0,568.0,550.0,551.2,-3.13,25334.0,725.0,535.3
SAHAS,1/25/2024,550.0,561.0,544.0,550.0,-0.22,20171.0,725.0,535.3
SAHAS,1/28/2024,542.5,561.0,540.0,553.9,0.71,22102.0,725.0,535.3
SAHAS,1/29/2024,543.0,570.0,543.0,562.5,1.55,38325.0,725.0,535.3
SAHAS,1/30/2024,573.5,579.9,563.0,566.1,0.64,44760.0,725.0,535.3
SAHAS,1/31/2024,556.0,576.0,556.0,563.1,-0.53,31592.0,725.0,535.3
SAHAS,2/1/2024,560.0,560.1,548.0,559.9,-0.57,20181.0,725.0,535.3
SAHAS,2/4/2024,549.0,560.4,542.0,557.0,-0.52,21589.0,725.0,535.3
SAHAS,2/5/2024,550.2,563.9,550.2,559.0,0.36,10768.0,725.0,535.3
SAHAS,2/6/2024,548.2,573.0,548.2,560.2,0.21,22375.0,725.0,535.3
SAHAS,2/7/2024,560.1,569.9,560.1,565.0,0.86,32901.0,725.0,535.3
SAHAS,2/8/2024,559.1,570.0,559.1,568.5,0.62,19895.0,725.0,535.3
SAHAS,2/11/2024,579.8,589.0,575.0,576.5,1.41,74946.0,725.0,535.3
SAHAS,2/12/2024,583.0,587.0,575.0,585.2,1.51,29261.0,725.0,535.3
SAHAS,2/13/2024,580.0,581.9,568.0,570.0,-2.6,39495.0,725.0,535.3
SAHAS,2/14/2024,563.0,573.0,563.0,567.0,-0.53,13851.0,725.0,535.3
SAHAS,2/15/2024,565.0,576.3,558.0,566.0,-0.18,23123.0,725.0,535.3
SAHAS,2/18/2024,566.0,566.0,554.7,554.7,-2.0,18375.0,725.0,535.3
SAHAS,2/20/2024,550.0,561.0,545.0,560.0,0.96,16559.0,725.0,535.3
SAHAS,2/21/2024,549.1,568.0,549.1,550.9,-1.62,18676.0,725.0,535.3
SAHAS,2/22/2024,550.0,550.0,533.4,536.0,-2.7,28115.0,725.0,535.3
SAHAS,2/25/2024,526.0,537.0,525.0,525.0,-2.05,11882.0,725.0,535.3
SAHAS,2/26/2024,519.0,534.0,519.0,530.0,0.95,9136.0,725.0,535.3
SAHAS,2/27/2024,523.0,539.5,523.0,529.0,-0.19,5795.0,725.0,535.3
SAHAS,2/28/2024,522.0,533.0,521.0,533.0,0.76,5483.0,725.0,535.3
SAHAS,2/29/2024,525.0,528.0,515.7,520.0,-2.44,10128.0,725.0,535.3
SAHAS,3/3/2024,510.0,522.0,510.0,521.9,0.37,18921.0,725.0,535.3
SAHAS,3/4/2024,532.0,558.0,532.0,558.0,6.92,330.0,725.0,535.3
SAHAS,3/5/2024,546.9,550.0,525.0,526.0,-5.73,16909.0,725.0,535.3
SAHAS,3/6/2024,517.0,540.0,517.0,538.9,2.45,11840.0,725.0,535.3
SAHAS,3/7/2024,549.5,549.6,530.0,537.0,-0.35,16654.0,725.0,535.3
SAHAS,3/10/2024,538.0,545.0,528.0,535.0,-0.37,9963.0,725.0,535.3
SAHAS,3/12/2024,535.0,550.8,535.0,545.0,1.87,18202.0,725.0,535.3
SAHAS,3/13/2024,545.0,554.0,535.1,548.8,0.7,12565.0,725.0,535.3
SAHAS,3/14/2024,539.0,546.0,539.0,540.1,-1.59,9880.0,725.0,535.3
SAHAS,3/17/2024,531.0,536.0,530.1,532.5,-1.41,8426.0,725.0,535.3
SAHAS,3/18/2024,525.0,533.9,525.0,531.9,-0.11,6834.0,725.0,535.3
SAHAS,3/19/2024,524.3,534.0,522.2,531.3,-0.11,7547.0,725.0,535.3
SAHAS,3/20/2024,526.4,534.0,526.4,530.0,-0.24,12480.0,725.0,535.3
SAHAS,3/21/2024,525.0,533.0,525.0,527.1,-0.55,13104.0,725.0,535.3
SAHAS,3/25/2024,520.0,525.0,515.5,524.0,-0.59,7886.0,725.0,535.3
SAHAS,3/26/2024,515.0,526.0,515.0,521.0,-0.57,12690.0,725.0,535.3
SAHAS,3/27/2024,513.0,523.0,513.0,520.0,-0.19,5809.0,725.0,535.3
SAHAS,3/28/2024,520.0,525.0,514.0,515.0,-0.96,13995.0,725.0,535.3
SAHAS,3/31/2024,510.0,521.0,510.0,519.0,0.78,13729.0,725.0,535.3
SAHAS,4/1/2024,517.0,525.0,510.3,516.0,-0.58,6657.0,725.0,535.3
SAHAS,4/2/2024,515.0,521.0,510.0,514.0,-0.39,10493.0,725.0,535.3
SAHAS,4/3/2024,504.0,517.0,504.0,514.1,0.02,6244.0,725.0,535.3
SAHAS,4/4/2024,506.0,516.0,506.0,513.2,-0.18,6340.0,725.0,535.3
SAHAS,4/7/2024,510.0,520.0,510.0,520.0,1.33,12142.0,725.0,535.3
SAHAS,4/9/2024,515.0,530.0,511.5,521.0,0.19,11764.0,725.0,535.3
SAHAS,4/10/2024,517.0,522.0,517.0,519.0,-0.38,9873.0,725.0,535.3
SAHAS,4/14/2024,510.5,530.4,510.5,518.6,-0.08,6588.0,725.0,535.3
SAHAS,4/15/2024,509.1,522.3,509.1,514.0,-0.89,9910.0,725.0,535.3
SAHAS,4/16/2024,524.0,524.0,513.1,513.1,-0.18,6790.0,725.0,535.3
SAHAS,4/18/2024,510.0,511.0,503.1,505.5,-1.48,7077.0,725.0,535.3
SAHAS,4/21/2024,496.0,524.0,495.5,507.0,0.3,10094.0,725.0,535.3
SAHAS,4/22/2024,500.0,506.1,497.5,500.4,-1.3,2181.0,725.0,535.3
SAHAS,4/24/2024,491.0,504.9,491.0,501.1,0.14,2974.0,725.0,535.3
SAHAS,4/25/2024,492.2,501.0,492.2,498.0,-0.62,6106.0,725.0,535.3
SAHAS,4/28/2024,498.0,503.0,490.0,495.5,-0.5,4994.0,725.0,535.3
SAHAS,4/29/2024,494.0,503.5,493.6,500.0,0.91,7552.0,725.0,535.3
SAHAS,4/30/2024,494.0,520.0,491.1,509.6,1.92,11078.0,725.0,535.3
SAHAS,5/2/2024,501.0,515.0,501.0,502.0,-1.49,6351.0,725.0,535.3
SAHAS,5/5/2024,492.0,501.9,492.0,492.0,-1.99,6256.0,725.0,535.3
SAHAS,5/6/2024,491.0,495.0,485.0,487.0,-1.02,10617.0,725.0,535.3
SAHAS,5/7/2024,484.0,500.0,484.0,486.6,-0.08,8332.0,725.0,535.3
SAHAS,5/8/2024,485.0,490.0,480.0,487.9,0.27,11177.0,725.0,535.3
SAHAS,5/9/2024,497.6,497.6,476.5,484.0,-0.8,3501.0,725.0,535.3
SAHAS,5/12/2024,485.0,493.0,485.0,486.8,0.58,7027.0,725.0,535.3
SAHAS,5/13/2024,482.0,493.0,482.0,491.5,0.97,4920.0,725.0,535.3
SAHAS,5/14/2024,488.0,520.0,488.0,510.0,3.76,15439.0,725.0,535.3
SAHAS,5/15/2024,505.0,520.2,504.0,507.4,-0.51,4730.0,725.0,535.3
SAHAS,5/16/2024,500.0,517.0,499.0,509.0,0.32,10194.0,725.0,535.3
SAHAS,5/19/2024,519.1,559.9,508.0,539.0,5.89,56491.0,725.0,535.3
SAHAS,5/20/2024,532.7,568.2,532.7,555.0,2.97,87192.0,725.0,535.3
SAHAS,5/21/2024,550.0,571.0,544.0,547.0,-1.44,45230.0,725.0,535.3
SAHAS,5/22/2024,540.1,560.0,535.0,538.0,-1.65,19685.0,725.0,535.3
SAHAS,5/26/2024,538.0,557.9,530.1,535.0,-0.56,25558.0,725.0,535.3
SAHAS,5/27/2024,535.0,545.0,525.3,534.0,-0.19,17005.0,725.0,535.3
SAHAS,5/29/2024,539.0,544.0,527.1,531.0,-0.56,17465.0,725.0,535.3
SAHAS,5/30/2024,526.0,540.0,526.0,527.0,-0.75,12796.0,725.0,535.3
SAHAS,6/2/2024,522.0,544.0,522.0,539.0,2.28,19930.0,725.0,535.3
SAHAS,6/3/2024,549.0,549.0,525.3,532.0,-1.3,14429.0,725.0,535.3
SAHAS,6/4/2024,527.1,533.0,521.5,521.5,-1.97,12230.0,725.0,535.3
SAHAS,6/5/2024,522.1,532.5,518.0,519.0,-0.48,7262.0,725.0,535.3
SAHAS,6/6/2024,513.0,529.0,513.0,517.0,-0.39,9930.0,725.0,535.3
SAHAS,6/9/2024,520.0,534.0,517.3,526.1,1.76,11202.0,725.0,535.3
SAHAS,6/10/2024,520.0,538.5,519.4,536.0,1.88,20905.0,725.0,535.3
SAHAS,6/11/2024,543.0,553.0,535.0,545.0,1.68,23499.0,725.0,535.3
SAHAS,6/12/2024,545.0,553.9,533.0,543.0,-0.37,17131.0,725.0,535.3
SAHAS,6/13/2024,535.1,544.0,526.3,528.1,-2.74,11212.0,725.0,535.3
SAHAS,6/16/2024,525.0,530.0,521.1,521.1,-1.33,9615.0,725.0,535.3
SAHAS,6/18/2024,521.0,527.0,514.2,519.0,-0.4,16052.0,725.0,535.3
SAHAS,6/19/2024,519.0,522.0,511.0,516.0,-0.58,28277.0,725.0,535.3
SAHAS,6/20/2024,516.0,519.0,508.0,512.0,-0.78,12806.0,725.0,535.3
SAHAS,6/23/2024,512.0,522.0,503.1,514.5,0.49,8412.0,725.0,535.3
SAHAS,6/24/2024,505.0,524.7,505.0,515.0,0.1,20128.0,725.0,535.3
SAHAS,6/25/2024,522.0,529.0,509.0,510.1,-0.95,18528.0,725.0,535.3
SAHAS,6/26/2024,511.0,516.0,505.0,506.0,-0.8,15540.0,725.0,535.3
SAHAS,6/27/2024,497.0,514.0,497.0,505.6,-0.08,10775.0,725.0,535.3
SAHAS,6/30/2024,506.0,506.0,498.2,500.0,-1.11,12782.0,725.0,535.3
SAHAS,7/1/2024,505.0,509.0,500.0,508.0,1.6,13536.0,725.0,535.3
SAHAS,7/2/2024,518.0,548.7,500.0,511.0,0.59,20800.0,725.0,535.3
SAHAS,7/3/2024,505.0,515.0,500.0,503.9,-1.39,18806.0,725.0,535.3
SAHAS,7/4/2024,498.6,523.0,498.6,523.0,3.79,25271.0,725.0,535.3
SAHAS,7/7/2024,525.0,525.5,510.1,520.9,-0.4,26969.0,725.0,535.3
SAHAS,7/8/2024,515.0,519.9,510.5,517.5,-0.65,7687.0,725.0,535.3
SAHAS,7/9/2024,522.0,527.0,508.0,516.9,-0.12,16184.0,725.0,535.3
SAHAS,7/10/2024,523.0,524.0,509.4,519.9,0.58,17398.0,725.0,535.3
SAHAS,7/11/2024,520.0,522.0,512.3,519.9,0.0,18513.0,725.0,535.3
SAHAS,7/14/2024,530.0,550.0,519.9,525.8,1.13,29812.0,725.0,535.3
SAHAS,7/15/2024,536.3,536.3,515.0,519.0,-1.29,19758.0,725.0,535.3
SAHAS,7/16/2024,521.0,539.0,515.0,538.8,3.82,37286.0,725.0,535.3
SAHAS,7/17/2024,545.0,550.0,535.0,547.0,1.52,50163.0,725.0,535.3
SAHAS,7/18/2024,550.0,563.0,542.0,549.0,0.37,70127.0,725.0,535.3
SAHAS,7/21/2024,550.0,559.2,544.0,557.9,1.62,67394.0,725.0,535.3
SAHAS,7/22/2024,557.9,567.0,550.0,551.3,-1.18,60300.0,725.0,535.3
SAHAS,7/23/2024,550.0,606.4,546.4,606.4,9.99,251542.0,725.0,535.3
SAHAS,7/24/2024,618.5,667.0,618.0,657.7,8.46,225133.0,725.0,535.3
SAHAS,7/25/2024,657.7,657.7,632.2,640.0,-2.69,88450.0,725.0,535.3
SAHAS,7/28/2024,652.0,652.0,620.0,627.3,-1.98,119286.0,725.0,535.3
SAHAS,7/29/2024,627.3,663.0,615.0,627.0,-0.05,84368.0,725.0,535.3
SAHAS,7/30/2024,622.0,652.8,621.0,639.1,1.93,109842.0,725.0,535.3
SAHAS,7/31/2024,645.0,653.8,635.0,636.0,-0.49,156165.0,725.0,535.3
SAHAS,8/1/2024,623.3,640.0,617.5,622.0,-2.2,237561.0,725.0,535.3
SAHAS,8/5/2024,634.4,667.0,615.2,650.0,4.5,168615.0,725.0,535.3
SAHAS,8/6/2024,655.0,668.0,625.0,625.0,-3.85,205676.0,725.0,535.3
SAHAS,8/7/2024,625.0,652.0,620.5,652.0,4.32,99568.0,725.0,535.3
SAHAS,8/8/2024,653.0,670.0,641.0,653.0,0.15,153907.0,725.0,535.3
SAHAS,8/11/2024,666.0,700.0,650.0,694.0,6.28,203624.0,725.0,535.3
SAHAS,8/12/2024,707.8,725.0,675.4,681.0,-1.87,168973.0,725.0,535.3
SAHAS,8/13/2024,682.0,697.0,666.0,676.0,-0.73,88280.0,725.0,535.3
SAHAS,8/14/2024,665.0,680.0,660.0,670.0,-0.89,82641.0,725.0,535.3
SAHAS,8/15/2024,670.0,698.7,670.0,681.0,1.64,176544.0,725.0,535.3
SAHAS,8/18/2024,680.0,689.0,650.0,657.9,-3.39,97938.0,725.0,535.3
SAHAS,8/21/2024,670.0,681.0,655.0,670.0,1.84,144377.0,725.0,535.3
SAHAS,8/22/2024,683.4,684.9,656.6,656.7,-1.99,68056.0,725.0,535.3
SAHAS,8/25/2024,652.0,672.0,641.2,649.1,-1.16,45521.0,725.0,535.3
SAHAS,8/27/2024,639.0,655.0,625.2,626.0,-3.56,68302.0,725.0,535.3
SAHAS,8/28/2024,638.5,640.0,614.0,616.0,-1.6,29472.0,725.0,535.3
SAHAS,8/29/2024,616.0,627.0,599.0,602.0,-2.27,61912.0,725.0,535.3
SAHAS,9/1/2024,614.0,614.0,570.0,576.0,-4.32,86826.0,725.0,535.3
SAHAS,9/2/2024,570.0,621.9,562.0,621.0,7.81,130468.0,725.0,535.3
SAHAS,9/3/2024,621.0,635.0,613.1,617.5,-0.56,52941.0,725.0,535.3
SAHAS,9/4/2024,617.5,617.5,591.0,591.1,-4.28,60313.0,725.0,535.3
SAHAS,9/5/2024,593.0,600.0,575.1,590.0,-0.19,36803.0,725.0,535.3
SAHAS,9/8/2024,580.0,612.0,580.0,593.6,0.61,72991.0,725.0,535.3
SAHAS,9/9/2024,605.0,616.0,577.0,580.0,-2.29,38135.0,725.0,535.3
SAHAS,9/10/2024,590.0,602.0,570.4,602.0,3.79,38015.0,725.0,535.3
SAHAS,9/11/2024,590.0,599.0,580.0,582.0,-3.32,31156.0,725.0,535.3
SAHAS,9/12/2024,582.0,618.0,582.0,617.0,6.01,93238.0,725.0,535.3
SAHAS,9/15/2024,628.0,628.0,583.2,590.0,-4.38,36140.0,725.0,535.3
SAHAS,9/16/2024,580.1,600.0,569.1,583.0,-1.19,19467.0,725.0,535.3
SAHAS,9/18/2024,594.6,606.4,578.3,587.9,0.84,220415.0,725.0,535.3
SAHAS,9/22/2024,599.6,609.0,556.7,563.0,-4.24,117574.0,725.0,535.3
SAHAS,9/23/2024,574.2,585.0,514.0,524.9,-6.77,141710.0,725.0,535.3
SAHAS,9/24/2024,520.0,529.9,510.3,515.0,-1.89,37257.0,725.0,535.3
SAHAS,9/25/2024,520.0,520.0,495.0,513.5,-0.29,54659.0,725.0,535.3
SAHAS,9/26/2024,520.0,525.0,514.0,517.5,0.78,76343.0,725.0,535.3
SAHAS,9/29/2024,469.6,475.0,455.0,456.0,-11.88,38875.0,725.0,535.3
SAHAS,9/30/2024,456.0,456.0,436.0,446.9,-2.0,33026.0,725.0,535.3
SAHAS,10/1/2024,446.9,473.2,442.0,455.3,1.88,129103.0,725.0,535.3
SAHAS,10/2/2024,455.0,482.6,450.9,455.0,-0.07,66644.0,725.0,535.3
SAHAS,10/6/2024,445.9,499.5,409.5,489.0,7.47,1460936.0,725.0,535.3
SAHAS,10/7/2024,498.7,508.0,480.0,480.0,-1.84,283115.0,725.0,535.3
SAHAS,10/8/2024,485.0,485.1,461.0,469.9,-2.1,181376.0,725.0,535.3
SAHAS,10/9/2024,460.6,471.0,435.0,463.0,-1.47,332574.0,725.0,535.3
SAHAS,10/15/2024,468.0,491.5,459.1,484.0,4.54,155710.0,725.0,535.3
SAHAS,10/16/2024,483.0,494.9,480.1,485.0,0.21,217012.0,725.0,535.3
SAHAS,10/17/2024,484.0,495.0,478.0,486.1,0.23,326474.0,725.0,535.3
SAHAS,10/20/2024,486.1,490.0,471.0,479.0,-1.46,305706.0,725.0,535.3
SAHAS,10/21/2024,488.5,488.5,472.3,473.5,-1.15,164110.0,725.0,535.3
SAHAS,10/22/2024,482.0,482.0,472.5,477.0,0.74,114856.0,725.0,535.3
SAHAS,10/23/2024,486.5,515.0,478.1,504.9,5.85,522385.0,725.0,535.3
SAHAS,10/24/2024,513.0,537.5,500.0,531.0,5.17,477472.0,725.0,535.3
SAHAS,10/27/2024,541.6,541.6,511.0,516.9,-2.66,227611.0,725.0,535.3
SAHAS,10/28/2024,516.9,530.0,507.0,522.0,0.99,209195.0,725.0,535.3
SAHAS,10/29/2024,522.0,535.3,520.0,532.1,1.93,230269.0,725.0,535.3
SAHAS,10/30/2024,530.0,539.0,525.7,529.0,-0.58,188464.0,725.0,535.3
SAHAS,11/5/2024,539.5,539.5,520.0,525.0,-0.76,70879.0,725.0,535.3
SAHAS,11/6/2024,521.0,540.0,518.0,537.0,2.29,217640.0,725.0,535.3
SAHAS,11/10/2024,538.0,558.0,531.1,555.0,3.35,352166.0,725.0,535.3
SAHAS,11/11/2024,566.1,576.0,539.9,552.1,-0.52,686969.0,725.0,535.3
SAHAS,11/12/2024,560.0,565.0,545.1,548.0,-0.74,237824.0,725.0,535.3
SAHAS,11/13/2024,558.9,558.9,545.0,549.9,0.35,140635.0,725.0,535.3
SAHAS,11/14/2024,549.1,558.0,548.0,550.0,0.02,216947.0,725.0,535.3
SAHAS,11/17/2024,560.0,560.0,548.0,549.9,-0.02,169859.0,725.0,535.3
SAHAS,11/19/2024,555.0,555.0,530.1,530.1,-3.6,225034.0,725.0,535.3
SAHAS,11/20/2024,540.0,540.0,523.1,531.0,0.17,135017.0,725.0,535.3
SAHAS,11/21/2024,531.0,540.0,522.0,523.9,-1.34,135170.0,725.0,535.3
SAHAS,11/24/2024,525.2,529.0,510.2,514.4,-1.81,127041.0,725.0,535.3
SAHAS,11/25/2024,513.6,519.7,509.0,512.9,-0.29,132769.0,725.0,535.3
SAHAS,11/26/2024,521.0,525.0,513.0,525.0,2.36,106676.0,725.0,535.3
SAHAS,11/27/2024,525.0,535.0,523.0,532.0,1.33,114132.0,725.0,535.3
SAHAS,11/28/2024,535.0,535.0,523.1,527.0,-0.94,91270.0,725.0,535.3
SAHAS,12/1/2024,518.0,525.0,515.0,515.0,-2.28,110407.0,725.0,535.3
SAHAS,12/2/2024,518.1,520.0,509.1,510.0,-0.97,129564.0,725.0,535.3
SAHAS,12/3/2024,510.0,519.0,510.0,512.1,0.41,103722.0,725.0,535.3
SAHAS,12/4/2024,512.2,520.0,512.2,513.0,0.18,97363.0,725.0,535.3
SAHAS,12/5/2024,508.1,514.0,500.1,501.0,-2.34,102587.0,725.0,535.3
SAHAS,12/8/2024,500.0,501.9,490.6,493.0,-1.6,136069.0,725.0,535.3
SAHAS,12/9/2024,495.0,499.9,487.3,489.0,-0.81,99902.0,725.0,535.3
SAHAS,12/10/2024,490.0,495.0,480.3,490.0,0.2,118930.0,725.0,535.3
SAHAS,12/11/2024,488.2,501.0,486.6,499.0,1.84,73879.0,725.0,535.3
SAHAS,12/12/2024,499.0,507.0,495.0,495.0,-0.8,64297.0,725.0,535.3
SAHAS,12/16/2024,495.0,495.0,485.0,485.0,-2.02,77954.0,725.0,535.3
SAHAS,12/17/2024,483.0,491.8,479.0,480.0,-1.03,67814.0,725.0,535.3
SAHAS,12/18/2024,485.0,488.0,480.0,480.0,0.0,75906.0,725.0,535.3
SAHAS,12/19/2024,485.0,485.0,476.0,476.7,-0.69,66580.0,725.0,535.3
SAHAS,12/22/2024,476.2,479.0,470.0,470.0,-1.41,79257.0,725.0,535.3
SAHAS,12/23/2024,470.8,476.0,469.1,476.0,1.28,67184.0,725.0,535.3
SAHAS,12/24/2024,485.5,485.5,472.0,478.0,0.42,68657.0,725.0,535.3
SAHAS,12/26/2024,478.0,480.0,474.0,476.0,-0.42,50595.0,725.0,535.3
SAHAS,12/29/2024,479.0,480.0,471.0,472.0,-0.84,44380.0,725.0,535.3
SAHAS,12/31/2024,475.0,475.0,464.3,468.0,-0.85,61245.0,725.0,535.3
SAHAS,1/1/2025,468.0,473.7,465.1,466.0,-0.43,34173.0,725.0,535.3
SAHAS,1/2/2025,475.3,475.3,465.1,465.5,-0.11,68120.0,725.0,535.3
SAHAS,1/5/2025,474.8,474.8,463.0,464.0,-0.32,87727.0,725.0,535.3
SAHAS,1/6/2025,464.1,510.0,464.1,504.4,8.71,275791.0,725.0,535.3
SAHAS,1/7/2025,510.0,534.4,508.0,518.0,2.7,279725.0,725.0,535.3
SAHAS,1/8/2025,528.0,528.0,505.0,508.0,-1.93,130636.0,725.0,535.3
SAHAS,1/9/2025,505.0,555.0,499.0,511.0,0.59,247062.0,725.0,535.3
SAHAS,1/12/2025,512.0,513.0,491.0,494.5,-3.23,96389.0,725.0,535.3
SAHAS,1/13/2025,490.0,497.0,488.0,491.0,-0.71,165518.0,725.0,535.3
SAHAS,1/15/2025,497.0,530.0,485.0,489.0,-0.41,168024.0,725.0,535.3
SAHAS,1/16/2025,488.0,495.0,480.0,485.2,-0.78,132912.0,725.0,535.3
SAHAS,1/19/2025,486.0,492.0,485.7,488.5,0.68,87940.0,725.0,535.3
SAHAS,1/20/2025,497.0,518.0,485.0,487.0,-0.31,132417.0,725.0,535.3
SAHAS,1/21/2025,496.0,496.0,483.1,483.2,-0.78,66140.0,725.0,535.3
SAHAS,1/22/2025,485.0,497.0,483.2,491.0,1.61,118191.0,725.0,535.3
SAHAS,1/23/2025,491.6,492.9,479.7,487.0,-0.81,342179.0,725.0,535.3
SAHAS,1/26/2025,487.0,496.0,484.0,485.1,-0.39,223257.0,725.0,535.3
SAHAS,1/27/2025,485.1,491.0,480.3,484.3,-0.16,133780.0,725.0,535.3
SAHAS,1/28/2025,484.0,493.0,484.0,489.0,0.97,210843.0,725.0,535.3
SAHAS,2/2/2025,498.7,502.0,490.0,496.9,1.62,228634.0,725.0,535.3
SAHAS,2/3/2025,506.8,524.2,500.0,514.8,3.6,540121.0,725.0,535.3
SAHAS,2/4/2025,519.0,520.0,507.1,509.3,-1.07,155884.0,725.0,535.3
SAHAS,2/5/2025,515.0,515.0,505.0,505.3,-0.79,151271.0,725.0,535.3
SAHAS,2/6/2025,515.4,525.0,506.3,507.9,0.51,614282.0,725.0,535.3
SAHAS,2/9/2025,508.0,517.0,504.0,504.2,-0.73,205481.0,725.0,535.3
SAHAS,2/10/2025,505.0,511.8,497.0,498.0,-1.23,165323.0,725.0,535.3
SAHAS,2/11/2025,500.0,507.0,498.0,502.0,0.8,106551.0,725.0,535.3
SAHAS,2/12/2025,499.9,509.6,499.9,504.4,0.48,149428.0,725.0,535.3
SAHAS,2/13/2025,500.0,508.1,500.0,504.0,-0.08,101764.0,725.0,535.3
SAHAS,2/16/2025,502.5,510.5,502.5,504.0,0.0,110059.0,725.0,535.3
SAHAS,2/17/2025,504.1,509.8,504.1,507.0,0.6,126976.0,725.0,535.3
SAHAS,2/18/2025,509.0,512.0,504.7,505.5,-0.3,178804.0,725.0,535.3
SAHAS,2/20/2025,509.9,509.9,504.4,505.0,-0.1,132056.0,725.0,535.3
SAHAS,2/23/2025,504.6,506.0,495.0,504.8,-0.04,155024.0,725.0,535.3
SAHAS,2/24/2025,504.8,510.0,501.7,501.9,-0.57,138485.0,725.0,535.3
SAHAS,2/25/2025,502.2,505.0,500.1,501.0,-0.18,102488.0,725.0,535.3
SAHAS,2/27/2025,511.0,511.0,501.0,506.8,1.16,128085.0,725.0,535.3
SAHAS,3/2/2025,515.0,540.0,510.0,536.0,5.76,510575.0,725.0,535.3
SAHAS,3/3/2025,536.0,555.0,536.0,546.0,1.87,470469.0,725.0,535.3
SAHAS,3/4/2025,550.0,554.0,536.0,536.4,-1.76,309001.0,725.0,535.3
SAHAS,3/5/2025,532.3,535.0,522.0,526.0,-1.94,218865.0,725.0,535.3
SAHAS,3/6/2025,524.1,526.7,517.6,518.0,-1.52,177026.0,725.0,535.3
SAHAS,3/9/2025,518.4,521.0,511.1,512.0,-1.16,161693.0,725.0,535.3
SAHAS,3/10/2025,512.0,522.0,508.6,510.0,-0.39,141104.0,725.0,535.3
SAHAS,3/11/2025,518.0,518.0,507.7,508.0,-0.39,147940.0,725.0,535.3
SAHAS,3/12/2025,505.0,515.0,505.0,510.0,0.39,101201.0,725.0,535.3
SAHAS,3/16/2025,508.0,510.0,505.3,507.0,-0.59,133850.0,725.0,535.3
SAHAS,3/17/2025,507.0,512.0,505.2,509.0,0.39,97293.0,725.0,535.3
SAHAS,3/18/2025,510.0,510.0,506.6,507.5,-0.29,63255.0,725.0,535.3
SAHAS,3/19/2025,507.5,511.0,506.0,506.2,-0.26,65663.0,725.0,535.3
SAHAS,3/20/2025,506.0,508.0,505.0,505.16,-0.21,98384.0,725.0,535.3
SAHAS,3/23/2025,505.0,505.4,495.0,495.28,-1.96,120141.0,725.0,535.3
SAHAS,3/24/2025,495.0,500.0,490.0,498.53,0.66,72403.0,725.0,535.3
SAHAS,3/25/2025,495.5,498.0,485.1,485.98,-2.52,102003.0,725.0,535.3
SAHAS,3/26/2025,488.0,492.0,483.3,490.69,0.97,62277.0,725.0,535.3
SAHAS,3/27/2025,493.0,501.2,493.0,500.19,1.94,89465.0,725.0,535.3
SAHAS,3/30/2025,500.1,510.0,497.5,502.65,0.49,109490.0,725.0,535.3
SAHAS,4/1/2025,509.4,509.8,498.0,503.78,0.22,62305.0,725.0,535.3
SAHAS,4/2/2025,513.8,513.8,498.5,504.2,0.08,45920.0,725.0,535.3
SAHAS,4/3/2025,505.6,508.9,503.1,503.65,-0.11,101981.0,725.0,535.3
SAHAS,4/7/2025,503.0,504.0,499.0,499.83,-0.76,121126.0,725.0,535.3
SAHAS,4/8/2025,498.0,499.0,494.8,498.15,-0.34,62250.0,725.0,535.3
SAHAS,4/9/2025,500.0,502.5,497.0,498.85,0.14,51485.0,725.0,535.3
SAHAS,4/10/2025,505.0,508.0,497.0,499.55,0.14,54712.0,725.0,535.3
SAHAS,4/13/2025,500.1,506.9,499.0,501.3,0.35,61696.0,725.0,535.3
SAHAS,4/15/2025,498.1,505.0,498.1,501.76,0.09,53995.0,725.0,535.3
SAHAS,4/16/2025,502.0,507.0,497.3,504.85,0.62,83124.0,725.0,535.3
SAHAS,4/17/2025,505.0,520.0,503.0,514.48,1.91,172240.0,725.0,535.3
SAHAS,4/20/2025,515.0,515.5,508.0,509.32,-1.0,109876.0,725.0,535.3
SAHAS,4/21/2025,499.5,516.9,499.5,508.43,-0.17,118938.0,725.0,535.3
SAHAS,4/22/2025,512.0,515.0,507.4,507.67,-0.15,78303.0,725.0,535.3
SAHAS,4/23/2025,509.0,510.8,500.0,501.55,-1.21,112164.0,725.0,535.3
SAHAS,4/24/2025,500.3,503.0,496.2,499.54,-0.4,91641.0,725.0,535.3
SAHAS,4/27/2025,500.0,509.0,497.0,498.08,-0.29,135060.0,725.0,535.3
SAHAS,4/28/2025,501.0,506.0,496.0,498.3,0.04,91326.0,725.0,535.3
SAHAS,4/29/2025,498.0,505.0,496.0,498.35,0.01,51350.0,725.0,535.3
SAHAS,4/30/2025,500.0,505.0,499.0,501.38,0.61,92232.0,725.0,535.3
SAHAS,5/4/2025,511.4,516.0,502.0,503.63,0.45,163874.0,725.0,535.3
SAHAS,5/5/2025,495.0,510.0,495.0,503.65,0.0,78347.0,725.0,535.3
SAHAS,5/6/2025,513.7,540.0,510.0,534.37,6.1,530825.0,725.0,535.3
SAHAS,5/7/2025,545.0,545.0,535.0,536.2,0.34,378784.0,725.0,535.3
SAHAS,5/8/2025,542.0,542.0,528.2,533.66,-0.47,250898.0,725.0,535.3
SAHAS,5/11/2025,538.5,540.0,518.0,519.09,-2.73,210551.0,725.0,535.3
SAHAS,5/13/2025,508.8,536.0,508.8,520.76,0.32,148731.0,725.0,535.3
SAHAS,5/14/2025,520.8,525.0,510.6,512.34,-1.62,92054.0,725.0,535.3
SAHAS,5/15/2025,513.0,517.9,512.0,513.51,0.23,93657.0,725.0,535.3
SAHAS,5/18/2025,515.0,522.0,515.0,516.71,0.62,115475.0,725.0,535.3
SAHAS,5/19/2025,516.0,525.0,516.0,523.14,1.24,92251.0,725.0,535.3
SAHAS,5/20/2025,524.0,540.7,518.1,532.99,1.88,115389.0,725.0,535.3
SAHAS,5/21/2025,543.6,554.4,523.0,526.53,-1.21,211130.0,725.0,535.3
SAHAS,5/22/2025,524.0,541.9,521.0,522.89,-0.69,195256.0,725.0,535.3
SAHAS,5/25/2025,518.0,529.8,518.0,522.2,-0.13,109235.0,725.0,535.3
SAHAS,5/26/2025,532.6,536.0,520.0,520.72,-0.28,76379.0,725.0,535.3
SAHAS,5/27/2025,521.0,527.0,516.0,516.66,-0.78,135879.0,725.0,535.3
SAHAS,5/28/2025,519.7,525.0,515.1,519.91,0.63,162823.0,725.0,535.3
SAHAS,6/2/2025,525.0,535.0,517.0,518.12,-0.34,115392.0,725.0,535.3
SAHAS,6/3/2025,507.8,528.0,507.8,519.17,0.2,80316.0,725.0,535.3
SAHAS,6/4/2025,519.0,520.0,515.0,517.99,-0.23,70342.0,725.0,535.3
SAHAS,6/5/2025,528.3,528.3,512.7,519.09,0.21,73982.0,725.0,535.3
SAHAS,6/8/2025,518.0,526.0,518.0,525.06,1.15,128194.0,725.0,535.3
SAHAS,6/9/2025,526.0,535.5,526.0,533.34,1.58,166464.0,725.0,535.3
SAHAS,6/10/2025,535.0,543.5,533.1,535.78,0.46,148823.0,725.0,535.3
SAHAS,6/11/2025,545.0,568.0,531.0,562.43,4.97,538645.0,725.0,535.3
SAHAS,6/12/2025,565.0,578.9,551.1,556.5,-1.05,489575.0,725.0,535.3
SAHAS,6/15/2025,567.0,578.0,554.0,567.27,1.94,481515.0,725.0,535.3
SAHAS,6/16/2025,576.5,579.0,554.1,555.26,-2.12,350637.0,725.0,535.3
SAHAS,6/17/2025,553.0,559.0,546.1,552.0,-0.59,192232.0,725.0,535.3
SAHAS,6/18/2025,550.1,560.0,550.1,554.22,0.4,152577.0,725.0,535.3
SAHAS,6/19/2025,550.0,566.0,544.8,545.38,-1.6,239147.0,725.0,535.3
SAHAS,6/22/2025,547.0,548.0,536.6,537.71,-1.41,161978.0,725.0,535.3
SAHAS,6/23/2025,533.0,547.0,533.0,545.53,1.45,90516.0,725.0,535.3
SAHAS,6/24/2025,534.7,556.0,534.7,552.15,1.21,153657.0,725.0,535.3
SAHAS,6/25/2025,553.0,559.9,544.2,552.53,0.07,114130.0,725.0,535.3
SAHAS,6/26/2025,552.0,570.0,552.0,565.05,2.27,381631.0,725.0,535.3
SAHAS,6/29/2025,573.0,600.2,568.1,595.06,5.31,975598.0,725.0,535.3
SAHAS,6/30/2025,606.9,606.9,585.0,588.94,-1.03,614497.0,725.0,535.3
SAHAS,7/1/2025,600.7,600.7,585.0,588.89,-0.01,185015.0,725.0,535.3
SAHAS,7/2/2025,588.0,620.0,587.0,616.0,4.6,812891.0,725.0,535.3
SAHAS,7/3/2025,623.2,627.7,610.1,611.0,-0.81,442315.0,725.0,535.3
SAHAS,7/6/2025,611.0,619.0,590.0,592.57,-3.02,464432.0,725.0,535.3
SAHAS,7/7/2025,592.6,597.0,584.3,585.4,-1.21,347462.0,725.0,535.3
SAHAS,7/8/2025,590.0,604.8,578.1,601.04,2.67,288788.0,725.0,535.3
SAHAS,7/9/2025,589.7,613.0,589.7,600.33,-0.12,322800.0,725.0,535.3
SAHAS,7/10/2025,604.0,604.0,593.0,594.01,-1.05,329878.0,725.0,535.3
SAHAS,7/13/2025,605.0,615.0,590.0,592.15,-0.31,315060.0,725.0,535.3
SAHAS,7/14/2025,590.2,608.0,590.0,603.3,1.88,301980.0,725.0,535.3
SAHAS,7/15/2025,613.0,625.2,603.4,619.02,2.61,362687.0,725.0,535.3
SAHAS,7/16/2025,622.0,645.0,621.4,640.04,3.4,531606.0,725.0,535.3
SAHAS,7/17/2025,650.0,675.0,645.0,665.27,3.94,572302.0,725.0,535.3
SAHAS,7/20/2025,670.0,683.0,660.2,662.32,-0.44,693620.0,725.0,535.3
SAHAS,7/21/2025,662.32,695.0,654.1,683.4,3.18,578638.0,725.0,535.3
SAHAS,7/22/2025,694.9,705.0,685.1,690.52,1.04,492025.0,725.0,535.3
SAHAS,7/23/2025,697.0,697.0,678.0,683.13,-1.07,370307.0,725.0,535.3
SAHAS,7/24/2025,685.0,694.0,675.1,683.49,0.05,365930.0,725.0,535.3
SAHAS,7/27/2025,686.0,695.0,678.0,679.96,-0.52,482542.0,725.0,535.3
SAHAS,7/28/2025,682.0,685.0,668.0,673.23,-0.99,426262.0,725.0,535.3
SAHAS,7/29/2025,683.5,691.9,671.0,673.26,0.0,318764.0,725.0,535.3
SAHAS,7/30/2025,686.7,686.7,668.0,669.04,-0.63,299399.0,725.0,535.3
SAHAS,7/31/2025,665.0,679.9,665.0,671.44,0.36,395721.0,725.0,535.3
SAHAS,8/3/2025,667.0,679.0,667.0,669.33,-0.31,252332.0,725.0,535.3
SAHAS,8/4/2025,682.0,682.0,665.2,676.86,1.13,291029.0,725.0,535.3
SAHAS,8/5/2025,690.0,690.0,668.0,669.01,-1.16,277512.0,725.0,535.3
SAHAS,8/6/2025,682.3,682.3,665.1,668.76,-0.04,170404.0,725.0,535.3
SAHAS,8/7/2025,670.3,678.0,669.9,676.16,1.11,177746.0,725.0,535.3
SAHAS,8/11/2025,689.6,697.0,680.0,681.3,0.76,530246.0,725.0,535.3
SAHAS,8/12/2025,667.9,686.0,667.9,669.93,-1.67,209753.0,725.0,535.3
SAHAS,8/13/2025,668.9,673.0,656.6,657.84,-1.8,242459.0,725.0,535.3
SAHAS,8/14/2025,663.8,663.8,640.1,641.82,-2.44,345282.0,725.0,535.3
SAHAS,8/17/2025,641.82,650.5,635.1,636.19,-0.88,165803.0,725.0,535.3
SAHAS,8/18/2025,632.0,645.0,629.2,642.58,1.0,178971.0,725.0,535.3
SAHAS,8/19/2025,645.0,653.8,640.0,647.03,0.69,105121.0,725.0,535.3
SAHAS,8/20/2025,645.0,649.0,640.0,640.59,-1.0,83561.0,725.0,535.3
SAHAS,8/21/2025,636.3,644.9,636.3,640.17,-0.07,79986.0,725.0,535.3
SAHAS,8/24/2025,640.0,645.0,639.0,639.66,-0.08,94294.0,725.0,535.3
SAHAS,8/25/2025,636.0,645.9,636.0,640.34,0.11,127151.0,725.0,535.3
SAHAS,8/26/2025,648.0,648.0,642.0,646.84,1.02,58870.0,725.0,535.3
SAHAS,8/27/2025,645.0,664.1,641.0,660.54,2.12,90993.0,725.0,535.3
SAHAS,8/28/2025,661.0,669.0,648.1,649.43,-1.68,114053.0,725.0,535.3
SAHAS,8/31/2025,647.0,657.0,640.0,641.17,-1.27,85744.0,725.0,535.3
SAHAS,9/1/2025,644.0,649.0,640.0,644.95,0.59,67677.0,725.0,535.3
SAHAS,9/2/2025,653.0,653.0,641.2,645.42,0.07,61258.0,725.0,535.3
SAHAS,9/3/2025,641.1,648.0,639.0,640.15,-0.82,82500.0,725.0,535.3
SAHAS,9/4/2025,640.0,641.9,630.5,637.9,-0.35,97107.0,725.0,535.3
SAHAS,9/7/2025,635.0,638.1,631.2,632.01,-0.92,74267.0,725.0,535.3
SAHAS,9/8/2025,635.0,639.0,618.0,620.77,-1.78,139590.0,725.0,535.3
SAHAS,9/18/2025,608.5,608.5,582.2,590.0,-4.96,33471.0,725.0,535.3
SAHAS,9/21/2025,580.0,631.7,580.0,628.03,6.45,180905.0,725.0,535.3
SAHAS,9/23/2025,640.5,649.0,622.0,646.1,2.88,178202.0,725.0,535.3
SAHAS,9/24/2025,646.0,646.0,630.6,640.0,-0.94,81773.0,725.0,535.3
SAHAS,9/25/2025,640.0,644.0,640.0,641.5,0.23,54572.0,725.0,535.3
SAHAS,9/28/2025,645.0,657.0,641.5,657.0,2.42,57715.0,725.0,535.3
SAHAS,10/7/2025,657.0,659.0,635.0,636.0,-3.2,112221.0,725.0,535.3
SAHAS,10/8/2025,636.0,637.2,617.0,620.1,-2.5,150530.0,725.0,535.3
SAHAS,10/9/2025,632.5,653.9,625.1,626.1,0.97,111187.0,725.0,535.3
SAHAS,10/12/2025,624.9,629.0,610.0,612.0,-2.25,147744.0,725.0,535.3
SAHAS,10/13/2025,604.0,627.0,603.1,619.0,1.14,126199.0,725.0,535.3
SAHAS,10/14/2025,619.9,624.0,610.1,610.1,-1.44,85049.0,725.0,535.3
SAHAS,10/15/2025,607.0,612.0,605.1,610.0,-0.02,66140.0,725.0,535.3
SAHAS,10/16/2025,615.0,616.6,606.0,614.9,0.8,56256.0,725.0,535.3
SAHAS,10/19/2025,619.9,628.0,615.0,626.5,1.89,79144.0,725.0,535.3
SAHAS,10/26/2025,627.0,627.0,617.0,620.8,-0.91,45064.0,725.0,535.3
SAHAS,10/28/2025,622.0,652.0,622.0,647.0,4.22,128291.0,725.0,535.3
SAHAS,10/29/2025,640.0,664.0,640.0,654.0,1.08,274901.0,725.0,535.3
SAHAS,10/30/2025,661.0,679.9,652.0,674.6,3.15,306719.0,725.0,535.3
SAHAS,11/2/2025,688.0,688.0,670.0,672.1,-0.37,240028.0,725.0,535.3
SAHAS,11/3/2025,674.0,675.9,662.0,665.0,-1.06,204249.0,725.0,535.3
SAHAS,11/4/2025,651.7,675.0,651.7,657.1,-1.19,133962.0,725.0,535.3
SAHAS,11/5/2025,650.0,668.0,650.0,668.0,1.66,99135.0,725.0,535.3
SAHAS,11/6/2025,665.2,674.7,662.0,664.8,-0.48,94771.0,725.0,535.3
SAHAS,11/9/2025,660.0,664.9,656.0,660.0,-0.72,127890.0,725.0,535.3
SAHAS,11/10/2025,646.8,667.7,646.8,656.5,-0.53,167560.0,725.0,535.3
SAHAS,11/11/2025,669.6,694.0,665.0,672.9,2.5,530965.0,725.0,535.3
SAHAS,11/12/2025,680.0,680.0,664.2,664.2,-1.29,209356.0,725.0,535.3
SAHAS,11/13/2025,670.0,672.7,664.5,667.0,0.42,183176.0,725.0,535.3
SAHAS,11/16/2025,670.0,672.0,666.0,667.0,0.0,204568.0,725.0,535.3
SAHAS,11/17/2025,672.0,685.0,669.0,679.2,1.83,265909.0,725.0,535.3
SAHAS,11/18/2025,692.7,692.7,680.0,691.0,1.74,332874.0,725.0,535.3
SAHAS,11/19/2025,704.0,704.0,678.7,680.0,-1.59,285787.0,725.0,535.3
SAHAS,11/20/2025,685.0,687.0,670.0,672.0,-1.18,619243.0,725.0,535.3
SAHAS,11/23/2025,566.4,567.0,555.0,562.1,-16.35,244277.0,725.0,535.3
SAHAS,11/24/2025,563.2,577.0,563.2,576.9,2.63,120493.0,725.0,535.3
SAHAS,11/25/2025,577.0,577.0,565.0,570.0,-1.2,138626.0,725.0,535.3
SAHAS,11/26/2025,570.0,570.0,560.0,565.7,-0.75,125271.0,725.0,535.3
SAHAS,11/27/2025,570.0,571.0,562.0,565.5,-0.04,72605.0,725.0,535.3
SAHAS,11/30/2025,570.0,570.0,554.0,555.9,-1.7,125323.0,725.0,535.3
SAHAS,12/1/2025,553.2,565.0,553.2,559.0,0.56,59129.0,725.0,535.3
SAHAS,12/2/2025,565.0,565.0,554.0,555.0,-0.72,72695.0,725.0,535.3
SAHAS,12/3/2025,555.0,559.5,548.0,549.0,-1.08,93941.0,725.0,535.3
SAHAS,12/7/2025,545.0,553.9,543.0,543.0,-1.09,67380.0,725.0,535.3
SAHAS,12/8/2025,547.0,548.0,541.0,543.8,0.15,43219.0,725.0,535.3
SAHAS,12/9/2025,554.6,554.6,541.0,545.0,0.22,58148.0,725.0,535.3
SAHAS,12/10/2025,550.0,550.0,540.0,540.0,-0.92,39291.0,725.0,535.3
SAHAS,12/11/2025,538.0,545.0,537.3,539.2,-0.15,68304.0,725.0,535.3
SAHAS,12/14/2025,540.0,543.9,537.0,538.0,-0.22,70472.0,725.0,535.3
SAHAS,12/15/2025,535.3,540.0,535.3,538.8,0.15,31433.0,725.0,535.3
SAHAS,12/16/2025,538.0,543.0,538.0,543.0,0.78,46375.0,725.0,535.3
SAHAS,12/17/2025,543.0,549.0,543.0,546.0,0.55,39364.0,725.0,535.3
SAHAS,12/18/2025,543.0,551.3,543.0,544.0,-0.37,47926.0,725.0,535.3
SAHAS,12/21/2025,542.0,551.0,540.0,549.1,0.94,85176.0,725.0,535.3
SAHAS,12/22/2025,549.1,550.0,543.4,543.8,-0.97,50703.0,725.0,535.3
SAHAS,12/23/2025,542.0,543.9,539.0,541.5,-0.42,44826.0,725.0,535.3
SAHAS,12/24/2025,540.0,548.0,540.0,543.0,0.28,46386.0,725.0,535.3
SAHAS,12/28/2025,549.9,555.0,546.1,553.6,1.95,54479.0,725.0,535.3
SAHAS,12/29/2025,553.6,562.9,550.4,551.0,-0.47,50747.0,725.0,535.3
SAHAS,12/31/2025,551.0,557.8,551.0,552.0,0.18,64377.0,725.0,535.3
SAHAS,1/1/2026,551.0,554.0,547.0,548.0,-0.72,31871.0,725.0,535.3
SAHAS,1/4/2026,550.0,550.0,543.1,544.9,-0.57,61067.0,725.0,535.3
SAHAS,1/5/2026,540.1,548.5,540.1,543.0,-0.35,122473.0,725.0,535.3
SAHAS,1/6/2026,543.0,552.0,543.0,550.5,1.38,161680.0,725.0,535.3
SAHAS,1/7/2026,550.0,551.9,543.3,548.0,-0.45,62955.0,725.0,535.3
SAHAS,1/8/2026,551.0,551.0,543.5,544.0,-0.73,76969.0,725.0,535.3
SAHAS,1/12/2026,552.0,552.0,542.6,548.0,0.74,110355.0,725.0,535.3
SAHAS,1/13/2026,547.9,555.0,543.0,549.0,0.18,98773.0,725.0,535.3
SAHAS,1/14/2026,550.0,557.0,547.2,547.9,-0.2,67358.0,725.0,535.3
SAHAS,1/18/2026,545.0,555.0,545.0,551.0,0.57,54790.0,725.0,535.3
SAHAS,1/20/2026,551.0,565.0,551.0,560.0,1.63,121694.0,725.0,535.3
SAHAS,1/21/2026,571.0,571.0,558.3,560.0,0.0,87745.0,725.0,535.3
SAHAS,1/22/2026,565.0,565.8,560.1,565.8,1.04,87463.0,725.0,535.3
SAHAS,1/25/2026,565.0,581.4,565.0,579.9,2.49,127114.0,725.0,535.3
SAHAS,1/26/2026,580.0,584.9,574.0,574.9,-0.86,168958.0,725.0,535.3
SAHAS,1/27/2026,580.0,585.0,565.0,565.0,-1.72,108922.0,725.0,535.3
SAHAS,1/28/2026,563.0,571.0,560.1,568.4,0.6,91266.0,725.0,535.3
SAHAS,1/29/2026,566.1,572.0,564.1,564.9,-0.62,56423.0,725.0,535.3
SAHAS,2/1/2026,570.0,570.0,559.0,562.0,-0.51,50571.0,725.0,535.3
SAHAS,2/2/2026,560.0,590.0,560.0,562.5,0.09,87207.0,725.0,535.3
SAHAS,2/3/2026,557.8,567.0,555.0,558.9,-0.64,65600.0,725.0,535.3
SAHAS,2/4/2026,552.0,564.0,552.0,557.6,-0.23,50982.0,725.0,535.3
SAHAS,2/5/2026,547.7,563.9,547.7,563.0,0.97,70559.0,725.0,535.3
SAHAS,2/8/2026,557.1,568.0,557.1,564.9,0.34,64425.0,725.0,535.3
SAHAS,2/9/2026,568.0,569.0,555.0,555.3,-1.7,85266.0,725.0,535.3
SAHAS,2/10/2026,555.3,556.0,549.0,550.0,-0.95,114458.0,725.0,535.3
SAHAS,2/11/2026,550.0,565.0,550.0,555.9,1.07,155835.0,725.0,535.3
SAHAS,2/12/2026,558.1,564.0,552.0,559.0,0.56,154547.0,725.0,535.3
SAHAS,2/16/2026,563.0,567.0,555.1,557.0,-0.36,110378.0,725.0,535.3
SAHAS,2/17/2026,546.0,564.0,546.0,556.0,-0.18,109531.0,725.0,535.3
SAHAS,2/22/2026,559.0,560.0,552.6,553.0,-0.54,89700.0,725.0,535.3
SAHAS,2/23/2026,553.0,556.0,551.0,554.0,0.18,67425.0,725.0,535.3
SAHAS,2/24/2026,560.0,562.0,552.1,557.0,0.54,137303.0,725.0,535.3
SAHAS,2/25/2026,548.1,562.7,548.1,562.7,1.02,80571.0,725.0,535.3
SAHAS,2/26/2026,572.0,572.0,556.2,566.0,0.59,52864.0,725.0,535.3
SAHAS,2/27/2026,572.0,572.0,556.2,566.0,0.0,52864.0,725.0,535.3
SAHAS,2/28/2026,572.0,572.0,556.2,566.0,0.0,52864.0,725.0,535.3
SAHAS,3/2/2026,567.0,581.0,555.0,579.0,2.3,231003.0,725.0,535.3
SAHAS,3/3/2026,585.0,594.8,577.0,589.0,1.73,234606.0,725.0,535.3
SAHAS,3/4/2026,585.0,594.8,577.0,589.0,0.0,234606.0,725.0,535.3
SAHAS,3/5/2026,585.0,594.8,577.0,589.0,0.0,234606.0,725.0,535.3
SAHAS,3/6/2026,585.0,594.8,577.0,589.0,0.0,234606.0,725.0,535.3
SAHAS,3/7/2026,585.0,594.8,577.0,589.0,0.0,234606.0,725.0,535.3
SAHAS,3/8/2026,585.0,594.8,577.0,589.0,0.0,234606.0,725.0,535.3
SAHAS,3/9/2026,600.7,624.9,600.7,624.9,6.1,3820.0,725.0,535.3
SAHAS,3/10/2026,637.3,650.0,610.0,625.1,0.03,391060.0,725.0,535.3
SAHAS,3/11/2026,630.0,633.0,607.0,616.0,-1.46,352570.0,725.0,535.3
SAHAS,3/12/2026,615.0,622.0,610.1,616.0,0.0,172092.0,725.0,535.3
SAHAS,3/13/2026,615.0,622.0,610.1,616.0,0.0,172092.0,725.0,535.3
SAHAS,3/14/2026,615.0,622.0,610.1,616.0,0.0,172092.0,725.0,535.3
SAHAS,3/15/2026,610.0,624.9,610.0,619.0,0.49,159072.0,725.0,535.3
SAHAS,3/16/2026,613.3,619.4,610.1,611.9,-1.15,106587.0,725.0,535.3
SAHAS,3/17/2026,611.9,619.0,607.0,616.0,0.67,67239.0,725.0,535.3
SAHAS,3/18/2026,611.9,619.0,607.0,616.0,0.0,67239.0,725.0,535.3
SAHAS,3/19/2026,620.0,627.0,615.0,625.0,1.46,232389.0,725.0,535.3
SAHAS,3/20/2026,620.0,627.0,615.0,625.0,0.0,232389.0,725.0,535.3
SAHAS,3/21/2026,620.0,627.0,615.0,625.0,0.0,232389.0,725.0,535.3
SAHAS,3/22/2026,630.0,633.0,618.4,623.5,-0.24,224523.0,725.0,535.3
SAHAS,3/23/2026,630.0,630.0,618.2,624.0,0.08,162403.0,725.0,535.3
SAHAS,3/24/2026,624.0,635.0,618.0,632.0,1.28,260897.0,725.0,535.3
SAHAS,3/25/2026,630.0,641.2,622.1,635.1,0.49,316085.0,725.0,535.3
SAHAS,3/26/2026,635.1,637.0,626.0,636.0,0.14,197131.0,725.0,535.3
SAHAS,3/29/2026,636.0,645.0,621.0,622.5,-2.12,290410.0,725.0,535.3
SAHAS,3/30/2026,620.0,632.4,611.0,615.0,-0.81,221225.0,725.0,535.3
SAHAS,3/31/2026,614.0,620.0,598.0,615.6,0.26,178386.0,725.0,535.3
SAHAS,4/1/2026,627.9,634.0,614.0,620.0,-1.26,460776.0,725.0,535.3
SAHAS,4/2/2026,620.0,630.0,613.0,625.0,0.81,232244.0,725.0,535.3
SAHAS,4/5/2026,637.5,637.5,600.5,604.0,-5.25,257088.0,725.0,535.3
SAHAS,4/6/2026,600.1,623.0,595.1,615.5,2.57,181657.0,725.0,535.3
SAHAS,4/7/2026,620.0,625.0,613.0,614.0,-0.97,92888.0,725.0,535.3
SAHAS,4/8/2026,614.0,624.0,614.0,619.0,0.81,117234.0,725.0,535.3
SAHAS,4/9/2026,615.0,632.0,615.0,627.8,2.08,164885.0,725.0,535.3
SAHAS,4/10/2026,635.0,635.0,619.0,622.1,-2.03,129814.0,725.0,535.3
SAHAS,4/13/2026,622.1,634.0,622.1,623.5,0.23,76570.0,725.0,535.3
SAHAS,4/15/2026,620.0,632.0,620.0,629.9,1.6,86887.0,725.0,535.3
SAHAS,4/16/2026,629.0,635.0,623.1,625.0,-0.64,75215.0,725.0,535.3
SAHAS,4/17/2026,622.0,629.8,620.4,625.0,0.48,73229.0,725.0,535.3
SAHAS,4/20/2026,622.5,629.9,621.0,621.0,-0.24,64841.0,725.0,535.3
SAHAS,4/21/2026,621.0,625.0,618.5,620.0,-0.16,66699.0,725.0,535.3
SAHAS,4/22/2026,622.0,625.0,612.4,613.2,-1.41,114510.0,725.0,535.3
SAHAS,4/23/2026,625.0,625.0,612.3,615.0,-1.6,54564.0,725.0,535.3
SAHAS,4/24/2026,612.1,615.5,607.0,610.1,-0.33,62397.0,725.0,535.3
SAHAS,4/27/2026,630.0,630.0,611.1,614.7,-2.43,36644.0,725.0,535.3
SAHAS,4/28/2026,614.7,622.0,615.0,618.4,0.6,67121.0,725.0,535.3
SAHAS,4/29/2026,618.4,619.8,611.5,617.9,-0.08,52203.0,725.0,535.3
SAHAS,4/30/2026,617.0,617.9,610.0,616.0,-0.16,55506.0,725.0,535.3
SAHAS,5/4/2026,610.0,616.0,610.0,611.2,0.2,54574.0,725.0,535.3
SAHAS,5/5/2026,615.0,616.0,610.0,614.0,-0.16,47671.0,725.0,535.3
SAHAS,5/6/2026,614.0,618.9,614.0,615.0,0.16,41060.0,725.0,535.3
SAHAS,5/7/2026,615.0,618.0,614.0,616.5,0.24,34177.0,725.0,535.3
SAHAS,5/8/2026,616.5,628.0,616.5,627.8,1.83,66744.0,725.0,535.3
SAHAS,5/11/2026,628.0,650.0,627.0,644.0,2.55,237857.0,725.0,535.3
SAHAS,5/12/2026,645.9,654.9,635.4,641.0,-0.76,133921.0,725.0,535.3
SAHAS,5/13/2026,645.0,659.0,635.0,658.8,2.14,147870.0,725.0,535.3
SAHAS,5/14/2026,660.0,674.0,653.3,667.0,1.06,281888.0,725.0,535.3
SAHAS,5/15/2026,667.0,669.9,662.0,662.0,-0.75,115811.0,725.0,535.3
SAHAS,5/18/2026,695.1,695.1,656.0,667.0,-4.04,127066.0,725.0,535.3
SAHAS,5/19/2026,665.0,668.8,652.2,653.0,-1.8,139166.0,725.0,535.3
SAHAS,5/20/2026,653.0,664.0,650.1,664.0,1.68,93193.0,725.0,535.3
SAHAS,5/21/2026,670.0,670.0,655.0,659.0,-1.64,89390.0,725.0,535.3
SAHAS,5/22/2026,659.0,665.0,651.0,664.0,0.76,149406.0,725.0,535.3
SAHAS,5/25/2026,664.0,679.9,664.0,671.5,1.13,215947.0,725.0,535.3
SAHAS,5/26/2026,671.5,684.0,671.0,682.5,1.64,209280.0,725.0,535.3
SAHAS,5/27/2026,716.6,716.6,678.1,687.0,-4.13,198887.0,725.0,535.3
SAHAS,6/1/2026,687.0,687.0,668.7,672.0,-2.18,227667.0,725.0,535.3
SAHAS,6/2/2026,676.0,676.0,665.0,670.0,-0.89,108061.0,725.0,535.3
SAHAS,6/3/2026,670.0,674.9,666.0,667.1,-0.43,84281.0,725.0,535.3
SAHAS,6/4/2026,672.0,673.0,666.0,667.0,-0.74,92877.0,725.0,535.3
SAHAS,6/5/2026,667.2,669.9,663.0,664.3,-0.43,87518.0,725.0,535.3
SAHAS,6/8/2026,663.0,666.0,661.0,663.9,0.14,94412.0,725.0,535.3
SAHAS,6/9/2026,663.0,669.0,657.2,661.1,-0.29,125484.0,725.0,535.3
SAHAS,6/10/2026,660.5,668.8,660.5,665.0,0.68,45824.0,725.0,535.3
SAHAS,6/11/2026,665.0,666.0,661.0,662.0,-0.45,64067.0,725.0,535.3
SAHAS,6/12/2026,661.0,663.5,659.6,660.0,-0.15,91642.0,725.0,535.3
SAHAS,6/15/2026,660.0,665.0,656.5,659.5,-0.08,52248.0,725.0,535.3
SAHAS,6/16/2026,659.4,664.0,659.4,661.0,0.24,48659.0,725.0,535.3
SAHAS,6/17/2026,660.0,679.0,660.0,662.6,0.39,53981.0,725.0,535.3
SAHAS,6/18/2026,695.0,695.0,659.0,664.0,-4.46,55858.0,725.0,535.3
SAHAS,6/19/2026,697.2,697.2,661.0,662.6,-4.96,52464.0,725.0,535.3
SAHAS,6/22/2026,695.7,695.7,660.5,661.1,-4.97,114497.0,725.0,535.3
SAHAS,6/23/2026,660.5,669.9,650.0,652.0,-1.29,125092.0,725.0,535.3
SAHAS,6/24/2026,650.0,658.8,635.0,642.8,-1.11,171685.0,725.0,535.3
SAHAS,6/26/2026,648.0,653.5,645.0,647.0,-0.15,61540.0,725.0,535.3
SAHAS,6/29/2026,641.0,645.0,635.0,641.9,0.14,92824.0,725.0,535.3
SAHAS,6/30/2026,641.9,644.0,630.2,630.2,-1.82,99717.0,725.0,535.3
SAHAS,7/1/2026,630.0,646.0,630.0,644.0,2.22,52403.0,725.0,535.3
SAHAS,7/2/2026,655.9,682.5,639.3,642.0,-2.12,122806.0,725.0,535.3
SAHAS,7/3/2026,642.0,649.8,640.0,645.0,0.47,67212.0,725.0,535.3
SAHAS,7/6/2026,644.0,650.0,640.0,645.0,0.16,50593.0,725.0,535.3
SAHAS,7/7/2026,640.1,655.0,640.1,655.0,2.33,52775.0,725.0,535.3
SAHAS,7/8/2026,654.5,654.5,641.3,648.0,-0.99,74375.0,725.0,535.3
SAHAS,7/9/2026,660.0,687.0,642.0,644.9,-2.29,117331.0,725.0,535.3
SAHAS,7/10/2026,645.2,649.0,642.0,642.1,-0.48,151731.0,725.0,535.3
SAHAS,7/13/2026,649.0,649.0,635.0,636.9,-1.86,165275.0,725.0,535.3
SAHAS,7/14/2026,636.0,644.0,631.1,635.3,-0.11,133886.0,725.0,535.3
SAHAS,7/15/2026,648.0,648.0,638.0,638.3,-1.5,65747.0,725.0,535.3
SAHAS,7/16/2026,637.1,644.9,635.0,636.0,-0.17,64937.0,725.0,535.3
SAHAS,7/17/2026,667.8,667.8,636.0,658.9,-1.33,87081.0,725.0,535.3
SAHAS,7/20/2026,665.0,670.0,658.0,666.5,0.23,124831.0,725.0,535.3
SAHAS,7/21/2026,670.0,675.0,663.0,665.0,-0.75,138790.0,725.0,535.3
SAHAS,7/22/2026,665.0,670.9,660.1,662.0,-0.45,73205.0,725.0,535.3
SAHAS,7/23/2026,666.0,667.9,658.2,664.0,-0.3,65752.0,725.0,535.3
SAHAS,7/24/2026,661.0,667.0,660.3,662.3,0.2,46493.0,725.0,535.3
SAHAS,7/27/2026,664.6,670.0,662.1,662.1,-0.38,88971.0,725.0,535.3
SAHAS,7/28/2026,662.1,665.5,659.0,663.9,0.27,45440.0,725.0,535.3
SAHAS,7/29/2026,663.9,670.0,662.0,663.8,-0.02,60637.0,725.0,535.3
SAHAS,7/30/2026,664.0,667.0,660.0,661.0,-0.45,41565.0,725.0,535.3
SAHAS,7/31/2026,660.0,665.0,658.0,665.0,0.76,42628.0,725.0,535.3
SAHAS,8/3/2026,670.0,683.0,666.0,677.7,1.15,173114.0,725.0,535.3
SAHAS,8/4/2026,677.0,677.7,671.0,673.5,-0.52,67438.0,725.0,535.3
SAHAS,8/5/2026,675.0,676.0,670.0,675.0,0.0,71042.0,725.0,535.3
SAHAS,8/6/2026,680.0,680.0,671.0,672.0,-1.18,49816.0,725.0,535.3
SAHAS,8/7/2026,672.1,674.0,669.3,671.9,-0.03,46722.0,725.0,535.3
SAHAS,8/10/2026,671.9,676.9,670.0,670.3,-0.24,58300.0,725.0,535.3
SAHAS,8/11/2026,671.0,676.9,671.0,674.4,0.51,76201.0,725.0,535.3
SAHAS,8/12/2026,705.0,705.0,672.0,672.0,-4.68,71678.0,725.0,535.3
SAHAS,8/13/2026,672.0,678.0,670.1,675.0,0.45,50827.0,725.0,535.3
SAHAS,8/14/2026,675.0,678.9,674.0,677.0,0.3,47545.0,725.0,535.3
SAHAS,8/17/2026,676.0,684.0,674.0,684.0,1.18,113498.0,725.0,535.3
SAHAS,8/18/2026,685.0,688.9,680.0,684.6,-0.06,91815.0,725.0,535.3
SAHAS,8/19/2026,684.6,702.0,681.0,701.0,2.4,253936.0,725.0,535.3
SAHAS,8/20/2026,705.0,711.0,693.9,709.0,0.57,236924.0,725.0,535.3
SAHAS,8/21/2026,701.0,714.7,690.5,695.0,-0.86,162254.0,725.0,535.3
SAHAS,8/24/2026,693.0,693.0,681.0,684.0,-1.3,154981.0,725.0,535.3
SAHAS,8/25/2026,685.0,691.0,680.1,685.0,0.0,71955.0,725.0,535.3
SAHAS,8/26/2026,685.0,689.0,672.0,681.9,-0.45,238492.0,725.0,535.3
SAHAS,8/27/2026,675.0,684.0,672.1,682.0,1.04,94363.0,725.0,535.3
SAHAS,8/31/2026,682.0,684.0,670.0,670.9,-1.63,126626.0,725.0,535.3
SAHAS,9/1/2026,701.0,701.0,668.0,685.0,-2.28,82155.0,725.0,535.3
SAHAS,9/2/2026,711.0,711.0,677.0,688.3,-3.19,144771.0,725.0,535.3
SAHAS,9/3/2026,689.0,692.8,683.2,686.9,-0.3,55247.0,725.0,535.3
SAHAS,9/7/2026,686.9,700.0,686.0,694.0,1.03,72219.0,725.0,535.3
SAHAS,9/9/2026,694.0,698.0,690.0,692.0,-0.29,77557.0,725.0,535.3
SAHAS,9/10/2026,692.0,696.0,687.0,688.0,-0.58,44455.0,725.0,535.3
SAHAS,9/11/2026,686.0,694.0,680.0,691.0,0.73,90495.0,725.0,535.3
SAHAS,9/14/2026,720.0,720.0,687.1,696.0,-3.33,64267.0,725.0,535.3
SAHAS,9/15/2026,725.0,725.0,697.0,697.1,-3.85,99662.0,725.0,535.3
SAHAS,9/16/2026,698.3,702.0,693.0,694.0,-0.62,75869.0,725.0,535.3
SAHAS,9/17/2026,700.0,708.0,691.5,691.9,-1.16,80598.0,725.0,535.3
SAHAS,9/18/2026,695.0,698.0,690.5,693.4,-0.23,101829.0,725.0,535.3
SAHAS,9/22/2026,695.0,702.0,693.4,697.0,0.29,138553.0,725.0,535.3
SAHAS,9/23/2026,697.0,699.0,695.0,696.9,-0.01,95543.0,725.0,535.3
SAHAS,9/24/2026,662.1,697.7,662.1,694.2,4.85,63318.0,725.0,535.3
SAHAS,9/28/2026,712.0,712.0,691.2,695.0,-2.39,60391.0,725.0,535.3
SAHAS,9/29/2026,695.0,695.0,685.0,0.0,-100.0,58001.0,725.0,535.3
SAHAS,9/30/2026,689.0,691.0,684.7,689.0,0.0,75679.0,725.0,535.3
SAHAS,10/1/2026,680.0,691.8,680.0,688.0,1.18,70766.0,725.0,535.3
SAHAS,10/2/2026,688.0,690.0,685.0,688.0,0.0,43729.0,725.0,535.3
SAIL,12/21/2025,829.9,829.9,800.0,800.0,,65040.0,1690.0,301.7
SAIL,12/22/2025,816.0,816.0,780.1,782.0,-2.25,57231.0,1690.0,301.7
SAIL,12/23/2025,780.0,805.0,767.0,784.6,0.33,57477.0,1690.0,301.7
SAIL,12/24/2025,785.0,802.0,771.0,773.6,-1.4,40256.0,1690.0,301.7
SAIL,12/28/2025,760.0,794.8,760.0,778.9,0.69,48704.0,1690.0,301.7
SAIL,12/29/2025,763.4,827.4,763.4,818.0,5.02,104295.0,1690.0,301.7
SAIL,12/31/2025,834.3,870.0,810.0,851.2,4.06,159892.0,1690.0,301.7
SAIL,1/1/2026,851.2,882.0,840.0,854.0,0.33,129484.0,1690.0,301.7
SAIL,1/4/2026,837.0,939.4,837.0,939.4,10.0,253711.0,1690.0,301.7
SAIL,1/5/2026,958.1,1033.3,941.1,1033.3,10.0,160424.0,1690.0,301.7
SAIL,1/6/2026,1050.0,1119.9,976.1,980.0,-5.16,169345.0,1690.0,301.7
SAIL,1/7/2026,960.4,1027.1,952.8,970.1,-1.01,238563.0,1690.0,301.7
SAIL,1/8/2026,970.1,1019.0,952.0,1013.0,4.42,133885.0,1690.0,301.7
SAIL,1/12/2026,1000.0,1114.3,1000.0,1114.3,10.0,236576.0,1690.0,301.7
SAIL,1/13/2026,1120.0,1182.0,1079.0,1125.0,0.96,235297.0,1690.0,301.7
SAIL,1/14/2026,1102.5,1142.19,1095.3,1100.0,-2.22,104597.0,1690.0,301.7
SAIL,1/18/2026,1078.0,1210.0,1078.0,1210.0,10.0,242443.0,1690.0,301.7
SAIL,1/20/2026,1230.0,1331.0,1216.0,1282.2,5.97,161975.0,1690.0,301.7
SAIL,1/21/2026,1307.8,1307.8,1250.0,1271.0,-0.87,120977.0,1690.0,301.7
SAIL,1/22/2026,1271.0,1398.1,1251.0,1398.1,10.0,185329.0,1690.0,301.7
SAIL,1/25/2026,1426.0,1537.9,1416.0,1537.9,10.0,155279.0,1690.0,301.7
SAIL,1/26/2026,1568.6,1690.0,1476.9,1555.0,1.11,231776.0,1690.0,301.7
SAIL,1/27/2026,1523.9,1688.0,1400.0,1515.0,-2.57,220225.0,1690.0,301.7
SAIL,1/28/2026,1515.0,1579.8,1441.0,1515.0,0.0,172053.0,1690.0,301.7
SAIL,1/29/2026,1484.7,1535.0,1365.0,1390.0,-8.25,125796.0,1690.0,301.7
SAIL,2/1/2026,1380.0,1484.0,1310.0,1344.0,-3.31,132819.0,1690.0,301.7
SAIL,2/2/2026,1370.8,1478.4,1344.1,1478.4,10.0,112327.0,1690.0,301.7
SAIL,2/3/2026,1507.9,1598.0,1496.0,1522.0,2.95,145637.0,1690.0,301.7
SAIL,2/4/2026,1522.0,1575.0,1452.0,1480.0,-2.76,166974.0,1690.0,301.7
SAIL,2/5/2026,1508.0,1530.0,1450.0,1499.4,1.31,119797.0,1690.0,301.7
SAIL,2/8/2026,1501.0,1511.0,1403.0,1450.0,-3.29,108705.0,1690.0,301.7
SAIL,2/9/2026,1450.0,1455.0,1350.0,1399.9,-3.46,103006.0,1690.0,301.7
SAIL,2/10/2026,1372.0,1426.0,1347.0,1373.0,-1.92,70154.0,1690.0,301.7
SAIL,2/11/2026,1350.0,1425.0,1264.2,1320.0,-3.86,92197.0,1690.0,301.7
SAIL,2/12/2026,1346.4,1403.0,1282.0,1403.0,6.29,144607.0,1690.0,301.7
SAIL,2/16/2026,1376.6,1463.0,1350.0,1450.0,3.35,146638.0,1690.0,301.7
SAIL,2/17/2026,1450.0,1451.0,1363.0,1375.0,-5.17,77445.0,1690.0,301.7
SAIL,2/22/2026,1375.0,1450.0,1315.0,1335.0,-2.91,67995.0,1690.0,301.7
SAIL,2/23/2026,1350.0,1355.0,1280.0,1315.8,-1.44,73776.0,1690.0,301.7
SAIL,2/24/2026,1300.0,1376.0,1290.0,1365.0,3.74,69200.0,1690.0,301.7
SAIL,2/25/2026,1365.0,1428.0,1348.0,1368.8,0.28,49719.0,1690.0,301.7
SAIL,2/26/2026,1341.5,1395.0,1315.0,1320.0,-3.57,44478.0,1690.0,301.7
SAIL,2/27/2026,1341.5,1395.0,1315.0,1320.0,0.0,44478.0,1690.0,301.7
SAIL,2/28/2026,1341.5,1395.0,1315.0,1320.0,0.0,44478.0,1690.0,301.7
SAIL,3/2/2026,1293.6,1345.0,1293.6,1306.0,-1.06,60926.0,1690.0,301.7
SAIL,3/3/2026,1303.0,1384.0,1303.0,1335.0,2.22,69411.0,1690.0,301.7
SAIL,3/4/2026,1303.0,1384.0,1303.0,1335.0,0.0,69411.0,1690.0,301.7
SAIL,3/5/2026,1303.0,1384.0,1303.0,1335.0,0.0,69411.0,1690.0,301.7
SAIL,3/6/2026,1303.0,1384.0,1303.0,1335.0,0.0,69411.0,1690.0,301.7
SAIL,3/7/2026,1303.0,1384.0,1303.0,1335.0,0.0,69411.0,1690.0,301.7
SAIL,3/8/2026,1303.0,1384.0,1303.0,1335.0,0.0,69411.0,1690.0,301.7
SAIL,3/9/2026,1361.7,1468.0,1361.7,1466.0,9.81,10775.0,1690.0,301.7
SAIL,3/10/2026,1470.0,1470.0,1375.0,1400.0,-4.5,117827.0,1690.0,301.7
SAIL,3/11/2026,1400.0,1424.0,1350.0,1368.0,-2.29,70459.0,1690.0,301.7
SAIL,3/12/2026,1355.0,1387.0,1330.0,1360.0,-0.58,88145.0,1690.0,301.7
SAIL,3/13/2026,1355.0,1387.0,1330.0,1360.0,0.0,88145.0,1690.0,301.7
SAIL,3/14/2026,1355.0,1387.0,1330.0,1360.0,0.0,88145.0,1690.0,301.7
SAIL,3/15/2026,1360.0,1380.0,1317.2,1336.0,-1.76,48612.0,1690.0,301.7
SAIL,3/16/2026,1309.3,1388.0,1309.3,1340.0,0.3,80779.0,1690.0,301.7
SAIL,3/17/2026,1360.0,1360.0,1313.2,1329.0,-0.82,48335.0,1690.0,301.7
SAIL,3/18/2026,1360.0,1360.0,1313.2,1329.0,0.0,48335.0,1690.0,301.7
SAIL,3/19/2026,1329.0,1421.0,1311.0,1350.0,1.58,101642.0,1690.0,301.7
SAIL,3/20/2026,1329.0,1421.0,1311.0,1350.0,0.0,101642.0,1690.0,301.7
SAIL,3/21/2026,1329.0,1421.0,1311.0,1350.0,0.0,101642.0,1690.0,301.7
SAIL,3/22/2026,1330.0,1377.0,1310.0,1310.0,-2.96,86700.0,1690.0,301.7
SAIL,3/23/2026,1300.0,1346.0,1300.0,1315.0,0.38,73901.0,1690.0,301.7
SAIL,3/24/2026,1315.0,1334.0,1305.0,1333.0,1.37,81159.0,1690.0,301.7
SAIL,3/25/2026,1333.0,1376.5,1318.0,1360.0,2.03,94038.0,1690.0,301.7
SAIL,3/26/2026,1370.0,1415.0,1345.0,1392.0,1.61,143616.0,1690.0,301.7
SAIL,3/29/2026,1392.0,1394.0,1319.1,1321.0,-5.1,54031.0,1690.0,301.7
SAIL,3/30/2026,1347.4,1347.4,1285.2,1300.0,-3.52,77513.0,1690.0,301.7
SAIL,3/31/2026,1300.0,1352.5,1270.0,1300.0,0.0,52346.0,1690.0,301.7
SAIL,4/1/2026,1300.0,1318.0,1215.2,1218.0,-6.31,44063.0,1690.0,301.7
SAIL,4/2/2026,1193.7,1300.0,1193.7,1300.0,8.91,67146.0,1690.0,301.7
SAIL,4/5/2026,1274.0,1274.0,1170.0,1178.8,-7.47,46569.0,1690.0,301.7
SAIL,4/6/2026,1178.8,1226.0,1156.0,1198.0,1.63,86494.0,1690.0,301.7
SAIL,4/7/2026,1221.9,1246.0,1170.0,1185.0,-3.02,24296.0,1690.0,301.7
SAIL,4/8/2026,1185.0,1303.5,1167.0,1303.5,10.0,156157.0,1690.0,301.7
SAIL,4/9/2026,1329.5,1400.0,1310.1,1348.9,1.46,106190.0,1690.0,301.7
SAIL,4/10/2026,1322.0,1395.0,1314.0,1320.0,-0.15,142633.0,1690.0,301.7
SAIL,4/13/2026,1310.0,1310.0,1285.0,1296.0,-1.07,97080.0,1690.0,301.7
SAIL,4/15/2026,1321.9,1348.3,1292.0,1309.0,-0.98,61772.0,1690.0,301.7
SAIL,4/16/2026,1286.0,1324.1,1249.6,1275.0,-0.86,47974.0,1690.0,301.7
SAIL,4/17/2026,1265.0,1276.1,1237.0,1259.0,-0.47,29782.0,1690.0,301.7
SAIL,4/20/2026,1250.0,1275.0,1220.0,1231.0,-1.52,38707.0,1690.0,301.7
SAIL,4/21/2026,1231.0,1258.0,1210.0,1224.9,-0.5,36008.0,1690.0,301.7
SAIL,4/22/2026,1204.0,1220.0,1180.0,1205.0,0.08,46621.0,1690.0,301.7
SAIL,4/23/2026,1200.2,1215.0,1155.8,1161.0,-3.27,54744.0,1690.0,301.7
SAIL,4/24/2026,1161.0,1246.0,1131.0,1218.0,4.91,50963.0,1690.0,301.7
SAIL,4/27/2026,1278.9,1278.9,1170.0,1190.0,-6.95,44913.0,1690.0,301.7
SAIL,4/28/2026,1190.0,1208.0,1147.0,1155.0,-2.94,33843.0,1690.0,301.7
SAIL,4/29/2026,1155.0,1212.7,1120.0,1122.0,-2.86,35070.0,1690.0,301.7
SAIL,4/30/2026,1100.0,1290.3,1080.0,1263.0,14.82,84231.0,1690.0,301.7
SAIL,5/4/2026,1230.0,1404.0,1165.0,1166.0,-5.2,72345.0,1690.0,301.7
SAIL,5/5/2026,1165.9,1175.0,1120.0,1160.0,-0.51,20369.0,1690.0,301.7
SAIL,5/6/2026,1218.0,1218.0,1112.2,1119.0,-8.13,24392.0,1690.0,301.7
SAIL,5/7/2026,1113.2,1136.0,1106.0,1118.0,0.43,23086.0,1690.0,301.7
SAIL,5/8/2026,1105.1,1159.0,1105.1,1145.0,3.61,32572.0,1690.0,301.7
SAIL,5/11/2026,1150.0,1192.0,1137.0,1163.0,1.13,41427.0,1690.0,301.7
SAIL,5/12/2026,1184.0,1190.0,1121.0,1133.9,-4.23,43947.0,1690.0,301.7
SAIL,5/13/2026,1111.1,1162.0,1111.1,1157.2,4.15,36656.0,1690.0,301.7
SAIL,5/14/2026,1160.0,1183.0,1137.0,1155.0,-0.43,29517.0,1690.0,301.7
SAIL,5/15/2026,1142.0,1175.0,1135.2,1140.0,-0.18,17639.0,1690.0,301.7
SAIL,5/18/2026,1174.0,1282.0,1122.0,1159.9,-1.2,18825.0,1690.0,301.7
SAIL,5/19/2026,1102.0,1166.0,1102.0,1128.0,2.36,19004.0,1690.0,301.7
SAIL,5/20/2026,1125.0,1155.0,1125.0,1147.0,1.96,21500.0,1690.0,301.7
SAIL,5/21/2026,1156.0,1157.0,1119.4,1122.3,-2.92,17594.0,1690.0,301.7
SAIL,5/22/2026,1122.3,1155.8,1120.1,1148.0,2.29,27119.0,1690.0,301.7
SAIL,5/25/2026,1148.0,1173.0,1145.0,1150.0,0.17,33871.0,1690.0,301.7
SAIL,5/26/2026,1150.0,1158.0,1130.1,1140.0,-0.87,23069.0,1690.0,301.7
SAIL,5/27/2026,1083.0,1148.0,1083.0,1139.0,5.17,23109.0,1690.0,301.7
SAIL,6/1/2026,1183.0,1183.0,1110.0,1117.0,-5.58,26494.0,1690.0,301.7
SAIL,6/2/2026,1117.0,1122.0,1100.0,1116.9,-0.01,26219.0,1690.0,301.7
SAIL,6/3/2026,1135.0,1135.0,1105.5,1108.9,-2.3,16434.0,1690.0,301.7
SAIL,6/4/2026,1108.0,1115.0,1070.0,1088.0,-1.81,35771.0,1690.0,301.7
SAIL,6/5/2026,1088.0,1110.0,1050.0,1057.0,-2.85,36384.0,1690.0,301.7
SAIL,6/8/2026,1030.0,1075.0,1025.6,1036.9,0.67,27452.0,1690.0,301.7
SAIL,6/9/2026,1054.8,1054.8,1012.0,1049.0,-0.55,21995.0,1690.0,301.7
SAIL,6/10/2026,1066.0,1109.0,1041.1,1078.0,1.13,40725.0,1690.0,301.7
SAIL,6/11/2026,1131.9,1131.9,1051.9,1065.0,-5.91,11124.0,1690.0,301.7
SAIL,6/12/2026,1118.2,1118.2,1035.0,1040.0,-6.99,18353.0,1690.0,301.7
SAIL,6/15/2026,1059.0,1090.0,1030.0,1057.0,-0.19,24689.0,1690.0,301.7
SAIL,6/16/2026,1004.2,1085.0,1004.2,1039.0,3.47,11247.0,1690.0,301.7
SAIL,6/17/2026,1000.0,1060.0,1000.0,1035.0,3.5,7939.0,1690.0,301.7
SAIL,6/18/2026,1075.0,1075.0,1017.1,1023.0,-4.84,10313.0,1690.0,301.7
SAIL,6/19/2026,1023.1,1039.0,1000.1,1014.6,-0.83,20056.0,1690.0,301.7
SAIL,6/22/2026,1000.0,1050.0,1000.0,1029.9,2.99,20799.0,1690.0,301.7
SAIL,6/23/2026,1000.0,1030.0,999.5,1002.0,0.2,19673.0,1690.0,301.7
SAIL,6/24/2026,1020.0,1020.0,941.1,971.0,-4.8,31648.0,1690.0,301.7
SAIL,6/26/2026,964.0,982.0,948.0,955.0,-0.93,12236.0,1690.0,301.7
SAIL,6/29/2026,955.0,960.0,925.0,929.0,-2.72,11983.0,1690.0,301.7
SAIL,6/30/2026,913.0,935.0,874.0,878.0,-3.83,28256.0,1690.0,301.7
SAIL,7/1/2026,834.1,919.9,834.1,919.9,10.29,23431.0,1690.0,301.7
SAIL,7/2/2026,920.0,930.0,891.3,918.9,-0.12,9359.0,1690.0,301.7
SAIL,7/3/2026,900.0,924.9,900.0,905.3,0.59,13555.0,1690.0,301.7
SAIL,7/6/2026,900.0,910.0,881.2,887.0,-1.44,9888.0,1690.0,301.7
SAIL,7/7/2026,870.0,902.2,870.0,895.9,2.98,16220.0,1690.0,301.7
SAIL,7/8/2026,893.5,896.0,860.5,867.0,-2.97,15715.0,1690.0,301.7
SAIL,7/9/2026,824.0,874.1,824.0,859.0,4.25,21914.0,1690.0,301.7
SAIL,7/10/2026,901.9,901.9,846.3,850.0,-5.75,8462.0,1690.0,301.7
SAIL,7/13/2026,850.0,851.0,822.0,826.0,-2.82,18333.0,1690.0,301.7
SAIL,7/14/2026,829.0,841.0,800.0,841.0,1.45,15602.0,1690.0,301.7
SAIL,7/15/2026,833.0,860.0,833.0,851.0,2.16,16305.0,1690.0,301.7
SAIL,7/16/2026,893.5,893.5,830.0,838.0,-6.21,11597.0,1690.0,301.7
SAIL,7/17/2026,796.1,963.7,796.1,963.7,21.05,67127.0,1690.0,301.7
SAIL,7/20/2026,980.0,1069.2,950.0,1069.2,9.1,78017.0,1690.0,301.7
SAIL,7/21/2026,1069.0,1074.0,1021.0,1038.9,-2.82,59912.0,1690.0,301.7
SAIL,7/22/2026,1000.0,1100.0,1000.0,1083.8,8.38,88041.0,1690.0,301.7
SAIL,7/23/2026,1050.0,1150.5,1050.0,1145.0,9.05,97608.0,1690.0,301.7
SAIL,7/24/2026,1100.0,1179.0,1100.0,1108.0,0.73,91423.0,1690.0,301.7
SAIL,7/27/2026,1163.4,1163.4,1045.0,1093.0,-6.05,76362.0,1690.0,301.7
SAIL,7/28/2026,1045.0,1184.5,1045.0,1120.0,7.18,81614.0,1690.0,301.7
SAIL,7/29/2026,1070.0,1111.0,1063.1,1080.0,0.93,27598.0,1690.0,301.7
SAIL,7/30/2026,1120.0,1120.0,1060.1,1075.0,-4.02,40817.0,1690.0,301.7
SAIL,7/31/2026,1060.0,1099.0,1053.0,1099.0,3.68,44123.0,1690.0,301.7
SAIL,8/3/2026,1060.0,1229.0,1055.0,1144.4,7.96,132563.0,1690.0,301.7
SAIL,8/4/2026,1112.0,1155.0,1100.1,1101.0,-0.99,53622.0,1690.0,301.7
SAIL,8/5/2026,1090.0,1129.0,1090.0,1125.8,3.28,24492.0,1690.0,301.7
SAIL,8/6/2026,1085.0,1130.0,1085.0,1099.0,1.29,40111.0,1690.0,301.7
SAIL,8/7/2026,1053.9,1115.8,1053.9,1090.0,3.43,28817.0,1690.0,301.7
SAIL,8/10/2026,1050.0,1120.0,1050.0,1120.0,6.67,53380.0,1690.0,301.7
SAIL,8/11/2026,1100.0,1132.0,1089.0,1100.0,0.0,56890.0,1690.0,301.7
SAIL,8/12/2026,1150.0,1150.0,1080.0,1093.0,-4.96,15742.0,1690.0,301.7
SAIL,8/13/2026,1080.0,1109.9,1076.0,1100.0,1.85,27795.0,1690.0,301.7
SAIL,8/14/2026,1080.0,1103.0,1079.0,1099.0,1.76,13813.0,1690.0,301.7
SAIL,8/17/2026,1100.0,1105.0,1066.0,1075.0,-2.27,18257.0,1690.0,301.7
SAIL,8/18/2026,1127.9,1127.9,1022.0,1025.0,-9.12,52081.0,1690.0,301.7
SAIL,8/19/2026,1040.5,1049.0,1000.0,1029.9,-1.02,30039.0,1690.0,301.7
SAIL,8/20/2026,1010.0,1050.0,1010.0,1046.0,3.56,24081.0,1690.0,301.7
SAIL,8/21/2026,1025.0,1055.7,1020.1,1025.0,0.0,10691.0,1690.0,301.7
SAIL,8/24/2026,1020.0,1025.0,1000.0,1015.0,-0.49,22819.0,1690.0,301.7
SAIL,8/25/2026,990.0,1019.7,982.2,983.1,-0.7,11911.0,1690.0,301.7
SAIL,8/26/2026,1032.2,1032.2,937.0,955.0,-7.48,24112.0,1690.0,301.7
SAIL,8/27/2026,968.0,995.0,940.6,970.1,0.22,18103.0,1690.0,301.7
SAIL,8/31/2026,962.0,999.0,950.0,985.0,2.39,17724.0,1690.0,301.7
SAIL,9/1/2026,980.0,1008.0,970.0,983.0,0.31,16748.0,1690.0,301.7
SAIL,9/2/2026,937.0,998.0,937.0,998.0,6.51,12680.0,1690.0,301.7
SAIL,9/3/2026,996.0,1005.0,970.0,994.0,-0.2,23510.0,1690.0,301.7
SAIL,9/7/2026,994.0,1056.2,970.4,1056.2,6.26,59583.0,1690.0,301.7
SAIL,9/9/2026,1050.0,1075.0,1027.0,1027.0,-2.19,37607.0,1690.0,301.7
SAIL,9/10/2026,1027.0,1040.0,973.0,999.0,-2.73,46957.0,1690.0,301.7
SAIL,9/11/2026,999.0,1016.0,982.0,1008.8,0.98,20798.0,1690.0,301.7
SAIL,9/14/2026,1008.8,1013.6,981.1,990.0,-1.86,29761.0,1690.0,301.7
SAIL,9/15/2026,1039.5,1039.5,973.9,1012.7,-2.58,30921.0,1690.0,301.7
SAIL,9/16/2026,1060.0,1060.0,992.0,1005.0,-5.19,31179.0,1690.0,301.7
SAIL,9/17/2026,1055.0,1055.0,997.0,998.1,-5.39,26481.0,1690.0,301.7
SAIL,9/18/2026,959.9,1018.2,959.9,1000.0,4.18,15466.0,1690.0,301.7
SAIL,9/22/2026,1000.0,1009.8,986.0,995.0,-0.5,17313.0,1690.0,301.7
SAIL,9/23/2026,1039.0,1039.0,970.0,973.0,-6.35,16664.0,1690.0,301.7
SAIL,9/24/2026,925.0,1007.8,925.0,993.5,7.41,17354.0,1690.0,301.7
SAIL,9/28/2026,993.5,1000.0,966.0,969.0,-2.47,17106.0,1690.0,301.7
SAIL,9/29/2026,969.1,983.0,950.0,0.0,-100.0,7341.0,1690.0,301.7
SAIL,9/30/2026,964.0,970.0,950.0,965.0,0.1,10784.0,1690.0,301.7
SAIL,10/1/2026,1013.2,1013.2,967.2,978.8,-3.4,14652.0,1690.0,301.7
SAIL,10/2/2026,960.0,988.8,955.0,962.0,0.21,8500.0,1690.0,301.7
SALICO,12/21/2025,597.0,608.0,587.0,602.0,,8726.0,695.0,512.0
SALICO,12/22/2025,590.6,604.0,590.6,594.0,-1.33,8741.0,695.0,512.0
SALICO,12/23/2025,587.1,604.0,587.1,600.0,1.01,2139.0,695.0,512.0
SALICO,12/24/2025,596.0,600.3,592.5,600.3,0.05,2772.0,695.0,512.0
SALICO,12/28/2025,612.2,612.2,600.0,607.0,1.12,10259.0,695.0,512.0
SALICO,12/29/2025,613.7,618.0,607.0,610.1,0.51,7760.0,695.0,512.0
SALICO,12/31/2025,610.1,618.9,610.0,617.0,1.13,12673.0,695.0,512.0
SALICO,1/1/2026,629.0,640.0,610.0,618.5,0.24,12113.0,695.0,512.0
SALICO,1/4/2026,610.0,610.0,600.0,606.0,-2.02,1334.0,695.0,512.0
SALICO,1/5/2026,609.0,609.0,598.0,607.0,0.17,8146.0,695.0,512.0
SALICO,1/6/2026,618.0,618.0,595.1,604.0,-0.49,3582.0,695.0,512.0
SALICO,1/7/2026,607.0,607.0,595.0,596.0,-1.32,3098.0,695.0,512.0
SALICO,1/8/2026,601.0,607.9,596.0,596.0,0.0,2350.0,695.0,512.0
SALICO,1/12/2026,600.0,600.0,590.0,597.0,0.17,3047.0,695.0,512.0
SALICO,1/13/2026,607.8,607.8,590.1,600.0,0.5,933.0,695.0,512.0
SALICO,1/14/2026,609.0,609.0,592.9,603.0,0.5,7107.0,695.0,512.0
SALICO,1/18/2026,603.0,614.0,593.0,596.1,-1.14,7730.0,695.0,512.0
SALICO,1/20/2026,603.0,614.9,597.5,605.2,1.53,8703.0,695.0,512.0
SALICO,1/21/2026,616.9,616.9,602.0,608.9,0.61,5373.0,695.0,512.0
SALICO,1/22/2026,600.1,612.0,600.1,610.0,0.18,9723.0,695.0,512.0
SALICO,1/25/2026,610.0,617.7,607.5,613.3,0.54,19041.0,695.0,512.0
SALICO,1/26/2026,611.1,622.9,610.0,617.0,0.6,14578.0,695.0,512.0
SALICO,1/27/2026,610.0,629.5,605.1,613.9,-0.5,15190.0,695.0,512.0
SALICO,1/28/2026,611.0,612.9,602.1,611.0,-0.47,11467.0,695.0,512.0
SALICO,1/29/2026,609.0,614.9,603.5,607.0,-0.65,8709.0,695.0,512.0
SALICO,2/1/2026,618.0,618.0,600.0,604.9,-0.35,3905.0,695.0,512.0
SALICO,2/2/2026,601.1,612.0,596.0,604.9,0.0,8172.0,695.0,512.0
SALICO,2/3/2026,614.9,614.9,593.1,604.0,-0.15,5211.0,695.0,512.0
SALICO,2/4/2026,592.0,605.0,592.0,600.0,-0.66,3480.0,695.0,512.0
SALICO,2/5/2026,600.0,609.0,591.6,605.9,0.98,7785.0,695.0,512.0
SALICO,2/8/2026,605.9,615.8,600.0,600.0,-0.97,6863.0,695.0,512.0
SALICO,2/9/2026,596.0,604.9,589.9,601.8,0.3,8353.0,695.0,512.0
SALICO,2/10/2026,602.0,602.0,590.0,600.0,-0.3,5890.0,695.0,512.0
SALICO,2/11/2026,607.0,611.0,585.1,600.0,0.0,12151.0,695.0,512.0
SALICO,2/12/2026,600.0,600.0,592.7,593.3,-1.12,4080.0,695.0,512.0
SALICO,2/16/2026,593.0,600.0,591.0,597.0,0.62,4813.0,695.0,512.0
SALICO,2/17/2026,590.1,598.0,588.0,594.0,-0.5,14689.0,695.0,512.0
SALICO,2/22/2026,604.4,604.4,583.1,583.2,-1.82,22767.0,695.0,512.0
SALICO,2/23/2026,590.0,592.0,580.0,583.0,-0.03,4112.0,695.0,512.0
SALICO,2/24/2026,577.1,586.0,575.0,581.0,-0.34,12683.0,695.0,512.0
SALICO,2/25/2026,575.09,598.0,571.2,585.2,0.72,11373.0,695.0,512.0
SALICO,2/26/2026,594.9,594.9,578.3,590.0,0.82,14718.0,695.0,512.0
SALICO,2/27/2026,594.9,594.9,578.3,590.0,0.0,14718.0,695.0,512.0
SALICO,2/28/2026,594.9,594.9,578.3,590.0,0.0,14718.0,695.0,512.0
SALICO,3/2/2026,581.1,596.0,580.1,596.0,1.02,9157.0,695.0,512.0
SALICO,3/3/2026,596.0,605.9,596.0,600.0,0.67,10768.0,695.0,512.0
SALICO,3/4/2026,596.0,605.9,596.0,600.0,0.0,10768.0,695.0,512.0
SALICO,3/5/2026,596.0,605.9,596.0,600.0,0.0,10768.0,695.0,512.0
SALICO,3/6/2026,596.0,605.9,596.0,600.0,0.0,10768.0,695.0,512.0
SALICO,3/7/2026,596.0,605.9,596.0,600.0,0.0,10768.0,695.0,512.0
SALICO,3/8/2026,596.0,605.9,596.0,600.0,0.0,10768.0,695.0,512.0
SALICO,3/9/2026,612.0,624.2,612.0,624.2,4.03,20.0,695.0,512.0
SALICO,3/10/2026,636.0,636.0,610.0,625.8,0.26,18533.0,695.0,512.0
SALICO,3/11/2026,625.8,637.0,616.0,618.0,-1.25,10984.0,695.0,512.0
SALICO,3/12/2026,614.1,619.0,614.1,614.5,-0.57,7415.0,695.0,512.0
SALICO,3/13/2026,614.1,619.0,614.1,614.5,0.0,7415.0,695.0,512.0
SALICO,3/14/2026,614.1,619.0,614.1,614.5,0.0,7415.0,695.0,512.0
SALICO,3/15/2026,624.0,626.7,610.0,611.6,-0.47,3842.0,695.0,512.0
SALICO,3/16/2026,599.4,614.0,599.4,613.0,0.23,10623.0,695.0,512.0
SALICO,3/17/2026,620.0,622.9,603.1,615.5,0.41,2983.0,695.0,512.0
SALICO,3/18/2026,620.0,622.9,603.1,615.5,0.0,2983.0,695.0,512.0
SALICO,3/19/2026,623.0,624.9,613.5,620.0,0.73,20264.0,695.0,512.0
SALICO,3/20/2026,623.0,624.9,613.5,620.0,0.0,20264.0,695.0,512.0
SALICO,3/21/2026,623.0,624.9,613.5,620.0,0.0,20264.0,695.0,512.0
SALICO,3/22/2026,632.0,646.9,621.0,646.8,4.32,24108.0,695.0,512.0
SALICO,3/23/2026,655.0,658.0,632.0,644.2,-0.4,8862.0,695.0,512.0
SALICO,3/24/2026,644.3,653.0,635.0,639.0,-0.81,17250.0,695.0,512.0
SALICO,3/25/2026,640.0,652.9,635.1,640.0,0.16,19246.0,695.0,512.0
SALICO,3/26/2026,645.0,645.0,636.0,645.0,0.0,16455.0,695.0,512.0
SALICO,3/29/2026,645.0,645.0,628.0,631.1,-2.16,18236.0,695.0,512.0
SALICO,3/30/2026,628.0,630.1,620.1,620.1,-1.26,19928.0,695.0,512.0
SALICO,3/31/2026,630.0,630.0,614.0,623.0,-1.11,8428.0,695.0,512.0
SALICO,4/1/2026,611.3,620.0,609.0,609.0,-0.38,9268.0,695.0,512.0
SALICO,4/2/2026,605.0,620.0,605.0,613.0,1.32,9362.0,695.0,512.0
SALICO,4/5/2026,601.2,612.8,595.0,595.5,-0.95,7971.0,695.0,512.0
SALICO,4/6/2026,598.1,619.0,598.1,614.0,2.66,14882.0,695.0,512.0
SALICO,4/7/2026,625.0,625.0,605.0,613.0,-1.92,2233.0,695.0,512.0
SALICO,4/8/2026,613.0,616.0,604.0,616.0,0.49,4255.0,695.0,512.0
SALICO,4/9/2026,607.1,621.9,607.1,617.0,1.63,15925.0,695.0,512.0
SALICO,4/10/2026,623.9,623.9,608.1,614.9,-1.44,4363.0,695.0,512.0
SALICO,4/13/2026,615.0,615.0,606.0,607.0,-1.3,17987.0,695.0,512.0
SALICO,4/15/2026,611.5,614.0,601.1,613.0,0.25,4011.0,695.0,512.0
SALICO,4/16/2026,607.1,613.0,602.0,609.7,0.43,3937.0,695.0,512.0
SALICO,4/17/2026,603.2,615.0,603.1,609.0,0.96,534.0,695.0,512.0
SALICO,4/20/2026,605.0,609.0,601.0,609.0,0.66,890.0,695.0,512.0
SALICO,4/21/2026,602.0,608.0,600.1,607.8,0.96,2705.0,695.0,512.0
SALICO,4/22/2026,606.0,606.9,600.0,606.9,0.15,5010.0,695.0,512.0
SALICO,4/23/2026,601.1,607.0,600.0,600.0,-0.18,6862.0,695.0,512.0
SALICO,4/24/2026,600.0,603.0,596.3,597.5,-0.42,1691.0,695.0,512.0
SALICO,4/27/2026,597.5,610.9,595.0,599.0,0.25,4776.0,695.0,512.0
SALICO,4/28/2026,599.0,600.0,595.0,595.2,-0.63,5125.0,695.0,512.0
SALICO,4/29/2026,595.2,600.0,591.0,594.0,-0.2,3438.0,695.0,512.0
SALICO,4/30/2026,598.0,598.0,588.0,592.1,-0.99,2160.0,695.0,512.0
SALICO,5/4/2026,590.0,590.0,585.0,585.0,-0.85,920.0,695.0,512.0
SALICO,5/5/2026,581.0,593.9,580.0,587.0,1.03,8823.0,695.0,512.0
SALICO,5/6/2026,586.0,586.0,585.0,585.1,-0.15,1293.0,695.0,512.0
SALICO,5/7/2026,585.0,587.5,582.1,583.0,-0.34,2006.0,695.0,512.0
SALICO,5/8/2026,599.9,599.9,583.1,584.1,-2.63,4086.0,695.0,512.0
SALICO,5/11/2026,581.1,594.0,581.1,589.9,1.51,2114.0,695.0,512.0
SALICO,5/12/2026,590.0,594.8,582.0,591.0,0.17,6684.0,695.0,512.0
SALICO,5/13/2026,591.0,591.0,585.0,589.0,-0.34,565.0,695.0,512.0
SALICO,5/14/2026,583.0,584.0,581.1,583.0,0.0,2364.0,695.0,512.0
SALICO,5/15/2026,584.0,593.9,582.0,587.0,0.51,4022.0,695.0,512.0
SALICO,5/18/2026,590.0,591.0,585.0,590.0,0.0,362.0,695.0,512.0
SALICO,5/19/2026,589.2,591.0,586.0,590.8,0.27,1091.0,695.0,512.0
SALICO,5/20/2026,580.8,591.8,580.7,591.8,1.89,4159.0,695.0,512.0
SALICO,5/21/2026,599.9,599.9,585.0,586.0,-2.32,4241.0,695.0,512.0
SALICO,5/22/2026,590.0,592.0,590.0,590.0,0.0,3789.0,695.0,512.0
SALICO,5/25/2026,595.0,611.0,591.0,591.0,-0.67,9050.0,695.0,512.0
SALICO,5/26/2026,592.0,598.7,591.0,596.0,0.68,2774.0,695.0,512.0
SALICO,5/27/2026,597.0,600.0,595.0,598.0,0.17,1492.0,695.0,512.0
SALICO,6/1/2026,590.0,620.0,590.0,607.2,2.92,11785.0,695.0,512.0
SALICO,6/2/2026,612.0,615.5,596.0,615.0,0.49,10678.0,695.0,512.0
SALICO,6/3/2026,619.0,650.0,617.0,640.8,3.52,33051.0,695.0,512.0
SALICO,6/4/2026,645.0,679.0,630.0,632.0,-2.02,28005.0,695.0,512.0
SALICO,6/5/2026,628.1,646.9,628.1,645.0,2.69,13156.0,695.0,512.0
SALICO,6/8/2026,649.9,649.9,635.0,639.9,-1.54,8447.0,695.0,512.0
SALICO,6/9/2026,648.0,667.4,617.1,630.0,-2.78,18479.0,695.0,512.0
SALICO,6/10/2026,630.0,639.0,625.1,630.0,0.0,2367.0,695.0,512.0
SALICO,6/11/2026,648.9,695.0,636.0,636.0,-1.99,25162.0,695.0,512.0
SALICO,6/12/2026,654.0,654.0,630.0,635.0,-2.91,5269.0,695.0,512.0
SALICO,6/15/2026,628.1,634.0,623.7,626.9,-0.19,6341.0,695.0,512.0
SALICO,6/16/2026,627.1,633.4,620.0,620.0,-1.13,3116.0,695.0,512.0
SALICO,6/17/2026,615.2,619.6,612.0,619.6,0.72,5167.0,695.0,512.0
SALICO,6/18/2026,612.0,619.0,610.0,617.6,0.92,2686.0,695.0,512.0
SALICO,6/19/2026,624.9,624.9,607.0,618.0,-1.1,2167.0,695.0,512.0
SALICO,6/22/2026,609.0,620.0,609.0,615.0,0.99,3581.0,695.0,512.0
SALICO,6/23/2026,629.9,629.9,593.1,603.1,-4.25,5256.0,695.0,512.0
SALICO,6/24/2026,591.1,600.0,590.0,599.0,1.34,3261.0,695.0,512.0
SALICO,6/26/2026,591.0,612.5,586.0,612.5,3.64,6280.0,695.0,512.0
SALICO,6/29/2026,595.0,610.8,593.1,605.0,1.68,5565.0,695.0,512.0
SALICO,6/30/2026,591.0,597.0,589.1,597.0,1.02,2528.0,695.0,512.0
SALICO,7/1/2026,613.5,613.5,594.0,604.0,-1.55,2679.0,695.0,512.0
SALICO,7/2/2026,605.0,615.0,597.0,614.0,1.49,4987.0,695.0,512.0
SALICO,7/3/2026,597.0,610.0,596.0,609.0,2.01,3815.0,695.0,512.0
SALICO,7/6/2026,591.2,600.0,591.1,598.3,1.2,31753.0,695.0,512.0
SALICO,7/7/2026,596.3,609.0,596.1,602.6,1.06,4340.0,695.0,512.0
SALICO,7/8/2026,593.0,598.0,590.0,598.0,0.84,3711.0,695.0,512.0
SALICO,7/9/2026,605.0,634.0,592.0,592.0,-2.15,26233.0,695.0,512.0
SALICO,7/10/2026,609.7,609.7,580.2,591.9,-2.92,4171.0,695.0,512.0
SALICO,7/13/2026,592.0,597.0,584.5,597.0,0.84,9011.0,695.0,512.0
SALICO,7/14/2026,626.8,645.0,577.0,580.0,-7.47,32695.0,695.0,512.0
SALICO,7/15/2026,580.0,597.0,580.0,592.9,2.22,1290.0,695.0,512.0
SALICO,7/16/2026,597.9,610.0,570.0,605.0,1.19,11795.0,695.0,512.0
SALICO,7/17/2026,610.0,620.0,608.9,620.0,1.64,4612.0,695.0,512.0
SALICO,7/20/2026,606.0,620.0,602.1,610.0,0.66,4862.0,695.0,512.0
SALICO,7/21/2026,610.0,617.0,601.2,610.4,0.07,9246.0,695.0,512.0
SALICO,7/22/2026,610.0,610.0,599.0,599.0,-1.8,14126.0,695.0,512.0
SALICO,7/23/2026,589.2,610.0,589.2,604.0,2.51,1399.0,695.0,512.0
SALICO,7/24/2026,601.0,614.0,590.4,609.6,1.43,7035.0,695.0,512.0
SALICO,7/27/2026,603.0,607.8,585.1,599.3,-0.61,8955.0,695.0,512.0
SALICO,7/28/2026,603.5,603.5,599.0,601.0,-0.41,1036.0,695.0,512.0
SALICO,7/29/2026,585.0,600.0,580.0,589.0,0.68,15345.0,695.0,512.0
SALICO,7/30/2026,606.5,606.5,590.0,593.0,-2.23,5176.0,695.0,512.0
SALICO,7/31/2026,593.0,602.7,585.2,602.7,1.64,2499.0,695.0,512.0
SALICO,8/3/2026,611.0,611.0,600.0,600.0,-1.8,4203.0,695.0,512.0
SALICO,8/4/2026,593.0,601.0,590.0,599.6,1.11,5586.0,695.0,512.0
SALICO,8/5/2026,599.8,617.0,592.0,598.0,-0.3,3879.0,695.0,512.0
SALICO,8/6/2026,594.0,600.0,586.0,586.0,-1.35,4260.0,695.0,512.0
SALICO,8/7/2026,586.0,596.0,586.0,589.0,0.51,4215.0,695.0,512.0
SALICO,8/10/2026,590.0,590.0,588.0,589.0,-0.17,2932.0,695.0,512.0
SALICO,8/11/2026,589.0,595.0,585.1,595.0,1.02,4039.0,695.0,512.0
SALICO,8/12/2026,600.0,601.5,587.3,589.0,-1.83,618.0,695.0,512.0
SALICO,8/13/2026,602.9,602.9,588.0,598.9,-0.66,2941.0,695.0,512.0
SALICO,8/14/2026,585.0,590.2,584.0,588.0,0.51,4437.0,695.0,512.0
SALICO,8/17/2026,588.0,588.0,582.3,588.0,0.0,11409.0,695.0,512.0
SALICO,8/18/2026,588.0,588.0,581.0,583.9,-0.7,10913.0,695.0,512.0
SALICO,8/19/2026,582.5,591.5,582.5,591.5,1.55,4381.0,695.0,512.0
SALICO,8/20/2026,589.0,589.0,580.0,583.0,-1.02,2444.0,695.0,512.0
SALICO,8/21/2026,583.0,589.9,581.1,584.0,0.17,11314.0,695.0,512.0
SALICO,8/24/2026,584.0,584.0,580.0,582.0,-0.34,3384.0,695.0,512.0
SALICO,8/25/2026,580.1,585.0,566.1,584.0,0.67,10146.0,695.0,512.0
SALICO,8/26/2026,572.0,575.0,565.2,565.2,-1.19,23097.0,695.0,512.0
SALICO,8/27/2026,565.0,565.0,550.0,553.0,-2.12,7686.0,695.0,512.0
SALICO,8/31/2026,548.0,548.0,520.1,521.6,-4.82,22540.0,695.0,512.0
SALICO,9/1/2026,512.1,526.9,512.0,523.0,2.13,6505.0,695.0,512.0
SALICO,9/2/2026,525.0,538.0,515.0,531.0,1.14,6369.0,695.0,512.0
SALICO,9/3/2026,520.1,530.0,517.1,526.8,1.29,5837.0,695.0,512.0
SALICO,9/7/2026,528.0,538.8,525.0,527.5,-0.09,4733.0,695.0,512.0
SALICO,9/9/2026,535.0,535.0,518.0,519.0,-2.99,2199.0,695.0,512.0
SALICO,9/10/2026,528.9,528.9,518.1,525.9,-0.57,3313.0,695.0,512.0
SALICO,9/11/2026,520.0,528.1,520.0,525.3,1.02,7385.0,695.0,512.0
SALICO,9/14/2026,525.0,540.8,525.0,535.1,1.92,7252.0,695.0,512.0
SALICO,9/15/2026,561.0,561.0,540.4,550.0,-1.96,10762.0,695.0,512.0
SALICO,9/16/2026,536.1,552.0,534.0,541.0,0.91,6484.0,695.0,512.0
SALICO,9/17/2026,551.0,551.0,534.0,540.0,-2.0,6874.0,695.0,512.0
SALICO,9/18/2026,535.0,545.0,531.0,545.0,1.87,4959.0,695.0,512.0
SALICO,9/22/2026,555.0,560.0,530.5,544.0,-1.98,4097.0,695.0,512.0
SALICO,9/23/2026,542.0,543.0,533.0,540.0,-0.37,2841.0,695.0,512.0
SALICO,9/24/2026,540.0,550.0,533.0,533.0,-1.3,1144.0,695.0,512.0
SALICO,9/28/2026,531.5,535.0,531.0,535.0,0.66,2134.0,695.0,512.0
SALICO,9/29/2026,541.0,541.0,530.4,0.0,-100.0,831.0,695.0,512.0
SALICO,9/30/2026,530.0,535.0,530.0,530.0,0.0,1882.0,695.0,512.0
SALICO,10/1/2026,530.0,537.5,527.1,528.1,-0.36,2620.0,695.0,512.0
SALICO,10/2/2026,538.9,538.9,524.5,531.9,-1.3,2950.0,695.0,512.0
SALICOPO,8/27/2026,270.0,270.0,270.0,270.0,0.0,16696.0,270.0,270.0
SAND2085,12/21/2025,1152.0,1155.0,1152.0,1155.0,,295.0,1245.0,1086.5
SAND2085,12/22/2025,1157.4,1157.4,1157.4,1157.4,0.21,100.0,1245.0,1086.5
SAND2085,12/23/2025,1180.0,1180.0,1180.0,1180.0,1.95,25.0,1245.0,1086.5
SAND2085,1/1/2026,1157.0,1157.0,1157.0,1157.0,-1.95,25.0,1245.0,1086.5
SAND2085,1/8/2026,1147.1,1150.4,1147.1,1150.4,-0.57,75.0,1245.0,1086.5
SAND2085,1/22/2026,1130.0,1130.0,1130.0,1130.0,-1.77,25.0,1245.0,1086.5
SAND2085,1/27/2026,1111.0,1111.0,1111.0,1111.0,-1.68,25.0,1245.0,1086.5
SAND2085,1/28/2026,1133.0,1133.0,1133.0,1133.0,1.98,25.0,1245.0,1086.5
SAND2085,2/1/2026,1133.0,1133.0,1133.0,1133.0,0.0,100.0,1245.0,1086.5
SAND2085,2/22/2026,1151.0,1155.0,1151.0,1155.0,1.94,50.0,1245.0,1086.5
SAND2085,2/25/2026,1132.0,1132.0,1132.0,1132.0,-1.99,25.0,1245.0,1086.5
SAND2085,3/2/2026,1113.1,1113.1,1113.1,1113.1,-1.67,25.0,1245.0,1086.5
SAND2085,3/12/2026,1123.0,1123.0,1123.0,1123.0,0.89,25.0,1245.0,1086.5
SAND2085,3/13/2026,1123.0,1123.0,1123.0,1123.0,0.0,25.0,1245.0,1086.5
SAND2085,3/14/2026,1123.0,1123.0,1123.0,1123.0,0.0,25.0,1245.0,1086.5
SAND2085,3/17/2026,1112.6,1112.6,1112.6,1112.6,-0.93,100.0,1245.0,1086.5
SAND2085,3/18/2026,1112.6,1112.6,1112.6,1112.6,0.0,100.0,1245.0,1086.5
SAND2085,3/19/2026,1122.0,1122.0,1122.0,1122.0,0.84,25.0,1245.0,1086.5
SAND2085,3/20/2026,1122.0,1122.0,1122.0,1122.0,0.0,25.0,1245.0,1086.5
SAND2085,3/21/2026,1122.0,1122.0,1122.0,1122.0,0.0,25.0,1245.0,1086.5
SAND2085,3/22/2026,1144.4,1144.4,1144.4,1144.4,2.0,100.0,1245.0,1086.5
SAND2085,3/25/2026,1130.0,1130.0,1130.0,1130.0,-1.26,25.0,1245.0,1086.5
SAND2085,4/6/2026,1116.0,1116.0,1116.0,1116.0,0.0,25.0,1245.0,1086.5
SAND2085,4/23/2026,1125.0,1125.0,1125.0,1125.0,0.0,25.0,1245.0,1086.5
SAND2085,4/30/2026,1125.0,1125.0,1125.0,1125.0,0.0,25.0,1245.0,1086.5
SAND2085,5/11/2026,1121.0,1121.0,1120.9,1120.9,-0.01,25.0,1245.0,1086.5
SAND2085,5/12/2026,1123.0,1123.0,1123.0,1123.0,0.0,10.0,1245.0,1086.5
SAND2085,5/15/2026,1124.9,1124.9,1124.9,1124.1,-0.07,30.0,1245.0,1086.5
SAND2085,5/20/2026,1125.0,1125.0,1125.0,1125.0,0.0,25.0,1245.0,1086.5
SAND2085,5/21/2026,1150.0,1150.0,1150.0,1150.0,0.0,25.0,1245.0,1086.5
SAND2085,5/22/2026,1124.0,1124.0,1124.0,1124.0,0.0,25.0,1245.0,1086.5
SAND2085,5/25/2026,1124.0,1124.0,1124.0,1124.3,0.03,3.0,1245.0,1086.5
SAND2085,6/2/2026,1155.0,1155.0,1155.0,1155.0,0.0,215.0,1245.0,1086.5
SAND2085,6/4/2026,1158.3,1158.3,1158.3,1158.3,0.0,130.0,1245.0,1086.5
SAND2085,6/5/2026,1152.0,1152.0,1152.0,1152.0,0.0,25.0,1245.0,1086.5
SAND2085,6/8/2026,1117.5,1117.5,1090.0,1090.0,-2.46,45010.0,1245.0,1086.5
SAND2085,6/9/2026,1122.7,1122.7,1095.0,1095.0,-2.47,54990.0,1245.0,1086.5
SAND2085,6/12/2026,1127.0,1133.0,1127.0,1165.9,3.45,54802.0,1245.0,1086.5
SAND2085,7/1/2026,1165.9,1188.0,1165.9,1189.0,1.98,20.0,1245.0,1086.5
SAND2085,7/2/2026,1189.0,1189.0,1189.0,1190.0,0.08,6.0,1245.0,1086.5
SAND2085,7/6/2026,1154.3,1154.3,1154.3,1154.3,0.0,25.0,1245.0,1086.5
SAND2085,7/8/2026,1156.0,1156.0,1140.0,1140.0,-1.38,55287.0,1245.0,1086.5
SAND2085,7/13/2026,1142.5,1142.5,1139.0,1139.0,-0.31,244975.0,1245.0,1086.5
SAND2085,7/14/2026,1170.0,1170.0,1170.0,1170.0,0.0,10.0,1245.0,1086.5
SAND2085,7/15/2026,1170.0,1225.0,1170.0,1245.0,6.41,472.0,1245.0,1086.5
SAND2085,7/20/2026,1245.0,1245.0,1207.0,1207.7,-3.0,502.0,1245.0,1086.5
SAND2085,7/24/2026,1207.7,1207.7,1100.0,1100.0,-8.92,25050.0,1245.0,1086.5
SAND2085,7/27/2026,1133.0,1150.0,1133.0,1150.0,1.5,45477.0,1245.0,1086.5
SAND2085,7/31/2026,1150.0,1150.0,1150.0,1150.0,0.0,50.0,1245.0,1086.5
SAND2085,9/7/2026,1149.9,1149.9,1149.9,1149.9,0.0,85.0,1245.0,1086.5
SAND2085,9/9/2026,1115.5,1115.5,1115.5,1115.5,0.0,205.0,1245.0,1086.5
SAND2085,9/11/2026,1144.9,1145.0,1144.9,1145.0,0.01,439.0,1245.0,1086.5
SAND2085,9/14/2026,1113.1,1113.2,1100.0,1100.0,-1.18,135.0,1245.0,1086.5
SAND2085,9/18/2026,1100.0,1100.0,1100.0,1100.0,0.0,75.0,1245.0,1086.5
SANIMA,4/12/2012,146.0,160.0,148.0,160.0,,12740.0,390.6,295.0
SANIMA,4/15/2012,160.0,176.0,163.0,176.0,10.0,6574.0,390.6,295.0
SANIMA,4/16/2012,176.0,191.0,179.0,191.0,8.52,8164.0,390.6,295.0
SANIMA,4/17/2012,191.0,210.0,181.0,181.0,-5.24,9132.0,390.6,295.0
SANIMA,4/18/2012,181.0,195.0,165.0,190.0,4.97,19469.0,390.6,295.0
SANIMA,4/19/2012,190.0,209.0,193.0,202.0,6.32,31297.0,390.6,295.0
SANIMA,4/22/2012,202.0,222.0,202.0,222.0,9.9,28005.0,390.6,295.0
SANIMA,4/24/2012,222.0,242.0,226.0,242.0,9.01,6186.0,390.6,295.0
SANIMA,4/25/2012,242.0,266.0,246.0,266.0,9.92,5101.0,390.6,295.0
SANIMA,4/26/2012,266.0,292.0,242.0,292.0,9.77,50478.0,390.6,295.0
SANIMA,4/29/2012,292.0,298.0,270.0,285.0,-2.4,38288.0,390.6,295.0
SANIMA,4/30/2012,285.0,285.0,265.0,265.0,-7.02,6881.0,390.6,295.0
SANIMA,5/2/2012,265.0,260.0,245.0,245.0,-7.55,593.0,390.6,295.0
SANIMA,5/3/2012,245.0,265.0,249.0,265.0,8.16,11940.0,390.6,295.0
SANIMA,5/7/2012,265.0,291.0,270.0,291.0,9.81,10796.0,390.6,295.0
SANIMA,5/8/2012,291.0,307.0,290.0,296.0,1.72,38625.0,390.6,295.0
SANIMA,5/9/2012,296.0,291.0,271.0,276.0,-6.76,25046.0,390.6,295.0
SANIMA,5/10/2012,276.0,278.0,253.0,270.0,-2.17,15507.0,390.6,295.0
SANIMA,5/13/2012,270.0,265.0,243.0,243.0,-10.0,18779.0,390.6,295.0
SANIMA,5/14/2012,243.0,239.0,225.0,225.0,-7.41,7920.0,390.6,295.0
SANIMA,5/15/2012,225.0,237.0,225.0,237.0,5.33,21588.0,390.6,295.0
SANIMA,5/16/2012,237.0,260.0,241.0,260.0,9.7,1519.0,390.6,295.0
SANIMA,5/17/2012,260.0,280.0,265.0,273.0,5.0,28384.0,390.6,295.0
SANIMA,5/20/2012,273.0,272.0,248.0,264.0,-3.3,6948.0,390.6,295.0
SANIMA,5/21/2012,264.0,276.0,249.0,268.0,1.52,16475.0,390.6,295.0
SANIMA,5/22/2012,268.0,268.0,245.0,264.0,-1.49,7398.0,390.6,295.0
SANIMA,5/23/2012,264.0,259.0,238.0,238.0,-9.85,9377.0,390.6,295.0
SANIMA,5/24/2012,238.0,255.0,235.0,245.0,2.94,28346.0,390.6,295.0
SANIMA,5/27/2012,245.0,269.0,246.0,265.0,8.16,12866.0,390.6,295.0
SANIMA,5/30/2012,265.0,260.0,241.0,241.0,-9.06,50.0,390.6,295.0
SANIMA,5/31/2012,241.0,237.0,217.0,226.0,-6.22,9726.0,390.6,295.0
SANIMA,6/3/2012,226.0,248.0,230.0,248.0,9.73,10550.0,390.6,295.0
SANIMA,6/4/2012,248.0,253.0,235.0,241.0,-2.82,10165.0,390.6,295.0
SANIMA,6/5/2012,241.0,242.0,226.0,230.0,-4.56,4701.0,390.6,295.0
SANIMA,6/6/2012,230.0,226.0,213.0,217.0,-5.65,7159.0,390.6,295.0
SANIMA,6/7/2012,217.0,234.0,215.0,231.0,6.45,6698.0,390.6,295.0
SANIMA,6/10/2012,231.0,231.0,219.0,220.0,-4.76,1075.0,390.6,295.0
SANIMA,6/11/2012,220.0,239.0,218.0,224.0,1.82,12237.0,390.6,295.0
SANIMA,6/12/2012,224.0,222.0,215.0,222.0,-0.89,9497.0,390.6,295.0
SANIMA,6/13/2012,222.0,225.0,217.0,225.0,1.35,1736.0,390.6,295.0
SANIMA,6/14/2012,225.0,222.0,218.0,218.0,-3.11,812.0,390.6,295.0
SANIMA,6/17/2012,218.0,216.0,208.0,211.0,-3.21,2510.0,390.6,295.0
SANIMA,6/18/2012,211.0,215.0,208.0,215.0,1.9,2438.0,390.6,295.0
SANIMA,6/19/2012,215.0,216.0,206.0,216.0,0.47,4180.0,390.6,295.0
SANIMA,6/20/2012,216.0,228.0,213.0,217.0,0.46,3731.0,390.6,295.0
SANIMA,6/21/2012,217.0,221.0,215.0,219.0,0.92,4690.0,390.6,295.0
SANIMA,6/25/2012,219.0,232.0,215.0,232.0,5.94,9134.0,390.6,295.0
SANIMA,6/26/2012,232.0,228.0,221.0,222.0,-4.31,720.0,390.6,295.0
SANIMA,6/27/2012,222.0,229.0,220.0,229.0,3.15,4074.0,390.6,295.0
SANIMA,6/28/2012,229.0,240.0,227.0,229.0,0.0,7722.0,390.6,295.0
SANIMA,7/1/2012,229.0,232.0,228.0,228.0,-0.44,2724.0,390.6,295.0
SANIMA,7/2/2012,228.0,228.0,223.0,224.0,-1.75,9443.0,390.6,295.0
SANIMA,7/3/2012,224.0,228.0,224.0,226.0,0.89,2195.0,390.6,295.0
SANIMA,7/4/2012,226.0,231.0,225.0,225.0,-0.44,2927.0,390.6,295.0
SANIMA,7/5/2012,225.0,229.0,221.0,224.0,-0.44,4384.0,390.6,295.0
SANIMA,7/8/2012,224.0,228.0,218.0,222.0,-0.89,2857.0,390.6,295.0
SANIMA,7/9/2012,222.0,227.0,222.0,226.0,1.8,6989.0,390.6,295.0
SANIMA,7/10/2012,226.0,233.0,220.0,229.0,1.33,14463.0,390.6,295.0
SANIMA,7/11/2012,229.0,233.0,225.0,230.0,0.44,4936.0,390.6,295.0
SANIMA,7/12/2012,230.0,226.0,222.0,222.0,-3.48,4213.0,390.6,295.0
SANIMA,7/15/2012,222.0,225.0,215.0,225.0,1.35,69387.0,390.6,295.0
SANIMA,7/16/2012,225.0,225.0,225.0,225.0,0.0,907.0,390.6,295.0
SANIMA,7/17/2012,225.0,226.0,221.0,224.0,-0.44,1063.0,390.6,295.0
SANIMA,7/18/2012,224.0,229.0,222.0,226.0,0.89,5473.0,390.6,295.0
SANIMA,7/19/2012,226.0,238.0,227.0,228.0,0.88,4890.0,390.6,295.0
SANIMA,7/22/2012,228.0,239.0,225.0,232.0,1.75,14478.0,390.6,295.0
SANIMA,7/23/2012,232.0,243.0,234.0,241.0,3.88,7513.0,390.6,295.0
SANIMA,7/24/2012,241.0,248.0,234.0,240.0,-0.41,3002.0,390.6,295.0
SANIMA,7/25/2012,240.0,240.0,230.0,232.0,-3.33,4621.0,390.6,295.0
SANIMA,7/26/2012,232.0,234.0,231.0,234.0,0.86,2127.0,390.6,295.0
SANIMA,7/29/2012,234.0,238.0,226.0,230.0,-1.71,2380.0,390.6,295.0
SANIMA,7/30/2012,230.0,237.0,225.0,228.0,-0.87,4059.0,390.6,295.0
SANIMA,7/31/2012,228.0,232.0,229.0,231.0,1.32,358.0,390.6,295.0
SANIMA,8/1/2012,231.0,234.0,223.0,228.0,-1.3,3265.0,390.6,295.0
SANIMA,8/5/2012,228.0,229.0,225.0,227.0,-0.44,1416.0,390.6,295.0
SANIMA,8/6/2012,227.0,230.0,228.0,228.0,0.44,1594.0,390.6,295.0
SANIMA,8/7/2012,228.0,225.0,220.0,224.0,-1.75,3046.0,390.6,295.0
SANIMA,8/8/2012,224.0,224.0,216.0,219.0,-2.23,3604.0,390.6,295.0
SANIMA,8/12/2012,219.0,217.0,209.0,209.0,-4.57,2966.0,390.6,295.0
SANIMA,8/13/2012,209.0,213.0,202.0,211.0,0.96,5608.0,390.6,295.0
SANIMA,8/14/2012,211.0,207.0,190.0,195.0,-7.58,8001.0,390.6,295.0
SANIMA,8/15/2012,195.0,195.0,182.0,186.0,-4.62,5097.0,390.6,295.0
SANIMA,8/16/2012,186.0,195.0,186.0,194.0,4.3,1262.0,390.6,295.0
SANIMA,8/19/2012,194.0,191.0,184.0,184.0,-5.15,4011.0,390.6,295.0
SANIMA,8/21/2012,184.0,184.0,177.0,184.0,0.0,15868.0,390.6,295.0
SANIMA,8/22/2012,184.0,191.0,187.0,190.0,3.26,1490.0,390.6,295.0
SANIMA,8/23/2012,190.0,191.0,187.0,190.0,0.0,3498.0,390.6,295.0
SANIMA,8/26/2012,190.0,191.0,185.0,185.0,-2.63,2595.0,390.6,295.0
SANIMA,8/27/2012,185.0,188.0,183.0,184.0,-0.54,7617.0,390.6,295.0
SANIMA,8/28/2012,184.0,189.0,183.0,189.0,2.72,4139.0,390.6,295.0
SANIMA,8/29/2012,189.0,192.0,186.0,189.0,0.0,2051.0,390.6,295.0
SANIMA,8/30/2012,189.0,189.0,184.0,187.0,-1.06,6524.0,390.6,295.0
SANIMA,9/2/2012,187.0,205.0,187.0,202.0,8.02,4914.0,390.6,295.0
SANIMA,9/3/2012,202.0,206.0,199.0,202.0,0.0,6193.0,390.6,295.0
SANIMA,9/4/2012,202.0,202.0,188.0,194.0,-3.96,5447.0,390.6,295.0
SANIMA,9/5/2012,194.0,197.0,194.0,196.0,1.03,1340.0,390.6,295.0
SANIMA,9/6/2012,196.0,205.0,191.0,205.0,4.59,2311.0,390.6,295.0
SANIMA,9/9/2012,205.0,205.0,196.0,196.0,-4.39,1010.0,390.6,295.0
SANIMA,9/10/2012,196.0,194.0,190.0,193.0,-1.53,3025.0,390.6,295.0
SANIMA,9/11/2012,193.0,195.0,192.0,195.0,1.04,850.0,390.6,295.0
SANIMA,9/12/2012,195.0,196.0,193.0,195.0,0.0,1852.0,390.6,295.0
SANIMA,9/13/2012,195.0,195.0,195.0,195.0,0.0,623.0,390.6,295.0
SANIMA,9/16/2012,195.0,198.0,197.0,198.0,1.54,1150.0,390.6,295.0
SANIMA,9/17/2012,198.0,200.0,200.0,200.0,1.01,188.0,390.6,295.0
SANIMA,9/18/2012,200.0,205.0,200.0,205.0,2.5,7630.0,390.6,295.0
SANIMA,9/19/2012,205.0,202.0,200.0,201.0,-1.95,2577.0,390.6,295.0
SANIMA,9/20/2012,201.0,200.0,197.0,200.0,-0.5,2256.0,390.6,295.0
SANIMA,9/23/2012,200.0,196.0,193.0,193.0,-3.5,900.0,390.6,295.0
SANIMA,9/24/2012,193.0,193.0,187.0,190.0,-1.55,3145.0,390.6,295.0
SANIMA,9/25/2012,190.0,192.0,187.0,192.0,1.05,2231.0,390.6,295.0
SANIMA,9/26/2012,192.0,192.0,190.0,190.0,-1.04,1250.0,390.6,295.0
SANIMA,9/30/2012,187.0,185.0,185.0,185.0,-2.63,778.0,390.6,295.0
SANIMA,10/1/2012,185.0,186.0,182.0,185.0,0.0,3703.0,390.6,295.0
SANIMA,10/2/2012,185.0,188.0,185.0,187.0,1.08,2556.0,390.6,295.0
SANIMA,10/3/2012,187.0,188.0,185.0,187.0,0.0,1058.0,390.6,295.0
SANIMA,10/4/2012,187.0,185.0,185.0,185.0,-1.07,1857.0,390.6,295.0
SANIMA,10/7/2012,185.0,188.0,178.0,188.0,1.62,4008.0,390.6,295.0
SANIMA,10/8/2012,188.0,187.0,185.0,187.0,-0.53,1709.0,390.6,295.0
SANIMA,10/9/2012,187.0,190.0,186.0,186.0,-0.53,1494.0,390.6,295.0
SANIMA,10/10/2012,186.0,187.0,185.0,187.0,0.54,134.0,390.6,295.0
SANIMA,10/11/2012,187.0,184.0,184.0,184.0,-1.6,200.0,390.6,295.0
SANIMA,10/14/2012,184.0,190.0,186.0,190.0,3.26,1730.0,390.6,295.0
SANIMA,10/15/2012,190.0,188.0,187.0,188.0,-1.05,624.0,390.6,295.0
SANIMA,10/17/2012,188.0,194.0,191.0,194.0,3.19,1062.0,390.6,295.0
SANIMA,10/18/2012,194.0,200.0,196.0,198.0,2.06,3325.0,390.6,295.0
SANIMA,10/30/2012,198.0,207.0,201.0,207.0,4.55,1190.0,390.6,295.0
SANIMA,10/31/2012,207.0,215.0,207.0,213.0,2.9,6838.0,390.6,295.0
SANIMA,11/1/2012,213.0,213.0,208.0,210.0,-1.41,5440.0,390.6,295.0
SANIMA,11/4/2012,210.0,213.0,210.0,211.0,0.48,1635.0,390.6,295.0
SANIMA,11/5/2012,211.0,223.0,215.0,219.0,3.79,6658.0,390.6,295.0
SANIMA,11/6/2012,219.0,220.0,217.0,218.0,-0.46,3730.0,390.6,295.0
SANIMA,11/7/2012,218.0,227.0,215.0,225.0,3.21,7613.0,390.6,295.0
SANIMA,11/8/2012,225.0,235.0,224.0,225.0,0.0,2682.0,390.6,295.0
SANIMA,11/11/2012,225.0,231.0,212.0,214.0,-4.89,10599.0,390.6,295.0
SANIMA,11/12/2012,214.0,226.0,216.0,226.0,5.61,7659.0,390.6,295.0
SANIMA,11/18/2012,226.0,235.0,228.0,232.0,2.65,7903.0,390.6,295.0
SANIMA,11/20/2012,232.0,250.0,231.0,231.0,-0.43,19046.0,390.6,295.0
SANIMA,11/21/2012,231.0,238.0,228.0,232.0,0.43,18315.0,390.6,295.0
SANIMA,11/22/2012,232.0,238.0,220.0,231.0,-0.43,49743.0,390.6,295.0
SANIMA,11/25/2012,231.0,240.0,231.0,234.0,1.3,12920.0,390.6,295.0
SANIMA,11/26/2012,234.0,238.0,232.0,235.0,0.43,6268.0,390.6,295.0
SANIMA,11/27/2012,235.0,236.0,233.0,233.0,-0.85,4880.0,390.6,295.0
SANIMA,11/28/2012,233.0,237.0,232.0,235.0,0.86,4596.0,390.6,295.0
SANIMA,11/29/2012,235.0,236.0,228.0,228.0,-2.98,3134.0,390.6,295.0
SANIMA,12/2/2012,228.0,232.0,224.0,229.0,0.44,2780.0,390.6,295.0
SANIMA,12/3/2012,229.0,231.0,227.0,231.0,0.87,1450.0,390.6,295.0
SANIMA,12/4/2012,231.0,237.0,233.0,237.0,2.6,6184.0,390.6,295.0
SANIMA,12/5/2012,237.0,260.0,235.0,254.0,7.17,11124.0,390.6,295.0
SANIMA,12/6/2012,254.0,258.0,245.0,254.0,0.0,11226.0,390.6,295.0
SANIMA,12/9/2012,254.0,252.0,242.0,247.0,-2.76,3156.0,390.6,295.0
SANIMA,12/10/2012,247.0,250.0,245.0,247.0,0.0,4591.0,390.6,295.0
SANIMA,12/11/2012,247.0,248.0,247.0,247.0,0.0,1940.0,390.6,295.0
SANIMA,12/12/2012,247.0,251.0,243.0,250.0,1.21,12557.0,390.6,295.0
SANIMA,12/13/2012,250.0,252.0,250.0,252.0,0.8,7161.0,390.6,295.0
SANIMA,12/16/2012,252.0,272.0,257.0,272.0,7.94,12179.0,390.6,295.0
SANIMA,12/17/2012,272.0,287.0,272.0,274.0,0.74,12218.0,390.6,295.0
SANIMA,12/18/2012,274.0,271.0,261.0,266.0,-2.92,16619.0,390.6,295.0
SANIMA,12/19/2012,266.0,276.0,265.0,275.0,3.38,14195.0,390.6,295.0
SANIMA,12/20/2012,275.0,277.0,269.0,272.0,-1.09,27581.0,390.6,295.0
SANIMA,12/23/2012,272.0,282.0,272.0,282.0,3.68,4821.0,390.6,295.0
SANIMA,12/24/2012,282.0,295.0,282.0,292.0,3.55,10875.0,390.6,295.0
SANIMA,12/26/2012,292.0,302.0,290.0,290.0,-0.68,16061.0,390.6,295.0
SANIMA,12/27/2012,290.0,298.0,288.0,294.0,1.38,10249.0,390.6,295.0
SANIMA,12/31/2012,294.0,290.0,280.0,280.0,-4.76,2686.0,390.6,295.0
SANIMA,1/1/2013,280.0,281.0,272.0,273.0,-2.5,6489.0,390.6,295.0
SANIMA,1/2/2013,273.0,280.0,270.0,279.0,2.2,4957.0,390.6,295.0
SANIMA,1/3/2013,279.0,284.0,279.0,280.0,0.36,7823.0,390.6,295.0
SANIMA,1/6/2013,280.0,286.0,276.0,280.0,0.0,2380.0,390.6,295.0
SANIMA,1/7/2013,280.0,280.0,271.0,274.0,-2.14,2070.0,390.6,295.0
SANIMA,1/8/2013,274.0,269.0,261.0,269.0,-1.82,7533.0,390.6,295.0
SANIMA,1/9/2013,269.0,270.0,265.0,268.0,-0.37,1100.0,390.6,295.0
SANIMA,1/10/2013,268.0,276.0,264.0,273.0,1.87,6303.0,390.6,295.0
SANIMA,1/13/2013,273.0,277.0,269.0,276.0,1.1,179606.0,390.6,295.0
SANIMA,1/15/2013,276.0,273.0,266.0,273.0,-1.09,9653.0,390.6,295.0
SANIMA,1/16/2013,273.0,273.0,265.0,266.0,-2.56,9197.0,390.6,295.0
SANIMA,1/17/2013,266.0,267.0,258.0,258.0,-3.01,2432.0,390.6,295.0
SANIMA,1/20/2013,258.0,258.0,245.0,255.0,-1.16,8392.0,390.6,295.0
SANIMA,1/21/2013,255.0,267.0,260.0,262.0,2.75,6408.0,390.6,295.0
SANIMA,1/22/2013,262.0,265.0,261.0,264.0,0.76,8276.0,390.6,295.0
SANIMA,1/23/2013,264.0,267.0,256.0,257.0,-2.65,3702.0,390.6,295.0
SANIMA,1/24/2013,257.0,260.0,251.0,257.0,0.0,10324.0,390.6,295.0
SANIMA,1/27/2013,257.0,270.0,257.0,260.0,1.17,7663.0,390.6,295.0
SANIMA,1/28/2013,260.0,264.0,259.0,260.0,0.0,11511.0,390.6,295.0
SANIMA,1/30/2013,260.0,265.0,256.0,260.0,0.0,11828.0,390.6,295.0
SANIMA,1/31/2013,260.0,265.0,256.0,256.0,-1.54,7848.0,390.6,295.0
SANIMA,2/3/2013,256.0,279.0,255.0,262.0,2.34,11395.0,390.6,295.0
SANIMA,2/4/2013,262.0,267.0,261.0,266.0,1.53,7767.0,390.6,295.0
SANIMA,2/5/2013,266.0,267.0,261.0,265.0,-0.38,5533.0,390.6,295.0
SANIMA,2/6/2013,265.0,264.0,261.0,263.0,-0.75,5140.0,390.6,295.0
SANIMA,2/7/2013,263.0,267.0,259.0,261.0,-0.76,6767.0,390.6,295.0
SANIMA,2/10/2013,261.0,269.0,259.0,266.0,1.92,9776.0,390.6,295.0
SANIMA,2/12/2013,266.0,284.0,271.0,284.0,6.77,18322.0,390.6,295.0
SANIMA,2/13/2013,284.0,281.0,269.0,279.0,-1.76,9439.0,390.6,295.0
SANIMA,2/14/2013,279.0,284.0,277.0,280.0,0.36,17827.0,390.6,295.0
SANIMA,2/17/2013,280.0,300.0,285.0,300.0,7.14,1050.0,390.6,295.0
SANIMA,2/19/2013,300.0,312.0,282.0,282.0,-6.0,30838.0,390.6,295.0
SANIMA,2/20/2013,282.0,285.0,277.0,282.0,0.0,9220.0,390.6,295.0
SANIMA,2/21/2013,282.0,292.0,277.0,287.0,1.77,12763.0,390.6,295.0
SANIMA,2/24/2013,287.0,289.0,277.0,281.0,-2.09,6974.0,390.6,295.0
SANIMA,2/25/2013,281.0,296.0,280.0,288.0,2.49,7808.0,390.6,295.0
SANIMA,2/26/2013,288.0,293.0,280.0,287.0,-0.35,20788.0,390.6,295.0
SANIMA,2/27/2013,287.0,288.0,281.0,283.0,-1.39,5018.0,390.6,295.0
SANIMA,2/28/2013,283.0,288.0,280.0,285.0,0.71,11138.0,390.6,295.0
SANIMA,3/3/2013,285.0,290.0,282.0,285.0,0.0,4909.0,390.6,295.0
SANIMA,3/4/2013,285.0,289.0,283.0,284.0,-0.35,5563.0,390.6,295.0
SANIMA,3/5/2013,284.0,285.0,279.0,285.0,0.35,6059.0,390.6,295.0
SANIMA,3/6/2013,285.0,287.0,280.0,283.0,-0.7,7966.0,390.6,295.0
SANIMA,3/7/2013,283.0,285.0,280.0,280.0,-1.06,7612.0,390.6,295.0
SANIMA,3/11/2013,280.0,285.0,278.0,282.0,0.71,4886.0,390.6,295.0
SANIMA,3/13/2013,282.0,293.0,286.0,293.0,3.9,10454.0,390.6,295.0
SANIMA,3/14/2013,293.0,303.0,287.0,289.0,-1.37,13305.0,390.6,295.0
SANIMA,3/17/2013,289.0,290.0,277.0,284.0,-1.73,5955.0,390.6,295.0
SANIMA,3/18/2013,284.0,283.0,275.0,280.0,-1.41,4825.0,390.6,295.0
SANIMA,3/19/2013,280.0,281.0,275.0,279.0,-0.36,19520.0,390.6,295.0
SANIMA,3/20/2013,279.0,280.0,277.0,280.0,0.36,2803.0,390.6,295.0
SANIMA,3/21/2013,280.0,278.0,270.0,275.0,-1.79,7134.0,390.6,295.0
SANIMA,3/24/2013,275.0,279.0,270.0,270.0,-1.82,5653.0,390.6,295.0
SANIMA,3/25/2013,270.0,276.0,267.0,270.0,0.0,22601.0,390.6,295.0
SANIMA,3/27/2013,270.0,284.0,270.0,271.0,0.37,7430.0,390.6,295.0
SANIMA,3/28/2013,271.0,291.0,268.0,270.0,-0.37,9092.0,390.6,295.0
SANIMA,3/31/2013,270.0,274.0,261.0,265.0,-1.85,15782.0,390.6,295.0
SANIMA,4/1/2013,265.0,269.0,255.0,268.0,1.13,8635.0,390.6,295.0
SANIMA,4/2/2013,268.0,277.0,269.0,273.0,1.87,8062.0,390.6,295.0
SANIMA,4/3/2013,273.0,274.0,271.0,272.0,-0.37,3689.0,390.6,295.0
SANIMA,4/4/2013,272.0,271.0,268.0,271.0,-0.37,2700.0,390.6,295.0
SANIMA,4/7/2013,271.0,275.0,270.0,271.0,0.0,4380.0,390.6,295.0
SANIMA,4/8/2013,271.0,277.0,266.0,266.0,-1.85,22410.0,390.6,295.0
SANIMA,4/9/2013,266.0,278.0,271.0,277.0,4.14,1790.0,390.6,295.0
SANIMA,4/11/2013,277.0,285.0,274.0,277.0,0.0,5182.0,390.6,295.0
SANIMA,4/15/2013,277.0,282.0,277.0,277.0,0.0,4577.0,390.6,295.0
SANIMA,4/16/2013,277.0,283.0,272.0,281.0,1.44,3577.0,390.6,295.0
SANIMA,4/17/2013,281.0,279.0,271.0,279.0,-0.71,1184.0,390.6,295.0
SANIMA,4/18/2013,279.0,279.0,272.0,273.0,-2.15,2233.0,390.6,295.0
SANIMA,4/21/2013,273.0,282.0,272.0,277.0,1.47,190.0,390.6,295.0
SANIMA,4/22/2013,277.0,272.0,256.0,262.0,-5.42,7921.0,390.6,295.0
SANIMA,4/23/2013,262.0,270.0,265.0,269.0,2.67,4795.0,390.6,295.0
SANIMA,4/25/2013,269.0,272.0,264.0,264.0,-1.86,11016.0,390.6,295.0
SANIMA,4/28/2013,264.0,267.0,250.0,261.0,-1.14,9601.0,390.6,295.0
SANIMA,4/30/2013,261.0,266.0,257.0,258.0,-1.15,2425.0,390.6,295.0
SANIMA,5/2/2013,258.0,263.0,249.0,250.0,-3.1,4017.0,390.6,295.0
SANIMA,5/5/2013,250.0,257.0,250.0,250.0,0.0,3383.0,390.6,295.0
SANIMA,5/6/2013,250.0,248.0,240.0,245.0,-2.0,5220.0,390.6,295.0
SANIMA,5/7/2013,245.0,258.0,249.0,258.0,5.31,4985.0,390.6,295.0
SANIMA,5/8/2013,258.0,262.0,252.0,252.0,-2.33,1550.0,390.6,295.0
SANIMA,5/9/2013,252.0,259.0,248.0,249.0,-1.19,4738.0,390.6,295.0
SANIMA,5/12/2013,249.0,262.0,245.0,248.0,-0.4,9843.0,390.6,295.0
SANIMA,5/13/2013,248.0,253.0,248.0,250.0,0.81,6064.0,390.6,295.0
SANIMA,5/14/2013,250.0,258.0,250.0,253.0,1.2,6219.0,390.6,295.0
SANIMA,5/15/2013,253.0,261.0,251.0,253.0,0.0,7772.0,390.6,295.0
SANIMA,5/16/2013,253.0,257.0,253.0,254.0,0.4,1600.0,390.6,295.0
SANIMA,5/19/2013,254.0,264.0,250.0,254.0,0.0,2687.0,390.6,295.0
SANIMA,5/20/2013,254.0,252.0,241.0,252.0,-0.79,3852.0,390.6,295.0
SANIMA,5/21/2013,252.0,256.0,248.0,254.0,0.79,4080.0,390.6,295.0
SANIMA,5/22/2013,254.0,255.0,249.0,253.0,-0.39,3590.0,390.6,295.0
SANIMA,5/23/2013,253.0,251.0,250.0,251.0,-0.79,687.0,390.6,295.0
SANIMA,5/26/2013,251.0,250.0,247.0,250.0,-0.4,1289.0,390.6,295.0
SANIMA,5/27/2013,250.0,255.0,250.0,255.0,2.0,3107.0,390.6,295.0
SANIMA,5/28/2013,255.0,252.0,250.0,252.0,-1.18,1143.0,390.6,295.0
SANIMA,5/30/2013,252.0,250.0,247.0,248.0,-1.59,3751.0,390.6,295.0
SANIMA,6/2/2013,248.0,252.0,248.0,250.0,0.81,2762.0,390.6,295.0
SANIMA,6/3/2013,250.0,251.0,247.0,251.0,0.4,1202.0,390.6,295.0
SANIMA,6/4/2013,251.0,255.0,255.0,255.0,1.59,10.0,390.6,295.0
SANIMA,6/5/2013,255.0,250.0,245.0,248.0,-2.75,4414.0,390.6,295.0
SANIMA,6/6/2013,248.0,248.0,245.0,245.0,-1.21,1251.0,390.6,295.0
SANIMA,6/9/2013,245.0,253.0,245.0,250.0,2.04,9566.0,390.6,295.0
SANIMA,6/10/2013,250.0,250.0,244.0,245.0,-2.0,5271.0,390.6,295.0
SANIMA,6/11/2013,245.0,248.0,240.0,248.0,1.22,2021.0,390.6,295.0
SANIMA,6/12/2013,248.0,246.0,244.0,246.0,-0.81,2025.0,390.6,295.0
SANIMA,6/13/2013,246.0,247.0,239.0,247.0,0.41,3895.0,390.6,295.0
SANIMA,6/16/2013,247.0,248.0,245.0,248.0,0.4,1510.0,390.6,295.0
SANIMA,6/17/2013,248.0,248.0,244.0,244.0,-1.61,1160.0,390.6,295.0
SANIMA,6/18/2013,244.0,248.0,240.0,244.0,0.0,1756.0,390.6,295.0
SANIMA,6/19/2013,244.0,245.0,241.0,245.0,0.41,1785.0,390.6,295.0
SANIMA,6/20/2013,245.0,249.0,240.0,246.0,0.41,2991.0,390.6,295.0
SANIMA,6/23/2013,246.0,244.0,240.0,242.0,-1.63,4187.0,390.6,295.0
SANIMA,6/24/2013,242.0,245.0,242.0,244.0,0.83,5107.0,390.6,295.0
SANIMA,6/25/2013,244.0,250.0,243.0,247.0,1.23,9129.0,390.6,295.0
SANIMA,6/26/2013,247.0,254.0,245.0,254.0,2.83,6891.0,390.6,295.0
SANIMA,6/27/2013,254.0,251.0,248.0,249.0,-1.97,1466.0,390.6,295.0
SANIMA,6/30/2013,249.0,247.0,244.0,247.0,-0.8,4036.0,390.6,295.0
SANIMA,7/1/2013,247.0,246.0,243.0,245.0,-0.81,3346.0,390.6,295.0
SANIMA,7/2/2013,245.0,255.0,246.0,255.0,4.08,627.0,390.6,295.0
SANIMA,7/3/2013,255.0,250.0,242.0,243.0,-4.71,2548.0,390.6,295.0
SANIMA,7/4/2013,243.0,247.0,241.0,247.0,1.65,5831.0,390.6,295.0
SANIMA,7/7/2013,247.0,249.0,244.0,246.0,-0.4,5281.0,390.6,295.0
SANIMA,7/8/2013,246.0,248.0,242.0,244.0,-0.81,7172.0,390.6,295.0
SANIMA,7/9/2013,244.0,256.0,248.0,255.0,4.51,2689.0,390.6,295.0
SANIMA,7/10/2013,255.0,266.0,258.0,266.0,4.31,1158.0,390.6,295.0
SANIMA,7/11/2013,266.0,261.0,252.0,258.0,-3.01,3654.0,390.6,295.0
SANIMA,7/14/2013,258.0,259.0,253.0,258.0,0.0,3455.0,390.6,295.0
SANIMA,7/15/2013,258.0,263.0,257.0,260.0,0.78,1655.0,390.6,295.0
SANIMA,7/16/2013,260.0,255.0,255.0,255.0,-1.92,381.0,390.6,295.0
SANIMA,7/17/2013,255.0,255.0,250.0,255.0,0.0,3290.0,390.6,295.0
SANIMA,7/18/2013,255.0,263.0,258.0,262.0,2.75,4429.0,390.6,295.0
SANIMA,7/21/2013,262.0,272.0,262.0,265.0,1.15,4495.0,390.6,295.0
SANIMA,7/22/2013,265.0,268.0,250.0,255.0,-3.77,4436.0,390.6,295.0
SANIMA,7/23/2013,255.0,260.0,252.0,256.0,0.39,10111.0,390.6,295.0
SANIMA,7/24/2013,256.0,260.0,252.0,253.0,-1.17,10308.0,390.6,295.0
SANIMA,7/25/2013,253.0,255.0,252.0,255.0,0.79,2700.0,390.6,295.0
SANIMA,7/28/2013,255.0,258.0,251.0,253.0,-0.78,11049.0,390.6,295.0
SANIMA,7/29/2013,253.0,256.0,251.0,256.0,1.19,5968.0,390.6,295.0
SANIMA,7/30/2013,256.0,260.0,252.0,260.0,1.56,8963.0,390.6,295.0
SANIMA,7/31/2013,260.0,262.0,256.0,259.0,-0.38,4683.0,390.6,295.0
SANIMA,8/1/2013,259.0,256.0,253.0,254.0,-1.93,3062.0,390.6,295.0
SANIMA,8/4/2013,254.0,260.0,252.0,260.0,2.36,7095.0,390.6,295.0
SANIMA,8/5/2013,260.0,255.0,250.0,250.0,-3.85,21893.0,390.6,295.0
SANIMA,8/6/2013,250.0,256.0,240.0,256.0,2.4,16582.0,390.6,295.0
SANIMA,8/7/2013,256.0,255.0,250.0,255.0,-0.39,5078.0,390.6,295.0
SANIMA,8/8/2013,255.0,253.0,247.0,250.0,-1.96,5383.0,390.6,295.0
SANIMA,8/11/2013,250.0,250.0,248.0,250.0,0.0,251.0,390.6,295.0
SANIMA,8/12/2013,250.0,250.0,245.0,245.0,-2.0,7938.0,390.6,295.0
SANIMA,8/13/2013,245.0,246.0,242.0,243.0,-0.82,15201.0,390.6,295.0
SANIMA,8/14/2013,243.0,247.0,244.0,245.0,0.82,3143.0,390.6,295.0
SANIMA,8/15/2013,245.0,245.0,242.0,244.0,-0.41,3206.0,390.6,295.0
SANIMA,8/18/2013,244.0,253.0,244.0,249.0,2.05,17886.0,390.6,295.0
SANIMA,8/19/2013,249.0,260.0,250.0,260.0,4.42,5934.0,390.6,295.0
SANIMA,8/20/2013,260.0,265.0,255.0,258.0,-0.77,9717.0,390.6,295.0
SANIMA,8/25/2013,258.0,259.0,255.0,258.0,0.0,5983.0,390.6,295.0
SANIMA,8/26/2013,258.0,258.0,254.0,255.0,-1.16,5777.0,390.6,295.0
SANIMA,8/27/2013,255.0,255.0,250.0,252.0,-1.18,4899.0,390.6,295.0
SANIMA,8/29/2013,252.0,253.0,252.0,253.0,0.4,1770.0,390.6,295.0
SANIMA,9/1/2013,253.0,251.0,248.0,251.0,-0.79,7847.0,390.6,295.0
SANIMA,9/2/2013,251.0,252.0,246.0,251.0,0.0,7320.0,390.6,295.0
SANIMA,9/3/2013,251.0,255.0,248.0,250.0,-0.4,9196.0,390.6,295.0
SANIMA,9/4/2013,250.0,258.0,249.0,253.0,1.2,8715.0,390.6,295.0
SANIMA,9/5/2013,253.0,258.0,251.0,253.0,0.0,2984.0,390.6,295.0
SANIMA,9/8/2013,253.0,268.0,255.0,259.0,2.37,17069.0,390.6,295.0
SANIMA,9/9/2013,259.0,261.0,256.0,259.0,0.0,2634.0,390.6,295.0
SANIMA,9/10/2013,259.0,265.0,257.0,258.0,-0.39,3085.0,390.6,295.0
SANIMA,9/11/2013,258.0,263.0,254.0,259.0,0.39,13170.0,390.6,295.0
SANIMA,9/12/2013,259.0,265.0,256.0,261.0,0.77,4691.0,390.6,295.0
SANIMA,9/15/2013,261.0,260.0,258.0,260.0,-0.38,1966.0,390.6,295.0
SANIMA,9/16/2013,260.0,265.0,259.0,262.0,0.77,3160.0,390.6,295.0
SANIMA,9/17/2013,262.0,265.0,261.0,264.0,0.76,3505.0,390.6,295.0
SANIMA,9/19/2013,264.0,266.0,258.0,260.0,-1.52,8940.0,390.6,295.0
SANIMA,9/22/2013,260.0,261.0,257.0,258.0,-0.77,10163.0,390.6,295.0
SANIMA,9/23/2013,258.0,262.0,256.0,260.0,0.78,10804.0,390.6,295.0
SANIMA,9/24/2013,260.0,261.0,258.0,261.0,0.38,4296.0,390.6,295.0
SANIMA,9/25/2013,261.0,263.0,255.0,258.0,-1.15,20584.0,390.6,295.0
SANIMA,9/26/2013,258.0,259.0,255.0,259.0,0.39,16525.0,390.6,295.0
SANIMA,9/29/2013,235.0,231.0,231.0,231.0,-10.81,100.0,390.6,295.0
SANIMA,9/30/2013,231.0,235.0,232.0,232.0,0.43,1790.0,390.6,295.0
SANIMA,10/1/2013,232.0,235.0,230.0,235.0,1.29,859.0,390.6,295.0
SANIMA,10/2/2013,235.0,242.0,237.0,242.0,2.98,1139.0,390.6,295.0
SANIMA,10/3/2013,242.0,250.0,242.0,245.0,1.24,1190.0,390.6,295.0
SANIMA,10/6/2013,245.0,248.0,247.0,248.0,1.22,125.0,390.6,295.0
SANIMA,10/7/2013,248.0,249.0,249.0,249.0,0.4,242.0,390.6,295.0
SANIMA,10/8/2013,249.0,245.0,243.0,243.0,-2.41,41.0,390.6,295.0
SANIMA,10/9/2013,243.0,241.0,238.0,238.0,-2.06,1050.0,390.6,295.0
SANIMA,10/10/2013,238.0,259.0,242.0,255.0,7.14,4613.0,390.6,295.0
SANIMA,10/17/2013,255.0,265.0,260.0,265.0,3.92,75.0,390.6,295.0
SANIMA,10/20/2013,265.0,276.0,270.0,274.0,3.4,5276.0,390.6,295.0
SANIMA,10/21/2013,274.0,284.0,270.0,274.0,0.0,9238.0,390.6,295.0
SANIMA,10/22/2013,274.0,278.0,270.0,273.0,-0.36,2150.0,390.6,295.0
SANIMA,10/23/2013,273.0,268.0,262.0,262.0,-4.03,1033.0,390.6,295.0
SANIMA,10/24/2013,262.0,267.0,254.0,256.0,-2.29,3812.0,390.6,295.0
SANIMA,10/27/2013,256.0,254.0,250.0,250.0,-2.34,4008.0,390.6,295.0
SANIMA,10/28/2013,250.0,252.0,249.0,250.0,0.0,2832.0,390.6,295.0
SANIMA,10/29/2013,250.0,257.0,254.0,257.0,2.8,644.0,390.6,295.0
SANIMA,10/30/2013,257.0,268.0,255.0,268.0,4.28,7430.0,390.6,295.0
SANIMA,10/31/2013,268.0,273.0,256.0,265.0,-1.12,7159.0,390.6,295.0
SANIMA,11/6/2013,265.0,260.0,260.0,260.0,-1.89,634.0,390.6,295.0
SANIMA,11/7/2013,260.0,264.0,260.0,261.0,0.38,7155.0,390.6,295.0
SANIMA,11/10/2013,261.0,273.0,265.0,265.0,1.53,7320.0,390.6,295.0
SANIMA,11/11/2013,265.0,278.0,270.0,274.0,3.4,6268.0,390.6,295.0
SANIMA,11/12/2013,274.0,289.0,275.0,289.0,5.47,47296.0,390.6,295.0
SANIMA,11/13/2013,289.0,306.0,289.0,296.0,2.42,41221.0,390.6,295.0
SANIMA,11/14/2013,296.0,295.0,285.0,290.0,-2.03,27787.0,390.6,295.0
SANIMA,11/21/2013,290.0,318.0,295.0,315.0,8.62,1373.0,390.6,295.0
SANIMA,11/24/2013,315.0,346.0,321.0,345.0,9.52,42832.0,390.6,295.0
SANIMA,11/25/2013,345.0,351.0,321.0,344.0,-0.29,16345.0,390.6,295.0
SANIMA,11/26/2013,344.0,355.0,331.0,335.0,-2.62,10971.0,390.6,295.0
SANIMA,11/27/2013,335.0,335.0,320.0,329.0,-1.79,15024.0,390.6,295.0
SANIMA,11/28/2013,329.0,333.0,317.0,330.0,0.3,14411.0,390.6,295.0
SANIMA,12/1/2013,330.0,334.0,322.0,326.0,-1.21,13162.0,390.6,295.0
SANIMA,12/2/2013,326.0,340.0,324.0,336.0,3.07,20481.0,390.6,295.0
SANIMA,12/3/2013,336.0,359.0,342.0,356.0,5.95,33295.0,390.6,295.0
SANIMA,12/4/2013,356.0,391.0,356.0,377.0,5.9,59321.0,390.6,295.0
SANIMA,12/5/2013,379.0,409.0,380.0,385.0,2.12,68390.0,390.6,295.0
SANIMA,12/8/2013,385.0,402.0,379.0,399.0,3.64,67543.0,390.6,295.0
SANIMA,12/9/2013,399.0,408.0,388.0,390.0,-2.26,23287.0,390.6,295.0
SANIMA,12/10/2013,390.0,394.0,386.0,388.0,-0.51,21727.0,390.6,295.0
SANIMA,12/11/2013,388.0,401.0,386.0,395.0,1.8,69705.0,390.6,295.0
SANIMA,12/12/2013,395.0,412.0,399.0,412.0,4.3,39642.0,390.6,295.0
SANIMA,12/15/2013,412.0,453.0,409.0,453.0,9.95,38189.0,390.6,295.0
SANIMA,12/16/2013,453.0,489.0,462.0,489.0,7.95,2092.0,390.6,295.0
SANIMA,12/18/2013,489.0,537.0,498.0,537.0,9.82,21947.0,390.6,295.0
SANIMA,12/19/2013,537.0,550.0,490.0,536.0,-0.19,120989.0,390.6,295.0
SANIMA,12/22/2013,536.0,534.0,505.0,516.0,-3.73,76800.0,390.6,295.0
SANIMA,12/23/2013,516.0,520.0,470.0,477.0,-7.56,39751.0,390.6,295.0
SANIMA,12/24/2013,477.0,520.0,430.0,495.0,3.77,35144.0,390.6,295.0
SANIMA,12/26/2013,499.0,540.0,490.0,515.0,4.04,48861.0,390.6,295.0
SANIMA,12/29/2013,515.0,528.0,500.0,517.0,0.39,46683.0,390.6,295.0
SANIMA,12/31/2013,517.0,522.0,500.0,509.0,-1.55,11883.0,390.6,295.0
SANIMA,1/1/2014,509.0,505.0,480.0,485.0,-4.72,19968.0,390.6,295.0
SANIMA,1/2/2014,485.0,504.0,481.0,500.0,3.09,29464.0,390.6,295.0
SANIMA,1/5/2014,500.0,508.0,485.0,495.0,-1.0,43302.0,390.6,295.0
SANIMA,1/6/2014,495.0,499.0,490.0,490.0,-1.01,15406.0,390.6,295.0
SANIMA,1/7/2014,490.0,504.0,475.0,498.0,1.63,36634.0,390.6,295.0
SANIMA,1/8/2014,498.0,512.0,495.0,505.0,1.41,31857.0,390.6,295.0
SANIMA,1/9/2014,505.0,510.0,500.0,506.0,0.2,11684.0,390.6,295.0
SANIMA,1/12/2014,506.0,531.0,512.0,524.0,3.56,19904.0,390.6,295.0
SANIMA,1/13/2014,524.0,532.0,521.0,521.0,-0.57,13911.0,390.6,295.0
SANIMA,1/14/2014,521.0,527.0,517.0,524.0,0.58,8265.0,390.6,295.0
SANIMA,1/16/2014,524.0,545.0,521.0,528.0,0.76,19801.0,390.6,295.0
SANIMA,1/19/2014,528.0,538.0,506.0,525.0,-0.57,27509.0,390.6,295.0
SANIMA,1/20/2014,525.0,540.0,520.0,527.0,0.38,13704.0,390.6,295.0
SANIMA,1/21/2014,527.0,530.0,520.0,527.0,0.0,7412.0,390.6,295.0
SANIMA,1/22/2014,527.0,526.0,511.0,520.0,-1.33,11369.0,390.6,295.0
SANIMA,1/23/2014,520.0,521.0,506.0,517.0,-0.58,9493.0,390.6,295.0
SANIMA,1/26/2014,517.0,520.0,502.0,516.0,-0.19,11932.0,390.6,295.0
SANIMA,1/27/2014,516.0,512.0,504.0,506.0,-1.94,6937.0,390.6,295.0
SANIMA,1/28/2014,506.0,518.0,500.0,509.0,0.59,6332.0,390.6,295.0
SANIMA,1/29/2014,509.0,510.0,497.0,510.0,0.2,16353.0,390.6,295.0
SANIMA,2/2/2014,510.0,510.0,495.0,496.0,-2.75,8774.0,390.6,295.0
SANIMA,2/3/2014,496.0,498.0,484.0,485.0,-2.22,7610.0,390.6,295.0
SANIMA,2/4/2014,485.0,500.0,485.0,496.0,2.27,5686.0,390.6,295.0
SANIMA,2/6/2014,497.0,501.0,494.0,500.0,0.81,6059.0,390.6,295.0
SANIMA,2/9/2014,500.0,503.0,490.0,492.0,-1.6,7626.0,390.6,295.0
SANIMA,2/10/2014,492.0,538.0,501.0,511.0,3.86,17451.0,390.6,295.0
SANIMA,2/11/2014,511.0,515.0,490.0,503.0,-1.57,9198.0,390.6,295.0
SANIMA,2/12/2014,503.0,507.0,495.0,503.0,0.0,6993.0,390.6,295.0
SANIMA,2/13/2014,503.0,510.0,499.0,503.0,0.0,9019.0,390.6,295.0
SANIMA,2/16/2014,503.0,505.0,487.0,487.0,-3.18,5882.0,390.6,295.0
SANIMA,2/17/2014,487.0,503.0,495.0,502.0,3.08,3092.0,390.6,295.0
SANIMA,2/18/2014,502.0,505.0,490.0,500.0,-0.4,7430.0,390.6,295.0
SANIMA,2/20/2014,500.0,510.0,490.0,498.0,-0.4,9625.0,390.6,295.0
SANIMA,2/23/2014,498.0,509.0,499.0,500.0,0.4,23962.0,390.6,295.0
SANIMA,2/24/2014,500.0,525.0,500.0,504.0,0.8,29789.0,390.6,295.0
SANIMA,2/25/2014,504.0,511.0,500.0,506.0,0.4,21585.0,390.6,295.0
SANIMA,2/26/2014,506.0,520.0,500.0,500.0,-1.19,9777.0,390.6,295.0
SANIMA,3/3/2014,500.0,506.0,483.0,493.0,-1.4,6642.0,390.6,295.0
SANIMA,3/4/2014,493.0,488.0,475.0,488.0,-1.01,11262.0,390.6,295.0
SANIMA,3/5/2014,488.0,500.0,485.0,496.0,1.64,7995.0,390.6,295.0
SANIMA,3/6/2014,496.0,497.0,481.0,488.0,-1.61,6127.0,390.6,295.0
SANIMA,3/9/2014,488.0,490.0,477.0,480.0,-1.64,9184.0,390.6,295.0
SANIMA,3/10/2014,480.0,479.0,466.0,476.0,-0.83,2559.0,390.6,295.0
SANIMA,3/11/2014,476.0,475.0,457.0,461.0,-3.15,9941.0,390.6,295.0
SANIMA,3/12/2014,461.0,460.0,446.0,449.0,-2.6,16950.0,390.6,295.0
SANIMA,3/13/2014,449.0,475.0,451.0,468.0,4.23,11361.0,390.6,295.0
SANIMA,3/17/2014,468.0,461.0,440.0,450.0,-3.85,10590.0,390.6,295.0
SANIMA,3/18/2014,450.0,448.0,430.0,443.0,-1.56,15610.0,390.6,295.0
SANIMA,3/19/2014,443.0,468.0,438.0,445.0,0.45,13627.0,390.6,295.0
SANIMA,3/20/2014,445.0,458.0,450.0,457.0,2.7,9782.0,390.6,295.0
SANIMA,3/23/2014,457.0,460.0,448.0,456.0,-0.22,8217.0,390.6,295.0
SANIMA,3/24/2014,456.0,459.0,450.0,456.0,0.0,8826.0,390.6,295.0
SANIMA,3/25/2014,456.0,460.0,447.0,447.0,-1.97,7446.0,390.6,295.0
SANIMA,3/26/2014,447.0,461.0,450.0,459.0,2.68,7136.0,390.6,295.0
SANIMA,3/27/2014,459.0,462.0,450.0,460.0,0.22,10589.0,390.6,295.0
SANIMA,3/31/2014,460.0,465.0,455.0,465.0,1.09,9082.0,390.6,295.0
SANIMA,4/1/2014,465.0,475.0,465.0,466.0,0.22,11849.0,390.6,295.0
SANIMA,4/2/2014,466.0,475.0,464.0,464.0,-0.43,17170.0,390.6,295.0
SANIMA,4/3/2014,464.0,473.0,461.0,470.0,1.29,9585.0,390.6,295.0
SANIMA,4/6/2014,470.0,479.0,446.0,455.0,-3.19,6164.0,390.6,295.0
SANIMA,4/7/2014,455.0,464.0,450.0,456.0,0.22,18689.0,390.6,295.0
SANIMA,4/9/2014,456.0,464.0,454.0,455.0,-0.22,12283.0,390.6,295.0
SANIMA,4/10/2014,455.0,469.0,458.0,460.0,1.1,26685.0,390.6,295.0
SANIMA,4/13/2014,460.0,474.0,462.0,467.0,1.52,8809.0,390.6,295.0
SANIMA,4/15/2014,467.0,474.0,466.0,469.0,0.43,8995.0,390.6,295.0
SANIMA,4/16/2014,469.0,470.0,461.0,466.0,-0.64,3563.0,390.6,295.0
SANIMA,4/17/2014,466.0,466.0,456.0,464.0,-0.43,12687.0,390.6,295.0
SANIMA,4/20/2014,464.0,465.0,456.0,458.0,-1.29,4879.0,390.6,295.0
SANIMA,4/21/2014,458.0,458.0,450.0,450.0,-1.75,8502.0,390.6,295.0
SANIMA,4/22/2014,450.0,468.0,459.0,461.0,2.44,17240.0,390.6,295.0
SANIMA,4/23/2014,461.0,475.0,460.0,472.0,2.39,21199.0,390.6,295.0
SANIMA,4/27/2014,472.0,470.0,460.0,461.0,-2.33,13544.0,390.6,295.0
SANIMA,4/28/2014,461.0,467.0,458.0,460.0,-0.22,6921.0,390.6,295.0
SANIMA,4/29/2014,460.0,457.0,452.0,452.0,-1.74,3856.0,390.6,295.0
SANIMA,4/30/2014,452.0,460.0,451.0,455.0,0.66,6527.0,390.6,295.0
SANIMA,5/4/2014,455.0,461.0,452.0,461.0,1.32,5227.0,390.6,295.0
SANIMA,5/5/2014,461.0,478.0,464.0,471.0,2.17,28268.0,390.6,295.0
SANIMA,5/6/2014,471.0,499.0,462.0,494.0,4.88,43925.0,390.6,295.0
SANIMA,5/7/2014,494.0,513.0,495.0,496.0,0.4,29641.0,390.6,295.0
SANIMA,5/8/2014,496.0,498.0,476.0,485.0,-2.22,12304.0,390.6,295.0
SANIMA,5/11/2014,485.0,485.0,475.0,478.0,-1.44,17658.0,390.6,295.0
SANIMA,5/12/2014,478.0,493.0,470.0,480.0,0.42,13265.0,390.6,295.0
SANIMA,5/13/2014,480.0,492.0,480.0,480.0,0.0,8374.0,390.6,295.0
SANIMA,5/15/2014,480.0,487.0,475.0,475.0,-1.04,10215.0,390.6,295.0
SANIMA,5/18/2014,475.0,482.0,471.0,473.0,-0.42,8079.0,390.6,295.0
SANIMA,5/19/2014,473.0,481.0,464.0,472.0,-0.21,15861.0,390.6,295.0
SANIMA,5/20/2014,472.0,480.0,468.0,470.0,-0.42,9640.0,390.6,295.0
SANIMA,5/21/2014,470.0,479.0,462.0,470.0,0.0,26074.0,390.6,295.0
SANIMA,5/22/2014,470.0,478.0,471.0,478.0,1.7,9055.0,390.6,295.0
SANIMA,5/25/2014,478.0,490.0,473.0,480.0,0.42,15692.0,390.6,295.0
SANIMA,5/26/2014,480.0,489.0,480.0,484.0,0.83,9584.0,390.6,295.0
SANIMA,5/27/2014,484.0,485.0,478.0,479.0,-1.03,10479.0,390.6,295.0
SANIMA,5/28/2014,479.0,491.0,476.0,490.0,2.3,18079.0,390.6,295.0
SANIMA,6/1/2014,490.0,500.0,485.0,495.0,1.02,14577.0,390.6,295.0
SANIMA,6/2/2014,495.0,510.0,499.0,506.0,2.22,19658.0,390.6,295.0
SANIMA,6/3/2014,506.0,515.0,503.0,503.0,-0.59,23169.0,390.6,295.0
SANIMA,6/4/2014,503.0,512.0,500.0,510.0,1.39,15831.0,390.6,295.0
SANIMA,6/5/2014,510.0,513.0,500.0,512.0,0.39,13430.0,390.6,295.0
SANIMA,6/8/2014,512.0,515.0,509.0,515.0,0.59,11213.0,390.6,295.0
SANIMA,6/9/2014,515.0,522.0,513.0,518.0,0.58,15774.0,390.6,295.0
SANIMA,6/10/2014,518.0,530.0,519.0,524.0,1.16,19825.0,390.6,295.0
SANIMA,6/11/2014,524.0,551.0,522.0,532.0,1.53,22666.0,390.6,295.0
SANIMA,6/12/2014,532.0,543.0,530.0,535.0,0.56,32375.0,390.6,295.0
SANIMA,6/15/2014,535.0,561.0,535.0,550.0,2.8,37717.0,390.6,295.0
SANIMA,6/16/2014,550.0,581.0,551.0,575.0,4.55,32962.0,390.6,295.0
SANIMA,6/17/2014,575.0,575.0,545.0,570.0,-0.87,29958.0,390.6,295.0
SANIMA,6/18/2014,570.0,578.0,566.0,572.0,0.35,13138.0,390.6,295.0
SANIMA,6/19/2014,572.0,570.0,553.0,560.0,-2.1,10671.0,390.6,295.0
SANIMA,6/23/2014,560.0,550.0,539.0,550.0,-1.79,25037.0,390.6,295.0
SANIMA,6/24/2014,550.0,565.0,540.0,547.0,-0.55,23411.0,390.6,295.0
SANIMA,6/25/2014,547.0,566.0,550.0,566.0,3.47,23151.0,390.6,295.0
SANIMA,6/26/2014,566.0,570.0,556.0,561.0,-0.88,13957.0,390.6,295.0
SANIMA,6/29/2014,561.0,570.0,550.0,562.0,0.18,18137.0,390.6,295.0
SANIMA,6/30/2014,562.0,570.0,556.0,561.0,-0.18,11130.0,390.6,295.0
SANIMA,7/1/2014,561.0,572.0,560.0,562.0,0.18,18218.0,390.6,295.0
SANIMA,7/2/2014,562.0,572.0,565.0,568.0,1.07,26847.0,390.6,295.0
SANIMA,7/3/2014,568.0,573.0,561.0,561.0,-1.23,20430.0,390.6,295.0
SANIMA,7/6/2014,561.0,567.0,559.0,564.0,0.53,15826.0,390.6,295.0
SANIMA,7/7/2014,564.0,584.0,566.0,570.0,1.06,11184.0,390.6,295.0
SANIMA,7/8/2014,570.0,600.0,574.0,600.0,5.26,22019.0,390.6,295.0
SANIMA,7/9/2014,600.0,606.0,585.0,606.0,1.0,18894.0,390.6,295.0
SANIMA,7/10/2014,606.0,620.0,592.0,600.0,-0.99,23647.0,390.6,295.0
SANIMA,7/13/2014,600.0,650.0,612.0,650.0,8.33,31867.0,390.6,295.0
SANIMA,7/14/2014,650.0,649.0,628.0,649.0,-0.15,17178.0,390.6,295.0
SANIMA,7/15/2014,649.0,640.0,620.0,625.0,-3.7,25109.0,390.6,295.0
SANIMA,7/16/2014,625.0,640.0,625.0,638.0,2.08,12647.0,390.6,295.0
SANIMA,7/17/2014,638.0,650.0,630.0,640.0,0.31,15487.0,390.6,295.0
SANIMA,7/20/2014,640.0,661.0,642.0,652.0,1.88,23354.0,390.6,295.0
SANIMA,7/21/2014,652.0,675.0,640.0,646.0,-0.92,17979.0,390.6,295.0
SANIMA,7/22/2014,646.0,638.0,616.0,628.0,-2.79,16853.0,390.6,295.0
SANIMA,7/23/2014,628.0,650.0,631.0,634.0,0.96,15985.0,390.6,295.0
SANIMA,7/24/2014,634.0,641.0,625.0,630.0,-0.63,15385.0,390.6,295.0
SANIMA,7/27/2014,630.0,640.0,629.0,640.0,1.59,7938.0,390.6,295.0
SANIMA,7/28/2014,640.0,641.0,630.0,633.0,-1.09,5157.0,390.6,295.0
SANIMA,7/30/2014,633.0,642.0,620.0,625.0,-1.26,16856.0,390.6,295.0
SANIMA,7/31/2014,625.0,633.0,620.0,625.0,0.0,14467.0,390.6,295.0
SANIMA,8/3/2014,625.0,626.0,609.0,620.0,-0.8,2559.0,390.6,295.0
SANIMA,8/4/2014,620.0,610.0,591.0,600.0,-3.23,21527.0,390.6,295.0
SANIMA,8/5/2014,600.0,620.0,600.0,605.0,0.83,12650.0,390.6,295.0
SANIMA,8/6/2014,605.0,608.0,595.0,595.0,-1.65,11461.0,390.6,295.0
SANIMA,8/7/2014,595.0,610.0,579.0,610.0,2.52,9651.0,390.6,295.0
SANIMA,8/12/2014,610.0,605.0,580.0,591.0,-3.11,4076.0,390.6,295.0
SANIMA,8/13/2014,591.0,617.0,580.0,617.0,4.4,13549.0,390.6,295.0
SANIMA,8/14/2014,617.0,615.0,594.0,604.0,-2.11,14870.0,390.6,295.0
SANIMA,8/18/2014,604.0,612.0,571.0,571.0,-5.46,9397.0,390.6,295.0
SANIMA,8/19/2014,571.0,605.0,560.0,579.0,1.4,8606.0,390.6,295.0
SANIMA,8/20/2014,579.0,590.0,566.0,575.0,-0.69,13325.0,390.6,295.0
SANIMA,8/21/2014,575.0,610.0,564.0,610.0,6.09,13549.0,390.6,295.0
SANIMA,8/24/2014,610.0,610.0,590.0,590.0,-3.28,9317.0,390.6,295.0
SANIMA,8/25/2014,590.0,595.0,535.0,571.0,-3.22,14920.0,390.6,295.0
SANIMA,8/26/2014,571.0,585.0,529.0,534.0,-6.48,19927.0,390.6,295.0
SANIMA,8/27/2014,534.0,581.0,544.0,580.0,8.61,15468.0,390.6,295.0
SANIMA,8/28/2014,580.0,601.0,569.0,580.0,0.0,13209.0,390.6,295.0
SANIMA,8/31/2014,580.0,591.0,563.0,563.0,-2.93,14756.0,390.6,295.0
SANIMA,9/1/2014,563.0,573.0,531.0,573.0,1.78,9490.0,390.6,295.0
SANIMA,9/3/2014,573.0,579.0,559.0,560.0,-2.27,11461.0,390.6,295.0
SANIMA,9/4/2014,560.0,582.0,551.0,567.0,1.25,48560.0,390.6,295.0
SANIMA,9/7/2014,567.0,570.0,519.0,527.0,-7.05,27405.0,390.6,295.0
SANIMA,9/9/2014,527.0,568.0,537.0,565.0,7.21,30636.0,390.6,295.0
SANIMA,9/10/2014,565.0,587.0,550.0,550.0,-2.65,17805.0,390.6,295.0
SANIMA,9/11/2014,550.0,556.0,540.0,548.0,-0.36,19633.0,390.6,295.0
SANIMA,9/14/2014,548.0,563.0,543.0,548.0,0.0,9770.0,390.6,295.0
SANIMA,9/15/2014,548.0,565.0,552.0,560.0,2.19,12252.0,390.6,295.0
SANIMA,9/16/2014,560.0,572.0,560.0,565.0,0.89,11411.0,390.6,295.0
SANIMA,9/17/2014,565.0,573.0,550.0,560.0,-0.88,7965.0,390.6,295.0
SANIMA,9/18/2014,560.0,561.0,545.0,556.0,-0.71,8672.0,390.6,295.0
SANIMA,9/21/2014,556.0,553.0,536.0,550.0,-1.08,6682.0,390.6,295.0
SANIMA,9/22/2014,550.0,555.0,540.0,545.0,-0.91,15483.0,390.6,295.0
SANIMA,9/23/2014,545.0,566.0,545.0,565.0,3.67,21908.0,390.6,295.0
SANIMA,9/24/2014,565.0,577.0,559.0,560.0,-0.88,45471.0,390.6,295.0
SANIMA,9/28/2014,487.0,479.0,475.0,475.0,-15.18,1000.0,390.6,295.0
SANIMA,9/29/2014,475.0,490.0,477.0,490.0,3.16,1857.0,390.6,295.0
SANIMA,9/30/2014,490.0,499.0,486.0,499.0,1.84,2070.0,390.6,295.0
SANIMA,10/8/2014,499.0,499.0,481.0,481.0,-3.61,1683.0,390.6,295.0
SANIMA,10/9/2014,481.0,475.0,472.0,475.0,-1.25,1000.0,390.6,295.0
SANIMA,10/12/2014,475.0,480.0,472.0,475.0,0.0,728.0,390.6,295.0
SANIMA,10/13/2014,475.0,477.0,472.0,473.0,-0.42,1911.0,390.6,295.0
SANIMA,10/14/2014,473.0,482.0,472.0,480.0,1.48,914.0,390.6,295.0
SANIMA,10/15/2014,480.0,490.0,471.0,490.0,2.08,1614.0,390.6,295.0
SANIMA,10/16/2014,490.0,508.0,490.0,490.0,0.0,5609.0,390.6,295.0
SANIMA,10/19/2014,490.0,490.0,481.0,485.0,-1.02,1958.0,390.6,295.0
SANIMA,10/20/2014,485.0,490.0,481.0,485.0,0.0,1186.0,390.6,295.0
SANIMA,10/21/2014,485.0,494.0,485.0,494.0,1.86,789.0,390.6,295.0
SANIMA,10/22/2014,494.0,501.0,495.0,499.0,1.01,454.0,390.6,295.0
SANIMA,10/26/2014,499.0,505.0,495.0,500.0,0.2,2887.0,390.6,295.0
SANIMA,10/27/2014,500.0,505.0,495.0,501.0,0.2,4034.0,390.6,295.0
SANIMA,10/28/2014,501.0,510.0,495.0,503.0,0.4,3885.0,390.6,295.0
SANIMA,10/30/2014,503.0,520.0,501.0,520.0,3.38,8109.0,390.6,295.0
SANIMA,11/2/2014,520.0,540.0,510.0,510.0,-1.92,3115.0,390.6,295.0
SANIMA,11/3/2014,510.0,511.0,498.0,503.0,-1.37,6020.0,390.6,295.0
SANIMA,11/4/2014,503.0,506.0,484.0,506.0,0.6,9707.0,390.6,295.0
SANIMA,11/5/2014,506.0,510.0,503.0,503.0,-0.59,3893.0,390.6,295.0
SANIMA,11/6/2014,503.0,513.0,503.0,513.0,1.99,6090.0,390.6,295.0
SANIMA,11/10/2014,513.0,503.0,490.0,500.0,-2.53,2626.0,390.6,295.0
SANIMA,11/11/2014,500.0,505.0,490.0,505.0,1.0,6787.0,390.6,295.0
SANIMA,11/12/2014,505.0,502.0,490.0,502.0,-0.59,4301.0,390.6,295.0
SANIMA,11/13/2014,502.0,500.0,492.0,500.0,-0.4,3198.0,390.6,295.0
SANIMA,11/16/2014,500.0,492.0,481.0,481.0,-3.8,3748.0,390.6,295.0
SANIMA,11/17/2014,481.0,480.0,472.0,474.0,-1.46,2266.0,390.6,295.0
SANIMA,11/18/2014,474.0,484.0,457.0,470.0,-0.84,4773.0,390.6,295.0
SANIMA,11/19/2014,470.0,485.0,470.0,473.0,0.64,9484.0,390.6,295.0
SANIMA,11/20/2014,473.0,495.0,481.0,490.0,3.59,4239.0,390.6,295.0
SANIMA,11/23/2014,490.0,504.0,481.0,482.0,-1.63,11884.0,390.6,295.0
SANIMA,11/24/2014,482.0,494.0,491.0,494.0,2.49,1937.0,390.6,295.0
SANIMA,11/25/2014,494.0,495.0,485.0,495.0,0.2,2029.0,390.6,295.0
SANIMA,11/30/2014,495.0,495.0,480.0,480.0,-3.03,3286.0,390.6,295.0
SANIMA,12/1/2014,480.0,489.0,476.0,489.0,1.88,4399.0,390.6,295.0
SANIMA,12/2/2014,489.0,480.0,470.0,477.0,-2.45,5527.0,390.6,295.0
SANIMA,12/3/2014,477.0,492.0,479.0,479.0,0.42,6424.0,390.6,295.0
SANIMA,12/4/2014,479.0,495.0,472.0,490.0,2.3,2370.0,390.6,295.0
SANIMA,12/7/2014,490.0,497.0,485.0,490.0,0.0,4381.0,390.6,295.0
SANIMA,12/8/2014,490.0,493.0,483.0,492.0,0.41,2926.0,390.6,295.0
SANIMA,12/9/2014,492.0,491.0,485.0,491.0,-0.2,5771.0,390.6,295.0
SANIMA,12/10/2014,491.0,510.0,490.0,496.0,1.02,8114.0,390.6,295.0
SANIMA,12/11/2014,496.0,508.0,490.0,500.0,0.81,16693.0,390.6,295.0
SANIMA,12/14/2014,500.0,540.0,490.0,536.0,7.2,24481.0,390.6,295.0
SANIMA,12/15/2014,536.0,554.0,520.0,530.0,-1.12,24919.0,390.6,295.0
SANIMA,12/16/2014,530.0,536.0,521.0,532.0,0.38,15177.0,390.6,295.0
SANIMA,12/17/2014,532.0,529.0,520.0,520.0,-2.26,6735.0,390.6,295.0
SANIMA,12/18/2014,520.0,534.0,520.0,534.0,2.69,6960.0,390.6,295.0
SANIMA,12/21/2014,534.0,529.0,519.0,526.0,-1.5,8481.0,390.6,295.0
SANIMA,12/22/2014,526.0,524.0,512.0,516.0,-1.9,10274.0,390.6,295.0
SANIMA,12/23/2014,516.0,521.0,509.0,519.0,0.58,5190.0,390.6,295.0
SANIMA,12/24/2014,519.0,529.0,518.0,522.0,0.58,7788.0,390.6,295.0
SANIMA,12/28/2014,522.0,542.0,523.0,540.0,3.45,17192.0,390.6,295.0
SANIMA,12/29/2014,540.0,540.0,520.0,531.0,-1.67,23141.0,390.6,295.0
SANIMA,12/31/2014,531.0,536.0,525.0,536.0,0.94,7943.0,390.6,295.0
SANIMA,1/1/2015,536.0,538.0,526.0,526.0,-1.87,5190.0,390.6,295.0
SANIMA,1/4/2015,526.0,545.0,529.0,540.0,2.66,14625.0,390.6,295.0
SANIMA,1/5/2015,540.0,550.0,535.0,539.0,-0.19,17418.0,390.6,295.0
SANIMA,1/6/2015,539.0,544.0,537.0,539.0,0.0,13664.0,390.6,295.0
SANIMA,1/7/2015,539.0,541.0,529.0,535.0,-0.74,6958.0,390.6,295.0
SANIMA,1/8/2015,535.0,570.0,535.0,545.0,1.87,8924.0,390.6,295.0
SANIMA,1/11/2015,545.0,546.0,532.0,542.0,-0.55,13750.0,390.6,295.0
SANIMA,1/12/2015,542.0,545.0,530.0,538.0,-0.74,14054.0,390.6,295.0
SANIMA,1/13/2015,538.0,546.0,530.0,546.0,1.49,5686.0,390.6,295.0
SANIMA,1/14/2015,546.0,548.0,539.0,539.0,-1.28,10127.0,390.6,295.0
SANIMA,1/18/2015,539.0,550.0,538.0,538.0,-0.19,4639.0,390.6,295.0
SANIMA,1/19/2015,538.0,580.0,548.0,574.0,6.69,26124.0,390.6,295.0
SANIMA,1/20/2015,574.0,593.0,544.0,560.0,-2.44,14741.0,390.6,295.0
SANIMA,1/22/2015,560.0,560.0,549.0,555.0,-0.89,12624.0,390.6,295.0
SANIMA,1/25/2015,555.0,562.0,550.0,558.0,0.54,6297.0,390.6,295.0
SANIMA,1/26/2015,558.0,596.0,560.0,565.0,1.25,15315.0,390.6,295.0
SANIMA,1/27/2015,565.0,570.0,565.0,565.0,0.0,8996.0,390.6,295.0
SANIMA,1/28/2015,565.0,578.0,570.0,577.0,2.12,8090.0,390.6,295.0
SANIMA,1/29/2015,577.0,582.0,570.0,578.0,0.17,13152.0,390.6,295.0
SANIMA,2/1/2015,578.0,586.0,578.0,583.0,0.87,13089.0,390.6,295.0
SANIMA,2/2/2015,583.0,583.0,573.0,573.0,-1.72,11400.0,390.6,295.0
SANIMA,2/3/2015,573.0,570.0,562.0,570.0,-0.52,12760.0,390.6,295.0
SANIMA,2/4/2015,570.0,570.0,560.0,563.0,-1.23,10226.0,390.6,295.0
SANIMA,2/5/2015,563.0,559.0,550.0,557.0,-1.07,15878.0,390.6,295.0
SANIMA,2/8/2015,557.0,568.0,559.0,564.0,1.26,15291.0,390.6,295.0
SANIMA,2/9/2015,564.0,565.0,550.0,560.0,-0.71,5979.0,390.6,295.0
SANIMA,2/10/2015,560.0,558.0,551.0,558.0,-0.36,6485.0,390.6,295.0
SANIMA,2/11/2015,558.0,565.0,555.0,562.0,0.72,6122.0,390.6,295.0
SANIMA,2/12/2015,562.0,565.0,560.0,565.0,0.53,7578.0,390.6,295.0
SANIMA,2/15/2015,565.0,569.0,559.0,568.0,0.53,14431.0,390.6,295.0
SANIMA,2/16/2015,568.0,565.0,557.0,562.0,-1.06,10074.0,390.6,295.0
SANIMA,2/18/2015,562.0,563.0,556.0,558.0,-0.71,3291.0,390.6,295.0
SANIMA,2/22/2015,558.0,562.0,544.0,546.0,-2.15,10381.0,390.6,295.0
SANIMA,2/23/2015,546.0,555.0,540.0,550.0,0.73,12571.0,390.6,295.0
SANIMA,2/24/2015,550.0,553.0,544.0,547.0,-0.55,11372.0,390.6,295.0
SANIMA,2/25/2015,547.0,550.0,543.0,549.0,0.37,3954.0,390.6,295.0
SANIMA,2/26/2015,549.0,556.0,545.0,550.0,0.18,13704.0,390.6,295.0
SANIMA,3/1/2015,550.0,552.0,543.0,547.0,-0.55,4037.0,390.6,295.0
SANIMA,3/2/2015,547.0,560.0,550.0,560.0,2.38,5659.0,390.6,295.0
SANIMA,3/3/2015,560.0,561.0,552.0,556.0,-0.71,10004.0,390.6,295.0
SANIMA,3/4/2015,556.0,571.0,552.0,560.0,0.72,9559.0,390.6,295.0
SANIMA,3/9/2015,560.0,564.0,555.0,560.0,0.0,6824.0,390.6,295.0
SANIMA,3/10/2015,560.0,561.0,555.0,556.0,-0.71,5802.0,390.6,295.0
SANIMA,3/11/2015,556.0,560.0,545.0,559.0,0.54,6140.0,390.6,295.0
SANIMA,3/12/2015,559.0,558.0,550.0,554.0,-0.89,6095.0,390.6,295.0
SANIMA,3/15/2015,554.0,553.0,548.0,553.0,-0.18,2940.0,390.6,295.0
SANIMA,3/16/2015,553.0,560.0,543.0,545.0,-1.45,11106.0,390.6,295.0
SANIMA,3/17/2015,545.0,555.0,537.0,547.0,0.37,9531.0,390.6,295.0
SANIMA,3/18/2015,547.0,549.0,542.0,547.0,0.0,6626.0,390.6,295.0
SANIMA,3/19/2015,547.0,561.0,550.0,553.0,1.1,10169.0,390.6,295.0
SANIMA,3/22/2015,553.0,564.0,550.0,554.0,0.18,11020.0,390.6,295.0
SANIMA,3/23/2015,554.0,551.0,543.0,548.0,-1.08,5016.0,390.6,295.0
SANIMA,3/24/2015,548.0,549.0,543.0,548.0,0.0,14741.0,390.6,295.0
SANIMA,3/25/2015,548.0,550.0,540.0,550.0,0.36,2095.0,390.6,295.0
SANIMA,3/26/2015,550.0,559.0,548.0,550.0,0.0,8132.0,390.6,295.0
SANIMA,3/29/2015,550.0,549.0,544.0,546.0,-0.73,3486.0,390.6,295.0
SANIMA,3/30/2015,546.0,549.0,540.0,542.0,-0.73,3248.0,390.6,295.0
SANIMA,3/31/2015,542.0,552.0,540.0,550.0,1.48,6290.0,390.6,295.0
SANIMA,4/1/2015,550.0,550.0,540.0,540.0,-1.82,2376.0,390.6,295.0
SANIMA,4/2/2015,540.0,550.0,538.0,538.0,-0.37,3702.0,390.6,295.0
SANIMA,4/5/2015,538.0,544.0,531.0,540.0,0.37,10548.0,390.6,295.0
SANIMA,4/6/2015,540.0,547.0,538.0,543.0,0.56,6712.0,390.6,295.0
SANIMA,4/7/2015,543.0,544.0,540.0,544.0,0.18,1426.0,390.6,295.0
SANIMA,4/8/2015,544.0,550.0,545.0,545.0,0.18,3661.0,390.6,295.0
SANIMA,4/9/2015,545.0,555.0,548.0,552.0,1.28,10449.0,390.6,295.0
SANIMA,4/12/2015,552.0,574.0,555.0,563.0,1.99,15367.0,390.6,295.0
SANIMA,4/13/2015,563.0,565.0,555.0,558.0,-0.89,8307.0,390.6,295.0
SANIMA,4/15/2015,558.0,560.0,553.0,560.0,0.36,5161.0,390.6,295.0
SANIMA,4/16/2015,560.0,564.0,556.0,560.0,0.0,10515.0,390.6,295.0
SANIMA,4/19/2015,560.0,565.0,555.0,555.0,-0.89,8152.0,390.6,295.0
SANIMA,4/20/2015,555.0,565.0,557.0,561.0,1.08,6779.0,390.6,295.0
SANIMA,4/21/2015,561.0,565.0,555.0,560.0,-0.18,7494.0,390.6,295.0
SANIMA,4/22/2015,560.0,562.0,555.0,560.0,0.0,8651.0,390.6,295.0
SANIMA,4/23/2015,560.0,560.0,556.0,559.0,-0.18,4491.0,390.6,295.0
SANIMA,5/25/2015,559.0,548.0,538.0,538.0,-3.76,20.0,390.6,295.0
SANIMA,5/26/2015,538.0,528.0,485.0,485.0,-9.85,1017.0,390.6,295.0
SANIMA,5/27/2015,485.0,476.0,452.0,458.0,-5.57,25492.0,390.6,295.0
SANIMA,5/28/2015,458.0,484.0,455.0,477.0,4.15,8378.0,390.6,295.0
SANIMA,5/31/2015,477.0,502.0,475.0,500.0,4.82,14562.0,390.6,295.0
SANIMA,6/1/2015,500.0,525.0,496.0,520.0,4.0,14348.0,390.6,295.0
SANIMA,6/2/2015,520.0,543.0,502.0,543.0,4.42,11412.0,390.6,295.0
SANIMA,6/3/2015,543.0,553.0,545.0,547.0,0.74,21872.0,390.6,295.0
SANIMA,6/4/2015,547.0,558.0,538.0,545.0,-0.37,9755.0,390.6,295.0
SANIMA,6/7/2015,545.0,556.0,548.0,551.0,1.1,12392.0,390.6,295.0
SANIMA,6/8/2015,551.0,568.0,543.0,568.0,3.09,49298.0,390.6,295.0
SANIMA,6/9/2015,568.0,624.0,572.0,582.0,2.46,46803.0,390.6,295.0
SANIMA,6/10/2015,582.0,592.0,570.0,579.0,-0.52,14745.0,390.6,295.0
SANIMA,6/11/2015,579.0,570.0,550.0,554.0,-4.32,21755.0,390.6,295.0
SANIMA,6/14/2015,554.0,557.0,551.0,554.0,0.0,13850.0,390.6,295.0
SANIMA,6/15/2015,554.0,562.0,544.0,559.0,0.9,10272.0,390.6,295.0
SANIMA,6/16/2015,559.0,562.0,550.0,552.0,-1.25,11037.0,390.6,295.0
SANIMA,6/17/2015,552.0,557.0,550.0,555.0,0.54,3523.0,390.6,295.0
SANIMA,6/18/2015,555.0,555.0,552.0,554.0,-0.18,4229.0,390.6,295.0
SANIMA,6/21/2015,554.0,551.0,543.0,547.0,-1.26,6916.0,390.6,295.0
SANIMA,6/22/2015,547.0,557.0,544.0,557.0,1.83,5133.0,390.6,295.0
SANIMA,6/23/2015,557.0,560.0,551.0,556.0,-0.18,3610.0,390.6,295.0
SANIMA,6/24/2015,556.0,559.0,555.0,556.0,0.0,8216.0,390.6,295.0
SANIMA,6/25/2015,556.0,567.0,555.0,560.0,0.72,3582.0,390.6,295.0
SANIMA,6/28/2015,560.0,564.0,552.0,564.0,0.71,5828.0,390.6,295.0
SANIMA,6/29/2015,564.0,574.0,560.0,563.0,-0.18,4977.0,390.6,295.0
SANIMA,6/30/2015,563.0,566.0,555.0,560.0,-0.53,3419.0,390.6,295.0
SANIMA,7/1/2015,560.0,571.0,552.0,557.0,-0.54,4419.0,390.6,295.0
SANIMA,7/2/2015,557.0,556.0,552.0,554.0,-0.54,4467.0,390.6,295.0
SANIMA,7/5/2015,554.0,558.0,550.0,553.0,-0.18,2460.0,390.6,295.0
SANIMA,7/6/2015,553.0,558.0,550.0,550.0,-0.54,3757.0,390.6,295.0
SANIMA,7/7/2015,550.0,560.0,555.0,560.0,1.82,1628.0,390.6,295.0
SANIMA,7/8/2015,560.0,568.0,557.0,561.0,0.18,7248.0,390.6,295.0
SANIMA,7/9/2015,561.0,560.0,555.0,556.0,-0.89,8229.0,390.6,295.0
SANIMA,7/12/2015,556.0,565.0,541.0,560.0,0.72,8090.0,390.6,295.0
SANIMA,7/13/2015,560.0,566.0,555.0,557.0,-0.54,2248.0,390.6,295.0
SANIMA,7/14/2015,557.0,564.0,546.0,564.0,1.26,4104.0,390.6,295.0
SANIMA,7/15/2015,564.0,570.0,559.0,559.0,-0.89,1047.0,390.6,295.0
SANIMA,7/16/2015,559.0,560.0,555.0,555.0,-0.72,2991.0,390.6,295.0
SANIMA,7/22/2015,555.0,560.0,556.0,560.0,0.9,8349.0,390.6,295.0
SANIMA,7/23/2015,560.0,607.0,559.0,607.0,8.39,18576.0,390.6,295.0
SANIMA,7/26/2015,607.0,655.0,619.0,655.0,7.91,237.0,390.6,295.0
SANIMA,7/27/2015,655.0,707.0,595.0,620.0,-5.34,83382.0,390.6,295.0
SANIMA,7/28/2015,620.0,630.0,585.0,610.0,-1.61,29758.0,390.6,295.0
SANIMA,7/29/2015,610.0,625.0,600.0,615.0,0.82,20033.0,390.6,295.0
SANIMA,7/30/2015,615.0,633.0,603.0,614.0,-0.16,47638.0,390.6,295.0
SANIMA,8/2/2015,614.0,650.0,609.0,645.0,5.05,17445.0,390.6,295.0
SANIMA,8/3/2015,645.0,637.0,627.0,635.0,-1.55,28852.0,390.6,295.0
SANIMA,8/4/2015,635.0,640.0,623.0,636.0,0.16,22756.0,390.6,295.0
SANIMA,8/5/2015,636.0,636.0,624.0,635.0,-0.16,12565.0,390.6,295.0
SANIMA,8/6/2015,635.0,655.0,630.0,648.0,2.05,36271.0,390.6,295.0
SANIMA,8/9/2015,648.0,673.0,650.0,669.0,3.24,63925.0,390.6,295.0
SANIMA,8/10/2015,669.0,680.0,665.0,667.0,-0.3,50820.0,390.6,295.0
SANIMA,8/11/2015,667.0,675.0,665.0,667.0,0.0,33361.0,390.6,295.0
SANIMA,8/12/2015,667.0,667.0,658.0,663.0,-0.6,20319.0,390.6,295.0
SANIMA,8/13/2015,663.0,675.0,664.0,670.0,1.06,26964.0,390.6,295.0
SANIMA,8/16/2015,670.0,701.0,662.0,700.0,4.48,89648.0,390.6,295.0
SANIMA,8/17/2015,700.0,770.0,714.0,770.0,10.0,26276.0,390.6,295.0
SANIMA,8/18/2015,770.0,802.0,772.0,795.0,3.25,27498.0,390.6,295.0
SANIMA,8/19/2015,795.0,845.0,800.0,845.0,6.29,22853.0,390.6,295.0
SANIMA,8/20/2015,845.0,900.0,850.0,850.0,0.59,22582.0,390.6,295.0
SANIMA,8/23/2015,850.0,851.0,831.0,836.0,-1.65,19402.0,390.6,295.0
SANIMA,8/24/2015,836.0,850.0,820.0,821.0,-1.79,6178.0,390.6,295.0
SANIMA,8/25/2015,821.0,818.0,810.0,810.0,-1.34,4604.0,390.6,295.0
SANIMA,8/26/2015,810.0,826.0,812.0,826.0,1.98,8438.0,390.6,295.0
SANIMA,8/27/2015,826.0,831.0,815.0,815.0,-1.33,7623.0,390.6,295.0
SANIMA,8/31/2015,815.0,810.0,797.0,800.0,-1.84,8465.0,390.6,295.0
SANIMA,9/1/2015,800.0,810.0,793.0,800.0,0.0,13559.0,390.6,295.0
SANIMA,9/2/2015,800.0,805.0,790.0,790.0,-1.25,15200.0,390.6,295.0
SANIMA,9/3/2015,790.0,821.0,790.0,792.0,0.25,26200.0,390.6,295.0
SANIMA,9/6/2015,792.0,800.0,777.0,790.0,-0.25,10886.0,390.6,295.0
SANIMA,9/7/2015,790.0,803.0,790.0,800.0,1.27,14361.0,390.6,295.0
SANIMA,9/8/2015,800.0,810.0,800.0,800.0,0.0,9943.0,390.6,295.0
SANIMA,9/9/2015,800.0,803.0,795.0,795.0,-0.62,7427.0,390.6,295.0
SANIMA,9/10/2015,795.0,799.0,787.0,793.0,-0.25,7742.0,390.6,295.0
SANIMA,9/13/2015,793.0,808.0,798.0,804.0,1.39,21025.0,390.6,295.0
SANIMA,9/14/2015,804.0,825.0,800.0,810.0,0.75,12996.0,390.6,295.0
SANIMA,9/15/2015,810.0,818.0,803.0,813.0,0.37,7043.0,390.6,295.0
SANIMA,9/16/2015,813.0,813.0,803.0,803.0,-1.23,3663.0,390.6,295.0
SANIMA,9/17/2015,803.0,819.0,789.0,797.0,-0.75,23293.0,390.6,295.0
SANIMA,9/22/2015,797.0,790.0,760.0,762.0,-4.39,21187.0,390.6,295.0
SANIMA,9/23/2015,762.0,835.0,777.0,835.0,9.58,45858.0,390.6,295.0
SANIMA,9/24/2015,835.0,865.0,825.0,842.0,0.84,100819.0,390.6,295.0
SANIMA,9/28/2015,842.0,848.0,794.0,840.0,-0.24,43842.0,390.6,295.0
SANIMA,9/29/2015,840.0,850.0,830.0,833.0,-0.83,49377.0,390.6,295.0
SANIMA,9/30/2015,833.0,845.0,828.0,832.0,-0.12,87081.0,390.6,295.0
SANIMA,10/1/2015,693.0,700.0,670.0,672.0,-19.23,3335.0,390.6,295.0
SANIMA,10/4/2015,672.0,700.0,665.0,676.0,0.6,6018.0,390.6,295.0
SANIMA,10/5/2015,676.0,680.0,674.0,675.0,-0.15,3763.0,390.6,295.0
SANIMA,10/6/2015,675.0,675.0,665.0,666.0,-1.33,9635.0,390.6,295.0
SANIMA,10/7/2015,666.0,665.0,648.0,661.0,-0.75,8549.0,390.6,295.0
SANIMA,10/8/2015,661.0,679.0,665.0,677.0,2.42,10038.0,390.6,295.0
SANIMA,10/11/2015,677.0,665.0,645.0,660.0,-2.51,7036.0,390.6,295.0
SANIMA,10/14/2015,660.0,670.0,660.0,666.0,0.91,6553.0,390.6,295.0
SANIMA,10/15/2015,666.0,672.0,658.0,672.0,0.9,6375.0,390.6,295.0
SANIMA,10/18/2015,672.0,672.0,660.0,670.0,-0.3,13912.0,390.6,295.0
SANIMA,10/19/2015,670.0,668.0,659.0,666.0,-0.6,7537.0,390.6,295.0
SANIMA,10/25/2015,666.0,670.0,663.0,667.0,0.15,1630.0,390.6,295.0
SANIMA,10/27/2015,667.0,655.0,633.0,633.0,-5.1,10720.0,390.6,295.0
SANIMA,10/28/2015,633.0,630.0,590.0,630.0,-0.47,8927.0,390.6,295.0
SANIMA,10/29/2015,630.0,647.0,620.0,630.0,0.0,12332.0,390.6,295.0
SANIMA,11/1/2015,630.0,631.0,610.0,631.0,0.16,7281.0,390.6,295.0
SANIMA,11/2/2015,631.0,637.0,630.0,634.0,0.48,14200.0,390.6,295.0
SANIMA,11/3/2015,634.0,633.0,622.0,631.0,-0.47,25462.0,390.6,295.0
SANIMA,11/4/2015,631.0,639.0,630.0,634.0,0.48,7153.0,390.6,295.0
SANIMA,11/5/2015,634.0,639.0,632.0,635.0,0.16,7339.0,390.6,295.0
SANIMA,11/8/2015,635.0,627.0,621.0,626.0,-1.42,8079.0,390.6,295.0
SANIMA,11/9/2015,626.0,655.0,637.0,650.0,3.83,12744.0,390.6,295.0
SANIMA,11/10/2015,650.0,652.0,641.0,645.0,-0.77,3800.0,390.6,295.0
SANIMA,11/15/2015,645.0,642.0,638.0,640.0,-0.78,3020.0,390.6,295.0
SANIMA,11/16/2015,640.0,642.0,635.0,635.0,-0.78,4910.0,390.6,295.0
SANIMA,11/18/2015,635.0,650.0,635.0,650.0,2.36,5740.0,390.6,295.0
SANIMA,11/19/2015,650.0,641.0,635.0,638.0,-1.85,10185.0,390.6,295.0
SANIMA,11/22/2015,638.0,630.0,615.0,625.0,-2.04,7494.0,390.6,295.0
SANIMA,11/23/2015,625.0,630.0,615.0,630.0,0.8,15206.0,390.6,295.0
SANIMA,11/24/2015,630.0,642.0,630.0,635.0,0.79,4997.0,390.6,295.0
SANIMA,11/25/2015,635.0,640.0,625.0,625.0,-1.57,4202.0,390.6,295.0
SANIMA,11/26/2015,625.0,628.0,609.0,616.0,-1.44,16423.0,390.6,295.0
SANIMA,11/29/2015,616.0,610.0,598.0,600.0,-2.6,14623.0,390.6,295.0
SANIMA,11/30/2015,600.0,624.0,602.0,612.0,2.0,11114.0,390.6,295.0
SANIMA,12/1/2015,612.0,637.0,610.0,636.0,3.92,5741.0,390.6,295.0
SANIMA,12/2/2015,636.0,639.0,611.0,631.0,-0.79,8214.0,390.6,295.0
SANIMA,12/3/2015,631.0,652.0,625.0,643.0,1.9,8315.0,390.6,295.0
SANIMA,12/6/2015,643.0,664.0,631.0,664.0,3.27,15609.0,390.6,295.0
SANIMA,12/7/2015,664.0,680.0,660.0,673.0,1.36,18423.0,390.6,295.0
SANIMA,12/8/2015,673.0,675.0,660.0,671.0,-0.3,16991.0,390.6,295.0
SANIMA,12/9/2015,671.0,686.0,660.0,680.0,1.34,14224.0,390.6,295.0
SANIMA,12/10/2015,680.0,680.0,667.0,670.0,-1.47,5775.0,390.6,295.0
SANIMA,12/13/2015,670.0,680.0,665.0,665.0,-0.75,14182.0,390.6,295.0
SANIMA,12/14/2015,665.0,670.0,660.0,660.0,-0.75,3738.0,390.6,295.0
SANIMA,12/15/2015,660.0,665.0,653.0,657.0,-0.45,2854.0,390.6,295.0
SANIMA,12/16/2015,657.0,658.0,640.0,641.0,-2.44,2696.0,390.6,295.0
SANIMA,12/17/2015,641.0,650.0,628.0,650.0,1.4,6579.0,390.6,295.0
SANIMA,12/20/2015,650.0,663.0,637.0,663.0,2.0,8452.0,390.6,295.0
SANIMA,12/21/2015,663.0,671.0,651.0,670.0,1.06,3568.0,390.6,295.0
SANIMA,12/22/2015,670.0,673.0,665.0,667.0,-0.45,9798.0,390.6,295.0
SANIMA,12/23/2015,667.0,670.0,658.0,664.0,-0.45,6855.0,390.6,295.0
SANIMA,12/24/2015,664.0,664.0,656.0,662.0,-0.3,936.0,390.6,295.0
SANIMA,12/27/2015,662.0,661.0,656.0,660.0,-0.3,1432.0,390.6,295.0
SANIMA,12/28/2015,660.0,661.0,650.0,655.0,-0.76,3639.0,390.6,295.0
SANIMA,12/29/2015,655.0,651.0,645.0,650.0,-0.76,6715.0,390.6,295.0
SANIMA,12/31/2015,650.0,678.0,650.0,659.0,1.38,14249.0,390.6,295.0
SANIMA,1/3/2016,659.0,662.0,655.0,661.0,0.3,6519.0,390.6,295.0
SANIMA,1/4/2016,661.0,660.0,653.0,653.0,-1.21,11727.0,390.6,295.0
SANIMA,1/5/2016,653.0,664.0,650.0,650.0,-0.46,12308.0,390.6,295.0
SANIMA,1/6/2016,650.0,664.0,650.0,662.0,1.85,11907.0,390.6,295.0
SANIMA,1/7/2016,662.0,670.0,664.0,665.0,0.45,19154.0,390.6,295.0
SANIMA,1/10/2016,665.0,668.0,654.0,665.0,0.0,17500.0,390.6,295.0
SANIMA,1/11/2016,665.0,670.0,663.0,665.0,0.0,12945.0,390.6,295.0
SANIMA,1/12/2016,665.0,680.0,668.0,670.0,0.75,57948.0,390.6,295.0
SANIMA,1/13/2016,670.0,675.0,670.0,673.0,0.45,35771.0,390.6,295.0
SANIMA,1/14/2016,673.0,679.0,670.0,670.0,-0.45,50464.0,390.6,295.0
SANIMA,1/17/2016,670.0,700.0,683.0,690.0,2.99,37272.0,390.6,295.0
SANIMA,1/18/2016,690.0,704.0,691.0,699.0,1.3,79927.0,390.6,295.0
SANIMA,1/19/2016,699.0,700.0,680.0,699.0,0.0,36058.0,390.6,295.0
SANIMA,1/20/2016,699.0,702.0,695.0,699.0,0.0,60328.0,390.6,295.0
SANIMA,1/21/2016,699.0,705.0,696.0,700.0,0.14,77547.0,390.6,295.0
SANIMA,1/24/2016,700.0,714.0,701.0,714.0,2.0,43866.0,390.6,295.0
SANIMA,1/25/2016,714.0,739.0,718.0,725.0,1.54,37112.0,390.6,295.0
SANIMA,1/26/2016,725.0,738.0,723.0,725.0,0.0,39454.0,390.6,295.0
SANIMA,1/27/2016,725.0,727.0,722.0,724.0,-0.14,37093.0,390.6,295.0
SANIMA,1/28/2016,724.0,730.0,720.0,720.0,-0.55,32311.0,390.6,295.0
SANIMA,1/31/2016,720.0,728.0,715.0,720.0,0.0,20809.0,390.6,295.0
SANIMA,2/1/2016,720.0,735.0,720.0,732.0,1.67,56014.0,390.6,295.0
SANIMA,2/2/2016,732.0,746.0,738.0,739.0,0.96,27887.0,390.6,295.0
SANIMA,2/3/2016,739.0,740.0,735.0,735.0,-0.54,20176.0,390.6,295.0
SANIMA,2/4/2016,735.0,741.0,735.0,740.0,0.68,20943.0,390.6,295.0
SANIMA,2/7/2016,740.0,769.0,736.0,738.0,-0.27,27076.0,390.6,295.0
SANIMA,2/8/2016,738.0,745.0,729.0,735.0,-0.41,35118.0,390.6,295.0
SANIMA,2/11/2016,735.0,740.0,728.0,728.0,-0.95,11090.0,390.6,295.0
SANIMA,2/14/2016,728.0,735.0,728.0,728.0,0.0,23504.0,390.6,295.0
SANIMA,2/15/2016,728.0,734.0,718.0,725.0,-0.41,11582.0,390.6,295.0
SANIMA,2/16/2016,725.0,726.0,720.0,724.0,-0.14,7227.0,390.6,295.0
SANIMA,2/17/2016,724.0,732.0,725.0,732.0,1.1,10878.0,390.6,295.0
SANIMA,2/18/2016,732.0,735.0,724.0,729.0,-0.41,14359.0,390.6,295.0
SANIMA,2/21/2016,729.0,742.0,730.0,730.0,0.14,79272.0,390.6,295.0
SANIMA,2/22/2016,730.0,745.0,730.0,735.0,0.68,58413.0,390.6,295.0
SANIMA,2/23/2016,735.0,746.0,734.0,737.0,0.27,20032.0,390.6,295.0
SANIMA,2/24/2016,737.0,745.0,735.0,738.0,0.14,17060.0,390.6,295.0
SANIMA,2/25/2016,738.0,745.0,730.0,740.0,0.27,18031.0,390.6,295.0
SANIMA,2/28/2016,740.0,742.0,738.0,740.0,0.0,22032.0,390.6,295.0
SANIMA,2/29/2016,740.0,741.0,730.0,741.0,0.14,12198.0,390.6,295.0
SANIMA,3/1/2016,741.0,745.0,740.0,744.0,0.4,12183.0,390.6,295.0
SANIMA,3/2/2016,744.0,750.0,740.0,748.0,0.54,23350.0,390.6,295.0
SANIMA,3/3/2016,748.0,760.0,750.0,760.0,1.6,29747.0,390.6,295.0
SANIMA,3/6/2016,760.0,785.0,750.0,774.0,1.84,22775.0,390.6,295.0
SANIMA,3/10/2016,774.0,785.0,760.0,771.0,-0.39,24233.0,390.6,295.0
SANIMA,3/13/2016,771.0,779.0,765.0,766.0,-0.65,12266.0,390.6,295.0
SANIMA,3/14/2016,766.0,780.0,760.0,769.0,0.39,9015.0,390.6,295.0
SANIMA,3/15/2016,769.0,769.0,764.0,768.0,-0.13,8150.0,390.6,295.0
SANIMA,3/16/2016,768.0,770.0,765.0,768.0,0.0,5611.0,390.6,295.0
SANIMA,3/17/2016,768.0,772.0,761.0,768.0,0.0,10918.0,390.6,295.0
SANIMA,3/20/2016,768.0,783.0,765.0,776.0,1.04,31821.0,390.6,295.0
SANIMA,3/21/2016,776.0,788.0,770.0,780.0,0.52,65417.0,390.6,295.0
SANIMA,3/23/2016,780.0,785.0,771.0,780.0,0.0,38784.0,390.6,295.0
SANIMA,3/24/2016,780.0,796.0,766.0,788.0,1.03,32700.0,390.6,295.0
SANIMA,3/27/2016,788.0,820.0,797.0,818.0,3.81,60290.0,390.6,295.0
SANIMA,3/28/2016,818.0,825.0,800.0,811.0,-0.86,48482.0,390.6,295.0
SANIMA,3/29/2016,811.0,811.0,800.0,804.0,-0.86,39031.0,390.6,295.0
SANIMA,3/30/2016,804.0,810.0,799.0,806.0,0.25,19383.0,390.6,295.0
SANIMA,3/31/2016,806.0,808.0,790.0,795.0,-1.36,39992.0,390.6,295.0
SANIMA,4/3/2016,795.0,800.0,780.0,795.0,0.0,18626.0,390.6,295.0
SANIMA,4/4/2016,795.0,800.0,786.0,797.0,0.25,14476.0,390.6,295.0
SANIMA,4/5/2016,797.0,812.0,796.0,803.0,0.75,25912.0,390.6,295.0
SANIMA,4/6/2016,803.0,806.0,796.0,801.0,-0.25,15728.0,390.6,295.0
SANIMA,4/10/2016,801.0,804.0,800.0,802.0,0.12,19721.0,390.6,295.0
SANIMA,4/11/2016,802.0,805.0,800.0,800.0,-0.25,13121.0,390.6,295.0
SANIMA,4/12/2016,800.0,810.0,800.0,806.0,0.75,14811.0,390.6,295.0
SANIMA,4/14/2016,806.0,815.0,809.0,813.0,0.87,24823.0,390.6,295.0
SANIMA,4/17/2016,813.0,825.0,818.0,824.0,1.35,34030.0,390.6,295.0
SANIMA,4/18/2016,824.0,850.0,825.0,848.0,2.91,56424.0,390.6,295.0
SANIMA,4/19/2016,848.0,860.0,842.0,852.0,0.47,41723.0,390.6,295.0
SANIMA,4/20/2016,852.0,884.0,865.0,880.0,3.29,42727.0,390.6,295.0
SANIMA,4/21/2016,880.0,888.0,860.0,872.0,-0.91,22220.0,390.6,295.0
SANIMA,4/24/2016,872.0,899.0,885.0,890.0,2.06,42086.0,390.6,295.0
SANIMA,4/25/2016,890.0,894.0,886.0,890.0,0.0,35200.0,390.6,295.0
SANIMA,4/26/2016,890.0,890.0,880.0,880.0,-1.12,37901.0,390.6,295.0
SANIMA,4/27/2016,880.0,880.0,867.0,871.0,-1.02,18193.0,390.6,295.0
SANIMA,4/28/2016,871.0,886.0,870.0,870.0,-0.11,22919.0,390.6,295.0
SANIMA,5/2/2016,870.0,883.0,866.0,872.0,0.23,15941.0,390.6,295.0
SANIMA,5/3/2016,872.0,877.0,860.0,871.0,-0.11,20967.0,390.6,295.0
SANIMA,5/4/2016,871.0,875.0,860.0,873.0,0.23,26948.0,390.6,295.0
SANIMA,5/5/2016,873.0,872.0,860.0,870.0,-0.34,23434.0,390.6,295.0
SANIMA,5/8/2016,870.0,885.0,875.0,885.0,1.72,29342.0,390.6,295.0
SANIMA,5/9/2016,885.0,894.0,885.0,888.0,0.34,26576.0,390.6,295.0
SANIMA,5/10/2016,888.0,893.0,882.0,885.0,-0.34,27435.0,390.6,295.0
SANIMA,5/11/2016,885.0,886.0,870.0,873.0,-1.36,17532.0,390.6,295.0
SANIMA,5/12/2016,873.0,882.0,870.0,870.0,-0.34,7665.0,390.6,295.0
SANIMA,5/15/2016,870.0,882.0,872.0,879.0,1.03,35530.0,390.6,295.0
SANIMA,5/16/2016,879.0,890.0,876.0,888.0,1.02,38420.0,390.6,295.0
SANIMA,5/17/2016,888.0,906.0,889.0,905.0,1.91,43727.0,390.6,295.0
SANIMA,5/18/2016,905.0,910.0,900.0,907.0,0.22,47282.0,390.6,295.0
SANIMA,5/19/2016,907.0,920.0,907.0,907.0,0.0,30280.0,390.6,295.0
SANIMA,5/22/2016,907.0,910.0,900.0,903.0,-0.44,29932.0,390.6,295.0
SANIMA,5/23/2016,903.0,904.0,886.0,900.0,-0.33,26762.0,390.6,295.0
SANIMA,5/24/2016,900.0,925.0,904.0,914.0,1.56,67226.0,390.6,295.0
SANIMA,5/25/2016,914.0,915.0,880.0,900.0,-1.53,58282.0,390.6,295.0
SANIMA,5/26/2016,900.0,910.0,880.0,901.0,0.11,66457.0,390.6,295.0
SANIMA,5/29/2016,901.0,919.0,895.0,915.0,1.55,37726.0,390.6,295.0
SANIMA,5/30/2016,915.0,945.0,926.0,929.0,1.53,112058.0,390.6,295.0
SANIMA,5/31/2016,929.0,940.0,925.0,929.0,0.0,82997.0,390.6,295.0
SANIMA,6/1/2016,929.0,931.0,905.0,914.0,-1.61,113062.0,390.6,295.0
SANIMA,6/2/2016,914.0,924.0,905.0,915.0,0.11,108445.0,390.6,295.0
SANIMA,6/5/2016,915.0,915.0,900.0,900.0,-1.64,155289.0,390.6,295.0
SANIMA,6/6/2016,900.0,932.0,903.0,929.0,3.22,264011.0,390.6,295.0
SANIMA,6/7/2016,653.0,705.0,666.0,692.0,-25.51,154894.0,390.6,295.0
SANIMA,6/8/2016,692.0,697.0,677.0,684.0,-1.16,44912.0,390.6,295.0
SANIMA,6/9/2016,684.0,692.0,670.0,670.0,-2.05,23620.0,390.6,295.0
SANIMA,6/12/2016,670.0,679.0,661.0,667.0,-0.45,30135.0,390.6,295.0
SANIMA,6/13/2016,667.0,684.0,665.0,670.0,0.45,35679.0,390.6,295.0
SANIMA,6/14/2016,670.0,675.0,665.0,671.0,0.15,29636.0,390.6,295.0
SANIMA,6/15/2016,671.0,681.0,666.0,676.0,0.75,24938.0,390.6,295.0
SANIMA,6/16/2016,676.0,688.0,675.0,688.0,1.78,34519.0,390.6,295.0
SANIMA,6/19/2016,688.0,685.0,670.0,675.0,-1.89,20283.0,390.6,295.0
SANIMA,6/20/2016,675.0,680.0,665.0,666.0,-1.33,20214.0,390.6,295.0
SANIMA,6/21/2016,666.0,674.0,665.0,674.0,1.2,24566.0,390.6,295.0
SANIMA,6/22/2016,674.0,700.0,674.0,688.0,2.08,21981.0,390.6,295.0
SANIMA,6/23/2016,688.0,695.0,686.0,687.0,-0.15,18538.0,390.6,295.0
SANIMA,6/26/2016,687.0,700.0,689.0,691.0,0.58,29130.0,390.6,295.0
SANIMA,6/27/2016,691.0,732.0,700.0,732.0,5.93,38673.0,390.6,295.0
SANIMA,6/28/2016,732.0,790.0,740.0,768.0,4.92,54704.0,390.6,295.0
SANIMA,6/29/2016,768.0,788.0,760.0,764.0,-0.52,40054.0,390.6,295.0
SANIMA,6/30/2016,764.0,763.0,736.0,760.0,-0.52,35803.0,390.6,295.0
SANIMA,7/3/2016,760.0,765.0,740.0,746.0,-1.84,19725.0,390.6,295.0
SANIMA,7/4/2016,746.0,746.0,740.0,740.0,-0.8,18770.0,390.6,295.0
SANIMA,7/5/2016,740.0,745.0,730.0,740.0,0.0,44626.0,390.6,295.0
SANIMA,7/6/2016,740.0,750.0,737.0,738.0,-0.27,25042.0,390.6,295.0
SANIMA,7/10/2016,738.0,750.0,741.0,743.0,0.68,22920.0,390.6,295.0
SANIMA,7/11/2016,743.0,755.0,735.0,744.0,0.13,23701.0,390.6,295.0
SANIMA,7/12/2016,744.0,750.0,717.0,738.0,-0.81,20533.0,390.6,295.0
SANIMA,7/13/2016,738.0,741.0,720.0,733.0,-0.68,32965.0,390.6,295.0
SANIMA,7/14/2016,733.0,768.0,740.0,750.0,2.32,15979.0,390.6,295.0
SANIMA,7/17/2016,750.0,780.0,747.0,770.0,2.67,38557.0,390.6,295.0
SANIMA,7/18/2016,770.0,805.0,770.0,795.0,3.25,44432.0,390.6,295.0
SANIMA,7/19/2016,795.0,825.0,795.0,796.0,0.13,37986.0,390.6,295.0
SANIMA,7/20/2016,796.0,820.0,760.0,793.0,-0.38,26928.0,390.6,295.0
SANIMA,7/21/2016,793.0,793.0,775.0,790.0,-0.38,16467.0,390.6,295.0
SANIMA,7/25/2016,790.0,816.0,797.0,801.0,1.39,68307.0,390.6,295.0
SANIMA,7/26/2016,801.0,835.0,802.0,829.0,3.5,74274.0,390.6,295.0
SANIMA,7/27/2016,829.0,850.0,825.0,827.0,-0.24,44349.0,390.6,295.0
SANIMA,7/28/2016,827.0,827.0,800.0,810.0,-2.06,43023.0,390.6,295.0
SANIMA,7/31/2016,810.0,810.0,786.0,793.0,-2.1,22010.0,390.6,295.0
SANIMA,8/1/2016,793.0,800.0,775.0,794.0,0.13,17861.0,390.6,295.0
SANIMA,8/2/2016,794.0,790.0,775.0,780.0,-1.76,20620.0,390.6,295.0
SANIMA,8/3/2016,780.0,785.0,760.0,775.0,-0.64,31366.0,390.6,295.0
SANIMA,8/4/2016,775.0,780.0,750.0,765.0,-1.29,33030.0,390.6,295.0
SANIMA,8/7/2016,765.0,804.0,765.0,775.0,1.31,39757.0,390.6,295.0
SANIMA,8/8/2016,775.0,766.0,721.0,725.0,-6.45,31621.0,390.6,295.0
SANIMA,8/9/2016,725.0,797.0,739.0,797.0,9.93,3240.0,390.6,295.0
SANIMA,8/10/2016,797.0,825.0,750.0,784.0,-1.63,58506.0,390.6,295.0
SANIMA,8/11/2016,784.0,785.0,769.0,772.0,-1.53,20067.0,390.6,295.0
SANIMA,8/14/2016,772.0,770.0,751.0,753.0,-2.46,32294.0,390.6,295.0
SANIMA,8/15/2016,753.0,753.0,710.0,740.0,-1.73,27312.0,390.6,295.0
SANIMA,8/16/2016,740.0,759.0,729.0,750.0,1.35,21615.0,390.6,295.0
SANIMA,8/17/2016,750.0,760.0,740.0,748.0,-0.27,26135.0,390.6,295.0
SANIMA,8/21/2016,748.0,767.0,744.0,750.0,0.27,11996.0,390.6,295.0
SANIMA,8/22/2016,750.0,750.0,730.0,730.0,-2.67,25087.0,390.6,295.0
SANIMA,8/23/2016,730.0,750.0,725.0,740.0,1.37,20350.0,390.6,295.0
SANIMA,8/24/2016,740.0,750.0,731.0,750.0,1.35,14439.0,390.6,295.0
SANIMA,8/28/2016,750.0,756.0,726.0,753.0,0.4,18740.0,390.6,295.0
SANIMA,8/29/2016,753.0,791.0,750.0,780.0,3.59,24240.0,390.6,295.0
SANIMA,8/30/2016,780.0,805.0,786.0,796.0,2.05,49879.0,390.6,295.0
SANIMA,8/31/2016,796.0,805.0,791.0,800.0,0.5,46408.0,390.6,295.0
SANIMA,9/1/2016,800.0,830.0,806.0,808.0,1.0,31171.0,390.6,295.0
SANIMA,9/3/2016,808.0,820.0,800.0,804.0,-0.5,40774.0,390.6,295.0
SANIMA,9/4/2016,808.0,820.0,800.0,804.0,0.0,40774.0,390.6,295.0
SANIMA,9/5/2016,804.0,805.0,795.0,800.0,-0.5,32554.0,390.6,295.0
SANIMA,9/6/2016,800.0,810.0,790.0,799.0,-0.12,43329.0,390.6,295.0
SANIMA,9/7/2016,799.0,795.0,760.0,769.0,-3.75,43594.0,390.6,295.0
SANIMA,9/8/2016,769.0,771.0,754.0,760.0,-1.17,31958.0,390.6,295.0
SANIMA,9/11/2016,760.0,760.0,745.0,749.0,-1.45,28053.0,390.6,295.0
SANIMA,9/12/2016,749.0,795.0,748.0,785.0,4.81,30325.0,390.6,295.0
SANIMA,9/14/2016,785.0,786.0,764.0,775.0,-1.27,25627.0,390.6,295.0
SANIMA,9/18/2016,775.0,775.0,760.0,765.0,-1.29,11813.0,390.6,295.0
SANIMA,9/20/2016,765.0,770.0,741.0,745.0,-2.61,17819.0,390.6,295.0
SANIMA,9/21/2016,745.0,772.0,739.0,759.0,1.88,51404.0,390.6,295.0
SANIMA,9/22/2016,759.0,769.0,745.0,748.0,-1.45,58587.0,390.6,295.0
SANIMA,9/25/2016,748.0,745.0,732.0,741.0,-0.94,29738.0,390.6,295.0
SANIMA,9/26/2016,741.0,750.0,729.0,749.0,1.08,40083.0,390.6,295.0
SANIMA,9/27/2016,749.0,770.0,755.0,756.0,0.93,25836.0,390.6,295.0
SANIMA,9/28/2016,756.0,771.0,750.0,757.0,0.13,66180.0,390.6,295.0
SANIMA,9/29/2016,658.0,655.0,640.0,649.0,-14.27,8731.0,390.6,295.0
SANIMA,10/2/2016,649.0,650.0,640.0,641.0,-1.23,13974.0,390.6,295.0
SANIMA,10/3/2016,641.0,661.0,645.0,658.0,2.65,9380.0,390.6,295.0
SANIMA,10/4/2016,658.0,673.0,660.0,670.0,1.82,12455.0,390.6,295.0
SANIMA,10/5/2016,670.0,675.0,660.0,667.0,-0.45,13488.0,390.6,295.0
SANIMA,10/6/2016,667.0,676.0,663.0,672.0,0.75,27462.0,390.6,295.0
SANIMA,10/16/2016,672.0,665.0,648.0,652.0,-2.98,21867.0,390.6,295.0
SANIMA,10/17/2016,652.0,650.0,636.0,642.0,-1.53,18690.0,390.6,295.0
SANIMA,10/18/2016,642.0,647.0,635.0,639.0,-0.47,26794.0,390.6,295.0
SANIMA,10/19/2016,639.0,642.0,629.0,629.0,-1.56,34182.0,390.6,295.0
SANIMA,10/20/2016,629.0,635.0,626.0,626.0,-0.48,29873.0,390.6,295.0
SANIMA,10/23/2016,626.0,635.0,620.0,620.0,-0.96,28532.0,390.6,295.0
SANIMA,10/24/2016,620.0,622.0,611.0,611.0,-1.45,29977.0,390.6,295.0
SANIMA,10/25/2016,611.0,628.0,600.0,617.0,0.98,41704.0,390.6,295.0
SANIMA,10/26/2016,617.0,620.0,609.0,618.0,0.16,22066.0,390.6,295.0
SANIMA,10/27/2016,618.0,630.0,620.0,625.0,1.13,23147.0,390.6,295.0
SANIMA,11/3/2016,625.0,630.0,615.0,626.0,0.16,11009.0,390.6,295.0
SANIMA,11/7/2016,626.0,622.0,610.0,620.0,-0.96,15651.0,390.6,295.0
SANIMA,11/8/2016,620.0,619.0,600.0,608.0,-1.94,25165.0,390.6,295.0
SANIMA,11/9/2016,608.0,611.0,595.0,600.0,-1.32,27261.0,390.6,295.0
SANIMA,11/10/2016,600.0,611.0,599.0,605.0,0.83,28344.0,390.6,295.0
SANIMA,11/13/2016,605.0,610.0,584.0,601.0,-0.66,19829.0,390.6,295.0
SANIMA,11/14/2016,601.0,609.0,598.0,605.0,0.67,25421.0,390.6,295.0
SANIMA,11/15/2016,605.0,607.0,600.0,601.0,-0.66,23608.0,390.6,295.0
SANIMA,11/16/2016,601.0,605.0,593.0,597.0,-0.67,20274.0,390.6,295.0
SANIMA,11/17/2016,597.0,594.0,575.0,580.0,-2.85,20780.0,390.6,295.0
SANIMA,11/20/2016,580.0,583.0,540.0,565.0,-2.59,30690.0,390.6,295.0
SANIMA,11/21/2016,565.0,579.0,549.0,568.0,0.53,21860.0,390.6,295.0
SANIMA,11/22/2016,568.0,570.0,528.0,560.0,-1.41,32813.0,390.6,295.0
SANIMA,11/23/2016,560.0,560.0,540.0,547.0,-2.32,27871.0,390.6,295.0
SANIMA,11/24/2016,547.0,575.0,538.0,549.0,0.37,35476.0,390.6,295.0
SANIMA,11/27/2016,549.0,550.0,527.0,530.0,-3.46,34542.0,390.6,295.0
SANIMA,11/28/2016,530.0,558.0,500.0,552.0,4.15,33714.0,390.6,295.0
SANIMA,11/29/2016,552.0,575.0,516.0,572.0,3.62,34912.0,390.6,295.0
SANIMA,11/30/2016,572.0,594.0,566.0,592.0,3.5,41422.0,390.6,295.0
SANIMA,12/1/2016,592.0,605.0,579.0,588.0,-0.68,42758.0,390.6,295.0
SANIMA,12/4/2016,588.0,580.0,564.0,567.0,-3.57,19292.0,390.6,295.0
SANIMA,12/5/2016,567.0,567.0,550.0,553.0,-2.47,13525.0,390.6,295.0
SANIMA,12/6/2016,553.0,571.0,551.0,562.0,1.63,20684.0,390.6,295.0
SANIMA,12/7/2016,562.0,569.0,560.0,562.0,0.0,10172.0,390.6,295.0
SANIMA,12/8/2016,562.0,565.0,558.0,559.0,-0.53,12657.0,390.6,295.0
SANIMA,12/11/2016,559.0,558.0,546.0,546.0,-2.33,11452.0,390.6,295.0
SANIMA,12/12/2016,546.0,554.0,532.0,545.0,-0.18,19426.0,390.6,295.0
SANIMA,12/14/2016,545.0,551.0,545.0,549.0,0.73,13015.0,390.6,295.0
SANIMA,12/15/2016,549.0,559.0,543.0,554.0,0.91,12480.0,390.6,295.0
SANIMA,12/18/2016,554.0,560.0,550.0,550.0,-0.72,19441.0,390.6,295.0
SANIMA,12/19/2016,550.0,551.0,545.0,550.0,0.0,15176.0,390.6,295.0
SANIMA,12/20/2016,550.0,547.0,540.0,541.0,-1.64,14652.0,390.6,295.0
SANIMA,12/21/2016,541.0,541.0,526.0,530.0,-2.03,16916.0,390.6,295.0
SANIMA,12/22/2016,530.0,536.0,524.0,531.0,0.19,10899.0,390.6,295.0
SANIMA,12/26/2016,531.0,532.0,515.0,517.0,-2.64,15234.0,390.6,295.0
SANIMA,12/27/2016,517.0,518.0,498.0,515.0,-0.39,16852.0,390.6,295.0
SANIMA,12/28/2016,515.0,524.0,509.0,522.0,1.36,7931.0,390.6,295.0
SANIMA,12/29/2016,522.0,535.0,520.0,520.0,-0.38,15808.0,390.6,295.0
SANIMA,1/1/2017,520.0,540.0,525.0,528.0,1.54,13281.0,390.6,295.0
SANIMA,1/2/2017,528.0,554.0,530.0,547.0,3.6,20555.0,390.6,295.0
SANIMA,1/3/2017,547.0,550.0,528.0,536.0,-2.01,13740.0,390.6,295.0
SANIMA,1/4/2017,536.0,538.0,528.0,535.0,-0.19,7547.0,390.6,295.0
SANIMA,1/5/2017,535.0,540.0,528.0,532.0,-0.56,15085.0,390.6,295.0
SANIMA,1/8/2017,532.0,530.0,523.0,526.0,-1.13,15913.0,390.6,295.0
SANIMA,1/9/2017,526.0,534.0,522.0,527.0,0.19,9052.0,390.6,295.0
SANIMA,1/10/2017,527.0,540.0,530.0,538.0,2.09,8453.0,390.6,295.0
SANIMA,1/11/2017,538.0,548.0,535.0,535.0,-0.56,10416.0,390.6,295.0
SANIMA,1/12/2017,535.0,542.0,536.0,539.0,0.75,4682.0,390.6,295.0
SANIMA,1/15/2017,539.0,541.0,534.0,534.0,-0.93,3928.0,390.6,295.0
SANIMA,1/16/2017,534.0,536.0,525.0,525.0,-1.69,9698.0,390.6,295.0
SANIMA,1/17/2017,525.0,533.0,519.0,528.0,0.57,10769.0,390.6,295.0
SANIMA,1/18/2017,528.0,535.0,526.0,526.0,-0.38,9710.0,390.6,295.0
SANIMA,1/19/2017,526.0,531.0,522.0,522.0,-0.76,9345.0,390.6,295.0
SANIMA,1/22/2017,522.0,525.0,518.0,523.0,0.19,12691.0,390.6,295.0
SANIMA,1/23/2017,523.0,527.0,514.0,520.0,-0.57,10188.0,390.6,295.0
SANIMA,1/24/2017,520.0,520.0,508.0,508.0,-2.31,16330.0,390.6,295.0
SANIMA,1/25/2017,508.0,506.0,491.0,499.0,-1.77,17392.0,390.6,295.0
SANIMA,1/26/2017,499.0,495.0,474.0,481.0,-3.61,35458.0,390.6,295.0
SANIMA,1/30/2017,481.0,485.0,455.0,460.0,-4.37,43025.0,390.6,295.0
SANIMA,1/31/2017,460.0,470.0,433.0,461.0,0.22,42226.0,390.6,295.0
SANIMA,2/1/2017,461.0,490.0,460.0,485.0,5.21,41563.0,390.6,295.0
SANIMA,2/2/2017,485.0,513.0,483.0,483.0,-0.41,50297.0,390.6,295.0
SANIMA,2/5/2017,483.0,490.0,475.0,483.0,0.0,14956.0,390.6,295.0
SANIMA,2/6/2017,483.0,485.0,470.0,476.0,-1.45,11686.0,390.6,295.0
SANIMA,2/7/2017,476.0,480.0,467.0,474.0,-0.42,14526.0,390.6,295.0
SANIMA,2/8/2017,474.0,474.0,457.0,463.0,-2.32,24652.0,390.6,295.0
SANIMA,2/9/2017,463.0,465.0,450.0,453.0,-2.16,40210.0,390.6,295.0
SANIMA,2/12/2017,453.0,455.0,432.0,442.0,-2.43,36123.0,390.6,295.0
SANIMA,2/13/2017,442.0,452.0,424.0,450.0,1.81,50261.0,390.6,295.0
SANIMA,2/14/2017,450.0,455.0,436.0,451.0,0.22,25590.0,390.6,295.0
SANIMA,2/15/2017,451.0,469.0,452.0,468.0,3.77,28080.0,390.6,295.0
SANIMA,2/16/2017,468.0,478.0,462.0,473.0,1.07,40171.0,390.6,295.0
SANIMA,2/19/2017,473.0,485.0,464.0,478.0,1.06,39293.0,390.6,295.0
SANIMA,2/20/2017,478.0,497.0,474.0,474.0,-0.84,37421.0,390.6,295.0
SANIMA,2/21/2017,474.0,492.0,465.0,477.0,0.63,25647.0,390.6,295.0
SANIMA,2/22/2017,477.0,476.0,465.0,471.0,-1.26,14972.0,390.6,295.0
SANIMA,2/23/2017,471.0,475.0,458.0,470.0,-0.21,10983.0,390.6,295.0
SANIMA,2/26/2017,470.0,472.0,466.0,466.0,-0.85,5694.0,390.6,295.0
SANIMA,2/28/2017,466.0,464.0,450.0,459.0,-1.5,13798.0,390.6,295.0
SANIMA,3/1/2017,459.0,465.0,451.0,465.0,1.31,9841.0,390.6,295.0
SANIMA,3/2/2017,465.0,470.0,461.0,461.0,-0.86,17397.0,390.6,295.0
SANIMA,3/5/2017,461.0,475.0,464.0,475.0,3.04,24087.0,390.6,295.0
SANIMA,3/6/2017,475.0,488.0,472.0,476.0,0.21,19660.0,390.6,295.0
SANIMA,3/7/2017,476.0,476.0,468.0,470.0,-1.26,16252.0,390.6,295.0
SANIMA,3/9/2017,470.0,478.0,470.0,473.0,0.64,12255.0,390.6,295.0
SANIMA,3/13/2017,473.0,479.0,469.0,470.0,-0.63,17416.0,390.6,295.0
SANIMA,3/14/2017,470.0,480.0,465.0,472.0,0.43,43721.0,390.6,295.0
SANIMA,3/15/2017,472.0,481.0,468.0,477.0,1.06,39640.0,390.6,295.0
SANIMA,3/16/2017,477.0,479.0,475.0,477.0,0.0,26979.0,390.6,295.0
SANIMA,3/19/2017,477.0,483.0,475.0,480.0,0.63,38078.0,390.6,295.0
SANIMA,3/20/2017,480.0,493.0,476.0,490.0,2.08,64935.0,390.6,295.0
SANIMA,3/21/2017,490.0,512.0,489.0,512.0,4.49,81591.0,390.6,295.0
SANIMA,3/22/2017,512.0,561.0,520.0,545.0,6.45,133053.0,390.6,295.0
SANIMA,3/23/2017,545.0,556.0,535.0,546.0,0.18,92572.0,390.6,295.0
SANIMA,3/26/2017,546.0,561.0,545.0,555.0,1.65,114862.0,390.6,295.0
SANIMA,3/28/2017,555.0,577.0,555.0,565.0,1.8,134446.0,390.6,295.0
SANIMA,3/29/2017,565.0,579.0,558.0,560.0,-0.88,170345.0,390.6,295.0
SANIMA,3/30/2017,560.0,575.0,557.0,574.0,2.5,399541.0,390.6,295.0
SANIMA,4/3/2017,465.0,511.0,474.0,506.0,-11.85,135845.0,390.6,295.0
SANIMA,4/4/2017,506.0,511.0,490.0,500.0,-1.19,61848.0,390.6,295.0
SANIMA,4/6/2017,500.0,510.0,486.0,493.0,-1.4,43141.0,390.6,295.0
SANIMA,4/9/2017,493.0,504.0,478.0,480.0,-2.64,56487.0,390.6,295.0
SANIMA,4/10/2017,480.0,487.0,474.0,482.0,0.42,101435.0,390.6,295.0
SANIMA,4/11/2017,482.0,508.0,482.0,492.0,2.07,60139.0,390.6,295.0
SANIMA,4/12/2017,492.0,510.0,480.0,480.0,-2.44,47419.0,390.6,295.0
SANIMA,4/13/2017,480.0,489.0,471.0,476.0,-0.83,56961.0,390.6,295.0
SANIMA,4/16/2017,476.0,483.0,463.0,474.0,-0.42,36674.0,390.6,295.0
SANIMA,4/18/2017,474.0,470.0,450.0,458.0,-3.38,156152.0,390.6,295.0
SANIMA,4/19/2017,458.0,472.0,455.0,472.0,3.06,88741.0,390.6,295.0
SANIMA,4/20/2017,472.0,499.0,468.0,477.0,1.06,89029.0,390.6,295.0
SANIMA,4/23/2017,477.0,507.0,485.0,489.0,2.52,69138.0,390.6,295.0
SANIMA,4/24/2017,489.0,498.0,480.0,485.0,-0.82,31185.0,390.6,295.0
SANIMA,4/25/2017,485.0,487.0,480.0,484.0,-0.21,35169.0,390.6,295.0
SANIMA,4/26/2017,484.0,489.0,480.0,481.0,-0.62,16731.0,390.6,295.0
SANIMA,4/27/2017,481.0,480.0,470.0,477.0,-0.83,26564.0,390.6,295.0
SANIMA,4/30/2017,477.0,490.0,468.0,474.0,-0.63,15070.0,390.6,295.0
SANIMA,5/2/2017,474.0,479.0,461.0,466.0,-1.69,13543.0,390.6,295.0
SANIMA,5/3/2017,466.0,482.0,465.0,470.0,0.86,31441.0,390.6,295.0
SANIMA,5/4/2017,470.0,475.0,460.0,464.0,-1.28,20701.0,390.6,295.0
SANIMA,5/7/2017,464.0,465.0,457.0,460.0,-0.86,18238.0,390.6,295.0
SANIMA,5/8/2017,460.0,468.0,451.0,460.0,0.0,12400.0,390.6,295.0
SANIMA,5/9/2017,460.0,466.0,456.0,462.0,0.43,22112.0,390.6,295.0
SANIMA,5/11/2017,462.0,465.0,460.0,465.0,0.65,44973.0,390.6,295.0
SANIMA,5/15/2017,465.0,474.0,456.0,461.0,-0.86,38099.0,390.6,295.0
SANIMA,5/16/2017,461.0,465.0,461.0,461.0,0.0,28031.0,390.6,295.0
SANIMA,5/17/2017,461.0,470.0,459.0,461.0,0.0,27082.0,390.6,295.0
SANIMA,5/18/2017,461.0,465.0,460.0,465.0,0.87,23822.0,390.6,295.0
SANIMA,5/21/2017,465.0,468.0,455.0,456.0,-1.94,17366.0,390.6,295.0
SANIMA,5/22/2017,456.0,460.0,451.0,452.0,-0.88,16719.0,390.6,295.0
SANIMA,5/23/2017,452.0,465.0,451.0,459.0,1.55,17686.0,390.6,295.0
SANIMA,5/24/2017,459.0,460.0,455.0,458.0,-0.22,19680.0,390.6,295.0
SANIMA,5/28/2017,458.0,457.0,450.0,451.0,-1.53,28501.0,390.6,295.0
SANIMA,5/30/2017,451.0,453.0,440.0,444.0,-1.55,23797.0,390.6,295.0
SANIMA,5/31/2017,444.0,455.0,440.0,450.0,1.35,30025.0,390.6,295.0
SANIMA,6/1/2017,450.0,458.0,450.0,452.0,0.44,22966.0,390.6,295.0
SANIMA,6/4/2017,452.0,452.0,446.0,451.0,-0.22,23882.0,390.6,295.0
SANIMA,6/5/2017,451.0,455.0,445.0,455.0,0.89,55375.0,390.6,295.0
SANIMA,6/6/2017,455.0,464.0,456.0,464.0,1.98,36744.0,390.6,295.0
SANIMA,6/7/2017,464.0,473.0,456.0,458.0,-1.29,25396.0,390.6,295.0
SANIMA,6/8/2017,458.0,457.0,449.0,453.0,-1.09,10451.0,390.6,295.0
SANIMA,6/11/2017,453.0,450.0,440.0,443.0,-2.21,19629.0,390.6,295.0
SANIMA,6/12/2017,443.0,450.0,435.0,442.0,-0.23,23250.0,390.6,295.0
SANIMA,6/13/2017,442.0,445.0,436.0,441.0,-0.23,20989.0,390.6,295.0
SANIMA,6/14/2017,441.0,449.0,440.0,443.0,0.45,22046.0,390.6,295.0
SANIMA,6/15/2017,443.0,455.0,441.0,444.0,0.23,12239.0,390.6,295.0
SANIMA,6/18/2017,444.0,448.0,437.0,440.0,-0.9,16272.0,390.6,295.0
SANIMA,6/19/2017,440.0,440.0,427.0,433.0,-1.59,10177.0,390.6,295.0
SANIMA,6/20/2017,433.0,440.0,426.0,431.0,-0.46,25219.0,390.6,295.0
SANIMA,6/21/2017,431.0,435.0,425.0,425.0,-1.39,32338.0,390.6,295.0
SANIMA,6/22/2017,425.0,432.0,425.0,425.0,0.0,24475.0,390.6,295.0
SANIMA,6/25/2017,425.0,434.0,427.0,427.0,0.47,28842.0,390.6,295.0
SANIMA,6/27/2017,427.0,430.0,424.0,424.0,-0.7,37139.0,390.6,295.0
SANIMA,6/28/2017,424.0,427.0,422.0,424.0,0.0,25500.0,390.6,295.0
SANIMA,7/2/2017,424.0,426.0,418.0,420.0,-0.94,17291.0,390.6,295.0
SANIMA,7/3/2017,420.0,421.0,412.0,415.0,-1.19,56263.0,390.6,295.0
SANIMA,7/4/2017,415.0,418.0,413.0,415.0,0.0,32888.0,390.6,295.0
SANIMA,7/5/2017,415.0,420.0,414.0,416.0,0.24,90322.0,390.6,295.0
SANIMA,7/6/2017,416.0,428.0,418.0,427.0,2.64,105972.0,390.6,295.0
SANIMA,7/9/2017,427.0,449.0,420.0,436.0,2.11,90187.0,390.6,295.0
SANIMA,7/10/2017,436.0,438.0,429.0,431.0,-1.15,57427.0,390.6,295.0
SANIMA,7/11/2017,431.0,438.0,427.0,435.0,0.93,26412.0,390.6,295.0
SANIMA,7/12/2017,435.0,438.0,432.0,432.0,-0.69,42722.0,390.6,295.0
SANIMA,7/13/2017,432.0,436.0,430.0,431.0,-0.23,53308.0,390.6,295.0
SANIMA,7/16/2017,431.0,433.0,426.0,429.0,-0.46,55620.0,390.6,295.0
SANIMA,7/17/2017,429.0,438.0,429.0,436.0,1.63,71820.0,390.6,295.0
SANIMA,7/18/2017,436.0,450.0,438.0,445.0,2.06,39750.0,390.6,295.0
SANIMA,7/19/2017,445.0,449.0,439.0,440.0,-1.12,66641.0,390.6,295.0
SANIMA,7/20/2017,440.0,444.0,435.0,435.0,-1.14,49455.0,390.6,295.0
SANIMA,7/23/2017,435.0,437.0,426.0,430.0,-1.15,43466.0,390.6,295.0
SANIMA,7/24/2017,430.0,433.0,423.0,425.0,-1.16,65363.0,390.6,295.0
SANIMA,7/25/2017,425.0,434.0,426.0,426.0,0.24,29042.0,390.6,295.0
SANIMA,7/26/2017,426.0,437.0,424.0,425.0,-0.23,47492.0,390.6,295.0
SANIMA,7/27/2017,425.0,430.0,423.0,425.0,0.0,53843.0,390.6,295.0
SANIMA,7/30/2017,425.0,431.0,420.0,421.0,-0.94,74872.0,390.6,295.0
SANIMA,7/31/2017,421.0,428.0,420.0,423.0,0.48,107368.0,390.6,295.0
SANIMA,8/1/2017,423.0,430.0,424.0,425.0,0.47,49762.0,390.6,295.0
SANIMA,8/2/2017,425.0,430.0,423.0,425.0,0.0,48572.0,390.6,295.0
SANIMA,8/3/2017,425.0,430.0,419.0,419.0,-1.41,111775.0,390.6,295.0
SANIMA,8/6/2017,419.0,430.0,422.0,425.0,1.43,34578.0,390.6,295.0
SANIMA,8/7/2017,425.0,430.0,423.0,424.0,-0.24,29097.0,390.6,295.0
SANIMA,8/9/2017,424.0,429.0,422.0,424.0,0.0,26104.0,390.6,295.0
SANIMA,8/10/2017,424.0,426.0,420.0,421.0,-0.71,24557.0,390.6,295.0
SANIMA,8/13/2017,421.0,426.0,417.0,418.0,-0.71,40356.0,390.6,295.0
SANIMA,8/15/2017,418.0,419.0,411.0,412.0,-1.44,39899.0,390.6,295.0
SANIMA,8/16/2017,412.0,419.0,412.0,418.0,1.46,22872.0,390.6,295.0
SANIMA,8/17/2017,418.0,420.0,413.0,414.0,-0.96,23979.0,390.6,295.0
SANIMA,8/20/2017,414.0,419.0,408.0,414.0,0.0,21694.0,390.6,295.0
SANIMA,8/21/2017,414.0,415.0,410.0,410.0,-0.97,19866.0,390.6,295.0
SANIMA,8/22/2017,410.0,416.0,410.0,412.0,0.49,24959.0,390.6,295.0
SANIMA,8/23/2017,412.0,413.0,410.0,412.0,0.0,25413.0,390.6,295.0
SANIMA,8/24/2017,412.0,414.0,410.0,413.0,0.24,27537.0,390.6,295.0
SANIMA,8/27/2017,413.0,416.0,410.0,411.0,-0.48,21655.0,390.6,295.0
SANIMA,8/28/2017,411.0,415.0,408.0,408.0,-0.73,29979.0,390.6,295.0
SANIMA,8/30/2017,408.0,410.0,400.0,404.0,-0.98,41385.0,390.6,295.0
SANIMA,8/31/2017,404.0,406.0,397.0,397.0,-1.73,38096.0,390.6,295.0
SANIMA,9/4/2017,397.0,404.0,392.0,396.0,-0.25,47944.0,390.6,295.0
SANIMA,9/6/2017,396.0,411.0,393.0,397.0,0.25,48089.0,390.6,295.0
SANIMA,9/7/2017,397.0,400.0,395.0,396.0,-0.25,34211.0,390.6,295.0
SANIMA,9/10/2017,396.0,396.0,385.0,386.0,-2.53,39840.0,390.6,295.0
SANIMA,9/11/2017,386.0,400.0,384.0,394.0,2.07,30609.0,390.6,295.0
SANIMA,9/12/2017,394.0,400.0,383.0,389.0,-1.27,48834.0,390.6,295.0
SANIMA,9/13/2017,389.0,394.0,386.0,389.0,0.0,28759.0,390.6,295.0
SANIMA,9/14/2017,389.0,399.0,389.0,398.0,2.31,45904.0,390.6,295.0
SANIMA,9/17/2017,398.0,406.0,395.0,400.0,0.5,35581.0,390.6,295.0
SANIMA,9/18/2017,400.0,406.0,400.0,403.0,0.75,36238.0,390.6,295.0
SANIMA,9/20/2017,403.0,403.0,395.0,395.0,-1.99,105097.0,390.6,295.0
SANIMA,9/24/2017,341.0,340.0,330.0,335.0,-15.19,16267.0,390.6,295.0
SANIMA,9/25/2017,335.0,341.0,337.0,341.0,1.79,16245.0,390.6,295.0
SANIMA,9/26/2017,341.0,350.0,342.0,342.0,0.29,14099.0,390.6,295.0
SANIMA,10/3/2017,342.0,348.0,336.0,344.0,0.58,3995.0,390.6,295.0
SANIMA,10/4/2017,344.0,349.0,340.0,340.0,-1.16,11369.0,390.6,295.0
SANIMA,10/8/2017,340.0,339.0,326.0,329.0,-3.24,17336.0,390.6,295.0
SANIMA,10/9/2017,329.0,334.0,326.0,331.0,0.61,17558.0,390.6,295.0
SANIMA,10/10/2017,331.0,333.0,327.0,330.0,-0.3,24353.0,390.6,295.0
SANIMA,10/11/2017,330.0,336.0,328.0,330.0,0.0,9574.0,390.6,295.0
SANIMA,10/12/2017,330.0,338.0,332.0,336.0,1.82,20960.0,390.6,295.0
SANIMA,10/15/2017,336.0,345.0,336.0,342.0,1.79,14109.0,390.6,295.0
SANIMA,10/16/2017,342.0,351.0,345.0,350.0,2.34,23316.0,390.6,295.0
SANIMA,10/17/2017,350.0,360.0,347.0,347.0,-0.86,23274.0,390.6,295.0
SANIMA,10/18/2017,347.0,356.0,345.0,355.0,2.31,18260.0,390.6,295.0
SANIMA,10/22/2017,355.0,363.0,356.0,358.0,0.85,17955.0,390.6,295.0
SANIMA,10/23/2017,358.0,364.0,355.0,363.0,1.4,16357.0,390.6,295.0
SANIMA,10/24/2017,363.0,363.0,356.0,359.0,-1.1,11554.0,390.6,295.0
SANIMA,10/25/2017,359.0,362.0,353.0,357.0,-0.56,19747.0,390.6,295.0
SANIMA,10/29/2017,357.0,350.0,345.0,345.0,-3.36,14343.0,390.6,295.0
SANIMA,10/30/2017,345.0,347.0,342.0,347.0,0.58,11596.0,390.6,295.0
SANIMA,10/31/2017,347.0,352.0,342.0,344.0,-0.86,16816.0,390.6,295.0
SANIMA,11/1/2017,344.0,346.0,341.0,345.0,0.29,12955.0,390.6,295.0
SANIMA,11/2/2017,345.0,347.0,336.0,344.0,-0.29,28474.0,390.6,295.0
SANIMA,11/5/2017,344.0,342.0,338.0,341.0,-0.87,13676.0,390.6,295.0
SANIMA,11/6/2017,341.0,344.0,335.0,341.0,0.0,21217.0,390.6,295.0
SANIMA,11/7/2017,341.0,348.0,336.0,341.0,0.0,20463.0,390.6,295.0
SANIMA,11/8/2017,341.0,340.0,333.0,339.0,-0.59,22962.0,390.6,295.0
SANIMA,11/9/2017,339.0,347.0,334.0,339.0,0.0,16045.0,390.6,295.0
SANIMA,11/12/2017,339.0,344.0,335.0,343.0,1.18,16380.0,390.6,295.0
SANIMA,11/13/2017,343.0,350.0,341.0,349.0,1.75,24579.0,390.6,295.0
SANIMA,11/14/2017,349.0,363.0,349.0,355.0,1.72,39346.0,390.6,295.0
SANIMA,11/15/2017,355.0,360.0,350.0,353.0,-0.56,26352.0,390.6,295.0
SANIMA,11/16/2017,353.0,353.0,346.0,350.0,-0.85,10049.0,390.6,295.0
SANIMA,11/19/2017,350.0,347.0,343.0,347.0,-0.86,13916.0,390.6,295.0
SANIMA,11/20/2017,347.0,348.0,343.0,347.0,0.0,10819.0,390.6,295.0
SANIMA,11/21/2017,347.0,350.0,345.0,350.0,0.86,11098.0,390.6,295.0
SANIMA,11/22/2017,350.0,352.0,347.0,350.0,0.0,14554.0,390.6,295.0
SANIMA,11/23/2017,350.0,355.0,351.0,353.0,0.86,14310.0,390.6,295.0
SANIMA,11/26/2017,353.0,361.0,354.0,360.0,1.98,28161.0,390.6,295.0
SANIMA,11/27/2017,360.0,362.0,357.0,360.0,0.0,14247.0,390.6,295.0
SANIMA,11/28/2017,360.0,362.0,357.0,360.0,0.0,16602.0,390.6,295.0
SANIMA,11/29/2017,360.0,369.0,358.0,365.0,1.39,38719.0,390.6,295.0
SANIMA,11/30/2017,365.0,368.0,360.0,363.0,-0.55,18168.0,390.6,295.0
SANIMA,12/4/2017,363.0,365.0,356.0,356.0,-1.93,17321.0,390.6,295.0
SANIMA,12/5/2017,356.0,359.0,349.0,350.0,-1.69,36473.0,390.6,295.0
SANIMA,12/6/2017,350.0,358.0,353.0,358.0,2.29,20474.0,390.6,295.0
SANIMA,12/10/2017,358.0,365.0,353.0,354.0,-1.12,17385.0,390.6,295.0
SANIMA,12/11/2017,354.0,356.0,350.0,353.0,-0.28,19073.0,390.6,295.0
SANIMA,12/12/2017,353.0,351.0,347.0,350.0,-0.85,19112.0,390.6,295.0
SANIMA,12/13/2017,350.0,354.0,345.0,354.0,1.14,13066.0,390.6,295.0
SANIMA,12/14/2017,354.0,356.0,353.0,354.0,0.0,4863.0,390.6,295.0
SANIMA,12/17/2017,354.0,355.0,347.0,355.0,0.28,19454.0,390.6,295.0
SANIMA,12/18/2017,355.0,356.0,351.0,351.0,-1.13,8268.0,390.6,295.0
SANIMA,12/19/2017,351.0,351.0,347.0,350.0,-0.28,17853.0,390.6,295.0
SANIMA,12/20/2017,350.0,351.0,346.0,349.0,-0.29,12178.0,390.6,295.0
SANIMA,12/21/2017,349.0,350.0,343.0,346.0,-0.86,18321.0,390.6,295.0
SANIMA,12/24/2017,346.0,349.0,344.0,347.0,0.29,18512.0,390.6,295.0
SANIMA,12/26/2017,347.0,347.0,341.0,342.0,-1.44,10392.0,390.6,295.0
SANIMA,12/27/2017,342.0,348.0,333.0,342.0,0.0,27169.0,390.6,295.0
SANIMA,12/28/2017,342.0,344.0,334.0,339.0,-0.88,14286.0,390.6,295.0
SANIMA,12/31/2017,339.0,339.0,331.0,334.0,-1.47,29254.0,390.6,295.0
SANIMA,1/1/2018,334.0,345.0,335.0,342.0,2.4,30676.0,390.6,295.0
SANIMA,1/2/2018,342.0,353.0,341.0,342.0,0.0,18393.0,390.6,295.0
SANIMA,1/3/2018,342.0,345.0,336.0,338.0,-1.17,19727.0,390.6,295.0
SANIMA,1/4/2018,338.0,341.0,336.0,340.0,0.59,16611.0,390.6,295.0
SANIMA,1/7/2018,340.0,342.0,337.0,340.0,0.0,12668.0,390.6,295.0
SANIMA,1/8/2018,340.0,345.0,340.0,343.0,0.88,13945.0,390.6,295.0
SANIMA,1/9/2018,343.0,348.0,343.0,344.0,0.29,12904.0,390.6,295.0
SANIMA,1/10/2018,344.0,350.0,340.0,342.0,-0.58,8175.0,390.6,295.0
SANIMA,1/14/2018,342.0,344.0,339.0,340.0,-0.58,9223.0,390.6,295.0
SANIMA,1/16/2018,340.0,342.0,337.0,340.0,0.0,15887.0,390.6,295.0
SANIMA,1/17/2018,340.0,340.0,334.0,337.0,-0.88,25651.0,390.6,295.0
SANIMA,1/21/2018,337.0,341.0,335.0,336.0,-0.3,35130.0,390.6,295.0
SANIMA,1/22/2018,336.0,339.0,335.0,338.0,0.6,24922.0,390.6,295.0
SANIMA,1/23/2018,338.0,342.0,330.0,333.0,-1.48,38321.0,390.6,295.0
SANIMA,1/24/2018,333.0,345.0,334.0,337.0,1.2,15098.0,390.6,295.0
SANIMA,1/25/2018,337.0,343.0,337.0,342.0,1.48,17164.0,390.6,295.0
SANIMA,1/28/2018,342.0,348.0,341.0,343.0,0.29,21344.0,390.6,295.0
SANIMA,1/29/2018,343.0,345.0,341.0,344.0,0.29,28092.0,390.6,295.0
SANIMA,1/31/2018,344.0,350.0,343.0,346.0,0.58,21620.0,390.6,295.0
SANIMA,2/1/2018,346.0,353.0,347.0,353.0,2.02,43451.0,390.6,295.0
SANIMA,2/4/2018,353.0,359.0,354.0,354.0,0.28,43212.0,390.6,295.0
SANIMA,2/5/2018,354.0,359.0,350.0,350.0,-1.13,22217.0,390.6,295.0
SANIMA,2/6/2018,350.0,355.0,348.0,349.0,-0.29,21691.0,390.6,295.0
SANIMA,2/7/2018,349.0,350.0,345.0,348.0,-0.29,11533.0,390.6,295.0
SANIMA,2/8/2018,348.0,352.0,346.0,350.0,0.57,19226.0,390.6,295.0
SANIMA,2/11/2018,350.0,353.0,350.0,352.0,0.57,17143.0,390.6,295.0
SANIMA,2/12/2018,352.0,353.0,350.0,350.0,-0.57,22681.0,390.6,295.0
SANIMA,2/14/2018,350.0,355.0,349.0,354.0,1.14,20094.0,390.6,295.0
SANIMA,2/15/2018,354.0,370.0,354.0,370.0,4.52,66666.0,390.6,295.0
SANIMA,2/18/2018,377.0,380.0,365.0,369.0,-0.27,73597.0,390.6,295.0
SANIMA,2/20/2018,376.0,376.0,364.0,364.0,-1.36,47687.0,390.6,295.0
SANIMA,2/21/2018,362.0,365.0,356.0,364.0,0.0,23486.0,390.6,295.0
SANIMA,2/22/2018,370.0,370.0,360.0,366.0,0.55,19317.0,390.6,295.0
SANIMA,2/25/2018,367.0,367.0,361.0,364.0,-0.55,12668.0,390.6,295.0
SANIMA,2/26/2018,371.0,371.0,357.0,361.0,-0.82,16957.0,390.6,295.0
SANIMA,2/27/2018,361.0,367.0,359.0,361.0,0.0,19462.0,390.6,295.0
SANIMA,2/28/2018,363.0,364.0,356.0,360.0,-0.28,32087.0,390.6,295.0
SANIMA,3/4/2018,357.0,357.0,344.0,350.0,-2.78,51360.0,390.6,295.0
SANIMA,3/5/2018,354.0,355.0,343.0,348.0,-0.57,34253.0,390.6,295.0
SANIMA,3/6/2018,348.0,356.0,344.0,355.0,2.01,62630.0,390.6,295.0
SANIMA,3/7/2018,349.0,360.0,346.0,359.0,1.13,52273.0,390.6,295.0
SANIMA,3/11/2018,362.0,362.0,347.0,355.0,-1.11,27024.0,390.6,295.0
SANIMA,3/12/2018,350.0,358.0,345.0,353.0,-0.56,30599.0,390.6,295.0
SANIMA,3/13/2018,357.0,357.0,349.0,355.0,0.57,19296.0,390.6,295.0
SANIMA,3/14/2018,355.0,358.0,354.0,356.0,0.28,14924.0,390.6,295.0
SANIMA,3/15/2018,355.0,358.0,355.0,356.0,0.0,16648.0,390.6,295.0
SANIMA,3/18/2018,356.0,358.0,352.0,353.0,-0.84,23840.0,390.6,295.0
SANIMA,3/19/2018,354.0,355.0,350.0,350.0,-0.85,18710.0,390.6,295.0
SANIMA,3/20/2018,350.0,350.0,347.0,349.0,-0.29,26965.0,390.6,295.0
SANIMA,3/21/2018,350.0,350.0,340.0,340.0,-2.58,46876.0,390.6,295.0
SANIMA,3/22/2018,335.0,349.0,335.0,344.0,1.18,50212.0,390.6,295.0
SANIMA,3/26/2018,343.0,343.0,331.0,335.0,-2.62,33506.0,390.6,295.0
SANIMA,3/27/2018,335.0,353.0,324.0,345.0,2.99,44872.0,390.6,295.0
SANIMA,3/28/2018,350.0,350.0,333.0,345.0,0.0,47596.0,390.6,295.0
SANIMA,3/29/2018,350.0,350.0,345.0,348.0,0.87,34262.0,390.6,295.0
SANIMA,4/1/2018,345.0,346.0,334.0,342.0,-1.72,25035.0,390.6,295.0
SANIMA,4/2/2018,345.0,345.0,341.0,344.0,0.58,14789.0,390.6,295.0
SANIMA,4/3/2018,342.0,349.0,342.0,348.0,1.16,15213.0,390.6,295.0
SANIMA,4/4/2018,349.0,355.0,347.0,355.0,2.01,35173.0,390.6,295.0
SANIMA,4/5/2018,359.0,359.0,352.0,358.0,0.85,39733.0,390.6,295.0
SANIMA,4/8/2018,363.0,366.0,355.0,363.0,1.4,64145.0,390.6,295.0
SANIMA,4/9/2018,368.0,368.0,358.0,360.0,-0.83,50098.0,390.6,295.0
SANIMA,4/10/2018,358.0,361.0,354.0,357.0,-0.83,16118.0,390.6,295.0
SANIMA,4/11/2018,359.0,361.0,355.0,361.0,1.12,12345.0,390.6,295.0
SANIMA,4/12/2018,362.0,362.0,357.0,358.0,-0.83,16659.0,390.6,295.0
SANIMA,4/15/2018,358.0,358.0,348.0,354.0,-1.12,21396.0,390.6,295.0
SANIMA,4/16/2018,355.0,358.0,355.0,356.0,0.56,17877.0,390.6,295.0
SANIMA,4/17/2018,360.0,362.0,355.0,357.0,0.28,29872.0,390.6,295.0
SANIMA,4/18/2018,355.0,380.0,355.0,369.0,3.36,74759.0,390.6,295.0
SANIMA,4/19/2018,376.0,378.0,370.0,371.0,0.54,84112.0,390.6,295.0
SANIMA,4/22/2018,378.0,385.0,375.0,381.0,2.7,99494.0,390.6,295.0
SANIMA,4/23/2018,384.0,386.0,370.0,373.0,-2.1,97264.0,390.6,295.0
SANIMA,4/24/2018,370.0,377.0,367.0,367.0,-1.61,25920.0,390.6,295.0
SANIMA,4/25/2018,366.0,369.0,364.0,365.0,-0.54,19616.0,390.6,295.0
SANIMA,4/26/2018,365.0,367.0,357.0,359.0,-1.64,24999.0,390.6,295.0
SANIMA,4/29/2018,360.0,362.0,355.0,360.0,0.28,21916.0,390.6,295.0
SANIMA,5/2/2018,359.0,359.0,355.0,359.0,-0.28,15350.0,390.6,295.0
SANIMA,5/3/2018,360.0,366.0,358.0,358.0,-0.28,18266.0,390.6,295.0
SANIMA,5/6/2018,358.0,360.0,355.0,356.0,-0.56,12031.0,390.6,295.0
SANIMA,5/7/2018,351.0,356.0,351.0,354.0,-0.56,18510.0,390.6,295.0
SANIMA,5/8/2018,355.0,359.0,355.0,357.0,0.85,13841.0,390.6,295.0
SANIMA,5/9/2018,355.0,362.0,355.0,357.0,0.0,16201.0,390.6,295.0
SANIMA,5/10/2018,360.0,360.0,356.0,357.0,0.0,20130.0,390.6,295.0
SANIMA,5/14/2018,355.0,359.0,355.0,356.0,-0.28,32224.0,390.6,295.0
SANIMA,5/15/2018,358.0,358.0,353.0,355.0,-0.28,8053.0,390.6,295.0
SANIMA,5/16/2018,355.0,356.0,351.0,351.0,-1.13,11233.0,390.6,295.0
SANIMA,5/17/2018,353.0,357.0,352.0,352.0,0.28,6912.0,390.6,295.0
SANIMA,5/20/2018,358.0,358.0,352.0,353.0,0.28,7499.0,390.6,295.0
SANIMA,5/21/2018,357.0,357.0,352.0,352.0,-0.28,5605.0,390.6,295.0
SANIMA,5/22/2018,354.0,355.0,352.0,353.0,0.28,4516.0,390.6,295.0
SANIMA,5/23/2018,350.0,350.0,347.0,348.0,-1.42,13623.0,390.6,295.0
SANIMA,5/24/2018,347.0,351.0,347.0,348.0,0.0,16466.0,390.6,295.0
SANIMA,5/27/2018,348.0,350.0,343.0,344.0,-1.15,13120.0,390.6,295.0
SANIMA,5/28/2018,342.0,354.0,342.0,354.0,2.91,14440.0,390.6,295.0
SANIMA,5/29/2018,355.0,355.0,351.0,355.0,0.28,12031.0,390.6,295.0
SANIMA,5/30/2018,360.0,360.0,350.0,353.0,-0.56,10101.0,390.6,295.0
SANIMA,5/31/2018,351.0,351.0,347.0,347.0,-1.7,4482.0,390.6,295.0
SANIMA,6/3/2018,343.0,350.0,335.0,338.0,-2.59,15111.0,390.6,295.0
SANIMA,6/4/2018,333.0,340.0,332.0,332.0,-1.78,30425.0,390.6,295.0
SANIMA,6/6/2018,338.0,344.0,334.0,334.0,0.6,8886.0,390.6,295.0
SANIMA,6/7/2018,340.0,340.0,333.0,335.0,0.3,41372.0,390.6,295.0
SANIMA,6/10/2018,331.0,335.0,330.0,331.0,-1.19,28950.0,390.6,295.0
SANIMA,6/11/2018,330.0,343.0,326.0,333.0,0.6,13560.0,390.6,295.0
SANIMA,6/12/2018,333.0,342.0,330.0,338.0,1.5,18085.0,390.6,295.0
SANIMA,6/13/2018,335.0,337.0,332.0,334.0,-1.18,11003.0,390.6,295.0
SANIMA,6/14/2018,336.0,338.0,333.0,334.0,0.0,8538.0,390.6,295.0
SANIMA,6/17/2018,335.0,335.0,328.0,332.0,-0.6,9313.0,390.6,295.0
SANIMA,6/18/2018,329.0,331.0,328.0,331.0,-0.3,10143.0,390.6,295.0
SANIMA,6/19/2018,331.0,335.0,326.0,335.0,1.21,7389.0,390.6,295.0
SANIMA,6/20/2018,336.0,336.0,327.0,327.0,-2.39,11274.0,390.6,295.0
SANIMA,6/21/2018,327.0,333.0,323.0,325.0,-0.61,11942.0,390.6,295.0
SANIMA,6/24/2018,326.0,332.0,326.0,330.0,1.54,5753.0,390.6,295.0
SANIMA,6/25/2018,326.0,330.0,325.0,330.0,0.0,11179.0,390.6,295.0
SANIMA,6/26/2018,327.0,327.0,324.0,325.0,-1.52,18251.0,390.6,295.0
SANIMA,6/27/2018,325.0,329.0,325.0,327.0,0.62,9146.0,390.6,295.0
SANIMA,6/28/2018,327.0,329.0,324.0,327.0,0.0,12535.0,390.6,295.0
SANIMA,7/1/2018,325.0,325.0,319.0,321.0,-1.83,10505.0,390.6,295.0
SANIMA,7/2/2018,318.0,323.0,317.0,320.0,-0.31,8179.0,390.6,295.0
SANIMA,7/3/2018,320.0,323.0,319.0,323.0,0.94,12132.0,390.6,295.0
SANIMA,7/4/2018,323.0,329.0,322.0,322.0,-0.31,6209.0,390.6,295.0
SANIMA,7/5/2018,326.0,335.0,325.0,335.0,4.04,37106.0,390.6,295.0
SANIMA,7/8/2018,335.0,338.0,330.0,337.0,0.6,14605.0,390.6,295.0
SANIMA,7/9/2018,336.0,336.0,323.0,328.0,-2.67,15661.0,390.6,295.0
SANIMA,7/10/2018,330.0,333.0,327.0,329.0,0.3,10309.0,390.6,295.0
SANIMA,7/11/2018,330.0,333.0,324.0,324.0,-1.52,10168.0,390.6,295.0
SANIMA,7/12/2018,330.0,330.0,320.0,324.0,0.0,21936.0,390.6,295.0
SANIMA,7/15/2018,329.0,329.0,319.0,320.0,-1.23,14194.0,390.6,295.0
SANIMA,7/16/2018,323.0,326.0,323.0,324.0,1.25,8287.0,390.6,295.0
SANIMA,7/17/2018,323.0,330.0,323.0,327.0,0.93,8251.0,390.6,295.0
SANIMA,7/18/2018,325.0,326.0,320.0,323.0,-1.22,7870.0,390.6,295.0
SANIMA,7/19/2018,324.0,324.0,320.0,320.0,-0.93,10523.0,390.6,295.0
SANIMA,7/22/2018,320.0,320.0,313.0,315.0,-1.56,15957.0,390.6,295.0
SANIMA,7/23/2018,318.0,321.0,316.0,316.0,0.32,11435.0,390.6,295.0
SANIMA,7/24/2018,320.0,324.0,315.0,318.0,0.63,22877.0,390.6,295.0
SANIMA,7/25/2018,317.0,319.0,312.0,312.0,-1.89,19857.0,390.6,295.0
SANIMA,7/26/2018,312.0,315.0,312.0,312.0,0.0,16463.0,390.6,295.0
SANIMA,7/29/2018,316.0,318.0,315.0,315.0,0.96,7489.0,390.6,295.0
SANIMA,7/30/2018,319.0,320.0,315.0,315.0,0.0,10656.0,390.6,295.0
SANIMA,7/31/2018,317.0,317.0,313.0,313.0,-0.63,14735.0,390.6,295.0
SANIMA,8/1/2018,314.0,316.0,313.0,314.0,0.32,9143.0,390.6,295.0
SANIMA,8/2/2018,316.0,317.0,315.0,316.0,0.64,5989.0,390.6,295.0
SANIMA,8/5/2018,318.0,318.0,315.0,315.0,-0.32,8208.0,390.6,295.0
SANIMA,8/6/2018,317.0,318.0,315.0,317.0,0.63,6266.0,390.6,295.0
SANIMA,8/7/2018,316.0,319.0,312.0,312.0,-1.58,19669.0,390.6,295.0
SANIMA,8/8/2018,315.0,315.0,312.0,313.0,0.32,8244.0,390.6,295.0
SANIMA,8/9/2018,313.0,315.0,312.0,313.0,0.0,7930.0,390.6,295.0
SANIMA,8/12/2018,311.0,313.0,305.0,305.0,-2.56,14461.0,390.6,295.0
SANIMA,8/13/2018,306.0,311.0,305.0,309.0,1.31,14533.0,390.6,295.0
SANIMA,8/14/2018,315.0,317.0,307.0,315.0,1.94,8736.0,390.6,295.0
SANIMA,8/15/2018,316.0,324.0,314.0,321.0,1.9,13311.0,390.6,295.0
SANIMA,8/16/2018,325.0,325.0,316.0,320.0,-0.31,16746.0,390.6,295.0
SANIMA,8/19/2018,320.0,322.0,315.0,315.0,-1.56,8080.0,390.6,295.0
SANIMA,8/20/2018,315.0,316.0,312.0,314.0,-0.32,5723.0,390.6,295.0
SANIMA,8/21/2018,315.0,316.0,312.0,314.0,0.0,10090.0,390.6,295.0
SANIMA,8/22/2018,310.0,314.0,310.0,314.0,0.0,15782.0,390.6,295.0
SANIMA,8/23/2018,313.0,316.0,312.0,314.0,0.0,7258.0,390.6,295.0
SANIMA,8/26/2018,314.0,315.0,312.0,312.0,-0.64,6166.0,390.6,295.0
SANIMA,8/28/2018,312.0,315.0,311.0,313.0,0.32,6331.0,390.6,295.0
SANIMA,8/29/2018,313.0,316.0,313.0,314.0,0.32,6405.0,390.6,295.0
SANIMA,8/30/2018,314.0,320.0,314.0,320.0,1.91,7414.0,390.6,295.0
SANIMA,9/2/2018,321.0,328.0,317.0,326.0,1.88,17687.0,390.6,295.0
SANIMA,9/3/2018,326.0,334.0,325.0,330.0,1.23,40897.0,390.6,295.0
SANIMA,9/4/2018,332.0,334.0,328.0,330.0,0.0,20499.0,390.6,295.0
SANIMA,9/5/2018,330.0,348.0,330.0,341.0,3.33,41968.0,390.6,295.0
SANIMA,9/6/2018,342.0,344.0,332.0,336.0,-1.47,27547.0,390.6,295.0
SANIMA,9/9/2018,337.0,337.0,327.0,331.0,-1.49,28025.0,390.6,295.0
SANIMA,9/10/2018,335.0,336.0,326.0,326.0,-1.51,9850.0,390.6,295.0
SANIMA,9/11/2018,326.0,331.0,326.0,331.0,1.53,9919.0,390.6,295.0
SANIMA,9/12/2018,334.0,336.0,331.0,336.0,1.51,20507.0,390.6,295.0
SANIMA,9/13/2018,336.0,346.0,336.0,342.0,1.79,44178.0,390.6,295.0
SANIMA,9/16/2018,348.0,354.0,343.0,346.0,1.17,40448.0,390.6,295.0
SANIMA,9/17/2018,341.0,347.0,340.0,341.0,-1.45,15047.0,390.6,295.0
SANIMA,9/18/2018,341.0,344.0,337.0,341.0,0.0,12654.0,390.6,295.0
SANIMA,9/20/2018,340.0,345.0,337.0,339.0,-0.59,13511.0,390.6,295.0
SANIMA,9/23/2018,339.0,342.0,334.0,337.0,-0.59,39295.0,390.6,295.0
SANIMA,9/25/2018,340.0,355.0,339.0,351.0,4.15,119858.0,390.6,295.0
SANIMA,9/26/2018,350.0,356.0,348.0,350.0,-0.28,71111.0,390.6,295.0
SANIMA,9/27/2018,343.0,352.0,343.0,349.0,-0.29,23435.0,390.6,295.0
SANIMA,9/30/2018,346.0,350.0,340.0,344.0,-1.43,36148.0,390.6,295.0
SANIMA,10/1/2018,341.0,342.0,336.0,336.0,-2.33,14499.0,390.6,295.0
SANIMA,10/2/2018,335.0,340.0,335.0,337.0,0.3,18451.0,390.6,295.0
SANIMA,10/3/2018,338.0,338.0,330.0,330.0,-2.08,24103.0,390.6,295.0
SANIMA,10/4/2018,330.0,335.0,328.0,330.0,0.0,16248.0,390.6,295.0
SANIMA,10/7/2018,327.0,332.0,326.0,326.0,-1.21,26172.0,390.6,295.0
SANIMA,10/8/2018,330.0,331.0,326.0,329.0,0.92,30526.0,390.6,295.0
SANIMA,10/9/2018,331.0,331.0,325.0,325.0,-1.22,17703.0,390.6,295.0
SANIMA,10/10/2018,325.0,327.0,320.0,327.0,0.62,5376.0,390.6,295.0
SANIMA,10/11/2018,326.0,333.0,324.0,333.0,1.83,10817.0,390.6,295.0
SANIMA,10/14/2018,334.0,341.0,333.0,341.0,2.4,25829.0,390.6,295.0
SANIMA,10/15/2018,341.0,341.0,335.0,335.0,-1.76,26055.0,390.6,295.0
SANIMA,10/21/2018,341.0,343.0,335.0,343.0,2.39,11168.0,390.6,295.0
SANIMA,10/22/2018,340.0,342.0,339.0,341.0,-0.58,5275.0,390.6,295.0
SANIMA,10/23/2018,343.0,343.0,340.0,342.0,0.29,14538.0,390.6,295.0
SANIMA,10/24/2018,340.0,346.0,340.0,346.0,1.17,12660.0,390.6,295.0
SANIMA,10/25/2018,346.0,346.0,342.0,344.0,-0.58,12030.0,390.6,295.0
SANIMA,10/28/2018,338.0,340.0,335.0,335.0,-2.62,21843.0,390.6,295.0
SANIMA,10/29/2018,334.0,335.0,329.0,332.0,-0.9,11436.0,390.6,295.0
SANIMA,10/30/2018,330.0,337.0,330.0,337.0,1.51,10698.0,390.6,295.0
SANIMA,10/31/2018,336.0,339.0,333.0,334.0,-0.89,6072.0,390.6,295.0
SANIMA,11/1/2018,328.0,328.0,317.0,326.0,-2.4,79945.0,390.6,295.0
SANIMA,11/4/2018,325.0,325.0,321.0,321.0,-1.53,22227.0,390.6,295.0
SANIMA,11/5/2018,319.0,327.0,319.0,324.0,0.93,7386.0,390.6,295.0
SANIMA,11/6/2018,324.0,327.0,321.0,327.0,0.93,450.0,390.6,295.0
SANIMA,11/11/2018,327.0,327.0,320.0,322.0,-1.53,9311.0,390.6,295.0
SANIMA,11/12/2018,320.0,324.0,319.0,320.0,-0.62,9860.0,390.6,295.0
SANIMA,11/13/2018,323.0,329.0,320.0,328.0,2.5,11170.0,390.6,295.0
SANIMA,11/14/2018,328.0,329.0,326.0,328.0,0.0,12402.0,390.6,295.0
SANIMA,11/15/2018,327.0,329.0,326.0,327.0,-0.3,12343.0,390.6,295.0
SANIMA,11/18/2018,325.0,330.0,325.0,328.0,0.31,12183.0,390.6,295.0
SANIMA,11/19/2018,333.0,333.0,326.0,327.0,-0.3,6723.0,390.6,295.0
SANIMA,11/20/2018,323.0,327.0,321.0,325.0,-0.61,5046.0,390.6,295.0
SANIMA,11/21/2018,324.0,325.0,323.0,324.0,-0.31,13222.0,390.6,295.0
SANIMA,11/22/2018,324.0,331.0,324.0,326.0,0.62,16012.0,390.6,295.0
SANIMA,11/25/2018,330.0,330.0,323.0,323.0,-0.92,14310.0,390.6,295.0
SANIMA,11/26/2018,325.0,325.0,319.0,320.0,-0.93,16171.0,390.6,295.0
SANIMA,11/27/2018,320.0,324.0,320.0,323.0,0.94,26128.0,390.6,295.0
SANIMA,11/28/2018,324.0,324.0,322.0,322.0,-0.31,24421.0,390.6,295.0
SANIMA,11/29/2018,322.0,323.0,318.0,318.0,-1.24,61277.0,390.6,295.0
SANIMA,12/2/2018,312.0,312.0,300.0,301.0,-5.35,41563.0,390.6,295.0
SANIMA,12/3/2018,300.0,309.0,300.0,304.0,1.0,15895.0,390.6,295.0
SANIMA,12/4/2018,304.0,306.0,303.0,305.0,0.33,13610.0,390.6,295.0
SANIMA,12/5/2018,300.0,303.0,299.0,300.0,-1.64,40635.0,390.6,295.0
SANIMA,12/6/2018,299.0,300.0,295.0,299.0,-0.33,34574.0,390.6,295.0
SANIMA,12/9/2018,300.0,303.0,297.0,303.0,1.34,13144.0,390.6,295.0
SANIMA,12/10/2018,304.0,305.0,301.0,302.0,-0.33,12426.0,390.6,295.0
SANIMA,12/11/2018,302.0,303.0,300.0,301.0,-0.33,19138.0,390.6,295.0
SANIMA,12/12/2018,303.0,303.0,299.0,300.0,-0.33,2666.0,390.6,295.0
SANIMA,12/13/2018,300.0,306.0,300.0,306.0,2.0,12240.0,390.6,295.0
SANIMA,12/16/2018,310.0,310.0,304.0,308.0,0.65,19690.0,390.6,295.0
SANIMA,12/17/2018,307.0,308.0,305.0,307.0,-0.32,8291.0,390.6,295.0
SANIMA,12/18/2018,306.0,307.0,303.0,303.0,-1.3,23454.0,390.6,295.0
SANIMA,12/19/2018,303.0,306.0,303.0,303.0,0.0,10177.0,390.6,295.0
SANIMA,12/20/2018,309.0,309.0,303.0,303.0,0.0,9486.0,390.6,295.0
SANIMA,12/23/2018,309.0,321.0,308.0,315.0,3.96,44678.0,390.6,295.0
SANIMA,12/24/2018,317.0,317.0,309.0,310.0,-1.59,21474.0,390.6,295.0
SANIMA,12/25/2018,310.0,310.0,307.0,308.0,-0.65,6839.0,390.6,295.0
SANIMA,12/26/2018,310.0,317.0,310.0,316.0,2.6,23497.0,390.6,295.0
SANIMA,12/27/2018,315.0,322.0,315.0,316.0,0.0,72250.0,390.6,295.0
SANIMA,12/30/2018,314.0,317.0,312.0,312.0,-1.27,19459.0,390.6,295.0
SANIMA,12/31/2018,312.0,314.0,309.0,309.0,-0.96,8391.0,390.6,295.0
SANIMA,1/1/2019,305.0,311.0,305.0,308.0,-0.32,14587.0,390.6,295.0
SANIMA,1/2/2019,307.0,309.0,307.0,308.0,0.0,12987.0,390.6,295.0
SANIMA,1/3/2019,310.0,313.0,307.0,308.0,0.0,12597.0,390.6,295.0
SANIMA,1/6/2019,307.0,307.0,304.0,304.0,-1.3,18540.0,390.6,295.0
SANIMA,1/7/2019,305.0,308.0,305.0,306.0,0.66,20906.0,390.6,295.0
SANIMA,1/8/2019,308.0,308.0,306.0,306.0,0.0,21807.0,390.6,295.0
SANIMA,1/9/2019,306.0,309.0,305.0,309.0,0.98,24115.0,390.6,295.0
SANIMA,1/10/2019,308.0,309.0,307.0,307.0,-0.65,5533.0,390.6,295.0
SANIMA,1/13/2019,306.0,308.0,305.0,306.0,-0.33,3396.0,390.6,295.0
SANIMA,1/14/2019,305.0,307.0,304.0,304.0,-0.65,8995.0,390.6,295.0
SANIMA,1/15/2019,305.0,309.0,304.0,308.0,1.32,9509.0,390.6,295.0
SANIMA,1/16/2019,306.0,309.0,305.0,307.0,-0.32,13285.0,390.6,295.0
SANIMA,1/17/2019,306.0,306.0,304.0,306.0,-0.33,9750.0,390.6,295.0
SANIMA,1/20/2019,306.0,306.0,302.0,305.0,-0.33,2955.0,390.6,295.0
SANIMA,1/21/2019,302.0,304.0,300.0,301.0,-1.31,20017.0,390.6,295.0
SANIMA,1/22/2019,304.0,304.0,301.0,302.0,0.33,21195.0,390.6,295.0
SANIMA,1/23/2019,301.0,304.0,301.0,304.0,0.66,12572.0,390.6,295.0
SANIMA,1/24/2019,304.0,305.0,301.0,303.0,-0.33,14231.0,390.6,295.0
SANIMA,1/27/2019,302.0,304.0,301.0,301.0,-0.66,13223.0,390.6,295.0
SANIMA,1/28/2019,301.0,305.0,300.0,304.0,1.0,11580.0,390.6,295.0
SANIMA,1/29/2019,302.0,303.0,301.0,301.0,-0.99,8934.0,390.6,295.0
SANIMA,1/30/2019,302.0,303.0,301.0,301.0,0.0,5698.0,390.6,295.0
SANIMA,1/31/2019,303.0,303.0,301.0,301.0,0.0,11447.0,390.6,295.0
SANIMA,2/3/2019,304.0,304.0,299.0,300.0,-0.33,18924.0,390.6,295.0
SANIMA,2/4/2019,301.0,301.0,299.0,299.0,-0.33,25807.0,390.6,295.0
SANIMA,2/5/2019,299.0,303.0,299.0,299.0,0.0,11674.0,390.6,295.0
SANIMA,2/6/2019,300.0,301.0,298.0,300.0,0.33,9423.0,390.6,295.0
SANIMA,2/7/2019,300.0,300.0,298.0,300.0,0.0,6024.0,390.6,295.0
SANIMA,2/10/2019,301.0,301.0,297.0,297.0,-1.0,8063.0,390.6,295.0
SANIMA,2/11/2019,295.0,298.0,295.0,296.0,-0.34,12860.0,390.6,295.0
SANIMA,2/12/2019,297.0,297.0,292.0,295.0,-0.34,11336.0,390.6,295.0
SANIMA,2/13/2019,296.0,297.0,294.0,294.0,-0.34,7687.0,390.6,295.0
SANIMA,2/14/2019,293.0,295.0,291.0,291.0,-1.02,11467.0,390.6,295.0
SANIMA,2/17/2019,296.0,298.0,290.0,295.0,1.37,15478.0,390.6,295.0
SANIMA,2/18/2019,293.0,293.0,288.0,291.0,-1.36,19373.0,390.6,295.0
SANIMA,2/19/2019,291.0,294.0,290.0,293.0,0.69,13505.0,390.6,295.0
SANIMA,2/20/2019,293.0,294.0,290.0,291.0,-0.68,10335.0,390.6,295.0
SANIMA,2/21/2019,291.0,292.0,290.0,292.0,0.34,4878.0,390.6,295.0
SANIMA,2/24/2019,297.0,297.0,288.0,290.0,-0.68,6214.0,390.6,295.0
SANIMA,2/25/2019,288.0,294.0,288.0,291.0,0.34,5744.0,390.6,295.0
SANIMA,2/26/2019,286.0,291.0,286.0,291.0,0.0,9571.0,390.6,295.0
SANIMA,2/27/2019,290.0,293.0,289.0,291.0,0.0,7619.0,390.6,295.0
SANIMA,3/3/2019,291.0,295.0,289.0,291.0,0.0,13764.0,390.6,295.0
SANIMA,3/5/2019,291.0,293.0,290.0,292.0,0.34,5259.0,390.6,295.0
SANIMA,3/6/2019,291.0,295.0,288.0,293.0,0.34,13709.0,390.6,295.0
SANIMA,3/7/2019,296.0,300.0,294.0,300.0,2.39,10558.0,390.6,295.0
SANIMA,3/10/2019,298.0,301.0,296.0,300.0,0.0,5479.0,390.6,295.0
SANIMA,3/11/2019,298.0,303.0,296.0,303.0,1.0,8668.0,390.6,295.0
SANIMA,3/12/2019,303.0,310.0,302.0,304.0,0.33,9932.0,390.6,295.0
SANIMA,3/13/2019,310.0,310.0,305.0,305.0,0.33,10088.0,390.6,295.0
SANIMA,3/14/2019,307.0,309.0,303.0,306.0,0.33,11916.0,390.6,295.0
SANIMA,3/17/2019,306.0,310.0,306.0,307.0,0.33,9464.0,390.6,295.0
SANIMA,3/18/2019,306.0,307.0,294.0,298.0,-2.93,12606.0,390.6,295.0
SANIMA,3/19/2019,300.0,300.0,297.0,297.0,-0.34,2790.0,390.6,295.0
SANIMA,3/21/2019,297.0,298.0,294.0,296.0,-0.34,11916.0,390.6,295.0
SANIMA,3/24/2019,296.0,298.0,292.0,295.0,-0.34,16127.0,390.6,295.0
SANIMA,3/25/2019,295.0,300.0,295.0,297.0,0.68,11815.0,390.6,295.0
SANIMA,3/26/2019,299.0,300.0,296.0,299.0,0.67,8313.0,390.6,295.0
SANIMA,3/27/2019,300.0,302.0,298.0,302.0,1.0,11255.0,390.6,295.0
SANIMA,3/28/2019,301.0,303.0,299.0,300.0,-0.66,9134.0,390.6,295.0
SANIMA,3/31/2019,300.0,302.0,300.0,302.0,0.67,14111.0,390.6,295.0
SANIMA,4/1/2019,301.0,307.0,300.0,306.0,1.32,26242.0,390.6,295.0
SANIMA,4/2/2019,306.0,315.0,305.0,315.0,2.94,30451.0,390.6,295.0
SANIMA,4/3/2019,320.0,320.0,311.0,315.0,0.0,27919.0,390.6,295.0
SANIMA,4/4/2019,313.0,315.0,309.0,313.0,-0.63,21193.0,390.6,295.0
SANIMA,4/7/2019,307.0,328.0,307.0,323.0,3.19,32782.0,390.6,295.0
SANIMA,4/8/2019,323.0,329.0,318.0,319.0,-1.24,40656.0,390.6,295.0
SANIMA,4/9/2019,320.0,325.0,318.0,318.0,-0.31,42865.0,390.6,295.0
SANIMA,4/10/2019,320.0,322.0,318.0,319.0,0.31,23090.0,390.6,295.0
SANIMA,4/11/2019,320.0,320.0,317.0,318.0,-0.31,11956.0,390.6,295.0
SANIMA,4/15/2019,320.0,324.0,319.0,324.0,1.89,13792.0,390.6,295.0
SANIMA,4/16/2019,325.0,336.0,322.0,334.0,3.09,19447.0,390.6,295.0
SANIMA,4/17/2019,340.0,340.0,329.0,334.0,0.0,41697.0,390.6,295.0
SANIMA,4/18/2019,340.0,345.0,334.0,342.0,2.4,46681.0,390.6,295.0
SANIMA,4/21/2019,342.0,346.0,339.0,346.0,1.17,32654.0,390.6,295.0
SANIMA,4/22/2019,350.0,350.0,339.0,340.0,-1.73,33108.0,390.6,295.0
SANIMA,4/23/2019,340.0,345.0,334.0,340.0,0.0,39973.0,390.6,295.0
SANIMA,4/24/2019,340.0,354.0,339.0,351.0,3.24,34549.0,390.6,295.0
SANIMA,4/25/2019,358.0,366.0,354.0,363.0,3.42,127533.0,390.6,295.0
SANIMA,4/28/2019,366.0,370.0,358.0,361.0,-0.55,66192.0,390.6,295.0
SANIMA,4/29/2019,361.0,363.0,353.0,362.0,0.28,67429.0,390.6,295.0
SANIMA,4/30/2019,365.0,365.0,354.0,357.0,-1.38,29972.0,390.6,295.0
SANIMA,5/2/2019,355.0,358.0,352.0,355.0,-0.56,18475.0,390.6,295.0
SANIMA,5/5/2019,351.0,355.0,351.0,353.0,-0.56,21589.0,390.6,295.0
SANIMA,5/6/2019,353.0,358.0,347.0,356.0,0.85,26423.0,390.6,295.0
SANIMA,5/7/2019,360.0,363.0,358.0,360.0,1.12,29261.0,390.6,295.0
SANIMA,5/8/2019,360.0,360.0,355.0,356.0,-1.11,18957.0,390.6,295.0
SANIMA,5/9/2019,360.0,360.0,356.0,356.0,0.0,14608.0,390.6,295.0
SANIMA,5/12/2019,355.0,357.0,351.0,357.0,0.28,24333.0,390.6,295.0
SANIMA,5/13/2019,358.0,360.0,355.0,358.0,0.28,28389.0,390.6,295.0
SANIMA,5/14/2019,360.0,363.0,358.0,362.0,1.12,44888.0,390.6,295.0
SANIMA,5/15/2019,362.0,368.0,362.0,365.0,0.83,71380.0,390.6,295.0
SANIMA,5/16/2019,365.0,365.0,360.0,362.0,-0.82,19617.0,390.6,295.0
SANIMA,5/19/2019,361.0,362.0,360.0,362.0,0.0,14450.0,390.6,295.0
SANIMA,5/20/2019,362.0,363.0,359.0,360.0,-0.55,18278.0,390.6,295.0
SANIMA,5/21/2019,361.0,361.0,358.0,359.0,-0.28,13563.0,390.6,295.0
SANIMA,5/22/2019,359.0,361.0,359.0,360.0,0.28,21214.0,390.6,295.0
SANIMA,5/23/2019,362.0,362.0,356.0,358.0,-0.56,13092.0,390.6,295.0
SANIMA,5/26/2019,357.0,358.0,354.0,354.0,-1.12,13544.0,390.6,295.0
SANIMA,5/27/2019,351.0,358.0,351.0,355.0,0.28,11045.0,390.6,295.0
SANIMA,5/28/2019,354.0,357.0,353.0,357.0,0.56,8031.0,390.6,295.0
SANIMA,5/29/2019,360.0,360.0,355.0,357.0,0.0,26383.0,390.6,295.0
SANIMA,5/30/2019,365.0,371.0,358.0,359.0,0.56,56447.0,390.6,295.0
SANIMA,6/2/2019,360.0,360.0,354.0,355.0,-1.11,7596.0,390.6,295.0
SANIMA,6/3/2019,353.0,356.0,352.0,354.0,-0.28,27774.0,390.6,295.0
SANIMA,6/4/2019,355.0,358.0,351.0,353.0,-0.28,13557.0,390.6,295.0
SANIMA,6/6/2019,350.0,353.0,350.0,350.0,-0.85,16639.0,390.6,295.0
SANIMA,6/10/2019,350.0,352.0,346.0,348.0,-0.57,28978.0,390.6,295.0
SANIMA,6/11/2019,350.0,350.0,347.0,347.0,-0.29,17299.0,390.6,295.0
SANIMA,6/12/2019,348.0,349.0,345.0,347.0,0.0,8767.0,390.6,295.0
SANIMA,6/13/2019,347.0,348.0,345.0,348.0,0.29,23209.0,390.6,295.0
SANIMA,6/16/2019,350.0,350.0,344.0,345.0,-0.86,26396.0,390.6,295.0
SANIMA,6/17/2019,343.0,350.0,343.0,346.0,0.29,30072.0,390.6,295.0
SANIMA,6/18/2019,346.0,350.0,346.0,349.0,0.87,9350.0,390.6,295.0
SANIMA,6/19/2019,352.0,352.0,348.0,350.0,0.29,14398.0,390.6,295.0
SANIMA,6/20/2019,351.0,351.0,348.0,350.0,0.0,19108.0,390.6,295.0
SANIMA,6/23/2019,350.0,353.0,347.0,349.0,-0.29,16078.0,390.6,295.0
SANIMA,6/24/2019,355.0,355.0,346.0,350.0,0.29,23547.0,390.6,295.0
SANIMA,6/25/2019,349.0,351.0,348.0,350.0,0.0,20716.0,390.6,295.0
SANIMA,6/26/2019,349.0,351.0,346.0,349.0,-0.29,33161.0,390.6,295.0
SANIMA,6/27/2019,349.0,350.0,348.0,350.0,0.29,24407.0,390.6,295.0
SANIMA,6/30/2019,349.0,352.0,347.0,348.0,-0.57,19871.0,390.6,295.0
SANIMA,7/1/2019,346.0,348.0,345.0,346.0,-0.57,30701.0,390.6,295.0
SANIMA,7/2/2019,346.0,350.0,346.0,350.0,1.16,13341.0,390.6,295.0
SANIMA,7/3/2019,352.0,353.0,350.0,350.0,0.0,32229.0,390.6,295.0
SANIMA,7/4/2019,355.0,355.0,350.0,351.0,0.29,22486.0,390.6,295.0
SANIMA,7/7/2019,348.0,350.0,343.0,345.0,-1.71,32574.0,390.6,295.0
SANIMA,7/8/2019,350.0,350.0,341.0,343.0,-0.58,19972.0,390.6,295.0
SANIMA,7/9/2019,343.0,344.0,340.0,342.0,-0.29,20252.0,390.6,295.0
SANIMA,7/10/2019,342.0,347.0,341.0,342.0,0.0,13738.0,390.6,295.0
SANIMA,7/11/2019,340.0,346.0,340.0,341.0,-0.29,11130.0,390.6,295.0
SANIMA,7/14/2019,342.0,342.0,340.0,341.0,0.0,7368.0,390.6,295.0
SANIMA,7/15/2019,341.0,348.0,340.0,348.0,2.05,24019.0,390.6,295.0
SANIMA,7/16/2019,365.0,365.0,346.0,348.0,0.0,12517.0,390.6,295.0
SANIMA,7/17/2019,353.0,356.0,352.0,356.0,2.3,17566.0,390.6,295.0
SANIMA,7/18/2019,360.0,361.0,357.0,357.0,0.28,31408.0,390.6,295.0
SANIMA,7/21/2019,355.0,357.0,352.0,355.0,-0.56,25230.0,390.6,295.0
SANIMA,7/22/2019,355.0,356.0,353.0,355.0,0.0,17018.0,390.6,295.0
SANIMA,7/23/2019,357.0,360.0,356.0,357.0,0.56,12922.0,390.6,295.0
SANIMA,7/24/2019,360.0,360.0,355.0,357.0,0.0,16569.0,390.6,295.0
SANIMA,7/25/2019,357.0,359.0,354.0,354.0,-0.84,19164.0,390.6,295.0
SANIMA,7/28/2019,355.0,357.0,349.0,351.0,-0.85,24819.0,390.6,295.0
SANIMA,7/29/2019,354.0,358.0,354.0,356.0,1.42,26123.0,390.6,295.0
SANIMA,7/30/2019,360.0,360.0,356.0,357.0,0.28,16780.0,390.6,295.0
SANIMA,7/31/2019,358.0,358.0,354.0,357.0,0.0,12263.0,390.6,295.0
SANIMA,8/1/2019,357.0,358.0,355.0,356.0,-0.28,20232.0,390.6,295.0
SANIMA,8/4/2019,356.0,359.0,354.0,354.0,-0.56,42690.0,390.6,295.0
SANIMA,8/5/2019,353.0,355.0,353.0,354.0,0.0,9263.0,390.6,295.0
SANIMA,8/6/2019,354.0,355.0,349.0,349.0,-1.41,27237.0,390.6,295.0
SANIMA,8/7/2019,346.0,355.0,346.0,355.0,1.72,15030.0,390.6,295.0
SANIMA,8/8/2019,354.0,354.0,350.0,352.0,-0.85,13000.0,390.6,295.0
SANIMA,8/11/2019,353.0,353.0,349.0,349.0,-0.85,9817.0,390.6,295.0
SANIMA,8/12/2019,350.0,350.0,348.0,348.0,-0.29,16588.0,390.6,295.0
SANIMA,8/13/2019,346.0,349.0,346.0,348.0,0.0,6962.0,390.6,295.0
SANIMA,8/14/2019,353.0,353.0,344.0,346.0,-0.57,9650.0,390.6,295.0
SANIMA,8/15/2019,345.0,350.0,344.0,350.0,1.16,12765.0,390.6,295.0
SANIMA,8/18/2019,348.0,348.0,346.0,348.0,-0.57,5233.0,390.6,295.0
SANIMA,8/19/2019,345.0,353.0,345.0,350.0,0.57,12256.0,390.6,295.0
SANIMA,8/20/2019,348.0,354.0,347.0,347.0,-0.86,7494.0,390.6,295.0
SANIMA,8/21/2019,347.0,352.0,347.0,348.0,0.29,6813.0,390.6,295.0
SANIMA,8/22/2019,348.0,352.0,348.0,350.0,0.57,12895.0,390.6,295.0
SANIMA,8/25/2019,347.0,357.0,346.0,350.0,0.0,14300.0,390.6,295.0
SANIMA,8/26/2019,350.0,353.0,348.0,348.0,-0.57,23151.0,390.6,295.0
SANIMA,8/27/2019,349.0,352.0,349.0,350.0,0.57,3476.0,390.6,295.0
SANIMA,8/28/2019,355.0,355.0,348.0,348.0,-0.57,8742.0,390.6,295.0
SANIMA,8/29/2019,350.0,350.0,346.0,348.0,0.0,9826.0,390.6,295.0
SANIMA,9/1/2019,344.0,349.0,343.0,346.0,-0.57,26059.0,390.6,295.0
SANIMA,9/2/2019,344.0,346.0,338.0,338.0,-2.31,17617.0,390.6,295.0
SANIMA,9/3/2019,342.0,355.0,338.0,355.0,5.03,49176.0,390.6,295.0
SANIMA,9/4/2019,358.0,358.0,348.0,354.0,-0.28,44372.0,390.6,295.0
SANIMA,9/5/2019,355.0,356.0,353.0,355.0,0.28,20199.0,390.6,295.0
SANIMA,9/8/2019,355.0,355.0,352.0,352.0,-0.85,21746.0,390.6,295.0
SANIMA,9/9/2019,352.0,352.0,348.0,350.0,-0.57,17181.0,390.6,295.0
SANIMA,9/10/2019,345.0,353.0,345.0,352.0,0.57,12019.0,390.6,295.0
SANIMA,9/11/2019,345.0,354.0,345.0,354.0,0.57,16203.0,390.6,295.0
SANIMA,9/12/2019,352.0,356.0,351.0,355.0,0.28,19880.0,390.6,295.0
SANIMA,9/15/2019,355.0,355.0,349.0,349.0,-1.69,32645.0,390.6,295.0
SANIMA,9/16/2019,350.0,350.0,345.0,347.0,-0.57,24165.0,390.6,295.0
SANIMA,9/17/2019,347.0,354.0,347.0,353.0,1.73,36622.0,390.6,295.0
SANIMA,9/18/2019,355.0,355.0,350.0,354.0,0.28,22695.0,390.6,295.0
SANIMA,9/19/2019,355.0,356.0,352.0,354.0,0.0,6580.0,390.6,295.0
SANIMA,9/22/2019,352.0,352.0,344.0,345.0,-2.54,12034.0,390.6,295.0
SANIMA,9/23/2019,345.0,348.0,344.0,348.0,0.87,13392.0,390.6,295.0
SANIMA,9/24/2019,350.0,351.0,347.0,348.0,0.0,90950.0,390.6,295.0
SANIMA,9/25/2019,350.0,350.0,345.0,345.0,-0.86,24941.0,390.6,295.0
SANIMA,9/26/2019,345.0,348.0,345.0,345.0,0.0,36206.0,390.6,295.0
SANIMA,9/29/2019,345.0,348.0,345.0,347.0,0.58,74291.0,390.6,295.0
SANIMA,9/30/2019,310.0,310.0,300.0,304.0,-12.39,27304.0,390.6,295.0
SANIMA,10/1/2019,304.0,312.0,304.0,307.0,0.99,12581.0,390.6,295.0
SANIMA,10/2/2019,307.0,308.0,305.0,307.0,0.0,3710.0,390.6,295.0
SANIMA,10/3/2019,307.0,309.0,307.0,308.0,0.33,3570.0,390.6,295.0
SANIMA,10/10/2019,306.0,310.0,306.0,308.0,0.0,1550.0,390.6,295.0
SANIMA,10/14/2019,307.0,309.0,302.0,304.0,-1.3,8265.0,390.6,295.0
SANIMA,10/15/2019,309.0,309.0,307.0,309.0,1.64,11578.0,390.6,295.0
SANIMA,10/16/2019,307.0,309.0,306.0,306.0,-0.97,8686.0,390.6,295.0
SANIMA,10/17/2019,306.0,306.0,304.0,305.0,-0.33,5234.0,390.6,295.0
SANIMA,10/20/2019,310.0,310.0,304.0,304.0,-0.33,5476.0,390.6,295.0
SANIMA,10/21/2019,305.0,322.0,304.0,305.0,0.33,13021.0,390.6,295.0
SANIMA,10/22/2019,303.0,310.0,303.0,310.0,1.64,4138.0,390.6,295.0
SANIMA,10/23/2019,310.0,312.0,309.0,312.0,0.65,7322.0,390.6,295.0
SANIMA,10/24/2019,312.0,315.0,312.0,312.0,0.0,5857.0,390.6,295.0
SANIMA,10/31/2019,312.0,312.0,305.0,307.0,-1.6,17864.0,390.6,295.0
SANIMA,11/3/2019,308.0,308.0,305.0,308.0,0.33,9834.0,390.6,295.0
SANIMA,11/4/2019,305.0,306.0,304.0,305.0,-0.97,12890.0,390.6,295.0
SANIMA,11/5/2019,305.0,306.0,304.0,304.0,-0.33,22963.0,390.6,295.0
SANIMA,11/6/2019,306.0,308.0,305.0,308.0,1.32,6385.0,390.6,295.0
SANIMA,11/7/2019,304.0,308.0,304.0,306.0,-0.65,3595.0,390.6,295.0
SANIMA,11/10/2019,307.0,307.0,305.0,307.0,0.33,6333.0,390.6,295.0
SANIMA,11/11/2019,308.0,310.0,306.0,308.0,0.33,12986.0,390.6,295.0
SANIMA,11/12/2019,308.0,314.0,305.0,305.0,-0.97,13634.0,390.6,295.0
SANIMA,11/13/2019,305.0,308.0,304.0,306.0,0.33,5176.0,390.6,295.0
SANIMA,11/14/2019,306.0,307.0,305.0,306.0,0.0,14942.0,390.6,295.0
SANIMA,11/17/2019,309.0,309.0,304.0,306.0,0.0,12366.0,390.6,295.0
SANIMA,11/18/2019,305.0,307.0,305.0,307.0,0.33,8716.0,390.6,295.0
SANIMA,11/19/2019,305.0,307.0,305.0,306.0,-0.33,3930.0,390.6,295.0
SANIMA,11/20/2019,307.0,310.0,305.0,306.0,0.0,8509.0,390.6,295.0
SANIMA,11/21/2019,306.0,306.0,300.0,303.0,-0.98,8353.0,390.6,295.0
SANIMA,11/24/2019,302.0,302.0,300.0,301.0,-0.66,19879.0,390.6,295.0
SANIMA,11/25/2019,300.0,303.0,300.0,303.0,0.66,5652.0,390.6,295.0
SANIMA,11/26/2019,301.0,305.0,300.0,304.0,0.33,4696.0,390.6,295.0
SANIMA,11/27/2019,304.0,307.0,303.0,307.0,0.99,10586.0,390.6,295.0
SANIMA,11/28/2019,306.0,306.0,303.0,304.0,-0.98,32241.0,390.6,295.0
SANIMA,12/1/2019,306.0,306.0,303.0,304.0,0.0,14630.0,390.6,295.0
SANIMA,12/2/2019,305.0,305.0,303.0,303.0,-0.33,7350.0,390.6,295.0
SANIMA,12/3/2019,304.0,306.0,302.0,304.0,0.33,11601.0,390.6,295.0
SANIMA,12/4/2019,304.0,306.0,303.0,306.0,0.66,6259.0,390.6,295.0
SANIMA,12/5/2019,306.0,307.0,305.0,305.0,-0.33,14385.0,390.6,295.0
SANIMA,12/8/2019,305.0,308.0,305.0,306.0,0.33,12188.0,390.6,295.0
SANIMA,12/9/2019,306.0,310.0,306.0,309.0,0.98,14977.0,390.6,295.0
SANIMA,12/10/2019,312.0,312.0,309.0,311.0,0.65,11282.0,390.6,295.0
SANIMA,12/11/2019,311.0,313.0,311.0,311.0,0.0,14535.0,390.6,295.0
SANIMA,12/12/2019,312.0,315.0,311.0,313.0,0.64,13998.0,390.6,295.0
SANIMA,12/15/2019,314.0,321.0,312.0,314.0,0.32,35176.0,390.6,295.0
SANIMA,12/16/2019,318.0,318.0,313.0,313.0,-0.32,11809.0,390.6,295.0
SANIMA,12/17/2019,313.0,315.0,313.0,314.0,0.32,7048.0,390.6,295.0
SANIMA,12/18/2019,316.0,316.0,313.0,314.0,0.0,14891.0,390.6,295.0
SANIMA,12/19/2019,314.0,315.0,310.0,310.0,-1.27,8721.0,390.6,295.0
SANIMA,12/22/2019,312.0,313.0,310.0,311.0,0.32,8168.0,390.6,295.0
SANIMA,12/23/2019,312.0,314.0,312.0,313.0,0.64,10946.0,390.6,295.0
SANIMA,12/24/2019,316.0,319.0,316.0,316.0,0.96,27483.0,390.6,295.0
SANIMA,12/25/2019,317.0,317.0,314.0,314.0,-0.63,9061.0,390.6,295.0
SANIMA,12/26/2019,319.0,319.0,314.0,314.0,0.0,10682.0,390.6,295.0
SANIMA,12/29/2019,314.0,314.0,311.0,311.0,-0.96,6143.0,390.6,295.0
SANIMA,12/30/2019,310.0,313.0,310.0,313.0,0.64,14227.0,390.6,295.0
SANIMA,12/31/2019,313.0,315.0,312.0,313.0,0.0,15113.0,390.6,295.0
SANIMA,1/1/2020,314.0,314.0,312.0,313.0,0.0,5127.0,390.6,295.0
SANIMA,1/2/2020,311.0,313.0,311.0,313.0,0.0,11998.0,390.6,295.0
SANIMA,1/5/2020,313.0,321.0,313.0,318.0,1.6,15644.0,390.6,295.0
SANIMA,1/6/2020,321.0,327.0,321.0,326.0,2.52,28001.0,390.6,295.0
SANIMA,1/7/2020,331.0,338.0,327.0,334.0,2.45,59699.0,390.6,295.0
SANIMA,1/8/2020,337.0,337.0,327.0,327.0,-2.1,37066.0,390.6,295.0
SANIMA,1/9/2020,327.0,333.0,325.0,330.0,0.92,21136.0,390.6,295.0
SANIMA,1/12/2020,335.0,341.0,332.0,341.0,3.33,31499.0,390.6,295.0
SANIMA,1/13/2020,342.0,350.0,336.0,346.0,1.47,46070.0,390.6,295.0
SANIMA,1/14/2020,346.0,346.0,339.0,343.0,-0.87,32388.0,390.6,295.0
SANIMA,1/15/2020,342.0,352.0,340.0,350.0,2.04,42788.0,390.6,295.0
SANIMA,1/16/2020,357.0,360.0,349.0,349.0,-0.29,50338.0,390.6,295.0
SANIMA,1/19/2020,353.0,359.0,351.0,358.0,2.58,58480.0,390.6,295.0
SANIMA,1/20/2020,360.0,365.0,350.0,351.0,-1.96,73143.0,390.6,295.0
SANIMA,1/21/2020,349.0,353.0,346.0,353.0,0.57,20508.0,390.6,295.0
SANIMA,1/22/2020,353.0,353.0,346.0,352.0,-0.28,11912.0,390.6,295.0
SANIMA,1/23/2020,350.0,352.0,345.0,346.0,-1.7,23388.0,390.6,295.0
SANIMA,1/26/2020,345.0,348.0,342.0,347.0,0.29,17650.0,390.6,295.0
SANIMA,1/27/2020,346.0,350.0,345.0,350.0,0.86,22763.0,390.6,295.0
SANIMA,1/28/2020,353.0,353.0,343.0,346.0,-1.14,39218.0,390.6,295.0
SANIMA,1/29/2020,347.0,347.0,342.0,343.0,-0.87,17917.0,390.6,295.0
SANIMA,1/30/2020,343.0,350.0,343.0,347.0,1.17,23739.0,390.6,295.0
SANIMA,2/2/2020,353.0,356.0,350.0,355.0,2.31,55074.0,390.6,295.0
SANIMA,2/3/2020,359.0,359.0,352.0,353.0,-0.56,41194.0,390.6,295.0
SANIMA,2/4/2020,348.0,354.0,348.0,349.0,-1.13,21198.0,390.6,295.0
SANIMA,2/5/2020,350.0,351.0,346.0,348.0,-0.29,12466.0,390.6,295.0
SANIMA,2/6/2020,342.0,348.0,342.0,346.0,-0.57,27650.0,390.6,295.0
SANIMA,2/9/2020,342.0,346.0,340.0,340.0,-1.73,17615.0,390.6,295.0
SANIMA,2/10/2020,341.0,346.0,340.0,342.0,0.59,25325.0,390.6,295.0
SANIMA,2/11/2020,343.0,349.0,343.0,348.0,1.75,27438.0,390.6,295.0
SANIMA,2/12/2020,350.0,352.0,348.0,349.0,0.29,39018.0,390.6,295.0
SANIMA,2/13/2020,347.0,350.0,344.0,344.0,-1.43,27164.0,390.6,295.0
SANIMA,2/16/2020,343.0,348.0,341.0,344.0,0.0,29574.0,390.6,295.0
SANIMA,2/17/2020,350.0,357.0,347.0,355.0,3.2,82075.0,390.6,295.0
SANIMA,2/18/2020,360.0,365.0,355.0,357.0,0.56,75852.0,390.6,295.0
SANIMA,2/19/2020,352.0,359.0,352.0,357.0,0.0,27725.0,390.6,295.0
SANIMA,2/20/2020,357.0,358.0,354.0,355.0,-0.56,54743.0,390.6,295.0
SANIMA,2/23/2020,360.0,390.0,360.0,387.0,9.01,154623.0,390.6,295.0
SANIMA,2/24/2020,394.0,405.0,382.0,390.0,0.78,137550.0,390.6,295.0
SANIMA,2/25/2020,390.0,399.0,380.0,394.0,1.03,56273.0,390.6,295.0
SANIMA,2/26/2020,400.0,405.0,395.0,399.0,1.27,117668.0,390.6,295.0
SANIMA,2/27/2020,399.0,437.0,390.0,424.0,6.27,215520.0,390.6,295.0
SANIMA,3/1/2020,425.0,436.0,410.0,414.0,-2.36,208901.0,390.6,295.0
SANIMA,3/2/2020,410.0,410.0,380.0,380.0,-8.21,116890.0,390.6,295.0
SANIMA,3/3/2020,378.0,398.0,365.0,386.0,1.58,149344.0,390.6,295.0
SANIMA,3/4/2020,383.0,388.0,368.0,369.0,-4.4,127334.0,390.6,295.0
SANIMA,3/5/2020,363.0,375.0,356.0,364.0,-1.36,70333.0,390.6,295.0
SANIMA,3/10/2020,357.0,362.0,343.0,343.0,-5.77,65117.0,390.6,295.0
SANIMA,3/11/2020,348.0,369.0,341.0,360.0,4.96,112939.0,390.6,295.0
SANIMA,3/12/2020,367.0,373.0,349.0,349.0,-3.06,90904.0,390.6,295.0
SANIMA,3/15/2020,343.0,349.0,335.0,335.0,-4.01,115425.0,390.6,295.0
SANIMA,3/16/2020,334.0,345.0,331.0,335.0,0.0,82569.0,390.6,295.0
SANIMA,3/17/2020,334.0,338.0,324.0,325.0,-2.99,79997.0,390.6,295.0
SANIMA,3/18/2020,322.0,331.0,308.0,320.0,-1.54,47311.0,390.6,295.0
SANIMA,3/19/2020,315.0,330.0,303.0,320.0,0.0,97174.0,390.6,295.0
SANIMA,3/22/2020,326.0,332.0,317.0,324.0,1.25,11110.0,390.6,295.0
SANIMA,5/12/2020,318.0,318.0,318.0,318.0,-1.85,25.0,390.6,295.0
SANIMA,6/29/2020,312.0,312.0,287.0,305.0,-4.09,25965.0,390.6,295.0
SANIMA,6/30/2020,305.0,326.0,305.0,326.0,6.89,7122.0,390.6,295.0
SANIMA,7/1/2020,330.0,344.0,330.0,341.0,4.6,13241.0,390.6,295.0
SANIMA,7/2/2020,341.0,341.0,307.0,316.0,-7.33,36407.0,390.6,295.0
SANIMA,7/5/2020,310.0,322.0,310.0,312.0,-1.27,46767.0,390.6,295.0
SANIMA,7/6/2020,318.0,321.0,310.0,319.0,2.24,29742.0,390.6,295.0
SANIMA,7/7/2020,324.0,330.0,318.0,325.0,1.88,21134.0,390.6,295.0
SANIMA,7/8/2020,326.0,328.0,319.0,320.0,-1.54,20288.0,390.6,295.0
SANIMA,7/9/2020,316.0,327.0,315.0,323.0,0.94,25699.0,390.6,295.0
SANIMA,7/12/2020,325.0,327.0,320.0,325.0,0.62,24763.0,390.6,295.0
SANIMA,7/13/2020,320.0,332.0,320.0,327.0,0.62,12271.0,390.6,295.0
SANIMA,7/14/2020,328.0,331.0,326.0,327.0,0.0,34079.0,390.6,295.0
SANIMA,7/15/2020,328.0,338.0,327.0,330.0,0.92,20057.0,390.6,295.0
SANIMA,7/16/2020,333.0,354.0,332.0,345.0,4.55,51675.0,390.6,295.0
SANIMA,7/19/2020,351.0,372.0,351.0,372.0,7.83,437.0,390.6,295.0
SANIMA,7/20/2020,390.0,409.0,373.0,374.0,0.54,170489.0,390.6,295.0
SANIMA,7/21/2020,374.0,389.0,362.0,367.0,-1.87,86705.0,390.6,295.0
SANIMA,7/22/2020,370.0,374.0,362.0,367.0,0.0,45362.0,390.6,295.0
SANIMA,7/23/2020,365.0,369.0,361.0,366.0,-0.27,30954.0,390.6,295.0
SANIMA,7/26/2020,371.0,376.0,366.0,369.0,0.82,46990.0,390.6,295.0
SANIMA,7/27/2020,370.0,374.0,370.0,370.0,0.27,47950.0,390.6,295.0
SANIMA,7/28/2020,371.0,375.0,363.0,371.0,0.27,37729.0,390.6,295.0
SANIMA,7/29/2020,365.0,370.0,362.0,363.0,-2.16,50086.0,390.6,295.0
SANIMA,7/30/2020,364.0,366.0,358.0,362.0,-0.28,30440.0,390.6,295.0
SANIMA,8/2/2020,360.0,360.0,350.0,350.0,-3.31,39308.0,390.6,295.0
SANIMA,8/3/2020,344.0,362.0,344.0,355.0,1.43,32827.0,390.6,295.0
SANIMA,8/5/2020,348.0,352.0,342.0,343.0,-3.38,50318.0,390.6,295.0
SANIMA,8/6/2020,341.0,345.0,336.0,343.0,0.0,30337.0,390.6,295.0
SANIMA,8/9/2020,338.0,340.0,333.0,340.0,-0.87,17245.0,390.6,295.0
SANIMA,8/10/2020,346.0,351.0,340.0,349.0,2.65,34049.0,390.6,295.0
SANIMA,8/11/2020,350.0,354.0,349.0,349.0,0.0,18718.0,390.6,295.0
SANIMA,8/12/2020,345.0,352.0,340.0,352.0,0.86,28714.0,390.6,295.0
SANIMA,8/13/2020,352.0,352.0,343.0,345.0,-1.99,21751.0,390.6,295.0
SANIMA,8/16/2020,345.0,345.0,330.0,337.0,-2.32,28050.0,390.6,295.0
SANIMA,8/17/2020,343.0,343.0,335.0,338.0,0.3,12060.0,390.6,295.0
SANIMA,8/18/2020,339.0,339.0,334.0,335.0,-0.89,26555.0,390.6,295.0
SANIMA,8/19/2020,333.0,334.0,329.0,331.0,-1.19,22261.0,390.6,295.0
SANIMA,8/20/2020,332.0,334.0,329.0,330.0,-0.3,17064.0,390.6,295.0
SANIMA,8/23/2020,330.0,335.0,330.0,334.0,1.21,9744.0,390.6,295.0
SANIMA,8/24/2020,335.0,342.0,334.0,341.0,2.1,24033.0,390.6,295.0
SANIMA,8/25/2020,343.0,345.0,338.0,341.0,0.0,19559.0,390.6,295.0
SANIMA,8/26/2020,342.0,356.0,340.0,356.0,4.4,70492.0,390.6,295.0
SANIMA,8/27/2020,353.0,359.0,348.0,349.0,-1.97,50165.0,390.6,295.0
SANIMA,8/30/2020,346.0,352.0,344.0,350.0,0.29,42053.0,390.6,295.0
SANIMA,8/31/2020,349.0,357.0,347.0,348.0,-0.57,51664.0,390.6,295.0
SANIMA,9/2/2020,353.0,357.0,347.0,354.0,1.72,62413.0,390.6,295.0
SANIMA,9/3/2020,356.0,359.0,351.0,352.0,-0.56,30305.0,390.6,295.0
SANIMA,9/6/2020,355.0,359.0,348.0,349.0,-0.85,46651.0,390.6,295.0
SANIMA,9/7/2020,347.0,347.0,343.0,344.0,-1.43,21519.0,390.6,295.0
SANIMA,9/8/2020,344.0,344.0,338.0,340.0,-1.16,17965.0,390.6,295.0
SANIMA,9/9/2020,335.0,346.0,335.0,340.0,0.0,24172.0,390.6,295.0
SANIMA,9/10/2020,346.0,346.0,337.0,339.0,-0.29,31556.0,390.6,295.0
SANIMA,9/13/2020,339.0,340.0,333.0,338.0,-0.29,63808.0,390.6,295.0
SANIMA,9/14/2020,339.0,350.0,338.0,345.0,2.07,31061.0,390.6,295.0
SANIMA,9/15/2020,348.0,349.0,340.0,343.0,-0.58,28238.0,390.6,295.0
SANIMA,9/16/2020,343.0,344.0,339.0,343.0,0.0,31247.0,390.6,295.0
SANIMA,9/17/2020,350.0,350.0,341.0,348.0,1.46,72370.0,390.6,295.0
SANIMA,9/20/2020,354.0,360.0,349.0,351.0,0.86,66577.0,390.6,295.0
SANIMA,9/21/2020,351.0,352.0,346.0,348.0,-0.85,51398.0,390.6,295.0
SANIMA,9/22/2020,350.0,350.0,340.0,340.0,-2.3,39719.0,390.6,295.0
SANIMA,9/23/2020,338.0,345.0,337.0,345.0,1.47,32514.0,390.6,295.0
SANIMA,9/24/2020,362.0,362.0,341.0,344.0,-0.29,17914.0,390.6,295.0
SANIMA,9/27/2020,343.0,348.0,343.0,346.0,0.58,32269.0,390.6,295.0
SANIMA,9/28/2020,345.0,347.0,343.0,343.0,-0.87,28675.0,390.6,295.0
SANIMA,9/29/2020,343.0,343.0,339.0,341.0,-0.58,15279.0,390.6,295.0
SANIMA,9/30/2020,341.0,342.0,336.0,339.0,-0.59,35431.0,390.6,295.0
SANIMA,10/1/2020,345.0,345.0,339.0,341.0,0.59,34784.0,390.6,295.0
SANIMA,10/4/2020,347.0,352.0,343.0,344.0,0.88,47290.0,390.6,295.0
SANIMA,10/5/2020,345.0,348.0,344.0,345.0,0.29,32804.0,390.6,295.0
SANIMA,10/6/2020,344.0,345.0,343.0,344.0,-0.29,24622.0,390.6,295.0
SANIMA,10/7/2020,346.0,347.0,341.0,347.0,0.87,58162.0,390.6,295.0
SANIMA,10/8/2020,349.0,351.0,341.0,344.0,-0.86,85868.0,390.6,295.0
SANIMA,10/11/2020,347.0,347.0,338.0,341.0,-0.87,50866.0,390.6,295.0
SANIMA,10/12/2020,339.0,341.0,338.0,341.0,0.0,31337.0,390.6,295.0
SANIMA,10/13/2020,341.0,344.0,339.0,340.0,-0.29,35556.0,390.6,295.0
SANIMA,10/14/2020,346.0,359.0,344.0,345.0,1.47,208273.0,390.6,295.0
SANIMA,10/15/2020,350.0,350.0,343.0,345.0,0.0,64652.0,390.6,295.0
SANIMA,10/18/2020,362.0,362.0,337.0,340.0,-1.45,38030.0,390.6,295.0
SANIMA,10/19/2020,340.0,340.0,336.0,340.0,0.0,30157.0,390.6,295.0
SANIMA,10/20/2020,341.0,344.0,337.0,340.0,0.0,20746.0,390.6,295.0
SANIMA,10/21/2020,342.0,343.0,339.0,342.0,0.59,30047.0,390.6,295.0
SANIMA,10/22/2020,343.0,343.0,340.0,341.0,-0.29,53142.0,390.6,295.0
SANIMA,10/28/2020,347.0,359.0,340.0,357.0,4.69,109867.0,390.6,295.0
SANIMA,10/29/2020,360.0,365.0,350.0,355.0,-0.56,149951.0,390.6,295.0
SANIMA,11/1/2020,372.0,372.0,351.0,352.0,-0.85,283308.0,390.6,295.0
SANIMA,11/2/2020,325.0,326.0,321.0,322.0,-8.52,109052.0,390.6,295.0
SANIMA,11/3/2020,325.0,326.0,318.0,320.0,-0.62,47826.0,390.6,295.0
SANIMA,11/4/2020,336.0,336.0,317.0,318.0,-0.62,33556.0,390.6,295.0
SANIMA,11/5/2020,333.0,333.0,312.0,313.0,-1.57,66297.0,390.6,295.0
SANIMA,11/8/2020,328.0,328.0,308.0,310.0,-0.96,181586.0,390.6,295.0
SANIMA,11/9/2020,310.0,314.0,307.0,309.0,-0.32,93281.0,390.6,295.0
SANIMA,11/10/2020,314.0,316.0,307.0,312.0,0.97,76038.0,390.6,295.0
SANIMA,11/11/2020,313.0,316.0,310.0,316.0,1.28,71190.0,390.6,295.0
SANIMA,11/12/2020,320.0,322.0,315.0,320.0,1.27,80634.0,390.6,295.0
SANIMA,11/18/2020,322.0,322.0,308.0,316.0,-1.25,62997.0,390.6,295.0
SANIMA,11/19/2020,317.0,317.0,312.0,315.0,-0.32,70587.0,390.6,295.0
SANIMA,11/22/2020,320.0,322.0,314.0,316.0,0.32,70542.0,390.6,295.0
SANIMA,11/23/2020,320.0,320.0,313.0,314.0,-0.63,71053.0,390.6,295.0
SANIMA,11/24/2020,315.0,316.0,311.0,312.0,-0.64,64248.0,390.6,295.0
SANIMA,11/25/2020,326.0,326.0,312.0,318.0,1.92,115681.0,390.6,295.0
SANIMA,11/26/2020,320.0,328.0,317.0,321.0,0.94,195812.0,390.6,295.0
SANIMA,11/29/2020,321.0,352.0,321.0,343.0,6.85,232208.0,390.6,295.0
SANIMA,11/30/2020,350.0,364.0,329.0,335.0,-2.33,206797.0,390.6,295.0
SANIMA,12/1/2020,336.0,336.0,323.0,326.0,-2.69,111587.0,390.6,295.0
SANIMA,12/2/2020,325.0,330.0,323.0,325.0,-0.31,130000.0,390.6,295.0
SANIMA,12/3/2020,330.0,330.0,321.0,322.0,-0.92,101063.0,390.6,295.0
SANIMA,12/6/2020,320.0,320.0,311.0,312.0,-3.11,108674.0,390.6,295.0
SANIMA,12/7/2020,318.0,324.0,311.0,319.0,2.24,61452.0,390.6,295.0
SANIMA,12/8/2020,320.0,322.0,315.0,316.0,-0.94,36076.0,390.6,295.0
SANIMA,12/9/2020,316.0,316.0,312.0,312.0,-1.27,49519.0,390.6,295.0
SANIMA,12/10/2020,312.0,314.0,310.0,313.0,0.32,62228.0,390.6,295.0
SANIMA,12/13/2020,313.0,318.0,312.0,318.0,1.6,88282.0,390.6,295.0
SANIMA,12/14/2020,318.0,324.0,318.0,319.0,0.31,106664.0,390.6,295.0
SANIMA,12/15/2020,334.0,334.0,318.0,319.0,0.0,107087.0,390.6,295.0
SANIMA,12/16/2020,334.0,334.0,315.0,315.0,-1.25,62605.0,390.6,295.0
SANIMA,12/17/2020,319.0,319.0,314.0,316.0,0.32,86095.0,390.6,295.0
SANIMA,12/20/2020,310.0,317.0,308.0,308.0,-2.53,150539.0,390.6,295.0
SANIMA,12/21/2020,300.0,311.0,300.0,307.0,-0.32,147953.0,390.6,295.0
SANIMA,12/22/2020,313.0,316.0,308.0,313.0,1.95,130399.0,390.6,295.0
SANIMA,12/23/2020,316.0,322.0,316.0,316.0,0.96,132329.0,390.6,295.0
SANIMA,12/24/2020,316.0,317.0,312.0,312.0,-1.27,79537.0,390.6,295.0
SANIMA,12/27/2020,318.0,318.0,310.0,313.0,0.32,77176.0,390.6,295.0
SANIMA,12/28/2020,310.0,314.0,310.0,312.0,-0.32,58241.0,390.6,295.0
SANIMA,12/29/2020,309.0,312.0,309.0,310.0,-0.64,57343.0,390.6,295.0
SANIMA,12/30/2020,310.0,312.0,308.0,311.0,0.32,68267.0,390.6,295.0
SANIMA,12/31/2020,315.0,327.0,313.0,321.0,3.22,215881.0,390.6,295.0
SANIMA,1/3/2021,327.0,340.0,323.0,329.0,2.49,314873.0,390.6,295.0
SANIMA,1/4/2021,335.0,347.0,335.0,339.0,3.04,261807.0,390.6,295.0
SANIMA,1/5/2021,335.0,345.0,334.0,344.0,1.47,228426.0,390.6,295.0
SANIMA,1/6/2021,345.0,365.0,345.0,359.0,4.36,429292.0,390.6,295.0
SANIMA,1/7/2021,376.0,376.0,352.0,376.0,4.74,351392.0,390.6,295.0
SANIMA,1/10/2021,376.0,382.0,363.0,376.0,0.0,304238.0,390.6,295.0
SANIMA,1/11/2021,376.0,380.0,370.0,373.0,-0.8,317756.0,390.6,295.0
SANIMA,1/12/2021,391.0,391.0,365.0,369.0,-1.07,116392.0,390.6,295.0
SANIMA,1/13/2021,376.0,376.0,367.0,368.0,-0.27,125662.0,390.6,295.0
SANIMA,1/17/2021,375.0,375.0,362.0,363.0,-1.36,80636.0,390.6,295.0
SANIMA,1/18/2021,348.0,370.0,348.0,363.0,0.0,159741.0,390.6,295.0
SANIMA,1/19/2021,345.0,368.0,345.0,358.0,-1.38,152623.0,390.6,295.0
SANIMA,1/20/2021,356.0,363.0,356.0,360.0,0.56,98761.0,390.6,295.0
SANIMA,1/21/2021,360.0,363.0,355.0,358.0,-0.56,95967.0,390.6,295.0
SANIMA,1/24/2021,364.0,372.0,360.0,363.0,1.4,134985.0,390.6,295.0
SANIMA,1/25/2021,363.0,368.0,360.0,364.0,0.28,99227.0,390.6,295.0
SANIMA,1/26/2021,367.0,367.0,360.0,361.0,-0.82,101916.0,390.6,295.0
SANIMA,1/27/2021,357.0,361.0,351.0,352.0,-2.49,154145.0,390.6,295.0
SANIMA,1/28/2021,350.0,352.0,342.0,343.0,-2.56,132572.0,390.6,295.0
SANIMA,1/31/2021,343.0,345.0,336.0,337.0,-1.75,119107.0,390.6,295.0
SANIMA,2/1/2021,340.0,345.0,336.0,341.0,1.19,96359.0,390.6,295.0
SANIMA,2/2/2021,343.0,349.0,340.0,349.0,2.35,183728.0,390.6,295.0
SANIMA,2/3/2021,350.0,364.0,347.0,349.0,0.0,190828.0,390.6,295.0
SANIMA,2/4/2021,348.0,358.0,343.0,358.0,2.58,157185.0,390.6,295.0
SANIMA,2/7/2021,358.0,364.0,355.0,357.0,-0.28,105210.0,390.6,295.0
SANIMA,2/8/2021,358.0,392.0,356.0,379.0,6.16,343821.0,390.6,295.0
SANIMA,2/9/2021,385.0,387.0,364.0,374.0,-1.32,231832.0,390.6,295.0
SANIMA,2/10/2021,372.0,380.0,365.0,375.0,0.27,141432.0,390.6,295.0
SANIMA,2/11/2021,380.0,381.0,371.0,373.0,-0.53,279098.0,390.6,295.0
SANIMA,2/14/2021,374.0,374.0,365.0,366.0,-1.88,102420.0,390.6,295.0
SANIMA,2/15/2021,373.0,382.0,369.0,378.0,3.28,188528.0,390.6,295.0
SANIMA,2/16/2021,382.0,394.0,378.0,386.0,2.12,351106.0,390.6,295.0
SANIMA,2/17/2021,405.0,405.0,384.0,392.0,1.55,291164.0,390.6,295.0
SANIMA,2/18/2021,411.0,411.0,391.0,399.0,1.79,244100.0,390.6,295.0
SANIMA,2/21/2021,400.0,402.0,390.0,393.0,-1.5,229052.0,390.6,295.0
SANIMA,2/22/2021,391.0,393.0,377.0,382.0,-2.8,270912.0,390.6,295.0
SANIMA,2/23/2021,382.0,382.0,369.0,377.0,-1.31,159540.0,390.6,295.0
SANIMA,2/24/2021,376.0,390.0,374.0,378.0,0.27,112508.0,390.6,295.0
SANIMA,2/25/2021,380.0,381.0,371.0,373.0,-1.32,96853.0,390.6,295.0
SANIMA,2/28/2021,370.0,373.0,364.0,364.0,-2.41,165028.0,390.6,295.0
SANIMA,3/1/2021,364.0,372.0,358.0,368.0,1.1,175545.0,390.6,295.0
SANIMA,3/2/2021,372.0,372.0,354.0,354.0,-3.8,136420.0,390.6,295.0
SANIMA,3/3/2021,348.0,377.0,345.0,364.0,2.82,205959.0,390.6,295.0
SANIMA,3/4/2021,382.0,382.0,365.0,370.0,1.65,140969.0,390.6,295.0
SANIMA,3/7/2021,377.0,377.0,363.0,364.0,-1.62,72575.0,390.6,295.0
SANIMA,3/9/2021,365.0,365.0,358.0,360.0,-1.1,73368.0,390.6,295.0
SANIMA,3/10/2021,364.0,364.0,355.0,359.0,-0.28,58494.0,390.6,295.0
SANIMA,3/14/2021,355.0,357.0,350.0,351.0,-2.23,81663.0,390.6,295.0
SANIMA,3/15/2021,355.0,360.0,347.0,350.0,-0.28,69635.0,390.6,295.0
SANIMA,3/16/2021,350.0,357.0,348.0,352.0,0.57,48670.0,390.6,295.0
SANIMA,3/17/2021,352.0,358.0,350.0,356.0,1.14,39885.0,390.6,295.0
SANIMA,3/18/2021,356.0,364.0,356.0,360.0,1.12,60472.0,390.6,295.0
SANIMA,3/21/2021,354.0,367.0,354.0,365.0,1.39,53122.0,390.6,295.0
SANIMA,3/22/2021,370.0,370.0,356.0,359.0,-1.64,35065.0,390.6,295.0
SANIMA,3/23/2021,357.0,360.0,356.0,356.0,-0.84,36436.0,390.6,295.0
SANIMA,3/24/2021,356.0,365.0,356.0,364.0,2.25,75669.0,390.6,295.0
SANIMA,3/25/2021,364.0,367.0,360.0,360.0,-1.1,101330.0,390.6,295.0
SANIMA,3/29/2021,362.0,362.0,358.0,359.0,-0.28,40275.0,390.6,295.0
SANIMA,3/30/2021,358.0,370.0,358.0,369.0,2.79,160778.0,390.6,295.0
SANIMA,3/31/2021,370.0,378.0,367.0,376.0,1.9,138033.0,390.6,295.0
SANIMA,4/1/2021,381.0,382.0,375.0,376.0,0.0,145930.0,390.6,295.0
SANIMA,4/4/2021,381.0,381.0,374.0,378.0,0.53,138282.0,390.6,295.0
SANIMA,4/5/2021,382.0,382.0,373.0,375.0,-0.79,132289.0,390.6,295.0
SANIMA,4/6/2021,370.0,376.0,370.0,376.0,0.27,86908.0,390.6,295.0
SANIMA,4/7/2021,385.0,385.0,370.0,379.0,0.8,181477.0,390.6,295.0
SANIMA,4/8/2021,380.0,386.0,375.0,378.0,-0.26,130696.0,390.6,295.0
SANIMA,4/12/2021,380.0,385.0,378.0,384.0,1.59,193178.0,390.6,295.0
SANIMA,4/13/2021,386.0,394.0,385.0,393.0,2.34,197915.0,390.6,295.0
SANIMA,4/15/2021,399.0,414.0,397.0,400.0,1.78,315442.0,390.6,295.0
SANIMA,4/18/2021,408.0,415.0,395.0,396.0,-1.0,324364.0,390.6,295.0
SANIMA,4/19/2021,395.0,400.0,387.0,389.0,-1.77,179999.0,390.6,295.0
SANIMA,4/20/2021,389.0,392.0,385.0,387.0,-0.51,80484.0,390.6,295.0
SANIMA,4/21/2021,388.0,391.0,375.0,377.0,-2.58,109867.0,390.6,295.0
SANIMA,4/22/2021,395.0,395.0,374.0,380.0,0.8,81069.0,390.6,295.0
SANIMA,4/25/2021,382.0,382.0,368.0,369.0,-2.89,119058.0,390.6,295.0
SANIMA,4/26/2021,365.0,370.0,361.0,362.0,-1.9,105360.0,390.6,295.0
SANIMA,4/27/2021,375.0,375.0,360.0,374.0,3.31,101719.0,390.6,295.0
SANIMA,4/28/2021,390.0,390.0,376.0,379.0,1.34,204886.0,390.6,295.0
SANIMA,4/29/2021,397.0,397.0,378.0,394.0,3.96,252979.0,390.6,295.0
SANIMA,5/2/2021,400.0,403.0,393.0,402.0,2.03,365719.0,390.6,295.0
SANIMA,5/3/2021,402.0,409.0,394.0,396.0,-1.49,292782.0,390.6,295.0
SANIMA,5/4/2021,392.0,398.0,391.0,395.0,-0.25,90664.0,390.6,295.0
SANIMA,5/5/2021,400.0,400.0,394.0,395.0,0.0,117527.0,390.6,295.0
SANIMA,5/6/2021,400.0,400.0,393.0,396.0,0.25,119225.0,390.6,295.0
SANIMA,5/9/2021,400.0,401.0,392.0,395.0,-0.25,147654.0,390.6,295.0
SANIMA,5/10/2021,394.0,401.0,394.0,400.0,1.27,159283.0,390.6,295.0
SANIMA,5/11/2021,403.0,405.0,398.0,402.0,0.5,97113.0,390.6,295.0
SANIMA,5/12/2021,403.0,403.0,398.0,400.0,-0.5,100537.0,390.6,295.0
SANIMA,5/13/2021,400.0,402.0,397.0,398.0,-0.5,94261.0,390.6,295.0
SANIMA,5/16/2021,405.0,407.0,400.0,406.0,2.01,240954.0,390.6,295.0
SANIMA,5/17/2021,410.0,419.0,408.0,416.0,2.46,438810.0,390.6,295.0
SANIMA,5/18/2021,420.0,420.0,415.0,418.0,0.48,255896.0,390.6,295.0
SANIMA,5/19/2021,420.0,430.0,418.0,418.0,0.0,314028.0,390.6,295.0
SANIMA,5/20/2021,420.0,426.0,420.0,424.0,1.44,164305.0,390.6,295.0
SANIMA,5/23/2021,424.0,436.0,414.0,435.0,2.59,251636.0,390.6,295.0
SANIMA,5/24/2021,443.0,444.0,433.0,437.0,0.46,378247.0,390.6,295.0
SANIMA,5/25/2021,443.0,443.0,425.0,428.0,-2.06,339818.0,390.6,295.0
SANIMA,5/27/2021,410.0,432.0,410.0,432.0,0.93,263378.0,390.6,295.0
SANIMA,5/30/2021,440.0,457.0,435.0,447.0,3.47,376374.0,390.6,295.0
SANIMA,5/31/2021,450.0,460.0,442.0,444.0,-0.67,319523.0,390.6,295.0
SANIMA,6/1/2021,455.0,455.0,436.0,442.0,-0.45,192795.0,390.6,295.0
SANIMA,6/2/2021,443.0,448.0,439.0,446.0,0.9,159780.0,390.6,295.0
SANIMA,6/3/2021,450.0,470.0,445.0,468.0,4.93,557072.0,390.6,295.0
SANIMA,6/6/2021,475.0,497.0,473.0,490.0,4.7,506918.0,390.6,295.0
SANIMA,6/7/2021,498.0,498.0,475.0,479.0,-2.24,374620.0,390.6,295.0
SANIMA,6/8/2021,480.0,491.0,476.0,486.0,1.46,316013.0,390.6,295.0
SANIMA,6/9/2021,485.0,493.0,477.0,479.0,-1.44,192759.0,390.6,295.0
SANIMA,6/10/2021,477.0,485.0,470.0,474.0,-1.04,247600.0,390.6,295.0
SANIMA,6/13/2021,480.0,481.0,474.0,479.0,1.05,220814.0,390.6,295.0
SANIMA,6/14/2021,480.0,503.0,480.0,498.0,3.97,358350.0,390.6,295.0
SANIMA,6/15/2021,500.0,512.0,495.0,498.0,0.0,388751.0,390.6,295.0
SANIMA,6/16/2021,498.0,508.0,487.0,492.0,-1.2,257288.0,390.6,295.0
SANIMA,6/17/2021,500.0,501.0,485.0,490.0,-0.41,146256.0,390.6,295.0
SANIMA,6/20/2021,490.0,496.0,475.0,480.0,-2.04,252182.0,390.6,295.0
SANIMA,6/21/2021,480.0,488.0,465.0,467.0,-2.71,300190.0,390.6,295.0
SANIMA,6/22/2021,470.0,486.0,460.0,485.0,3.85,210521.0,390.6,295.0
SANIMA,6/23/2021,493.0,493.0,470.0,472.0,-2.68,146612.0,390.6,295.0
SANIMA,6/24/2021,468.0,473.0,465.0,469.0,-0.64,167151.0,390.6,295.0
SANIMA,6/27/2021,492.0,492.0,463.0,479.0,2.13,180637.0,390.6,295.0
SANIMA,6/28/2021,487.0,489.0,479.0,480.0,0.21,122358.0,390.6,295.0
SANIMA,6/29/2021,487.0,488.0,471.0,474.0,-1.25,95997.0,390.6,295.0
SANIMA,6/30/2021,476.0,476.0,465.0,470.0,-0.84,108922.0,390.6,295.0
SANIMA,7/1/2021,475.0,479.0,470.0,472.0,0.43,103634.0,390.6,295.0
SANIMA,7/4/2021,472.0,478.0,469.0,470.0,-0.42,85171.0,390.6,295.0
SANIMA,7/5/2021,470.0,475.0,466.0,468.0,-0.43,97959.0,390.6,295.0
SANIMA,7/6/2021,470.0,474.0,467.0,472.0,0.85,68185.0,390.6,295.0
SANIMA,7/7/2021,475.0,475.0,469.0,470.0,-0.42,83092.0,390.6,295.0
SANIMA,7/8/2021,470.0,478.0,467.0,477.0,1.49,128759.0,390.6,295.0
SANIMA,7/11/2021,479.0,490.0,478.0,489.0,2.52,156924.0,390.6,295.0
SANIMA,7/12/2021,491.0,496.0,479.0,482.0,-1.43,166616.0,390.6,295.0
SANIMA,7/13/2021,484.0,489.0,480.0,488.0,1.24,72289.0,390.6,295.0
SANIMA,7/14/2021,492.0,492.0,480.0,483.0,-1.02,110281.0,390.6,295.0
SANIMA,7/15/2021,484.0,489.0,477.0,485.0,0.41,138840.0,390.6,295.0
SANIMA,7/18/2021,493.0,520.0,493.0,515.0,6.19,443763.0,390.6,295.0
SANIMA,7/19/2021,525.0,532.5,514.0,519.0,0.78,402446.0,390.6,295.0
SANIMA,7/20/2021,520.0,530.0,513.0,527.1,1.56,223956.0,390.6,295.0
SANIMA,7/22/2021,529.0,550.8,526.1,544.0,3.21,367137.0,390.6,295.0
SANIMA,7/25/2021,554.0,563.0,545.2,562.9,3.47,394193.0,390.6,295.0
SANIMA,7/26/2021,564.9,564.9,540.3,544.0,-3.36,421642.0,390.6,295.0
SANIMA,7/27/2021,533.2,547.0,525.0,544.0,0.0,333567.0,390.6,295.0
SANIMA,7/28/2021,550.0,554.8,535.2,539.0,-0.92,128103.0,390.6,295.0
SANIMA,7/29/2021,539.0,542.1,534.0,536.0,-0.56,99302.0,390.6,295.0
SANIMA,8/1/2021,540.0,541.0,532.0,534.6,-0.26,110657.0,390.6,295.0
SANIMA,8/2/2021,537.0,540.0,532.0,536.0,0.26,86379.0,390.6,295.0
SANIMA,8/3/2021,545.0,545.0,532.0,538.0,0.37,63210.0,390.6,295.0
SANIMA,8/4/2021,538.0,542.0,534.0,540.1,0.39,103379.0,390.6,295.0
SANIMA,8/5/2021,541.0,547.0,536.6,545.4,0.98,106591.0,390.6,295.0
SANIMA,8/8/2021,550.0,552.0,539.0,544.0,-0.26,70379.0,390.6,295.0
SANIMA,8/9/2021,549.0,549.0,535.1,540.0,-0.74,92182.0,390.6,295.0
SANIMA,8/10/2021,535.0,555.0,535.0,549.0,1.67,136076.0,390.6,295.0
SANIMA,8/11/2021,550.1,557.0,545.0,546.8,-0.4,105063.0,390.6,295.0
SANIMA,8/12/2021,537.0,553.8,537.0,547.6,0.15,123043.0,390.6,295.0
SANIMA,8/15/2021,547.6,555.0,537.5,542.0,-1.02,228190.0,390.6,295.0
SANIMA,8/16/2021,551.9,552.0,537.2,540.0,-0.37,120528.0,390.6,295.0
SANIMA,8/17/2021,540.0,540.0,530.0,534.9,-0.94,157313.0,390.6,295.0
SANIMA,8/18/2021,540.0,546.0,525.0,538.0,0.58,174754.0,390.6,295.0
SANIMA,8/19/2021,540.0,545.0,534.1,535.5,-0.46,99845.0,390.6,295.0
SANIMA,8/24/2021,538.5,546.0,525.0,530.0,-1.03,174989.0,390.6,295.0
SANIMA,8/25/2021,530.0,530.0,521.0,524.9,-0.96,91720.0,390.6,295.0
SANIMA,8/26/2021,522.0,527.0,518.0,522.0,-0.55,112130.0,390.6,295.0
SANIMA,8/29/2021,525.0,533.0,514.0,518.0,-0.77,203354.0,390.6,295.0
SANIMA,8/31/2021,518.0,518.0,503.1,507.0,-2.12,187793.0,390.6,295.0
SANIMA,9/1/2021,516.0,516.0,498.0,506.0,-0.2,202887.0,390.6,295.0
SANIMA,9/2/2021,516.1,516.1,494.1,498.0,-1.58,146789.0,390.6,295.0
SANIMA,9/5/2021,498.0,505.0,480.0,490.0,-1.61,234517.0,390.6,295.0
SANIMA,9/6/2021,490.0,517.0,481.0,511.0,4.29,163012.0,390.6,295.0
SANIMA,9/7/2021,515.0,517.0,495.4,498.0,-2.54,130062.0,390.6,295.0
SANIMA,9/8/2021,507.9,507.9,485.0,490.3,-1.55,113583.0,390.6,295.0
SANIMA,9/9/2021,494.0,499.0,486.0,491.0,0.14,106852.0,390.6,295.0
SANIMA,9/12/2021,500.8,505.0,489.0,504.0,2.65,100465.0,390.6,295.0
SANIMA,9/13/2021,510.0,512.0,500.0,506.9,0.58,84252.0,390.6,295.0
SANIMA,9/14/2021,507.0,511.9,501.0,502.0,-0.97,90104.0,390.6,295.0
SANIMA,9/15/2021,500.0,502.0,493.0,497.0,-1.0,79000.0,390.6,295.0
SANIMA,9/16/2021,495.0,495.0,480.6,481.3,-3.16,135986.0,390.6,295.0
SANIMA,9/20/2021,481.0,489.0,468.6,468.6,-2.64,172577.0,390.6,295.0
SANIMA,9/21/2021,469.0,484.0,455.0,470.0,0.3,120962.0,390.6,295.0
SANIMA,9/22/2021,479.0,510.0,478.1,510.0,8.51,245062.0,390.6,295.0
SANIMA,9/23/2021,520.2,549.0,520.2,528.4,3.61,638916.0,390.6,295.0
SANIMA,9/26/2021,529.9,532.0,515.0,518.0,-1.97,302896.0,390.6,295.0
SANIMA,9/27/2021,518.0,518.0,500.8,507.0,-2.12,159371.0,390.6,295.0
SANIMA,9/28/2021,499.0,510.0,492.0,499.0,-1.58,182729.0,390.6,295.0
SANIMA,9/29/2021,508.9,511.0,494.0,510.0,2.2,121614.0,390.6,295.0
SANIMA,9/30/2021,520.2,520.2,500.0,504.0,-1.18,102748.0,390.6,295.0
SANIMA,10/3/2021,504.0,506.0,496.5,498.0,-1.19,122633.0,390.6,295.0
SANIMA,10/4/2021,500.0,505.0,488.0,498.0,0.0,90673.0,390.6,295.0
SANIMA,10/5/2021,506.0,506.0,497.6,501.0,0.6,107730.0,390.6,295.0
SANIMA,10/6/2021,509.5,514.7,502.1,509.0,1.6,81944.0,390.6,295.0
SANIMA,10/10/2021,519.0,519.0,509.0,512.0,0.59,154944.0,390.6,295.0
SANIMA,10/11/2021,519.0,520.0,504.0,512.0,0.0,196559.0,390.6,295.0
SANIMA,10/17/2021,522.0,522.0,503.0,510.0,-0.39,106071.0,390.6,295.0
SANIMA,10/18/2021,510.0,510.0,496.0,499.0,-2.16,195487.0,390.6,295.0
SANIMA,10/19/2021,500.0,500.0,480.2,490.0,-1.8,151621.0,390.6,295.0
SANIMA,10/20/2021,498.0,504.0,490.0,493.9,0.8,106955.0,390.6,295.0
SANIMA,10/21/2021,500.0,500.0,487.0,488.8,-1.03,550763.0,390.6,295.0
SANIMA,10/24/2021,418.0,418.0,394.0,402.0,-17.76,143104.0,390.6,295.0
SANIMA,10/25/2021,402.0,405.9,395.0,403.0,0.25,104486.0,390.6,295.0
SANIMA,10/26/2021,410.0,410.0,401.0,402.6,-0.1,117960.0,390.6,295.0
SANIMA,10/27/2021,405.0,412.0,398.0,408.0,1.34,108666.0,390.6,295.0
SANIMA,10/28/2021,410.0,414.0,403.0,403.5,-1.1,86887.0,390.6,295.0
SANIMA,10/31/2021,405.0,408.0,402.0,405.0,0.37,142919.0,390.6,295.0
SANIMA,11/1/2021,413.0,413.0,405.0,406.0,0.25,90725.0,390.6,295.0
SANIMA,11/2/2021,412.0,412.0,405.0,408.0,0.49,38314.0,390.6,295.0
SANIMA,11/3/2021,410.0,410.0,404.8,404.8,-0.78,63025.0,390.6,295.0
SANIMA,11/8/2021,406.0,406.0,400.0,400.0,-1.19,56228.0,390.6,295.0
SANIMA,11/9/2021,397.1,399.0,385.0,390.0,-2.5,113804.0,390.6,295.0
SANIMA,11/11/2021,385.0,390.0,380.0,383.0,-1.79,60551.0,390.6,295.0
SANIMA,11/14/2021,390.5,390.5,380.0,384.0,0.26,45599.0,390.6,295.0
SANIMA,11/15/2021,385.0,390.0,382.2,386.0,0.52,35600.0,390.6,295.0
SANIMA,11/16/2021,386.0,404.9,381.0,401.0,3.89,71340.0,390.6,295.0
SANIMA,11/17/2021,405.0,407.8,395.0,396.0,-1.25,39497.0,390.6,295.0
SANIMA,11/18/2021,398.0,400.0,386.0,389.0,-1.77,46042.0,390.6,295.0
SANIMA,11/21/2021,393.0,394.9,384.0,384.0,-1.29,40428.0,390.6,295.0
SANIMA,11/22/2021,385.0,388.4,383.0,387.9,1.02,36330.0,390.6,295.0
SANIMA,11/23/2021,387.9,387.9,381.1,381.9,-1.55,41575.0,390.6,295.0
SANIMA,11/24/2021,381.9,381.9,373.0,377.0,-1.28,59461.0,390.6,295.0
SANIMA,11/25/2021,378.5,382.0,373.0,375.1,-0.5,43608.0,390.6,295.0
SANIMA,11/28/2021,373.1,375.0,360.0,361.0,-3.76,71149.0,390.6,295.0
SANIMA,11/29/2021,359.0,366.0,355.0,357.0,-1.11,94402.0,390.6,295.0
SANIMA,11/30/2021,362.0,362.5,355.0,359.0,0.56,48904.0,390.6,295.0
SANIMA,12/1/2021,361.0,365.0,358.0,360.0,0.28,31431.0,390.6,295.0
SANIMA,12/2/2021,360.0,365.0,357.0,357.0,-0.83,38037.0,390.6,295.0
SANIMA,12/5/2021,352.0,358.0,350.0,350.0,-1.96,59627.0,390.6,295.0
SANIMA,12/6/2021,353.9,354.0,340.0,351.0,0.29,54999.0,390.6,295.0
SANIMA,12/7/2021,358.0,359.0,350.0,350.0,-0.28,37126.0,390.6,295.0
SANIMA,12/8/2021,357.0,357.0,342.0,344.0,-1.71,34025.0,390.6,295.0
SANIMA,12/9/2021,341.0,345.0,335.0,339.0,-1.45,35942.0,390.6,295.0
SANIMA,12/12/2021,338.0,338.0,327.0,327.0,-3.54,43009.0,390.6,295.0
SANIMA,12/13/2021,326.0,326.0,319.0,322.2,-1.47,45060.0,390.6,295.0
SANIMA,12/14/2021,328.0,345.0,324.2,341.0,5.83,16643.0,390.6,295.0
SANIMA,12/15/2021,347.8,355.0,330.1,340.0,-0.29,53525.0,390.6,295.0
SANIMA,12/16/2021,340.0,340.0,333.0,335.1,-1.44,20844.0,390.6,295.0
SANIMA,12/20/2021,341.8,341.8,328.0,332.0,-0.93,40645.0,390.6,295.0
SANIMA,12/21/2021,338.0,340.0,332.0,337.0,1.51,17326.0,390.6,295.0
SANIMA,12/22/2021,340.0,349.0,340.0,347.5,3.12,24319.0,390.6,295.0
SANIMA,12/23/2021,347.0,353.0,344.1,350.0,0.72,37310.0,390.6,295.0
SANIMA,12/26/2021,355.0,362.0,348.5,358.0,2.29,53556.0,390.6,295.0
SANIMA,12/27/2021,355.0,363.0,355.0,356.0,-0.56,63171.0,390.6,295.0
SANIMA,12/28/2021,355.0,355.0,338.2,352.0,-1.12,36901.0,390.6,295.0
SANIMA,12/29/2021,355.0,356.0,350.0,354.0,0.57,40088.0,390.6,295.0
SANIMA,1/2/2022,354.0,365.0,354.0,363.0,2.54,53951.0,390.6,295.0
SANIMA,1/3/2022,367.9,377.0,366.0,372.0,2.48,55415.0,390.6,295.0
SANIMA,1/4/2022,368.0,384.0,365.0,381.9,2.66,62937.0,390.6,295.0
SANIMA,1/5/2022,384.0,392.5,373.0,376.0,-1.54,80827.0,390.6,295.0
SANIMA,1/6/2022,377.0,381.9,375.0,378.0,0.53,61095.0,390.6,295.0
SANIMA,1/9/2022,370.5,390.0,370.5,384.9,1.83,177321.0,390.6,295.0
SANIMA,1/10/2022,384.0,390.0,382.0,385.0,0.03,91331.0,390.6,295.0
SANIMA,1/11/2022,385.0,388.0,381.0,384.0,-0.26,87321.0,390.6,295.0
SANIMA,1/12/2022,384.1,390.0,379.0,380.0,-1.04,78811.0,390.6,295.0
SANIMA,1/13/2022,384.0,385.0,373.0,384.0,1.05,71088.0,390.6,295.0
SANIMA,1/16/2022,389.0,396.0,383.0,393.0,2.34,154581.0,390.6,295.0
SANIMA,1/17/2022,397.0,400.0,390.0,395.0,0.51,72704.0,390.6,295.0
SANIMA,1/18/2022,398.0,402.0,390.0,396.0,0.25,117028.0,390.6,295.0
SANIMA,1/19/2022,396.0,402.0,391.5,392.0,-1.01,81500.0,390.6,295.0
SANIMA,1/20/2022,391.0,396.5,385.5,391.0,-0.26,61543.0,390.6,295.0
SANIMA,1/23/2022,391.0,392.0,381.0,383.0,-2.05,75601.0,390.6,295.0
SANIMA,1/24/2022,380.0,381.0,367.0,367.0,-4.18,92034.0,390.6,295.0
SANIMA,1/25/2022,374.3,374.3,356.0,365.0,-0.54,73933.0,390.6,295.0
SANIMA,1/26/2022,365.0,365.0,356.0,359.0,-1.64,49631.0,390.6,295.0
SANIMA,1/27/2022,358.0,363.0,357.0,360.1,0.31,33397.0,390.6,295.0
SANIMA,1/30/2022,367.0,375.0,367.0,370.0,2.75,59035.0,390.6,295.0
SANIMA,1/31/2022,376.0,377.0,364.0,367.0,-0.81,34113.0,390.6,295.0
SANIMA,2/1/2022,367.0,369.0,359.7,369.0,0.54,84378.0,390.6,295.0
SANIMA,2/3/2022,376.0,376.3,368.0,369.0,0.0,66693.0,390.6,295.0
SANIMA,2/6/2022,368.0,368.0,362.6,363.0,-1.63,53066.0,390.6,295.0
SANIMA,2/7/2022,363.5,365.0,360.0,363.5,0.14,22657.0,390.6,295.0
SANIMA,2/8/2022,370.0,377.2,360.0,360.2,-0.91,48181.0,390.6,295.0
SANIMA,2/9/2022,364.0,364.0,355.1,358.0,-0.61,47307.0,390.6,295.0
SANIMA,2/10/2022,360.0,360.0,353.0,355.0,-0.84,50955.0,390.6,295.0
SANIMA,2/13/2022,348.0,352.0,341.0,348.0,-1.97,80768.0,390.6,295.0
SANIMA,2/14/2022,342.0,354.0,342.0,345.0,-0.86,59328.0,390.6,295.0
SANIMA,2/15/2022,350.0,350.2,342.5,345.0,0.0,97302.0,390.6,295.0
SANIMA,2/16/2022,350.0,350.0,343.0,344.2,-0.23,23386.0,390.6,295.0
SANIMA,2/17/2022,345.0,346.0,342.0,343.0,-0.35,35697.0,390.6,295.0
SANIMA,2/20/2022,340.0,343.0,325.0,338.0,-1.46,43187.0,390.6,295.0
SANIMA,2/21/2022,340.0,343.0,336.0,338.0,0.0,64069.0,390.6,295.0
SANIMA,2/22/2022,340.0,343.0,338.0,338.1,0.03,46629.0,390.6,295.0
SANIMA,2/23/2022,340.1,342.0,337.0,337.0,-0.33,44419.0,390.6,295.0
SANIMA,2/24/2022,336.5,338.0,331.1,333.0,-1.19,48777.0,390.6,295.0
SANIMA,2/27/2022,332.0,336.0,330.0,334.4,0.42,28879.0,390.6,295.0
SANIMA,2/28/2022,340.0,340.0,329.6,331.0,-1.02,78521.0,390.6,295.0
SANIMA,3/2/2022,330.0,332.0,322.1,326.0,-1.51,82983.0,390.6,295.0
SANIMA,3/6/2022,326.0,332.0,325.2,326.0,0.0,65869.0,390.6,295.0
SANIMA,3/7/2022,332.0,332.0,323.0,325.1,-0.28,55568.0,390.6,295.0
SANIMA,3/9/2022,330.0,330.9,324.1,326.8,0.52,60487.0,390.6,295.0
SANIMA,3/10/2022,326.0,329.9,323.0,328.1,0.4,43848.0,390.6,295.0
SANIMA,3/13/2022,331.0,341.0,330.0,337.5,2.86,84280.0,390.6,295.0
SANIMA,3/14/2022,343.0,343.9,337.6,343.0,1.63,24357.0,390.6,295.0
SANIMA,3/15/2022,346.0,346.0,338.0,340.9,-0.61,54912.0,390.6,295.0
SANIMA,3/16/2022,340.0,340.0,334.0,336.2,-1.38,61454.0,390.6,295.0
SANIMA,3/20/2022,339.0,340.0,332.0,335.0,-0.36,44513.0,390.6,295.0
SANIMA,3/21/2022,335.0,335.5,329.0,335.0,0.0,46666.0,390.6,295.0
SANIMA,3/22/2022,340.0,340.0,334.0,338.7,1.1,66187.0,390.6,295.0
SANIMA,3/23/2022,340.0,340.0,335.0,335.2,-1.03,37830.0,390.6,295.0
SANIMA,3/24/2022,334.1,337.0,332.2,332.2,-0.89,33607.0,390.6,295.0
SANIMA,3/27/2022,336.0,336.0,327.4,328.0,-1.26,55695.0,390.6,295.0
SANIMA,3/28/2022,328.0,329.0,324.1,325.0,-0.91,68015.0,390.6,295.0
SANIMA,3/29/2022,327.0,327.0,322.0,323.0,-0.62,44230.0,390.6,295.0
SANIMA,3/30/2022,323.0,325.0,322.2,323.2,0.06,67618.0,390.6,295.0
SANIMA,3/31/2022,325.0,332.0,320.0,321.2,-0.62,71820.0,390.6,295.0
SANIMA,4/3/2022,321.3,325.0,319.4,323.0,0.56,25112.0,390.6,295.0
SANIMA,4/4/2022,323.0,325.0,319.0,321.0,-0.62,67518.0,390.6,295.0
SANIMA,4/5/2022,325.0,325.0,316.5,318.9,-0.65,71156.0,390.6,295.0
SANIMA,4/6/2022,317.0,324.0,314.0,315.0,-1.22,39275.0,390.6,295.0
SANIMA,4/7/2022,320.0,320.0,314.6,314.6,-0.13,70891.0,390.6,295.0
SANIMA,4/11/2022,319.0,325.0,314.0,315.0,0.13,52932.0,390.6,295.0
SANIMA,4/12/2022,315.0,317.9,313.0,315.0,0.0,45974.0,390.6,295.0
SANIMA,4/13/2022,316.1,318.0,314.0,317.0,0.63,31584.0,390.6,295.0
SANIMA,4/17/2022,317.0,325.0,316.0,316.9,-0.03,37229.0,390.6,295.0
SANIMA,4/18/2022,317.5,318.0,311.0,315.0,-0.6,43034.0,390.6,295.0
SANIMA,4/19/2022,311.0,318.0,311.0,315.0,0.0,26229.0,390.6,295.0
SANIMA,4/20/2022,315.0,320.0,312.0,313.1,-0.6,23798.0,390.6,295.0
SANIMA,4/21/2022,312.5,312.5,306.0,307.0,-1.95,63665.0,390.6,295.0
SANIMA,4/24/2022,307.5,315.0,307.5,314.0,2.28,46301.0,390.6,295.0
SANIMA,4/25/2022,316.0,318.0,312.0,313.0,-0.32,23389.0,390.6,295.0
SANIMA,4/26/2022,311.0,316.0,311.0,312.4,-0.19,12732.0,390.6,295.0
SANIMA,4/27/2022,308.0,313.0,307.5,312.8,0.13,33814.0,390.6,295.0
SANIMA,4/28/2022,318.0,318.0,308.0,309.0,-1.21,46461.0,390.6,295.0
SANIMA,5/2/2022,310.0,310.0,303.0,304.7,-1.39,39389.0,390.6,295.0
SANIMA,5/4/2022,305.0,305.0,299.8,303.0,-0.56,35810.0,390.6,295.0
SANIMA,5/5/2022,305.0,305.0,300.0,301.0,-0.66,24627.0,390.6,295.0
SANIMA,5/8/2022,302.0,302.0,293.0,299.0,-0.66,37306.0,390.6,295.0
SANIMA,5/9/2022,302.9,304.5,295.0,300.0,0.33,41675.0,390.6,295.0
SANIMA,5/10/2022,306.0,309.9,303.0,309.0,3.0,28726.0,390.6,295.0
SANIMA,5/11/2022,309.0,316.0,308.0,314.0,1.62,26475.0,390.6,295.0
SANIMA,5/12/2022,320.0,320.0,309.0,314.0,0.0,22214.0,390.6,295.0
SANIMA,5/17/2022,315.0,315.0,305.1,305.8,-2.61,11627.0,390.6,295.0
SANIMA,5/18/2022,304.0,305.0,300.0,303.9,-0.62,30317.0,390.6,295.0
SANIMA,5/19/2022,303.0,305.0,301.0,302.7,-0.39,26003.0,390.6,295.0
SANIMA,5/20/2022,308.2,308.2,301.0,301.8,-0.3,18625.0,390.6,295.0
SANIMA,5/23/2022,301.8,302.0,296.5,297.5,-1.42,28517.0,390.6,295.0
SANIMA,5/24/2022,297.0,301.0,295.0,299.0,0.5,29803.0,390.6,295.0
SANIMA,5/25/2022,302.0,302.0,297.0,300.0,0.33,26954.0,390.6,295.0
SANIMA,5/26/2022,300.1,305.0,299.0,302.5,0.83,36856.0,390.6,295.0
SANIMA,5/27/2022,303.0,303.7,298.0,299.0,-1.16,28494.0,390.6,295.0
SANIMA,5/30/2022,300.0,300.0,294.7,295.0,-1.34,37275.0,390.6,295.0
SANIMA,5/31/2022,293.0,295.0,290.0,292.9,-0.71,31160.0,390.6,295.0
SANIMA,6/1/2022,293.0,301.0,292.0,294.0,0.38,20751.0,390.6,295.0
SANIMA,6/2/2022,299.0,299.8,290.1,293.0,-0.34,24118.0,390.6,295.0
SANIMA,6/3/2022,291.0,292.0,285.0,288.0,-1.71,44483.0,390.6,295.0
SANIMA,6/6/2022,290.0,291.5,286.0,289.9,0.66,26277.0,390.6,295.0
SANIMA,6/7/2022,287.0,290.0,280.0,280.5,-3.24,45440.0,390.6,295.0
SANIMA,6/8/2022,284.0,288.0,274.9,284.0,1.25,56972.0,390.6,295.0
SANIMA,6/9/2022,289.0,292.0,281.5,287.0,1.06,30022.0,390.6,295.0
SANIMA,6/10/2022,282.1,287.0,282.0,285.3,-0.59,14141.0,390.6,295.0
SANIMA,6/13/2022,284.5,286.0,270.0,280.0,-1.86,331856.0,390.6,295.0
SANIMA,6/14/2022,283.0,283.0,277.0,278.9,-0.39,25837.0,390.6,295.0
SANIMA,6/15/2022,278.0,278.2,265.0,274.9,-1.43,56408.0,390.6,295.0
SANIMA,6/16/2022,270.0,277.5,270.0,274.5,-0.15,67005.0,390.6,295.0
SANIMA,6/17/2022,276.0,277.5,274.0,275.0,0.18,11559.0,390.6,295.0
SANIMA,6/19/2022,280.0,280.0,271.5,273.0,-0.73,20893.0,390.6,295.0
SANIMA,6/20/2022,271.0,272.0,267.0,268.0,-1.83,38144.0,390.6,295.0
SANIMA,6/21/2022,268.0,273.0,268.0,271.5,1.31,28375.0,390.6,295.0
SANIMA,6/22/2022,272.0,273.9,268.5,268.5,-1.1,22161.0,390.6,295.0
SANIMA,6/23/2022,265.0,267.0,261.5,265.7,-1.04,17811.0,390.6,295.0
SANIMA,6/24/2022,262.0,274.0,257.0,266.0,0.11,21723.0,390.6,295.0
SANIMA,6/26/2022,271.3,278.0,270.0,278.0,4.51,31774.0,390.6,295.0
SANIMA,6/27/2022,280.5,285.0,270.1,272.0,-2.16,37951.0,390.6,295.0
SANIMA,6/28/2022,272.0,272.0,263.7,272.0,0.0,26781.0,390.6,295.0
SANIMA,6/29/2022,270.0,273.9,268.0,272.0,0.0,33195.0,390.6,295.0
SANIMA,6/30/2022,272.0,279.4,270.0,279.4,2.72,59764.0,390.6,295.0
SANIMA,7/1/2022,282.0,282.0,272.1,274.0,-1.93,30004.0,390.6,295.0
SANIMA,7/3/2022,274.0,278.0,269.1,273.0,-0.36,63228.0,390.6,295.0
SANIMA,7/4/2022,278.4,282.0,270.2,270.2,-1.03,100665.0,390.6,295.0
SANIMA,7/5/2022,270.0,273.3,268.0,271.0,0.3,38299.0,390.6,295.0
SANIMA,7/6/2022,276.4,276.4,265.7,272.0,0.37,32594.0,390.6,295.0
SANIMA,7/7/2022,267.0,277.0,264.6,267.0,-1.84,73488.0,390.6,295.0
SANIMA,7/8/2022,272.3,272.3,260.0,260.0,-2.62,48937.0,390.6,295.0
SANIMA,7/11/2022,260.1,260.2,252.9,253.0,-2.69,55890.0,390.6,295.0
SANIMA,7/12/2022,254.0,260.0,249.0,260.0,2.77,47194.0,390.6,295.0
SANIMA,7/13/2022,260.0,264.9,257.1,262.9,1.12,117895.0,390.6,295.0
SANIMA,7/14/2022,266.0,267.0,257.9,257.9,-1.9,160541.0,390.6,295.0
SANIMA,7/15/2022,260.0,283.0,259.0,276.0,7.02,51762.0,390.6,295.0
SANIMA,7/17/2022,280.0,280.0,269.0,272.9,-1.12,27954.0,390.6,295.0
SANIMA,7/18/2022,275.0,275.0,267.6,272.0,-0.33,53133.0,390.6,295.0
SANIMA,7/19/2022,270.0,277.0,270.0,273.6,0.59,32313.0,390.6,295.0
SANIMA,7/20/2022,274.0,275.0,270.0,273.5,-0.04,49655.0,390.6,295.0
SANIMA,7/21/2022,275.0,275.2,270.0,271.0,-0.91,68027.0,390.6,295.0
SANIMA,7/22/2022,270.0,270.0,266.0,267.0,-1.48,23851.0,390.6,295.0
SANIMA,7/24/2022,271.0,274.0,261.0,270.0,1.12,30767.0,390.6,295.0
SANIMA,7/25/2022,275.0,278.9,269.0,270.0,0.0,73731.0,390.6,295.0
SANIMA,7/26/2022,270.1,272.0,263.0,263.5,-2.41,63007.0,390.6,295.0
SANIMA,7/27/2022,267.0,268.0,256.0,262.0,-0.57,82957.0,390.6,295.0
SANIMA,7/28/2022,257.0,268.4,257.0,260.0,-0.76,70505.0,390.6,295.0
SANIMA,7/29/2022,260.0,265.0,260.0,260.1,0.04,63326.0,390.6,295.0
SANIMA,7/31/2022,263.0,275.0,261.0,275.0,5.73,91322.0,390.6,295.0
SANIMA,8/1/2022,279.0,280.0,276.0,279.0,1.45,75256.0,390.6,295.0
SANIMA,8/2/2022,280.0,280.0,274.0,277.0,-0.72,33823.0,390.6,295.0
SANIMA,8/3/2022,278.0,278.0,273.0,273.1,-1.41,46713.0,390.6,295.0
SANIMA,8/4/2022,269.0,271.0,266.0,266.5,-2.42,43929.0,390.6,295.0
SANIMA,8/5/2022,271.0,271.0,260.1,263.0,-1.31,23563.0,390.6,295.0
SANIMA,8/7/2022,261.0,266.0,261.0,262.0,-0.38,27318.0,390.6,295.0
SANIMA,8/8/2022,266.0,266.0,260.0,261.0,-0.38,31169.0,390.6,295.0
SANIMA,8/9/2022,265.9,265.9,256.8,258.0,-1.15,49231.0,390.6,295.0
SANIMA,8/10/2022,258.0,258.9,253.0,254.0,-1.55,38799.0,390.6,295.0
SANIMA,8/11/2022,254.1,258.0,253.3,254.1,0.04,21981.0,390.6,295.0
SANIMA,8/14/2022,254.0,259.0,253.0,253.0,-0.43,19177.0,390.6,295.0
SANIMA,8/15/2022,248.0,261.9,248.0,256.0,1.19,20009.0,390.6,295.0
SANIMA,8/16/2022,256.0,261.0,256.0,260.0,1.56,31988.0,390.6,295.0
SANIMA,8/17/2022,258.0,263.0,257.0,257.0,-1.15,23473.0,390.6,295.0
SANIMA,8/18/2022,257.0,260.0,254.0,257.5,0.19,14075.0,390.6,295.0
SANIMA,8/21/2022,260.0,263.0,256.7,257.0,-0.19,38430.0,390.6,295.0
SANIMA,8/22/2022,256.1,262.5,256.1,262.0,1.95,25689.0,390.6,295.0
SANIMA,8/23/2022,258.0,269.9,258.0,267.0,1.91,34622.0,390.6,295.0
SANIMA,8/24/2022,270.0,271.0,265.6,269.5,0.94,23950.0,390.6,295.0
SANIMA,8/25/2022,265.0,270.0,265.0,266.0,-1.3,19099.0,390.6,295.0
SANIMA,8/26/2022,266.0,267.0,259.0,260.0,-2.26,21929.0,390.6,295.0
SANIMA,8/28/2022,261.0,261.0,255.5,258.9,-0.42,21667.0,390.6,295.0
SANIMA,8/29/2022,257.0,260.0,253.3,255.1,-1.47,27923.0,390.6,295.0
SANIMA,8/30/2022,255.0,260.0,254.0,254.9,-0.08,17965.0,390.6,295.0
SANIMA,8/31/2022,253.0,256.0,253.0,254.8,-0.04,13693.0,390.6,295.0
SANIMA,9/1/2022,253.5,256.0,253.0,255.7,0.35,19497.0,390.6,295.0
SANIMA,9/2/2022,253.1,257.0,252.5,254.0,-0.66,17035.0,390.6,295.0
SANIMA,9/4/2022,254.0,256.8,253.0,253.0,-0.39,15860.0,390.6,295.0
SANIMA,9/5/2022,252.3,256.5,252.0,253.2,0.08,15424.0,390.6,295.0
SANIMA,9/6/2022,251.5,256.0,251.5,253.0,-0.08,17283.0,390.6,295.0
SANIMA,9/7/2022,256.9,257.0,252.1,254.9,0.75,9664.0,390.6,295.0
SANIMA,9/8/2022,255.0,255.0,250.6,253.0,-0.75,31499.0,390.6,295.0
SANIMA,9/11/2022,256.9,257.0,252.0,252.2,-0.32,14865.0,390.6,295.0
SANIMA,9/12/2022,253.0,255.0,252.1,253.0,0.32,22074.0,390.6,295.0
SANIMA,9/13/2022,256.0,256.8,253.0,256.0,1.19,17783.0,390.6,295.0
SANIMA,9/14/2022,259.0,261.9,256.2,258.0,0.78,33647.0,390.6,295.0
SANIMA,9/15/2022,258.0,258.0,251.6,251.9,-2.36,19966.0,390.6,295.0
SANIMA,9/16/2022,253.9,253.9,244.0,250.0,-0.75,34212.0,390.6,295.0
SANIMA,9/18/2022,249.0,249.0,243.2,246.0,-1.6,38623.0,390.6,295.0
SANIMA,9/20/2022,246.0,246.0,237.6,241.6,-1.79,26385.0,390.6,295.0
SANIMA,9/21/2022,243.9,246.0,237.0,243.6,0.83,27595.0,390.6,295.0
SANIMA,9/22/2022,246.0,246.0,240.7,241.7,-0.78,12876.0,390.6,295.0
SANIMA,9/25/2022,236.9,241.0,233.0,240.0,-0.7,29891.0,390.6,295.0
SANIMA,9/27/2022,240.0,246.8,237.0,241.0,0.42,15611.0,390.6,295.0
SANIMA,9/28/2022,245.0,248.5,240.1,247.0,2.49,7193.0,390.6,295.0
SANIMA,9/29/2022,247.0,254.9,247.0,253.0,2.43,14751.0,390.6,295.0
SANIMA,10/9/2022,257.4,257.4,253.0,255.0,0.79,19603.0,390.6,295.0
SANIMA,10/10/2022,258.0,258.0,252.0,252.0,-1.18,18322.0,390.6,295.0
SANIMA,10/11/2022,252.0,253.0,246.0,246.0,-2.38,22753.0,390.6,295.0
SANIMA,10/12/2022,244.1,252.0,244.1,249.0,1.22,16410.0,390.6,295.0
SANIMA,10/13/2022,249.0,255.5,242.0,248.8,-0.08,48092.0,390.6,295.0
SANIMA,10/16/2022,253.7,258.7,245.6,246.1,-1.09,33490.0,390.6,295.0
SANIMA,10/17/2022,248.1,255.0,248.1,252.0,2.4,25456.0,390.6,295.0
SANIMA,10/19/2022,255.0,256.9,249.0,251.0,-0.4,27851.0,390.6,295.0
SANIMA,10/20/2022,251.0,254.0,249.1,254.0,1.2,14864.0,390.6,295.0
SANIMA,10/23/2022,259.0,263.5,256.4,263.4,3.7,46328.0,390.6,295.0
SANIMA,10/31/2022,266.0,273.0,260.0,265.0,0.61,46696.0,390.6,295.0
SANIMA,11/1/2022,265.0,275.0,263.1,272.0,2.64,39552.0,390.6,295.0
SANIMA,11/2/2022,274.0,277.0,263.7,269.9,-0.77,49519.0,390.6,295.0
SANIMA,11/3/2022,269.9,270.0,264.5,264.5,-2.0,26370.0,390.6,295.0
SANIMA,11/6/2022,262.2,267.0,261.0,267.0,0.95,33048.0,390.6,295.0
SANIMA,11/7/2022,269.0,269.0,265.0,266.2,-0.3,27253.0,390.6,295.0
SANIMA,11/8/2022,267.0,267.0,263.1,264.9,-0.49,13335.0,390.6,295.0
SANIMA,11/9/2022,265.0,265.0,257.0,257.0,-2.98,39783.0,390.6,295.0
SANIMA,11/10/2022,255.2,260.0,252.2,255.0,-0.78,30760.0,390.6,295.0
SANIMA,11/13/2022,257.0,258.0,254.0,256.0,0.39,18023.0,390.6,295.0
SANIMA,11/14/2022,256.0,260.0,255.0,260.0,1.56,20823.0,390.6,295.0
SANIMA,11/15/2022,260.0,263.0,258.0,258.6,-0.54,16698.0,390.6,295.0
SANIMA,11/16/2022,259.0,263.0,256.0,262.0,1.31,12354.0,390.6,295.0
SANIMA,11/17/2022,265.0,267.0,262.0,264.7,1.03,26942.0,390.6,295.0
SANIMA,11/22/2022,268.0,271.0,265.0,266.0,0.49,28934.0,390.6,295.0
SANIMA,11/23/2022,269.0,269.5,263.0,264.0,-0.75,19570.0,390.6,295.0
SANIMA,11/24/2022,267.0,267.0,264.0,265.5,0.57,10750.0,390.6,295.0
SANIMA,11/27/2022,267.0,269.0,264.0,267.5,0.75,29861.0,390.6,295.0
SANIMA,11/28/2022,268.0,268.0,264.5,264.5,-1.12,25180.0,390.6,295.0
SANIMA,11/29/2022,263.0,267.0,263.0,266.0,0.57,19120.0,390.6,295.0
SANIMA,11/30/2022,268.0,268.4,265.0,267.0,0.38,29341.0,390.6,295.0
SANIMA,12/1/2022,266.9,269.0,264.6,269.0,0.75,27594.0,390.6,295.0
SANIMA,12/4/2022,272.0,273.0,270.0,271.9,1.08,94387.0,390.6,295.0
SANIMA,12/5/2022,245.0,246.0,241.2,242.0,-11.0,24795.0,390.6,295.0
SANIMA,12/6/2022,242.0,242.0,237.2,238.9,-1.28,14270.0,390.6,295.0
SANIMA,12/7/2022,238.0,239.0,234.0,234.1,-2.01,13811.0,390.6,295.0
SANIMA,12/11/2022,231.0,231.5,226.6,226.6,-3.2,24436.0,390.6,295.0
SANIMA,12/12/2022,230.0,230.0,224.0,226.0,-0.26,18688.0,390.6,295.0
SANIMA,12/13/2022,224.5,227.5,223.0,223.2,-1.24,44187.0,390.6,295.0
SANIMA,12/14/2022,222.0,226.5,222.0,223.8,0.27,7492.0,390.6,295.0
SANIMA,12/15/2022,227.0,227.0,223.0,225.9,0.94,12600.0,390.6,295.0
SANIMA,12/18/2022,223.0,225.0,223.0,223.0,-1.28,11305.0,390.6,295.0
SANIMA,12/19/2022,223.0,224.5,222.2,223.6,0.27,12064.0,390.6,295.0
SANIMA,12/20/2022,227.5,227.5,223.2,226.0,1.07,12211.0,390.6,295.0
SANIMA,12/21/2022,229.9,230.0,224.0,224.0,-0.88,16383.0,390.6,295.0
SANIMA,12/22/2022,224.0,225.5,222.1,224.0,0.0,24150.0,390.6,295.0
SANIMA,12/26/2022,227.4,230.1,227.0,230.0,2.68,14930.0,390.6,295.0
SANIMA,12/27/2022,234.6,241.4,231.2,237.0,3.04,40604.0,390.6,295.0
SANIMA,12/28/2022,237.0,239.5,235.0,235.2,-0.76,21297.0,390.6,295.0
SANIMA,12/29/2022,234.1,241.0,230.0,240.0,2.04,127607.0,390.6,295.0
SANIMA,1/1/2023,240.0,244.0,238.0,239.0,-0.42,35790.0,390.6,295.0
SANIMA,1/2/2023,240.0,243.0,236.0,240.0,0.42,26429.0,390.6,295.0
SANIMA,1/3/2023,241.0,241.0,237.0,237.5,-1.04,37602.0,390.6,295.0
SANIMA,1/4/2023,239.0,242.7,235.2,242.5,2.11,29700.0,390.6,295.0
SANIMA,1/5/2023,242.0,246.8,238.0,246.8,1.77,59299.0,390.6,295.0
SANIMA,1/8/2023,249.0,251.9,244.0,245.1,-0.69,56395.0,390.6,295.0
SANIMA,1/9/2023,242.1,258.0,241.1,257.0,4.86,161446.0,390.6,295.0
SANIMA,1/10/2023,260.0,275.2,259.0,262.0,1.95,201262.0,390.6,295.0
SANIMA,1/12/2023,267.0,277.7,257.1,260.1,-0.73,98762.0,390.6,295.0
SANIMA,1/17/2023,259.0,260.1,253.0,254.2,-2.27,51370.0,390.6,295.0
SANIMA,1/18/2023,258.0,260.0,253.0,255.0,0.31,65967.0,390.6,295.0
SANIMA,1/19/2023,252.0,260.0,250.0,256.0,0.39,43895.0,390.6,295.0
SANIMA,1/23/2023,261.0,270.0,257.0,260.1,1.6,78948.0,390.6,295.0
SANIMA,1/24/2023,264.0,266.5,259.7,264.0,1.5,54640.0,390.6,295.0
SANIMA,1/25/2023,260.1,265.0,260.1,264.0,0.0,103738.0,390.6,295.0
SANIMA,1/26/2023,266.0,266.0,259.0,259.0,-1.89,34958.0,390.6,295.0
SANIMA,1/29/2023,259.0,265.0,259.0,260.8,0.69,63662.0,390.6,295.0
SANIMA,1/30/2023,259.1,262.5,252.5,253.4,-2.84,40297.0,390.6,295.0
SANIMA,1/31/2023,251.1,253.0,247.0,248.0,-2.13,35527.0,390.6,295.0
SANIMA,2/1/2023,250.0,265.0,244.1,246.9,-0.44,34981.0,390.6,295.0
SANIMA,2/2/2023,250.0,250.0,241.0,245.0,-0.77,67025.0,390.6,295.0
SANIMA,2/5/2023,245.0,248.0,244.0,246.0,0.41,32467.0,390.6,295.0
SANIMA,2/6/2023,246.1,248.0,244.2,247.0,0.41,12207.0,390.6,295.0
SANIMA,2/7/2023,248.0,256.0,248.0,255.5,3.44,49408.0,390.6,295.0
SANIMA,2/8/2023,256.2,265.0,256.2,258.7,1.25,62087.0,390.6,295.0
SANIMA,2/9/2023,255.0,262.0,254.0,258.0,-0.27,67207.0,390.6,295.0
SANIMA,2/12/2023,253.0,253.0,248.0,251.0,-2.71,40537.0,390.6,295.0
SANIMA,2/14/2023,255.0,255.0,246.7,250.0,-0.4,33366.0,390.6,295.0
SANIMA,2/15/2023,247.0,251.0,244.1,245.6,-1.76,91336.0,390.6,295.0
SANIMA,2/16/2023,242.0,247.0,238.0,238.0,-3.09,73296.0,390.6,295.0
SANIMA,2/20/2023,242.0,244.0,230.0,230.0,-3.36,199727.0,390.6,295.0
SANIMA,2/22/2023,234.6,239.2,233.1,237.0,3.04,21128.0,390.6,295.0
SANIMA,2/23/2023,236.0,244.9,233.1,239.0,0.84,70274.0,390.6,295.0
SANIMA,2/26/2023,240.0,240.5,232.3,240.0,0.42,32114.0,390.6,295.0
SANIMA,2/27/2023,240.1,244.0,236.1,240.0,0.0,38831.0,390.6,295.0
SANIMA,2/28/2023,244.0,244.0,237.0,240.8,0.33,23903.0,390.6,295.0
SANIMA,3/1/2023,238.0,241.7,236.0,237.8,-1.25,27481.0,390.6,295.0
SANIMA,3/2/2023,236.0,245.0,235.0,236.0,-0.76,30530.0,390.6,295.0
SANIMA,3/5/2023,235.1,237.0,233.0,235.0,-0.42,29177.0,390.6,295.0
SANIMA,3/7/2023,235.0,240.0,234.3,236.0,0.43,38072.0,390.6,295.0
SANIMA,3/9/2023,240.7,250.9,236.0,246.0,4.24,54292.0,390.6,295.0
SANIMA,3/12/2023,246.5,248.0,241.0,243.0,-1.22,34599.0,390.6,295.0
SANIMA,3/13/2023,247.0,247.0,238.0,239.0,-1.65,42849.0,390.6,295.0
SANIMA,3/14/2023,242.0,242.4,237.0,241.0,0.84,23103.0,390.6,295.0
SANIMA,3/15/2023,241.0,244.6,238.5,241.5,0.21,24582.0,390.6,295.0
SANIMA,3/16/2023,244.0,244.0,238.1,239.7,-0.75,34591.0,390.6,295.0
SANIMA,3/19/2023,239.0,242.0,238.5,239.0,-0.29,34007.0,390.6,295.0
SANIMA,3/20/2023,243.0,243.9,239.4,243.5,1.88,24078.0,390.6,295.0
SANIMA,3/22/2023,244.9,245.0,240.0,242.0,-0.62,30666.0,390.6,295.0
SANIMA,3/23/2023,244.9,246.0,236.0,240.6,-0.58,44492.0,390.6,295.0
SANIMA,3/26/2023,239.1,243.0,238.0,238.1,-1.04,36985.0,390.6,295.0
SANIMA,3/27/2023,236.6,241.0,235.0,240.6,1.05,36962.0,390.6,295.0
SANIMA,3/28/2023,242.0,246.0,238.0,240.0,-0.25,36606.0,390.6,295.0
SANIMA,3/29/2023,241.0,243.0,239.0,243.0,1.25,21135.0,390.6,295.0
SANIMA,3/30/2023,240.1,247.8,240.0,241.8,-0.49,21266.0,390.6,295.0
SANIMA,4/2/2023,246.5,246.5,237.5,237.9,-1.61,56366.0,390.6,295.0
SANIMA,4/3/2023,238.0,238.0,235.0,235.2,-1.13,25797.0,390.6,295.0
SANIMA,4/4/2023,239.9,239.9,233.0,235.0,-0.09,30510.0,390.6,295.0
SANIMA,4/5/2023,233.2,241.0,232.0,240.0,2.13,46862.0,390.6,295.0
SANIMA,4/6/2023,244.8,244.8,235.2,236.0,-1.67,24432.0,390.6,295.0
SANIMA,4/9/2023,240.7,240.7,229.5,232.7,-1.4,81506.0,390.6,295.0
SANIMA,4/10/2023,235.0,235.9,229.0,230.0,-1.16,54630.0,390.6,295.0
SANIMA,4/11/2023,233.0,235.0,229.5,234.9,2.13,21913.0,390.6,295.0
SANIMA,4/12/2023,239.3,247.0,239.3,246.8,5.07,65426.0,390.6,295.0
SANIMA,4/13/2023,250.5,251.0,243.0,248.5,0.69,40149.0,390.6,295.0
SANIMA,4/16/2023,248.0,251.0,244.1,246.0,-1.01,43159.0,390.6,295.0
SANIMA,4/17/2023,244.0,248.8,240.5,243.0,-1.22,27367.0,390.6,295.0
SANIMA,4/18/2023,245.9,247.0,238.0,238.2,-1.98,35687.0,390.6,295.0
SANIMA,4/19/2023,242.9,247.7,241.0,247.4,3.86,40105.0,390.6,295.0
SANIMA,4/20/2023,242.5,249.0,242.5,245.0,-0.97,24460.0,390.6,295.0
SANIMA,4/23/2023,248.0,248.0,242.0,242.1,-1.18,30677.0,390.6,295.0
SANIMA,4/24/2023,241.0,245.7,240.0,240.0,-0.87,36267.0,390.6,295.0
SANIMA,4/25/2023,236.0,244.0,236.0,244.0,1.67,26978.0,390.6,295.0
SANIMA,4/26/2023,243.0,246.9,242.1,242.8,-0.49,18391.0,390.6,295.0
SANIMA,4/27/2023,241.2,245.5,241.2,244.0,0.49,18560.0,390.6,295.0
SANIMA,4/30/2023,244.0,245.9,241.3,244.4,0.16,34526.0,390.6,295.0
SANIMA,5/2/2023,244.0,246.0,241.2,243.0,-0.57,17867.0,390.6,295.0
SANIMA,5/3/2023,241.0,244.9,240.0,242.3,-0.29,32248.0,390.6,295.0
SANIMA,5/4/2023,247.1,257.0,239.6,241.0,-0.54,31818.0,390.6,295.0
SANIMA,5/7/2023,245.0,245.0,240.2,241.0,0.0,25866.0,390.6,295.0
SANIMA,5/8/2023,239.6,243.0,239.6,240.0,-0.41,22709.0,390.6,295.0
SANIMA,5/9/2023,240.0,244.0,240.0,241.0,0.42,24155.0,390.6,295.0
SANIMA,5/10/2023,242.1,245.8,241.0,242.0,0.41,38072.0,390.6,295.0
SANIMA,5/11/2023,242.0,244.0,241.0,242.0,0.0,15807.0,390.6,295.0
SANIMA,5/14/2023,240.0,244.8,237.0,237.0,-2.07,53109.0,390.6,295.0
SANIMA,5/15/2023,241.7,241.7,235.0,238.0,0.42,30473.0,390.6,295.0
SANIMA,5/16/2023,238.0,242.7,233.4,240.0,0.84,17708.0,390.6,295.0
SANIMA,5/17/2023,244.0,244.9,235.3,239.9,-0.04,30766.0,390.6,295.0
SANIMA,5/18/2023,240.1,244.4,239.9,241.0,0.46,30470.0,390.6,295.0
SANIMA,5/21/2023,244.9,246.0,242.0,243.0,0.83,28638.0,390.6,295.0
SANIMA,5/22/2023,246.5,246.6,241.7,243.0,0.0,22849.0,390.6,295.0
SANIMA,5/23/2023,243.0,250.0,243.0,247.0,1.65,37120.0,390.6,295.0
SANIMA,5/24/2023,247.0,250.5,245.0,248.0,0.4,25508.0,390.6,295.0
SANIMA,5/28/2023,244.1,252.0,244.1,247.0,-0.4,75475.0,390.6,295.0
SANIMA,5/30/2023,247.0,247.0,242.0,243.1,-1.58,31499.0,390.6,295.0
SANIMA,5/31/2023,242.0,244.0,235.5,237.9,-2.14,35377.0,390.6,295.0
SANIMA,6/1/2023,239.0,240.0,236.1,238.0,0.04,54835.0,390.6,295.0
SANIMA,6/4/2023,238.0,247.5,238.0,241.9,1.64,33684.0,390.6,295.0
SANIMA,6/5/2023,242.0,246.0,240.0,242.0,0.04,53499.0,390.6,295.0
SANIMA,6/6/2023,240.0,244.0,240.0,240.7,-0.54,40057.0,390.6,295.0
SANIMA,6/7/2023,241.1,243.0,239.0,239.5,-0.5,39779.0,390.6,295.0
SANIMA,6/8/2023,243.0,243.0,239.0,239.0,-0.21,35178.0,390.6,295.0
SANIMA,6/11/2023,239.0,245.0,239.0,242.9,1.63,34052.0,390.6,295.0
SANIMA,6/12/2023,243.1,247.7,243.0,243.0,0.04,61779.0,390.6,295.0
SANIMA,6/13/2023,247.8,247.8,240.3,244.3,0.53,45478.0,390.6,295.0
SANIMA,6/14/2023,249.0,253.0,247.0,249.9,2.29,85819.0,390.6,295.0
SANIMA,6/15/2023,251.0,251.0,245.0,249.3,-0.24,45170.0,390.6,295.0
SANIMA,6/18/2023,253.0,254.0,247.0,251.7,0.96,70962.0,390.6,295.0
SANIMA,6/19/2023,250.0,253.0,248.0,251.0,-0.28,59865.0,390.6,295.0
SANIMA,6/20/2023,250.0,254.9,248.0,249.0,-0.8,29651.0,390.6,295.0
SANIMA,6/21/2023,250.0,253.9,247.1,247.1,-0.76,71495.0,390.6,295.0
SANIMA,6/22/2023,245.0,248.5,245.0,245.3,-0.73,32549.0,390.6,295.0
SANIMA,6/25/2023,246.0,250.2,245.0,249.5,1.71,49867.0,390.6,295.0
SANIMA,6/26/2023,252.0,256.0,250.0,253.0,1.4,59291.0,390.6,295.0
SANIMA,6/27/2023,255.0,267.0,253.1,265.5,4.94,170634.0,390.6,295.0
SANIMA,6/28/2023,270.0,271.9,258.0,259.9,-2.11,98427.0,390.6,295.0
SANIMA,7/2/2023,260.0,266.0,258.0,261.0,0.42,150829.0,390.6,295.0
SANIMA,7/3/2023,260.0,264.1,258.0,260.3,-0.27,87812.0,390.6,295.0
SANIMA,7/4/2023,260.3,265.0,256.0,259.6,-0.27,50905.0,390.6,295.0
SANIMA,7/5/2023,257.0,262.0,254.1,255.0,-1.77,52717.0,390.6,295.0
SANIMA,7/6/2023,250.3,255.9,250.3,253.8,-0.47,50629.0,390.6,295.0
SANIMA,7/9/2023,258.8,262.9,254.0,255.0,0.47,74913.0,390.6,295.0
SANIMA,7/10/2023,256.0,260.0,253.0,255.0,0.0,94410.0,390.6,295.0
SANIMA,7/11/2023,255.0,256.9,253.0,256.5,0.59,59121.0,390.6,295.0
SANIMA,7/12/2023,253.0,259.0,253.0,257.9,0.55,47017.0,390.6,295.0
SANIMA,7/13/2023,260.0,262.9,250.9,254.0,-1.51,149038.0,390.6,295.0
SANIMA,7/16/2023,256.0,263.0,254.2,260.5,2.56,35482.0,390.6,295.0
SANIMA,7/17/2023,264.0,275.0,259.3,275.0,5.57,147938.0,390.6,295.0
SANIMA,7/18/2023,279.0,287.6,276.0,285.0,3.64,208259.0,390.6,295.0
SANIMA,7/19/2023,285.0,293.5,280.0,290.2,1.82,120386.0,390.6,295.0
SANIMA,7/20/2023,290.2,294.0,285.1,286.0,-1.45,124653.0,390.6,295.0
SANIMA,7/23/2023,288.1,303.9,285.0,301.0,5.24,209416.0,390.6,295.0
SANIMA,7/24/2023,300.0,301.9,291.0,294.8,-2.06,167155.0,390.6,295.0
SANIMA,7/25/2023,295.0,295.0,283.3,283.8,-3.73,116234.0,390.6,295.0
SANIMA,7/26/2023,283.8,293.6,278.5,287.5,1.3,101536.0,390.6,295.0
SANIMA,7/27/2023,292.0,293.0,285.0,286.4,-0.38,104347.0,390.6,295.0
SANIMA,7/30/2023,292.0,292.1,281.4,283.0,-1.19,100678.0,390.6,295.0
SANIMA,7/31/2023,288.0,291.0,278.0,288.8,2.05,101377.0,390.6,295.0
SANIMA,8/1/2023,293.9,298.0,287.0,291.0,0.76,105460.0,390.6,295.0
SANIMA,8/2/2023,292.0,293.9,288.0,291.0,0.0,70738.0,390.6,295.0
SANIMA,8/3/2023,295.0,296.9,291.0,292.0,0.34,95045.0,390.6,295.0
SANIMA,8/6/2023,297.8,307.0,295.0,297.0,1.71,425427.0,390.6,295.0
SANIMA,8/7/2023,299.0,300.8,292.2,299.0,0.67,134907.0,390.6,295.0
SANIMA,8/8/2023,300.0,301.0,293.0,294.0,-1.67,82760.0,390.6,295.0
SANIMA,8/9/2023,297.0,299.0,290.0,298.9,1.67,95581.0,390.6,295.0
SANIMA,8/10/2023,299.0,299.9,295.2,296.0,-0.97,69910.0,390.6,295.0
SANIMA,8/13/2023,298.0,308.0,296.0,304.0,2.7,163017.0,390.6,295.0
SANIMA,8/14/2023,308.0,310.0,304.0,306.0,0.66,193352.0,390.6,295.0
SANIMA,8/15/2023,306.0,308.0,301.0,302.0,-1.31,84703.0,390.6,295.0
SANIMA,8/16/2023,302.0,302.0,298.0,300.0,-0.66,65141.0,390.6,295.0
SANIMA,8/17/2023,306.0,306.0,300.0,300.8,0.27,58747.0,390.6,295.0
SANIMA,8/20/2023,304.9,304.9,299.1,300.0,-0.27,48327.0,390.6,295.0
SANIMA,8/21/2023,302.0,303.3,296.0,298.0,-0.67,59609.0,390.6,295.0
SANIMA,8/22/2023,302.0,302.0,298.0,299.5,0.5,48422.0,390.6,295.0
SANIMA,8/23/2023,297.5,303.5,297.0,303.0,1.17,53451.0,390.6,295.0
SANIMA,8/24/2023,307.5,307.5,298.2,299.0,-1.32,51381.0,390.6,295.0
SANIMA,8/27/2023,303.0,303.0,294.0,295.7,-1.1,52993.0,390.6,295.0
SANIMA,8/28/2023,296.0,297.9,294.3,295.0,-0.24,54605.0,390.6,295.0
SANIMA,8/29/2023,295.5,298.0,294.2,294.5,-0.17,27544.0,390.6,295.0
SANIMA,8/30/2023,296.0,300.0,296.0,297.0,0.85,55219.0,390.6,295.0
SANIMA,9/3/2023,299.0,299.0,293.0,293.1,-1.31,51769.0,390.6,295.0
SANIMA,9/4/2023,295.0,297.9,293.2,295.0,0.65,36840.0,390.6,295.0
SANIMA,9/5/2023,295.0,297.6,294.0,296.0,0.34,24799.0,390.6,295.0
SANIMA,9/7/2023,295.0,297.0,290.0,290.0,-2.03,38547.0,390.6,295.0
SANIMA,9/10/2023,295.0,297.5,292.2,293.0,1.03,41615.0,390.6,295.0
SANIMA,9/11/2023,298.0,300.0,294.0,299.0,2.05,69267.0,390.6,295.0
SANIMA,9/12/2023,300.0,301.7,295.0,297.0,-0.67,65329.0,390.6,295.0
SANIMA,9/13/2023,301.7,302.0,296.0,301.9,1.65,59168.0,390.6,295.0
SANIMA,9/17/2023,302.0,302.0,289.0,289.5,-4.11,121242.0,390.6,295.0
SANIMA,9/18/2023,289.5,292.0,286.0,288.0,-0.52,29867.0,390.6,295.0
SANIMA,9/19/2023,291.0,291.0,287.5,289.1,0.38,24246.0,390.6,295.0
SANIMA,9/21/2023,294.8,298.0,289.0,289.3,0.07,82584.0,390.6,295.0
SANIMA,9/24/2023,291.0,293.5,285.1,287.0,-0.8,44440.0,390.6,295.0
SANIMA,9/25/2023,287.0,289.6,285.0,286.0,-0.35,67603.0,390.6,295.0
SANIMA,9/26/2023,291.0,297.5,284.3,284.7,-0.45,41758.0,390.6,295.0
SANIMA,9/27/2023,283.0,286.7,281.1,285.0,0.11,38368.0,390.6,295.0
SANIMA,10/1/2023,286.0,286.0,277.0,277.2,-2.74,55755.0,390.6,295.0
SANIMA,10/2/2023,278.0,280.0,274.0,277.4,0.07,39711.0,390.6,295.0
SANIMA,10/3/2023,280.0,283.0,275.0,276.0,-0.5,51653.0,390.6,295.0
SANIMA,10/4/2023,280.0,280.1,274.2,274.3,-0.62,41926.0,390.6,295.0
SANIMA,10/5/2023,275.0,277.9,271.0,271.5,-1.02,56670.0,390.6,295.0
SANIMA,10/8/2023,271.6,272.0,268.0,269.7,-0.66,149576.0,390.6,295.0
SANIMA,10/9/2023,248.0,248.0,233.3,237.6,-11.9,51367.0,390.6,295.0
SANIMA,10/10/2023,237.0,241.0,234.5,235.2,-1.01,25686.0,390.6,295.0
SANIMA,10/11/2023,238.0,238.9,233.7,235.0,-0.09,34320.0,390.6,295.0
SANIMA,10/12/2023,237.9,237.9,228.6,228.6,-2.72,45119.0,390.6,295.0
SANIMA,10/16/2023,228.5,232.4,225.5,231.0,1.05,31828.0,390.6,295.0
SANIMA,10/17/2023,233.0,236.0,232.5,235.9,2.12,27394.0,390.6,295.0
SANIMA,10/18/2023,238.9,245.7,232.1,244.9,3.82,23270.0,390.6,295.0
SANIMA,10/19/2023,247.9,249.0,242.0,248.8,1.59,16684.0,390.6,295.0
SANIMA,10/29/2023,249.0,250.0,239.0,241.9,-2.77,22651.0,390.6,295.0
SANIMA,10/30/2023,241.0,242.9,237.0,242.5,0.25,23889.0,390.6,295.0
SANIMA,10/31/2023,244.7,244.7,237.0,238.0,-1.86,20494.0,390.6,295.0
SANIMA,11/1/2023,242.7,242.7,234.0,235.0,-1.26,26233.0,390.6,295.0
SANIMA,11/2/2023,235.0,237.0,233.0,233.0,-0.85,17456.0,390.6,295.0
SANIMA,11/5/2023,231.0,232.0,229.0,230.0,-1.29,24400.0,390.6,295.0
SANIMA,11/6/2023,230.0,239.0,230.0,235.9,2.57,17527.0,390.6,295.0
SANIMA,11/7/2023,236.2,240.5,236.1,239.5,1.53,11633.0,390.6,295.0
SANIMA,11/8/2023,241.0,242.9,235.0,236.4,-1.29,17260.0,390.6,295.0
SANIMA,11/9/2023,235.1,236.0,232.0,235.5,-0.38,15821.0,390.6,295.0
SANIMA,11/20/2023,236.1,239.7,236.1,237.1,0.68,14121.0,390.6,295.0
SANIMA,11/21/2023,238.0,239.5,233.0,236.4,-0.3,12711.0,390.6,295.0
SANIMA,11/22/2023,237.5,237.5,232.0,237.0,0.25,6846.0,390.6,295.0
SANIMA,11/23/2023,239.0,239.0,234.0,236.9,-0.04,13866.0,390.6,295.0
SANIMA,11/26/2023,236.0,243.0,235.0,243.0,2.57,27927.0,390.6,295.0
SANIMA,11/27/2023,244.0,244.9,239.2,240.0,-1.23,10964.0,390.6,295.0
SANIMA,11/28/2023,240.0,244.8,238.0,239.0,-0.42,10750.0,390.6,295.0
SANIMA,11/29/2023,239.0,240.0,238.0,239.4,0.17,9858.0,390.6,295.0
SANIMA,11/30/2023,240.0,240.0,235.2,237.9,-0.63,12831.0,390.6,295.0
SANIMA,12/3/2023,239.0,239.0,235.6,236.9,-0.42,18525.0,390.6,295.0
SANIMA,12/4/2023,235.3,240.0,235.0,235.3,-0.68,13879.0,390.6,295.0
SANIMA,12/5/2023,233.0,235.0,232.3,234.9,-0.17,15259.0,390.6,295.0
SANIMA,12/6/2023,235.0,236.0,234.0,235.5,0.26,24932.0,390.6,295.0
SANIMA,12/7/2023,235.2,238.9,234.0,234.5,-0.42,20047.0,390.6,295.0
SANIMA,12/10/2023,239.1,253.0,239.1,253.0,7.89,2787.0,390.6,295.0
SANIMA,12/11/2023,257.8,258.0,246.3,251.0,-0.79,57288.0,390.6,295.0
SANIMA,12/12/2023,250.0,254.0,247.1,253.0,0.8,48642.0,390.6,295.0
SANIMA,12/13/2023,253.0,257.0,252.0,256.0,1.19,41263.0,390.6,295.0
SANIMA,12/14/2023,255.0,255.0,251.0,255.0,-0.39,35246.0,390.6,295.0
SANIMA,12/17/2023,250.0,258.0,250.0,258.0,1.18,38410.0,390.6,295.0
SANIMA,12/18/2023,259.0,268.7,259.0,263.0,1.94,63395.0,390.6,295.0
SANIMA,12/19/2023,263.0,270.0,263.0,269.7,2.55,56749.0,390.6,295.0
SANIMA,12/20/2023,275.0,276.0,268.1,270.0,0.11,64555.0,390.6,295.0
SANIMA,12/21/2023,270.0,272.0,265.1,265.7,-1.59,49615.0,390.6,295.0
SANIMA,12/24/2023,263.3,265.0,258.0,258.0,-2.9,65527.0,390.6,295.0
SANIMA,12/27/2023,258.0,260.0,255.8,257.0,-0.39,55594.0,390.6,295.0
SANIMA,12/28/2023,257.0,257.0,253.1,254.0,-1.17,42896.0,390.6,295.0
SANIMA,1/1/2024,252.0,259.0,251.0,252.0,-0.79,53936.0,390.6,295.0
SANIMA,1/2/2024,252.0,254.0,248.0,251.0,-0.4,48239.0,390.6,295.0
SANIMA,1/3/2024,252.9,252.9,248.0,252.0,0.4,30004.0,390.6,295.0
SANIMA,1/4/2024,255.0,255.0,250.2,251.0,-0.4,41876.0,390.6,295.0
SANIMA,1/7/2024,251.9,251.9,244.2,244.2,-2.71,63928.0,390.6,295.0
SANIMA,1/8/2024,245.1,247.0,242.0,244.9,0.29,43515.0,390.6,295.0
SANIMA,1/9/2024,245.4,250.0,245.2,249.0,1.67,40261.0,390.6,295.0
SANIMA,1/10/2024,250.1,258.0,250.1,256.0,2.81,41784.0,390.6,295.0
SANIMA,1/11/2024,260.0,260.0,254.8,256.0,0.0,35321.0,390.6,295.0
SANIMA,1/14/2024,259.5,259.5,253.0,258.0,0.78,37925.0,390.6,295.0
SANIMA,1/16/2024,256.0,265.5,256.0,265.5,2.91,87906.0,390.6,295.0
SANIMA,1/17/2024,268.2,273.0,264.0,265.0,-0.19,66061.0,390.6,295.0
SANIMA,1/18/2024,260.1,264.8,260.1,261.0,-1.51,50969.0,390.6,295.0
SANIMA,1/21/2024,261.0,263.0,251.0,255.0,-2.3,69391.0,390.6,295.0
SANIMA,1/22/2024,250.4,254.0,245.0,245.2,-3.84,100856.0,390.6,295.0
SANIMA,1/23/2024,246.0,250.0,244.2,245.9,0.29,53854.0,390.6,295.0
SANIMA,1/24/2024,250.8,251.9,245.8,249.0,1.26,51553.0,390.6,295.0
SANIMA,1/25/2024,251.9,251.9,247.1,249.0,0.0,35115.0,390.6,295.0
SANIMA,1/28/2024,253.0,253.6,247.0,247.0,-0.8,44800.0,390.6,295.0
SANIMA,1/29/2024,247.0,250.0,247.0,248.0,0.4,31553.0,390.6,295.0
SANIMA,1/30/2024,251.8,251.8,246.0,247.6,-0.16,47604.0,390.6,295.0
SANIMA,1/31/2024,246.0,250.1,245.0,246.5,-0.44,27296.0,390.6,295.0
SANIMA,2/1/2024,245.0,247.0,242.2,242.5,-1.62,39591.0,390.6,295.0
SANIMA,2/4/2024,244.0,244.0,240.0,241.0,-0.62,29905.0,390.6,295.0
SANIMA,2/5/2024,240.0,244.0,239.9,243.3,0.95,34571.0,390.6,295.0
SANIMA,2/6/2024,247.9,247.9,243.0,245.7,0.99,22843.0,390.6,295.0
SANIMA,2/7/2024,249.9,250.0,245.1,246.0,0.12,31875.0,390.6,295.0
SANIMA,2/8/2024,246.0,250.0,245.0,249.0,1.22,28218.0,390.6,295.0
SANIMA,2/11/2024,249.0,252.0,248.0,248.4,-0.24,42894.0,390.6,295.0
SANIMA,2/12/2024,249.0,251.9,245.1,250.0,0.64,54182.0,390.6,295.0
SANIMA,2/13/2024,250.0,250.0,243.2,244.0,-2.4,29936.0,390.6,295.0
SANIMA,2/14/2024,245.0,246.9,243.0,245.0,0.41,18282.0,390.6,295.0
SANIMA,2/15/2024,244.0,246.9,241.0,241.9,-1.27,42234.0,390.6,295.0
SANIMA,2/18/2024,242.0,244.0,237.6,240.8,-0.45,36314.0,390.6,295.0
SANIMA,2/20/2024,244.0,244.0,237.0,240.0,-0.33,34331.0,390.6,295.0
SANIMA,2/21/2024,244.8,246.0,235.0,235.0,-2.08,56471.0,390.6,295.0
SANIMA,2/22/2024,235.5,239.6,234.7,234.9,-0.04,50606.0,390.6,295.0
SANIMA,2/25/2024,236.0,236.0,232.0,233.1,-0.77,38003.0,390.6,295.0
SANIMA,2/26/2024,233.0,237.7,233.0,237.0,1.67,18455.0,390.6,295.0
SANIMA,2/27/2024,239.9,239.9,234.0,237.0,0.0,28861.0,390.6,295.0
SANIMA,2/28/2024,238.5,239.0,236.0,236.0,-0.42,14376.0,390.6,295.0
SANIMA,2/29/2024,238.0,239.0,234.0,234.2,-0.76,26978.0,390.6,295.0
SANIMA,3/3/2024,235.0,235.0,230.6,234.0,-0.09,40003.0,390.6,295.0
SANIMA,3/4/2024,238.6,244.0,238.6,244.0,4.27,170.0,390.6,295.0
SANIMA,3/5/2024,244.0,244.0,237.0,238.0,-2.46,34265.0,390.6,295.0
SANIMA,3/6/2024,240.0,243.0,236.0,241.0,1.26,38772.0,390.6,295.0
SANIMA,3/7/2024,245.7,245.7,241.0,243.0,0.83,22358.0,390.6,295.0
SANIMA,3/10/2024,245.0,245.0,242.0,242.0,-0.41,19067.0,390.6,295.0
SANIMA,3/12/2024,246.0,249.0,245.0,248.0,2.48,38505.0,390.6,295.0
SANIMA,3/13/2024,248.0,252.9,247.0,249.4,0.56,33903.0,390.6,295.0
SANIMA,3/14/2024,247.0,249.9,245.0,245.0,-1.76,36243.0,390.6,295.0
SANIMA,3/17/2024,248.0,249.9,244.4,247.0,0.82,13899.0,390.6,295.0
SANIMA,3/18/2024,245.0,246.0,242.0,244.0,-1.21,24511.0,390.6,295.0
SANIMA,3/19/2024,240.2,248.0,240.2,241.0,-1.23,29182.0,390.6,295.0
SANIMA,3/20/2024,244.9,244.9,240.1,241.4,0.17,31595.0,390.6,295.0
SANIMA,3/21/2024,245.0,245.0,240.6,240.6,-0.33,33318.0,390.6,295.0
SANIMA,3/25/2024,240.0,240.0,236.0,237.9,-1.12,30458.0,390.6,295.0
SANIMA,3/26/2024,238.0,240.0,234.5,234.5,-1.43,33765.0,390.6,295.0
SANIMA,3/27/2024,233.1,237.0,233.0,236.2,0.72,24222.0,390.6,295.0
SANIMA,3/28/2024,238.0,238.0,233.1,236.6,0.17,23553.0,390.6,295.0
SANIMA,3/31/2024,237.1,239.0,235.0,236.0,-0.25,32079.0,390.6,295.0
SANIMA,4/1/2024,236.0,237.9,232.5,232.6,-1.44,50686.0,390.6,295.0
SANIMA,4/2/2024,236.1,236.1,232.6,234.6,0.86,25598.0,390.6,295.0
SANIMA,4/3/2024,235.0,237.0,233.2,235.0,0.17,23042.0,390.6,295.0
SANIMA,4/4/2024,235.0,237.5,233.0,234.0,-0.43,20093.0,390.6,295.0
SANIMA,4/7/2024,238.0,239.0,233.7,238.5,1.92,33863.0,390.6,295.0
SANIMA,4/9/2024,239.0,242.0,238.0,242.0,1.47,39688.0,390.6,295.0
SANIMA,4/10/2024,239.1,239.1,235.0,237.9,-1.69,22291.0,390.6,295.0
SANIMA,4/14/2024,241.5,241.5,235.0,236.0,-0.8,29590.0,390.6,295.0
SANIMA,4/15/2024,236.0,237.0,233.4,235.0,-0.42,21187.0,390.6,295.0
SANIMA,4/16/2024,232.2,235.0,232.2,233.4,-0.68,18100.0,390.6,295.0
SANIMA,4/18/2024,233.0,233.8,230.4,233.0,-0.17,26952.0,390.6,295.0
SANIMA,4/21/2024,231.5,233.0,229.3,233.0,0.0,28586.0,390.6,295.0
SANIMA,4/22/2024,236.0,236.0,230.0,230.0,-1.29,34846.0,390.6,295.0
SANIMA,4/24/2024,230.0,233.0,228.6,233.0,1.3,30104.0,390.6,295.0
SANIMA,4/25/2024,229.1,234.0,229.1,230.5,-1.07,36598.0,390.6,295.0
SANIMA,4/28/2024,235.1,235.1,229.6,232.9,1.04,40186.0,390.6,295.0
SANIMA,4/29/2024,237.5,237.5,232.9,233.1,0.09,14734.0,390.6,295.0
SANIMA,4/30/2024,237.7,238.6,233.1,238.6,2.36,22271.0,390.6,295.0
SANIMA,5/2/2024,243.3,243.3,235.0,235.5,-1.3,23695.0,390.6,295.0
SANIMA,5/5/2024,234.0,235.0,229.0,232.1,-1.44,25108.0,390.6,295.0
SANIMA,5/6/2024,235.0,235.0,228.8,231.0,-0.47,48857.0,390.6,295.0
SANIMA,5/7/2024,230.0,233.0,228.0,231.8,0.35,18662.0,390.6,295.0
SANIMA,5/8/2024,236.0,236.0,230.0,232.2,0.17,14268.0,390.6,295.0
SANIMA,5/9/2024,236.0,236.0,230.0,232.0,-0.09,35084.0,390.6,295.0
SANIMA,5/12/2024,236.6,240.0,232.0,235.1,1.34,74015.0,390.6,295.0
SANIMA,5/13/2024,235.0,244.6,234.5,239.0,1.66,67455.0,390.6,295.0
SANIMA,5/14/2024,243.0,243.7,238.0,240.0,0.42,60222.0,390.6,295.0
SANIMA,5/15/2024,244.8,259.0,240.0,241.0,0.42,57410.0,390.6,295.0
SANIMA,5/16/2024,245.8,245.8,240.1,242.0,0.41,44967.0,390.6,295.0
SANIMA,5/19/2024,246.8,254.0,242.2,248.1,2.52,101086.0,390.6,295.0
SANIMA,5/20/2024,248.0,265.1,248.0,256.5,3.39,156616.0,390.6,295.0
SANIMA,5/21/2024,260.5,263.0,256.4,262.0,2.14,119445.0,390.6,295.0
SANIMA,5/22/2024,260.0,271.9,260.0,267.0,1.91,212525.0,390.6,295.0
SANIMA,5/26/2024,267.0,267.0,259.2,264.0,-1.12,87701.0,390.6,295.0
SANIMA,5/27/2024,264.0,267.0,260.0,265.0,0.38,72654.0,390.6,295.0
SANIMA,5/29/2024,270.3,270.4,261.0,261.0,-1.51,102506.0,390.6,295.0
SANIMA,5/30/2024,256.0,260.0,254.0,255.0,-2.3,54777.0,390.6,295.0
SANIMA,6/2/2024,254.0,256.0,250.8,253.0,-0.78,79569.0,390.6,295.0
SANIMA,6/3/2024,258.0,263.0,250.0,252.2,-0.32,26561.0,390.6,295.0
SANIMA,6/4/2024,256.0,256.0,251.1,251.5,-0.28,35715.0,390.6,295.0
SANIMA,6/5/2024,254.5,255.0,251.0,253.0,0.6,36229.0,390.6,295.0
SANIMA,6/6/2024,250.2,253.1,250.0,251.2,-0.71,70294.0,390.6,295.0
SANIMA,6/9/2024,256.2,256.2,249.1,249.1,-0.84,50303.0,390.6,295.0
SANIMA,6/10/2024,254.0,254.0,249.0,249.5,0.16,49398.0,390.6,295.0
SANIMA,6/11/2024,254.4,254.4,248.5,253.0,1.4,63955.0,390.6,295.0
SANIMA,6/12/2024,258.0,258.0,252.0,256.0,1.19,44791.0,390.6,295.0
SANIMA,6/13/2024,260.0,260.0,251.3,252.0,-1.56,34035.0,390.6,295.0
SANIMA,6/16/2024,256.0,256.0,250.0,250.5,-0.6,34392.0,390.6,295.0
SANIMA,6/18/2024,250.0,252.2,248.0,248.1,-0.96,44786.0,390.6,295.0
SANIMA,6/19/2024,253.0,253.0,248.1,251.0,1.17,24467.0,390.6,295.0
SANIMA,6/20/2024,256.0,256.0,247.1,250.0,-0.4,40536.0,390.6,295.0
SANIMA,6/23/2024,250.0,250.0,248.0,248.9,-0.44,26035.0,390.6,295.0
SANIMA,6/24/2024,248.1,249.0,246.7,249.0,0.04,43395.0,390.6,295.0
SANIMA,6/25/2024,250.0,250.0,247.0,247.1,-0.76,28940.0,390.6,295.0
SANIMA,6/26/2024,247.2,250.0,245.1,245.3,-0.73,23518.0,390.6,295.0
SANIMA,6/27/2024,245.1,246.9,242.0,245.0,-0.12,23331.0,390.6,295.0
SANIMA,6/30/2024,245.0,246.9,240.0,240.7,-1.76,41437.0,390.6,295.0
SANIMA,7/1/2024,245.0,246.0,240.1,246.0,2.2,31353.0,390.6,295.0
SANIMA,7/2/2024,250.9,265.2,250.9,253.5,3.05,74489.0,390.6,295.0
SANIMA,7/3/2024,253.5,260.0,252.2,260.0,2.56,60914.0,390.6,295.0
SANIMA,7/4/2024,260.0,264.0,256.6,260.0,0.0,105957.0,390.6,295.0
SANIMA,7/7/2024,260.1,267.0,260.0,262.4,0.92,100197.0,390.6,295.0
SANIMA,7/8/2024,263.1,266.0,259.0,260.3,-0.8,64989.0,390.6,295.0
SANIMA,7/9/2024,255.5,265.0,255.5,262.2,0.73,50498.0,390.6,295.0
SANIMA,7/10/2024,267.4,268.1,262.2,267.9,2.17,97938.0,390.6,295.0
SANIMA,7/11/2024,273.2,279.0,268.5,278.0,3.77,157409.0,390.6,295.0
SANIMA,7/14/2024,283.5,285.0,276.0,284.0,2.16,198358.0,390.6,295.0
SANIMA,7/15/2024,284.5,286.5,276.0,279.0,-1.76,189133.0,390.6,295.0
SANIMA,7/16/2024,281.9,285.5,278.0,283.0,1.43,72372.0,390.6,295.0
SANIMA,7/17/2024,288.6,291.0,283.0,290.0,2.47,172441.0,390.6,295.0
SANIMA,7/18/2024,295.0,314.0,287.0,304.6,5.03,346544.0,390.6,295.0
SANIMA,7/21/2024,304.5,319.1,301.0,315.1,3.45,512917.0,390.6,295.0
SANIMA,7/22/2024,319.0,319.0,304.2,310.0,-1.62,311975.0,390.6,295.0
SANIMA,7/23/2024,310.0,320.0,304.0,320.0,3.23,315502.0,390.6,295.0
SANIMA,7/24/2024,320.0,329.0,317.0,320.0,0.0,496990.0,390.6,295.0
SANIMA,7/25/2024,320.0,326.0,314.0,325.0,1.56,395072.0,390.6,295.0
SANIMA,7/28/2024,331.0,357.5,331.0,357.5,10.0,578373.0,390.6,295.0
SANIMA,7/29/2024,364.6,371.0,343.0,348.0,-2.66,560058.0,390.6,295.0
SANIMA,7/30/2024,343.0,350.0,329.0,344.0,-1.15,319933.0,390.6,295.0
SANIMA,7/31/2024,344.0,352.0,338.1,347.0,0.87,323306.0,390.6,295.0
SANIMA,8/1/2024,346.0,355.0,340.0,345.0,-0.58,271160.0,390.6,295.0
SANIMA,8/5/2024,345.0,351.9,340.0,342.0,-0.87,207535.0,390.6,295.0
SANIMA,8/6/2024,342.0,343.0,308.0,310.0,-9.36,397900.0,390.6,295.0
SANIMA,8/7/2024,310.0,330.0,310.0,329.0,6.13,307468.0,390.6,295.0
SANIMA,8/8/2024,329.0,335.0,324.4,328.0,-0.3,159106.0,390.6,295.0
SANIMA,8/11/2024,329.0,340.0,329.0,338.5,3.2,286122.0,390.6,295.0
SANIMA,8/12/2024,340.0,350.9,340.0,347.4,2.63,350247.0,390.6,295.0
SANIMA,8/13/2024,351.3,355.0,343.1,349.0,0.46,270895.0,390.6,295.0
SANIMA,8/14/2024,347.0,353.9,343.0,347.1,-0.54,234526.0,390.6,295.0
SANIMA,8/15/2024,354.0,373.5,352.0,367.0,5.73,735532.0,390.6,295.0
SANIMA,8/18/2024,370.0,381.0,361.0,369.0,0.54,477464.0,390.6,295.0
SANIMA,8/21/2024,370.0,375.0,358.1,370.0,0.27,297048.0,390.6,295.0
SANIMA,8/22/2024,370.0,382.0,369.0,377.5,2.03,353358.0,390.6,295.0
SANIMA,8/25/2024,375.0,377.0,366.0,370.0,-1.99,354667.0,390.6,295.0
SANIMA,8/27/2024,372.0,372.0,350.0,351.0,-5.14,346554.0,390.6,295.0
SANIMA,8/28/2024,358.0,367.0,351.0,353.0,0.57,197871.0,390.6,295.0
SANIMA,8/29/2024,358.0,358.0,345.1,346.0,-1.98,161994.0,390.6,295.0
SANIMA,9/1/2024,340.0,351.9,336.1,337.0,-2.6,138471.0,390.6,295.0
SANIMA,9/2/2024,338.0,353.7,333.2,353.0,4.75,196609.0,390.6,295.0
SANIMA,9/3/2024,359.0,360.0,346.0,348.2,-1.36,157249.0,390.6,295.0
SANIMA,9/4/2024,355.1,355.1,338.3,338.9,-2.67,115208.0,390.6,295.0
SANIMA,9/5/2024,340.0,340.0,332.5,336.0,-0.86,122219.0,390.6,295.0
SANIMA,9/8/2024,342.7,349.5,333.0,334.0,-0.6,101629.0,390.6,295.0
SANIMA,9/9/2024,333.0,335.0,325.5,326.9,-2.13,168715.0,390.6,295.0
SANIMA,9/10/2024,326.0,333.4,325.0,325.0,-0.58,117702.0,390.6,295.0
SANIMA,9/11/2024,325.0,330.0,321.3,321.4,-1.11,75066.0,390.6,295.0
SANIMA,9/12/2024,327.8,335.0,319.1,331.2,3.05,96245.0,390.6,295.0
SANIMA,9/15/2024,332.0,342.0,324.7,325.0,-1.87,117260.0,390.6,295.0
SANIMA,9/16/2024,323.2,329.0,322.6,325.0,0.0,72812.0,390.6,295.0
SANIMA,9/18/2024,325.0,333.0,322.1,326.1,0.34,115099.0,390.6,295.0
SANIMA,9/22/2024,332.6,339.0,326.4,330.0,1.2,84479.0,390.6,295.0
SANIMA,9/23/2024,336.6,336.6,327.0,327.0,-0.91,105790.0,390.6,295.0
SANIMA,9/24/2024,327.0,333.0,319.7,320.1,-2.11,109553.0,390.6,295.0
SANIMA,9/25/2024,320.1,328.8,318.1,327.6,2.34,87286.0,390.6,295.0
SANIMA,9/26/2024,326.0,334.0,326.0,330.6,0.92,87733.0,390.6,295.0
SANIMA,9/29/2024,325.0,333.0,324.0,331.9,0.39,69023.0,390.6,295.0
SANIMA,9/30/2024,326.1,335.5,326.1,333.0,0.33,95382.0,390.6,295.0
SANIMA,10/1/2024,333.0,348.0,333.0,346.1,3.93,169866.0,390.6,295.0
SANIMA,10/2/2024,350.0,351.0,342.2,345.1,-0.29,169155.0,390.6,295.0
SANIMA,10/6/2024,343.0,358.0,342.0,356.3,3.25,138482.0,390.6,295.0
SANIMA,10/7/2024,363.4,364.5,356.3,360.4,1.15,243777.0,390.6,295.0
SANIMA,10/8/2024,365.0,365.0,357.0,358.0,-0.67,181187.0,390.6,295.0
SANIMA,10/9/2024,350.9,350.9,338.0,342.3,-4.39,555318.0,390.6,295.0
SANIMA,10/15/2024,342.3,347.6,336.0,345.2,0.85,148071.0,390.6,295.0
SANIMA,10/16/2024,349.5,350.0,346.0,348.0,0.81,93610.0,390.6,295.0
SANIMA,10/17/2024,348.0,351.7,344.1,348.0,0.0,223487.0,390.6,295.0
SANIMA,10/20/2024,342.0,351.0,336.1,340.5,-2.16,138063.0,390.6,295.0
SANIMA,10/21/2024,347.3,347.3,333.0,334.0,-1.91,103753.0,390.6,295.0
SANIMA,10/22/2024,334.0,345.0,332.0,336.2,0.66,86255.0,390.6,295.0
SANIMA,10/23/2024,330.0,342.7,325.0,326.0,-3.03,178643.0,390.6,295.0
SANIMA,10/24/2024,332.5,339.1,319.6,323.0,-0.92,81457.0,390.6,295.0
SANIMA,10/27/2024,319.0,322.9,317.1,317.7,-1.64,101440.0,390.6,295.0
SANIMA,10/28/2024,320.9,323.0,318.2,323.0,1.67,88536.0,390.6,295.0
SANIMA,10/29/2024,326.9,331.0,323.0,329.0,1.86,93790.0,390.6,295.0
SANIMA,10/30/2024,329.0,330.0,324.0,326.5,-0.76,51016.0,390.6,295.0
SANIMA,11/5/2024,327.0,328.0,323.4,324.3,-0.67,42934.0,390.6,295.0
SANIMA,11/6/2024,328.9,329.0,324.1,328.0,1.14,144534.0,390.6,295.0
SANIMA,11/10/2024,334.5,334.5,321.4,326.0,-0.61,112951.0,390.6,295.0
SANIMA,11/11/2024,328.0,330.0,324.0,327.0,0.31,158371.0,390.6,295.0
SANIMA,11/12/2024,327.0,329.0,322.1,323.0,-1.22,60313.0,390.6,295.0
SANIMA,11/13/2024,322.0,324.0,320.0,321.5,-0.46,69644.0,390.6,295.0
SANIMA,11/14/2024,327.9,327.9,319.1,322.8,0.4,87693.0,390.6,295.0
SANIMA,11/17/2024,325.0,328.0,322.0,323.0,0.06,113998.0,390.6,295.0
SANIMA,11/19/2024,323.0,323.0,318.0,319.3,-1.15,117540.0,390.6,295.0
SANIMA,11/20/2024,319.0,319.9,317.7,318.0,-0.41,84949.0,390.6,295.0
SANIMA,11/21/2024,323.0,323.0,315.0,315.1,-0.91,123848.0,390.6,295.0
SANIMA,11/24/2024,320.0,320.0,313.0,313.9,-0.38,92588.0,390.6,295.0
SANIMA,11/25/2024,308.0,316.0,308.0,315.4,0.48,120089.0,390.6,295.0
SANIMA,11/26/2024,315.4,318.9,314.2,318.0,0.82,99030.0,390.6,295.0
SANIMA,11/27/2024,321.9,321.9,318.0,320.0,0.63,100603.0,390.6,295.0
SANIMA,11/28/2024,320.0,324.0,318.1,323.0,0.94,101408.0,390.6,295.0
SANIMA,12/1/2024,329.4,329.4,316.7,319.2,-1.18,164678.0,390.6,295.0
SANIMA,12/2/2024,325.5,325.5,318.1,318.6,-0.19,116626.0,390.6,295.0
SANIMA,12/3/2024,324.9,324.9,314.6,317.0,-0.5,85541.0,390.6,295.0
SANIMA,12/4/2024,323.3,323.3,314.3,316.5,-0.16,68254.0,390.6,295.0
SANIMA,12/5/2024,310.2,317.0,310.2,313.8,-0.85,99424.0,390.6,295.0
SANIMA,12/8/2024,313.8,314.0,308.2,310.0,-1.21,68129.0,390.6,295.0
SANIMA,12/9/2024,310.0,313.0,304.0,307.0,-0.97,65636.0,390.6,295.0
SANIMA,12/10/2024,310.0,310.0,306.9,307.5,0.16,55930.0,390.6,295.0
SANIMA,12/11/2024,313.6,316.0,305.0,316.0,2.76,50740.0,390.6,295.0
SANIMA,12/12/2024,322.3,322.3,309.3,310.9,-1.61,32942.0,390.6,295.0
SANIMA,12/16/2024,315.0,315.0,304.0,308.6,-0.74,59124.0,390.6,295.0
SANIMA,12/17/2024,305.0,310.0,303.6,304.1,-1.46,45154.0,390.6,295.0
SANIMA,12/18/2024,304.5,310.0,301.0,306.0,0.62,57468.0,390.6,295.0
SANIMA,12/19/2024,306.0,309.0,300.0,300.1,-1.93,108839.0,390.6,295.0
SANIMA,12/22/2024,294.1,303.9,294.1,299.0,-0.37,43436.0,390.6,295.0
SANIMA,12/23/2024,299.0,302.9,293.5,302.9,1.3,71110.0,390.6,295.0
SANIMA,12/24/2024,305.0,306.0,297.0,301.0,-0.63,36105.0,390.6,295.0
SANIMA,12/26/2024,300.0,315.0,296.6,307.0,1.99,70976.0,390.6,295.0
SANIMA,12/29/2024,309.0,309.0,302.0,302.1,-1.6,49463.0,390.6,295.0
SANIMA,12/31/2024,302.0,302.0,296.0,299.9,-0.73,46404.0,390.6,295.0
SANIMA,1/1/2025,304.5,304.5,296.0,297.9,-0.67,48546.0,390.6,295.0
SANIMA,1/2/2025,300.0,300.0,294.0,299.0,0.37,36139.0,390.6,295.0
SANIMA,1/5/2025,301.9,301.9,295.9,296.7,-0.77,37798.0,390.6,295.0
SANIMA,1/6/2025,296.0,302.0,295.0,302.0,1.79,44537.0,390.6,295.0
SANIMA,1/7/2025,303.0,303.0,295.1,297.0,-1.66,43497.0,390.6,295.0
SANIMA,1/8/2025,299.0,300.0,294.1,296.0,-0.34,48776.0,390.6,295.0
SANIMA,1/9/2025,295.0,298.9,292.3,294.5,-0.51,63592.0,390.6,295.0
SANIMA,1/12/2025,297.0,297.0,292.2,292.7,-0.61,18665.0,390.6,295.0
SANIMA,1/13/2025,291.4,294.8,291.2,291.4,-0.44,43380.0,390.6,295.0
SANIMA,1/15/2025,293.0,297.0,290.0,290.0,-0.48,37012.0,390.6,295.0
SANIMA,1/16/2025,290.0,294.0,288.0,291.5,0.52,52439.0,390.6,295.0
SANIMA,1/19/2025,295.0,300.9,293.5,299.8,2.85,109119.0,390.6,295.0
SANIMA,1/20/2025,299.8,302.0,292.1,293.0,-2.27,28373.0,390.6,295.0
SANIMA,1/21/2025,292.1,298.0,292.0,293.0,0.0,52970.0,390.6,295.0
SANIMA,1/22/2025,298.7,302.0,292.0,298.0,1.71,114454.0,390.6,295.0
SANIMA,1/23/2025,303.9,303.9,293.5,299.0,0.34,61456.0,390.6,295.0
SANIMA,1/26/2025,294.0,299.0,293.1,293.2,-1.94,62843.0,390.6,295.0
SANIMA,1/27/2025,298.0,298.0,292.1,292.6,-0.2,60205.0,390.6,295.0
SANIMA,1/28/2025,293.1,295.0,291.1,291.1,-0.51,63824.0,390.6,295.0
SANIMA,2/2/2025,294.0,301.0,294.0,298.5,2.54,61381.0,390.6,295.0
SANIMA,2/3/2025,292.6,304.9,292.6,298.8,0.1,75074.0,390.6,295.0
SANIMA,2/4/2025,304.0,304.0,295.1,296.9,-0.64,87887.0,390.6,295.0
SANIMA,2/5/2025,296.0,300.0,294.4,300.0,1.04,48269.0,390.6,295.0
SANIMA,2/6/2025,303.0,303.0,294.2,295.0,-1.67,47712.0,390.6,295.0
SANIMA,2/9/2025,300.0,300.0,292.1,292.9,-0.71,63785.0,390.6,295.0
SANIMA,2/10/2025,293.0,297.9,290.1,290.1,-0.96,69863.0,390.6,295.0
SANIMA,2/11/2025,285.0,294.9,285.0,290.2,0.03,65129.0,390.6,295.0
SANIMA,2/12/2025,296.0,299.0,290.1,290.5,0.1,56156.0,390.6,295.0
SANIMA,2/13/2025,296.3,296.3,290.0,293.1,0.9,29949.0,390.6,295.0
SANIMA,2/16/2025,295.0,298.0,293.0,297.0,1.33,67686.0,390.6,295.0
SANIMA,2/17/2025,302.9,304.0,294.1,303.3,2.12,137788.0,390.6,295.0
SANIMA,2/18/2025,309.0,309.0,302.2,305.0,0.56,125867.0,390.6,295.0
SANIMA,2/20/2025,306.2,311.0,300.1,306.0,0.33,121664.0,390.6,295.0
SANIMA,2/23/2025,299.9,308.0,298.0,304.0,-0.65,144013.0,390.6,295.0
SANIMA,2/24/2025,306.0,312.0,304.0,305.5,0.49,70744.0,390.6,295.0
SANIMA,2/25/2025,311.0,311.0,305.2,307.0,0.49,71756.0,390.6,295.0
SANIMA,2/27/2025,313.1,323.0,311.0,317.5,3.42,230178.0,390.6,295.0
SANIMA,3/2/2025,323.8,325.0,318.0,322.8,1.67,169981.0,390.6,295.0
SANIMA,3/3/2025,329.2,329.2,318.0,318.2,-1.43,139589.0,390.6,295.0
SANIMA,3/4/2025,324.0,324.0,314.0,315.2,-0.94,133010.0,390.6,295.0
SANIMA,3/5/2025,315.0,316.9,309.2,309.4,-1.84,71733.0,390.6,295.0
SANIMA,3/6/2025,310.0,312.5,307.2,309.3,-0.03,94166.0,390.6,295.0
SANIMA,3/9/2025,309.0,313.0,307.0,309.5,0.06,70173.0,390.6,295.0
SANIMA,3/10/2025,311.8,312.0,307.2,308.0,-0.48,73489.0,390.6,295.0
SANIMA,3/11/2025,312.0,312.0,305.0,306.9,-0.36,68977.0,390.6,295.0
SANIMA,3/12/2025,307.1,310.0,305.0,307.0,0.03,40434.0,390.6,295.0
SANIMA,3/16/2025,305.7,310.0,301.0,304.0,-0.98,69086.0,390.6,295.0
SANIMA,3/17/2025,301.2,308.0,301.2,305.0,0.33,25458.0,390.6,295.0
SANIMA,3/18/2025,311.1,311.1,303.0,303.5,-0.49,29742.0,390.6,295.0
SANIMA,3/19/2025,303.9,306.8,302.2,302.2,-0.43,41091.0,390.6,295.0
SANIMA,3/20/2025,303.0,306.0,301.0,302.05,-0.05,47430.0,390.6,295.0
SANIMA,3/23/2025,307.8,307.8,297.1,298.22,-1.27,69542.0,390.6,295.0
SANIMA,3/24/2025,303.9,304.0,297.0,299.8,0.53,33861.0,390.6,295.0
SANIMA,3/25/2025,297.0,299.0,294.3,295.64,-1.39,54652.0,390.6,295.0
SANIMA,3/26/2025,295.0,300.1,295.0,299.84,1.42,48219.0,390.6,295.0
SANIMA,3/27/2025,305.8,305.8,299.1,300.92,0.36,35512.0,390.6,295.0
SANIMA,3/30/2025,305.0,307.0,301.0,302.11,0.4,68603.0,390.6,295.0
SANIMA,4/1/2025,300.0,306.0,297.7,299.21,-0.96,47261.0,390.6,295.0
SANIMA,4/2/2025,305.1,305.1,298.0,299.8,0.2,42612.0,390.6,295.0
SANIMA,4/3/2025,300.0,308.0,295.0,302.75,0.98,82831.0,390.6,295.0
SANIMA,4/7/2025,301.0,303.0,299.2,299.96,-0.92,49490.0,390.6,295.0
SANIMA,4/8/2025,299.4,301.0,297.4,299.74,-0.07,30326.0,390.6,295.0
SANIMA,4/9/2025,305.0,307.8,298.0,299.05,-0.23,41431.0,390.6,295.0
SANIMA,4/10/2025,304.9,305.0,298.0,298.72,-0.11,39031.0,390.6,295.0
SANIMA,4/13/2025,304.6,304.6,298.0,300.9,0.73,55598.0,390.6,295.0
SANIMA,4/15/2025,306.0,306.0,300.0,303.14,0.74,34972.0,390.6,295.0
SANIMA,4/16/2025,309.0,309.0,300.0,303.72,0.19,70491.0,390.6,295.0
SANIMA,4/17/2025,307.5,310.0,301.0,306.23,0.83,67985.0,390.6,295.0
SANIMA,4/20/2025,310.0,313.0,307.0,309.54,1.08,113708.0,390.6,295.0
SANIMA,4/21/2025,315.7,315.7,305.0,311.91,0.77,79029.0,390.6,295.0
SANIMA,4/22/2025,310.0,313.0,307.5,312.19,0.09,106834.0,390.6,295.0
SANIMA,4/23/2025,310.0,312.4,308.1,309.29,-0.93,62979.0,390.6,295.0
SANIMA,4/24/2025,310.5,310.5,306.2,306.89,-0.78,36881.0,390.6,295.0
SANIMA,4/27/2025,308.6,314.0,305.8,306.45,-0.14,83669.0,390.6,295.0
SANIMA,4/28/2025,304.0,307.5,304.0,304.99,-0.48,65185.0,390.6,295.0
SANIMA,4/29/2025,305.0,308.0,302.0,302.95,-0.67,71644.0,390.6,295.0
SANIMA,4/30/2025,300.0,305.0,299.5,300.22,-0.9,73493.0,390.6,295.0
SANIMA,5/4/2025,301.0,307.0,301.0,302.59,0.79,119322.0,390.6,295.0
SANIMA,5/5/2025,303.0,305.8,300.0,300.48,-0.7,64221.0,390.6,295.0
SANIMA,5/6/2025,302.0,302.0,300.0,301.17,0.23,50795.0,390.6,295.0
SANIMA,5/7/2025,307.0,310.0,299.7,307.33,2.05,65397.0,390.6,295.0
SANIMA,5/8/2025,307.0,311.0,305.0,306.06,-0.41,64704.0,390.6,295.0
SANIMA,5/11/2025,306.1,310.0,306.1,307.75,0.55,44591.0,390.6,295.0
SANIMA,5/13/2025,312.0,312.0,306.0,307.34,-0.13,36313.0,390.6,295.0
SANIMA,5/14/2025,306.0,307.0,304.5,305.5,-0.6,31542.0,390.6,295.0
SANIMA,5/15/2025,303.0,306.0,302.5,305.28,-0.07,35608.0,390.6,295.0
SANIMA,5/18/2025,305.28,310.0,304.5,305.06,-0.07,51355.0,390.6,295.0
SANIMA,5/19/2025,307.0,308.0,304.5,306.93,0.61,94844.0,390.6,295.0
SANIMA,5/20/2025,308.0,315.0,305.0,312.27,1.74,72557.0,390.6,295.0
SANIMA,5/21/2025,318.0,331.0,312.7,313.22,0.3,174529.0,390.6,295.0
SANIMA,5/22/2025,317.7,327.0,314.0,322.79,3.06,214988.0,390.6,295.0
SANIMA,5/25/2025,324.0,328.0,319.0,321.93,-0.27,212212.0,390.6,295.0
SANIMA,5/26/2025,328.0,336.6,319.1,322.24,0.1,233558.0,390.6,295.0
SANIMA,5/27/2025,318.0,322.0,317.7,320.36,-0.58,75832.0,390.6,295.0
SANIMA,5/28/2025,320.0,325.9,318.0,323.52,0.99,176948.0,390.6,295.0
SANIMA,6/2/2025,329.9,332.0,320.5,322.94,-0.18,155647.0,390.6,295.0
SANIMA,6/3/2025,324.0,324.0,314.9,315.6,-2.27,241564.0,390.6,295.0
SANIMA,6/4/2025,315.5,316.0,312.4,313.91,-0.54,67800.0,390.6,295.0
SANIMA,6/5/2025,317.0,317.0,312.0,313.15,-0.24,42569.0,390.6,295.0
SANIMA,6/8/2025,310.0,315.0,310.0,310.35,-0.89,53426.0,390.6,295.0
SANIMA,6/9/2025,310.0,314.9,309.0,311.53,0.38,50600.0,390.6,295.0
SANIMA,6/10/2025,317.0,321.9,311.5,319.5,2.56,80971.0,390.6,295.0
SANIMA,6/11/2025,318.0,324.0,315.0,317.39,-0.66,73912.0,390.6,295.0
SANIMA,6/12/2025,319.0,320.0,315.0,316.11,-0.4,59034.0,390.6,295.0
SANIMA,6/15/2025,321.9,321.9,315.0,315.15,-0.3,50935.0,390.6,295.0
SANIMA,6/16/2025,315.0,319.0,313.0,316.81,0.53,91828.0,390.6,295.0
SANIMA,6/17/2025,319.9,319.9,315.0,315.7,-0.35,31074.0,390.6,295.0
SANIMA,6/18/2025,316.0,318.1,315.0,317.5,0.57,74698.0,390.6,295.0
SANIMA,6/19/2025,315.2,317.9,315.1,315.52,-0.62,72985.0,390.6,295.0
SANIMA,6/22/2025,316.0,317.0,312.0,314.05,-0.47,90379.0,390.6,295.0
SANIMA,6/23/2025,313.0,314.5,311.0,312.2,-0.59,63573.0,390.6,295.0
SANIMA,6/24/2025,318.4,318.4,313.0,315.2,0.96,78069.0,390.6,295.0
SANIMA,6/25/2025,319.9,319.9,314.0,314.87,-0.1,61365.0,390.6,295.0
SANIMA,6/26/2025,314.5,318.8,314.0,317.81,0.93,70007.0,390.6,295.0
SANIMA,6/29/2025,319.9,324.3,315.5,322.24,1.39,145817.0,390.6,295.0
SANIMA,6/30/2025,328.6,328.6,320.0,323.87,0.51,177081.0,390.6,295.0
SANIMA,7/1/2025,322.1,335.0,322.0,334.0,3.13,276887.0,390.6,295.0
SANIMA,7/2/2025,338.0,342.0,329.1,339.53,1.66,249688.0,390.6,295.0
SANIMA,7/3/2025,339.0,340.1,333.2,337.75,-0.52,251083.0,390.6,295.0
SANIMA,7/6/2025,339.8,342.0,335.0,339.43,0.5,333919.0,390.6,295.0
SANIMA,7/7/2025,339.0,344.0,336.0,339.1,-0.1,310871.0,390.6,295.0
SANIMA,7/8/2025,340.0,343.0,334.3,334.92,-1.23,186306.0,390.6,295.0
SANIMA,7/9/2025,339.0,343.5,334.1,341.71,2.03,252008.0,390.6,295.0
SANIMA,7/10/2025,345.0,362.7,340.0,358.11,4.8,747527.0,390.6,295.0
SANIMA,7/13/2025,365.2,372.0,361.0,364.49,1.78,688601.0,390.6,295.0
SANIMA,7/14/2025,365.0,367.8,355.2,356.27,-2.26,691096.0,390.6,295.0
SANIMA,7/15/2025,358.9,368.0,355.3,364.91,2.43,545695.0,390.6,295.0
SANIMA,7/16/2025,364.0,379.0,364.0,374.77,2.7,778295.0,390.6,295.0
SANIMA,7/17/2025,377.0,380.0,372.0,374.37,-0.11,699852.0,390.6,295.0
SANIMA,7/20/2025,381.0,381.0,362.0,365.11,-2.47,606857.0,390.6,295.0
SANIMA,7/21/2025,368.1,371.2,361.0,368.48,0.92,236215.0,390.6,295.0
SANIMA,7/22/2025,370.0,380.0,369.0,378.21,2.64,453292.0,390.6,295.0
SANIMA,7/23/2025,379.6,381.0,372.0,376.04,-0.57,467323.0,390.6,295.0
SANIMA,7/24/2025,378.0,380.0,373.0,378.76,0.72,372020.0,390.6,295.0
SANIMA,7/27/2025,386.3,386.3,379.0,381.53,0.73,366520.0,390.6,295.0
SANIMA,7/28/2025,380.0,383.0,371.3,379.61,-0.5,247302.0,390.6,295.0
SANIMA,7/29/2025,380.0,390.9,380.0,389.28,2.55,721481.0,390.6,295.0
SANIMA,7/30/2025,391.0,391.0,382.0,383.86,-1.39,337152.0,390.6,295.0
SANIMA,7/31/2025,380.1,384.0,374.0,375.2,-2.26,299881.0,390.6,295.0
SANIMA,8/3/2025,382.6,382.6,363.1,367.67,-2.01,281339.0,390.6,295.0
SANIMA,8/4/2025,361.1,376.0,361.1,368.62,0.26,291347.0,390.6,295.0
SANIMA,8/5/2025,375.0,378.0,365.2,366.8,-0.49,168642.0,390.6,295.0
SANIMA,8/6/2025,366.8,370.0,363.0,364.84,-0.53,124227.0,390.6,295.0
SANIMA,8/7/2025,368.0,371.0,366.1,369.57,1.3,135292.0,390.6,295.0
SANIMA,8/11/2025,376.9,380.0,371.0,371.67,0.57,351117.0,390.6,295.0
SANIMA,8/12/2025,371.6,372.5,368.3,369.16,-0.68,139371.0,390.6,295.0
SANIMA,8/13/2025,369.1,385.0,366.0,368.57,-0.16,153105.0,390.6,295.0
SANIMA,8/14/2025,368.1,372.0,365.2,367.83,-0.2,88505.0,390.6,295.0
SANIMA,8/17/2025,370.0,373.0,365.0,366.09,-0.47,125549.0,390.6,295.0
SANIMA,8/18/2025,367.0,369.7,364.9,365.9,-0.05,114410.0,390.6,295.0
SANIMA,8/19/2025,369.1,372.0,367.0,368.62,0.74,88465.0,390.6,295.0
SANIMA,8/20/2025,365.0,372.0,365.0,367.12,-0.41,115928.0,390.6,295.0
SANIMA,8/21/2025,367.1,370.0,365.0,367.43,0.08,125269.0,390.6,295.0
SANIMA,8/24/2025,366.0,370.0,364.0,365.39,-0.56,168753.0,390.6,295.0
SANIMA,8/25/2025,366.9,367.0,360.0,364.75,-0.18,94624.0,390.6,295.0
SANIMA,8/26/2025,366.9,369.0,364.0,368.17,0.94,64179.0,390.6,295.0
SANIMA,8/27/2025,375.5,375.5,365.0,371.23,0.83,115913.0,390.6,295.0
SANIMA,8/28/2025,369.9,373.0,365.0,369.2,-0.55,124976.0,390.6,295.0
SANIMA,8/31/2025,373.9,373.9,364.0,366.06,-0.85,134049.0,390.6,295.0
SANIMA,9/1/2025,373.0,373.9,362.2,372.3,1.7,367222.0,390.6,295.0
SANIMA,9/2/2025,379.7,379.7,371.5,373.72,0.38,121644.0,390.6,295.0
SANIMA,9/3/2025,381.1,381.1,371.0,373.05,-0.18,166978.0,390.6,295.0
SANIMA,9/4/2025,380.0,380.0,367.7,371.92,-0.3,279406.0,390.6,295.0
SANIMA,9/7/2025,371.0,372.9,365.5,369.68,-0.6,184605.0,390.6,295.0
SANIMA,9/8/2025,366.2,369.9,362.5,365.16,-1.22,139554.0,390.6,295.0
SANIMA,9/18/2025,361.0,361.0,343.8,348.9,-4.45,24501.0,390.6,295.0
SANIMA,9/21/2025,342.0,342.0,323.0,337.34,-3.31,487319.0,390.6,295.0
SANIMA,9/23/2025,334.0,343.5,330.6,343.0,1.68,150053.0,390.6,295.0
SANIMA,9/24/2025,343.0,345.0,335.0,335.0,-2.33,107375.0,390.6,295.0
SANIMA,9/25/2025,334.0,336.0,331.7,332.9,-0.63,39197.0,390.6,295.0
SANIMA,9/28/2025,335.0,335.0,331.0,335.0,0.63,57946.0,390.6,295.0
SANIMA,10/7/2025,338.9,338.9,320.5,326.0,-2.69,119718.0,390.6,295.0
SANIMA,10/8/2025,323.1,325.0,316.0,320.0,-1.84,98435.0,390.6,295.0
SANIMA,10/9/2025,326.0,338.0,322.7,326.0,1.88,117343.0,390.6,295.0
SANIMA,10/12/2025,332.0,332.0,312.8,314.0,-3.68,216822.0,390.6,295.0
SANIMA,10/13/2025,312.0,318.2,304.2,318.2,1.34,83209.0,390.6,295.0
SANIMA,10/14/2025,312.0,315.0,309.0,311.0,-2.26,38789.0,390.6,295.0
SANIMA,10/15/2025,317.2,317.2,305.0,305.0,-1.93,39821.0,390.6,295.0
SANIMA,10/16/2025,308.2,309.0,302.1,305.0,0.0,63297.0,390.6,295.0
SANIMA,10/19/2025,311.1,311.1,304.6,304.6,-0.13,36280.0,390.6,295.0
SANIMA,10/26/2025,300.0,305.0,298.6,304.0,-0.2,37397.0,390.6,295.0
SANIMA,10/28/2025,304.0,316.2,303.0,314.0,3.29,74506.0,390.6,295.0
SANIMA,10/29/2025,320.2,320.2,311.5,318.0,1.27,87096.0,390.6,295.0
SANIMA,10/30/2025,319.0,320.0,313.0,318.9,0.28,55106.0,390.6,295.0
SANIMA,11/2/2025,325.2,325.2,315.5,320.0,0.34,98266.0,390.6,295.0
SANIMA,11/3/2025,318.1,326.4,318.1,321.0,0.31,106509.0,390.6,295.0
SANIMA,11/4/2025,323.0,324.9,317.0,317.0,-1.25,80363.0,390.6,295.0
SANIMA,11/5/2025,317.0,318.8,314.3,316.1,-0.28,39980.0,390.6,295.0
SANIMA,11/6/2025,314.0,320.0,314.0,316.0,-0.03,94074.0,390.6,295.0
SANIMA,11/9/2025,314.0,319.9,308.7,309.0,-2.22,108962.0,390.6,295.0
SANIMA,11/10/2025,315.0,315.0,304.3,304.4,-1.49,188504.0,390.6,295.0
SANIMA,11/11/2025,310.0,310.0,302.5,305.0,0.2,62362.0,390.6,295.0
SANIMA,11/12/2025,311.0,311.0,298.0,301.0,-1.31,122250.0,390.6,295.0
SANIMA,11/13/2025,303.9,306.9,298.0,300.0,-0.33,116111.0,390.6,295.0
SANIMA,11/16/2025,300.0,307.0,297.4,298.0,-0.67,60146.0,390.6,295.0
SANIMA,11/17/2025,302.8,303.7,298.3,300.0,0.67,45012.0,390.6,295.0
SANIMA,11/18/2025,303.7,303.8,299.1,299.1,-0.3,30377.0,390.6,295.0
SANIMA,11/19/2025,303.6,303.6,295.0,302.0,0.97,60999.0,390.6,295.0
SANIMA,11/20/2025,301.0,301.0,296.1,298.5,-1.16,32482.0,390.6,295.0
SANIMA,11/23/2025,300.0,304.4,299.0,301.2,0.9,84104.0,390.6,295.0
SANIMA,11/24/2025,303.0,308.9,302.0,308.5,2.42,67994.0,390.6,295.0
SANIMA,11/25/2025,308.0,310.9,307.0,310.5,0.65,54411.0,390.6,295.0
SANIMA,11/26/2025,310.9,315.0,308.5,314.0,1.13,82872.0,390.6,295.0
SANIMA,11/27/2025,315.9,320.7,310.0,318.0,1.27,125738.0,390.6,295.0
SANIMA,11/30/2025,319.0,324.1,314.7,314.8,-1.01,119408.0,390.6,295.0
SANIMA,12/1/2025,321.0,321.0,309.0,316.5,0.54,59495.0,390.6,295.0
SANIMA,12/2/2025,319.8,320.0,312.0,315.0,-0.47,33818.0,390.6,295.0
SANIMA,12/3/2025,315.0,317.0,313.5,314.9,-0.03,49907.0,390.6,295.0
SANIMA,12/7/2025,315.0,315.0,309.0,310.0,-1.56,33589.0,390.6,295.0
SANIMA,12/8/2025,310.0,311.0,305.3,310.0,0.0,31113.0,390.6,295.0
SANIMA,12/9/2025,310.0,311.0,308.1,309.0,-0.32,60013.0,390.6,295.0
SANIMA,12/10/2025,311.9,313.0,308.3,308.6,-0.13,27862.0,390.6,295.0
SANIMA,12/11/2025,308.0,310.5,305.0,310.3,0.55,46441.0,390.6,295.0
SANIMA,12/14/2025,306.0,312.0,306.0,309.0,-0.42,70853.0,390.6,295.0
SANIMA,12/15/2025,311.0,311.0,308.6,310.0,0.32,28907.0,390.6,295.0
SANIMA,12/16/2025,310.0,311.9,310.0,311.0,0.32,15765.0,390.6,295.0
SANIMA,12/17/2025,312.9,314.0,310.0,313.0,0.64,24019.0,390.6,295.0
SANIMA,12/18/2025,313.0,313.0,308.4,312.0,-0.32,26093.0,390.6,295.0
SANIMA,12/21/2025,311.0,311.0,308.0,309.0,-0.96,21496.0,390.6,295.0
SANIMA,12/22/2025,309.0,310.0,306.5,309.0,0.0,37365.0,390.6,295.0
SANIMA,12/23/2025,311.8,312.0,306.0,312.0,0.97,115733.0,390.6,295.0
SANIMA,12/24/2025,313.9,319.0,309.0,319.0,2.24,81332.0,390.6,295.0
SANIMA,12/28/2025,320.0,325.3,320.0,323.8,1.5,74540.0,390.6,295.0
SANIMA,12/29/2025,330.2,330.2,319.9,319.9,-1.2,64180.0,390.6,295.0
SANIMA,12/31/2025,320.0,324.9,318.5,322.0,0.66,52786.0,390.6,295.0
SANIMA,1/1/2026,325.0,325.0,316.6,317.1,-1.52,27907.0,390.6,295.0
SANIMA,1/4/2026,315.7,321.0,315.7,318.0,0.28,28559.0,390.6,295.0
SANIMA,1/5/2026,322.0,327.0,315.7,327.0,2.83,105874.0,390.6,295.0
SANIMA,1/6/2026,330.0,335.0,326.0,333.8,2.08,376792.0,390.6,295.0
SANIMA,1/7/2026,330.0,336.0,330.0,335.5,0.51,99167.0,390.6,295.0
SANIMA,1/8/2026,342.2,342.7,332.2,340.0,1.34,170446.0,390.6,295.0
SANIMA,1/12/2026,335.5,353.0,335.5,336.0,-1.18,153731.0,390.6,295.0
SANIMA,1/13/2026,330.0,346.4,330.0,335.0,-0.3,59492.0,390.6,295.0
SANIMA,1/14/2026,332.0,338.6,328.3,337.0,0.6,74474.0,390.6,295.0
SANIMA,1/18/2026,336.5,341.0,335.0,337.0,0.0,81137.0,390.6,295.0
SANIMA,1/20/2026,339.8,343.9,339.8,342.0,1.48,72447.0,390.6,295.0
SANIMA,1/21/2026,340.2,346.0,340.0,344.0,0.58,129480.0,390.6,295.0
SANIMA,1/22/2026,344.0,344.5,341.0,341.1,-0.84,47778.0,390.6,295.0
SANIMA,1/25/2026,336.0,346.0,336.0,343.9,0.82,68083.0,390.6,295.0
SANIMA,1/26/2026,344.0,350.5,342.0,346.0,0.61,123594.0,390.6,295.0
SANIMA,1/27/2026,346.0,346.5,338.0,338.0,-2.31,130093.0,390.6,295.0
SANIMA,1/28/2026,338.0,341.7,336.5,339.0,0.3,55251.0,390.6,295.0
SANIMA,1/29/2026,341.5,345.0,333.0,333.2,-1.71,162087.0,390.6,295.0
SANIMA,2/1/2026,336.9,336.9,330.2,331.2,-0.6,67765.0,390.6,295.0
SANIMA,2/2/2026,324.6,336.0,324.6,330.0,-0.36,67528.0,390.6,295.0
SANIMA,2/3/2026,330.0,333.0,328.1,330.0,0.0,68791.0,390.6,295.0
SANIMA,2/4/2026,323.4,334.4,323.4,330.0,0.0,31418.0,390.6,295.0
SANIMA,2/5/2026,330.0,335.0,323.4,333.0,0.91,143899.0,390.6,295.0
SANIMA,2/8/2026,327.0,336.0,327.0,329.0,-1.2,66785.0,390.6,295.0
SANIMA,2/9/2026,327.6,329.0,324.0,326.0,-0.91,203811.0,390.6,295.0
SANIMA,2/10/2026,325.0,326.0,323.6,324.2,-0.55,50581.0,390.6,295.0
SANIMA,2/11/2026,328.0,336.0,324.0,326.0,0.56,68954.0,390.6,295.0
SANIMA,2/12/2026,326.0,337.9,325.4,331.9,1.81,110590.0,390.6,295.0
SANIMA,2/16/2026,338.1,338.1,330.0,335.0,0.93,74537.0,390.6,295.0
SANIMA,2/17/2026,335.9,335.9,330.2,332.5,-0.75,77189.0,390.6,295.0
SANIMA,2/22/2026,328.0,337.0,328.0,330.0,-0.75,135094.0,390.6,295.0
SANIMA,2/23/2026,330.0,334.0,329.0,331.5,0.45,69397.0,390.6,295.0
SANIMA,2/24/2026,332.0,338.0,327.0,333.1,0.48,37561.0,390.6,295.0
SANIMA,2/25/2026,333.0,337.0,331.1,335.0,0.57,24261.0,390.6,295.0
SANIMA,2/26/2026,341.7,341.7,332.1,333.0,-0.6,34106.0,390.6,295.0
SANIMA,2/27/2026,341.7,341.7,332.1,333.0,0.0,34106.0,390.6,295.0
SANIMA,2/28/2026,341.7,341.7,332.1,333.0,0.0,34106.0,390.6,295.0
SANIMA,3/2/2026,333.0,338.7,328.0,335.0,0.6,71245.0,390.6,295.0
SANIMA,3/3/2026,340.0,341.0,335.0,341.0,1.79,53698.0,390.6,295.0
SANIMA,3/4/2026,340.0,341.0,335.0,341.0,0.0,53698.0,390.6,295.0
SANIMA,3/5/2026,340.0,341.0,335.0,341.0,0.0,53698.0,390.6,295.0
SANIMA,3/6/2026,340.0,341.0,335.0,341.0,0.0,53698.0,390.6,295.0
SANIMA,3/7/2026,340.0,341.0,335.0,341.0,0.0,53698.0,390.6,295.0
SANIMA,3/8/2026,340.0,341.0,335.0,341.0,0.0,53698.0,390.6,295.0
SANIMA,3/9/2026,347.0,353.9,347.0,353.9,3.78,1100.0,390.6,295.0
SANIMA,3/10/2026,360.9,368.0,350.0,357.0,0.88,291198.0,390.6,295.0
SANIMA,3/11/2026,359.0,363.0,347.0,347.1,-2.77,102797.0,390.6,295.0
SANIMA,3/12/2026,343.0,354.5,343.0,351.5,1.27,106735.0,390.6,295.0
SANIMA,3/13/2026,343.0,354.5,343.0,351.5,0.0,106735.0,390.6,295.0
SANIMA,3/14/2026,343.0,354.5,343.0,351.5,0.0,106735.0,390.6,295.0
SANIMA,3/15/2026,358.5,358.5,350.0,353.0,0.43,153078.0,390.6,295.0
SANIMA,3/16/2026,353.0,354.9,348.1,349.0,-1.13,95513.0,390.6,295.0
SANIMA,3/17/2026,343.0,350.0,343.0,349.5,0.14,57443.0,390.6,295.0
SANIMA,3/18/2026,343.0,350.0,343.0,349.5,0.0,57443.0,390.6,295.0
SANIMA,3/19/2026,351.0,361.0,351.0,357.1,2.17,164580.0,390.6,295.0
SANIMA,3/20/2026,351.0,361.0,351.0,357.1,0.0,164580.0,390.6,295.0
SANIMA,3/21/2026,351.0,361.0,351.0,357.1,0.0,164580.0,390.6,295.0
SANIMA,3/22/2026,357.6,369.2,357.0,366.6,2.66,309134.0,390.6,295.0
SANIMA,3/23/2026,369.0,370.0,360.0,367.0,0.11,114147.0,390.6,295.0
SANIMA,3/24/2026,365.0,373.3,362.1,373.0,1.63,226451.0,390.6,295.0
SANIMA,3/25/2026,372.0,372.0,365.1,367.0,-1.61,170618.0,390.6,295.0
SANIMA,3/26/2026,364.0,368.0,360.2,364.7,0.19,120880.0,390.6,295.0
SANIMA,3/29/2026,365.0,369.8,353.0,355.0,-2.74,136924.0,390.6,295.0
SANIMA,3/30/2026,351.0,359.9,346.0,348.0,-0.85,126760.0,390.6,295.0
SANIMA,3/31/2026,348.0,360.0,341.1,350.0,0.57,239645.0,390.6,295.0
SANIMA,4/1/2026,357.0,357.0,343.2,344.1,-3.61,99280.0,390.6,295.0
SANIMA,4/2/2026,343.0,348.0,338.2,346.0,0.87,54469.0,390.6,295.0
SANIMA,4/5/2026,340.0,346.8,333.5,337.0,-0.88,136480.0,390.6,295.0
SANIMA,4/6/2026,331.2,348.0,331.2,345.5,4.32,65418.0,390.6,295.0
SANIMA,4/7/2026,352.4,352.4,343.1,346.2,-1.76,63115.0,390.6,295.0
SANIMA,4/8/2026,347.0,350.2,347.0,349.0,0.58,77417.0,390.6,295.0
SANIMA,4/9/2026,353.0,355.0,348.0,354.0,0.28,90218.0,390.6,295.0
SANIMA,4/10/2026,357.0,357.0,350.2,351.9,-1.43,68209.0,390.6,295.0
SANIMA,4/13/2026,351.0,354.0,350.0,350.0,-0.28,48496.0,390.6,295.0
SANIMA,4/15/2026,355.0,356.9,350.0,352.5,-0.7,47786.0,390.6,295.0
SANIMA,4/16/2026,350.0,353.0,346.6,352.0,0.57,40203.0,390.6,295.0
SANIMA,4/17/2026,350.0,353.0,347.7,351.7,0.49,29062.0,390.6,295.0
SANIMA,4/20/2026,356.0,356.0,345.5,348.0,-2.25,26311.0,390.6,295.0
SANIMA,4/21/2026,352.0,352.0,346.0,348.2,-1.08,21940.0,390.6,295.0
SANIMA,4/22/2026,341.0,350.0,341.0,348.0,2.05,64795.0,390.6,295.0
SANIMA,4/23/2026,340.0,353.0,340.0,342.5,0.74,37071.0,390.6,295.0
SANIMA,4/24/2026,350.0,350.0,342.5,349.5,-0.14,79937.0,390.6,295.0
SANIMA,4/27/2026,349.5,359.0,349.4,351.8,0.66,66540.0,390.6,295.0
SANIMA,4/28/2026,351.8,355.0,348.1,349.0,-0.8,50824.0,390.6,295.0
SANIMA,4/29/2026,349.0,350.9,344.0,346.9,-0.6,43417.0,390.6,295.0
SANIMA,4/30/2026,329.6,349.8,329.6,349.0,5.89,52897.0,390.6,295.0
SANIMA,5/4/2026,350.0,355.0,345.2,348.5,-0.43,58398.0,390.6,295.0
SANIMA,5/5/2026,348.0,353.0,345.0,352.0,1.15,47190.0,390.6,295.0
SANIMA,5/6/2026,353.0,355.9,352.2,355.0,0.57,56595.0,390.6,295.0
SANIMA,5/7/2026,338.0,360.0,338.0,356.6,5.5,34947.0,390.6,295.0
SANIMA,5/8/2026,357.9,360.9,355.1,360.1,0.61,60428.0,390.6,295.0
SANIMA,5/11/2026,363.0,364.8,360.2,364.8,0.5,64542.0,390.6,295.0
SANIMA,5/12/2026,367.0,367.0,361.5,362.0,-1.36,72584.0,390.6,295.0
SANIMA,5/13/2026,362.0,364.8,356.0,362.5,0.14,60105.0,390.6,295.0
SANIMA,5/14/2026,364.9,367.0,360.0,363.5,-0.38,72679.0,390.6,295.0
SANIMA,5/15/2026,361.1,366.2,361.0,365.5,1.22,100417.0,390.6,295.0
SANIMA,5/18/2026,367.0,368.6,360.1,365.5,-0.41,41585.0,390.6,295.0
SANIMA,5/19/2026,373.0,384.0,361.2,365.5,-2.01,119720.0,390.6,295.0
SANIMA,5/20/2026,367.9,367.9,363.0,366.0,-0.52,78295.0,390.6,295.0
SANIMA,5/21/2026,367.0,367.0,362.0,362.2,-1.31,74972.0,390.6,295.0
SANIMA,5/22/2026,364.4,365.5,360.1,365.5,0.3,52060.0,390.6,295.0
SANIMA,5/25/2026,370.0,387.5,365.6,368.9,-0.3,154310.0,390.6,295.0
SANIMA,5/26/2026,372.9,372.9,365.5,367.0,-1.58,39300.0,390.6,295.0
SANIMA,5/27/2026,368.0,369.5,360.4,368.0,0.0,192221.0,390.6,295.0
SANIMA,6/1/2026,368.0,369.0,362.0,369.0,0.27,87556.0,390.6,295.0
SANIMA,6/2/2026,369.0,371.0,366.0,370.0,0.27,90625.0,390.6,295.0
SANIMA,6/3/2026,370.0,370.0,365.0,366.5,-0.95,52943.0,390.6,295.0
SANIMA,6/4/2026,370.0,370.0,365.1,368.4,-0.43,31066.0,390.6,295.0
SANIMA,6/5/2026,370.0,370.0,365.2,368.0,-0.54,136061.0,390.6,295.0
SANIMA,6/8/2026,365.1,367.0,363.4,365.5,0.11,38492.0,390.6,295.0
SANIMA,6/9/2026,362.5,365.0,360.5,363.8,0.36,64326.0,390.6,295.0
SANIMA,6/10/2026,364.6,366.5,361.6,363.0,-0.44,31381.0,390.6,295.0
SANIMA,6/11/2026,365.0,365.0,360.6,362.9,-0.58,69096.0,390.6,295.0
SANIMA,6/12/2026,361.0,364.0,360.3,361.9,0.25,40695.0,390.6,295.0
SANIMA,6/15/2026,357.1,365.0,357.1,360.0,0.81,51672.0,390.6,295.0
SANIMA,6/16/2026,376.0,376.0,359.0,362.0,-3.72,51931.0,390.6,295.0
SANIMA,6/17/2026,362.0,364.7,359.5,360.0,-0.55,28139.0,390.6,295.0
SANIMA,6/18/2026,359.5,362.0,358.0,359.9,0.11,31367.0,390.6,295.0
SANIMA,6/19/2026,377.8,377.8,355.1,359.0,-4.98,72922.0,390.6,295.0
SANIMA,6/22/2026,365.0,365.0,356.0,358.0,-1.92,51905.0,390.6,295.0
SANIMA,6/23/2026,359.0,359.5,354.0,354.0,-1.39,54483.0,390.6,295.0
SANIMA,6/24/2026,354.5,355.0,346.0,349.4,-1.44,121598.0,390.6,295.0
SANIMA,6/26/2026,359.0,359.0,351.7,352.3,-1.87,30855.0,390.6,295.0
SANIMA,6/29/2026,352.5,352.8,350.2,352.0,-0.14,69295.0,390.6,295.0
SANIMA,6/30/2026,352.0,352.0,348.9,349.0,-0.85,70248.0,390.6,295.0
SANIMA,7/1/2026,354.0,354.9,350.0,351.9,-0.59,98218.0,390.6,295.0
SANIMA,7/2/2026,352.0,359.9,351.5,357.0,1.42,25904.0,390.6,295.0
SANIMA,7/3/2026,359.5,361.0,356.0,357.0,-0.7,99362.0,390.6,295.0
SANIMA,7/6/2026,362.0,362.0,352.0,353.2,-2.43,41339.0,390.6,295.0
SANIMA,7/7/2026,358.0,360.9,353.0,355.0,-0.84,98731.0,390.6,295.0
SANIMA,7/8/2026,355.0,355.1,350.0,353.8,-0.34,70394.0,390.6,295.0
SANIMA,7/9/2026,353.8,359.4,351.4,352.1,-0.48,55167.0,390.6,295.0
SANIMA,7/10/2026,353.0,355.0,348.0,350.0,-0.85,173609.0,390.6,295.0
SANIMA,7/13/2026,350.0,354.0,344.0,344.0,-1.71,124457.0,390.6,295.0
SANIMA,7/14/2026,345.0,349.0,344.1,345.0,0.0,109853.0,390.6,295.0
SANIMA,7/15/2026,348.0,351.8,348.0,350.5,0.72,43142.0,390.6,295.0
SANIMA,7/16/2026,352.9,353.0,348.0,350.0,-0.82,50971.0,390.6,295.0
SANIMA,7/17/2026,350.1,361.0,350.1,361.0,3.11,54196.0,390.6,295.0
SANIMA,7/20/2026,361.0,365.9,358.2,362.5,0.42,46296.0,390.6,295.0
SANIMA,7/21/2026,363.0,371.0,363.0,368.0,1.38,112394.0,390.6,295.0
SANIMA,7/22/2026,365.0,372.0,362.7,367.3,0.63,59752.0,390.6,295.0
SANIMA,7/23/2026,367.9,367.9,363.4,366.0,-0.52,24603.0,390.6,295.0
SANIMA,7/24/2026,366.0,372.5,365.1,372.0,1.64,100183.0,390.6,295.0
SANIMA,7/27/2026,390.6,390.6,372.2,373.0,-4.51,225720.0,390.6,295.0
SANIMA,7/28/2026,370.4,375.0,368.0,369.5,-0.24,118951.0,390.6,295.0
SANIMA,7/29/2026,368.5,375.1,368.0,372.7,1.14,118077.0,390.6,295.0
SANIMA,7/30/2026,375.0,375.0,369.1,370.9,-1.09,58989.0,390.6,295.0
SANIMA,7/31/2026,370.8,374.0,366.1,372.7,0.51,63629.0,390.6,295.0
SANIMA,8/3/2026,354.1,378.0,354.1,374.2,5.68,92433.0,390.6,295.0
SANIMA,8/4/2026,375.0,375.0,371.4,374.0,-0.27,84739.0,390.6,295.0
SANIMA,8/5/2026,375.0,375.4,372.5,375.4,0.11,90544.0,390.6,295.0
SANIMA,8/6/2026,376.5,376.5,373.5,373.7,-0.74,83168.0,390.6,295.0
SANIMA,8/7/2026,375.0,375.7,369.6,370.0,-1.33,461280.0,390.6,295.0
SANIMA,8/10/2026,370.1,372.5,369.0,369.8,-0.08,47600.0,390.6,295.0
SANIMA,8/11/2026,370.1,372.0,368.0,369.0,-0.3,50047.0,390.6,295.0
SANIMA,8/12/2026,369.0,370.9,365.3,366.0,-0.81,143595.0,390.6,295.0
SANIMA,8/13/2026,366.0,371.8,364.7,371.8,1.58,107424.0,390.6,295.0
SANIMA,8/14/2026,371.0,373.0,369.1,370.0,-0.27,66561.0,390.6,295.0
SANIMA,8/17/2026,370.0,371.0,368.4,370.0,0.0,85099.0,390.6,295.0
SANIMA,8/18/2026,370.0,370.5,368.0,369.0,-0.27,51973.0,390.6,295.0
SANIMA,8/19/2026,369.0,370.1,366.1,370.1,0.3,87639.0,390.6,295.0
SANIMA,8/20/2026,368.9,371.4,367.9,371.0,0.57,67237.0,390.6,295.0
SANIMA,8/21/2026,372.8,372.8,370.0,370.6,-0.59,31631.0,390.6,295.0
SANIMA,8/24/2026,370.0,372.0,368.0,370.0,0.0,80447.0,390.6,295.0
SANIMA,8/25/2026,370.0,370.8,365.0,370.7,0.19,200121.0,390.6,295.0
SANIMA,8/26/2026,370.3,370.3,363.5,365.5,-1.3,114162.0,390.6,295.0
SANIMA,8/27/2026,365.0,371.0,363.0,369.0,1.1,95391.0,390.6,295.0
SANIMA,8/31/2026,359.0,363.0,358.0,359.0,0.0,166345.0,390.6,295.0
SANIMA,9/1/2026,359.0,362.8,356.0,358.0,-0.28,131652.0,390.6,295.0
SANIMA,9/2/2026,362.0,362.9,356.1,358.1,-1.08,59055.0,390.6,295.0
SANIMA,9/3/2026,361.0,361.9,356.1,360.0,-0.28,67627.0,390.6,295.0
SANIMA,9/7/2026,370.0,370.0,359.1,365.0,-1.35,68952.0,390.6,295.0
SANIMA,9/9/2026,365.1,368.5,362.1,366.8,0.47,78728.0,390.6,295.0
SANIMA,9/10/2026,365.0,369.0,364.0,368.1,0.85,79663.0,390.6,295.0
SANIMA,9/11/2026,369.9,371.0,363.0,370.0,0.03,238384.0,390.6,295.0
SANIMA,9/14/2026,372.0,375.0,370.0,373.0,0.27,164822.0,390.6,295.0
SANIMA,9/15/2026,390.0,390.0,370.0,375.0,-3.85,356506.0,390.6,295.0
SANIMA,9/16/2026,375.0,376.1,372.2,373.1,-0.51,170597.0,390.6,295.0
SANIMA,9/17/2026,370.0,370.0,361.0,364.3,-1.54,137214.0,390.6,295.0
SANIMA,9/18/2026,362.2,371.0,358.0,370.0,2.15,186356.0,390.6,295.0
SANIMA,9/22/2026,380.0,380.0,362.0,371.0,-2.37,134122.0,390.6,295.0
SANIMA,9/23/2026,370.0,373.0,365.6,368.0,-0.54,57926.0,390.6,295.0
SANIMA,9/24/2026,366.0,368.0,362.2,368.0,0.55,43500.0,390.6,295.0
SANIMA,9/28/2026,370.0,370.0,363.1,365.0,-1.35,81364.0,390.6,295.0
SANIMA,9/29/2026,365.0,366.0,360.5,0.0,-100.0,44550.0,390.6,295.0
SANIMA,9/30/2026,363.0,366.0,362.1,363.5,0.14,57486.0,390.6,295.0
SANIMA,10/1/2026,362.0,366.0,361.0,363.0,0.28,50305.0,390.6,295.0
SANIMA,10/2/2026,363.0,368.1,361.0,366.0,0.83,86500.0,390.6,295.0
SANVI,12/21/2025,631.0,640.0,627.0,635.0,,34781.0,1060.0,515.6
SANVI,12/22/2025,628.09,647.7,621.1,627.1,-1.24,23581.0,1060.0,515.6
SANVI,12/23/2025,623.0,644.0,623.0,643.0,2.54,18498.0,1060.0,515.6
SANVI,12/24/2025,631.0,648.0,631.0,636.0,-1.09,23230.0,1060.0,515.6
SANVI,12/28/2025,636.0,652.0,636.0,650.0,2.2,32022.0,1060.0,515.6
SANVI,12/29/2025,650.0,661.0,641.3,645.0,-0.77,25390.0,1060.0,515.6
SANVI,12/31/2025,640.0,659.8,640.0,657.0,1.86,38117.0,1060.0,515.6
SANVI,1/1/2026,655.0,690.0,651.3,677.9,3.18,109174.0,1060.0,515.6
SANVI,1/4/2026,677.9,740.0,671.1,740.0,9.16,164596.0,1060.0,515.6
SANVI,1/5/2026,754.8,786.9,740.0,784.0,5.95,151257.0,1060.0,515.6
SANVI,1/6/2026,786.0,800.0,740.0,740.0,-5.61,84441.0,1060.0,515.6
SANVI,1/7/2026,725.2,755.0,715.0,735.0,-0.68,199155.0,1060.0,515.6
SANVI,1/8/2026,721.0,800.0,721.0,795.0,8.16,205667.0,1060.0,515.6
SANVI,1/12/2026,795.0,850.0,785.1,830.0,4.4,247910.0,1060.0,515.6
SANVI,1/13/2026,830.0,845.0,806.0,835.0,0.6,182364.0,1060.0,515.6
SANVI,1/14/2026,838.0,855.0,812.0,825.0,-1.2,116172.0,1060.0,515.6
SANVI,1/18/2026,815.0,850.6,815.0,827.0,0.24,176620.0,1060.0,515.6
SANVI,1/20/2026,835.0,848.0,820.0,824.0,-0.36,215879.0,1060.0,515.6
SANVI,1/21/2026,825.0,833.0,817.0,824.9,0.11,92929.0,1060.0,515.6
SANVI,1/22/2026,825.0,875.0,816.0,863.0,4.62,220656.0,1060.0,515.6
SANVI,1/25/2026,865.0,924.9,861.2,888.0,2.9,216421.0,1060.0,515.6
SANVI,1/26/2026,892.0,976.8,870.5,976.8,10.0,374180.0,1060.0,515.6
SANVI,1/27/2026,996.3,1060.0,990.0,995.0,1.86,191610.0,1060.0,515.6
SANVI,1/28/2026,995.0,1030.0,981.0,1015.0,2.01,169028.0,1060.0,515.6
SANVI,1/29/2026,1014.5,1015.0,915.0,915.0,-9.85,214100.0,1060.0,515.6
SANVI,2/1/2026,915.0,930.0,863.0,865.0,-5.46,101928.0,1060.0,515.6
SANVI,2/2/2026,855.0,951.0,855.0,951.0,9.94,161879.0,1060.0,515.6
SANVI,2/3/2026,970.0,978.9,890.0,907.0,-4.63,105327.0,1060.0,515.6
SANVI,2/4/2026,925.0,930.0,875.0,895.0,-1.32,68799.0,1060.0,515.6
SANVI,2/5/2026,890.0,910.0,874.2,885.0,-1.12,68209.0,1060.0,515.6
SANVI,2/8/2026,885.0,900.0,860.1,865.0,-2.26,73955.0,1060.0,515.6
SANVI,2/9/2026,847.7,875.0,835.0,835.2,-3.45,67711.0,1060.0,515.6
SANVI,2/10/2026,835.0,875.0,831.0,850.0,1.77,50349.0,1060.0,515.6
SANVI,2/11/2026,867.0,867.0,820.1,820.6,-3.46,65926.0,1060.0,515.6
SANVI,2/12/2026,820.0,850.0,811.0,835.0,1.75,63447.0,1060.0,515.6
SANVI,2/16/2026,835.0,856.0,820.5,845.0,1.2,35349.0,1060.0,515.6
SANVI,2/17/2026,834.0,850.0,818.1,820.0,-2.96,39146.0,1060.0,515.6
SANVI,2/22/2026,808.5,832.0,790.1,790.1,-3.65,31792.0,1060.0,515.6
SANVI,2/23/2026,780.0,812.0,775.2,779.0,-1.4,33909.0,1060.0,515.6
SANVI,2/24/2026,785.0,838.0,770.0,808.0,3.72,36291.0,1060.0,515.6
SANVI,2/25/2026,824.1,832.0,792.0,804.0,-0.5,30665.0,1060.0,515.6
SANVI,2/26/2026,805.1,819.9,795.0,815.0,1.37,32562.0,1060.0,515.6
SANVI,2/27/2026,805.1,819.9,795.0,815.0,0.0,32562.0,1060.0,515.6
SANVI,2/28/2026,805.1,819.9,795.0,815.0,0.0,32562.0,1060.0,515.6
SANVI,3/2/2026,799.0,829.0,783.4,810.0,-0.61,37820.0,1060.0,515.6
SANVI,3/3/2026,803.0,842.0,803.0,839.0,3.58,51813.0,1060.0,515.6
SANVI,3/4/2026,803.0,842.0,803.0,839.0,0.0,51813.0,1060.0,515.6
SANVI,3/5/2026,803.0,842.0,803.0,839.0,0.0,51813.0,1060.0,515.6
SANVI,3/6/2026,803.0,842.0,803.0,839.0,0.0,51813.0,1060.0,515.6
SANVI,3/7/2026,803.0,842.0,803.0,839.0,0.0,51813.0,1060.0,515.6
SANVI,3/8/2026,803.0,842.0,803.0,839.0,0.0,51813.0,1060.0,515.6
SANVI,3/9/2026,855.7,907.0,855.7,892.0,6.32,9040.0,1060.0,515.6
SANVI,3/10/2026,909.0,909.0,845.0,859.0,-3.7,98825.0,1060.0,515.6
SANVI,3/11/2026,856.0,860.0,834.0,856.0,-0.35,51235.0,1060.0,515.6
SANVI,3/12/2026,873.1,873.1,825.0,835.0,-2.45,51378.0,1060.0,515.6
SANVI,3/13/2026,873.1,873.1,825.0,835.0,0.0,51378.0,1060.0,515.6
SANVI,3/14/2026,873.1,873.1,825.0,835.0,0.0,51378.0,1060.0,515.6
SANVI,3/15/2026,818.3,848.0,818.0,829.9,-0.61,25651.0,1060.0,515.6
SANVI,3/16/2026,846.4,846.4,815.0,818.0,-1.43,33056.0,1060.0,515.6
SANVI,3/17/2026,818.0,822.9,809.0,819.5,0.18,18926.0,1060.0,515.6
SANVI,3/18/2026,818.0,822.9,809.0,819.5,0.0,18926.0,1060.0,515.6
SANVI,3/19/2026,815.0,840.0,815.0,822.0,0.31,49171.0,1060.0,515.6
SANVI,3/20/2026,815.0,840.0,815.0,822.0,0.0,49171.0,1060.0,515.6
SANVI,3/21/2026,815.0,840.0,815.0,822.0,0.0,49171.0,1060.0,515.6
SANVI,3/22/2026,838.0,838.0,816.0,818.0,-0.49,25201.0,1060.0,515.6
SANVI,3/23/2026,819.0,820.1,807.0,819.0,0.12,25883.0,1060.0,515.6
SANVI,3/24/2026,830.0,830.0,813.5,817.0,-0.24,21792.0,1060.0,515.6
SANVI,3/25/2026,817.0,846.0,810.0,839.9,2.8,57436.0,1060.0,515.6
SANVI,3/26/2026,845.0,870.0,838.0,868.0,2.72,156348.0,1060.0,515.6
SANVI,3/29/2026,885.3,885.3,828.3,830.0,-6.25,53383.0,1060.0,515.6
SANVI,3/30/2026,830.0,836.1,814.1,815.0,-1.81,23381.0,1060.0,515.6
SANVI,3/31/2026,815.0,820.0,788.9,809.0,-0.74,31591.0,1060.0,515.6
SANVI,4/1/2026,802.2,803.0,750.0,770.0,-4.01,39974.0,1060.0,515.6
SANVI,4/2/2026,770.0,774.9,740.0,756.5,-1.75,20144.0,1060.0,515.6
SANVI,4/5/2026,742.0,742.0,680.9,680.9,-8.23,58704.0,1060.0,515.6
SANVI,4/6/2026,672.1,737.0,667.3,708.9,5.48,50700.0,1060.0,515.6
SANVI,4/7/2026,706.0,733.0,698.0,704.1,-0.27,23142.0,1060.0,515.6
SANVI,4/8/2026,696.0,769.0,696.0,769.0,10.49,48476.0,1060.0,515.6
SANVI,4/9/2026,768.0,816.0,763.0,797.0,3.78,52377.0,1060.0,515.6
SANVI,4/10/2026,812.9,812.9,761.1,776.9,-4.43,71389.0,1060.0,515.6
SANVI,4/13/2026,762.0,777.0,747.0,753.9,-1.06,47082.0,1060.0,515.6
SANVI,4/15/2026,750.0,780.0,746.0,766.0,2.13,27245.0,1060.0,515.6
SANVI,4/16/2026,755.0,760.0,738.0,741.0,-1.85,37455.0,1060.0,515.6
SANVI,4/17/2026,741.0,753.0,727.0,750.0,1.21,26416.0,1060.0,515.6
SANVI,4/20/2026,787.5,787.5,731.0,741.0,-5.9,13126.0,1060.0,515.6
SANVI,4/21/2026,710.0,751.9,703.3,720.0,1.41,42667.0,1060.0,515.6
SANVI,4/22/2026,720.0,723.0,690.0,711.0,-1.25,40033.0,1060.0,515.6
SANVI,4/23/2026,711.0,729.0,698.0,704.0,-0.98,26846.0,1060.0,515.6
SANVI,4/24/2026,690.0,720.9,690.0,710.0,2.9,17649.0,1060.0,515.6
SANVI,4/27/2026,674.5,720.0,674.5,712.8,5.68,18467.0,1060.0,515.6
SANVI,4/28/2026,712.8,710.0,692.0,704.0,-1.23,25439.0,1060.0,515.6
SANVI,4/29/2026,704.0,707.0,685.0,697.0,-0.99,14799.0,1060.0,515.6
SANVI,4/30/2026,690.5,699.0,670.0,693.0,0.36,18017.0,1060.0,515.6
SANVI,5/4/2026,682.2,690.0,669.3,669.3,-1.89,10877.0,1060.0,515.6
SANVI,5/5/2026,669.3,680.0,660.0,667.0,-0.34,12410.0,1060.0,515.6
SANVI,5/6/2026,665.0,680.0,661.0,661.0,-0.6,9611.0,1060.0,515.6
SANVI,5/7/2026,694.0,694.0,660.0,669.0,-3.6,6917.0,1060.0,515.6
SANVI,5/8/2026,660.2,690.0,660.2,684.0,3.6,10726.0,1060.0,515.6
SANVI,5/11/2026,683.0,715.0,683.0,706.1,3.38,26250.0,1060.0,515.6
SANVI,5/12/2026,706.1,711.0,678.0,683.9,-3.14,18516.0,1060.0,515.6
SANVI,5/13/2026,685.0,685.0,665.0,681.5,-0.51,7960.0,1060.0,515.6
SANVI,5/14/2026,670.0,689.0,665.0,685.0,2.24,5767.0,1060.0,515.6
SANVI,5/15/2026,667.3,695.0,667.3,673.0,0.85,6321.0,1060.0,515.6
SANVI,5/18/2026,670.0,693.0,670.0,685.0,2.24,11629.0,1060.0,515.6
SANVI,5/19/2026,680.0,705.0,676.0,699.8,2.91,35942.0,1060.0,515.6
SANVI,5/20/2026,699.8,730.0,695.0,727.0,3.89,49601.0,1060.0,515.6
SANVI,5/21/2026,722.1,730.0,705.0,705.9,-2.24,21417.0,1060.0,515.6
SANVI,5/22/2026,670.7,744.0,670.7,739.0,10.18,75508.0,1060.0,515.6
SANVI,5/25/2026,702.1,760.0,702.1,742.0,5.68,31996.0,1060.0,515.6
SANVI,5/26/2026,725.0,740.0,725.0,732.0,0.97,24076.0,1060.0,515.6
SANVI,5/27/2026,695.4,735.0,695.4,724.9,4.24,26684.0,1060.0,515.6
SANVI,6/1/2026,705.0,730.0,705.0,706.0,0.14,15053.0,1060.0,515.6
SANVI,6/2/2026,710.0,719.0,700.0,709.0,-0.14,10483.0,1060.0,515.6
SANVI,6/3/2026,702.5,718.0,702.5,710.0,1.07,12509.0,1060.0,515.6
SANVI,6/4/2026,724.0,725.0,693.0,693.0,-4.28,12032.0,1060.0,515.6
SANVI,6/5/2026,693.0,705.0,680.0,689.5,-0.51,16254.0,1060.0,515.6
SANVI,6/8/2026,676.0,699.0,676.0,692.0,2.37,13786.0,1060.0,515.6
SANVI,6/9/2026,680.0,692.0,675.0,690.0,1.47,21286.0,1060.0,515.6
SANVI,6/10/2026,690.2,710.0,690.2,700.0,1.42,16508.0,1060.0,515.6
SANVI,6/11/2026,700.0,710.0,686.1,697.0,-0.43,8545.0,1060.0,515.6
SANVI,6/12/2026,699.0,700.0,683.2,689.0,-1.43,17862.0,1060.0,515.6
SANVI,6/15/2026,681.2,698.0,681.2,682.9,0.25,11808.0,1060.0,515.6
SANVI,6/16/2026,680.0,690.0,680.0,683.0,0.44,10002.0,1060.0,515.6
SANVI,6/17/2026,703.4,703.4,680.0,688.0,-2.19,5000.0,1060.0,515.6
SANVI,6/18/2026,690.0,710.0,675.1,680.9,-1.32,5585.0,1060.0,515.6
SANVI,6/19/2026,681.0,687.5,673.0,680.0,-0.15,6571.0,1060.0,515.6
SANVI,6/22/2026,675.2,685.0,675.2,676.5,0.19,14032.0,1060.0,515.6
SANVI,6/23/2026,676.0,678.8,664.2,665.2,-1.6,11906.0,1060.0,515.6
SANVI,6/24/2026,655.1,673.9,646.5,673.9,2.87,15193.0,1060.0,515.6
SANVI,6/26/2026,657.0,665.0,646.0,650.5,-0.99,10305.0,1060.0,515.6
SANVI,6/29/2026,649.2,655.0,635.0,637.1,-1.86,8800.0,1060.0,515.6
SANVI,6/30/2026,607.0,635.0,607.0,613.5,1.07,19886.0,1060.0,515.6
SANVI,7/1/2026,613.0,633.9,600.0,630.0,2.77,10963.0,1060.0,515.6
SANVI,7/2/2026,633.9,633.9,620.0,633.0,-0.14,4798.0,1060.0,515.6
SANVI,7/3/2026,617.0,635.0,617.0,635.0,2.92,6005.0,1060.0,515.6
SANVI,7/6/2026,635.0,635.0,619.2,619.3,-2.47,3978.0,1060.0,515.6
SANVI,7/7/2026,588.4,628.9,588.4,620.0,5.37,6841.0,1060.0,515.6
SANVI,7/8/2026,609.1,614.9,600.0,603.9,-0.85,10510.0,1060.0,515.6
SANVI,7/9/2026,597.0,600.0,585.0,594.0,-0.5,10254.0,1060.0,515.6
SANVI,7/10/2026,602.0,605.0,587.0,588.0,-2.33,8342.0,1060.0,515.6
SANVI,7/13/2026,570.0,589.4,565.0,571.0,0.18,14705.0,1060.0,515.6
SANVI,7/14/2026,542.5,582.0,542.5,569.0,4.88,16369.0,1060.0,515.6
SANVI,7/15/2026,552.0,590.0,552.0,569.0,3.08,3637.0,1060.0,515.6
SANVI,7/16/2026,570.0,585.0,557.1,565.0,-0.88,6167.0,1060.0,515.6
SANVI,7/17/2026,565.0,607.7,565.0,607.7,7.56,19363.0,1060.0,515.6
SANVI,7/20/2026,635.0,635.0,597.0,633.0,-0.31,20856.0,1060.0,515.6
SANVI,7/21/2026,640.0,641.0,611.0,618.1,-3.42,22751.0,1060.0,515.6
SANVI,7/22/2026,601.0,619.0,601.0,607.0,1.0,15700.0,1060.0,515.6
SANVI,7/23/2026,595.0,634.9,595.0,634.0,6.55,16633.0,1060.0,515.6
SANVI,7/24/2026,665.7,665.7,625.7,643.0,-3.41,34711.0,1060.0,515.6
SANVI,7/27/2026,635.0,640.0,612.0,616.0,-2.99,11695.0,1060.0,515.6
SANVI,7/28/2026,600.2,621.1,600.2,605.3,0.85,12008.0,1060.0,515.6
SANVI,7/29/2026,618.0,618.9,598.0,598.5,-3.16,9226.0,1060.0,515.6
SANVI,7/30/2026,582.0,601.9,582.0,593.5,1.98,5263.0,1060.0,515.6
SANVI,7/31/2026,586.0,607.0,586.0,604.0,3.07,6946.0,1060.0,515.6
SANVI,8/3/2026,596.0,620.0,596.0,605.0,1.51,6953.0,1060.0,515.6
SANVI,8/4/2026,600.1,600.1,590.2,599.9,-0.03,2651.0,1060.0,515.6
SANVI,8/5/2026,591.0,605.0,591.0,605.0,2.37,7780.0,1060.0,515.6
SANVI,8/6/2026,600.0,604.0,596.0,597.0,-0.5,3408.0,1060.0,515.6
SANVI,8/7/2026,595.1,600.0,587.0,590.0,-0.86,10045.0,1060.0,515.6
SANVI,8/10/2026,560.5,603.0,560.5,587.0,4.73,4175.0,1060.0,515.6
SANVI,8/11/2026,580.0,603.0,580.0,598.9,3.26,9026.0,1060.0,515.6
SANVI,8/12/2026,570.0,606.0,570.0,599.5,5.18,6572.0,1060.0,515.6
SANVI,8/13/2026,590.0,600.0,586.0,595.0,0.85,8995.0,1060.0,515.6
SANVI,8/14/2026,590.0,598.8,582.0,587.0,-0.51,5206.0,1060.0,515.6
SANVI,8/17/2026,587.0,614.0,585.0,614.0,4.6,17410.0,1060.0,515.6
SANVI,8/18/2026,615.0,615.0,590.0,599.8,-2.47,9944.0,1060.0,515.6
SANVI,8/19/2026,592.0,597.0,582.0,590.0,-0.34,4022.0,1060.0,515.6
SANVI,8/20/2026,580.0,590.0,580.0,588.9,1.53,5230.0,1060.0,515.6
SANVI,8/21/2026,586.0,589.0,572.0,573.0,-2.22,14119.0,1060.0,515.6
SANVI,8/24/2026,573.0,592.2,565.2,576.8,0.66,4928.0,1060.0,515.6
SANVI,8/25/2026,576.8,578.0,565.0,568.5,-1.44,11125.0,1060.0,515.6
SANVI,8/26/2026,551.5,570.0,551.0,564.7,2.39,11404.0,1060.0,515.6
SANVI,8/27/2026,555.0,580.7,543.0,579.0,4.32,13434.0,1060.0,515.6
SANVI,8/31/2026,570.0,570.0,555.0,560.0,-1.75,3669.0,1060.0,515.6
SANVI,9/1/2026,555.0,570.0,551.0,558.0,0.54,5091.0,1060.0,515.6
SANVI,9/2/2026,558.0,560.3,542.0,560.0,0.36,8385.0,1060.0,515.6
SANVI,9/3/2026,556.1,565.0,550.0,550.0,-1.1,6791.0,1060.0,515.6
SANVI,9/7/2026,549.0,566.0,548.1,559.0,1.82,7416.0,1060.0,515.6
SANVI,9/9/2026,559.0,567.0,555.0,558.0,-0.18,6042.0,1060.0,515.6
SANVI,9/10/2026,550.1,557.0,548.0,555.0,0.89,5076.0,1060.0,515.6
SANVI,9/11/2026,547.1,580.0,547.1,580.0,6.01,22646.0,1060.0,515.6
SANVI,9/14/2026,580.0,593.0,580.0,584.8,0.83,14195.0,1060.0,515.6
SANVI,9/15/2026,613.0,615.0,582.1,589.0,-3.92,14131.0,1060.0,515.6
SANVI,9/16/2026,590.0,591.0,570.0,573.0,-2.88,13716.0,1060.0,515.6
SANVI,9/17/2026,579.0,587.0,571.0,578.0,-0.17,12573.0,1060.0,515.6
SANVI,9/18/2026,575.0,583.0,573.0,580.0,0.87,9446.0,1060.0,515.6
SANVI,9/22/2026,570.0,586.9,570.0,580.0,1.75,5677.0,1060.0,515.6
SANVI,9/23/2026,551.0,580.0,551.0,564.0,2.36,17359.0,1060.0,515.6
SANVI,9/24/2026,552.0,565.0,552.0,559.0,1.27,16163.0,1060.0,515.6
SANVI,9/28/2026,569.0,569.0,540.0,546.0,-4.04,22094.0,1060.0,515.6
SANVI,9/29/2026,545.0,551.0,535.5,0.0,-100.0,3058.0,1060.0,515.6
SANVI,9/30/2026,540.0,548.0,525.0,530.0,-1.85,18775.0,1060.0,515.6
SANVI,10/1/2026,525.0,534.0,515.6,520.0,-0.95,26070.0,1060.0,515.6
SANVI,10/2/2026,514.0,532.4,514.0,522.0,1.56,10846.0,1060.0,515.6
SAPDBL,1/6/2020,132.0,135.0,127.0,131.0,,3761.0,1065.7,556.7
SAPDBL,1/7/2020,129.0,134.0,127.0,134.0,2.29,8738.0,1065.7,556.7
SAPDBL,1/8/2020,132.0,135.0,130.0,134.0,0.0,9804.0,1065.7,556.7
SAPDBL,1/9/2020,134.0,138.0,131.0,132.0,-1.49,7670.0,1065.7,556.7
SAPDBL,1/12/2020,133.0,141.0,133.0,141.0,6.82,10071.0,1065.7,556.7
SAPDBL,1/13/2020,140.0,151.0,140.0,147.0,4.26,10610.0,1065.7,556.7
SAPDBL,1/14/2020,145.0,145.0,138.0,138.0,-6.12,1610.0,1065.7,556.7
SAPDBL,1/15/2020,136.0,141.0,136.0,140.0,1.45,1668.0,1065.7,556.7
SAPDBL,1/16/2020,142.0,154.0,142.0,153.0,9.29,9839.0,1065.7,556.7
SAPDBL,1/19/2020,156.0,168.0,156.0,168.0,9.8,13992.0,1065.7,556.7
SAPDBL,1/20/2020,168.0,168.0,154.0,157.0,-6.55,19326.0,1065.7,556.7
SAPDBL,1/21/2020,155.0,156.0,151.0,151.0,-3.82,4300.0,1065.7,556.7
SAPDBL,1/22/2020,148.0,148.0,140.0,147.0,-2.65,5061.0,1065.7,556.7
SAPDBL,1/23/2020,148.0,150.0,147.0,147.0,0.0,11520.0,1065.7,556.7
SAPDBL,1/26/2020,145.0,146.0,135.0,135.0,-8.16,7001.0,1065.7,556.7
SAPDBL,1/27/2020,133.0,139.0,133.0,139.0,2.96,758.0,1065.7,556.7
SAPDBL,1/28/2020,141.0,142.0,137.0,137.0,-1.44,5483.0,1065.7,556.7
SAPDBL,1/29/2020,139.0,147.0,139.0,143.0,4.38,1730.0,1065.7,556.7
SAPDBL,1/30/2020,145.0,147.0,142.0,142.0,-0.7,7629.0,1065.7,556.7
SAPDBL,2/2/2020,140.0,147.0,140.0,144.0,1.41,4049.0,1065.7,556.7
SAPDBL,2/3/2020,145.0,151.0,144.0,150.0,4.17,5931.0,1065.7,556.7
SAPDBL,2/4/2020,149.0,156.0,149.0,151.0,0.67,5141.0,1065.7,556.7
SAPDBL,2/5/2020,150.0,150.0,144.0,144.0,-4.64,4498.0,1065.7,556.7
SAPDBL,2/6/2020,145.0,150.0,142.0,143.0,-0.69,4653.0,1065.7,556.7
SAPDBL,2/9/2020,142.0,144.0,142.0,143.0,0.0,3419.0,1065.7,556.7
SAPDBL,2/10/2020,142.0,145.0,142.0,145.0,1.4,920.0,1065.7,556.7
SAPDBL,2/11/2020,147.0,154.0,147.0,153.0,5.52,12921.0,1065.7,556.7
SAPDBL,2/12/2020,154.0,154.0,151.0,151.0,-1.31,712.0,1065.7,556.7
SAPDBL,2/13/2020,150.0,150.0,146.0,146.0,-3.31,3376.0,1065.7,556.7
SAPDBL,2/16/2020,146.0,146.0,140.0,144.0,-1.37,8284.0,1065.7,556.7
SAPDBL,2/17/2020,144.0,149.0,142.0,147.0,2.08,4519.0,1065.7,556.7
SAPDBL,2/18/2020,149.0,154.0,143.0,144.0,-2.04,13755.0,1065.7,556.7
SAPDBL,2/19/2020,146.0,148.0,146.0,148.0,2.78,155.0,1065.7,556.7
SAPDBL,2/20/2020,148.0,153.0,145.0,150.0,1.35,3782.0,1065.7,556.7
SAPDBL,2/23/2020,153.0,156.0,147.0,153.0,2.0,4755.0,1065.7,556.7
SAPDBL,2/24/2020,156.0,161.0,150.0,157.0,2.61,13915.0,1065.7,556.7
SAPDBL,2/25/2020,157.0,163.0,157.0,163.0,3.82,9592.0,1065.7,556.7
SAPDBL,2/26/2020,161.0,164.0,157.0,164.0,0.61,13727.0,1065.7,556.7
SAPDBL,2/27/2020,161.0,163.0,155.0,162.0,-1.22,3359.0,1065.7,556.7
SAPDBL,3/1/2020,163.0,163.0,160.0,160.0,-1.23,121.0,1065.7,556.7
SAPDBL,3/3/2020,157.0,157.0,148.0,151.0,-5.63,8594.0,1065.7,556.7
SAPDBL,3/4/2020,148.0,148.0,142.0,143.0,-5.3,7813.0,1065.7,556.7
SAPDBL,3/5/2020,142.0,143.0,140.0,140.0,-2.1,3765.0,1065.7,556.7
SAPDBL,3/10/2020,138.0,138.0,128.0,128.0,-8.57,1141.0,1065.7,556.7
SAPDBL,3/11/2020,129.0,140.0,129.0,138.0,7.81,2078.0,1065.7,556.7
SAPDBL,3/12/2020,140.0,140.0,132.0,134.0,-2.9,8757.0,1065.7,556.7
SAPDBL,3/15/2020,132.0,133.0,129.0,130.0,-2.99,4502.0,1065.7,556.7
SAPDBL,3/16/2020,128.0,133.0,126.0,129.0,-0.77,3131.0,1065.7,556.7
SAPDBL,3/17/2020,128.0,128.0,125.0,125.0,-3.1,6468.0,1065.7,556.7
SAPDBL,3/18/2020,123.0,125.0,117.0,124.0,-0.8,11875.0,1065.7,556.7
SAPDBL,3/19/2020,122.0,122.0,114.0,114.0,-8.06,50852.0,1065.7,556.7
SAPDBL,5/12/2020,107.0,107.0,105.0,105.0,-7.89,1404.0,1065.7,556.7
SAPDBL,5/13/2020,104.0,104.0,102.0,102.0,-2.86,130.0,1065.7,556.7
SAPDBL,6/29/2020,102.0,102.0,102.0,105.0,2.94,1400.0,1065.7,556.7
SAPDBL,6/30/2020,105.0,107.0,105.0,107.0,1.9,1131.0,1065.7,556.7
SAPDBL,7/5/2020,106.0,109.0,105.0,107.0,0.0,1588.0,1065.7,556.7
SAPDBL,7/6/2020,107.0,114.0,106.0,110.0,2.8,1567.0,1065.7,556.7
SAPDBL,7/7/2020,112.0,120.0,110.0,120.0,9.09,4448.0,1065.7,556.7
SAPDBL,7/8/2020,118.0,124.0,118.0,123.0,2.5,1444.0,1065.7,556.7
SAPDBL,7/9/2020,121.0,125.0,121.0,125.0,1.63,3907.0,1065.7,556.7
SAPDBL,7/12/2020,123.0,128.0,123.0,126.0,0.8,1243.0,1065.7,556.7
SAPDBL,7/13/2020,126.0,126.0,122.0,125.0,-0.79,1258.0,1065.7,556.7
SAPDBL,7/14/2020,127.0,127.0,119.0,121.0,-3.2,1459.0,1065.7,556.7
SAPDBL,7/15/2020,119.0,122.0,118.0,120.0,-0.83,3312.0,1065.7,556.7
SAPDBL,7/16/2020,119.0,126.0,118.0,126.0,5.0,2494.0,1065.7,556.7
SAPDBL,7/20/2020,128.0,130.0,125.0,126.0,0.0,7637.0,1065.7,556.7
SAPDBL,7/21/2020,124.0,130.0,124.0,126.0,0.0,3866.0,1065.7,556.7
SAPDBL,7/22/2020,126.0,126.0,120.0,122.0,-3.17,7107.0,1065.7,556.7
SAPDBL,7/23/2020,120.0,124.0,120.0,122.0,0.0,2699.0,1065.7,556.7
SAPDBL,7/26/2020,124.0,125.0,122.0,124.0,1.64,2545.0,1065.7,556.7
SAPDBL,7/27/2020,124.0,127.0,124.0,124.0,0.0,2837.0,1065.7,556.7
SAPDBL,7/28/2020,125.0,125.0,123.0,124.0,0.0,1837.0,1065.7,556.7
SAPDBL,7/29/2020,123.0,124.0,121.0,122.0,-1.61,1996.0,1065.7,556.7
SAPDBL,7/30/2020,121.0,124.0,120.0,124.0,1.64,2172.0,1065.7,556.7
SAPDBL,8/2/2020,122.0,125.0,120.0,123.0,-0.81,1539.0,1065.7,556.7
SAPDBL,8/3/2020,123.0,124.0,121.0,124.0,0.81,3038.0,1065.7,556.7
SAPDBL,8/5/2020,122.0,122.0,118.0,120.0,-3.23,10560.0,1065.7,556.7
SAPDBL,8/6/2020,120.0,121.0,118.0,121.0,0.83,2248.0,1065.7,556.7
SAPDBL,8/9/2020,120.0,120.0,118.0,119.0,-1.65,3932.0,1065.7,556.7
SAPDBL,8/10/2020,119.0,123.0,119.0,121.0,1.68,2074.0,1065.7,556.7
SAPDBL,8/11/2020,123.0,123.0,119.0,120.0,-0.83,2921.0,1065.7,556.7
SAPDBL,8/12/2020,118.0,121.0,116.0,118.0,-1.67,9075.0,1065.7,556.7
SAPDBL,8/13/2020,120.0,120.0,118.0,118.0,0.0,3672.0,1065.7,556.7
SAPDBL,8/16/2020,117.0,119.0,116.0,117.0,-0.85,1032.0,1065.7,556.7
SAPDBL,8/17/2020,117.0,118.0,117.0,117.0,0.0,1809.0,1065.7,556.7
SAPDBL,8/18/2020,116.0,121.0,116.0,120.0,2.56,2913.0,1065.7,556.7
SAPDBL,8/19/2020,119.0,120.0,119.0,119.0,-0.83,1752.0,1065.7,556.7
SAPDBL,8/20/2020,120.0,121.0,120.0,120.0,0.84,474.0,1065.7,556.7
SAPDBL,8/23/2020,119.0,122.0,118.0,120.0,0.0,2912.0,1065.7,556.7
SAPDBL,8/24/2020,122.0,124.0,120.0,121.0,0.83,1584.0,1065.7,556.7
SAPDBL,8/25/2020,119.0,121.0,117.0,121.0,0.0,600.0,1065.7,556.7
SAPDBL,8/26/2020,121.0,121.0,117.0,120.0,-0.83,2931.0,1065.7,556.7
SAPDBL,8/27/2020,119.0,120.0,118.0,119.0,-0.83,3039.0,1065.7,556.7
SAPDBL,8/30/2020,118.0,118.0,117.0,118.0,-0.84,757.0,1065.7,556.7
SAPDBL,8/31/2020,117.0,122.0,117.0,120.0,1.69,3176.0,1065.7,556.7
SAPDBL,9/2/2020,118.0,124.0,118.0,121.0,0.83,4453.0,1065.7,556.7
SAPDBL,9/3/2020,121.0,122.0,120.0,120.0,-0.83,4943.0,1065.7,556.7
SAPDBL,9/6/2020,126.0,126.0,118.0,121.0,0.83,1717.0,1065.7,556.7
SAPDBL,9/7/2020,121.0,123.0,118.0,118.0,-2.48,7656.0,1065.7,556.7
SAPDBL,9/8/2020,118.0,121.0,118.0,119.0,0.85,4070.0,1065.7,556.7
SAPDBL,9/9/2020,118.0,120.0,118.0,119.0,0.0,4237.0,1065.7,556.7
SAPDBL,9/10/2020,119.0,122.0,118.0,119.0,0.0,4508.0,1065.7,556.7
SAPDBL,9/13/2020,117.0,120.0,117.0,120.0,0.84,1086.0,1065.7,556.7
SAPDBL,9/14/2020,122.0,122.0,118.0,120.0,0.0,8924.0,1065.7,556.7
SAPDBL,9/15/2020,122.0,123.0,121.0,121.0,0.83,2807.0,1065.7,556.7
SAPDBL,9/16/2020,120.0,125.0,120.0,123.0,1.65,3330.0,1065.7,556.7
SAPDBL,9/17/2020,121.0,135.0,121.0,135.0,9.76,13111.0,1065.7,556.7
SAPDBL,9/20/2020,137.0,148.0,137.0,148.0,9.63,43587.0,1065.7,556.7
SAPDBL,9/21/2020,146.0,153.0,135.0,150.0,1.35,22160.0,1065.7,556.7
SAPDBL,9/22/2020,150.0,150.0,138.0,139.0,-7.33,11224.0,1065.7,556.7
SAPDBL,9/23/2020,138.0,146.0,136.0,138.0,-0.72,15505.0,1065.7,556.7
SAPDBL,9/24/2020,136.0,147.0,136.0,144.0,4.35,7320.0,1065.7,556.7
SAPDBL,9/27/2020,143.0,156.0,143.0,147.0,2.08,16315.0,1065.7,556.7
SAPDBL,9/28/2020,149.0,155.0,147.0,149.0,1.36,15532.0,1065.7,556.7
SAPDBL,9/29/2020,148.0,151.0,144.0,147.0,-1.34,10957.0,1065.7,556.7
SAPDBL,9/30/2020,145.0,150.0,144.0,150.0,2.04,8850.0,1065.7,556.7
SAPDBL,10/1/2020,150.0,165.0,149.0,165.0,10.0,64341.0,1065.7,556.7
SAPDBL,10/4/2020,167.0,173.0,162.0,165.0,0.0,42315.0,1065.7,556.7
SAPDBL,10/5/2020,167.0,170.0,157.0,167.0,1.21,23595.0,1065.7,556.7
SAPDBL,10/6/2020,167.0,170.0,159.0,165.0,-1.2,16845.0,1065.7,556.7
SAPDBL,10/7/2020,162.0,181.0,159.0,174.0,5.45,36404.0,1065.7,556.7
SAPDBL,10/8/2020,177.0,180.0,166.0,167.0,-4.02,34192.0,1065.7,556.7
SAPDBL,10/11/2020,165.0,170.0,162.0,164.0,-1.8,8438.0,1065.7,556.7
SAPDBL,10/12/2020,162.0,178.0,160.0,164.0,0.0,29187.0,1065.7,556.7
SAPDBL,10/13/2020,167.0,172.0,165.0,165.0,0.61,18185.0,1065.7,556.7
SAPDBL,10/14/2020,164.0,171.0,160.0,161.0,-2.42,7618.0,1065.7,556.7
SAPDBL,10/15/2020,164.0,167.0,159.0,161.0,0.0,11671.0,1065.7,556.7
SAPDBL,10/18/2020,158.0,161.0,158.0,160.0,-0.62,2112.0,1065.7,556.7
SAPDBL,10/19/2020,160.0,163.0,157.0,163.0,1.88,10175.0,1065.7,556.7
SAPDBL,10/20/2020,166.0,166.0,162.0,165.0,1.23,7108.0,1065.7,556.7
SAPDBL,10/21/2020,163.0,165.0,162.0,164.0,-0.61,1456.0,1065.7,556.7
SAPDBL,10/22/2020,162.0,164.0,160.0,160.0,-2.44,15446.0,1065.7,556.7
SAPDBL,10/28/2020,163.0,169.0,163.0,165.0,3.12,6684.0,1065.7,556.7
SAPDBL,10/29/2020,165.0,168.0,163.0,165.0,0.0,16068.0,1065.7,556.7
SAPDBL,11/1/2020,168.0,170.0,163.0,170.0,3.03,19644.0,1065.7,556.7
SAPDBL,11/2/2020,170.0,170.0,164.0,167.0,-1.76,11199.0,1065.7,556.7
SAPDBL,11/3/2020,170.0,170.0,164.0,167.0,0.0,6046.0,1065.7,556.7
SAPDBL,11/4/2020,164.0,165.0,162.0,164.0,-1.8,4207.0,1065.7,556.7
SAPDBL,11/5/2020,161.0,165.0,160.0,165.0,0.61,9727.0,1065.7,556.7
SAPDBL,11/8/2020,165.0,169.0,164.0,165.0,0.0,9627.0,1065.7,556.7
SAPDBL,11/9/2020,164.0,167.0,163.0,164.0,-0.61,4844.0,1065.7,556.7
SAPDBL,11/10/2020,161.0,167.0,161.0,167.0,1.83,10109.0,1065.7,556.7
SAPDBL,11/11/2020,167.0,167.0,162.0,163.0,-2.4,5030.0,1065.7,556.7
SAPDBL,11/12/2020,166.0,169.0,162.0,164.0,0.61,8481.0,1065.7,556.7
SAPDBL,11/18/2020,164.0,165.0,164.0,164.0,0.0,2810.0,1065.7,556.7
SAPDBL,11/19/2020,165.0,166.0,159.0,162.0,-1.22,21946.0,1065.7,556.7
SAPDBL,11/22/2020,159.0,162.0,159.0,160.0,-1.23,22179.0,1065.7,556.7
SAPDBL,11/23/2020,158.0,165.0,158.0,163.0,1.88,8964.0,1065.7,556.7
SAPDBL,11/24/2020,163.0,163.0,158.0,158.0,-3.07,12218.0,1065.7,556.7
SAPDBL,11/25/2020,165.0,165.0,159.0,159.0,0.63,14199.0,1065.7,556.7
SAPDBL,11/26/2020,162.0,168.0,160.0,160.0,0.63,26280.0,1065.7,556.7
SAPDBL,11/29/2020,160.0,176.0,159.0,167.0,4.37,33156.0,1065.7,556.7
SAPDBL,11/30/2020,170.0,175.0,167.0,169.0,1.2,31580.0,1065.7,556.7
SAPDBL,12/1/2020,172.0,172.0,162.0,162.0,-4.14,12016.0,1065.7,556.7
SAPDBL,12/2/2020,163.0,177.0,160.0,162.0,0.0,7898.0,1065.7,556.7
SAPDBL,12/3/2020,162.0,165.0,157.0,157.0,-3.09,12596.0,1065.7,556.7
SAPDBL,12/6/2020,157.0,158.0,152.0,152.0,-3.18,10077.0,1065.7,556.7
SAPDBL,12/7/2020,155.0,156.0,152.0,155.0,1.97,4868.0,1065.7,556.7
SAPDBL,12/8/2020,155.0,156.0,151.0,153.0,-1.29,7377.0,1065.7,556.7
SAPDBL,12/9/2020,153.0,156.0,149.0,150.0,-1.96,3806.0,1065.7,556.7
SAPDBL,12/10/2020,150.0,155.0,148.0,149.0,-0.67,6550.0,1065.7,556.7
SAPDBL,12/13/2020,151.0,151.0,148.0,149.0,0.0,9290.0,1065.7,556.7
SAPDBL,12/14/2020,148.0,156.0,146.0,156.0,4.7,25644.0,1065.7,556.7
SAPDBL,12/15/2020,155.0,155.0,150.0,153.0,-1.92,5091.0,1065.7,556.7
SAPDBL,12/16/2020,150.0,155.0,148.0,155.0,1.31,7735.0,1065.7,556.7
SAPDBL,12/17/2020,157.0,161.0,148.0,151.0,-2.58,8197.0,1065.7,556.7
SAPDBL,12/20/2020,154.0,154.0,144.0,147.0,-2.65,7059.0,1065.7,556.7
SAPDBL,12/21/2020,140.0,146.0,139.0,146.0,-0.68,11547.0,1065.7,556.7
SAPDBL,12/22/2020,148.0,150.0,145.0,147.0,0.68,8814.0,1065.7,556.7
SAPDBL,12/23/2020,149.0,152.0,144.0,148.0,0.68,3115.0,1065.7,556.7
SAPDBL,12/24/2020,148.0,148.0,142.0,146.0,-1.35,2684.0,1065.7,556.7
SAPDBL,12/27/2020,145.0,146.0,143.0,145.0,-0.68,4134.0,1065.7,556.7
SAPDBL,12/28/2020,144.0,147.0,142.0,145.0,0.0,6189.0,1065.7,556.7
SAPDBL,12/29/2020,145.0,145.0,140.0,144.0,-0.69,5276.0,1065.7,556.7
SAPDBL,12/30/2020,142.0,144.0,140.0,144.0,0.0,2303.0,1065.7,556.7
SAPDBL,12/31/2020,143.0,154.0,142.0,145.0,0.69,9235.0,1065.7,556.7
SAPDBL,1/3/2021,145.0,147.0,143.0,146.0,0.69,10419.0,1065.7,556.7
SAPDBL,1/4/2021,139.0,154.0,139.0,144.0,-1.37,22393.0,1065.7,556.7
SAPDBL,1/5/2021,144.0,148.0,144.0,145.0,0.69,11744.0,1065.7,556.7
SAPDBL,1/6/2021,138.0,149.0,138.0,148.0,2.07,5958.0,1065.7,556.7
SAPDBL,1/7/2021,148.0,151.0,145.0,145.0,-2.03,15471.0,1065.7,556.7
SAPDBL,1/10/2021,147.0,153.0,147.0,149.0,2.76,8956.0,1065.7,556.7
SAPDBL,1/11/2021,149.0,158.0,149.0,157.0,5.37,41774.0,1065.7,556.7
SAPDBL,1/12/2021,157.0,159.0,155.0,158.0,0.64,10428.0,1065.7,556.7
SAPDBL,1/13/2021,161.0,162.0,158.0,159.0,0.63,22122.0,1065.7,556.7
SAPDBL,1/17/2021,162.0,169.0,158.0,169.0,6.29,50266.0,1065.7,556.7
SAPDBL,1/18/2021,172.0,177.0,165.0,165.0,-2.37,58122.0,1065.7,556.7
SAPDBL,1/19/2021,168.0,177.0,167.0,172.0,4.24,48313.0,1065.7,556.7
SAPDBL,1/20/2021,175.0,189.0,172.0,189.0,9.88,112031.0,1065.7,556.7
SAPDBL,1/21/2021,195.0,207.0,190.0,192.0,1.59,130516.0,1065.7,556.7
SAPDBL,1/24/2021,195.0,201.0,183.0,185.0,-3.65,47222.0,1065.7,556.7
SAPDBL,1/25/2021,185.0,193.0,181.0,181.0,-2.16,34630.0,1065.7,556.7
SAPDBL,1/26/2021,184.0,186.0,175.0,176.0,-2.76,34666.0,1065.7,556.7
SAPDBL,1/27/2021,176.0,180.0,174.0,177.0,0.57,20610.0,1065.7,556.7
SAPDBL,1/28/2021,177.0,177.0,170.0,173.0,-2.26,20071.0,1065.7,556.7
SAPDBL,1/31/2021,170.0,170.0,165.0,168.0,-2.89,29858.0,1065.7,556.7
SAPDBL,2/1/2021,171.0,181.0,166.0,175.0,4.17,34002.0,1065.7,556.7
SAPDBL,2/2/2021,178.0,187.0,178.0,180.0,2.86,25812.0,1065.7,556.7
SAPDBL,2/3/2021,177.0,183.0,175.0,176.0,-2.22,13140.0,1065.7,556.7
SAPDBL,2/4/2021,179.0,179.0,173.0,173.0,-1.7,16320.0,1065.7,556.7
SAPDBL,2/7/2021,170.0,180.0,170.0,175.0,1.16,22656.0,1065.7,556.7
SAPDBL,2/8/2021,173.0,178.0,170.0,174.0,-0.57,23155.0,1065.7,556.7
SAPDBL,2/9/2021,177.0,180.0,171.0,175.0,0.57,10491.0,1065.7,556.7
SAPDBL,2/10/2021,176.0,177.0,172.0,174.0,-0.57,11765.0,1065.7,556.7
SAPDBL,2/11/2021,174.0,179.0,173.0,173.0,-0.57,26015.0,1065.7,556.7
SAPDBL,2/14/2021,176.0,176.0,171.0,172.0,-0.58,15469.0,1065.7,556.7
SAPDBL,2/15/2021,172.0,175.0,172.0,172.0,0.0,10776.0,1065.7,556.7
SAPDBL,2/16/2021,175.0,177.0,171.0,172.0,0.0,22753.0,1065.7,556.7
SAPDBL,2/17/2021,171.0,174.0,171.0,173.0,0.58,13797.0,1065.7,556.7
SAPDBL,2/18/2021,172.0,186.0,172.0,184.0,6.36,77949.0,1065.7,556.7
SAPDBL,2/21/2021,187.0,192.0,183.0,186.0,1.09,58841.0,1065.7,556.7
SAPDBL,2/22/2021,186.0,187.0,178.0,181.0,-2.69,22963.0,1065.7,556.7
SAPDBL,2/23/2021,180.0,180.0,172.0,176.0,-2.76,13771.0,1065.7,556.7
SAPDBL,2/24/2021,179.0,181.0,175.0,176.0,0.0,10711.0,1065.7,556.7
SAPDBL,2/25/2021,175.0,177.0,171.0,174.0,-1.14,16762.0,1065.7,556.7
SAPDBL,2/28/2021,172.0,172.0,169.0,169.0,-2.87,9758.0,1065.7,556.7
SAPDBL,3/1/2021,167.0,173.0,167.0,172.0,1.78,10989.0,1065.7,556.7
SAPDBL,3/2/2021,170.0,174.0,165.0,167.0,-2.91,19401.0,1065.7,556.7
SAPDBL,3/3/2021,165.0,167.0,163.0,166.0,-0.6,16878.0,1065.7,556.7
SAPDBL,3/4/2021,169.0,172.0,167.0,169.0,1.81,12840.0,1065.7,556.7
SAPDBL,3/7/2021,166.0,170.0,163.0,166.0,-1.78,8730.0,1065.7,556.7
SAPDBL,3/9/2021,166.0,168.0,162.0,163.0,-1.81,15023.0,1065.7,556.7
SAPDBL,3/10/2021,164.0,168.0,164.0,165.0,1.23,11567.0,1065.7,556.7
SAPDBL,3/14/2021,162.0,163.0,158.0,160.0,-3.03,16433.0,1065.7,556.7
SAPDBL,3/15/2021,158.0,164.0,158.0,159.0,-0.62,2012.0,1065.7,556.7
SAPDBL,3/16/2021,158.0,161.0,155.0,160.0,0.63,10632.0,1065.7,556.7
SAPDBL,3/17/2021,163.0,163.0,158.0,160.0,0.0,14618.0,1065.7,556.7
SAPDBL,3/18/2021,163.0,167.0,162.0,163.0,1.88,9550.0,1065.7,556.7
SAPDBL,3/21/2021,165.0,169.0,163.0,164.0,0.61,19571.0,1065.7,556.7
SAPDBL,3/22/2021,167.0,170.0,163.0,166.0,1.22,11655.0,1065.7,556.7
SAPDBL,3/23/2021,163.0,166.0,160.0,160.0,-3.61,15913.0,1065.7,556.7
SAPDBL,3/24/2021,161.0,169.0,161.0,166.0,3.75,5781.0,1065.7,556.7
SAPDBL,3/25/2021,165.0,167.0,163.0,166.0,0.0,7639.0,1065.7,556.7
SAPDBL,3/29/2021,165.0,168.0,162.0,165.0,-0.6,5979.0,1065.7,556.7
SAPDBL,3/30/2021,168.0,168.0,163.0,163.0,-1.21,5113.0,1065.7,556.7
SAPDBL,3/31/2021,166.0,166.0,161.0,163.0,0.0,16249.0,1065.7,556.7
SAPDBL,4/1/2021,163.0,172.0,163.0,169.0,3.68,9865.0,1065.7,556.7
SAPDBL,4/4/2021,169.0,172.0,166.0,170.0,0.59,7952.0,1065.7,556.7
SAPDBL,4/5/2021,167.0,173.0,164.0,165.0,-2.94,22308.0,1065.7,556.7
SAPDBL,4/6/2021,162.0,171.0,162.0,168.0,1.82,16426.0,1065.7,556.7
SAPDBL,4/7/2021,171.0,174.0,169.0,172.0,2.38,26403.0,1065.7,556.7
SAPDBL,4/8/2021,172.0,177.0,171.0,176.0,2.33,40168.0,1065.7,556.7
SAPDBL,4/12/2021,179.0,191.0,176.0,186.0,5.68,73667.0,1065.7,556.7
SAPDBL,4/13/2021,186.0,195.0,181.0,188.0,1.08,69299.0,1065.7,556.7
SAPDBL,4/15/2021,190.0,206.0,189.0,206.0,9.57,159936.0,1065.7,556.7
SAPDBL,4/18/2021,210.0,214.0,192.0,200.0,-2.91,75476.0,1065.7,556.7
SAPDBL,4/19/2021,197.0,197.0,189.0,189.0,-5.5,45474.0,1065.7,556.7
SAPDBL,4/20/2021,189.0,195.0,189.0,191.0,1.06,19829.0,1065.7,556.7
SAPDBL,4/21/2021,193.0,195.0,188.0,190.0,-0.52,33467.0,1065.7,556.7
SAPDBL,4/22/2021,187.0,205.0,187.0,203.0,6.84,92615.0,1065.7,556.7
SAPDBL,4/25/2021,203.0,203.0,188.0,194.0,-4.43,39951.0,1065.7,556.7
SAPDBL,4/26/2021,191.0,196.0,182.0,183.0,-5.67,32557.0,1065.7,556.7
SAPDBL,4/27/2021,183.0,197.0,183.0,191.0,4.37,16700.0,1065.7,556.7
SAPDBL,4/28/2021,191.0,195.0,186.0,190.0,-0.52,8816.0,1065.7,556.7
SAPDBL,4/29/2021,190.0,192.0,188.0,191.0,0.53,10713.0,1065.7,556.7
SAPDBL,5/2/2021,188.0,193.0,182.0,190.0,-0.52,25498.0,1065.7,556.7
SAPDBL,5/3/2021,190.0,191.0,187.0,188.0,-1.05,19258.0,1065.7,556.7
SAPDBL,5/4/2021,186.0,192.0,186.0,191.0,1.6,19599.0,1065.7,556.7
SAPDBL,5/5/2021,193.0,193.0,188.0,191.0,0.0,20825.0,1065.7,556.7
SAPDBL,5/6/2021,194.0,197.0,185.0,187.0,-2.09,32059.0,1065.7,556.7
SAPDBL,5/9/2021,190.0,193.0,185.0,189.0,1.07,12890.0,1065.7,556.7
SAPDBL,5/10/2021,186.0,195.0,184.0,191.0,1.06,8933.0,1065.7,556.7
SAPDBL,5/11/2021,188.0,194.0,188.0,190.0,-0.52,16974.0,1065.7,556.7
SAPDBL,5/12/2021,193.0,193.0,187.0,192.0,1.05,15523.0,1065.7,556.7
SAPDBL,5/13/2021,192.0,205.0,191.0,202.0,5.21,136851.0,1065.7,556.7
SAPDBL,5/16/2021,210.0,222.0,210.0,222.0,9.9,136892.0,1065.7,556.7
SAPDBL,5/17/2021,233.0,233.0,220.0,228.0,2.7,132874.0,1065.7,556.7
SAPDBL,5/18/2021,239.0,250.0,223.0,250.0,9.65,119529.0,1065.7,556.7
SAPDBL,5/19/2021,260.0,261.0,230.0,238.0,-4.8,112195.0,1065.7,556.7
SAPDBL,5/20/2021,235.0,248.0,234.0,244.0,2.52,69948.0,1065.7,556.7
SAPDBL,5/23/2021,240.0,268.0,233.0,268.0,9.84,175277.0,1065.7,556.7
SAPDBL,5/24/2021,273.0,293.0,273.0,277.0,3.36,214724.0,1065.7,556.7
SAPDBL,5/25/2021,277.0,302.0,271.0,293.0,5.78,196733.0,1065.7,556.7
SAPDBL,5/27/2021,307.0,318.0,275.0,303.0,3.41,116148.0,1065.7,556.7
SAPDBL,5/30/2021,303.0,332.0,297.0,315.0,3.96,140300.0,1065.7,556.7
SAPDBL,5/31/2021,321.0,329.0,311.0,311.0,-1.27,142267.0,1065.7,556.7
SAPDBL,6/1/2021,326.0,326.0,299.0,308.0,-0.96,100592.0,1065.7,556.7
SAPDBL,6/2/2021,314.0,330.0,306.0,329.0,6.82,155718.0,1065.7,556.7
SAPDBL,6/3/2021,335.0,361.0,335.0,354.0,7.6,266337.0,1065.7,556.7
SAPDBL,6/6/2021,360.0,360.0,326.0,340.0,-3.95,119058.0,1065.7,556.7
SAPDBL,6/7/2021,340.0,366.0,329.0,353.0,3.82,93075.0,1065.7,556.7
SAPDBL,6/8/2021,370.0,388.0,359.0,388.0,9.92,248143.0,1065.7,556.7
SAPDBL,6/9/2021,407.0,407.0,366.0,372.0,-4.12,121577.0,1065.7,556.7
SAPDBL,6/10/2021,380.0,380.0,358.0,372.0,0.0,117940.0,1065.7,556.7
SAPDBL,6/13/2021,372.0,408.0,368.0,400.0,7.53,235032.0,1065.7,556.7
SAPDBL,6/14/2021,420.0,422.0,394.0,410.0,2.5,184332.0,1065.7,556.7
SAPDBL,6/15/2021,420.0,420.0,382.0,385.0,-6.1,116396.0,1065.7,556.7
SAPDBL,6/16/2021,366.0,384.0,348.0,360.0,-6.49,93647.0,1065.7,556.7
SAPDBL,6/17/2021,367.0,382.0,355.0,377.0,4.72,93191.0,1065.7,556.7
SAPDBL,6/20/2021,359.0,382.0,355.0,365.0,-3.18,73728.0,1065.7,556.7
SAPDBL,6/21/2021,372.0,372.0,340.0,341.0,-6.58,50115.0,1065.7,556.7
SAPDBL,6/22/2021,345.0,361.0,328.0,361.0,5.87,65025.0,1065.7,556.7
SAPDBL,6/23/2021,368.0,375.0,345.0,352.0,-2.49,44991.0,1065.7,556.7
SAPDBL,6/24/2021,359.0,359.0,337.0,344.0,-2.27,32410.0,1065.7,556.7
SAPDBL,6/27/2021,350.0,350.0,331.0,334.0,-2.91,24875.0,1065.7,556.7
SAPDBL,6/28/2021,318.0,350.0,318.0,320.0,-4.19,29690.0,1065.7,556.7
SAPDBL,6/29/2021,314.0,325.0,301.0,309.0,-3.44,42449.0,1065.7,556.7
SAPDBL,6/30/2021,303.0,324.0,288.0,322.0,4.21,67266.0,1065.7,556.7
SAPDBL,7/1/2021,328.0,342.0,320.0,332.0,3.11,38506.0,1065.7,556.7
SAPDBL,7/4/2021,338.0,342.0,328.0,330.0,-0.6,27589.0,1065.7,556.7
SAPDBL,7/5/2021,333.0,333.0,318.0,319.0,-3.33,11404.0,1065.7,556.7
SAPDBL,7/6/2021,324.0,324.0,315.0,316.0,-0.94,9461.0,1065.7,556.7
SAPDBL,7/7/2021,322.0,326.0,311.0,313.0,-0.95,5576.0,1065.7,556.7
SAPDBL,7/8/2021,315.0,322.0,308.0,317.0,1.28,15845.0,1065.7,556.7
SAPDBL,7/11/2021,323.0,348.0,323.0,348.0,9.78,37569.0,1065.7,556.7
SAPDBL,7/12/2021,365.0,380.0,350.0,357.0,2.59,115065.0,1065.7,556.7
SAPDBL,7/13/2021,358.0,374.0,343.0,371.0,3.92,48910.0,1065.7,556.7
SAPDBL,7/14/2021,365.0,384.0,364.0,372.0,0.27,23551.0,1065.7,556.7
SAPDBL,7/15/2021,359.0,380.0,359.0,365.0,-1.88,25605.0,1065.7,556.7
SAPDBL,7/18/2021,368.0,384.0,368.0,382.0,4.66,58637.0,1065.7,556.7
SAPDBL,7/19/2021,389.6,401.0,382.0,392.0,2.62,111667.0,1065.7,556.7
SAPDBL,7/20/2021,392.0,394.0,383.0,389.0,-0.77,41002.0,1065.7,556.7
SAPDBL,7/22/2021,390.0,390.0,375.0,378.0,-2.83,37627.0,1065.7,556.7
SAPDBL,7/25/2021,384.0,384.9,370.0,376.0,-0.53,42099.0,1065.7,556.7
SAPDBL,7/26/2021,381.0,381.0,368.0,369.0,-1.86,43051.0,1065.7,556.7
SAPDBL,7/27/2021,362.0,399.0,353.0,382.0,3.52,44073.0,1065.7,556.7
SAPDBL,7/28/2021,383.0,398.0,382.0,392.0,2.62,112100.0,1065.7,556.7
SAPDBL,7/29/2021,398.0,429.9,395.0,422.0,7.65,300456.0,1065.7,556.7
SAPDBL,8/1/2021,430.0,440.0,415.0,421.0,-0.24,86797.0,1065.7,556.7
SAPDBL,8/2/2021,422.0,422.0,404.0,405.0,-3.8,112820.0,1065.7,556.7
SAPDBL,8/3/2021,410.0,413.5,402.0,413.5,2.1,64335.0,1065.7,556.7
SAPDBL,8/4/2021,420.0,439.0,415.0,427.0,3.26,105948.0,1065.7,556.7
SAPDBL,8/5/2021,435.5,462.0,432.0,446.0,4.45,211892.0,1065.7,556.7
SAPDBL,8/8/2021,453.0,477.0,441.0,461.0,3.36,118970.0,1065.7,556.7
SAPDBL,8/9/2021,470.2,474.0,445.0,455.0,-1.3,82307.0,1065.7,556.7
SAPDBL,8/10/2021,458.0,500.0,454.0,492.0,8.13,198986.0,1065.7,556.7
SAPDBL,8/11/2021,501.8,520.0,475.0,481.0,-2.24,79324.0,1065.7,556.7
SAPDBL,8/12/2021,480.0,515.0,470.0,500.0,3.95,251374.0,1065.7,556.7
SAPDBL,8/15/2021,490.0,490.0,457.0,472.0,-5.6,164146.0,1065.7,556.7
SAPDBL,8/16/2021,472.0,495.0,455.0,470.0,-0.42,97453.0,1065.7,556.7
SAPDBL,8/17/2021,479.0,499.0,472.0,493.0,4.89,95045.0,1065.7,556.7
SAPDBL,8/18/2021,502.8,540.0,491.0,518.0,5.07,248709.0,1065.7,556.7
SAPDBL,8/19/2021,528.3,528.3,494.9,496.5,-4.15,109141.0,1065.7,556.7
SAPDBL,8/24/2021,496.0,498.0,476.0,480.0,-3.32,70532.0,1065.7,556.7
SAPDBL,8/25/2021,475.0,489.6,466.0,470.0,-2.08,53024.0,1065.7,556.7
SAPDBL,8/26/2021,479.0,499.0,468.0,492.0,4.68,98405.0,1065.7,556.7
SAPDBL,8/29/2021,493.0,510.0,485.0,486.1,-1.2,96158.0,1065.7,556.7
SAPDBL,8/31/2021,485.1,485.1,468.0,470.0,-3.31,44807.0,1065.7,556.7
SAPDBL,9/1/2021,479.0,487.0,465.0,470.0,0.0,48036.0,1065.7,556.7
SAPDBL,9/2/2021,470.0,474.5,441.0,456.5,-2.87,42376.0,1065.7,556.7
SAPDBL,9/5/2021,447.4,448.0,410.9,415.0,-9.09,62877.0,1065.7,556.7
SAPDBL,9/6/2021,410.0,456.5,401.0,456.5,10.0,67835.0,1065.7,556.7
SAPDBL,9/7/2021,465.6,474.9,440.0,450.0,-1.42,42779.0,1065.7,556.7
SAPDBL,9/8/2021,441.0,450.0,431.2,431.2,-4.18,22192.0,1065.7,556.7
SAPDBL,9/9/2021,439.0,452.0,432.0,434.0,0.65,24352.0,1065.7,556.7
SAPDBL,9/12/2021,442.6,470.2,440.0,465.0,7.14,40792.0,1065.7,556.7
SAPDBL,9/13/2021,474.0,490.0,466.0,480.0,3.23,79991.0,1065.7,556.7
SAPDBL,9/14/2021,489.6,489.6,466.0,473.4,-1.38,21393.0,1065.7,556.7
SAPDBL,9/15/2021,482.0,482.0,458.0,465.0,-1.77,17912.0,1065.7,556.7
SAPDBL,9/16/2021,455.7,455.7,428.0,436.0,-6.24,36968.0,1065.7,556.7
SAPDBL,9/20/2021,427.3,435.0,392.6,394.5,-9.52,47211.0,1065.7,556.7
SAPDBL,9/21/2021,395.0,418.0,361.7,406.0,2.92,40772.0,1065.7,556.7
SAPDBL,9/22/2021,414.0,438.1,414.0,431.0,6.16,29495.0,1065.7,556.7
SAPDBL,9/23/2021,439.6,448.3,417.0,420.0,-2.55,30238.0,1065.7,556.7
SAPDBL,9/26/2021,428.4,428.4,402.0,407.0,-3.1,21932.0,1065.7,556.7
SAPDBL,9/27/2021,398.9,399.0,385.2,390.0,-4.18,14188.0,1065.7,556.7
SAPDBL,9/28/2021,382.2,393.7,354.0,365.0,-6.41,22628.0,1065.7,556.7
SAPDBL,9/29/2021,365.0,390.0,350.0,381.9,4.63,25839.0,1065.7,556.7
SAPDBL,9/30/2021,389.0,404.0,370.0,370.0,-3.12,16235.0,1065.7,556.7
SAPDBL,10/3/2021,370.0,370.0,343.0,346.0,-6.49,21890.0,1065.7,556.7
SAPDBL,10/4/2021,341.0,359.0,330.0,330.0,-4.62,20226.0,1065.7,556.7
SAPDBL,10/5/2021,336.6,350.0,326.0,347.0,5.15,19305.0,1065.7,556.7
SAPDBL,10/6/2021,350.0,370.0,350.0,369.0,6.34,16147.0,1065.7,556.7
SAPDBL,10/10/2021,374.9,382.0,357.0,363.9,-1.38,17015.0,1065.7,556.7
SAPDBL,10/11/2021,357.0,362.0,343.0,355.0,-2.45,20551.0,1065.7,556.7
SAPDBL,10/17/2021,362.0,362.1,342.0,361.0,1.69,8212.0,1065.7,556.7
SAPDBL,10/18/2021,355.0,361.0,341.1,345.0,-4.43,12178.0,1065.7,556.7
SAPDBL,10/19/2021,338.1,338.1,320.0,329.2,-4.58,21582.0,1065.7,556.7
SAPDBL,10/20/2021,335.7,348.0,331.8,341.4,3.71,11104.0,1065.7,556.7
SAPDBL,10/21/2021,334.6,344.0,329.3,332.0,-2.75,8794.0,1065.7,556.7
SAPDBL,10/24/2021,332.0,334.0,320.0,332.0,0.0,17119.0,1065.7,556.7
SAPDBL,10/25/2021,337.0,364.9,337.0,364.9,9.91,24736.0,1065.7,556.7
SAPDBL,10/26/2021,372.1,401.0,370.0,395.0,8.25,45509.0,1065.7,556.7
SAPDBL,10/27/2021,402.9,409.0,381.0,395.9,0.23,33020.0,1065.7,556.7
SAPDBL,10/28/2021,390.0,431.0,380.0,428.0,8.11,41724.0,1065.7,556.7
SAPDBL,10/31/2021,425.0,446.0,425.0,437.1,2.13,31083.0,1065.7,556.7
SAPDBL,11/1/2021,445.0,452.9,415.1,421.0,-3.68,25265.0,1065.7,556.7
SAPDBL,11/2/2021,413.7,444.0,406.1,428.0,1.66,48996.0,1065.7,556.7
SAPDBL,11/3/2021,429.0,438.6,419.5,424.0,-0.93,19034.0,1065.7,556.7
SAPDBL,11/8/2021,431.0,432.1,410.0,412.0,-2.83,24539.0,1065.7,556.7
SAPDBL,11/9/2021,404.0,404.2,384.9,392.0,-4.85,28671.0,1065.7,556.7
SAPDBL,11/11/2021,384.2,391.6,365.0,375.0,-4.34,25108.0,1065.7,556.7
SAPDBL,11/14/2021,375.0,397.3,373.0,395.0,5.33,36802.0,1065.7,556.7
SAPDBL,11/15/2021,402.9,420.2,400.0,411.0,4.05,32067.0,1065.7,556.7
SAPDBL,11/16/2021,412.0,421.0,411.0,420.0,2.19,25049.0,1065.7,556.7
SAPDBL,11/17/2021,420.0,425.0,406.0,409.0,-2.62,28023.0,1065.7,556.7
SAPDBL,11/18/2021,401.0,409.5,398.0,398.3,-2.62,25098.0,1065.7,556.7
SAPDBL,11/21/2021,390.4,414.2,390.4,393.0,-1.33,10763.0,1065.7,556.7
SAPDBL,11/22/2021,395.0,410.0,393.0,393.0,0.0,18447.0,1065.7,556.7
SAPDBL,11/23/2021,391.0,397.9,384.0,388.0,-1.27,18138.0,1065.7,556.7
SAPDBL,11/24/2021,388.0,403.4,378.0,391.0,0.77,17614.0,1065.7,556.7
SAPDBL,11/25/2021,398.8,405.0,390.1,391.1,0.03,16619.0,1065.7,556.7
SAPDBL,11/28/2021,383.3,388.0,373.0,377.0,-3.61,27086.0,1065.7,556.7
SAPDBL,11/29/2021,377.0,391.0,377.0,380.0,0.8,8551.0,1065.7,556.7
SAPDBL,11/30/2021,384.5,384.5,373.2,379.0,-0.26,7760.0,1065.7,556.7
SAPDBL,12/1/2021,386.4,388.6,376.3,376.3,-0.71,6923.0,1065.7,556.7
SAPDBL,12/2/2021,369.0,383.8,366.0,367.0,-2.47,11255.0,1065.7,556.7
SAPDBL,12/5/2021,364.0,364.4,345.0,345.0,-5.99,13683.0,1065.7,556.7
SAPDBL,12/6/2021,350.0,364.1,316.0,361.0,4.64,29708.0,1065.7,556.7
SAPDBL,12/7/2021,368.0,373.0,342.1,344.0,-4.71,15081.0,1065.7,556.7
SAPDBL,12/8/2021,344.0,344.0,328.3,332.5,-3.34,15052.0,1065.7,556.7
SAPDBL,12/9/2021,325.9,340.0,320.0,333.0,0.15,21432.0,1065.7,556.7
SAPDBL,12/12/2021,332.3,332.3,305.0,307.0,-7.81,12581.0,1065.7,556.7
SAPDBL,12/13/2021,305.0,306.0,279.0,282.0,-8.14,25289.0,1065.7,556.7
SAPDBL,12/14/2021,287.6,310.2,287.6,310.2,10.0,11570.0,1065.7,556.7
SAPDBL,12/15/2021,316.4,339.0,306.8,318.0,2.51,31812.0,1065.7,556.7
SAPDBL,12/16/2021,324.0,324.0,301.9,301.9,-5.06,11197.0,1065.7,556.7
SAPDBL,12/20/2021,296.0,305.0,290.0,300.0,-0.63,3698.0,1065.7,556.7
SAPDBL,12/21/2021,306.0,312.0,303.2,306.0,2.0,8843.0,1065.7,556.7
SAPDBL,12/22/2021,312.0,323.0,312.0,322.9,5.52,13064.0,1065.7,556.7
SAPDBL,12/23/2021,325.0,327.4,317.0,317.0,-1.83,18632.0,1065.7,556.7
SAPDBL,12/26/2021,318.0,325.0,316.6,320.0,0.95,11035.0,1065.7,556.7
SAPDBL,12/27/2021,326.0,326.0,308.0,308.0,-3.75,10882.0,1065.7,556.7
SAPDBL,12/28/2021,301.9,311.0,300.0,300.0,-2.6,14849.0,1065.7,556.7
SAPDBL,12/29/2021,306.0,310.0,303.0,306.8,2.27,5399.0,1065.7,556.7
SAPDBL,1/2/2022,300.7,308.0,294.7,305.0,-0.59,21914.0,1065.7,556.7
SAPDBL,1/3/2022,308.0,326.0,300.0,326.0,6.89,39111.0,1065.7,556.7
SAPDBL,1/4/2022,326.0,358.6,315.0,358.6,10.0,59731.0,1065.7,556.7
SAPDBL,1/5/2022,359.0,378.0,343.0,362.0,0.95,33791.0,1065.7,556.7
SAPDBL,1/6/2022,354.8,365.0,347.8,360.0,-0.55,15440.0,1065.7,556.7
SAPDBL,1/9/2022,360.1,381.3,360.1,381.3,5.92,37432.0,1065.7,556.7
SAPDBL,1/10/2022,373.8,395.0,371.0,373.0,-2.18,25131.0,1065.7,556.7
SAPDBL,1/11/2022,375.0,390.0,373.0,387.0,3.75,46816.0,1065.7,556.7
SAPDBL,1/12/2022,387.0,392.7,370.7,372.0,-3.88,59126.0,1065.7,556.7
SAPDBL,1/13/2022,372.0,385.0,370.0,384.0,3.23,19904.0,1065.7,556.7
SAPDBL,1/16/2022,391.6,405.0,384.0,400.0,4.17,57926.0,1065.7,556.7
SAPDBL,1/17/2022,400.0,410.0,388.0,401.9,0.48,44134.0,1065.7,556.7
SAPDBL,1/18/2022,400.0,401.0,386.0,390.0,-2.96,22411.0,1065.7,556.7
SAPDBL,1/19/2022,390.0,399.0,373.1,386.0,-1.03,28809.0,1065.7,556.7
SAPDBL,1/20/2022,382.0,393.5,378.3,393.0,1.81,21100.0,1065.7,556.7
SAPDBL,1/23/2022,400.8,408.0,382.1,383.0,-2.54,20374.0,1065.7,556.7
SAPDBL,1/24/2022,383.0,383.0,360.0,364.4,-4.86,33759.0,1065.7,556.7
SAPDBL,1/25/2022,364.0,372.0,350.0,365.0,0.16,26508.0,1065.7,556.7
SAPDBL,1/26/2022,360.0,364.0,350.0,360.0,-1.37,22469.0,1065.7,556.7
SAPDBL,1/27/2022,361.0,366.0,343.0,345.1,-4.14,29440.0,1065.7,556.7
SAPDBL,1/30/2022,352.0,373.4,352.0,372.0,7.79,42354.0,1065.7,556.7
SAPDBL,1/31/2022,378.0,378.0,360.0,366.0,-1.61,26458.0,1065.7,556.7
SAPDBL,2/1/2022,360.0,374.0,356.0,370.0,1.09,26984.0,1065.7,556.7
SAPDBL,2/3/2022,377.0,382.9,362.6,363.0,-1.89,42159.0,1065.7,556.7
SAPDBL,2/6/2022,360.0,361.0,350.1,361.0,-0.55,18230.0,1065.7,556.7
SAPDBL,2/7/2022,354.0,366.0,354.0,366.0,1.39,13092.0,1065.7,556.7
SAPDBL,2/8/2022,373.3,387.0,358.3,367.0,0.27,29264.0,1065.7,556.7
SAPDBL,2/9/2022,360.0,361.0,353.0,355.0,-3.27,14008.0,1065.7,556.7
SAPDBL,2/10/2022,357.0,357.0,348.9,353.0,-0.56,9430.0,1065.7,556.7
SAPDBL,2/13/2022,346.0,346.0,335.0,336.3,-4.73,31820.0,1065.7,556.7
SAPDBL,2/14/2022,336.0,350.0,336.0,344.9,2.56,25189.0,1065.7,556.7
SAPDBL,2/15/2022,345.0,366.0,345.0,361.9,4.93,14698.0,1065.7,556.7
SAPDBL,2/16/2022,360.0,368.0,352.8,353.1,-2.43,12482.0,1065.7,556.7
SAPDBL,2/17/2022,351.0,360.0,345.0,348.0,-1.44,7005.0,1065.7,556.7
SAPDBL,2/20/2022,341.1,349.0,340.0,345.0,-0.86,15769.0,1065.7,556.7
SAPDBL,2/21/2022,345.1,358.0,343.5,347.0,0.58,7578.0,1065.7,556.7
SAPDBL,2/22/2022,346.0,358.9,346.0,347.5,0.14,10386.0,1065.7,556.7
SAPDBL,2/23/2022,353.0,353.0,343.0,345.0,-0.72,6467.0,1065.7,556.7
SAPDBL,2/24/2022,340.0,341.0,335.0,335.1,-2.87,10850.0,1065.7,556.7
SAPDBL,2/27/2022,335.0,350.0,335.0,335.0,-0.03,6646.0,1065.7,556.7
SAPDBL,2/28/2022,341.0,345.0,323.4,325.0,-2.99,8352.0,1065.7,556.7
SAPDBL,3/2/2022,321.1,321.1,313.0,314.0,-3.38,14188.0,1065.7,556.7
SAPDBL,3/6/2022,320.0,325.0,315.0,315.0,0.32,9334.0,1065.7,556.7
SAPDBL,3/7/2022,314.0,320.0,311.0,315.0,0.0,8531.0,1065.7,556.7
SAPDBL,3/9/2022,310.1,312.0,298.9,305.0,-3.17,11685.0,1065.7,556.7
SAPDBL,3/10/2022,311.0,329.0,303.0,329.0,7.87,23582.0,1065.7,556.7
SAPDBL,3/13/2022,335.5,348.7,330.0,347.0,5.47,23362.0,1065.7,556.7
SAPDBL,3/14/2022,347.0,348.0,330.0,338.0,-2.59,9242.0,1065.7,556.7
SAPDBL,3/15/2022,338.0,338.0,331.0,337.0,-0.3,28140.0,1065.7,556.7
SAPDBL,3/16/2022,332.2,337.0,330.2,330.2,-2.02,8461.0,1065.7,556.7
SAPDBL,3/20/2022,330.0,346.0,330.0,345.0,4.48,14784.0,1065.7,556.7
SAPDBL,3/21/2022,351.0,354.0,347.0,353.9,2.58,23735.0,1065.7,556.7
SAPDBL,3/22/2022,360.0,360.9,350.1,351.0,-0.82,15464.0,1065.7,556.7
SAPDBL,3/23/2022,345.1,352.0,338.2,344.0,-1.99,15535.0,1065.7,556.7
SAPDBL,3/24/2022,338.0,343.5,333.6,333.9,-2.94,12275.0,1065.7,556.7
SAPDBL,3/27/2022,333.0,333.9,324.0,330.0,-1.17,13522.0,1065.7,556.7
SAPDBL,3/28/2022,330.0,330.0,317.6,317.6,-3.76,13836.0,1065.7,556.7
SAPDBL,3/29/2022,321.0,322.5,312.5,313.0,-1.45,5625.0,1065.7,556.7
SAPDBL,3/30/2022,315.0,332.0,315.0,332.0,6.07,10476.0,1065.7,556.7
SAPDBL,3/31/2022,330.0,334.0,318.0,318.0,-4.22,8473.0,1065.7,556.7
SAPDBL,4/3/2022,318.0,318.0,312.0,316.0,-0.63,4013.0,1065.7,556.7
SAPDBL,4/4/2022,315.0,322.0,312.0,313.0,-0.95,2123.0,1065.7,556.7
SAPDBL,4/5/2022,313.0,314.0,303.6,308.0,-1.6,11683.0,1065.7,556.7
SAPDBL,4/6/2022,308.0,315.0,304.0,310.0,0.65,12880.0,1065.7,556.7
SAPDBL,4/7/2022,316.0,321.3,304.1,311.0,0.32,10992.0,1065.7,556.7
SAPDBL,4/11/2022,317.2,318.0,301.0,301.0,-3.22,15603.0,1065.7,556.7
SAPDBL,4/12/2022,300.0,300.0,290.2,297.8,-1.06,8736.0,1065.7,556.7
SAPDBL,4/13/2022,297.0,308.0,297.0,302.0,1.41,6927.0,1065.7,556.7
SAPDBL,4/17/2022,300.0,304.8,292.0,297.0,-1.66,4984.0,1065.7,556.7
SAPDBL,4/18/2022,299.0,300.0,271.9,280.0,-5.72,6311.0,1065.7,556.7
SAPDBL,4/19/2022,280.0,292.0,274.4,287.0,2.5,8024.0,1065.7,556.7
SAPDBL,4/20/2022,288.0,288.0,268.0,274.0,-4.53,5932.0,1065.7,556.7
SAPDBL,4/21/2022,274.0,278.4,259.0,278.4,1.61,7843.0,1065.7,556.7
SAPDBL,4/24/2022,283.0,306.2,280.0,304.0,9.2,10782.0,1065.7,556.7
SAPDBL,4/25/2022,309.0,315.1,292.2,294.0,-3.29,12065.0,1065.7,556.7
SAPDBL,4/26/2022,297.0,298.0,289.0,289.2,-1.63,4498.0,1065.7,556.7
SAPDBL,4/27/2022,283.5,306.0,283.1,294.0,1.66,3209.0,1065.7,556.7
SAPDBL,4/28/2022,295.0,306.9,285.0,285.0,-3.06,6651.0,1065.7,556.7
SAPDBL,5/2/2022,280.0,280.0,270.0,274.9,-3.54,5203.0,1065.7,556.7
SAPDBL,5/4/2022,270.0,276.0,259.0,260.1,-5.38,4961.0,1065.7,556.7
SAPDBL,5/5/2022,255.0,265.0,252.1,255.0,-1.96,6995.0,1065.7,556.7
SAPDBL,5/8/2022,250.0,265.1,250.0,265.0,3.92,4880.0,1065.7,556.7
SAPDBL,5/9/2022,269.0,274.9,259.7,259.7,-2.0,3769.0,1065.7,556.7
SAPDBL,5/10/2022,255.3,275.3,255.2,269.0,3.58,7589.0,1065.7,556.7
SAPDBL,5/11/2022,269.0,288.0,268.0,288.0,7.06,11237.0,1065.7,556.7
SAPDBL,5/12/2022,290.0,295.8,275.0,277.0,-3.82,8406.0,1065.7,556.7
SAPDBL,5/17/2022,271.5,276.0,260.0,262.0,-5.42,3577.0,1065.7,556.7
SAPDBL,5/18/2022,265.0,272.5,253.0,267.0,1.91,2597.0,1065.7,556.7
SAPDBL,5/19/2022,267.1,272.0,258.0,258.2,-3.3,5103.0,1065.7,556.7
SAPDBL,5/20/2022,253.4,260.0,253.4,257.0,-0.46,1498.0,1065.7,556.7
SAPDBL,5/23/2022,253.1,257.0,247.0,249.0,-3.11,6080.0,1065.7,556.7
SAPDBL,5/24/2022,249.0,258.9,249.0,253.0,1.61,2558.0,1065.7,556.7
SAPDBL,5/25/2022,254.0,260.0,252.0,253.0,0.0,7061.0,1065.7,556.7
SAPDBL,5/26/2022,253.0,258.0,252.0,254.0,0.4,1164.0,1065.7,556.7
SAPDBL,5/27/2022,251.1,252.0,246.2,250.0,-1.57,3953.0,1065.7,556.7
SAPDBL,5/30/2022,245.0,245.0,243.0,243.0,-2.8,1810.0,1065.7,556.7
SAPDBL,5/31/2022,239.0,242.0,230.0,235.0,-3.29,13222.0,1065.7,556.7
SAPDBL,6/1/2022,238.0,239.0,226.4,235.0,0.0,8098.0,1065.7,556.7
SAPDBL,6/2/2022,239.7,239.7,228.0,233.0,-0.85,2872.0,1065.7,556.7
SAPDBL,6/3/2022,230.0,230.0,226.0,226.5,-2.79,6223.0,1065.7,556.7
SAPDBL,6/6/2022,226.6,235.0,226.0,234.0,3.31,3518.0,1065.7,556.7
SAPDBL,6/7/2022,230.0,230.0,222.0,225.0,-3.85,1633.0,1065.7,556.7
SAPDBL,6/8/2022,225.0,239.0,220.6,233.2,3.64,8757.0,1065.7,556.7
SAPDBL,6/9/2022,234.0,238.6,224.0,228.0,-2.23,7706.0,1065.7,556.7
SAPDBL,6/10/2022,224.1,227.0,222.5,222.5,-2.41,1666.0,1065.7,556.7
SAPDBL,6/13/2022,225.0,226.0,218.2,220.0,-1.12,3368.0,1065.7,556.7
SAPDBL,6/14/2022,218.0,218.8,210.0,212.9,-3.23,5060.0,1065.7,556.7
SAPDBL,6/15/2022,210.0,212.0,205.0,212.0,-0.42,4722.0,1065.7,556.7
SAPDBL,6/16/2022,216.0,217.2,213.0,213.0,0.47,2662.0,1065.7,556.7
SAPDBL,6/17/2022,216.0,216.0,212.0,212.0,-0.47,847.0,1065.7,556.7
SAPDBL,6/19/2022,210.0,210.0,203.9,203.9,-3.82,1377.0,1065.7,556.7
SAPDBL,6/20/2022,200.0,200.0,185.5,186.3,-8.63,21807.0,1065.7,556.7
SAPDBL,6/21/2022,190.0,204.9,190.0,204.9,9.98,10438.0,1065.7,556.7
SAPDBL,6/22/2022,205.0,205.0,196.0,196.1,-4.29,4026.0,1065.7,556.7
SAPDBL,6/23/2022,193.0,193.0,186.2,189.0,-3.62,7537.0,1065.7,556.7
SAPDBL,6/24/2022,185.4,199.7,178.1,195.0,3.17,9528.0,1065.7,556.7
SAPDBL,6/26/2022,198.0,214.5,198.0,214.5,10.0,19244.0,1065.7,556.7
SAPDBL,6/27/2022,218.7,227.4,203.1,205.0,-4.43,12298.0,1065.7,556.7
SAPDBL,6/28/2022,201.0,207.0,197.0,207.0,0.98,4696.0,1065.7,556.7
SAPDBL,6/29/2022,209.8,227.7,205.7,224.9,8.65,13134.0,1065.7,556.7
SAPDBL,6/30/2022,229.3,246.8,226.0,238.0,5.82,14943.0,1065.7,556.7
SAPDBL,7/1/2022,233.3,242.0,220.0,233.2,-2.02,9931.0,1065.7,556.7
SAPDBL,7/3/2022,237.8,241.0,228.6,237.0,1.63,6267.0,1065.7,556.7
SAPDBL,7/4/2022,233.0,260.7,229.0,244.0,2.95,44994.0,1065.7,556.7
SAPDBL,7/5/2022,241.9,253.7,236.0,237.0,-2.87,18875.0,1065.7,556.7
SAPDBL,7/6/2022,234.0,244.4,228.4,243.0,2.53,6838.0,1065.7,556.7
SAPDBL,7/7/2022,247.0,249.9,235.0,235.0,-3.29,10929.0,1065.7,556.7
SAPDBL,7/8/2022,230.3,235.0,230.0,230.0,-2.13,3335.0,1065.7,556.7
SAPDBL,7/11/2022,225.4,227.0,213.0,214.0,-6.96,12231.0,1065.7,556.7
SAPDBL,7/12/2022,214.0,234.0,209.8,234.0,9.35,10361.0,1065.7,556.7
SAPDBL,7/13/2022,238.6,247.9,230.0,240.2,2.65,10910.0,1065.7,556.7
SAPDBL,7/14/2022,240.5,249.8,235.2,240.0,-0.08,9868.0,1065.7,556.7
SAPDBL,7/15/2022,235.2,240.0,231.0,237.1,-1.21,4318.0,1065.7,556.7
SAPDBL,7/17/2022,241.8,241.8,231.0,236.0,-0.46,1555.0,1065.7,556.7
SAPDBL,7/18/2022,240.0,240.0,230.7,238.0,0.85,4565.0,1065.7,556.7
SAPDBL,7/19/2022,242.0,246.8,235.2,240.1,0.88,10501.0,1065.7,556.7
SAPDBL,7/20/2022,240.0,243.9,235.6,240.0,-0.04,4811.0,1065.7,556.7
SAPDBL,7/21/2022,243.0,243.7,230.1,240.0,0.0,4193.0,1065.7,556.7
SAPDBL,7/22/2022,241.9,241.9,226.1,226.1,-5.79,3501.0,1065.7,556.7
SAPDBL,7/24/2022,230.6,244.0,221.0,243.0,7.47,24254.0,1065.7,556.7
SAPDBL,7/25/2022,247.0,262.0,247.0,261.0,7.41,34137.0,1065.7,556.7
SAPDBL,7/26/2022,257.0,266.0,250.0,251.0,-3.83,21641.0,1065.7,556.7
SAPDBL,7/27/2022,253.0,260.0,245.0,260.0,3.59,15250.0,1065.7,556.7
SAPDBL,7/28/2022,264.0,285.6,260.0,274.0,5.38,45598.0,1065.7,556.7
SAPDBL,7/29/2022,275.0,293.7,266.0,289.0,5.47,26064.0,1065.7,556.7
SAPDBL,7/31/2022,294.7,295.2,281.0,285.0,-1.38,26075.0,1065.7,556.7
SAPDBL,8/1/2022,280.0,285.0,274.4,276.2,-3.09,20641.0,1065.7,556.7
SAPDBL,8/2/2022,272.0,282.6,272.0,282.5,2.28,15408.0,1065.7,556.7
SAPDBL,8/3/2022,276.9,288.0,276.9,280.0,-0.88,17649.0,1065.7,556.7
SAPDBL,8/4/2022,275.0,283.0,269.0,272.9,-2.54,13127.0,1065.7,556.7
SAPDBL,8/5/2022,268.0,275.0,263.0,263.0,-3.63,11053.0,1065.7,556.7
SAPDBL,8/7/2022,263.1,273.0,261.0,267.0,1.52,6831.0,1065.7,556.7
SAPDBL,8/8/2022,262.0,275.0,261.7,264.0,-1.12,10934.0,1065.7,556.7
SAPDBL,8/9/2022,260.1,264.0,254.1,254.1,-3.75,9805.0,1065.7,556.7
SAPDBL,8/10/2022,249.1,255.0,240.0,250.1,-1.57,9663.0,1065.7,556.7
SAPDBL,8/11/2022,255.0,256.0,245.0,245.0,-2.04,10561.0,1065.7,556.7
SAPDBL,8/14/2022,249.0,250.0,235.4,236.0,-3.67,4953.0,1065.7,556.7
SAPDBL,8/15/2022,240.0,257.0,238.2,257.0,8.9,6852.0,1065.7,556.7
SAPDBL,8/16/2022,262.0,264.0,245.0,246.0,-4.28,10818.0,1065.7,556.7
SAPDBL,8/17/2022,250.0,255.0,246.7,247.0,0.41,5148.0,1065.7,556.7
SAPDBL,8/18/2022,251.0,261.0,250.0,260.0,5.26,14272.0,1065.7,556.7
SAPDBL,8/21/2022,255.0,270.0,250.0,255.0,-1.92,10951.0,1065.7,556.7
SAPDBL,8/22/2022,250.0,260.1,250.0,254.0,-0.39,3911.0,1065.7,556.7
SAPDBL,8/23/2022,258.9,258.9,250.1,256.0,0.79,3717.0,1065.7,556.7
SAPDBL,8/24/2022,260.0,262.0,251.3,251.3,-1.84,3878.0,1065.7,556.7
SAPDBL,8/25/2022,250.2,261.4,246.0,250.0,-0.52,7782.0,1065.7,556.7
SAPDBL,8/26/2022,252.1,252.1,240.0,245.0,-2.0,10652.0,1065.7,556.7
SAPDBL,8/28/2022,248.0,248.0,229.0,235.0,-4.08,6722.0,1065.7,556.7
SAPDBL,8/29/2022,237.0,242.0,235.5,239.1,1.74,5911.0,1065.7,556.7
SAPDBL,8/30/2022,240.1,240.1,234.5,234.5,-1.92,4335.0,1065.7,556.7
SAPDBL,8/31/2022,232.0,235.1,226.4,228.1,-2.73,8240.0,1065.7,556.7
SAPDBL,9/1/2022,232.0,240.0,224.0,240.0,5.22,8995.0,1065.7,556.7
SAPDBL,9/2/2022,240.0,243.0,230.5,230.5,-3.96,2375.0,1065.7,556.7
SAPDBL,9/4/2022,234.0,237.6,230.0,237.6,3.08,4686.0,1065.7,556.7
SAPDBL,9/5/2022,237.0,237.0,234.3,235.0,-1.09,1015.0,1065.7,556.7
SAPDBL,9/6/2022,230.4,230.4,224.0,230.0,-2.13,9570.0,1065.7,556.7
SAPDBL,9/7/2022,226.0,228.0,226.0,226.0,-1.74,2498.0,1065.7,556.7
SAPDBL,9/8/2022,223.0,234.9,223.0,231.0,2.21,5008.0,1065.7,556.7
SAPDBL,9/11/2022,231.0,234.0,224.0,224.0,-3.03,1775.0,1065.7,556.7
SAPDBL,9/12/2022,227.0,227.0,220.6,221.0,-1.34,3760.0,1065.7,556.7
SAPDBL,9/13/2022,224.0,229.0,220.0,224.5,1.58,7096.0,1065.7,556.7
SAPDBL,9/14/2022,227.0,242.0,227.0,239.0,6.46,8175.0,1065.7,556.7
SAPDBL,9/15/2022,242.0,242.0,226.0,226.0,-5.44,7415.0,1065.7,556.7
SAPDBL,9/16/2022,223.0,230.0,216.0,227.0,0.44,8974.0,1065.7,556.7
SAPDBL,9/18/2022,225.0,225.0,217.6,220.0,-3.08,4880.0,1065.7,556.7
SAPDBL,9/20/2022,217.0,219.0,204.4,207.0,-5.91,11541.0,1065.7,556.7
SAPDBL,9/21/2022,211.0,215.2,210.0,214.5,3.62,2725.0,1065.7,556.7
SAPDBL,9/22/2022,214.5,215.0,209.0,212.0,-1.17,3192.0,1065.7,556.7
SAPDBL,9/25/2022,208.0,208.0,202.0,205.0,-3.3,4235.0,1065.7,556.7
SAPDBL,9/27/2022,207.9,214.9,205.0,209.2,2.05,2062.0,1065.7,556.7
SAPDBL,9/28/2022,207.0,210.0,206.0,206.0,-1.53,752.0,1065.7,556.7
SAPDBL,9/29/2022,210.0,210.0,205.8,210.0,1.94,2583.0,1065.7,556.7
SAPDBL,10/9/2022,214.0,231.0,214.0,230.9,9.95,10020.0,1065.7,556.7
SAPDBL,10/10/2022,235.5,235.5,215.0,221.0,-4.29,7560.0,1065.7,556.7
SAPDBL,10/11/2022,218.0,220.0,213.0,220.0,-0.45,3420.0,1065.7,556.7
SAPDBL,10/12/2022,223.0,227.1,215.2,222.0,0.91,6961.0,1065.7,556.7
SAPDBL,10/13/2022,225.0,226.0,218.2,225.0,1.35,5901.0,1065.7,556.7
SAPDBL,10/16/2022,225.0,226.0,217.1,219.0,-2.67,1935.0,1065.7,556.7
SAPDBL,10/17/2022,219.0,219.0,212.2,218.0,-0.46,2430.0,1065.7,556.7
SAPDBL,10/19/2022,217.0,217.0,209.1,211.5,-2.98,4330.0,1065.7,556.7
SAPDBL,10/20/2022,208.1,214.0,208.0,210.1,-0.66,2570.0,1065.7,556.7
SAPDBL,10/23/2022,211.0,213.0,209.0,210.5,0.19,5195.0,1065.7,556.7
SAPDBL,10/31/2022,206.3,213.0,203.0,212.9,1.14,3421.0,1065.7,556.7
SAPDBL,11/1/2022,215.0,226.0,214.6,225.0,5.68,11030.0,1065.7,556.7
SAPDBL,11/2/2022,228.0,238.6,221.0,230.0,2.22,14482.0,1065.7,556.7
SAPDBL,11/3/2022,234.2,234.5,225.7,225.7,-1.87,1517.0,1065.7,556.7
SAPDBL,11/6/2022,224.0,235.0,224.0,230.0,1.91,9210.0,1065.7,556.7
SAPDBL,11/7/2022,234.6,237.9,225.4,225.4,-2.0,13512.0,1065.7,556.7
SAPDBL,11/8/2022,229.9,229.9,221.5,227.0,0.71,7549.0,1065.7,556.7
SAPDBL,11/9/2022,228.0,230.0,211.1,211.1,-7.0,7935.0,1065.7,556.7
SAPDBL,11/10/2022,215.0,221.0,210.1,212.0,0.43,6461.0,1065.7,556.7
SAPDBL,11/13/2022,207.8,216.0,207.8,209.8,-1.04,4640.0,1065.7,556.7
SAPDBL,11/14/2022,206.1,227.4,206.1,227.4,8.39,8070.0,1065.7,556.7
SAPDBL,11/15/2022,223.0,225.0,216.0,217.0,-4.57,6951.0,1065.7,556.7
SAPDBL,11/16/2022,221.0,223.0,217.0,218.0,0.46,2124.0,1065.7,556.7
SAPDBL,11/17/2022,220.0,229.8,220.0,224.0,2.75,9484.0,1065.7,556.7
SAPDBL,11/22/2022,228.0,229.0,221.0,221.0,-1.34,3958.0,1065.7,556.7
SAPDBL,11/23/2022,222.0,222.0,219.0,222.0,0.45,1067.0,1065.7,556.7
SAPDBL,11/24/2022,223.0,227.0,221.0,222.2,0.09,3169.0,1065.7,556.7
SAPDBL,11/27/2022,225.5,233.0,225.5,233.0,4.86,17349.0,1065.7,556.7
SAPDBL,11/28/2022,235.0,235.0,227.0,230.0,-1.29,5181.0,1065.7,556.7
SAPDBL,11/29/2022,234.6,235.0,225.4,232.0,0.87,7959.0,1065.7,556.7
SAPDBL,11/30/2022,229.0,231.0,225.0,228.0,-1.72,2537.0,1065.7,556.7
SAPDBL,12/1/2022,226.0,236.6,226.0,236.3,3.64,15013.0,1065.7,556.7
SAPDBL,12/4/2022,237.0,238.0,232.0,232.0,-1.82,5918.0,1065.7,556.7
SAPDBL,12/5/2022,234.0,234.0,225.0,225.0,-3.02,12863.0,1065.7,556.7
SAPDBL,12/6/2022,220.5,224.0,220.5,223.0,-0.89,3812.0,1065.7,556.7
SAPDBL,12/7/2022,223.0,223.0,217.6,218.8,-1.88,4851.0,1065.7,556.7
SAPDBL,12/11/2022,219.0,219.0,215.0,217.9,-0.41,4092.0,1065.7,556.7
SAPDBL,12/12/2022,221.0,224.0,217.6,224.0,2.8,1908.0,1065.7,556.7
SAPDBL,12/13/2022,222.1,223.9,220.3,220.3,-1.65,2013.0,1065.7,556.7
SAPDBL,12/14/2022,220.0,221.5,218.0,219.0,-0.59,3270.0,1065.7,556.7
SAPDBL,12/15/2022,217.0,218.0,215.2,218.0,-0.46,2065.0,1065.7,556.7
SAPDBL,12/18/2022,216.0,216.0,212.0,214.0,-1.83,4724.0,1065.7,556.7
SAPDBL,12/19/2022,217.0,217.0,213.1,216.0,0.93,3340.0,1065.7,556.7
SAPDBL,12/20/2022,220.1,220.1,215.1,215.2,-0.37,2035.0,1065.7,556.7
SAPDBL,12/21/2022,211.2,216.2,211.2,216.2,0.46,1276.0,1065.7,556.7
SAPDBL,12/22/2022,212.0,216.2,212.0,213.0,-1.48,1820.0,1065.7,556.7
SAPDBL,12/26/2022,214.0,228.0,214.0,228.0,7.04,6823.0,1065.7,556.7
SAPDBL,12/27/2022,232.0,240.0,229.4,233.5,2.41,13096.0,1065.7,556.7
SAPDBL,12/28/2022,230.0,235.0,228.0,231.9,-0.69,6481.0,1065.7,556.7
SAPDBL,12/29/2022,229.9,240.0,228.0,239.0,3.06,20032.0,1065.7,556.7
SAPDBL,1/1/2023,240.0,250.0,232.0,238.0,-0.42,23429.0,1065.7,556.7
SAPDBL,1/2/2023,234.0,248.0,234.0,243.0,2.1,20749.0,1065.7,556.7
SAPDBL,1/3/2023,247.0,252.0,242.1,245.0,0.82,21309.0,1065.7,556.7
SAPDBL,1/4/2023,249.0,259.0,245.2,259.0,5.71,27854.0,1065.7,556.7
SAPDBL,1/5/2023,264.0,264.1,247.0,257.0,-0.77,23036.0,1065.7,556.7
SAPDBL,1/8/2023,252.0,271.8,252.0,256.0,-0.39,43224.0,1065.7,556.7
SAPDBL,1/9/2023,261.1,275.0,261.1,275.0,7.42,39361.0,1065.7,556.7
SAPDBL,1/10/2023,280.5,299.8,268.7,273.0,-0.73,58398.0,1065.7,556.7
SAPDBL,1/12/2023,278.4,288.6,257.6,269.8,-1.17,57734.0,1065.7,556.7
SAPDBL,1/17/2023,264.5,292.0,264.5,279.0,3.41,20192.0,1065.7,556.7
SAPDBL,1/18/2023,284.0,305.0,278.0,290.0,3.94,89870.0,1065.7,556.7
SAPDBL,1/19/2023,288.0,297.8,281.0,290.0,0.0,20679.0,1065.7,556.7
SAPDBL,1/23/2023,285.0,295.8,273.1,281.0,-3.1,22610.0,1065.7,556.7
SAPDBL,1/24/2023,275.4,280.9,267.2,278.0,-1.07,18054.0,1065.7,556.7
SAPDBL,1/25/2023,283.5,289.0,267.2,282.0,1.44,12312.0,1065.7,556.7
SAPDBL,1/26/2023,282.0,282.0,268.0,269.3,-4.5,9813.0,1065.7,556.7
SAPDBL,1/29/2023,264.0,274.0,260.1,260.1,-3.42,20826.0,1065.7,556.7
SAPDBL,1/30/2023,263.3,265.0,253.0,256.0,-1.58,19980.0,1065.7,556.7
SAPDBL,1/31/2023,260.0,262.0,252.0,257.0,0.39,6892.0,1065.7,556.7
SAPDBL,2/1/2023,252.0,265.0,252.0,264.9,3.07,8929.0,1065.7,556.7
SAPDBL,2/2/2023,269.0,269.0,253.0,255.5,-3.55,7643.0,1065.7,556.7
SAPDBL,2/5/2023,260.0,264.1,251.2,260.0,1.76,6485.0,1065.7,556.7
SAPDBL,2/6/2023,264.2,264.2,254.1,260.0,0.0,2019.0,1065.7,556.7
SAPDBL,2/7/2023,264.2,280.0,263.0,280.0,7.69,15002.0,1065.7,556.7
SAPDBL,2/8/2023,285.6,285.6,271.5,276.0,-1.43,15633.0,1065.7,556.7
SAPDBL,2/9/2023,279.0,279.9,266.7,278.0,0.72,16969.0,1065.7,556.7
SAPDBL,2/12/2023,273.0,273.0,259.0,262.0,-5.76,16167.0,1065.7,556.7
SAPDBL,2/14/2023,267.2,267.2,254.6,258.4,-1.37,6630.0,1065.7,556.7
SAPDBL,2/15/2023,258.0,263.1,252.0,256.0,-0.93,7292.0,1065.7,556.7
SAPDBL,2/16/2023,259.0,260.0,247.0,250.0,-2.34,8515.0,1065.7,556.7
SAPDBL,2/20/2023,254.0,260.1,246.0,247.0,-1.2,6391.0,1065.7,556.7
SAPDBL,2/22/2023,250.3,260.0,249.0,258.5,4.66,10836.0,1065.7,556.7
SAPDBL,2/23/2023,263.6,263.6,247.0,248.9,-3.71,5800.0,1065.7,556.7
SAPDBL,2/26/2023,253.8,253.8,236.2,253.0,1.65,16234.0,1065.7,556.7
SAPDBL,2/27/2023,258.0,258.0,242.0,251.5,-0.59,10484.0,1065.7,556.7
SAPDBL,2/28/2023,255.0,255.0,249.1,252.0,0.2,3916.0,1065.7,556.7
SAPDBL,3/1/2023,254.0,254.0,245.5,248.0,-1.59,2131.0,1065.7,556.7
SAPDBL,3/2/2023,251.9,251.9,241.6,245.0,-1.21,2711.0,1065.7,556.7
SAPDBL,3/5/2023,248.9,248.9,234.9,239.0,-2.45,7899.0,1065.7,556.7
SAPDBL,3/7/2023,243.6,248.0,238.8,244.9,2.47,2999.0,1065.7,556.7
SAPDBL,3/9/2023,248.0,257.9,246.5,257.9,5.31,9823.0,1065.7,556.7
SAPDBL,3/12/2023,262.9,262.9,248.0,254.6,-1.28,5049.0,1065.7,556.7
SAPDBL,3/13/2023,258.6,258.6,244.0,249.0,-2.2,1700.0,1065.7,556.7
SAPDBL,3/14/2023,252.0,252.0,241.0,250.9,0.76,2479.0,1065.7,556.7
SAPDBL,3/15/2023,254.0,254.0,233.3,246.1,-1.91,8655.0,1065.7,556.7
SAPDBL,3/16/2023,245.0,247.4,236.0,246.6,0.2,5537.0,1065.7,556.7
SAPDBL,3/19/2023,247.0,249.0,242.0,247.9,0.53,2446.0,1065.7,556.7
SAPDBL,3/20/2023,251.0,252.0,245.0,252.0,1.65,6195.0,1065.7,556.7
SAPDBL,3/22/2023,252.0,254.9,243.0,243.0,-3.57,4141.0,1065.7,556.7
SAPDBL,3/23/2023,246.7,246.7,238.6,245.0,0.82,2518.0,1065.7,556.7
SAPDBL,3/26/2023,240.2,243.8,236.2,243.8,-0.49,1983.0,1065.7,556.7
SAPDBL,3/27/2023,243.0,246.8,238.2,246.5,1.11,4656.0,1065.7,556.7
SAPDBL,3/28/2023,250.0,250.0,245.0,248.5,0.81,9505.0,1065.7,556.7
SAPDBL,3/29/2023,243.7,252.0,239.2,252.0,1.41,3666.0,1065.7,556.7
SAPDBL,3/30/2023,257.0,257.0,245.0,248.1,-1.55,1484.0,1065.7,556.7
SAPDBL,4/2/2023,252.0,252.0,232.6,244.7,-1.37,6900.0,1065.7,556.7
SAPDBL,4/3/2023,248.5,248.5,234.1,240.0,-1.92,3800.0,1065.7,556.7
SAPDBL,4/4/2023,237.0,241.0,229.0,237.0,-1.25,5625.0,1065.7,556.7
SAPDBL,4/5/2023,238.0,239.0,234.0,239.0,0.84,970.0,1065.7,556.7
SAPDBL,4/6/2023,242.7,242.7,229.0,233.9,-2.13,4900.0,1065.7,556.7
SAPDBL,4/9/2023,230.0,237.4,226.1,230.0,-1.67,5521.0,1065.7,556.7
SAPDBL,4/10/2023,232.0,233.5,222.1,230.0,0.0,8135.0,1065.7,556.7
SAPDBL,4/11/2023,234.6,243.9,220.6,234.5,1.96,7660.0,1065.7,556.7
SAPDBL,4/12/2023,239.0,251.0,237.9,251.0,7.04,12255.0,1065.7,556.7
SAPDBL,4/13/2023,252.0,252.0,238.2,245.0,-2.39,7939.0,1065.7,556.7
SAPDBL,4/16/2023,241.0,246.6,236.3,238.0,-2.86,4708.0,1065.7,556.7
SAPDBL,4/17/2023,233.5,237.0,233.5,237.0,-0.42,3517.0,1065.7,556.7
SAPDBL,4/18/2023,232.5,234.0,232.0,234.0,-1.27,1646.0,1065.7,556.7
SAPDBL,4/19/2023,236.0,238.6,233.0,238.6,1.97,2998.0,1065.7,556.7
SAPDBL,4/20/2023,234.2,238.0,227.0,229.0,-4.02,8115.0,1065.7,556.7
SAPDBL,4/23/2023,229.0,229.0,225.0,225.8,-1.4,4655.0,1065.7,556.7
SAPDBL,4/24/2023,223.0,232.0,223.0,232.0,2.75,1704.0,1065.7,556.7
SAPDBL,4/25/2023,228.1,233.1,224.0,230.0,-0.86,8195.0,1065.7,556.7
SAPDBL,4/26/2023,234.6,238.0,232.0,232.2,0.96,11228.0,1065.7,556.7
SAPDBL,4/27/2023,228.1,236.0,228.1,232.0,-0.09,1911.0,1065.7,556.7
SAPDBL,4/30/2023,232.0,232.0,227.6,230.0,-0.86,2708.0,1065.7,556.7
SAPDBL,5/2/2023,228.0,230.5,226.0,230.5,0.22,563.0,1065.7,556.7
SAPDBL,5/3/2023,230.0,230.0,226.2,228.5,-0.87,1235.0,1065.7,556.7
SAPDBL,5/4/2023,232.0,233.0,227.4,232.9,1.93,2707.0,1065.7,556.7
SAPDBL,5/7/2023,230.0,235.0,225.0,227.0,-2.53,2194.0,1065.7,556.7
SAPDBL,5/8/2023,225.0,230.9,223.1,227.9,0.4,2043.0,1065.7,556.7
SAPDBL,5/9/2023,224.0,235.0,224.0,229.9,0.88,3229.0,1065.7,556.7
SAPDBL,5/10/2023,233.0,233.0,227.0,227.0,-1.26,632.0,1065.7,556.7
SAPDBL,5/11/2023,223.0,227.4,222.8,226.0,-0.44,3180.0,1065.7,556.7
SAPDBL,5/14/2023,225.0,225.0,219.0,224.0,-0.88,3813.0,1065.7,556.7
SAPDBL,5/15/2023,225.4,225.4,216.6,223.0,-0.45,1653.0,1065.7,556.7
SAPDBL,5/16/2023,218.7,223.0,218.0,223.0,0.0,3096.0,1065.7,556.7
SAPDBL,5/17/2023,218.7,226.2,218.7,224.9,0.85,4471.0,1065.7,556.7
SAPDBL,5/18/2023,228.0,239.0,228.0,236.0,4.94,7200.0,1065.7,556.7
SAPDBL,5/21/2023,239.0,240.5,230.0,232.0,-1.69,1762.0,1065.7,556.7
SAPDBL,5/22/2023,230.0,236.6,228.0,236.6,1.98,2061.0,1065.7,556.7
SAPDBL,5/23/2023,240.0,244.0,234.0,242.0,2.28,7734.0,1065.7,556.7
SAPDBL,5/24/2023,245.0,245.0,236.2,240.0,-0.83,2155.0,1065.7,556.7
SAPDBL,5/28/2023,242.0,242.0,230.6,233.5,-2.71,11089.0,1065.7,556.7
SAPDBL,5/30/2023,229.0,231.7,224.5,227.0,-2.78,6596.0,1065.7,556.7
SAPDBL,5/31/2023,222.5,226.0,219.0,219.0,-3.52,9689.0,1065.7,556.7
SAPDBL,6/1/2023,222.0,227.7,216.5,220.2,0.55,3898.0,1065.7,556.7
SAPDBL,6/4/2023,224.0,229.5,224.0,228.3,3.68,3380.0,1065.7,556.7
SAPDBL,6/5/2023,232.8,232.8,224.1,224.2,-1.8,4010.0,1065.7,556.7
SAPDBL,6/6/2023,220.0,231.0,220.0,231.0,3.03,7150.0,1065.7,556.7
SAPDBL,6/7/2023,228.0,238.0,227.0,229.9,-0.48,11203.0,1065.7,556.7
SAPDBL,6/8/2023,226.0,237.6,225.1,232.0,0.91,7752.0,1065.7,556.7
SAPDBL,6/11/2023,235.0,249.0,235.0,245.5,5.82,34294.0,1065.7,556.7
SAPDBL,6/12/2023,249.0,253.0,245.0,247.3,0.73,19954.0,1065.7,556.7
SAPDBL,6/13/2023,247.0,257.9,247.0,251.8,1.82,13291.0,1065.7,556.7
SAPDBL,6/14/2023,252.0,255.0,244.0,246.9,-1.95,14116.0,1065.7,556.7
SAPDBL,6/15/2023,245.0,245.5,238.4,243.6,-1.34,15751.0,1065.7,556.7
SAPDBL,6/18/2023,243.0,248.4,240.5,245.5,0.78,8280.0,1065.7,556.7
SAPDBL,6/19/2023,244.9,259.0,244.9,255.8,4.2,13405.0,1065.7,556.7
SAPDBL,6/20/2023,252.2,262.0,242.7,242.7,-5.12,17334.0,1065.7,556.7
SAPDBL,6/21/2023,240.0,252.4,240.0,243.0,0.12,6652.0,1065.7,556.7
SAPDBL,6/22/2023,247.8,248.0,236.6,239.0,-1.65,10356.0,1065.7,556.7
SAPDBL,6/25/2023,243.0,256.0,242.0,251.9,5.4,22355.0,1065.7,556.7
SAPDBL,6/26/2023,256.9,258.0,247.0,251.7,-0.08,9511.0,1065.7,556.7
SAPDBL,6/27/2023,255.9,260.9,251.2,260.0,3.3,25756.0,1065.7,556.7
SAPDBL,6/28/2023,260.0,271.3,258.2,262.0,0.77,29844.0,1065.7,556.7
SAPDBL,7/2/2023,262.0,262.0,248.0,254.8,-2.75,13233.0,1065.7,556.7
SAPDBL,7/3/2023,254.0,260.0,249.9,250.0,-1.88,15110.0,1065.7,556.7
SAPDBL,7/4/2023,252.0,253.9,248.0,251.0,0.4,8184.0,1065.7,556.7
SAPDBL,7/5/2023,251.0,251.0,245.0,248.0,-1.2,8825.0,1065.7,556.7
SAPDBL,7/6/2023,250.0,251.0,245.5,249.9,0.77,7180.0,1065.7,556.7
SAPDBL,7/9/2023,251.0,256.0,246.0,253.0,1.24,4981.0,1065.7,556.7
SAPDBL,7/10/2023,253.0,258.0,243.1,249.0,-1.58,7254.0,1065.7,556.7
SAPDBL,7/11/2023,253.9,272.0,250.0,268.8,7.95,49103.0,1065.7,556.7
SAPDBL,7/12/2023,269.0,278.4,266.6,270.0,0.45,14744.0,1065.7,556.7
SAPDBL,7/13/2023,274.0,274.0,257.1,257.1,-4.78,16044.0,1065.7,556.7
SAPDBL,7/16/2023,260.0,265.0,253.7,258.0,0.35,7874.0,1065.7,556.7
SAPDBL,7/17/2023,253.1,265.0,253.1,265.0,2.71,12688.0,1065.7,556.7
SAPDBL,7/18/2023,266.0,280.0,260.0,272.0,2.64,46334.0,1065.7,556.7
SAPDBL,7/19/2023,268.0,273.0,262.3,273.0,0.37,12225.0,1065.7,556.7
SAPDBL,7/20/2023,268.0,273.3,265.0,272.0,-0.37,6823.0,1065.7,556.7
SAPDBL,7/23/2023,272.0,285.0,264.0,283.0,4.04,26237.0,1065.7,556.7
SAPDBL,7/24/2023,279.0,283.0,270.0,273.1,-3.5,13642.0,1065.7,556.7
SAPDBL,7/25/2023,278.0,278.0,263.6,265.0,-2.97,10571.0,1065.7,556.7
SAPDBL,7/26/2023,268.0,273.3,263.3,267.0,0.75,9189.0,1065.7,556.7
SAPDBL,7/27/2023,271.0,271.0,259.1,268.0,0.37,16222.0,1065.7,556.7
SAPDBL,7/30/2023,262.8,265.0,256.0,262.9,-1.9,5674.0,1065.7,556.7
SAPDBL,7/31/2023,257.7,268.0,256.0,261.9,-0.38,8809.0,1065.7,556.7
SAPDBL,8/1/2023,267.1,267.1,250.0,255.0,-2.63,7810.0,1065.7,556.7
SAPDBL,8/2/2023,250.0,259.0,250.0,255.0,0.0,7541.0,1065.7,556.7
SAPDBL,8/3/2023,258.0,264.0,250.0,257.8,1.1,15863.0,1065.7,556.7
SAPDBL,8/6/2023,255.0,255.0,246.5,250.0,-3.03,6197.0,1065.7,556.7
SAPDBL,8/7/2023,250.0,252.0,246.0,246.0,-1.6,6071.0,1065.7,556.7
SAPDBL,8/8/2023,248.0,249.0,240.4,241.0,-2.03,3645.0,1065.7,556.7
SAPDBL,8/9/2023,236.7,260.7,236.7,260.7,8.17,6539.0,1065.7,556.7
SAPDBL,8/10/2023,265.1,265.1,246.2,251.0,-3.72,4329.0,1065.7,556.7
SAPDBL,8/13/2023,246.1,250.0,237.0,250.0,-0.4,5393.0,1065.7,556.7
SAPDBL,8/14/2023,250.0,253.0,244.0,247.0,-1.2,9178.0,1065.7,556.7
SAPDBL,8/15/2023,242.4,242.4,240.0,240.1,-2.79,8110.0,1065.7,556.7
SAPDBL,8/16/2023,238.0,240.0,237.3,240.0,-0.04,5838.0,1065.7,556.7
SAPDBL,8/17/2023,244.8,244.8,237.0,242.0,0.83,4999.0,1065.7,556.7
SAPDBL,8/20/2023,246.8,246.8,235.0,237.0,-2.07,8573.0,1065.7,556.7
SAPDBL,8/21/2023,238.0,239.8,235.2,237.9,0.38,2864.0,1065.7,556.7
SAPDBL,8/22/2023,234.1,241.0,234.1,241.0,1.3,2484.0,1065.7,556.7
SAPDBL,8/23/2023,238.0,244.0,238.0,243.0,0.83,1065.0,1065.7,556.7
SAPDBL,8/24/2023,242.0,242.0,234.0,236.0,-2.88,1800.0,1065.7,556.7
SAPDBL,8/27/2023,240.7,240.7,231.0,234.0,-0.85,9832.0,1065.7,556.7
SAPDBL,8/28/2023,233.0,234.7,230.2,233.0,-0.43,3342.0,1065.7,556.7
SAPDBL,8/29/2023,233.0,233.0,228.0,232.0,-0.43,3062.0,1065.7,556.7
SAPDBL,8/30/2023,228.0,232.0,227.4,229.9,-0.91,2225.0,1065.7,556.7
SAPDBL,9/3/2023,225.5,227.0,222.1,224.9,-2.17,2035.0,1065.7,556.7
SAPDBL,9/4/2023,224.9,225.0,223.8,224.0,-0.4,3855.0,1065.7,556.7
SAPDBL,9/5/2023,222.0,227.0,220.5,226.0,0.89,4434.0,1065.7,556.7
SAPDBL,9/7/2023,222.0,223.0,217.6,220.0,-2.65,2030.0,1065.7,556.7
SAPDBL,9/10/2023,223.0,227.3,220.5,223.0,1.36,4544.0,1065.7,556.7
SAPDBL,9/11/2023,223.8,233.5,223.8,233.0,4.48,4541.0,1065.7,556.7
SAPDBL,9/12/2023,231.0,231.0,222.0,224.0,-3.86,2130.0,1065.7,556.7
SAPDBL,9/13/2023,228.0,235.0,225.0,235.0,4.91,7046.0,1065.7,556.7
SAPDBL,9/17/2023,233.0,233.0,225.0,233.0,-0.85,828.0,1065.7,556.7
SAPDBL,9/18/2023,228.4,230.0,226.0,226.0,-3.0,50.0,1065.7,556.7
SAPDBL,9/19/2023,221.5,236.6,221.5,236.6,4.69,5472.0,1065.7,556.7
SAPDBL,9/21/2023,241.3,255.0,236.2,250.0,5.66,15513.0,1065.7,556.7
SAPDBL,9/24/2023,255.0,255.0,236.1,243.7,-2.52,10620.0,1065.7,556.7
SAPDBL,9/25/2023,248.5,248.5,235.0,239.7,-1.64,4981.0,1065.7,556.7
SAPDBL,9/26/2023,243.0,249.9,238.2,249.0,3.88,4595.0,1065.7,556.7
SAPDBL,9/27/2023,244.1,244.1,234.0,234.2,-5.94,1067.0,1065.7,556.7
SAPDBL,10/1/2023,231.0,238.8,228.0,238.8,1.96,3013.0,1065.7,556.7
SAPDBL,10/2/2023,235.0,240.0,226.3,239.0,0.08,6959.0,1065.7,556.7
SAPDBL,10/3/2023,234.4,238.0,231.0,233.9,-2.13,4742.0,1065.7,556.7
SAPDBL,10/4/2023,236.9,237.0,232.9,235.0,0.47,1506.0,1065.7,556.7
SAPDBL,10/5/2023,230.5,234.8,230.5,234.8,-0.09,1462.0,1065.7,556.7
SAPDBL,10/8/2023,239.4,239.4,225.4,234.7,-0.04,4203.0,1065.7,556.7
SAPDBL,10/9/2023,238.0,238.0,225.5,232.0,-1.15,2134.0,1065.7,556.7
SAPDBL,10/10/2023,228.1,231.0,228.0,230.8,-0.52,2140.0,1065.7,556.7
SAPDBL,10/11/2023,230.0,231.8,228.6,230.0,-0.35,530.0,1065.7,556.7
SAPDBL,10/12/2023,226.0,228.0,221.2,224.0,-2.61,8854.0,1065.7,556.7
SAPDBL,10/16/2023,220.0,222.0,219.1,221.9,-0.94,3280.0,1065.7,556.7
SAPDBL,10/17/2023,223.0,225.4,220.0,225.4,1.58,11849.0,1065.7,556.7
SAPDBL,10/18/2023,229.0,232.0,221.0,232.0,2.93,4048.0,1065.7,556.7
SAPDBL,10/19/2023,231.0,232.0,220.1,227.0,-2.16,2291.0,1065.7,556.7
SAPDBL,10/29/2023,222.5,222.5,218.1,218.1,-3.92,2491.0,1065.7,556.7
SAPDBL,10/30/2023,220.0,224.0,218.0,218.0,-0.05,2602.0,1065.7,556.7
SAPDBL,10/31/2023,218.0,220.0,213.7,220.0,0.92,4908.0,1065.7,556.7
SAPDBL,11/1/2023,221.8,222.0,217.4,220.5,0.23,1012.0,1065.7,556.7
SAPDBL,11/2/2023,216.3,224.0,216.2,224.0,1.59,5850.0,1065.7,556.7
SAPDBL,11/5/2023,219.6,225.0,211.7,225.0,0.45,4510.0,1065.7,556.7
SAPDBL,11/6/2023,224.5,227.0,220.0,221.0,-1.78,3185.0,1065.7,556.7
SAPDBL,11/7/2023,217.3,221.2,217.2,219.0,-0.9,9182.0,1065.7,556.7
SAPDBL,11/8/2023,220.5,221.8,215.1,218.0,-0.46,6237.0,1065.7,556.7
SAPDBL,11/9/2023,218.0,220.9,214.1,220.9,1.33,4261.0,1065.7,556.7
SAPDBL,11/20/2023,222.7,224.0,218.2,222.0,0.5,4369.0,1065.7,556.7
SAPDBL,11/21/2023,218.2,218.2,212.0,218.0,-1.8,3461.0,1065.7,556.7
SAPDBL,11/22/2023,219.9,226.0,216.0,226.0,3.67,3502.0,1065.7,556.7
SAPDBL,11/23/2023,221.5,225.0,219.0,225.0,-0.44,6698.0,1065.7,556.7
SAPDBL,11/26/2023,221.0,231.0,221.0,231.0,2.67,11050.0,1065.7,556.7
SAPDBL,11/27/2023,232.7,233.0,225.0,228.0,-1.3,7876.0,1065.7,556.7
SAPDBL,11/28/2023,228.0,233.0,226.5,232.0,1.75,7794.0,1065.7,556.7
SAPDBL,11/29/2023,234.0,235.0,225.1,227.0,-2.16,4156.0,1065.7,556.7
SAPDBL,11/30/2023,223.1,236.1,223.1,226.0,-0.44,9311.0,1065.7,556.7
SAPDBL,12/3/2023,230.5,230.5,221.5,222.5,-1.55,3329.0,1065.7,556.7
SAPDBL,12/4/2023,226.9,231.4,224.0,227.9,2.43,9205.0,1065.7,556.7
SAPDBL,12/5/2023,224.2,228.8,224.2,228.8,0.39,1394.0,1065.7,556.7
SAPDBL,12/6/2023,227.1,229.5,227.1,229.5,0.31,1058.0,1065.7,556.7
SAPDBL,12/7/2023,229.4,233.0,226.5,232.9,1.48,2215.0,1065.7,556.7
SAPDBL,12/10/2023,237.5,249.9,236.0,249.9,7.3,2133.0,1065.7,556.7
SAPDBL,12/11/2023,254.8,254.8,237.3,245.0,-1.96,10207.0,1065.7,556.7
SAPDBL,12/12/2023,245.0,247.7,231.0,244.0,-0.41,13758.0,1065.7,556.7
SAPDBL,12/13/2023,245.0,258.0,245.0,245.0,0.41,32921.0,1065.7,556.7
SAPDBL,12/14/2023,245.0,255.0,240.4,254.0,3.67,13401.0,1065.7,556.7
SAPDBL,12/17/2023,249.0,261.9,245.0,261.7,3.03,22339.0,1065.7,556.7
SAPDBL,12/18/2023,265.0,275.0,260.0,268.0,2.41,35122.0,1065.7,556.7
SAPDBL,12/19/2023,265.0,268.0,257.0,263.0,-1.87,8721.0,1065.7,556.7
SAPDBL,12/20/2023,266.9,268.2,255.1,262.0,-0.38,18119.0,1065.7,556.7
SAPDBL,12/21/2023,257.0,264.0,249.9,253.0,-3.44,18627.0,1065.7,556.7
SAPDBL,12/24/2023,250.0,257.0,245.0,246.0,-2.77,14008.0,1065.7,556.7
SAPDBL,12/27/2023,250.9,261.0,241.0,248.9,1.18,11884.0,1065.7,556.7
SAPDBL,12/28/2023,244.1,253.0,244.0,248.9,0.0,9513.0,1065.7,556.7
SAPDBL,1/1/2024,250.0,250.0,244.0,245.0,-1.57,12821.0,1065.7,556.7
SAPDBL,1/2/2024,249.9,250.0,240.1,245.0,0.0,4091.0,1065.7,556.7
SAPDBL,1/3/2024,244.0,250.0,242.0,245.0,0.0,8097.0,1065.7,556.7
SAPDBL,1/4/2024,245.0,248.0,241.0,244.0,-0.41,10372.0,1065.7,556.7
SAPDBL,1/7/2024,242.0,244.0,237.3,240.0,-1.64,12468.0,1065.7,556.7
SAPDBL,1/8/2024,238.0,244.5,237.0,244.0,1.67,7843.0,1065.7,556.7
SAPDBL,1/9/2024,247.0,268.4,242.5,268.4,10.0,66058.0,1065.7,556.7
SAPDBL,1/10/2024,273.5,282.7,261.0,261.0,-2.76,51958.0,1065.7,556.7
SAPDBL,1/11/2024,263.5,264.5,257.0,258.0,-1.15,14784.0,1065.7,556.7
SAPDBL,1/14/2024,263.1,274.0,259.1,273.0,5.81,25060.0,1065.7,556.7
SAPDBL,1/16/2024,277.0,287.0,275.0,278.9,2.16,65833.0,1065.7,556.7
SAPDBL,1/17/2024,284.3,291.0,265.0,267.0,-4.27,86137.0,1065.7,556.7
SAPDBL,1/18/2024,263.0,275.3,263.0,273.0,2.25,32874.0,1065.7,556.7
SAPDBL,1/21/2024,278.0,278.0,260.1,261.0,-4.4,20948.0,1065.7,556.7
SAPDBL,1/22/2024,257.0,270.0,254.1,256.2,-1.84,13945.0,1065.7,556.7
SAPDBL,1/23/2024,261.3,265.0,251.0,254.8,-0.55,15761.0,1065.7,556.7
SAPDBL,1/24/2024,259.0,262.9,254.0,254.0,-0.31,9523.0,1065.7,556.7
SAPDBL,1/25/2024,259.0,259.0,251.4,255.3,0.51,9668.0,1065.7,556.7
SAPDBL,1/28/2024,258.6,260.0,254.0,258.0,1.06,6418.0,1065.7,556.7
SAPDBL,1/29/2024,262.4,263.1,255.0,256.5,-0.58,14251.0,1065.7,556.7
SAPDBL,1/30/2024,261.6,266.8,257.1,260.1,1.4,12839.0,1065.7,556.7
SAPDBL,1/31/2024,264.6,265.3,251.0,258.5,-0.62,26767.0,1065.7,556.7
SAPDBL,2/1/2024,262.8,262.8,248.1,251.0,-2.9,10270.0,1065.7,556.7
SAPDBL,2/4/2024,247.1,258.0,247.1,255.0,1.59,11296.0,1065.7,556.7
SAPDBL,2/5/2024,260.1,260.1,251.0,253.0,-0.78,4311.0,1065.7,556.7
SAPDBL,2/6/2024,257.0,260.0,253.0,255.4,0.95,16341.0,1065.7,556.7
SAPDBL,2/7/2024,260.0,260.0,253.4,257.0,0.63,4835.0,1065.7,556.7
SAPDBL,2/8/2024,257.0,271.3,252.0,262.1,1.98,30522.0,1065.7,556.7
SAPDBL,2/11/2024,266.0,275.0,263.2,267.0,1.87,33724.0,1065.7,556.7
SAPDBL,2/12/2024,270.0,270.0,265.0,268.5,0.56,8800.0,1065.7,556.7
SAPDBL,2/13/2024,263.5,268.5,259.0,265.0,-1.3,24881.0,1065.7,556.7
SAPDBL,2/14/2024,259.7,283.5,259.7,272.9,2.98,60059.0,1065.7,556.7
SAPDBL,2/15/2024,270.0,275.4,261.7,267.0,-2.16,15277.0,1065.7,556.7
SAPDBL,2/18/2024,262.1,263.0,257.9,258.0,-3.37,16163.0,1065.7,556.7
SAPDBL,2/20/2024,260.0,263.1,255.0,261.2,1.24,9493.0,1065.7,556.7
SAPDBL,2/21/2024,260.0,265.0,253.0,259.1,-0.8,10620.0,1065.7,556.7
SAPDBL,2/22/2024,257.0,262.8,253.4,254.2,-1.89,15577.0,1065.7,556.7
SAPDBL,2/25/2024,259.0,259.4,249.9,255.0,0.31,21376.0,1065.7,556.7
SAPDBL,2/26/2024,259.9,259.9,250.0,258.0,1.18,5888.0,1065.7,556.7
SAPDBL,2/27/2024,262.9,262.9,255.1,255.1,-1.12,19896.0,1065.7,556.7
SAPDBL,2/28/2024,258.0,258.0,251.9,251.9,-1.25,18665.0,1065.7,556.7
SAPDBL,2/29/2024,251.9,255.0,245.0,250.0,-0.75,24091.0,1065.7,556.7
SAPDBL,3/3/2024,245.1,252.9,242.1,245.6,-1.76,10641.0,1065.7,556.7
SAPDBL,3/4/2024,250.5,260.6,250.5,260.6,6.11,1070.0,1065.7,556.7
SAPDBL,3/5/2024,259.0,259.9,245.0,245.0,-5.99,16619.0,1065.7,556.7
SAPDBL,3/6/2024,249.0,259.9,249.0,252.0,2.86,13995.0,1065.7,556.7
SAPDBL,3/7/2024,256.0,261.0,255.1,255.6,1.43,5330.0,1065.7,556.7
SAPDBL,3/10/2024,260.0,265.0,255.0,261.9,2.46,10645.0,1065.7,556.7
SAPDBL,3/12/2024,261.5,272.3,261.5,271.9,3.82,22957.0,1065.7,556.7
SAPDBL,3/13/2024,277.0,277.0,260.0,268.0,-1.43,33243.0,1065.7,556.7
SAPDBL,3/14/2024,267.0,271.3,261.0,261.0,-2.61,12103.0,1065.7,556.7
SAPDBL,3/17/2024,262.0,287.1,262.0,287.1,10.0,167385.0,1065.7,556.7
SAPDBL,3/18/2024,292.8,315.8,292.8,315.8,10.0,197296.0,1065.7,556.7
SAPDBL,3/19/2024,322.0,343.7,303.8,317.5,0.54,127526.0,1065.7,556.7
SAPDBL,3/20/2024,315.0,349.2,298.0,314.3,-1.01,189592.0,1065.7,556.7
SAPDBL,3/21/2024,319.7,319.7,302.1,303.0,-3.6,59643.0,1065.7,556.7
SAPDBL,3/25/2024,297.2,307.0,288.1,297.0,-1.98,69036.0,1065.7,556.7
SAPDBL,3/26/2024,302.9,314.8,295.0,305.0,2.69,38146.0,1065.7,556.7
SAPDBL,3/27/2024,311.0,311.0,295.0,296.0,-2.95,50291.0,1065.7,556.7
SAPDBL,3/28/2024,300.0,305.0,294.1,301.0,1.69,45042.0,1065.7,556.7
SAPDBL,3/31/2024,305.0,305.0,293.0,293.0,-2.66,25833.0,1065.7,556.7
SAPDBL,4/1/2024,290.4,297.8,289.1,293.0,0.0,23639.0,1065.7,556.7
SAPDBL,4/2/2024,298.8,298.8,288.0,288.0,-1.71,15914.0,1065.7,556.7
SAPDBL,4/3/2024,293.0,298.0,288.0,292.0,1.39,22971.0,1065.7,556.7
SAPDBL,4/4/2024,297.5,297.8,287.8,290.0,-0.68,30032.0,1065.7,556.7
SAPDBL,4/7/2024,290.0,312.0,290.0,307.0,5.86,47217.0,1065.7,556.7
SAPDBL,4/9/2024,312.0,319.0,307.0,312.5,1.79,69397.0,1065.7,556.7
SAPDBL,4/10/2024,318.7,322.0,302.1,305.0,-2.4,55746.0,1065.7,556.7
SAPDBL,4/14/2024,311.0,311.0,302.1,303.0,-0.66,24828.0,1065.7,556.7
SAPDBL,4/15/2024,309.0,309.0,296.6,298.0,-1.65,21538.0,1065.7,556.7
SAPDBL,4/16/2024,295.1,309.7,294.9,300.0,0.67,44106.0,1065.7,556.7
SAPDBL,4/18/2024,300.0,305.0,289.1,294.0,-2.0,27409.0,1065.7,556.7
SAPDBL,4/21/2024,299.8,302.0,285.0,299.8,1.97,23014.0,1065.7,556.7
SAPDBL,4/22/2024,295.0,299.0,285.5,289.0,-3.6,23727.0,1065.7,556.7
SAPDBL,4/24/2024,293.5,297.6,289.0,294.0,1.73,8804.0,1065.7,556.7
SAPDBL,4/25/2024,298.8,298.8,288.2,292.3,-0.58,48467.0,1065.7,556.7
SAPDBL,4/28/2024,297.0,307.9,287.1,307.5,5.2,49013.0,1065.7,556.7
SAPDBL,4/29/2024,310.0,329.9,307.0,329.0,6.99,207581.0,1065.7,556.7
SAPDBL,4/30/2024,330.0,352.5,330.0,338.0,2.74,145727.0,1065.7,556.7
SAPDBL,5/2/2024,340.0,343.0,320.5,324.0,-4.14,66059.0,1065.7,556.7
SAPDBL,5/5/2024,318.0,327.0,309.0,309.0,-4.63,126615.0,1065.7,556.7
SAPDBL,5/6/2024,312.0,323.8,306.0,318.0,2.91,69197.0,1065.7,556.7
SAPDBL,5/7/2024,320.0,325.0,311.7,316.8,-0.38,27792.0,1065.7,556.7
SAPDBL,5/8/2024,318.6,319.5,312.0,319.0,0.69,19517.0,1065.7,556.7
SAPDBL,5/9/2024,316.0,333.0,316.0,328.0,2.82,84052.0,1065.7,556.7
SAPDBL,5/12/2024,328.0,340.0,325.5,331.1,0.95,47334.0,1065.7,556.7
SAPDBL,5/13/2024,337.1,340.8,328.4,335.9,1.45,68818.0,1065.7,556.7
SAPDBL,5/14/2024,341.0,341.0,330.3,331.0,-1.46,43895.0,1065.7,556.7
SAPDBL,5/15/2024,337.6,340.0,324.3,327.0,-1.21,60229.0,1065.7,556.7
SAPDBL,5/16/2024,333.0,339.0,320.0,323.0,-1.22,40381.0,1065.7,556.7
SAPDBL,5/19/2024,329.4,331.0,322.0,325.0,0.62,40830.0,1065.7,556.7
SAPDBL,5/20/2024,329.0,331.5,319.0,322.0,-0.92,51033.0,1065.7,556.7
SAPDBL,5/21/2024,320.0,334.0,320.0,331.0,2.8,48505.0,1065.7,556.7
SAPDBL,5/22/2024,336.0,336.0,325.1,328.0,-0.91,26220.0,1065.7,556.7
SAPDBL,5/26/2024,324.0,329.0,316.0,319.0,-2.74,30222.0,1065.7,556.7
SAPDBL,5/27/2024,323.0,326.0,317.2,321.5,0.78,20103.0,1065.7,556.7
SAPDBL,5/29/2024,327.9,327.9,315.6,316.1,-1.68,24340.0,1065.7,556.7
SAPDBL,5/30/2024,320.0,321.9,315.2,318.0,0.6,25212.0,1065.7,556.7
SAPDBL,6/2/2024,318.1,325.5,318.0,325.4,2.33,24953.0,1065.7,556.7
SAPDBL,6/3/2024,331.8,331.9,322.5,325.0,-0.12,18044.0,1065.7,556.7
SAPDBL,6/4/2024,331.0,331.0,324.0,324.0,-0.31,30274.0,1065.7,556.7
SAPDBL,6/5/2024,320.0,330.4,320.0,325.0,0.31,32478.0,1065.7,556.7
SAPDBL,6/6/2024,331.0,331.0,321.1,323.9,-0.34,23341.0,1065.7,556.7
SAPDBL,6/9/2024,323.0,327.0,320.0,321.0,-0.9,24855.0,1065.7,556.7
SAPDBL,6/10/2024,321.0,330.0,317.0,318.0,-0.93,21683.0,1065.7,556.7
SAPDBL,6/11/2024,324.0,328.0,318.0,325.0,2.2,24519.0,1065.7,556.7
SAPDBL,6/12/2024,331.5,331.5,322.0,326.0,0.31,31314.0,1065.7,556.7
SAPDBL,6/13/2024,332.5,358.6,324.0,358.0,9.82,228934.0,1065.7,556.7
SAPDBL,6/16/2024,363.0,385.0,352.0,355.0,-0.84,150881.0,1065.7,556.7
SAPDBL,6/18/2024,355.0,368.0,347.9,349.5,-1.55,61132.0,1065.7,556.7
SAPDBL,6/19/2024,343.0,360.0,343.0,350.0,0.14,54386.0,1065.7,556.7
SAPDBL,6/20/2024,345.0,357.0,343.0,349.9,-0.03,41077.0,1065.7,556.7
SAPDBL,6/23/2024,345.0,364.0,345.0,357.9,2.29,85638.0,1065.7,556.7
SAPDBL,6/24/2024,364.0,380.0,358.1,379.0,5.9,122975.0,1065.7,556.7
SAPDBL,6/25/2024,386.0,395.0,375.0,378.9,-0.03,98027.0,1065.7,556.7
SAPDBL,6/26/2024,382.8,382.8,365.0,365.0,-3.67,67422.0,1065.7,556.7
SAPDBL,6/27/2024,357.7,371.0,357.7,360.0,-1.37,42540.0,1065.7,556.7
SAPDBL,6/30/2024,363.1,369.0,359.0,362.0,0.56,32528.0,1065.7,556.7
SAPDBL,7/1/2024,356.0,370.1,356.0,365.3,0.91,53901.0,1065.7,556.7
SAPDBL,7/2/2024,372.6,395.0,369.0,370.0,1.29,81679.0,1065.7,556.7
SAPDBL,7/3/2024,370.0,399.9,370.0,399.9,8.08,149446.0,1065.7,556.7
SAPDBL,7/4/2024,407.0,428.0,407.0,419.0,4.78,149618.0,1065.7,556.7
SAPDBL,7/7/2024,410.7,427.0,402.6,422.0,0.72,119501.0,1065.7,556.7
SAPDBL,7/8/2024,422.0,430.0,412.0,430.0,1.9,96817.0,1065.7,556.7
SAPDBL,7/9/2024,430.0,452.0,430.0,441.9,2.77,132168.0,1065.7,556.7
SAPDBL,7/10/2024,449.0,449.5,434.0,449.0,1.61,83794.0,1065.7,556.7
SAPDBL,7/11/2024,440.3,457.0,436.1,447.0,-0.45,117878.0,1065.7,556.7
SAPDBL,7/14/2024,455.9,455.9,435.0,435.0,-2.68,87044.0,1065.7,556.7
SAPDBL,7/15/2024,443.0,450.0,428.0,430.0,-1.15,84079.0,1065.7,556.7
SAPDBL,7/16/2024,421.4,465.0,421.4,462.0,7.44,126866.0,1065.7,556.7
SAPDBL,7/17/2024,456.1,484.8,456.1,474.9,2.79,116644.0,1065.7,556.7
SAPDBL,7/18/2024,467.0,480.0,458.0,459.0,-3.35,115058.0,1065.7,556.7
SAPDBL,7/21/2024,459.1,467.0,447.0,453.9,-1.11,112178.0,1065.7,556.7
SAPDBL,7/22/2024,451.0,458.0,442.0,450.0,-0.86,73630.0,1065.7,556.7
SAPDBL,7/23/2024,445.0,461.0,445.0,460.0,2.22,74604.0,1065.7,556.7
SAPDBL,7/24/2024,456.0,474.0,453.0,458.2,-0.39,133278.0,1065.7,556.7
SAPDBL,7/25/2024,458.0,483.9,458.0,477.0,4.1,201730.0,1065.7,556.7
SAPDBL,7/28/2024,486.5,494.0,470.0,492.9,3.33,111190.0,1065.7,556.7
SAPDBL,7/29/2024,495.0,500.0,475.0,475.0,-3.63,89942.0,1065.7,556.7
SAPDBL,7/30/2024,475.0,485.0,470.0,482.0,1.47,84808.0,1065.7,556.7
SAPDBL,7/31/2024,488.7,504.9,484.0,494.8,2.66,169360.0,1065.7,556.7
SAPDBL,8/1/2024,495.0,495.0,470.0,471.0,-4.81,113661.0,1065.7,556.7
SAPDBL,8/5/2024,479.9,480.4,470.0,473.0,0.42,90211.0,1065.7,556.7
SAPDBL,8/6/2024,473.0,482.4,425.7,439.9,-7.0,110598.0,1065.7,556.7
SAPDBL,8/7/2024,431.3,475.0,424.1,466.0,5.93,71092.0,1065.7,556.7
SAPDBL,8/8/2024,462.0,474.0,458.0,468.0,0.43,62182.0,1065.7,556.7
SAPDBL,8/11/2024,469.0,489.6,465.0,487.9,4.25,112590.0,1065.7,556.7
SAPDBL,8/12/2024,490.0,499.8,475.2,485.0,-0.59,146001.0,1065.7,556.7
SAPDBL,8/13/2024,490.0,490.2,476.1,478.9,-1.26,56892.0,1065.7,556.7
SAPDBL,8/14/2024,484.0,500.0,477.0,494.0,3.15,149418.0,1065.7,556.7
SAPDBL,8/15/2024,500.0,515.0,492.3,498.9,0.99,131011.0,1065.7,556.7
SAPDBL,8/18/2024,500.0,504.0,475.0,475.0,-4.79,109687.0,1065.7,556.7
SAPDBL,8/21/2024,483.0,484.5,473.4,476.0,0.21,66371.0,1065.7,556.7
SAPDBL,8/22/2024,485.5,523.6,485.5,523.6,10.0,266522.0,1065.7,556.7
SAPDBL,8/25/2024,534.0,575.9,534.0,560.0,6.95,361486.0,1065.7,556.7
SAPDBL,8/27/2024,548.8,570.0,533.1,549.0,-1.96,186561.0,1065.7,556.7
SAPDBL,8/28/2024,559.0,569.0,533.3,538.0,-2.0,84070.0,1065.7,556.7
SAPDBL,8/29/2024,544.9,553.0,515.1,527.0,-2.04,94044.0,1065.7,556.7
SAPDBL,9/1/2024,537.0,537.5,505.0,509.7,-3.28,75395.0,1065.7,556.7
SAPDBL,9/2/2024,517.7,545.0,509.0,544.5,6.83,61991.0,1065.7,556.7
SAPDBL,9/3/2024,555.0,598.9,528.0,598.9,9.99,389008.0,1065.7,556.7
SAPDBL,9/4/2024,610.8,654.0,600.0,614.0,2.52,356820.0,1065.7,556.7
SAPDBL,9/5/2024,602.0,620.0,577.0,600.0,-2.28,132454.0,1065.7,556.7
SAPDBL,9/8/2024,606.0,615.0,585.0,586.0,-2.33,141037.0,1065.7,556.7
SAPDBL,9/9/2024,586.0,602.0,578.4,584.0,-0.34,147284.0,1065.7,556.7
SAPDBL,9/10/2024,595.6,606.0,575.0,575.3,-1.49,66023.0,1065.7,556.7
SAPDBL,9/11/2024,585.0,596.0,572.0,577.0,0.3,61785.0,1065.7,556.7
SAPDBL,9/12/2024,580.0,595.0,575.0,585.0,1.39,61471.0,1065.7,556.7
SAPDBL,9/15/2024,596.0,596.0,551.6,560.0,-4.27,75581.0,1065.7,556.7
SAPDBL,9/16/2024,571.2,571.2,521.4,529.0,-5.54,63266.0,1065.7,556.7
SAPDBL,9/18/2024,539.0,539.0,501.0,505.0,-4.54,51148.0,1065.7,556.7
SAPDBL,9/22/2024,515.1,545.0,505.0,514.0,1.78,36762.0,1065.7,556.7
SAPDBL,9/23/2024,505.0,510.0,480.0,489.0,-4.86,30193.0,1065.7,556.7
SAPDBL,9/24/2024,482.0,494.0,471.0,474.0,-3.07,42478.0,1065.7,556.7
SAPDBL,9/25/2024,483.4,499.8,464.4,499.0,5.27,38989.0,1065.7,556.7
SAPDBL,9/26/2024,495.0,534.9,495.0,501.2,0.44,72181.0,1065.7,556.7
SAPDBL,9/29/2024,498.0,524.0,496.0,504.2,0.6,42723.0,1065.7,556.7
SAPDBL,9/30/2024,504.7,525.0,504.7,524.9,4.11,29625.0,1065.7,556.7
SAPDBL,10/1/2024,530.0,549.0,525.0,547.0,4.21,35794.0,1065.7,556.7
SAPDBL,10/2/2024,557.9,557.9,533.2,539.0,-1.46,101452.0,1065.7,556.7
SAPDBL,10/6/2024,535.0,560.0,527.0,555.0,2.97,38982.0,1065.7,556.7
SAPDBL,10/7/2024,565.0,577.0,555.0,556.0,0.18,23944.0,1065.7,556.7
SAPDBL,10/8/2024,546.2,598.0,546.2,570.0,2.52,67422.0,1065.7,556.7
SAPDBL,10/9/2024,577.0,577.0,555.0,567.9,-0.37,28135.0,1065.7,556.7
SAPDBL,10/15/2024,567.0,576.8,561.0,570.2,0.41,28766.0,1065.7,556.7
SAPDBL,10/16/2024,580.0,584.0,568.4,580.0,1.72,45542.0,1065.7,556.7
SAPDBL,10/17/2024,589.0,589.0,566.0,569.0,-1.9,37255.0,1065.7,556.7
SAPDBL,10/20/2024,560.0,572.0,540.0,562.0,-1.23,46776.0,1065.7,556.7
SAPDBL,10/21/2024,573.2,598.9,545.2,582.0,3.56,159866.0,1065.7,556.7
SAPDBL,10/22/2024,572.0,589.5,561.0,577.0,-0.86,27304.0,1065.7,556.7
SAPDBL,10/23/2024,566.0,584.9,561.7,569.6,-1.28,36527.0,1065.7,556.7
SAPDBL,10/24/2024,560.0,569.9,552.0,559.0,-1.86,56680.0,1065.7,556.7
SAPDBL,10/27/2024,549.1,567.1,549.1,553.8,-0.93,36625.0,1065.7,556.7
SAPDBL,10/28/2024,554.0,581.0,550.1,570.0,2.93,197153.0,1065.7,556.7
SAPDBL,10/29/2024,570.0,627.0,569.0,627.0,10.0,234660.0,1065.7,556.7
SAPDBL,10/30/2024,639.5,645.0,615.1,618.1,-1.42,125855.0,1065.7,556.7
SAPDBL,11/5/2024,629.0,635.0,614.0,628.0,1.6,53518.0,1065.7,556.7
SAPDBL,11/6/2024,617.2,663.0,617.2,648.0,3.18,102789.0,1065.7,556.7
SAPDBL,11/10/2024,651.2,676.9,650.0,670.0,3.4,80014.0,1065.7,556.7
SAPDBL,11/11/2024,677.0,679.0,650.0,655.0,-2.24,121593.0,1065.7,556.7
SAPDBL,11/12/2024,668.0,695.0,655.0,670.0,2.29,93029.0,1065.7,556.7
SAPDBL,11/13/2024,671.1,737.0,670.0,737.0,10.0,298377.0,1065.7,556.7
SAPDBL,11/14/2024,751.7,794.0,741.0,784.0,6.38,123072.0,1065.7,556.7
SAPDBL,11/17/2024,795.9,820.0,769.0,774.9,-1.16,123986.0,1065.7,556.7
SAPDBL,11/19/2024,785.0,807.0,765.0,772.1,-0.36,187974.0,1065.7,556.7
SAPDBL,11/20/2024,785.9,849.3,758.0,849.3,10.0,186495.0,1065.7,556.7
SAPDBL,11/21/2024,866.2,897.0,862.4,862.4,1.54,90416.0,1065.7,556.7
SAPDBL,11/24/2024,875.0,882.0,838.0,846.0,-1.9,101460.0,1065.7,556.7
SAPDBL,11/25/2024,850.1,930.6,850.1,928.0,9.69,130587.0,1065.7,556.7
SAPDBL,11/26/2024,909.5,933.0,891.4,899.0,-3.12,67864.0,1065.7,556.7
SAPDBL,11/27/2024,895.0,988.9,881.2,988.9,10.0,239586.0,1065.7,556.7
SAPDBL,11/28/2024,1008.6,1069.9,980.0,1020.0,3.14,114676.0,1065.7,556.7
SAPDBL,12/1/2024,1005.0,1122.0,986.9,1122.0,10.0,137536.0,1065.7,556.7
SAPDBL,12/2/2024,1100.0,1180.0,1069.0,1098.0,-2.14,144082.0,1065.7,556.7
SAPDBL,12/3/2024,1090.0,1141.0,1050.1,1100.0,0.18,91617.0,1065.7,556.7
SAPDBL,12/4/2024,1090.0,1136.0,1062.0,1080.0,-1.82,53134.0,1065.7,556.7
SAPDBL,12/5/2024,1097.0,1105.0,1060.0,1069.9,-0.94,69950.0,1065.7,556.7
SAPDBL,12/8/2024,1050.0,1157.0,1050.0,1100.0,2.81,107331.0,1065.7,556.7
SAPDBL,12/9/2024,1122.0,1150.0,1090.0,1105.0,0.45,62281.0,1065.7,556.7
SAPDBL,12/10/2024,1105.0,1125.7,1080.0,1089.0,-1.45,33768.0,1065.7,556.7
SAPDBL,12/11/2024,1089.0,1108.0,1089.0,1102.9,1.28,66199.0,1065.7,556.7
SAPDBL,12/12/2024,1103.0,1119.7,1069.1,1080.1,-2.07,81969.0,1065.7,556.7
SAPDBL,12/16/2024,1101.7,1101.7,1074.0,1088.9,0.81,55754.0,1065.7,556.7
SAPDBL,12/17/2024,1067.2,1090.0,1067.2,1068.0,-1.92,54331.0,1065.7,556.7
SAPDBL,12/18/2024,1060.1,1120.0,1055.0,1098.0,2.81,56522.0,1065.7,556.7
SAPDBL,12/19/2024,1077.0,1109.0,1070.0,1078.0,-1.82,43075.0,1065.7,556.7
SAPDBL,12/22/2024,1099.0,1099.0,1009.0,1009.0,-6.4,32253.0,1065.7,556.7
SAPDBL,12/23/2024,1024.9,1024.9,986.0,995.0,-1.39,76972.0,1065.7,556.7
SAPDBL,12/24/2024,1005.0,1094.5,1001.0,1070.0,7.54,78040.0,1065.7,556.7
SAPDBL,12/26/2024,1048.6,1048.6,963.0,969.0,-9.44,141371.0,1065.7,556.7
SAPDBL,12/29/2024,950.0,983.9,872.1,872.1,-10.0,108937.0,1065.7,556.7
SAPDBL,12/31/2024,854.7,889.9,788.9,815.4,-6.5,77644.0,1065.7,556.7
SAPDBL,1/1/2025,831.0,877.9,822.0,859.9,5.46,71801.0,1065.7,556.7
SAPDBL,1/2/2025,850.8,945.8,850.8,945.0,9.9,57134.0,1065.7,556.7
SAPDBL,1/5/2025,945.0,1025.0,945.0,970.0,2.65,64962.0,1065.7,556.7
SAPDBL,1/6/2025,989.4,1067.0,971.0,1050.0,8.25,102762.0,1065.7,556.7
SAPDBL,1/7/2025,1069.0,1155.0,1060.0,1155.0,10.0,128189.0,1065.7,556.7
SAPDBL,1/8/2025,1178.0,1270.0,1178.0,1267.0,9.7,102679.0,1065.7,556.7
SAPDBL,1/9/2025,1292.3,1292.3,1143.7,1150.0,-9.23,91084.0,1065.7,556.7
SAPDBL,1/12/2025,1150.0,1195.0,1110.0,1153.0,0.26,54840.0,1065.7,556.7
SAPDBL,1/13/2025,1169.0,1213.0,1136.8,1149.0,-0.35,72485.0,1065.7,556.7
SAPDBL,1/15/2025,1171.9,1240.0,1169.7,1202.8,4.68,53539.0,1065.7,556.7
SAPDBL,1/16/2025,1200.0,1208.0,1167.0,1175.0,-2.31,25103.0,1065.7,556.7
SAPDBL,1/19/2025,1163.0,1221.0,1152.1,1193.0,1.53,61786.0,1065.7,556.7
SAPDBL,1/20/2025,1190.0,1213.0,1150.0,1178.0,-1.26,34804.0,1065.7,556.7
SAPDBL,1/21/2025,1177.0,1295.8,1122.1,1273.0,8.06,182543.0,1065.7,556.7
SAPDBL,1/22/2025,1247.6,1376.6,1175.1,1365.0,7.23,196478.0,1065.7,556.7
SAPDBL,1/23/2025,1390.0,1501.5,1275.0,1500.0,9.89,229032.0,1065.7,556.7
SAPDBL,1/26/2025,1470.0,1622.7,1357.3,1595.0,6.33,277777.0,1065.7,556.7
SAPDBL,1/27/2025,1563.1,1563.1,1435.5,1460.0,-8.46,197438.0,1065.7,556.7
SAPDBL,1/28/2025,1430.8,1572.0,1328.9,1392.4,-4.63,272800.0,1065.7,556.7
SAPDBL,2/2/2025,1364.6,1364.6,1253.2,1278.2,-8.2,277122.0,1065.7,556.7
SAPDBL,2/3/2025,1252.7,1389.9,1205.4,1389.9,8.74,258669.0,1065.7,556.7
SAPDBL,2/4/2025,1362.2,1362.2,1251.0,1251.0,-9.99,47252.0,1065.7,556.7
SAPDBL,2/5/2025,1226.0,1226.0,1161.1,1200.0,-4.08,56472.0,1065.7,556.7
SAPDBL,2/6/2025,1176.0,1232.8,1159.4,1183.2,-1.4,79356.0,1065.7,556.7
SAPDBL,2/9/2025,1159.6,1200.0,1106.0,1106.0,-6.52,129192.0,1065.7,556.7
SAPDBL,2/10/2025,1106.0,1188.0,1106.0,1169.9,5.78,125464.0,1065.7,556.7
SAPDBL,2/11/2025,1169.0,1280.0,1169.0,1269.6,8.52,149501.0,1065.7,556.7
SAPDBL,2/12/2025,1269.6,1364.0,1244.3,1318.0,3.81,154135.0,1065.7,556.7
SAPDBL,2/13/2025,1317.0,1334.1,1241.7,1315.8,-0.17,146535.0,1065.7,556.7
SAPDBL,2/16/2025,1289.5,1437.2,1202.5,1409.0,7.08,149770.0,1065.7,556.7
SAPDBL,2/17/2025,1380.9,1380.9,1268.1,1268.1,-10.0,54767.0,1065.7,556.7
SAPDBL,2/18/2025,1242.8,1242.8,1141.3,1141.3,-10.0,135235.0,1065.7,556.7
SAPDBL,2/20/2025,1118.5,1169.9,1095.0,1132.0,-0.81,50518.0,1065.7,556.7
SAPDBL,2/23/2025,1110.2,1150.9,1087.8,1137.0,0.44,39327.0,1065.7,556.7
SAPDBL,2/24/2025,1138.0,1184.0,1135.0,1140.0,0.26,63355.0,1065.7,556.7
SAPDBL,2/25/2025,1159.0,1172.9,1112.3,1115.0,-2.19,49099.0,1065.7,556.7
SAPDBL,2/27/2025,1137.3,1206.0,1116.2,1137.0,1.97,45138.0,1065.7,556.7
SAPDBL,3/2/2025,1157.0,1234.0,1140.0,1229.0,8.09,93033.0,1065.7,556.7
SAPDBL,3/3/2025,1250.0,1275.0,1244.19,1264.0,2.85,62274.0,1065.7,556.7
SAPDBL,3/4/2025,1265.0,1302.0,1229.9,1270.0,0.47,96214.0,1065.7,556.7
SAPDBL,3/5/2025,1244.7,1287.0,1190.0,1200.0,-5.51,50958.0,1065.7,556.7
SAPDBL,3/6/2025,1220.0,1240.0,1200.0,1225.0,2.08,62828.0,1065.7,556.7
SAPDBL,3/9/2025,1225.0,1256.9,1211.3,1248.9,1.95,61544.0,1065.7,556.7
SAPDBL,3/10/2025,1273.8,1293.3,1210.4,1269.0,1.61,115109.0,1065.7,556.7
SAPDBL,3/11/2025,1243.7,1284.0,1241.0,1242.0,-2.13,37906.0,1065.7,556.7
SAPDBL,3/12/2025,1262.0,1262.0,1190.0,1205.0,-2.98,48743.0,1065.7,556.7
SAPDBL,3/16/2025,1205.1,1210.0,1142.0,1169.9,-2.91,60860.0,1065.7,556.7
SAPDBL,3/17/2025,1190.0,1190.0,1148.0,1175.0,0.44,24622.0,1065.7,556.7
SAPDBL,3/18/2025,1198.5,1198.5,1153.0,1163.0,-1.02,26679.0,1065.7,556.7
SAPDBL,3/19/2025,1144.0,1191.3,1144.0,1180.0,1.46,55525.0,1065.7,556.7
SAPDBL,3/20/2025,1159.0,1199.0,1158.0,1195.58,1.32,36289.0,1065.7,556.7
SAPDBL,3/23/2025,1200.0,1213.0,1154.0,1161.09,-2.88,55708.0,1065.7,556.7
SAPDBL,3/24/2025,1139.1,1167.9,1139.1,1147.86,-1.14,25000.0,1065.7,556.7
SAPDBL,3/25/2025,1133.9,1144.0,1083.0,1089.19,-5.11,56565.0,1065.7,556.7
SAPDBL,3/26/2025,1069.1,1133.1,1069.1,1100.59,1.05,25389.0,1065.7,556.7
SAPDBL,3/27/2025,1080.0,1120.0,1080.0,1098.11,-0.23,50769.0,1065.7,556.7
SAPDBL,3/30/2025,1087.9,1119.0,1078.1,1097.13,-0.09,58002.0,1065.7,556.7
SAPDBL,4/1/2025,1077.1,1113.0,1072.0,1079.26,-1.63,34374.0,1065.7,556.7
SAPDBL,4/2/2025,1065.3,1142.0,1065.3,1115.56,3.36,59384.0,1065.7,556.7
SAPDBL,4/3/2025,1137.8,1153.0,1092.0,1112.48,-0.28,34376.0,1065.7,556.7
SAPDBL,4/7/2025,1110.0,1110.0,1070.0,1071.82,-3.65,22668.0,1065.7,556.7
SAPDBL,4/8/2025,1071.0,1092.0,1065.0,1071.37,-0.04,21621.0,1065.7,556.7
SAPDBL,4/9/2025,1071.0,1100.0,1065.0,1070.22,-0.11,29704.0,1065.7,556.7
SAPDBL,4/10/2025,1060.2,1080.0,1041.9,1047.28,-2.14,38264.0,1065.7,556.7
SAPDBL,4/13/2025,1026.4,1066.9,990.0,1017.85,-2.81,35543.0,1065.7,556.7
SAPDBL,4/15/2025,1020.0,1119.6,1012.0,1119.6,10.0,62139.0,1065.7,556.7
SAPDBL,4/16/2025,1118.0,1225.0,1118.0,1173.65,4.83,73017.0,1065.7,556.7
SAPDBL,4/17/2025,1189.9,1200.0,1135.3,1179.48,0.5,81385.0,1065.7,556.7
SAPDBL,4/20/2025,1155.9,1177.9,1110.0,1120.73,-4.98,43766.0,1065.7,556.7
SAPDBL,4/21/2025,1124.9,1160.0,1120.4,1153.69,2.94,66834.0,1065.7,556.7
SAPDBL,4/22/2025,1130.7,1199.0,1127.0,1154.6,0.08,65146.0,1065.7,556.7
SAPDBL,4/23/2025,1131.6,1160.0,1118.1,1122.21,-2.81,12719.0,1065.7,556.7
SAPDBL,4/24/2025,1143.0,1165.8,1084.9,1089.67,-2.9,29947.0,1065.7,556.7
SAPDBL,4/27/2025,1090.0,1174.6,1013.0,1153.02,5.81,118892.0,1065.7,556.7
SAPDBL,4/28/2025,1131.0,1131.0,1048.0,1055.59,-8.45,50908.0,1065.7,556.7
SAPDBL,4/29/2025,1076.7,1076.7,1021.7,1028.29,-2.59,24476.0,1065.7,556.7
SAPDBL,4/30/2025,1027.0,1046.9,951.0,996.94,-3.05,50163.0,1065.7,556.7
SAPDBL,5/4/2025,1016.8,1037.0,926.5,937.52,-5.96,105773.0,1065.7,556.7
SAPDBL,5/5/2025,955.7,955.7,888.0,899.83,-4.02,50668.0,1065.7,556.7
SAPDBL,5/6/2025,881.9,916.0,830.0,853.46,-5.15,37712.0,1065.7,556.7
SAPDBL,5/7/2025,850.0,923.0,810.2,875.73,2.61,81711.0,1065.7,556.7
SAPDBL,5/8/2025,892.0,892.0,816.0,848.41,-3.12,43160.0,1065.7,556.7
SAPDBL,5/11/2025,832.0,864.0,807.0,813.33,-4.13,43273.0,1065.7,556.7
SAPDBL,5/13/2025,820.0,843.0,785.2,799.29,-1.73,65264.0,1065.7,556.7
SAPDBL,5/14/2025,815.0,820.0,774.2,795.24,-0.51,32386.0,1065.7,556.7
SAPDBL,5/15/2025,780.0,795.6,750.0,753.37,-5.27,42931.0,1065.7,556.7
SAPDBL,5/18/2025,751.2,754.8,709.1,715.48,-5.03,50405.0,1065.7,556.7
SAPDBL,5/19/2025,711.0,787.0,706.3,787.0,10.0,58030.0,1065.7,556.7
SAPDBL,5/20/2025,802.7,865.7,799.0,865.7,10.0,75617.0,1065.7,556.7
SAPDBL,5/21/2025,883.0,952.0,883.0,906.72,4.74,108683.0,1065.7,556.7
SAPDBL,5/22/2025,907.0,931.0,872.1,887.5,-2.12,44837.0,1065.7,556.7
SAPDBL,5/25/2025,870.5,883.0,825.0,842.53,-5.07,58009.0,1065.7,556.7
SAPDBL,5/26/2025,859.3,893.0,836.0,841.69,-0.1,33921.0,1065.7,556.7
SAPDBL,5/27/2025,832.1,916.0,832.1,905.69,7.6,79890.0,1065.7,556.7
SAPDBL,5/28/2025,903.0,992.0,903.0,941.57,3.96,70636.0,1065.7,556.7
SAPDBL,6/2/2025,941.0,1035.7,941.0,1019.86,8.31,132922.0,1065.7,556.7
SAPDBL,6/3/2025,999.5,1018.0,968.0,975.15,-4.38,54400.0,1065.7,556.7
SAPDBL,6/4/2025,994.6,1008.0,955.4,994.4,1.97,55472.0,1065.7,556.7
SAPDBL,6/5/2025,1010.0,1091.0,980.0,1088.85,9.5,187206.0,1065.7,556.7
SAPDBL,6/8/2025,1067.1,1197.7,996.0,1141.26,4.81,232016.0,1065.7,556.7
SAPDBL,6/9/2025,1118.5,1118.5,1027.2,1082.93,-5.11,117295.0,1065.7,556.7
SAPDBL,6/10/2025,1061.3,1148.0,1050.1,1081.66,-0.12,93321.0,1065.7,556.7
SAPDBL,6/11/2025,1060.1,1081.0,1003.0,1029.46,-4.83,69764.0,1065.7,556.7
SAPDBL,6/12/2025,1050.0,1060.0,994.8,1000.95,-2.77,68295.0,1065.7,556.7
SAPDBL,6/15/2025,1001.1,1053.5,995.0,1039.86,3.89,76753.0,1065.7,556.7
SAPDBL,6/16/2025,1060.6,1078.0,990.0,1058.59,1.8,96213.0,1065.7,556.7
SAPDBL,6/17/2025,1037.5,1057.0,1016.8,1030.84,-2.62,26035.0,1065.7,556.7
SAPDBL,6/18/2025,1011.0,1029.0,927.8,954.69,-7.39,81282.0,1065.7,556.7
SAPDBL,6/19/2025,973.0,973.0,873.0,898.38,-5.9,89141.0,1065.7,556.7
SAPDBL,6/22/2025,912.1,976.0,912.1,948.71,5.6,104376.0,1065.7,556.7
SAPDBL,6/23/2025,967.6,967.6,901.0,911.8,-3.89,50535.0,1065.7,556.7
SAPDBL,6/24/2025,913.0,928.0,905.0,910.43,-0.15,31805.0,1065.7,556.7
SAPDBL,6/25/2025,928.6,928.6,910.1,913.63,0.35,18343.0,1065.7,556.7
SAPDBL,6/26/2025,930.0,1004.9,918.0,995.88,9.0,103688.0,1065.7,556.7
SAPDBL,6/29/2025,1015.7,1095.4,1015.7,1095.4,9.99,166986.0,1065.7,556.7
SAPDBL,6/30/2025,1117.3,1204.9,1025.0,1174.33,7.21,232326.0,1065.7,556.7
SAPDBL,7/1/2025,1150.9,1243.9,1058.0,1191.17,1.43,226015.0,1065.7,556.7
SAPDBL,7/2/2025,1167.4,1284.0,1072.1,1222.45,2.63,315332.0,1065.7,556.7
SAPDBL,7/3/2025,1198.1,1198.1,1100.2,1100.2,-10.0,237810.0,1065.7,556.7
SAPDBL,7/6/2025,1078.2,1139.9,1015.3,1093.43,-0.62,155795.0,1065.7,556.7
SAPDBL,7/7/2025,1114.0,1114.0,1048.6,1098.59,0.47,163196.0,1065.7,556.7
SAPDBL,7/8/2025,1098.2,1110.0,1042.1,1083.49,-1.37,54868.0,1065.7,556.7
SAPDBL,7/9/2025,1062.0,1092.9,1055.5,1061.51,-2.03,47046.0,1065.7,556.7
SAPDBL,7/10/2025,1056.1,1126.3,1037.0,1094.5,3.11,186092.0,1065.7,556.7
SAPDBL,7/13/2025,1095.0,1116.0,1060.0,1076.09,-1.68,72197.0,1065.7,556.7
SAPDBL,7/14/2025,1054.6,1137.3,1026.7,1100.55,2.27,113602.0,1065.7,556.7
SAPDBL,7/15/2025,1078.6,1087.0,1040.0,1069.47,-2.82,38206.0,1065.7,556.7
SAPDBL,7/16/2025,1089.0,1089.0,1048.0,1052.91,-1.55,60334.0,1065.7,556.7
SAPDBL,7/17/2025,1045.1,1081.4,1045.0,1052.73,-0.02,103009.0,1065.7,556.7
SAPDBL,7/20/2025,1053.0,1072.0,1027.1,1039.74,-1.23,135018.0,1065.7,556.7
SAPDBL,7/21/2025,1040.0,1043.0,935.8,935.8,-10.0,221301.0,1065.7,556.7
SAPDBL,7/22/2025,917.1,978.0,842.3,922.02,-1.47,187352.0,1065.7,556.7
SAPDBL,7/23/2025,920.0,929.0,861.0,901.11,-2.27,89938.0,1065.7,556.7
SAPDBL,7/24/2025,901.1,910.0,875.0,903.47,0.26,77834.0,1065.7,556.7
SAPDBL,7/27/2025,890.2,902.0,880.0,881.79,-2.4,85643.0,1065.7,556.7
SAPDBL,7/28/2025,881.0,940.0,875.2,922.23,4.59,95538.0,1065.7,556.7
SAPDBL,7/29/2025,940.6,940.6,912.0,921.24,-0.11,45251.0,1065.7,556.7
SAPDBL,7/30/2025,920.0,925.0,908.0,912.96,-0.9,45378.0,1065.7,556.7
SAPDBL,7/31/2025,931.2,1004.2,931.2,1002.99,9.86,187668.0,1065.7,556.7
SAPDBL,8/3/2025,1020.0,1023.0,963.0,965.3,-3.76,64627.0,1065.7,556.7
SAPDBL,8/4/2025,965.0,975.0,925.0,936.17,-3.02,66681.0,1065.7,556.7
SAPDBL,8/5/2025,937.0,957.9,925.0,925.9,-1.1,31857.0,1065.7,556.7
SAPDBL,8/6/2025,927.2,939.8,920.0,924.28,-0.17,24833.0,1065.7,556.7
SAPDBL,8/7/2025,930.0,939.0,876.0,905.96,-1.98,68627.0,1065.7,556.7
SAPDBL,8/11/2025,924.0,924.0,855.6,876.99,-3.2,80646.0,1065.7,556.7
SAPDBL,8/12/2025,877.0,877.0,836.0,840.2,-4.2,75198.0,1065.7,556.7
SAPDBL,8/13/2025,825.0,910.0,825.0,868.17,3.33,67474.0,1065.7,556.7
SAPDBL,8/14/2025,850.9,907.0,826.0,886.91,2.16,110233.0,1065.7,556.7
SAPDBL,8/17/2025,885.0,886.2,850.0,852.8,-3.85,31841.0,1065.7,556.7
SAPDBL,8/18/2025,836.0,880.0,833.0,838.84,-1.64,49893.0,1065.7,556.7
SAPDBL,8/19/2025,822.1,869.8,822.1,862.55,2.83,44782.0,1065.7,556.7
SAPDBL,8/20/2025,845.3,873.0,845.3,852.86,-1.12,26442.0,1065.7,556.7
SAPDBL,8/21/2025,869.0,869.0,836.0,850.16,-0.32,29573.0,1065.7,556.7
SAPDBL,8/24/2025,840.1,866.7,827.3,829.53,-2.43,33173.0,1065.7,556.7
SAPDBL,8/25/2025,829.53,842.6,826.1,831.69,0.26,17301.0,1065.7,556.7
SAPDBL,8/26/2025,844.8,844.8,827.0,830.98,-0.09,10997.0,1065.7,556.7
SAPDBL,8/27/2025,834.0,867.0,829.0,847.84,2.03,45642.0,1065.7,556.7
SAPDBL,8/28/2025,854.0,871.0,845.1,850.29,0.29,42564.0,1065.7,556.7
SAPDBL,8/31/2025,865.0,865.0,830.8,834.09,-1.91,18923.0,1065.7,556.7
SAPDBL,9/1/2025,839.0,845.0,827.2,838.03,0.47,16043.0,1065.7,556.7
SAPDBL,9/2/2025,831.0,846.5,822.0,826.13,-1.42,33633.0,1065.7,556.7
SAPDBL,9/3/2025,820.0,832.0,804.0,809.84,-1.97,24847.0,1065.7,556.7
SAPDBL,9/4/2025,795.0,820.0,782.0,787.35,-2.78,37980.0,1065.7,556.7
SAPDBL,9/7/2025,775.0,800.0,775.0,797.12,1.24,32087.0,1065.7,556.7
SAPDBL,9/8/2025,790.0,799.7,775.0,777.05,-2.52,18587.0,1065.7,556.7
SAPDBL,9/18/2025,761.6,761.6,699.4,699.4,-9.99,5569.0,1065.7,556.7
SAPDBL,9/21/2025,686.0,769.3,686.0,769.3,9.99,86361.0,1065.7,556.7
SAPDBL,9/23/2025,784.6,846.2,784.6,846.2,10.0,43178.0,1065.7,556.7
SAPDBL,9/24/2025,863.1,897.0,825.0,849.0,0.33,61452.0,1065.7,556.7
SAPDBL,9/25/2025,849.0,866.0,811.0,857.9,1.05,69046.0,1065.7,556.7
SAPDBL,9/28/2025,860.0,870.0,845.0,849.1,-1.03,29552.0,1065.7,556.7
SAPDBL,10/7/2025,866.0,866.0,804.5,815.9,-3.91,27297.0,1065.7,556.7
SAPDBL,10/8/2025,831.9,831.9,780.0,805.0,-1.34,40109.0,1065.7,556.7
SAPDBL,10/9/2025,821.0,884.9,821.0,833.0,3.48,51171.0,1065.7,556.7
SAPDBL,10/12/2025,816.4,834.3,800.0,810.0,-2.76,37797.0,1065.7,556.7
SAPDBL,10/13/2025,793.8,848.5,793.8,827.1,2.11,46896.0,1065.7,556.7
SAPDBL,10/14/2025,810.6,841.5,805.1,819.7,-0.89,18920.0,1065.7,556.7
SAPDBL,10/15/2025,834.0,834.0,801.5,808.9,-1.32,21033.0,1065.7,556.7
SAPDBL,10/16/2025,812.0,812.0,790.0,790.0,-2.34,29444.0,1065.7,556.7
SAPDBL,10/19/2025,805.0,805.0,781.1,789.9,-0.01,8138.0,1065.7,556.7
SAPDBL,10/26/2025,775.0,790.0,761.2,789.9,0.0,14480.0,1065.7,556.7
SAPDBL,10/28/2025,796.9,835.0,789.0,832.9,5.44,75279.0,1065.7,556.7
SAPDBL,10/29/2025,816.3,849.5,801.0,822.9,-1.2,42269.0,1065.7,556.7
SAPDBL,10/30/2025,807.5,824.0,800.0,819.0,-0.47,54274.0,1065.7,556.7
SAPDBL,11/2/2025,803.0,832.0,803.0,821.0,0.24,35746.0,1065.7,556.7
SAPDBL,11/3/2025,806.0,829.8,806.0,820.0,-0.12,40443.0,1065.7,556.7
SAPDBL,11/4/2025,807.0,829.9,807.0,809.0,-1.34,23645.0,1065.7,556.7
SAPDBL,11/5/2025,809.1,819.8,800.0,804.0,-0.62,23082.0,1065.7,556.7
SAPDBL,11/6/2025,820.0,820.0,800.1,812.8,1.09,14327.0,1065.7,556.7
SAPDBL,11/9/2025,812.8,813.0,795.1,797.1,-1.93,33102.0,1065.7,556.7
SAPDBL,11/10/2025,790.0,801.0,789.0,790.0,-0.89,14985.0,1065.7,556.7
SAPDBL,11/11/2025,803.0,803.0,783.0,786.9,-0.39,21018.0,1065.7,556.7
SAPDBL,11/12/2025,775.0,810.0,775.0,791.0,0.52,33472.0,1065.7,556.7
SAPDBL,11/13/2025,794.0,805.0,790.0,792.0,0.13,18872.0,1065.7,556.7
SAPDBL,11/16/2025,790.0,799.9,783.0,783.1,-1.12,6855.0,1065.7,556.7
SAPDBL,11/17/2025,771.0,839.9,771.0,825.0,5.35,87906.0,1065.7,556.7
SAPDBL,11/18/2025,830.0,861.9,825.0,830.0,0.61,73084.0,1065.7,556.7
SAPDBL,11/19/2025,815.0,840.0,810.1,825.0,-0.6,33226.0,1065.7,556.7
SAPDBL,11/20/2025,825.0,888.6,810.0,888.6,7.71,204209.0,1065.7,556.7
SAPDBL,11/23/2025,870.9,871.0,822.0,848.9,-4.47,84338.0,1065.7,556.7
SAPDBL,11/24/2025,832.0,848.5,831.0,836.0,-1.52,45641.0,1065.7,556.7
SAPDBL,11/25/2025,825.0,851.0,825.0,844.0,0.96,31276.0,1065.7,556.7
SAPDBL,11/26/2025,844.0,892.0,830.5,847.9,0.46,40236.0,1065.7,556.7
SAPDBL,11/27/2025,831.0,847.6,820.0,834.9,-1.53,32543.0,1065.7,556.7
SAPDBL,11/30/2025,827.0,840.0,804.0,809.5,-3.04,45099.0,1065.7,556.7
SAPDBL,12/1/2025,795.0,821.0,795.0,818.8,1.15,29615.0,1065.7,556.7
SAPDBL,12/2/2025,810.0,833.0,807.1,829.0,1.25,23095.0,1065.7,556.7
SAPDBL,12/3/2025,815.5,835.0,809.0,810.1,-2.28,18937.0,1065.7,556.7
SAPDBL,12/7/2025,811.0,820.0,796.0,807.9,-0.27,28376.0,1065.7,556.7
SAPDBL,12/8/2025,793.0,823.3,793.0,799.3,-1.06,23310.0,1065.7,556.7
SAPDBL,12/9/2025,810.0,812.5,802.0,802.7,0.43,20754.0,1065.7,556.7
SAPDBL,12/10/2025,800.0,828.1,800.0,819.9,2.14,36135.0,1065.7,556.7
SAPDBL,12/11/2025,836.2,836.2,804.0,808.0,-1.45,15418.0,1065.7,556.7
SAPDBL,12/14/2025,824.1,824.1,795.1,800.0,-0.99,21026.0,1065.7,556.7
SAPDBL,12/15/2025,796.0,808.9,796.0,803.0,0.37,18712.0,1065.7,556.7
SAPDBL,12/16/2025,798.0,807.0,793.0,799.9,-0.39,16034.0,1065.7,556.7
SAPDBL,12/17/2025,810.0,815.0,793.0,813.9,1.75,35522.0,1065.7,556.7
SAPDBL,12/18/2025,797.7,873.0,797.7,850.0,4.44,127878.0,1065.7,556.7
SAPDBL,12/21/2025,837.1,837.1,791.0,810.9,-4.6,66756.0,1065.7,556.7
SAPDBL,12/22/2025,799.0,808.5,795.2,805.0,-0.73,26531.0,1065.7,556.7
SAPDBL,12/23/2025,809.0,810.0,797.0,808.0,0.37,17051.0,1065.7,556.7
SAPDBL,12/24/2025,804.5,804.5,793.0,793.1,-1.84,23627.0,1065.7,556.7
SAPDBL,12/28/2025,807.0,807.8,795.1,801.5,1.06,18900.0,1065.7,556.7
SAPDBL,12/29/2025,817.5,855.0,817.5,853.9,6.54,121253.0,1065.7,556.7
SAPDBL,12/31/2025,845.0,875.0,840.0,855.0,0.13,79629.0,1065.7,556.7
SAPDBL,1/1/2026,837.9,891.4,830.0,890.0,4.09,65564.0,1065.7,556.7
SAPDBL,1/4/2026,872.2,872.2,850.0,861.9,-3.16,57603.0,1065.7,556.7
SAPDBL,1/5/2026,844.7,859.7,840.4,840.4,-2.49,30786.0,1065.7,556.7
SAPDBL,1/6/2026,834.0,852.0,833.0,846.0,0.67,29672.0,1065.7,556.7
SAPDBL,1/7/2026,829.1,850.0,829.1,834.0,-1.42,20483.0,1065.7,556.7
SAPDBL,1/8/2026,823.0,839.3,817.5,829.8,-0.5,23449.0,1065.7,556.7
SAPDBL,1/12/2026,816.1,833.0,814.1,829.8,0.0,29581.0,1065.7,556.7
SAPDBL,1/13/2026,814.0,829.5,813.0,829.5,-0.04,35643.0,1065.7,556.7
SAPDBL,1/14/2026,840.0,848.0,816.1,848.0,2.23,48714.0,1065.7,556.7
SAPDBL,1/18/2026,860.0,894.7,827.0,853.7,0.67,148640.0,1065.7,556.7
SAPDBL,1/20/2026,840.0,847.0,820.0,838.6,-1.77,96700.0,1065.7,556.7
SAPDBL,1/21/2026,832.0,840.0,821.9,828.4,-1.22,28870.0,1065.7,556.7
SAPDBL,1/22/2026,811.9,831.0,811.9,823.0,-0.65,36296.0,1065.7,556.7
SAPDBL,1/25/2026,825.1,841.7,825.0,829.0,0.73,55063.0,1065.7,556.7
SAPDBL,1/26/2026,830.1,911.9,830.0,911.9,10.0,288835.0,1065.7,556.7
SAPDBL,1/27/2026,930.1,1003.0,930.1,990.0,8.56,234507.0,1065.7,556.7
SAPDBL,1/28/2026,1009.0,1025.0,941.0,970.0,-2.02,117246.0,1065.7,556.7
SAPDBL,1/29/2026,951.0,973.0,873.0,873.0,-10.0,309166.0,1065.7,556.7
SAPDBL,2/1/2026,860.0,887.0,846.0,884.9,1.36,118386.0,1065.7,556.7
SAPDBL,2/2/2026,867.3,940.0,867.3,900.0,1.71,69646.0,1065.7,556.7
SAPDBL,2/3/2026,900.0,917.0,884.0,888.0,-1.33,60137.0,1065.7,556.7
SAPDBL,2/4/2026,876.0,903.9,870.0,887.0,-0.11,52918.0,1065.7,556.7
SAPDBL,2/5/2026,869.3,900.0,863.0,870.0,-1.92,51021.0,1065.7,556.7
SAPDBL,2/8/2026,861.1,887.0,855.0,864.0,-0.69,71754.0,1065.7,556.7
SAPDBL,2/9/2026,846.8,880.0,808.5,832.1,-3.69,92201.0,1065.7,556.7
SAPDBL,2/10/2026,815.5,847.0,799.2,818.0,-1.69,129281.0,1065.7,556.7
SAPDBL,2/11/2026,805.0,833.9,805.0,813.5,-0.55,43003.0,1065.7,556.7
SAPDBL,2/12/2026,819.0,839.8,800.1,828.0,1.78,50841.0,1065.7,556.7
SAPDBL,2/16/2026,820.0,834.4,815.0,817.0,-1.33,28126.0,1065.7,556.7
SAPDBL,2/17/2026,810.0,820.0,805.0,814.0,-0.37,26650.0,1065.7,556.7
SAPDBL,2/22/2026,807.0,822.0,801.0,809.0,-0.61,16160.0,1065.7,556.7
SAPDBL,2/23/2026,801.1,828.0,801.1,809.5,0.06,58616.0,1065.7,556.7
SAPDBL,2/24/2026,801.2,820.0,801.2,819.0,1.17,11274.0,1065.7,556.7
SAPDBL,2/25/2026,805.0,832.9,805.0,821.7,0.33,17711.0,1065.7,556.7
SAPDBL,2/26/2026,810.0,826.2,810.0,814.0,-0.94,23179.0,1065.7,556.7
SAPDBL,2/27/2026,810.0,826.2,810.0,814.0,0.0,23179.0,1065.7,556.7
SAPDBL,2/28/2026,810.0,826.2,810.0,814.0,0.0,23179.0,1065.7,556.7
SAPDBL,3/2/2026,808.0,820.0,808.0,814.0,0.0,35822.0,1065.7,556.7
SAPDBL,3/3/2026,807.2,825.5,807.0,823.0,1.11,19475.0,1065.7,556.7
SAPDBL,3/4/2026,807.2,825.5,807.0,823.0,0.0,19475.0,1065.7,556.7
SAPDBL,3/5/2026,807.2,825.5,807.0,823.0,0.0,19475.0,1065.7,556.7
SAPDBL,3/6/2026,807.2,825.5,807.0,823.0,0.0,19475.0,1065.7,556.7
SAPDBL,3/7/2026,807.2,825.5,807.0,823.0,0.0,19475.0,1065.7,556.7
SAPDBL,3/8/2026,807.2,825.5,807.0,823.0,0.0,19475.0,1065.7,556.7
SAPDBL,3/9/2026,839.4,905.3,839.4,890.0,8.14,420.0,1065.7,556.7
SAPDBL,3/10/2026,890.0,890.0,830.1,858.5,-3.54,64559.0,1065.7,556.7
SAPDBL,3/11/2026,858.5,860.0,830.0,835.0,-2.74,30304.0,1065.7,556.7
SAPDBL,3/12/2026,851.7,851.7,821.0,832.0,-0.36,34460.0,1065.7,556.7
SAPDBL,3/13/2026,851.7,851.7,821.0,832.0,0.0,34460.0,1065.7,556.7
SAPDBL,3/14/2026,851.7,851.7,821.0,832.0,0.0,34460.0,1065.7,556.7
SAPDBL,3/15/2026,840.0,840.0,830.0,831.0,-0.12,26212.0,1065.7,556.7
SAPDBL,3/16/2026,831.0,860.0,822.0,853.0,2.65,61546.0,1065.7,556.7
SAPDBL,3/17/2026,870.0,888.0,855.0,877.6,2.88,100660.0,1065.7,556.7
SAPDBL,3/18/2026,870.0,888.0,855.0,877.6,0.0,100660.0,1065.7,556.7
SAPDBL,3/19/2026,860.1,913.0,860.1,905.0,3.12,124346.0,1065.7,556.7
SAPDBL,3/20/2026,860.1,913.0,860.1,905.0,0.0,124346.0,1065.7,556.7
SAPDBL,3/21/2026,860.1,913.0,860.1,905.0,0.0,124346.0,1065.7,556.7
SAPDBL,3/22/2026,886.9,947.9,886.9,938.7,3.72,123606.0,1065.7,556.7
SAPDBL,3/23/2026,920.0,936.0,902.0,913.0,-2.74,81418.0,1065.7,556.7
SAPDBL,3/24/2026,912.0,930.0,897.7,915.0,0.22,63409.0,1065.7,556.7
SAPDBL,3/25/2026,917.0,983.2,912.0,933.3,2.0,74673.0,1065.7,556.7
SAPDBL,3/26/2026,935.0,1026.6,902.0,927.9,-0.76,97018.0,1065.7,556.7
SAPDBL,3/29/2026,946.4,954.6,918.0,954.5,0.86,144532.0,1065.7,556.7
SAPDBL,3/30/2026,950.0,1048.3,893.8,1048.3,10.35,226294.0,1065.7,556.7
SAPDBL,3/31/2026,1027.4,1027.4,943.5,954.4,-7.11,102523.0,1065.7,556.7
SAPDBL,4/1/2026,950.0,950.0,864.4,884.9,-6.85,70390.0,1065.7,556.7
SAPDBL,4/2/2026,882.0,950.6,837.0,950.6,7.78,96914.0,1065.7,556.7
SAPDBL,4/5/2026,931.6,931.6,855.6,855.6,-8.16,49649.0,1065.7,556.7
SAPDBL,4/6/2026,839.0,917.0,823.2,866.0,3.22,85689.0,1065.7,556.7
SAPDBL,4/7/2026,880.0,880.0,848.0,866.9,-1.49,20680.0,1065.7,556.7
SAPDBL,4/8/2026,850.0,892.0,850.0,889.9,4.69,30445.0,1065.7,556.7
SAPDBL,4/9/2026,872.2,900.0,866.2,894.9,2.6,42835.0,1065.7,556.7
SAPDBL,4/10/2026,894.9,895.0,869.0,879.0,-1.78,42074.0,1065.7,556.7
SAPDBL,4/13/2026,870.0,875.0,837.9,858.0,-1.38,36312.0,1065.7,556.7
SAPDBL,4/15/2026,858.0,874.0,846.1,869.7,1.36,34141.0,1065.7,556.7
SAPDBL,4/16/2026,866.0,914.4,855.0,874.8,1.02,20493.0,1065.7,556.7
SAPDBL,4/17/2026,857.5,870.0,850.1,857.0,-0.06,19083.0,1065.7,556.7
SAPDBL,4/20/2026,899.8,945.2,845.0,877.0,-2.53,63287.0,1065.7,556.7
SAPDBL,4/21/2026,853.0,886.0,827.5,849.0,-0.47,62121.0,1065.7,556.7
SAPDBL,4/22/2026,849.0,854.9,823.0,825.0,-2.83,88888.0,1065.7,556.7
SAPDBL,4/23/2026,826.0,840.0,802.0,820.0,-0.73,53398.0,1065.7,556.7
SAPDBL,4/24/2026,830.0,830.0,798.0,803.0,-3.25,72164.0,1065.7,556.7
SAPDBL,4/27/2026,803.0,848.0,795.0,838.0,4.36,68300.0,1065.7,556.7
SAPDBL,4/28/2026,838.0,864.0,838.0,838.0,0.0,50205.0,1065.7,556.7
SAPDBL,4/29/2026,838.0,951.5,820.9,831.8,-0.74,80870.0,1065.7,556.7
SAPDBL,4/30/2026,791.0,835.0,791.0,815.0,3.03,52986.0,1065.7,556.7
SAPDBL,5/4/2026,815.0,815.0,791.0,796.0,-2.33,34039.0,1065.7,556.7
SAPDBL,5/5/2026,785.0,807.0,785.0,799.9,1.9,18388.0,1065.7,556.7
SAPDBL,5/6/2026,795.0,800.0,780.1,780.1,-1.87,22188.0,1065.7,556.7
SAPDBL,5/7/2026,781.0,789.6,775.0,777.0,-0.51,8347.0,1065.7,556.7
SAPDBL,5/8/2026,788.0,790.0,775.0,784.0,-0.51,16211.0,1065.7,556.7
SAPDBL,5/11/2026,797.8,810.0,797.8,805.1,0.92,14072.0,1065.7,556.7
SAPDBL,5/12/2026,808.1,815.0,790.1,791.0,-2.12,15232.0,1065.7,556.7
SAPDBL,5/13/2026,785.0,794.0,779.0,781.0,-0.51,15928.0,1065.7,556.7
SAPDBL,5/14/2026,782.1,796.0,773.2,775.0,-0.91,10868.0,1065.7,556.7
SAPDBL,5/15/2026,776.1,794.0,775.0,779.0,0.37,7535.0,1065.7,556.7
SAPDBL,5/18/2026,782.0,794.9,775.1,780.0,-0.26,6435.0,1065.7,556.7
SAPDBL,5/19/2026,771.1,791.0,771.1,784.0,1.67,15151.0,1065.7,556.7
SAPDBL,5/20/2026,771.4,810.0,771.4,799.0,3.58,13543.0,1065.7,556.7
SAPDBL,5/21/2026,801.0,820.0,787.0,794.5,-0.81,21148.0,1065.7,556.7
SAPDBL,5/22/2026,783.0,804.0,783.0,802.9,2.54,12819.0,1065.7,556.7
SAPDBL,5/25/2026,795.0,814.9,795.0,804.2,1.16,19362.0,1065.7,556.7
SAPDBL,5/26/2026,804.0,808.7,785.0,792.0,-1.49,6441.0,1065.7,556.7
SAPDBL,5/27/2026,780.6,810.1,780.6,808.3,3.55,27880.0,1065.7,556.7
SAPDBL,6/1/2026,786.1,823.0,786.0,798.0,1.51,17383.0,1065.7,556.7
SAPDBL,6/2/2026,810.0,810.0,787.1,803.8,-0.77,13491.0,1065.7,556.7
SAPDBL,6/3/2026,808.0,815.0,789.0,809.0,0.12,18445.0,1065.7,556.7
SAPDBL,6/4/2026,795.0,894.0,795.0,830.5,4.47,170863.0,1065.7,556.7
SAPDBL,6/5/2026,872.0,875.0,846.5,848.0,-2.75,66426.0,1065.7,556.7
SAPDBL,6/8/2026,890.0,890.0,816.0,829.0,-6.85,37248.0,1065.7,556.7
SAPDBL,6/9/2026,870.4,950.0,809.2,920.0,5.7,102078.0,1065.7,556.7
SAPDBL,6/10/2026,874.0,1038.0,800.0,1015.0,16.13,234489.0,1065.7,556.7
SAPDBL,6/11/2026,1065.7,1065.7,862.8,877.9,-17.62,123235.0,1065.7,556.7
SAPDBL,6/12/2026,860.0,939.9,826.0,839.0,-2.44,40423.0,1065.7,556.7
SAPDBL,6/15/2026,833.7,845.0,818.0,840.0,0.76,35490.0,1065.7,556.7
SAPDBL,6/16/2026,830.0,830.0,805.0,822.9,-0.86,22262.0,1065.7,556.7
SAPDBL,6/17/2026,810.0,834.0,810.0,825.0,1.85,19193.0,1065.7,556.7
SAPDBL,6/18/2026,810.0,830.0,802.1,807.0,-0.37,18433.0,1065.7,556.7
SAPDBL,6/19/2026,820.0,820.0,800.1,819.9,-0.01,15380.0,1065.7,556.7
SAPDBL,6/22/2026,810.0,895.3,800.0,879.9,8.63,45910.0,1065.7,556.7
SAPDBL,6/23/2026,836.0,910.0,811.0,839.8,0.45,36332.0,1065.7,556.7
SAPDBL,6/24/2026,830.0,940.0,776.0,854.9,3.0,134189.0,1065.7,556.7
SAPDBL,6/26/2026,854.1,854.1,795.0,814.0,-4.7,103495.0,1065.7,556.7
SAPDBL,6/29/2026,854.7,854.7,777.0,798.0,-6.63,10329.0,1065.7,556.7
SAPDBL,6/30/2026,780.0,915.0,780.0,786.3,0.81,30782.0,1065.7,556.7
SAPDBL,7/1/2026,825.0,825.0,772.0,789.0,-4.36,12900.0,1065.7,556.7
SAPDBL,7/2/2026,789.0,796.9,782.0,786.5,-0.32,17249.0,1065.7,556.7
SAPDBL,7/3/2026,785.0,799.0,782.0,782.0,-0.38,13244.0,1065.7,556.7
SAPDBL,7/6/2026,821.1,821.1,770.0,775.1,-5.6,11713.0,1065.7,556.7
SAPDBL,7/7/2026,773.0,796.0,773.0,786.0,1.68,15386.0,1065.7,556.7
SAPDBL,7/8/2026,820.0,820.0,770.0,778.0,-5.12,8941.0,1065.7,556.7
SAPDBL,7/9/2026,770.5,780.0,769.5,769.5,-0.13,9473.0,1065.7,556.7
SAPDBL,7/10/2026,765.0,780.0,760.0,763.0,-0.26,11763.0,1065.7,556.7
SAPDBL,7/13/2026,775.0,775.0,735.0,735.0,-5.16,31862.0,1065.7,556.7
SAPDBL,7/14/2026,698.3,739.9,698.3,720.0,3.11,29571.0,1065.7,556.7
SAPDBL,7/15/2026,708.0,741.0,708.0,733.0,3.53,8980.0,1065.7,556.7
SAPDBL,7/16/2026,720.1,754.8,720.1,730.1,1.39,17409.0,1065.7,556.7
SAPDBL,7/17/2026,766.6,771.0,717.0,770.7,0.53,14186.0,1065.7,556.7
SAPDBL,7/20/2026,732.2,800.0,732.2,797.0,8.85,18862.0,1065.7,556.7
SAPDBL,7/21/2026,800.0,805.0,776.0,790.0,-1.25,18231.0,1065.7,556.7
SAPDBL,7/22/2026,750.5,811.0,750.5,794.5,5.86,15003.0,1065.7,556.7
SAPDBL,7/23/2026,754.8,796.1,754.8,791.5,4.86,27409.0,1065.7,556.7
SAPDBL,7/24/2026,752.0,818.9,752.0,806.0,7.18,41139.0,1065.7,556.7
SAPDBL,7/27/2026,845.0,845.0,798.0,810.0,-4.14,35966.0,1065.7,556.7
SAPDBL,7/28/2026,792.5,829.8,792.5,816.0,2.97,28841.0,1065.7,556.7
SAPDBL,7/29/2026,818.0,835.0,806.4,828.0,1.22,66416.0,1065.7,556.7
SAPDBL,7/30/2026,838.0,845.0,822.0,839.9,0.23,49040.0,1065.7,556.7
SAPDBL,7/31/2026,798.0,940.0,798.0,858.9,7.63,47605.0,1065.7,556.7
SAPDBL,8/3/2026,840.0,960.0,805.0,960.0,14.29,208760.0,1065.7,556.7
SAPDBL,8/4/2026,912.0,912.0,831.1,831.1,-8.87,23862.0,1065.7,556.7
SAPDBL,8/5/2026,856.0,856.0,806.3,818.9,-4.33,25175.0,1065.7,556.7
SAPDBL,8/6/2026,818.9,818.9,809.1,817.0,-0.23,18015.0,1065.7,556.7
SAPDBL,8/7/2026,800.0,840.0,800.0,839.9,4.99,24319.0,1065.7,556.7
SAPDBL,8/10/2026,825.0,935.0,777.0,835.0,1.21,116158.0,1065.7,556.7
SAPDBL,8/11/2026,835.0,835.0,786.0,802.0,-3.95,51797.0,1065.7,556.7
SAPDBL,8/12/2026,800.0,805.0,790.0,791.3,-1.09,14082.0,1065.7,556.7
SAPDBL,8/13/2026,790.0,799.9,785.0,799.9,1.25,20299.0,1065.7,556.7
SAPDBL,8/14/2026,823.0,823.0,775.0,787.8,-4.28,41272.0,1065.7,556.7
SAPDBL,8/17/2026,773.0,790.0,765.0,782.0,1.16,25645.0,1065.7,556.7
SAPDBL,8/18/2026,782.0,782.0,730.0,730.0,-6.65,89946.0,1065.7,556.7
SAPDBL,8/19/2026,700.0,750.0,700.0,743.0,6.14,35089.0,1065.7,556.7
SAPDBL,8/20/2026,740.0,740.0,710.0,713.9,-3.53,36671.0,1065.7,556.7
SAPDBL,8/21/2026,680.0,724.0,680.0,699.0,2.79,40340.0,1065.7,556.7
SAPDBL,8/24/2026,664.1,725.0,664.1,699.9,5.39,9409.0,1065.7,556.7
SAPDBL,8/25/2026,691.0,700.0,691.0,699.0,1.16,12790.0,1065.7,556.7
SAPDBL,8/26/2026,685.0,715.0,673.0,694.0,1.31,18766.0,1065.7,556.7
SAPDBL,8/27/2026,673.2,770.0,660.0,720.0,6.95,26834.0,1065.7,556.7
SAPDBL,8/31/2026,715.0,730.0,700.6,705.9,-1.27,7498.0,1065.7,556.7
SAPDBL,9/1/2026,705.0,711.0,690.0,706.8,0.26,11472.0,1065.7,556.7
SAPDBL,9/2/2026,693.1,708.0,691.0,696.0,0.42,3972.0,1065.7,556.7
SAPDBL,9/3/2026,662.0,716.0,662.0,689.0,4.08,19590.0,1065.7,556.7
SAPDBL,9/7/2026,689.0,691.0,676.0,682.0,-1.02,14377.0,1065.7,556.7
SAPDBL,9/9/2026,683.0,683.0,612.0,632.0,-7.47,51465.0,1065.7,556.7
SAPDBL,9/10/2026,644.9,644.9,595.7,629.5,-2.39,22444.0,1065.7,556.7
SAPDBL,9/11/2026,611.0,648.0,611.0,635.0,3.93,24118.0,1065.7,556.7
SAPDBL,9/14/2026,603.3,639.9,603.3,630.0,4.43,53757.0,1065.7,556.7
SAPDBL,9/15/2026,650.0,656.0,631.0,642.0,-1.23,21851.0,1065.7,556.7
SAPDBL,9/16/2026,626.0,649.7,626.0,649.7,3.79,34983.0,1065.7,556.7
SAPDBL,9/17/2026,631.3,649.8,620.8,639.9,1.36,18627.0,1065.7,556.7
SAPDBL,9/18/2026,670.0,670.0,620.0,626.0,-6.57,21445.0,1065.7,556.7
SAPDBL,9/22/2026,636.0,641.9,620.0,628.0,-1.26,12403.0,1065.7,556.7
SAPDBL,9/23/2026,659.0,659.0,605.0,606.0,-8.04,35114.0,1065.7,556.7
SAPDBL,9/24/2026,612.0,617.0,600.0,605.0,-1.14,13985.0,1065.7,556.7
SAPDBL,9/28/2026,635.2,635.2,587.0,590.0,-7.12,26102.0,1065.7,556.7
SAPDBL,9/29/2026,619.5,619.5,575.3,0.0,-100.0,19268.0,1065.7,556.7
SAPDBL,9/30/2026,556.7,612.0,556.7,590.2,6.02,19285.0,1065.7,556.7
SAPDBL,10/1/2026,619.7,619.7,588.0,600.0,-3.18,10277.0,1065.7,556.7
SAPDBL,10/2/2026,594.0,625.0,591.0,597.5,0.59,24472.0,1065.7,556.7
SAPIL,8/13/2026,300.0,345.0,300.0,345.0,15.0,70.0,1604.0,300.0
SAPIL,8/14/2026,348.4,396.7,348.4,396.7,13.86,60.0,1604.0,300.0
SAPIL,8/17/2026,404.2,456.2,404.2,456.2,12.86,160.0,1604.0,300.0
SAPIL,8/18/2026,456.5,524.6,456.5,524.6,14.92,150.0,1604.0,300.0
SAPIL,8/19/2026,537.7,603.2,537.7,603.2,12.18,190.0,1604.0,300.0
SAPIL,8/20/2026,621.2,693.6,621.2,693.6,11.65,180.0,1604.0,300.0
SAPIL,8/21/2026,714.4,797.6,714.4,797.6,11.65,400.0,1604.0,300.0
SAPIL,8/24/2026,837.0,917.2,837.0,917.2,9.58,960.0,1604.0,300.0
SAPIL,8/25/2026,917.0,1054.7,917.0,1054.7,15.02,1420.0,1604.0,300.0
SAPIL,8/26/2026,1055.0,1212.9,1055.0,1212.9,14.97,1820.0,1604.0,300.0
SAPIL,8/27/2026,1273.5,1394.8,1273.5,1394.8,9.52,4690.0,1604.0,300.0
SAPIL,8/31/2026,1464.5,1604.0,1276.0,1276.0,-12.87,115467.0,1604.0,300.0
SAPIL,9/1/2026,1250.0,1340.0,1238.0,1253.0,0.24,51350.0,1604.0,300.0
SAPIL,9/2/2026,1238.0,1270.0,1221.2,1230.0,-0.65,26980.0,1604.0,300.0
SAPIL,9/3/2026,1220.0,1228.0,1175.0,1210.0,-0.82,34865.0,1604.0,300.0
SAPIL,9/7/2026,1204.8,1255.0,1186.5,1245.0,3.34,24421.0,1604.0,300.0
SAPIL,9/9/2026,1245.0,1275.0,1226.0,1240.0,-0.4,22815.0,1604.0,300.0
SAPIL,9/10/2026,1180.0,1277.0,1180.0,1268.0,7.46,41352.0,1604.0,300.0
SAPIL,9/11/2026,1204.6,1375.0,1204.6,1370.0,13.73,53992.0,1604.0,300.0
SAPIL,9/14/2026,1400.0,1498.0,1370.0,1444.0,3.14,43535.0,1604.0,300.0
SAPIL,9/15/2026,1487.3,1516.1,1370.0,1420.0,-4.52,36823.0,1604.0,300.0
SAPIL,9/16/2026,1389.0,1410.0,1365.0,1400.0,0.79,21458.0,1604.0,300.0
SAPIL,9/17/2026,1400.0,1469.8,1361.0,1389.8,-0.73,20802.0,1604.0,300.0
SAPIL,9/18/2026,1449.9,1449.9,1366.0,1387.0,-4.34,14961.0,1604.0,300.0
SAPIL,9/22/2026,1366.0,1398.0,1350.0,1357.3,-0.64,20495.0,1604.0,300.0
SAPIL,9/23/2026,1357.0,1369.0,1309.0,1333.0,-1.77,25003.0,1604.0,300.0
SAPIL,9/24/2026,1333.0,1360.0,1313.2,1348.9,1.19,20286.0,1604.0,300.0
SAPIL,9/28/2026,1338.1,1359.5,1327.0,1335.0,-0.23,19812.0,1604.0,300.0
SAPIL,9/29/2026,1200.0,1286.0,1200.0,0.0,-100.0,14979.0,1604.0,300.0
SAPIL,9/30/2026,1225.5,1328.7,1225.5,1300.0,6.08,13758.0,1604.0,300.0
SAPIL,10/1/2026,1280.0,1317.0,1226.0,1279.0,-0.08,42121.0,1604.0,300.0
SAPIL,10/2/2026,1240.0,1307.0,1210.1,1226.0,-1.13,12113.0,1604.0,300.0
SARBTM,12/21/2025,886.9,886.9,871.0,884.0,,8968.0,942.4,750.0
SARBTM,12/22/2025,871.3,880.0,861.0,869.0,-1.7,22506.0,942.4,750.0
SARBTM,12/23/2025,855.0,870.0,853.0,869.0,0.0,9700.0,942.4,750.0
SARBTM,12/24/2025,854.2,870.0,854.2,865.0,-0.46,6176.0,942.4,750.0
SARBTM,12/28/2025,878.0,899.1,871.1,899.1,3.94,33723.0,942.4,750.0
SARBTM,12/29/2025,900.0,905.0,890.0,896.5,-0.29,23593.0,942.4,750.0
SARBTM,12/31/2025,907.8,907.8,893.0,898.0,0.17,26238.0,942.4,750.0
SARBTM,1/1/2026,900.0,906.0,875.2,875.3,-2.53,27665.0,942.4,750.0
SARBTM,1/4/2026,880.0,892.0,872.1,880.0,0.54,11510.0,942.4,750.0
SARBTM,1/5/2026,897.6,904.0,880.0,899.0,2.16,66720.0,942.4,750.0
SARBTM,1/6/2026,905.0,905.0,885.1,889.0,-1.11,26235.0,942.4,750.0
SARBTM,1/7/2026,906.7,906.7,881.0,883.0,-0.67,12484.0,942.4,750.0
SARBTM,1/8/2026,881.0,890.0,875.0,877.1,-0.67,21397.0,942.4,750.0
SARBTM,1/12/2026,892.9,893.1,875.3,880.0,0.33,15154.0,942.4,750.0
SARBTM,1/13/2026,880.0,888.0,873.0,875.1,-0.56,20838.0,942.4,750.0
SARBTM,1/14/2026,875.0,884.4,867.1,874.0,-0.13,33701.0,942.4,750.0
SARBTM,1/18/2026,876.1,885.0,875.0,880.0,0.69,32902.0,942.4,750.0
SARBTM,1/20/2026,896.6,900.0,880.0,894.0,1.59,66106.0,942.4,750.0
SARBTM,1/21/2026,911.8,911.8,881.0,882.6,-1.28,30795.0,942.4,750.0
SARBTM,1/22/2026,881.0,890.0,878.2,878.6,-0.45,40636.0,942.4,750.0
SARBTM,1/25/2026,885.0,904.0,884.0,904.0,2.89,64106.0,942.4,750.0
SARBTM,1/26/2026,900.0,905.9,887.5,890.0,-1.55,26267.0,942.4,750.0
SARBTM,1/27/2026,895.0,900.0,877.0,877.3,-1.43,28165.0,942.4,750.0
SARBTM,1/28/2026,894.0,894.5,871.0,880.0,0.31,33397.0,942.4,750.0
SARBTM,1/29/2026,880.0,885.0,873.0,879.9,-0.01,16284.0,942.4,750.0
SARBTM,2/1/2026,888.0,888.0,863.0,874.5,-0.61,35687.0,942.4,750.0
SARBTM,2/2/2026,863.1,890.0,863.1,863.4,-1.27,37022.0,942.4,750.0
SARBTM,2/3/2026,870.0,874.0,854.0,866.9,0.41,45042.0,942.4,750.0
SARBTM,2/4/2026,866.9,877.9,862.0,871.0,0.47,21563.0,942.4,750.0
SARBTM,2/5/2026,865.0,879.0,863.1,879.0,0.92,11588.0,942.4,750.0
SARBTM,2/8/2026,879.0,890.0,872.0,872.0,-0.8,18393.0,942.4,750.0
SARBTM,2/9/2026,885.9,885.9,861.6,866.9,-0.58,6653.0,942.4,750.0
SARBTM,2/10/2026,861.5,872.0,859.0,868.0,0.13,17607.0,942.4,750.0
SARBTM,2/11/2026,879.0,879.0,861.6,861.6,-0.74,29651.0,942.4,750.0
SARBTM,2/12/2026,863.0,870.0,862.0,868.0,0.74,24076.0,942.4,750.0
SARBTM,2/16/2026,870.0,874.0,863.0,866.0,-0.23,11620.0,942.4,750.0
SARBTM,2/17/2026,870.0,870.0,856.8,857.1,-1.03,40019.0,942.4,750.0
SARBTM,2/22/2026,851.0,863.9,851.0,855.8,-0.15,21478.0,942.4,750.0
SARBTM,2/23/2026,855.8,865.0,851.0,864.4,1.0,8594.0,942.4,750.0
SARBTM,2/24/2026,864.0,865.9,858.0,863.0,-0.16,12124.0,942.4,750.0
SARBTM,2/25/2026,863.0,872.0,850.1,863.0,0.0,19176.0,942.4,750.0
SARBTM,2/26/2026,874.9,877.0,863.0,866.1,0.36,8653.0,942.4,750.0
SARBTM,2/27/2026,874.9,877.0,863.0,866.1,0.0,8653.0,942.4,750.0
SARBTM,2/28/2026,874.9,877.0,863.0,866.1,0.0,8653.0,942.4,750.0
SARBTM,3/2/2026,860.0,880.0,850.0,880.0,1.6,11225.0,942.4,750.0
SARBTM,3/3/2026,897.6,897.6,864.0,889.0,1.02,25689.0,942.4,750.0
SARBTM,3/4/2026,897.6,897.6,864.0,889.0,0.0,25689.0,942.4,750.0
SARBTM,3/5/2026,897.6,897.6,864.0,889.0,0.0,25689.0,942.4,750.0
SARBTM,3/6/2026,897.6,897.6,864.0,889.0,0.0,25689.0,942.4,750.0
SARBTM,3/7/2026,897.6,897.6,864.0,889.0,0.0,25689.0,942.4,750.0
SARBTM,3/8/2026,897.6,897.6,864.0,889.0,0.0,25689.0,942.4,750.0
SARBTM,3/9/2026,906.7,942.0,906.7,924.0,3.94,1551.0,942.4,750.0
SARBTM,3/10/2026,942.4,942.4,880.0,911.0,-1.41,71555.0,942.4,750.0
SARBTM,3/11/2026,901.0,920.0,901.0,907.1,-0.43,60923.0,942.4,750.0
SARBTM,3/12/2026,900.0,906.0,894.0,902.0,-0.56,54203.0,942.4,750.0
SARBTM,3/13/2026,900.0,906.0,894.0,902.0,0.0,54203.0,942.4,750.0
SARBTM,3/14/2026,900.0,906.0,894.0,902.0,0.0,54203.0,942.4,750.0
SARBTM,3/15/2026,900.0,907.0,900.0,902.1,0.01,24514.0,942.4,750.0
SARBTM,3/16/2026,891.0,902.0,886.1,890.3,-1.31,29683.0,942.4,750.0
SARBTM,3/17/2026,876.3,901.0,873.0,889.0,-0.15,22741.0,942.4,750.0
SARBTM,3/18/2026,876.3,901.0,873.0,889.0,0.0,22741.0,942.4,750.0
SARBTM,3/19/2026,877.0,906.0,877.0,904.0,1.69,44785.0,942.4,750.0
SARBTM,3/20/2026,877.0,906.0,877.0,904.0,0.0,44785.0,942.4,750.0
SARBTM,3/21/2026,877.0,906.0,877.0,904.0,0.0,44785.0,942.4,750.0
SARBTM,3/22/2026,910.0,934.0,903.0,917.8,1.53,92611.0,942.4,750.0
SARBTM,3/23/2026,912.0,934.0,910.0,922.0,0.46,91529.0,942.4,750.0
SARBTM,3/24/2026,934.5,934.5,916.3,923.0,0.11,48091.0,942.4,750.0
SARBTM,3/25/2026,934.0,934.0,900.2,906.9,-1.74,23105.0,942.4,750.0
SARBTM,3/26/2026,907.0,907.0,881.0,898.0,-0.99,48559.0,942.4,750.0
SARBTM,3/29/2026,915.9,915.9,887.5,889.0,-2.94,48451.0,942.4,750.0
SARBTM,3/30/2026,885.0,904.5,868.3,872.0,-1.47,34401.0,942.4,750.0
SARBTM,3/31/2026,875.0,887.6,861.0,884.8,1.12,26300.0,942.4,750.0
SARBTM,4/1/2026,868.1,880.0,862.0,871.9,0.44,19338.0,942.4,750.0
SARBTM,4/2/2026,855.0,871.0,840.0,856.3,0.15,25420.0,942.4,750.0
SARBTM,4/5/2026,856.3,856.3,831.0,838.0,-2.14,32922.0,942.4,750.0
SARBTM,4/6/2026,830.0,868.0,823.7,855.0,3.01,17316.0,942.4,750.0
SARBTM,4/7/2026,860.0,869.0,845.0,852.0,-0.93,14201.0,942.4,750.0
SARBTM,4/8/2026,856.0,867.0,853.1,857.5,0.18,10496.0,942.4,750.0
SARBTM,4/9/2026,857.0,880.0,850.0,875.0,2.1,37791.0,942.4,750.0
SARBTM,4/10/2026,875.0,888.0,865.2,880.0,0.57,19829.0,942.4,750.0
SARBTM,4/13/2026,889.8,889.8,862.5,862.5,-3.07,12919.0,942.4,750.0
SARBTM,4/15/2026,870.0,896.9,863.0,888.9,2.17,27525.0,942.4,750.0
SARBTM,4/16/2026,872.2,888.0,872.1,878.0,0.66,12162.0,942.4,750.0
SARBTM,4/17/2026,878.0,878.0,865.1,868.0,-1.14,9389.0,942.4,750.0
SARBTM,4/20/2026,868.0,868.0,855.0,857.0,-1.27,6616.0,942.4,750.0
SARBTM,4/21/2026,851.2,865.9,851.2,858.0,0.8,9046.0,942.4,750.0
SARBTM,4/22/2026,860.0,860.0,848.0,860.0,0.0,12391.0,942.4,750.0
SARBTM,4/23/2026,860.0,861.0,840.3,848.0,-1.4,6685.0,942.4,750.0
SARBTM,4/24/2026,840.1,855.0,836.0,841.0,0.11,9652.0,942.4,750.0
SARBTM,4/27/2026,841.0,866.1,843.0,843.5,0.3,8753.0,942.4,750.0
SARBTM,4/28/2026,843.5,860.0,838.0,839.5,-0.47,10931.0,942.4,750.0
SARBTM,4/29/2026,839.5,840.2,831.0,833.0,-0.77,5272.0,942.4,750.0
SARBTM,4/30/2026,833.0,835.0,820.0,827.0,-0.72,6865.0,942.4,750.0
SARBTM,5/4/2026,830.0,839.9,822.0,822.0,-0.96,4505.0,942.4,750.0
SARBTM,5/5/2026,821.0,832.0,816.0,820.0,-0.12,12305.0,942.4,750.0
SARBTM,5/6/2026,820.0,834.9,820.0,829.9,1.21,5633.0,942.4,750.0
SARBTM,5/7/2026,838.8,838.8,820.0,830.0,-1.05,4896.0,942.4,750.0
SARBTM,5/8/2026,840.0,840.0,827.0,838.0,-0.24,8798.0,942.4,750.0
SARBTM,5/11/2026,838.0,860.0,835.0,860.0,2.63,6653.0,942.4,750.0
SARBTM,5/12/2026,865.0,865.0,845.0,849.0,-1.85,10064.0,942.4,750.0
SARBTM,5/13/2026,830.5,847.0,825.0,845.0,1.75,5033.0,942.4,750.0
SARBTM,5/14/2026,831.0,845.0,831.0,839.0,0.96,9448.0,942.4,750.0
SARBTM,5/15/2026,850.0,850.0,839.0,843.5,-0.76,7173.0,942.4,750.0
SARBTM,5/18/2026,843.5,855.0,836.0,852.0,1.01,3052.0,942.4,750.0
SARBTM,5/19/2026,850.0,869.0,838.0,840.0,-1.18,29267.0,942.4,750.0
SARBTM,5/20/2026,845.0,855.0,845.0,852.0,0.83,10234.0,942.4,750.0
SARBTM,5/21/2026,851.0,860.0,850.0,853.0,0.24,5066.0,942.4,750.0
SARBTM,5/22/2026,859.9,859.9,850.0,855.0,-0.57,5362.0,942.4,750.0
SARBTM,5/25/2026,858.8,869.9,858.1,866.0,0.84,11708.0,942.4,750.0
SARBTM,5/26/2026,874.1,874.1,859.0,865.1,-1.03,10195.0,942.4,750.0
SARBTM,5/27/2026,875.0,875.0,860.0,869.0,-0.69,11757.0,942.4,750.0
SARBTM,6/1/2026,855.1,875.0,855.1,868.0,1.51,7386.0,942.4,750.0
SARBTM,6/2/2026,859.0,869.9,855.0,865.0,0.7,5711.0,942.4,750.0
SARBTM,6/3/2026,870.0,893.0,852.1,875.3,0.61,41274.0,942.4,750.0
SARBTM,6/4/2026,880.0,880.0,866.3,870.0,-1.14,4283.0,942.4,750.0
SARBTM,6/5/2026,870.0,879.8,860.0,865.2,-0.55,4844.0,942.4,750.0
SARBTM,6/8/2026,861.0,870.0,851.0,853.0,-0.93,6985.0,942.4,750.0
SARBTM,6/9/2026,853.0,864.0,834.0,860.0,0.82,27692.0,942.4,750.0
SARBTM,6/10/2026,850.0,855.0,846.0,855.0,0.59,9309.0,942.4,750.0
SARBTM,6/11/2026,855.0,860.0,841.0,844.0,-1.29,9023.0,942.4,750.0
SARBTM,6/12/2026,837.1,844.0,829.4,837.0,-0.01,10644.0,942.4,750.0
SARBTM,6/15/2026,838.0,849.0,832.1,835.0,-0.36,6266.0,942.4,750.0
SARBTM,6/16/2026,836.0,836.0,826.0,833.0,-0.36,9420.0,942.4,750.0
SARBTM,6/17/2026,823.0,847.6,823.0,832.0,1.09,5922.0,942.4,750.0
SARBTM,6/18/2026,844.0,844.0,830.0,832.0,-1.42,9718.0,942.4,750.0
SARBTM,6/19/2026,831.0,835.0,831.0,831.0,0.0,4118.0,942.4,750.0
SARBTM,6/22/2026,820.1,839.0,820.0,835.0,1.82,9509.0,942.4,750.0
SARBTM,6/23/2026,835.0,835.0,810.0,817.9,-2.05,34982.0,942.4,750.0
SARBTM,6/24/2026,820.0,828.2,810.0,816.2,-0.46,8690.0,942.4,750.0
SARBTM,6/26/2026,830.0,830.0,799.0,811.0,-2.29,19562.0,942.4,750.0
SARBTM,6/29/2026,811.0,812.0,802.5,809.0,-0.25,2280.0,942.4,750.0
SARBTM,6/30/2026,810.0,810.0,801.3,804.0,-0.74,6172.0,942.4,750.0
SARBTM,7/1/2026,816.8,818.9,808.0,814.0,-0.34,3806.0,942.4,750.0
SARBTM,7/2/2026,810.0,810.0,805.1,808.8,-0.15,2378.0,942.4,750.0
SARBTM,7/3/2026,810.1,817.9,804.0,804.0,-0.75,5595.0,942.4,750.0
SARBTM,7/6/2026,818.0,818.0,801.0,803.5,-1.77,10113.0,942.4,750.0
SARBTM,7/7/2026,804.0,813.8,802.0,808.0,0.5,4377.0,942.4,750.0
SARBTM,7/8/2026,801.0,810.9,795.0,803.9,0.36,11845.0,942.4,750.0
SARBTM,7/9/2026,805.0,805.0,782.0,793.0,-1.49,9174.0,942.4,750.0
SARBTM,7/10/2026,796.0,799.0,793.0,793.0,-0.38,7314.0,942.4,750.0
SARBTM,7/13/2026,787.0,787.0,764.0,772.0,-1.91,19557.0,942.4,750.0
SARBTM,7/14/2026,770.1,780.0,762.0,774.9,0.62,8401.0,942.4,750.0
SARBTM,7/15/2026,775.0,784.0,770.0,774.9,-0.01,13769.0,942.4,750.0
SARBTM,7/16/2026,780.0,787.8,750.0,772.0,-1.03,15491.0,942.4,750.0
SARBTM,7/17/2026,779.0,795.0,779.0,795.0,2.05,5780.0,942.4,750.0
SARBTM,7/20/2026,800.0,814.5,800.0,813.0,1.62,4981.0,942.4,750.0
SARBTM,7/21/2026,813.0,819.5,811.0,814.0,0.12,8330.0,942.4,750.0
SARBTM,7/22/2026,814.0,815.9,790.0,790.0,-2.95,25694.0,942.4,750.0
SARBTM,7/23/2026,808.0,808.0,783.8,798.0,-1.24,5592.0,942.4,750.0
SARBTM,7/24/2026,795.0,810.0,795.0,805.0,1.26,4017.0,942.4,750.0
SARBTM,7/27/2026,794.1,815.0,787.0,793.0,-0.14,8689.0,942.4,750.0
SARBTM,7/28/2026,793.0,803.0,780.0,791.0,-0.25,7566.0,942.4,750.0
SARBTM,7/29/2026,791.0,805.0,780.0,790.0,-0.13,9288.0,942.4,750.0
SARBTM,7/30/2026,800.0,800.0,780.5,790.0,-1.25,2268.0,942.4,750.0
SARBTM,7/31/2026,797.0,797.0,776.0,790.1,-0.87,6077.0,942.4,750.0
SARBTM,8/3/2026,799.0,799.0,790.0,795.0,-0.5,4484.0,942.4,750.0
SARBTM,8/4/2026,790.1,792.0,785.0,785.0,-0.65,11157.0,942.4,750.0
SARBTM,8/5/2026,795.0,795.0,781.1,788.0,-0.88,4010.0,942.4,750.0
SARBTM,8/6/2026,781.0,792.0,781.0,783.0,0.26,2374.0,942.4,750.0
SARBTM,8/7/2026,802.0,802.0,782.0,785.0,-2.12,2373.0,942.4,750.0
SARBTM,8/10/2026,782.0,785.0,780.0,780.0,-0.26,1989.0,942.4,750.0
SARBTM,8/11/2026,783.0,798.3,783.0,788.0,0.64,9333.0,942.4,750.0
SARBTM,8/12/2026,780.0,803.4,780.0,794.9,1.91,2771.0,942.4,750.0
SARBTM,8/13/2026,790.0,797.9,788.0,797.7,0.97,6884.0,942.4,750.0
SARBTM,8/14/2026,797.7,797.7,775.0,794.9,-0.35,6582.0,942.4,750.0
SARBTM,8/17/2026,834.6,834.6,780.0,793.0,-4.98,5300.0,942.4,750.0
SARBTM,8/18/2026,805.0,805.0,775.3,782.1,-2.84,1175.0,942.4,750.0
SARBTM,8/19/2026,802.9,802.9,775.0,779.9,-2.86,15526.0,942.4,750.0
SARBTM,8/20/2026,818.8,818.8,772.0,788.6,-3.69,3778.0,942.4,750.0
SARBTM,8/21/2026,798.0,798.0,775.1,779.0,-2.38,5070.0,942.4,750.0
SARBTM,8/24/2026,805.0,806.0,775.0,775.0,-3.73,8866.0,942.4,750.0
SARBTM,8/25/2026,776.1,789.0,770.1,780.0,0.5,3681.0,942.4,750.0
SARBTM,8/26/2026,789.8,789.8,770.0,779.0,-1.37,5082.0,942.4,750.0
SARBTM,8/27/2026,795.6,814.4,770.1,793.0,-0.33,46652.0,942.4,750.0
SARBTM,8/31/2026,799.9,814.0,793.2,813.9,1.75,34470.0,942.4,750.0
SARBTM,9/1/2026,819.0,820.0,790.3,800.0,-2.32,11400.0,942.4,750.0
SARBTM,9/2/2026,806.5,813.5,790.0,794.0,-1.55,12943.0,942.4,750.0
SARBTM,9/3/2026,797.0,797.0,789.0,795.0,-0.25,7917.0,942.4,750.0
SARBTM,9/7/2026,795.0,804.0,790.3,797.0,0.25,15949.0,942.4,750.0
SARBTM,9/9/2026,798.0,801.9,795.5,796.4,-0.2,7869.0,942.4,750.0
SARBTM,9/10/2026,790.0,795.0,780.0,784.1,-0.75,10717.0,942.4,750.0
SARBTM,9/11/2026,785.0,795.0,781.0,794.5,1.21,7947.0,942.4,750.0
SARBTM,9/14/2026,791.0,817.0,791.0,795.0,0.51,11765.0,942.4,750.0
SARBTM,9/15/2026,834.0,834.5,795.1,807.0,-3.24,34102.0,942.4,750.0
SARBTM,9/16/2026,805.0,813.5,800.0,800.0,-0.62,10139.0,942.4,750.0
SARBTM,9/17/2026,801.0,810.9,801.0,805.0,0.5,10107.0,942.4,750.0
SARBTM,9/18/2026,805.0,814.9,804.0,814.9,1.23,11960.0,942.4,750.0
SARBTM,9/22/2026,809.0,819.0,803.0,819.0,1.24,19567.0,942.4,750.0
SARBTM,9/23/2026,819.0,819.0,806.2,812.1,-0.84,17549.0,942.4,750.0
SARBTM,9/24/2026,813.0,826.5,808.0,825.7,1.56,35863.0,942.4,750.0
SARBTM,9/28/2026,820.0,834.0,810.0,819.9,-0.01,21888.0,942.4,750.0
SARBTM,9/29/2026,810.0,819.9,808.0,0.0,-100.0,9848.0,942.4,750.0
SARBTM,9/30/2026,821.0,821.0,803.0,814.0,-0.85,15106.0,942.4,750.0
SARBTM,10/1/2026,814.0,838.4,801.5,816.0,0.25,17433.0,942.4,750.0
SARBTM,10/2/2026,805.0,820.0,800.0,805.0,0.0,14015.0,942.4,750.0
SBCF,1/26/2026,9.25,9.7,9.25,9.6,,47958.0,11.16,8.73
SBCF,1/27/2026,9.41,9.79,9.41,9.74,1.46,112883.0,11.16,8.73
SBCF,1/28/2026,9.55,9.6,9.36,9.51,-2.36,6515.0,11.16,8.73
SBCF,1/29/2026,9.5,9.79,9.5,9.6,0.95,128737.0,11.16,8.73
SBCF,2/1/2026,9.42,9.6,9.42,9.6,0.0,1235.0,11.16,8.73
SBCF,2/2/2026,9.45,9.63,9.45,9.55,-0.52,101634.0,11.16,8.73
SBCF,2/3/2026,9.74,9.75,9.55,9.56,0.1,23338.0,11.16,8.73
SBCF,2/4/2026,9.4,9.58,9.4,9.58,0.21,29860.0,11.16,8.73
SBCF,2/5/2026,9.4,9.42,9.4,9.42,-1.67,3290.0,11.16,8.73
SBCF,2/8/2026,9.31,9.6,9.31,9.45,0.32,3400.0,11.16,8.73
SBCF,2/9/2026,9.36,9.55,9.36,9.53,0.85,8850.0,11.16,8.73
SBCF,2/10/2026,9.4,9.53,9.4,9.5,-0.31,9000.0,11.16,8.73
SBCF,2/11/2026,9.5,9.69,9.39,9.5,0.0,8975.0,11.16,8.73
SBCF,2/12/2026,9.4,9.5,9.4,9.4,-1.05,1300.0,11.16,8.73
SBCF,2/16/2026,9.4,9.77,9.39,9.58,1.91,124150.0,11.16,8.73
SBCF,2/17/2026,9.68,9.68,9.4,9.4,-1.88,36034.0,11.16,8.73
SBCF,2/22/2026,9.26,9.58,9.26,9.58,1.91,8300.0,11.16,8.73
SBCF,2/23/2026,9.41,9.66,9.41,9.66,0.84,138810.0,11.16,8.73
SBCF,2/24/2026,9.48,9.75,9.48,9.75,0.93,13100.0,11.16,8.73
SBCF,2/25/2026,9.77,9.77,9.5,9.51,-2.46,900.0,11.16,8.73
SBCF,2/26/2026,9.35,9.35,9.35,9.35,-1.68,1650.0,11.16,8.73
SBCF,2/27/2026,9.35,9.35,9.35,9.35,0.0,1650.0,11.16,8.73
SBCF,2/28/2026,9.35,9.35,9.35,9.35,0.0,1650.0,11.16,8.73
SBCF,3/2/2026,9.5,9.5,9.35,9.45,1.07,23730.0,11.16,8.73
SBCF,3/3/2026,9.39,9.62,9.39,9.62,1.8,710.0,11.16,8.73
SBCF,3/4/2026,9.39,9.62,9.39,9.62,0.0,710.0,11.16,8.73
SBCF,3/5/2026,9.39,9.62,9.39,9.62,0.0,710.0,11.16,8.73
SBCF,3/6/2026,9.39,9.62,9.39,9.62,0.0,710.0,11.16,8.73
SBCF,3/7/2026,9.39,9.62,9.39,9.62,0.0,710.0,11.16,8.73
SBCF,3/8/2026,9.39,9.62,9.39,9.62,0.0,710.0,11.16,8.73
SBCF,3/10/2026,9.65,9.9,9.65,9.9,2.91,24470.0,11.16,8.73
SBCF,3/11/2026,9.71,9.71,9.52,9.61,-2.93,9300.0,11.16,8.73
SBCF,3/12/2026,9.43,9.89,9.43,9.89,2.91,43600.0,11.16,8.73
SBCF,3/13/2026,9.43,9.89,9.43,9.89,0.0,43600.0,11.16,8.73
SBCF,3/14/2026,9.43,9.89,9.43,9.89,0.0,43600.0,11.16,8.73
SBCF,3/15/2026,9.71,9.8,9.7,9.7,-1.92,24277.0,11.16,8.73
SBCF,3/16/2026,9.55,9.7,9.55,9.6,-1.03,6554.0,11.16,8.73
SBCF,3/17/2026,9.5,9.78,9.45,9.64,0.42,5950.0,11.16,8.73
SBCF,3/18/2026,9.5,9.78,9.45,9.64,0.0,5950.0,11.16,8.73
SBCF,3/19/2026,9.47,9.83,9.47,9.66,0.21,27550.0,11.16,8.73
SBCF,3/20/2026,9.47,9.83,9.47,9.66,0.0,27550.0,11.16,8.73
SBCF,3/21/2026,9.47,9.83,9.47,9.66,0.0,27550.0,11.16,8.73
SBCF,3/22/2026,9.85,9.97,9.69,9.72,0.62,88510.0,11.16,8.73
SBCF,3/23/2026,9.91,10.0,9.04,10.0,2.88,127650.0,11.16,8.73
SBCF,3/24/2026,9.81,10.19,9.68,10.16,1.6,41325.0,11.16,8.73
SBCF,3/25/2026,10.16,10.16,9.85,10.15,-0.1,22550.0,11.16,8.73
SBCF,3/26/2026,9.95,11.16,9.82,10.13,1.81,65999.0,11.16,8.73
SBCF,3/29/2026,10.0,10.0,9.82,9.85,-1.5,4650.0,11.16,8.73
SBCF,3/30/2026,9.75,9.81,9.57,9.57,-1.85,15644.0,11.16,8.73
SBCF,3/31/2026,9.76,9.76,9.56,9.62,-1.43,34160.0,11.16,8.73
SBCF,4/1/2026,9.62,9.81,9.46,9.46,-1.66,27885.0,11.16,8.73
SBCF,4/2/2026,9.64,9.64,9.47,9.54,-1.04,11200.0,11.16,8.73
SBCF,4/5/2026,9.41,9.5,9.41,9.47,0.64,2330.0,11.16,8.73
SBCF,4/6/2026,9.65,9.78,9.5,9.6,-0.52,25250.0,11.16,8.73
SBCF,4/7/2026,9.45,9.78,9.45,9.59,1.48,2310.0,11.16,8.73
SBCF,4/8/2026,9.77,9.78,9.56,9.77,0.0,68300.0,11.16,8.73
SBCF,4/9/2026,9.78,9.99,9.71,9.99,2.15,64000.0,11.16,8.73
SBCF,4/10/2026,9.81,9.81,9.65,9.74,-0.71,84250.0,11.16,8.73
SBCF,4/13/2026,9.74,10.11,9.74,10.1,3.7,47660.0,11.16,8.73
SBCF,4/15/2026,10.29,10.29,9.82,9.82,-4.57,5490.0,11.16,8.73
SBCF,4/16/2026,9.75,9.94,9.75,9.85,1.03,23015.0,11.16,8.73
SBCF,4/17/2026,9.73,10.0,9.73,9.99,2.67,4950.0,11.16,8.73
SBCF,4/20/2026,9.98,10.27,9.7,9.99,0.1,2043.0,11.16,8.73
SBCF,4/21/2026,9.71,9.8,9.71,9.8,0.93,5550.0,11.16,8.73
SBCF,4/22/2026,9.7,9.79,9.48,9.79,0.93,13160.0,11.16,8.73
SBCF,4/23/2026,9.55,9.88,9.55,9.88,3.46,55788.0,11.16,8.73
SBCF,4/24/2026,9.88,9.65,9.59,9.65,-2.33,1400.0,11.16,8.73
SBCF,4/27/2026,9.65,9.65,9.52,9.6,-0.52,1900.0,11.16,8.73
SBCF,4/28/2026,9.6,9.7,9.42,9.6,0.0,9650.0,11.16,8.73
SBCF,4/29/2026,9.6,9.7,9.51,9.54,-0.63,6050.0,11.16,8.73
SBCF,4/30/2026,9.6,9.6,9.52,9.52,-0.83,2600.0,11.16,8.73
SBCF,5/4/2026,9.5,9.5,9.43,9.44,-0.63,2900.0,11.16,8.73
SBCF,5/5/2026,9.39,9.75,9.32,9.75,3.83,10150.0,11.16,8.73
SBCF,5/6/2026,9.51,9.75,9.51,9.75,2.52,1450.0,11.16,8.73
SBCF,5/7/2026,9.75,9.85,9.75,9.8,0.51,17010.0,11.16,8.73
SBCF,5/8/2026,9.55,9.8,9.55,9.8,2.62,3365.0,11.16,8.73
SBCF,5/11/2026,9.52,9.8,9.52,9.71,2.0,3600.0,11.16,8.73
SBCF,5/12/2026,9.8,10.0,9.7,9.99,1.94,26400.0,11.16,8.73
SBCF,5/13/2026,10.0,10.04,10.0,10.04,0.4,5400.0,11.16,8.73
SBCF,5/14/2026,9.78,9.79,9.78,9.79,0.1,300.0,11.16,8.73
SBCF,5/15/2026,9.6,9.85,9.6,9.85,2.6,1300.0,11.16,8.73
SBCF,5/18/2026,9.58,10.04,9.58,9.71,1.36,12800.0,11.16,8.73
SBCF,5/19/2026,9.5,9.78,9.5,9.7,2.11,1000.0,11.16,8.73
SBCF,5/20/2026,9.58,9.86,9.58,9.76,1.88,3090.0,11.16,8.73
SBCF,5/21/2026,9.63,10.04,9.63,10.0,3.84,24300.0,11.16,8.73
SBCF,5/22/2026,9.7,9.99,9.7,9.9,2.06,30700.0,11.16,8.73
SBCF,5/25/2026,9.65,9.98,9.65,9.98,3.42,2800.0,11.16,8.73
SBCF,5/26/2026,9.71,9.98,9.71,9.98,2.78,9300.0,11.16,8.73
SBCF,5/27/2026,9.77,9.85,9.77,9.83,0.61,7450.0,11.16,8.73
SBCF,6/1/2026,9.83,9.95,9.8,9.8,-0.31,6625.0,11.16,8.73
SBCF,6/2/2026,9.74,9.78,9.74,9.78,0.41,460.0,11.16,8.73
SBCF,6/3/2026,9.75,9.8,9.75,9.8,0.51,4800.0,11.16,8.73
SBCF,6/4/2026,9.63,9.85,9.63,9.85,2.28,13954.0,11.16,8.73
SBCF,6/5/2026,9.6,9.85,9.57,9.59,-0.1,29300.0,11.16,8.73
SBCF,6/8/2026,9.61,9.62,9.6,9.62,0.1,6800.0,11.16,8.73
SBCF,6/9/2026,9.63,9.7,9.63,9.67,0.42,9632.0,11.16,8.73
SBCF,6/10/2026,9.58,9.85,9.58,9.85,2.82,20500.0,11.16,8.73
SBCF,6/11/2026,9.8,10.38,9.66,9.7,-1.02,51756.0,11.16,8.73
SBCF,6/12/2026,9.61,10.15,9.61,9.89,2.91,12150.0,11.16,8.73
SBCF,6/15/2026,9.9,9.91,9.7,9.76,-1.41,4000.0,11.16,8.73
SBCF,6/16/2026,9.47,9.99,9.47,9.61,1.48,1487.0,11.16,8.73
SBCF,6/17/2026,9.89,10.1,9.66,10.0,1.11,18832.0,11.16,8.73
SBCF,6/18/2026,9.8,9.96,9.8,9.95,1.53,1800.0,11.16,8.73
SBCF,6/19/2026,9.66,9.95,9.66,9.77,1.14,11501.0,11.16,8.73
SBCF,6/22/2026,9.5,9.99,9.5,9.6,1.05,13500.0,11.16,8.73
SBCF,6/23/2026,9.55,10.1,9.55,10.09,5.65,6017.0,11.16,8.73
SBCF,6/24/2026,9.79,10.09,9.79,10.0,2.15,32900.0,11.16,8.73
SBCF,6/26/2026,9.8,10.0,9.72,9.9,1.02,3100.0,11.16,8.73
SBCF,6/29/2026,9.8,10.0,9.8,10.0,2.04,5300.0,11.16,8.73
SBCF,6/30/2026,10.0,10.1,9.8,10.0,0.0,20350.0,11.16,8.73
SBCF,7/1/2026,10.0,10.0,9.7,9.8,-2.0,2900.0,11.16,8.73
SBCF,7/2/2026,9.8,9.9,9.65,9.9,1.02,7400.0,11.16,8.73
SBCF,7/3/2026,9.61,9.8,9.61,9.8,1.98,9600.0,11.16,8.73
SBCF,7/6/2026,9.53,9.93,9.53,9.66,1.36,10400.0,11.16,8.73
SBCF,7/7/2026,9.5,9.8,9.5,9.75,2.63,55946.0,11.16,8.73
SBCF,7/8/2026,9.5,9.71,9.5,9.6,1.05,3850.0,11.16,8.73
SBCF,7/9/2026,9.7,9.79,9.5,9.6,-1.03,70281.0,11.16,8.73
SBCF,7/10/2026,9.65,9.7,9.6,9.66,0.1,31200.0,11.16,8.73
SBCF,7/13/2026,9.66,9.7,9.51,9.6,-0.62,3015900.0,11.16,8.73
SBCF,7/14/2026,9.7,9.79,9.55,9.65,-0.52,189932.0,11.16,8.73
SBCF,7/15/2026,9.65,9.73,9.65,9.65,0.0,92960.0,11.16,8.73
SBCF,7/16/2026,9.37,9.79,9.37,9.75,4.06,12790.0,11.16,8.73
SBCF,7/17/2026,9.75,10.19,9.75,10.19,4.51,66369.0,11.16,8.73
SBCF,7/20/2026,10.11,10.15,10.11,10.15,0.4,9100.0,11.16,8.73
SBCF,7/21/2026,10.0,10.0,10.0,10.0,0.0,400.0,11.16,8.73
SBCF,7/22/2026,9.9,10.0,9.65,9.65,-2.53,6850.0,11.16,8.73
SBCF,7/23/2026,9.66,10.18,9.66,10.18,5.38,6400.0,11.16,8.73
SBCF,7/24/2026,10.0,10.17,9.61,9.61,-3.9,11100.0,11.16,8.73
SBCF,7/27/2026,9.61,10.05,9.61,9.95,3.54,25450.0,11.16,8.73
SBCF,7/28/2026,10.0,10.0,9.66,9.68,-3.2,20950.0,11.16,8.73
SBCF,7/29/2026,9.8,9.95,9.55,9.66,-1.43,4816.0,11.16,8.73
SBCF,7/30/2026,9.38,9.5,9.38,9.5,1.28,3700.0,11.16,8.73
SBCF,7/31/2026,9.5,9.77,9.5,9.6,1.05,11700.0,11.16,8.73
SBCF,8/3/2026,9.4,9.5,9.35,9.5,1.06,20630.0,11.16,8.73
SBCF,8/4/2026,9.51,9.98,9.51,9.68,1.79,18642.0,11.16,8.73
SBCF,8/5/2026,9.5,9.5,9.5,9.5,0.0,3135.0,11.16,8.73
SBCF,8/6/2026,9.3,9.5,9.3,9.5,2.15,9610.0,11.16,8.73
SBCF,8/7/2026,9.4,9.45,9.3,9.45,0.53,10900.0,11.16,8.73
SBCF,8/10/2026,9.58,9.59,9.26,9.4,-1.88,9685.0,11.16,8.73
SBCF,8/11/2026,9.57,9.6,9.4,9.6,0.31,24150.0,11.16,8.73
SBCF,8/12/2026,9.6,9.89,9.32,9.36,-2.5,170993.0,11.16,8.73
SBCF,8/13/2026,9.32,9.68,9.32,9.39,0.75,2400.0,11.16,8.73
SBCF,8/14/2026,9.67,9.67,9.4,9.41,-2.69,2600.0,11.16,8.73
SBCF,8/17/2026,9.2,10.15,9.2,10.15,10.33,62232.0,11.16,8.73
SBCF,8/18/2026,10.0,10.0,10.0,10.0,0.0,100.0,11.16,8.73
SBCF,8/19/2026,9.7,9.7,9.6,9.63,-0.72,2900.0,11.16,8.73
SBCF,8/20/2026,9.6,9.6,9.6,9.6,0.0,2450.0,11.16,8.73
SBCF,8/21/2026,9.6,9.6,9.6,9.6,0.0,200.0,11.16,8.73
SBCF,8/24/2026,9.6,9.6,9.2,9.22,-3.96,6000.0,11.16,8.73
SBCF,8/25/2026,8.95,9.21,8.95,9.21,2.91,1100.0,11.16,8.73
SBCF,8/26/2026,9.48,9.48,9.21,9.21,-2.85,3100.0,11.16,8.73
SBCF,8/27/2026,9.48,9.48,9.0,9.27,-2.22,4400.0,11.16,8.73
SBCF,8/31/2026,9.01,9.01,8.73,8.73,-3.11,9556.0,11.16,8.73
SBCF,9/1/2026,8.9,9.02,8.9,9.02,1.35,7900.0,11.16,8.73
SBCF,9/2/2026,8.75,9.29,8.75,9.02,3.09,2750.0,11.16,8.73
SBCF,9/3/2026,9.2,9.29,9.02,9.02,-1.96,2200.0,11.16,8.73
SBCF,9/7/2026,8.77,9.04,8.76,9.04,3.08,2200.0,11.16,8.73
SBCF,9/9/2026,9.04,9.29,9.04,9.29,2.77,1000.0,11.16,8.73
SBCF,9/10/2026,9.02,9.05,9.02,9.05,0.33,600.0,11.16,8.73
SBCF,9/11/2026,9.06,9.33,9.06,9.33,2.98,4700.0,11.16,8.73
SBCF,9/14/2026,9.33,9.33,9.33,9.33,0.0,500.0,11.16,8.73
SBCF,9/15/2026,9.33,9.33,9.33,9.33,0.0,100.0,11.16,8.73
SBCF,9/16/2026,9.3,9.4,9.03,9.03,-2.9,30800.0,11.16,8.73
SBCF,9/17/2026,9.0,9.3,9.0,9.3,3.33,10500.0,11.16,8.73
SBCF,9/18/2026,9.11,9.3,9.11,9.3,2.09,1200.0,11.16,8.73
SBCF,9/22/2026,9.03,9.4,9.03,9.4,4.1,1610.0,11.16,8.73
SBCF,9/23/2026,9.4,9.4,8.9,9.0,-4.26,12200.0,11.16,8.73
SBCF,9/24/2026,9.27,9.27,8.9,8.92,-3.78,35400.0,11.16,8.73
SBCF,9/28/2026,8.92,8.92,8.84,8.84,-0.9,200.0,11.16,8.73
SBCF,9/29/2026,8.85,8.9,8.85,0.0,-100.0,500.0,11.16,8.73
SBCF,9/30/2026,9.0,9.27,9.0,9.27,3.0,31516.0,11.16,8.73
SBCF,10/1/2026,9.01,9.25,8.98,9.19,2.0,1600.0,11.16,8.73
SBCF,10/2/2026,8.93,9.2,8.93,9.2,3.02,7113.0,11.16,8.73
SBD87,12/21/2025,1102.0,1110.0,1102.0,1110.0,,105.0,1210.0,1062.0
SBD87,12/31/2025,1123.0,1132.0,1121.0,1132.0,1.98,115.0,1210.0,1062.0
SBD87,1/5/2026,1111.0,1111.0,1111.0,1111.0,-1.86,25.0,1210.0,1062.0
SBD87,1/12/2026,1111.0,1111.0,1111.0,1108.0,-0.27,5.0,1210.0,1062.0
SBD87,1/13/2026,1100.0,1100.0,1100.0,1100.0,-0.72,10.0,1210.0,1062.0
SBD87,1/18/2026,1090.0,1090.0,1090.0,1090.0,-0.91,50.0,1210.0,1062.0
SBD87,1/20/2026,1090.0,1090.0,1090.0,1076.1,-1.28,5.0,1210.0,1062.0
SBD87,1/22/2026,1097.0,1097.0,1097.0,1097.0,1.94,30.0,1210.0,1062.0
SBD87,1/27/2026,1081.0,1081.0,1081.0,1081.0,-1.46,30.0,1210.0,1062.0
SBD87,1/28/2026,1081.1,1081.1,1081.0,1081.0,0.0,50.0,1210.0,1062.0
SBD87,2/2/2026,1102.6,1102.6,1102.6,1102.6,2.0,25.0,1210.0,1062.0
SBD87,2/4/2026,1096.0,1096.0,1096.0,1096.0,-0.6,40.0,1210.0,1062.0
SBD87,2/10/2026,1090.0,1090.0,1090.0,1090.0,-0.55,25.0,1210.0,1062.0
SBD87,2/17/2026,1111.0,1120.0,1111.0,1120.0,2.75,155.0,1210.0,1062.0
SBD87,2/25/2026,1130.0,1130.0,1130.0,1130.0,0.89,25.0,1210.0,1062.0
SBD87,3/2/2026,1108.0,1108.0,1108.0,1108.0,-1.95,30.0,1210.0,1062.0
SBD87,3/16/2026,1092.1,1092.1,1092.0,1092.0,-1.44,100.0,1210.0,1062.0
SBD87,3/22/2026,1071.1,1117.0,1071.1,1117.0,2.29,370.0,1210.0,1062.0
SBD87,3/23/2026,1117.0,1117.0,1117.0,1095.0,-1.97,5.0,1210.0,1062.0
SBD87,3/25/2026,1095.0,1095.0,1095.0,1095.0,0.0,25.0,1210.0,1062.0
SBD87,3/26/2026,1074.0,1095.0,1074.0,1075.0,0.09,100.0,1210.0,1062.0
SBD87,3/30/2026,1094.0,1095.0,1094.0,1095.0,0.09,350.0,1210.0,1062.0
SBD87,4/7/2026,1075.1,1075.1,1075.1,1075.1,0.0,25.0,1210.0,1062.0
SBD87,4/8/2026,1096.6,1096.6,1096.6,1096.6,0.0,10.0,1210.0,1062.0
SBD87,4/9/2026,1100.0,1100.0,1100.0,1100.0,0.0,25.0,1210.0,1062.0
SBD87,4/13/2026,1078.2,1078.2,1078.0,1078.0,-0.02,100.0,1210.0,1062.0
SBD87,4/16/2026,1068.0,1068.0,1068.0,1068.0,0.0,25.0,1210.0,1062.0
SBD87,4/17/2026,1081.0,1081.0,1081.0,1081.0,0.0,25.0,1210.0,1062.0
SBD87,4/21/2026,1091.0,1091.0,1091.0,1091.0,0.0,25.0,1210.0,1062.0
SBD87,4/23/2026,1100.0,1100.0,1100.0,1100.0,0.0,30.0,1210.0,1062.0
SBD87,4/24/2026,1100.0,1090.1,1090.1,1090.1,-0.9,25.0,1210.0,1062.0
SBD87,4/27/2026,1090.1,1082.0,1082.0,1082.0,-0.74,25.0,1210.0,1062.0
SBD87,4/28/2026,1082.0,1085.0,1085.0,1085.0,0.28,25.0,1210.0,1062.0
SBD87,4/29/2026,1085.0,1085.0,1085.0,1085.0,0.0,25.0,1210.0,1062.0
SBD87,4/30/2026,1086.0,1086.0,1086.0,1086.0,0.0,100.0,1210.0,1062.0
SBD87,5/18/2026,1090.0,1090.0,1090.0,1090.0,0.0,25.0,1210.0,1062.0
SBD87,5/21/2026,1110.0,1110.0,1110.0,1110.0,0.0,100.0,1210.0,1062.0
SBD87,5/26/2026,1110.0,1115.0,1110.0,1115.0,0.45,80.0,1210.0,1062.0
SBD87,6/5/2026,1131.6,1131.6,1131.6,1131.6,0.0,50116.0,1210.0,1062.0
SBD87,6/9/2026,1100.0,1100.0,1100.0,1100.0,0.0,40.0,1210.0,1062.0
SBD87,6/10/2026,1093.0,1100.0,1068.0,1100.0,0.64,50025.0,1210.0,1062.0
SBD87,6/11/2026,1090.0,1090.0,1090.0,1090.0,0.0,40.0,1210.0,1062.0
SBD87,6/16/2026,1122.0,1145.0,1122.0,1130.0,0.71,50020.0,1210.0,1062.0
SBD87,6/19/2026,1137.5,1137.5,1137.5,1137.5,0.0,20000.0,1210.0,1062.0
SBD87,6/26/2026,1072.1,1072.1,1072.1,1072.1,0.0,10.0,1210.0,1062.0
SBD87,6/30/2026,1088.1,1088.1,1088.0,1088.0,-0.01,125.0,1210.0,1062.0
SBD87,7/2/2026,1087.0,1087.0,1087.0,1087.0,0.0,30.0,1210.0,1062.0
SBD87,7/3/2026,1100.0,1100.0,1096.2,1096.6,-0.31,20105.0,1210.0,1062.0
SBD87,7/8/2026,1096.7,1097.2,1096.6,1116.0,1.76,200035.0,1210.0,1062.0
SBD87,7/9/2026,1116.0,1116.0,1115.0,1115.0,-0.09,10730.0,1210.0,1062.0
SBD87,7/10/2026,1127.0,1150.0,1127.0,1150.0,2.04,251385.0,1210.0,1062.0
SBD87,7/13/2026,1165.0,1199.0,1165.0,1199.0,2.92,65.0,1210.0,1062.0
SBD87,7/14/2026,1164.0,1210.0,1130.0,1202.0,3.26,12485.0,1210.0,1062.0
SBD87,7/16/2026,1166.0,1166.0,1150.0,1150.0,-1.37,200005.0,1210.0,1062.0
SBD87,7/20/2026,1150.0,1150.0,1150.0,1150.0,0.0,10.0,1210.0,1062.0
SBD87,7/24/2026,1122.0,1122.0,1120.0,1120.0,-0.18,1026.0,1210.0,1062.0
SBD87,7/29/2026,1087.1,1098.0,1087.0,1087.0,-0.01,254.0,1210.0,1062.0
SBD87,8/3/2026,1100.0,1100.0,1080.0,1080.0,-1.82,100.0,1210.0,1062.0
SBD87,8/11/2026,1080.0,1080.0,1080.0,1080.0,0.0,50.0,1210.0,1062.0
SBD87,8/17/2026,1090.0,1090.0,1090.0,1090.0,0.0,25.0,1210.0,1062.0
SBD87,8/21/2026,1085.0,1085.0,1085.0,1085.0,0.0,25.0,1210.0,1062.0
SBD87,8/26/2026,1085.0,1085.0,1062.0,1062.0,-2.12,61.0,1210.0,1062.0
SBD87,9/11/2026,1062.0,1062.0,1062.0,1062.0,0.0,25.0,1210.0,1062.0
SBD87,10/1/2026,1093.0,1093.0,1093.0,1093.0,0.0,30.0,1210.0,1062.0
SBD89,12/21/2025,1225.0,1225.0,1220.0,1220.0,,100.0,1320.0,1141.0
SBD89,12/24/2025,1244.4,1244.4,1244.4,1244.4,2.0,50.0,1320.0,1141.0
SBD89,12/29/2025,1246.0,1246.0,1246.0,1246.0,0.13,50.0,1320.0,1141.0
SBD89,12/31/2025,1255.0,1255.0,1255.0,1255.0,0.72,20.0,1320.0,1141.0
SBD89,1/1/2026,1260.0,1260.0,1260.0,1260.0,0.4,25.0,1320.0,1141.0
SBD89,1/13/2026,1240.0,1240.0,1240.0,1240.0,-1.59,25.0,1320.0,1141.0
SBD89,1/14/2026,1230.0,1230.0,1230.0,1230.0,-0.81,10.0,1320.0,1141.0
SBD89,1/28/2026,1230.0,1230.0,1230.0,1230.0,0.0,10.0,1320.0,1141.0
SBD89,1/29/2026,1230.0,1230.0,1230.0,1230.0,0.0,10.0,1320.0,1141.0
SBD89,2/3/2026,1230.0,1230.0,1230.0,1230.0,0.0,20.0,1320.0,1141.0
SBD89,3/22/2026,1230.0,1230.0,1230.0,1230.0,0.0,100.0,1320.0,1141.0
SBD89,4/8/2026,1254.5,1279.5,1254.5,1279.5,1.99,71.0,1320.0,1141.0
SBD89,4/28/2026,1279.5,1320.0,1299.0,1320.0,3.17,153.0,1320.0,1141.0
SBD89,5/14/2026,1281.0,1281.0,1281.0,1281.0,0.0,11.0,1320.0,1141.0
SBD89,5/18/2026,1243.0,1243.0,1243.0,1243.0,0.0,25.0,1320.0,1141.0
SBD89,5/20/2026,1280.0,1280.0,1280.0,1280.0,0.0,100.0,1320.0,1141.0
SBD89,5/27/2026,1242.0,1242.0,1195.0,1195.0,-3.78,90.0,1320.0,1141.0
SBD89,6/5/2026,1200.0,1200.0,1190.0,1190.0,-0.83,40.0,1320.0,1141.0
SBD89,6/8/2026,1225.0,1225.0,1225.0,1225.0,0.0,25.0,1320.0,1141.0
SBD89,6/10/2026,1201.0,1201.0,1201.0,1200.0,-0.08,28.0,1320.0,1141.0
SBD89,6/16/2026,1236.0,1236.0,1236.0,1236.0,0.0,25.0,1320.0,1141.0
SBD89,6/29/2026,1236.0,1236.0,1236.0,1236.0,0.0,25.0,1320.0,1141.0
SBD89,7/14/2026,1236.0,1236.0,1236.0,1236.0,0.0,25.0,1320.0,1141.0
SBD89,7/27/2026,1245.4,1250.0,1245.4,1250.0,0.37,5014.0,1320.0,1141.0
SBD89,8/4/2026,1215.0,1215.0,1200.0,1200.0,-1.23,50.0,1320.0,1141.0
SBD89,8/6/2026,1200.0,1200.0,1200.0,1200.0,0.0,11.0,1320.0,1141.0
SBD89,8/27/2026,1190.0,1190.0,1190.0,1190.0,0.0,25.0,1320.0,1141.0
SBD89,9/28/2026,1190.0,1190.0,1190.0,1190.0,0.0,25.0,1320.0,1141.0
SBI,3/29/2011,510.0,510.0,491.0,491.0,,311.0,441.0,368.0
SBI,3/30/2011,491.0,510.0,500.0,505.0,2.85,532.0,441.0,368.0
SBI,3/31/2011,505.0,530.0,505.0,530.0,4.95,318.0,441.0,368.0
SBI,4/4/2011,530.0,539.0,529.0,530.0,0.0,872.0,441.0,368.0
SBI,4/5/2011,530.0,534.0,530.0,530.0,0.0,207.0,441.0,368.0
SBI,4/6/2011,530.0,531.0,520.0,520.0,-1.89,876.0,441.0,368.0
SBI,4/7/2011,520.0,531.0,521.0,531.0,2.12,20.0,441.0,368.0
SBI,4/10/2011,531.0,535.0,535.0,535.0,0.75,66.0,441.0,368.0
SBI,4/11/2011,535.0,531.0,526.0,527.0,-1.5,500.0,441.0,368.0
SBI,4/13/2011,527.0,525.0,525.0,525.0,-0.38,267.0,441.0,368.0
SBI,4/17/2011,525.0,540.0,530.0,535.0,1.9,156.0,441.0,368.0
SBI,4/18/2011,535.0,535.0,535.0,535.0,0.0,153.0,441.0,368.0
SBI,4/19/2011,535.0,536.0,535.0,535.0,0.0,73.0,441.0,368.0
SBI,4/20/2011,535.0,535.0,525.0,530.0,-0.93,766.0,441.0,368.0
SBI,4/21/2011,530.0,525.0,505.0,509.0,-3.96,981.0,441.0,368.0
SBI,4/25/2011,509.0,500.0,485.0,485.0,-4.72,581.0,441.0,368.0
SBI,4/27/2011,485.0,499.0,490.0,499.0,2.89,255.0,441.0,368.0
SBI,4/28/2011,499.0,501.0,482.0,485.0,-2.81,840.0,441.0,368.0
SBI,5/2/2011,485.0,480.0,478.0,478.0,-1.44,134.0,441.0,368.0
SBI,5/3/2011,478.0,495.0,475.0,486.0,1.67,613.0,441.0,368.0
SBI,5/4/2011,486.0,495.0,486.0,495.0,1.85,211.0,441.0,368.0
SBI,5/5/2011,495.0,502.0,488.0,488.0,-1.41,838.0,441.0,368.0
SBI,5/8/2011,488.0,490.0,480.0,480.0,-1.64,1262.0,441.0,368.0
SBI,5/9/2011,480.0,489.0,489.0,489.0,1.88,86.0,441.0,368.0
SBI,5/10/2011,489.0,495.0,486.0,495.0,1.23,619.0,441.0,368.0
SBI,5/12/2011,495.0,501.0,497.0,497.0,0.4,121.0,441.0,368.0
SBI,5/16/2011,497.0,506.0,497.0,506.0,1.81,52.0,441.0,368.0
SBI,5/18/2011,506.0,510.0,510.0,510.0,0.79,138.0,441.0,368.0
SBI,5/19/2011,510.0,510.0,500.0,500.0,-1.96,1365.0,441.0,368.0
SBI,5/22/2011,500.0,495.0,491.0,492.0,-1.6,117.0,441.0,368.0
SBI,5/23/2011,492.0,501.0,491.0,491.0,-0.2,496.0,441.0,368.0
SBI,5/24/2011,491.0,500.0,500.0,500.0,1.83,156.0,441.0,368.0
SBI,5/25/2011,500.0,507.0,475.0,507.0,1.4,4677.0,441.0,368.0
SBI,5/30/2011,507.0,500.0,497.0,500.0,-1.38,252.0,441.0,368.0
SBI,5/31/2011,500.0,500.0,475.0,475.0,-5.0,3319.0,441.0,368.0
SBI,6/1/2011,475.0,493.0,475.0,484.0,1.89,1360.0,441.0,368.0
SBI,6/2/2011,484.0,490.0,481.0,481.0,-0.62,140.0,441.0,368.0
SBI,6/5/2011,481.0,490.0,485.0,490.0,1.87,372.0,441.0,368.0
SBI,6/6/2011,490.0,485.0,482.0,482.0,-1.63,208.0,441.0,368.0
SBI,6/7/2011,482.0,474.0,463.0,470.0,-2.49,311.0,441.0,368.0
SBI,6/8/2011,470.0,479.0,470.0,479.0,1.91,459.0,441.0,368.0
SBI,6/9/2011,479.0,470.0,461.0,461.0,-3.76,68.0,441.0,368.0
SBI,6/13/2011,461.0,454.0,454.0,454.0,-1.52,17.0,441.0,368.0
SBI,6/15/2011,454.0,454.0,409.0,409.0,-9.91,616.0,441.0,368.0
SBI,6/16/2011,409.0,401.0,400.0,400.0,-2.2,714.0,441.0,368.0
SBI,6/23/2011,400.0,436.0,420.0,436.0,9.0,500.0,441.0,368.0
SBI,6/26/2011,436.0,479.0,444.0,479.0,9.86,1755.0,441.0,368.0
SBI,6/27/2011,479.0,471.0,453.0,455.0,-5.01,529.0,441.0,368.0
SBI,6/29/2011,455.0,455.0,440.0,440.0,-3.3,673.0,441.0,368.0
SBI,6/30/2011,440.0,456.0,448.0,456.0,3.64,204.0,441.0,368.0
SBI,7/3/2011,456.0,490.0,465.0,490.0,7.46,1756.0,441.0,368.0
SBI,7/4/2011,490.0,500.0,487.0,500.0,2.04,2397.0,441.0,368.0
SBI,7/5/2011,500.0,520.0,500.0,511.0,2.2,1960.0,441.0,368.0
SBI,7/6/2011,511.0,540.0,510.0,522.0,2.15,3733.0,441.0,368.0
SBI,7/10/2011,522.0,525.0,515.0,516.0,-1.15,962.0,441.0,368.0
SBI,7/11/2011,516.0,517.0,506.0,516.0,0.0,2446.0,441.0,368.0
SBI,7/12/2011,516.0,530.0,516.0,530.0,2.71,640.0,441.0,368.0
SBI,7/13/2011,530.0,561.0,540.0,540.0,1.89,1400.0,441.0,368.0
SBI,7/14/2011,540.0,579.0,550.0,565.0,4.63,1858.0,441.0,368.0
SBI,7/17/2011,565.0,587.0,576.0,587.0,3.89,717.0,441.0,368.0
SBI,7/18/2011,587.0,645.0,598.0,609.0,3.75,2197.0,441.0,368.0
SBI,7/19/2011,609.0,630.0,612.0,615.0,0.99,4001.0,441.0,368.0
SBI,7/20/2011,615.0,620.0,615.0,620.0,0.81,1024.0,441.0,368.0
SBI,7/21/2011,620.0,632.0,605.0,605.0,-2.42,3322.0,441.0,368.0
SBI,7/24/2011,605.0,610.0,572.0,572.0,-5.45,922.0,441.0,368.0
SBI,7/26/2011,572.0,570.0,565.0,565.0,-1.22,690.0,441.0,368.0
SBI,7/27/2011,565.0,595.0,557.0,595.0,5.31,3366.0,441.0,368.0
SBI,7/28/2011,595.0,602.0,588.0,588.0,-1.18,250.0,441.0,368.0
SBI,7/31/2011,588.0,588.0,579.0,579.0,-1.53,401.0,441.0,368.0
SBI,8/1/2011,579.0,568.0,568.0,568.0,-1.9,156.0,441.0,368.0
SBI,8/2/2011,568.0,565.0,557.0,557.0,-1.94,461.0,441.0,368.0
SBI,8/3/2011,557.0,553.0,548.0,548.0,-1.62,756.0,441.0,368.0
SBI,8/4/2011,548.0,548.0,538.0,539.0,-1.64,1190.0,441.0,368.0
SBI,8/7/2011,539.0,550.0,535.0,550.0,2.04,605.0,441.0,368.0
SBI,8/8/2011,550.0,540.0,540.0,540.0,-1.82,1394.0,441.0,368.0
SBI,8/9/2011,540.0,550.0,525.0,550.0,1.85,1239.0,441.0,368.0
SBI,8/10/2011,550.0,551.0,541.0,551.0,0.18,1214.0,441.0,368.0
SBI,8/11/2011,551.0,559.0,545.0,559.0,1.45,767.0,441.0,368.0
SBI,8/15/2011,559.0,579.0,569.0,579.0,3.58,300.0,441.0,368.0
SBI,8/16/2011,579.0,570.0,568.0,570.0,-1.55,411.0,441.0,368.0
SBI,8/17/2011,570.0,570.0,570.0,570.0,0.0,76.0,441.0,368.0
SBI,8/18/2011,570.0,580.0,565.0,580.0,1.75,316.0,441.0,368.0
SBI,8/22/2011,580.0,569.0,558.0,558.0,-3.79,163.0,441.0,368.0
SBI,8/23/2011,558.0,547.0,537.0,541.0,-3.05,588.0,441.0,368.0
SBI,8/25/2011,541.0,531.0,512.0,530.0,-2.03,1975.0,441.0,368.0
SBI,8/28/2011,530.0,520.0,510.0,510.0,-3.77,362.0,441.0,368.0
SBI,8/29/2011,510.0,501.0,481.0,500.0,-1.96,1285.0,441.0,368.0
SBI,8/30/2011,500.0,528.0,508.0,509.0,1.8,697.0,441.0,368.0
SBI,9/4/2011,509.0,520.0,502.0,502.0,-1.38,682.0,441.0,368.0
SBI,9/6/2011,502.0,495.0,495.0,495.0,-1.39,97.0,441.0,368.0
SBI,9/7/2011,495.0,505.0,503.0,505.0,2.02,370.0,441.0,368.0
SBI,9/8/2011,505.0,505.0,500.0,505.0,0.0,192.0,441.0,368.0
SBI,9/12/2011,505.0,505.0,495.0,495.0,-1.98,1153.0,441.0,368.0
SBI,9/13/2011,495.0,495.0,471.0,471.0,-4.85,532.0,441.0,368.0
SBI,9/14/2011,471.0,471.0,443.0,443.0,-5.94,1473.0,441.0,368.0
SBI,9/15/2011,443.0,459.0,445.0,459.0,3.61,475.0,441.0,368.0
SBI,9/18/2011,459.0,459.0,459.0,459.0,0.0,100.0,441.0,368.0
SBI,9/19/2011,459.0,450.0,446.0,446.0,-2.83,688.0,441.0,368.0
SBI,9/20/2011,446.0,460.0,445.0,460.0,3.14,818.0,441.0,368.0
SBI,9/21/2011,460.0,455.0,450.0,451.0,-1.96,228.0,441.0,368.0
SBI,9/22/2011,451.0,455.0,450.0,455.0,0.89,400.0,441.0,368.0
SBI,9/25/2011,455.0,476.0,464.0,476.0,4.62,732.0,441.0,368.0
SBI,9/26/2011,476.0,476.0,465.0,465.0,-2.31,319.0,441.0,368.0
SBI,9/27/2011,465.0,475.0,465.0,475.0,2.15,915.0,441.0,368.0
SBI,9/29/2011,475.0,480.0,480.0,480.0,1.05,100.0,441.0,368.0
SBI,10/2/2011,480.0,498.0,489.0,498.0,3.75,110.0,441.0,368.0
SBI,10/16/2011,498.0,494.0,485.0,494.0,-0.8,133.0,441.0,368.0
SBI,10/17/2011,494.0,491.0,488.0,491.0,-0.61,494.0,441.0,368.0
SBI,10/18/2011,491.0,500.0,491.0,491.0,0.0,347.0,441.0,368.0
SBI,10/19/2011,491.0,500.0,490.0,490.0,-0.2,182.0,441.0,368.0
SBI,10/20/2011,490.0,510.0,490.0,510.0,4.08,2440.0,441.0,368.0
SBI,10/23/2011,510.0,515.0,515.0,515.0,0.98,20.0,441.0,368.0
SBI,10/24/2011,515.0,524.0,508.0,508.0,-1.36,2193.0,441.0,368.0
SBI,10/25/2011,508.0,509.0,500.0,500.0,-1.57,506.0,441.0,368.0
SBI,10/30/2011,500.0,490.0,482.0,488.0,-2.4,551.0,441.0,368.0
SBI,10/31/2011,488.0,499.0,480.0,499.0,2.25,1440.0,441.0,368.0
SBI,11/2/2011,499.0,528.0,508.0,528.0,5.81,160.0,441.0,368.0
SBI,11/3/2011,528.0,532.0,520.0,526.0,-0.38,4055.0,441.0,368.0
SBI,11/8/2011,526.0,477.0,477.0,477.0,-9.32,155.0,441.0,368.0
SBI,11/9/2011,477.0,480.0,462.0,462.0,-3.14,2403.0,441.0,368.0
SBI,11/10/2011,462.0,465.0,465.0,465.0,0.65,23.0,441.0,368.0
SBI,11/13/2011,465.0,466.0,460.0,463.0,-0.43,182.0,441.0,368.0
SBI,11/14/2011,463.0,454.0,454.0,454.0,-1.94,52.0,441.0,368.0
SBI,11/15/2011,454.0,450.0,450.0,450.0,-0.88,100.0,441.0,368.0
SBI,11/17/2011,450.0,451.0,450.0,451.0,0.22,96.0,441.0,368.0
SBI,11/20/2011,451.0,455.0,450.0,455.0,0.89,3456.0,441.0,368.0
SBI,11/21/2011,455.0,460.0,452.0,460.0,1.1,605.0,441.0,368.0
SBI,11/22/2011,460.0,455.0,452.0,455.0,-1.09,1561.0,441.0,368.0
SBI,11/23/2011,455.0,455.0,455.0,455.0,0.0,300.0,441.0,368.0
SBI,11/27/2011,455.0,450.0,447.0,450.0,-1.1,530.0,441.0,368.0
SBI,12/1/2011,449.0,449.0,449.0,449.0,-0.22,267.0,441.0,368.0
SBI,12/4/2011,449.0,441.0,441.0,441.0,-1.78,78.0,441.0,368.0
SBI,12/5/2011,441.0,445.0,438.0,440.0,-0.23,264.0,441.0,368.0
SBI,12/7/2011,440.0,435.0,425.0,425.0,-3.41,1587.0,441.0,368.0
SBI,12/11/2011,425.0,430.0,423.0,423.0,-0.47,262.0,441.0,368.0
SBI,12/12/2011,423.0,423.0,423.0,423.0,0.0,459.0,441.0,368.0
SBI,12/13/2011,423.0,431.0,431.0,431.0,1.89,577.0,441.0,368.0
SBI,12/15/2011,431.0,423.0,418.0,420.0,-2.55,708.0,441.0,368.0
SBI,12/18/2011,420.0,415.0,411.0,413.0,-1.67,1154.0,441.0,368.0
SBI,12/19/2011,413.0,421.0,415.0,421.0,1.94,230.0,441.0,368.0
SBI,12/20/2011,421.0,424.0,416.0,418.0,-0.71,819.0,441.0,368.0
SBI,12/21/2011,418.0,420.0,412.0,413.0,-1.2,1730.0,441.0,368.0
SBI,12/22/2011,413.0,415.0,410.0,415.0,0.48,1733.0,441.0,368.0
SBI,12/26/2011,415.0,412.0,405.0,410.0,-1.2,2021.0,441.0,368.0
SBI,12/27/2011,410.0,414.0,409.0,409.0,-0.24,479.0,441.0,368.0
SBI,12/28/2011,409.0,409.0,401.0,409.0,0.0,665.0,441.0,368.0
SBI,12/29/2011,409.0,411.0,406.0,406.0,-0.73,592.0,441.0,368.0
SBI,1/1/2012,406.0,416.0,410.0,416.0,2.46,1032.0,441.0,368.0
SBI,1/2/2012,416.0,430.0,422.0,430.0,3.37,592.0,441.0,368.0
SBI,1/3/2012,430.0,446.0,438.0,439.0,2.09,1124.0,441.0,368.0
SBI,1/4/2012,439.0,431.0,431.0,431.0,-1.82,86.0,441.0,368.0
SBI,1/5/2012,431.0,430.0,423.0,423.0,-1.86,484.0,441.0,368.0
SBI,1/8/2012,423.0,425.0,421.0,422.0,-0.24,600.0,441.0,368.0
SBI,1/9/2012,422.0,430.0,428.0,428.0,1.42,503.0,441.0,368.0
SBI,1/10/2012,423.0,436.0,425.0,436.0,1.87,1052.0,441.0,368.0
SBI,1/11/2012,436.0,444.0,444.0,444.0,1.83,20.0,441.0,368.0
SBI,1/12/2012,444.0,443.0,435.0,439.0,-1.13,384.0,441.0,368.0
SBI,1/18/2012,439.0,444.0,444.0,444.0,1.14,50.0,441.0,368.0
SBI,1/19/2012,444.0,445.0,445.0,445.0,0.23,68.0,441.0,368.0
SBI,1/22/2012,445.0,446.0,438.0,445.0,0.0,1780.0,441.0,368.0
SBI,1/23/2012,445.0,440.0,440.0,440.0,-1.12,109.0,441.0,368.0
SBI,1/25/2012,440.0,432.0,418.0,418.0,-5.0,268.0,441.0,368.0
SBI,1/26/2012,418.0,410.0,400.0,400.0,-4.31,65867.0,441.0,368.0
SBI,1/29/2012,400.0,424.0,408.0,417.0,4.25,293.0,441.0,368.0
SBI,1/31/2012,417.0,427.0,424.0,427.0,2.4,593.0,441.0,368.0
SBI,2/1/2012,427.0,425.0,425.0,425.0,-0.47,1569.0,441.0,368.0
SBI,2/5/2012,425.0,432.0,425.0,426.0,0.24,325.0,441.0,368.0
SBI,2/6/2012,426.0,425.0,420.0,420.0,-1.41,576.0,441.0,368.0
SBI,2/7/2012,420.0,428.0,420.0,422.0,0.48,491.0,441.0,368.0
SBI,2/8/2012,422.0,401.0,401.0,401.0,-4.98,28000.0,441.0,368.0
SBI,2/12/2012,401.0,420.0,409.0,417.0,3.99,925.0,441.0,368.0
SBI,2/13/2012,417.0,422.0,416.0,421.0,0.96,254.0,441.0,368.0
SBI,2/14/2012,421.0,425.0,420.0,421.0,0.0,462.0,441.0,368.0
SBI,2/15/2012,421.0,416.0,416.0,416.0,-1.19,328.0,441.0,368.0
SBI,2/16/2012,416.0,408.0,408.0,408.0,-1.92,2286.0,441.0,368.0
SBI,2/21/2012,408.0,416.0,408.0,414.0,1.47,2792.0,441.0,368.0
SBI,2/23/2012,414.0,416.0,408.0,416.0,0.48,2130.0,441.0,368.0
SBI,2/26/2012,416.0,428.0,420.0,422.0,1.44,710.0,441.0,368.0
SBI,2/27/2012,422.0,425.0,412.0,422.0,0.0,2776.0,441.0,368.0
SBI,2/28/2012,422.0,430.0,426.0,430.0,1.9,644.0,441.0,368.0
SBI,2/29/2012,430.0,438.0,425.0,438.0,1.86,2511.0,441.0,368.0
SBI,3/1/2012,438.0,435.0,426.0,435.0,-0.68,3453.0,441.0,368.0
SBI,3/4/2012,435.0,434.0,424.0,432.0,-0.69,3314.0,441.0,368.0
SBI,3/5/2012,432.0,441.0,425.0,441.0,2.08,2697.0,441.0,368.0
SBI,3/6/2012,441.0,440.0,433.0,440.0,-0.23,2150.0,441.0,368.0
SBI,3/11/2012,440.0,435.0,421.0,425.0,-3.41,3241.0,441.0,368.0
SBI,3/12/2012,425.0,433.0,421.0,422.0,-0.71,1486.0,441.0,368.0
SBI,3/13/2012,422.0,423.0,423.0,423.0,0.24,120.0,441.0,368.0
SBI,3/14/2012,423.0,430.0,425.0,429.0,1.42,573.0,441.0,368.0
SBI,3/15/2012,429.0,425.0,424.0,425.0,-0.93,564.0,441.0,368.0
SBI,3/18/2012,425.0,429.0,423.0,426.0,0.24,1180.0,441.0,368.0
SBI,3/19/2012,426.0,429.0,425.0,429.0,0.7,238.0,441.0,368.0
SBI,3/20/2012,429.0,435.0,427.0,427.0,-0.47,586.0,441.0,368.0
SBI,3/21/2012,427.0,429.0,419.0,429.0,0.47,527.0,441.0,368.0
SBI,3/25/2012,429.0,422.0,422.0,422.0,-1.63,730.0,441.0,368.0
SBI,3/26/2012,422.0,426.0,426.0,426.0,0.95,27.0,441.0,368.0
SBI,3/27/2012,426.0,425.0,419.0,425.0,-0.23,568.0,441.0,368.0
SBI,3/29/2012,425.0,426.0,422.0,422.0,-0.71,200.0,441.0,368.0
SBI,4/1/2012,422.0,427.0,422.0,425.0,0.71,597.0,441.0,368.0
SBI,4/2/2012,425.0,425.0,424.0,424.0,-0.24,340.0,441.0,368.0
SBI,4/3/2012,424.0,428.0,422.0,428.0,0.94,658.0,441.0,368.0
SBI,4/4/2012,428.0,430.0,425.0,427.0,-0.23,262.0,441.0,368.0
SBI,4/5/2012,427.0,427.0,427.0,427.0,0.0,33.0,441.0,368.0
SBI,4/8/2012,427.0,442.0,428.0,435.0,1.87,1169.0,441.0,368.0
SBI,4/9/2012,435.0,440.0,439.0,439.0,0.92,265.0,441.0,368.0
SBI,4/10/2012,439.0,464.0,425.0,464.0,5.69,2534.0,441.0,368.0
SBI,4/11/2012,464.0,483.0,455.0,455.0,-1.94,1562.0,441.0,368.0
SBI,4/12/2012,455.0,482.0,456.0,475.0,4.4,1874.0,441.0,368.0
SBI,4/15/2012,475.0,512.0,484.0,512.0,7.79,1354.0,441.0,368.0
SBI,4/16/2012,512.0,551.0,520.0,551.0,7.62,4480.0,441.0,368.0
SBI,4/17/2012,551.0,584.0,520.0,520.0,-5.63,3510.0,441.0,368.0
SBI,4/18/2012,520.0,555.0,490.0,545.0,4.81,2143.0,441.0,368.0
SBI,4/19/2012,545.0,577.0,545.0,565.0,3.67,5585.0,441.0,368.0
SBI,4/22/2012,565.0,594.0,568.0,590.0,4.42,3173.0,441.0,368.0
SBI,4/24/2012,590.0,649.0,601.0,649.0,10.0,3245.0,441.0,368.0
SBI,4/25/2012,649.0,713.0,661.0,713.0,9.86,1132.0,441.0,368.0
SBI,4/26/2012,713.0,764.0,660.0,712.0,-0.14,10322.0,441.0,368.0
SBI,4/29/2012,712.0,720.0,681.0,696.0,-2.25,5553.0,441.0,368.0
SBI,4/30/2012,696.0,685.0,652.0,668.0,-4.02,1541.0,441.0,368.0
SBI,5/2/2012,668.0,655.0,633.0,633.0,-5.24,467.0,441.0,368.0
SBI,5/3/2012,633.0,696.0,645.0,696.0,9.95,4084.0,441.0,368.0
SBI,5/7/2012,696.0,709.0,709.0,709.0,1.87,100.0,441.0,368.0
SBI,5/8/2012,709.0,760.0,670.0,696.0,-1.83,3949.0,441.0,368.0
SBI,5/9/2012,696.0,690.0,670.0,672.0,-3.45,2445.0,441.0,368.0
SBI,5/10/2012,672.0,672.0,634.0,669.0,-0.45,6955.0,441.0,368.0
SBI,5/13/2012,669.0,656.0,615.0,624.0,-6.73,1522.0,441.0,368.0
SBI,5/14/2012,624.0,612.0,562.0,570.0,-8.65,1243.0,441.0,368.0
SBI,5/15/2012,570.0,627.0,581.0,627.0,10.0,925.0,441.0,368.0
SBI,5/16/2012,627.0,689.0,639.0,689.0,9.89,2575.0,441.0,368.0
SBI,5/17/2012,689.0,724.0,662.0,662.0,-3.92,6778.0,441.0,368.0
SBI,5/20/2012,662.0,675.0,638.0,658.0,-0.6,3350.0,441.0,368.0
SBI,5/21/2012,658.0,685.0,642.0,679.0,3.19,6153.0,441.0,368.0
SBI,5/22/2012,679.0,669.0,650.0,657.0,-3.24,5153.0,441.0,368.0
SBI,5/23/2012,657.0,644.0,600.0,600.0,-8.68,964.0,441.0,368.0
SBI,5/24/2012,600.0,660.0,600.0,634.0,5.67,4405.0,441.0,368.0
SBI,5/27/2012,634.0,685.0,625.0,680.0,7.26,2938.0,441.0,368.0
SBI,5/29/2012,680.0,667.0,617.0,617.0,-9.26,50.0,441.0,368.0
SBI,5/30/2012,617.0,587.0,556.0,556.0,-9.89,291.0,441.0,368.0
SBI,5/31/2012,556.0,576.0,501.0,576.0,3.6,6445.0,441.0,368.0
SBI,6/3/2012,576.0,633.0,587.0,625.0,8.51,2391.0,441.0,368.0
SBI,6/4/2012,625.0,620.0,572.0,584.0,-6.56,2792.0,441.0,368.0
SBI,6/5/2012,584.0,573.0,534.0,571.0,-2.23,2074.0,441.0,368.0
SBI,6/6/2012,571.0,560.0,547.0,547.0,-4.2,781.0,441.0,368.0
SBI,6/7/2012,547.0,571.0,554.0,560.0,2.38,823.0,441.0,368.0
SBI,6/10/2012,560.0,560.0,540.0,544.0,-2.86,2614.0,441.0,368.0
SBI,6/11/2012,544.0,558.0,554.0,556.0,2.21,512.0,441.0,368.0
SBI,6/12/2012,556.0,580.0,535.0,565.0,1.62,1766.0,441.0,368.0
SBI,6/13/2012,565.0,564.0,554.0,556.0,-1.59,906.0,441.0,368.0
SBI,6/14/2012,556.0,551.0,546.0,551.0,-0.9,118.0,441.0,368.0
SBI,6/17/2012,551.0,550.0,540.0,542.0,-1.63,1497.0,441.0,368.0
SBI,6/18/2012,542.0,555.0,535.0,555.0,2.4,1232.0,441.0,368.0
SBI,6/19/2012,555.0,552.0,544.0,552.0,-0.54,2322.0,441.0,368.0
SBI,6/20/2012,552.0,563.0,554.0,554.0,0.36,697.0,441.0,368.0
SBI,6/21/2012,554.0,560.0,555.0,560.0,1.08,744.0,441.0,368.0
SBI,6/25/2012,560.0,590.0,562.0,590.0,5.36,901.0,441.0,368.0
SBI,6/26/2012,590.0,583.0,572.0,583.0,-1.19,468.0,441.0,368.0
SBI,6/27/2012,583.0,609.0,592.0,600.0,2.92,2122.0,441.0,368.0
SBI,6/28/2012,600.0,634.0,610.0,617.0,2.83,2758.0,441.0,368.0
SBI,7/1/2012,617.0,610.0,605.0,610.0,-1.13,2068.0,441.0,368.0
SBI,7/2/2012,610.0,619.0,605.0,619.0,1.48,976.0,441.0,368.0
SBI,7/3/2012,619.0,615.0,603.0,605.0,-2.26,1264.0,441.0,368.0
SBI,7/4/2012,605.0,622.0,600.0,613.0,1.32,1983.0,441.0,368.0
SBI,7/5/2012,613.0,624.0,613.0,624.0,1.79,764.0,441.0,368.0
SBI,7/8/2012,624.0,630.0,615.0,630.0,0.96,1102.0,441.0,368.0
SBI,7/9/2012,630.0,627.0,618.0,622.0,-1.27,1236.0,441.0,368.0
SBI,7/10/2012,622.0,634.0,615.0,630.0,1.29,2732.0,441.0,368.0
SBI,7/11/2012,630.0,644.0,630.0,644.0,2.22,1444.0,441.0,368.0
SBI,7/12/2012,644.0,635.0,623.0,635.0,-1.4,2910.0,441.0,368.0
SBI,7/16/2012,635.0,640.0,623.0,623.0,-1.89,640.0,441.0,368.0
SBI,7/17/2012,623.0,635.0,628.0,635.0,1.93,232.0,441.0,368.0
SBI,7/18/2012,635.0,636.0,623.0,636.0,0.16,222.0,441.0,368.0
SBI,7/19/2012,636.0,648.0,626.0,626.0,-1.57,433.0,441.0,368.0
SBI,7/22/2012,626.0,658.0,626.0,649.0,3.67,6510.0,441.0,368.0
SBI,7/23/2012,649.0,675.0,660.0,662.0,2.0,3215.0,441.0,368.0
SBI,7/24/2012,662.0,660.0,640.0,644.0,-2.72,3427.0,441.0,368.0
SBI,7/25/2012,644.0,645.0,639.0,639.0,-0.78,917.0,441.0,368.0
SBI,7/26/2012,639.0,644.0,635.0,640.0,0.16,2199.0,441.0,368.0
SBI,7/29/2012,640.0,638.0,628.0,630.0,-1.56,974.0,441.0,368.0
SBI,7/30/2012,630.0,632.0,620.0,629.0,-0.16,1215.0,441.0,368.0
SBI,7/31/2012,629.0,638.0,615.0,638.0,1.43,1911.0,441.0,368.0
SBI,8/1/2012,638.0,640.0,640.0,640.0,0.31,19.0,441.0,368.0
SBI,8/5/2012,640.0,635.0,620.0,635.0,-0.78,1702.0,441.0,368.0
SBI,8/6/2012,635.0,638.0,635.0,635.0,0.0,350.0,441.0,368.0
SBI,8/7/2012,635.0,645.0,635.0,635.0,0.0,326.0,441.0,368.0
SBI,8/8/2012,635.0,631.0,619.0,619.0,-2.52,514.0,441.0,368.0
SBI,8/12/2012,619.0,619.0,600.0,611.0,-1.29,1252.0,441.0,368.0
SBI,8/13/2012,611.0,622.0,608.0,622.0,1.8,390.0,441.0,368.0
SBI,8/14/2012,622.0,610.0,593.0,595.0,-4.34,1030.0,441.0,368.0
SBI,8/15/2012,595.0,595.0,569.0,569.0,-4.37,1008.0,441.0,368.0
SBI,8/16/2012,569.0,596.0,558.0,595.0,4.57,1398.0,441.0,368.0
SBI,8/22/2012,595.0,599.0,577.0,577.0,-3.03,398.0,441.0,368.0
SBI,8/23/2012,577.0,584.0,576.0,580.0,0.52,2921.0,441.0,368.0
SBI,8/26/2012,580.0,571.0,564.0,564.0,-2.76,10526.0,441.0,368.0
SBI,8/27/2012,564.0,584.0,574.0,584.0,3.55,445.0,441.0,368.0
SBI,8/28/2012,584.0,590.0,580.0,590.0,1.03,780.0,441.0,368.0
SBI,8/29/2012,590.0,585.0,579.0,585.0,-0.85,546.0,441.0,368.0
SBI,8/30/2012,585.0,576.0,569.0,570.0,-2.56,782.0,441.0,368.0
SBI,9/2/2012,570.0,580.0,561.0,580.0,1.75,1468.0,441.0,368.0
SBI,9/3/2012,580.0,570.0,563.0,570.0,-1.72,309.0,441.0,368.0
SBI,9/4/2012,570.0,581.0,575.0,575.0,0.88,607.0,441.0,368.0
SBI,9/5/2012,575.0,570.0,560.0,569.0,-1.04,1297.0,441.0,368.0
SBI,9/6/2012,569.0,590.0,570.0,580.0,1.93,2469.0,441.0,368.0
SBI,9/9/2012,580.0,575.0,570.0,570.0,-1.72,4314.0,441.0,368.0
SBI,9/10/2012,570.0,580.0,558.0,580.0,1.75,1250.0,441.0,368.0
SBI,9/11/2012,580.0,584.0,580.0,581.0,0.17,1265.0,441.0,368.0
SBI,9/12/2012,581.0,582.0,580.0,580.0,-0.17,174.0,441.0,368.0
SBI,9/13/2012,580.0,586.0,583.0,586.0,1.03,351.0,441.0,368.0
SBI,9/16/2012,586.0,585.0,575.0,583.0,-0.51,1845.0,441.0,368.0
SBI,9/17/2012,583.0,585.0,579.0,579.0,-0.69,1620.0,441.0,368.0
SBI,9/18/2012,579.0,601.0,590.0,600.0,3.63,1561.0,441.0,368.0
SBI,9/19/2012,600.0,600.0,595.0,595.0,-0.83,435.0,441.0,368.0
SBI,9/20/2012,595.0,590.0,588.0,589.0,-1.01,844.0,441.0,368.0
SBI,9/23/2012,589.0,580.0,570.0,579.0,-1.7,730.0,441.0,368.0
SBI,9/24/2012,579.0,590.0,570.0,570.0,-1.55,2421.0,441.0,368.0
SBI,9/25/2012,570.0,583.0,566.0,583.0,2.28,1097.0,441.0,368.0
SBI,9/26/2012,583.0,578.0,568.0,578.0,-0.86,2101.0,441.0,368.0
SBI,9/30/2012,571.0,560.0,560.0,560.0,-3.11,100.0,441.0,368.0
SBI,10/1/2012,560.0,500.0,498.0,499.0,-10.89,742.0,441.0,368.0
SBI,10/2/2012,499.0,490.0,485.0,485.0,-2.81,488.0,441.0,368.0
SBI,10/3/2012,485.0,494.0,487.0,494.0,1.86,502.0,441.0,368.0
SBI,10/4/2012,494.0,494.0,494.0,494.0,0.0,216.0,441.0,368.0
SBI,10/7/2012,494.0,494.0,476.0,494.0,0.0,1649.0,441.0,368.0
SBI,10/8/2012,494.0,513.0,503.0,513.0,3.85,528.0,441.0,368.0
SBI,10/9/2012,513.0,525.0,515.0,525.0,2.34,989.0,441.0,368.0
SBI,10/11/2012,525.0,527.0,527.0,527.0,0.38,880.0,441.0,368.0
SBI,10/14/2012,527.0,527.0,517.0,517.0,-1.9,563.0,441.0,368.0
SBI,10/17/2012,517.0,527.0,527.0,527.0,1.93,929.0,441.0,368.0
SBI,10/18/2012,527.0,517.0,500.0,511.0,-3.04,4821.0,441.0,368.0
SBI,10/30/2012,511.0,562.0,521.0,562.0,9.98,1103.0,441.0,368.0
SBI,10/31/2012,562.0,595.0,573.0,588.0,4.63,1646.0,441.0,368.0
SBI,11/1/2012,588.0,599.0,569.0,580.0,-1.36,5167.0,441.0,368.0
SBI,11/4/2012,580.0,596.0,581.0,596.0,2.76,2819.0,441.0,368.0
SBI,11/5/2012,596.0,643.0,607.0,643.0,7.89,325.0,441.0,368.0
SBI,11/6/2012,643.0,643.0,619.0,641.0,-0.31,5045.0,441.0,368.0
SBI,11/7/2012,641.0,665.0,645.0,655.0,2.18,5503.0,441.0,368.0
SBI,11/8/2012,655.0,700.0,656.0,677.0,3.36,9890.0,441.0,368.0
SBI,11/11/2012,677.0,665.0,638.0,638.0,-5.76,1631.0,441.0,368.0
SBI,11/12/2012,638.0,663.0,630.0,650.0,1.88,2937.0,441.0,368.0
SBI,11/18/2012,650.0,675.0,650.0,670.0,3.08,2672.0,441.0,368.0
SBI,11/20/2012,670.0,695.0,670.0,676.0,0.9,1632.0,441.0,368.0
SBI,11/21/2012,676.0,696.0,632.0,665.0,-1.63,5137.0,441.0,368.0
SBI,11/22/2012,665.0,677.0,650.0,663.0,-0.3,7652.0,441.0,368.0
SBI,11/25/2012,663.0,690.0,657.0,664.0,0.15,5535.0,441.0,368.0
SBI,11/26/2012,664.0,671.0,651.0,665.0,0.15,3389.0,441.0,368.0
SBI,11/27/2012,665.0,664.0,651.0,660.0,-0.75,5723.0,441.0,368.0
SBI,11/28/2012,660.0,675.0,662.0,675.0,2.27,8504.0,441.0,368.0
SBI,11/29/2012,675.0,678.0,660.0,672.0,-0.44,3901.0,441.0,368.0
SBI,12/2/2012,672.0,660.0,653.0,653.0,-2.83,553.0,441.0,368.0
SBI,12/3/2012,653.0,654.0,640.0,654.0,0.15,4716.0,441.0,368.0
SBI,12/4/2012,654.0,680.0,660.0,674.0,3.06,5001.0,441.0,368.0
SBI,12/5/2012,674.0,703.0,684.0,703.0,4.3,11532.0,441.0,368.0
SBI,12/6/2012,703.0,714.0,678.0,706.0,0.43,10375.0,441.0,368.0
SBI,12/9/2012,706.0,700.0,677.0,680.0,-3.68,7943.0,441.0,368.0
SBI,12/10/2012,680.0,691.0,667.0,690.0,1.47,3596.0,441.0,368.0
SBI,12/11/2012,690.0,695.0,685.0,686.0,-0.58,4447.0,441.0,368.0
SBI,12/12/2012,686.0,703.0,688.0,699.0,1.9,5519.0,441.0,368.0
SBI,12/13/2012,699.0,708.0,693.0,705.0,0.86,2303.0,441.0,368.0
SBI,12/16/2012,705.0,743.0,692.0,743.0,5.39,10100.0,441.0,368.0
SBI,12/17/2012,743.0,790.0,742.0,770.0,3.63,10692.0,441.0,368.0
SBI,12/18/2012,770.0,769.0,737.0,751.0,-2.47,15992.0,441.0,368.0
SBI,12/19/2012,751.0,794.0,766.0,776.0,3.33,5833.0,441.0,368.0
SBI,12/20/2012,776.0,791.0,773.0,786.0,1.29,8155.0,441.0,368.0
SBI,12/23/2012,786.0,805.0,786.0,805.0,2.42,7129.0,441.0,368.0
SBI,12/24/2012,805.0,851.0,805.0,846.0,5.09,6007.0,441.0,368.0
SBI,12/26/2012,846.0,872.0,846.0,870.0,2.84,7723.0,441.0,368.0
SBI,12/27/2012,870.0,901.0,875.0,885.0,1.72,5812.0,441.0,368.0
SBI,12/31/2012,885.0,890.0,855.0,860.0,-2.82,4806.0,441.0,368.0
SBI,1/1/2013,860.0,877.0,845.0,854.0,-0.7,3590.0,441.0,368.0
SBI,1/2/2013,854.0,856.0,836.0,850.0,-0.47,7502.0,441.0,368.0
SBI,1/3/2013,850.0,867.0,850.0,859.0,1.06,5169.0,441.0,368.0
SBI,1/6/2013,859.0,876.0,843.0,846.0,-1.51,5622.0,441.0,368.0
SBI,1/7/2013,846.0,862.0,831.0,844.0,-0.24,10601.0,441.0,368.0
SBI,1/8/2013,844.0,841.0,835.0,835.0,-1.07,696.0,441.0,368.0
SBI,1/9/2013,835.0,830.0,820.0,821.0,-1.68,5524.0,441.0,368.0
SBI,1/10/2013,821.0,845.0,815.0,835.0,1.71,10682.0,441.0,368.0
SBI,1/13/2013,835.0,851.0,835.0,851.0,1.92,6423.0,441.0,368.0
SBI,1/15/2013,851.0,876.0,850.0,862.0,1.29,9233.0,441.0,368.0
SBI,1/16/2013,862.0,860.0,850.0,852.0,-1.16,5302.0,441.0,368.0
SBI,1/17/2013,852.0,850.0,830.0,838.0,-1.64,2528.0,441.0,368.0
SBI,1/20/2013,838.0,830.0,790.0,796.0,-5.01,4249.0,441.0,368.0
SBI,1/21/2013,796.0,830.0,796.0,818.0,2.76,6157.0,441.0,368.0
SBI,1/22/2013,818.0,834.0,810.0,827.0,1.1,4047.0,441.0,368.0
SBI,1/23/2013,827.0,829.0,811.0,826.0,-0.12,3408.0,441.0,368.0
SBI,1/24/2013,826.0,821.0,808.0,821.0,-0.61,3261.0,441.0,368.0
SBI,1/27/2013,821.0,814.0,800.0,814.0,-0.85,2589.0,441.0,368.0
SBI,1/28/2013,814.0,817.0,810.0,810.0,-0.49,4501.0,441.0,368.0
SBI,1/30/2013,810.0,821.0,800.0,821.0,1.36,6525.0,441.0,368.0
SBI,1/31/2013,821.0,840.0,800.0,840.0,2.31,10168.0,441.0,368.0
SBI,2/3/2013,840.0,841.0,820.0,830.0,-1.19,2109.0,441.0,368.0
SBI,2/4/2013,830.0,846.0,816.0,822.0,-0.96,527.0,441.0,368.0
SBI,2/5/2013,822.0,851.0,823.0,829.0,0.85,4697.0,441.0,368.0
SBI,2/6/2013,829.0,821.0,814.0,820.0,-1.09,818.0,441.0,368.0
SBI,2/7/2013,820.0,820.0,810.0,820.0,0.0,1276.0,441.0,368.0
SBI,2/10/2013,820.0,820.0,811.0,818.0,-0.24,1595.0,441.0,368.0
SBI,2/12/2013,818.0,877.0,834.0,877.0,7.21,2468.0,441.0,368.0
SBI,2/13/2013,877.0,860.0,847.0,851.0,-2.96,1215.0,441.0,368.0
SBI,2/14/2013,851.0,864.0,840.0,850.0,-0.12,7017.0,441.0,368.0
SBI,2/17/2013,850.0,919.0,867.0,905.0,6.47,7973.0,441.0,368.0
SBI,2/19/2013,905.0,959.0,869.0,870.0,-3.87,10406.0,441.0,368.0
SBI,2/20/2013,870.0,865.0,837.0,850.0,-2.3,1875.0,441.0,368.0
SBI,2/21/2013,850.0,877.0,848.0,865.0,1.76,3423.0,441.0,368.0
SBI,2/24/2013,865.0,855.0,836.0,852.0,-1.5,2493.0,441.0,368.0
SBI,2/25/2013,852.0,886.0,853.0,868.0,1.88,3774.0,441.0,368.0
SBI,2/26/2013,868.0,885.0,868.0,870.0,0.23,1284.0,441.0,368.0
SBI,2/27/2013,870.0,854.0,837.0,837.0,-3.79,783.0,441.0,368.0
SBI,2/28/2013,837.0,880.0,840.0,874.0,4.42,986.0,441.0,368.0
SBI,3/3/2013,874.0,876.0,862.0,862.0,-1.37,3544.0,441.0,368.0
SBI,3/4/2013,862.0,875.0,857.0,875.0,1.51,4577.0,441.0,368.0
SBI,3/5/2013,875.0,870.0,858.0,865.0,-1.14,1418.0,441.0,368.0
SBI,3/6/2013,865.0,870.0,863.0,864.0,-0.12,3035.0,441.0,368.0
SBI,3/7/2013,864.0,870.0,860.0,864.0,0.0,3040.0,441.0,368.0
SBI,3/11/2013,864.0,875.0,859.0,869.0,0.58,5361.0,441.0,368.0
SBI,3/13/2013,869.0,882.0,860.0,878.0,1.04,7256.0,441.0,368.0
SBI,3/14/2013,878.0,900.0,860.0,876.0,-0.23,5173.0,441.0,368.0
SBI,3/17/2013,876.0,860.0,850.0,853.0,-2.63,2674.0,441.0,368.0
SBI,3/18/2013,853.0,857.0,841.0,851.0,-0.23,1122.0,441.0,368.0
SBI,3/19/2013,851.0,860.0,846.0,858.0,0.82,1775.0,441.0,368.0
SBI,3/20/2013,858.0,860.0,840.0,841.0,-1.98,3855.0,441.0,368.0
SBI,3/21/2013,841.0,846.0,840.0,840.0,-0.12,2059.0,441.0,368.0
SBI,3/24/2013,840.0,838.0,815.0,838.0,-0.24,16454.0,441.0,368.0
SBI,3/25/2013,838.0,845.0,830.0,845.0,0.84,2026.0,441.0,368.0
SBI,3/27/2013,845.0,861.0,835.0,840.0,-0.59,1334.0,441.0,368.0
SBI,3/28/2013,840.0,835.0,820.0,835.0,-0.6,4685.0,441.0,368.0
SBI,3/31/2013,835.0,822.0,804.0,805.0,-3.59,4621.0,441.0,368.0
SBI,4/1/2013,805.0,815.0,785.0,810.0,0.62,4452.0,441.0,368.0
SBI,4/2/2013,810.0,830.0,803.0,830.0,2.47,2028.0,441.0,368.0
SBI,4/3/2013,830.0,842.0,810.0,828.0,-0.24,2423.0,441.0,368.0
SBI,4/4/2013,828.0,830.0,820.0,821.0,-0.85,2144.0,441.0,368.0
SBI,4/7/2013,821.0,833.0,800.0,828.0,0.85,3650.0,441.0,368.0
SBI,4/8/2013,828.0,828.0,821.0,828.0,0.0,2325.0,441.0,368.0
SBI,4/9/2013,828.0,839.0,822.0,832.0,0.48,2766.0,441.0,368.0
SBI,4/11/2013,832.0,847.0,816.0,842.0,1.2,3252.0,441.0,368.0
SBI,4/15/2013,842.0,859.0,846.0,852.0,1.19,5901.0,441.0,368.0
SBI,4/16/2013,852.0,854.0,845.0,854.0,0.23,3495.0,441.0,368.0
SBI,4/17/2013,854.0,869.0,845.0,855.0,0.12,7596.0,441.0,368.0
SBI,4/18/2013,855.0,872.0,850.0,872.0,1.99,2350.0,441.0,368.0
SBI,4/21/2013,872.0,855.0,820.0,832.0,-4.59,3515.0,441.0,368.0
SBI,4/22/2013,832.0,864.0,816.0,846.0,1.68,7452.0,441.0,368.0
SBI,4/23/2013,846.0,855.0,836.0,847.0,0.12,13849.0,441.0,368.0
SBI,4/25/2013,847.0,850.0,824.0,840.0,-0.83,2405.0,441.0,368.0
SBI,4/28/2013,840.0,840.0,826.0,831.0,-1.07,6156.0,441.0,368.0
SBI,4/29/2013,831.0,838.0,820.0,837.0,0.72,3066.0,441.0,368.0
SBI,4/30/2013,837.0,836.0,830.0,833.0,-0.48,4314.0,441.0,368.0
SBI,5/2/2013,833.0,823.0,808.0,816.0,-2.04,4721.0,441.0,368.0
SBI,5/5/2013,816.0,820.0,800.0,805.0,-1.35,1476.0,441.0,368.0
SBI,5/6/2013,805.0,802.0,791.0,800.0,-0.62,2058.0,441.0,368.0
SBI,5/7/2013,800.0,831.0,775.0,821.0,2.63,5414.0,441.0,368.0
SBI,5/8/2013,821.0,821.0,810.0,813.0,-0.97,4447.0,441.0,368.0
SBI,5/9/2013,813.0,810.0,801.0,810.0,-0.37,587.0,441.0,368.0
SBI,5/12/2013,810.0,820.0,800.0,810.0,0.0,1487.0,441.0,368.0
SBI,5/13/2013,810.0,815.0,802.0,812.0,0.25,2893.0,441.0,368.0
SBI,5/14/2013,812.0,818.0,800.0,818.0,0.74,2063.0,441.0,368.0
SBI,5/15/2013,818.0,831.0,818.0,825.0,0.86,674.0,441.0,368.0
SBI,5/16/2013,825.0,840.0,828.0,830.0,0.61,963.0,441.0,368.0
SBI,5/19/2013,830.0,841.0,814.0,828.0,-0.24,3373.0,441.0,368.0
SBI,5/20/2013,828.0,842.0,820.0,820.0,-0.97,4006.0,441.0,368.0
SBI,5/21/2013,820.0,826.0,815.0,821.0,0.12,2479.0,441.0,368.0
SBI,5/22/2013,821.0,833.0,816.0,820.0,-0.12,3909.0,441.0,368.0
SBI,5/23/2013,820.0,820.0,817.0,817.0,-0.37,1167.0,441.0,368.0
SBI,5/26/2013,817.0,825.0,815.0,825.0,0.98,3228.0,441.0,368.0
SBI,5/27/2013,825.0,827.0,820.0,827.0,0.24,300.0,441.0,368.0
SBI,5/28/2013,827.0,833.0,828.0,831.0,0.48,1652.0,441.0,368.0
SBI,5/30/2013,831.0,832.0,820.0,825.0,-0.72,2214.0,441.0,368.0
SBI,6/2/2013,825.0,825.0,811.0,820.0,-0.61,4095.0,441.0,368.0
SBI,6/3/2013,820.0,821.0,820.0,820.0,0.0,142.0,441.0,368.0
SBI,6/4/2013,820.0,827.0,812.0,822.0,0.24,2453.0,441.0,368.0
SBI,6/5/2013,822.0,824.0,819.0,824.0,0.24,2001.0,441.0,368.0
SBI,6/6/2013,824.0,825.0,821.0,824.0,0.0,1476.0,441.0,368.0
SBI,6/9/2013,824.0,825.0,818.0,820.0,-0.49,1341.0,441.0,368.0
SBI,6/10/2013,820.0,824.0,814.0,817.0,-0.37,1735.0,441.0,368.0
SBI,6/11/2013,817.0,818.0,814.0,817.0,0.0,1608.0,441.0,368.0
SBI,6/12/2013,817.0,822.0,810.0,821.0,0.49,2800.0,441.0,368.0
SBI,6/13/2013,821.0,820.0,810.0,815.0,-0.73,1783.0,441.0,368.0
SBI,6/16/2013,815.0,813.0,811.0,813.0,-0.25,462.0,441.0,368.0
SBI,6/17/2013,813.0,824.0,816.0,824.0,1.35,132.0,441.0,368.0
SBI,6/18/2013,824.0,824.0,801.0,811.0,-1.58,1083.0,441.0,368.0
SBI,6/19/2013,811.0,813.0,806.0,813.0,0.25,1415.0,441.0,368.0
SBI,6/20/2013,813.0,816.0,811.0,816.0,0.37,2695.0,441.0,368.0
SBI,6/23/2013,816.0,814.0,808.0,808.0,-0.98,1955.0,441.0,368.0
SBI,6/24/2013,808.0,815.0,810.0,815.0,0.87,1176.0,441.0,368.0
SBI,6/25/2013,815.0,822.0,812.0,822.0,0.86,1508.0,441.0,368.0
SBI,6/26/2013,822.0,839.0,829.0,830.0,0.97,2130.0,441.0,368.0
SBI,6/27/2013,830.0,830.0,820.0,824.0,-0.72,898.0,441.0,368.0
SBI,6/30/2013,824.0,819.0,815.0,816.0,-0.97,3756.0,441.0,368.0
SBI,7/1/2013,816.0,822.0,815.0,821.0,0.61,2871.0,441.0,368.0
SBI,7/2/2013,821.0,830.0,818.0,820.0,-0.12,1279.0,441.0,368.0
SBI,7/3/2013,820.0,829.0,817.0,829.0,1.1,1730.0,441.0,368.0
SBI,7/4/2013,829.0,850.0,820.0,835.0,0.72,9922.0,441.0,368.0
SBI,7/7/2013,835.0,831.0,816.0,830.0,-0.6,1269.0,441.0,368.0
SBI,7/8/2013,830.0,849.0,830.0,849.0,2.29,1058.0,441.0,368.0
SBI,7/9/2013,849.0,859.0,842.0,850.0,0.12,948.0,441.0,368.0
SBI,7/10/2013,850.0,856.0,854.0,855.0,0.59,811.0,441.0,368.0
SBI,7/11/2013,855.0,860.0,845.0,860.0,0.58,4129.0,441.0,368.0
SBI,7/14/2013,860.0,855.0,850.0,850.0,-1.16,2081.0,441.0,368.0
SBI,7/15/2013,850.0,850.0,836.0,850.0,0.0,435.0,441.0,368.0
SBI,7/16/2013,850.0,852.0,850.0,852.0,0.24,108.0,441.0,368.0
SBI,7/17/2013,852.0,850.0,835.0,850.0,-0.23,1134.0,441.0,368.0
SBI,7/18/2013,850.0,871.0,840.0,865.0,1.76,7711.0,441.0,368.0
SBI,7/21/2013,865.0,898.0,872.0,894.0,3.35,5700.0,441.0,368.0
SBI,7/22/2013,894.0,877.0,860.0,875.0,-2.13,281.0,441.0,368.0
SBI,7/23/2013,875.0,890.0,855.0,865.0,-1.14,1371.0,441.0,368.0
SBI,7/24/2013,865.0,860.0,845.0,860.0,-0.58,809.0,441.0,368.0
SBI,7/25/2013,860.0,856.0,848.0,856.0,-0.47,1587.0,441.0,368.0
SBI,7/28/2013,856.0,860.0,850.0,860.0,0.47,856.0,441.0,368.0
SBI,7/29/2013,860.0,869.0,855.0,856.0,-0.47,1853.0,441.0,368.0
SBI,7/30/2013,856.0,870.0,857.0,865.0,1.05,3076.0,441.0,368.0
SBI,7/31/2013,865.0,883.0,860.0,880.0,1.73,9898.0,441.0,368.0
SBI,8/1/2013,880.0,899.0,870.0,882.0,0.23,2220.0,441.0,368.0
SBI,8/4/2013,882.0,889.0,870.0,875.0,-0.79,5465.0,441.0,368.0
SBI,8/5/2013,875.0,879.0,863.0,870.0,-0.57,2523.0,441.0,368.0
SBI,8/6/2013,870.0,871.0,855.0,865.0,-0.57,2252.0,441.0,368.0
SBI,8/7/2013,865.0,880.0,860.0,866.0,0.12,3826.0,441.0,368.0
SBI,8/8/2013,866.0,867.0,861.0,861.0,-0.58,3781.0,441.0,368.0
SBI,8/11/2013,861.0,861.0,855.0,857.0,-0.46,3087.0,441.0,368.0
SBI,8/12/2013,857.0,851.0,840.0,846.0,-1.28,4033.0,441.0,368.0
SBI,8/13/2013,846.0,844.0,840.0,844.0,-0.24,2800.0,441.0,368.0
SBI,8/14/2013,844.0,850.0,830.0,850.0,0.71,1662.0,441.0,368.0
SBI,8/15/2013,850.0,850.0,840.0,840.0,-1.18,2578.0,441.0,368.0
SBI,8/18/2013,840.0,844.0,832.0,832.0,-0.95,505.0,441.0,368.0
SBI,8/19/2013,832.0,845.0,830.0,845.0,1.56,682.0,441.0,368.0
SBI,8/20/2013,845.0,850.0,840.0,850.0,0.59,1932.0,441.0,368.0
SBI,8/25/2013,850.0,855.0,840.0,840.0,-1.18,1344.0,441.0,368.0
SBI,8/26/2013,840.0,846.0,840.0,842.0,0.24,1250.0,441.0,368.0
SBI,8/27/2013,842.0,845.0,841.0,845.0,0.36,2839.0,441.0,368.0
SBI,8/29/2013,845.0,850.0,839.0,847.0,0.24,3374.0,441.0,368.0
SBI,9/1/2013,847.0,845.0,835.0,845.0,-0.24,2092.0,441.0,368.0
SBI,9/2/2013,845.0,852.0,835.0,842.0,-0.36,13001.0,441.0,368.0
SBI,9/3/2013,842.0,844.0,840.0,841.0,-0.12,6713.0,441.0,368.0
SBI,9/4/2013,841.0,841.0,835.0,841.0,0.0,2611.0,441.0,368.0
SBI,9/5/2013,841.0,844.0,839.0,840.0,-0.12,2807.0,441.0,368.0
SBI,9/8/2013,840.0,843.0,838.0,841.0,0.12,1556.0,441.0,368.0
SBI,9/9/2013,841.0,842.0,838.0,838.0,-0.36,1669.0,441.0,368.0
SBI,9/10/2013,838.0,850.0,839.0,839.0,0.12,5070.0,441.0,368.0
SBI,9/11/2013,839.0,845.0,823.0,845.0,0.72,2505.0,441.0,368.0
SBI,9/12/2013,845.0,846.0,837.0,840.0,-0.59,3122.0,441.0,368.0
SBI,9/15/2013,840.0,850.0,845.0,850.0,1.19,4586.0,441.0,368.0
SBI,9/16/2013,850.0,851.0,849.0,851.0,0.12,1011.0,441.0,368.0
SBI,9/17/2013,851.0,850.0,840.0,845.0,-0.71,1346.0,441.0,368.0
SBI,9/19/2013,845.0,860.0,835.0,860.0,1.78,5654.0,441.0,368.0
SBI,9/22/2013,860.0,845.0,837.0,845.0,-1.74,5545.0,441.0,368.0
SBI,9/23/2013,845.0,844.0,838.0,843.0,-0.24,2213.0,441.0,368.0
SBI,9/24/2013,843.0,842.0,835.0,840.0,-0.36,5387.0,441.0,368.0
SBI,9/25/2013,747.0,761.0,735.0,735.0,-12.5,239.0,441.0,368.0
SBI,9/26/2013,735.0,725.0,720.0,725.0,-1.36,1253.0,441.0,368.0
SBI,9/29/2013,725.0,724.0,706.0,710.0,-2.07,2069.0,441.0,368.0
SBI,9/30/2013,710.0,714.0,710.0,710.0,0.0,2261.0,441.0,368.0
SBI,10/1/2013,710.0,720.0,702.0,720.0,1.41,1292.0,441.0,368.0
SBI,10/2/2013,720.0,720.0,718.0,720.0,0.0,26.0,441.0,368.0
SBI,10/3/2013,720.0,720.0,715.0,715.0,-0.69,603.0,441.0,368.0
SBI,10/6/2013,715.0,740.0,715.0,740.0,3.5,506.0,441.0,368.0
SBI,10/7/2013,740.0,743.0,743.0,743.0,0.41,213.0,441.0,368.0
SBI,10/8/2013,743.0,755.0,743.0,755.0,1.62,798.0,441.0,368.0
SBI,10/9/2013,755.0,750.0,750.0,750.0,-0.66,196.0,441.0,368.0
SBI,10/10/2013,750.0,794.0,765.0,794.0,5.87,476.0,441.0,368.0
SBI,10/17/2013,794.0,790.0,790.0,790.0,-0.5,105.0,441.0,368.0
SBI,10/20/2013,790.0,790.0,778.0,790.0,0.0,1123.0,441.0,368.0
SBI,10/21/2013,790.0,802.0,785.0,795.0,0.63,2345.0,441.0,368.0
SBI,10/22/2013,795.0,790.0,790.0,790.0,-0.63,115.0,441.0,368.0
SBI,10/23/2013,790.0,780.0,780.0,780.0,-1.27,121.0,441.0,368.0
SBI,10/24/2013,780.0,780.0,775.0,780.0,0.0,168.0,441.0,368.0
SBI,10/27/2013,780.0,770.0,735.0,749.0,-3.97,1430.0,441.0,368.0
SBI,10/28/2013,749.0,750.0,740.0,740.0,-1.2,3235.0,441.0,368.0
SBI,10/29/2013,740.0,740.0,732.0,732.0,-1.08,144.0,441.0,368.0
SBI,10/30/2013,732.0,760.0,745.0,745.0,1.78,2072.0,441.0,368.0
SBI,10/31/2013,745.0,795.0,755.0,795.0,6.71,1277.0,441.0,368.0
SBI,11/6/2013,795.0,795.0,795.0,795.0,0.0,4093.0,441.0,368.0
SBI,11/11/2013,795.0,780.0,773.0,780.0,-1.89,2083.0,441.0,368.0
SBI,11/12/2013,780.0,785.0,770.0,785.0,0.64,3093.0,441.0,368.0
SBI,11/13/2013,785.0,800.0,785.0,790.0,0.64,8015.0,441.0,368.0
SBI,11/14/2013,790.0,785.0,775.0,784.0,-0.76,2827.0,441.0,368.0
SBI,11/24/2013,784.0,862.0,799.0,862.0,9.95,8542.0,441.0,368.0
SBI,11/25/2013,862.0,869.0,830.0,840.0,-2.55,4741.0,441.0,368.0
SBI,11/26/2013,840.0,850.0,834.0,840.0,0.0,3106.0,441.0,368.0
SBI,11/27/2013,840.0,845.0,840.0,841.0,0.12,2418.0,441.0,368.0
SBI,11/28/2013,841.0,838.0,828.0,830.0,-1.31,3293.0,441.0,368.0
SBI,12/1/2013,830.0,836.0,830.0,835.0,0.6,517.0,441.0,368.0
SBI,12/2/2013,835.0,851.0,835.0,850.0,1.8,1000.0,441.0,368.0
SBI,12/3/2013,850.0,855.0,845.0,850.0,0.0,1614.0,441.0,368.0
SBI,12/4/2013,850.0,915.0,850.0,870.0,2.35,3134.0,441.0,368.0
SBI,12/5/2013,870.0,904.0,855.0,858.0,-1.38,5128.0,441.0,368.0
SBI,12/8/2013,858.0,875.0,840.0,855.0,-0.35,3255.0,441.0,368.0
SBI,12/9/2013,855.0,871.0,851.0,865.0,1.17,2597.0,441.0,368.0
SBI,12/10/2013,865.0,870.0,850.0,860.0,-0.58,1199.0,441.0,368.0
SBI,12/11/2013,860.0,895.0,867.0,895.0,4.07,18793.0,441.0,368.0
SBI,12/12/2013,895.0,913.0,892.0,900.0,0.56,5764.0,441.0,368.0
SBI,12/15/2013,900.0,935.0,900.0,934.0,3.78,12070.0,441.0,368.0
SBI,12/16/2013,934.0,1027.0,952.0,1022.0,9.42,3956.0,441.0,368.0
SBI,12/18/2013,1022.0,1122.0,1042.0,1120.0,9.59,11147.0,441.0,368.0
SBI,12/19/2013,1120.0,1160.0,1016.0,1160.0,3.57,11677.0,441.0,368.0
SBI,12/22/2013,1160.0,1200.0,1113.0,1160.0,0.0,20937.0,441.0,368.0
SBI,12/23/2013,1165.0,1142.0,1098.0,1098.0,-5.34,10215.0,441.0,368.0
SBI,12/24/2013,1098.0,1150.0,1055.0,1110.0,1.09,12971.0,441.0,368.0
SBI,12/26/2013,1110.0,1177.0,1100.0,1110.0,0.0,9271.0,441.0,368.0
SBI,12/29/2013,1110.0,1130.0,1095.0,1115.0,0.45,5324.0,441.0,368.0
SBI,12/31/2013,1115.0,1120.0,1100.0,1100.0,-1.35,5274.0,441.0,368.0
SBI,1/1/2014,1100.0,1100.0,1080.0,1086.0,-1.27,4591.0,441.0,368.0
SBI,1/2/2014,1086.0,1086.0,1002.0,1080.0,-0.55,6012.0,441.0,368.0
SBI,1/5/2014,1080.0,1086.0,1059.0,1080.0,0.0,3014.0,441.0,368.0
SBI,1/6/2014,1080.0,1095.0,1070.0,1082.0,0.19,1620.0,441.0,368.0
SBI,1/7/2014,1082.0,1090.0,1060.0,1085.0,0.28,3103.0,441.0,368.0
SBI,1/8/2014,1085.0,1105.0,1080.0,1100.0,1.38,3565.0,441.0,368.0
SBI,1/9/2014,1100.0,1120.0,1081.0,1094.0,-0.55,3481.0,441.0,368.0
SBI,1/12/2014,1094.0,1130.0,1100.0,1130.0,3.29,8914.0,441.0,368.0
SBI,1/13/2014,1130.0,1125.0,1100.0,1110.0,-1.77,5371.0,441.0,368.0
SBI,1/14/2014,1110.0,1120.0,1095.0,1115.0,0.45,4405.0,441.0,368.0
SBI,1/16/2014,1115.0,1142.0,1110.0,1122.0,0.63,5480.0,441.0,368.0
SBI,1/19/2014,1122.0,1119.0,1095.0,1119.0,-0.27,3647.0,441.0,368.0
SBI,1/20/2014,1119.0,1105.0,1075.0,1075.0,-3.93,3889.0,441.0,368.0
SBI,1/21/2014,1075.0,1090.0,1070.0,1080.0,0.47,2645.0,441.0,368.0
SBI,1/22/2014,1080.0,1100.0,1072.0,1072.0,-0.74,2809.0,441.0,368.0
SBI,1/23/2014,1072.0,1089.0,1070.0,1089.0,1.59,2345.0,441.0,368.0
SBI,1/26/2014,1089.0,1100.0,1060.0,1070.0,-1.74,2448.0,441.0,368.0
SBI,1/27/2014,1070.0,1070.0,1051.0,1053.0,-1.59,959.0,441.0,368.0
SBI,1/28/2014,1053.0,1060.0,1060.0,1060.0,0.66,681.0,441.0,368.0
SBI,1/29/2014,1060.0,1060.0,1040.0,1041.0,-1.79,4420.0,441.0,368.0
SBI,2/2/2014,1041.0,1045.0,1025.0,1041.0,0.0,472.0,441.0,368.0
SBI,2/3/2014,1041.0,1021.0,991.0,1000.0,-3.94,5463.0,441.0,368.0
SBI,2/4/2014,1000.0,1025.0,1006.0,1025.0,2.5,3281.0,441.0,368.0
SBI,2/6/2014,1042.0,1059.0,1010.0,1059.0,3.32,4409.0,441.0,368.0
SBI,2/9/2014,1059.0,1060.0,1040.0,1040.0,-1.79,987.0,441.0,368.0
SBI,2/10/2014,1040.0,1100.0,1038.0,1038.0,-0.19,8019.0,441.0,368.0
SBI,2/11/2014,1038.0,1050.0,1020.0,1045.0,0.67,3314.0,441.0,368.0
SBI,2/12/2014,1045.0,1039.0,1025.0,1035.0,-0.96,2409.0,441.0,368.0
SBI,2/13/2014,1035.0,1042.0,1020.0,1032.0,-0.29,2929.0,441.0,368.0
SBI,2/16/2014,1032.0,1048.0,1020.0,1030.0,-0.19,1963.0,441.0,368.0
SBI,2/17/2014,1030.0,1045.0,1020.0,1020.0,-0.97,2195.0,441.0,368.0
SBI,2/18/2014,1020.0,1040.0,1025.0,1035.0,1.47,5725.0,441.0,368.0
SBI,2/20/2014,1035.0,1048.0,1025.0,1030.0,-0.48,2349.0,441.0,368.0
SBI,2/23/2014,1030.0,1069.0,1040.0,1040.0,0.97,1971.0,441.0,368.0
SBI,2/24/2014,1040.0,1080.0,1042.0,1042.0,0.19,1181.0,441.0,368.0
SBI,2/25/2014,1042.0,1045.0,1021.0,1021.0,-2.02,4128.0,441.0,368.0
SBI,2/26/2014,1021.0,1041.0,1005.0,1017.0,-0.39,3599.0,441.0,368.0
SBI,3/3/2014,1017.0,1035.0,1000.0,1005.0,-1.18,2346.0,441.0,368.0
SBI,3/4/2014,1005.0,1015.0,971.0,1015.0,1.0,6471.0,441.0,368.0
SBI,3/5/2014,1015.0,1019.0,1000.0,1009.0,-0.59,5523.0,441.0,368.0
SBI,3/6/2014,1009.0,1025.0,1000.0,1000.0,-0.89,3836.0,441.0,368.0
SBI,3/9/2014,1000.0,990.0,980.0,985.0,-1.5,666.0,441.0,368.0
SBI,3/10/2014,985.0,985.0,960.0,970.0,-1.52,1161.0,441.0,368.0
SBI,3/11/2014,970.0,984.0,946.0,965.0,-0.52,4580.0,441.0,368.0
SBI,3/12/2014,965.0,965.0,945.0,953.0,-1.24,9918.0,441.0,368.0
SBI,3/13/2014,953.0,982.0,956.0,960.0,0.73,706.0,441.0,368.0
SBI,3/17/2014,960.0,950.0,930.0,950.0,-1.04,7471.0,441.0,368.0
SBI,3/18/2014,950.0,950.0,936.0,950.0,0.0,4345.0,441.0,368.0
SBI,3/19/2014,950.0,969.0,934.0,945.0,-0.53,4043.0,441.0,368.0
SBI,3/20/2014,945.0,960.0,936.0,948.0,0.32,5476.0,441.0,368.0
SBI,3/23/2014,948.0,954.0,932.0,950.0,0.21,2111.0,441.0,368.0
SBI,3/24/2014,950.0,970.0,950.0,970.0,2.11,3103.0,441.0,368.0
SBI,3/25/2014,970.0,971.0,960.0,965.0,-0.52,2466.0,441.0,368.0
SBI,3/26/2014,965.0,970.0,951.0,961.0,-0.41,3957.0,441.0,368.0
SBI,3/27/2014,961.0,965.0,947.0,965.0,0.42,3236.0,441.0,368.0
SBI,3/31/2014,965.0,980.0,950.0,980.0,1.55,4734.0,441.0,368.0
SBI,4/1/2014,980.0,998.0,981.0,985.0,0.51,4141.0,441.0,368.0
SBI,4/2/2014,985.0,990.0,967.0,967.0,-1.83,3215.0,441.0,368.0
SBI,4/3/2014,967.0,995.0,969.0,980.0,1.34,1687.0,441.0,368.0
SBI,4/6/2014,980.0,982.0,970.0,979.0,-0.1,1850.0,441.0,368.0
SBI,4/7/2014,979.0,975.0,960.0,971.0,-0.82,4103.0,441.0,368.0
SBI,4/9/2014,971.0,972.0,956.0,971.0,0.0,3576.0,441.0,368.0
SBI,4/10/2014,971.0,982.0,972.0,982.0,1.13,2044.0,441.0,368.0
SBI,4/13/2014,982.0,1000.0,963.0,990.0,0.81,1406.0,441.0,368.0
SBI,4/15/2014,990.0,1008.0,980.0,995.0,0.51,5651.0,441.0,368.0
SBI,4/16/2014,995.0,1001.0,993.0,997.0,0.2,5021.0,441.0,368.0
SBI,4/17/2014,997.0,1000.0,980.0,995.0,-0.2,4663.0,441.0,368.0
SBI,4/20/2014,995.0,1000.0,994.0,1000.0,0.5,2968.0,441.0,368.0
SBI,4/21/2014,1000.0,1001.0,980.0,990.0,-1.0,8347.0,441.0,368.0
SBI,4/22/2014,990.0,990.0,973.0,980.0,-1.01,3613.0,441.0,368.0
SBI,4/23/2014,980.0,999.0,980.0,999.0,1.94,8682.0,441.0,368.0
SBI,4/27/2014,999.0,990.0,975.0,975.0,-2.4,1514.0,441.0,368.0
SBI,4/28/2014,975.0,980.0,970.0,970.0,-0.51,6557.0,441.0,368.0
SBI,4/29/2014,970.0,989.0,960.0,972.0,0.21,1919.0,441.0,368.0
SBI,4/30/2014,972.0,982.0,973.0,975.0,0.31,1148.0,441.0,368.0
SBI,5/4/2014,975.0,978.0,970.0,975.0,0.0,3050.0,441.0,368.0
SBI,5/5/2014,975.0,1002.0,985.0,1000.0,2.56,3115.0,441.0,368.0
SBI,5/6/2014,1000.0,1050.0,1000.0,1050.0,5.0,5190.0,441.0,368.0
SBI,5/7/2014,1050.0,1071.0,1020.0,1020.0,-2.86,3471.0,441.0,368.0
SBI,5/8/2014,1020.0,1055.0,1020.0,1035.0,1.47,3259.0,441.0,368.0
SBI,5/11/2014,1035.0,1031.0,1009.0,1015.0,-1.93,3797.0,441.0,368.0
SBI,5/12/2014,1015.0,1015.0,957.0,1012.0,-0.3,28775.0,441.0,368.0
SBI,5/13/2014,1012.0,1032.0,1012.0,1025.0,1.28,1822.0,441.0,368.0
SBI,5/15/2014,1025.0,1030.0,1015.0,1015.0,-0.98,1443.0,441.0,368.0
SBI,5/18/2014,1015.0,1030.0,1010.0,1012.0,-0.3,2266.0,441.0,368.0
SBI,5/19/2014,1012.0,1023.0,1002.0,1013.0,0.1,2121.0,441.0,368.0
SBI,5/20/2014,1013.0,1020.0,995.0,1004.0,-0.89,935.0,441.0,368.0
SBI,5/21/2014,1004.0,1030.0,1010.0,1030.0,2.59,2554.0,441.0,368.0
SBI,5/22/2014,1030.0,1036.0,1015.0,1036.0,0.58,967.0,441.0,368.0
SBI,5/25/2014,1036.0,1053.0,1030.0,1050.0,1.35,4126.0,441.0,368.0
SBI,5/26/2014,1050.0,1055.0,1035.0,1050.0,0.0,9182.0,441.0,368.0
SBI,5/27/2014,1050.0,1051.0,1042.0,1050.0,0.0,4077.0,441.0,368.0
SBI,5/28/2014,1050.0,1070.0,1040.0,1060.0,0.95,4875.0,441.0,368.0
SBI,6/1/2014,1060.0,1072.0,1055.0,1062.0,0.19,3031.0,441.0,368.0
SBI,6/2/2014,1062.0,1080.0,1065.0,1075.0,1.22,4050.0,441.0,368.0
SBI,6/3/2014,1075.0,1105.0,1055.0,1090.0,1.4,5249.0,441.0,368.0
SBI,6/4/2014,1090.0,1097.0,1060.0,1086.0,-0.37,6641.0,441.0,368.0
SBI,6/5/2014,1086.0,1103.0,1065.0,1101.0,1.38,4855.0,441.0,368.0
SBI,6/8/2014,1101.0,1120.0,1100.0,1101.0,0.0,7937.0,441.0,368.0
SBI,6/9/2014,1101.0,1127.0,1115.0,1125.0,2.18,4285.0,441.0,368.0
SBI,6/10/2014,1125.0,1150.0,1103.0,1144.0,1.69,9320.0,441.0,368.0
SBI,6/11/2014,1144.0,1177.0,1149.0,1168.0,2.1,13384.0,441.0,368.0
SBI,6/12/2014,1168.0,1193.0,1170.0,1193.0,2.14,10438.0,441.0,368.0
SBI,6/15/2014,1193.0,1279.0,1215.0,1260.0,5.62,10401.0,441.0,368.0
SBI,6/16/2014,1260.0,1306.0,1260.0,1294.0,2.7,8186.0,441.0,368.0
SBI,6/17/2014,1294.0,1300.0,1246.0,1283.0,-0.85,7339.0,441.0,368.0
SBI,6/18/2014,1283.0,1305.0,1258.0,1258.0,-1.95,4353.0,441.0,368.0
SBI,6/19/2014,1258.0,1272.0,1255.0,1255.0,-0.24,4954.0,441.0,368.0
SBI,6/23/2014,1255.0,1280.0,1245.0,1250.0,-0.4,1860.0,441.0,368.0
SBI,6/24/2014,1250.0,1240.0,1230.0,1235.0,-1.2,3100.0,441.0,368.0
SBI,6/25/2014,1235.0,1249.0,1230.0,1237.0,0.16,7526.0,441.0,368.0
SBI,6/26/2014,1237.0,1255.0,1236.0,1245.0,0.65,2842.0,441.0,368.0
SBI,6/29/2014,1245.0,1305.0,1260.0,1285.0,3.21,10013.0,441.0,368.0
SBI,6/30/2014,1285.0,1294.0,1250.0,1294.0,0.7,7971.0,441.0,368.0
SBI,7/1/2014,1294.0,1293.0,1260.0,1285.0,-0.7,1541.0,441.0,368.0
SBI,7/2/2014,1285.0,1275.0,1255.0,1263.0,-1.71,6262.0,441.0,368.0
SBI,7/3/2014,1263.0,1285.0,1245.0,1285.0,1.74,4883.0,441.0,368.0
SBI,7/6/2014,1285.0,1290.0,1272.0,1279.0,-0.47,2463.0,441.0,368.0
SBI,7/7/2014,1279.0,1280.0,1240.0,1260.0,-1.49,2451.0,441.0,368.0
SBI,7/8/2014,1260.0,1315.0,1240.0,1300.0,3.17,5543.0,441.0,368.0
SBI,7/9/2014,1300.0,1300.0,1280.0,1290.0,-0.77,2377.0,441.0,368.0
SBI,7/10/2014,1290.0,1304.0,1264.0,1298.0,0.62,8044.0,441.0,368.0
SBI,7/13/2014,1298.0,1354.0,1277.0,1295.0,-0.23,12796.0,441.0,368.0
SBI,7/14/2014,1295.0,1290.0,1250.0,1280.0,-1.16,4167.0,441.0,368.0
SBI,7/15/2014,1280.0,1277.0,1260.0,1265.0,-1.17,1248.0,441.0,368.0
SBI,7/16/2014,1265.0,1300.0,1272.0,1280.0,1.19,8534.0,441.0,368.0
SBI,7/17/2014,1280.0,1285.0,1265.0,1280.0,0.0,2798.0,441.0,368.0
SBI,7/20/2014,1280.0,1305.0,1270.0,1305.0,1.95,11145.0,441.0,368.0
SBI,7/21/2014,1305.0,1338.0,1292.0,1300.0,-0.38,5159.0,441.0,368.0
SBI,7/22/2014,1300.0,1300.0,1270.0,1285.0,-1.15,7134.0,441.0,368.0
SBI,7/23/2014,1285.0,1290.0,1270.0,1282.0,-0.23,7306.0,441.0,368.0
SBI,7/24/2014,1282.0,1285.0,1260.0,1282.0,0.0,9424.0,441.0,368.0
SBI,7/27/2014,1282.0,1278.0,1271.0,1275.0,-0.55,1337.0,441.0,368.0
SBI,7/28/2014,1275.0,1275.0,1265.0,1269.0,-0.47,1023.0,441.0,368.0
SBI,7/30/2014,1269.0,1270.0,1250.0,1250.0,-1.5,2035.0,441.0,368.0
SBI,7/31/2014,1250.0,1266.0,1245.0,1250.0,0.0,3611.0,441.0,368.0
SBI,8/3/2014,1250.0,1250.0,1215.0,1250.0,0.0,2375.0,441.0,368.0
SBI,8/4/2014,1250.0,1250.0,1220.0,1226.0,-1.92,5392.0,441.0,368.0
SBI,8/5/2014,1226.0,1250.0,1210.0,1240.0,1.14,5417.0,441.0,368.0
SBI,8/6/2014,1240.0,1240.0,1220.0,1234.0,-0.48,2697.0,441.0,368.0
SBI,8/7/2014,1234.0,1240.0,1200.0,1225.0,-0.73,5697.0,441.0,368.0
SBI,8/12/2014,1225.0,1210.0,1189.0,1200.0,-2.04,2699.0,441.0,368.0
SBI,8/13/2014,1200.0,1224.0,1190.0,1190.0,-0.83,6265.0,441.0,368.0
SBI,8/14/2014,1190.0,1210.0,1190.0,1210.0,1.68,4404.0,441.0,368.0
SBI,8/18/2014,1210.0,1195.0,1169.0,1172.0,-3.14,2671.0,441.0,368.0
SBI,8/19/2014,1172.0,1190.0,1165.0,1182.0,0.85,5147.0,441.0,368.0
SBI,8/20/2014,1182.0,1182.0,1156.0,1156.0,-2.2,1973.0,441.0,368.0
SBI,8/21/2014,1156.0,1179.0,1110.0,1175.0,1.64,4227.0,441.0,368.0
SBI,8/24/2014,1175.0,1180.0,1152.0,1175.0,0.0,1758.0,441.0,368.0
SBI,8/25/2014,1175.0,1185.0,1100.0,1139.0,-3.06,7180.0,441.0,368.0
SBI,8/26/2014,1139.0,1125.0,1082.0,1082.0,-5.0,1713.0,441.0,368.0
SBI,8/27/2014,1082.0,1155.0,1075.0,1098.0,1.48,7604.0,441.0,368.0
SBI,8/28/2014,1098.0,1119.0,1095.0,1100.0,0.18,8807.0,441.0,368.0
SBI,8/31/2014,1100.0,1122.0,1080.0,1099.0,-0.09,9087.0,441.0,368.0
SBI,9/1/2014,1099.0,1085.0,1060.0,1085.0,-1.27,3396.0,441.0,368.0
SBI,9/3/2014,1085.0,1087.0,1068.0,1068.0,-1.57,2098.0,441.0,368.0
SBI,9/4/2014,1068.0,1069.0,1020.0,1030.0,-3.56,1816.0,441.0,368.0
SBI,9/7/2014,1030.0,1050.0,936.0,936.0,-9.13,7021.0,441.0,368.0
SBI,9/9/2014,936.0,1008.0,952.0,1008.0,7.69,3176.0,441.0,368.0
SBI,9/10/2014,1008.0,1089.0,983.0,1001.0,-0.69,8480.0,441.0,368.0
SBI,9/11/2014,1001.0,1015.0,992.0,1015.0,1.4,1324.0,441.0,368.0
SBI,9/14/2014,1015.0,1030.0,1000.0,1020.0,0.49,4446.0,441.0,368.0
SBI,9/15/2014,1020.0,1034.0,1020.0,1034.0,1.37,482.0,441.0,368.0
SBI,9/16/2014,1034.0,1065.0,1040.0,1058.0,2.32,2576.0,441.0,368.0
SBI,9/17/2014,1058.0,1079.0,1056.0,1056.0,-0.19,2403.0,441.0,368.0
SBI,9/18/2014,1056.0,1050.0,1020.0,1020.0,-3.41,1287.0,441.0,368.0
SBI,9/21/2014,1020.0,1020.0,990.0,990.0,-2.94,720.0,441.0,368.0
SBI,9/22/2014,990.0,975.0,970.0,975.0,-1.52,1809.0,441.0,368.0
SBI,9/23/2014,975.0,1010.0,990.0,1004.0,2.97,1189.0,441.0,368.0
SBI,9/24/2014,1004.0,1055.0,990.0,1055.0,5.08,1397.0,441.0,368.0
SBI,9/28/2014,1055.0,1034.0,1020.0,1020.0,-3.32,196.0,441.0,368.0
SBI,9/29/2014,1020.0,1081.0,1040.0,1080.0,5.88,406.0,441.0,368.0
SBI,9/30/2014,1080.0,1089.0,1070.0,1070.0,-0.93,1374.0,441.0,368.0
SBI,10/8/2014,1070.0,1050.0,1050.0,1050.0,-1.87,145.0,441.0,368.0
SBI,10/9/2014,1050.0,1045.0,1020.0,1021.0,-2.76,1156.0,441.0,368.0
SBI,10/12/2014,1021.0,1030.0,986.0,987.0,-3.33,1072.0,441.0,368.0
SBI,10/13/2014,987.0,995.0,976.0,986.0,-0.1,2228.0,441.0,368.0
SBI,10/14/2014,986.0,995.0,995.0,995.0,0.91,249.0,441.0,368.0
SBI,10/15/2014,995.0,1020.0,995.0,1015.0,2.01,2552.0,441.0,368.0
SBI,10/16/2014,1015.0,1010.0,992.0,992.0,-2.27,662.0,441.0,368.0
SBI,10/19/2014,992.0,1035.0,990.0,1035.0,4.33,3502.0,441.0,368.0
SBI,10/20/2014,1035.0,1045.0,1009.0,1010.0,-2.42,1715.0,441.0,368.0
SBI,10/21/2014,1010.0,1012.0,1005.0,1005.0,-0.5,2309.0,441.0,368.0
SBI,10/22/2014,1005.0,1010.0,980.0,980.0,-2.49,1275.0,441.0,368.0
SBI,10/26/2014,980.0,1020.0,980.0,1015.0,3.57,2324.0,441.0,368.0
SBI,10/27/2014,1015.0,1013.0,1000.0,1000.0,-1.48,1166.0,441.0,368.0
SBI,10/28/2014,1000.0,1005.0,995.0,1002.0,0.2,519.0,441.0,368.0
SBI,10/30/2014,1002.0,1006.0,990.0,1006.0,0.4,1662.0,441.0,368.0
SBI,11/2/2014,1006.0,1010.0,981.0,990.0,-1.59,2537.0,441.0,368.0
SBI,11/3/2014,990.0,985.0,980.0,980.0,-1.01,1142.0,441.0,368.0
SBI,11/4/2014,980.0,990.0,971.0,975.0,-0.51,506.0,441.0,368.0
SBI,11/5/2014,975.0,991.0,985.0,991.0,1.64,321.0,441.0,368.0
SBI,11/6/2014,991.0,1000.0,995.0,1000.0,0.91,706.0,441.0,368.0
SBI,11/9/2014,1000.0,1000.0,981.0,983.0,-1.7,1311.0,441.0,368.0
SBI,11/10/2014,983.0,983.0,960.0,970.0,-1.32,1236.0,441.0,368.0
SBI,11/11/2014,970.0,976.0,932.0,971.0,0.1,2438.0,441.0,368.0
SBI,11/12/2014,971.0,965.0,952.0,965.0,-0.62,878.0,441.0,368.0
SBI,11/13/2014,965.0,955.0,945.0,950.0,-1.55,2572.0,441.0,368.0
SBI,11/16/2014,950.0,960.0,930.0,930.0,-2.11,3416.0,441.0,368.0
SBI,11/17/2014,930.0,925.0,915.0,925.0,-0.54,2937.0,441.0,368.0
SBI,11/18/2014,925.0,940.0,879.0,918.0,-0.76,9101.0,441.0,368.0
SBI,11/19/2014,918.0,917.0,900.0,912.0,-0.65,8316.0,441.0,368.0
SBI,11/20/2014,912.0,933.0,900.0,926.0,1.54,2355.0,441.0,368.0
SBI,11/23/2014,926.0,963.0,930.0,936.0,1.08,5201.0,441.0,368.0
SBI,11/24/2014,936.0,969.0,938.0,954.0,1.92,12164.0,441.0,368.0
SBI,11/25/2014,954.0,954.0,930.0,954.0,0.0,3951.0,441.0,368.0
SBI,11/30/2014,954.0,979.0,940.0,952.0,-0.21,1724.0,441.0,368.0
SBI,12/1/2014,952.0,954.0,950.0,954.0,0.21,968.0,441.0,368.0
SBI,12/2/2014,954.0,954.0,938.0,954.0,0.0,3613.0,441.0,368.0
SBI,12/3/2014,954.0,968.0,950.0,950.0,-0.42,1527.0,441.0,368.0
SBI,12/4/2014,950.0,962.0,954.0,962.0,1.26,1614.0,441.0,368.0
SBI,12/7/2014,962.0,975.0,955.0,965.0,0.31,3979.0,441.0,368.0
SBI,12/8/2014,965.0,965.0,956.0,960.0,-0.52,2041.0,441.0,368.0
SBI,12/9/2014,960.0,958.0,949.0,955.0,-0.52,7243.0,441.0,368.0
SBI,12/10/2014,955.0,974.0,925.0,955.0,0.0,5064.0,441.0,368.0
SBI,12/11/2014,955.0,969.0,960.0,969.0,1.47,539.0,441.0,368.0
SBI,12/14/2014,969.0,1000.0,975.0,1000.0,3.2,3254.0,441.0,368.0
SBI,12/15/2014,1000.0,1038.0,995.0,1007.0,0.7,3894.0,441.0,368.0
SBI,12/16/2014,1007.0,1027.0,1000.0,1024.0,1.69,2968.0,441.0,368.0
SBI,12/17/2014,1024.0,1010.0,1003.0,1010.0,-1.37,1515.0,441.0,368.0
SBI,12/18/2014,1010.0,1022.0,1000.0,1022.0,1.19,4555.0,441.0,368.0
SBI,12/21/2014,1022.0,1010.0,985.0,1010.0,-1.17,2226.0,441.0,368.0
SBI,12/22/2014,1010.0,1028.0,1001.0,1007.0,-0.3,2235.0,441.0,368.0
SBI,12/23/2014,1007.0,1000.0,999.0,1000.0,-0.7,379.0,441.0,368.0
SBI,12/24/2014,1000.0,1001.0,992.0,992.0,-0.8,2468.0,441.0,368.0
SBI,12/28/2014,992.0,1045.0,1005.0,1045.0,5.34,27279.0,441.0,368.0
SBI,12/29/2014,1045.0,1060.0,1020.0,1057.0,1.15,20443.0,441.0,368.0
SBI,12/31/2014,1057.0,1069.0,1025.0,1069.0,1.14,24756.0,441.0,368.0
SBI,1/1/2015,930.0,960.0,914.0,960.0,-10.2,838.0,441.0,368.0
SBI,1/4/2015,960.0,960.0,950.0,950.0,-1.04,668.0,441.0,368.0
SBI,1/5/2015,950.0,956.0,951.0,951.0,0.11,1041.0,441.0,368.0
SBI,1/6/2015,951.0,955.0,945.0,950.0,-0.11,3244.0,441.0,368.0
SBI,1/7/2015,950.0,942.0,906.0,934.0,-1.68,1066.0,441.0,368.0
SBI,1/8/2015,934.0,954.0,950.0,954.0,2.14,1471.0,441.0,368.0
SBI,1/11/2015,954.0,950.0,941.0,946.0,-0.84,2009.0,441.0,368.0
SBI,1/12/2015,946.0,935.0,932.0,932.0,-1.48,670.0,441.0,368.0
SBI,1/13/2015,932.0,944.0,935.0,944.0,1.29,1024.0,441.0,368.0
SBI,1/14/2015,944.0,960.0,950.0,950.0,0.64,988.0,441.0,368.0
SBI,1/18/2015,950.0,969.0,952.0,952.0,0.21,1267.0,441.0,368.0
SBI,1/19/2015,952.0,991.0,971.0,989.0,3.89,1691.0,441.0,368.0
SBI,1/20/2015,989.0,975.0,951.0,953.0,-3.64,1350.0,441.0,368.0
SBI,1/22/2015,953.0,955.0,936.0,955.0,0.21,953.0,441.0,368.0
SBI,1/25/2015,955.0,975.0,955.0,975.0,2.09,1520.0,441.0,368.0
SBI,1/26/2015,975.0,976.0,976.0,976.0,0.1,54.0,441.0,368.0
SBI,1/27/2015,976.0,999.0,982.0,982.0,0.61,1487.0,441.0,368.0
SBI,1/28/2015,982.0,1002.0,1000.0,1000.0,1.83,193.0,441.0,368.0
SBI,1/29/2015,1000.0,1005.0,996.0,997.0,-0.3,2417.0,441.0,368.0
SBI,2/1/2015,997.0,1008.0,995.0,1000.0,0.3,1717.0,441.0,368.0
SBI,2/2/2015,1000.0,1009.0,995.0,999.0,-0.1,5332.0,441.0,368.0
SBI,2/3/2015,999.0,1000.0,980.0,981.0,-1.8,667.0,441.0,368.0
SBI,2/4/2015,981.0,1000.0,981.0,997.0,1.63,1327.0,441.0,368.0
SBI,2/5/2015,997.0,1000.0,984.0,984.0,-1.3,1636.0,441.0,368.0
SBI,2/8/2015,984.0,994.0,980.0,994.0,1.02,1512.0,441.0,368.0
SBI,2/9/2015,994.0,1004.0,988.0,989.0,-0.5,1128.0,441.0,368.0
SBI,2/10/2015,989.0,983.0,975.0,980.0,-0.91,4832.0,441.0,368.0
SBI,2/11/2015,980.0,980.0,980.0,980.0,0.0,110.0,441.0,368.0
SBI,2/12/2015,980.0,990.0,972.0,980.0,0.0,2032.0,441.0,368.0
SBI,2/15/2015,980.0,981.0,975.0,975.0,-0.51,1223.0,441.0,368.0
SBI,2/16/2015,975.0,980.0,970.0,977.0,0.21,2771.0,441.0,368.0
SBI,2/18/2015,977.0,975.0,964.0,965.0,-1.23,1867.0,441.0,368.0
SBI,2/22/2015,965.0,950.0,950.0,950.0,-1.55,22.0,441.0,368.0
SBI,2/23/2015,950.0,952.0,930.0,952.0,0.21,4454.0,441.0,368.0
SBI,2/24/2015,952.0,965.0,945.0,946.0,-0.63,2248.0,441.0,368.0
SBI,2/25/2015,946.0,950.0,950.0,950.0,0.42,45.0,441.0,368.0
SBI,2/26/2015,950.0,950.0,940.0,940.0,-1.05,474.0,441.0,368.0
SBI,3/1/2015,940.0,935.0,913.0,935.0,-0.53,2129.0,441.0,368.0
SBI,3/2/2015,935.0,950.0,925.0,950.0,1.6,7682.0,441.0,368.0
SBI,3/3/2015,950.0,942.0,931.0,940.0,-1.05,242.0,441.0,368.0
SBI,3/4/2015,940.0,945.0,940.0,940.0,0.0,545.0,441.0,368.0
SBI,3/9/2015,940.0,940.0,924.0,940.0,0.0,1645.0,441.0,368.0
SBI,3/10/2015,940.0,950.0,940.0,940.0,0.0,439.0,441.0,368.0
SBI,3/12/2015,940.0,932.0,932.0,932.0,-0.85,100.0,441.0,368.0
SBI,3/15/2015,932.0,930.0,922.0,922.0,-1.07,2858.0,441.0,368.0
SBI,3/16/2015,922.0,921.0,920.0,920.0,-0.22,477.0,441.0,368.0
SBI,3/17/2015,920.0,928.0,918.0,921.0,0.11,2112.0,441.0,368.0
SBI,3/18/2015,921.0,923.0,905.0,923.0,0.22,514.0,441.0,368.0
SBI,3/19/2015,923.0,928.0,921.0,927.0,0.43,2109.0,441.0,368.0
SBI,3/22/2015,927.0,925.0,910.0,910.0,-1.83,798.0,441.0,368.0
SBI,3/23/2015,910.0,921.0,915.0,921.0,1.21,320.0,441.0,368.0
SBI,3/24/2015,921.0,920.0,911.0,920.0,-0.11,3920.0,441.0,368.0
SBI,3/25/2015,920.0,916.0,906.0,909.0,-1.2,2106.0,441.0,368.0
SBI,3/26/2015,909.0,912.0,911.0,912.0,0.33,110.0,441.0,368.0
SBI,3/29/2015,912.0,915.0,900.0,900.0,-1.32,12965.0,441.0,368.0
SBI,3/30/2015,900.0,905.0,900.0,900.0,0.0,1045.0,441.0,368.0
SBI,3/31/2015,900.0,916.0,900.0,902.0,0.22,1413.0,441.0,368.0
SBI,4/2/2015,902.0,901.0,900.0,901.0,-0.11,1029.0,441.0,368.0
SBI,4/5/2015,901.0,901.0,890.0,890.0,-1.22,2120.0,441.0,368.0
SBI,4/6/2015,890.0,907.0,895.0,900.0,1.12,8752.0,441.0,368.0
SBI,4/7/2015,900.0,904.0,900.0,904.0,0.44,936.0,441.0,368.0
SBI,4/8/2015,904.0,922.0,915.0,920.0,1.77,829.0,441.0,368.0
SBI,4/9/2015,920.0,925.0,920.0,920.0,0.0,768.0,441.0,368.0
SBI,4/12/2015,920.0,915.0,905.0,913.0,-0.76,1133.0,441.0,368.0
SBI,4/13/2015,913.0,906.0,900.0,901.0,-1.31,2137.0,441.0,368.0
SBI,4/15/2015,901.0,925.0,900.0,900.0,-0.11,739.0,441.0,368.0
SBI,4/16/2015,900.0,906.0,873.0,906.0,0.67,332.0,441.0,368.0
SBI,4/19/2015,906.0,910.0,900.0,904.0,-0.22,2209.0,441.0,368.0
SBI,4/20/2015,904.0,915.0,891.0,900.0,-0.44,4424.0,441.0,368.0
SBI,4/21/2015,900.0,915.0,900.0,900.0,0.0,2631.0,441.0,368.0
SBI,4/22/2015,900.0,896.0,886.0,890.0,-1.11,1731.0,441.0,368.0
SBI,4/23/2015,890.0,907.0,890.0,890.0,0.0,560.0,441.0,368.0
SBI,5/25/2015,890.0,873.0,801.0,801.0,-10.0,110.0,441.0,368.0
SBI,5/26/2015,801.0,816.0,784.0,788.0,-1.62,4099.0,441.0,368.0
SBI,5/27/2015,788.0,790.0,765.0,765.0,-2.92,3304.0,441.0,368.0
SBI,5/28/2015,765.0,778.0,740.0,770.0,0.65,2877.0,441.0,368.0
SBI,5/31/2015,770.0,840.0,785.0,820.0,6.49,2854.0,441.0,368.0
SBI,6/1/2015,820.0,873.0,820.0,849.0,3.54,2183.0,441.0,368.0
SBI,6/2/2015,849.0,855.0,817.0,825.0,-2.83,4168.0,441.0,368.0
SBI,6/3/2015,825.0,885.0,840.0,880.0,6.67,3467.0,441.0,368.0
SBI,6/4/2015,880.0,897.0,860.0,879.0,-0.11,11213.0,441.0,368.0
SBI,6/7/2015,879.0,896.0,870.0,890.0,1.25,2499.0,441.0,368.0
SBI,6/8/2015,890.0,918.0,895.0,910.0,2.25,3447.0,441.0,368.0
SBI,6/9/2015,910.0,946.0,915.0,920.0,1.1,3872.0,441.0,368.0
SBI,6/10/2015,920.0,920.0,895.0,915.0,-0.54,4499.0,441.0,368.0
SBI,6/11/2015,915.0,932.0,890.0,900.0,-1.64,1793.0,441.0,368.0
SBI,6/14/2015,900.0,890.0,882.0,883.0,-1.89,364.0,441.0,368.0
SBI,6/16/2015,883.0,900.0,870.0,900.0,1.93,5060.0,441.0,368.0
SBI,6/17/2015,900.0,895.0,885.0,890.0,-1.11,3852.0,441.0,368.0
SBI,6/18/2015,890.0,893.0,880.0,893.0,0.34,758.0,441.0,368.0
SBI,6/21/2015,893.0,880.0,875.0,880.0,-1.46,2701.0,441.0,368.0
SBI,6/22/2015,880.0,897.0,878.0,890.0,1.14,710.0,441.0,368.0
SBI,6/23/2015,890.0,889.0,885.0,885.0,-0.56,2563.0,441.0,368.0
SBI,6/24/2015,885.0,891.0,886.0,891.0,0.68,1620.0,441.0,368.0
SBI,6/25/2015,891.0,903.0,891.0,891.0,0.0,3155.0,441.0,368.0
SBI,6/28/2015,891.0,896.0,890.0,891.0,0.0,1399.0,441.0,368.0
SBI,6/29/2015,891.0,908.0,895.0,896.0,0.56,1720.0,441.0,368.0
SBI,6/30/2015,896.0,898.0,890.0,891.0,-0.56,451.0,441.0,368.0
SBI,7/1/2015,891.0,912.0,896.0,900.0,1.01,1974.0,441.0,368.0
SBI,7/2/2015,900.0,899.0,891.0,895.0,-0.56,2546.0,441.0,368.0
SBI,7/5/2015,895.0,900.0,895.0,900.0,0.56,2707.0,441.0,368.0
SBI,7/6/2015,900.0,903.0,890.0,901.0,0.11,8839.0,441.0,368.0
SBI,7/7/2015,901.0,902.0,890.0,902.0,0.11,5313.0,441.0,368.0
SBI,7/8/2015,902.0,905.0,895.0,895.0,-0.78,5840.0,441.0,368.0
SBI,7/9/2015,895.0,900.0,890.0,893.0,-0.22,2346.0,441.0,368.0
SBI,7/12/2015,893.0,894.0,890.0,890.0,-0.34,520.0,441.0,368.0
SBI,7/13/2015,890.0,894.0,879.0,890.0,0.0,9353.0,441.0,368.0
SBI,7/14/2015,890.0,895.0,885.0,885.0,-0.56,1926.0,441.0,368.0
SBI,7/15/2015,885.0,890.0,890.0,890.0,0.56,1800.0,441.0,368.0
SBI,7/16/2015,890.0,890.0,885.0,887.0,-0.34,2715.0,441.0,368.0
SBI,7/22/2015,887.0,910.0,899.0,910.0,2.59,888.0,441.0,368.0
SBI,7/23/2015,910.0,992.0,900.0,988.0,8.57,4996.0,441.0,368.0
SBI,7/26/2015,988.0,1047.0,1007.0,1047.0,5.97,30.0,441.0,368.0
SBI,7/27/2015,1047.0,1151.0,1067.0,1110.0,6.02,42756.0,441.0,368.0
SBI,7/28/2015,1110.0,1122.0,1050.0,1088.0,-1.98,9775.0,441.0,368.0
SBI,7/29/2015,1088.0,1122.0,1067.0,1102.0,1.29,10439.0,441.0,368.0
SBI,7/30/2015,1102.0,1145.0,1101.0,1130.0,2.54,17289.0,441.0,368.0
SBI,8/2/2015,1130.0,1150.0,1131.0,1142.0,1.06,7405.0,441.0,368.0
SBI,8/3/2015,1142.0,1144.0,1120.0,1137.0,-0.44,7820.0,441.0,368.0
SBI,8/4/2015,1137.0,1160.0,1124.0,1130.0,-0.62,9155.0,441.0,368.0
SBI,8/5/2015,1130.0,1130.0,1115.0,1130.0,0.0,4699.0,441.0,368.0
SBI,8/6/2015,1130.0,1171.0,1130.0,1139.0,0.8,11276.0,441.0,368.0
SBI,8/9/2015,1139.0,1215.0,1161.0,1200.0,5.36,26597.0,441.0,368.0
SBI,8/10/2015,1200.0,1256.0,1180.0,1250.0,4.17,30762.0,441.0,368.0
SBI,8/11/2015,1250.0,1290.0,1250.0,1257.0,0.56,18681.0,441.0,368.0
SBI,8/12/2015,1257.0,1257.0,1225.0,1257.0,0.0,19602.0,441.0,368.0
SBI,8/13/2015,1257.0,1277.0,1248.0,1267.0,0.8,19312.0,441.0,368.0
SBI,8/16/2015,1267.0,1351.0,1260.0,1315.0,3.79,18004.0,441.0,368.0
SBI,8/17/2015,1315.0,1446.0,1341.0,1446.0,9.96,14219.0,441.0,368.0
SBI,8/18/2015,1446.0,1475.0,1400.0,1461.0,1.04,13436.0,441.0,368.0
SBI,8/19/2015,1461.0,1525.0,1470.0,1525.0,4.38,14336.0,441.0,368.0
SBI,8/20/2015,1525.0,1642.0,1550.0,1602.0,5.05,16133.0,441.0,368.0
SBI,8/23/2015,1602.0,1620.0,1530.0,1590.0,-0.75,7310.0,441.0,368.0
SBI,8/24/2015,1590.0,1595.0,1576.0,1580.0,-0.63,3584.0,441.0,368.0
SBI,8/25/2015,1580.0,1575.0,1525.0,1559.0,-1.33,2568.0,441.0,368.0
SBI,8/26/2015,1559.0,1555.0,1536.0,1554.0,-0.32,3781.0,441.0,368.0
SBI,8/27/2015,1554.0,1544.0,1492.0,1492.0,-3.99,4962.0,441.0,368.0
SBI,8/31/2015,1492.0,1570.0,1470.0,1570.0,5.23,7363.0,441.0,368.0
SBI,9/1/2015,1570.0,1565.0,1520.0,1520.0,-3.18,6882.0,441.0,368.0
SBI,9/2/2015,1520.0,1525.0,1503.0,1525.0,0.33,5465.0,441.0,368.0
SBI,9/3/2015,1525.0,1515.0,1491.0,1515.0,-0.66,8541.0,441.0,368.0
SBI,9/6/2015,1515.0,1535.0,1472.0,1518.0,0.2,13866.0,441.0,368.0
SBI,9/7/2015,1518.0,1530.0,1511.0,1520.0,0.13,2495.0,441.0,368.0
SBI,9/8/2015,1520.0,1530.0,1500.0,1515.0,-0.33,712.0,441.0,368.0
SBI,9/9/2015,1515.0,1544.0,1513.0,1544.0,1.91,3664.0,441.0,368.0
SBI,9/10/2015,1544.0,1525.0,1501.0,1523.0,-1.36,2537.0,441.0,368.0
SBI,9/13/2015,1523.0,1555.0,1520.0,1555.0,2.1,10708.0,441.0,368.0
SBI,9/14/2015,1555.0,1580.0,1549.0,1550.0,-0.32,3682.0,441.0,368.0
SBI,9/15/2015,1550.0,1565.0,1535.0,1565.0,0.97,3539.0,441.0,368.0
SBI,9/16/2015,1565.0,1575.0,1540.0,1541.0,-1.53,2656.0,441.0,368.0
SBI,9/17/2015,1541.0,1540.0,1525.0,1530.0,-0.71,2229.0,441.0,368.0
SBI,9/22/2015,1530.0,1501.0,1470.0,1480.0,-3.27,8459.0,441.0,368.0
SBI,9/23/2015,1480.0,1509.0,1499.0,1505.0,1.69,3646.0,441.0,368.0
SBI,9/24/2015,1505.0,1510.0,1490.0,1500.0,-0.33,3578.0,441.0,368.0
SBI,9/28/2015,1500.0,1488.0,1410.0,1469.0,-2.07,6291.0,441.0,368.0
SBI,9/29/2015,1469.0,1498.0,1460.0,1488.0,1.29,941.0,441.0,368.0
SBI,9/30/2015,1488.0,1520.0,1499.0,1510.0,1.48,3312.0,441.0,368.0
SBI,10/1/2015,1510.0,1570.0,1511.0,1515.0,0.33,6184.0,441.0,368.0
SBI,10/4/2015,1515.0,1525.0,1500.0,1520.0,0.33,6174.0,441.0,368.0
SBI,10/5/2015,1520.0,1515.0,1490.0,1500.0,-1.32,2989.0,441.0,368.0
SBI,10/6/2015,1500.0,1501.0,1483.0,1487.0,-0.87,7809.0,441.0,368.0
SBI,10/7/2015,1487.0,1481.0,1460.0,1481.0,-0.4,6190.0,441.0,368.0
SBI,10/8/2015,1481.0,1500.0,1465.0,1500.0,1.28,1900.0,441.0,368.0
SBI,10/11/2015,1500.0,1500.0,1450.0,1454.0,-3.07,3199.0,441.0,368.0
SBI,10/14/2015,1454.0,1432.0,1410.0,1410.0,-3.03,3826.0,441.0,368.0
SBI,10/15/2015,1410.0,1400.0,1360.0,1400.0,-0.71,2171.0,441.0,368.0
SBI,10/18/2015,1400.0,1400.0,1345.0,1345.0,-3.93,1369.0,441.0,368.0
SBI,10/19/2015,1345.0,1350.0,1334.0,1335.0,-0.74,4551.0,441.0,368.0
SBI,10/25/2015,1335.0,1340.0,1309.0,1340.0,0.37,2778.0,441.0,368.0
SBI,10/27/2015,1340.0,1340.0,1280.0,1280.0,-4.48,2945.0,441.0,368.0
SBI,10/28/2015,1280.0,1298.0,1203.0,1298.0,1.41,4408.0,441.0,368.0
SBI,10/29/2015,1298.0,1315.0,1270.0,1302.0,0.31,3633.0,441.0,368.0
SBI,11/1/2015,1302.0,1290.0,1270.0,1285.0,-1.31,1834.0,441.0,368.0
SBI,11/2/2015,1285.0,1310.0,1281.0,1281.0,-0.31,2504.0,441.0,368.0
SBI,11/3/2015,1281.0,1300.0,1268.0,1300.0,1.48,3563.0,441.0,368.0
SBI,11/4/2015,1300.0,1340.0,1290.0,1337.0,2.85,5045.0,441.0,368.0
SBI,11/5/2015,1337.0,1340.0,1325.0,1331.0,-0.45,2378.0,441.0,368.0
SBI,11/8/2015,1331.0,1312.0,1305.0,1305.0,-1.95,2564.0,441.0,368.0
SBI,11/9/2015,1305.0,1350.0,1330.0,1350.0,3.45,1941.0,441.0,368.0
SBI,11/10/2015,1350.0,1350.0,1324.0,1350.0,0.0,1646.0,441.0,368.0
SBI,11/15/2015,1350.0,1375.0,1325.0,1354.0,0.3,1527.0,441.0,368.0
SBI,11/16/2015,1354.0,1335.0,1320.0,1320.0,-2.51,1036.0,441.0,368.0
SBI,11/18/2015,1320.0,1360.0,1330.0,1339.0,1.44,3688.0,441.0,368.0
SBI,11/19/2015,1339.0,1362.0,1322.0,1362.0,1.72,1179.0,441.0,368.0
SBI,11/22/2015,1362.0,1340.0,1280.0,1300.0,-4.55,3362.0,441.0,368.0
SBI,11/23/2015,1300.0,1301.0,1240.0,1301.0,0.08,3839.0,441.0,368.0
SBI,11/24/2015,1301.0,1302.0,1283.0,1300.0,-0.08,5684.0,441.0,368.0
SBI,11/25/2015,1300.0,1303.0,1280.0,1282.0,-1.38,9201.0,441.0,368.0
SBI,11/26/2015,1282.0,1270.0,1250.0,1265.0,-1.33,13116.0,441.0,368.0
SBI,11/29/2015,1265.0,1260.0,1205.0,1221.0,-3.48,8120.0,441.0,368.0
SBI,11/30/2015,1221.0,1265.0,1220.0,1235.0,1.15,3730.0,441.0,368.0
SBI,12/1/2015,1235.0,1290.0,1250.0,1290.0,4.45,2427.0,441.0,368.0
SBI,12/2/2015,1290.0,1310.0,1231.0,1256.0,-2.64,6739.0,441.0,368.0
SBI,12/3/2015,1256.0,1305.0,1256.0,1303.0,3.74,6105.0,441.0,368.0
SBI,12/6/2015,1303.0,1377.0,1310.0,1370.0,5.14,5641.0,441.0,368.0
SBI,12/7/2015,1370.0,1410.0,1376.0,1398.0,2.04,8794.0,441.0,368.0
SBI,12/8/2015,1398.0,1410.0,1362.0,1403.0,0.36,8751.0,441.0,368.0
SBI,12/9/2015,1403.0,1431.0,1390.0,1390.0,-0.93,2778.0,441.0,368.0
SBI,12/10/2015,1390.0,1400.0,1383.0,1395.0,0.36,2935.0,441.0,368.0
SBI,12/13/2015,1395.0,1414.0,1385.0,1400.0,0.36,4078.0,441.0,368.0
SBI,12/14/2015,1400.0,1400.0,1375.0,1395.0,-0.36,1936.0,441.0,368.0
SBI,12/15/2015,1395.0,1390.0,1375.0,1385.0,-0.72,775.0,441.0,368.0
SBI,12/16/2015,1385.0,1380.0,1366.0,1368.0,-1.23,2668.0,441.0,368.0
SBI,12/17/2015,1368.0,1370.0,1356.0,1361.0,-0.51,8197.0,441.0,368.0
SBI,12/20/2015,1361.0,1497.0,1388.0,1497.0,9.99,2242.0,441.0,368.0
SBI,12/21/2015,1497.0,1646.0,1526.0,1528.0,2.07,33718.0,441.0,368.0
SBI,12/22/2015,1528.0,1525.0,1495.0,1500.0,-1.83,6821.0,441.0,368.0
SBI,12/23/2015,1500.0,1519.0,1471.0,1482.0,-1.2,6938.0,441.0,368.0
SBI,12/24/2015,1482.0,1495.0,1473.0,1490.0,0.54,4642.0,441.0,368.0
SBI,12/27/2015,1490.0,1496.0,1471.0,1471.0,-1.28,2647.0,441.0,368.0
SBI,12/28/2015,1471.0,1475.0,1465.0,1465.0,-0.41,1538.0,441.0,368.0
SBI,12/29/2015,1465.0,1485.0,1460.0,1470.0,0.34,3986.0,441.0,368.0
SBI,12/31/2015,1470.0,1495.0,1470.0,1490.0,1.36,6257.0,441.0,368.0
SBI,1/3/2016,1490.0,1518.0,1490.0,1503.0,0.87,11260.0,441.0,368.0
SBI,1/4/2016,1503.0,1510.0,1500.0,1500.0,-0.2,7476.0,441.0,368.0
SBI,1/5/2016,1500.0,1499.0,1485.0,1485.0,-1.0,1924.0,441.0,368.0
SBI,1/6/2016,1485.0,1506.0,1495.0,1495.0,0.67,3170.0,441.0,368.0
SBI,1/7/2016,1495.0,1505.0,1495.0,1500.0,0.33,4282.0,441.0,368.0
SBI,1/10/2016,1500.0,1540.0,1505.0,1535.0,2.33,12259.0,441.0,368.0
SBI,1/11/2016,1535.0,1549.0,1533.0,1549.0,0.91,14291.0,441.0,368.0
SBI,1/12/2016,1549.0,1566.0,1550.0,1557.0,0.52,13515.0,441.0,368.0
SBI,1/13/2016,1557.0,1574.0,1560.0,1560.0,0.19,8461.0,441.0,368.0
SBI,1/14/2016,1560.0,1570.0,1560.0,1565.0,0.32,9953.0,441.0,368.0
SBI,1/17/2016,1565.0,1590.0,1556.0,1579.0,0.89,12155.0,441.0,368.0
SBI,1/18/2016,1579.0,1620.0,1580.0,1589.0,0.63,28225.0,441.0,368.0
SBI,1/19/2016,1251.0,1268.0,1226.0,1260.0,-20.7,7071.0,441.0,368.0
SBI,1/20/2016,1260.0,1274.0,1266.0,1270.0,0.79,14859.0,441.0,368.0
SBI,1/21/2016,1270.0,1285.0,1272.0,1280.0,0.79,8781.0,441.0,368.0
SBI,1/24/2016,1280.0,1280.0,1273.0,1275.0,-0.39,6737.0,441.0,368.0
SBI,1/25/2016,1275.0,1278.0,1268.0,1272.0,-0.24,4445.0,441.0,368.0
SBI,1/26/2016,1272.0,1280.0,1271.0,1273.0,0.08,3694.0,441.0,368.0
SBI,1/27/2016,1273.0,1275.0,1265.0,1265.0,-0.63,696.0,441.0,368.0
SBI,1/28/2016,1265.0,1278.0,1260.0,1270.0,0.4,1611.0,441.0,368.0
SBI,1/31/2016,1270.0,1280.0,1260.0,1270.0,0.0,1533.0,441.0,368.0
SBI,2/1/2016,1270.0,1310.0,1270.0,1300.0,2.36,6243.0,441.0,368.0
SBI,2/2/2016,1300.0,1341.0,1310.0,1310.0,0.77,24770.0,441.0,368.0
SBI,2/3/2016,1310.0,1333.0,1310.0,1320.0,0.76,12253.0,441.0,368.0
SBI,2/4/2016,1320.0,1359.0,1325.0,1350.0,2.27,18962.0,441.0,368.0
SBI,2/7/2016,1350.0,1444.0,1377.0,1442.0,6.81,21177.0,441.0,368.0
SBI,2/8/2016,1442.0,1480.0,1450.0,1455.0,0.9,11807.0,441.0,368.0
SBI,2/11/2016,1455.0,1480.0,1435.0,1458.0,0.21,1700.0,441.0,368.0
SBI,2/14/2016,1458.0,1487.0,1437.0,1440.0,-1.23,8552.0,441.0,368.0
SBI,2/15/2016,1440.0,1435.0,1405.0,1421.0,-1.32,4761.0,441.0,368.0
SBI,2/16/2016,1421.0,1430.0,1400.0,1419.0,-0.14,4816.0,441.0,368.0
SBI,2/17/2016,1419.0,1422.0,1400.0,1400.0,-1.34,5278.0,441.0,368.0
SBI,2/18/2016,1400.0,1445.0,1400.0,1440.0,2.86,3879.0,441.0,368.0
SBI,2/21/2016,1440.0,1440.0,1424.0,1424.0,-1.11,3172.0,441.0,368.0
SBI,2/22/2016,1424.0,1425.0,1401.0,1408.0,-1.12,5372.0,441.0,368.0
SBI,2/23/2016,1408.0,1440.0,1401.0,1415.0,0.5,6064.0,441.0,368.0
SBI,2/24/2016,1415.0,1417.0,1390.0,1417.0,0.14,4516.0,441.0,368.0
SBI,2/25/2016,1417.0,1407.0,1385.0,1407.0,-0.71,9129.0,441.0,368.0
SBI,2/28/2016,1407.0,1410.0,1400.0,1408.0,0.07,4149.0,441.0,368.0
SBI,2/29/2016,1408.0,1405.0,1390.0,1400.0,-0.57,3946.0,441.0,368.0
SBI,3/1/2016,1400.0,1419.0,1395.0,1408.0,0.57,2879.0,441.0,368.0
SBI,3/2/2016,1408.0,1425.0,1419.0,1425.0,1.21,1231.0,441.0,368.0
SBI,3/3/2016,1425.0,1415.0,1409.0,1410.0,-1.05,11534.0,441.0,368.0
SBI,3/6/2016,1410.0,1416.0,1405.0,1405.0,-0.35,13839.0,441.0,368.0
SBI,3/10/2016,1405.0,1430.0,1400.0,1420.0,1.07,6800.0,441.0,368.0
SBI,3/13/2016,1420.0,1440.0,1417.0,1417.0,-0.21,5477.0,441.0,368.0
SBI,3/14/2016,1417.0,1439.0,1408.0,1408.0,-0.64,1308.0,441.0,368.0
SBI,3/15/2016,1408.0,1420.0,1403.0,1415.0,0.5,2784.0,441.0,368.0
SBI,3/16/2016,1415.0,1418.0,1400.0,1409.0,-0.42,2011.0,441.0,368.0
SBI,3/17/2016,1409.0,1425.0,1410.0,1416.0,0.5,2839.0,441.0,368.0
SBI,3/20/2016,1416.0,1440.0,1400.0,1420.0,0.28,2401.0,441.0,368.0
SBI,3/21/2016,1420.0,1430.0,1400.0,1412.0,-0.56,3491.0,441.0,368.0
SBI,3/23/2016,1412.0,1455.0,1430.0,1440.0,1.98,8872.0,441.0,368.0
SBI,3/24/2016,1440.0,1483.0,1449.0,1475.0,2.43,28457.0,441.0,368.0
SBI,3/27/2016,1475.0,1560.0,1485.0,1540.0,4.41,28741.0,441.0,368.0
SBI,3/28/2016,1540.0,1555.0,1500.0,1538.0,-0.13,11304.0,441.0,368.0
SBI,3/29/2016,1538.0,1549.0,1525.0,1532.0,-0.39,6805.0,441.0,368.0
SBI,3/30/2016,1532.0,1525.0,1515.0,1515.0,-1.11,3636.0,441.0,368.0
SBI,3/31/2016,1515.0,1522.0,1507.0,1515.0,0.0,12952.0,441.0,368.0
SBI,4/3/2016,1515.0,1534.0,1490.0,1520.0,0.33,7179.0,441.0,368.0
SBI,4/4/2016,1520.0,1525.0,1508.0,1516.0,-0.26,2893.0,441.0,368.0
SBI,4/5/2016,1516.0,1535.0,1520.0,1523.0,0.46,4459.0,441.0,368.0
SBI,4/6/2016,1523.0,1525.0,1515.0,1515.0,-0.53,3141.0,441.0,368.0
SBI,4/10/2016,1515.0,1550.0,1520.0,1540.0,1.65,6344.0,441.0,368.0
SBI,4/11/2016,1540.0,1550.0,1530.0,1543.0,0.19,6677.0,441.0,368.0
SBI,4/12/2016,1543.0,1560.0,1542.0,1550.0,0.45,9402.0,441.0,368.0
SBI,4/14/2016,1550.0,1600.0,1550.0,1600.0,3.23,14305.0,441.0,368.0
SBI,4/17/2016,1600.0,1700.0,1600.0,1680.0,5.0,14184.0,441.0,368.0
SBI,4/18/2016,1680.0,1749.0,1683.0,1735.0,3.27,17424.0,441.0,368.0
SBI,4/19/2016,1735.0,1760.0,1700.0,1710.0,-1.44,10645.0,441.0,368.0
SBI,4/20/2016,1710.0,1735.0,1715.0,1715.0,0.29,24556.0,441.0,368.0
SBI,4/21/2016,1715.0,1729.0,1710.0,1726.0,0.64,32655.0,441.0,368.0
SBI,4/24/2016,1726.0,1790.0,1734.0,1780.0,3.13,14400.0,441.0,368.0
SBI,4/25/2016,1780.0,1795.0,1780.0,1789.0,0.51,6540.0,441.0,368.0
SBI,4/26/2016,1789.0,1800.0,1750.0,1752.0,-2.07,6095.0,441.0,368.0
SBI,4/27/2016,1752.0,1752.0,1735.0,1743.0,-0.51,5245.0,441.0,368.0
SBI,4/28/2016,1743.0,1760.0,1714.0,1760.0,0.98,9067.0,441.0,368.0
SBI,5/2/2016,1760.0,1770.0,1745.0,1764.0,0.23,15781.0,441.0,368.0
SBI,5/3/2016,1764.0,1780.0,1760.0,1780.0,0.91,21565.0,441.0,368.0
SBI,5/4/2016,1780.0,1775.0,1746.0,1772.0,-0.45,6766.0,441.0,368.0
SBI,5/5/2016,1772.0,1760.0,1750.0,1753.0,-1.07,5059.0,441.0,368.0
SBI,5/8/2016,1753.0,1765.0,1730.0,1755.0,0.11,5333.0,441.0,368.0
SBI,5/9/2016,1755.0,1771.0,1750.0,1769.0,0.8,9069.0,441.0,368.0
SBI,5/10/2016,1769.0,1764.0,1745.0,1752.0,-0.96,6842.0,441.0,368.0
SBI,5/11/2016,1752.0,1750.0,1740.0,1741.0,-0.63,1582.0,441.0,368.0
SBI,5/12/2016,1741.0,1741.0,1720.0,1732.0,-0.52,2274.0,441.0,368.0
SBI,5/15/2016,1732.0,1740.0,1710.0,1725.0,-0.4,7577.0,441.0,368.0
SBI,5/16/2016,1725.0,1720.0,1710.0,1718.0,-0.41,2169.0,441.0,368.0
SBI,5/17/2016,1718.0,1750.0,1710.0,1740.0,1.28,7738.0,441.0,368.0
SBI,5/18/2016,1740.0,1775.0,1750.0,1775.0,2.01,10721.0,441.0,368.0
SBI,5/19/2016,1775.0,1790.0,1765.0,1770.0,-0.28,5102.0,441.0,368.0
SBI,5/22/2016,1770.0,1780.0,1770.0,1771.0,0.06,4135.0,441.0,368.0
SBI,5/23/2016,1771.0,1780.0,1730.0,1760.0,-0.62,5047.0,441.0,368.0
SBI,5/24/2016,1760.0,1820.0,1760.0,1799.0,2.22,7639.0,441.0,368.0
SBI,5/25/2016,1799.0,1825.0,1770.0,1780.0,-1.06,11178.0,441.0,368.0
SBI,5/26/2016,1780.0,1785.0,1745.0,1770.0,-0.56,4514.0,441.0,368.0
SBI,5/29/2016,1770.0,1795.0,1719.0,1765.0,-0.28,5955.0,441.0,368.0
SBI,5/30/2016,1765.0,1755.0,1740.0,1745.0,-1.13,4680.0,441.0,368.0
SBI,5/31/2016,1745.0,1750.0,1725.0,1726.0,-1.09,4751.0,441.0,368.0
SBI,6/1/2016,1726.0,1725.0,1690.0,1700.0,-1.51,8234.0,441.0,368.0
SBI,6/2/2016,1700.0,1715.0,1681.0,1715.0,0.88,5117.0,441.0,368.0
SBI,6/5/2016,1715.0,1690.0,1627.0,1650.0,-3.79,7015.0,441.0,368.0
SBI,6/6/2016,1650.0,1710.0,1675.0,1705.0,3.33,10774.0,441.0,368.0
SBI,6/7/2016,1705.0,1738.0,1700.0,1714.0,0.53,6647.0,441.0,368.0
SBI,6/8/2016,1714.0,1720.0,1705.0,1710.0,-0.23,1412.0,441.0,368.0
SBI,6/9/2016,1710.0,1715.0,1700.0,1700.0,-0.58,7230.0,441.0,368.0
SBI,6/12/2016,1700.0,1785.0,1700.0,1760.0,3.53,11734.0,441.0,368.0
SBI,6/13/2016,1760.0,1830.0,1760.0,1765.0,0.28,9559.0,441.0,368.0
SBI,6/14/2016,1765.0,1820.0,1768.0,1768.0,0.17,10138.0,441.0,368.0
SBI,6/15/2016,1768.0,1760.0,1735.0,1745.0,-1.3,6164.0,441.0,368.0
SBI,6/16/2016,1745.0,1752.0,1725.0,1740.0,-0.29,12140.0,441.0,368.0
SBI,6/19/2016,1740.0,1740.0,1700.0,1720.0,-1.15,20040.0,441.0,368.0
SBI,6/20/2016,1720.0,1740.0,1700.0,1720.0,0.0,7046.0,441.0,368.0
SBI,6/21/2016,1720.0,1740.0,1700.0,1740.0,1.16,14440.0,441.0,368.0
SBI,6/22/2016,1740.0,1794.0,1725.0,1745.0,0.29,9562.0,441.0,368.0
SBI,6/23/2016,1745.0,1799.0,1740.0,1790.0,2.58,17920.0,441.0,368.0
SBI,6/26/2016,1790.0,1945.0,1790.0,1889.0,5.53,29337.0,441.0,368.0
SBI,6/27/2016,1889.0,1980.0,1920.0,1975.0,4.55,44240.0,441.0,368.0
SBI,6/28/2016,1975.0,2020.0,1960.0,1985.0,0.51,38175.0,441.0,368.0
SBI,6/29/2016,1985.0,2000.0,1985.0,1996.0,0.55,21175.0,441.0,368.0
SBI,6/30/2016,1996.0,1988.0,1955.0,1960.0,-1.8,10623.0,441.0,368.0
SBI,7/3/2016,1960.0,1960.0,1930.0,1930.0,-1.53,19794.0,441.0,368.0
SBI,7/4/2016,1930.0,1948.0,1901.0,1909.0,-1.09,8161.0,441.0,368.0
SBI,7/5/2016,1909.0,1945.0,1901.0,1932.0,1.2,15071.0,441.0,368.0
SBI,7/6/2016,1932.0,1950.0,1935.0,1946.0,0.72,5711.0,441.0,368.0
SBI,7/10/2016,1946.0,1960.0,1933.0,1940.0,-0.31,8757.0,441.0,368.0
SBI,7/11/2016,1940.0,1961.0,1890.0,1912.0,-1.44,6931.0,441.0,368.0
SBI,7/12/2016,1912.0,1960.0,1827.0,1899.0,-0.68,8921.0,441.0,368.0
SBI,7/13/2016,1899.0,1900.0,1842.0,1850.0,-2.58,8697.0,441.0,368.0
SBI,7/14/2016,1850.0,1947.0,1815.0,1875.0,1.35,9874.0,441.0,368.0
SBI,7/17/2016,1875.0,1975.0,1885.0,1955.0,4.27,11272.0,441.0,368.0
SBI,7/18/2016,1955.0,1990.0,1964.0,1985.0,1.53,8012.0,441.0,368.0
SBI,7/19/2016,1985.0,2040.0,1975.0,2010.0,1.26,19390.0,441.0,368.0
SBI,7/20/2016,2010.0,2022.0,1960.0,1960.0,-2.49,11057.0,441.0,368.0
SBI,7/21/2016,1960.0,1985.0,1950.0,1975.0,0.77,8581.0,441.0,368.0
SBI,7/25/2016,1975.0,2040.0,1980.0,2040.0,3.29,16032.0,441.0,368.0
SBI,7/26/2016,2040.0,2121.0,2020.0,2070.0,1.47,17099.0,441.0,368.0
SBI,7/27/2016,2070.0,2104.0,2040.0,2088.0,0.87,28455.0,441.0,368.0
SBI,7/28/2016,2088.0,2100.0,2047.0,2085.0,-0.14,16386.0,441.0,368.0
SBI,7/31/2016,2085.0,2152.0,1965.0,2078.0,-0.34,11375.0,441.0,368.0
SBI,8/1/2016,2078.0,2140.0,2045.0,2061.0,-0.82,7593.0,441.0,368.0
SBI,8/2/2016,2061.0,2060.0,2015.0,2029.0,-1.55,7759.0,441.0,368.0
SBI,8/3/2016,2029.0,2060.0,1970.0,2000.0,-1.43,8765.0,441.0,368.0
SBI,8/4/2016,2000.0,1990.0,1882.0,1930.0,-3.5,10944.0,441.0,368.0
SBI,8/7/2016,1930.0,1975.0,1887.0,1930.0,0.0,15395.0,441.0,368.0
SBI,8/8/2016,1930.0,1900.0,1807.0,1807.0,-6.37,6030.0,441.0,368.0
SBI,8/9/2016,1807.0,1879.0,1843.0,1879.0,3.98,436.0,441.0,368.0
SBI,8/10/2016,1879.0,1960.0,1872.0,1955.0,4.04,13238.0,441.0,368.0
SBI,8/11/2016,1955.0,1975.0,1920.0,1930.0,-1.28,3638.0,441.0,368.0
SBI,8/14/2016,1930.0,1929.0,1817.0,1875.0,-2.85,5068.0,441.0,368.0
SBI,8/15/2016,1875.0,1838.0,1786.0,1800.0,-4.0,12661.0,441.0,368.0
SBI,8/16/2016,1800.0,1847.0,1740.0,1847.0,2.61,14378.0,441.0,368.0
SBI,8/17/2016,1847.0,1860.0,1812.0,1855.0,0.43,6861.0,441.0,368.0
SBI,8/21/2016,1855.0,1892.0,1813.0,1830.0,-1.35,3680.0,441.0,368.0
SBI,8/22/2016,1830.0,1823.0,1700.0,1700.0,-7.1,3075.0,441.0,368.0
SBI,8/23/2016,1700.0,1810.0,1700.0,1750.0,2.94,12073.0,441.0,368.0
SBI,8/24/2016,1750.0,1850.0,1730.0,1845.0,5.43,8872.0,441.0,368.0
SBI,8/28/2016,1845.0,1890.0,1843.0,1850.0,0.27,8091.0,441.0,368.0
SBI,8/29/2016,1850.0,1895.0,1840.0,1888.0,2.05,7211.0,441.0,368.0
SBI,8/30/2016,1888.0,1940.0,1900.0,1901.0,0.69,8429.0,441.0,368.0
SBI,8/31/2016,1901.0,1925.0,1915.0,1922.0,1.1,2234.0,441.0,368.0
SBI,9/1/2016,1922.0,1950.0,1920.0,1940.0,0.94,2660.0,441.0,368.0
SBI,9/3/2016,1940.0,2018.0,1902.0,1985.0,2.32,8142.0,441.0,368.0
SBI,9/4/2016,1940.0,2018.0,1902.0,1985.0,0.0,8142.0,441.0,368.0
SBI,9/5/2016,1985.0,2015.0,1990.0,2015.0,1.51,11041.0,441.0,368.0
SBI,9/6/2016,2015.0,2050.0,1950.0,2000.0,-0.74,10564.0,441.0,368.0
SBI,9/7/2016,2000.0,1993.0,1951.0,1975.0,-1.25,7168.0,441.0,368.0
SBI,9/8/2016,1975.0,1990.0,1960.0,1960.0,-0.76,7506.0,441.0,368.0
SBI,9/11/2016,1960.0,1948.0,1910.0,1945.0,-0.77,9935.0,441.0,368.0
SBI,9/12/2016,1945.0,1940.0,1921.0,1927.0,-0.93,3122.0,441.0,368.0
SBI,9/14/2016,1927.0,1950.0,1920.0,1933.0,0.31,9874.0,441.0,368.0
SBI,9/18/2016,1933.0,1920.0,1892.0,1907.0,-1.35,8483.0,441.0,368.0
SBI,9/20/2016,1907.0,1893.0,1870.0,1872.0,-1.84,6645.0,441.0,368.0
SBI,9/21/2016,1872.0,1900.0,1836.0,1880.0,0.43,3461.0,441.0,368.0
SBI,9/22/2016,1880.0,1895.0,1870.0,1870.0,-0.53,5406.0,441.0,368.0
SBI,9/25/2016,1870.0,1845.0,1805.0,1831.0,-2.09,5549.0,441.0,368.0
SBI,9/26/2016,1831.0,1880.0,1840.0,1859.0,1.53,5182.0,441.0,368.0
SBI,9/27/2016,1859.0,1872.0,1822.0,1846.0,-0.7,4425.0,441.0,368.0
SBI,9/28/2016,1846.0,1879.0,1850.0,1872.0,1.41,3514.0,441.0,368.0
SBI,9/29/2016,1872.0,1940.0,1873.0,1940.0,3.63,12873.0,441.0,368.0
SBI,10/2/2016,1940.0,1978.0,1926.0,1978.0,1.96,8502.0,441.0,368.0
SBI,10/3/2016,1978.0,1985.0,1926.0,1939.0,-1.97,7271.0,441.0,368.0
SBI,10/4/2016,1939.0,2055.0,1921.0,1930.0,-0.46,16130.0,441.0,368.0
SBI,10/5/2016,1930.0,1925.0,1889.0,1920.0,-0.52,7147.0,441.0,368.0
SBI,10/6/2016,1920.0,1955.0,1917.0,1935.0,0.78,13260.0,441.0,368.0
SBI,10/16/2016,1935.0,1935.0,1905.0,1935.0,0.0,3530.0,441.0,368.0
SBI,10/17/2016,1935.0,1935.0,1883.0,1883.0,-2.69,9293.0,441.0,368.0
SBI,10/18/2016,1883.0,1900.0,1875.0,1881.0,-0.11,1940.0,441.0,368.0
SBI,10/19/2016,1881.0,1895.0,1870.0,1885.0,0.21,2861.0,441.0,368.0
SBI,10/20/2016,1885.0,1899.0,1874.0,1889.0,0.21,5892.0,441.0,368.0
SBI,10/23/2016,1889.0,1890.0,1868.0,1868.0,-1.11,4805.0,441.0,368.0
SBI,10/24/2016,1868.0,1868.0,1815.0,1855.0,-0.7,5605.0,441.0,368.0
SBI,10/25/2016,1855.0,1845.0,1780.0,1780.0,-4.04,6585.0,441.0,368.0
SBI,10/26/2016,1780.0,1795.0,1745.0,1785.0,0.28,5053.0,441.0,368.0
SBI,10/27/2016,1785.0,1795.0,1760.0,1790.0,0.28,3041.0,441.0,368.0
SBI,11/3/2016,1790.0,1794.0,1760.0,1776.0,-0.78,1992.0,441.0,368.0
SBI,11/7/2016,1776.0,1775.0,1728.0,1728.0,-2.7,2780.0,441.0,368.0
SBI,11/8/2016,1728.0,1730.0,1700.0,1709.0,-1.1,6685.0,441.0,368.0
SBI,11/9/2016,1709.0,1702.0,1617.0,1690.0,-1.11,4740.0,441.0,368.0
SBI,11/10/2016,1690.0,1720.0,1670.0,1694.0,0.24,5180.0,441.0,368.0
SBI,11/13/2016,1694.0,1690.0,1675.0,1690.0,-0.24,9059.0,441.0,368.0
SBI,11/14/2016,1690.0,1690.0,1664.0,1670.0,-1.18,4789.0,441.0,368.0
SBI,11/15/2016,1670.0,1680.0,1658.0,1665.0,-0.3,3340.0,441.0,368.0
SBI,11/16/2016,1665.0,1665.0,1640.0,1660.0,-0.3,17686.0,441.0,368.0
SBI,11/17/2016,1660.0,1650.0,1590.0,1595.0,-3.92,10512.0,441.0,368.0
SBI,11/20/2016,1595.0,1573.0,1480.0,1492.0,-6.46,12340.0,441.0,368.0
SBI,11/21/2016,1492.0,1520.0,1460.0,1505.0,0.87,14519.0,441.0,368.0
SBI,11/22/2016,1505.0,1518.0,1480.0,1498.0,-0.47,9731.0,441.0,368.0
SBI,11/23/2016,1498.0,1498.0,1444.0,1449.0,-3.27,10230.0,441.0,368.0
SBI,11/24/2016,1449.0,1485.0,1420.0,1445.0,-0.28,13308.0,441.0,368.0
SBI,11/27/2016,1445.0,1450.0,1399.0,1407.0,-2.63,11795.0,441.0,368.0
SBI,11/28/2016,1407.0,1456.0,1335.0,1445.0,2.7,10612.0,441.0,368.0
SBI,11/29/2016,1445.0,1570.0,1400.0,1556.0,7.68,26370.0,441.0,368.0
SBI,11/30/2016,1556.0,1695.0,1587.0,1695.0,8.93,20896.0,441.0,368.0
SBI,12/1/2016,1695.0,1715.0,1647.0,1667.0,-1.65,11945.0,441.0,368.0
SBI,12/4/2016,1667.0,1650.0,1590.0,1605.0,-3.72,10623.0,441.0,368.0
SBI,12/5/2016,1605.0,1620.0,1545.0,1545.0,-3.74,16070.0,441.0,368.0
SBI,12/6/2016,1545.0,1560.0,1510.0,1551.0,0.39,6234.0,441.0,368.0
SBI,12/7/2016,1551.0,1560.0,1540.0,1550.0,-0.06,3324.0,441.0,368.0
SBI,12/8/2016,1550.0,1565.0,1535.0,1550.0,0.0,2973.0,441.0,368.0
SBI,12/11/2016,1550.0,1545.0,1514.0,1520.0,-1.94,4128.0,441.0,368.0
SBI,12/12/2016,1520.0,1520.0,1470.0,1490.0,-1.97,6883.0,441.0,368.0
SBI,12/14/2016,1490.0,1505.0,1454.0,1476.0,-0.94,4715.0,441.0,368.0
SBI,12/15/2016,1476.0,1503.0,1476.0,1476.0,0.0,7494.0,441.0,368.0
SBI,12/18/2016,1476.0,1499.0,1455.0,1499.0,1.56,7529.0,441.0,368.0
SBI,12/19/2016,1499.0,1500.0,1470.0,1472.0,-1.8,12742.0,441.0,368.0
SBI,12/20/2016,1472.0,1490.0,1460.0,1460.0,-0.82,2097.0,441.0,368.0
SBI,12/21/2016,1460.0,1460.0,1410.0,1439.0,-1.44,6675.0,441.0,368.0
SBI,12/22/2016,1439.0,1460.0,1431.0,1440.0,0.07,10068.0,441.0,368.0
SBI,12/26/2016,1440.0,1430.0,1400.0,1400.0,-2.78,5378.0,441.0,368.0
SBI,12/27/2016,1400.0,1388.0,1333.0,1388.0,-0.86,6894.0,441.0,368.0
SBI,12/28/2016,1388.0,1384.0,1357.0,1360.0,-2.02,4767.0,441.0,368.0
SBI,12/29/2016,1360.0,1420.0,1382.0,1410.0,3.68,4835.0,441.0,368.0
SBI,1/1/2017,1410.0,1475.0,1430.0,1456.0,3.26,2371.0,441.0,368.0
SBI,1/2/2017,1456.0,1499.0,1456.0,1475.0,1.3,5186.0,441.0,368.0
SBI,1/3/2017,1475.0,1463.0,1415.0,1420.0,-3.73,6604.0,441.0,368.0
SBI,1/4/2017,1420.0,1411.0,1387.0,1400.0,-1.41,8605.0,441.0,368.0
SBI,1/5/2017,1400.0,1428.0,1400.0,1425.0,1.79,4516.0,441.0,368.0
SBI,1/8/2017,1425.0,1410.0,1396.0,1400.0,-1.75,3164.0,441.0,368.0
SBI,1/9/2017,1400.0,1428.0,1400.0,1410.0,0.71,2087.0,441.0,368.0
SBI,1/10/2017,1410.0,1423.0,1410.0,1423.0,0.92,4500.0,441.0,368.0
SBI,1/11/2017,1423.0,1425.0,1400.0,1415.0,-0.56,3231.0,441.0,368.0
SBI,1/12/2017,1415.0,1439.0,1415.0,1418.0,0.21,1329.0,441.0,368.0
SBI,1/15/2017,1418.0,1416.0,1400.0,1412.0,-0.42,4407.0,441.0,368.0
SBI,1/16/2017,1412.0,1410.0,1400.0,1410.0,-0.14,1359.0,441.0,368.0
SBI,1/17/2017,1410.0,1430.0,1410.0,1416.0,0.43,1364.0,441.0,368.0
SBI,1/18/2017,1416.0,1425.0,1410.0,1421.0,0.35,1128.0,441.0,368.0
SBI,1/19/2017,1421.0,1466.0,1430.0,1466.0,3.17,11349.0,441.0,368.0
SBI,1/22/2017,1466.0,1560.0,1495.0,1535.0,4.71,12004.0,441.0,368.0
SBI,1/23/2017,1535.0,1550.0,1510.0,1520.0,-0.98,6881.0,441.0,368.0
SBI,1/24/2017,1520.0,1510.0,1480.0,1484.0,-2.37,10321.0,441.0,368.0
SBI,1/25/2017,1484.0,1472.0,1435.0,1445.0,-2.63,5305.0,441.0,368.0
SBI,1/26/2017,1445.0,1440.0,1364.0,1425.0,-1.38,5966.0,441.0,368.0
SBI,1/30/2017,1425.0,1430.0,1348.0,1350.0,-5.26,10746.0,441.0,368.0
SBI,1/31/2017,1350.0,1400.0,1325.0,1370.0,1.48,7661.0,441.0,368.0
SBI,2/1/2017,1370.0,1455.0,1390.0,1455.0,6.2,7631.0,441.0,368.0
SBI,2/2/2017,1455.0,1515.0,1433.0,1433.0,-1.51,28356.0,441.0,368.0
SBI,2/5/2017,1120.0,1100.0,1065.0,1075.0,-24.98,5457.0,441.0,368.0
SBI,2/6/2017,1075.0,1090.0,1065.0,1075.0,0.0,1935.0,441.0,368.0
SBI,2/7/2017,1075.0,1083.0,1070.0,1070.0,-0.47,6084.0,441.0,368.0
SBI,2/8/2017,1070.0,1110.0,1052.0,1060.0,-0.93,5560.0,441.0,368.0
SBI,2/9/2017,1060.0,1060.0,1005.0,1020.0,-3.77,3594.0,441.0,368.0
SBI,2/12/2017,1020.0,1005.0,971.0,980.0,-3.92,9783.0,441.0,368.0
SBI,2/13/2017,980.0,1025.0,932.0,1025.0,4.59,11808.0,441.0,368.0
SBI,2/14/2017,1025.0,1006.0,981.0,998.0,-2.63,9717.0,441.0,368.0
SBI,2/15/2017,998.0,1015.0,995.0,1014.0,1.6,8055.0,441.0,368.0
SBI,2/16/2017,1014.0,1059.0,1010.0,1045.0,3.06,7796.0,441.0,368.0
SBI,2/19/2017,1045.0,1060.0,1030.0,1051.0,0.57,8779.0,441.0,368.0
SBI,2/20/2017,1051.0,1071.0,1029.0,1029.0,-2.09,8895.0,441.0,368.0
SBI,2/21/2017,1029.0,1070.0,1020.0,1054.0,2.43,7011.0,441.0,368.0
SBI,2/22/2017,1054.0,1049.0,1000.0,1043.0,-1.04,3290.0,441.0,368.0
SBI,2/23/2017,1043.0,1051.0,1013.0,1013.0,-2.88,3206.0,441.0,368.0
SBI,2/26/2017,1013.0,1025.0,1000.0,1015.0,0.2,3686.0,441.0,368.0
SBI,2/28/2017,1015.0,1019.0,998.0,1010.0,-0.49,3096.0,441.0,368.0
SBI,3/1/2017,1010.0,1019.0,1010.0,1010.0,0.0,1950.0,441.0,368.0
SBI,3/2/2017,1010.0,1029.0,1010.0,1029.0,1.88,1059.0,441.0,368.0
SBI,3/5/2017,1029.0,1052.0,1035.0,1045.0,1.55,1573.0,441.0,368.0
SBI,3/6/2017,1045.0,1060.0,1045.0,1055.0,0.96,3194.0,441.0,368.0
SBI,3/7/2017,1055.0,1058.0,1037.0,1055.0,0.0,2176.0,441.0,368.0
SBI,3/9/2017,1055.0,1060.0,1050.0,1050.0,-0.47,4562.0,441.0,368.0
SBI,3/13/2017,1050.0,1072.0,1051.0,1072.0,2.1,1442.0,441.0,368.0
SBI,3/14/2017,1072.0,1070.0,1056.0,1056.0,-1.49,560.0,441.0,368.0
SBI,3/15/2017,1056.0,1070.0,1052.0,1070.0,1.33,680.0,441.0,368.0
SBI,3/16/2017,1070.0,1071.0,1050.0,1071.0,0.09,534.0,441.0,368.0
SBI,3/19/2017,1071.0,1080.0,1065.0,1080.0,0.84,2646.0,441.0,368.0
SBI,3/20/2017,1080.0,1100.0,1086.0,1095.0,1.39,2583.0,441.0,368.0
SBI,3/21/2017,1095.0,1204.0,1091.0,1200.0,9.59,5241.0,441.0,368.0
SBI,3/22/2017,1200.0,1320.0,1224.0,1295.0,7.92,20884.0,441.0,368.0
SBI,3/23/2017,1295.0,1325.0,1268.0,1300.0,0.39,11279.0,441.0,368.0
SBI,3/26/2017,1300.0,1380.0,1320.0,1365.0,5.0,7100.0,441.0,368.0
SBI,3/28/2017,1365.0,1475.0,1392.0,1435.0,5.13,5631.0,441.0,368.0
SBI,3/29/2017,1435.0,1460.0,1358.0,1386.0,-3.41,11045.0,441.0,368.0
SBI,3/30/2017,1386.0,1390.0,1350.0,1380.0,-0.43,4331.0,441.0,368.0
SBI,4/2/2017,1380.0,1430.0,1385.0,1430.0,3.62,4010.0,441.0,368.0
SBI,4/3/2017,1430.0,1500.0,1380.0,1400.0,-2.1,13581.0,441.0,368.0
SBI,4/4/2017,1400.0,1410.0,1385.0,1395.0,-0.36,7708.0,441.0,368.0
SBI,4/6/2017,1395.0,1390.0,1370.0,1380.0,-1.08,2526.0,441.0,368.0
SBI,4/9/2017,1380.0,1425.0,1375.0,1425.0,3.26,5781.0,441.0,368.0
SBI,4/10/2017,1425.0,1419.0,1382.0,1415.0,-0.7,2855.0,441.0,368.0
SBI,4/11/2017,1415.0,1470.0,1425.0,1469.0,3.82,16011.0,441.0,368.0
SBI,4/12/2017,1469.0,1500.0,1455.0,1455.0,-0.95,11039.0,441.0,368.0
SBI,4/13/2017,1455.0,1480.0,1401.0,1450.0,-0.34,7202.0,441.0,368.0
SBI,4/16/2017,1450.0,1440.0,1404.0,1405.0,-3.1,5914.0,441.0,368.0
SBI,4/18/2017,1405.0,1390.0,1350.0,1360.0,-3.2,6560.0,441.0,368.0
SBI,4/19/2017,1360.0,1433.0,1349.0,1417.0,4.19,5444.0,441.0,368.0
SBI,4/20/2017,1417.0,1473.0,1406.0,1430.0,0.92,10047.0,441.0,368.0
SBI,4/23/2017,1430.0,1495.0,1440.0,1446.0,1.12,11293.0,441.0,368.0
SBI,4/24/2017,1446.0,1470.0,1440.0,1440.0,-0.41,4176.0,441.0,368.0
SBI,4/25/2017,1440.0,1480.0,1415.0,1474.0,2.36,18710.0,441.0,368.0
SBI,4/26/2017,1474.0,1488.0,1427.0,1464.0,-0.68,6795.0,441.0,368.0
SBI,4/27/2017,1464.0,1475.0,1422.0,1450.0,-0.96,7893.0,441.0,368.0
SBI,4/30/2017,1450.0,1440.0,1401.0,1435.0,-1.03,4648.0,441.0,368.0
SBI,5/2/2017,1435.0,1481.0,1440.0,1465.0,2.09,23629.0,441.0,368.0
SBI,5/3/2017,1465.0,1510.0,1456.0,1460.0,-0.34,24286.0,441.0,368.0
SBI,5/4/2017,1460.0,1478.0,1450.0,1450.0,-0.68,32852.0,441.0,368.0
SBI,5/7/2017,1450.0,1460.0,1396.0,1400.0,-3.45,43900.0,441.0,368.0
SBI,5/8/2017,1400.0,1420.0,1390.0,1400.0,0.0,60255.0,441.0,368.0
SBI,5/9/2017,1029.0,1088.0,1045.0,1059.0,-24.36,17148.0,441.0,368.0
SBI,5/11/2017,1059.0,1080.0,1055.0,1062.0,0.28,10588.0,441.0,368.0
SBI,5/15/2017,1062.0,1103.0,1060.0,1065.0,0.28,5328.0,441.0,368.0
SBI,5/16/2017,1065.0,1070.0,1057.0,1060.0,-0.47,5118.0,441.0,368.0
SBI,5/17/2017,1060.0,1077.0,1050.0,1050.0,-0.94,5775.0,441.0,368.0
SBI,5/18/2017,1050.0,1055.0,1029.0,1035.0,-1.43,4272.0,441.0,368.0
SBI,5/21/2017,1035.0,1030.0,1005.0,1007.0,-2.71,5302.0,441.0,368.0
SBI,5/22/2017,1007.0,1010.0,970.0,977.0,-2.98,5004.0,441.0,368.0
SBI,5/23/2017,977.0,1040.0,980.0,1006.0,2.97,10601.0,441.0,368.0
SBI,5/24/2017,1006.0,1020.0,981.0,1010.0,0.4,5572.0,441.0,368.0
SBI,5/28/2017,1010.0,1010.0,991.0,995.0,-1.49,8098.0,441.0,368.0
SBI,5/30/2017,995.0,1000.0,985.0,985.0,-1.01,16949.0,441.0,368.0
SBI,5/31/2017,985.0,990.0,976.0,989.0,0.41,8952.0,441.0,368.0
SBI,6/1/2017,989.0,1000.0,989.0,996.0,0.71,5211.0,441.0,368.0
SBI,6/4/2017,996.0,997.0,970.0,975.0,-2.11,7730.0,441.0,368.0
SBI,6/5/2017,975.0,987.0,972.0,984.0,0.92,8620.0,441.0,368.0
SBI,6/6/2017,984.0,1003.0,970.0,992.0,0.81,7868.0,441.0,368.0
SBI,6/7/2017,992.0,1021.0,990.0,990.0,-0.2,9880.0,441.0,368.0
SBI,6/8/2017,990.0,996.0,976.0,990.0,0.0,3751.0,441.0,368.0
SBI,6/11/2017,990.0,985.0,966.0,970.0,-2.02,12759.0,441.0,368.0
SBI,6/12/2017,970.0,984.0,960.0,975.0,0.52,4633.0,441.0,368.0
SBI,6/13/2017,975.0,985.0,965.0,965.0,-1.03,6588.0,441.0,368.0
SBI,6/14/2017,965.0,971.0,962.0,966.0,0.1,3510.0,441.0,368.0
SBI,6/15/2017,966.0,980.0,960.0,969.0,0.31,6806.0,441.0,368.0
SBI,6/18/2017,969.0,972.0,957.0,962.0,-0.72,7908.0,441.0,368.0
SBI,6/19/2017,962.0,962.0,928.0,928.0,-3.53,6978.0,441.0,368.0
SBI,6/20/2017,928.0,934.0,915.0,929.0,0.11,9329.0,441.0,368.0
SBI,6/21/2017,929.0,938.0,924.0,930.0,0.11,4037.0,441.0,368.0
SBI,6/22/2017,930.0,933.0,925.0,925.0,-0.54,7637.0,441.0,368.0
SBI,6/25/2017,925.0,940.0,927.0,932.0,0.76,11558.0,441.0,368.0
SBI,6/27/2017,932.0,940.0,927.0,930.0,-0.21,6916.0,441.0,368.0
SBI,6/28/2017,930.0,935.0,925.0,925.0,-0.54,3055.0,441.0,368.0
SBI,7/2/2017,925.0,918.0,908.0,908.0,-1.84,3502.0,441.0,368.0
SBI,7/3/2017,908.0,930.0,912.0,921.0,1.43,1147.0,441.0,368.0
SBI,7/4/2017,921.0,926.0,911.0,915.0,-0.65,3304.0,441.0,368.0
SBI,7/5/2017,915.0,918.0,905.0,914.0,-0.11,6555.0,441.0,368.0
SBI,7/6/2017,914.0,925.0,915.0,924.0,1.09,5027.0,441.0,368.0
SBI,7/9/2017,924.0,945.0,910.0,910.0,-1.52,9037.0,441.0,368.0
SBI,7/10/2017,910.0,928.0,912.0,920.0,1.1,4317.0,441.0,368.0
SBI,7/11/2017,920.0,928.0,919.0,920.0,0.0,6035.0,441.0,368.0
SBI,7/12/2017,920.0,935.0,920.0,920.0,0.0,2885.0,441.0,368.0
SBI,7/13/2017,920.0,934.0,921.0,925.0,0.54,3508.0,441.0,368.0
SBI,7/16/2017,925.0,925.0,915.0,924.0,-0.11,9987.0,441.0,368.0
SBI,7/17/2017,924.0,941.0,922.0,941.0,1.84,5888.0,441.0,368.0
SBI,7/18/2017,941.0,965.0,940.0,946.0,0.53,5464.0,441.0,368.0
SBI,7/19/2017,946.0,955.0,940.0,949.0,0.32,4996.0,441.0,368.0
SBI,7/20/2017,949.0,953.0,940.0,950.0,0.11,6889.0,441.0,368.0
SBI,7/23/2017,950.0,950.0,936.0,948.0,-0.21,10654.0,441.0,368.0
SBI,7/24/2017,948.0,949.0,930.0,940.0,-0.84,6695.0,441.0,368.0
SBI,7/25/2017,940.0,947.0,938.0,943.0,0.32,4268.0,441.0,368.0
SBI,7/26/2017,943.0,940.0,927.0,930.0,-1.38,1412.0,441.0,368.0
SBI,7/27/2017,930.0,930.0,912.0,929.0,-0.11,6927.0,441.0,368.0
SBI,7/30/2017,929.0,935.0,914.0,914.0,-1.61,4944.0,441.0,368.0
SBI,7/31/2017,914.0,943.0,924.0,936.0,2.41,7506.0,441.0,368.0
SBI,8/1/2017,936.0,950.0,920.0,930.0,-0.64,4008.0,441.0,368.0
SBI,8/2/2017,930.0,940.0,918.0,930.0,0.0,3269.0,441.0,368.0
SBI,8/3/2017,930.0,950.0,935.0,940.0,1.08,6365.0,441.0,368.0
SBI,8/6/2017,940.0,963.0,941.0,943.0,0.32,7644.0,441.0,368.0
SBI,8/7/2017,943.0,945.0,937.0,940.0,-0.32,1901.0,441.0,368.0
SBI,8/9/2017,940.0,943.0,930.0,935.0,-0.53,3027.0,441.0,368.0
SBI,8/10/2017,935.0,943.0,925.0,928.0,-0.75,5714.0,441.0,368.0
SBI,8/13/2017,928.0,925.0,919.0,920.0,-0.86,2422.0,441.0,368.0
SBI,8/15/2017,920.0,938.0,900.0,909.0,-1.2,7987.0,441.0,368.0
SBI,8/16/2017,909.0,920.0,901.0,914.0,0.55,7244.0,441.0,368.0
SBI,8/17/2017,914.0,918.0,910.0,915.0,0.11,5595.0,441.0,368.0
SBI,8/20/2017,915.0,915.0,900.0,909.0,-0.66,5742.0,441.0,368.0
SBI,8/21/2017,909.0,910.0,900.0,907.0,-0.22,6817.0,441.0,368.0
SBI,8/22/2017,907.0,907.0,896.0,904.0,-0.33,11446.0,441.0,368.0
SBI,8/23/2017,904.0,905.0,895.0,897.0,-0.77,6688.0,441.0,368.0
SBI,8/24/2017,897.0,900.0,895.0,895.0,-0.22,6710.0,441.0,368.0
SBI,8/27/2017,895.0,905.0,895.0,895.0,0.0,7432.0,441.0,368.0
SBI,8/28/2017,895.0,910.0,880.0,888.0,-0.78,11180.0,441.0,368.0
SBI,8/30/2017,888.0,883.0,870.0,874.0,-1.58,7250.0,441.0,368.0
SBI,8/31/2017,874.0,875.0,865.0,865.0,-1.03,15627.0,441.0,368.0
SBI,9/4/2017,865.0,864.0,842.0,846.0,-2.2,9138.0,441.0,368.0
SBI,9/6/2017,846.0,856.0,842.0,846.0,0.0,8696.0,441.0,368.0
SBI,9/7/2017,846.0,855.0,837.0,841.0,-0.59,8351.0,441.0,368.0
SBI,9/10/2017,841.0,834.0,808.0,810.0,-3.69,15664.0,441.0,368.0
SBI,9/11/2017,810.0,815.0,796.0,806.0,-0.49,12685.0,441.0,368.0
SBI,9/12/2017,806.0,805.0,790.0,798.0,-0.99,11237.0,441.0,368.0
SBI,9/13/2017,798.0,799.0,765.0,779.0,-2.38,9664.0,441.0,368.0
SBI,9/14/2017,779.0,800.0,775.0,796.0,2.18,6414.0,441.0,368.0
SBI,9/17/2017,796.0,825.0,807.0,817.0,2.64,7552.0,441.0,368.0
SBI,9/18/2017,817.0,862.0,822.0,841.0,2.94,7521.0,441.0,368.0
SBI,9/20/2017,841.0,850.0,838.0,845.0,0.48,5765.0,441.0,368.0
SBI,9/24/2017,845.0,845.0,835.0,841.0,-0.47,2546.0,441.0,368.0
SBI,9/25/2017,841.0,845.0,836.0,840.0,-0.12,2990.0,441.0,368.0
SBI,9/26/2017,840.0,854.0,847.0,854.0,1.67,2505.0,441.0,368.0
SBI,10/3/2017,854.0,850.0,840.0,850.0,-0.47,195.0,441.0,368.0
SBI,10/4/2017,850.0,852.0,834.0,840.0,-1.18,1401.0,441.0,368.0
SBI,10/8/2017,840.0,830.0,790.0,806.0,-4.05,6919.0,441.0,368.0
SBI,10/9/2017,806.0,810.0,799.0,805.0,-0.12,5741.0,441.0,368.0
SBI,10/10/2017,805.0,810.0,796.0,800.0,-0.62,6216.0,441.0,368.0
SBI,10/11/2017,800.0,816.0,800.0,806.0,0.75,4328.0,441.0,368.0
SBI,10/12/2017,806.0,815.0,800.0,801.0,-0.62,6517.0,441.0,368.0
SBI,10/15/2017,801.0,809.0,800.0,800.0,-0.12,4322.0,441.0,368.0
SBI,10/16/2017,800.0,830.0,800.0,830.0,3.75,13433.0,441.0,368.0
SBI,10/17/2017,830.0,840.0,816.0,830.0,0.0,7141.0,441.0,368.0
SBI,10/18/2017,830.0,828.0,817.0,822.0,-0.96,4403.0,441.0,368.0
SBI,10/22/2017,822.0,835.0,815.0,815.0,-0.85,2880.0,441.0,368.0
SBI,10/23/2017,815.0,820.0,813.0,820.0,0.61,3519.0,441.0,368.0
SBI,10/24/2017,820.0,818.0,812.0,815.0,-0.61,2011.0,441.0,368.0
SBI,10/25/2017,815.0,814.0,807.0,810.0,-0.61,14991.0,441.0,368.0
SBI,10/29/2017,810.0,800.0,785.0,800.0,-1.23,7009.0,441.0,368.0
SBI,10/30/2017,800.0,800.0,791.0,797.0,-0.38,5269.0,441.0,368.0
SBI,10/31/2017,797.0,800.0,792.0,799.0,0.25,3487.0,441.0,368.0
SBI,11/1/2017,799.0,791.0,780.0,780.0,-2.38,4295.0,441.0,368.0
SBI,11/2/2017,780.0,780.0,770.0,775.0,-0.64,5501.0,441.0,368.0
SBI,11/5/2017,775.0,779.0,762.0,766.0,-1.16,6160.0,441.0,368.0
SBI,11/6/2017,766.0,779.0,760.0,770.0,0.52,7515.0,441.0,368.0
SBI,11/7/2017,770.0,775.0,760.0,760.0,-1.3,7496.0,441.0,368.0
SBI,11/8/2017,760.0,759.0,740.0,749.0,-1.45,13146.0,441.0,368.0
SBI,11/9/2017,749.0,748.0,730.0,740.0,-1.2,7909.0,441.0,368.0
SBI,11/12/2017,740.0,747.0,740.0,745.0,0.68,2717.0,441.0,368.0
SBI,11/13/2017,745.0,760.0,741.0,745.0,0.0,5324.0,441.0,368.0
SBI,11/14/2017,745.0,768.0,750.0,760.0,2.01,5559.0,441.0,368.0
SBI,11/15/2017,760.0,775.0,739.0,739.0,-2.76,14132.0,441.0,368.0
SBI,11/16/2017,739.0,747.0,739.0,740.0,0.14,9428.0,441.0,368.0
SBI,11/19/2017,740.0,741.0,721.0,730.0,-1.35,7396.0,441.0,368.0
SBI,11/20/2017,730.0,731.0,723.0,731.0,0.14,4597.0,441.0,368.0
SBI,11/21/2017,731.0,743.0,726.0,732.0,0.14,2180.0,441.0,368.0
SBI,11/22/2017,732.0,742.0,735.0,738.0,0.82,2217.0,441.0,368.0
SBI,11/23/2017,738.0,754.0,732.0,745.0,0.95,3878.0,441.0,368.0
SBI,11/26/2017,745.0,759.0,749.0,750.0,0.67,2352.0,441.0,368.0
SBI,11/27/2017,750.0,753.0,745.0,750.0,0.0,6728.0,441.0,368.0
SBI,11/28/2017,750.0,758.0,751.0,756.0,0.8,1401.0,441.0,368.0
SBI,11/29/2017,756.0,763.0,749.0,750.0,-0.79,11857.0,441.0,368.0
SBI,11/30/2017,750.0,753.0,743.0,747.0,-0.4,7450.0,441.0,368.0
SBI,12/4/2017,747.0,750.0,730.0,736.0,-1.47,13833.0,441.0,368.0
SBI,12/5/2017,736.0,740.0,730.0,735.0,-0.14,10016.0,441.0,368.0
SBI,12/6/2017,735.0,755.0,746.0,746.0,1.5,6571.0,441.0,368.0
SBI,12/10/2017,746.0,775.0,745.0,753.0,0.94,9441.0,441.0,368.0
SBI,12/11/2017,753.0,755.0,735.0,738.0,-1.99,8931.0,441.0,368.0
SBI,12/12/2017,738.0,742.0,728.0,730.0,-1.08,18243.0,441.0,368.0
SBI,12/13/2017,730.0,745.0,721.0,742.0,1.64,8777.0,441.0,368.0
SBI,12/14/2017,742.0,747.0,739.0,745.0,0.4,22361.0,441.0,368.0
SBI,12/17/2017,645.0,641.0,620.0,627.0,-15.84,6792.0,441.0,368.0
SBI,12/18/2017,627.0,626.0,620.0,620.0,-1.12,6137.0,441.0,368.0
SBI,12/19/2017,620.0,620.0,610.0,616.0,-0.65,6738.0,441.0,368.0
SBI,12/20/2017,616.0,615.0,605.0,610.0,-0.97,4289.0,441.0,368.0
SBI,12/21/2017,610.0,610.0,606.0,609.0,-0.16,4407.0,441.0,368.0
SBI,12/24/2017,609.0,616.0,605.0,605.0,-0.66,6506.0,441.0,368.0
SBI,12/26/2017,605.0,610.0,599.0,600.0,-0.83,9074.0,441.0,368.0
SBI,12/27/2017,600.0,598.0,587.0,591.0,-1.5,11371.0,441.0,368.0
SBI,12/28/2017,591.0,595.0,587.0,590.0,-0.17,9409.0,441.0,368.0
SBI,12/31/2017,590.0,597.0,585.0,587.0,-0.51,2746.0,441.0,368.0
SBI,1/1/2018,587.0,613.0,591.0,613.0,4.43,9663.0,441.0,368.0
SBI,1/2/2018,613.0,620.0,606.0,610.0,-0.49,12351.0,441.0,368.0
SBI,1/3/2018,610.0,611.0,595.0,600.0,-1.64,8889.0,441.0,368.0
SBI,1/4/2018,600.0,612.0,597.0,599.0,-0.17,6853.0,441.0,368.0
SBI,1/7/2018,599.0,603.0,598.0,599.0,0.0,6993.0,441.0,368.0
SBI,1/8/2018,599.0,605.0,600.0,602.0,0.5,12622.0,441.0,368.0
SBI,1/9/2018,602.0,605.0,600.0,600.0,-0.33,8914.0,441.0,368.0
SBI,1/10/2018,600.0,608.0,595.0,599.0,-0.17,12713.0,441.0,368.0
SBI,1/14/2018,599.0,600.0,588.0,595.0,-0.67,5927.0,441.0,368.0
SBI,1/16/2018,595.0,597.0,592.0,594.0,-0.17,4659.0,441.0,368.0
SBI,1/17/2018,594.0,596.0,589.0,591.0,-0.51,3443.0,441.0,368.0
SBI,1/21/2018,591.0,599.0,590.0,592.0,0.17,4218.0,441.0,368.0
SBI,1/22/2018,592.0,599.0,590.0,594.0,0.34,1462.0,441.0,368.0
SBI,1/23/2018,594.0,591.0,588.0,589.0,-0.84,3915.0,441.0,368.0
SBI,1/24/2018,589.0,590.0,578.0,587.0,-0.34,3331.0,441.0,368.0
SBI,1/25/2018,587.0,594.0,588.0,592.0,0.85,2139.0,441.0,368.0
SBI,1/28/2018,592.0,600.0,593.0,595.0,0.51,6477.0,441.0,368.0
SBI,1/29/2018,595.0,597.0,590.0,595.0,0.0,5011.0,441.0,368.0
SBI,1/31/2018,595.0,600.0,594.0,594.0,-0.17,4522.0,441.0,368.0
SBI,2/1/2018,594.0,600.0,593.0,594.0,0.0,6823.0,441.0,368.0
SBI,2/4/2018,594.0,600.0,592.0,595.0,0.17,4455.0,441.0,368.0
SBI,2/5/2018,595.0,599.0,591.0,591.0,-0.67,7677.0,441.0,368.0
SBI,2/6/2018,591.0,593.0,585.0,591.0,0.0,2890.0,441.0,368.0
SBI,2/7/2018,591.0,597.0,586.0,589.0,-0.34,4143.0,441.0,368.0
SBI,2/8/2018,589.0,590.0,586.0,590.0,0.17,4368.0,441.0,368.0
SBI,2/11/2018,590.0,595.0,584.0,593.0,0.51,5252.0,441.0,368.0
SBI,2/12/2018,593.0,592.0,586.0,587.0,-1.01,3354.0,441.0,368.0
SBI,2/14/2018,587.0,592.0,584.0,590.0,0.51,1745.0,441.0,368.0
SBI,2/15/2018,590.0,603.0,590.0,600.0,1.69,17368.0,441.0,368.0
SBI,2/18/2018,605.0,610.0,594.0,594.0,-1.0,10335.0,441.0,368.0
SBI,2/20/2018,586.0,597.0,586.0,591.0,-0.51,932.0,441.0,368.0
SBI,2/21/2018,586.0,593.0,586.0,587.0,-0.68,3425.0,441.0,368.0
SBI,2/22/2018,585.0,590.0,585.0,588.0,0.17,2644.0,441.0,368.0
SBI,2/25/2018,588.0,588.0,570.0,570.0,-3.06,8489.0,441.0,368.0
SBI,2/26/2018,571.0,571.0,566.0,570.0,0.0,5312.0,441.0,368.0
SBI,2/27/2018,574.0,574.0,565.0,570.0,0.0,3605.0,441.0,368.0
SBI,2/28/2018,570.0,570.0,563.0,563.0,-1.23,4724.0,441.0,368.0
SBI,3/4/2018,560.0,555.0,535.0,548.0,-2.66,5199.0,441.0,368.0
SBI,3/5/2018,548.0,558.0,548.0,553.0,0.91,3838.0,441.0,368.0
SBI,3/6/2018,543.0,560.0,543.0,557.0,0.72,8155.0,441.0,368.0
SBI,3/7/2018,568.0,571.0,562.0,569.0,2.15,2913.0,441.0,368.0
SBI,3/11/2018,570.0,570.0,555.0,555.0,-2.46,3105.0,441.0,368.0
SBI,3/12/2018,566.0,566.0,549.0,549.0,-1.08,9156.0,441.0,368.0
SBI,3/13/2018,559.0,559.0,549.0,555.0,1.09,4984.0,441.0,368.0
SBI,3/14/2018,558.0,562.0,555.0,562.0,1.26,2480.0,441.0,368.0
SBI,3/15/2018,563.0,563.0,559.0,562.0,0.0,990.0,441.0,368.0
SBI,3/18/2018,553.0,564.0,553.0,554.0,-1.42,1374.0,441.0,368.0
SBI,3/19/2018,554.0,559.0,552.0,558.0,0.72,1801.0,441.0,368.0
SBI,3/20/2018,551.0,551.0,538.0,550.0,-1.43,1806.0,441.0,368.0
SBI,3/21/2018,541.0,541.0,528.0,530.0,-3.64,4008.0,441.0,368.0
SBI,3/22/2018,530.0,545.0,520.0,545.0,2.83,11413.0,441.0,368.0
SBI,3/26/2018,535.0,535.0,515.0,516.0,-5.32,6781.0,441.0,368.0
SBI,3/27/2018,510.0,530.0,495.0,530.0,2.71,6144.0,441.0,368.0
SBI,3/28/2018,531.0,550.0,525.0,535.0,0.94,4190.0,441.0,368.0
SBI,3/29/2018,545.0,545.0,535.0,541.0,1.12,4411.0,441.0,368.0
SBI,4/1/2018,532.0,535.0,522.0,534.0,-1.29,3279.0,441.0,368.0
SBI,4/2/2018,531.0,531.0,524.0,524.0,-1.87,2933.0,441.0,368.0
SBI,4/3/2018,524.0,524.0,516.0,521.0,-0.57,8921.0,441.0,368.0
SBI,4/4/2018,522.0,526.0,520.0,521.0,0.0,16799.0,441.0,368.0
SBI,4/5/2018,530.0,531.0,525.0,527.0,1.15,24821.0,441.0,368.0
SBI,4/8/2018,536.0,549.0,530.0,547.0,3.8,16540.0,441.0,368.0
SBI,4/9/2018,557.0,560.0,544.0,552.0,0.91,19602.0,441.0,368.0
SBI,4/10/2018,551.0,563.0,546.0,546.0,-1.09,8153.0,441.0,368.0
SBI,4/11/2018,540.0,549.0,540.0,549.0,0.55,2343.0,441.0,368.0
SBI,4/12/2018,547.0,555.0,543.0,550.0,0.18,8075.0,441.0,368.0
SBI,4/15/2018,550.0,550.0,545.0,549.0,-0.18,3558.0,441.0,368.0
SBI,4/16/2018,555.0,560.0,550.0,556.0,1.28,2938.0,441.0,368.0
SBI,4/17/2018,556.0,564.0,556.0,563.0,1.26,5143.0,441.0,368.0
SBI,4/18/2018,568.0,595.0,561.0,574.0,1.95,6019.0,441.0,368.0
SBI,4/19/2018,583.0,596.0,575.0,585.0,1.92,9519.0,441.0,368.0
SBI,4/22/2018,596.0,615.0,596.0,615.0,5.13,9916.0,441.0,368.0
SBI,4/23/2018,623.0,634.0,603.0,615.0,0.0,16081.0,441.0,368.0
SBI,4/24/2018,615.0,615.0,597.0,597.0,-2.93,7520.0,441.0,368.0
SBI,4/25/2018,595.0,610.0,584.0,592.0,-0.84,3354.0,441.0,368.0
SBI,4/26/2018,603.0,605.0,565.0,565.0,-4.56,8532.0,441.0,368.0
SBI,4/29/2018,560.0,575.0,560.0,568.0,0.53,3428.0,441.0,368.0
SBI,5/2/2018,568.0,575.0,560.0,575.0,1.23,2691.0,441.0,368.0
SBI,5/3/2018,581.0,584.0,569.0,569.0,-1.04,5253.0,441.0,368.0
SBI,5/6/2018,560.0,565.0,556.0,559.0,-1.76,3731.0,441.0,368.0
SBI,5/7/2018,559.0,571.0,554.0,561.0,0.36,3272.0,441.0,368.0
SBI,5/8/2018,557.0,563.0,557.0,563.0,0.36,5829.0,441.0,368.0
SBI,5/9/2018,560.0,570.0,560.0,560.0,-0.53,2979.0,441.0,368.0
SBI,5/10/2018,549.0,562.0,549.0,560.0,0.0,3337.0,441.0,368.0
SBI,5/14/2018,560.0,560.0,550.0,550.0,-1.79,4139.0,441.0,368.0
SBI,5/15/2018,550.0,553.0,545.0,550.0,0.0,1322.0,441.0,368.0
SBI,5/16/2018,561.0,561.0,541.0,550.0,0.0,2475.0,441.0,368.0
SBI,5/17/2018,550.0,561.0,548.0,548.0,-0.36,1811.0,441.0,368.0
SBI,5/20/2018,557.0,557.0,543.0,546.0,-0.36,1349.0,441.0,368.0
SBI,5/21/2018,546.0,546.0,531.0,539.0,-1.28,3809.0,441.0,368.0
SBI,5/22/2018,530.0,540.0,530.0,533.0,-1.11,7107.0,441.0,368.0
SBI,5/23/2018,536.0,541.0,534.0,534.0,0.19,2506.0,441.0,368.0
SBI,5/24/2018,534.0,534.0,528.0,531.0,-0.56,6110.0,441.0,368.0
SBI,5/27/2018,526.0,528.0,517.0,520.0,-2.07,10634.0,441.0,368.0
SBI,5/28/2018,520.0,538.0,515.0,533.0,2.5,12777.0,441.0,368.0
SBI,5/29/2018,540.0,540.0,525.0,530.0,-0.56,7640.0,441.0,368.0
SBI,5/30/2018,530.0,540.0,530.0,530.0,0.0,5180.0,441.0,368.0
SBI,5/31/2018,530.0,530.0,525.0,525.0,-0.94,1320.0,441.0,368.0
SBI,6/3/2018,520.0,529.0,511.0,513.0,-2.29,6585.0,441.0,368.0
SBI,6/4/2018,510.0,515.0,503.0,513.0,0.0,3852.0,441.0,368.0
SBI,6/6/2018,523.0,529.0,515.0,515.0,0.39,3425.0,441.0,368.0
SBI,6/7/2018,525.0,525.0,505.0,512.0,-0.58,5920.0,441.0,368.0
SBI,6/10/2018,503.0,505.0,496.0,501.0,-2.15,7146.0,441.0,368.0
SBI,6/11/2018,504.0,510.0,496.0,505.0,0.8,10916.0,441.0,368.0
SBI,6/12/2018,500.0,510.0,500.0,501.0,-0.79,3331.0,441.0,368.0
SBI,6/13/2018,506.0,509.0,502.0,509.0,1.6,3128.0,441.0,368.0
SBI,6/14/2018,511.0,517.0,510.0,515.0,1.18,1741.0,441.0,368.0
SBI,6/17/2018,515.0,515.0,500.0,502.0,-2.52,6523.0,441.0,368.0
SBI,6/18/2018,500.0,505.0,495.0,505.0,0.6,1256.0,441.0,368.0
SBI,6/19/2018,502.0,504.0,499.0,500.0,-0.99,2623.0,441.0,368.0
SBI,6/20/2018,500.0,502.0,500.0,501.0,0.2,2099.0,441.0,368.0
SBI,6/21/2018,500.0,508.0,498.0,503.0,0.4,2481.0,441.0,368.0
SBI,6/24/2018,505.0,508.0,500.0,500.0,-0.6,3080.0,441.0,368.0
SBI,6/25/2018,496.0,500.0,496.0,500.0,0.0,13038.0,441.0,368.0
SBI,6/26/2018,501.0,502.0,498.0,498.0,-0.4,9219.0,441.0,368.0
SBI,6/27/2018,497.0,500.0,493.0,496.0,-0.4,2875.0,441.0,368.0
SBI,6/28/2018,500.0,500.0,496.0,497.0,0.2,4954.0,441.0,368.0
SBI,7/1/2018,497.0,499.0,490.0,497.0,0.0,10468.0,441.0,368.0
SBI,7/2/2018,490.0,495.0,487.0,487.0,-2.01,1913.0,441.0,368.0
SBI,7/3/2018,495.0,495.0,487.0,490.0,0.62,2266.0,441.0,368.0
SBI,7/4/2018,485.0,495.0,481.0,495.0,1.02,6466.0,441.0,368.0
SBI,7/5/2018,495.0,507.0,490.0,507.0,2.42,4818.0,441.0,368.0
SBI,7/8/2018,507.0,522.0,505.0,514.0,1.38,3283.0,441.0,368.0
SBI,7/9/2018,508.0,508.0,497.0,501.0,-2.53,1983.0,441.0,368.0
SBI,7/10/2018,502.0,504.0,500.0,501.0,0.0,2073.0,441.0,368.0
SBI,7/11/2018,501.0,503.0,500.0,503.0,0.4,1275.0,441.0,368.0
SBI,7/12/2018,500.0,510.0,490.0,495.0,-1.59,6053.0,441.0,368.0
SBI,7/15/2018,501.0,502.0,495.0,499.0,0.81,1109.0,441.0,368.0
SBI,7/16/2018,499.0,499.0,498.0,499.0,0.0,712.0,441.0,368.0
SBI,7/17/2018,490.0,500.0,490.0,494.0,-1.0,2146.0,441.0,368.0
SBI,7/18/2018,496.0,503.0,496.0,500.0,1.21,699.0,441.0,368.0
SBI,7/19/2018,497.0,501.0,495.0,498.0,-0.4,2531.0,441.0,368.0
SBI,7/22/2018,497.0,502.0,495.0,496.0,-0.4,668.0,441.0,368.0
SBI,7/23/2018,505.0,505.0,495.0,496.0,0.0,1610.0,441.0,368.0
SBI,7/24/2018,503.0,507.0,502.0,505.0,1.81,5989.0,441.0,368.0
SBI,7/25/2018,503.0,505.0,501.0,502.0,-0.59,1239.0,441.0,368.0
SBI,7/26/2018,496.0,504.0,496.0,500.0,-0.4,4251.0,441.0,368.0
SBI,7/29/2018,500.0,505.0,500.0,504.0,0.8,2182.0,441.0,368.0
SBI,7/30/2018,504.0,506.0,500.0,504.0,0.0,6875.0,441.0,368.0
SBI,7/31/2018,504.0,505.0,502.0,502.0,-0.4,3497.0,441.0,368.0
SBI,8/1/2018,505.0,505.0,502.0,505.0,0.6,3124.0,441.0,368.0
SBI,8/2/2018,500.0,505.0,500.0,502.0,-0.59,1337.0,441.0,368.0
SBI,8/5/2018,500.0,504.0,497.0,503.0,0.2,1980.0,441.0,368.0
SBI,8/6/2018,504.0,505.0,501.0,505.0,0.4,4282.0,441.0,368.0
SBI,8/7/2018,515.0,515.0,495.0,498.0,-1.39,3583.0,441.0,368.0
SBI,8/8/2018,500.0,505.0,498.0,500.0,0.4,1625.0,441.0,368.0
SBI,8/9/2018,500.0,500.0,495.0,496.0,-0.8,3166.0,441.0,368.0
SBI,8/12/2018,496.0,496.0,490.0,493.0,-0.6,1318.0,441.0,368.0
SBI,8/13/2018,495.0,498.0,495.0,496.0,0.61,4599.0,441.0,368.0
SBI,8/14/2018,497.0,500.0,496.0,499.0,0.6,3259.0,441.0,368.0
SBI,8/15/2018,499.0,508.0,497.0,504.0,1.0,3945.0,441.0,368.0
SBI,8/16/2018,512.0,512.0,505.0,505.0,0.2,1571.0,441.0,368.0
SBI,8/19/2018,503.0,510.0,500.0,509.0,0.79,4584.0,441.0,368.0
SBI,8/20/2018,505.0,505.0,495.0,500.0,-1.77,3444.0,441.0,368.0
SBI,8/21/2018,495.0,499.0,494.0,495.0,-1.0,5245.0,441.0,368.0
SBI,8/22/2018,495.0,495.0,495.0,495.0,0.0,3281.0,441.0,368.0
SBI,8/23/2018,494.0,496.0,494.0,495.0,0.0,6645.0,441.0,368.0
SBI,8/26/2018,495.0,497.0,494.0,497.0,0.4,959.0,441.0,368.0
SBI,8/28/2018,500.0,500.0,492.0,495.0,-0.4,1935.0,441.0,368.0
SBI,8/29/2018,490.0,500.0,490.0,497.0,0.4,4269.0,441.0,368.0
SBI,8/30/2018,495.0,496.0,489.0,493.0,-0.8,2756.0,441.0,368.0
SBI,9/2/2018,495.0,502.0,492.0,495.0,0.41,5513.0,441.0,368.0
SBI,9/3/2018,500.0,502.0,498.0,498.0,0.61,3296.0,441.0,368.0
SBI,9/4/2018,501.0,502.0,495.0,499.0,0.2,6779.0,441.0,368.0
SBI,9/5/2018,495.0,512.0,495.0,510.0,2.2,10859.0,441.0,368.0
SBI,9/6/2018,515.0,516.0,500.0,507.0,-0.59,9496.0,441.0,368.0
SBI,9/9/2018,505.0,505.0,499.0,500.0,-1.38,4317.0,441.0,368.0
SBI,9/10/2018,496.0,499.0,495.0,496.0,-0.8,6427.0,441.0,368.0
SBI,9/11/2018,500.0,500.0,496.0,498.0,0.4,8302.0,441.0,368.0
SBI,9/12/2018,496.0,501.0,495.0,501.0,0.6,9703.0,441.0,368.0
SBI,9/13/2018,502.0,502.0,497.0,502.0,0.2,11759.0,441.0,368.0
SBI,9/16/2018,506.0,518.0,505.0,510.0,1.59,13288.0,441.0,368.0
SBI,9/17/2018,508.0,510.0,505.0,506.0,-0.78,8967.0,441.0,368.0
SBI,9/18/2018,501.0,510.0,496.0,507.0,0.2,4763.0,441.0,368.0
SBI,9/20/2018,505.0,506.0,500.0,501.0,-1.18,4445.0,441.0,368.0
SBI,9/23/2018,498.0,503.0,497.0,500.0,-0.2,7403.0,441.0,368.0
SBI,9/25/2018,505.0,512.0,505.0,511.0,2.2,7997.0,441.0,368.0
SBI,9/26/2018,509.0,514.0,505.0,507.0,-0.78,4135.0,441.0,368.0
SBI,9/27/2018,507.0,507.0,500.0,500.0,-1.38,9225.0,441.0,368.0
SBI,9/30/2018,501.0,508.0,498.0,498.0,-0.4,2981.0,441.0,368.0
SBI,10/1/2018,498.0,498.0,490.0,490.0,-1.61,9199.0,441.0,368.0
SBI,10/2/2018,499.0,499.0,489.0,491.0,0.2,13099.0,441.0,368.0
SBI,10/3/2018,491.0,493.0,489.0,491.0,0.0,9153.0,441.0,368.0
SBI,10/4/2018,500.0,500.0,485.0,492.0,0.2,2982.0,441.0,368.0
SBI,10/7/2018,490.0,490.0,486.0,490.0,-0.41,4036.0,441.0,368.0
SBI,10/8/2018,495.0,495.0,485.0,485.0,-1.02,5671.0,441.0,368.0
SBI,10/9/2018,486.0,487.0,485.0,485.0,0.0,1477.0,441.0,368.0
SBI,10/10/2018,485.0,486.0,484.0,485.0,0.0,2277.0,441.0,368.0
SBI,10/11/2018,485.0,488.0,482.0,485.0,0.0,1691.0,441.0,368.0
SBI,10/14/2018,487.0,490.0,485.0,490.0,1.03,923.0,441.0,368.0
SBI,10/15/2018,491.0,498.0,490.0,492.0,0.41,2554.0,441.0,368.0
SBI,10/21/2018,492.0,495.0,488.0,490.0,-0.41,1995.0,441.0,368.0
SBI,10/22/2018,490.0,495.0,487.0,487.0,-0.61,5386.0,441.0,368.0
SBI,10/23/2018,487.0,489.0,483.0,485.0,-0.41,8729.0,441.0,368.0
SBI,10/24/2018,485.0,494.0,485.0,494.0,1.86,3201.0,441.0,368.0
SBI,10/25/2018,494.0,497.0,488.0,497.0,0.61,3401.0,441.0,368.0
SBI,10/28/2018,497.0,497.0,486.0,486.0,-2.21,1558.0,441.0,368.0
SBI,10/29/2018,480.0,486.0,477.0,484.0,-0.41,2671.0,441.0,368.0
SBI,10/30/2018,480.0,484.0,479.0,482.0,-0.41,2885.0,441.0,368.0
SBI,10/31/2018,483.0,488.0,482.0,484.0,0.41,957.0,441.0,368.0
SBI,11/1/2018,483.0,491.0,475.0,484.0,0.0,6782.0,441.0,368.0
SBI,11/4/2018,480.0,480.0,475.0,478.0,-1.24,2139.0,441.0,368.0
SBI,11/5/2018,476.0,482.0,475.0,482.0,0.84,2488.0,441.0,368.0
SBI,11/6/2018,482.0,484.0,478.0,484.0,0.41,805.0,441.0,368.0
SBI,11/11/2018,484.0,485.0,470.0,471.0,-2.69,977.0,441.0,368.0
SBI,11/12/2018,476.0,477.0,467.0,476.0,1.06,2917.0,441.0,368.0
SBI,11/13/2018,475.0,480.0,471.0,478.0,0.42,2400.0,441.0,368.0
SBI,11/14/2018,475.0,478.0,472.0,472.0,-1.26,3620.0,441.0,368.0
SBI,11/15/2018,465.0,474.0,465.0,470.0,-0.42,6291.0,441.0,368.0
SBI,11/18/2018,466.0,466.0,447.0,453.0,-3.62,3573.0,441.0,368.0
SBI,11/19/2018,449.0,457.0,441.0,448.0,-1.1,4863.0,441.0,368.0
SBI,11/20/2018,450.0,450.0,443.0,443.0,-1.12,1229.0,441.0,368.0
SBI,11/21/2018,443.0,444.0,436.0,438.0,-1.13,5750.0,441.0,368.0
SBI,11/22/2018,441.0,445.0,440.0,440.0,0.46,4852.0,441.0,368.0
SBI,11/25/2018,438.0,438.0,425.0,425.0,-3.41,4338.0,441.0,368.0
SBI,11/26/2018,424.0,430.0,419.0,419.0,-1.41,15838.0,441.0,368.0
SBI,11/27/2018,421.0,428.0,419.0,419.0,0.0,13614.0,441.0,368.0
SBI,11/28/2018,420.0,420.0,415.0,417.0,-0.48,8242.0,441.0,368.0
SBI,11/29/2018,416.0,417.0,408.0,412.0,-1.2,2978.0,441.0,368.0
SBI,12/2/2018,408.0,408.0,400.0,401.0,-2.67,12782.0,441.0,368.0
SBI,12/3/2018,405.0,407.0,398.0,398.0,-0.75,10228.0,441.0,368.0
SBI,12/4/2018,398.0,398.0,389.0,390.0,-2.01,23526.0,441.0,368.0
SBI,12/5/2018,395.0,395.0,386.0,389.0,-0.26,5689.0,441.0,368.0
SBI,12/6/2018,388.0,395.0,380.0,394.0,1.29,17391.0,441.0,368.0
SBI,12/9/2018,398.0,398.0,388.0,394.0,0.0,15696.0,441.0,368.0
SBI,12/10/2018,396.0,406.0,391.0,402.0,2.03,16918.0,441.0,368.0
SBI,12/11/2018,402.0,407.0,396.0,398.0,-1.0,7855.0,441.0,368.0
SBI,12/12/2018,405.0,405.0,390.0,396.0,-0.5,6952.0,441.0,368.0
SBI,12/13/2018,401.0,407.0,401.0,404.0,2.02,4585.0,441.0,368.0
SBI,12/16/2018,410.0,415.0,405.0,408.0,0.99,8865.0,441.0,368.0
SBI,12/17/2018,410.0,410.0,404.0,405.0,-0.74,8512.0,441.0,368.0
SBI,12/18/2018,406.0,408.0,402.0,404.0,-0.25,1818.0,441.0,368.0
SBI,12/19/2018,404.0,410.0,402.0,403.0,-0.25,2405.0,441.0,368.0
SBI,12/20/2018,401.0,404.0,401.0,402.0,-0.25,8221.0,441.0,368.0
SBI,12/23/2018,410.0,418.0,405.0,416.0,3.48,10210.0,441.0,368.0
SBI,12/24/2018,416.0,416.0,409.0,412.0,-0.96,4814.0,441.0,368.0
SBI,12/25/2018,410.0,411.0,408.0,410.0,-0.49,2653.0,441.0,368.0
SBI,12/26/2018,410.0,429.0,410.0,429.0,4.63,7006.0,441.0,368.0
SBI,12/27/2018,437.0,437.0,427.0,427.0,-0.47,14119.0,441.0,368.0
SBI,12/30/2018,430.0,434.0,421.0,425.0,-0.47,1830.0,441.0,368.0
SBI,12/31/2018,425.0,425.0,421.0,421.0,-0.94,3890.0,441.0,368.0
SBI,1/1/2019,424.0,431.0,422.0,424.0,0.71,15649.0,441.0,368.0
SBI,1/2/2019,400.0,401.0,394.0,394.0,-7.08,4830.0,441.0,368.0
SBI,1/3/2019,394.0,398.0,391.0,391.0,-0.76,2976.0,441.0,368.0
SBI,1/6/2019,391.0,391.0,383.0,389.0,-0.51,3991.0,441.0,368.0
SBI,1/7/2019,390.0,395.0,389.0,392.0,0.77,1158.0,441.0,368.0
SBI,1/8/2019,393.0,396.0,390.0,390.0,-0.51,4006.0,441.0,368.0
SBI,1/9/2019,396.0,396.0,392.0,392.0,0.51,1480.0,441.0,368.0
SBI,1/10/2019,395.0,395.0,387.0,387.0,-1.28,7339.0,441.0,368.0
SBI,1/13/2019,388.0,391.0,388.0,388.0,0.26,1345.0,441.0,368.0
SBI,1/14/2019,388.0,392.0,388.0,389.0,0.26,993.0,441.0,368.0
SBI,1/15/2019,396.0,397.0,392.0,392.0,0.77,1736.0,441.0,368.0
SBI,1/16/2019,392.0,392.0,385.0,385.0,-1.79,1821.0,441.0,368.0
SBI,1/17/2019,386.0,392.0,386.0,390.0,1.3,1178.0,441.0,368.0
SBI,1/20/2019,387.0,387.0,386.0,387.0,-0.77,450.0,441.0,368.0
SBI,1/21/2019,388.0,399.0,388.0,399.0,3.1,6478.0,441.0,368.0
SBI,1/22/2019,399.0,400.0,392.0,400.0,0.25,5471.0,441.0,368.0
SBI,1/23/2019,395.0,399.0,395.0,399.0,-0.25,2550.0,441.0,368.0
SBI,1/24/2019,394.0,394.0,389.0,392.0,-1.75,3199.0,441.0,368.0
SBI,1/27/2019,391.0,391.0,380.0,383.0,-2.3,7692.0,441.0,368.0
SBI,1/28/2019,382.0,389.0,380.0,380.0,-0.78,3484.0,441.0,368.0
SBI,1/29/2019,385.0,385.0,381.0,382.0,0.53,5340.0,441.0,368.0
SBI,1/30/2019,382.0,382.0,380.0,380.0,-0.52,6132.0,441.0,368.0
SBI,1/31/2019,382.0,382.0,378.0,381.0,0.26,3031.0,441.0,368.0
SBI,2/3/2019,381.0,383.0,379.0,379.0,-0.52,3047.0,441.0,368.0
SBI,2/4/2019,377.0,379.0,376.0,377.0,-0.53,5795.0,441.0,368.0
SBI,2/5/2019,380.0,383.0,377.0,381.0,1.06,2876.0,441.0,368.0
SBI,2/6/2019,382.0,383.0,379.0,379.0,-0.52,2924.0,441.0,368.0
SBI,2/7/2019,380.0,386.0,379.0,381.0,0.53,979.0,441.0,368.0
SBI,2/10/2019,380.0,381.0,378.0,380.0,-0.26,1543.0,441.0,368.0
SBI,2/11/2019,383.0,383.0,376.0,377.0,-0.79,2389.0,441.0,368.0
SBI,2/12/2019,379.0,381.0,378.0,381.0,1.06,2125.0,441.0,368.0
SBI,2/13/2019,380.0,381.0,377.0,378.0,-0.79,2801.0,441.0,368.0
SBI,2/14/2019,380.0,380.0,377.0,377.0,-0.26,290.0,441.0,368.0
SBI,2/17/2019,373.0,375.0,371.0,375.0,-0.53,2213.0,441.0,368.0
SBI,2/18/2019,372.0,373.0,370.0,371.0,-1.07,3343.0,441.0,368.0
SBI,2/19/2019,375.0,381.0,371.0,379.0,2.16,3946.0,441.0,368.0
SBI,2/20/2019,376.0,382.0,376.0,380.0,0.26,2016.0,441.0,368.0
SBI,2/21/2019,380.0,380.0,374.0,376.0,-1.05,2358.0,441.0,368.0
SBI,2/24/2019,376.0,380.0,375.0,375.0,-0.27,2048.0,441.0,368.0
SBI,2/25/2019,382.0,382.0,372.0,375.0,0.0,3899.0,441.0,368.0
SBI,2/26/2019,375.0,375.0,370.0,372.0,-0.8,7230.0,441.0,368.0
SBI,2/27/2019,375.0,375.0,370.0,375.0,0.81,4594.0,441.0,368.0
SBI,3/3/2019,372.0,376.0,370.0,370.0,-1.33,4208.0,441.0,368.0
SBI,3/5/2019,367.0,371.0,366.0,371.0,0.27,4892.0,441.0,368.0
SBI,3/6/2019,371.0,373.0,371.0,373.0,0.54,5521.0,441.0,368.0
SBI,3/7/2019,375.0,382.0,374.0,382.0,2.41,6781.0,441.0,368.0
SBI,3/10/2019,385.0,385.0,376.0,380.0,-0.52,2865.0,441.0,368.0
SBI,3/11/2019,383.0,391.0,382.0,387.0,1.84,4631.0,441.0,368.0
SBI,3/12/2019,387.0,399.0,387.0,395.0,2.07,6983.0,441.0,368.0
SBI,3/13/2019,402.0,402.0,395.0,395.0,0.0,1564.0,441.0,368.0
SBI,3/14/2019,395.0,395.0,390.0,391.0,-1.01,6818.0,441.0,368.0
SBI,3/17/2019,392.0,399.0,392.0,392.0,0.26,3236.0,441.0,368.0
SBI,3/18/2019,392.0,399.0,392.0,394.0,0.51,5096.0,441.0,368.0
SBI,3/19/2019,390.0,395.0,390.0,392.0,-0.51,274.0,441.0,368.0
SBI,3/21/2019,395.0,395.0,390.0,392.0,0.0,2148.0,441.0,368.0
SBI,3/24/2019,393.0,394.0,383.0,385.0,-1.79,3103.0,441.0,368.0
SBI,3/25/2019,385.0,395.0,383.0,395.0,2.6,6754.0,441.0,368.0
SBI,3/26/2019,395.0,395.0,390.0,391.0,-1.01,4153.0,441.0,368.0
SBI,3/27/2019,395.0,395.0,390.0,390.0,-0.26,4480.0,441.0,368.0
SBI,3/28/2019,389.0,391.0,388.0,391.0,0.26,3379.0,441.0,368.0
SBI,3/31/2019,398.0,398.0,385.0,387.0,-1.02,10285.0,441.0,368.0
SBI,4/1/2019,382.0,392.0,382.0,392.0,1.29,6589.0,441.0,368.0
SBI,4/2/2019,395.0,401.0,395.0,398.0,1.53,6596.0,441.0,368.0
SBI,4/3/2019,396.0,403.0,395.0,398.0,0.0,6010.0,441.0,368.0
SBI,4/4/2019,400.0,405.0,395.0,403.0,1.26,13408.0,441.0,368.0
SBI,4/7/2019,400.0,417.0,400.0,417.0,3.47,11263.0,441.0,368.0
SBI,4/8/2019,425.0,426.0,407.0,421.0,0.96,10664.0,441.0,368.0
SBI,4/9/2019,422.0,424.0,411.0,412.0,-2.14,11344.0,441.0,368.0
SBI,4/10/2019,407.0,418.0,407.0,417.0,1.21,2502.0,441.0,368.0
SBI,4/11/2019,421.0,421.0,412.0,412.0,-1.2,8113.0,441.0,368.0
SBI,4/15/2019,411.0,415.0,411.0,415.0,0.73,1557.0,441.0,368.0
SBI,4/16/2019,415.0,425.0,415.0,425.0,2.41,3364.0,441.0,368.0
SBI,4/17/2019,427.0,440.0,427.0,436.0,2.59,20209.0,441.0,368.0
SBI,4/18/2019,444.0,465.0,441.0,465.0,6.65,20793.0,441.0,368.0
SBI,4/21/2019,473.0,511.0,467.0,511.0,9.89,36288.0,441.0,368.0
SBI,4/22/2019,520.0,525.0,486.0,497.0,-2.74,47770.0,441.0,368.0
SBI,4/23/2019,495.0,516.0,495.0,505.0,1.61,20561.0,441.0,368.0
SBI,4/24/2019,509.0,530.0,505.0,518.0,2.57,27529.0,441.0,368.0
SBI,4/25/2019,520.0,522.0,505.0,508.0,-1.93,22642.0,441.0,368.0
SBI,4/28/2019,516.0,520.0,500.0,501.0,-1.38,18024.0,441.0,368.0
SBI,4/29/2019,505.0,505.0,490.0,496.0,-1.0,10964.0,441.0,368.0
SBI,4/30/2019,500.0,500.0,481.0,481.0,-3.02,9063.0,441.0,368.0
SBI,5/2/2019,480.0,492.0,475.0,485.0,0.83,7658.0,441.0,368.0
SBI,5/5/2019,477.0,484.0,476.0,484.0,-0.21,10515.0,441.0,368.0
SBI,5/6/2019,485.0,500.0,476.0,497.0,2.69,13280.0,441.0,368.0
SBI,5/7/2019,506.0,506.0,483.0,488.0,-1.81,6141.0,441.0,368.0
SBI,5/8/2019,488.0,496.0,480.0,492.0,0.82,11125.0,441.0,368.0
SBI,5/9/2019,484.0,487.0,483.0,483.0,-1.83,7530.0,441.0,368.0
SBI,5/12/2019,474.0,488.0,474.0,487.0,0.83,14995.0,441.0,368.0
SBI,5/13/2019,482.0,490.0,482.0,488.0,0.21,2938.0,441.0,368.0
SBI,5/14/2019,488.0,495.0,485.0,485.0,-0.61,7362.0,441.0,368.0
SBI,5/15/2019,494.0,503.0,491.0,497.0,2.47,28909.0,441.0,368.0
SBI,5/16/2019,501.0,501.0,489.0,489.0,-1.61,9503.0,441.0,368.0
SBI,5/19/2019,483.0,492.0,482.0,482.0,-1.43,11199.0,441.0,368.0
SBI,5/20/2019,482.0,485.0,480.0,480.0,-0.41,7962.0,441.0,368.0
SBI,5/21/2019,480.0,487.0,480.0,480.0,0.0,10509.0,441.0,368.0
SBI,5/22/2019,484.0,485.0,476.0,476.0,-0.83,5506.0,441.0,368.0
SBI,5/23/2019,480.0,489.0,478.0,482.0,1.26,13628.0,441.0,368.0
SBI,5/26/2019,480.0,487.0,472.0,474.0,-1.66,7066.0,441.0,368.0
SBI,5/27/2019,475.0,478.0,470.0,473.0,-0.21,12649.0,441.0,368.0
SBI,5/28/2019,475.0,480.0,470.0,478.0,1.06,4543.0,441.0,368.0
SBI,5/29/2019,480.0,484.0,471.0,480.0,0.42,16477.0,441.0,368.0
SBI,5/30/2019,489.0,500.0,482.0,488.0,1.67,23759.0,441.0,368.0
SBI,6/2/2019,485.0,487.0,481.0,482.0,-1.23,5117.0,441.0,368.0
SBI,6/3/2019,482.0,482.0,472.0,472.0,-2.07,4953.0,441.0,368.0
SBI,6/4/2019,471.0,477.0,471.0,475.0,0.64,14369.0,441.0,368.0
SBI,6/6/2019,484.0,484.0,472.0,472.0,-0.63,11232.0,441.0,368.0
SBI,6/10/2019,470.0,472.0,465.0,470.0,-0.42,12681.0,441.0,368.0
SBI,6/11/2019,468.0,474.0,465.0,467.0,-0.64,7756.0,441.0,368.0
SBI,6/12/2019,466.0,472.0,462.0,466.0,-0.21,17999.0,441.0,368.0
SBI,6/13/2019,465.0,466.0,462.0,464.0,-0.43,14022.0,441.0,368.0
SBI,6/16/2019,464.0,465.0,462.0,462.0,-0.43,7096.0,441.0,368.0
SBI,6/17/2019,463.0,468.0,461.0,463.0,0.22,11133.0,441.0,368.0
SBI,6/18/2019,461.0,466.0,460.0,460.0,-0.65,9113.0,441.0,368.0
SBI,6/19/2019,459.0,461.0,458.0,461.0,0.22,3074.0,441.0,368.0
SBI,6/20/2019,464.0,465.0,463.0,463.0,0.43,6687.0,441.0,368.0
SBI,6/23/2019,463.0,465.0,462.0,464.0,0.22,3172.0,441.0,368.0
SBI,6/24/2019,464.0,465.0,460.0,465.0,0.22,18641.0,441.0,368.0
SBI,6/25/2019,467.0,468.0,464.0,465.0,0.0,4966.0,441.0,368.0
SBI,6/26/2019,465.0,465.0,458.0,462.0,-0.65,5778.0,441.0,368.0
SBI,6/27/2019,458.0,464.0,458.0,462.0,0.0,5543.0,441.0,368.0
SBI,6/30/2019,462.0,465.0,460.0,465.0,0.65,7096.0,441.0,368.0
SBI,7/1/2019,461.0,465.0,461.0,464.0,-0.22,6370.0,441.0,368.0
SBI,7/2/2019,460.0,466.0,460.0,466.0,0.43,8287.0,441.0,368.0
SBI,7/3/2019,466.0,480.0,463.0,475.0,1.93,7617.0,441.0,368.0
SBI,7/4/2019,471.0,472.0,467.0,467.0,-1.68,7806.0,441.0,368.0
SBI,7/7/2019,464.0,467.0,463.0,466.0,-0.21,6239.0,441.0,368.0
SBI,7/8/2019,463.0,465.0,460.0,462.0,-0.86,5234.0,441.0,368.0
SBI,7/9/2019,460.0,462.0,458.0,462.0,0.0,6693.0,441.0,368.0
SBI,7/10/2019,460.0,465.0,458.0,460.0,-0.43,9928.0,441.0,368.0
SBI,7/11/2019,460.0,462.0,459.0,459.0,-0.22,6219.0,441.0,368.0
SBI,7/14/2019,460.0,464.0,460.0,461.0,0.44,4191.0,441.0,368.0
SBI,7/15/2019,469.0,469.0,463.0,464.0,0.65,4202.0,441.0,368.0
SBI,7/16/2019,464.0,469.0,463.0,469.0,1.08,2622.0,441.0,368.0
SBI,7/17/2019,470.0,477.0,470.0,473.0,0.85,4849.0,441.0,368.0
SBI,7/18/2019,473.0,478.0,471.0,473.0,0.0,6845.0,441.0,368.0
SBI,7/21/2019,475.0,475.0,470.0,470.0,-0.63,5500.0,441.0,368.0
SBI,7/22/2019,472.0,476.0,470.0,475.0,1.06,5825.0,441.0,368.0
SBI,7/23/2019,470.0,475.0,470.0,473.0,-0.42,1979.0,441.0,368.0
SBI,7/24/2019,472.0,484.0,472.0,479.0,1.27,9232.0,441.0,368.0
SBI,7/25/2019,475.0,480.0,470.0,470.0,-1.88,10784.0,441.0,368.0
SBI,7/28/2019,461.0,465.0,460.0,460.0,-2.13,9954.0,441.0,368.0
SBI,7/29/2019,460.0,466.0,460.0,465.0,1.09,2360.0,441.0,368.0
SBI,7/30/2019,465.0,470.0,465.0,470.0,1.08,3580.0,441.0,368.0
SBI,7/31/2019,468.0,470.0,463.0,465.0,-1.06,8535.0,441.0,368.0
SBI,8/1/2019,467.0,468.0,461.0,464.0,-0.22,6620.0,441.0,368.0
SBI,8/4/2019,465.0,465.0,462.0,464.0,0.0,2842.0,441.0,368.0
SBI,8/5/2019,466.0,466.0,461.0,464.0,0.0,5756.0,441.0,368.0
SBI,8/6/2019,464.0,469.0,459.0,459.0,-1.08,14529.0,441.0,368.0
SBI,8/7/2019,457.0,462.0,456.0,458.0,-0.22,8984.0,441.0,368.0
SBI,8/8/2019,460.0,460.0,450.0,450.0,-1.75,4930.0,441.0,368.0
SBI,8/11/2019,451.0,455.0,440.0,444.0,-1.33,6344.0,441.0,368.0
SBI,8/12/2019,452.0,461.0,445.0,447.0,0.68,2552.0,441.0,368.0
SBI,8/13/2019,445.0,445.0,442.0,445.0,-0.45,7255.0,441.0,368.0
SBI,8/14/2019,445.0,447.0,443.0,443.0,-0.45,6022.0,441.0,368.0
SBI,8/15/2019,440.0,446.0,440.0,445.0,0.45,2810.0,441.0,368.0
SBI,8/18/2019,445.0,445.0,439.0,440.0,-1.12,18915.0,441.0,368.0
SBI,8/19/2019,440.0,456.0,439.0,446.0,1.36,5895.0,441.0,368.0
SBI,8/20/2019,439.0,454.0,439.0,442.0,-0.9,2123.0,441.0,368.0
SBI,8/21/2019,442.0,448.0,442.0,445.0,0.68,3594.0,441.0,368.0
SBI,8/22/2019,450.0,451.0,445.0,445.0,0.0,5451.0,441.0,368.0
SBI,8/25/2019,450.0,453.0,443.0,453.0,1.8,11045.0,441.0,368.0
SBI,8/26/2019,446.0,448.0,443.0,448.0,-1.1,3486.0,441.0,368.0
SBI,8/27/2019,442.0,450.0,442.0,450.0,0.45,7592.0,441.0,368.0
SBI,8/28/2019,448.0,449.0,444.0,445.0,-1.11,6177.0,441.0,368.0
SBI,8/29/2019,442.0,445.0,440.0,445.0,0.0,5389.0,441.0,368.0
SBI,9/1/2019,446.0,449.0,440.0,440.0,-1.12,4241.0,441.0,368.0
SBI,9/2/2019,437.0,442.0,432.0,432.0,-1.82,4586.0,441.0,368.0
SBI,9/3/2019,432.0,447.0,424.0,440.0,1.85,5672.0,441.0,368.0
SBI,9/4/2019,444.0,448.0,444.0,445.0,1.14,3715.0,441.0,368.0
SBI,9/5/2019,440.0,450.0,440.0,444.0,-0.22,2971.0,441.0,368.0
SBI,9/8/2019,436.0,436.0,428.0,432.0,-2.7,3164.0,441.0,368.0
SBI,9/9/2019,426.0,431.0,420.0,422.0,-2.31,14792.0,441.0,368.0
SBI,9/10/2019,425.0,430.0,420.0,426.0,0.95,4264.0,441.0,368.0
SBI,9/11/2019,427.0,434.0,426.0,426.0,0.0,1731.0,441.0,368.0
SBI,9/12/2019,429.0,429.0,424.0,425.0,-0.23,1843.0,441.0,368.0
SBI,9/15/2019,419.0,425.0,417.0,417.0,-1.88,7658.0,441.0,368.0
SBI,9/16/2019,413.0,419.0,410.0,410.0,-1.68,6157.0,441.0,368.0
SBI,9/17/2019,418.0,423.0,414.0,415.0,1.22,4229.0,441.0,368.0
SBI,9/18/2019,422.0,428.0,403.0,428.0,3.13,15597.0,441.0,368.0
SBI,9/19/2019,429.0,429.0,422.0,428.0,0.0,1875.0,441.0,368.0
SBI,9/22/2019,415.0,415.0,409.0,411.0,-3.97,3485.0,441.0,368.0
SBI,9/23/2019,410.0,411.0,405.0,406.0,-1.22,5483.0,441.0,368.0
SBI,9/24/2019,402.0,409.0,401.0,403.0,-0.74,5453.0,441.0,368.0
SBI,9/25/2019,405.0,407.0,403.0,405.0,0.5,1802.0,441.0,368.0
SBI,9/26/2019,406.0,406.0,403.0,405.0,0.0,2324.0,441.0,368.0
SBI,9/29/2019,402.0,405.0,402.0,403.0,-0.49,1324.0,441.0,368.0
SBI,9/30/2019,402.0,402.0,390.0,396.0,-1.74,4841.0,441.0,368.0
SBI,10/1/2019,398.0,410.0,395.0,405.0,2.27,6715.0,441.0,368.0
SBI,10/2/2019,413.0,413.0,405.0,408.0,0.74,4519.0,441.0,368.0
SBI,10/3/2019,408.0,410.0,408.0,409.0,0.25,4892.0,441.0,368.0
SBI,10/10/2019,415.0,415.0,408.0,408.0,-0.24,1050.0,441.0,368.0
SBI,10/14/2019,408.0,408.0,397.0,400.0,-1.96,2159.0,441.0,368.0
SBI,10/15/2019,400.0,402.0,399.0,402.0,0.5,1075.0,441.0,368.0
SBI,10/16/2019,398.0,398.0,394.0,394.0,-1.99,1197.0,441.0,368.0
SBI,10/17/2019,394.0,401.0,394.0,400.0,1.52,1357.0,441.0,368.0
SBI,10/20/2019,400.0,400.0,393.0,399.0,-0.25,773.0,441.0,368.0
SBI,10/21/2019,400.0,405.0,400.0,403.0,1.0,394.0,441.0,368.0
SBI,10/22/2019,403.0,405.0,402.0,403.0,0.0,3580.0,441.0,368.0
SBI,10/23/2019,403.0,404.0,402.0,404.0,0.25,1771.0,441.0,368.0
SBI,10/24/2019,407.0,407.0,404.0,406.0,0.5,1446.0,441.0,368.0
SBI,10/31/2019,407.0,410.0,407.0,410.0,0.99,2924.0,441.0,368.0
SBI,11/3/2019,404.0,406.0,404.0,405.0,-1.22,2651.0,441.0,368.0
SBI,11/4/2019,407.0,407.0,405.0,405.0,0.0,4034.0,441.0,368.0
SBI,11/5/2019,405.0,406.0,405.0,405.0,0.0,995.0,441.0,368.0
SBI,11/6/2019,405.0,406.0,405.0,406.0,0.25,771.0,441.0,368.0
SBI,11/7/2019,405.0,407.0,405.0,405.0,-0.25,3497.0,441.0,368.0
SBI,11/10/2019,405.0,406.0,401.0,406.0,0.25,5807.0,441.0,368.0
SBI,11/11/2019,403.0,410.0,403.0,407.0,0.25,2592.0,441.0,368.0
SBI,11/12/2019,405.0,406.0,402.0,405.0,-0.49,10507.0,441.0,368.0
SBI,11/13/2019,404.0,404.0,399.0,399.0,-1.48,2455.0,441.0,368.0
SBI,11/14/2019,406.0,406.0,402.0,402.0,0.75,4297.0,441.0,368.0
SBI,11/17/2019,397.0,397.0,390.0,391.0,-2.74,5510.0,441.0,368.0
SBI,11/18/2019,391.0,392.0,390.0,391.0,0.0,6227.0,441.0,368.0
SBI,11/19/2019,396.0,396.0,389.0,389.0,-0.51,4228.0,441.0,368.0
SBI,11/20/2019,390.0,392.0,390.0,391.0,0.51,5890.0,441.0,368.0
SBI,11/21/2019,391.0,391.0,380.0,383.0,-2.05,9683.0,441.0,368.0
SBI,11/24/2019,385.0,385.0,380.0,381.0,-0.52,4630.0,441.0,368.0
SBI,11/25/2019,376.0,379.0,372.0,377.0,-1.05,6097.0,441.0,368.0
SBI,11/26/2019,381.0,382.0,375.0,380.0,0.8,7381.0,441.0,368.0
SBI,11/27/2019,376.0,386.0,376.0,380.0,0.0,4642.0,441.0,368.0
SBI,11/28/2019,384.0,387.0,382.0,383.0,0.79,9527.0,441.0,368.0
SBI,12/1/2019,355.0,356.0,345.0,348.0,-9.14,7679.0,441.0,368.0
SBI,12/2/2019,348.0,348.0,345.0,345.0,-0.86,2935.0,441.0,368.0
SBI,12/3/2019,344.0,347.0,344.0,347.0,0.58,2403.0,441.0,368.0
SBI,12/4/2019,348.0,348.0,346.0,348.0,0.29,833.0,441.0,368.0
SBI,12/5/2019,348.0,353.0,346.0,346.0,-0.57,3138.0,441.0,368.0
SBI,12/8/2019,348.0,352.0,347.0,347.0,0.29,1411.0,441.0,368.0
SBI,12/9/2019,347.0,360.0,347.0,352.0,1.44,4946.0,441.0,368.0
SBI,12/10/2019,358.0,358.0,355.0,355.0,0.85,842.0,441.0,368.0
SBI,12/11/2019,356.0,360.0,355.0,359.0,1.13,1549.0,441.0,368.0
SBI,12/12/2019,359.0,360.0,356.0,357.0,-0.56,3039.0,441.0,368.0
SBI,12/15/2019,359.0,359.0,352.0,353.0,-1.12,6319.0,441.0,368.0
SBI,12/16/2019,360.0,360.0,356.0,356.0,0.85,3004.0,441.0,368.0
SBI,12/17/2019,356.0,356.0,349.0,350.0,-1.69,1349.0,441.0,368.0
SBI,12/18/2019,349.0,349.0,346.0,348.0,-0.57,3594.0,441.0,368.0
SBI,12/19/2019,347.0,353.0,347.0,353.0,1.44,5170.0,441.0,368.0
SBI,12/22/2019,350.0,351.0,348.0,350.0,-0.85,2386.0,441.0,368.0
SBI,12/23/2019,350.0,357.0,350.0,357.0,2.0,3818.0,441.0,368.0
SBI,12/24/2019,357.0,360.0,355.0,356.0,-0.28,2818.0,441.0,368.0
SBI,12/25/2019,360.0,360.0,351.0,352.0,-1.12,4174.0,441.0,368.0
SBI,12/26/2019,354.0,358.0,352.0,354.0,0.57,3328.0,441.0,368.0
SBI,12/29/2019,354.0,355.0,353.0,355.0,0.28,878.0,441.0,368.0
SBI,12/30/2019,355.0,355.0,350.0,355.0,0.0,2862.0,441.0,368.0
SBI,12/31/2019,355.0,355.0,352.0,352.0,-0.85,4394.0,441.0,368.0
SBI,1/1/2020,355.0,356.0,352.0,356.0,1.14,7846.0,441.0,368.0
SBI,1/2/2020,355.0,356.0,350.0,353.0,-0.84,10668.0,441.0,368.0
SBI,1/5/2020,355.0,371.0,353.0,368.0,4.25,12436.0,441.0,368.0
SBI,1/6/2020,374.0,386.0,368.0,386.0,4.89,12770.0,441.0,368.0
SBI,1/7/2020,387.0,397.0,387.0,397.0,2.85,8270.0,441.0,368.0
SBI,1/8/2020,400.0,400.0,386.0,386.0,-2.77,21706.0,441.0,368.0
SBI,1/9/2020,383.0,400.0,379.0,395.0,2.33,5159.0,441.0,368.0
SBI,1/12/2020,399.0,408.0,397.0,403.0,2.03,17496.0,441.0,368.0
SBI,1/13/2020,411.0,419.0,404.0,405.0,0.5,14263.0,441.0,368.0
SBI,1/14/2020,405.0,409.0,399.0,399.0,-1.48,5998.0,441.0,368.0
SBI,1/15/2020,400.0,423.0,394.0,407.0,2.01,14047.0,441.0,368.0
SBI,1/16/2020,415.0,420.0,410.0,419.0,2.95,13995.0,441.0,368.0
SBI,1/19/2020,427.0,446.0,416.0,445.0,6.21,21354.0,441.0,368.0
SBI,1/20/2020,453.0,453.0,425.0,426.0,-4.27,13030.0,441.0,368.0
SBI,1/21/2020,426.0,430.0,421.0,425.0,-0.23,11909.0,441.0,368.0
SBI,1/22/2020,423.0,426.0,420.0,420.0,-1.18,7661.0,441.0,368.0
SBI,1/23/2020,421.0,421.0,410.0,410.0,-2.38,6883.0,441.0,368.0
SBI,1/26/2020,408.0,408.0,400.0,401.0,-2.2,5754.0,441.0,368.0
SBI,1/27/2020,400.0,418.0,400.0,416.0,3.74,10325.0,441.0,368.0
SBI,1/28/2020,409.0,414.0,408.0,410.0,-1.44,7772.0,441.0,368.0
SBI,1/29/2020,410.0,410.0,398.0,402.0,-1.95,8118.0,441.0,368.0
SBI,1/30/2020,401.0,417.0,401.0,413.0,2.74,10888.0,441.0,368.0
SBI,2/2/2020,420.0,430.0,417.0,425.0,2.91,23265.0,441.0,368.0
SBI,2/3/2020,427.0,430.0,426.0,428.0,0.71,23990.0,441.0,368.0
SBI,2/4/2020,431.0,431.0,416.0,420.0,-1.87,18677.0,441.0,368.0
SBI,2/5/2020,418.0,422.0,417.0,421.0,0.24,4194.0,441.0,368.0
SBI,2/6/2020,425.0,425.0,414.0,414.0,-1.66,2720.0,441.0,368.0
SBI,2/9/2020,413.0,415.0,408.0,409.0,-1.21,4465.0,441.0,368.0
SBI,2/10/2020,409.0,415.0,408.0,408.0,-0.24,6589.0,441.0,368.0
SBI,2/11/2020,411.0,418.0,410.0,414.0,1.47,10881.0,441.0,368.0
SBI,2/12/2020,414.0,420.0,410.0,410.0,-0.97,4272.0,441.0,368.0
SBI,2/13/2020,410.0,414.0,404.0,404.0,-1.46,9376.0,441.0,368.0
SBI,2/16/2020,402.0,413.0,402.0,410.0,1.49,16321.0,441.0,368.0
SBI,2/17/2020,418.0,430.0,418.0,424.0,3.41,33663.0,441.0,368.0
SBI,2/18/2020,424.0,435.0,423.0,429.0,1.18,28295.0,441.0,368.0
SBI,2/19/2020,429.0,430.0,424.0,424.0,-1.17,13212.0,441.0,368.0
SBI,2/20/2020,425.0,430.0,421.0,429.0,1.18,17873.0,441.0,368.0
SBI,2/23/2020,435.0,471.0,434.0,471.0,9.79,62870.0,441.0,368.0
SBI,2/24/2020,480.0,498.0,472.0,475.0,0.85,68773.0,441.0,368.0
SBI,2/25/2020,471.0,487.0,466.0,477.0,0.42,34609.0,441.0,368.0
SBI,2/26/2020,486.0,499.0,485.0,493.0,3.35,50056.0,441.0,368.0
SBI,2/27/2020,493.0,542.0,477.0,542.0,9.94,81584.0,441.0,368.0
SBI,3/1/2020,550.0,583.0,532.0,534.0,-1.48,112352.0,441.0,368.0
SBI,3/2/2020,525.0,535.0,506.0,506.0,-5.24,39156.0,441.0,368.0
SBI,3/3/2020,502.0,540.0,491.0,516.0,1.98,85319.0,441.0,368.0
SBI,3/4/2020,507.0,525.0,481.0,481.0,-6.78,48427.0,441.0,368.0
SBI,3/5/2020,472.0,485.0,454.0,465.0,-3.33,33806.0,441.0,368.0
SBI,3/10/2020,456.0,456.0,419.0,419.0,-9.89,20412.0,441.0,368.0
SBI,3/11/2020,427.0,459.0,423.0,458.0,9.31,46476.0,441.0,368.0
SBI,3/12/2020,458.0,470.0,436.0,440.0,-3.93,24339.0,441.0,368.0
SBI,3/15/2020,432.0,435.0,419.0,419.0,-4.77,34111.0,441.0,368.0
SBI,3/16/2020,413.0,438.0,413.0,423.0,0.95,39016.0,441.0,368.0
SBI,3/17/2020,423.0,423.0,400.0,412.0,-2.6,29653.0,441.0,368.0
SBI,3/18/2020,405.0,435.0,391.0,407.0,-1.21,23252.0,441.0,368.0
SBI,3/19/2020,399.0,420.0,393.0,420.0,3.19,33945.0,441.0,368.0
SBI,3/22/2020,412.0,420.0,412.0,412.0,-1.9,570.0,441.0,368.0
SBI,5/13/2020,404.0,404.0,404.0,404.0,-1.94,20.0,441.0,368.0
SBI,6/29/2020,396.0,396.0,375.0,380.0,-5.94,6452.0,441.0,368.0
SBI,6/30/2020,373.0,406.0,373.0,405.0,6.58,2296.0,441.0,368.0
SBI,7/1/2020,413.0,429.0,410.0,429.0,5.93,5323.0,441.0,368.0
SBI,7/2/2020,435.0,435.0,388.0,388.0,-9.56,6790.0,441.0,368.0
SBI,7/5/2020,390.0,403.0,385.0,400.0,3.09,29562.0,441.0,368.0
SBI,7/6/2020,396.0,410.0,396.0,408.0,2.0,12306.0,441.0,368.0
SBI,7/7/2020,408.0,427.0,401.0,411.0,0.74,11450.0,441.0,368.0
SBI,7/8/2020,412.0,412.0,403.0,409.0,-0.49,20567.0,441.0,368.0
SBI,7/9/2020,401.0,411.0,395.0,407.0,-0.49,15788.0,441.0,368.0
SBI,7/12/2020,407.0,413.0,404.0,409.0,0.49,17892.0,441.0,368.0
SBI,7/13/2020,414.0,415.0,405.0,414.0,1.22,16602.0,441.0,368.0
SBI,7/14/2020,412.0,419.0,409.0,418.0,0.97,12487.0,441.0,368.0
SBI,7/15/2020,413.0,442.0,413.0,435.0,4.07,22205.0,441.0,368.0
SBI,7/16/2020,443.0,450.0,439.0,441.0,1.38,16404.0,441.0,368.0
SBI,7/19/2020,449.0,465.0,449.0,465.0,5.44,60.0,441.0,368.0
SBI,7/20/2020,488.0,506.0,455.0,471.0,1.29,41242.0,441.0,368.0
SBI,7/21/2020,462.0,475.0,452.0,452.0,-4.03,37329.0,441.0,368.0
SBI,7/22/2020,450.0,455.0,443.0,447.0,-1.11,15876.0,441.0,368.0
SBI,7/23/2020,440.0,457.0,439.0,451.0,0.89,11033.0,441.0,368.0
SBI,7/26/2020,453.0,460.0,450.0,460.0,2.0,17270.0,441.0,368.0
SBI,7/27/2020,460.0,462.0,452.0,452.0,-1.74,23201.0,441.0,368.0
SBI,7/28/2020,450.0,457.0,450.0,454.0,0.44,13670.0,441.0,368.0
SBI,7/29/2020,450.0,450.0,442.0,445.0,-1.98,13494.0,441.0,368.0
SBI,7/30/2020,446.0,469.0,440.0,450.0,1.12,17138.0,441.0,368.0
SBI,8/2/2020,445.0,445.0,432.0,435.0,-3.33,26316.0,441.0,368.0
SBI,8/3/2020,430.0,437.0,425.0,431.0,-0.92,24753.0,441.0,368.0
SBI,8/5/2020,423.0,430.0,421.0,425.0,-1.39,9974.0,441.0,368.0
SBI,8/6/2020,423.0,425.0,414.0,425.0,0.0,14567.0,441.0,368.0
SBI,8/9/2020,420.0,429.0,409.0,420.0,-1.18,7378.0,441.0,368.0
SBI,8/10/2020,427.0,438.0,422.0,437.0,4.05,17015.0,441.0,368.0
SBI,8/11/2020,444.0,444.0,429.0,435.0,-0.46,8017.0,441.0,368.0
SBI,8/12/2020,438.0,438.0,425.0,434.0,-0.23,13216.0,441.0,368.0
SBI,8/13/2020,430.0,432.0,422.0,424.0,-2.3,8557.0,441.0,368.0
SBI,8/16/2020,416.0,422.0,408.0,415.0,-2.12,21864.0,441.0,368.0
SBI,8/17/2020,415.0,415.0,410.0,412.0,-0.72,16896.0,441.0,368.0
SBI,8/18/2020,415.0,417.0,408.0,410.0,-0.49,7423.0,441.0,368.0
SBI,8/19/2020,404.0,410.0,403.0,407.0,-0.73,7040.0,441.0,368.0
SBI,8/20/2020,407.0,416.0,407.0,410.0,0.74,2547.0,441.0,368.0
SBI,8/23/2020,413.0,417.0,408.0,417.0,1.71,3637.0,441.0,368.0
SBI,8/24/2020,420.0,424.0,417.0,419.0,0.48,8293.0,441.0,368.0
SBI,8/25/2020,426.0,426.0,418.0,424.0,1.19,9118.0,441.0,368.0
SBI,8/26/2020,429.0,434.0,426.0,433.0,2.12,29643.0,441.0,368.0
SBI,8/27/2020,440.0,440.0,431.0,434.0,0.23,15769.0,441.0,368.0
SBI,8/30/2020,440.0,440.0,425.0,429.0,-1.15,4498.0,441.0,368.0
SBI,8/31/2020,429.0,437.0,425.0,432.0,0.7,14674.0,441.0,368.0
SBI,9/2/2020,432.0,439.0,428.0,437.0,1.16,19318.0,441.0,368.0
SBI,9/3/2020,445.0,445.0,433.0,435.0,-0.46,13974.0,441.0,368.0
SBI,9/6/2020,456.0,456.0,427.0,432.0,-0.69,22466.0,441.0,368.0
SBI,9/7/2020,435.0,435.0,417.0,420.0,-2.78,9212.0,441.0,368.0
SBI,9/8/2020,422.0,426.0,414.0,421.0,0.24,26985.0,441.0,368.0
SBI,9/9/2020,427.0,427.0,415.0,421.0,0.0,21133.0,441.0,368.0
SBI,9/10/2020,420.0,430.0,417.0,419.0,-0.48,8762.0,441.0,368.0
SBI,9/13/2020,419.0,425.0,415.0,425.0,1.43,19719.0,441.0,368.0
SBI,9/14/2020,433.0,433.0,425.0,425.0,0.0,18389.0,441.0,368.0
SBI,9/15/2020,430.0,430.0,425.0,425.0,0.0,9369.0,441.0,368.0
SBI,9/16/2020,419.0,424.0,419.0,422.0,-0.71,7917.0,441.0,368.0
SBI,9/17/2020,429.0,444.0,421.0,437.0,3.55,30959.0,441.0,368.0
SBI,9/20/2020,437.0,460.0,435.0,438.0,0.23,12399.0,441.0,368.0
SBI,9/21/2020,438.0,441.0,436.0,438.0,0.0,19495.0,441.0,368.0
SBI,9/22/2020,438.0,438.0,429.0,430.0,-1.83,13602.0,441.0,368.0
SBI,9/23/2020,426.0,431.0,426.0,427.0,-0.7,14852.0,441.0,368.0
SBI,9/24/2020,427.0,429.0,424.0,425.0,-0.47,15571.0,441.0,368.0
SBI,9/27/2020,446.0,450.0,426.0,428.0,0.71,31241.0,441.0,368.0
SBI,9/28/2020,426.0,432.0,426.0,428.0,0.0,9458.0,441.0,368.0
SBI,9/29/2020,428.0,428.0,424.0,426.0,-0.47,8372.0,441.0,368.0
SBI,9/30/2020,447.0,447.0,420.0,424.0,-0.47,15510.0,441.0,368.0
SBI,10/1/2020,426.0,433.0,425.0,430.0,1.42,20032.0,441.0,368.0
SBI,10/4/2020,438.0,438.0,433.0,435.0,1.16,17632.0,441.0,368.0
SBI,10/5/2020,439.0,439.0,430.0,431.0,-0.92,14803.0,441.0,368.0
SBI,10/6/2020,429.0,434.0,426.0,426.0,-1.16,20350.0,441.0,368.0
SBI,10/7/2020,425.0,432.0,424.0,428.0,0.47,13839.0,441.0,368.0
SBI,10/8/2020,435.0,435.0,422.0,424.0,-0.93,21978.0,441.0,368.0
SBI,10/11/2020,422.0,427.0,418.0,420.0,-0.94,20792.0,441.0,368.0
SBI,10/12/2020,420.0,424.0,412.0,423.0,0.71,26589.0,441.0,368.0
SBI,10/13/2020,425.0,427.0,415.0,416.0,-1.65,12292.0,441.0,368.0
SBI,10/14/2020,416.0,418.0,415.0,415.0,-0.24,15362.0,441.0,368.0
SBI,10/15/2020,423.0,423.0,413.0,413.0,-0.48,13949.0,441.0,368.0
SBI,10/18/2020,410.0,414.0,410.0,412.0,-0.24,10474.0,441.0,368.0
SBI,10/19/2020,412.0,417.0,410.0,417.0,1.21,9432.0,441.0,368.0
SBI,10/20/2020,422.0,422.0,414.0,421.0,0.96,5978.0,441.0,368.0
SBI,10/21/2020,424.0,425.0,419.0,425.0,0.95,15661.0,441.0,368.0
SBI,10/22/2020,425.0,428.0,417.0,428.0,0.71,24045.0,441.0,368.0
SBI,10/28/2020,436.0,450.0,431.0,446.0,4.21,49367.0,441.0,368.0
SBI,10/29/2020,446.0,460.0,444.0,446.0,0.0,47151.0,441.0,368.0
SBI,11/1/2020,438.0,444.0,433.0,435.0,-2.47,16671.0,441.0,368.0
SBI,11/2/2020,431.0,440.0,430.0,431.0,-0.92,14941.0,441.0,368.0
SBI,11/3/2020,430.0,432.0,428.0,430.0,-0.23,11213.0,441.0,368.0
SBI,11/4/2020,430.0,432.0,428.0,431.0,0.23,6214.0,441.0,368.0
SBI,11/5/2020,431.0,431.0,424.0,426.0,-1.16,17071.0,441.0,368.0
SBI,11/8/2020,425.0,427.0,422.0,422.0,-0.94,28364.0,441.0,368.0
SBI,11/9/2020,416.0,421.0,416.0,420.0,-0.47,16991.0,441.0,368.0
SBI,11/10/2020,425.0,425.0,419.0,423.0,0.71,21339.0,441.0,368.0
SBI,11/11/2020,420.0,430.0,419.0,430.0,1.65,18991.0,441.0,368.0
SBI,11/12/2020,431.0,433.0,420.0,428.0,-0.47,25706.0,441.0,368.0
SBI,11/18/2020,420.0,421.0,412.0,415.0,-3.04,41098.0,441.0,368.0
SBI,11/19/2020,416.0,422.0,415.0,422.0,1.69,44067.0,441.0,368.0
SBI,11/22/2020,418.0,431.0,413.0,420.0,-0.47,70709.0,441.0,368.0
SBI,11/23/2020,421.0,421.0,414.0,415.0,-1.19,68919.0,441.0,368.0
SBI,11/24/2020,415.0,418.0,410.0,412.0,-0.72,39268.0,441.0,368.0
SBI,11/25/2020,392.0,438.0,392.0,419.0,1.7,50557.0,441.0,368.0
SBI,11/26/2020,439.0,439.0,420.0,430.0,2.63,113083.0,441.0,368.0
SBI,11/29/2020,438.0,470.0,438.0,465.0,8.14,154712.0,441.0,368.0
SBI,11/30/2020,488.0,488.0,446.0,449.0,-3.44,86123.0,441.0,368.0
SBI,12/1/2020,442.0,454.0,435.0,440.0,-2.0,52193.0,441.0,368.0
SBI,12/2/2020,440.0,441.0,437.0,440.0,0.0,32024.0,441.0,368.0
SBI,12/3/2020,440.0,441.0,432.0,432.0,-1.82,38255.0,441.0,368.0
SBI,12/6/2020,424.0,433.0,418.0,418.0,-3.24,49283.0,441.0,368.0
SBI,12/7/2020,425.0,433.0,415.0,424.0,1.44,28907.0,441.0,368.0
SBI,12/8/2020,430.0,430.0,413.0,419.0,-1.18,50135.0,441.0,368.0
SBI,12/9/2020,415.0,418.0,407.0,410.0,-2.15,57122.0,441.0,368.0
SBI,12/10/2020,407.0,420.0,406.0,420.0,2.44,34694.0,441.0,368.0
SBI,12/13/2020,412.0,427.0,412.0,424.0,0.95,26947.0,441.0,368.0
SBI,12/14/2020,432.0,444.0,422.0,430.0,1.42,44423.0,441.0,368.0
SBI,12/15/2020,438.0,438.0,423.0,429.0,-0.23,28445.0,441.0,368.0
SBI,12/16/2020,450.0,450.0,421.0,423.0,-1.4,18609.0,441.0,368.0
SBI,12/17/2020,428.0,428.0,420.0,422.0,-0.24,27475.0,441.0,368.0
SBI,12/20/2020,427.0,427.0,405.0,410.0,-2.84,55889.0,441.0,368.0
SBI,12/21/2020,402.0,415.0,391.0,410.0,0.0,36532.0,441.0,368.0
SBI,12/22/2020,416.0,419.0,408.0,417.0,1.71,47786.0,441.0,368.0
SBI,12/23/2020,420.0,422.0,410.0,416.0,-0.24,51638.0,441.0,368.0
SBI,12/24/2020,420.0,430.0,414.0,419.0,0.72,42471.0,441.0,368.0
SBI,12/27/2020,427.0,427.0,409.0,414.0,-1.19,21932.0,441.0,368.0
SBI,12/28/2020,407.0,412.0,407.0,410.0,-0.97,14681.0,441.0,368.0
SBI,12/29/2020,430.0,430.0,407.0,408.0,-0.49,49368.0,441.0,368.0
SBI,12/30/2020,392.0,399.0,385.0,387.0,-5.15,29408.0,441.0,368.0
SBI,12/31/2020,406.0,425.0,393.0,407.0,5.17,93964.0,441.0,368.0
SBI,1/3/2021,427.0,427.0,412.0,420.0,3.19,84299.0,441.0,368.0
SBI,1/4/2021,428.0,430.0,411.0,416.0,-0.95,42720.0,441.0,368.0
SBI,1/5/2021,421.0,421.0,410.0,417.0,0.24,26521.0,441.0,368.0
SBI,1/6/2021,420.0,421.0,416.0,421.0,0.96,56120.0,441.0,368.0
SBI,1/7/2021,416.0,426.0,415.0,422.0,0.24,82189.0,441.0,368.0
SBI,1/10/2021,425.0,442.0,421.0,436.0,3.32,182391.0,441.0,368.0
SBI,1/11/2021,439.0,468.0,439.0,457.0,4.82,205247.0,441.0,368.0
SBI,1/12/2021,460.0,485.0,450.0,484.0,5.91,119594.0,441.0,368.0
SBI,1/13/2021,491.0,491.0,463.0,466.0,-3.72,93017.0,441.0,368.0
SBI,1/17/2021,466.0,470.0,450.0,453.0,-2.79,61837.0,441.0,368.0
SBI,1/18/2021,455.0,462.0,449.0,449.0,-0.88,43175.0,441.0,368.0
SBI,1/19/2021,448.0,452.0,437.0,446.0,-0.67,67283.0,441.0,368.0
SBI,1/20/2021,424.0,452.0,424.0,442.0,-0.9,41214.0,441.0,368.0
SBI,1/21/2021,442.0,459.0,436.0,440.0,-0.45,42776.0,441.0,368.0
SBI,1/24/2021,462.0,462.0,440.0,445.0,1.14,61663.0,441.0,368.0
SBI,1/25/2021,447.0,453.0,439.0,447.0,0.45,86106.0,441.0,368.0
SBI,1/26/2021,447.0,455.0,440.0,446.0,-0.22,71925.0,441.0,368.0
SBI,1/27/2021,468.0,468.0,441.0,446.0,0.0,89624.0,441.0,368.0
SBI,1/28/2021,445.0,446.0,434.0,438.0,-1.79,75932.0,441.0,368.0
SBI,1/31/2021,430.0,437.0,420.0,420.0,-4.11,42514.0,441.0,368.0
SBI,2/1/2021,428.0,434.0,418.0,421.0,0.24,27025.0,441.0,368.0
SBI,2/2/2021,428.0,431.0,422.0,429.0,1.9,56924.0,441.0,368.0
SBI,2/3/2021,435.0,437.0,425.0,430.0,0.23,57425.0,441.0,368.0
SBI,2/4/2021,438.0,438.0,422.0,422.0,-1.86,41417.0,441.0,368.0
SBI,2/7/2021,430.0,430.0,418.0,422.0,0.0,61664.0,441.0,368.0
SBI,2/8/2021,443.0,443.0,420.0,428.0,1.42,56077.0,441.0,368.0
SBI,2/9/2021,436.0,439.0,428.0,432.0,0.93,45997.0,441.0,368.0
SBI,2/10/2021,453.0,453.0,425.0,434.0,0.46,24163.0,441.0,368.0
SBI,2/11/2021,441.0,441.0,428.0,435.0,0.23,61977.0,441.0,368.0
SBI,2/14/2021,440.0,440.0,423.0,430.0,-1.15,57351.0,441.0,368.0
SBI,2/15/2021,430.0,438.0,428.0,432.0,0.47,52494.0,441.0,368.0
SBI,2/16/2021,453.0,453.0,432.0,435.0,0.69,119411.0,441.0,368.0
SBI,2/17/2021,430.0,465.0,429.0,448.0,2.99,138431.0,441.0,368.0
SBI,2/18/2021,450.0,460.0,447.0,455.0,1.56,113213.0,441.0,368.0
SBI,2/21/2021,455.0,463.0,447.0,450.0,-1.1,72554.0,441.0,368.0
SBI,2/22/2021,463.0,463.0,436.0,438.0,-2.67,46423.0,441.0,368.0
SBI,2/23/2021,430.0,442.0,424.0,434.0,-0.91,24941.0,441.0,368.0
SBI,2/24/2021,455.0,455.0,430.0,436.0,0.46,26410.0,441.0,368.0
SBI,2/25/2021,439.0,439.0,424.0,429.0,-1.61,42281.0,441.0,368.0
SBI,2/28/2021,427.0,429.0,419.0,420.0,-2.1,76641.0,441.0,368.0
SBI,3/1/2021,415.0,425.0,415.0,422.0,0.48,23508.0,441.0,368.0
SBI,3/2/2021,425.0,425.0,413.0,420.0,-0.47,37949.0,441.0,368.0
SBI,3/3/2021,428.0,428.0,409.0,417.0,-0.71,26690.0,441.0,368.0
SBI,3/4/2021,420.0,421.0,412.0,419.0,0.48,26254.0,441.0,368.0
SBI,3/7/2021,419.0,420.0,411.0,417.0,-0.48,15500.0,441.0,368.0
SBI,3/9/2021,418.0,418.0,410.0,411.0,-1.44,31650.0,441.0,368.0
SBI,3/10/2021,417.0,417.0,408.0,409.0,-0.49,10612.0,441.0,368.0
SBI,3/14/2021,409.0,411.0,402.0,406.0,-0.73,23240.0,441.0,368.0
SBI,3/15/2021,403.0,410.0,403.0,405.0,-0.25,13178.0,441.0,368.0
SBI,3/16/2021,410.0,413.0,401.0,405.0,0.0,28245.0,441.0,368.0
SBI,3/17/2021,413.0,413.0,405.0,406.0,0.25,12005.0,441.0,368.0
SBI,3/18/2021,407.0,413.0,407.0,408.0,0.49,11474.0,441.0,368.0
SBI,3/21/2021,408.0,431.0,408.0,413.0,1.23,32122.0,441.0,368.0
SBI,3/22/2021,421.0,421.0,410.0,410.0,-0.73,23706.0,441.0,368.0
SBI,3/23/2021,410.0,411.0,407.0,409.0,-0.24,18670.0,441.0,368.0
SBI,3/24/2021,410.0,414.0,408.0,410.0,0.24,38474.0,441.0,368.0
SBI,3/25/2021,410.0,411.0,408.0,409.0,-0.24,32677.0,441.0,368.0
SBI,3/29/2021,408.0,410.0,404.0,406.0,-0.73,18220.0,441.0,368.0
SBI,3/30/2021,406.0,407.0,403.0,406.0,0.0,21615.0,441.0,368.0
SBI,3/31/2021,410.0,423.0,407.0,410.0,0.99,50758.0,441.0,368.0
SBI,4/1/2021,418.0,421.0,411.0,420.0,2.44,82973.0,441.0,368.0
SBI,4/4/2021,424.0,425.0,413.0,422.0,0.48,31643.0,441.0,368.0
SBI,4/5/2021,427.0,427.0,411.0,414.0,-1.9,16410.0,441.0,368.0
SBI,4/6/2021,414.0,418.0,409.0,412.0,-0.48,25005.0,441.0,368.0
SBI,4/7/2021,410.0,415.0,410.0,412.0,0.0,13194.0,441.0,368.0
SBI,4/8/2021,420.0,420.0,409.0,413.0,0.24,20220.0,441.0,368.0
SBI,4/12/2021,413.0,414.0,407.0,414.0,0.24,22439.0,441.0,368.0
SBI,4/13/2021,417.0,422.0,412.0,421.0,1.69,61001.0,441.0,368.0
SBI,4/15/2021,425.0,435.0,421.0,432.0,2.61,75234.0,441.0,368.0
SBI,4/18/2021,435.0,435.0,419.0,423.0,-2.08,34253.0,441.0,368.0
SBI,4/19/2021,418.0,420.0,416.0,419.0,-0.95,14655.0,441.0,368.0
SBI,4/20/2021,417.0,419.0,415.0,415.0,-0.95,31684.0,441.0,368.0
SBI,4/21/2021,415.0,416.0,412.0,413.0,-0.48,27381.0,441.0,368.0
SBI,4/22/2021,413.0,413.0,409.0,410.0,-0.73,28524.0,441.0,368.0
SBI,4/25/2021,410.0,410.0,405.0,405.0,-1.22,23822.0,441.0,368.0
SBI,4/26/2021,406.0,406.0,397.0,397.0,-1.98,37147.0,441.0,368.0
SBI,4/27/2021,399.0,423.0,396.0,404.0,1.76,21190.0,441.0,368.0
SBI,4/28/2021,400.0,401.0,393.0,394.0,-2.48,33638.0,441.0,368.0
SBI,4/29/2021,395.0,400.0,392.0,397.0,0.76,18246.0,441.0,368.0
SBI,5/2/2021,400.0,400.0,395.0,400.0,0.76,23761.0,441.0,368.0
SBI,5/3/2021,405.0,405.0,396.0,398.0,-0.5,21198.0,441.0,368.0
SBI,5/4/2021,403.0,403.0,395.0,397.0,-0.25,13737.0,441.0,368.0
SBI,5/5/2021,393.0,400.0,393.0,395.0,-0.5,22289.0,441.0,368.0
SBI,5/6/2021,394.0,395.0,392.0,393.0,-0.51,26405.0,441.0,368.0
SBI,5/9/2021,393.0,401.0,393.0,396.0,0.76,22825.0,441.0,368.0
SBI,5/10/2021,395.0,398.0,395.0,396.0,0.0,10973.0,441.0,368.0
SBI,5/11/2021,396.0,404.0,390.0,395.0,-0.25,49566.0,441.0,368.0
SBI,5/12/2021,397.0,402.0,393.0,397.0,0.51,20675.0,441.0,368.0
SBI,5/13/2021,396.0,399.0,396.0,397.0,0.0,22234.0,441.0,368.0
SBI,5/16/2021,404.0,404.0,395.0,399.0,0.5,60652.0,441.0,368.0
SBI,5/17/2021,400.0,408.0,398.0,399.0,0.0,35962.0,441.0,368.0
SBI,5/18/2021,400.0,404.0,399.0,401.0,0.5,44672.0,441.0,368.0
SBI,5/19/2021,402.0,416.0,402.0,409.0,2.0,59847.0,441.0,368.0
SBI,5/20/2021,410.0,417.0,408.0,414.0,1.22,46047.0,441.0,368.0
SBI,5/23/2021,412.0,417.0,402.0,417.0,0.72,43845.0,441.0,368.0
SBI,5/24/2021,397.0,437.0,397.0,421.0,0.96,99210.0,441.0,368.0
SBI,5/25/2021,421.0,422.0,410.0,413.0,-1.9,35727.0,441.0,368.0
SBI,5/27/2021,413.0,417.0,407.0,411.0,-0.48,32951.0,441.0,368.0
SBI,5/30/2021,412.0,419.0,409.0,410.0,-0.24,57280.0,441.0,368.0
SBI,5/31/2021,417.0,417.0,408.0,408.0,-0.49,64680.0,441.0,368.0
SBI,6/1/2021,405.0,410.0,405.0,407.0,-0.25,37019.0,441.0,368.0
SBI,6/2/2021,410.0,410.0,404.0,408.0,0.25,58676.0,441.0,368.0
SBI,6/3/2021,413.0,419.0,407.0,416.0,1.96,116726.0,441.0,368.0
SBI,6/6/2021,425.0,438.0,424.0,429.0,3.12,265933.0,441.0,368.0
SBI,6/7/2021,435.0,437.0,420.0,422.0,-1.63,108410.0,441.0,368.0
SBI,6/8/2021,425.0,430.0,420.0,424.0,0.47,113779.0,441.0,368.0
SBI,6/9/2021,430.0,432.0,420.0,421.0,-0.71,50091.0,441.0,368.0
SBI,6/10/2021,416.0,423.0,413.0,416.0,-1.19,54711.0,441.0,368.0
SBI,6/13/2021,420.0,420.0,412.0,415.0,-0.24,67430.0,441.0,368.0
SBI,6/14/2021,415.0,442.0,415.0,433.0,4.34,268473.0,441.0,368.0
SBI,6/15/2021,440.0,445.0,427.0,427.0,-1.39,97663.0,441.0,368.0
SBI,6/16/2021,427.0,438.0,426.0,431.0,0.94,125930.0,441.0,368.0
SBI,6/17/2021,452.0,452.0,421.0,422.0,-2.09,56526.0,441.0,368.0
SBI,6/20/2021,422.0,422.0,412.0,415.0,-1.66,95522.0,441.0,368.0
SBI,6/21/2021,412.0,418.0,406.0,407.0,-1.93,57222.0,441.0,368.0
SBI,6/22/2021,409.0,421.0,407.0,418.0,2.7,46011.0,441.0,368.0
SBI,6/23/2021,413.0,419.0,408.0,410.0,-1.91,41732.0,441.0,368.0
SBI,6/24/2021,410.0,413.0,406.0,410.0,0.0,46659.0,441.0,368.0
SBI,6/27/2021,410.0,421.0,404.0,415.0,1.22,46675.0,441.0,368.0
SBI,6/28/2021,420.0,421.0,411.0,413.0,-0.48,24057.0,441.0,368.0
SBI,6/29/2021,419.0,419.0,410.0,410.0,-0.73,28686.0,441.0,368.0
SBI,6/30/2021,410.0,414.0,408.0,412.0,0.49,23693.0,441.0,368.0
SBI,7/1/2021,412.0,416.0,410.0,412.0,0.0,23639.0,441.0,368.0
SBI,7/4/2021,408.0,415.0,408.0,411.0,-0.24,22170.0,441.0,368.0
SBI,7/5/2021,406.0,411.0,406.0,408.0,-0.73,15008.0,441.0,368.0
SBI,7/6/2021,406.0,412.0,405.0,406.0,-0.49,20296.0,441.0,368.0
SBI,7/7/2021,414.0,414.0,405.0,405.0,-0.25,22529.0,441.0,368.0
SBI,7/8/2021,406.0,408.0,403.0,407.0,0.49,19634.0,441.0,368.0
SBI,7/11/2021,414.0,415.0,408.0,413.0,1.47,29179.0,441.0,368.0
SBI,7/12/2021,419.0,419.0,408.0,409.0,-0.97,40285.0,441.0,368.0
SBI,7/13/2021,406.0,415.0,406.0,412.0,0.73,16766.0,441.0,368.0
SBI,7/14/2021,410.0,412.0,408.0,409.0,-0.73,10492.0,441.0,368.0
SBI,7/15/2021,409.0,413.0,408.0,409.0,0.0,35759.0,441.0,368.0
SBI,7/18/2021,415.0,430.0,413.0,427.0,4.4,98206.0,441.0,368.0
SBI,7/19/2021,435.5,440.0,425.6,427.0,0.0,68978.0,441.0,368.0
SBI,7/20/2021,435.0,435.0,417.0,419.0,-1.87,43575.0,441.0,368.0
SBI,7/22/2021,424.0,427.0,415.0,424.0,1.19,103383.0,441.0,368.0
SBI,7/25/2021,432.4,453.9,426.0,441.0,4.01,300429.0,441.0,368.0
SBI,7/26/2021,449.8,449.8,435.1,438.0,-0.68,115082.0,441.0,368.0
SBI,7/27/2021,430.0,442.0,423.0,441.5,0.8,75021.0,441.0,368.0
SBI,7/28/2021,448.0,448.0,435.0,436.5,-1.13,75545.0,441.0,368.0
SBI,7/29/2021,428.1,436.5,428.1,430.0,-1.49,48276.0,441.0,368.0
SBI,8/1/2021,430.0,436.0,426.0,428.0,-0.47,67864.0,441.0,368.0
SBI,8/2/2021,433.0,434.0,424.0,426.0,-0.47,40086.0,441.0,368.0
SBI,8/3/2021,426.0,430.0,423.5,425.0,-0.23,35229.0,441.0,368.0
SBI,8/4/2021,433.0,434.5,423.0,425.0,0.0,39884.0,441.0,368.0
SBI,8/5/2021,429.0,430.0,421.0,422.0,-0.71,43891.0,441.0,368.0
SBI,8/8/2021,425.0,428.0,420.0,425.0,0.71,54413.0,441.0,368.0
SBI,8/9/2021,423.0,425.0,420.0,420.9,-0.96,33403.0,441.0,368.0
SBI,8/10/2021,421.0,442.0,420.0,430.0,2.16,63944.0,441.0,368.0
SBI,8/11/2021,430.0,438.0,424.0,425.0,-1.16,29509.0,441.0,368.0
SBI,8/12/2021,430.0,430.0,423.0,427.0,0.47,62765.0,441.0,368.0
SBI,8/15/2021,430.0,430.0,417.0,425.0,-0.47,67594.0,441.0,368.0
SBI,8/16/2021,417.0,417.0,407.7,410.5,-3.41,138377.0,441.0,368.0
SBI,8/17/2021,405.0,409.9,400.0,401.1,-2.29,137752.0,441.0,368.0
SBI,8/18/2021,400.0,405.0,397.3,402.0,0.22,70910.0,441.0,368.0
SBI,8/19/2021,402.0,414.0,400.0,401.0,-0.25,46906.0,441.0,368.0
SBI,8/24/2021,405.0,405.0,396.0,398.0,-0.75,34748.0,441.0,368.0
SBI,8/25/2021,397.0,397.0,388.6,391.9,-1.53,55489.0,441.0,368.0
SBI,8/26/2021,399.0,399.0,389.0,393.0,0.28,33732.0,441.0,368.0
SBI,8/29/2021,393.0,393.0,385.0,390.0,-0.76,51282.0,441.0,368.0
SBI,8/31/2021,390.0,392.0,380.0,386.0,-1.03,61136.0,441.0,368.0
SBI,9/1/2021,392.0,393.0,380.0,383.0,-0.78,46379.0,441.0,368.0
SBI,9/2/2021,390.0,390.0,383.2,386.0,0.78,28557.0,441.0,368.0
SBI,9/5/2021,393.0,393.0,380.2,384.0,-0.52,65310.0,441.0,368.0
SBI,9/6/2021,390.0,393.9,380.3,390.0,1.56,33288.0,441.0,368.0
SBI,9/7/2021,397.8,397.8,378.0,384.2,-1.49,19487.0,441.0,368.0
SBI,9/8/2021,391.8,391.8,380.0,382.0,-0.57,20761.0,441.0,368.0
SBI,9/9/2021,389.0,395.0,380.6,383.0,0.26,13400.0,441.0,368.0
SBI,9/12/2021,383.0,385.0,379.1,382.0,-0.26,29515.0,441.0,368.0
SBI,9/13/2021,384.0,389.9,380.0,381.0,-0.26,25150.0,441.0,368.0
SBI,9/14/2021,388.0,388.0,378.8,382.5,0.39,24598.0,441.0,368.0
SBI,9/15/2021,383.0,383.0,379.1,380.0,-0.65,17560.0,441.0,368.0
SBI,9/16/2021,375.3,377.0,370.0,373.0,-1.84,45463.0,441.0,368.0
SBI,9/20/2021,373.5,373.5,358.7,360.0,-3.49,37307.0,441.0,368.0
SBI,9/21/2021,358.0,367.0,351.0,360.0,0.0,27219.0,441.0,368.0
SBI,9/22/2021,367.0,373.0,363.0,371.0,3.06,14883.0,441.0,368.0
SBI,9/23/2021,378.0,380.0,370.0,376.0,1.35,30518.0,441.0,368.0
SBI,9/26/2021,376.0,377.0,366.0,370.0,-1.6,12489.0,441.0,368.0
SBI,9/27/2021,364.0,365.1,357.0,365.0,-1.35,19456.0,441.0,368.0
SBI,9/28/2021,364.9,364.9,352.1,358.0,-1.92,13632.0,441.0,368.0
SBI,9/29/2021,365.0,365.0,351.1,357.0,-0.28,10152.0,441.0,368.0
SBI,9/30/2021,364.0,364.0,352.0,357.0,0.0,10612.0,441.0,368.0
SBI,10/3/2021,352.1,355.0,350.0,352.0,-1.4,11563.0,441.0,368.0
SBI,10/4/2021,352.0,355.0,343.0,350.0,-0.57,14862.0,441.0,368.0
SBI,10/5/2021,343.4,356.0,343.4,352.2,0.63,5736.0,441.0,368.0
SBI,10/6/2021,353.0,356.0,349.0,354.8,0.74,21845.0,441.0,368.0
SBI,10/10/2021,361.8,362.0,348.0,352.0,-0.79,12900.0,441.0,368.0
SBI,10/11/2021,352.0,359.0,352.0,357.0,1.42,5502.0,441.0,368.0
SBI,10/17/2021,357.0,358.0,350.0,357.0,0.0,6495.0,441.0,368.0
SBI,10/18/2021,352.5,359.0,350.0,350.0,-1.96,11264.0,441.0,368.0
SBI,10/19/2021,350.0,350.0,331.3,340.0,-2.86,34314.0,441.0,368.0
SBI,10/20/2021,346.8,348.0,340.0,346.8,2.0,12863.0,441.0,368.0
SBI,10/21/2021,345.0,348.0,341.0,346.5,-0.09,11114.0,441.0,368.0
SBI,10/24/2021,346.0,348.0,342.0,345.9,-0.17,9776.0,441.0,368.0
SBI,10/25/2021,350.0,352.7,340.0,350.0,1.19,14799.0,441.0,368.0
SBI,10/26/2021,354.8,357.0,347.8,350.0,0.0,31353.0,441.0,368.0
SBI,10/27/2021,353.0,355.9,346.0,350.0,0.0,23111.0,441.0,368.0
SBI,10/28/2021,345.0,351.0,345.0,347.0,-0.86,18284.0,441.0,368.0
SBI,10/31/2021,350.0,355.0,346.0,350.0,0.86,32362.0,441.0,368.0
SBI,11/1/2021,357.0,363.2,350.0,354.9,1.4,38192.0,441.0,368.0
SBI,11/2/2021,354.9,355.0,351.0,353.0,-0.54,5376.0,441.0,368.0
SBI,11/3/2021,359.9,365.0,355.0,356.0,0.85,25974.0,441.0,368.0
SBI,11/8/2021,360.0,364.6,353.1,359.0,0.84,24684.0,441.0,368.0
SBI,11/9/2021,359.0,362.0,353.6,359.0,0.0,42664.0,441.0,368.0
SBI,11/11/2021,353.0,355.0,348.1,348.1,-3.04,26504.0,441.0,368.0
SBI,11/14/2021,348.0,362.1,344.1,352.0,1.12,9700.0,441.0,368.0
SBI,11/15/2021,355.0,355.0,348.0,354.0,0.57,6509.0,441.0,368.0
SBI,11/16/2021,351.0,360.4,347.0,360.0,1.69,23596.0,441.0,368.0
SBI,11/17/2021,360.0,360.0,353.1,356.0,-1.11,13158.0,441.0,368.0
SBI,11/18/2021,356.0,357.0,350.0,353.7,-0.65,8715.0,441.0,368.0
SBI,11/21/2021,352.0,357.0,351.0,352.5,-0.34,8971.0,441.0,368.0
SBI,11/22/2021,347.5,360.0,347.5,356.1,1.02,15456.0,441.0,368.0
SBI,11/23/2021,350.0,357.0,350.0,352.3,-1.07,6271.0,441.0,368.0
SBI,11/24/2021,346.0,347.8,334.0,346.0,-1.79,80223.0,441.0,368.0
SBI,11/25/2021,339.1,353.0,334.1,350.0,1.16,40078.0,441.0,368.0
SBI,11/28/2021,343.0,366.0,340.2,360.0,2.86,65928.0,441.0,368.0
SBI,11/29/2021,352.8,360.0,352.8,354.1,-1.64,11556.0,441.0,368.0
SBI,11/30/2021,348.0,354.0,344.0,352.0,-0.59,17838.0,441.0,368.0
SBI,12/1/2021,352.0,365.0,352.0,355.0,0.85,44224.0,441.0,368.0
SBI,12/2/2021,355.0,361.0,351.0,361.0,1.69,18857.0,441.0,368.0
SBI,12/5/2021,360.0,360.0,350.0,351.5,-2.63,48982.0,441.0,368.0
SBI,12/6/2021,356.0,356.0,346.0,346.5,-1.42,32544.0,441.0,368.0
SBI,12/7/2021,353.0,353.4,348.0,349.0,0.72,6470.0,441.0,368.0
SBI,12/8/2021,343.1,354.0,340.0,353.9,1.4,32821.0,441.0,368.0
SBI,12/9/2021,272.0,362.0,272.0,360.9,1.98,30846.0,441.0,368.0
SBI,12/12/2021,359.0,359.0,350.0,353.0,-2.19,15126.0,441.0,368.0
SBI,12/13/2021,346.0,357.3,339.1,351.2,-0.51,28598.0,441.0,368.0
SBI,12/14/2021,355.2,355.2,345.0,355.0,1.08,4047.0,441.0,368.0
SBI,12/15/2021,355.0,356.0,344.0,354.9,-0.03,7086.0,441.0,368.0
SBI,12/16/2021,361.9,361.9,349.1,352.0,-0.82,7553.0,441.0,368.0
SBI,12/20/2021,350.0,353.0,347.0,351.0,-0.28,32790.0,441.0,368.0
SBI,12/21/2021,350.0,360.0,347.0,356.9,1.68,44412.0,441.0,368.0
SBI,12/22/2021,351.7,358.0,345.0,351.5,-1.51,19689.0,441.0,368.0
SBI,12/23/2021,347.1,352.0,345.1,350.0,-0.43,16505.0,441.0,368.0
SBI,12/26/2021,352.8,352.9,348.0,348.1,-0.54,19411.0,441.0,368.0
SBI,12/27/2021,348.5,350.0,345.5,345.5,-0.75,8945.0,441.0,368.0
SBI,12/28/2021,350.0,350.0,345.0,345.1,-0.12,57399.0,441.0,368.0
SBI,12/29/2021,345.2,347.5,340.1,345.0,-0.03,20738.0,441.0,368.0
SBI,1/2/2022,348.0,351.0,345.0,350.0,1.45,10664.0,441.0,368.0
SBI,1/3/2022,352.9,352.9,345.2,350.9,0.26,5247.0,441.0,368.0
SBI,1/4/2022,347.1,385.9,347.0,385.0,9.72,73964.0,441.0,368.0
SBI,1/5/2022,392.0,392.7,367.3,373.9,-2.88,34112.0,441.0,368.0
SBI,1/6/2022,372.0,392.0,366.0,391.0,4.57,58906.0,441.0,368.0
SBI,1/9/2022,395.0,398.0,385.0,392.0,0.26,33363.0,441.0,368.0
SBI,1/10/2022,392.0,400.8,385.0,393.9,0.48,91973.0,441.0,368.0
SBI,1/11/2022,387.0,392.5,386.0,386.0,-2.01,21110.0,441.0,368.0
SBI,1/12/2022,386.0,393.0,380.0,383.0,-0.78,41127.0,441.0,368.0
SBI,1/13/2022,385.0,385.5,377.0,383.9,0.23,20126.0,441.0,368.0
SBI,1/16/2022,390.0,390.5,379.0,382.0,-0.49,23332.0,441.0,368.0
SBI,1/17/2022,389.6,408.0,387.1,405.0,6.02,164720.0,441.0,368.0
SBI,1/18/2022,411.9,418.0,405.0,418.0,3.21,114884.0,441.0,368.0
SBI,1/19/2022,422.0,422.0,402.5,405.9,-2.89,40717.0,441.0,368.0
SBI,1/20/2022,401.0,406.0,398.0,404.0,-0.47,41592.0,441.0,368.0
SBI,1/23/2022,400.0,411.8,400.0,408.0,0.99,72858.0,441.0,368.0
SBI,1/24/2022,401.0,405.0,389.0,395.9,-2.97,102382.0,441.0,368.0
SBI,1/25/2022,390.0,395.9,385.0,395.9,0.0,13132.0,441.0,368.0
SBI,1/26/2022,395.0,399.0,386.0,388.0,-2.0,24181.0,441.0,368.0
SBI,1/27/2022,385.0,390.0,385.0,388.0,0.0,16629.0,441.0,368.0
SBI,1/30/2022,395.0,402.0,388.1,398.9,2.81,25771.0,441.0,368.0
SBI,1/31/2022,398.0,398.0,385.2,395.0,-0.98,16218.0,441.0,368.0
SBI,2/1/2022,389.0,400.8,385.0,397.5,0.63,16084.0,441.0,368.0
SBI,2/3/2022,400.0,401.0,391.0,398.0,0.13,41619.0,441.0,368.0
SBI,2/6/2022,392.0,394.0,383.2,394.0,-1.01,10655.0,441.0,368.0
SBI,2/7/2022,390.1,393.0,386.5,388.0,-1.52,5421.0,441.0,368.0
SBI,2/8/2022,395.7,403.0,385.0,386.9,-0.28,20372.0,441.0,368.0
SBI,2/9/2022,386.0,388.0,382.2,383.6,-0.85,14206.0,441.0,368.0
SBI,2/10/2022,383.0,387.0,377.0,384.0,0.1,11463.0,441.0,368.0
SBI,2/13/2022,377.1,380.0,366.5,373.0,-2.86,18616.0,441.0,368.0
SBI,2/14/2022,380.0,380.0,368.0,374.0,0.27,5889.0,441.0,368.0
SBI,2/15/2022,371.1,380.4,367.0,372.0,-0.53,46769.0,441.0,368.0
SBI,2/16/2022,379.0,386.9,373.0,380.0,2.15,5838.0,441.0,368.0
SBI,2/17/2022,379.0,379.0,372.0,374.0,-1.58,4677.0,441.0,368.0
SBI,2/20/2022,369.9,370.0,360.0,366.9,-1.9,14190.0,441.0,368.0
SBI,2/21/2022,363.0,373.3,362.0,373.3,1.74,10271.0,441.0,368.0
SBI,2/22/2022,377.9,378.0,364.0,368.0,-1.42,6816.0,441.0,368.0
SBI,2/23/2022,370.0,370.0,361.0,370.0,0.54,4929.0,441.0,368.0
SBI,2/24/2022,362.6,362.6,356.0,360.0,-2.7,9716.0,441.0,368.0
SBI,2/27/2022,360.0,367.2,352.8,359.0,-0.28,10963.0,441.0,368.0
SBI,2/28/2022,357.0,358.0,350.1,354.0,-1.39,5130.0,441.0,368.0
SBI,3/2/2022,352.0,354.0,348.0,353.0,-0.28,7801.0,441.0,368.0
SBI,3/6/2022,350.0,353.0,346.1,352.0,-0.28,4132.0,441.0,368.0
SBI,3/7/2022,355.1,355.1,348.0,348.9,-0.88,6704.0,441.0,368.0
SBI,3/9/2022,345.0,348.0,340.0,342.0,-1.98,4569.0,441.0,368.0
SBI,3/10/2022,340.0,350.0,340.0,350.0,2.34,11456.0,441.0,368.0
SBI,3/13/2022,346.0,358.5,345.0,358.0,2.29,4992.0,441.0,368.0
SBI,3/14/2022,354.0,358.1,351.2,358.1,0.03,5001.0,441.0,368.0
SBI,3/15/2022,365.0,365.0,355.0,357.5,-0.17,15839.0,441.0,368.0
SBI,3/16/2022,353.5,360.0,353.0,360.0,0.7,8434.0,441.0,368.0
SBI,3/20/2022,359.0,359.0,352.0,356.0,-1.11,3486.0,441.0,368.0
SBI,3/21/2022,355.0,364.1,350.1,364.1,2.28,14567.0,441.0,368.0
SBI,3/22/2022,365.0,365.0,356.1,364.0,-0.03,5222.0,441.0,368.0
SBI,3/23/2022,362.0,362.0,352.0,355.0,-2.47,23031.0,441.0,368.0
SBI,3/24/2022,355.0,355.0,351.1,351.2,-1.07,6093.0,441.0,368.0
SBI,3/27/2022,347.1,354.5,347.1,348.0,-0.91,20604.0,441.0,368.0
SBI,3/28/2022,350.0,350.0,342.0,347.0,-0.29,4282.0,441.0,368.0
SBI,3/29/2022,347.0,347.4,343.0,345.9,-0.32,3806.0,441.0,368.0
SBI,3/30/2022,342.0,347.0,340.5,346.0,0.03,7493.0,441.0,368.0
SBI,3/31/2022,348.0,348.0,340.1,341.0,-1.45,16233.0,441.0,368.0
SBI,4/3/2022,341.0,343.0,337.1,342.9,0.56,3883.0,441.0,368.0
SBI,4/4/2022,338.0,343.0,337.3,343.0,0.03,4491.0,441.0,368.0
SBI,4/5/2022,337.0,343.7,335.0,340.0,-0.87,13135.0,441.0,368.0
SBI,4/6/2022,340.0,343.0,335.0,340.0,0.0,26992.0,441.0,368.0
SBI,4/7/2022,341.0,343.0,337.0,341.5,0.44,15596.0,441.0,368.0
SBI,4/11/2022,342.0,348.0,332.0,339.9,-0.47,13494.0,441.0,368.0
SBI,4/12/2022,335.0,336.0,329.0,330.1,-2.88,14978.0,441.0,368.0
SBI,4/13/2022,335.0,348.0,326.5,348.0,5.42,13794.0,441.0,368.0
SBI,4/17/2022,354.9,354.9,332.0,337.0,-3.16,2305.0,441.0,368.0
SBI,4/18/2022,331.0,336.0,324.0,330.0,-2.08,8304.0,441.0,368.0
SBI,4/19/2022,330.0,336.0,324.1,330.0,0.0,17107.0,441.0,368.0
SBI,4/20/2022,323.8,335.0,323.6,324.0,-1.82,11890.0,441.0,368.0
SBI,4/21/2022,330.4,330.4,320.0,330.0,1.85,24466.0,441.0,368.0
SBI,4/24/2022,336.0,345.0,330.0,344.0,4.24,15928.0,441.0,368.0
SBI,4/25/2022,341.0,342.1,331.4,338.5,-1.6,6888.0,441.0,368.0
SBI,4/26/2022,332.3,342.0,332.3,339.0,0.15,10208.0,441.0,368.0
SBI,4/27/2022,335.0,335.0,325.0,335.0,-1.18,3464.0,441.0,368.0
SBI,4/28/2022,339.0,339.0,330.0,335.0,0.0,5468.0,441.0,368.0
SBI,5/2/2022,331.0,331.0,327.0,330.0,-1.49,4761.0,441.0,368.0
SBI,5/4/2022,323.6,327.0,323.5,324.0,-1.82,5475.0,441.0,368.0
SBI,5/5/2022,325.0,325.0,319.2,324.0,0.0,7541.0,441.0,368.0
SBI,5/8/2022,317.6,322.7,317.0,322.0,-0.62,8267.0,441.0,368.0
SBI,5/9/2022,328.4,328.4,321.0,322.0,0.0,5040.0,441.0,368.0
SBI,5/10/2022,322.0,326.0,319.4,325.0,0.93,3694.0,441.0,368.0
SBI,5/11/2022,329.0,329.0,323.5,327.9,0.89,3206.0,441.0,368.0
SBI,5/12/2022,322.5,332.0,322.0,329.0,0.34,7724.0,441.0,368.0
SBI,5/17/2022,329.0,329.0,317.0,325.0,-1.22,5969.0,441.0,368.0
SBI,5/18/2022,319.3,326.0,318.0,325.9,0.28,10946.0,441.0,368.0
SBI,5/19/2022,319.5,324.0,318.0,321.0,-1.5,8695.0,441.0,368.0
SBI,5/20/2022,321.0,321.0,314.8,320.0,-0.31,865.0,441.0,368.0
SBI,5/23/2022,314.1,320.2,310.0,312.0,-2.5,7201.0,441.0,368.0
SBI,5/24/2022,312.0,315.0,308.0,315.0,0.96,10067.0,441.0,368.0
SBI,5/25/2022,315.0,316.8,311.0,316.8,0.57,8050.0,441.0,368.0
SBI,5/26/2022,319.0,320.0,313.0,320.0,1.01,3527.0,441.0,368.0
SBI,5/27/2022,322.0,322.0,314.0,319.8,-0.06,6752.0,441.0,368.0
SBI,5/30/2022,315.0,315.0,300.0,310.0,-3.06,28192.0,441.0,368.0
SBI,5/31/2022,304.0,308.0,300.0,307.0,-0.97,5108.0,441.0,368.0
SBI,6/1/2022,305.0,305.0,299.0,303.0,-1.3,8163.0,441.0,368.0
SBI,6/2/2022,302.0,302.0,299.0,299.8,-1.06,5191.0,441.0,368.0
SBI,6/3/2022,305.7,305.7,294.0,296.9,-0.97,33389.0,441.0,368.0
SBI,6/6/2022,299.0,299.0,292.0,295.9,-0.34,5214.0,441.0,368.0
SBI,6/7/2022,295.0,295.0,288.3,293.7,-0.74,8774.0,441.0,368.0
SBI,6/8/2022,299.0,299.0,287.2,297.0,1.12,11363.0,441.0,368.0
SBI,6/9/2022,302.9,307.0,292.0,296.0,-0.34,7470.0,441.0,368.0
SBI,6/10/2022,301.9,301.9,288.2,296.0,0.0,3341.0,441.0,368.0
SBI,6/13/2022,301.9,301.9,290.2,296.0,0.0,2061.0,441.0,368.0
SBI,6/14/2022,301.8,301.8,290.6,294.0,-0.68,1557.0,441.0,368.0
SBI,6/15/2022,299.8,299.8,284.2,285.0,-3.06,9156.0,441.0,368.0
SBI,6/16/2022,282.0,290.9,282.0,289.0,1.4,7833.0,441.0,368.0
SBI,6/17/2022,294.7,294.7,287.0,293.0,1.38,35607.0,441.0,368.0
SBI,6/19/2022,288.0,288.0,282.1,284.0,-3.07,11046.0,441.0,368.0
SBI,6/20/2022,287.0,287.0,274.6,274.6,-3.31,10214.0,441.0,368.0
SBI,6/21/2022,272.2,284.5,272.1,277.0,0.87,4569.0,441.0,368.0
SBI,6/22/2022,282.5,288.0,273.0,273.0,-1.44,2757.0,441.0,368.0
SBI,6/23/2022,278.4,283.9,269.0,273.0,0.0,4417.0,441.0,368.0
SBI,6/24/2022,278.4,278.4,263.0,278.0,1.83,4657.0,441.0,368.0
SBI,6/26/2022,283.5,289.0,277.0,289.0,3.96,6325.0,441.0,368.0
SBI,6/27/2022,294.7,300.2,279.2,289.9,0.31,8640.0,441.0,368.0
SBI,6/28/2022,295.0,295.6,275.6,290.0,0.03,3346.0,441.0,368.0
SBI,6/29/2022,295.0,295.0,284.1,289.8,-0.07,3587.0,441.0,368.0
SBI,6/30/2022,295.5,300.0,283.5,296.0,2.14,16073.0,441.0,368.0
SBI,7/1/2022,298.79,307.0,290.2,295.0,-0.34,3964.0,441.0,368.0
SBI,7/3/2022,290.0,306.8,280.3,299.9,1.66,16976.0,441.0,368.0
SBI,7/4/2022,305.8,305.8,293.3,297.8,-0.7,55080.0,441.0,368.0
SBI,7/5/2022,303.7,303.7,289.0,289.0,-2.96,24701.0,441.0,368.0
SBI,7/6/2022,292.0,292.0,284.2,285.0,-1.38,6433.0,441.0,368.0
SBI,7/7/2022,290.7,290.7,279.3,280.0,-1.75,9754.0,441.0,368.0
SBI,7/8/2022,280.0,285.0,265.7,279.0,-0.36,44848.0,441.0,368.0
SBI,7/11/2022,284.0,289.6,251.1,269.8,-3.3,18772.0,441.0,368.0
SBI,7/12/2022,272.9,272.9,260.0,272.0,0.82,30872.0,441.0,368.0
SBI,7/13/2022,270.0,296.5,260.0,292.3,7.46,84776.0,441.0,368.0
SBI,7/14/2022,286.5,295.0,280.0,284.0,-2.84,217186.0,441.0,368.0
SBI,7/15/2022,284.0,289.0,267.7,282.3,-0.6,151389.0,441.0,368.0
SBI,7/17/2022,277.0,282.0,270.0,282.0,-0.11,15165.0,441.0,368.0
SBI,7/18/2022,285.0,285.0,275.0,282.0,0.0,4906.0,441.0,368.0
SBI,7/19/2022,276.4,286.9,276.4,285.0,1.06,58127.0,441.0,368.0
SBI,7/20/2022,290.0,290.0,279.3,281.0,-1.4,46383.0,441.0,368.0
SBI,7/21/2022,286.6,292.0,277.0,280.0,-0.36,144565.0,441.0,368.0
SBI,7/22/2022,285.0,285.0,275.0,276.0,-1.43,11193.0,441.0,368.0
SBI,7/24/2022,276.0,287.8,275.5,282.0,2.17,134761.0,441.0,368.0
SBI,7/25/2022,285.9,290.0,279.3,283.0,0.35,136066.0,441.0,368.0
SBI,7/26/2022,282.0,282.0,272.6,279.0,-1.41,17215.0,441.0,368.0
SBI,7/27/2022,283.0,283.0,275.2,278.9,-0.04,10790.0,441.0,368.0
SBI,7/28/2022,280.0,285.0,275.0,278.0,-0.32,35164.0,441.0,368.0
SBI,7/29/2022,279.0,282.9,275.3,282.9,1.76,7456.0,441.0,368.0
SBI,7/31/2022,277.3,307.0,277.3,307.0,8.52,111860.0,441.0,368.0
SBI,8/1/2022,308.0,324.0,300.0,318.0,3.58,134267.0,441.0,368.0
SBI,8/2/2022,323.0,323.0,308.0,314.0,-1.26,35570.0,441.0,368.0
SBI,8/3/2022,320.2,320.2,303.0,305.0,-2.87,63539.0,441.0,368.0
SBI,8/4/2022,303.0,303.0,293.1,294.0,-3.61,56457.0,441.0,368.0
SBI,8/5/2022,299.0,299.0,290.2,291.0,-1.02,13418.0,441.0,368.0
SBI,8/7/2022,290.0,310.0,290.0,294.0,1.03,21200.0,441.0,368.0
SBI,8/8/2022,298.0,305.0,298.0,302.0,2.72,42044.0,441.0,368.0
SBI,8/9/2022,302.0,307.9,292.0,293.0,-2.98,15582.0,441.0,368.0
SBI,8/10/2022,297.0,298.0,284.8,290.0,-1.02,8269.0,441.0,368.0
SBI,8/11/2022,294.0,294.0,284.3,287.0,-1.03,9878.0,441.0,368.0
SBI,8/14/2022,287.0,290.0,279.0,284.8,-0.77,7739.0,441.0,368.0
SBI,8/15/2022,284.0,289.6,280.0,289.6,1.69,8265.0,441.0,368.0
SBI,8/16/2022,295.3,301.0,285.7,289.0,-0.21,8445.0,441.0,368.0
SBI,8/17/2022,290.0,290.0,284.3,289.0,0.0,5672.0,441.0,368.0
SBI,8/18/2022,293.7,293.7,286.0,289.9,0.31,16092.0,441.0,368.0
SBI,8/21/2022,295.6,297.8,286.2,288.0,-0.66,9347.0,441.0,368.0
SBI,8/22/2022,293.7,293.7,282.6,288.0,0.0,2145.0,441.0,368.0
SBI,8/23/2022,282.4,290.0,282.4,290.0,0.69,8156.0,441.0,368.0
SBI,8/24/2022,295.0,295.0,285.2,288.0,-0.69,7548.0,441.0,368.0
SBI,8/25/2022,293.0,293.0,283.3,286.0,-0.69,2102.0,441.0,368.0
SBI,8/26/2022,290.0,290.0,279.3,284.5,-0.52,2381.0,441.0,368.0
SBI,8/28/2022,279.1,283.0,274.1,276.0,-2.99,8133.0,441.0,368.0
SBI,8/29/2022,273.2,282.5,273.2,278.0,0.72,6224.0,441.0,368.0
SBI,8/30/2022,283.0,284.8,278.0,279.9,0.68,10843.0,441.0,368.0
SBI,8/31/2022,285.4,285.4,274.0,276.9,-1.07,3857.0,441.0,368.0
SBI,9/1/2022,272.1,274.1,271.0,274.0,-1.05,2986.0,441.0,368.0
SBI,9/2/2022,279.4,282.7,272.1,277.0,1.09,1203.0,441.0,368.0
SBI,9/4/2022,282.4,282.5,274.0,279.0,0.72,4881.0,441.0,368.0
SBI,9/5/2022,280.0,280.0,274.0,275.0,-1.43,2257.0,441.0,368.0
SBI,9/6/2022,275.0,275.0,270.0,275.0,0.0,11500.0,441.0,368.0
SBI,9/7/2022,274.0,274.0,265.3,273.0,-0.73,2850.0,441.0,368.0
SBI,9/8/2022,275.0,275.0,266.3,270.0,-1.1,3529.0,441.0,368.0
SBI,9/11/2022,270.0,275.1,265.7,269.9,-0.04,6723.0,441.0,368.0
SBI,9/12/2022,275.2,275.2,265.1,271.9,0.74,4946.0,441.0,368.0
SBI,9/13/2022,270.0,276.8,270.0,274.9,1.1,987.0,441.0,368.0
SBI,9/14/2022,277.9,278.0,273.9,278.0,1.13,8353.0,441.0,368.0
SBI,9/15/2022,273.0,278.0,268.0,272.0,-2.16,6854.0,441.0,368.0
SBI,9/16/2022,267.0,270.9,266.0,270.9,-0.4,2530.0,441.0,368.0
SBI,9/18/2022,265.5,267.0,256.8,265.0,-2.18,17768.0,441.0,368.0
SBI,9/20/2022,260.0,260.0,254.0,257.9,-2.68,16421.0,441.0,368.0
SBI,9/21/2022,263.0,263.0,255.0,256.9,-0.39,9753.0,441.0,368.0
SBI,9/22/2022,260.0,260.0,255.0,259.6,1.05,6118.0,441.0,368.0
SBI,9/25/2022,255.2,264.0,251.0,262.8,1.23,6947.0,441.0,368.0
SBI,9/27/2022,268.0,268.0,258.0,261.5,-0.49,6260.0,441.0,368.0
SBI,9/28/2022,266.6,266.6,257.0,262.0,0.19,2513.0,441.0,368.0
SBI,9/29/2022,261.0,265.0,258.9,263.5,0.57,3070.0,441.0,368.0
SBI,10/9/2022,263.0,268.3,263.0,268.3,1.82,1132.0,441.0,368.0
SBI,10/10/2022,273.6,278.9,260.0,268.3,0.0,9372.0,441.0,368.0
SBI,10/11/2022,268.3,268.3,258.0,266.9,-0.52,9974.0,441.0,368.0
SBI,10/12/2022,262.0,265.0,258.0,264.7,-0.82,58164.0,441.0,368.0
SBI,10/13/2022,264.0,265.5,261.7,265.0,0.11,7485.0,441.0,368.0
SBI,10/16/2022,260.0,275.7,259.0,275.0,3.77,7676.0,441.0,368.0
SBI,10/17/2022,275.0,275.0,264.7,273.0,-0.73,14198.0,441.0,368.0
SBI,10/19/2022,267.6,272.9,262.7,268.0,-1.83,35276.0,441.0,368.0
SBI,10/20/2022,264.0,268.0,262.8,265.9,-0.78,18579.0,441.0,368.0
SBI,10/23/2022,270.9,271.0,265.3,267.0,0.41,2583.0,441.0,368.0
SBI,10/31/2022,271.0,290.0,271.0,289.0,8.24,54831.0,441.0,368.0
SBI,11/1/2022,283.3,297.0,283.3,293.9,1.7,32604.0,441.0,368.0
SBI,11/2/2022,293.0,297.6,288.5,294.6,0.24,35141.0,441.0,368.0
SBI,11/3/2022,292.9,293.0,279.1,288.8,-1.97,104476.0,441.0,368.0
SBI,11/6/2022,293.0,309.0,287.2,308.9,6.96,37602.0,441.0,368.0
SBI,11/7/2022,303.0,303.0,293.5,300.0,-2.88,82123.0,441.0,368.0
SBI,11/8/2022,294.3,299.0,292.0,299.0,-0.33,19989.0,441.0,368.0
SBI,11/9/2022,296.0,297.0,291.5,293.0,-2.01,16013.0,441.0,368.0
SBI,11/10/2022,298.7,298.7,285.0,291.9,-0.38,7561.0,441.0,368.0
SBI,11/13/2022,291.1,291.1,279.0,284.1,-2.67,7847.0,441.0,368.0
SBI,11/14/2022,287.0,289.0,281.5,288.9,1.69,10441.0,441.0,368.0
SBI,11/15/2022,288.0,288.0,283.6,286.5,-0.83,9737.0,441.0,368.0
SBI,11/16/2022,286.5,290.0,286.5,289.0,0.87,14633.0,441.0,368.0
SBI,11/17/2022,293.9,295.0,289.0,295.0,2.08,10541.0,441.0,368.0
SBI,11/22/2022,300.8,300.8,289.1,290.0,-1.69,10959.0,441.0,368.0
SBI,11/23/2022,295.0,295.0,288.7,292.9,1.0,8877.0,441.0,368.0
SBI,11/24/2022,292.9,294.0,289.5,294.0,0.38,13161.0,441.0,368.0
SBI,11/27/2022,294.0,304.0,294.0,303.2,3.13,33594.0,441.0,368.0
SBI,11/28/2022,305.9,306.0,300.0,303.0,-0.07,43054.0,441.0,368.0
SBI,11/29/2022,297.0,297.0,287.4,292.0,-3.63,12213.0,441.0,368.0
SBI,11/30/2022,287.5,293.0,287.1,288.0,-1.37,17588.0,441.0,368.0
SBI,12/1/2022,290.0,295.0,285.0,291.9,1.35,13356.0,441.0,368.0
SBI,12/4/2022,287.0,295.0,287.0,290.0,-0.65,6649.0,441.0,368.0
SBI,12/5/2022,290.0,290.0,285.2,287.8,-0.76,12120.0,441.0,368.0
SBI,12/6/2022,283.1,288.0,283.0,286.0,-0.63,8846.0,441.0,368.0
SBI,12/7/2022,289.9,290.0,281.5,286.0,0.0,6612.0,441.0,368.0
SBI,12/11/2022,282.1,284.0,277.2,281.0,-1.75,9412.0,441.0,368.0
SBI,12/12/2022,278.5,283.5,275.5,283.5,0.89,14425.0,441.0,368.0
SBI,12/13/2022,282.0,282.0,277.0,279.0,-1.59,3600.0,441.0,368.0
SBI,12/14/2022,279.0,279.0,274.0,279.0,0.0,2204.0,441.0,368.0
SBI,12/15/2022,275.1,279.0,275.1,278.9,-0.04,4127.0,441.0,368.0
SBI,12/18/2022,275.0,278.0,269.9,278.0,-0.32,6626.0,441.0,368.0
SBI,12/19/2022,280.0,280.0,270.0,272.9,-1.83,17304.0,441.0,368.0
SBI,12/20/2022,271.0,274.0,270.0,272.5,-0.15,14077.0,441.0,368.0
SBI,12/21/2022,273.0,283.0,271.0,279.4,2.53,4595.0,441.0,368.0
SBI,12/22/2022,278.0,279.9,275.3,279.5,0.04,12591.0,441.0,368.0
SBI,12/26/2022,283.0,287.9,279.0,287.5,2.86,9629.0,441.0,368.0
SBI,12/27/2022,287.6,300.0,287.6,296.4,3.1,59094.0,441.0,368.0
SBI,12/28/2022,285.0,288.0,282.0,287.3,-3.07,11295.0,441.0,368.0
SBI,12/29/2022,290.5,292.0,280.2,292.0,1.64,26096.0,441.0,368.0
SBI,1/1/2023,286.2,312.0,286.2,297.5,1.88,46884.0,441.0,368.0
SBI,1/2/2023,302.9,306.0,295.0,301.5,1.34,50746.0,441.0,368.0
SBI,1/3/2023,301.5,302.0,298.0,299.0,-0.83,14027.0,441.0,368.0
SBI,1/4/2023,296.1,308.4,295.1,305.0,2.01,36837.0,441.0,368.0
SBI,1/5/2023,305.0,308.0,300.1,305.0,0.0,291154.0,441.0,368.0
SBI,1/8/2023,300.7,311.0,300.7,304.5,-0.16,44768.0,441.0,368.0
SBI,1/9/2023,305.0,312.0,301.0,312.0,2.46,45566.0,441.0,368.0
SBI,1/10/2023,317.9,328.4,312.0,325.0,4.17,142916.0,441.0,368.0
SBI,1/12/2023,330.0,330.0,312.0,319.3,-1.75,55089.0,441.0,368.0
SBI,1/17/2023,314.0,323.0,308.0,318.5,-0.25,33634.0,441.0,368.0
SBI,1/18/2023,316.0,322.0,313.1,318.7,0.06,70555.0,441.0,368.0
SBI,1/19/2023,314.1,326.4,314.1,326.4,2.42,40382.0,441.0,368.0
SBI,1/23/2023,328.0,345.0,327.4,339.0,3.86,129222.0,441.0,368.0
SBI,1/24/2023,345.0,345.0,328.5,337.0,-0.59,88985.0,441.0,368.0
SBI,1/25/2023,340.0,340.0,330.5,332.5,-1.34,29392.0,441.0,368.0
SBI,1/26/2023,332.5,345.0,329.3,345.0,3.76,33603.0,441.0,368.0
SBI,1/29/2023,343.9,344.0,329.0,331.0,-4.06,45986.0,441.0,368.0
SBI,1/30/2023,325.0,330.5,321.0,326.0,-1.51,32805.0,441.0,368.0
SBI,1/31/2023,324.0,325.0,320.1,323.5,-0.77,12740.0,441.0,368.0
SBI,2/1/2023,319.0,330.3,319.0,326.0,0.77,28038.0,441.0,368.0
SBI,2/2/2023,324.0,332.5,324.0,328.0,0.61,39884.0,441.0,368.0
SBI,2/5/2023,325.0,332.0,324.1,328.0,0.0,56352.0,441.0,368.0
SBI,2/6/2023,327.9,345.0,323.1,338.1,3.08,75214.0,441.0,368.0
SBI,2/7/2023,344.0,345.0,333.5,341.0,0.86,64768.0,441.0,368.0
SBI,2/8/2023,347.8,351.0,343.0,345.0,1.17,64755.0,441.0,368.0
SBI,2/9/2023,338.1,360.0,338.0,353.0,2.32,95887.0,441.0,368.0
SBI,2/12/2023,346.0,349.0,338.4,340.0,-3.68,35038.0,441.0,368.0
SBI,2/14/2023,333.8,340.0,333.6,338.5,-0.44,11457.0,441.0,368.0
SBI,2/15/2023,332.0,344.0,332.0,338.0,-0.15,49909.0,441.0,368.0
SBI,2/16/2023,339.0,339.0,331.0,333.0,-1.48,4779.0,441.0,368.0
SBI,2/20/2023,330.0,330.0,320.0,325.0,-2.4,75421.0,441.0,368.0
SBI,2/22/2023,320.0,331.5,320.0,330.0,1.54,15727.0,441.0,368.0
SBI,2/23/2023,330.0,335.0,320.1,334.0,1.21,30273.0,441.0,368.0
SBI,2/26/2023,332.0,333.0,321.0,329.8,-1.26,12632.0,441.0,368.0
SBI,2/27/2023,330.0,332.0,323.8,331.9,0.64,17263.0,441.0,368.0
SBI,2/28/2023,334.0,334.0,324.1,328.0,-1.18,19688.0,441.0,368.0
SBI,3/1/2023,324.9,329.0,324.9,328.0,0.0,8585.0,441.0,368.0
SBI,3/2/2023,327.0,329.0,321.0,322.9,-1.55,14802.0,441.0,368.0
SBI,3/5/2023,323.5,325.0,318.0,320.0,-0.9,5532.0,441.0,368.0
SBI,3/7/2023,324.0,327.0,317.7,323.9,1.22,16387.0,441.0,368.0
SBI,3/9/2023,326.0,329.5,322.5,329.0,1.57,13582.0,441.0,368.0
SBI,3/12/2023,328.0,328.0,319.0,325.0,-1.22,16925.0,441.0,368.0
SBI,3/13/2023,318.5,331.5,316.0,319.0,-1.85,29718.0,441.0,368.0
SBI,3/14/2023,319.0,320.0,314.1,317.9,-0.34,13522.0,441.0,368.0
SBI,3/15/2023,323.0,323.0,306.1,319.9,0.63,13182.0,441.0,368.0
SBI,3/16/2023,320.0,320.0,310.1,318.6,-0.41,17106.0,441.0,368.0
SBI,3/19/2023,322.9,322.9,312.3,316.9,-0.53,31454.0,441.0,368.0
SBI,3/20/2023,323.0,323.0,316.5,322.0,1.61,47848.0,441.0,368.0
SBI,3/22/2023,325.0,325.0,315.0,317.4,-1.43,18327.0,441.0,368.0
SBI,3/23/2023,317.5,317.9,310.0,312.9,-1.42,13665.0,441.0,368.0
SBI,3/26/2023,310.0,312.8,303.8,308.0,-1.57,15441.0,441.0,368.0
SBI,3/27/2023,313.9,313.9,300.9,306.1,-0.62,14393.0,441.0,368.0
SBI,3/28/2023,307.0,314.0,306.0,310.0,1.27,27201.0,441.0,368.0
SBI,3/29/2023,306.3,312.0,306.1,311.9,0.61,15639.0,441.0,368.0
SBI,3/30/2023,313.0,313.0,306.9,312.4,0.16,7355.0,441.0,368.0
SBI,4/2/2023,318.5,318.5,302.0,305.5,-2.21,18571.0,441.0,368.0
SBI,4/3/2023,305.0,305.0,300.5,302.0,-1.15,9625.0,441.0,368.0
SBI,4/4/2023,300.1,304.0,296.1,300.1,-0.63,15312.0,441.0,368.0
SBI,4/5/2023,302.0,305.0,296.1,304.0,1.3,13320.0,441.0,368.0
SBI,4/6/2023,310.0,311.4,302.1,310.5,2.14,19483.0,441.0,368.0
SBI,4/9/2023,316.7,316.7,299.1,303.8,-2.16,18736.0,441.0,368.0
SBI,4/10/2023,304.0,304.0,300.0,302.0,-0.59,8830.0,441.0,368.0
SBI,4/11/2023,308.0,314.0,301.7,306.9,1.62,10203.0,441.0,368.0
SBI,4/12/2023,309.0,319.9,309.0,318.9,3.91,37682.0,441.0,368.0
SBI,4/13/2023,318.0,325.7,315.5,317.0,-0.6,20014.0,441.0,368.0
SBI,4/16/2023,310.7,320.9,310.7,320.0,0.95,8640.0,441.0,368.0
SBI,4/17/2023,322.0,322.0,315.1,318.9,-0.34,8101.0,441.0,368.0
SBI,4/18/2023,315.0,317.5,310.2,317.0,-0.6,24419.0,441.0,368.0
SBI,4/19/2023,320.0,321.0,313.2,320.0,0.95,19537.0,441.0,368.0
SBI,4/20/2023,326.0,332.0,320.0,322.9,0.91,79604.0,441.0,368.0
SBI,4/23/2023,325.0,325.0,318.1,322.0,-0.28,13925.0,441.0,368.0
SBI,4/24/2023,320.0,326.0,318.5,324.5,0.78,9541.0,441.0,368.0
SBI,4/25/2023,320.0,327.0,319.0,324.0,-0.15,10842.0,441.0,368.0
SBI,4/26/2023,324.0,327.9,321.1,325.0,0.31,17792.0,441.0,368.0
SBI,4/27/2023,325.0,335.0,323.0,335.0,3.08,33709.0,441.0,368.0
SBI,4/30/2023,332.0,338.0,327.0,332.9,-0.63,29167.0,441.0,368.0
SBI,5/2/2023,338.0,338.0,329.0,333.0,0.03,17097.0,441.0,368.0
SBI,5/3/2023,338.0,338.0,326.0,333.0,0.0,14636.0,441.0,368.0
SBI,5/4/2023,337.0,337.0,327.5,332.0,-0.3,8643.0,441.0,368.0
SBI,5/7/2023,328.2,332.9,328.0,328.0,-1.2,14488.0,441.0,368.0
SBI,5/8/2023,334.5,334.5,321.4,330.0,0.61,17136.0,441.0,368.0
SBI,5/9/2023,326.0,332.0,325.0,325.2,-1.45,12330.0,441.0,368.0
SBI,5/10/2023,331.0,331.0,321.3,326.0,0.25,15787.0,441.0,368.0
SBI,5/11/2023,329.0,329.0,323.2,326.0,0.0,4450.0,441.0,368.0
SBI,5/14/2023,319.5,328.0,316.7,322.0,-1.23,24618.0,441.0,368.0
SBI,5/15/2023,315.6,321.9,315.0,319.0,-0.93,20902.0,441.0,368.0
SBI,5/16/2023,316.1,318.0,313.0,313.0,-1.88,52144.0,441.0,368.0
SBI,5/17/2023,316.0,320.0,315.1,319.9,2.2,25531.0,441.0,368.0
SBI,5/18/2023,325.0,330.0,322.0,330.0,3.16,57519.0,441.0,368.0
SBI,5/21/2023,330.0,335.0,326.0,327.2,-0.85,62208.0,441.0,368.0
SBI,5/22/2023,321.1,333.0,321.1,331.0,1.16,14146.0,441.0,368.0
SBI,5/23/2023,335.0,341.0,331.8,338.0,2.11,49016.0,441.0,368.0
SBI,5/24/2023,342.0,344.0,336.0,340.0,0.59,33557.0,441.0,368.0
SBI,5/28/2023,346.8,346.8,333.2,338.0,-0.59,37114.0,441.0,368.0
SBI,5/30/2023,333.3,333.3,327.0,328.1,-2.93,35443.0,441.0,368.0
SBI,5/31/2023,325.0,326.9,313.0,319.3,-2.68,42318.0,441.0,368.0
SBI,6/1/2023,325.6,331.9,317.0,323.4,1.28,37220.0,441.0,368.0
SBI,6/4/2023,325.0,336.0,322.8,330.0,2.04,23016.0,441.0,368.0
SBI,6/5/2023,336.6,336.6,327.1,330.5,0.15,35406.0,441.0,368.0
SBI,6/6/2023,330.0,333.0,326.4,329.5,-0.3,14757.0,441.0,368.0
SBI,6/7/2023,325.0,331.5,325.0,328.0,-0.46,15756.0,441.0,368.0
SBI,6/8/2023,325.0,328.0,322.8,324.8,-0.98,14996.0,441.0,368.0
SBI,6/11/2023,331.0,331.0,323.0,329.0,1.29,36817.0,441.0,368.0
SBI,6/12/2023,327.2,329.9,323.7,327.0,-0.61,17919.0,441.0,368.0
SBI,6/13/2023,320.5,335.0,320.5,335.0,2.45,67977.0,441.0,368.0
SBI,6/14/2023,335.0,347.0,335.0,346.8,3.52,73271.0,441.0,368.0
SBI,6/15/2023,352.0,352.0,341.0,342.4,-1.27,40274.0,441.0,368.0
SBI,6/18/2023,349.0,349.0,336.0,340.4,-0.58,22838.0,441.0,368.0
SBI,6/19/2023,342.0,342.0,336.0,338.9,-0.44,26318.0,441.0,368.0
SBI,6/20/2023,343.0,343.0,336.1,338.0,-0.27,35010.0,441.0,368.0
SBI,6/21/2023,333.0,337.9,330.2,335.0,-0.89,31305.0,441.0,368.0
SBI,6/22/2023,331.1,334.0,329.7,330.0,-1.49,13977.0,441.0,368.0
SBI,6/25/2023,324.0,347.4,324.0,341.0,3.33,63892.0,441.0,368.0
SBI,6/26/2023,335.3,356.7,335.3,356.5,4.55,158704.0,441.0,368.0
SBI,6/27/2023,360.0,378.4,355.2,371.7,4.26,125642.0,441.0,368.0
SBI,6/28/2023,371.7,371.7,354.0,360.0,-3.15,76694.0,441.0,368.0
SBI,7/2/2023,360.0,360.0,345.1,352.0,-2.22,62488.0,441.0,368.0
SBI,7/3/2023,345.0,350.0,341.0,344.0,-2.27,20685.0,441.0,368.0
SBI,7/4/2023,350.0,355.0,340.1,344.4,0.12,9391.0,441.0,368.0
SBI,7/5/2023,342.0,346.0,332.3,333.2,-3.25,28726.0,441.0,368.0
SBI,7/6/2023,333.0,338.8,332.1,334.0,0.24,24909.0,441.0,368.0
SBI,7/9/2023,339.0,340.0,332.3,335.0,0.3,60784.0,441.0,368.0
SBI,7/10/2023,340.0,346.8,334.0,338.0,0.9,20069.0,441.0,368.0
SBI,7/11/2023,340.0,340.0,330.0,331.0,-2.07,40565.0,441.0,368.0
SBI,7/12/2023,332.2,338.0,330.0,338.0,2.11,61120.0,441.0,368.0
SBI,7/13/2023,342.0,347.5,335.2,342.9,1.45,49096.0,441.0,368.0
SBI,7/16/2023,344.9,345.0,338.2,341.0,-0.55,57178.0,441.0,368.0
SBI,7/17/2023,345.5,352.0,341.0,351.9,3.2,51672.0,441.0,368.0
SBI,7/18/2023,355.0,361.0,347.9,360.0,2.3,132169.0,441.0,368.0
SBI,7/19/2023,361.0,365.0,353.8,363.5,0.97,99754.0,441.0,368.0
SBI,7/20/2023,365.0,366.9,357.0,364.0,0.14,66178.0,441.0,368.0
SBI,7/23/2023,364.0,375.0,357.1,374.0,2.75,140613.0,441.0,368.0
SBI,7/24/2023,370.0,375.0,363.1,363.4,-2.83,97293.0,441.0,368.0
SBI,7/25/2023,367.8,367.8,353.7,354.1,-2.56,58944.0,441.0,368.0
SBI,7/26/2023,361.0,361.0,352.4,355.0,0.25,47279.0,441.0,368.0
SBI,7/27/2023,356.0,359.0,349.1,351.0,-1.13,31943.0,441.0,368.0
SBI,7/30/2023,350.0,350.0,340.3,344.8,-1.77,44466.0,441.0,368.0
SBI,7/31/2023,349.0,349.0,343.0,346.5,0.49,25530.0,441.0,368.0
SBI,8/1/2023,347.0,350.0,341.0,343.9,-0.75,21413.0,441.0,368.0
SBI,8/2/2023,348.0,348.0,341.0,343.5,-0.12,12473.0,441.0,368.0
SBI,8/3/2023,350.0,355.0,345.0,348.2,1.37,40849.0,441.0,368.0
SBI,8/6/2023,354.0,354.0,333.0,334.2,-4.02,76973.0,441.0,368.0
SBI,8/7/2023,335.0,337.7,322.0,326.0,-2.45,42364.0,441.0,368.0
SBI,8/8/2023,325.0,328.0,320.3,325.0,-0.31,26254.0,441.0,368.0
SBI,8/9/2023,323.0,331.0,317.0,331.0,1.85,32431.0,441.0,368.0
SBI,8/10/2023,330.0,331.9,323.4,328.0,-0.91,57506.0,441.0,368.0
SBI,8/13/2023,330.0,350.0,329.9,340.0,3.66,35862.0,441.0,368.0
SBI,8/14/2023,344.0,347.8,336.0,338.0,-0.59,64953.0,441.0,368.0
SBI,8/15/2023,331.3,341.0,331.3,333.0,-1.48,39397.0,441.0,368.0
SBI,8/16/2023,330.0,333.0,329.1,333.0,0.0,16584.0,441.0,368.0
SBI,8/17/2023,326.6,339.6,326.6,335.0,0.6,34281.0,441.0,368.0
SBI,8/20/2023,333.0,335.0,329.0,329.2,-1.73,24122.0,441.0,368.0
SBI,8/21/2023,330.0,335.0,327.5,332.0,0.85,50736.0,441.0,368.0
SBI,8/22/2023,332.0,337.0,328.4,335.8,1.14,8493.0,441.0,368.0
SBI,8/23/2023,336.0,339.0,333.0,338.0,0.66,21280.0,441.0,368.0
SBI,8/24/2023,344.0,344.0,328.0,331.0,-2.07,24512.0,441.0,368.0
SBI,8/27/2023,326.0,330.0,325.3,330.0,-0.3,21092.0,441.0,368.0
SBI,8/28/2023,330.0,332.0,327.2,331.0,0.3,5402.0,441.0,368.0
SBI,8/29/2023,326.3,348.5,326.1,344.0,3.93,13104.0,441.0,368.0
SBI,8/30/2023,344.0,344.0,330.1,330.1,-4.04,14807.0,441.0,368.0
SBI,9/3/2023,326.0,329.6,324.0,324.0,-1.85,19901.0,441.0,368.0
SBI,9/4/2023,325.0,331.5,323.6,331.5,2.31,13481.0,441.0,368.0
SBI,9/5/2023,328.0,336.0,326.0,336.0,1.36,8759.0,441.0,368.0
SBI,9/7/2023,329.5,333.9,323.0,327.0,-2.68,13422.0,441.0,368.0
SBI,9/10/2023,325.0,330.0,325.0,330.0,0.92,11789.0,441.0,368.0
SBI,9/11/2023,332.0,340.0,328.0,340.0,3.03,104938.0,441.0,368.0
SBI,9/12/2023,343.0,343.0,333.1,338.0,-0.59,224944.0,441.0,368.0
SBI,9/13/2023,338.0,341.9,332.0,341.9,1.15,59143.0,441.0,368.0
SBI,9/17/2023,340.0,340.0,327.1,333.9,-2.34,14135.0,441.0,368.0
SBI,9/18/2023,327.3,332.0,326.0,331.0,-0.87,22929.0,441.0,368.0
SBI,9/19/2023,328.2,339.5,327.2,328.4,-0.79,10250.0,441.0,368.0
SBI,9/21/2023,334.0,339.0,332.3,335.0,2.01,26235.0,441.0,368.0
SBI,9/24/2023,329.1,336.0,328.5,332.0,-0.9,8649.0,441.0,368.0
SBI,9/25/2023,333.0,335.0,329.0,329.9,-0.63,5751.0,441.0,368.0
SBI,9/26/2023,335.0,336.4,327.2,329.5,-0.12,13809.0,441.0,368.0
SBI,9/27/2023,326.2,332.0,325.6,326.1,-1.03,24989.0,441.0,368.0
SBI,10/1/2023,320.3,329.0,320.3,323.0,-0.95,47400.0,441.0,368.0
SBI,10/2/2023,323.0,325.0,320.5,324.4,0.43,7225.0,441.0,368.0
SBI,10/3/2023,329.0,329.0,318.7,320.0,-1.36,27295.0,441.0,368.0
SBI,10/4/2023,318.1,324.0,318.0,323.0,0.94,12358.0,441.0,368.0
SBI,10/5/2023,329.0,329.0,318.5,321.0,-0.62,15627.0,441.0,368.0
SBI,10/8/2023,321.1,321.1,314.0,314.1,-2.15,9584.0,441.0,368.0
SBI,10/9/2023,311.0,316.9,310.1,315.0,0.29,10162.0,441.0,368.0
SBI,10/10/2023,309.0,315.0,308.1,308.8,-1.97,8979.0,441.0,368.0
SBI,10/11/2023,308.0,314.0,307.8,310.1,0.42,4809.0,441.0,368.0
SBI,10/12/2023,311.0,311.0,305.0,308.3,-0.58,136703.0,441.0,368.0
SBI,10/16/2023,303.0,308.5,302.0,302.0,-2.04,18551.0,441.0,368.0
SBI,10/17/2023,305.0,305.0,299.0,303.0,0.33,6831.0,441.0,368.0
SBI,10/18/2023,300.2,310.0,297.1,309.0,1.98,12467.0,441.0,368.0
SBI,10/19/2023,310.0,311.9,305.0,309.8,0.26,2676.0,441.0,368.0
SBI,10/29/2023,309.8,309.8,298.2,308.9,-0.29,4550.0,441.0,368.0
SBI,10/30/2023,302.8,308.0,300.0,308.0,-0.29,8931.0,441.0,368.0
SBI,10/31/2023,307.9,307.9,300.0,300.1,-2.56,4549.0,441.0,368.0
SBI,11/1/2023,302.0,304.0,299.1,304.0,1.3,6619.0,441.0,368.0
SBI,11/2/2023,308.0,308.0,297.5,297.6,-2.11,6243.0,441.0,368.0
SBI,11/5/2023,293.3,297.0,287.2,289.0,-2.89,23118.0,441.0,368.0
SBI,11/6/2023,294.2,294.7,286.0,291.0,0.69,19397.0,441.0,368.0
SBI,11/7/2023,291.0,292.0,284.0,287.0,-1.37,14132.0,441.0,368.0
SBI,11/8/2023,282.1,308.0,282.0,308.0,7.32,9868.0,441.0,368.0
SBI,11/9/2023,301.9,301.9,288.0,288.2,-6.43,26185.0,441.0,368.0
SBI,11/20/2023,292.9,293.0,288.0,288.0,-0.07,9546.0,441.0,368.0
SBI,11/21/2023,286.5,291.7,284.0,291.7,1.28,7572.0,441.0,368.0
SBI,11/22/2023,291.7,297.0,290.0,292.5,0.27,2482.0,441.0,368.0
SBI,11/23/2023,294.0,299.8,289.9,299.8,2.5,7525.0,441.0,368.0
SBI,11/26/2023,295.0,314.0,295.0,310.0,3.4,13692.0,441.0,368.0
SBI,11/27/2023,305.0,306.5,298.3,306.0,-1.29,4345.0,441.0,368.0
SBI,11/28/2023,306.0,306.0,295.3,298.5,-2.45,5669.0,441.0,368.0
SBI,11/29/2023,296.0,298.0,293.0,294.1,-1.47,5898.0,441.0,368.0
SBI,11/30/2023,291.2,296.0,291.0,294.0,-0.03,2588.0,441.0,368.0
SBI,12/3/2023,291.0,293.0,287.2,293.0,-0.34,12954.0,441.0,368.0
SBI,12/4/2023,293.0,295.0,288.2,290.0,-1.02,2432.0,441.0,368.0
SBI,12/5/2023,290.0,295.6,289.1,290.5,0.17,6976.0,441.0,368.0
SBI,12/6/2023,290.5,296.2,287.0,289.0,-0.52,18142.0,441.0,368.0
SBI,12/7/2023,286.2,298.8,286.1,298.8,3.39,11153.0,441.0,368.0
SBI,12/10/2023,304.7,328.6,304.7,328.6,9.97,1170.0,441.0,368.0
SBI,12/11/2023,328.6,329.0,302.4,311.9,-5.08,64983.0,441.0,368.0
SBI,12/12/2023,311.9,317.0,310.0,317.0,1.64,31275.0,441.0,368.0
SBI,12/13/2023,317.0,321.0,313.0,313.3,-1.17,31783.0,441.0,368.0
SBI,12/14/2023,319.0,324.0,315.0,322.0,2.78,84026.0,441.0,368.0
SBI,12/17/2023,304.2,327.0,295.1,324.0,0.62,44556.0,441.0,368.0
SBI,12/18/2023,319.9,319.9,310.0,315.0,-2.78,28668.0,441.0,368.0
SBI,12/19/2023,311.0,321.3,311.0,321.0,1.9,30169.0,441.0,368.0
SBI,12/20/2023,326.9,326.9,317.1,320.0,-0.31,43320.0,441.0,368.0
SBI,12/21/2023,319.0,319.0,312.0,312.0,-2.5,22685.0,441.0,368.0
SBI,12/24/2023,312.0,312.0,307.1,307.5,-1.44,20530.0,441.0,368.0
SBI,12/27/2023,309.0,313.0,301.4,306.0,-0.49,40789.0,441.0,368.0
SBI,12/28/2023,305.0,306.0,300.0,304.0,-0.65,20510.0,441.0,368.0
SBI,1/1/2024,305.0,309.0,303.0,306.4,0.79,26846.0,441.0,368.0
SBI,1/2/2024,304.0,304.8,297.0,304.5,-0.62,9199.0,441.0,368.0
SBI,1/3/2024,309.9,309.9,297.0,301.2,-1.08,12152.0,441.0,368.0
SBI,1/4/2024,302.0,303.8,299.0,300.0,-0.4,18763.0,441.0,368.0
SBI,1/7/2024,300.0,300.0,291.1,294.0,-2.0,28575.0,441.0,368.0
SBI,1/8/2024,290.0,313.9,290.0,299.0,1.7,40737.0,441.0,368.0
SBI,1/9/2024,299.1,308.0,295.3,298.0,-0.33,26555.0,441.0,368.0
SBI,1/10/2024,303.9,308.0,300.0,303.8,1.95,22360.0,441.0,368.0
SBI,1/11/2024,304.0,306.9,302.0,302.0,-0.59,12598.0,441.0,368.0
SBI,1/14/2024,308.0,314.0,305.7,310.0,2.65,126206.0,441.0,368.0
SBI,1/16/2024,311.0,318.0,310.0,317.0,2.26,44444.0,441.0,368.0
SBI,1/17/2024,323.0,323.4,311.0,320.0,0.95,52585.0,441.0,368.0
SBI,1/18/2024,314.8,319.0,310.0,311.0,-2.81,21790.0,441.0,368.0
SBI,1/21/2024,308.0,308.0,298.8,300.0,-3.54,63575.0,441.0,368.0
SBI,1/22/2024,298.0,306.0,296.1,299.1,-0.3,19073.0,441.0,368.0
SBI,1/23/2024,298.3,302.0,298.0,298.5,-0.2,10294.0,441.0,368.0
SBI,1/24/2024,304.3,304.3,297.0,299.0,0.17,8644.0,441.0,368.0
SBI,1/25/2024,299.0,299.0,294.0,297.0,-0.67,10428.0,441.0,368.0
SBI,1/28/2024,302.0,302.0,294.0,298.9,0.64,5190.0,441.0,368.0
SBI,1/29/2024,301.0,302.0,297.8,300.0,0.37,13872.0,441.0,368.0
SBI,1/30/2024,304.0,304.0,294.5,301.1,0.37,13487.0,441.0,368.0
SBI,1/31/2024,300.0,300.0,295.1,296.5,-1.53,13996.0,441.0,368.0
SBI,2/1/2024,298.0,298.0,290.0,293.0,-1.18,19634.0,441.0,368.0
SBI,2/4/2024,288.1,295.0,288.1,293.0,0.0,13283.0,441.0,368.0
SBI,2/5/2024,287.6,294.0,287.6,292.9,-0.03,9529.0,441.0,368.0
SBI,2/6/2024,297.9,297.9,287.1,290.0,-0.99,23198.0,441.0,368.0
SBI,2/7/2024,295.8,295.8,290.4,293.0,1.03,14610.0,441.0,368.0
SBI,2/8/2024,290.0,295.7,290.0,290.6,-0.82,12730.0,441.0,368.0
SBI,2/11/2024,294.0,294.0,288.0,291.0,0.14,23176.0,441.0,368.0
SBI,2/12/2024,287.0,294.0,287.0,290.0,-0.34,12208.0,441.0,368.0
SBI,2/13/2024,286.0,292.0,286.0,290.0,0.0,17814.0,441.0,368.0
SBI,2/14/2024,287.3,295.8,287.3,295.0,1.72,9227.0,441.0,368.0
SBI,2/15/2024,296.0,296.0,289.0,289.5,-1.86,17947.0,441.0,368.0
SBI,2/18/2024,288.0,288.9,285.0,286.1,-1.17,7617.0,441.0,368.0
SBI,2/20/2024,289.0,309.0,285.2,288.0,0.66,16387.0,441.0,368.0
SBI,2/21/2024,289.0,292.0,286.5,289.0,0.35,24721.0,441.0,368.0
SBI,2/22/2024,289.2,294.7,285.1,288.0,-0.35,62823.0,441.0,368.0
SBI,2/25/2024,288.0,295.0,286.1,286.5,-0.52,29003.0,441.0,368.0
SBI,2/26/2024,290.0,290.0,284.0,285.9,-0.21,7368.0,441.0,368.0
SBI,2/27/2024,286.0,295.8,285.3,292.0,2.13,11514.0,441.0,368.0
SBI,2/28/2024,295.0,295.0,285.0,285.0,-2.4,2557.0,441.0,368.0
SBI,2/29/2024,282.1,297.4,281.5,283.0,-0.7,9781.0,441.0,368.0
SBI,3/3/2024,281.2,285.6,278.0,280.0,-1.06,19233.0,441.0,368.0
SBI,3/4/2024,285.6,291.3,285.6,291.3,4.04,90.0,441.0,368.0
SBI,3/5/2024,297.1,297.1,286.3,286.4,-1.68,17600.0,441.0,368.0
SBI,3/6/2024,281.1,291.0,281.1,286.0,-0.14,3514.0,441.0,368.0
SBI,3/7/2024,291.7,297.0,290.1,293.2,2.52,37185.0,441.0,368.0
SBI,3/10/2024,299.0,299.0,290.2,294.0,0.27,4754.0,441.0,368.0
SBI,3/12/2024,291.0,298.7,291.0,298.0,1.36,18410.0,441.0,368.0
SBI,3/13/2024,300.0,303.9,294.1,300.4,0.81,25323.0,441.0,368.0
SBI,3/14/2024,296.0,299.9,294.6,294.6,-1.93,9803.0,441.0,368.0
SBI,3/17/2024,300.0,300.0,288.8,296.0,0.48,14201.0,441.0,368.0
SBI,3/18/2024,301.9,301.9,290.8,296.9,0.3,15292.0,441.0,368.0
SBI,3/19/2024,296.9,296.9,291.3,295.0,-0.64,6705.0,441.0,368.0
SBI,3/20/2024,300.0,300.0,289.2,290.0,-1.69,7304.0,441.0,368.0
SBI,3/21/2024,293.0,294.9,288.0,292.4,0.83,16635.0,441.0,368.0
SBI,3/25/2024,292.4,292.4,287.1,288.0,-1.5,6686.0,441.0,368.0
SBI,3/26/2024,287.9,289.0,285.3,288.5,0.17,6437.0,441.0,368.0
SBI,3/27/2024,292.9,292.9,282.0,284.0,-1.56,10098.0,441.0,368.0
SBI,3/28/2024,289.6,289.6,280.7,281.0,-1.06,7226.0,441.0,368.0
SBI,3/31/2024,286.4,286.4,280.0,280.7,-0.11,10307.0,441.0,368.0
SBI,4/1/2024,280.7,285.0,278.1,283.0,0.82,21147.0,441.0,368.0
SBI,4/2/2024,288.6,288.6,278.0,283.0,0.0,17407.0,441.0,368.0
SBI,4/3/2024,285.0,285.0,278.0,283.0,0.0,16765.0,441.0,368.0
SBI,4/4/2024,285.0,285.0,277.9,282.5,-0.18,14158.0,441.0,368.0
SBI,4/7/2024,277.1,286.0,277.1,285.9,1.2,11679.0,441.0,368.0
SBI,4/9/2024,291.6,291.6,281.3,282.0,-1.36,19761.0,441.0,368.0
SBI,4/10/2024,287.0,287.4,281.6,284.5,0.89,11944.0,441.0,368.0
SBI,4/14/2024,285.0,286.0,279.3,282.0,-0.88,17483.0,441.0,368.0
SBI,4/15/2024,282.0,284.0,272.9,275.0,-2.48,23985.0,441.0,368.0
SBI,4/16/2024,271.0,278.0,270.1,277.8,1.02,13730.0,441.0,368.0
SBI,4/18/2024,274.0,279.4,272.0,274.0,-1.37,5589.0,441.0,368.0
SBI,4/21/2024,271.0,274.9,268.6,273.9,-0.04,13656.0,441.0,368.0
SBI,4/22/2024,275.0,279.0,269.7,277.0,1.13,7958.0,441.0,368.0
SBI,4/24/2024,282.0,282.0,269.5,269.5,-2.71,8469.0,441.0,368.0
SBI,4/25/2024,269.0,279.5,269.0,276.0,2.41,23292.0,441.0,368.0
SBI,4/28/2024,278.0,278.0,272.5,274.8,-0.43,10185.0,441.0,368.0
SBI,4/29/2024,280.2,284.0,274.5,284.0,3.35,54162.0,441.0,368.0
SBI,4/30/2024,289.6,289.6,282.0,284.0,0.0,22890.0,441.0,368.0
SBI,5/2/2024,289.6,289.6,277.1,281.0,-1.06,10281.0,441.0,368.0
SBI,5/5/2024,276.0,285.6,275.0,279.4,-0.57,19598.0,441.0,368.0
SBI,5/6/2024,284.9,284.9,270.0,273.0,-2.29,22749.0,441.0,368.0
SBI,5/7/2024,273.0,278.9,272.0,273.6,0.22,4066.0,441.0,368.0
SBI,5/8/2024,272.6,275.0,270.0,274.0,0.15,7780.0,441.0,368.0
SBI,5/9/2024,277.0,277.0,270.0,270.2,-1.39,5426.0,441.0,368.0
SBI,5/12/2024,270.0,278.8,270.0,271.4,0.44,7449.0,441.0,368.0
SBI,5/13/2024,276.8,285.0,271.5,284.0,4.64,21532.0,441.0,368.0
SBI,5/14/2024,289.6,289.6,281.5,281.6,-0.85,10827.0,441.0,368.0
SBI,5/15/2024,285.0,288.6,279.1,279.1,-0.89,11764.0,441.0,368.0
SBI,5/16/2024,284.6,284.6,274.4,279.0,-0.04,6571.0,441.0,368.0
SBI,5/19/2024,284.5,289.6,281.0,286.0,2.51,13704.0,441.0,368.0
SBI,5/20/2024,291.7,305.0,287.0,296.0,3.5,58438.0,441.0,368.0
SBI,5/21/2024,301.9,304.0,295.0,300.0,1.35,20960.0,441.0,368.0
SBI,5/22/2024,298.0,312.0,298.0,309.5,3.17,57200.0,441.0,368.0
SBI,5/26/2024,309.0,310.0,300.1,306.0,-1.13,32564.0,441.0,368.0
SBI,5/27/2024,301.0,324.3,301.0,304.1,-0.62,31644.0,441.0,368.0
SBI,5/29/2024,310.0,315.0,300.0,301.9,-0.72,33573.0,441.0,368.0
SBI,5/30/2024,305.9,305.9,295.0,298.0,-1.29,21741.0,441.0,368.0
SBI,6/2/2024,303.0,303.8,292.2,297.0,-0.34,8977.0,441.0,368.0
SBI,6/3/2024,302.9,306.8,292.1,297.0,0.0,4437.0,441.0,368.0
SBI,6/4/2024,302.9,302.9,298.4,299.9,0.98,22368.0,441.0,368.0
SBI,6/5/2024,305.8,305.8,294.4,297.0,-0.97,2310.0,441.0,368.0
SBI,6/6/2024,301.0,301.0,293.0,296.0,-0.34,16480.0,441.0,368.0
SBI,6/9/2024,301.9,303.9,292.0,298.0,0.68,26412.0,441.0,368.0
SBI,6/10/2024,303.9,303.9,295.0,297.0,-0.34,14687.0,441.0,368.0
SBI,6/11/2024,302.9,302.9,292.3,299.0,0.67,12078.0,441.0,368.0
SBI,6/12/2024,300.0,303.0,297.3,300.0,0.33,9804.0,441.0,368.0
SBI,6/13/2024,298.0,300.0,295.0,299.9,-0.03,12277.0,441.0,368.0
SBI,6/16/2024,295.2,299.0,294.0,294.0,-1.97,4350.0,441.0,368.0
SBI,6/18/2024,293.0,296.0,290.3,292.1,-0.65,6718.0,441.0,368.0
SBI,6/19/2024,297.9,297.9,290.2,292.9,0.27,3406.0,441.0,368.0
SBI,6/20/2024,298.7,298.7,288.2,293.0,0.03,4631.0,441.0,368.0
SBI,6/23/2024,290.0,304.7,288.2,295.0,0.68,6340.0,441.0,368.0
SBI,6/24/2024,299.8,299.8,289.3,293.0,-0.68,8790.0,441.0,368.0
SBI,6/25/2024,290.0,293.0,285.0,290.0,-1.02,9619.0,441.0,368.0
SBI,6/26/2024,295.0,295.7,287.0,290.0,0.0,23778.0,441.0,368.0
SBI,6/27/2024,295.8,297.0,285.6,287.0,-1.03,9711.0,441.0,368.0
SBI,6/30/2024,292.0,294.0,287.0,289.9,1.01,17392.0,441.0,368.0
SBI,7/1/2024,285.0,293.0,282.3,291.0,0.38,14115.0,441.0,368.0
SBI,7/2/2024,296.8,308.0,291.1,300.0,3.09,18825.0,441.0,368.0
SBI,7/3/2024,306.0,306.0,288.2,299.0,-0.33,7214.0,441.0,368.0
SBI,7/4/2024,303.9,304.9,299.0,300.9,0.64,26288.0,441.0,368.0
SBI,7/7/2024,305.0,305.0,299.1,304.7,1.26,44974.0,441.0,368.0
SBI,7/8/2024,310.7,311.0,303.0,304.9,0.07,42526.0,441.0,368.0
SBI,7/9/2024,310.9,310.9,303.0,307.0,0.69,8531.0,441.0,368.0
SBI,7/10/2024,313.1,313.1,307.0,312.0,1.63,76823.0,441.0,368.0
SBI,7/11/2024,318.2,323.0,314.0,323.0,3.53,73843.0,441.0,368.0
SBI,7/14/2024,329.4,337.0,320.0,336.0,4.02,73032.0,441.0,368.0
SBI,7/15/2024,342.7,342.7,325.0,328.0,-2.38,173134.0,441.0,368.0
SBI,7/16/2024,329.0,337.0,325.7,337.0,2.74,35666.0,441.0,368.0
SBI,7/17/2024,343.7,364.0,339.9,363.0,7.72,191640.0,441.0,368.0
SBI,7/18/2024,357.0,397.8,357.0,380.0,4.68,213906.0,441.0,368.0
SBI,7/21/2024,381.0,398.8,372.0,391.0,2.89,218001.0,441.0,368.0
SBI,7/22/2024,397.0,400.0,384.0,391.0,0.0,201549.0,441.0,368.0
SBI,7/23/2024,395.0,425.0,383.9,420.0,7.42,293587.0,441.0,368.0
SBI,7/24/2024,427.0,428.0,401.0,408.1,-2.83,236528.0,441.0,368.0
SBI,7/25/2024,403.0,419.0,403.0,410.0,0.47,264829.0,441.0,368.0
SBI,7/28/2024,418.2,451.0,418.2,451.0,10.0,532053.0,441.0,368.0
SBI,7/29/2024,451.0,462.0,439.2,441.5,-2.11,336421.0,441.0,368.0
SBI,7/30/2024,450.3,450.3,429.0,438.9,-0.59,174144.0,441.0,368.0
SBI,7/31/2024,438.9,445.0,434.0,440.0,0.25,285341.0,441.0,368.0
SBI,8/1/2024,434.3,447.5,432.0,433.1,-1.57,86171.0,441.0,368.0
SBI,8/5/2024,433.0,450.0,425.1,431.5,-0.37,135908.0,441.0,368.0
SBI,8/6/2024,426.0,430.0,410.0,415.9,-3.62,184938.0,441.0,368.0
SBI,8/7/2024,415.0,432.0,408.5,418.0,0.5,68903.0,441.0,368.0
SBI,8/8/2024,423.0,423.0,409.0,420.2,0.53,102134.0,441.0,368.0
SBI,8/11/2024,428.6,428.6,416.0,424.7,1.07,113268.0,441.0,368.0
SBI,8/12/2024,432.0,454.0,430.0,451.0,6.19,314283.0,441.0,368.0
SBI,8/13/2024,455.0,456.0,436.0,451.0,0.0,185136.0,441.0,368.0
SBI,8/14/2024,450.0,450.0,433.2,441.0,-2.22,62163.0,441.0,368.0
SBI,8/15/2024,449.8,465.0,441.2,449.0,1.81,244226.0,441.0,368.0
SBI,8/18/2024,455.0,465.0,445.0,446.0,-0.67,289970.0,441.0,368.0
SBI,8/21/2024,445.0,481.6,441.1,470.0,5.38,604357.0,441.0,368.0
SBI,8/22/2024,479.4,497.0,478.3,487.0,3.62,346483.0,441.0,368.0
SBI,8/25/2024,487.0,488.0,460.8,461.0,-5.34,209803.0,441.0,368.0
SBI,8/27/2024,470.2,470.2,430.4,445.0,-3.47,208024.0,441.0,368.0
SBI,8/28/2024,453.9,462.0,441.3,444.0,-0.22,85352.0,441.0,368.0
SBI,8/29/2024,437.0,445.4,436.7,438.2,-1.31,68981.0,441.0,368.0
SBI,9/1/2024,432.0,446.0,425.2,430.0,-1.87,119448.0,441.0,368.0
SBI,9/2/2024,438.0,473.0,424.0,465.0,8.14,94404.0,441.0,368.0
SBI,9/3/2024,472.0,472.0,450.0,456.7,-1.78,198493.0,441.0,368.0
SBI,9/4/2024,465.8,465.8,432.5,435.8,-4.58,74614.0,441.0,368.0
SBI,9/5/2024,443.9,443.9,424.0,436.0,0.05,41224.0,441.0,368.0
SBI,9/8/2024,437.5,454.9,430.3,433.4,-0.6,177273.0,441.0,368.0
SBI,9/9/2024,430.0,457.4,426.0,429.0,-1.02,110924.0,441.0,368.0
SBI,9/10/2024,437.5,437.5,428.0,433.0,0.93,52606.0,441.0,368.0
SBI,9/11/2024,437.0,437.0,423.0,425.9,-1.64,21697.0,441.0,368.0
SBI,9/12/2024,434.4,434.8,422.0,424.1,-0.42,49208.0,441.0,368.0
SBI,9/15/2024,432.0,440.0,417.1,424.0,-0.02,47278.0,441.0,368.0
SBI,9/16/2024,416.0,439.0,410.0,418.0,-1.42,44660.0,441.0,368.0
SBI,9/18/2024,418.0,422.9,411.0,417.0,-0.24,52852.0,441.0,368.0
SBI,9/22/2024,409.0,434.0,409.0,421.0,0.96,40377.0,441.0,368.0
SBI,9/23/2024,429.4,429.4,414.0,415.0,-1.43,51643.0,441.0,368.0
SBI,9/24/2024,413.7,418.0,409.0,416.9,0.46,119632.0,441.0,368.0
SBI,9/25/2024,410.1,419.0,410.1,417.7,0.19,24876.0,441.0,368.0
SBI,9/26/2024,424.8,424.8,412.0,413.0,-1.13,36571.0,441.0,368.0
SBI,9/29/2024,420.0,420.0,404.8,412.9,-0.02,20619.0,441.0,368.0
SBI,9/30/2024,417.0,425.3,413.0,425.3,3.0,34821.0,441.0,368.0
SBI,10/1/2024,429.9,445.9,425.2,442.0,3.93,99005.0,441.0,368.0
SBI,10/2/2024,435.0,452.0,435.0,443.0,0.23,112322.0,441.0,368.0
SBI,10/6/2024,445.0,459.0,445.0,454.8,2.66,114994.0,441.0,368.0
SBI,10/7/2024,460.0,466.2,456.1,466.2,2.51,356588.0,441.0,368.0
SBI,10/8/2024,467.0,471.0,460.0,461.5,-1.01,90106.0,441.0,368.0
SBI,10/9/2024,467.0,467.0,452.9,456.5,-1.08,136715.0,441.0,368.0
SBI,10/15/2024,463.0,472.9,447.4,464.0,1.64,47449.0,441.0,368.0
SBI,10/16/2024,465.0,474.0,465.0,469.0,1.08,120166.0,441.0,368.0
SBI,10/17/2024,473.0,499.0,470.0,481.1,2.58,373974.0,441.0,368.0
SBI,10/20/2024,472.0,488.0,472.0,480.0,-0.23,134098.0,441.0,368.0
SBI,10/21/2024,487.0,488.0,467.0,470.0,-2.08,88740.0,441.0,368.0
SBI,10/22/2024,477.9,515.0,468.4,488.9,4.02,185489.0,441.0,368.0
SBI,10/23/2024,498.6,517.0,479.0,482.9,-1.23,394668.0,441.0,368.0
SBI,10/24/2024,473.3,530.0,473.3,530.0,9.75,215499.0,441.0,368.0
SBI,10/27/2024,519.4,549.0,481.0,494.0,-6.79,434249.0,441.0,368.0
SBI,10/28/2024,484.2,496.1,481.0,481.0,-2.63,142949.0,441.0,368.0
SBI,10/29/2024,490.6,490.6,477.0,482.0,0.21,81783.0,441.0,368.0
SBI,10/30/2024,491.0,491.0,480.1,483.0,0.21,127237.0,441.0,368.0
SBI,11/5/2024,492.6,492.6,474.5,479.0,-0.83,88509.0,441.0,368.0
SBI,11/6/2024,470.0,508.0,470.0,477.0,-0.42,105028.0,441.0,368.0
SBI,11/10/2024,482.9,486.0,480.0,485.0,1.68,124978.0,441.0,368.0
SBI,11/11/2024,494.7,502.0,481.0,481.0,-0.82,143674.0,441.0,368.0
SBI,11/12/2024,490.6,491.9,480.0,482.7,0.35,83660.0,441.0,368.0
SBI,11/13/2024,492.3,492.3,474.9,476.9,-1.2,47384.0,441.0,368.0
SBI,11/14/2024,478.5,481.0,469.5,470.0,-1.45,107431.0,441.0,368.0
SBI,11/17/2024,474.9,479.0,467.3,468.0,-0.43,63416.0,441.0,368.0
SBI,11/19/2024,466.0,475.0,465.0,465.3,-0.58,60868.0,441.0,368.0
SBI,11/20/2024,474.6,474.6,463.2,467.0,0.37,28069.0,441.0,368.0
SBI,11/21/2024,476.0,476.0,459.7,459.7,-1.56,40523.0,441.0,368.0
SBI,11/24/2024,468.8,468.8,455.1,459.0,-0.15,162397.0,441.0,368.0
SBI,11/25/2024,468.1,468.1,459.1,461.0,0.44,25670.0,441.0,368.0
SBI,11/26/2024,470.2,470.2,462.2,468.9,1.71,28878.0,441.0,368.0
SBI,11/27/2024,478.2,481.3,469.0,478.5,2.05,110367.0,441.0,368.0
SBI,11/28/2024,488.0,488.0,470.1,471.0,-1.57,62219.0,441.0,368.0
SBI,12/1/2024,480.4,480.4,460.0,462.0,-1.91,48979.0,441.0,368.0
SBI,12/2/2024,465.0,471.0,462.1,462.5,0.11,31158.0,441.0,368.0
SBI,12/3/2024,469.0,470.0,460.0,463.0,0.11,33049.0,441.0,368.0
SBI,12/4/2024,463.0,470.0,455.2,463.0,0.0,65757.0,441.0,368.0
SBI,12/5/2024,470.9,470.9,458.7,460.5,-0.54,42783.0,441.0,368.0
SBI,12/8/2024,455.1,462.1,452.0,454.0,-1.41,41786.0,441.0,368.0
SBI,12/9/2024,453.0,454.9,448.0,454.9,0.2,46103.0,441.0,368.0
SBI,12/10/2024,463.9,463.9,446.6,454.0,-0.2,238798.0,441.0,368.0
SBI,12/11/2024,461.5,461.5,450.0,460.0,1.32,27672.0,441.0,368.0
SBI,12/12/2024,469.2,469.2,455.4,458.0,-0.43,53037.0,441.0,368.0
SBI,12/16/2024,452.0,455.0,446.0,447.0,-2.4,24824.0,441.0,368.0
SBI,12/17/2024,444.2,453.0,444.0,453.0,1.34,39647.0,441.0,368.0
SBI,12/18/2024,450.1,455.0,448.6,450.7,-0.51,33545.0,441.0,368.0
SBI,12/19/2024,450.7,452.0,442.0,442.0,-1.93,47695.0,441.0,368.0
SBI,12/22/2024,430.0,430.0,422.1,426.0,-3.62,44183.0,441.0,368.0
SBI,12/23/2024,430.0,430.0,422.0,427.8,0.42,51356.0,441.0,368.0
SBI,12/24/2024,422.1,453.0,422.1,425.0,-0.65,19353.0,441.0,368.0
SBI,12/26/2024,421.0,439.6,421.0,435.0,2.35,47253.0,441.0,368.0
SBI,12/29/2024,442.0,442.0,428.0,430.0,-1.15,40950.0,441.0,368.0
SBI,12/31/2024,426.0,428.0,421.1,428.0,-0.47,29909.0,441.0,368.0
SBI,1/1/2025,425.0,435.0,419.6,420.1,-1.85,102446.0,441.0,368.0
SBI,1/2/2025,427.0,428.0,421.0,421.0,0.21,22032.0,441.0,368.0
SBI,1/5/2025,422.0,427.0,420.0,420.3,-0.17,118933.0,441.0,368.0
SBI,1/6/2025,428.7,428.7,420.5,426.0,1.36,113733.0,441.0,368.0
SBI,1/7/2025,434.5,443.0,422.1,429.0,0.7,89244.0,441.0,368.0
SBI,1/8/2025,432.0,434.6,423.0,426.0,-0.7,43635.0,441.0,368.0
SBI,1/9/2025,422.0,430.0,422.0,429.5,0.82,39047.0,441.0,368.0
SBI,1/12/2025,424.0,433.0,422.0,428.7,-0.19,8858.0,441.0,368.0
SBI,1/13/2025,430.0,460.0,422.0,460.0,7.3,37663.0,441.0,368.0
SBI,1/15/2025,450.8,450.8,430.0,434.0,-5.65,71405.0,441.0,368.0
SBI,1/16/2025,434.0,440.0,430.1,440.0,1.38,32984.0,441.0,368.0
SBI,1/19/2025,432.0,444.0,432.0,442.0,0.45,28878.0,441.0,368.0
SBI,1/20/2025,450.8,450.8,419.0,424.9,-3.87,270114.0,441.0,368.0
SBI,1/21/2025,418.2,428.0,418.0,425.0,0.02,153589.0,441.0,368.0
SBI,1/22/2025,418.1,432.0,418.1,422.0,-0.71,33163.0,441.0,368.0
SBI,1/23/2025,429.9,429.9,418.0,422.7,0.17,34145.0,441.0,368.0
SBI,1/26/2025,414.3,424.0,414.3,418.9,-0.9,28459.0,441.0,368.0
SBI,1/27/2025,415.7,418.0,413.2,418.0,-0.21,112710.0,441.0,368.0
SBI,1/28/2025,417.9,420.0,413.1,416.0,-0.48,87772.0,441.0,368.0
SBI,2/2/2025,420.0,432.0,416.1,423.0,1.68,46025.0,441.0,368.0
SBI,2/3/2025,421.3,428.0,421.0,424.0,0.24,55580.0,441.0,368.0
SBI,2/4/2025,430.0,430.0,419.0,419.0,-1.18,20318.0,441.0,368.0
SBI,2/5/2025,425.9,425.9,417.1,420.0,0.24,18319.0,441.0,368.0
SBI,2/6/2025,424.9,424.9,413.7,417.2,-0.67,41645.0,441.0,368.0
SBI,2/9/2025,413.3,420.0,413.3,414.0,-0.77,29041.0,441.0,368.0
SBI,2/10/2025,415.0,420.0,413.0,415.0,0.24,28709.0,441.0,368.0
SBI,2/11/2025,415.0,416.5,411.1,414.0,-0.24,30521.0,441.0,368.0
SBI,2/12/2025,414.0,414.0,409.0,411.0,-0.72,67820.0,441.0,368.0
SBI,2/13/2025,410.0,414.0,405.1,409.0,-0.49,20928.0,441.0,368.0
SBI,2/16/2025,407.0,415.0,407.0,415.0,1.47,49298.0,441.0,368.0
SBI,2/17/2025,412.0,425.5,412.0,424.8,2.36,45270.0,441.0,368.0
SBI,2/18/2025,433.2,433.2,419.0,422.9,-0.45,50434.0,441.0,368.0
SBI,2/20/2025,417.1,422.0,415.0,420.0,-0.69,30694.0,441.0,368.0
SBI,2/23/2025,415.0,422.0,408.0,422.0,0.48,94959.0,441.0,368.0
SBI,2/24/2025,423.0,424.0,417.1,421.0,-0.24,70819.0,441.0,368.0
SBI,2/25/2025,425.0,427.0,418.1,420.0,-0.24,27700.0,441.0,368.0
SBI,2/27/2025,428.1,436.0,423.2,430.0,2.38,124481.0,441.0,368.0
SBI,3/2/2025,431.1,437.7,429.0,437.0,1.63,117170.0,441.0,368.0
SBI,3/3/2025,444.0,445.0,430.0,430.0,-1.6,62037.0,441.0,368.0
SBI,3/4/2025,432.0,433.0,425.1,429.0,-0.23,45037.0,441.0,368.0
SBI,3/5/2025,429.0,429.0,421.1,421.2,-1.82,48935.0,441.0,368.0
SBI,3/6/2025,421.0,434.0,421.0,423.5,0.55,11507.0,441.0,368.0
SBI,3/9/2025,431.0,431.0,414.0,423.3,-0.05,44949.0,441.0,368.0
SBI,3/10/2025,423.0,429.0,414.9,417.0,-1.49,34422.0,441.0,368.0
SBI,3/11/2025,425.0,425.0,411.0,414.0,-0.72,26592.0,441.0,368.0
SBI,3/12/2025,415.6,417.0,411.3,417.0,0.72,19717.0,441.0,368.0
SBI,3/16/2025,414.1,418.9,410.0,417.0,0.0,19880.0,441.0,368.0
SBI,3/17/2025,412.1,417.0,412.0,417.0,0.0,19215.0,441.0,368.0
SBI,3/18/2025,415.0,418.9,413.2,415.9,-0.26,12635.0,441.0,368.0
SBI,3/19/2025,411.1,420.0,411.1,416.9,0.24,26107.0,441.0,368.0
SBI,3/20/2025,415.0,417.0,412.0,414.0,-0.7,12798.0,441.0,368.0
SBI,3/23/2025,412.0,413.0,406.7,407.8,-1.5,24099.0,441.0,368.0
SBI,3/24/2025,403.0,411.0,403.0,408.0,0.05,17658.0,441.0,368.0
SBI,3/25/2025,400.1,405.0,399.9,402.08,-1.45,128753.0,441.0,368.0
SBI,3/26/2025,402.0,415.0,401.8,412.33,2.55,37901.0,441.0,368.0
SBI,3/27/2025,420.5,420.5,407.0,412.43,0.02,14449.0,441.0,368.0
SBI,3/30/2025,412.0,420.0,412.0,416.89,1.08,28874.0,441.0,368.0
SBI,4/1/2025,413.0,418.5,410.2,416.35,-0.13,18902.0,441.0,368.0
SBI,4/2/2025,424.6,424.6,409.1,414.44,-0.46,29094.0,441.0,368.0
SBI,4/3/2025,410.0,443.0,410.0,417.54,0.75,32946.0,441.0,368.0
SBI,4/7/2025,410.0,423.0,408.5,414.33,-0.77,17594.0,441.0,368.0
SBI,4/8/2025,412.0,423.3,407.5,416.81,0.6,20645.0,441.0,368.0
SBI,4/9/2025,425.1,425.1,414.0,414.95,-0.45,18953.0,441.0,368.0
SBI,4/10/2025,421.9,421.9,414.0,416.77,0.44,194183.0,441.0,368.0
SBI,4/13/2025,420.0,422.0,416.8,420.87,0.98,23118.0,441.0,368.0
SBI,4/15/2025,429.0,429.0,418.0,420.25,-0.15,120494.0,441.0,368.0
SBI,4/16/2025,428.6,430.0,418.0,428.86,2.05,39718.0,441.0,368.0
SBI,4/17/2025,430.0,433.0,420.0,426.06,-0.65,37407.0,441.0,368.0
SBI,4/20/2025,425.0,451.0,418.0,442.68,3.9,123884.0,441.0,368.0
SBI,4/21/2025,440.1,440.1,422.0,424.22,-4.17,63979.0,441.0,368.0
SBI,4/22/2025,418.2,426.0,412.0,416.03,-1.93,39642.0,441.0,368.0
SBI,4/23/2025,410.0,417.8,408.0,409.59,-1.55,31320.0,441.0,368.0
SBI,4/24/2025,416.0,416.0,407.0,409.58,-0.0,15376.0,441.0,368.0
SBI,4/27/2025,404.0,413.9,403.0,403.82,-1.41,85712.0,441.0,368.0
SBI,4/28/2025,411.8,411.8,403.0,404.48,0.16,43988.0,441.0,368.0
SBI,4/29/2025,411.0,411.0,395.0,395.58,-2.2,77059.0,441.0,368.0
SBI,4/30/2025,393.0,398.0,388.0,389.41,-1.56,42088.0,441.0,368.0
SBI,5/4/2025,397.0,397.0,385.5,386.41,-0.77,96577.0,441.0,368.0
SBI,5/5/2025,386.5,391.9,378.0,379.2,-1.87,50210.0,441.0,368.0
SBI,5/6/2025,373.0,409.0,372.2,377.16,-0.54,41068.0,441.0,368.0
SBI,5/7/2025,384.0,394.0,376.0,390.44,3.52,49639.0,441.0,368.0
SBI,5/8/2025,383.6,394.9,383.2,387.72,-0.7,14706.0,441.0,368.0
SBI,5/11/2025,393.0,393.0,380.6,384.36,-0.87,19391.0,441.0,368.0
SBI,5/13/2025,392.0,392.0,379.0,381.67,-0.7,25917.0,441.0,368.0
SBI,5/14/2025,382.0,382.0,375.0,375.49,-1.62,22408.0,441.0,368.0
SBI,5/15/2025,380.0,382.0,374.4,375.83,0.09,19394.0,441.0,368.0
SBI,5/18/2025,382.0,382.0,374.2,377.64,0.48,10731.0,441.0,368.0
SBI,5/19/2025,381.7,381.7,374.4,378.67,0.27,23962.0,441.0,368.0
SBI,5/20/2025,375.0,392.0,373.0,387.52,2.34,23367.0,441.0,368.0
SBI,5/21/2025,395.2,409.0,388.0,390.42,0.75,43735.0,441.0,368.0
SBI,5/22/2025,391.0,417.0,388.2,409.45,4.87,142310.0,441.0,368.0
SBI,5/25/2025,410.0,416.0,398.0,401.05,-2.05,28748.0,441.0,368.0
SBI,5/26/2025,409.0,417.0,402.0,403.77,0.68,41572.0,441.0,368.0
SBI,5/27/2025,400.0,405.9,399.1,403.23,-0.13,19040.0,441.0,368.0
SBI,5/28/2025,403.0,410.0,398.0,409.49,1.55,31797.0,441.0,368.0
SBI,6/2/2025,412.0,417.6,410.0,414.19,1.15,167278.0,441.0,368.0
SBI,6/3/2025,410.0,418.0,403.2,407.98,-1.5,100089.0,441.0,368.0
SBI,6/4/2025,408.0,415.0,400.0,414.43,1.58,29558.0,441.0,368.0
SBI,6/5/2025,406.2,430.0,406.2,409.21,-1.26,52784.0,441.0,368.0
SBI,6/8/2025,409.21,412.0,398.0,399.64,-2.34,24041.0,441.0,368.0
SBI,6/9/2025,406.0,406.0,398.0,402.09,0.61,9247.0,441.0,368.0
SBI,6/10/2025,410.0,410.0,400.5,402.99,0.22,10040.0,441.0,368.0
SBI,6/11/2025,402.1,410.0,397.1,397.86,-1.27,22816.0,441.0,368.0
SBI,6/12/2025,395.0,401.0,392.0,394.62,-0.81,15885.0,441.0,368.0
SBI,6/15/2025,395.0,397.0,390.0,390.35,-1.08,21986.0,441.0,368.0
SBI,6/16/2025,389.0,395.0,387.9,391.76,0.36,28643.0,441.0,368.0
SBI,6/17/2025,398.0,398.0,385.0,386.82,-1.26,27143.0,441.0,368.0
SBI,6/18/2025,393.1,400.5,386.2,387.96,0.29,16189.0,441.0,368.0
SBI,6/19/2025,394.9,394.9,380.5,385.56,-0.62,30944.0,441.0,368.0
SBI,6/22/2025,380.1,387.0,377.2,378.44,-1.85,46558.0,441.0,368.0
SBI,6/23/2025,377.1,396.0,377.1,387.31,2.34,10486.0,441.0,368.0
SBI,6/24/2025,395.0,395.0,385.0,388.48,0.3,24838.0,441.0,368.0
SBI,6/25/2025,389.0,389.5,385.0,385.72,-0.71,6193.0,441.0,368.0
SBI,6/26/2025,384.0,391.6,383.0,386.57,0.22,21912.0,441.0,368.0
SBI,6/29/2025,383.5,394.0,383.5,392.47,1.53,16253.0,441.0,368.0
SBI,6/30/2025,395.0,398.6,393.0,396.42,1.01,16541.0,441.0,368.0
SBI,7/1/2025,393.0,404.0,393.0,402.83,1.62,26693.0,441.0,368.0
SBI,7/2/2025,410.8,411.0,400.0,409.36,1.62,60037.0,441.0,368.0
SBI,7/3/2025,403.4,415.5,403.4,410.28,0.22,55181.0,441.0,368.0
SBI,7/6/2025,410.0,418.0,405.2,413.05,0.68,52980.0,441.0,368.0
SBI,7/7/2025,408.6,412.8,405.0,409.05,-0.97,105350.0,441.0,368.0
SBI,7/8/2025,410.0,410.0,404.0,407.66,-0.34,35451.0,441.0,368.0
SBI,7/9/2025,405.1,412.9,405.1,411.54,0.95,38878.0,441.0,368.0
SBI,7/10/2025,411.0,433.0,411.0,431.24,4.79,230984.0,441.0,368.0
SBI,7/13/2025,439.8,447.0,431.2,438.53,1.69,231954.0,441.0,368.0
SBI,7/14/2025,435.0,439.0,428.3,430.04,-1.94,156334.0,441.0,368.0
SBI,7/15/2025,430.0,440.5,425.1,438.12,1.88,205262.0,441.0,368.0
SBI,7/16/2025,444.0,448.1,438.1,439.98,0.42,342412.0,441.0,368.0
SBI,7/17/2025,446.0,452.0,440.0,441.81,0.42,234926.0,441.0,368.0
SBI,7/20/2025,440.1,446.0,434.0,435.58,-1.41,77492.0,441.0,368.0
SBI,7/21/2025,430.3,443.4,430.3,437.9,0.53,60040.0,441.0,368.0
SBI,7/22/2025,445.9,447.0,436.0,442.95,1.15,157090.0,441.0,368.0
SBI,7/23/2025,448.0,451.0,438.0,442.36,-0.13,69273.0,441.0,368.0
SBI,7/24/2025,442.0,445.0,437.2,439.05,-0.75,49660.0,441.0,368.0
SBI,7/27/2025,445.0,445.0,431.0,431.36,-1.75,139379.0,441.0,368.0
SBI,7/28/2025,432.1,435.0,424.0,433.28,0.45,131139.0,441.0,368.0
SBI,7/29/2025,441.9,444.9,435.0,442.63,2.16,105474.0,441.0,368.0
SBI,7/30/2025,451.4,451.4,432.0,432.85,-2.21,62428.0,441.0,368.0
SBI,7/31/2025,436.8,436.8,422.9,425.62,-1.67,71257.0,441.0,368.0
SBI,8/3/2025,422.1,427.0,412.0,415.64,-2.34,37697.0,441.0,368.0
SBI,8/4/2025,407.4,426.0,407.4,423.67,1.93,23648.0,441.0,368.0
SBI,8/5/2025,432.0,440.7,418.0,418.51,-1.22,40757.0,441.0,368.0
SBI,8/6/2025,426.8,426.8,414.1,414.83,-0.88,18502.0,441.0,368.0
SBI,8/7/2025,406.6,423.0,406.6,417.07,0.54,16998.0,441.0,368.0
SBI,8/11/2025,423.0,424.0,415.0,415.79,-0.31,40729.0,441.0,368.0
SBI,8/12/2025,413.0,418.0,409.5,410.01,-1.39,14584.0,441.0,368.0
SBI,8/13/2025,410.01,412.0,406.0,406.22,-0.92,19043.0,441.0,368.0
SBI,8/14/2025,405.1,407.0,390.3,394.34,-2.92,75653.0,441.0,368.0
SBI,8/17/2025,395.0,399.0,390.0,390.67,-0.93,16089.0,441.0,368.0
SBI,8/18/2025,382.9,401.5,382.9,389.14,-0.39,14811.0,441.0,368.0
SBI,8/19/2025,395.0,395.0,385.0,390.71,0.4,16999.0,441.0,368.0
SBI,8/20/2025,391.0,397.0,386.7,387.89,-0.72,29015.0,441.0,368.0
SBI,8/21/2025,380.2,390.0,380.2,385.29,-0.67,43357.0,441.0,368.0
SBI,8/24/2025,385.0,390.0,382.0,382.98,-0.6,19702.0,441.0,368.0
SBI,8/25/2025,389.0,389.0,382.7,385.37,0.62,11509.0,441.0,368.0
SBI,8/26/2025,386.0,393.7,385.0,386.84,0.38,11197.0,441.0,368.0
SBI,8/27/2025,386.0,394.7,386.0,394.1,1.88,18563.0,441.0,368.0
SBI,8/28/2025,387.5,395.0,387.5,390.82,-0.83,22671.0,441.0,368.0
SBI,8/31/2025,385.0,394.5,384.6,391.09,0.07,14170.0,441.0,368.0
SBI,9/1/2025,398.9,398.9,387.1,394.26,0.81,39707.0,441.0,368.0
SBI,9/2/2025,402.1,402.1,395.6,396.48,0.56,32178.0,441.0,368.0
SBI,9/3/2025,391.0,397.8,389.0,390.92,-1.4,12725.0,441.0,368.0
SBI,9/4/2025,398.7,398.7,384.0,386.05,-1.25,18097.0,441.0,368.0
SBI,9/7/2025,385.0,396.0,385.0,392.44,1.66,50149.0,441.0,368.0
SBI,9/8/2025,386.0,395.0,384.1,384.49,-2.03,35408.0,441.0,368.0
SBI,9/18/2025,376.9,376.9,376.9,376.9,-1.97,50.0,441.0,368.0
SBI,9/21/2025,370.0,389.0,363.0,384.03,1.89,25820.0,441.0,368.0
SBI,9/23/2025,391.5,394.0,387.0,392.7,2.26,20379.0,441.0,368.0
SBI,9/24/2025,391.0,400.0,389.0,395.0,0.59,20603.0,441.0,368.0
SBI,9/25/2025,395.0,396.0,388.0,395.9,0.23,8475.0,441.0,368.0
SBI,9/28/2025,396.0,398.0,391.0,393.0,-0.73,3248.0,441.0,368.0
SBI,10/7/2025,396.0,396.0,383.1,384.0,-2.29,13295.0,441.0,368.0
SBI,10/8/2025,384.0,384.0,372.0,379.5,-1.17,17904.0,441.0,368.0
SBI,10/9/2025,386.9,410.0,381.1,383.7,1.11,35439.0,441.0,368.0
SBI,10/12/2025,378.0,380.0,368.0,374.9,-2.29,57477.0,441.0,368.0
SBI,10/13/2025,382.0,385.0,374.0,385.0,2.69,27498.0,441.0,368.0
SBI,10/14/2025,384.0,385.0,377.7,383.4,-0.42,19256.0,441.0,368.0
SBI,10/15/2025,379.0,381.9,376.0,378.0,-1.41,15360.0,441.0,368.0
SBI,10/16/2025,384.8,385.5,376.0,376.1,-0.5,13570.0,441.0,368.0
SBI,10/19/2025,375.0,391.1,375.0,389.9,3.67,31829.0,441.0,368.0
SBI,10/26/2025,383.0,389.8,375.4,387.9,-0.51,12365.0,441.0,368.0
SBI,10/28/2025,390.1,412.9,389.0,411.0,5.96,122589.0,441.0,368.0
SBI,10/29/2025,415.0,435.0,395.7,399.0,-2.92,57003.0,441.0,368.0
SBI,10/30/2025,393.1,404.0,393.1,400.0,0.25,73722.0,441.0,368.0
SBI,11/2/2025,403.8,404.9,397.1,401.0,0.25,21767.0,441.0,368.0
SBI,11/3/2025,397.0,404.8,397.0,402.0,0.25,15862.0,441.0,368.0
SBI,11/4/2025,409.0,426.0,397.7,400.0,-0.5,25835.0,441.0,368.0
SBI,11/5/2025,393.1,400.0,393.1,400.0,0.0,22079.0,441.0,368.0
SBI,11/6/2025,399.1,402.9,397.0,400.0,0.0,13849.0,441.0,368.0
SBI,11/9/2025,403.0,403.0,392.0,399.0,-0.25,32720.0,441.0,368.0
SBI,11/10/2025,400.0,400.0,389.0,390.0,-2.26,27702.0,441.0,368.0
SBI,11/11/2025,389.3,395.0,389.2,395.0,1.28,16323.0,441.0,368.0
SBI,11/12/2025,395.0,395.0,388.0,391.0,-1.01,11197.0,441.0,368.0
SBI,11/13/2025,390.0,391.5,383.5,391.5,0.13,8981.0,441.0,368.0
SBI,11/16/2025,398.9,398.9,378.0,386.8,-1.2,19565.0,441.0,368.0
SBI,11/17/2025,380.1,392.7,379.1,392.7,1.53,32180.0,441.0,368.0
SBI,11/18/2025,385.1,395.0,385.1,394.5,0.46,25420.0,441.0,368.0
SBI,11/19/2025,394.0,396.0,386.7,394.7,0.05,9727.0,441.0,368.0
SBI,11/20/2025,388.0,393.0,387.1,391.0,-0.94,10357.0,441.0,368.0
SBI,11/23/2025,394.0,394.0,386.3,392.0,0.26,18073.0,441.0,368.0
SBI,11/24/2025,399.8,415.8,385.0,395.9,0.99,21841.0,441.0,368.0
SBI,11/25/2025,399.8,401.5,392.0,398.9,0.76,27999.0,441.0,368.0
SBI,11/26/2025,400.0,404.0,395.0,400.2,0.33,31253.0,441.0,368.0
SBI,11/27/2025,404.0,420.2,396.0,406.8,1.65,34531.0,441.0,368.0
SBI,11/30/2025,413.9,413.9,397.5,405.0,-0.44,25352.0,441.0,368.0
SBI,12/1/2025,396.9,404.8,390.0,401.0,-0.99,15803.0,441.0,368.0
SBI,12/2/2025,401.0,401.0,397.0,397.3,-0.92,14130.0,441.0,368.0
SBI,12/3/2025,395.0,402.5,395.0,399.9,0.65,54859.0,441.0,368.0
SBI,12/7/2025,395.5,398.9,393.3,398.9,-0.25,7234.0,441.0,368.0
SBI,12/8/2025,399.5,399.5,389.3,394.8,-1.03,14933.0,441.0,368.0
SBI,12/9/2025,388.0,398.0,388.0,394.0,-0.2,17190.0,441.0,368.0
SBI,12/10/2025,397.0,397.0,388.0,390.9,-0.79,37223.0,441.0,368.0
SBI,12/11/2025,390.0,397.8,387.5,397.7,1.74,41568.0,441.0,368.0
SBI,12/14/2025,397.0,401.0,393.1,401.0,0.83,37959.0,441.0,368.0
SBI,12/15/2025,394.2,409.0,394.2,406.0,1.25,337101.0,441.0,368.0
SBI,12/16/2025,407.0,410.0,403.2,410.0,0.99,51238.0,441.0,368.0
SBI,12/17/2025,411.0,415.0,407.0,408.9,-0.27,23921.0,441.0,368.0
SBI,12/18/2025,409.0,412.0,406.0,411.9,0.73,112425.0,441.0,368.0
SBI,12/21/2025,388.5,392.0,382.0,389.0,-5.56,34598.0,441.0,368.0
SBI,12/22/2025,388.0,388.0,380.0,387.0,-0.51,25099.0,441.0,368.0
SBI,12/23/2025,381.2,385.4,381.0,385.4,-0.41,6314.0,441.0,368.0
SBI,12/24/2025,383.0,390.0,382.1,390.0,1.19,9533.0,441.0,368.0
SBI,12/28/2025,390.0,394.0,385.1,389.5,-0.13,25009.0,441.0,368.0
SBI,12/29/2025,397.0,412.0,389.5,395.0,1.41,35449.0,441.0,368.0
SBI,12/31/2025,395.0,427.0,391.2,407.9,3.27,170585.0,441.0,368.0
SBI,1/1/2026,399.8,407.5,399.5,405.0,-0.71,36796.0,441.0,368.0
SBI,1/4/2026,405.0,405.0,395.0,399.0,-1.48,22284.0,441.0,368.0
SBI,1/5/2026,404.0,404.0,396.0,399.0,0.0,46176.0,441.0,368.0
SBI,1/6/2026,396.2,404.0,395.0,399.0,0.0,19467.0,441.0,368.0
SBI,1/7/2026,394.0,407.9,394.0,399.0,0.0,63389.0,441.0,368.0
SBI,1/8/2026,398.0,405.0,397.1,398.0,-0.25,36828.0,441.0,368.0
SBI,1/12/2026,400.0,410.0,400.0,403.7,1.43,146728.0,441.0,368.0
SBI,1/13/2026,407.0,407.0,399.5,404.9,0.3,26219.0,441.0,368.0
SBI,1/14/2026,408.0,412.0,401.2,410.0,1.26,86052.0,441.0,368.0
SBI,1/18/2026,405.0,408.0,402.2,403.3,-1.63,23433.0,441.0,368.0
SBI,1/20/2026,410.0,410.0,405.0,408.0,1.17,131572.0,441.0,368.0
SBI,1/21/2026,414.0,440.0,401.0,415.1,1.74,86404.0,441.0,368.0
SBI,1/22/2026,414.0,415.0,407.9,415.0,-0.02,22387.0,441.0,368.0
SBI,1/25/2026,408.1,417.8,408.1,415.0,0.0,40887.0,441.0,368.0
SBI,1/26/2026,415.0,418.0,411.0,417.9,0.7,82589.0,441.0,368.0
SBI,1/27/2026,419.0,422.0,406.1,416.0,-0.45,15993.0,441.0,368.0
SBI,1/28/2026,408.1,422.0,406.6,422.0,1.44,46184.0,441.0,368.0
SBI,1/29/2026,419.9,419.9,408.0,408.0,-3.32,24069.0,441.0,368.0
SBI,2/1/2026,410.0,411.0,405.0,409.9,0.47,46960.0,441.0,368.0
SBI,2/2/2026,408.1,410.0,405.0,407.0,-0.71,16136.0,441.0,368.0
SBI,2/3/2026,410.0,410.0,400.0,400.0,-1.72,50278.0,441.0,368.0
SBI,2/4/2026,392.0,413.5,392.0,400.0,0.0,24335.0,441.0,368.0
SBI,2/5/2026,397.0,407.0,396.2,407.0,1.75,24349.0,441.0,368.0
SBI,2/8/2026,410.0,418.0,398.9,412.0,1.23,41210.0,441.0,368.0
SBI,2/9/2026,405.0,405.4,397.1,404.9,-1.72,50211.0,441.0,368.0
SBI,2/10/2026,397.1,405.0,397.0,400.0,-1.21,20830.0,441.0,368.0
SBI,2/11/2026,405.0,405.0,396.0,396.0,-1.0,19257.0,441.0,368.0
SBI,2/12/2026,398.0,401.5,397.0,401.5,1.39,8730.0,441.0,368.0
SBI,2/16/2026,405.0,405.0,396.1,403.0,0.37,21488.0,441.0,368.0
SBI,2/17/2026,403.0,405.0,398.3,405.0,0.5,88664.0,441.0,368.0
SBI,2/22/2026,400.0,400.0,396.9,400.0,-1.23,11374.0,441.0,368.0
SBI,2/23/2026,400.0,424.0,392.0,424.0,6.0,19017.0,441.0,368.0
SBI,2/24/2026,415.6,415.6,399.3,408.8,-3.58,31822.0,441.0,368.0
SBI,2/25/2026,415.0,415.0,403.0,408.3,-0.12,8461.0,441.0,368.0
SBI,2/26/2026,413.5,413.5,401.5,410.0,0.42,39774.0,441.0,368.0
SBI,2/27/2026,413.5,413.5,401.5,410.0,0.0,39774.0,441.0,368.0
SBI,2/28/2026,413.5,413.5,401.5,410.0,0.0,39774.0,441.0,368.0
SBI,3/2/2026,402.1,408.5,396.0,408.5,-0.37,11118.0,441.0,368.0
SBI,3/3/2026,409.8,409.9,404.0,409.0,0.12,7799.0,441.0,368.0
SBI,3/4/2026,409.8,409.9,404.0,409.0,0.0,7799.0,441.0,368.0
SBI,3/5/2026,409.8,409.9,404.0,409.0,0.0,7799.0,441.0,368.0
SBI,3/6/2026,409.8,409.9,404.0,409.0,0.0,7799.0,441.0,368.0
SBI,3/7/2026,409.8,409.9,404.0,409.0,0.0,7799.0,441.0,368.0
SBI,3/8/2026,409.8,409.9,404.0,409.0,0.0,7799.0,441.0,368.0
SBI,3/9/2026,417.1,441.0,417.1,440.0,7.58,1330.0,441.0,368.0
SBI,3/10/2026,440.0,440.0,412.7,422.0,-4.09,96072.0,441.0,368.0
SBI,3/11/2026,423.0,423.0,412.0,412.0,-2.37,15747.0,441.0,368.0
SBI,3/12/2026,420.2,420.2,410.1,419.0,1.7,62572.0,441.0,368.0
SBI,3/13/2026,420.2,420.2,410.1,419.0,0.0,62572.0,441.0,368.0
SBI,3/14/2026,420.2,420.2,410.1,419.0,0.0,62572.0,441.0,368.0
SBI,3/15/2026,422.0,425.0,412.1,419.0,0.0,170988.0,441.0,368.0
SBI,3/16/2026,424.0,424.0,412.0,413.5,-1.31,37342.0,441.0,368.0
SBI,3/17/2026,410.0,418.0,410.0,413.4,-0.02,6619.0,441.0,368.0
SBI,3/18/2026,410.0,418.0,410.0,413.4,0.0,6619.0,441.0,368.0
SBI,3/19/2026,413.4,437.0,411.1,425.8,3.0,97260.0,441.0,368.0
SBI,3/20/2026,413.4,437.0,411.1,425.8,0.0,97260.0,441.0,368.0
SBI,3/21/2026,413.4,437.0,411.1,425.8,0.0,97260.0,441.0,368.0
SBI,3/22/2026,430.0,434.0,425.0,433.7,1.86,161652.0,441.0,368.0
SBI,3/23/2026,425.1,433.6,422.1,428.9,-1.11,57198.0,441.0,368.0
SBI,3/24/2026,424.9,432.0,421.1,428.1,-0.19,57929.0,441.0,368.0
SBI,3/25/2026,436.6,436.6,420.0,427.9,-0.05,131450.0,441.0,368.0
SBI,3/26/2026,419.5,430.0,419.5,429.9,2.48,29833.0,441.0,368.0
SBI,3/29/2026,428.0,428.0,417.0,420.9,-1.66,92759.0,441.0,368.0
SBI,3/30/2026,415.0,421.9,408.0,411.4,-0.87,38869.0,441.0,368.0
SBI,3/31/2026,410.0,418.0,404.0,418.0,1.95,40817.0,441.0,368.0
SBI,4/1/2026,415.0,415.0,405.5,406.0,-2.17,33484.0,441.0,368.0
SBI,4/2/2026,398.0,408.0,398.0,408.0,2.51,42269.0,441.0,368.0
SBI,4/5/2026,402.0,406.0,390.1,393.5,-2.11,56500.0,441.0,368.0
SBI,4/6/2026,386.2,402.9,386.2,400.0,3.57,51193.0,441.0,368.0
SBI,4/7/2026,405.9,405.9,398.0,405.6,-0.07,89132.0,441.0,368.0
SBI,4/8/2026,413.7,413.7,402.1,408.0,-1.38,17126.0,441.0,368.0
SBI,4/9/2026,412.0,412.0,405.0,408.8,-0.78,25909.0,441.0,368.0
SBI,4/10/2026,415.0,415.0,400.0,407.0,-1.93,32030.0,441.0,368.0
SBI,4/13/2026,403.0,410.5,403.0,405.0,0.5,13821.0,441.0,368.0
SBI,4/15/2026,409.0,410.0,401.0,409.0,0.0,16890.0,441.0,368.0
SBI,4/16/2026,411.0,411.0,402.1,407.4,-0.88,28530.0,441.0,368.0
SBI,4/17/2026,410.0,410.0,402.2,407.6,-0.59,18404.0,441.0,368.0
SBI,4/20/2026,405.0,406.0,403.2,405.8,0.2,13177.0,441.0,368.0
SBI,4/21/2026,408.9,408.9,402.2,406.0,-0.71,14464.0,441.0,368.0
SBI,4/22/2026,403.1,408.0,400.0,407.8,1.17,37842.0,441.0,368.0
SBI,4/23/2026,420.0,420.0,401.5,408.7,-2.69,22677.0,441.0,368.0
SBI,4/24/2026,401.0,410.0,401.0,410.0,2.24,19755.0,441.0,368.0
SBI,4/27/2026,410.0,410.0,405.0,409.0,-0.24,20879.0,441.0,368.0
SBI,4/28/2026,409.0,414.0,402.0,402.0,-1.71,11244.0,441.0,368.0
SBI,4/29/2026,402.0,407.9,396.4,399.6,-0.6,13887.0,441.0,368.0
SBI,4/30/2026,399.0,399.0,395.0,397.9,-0.28,7503.0,441.0,368.0
SBI,5/4/2026,400.0,400.8,391.1,396.0,-1.0,8579.0,441.0,368.0
SBI,5/5/2026,392.2,398.0,391.0,397.2,1.27,5964.0,441.0,368.0
SBI,5/6/2026,398.0,398.0,395.0,395.0,-0.75,5437.0,441.0,368.0
SBI,5/7/2026,397.9,400.0,392.0,397.7,-0.05,17681.0,441.0,368.0
SBI,5/8/2026,404.9,404.9,396.5,399.0,-1.46,8631.0,441.0,368.0
SBI,5/11/2026,399.0,404.9,396.0,402.7,0.93,12646.0,441.0,368.0
SBI,5/12/2026,399.0,404.9,397.3,400.0,0.25,18519.0,441.0,368.0
SBI,5/13/2026,395.1,397.4,387.0,394.9,-0.05,40637.0,441.0,368.0
SBI,5/14/2026,401.0,401.0,389.0,396.0,-1.25,12088.0,441.0,368.0
SBI,5/15/2026,399.9,399.9,390.1,396.0,-0.98,12725.0,441.0,368.0
SBI,5/18/2026,394.0,396.0,393.0,395.8,0.46,3659.0,441.0,368.0
SBI,5/19/2026,395.0,398.8,394.1,397.0,0.51,6018.0,441.0,368.0
SBI,5/20/2026,399.9,400.0,397.1,399.9,0.0,58041.0,441.0,368.0
SBI,5/21/2026,404.0,407.0,389.9,398.5,-1.36,283308.0,441.0,368.0
SBI,5/22/2026,395.0,405.0,393.0,405.0,2.53,47425.0,441.0,368.0
SBI,5/25/2026,396.0,404.0,396.0,400.0,1.01,17582.0,441.0,368.0
SBI,5/26/2026,400.0,403.0,393.0,403.0,0.75,89264.0,441.0,368.0
SBI,5/27/2026,396.5,402.0,396.5,400.0,0.88,64515.0,441.0,368.0
SBI,6/1/2026,401.0,402.0,394.3,396.5,-1.12,22036.0,441.0,368.0
SBI,6/2/2026,396.5,399.9,393.0,398.7,0.55,13006.0,441.0,368.0
SBI,6/3/2026,398.0,400.0,395.0,398.9,0.23,28874.0,441.0,368.0
SBI,6/4/2026,399.4,400.0,394.1,398.9,-0.13,26896.0,441.0,368.0
SBI,6/5/2026,396.5,399.9,394.0,399.0,0.63,45011.0,441.0,368.0
SBI,6/8/2026,399.9,399.9,394.1,396.9,-0.75,13931.0,441.0,368.0
SBI,6/9/2026,398.0,398.0,392.2,397.0,-0.25,11800.0,441.0,368.0
SBI,6/10/2026,395.0,398.8,391.2,396.0,0.25,21810.0,441.0,368.0
SBI,6/11/2026,393.0,395.0,392.0,393.9,0.23,23338.0,441.0,368.0
SBI,6/12/2026,390.2,401.0,390.2,395.5,1.36,21974.0,441.0,368.0
SBI,6/15/2026,397.0,397.0,390.0,396.9,-0.03,41601.0,441.0,368.0
SBI,6/16/2026,396.9,396.9,390.3,395.0,-0.48,19466.0,441.0,368.0
SBI,6/17/2026,399.8,399.8,388.0,392.0,-1.95,42784.0,441.0,368.0
SBI,6/18/2026,373.0,399.0,373.0,393.4,5.47,88211.0,441.0,368.0
SBI,6/19/2026,387.1,394.8,387.0,394.0,1.78,12502.0,441.0,368.0
SBI,6/22/2026,400.0,400.0,391.5,393.0,-1.75,12975.0,441.0,368.0
SBI,6/23/2026,388.0,395.0,387.3,393.9,1.52,20669.0,441.0,368.0
SBI,6/24/2026,405.0,405.0,387.1,391.7,-3.28,26633.0,441.0,368.0
SBI,6/26/2026,390.8,394.4,387.0,393.9,0.79,61114.0,441.0,368.0
SBI,6/29/2026,388.0,393.0,387.6,390.0,0.52,5742.0,441.0,368.0
SBI,6/30/2026,390.1,391.5,385.1,385.1,-1.28,22923.0,441.0,368.0
SBI,7/1/2026,387.0,390.0,386.0,387.0,0.0,18166.0,441.0,368.0
SBI,7/2/2026,386.0,393.9,384.1,392.2,1.61,1984.0,441.0,368.0
SBI,7/3/2026,398.9,400.0,385.0,393.9,-1.25,142560.0,441.0,368.0
SBI,7/6/2026,389.0,393.9,387.1,393.9,1.26,16623.0,441.0,368.0
SBI,7/7/2026,393.8,395.0,389.1,392.0,-0.46,27535.0,441.0,368.0
SBI,7/8/2026,387.1,391.0,386.0,388.7,0.41,7856.0,441.0,368.0
SBI,7/9/2026,388.1,389.9,385.5,388.3,0.05,21382.0,441.0,368.0
SBI,7/10/2026,392.0,392.0,386.3,390.9,-0.28,9092.0,441.0,368.0
SBI,7/13/2026,390.0,390.0,383.0,389.8,-0.05,32122.0,441.0,368.0
SBI,7/14/2026,385.0,390.0,382.1,388.9,1.01,14388.0,441.0,368.0
SBI,7/15/2026,390.0,393.0,385.0,387.0,-0.77,20827.0,441.0,368.0
SBI,7/16/2026,385.1,393.0,384.2,392.9,2.03,10894.0,441.0,368.0
SBI,7/17/2026,394.9,399.9,394.0,399.9,1.27,34768.0,441.0,368.0
SBI,7/20/2026,380.0,409.0,380.0,409.0,7.63,40616.0,441.0,368.0
SBI,7/21/2026,407.0,410.0,403.0,410.0,0.74,63183.0,441.0,368.0
SBI,7/22/2026,412.0,412.9,402.0,412.0,0.0,50503.0,441.0,368.0
SBI,7/23/2026,392.0,415.0,392.0,409.0,4.34,7387.0,441.0,368.0
SBI,7/24/2026,409.4,413.5,407.0,413.5,1.0,68167.0,441.0,368.0
SBI,7/27/2026,410.0,417.9,410.0,415.0,1.22,58278.0,441.0,368.0
SBI,7/28/2026,435.0,435.0,408.1,408.1,-6.18,10946.0,441.0,368.0
SBI,7/29/2026,408.1,412.0,402.0,409.9,0.44,14663.0,441.0,368.0
SBI,7/30/2026,389.5,419.9,389.5,406.9,4.47,4129.0,441.0,368.0
SBI,7/31/2026,408.9,409.0,400.0,408.0,-0.22,32635.0,441.0,368.0
SBI,8/3/2026,388.0,415.0,388.0,408.0,5.15,12594.0,441.0,368.0
SBI,8/4/2026,402.0,409.0,401.0,409.0,1.74,11710.0,441.0,368.0
SBI,8/5/2026,403.0,411.8,403.0,408.7,1.41,12697.0,441.0,368.0
SBI,8/6/2026,388.5,415.0,388.5,406.4,4.61,2968.0,441.0,368.0
SBI,8/7/2026,401.0,405.9,400.0,405.9,1.22,10867.0,441.0,368.0
SBI,8/10/2026,407.0,407.0,400.0,401.0,-1.47,6504.0,441.0,368.0
SBI,8/11/2026,401.0,405.0,398.0,405.0,1.0,22384.0,441.0,368.0
SBI,8/12/2026,401.0,404.9,397.0,404.0,0.75,23854.0,441.0,368.0
SBI,8/13/2026,402.0,406.0,398.0,404.0,0.5,86849.0,441.0,368.0
SBI,8/14/2026,398.0,404.9,397.2,404.9,1.73,11184.0,441.0,368.0
SBI,8/17/2026,404.9,404.9,398.0,399.0,-1.46,20000.0,441.0,368.0
SBI,8/18/2026,397.0,407.0,395.0,407.0,2.52,18562.0,441.0,368.0
SBI,8/19/2026,386.7,404.5,386.7,401.0,3.7,12380.0,441.0,368.0
SBI,8/20/2026,393.0,404.9,393.0,404.9,3.03,12579.0,441.0,368.0
SBI,8/21/2026,401.0,404.0,396.4,402.9,0.47,25805.0,441.0,368.0
SBI,8/24/2026,395.1,405.0,392.1,405.0,2.51,11934.0,441.0,368.0
SBI,8/25/2026,404.0,404.0,399.0,404.0,0.0,28731.0,441.0,368.0
SBI,8/26/2026,396.0,404.0,393.6,399.0,0.76,43044.0,441.0,368.0
SBI,8/27/2026,403.0,403.0,393.0,400.0,-0.74,413584.0,441.0,368.0
SBI,8/31/2026,415.0,415.0,391.1,398.7,-3.93,10366.0,441.0,368.0
SBI,9/1/2026,392.1,400.0,390.2,398.9,1.73,10681.0,441.0,368.0
SBI,9/2/2026,390.1,400.0,390.1,400.0,2.54,9535.0,441.0,368.0
SBI,9/3/2026,395.0,400.8,395.0,397.9,0.73,75210.0,441.0,368.0
SBI,9/7/2026,400.0,402.0,392.0,402.0,0.5,27589.0,441.0,368.0
SBI,9/9/2026,395.0,402.0,395.0,402.0,1.77,24215.0,441.0,368.0
SBI,9/10/2026,401.0,404.0,397.4,403.9,0.72,419124.0,441.0,368.0
SBI,9/11/2026,401.0,404.9,397.0,404.3,0.82,66517.0,441.0,368.0
SBI,9/14/2026,404.3,406.5,399.0,404.9,0.15,12898.0,441.0,368.0
SBI,9/15/2026,425.0,425.0,403.1,409.9,-3.55,78404.0,441.0,368.0
SBI,9/16/2026,411.0,411.0,401.1,406.0,-1.22,3336.0,441.0,368.0
SBI,9/17/2026,406.0,410.0,404.0,404.0,-0.49,8245.0,441.0,368.0
SBI,9/18/2026,404.1,408.0,402.0,406.5,0.59,30134.0,441.0,368.0
SBI,9/22/2026,409.0,410.0,407.0,408.8,-0.05,31928.0,441.0,368.0
SBI,9/23/2026,410.0,410.0,402.0,407.0,-0.73,19750.0,441.0,368.0
SBI,9/24/2026,403.0,406.8,402.0,404.2,0.3,4876.0,441.0,368.0
SBI,9/28/2026,407.0,407.0,400.2,404.0,-0.74,12430.0,441.0,368.0
SBI,9/29/2026,404.0,405.0,400.0,0.0,-100.0,8885.0,441.0,368.0
SBI,9/30/2026,400.2,401.0,398.0,400.0,-0.05,11707.0,441.0,368.0
SBI,10/1/2026,402.0,403.0,398.2,403.0,0.25,9820.0,441.0,368.0
SBI,10/2/2026,400.0,405.0,399.0,403.9,0.97,6671.0,441.0,368.0
SBIBD86,12/29/2025,1192.0,1192.0,1192.0,1192.0,,100.0,1222.0,1123.0
SBIBD86,12/31/2025,1210.0,1222.0,1210.0,1215.0,1.93,279.0,1222.0,1123.0
SBIBD86,1/18/2026,1215.0,1215.0,1167.0,1167.0,-3.95,11.0,1222.0,1123.0
SBIBD86,1/20/2026,1144.0,1144.0,1144.0,1144.0,-1.97,106.0,1222.0,1123.0
SBIBD86,2/8/2026,1125.0,1125.0,1125.0,1125.0,-1.66,11.0,1222.0,1123.0
SBIBD86,2/12/2026,1127.0,1127.0,1127.0,1127.0,0.18,50.0,1222.0,1123.0
SBIBD86,3/2/2026,1125.0,1125.0,1125.0,1125.0,-0.18,100.0,1222.0,1123.0
SBIBD86,3/12/2026,1123.0,1123.0,1123.0,1123.0,-0.18,100.0,1222.0,1123.0
SBIBD86,3/13/2026,1123.0,1123.0,1123.0,1123.0,0.0,100.0,1222.0,1123.0
SBIBD86,3/14/2026,1123.0,1123.0,1123.0,1123.0,0.0,100.0,1222.0,1123.0
SBIBD86,3/22/2026,1123.0,1158.0,1123.0,1158.0,3.12,161.0,1222.0,1123.0
SBIBD86,4/2/2026,1170.0,1170.0,1170.0,1170.0,0.0,10.0,1222.0,1123.0
SBIBD86,4/23/2026,1140.0,1140.0,1140.0,1140.0,0.0,15.0,1222.0,1123.0
SBIBD86,5/27/2026,1127.5,1127.5,1127.4,1127.4,-0.01,35.0,1222.0,1123.0
SBIBD86,6/4/2026,1127.4,1208.7,1127.4,1208.7,7.21,128.0,1222.0,1123.0
SBIBD86,7/1/2026,1175.0,1175.0,1175.0,1175.0,0.0,200.0,1222.0,1123.0
SBIBD86,7/2/2026,1139.8,1150.0,1126.0,1150.0,0.89,100.0,1222.0,1123.0
SBIBD86,7/3/2026,1150.0,1150.0,1150.0,1150.0,0.0,20000.0,1222.0,1123.0
SBIBD86,7/6/2026,1184.5,1184.5,1184.5,1184.5,0.0,10.0,1222.0,1123.0
SBIBD86,7/13/2026,1182.0,1182.0,1182.0,1182.0,0.0,30000.0,1222.0,1123.0
SBIBD86,7/16/2026,1175.0,1175.0,1161.0,1161.0,-1.19,500.0,1222.0,1123.0
SBIBD86,7/27/2026,1152.1,1152.1,1152.1,1152.1,0.0,1100.0,1222.0,1123.0
SBIBD86,9/2/2026,1130.0,1130.0,1130.0,1130.0,0.0,25.0,1222.0,1123.0
SBIBD86,9/29/2026,1105.0,1105.0,1105.0,0.0,-100.0,25.0,1222.0,1123.0
SBID2090,12/21/2025,1070.0,1107.0,1070.0,1085.0,,956.0,1184.5,1000.0
SBID2090,12/22/2025,1064.0,1085.0,1064.0,1077.0,-0.74,85.0,1184.5,1000.0
SBID2090,12/23/2025,1077.0,1077.0,1077.0,1077.0,0.0,25.0,1184.5,1000.0
SBID2090,12/31/2025,1080.0,1103.0,1080.0,1103.0,2.41,474.0,1184.5,1000.0
SBID2090,1/1/2026,1085.0,1085.0,1085.0,1085.0,-1.63,100.0,1184.5,1000.0
SBID2090,1/4/2026,1085.0,1085.0,1085.0,1085.0,0.0,25.0,1184.5,1000.0
SBID2090,1/5/2026,1070.0,1070.0,1070.0,1070.0,-1.38,25.0,1184.5,1000.0
SBID2090,1/12/2026,1072.0,1072.0,1060.0,1060.0,-0.93,50.0,1184.5,1000.0
SBID2090,1/13/2026,1060.0,1106.0,1060.0,1102.8,4.04,384.0,1184.5,1000.0
SBID2090,1/18/2026,1080.8,1080.8,1080.8,1080.8,-1.99,10.0,1184.5,1000.0
SBID2090,1/20/2026,1059.2,1059.2,1059.2,1059.2,-2.0,25.0,1184.5,1000.0
SBID2090,1/22/2026,1045.2,1055.1,1045.2,1055.1,-0.39,50.0,1184.5,1000.0
SBID2090,1/25/2026,1050.2,1050.2,1050.2,1050.2,-0.46,25.0,1184.5,1000.0
SBID2090,1/26/2026,1050.0,1050.0,1044.0,1047.0,-0.3,75.0,1184.5,1000.0
SBID2090,1/28/2026,1054.0,1054.0,1054.0,1054.0,0.67,25.0,1184.5,1000.0
SBID2090,2/1/2026,1046.0,1052.0,1045.0,1047.0,-0.66,330.0,1184.5,1000.0
SBID2090,2/4/2026,1047.0,1047.0,1047.0,1067.9,2.0,5.0,1184.5,1000.0
SBID2090,2/5/2026,1050.1,1060.0,1050.1,1060.0,-0.74,225.0,1184.5,1000.0
SBID2090,2/8/2026,1078.0,1079.9,1078.0,1079.9,1.88,200.0,1184.5,1000.0
SBID2090,2/10/2026,1061.0,1061.0,1061.0,1061.0,-1.75,200.0,1184.5,1000.0
SBID2090,2/11/2026,1052.0,1055.5,1052.0,1055.5,-0.52,75.0,1184.5,1000.0
SBID2090,2/17/2026,1076.6,1077.0,1060.1,1060.1,0.44,1127.0,1184.5,1000.0
SBID2090,2/25/2026,1058.4,1070.0,1058.4,1070.0,0.93,800.0,1184.5,1000.0
SBID2090,2/26/2026,1062.0,1062.0,1062.0,1062.0,-0.75,30.0,1184.5,1000.0
SBID2090,2/27/2026,1062.0,1062.0,1062.0,1062.0,0.0,30.0,1184.5,1000.0
SBID2090,2/28/2026,1062.0,1062.0,1062.0,1062.0,0.0,30.0,1184.5,1000.0
SBID2090,3/2/2026,1079.0,1079.0,1079.0,1079.0,1.6,1078.0,1184.5,1000.0
SBID2090,3/10/2026,1059.18,1061.0,1059.18,1061.0,-1.67,252.0,1184.5,1000.0
SBID2090,3/11/2026,1063.0,1063.0,1063.0,1063.0,0.19,50.0,1184.5,1000.0
SBID2090,3/12/2026,1055.1,1055.1,1055.0,1055.0,-0.75,225.0,1184.5,1000.0
SBID2090,3/13/2026,1055.1,1055.1,1055.0,1055.0,0.0,225.0,1184.5,1000.0
SBID2090,3/14/2026,1055.1,1055.1,1055.0,1055.0,0.0,225.0,1184.5,1000.0
SBID2090,3/15/2026,1061.19,1061.19,1060.1,1060.1,0.48,50.0,1184.5,1000.0
SBID2090,3/17/2026,1060.0,1060.0,1060.0,1060.0,-0.01,100.0,1184.5,1000.0
SBID2090,3/18/2026,1060.0,1060.0,1060.0,1060.0,0.0,100.0,1184.5,1000.0
SBID2090,3/19/2026,1055.0,1105.0,1055.0,1105.0,4.25,909.0,1184.5,1000.0
SBID2090,3/20/2026,1055.0,1105.0,1055.0,1105.0,0.0,909.0,1184.5,1000.0
SBID2090,3/21/2026,1055.0,1105.0,1055.0,1105.0,0.0,909.0,1184.5,1000.0
SBID2090,3/22/2026,1082.9,1085.0,1082.9,1085.0,-1.81,557.0,1184.5,1000.0
SBID2090,3/24/2026,1076.0,1090.0,1076.0,1090.0,0.46,325.0,1184.5,1000.0
SBID2090,3/25/2026,1068.2,1068.2,1068.0,1068.0,-2.02,105.0,1184.5,1000.0
SBID2090,3/26/2026,1051.0,1055.0,1051.0,1055.0,0.38,50.0,1184.5,1000.0
SBID2090,3/29/2026,1040.1,1040.1,1040.0,1040.0,-0.01,50.0,1184.5,1000.0
SBID2090,3/30/2026,1050.0,1060.0,1050.0,1060.0,0.95,60.0,1184.5,1000.0
SBID2090,3/31/2026,1050.0,1050.0,1050.0,1050.0,0.0,200.0,1184.5,1000.0
SBID2090,4/6/2026,1038.0,1038.4,1038.0,1038.4,0.04,50.0,1184.5,1000.0
SBID2090,4/7/2026,1040.1,1059.0,1040.1,1059.0,1.82,50.0,1184.5,1000.0
SBID2090,4/13/2026,1060.0,1060.0,1060.0,1060.0,0.0,25.0,1184.5,1000.0
SBID2090,4/16/2026,1050.0,1050.0,1050.0,1050.0,0.0,150.0,1184.5,1000.0
SBID2090,4/17/2026,1057.1,1057.1,1057.1,1057.1,0.0,150.0,1184.5,1000.0
SBID2090,4/22/2026,1060.0,1060.0,1060.0,1060.0,0.0,25.0,1184.5,1000.0
SBID2090,4/23/2026,1050.0,1055.1,1050.0,1055.1,0.49,75.0,1184.5,1000.0
SBID2090,4/24/2026,1046.1,1046.1,1046.1,1046.1,0.0,25.0,1184.5,1000.0
SBID2090,4/28/2026,1046.1,1047.0,1047.0,1075.0,2.76,26.0,1184.5,1000.0
SBID2090,4/29/2026,1075.0,1065.0,1043.4,1065.0,-0.93,200.0,1184.5,1000.0
SBID2090,4/30/2026,1040.6,1042.1,1040.6,1042.1,0.14,50.0,1184.5,1000.0
SBID2090,5/4/2026,1043.1,1043.1,1043.1,1043.1,0.0,25.0,1184.5,1000.0
SBID2090,5/5/2026,1045.5,1060.0,1045.4,1060.0,1.39,180.0,1184.5,1000.0
SBID2090,5/8/2026,1054.0,1054.0,1054.0,1054.0,0.0,100.0,1184.5,1000.0
SBID2090,5/12/2026,1078.4,1085.0,1078.4,1085.0,0.61,1761.0,1184.5,1000.0
SBID2090,5/13/2026,1055.0,1098.0,1055.0,1098.0,4.08,330.0,1184.5,1000.0
SBID2090,5/14/2026,1098.0,1120.0,1098.0,1120.0,2.0,429.0,1184.5,1000.0
SBID2090,5/15/2026,1125.0,1150.0,1125.0,1150.0,2.22,280.0,1184.5,1000.0
SBID2090,5/19/2026,1184.0,1184.5,1184.0,1184.5,0.04,2825.0,1184.5,1000.0
SBID2090,5/20/2026,1149.0,1149.0,1149.0,1149.0,0.0,50.0,1184.5,1000.0
SBID2090,6/2/2026,1150.0,1150.0,1118.0,1118.0,-2.78,125.0,1184.5,1000.0
SBID2090,6/5/2026,1118.0,1118.0,1118.0,1151.5,3.0,2.0,1184.5,1000.0
SBID2090,6/8/2026,1184.0,1184.0,1184.0,1184.0,0.0,171.0,1184.5,1000.0
SBID2090,6/9/2026,1180.0,1180.0,1180.0,1180.0,0.0,50.0,1184.5,1000.0
SBID2090,6/11/2026,1180.0,1180.0,1180.0,1121.0,-5.0,2.0,1184.5,1000.0
SBID2090,6/12/2026,1088.0,1088.0,1056.0,1060.0,-2.57,7020.0,1184.5,1000.0
SBID2090,6/16/2026,1050.0,1070.0,1049.0,1102.1,4.96,16240.0,1184.5,1000.0
SBID2090,6/17/2026,1100.0,1100.0,1100.0,1166.0,6.0,35.0,1184.5,1000.0
SBID2090,6/18/2026,1166.0,1166.0,1166.0,1166.0,0.0,16085.0,1184.5,1000.0
SBID2090,6/23/2026,1132.0,1135.0,1132.0,1135.0,0.27,275.0,1184.5,1000.0
SBID2090,6/30/2026,1101.0,1101.0,1101.0,1068.0,-3.0,4.0,1184.5,1000.0
SBID2090,7/1/2026,1064.0,1100.0,1064.0,1128.7,6.08,13940.0,1184.5,1000.0
SBID2090,7/2/2026,1128.7,1128.7,1128.7,1162.4,2.99,5.0,1184.5,1000.0
SBID2090,7/3/2026,1166.0,1166.0,1166.0,1166.0,0.0,13880.0,1184.5,1000.0
SBID2090,7/6/2026,1166.0,1166.0,1166.0,1166.0,0.0,444.0,1184.5,1000.0
SBID2090,7/14/2026,1131.1,1131.1,1053.1,1084.0,-4.16,345730.0,1184.5,1000.0
SBID2090,7/15/2026,1100.0,1100.0,1100.0,1100.0,0.0,1500.0,1184.5,1000.0
SBID2090,7/16/2026,1100.0,1100.0,1100.0,1100.0,0.0,21633.0,1184.5,1000.0
SBID2090,7/20/2026,1067.0,1067.0,1067.0,1067.0,0.0,25.0,1184.5,1000.0
SBID2090,8/4/2026,1050.0,1050.0,1050.0,1050.0,0.0,25.0,1184.5,1000.0
SBID2090,8/5/2026,1050.0,1050.0,1050.0,1050.0,0.0,25.0,1184.5,1000.0
SBID2090,8/24/2026,1049.0,1050.0,1049.0,1050.0,0.1,475.0,1184.5,1000.0
SBID2090,8/25/2026,1030.0,1055.0,1030.0,1041.0,1.07,80.0,1184.5,1000.0
SBID2090,9/14/2026,1072.2,1072.2,1072.2,1072.2,0.0,50.0,1184.5,1000.0
SBID2090,9/17/2026,1060.0,1060.0,1060.0,1060.0,0.0,350.0,1184.5,1000.0
SBID2090,9/22/2026,1055.0,1055.0,1055.0,1055.0,0.0,350.0,1184.5,1000.0
SBID2090,9/23/2026,1055.0,1055.0,1055.0,1055.0,0.0,300.0,1184.5,1000.0
SBID2090,9/29/2026,1070.0,1090.0,1070.0,0.0,-100.0,710.0,1184.5,1000.0
SBID2090,9/30/2026,1105.0,1125.0,1105.0,1125.0,1.81,375.0,1184.5,1000.0
SBID2090,10/1/2026,1125.0,1125.0,1125.0,1125.0,0.0,50.0,1184.5,1000.0
SBID2090,10/2/2026,1125.0,1125.0,1125.0,1125.0,0.0,500.0,1184.5,1000.0
SBID83,1/26/2026,1062.0,1062.0,1055.0,1060.1,,825.0,1226.0,1027.0
SBID83,1/27/2026,1061.0,1075.0,1061.0,1075.0,1.41,525.0,1226.0,1027.0
SBID83,1/28/2026,1075.0,1075.0,1075.0,1075.0,0.0,300.0,1226.0,1027.0
SBID83,2/1/2026,1065.0,1065.0,1065.0,1065.0,-0.93,30.0,1226.0,1027.0
SBID83,2/2/2026,1065.0,1065.0,1065.0,1065.0,0.0,43.0,1226.0,1027.0
SBID83,2/5/2026,1056.1,1057.1,1054.5,1057.1,-0.74,225.0,1226.0,1027.0
SBID83,2/10/2026,1073.0,1073.0,1073.0,1073.0,1.5,25.0,1226.0,1027.0
SBID83,2/12/2026,1070.0,1070.0,1065.0,1065.0,-0.75,125.0,1226.0,1027.0
SBID83,2/16/2026,1060.0,1077.0,1060.0,1077.0,1.13,330.0,1226.0,1027.0
SBID83,2/17/2026,1060.6,1060.6,1060.6,1060.6,-1.52,25.0,1226.0,1027.0
SBID83,2/24/2026,1060.3,1062.2,1060.3,1062.2,0.15,25.0,1226.0,1027.0
SBID83,3/2/2026,1060.5,1060.5,1060.1,1060.1,-0.2,175.0,1226.0,1027.0
SBID83,3/3/2026,1077.0,1077.0,1077.0,1077.0,1.59,50.0,1226.0,1027.0
SBID83,3/4/2026,1077.0,1077.0,1077.0,1077.0,0.0,50.0,1226.0,1027.0
SBID83,3/5/2026,1077.0,1077.0,1077.0,1077.0,0.0,50.0,1226.0,1027.0
SBID83,3/6/2026,1077.0,1077.0,1077.0,1077.0,0.0,50.0,1226.0,1027.0
SBID83,3/7/2026,1077.0,1077.0,1077.0,1077.0,0.0,50.0,1226.0,1027.0
SBID83,3/8/2026,1077.0,1077.0,1077.0,1077.0,0.0,50.0,1226.0,1027.0
SBID83,3/11/2026,1060.0,1060.0,1060.0,1060.0,-1.58,20.0,1226.0,1027.0
SBID83,3/12/2026,1065.0,1065.0,1065.0,1065.0,0.47,25.0,1226.0,1027.0
SBID83,3/13/2026,1065.0,1065.0,1065.0,1065.0,0.0,25.0,1226.0,1027.0
SBID83,3/14/2026,1065.0,1065.0,1065.0,1065.0,0.0,25.0,1226.0,1027.0
SBID83,3/15/2026,1061.1,1070.0,1061.1,1070.0,0.47,85.0,1226.0,1027.0
SBID83,3/16/2026,1057.4,1064.0,1057.3,1064.0,-0.56,106.0,1226.0,1027.0
SBID83,3/17/2026,1062.0,1070.0,1062.0,1070.0,0.56,310.0,1226.0,1027.0
SBID83,3/18/2026,1062.0,1070.0,1062.0,1070.0,0.0,310.0,1226.0,1027.0
SBID83,3/23/2026,1060.6,1060.6,1060.5,1060.5,-0.89,286.0,1226.0,1027.0
SBID83,3/24/2026,1070.0,1075.0,1065.0,1075.0,1.37,425.0,1226.0,1027.0
SBID83,3/25/2026,1070.0,1075.0,1070.0,1075.0,0.0,275.0,1226.0,1027.0
SBID83,3/29/2026,1070.0,1070.0,1070.0,1070.0,0.0,25.0,1226.0,1027.0
SBID83,4/1/2026,1070.0,1070.0,1065.0,1065.0,-0.47,50.0,1226.0,1027.0
SBID83,4/8/2026,1085.0,1085.0,1085.0,1085.0,0.0,20.0,1226.0,1027.0
SBID83,4/13/2026,1070.0,1075.0,1070.0,1075.0,0.47,250.0,1226.0,1027.0
SBID83,4/20/2026,1070.1,1070.1,1070.1,1070.1,0.0,25.0,1226.0,1027.0
SBID83,4/21/2026,1065.9,1065.9,1065.9,1065.9,0.0,40.0,1226.0,1027.0
SBID83,4/23/2026,1075.0,1075.0,1075.0,1075.0,0.0,200.0,1226.0,1027.0
SBID83,4/24/2026,1075.0,1075.0,1060.9,1075.0,0.0,75.0,1226.0,1027.0
SBID83,4/27/2026,1075.0,1066.8,1066.7,1066.7,-0.77,25.0,1226.0,1027.0
SBID83,4/28/2026,1066.7,1080.0,1080.0,1080.0,1.25,97.0,1226.0,1027.0
SBID83,4/29/2026,1080.0,1075.0,1075.0,1075.0,-0.46,30.0,1226.0,1027.0
SBID83,4/30/2026,1075.0,1075.0,1075.0,1075.0,0.0,50.0,1226.0,1027.0
SBID83,5/6/2026,1075.0,1075.0,1075.0,1075.0,0.0,40.0,1226.0,1027.0
SBID83,5/11/2026,1066.0,1066.0,1066.0,1066.0,0.0,25.0,1226.0,1027.0
SBID83,5/12/2026,1070.9,1070.9,1070.9,1070.9,0.0,25.0,1226.0,1027.0
SBID83,5/14/2026,1065.9,1085.0,1065.9,1085.0,1.79,235.0,1226.0,1027.0
SBID83,5/19/2026,1095.0,1095.0,1065.0,1065.0,-2.74,159.0,1226.0,1027.0
SBID83,5/20/2026,1066.9,1075.0,1066.9,1075.0,0.76,35.0,1226.0,1027.0
SBID83,5/22/2026,1066.5,1068.0,1051.0,1065.0,-0.14,1979.0,1226.0,1027.0
SBID83,5/25/2026,1065.3,1065.4,1063.0,1063.6,-0.16,1056.0,1226.0,1027.0
SBID83,5/26/2026,1063.9,1063.9,1063.8,1063.8,-0.01,80.0,1226.0,1027.0
SBID83,6/1/2026,1062.2,1062.2,1062.2,1062.2,0.0,25.0,1226.0,1027.0
SBID83,6/3/2026,1064.5,1064.5,1064.5,1064.5,0.0,25.0,1226.0,1027.0
SBID83,6/8/2026,1065.0,1075.0,1065.0,1075.0,0.94,500.0,1226.0,1027.0
SBID83,6/9/2026,1075.0,1075.0,1075.0,1075.0,0.0,100.0,1226.0,1027.0
SBID83,6/11/2026,1061.5,1061.5,1060.1,1060.0,-0.14,522.0,1226.0,1027.0
SBID83,6/12/2026,1062.5,1062.5,1062.5,1062.0,-0.05,50.0,1226.0,1027.0
SBID83,6/15/2026,1063.5,1070.0,1063.0,1070.0,0.61,113.0,1226.0,1027.0
SBID83,6/16/2026,1071.0,1071.0,1071.0,1071.0,0.0,200.0,1226.0,1027.0
SBID83,6/17/2026,1072.0,1072.0,1072.0,1072.0,0.0,85.0,1226.0,1027.0
SBID83,6/18/2026,1061.0,1061.0,1061.0,1061.0,0.0,25.0,1226.0,1027.0
SBID83,6/22/2026,1061.5,1061.5,1061.5,1061.5,0.0,50.0,1226.0,1027.0
SBID83,6/26/2026,1070.0,1093.3,1070.0,1093.3,2.18,850.0,1226.0,1027.0
SBID83,6/30/2026,1085.0,1085.0,1085.0,1085.0,0.0,205.0,1226.0,1027.0
SBID83,7/2/2026,1083.0,1096.0,1083.0,1096.0,1.2,70350.0,1226.0,1027.0
SBID83,7/3/2026,1099.0,1099.0,1063.3,1063.3,-3.25,10509.0,1226.0,1027.0
SBID83,7/7/2026,1063.6,1085.0,1063.6,1085.0,2.01,5100.0,1226.0,1027.0
SBID83,7/8/2026,1085.0,1085.0,1085.0,1085.0,0.0,10000.0,1226.0,1027.0
SBID83,7/10/2026,1087.0,1090.1,1087.0,1090.0,0.28,35475.0,1226.0,1027.0
SBID83,7/14/2026,1094.0,1122.0,1094.0,1122.0,2.56,11450.0,1226.0,1027.0
SBID83,7/15/2026,1088.4,1088.4,1088.4,1088.4,0.0,26.0,1226.0,1027.0
SBID83,7/23/2026,1060.0,1060.0,1060.0,1060.0,0.0,20.0,1226.0,1027.0
SBID83,7/28/2026,1055.0,1055.0,1055.0,1055.0,0.0,100.0,1226.0,1027.0
SBID83,8/3/2026,1055.0,1055.0,1055.0,1055.0,0.0,25.0,1226.0,1027.0
SBID83,8/4/2026,1055.0,1055.0,1055.0,1040.0,-1.42,25.0,1226.0,1027.0
SBID83,8/7/2026,1031.1,1031.1,1031.0,1031.0,-0.01,100.0,1226.0,1027.0
SBID83,8/13/2026,1036.0,1036.0,1035.1,1035.1,-0.09,25.0,1226.0,1027.0
SBID83,8/14/2026,1066.1,1066.1,1050.0,1050.0,-1.51,47.0,1226.0,1027.0
SBID83,8/18/2026,1031.1,1031.1,1031.1,1031.1,0.0,25.0,1226.0,1027.0
SBID83,8/20/2026,1059.9,1060.0,1059.9,1060.0,0.01,100.0,1226.0,1027.0
SBID83,8/27/2026,1060.0,1060.0,1060.0,1060.0,0.0,25.0,1226.0,1027.0
SBID83,9/2/2026,1050.0,1050.0,1050.0,1050.0,0.0,25.0,1226.0,1027.0
SBID83,9/7/2026,1050.0,1050.0,1050.0,1050.0,0.0,25.0,1226.0,1027.0
SBID83,9/14/2026,1060.0,1060.0,1060.0,1060.0,0.0,10.0,1226.0,1027.0
SBID83,9/15/2026,1029.3,1040.0,1029.3,1030.1,0.08,395.0,1226.0,1027.0
SBID83,9/22/2026,1027.0,1027.0,1027.0,1027.0,0.0,25.0,1226.0,1027.0
SBID83,9/23/2026,1028.1,1028.1,1028.0,1028.0,-0.01,500.0,1226.0,1027.0
SBID83,9/24/2026,1041.0,1041.2,1029.0,1041.2,0.02,543.0,1226.0,1027.0
SBID89,12/21/2025,1139.1,1244.0,1139.1,1244.0,,367.0,1266.0,1100.0
SBID89,12/22/2025,1244.0,1266.0,1242.0,1266.0,1.77,36.0,1266.0,1100.0
SBID89,1/6/2026,1240.7,1240.7,1240.7,1240.7,-2.0,25.0,1266.0,1100.0
SBID89,1/7/2026,1240.7,1240.7,1240.7,1216.0,-1.99,1.0,1266.0,1100.0
SBID89,1/8/2026,1195.0,1195.0,1195.0,1195.0,-1.73,15.0,1266.0,1100.0
SBID89,1/12/2026,1177.0,1177.0,1177.0,1177.0,-1.51,30.0,1266.0,1100.0
SBID89,1/13/2026,1177.0,1177.0,1176.0,1176.0,-0.08,16.0,1266.0,1100.0
SBID89,1/14/2026,1170.0,1193.0,1170.0,1193.0,1.45,50.0,1266.0,1100.0
SBID89,1/20/2026,1180.0,1180.0,1170.0,1170.0,-1.93,160.0,1266.0,1100.0
SBID89,1/22/2026,1165.0,1165.0,1165.0,1165.0,-0.43,11.0,1266.0,1100.0
SBID89,1/25/2026,1160.0,1162.0,1160.0,1160.0,-0.43,64.0,1266.0,1100.0
SBID89,1/26/2026,1160.0,1161.0,1160.0,1161.0,0.09,75.0,1266.0,1100.0
SBID89,1/27/2026,1161.0,1161.0,1161.0,1161.0,0.0,100.0,1266.0,1100.0
SBID89,2/10/2026,1170.0,1170.0,1170.0,1170.0,0.78,25.0,1266.0,1100.0
SBID89,2/11/2026,1148.0,1148.0,1148.0,1148.0,-1.88,25.0,1266.0,1100.0
SBID89,2/12/2026,1148.0,1150.0,1148.0,1150.0,0.17,75.0,1266.0,1100.0
SBID89,2/16/2026,1173.0,1173.0,1173.0,1173.0,2.0,35.0,1266.0,1100.0
SBID89,2/17/2026,1186.0,1186.0,1186.0,1186.0,1.11,375.0,1266.0,1100.0
SBID89,3/15/2026,1164.5,1180.0,1164.5,1180.0,-0.51,75.0,1266.0,1100.0
SBID89,3/22/2026,1157.0,1193.0,1157.0,1193.0,1.1,135.0,1266.0,1100.0
SBID89,3/31/2026,1170.0,1170.0,1170.0,1170.0,0.0,100.0,1266.0,1100.0
SBID89,4/1/2026,1170.0,1170.0,1170.0,1170.0,0.0,25.0,1266.0,1100.0
SBID89,4/2/2026,1146.6,1146.6,1146.6,1146.6,0.0,25.0,1266.0,1100.0
SBID89,4/5/2026,1146.6,1146.6,1146.6,1146.6,0.0,25.0,1266.0,1100.0
SBID89,4/6/2026,1146.0,1146.0,1146.0,1146.0,0.0,25.0,1266.0,1100.0
SBID89,4/10/2026,1132.1,1132.1,1132.1,1132.1,0.0,20.0,1266.0,1100.0
SBID89,4/15/2026,1145.0,1160.0,1145.0,1160.0,1.31,125.0,1266.0,1100.0
SBID89,4/21/2026,1170.0,1170.0,1170.0,1170.0,0.0,26.0,1266.0,1100.0
SBID89,4/22/2026,1170.0,1170.0,1170.0,1201.0,2.65,1.0,1266.0,1100.0
SBID89,4/23/2026,1165.5,1165.5,1165.5,1165.5,0.0,25.0,1266.0,1100.0
SBID89,4/24/2026,1165.5,1165.5,1154.0,1154.0,-0.99,52.0,1266.0,1100.0
SBID89,4/27/2026,1154.0,1154.0,1154.0,1100.0,-4.68,6.0,1266.0,1100.0
SBID89,4/28/2026,1100.0,1100.0,1100.0,1133.0,3.0,1.0,1266.0,1100.0
SBID89,5/6/2026,1133.0,1140.0,1133.0,1140.0,0.62,21.0,1266.0,1100.0
SBID89,5/8/2026,1140.0,1140.0,1140.0,1140.0,0.0,25.0,1266.0,1100.0
SBID89,5/12/2026,1150.0,1150.0,1150.0,1150.0,0.0,25.0,1266.0,1100.0
SBID89,5/13/2026,1131.0,1131.0,1130.1,1130.1,-0.08,25.0,1266.0,1100.0
SBID89,5/18/2026,1131.1,1131.1,1131.1,1131.1,0.0,25.0,1266.0,1100.0
SBID89,5/20/2026,1145.2,1145.2,1145.2,1145.2,0.0,10.0,1266.0,1100.0
SBID89,5/27/2026,1145.2,1150.0,1145.2,1150.0,0.42,65.0,1266.0,1100.0
SBID89,6/1/2026,1150.0,1150.0,1150.0,1150.0,0.0,25.0,1266.0,1100.0
SBID89,6/4/2026,1145.2,1145.2,1145.2,1145.2,0.0,25.0,1266.0,1100.0
SBID89,6/5/2026,1147.0,1147.0,1147.0,1147.0,0.0,19.0,1266.0,1100.0
SBID89,6/8/2026,1145.18,1145.18,1145.0,1145.0,-0.02,50.0,1266.0,1100.0
SBID89,6/9/2026,1140.0,1140.0,1140.0,1140.0,0.0,25.0,1266.0,1100.0
SBID89,6/10/2026,1130.0,1147.3,1125.1,1135.0,0.44,2856.0,1266.0,1100.0
SBID89,6/11/2026,1124.0,1136.0,1124.0,1136.0,1.07,51.0,1266.0,1100.0
SBID89,6/15/2026,1140.19,1140.19,1140.19,1140.19,0.0,25.0,1266.0,1100.0
SBID89,6/16/2026,1141.0,1141.0,1141.0,1141.0,0.0,25.0,1266.0,1100.0
SBID89,6/18/2026,1141.0,1141.0,1138.18,1138.18,-0.25,25.0,1266.0,1100.0
SBID89,6/22/2026,1138.2,1138.2,1138.2,1138.2,0.0,20.0,1266.0,1100.0
SBID89,6/24/2026,1138.18,1138.18,1138.18,1138.18,0.0,10.0,1266.0,1100.0
SBID89,6/26/2026,1132.1,1132.1,1132.1,1132.1,0.0,100.0,1266.0,1100.0
SBID89,6/29/2026,1131.6,1220.0,1131.6,1220.0,7.81,360.0,1266.0,1100.0
SBID89,7/3/2026,1230.0,1230.0,1230.0,1230.0,0.0,225.0,1266.0,1100.0
SBID89,7/14/2026,1200.0,1200.0,1185.0,1185.0,-1.25,7649.0,1266.0,1100.0
SBID89,7/16/2026,1149.5,1154.9,1149.5,1150.0,0.04,125.0,1266.0,1100.0
SBID89,7/24/2026,1176.2,1185.0,1176.2,1185.0,0.75,246.0,1266.0,1100.0
SBID89,7/27/2026,1194.2,1194.2,1194.2,1194.2,0.0,3000.0,1266.0,1100.0
SBID89,8/25/2026,1160.0,1160.0,1160.0,1160.0,0.0,200.0,1266.0,1100.0
SBID89,8/27/2026,1130.0,1130.0,1130.0,1130.0,0.0,500.0,1266.0,1100.0
SBID89,8/31/2026,1130.0,1130.0,1130.0,1130.0,0.0,25.0,1266.0,1100.0
SBID89,9/3/2026,1135.0,1163.9,1135.0,1163.9,2.55,103.0,1266.0,1100.0
SBID89,9/16/2026,1141.0,1142.0,1141.0,1142.0,0.09,50.0,1266.0,1100.0
SBID89,9/18/2026,1141.0,1141.0,1141.0,1141.0,0.0,10.0,1266.0,1100.0
SBID89,9/22/2026,1142.0,1145.0,1142.0,1145.0,0.26,52.0,1266.0,1100.0
SBID89,9/24/2026,1140.18,1140.18,1140.18,1140.0,-0.02,25.0,1266.0,1100.0
SBID89,9/28/2026,1145.0,1145.0,1145.0,1145.0,0.0,50.0,1266.0,1100.0
SBID89,9/29/2026,1145.0,1145.0,1145.0,1145.0,0.0,25.0,1266.0,1100.0
SBID89,9/30/2026,1145.0,1145.0,1145.0,1145.0,0.0,15.0,1266.0,1100.0
SBID89,10/1/2026,1145.0,1145.0,1145.0,1145.0,0.0,25.0,1266.0,1100.0
SBL,6/2/2011,231.0,227.0,215.0,216.0,,1244.0,460.1,320.5
SBL,6/5/2011,216.0,216.0,210.0,212.0,-1.85,756.0,460.1,320.5
SBL,6/6/2011,212.0,209.0,204.0,208.0,-1.89,556.0,460.1,320.5
SBL,6/7/2011,208.0,205.0,196.0,201.0,-3.37,1083.0,460.1,320.5
SBL,6/8/2011,201.0,200.0,197.0,200.0,-0.5,834.0,460.1,320.5
SBL,6/9/2011,200.0,201.0,192.0,200.0,0.0,3113.0,460.1,320.5
SBL,6/12/2011,200.0,210.0,199.0,201.0,0.5,937.0,460.1,320.5
SBL,6/13/2011,201.0,200.0,190.0,193.0,-3.98,1938.0,460.1,320.5
SBL,6/14/2011,193.0,193.0,186.0,186.0,-3.63,807.0,460.1,320.5
SBL,6/15/2011,186.0,189.0,183.0,185.0,-0.54,376.0,460.1,320.5
SBL,6/16/2011,185.0,182.0,182.0,182.0,-1.62,248.0,460.1,320.5
SBL,6/19/2011,182.0,200.0,185.0,200.0,9.89,80.0,460.1,320.5
SBL,6/20/2011,182.0,200.0,185.0,200.0,0.0,80.0,460.1,320.5
SBL,6/21/2011,220.0,242.0,224.0,242.0,21.0,70.0,460.1,320.5
SBL,6/23/2011,242.0,266.0,246.0,266.0,9.92,293.0,460.1,320.5
SBL,6/26/2011,266.0,292.0,240.0,240.0,-9.77,7207.0,460.1,320.5
SBL,6/27/2011,240.0,236.0,216.0,216.0,-10.0,934.0,460.1,320.5
SBL,6/29/2011,216.0,216.0,196.0,200.0,-7.41,1201.0,460.1,320.5
SBL,6/30/2011,200.0,220.0,204.0,219.0,9.5,3280.0,460.1,320.5
SBL,7/3/2011,219.0,240.0,223.0,240.0,9.59,775.0,460.1,320.5
SBL,7/4/2011,240.0,260.0,244.0,251.0,4.58,1502.0,460.1,320.5
SBL,7/5/2011,251.0,255.0,242.0,245.0,-2.39,3550.0,460.1,320.5
SBL,7/6/2011,245.0,262.0,244.0,253.0,3.27,2264.0,460.1,320.5
SBL,7/7/2011,253.0,259.0,245.0,259.0,2.37,2756.0,460.1,320.5
SBL,7/10/2011,259.0,268.0,255.0,261.0,0.77,3768.0,460.1,320.5
SBL,7/11/2011,261.0,266.0,257.0,260.0,-0.38,871.0,460.1,320.5
SBL,7/12/2011,260.0,269.0,260.0,265.0,1.92,1621.0,460.1,320.5
SBL,7/13/2011,265.0,280.0,260.0,270.0,1.89,2602.0,460.1,320.5
SBL,7/14/2011,270.0,290.0,270.0,270.0,0.0,3458.0,460.1,320.5
SBL,7/17/2011,270.0,275.0,275.0,275.0,1.85,982.0,460.1,320.5
SBL,7/18/2011,275.0,290.0,250.0,250.0,-9.09,3327.0,460.1,320.5
SBL,7/19/2011,250.0,275.0,255.0,272.0,8.8,2029.0,460.1,320.5
SBL,7/20/2011,272.0,280.0,272.0,274.0,0.74,1126.0,460.1,320.5
SBL,7/21/2011,274.0,293.0,279.0,285.0,4.01,1449.0,460.1,320.5
SBL,7/24/2011,285.0,280.0,265.0,274.0,-3.86,2701.0,460.1,320.5
SBL,7/25/2011,274.0,269.0,256.0,261.0,-4.74,1067.0,460.1,320.5
SBL,7/26/2011,261.0,266.0,261.0,265.0,1.53,316.0,460.1,320.5
SBL,7/27/2011,265.0,280.0,265.0,280.0,5.66,1554.0,460.1,320.5
SBL,7/28/2011,280.0,286.0,265.0,270.0,-3.57,4550.0,460.1,320.5
SBL,7/31/2011,270.0,265.0,256.0,262.0,-2.96,2454.0,460.1,320.5
SBL,8/1/2011,262.0,262.0,262.0,262.0,0.0,176.0,460.1,320.5
SBL,8/2/2011,262.0,260.0,250.0,260.0,-0.76,3005.0,460.1,320.5
SBL,8/3/2011,260.0,262.0,250.0,262.0,0.77,6461.0,460.1,320.5
SBL,8/4/2011,262.0,265.0,261.0,265.0,1.15,481.0,460.1,320.5
SBL,8/7/2011,265.0,260.0,250.0,257.0,-3.02,1579.0,460.1,320.5
SBL,8/8/2011,257.0,255.0,253.0,255.0,-0.78,266.0,460.1,320.5
SBL,8/9/2011,255.0,255.0,250.0,255.0,0.0,658.0,460.1,320.5
SBL,8/10/2011,255.0,261.0,251.0,257.0,0.78,237.0,460.1,320.5
SBL,8/11/2011,257.0,262.0,260.0,260.0,1.17,920.0,460.1,320.5
SBL,8/15/2011,260.0,265.0,260.0,262.0,0.77,4594.0,460.1,320.5
SBL,8/16/2011,262.0,264.0,258.0,261.0,-0.38,1103.0,460.1,320.5
SBL,8/17/2011,261.0,262.0,259.0,260.0,-0.38,1434.0,460.1,320.5
SBL,8/18/2011,260.0,263.0,255.0,263.0,1.15,1368.0,460.1,320.5
SBL,8/22/2011,263.0,260.0,257.0,257.0,-2.28,507.0,460.1,320.5
SBL,8/23/2011,257.0,260.0,256.0,260.0,1.17,662.0,460.1,320.5
SBL,8/24/2011,260.0,264.0,260.0,260.0,0.0,645.0,460.1,320.5
SBL,8/25/2011,260.0,259.0,251.0,255.0,-1.92,1655.0,460.1,320.5
SBL,8/28/2011,255.0,250.0,247.0,247.0,-3.14,637.0,460.1,320.5
SBL,8/29/2011,247.0,251.0,242.0,251.0,1.62,1724.0,460.1,320.5
SBL,8/30/2011,251.0,256.0,248.0,248.0,-1.2,965.0,460.1,320.5
SBL,9/1/2011,248.0,253.0,245.0,253.0,2.02,750.0,460.1,320.5
SBL,9/4/2011,253.0,253.0,250.0,251.0,-0.79,1948.0,460.1,320.5
SBL,9/5/2011,251.0,250.0,244.0,244.0,-2.79,1105.0,460.1,320.5
SBL,9/6/2011,244.0,251.0,241.0,241.0,-1.23,842.0,460.1,320.5
SBL,9/7/2011,241.0,241.0,229.0,230.0,-4.56,2113.0,460.1,320.5
SBL,9/8/2011,230.0,228.0,224.0,228.0,-0.87,575.0,460.1,320.5
SBL,9/12/2011,228.0,225.0,224.0,224.0,-1.75,412.0,460.1,320.5
SBL,9/13/2011,224.0,227.0,220.0,227.0,1.34,617.0,460.1,320.5
SBL,9/14/2011,227.0,230.0,226.0,226.0,-0.44,444.0,460.1,320.5
SBL,9/15/2011,226.0,230.0,225.0,226.0,0.0,691.0,460.1,320.5
SBL,9/18/2011,226.0,230.0,229.0,230.0,1.77,97.0,460.1,320.5
SBL,9/19/2011,230.0,230.0,224.0,225.0,-2.17,572.0,460.1,320.5
SBL,9/20/2011,225.0,225.0,221.0,224.0,-0.44,1224.0,460.1,320.5
SBL,9/21/2011,224.0,225.0,221.0,225.0,0.45,385.0,460.1,320.5
SBL,9/22/2011,225.0,229.0,221.0,229.0,1.78,179.0,460.1,320.5
SBL,9/25/2011,229.0,237.0,232.0,232.0,1.31,779.0,460.1,320.5
SBL,9/26/2011,232.0,235.0,233.0,235.0,1.29,1160.0,460.1,320.5
SBL,9/27/2011,235.0,243.0,239.0,239.0,1.7,324.0,460.1,320.5
SBL,9/29/2011,239.0,243.0,240.0,243.0,1.67,854.0,460.1,320.5
SBL,10/2/2011,243.0,247.0,243.0,243.0,0.0,428.0,460.1,320.5
SBL,10/10/2011,243.0,247.0,247.0,247.0,1.65,64.0,460.1,320.5
SBL,10/12/2011,247.0,252.0,240.0,240.0,-2.83,410.0,460.1,320.5
SBL,10/13/2011,240.0,247.0,242.0,247.0,2.92,628.0,460.1,320.5
SBL,10/16/2011,247.0,247.0,236.0,236.0,-4.45,435.0,460.1,320.5
SBL,10/17/2011,236.0,237.0,234.0,235.0,-0.42,1090.0,460.1,320.5
SBL,10/18/2011,235.0,232.0,230.0,231.0,-1.7,1321.0,460.1,320.5
SBL,10/19/2011,231.0,243.0,235.0,238.0,3.03,777.0,460.1,320.5
SBL,10/20/2011,238.0,240.0,231.0,231.0,-2.94,490.0,460.1,320.5
SBL,10/23/2011,231.0,232.0,227.0,227.0,-1.73,641.0,460.1,320.5
SBL,10/24/2011,227.0,234.0,230.0,232.0,2.2,859.0,460.1,320.5
SBL,10/25/2011,232.0,236.0,231.0,233.0,0.43,814.0,460.1,320.5
SBL,10/31/2011,233.0,248.0,237.0,248.0,6.44,961.0,460.1,320.5
SBL,11/2/2011,248.0,272.0,252.0,270.0,8.87,1275.0,460.1,320.5
SBL,11/3/2011,270.0,285.0,249.0,258.0,-4.44,12044.0,460.1,320.5
SBL,11/6/2011,258.0,255.0,250.0,255.0,-1.16,1158.0,460.1,320.5
SBL,11/8/2011,255.0,255.0,245.0,248.0,-2.75,397.0,460.1,320.5
SBL,11/9/2011,248.0,250.0,237.0,242.0,-2.42,2052.0,460.1,320.5
SBL,11/10/2011,242.0,245.0,230.0,243.0,0.41,8330.0,460.1,320.5
SBL,11/13/2011,243.0,243.0,239.0,239.0,-1.65,218.0,460.1,320.5
SBL,11/14/2011,239.0,241.0,239.0,241.0,0.84,575.0,460.1,320.5
SBL,11/15/2011,241.0,244.0,240.0,244.0,1.24,206.0,460.1,320.5
SBL,11/16/2011,244.0,248.0,243.0,246.0,0.82,325.0,460.1,320.5
SBL,11/17/2011,246.0,246.0,246.0,246.0,0.0,200.0,460.1,320.5
SBL,11/20/2011,246.0,242.0,230.0,235.0,-4.47,7935.0,460.1,320.5
SBL,11/21/2011,235.0,236.0,235.0,235.0,0.0,1673.0,460.1,320.5
SBL,11/22/2011,235.0,239.0,239.0,239.0,1.7,53.0,460.1,320.5
SBL,11/23/2011,239.0,242.0,240.0,242.0,1.26,496.0,460.1,320.5
SBL,11/24/2011,242.0,242.0,234.0,235.0,-2.89,1777.0,460.1,320.5
SBL,11/27/2011,235.0,238.0,232.0,235.0,0.0,1946.0,460.1,320.5
SBL,11/28/2011,235.0,236.0,235.0,235.0,0.0,208.0,460.1,320.5
SBL,12/4/2011,234.0,236.0,234.0,235.0,0.0,705.0,460.1,320.5
SBL,12/5/2011,235.0,235.0,232.0,235.0,0.0,1377.0,460.1,320.5
SBL,12/6/2011,235.0,239.0,235.0,236.0,0.43,190.0,460.1,320.5
SBL,12/7/2011,236.0,235.0,233.0,235.0,-0.42,550.0,460.1,320.5
SBL,12/8/2011,235.0,236.0,232.0,233.0,-0.85,897.0,460.1,320.5
SBL,12/11/2011,233.0,234.0,229.0,230.0,-1.29,3003.0,460.1,320.5
SBL,12/12/2011,230.0,230.0,223.0,229.0,-0.43,2827.0,460.1,320.5
SBL,12/13/2011,229.0,227.0,223.0,223.0,-2.62,1926.0,460.1,320.5
SBL,12/15/2011,223.0,217.0,217.0,217.0,-2.69,275.0,460.1,320.5
SBL,12/20/2011,217.0,213.0,206.0,206.0,-5.07,654.0,460.1,320.5
SBL,12/21/2011,206.0,204.0,201.0,203.0,-1.46,1268.0,460.1,320.5
SBL,12/26/2011,203.0,207.0,207.0,207.0,1.97,20.0,460.1,320.5
SBL,12/27/2011,207.0,203.0,203.0,203.0,-1.93,127.0,460.1,320.5
SBL,12/28/2011,203.0,204.0,200.0,204.0,0.49,991.0,460.1,320.5
SBL,12/29/2011,204.0,204.0,201.0,204.0,0.0,258.0,460.1,320.5
SBL,1/1/2012,204.0,171.0,171.0,171.0,-16.18,532.0,460.1,320.5
SBL,1/2/2012,171.0,213.0,208.0,213.0,24.56,419.0,460.1,320.5
SBL,1/3/2012,213.0,228.0,217.0,225.0,5.63,2840.0,460.1,320.5
SBL,1/4/2012,225.0,221.0,221.0,221.0,-1.78,200.0,460.1,320.5
SBL,1/5/2012,221.0,223.0,219.0,219.0,-0.9,158.0,460.1,320.5
SBL,1/8/2012,219.0,223.0,219.0,223.0,1.83,805.0,460.1,320.5
SBL,1/9/2012,223.0,222.0,221.0,222.0,-0.45,832.0,460.1,320.5
SBL,1/11/2012,222.0,225.0,215.0,216.0,-2.7,878.0,460.1,320.5
SBL,1/12/2012,216.0,232.0,220.0,232.0,7.41,80.0,460.1,320.5
SBL,1/23/2012,232.0,228.0,210.0,213.0,-8.19,3035.0,460.1,320.5
SBL,1/25/2012,213.0,213.0,209.0,211.0,-0.94,486.0,460.1,320.5
SBL,1/26/2012,211.0,214.0,209.0,214.0,1.42,1143.0,460.1,320.5
SBL,1/29/2012,214.0,218.0,214.0,214.0,0.0,291.0,460.1,320.5
SBL,1/31/2012,214.0,217.0,217.0,217.0,1.4,32.0,460.1,320.5
SBL,2/1/2012,217.0,214.0,214.0,214.0,-1.38,64.0,460.1,320.5
SBL,2/2/2012,214.0,216.0,211.0,212.0,-0.93,1523.0,460.1,320.5
SBL,2/5/2012,212.0,212.0,206.0,207.0,-2.36,1993.0,460.1,320.5
SBL,2/6/2012,207.0,209.0,205.0,207.0,0.0,4406.0,460.1,320.5
SBL,2/7/2012,207.0,207.0,204.0,205.0,-0.97,2102.0,460.1,320.5
SBL,2/8/2012,205.0,206.0,202.0,203.0,-0.98,1794.0,460.1,320.5
SBL,2/9/2012,203.0,207.0,201.0,203.0,0.0,855.0,460.1,320.5
SBL,2/12/2012,203.0,206.0,203.0,206.0,1.48,330.0,460.1,320.5
SBL,2/13/2012,206.0,209.0,205.0,207.0,0.49,1436.0,460.1,320.5
SBL,2/14/2012,207.0,211.0,210.0,210.0,1.45,116.0,460.1,320.5
SBL,2/15/2012,210.0,207.0,203.0,205.0,-2.38,1233.0,460.1,320.5
SBL,2/16/2012,205.0,207.0,200.0,206.0,0.49,1228.0,460.1,320.5
SBL,2/23/2012,206.0,203.0,203.0,203.0,-1.46,645.0,460.1,320.5
SBL,2/26/2012,203.0,207.0,203.0,203.0,0.0,391.0,460.1,320.5
SBL,2/27/2012,203.0,205.0,201.0,205.0,0.99,1120.0,460.1,320.5
SBL,2/28/2012,205.0,209.0,205.0,209.0,1.95,760.0,460.1,320.5
SBL,2/29/2012,209.0,211.0,210.0,211.0,0.96,1209.0,460.1,320.5
SBL,3/1/2012,211.0,211.0,211.0,211.0,0.0,70.0,460.1,320.5
SBL,3/4/2012,211.0,210.0,206.0,210.0,-0.47,1091.0,460.1,320.5
SBL,3/5/2012,210.0,210.0,210.0,210.0,0.0,100.0,460.1,320.5
SBL,3/6/2012,210.0,212.0,212.0,212.0,0.95,90.0,460.1,320.5
SBL,3/11/2012,212.0,212.0,208.0,208.0,-1.89,432.0,460.1,320.5
SBL,3/12/2012,208.0,208.0,204.0,206.0,-0.96,4702.0,460.1,320.5
SBL,3/13/2012,206.0,209.0,204.0,204.0,-0.97,7475.0,460.1,320.5
SBL,3/14/2012,204.0,205.0,196.0,202.0,-0.98,13277.0,460.1,320.5
SBL,3/15/2012,202.0,205.0,200.0,202.0,0.0,4621.0,460.1,320.5
SBL,3/18/2012,202.0,204.0,200.0,202.0,0.0,498.0,460.1,320.5
SBL,3/19/2012,202.0,204.0,200.0,201.0,-0.5,866.0,460.1,320.5
SBL,3/20/2012,201.0,205.0,200.0,200.0,-0.5,558.0,460.1,320.5
SBL,3/21/2012,200.0,209.0,200.0,209.0,4.5,1198.0,460.1,320.5
SBL,3/25/2012,209.0,205.0,202.0,202.0,-3.35,421.0,460.1,320.5
SBL,3/26/2012,202.0,203.0,200.0,203.0,0.5,838.0,460.1,320.5
SBL,3/27/2012,203.0,201.0,199.0,201.0,-0.99,1989.0,460.1,320.5
SBL,3/28/2012,201.0,202.0,199.0,202.0,0.5,1572.0,460.1,320.5
SBL,3/29/2012,202.0,201.0,200.0,201.0,-0.5,1052.0,460.1,320.5
SBL,4/1/2012,201.0,203.0,197.0,203.0,1.0,232.0,460.1,320.5
SBL,4/2/2012,203.0,205.0,201.0,203.0,0.0,479.0,460.1,320.5
SBL,4/3/2012,203.0,207.0,200.0,205.0,0.99,1349.0,460.1,320.5
SBL,4/4/2012,205.0,208.0,206.0,208.0,1.46,288.0,460.1,320.5
SBL,4/5/2012,208.0,207.0,207.0,207.0,-0.48,385.0,460.1,320.5
SBL,4/8/2012,207.0,206.0,202.0,203.0,-1.93,2500.0,460.1,320.5
SBL,4/9/2012,203.0,210.0,200.0,207.0,1.97,5237.0,460.1,320.5
SBL,4/10/2012,207.0,212.0,203.0,212.0,2.42,395.0,460.1,320.5
SBL,4/11/2012,212.0,224.0,214.0,214.0,0.94,1758.0,460.1,320.5
SBL,4/12/2012,214.0,234.0,214.0,234.0,9.35,5677.0,460.1,320.5
SBL,4/15/2012,234.0,250.0,238.0,244.0,4.27,2290.0,460.1,320.5
SBL,4/17/2012,244.0,268.0,220.0,223.0,-8.61,12214.0,460.1,320.5
SBL,4/18/2012,223.0,245.0,223.0,245.0,9.87,4246.0,460.1,320.5
SBL,4/19/2012,245.0,269.0,249.0,269.0,9.8,14028.0,460.1,320.5
SBL,4/22/2012,269.0,295.0,274.0,295.0,9.67,7989.0,460.1,320.5
SBL,4/25/2012,295.0,318.0,300.0,318.0,7.8,345.0,460.1,320.5
SBL,4/26/2012,318.0,349.0,290.0,349.0,9.75,24512.0,460.1,320.5
SBL,4/29/2012,349.0,366.0,340.0,366.0,4.87,12609.0,460.1,320.5
SBL,4/30/2012,366.0,363.0,335.0,354.0,-3.28,3782.0,460.1,320.5
SBL,5/3/2012,354.0,389.0,361.0,389.0,9.89,735.0,460.1,320.5
SBL,5/7/2012,389.0,419.0,396.0,419.0,7.71,665.0,460.1,320.5
SBL,5/8/2012,419.0,435.0,388.0,398.0,-5.01,10810.0,460.1,320.5
SBL,5/9/2012,398.0,401.0,368.0,375.0,-5.78,15840.0,460.1,320.5
SBL,5/10/2012,375.0,382.0,341.0,362.0,-3.47,12228.0,460.1,320.5
SBL,5/13/2012,362.0,355.0,328.0,339.0,-6.35,2389.0,460.1,320.5
SBL,5/14/2012,339.0,333.0,310.0,319.0,-5.9,6765.0,460.1,320.5
SBL,5/15/2012,319.0,350.0,325.0,350.0,9.72,2541.0,460.1,320.5
SBL,5/16/2012,350.0,385.0,357.0,385.0,10.0,363.0,460.1,320.5
SBL,5/17/2012,385.0,423.0,368.0,378.0,-1.82,8575.0,460.1,320.5
SBL,5/20/2012,378.0,385.0,357.0,365.0,-3.44,5590.0,460.1,320.5
SBL,5/21/2012,365.0,380.0,357.0,370.0,1.37,5306.0,460.1,320.5
SBL,5/22/2012,370.0,363.0,350.0,352.0,-4.86,5509.0,460.1,320.5
SBL,5/23/2012,352.0,345.0,328.0,328.0,-6.82,177.0,460.1,320.5
SBL,5/24/2012,328.0,358.0,322.0,349.0,6.4,3736.0,460.1,320.5
SBL,5/27/2012,349.0,379.0,350.0,361.0,3.44,3808.0,460.1,320.5
SBL,6/3/2012,361.0,361.0,340.0,340.0,-5.82,7611.0,460.1,320.5
SBL,6/4/2012,340.0,339.0,323.0,325.0,-4.41,3595.0,460.1,320.5
SBL,6/5/2012,325.0,319.0,301.0,312.0,-4.0,6115.0,460.1,320.5
SBL,6/6/2012,312.0,306.0,290.0,300.0,-3.85,3568.0,460.1,320.5
SBL,6/7/2012,300.0,306.0,290.0,296.0,-1.33,4131.0,460.1,320.5
SBL,6/10/2012,296.0,301.0,292.0,292.0,-1.35,1628.0,460.1,320.5
SBL,6/11/2012,292.0,304.0,297.0,300.0,2.74,2293.0,460.1,320.5
SBL,6/12/2012,300.0,300.0,290.0,296.0,-1.33,4002.0,460.1,320.5
SBL,6/13/2012,296.0,296.0,290.0,290.0,-2.03,7853.0,460.1,320.5
SBL,6/14/2012,290.0,295.0,290.0,290.0,0.0,643.0,460.1,320.5
SBL,6/17/2012,290.0,293.0,276.0,279.0,-3.79,2482.0,460.1,320.5
SBL,6/18/2012,279.0,285.0,270.0,285.0,2.15,3053.0,460.1,320.5
SBL,6/19/2012,285.0,282.0,276.0,279.0,-2.11,1392.0,460.1,320.5
SBL,6/20/2012,279.0,295.0,282.0,286.0,2.51,1674.0,460.1,320.5
SBL,6/21/2012,286.0,296.0,290.0,295.0,3.15,1321.0,460.1,320.5
SBL,6/25/2012,295.0,313.0,295.0,313.0,6.1,4473.0,460.1,320.5
SBL,6/26/2012,313.0,307.0,300.0,301.0,-3.83,335.0,460.1,320.5
SBL,6/27/2012,301.0,312.0,302.0,312.0,3.65,2594.0,460.1,320.5
SBL,6/28/2012,312.0,325.0,316.0,319.0,2.24,3456.0,460.1,320.5
SBL,7/1/2012,319.0,320.0,309.0,310.0,-2.82,2504.0,460.1,320.5
SBL,7/2/2012,310.0,310.0,297.0,300.0,-3.23,7545.0,460.1,320.5
SBL,7/3/2012,300.0,306.0,305.0,306.0,2.0,198.0,460.1,320.5
SBL,7/4/2012,306.0,313.0,306.0,310.0,1.31,3142.0,460.1,320.5
SBL,7/5/2012,310.0,319.0,311.0,319.0,2.9,1329.0,460.1,320.5
SBL,7/8/2012,319.0,325.0,308.0,316.0,-0.94,728.0,460.1,320.5
SBL,7/9/2012,316.0,312.0,300.0,312.0,-1.27,4371.0,460.1,320.5
SBL,7/10/2012,312.0,319.0,313.0,315.0,0.96,1799.0,460.1,320.5
SBL,7/11/2012,315.0,317.0,314.0,315.0,0.0,2579.0,460.1,320.5
SBL,7/12/2012,315.0,317.0,307.0,317.0,0.63,756.0,460.1,320.5
SBL,7/15/2012,317.0,345.0,311.0,345.0,8.83,1583.0,460.1,320.5
SBL,7/19/2012,345.0,339.0,324.0,329.0,-4.64,5242.0,460.1,320.5
SBL,7/22/2012,329.0,345.0,331.0,339.0,3.04,6695.0,460.1,320.5
SBL,7/23/2012,339.0,345.0,336.0,337.0,-0.59,1376.0,460.1,320.5
SBL,7/24/2012,337.0,335.0,325.0,332.0,-1.48,1730.0,460.1,320.5
SBL,7/25/2012,332.0,334.0,326.0,330.0,-0.6,2760.0,460.1,320.5
SBL,7/26/2012,330.0,328.0,321.0,325.0,-1.52,2881.0,460.1,320.5
SBL,7/29/2012,325.0,325.0,315.0,319.0,-1.85,710.0,460.1,320.5
SBL,7/30/2012,319.0,325.0,320.0,321.0,0.63,3854.0,460.1,320.5
SBL,7/31/2012,321.0,325.0,315.0,325.0,1.25,4035.0,460.1,320.5
SBL,8/1/2012,325.0,329.0,321.0,329.0,1.23,2464.0,460.1,320.5
SBL,8/5/2012,329.0,323.0,322.0,322.0,-2.13,225.0,460.1,320.5
SBL,8/6/2012,322.0,321.0,317.0,321.0,-0.31,2038.0,460.1,320.5
SBL,8/7/2012,321.0,325.0,317.0,325.0,1.25,4128.0,460.1,320.5
SBL,8/8/2012,325.0,324.0,316.0,319.0,-1.85,1586.0,460.1,320.5
SBL,8/12/2012,319.0,320.0,320.0,320.0,0.31,23.0,460.1,320.5
SBL,8/13/2012,320.0,314.0,302.0,310.0,-3.12,2387.0,460.1,320.5
SBL,8/14/2012,310.0,310.0,298.0,300.0,-3.23,2674.0,460.1,320.5
SBL,8/15/2012,300.0,300.0,290.0,294.0,-2.0,1398.0,460.1,320.5
SBL,8/16/2012,294.0,304.0,282.0,304.0,3.4,2958.0,460.1,320.5
SBL,8/19/2012,304.0,307.0,300.0,302.0,-0.66,5461.0,460.1,320.5
SBL,8/21/2012,302.0,300.0,295.0,295.0,-2.32,2083.0,460.1,320.5
SBL,8/22/2012,295.0,300.0,293.0,294.0,-0.34,2504.0,460.1,320.5
SBL,8/23/2012,294.0,297.0,288.0,290.0,-1.36,3117.0,460.1,320.5
SBL,8/26/2012,290.0,298.0,289.0,290.0,0.0,1525.0,460.1,320.5
SBL,8/27/2012,290.0,303.0,294.0,297.0,2.41,2122.0,460.1,320.5
SBL,8/28/2012,297.0,304.0,300.0,300.0,1.01,3751.0,460.1,320.5
SBL,8/29/2012,300.0,305.0,298.0,302.0,0.67,2384.0,460.1,320.5
SBL,8/30/2012,302.0,306.0,299.0,300.0,-0.66,1742.0,460.1,320.5
SBL,9/2/2012,300.0,312.0,303.0,306.0,2.0,7500.0,460.1,320.5
SBL,9/3/2012,306.0,312.0,304.0,312.0,1.96,2962.0,460.1,320.5
SBL,9/4/2012,312.0,310.0,302.0,310.0,-0.64,2001.0,460.1,320.5
SBL,9/5/2012,310.0,308.0,304.0,308.0,-0.65,4735.0,460.1,320.5
SBL,9/6/2012,308.0,312.0,306.0,310.0,0.65,2065.0,460.1,320.5
SBL,9/9/2012,310.0,312.0,306.0,309.0,-0.32,1089.0,460.1,320.5
SBL,9/10/2012,309.0,305.0,304.0,305.0,-1.29,2020.0,460.1,320.5
SBL,9/11/2012,305.0,310.0,301.0,307.0,0.66,1582.0,460.1,320.5
SBL,9/12/2012,307.0,317.0,307.0,316.0,2.93,3970.0,460.1,320.5
SBL,9/13/2012,316.0,311.0,310.0,310.0,-1.9,1978.0,460.1,320.5
SBL,9/16/2012,310.0,312.0,310.0,312.0,0.65,1734.0,460.1,320.5
SBL,9/17/2012,312.0,318.0,309.0,318.0,1.92,1692.0,460.1,320.5
SBL,9/18/2012,318.0,324.0,318.0,318.0,0.0,2227.0,460.1,320.5
SBL,9/19/2012,318.0,324.0,315.0,320.0,0.63,1886.0,460.1,320.5
SBL,9/20/2012,320.0,316.0,310.0,310.0,-3.12,1314.0,460.1,320.5
SBL,9/23/2012,310.0,310.0,301.0,307.0,-0.97,1281.0,460.1,320.5
SBL,9/24/2012,307.0,304.0,298.0,298.0,-2.93,1532.0,460.1,320.5
SBL,9/25/2012,298.0,302.0,297.0,302.0,1.34,776.0,460.1,320.5
SBL,9/26/2012,302.0,305.0,300.0,304.0,0.66,1441.0,460.1,320.5
SBL,9/30/2012,305.0,303.0,297.0,300.0,-1.32,625.0,460.1,320.5
SBL,10/1/2012,300.0,305.0,300.0,300.0,0.0,676.0,460.1,320.5
SBL,10/2/2012,300.0,300.0,300.0,300.0,0.0,841.0,460.1,320.5
SBL,10/3/2012,300.0,300.0,294.0,295.0,-1.67,2316.0,460.1,320.5
SBL,10/4/2012,295.0,298.0,290.0,290.0,-1.69,2165.0,460.1,320.5
SBL,10/7/2012,290.0,300.0,290.0,298.0,2.76,1405.0,460.1,320.5
SBL,10/8/2012,298.0,304.0,293.0,300.0,0.67,1095.0,460.1,320.5
SBL,10/9/2012,300.0,298.0,293.0,293.0,-2.33,614.0,460.1,320.5
SBL,10/10/2012,293.0,294.0,289.0,290.0,-1.02,1885.0,460.1,320.5
SBL,10/11/2012,290.0,290.0,285.0,289.0,-0.34,373.0,460.1,320.5
SBL,10/14/2012,289.0,293.0,287.0,289.0,0.0,480.0,460.1,320.5
SBL,10/15/2012,289.0,303.0,286.0,291.0,0.69,39514.0,460.1,320.5
SBL,10/17/2012,291.0,303.0,295.0,302.0,3.78,2997.0,460.1,320.5
SBL,10/18/2012,302.0,305.0,300.0,304.0,0.66,2442.0,460.1,320.5
SBL,10/30/2012,304.0,316.0,304.0,311.0,2.3,844.0,460.1,320.5
SBL,10/31/2012,311.0,323.0,313.0,319.0,2.57,1705.0,460.1,320.5
SBL,11/1/2012,319.0,314.0,308.0,313.0,-1.88,2623.0,460.1,320.5
SBL,11/4/2012,313.0,325.0,308.0,316.0,0.96,2303.0,460.1,320.5
SBL,11/5/2012,316.0,323.0,311.0,320.0,1.27,10411.0,460.1,320.5
SBL,11/6/2012,320.0,328.0,320.0,321.0,0.31,5591.0,460.1,320.5
SBL,11/7/2012,321.0,333.0,325.0,331.0,3.12,6585.0,460.1,320.5
SBL,11/8/2012,331.0,356.0,330.0,342.0,3.32,14160.0,460.1,320.5
SBL,11/11/2012,342.0,340.0,317.0,322.0,-5.85,2000.0,460.1,320.5
SBL,11/12/2012,322.0,339.0,320.0,339.0,5.28,2327.0,460.1,320.5
SBL,11/18/2012,339.0,347.0,337.0,346.0,2.06,4422.0,460.1,320.5
SBL,11/20/2012,346.0,366.0,345.0,354.0,2.31,5122.0,460.1,320.5
SBL,11/21/2012,354.0,352.0,329.0,343.0,-3.11,5835.0,460.1,320.5
SBL,11/22/2012,343.0,341.0,335.0,335.0,-2.33,4444.0,460.1,320.5
SBL,11/25/2012,335.0,345.0,319.0,321.0,-4.18,12155.0,460.1,320.5
SBL,11/26/2012,321.0,331.0,315.0,323.0,0.62,4045.0,460.1,320.5
SBL,11/27/2012,323.0,322.0,317.0,319.0,-1.24,2094.0,460.1,320.5
SBL,11/28/2012,319.0,324.0,317.0,324.0,1.57,259.0,460.1,320.5
SBL,11/29/2012,324.0,322.0,318.0,322.0,-0.62,2244.0,460.1,320.5
SBL,12/2/2012,322.0,316.0,315.0,315.0,-2.17,386.0,460.1,320.5
SBL,12/3/2012,315.0,312.0,305.0,307.0,-2.54,2374.0,460.1,320.5
SBL,12/4/2012,307.0,317.0,308.0,313.0,1.95,3193.0,460.1,320.5
SBL,12/5/2012,313.0,330.0,319.0,329.0,5.11,3442.0,460.1,320.5
SBL,12/6/2012,329.0,326.0,320.0,323.0,-1.82,1369.0,460.1,320.5
SBL,12/9/2012,323.0,322.0,316.0,317.0,-1.86,1916.0,460.1,320.5
SBL,12/10/2012,317.0,325.0,315.0,325.0,2.52,1085.0,460.1,320.5
SBL,12/11/2012,325.0,320.0,314.0,316.0,-2.77,460.0,460.1,320.5
SBL,12/12/2012,316.0,320.0,310.0,315.0,-0.32,2726.0,460.1,320.5
SBL,12/13/2012,315.0,320.0,312.0,319.0,1.27,3094.0,460.1,320.5
SBL,12/16/2012,319.0,331.0,322.0,323.0,1.25,1579.0,460.1,320.5
SBL,12/17/2012,323.0,347.0,316.0,326.0,0.93,10893.0,460.1,320.5
SBL,12/18/2012,326.0,327.0,316.0,327.0,0.31,813.0,460.1,320.5
SBL,12/19/2012,327.0,334.0,320.0,326.0,-0.31,1662.0,460.1,320.5
SBL,12/20/2012,326.0,329.0,320.0,329.0,0.92,5866.0,460.1,320.5
SBL,12/23/2012,329.0,338.0,324.0,338.0,2.74,16382.0,460.1,320.5
SBL,12/24/2012,338.0,344.0,335.0,342.0,1.18,10602.0,460.1,320.5
SBL,12/26/2012,342.0,361.0,341.0,341.0,-0.29,10614.0,460.1,320.5
SBL,12/27/2012,341.0,359.0,345.0,346.0,1.47,14104.0,460.1,320.5
SBL,12/31/2012,346.0,342.0,328.0,338.0,-2.31,2133.0,460.1,320.5
SBL,1/1/2013,338.0,332.0,324.0,328.0,-2.96,1228.0,460.1,320.5
SBL,1/2/2013,328.0,326.0,319.0,326.0,-0.61,4379.0,460.1,320.5
SBL,1/3/2013,326.0,338.0,310.0,332.0,1.84,5922.0,460.1,320.5
SBL,1/6/2013,332.0,331.0,325.0,330.0,-0.6,2320.0,460.1,320.5
SBL,1/7/2013,330.0,329.0,323.0,326.0,-1.21,1287.0,460.1,320.5
SBL,1/8/2013,326.0,325.0,320.0,325.0,-0.31,609.0,460.1,320.5
SBL,1/9/2013,325.0,326.0,315.0,326.0,0.31,2990.0,460.1,320.5
SBL,1/10/2013,326.0,325.0,320.0,325.0,-0.31,2224.0,460.1,320.5
SBL,1/13/2013,325.0,325.0,310.0,322.0,-0.92,3380.0,460.1,320.5
SBL,1/15/2013,322.0,327.0,315.0,315.0,-2.17,3278.0,460.1,320.5
SBL,1/16/2013,315.0,321.0,312.0,321.0,1.9,2053.0,460.1,320.5
SBL,1/17/2013,321.0,316.0,315.0,316.0,-1.56,924.0,460.1,320.5
SBL,1/21/2013,316.0,322.0,316.0,322.0,1.9,560.0,460.1,320.5
SBL,1/22/2013,322.0,323.0,313.0,318.0,-1.24,1062.0,460.1,320.5
SBL,1/23/2013,318.0,312.0,312.0,312.0,-1.89,693.0,460.1,320.5
SBL,1/24/2013,312.0,312.0,305.0,305.0,-2.24,2240.0,460.1,320.5
SBL,1/27/2013,305.0,308.0,299.0,306.0,0.33,2595.0,460.1,320.5
SBL,1/28/2013,306.0,307.0,303.0,304.0,-0.65,726.0,460.1,320.5
SBL,1/30/2013,304.0,306.0,301.0,306.0,0.66,2509.0,460.1,320.5
SBL,1/31/2013,306.0,306.0,302.0,305.0,-0.33,2206.0,460.1,320.5
SBL,2/3/2013,305.0,316.0,311.0,316.0,3.61,159.0,460.1,320.5
SBL,2/4/2013,316.0,320.0,320.0,320.0,1.27,34.0,460.1,320.5
SBL,2/5/2013,320.0,314.0,300.0,300.0,-6.25,1619.0,460.1,320.5
SBL,2/6/2013,300.0,306.0,300.0,303.0,1.0,2130.0,460.1,320.5
SBL,2/7/2013,303.0,307.0,295.0,307.0,1.32,5988.0,460.1,320.5
SBL,2/10/2013,307.0,308.0,302.0,308.0,0.33,787.0,460.1,320.5
SBL,2/12/2013,308.0,326.0,310.0,321.0,4.22,5349.0,460.1,320.5
SBL,2/13/2013,321.0,320.0,315.0,320.0,-0.31,885.0,460.1,320.5
SBL,2/14/2013,320.0,322.0,316.0,318.0,-0.62,2100.0,460.1,320.5
SBL,2/17/2013,318.0,346.0,324.0,345.0,8.49,3124.0,460.1,320.5
SBL,2/19/2013,345.0,351.0,333.0,337.0,-2.32,5456.0,460.1,320.5
SBL,2/20/2013,337.0,336.0,312.0,324.0,-3.86,541.0,460.1,320.5
SBL,2/21/2013,324.0,331.0,324.0,331.0,2.16,639.0,460.1,320.5
SBL,2/25/2013,331.0,325.0,314.0,320.0,-3.32,1372.0,460.1,320.5
SBL,2/26/2013,320.0,326.0,319.0,321.0,0.31,4693.0,460.1,320.5
SBL,2/27/2013,321.0,319.0,313.0,318.0,-0.93,2678.0,460.1,320.5
SBL,2/28/2013,318.0,318.0,310.0,318.0,0.0,2167.0,460.1,320.5
SBL,3/3/2013,318.0,323.0,313.0,315.0,-0.94,520.0,460.1,320.5
SBL,3/4/2013,315.0,318.0,314.0,318.0,0.95,501.0,460.1,320.5
SBL,3/5/2013,318.0,312.0,307.0,312.0,-1.89,2576.0,460.1,320.5
SBL,3/6/2013,312.0,318.0,305.0,311.0,-0.32,2678.0,460.1,320.5
SBL,3/7/2013,311.0,317.0,305.0,311.0,0.0,6120.0,460.1,320.5
SBL,3/11/2013,311.0,317.0,310.0,310.0,-0.32,4531.0,460.1,320.5
SBL,3/13/2013,310.0,324.0,306.0,315.0,1.61,5204.0,460.1,320.5
SBL,3/14/2013,315.0,335.0,321.0,321.0,1.9,1953.0,460.1,320.5
SBL,3/17/2013,321.0,320.0,310.0,315.0,-1.87,2535.0,460.1,320.5
SBL,3/18/2013,315.0,317.0,305.0,311.0,-1.27,2910.0,460.1,320.5
SBL,3/19/2013,311.0,312.0,309.0,312.0,0.32,2140.0,460.1,320.5
SBL,3/20/2013,312.0,312.0,306.0,306.0,-1.92,849.0,460.1,320.5
SBL,3/21/2013,306.0,311.0,303.0,308.0,0.65,2682.0,460.1,320.5
SBL,3/24/2013,308.0,302.0,297.0,298.0,-3.25,1359.0,460.1,320.5
SBL,3/25/2013,298.0,305.0,300.0,305.0,2.35,693.0,460.1,320.5
SBL,3/27/2013,305.0,303.0,300.0,300.0,-1.64,1483.0,460.1,320.5
SBL,3/28/2013,300.0,306.0,294.0,302.0,0.67,1586.0,460.1,320.5
SBL,3/31/2013,302.0,301.0,299.0,301.0,-0.33,2776.0,460.1,320.5
SBL,4/1/2013,301.0,302.0,295.0,300.0,-0.33,2200.0,460.1,320.5
SBL,4/2/2013,300.0,307.0,304.0,305.0,1.67,2673.0,460.1,320.5
SBL,4/3/2013,305.0,309.0,302.0,302.0,-0.98,2500.0,460.1,320.5
SBL,4/4/2013,302.0,303.0,299.0,302.0,0.0,3144.0,460.1,320.5
SBL,4/7/2013,302.0,304.0,300.0,301.0,-0.33,736.0,460.1,320.5
SBL,4/8/2013,301.0,305.0,300.0,305.0,1.33,982.0,460.1,320.5
SBL,4/9/2013,305.0,311.0,300.0,306.0,0.33,4264.0,460.1,320.5
SBL,4/11/2013,306.0,313.0,305.0,308.0,0.65,1547.0,460.1,320.5
SBL,4/15/2013,308.0,309.0,305.0,308.0,0.0,2176.0,460.1,320.5
SBL,4/16/2013,308.0,306.0,301.0,306.0,-0.65,6453.0,460.1,320.5
SBL,4/17/2013,306.0,304.0,300.0,303.0,-0.98,1216.0,460.1,320.5
SBL,4/18/2013,303.0,303.0,301.0,302.0,-0.33,1202.0,460.1,320.5
SBL,4/21/2013,302.0,301.0,295.0,299.0,-0.99,2768.0,460.1,320.5
SBL,4/22/2013,299.0,295.0,289.0,295.0,-1.34,1405.0,460.1,320.5
SBL,4/23/2013,295.0,304.0,297.0,299.0,1.36,5035.0,460.1,320.5
SBL,4/25/2013,299.0,300.0,295.0,295.0,-1.34,1650.0,460.1,320.5
SBL,4/28/2013,295.0,292.0,281.0,282.0,-4.41,2417.0,460.1,320.5
SBL,4/29/2013,282.0,285.0,280.0,285.0,1.06,1118.0,460.1,320.5
SBL,4/30/2013,285.0,283.0,280.0,283.0,-0.7,1185.0,460.1,320.5
SBL,5/2/2013,283.0,279.0,274.0,274.0,-3.18,1866.0,460.1,320.5
SBL,5/5/2013,274.0,276.0,272.0,272.0,-0.73,2181.0,460.1,320.5
SBL,5/6/2013,272.0,272.0,264.0,272.0,0.0,3084.0,460.1,320.5
SBL,5/7/2013,272.0,299.0,277.0,299.0,9.93,1917.0,460.1,320.5
SBL,5/8/2013,299.0,304.0,288.0,296.0,-1.0,4220.0,460.1,320.5
SBL,5/9/2013,296.0,295.0,285.0,285.0,-3.72,2325.0,460.1,320.5
SBL,5/12/2013,285.0,283.0,277.0,280.0,-1.75,3143.0,460.1,320.5
SBL,5/13/2013,280.0,293.0,275.0,293.0,4.64,36739.0,460.1,320.5
SBL,5/14/2013,293.0,298.0,289.0,290.0,-1.02,1386.0,460.1,320.5
SBL,5/15/2013,290.0,301.0,290.0,298.0,2.76,3621.0,460.1,320.5
SBL,5/16/2013,298.0,295.0,290.0,294.0,-1.34,1689.0,460.1,320.5
SBL,5/19/2013,294.0,295.0,290.0,290.0,-1.36,5174.0,460.1,320.5
SBL,5/20/2013,290.0,294.0,286.0,290.0,0.0,2557.0,460.1,320.5
SBL,5/21/2013,290.0,295.0,288.0,294.0,1.38,859.0,460.1,320.5
SBL,5/22/2013,294.0,293.0,282.0,285.0,-3.06,6137.0,460.1,320.5
SBL,5/23/2013,285.0,288.0,283.0,285.0,0.0,1440.0,460.1,320.5
SBL,5/26/2013,285.0,289.0,285.0,289.0,1.4,944.0,460.1,320.5
SBL,5/27/2013,289.0,290.0,284.0,290.0,0.35,3148.0,460.1,320.5
SBL,5/28/2013,290.0,295.0,291.0,292.0,0.69,1758.0,460.1,320.5
SBL,5/30/2013,292.0,294.0,292.0,292.0,0.0,623.0,460.1,320.5
SBL,6/2/2013,292.0,290.0,287.0,288.0,-1.37,1703.0,460.1,320.5
SBL,6/3/2013,288.0,291.0,288.0,288.0,0.0,1850.0,460.1,320.5
SBL,6/4/2013,288.0,290.0,284.0,289.0,0.35,3125.0,460.1,320.5
SBL,6/5/2013,289.0,290.0,280.0,290.0,0.35,906.0,460.1,320.5
SBL,6/6/2013,290.0,290.0,286.0,290.0,0.0,942.0,460.1,320.5
SBL,6/9/2013,290.0,290.0,286.0,290.0,0.0,1046.0,460.1,320.5
SBL,6/10/2013,290.0,286.0,281.0,285.0,-1.72,1759.0,460.1,320.5
SBL,6/11/2013,285.0,290.0,280.0,286.0,0.35,1469.0,460.1,320.5
SBL,6/12/2013,286.0,290.0,290.0,290.0,1.4,32.0,460.1,320.5
SBL,6/13/2013,290.0,295.0,288.0,295.0,1.72,2046.0,460.1,320.5
SBL,6/16/2013,295.0,291.0,290.0,291.0,-1.36,892.0,460.1,320.5
SBL,6/17/2013,291.0,289.0,281.0,281.0,-3.44,827.0,460.1,320.5
SBL,6/18/2013,281.0,290.0,286.0,290.0,3.2,652.0,460.1,320.5
SBL,6/19/2013,290.0,288.0,285.0,288.0,-0.69,922.0,460.1,320.5
SBL,6/20/2013,288.0,292.0,288.0,290.0,0.69,4271.0,460.1,320.5
SBL,6/23/2013,290.0,286.0,284.0,284.0,-2.07,865.0,460.1,320.5
SBL,6/24/2013,284.0,286.0,282.0,286.0,0.7,3722.0,460.1,320.5
SBL,6/25/2013,286.0,295.0,285.0,295.0,3.15,1725.0,460.1,320.5
SBL,6/26/2013,295.0,305.0,295.0,299.0,1.36,5262.0,460.1,320.5
SBL,6/27/2013,299.0,299.0,289.0,289.0,-3.34,1166.0,460.1,320.5
SBL,6/30/2013,289.0,291.0,289.0,290.0,0.35,1151.0,460.1,320.5
SBL,7/1/2013,290.0,300.0,288.0,297.0,2.41,1738.0,460.1,320.5
SBL,7/2/2013,297.0,299.0,288.0,293.0,-1.35,2862.0,460.1,320.5
SBL,7/3/2013,293.0,295.0,290.0,295.0,0.68,1109.0,460.1,320.5
SBL,7/4/2013,295.0,297.0,283.0,290.0,-1.69,5722.0,460.1,320.5
SBL,7/7/2013,290.0,292.0,289.0,292.0,0.69,865.0,460.1,320.5
SBL,7/8/2013,292.0,297.0,287.0,297.0,1.71,3543.0,460.1,320.5
SBL,7/9/2013,297.0,304.0,298.0,300.0,1.01,2941.0,460.1,320.5
SBL,7/10/2013,300.0,305.0,301.0,305.0,1.67,2425.0,460.1,320.5
SBL,7/11/2013,305.0,305.0,298.0,300.0,-1.64,1795.0,460.1,320.5
SBL,7/14/2013,300.0,308.0,303.0,303.0,1.0,852.0,460.1,320.5
SBL,7/15/2013,303.0,305.0,298.0,300.0,-0.99,2183.0,460.1,320.5
SBL,7/16/2013,300.0,305.0,301.0,302.0,0.67,1235.0,460.1,320.5
SBL,7/17/2013,302.0,305.0,300.0,305.0,0.99,1262.0,460.1,320.5
SBL,7/18/2013,305.0,315.0,305.0,315.0,3.28,5599.0,460.1,320.5
SBL,7/21/2013,315.0,335.0,316.0,332.0,5.4,8632.0,460.1,320.5
SBL,7/22/2013,332.0,354.0,330.0,342.0,3.01,16489.0,460.1,320.5
SBL,7/23/2013,342.0,345.0,337.0,339.0,-0.88,8477.0,460.1,320.5
SBL,7/24/2013,339.0,338.0,325.0,336.0,-0.88,10059.0,460.1,320.5
SBL,7/25/2013,336.0,342.0,330.0,342.0,1.79,10326.0,460.1,320.5
SBL,7/28/2013,342.0,345.0,334.0,343.0,0.29,4932.0,460.1,320.5
SBL,7/29/2013,343.0,347.0,338.0,342.0,-0.29,8486.0,460.1,320.5
SBL,7/30/2013,342.0,347.0,340.0,344.0,0.58,7131.0,460.1,320.5
SBL,7/31/2013,344.0,360.0,349.0,355.0,3.2,15721.0,460.1,320.5
SBL,8/1/2013,355.0,360.0,344.0,355.0,0.0,9378.0,460.1,320.5
SBL,8/4/2013,355.0,353.0,348.0,348.0,-1.97,9506.0,460.1,320.5
SBL,8/5/2013,348.0,342.0,331.0,338.0,-2.87,10843.0,460.1,320.5
SBL,8/6/2013,338.0,344.0,327.0,339.0,0.3,7717.0,460.1,320.5
SBL,8/7/2013,339.0,348.0,340.0,346.0,2.06,8497.0,460.1,320.5
SBL,8/8/2013,346.0,349.0,343.0,349.0,0.87,22646.0,460.1,320.5
SBL,8/11/2013,349.0,369.0,355.0,361.0,3.44,38218.0,460.1,320.5
SBL,8/12/2013,361.0,369.0,355.0,355.0,-1.66,14400.0,460.1,320.5
SBL,8/13/2013,355.0,360.0,355.0,358.0,0.85,17898.0,460.1,320.5
SBL,8/14/2013,358.0,358.0,353.0,354.0,-1.12,6049.0,460.1,320.5
SBL,8/15/2013,354.0,357.0,352.0,355.0,0.28,10433.0,460.1,320.5
SBL,8/18/2013,350.0,371.0,345.0,370.0,4.23,19191.0,460.1,320.5
SBL,8/19/2013,370.0,391.0,370.0,387.0,4.59,18076.0,460.1,320.5
SBL,8/20/2013,387.0,404.0,392.0,395.0,2.07,21576.0,460.1,320.5
SBL,8/25/2013,395.0,405.0,394.0,395.0,0.0,14014.0,460.1,320.5
SBL,8/26/2013,395.0,410.0,390.0,396.0,0.25,19762.0,460.1,320.5
SBL,8/27/2013,396.0,401.0,383.0,400.0,1.01,40422.0,460.1,320.5
SBL,8/29/2013,400.0,400.0,393.0,400.0,0.0,21389.0,460.1,320.5
SBL,9/1/2013,400.0,399.0,395.0,397.0,-0.75,6965.0,460.1,320.5
SBL,9/2/2013,397.0,395.0,390.0,395.0,-0.5,21059.0,460.1,320.5
SBL,9/3/2013,395.0,394.0,390.0,392.0,-0.76,17438.0,460.1,320.5
SBL,9/4/2013,392.0,394.0,386.0,389.0,-0.77,5389.0,460.1,320.5
SBL,9/5/2013,389.0,395.0,388.0,394.0,1.29,6594.0,460.1,320.5
SBL,9/8/2013,394.0,397.0,392.0,395.0,0.25,4829.0,460.1,320.5
SBL,9/9/2013,395.0,396.0,394.0,396.0,0.25,5094.0,460.1,320.5
SBL,9/10/2013,396.0,393.0,380.0,382.0,-3.54,9457.0,460.1,320.5
SBL,9/11/2013,382.0,387.0,380.0,384.0,0.52,2790.0,460.1,320.5
SBL,9/12/2013,384.0,388.0,380.0,388.0,1.04,5732.0,460.1,320.5
SBL,9/15/2013,388.0,385.0,380.0,385.0,-0.77,4796.0,460.1,320.5
SBL,9/16/2013,384.0,382.0,375.0,380.0,-1.3,3155.0,460.1,320.5
SBL,9/17/2013,380.0,393.0,375.0,393.0,3.42,2825.0,460.1,320.5
SBL,9/19/2013,393.0,386.0,375.0,380.0,-3.31,6040.0,460.1,320.5
SBL,9/22/2013,380.0,377.0,370.0,372.0,-2.11,2412.0,460.1,320.5
SBL,9/23/2013,372.0,370.0,363.0,363.0,-2.42,3054.0,460.1,320.5
SBL,9/24/2013,363.0,372.0,363.0,371.0,2.2,7330.0,460.1,320.5
SBL,9/25/2013,371.0,373.0,368.0,372.0,0.27,3361.0,460.1,320.5
SBL,9/26/2013,372.0,375.0,365.0,367.0,-1.34,3494.0,460.1,320.5
SBL,9/29/2013,367.0,371.0,365.0,365.0,-0.54,2322.0,460.1,320.5
SBL,9/30/2013,365.0,369.0,361.0,369.0,1.1,8106.0,460.1,320.5
SBL,10/1/2013,369.0,372.0,364.0,370.0,0.27,7281.0,460.1,320.5
SBL,10/2/2013,370.0,374.0,367.0,373.0,0.81,2296.0,460.1,320.5
SBL,10/3/2013,373.0,383.0,375.0,380.0,1.88,3297.0,460.1,320.5
SBL,10/6/2013,380.0,380.0,374.0,380.0,0.0,1925.0,460.1,320.5
SBL,10/7/2013,380.0,385.0,380.0,385.0,1.32,2676.0,460.1,320.5
SBL,10/8/2013,385.0,392.0,389.0,392.0,1.82,7417.0,460.1,320.5
SBL,10/9/2013,392.0,396.0,386.0,388.0,-1.02,5605.0,460.1,320.5
SBL,10/10/2013,388.0,395.0,390.0,390.0,0.52,2208.0,460.1,320.5
SBL,10/17/2013,390.0,398.0,392.0,392.0,0.51,399.0,460.1,320.5
SBL,10/20/2013,392.0,401.0,395.0,400.0,2.04,12849.0,460.1,320.5
SBL,10/21/2013,400.0,405.0,392.0,400.0,0.0,12388.0,460.1,320.5
SBL,10/22/2013,400.0,398.0,390.0,390.0,-2.5,1551.0,460.1,320.5
SBL,10/23/2013,390.0,392.0,390.0,392.0,0.51,1124.0,460.1,320.5
SBL,10/24/2013,392.0,391.0,388.0,390.0,-0.51,3223.0,460.1,320.5
SBL,10/27/2013,390.0,390.0,383.0,390.0,0.0,2704.0,460.1,320.5
SBL,10/28/2013,390.0,395.0,383.0,388.0,-0.51,2319.0,460.1,320.5
SBL,10/29/2013,388.0,388.0,386.0,387.0,-0.26,784.0,460.1,320.5
SBL,10/30/2013,387.0,393.0,387.0,392.0,1.29,2887.0,460.1,320.5
SBL,10/31/2013,392.0,396.0,390.0,395.0,0.77,5697.0,460.1,320.5
SBL,11/6/2013,395.0,402.0,393.0,394.0,-0.25,634.0,460.1,320.5
SBL,11/7/2013,394.0,395.0,387.0,391.0,-0.76,2024.0,460.1,320.5
SBL,11/10/2013,391.0,393.0,390.0,393.0,0.51,2388.0,460.1,320.5
SBL,11/11/2013,393.0,407.0,390.0,404.0,2.8,5578.0,460.1,320.5
SBL,11/12/2013,404.0,420.0,400.0,410.0,1.49,21927.0,460.1,320.5
SBL,11/13/2013,410.0,418.0,400.0,416.0,1.46,25596.0,460.1,320.5
SBL,11/14/2013,416.0,413.0,408.0,410.0,-1.44,9592.0,460.1,320.5
SBL,11/21/2013,410.0,442.0,418.0,442.0,7.8,281.0,460.1,320.5
SBL,11/24/2013,442.0,486.0,450.0,460.0,4.07,25192.0,460.1,320.5
SBL,11/25/2013,460.0,474.0,439.0,460.0,0.0,11761.0,460.1,320.5
SBL,11/26/2013,460.0,472.0,458.0,458.0,-0.43,15974.0,460.1,320.5
SBL,11/27/2013,458.0,467.0,455.0,460.0,0.44,5518.0,460.1,320.5
SBL,11/28/2013,460.0,460.0,450.0,455.0,-1.09,7593.0,460.1,320.5
SBL,12/1/2013,455.0,484.0,464.0,471.0,3.52,24214.0,460.1,320.5
SBL,12/2/2013,471.0,491.0,471.0,491.0,4.25,20439.0,460.1,320.5
SBL,12/3/2013,491.0,510.0,499.0,500.0,1.83,19036.0,460.1,320.5
SBL,12/4/2013,500.0,550.0,510.0,515.0,3.0,14632.0,460.1,320.5
SBL,12/5/2013,515.0,561.0,517.0,530.0,2.91,18149.0,460.1,320.5
SBL,12/8/2013,530.0,549.0,520.0,531.0,0.19,24817.0,460.1,320.5
SBL,12/9/2013,531.0,546.0,528.0,545.0,2.64,14569.0,460.1,320.5
SBL,12/10/2013,545.0,554.0,539.0,546.0,0.18,13358.0,460.1,320.5
SBL,12/11/2013,546.0,580.0,550.0,570.0,4.4,8005.0,460.1,320.5
SBL,12/12/2013,570.0,583.0,571.0,580.0,1.75,14273.0,460.1,320.5
SBL,12/15/2013,580.0,635.0,570.0,635.0,9.48,17436.0,460.1,320.5
SBL,12/16/2013,635.0,692.0,647.0,690.0,8.66,10066.0,460.1,320.5
SBL,12/18/2013,690.0,731.0,703.0,710.0,2.9,13606.0,460.1,320.5
SBL,12/19/2013,710.0,700.0,670.0,675.0,-4.93,14344.0,460.1,320.5
SBL,12/22/2013,675.0,680.0,640.0,671.0,-0.59,16844.0,460.1,320.5
SBL,12/23/2013,660.0,671.0,639.0,639.0,-4.77,12231.0,460.1,320.5
SBL,12/24/2013,639.0,675.0,590.0,648.0,1.41,24443.0,460.1,320.5
SBL,12/26/2013,645.0,706.0,657.0,686.0,5.86,23814.0,460.1,320.5
SBL,12/29/2013,686.0,690.0,666.0,675.0,-1.6,13539.0,460.1,320.5
SBL,12/31/2013,675.0,670.0,653.0,658.0,-2.52,13521.0,460.1,320.5
SBL,1/1/2014,658.0,661.0,639.0,658.0,0.0,30824.0,460.1,320.5
SBL,1/2/2014,588.0,615.0,577.0,600.0,-8.81,1794.0,460.1,320.5
SBL,1/5/2014,600.0,606.0,581.0,587.0,-2.17,1816.0,460.1,320.5
SBL,1/6/2014,587.0,592.0,568.0,575.0,-2.04,1613.0,460.1,320.5
SBL,1/7/2014,575.0,580.0,566.0,580.0,0.87,4610.0,460.1,320.5
SBL,1/8/2014,580.0,601.0,570.0,580.0,0.0,14172.0,460.1,320.5
SBL,1/9/2014,580.0,581.0,577.0,577.0,-0.52,3284.0,460.1,320.5
SBL,1/12/2014,577.0,598.0,580.0,586.0,1.56,4556.0,460.1,320.5
SBL,1/13/2014,586.0,590.0,575.0,590.0,0.68,5931.0,460.1,320.5
SBL,1/14/2014,590.0,602.0,579.0,600.0,1.69,5967.0,460.1,320.5
SBL,1/16/2014,600.0,612.0,595.0,595.0,-0.83,7486.0,460.1,320.5
SBL,1/19/2014,595.0,590.0,585.0,590.0,-0.84,631.0,460.1,320.5
SBL,1/20/2014,590.0,587.0,578.0,580.0,-1.69,5822.0,460.1,320.5
SBL,1/21/2014,580.0,591.0,580.0,588.0,1.38,996.0,460.1,320.5
SBL,1/22/2014,588.0,587.0,579.0,585.0,-0.51,7673.0,460.1,320.5
SBL,1/23/2014,585.0,590.0,580.0,589.0,0.68,2566.0,460.1,320.5
SBL,1/26/2014,589.0,590.0,580.0,585.0,-0.68,1590.0,460.1,320.5
SBL,1/27/2014,585.0,575.0,565.0,570.0,-2.56,605.0,460.1,320.5
SBL,1/28/2014,570.0,581.0,570.0,576.0,1.05,1421.0,460.1,320.5
SBL,1/29/2014,576.0,578.0,568.0,575.0,-0.17,1198.0,460.1,320.5
SBL,2/2/2014,575.0,590.0,575.0,575.0,0.0,5265.0,460.1,320.5
SBL,2/3/2014,575.0,580.0,570.0,571.0,-0.7,3697.0,460.1,320.5
SBL,2/4/2014,571.0,575.0,568.0,568.0,-0.53,7146.0,460.1,320.5
SBL,2/6/2014,580.0,585.0,565.0,574.0,1.06,21299.0,460.1,320.5
SBL,2/9/2014,574.0,576.0,565.0,570.0,-0.7,5065.0,460.1,320.5
SBL,2/10/2014,570.0,620.0,581.0,601.0,5.44,3713.0,460.1,320.5
SBL,2/11/2014,601.0,600.0,575.0,582.0,-3.16,15906.0,460.1,320.5
SBL,2/12/2014,582.0,595.0,577.0,577.0,-0.86,1627.0,460.1,320.5
SBL,2/13/2014,577.0,592.0,580.0,580.0,0.52,2363.0,460.1,320.5
SBL,2/16/2014,580.0,587.0,575.0,587.0,1.21,1795.0,460.1,320.5
SBL,2/17/2014,587.0,602.0,585.0,585.0,-0.34,1826.0,460.1,320.5
SBL,2/18/2014,585.0,591.0,576.0,588.0,0.51,2760.0,460.1,320.5
SBL,2/20/2014,588.0,604.0,575.0,590.0,0.34,11158.0,460.1,320.5
SBL,2/23/2014,590.0,605.0,590.0,595.0,0.85,8792.0,460.1,320.5
SBL,2/24/2014,595.0,615.0,595.0,595.0,0.0,11724.0,460.1,320.5
SBL,2/25/2014,595.0,605.0,590.0,601.0,1.01,4557.0,460.1,320.5
SBL,2/26/2014,601.0,603.0,576.0,590.0,-1.83,4471.0,460.1,320.5
SBL,3/3/2014,590.0,581.0,570.0,577.0,-2.2,2468.0,460.1,320.5
SBL,3/4/2014,577.0,575.0,560.0,575.0,-0.35,5896.0,460.1,320.5
SBL,3/5/2014,575.0,588.0,575.0,581.0,1.04,3966.0,460.1,320.5
SBL,3/6/2014,581.0,585.0,570.0,570.0,-1.89,1382.0,460.1,320.5
SBL,3/9/2014,570.0,561.0,542.0,542.0,-4.91,3692.0,460.1,320.5
SBL,3/10/2014,542.0,560.0,541.0,541.0,-0.18,7723.0,460.1,320.5
SBL,3/11/2014,541.0,550.0,535.0,535.0,-1.11,6132.0,460.1,320.5
SBL,3/12/2014,535.0,545.0,527.0,545.0,1.87,4342.0,460.1,320.5
SBL,3/13/2014,545.0,568.0,541.0,541.0,-0.73,4483.0,460.1,320.5
SBL,3/17/2014,541.0,532.0,520.0,525.0,-2.96,3912.0,460.1,320.5
SBL,3/18/2014,525.0,527.0,516.0,520.0,-0.95,14452.0,460.1,320.5
SBL,3/19/2014,520.0,544.0,520.0,525.0,0.96,2791.0,460.1,320.5
SBL,3/20/2014,525.0,530.0,520.0,529.0,0.76,10417.0,460.1,320.5
SBL,3/23/2014,529.0,531.0,520.0,531.0,0.38,6259.0,460.1,320.5
SBL,3/24/2014,531.0,542.0,530.0,542.0,2.07,5075.0,460.1,320.5
SBL,3/25/2014,542.0,542.0,535.0,542.0,0.0,3889.0,460.1,320.5
SBL,3/26/2014,542.0,545.0,540.0,540.0,-0.37,1683.0,460.1,320.5
SBL,3/27/2014,540.0,542.0,534.0,537.0,-0.56,5068.0,460.1,320.5
SBL,3/31/2014,537.0,545.0,531.0,545.0,1.49,8164.0,460.1,320.5
SBL,4/1/2014,545.0,553.0,535.0,544.0,-0.18,5991.0,460.1,320.5
SBL,4/2/2014,544.0,560.0,545.0,555.0,2.02,7472.0,460.1,320.5
SBL,4/3/2014,555.0,561.0,550.0,550.0,-0.9,5404.0,460.1,320.5
SBL,4/6/2014,550.0,550.0,530.0,543.0,-1.27,3861.0,460.1,320.5
SBL,4/7/2014,543.0,541.0,534.0,538.0,-0.92,6457.0,460.1,320.5
SBL,4/9/2014,538.0,548.0,535.0,540.0,0.37,8384.0,460.1,320.5
SBL,4/10/2014,540.0,560.0,542.0,555.0,2.78,4157.0,460.1,320.5
SBL,4/13/2014,555.0,573.0,558.0,567.0,2.16,5053.0,460.1,320.5
SBL,4/15/2014,567.0,570.0,560.0,561.0,-1.06,3866.0,460.1,320.5
SBL,4/16/2014,561.0,560.0,550.0,556.0,-0.89,2574.0,460.1,320.5
SBL,4/17/2014,556.0,560.0,544.0,555.0,-0.18,9120.0,460.1,320.5
SBL,4/20/2014,555.0,555.0,545.0,549.0,-1.08,5444.0,460.1,320.5
SBL,4/21/2014,549.0,550.0,536.0,545.0,-0.73,3790.0,460.1,320.5
SBL,4/22/2014,545.0,552.0,537.0,552.0,1.28,17530.0,460.1,320.5
SBL,4/23/2014,552.0,561.0,552.0,555.0,0.54,3311.0,460.1,320.5
SBL,4/27/2014,555.0,555.0,548.0,548.0,-1.26,1535.0,460.1,320.5
SBL,4/28/2014,548.0,549.0,530.0,536.0,-2.19,4612.0,460.1,320.5
SBL,4/29/2014,536.0,536.0,526.0,531.0,-0.93,7200.0,460.1,320.5
SBL,4/30/2014,531.0,543.0,526.0,539.0,1.51,9134.0,460.1,320.5
SBL,5/4/2014,539.0,564.0,546.0,560.0,3.9,12125.0,460.1,320.5
SBL,5/5/2014,560.0,602.0,555.0,602.0,7.5,8672.0,460.1,320.5
SBL,5/6/2014,602.0,640.0,590.0,617.0,2.49,29604.0,460.1,320.5
SBL,5/7/2014,617.0,637.0,612.0,612.0,-0.81,11268.0,460.1,320.5
SBL,5/8/2014,612.0,619.0,604.0,609.0,-0.49,8514.0,460.1,320.5
SBL,5/11/2014,609.0,610.0,595.0,600.0,-1.48,9135.0,460.1,320.5
SBL,5/12/2014,600.0,613.0,605.0,606.0,1.0,7377.0,460.1,320.5
SBL,5/13/2014,606.0,615.0,608.0,608.0,0.33,9992.0,460.1,320.5
SBL,5/15/2014,608.0,622.0,610.0,620.0,1.97,8599.0,460.1,320.5
SBL,5/18/2014,620.0,635.0,615.0,625.0,0.81,7652.0,460.1,320.5
SBL,5/19/2014,625.0,628.0,615.0,619.0,-0.96,11925.0,460.1,320.5
SBL,5/20/2014,619.0,618.0,612.0,618.0,-0.16,3719.0,460.1,320.5
SBL,5/21/2014,618.0,625.0,600.0,623.0,0.81,9668.0,460.1,320.5
SBL,5/22/2014,623.0,626.0,607.0,622.0,-0.16,11693.0,460.1,320.5
SBL,5/25/2014,622.0,656.0,625.0,633.0,1.77,11842.0,460.1,320.5
SBL,5/26/2014,633.0,640.0,628.0,636.0,0.47,8592.0,460.1,320.5
SBL,5/27/2014,636.0,640.0,631.0,640.0,0.63,6493.0,460.1,320.5
SBL,5/28/2014,640.0,651.0,635.0,650.0,1.56,10391.0,460.1,320.5
SBL,6/1/2014,650.0,702.0,650.0,699.0,7.54,16668.0,460.1,320.5
SBL,6/2/2014,699.0,712.0,690.0,702.0,0.43,34422.0,460.1,320.5
SBL,6/3/2014,702.0,760.0,710.0,735.0,4.7,27005.0,460.1,320.5
SBL,6/4/2014,735.0,754.0,734.0,750.0,2.04,27167.0,460.1,320.5
SBL,6/5/2014,750.0,747.0,725.0,736.0,-1.87,11757.0,460.1,320.5
SBL,6/8/2014,736.0,743.0,729.0,731.0,-0.68,8247.0,460.1,320.5
SBL,6/9/2014,731.0,731.0,713.0,722.0,-1.23,10661.0,460.1,320.5
SBL,6/10/2014,722.0,740.0,721.0,725.0,0.42,10186.0,460.1,320.5
SBL,6/11/2014,725.0,745.0,722.0,731.0,0.83,14183.0,460.1,320.5
SBL,6/12/2014,731.0,740.0,712.0,740.0,1.23,18974.0,460.1,320.5
SBL,6/15/2014,740.0,755.0,741.0,745.0,0.68,11152.0,460.1,320.5
SBL,6/16/2014,745.0,754.0,741.0,741.0,-0.54,7754.0,460.1,320.5
SBL,6/17/2014,741.0,745.0,720.0,735.0,-0.81,5935.0,460.1,320.5
SBL,6/18/2014,735.0,739.0,730.0,732.0,-0.41,6868.0,460.1,320.5
SBL,6/19/2014,732.0,730.0,719.0,724.0,-1.09,7642.0,460.1,320.5
SBL,6/23/2014,724.0,730.0,705.0,730.0,0.83,6128.0,460.1,320.5
SBL,6/24/2014,730.0,736.0,716.0,719.0,-1.51,8561.0,460.1,320.5
SBL,6/25/2014,719.0,746.0,723.0,730.0,1.53,5323.0,460.1,320.5
SBL,6/26/2014,730.0,740.0,730.0,731.0,0.14,3995.0,460.1,320.5
SBL,6/29/2014,731.0,744.0,729.0,730.0,-0.14,6610.0,460.1,320.5
SBL,6/30/2014,730.0,743.0,730.0,735.0,0.68,9706.0,460.1,320.5
SBL,7/1/2014,735.0,746.0,725.0,735.0,0.0,10726.0,460.1,320.5
SBL,7/2/2014,735.0,749.0,735.0,742.0,0.95,6814.0,460.1,320.5
SBL,7/3/2014,742.0,745.0,733.0,736.0,-0.81,9414.0,460.1,320.5
SBL,7/6/2014,736.0,742.0,730.0,739.0,0.41,8238.0,460.1,320.5
SBL,7/7/2014,739.0,752.0,738.0,750.0,1.49,8810.0,460.1,320.5
SBL,7/8/2014,750.0,775.0,753.0,775.0,3.33,11742.0,460.1,320.5
SBL,7/9/2014,775.0,781.0,760.0,781.0,0.77,6685.0,460.1,320.5
SBL,7/10/2014,781.0,816.0,755.0,800.0,2.43,11021.0,460.1,320.5
SBL,7/13/2014,800.0,835.0,807.0,816.0,2.0,17232.0,460.1,320.5
SBL,7/14/2014,816.0,832.0,800.0,810.0,-0.74,11478.0,460.1,320.5
SBL,7/15/2014,810.0,818.0,800.0,810.0,0.0,9633.0,460.1,320.5
SBL,7/16/2014,810.0,835.0,802.0,811.0,0.12,15435.0,460.1,320.5
SBL,7/17/2014,811.0,825.0,805.0,820.0,1.11,7000.0,460.1,320.5
SBL,7/20/2014,820.0,877.0,827.0,876.0,6.83,18138.0,460.1,320.5
SBL,7/21/2014,876.0,900.0,860.0,865.0,-1.26,12535.0,460.1,320.5
SBL,7/22/2014,865.0,875.0,838.0,858.0,-0.81,12151.0,460.1,320.5
SBL,7/23/2014,858.0,875.0,845.0,850.0,-0.93,8916.0,460.1,320.5
SBL,7/24/2014,850.0,867.0,850.0,865.0,1.76,14962.0,460.1,320.5
SBL,7/27/2014,865.0,900.0,880.0,881.0,1.85,10172.0,460.1,320.5
SBL,7/28/2014,881.0,887.0,870.0,870.0,-1.25,5964.0,460.1,320.5
SBL,7/30/2014,870.0,895.0,865.0,883.0,1.49,13794.0,460.1,320.5
SBL,7/31/2014,883.0,883.0,860.0,860.0,-2.6,11274.0,460.1,320.5
SBL,8/3/2014,860.0,870.0,850.0,851.0,-1.05,11684.0,460.1,320.5
SBL,8/4/2014,851.0,851.0,825.0,835.0,-1.88,10907.0,460.1,320.5
SBL,8/5/2014,835.0,864.0,836.0,837.0,0.24,7406.0,460.1,320.5
SBL,8/6/2014,837.0,899.0,853.0,870.0,3.94,46306.0,460.1,320.5
SBL,8/7/2014,870.0,884.0,850.0,877.0,0.8,35034.0,460.1,320.5
SBL,8/12/2014,877.0,874.0,855.0,870.0,-0.8,19156.0,460.1,320.5
SBL,8/13/2014,870.0,910.0,850.0,882.0,1.38,20410.0,460.1,320.5
SBL,8/14/2014,882.0,900.0,880.0,885.0,0.34,14962.0,460.1,320.5
SBL,8/18/2014,885.0,897.0,850.0,865.0,-2.26,17895.0,460.1,320.5
SBL,8/19/2014,865.0,885.0,861.0,880.0,1.73,27089.0,460.1,320.5
SBL,8/20/2014,880.0,878.0,855.0,855.0,-2.84,14378.0,460.1,320.5
SBL,8/21/2014,855.0,875.0,826.0,868.0,1.52,17433.0,460.1,320.5
SBL,8/24/2014,868.0,875.0,860.0,860.0,-0.92,14499.0,460.1,320.5
SBL,8/25/2014,860.0,855.0,809.0,829.0,-3.6,13723.0,460.1,320.5
SBL,8/26/2014,829.0,879.0,792.0,800.0,-3.5,28905.0,460.1,320.5
SBL,8/27/2014,800.0,855.0,816.0,851.0,6.37,20208.0,460.1,320.5
SBL,8/28/2014,851.0,871.0,830.0,840.0,-1.29,29856.0,460.1,320.5
SBL,8/31/2014,840.0,841.0,815.0,821.0,-2.26,13244.0,460.1,320.5
SBL,9/1/2014,821.0,812.0,776.0,809.0,-1.46,15506.0,460.1,320.5
SBL,9/3/2014,809.0,805.0,780.0,785.0,-2.97,13879.0,460.1,320.5
SBL,9/4/2014,785.0,780.0,750.0,772.0,-1.66,41689.0,460.1,320.5
SBL,9/7/2014,772.0,784.0,716.0,716.0,-7.25,10261.0,460.1,320.5
SBL,9/9/2014,716.0,773.0,715.0,773.0,7.96,20128.0,460.1,320.5
SBL,9/10/2014,773.0,803.0,740.0,760.0,-1.68,17080.0,460.1,320.5
SBL,9/11/2014,760.0,756.0,720.0,756.0,-0.53,13716.0,460.1,320.5
SBL,9/14/2014,756.0,763.0,748.0,748.0,-1.06,8550.0,460.1,320.5
SBL,9/15/2014,748.0,749.0,726.0,745.0,-0.4,8659.0,460.1,320.5
SBL,9/16/2014,745.0,731.0,683.0,705.0,-5.37,27267.0,460.1,320.5
SBL,9/17/2014,705.0,714.0,700.0,702.0,-0.43,13721.0,460.1,320.5
SBL,9/18/2014,702.0,703.0,672.0,672.0,-4.27,5095.0,460.1,320.5
SBL,9/21/2014,672.0,663.0,644.0,655.0,-2.53,9690.0,460.1,320.5
SBL,9/22/2014,655.0,660.0,640.0,645.0,-1.53,8850.0,460.1,320.5
SBL,9/23/2014,645.0,683.0,657.0,660.0,2.33,5754.0,460.1,320.5
SBL,9/24/2014,660.0,690.0,650.0,690.0,4.55,7946.0,460.1,320.5
SBL,9/28/2014,690.0,709.0,691.0,709.0,2.75,4642.0,460.1,320.5
SBL,9/29/2014,709.0,720.0,691.0,714.0,0.71,3933.0,460.1,320.5
SBL,9/30/2014,714.0,730.0,710.0,710.0,-0.56,5805.0,460.1,320.5
SBL,10/9/2014,710.0,701.0,685.0,690.0,-2.82,2879.0,460.1,320.5
SBL,10/12/2014,690.0,690.0,685.0,685.0,-0.72,3318.0,460.1,320.5
SBL,10/13/2014,685.0,690.0,680.0,690.0,0.73,4762.0,460.1,320.5
SBL,10/14/2014,690.0,705.0,682.0,702.0,1.74,12523.0,460.1,320.5
SBL,10/15/2014,702.0,709.0,691.0,709.0,1.0,4826.0,460.1,320.5
SBL,10/16/2014,709.0,718.0,700.0,701.0,-1.13,8685.0,460.1,320.5
SBL,10/19/2014,701.0,713.0,683.0,700.0,-0.14,22812.0,460.1,320.5
SBL,10/20/2014,625.0,620.0,615.0,620.0,-11.43,1245.0,460.1,320.5
SBL,10/21/2014,620.0,615.0,611.0,615.0,-0.81,1516.0,460.1,320.5
SBL,10/22/2014,615.0,616.0,604.0,616.0,0.16,70.0,460.1,320.5
SBL,10/26/2014,616.0,615.0,605.0,610.0,-0.97,518.0,460.1,320.5
SBL,10/27/2014,610.0,615.0,610.0,610.0,0.0,5311.0,460.1,320.5
SBL,10/28/2014,610.0,615.0,600.0,610.0,0.0,6383.0,460.1,320.5
SBL,10/30/2014,610.0,620.0,615.0,618.0,1.31,440.0,460.1,320.5
SBL,11/2/2014,618.0,618.0,610.0,615.0,-0.49,831.0,460.1,320.5
SBL,11/3/2014,615.0,605.0,592.0,601.0,-2.28,1918.0,460.1,320.5
SBL,11/4/2014,601.0,601.0,580.0,601.0,0.0,2615.0,460.1,320.5
SBL,11/5/2014,601.0,611.0,591.0,611.0,1.66,823.0,460.1,320.5
SBL,11/6/2014,611.0,611.0,589.0,593.0,-2.95,1490.0,460.1,320.5
SBL,11/9/2014,593.0,595.0,593.0,595.0,0.34,552.0,460.1,320.5
SBL,11/10/2014,595.0,585.0,575.0,575.0,-3.36,4457.0,460.1,320.5
SBL,11/11/2014,575.0,592.0,569.0,590.0,2.61,10759.0,460.1,320.5
SBL,11/12/2014,590.0,585.0,582.0,583.0,-1.19,3383.0,460.1,320.5
SBL,11/13/2014,583.0,601.0,577.0,601.0,3.09,1249.0,460.1,320.5
SBL,11/16/2014,601.0,590.0,577.0,577.0,-3.99,5156.0,460.1,320.5
SBL,11/17/2014,577.0,585.0,565.0,581.0,0.69,1901.0,460.1,320.5
SBL,11/18/2014,581.0,580.0,559.0,570.0,-1.89,8124.0,460.1,320.5
SBL,11/19/2014,570.0,575.0,570.0,571.0,0.18,2060.0,460.1,320.5
SBL,11/20/2014,571.0,592.0,575.0,575.0,0.7,1359.0,460.1,320.5
SBL,11/23/2014,575.0,593.0,564.0,575.0,0.0,2721.0,460.1,320.5
SBL,11/24/2014,575.0,584.0,575.0,575.0,0.0,349.0,460.1,320.5
SBL,11/25/2014,575.0,580.0,580.0,580.0,0.87,210.0,460.1,320.5
SBL,11/30/2014,580.0,581.0,580.0,581.0,0.17,72.0,460.1,320.5
SBL,12/1/2014,581.0,572.0,558.0,561.0,-3.44,1773.0,460.1,320.5
SBL,12/2/2014,561.0,568.0,552.0,568.0,1.25,1647.0,460.1,320.5
SBL,12/3/2014,568.0,578.0,565.0,575.0,1.23,2010.0,460.1,320.5
SBL,12/4/2014,575.0,591.0,570.0,570.0,-0.87,2072.0,460.1,320.5
SBL,12/7/2014,570.0,572.0,569.0,572.0,0.35,2306.0,460.1,320.5
SBL,12/8/2014,572.0,583.0,565.0,572.0,0.0,1081.0,460.1,320.5
SBL,12/9/2014,572.0,570.0,562.0,567.0,-0.87,4118.0,460.1,320.5
SBL,12/10/2014,567.0,578.0,570.0,570.0,0.53,1828.0,460.1,320.5
SBL,12/11/2014,570.0,593.0,570.0,593.0,4.04,9379.0,460.1,320.5
SBL,12/14/2014,593.0,649.0,600.0,638.0,7.59,11717.0,460.1,320.5
SBL,12/15/2014,638.0,676.0,623.0,655.0,2.66,13599.0,460.1,320.5
SBL,12/16/2014,655.0,665.0,630.0,649.0,-0.92,8691.0,460.1,320.5
SBL,12/17/2014,649.0,645.0,626.0,645.0,-0.62,1078.0,460.1,320.5
SBL,12/18/2014,645.0,645.0,631.0,645.0,0.0,4380.0,460.1,320.5
SBL,12/21/2014,645.0,634.0,619.0,626.0,-2.95,636.0,460.1,320.5
SBL,12/22/2014,626.0,621.0,616.0,618.0,-1.28,2177.0,460.1,320.5
SBL,12/23/2014,618.0,614.0,591.0,614.0,-0.65,1880.0,460.1,320.5
SBL,12/24/2014,614.0,632.0,615.0,628.0,2.28,2628.0,460.1,320.5
SBL,12/28/2014,628.0,658.0,640.0,648.0,3.18,4574.0,460.1,320.5
SBL,12/29/2014,648.0,654.0,630.0,652.0,0.62,8149.0,460.1,320.5
SBL,12/31/2014,652.0,651.0,644.0,647.0,-0.77,4598.0,460.1,320.5
SBL,1/1/2015,647.0,660.0,645.0,651.0,0.62,9356.0,460.1,320.5
SBL,1/4/2015,651.0,668.0,650.0,665.0,2.15,16800.0,460.1,320.5
SBL,1/5/2015,665.0,670.0,643.0,655.0,-1.5,3161.0,460.1,320.5
SBL,1/6/2015,655.0,665.0,644.0,658.0,0.46,3423.0,460.1,320.5
SBL,1/7/2015,658.0,664.0,651.0,660.0,0.3,2907.0,460.1,320.5
SBL,1/8/2015,660.0,671.0,659.0,664.0,0.61,7609.0,460.1,320.5
SBL,1/11/2015,664.0,666.0,654.0,666.0,0.3,3138.0,460.1,320.5
SBL,1/12/2015,666.0,666.0,653.0,666.0,0.0,5136.0,460.1,320.5
SBL,1/13/2015,666.0,666.0,653.0,666.0,0.0,7800.0,460.1,320.5
SBL,1/14/2015,666.0,672.0,660.0,664.0,-0.3,1869.0,460.1,320.5
SBL,1/18/2015,664.0,690.0,660.0,674.0,1.51,4503.0,460.1,320.5
SBL,1/19/2015,674.0,714.0,687.0,707.0,4.9,10712.0,460.1,320.5
SBL,1/20/2015,707.0,707.0,687.0,687.0,-2.83,8463.0,460.1,320.5
SBL,1/22/2015,687.0,680.0,663.0,678.0,-1.31,3663.0,460.1,320.5
SBL,1/25/2015,678.0,708.0,671.0,708.0,4.42,3504.0,460.1,320.5
SBL,1/26/2015,708.0,710.0,696.0,696.0,-1.69,4997.0,460.1,320.5
SBL,1/27/2015,696.0,696.0,683.0,690.0,-0.86,830.0,460.1,320.5
SBL,1/28/2015,690.0,707.0,690.0,707.0,2.46,6114.0,460.1,320.5
SBL,1/29/2015,707.0,715.0,697.0,703.0,-0.57,8743.0,460.1,320.5
SBL,2/1/2015,703.0,725.0,712.0,719.0,2.28,6430.0,460.1,320.5
SBL,2/2/2015,719.0,725.0,713.0,713.0,-0.83,3790.0,460.1,320.5
SBL,2/3/2015,713.0,709.0,699.0,709.0,-0.56,1064.0,460.1,320.5
SBL,2/4/2015,709.0,720.0,700.0,720.0,1.55,4279.0,460.1,320.5
SBL,2/5/2015,720.0,710.0,696.0,700.0,-2.78,4313.0,460.1,320.5
SBL,2/8/2015,700.0,714.0,700.0,706.0,0.86,5114.0,460.1,320.5
SBL,2/9/2015,706.0,706.0,695.0,702.0,-0.57,5742.0,460.1,320.5
SBL,2/10/2015,702.0,700.0,690.0,700.0,-0.28,1964.0,460.1,320.5
SBL,2/11/2015,700.0,701.0,686.0,700.0,0.0,1781.0,460.1,320.5
SBL,2/12/2015,700.0,705.0,695.0,699.0,-0.14,3239.0,460.1,320.5
SBL,2/15/2015,699.0,701.0,696.0,701.0,0.29,12747.0,460.1,320.5
SBL,2/16/2015,701.0,701.0,694.0,700.0,-0.14,7581.0,460.1,320.5
SBL,2/18/2015,700.0,699.0,690.0,699.0,-0.14,2072.0,460.1,320.5
SBL,2/22/2015,699.0,689.0,685.0,686.0,-1.86,3626.0,460.1,320.5
SBL,2/23/2015,686.0,686.0,677.0,683.0,-0.44,10506.0,460.1,320.5
SBL,2/24/2015,683.0,685.0,679.0,685.0,0.29,4840.0,460.1,320.5
SBL,2/25/2015,685.0,684.0,678.0,678.0,-1.02,2450.0,460.1,320.5
SBL,2/26/2015,678.0,688.0,675.0,684.0,0.88,3302.0,460.1,320.5
SBL,3/1/2015,684.0,683.0,680.0,681.0,-0.44,1025.0,460.1,320.5
SBL,3/2/2015,681.0,690.0,685.0,690.0,1.32,2936.0,460.1,320.5
SBL,3/3/2015,690.0,695.0,687.0,690.0,0.0,3863.0,460.1,320.5
SBL,3/4/2015,690.0,705.0,697.0,699.0,1.3,4149.0,460.1,320.5
SBL,3/9/2015,699.0,710.0,693.0,699.0,0.0,2178.0,460.1,320.5
SBL,3/10/2015,699.0,695.0,686.0,694.0,-0.72,1470.0,460.1,320.5
SBL,3/11/2015,694.0,695.0,681.0,688.0,-0.86,3190.0,460.1,320.5
SBL,3/12/2015,688.0,690.0,685.0,686.0,-0.29,3057.0,460.1,320.5
SBL,3/15/2015,686.0,684.0,674.0,684.0,-0.29,1801.0,460.1,320.5
SBL,3/16/2015,684.0,680.0,661.0,669.0,-2.19,2414.0,460.1,320.5
SBL,3/17/2015,669.0,672.0,645.0,665.0,-0.6,5807.0,460.1,320.5
SBL,3/18/2015,665.0,670.0,651.0,662.0,-0.45,5522.0,460.1,320.5
SBL,3/19/2015,662.0,685.0,670.0,685.0,3.47,4831.0,460.1,320.5
SBL,3/22/2015,685.0,685.0,666.0,670.0,-2.19,6176.0,460.1,320.5
SBL,3/23/2015,670.0,670.0,657.0,657.0,-1.94,2482.0,460.1,320.5
SBL,3/24/2015,657.0,665.0,657.0,658.0,0.15,4352.0,460.1,320.5
SBL,3/25/2015,658.0,662.0,649.0,660.0,0.3,6360.0,460.1,320.5
SBL,3/26/2015,660.0,653.0,653.0,653.0,-1.06,165.0,460.1,320.5
SBL,3/29/2015,653.0,652.0,648.0,650.0,-0.46,4275.0,460.1,320.5
SBL,3/30/2015,650.0,660.0,647.0,650.0,0.0,3480.0,460.1,320.5
SBL,3/31/2015,650.0,665.0,653.0,665.0,2.31,1718.0,460.1,320.5
SBL,4/1/2015,665.0,674.0,652.0,655.0,-1.5,2362.0,460.1,320.5
SBL,4/2/2015,655.0,662.0,655.0,662.0,1.07,3083.0,460.1,320.5
SBL,4/5/2015,662.0,656.0,651.0,656.0,-0.91,2762.0,460.1,320.5
SBL,4/6/2015,656.0,657.0,649.0,650.0,-0.91,4040.0,460.1,320.5
SBL,4/7/2015,650.0,661.0,650.0,653.0,0.46,2357.0,460.1,320.5
SBL,4/8/2015,653.0,675.0,651.0,671.0,2.76,1818.0,460.1,320.5
SBL,4/9/2015,671.0,680.0,670.0,678.0,1.04,1924.0,460.1,320.5
SBL,4/12/2015,678.0,700.0,682.0,685.0,1.03,7816.0,460.1,320.5
SBL,4/13/2015,685.0,690.0,682.0,687.0,0.29,3183.0,460.1,320.5
SBL,4/15/2015,687.0,681.0,677.0,680.0,-1.02,6878.0,460.1,320.5
SBL,4/16/2015,680.0,689.0,677.0,683.0,0.44,7717.0,460.1,320.5
SBL,4/19/2015,683.0,695.0,681.0,695.0,1.76,6303.0,460.1,320.5
SBL,4/20/2015,695.0,708.0,691.0,698.0,0.43,7789.0,460.1,320.5
SBL,4/21/2015,698.0,710.0,698.0,700.0,0.29,5748.0,460.1,320.5
SBL,4/22/2015,700.0,695.0,690.0,691.0,-1.29,2981.0,460.1,320.5
SBL,4/23/2015,691.0,691.0,682.0,690.0,-0.14,4222.0,460.1,320.5
SBL,5/26/2015,690.0,677.0,621.0,621.0,-10.0,8817.0,460.1,320.5
SBL,5/27/2015,621.0,609.0,570.0,580.0,-6.6,20143.0,460.1,320.5
SBL,5/28/2015,580.0,597.0,569.0,592.0,2.07,12283.0,460.1,320.5
SBL,5/31/2015,592.0,619.0,597.0,619.0,4.56,7287.0,460.1,320.5
SBL,6/1/2015,619.0,643.0,615.0,625.0,0.97,10725.0,460.1,320.5
SBL,6/2/2015,625.0,631.0,616.0,630.0,0.8,4987.0,460.1,320.5
SBL,6/3/2015,630.0,660.0,640.0,651.0,3.33,7226.0,460.1,320.5
SBL,6/4/2015,651.0,654.0,638.0,649.0,-0.31,6670.0,460.1,320.5
SBL,6/7/2015,649.0,657.0,645.0,651.0,0.31,4951.0,460.1,320.5
SBL,6/8/2015,651.0,685.0,664.0,675.0,3.69,10190.0,460.1,320.5
SBL,6/9/2015,675.0,715.0,688.0,698.0,3.41,16430.0,460.1,320.5
SBL,6/10/2015,698.0,695.0,675.0,681.0,-2.44,8353.0,460.1,320.5
SBL,6/11/2015,681.0,675.0,660.0,663.0,-2.64,10636.0,460.1,320.5
SBL,6/14/2015,663.0,665.0,647.0,655.0,-1.21,6061.0,460.1,320.5
SBL,6/15/2015,655.0,665.0,643.0,660.0,0.76,5954.0,460.1,320.5
SBL,6/16/2015,660.0,660.0,650.0,659.0,-0.15,1713.0,460.1,320.5
SBL,6/17/2015,659.0,659.0,650.0,659.0,0.0,3023.0,460.1,320.5
SBL,6/18/2015,659.0,660.0,654.0,659.0,0.0,3175.0,460.1,320.5
SBL,6/21/2015,659.0,651.0,646.0,649.0,-1.52,1566.0,460.1,320.5
SBL,6/22/2015,649.0,660.0,649.0,660.0,1.69,1297.0,460.1,320.5
SBL,6/23/2015,660.0,659.0,650.0,659.0,-0.15,5342.0,460.1,320.5
SBL,6/24/2015,659.0,665.0,654.0,658.0,-0.15,2484.0,460.1,320.5
SBL,6/25/2015,658.0,665.0,660.0,665.0,1.06,1502.0,460.1,320.5
SBL,6/28/2015,665.0,670.0,665.0,668.0,0.45,5103.0,460.1,320.5
SBL,6/29/2015,668.0,681.0,665.0,665.0,-0.45,3244.0,460.1,320.5
SBL,6/30/2015,665.0,672.0,663.0,667.0,0.3,6330.0,460.1,320.5
SBL,7/1/2015,667.0,667.0,664.0,664.0,-0.45,4476.0,460.1,320.5
SBL,7/2/2015,664.0,666.0,655.0,666.0,0.3,1677.0,460.1,320.5
SBL,7/5/2015,666.0,667.0,655.0,656.0,-1.5,3212.0,460.1,320.5
SBL,7/6/2015,656.0,657.0,650.0,654.0,-0.3,7065.0,460.1,320.5
SBL,7/7/2015,654.0,665.0,654.0,665.0,1.68,1427.0,460.1,320.5
SBL,7/8/2015,665.0,670.0,660.0,663.0,-0.3,5195.0,460.1,320.5
SBL,7/9/2015,663.0,663.0,660.0,660.0,-0.45,881.0,460.1,320.5
SBL,7/12/2015,660.0,668.0,650.0,668.0,1.21,3329.0,460.1,320.5
SBL,7/13/2015,668.0,667.0,660.0,667.0,-0.15,3237.0,460.1,320.5
SBL,7/14/2015,667.0,672.0,654.0,667.0,0.0,6605.0,460.1,320.5
SBL,7/15/2015,667.0,676.0,668.0,670.0,0.45,3563.0,460.1,320.5
SBL,7/16/2015,670.0,680.0,671.0,678.0,1.19,3381.0,460.1,320.5
SBL,7/22/2015,678.0,699.0,676.0,689.0,1.62,4096.0,460.1,320.5
SBL,7/23/2015,689.0,757.0,699.0,757.0,9.87,30632.0,460.1,320.5
SBL,7/26/2015,757.0,802.0,772.0,802.0,5.94,244.0,460.1,320.5
SBL,7/27/2015,802.0,850.0,770.0,770.0,-3.99,37875.0,460.1,320.5
SBL,7/28/2015,770.0,806.0,728.0,764.0,-0.78,18439.0,460.1,320.5
SBL,7/29/2015,764.0,773.0,748.0,756.0,-1.05,5363.0,460.1,320.5
SBL,7/30/2015,756.0,770.0,745.0,755.0,-0.13,6054.0,460.1,320.5
SBL,8/2/2015,755.0,764.0,751.0,764.0,1.19,5122.0,460.1,320.5
SBL,8/3/2015,764.0,760.0,745.0,749.0,-1.96,10800.0,460.1,320.5
SBL,8/4/2015,749.0,750.0,742.0,750.0,0.13,10766.0,460.1,320.5
SBL,8/5/2015,750.0,749.0,733.0,743.0,-0.93,10101.0,460.1,320.5
SBL,8/6/2015,743.0,767.0,746.0,752.0,1.21,9199.0,460.1,320.5
SBL,8/9/2015,752.0,781.0,741.0,760.0,1.06,21249.0,460.1,320.5
SBL,8/10/2015,760.0,800.0,761.0,779.0,2.5,19525.0,460.1,320.5
SBL,8/11/2015,779.0,779.0,746.0,760.0,-2.44,16785.0,460.1,320.5
SBL,8/12/2015,760.0,770.0,732.0,765.0,0.66,24529.0,460.1,320.5
SBL,8/13/2015,765.0,772.0,755.0,772.0,0.92,27403.0,460.1,320.5
SBL,8/16/2015,772.0,775.0,746.0,769.0,-0.39,25911.0,460.1,320.5
SBL,8/17/2015,769.0,845.0,784.0,845.0,9.88,28127.0,460.1,320.5
SBL,8/18/2015,845.0,890.0,830.0,870.0,2.96,15853.0,460.1,320.5
SBL,8/19/2015,870.0,889.0,860.0,872.0,0.23,8967.0,460.1,320.5
SBL,8/20/2015,872.0,910.0,870.0,875.0,0.34,18299.0,460.1,320.5
SBL,8/23/2015,875.0,909.0,845.0,890.0,1.71,4598.0,460.1,320.5
SBL,8/24/2015,890.0,893.0,860.0,860.0,-3.37,4173.0,460.1,320.5
SBL,8/25/2015,860.0,880.0,835.0,861.0,0.12,9751.0,460.1,320.5
SBL,8/26/2015,861.0,861.0,844.0,847.0,-1.63,4086.0,460.1,320.5
SBL,8/27/2015,847.0,863.0,840.0,845.0,-0.24,3621.0,460.1,320.5
SBL,8/31/2015,845.0,855.0,840.0,850.0,0.59,6161.0,460.1,320.5
SBL,9/1/2015,850.0,855.0,845.0,845.0,-0.59,5836.0,460.1,320.5
SBL,9/2/2015,845.0,835.0,825.0,835.0,-1.18,3707.0,460.1,320.5
SBL,9/3/2015,835.0,833.0,819.0,824.0,-1.32,7759.0,460.1,320.5
SBL,9/6/2015,824.0,834.0,810.0,815.0,-1.09,14661.0,460.1,320.5
SBL,9/7/2015,815.0,820.0,798.0,810.0,-0.61,12685.0,460.1,320.5
SBL,9/8/2015,810.0,821.0,808.0,815.0,0.62,7039.0,460.1,320.5
SBL,9/9/2015,815.0,820.0,802.0,806.0,-1.1,3959.0,460.1,320.5
SBL,9/10/2015,806.0,805.0,800.0,800.0,-0.74,7253.0,460.1,320.5
SBL,9/13/2015,800.0,814.0,800.0,812.0,1.5,12897.0,460.1,320.5
SBL,9/14/2015,812.0,830.0,814.0,823.0,1.35,10736.0,460.1,320.5
SBL,9/15/2015,823.0,840.0,831.0,833.0,1.22,11919.0,460.1,320.5
SBL,9/16/2015,833.0,849.0,830.0,830.0,-0.36,8652.0,460.1,320.5
SBL,9/17/2015,830.0,842.0,815.0,815.0,-1.81,11199.0,460.1,320.5
SBL,9/22/2015,815.0,802.0,775.0,785.0,-3.68,15103.0,460.1,320.5
SBL,9/23/2015,785.0,821.0,790.0,799.0,1.78,7422.0,460.1,320.5
SBL,9/24/2015,799.0,798.0,770.0,795.0,-0.5,7162.0,460.1,320.5
SBL,9/28/2015,795.0,785.0,765.0,780.0,-1.89,9661.0,460.1,320.5
SBL,9/29/2015,780.0,799.0,765.0,778.0,-0.26,6271.0,460.1,320.5
SBL,9/30/2015,778.0,795.0,783.0,791.0,1.67,8766.0,460.1,320.5
SBL,10/1/2015,791.0,803.0,788.0,790.0,-0.13,5469.0,460.1,320.5
SBL,10/4/2015,790.0,795.0,775.0,783.0,-0.89,11306.0,460.1,320.5
SBL,10/5/2015,783.0,790.0,775.0,775.0,-1.02,6022.0,460.1,320.5
SBL,10/6/2015,775.0,774.0,764.0,770.0,-0.65,3369.0,460.1,320.5
SBL,10/7/2015,770.0,760.0,743.0,760.0,-1.3,7098.0,460.1,320.5
SBL,10/8/2015,760.0,770.0,751.0,769.0,1.18,6983.0,460.1,320.5
SBL,10/11/2015,769.0,755.0,736.0,745.0,-3.12,9431.0,460.1,320.5
SBL,10/14/2015,745.0,741.0,721.0,726.0,-2.55,9025.0,460.1,320.5
SBL,10/15/2015,726.0,725.0,715.0,722.0,-0.55,2487.0,460.1,320.5
SBL,10/18/2015,722.0,722.0,708.0,717.0,-0.69,3225.0,460.1,320.5
SBL,10/19/2015,717.0,725.0,720.0,723.0,0.84,743.0,460.1,320.5
SBL,10/27/2015,723.0,709.0,680.0,680.0,-5.95,8277.0,460.1,320.5
SBL,10/28/2015,680.0,683.0,654.0,680.0,0.0,4595.0,460.1,320.5
SBL,10/29/2015,680.0,700.0,680.0,680.0,0.0,1641.0,460.1,320.5
SBL,11/1/2015,680.0,680.0,662.0,676.0,-0.59,5970.0,460.1,320.5
SBL,11/2/2015,676.0,693.0,680.0,685.0,1.33,2670.0,460.1,320.5
SBL,11/3/2015,685.0,685.0,661.0,675.0,-1.46,3657.0,460.1,320.5
SBL,11/4/2015,675.0,677.0,663.0,675.0,0.0,1020.0,460.1,320.5
SBL,11/5/2015,675.0,675.0,666.0,671.0,-0.59,10146.0,460.1,320.5
SBL,11/8/2015,671.0,671.0,670.0,670.0,-0.15,323.0,460.1,320.5
SBL,11/9/2015,670.0,688.0,680.0,682.0,1.79,2199.0,460.1,320.5
SBL,11/10/2015,682.0,703.0,686.0,686.0,0.59,2256.0,460.1,320.5
SBL,11/15/2015,686.0,686.0,680.0,686.0,0.0,900.0,460.1,320.5
SBL,11/16/2015,686.0,676.0,671.0,675.0,-1.6,2881.0,460.1,320.5
SBL,11/18/2015,675.0,680.0,662.0,678.0,0.44,5810.0,460.1,320.5
SBL,11/19/2015,678.0,678.0,673.0,674.0,-0.59,2199.0,460.1,320.5
SBL,11/22/2015,674.0,662.0,655.0,657.0,-2.52,2216.0,460.1,320.5
SBL,11/23/2015,657.0,661.0,645.0,661.0,0.61,4597.0,460.1,320.5
SBL,11/24/2015,661.0,674.0,662.0,662.0,0.15,1328.0,460.1,320.5
SBL,11/25/2015,662.0,660.0,653.0,653.0,-1.36,2467.0,460.1,320.5
SBL,11/26/2015,653.0,652.0,635.0,640.0,-1.99,9378.0,460.1,320.5
SBL,11/29/2015,640.0,628.0,590.0,605.0,-5.47,7379.0,460.1,320.5
SBL,11/30/2015,605.0,627.0,594.0,610.0,0.83,5651.0,460.1,320.5
SBL,12/1/2015,610.0,646.0,616.0,646.0,5.9,6647.0,460.1,320.5
SBL,12/2/2015,646.0,647.0,624.0,632.0,-2.17,3427.0,460.1,320.5
SBL,12/3/2015,632.0,663.0,631.0,637.0,0.79,3713.0,460.1,320.5
SBL,12/6/2015,637.0,670.0,645.0,669.0,5.02,5131.0,460.1,320.5
SBL,12/7/2015,669.0,680.0,665.0,670.0,0.15,4851.0,460.1,320.5
SBL,12/8/2015,670.0,691.0,680.0,691.0,3.13,6670.0,460.1,320.5
SBL,12/9/2015,691.0,716.0,699.0,701.0,1.45,12896.0,460.1,320.5
SBL,12/10/2015,701.0,700.0,695.0,699.0,-0.29,6371.0,460.1,320.5
SBL,12/13/2015,699.0,710.0,698.0,701.0,0.29,9143.0,460.1,320.5
SBL,12/14/2015,701.0,705.0,687.0,698.0,-0.43,9284.0,460.1,320.5
SBL,12/15/2015,698.0,707.0,693.0,696.0,-0.29,39648.0,460.1,320.5
SBL,12/16/2015,580.0,591.0,571.0,571.0,-17.96,3666.0,460.1,320.5
SBL,12/17/2015,571.0,582.0,560.0,565.0,-1.05,4196.0,460.1,320.5
SBL,12/20/2015,565.0,565.0,554.0,565.0,0.0,5184.0,460.1,320.5
SBL,12/21/2015,565.0,605.0,576.0,601.0,6.37,9602.0,460.1,320.5
SBL,12/22/2015,601.0,620.0,600.0,615.0,2.33,7277.0,460.1,320.5
SBL,12/23/2015,615.0,619.0,610.0,617.0,0.33,3950.0,460.1,320.5
SBL,12/24/2015,617.0,627.0,615.0,617.0,0.0,2177.0,460.1,320.5
SBL,12/27/2015,617.0,619.0,600.0,610.0,-1.13,1478.0,460.1,320.5
SBL,12/28/2015,610.0,610.0,597.0,600.0,-1.64,6188.0,460.1,320.5
SBL,12/29/2015,600.0,605.0,598.0,601.0,0.17,3984.0,460.1,320.5
SBL,12/31/2015,601.0,627.0,604.0,620.0,3.16,6817.0,460.1,320.5
SBL,1/3/2016,620.0,615.0,605.0,610.0,-1.61,2818.0,460.1,320.5
SBL,1/4/2016,610.0,605.0,591.0,597.0,-2.13,4844.0,460.1,320.5
SBL,1/5/2016,597.0,597.0,590.0,594.0,-0.5,7422.0,460.1,320.5
SBL,1/6/2016,594.0,599.0,590.0,595.0,0.17,17443.0,460.1,320.5
SBL,7/11/2016,595.0,654.0,606.0,654.0,9.92,1050.0,460.1,320.5
SBL,7/12/2016,654.0,719.0,667.0,719.0,9.94,130.0,460.1,320.5
SBL,7/13/2016,719.0,790.0,733.0,790.0,9.87,5370.0,460.1,320.5
SBL,7/14/2016,790.0,869.0,805.0,869.0,10.0,176.0,460.1,320.5
SBL,7/17/2016,869.0,955.0,886.0,955.0,9.9,2660.0,460.1,320.5
SBL,7/18/2016,955.0,1050.0,974.0,1050.0,9.95,3556.0,460.1,320.5
SBL,7/19/2016,1050.0,1155.0,1071.0,1155.0,10.0,28079.0,460.1,320.5
SBL,7/20/2016,1155.0,1270.0,1178.0,1215.0,5.19,319469.0,460.1,320.5
SBL,7/21/2016,1215.0,1245.0,1200.0,1230.0,1.23,106523.0,460.1,320.5
SBL,7/25/2016,1230.0,1332.0,1240.0,1330.0,8.13,151839.0,460.1,320.5
SBL,7/26/2016,1330.0,1435.0,1350.0,1415.0,6.39,181715.0,460.1,320.5
SBL,7/27/2016,1415.0,1416.0,1370.0,1384.0,-2.19,70544.0,460.1,320.5
SBL,7/28/2016,1384.0,1404.0,1345.0,1380.0,-0.29,83810.0,460.1,320.5
SBL,7/31/2016,1380.0,1393.0,1363.0,1368.0,-0.87,47932.0,460.1,320.5
SBL,8/1/2016,1368.0,1372.0,1335.0,1352.0,-1.17,53125.0,460.1,320.5
SBL,8/2/2016,1352.0,1362.0,1336.0,1349.0,-0.22,79768.0,460.1,320.5
SBL,8/3/2016,1349.0,1364.0,1316.0,1335.0,-1.04,54074.0,460.1,320.5
SBL,8/4/2016,1335.0,1321.0,1280.0,1290.0,-3.37,91888.0,460.1,320.5
SBL,8/7/2016,1290.0,1330.0,1281.0,1290.0,0.0,81453.0,460.1,320.5
SBL,8/8/2016,1290.0,1285.0,1191.0,1191.0,-7.67,42709.0,460.1,320.5
SBL,8/9/2016,1191.0,1310.0,1214.0,1295.0,8.73,27548.0,460.1,320.5
SBL,8/10/2016,1295.0,1330.0,1250.0,1295.0,0.0,86015.0,460.1,320.5
SBL,8/11/2016,1295.0,1310.0,1280.0,1290.0,-0.39,33062.0,460.1,320.5
SBL,8/14/2016,1290.0,1290.0,1250.0,1275.0,-1.16,34538.0,460.1,320.5
SBL,8/15/2016,1275.0,1268.0,1216.0,1246.0,-2.27,29364.0,460.1,320.5
SBL,8/16/2016,1246.0,1294.0,1220.0,1264.0,1.44,21995.0,460.1,320.5
SBL,8/17/2016,1264.0,1279.0,1252.0,1268.0,0.32,24721.0,460.1,320.5
SBL,8/21/2016,1268.0,1281.0,1255.0,1270.0,0.16,15449.0,460.1,320.5
SBL,8/22/2016,1270.0,1265.0,1235.0,1249.0,-1.65,14319.0,460.1,320.5
SBL,8/23/2016,1249.0,1254.0,1215.0,1234.0,-1.2,36789.0,460.1,320.5
SBL,8/24/2016,1234.0,1279.0,1236.0,1250.0,1.3,17277.0,460.1,320.5
SBL,8/28/2016,1250.0,1287.0,1240.0,1277.0,2.16,22566.0,460.1,320.5
SBL,8/29/2016,1277.0,1331.0,1270.0,1331.0,4.23,67226.0,460.1,320.5
SBL,8/30/2016,1331.0,1339.0,1310.0,1335.0,0.3,36348.0,460.1,320.5
SBL,8/31/2016,1335.0,1350.0,1320.0,1348.0,0.97,28047.0,460.1,320.5
SBL,9/1/2016,1348.0,1361.0,1340.0,1345.0,-0.22,30275.0,460.1,320.5
SBL,9/3/2016,1345.0,1404.0,1350.0,1399.0,4.01,87766.0,460.1,320.5
SBL,9/4/2016,1345.0,1404.0,1350.0,1399.0,0.0,87766.0,460.1,320.5
SBL,9/5/2016,1399.0,1448.0,1400.0,1416.0,1.22,71484.0,460.1,320.5
SBL,9/6/2016,1416.0,1440.0,1375.0,1400.0,-1.13,62603.0,460.1,320.5
SBL,9/7/2016,1400.0,1424.0,1370.0,1388.0,-0.86,23618.0,460.1,320.5
SBL,9/8/2016,1388.0,1399.0,1370.0,1388.0,0.0,20887.0,460.1,320.5
SBL,9/11/2016,1388.0,1393.0,1376.0,1378.0,-0.72,16181.0,460.1,320.5
SBL,9/12/2016,1378.0,1380.0,1367.0,1370.0,-0.58,19221.0,460.1,320.5
SBL,9/14/2016,1370.0,1385.0,1368.0,1379.0,0.66,30941.0,460.1,320.5
SBL,9/18/2016,1379.0,1378.0,1352.0,1361.0,-1.31,22237.0,460.1,320.5
SBL,9/20/2016,1361.0,1366.0,1331.0,1331.0,-2.2,36033.0,460.1,320.5
SBL,9/21/2016,1331.0,1343.0,1314.0,1330.0,-0.08,32273.0,460.1,320.5
SBL,9/22/2016,1330.0,1340.0,1320.0,1320.0,-0.75,20008.0,460.1,320.5
SBL,9/25/2016,1320.0,1328.0,1270.0,1272.0,-3.64,29013.0,460.1,320.5
SBL,9/26/2016,1272.0,1314.0,1275.0,1294.0,1.73,41396.0,460.1,320.5
SBL,9/27/2016,1294.0,1319.0,1285.0,1293.0,-0.08,40097.0,460.1,320.5
SBL,9/28/2016,1293.0,1296.0,1282.0,1290.0,-0.23,28066.0,460.1,320.5
SBL,9/29/2016,1290.0,1305.0,1282.0,1297.0,0.54,24084.0,460.1,320.5
SBL,10/2/2016,1297.0,1309.0,1281.0,1293.0,-0.31,65368.0,460.1,320.5
SBL,10/3/2016,1054.0,1105.0,1060.0,1092.0,-15.55,18849.0,460.1,320.5
SBL,10/4/2016,1092.0,1103.0,1092.0,1093.0,0.09,15616.0,460.1,320.5
SBL,10/5/2016,1093.0,1100.0,1087.0,1090.0,-0.27,7093.0,460.1,320.5
SBL,10/6/2016,1090.0,1115.0,1096.0,1109.0,1.74,19805.0,460.1,320.5
SBL,10/16/2016,1109.0,1110.0,1095.0,1100.0,-0.81,3481.0,460.1,320.5
SBL,10/17/2016,1100.0,1091.0,1080.0,1082.0,-1.64,7993.0,460.1,320.5
SBL,10/18/2016,1082.0,1085.0,1078.0,1080.0,-0.18,8731.0,460.1,320.5
SBL,10/19/2016,1080.0,1083.0,1070.0,1080.0,0.0,20000.0,460.1,320.5
SBL,10/20/2016,1080.0,1088.0,1078.0,1080.0,0.0,6614.0,460.1,320.5
SBL,10/23/2016,1080.0,1077.0,1056.0,1065.0,-1.39,13449.0,460.1,320.5
SBL,10/24/2016,1065.0,1060.0,1045.0,1049.0,-1.5,8735.0,460.1,320.5
SBL,10/25/2016,1049.0,1047.0,1040.0,1041.0,-0.76,3994.0,460.1,320.5
SBL,10/26/2016,1041.0,1045.0,1020.0,1035.0,-0.58,11616.0,460.1,320.5
SBL,10/27/2016,1035.0,1050.0,1040.0,1047.0,1.16,5771.0,460.1,320.5
SBL,11/3/2016,1047.0,1060.0,1036.0,1060.0,1.24,3373.0,460.1,320.5
SBL,11/7/2016,1060.0,1075.0,1056.0,1060.0,0.0,12232.0,460.1,320.5
SBL,11/8/2016,1060.0,1060.0,1032.0,1040.0,-1.89,12075.0,460.1,320.5
SBL,11/9/2016,1040.0,1050.0,1000.0,1020.0,-1.92,15424.0,460.1,320.5
SBL,11/10/2016,1020.0,1039.0,1010.0,1028.0,0.78,16015.0,460.1,320.5
SBL,11/13/2016,1028.0,1058.0,1034.0,1037.0,0.88,14342.0,460.1,320.5
SBL,11/14/2016,1037.0,1078.0,1040.0,1075.0,3.66,38647.0,460.1,320.5
SBL,11/15/2016,1075.0,1090.0,1065.0,1066.0,-0.84,28207.0,460.1,320.5
SBL,11/16/2016,1066.0,1075.0,1050.0,1065.0,-0.09,16199.0,460.1,320.5
SBL,11/17/2016,1065.0,1084.0,1050.0,1061.0,-0.38,65622.0,460.1,320.5
SBL,11/20/2016,1061.0,1055.0,981.0,1020.0,-3.86,53942.0,460.1,320.5
SBL,11/21/2016,1020.0,1034.0,982.0,1029.0,0.88,34563.0,460.1,320.5
SBL,11/22/2016,1029.0,1025.0,989.0,1011.0,-1.75,25417.0,460.1,320.5
SBL,11/23/2016,1011.0,1010.0,970.0,975.0,-3.56,32507.0,460.1,320.5
SBL,11/24/2016,975.0,1015.0,950.0,970.0,-0.51,34987.0,460.1,320.5
SBL,11/27/2016,970.0,989.0,900.0,903.0,-6.91,42436.0,460.1,320.5
SBL,11/28/2016,903.0,956.0,850.0,955.0,5.76,46016.0,460.1,320.5
SBL,11/29/2016,955.0,995.0,890.0,988.0,3.46,45583.0,460.1,320.5
SBL,11/30/2016,988.0,1023.0,970.0,1020.0,3.24,53892.0,460.1,320.5
SBL,12/1/2016,1020.0,1039.0,985.0,1026.0,0.59,63451.0,460.1,320.5
SBL,12/4/2016,1026.0,1049.0,995.0,1020.0,-0.58,53773.0,460.1,320.5
SBL,12/5/2016,1020.0,1102.0,1025.0,1030.0,0.98,113276.0,460.1,320.5
SBL,12/6/2016,1030.0,1040.0,1025.0,1038.0,0.78,84841.0,460.1,320.5
SBL,12/7/2016,1038.0,1043.0,1032.0,1036.0,-0.19,34989.0,460.1,320.5
SBL,12/8/2016,1036.0,1055.0,1031.0,1035.0,-0.1,27376.0,460.1,320.5
SBL,12/11/2016,1035.0,1036.0,1020.0,1020.0,-1.45,24715.0,460.1,320.5
SBL,12/12/2016,1020.0,1020.0,990.0,997.0,-2.25,36770.0,460.1,320.5
SBL,12/14/2016,997.0,1015.0,993.0,1000.0,0.3,20940.0,460.1,320.5
SBL,12/15/2016,1000.0,1025.0,1000.0,1015.0,1.5,19809.0,460.1,320.5
SBL,12/18/2016,1015.0,1018.0,990.0,1010.0,-0.49,26364.0,460.1,320.5
SBL,12/19/2016,1010.0,1015.0,1005.0,1013.0,0.3,20494.0,460.1,320.5
SBL,12/20/2016,1013.0,1010.0,995.0,1000.0,-1.28,22355.0,460.1,320.5
SBL,12/21/2016,1000.0,999.0,972.0,988.0,-1.2,14768.0,460.1,320.5
SBL,12/22/2016,988.0,995.0,989.0,990.0,0.2,8498.0,460.1,320.5
SBL,12/26/2016,990.0,990.0,958.0,960.0,-3.03,20309.0,460.1,320.5
SBL,12/27/2016,960.0,959.0,915.0,928.0,-3.33,35830.0,460.1,320.5
SBL,12/28/2016,928.0,942.0,926.0,940.0,1.29,21141.0,460.1,320.5
SBL,12/29/2016,940.0,970.0,940.0,955.0,1.6,17861.0,460.1,320.5
SBL,1/1/2017,955.0,992.0,956.0,980.0,2.62,14576.0,460.1,320.5
SBL,1/2/2017,980.0,1010.0,984.0,997.0,1.73,21522.0,460.1,320.5
SBL,1/3/2017,997.0,1004.0,970.0,980.0,-1.71,11557.0,460.1,320.5
SBL,1/4/2017,980.0,985.0,960.0,969.0,-1.12,10410.0,460.1,320.5
SBL,1/5/2017,969.0,1003.0,969.0,978.0,0.93,10095.0,460.1,320.5
SBL,1/8/2017,978.0,980.0,965.0,980.0,0.2,5037.0,460.1,320.5
SBL,1/9/2017,980.0,985.0,976.0,979.0,-0.1,7958.0,460.1,320.5
SBL,1/10/2017,979.0,991.0,975.0,990.0,1.12,9058.0,460.1,320.5
SBL,1/11/2017,990.0,1000.0,975.0,981.0,-0.91,8662.0,460.1,320.5
SBL,1/12/2017,981.0,1010.0,990.0,996.0,1.53,18072.0,460.1,320.5
SBL,1/15/2017,996.0,1015.0,997.0,1003.0,0.7,23988.0,460.1,320.5
SBL,1/16/2017,1003.0,1004.0,996.0,1002.0,-0.1,11359.0,460.1,320.5
SBL,1/17/2017,1002.0,1001.0,994.0,994.0,-0.8,18101.0,460.1,320.5
SBL,1/18/2017,994.0,999.0,991.0,991.0,-0.3,18294.0,460.1,320.5
SBL,1/19/2017,991.0,995.0,986.0,986.0,-0.5,12940.0,460.1,320.5
SBL,1/22/2017,986.0,996.0,984.0,985.0,-0.1,14593.0,460.1,320.5
SBL,1/23/2017,985.0,990.0,980.0,981.0,-0.41,10692.0,460.1,320.5
SBL,1/24/2017,981.0,985.0,972.0,981.0,0.0,13707.0,460.1,320.5
SBL,1/25/2017,981.0,980.0,960.0,960.0,-2.14,11854.0,460.1,320.5
SBL,1/26/2017,960.0,960.0,912.0,950.0,-1.04,32094.0,460.1,320.5
SBL,1/30/2017,950.0,965.0,885.0,896.0,-5.68,30530.0,460.1,320.5
SBL,1/31/2017,896.0,936.0,868.0,900.0,0.45,25820.0,460.1,320.5
SBL,2/1/2017,900.0,930.0,900.0,923.0,2.56,90023.0,460.1,320.5
SBL,2/2/2017,664.0,690.0,650.0,655.0,-29.04,18776.0,460.1,320.5
SBL,2/5/2017,655.0,660.0,630.0,630.0,-3.82,6113.0,460.1,320.5
SBL,2/6/2017,630.0,632.0,619.0,620.0,-1.59,5743.0,460.1,320.5
SBL,2/7/2017,620.0,630.0,612.0,615.0,-0.81,7500.0,460.1,320.5
SBL,2/8/2017,615.0,618.0,608.0,608.0,-1.14,5188.0,460.1,320.5
SBL,2/9/2017,608.0,605.0,595.0,596.0,-1.97,5408.0,460.1,320.5
SBL,2/12/2017,596.0,585.0,565.0,566.0,-5.03,12329.0,460.1,320.5
SBL,2/13/2017,566.0,577.0,520.0,568.0,0.35,9824.0,460.1,320.5
SBL,2/14/2017,568.0,580.0,560.0,570.0,0.35,9376.0,460.1,320.5
SBL,2/15/2017,570.0,590.0,565.0,580.0,1.75,9504.0,460.1,320.5
SBL,2/16/2017,580.0,595.0,580.0,582.0,0.34,21118.0,460.1,320.5
SBL,2/19/2017,582.0,600.0,572.0,596.0,2.41,24574.0,460.1,320.5
SBL,2/20/2017,596.0,619.0,589.0,590.0,-1.01,26214.0,460.1,320.5
SBL,2/21/2017,590.0,614.0,575.0,588.0,-0.34,15873.0,460.1,320.5
SBL,2/22/2017,588.0,584.0,565.0,570.0,-3.06,7355.0,460.1,320.5
SBL,2/23/2017,570.0,580.0,568.0,570.0,0.0,6406.0,460.1,320.5
SBL,2/26/2017,570.0,571.0,557.0,557.0,-2.28,4243.0,460.1,320.5
SBL,2/28/2017,557.0,554.0,536.0,540.0,-3.05,17841.0,460.1,320.5
SBL,3/1/2017,540.0,555.0,534.0,550.0,1.85,8337.0,460.1,320.5
SBL,3/2/2017,550.0,560.0,545.0,559.0,1.64,8861.0,460.1,320.5
SBL,3/5/2017,559.0,583.0,564.0,576.0,3.04,8669.0,460.1,320.5
SBL,3/6/2017,576.0,600.0,577.0,583.0,1.22,7844.0,460.1,320.5
SBL,3/7/2017,583.0,580.0,566.0,570.0,-2.23,12075.0,460.1,320.5
SBL,3/9/2017,570.0,578.0,570.0,574.0,0.7,6100.0,460.1,320.5
SBL,3/13/2017,574.0,581.0,570.0,570.0,-0.7,4397.0,460.1,320.5
SBL,3/14/2017,570.0,580.0,569.0,569.0,-0.18,4399.0,460.1,320.5
SBL,3/15/2017,569.0,570.0,560.0,570.0,0.18,9597.0,460.1,320.5
SBL,3/16/2017,570.0,575.0,562.0,575.0,0.88,4063.0,460.1,320.5
SBL,3/19/2017,575.0,586.0,575.0,583.0,1.39,13887.0,460.1,320.5
SBL,3/20/2017,583.0,595.0,585.0,592.0,1.54,20400.0,460.1,320.5
SBL,3/21/2017,592.0,615.0,590.0,615.0,3.89,32082.0,460.1,320.5
SBL,3/22/2017,615.0,645.0,624.0,626.0,1.79,35411.0,460.1,320.5
SBL,3/23/2017,626.0,637.0,618.0,629.0,0.48,17418.0,460.1,320.5
SBL,3/26/2017,629.0,658.0,634.0,644.0,2.38,33484.0,460.1,320.5
SBL,3/28/2017,644.0,700.0,656.0,700.0,8.7,30392.0,460.1,320.5
SBL,3/29/2017,700.0,734.0,685.0,685.0,-2.14,36634.0,460.1,320.5
SBL,3/30/2017,685.0,698.0,666.0,680.0,-0.73,19289.0,460.1,320.5
SBL,4/2/2017,680.0,738.0,693.0,738.0,8.53,28929.0,460.1,320.5
SBL,4/3/2017,738.0,775.0,720.0,725.0,-1.76,35063.0,460.1,320.5
SBL,4/4/2017,725.0,745.0,705.0,725.0,0.0,22502.0,460.1,320.5
SBL,4/6/2017,725.0,739.0,716.0,724.0,-0.14,13446.0,460.1,320.5
SBL,4/9/2017,724.0,731.0,720.0,724.0,0.0,9219.0,460.1,320.5
SBL,4/10/2017,724.0,740.0,716.0,740.0,2.21,26461.0,460.1,320.5
SBL,4/11/2017,740.0,775.0,744.0,775.0,4.73,39033.0,460.1,320.5
SBL,4/12/2017,775.0,804.0,760.0,760.0,-1.94,38569.0,460.1,320.5
SBL,4/13/2017,760.0,785.0,730.0,775.0,1.97,30228.0,460.1,320.5
SBL,4/16/2017,775.0,780.0,740.0,748.0,-3.48,17117.0,460.1,320.5
SBL,4/18/2017,748.0,750.0,721.0,734.0,-1.87,23569.0,460.1,320.5
SBL,4/19/2017,734.0,760.0,730.0,750.0,2.18,25510.0,460.1,320.5
SBL,4/20/2017,750.0,780.0,740.0,750.0,0.0,27728.0,460.1,320.5
SBL,4/23/2017,750.0,800.0,747.0,750.0,0.0,73017.0,460.1,320.5
SBL,4/24/2017,750.0,754.0,738.0,740.0,-1.33,50701.0,460.1,320.5
SBL,4/25/2017,740.0,740.0,725.0,729.0,-1.49,40591.0,460.1,320.5
SBL,4/26/2017,729.0,729.0,710.0,722.0,-0.96,10351.0,460.1,320.5
SBL,4/27/2017,722.0,730.0,703.0,715.0,-0.97,27399.0,460.1,320.5
SBL,4/30/2017,715.0,715.0,700.0,701.0,-1.96,21055.0,460.1,320.5
SBL,5/2/2017,701.0,712.0,696.0,700.0,-0.14,39613.0,460.1,320.5
SBL,5/3/2017,700.0,727.0,702.0,710.0,1.43,14389.0,460.1,320.5
SBL,5/4/2017,710.0,710.0,698.0,700.0,-1.41,16217.0,460.1,320.5
SBL,5/7/2017,700.0,710.0,680.0,685.0,-2.14,21920.0,460.1,320.5
SBL,5/8/2017,685.0,690.0,670.0,670.0,-2.19,29270.0,460.1,320.5
SBL,5/9/2017,670.0,687.0,673.0,675.0,0.75,18764.0,460.1,320.5
SBL,5/11/2017,675.0,685.0,674.0,685.0,1.48,21534.0,460.1,320.5
SBL,5/15/2017,685.0,699.0,678.0,678.0,-1.02,12987.0,460.1,320.5
SBL,5/16/2017,678.0,680.0,672.0,675.0,-0.44,8964.0,460.1,320.5
SBL,5/17/2017,675.0,685.0,661.0,680.0,0.74,51225.0,460.1,320.5
SBL,5/18/2017,680.0,681.0,670.0,674.0,-0.88,12899.0,460.1,320.5
SBL,5/21/2017,674.0,681.0,660.0,668.0,-0.89,27725.0,460.1,320.5
SBL,5/22/2017,668.0,679.0,667.0,673.0,0.75,24613.0,460.1,320.5
SBL,5/23/2017,673.0,695.0,680.0,689.0,2.38,62220.0,460.1,320.5
SBL,5/24/2017,689.0,698.0,678.0,686.0,-0.44,70866.0,460.1,320.5
SBL,5/28/2017,686.0,690.0,666.0,670.0,-2.33,164524.0,460.1,320.5
SBL,5/30/2017,538.0,558.0,515.0,516.0,-22.99,25629.0,460.1,320.5
SBL,5/31/2017,516.0,526.0,507.0,516.0,0.0,32325.0,460.1,320.5
SBL,6/1/2017,516.0,525.0,517.0,519.0,0.58,24418.0,460.1,320.5
SBL,6/4/2017,519.0,524.0,516.0,517.0,-0.39,26009.0,460.1,320.5
SBL,6/5/2017,517.0,521.0,517.0,517.0,0.0,30909.0,460.1,320.5
SBL,6/6/2017,517.0,535.0,517.0,530.0,2.51,44665.0,460.1,320.5
SBL,6/7/2017,530.0,540.0,517.0,520.0,-1.89,29804.0,460.1,320.5
SBL,6/8/2017,520.0,524.0,510.0,523.0,0.58,23980.0,460.1,320.5
SBL,6/11/2017,523.0,520.0,503.0,509.0,-2.68,23320.0,460.1,320.5
SBL,6/12/2017,509.0,515.0,503.0,506.0,-0.59,16780.0,460.1,320.5
SBL,6/13/2017,506.0,517.0,500.0,505.0,-0.2,24071.0,460.1,320.5
SBL,6/14/2017,505.0,510.0,503.0,510.0,0.99,15226.0,460.1,320.5
SBL,6/15/2017,510.0,512.0,504.0,505.0,-0.98,27321.0,460.1,320.5
SBL,6/18/2017,505.0,505.0,499.0,500.0,-0.99,13062.0,460.1,320.5
SBL,6/19/2017,500.0,501.0,494.0,494.0,-1.2,11327.0,460.1,320.5
SBL,6/20/2017,494.0,495.0,478.0,485.0,-1.82,22232.0,460.1,320.5
SBL,6/21/2017,485.0,493.0,485.0,491.0,1.24,10537.0,460.1,320.5
SBL,6/22/2017,491.0,499.0,485.0,485.0,-1.22,54714.0,460.1,320.5
SBL,6/25/2017,485.0,494.0,485.0,485.0,0.0,16132.0,460.1,320.5
SBL,6/27/2017,485.0,488.0,479.0,482.0,-0.62,19414.0,460.1,320.5
SBL,6/28/2017,482.0,483.0,474.0,475.0,-1.45,16066.0,460.1,320.5
SBL,7/2/2017,475.0,475.0,464.0,465.0,-2.11,29751.0,460.1,320.5
SBL,7/3/2017,465.0,470.0,461.0,465.0,0.0,13629.0,460.1,320.5
SBL,7/4/2017,465.0,472.0,454.0,457.0,-1.72,25096.0,460.1,320.5
SBL,7/5/2017,457.0,466.0,457.0,462.0,1.09,22870.0,460.1,320.5
SBL,7/6/2017,462.0,475.0,465.0,470.0,1.73,23229.0,460.1,320.5
SBL,7/9/2017,470.0,488.0,470.0,480.0,2.13,32286.0,460.1,320.5
SBL,7/10/2017,480.0,488.0,479.0,486.0,1.25,17978.0,460.1,320.5
SBL,7/11/2017,486.0,490.0,480.0,490.0,0.82,11142.0,460.1,320.5
SBL,7/12/2017,490.0,492.0,480.0,485.0,-1.02,7093.0,460.1,320.5
SBL,7/13/2017,485.0,486.0,478.0,485.0,0.0,14477.0,460.1,320.5
SBL,7/16/2017,485.0,490.0,484.0,488.0,0.62,5970.0,460.1,320.5
SBL,7/17/2017,488.0,489.0,484.0,489.0,0.2,19749.0,460.1,320.5
SBL,7/18/2017,489.0,500.0,488.0,495.0,1.23,14492.0,460.1,320.5
SBL,7/19/2017,495.0,497.0,485.0,486.0,-1.82,14036.0,460.1,320.5
SBL,7/20/2017,486.0,490.0,477.0,488.0,0.41,11576.0,460.1,320.5
SBL,7/23/2017,488.0,490.0,480.0,485.0,-0.61,14190.0,460.1,320.5
SBL,7/24/2017,485.0,485.0,476.0,478.0,-1.44,6748.0,460.1,320.5
SBL,7/25/2017,478.0,485.0,476.0,476.0,-0.42,6500.0,460.1,320.5
SBL,7/26/2017,476.0,479.0,470.0,475.0,-0.21,7143.0,460.1,320.5
SBL,7/27/2017,475.0,478.0,463.0,466.0,-1.89,18841.0,460.1,320.5
SBL,7/30/2017,466.0,469.0,459.0,465.0,-0.21,13878.0,460.1,320.5
SBL,7/31/2017,465.0,471.0,463.0,470.0,1.08,14100.0,460.1,320.5
SBL,8/1/2017,470.0,474.0,465.0,472.0,0.43,12409.0,460.1,320.5
SBL,8/2/2017,472.0,472.0,463.0,470.0,-0.42,8676.0,460.1,320.5
SBL,8/3/2017,470.0,470.0,465.0,467.0,-0.64,5145.0,460.1,320.5
SBL,8/6/2017,467.0,475.0,467.0,470.0,0.64,13306.0,460.1,320.5
SBL,8/7/2017,470.0,472.0,462.0,470.0,0.0,13641.0,460.1,320.5
SBL,8/9/2017,470.0,474.0,463.0,464.0,-1.28,6799.0,460.1,320.5
SBL,8/10/2017,464.0,464.0,456.0,456.0,-1.72,19058.0,460.1,320.5
SBL,8/13/2017,456.0,460.0,445.0,448.0,-1.75,16580.0,460.1,320.5
SBL,8/15/2017,448.0,455.0,437.0,446.0,-0.45,12450.0,460.1,320.5
SBL,8/16/2017,446.0,458.0,441.0,450.0,0.9,11567.0,460.1,320.5
SBL,8/17/2017,450.0,450.0,445.0,447.0,-0.67,10351.0,460.1,320.5
SBL,8/20/2017,447.0,448.0,439.0,448.0,0.22,8589.0,460.1,320.5
SBL,8/21/2017,448.0,442.0,437.0,439.0,-2.01,7989.0,460.1,320.5
SBL,8/22/2017,439.0,450.0,439.0,444.0,1.14,7359.0,460.1,320.5
SBL,8/23/2017,444.0,445.0,430.0,444.0,0.0,8320.0,460.1,320.5
SBL,8/24/2017,444.0,444.0,436.0,441.0,-0.68,13626.0,460.1,320.5
SBL,8/27/2017,441.0,446.0,434.0,435.0,-1.36,9928.0,460.1,320.5
SBL,8/28/2017,435.0,435.0,428.0,431.0,-0.92,9083.0,460.1,320.5
SBL,8/30/2017,431.0,438.0,426.0,427.0,-0.93,9073.0,460.1,320.5
SBL,8/31/2017,427.0,430.0,420.0,426.0,-0.23,13707.0,460.1,320.5
SBL,9/4/2017,426.0,431.0,412.0,422.0,-0.94,14621.0,460.1,320.5
SBL,9/6/2017,422.0,424.0,420.0,420.0,-0.47,15596.0,460.1,320.5
SBL,9/7/2017,420.0,430.0,415.0,422.0,0.48,51528.0,460.1,320.5
SBL,9/10/2017,422.0,421.0,412.0,418.0,-0.95,12295.0,460.1,320.5
SBL,9/11/2017,418.0,426.0,416.0,420.0,0.48,21597.0,460.1,320.5
SBL,9/12/2017,420.0,421.0,410.0,410.0,-2.38,14925.0,460.1,320.5
SBL,9/13/2017,410.0,420.0,410.0,413.0,0.73,8078.0,460.1,320.5
SBL,9/14/2017,413.0,420.0,410.0,419.0,1.45,7726.0,460.1,320.5
SBL,9/17/2017,419.0,430.0,417.0,425.0,1.43,20394.0,460.1,320.5
SBL,9/18/2017,425.0,434.0,420.0,425.0,0.0,11494.0,460.1,320.5
SBL,9/20/2017,425.0,429.0,423.0,429.0,0.94,12448.0,460.1,320.5
SBL,9/24/2017,429.0,426.0,416.0,423.0,-1.4,5883.0,460.1,320.5
SBL,9/25/2017,423.0,427.0,417.0,427.0,0.95,6132.0,460.1,320.5
SBL,9/26/2017,427.0,432.0,426.0,428.0,0.23,2765.0,460.1,320.5
SBL,10/3/2017,428.0,430.0,425.0,425.0,-0.7,2073.0,460.1,320.5
SBL,10/4/2017,425.0,425.0,414.0,414.0,-2.59,5712.0,460.1,320.5
SBL,10/8/2017,414.0,414.0,400.0,414.0,0.0,19792.0,460.1,320.5
SBL,10/9/2017,414.0,417.0,400.0,403.0,-2.66,15232.0,460.1,320.5
SBL,10/10/2017,403.0,406.0,398.0,406.0,0.74,8025.0,460.1,320.5
SBL,10/11/2017,406.0,410.0,400.0,405.0,-0.25,10837.0,460.1,320.5
SBL,10/12/2017,405.0,407.0,399.0,400.0,-1.23,14187.0,460.1,320.5
SBL,10/15/2017,400.0,404.0,400.0,402.0,0.5,9365.0,460.1,320.5
SBL,10/16/2017,402.0,417.0,405.0,416.0,3.48,9834.0,460.1,320.5
SBL,10/17/2017,416.0,428.0,412.0,417.0,0.24,14306.0,460.1,320.5
SBL,10/18/2017,417.0,421.0,410.0,418.0,0.24,8249.0,460.1,320.5
SBL,10/22/2017,418.0,434.0,422.0,425.0,1.67,3687.0,460.1,320.5
SBL,10/23/2017,425.0,429.0,409.0,423.0,-0.47,6979.0,460.1,320.5
SBL,10/24/2017,423.0,423.0,415.0,417.0,-1.42,11801.0,460.1,320.5
SBL,10/25/2017,417.0,416.0,409.0,414.0,-0.72,14218.0,460.1,320.5
SBL,10/29/2017,414.0,413.0,409.0,410.0,-0.97,9132.0,460.1,320.5
SBL,10/30/2017,410.0,415.0,406.0,412.0,0.49,16337.0,460.1,320.5
SBL,10/31/2017,412.0,410.0,407.0,409.0,-0.73,4300.0,460.1,320.5
SBL,11/1/2017,409.0,409.0,405.0,407.0,-0.49,10014.0,460.1,320.5
SBL,11/2/2017,407.0,407.0,400.0,406.0,-0.25,10837.0,460.1,320.5
SBL,11/5/2017,406.0,398.0,383.0,388.0,-4.43,39495.0,460.1,320.5
SBL,11/6/2017,388.0,396.0,386.0,390.0,0.52,20672.0,460.1,320.5
SBL,11/7/2017,390.0,391.0,387.0,387.0,-0.77,5075.0,460.1,320.5
SBL,11/8/2017,387.0,385.0,375.0,380.0,-1.81,12546.0,460.1,320.5
SBL,11/9/2017,380.0,382.0,373.0,382.0,0.53,11244.0,460.1,320.5
SBL,11/12/2017,382.0,390.0,380.0,390.0,2.09,9894.0,460.1,320.5
SBL,11/13/2017,390.0,393.0,384.0,391.0,0.26,16214.0,460.1,320.5
SBL,11/14/2017,391.0,396.0,389.0,390.0,-0.26,19773.0,460.1,320.5
SBL,11/15/2017,390.0,392.0,384.0,390.0,0.0,14647.0,460.1,320.5
SBL,11/16/2017,390.0,392.0,383.0,383.0,-1.79,7414.0,460.1,320.5
SBL,11/19/2017,383.0,383.0,372.0,380.0,-0.78,6445.0,460.1,320.5
SBL,11/20/2017,380.0,380.0,375.0,377.0,-0.79,4562.0,460.1,320.5
SBL,11/21/2017,377.0,381.0,373.0,377.0,0.0,10016.0,460.1,320.5
SBL,11/22/2017,377.0,385.0,377.0,385.0,2.12,11704.0,460.1,320.5
SBL,11/23/2017,385.0,389.0,385.0,389.0,1.04,10781.0,460.1,320.5
SBL,11/26/2017,389.0,400.0,383.0,391.0,0.51,5367.0,460.1,320.5
SBL,11/27/2017,391.0,398.0,385.0,398.0,1.79,13942.0,460.1,320.5
SBL,11/28/2017,398.0,400.0,392.0,394.0,-1.01,12322.0,460.1,320.5
SBL,11/29/2017,394.0,398.0,393.0,395.0,0.25,21319.0,460.1,320.5
SBL,11/30/2017,395.0,397.0,392.0,397.0,0.51,9859.0,460.1,320.5
SBL,12/4/2017,397.0,403.0,391.0,396.0,-0.25,7305.0,460.1,320.5
SBL,12/5/2017,396.0,400.0,392.0,393.0,-0.76,5995.0,460.1,320.5
SBL,12/6/2017,393.0,400.0,393.0,395.0,0.51,5851.0,460.1,320.5
SBL,12/10/2017,395.0,402.0,390.0,391.0,-1.01,12493.0,460.1,320.5
SBL,12/11/2017,391.0,395.0,386.0,392.0,0.26,8437.0,460.1,320.5
SBL,12/12/2017,392.0,391.0,385.0,387.0,-1.28,10079.0,460.1,320.5
SBL,12/13/2017,387.0,386.0,382.0,386.0,-0.26,9641.0,460.1,320.5
SBL,12/14/2017,386.0,386.0,382.0,384.0,-0.52,7538.0,460.1,320.5
SBL,12/17/2017,384.0,391.0,382.0,384.0,0.0,4008.0,460.1,320.5
SBL,12/18/2017,384.0,385.0,380.0,380.0,-1.04,16451.0,460.1,320.5
SBL,12/19/2017,380.0,385.0,376.0,380.0,0.0,10954.0,460.1,320.5
SBL,12/20/2017,380.0,381.0,376.0,380.0,0.0,7695.0,460.1,320.5
SBL,12/21/2017,380.0,380.0,373.0,373.0,-1.84,9423.0,460.1,320.5
SBL,12/24/2017,373.0,376.0,370.0,370.0,-0.8,15150.0,460.1,320.5
SBL,12/26/2017,370.0,370.0,361.0,370.0,0.0,3994.0,460.1,320.5
SBL,12/27/2017,370.0,372.0,363.0,363.0,-1.89,10284.0,460.1,320.5
SBL,12/28/2017,363.0,367.0,350.0,358.0,-1.38,9609.0,460.1,320.5
SBL,12/31/2017,358.0,358.0,348.0,355.0,-0.84,12473.0,460.1,320.5
SBL,1/1/2018,355.0,362.0,350.0,357.0,0.56,20407.0,460.1,320.5
SBL,1/2/2018,357.0,364.0,355.0,360.0,0.84,10596.0,460.1,320.5
SBL,1/3/2018,360.0,360.0,349.0,353.0,-1.94,7696.0,460.1,320.5
SBL,1/4/2018,353.0,358.0,353.0,355.0,0.57,9808.0,460.1,320.5
SBL,1/7/2018,355.0,369.0,362.0,366.0,3.1,19899.0,460.1,320.5
SBL,1/8/2018,366.0,380.0,367.0,375.0,2.46,10708.0,460.1,320.5
SBL,1/9/2018,375.0,382.0,375.0,382.0,1.87,12882.0,460.1,320.5
SBL,1/10/2018,382.0,385.0,376.0,378.0,-1.05,18267.0,460.1,320.5
SBL,1/14/2018,378.0,378.0,373.0,375.0,-0.79,8055.0,460.1,320.5
SBL,1/16/2018,375.0,374.0,365.0,370.0,-1.33,7734.0,460.1,320.5
SBL,1/17/2018,370.0,372.0,363.0,370.0,0.0,4922.0,460.1,320.5
SBL,1/21/2018,370.0,375.0,363.0,366.0,-1.08,12469.0,460.1,320.5
SBL,1/22/2018,366.0,368.0,360.0,366.0,0.0,11867.0,460.1,320.5
SBL,1/23/2018,366.0,366.0,360.0,360.0,-1.64,12947.0,460.1,320.5
SBL,1/24/2018,360.0,372.0,360.0,370.0,2.78,8889.0,460.1,320.5
SBL,1/25/2018,370.0,375.0,367.0,372.0,0.54,9475.0,460.1,320.5
SBL,1/28/2018,372.0,380.0,372.0,378.0,1.61,20079.0,460.1,320.5
SBL,1/29/2018,378.0,380.0,375.0,379.0,0.26,11816.0,460.1,320.5
SBL,1/31/2018,379.0,380.0,372.0,378.0,-0.26,11371.0,460.1,320.5
SBL,2/1/2018,378.0,378.0,370.0,370.0,-2.12,34331.0,460.1,320.5
SBL,2/4/2018,370.0,375.0,366.0,370.0,0.0,46506.0,460.1,320.5
SBL,2/6/2018,345.0,345.0,337.0,343.0,-7.3,8301.0,460.1,320.5
SBL,2/7/2018,343.0,343.0,337.0,343.0,0.0,5382.0,460.1,320.5
SBL,2/8/2018,343.0,345.0,339.0,345.0,0.58,7690.0,460.1,320.5
SBL,2/11/2018,345.0,346.0,343.0,343.0,-0.58,3089.0,460.1,320.5
SBL,2/12/2018,343.0,346.0,343.0,346.0,0.87,10237.0,460.1,320.5
SBL,2/14/2018,346.0,349.0,345.0,349.0,0.87,7882.0,460.1,320.5
SBL,2/15/2018,349.0,368.0,350.0,364.0,4.3,27565.0,460.1,320.5
SBL,2/18/2018,370.0,375.0,362.0,365.0,0.27,48946.0,460.1,320.5
SBL,2/20/2018,366.0,370.0,356.0,356.0,-2.47,5597.0,460.1,320.5
SBL,2/21/2018,353.0,359.0,353.0,358.0,0.56,13282.0,460.1,320.5
SBL,2/22/2018,358.0,365.0,357.0,364.0,1.68,6841.0,460.1,320.5
SBL,2/25/2018,364.0,365.0,356.0,359.0,-1.37,23425.0,460.1,320.5
SBL,2/26/2018,363.0,363.0,354.0,354.0,-1.39,6389.0,460.1,320.5
SBL,2/27/2018,350.0,360.0,350.0,356.0,0.56,13168.0,460.1,320.5
SBL,2/28/2018,356.0,357.0,349.0,352.0,-1.12,29172.0,460.1,320.5
SBL,3/4/2018,312.0,306.0,298.0,300.0,-14.77,16221.0,460.1,320.5
SBL,3/5/2018,301.0,301.0,290.0,296.0,-1.33,10336.0,460.1,320.5
SBL,3/6/2018,298.0,302.0,291.0,297.0,0.34,16400.0,460.1,320.5
SBL,3/7/2018,300.0,306.0,300.0,304.0,2.36,24951.0,460.1,320.5
SBL,3/11/2018,300.0,304.0,296.0,301.0,-0.99,6238.0,460.1,320.5
SBL,3/12/2018,301.0,301.0,292.0,297.0,-1.33,37668.0,460.1,320.5
SBL,3/13/2018,300.0,306.0,299.0,306.0,3.03,6179.0,460.1,320.5
SBL,3/14/2018,301.0,301.0,295.0,300.0,-1.96,7860.0,460.1,320.5
SBL,3/15/2018,302.0,304.0,300.0,300.0,0.0,5164.0,460.1,320.5
SBL,3/18/2018,302.0,302.0,298.0,300.0,0.0,7286.0,460.1,320.5
SBL,3/19/2018,300.0,302.0,299.0,300.0,0.0,11514.0,460.1,320.5
SBL,3/20/2018,300.0,300.0,297.0,297.0,-1.0,14477.0,460.1,320.5
SBL,3/21/2018,298.0,298.0,292.0,292.0,-1.68,21987.0,460.1,320.5
SBL,3/22/2018,288.0,304.0,288.0,290.0,-0.68,42532.0,460.1,320.5
SBL,3/26/2018,285.0,295.0,276.0,281.0,-3.1,18641.0,460.1,320.5
SBL,3/27/2018,279.0,300.0,276.0,294.0,4.63,46045.0,460.1,320.5
SBL,3/28/2018,297.0,301.0,290.0,297.0,1.02,31023.0,460.1,320.5
SBL,3/29/2018,301.0,308.0,297.0,305.0,2.69,25814.0,460.1,320.5
SBL,4/1/2018,305.0,305.0,294.0,300.0,-1.64,16818.0,460.1,320.5
SBL,4/2/2018,299.0,300.0,296.0,299.0,-0.33,9368.0,460.1,320.5
SBL,4/3/2018,299.0,302.0,299.0,300.0,0.33,9549.0,460.1,320.5
SBL,4/4/2018,303.0,312.0,300.0,308.0,2.67,12109.0,460.1,320.5
SBL,4/5/2018,310.0,315.0,307.0,310.0,0.65,28068.0,460.1,320.5
SBL,4/8/2018,310.0,320.0,308.0,315.0,1.61,35173.0,460.1,320.5
SBL,4/9/2018,316.0,319.0,310.0,310.0,-1.59,25463.0,460.1,320.5
SBL,4/10/2018,307.0,315.0,304.0,306.0,-1.29,10683.0,460.1,320.5
SBL,4/11/2018,309.0,310.0,307.0,307.0,0.33,6441.0,460.1,320.5
SBL,4/12/2018,313.0,313.0,305.0,305.0,-0.65,11317.0,460.1,320.5
SBL,4/15/2018,302.0,310.0,301.0,306.0,0.33,2343.0,460.1,320.5
SBL,4/16/2018,307.0,313.0,307.0,308.0,0.65,12075.0,460.1,320.5
SBL,4/17/2018,314.0,317.0,309.0,317.0,2.92,21597.0,460.1,320.5
SBL,4/18/2018,323.0,348.0,318.0,328.0,3.47,36641.0,460.1,320.5
SBL,4/19/2018,334.0,345.0,332.0,340.0,3.66,47180.0,460.1,320.5
SBL,4/22/2018,346.0,370.0,345.0,365.0,7.35,72656.0,460.1,320.5
SBL,4/23/2018,372.0,372.0,352.0,356.0,-2.47,58921.0,460.1,320.5
SBL,4/24/2018,363.0,363.0,352.0,356.0,0.0,31009.0,460.1,320.5
SBL,4/25/2018,356.0,358.0,350.0,353.0,-0.84,16716.0,460.1,320.5
SBL,4/26/2018,354.0,360.0,347.0,356.0,0.85,17482.0,460.1,320.5
SBL,4/29/2018,350.0,353.0,342.0,346.0,-2.81,14522.0,460.1,320.5
SBL,5/2/2018,350.0,350.0,340.0,343.0,-0.87,9692.0,460.1,320.5
SBL,5/3/2018,349.0,349.0,345.0,345.0,0.58,12898.0,460.1,320.5
SBL,5/6/2018,343.0,346.0,340.0,345.0,0.0,7785.0,460.1,320.5
SBL,5/7/2018,345.0,345.0,341.0,345.0,0.0,8301.0,460.1,320.5
SBL,5/8/2018,342.0,345.0,341.0,344.0,-0.29,4721.0,460.1,320.5
SBL,5/9/2018,339.0,345.0,339.0,340.0,-1.16,8027.0,460.1,320.5
SBL,5/10/2018,340.0,342.0,336.0,340.0,0.0,12164.0,460.1,320.5
SBL,5/14/2018,335.0,341.0,330.0,335.0,-1.47,194624.0,460.1,320.5
SBL,5/15/2018,331.0,335.0,331.0,334.0,-0.3,5115.0,460.1,320.5
SBL,5/16/2018,333.0,335.0,333.0,335.0,0.3,5010.0,460.1,320.5
SBL,5/17/2018,336.0,340.0,334.0,335.0,0.0,6218.0,460.1,320.5
SBL,5/20/2018,341.0,345.0,334.0,335.0,0.0,11349.0,460.1,320.5
SBL,5/21/2018,333.0,335.0,332.0,333.0,-0.6,3318.0,460.1,320.5
SBL,5/22/2018,335.0,335.0,324.0,331.0,-0.6,40331.0,460.1,320.5
SBL,5/23/2018,328.0,331.0,327.0,328.0,-0.91,10850.0,460.1,320.5
SBL,5/24/2018,325.0,328.0,325.0,326.0,-0.61,5024.0,460.1,320.5
SBL,5/27/2018,325.0,325.0,320.0,320.0,-1.84,8587.0,460.1,320.5
SBL,5/28/2018,316.0,331.0,315.0,329.0,2.81,12862.0,460.1,320.5
SBL,5/29/2018,333.0,335.0,323.0,330.0,0.3,10239.0,460.1,320.5
SBL,5/30/2018,330.0,337.0,324.0,331.0,0.3,11804.0,460.1,320.5
SBL,5/31/2018,332.0,333.0,326.0,329.0,-0.6,4388.0,460.1,320.5
SBL,6/3/2018,323.0,331.0,314.0,319.0,-3.04,21026.0,460.1,320.5
SBL,6/4/2018,320.0,320.0,311.0,316.0,-0.94,15940.0,460.1,320.5
SBL,6/6/2018,322.0,328.0,320.0,321.0,1.58,4150.0,460.1,320.5
SBL,6/7/2018,319.0,323.0,315.0,315.0,-1.87,10872.0,460.1,320.5
SBL,6/10/2018,312.0,314.0,310.0,314.0,-0.32,8647.0,460.1,320.5
SBL,6/11/2018,311.0,317.0,310.0,313.0,-0.32,16099.0,460.1,320.5
SBL,6/12/2018,311.0,315.0,310.0,312.0,-0.32,12338.0,460.1,320.5
SBL,6/13/2018,310.0,318.0,310.0,312.0,0.0,2379.0,460.1,320.5
SBL,6/14/2018,312.0,317.0,312.0,315.0,0.96,6401.0,460.1,320.5
SBL,6/17/2018,312.0,314.0,310.0,310.0,-1.59,5434.0,460.1,320.5
SBL,6/18/2018,310.0,312.0,308.0,312.0,0.65,7955.0,460.1,320.5
SBL,6/19/2018,310.0,310.0,306.0,307.0,-1.6,7328.0,460.1,320.5
SBL,6/20/2018,302.0,307.0,296.0,304.0,-0.98,12585.0,460.1,320.5
SBL,6/21/2018,300.0,305.0,300.0,303.0,-0.33,7530.0,460.1,320.5
SBL,6/24/2018,304.0,310.0,304.0,309.0,1.98,623.0,460.1,320.5
SBL,6/25/2018,305.0,305.0,295.0,304.0,-1.62,10994.0,460.1,320.5
SBL,6/26/2018,305.0,308.0,298.0,298.0,-1.97,7144.0,460.1,320.5
SBL,6/27/2018,297.0,303.0,294.0,296.0,-0.67,11371.0,460.1,320.5
SBL,6/28/2018,298.0,301.0,298.0,300.0,1.35,13656.0,460.1,320.5
SBL,7/1/2018,306.0,306.0,290.0,295.0,-1.67,3451.0,460.1,320.5
SBL,7/2/2018,291.0,297.0,291.0,295.0,0.0,7489.0,460.1,320.5
SBL,7/3/2018,295.0,299.0,293.0,298.0,1.02,5094.0,460.1,320.5
SBL,7/4/2018,295.0,300.0,290.0,298.0,0.0,16046.0,460.1,320.5
SBL,7/5/2018,298.0,307.0,298.0,304.0,2.01,14150.0,460.1,320.5
SBL,7/8/2018,308.0,308.0,301.0,302.0,-0.66,12987.0,460.1,320.5
SBL,7/9/2018,301.0,308.0,295.0,302.0,0.0,13476.0,460.1,320.5
SBL,7/10/2018,302.0,305.0,300.0,300.0,-0.66,6561.0,460.1,320.5
SBL,7/11/2018,305.0,308.0,300.0,300.0,0.0,5769.0,460.1,320.5
SBL,7/12/2018,300.0,301.0,296.0,298.0,-0.67,11895.0,460.1,320.5
SBL,7/15/2018,301.0,305.0,296.0,296.0,-0.67,9022.0,460.1,320.5
SBL,7/16/2018,296.0,300.0,294.0,300.0,1.35,3119.0,460.1,320.5
SBL,7/17/2018,301.0,302.0,300.0,300.0,0.0,3177.0,460.1,320.5
SBL,7/18/2018,298.0,300.0,298.0,300.0,0.0,3888.0,460.1,320.5
SBL,7/19/2018,297.0,300.0,297.0,300.0,0.0,1451.0,460.1,320.5
SBL,7/22/2018,300.0,300.0,291.0,294.0,-2.0,5817.0,460.1,320.5
SBL,7/23/2018,298.0,300.0,298.0,300.0,2.04,7196.0,460.1,320.5
SBL,7/24/2018,300.0,309.0,300.0,300.0,0.0,10403.0,460.1,320.5
SBL,7/25/2018,301.0,303.0,300.0,300.0,0.0,5289.0,460.1,320.5
SBL,7/26/2018,300.0,302.0,300.0,300.0,0.0,8119.0,460.1,320.5
SBL,7/29/2018,300.0,300.0,298.0,298.0,-0.67,3597.0,460.1,320.5
SBL,7/30/2018,299.0,299.0,295.0,296.0,-0.67,4720.0,460.1,320.5
SBL,7/31/2018,298.0,298.0,294.0,295.0,-0.34,7769.0,460.1,320.5
SBL,8/1/2018,294.0,299.0,294.0,296.0,0.34,3947.0,460.1,320.5
SBL,8/2/2018,300.0,300.0,296.0,298.0,0.68,3398.0,460.1,320.5
SBL,8/5/2018,297.0,301.0,296.0,300.0,0.67,6853.0,460.1,320.5
SBL,8/6/2018,303.0,305.0,302.0,305.0,1.67,16893.0,460.1,320.5
SBL,8/7/2018,310.0,310.0,304.0,305.0,0.0,12117.0,460.1,320.5
SBL,8/8/2018,303.0,309.0,300.0,309.0,1.31,11847.0,460.1,320.5
SBL,8/9/2018,307.0,308.0,305.0,305.0,-1.29,11252.0,460.1,320.5
SBL,8/12/2018,305.0,305.0,299.0,301.0,-1.31,13967.0,460.1,320.5
SBL,8/13/2018,300.0,305.0,300.0,305.0,1.33,5851.0,460.1,320.5
SBL,8/14/2018,306.0,308.0,304.0,307.0,0.66,4642.0,460.1,320.5
SBL,8/15/2018,308.0,317.0,307.0,317.0,3.26,10101.0,460.1,320.5
SBL,8/16/2018,323.0,322.0,312.0,322.0,1.58,24783.0,460.1,320.5
SBL,8/19/2018,325.0,325.0,312.0,316.0,-1.86,11225.0,460.1,320.5
SBL,8/20/2018,312.0,315.0,310.0,313.0,-0.95,7414.0,460.1,320.5
SBL,8/21/2018,312.0,312.0,308.0,312.0,-0.32,13346.0,460.1,320.5
SBL,8/22/2018,309.0,312.0,308.0,310.0,-0.64,4750.0,460.1,320.5
SBL,8/23/2018,310.0,311.0,306.0,311.0,0.32,9655.0,460.1,320.5
SBL,8/26/2018,309.0,309.0,307.0,307.0,-1.29,9878.0,460.1,320.5
SBL,8/28/2018,304.0,306.0,302.0,306.0,-0.33,22755.0,460.1,320.5
SBL,8/29/2018,304.0,310.0,304.0,308.0,0.65,2685.0,460.1,320.5
SBL,8/30/2018,306.0,314.0,306.0,314.0,1.95,8210.0,460.1,320.5
SBL,9/2/2018,314.0,319.0,308.0,318.0,1.27,24141.0,460.1,320.5
SBL,9/3/2018,320.0,326.0,317.0,324.0,1.89,26326.0,460.1,320.5
SBL,9/4/2018,323.0,328.0,320.0,326.0,0.62,23836.0,460.1,320.5
SBL,9/5/2018,326.0,338.0,325.0,330.0,1.23,67045.0,460.1,320.5
SBL,9/6/2018,330.0,336.0,327.0,328.0,-0.61,54183.0,460.1,320.5
SBL,9/9/2018,327.0,328.0,321.0,321.0,-2.13,31041.0,460.1,320.5
SBL,9/10/2018,321.0,321.0,317.0,319.0,-0.62,14664.0,460.1,320.5
SBL,9/11/2018,318.0,324.0,318.0,321.0,0.63,13920.0,460.1,320.5
SBL,9/12/2018,323.0,331.0,320.0,328.0,2.18,11986.0,460.1,320.5
SBL,9/13/2018,333.0,334.0,328.0,331.0,0.91,49033.0,460.1,320.5
SBL,9/16/2018,337.0,345.0,332.0,334.0,0.91,48327.0,460.1,320.5
SBL,9/17/2018,335.0,339.0,330.0,333.0,-0.3,19918.0,460.1,320.5
SBL,9/18/2018,332.0,335.0,330.0,330.0,-0.9,22039.0,460.1,320.5
SBL,9/20/2018,330.0,332.0,325.0,329.0,-0.3,30636.0,460.1,320.5
SBL,9/23/2018,332.0,334.0,326.0,330.0,0.3,24973.0,460.1,320.5
SBL,9/25/2018,335.0,345.0,331.0,344.0,4.24,77325.0,460.1,320.5
SBL,9/26/2018,345.0,350.0,342.0,345.0,0.29,50381.0,460.1,320.5
SBL,9/27/2018,340.0,345.0,339.0,340.0,-1.45,17985.0,460.1,320.5
SBL,9/30/2018,338.0,341.0,335.0,337.0,-0.88,16384.0,460.1,320.5
SBL,10/1/2018,339.0,339.0,331.0,332.0,-1.48,37259.0,460.1,320.5
SBL,10/2/2018,333.0,335.0,330.0,330.0,-0.6,15504.0,460.1,320.5
SBL,10/3/2018,332.0,332.0,326.0,326.0,-1.21,10013.0,460.1,320.5
SBL,10/4/2018,323.0,330.0,323.0,326.0,0.0,24954.0,460.1,320.5
SBL,10/7/2018,320.0,324.0,319.0,319.0,-2.15,27331.0,460.1,320.5
SBL,10/8/2018,321.0,325.0,321.0,321.0,0.63,13686.0,460.1,320.5
SBL,10/9/2018,326.0,327.0,322.0,323.0,0.62,13740.0,460.1,320.5
SBL,10/10/2018,322.0,325.0,320.0,324.0,0.31,11303.0,460.1,320.5
SBL,10/11/2018,327.0,333.0,327.0,330.0,1.85,7760.0,460.1,320.5
SBL,10/14/2018,330.0,335.0,330.0,335.0,1.52,19441.0,460.1,320.5
SBL,10/15/2018,335.0,338.0,330.0,337.0,0.6,26730.0,460.1,320.5
SBL,10/21/2018,340.0,341.0,338.0,340.0,0.89,9062.0,460.1,320.5
SBL,10/22/2018,336.0,340.0,335.0,340.0,0.0,14007.0,460.1,320.5
SBL,10/23/2018,339.0,343.0,335.0,343.0,0.88,16046.0,460.1,320.5
SBL,10/24/2018,341.0,350.0,341.0,349.0,1.75,29347.0,460.1,320.5
SBL,10/25/2018,347.0,349.0,343.0,346.0,-0.86,28278.0,460.1,320.5
SBL,10/28/2018,341.0,343.0,337.0,338.0,-2.31,16403.0,460.1,320.5
SBL,10/29/2018,333.0,337.0,326.0,334.0,-1.18,16436.0,460.1,320.5
SBL,10/30/2018,339.0,341.0,334.0,341.0,2.1,9684.0,460.1,320.5
SBL,10/31/2018,338.0,339.0,337.0,338.0,-0.88,6296.0,460.1,320.5
SBL,11/1/2018,332.0,340.0,332.0,334.0,-1.18,19785.0,460.1,320.5
SBL,11/4/2018,334.0,334.0,327.0,328.0,-1.8,14810.0,460.1,320.5
SBL,11/5/2018,334.0,334.0,329.0,334.0,1.83,6824.0,460.1,320.5
SBL,11/6/2018,334.0,333.0,328.0,334.0,0.0,557.0,460.1,320.5
SBL,11/11/2018,334.0,334.0,325.0,327.0,-2.1,3645.0,460.1,320.5
SBL,11/12/2018,326.0,327.0,323.0,325.0,-0.61,2034.0,460.1,320.5
SBL,11/13/2018,330.0,331.0,325.0,329.0,1.23,2906.0,460.1,320.5
SBL,11/14/2018,325.0,330.0,325.0,327.0,-0.61,5556.0,460.1,320.5
SBL,11/15/2018,330.0,331.0,326.0,327.0,0.0,11926.0,460.1,320.5
SBL,11/18/2018,326.0,329.0,324.0,324.0,-0.92,8535.0,460.1,320.5
SBL,11/19/2018,324.0,326.0,321.0,322.0,-0.62,10863.0,460.1,320.5
SBL,11/20/2018,320.0,324.0,320.0,323.0,0.31,8759.0,460.1,320.5
SBL,11/21/2018,322.0,326.0,320.0,326.0,0.93,6813.0,460.1,320.5
SBL,11/22/2018,324.0,325.0,321.0,322.0,-1.23,7159.0,460.1,320.5
SBL,11/25/2018,326.0,326.0,316.0,316.0,-1.86,12789.0,460.1,320.5
SBL,11/26/2018,318.0,318.0,312.0,313.0,-0.95,12620.0,460.1,320.5
SBL,11/27/2018,315.0,317.0,313.0,315.0,0.64,5387.0,460.1,320.5
SBL,11/28/2018,311.0,314.0,311.0,313.0,-0.63,4588.0,460.1,320.5
SBL,11/29/2018,312.0,312.0,306.0,306.0,-2.24,7114.0,460.1,320.5
SBL,12/2/2018,306.0,306.0,302.0,305.0,-0.33,13512.0,460.1,320.5
SBL,12/3/2018,300.0,310.0,300.0,305.0,0.0,11760.0,460.1,320.5
SBL,12/4/2018,304.0,310.0,304.0,310.0,1.64,10066.0,460.1,320.5
SBL,12/5/2018,305.0,306.0,302.0,305.0,-1.61,31915.0,460.1,320.5
SBL,12/6/2018,300.0,307.0,297.0,305.0,0.0,31723.0,460.1,320.5
SBL,12/9/2018,305.0,305.0,298.0,305.0,0.0,5331.0,460.1,320.5
SBL,12/10/2018,307.0,314.0,303.0,307.0,0.66,8602.0,460.1,320.5
SBL,12/11/2018,310.0,310.0,303.0,303.0,-1.3,6967.0,460.1,320.5
SBL,12/12/2018,303.0,304.0,300.0,302.0,-0.33,2017.0,460.1,320.5
SBL,12/13/2018,302.0,309.0,302.0,308.0,1.99,7030.0,460.1,320.5
SBL,12/16/2018,314.0,323.0,310.0,317.0,2.92,26397.0,460.1,320.5
SBL,12/17/2018,314.0,322.0,314.0,320.0,0.95,7063.0,460.1,320.5
SBL,12/18/2018,317.0,318.0,310.0,315.0,-1.56,18777.0,460.1,320.5
SBL,12/19/2018,314.0,317.0,313.0,313.0,-0.63,6280.0,460.1,320.5
SBL,12/20/2018,316.0,317.0,313.0,314.0,0.32,23532.0,460.1,320.5
SBL,12/23/2018,320.0,327.0,320.0,325.0,3.5,45177.0,460.1,320.5
SBL,12/24/2018,305.0,306.0,299.0,299.0,-8.0,8454.0,460.1,320.5
SBL,12/25/2018,300.0,300.0,297.0,297.0,-0.67,10101.0,460.1,320.5
SBL,12/26/2018,296.0,310.0,296.0,306.0,3.03,25579.0,460.1,320.5
SBL,12/27/2018,306.0,310.0,302.0,302.0,-1.31,18006.0,460.1,320.5
SBL,12/30/2018,301.0,304.0,300.0,300.0,-0.66,14071.0,460.1,320.5
SBL,12/31/2018,300.0,300.0,295.0,295.0,-1.67,13737.0,460.1,320.5
SBL,1/1/2019,295.0,297.0,293.0,297.0,0.68,3515.0,460.1,320.5
SBL,1/2/2019,297.0,297.0,293.0,294.0,-1.01,27803.0,460.1,320.5
SBL,1/3/2019,297.0,297.0,292.0,292.0,-0.68,10526.0,460.1,320.5
SBL,1/6/2019,289.0,292.0,287.0,287.0,-1.71,10019.0,460.1,320.5
SBL,1/7/2019,291.0,292.0,288.0,290.0,1.05,8355.0,460.1,320.5
SBL,1/8/2019,290.0,291.0,289.0,291.0,0.34,15980.0,460.1,320.5
SBL,1/9/2019,292.0,293.0,290.0,291.0,0.0,13486.0,460.1,320.5
SBL,1/10/2019,292.0,294.0,290.0,294.0,1.03,3748.0,460.1,320.5
SBL,1/13/2019,296.0,298.0,291.0,291.0,-1.02,7884.0,460.1,320.5
SBL,1/14/2019,290.0,293.0,290.0,293.0,0.69,32314.0,460.1,320.5
SBL,1/15/2019,295.0,296.0,291.0,296.0,1.02,6704.0,460.1,320.5
SBL,1/16/2019,295.0,296.0,291.0,293.0,-1.01,9270.0,460.1,320.5
SBL,1/17/2019,294.0,294.0,290.0,293.0,0.0,5575.0,460.1,320.5
SBL,1/20/2019,290.0,292.0,288.0,290.0,-1.02,4024.0,460.1,320.5
SBL,1/21/2019,287.0,288.0,286.0,288.0,-0.69,9890.0,460.1,320.5
SBL,1/22/2019,285.0,290.0,283.0,289.0,0.35,4165.0,460.1,320.5
SBL,1/23/2019,289.0,292.0,289.0,292.0,1.04,7047.0,460.1,320.5
SBL,1/24/2019,292.0,292.0,286.0,289.0,-1.03,14620.0,460.1,320.5
SBL,1/27/2019,287.0,287.0,281.0,283.0,-2.08,34584.0,460.1,320.5
SBL,1/28/2019,285.0,286.0,284.0,286.0,1.06,3813.0,460.1,320.5
SBL,1/29/2019,286.0,287.0,285.0,286.0,0.0,6978.0,460.1,320.5
SBL,1/30/2019,285.0,289.0,285.0,288.0,0.7,7332.0,460.1,320.5
SBL,1/31/2019,289.0,289.0,285.0,287.0,-0.35,5136.0,460.1,320.5
SBL,2/3/2019,285.0,286.0,282.0,283.0,-1.39,14101.0,460.1,320.5
SBL,2/4/2019,283.0,285.0,280.0,281.0,-0.71,15937.0,460.1,320.5
SBL,2/5/2019,281.0,284.0,281.0,282.0,0.36,4330.0,460.1,320.5
SBL,2/6/2019,281.0,284.0,280.0,282.0,0.0,11166.0,460.1,320.5
SBL,2/7/2019,281.0,282.0,280.0,281.0,-0.35,7700.0,460.1,320.5
SBL,2/10/2019,280.0,283.0,279.0,283.0,0.71,6984.0,460.1,320.5
SBL,2/11/2019,282.0,283.0,281.0,283.0,0.0,3470.0,460.1,320.5
SBL,2/12/2019,282.0,282.0,279.0,281.0,-0.71,6249.0,460.1,320.5
SBL,2/13/2019,281.0,283.0,278.0,278.0,-1.07,9427.0,460.1,320.5
SBL,2/14/2019,278.0,278.0,274.0,276.0,-0.72,10910.0,460.1,320.5
SBL,2/17/2019,278.0,280.0,274.0,276.0,0.0,5827.0,460.1,320.5
SBL,2/18/2019,276.0,277.0,275.0,276.0,0.0,7715.0,460.1,320.5
SBL,2/19/2019,276.0,280.0,275.0,280.0,1.45,9251.0,460.1,320.5
SBL,2/20/2019,280.0,280.0,273.0,273.0,-2.5,22689.0,460.1,320.5
SBL,2/21/2019,274.0,277.0,274.0,276.0,1.1,2722.0,460.1,320.5
SBL,2/24/2019,274.0,276.0,273.0,274.0,-0.72,3953.0,460.1,320.5
SBL,2/25/2019,273.0,277.0,272.0,276.0,0.73,5650.0,460.1,320.5
SBL,2/26/2019,275.0,277.0,275.0,275.0,-0.36,11799.0,460.1,320.5
SBL,2/27/2019,275.0,278.0,275.0,277.0,0.73,4442.0,460.1,320.5
SBL,3/3/2019,278.0,278.0,274.0,274.0,-1.08,10147.0,460.1,320.5
SBL,3/5/2019,274.0,278.0,273.0,276.0,0.73,7352.0,460.1,320.5
SBL,3/6/2019,274.0,279.0,274.0,279.0,1.09,5538.0,460.1,320.5
SBL,3/7/2019,280.0,284.0,277.0,281.0,0.72,6818.0,460.1,320.5
SBL,3/10/2019,280.0,282.0,277.0,282.0,0.36,2642.0,460.1,320.5
SBL,3/11/2019,282.0,290.0,281.0,290.0,2.84,11761.0,460.1,320.5
SBL,3/12/2019,291.0,301.0,290.0,298.0,2.76,26851.0,460.1,320.5
SBL,3/13/2019,299.0,300.0,294.0,294.0,-1.34,15977.0,460.1,320.5
SBL,3/14/2019,298.0,298.0,288.0,295.0,0.34,8857.0,460.1,320.5
SBL,3/17/2019,295.0,297.0,294.0,297.0,0.68,6067.0,460.1,320.5
SBL,3/18/2019,295.0,296.0,290.0,293.0,-1.35,13790.0,460.1,320.5
SBL,3/19/2019,288.0,294.0,288.0,292.0,-0.34,3149.0,460.1,320.5
SBL,3/21/2019,290.0,290.0,282.0,285.0,-2.4,13841.0,460.1,320.5
SBL,3/24/2019,281.0,285.0,280.0,285.0,0.0,11617.0,460.1,320.5
SBL,3/25/2019,285.0,287.0,284.0,284.0,-0.35,8626.0,460.1,320.5
SBL,3/26/2019,283.0,288.0,283.0,287.0,1.06,22072.0,460.1,320.5
SBL,3/27/2019,285.0,288.0,285.0,287.0,0.0,4205.0,460.1,320.5
SBL,3/28/2019,287.0,289.0,286.0,286.0,-0.35,8515.0,460.1,320.5
SBL,3/31/2019,286.0,291.0,285.0,289.0,1.05,10342.0,460.1,320.5
SBL,4/1/2019,289.0,294.0,288.0,293.0,1.38,13291.0,460.1,320.5
SBL,4/2/2019,294.0,302.0,294.0,300.0,2.39,26432.0,460.1,320.5
SBL,4/3/2019,306.0,306.0,300.0,302.0,0.67,50475.0,460.1,320.5
SBL,4/4/2019,302.0,307.0,301.0,304.0,0.66,26867.0,460.1,320.5
SBL,4/7/2019,303.0,316.0,302.0,316.0,3.95,42912.0,460.1,320.5
SBL,4/8/2019,319.0,321.0,311.0,312.0,-1.27,39598.0,460.1,320.5
SBL,4/9/2019,314.0,316.0,310.0,310.0,-0.64,37758.0,460.1,320.5
SBL,4/10/2019,306.0,316.0,306.0,311.0,0.32,17889.0,460.1,320.5
SBL,4/11/2019,317.0,317.0,310.0,314.0,0.96,23461.0,460.1,320.5
SBL,4/15/2019,316.0,318.0,315.0,317.0,0.96,16393.0,460.1,320.5
SBL,4/16/2019,319.0,333.0,316.0,333.0,5.05,48241.0,460.1,320.5
SBL,4/17/2019,339.0,345.0,327.0,345.0,3.6,88521.0,460.1,320.5
SBL,4/18/2019,345.0,354.0,340.0,353.0,2.32,67699.0,460.1,320.5
SBL,4/21/2019,353.0,357.0,345.0,357.0,1.13,67323.0,460.1,320.5
SBL,4/22/2019,361.0,361.0,343.0,347.0,-2.8,58726.0,460.1,320.5
SBL,4/23/2019,345.0,351.0,342.0,344.0,-0.86,20355.0,460.1,320.5
SBL,4/24/2019,345.0,356.0,345.0,353.0,2.62,51765.0,460.1,320.5
SBL,4/25/2019,354.0,357.0,350.0,350.0,-0.85,98309.0,460.1,320.5
SBL,4/28/2019,355.0,355.0,343.0,347.0,-0.86,63375.0,460.1,320.5
SBL,4/29/2019,345.0,352.0,342.0,347.0,0.0,69209.0,460.1,320.5
SBL,4/30/2019,347.0,352.0,342.0,346.0,-0.29,55578.0,460.1,320.5
SBL,5/2/2019,343.0,349.0,342.0,345.0,-0.29,27166.0,460.1,320.5
SBL,5/5/2019,343.0,345.0,340.0,340.0,-1.45,32758.0,460.1,320.5
SBL,5/6/2019,338.0,350.0,337.0,349.0,2.65,26763.0,460.1,320.5
SBL,5/7/2019,352.0,353.0,347.0,348.0,-0.29,33046.0,460.1,320.5
SBL,5/8/2019,349.0,349.0,345.0,345.0,-0.86,9785.0,460.1,320.5
SBL,5/9/2019,345.0,345.0,342.0,342.0,-0.87,10702.0,460.1,320.5
SBL,5/12/2019,339.0,343.0,334.0,340.0,-0.58,29129.0,460.1,320.5
SBL,5/13/2019,343.0,343.0,338.0,340.0,0.0,31125.0,460.1,320.5
SBL,5/14/2019,342.0,345.0,339.0,340.0,0.0,39059.0,460.1,320.5
SBL,5/15/2019,341.0,350.0,341.0,342.0,0.59,31899.0,460.1,320.5
SBL,5/16/2019,343.0,344.0,340.0,343.0,0.29,9640.0,460.1,320.5
SBL,5/19/2019,341.0,343.0,340.0,340.0,-0.87,21646.0,460.1,320.5
SBL,5/20/2019,340.0,342.0,336.0,337.0,-0.88,25995.0,460.1,320.5
SBL,5/21/2019,337.0,340.0,335.0,337.0,0.0,19567.0,460.1,320.5
SBL,5/22/2019,338.0,340.0,337.0,337.0,0.0,20492.0,460.1,320.5
SBL,5/23/2019,341.0,341.0,335.0,336.0,-0.3,23497.0,460.1,320.5
SBL,5/26/2019,333.0,337.0,333.0,336.0,0.0,10804.0,460.1,320.5
SBL,5/27/2019,331.0,337.0,331.0,335.0,-0.3,7699.0,460.1,320.5
SBL,5/28/2019,336.0,337.0,333.0,334.0,-0.3,10729.0,460.1,320.5
SBL,5/29/2019,332.0,339.0,332.0,339.0,1.5,5662.0,460.1,320.5
SBL,5/30/2019,345.0,355.0,340.0,340.0,0.29,41551.0,460.1,320.5
SBL,6/2/2019,336.0,338.0,335.0,336.0,-1.18,24772.0,460.1,320.5
SBL,6/3/2019,334.0,335.0,333.0,334.0,-0.6,10371.0,460.1,320.5
SBL,6/4/2019,334.0,334.0,331.0,332.0,-0.6,8958.0,460.1,320.5
SBL,6/6/2019,328.0,332.0,328.0,328.0,-1.2,12748.0,460.1,320.5
SBL,6/10/2019,334.0,334.0,324.0,325.0,-0.91,93466.0,460.1,320.5
SBL,6/11/2019,326.0,330.0,324.0,325.0,0.0,32749.0,460.1,320.5
SBL,6/12/2019,323.0,326.0,320.0,320.0,-1.54,17468.0,460.1,320.5
SBL,6/13/2019,320.0,331.0,315.0,324.0,1.25,10071.0,460.1,320.5
SBL,6/16/2019,325.0,326.0,319.0,321.0,-0.93,79222.0,460.1,320.5
SBL,6/17/2019,324.0,325.0,318.0,320.0,-0.31,56965.0,460.1,320.5
SBL,6/18/2019,320.0,322.0,317.0,320.0,0.0,28435.0,460.1,320.5
SBL,6/19/2019,320.0,321.0,317.0,318.0,-0.62,18599.0,460.1,320.5
SBL,6/20/2019,321.0,325.0,318.0,322.0,1.26,15865.0,460.1,320.5
SBL,6/23/2019,321.0,323.0,315.0,315.0,-2.17,55071.0,460.1,320.5
SBL,6/24/2019,321.0,321.0,316.0,320.0,1.59,37540.0,460.1,320.5
SBL,6/25/2019,320.0,324.0,320.0,321.0,0.31,42777.0,460.1,320.5
SBL,6/26/2019,320.0,323.0,320.0,322.0,0.31,21749.0,460.1,320.5
SBL,6/27/2019,325.0,325.0,321.0,322.0,0.0,79189.0,460.1,320.5
SBL,6/30/2019,321.0,322.0,316.0,320.0,-0.62,83959.0,460.1,320.5
SBL,7/1/2019,322.0,322.0,316.0,316.0,-1.25,31817.0,460.1,320.5
SBL,7/2/2019,318.0,322.0,317.0,322.0,1.9,13219.0,460.1,320.5
SBL,7/3/2019,323.0,325.0,318.0,324.0,0.62,18127.0,460.1,320.5
SBL,7/4/2019,325.0,326.0,324.0,324.0,0.0,20705.0,460.1,320.5
SBL,7/7/2019,322.0,322.0,319.0,320.0,-1.23,16095.0,460.1,320.5
SBL,7/8/2019,318.0,320.0,315.0,320.0,0.0,26420.0,460.1,320.5
SBL,7/9/2019,316.0,318.0,314.0,315.0,-1.56,13019.0,460.1,320.5
SBL,7/10/2019,315.0,316.0,313.0,313.0,-0.63,24885.0,460.1,320.5
SBL,7/11/2019,315.0,316.0,312.0,314.0,0.32,11910.0,460.1,320.5
SBL,7/14/2019,314.0,317.0,312.0,314.0,0.0,15494.0,460.1,320.5
SBL,7/15/2019,313.0,318.0,313.0,316.0,0.64,10289.0,460.1,320.5
SBL,7/16/2019,331.0,331.0,316.0,318.0,0.63,12814.0,460.1,320.5
SBL,7/17/2019,320.0,326.0,319.0,325.0,2.2,17150.0,460.1,320.5
SBL,7/18/2019,324.0,331.0,324.0,327.0,0.62,21384.0,460.1,320.5
SBL,7/21/2019,321.0,327.0,321.0,327.0,0.0,18223.0,460.1,320.5
SBL,7/22/2019,326.0,327.0,323.0,324.0,-0.92,13483.0,460.1,320.5
SBL,7/23/2019,324.0,328.0,324.0,326.0,0.62,23573.0,460.1,320.5
SBL,7/24/2019,329.0,329.0,326.0,327.0,0.31,41655.0,460.1,320.5
SBL,7/25/2019,327.0,327.0,322.0,324.0,-0.92,21422.0,460.1,320.5
SBL,7/28/2019,320.0,321.0,318.0,321.0,-0.93,14468.0,460.1,320.5
SBL,7/29/2019,325.0,325.0,320.0,320.0,-0.31,18523.0,460.1,320.5
SBL,7/30/2019,317.0,325.0,315.0,322.0,0.63,14950.0,460.1,320.5
SBL,7/31/2019,321.0,325.0,321.0,324.0,0.62,8971.0,460.1,320.5
SBL,8/1/2019,325.0,327.0,321.0,322.0,-0.62,18341.0,460.1,320.5
SBL,8/4/2019,319.0,327.0,318.0,323.0,0.31,27548.0,460.1,320.5
SBL,8/5/2019,323.0,323.0,320.0,321.0,-0.62,27505.0,460.1,320.5
SBL,8/6/2019,321.0,321.0,315.0,317.0,-1.25,33320.0,460.1,320.5
SBL,8/7/2019,315.0,323.0,315.0,321.0,1.26,15396.0,460.1,320.5
SBL,8/8/2019,320.0,320.0,318.0,318.0,-0.93,21797.0,460.1,320.5
SBL,8/11/2019,318.0,319.0,316.0,319.0,0.31,20275.0,460.1,320.5
SBL,8/12/2019,318.0,319.0,317.0,318.0,-0.31,13634.0,460.1,320.5
SBL,8/13/2019,333.0,333.0,311.0,316.0,-0.63,17641.0,460.1,320.5
SBL,8/14/2019,316.0,316.0,315.0,316.0,0.0,14035.0,460.1,320.5
SBL,8/15/2019,315.0,317.0,314.0,317.0,0.32,12916.0,460.1,320.5
SBL,8/18/2019,317.0,318.0,315.0,315.0,-0.63,22968.0,460.1,320.5
SBL,8/19/2019,315.0,325.0,314.0,319.0,1.27,7900.0,460.1,320.5
SBL,8/20/2019,316.0,318.0,314.0,315.0,-1.25,12975.0,460.1,320.5
SBL,8/21/2019,318.0,318.0,314.0,315.0,0.0,9372.0,460.1,320.5
SBL,8/22/2019,315.0,318.0,315.0,316.0,0.32,2654.0,460.1,320.5
SBL,8/25/2019,312.0,317.0,312.0,315.0,-0.32,6923.0,460.1,320.5
SBL,8/26/2019,313.0,318.0,312.0,314.0,-0.32,9225.0,460.1,320.5
SBL,8/27/2019,314.0,318.0,314.0,318.0,1.27,6466.0,460.1,320.5
SBL,8/28/2019,318.0,318.0,314.0,314.0,-1.26,3266.0,460.1,320.5
SBL,8/29/2019,313.0,314.0,312.0,314.0,0.0,11825.0,460.1,320.5
SBL,9/1/2019,311.0,315.0,311.0,314.0,0.0,12254.0,460.1,320.5
SBL,9/2/2019,312.0,314.0,311.0,312.0,-0.64,16341.0,460.1,320.5
SBL,9/3/2019,312.0,316.0,309.0,315.0,0.96,21867.0,460.1,320.5
SBL,9/4/2019,314.0,319.0,313.0,318.0,0.95,25899.0,460.1,320.5
SBL,9/5/2019,320.0,320.0,316.0,319.0,0.31,12200.0,460.1,320.5
SBL,9/8/2019,317.0,320.0,314.0,315.0,-1.25,15298.0,460.1,320.5
SBL,9/9/2019,314.0,314.0,312.0,313.0,-0.63,25585.0,460.1,320.5
SBL,9/10/2019,312.0,315.0,312.0,314.0,0.32,13968.0,460.1,320.5
SBL,9/11/2019,312.0,316.0,312.0,316.0,0.64,16943.0,460.1,320.5
SBL,9/12/2019,312.0,317.0,312.0,316.0,0.0,13683.0,460.1,320.5
SBL,9/15/2019,316.0,316.0,311.0,312.0,-1.27,21216.0,460.1,320.5
SBL,9/16/2019,311.0,312.0,304.0,305.0,-2.24,38814.0,460.1,320.5
SBL,9/17/2019,311.0,329.0,311.0,325.0,6.56,108624.0,460.1,320.5
SBL,9/18/2019,328.0,334.0,325.0,331.0,1.85,136503.0,460.1,320.5
SBL,9/19/2019,332.0,335.0,329.0,330.0,-0.3,40145.0,460.1,320.5
SBL,9/22/2019,329.0,329.0,325.0,326.0,-1.21,20063.0,460.1,320.5
SBL,9/23/2019,330.0,330.0,327.0,328.0,0.61,26001.0,460.1,320.5
SBL,9/24/2019,327.0,328.0,326.0,326.0,-0.61,18901.0,460.1,320.5
SBL,9/25/2019,327.0,330.0,326.0,326.0,0.0,14094.0,460.1,320.5
SBL,9/26/2019,330.0,330.0,326.0,326.0,0.0,13428.0,460.1,320.5
SBL,9/29/2019,327.0,327.0,325.0,325.0,-0.31,21366.0,460.1,320.5
SBL,9/30/2019,325.0,329.0,324.0,328.0,0.92,7254.0,460.1,320.5
SBL,10/1/2019,330.0,335.0,330.0,334.0,1.83,28651.0,460.1,320.5
SBL,10/2/2019,334.0,334.0,331.0,331.0,-0.9,32788.0,460.1,320.5
SBL,10/3/2019,334.0,338.0,332.0,336.0,1.51,46515.0,460.1,320.5
SBL,10/10/2019,338.0,341.0,336.0,341.0,1.49,11703.0,460.1,320.5
SBL,10/14/2019,345.0,345.0,335.0,337.0,-1.17,78324.0,460.1,320.5
SBL,10/15/2019,339.0,339.0,336.0,338.0,0.3,120934.0,460.1,320.5
SBL,10/16/2019,302.0,302.0,293.0,294.0,-13.02,10250.0,460.1,320.5
SBL,10/17/2019,299.0,299.0,294.0,294.0,0.0,11033.0,460.1,320.5
SBL,10/20/2019,295.0,295.0,288.0,291.0,-1.02,12331.0,460.1,320.5
SBL,10/21/2019,294.0,295.0,290.0,291.0,0.0,8405.0,460.1,320.5
SBL,10/22/2019,295.0,298.0,287.0,288.0,-1.03,16697.0,460.1,320.5
SBL,10/23/2019,293.0,303.0,288.0,294.0,2.08,4768.0,460.1,320.5
SBL,10/24/2019,294.0,297.0,291.0,296.0,0.68,38607.0,460.1,320.5
SBL,10/31/2019,296.0,301.0,296.0,299.0,1.01,24475.0,460.1,320.5
SBL,11/3/2019,299.0,300.0,292.0,296.0,-1.0,10940.0,460.1,320.5
SBL,11/4/2019,294.0,295.0,291.0,291.0,-1.69,6047.0,460.1,320.5
SBL,11/5/2019,292.0,292.0,289.0,289.0,-0.69,12688.0,460.1,320.5
SBL,11/6/2019,294.0,294.0,289.0,289.0,0.0,10957.0,460.1,320.5
SBL,11/7/2019,287.0,289.0,286.0,289.0,0.0,5044.0,460.1,320.5
SBL,11/10/2019,286.0,290.0,285.0,289.0,0.0,12259.0,460.1,320.5
SBL,11/11/2019,289.0,294.0,287.0,294.0,1.73,16892.0,460.1,320.5
SBL,11/12/2019,290.0,295.0,290.0,291.0,-1.02,5076.0,460.1,320.5
SBL,11/13/2019,287.0,290.0,286.0,288.0,-1.03,6985.0,460.1,320.5
SBL,11/14/2019,289.0,290.0,287.0,289.0,0.35,7400.0,460.1,320.5
SBL,11/17/2019,287.0,288.0,284.0,287.0,-0.69,5402.0,460.1,320.5
SBL,11/18/2019,287.0,287.0,283.0,284.0,-1.05,11455.0,460.1,320.5
SBL,11/19/2019,285.0,285.0,283.0,283.0,-0.35,4851.0,460.1,320.5
SBL,11/20/2019,285.0,287.0,283.0,283.0,0.0,5144.0,460.1,320.5
SBL,11/21/2019,283.0,283.0,281.0,283.0,0.0,3012.0,460.1,320.5
SBL,11/24/2019,282.0,282.0,276.0,276.0,-2.47,13145.0,460.1,320.5
SBL,11/25/2019,275.0,280.0,273.0,277.0,0.36,14465.0,460.1,320.5
SBL,11/26/2019,277.0,280.0,277.0,280.0,1.08,8442.0,460.1,320.5
SBL,11/27/2019,280.0,282.0,278.0,281.0,0.36,2592.0,460.1,320.5
SBL,11/28/2019,281.0,281.0,279.0,279.0,-0.71,5948.0,460.1,320.5
SBL,12/1/2019,277.0,279.0,277.0,279.0,0.0,7375.0,460.1,320.5
SBL,12/2/2019,279.0,280.0,278.0,279.0,0.0,5702.0,460.1,320.5
SBL,12/3/2019,280.0,280.0,279.0,280.0,0.36,4115.0,460.1,320.5
SBL,12/4/2019,279.0,283.0,279.0,281.0,0.36,6552.0,460.1,320.5
SBL,12/5/2019,282.0,286.0,282.0,282.0,0.36,5617.0,460.1,320.5
SBL,12/8/2019,282.0,284.0,281.0,284.0,0.71,4273.0,460.1,320.5
SBL,12/9/2019,285.0,291.0,284.0,285.0,0.35,11501.0,460.1,320.5
SBL,12/10/2019,290.0,293.0,288.0,289.0,1.4,9632.0,460.1,320.5
SBL,12/11/2019,292.0,294.0,289.0,289.0,0.0,17730.0,460.1,320.5
SBL,12/12/2019,290.0,293.0,290.0,291.0,0.69,6683.0,460.1,320.5
SBL,12/15/2019,290.0,297.0,290.0,291.0,0.0,8316.0,460.1,320.5
SBL,12/16/2019,290.0,293.0,288.0,288.0,-1.03,8107.0,460.1,320.5
SBL,12/17/2019,288.0,290.0,288.0,288.0,0.0,3848.0,460.1,320.5
SBL,12/18/2019,290.0,290.0,286.0,287.0,-0.35,6159.0,460.1,320.5
SBL,12/19/2019,286.0,288.0,285.0,286.0,-0.35,7421.0,460.1,320.5
SBL,12/22/2019,286.0,287.0,285.0,285.0,-0.35,5560.0,460.1,320.5
SBL,12/23/2019,287.0,288.0,284.0,286.0,0.35,11353.0,460.1,320.5
SBL,12/24/2019,290.0,291.0,288.0,289.0,1.05,18143.0,460.1,320.5
SBL,12/25/2019,286.0,291.0,286.0,290.0,0.35,11549.0,460.1,320.5
SBL,12/26/2019,289.0,291.0,289.0,290.0,0.0,5521.0,460.1,320.5
SBL,12/29/2019,288.0,289.0,287.0,288.0,-0.69,8112.0,460.1,320.5
SBL,12/30/2019,288.0,288.0,282.0,282.0,-2.08,27258.0,460.1,320.5
SBL,12/31/2019,285.0,286.0,280.0,282.0,0.0,15634.0,460.1,320.5
SBL,1/1/2020,278.0,283.0,278.0,282.0,0.0,13144.0,460.1,320.5
SBL,1/2/2020,282.0,284.0,282.0,282.0,0.0,10150.0,460.1,320.5
SBL,1/5/2020,284.0,292.0,284.0,290.0,2.84,15990.0,460.1,320.5
SBL,1/6/2020,295.0,298.0,291.0,297.0,2.41,23424.0,460.1,320.5
SBL,1/7/2020,300.0,308.0,300.0,308.0,3.7,77481.0,460.1,320.5
SBL,1/8/2020,313.0,313.0,301.0,301.0,-2.27,25758.0,460.1,320.5
SBL,1/9/2020,298.0,304.0,298.0,299.0,-0.66,10776.0,460.1,320.5
SBL,1/12/2020,304.0,313.0,304.0,313.0,4.68,31874.0,460.1,320.5
SBL,1/13/2020,319.0,324.0,309.0,315.0,0.64,81063.0,460.1,320.5
SBL,1/14/2020,310.0,319.0,310.0,316.0,0.32,27264.0,460.1,320.5
SBL,1/15/2020,318.0,329.0,317.0,323.0,2.22,34939.0,460.1,320.5
SBL,1/16/2020,328.0,332.0,325.0,326.0,0.93,63152.0,460.1,320.5
SBL,1/19/2020,332.0,338.0,329.0,337.0,3.37,74425.0,460.1,320.5
SBL,1/20/2020,341.0,341.0,325.0,329.0,-2.37,56691.0,460.1,320.5
SBL,1/21/2020,333.0,333.0,323.0,327.0,-0.61,28402.0,460.1,320.5
SBL,1/22/2020,331.0,333.0,325.0,325.0,-0.61,29907.0,460.1,320.5
SBL,1/23/2020,325.0,326.0,316.0,317.0,-2.46,14810.0,460.1,320.5
SBL,1/26/2020,312.0,312.0,300.0,308.0,-2.84,37682.0,460.1,320.5
SBL,1/27/2020,310.0,313.0,306.0,311.0,0.97,20867.0,460.1,320.5
SBL,1/28/2020,317.0,317.0,310.0,310.0,-0.32,25299.0,460.1,320.5
SBL,1/29/2020,310.0,312.0,308.0,310.0,0.0,14441.0,460.1,320.5
SBL,1/30/2020,308.0,317.0,308.0,312.0,0.65,27163.0,460.1,320.5
SBL,2/2/2020,315.0,321.0,315.0,320.0,2.56,28863.0,460.1,320.5
SBL,2/3/2020,324.0,324.0,315.0,319.0,-0.31,31698.0,460.1,320.5
SBL,2/4/2020,315.0,318.0,315.0,315.0,-1.25,17442.0,460.1,320.5
SBL,2/5/2020,315.0,316.0,313.0,315.0,0.0,16021.0,460.1,320.5
SBL,2/6/2020,313.0,315.0,312.0,314.0,-0.32,14222.0,460.1,320.5
SBL,2/9/2020,313.0,313.0,309.0,309.0,-1.59,10332.0,460.1,320.5
SBL,2/10/2020,311.0,314.0,310.0,312.0,0.97,22829.0,460.1,320.5
SBL,2/11/2020,311.0,316.0,311.0,315.0,0.96,20845.0,460.1,320.5
SBL,2/12/2020,314.0,317.0,313.0,314.0,-0.32,20809.0,460.1,320.5
SBL,2/13/2020,313.0,314.0,309.0,309.0,-1.59,32301.0,460.1,320.5
SBL,2/16/2020,310.0,312.0,307.0,312.0,0.97,25533.0,460.1,320.5
SBL,2/17/2020,318.0,324.0,315.0,321.0,2.88,53311.0,460.1,320.5
SBL,2/18/2020,327.0,328.0,319.0,322.0,0.31,54245.0,460.1,320.5
SBL,2/19/2020,321.0,324.0,317.0,322.0,0.0,76449.0,460.1,320.5
SBL,2/20/2020,320.0,325.0,320.0,323.0,0.31,46279.0,460.1,320.5
SBL,2/23/2020,327.0,355.0,327.0,351.0,8.67,139668.0,460.1,320.5
SBL,2/24/2020,355.0,361.0,344.0,347.0,-1.14,154221.0,460.1,320.5
SBL,2/25/2020,343.0,352.0,336.0,351.0,1.15,43626.0,460.1,320.5
SBL,2/26/2020,358.0,372.0,353.0,365.0,3.99,102019.0,460.1,320.5
SBL,2/27/2020,358.0,393.0,351.0,381.0,4.38,176249.0,460.1,320.5
SBL,3/1/2020,382.0,388.0,366.0,366.0,-3.94,162389.0,460.1,320.5
SBL,3/2/2020,362.0,367.0,336.0,336.0,-8.2,73082.0,460.1,320.5
SBL,3/3/2020,330.0,360.0,325.0,346.0,2.98,82873.0,460.1,320.5
SBL,3/4/2020,349.0,350.0,329.0,329.0,-4.91,92164.0,460.1,320.5
SBL,3/5/2020,323.0,336.0,323.0,328.0,-0.3,67427.0,460.1,320.5
SBL,3/10/2020,323.0,323.0,302.0,302.0,-7.93,68390.0,460.1,320.5
SBL,3/11/2020,300.0,326.0,300.0,326.0,7.95,67952.0,460.1,320.5
SBL,3/12/2020,325.0,328.0,309.0,311.0,-4.6,74611.0,460.1,320.5
SBL,3/15/2020,306.0,310.0,298.0,300.0,-3.54,87652.0,460.1,320.5
SBL,3/16/2020,304.0,312.0,292.0,304.0,1.33,99805.0,460.1,320.5
SBL,3/17/2020,300.0,301.0,292.0,294.0,-3.29,44808.0,460.1,320.5
SBL,3/18/2020,291.0,298.0,287.0,291.0,-1.02,55786.0,460.1,320.5
SBL,3/19/2020,287.0,301.0,282.0,292.0,0.34,69042.0,460.1,320.5
SBL,3/22/2020,297.0,297.0,286.0,289.0,-1.03,11987.0,460.1,320.5
SBL,5/12/2020,284.0,284.0,284.0,284.0,-1.73,50.0,460.1,320.5
SBL,5/13/2020,279.0,279.0,279.0,279.0,-1.76,50.0,460.1,320.5
SBL,6/29/2020,274.0,274.0,252.0,264.0,-5.38,21912.0,460.1,320.5
SBL,6/30/2020,264.0,283.0,264.0,283.0,7.2,4867.0,460.1,320.5
SBL,7/1/2020,285.0,311.0,285.0,311.0,9.89,12234.0,460.1,320.5
SBL,7/2/2020,311.0,317.0,280.0,281.0,-9.65,6504.0,460.1,320.5
SBL,7/5/2020,281.0,290.0,268.0,280.0,-0.36,30377.0,460.1,320.5
SBL,7/6/2020,280.0,288.0,271.0,288.0,2.86,21334.0,460.1,320.5
SBL,7/7/2020,293.0,300.0,286.0,294.0,2.08,40302.0,460.1,320.5
SBL,7/8/2020,294.0,294.0,285.0,292.0,-0.68,24734.0,460.1,320.5
SBL,7/9/2020,288.0,292.0,281.0,289.0,-1.03,24168.0,460.1,320.5
SBL,7/12/2020,294.0,299.0,281.0,288.0,-0.35,35760.0,460.1,320.5
SBL,7/13/2020,286.0,288.0,283.0,285.0,-1.04,19829.0,460.1,320.5
SBL,7/14/2020,284.0,288.0,284.0,286.0,0.35,23158.0,460.1,320.5
SBL,7/15/2020,286.0,298.0,285.0,296.0,3.5,30736.0,460.1,320.5
SBL,7/16/2020,301.0,316.0,295.0,306.0,3.38,42614.0,460.1,320.5
SBL,7/19/2020,312.0,330.0,312.0,330.0,7.84,45.0,460.1,320.5
SBL,7/20/2020,346.0,359.0,318.0,324.0,-1.82,85063.0,460.1,320.5
SBL,7/21/2020,330.0,336.0,315.0,322.0,-0.62,53360.0,460.1,320.5
SBL,7/22/2020,320.0,325.0,317.0,320.0,-0.62,37989.0,460.1,320.5
SBL,7/23/2020,315.0,321.0,312.0,313.0,-2.19,51242.0,460.1,320.5
SBL,7/26/2020,319.0,320.0,315.0,318.0,1.6,38193.0,460.1,320.5
SBL,7/27/2020,316.0,321.0,316.0,320.0,0.63,33935.0,460.1,320.5
SBL,7/28/2020,315.0,319.0,315.0,317.0,-0.94,19043.0,460.1,320.5
SBL,7/29/2020,313.0,316.0,309.0,310.0,-2.21,39747.0,460.1,320.5
SBL,7/30/2020,310.0,315.0,306.0,311.0,0.32,26168.0,460.1,320.5
SBL,8/2/2020,306.0,312.0,298.0,298.0,-4.18,46581.0,460.1,320.5
SBL,8/3/2020,295.0,306.0,294.0,302.0,1.34,28651.0,460.1,320.5
SBL,8/5/2020,300.0,305.0,292.0,294.0,-2.65,33557.0,460.1,320.5
SBL,8/6/2020,294.0,297.0,292.0,293.0,-0.34,32404.0,460.1,320.5
SBL,8/9/2020,290.0,296.0,288.0,295.0,0.68,20333.0,460.1,320.5
SBL,8/10/2020,293.0,300.0,290.0,300.0,1.69,58524.0,460.1,320.5
SBL,8/11/2020,305.0,309.0,299.0,300.0,0.0,23629.0,460.1,320.5
SBL,8/12/2020,295.0,300.0,295.0,295.0,-1.67,55450.0,460.1,320.5
SBL,8/13/2020,296.0,297.0,292.0,292.0,-1.02,65668.0,460.1,320.5
SBL,8/16/2020,290.0,295.0,287.0,293.0,0.34,41444.0,460.1,320.5
SBL,8/17/2020,293.0,297.0,291.0,296.0,1.02,26432.0,460.1,320.5
SBL,8/18/2020,300.0,300.0,295.0,296.0,0.0,19908.0,460.1,320.5
SBL,8/19/2020,291.0,296.0,287.0,293.0,-1.01,19274.0,460.1,320.5
SBL,8/20/2020,297.0,297.0,293.0,294.0,0.34,7569.0,460.1,320.5
SBL,8/23/2020,294.0,295.0,290.0,295.0,0.34,22371.0,460.1,320.5
SBL,8/24/2020,297.0,300.0,296.0,299.0,1.36,34747.0,460.1,320.5
SBL,8/25/2020,300.0,303.0,299.0,301.0,0.67,34317.0,460.1,320.5
SBL,8/26/2020,300.0,310.0,300.0,305.0,1.33,58202.0,460.1,320.5
SBL,8/27/2020,311.0,311.0,304.0,305.0,0.0,35119.0,460.1,320.5
SBL,8/30/2020,309.0,309.0,300.0,301.0,-1.31,16629.0,460.1,320.5
SBL,8/31/2020,301.0,304.0,301.0,303.0,0.66,41952.0,460.1,320.5
SBL,9/2/2020,305.0,309.0,301.0,308.0,1.65,79005.0,460.1,320.5
SBL,9/3/2020,312.0,312.0,302.0,306.0,-0.65,40457.0,460.1,320.5
SBL,9/6/2020,321.0,321.0,304.0,305.0,-0.33,65574.0,460.1,320.5
SBL,9/7/2020,302.0,304.0,300.0,301.0,-1.31,41557.0,460.1,320.5
SBL,9/8/2020,300.0,301.0,298.0,299.0,-0.66,28235.0,460.1,320.5
SBL,9/9/2020,302.0,302.0,296.0,298.0,-0.33,22343.0,460.1,320.5
SBL,9/10/2020,298.0,306.0,298.0,301.0,1.01,17914.0,460.1,320.5
SBL,9/13/2020,297.0,306.0,297.0,304.0,1.0,48027.0,460.1,320.5
SBL,9/14/2020,295.0,314.0,295.0,306.0,0.66,63853.0,460.1,320.5
SBL,9/15/2020,310.0,310.0,302.0,305.0,-0.33,40772.0,460.1,320.5
SBL,9/16/2020,305.0,306.0,302.0,302.0,-0.98,22155.0,460.1,320.5
SBL,9/17/2020,305.0,313.0,303.0,310.0,2.65,102583.0,460.1,320.5
SBL,9/20/2020,315.0,326.0,315.0,319.0,2.9,101103.0,460.1,320.5
SBL,9/21/2020,324.0,324.0,312.0,319.0,0.0,88094.0,460.1,320.5
SBL,9/22/2020,315.0,318.0,312.0,312.0,-2.19,83623.0,460.1,320.5
SBL,9/23/2020,310.0,315.0,307.0,312.0,0.0,37723.0,460.1,320.5
SBL,9/24/2020,313.0,314.0,310.0,311.0,-0.32,41607.0,460.1,320.5
SBL,9/27/2020,311.0,320.0,310.0,316.0,1.61,71252.0,460.1,320.5
SBL,9/28/2020,317.0,319.0,310.0,315.0,-0.32,42240.0,460.1,320.5
SBL,9/29/2020,314.0,315.0,312.0,313.0,-0.63,21921.0,460.1,320.5
SBL,9/30/2020,313.0,314.0,310.0,313.0,0.0,27374.0,460.1,320.5
SBL,10/1/2020,312.0,319.0,312.0,317.0,1.28,54912.0,460.1,320.5
SBL,10/4/2020,323.0,328.0,319.0,323.0,1.89,84745.0,460.1,320.5
SBL,10/5/2020,327.0,327.0,321.0,322.0,-0.31,75121.0,460.1,320.5
SBL,10/6/2020,323.0,324.0,321.0,323.0,0.31,40425.0,460.1,320.5
SBL,10/7/2020,322.0,328.0,322.0,327.0,1.24,82643.0,460.1,320.5
SBL,10/8/2020,331.0,332.0,325.0,326.0,-0.31,107012.0,460.1,320.5
SBL,10/11/2020,325.0,325.0,322.0,323.0,-0.92,35006.0,460.1,320.5
SBL,10/12/2020,328.0,328.0,320.0,325.0,0.62,43286.0,460.1,320.5
SBL,10/13/2020,326.0,326.0,321.0,322.0,-0.92,20235.0,460.1,320.5
SBL,10/14/2020,321.0,322.0,318.0,319.0,-0.93,46442.0,460.1,320.5
SBL,10/15/2020,320.0,324.0,318.0,318.0,-0.31,28401.0,460.1,320.5
SBL,10/18/2020,320.0,323.0,318.0,319.0,0.31,13867.0,460.1,320.5
SBL,10/19/2020,319.0,320.0,316.0,317.0,-0.63,24509.0,460.1,320.5
SBL,10/20/2020,323.0,323.0,317.0,320.0,0.95,16389.0,460.1,320.5
SBL,10/21/2020,325.0,328.0,324.0,327.0,2.19,30530.0,460.1,320.5
SBL,10/22/2020,329.0,332.0,327.0,330.0,0.92,86963.0,460.1,320.5
SBL,10/28/2020,335.0,347.0,335.0,346.0,4.85,146954.0,460.1,320.5
SBL,10/29/2020,352.0,356.0,344.0,347.0,0.29,168236.0,460.1,320.5
SBL,11/1/2020,351.0,351.0,341.0,342.0,-1.44,88787.0,460.1,320.5
SBL,11/2/2020,341.0,345.0,338.0,342.0,0.0,59109.0,460.1,320.5
SBL,11/3/2020,345.0,345.0,338.0,339.0,-0.88,41599.0,460.1,320.5
SBL,11/4/2020,338.0,340.0,336.0,337.0,-0.59,40653.0,460.1,320.5
SBL,11/5/2020,340.0,343.0,335.0,335.0,-0.59,41507.0,460.1,320.5
SBL,11/8/2020,338.0,339.0,336.0,337.0,0.6,55994.0,460.1,320.5
SBL,11/9/2020,343.0,343.0,334.0,335.0,-0.59,42534.0,460.1,320.5
SBL,11/10/2020,340.0,340.0,331.0,334.0,-0.3,73892.0,460.1,320.5
SBL,11/11/2020,337.0,340.0,334.0,340.0,1.8,106241.0,460.1,320.5
SBL,11/12/2020,341.0,343.0,339.0,342.0,0.59,49271.0,460.1,320.5
SBL,11/18/2020,336.0,340.0,328.0,333.0,-2.63,51169.0,460.1,320.5
SBL,11/19/2020,335.0,345.0,331.0,335.0,0.6,99001.0,460.1,320.5
SBL,11/22/2020,340.0,345.0,336.0,338.0,0.9,132871.0,460.1,320.5
SBL,11/23/2020,338.0,340.0,332.0,335.0,-0.89,58888.0,460.1,320.5
SBL,11/24/2020,335.0,342.0,335.0,339.0,1.19,104896.0,460.1,320.5
SBL,11/25/2020,345.0,351.0,340.0,351.0,3.54,136544.0,460.1,320.5
SBL,11/26/2020,351.0,370.0,351.0,366.0,4.27,336521.0,460.1,320.5
SBL,11/29/2020,366.0,402.0,366.0,396.0,8.2,324825.0,460.1,320.5
SBL,11/30/2020,405.0,408.0,376.0,384.0,-3.03,287701.0,460.1,320.5
SBL,12/1/2020,390.0,390.0,365.0,371.0,-3.39,230874.0,460.1,320.5
SBL,12/2/2020,389.0,389.0,363.0,372.0,0.27,188734.0,460.1,320.5
SBL,12/3/2020,390.0,390.0,365.0,370.0,-0.54,121174.0,460.1,320.5
SBL,12/6/2020,380.0,384.0,366.0,366.0,-1.08,266188.0,460.1,320.5
SBL,12/7/2020,366.0,384.0,359.0,373.0,1.91,127416.0,460.1,320.5
SBL,12/8/2020,391.0,391.0,362.0,368.0,-1.34,86650.0,460.1,320.5
SBL,12/9/2020,386.0,386.0,355.0,357.0,-2.99,73064.0,460.1,320.5
SBL,12/10/2020,374.0,374.0,350.0,358.0,0.28,72280.0,460.1,320.5
SBL,12/13/2020,375.0,375.0,361.0,368.0,2.79,96309.0,460.1,320.5
SBL,12/14/2020,368.0,380.0,368.0,377.0,2.45,120236.0,460.1,320.5
SBL,12/15/2020,395.0,395.0,370.0,372.0,-1.33,66479.0,460.1,320.5
SBL,12/16/2020,390.0,390.0,367.0,367.0,-1.34,50391.0,460.1,320.5
SBL,12/17/2020,385.0,385.0,364.0,365.0,-0.54,83107.0,460.1,320.5
SBL,12/20/2020,360.0,364.0,348.0,348.0,-4.66,128926.0,460.1,320.5
SBL,12/21/2020,342.0,353.0,333.0,349.0,0.29,98445.0,460.1,320.5
SBL,12/22/2020,366.0,377.0,353.0,364.0,4.3,123455.0,460.1,320.5
SBL,12/23/2020,371.0,378.0,366.0,372.0,2.2,157983.0,460.1,320.5
SBL,12/24/2020,390.0,409.0,378.0,385.0,3.49,696623.0,460.1,320.5
SBL,12/27/2020,390.0,394.0,378.0,384.0,-0.26,163158.0,460.1,320.5
SBL,12/28/2020,385.0,387.0,373.0,379.0,-1.3,86358.0,460.1,320.5
SBL,12/29/2020,379.0,385.0,379.0,379.0,0.0,134684.0,460.1,320.5
SBL,12/30/2020,375.0,383.0,375.0,377.0,-0.53,82062.0,460.1,320.5
SBL,12/31/2020,376.0,406.0,376.0,398.0,5.57,370644.0,460.1,320.5
SBL,1/3/2021,398.0,420.0,398.0,420.0,5.53,335672.0,460.1,320.5
SBL,1/4/2021,441.0,441.0,418.0,426.0,1.43,372031.0,460.1,320.5
SBL,1/5/2021,447.0,447.0,417.0,432.0,1.41,205680.0,460.1,320.5
SBL,1/6/2021,440.0,445.0,430.0,443.0,2.55,296666.0,460.1,320.5
SBL,1/7/2021,465.0,465.0,440.0,444.0,0.23,244248.0,460.1,320.5
SBL,1/10/2021,445.0,466.0,442.0,466.0,4.95,432262.0,460.1,320.5
SBL,1/11/2021,475.0,479.0,468.0,472.0,1.29,901446.0,460.1,320.5
SBL,1/12/2021,429.0,429.0,415.0,420.0,-11.02,177688.0,460.1,320.5
SBL,1/13/2021,425.0,426.0,415.0,415.0,-1.19,169039.0,460.1,320.5
SBL,1/17/2021,415.0,422.0,407.0,413.0,-0.48,171358.0,460.1,320.5
SBL,1/18/2021,415.0,418.0,404.0,406.0,-1.69,166670.0,460.1,320.5
SBL,1/19/2021,407.0,407.0,393.0,399.0,-1.72,205952.0,460.1,320.5
SBL,1/20/2021,418.0,418.0,397.0,399.0,0.0,97025.0,460.1,320.5
SBL,1/21/2021,418.0,418.0,395.0,396.0,-0.75,103078.0,460.1,320.5
SBL,1/24/2021,410.0,410.0,392.0,395.0,-0.25,144812.0,460.1,320.5
SBL,1/25/2021,414.0,414.0,391.0,397.0,0.51,145175.0,460.1,320.5
SBL,1/26/2021,400.0,404.0,394.0,395.0,-0.5,106821.0,460.1,320.5
SBL,1/27/2021,395.0,395.0,388.0,389.0,-1.52,117970.0,460.1,320.5
SBL,1/28/2021,388.0,388.0,377.0,382.0,-1.8,143389.0,460.1,320.5
SBL,1/31/2021,380.0,382.0,365.0,368.0,-3.66,166519.0,460.1,320.5
SBL,2/1/2021,370.0,375.0,364.0,368.0,0.0,83605.0,460.1,320.5
SBL,2/2/2021,368.0,380.0,368.0,380.0,3.26,185045.0,460.1,320.5
SBL,2/3/2021,399.0,399.0,375.0,377.0,-0.79,140977.0,460.1,320.5
SBL,2/4/2021,395.0,395.0,375.0,380.0,0.8,93546.0,460.1,320.5
SBL,2/7/2021,381.0,381.0,372.0,375.0,-1.32,120693.0,460.1,320.5
SBL,2/8/2021,370.0,402.0,370.0,397.0,5.87,196572.0,460.1,320.5
SBL,2/9/2021,404.0,414.0,391.0,395.0,-0.5,145607.0,460.1,320.5
SBL,2/10/2021,414.0,414.0,386.0,397.0,0.51,167321.0,460.1,320.5
SBL,2/11/2021,400.0,408.0,395.0,396.0,-0.25,166290.0,460.1,320.5
SBL,2/14/2021,398.0,399.0,389.0,390.0,-1.52,61056.0,460.1,320.5
SBL,2/15/2021,397.0,412.0,393.0,396.0,1.54,47962.0,460.1,320.5
SBL,2/16/2021,403.0,425.0,400.0,423.0,6.82,623249.0,460.1,320.5
SBL,2/17/2021,431.0,441.0,422.0,437.0,3.31,506084.0,460.1,320.5
SBL,2/18/2021,442.0,448.0,436.0,436.0,-0.23,293630.0,460.1,320.5
SBL,2/21/2021,437.0,437.0,423.0,429.0,-1.61,257527.0,460.1,320.5
SBL,2/22/2021,435.0,435.0,417.0,417.0,-2.8,176994.0,460.1,320.5
SBL,2/23/2021,410.0,418.0,403.0,414.0,-0.72,217051.0,460.1,320.5
SBL,2/24/2021,409.0,430.0,409.0,417.0,0.72,171448.0,460.1,320.5
SBL,2/25/2021,437.0,437.0,402.0,408.0,-2.16,131502.0,460.1,320.5
SBL,2/28/2021,405.0,405.0,392.0,398.0,-2.45,179046.0,460.1,320.5
SBL,3/1/2021,410.0,413.0,392.0,411.0,3.27,162762.0,460.1,320.5
SBL,3/2/2021,411.0,411.0,395.0,395.0,-3.89,146017.0,460.1,320.5
SBL,3/3/2021,401.0,405.0,390.0,397.0,0.51,121845.0,460.1,320.5
SBL,3/4/2021,404.0,409.0,398.0,405.0,2.02,100390.0,460.1,320.5
SBL,3/7/2021,410.0,410.0,399.0,403.0,-0.49,57465.0,460.1,320.5
SBL,3/9/2021,400.0,402.0,395.0,397.0,-1.49,70882.0,460.1,320.5
SBL,3/10/2021,394.0,399.0,393.0,396.0,-0.25,41332.0,460.1,320.5
SBL,3/14/2021,396.0,396.0,389.0,390.0,-1.52,82575.0,460.1,320.5
SBL,3/15/2021,386.0,399.0,385.0,388.0,-0.51,39196.0,460.1,320.5
SBL,3/16/2021,384.0,392.0,384.0,388.0,0.0,51801.0,460.1,320.5
SBL,3/17/2021,386.0,402.0,385.0,398.0,2.58,37388.0,460.1,320.5
SBL,3/18/2021,400.0,407.0,399.0,403.0,1.26,47362.0,460.1,320.5
SBL,3/21/2021,398.0,409.0,395.0,407.0,0.99,82044.0,460.1,320.5
SBL,3/22/2021,411.0,411.0,402.0,402.0,-1.23,62118.0,460.1,320.5
SBL,3/23/2021,410.0,410.0,398.0,398.0,-1.0,45402.0,460.1,320.5
SBL,3/24/2021,400.0,408.0,400.0,406.0,2.01,57790.0,460.1,320.5
SBL,3/25/2021,407.0,409.0,400.0,401.0,-1.23,71863.0,460.1,320.5
SBL,3/29/2021,400.0,407.0,400.0,407.0,1.5,64310.0,460.1,320.5
SBL,3/30/2021,405.0,425.0,405.0,417.0,2.46,194702.0,460.1,320.5
SBL,3/31/2021,420.0,429.0,419.0,427.0,2.4,134380.0,460.1,320.5
SBL,4/1/2021,430.0,435.0,423.0,425.0,-0.47,211138.0,460.1,320.5
SBL,4/4/2021,427.0,433.0,426.0,430.0,1.18,167065.0,460.1,320.5
SBL,4/5/2021,431.0,433.0,427.0,430.0,0.0,140224.0,460.1,320.5
SBL,4/6/2021,425.0,430.0,425.0,430.0,0.0,80212.0,460.1,320.5
SBL,4/7/2021,451.0,451.0,424.0,431.0,0.23,159277.0,460.1,320.5
SBL,4/8/2021,434.0,434.0,426.0,429.0,-0.46,101369.0,460.1,320.5
SBL,4/12/2021,435.0,436.0,427.0,430.0,0.23,144191.0,460.1,320.5
SBL,4/13/2021,430.0,448.0,430.0,445.0,3.49,214696.0,460.1,320.5
SBL,4/15/2021,450.0,459.0,447.0,453.0,1.8,262627.0,460.1,320.5
SBL,4/18/2021,450.0,455.0,440.0,445.0,-1.77,232423.0,460.1,320.5
SBL,4/19/2021,448.0,448.0,428.0,430.0,-3.37,351937.0,460.1,320.5
SBL,4/20/2021,431.0,437.0,425.0,430.0,0.0,182731.0,460.1,320.5
SBL,4/21/2021,425.0,433.0,422.0,423.0,-1.63,120441.0,460.1,320.5
SBL,4/22/2021,427.0,431.0,420.0,422.0,-0.24,107636.0,460.1,320.5
SBL,4/25/2021,422.0,422.0,407.0,408.0,-3.32,188620.0,460.1,320.5
SBL,4/26/2021,402.0,415.0,402.0,406.0,-0.49,142594.0,460.1,320.5
SBL,4/27/2021,411.0,424.0,410.0,424.0,4.43,135263.0,460.1,320.5
SBL,4/28/2021,430.0,430.0,418.0,420.0,-0.94,64764.0,460.1,320.5
SBL,4/29/2021,420.0,424.0,416.0,421.0,0.24,67366.0,460.1,320.5
SBL,5/2/2021,428.0,431.0,421.0,428.0,1.66,95819.0,460.1,320.5
SBL,5/3/2021,434.0,435.0,421.0,424.0,-0.93,85425.0,460.1,320.5
SBL,5/4/2021,422.0,425.0,420.0,422.0,-0.47,29959.0,460.1,320.5
SBL,5/5/2021,417.0,422.0,417.0,419.0,-0.71,52345.0,460.1,320.5
SBL,5/6/2021,419.0,420.0,414.0,419.0,0.0,48341.0,460.1,320.5
SBL,5/9/2021,416.0,425.0,415.0,418.0,-0.24,55500.0,460.1,320.5
SBL,5/10/2021,417.0,422.0,417.0,420.0,0.48,45632.0,460.1,320.5
SBL,5/11/2021,420.0,425.0,420.0,421.0,0.24,34930.0,460.1,320.5
SBL,5/12/2021,420.0,423.0,417.0,417.0,-0.95,40339.0,460.1,320.5
SBL,5/13/2021,415.0,420.0,415.0,419.0,0.48,44525.0,460.1,320.5
SBL,5/16/2021,422.0,428.0,421.0,426.0,1.67,95001.0,460.1,320.5
SBL,5/17/2021,430.0,431.0,427.0,428.0,0.47,89755.0,460.1,320.5
SBL,5/18/2021,428.0,430.0,426.0,429.0,0.23,89014.0,460.1,320.5
SBL,5/19/2021,437.0,439.0,428.0,431.0,0.47,215898.0,460.1,320.5
SBL,5/20/2021,431.0,440.0,431.0,439.0,1.86,154921.0,460.1,320.5
SBL,5/23/2021,435.0,451.0,426.0,446.0,1.59,241805.0,460.1,320.5
SBL,5/24/2021,449.0,457.0,445.0,448.0,0.45,292096.0,460.1,320.5
SBL,5/25/2021,448.0,450.0,440.0,440.0,-1.79,123320.0,460.1,320.5
SBL,5/27/2021,435.0,447.0,433.0,442.0,0.45,130880.0,460.1,320.5
SBL,5/30/2021,444.0,460.0,439.0,447.0,1.13,266511.0,460.1,320.5
SBL,5/31/2021,455.0,460.0,445.0,445.0,-0.45,244174.0,460.1,320.5
SBL,6/1/2021,445.0,450.0,440.0,443.0,-0.45,135131.0,460.1,320.5
SBL,6/2/2021,442.0,448.0,440.0,447.0,0.9,103212.0,460.1,320.5
SBL,6/3/2021,450.0,473.0,450.0,469.0,4.92,545480.0,460.1,320.5
SBL,6/6/2021,478.0,494.0,478.0,483.0,2.99,431960.0,460.1,320.5
SBL,6/7/2021,490.0,490.0,467.0,475.0,-1.66,306016.0,460.1,320.5
SBL,6/8/2021,475.0,494.0,475.0,480.0,1.05,346904.0,460.1,320.5
SBL,6/9/2021,500.0,500.0,470.0,481.0,0.21,224636.0,460.1,320.5
SBL,6/10/2021,500.0,500.0,473.0,474.0,-1.46,144404.0,460.1,320.5
SBL,6/13/2021,497.0,497.0,470.0,492.0,3.8,257861.0,460.1,320.5
SBL,6/14/2021,490.0,524.0,490.0,523.0,6.3,605569.0,460.1,320.5
SBL,6/15/2021,530.0,533.0,509.0,511.0,-2.29,322625.0,460.1,320.5
SBL,6/16/2021,516.0,525.0,502.0,507.0,-0.78,236433.0,460.1,320.5
SBL,6/17/2021,516.0,516.0,495.0,505.0,-0.39,249466.0,460.1,320.5
SBL,6/20/2021,508.0,510.0,488.0,494.0,-2.18,213250.0,460.1,320.5
SBL,6/21/2021,499.0,500.0,480.0,484.0,-2.02,245254.0,460.1,320.5
SBL,6/22/2021,490.0,502.0,478.0,501.0,3.51,279063.0,460.1,320.5
SBL,6/23/2021,501.0,503.0,484.0,488.0,-2.59,148223.0,460.1,320.5
SBL,6/24/2021,485.0,489.0,480.0,483.0,-1.02,101955.0,460.1,320.5
SBL,6/27/2021,491.0,500.0,481.0,496.0,2.69,174583.0,460.1,320.5
SBL,6/28/2021,500.0,509.0,491.0,496.0,0.0,156416.0,460.1,320.5
SBL,6/29/2021,500.0,500.0,486.0,490.0,-1.21,84167.0,460.1,320.5
SBL,6/30/2021,496.0,496.0,480.0,490.0,0.0,90875.0,460.1,320.5
SBL,7/1/2021,490.0,495.0,487.0,490.0,0.0,78951.0,460.1,320.5
SBL,7/4/2021,499.0,499.0,485.0,486.0,-0.82,101509.0,460.1,320.5
SBL,7/5/2021,483.0,490.0,483.0,485.0,-0.21,59947.0,460.1,320.5
SBL,7/6/2021,489.0,492.0,482.0,490.0,1.03,66502.0,460.1,320.5
SBL,7/7/2021,494.0,494.0,487.0,488.0,-0.41,179959.0,460.1,320.5
SBL,7/8/2021,512.0,512.0,488.0,494.0,1.23,224314.0,460.1,320.5
SBL,7/11/2021,495.0,505.0,494.0,504.0,2.02,209756.0,460.1,320.5
SBL,7/12/2021,510.0,511.0,489.0,496.0,-1.59,193102.0,460.1,320.5
SBL,7/13/2021,496.0,500.0,492.0,499.0,0.6,107787.0,460.1,320.5
SBL,7/14/2021,499.0,500.0,487.0,496.0,-0.6,174105.0,460.1,320.5
SBL,7/15/2021,500.0,507.0,498.0,504.0,1.61,113654.0,460.1,320.5
SBL,7/18/2021,514.0,550.0,510.0,547.0,8.53,534269.0,460.1,320.5
SBL,7/19/2021,554.0,567.7,547.1,548.0,0.18,444046.0,460.1,320.5
SBL,7/20/2021,550.0,554.0,543.0,553.5,1.0,249763.0,460.1,320.5
SBL,7/22/2021,561.0,582.0,553.0,572.0,3.34,562764.0,460.1,320.5
SBL,7/25/2021,582.0,595.0,576.0,594.8,3.99,440152.0,460.1,320.5
SBL,7/26/2021,600.0,600.0,575.0,580.0,-2.49,534163.0,460.1,320.5
SBL,7/27/2021,570.0,582.4,558.0,578.0,-0.34,378722.0,460.1,320.5
SBL,7/28/2021,588.0,589.0,568.0,571.0,-1.21,239713.0,460.1,320.5
SBL,7/29/2021,578.0,582.3,567.0,567.5,-0.61,196093.0,460.1,320.5
SBL,8/1/2021,575.0,575.0,568.0,568.0,0.09,156613.0,460.1,320.5
SBL,8/2/2021,568.0,579.0,568.0,575.0,1.23,160241.0,460.1,320.5
SBL,8/3/2021,580.0,582.0,574.0,582.0,1.22,126383.0,460.1,320.5
SBL,8/4/2021,588.9,593.0,585.0,586.9,0.84,130487.0,460.1,320.5
SBL,8/5/2021,590.0,597.0,582.0,590.0,0.53,219767.0,460.1,320.5
SBL,8/8/2021,591.9,605.0,582.1,589.8,-0.03,128608.0,460.1,320.5
SBL,8/9/2021,592.0,597.0,577.0,582.0,-1.32,123388.0,460.1,320.5
SBL,8/10/2021,586.0,597.0,577.0,589.0,1.2,284665.0,460.1,320.5
SBL,8/11/2021,589.0,599.0,580.0,582.1,-1.17,199866.0,460.1,320.5
SBL,8/12/2021,583.0,592.0,580.0,582.1,0.0,155134.0,460.1,320.5
SBL,8/15/2021,593.7,593.7,572.5,579.0,-0.53,329961.0,460.1,320.5
SBL,8/16/2021,590.5,590.5,572.0,576.0,-0.52,257854.0,460.1,320.5
SBL,8/17/2021,584.0,584.0,562.1,564.0,-2.08,196973.0,460.1,320.5
SBL,8/18/2021,575.2,575.2,555.0,573.0,1.6,228125.0,460.1,320.5
SBL,8/19/2021,576.0,577.0,564.0,568.0,-0.87,234405.0,460.1,320.5
SBL,8/24/2021,564.5,565.0,557.0,558.0,-1.76,113330.0,460.1,320.5
SBL,8/25/2021,569.0,569.0,538.1,538.5,-3.49,230404.0,460.1,320.5
SBL,8/26/2021,549.0,549.0,530.2,537.0,-0.28,193174.0,460.1,320.5
SBL,8/29/2021,540.0,540.0,517.0,519.0,-3.35,323259.0,460.1,320.5
SBL,8/31/2021,509.0,524.0,505.5,511.0,-1.54,342803.0,460.1,320.5
SBL,9/1/2021,515.0,522.0,506.1,514.0,0.59,210317.0,460.1,320.5
SBL,9/2/2021,520.0,520.0,504.2,505.0,-1.75,137840.0,460.1,320.5
SBL,9/5/2021,505.0,514.0,488.0,503.0,-0.4,250689.0,460.1,320.5
SBL,9/6/2021,500.0,534.0,495.1,533.0,5.96,320462.0,460.1,320.5
SBL,9/7/2021,535.0,537.0,512.6,520.0,-2.44,146047.0,460.1,320.5
SBL,9/8/2021,510.5,517.0,505.0,508.0,-2.31,90813.0,460.1,320.5
SBL,9/9/2021,512.0,512.0,501.0,503.0,-0.98,91897.0,460.1,320.5
SBL,9/12/2021,505.0,515.0,499.0,513.0,1.99,112861.0,460.1,320.5
SBL,9/13/2021,516.0,527.2,510.0,516.7,0.72,129696.0,460.1,320.5
SBL,9/14/2021,518.0,518.0,510.0,517.9,0.23,76287.0,460.1,320.5
SBL,9/15/2021,518.0,518.0,504.1,506.2,-2.26,59452.0,460.1,320.5
SBL,9/16/2021,503.1,503.1,488.0,495.0,-2.21,188223.0,460.1,320.5
SBL,9/20/2021,500.0,500.0,485.1,487.0,-1.62,142479.0,460.1,320.5
SBL,9/21/2021,482.0,500.0,478.2,485.0,-0.41,147758.0,460.1,320.5
SBL,9/22/2021,494.7,506.1,490.0,504.0,3.92,115775.0,460.1,320.5
SBL,9/23/2021,510.0,535.0,510.0,518.0,2.78,251321.0,460.1,320.5
SBL,9/26/2021,528.0,528.0,508.0,508.0,-1.93,110697.0,460.1,320.5
SBL,9/27/2021,510.0,510.0,494.0,499.2,-1.73,95179.0,460.1,320.5
SBL,9/28/2021,490.0,499.0,483.2,483.2,-3.21,80620.0,460.1,320.5
SBL,9/29/2021,476.0,492.8,475.2,487.0,0.79,164689.0,460.1,320.5
SBL,9/30/2021,490.0,490.0,477.0,479.0,-1.64,96070.0,460.1,320.5
SBL,10/3/2021,488.0,488.5,471.1,473.0,-1.25,78759.0,460.1,320.5
SBL,10/4/2021,473.0,478.0,469.0,470.0,-0.63,74701.0,460.1,320.5
SBL,10/5/2021,470.0,475.0,464.0,467.3,-0.57,94017.0,460.1,320.5
SBL,10/6/2021,467.3,474.1,461.1,467.7,0.09,129361.0,460.1,320.5
SBL,10/10/2021,477.0,486.5,461.7,467.0,-0.15,105291.0,460.1,320.5
SBL,10/11/2021,460.0,470.0,449.0,459.0,-1.71,135768.0,460.1,320.5
SBL,10/17/2021,468.1,468.1,450.0,459.0,0.0,84303.0,460.1,320.5
SBL,10/18/2021,450.1,459.0,443.0,444.0,-3.27,87817.0,460.1,320.5
SBL,10/19/2021,437.0,442.0,432.0,434.0,-2.25,84447.0,460.1,320.5
SBL,10/20/2021,442.6,464.0,435.0,451.0,3.92,143862.0,460.1,320.5
SBL,10/21/2021,459.9,469.0,451.5,466.0,3.33,174239.0,460.1,320.5
SBL,10/24/2021,466.0,479.9,457.1,477.1,2.38,159259.0,460.1,320.5
SBL,10/25/2021,486.6,491.5,470.0,491.0,2.91,272997.0,460.1,320.5
SBL,10/26/2021,491.0,502.0,487.0,498.8,1.59,145269.0,460.1,320.5
SBL,10/27/2021,499.0,510.0,489.2,502.0,0.64,144494.0,460.1,320.5
SBL,10/28/2021,505.0,505.0,490.1,502.0,0.0,124788.0,460.1,320.5
SBL,10/31/2021,512.0,532.6,510.0,514.0,2.39,469356.0,460.1,320.5
SBL,11/1/2021,524.2,524.2,513.0,518.0,0.78,245305.0,460.1,320.5
SBL,11/2/2021,518.0,526.0,514.0,524.9,1.33,136994.0,460.1,320.5
SBL,11/3/2021,535.3,535.3,520.0,521.0,-0.74,122419.0,460.1,320.5
SBL,11/8/2021,522.0,524.9,515.0,515.0,-1.15,65089.0,460.1,320.5
SBL,11/9/2021,514.0,516.0,497.0,500.0,-2.91,135857.0,460.1,320.5
SBL,11/11/2021,492.0,500.0,487.0,488.0,-2.4,95531.0,460.1,320.5
SBL,11/14/2021,488.0,495.0,485.0,495.0,1.43,77529.0,460.1,320.5
SBL,11/15/2021,495.0,500.0,495.0,497.0,0.4,42884.0,460.1,320.5
SBL,11/16/2021,497.0,506.0,494.0,504.0,1.41,55838.0,460.1,320.5
SBL,11/17/2021,505.0,508.0,500.0,506.0,0.4,79365.0,460.1,320.5
SBL,11/18/2021,506.0,506.0,492.0,497.0,-1.78,52517.0,460.1,320.5
SBL,11/21/2021,497.0,499.0,494.1,497.1,0.02,33569.0,460.1,320.5
SBL,11/22/2021,499.0,499.0,492.0,492.1,-1.01,35083.0,460.1,320.5
SBL,11/23/2021,493.0,493.0,485.0,489.0,-0.63,57952.0,460.1,320.5
SBL,11/24/2021,490.0,490.0,479.0,482.0,-1.43,74876.0,460.1,320.5
SBL,11/25/2021,490.0,490.0,474.0,479.0,-0.62,57132.0,460.1,320.5
SBL,11/28/2021,470.0,475.1,461.0,468.0,-2.3,63068.0,460.1,320.5
SBL,11/29/2021,470.0,474.0,460.0,465.0,-0.64,33939.0,460.1,320.5
SBL,11/30/2021,469.0,473.0,456.0,463.0,-0.43,75981.0,460.1,320.5
SBL,12/1/2021,466.0,472.2,463.0,464.0,0.22,69410.0,460.1,320.5
SBL,12/2/2021,468.0,468.0,455.0,458.0,-1.29,66129.0,460.1,320.5
SBL,12/5/2021,449.0,457.9,439.0,440.0,-3.93,179770.0,460.1,320.5
SBL,12/6/2021,444.0,455.0,434.0,448.0,1.82,87059.0,460.1,320.5
SBL,12/7/2021,455.0,455.0,441.0,442.0,-1.34,40171.0,460.1,320.5
SBL,12/8/2021,443.0,443.0,433.0,434.0,-1.81,72909.0,460.1,320.5
SBL,12/9/2021,442.0,442.0,429.0,439.0,1.15,67346.0,460.1,320.5
SBL,12/12/2021,439.0,439.0,420.0,420.0,-4.33,116463.0,460.1,320.5
SBL,12/13/2021,428.0,428.0,408.0,417.0,-0.71,102758.0,460.1,320.5
SBL,12/14/2021,421.0,440.0,421.0,440.0,5.52,35375.0,460.1,320.5
SBL,12/15/2021,447.0,448.8,425.0,429.0,-2.5,103111.0,460.1,320.5
SBL,12/16/2021,424.1,428.0,420.0,425.0,-0.93,36676.0,460.1,320.5
SBL,12/20/2021,433.5,433.5,417.0,426.0,0.24,53504.0,460.1,320.5
SBL,12/21/2021,430.0,433.5,427.0,430.1,0.96,42963.0,460.1,320.5
SBL,12/22/2021,438.7,447.8,435.0,446.1,3.72,77927.0,460.1,320.5
SBL,12/23/2021,455.0,456.0,441.2,451.1,1.12,77774.0,460.1,320.5
SBL,12/26/2021,455.0,469.5,455.0,468.0,3.75,182329.0,460.1,320.5
SBL,12/27/2021,472.0,472.1,456.0,459.0,-1.92,124700.0,460.1,320.5
SBL,12/28/2021,459.0,464.0,448.0,463.0,0.87,71517.0,460.1,320.5
SBL,12/29/2021,468.0,468.0,456.0,464.0,0.22,70264.0,460.1,320.5
SBL,1/2/2022,414.2,421.0,405.0,413.6,-10.86,93520.0,460.1,320.5
SBL,1/3/2022,418.0,427.0,415.0,426.0,3.0,86955.0,460.1,320.5
SBL,1/4/2022,429.9,452.0,419.5,450.1,5.66,154504.0,460.1,320.5
SBL,1/5/2022,455.0,455.0,436.1,438.0,-2.69,111207.0,460.1,320.5
SBL,1/6/2022,440.0,452.0,434.0,451.1,2.99,146497.0,460.1,320.5
SBL,1/9/2022,455.0,467.9,455.0,464.0,2.86,166776.0,460.1,320.5
SBL,1/10/2022,468.0,469.0,455.0,457.0,-1.51,91946.0,460.1,320.5
SBL,1/11/2022,456.0,466.0,455.0,464.7,1.68,90968.0,460.1,320.5
SBL,1/12/2022,457.1,465.0,450.0,453.0,-2.52,75811.0,460.1,320.5
SBL,1/13/2022,455.0,460.0,449.0,459.0,1.32,70869.0,460.1,320.5
SBL,1/16/2022,467.0,470.0,458.0,470.0,2.4,180707.0,460.1,320.5
SBL,1/17/2022,473.0,480.0,463.0,470.0,0.0,145739.0,460.1,320.5
SBL,1/18/2022,466.5,485.5,465.0,475.0,1.06,180428.0,460.1,320.5
SBL,1/19/2022,484.0,484.0,465.0,470.0,-1.05,91842.0,460.1,320.5
SBL,1/20/2022,470.0,471.0,463.0,467.5,-0.53,62906.0,460.1,320.5
SBL,1/23/2022,467.8,486.3,466.0,472.0,0.96,140926.0,460.1,320.5
SBL,1/24/2022,481.4,481.4,451.0,458.0,-2.97,170021.0,460.1,320.5
SBL,1/25/2022,467.1,467.1,446.0,454.0,-0.87,94791.0,460.1,320.5
SBL,1/26/2022,460.0,460.0,445.0,445.8,-1.81,70434.0,460.1,320.5
SBL,1/27/2022,447.5,451.0,441.0,443.0,-0.63,47091.0,460.1,320.5
SBL,1/30/2022,451.8,463.0,450.0,460.0,3.84,59776.0,460.1,320.5
SBL,1/31/2022,464.0,465.0,452.0,452.6,-1.61,32745.0,460.1,320.5
SBL,2/1/2022,450.5,458.0,446.0,456.0,0.75,54695.0,460.1,320.5
SBL,2/3/2022,456.0,465.0,450.1,455.0,-0.22,64627.0,460.1,320.5
SBL,2/6/2022,456.1,456.1,448.2,448.4,-1.45,37059.0,460.1,320.5
SBL,2/7/2022,446.0,453.0,445.0,446.1,-0.51,29428.0,460.1,320.5
SBL,2/8/2022,455.0,463.0,441.5,444.0,-0.47,52555.0,460.1,320.5
SBL,2/9/2022,448.0,448.0,438.0,438.9,-1.15,33765.0,460.1,320.5
SBL,2/10/2022,439.5,443.0,431.1,433.0,-1.34,50151.0,460.1,320.5
SBL,2/13/2022,431.0,431.0,420.0,423.0,-2.31,307377.0,460.1,320.5
SBL,2/14/2022,423.0,427.0,420.0,424.0,0.24,43169.0,460.1,320.5
SBL,2/15/2022,432.0,432.0,420.0,430.0,1.42,56255.0,460.1,320.5
SBL,2/16/2022,430.0,431.5,422.4,425.9,-0.95,28139.0,460.1,320.5
SBL,2/17/2022,434.0,434.0,423.5,427.0,0.26,21757.0,460.1,320.5
SBL,2/20/2022,421.1,424.0,416.0,419.0,-1.87,46557.0,460.1,320.5
SBL,2/21/2022,419.0,425.0,416.0,423.9,1.17,65224.0,460.1,320.5
SBL,2/22/2022,425.0,428.0,423.2,427.3,0.8,47200.0,460.1,320.5
SBL,2/23/2022,425.0,429.0,421.0,424.0,-0.77,33703.0,460.1,320.5
SBL,2/24/2022,424.0,424.0,414.0,415.5,-2.0,34467.0,460.1,320.5
SBL,2/27/2022,417.0,417.0,410.1,411.5,-0.96,52154.0,460.1,320.5
SBL,2/28/2022,404.0,420.0,404.0,408.0,-0.85,64396.0,460.1,320.5
SBL,3/2/2022,400.0,408.0,397.0,400.0,-1.96,69730.0,460.1,320.5
SBL,3/6/2022,392.0,407.0,392.0,400.6,0.15,62111.0,460.1,320.5
SBL,3/7/2022,392.6,405.0,392.6,400.0,-0.15,56020.0,460.1,320.5
SBL,3/9/2022,401.0,404.0,395.0,395.0,-1.25,33024.0,460.1,320.5
SBL,3/10/2022,396.0,400.0,394.0,400.0,1.27,39386.0,460.1,320.5
SBL,3/13/2022,408.0,415.0,402.0,410.0,2.5,88147.0,460.1,320.5
SBL,3/14/2022,418.0,418.0,406.3,412.0,0.49,23030.0,460.1,320.5
SBL,3/15/2022,415.0,415.0,406.8,408.0,-0.97,48889.0,460.1,320.5
SBL,3/16/2022,412.0,415.8,403.0,404.0,-0.98,68113.0,460.1,320.5
SBL,3/20/2022,410.0,410.0,403.0,406.7,0.67,36732.0,460.1,320.5
SBL,3/21/2022,414.8,414.8,403.0,408.0,0.32,39469.0,460.1,320.5
SBL,3/22/2022,410.0,413.0,406.8,409.0,0.25,39578.0,460.1,320.5
SBL,3/23/2022,405.1,410.0,403.0,405.5,-0.86,38618.0,460.1,320.5
SBL,3/24/2022,409.9,409.9,402.1,402.2,-0.81,53080.0,460.1,320.5
SBL,3/27/2022,402.0,406.5,397.0,398.0,-1.04,88284.0,460.1,320.5
SBL,3/28/2022,405.0,405.0,393.3,395.0,-0.75,42554.0,460.1,320.5
SBL,3/29/2022,396.0,398.0,393.0,395.0,0.0,26739.0,460.1,320.5
SBL,3/30/2022,396.0,398.0,392.1,397.0,0.51,41942.0,460.1,320.5
SBL,3/31/2022,400.0,403.0,395.0,399.0,0.5,56066.0,460.1,320.5
SBL,4/3/2022,403.0,403.0,395.0,396.0,-0.75,32499.0,460.1,320.5
SBL,4/4/2022,403.9,403.9,393.0,396.0,0.0,35593.0,460.1,320.5
SBL,4/5/2022,403.9,403.9,389.0,392.0,-1.01,75026.0,460.1,320.5
SBL,4/6/2022,388.0,392.0,385.0,386.9,-1.3,38829.0,460.1,320.5
SBL,4/7/2022,389.0,397.9,386.1,395.0,2.09,47077.0,460.1,320.5
SBL,4/11/2022,402.0,410.0,392.1,395.0,0.0,53861.0,460.1,320.5
SBL,4/12/2022,389.9,395.0,389.5,393.0,-0.51,32157.0,460.1,320.5
SBL,4/13/2022,393.0,398.9,390.0,395.0,0.51,29042.0,460.1,320.5
SBL,4/17/2022,402.9,402.9,389.0,392.0,-0.76,31456.0,460.1,320.5
SBL,4/18/2022,398.0,398.0,388.0,388.3,-0.94,32142.0,460.1,320.5
SBL,4/19/2022,396.0,400.0,386.0,400.0,3.01,48613.0,460.1,320.5
SBL,4/20/2022,408.0,408.0,389.0,395.0,-1.25,108344.0,460.1,320.5
SBL,4/21/2022,391.2,398.0,388.0,392.0,-0.76,28318.0,460.1,320.5
SBL,4/24/2022,399.0,402.0,395.2,402.0,2.55,27519.0,460.1,320.5
SBL,4/25/2022,406.0,406.7,397.0,397.0,-1.24,27935.0,460.1,320.5
SBL,4/26/2022,398.0,402.0,392.0,399.0,0.5,106362.0,460.1,320.5
SBL,4/27/2022,395.0,399.0,394.0,398.0,-0.25,17927.0,460.1,320.5
SBL,4/28/2022,405.9,405.9,392.5,393.0,-1.26,21520.0,460.1,320.5
SBL,5/2/2022,394.0,396.0,385.4,387.0,-1.53,27540.0,460.1,320.5
SBL,5/4/2022,394.7,394.7,378.1,383.0,-1.03,21198.0,460.1,320.5
SBL,5/5/2022,380.0,382.0,378.0,380.0,-0.78,50245.0,460.1,320.5
SBL,5/8/2022,384.0,384.0,374.0,381.0,0.26,19898.0,460.1,320.5
SBL,5/9/2022,388.6,388.6,379.0,382.0,0.26,43943.0,460.1,320.5
SBL,5/10/2022,389.0,390.0,384.0,389.0,1.83,37090.0,460.1,320.5
SBL,5/11/2022,395.0,397.0,392.0,396.6,1.95,14681.0,460.1,320.5
SBL,5/12/2022,400.0,401.0,395.0,396.0,-0.15,33703.0,460.1,320.5
SBL,5/17/2022,392.0,392.0,388.0,388.0,-2.02,18805.0,460.1,320.5
SBL,5/18/2022,393.0,393.0,382.0,386.1,-0.49,8398.0,460.1,320.5
SBL,5/19/2022,383.7,391.0,383.7,385.0,-0.28,24289.0,460.1,320.5
SBL,5/20/2022,385.0,387.0,383.0,383.0,-0.52,10244.0,460.1,320.5
SBL,5/23/2022,390.6,390.6,374.0,377.0,-1.57,31599.0,460.1,320.5
SBL,5/24/2022,384.5,384.5,376.0,382.0,1.33,21162.0,460.1,320.5
SBL,5/25/2022,389.6,389.6,377.0,386.0,1.05,29132.0,460.1,320.5
SBL,5/26/2022,393.7,393.7,382.1,385.0,-0.26,18820.0,460.1,320.5
SBL,5/27/2022,385.0,385.0,378.0,382.0,-0.78,38462.0,460.1,320.5
SBL,5/30/2022,389.6,389.6,374.0,376.6,-1.41,19999.0,460.1,320.5
SBL,5/31/2022,370.0,375.0,366.0,366.0,-2.81,39251.0,460.1,320.5
SBL,6/1/2022,372.0,372.0,364.0,367.0,0.27,22933.0,460.1,320.5
SBL,6/2/2022,374.0,374.0,361.7,365.0,-0.54,29420.0,460.1,320.5
SBL,6/3/2022,372.3,372.3,355.0,355.0,-2.74,42357.0,460.1,320.5
SBL,6/6/2022,360.0,360.0,343.0,347.0,-2.25,60191.0,460.1,320.5
SBL,6/7/2022,345.0,345.0,329.0,335.5,-3.31,51710.0,460.1,320.5
SBL,6/8/2022,340.0,347.0,336.0,338.0,0.75,41783.0,460.1,320.5
SBL,6/9/2022,344.7,346.9,337.4,338.0,0.0,26454.0,460.1,320.5
SBL,6/10/2022,344.7,344.7,331.5,336.0,-0.59,9361.0,460.1,320.5
SBL,6/13/2022,342.7,342.7,330.0,334.0,-0.6,20729.0,460.1,320.5
SBL,6/14/2022,333.0,333.0,326.0,328.0,-1.8,24892.0,460.1,320.5
SBL,6/15/2022,334.5,334.5,315.6,319.0,-2.74,29081.0,460.1,320.5
SBL,6/16/2022,315.2,327.0,315.2,318.0,-0.31,37095.0,460.1,320.5
SBL,6/17/2022,316.0,325.0,315.1,316.0,-0.63,31244.0,460.1,320.5
SBL,6/19/2022,320.0,320.0,309.0,310.0,-1.9,21747.0,460.1,320.5
SBL,6/20/2022,309.0,309.9,304.0,306.0,-1.29,45892.0,460.1,320.5
SBL,6/21/2022,309.0,323.3,305.0,323.3,5.65,39395.0,460.1,320.5
SBL,6/22/2022,320.0,323.0,309.2,309.7,-4.21,36827.0,460.1,320.5
SBL,6/23/2022,303.6,312.0,299.0,310.0,0.1,70234.0,460.1,320.5
SBL,6/24/2022,305.0,310.0,298.2,307.0,-0.97,83733.0,460.1,320.5
SBL,6/26/2022,312.9,320.0,308.0,320.0,4.23,90805.0,460.1,320.5
SBL,6/27/2022,322.0,325.0,310.0,312.0,-2.5,35290.0,460.1,320.5
SBL,6/28/2022,312.0,316.5,306.0,313.0,0.32,18396.0,460.1,320.5
SBL,6/29/2022,318.9,318.9,310.0,315.0,0.64,19455.0,460.1,320.5
SBL,6/30/2022,318.0,325.0,315.3,321.9,2.19,49877.0,460.1,320.5
SBL,7/1/2022,322.0,322.0,311.7,312.0,-3.08,43304.0,460.1,320.5
SBL,7/3/2022,308.0,324.5,308.0,316.0,1.28,40636.0,460.1,320.5
SBL,7/4/2022,320.0,325.0,314.0,315.0,-0.32,94323.0,460.1,320.5
SBL,7/5/2022,310.0,320.0,306.0,306.0,-2.86,45515.0,460.1,320.5
SBL,7/6/2022,308.0,310.0,300.0,309.0,0.98,35158.0,460.1,320.5
SBL,7/7/2022,315.1,315.1,303.0,311.0,0.65,34052.0,460.1,320.5
SBL,7/8/2022,306.0,309.0,304.0,305.6,-1.74,26338.0,460.1,320.5
SBL,7/11/2022,304.0,304.9,290.1,291.0,-4.78,93067.0,460.1,320.5
SBL,7/12/2022,294.0,295.0,288.2,289.0,-0.69,63851.0,460.1,320.5
SBL,7/13/2022,294.0,295.0,289.0,294.0,1.73,137903.0,460.1,320.5
SBL,7/14/2022,299.8,305.7,296.0,298.6,1.56,44218.0,460.1,320.5
SBL,7/15/2022,298.1,303.9,298.0,303.0,1.47,61618.0,460.1,320.5
SBL,7/17/2022,303.0,309.9,300.0,309.9,2.28,45999.0,460.1,320.5
SBL,7/18/2022,309.9,315.0,308.0,315.0,1.65,52175.0,460.1,320.5
SBL,7/19/2022,316.0,320.0,312.0,314.0,-0.32,50452.0,460.1,320.5
SBL,7/20/2022,312.1,318.2,312.0,315.4,0.45,25318.0,460.1,320.5
SBL,7/21/2022,315.5,318.0,311.3,315.0,-0.13,45220.0,460.1,320.5
SBL,7/22/2022,317.0,317.7,310.1,315.0,0.0,64161.0,460.1,320.5
SBL,7/24/2022,315.0,318.0,310.0,318.0,0.95,50944.0,460.1,320.5
SBL,7/25/2022,321.0,324.0,318.0,321.0,0.94,62045.0,460.1,320.5
SBL,7/26/2022,319.9,324.0,312.2,313.0,-2.49,44062.0,460.1,320.5
SBL,7/27/2022,315.1,315.1,310.1,313.0,0.0,15160.0,460.1,320.5
SBL,7/28/2022,317.0,319.2,310.0,311.0,-0.64,59580.0,460.1,320.5
SBL,7/29/2022,317.0,317.0,308.0,315.0,1.29,16584.0,460.1,320.5
SBL,7/31/2022,317.0,333.0,316.2,333.0,5.71,59013.0,460.1,320.5
SBL,8/1/2022,339.0,344.8,333.0,335.5,0.75,112321.0,460.1,320.5
SBL,8/2/2022,336.0,341.0,331.1,335.0,-0.15,34819.0,460.1,320.5
SBL,8/3/2022,341.7,348.0,337.3,338.1,0.93,90162.0,460.1,320.5
SBL,8/4/2022,344.0,344.0,327.0,327.0,-3.28,61343.0,460.1,320.5
SBL,8/5/2022,327.7,332.9,319.1,320.0,-2.14,31933.0,460.1,320.5
SBL,8/7/2022,318.1,325.5,317.0,318.0,-0.62,38474.0,460.1,320.5
SBL,8/8/2022,324.0,324.0,317.0,317.0,-0.31,24423.0,460.1,320.5
SBL,8/9/2022,317.0,319.0,312.0,312.6,-1.39,32951.0,460.1,320.5
SBL,8/10/2022,316.9,316.9,308.4,308.4,-1.34,27991.0,460.1,320.5
SBL,8/11/2022,310.0,311.5,305.7,306.0,-0.78,35449.0,460.1,320.5
SBL,8/14/2022,305.0,311.0,303.6,304.0,-0.65,23714.0,460.1,320.5
SBL,8/15/2022,304.1,310.0,304.1,309.5,1.81,19155.0,460.1,320.5
SBL,8/16/2022,315.0,321.9,310.0,310.0,0.16,34069.0,460.1,320.5
SBL,8/17/2022,310.0,313.0,308.0,310.9,0.29,15042.0,460.1,320.5
SBL,8/18/2022,308.0,314.0,308.0,313.9,0.96,20949.0,460.1,320.5
SBL,8/21/2022,310.8,318.0,310.8,314.5,0.19,31362.0,460.1,320.5
SBL,8/22/2022,318.0,318.0,310.0,314.5,0.0,25229.0,460.1,320.5
SBL,8/23/2022,319.9,319.9,313.0,313.8,-0.22,30406.0,460.1,320.5
SBL,8/24/2022,317.0,320.0,314.0,316.4,0.83,31119.0,460.1,320.5
SBL,8/25/2022,318.0,318.8,314.0,314.0,-0.76,17316.0,460.1,320.5
SBL,8/26/2022,318.0,318.0,309.0,313.9,-0.03,9821.0,460.1,320.5
SBL,8/28/2022,309.0,311.9,306.2,307.5,-2.04,34529.0,460.1,320.5
SBL,8/29/2022,307.0,309.9,302.5,309.0,0.49,30416.0,460.1,320.5
SBL,8/30/2022,314.0,314.9,308.0,309.9,0.29,10439.0,460.1,320.5
SBL,8/31/2022,309.0,309.0,304.0,306.0,-1.26,19550.0,460.1,320.5
SBL,9/1/2022,308.0,308.0,301.0,305.0,-0.33,10423.0,460.1,320.5
SBL,9/2/2022,305.0,306.9,302.0,303.0,-0.66,8095.0,460.1,320.5
SBL,9/4/2022,300.0,311.0,300.0,305.0,0.66,12502.0,460.1,320.5
SBL,9/5/2022,306.9,308.0,303.5,304.8,-0.07,28283.0,460.1,320.5
SBL,9/6/2022,304.0,306.0,301.1,302.1,-0.89,20720.0,460.1,320.5
SBL,9/7/2022,304.0,308.0,300.0,302.9,0.26,40668.0,460.1,320.5
SBL,9/8/2022,304.0,304.0,299.0,300.0,-0.96,21601.0,460.1,320.5
SBL,9/11/2022,301.0,304.0,298.0,299.0,-0.33,29688.0,460.1,320.5
SBL,9/12/2022,300.0,300.0,296.0,297.0,-0.67,17417.0,460.1,320.5
SBL,9/13/2022,302.0,304.8,298.2,302.9,1.99,30382.0,460.1,320.5
SBL,9/14/2022,308.7,309.9,300.0,307.9,1.65,37309.0,460.1,320.5
SBL,9/15/2022,308.0,308.0,300.0,302.4,-1.79,30099.0,460.1,320.5
SBL,9/16/2022,300.0,301.0,296.0,300.0,-0.79,18589.0,460.1,320.5
SBL,9/18/2022,300.5,300.5,295.0,296.2,-1.27,98169.0,460.1,320.5
SBL,9/20/2022,296.0,296.8,289.1,289.5,-2.26,45540.0,460.1,320.5
SBL,9/21/2022,290.0,292.0,286.0,291.0,0.52,19076.0,460.1,320.5
SBL,9/22/2022,295.8,295.8,290.0,292.0,0.34,14458.0,460.1,320.5
SBL,9/25/2022,295.0,295.0,288.0,288.4,-1.23,23090.0,460.1,320.5
SBL,9/27/2022,292.0,295.0,288.1,292.0,1.25,10062.0,460.1,320.5
SBL,9/28/2022,297.7,298.0,293.2,293.5,0.51,10620.0,460.1,320.5
SBL,9/29/2022,299.0,301.0,297.0,299.0,1.87,9288.0,460.1,320.5
SBL,10/9/2022,304.0,314.0,300.0,312.0,4.35,21632.0,460.1,320.5
SBL,10/10/2022,313.0,313.0,305.0,306.0,-1.92,16331.0,460.1,320.5
SBL,10/11/2022,306.0,306.0,298.0,302.5,-1.14,20829.0,460.1,320.5
SBL,10/12/2022,308.0,308.0,300.0,301.0,-0.5,14361.0,460.1,320.5
SBL,10/13/2022,305.0,305.0,297.0,303.0,0.66,28177.0,460.1,320.5
SBL,10/16/2022,305.0,306.0,298.3,302.0,-0.33,13737.0,460.1,320.5
SBL,10/17/2022,297.1,307.0,296.0,305.5,1.16,14845.0,460.1,320.5
SBL,10/19/2022,305.0,307.8,302.0,305.0,-0.16,16552.0,460.1,320.5
SBL,10/20/2022,308.0,308.0,300.0,304.0,-0.33,33948.0,460.1,320.5
SBL,10/23/2022,310.0,310.0,303.0,306.0,0.66,9620.0,460.1,320.5
SBL,10/31/2022,303.0,308.0,300.0,308.0,0.65,28940.0,460.1,320.5
SBL,11/1/2022,308.0,324.3,305.3,322.9,4.84,39435.0,460.1,320.5
SBL,11/2/2022,324.0,330.0,318.1,324.0,0.34,39206.0,460.1,320.5
SBL,11/3/2022,321.0,325.9,320.0,320.5,-1.08,32484.0,460.1,320.5
SBL,11/6/2022,320.0,325.0,318.5,324.9,1.37,31875.0,460.1,320.5
SBL,11/7/2022,325.2,329.0,322.2,322.2,-0.83,36450.0,460.1,320.5
SBL,11/8/2022,322.5,324.0,321.3,322.4,0.06,11675.0,460.1,320.5
SBL,11/9/2022,319.0,325.0,316.0,317.0,-1.67,38815.0,460.1,320.5
SBL,11/10/2022,315.0,321.0,315.0,316.9,-0.03,24007.0,460.1,320.5
SBL,11/13/2022,318.0,319.0,316.3,318.0,0.35,19783.0,460.1,320.5
SBL,11/14/2022,316.0,325.0,315.0,320.2,0.69,21171.0,460.1,320.5
SBL,11/15/2022,324.0,326.5,321.0,324.7,1.41,13086.0,460.1,320.5
SBL,11/16/2022,325.1,326.0,319.2,326.0,0.4,13385.0,460.1,320.5
SBL,11/17/2022,332.0,332.5,324.0,325.8,-0.06,20871.0,460.1,320.5
SBL,11/22/2022,328.8,332.0,322.0,324.9,-0.28,7665.0,460.1,320.5
SBL,11/23/2022,324.0,324.0,319.0,320.0,-1.51,12798.0,460.1,320.5
SBL,11/24/2022,317.6,324.0,317.6,323.0,0.94,14644.0,460.1,320.5
SBL,11/27/2022,319.0,326.9,319.0,326.9,1.21,27015.0,460.1,320.5
SBL,11/28/2022,326.0,326.0,318.1,320.0,-2.11,20091.0,460.1,320.5
SBL,11/29/2022,317.3,325.0,317.1,322.0,0.63,18771.0,460.1,320.5
SBL,11/30/2022,317.2,325.8,317.2,321.3,-0.22,15363.0,460.1,320.5
SBL,12/1/2022,325.0,325.9,321.0,324.9,1.12,23546.0,460.1,320.5
SBL,12/4/2022,324.0,326.0,322.0,324.0,-0.28,19156.0,460.1,320.5
SBL,12/5/2022,322.0,325.0,321.1,323.0,-0.31,22538.0,460.1,320.5
SBL,12/6/2022,320.0,322.0,317.5,318.9,-1.27,21203.0,460.1,320.5
SBL,12/7/2022,325.0,326.8,319.5,320.0,0.34,48314.0,460.1,320.5
SBL,12/11/2022,320.0,320.0,314.7,314.7,-1.66,27738.0,460.1,320.5
SBL,12/12/2022,320.0,320.0,311.0,313.5,-0.38,19031.0,460.1,320.5
SBL,12/13/2022,312.0,315.5,309.0,309.2,-1.37,16711.0,460.1,320.5
SBL,12/14/2022,309.0,314.4,309.0,310.0,0.26,12596.0,460.1,320.5
SBL,12/15/2022,308.0,313.9,308.0,310.0,0.0,10417.0,460.1,320.5
SBL,12/18/2022,311.0,311.0,303.0,306.0,-1.29,25221.0,460.1,320.5
SBL,12/19/2022,312.0,312.0,302.0,306.0,0.0,9779.0,460.1,320.5
SBL,12/20/2022,306.0,310.0,304.0,307.0,0.33,18497.0,460.1,320.5
SBL,12/21/2022,312.0,312.0,308.0,309.4,0.78,21412.0,460.1,320.5
SBL,12/22/2022,313.0,314.5,309.0,310.0,0.19,21070.0,460.1,320.5
SBL,12/26/2022,316.2,322.0,311.1,322.0,3.87,45037.0,460.1,320.5
SBL,12/27/2022,328.4,341.5,326.0,339.0,5.28,188077.0,460.1,320.5
SBL,12/28/2022,307.0,307.0,295.0,295.0,-12.98,57656.0,460.1,320.5
SBL,12/29/2022,295.0,303.0,294.0,302.0,2.37,47602.0,460.1,320.5
SBL,1/1/2023,302.0,304.1,296.0,297.0,-1.66,45032.0,460.1,320.5
SBL,1/2/2023,300.0,302.0,297.0,297.3,0.1,35179.0,460.1,320.5
SBL,1/3/2023,300.0,302.0,296.0,298.0,0.24,40533.0,460.1,320.5
SBL,1/4/2023,300.0,303.0,297.1,303.0,1.68,56117.0,460.1,320.5
SBL,1/5/2023,304.0,309.0,299.0,300.0,-0.99,59839.0,460.1,320.5
SBL,1/8/2023,305.9,306.0,297.2,298.8,-0.4,73011.0,460.1,320.5
SBL,1/9/2023,298.8,313.0,294.3,311.9,4.38,157341.0,460.1,320.5
SBL,1/10/2023,315.9,328.0,312.2,316.5,1.47,162300.0,460.1,320.5
SBL,1/12/2023,322.8,329.0,307.0,307.5,-2.84,66655.0,460.1,320.5
SBL,1/17/2023,312.0,312.0,304.0,306.8,-0.23,41879.0,460.1,320.5
SBL,1/18/2023,310.0,311.0,300.0,300.3,-2.12,76324.0,460.1,320.5
SBL,1/19/2023,305.0,309.0,300.1,303.1,0.93,38806.0,460.1,320.5
SBL,1/23/2023,306.0,306.0,298.0,298.0,-1.68,81426.0,460.1,320.5
SBL,1/24/2023,298.0,304.0,294.0,303.0,1.68,36850.0,460.1,320.5
SBL,1/25/2023,303.0,303.0,297.5,298.0,-1.65,41590.0,460.1,320.5
SBL,1/26/2023,298.0,300.0,295.0,296.0,-0.67,24605.0,460.1,320.5
SBL,1/29/2023,297.0,297.8,293.0,294.0,-0.68,37470.0,460.1,320.5
SBL,1/30/2023,292.0,297.0,290.0,291.0,-1.02,38924.0,460.1,320.5
SBL,1/31/2023,293.0,293.0,280.3,287.0,-1.37,29481.0,460.1,320.5
SBL,2/1/2023,283.0,290.0,283.0,286.0,-0.35,16740.0,460.1,320.5
SBL,2/2/2023,290.0,291.7,282.0,283.0,-1.05,29054.0,460.1,320.5
SBL,2/5/2023,285.0,288.0,281.1,286.9,1.38,27135.0,460.1,320.5
SBL,2/6/2023,287.0,291.0,283.0,286.0,-0.31,17015.0,460.1,320.5
SBL,2/7/2023,291.0,293.0,280.3,292.9,2.41,44167.0,460.1,320.5
SBL,2/8/2023,292.0,300.7,292.0,294.0,0.38,39167.0,460.1,320.5
SBL,2/9/2023,290.0,297.0,289.1,293.0,-0.34,17629.0,460.1,320.5
SBL,2/12/2023,290.0,290.0,285.5,288.0,-1.71,43901.0,460.1,320.5
SBL,2/14/2023,293.7,293.7,282.6,284.5,-1.22,36246.0,460.1,320.5
SBL,2/15/2023,289.8,289.8,280.0,281.5,-1.05,77441.0,460.1,320.5
SBL,2/16/2023,281.0,284.0,279.3,282.0,0.18,16450.0,460.1,320.5
SBL,2/20/2023,287.0,287.0,274.4,279.0,-1.06,35722.0,460.1,320.5
SBL,2/22/2023,278.0,285.0,275.1,281.5,0.9,14796.0,460.1,320.5
SBL,2/23/2023,279.0,280.0,276.0,278.0,-1.24,27494.0,460.1,320.5
SBL,2/26/2023,275.0,279.0,269.3,278.0,0.0,28986.0,460.1,320.5
SBL,2/27/2023,280.0,280.0,273.0,274.0,-1.44,26425.0,460.1,320.5
SBL,2/28/2023,279.2,283.9,274.0,276.0,0.73,17271.0,460.1,320.5
SBL,3/1/2023,277.0,278.9,273.6,274.0,-0.72,13859.0,460.1,320.5
SBL,3/2/2023,274.0,274.0,271.3,271.9,-0.77,18230.0,460.1,320.5
SBL,3/5/2023,273.0,273.0,267.2,268.0,-1.43,23407.0,460.1,320.5
SBL,3/7/2023,266.8,272.0,266.7,268.0,0.0,15079.0,460.1,320.5
SBL,3/9/2023,273.0,276.0,268.8,276.0,2.99,20835.0,460.1,320.5
SBL,3/12/2023,280.9,280.9,273.0,273.0,-1.09,19792.0,460.1,320.5
SBL,3/13/2023,270.5,271.0,266.3,269.9,-1.14,16534.0,460.1,320.5
SBL,3/14/2023,275.0,275.4,269.5,273.0,1.15,17595.0,460.1,320.5
SBL,3/15/2023,278.0,278.4,265.2,268.0,-1.83,35518.0,460.1,320.5
SBL,3/16/2023,273.0,273.0,260.0,263.0,-1.87,63161.0,460.1,320.5
SBL,3/19/2023,257.8,267.0,255.0,261.0,-0.76,67933.0,460.1,320.5
SBL,3/20/2023,261.0,262.0,254.8,255.0,-2.3,50613.0,460.1,320.5
SBL,3/22/2023,252.0,264.1,252.0,260.2,2.04,40712.0,460.1,320.5
SBL,3/23/2023,264.0,286.2,256.8,281.9,8.34,299272.0,460.1,320.5
SBL,3/26/2023,278.0,278.0,263.0,264.0,-6.35,69960.0,460.1,320.5
SBL,3/27/2023,258.8,264.0,255.0,263.9,-0.04,78691.0,460.1,320.5
SBL,3/28/2023,265.0,267.0,258.0,260.0,-1.48,36853.0,460.1,320.5
SBL,3/29/2023,260.0,264.0,255.8,261.9,0.73,33096.0,460.1,320.5
SBL,3/30/2023,265.0,265.8,258.2,259.0,-1.11,25527.0,460.1,320.5
SBL,4/2/2023,263.0,263.0,255.0,255.1,-1.51,35022.0,460.1,320.5
SBL,4/3/2023,255.0,255.9,250.8,251.0,-1.61,36721.0,460.1,320.5
SBL,4/4/2023,256.0,256.0,248.0,251.0,0.0,36951.0,460.1,320.5
SBL,4/5/2023,251.0,256.0,246.0,256.0,1.99,38398.0,460.1,320.5
SBL,4/6/2023,260.0,260.0,252.0,254.0,-0.78,31382.0,460.1,320.5
SBL,4/9/2023,257.0,257.0,248.0,249.9,-1.61,38543.0,460.1,320.5
SBL,4/10/2023,253.0,253.8,247.5,250.0,0.04,27027.0,460.1,320.5
SBL,4/11/2023,254.0,254.0,249.0,252.5,1.0,59409.0,460.1,320.5
SBL,4/12/2023,257.0,265.2,255.1,265.0,4.95,43283.0,460.1,320.5
SBL,4/13/2023,270.0,270.0,258.1,259.0,-2.26,25194.0,460.1,320.5
SBL,4/16/2023,264.0,264.0,255.1,260.0,0.39,17957.0,460.1,320.5
SBL,4/17/2023,262.0,264.0,256.7,257.0,-1.15,10251.0,460.1,320.5
SBL,4/18/2023,253.0,260.8,251.9,253.8,-1.25,13500.0,460.1,320.5
SBL,4/19/2023,258.3,260.0,252.3,259.3,2.17,10532.0,460.1,320.5
SBL,4/20/2023,255.0,255.0,250.0,252.9,-2.47,36548.0,460.1,320.5
SBL,4/23/2023,256.0,256.0,247.9,251.9,-0.4,21696.0,460.1,320.5
SBL,4/24/2023,248.0,255.0,247.0,249.0,-1.15,23096.0,460.1,320.5
SBL,4/25/2023,250.0,253.5,248.0,253.0,1.61,15782.0,460.1,320.5
SBL,4/26/2023,255.0,255.0,249.0,249.0,-1.58,15567.0,460.1,320.5
SBL,4/27/2023,248.0,252.9,248.0,250.0,0.4,14490.0,460.1,320.5
SBL,4/30/2023,251.0,252.0,246.0,246.1,-1.56,26875.0,460.1,320.5
SBL,5/2/2023,247.0,250.0,244.2,245.0,-0.45,23752.0,460.1,320.5
SBL,5/3/2023,249.9,249.9,242.1,246.0,0.41,25430.0,460.1,320.5
SBL,5/4/2023,250.5,254.0,242.2,250.0,1.63,18343.0,460.1,320.5
SBL,5/7/2023,250.0,252.0,246.0,250.2,0.08,15310.0,460.1,320.5
SBL,5/8/2023,247.0,250.0,244.3,244.9,-2.12,18757.0,460.1,320.5
SBL,5/9/2023,245.0,249.0,242.0,248.1,1.31,21098.0,460.1,320.5
SBL,5/10/2023,248.1,252.0,244.9,247.0,-0.44,20724.0,460.1,320.5
SBL,5/11/2023,246.5,246.9,243.0,246.0,-0.4,11435.0,460.1,320.5
SBL,5/14/2023,248.5,250.0,244.0,246.0,0.0,16467.0,460.1,320.5
SBL,5/15/2023,246.0,247.0,241.6,245.0,-0.41,13345.0,460.1,320.5
SBL,5/16/2023,248.0,248.0,243.1,244.0,-0.41,15831.0,460.1,320.5
SBL,5/17/2023,246.9,247.9,244.0,247.5,1.43,18809.0,460.1,320.5
SBL,5/18/2023,245.0,256.4,245.0,250.0,1.01,21139.0,460.1,320.5
SBL,5/21/2023,246.0,254.0,246.0,250.0,0.0,33405.0,460.1,320.5
SBL,5/22/2023,249.0,253.5,249.0,252.0,0.8,23595.0,460.1,320.5
SBL,5/23/2023,254.8,257.0,252.0,254.6,1.03,32277.0,460.1,320.5
SBL,5/24/2023,259.0,259.5,250.4,255.9,0.51,27972.0,460.1,320.5
SBL,5/28/2023,256.5,261.0,252.0,252.0,-1.52,43631.0,460.1,320.5
SBL,5/30/2023,250.0,252.0,243.0,245.0,-2.78,34123.0,460.1,320.5
SBL,5/31/2023,245.0,246.0,241.5,242.0,-1.22,23639.0,460.1,320.5
SBL,6/1/2023,246.8,246.8,240.1,243.0,0.41,35976.0,460.1,320.5
SBL,6/4/2023,240.0,252.7,238.3,249.0,2.47,30232.0,460.1,320.5
SBL,6/5/2023,250.0,252.0,244.1,244.2,-1.93,23381.0,460.1,320.5
SBL,6/6/2023,242.0,248.0,241.2,247.9,1.52,16459.0,460.1,320.5
SBL,6/7/2023,243.0,252.0,243.0,247.0,-0.36,17738.0,460.1,320.5
SBL,6/8/2023,248.0,248.0,240.2,243.8,-1.3,48081.0,460.1,320.5
SBL,6/11/2023,244.0,248.0,242.6,245.5,0.7,55328.0,460.1,320.5
SBL,6/12/2023,248.0,248.0,243.6,245.7,0.08,24437.0,460.1,320.5
SBL,6/13/2023,242.5,249.0,240.8,248.0,0.94,39718.0,460.1,320.5
SBL,6/14/2023,247.0,255.9,247.0,252.0,1.61,68933.0,460.1,320.5
SBL,6/15/2023,251.0,255.0,248.4,252.1,0.04,30673.0,460.1,320.5
SBL,6/18/2023,250.0,252.0,246.1,247.0,-2.02,69836.0,460.1,320.5
SBL,6/19/2023,247.0,249.9,245.5,247.5,0.2,44535.0,460.1,320.5
SBL,6/20/2023,243.7,252.0,243.7,246.1,-0.57,18395.0,460.1,320.5
SBL,6/21/2023,251.0,251.0,242.5,243.0,-1.26,25061.0,460.1,320.5
SBL,6/22/2023,247.0,247.0,239.5,241.9,-0.45,31466.0,460.1,320.5
SBL,6/25/2023,240.0,245.3,239.0,244.9,1.24,78413.0,460.1,320.5
SBL,6/26/2023,245.0,251.9,244.9,247.3,0.98,43599.0,460.1,320.5
SBL,6/27/2023,245.0,260.0,245.0,259.7,5.01,77772.0,460.1,320.5
SBL,6/28/2023,264.7,264.8,247.2,251.0,-3.35,95842.0,460.1,320.5
SBL,7/2/2023,255.0,255.0,245.0,246.0,-1.99,61618.0,460.1,320.5
SBL,7/3/2023,244.0,246.0,241.1,241.4,-1.87,38471.0,460.1,320.5
SBL,7/4/2023,241.0,245.0,240.0,241.5,0.04,32292.0,460.1,320.5
SBL,7/5/2023,243.0,247.0,240.2,242.0,0.21,71425.0,460.1,320.5
SBL,7/6/2023,242.0,243.0,238.2,241.0,-0.41,37751.0,460.1,320.5
SBL,7/9/2023,242.0,242.9,238.0,239.1,-0.79,79271.0,460.1,320.5
SBL,7/10/2023,241.0,243.0,238.6,240.0,0.38,37348.0,460.1,320.5
SBL,7/11/2023,242.0,242.9,238.0,242.0,0.83,24867.0,460.1,320.5
SBL,7/12/2023,244.0,245.0,240.0,245.0,1.24,21451.0,460.1,320.5
SBL,7/13/2023,248.0,249.0,243.5,244.1,-0.37,29048.0,460.1,320.5
SBL,7/16/2023,247.0,253.9,245.0,253.0,3.65,94754.0,460.1,320.5
SBL,7/17/2023,253.1,267.0,253.1,266.0,5.14,93155.0,460.1,320.5
SBL,7/18/2023,271.0,272.5,265.0,265.5,-0.19,78922.0,460.1,320.5
SBL,7/19/2023,268.0,280.9,265.0,274.0,3.2,135612.0,460.1,320.5
SBL,7/20/2023,279.0,279.0,268.6,277.0,1.09,83680.0,460.1,320.5
SBL,7/23/2023,280.0,291.7,275.0,290.0,4.69,153332.0,460.1,320.5
SBL,7/24/2023,290.0,290.0,272.0,278.0,-4.14,147752.0,460.1,320.5
SBL,7/25/2023,282.5,282.5,267.0,269.0,-3.24,58394.0,460.1,320.5
SBL,7/26/2023,270.0,275.5,266.7,269.0,0.0,39891.0,460.1,320.5
SBL,7/27/2023,270.0,271.0,263.5,263.7,-1.97,34748.0,460.1,320.5
SBL,7/30/2023,265.0,266.0,257.0,260.0,-1.4,70437.0,460.1,320.5
SBL,7/31/2023,265.0,265.0,250.0,263.5,1.35,70409.0,460.1,320.5
SBL,8/1/2023,260.3,266.6,258.1,259.0,-1.71,23166.0,460.1,320.5
SBL,8/2/2023,260.0,262.8,256.0,260.4,0.54,29090.0,460.1,320.5
SBL,8/3/2023,264.0,268.7,260.2,264.1,1.42,30845.0,460.1,320.5
SBL,8/6/2023,264.0,269.3,255.0,258.9,-1.97,100729.0,460.1,320.5
SBL,8/7/2023,256.0,260.0,250.1,254.0,-1.89,59435.0,460.1,320.5
SBL,8/8/2023,251.0,255.0,245.1,249.7,-1.69,41754.0,460.1,320.5
SBL,8/9/2023,245.5,252.9,245.0,252.9,1.28,28520.0,460.1,320.5
SBL,8/10/2023,250.3,254.8,250.0,252.0,-0.36,39080.0,460.1,320.5
SBL,8/13/2023,255.0,258.9,255.0,255.1,1.23,37974.0,460.1,320.5
SBL,8/14/2023,260.0,262.0,257.1,258.0,1.14,56221.0,460.1,320.5
SBL,8/15/2023,258.0,264.0,256.0,263.0,1.94,61291.0,460.1,320.5
SBL,8/16/2023,260.0,264.0,258.3,264.0,0.38,69109.0,460.1,320.5
SBL,8/17/2023,265.0,267.2,260.0,265.0,0.38,58770.0,460.1,320.5
SBL,8/20/2023,260.0,270.3,260.0,268.0,1.13,46287.0,460.1,320.5
SBL,8/21/2023,265.0,270.0,263.0,267.0,-0.37,47806.0,460.1,320.5
SBL,8/22/2023,264.0,268.9,264.0,266.0,-0.37,22040.0,460.1,320.5
SBL,8/23/2023,266.0,269.9,265.0,268.9,1.09,42597.0,460.1,320.5
SBL,8/24/2023,269.0,269.6,264.4,266.0,-1.08,48960.0,460.1,320.5
SBL,8/27/2023,266.0,268.2,261.1,265.0,-0.38,53952.0,460.1,320.5
SBL,8/28/2023,265.0,268.5,262.7,266.7,0.64,18872.0,460.1,320.5
SBL,8/29/2023,263.0,268.0,263.0,263.0,-1.39,13058.0,460.1,320.5
SBL,8/30/2023,262.6,267.0,259.0,264.0,0.38,78614.0,460.1,320.5
SBL,9/3/2023,260.1,264.0,260.1,260.5,-1.33,22182.0,460.1,320.5
SBL,9/4/2023,261.9,264.9,259.5,261.0,0.19,23593.0,460.1,320.5
SBL,9/5/2023,264.7,264.7,260.5,262.5,0.57,13971.0,460.1,320.5
SBL,9/7/2023,259.1,260.0,250.0,251.0,-4.38,124320.0,460.1,320.5
SBL,9/10/2023,255.0,258.0,254.1,254.9,1.55,30535.0,460.1,320.5
SBL,9/11/2023,255.0,261.0,253.1,261.0,2.39,24393.0,460.1,320.5
SBL,9/12/2023,264.0,264.0,259.1,263.0,0.77,40847.0,460.1,320.5
SBL,9/13/2023,263.0,265.9,261.2,263.7,0.27,45907.0,460.1,320.5
SBL,9/17/2023,263.0,263.2,254.0,256.9,-2.58,33669.0,460.1,320.5
SBL,9/18/2023,254.0,258.0,253.2,253.5,-1.32,27733.0,460.1,320.5
SBL,9/19/2023,253.5,258.5,253.3,258.5,1.97,14944.0,460.1,320.5
SBL,9/21/2023,263.6,266.0,258.6,259.0,0.19,50474.0,460.1,320.5
SBL,9/24/2023,260.0,261.0,257.0,257.0,-0.77,15953.0,460.1,320.5
SBL,9/25/2023,260.0,260.0,257.0,257.1,0.04,11920.0,460.1,320.5
SBL,9/26/2023,256.1,262.0,256.0,261.0,1.52,68279.0,460.1,320.5
SBL,9/27/2023,265.0,265.0,256.5,262.0,0.38,30057.0,460.1,320.5
SBL,10/1/2023,258.0,262.5,257.3,260.0,-0.76,43216.0,460.1,320.5
SBL,10/2/2023,255.2,262.0,255.0,260.5,0.19,34534.0,460.1,320.5
SBL,10/3/2023,261.0,261.9,259.1,260.0,-0.19,66091.0,460.1,320.5
SBL,10/4/2023,262.0,263.0,259.0,260.7,0.27,58270.0,460.1,320.5
SBL,10/5/2023,261.0,262.9,260.2,261.0,0.12,60275.0,460.1,320.5
SBL,10/8/2023,265.0,265.0,256.6,256.8,-1.61,34484.0,460.1,320.5
SBL,10/9/2023,253.0,256.9,252.5,252.5,-1.67,23227.0,460.1,320.5
SBL,10/10/2023,252.0,252.0,248.4,249.4,-1.23,32902.0,460.1,320.5
SBL,10/11/2023,250.0,252.9,249.0,250.6,0.48,16543.0,460.1,320.5
SBL,10/12/2023,245.6,247.0,240.3,242.5,-3.23,161280.0,460.1,320.5
SBL,10/16/2023,238.0,243.0,238.0,240.8,-0.7,31146.0,460.1,320.5
SBL,10/17/2023,244.9,245.3,241.0,243.1,0.96,43852.0,460.1,320.5
SBL,10/18/2023,246.0,250.0,241.2,247.2,1.69,49809.0,460.1,320.5
SBL,10/19/2023,252.1,252.1,242.0,248.0,0.32,21880.0,460.1,320.5
SBL,10/29/2023,247.0,250.0,243.0,247.0,-0.4,32690.0,460.1,320.5
SBL,10/30/2023,243.1,247.0,242.3,245.9,-0.45,24849.0,460.1,320.5
SBL,10/31/2023,245.9,245.9,242.0,242.5,-1.38,13250.0,460.1,320.5
SBL,11/1/2023,244.9,248.0,240.0,243.0,0.21,34132.0,460.1,320.5
SBL,11/2/2023,243.0,246.5,240.0,243.9,0.37,26457.0,460.1,320.5
SBL,11/5/2023,240.0,240.0,232.0,234.0,-4.06,78173.0,460.1,320.5
SBL,11/6/2023,238.0,239.8,231.0,237.5,1.5,30551.0,460.1,320.5
SBL,11/7/2023,237.0,237.0,228.8,235.0,-1.05,30187.0,460.1,320.5
SBL,11/8/2023,235.0,235.0,230.0,232.3,-1.15,8371.0,460.1,320.5
SBL,11/9/2023,230.0,235.0,228.0,232.0,-0.13,9382.0,460.1,320.5
SBL,11/20/2023,230.4,237.5,226.0,230.0,-0.86,19051.0,460.1,320.5
SBL,11/21/2023,228.1,230.0,226.0,228.0,-0.87,6932.0,460.1,320.5
SBL,11/22/2023,228.9,228.9,223.5,227.0,-0.44,9271.0,460.1,320.5
SBL,11/23/2023,223.0,227.4,223.0,227.0,0.0,20260.0,460.1,320.5
SBL,11/26/2023,224.1,233.3,224.0,231.2,1.85,26526.0,460.1,320.5
SBL,11/27/2023,232.0,234.0,230.0,230.2,-0.43,11776.0,460.1,320.5
SBL,11/28/2023,228.1,234.8,228.1,230.3,0.04,30633.0,460.1,320.5
SBL,11/29/2023,228.0,232.4,228.0,230.0,-0.13,15852.0,460.1,320.5
SBL,11/30/2023,226.6,230.0,225.4,230.0,0.0,9692.0,460.1,320.5
SBL,12/3/2023,227.0,232.5,227.0,231.8,0.78,17582.0,460.1,320.5
SBL,12/4/2023,231.1,234.0,228.1,231.0,-0.35,23358.0,460.1,320.5
SBL,12/5/2023,232.5,232.5,226.6,228.0,-1.3,9925.0,460.1,320.5
SBL,12/6/2023,224.1,229.1,224.1,228.9,0.39,10290.0,460.1,320.5
SBL,12/7/2023,225.0,229.6,225.0,227.2,-0.74,8262.0,460.1,320.5
SBL,12/10/2023,227.0,245.0,227.0,245.0,7.83,4181.0,460.1,320.5
SBL,12/11/2023,240.1,248.0,237.2,242.9,-0.86,49490.0,460.1,320.5
SBL,12/12/2023,238.1,247.0,234.0,240.7,-0.91,29170.0,460.1,320.5
SBL,12/13/2023,235.9,245.0,235.9,241.0,0.12,29714.0,460.1,320.5
SBL,12/14/2023,245.0,249.0,243.2,246.0,2.07,24854.0,460.1,320.5
SBL,12/17/2023,243.0,248.0,239.0,247.0,0.41,50829.0,460.1,320.5
SBL,12/18/2023,250.0,262.0,245.7,257.5,4.25,93509.0,460.1,320.5
SBL,12/19/2023,260.0,283.0,257.4,270.0,4.85,116866.0,460.1,320.5
SBL,12/20/2023,265.0,280.5,265.0,268.0,-0.74,61636.0,460.1,320.5
SBL,12/21/2023,263.0,270.0,257.0,257.0,-4.1,64991.0,460.1,320.5
SBL,12/24/2023,253.0,259.8,253.0,257.3,0.12,56225.0,460.1,320.5
SBL,12/27/2023,253.0,258.9,252.5,255.0,-0.89,41146.0,460.1,320.5
SBL,12/28/2023,252.6,257.0,250.0,250.0,-1.96,46429.0,460.1,320.5
SBL,1/1/2024,252.0,255.0,251.0,252.0,0.8,50148.0,460.1,320.5
SBL,1/2/2024,254.0,256.0,250.2,250.2,-0.71,56527.0,460.1,320.5
SBL,1/3/2024,250.2,255.0,249.9,254.0,1.52,39567.0,460.1,320.5
SBL,1/4/2024,258.0,258.0,252.0,253.0,-0.39,37719.0,460.1,320.5
SBL,1/7/2024,258.0,258.0,243.2,244.5,-3.36,97843.0,460.1,320.5
SBL,1/8/2024,242.1,246.0,241.2,245.0,0.2,70283.0,460.1,320.5
SBL,1/9/2024,246.0,249.0,245.1,248.0,1.22,24958.0,460.1,320.5
SBL,1/10/2024,248.0,256.2,245.1,245.1,-1.17,60402.0,460.1,320.5
SBL,1/11/2024,249.0,256.0,249.0,250.1,2.04,40324.0,460.1,320.5
SBL,1/14/2024,254.0,254.0,245.2,250.0,-0.04,41542.0,460.1,320.5
SBL,1/16/2024,250.0,256.0,250.0,255.5,2.2,75269.0,460.1,320.5
SBL,1/17/2024,260.0,260.2,250.1,252.9,-1.02,149333.0,460.1,320.5
SBL,1/18/2024,249.1,257.0,246.0,246.0,-2.73,43518.0,460.1,320.5
SBL,1/21/2024,249.0,249.0,240.0,240.0,-2.44,42988.0,460.1,320.5
SBL,1/22/2024,244.0,247.0,239.0,242.0,0.83,68039.0,460.1,320.5
SBL,1/23/2024,244.0,244.4,239.5,239.5,-1.03,30744.0,460.1,320.5
SBL,1/24/2024,240.0,241.9,237.0,238.8,-0.29,40782.0,460.1,320.5
SBL,1/25/2024,238.1,240.0,234.1,235.1,-1.55,40477.0,460.1,320.5
SBL,1/28/2024,237.0,239.0,233.0,234.9,-0.09,54648.0,460.1,320.5
SBL,1/29/2024,239.5,244.0,234.2,234.3,-0.26,28579.0,460.1,320.5
SBL,1/30/2024,234.3,240.0,234.0,234.9,0.26,20854.0,460.1,320.5
SBL,1/31/2024,235.0,240.5,235.0,239.0,1.75,59498.0,460.1,320.5
SBL,2/1/2024,239.0,240.0,233.0,233.2,-2.43,16993.0,460.1,320.5
SBL,2/4/2024,233.0,236.5,231.0,233.0,-0.09,19866.0,460.1,320.5
SBL,2/5/2024,234.0,235.2,232.0,232.3,-0.3,15093.0,460.1,320.5
SBL,2/6/2024,236.9,236.9,232.3,233.0,0.3,15060.0,460.1,320.5
SBL,2/7/2024,237.6,242.0,232.6,233.0,0.0,20492.0,460.1,320.5
SBL,2/8/2024,233.0,234.9,233.0,234.2,0.52,19336.0,460.1,320.5
SBL,2/11/2024,237.0,238.0,232.5,232.9,-0.56,21645.0,460.1,320.5
SBL,2/12/2024,231.4,235.9,231.4,232.5,-0.17,18126.0,460.1,320.5
SBL,2/13/2024,235.0,235.0,228.5,228.5,-1.72,34419.0,460.1,320.5
SBL,2/14/2024,229.0,231.0,227.0,228.0,-0.22,33497.0,460.1,320.5
SBL,2/15/2024,230.0,231.0,226.0,226.0,-0.88,32083.0,460.1,320.5
SBL,2/18/2024,230.0,231.7,226.2,227.3,0.58,32072.0,460.1,320.5
SBL,2/20/2024,226.0,228.0,226.0,228.0,0.31,12497.0,460.1,320.5
SBL,2/21/2024,230.0,230.0,224.5,226.0,-0.88,29943.0,460.1,320.5
SBL,2/22/2024,221.6,228.0,221.6,226.0,0.0,28291.0,460.1,320.5
SBL,2/25/2024,229.0,229.0,219.9,223.0,-1.33,31854.0,460.1,320.5
SBL,2/26/2024,220.2,225.0,216.0,219.9,-1.39,57953.0,460.1,320.5
SBL,2/27/2024,223.0,224.0,218.0,222.0,0.95,24960.0,460.1,320.5
SBL,2/28/2024,220.0,220.0,217.0,219.0,-1.35,23828.0,460.1,320.5
SBL,2/29/2024,217.1,219.0,215.0,216.7,-1.05,71868.0,460.1,320.5
SBL,3/3/2024,214.1,216.4,212.2,215.0,-0.78,41174.0,460.1,320.5
SBL,3/4/2024,219.3,228.0,219.3,228.0,6.05,69.0,460.1,320.5
SBL,3/5/2024,232.5,232.5,219.2,219.2,-3.86,41185.0,460.1,320.5
SBL,3/6/2024,217.1,224.0,217.0,220.0,0.36,27290.0,460.1,320.5
SBL,3/7/2024,220.1,233.0,220.1,223.0,1.36,21453.0,460.1,320.5
SBL,3/10/2024,227.0,230.9,223.0,225.0,0.9,12942.0,460.1,320.5
SBL,3/12/2024,227.0,233.5,225.0,233.0,3.56,26861.0,460.1,320.5
SBL,3/13/2024,237.5,237.5,230.1,233.0,0.0,76518.0,460.1,320.5
SBL,3/14/2024,233.0,233.0,228.0,230.0,-1.29,21776.0,460.1,320.5
SBL,3/17/2024,234.6,234.6,227.2,230.0,0.0,14381.0,460.1,320.5
SBL,3/18/2024,229.0,229.0,226.0,226.8,-1.39,14851.0,460.1,320.5
SBL,3/19/2024,230.9,230.9,225.0,225.9,-0.4,31416.0,460.1,320.5
SBL,3/20/2024,229.8,234.0,222.7,227.4,0.66,23792.0,460.1,320.5
SBL,3/21/2024,231.8,231.8,221.5,225.0,-1.06,26960.0,460.1,320.5
SBL,3/25/2024,222.0,225.0,219.0,221.0,-1.78,24767.0,460.1,320.5
SBL,3/26/2024,225.0,225.0,219.0,223.0,0.9,17735.0,460.1,320.5
SBL,3/27/2024,220.0,223.0,219.0,222.0,-0.45,25058.0,460.1,320.5
SBL,3/28/2024,225.8,225.8,219.0,220.0,-0.9,14696.0,460.1,320.5
SBL,3/31/2024,220.0,223.0,219.0,220.0,0.0,19027.0,460.1,320.5
SBL,4/1/2024,218.0,221.0,217.6,220.0,0.0,37531.0,460.1,320.5
SBL,4/2/2024,220.0,221.9,217.6,218.0,-0.91,18300.0,460.1,320.5
SBL,4/3/2024,216.3,220.0,216.2,219.0,0.46,22266.0,460.1,320.5
SBL,4/4/2024,219.0,219.9,216.0,217.0,-0.91,22228.0,460.1,320.5
SBL,4/7/2024,217.5,230.0,216.1,223.0,2.76,15360.0,460.1,320.5
SBL,4/9/2024,227.4,227.4,221.5,224.7,0.76,26531.0,460.1,320.5
SBL,4/10/2024,229.0,229.1,219.0,224.0,-0.31,18476.0,460.1,320.5
SBL,4/14/2024,227.0,227.0,221.0,226.0,0.89,33858.0,460.1,320.5
SBL,4/15/2024,221.7,229.8,221.1,224.0,-0.88,94566.0,460.1,320.5
SBL,4/16/2024,224.0,224.8,221.0,223.0,-0.45,101346.0,460.1,320.5
SBL,4/18/2024,220.0,224.8,219.0,222.7,-0.13,17431.0,460.1,320.5
SBL,4/21/2024,227.0,227.0,218.9,222.0,-0.31,11266.0,460.1,320.5
SBL,4/22/2024,220.0,222.0,216.4,217.9,-1.85,35778.0,460.1,320.5
SBL,4/24/2024,216.0,220.0,216.0,218.4,0.23,10194.0,460.1,320.5
SBL,4/25/2024,218.4,222.4,215.5,216.8,-0.73,28327.0,460.1,320.5
SBL,4/28/2024,221.1,221.1,215.0,217.0,0.09,103359.0,460.1,320.5
SBL,4/29/2024,221.1,221.1,215.5,218.6,0.74,22753.0,460.1,320.5
SBL,4/30/2024,222.9,225.0,217.0,224.0,2.47,32194.0,460.1,320.5
SBL,5/2/2024,228.4,229.5,220.7,222.5,-0.67,26807.0,460.1,320.5
SBL,5/5/2024,220.5,222.0,216.0,219.0,-1.57,26122.0,460.1,320.5
SBL,5/6/2024,218.5,221.9,214.0,217.8,-0.55,14531.0,460.1,320.5
SBL,5/7/2024,220.0,222.1,214.5,219.9,0.96,17752.0,460.1,320.5
SBL,5/8/2024,224.0,224.0,215.6,216.9,-1.36,23250.0,460.1,320.5
SBL,5/9/2024,217.0,221.3,215.6,220.0,1.43,39899.0,460.1,320.5
SBL,5/12/2024,224.4,225.0,219.5,223.0,1.36,50226.0,460.1,320.5
SBL,5/13/2024,224.0,233.0,222.0,228.8,2.6,75603.0,460.1,320.5
SBL,5/14/2024,231.4,231.4,225.0,229.2,0.17,44431.0,460.1,320.5
SBL,5/15/2024,233.0,233.0,224.7,228.8,-0.17,44941.0,460.1,320.5
SBL,5/16/2024,233.3,233.3,225.4,227.5,-0.57,58482.0,460.1,320.5
SBL,5/19/2024,232.0,241.0,224.3,234.0,2.86,86405.0,460.1,320.5
SBL,5/20/2024,238.6,250.5,237.0,240.5,2.78,140503.0,460.1,320.5
SBL,5/21/2024,245.0,252.0,240.0,250.7,4.24,95137.0,460.1,320.5
SBL,5/22/2024,245.7,272.0,245.7,266.0,6.1,290186.0,460.1,320.5
SBL,5/26/2024,269.0,271.2,257.3,269.0,1.13,139233.0,460.1,320.5
SBL,5/27/2024,272.0,274.0,260.4,265.9,-1.15,104586.0,460.1,320.5
SBL,5/29/2024,271.2,276.0,252.4,255.0,-4.1,81781.0,460.1,320.5
SBL,5/30/2024,251.0,256.8,248.2,251.9,-1.22,39218.0,460.1,320.5
SBL,6/2/2024,255.9,255.9,246.0,254.0,0.83,40737.0,460.1,320.5
SBL,6/3/2024,258.9,258.9,246.0,247.5,-2.56,21934.0,460.1,320.5
SBL,6/4/2024,250.0,252.4,248.0,249.5,0.81,27944.0,460.1,320.5
SBL,6/5/2024,254.4,254.4,247.3,249.0,-0.2,30602.0,460.1,320.5
SBL,6/6/2024,253.4,253.4,246.0,249.0,0.0,36703.0,460.1,320.5
SBL,6/9/2024,253.9,253.9,247.0,249.0,0.0,28100.0,460.1,320.5
SBL,6/10/2024,253.9,253.9,246.0,249.9,0.36,59254.0,460.1,320.5
SBL,6/11/2024,254.8,259.8,245.0,252.0,0.84,83287.0,460.1,320.5
SBL,6/12/2024,257.0,258.9,252.0,254.0,0.79,28340.0,460.1,320.5
SBL,6/13/2024,258.0,258.0,249.3,251.9,-0.83,28162.0,460.1,320.5
SBL,6/16/2024,253.0,255.0,247.1,248.2,-1.47,35205.0,460.1,320.5
SBL,6/18/2024,253.1,253.1,245.0,248.0,-0.08,23534.0,460.1,320.5
SBL,6/19/2024,244.0,252.0,244.0,252.0,1.61,29506.0,460.1,320.5
SBL,6/20/2024,257.0,257.0,243.6,245.0,-2.78,87352.0,460.1,320.5
SBL,6/23/2024,247.0,247.0,242.6,245.9,0.37,37504.0,460.1,320.5
SBL,6/24/2024,248.0,250.0,242.0,246.0,0.04,51992.0,460.1,320.5
SBL,6/25/2024,248.0,248.0,241.2,242.1,-1.59,21927.0,460.1,320.5
SBL,6/26/2024,246.9,246.9,239.6,242.0,-0.04,33346.0,460.1,320.5
SBL,6/27/2024,246.5,246.5,238.0,241.0,-0.41,14796.0,460.1,320.5
SBL,6/30/2024,245.8,245.8,238.2,238.6,-1.0,22910.0,460.1,320.5
SBL,7/1/2024,237.1,242.5,237.0,242.5,1.63,22042.0,460.1,320.5
SBL,7/2/2024,247.3,266.7,245.0,250.8,3.42,33013.0,460.1,320.5
SBL,7/3/2024,245.8,254.0,245.8,253.0,0.88,45374.0,460.1,320.5
SBL,7/4/2024,254.2,266.8,254.0,259.9,2.73,42817.0,460.1,320.5
SBL,7/7/2024,261.0,266.0,257.6,265.7,2.23,102351.0,460.1,320.5
SBL,7/8/2024,268.0,268.0,261.0,264.9,-0.3,72422.0,460.1,320.5
SBL,7/9/2024,265.0,268.1,260.7,266.5,0.6,52207.0,460.1,320.5
SBL,7/10/2024,271.8,273.0,261.9,271.9,2.03,101857.0,460.1,320.5
SBL,7/11/2024,277.3,277.3,270.0,276.0,1.51,125457.0,460.1,320.5
SBL,7/14/2024,281.0,290.0,281.0,283.5,2.72,88787.0,460.1,320.5
SBL,7/15/2024,288.0,290.0,279.1,283.0,-0.18,119945.0,460.1,320.5
SBL,7/16/2024,284.0,288.0,274.5,288.0,1.77,62717.0,460.1,320.5
SBL,7/17/2024,293.0,293.0,285.0,290.9,1.01,101992.0,460.1,320.5
SBL,7/18/2024,293.0,315.0,285.5,306.0,5.19,243614.0,460.1,320.5
SBL,7/21/2024,306.0,318.2,294.1,316.9,3.56,240175.0,460.1,320.5
SBL,7/22/2024,322.0,322.0,304.0,309.4,-2.37,163946.0,460.1,320.5
SBL,7/23/2024,309.4,317.1,304.1,315.5,1.97,133698.0,460.1,320.5
SBL,7/24/2024,321.8,335.0,315.0,326.9,3.61,254397.0,460.1,320.5
SBL,7/25/2024,333.4,333.4,319.5,326.9,0.0,170449.0,460.1,320.5
SBL,7/28/2024,333.4,359.5,333.4,359.5,9.97,421723.0,460.1,320.5
SBL,7/29/2024,366.6,373.0,343.0,344.0,-4.31,287269.0,460.1,320.5
SBL,7/30/2024,337.2,355.0,334.0,343.5,-0.15,210421.0,460.1,320.5
SBL,7/31/2024,348.0,355.0,343.1,347.4,1.14,129264.0,460.1,320.5
SBL,8/1/2024,347.4,349.0,338.0,341.0,-1.84,116607.0,460.1,320.5
SBL,8/5/2024,335.0,339.0,326.6,329.0,-3.52,218622.0,460.1,320.5
SBL,8/6/2024,334.9,334.9,299.0,309.6,-5.9,203764.0,460.1,320.5
SBL,8/7/2024,303.5,320.0,303.5,317.0,2.39,116837.0,460.1,320.5
SBL,8/8/2024,320.0,325.0,312.1,314.4,-0.82,108004.0,460.1,320.5
SBL,8/11/2024,320.0,331.0,315.0,331.0,5.28,178430.0,460.1,320.5
SBL,8/12/2024,337.6,344.8,337.0,343.9,3.9,194656.0,460.1,320.5
SBL,8/13/2024,346.0,350.0,335.0,344.0,0.03,133198.0,460.1,320.5
SBL,8/14/2024,340.0,344.9,337.0,344.0,0.0,121929.0,460.1,320.5
SBL,8/15/2024,350.8,378.2,345.0,362.2,5.29,412201.0,460.1,320.5
SBL,8/18/2024,369.0,377.0,357.7,359.9,-0.64,233409.0,460.1,320.5
SBL,8/21/2024,361.0,369.0,351.0,366.9,1.94,201410.0,460.1,320.5
SBL,8/22/2024,365.0,378.0,365.0,374.0,1.94,249558.0,460.1,320.5
SBL,8/25/2024,375.0,380.0,362.6,368.0,-1.6,189937.0,460.1,320.5
SBL,8/27/2024,368.0,370.0,347.8,350.0,-4.89,179277.0,460.1,320.5
SBL,8/28/2024,357.0,364.0,347.0,354.8,1.37,142076.0,460.1,320.5
SBL,8/29/2024,359.0,366.0,344.0,347.9,-1.94,134606.0,460.1,320.5
SBL,9/1/2024,353.0,354.0,337.5,338.2,-2.79,105197.0,460.1,320.5
SBL,9/2/2024,344.0,351.0,336.1,350.1,3.52,109624.0,460.1,320.5
SBL,9/3/2024,357.0,357.0,345.0,349.9,-0.06,94923.0,460.1,320.5
SBL,9/4/2024,356.8,356.8,338.3,340.0,-2.83,91444.0,460.1,320.5
SBL,9/5/2024,339.0,339.0,331.2,336.0,-1.18,86731.0,460.1,320.5
SBL,9/8/2024,342.0,342.0,328.5,329.9,-1.82,89318.0,460.1,320.5
SBL,9/9/2024,325.0,329.0,320.2,321.0,-2.7,96457.0,460.1,320.5
SBL,9/10/2024,327.0,332.0,315.0,320.0,-0.31,94326.0,460.1,320.5
SBL,9/11/2024,325.0,325.0,314.6,318.0,-0.62,125655.0,460.1,320.5
SBL,9/12/2024,324.3,334.0,313.5,332.8,4.65,73039.0,460.1,320.5
SBL,9/15/2024,332.0,340.0,326.3,326.3,-1.95,76488.0,460.1,320.5
SBL,9/16/2024,319.8,328.0,319.8,321.0,-1.62,44850.0,460.1,320.5
SBL,9/18/2024,324.0,330.0,321.0,327.5,2.02,51719.0,460.1,320.5
SBL,9/22/2024,334.0,334.0,327.5,330.0,0.76,52536.0,460.1,320.5
SBL,9/23/2024,336.6,336.6,323.5,328.0,-0.61,48085.0,460.1,320.5
SBL,9/24/2024,327.9,330.0,322.0,324.4,-1.1,69286.0,460.1,320.5
SBL,9/25/2024,324.0,330.0,320.2,330.0,1.73,54680.0,460.1,320.5
SBL,9/26/2024,329.9,331.5,325.0,326.0,-1.21,29285.0,460.1,320.5
SBL,9/29/2024,321.2,325.0,319.0,325.0,-0.31,40943.0,460.1,320.5
SBL,9/30/2024,320.1,327.9,320.1,327.7,0.83,39358.0,460.1,320.5
SBL,10/1/2024,327.7,339.0,326.0,338.4,3.27,82030.0,460.1,320.5
SBL,10/2/2024,338.0,341.0,334.2,335.0,-1.0,71249.0,460.1,320.5
SBL,10/6/2024,330.1,343.7,330.1,339.1,1.22,110999.0,460.1,320.5
SBL,10/7/2024,340.0,346.8,340.0,345.9,2.01,131789.0,460.1,320.5
SBL,10/8/2024,345.9,348.0,343.0,344.0,-0.55,56197.0,460.1,320.5
SBL,10/9/2024,341.0,347.0,332.0,346.9,0.84,49134.0,460.1,320.5
SBL,10/15/2024,350.9,357.9,350.0,355.7,2.54,114070.0,460.1,320.5
SBL,10/16/2024,357.0,366.1,353.7,366.0,2.9,115308.0,460.1,320.5
SBL,10/17/2024,365.0,370.0,360.0,363.0,-0.82,115119.0,460.1,320.5
SBL,10/20/2024,358.0,369.0,351.0,358.1,-1.35,148197.0,460.1,320.5
SBL,10/21/2024,363.0,363.0,352.7,353.9,-1.17,59425.0,460.1,320.5
SBL,10/22/2024,353.0,355.0,346.2,353.1,-0.23,58374.0,460.1,320.5
SBL,10/23/2024,360.0,368.0,345.0,346.0,-2.01,113712.0,460.1,320.5
SBL,10/24/2024,352.0,353.0,340.0,340.0,-1.73,31437.0,460.1,320.5
SBL,10/27/2024,345.0,345.0,333.3,335.0,-1.47,23120.0,460.1,320.5
SBL,10/28/2024,338.0,338.0,331.6,333.0,-0.6,36871.0,460.1,320.5
SBL,10/29/2024,336.0,340.0,335.1,338.9,1.77,34871.0,460.1,320.5
SBL,10/30/2024,339.0,345.6,337.0,338.0,-0.27,39405.0,460.1,320.5
SBL,11/5/2024,336.0,341.0,334.2,336.0,-0.59,49550.0,460.1,320.5
SBL,11/6/2024,340.0,340.0,334.0,336.0,0.0,23628.0,460.1,320.5
SBL,11/10/2024,331.0,340.8,331.0,339.0,0.89,30827.0,460.1,320.5
SBL,11/11/2024,340.0,346.0,337.1,340.0,0.29,71661.0,460.1,320.5
SBL,11/12/2024,346.8,346.8,335.2,335.3,-1.38,39271.0,460.1,320.5
SBL,11/13/2024,335.0,339.1,332.5,335.0,-0.09,24285.0,460.1,320.5
SBL,11/14/2024,341.7,362.5,326.0,336.0,0.3,45202.0,460.1,320.5
SBL,11/17/2024,340.0,342.7,333.5,335.0,-0.3,61334.0,460.1,320.5
SBL,11/19/2024,333.0,335.0,327.0,327.0,-2.39,62168.0,460.1,320.5
SBL,11/20/2024,329.0,329.8,323.2,323.9,-0.95,35467.0,460.1,320.5
SBL,11/21/2024,325.0,326.0,322.7,323.5,-0.12,83732.0,460.1,320.5
SBL,11/24/2024,325.0,326.0,321.5,324.0,0.15,48455.0,460.1,320.5
SBL,11/25/2024,330.4,330.4,322.3,326.0,0.62,30817.0,460.1,320.5
SBL,11/26/2024,332.5,332.5,322.0,328.5,0.77,85555.0,460.1,320.5
SBL,11/27/2024,334.0,334.0,326.0,329.0,0.15,66791.0,460.1,320.5
SBL,11/28/2024,335.0,335.0,326.1,329.5,0.15,35698.0,460.1,320.5
SBL,12/1/2024,336.0,336.0,324.5,326.3,-0.97,36999.0,460.1,320.5
SBL,12/2/2024,322.8,329.0,322.0,326.0,-0.09,78326.0,460.1,320.5
SBL,12/3/2024,332.5,332.5,320.3,324.8,-0.37,21927.0,460.1,320.5
SBL,12/4/2024,331.2,331.2,320.6,324.0,-0.25,24433.0,460.1,320.5
SBL,12/5/2024,323.9,323.9,317.0,320.0,-1.23,46163.0,460.1,320.5
SBL,12/8/2024,315.0,320.0,305.1,308.9,-3.47,82416.0,460.1,320.5
SBL,12/9/2024,306.0,311.9,304.5,307.9,-0.32,29981.0,460.1,320.5
SBL,12/10/2024,309.0,309.8,301.0,307.0,-0.29,75207.0,460.1,320.5
SBL,12/11/2024,313.1,314.0,305.1,313.8,2.21,39339.0,460.1,320.5
SBL,12/12/2024,320.0,320.0,310.0,310.1,-1.18,34515.0,460.1,320.5
SBL,12/16/2024,305.0,309.8,304.2,309.0,-0.35,43002.0,460.1,320.5
SBL,12/17/2024,305.2,310.9,305.2,308.5,-0.16,19018.0,460.1,320.5
SBL,12/18/2024,311.0,314.0,304.0,313.9,1.75,30048.0,460.1,320.5
SBL,12/19/2024,307.7,310.0,300.0,309.0,-1.56,44686.0,460.1,320.5
SBL,12/22/2024,309.0,309.0,300.0,306.0,-0.97,33147.0,460.1,320.5
SBL,12/23/2024,311.8,311.8,298.0,304.0,-0.65,67555.0,460.1,320.5
SBL,12/24/2024,309.3,310.0,301.0,308.0,1.32,30557.0,460.1,320.5
SBL,12/26/2024,310.0,315.0,302.1,311.4,1.1,57848.0,460.1,320.5
SBL,12/29/2024,310.0,311.5,303.0,306.0,-1.73,22355.0,460.1,320.5
SBL,12/31/2024,306.0,306.0,296.1,299.8,-2.03,28020.0,460.1,320.5
SBL,1/1/2025,298.6,301.0,296.0,298.0,-0.6,25362.0,460.1,320.5
SBL,1/2/2025,300.0,300.0,295.5,297.0,-0.34,18216.0,460.1,320.5
SBL,1/5/2025,295.3,297.0,294.6,297.0,0.0,25876.0,460.1,320.5
SBL,1/6/2025,293.2,302.0,293.2,300.0,1.01,37603.0,460.1,320.5
SBL,1/7/2025,304.0,304.0,296.0,300.0,0.0,19715.0,460.1,320.5
SBL,1/8/2025,306.0,306.0,299.0,300.0,0.0,13697.0,460.1,320.5
SBL,1/9/2025,302.9,302.9,295.3,299.0,-0.33,44195.0,460.1,320.5
SBL,1/12/2025,300.0,303.0,294.6,295.0,-1.34,16009.0,460.1,320.5
SBL,1/13/2025,295.0,299.0,294.1,295.5,0.17,49316.0,460.1,320.5
SBL,1/15/2025,296.0,297.9,290.1,293.0,-0.85,33759.0,460.1,320.5
SBL,1/16/2025,291.1,295.0,287.5,290.0,-1.02,55630.0,460.1,320.5
SBL,1/19/2025,287.0,290.2,285.0,290.2,0.07,20388.0,460.1,320.5
SBL,1/20/2025,290.2,290.2,280.0,281.0,-3.17,48103.0,460.1,320.5
SBL,1/21/2025,281.0,283.0,276.6,277.9,-1.1,30934.0,460.1,320.5
SBL,1/22/2025,277.0,296.8,275.0,284.9,2.52,80035.0,460.1,320.5
SBL,1/23/2025,285.0,290.0,278.0,282.0,-1.02,66965.0,460.1,320.5
SBL,1/26/2025,277.0,284.0,275.1,277.0,-1.77,45539.0,460.1,320.5
SBL,1/27/2025,277.0,279.0,272.2,274.0,-1.08,48660.0,460.1,320.5
SBL,1/28/2025,274.0,286.0,272.0,286.0,4.38,87577.0,460.1,320.5
SBL,2/2/2025,286.0,289.0,274.7,286.0,0.0,97466.0,460.1,320.5
SBL,2/3/2025,288.0,291.0,282.0,285.0,-0.35,89950.0,460.1,320.5
SBL,2/4/2025,289.9,292.0,281.0,283.0,-0.7,68979.0,460.1,320.5
SBL,2/5/2025,287.6,287.6,280.0,283.7,0.25,59555.0,460.1,320.5
SBL,2/6/2025,287.9,287.9,279.1,280.0,-1.3,61646.0,460.1,320.5
SBL,2/9/2025,275.0,290.7,275.0,278.2,-0.64,54785.0,460.1,320.5
SBL,2/10/2025,275.0,283.7,275.0,279.5,0.47,37347.0,460.1,320.5
SBL,2/11/2025,274.0,284.0,274.0,278.9,-0.21,26966.0,460.1,320.5
SBL,2/12/2025,274.0,285.0,274.0,278.2,-0.25,35966.0,460.1,320.5
SBL,2/13/2025,275.0,280.0,275.0,277.0,-0.43,12559.0,460.1,320.5
SBL,2/16/2025,275.7,283.4,275.7,280.8,1.37,53468.0,460.1,320.5
SBL,2/17/2025,277.0,289.6,277.0,288.4,2.71,48450.0,460.1,320.5
SBL,2/18/2025,294.1,294.1,284.1,289.0,0.21,75891.0,460.1,320.5
SBL,2/20/2025,284.0,290.0,283.3,286.4,-0.9,20109.0,460.1,320.5
SBL,2/23/2025,281.0,298.0,281.0,288.0,0.56,65898.0,460.1,320.5
SBL,2/24/2025,282.3,295.0,282.3,288.0,0.0,81645.0,460.1,320.5
SBL,2/25/2025,282.3,293.6,281.0,290.0,0.69,37722.0,460.1,320.5
SBL,2/27/2025,295.0,304.0,293.5,300.9,3.76,177270.0,460.1,320.5
SBL,3/2/2025,294.9,310.0,294.9,309.0,2.69,103551.0,460.1,320.5
SBL,3/3/2025,313.0,313.0,300.0,304.0,-1.62,92050.0,460.1,320.5
SBL,3/4/2025,298.0,314.0,298.0,305.0,0.33,129395.0,460.1,320.5
SBL,3/5/2025,311.0,311.0,296.0,298.0,-2.3,56250.0,460.1,320.5
SBL,3/6/2025,303.5,303.5,295.7,296.9,-0.37,26390.0,460.1,320.5
SBL,3/9/2025,296.9,297.0,290.0,292.0,-1.65,56873.0,460.1,320.5
SBL,3/10/2025,294.8,295.0,286.0,289.5,-0.86,22408.0,460.1,320.5
SBL,3/11/2025,285.5,292.0,285.5,289.7,0.07,31813.0,460.1,320.5
SBL,3/12/2025,290.0,294.0,288.0,291.9,0.76,10392.0,460.1,320.5
SBL,3/16/2025,286.1,295.8,285.0,290.0,-0.65,31716.0,460.1,320.5
SBL,3/17/2025,294.8,294.8,284.3,289.0,-0.34,13819.0,460.1,320.5
SBL,3/18/2025,294.7,294.7,286.1,288.0,-0.35,12984.0,460.1,320.5
SBL,3/19/2025,287.1,290.9,286.2,287.0,-0.35,24740.0,460.1,320.5
SBL,3/20/2025,285.1,288.0,283.0,283.31,-1.29,17768.0,460.1,320.5
SBL,3/23/2025,282.0,283.5,278.0,278.38,-1.74,35525.0,460.1,320.5
SBL,3/24/2025,276.0,281.5,276.0,280.7,0.83,18873.0,460.1,320.5
SBL,3/25/2025,279.0,279.0,275.0,276.09,-1.64,26764.0,460.1,320.5
SBL,3/26/2025,281.0,281.0,271.5,278.05,0.71,33681.0,460.1,320.5
SBL,3/27/2025,283.6,293.0,280.0,289.62,4.16,45354.0,460.1,320.5
SBL,3/30/2025,294.9,295.6,288.0,292.72,1.07,59608.0,460.1,320.5
SBL,4/1/2025,286.9,292.5,286.9,290.98,-0.59,24697.0,460.1,320.5
SBL,4/2/2025,296.7,296.7,285.2,289.76,-0.42,33172.0,460.1,320.5
SBL,4/3/2025,294.0,299.0,285.0,290.36,0.21,39267.0,460.1,320.5
SBL,4/7/2025,295.0,300.0,285.0,288.29,-0.71,11041.0,460.1,320.5
SBL,4/8/2025,283.0,293.5,282.0,284.42,-1.34,14208.0,460.1,320.5
SBL,4/9/2025,290.0,290.0,282.7,283.86,-0.2,10388.0,460.1,320.5
SBL,4/10/2025,289.5,294.0,282.3,284.39,0.19,7474.0,460.1,320.5
SBL,4/13/2025,289.9,289.9,280.2,283.37,-0.36,9054.0,460.1,320.5
SBL,4/15/2025,289.0,289.0,282.5,284.95,0.56,17057.0,460.1,320.5
SBL,4/16/2025,290.0,290.0,284.6,288.77,1.34,15599.0,460.1,320.5
SBL,4/17/2025,290.0,295.0,286.2,291.4,0.91,35560.0,460.1,320.5
SBL,4/20/2025,285.6,301.0,283.1,286.08,-1.83,34008.0,460.1,320.5
SBL,4/21/2025,286.0,291.0,279.4,280.22,-2.05,33749.0,460.1,320.5
SBL,4/22/2025,284.0,284.0,277.0,277.49,-0.97,45426.0,460.1,320.5
SBL,4/23/2025,275.0,276.5,272.3,272.79,-1.69,78824.0,460.1,320.5
SBL,4/24/2025,273.0,279.9,271.0,272.84,0.02,24886.0,460.1,320.5
SBL,4/27/2025,277.9,277.9,270.0,270.23,-0.96,69775.0,460.1,320.5
SBL,4/28/2025,270.0,275.0,270.0,270.03,-0.07,33158.0,460.1,320.5
SBL,4/29/2025,275.3,275.3,264.6,265.59,-1.64,41478.0,460.1,320.5
SBL,4/30/2025,270.8,270.9,261.0,267.08,0.56,45402.0,460.1,320.5
SBL,5/4/2025,272.0,272.0,266.4,267.95,0.33,71483.0,460.1,320.5
SBL,5/5/2025,266.0,271.0,264.0,265.59,-0.88,44496.0,460.1,320.5
SBL,5/6/2025,264.0,268.9,262.5,262.93,-1.0,46151.0,460.1,320.5
SBL,5/7/2025,262.5,275.0,261.0,271.0,3.07,64545.0,460.1,320.5
SBL,5/8/2025,268.0,275.5,266.1,269.55,-0.54,47752.0,460.1,320.5
SBL,5/11/2025,264.2,273.9,264.2,271.24,0.63,47947.0,460.1,320.5
SBL,5/13/2025,268.2,276.9,268.2,274.11,1.06,35715.0,460.1,320.5
SBL,5/14/2025,274.1,276.5,271.0,274.06,-0.02,48604.0,460.1,320.5
SBL,5/15/2025,276.0,276.0,271.0,272.05,-0.73,34117.0,460.1,320.5
SBL,5/18/2025,270.0,276.5,270.0,273.58,0.56,48070.0,460.1,320.5
SBL,5/19/2025,278.9,279.0,273.0,277.07,1.28,82173.0,460.1,320.5
SBL,5/20/2025,275.1,287.5,275.1,286.06,3.24,35429.0,460.1,320.5
SBL,5/21/2025,290.5,303.0,286.8,287.26,0.42,88074.0,460.1,320.5
SBL,5/22/2025,288.0,305.0,288.0,298.47,3.9,160944.0,460.1,320.5
SBL,5/25/2025,300.0,303.0,292.7,297.98,-0.16,110871.0,460.1,320.5
SBL,5/26/2025,303.9,309.0,298.9,299.98,0.67,79993.0,460.1,320.5
SBL,5/27/2025,295.0,304.0,295.0,302.83,0.95,166265.0,460.1,320.5
SBL,5/28/2025,302.8,307.7,297.0,304.72,0.62,81458.0,460.1,320.5
SBL,6/2/2025,308.0,311.0,305.1,306.14,0.47,113892.0,460.1,320.5
SBL,6/3/2025,303.0,306.0,299.0,300.13,-1.96,90287.0,460.1,320.5
SBL,6/4/2025,297.0,302.0,297.0,298.59,-0.51,45760.0,460.1,320.5
SBL,6/5/2025,299.0,300.0,293.3,295.22,-1.13,42600.0,460.1,320.5
SBL,6/8/2025,293.0,295.0,291.0,293.12,-0.71,59740.0,460.1,320.5
SBL,6/9/2025,295.0,298.8,292.1,297.4,1.46,65005.0,460.1,320.5
SBL,6/10/2025,300.0,303.0,295.0,301.66,1.43,76324.0,460.1,320.5
SBL,6/11/2025,301.0,305.0,299.3,302.52,0.29,446787.0,460.1,320.5
SBL,6/12/2025,302.0,306.5,300.3,305.01,0.82,65909.0,460.1,320.5
SBL,6/15/2025,299.0,307.0,299.0,304.95,-0.02,53080.0,460.1,320.5
SBL,6/16/2025,301.0,310.0,301.0,306.78,0.6,125348.0,460.1,320.5
SBL,6/17/2025,305.1,310.9,305.0,308.1,0.43,52289.0,460.1,320.5
SBL,6/18/2025,308.1,312.0,303.0,309.79,0.55,105004.0,460.1,320.5
SBL,6/19/2025,312.5,312.5,307.0,307.4,-0.77,81975.0,460.1,320.5
SBL,6/22/2025,305.0,308.0,304.0,304.19,-1.04,92300.0,460.1,320.5
SBL,6/23/2025,300.1,306.0,300.1,304.29,0.03,47725.0,460.1,320.5
SBL,6/24/2025,310.0,310.0,305.0,307.43,1.03,75921.0,460.1,320.5
SBL,6/25/2025,310.0,310.0,303.8,305.98,-0.47,79701.0,460.1,320.5
SBL,6/26/2025,302.0,308.0,301.8,305.59,-0.13,42654.0,460.1,320.5
SBL,6/29/2025,305.0,311.5,305.0,310.72,1.68,82774.0,460.1,320.5
SBL,6/30/2025,316.9,320.0,310.5,317.29,2.11,127421.0,460.1,320.5
SBL,7/1/2025,323.0,331.0,317.2,329.28,3.78,164346.0,460.1,320.5
SBL,7/2/2025,333.0,343.9,327.0,339.48,3.1,293021.0,460.1,320.5
SBL,7/3/2025,339.0,341.2,333.0,338.06,-0.42,269922.0,460.1,320.5
SBL,7/6/2025,337.0,343.0,335.1,339.85,0.53,176466.0,460.1,320.5
SBL,7/7/2025,341.0,347.0,336.5,342.0,0.63,282846.0,460.1,320.5
SBL,7/8/2025,346.0,348.8,337.0,338.15,-1.13,227962.0,460.1,320.5
SBL,7/9/2025,340.0,344.4,338.0,343.48,1.58,249257.0,460.1,320.5
SBL,7/10/2025,348.0,359.0,341.9,356.96,3.92,471463.0,460.1,320.5
SBL,7/13/2025,364.0,376.0,359.7,365.78,2.47,504481.0,460.1,320.5
SBL,7/14/2025,373.0,373.0,357.1,357.73,-2.2,261406.0,460.1,320.5
SBL,7/15/2025,356.0,377.0,356.0,374.1,4.58,468205.0,460.1,320.5
SBL,7/16/2025,379.5,403.0,375.0,383.77,2.58,567833.0,460.1,320.5
SBL,7/17/2025,391.3,408.0,383.2,387.23,0.9,450633.0,460.1,320.5
SBL,7/20/2025,394.0,394.0,377.0,380.29,-1.79,448405.0,460.1,320.5
SBL,7/21/2025,376.4,390.0,376.4,385.01,1.24,276819.0,460.1,320.5
SBL,7/22/2025,389.9,404.0,380.3,393.86,2.3,444337.0,460.1,320.5
SBL,7/23/2025,386.0,401.0,386.0,393.32,-0.14,221199.0,460.1,320.5
SBL,7/24/2025,399.0,399.0,388.0,388.29,-1.28,202557.0,460.1,320.5
SBL,7/27/2025,392.5,392.5,385.0,387.32,-0.25,177687.0,460.1,320.5
SBL,7/28/2025,380.1,391.0,380.1,389.66,0.6,279454.0,460.1,320.5
SBL,7/29/2025,397.4,397.4,386.4,392.25,0.66,240351.0,460.1,320.5
SBL,7/30/2025,397.0,397.0,382.0,384.42,-2.0,130827.0,460.1,320.5
SBL,7/31/2025,390.0,390.0,377.1,379.74,-1.22,278021.0,460.1,320.5
SBL,8/3/2025,386.0,386.0,363.0,366.99,-3.36,179070.0,460.1,320.5
SBL,8/4/2025,374.0,375.0,361.1,373.92,1.89,108246.0,460.1,320.5
SBL,8/5/2025,367.7,381.0,367.7,373.37,-0.15,72672.0,460.1,320.5
SBL,8/6/2025,380.6,380.6,365.0,368.4,-1.33,118225.0,460.1,320.5
SBL,8/7/2025,373.0,373.0,369.0,371.58,0.86,68492.0,460.1,320.5
SBL,8/11/2025,379.0,383.0,376.0,380.32,2.35,259072.0,460.1,320.5
SBL,8/12/2025,372.9,383.0,372.9,376.35,-1.04,109978.0,460.1,320.5
SBL,8/13/2025,380.0,380.6,373.0,374.89,-0.39,73163.0,460.1,320.5
SBL,8/14/2025,378.1,378.1,368.0,369.19,-1.52,179427.0,460.1,320.5
SBL,8/17/2025,370.3,370.3,363.7,364.11,-1.38,100763.0,460.1,320.5
SBL,8/18/2025,363.6,366.0,356.0,364.64,0.15,163673.0,460.1,320.5
SBL,8/19/2025,367.5,367.5,359.0,367.01,0.65,52439.0,460.1,320.5
SBL,8/20/2025,360.0,367.8,360.0,363.4,-0.98,45497.0,460.1,320.5
SBL,8/21/2025,366.0,366.0,363.1,364.44,0.29,34463.0,460.1,320.5
SBL,8/24/2025,367.0,367.0,360.0,361.87,-0.71,54021.0,460.1,320.5
SBL,8/25/2025,360.1,361.8,356.6,361.19,-0.19,84939.0,460.1,320.5
SBL,8/26/2025,364.9,365.0,360.0,362.1,0.25,44050.0,460.1,320.5
SBL,8/27/2025,369.3,375.0,362.0,371.47,2.59,107818.0,460.1,320.5
SBL,8/28/2025,378.0,380.0,369.4,376.27,1.29,141489.0,460.1,320.5
SBL,8/31/2025,379.0,380.0,372.0,376.42,0.04,140397.0,460.1,320.5
SBL,9/1/2025,383.0,390.8,373.0,388.77,3.28,443158.0,460.1,320.5
SBL,9/2/2025,396.5,398.8,385.4,389.22,0.12,171936.0,460.1,320.5
SBL,9/3/2025,392.0,392.0,380.0,381.76,-1.92,197617.0,460.1,320.5
SBL,9/4/2025,389.0,389.0,373.7,377.82,-1.03,92399.0,460.1,320.5
SBL,9/7/2025,380.0,380.0,373.0,375.01,-0.74,127328.0,460.1,320.5
SBL,9/8/2025,372.0,377.9,367.8,372.25,-0.74,132615.0,460.1,320.5
SBL,9/18/2025,365.0,365.0,344.1,364.0,-2.22,12516.0,460.1,320.5
SBL,9/21/2025,356.8,371.0,350.1,361.04,-0.81,145988.0,460.1,320.5
SBL,9/23/2025,366.0,366.0,358.0,362.0,0.27,45749.0,460.1,320.5
SBL,9/24/2025,365.0,365.0,354.5,357.6,-1.22,41696.0,460.1,320.5
SBL,9/25/2025,356.0,358.0,352.0,356.0,-0.45,18084.0,460.1,320.5
SBL,9/28/2025,360.0,363.1,357.3,360.0,1.12,20952.0,460.1,320.5
SBL,10/7/2025,365.0,365.0,353.1,353.5,-1.81,32950.0,460.1,320.5
SBL,10/8/2025,350.0,364.0,348.0,353.0,-0.14,141815.0,460.1,320.5
SBL,10/9/2025,358.4,374.0,356.3,357.5,1.27,99655.0,460.1,320.5
SBL,10/12/2025,357.0,360.0,340.0,344.9,-3.52,127035.0,460.1,320.5
SBL,10/13/2025,351.7,351.7,341.0,347.5,0.75,64922.0,460.1,320.5
SBL,10/14/2025,352.0,360.0,346.1,346.3,-0.35,32806.0,460.1,320.5
SBL,10/15/2025,342.1,352.0,342.1,346.6,0.09,33852.0,460.1,320.5
SBL,10/16/2025,353.0,353.0,342.1,342.9,-1.07,70963.0,460.1,320.5
SBL,10/19/2025,342.9,353.0,342.9,351.5,2.51,32320.0,460.1,320.5
SBL,10/26/2025,352.0,352.0,344.5,351.0,-0.14,23638.0,460.1,320.5
SBL,10/28/2025,348.0,366.0,344.2,361.1,2.88,70085.0,460.1,320.5
SBL,10/29/2025,356.2,366.0,356.2,363.0,0.53,58010.0,460.1,320.5
SBL,10/30/2025,358.0,364.0,357.0,363.7,0.19,185452.0,460.1,320.5
SBL,11/2/2025,370.0,370.0,359.0,367.0,0.91,245403.0,460.1,320.5
SBL,11/3/2025,346.5,349.5,345.0,345.0,-5.99,64848.0,460.1,320.5
SBL,11/4/2025,345.0,346.0,339.2,340.0,-1.45,255671.0,460.1,320.5
SBL,11/5/2025,340.0,345.0,336.2,338.5,-0.44,35681.0,460.1,320.5
SBL,11/6/2025,339.0,343.0,338.5,338.5,0.0,92480.0,460.1,320.5
SBL,11/9/2025,339.0,339.0,331.5,335.0,-1.03,54931.0,460.1,320.5
SBL,11/10/2025,331.5,337.5,329.5,332.0,-0.9,49458.0,460.1,320.5
SBL,11/11/2025,330.2,335.0,327.2,335.0,0.9,92679.0,460.1,320.5
SBL,11/12/2025,332.0,335.0,324.4,328.8,-1.85,91138.0,460.1,320.5
SBL,11/13/2025,334.9,334.9,325.0,326.9,-0.58,33648.0,460.1,320.5
SBL,11/16/2025,326.9,333.0,322.0,325.5,-0.43,22393.0,460.1,320.5
SBL,11/17/2025,326.8,348.0,320.5,320.6,-1.51,89176.0,460.1,320.5
SBL,11/18/2025,327.0,329.7,321.7,324.0,1.06,66042.0,460.1,320.5
SBL,11/19/2025,322.5,327.9,321.3,322.7,-0.4,16598.0,460.1,320.5
SBL,11/20/2025,328.7,328.7,322.5,325.9,0.99,17891.0,460.1,320.5
SBL,11/23/2025,331.0,332.0,326.2,331.9,1.84,30908.0,460.1,320.5
SBL,11/24/2025,335.0,340.0,333.0,339.6,2.32,81537.0,460.1,320.5
SBL,11/25/2025,340.0,342.0,336.0,341.3,0.5,63502.0,460.1,320.5
SBL,11/26/2025,336.2,343.4,336.2,343.4,0.62,36872.0,460.1,320.5
SBL,11/27/2025,341.0,352.3,341.0,352.0,2.5,123772.0,460.1,320.5
SBL,11/30/2025,357.9,357.9,351.0,352.3,0.09,196984.0,460.1,320.5
SBL,12/1/2025,351.9,354.0,347.0,352.5,0.06,62397.0,460.1,320.5
SBL,12/2/2025,352.5,359.0,350.0,355.0,0.71,84747.0,460.1,320.5
SBL,12/3/2025,352.0,355.8,349.1,352.0,-0.85,41115.0,460.1,320.5
SBL,12/7/2025,346.5,352.4,346.3,348.0,-1.14,59028.0,460.1,320.5
SBL,12/8/2025,348.0,350.0,343.0,348.0,0.0,37745.0,460.1,320.5
SBL,12/9/2025,350.0,353.0,349.0,353.0,1.44,66334.0,460.1,320.5
SBL,12/10/2025,355.0,358.9,348.5,350.0,-0.85,40469.0,460.1,320.5
SBL,12/11/2025,350.0,354.9,346.1,350.0,0.0,40103.0,460.1,320.5
SBL,12/14/2025,345.0,351.4,343.3,350.0,0.0,77219.0,460.1,320.5
SBL,12/15/2025,350.0,351.0,345.0,350.9,0.26,21761.0,460.1,320.5
SBL,12/16/2025,356.0,356.0,349.0,352.0,0.31,19823.0,460.1,320.5
SBL,12/17/2025,350.1,363.0,350.1,359.8,2.22,99086.0,460.1,320.5
SBL,12/18/2025,360.0,379.0,355.1,362.0,0.61,124241.0,460.1,320.5
SBL,12/21/2025,355.0,366.0,355.0,360.0,-0.55,132362.0,460.1,320.5
SBL,12/22/2025,354.0,365.0,354.0,355.7,-1.19,116949.0,460.1,320.5
SBL,12/23/2025,356.0,362.9,355.4,360.6,1.38,56783.0,460.1,320.5
SBL,12/24/2025,356.0,377.0,356.0,374.9,3.97,171595.0,460.1,320.5
SBL,12/28/2025,378.8,382.5,370.0,381.5,1.76,200082.0,460.1,320.5
SBL,12/29/2025,375.5,385.0,375.5,380.0,-0.39,109535.0,460.1,320.5
SBL,12/31/2025,380.0,382.5,375.0,376.9,-0.82,67953.0,460.1,320.5
SBL,1/1/2026,377.0,378.4,371.0,376.8,-0.03,64976.0,460.1,320.5
SBL,1/4/2026,369.3,379.7,369.3,372.0,-1.27,45446.0,460.1,320.5
SBL,1/5/2026,370.0,390.0,370.0,380.0,2.15,133269.0,460.1,320.5
SBL,1/6/2026,378.6,416.0,378.6,389.1,2.39,423212.0,460.1,320.5
SBL,1/7/2026,382.0,396.8,382.0,391.1,0.51,104536.0,460.1,320.5
SBL,1/8/2026,391.1,398.9,390.0,397.9,1.74,188567.0,460.1,320.5
SBL,1/12/2026,400.0,400.1,390.6,390.6,-1.83,113557.0,460.1,320.5
SBL,1/13/2026,387.0,398.0,384.0,385.1,-1.41,146541.0,460.1,320.5
SBL,1/14/2026,380.0,399.0,380.0,385.8,0.18,79807.0,460.1,320.5
SBL,1/18/2026,387.0,393.0,385.6,388.9,0.8,69431.0,460.1,320.5
SBL,1/20/2026,394.5,394.5,389.0,391.0,0.54,81925.0,460.1,320.5
SBL,1/21/2026,395.0,395.0,387.0,392.0,0.26,76577.0,460.1,320.5
SBL,1/22/2026,399.0,399.0,387.2,392.0,0.0,80907.0,460.1,320.5
SBL,1/25/2026,395.0,396.0,388.4,396.0,1.02,110791.0,460.1,320.5
SBL,1/26/2026,397.0,405.9,396.0,398.0,0.51,119138.0,460.1,320.5
SBL,1/27/2026,396.1,396.1,387.0,387.0,-2.76,73856.0,460.1,320.5
SBL,1/28/2026,394.0,394.0,388.1,391.7,1.21,128404.0,460.1,320.5
SBL,1/29/2026,395.1,399.0,388.0,388.0,-0.94,136451.0,460.1,320.5
SBL,2/1/2026,394.0,394.0,385.1,385.1,-0.75,212430.0,460.1,320.5
SBL,2/2/2026,385.5,390.0,383.2,386.3,0.31,90624.0,460.1,320.5
SBL,2/3/2026,386.2,388.6,378.6,384.0,-0.6,213382.0,460.1,320.5
SBL,2/4/2026,377.0,386.0,377.0,380.8,-0.83,96786.0,460.1,320.5
SBL,2/5/2026,378.2,386.0,378.1,384.8,1.05,99484.0,460.1,320.5
SBL,2/8/2026,380.1,387.0,379.5,380.0,-1.25,51089.0,460.1,320.5
SBL,2/9/2026,380.1,383.0,367.6,374.0,-1.58,109072.0,460.1,320.5
SBL,2/10/2026,374.0,378.0,372.0,374.0,0.0,84094.0,460.1,320.5
SBL,2/11/2026,375.0,382.0,368.0,373.0,-0.27,154195.0,460.1,320.5
SBL,2/12/2026,372.0,375.0,368.5,371.5,-0.4,73398.0,460.1,320.5
SBL,2/16/2026,370.1,373.1,368.5,372.0,0.13,54304.0,460.1,320.5
SBL,2/17/2026,375.9,375.9,370.0,373.0,0.27,67739.0,460.1,320.5
SBL,2/22/2026,378.4,378.4,368.5,373.4,0.11,123587.0,460.1,320.5
SBL,2/23/2026,372.0,375.1,367.6,373.7,0.08,21730.0,460.1,320.5
SBL,2/24/2026,372.0,378.0,370.0,375.0,0.35,61772.0,460.1,320.5
SBL,2/25/2026,380.0,380.0,375.0,376.5,0.4,28953.0,460.1,320.5
SBL,2/26/2026,384.0,384.0,375.0,376.0,-0.13,34496.0,460.1,320.5
SBL,2/27/2026,384.0,384.0,375.0,376.0,0.0,34496.0,460.1,320.5
SBL,2/28/2026,384.0,384.0,375.0,376.0,0.0,34496.0,460.1,320.5
SBL,3/2/2026,372.1,390.0,370.5,381.8,1.54,67247.0,460.1,320.5
SBL,3/3/2026,389.4,389.4,381.8,386.4,1.2,90817.0,460.1,320.5
SBL,3/4/2026,389.4,389.4,381.8,386.4,0.0,90817.0,460.1,320.5
SBL,3/5/2026,389.4,389.4,381.8,386.4,0.0,90817.0,460.1,320.5
SBL,3/6/2026,389.4,389.4,381.8,386.4,0.0,90817.0,460.1,320.5
SBL,3/7/2026,389.4,389.4,381.8,386.4,0.0,90817.0,460.1,320.5
SBL,3/8/2026,389.4,389.4,381.8,386.4,0.0,90817.0,460.1,320.5
SBL,3/9/2026,394.1,400.0,394.1,400.0,3.52,60.0,460.1,320.5
SBL,3/10/2026,405.0,405.0,391.1,398.9,-0.28,256460.0,460.1,320.5
SBL,3/11/2026,399.0,405.9,393.2,395.9,-0.75,84292.0,460.1,320.5
SBL,3/12/2026,397.9,402.9,394.4,398.0,0.53,141558.0,460.1,320.5
SBL,3/13/2026,397.9,402.9,394.4,398.0,0.0,141558.0,460.1,320.5
SBL,3/14/2026,397.9,402.9,394.4,398.0,0.0,141558.0,460.1,320.5
SBL,3/15/2026,405.7,405.9,397.0,399.5,0.38,123044.0,460.1,320.5
SBL,3/16/2026,392.0,401.7,392.0,397.7,-0.45,116064.0,460.1,320.5
SBL,3/17/2026,400.0,403.0,395.1,400.0,0.58,83319.0,460.1,320.5
SBL,3/18/2026,400.0,403.0,395.1,400.0,0.0,83319.0,460.1,320.5
SBL,3/19/2026,392.0,415.0,392.0,407.2,1.8,211253.0,460.1,320.5
SBL,3/20/2026,392.0,415.0,392.0,407.2,0.0,211253.0,460.1,320.5
SBL,3/21/2026,392.0,415.0,392.0,407.2,0.0,211253.0,460.1,320.5
SBL,3/22/2026,407.0,419.0,407.0,411.1,0.96,255990.0,460.1,320.5
SBL,3/23/2026,411.1,412.0,406.2,410.0,-0.27,103772.0,460.1,320.5
SBL,3/24/2026,412.0,418.0,408.1,415.7,1.39,257869.0,460.1,320.5
SBL,3/25/2026,424.0,424.0,411.0,412.0,-0.89,200810.0,460.1,320.5
SBL,3/26/2026,415.0,415.0,408.2,412.9,-0.51,95766.0,460.1,320.5
SBL,3/29/2026,412.0,415.0,402.8,406.7,-1.29,252799.0,460.1,320.5
SBL,3/30/2026,400.1,409.0,397.0,406.0,1.47,273764.0,460.1,320.5
SBL,3/31/2026,401.0,406.0,394.0,402.9,0.47,262820.0,460.1,320.5
SBL,4/1/2026,399.1,402.0,392.0,393.6,-1.38,224654.0,460.1,320.5
SBL,4/2/2026,385.8,397.0,385.8,394.0,2.13,108148.0,460.1,320.5
SBL,4/5/2026,388.1,401.8,377.0,379.0,-2.34,350867.0,460.1,320.5
SBL,4/6/2026,378.0,392.0,376.1,389.6,3.07,108492.0,460.1,320.5
SBL,4/7/2026,392.9,396.0,388.0,395.0,0.53,95227.0,460.1,320.5
SBL,4/8/2026,402.9,402.9,390.1,395.2,-1.91,83057.0,460.1,320.5
SBL,4/9/2026,400.9,400.9,393.0,397.0,-0.97,116826.0,460.1,320.5
SBL,4/10/2026,404.0,404.0,389.8,393.0,-2.72,102319.0,460.1,320.5
SBL,4/13/2026,395.0,396.0,389.7,392.0,-0.76,74863.0,460.1,320.5
SBL,4/15/2026,390.0,396.8,389.1,393.9,1.0,187522.0,460.1,320.5
SBL,4/16/2026,392.0,395.0,390.0,395.0,0.77,88049.0,460.1,320.5
SBL,4/17/2026,394.8,395.6,390.0,395.0,0.05,92095.0,460.1,320.5
SBL,4/20/2026,376.0,401.7,376.0,391.0,3.99,76545.0,460.1,320.5
SBL,4/21/2026,391.0,395.0,388.0,390.5,-0.13,102542.0,460.1,320.5
SBL,4/22/2026,392.9,393.0,383.1,390.5,-0.61,71348.0,460.1,320.5
SBL,4/23/2026,390.0,391.0,386.0,391.0,0.26,29755.0,460.1,320.5
SBL,4/24/2026,388.0,392.0,384.0,389.9,0.49,52172.0,460.1,320.5
SBL,4/27/2026,389.9,392.9,384.1,387.3,-0.67,57106.0,460.1,320.5
SBL,4/28/2026,387.3,395.0,388.0,389.0,0.44,46148.0,460.1,320.5
SBL,4/29/2026,389.0,392.0,385.0,386.9,-0.54,70907.0,460.1,320.5
SBL,4/30/2026,368.0,391.0,368.0,389.9,5.95,64239.0,460.1,320.5
SBL,5/4/2026,387.0,390.0,385.0,386.7,-0.08,51148.0,460.1,320.5
SBL,5/5/2026,383.0,388.0,381.0,388.0,1.31,45161.0,460.1,320.5
SBL,5/6/2026,389.0,393.9,387.0,392.0,0.77,36949.0,460.1,320.5
SBL,5/7/2026,373.0,393.0,373.0,392.5,5.23,49946.0,460.1,320.5
SBL,5/8/2026,392.0,393.1,389.9,393.0,0.26,29085.0,460.1,320.5
SBL,5/11/2026,394.0,397.0,393.0,395.1,0.28,54640.0,460.1,320.5
SBL,5/12/2026,398.5,398.5,394.1,395.5,-0.75,101471.0,460.1,320.5
SBL,5/13/2026,396.5,396.5,387.0,393.5,-0.76,48329.0,460.1,320.5
SBL,5/14/2026,397.5,397.5,390.0,393.0,-1.13,57260.0,460.1,320.5
SBL,5/15/2026,374.0,396.0,374.0,392.5,4.95,64638.0,460.1,320.5
SBL,5/18/2026,393.0,396.0,391.6,396.0,0.76,44876.0,460.1,320.5
SBL,5/19/2026,394.0,398.0,393.3,396.3,0.58,86779.0,460.1,320.5
SBL,5/20/2026,396.0,401.9,395.0,400.9,1.24,59963.0,460.1,320.5
SBL,5/21/2026,402.8,402.8,396.0,396.0,-1.69,83528.0,460.1,320.5
SBL,5/22/2026,396.0,400.9,396.0,400.9,1.24,64525.0,460.1,320.5
SBL,5/25/2026,402.0,403.0,396.5,399.9,-0.52,105729.0,460.1,320.5
SBL,5/26/2026,395.1,404.9,395.1,400.0,1.24,68773.0,460.1,320.5
SBL,5/27/2026,400.0,406.0,400.0,405.0,1.25,123803.0,460.1,320.5
SBL,6/1/2026,406.0,406.0,396.1,402.9,-0.76,109086.0,460.1,320.5
SBL,6/2/2026,402.9,405.0,402.0,404.9,0.5,58504.0,460.1,320.5
SBL,6/3/2026,405.0,406.0,400.0,404.0,-0.25,77358.0,460.1,320.5
SBL,6/4/2026,404.0,404.0,400.0,403.9,-0.02,50784.0,460.1,320.5
SBL,6/5/2026,405.9,405.9,399.1,401.0,-1.21,71065.0,460.1,320.5
SBL,6/8/2026,398.1,400.0,398.1,400.0,0.48,30014.0,460.1,320.5
SBL,6/9/2026,397.0,401.0,396.6,399.9,0.73,50502.0,460.1,320.5
SBL,6/10/2026,396.1,403.0,396.1,402.0,1.49,31016.0,460.1,320.5
SBL,6/11/2026,403.0,403.0,397.0,400.0,-0.74,40760.0,460.1,320.5
SBL,6/12/2026,400.0,401.9,398.0,399.0,-0.25,25197.0,460.1,320.5
SBL,6/15/2026,400.0,404.0,397.1,398.5,-0.38,50132.0,460.1,320.5
SBL,6/16/2026,398.5,400.0,395.0,395.1,-0.85,461883.0,460.1,320.5
SBL,6/17/2026,395.1,399.0,393.8,394.9,-0.05,62233.0,460.1,320.5
SBL,6/18/2026,414.6,414.6,389.1,394.0,-4.97,313284.0,460.1,320.5
SBL,6/19/2026,390.0,395.0,390.0,394.0,1.03,51314.0,460.1,320.5
SBL,6/22/2026,400.0,400.0,391.5,393.5,-1.62,33718.0,460.1,320.5
SBL,6/23/2026,391.2,393.5,390.1,393.0,0.46,60030.0,460.1,320.5
SBL,6/24/2026,394.5,394.8,386.0,391.5,-0.76,134543.0,460.1,320.5
SBL,6/26/2026,392.0,392.0,387.0,388.0,-1.02,49450.0,460.1,320.5
SBL,6/29/2026,392.0,392.0,386.2,387.5,-1.15,49220.0,460.1,320.5
SBL,6/30/2026,388.4,390.0,387.1,387.1,-0.33,344827.0,460.1,320.5
SBL,7/1/2026,390.0,391.0,388.0,389.9,-0.03,69857.0,460.1,320.5
SBL,7/2/2026,391.0,393.9,386.8,393.8,0.72,47940.0,460.1,320.5
SBL,7/3/2026,390.0,395.9,388.0,390.1,0.03,151305.0,460.1,320.5
SBL,7/6/2026,394.8,394.8,379.0,388.4,-1.62,53220.0,460.1,320.5
SBL,7/7/2026,393.9,393.9,388.0,389.7,-1.07,95185.0,460.1,320.5
SBL,7/8/2026,391.0,393.0,388.1,389.1,-0.49,49525.0,460.1,320.5
SBL,7/9/2026,392.0,392.0,388.0,388.3,-0.94,59169.0,460.1,320.5
SBL,7/10/2026,390.0,390.0,387.2,389.9,-0.03,76400.0,460.1,320.5
SBL,7/13/2026,386.7,387.4,385.0,386.0,-0.18,92383.0,460.1,320.5
SBL,7/14/2026,386.0,387.0,383.1,386.0,0.0,104653.0,460.1,320.5
SBL,7/15/2026,386.0,389.0,382.0,387.9,0.49,400291.0,460.1,320.5
SBL,7/16/2026,390.0,395.0,384.0,395.0,1.28,284325.0,460.1,320.5
SBL,7/17/2026,397.0,404.0,395.0,401.0,1.01,106926.0,460.1,320.5
SBL,7/20/2026,381.0,407.0,381.0,400.0,4.99,138847.0,460.1,320.5
SBL,7/21/2026,405.0,406.0,398.0,399.0,-1.48,116064.0,460.1,320.5
SBL,7/22/2026,400.2,403.0,396.1,400.4,0.05,77485.0,460.1,320.5
SBL,7/23/2026,380.4,407.0,380.4,406.0,6.73,113029.0,460.1,320.5
SBL,7/24/2026,402.0,410.9,402.0,410.0,1.99,123839.0,460.1,320.5
SBL,7/27/2026,410.0,416.1,407.2,409.0,-0.24,122070.0,460.1,320.5
SBL,7/28/2026,405.1,414.0,405.0,412.5,1.83,105124.0,460.1,320.5
SBL,7/29/2026,412.4,415.0,409.0,412.9,0.12,91431.0,460.1,320.5
SBL,7/30/2026,392.3,414.0,392.3,410.7,4.69,99488.0,460.1,320.5
SBL,7/31/2026,410.0,417.5,407.2,414.4,1.07,178151.0,460.1,320.5
SBL,8/3/2026,394.0,424.7,394.0,420.0,6.6,247131.0,460.1,320.5
SBL,8/4/2026,420.0,421.9,415.0,417.9,-0.5,402168.0,460.1,320.5
SBL,8/5/2026,417.0,420.0,413.1,417.0,0.0,206225.0,460.1,320.5
SBL,8/6/2026,415.0,416.0,410.5,411.0,-0.96,105901.0,460.1,320.5
SBL,8/7/2026,411.0,412.0,407.0,410.0,-0.24,86200.0,460.1,320.5
SBL,8/10/2026,412.9,412.9,405.0,405.1,-1.89,43011.0,460.1,320.5
SBL,8/11/2026,405.0,410.5,401.3,410.0,1.23,74512.0,460.1,320.5
SBL,8/12/2026,411.0,414.0,408.0,410.9,-0.02,44649.0,460.1,320.5
SBL,8/13/2026,413.0,414.0,407.0,413.5,0.12,54402.0,460.1,320.5
SBL,8/14/2026,414.0,414.0,409.0,411.0,-0.72,54134.0,460.1,320.5
SBL,8/17/2026,414.9,414.9,408.1,409.2,-1.37,107185.0,460.1,320.5
SBL,8/18/2026,410.0,411.2,408.5,408.5,-0.37,61570.0,460.1,320.5
SBL,8/19/2026,407.0,411.0,407.0,408.2,0.29,55032.0,460.1,320.5
SBL,8/20/2026,406.3,412.8,406.2,411.5,1.28,106139.0,460.1,320.5
SBL,8/21/2026,412.0,415.0,411.1,414.0,0.49,115661.0,460.1,320.5
SBL,8/24/2026,414.0,414.0,409.7,412.8,-0.29,76890.0,460.1,320.5
SBL,8/25/2026,412.0,413.8,408.0,411.9,-0.02,66770.0,460.1,320.5
SBL,8/26/2026,408.0,412.8,405.0,408.5,0.12,110122.0,460.1,320.5
SBL,8/27/2026,404.3,412.0,404.2,411.0,1.66,58300.0,460.1,320.5
SBL,8/31/2026,407.0,413.0,406.1,411.0,0.98,47057.0,460.1,320.5
SBL,9/1/2026,411.0,412.0,407.1,407.7,-0.8,118873.0,460.1,320.5
SBL,9/2/2026,407.9,411.0,407.9,408.7,0.2,34952.0,460.1,320.5
SBL,9/3/2026,408.0,414.0,408.0,412.0,0.98,68249.0,460.1,320.5
SBL,9/7/2026,417.0,423.8,415.0,421.5,1.08,154937.0,460.1,320.5
SBL,9/9/2026,442.5,442.5,417.2,425.0,-3.95,115390.0,460.1,320.5
SBL,9/10/2026,420.2,422.7,417.8,417.8,-0.57,81396.0,460.1,320.5
SBL,9/11/2026,418.1,421.7,412.6,419.0,0.22,107170.0,460.1,320.5
SBL,9/14/2026,418.7,423.6,418.7,422.0,0.79,155348.0,460.1,320.5
SBL,9/15/2026,443.0,443.0,423.0,429.5,-3.05,225605.0,460.1,320.5
SBL,9/16/2026,429.5,433.0,425.0,431.0,0.35,164853.0,460.1,320.5
SBL,9/17/2026,440.0,450.0,439.0,447.0,1.59,756922.0,460.1,320.5
SBL,9/18/2026,450.0,452.9,445.1,447.9,-0.47,484794.0,460.1,320.5
SBL,9/22/2026,447.5,459.8,447.5,458.0,2.35,333403.0,460.1,320.5
SBL,9/23/2026,460.0,460.0,455.0,457.0,-0.65,215907.0,460.1,320.5
SBL,9/24/2026,457.0,458.0,456.0,456.8,-0.04,175735.0,460.1,320.5
SBL,9/28/2026,457.0,460.0,457.0,457.7,0.15,270212.0,460.1,320.5
SBL,9/29/2026,457.0,457.8,454.3,0.0,-100.0,298609.0,460.1,320.5
SBL,9/30/2026,458.0,459.0,455.1,455.4,-0.57,325748.0,460.1,320.5
SBL,10/1/2026,457.0,460.1,456.2,459.9,0.63,666560.0,460.1,320.5
SBL,10/2/2026,418.0,418.0,405.0,408.0,-2.39,207130.0,460.1,320.5
SBLD2082,12/21/2025,1097.6,1097.6,1097.6,1097.6,,100.0,1097.6,1045.1
SBLD2082,1/6/2026,1097.6,1097.6,1045.1,1045.2,-4.77,35.0,1097.6,1045.1
SBLD2091,12/21/2025,1090.0,1124.0,1090.0,1102.0,,1078.0,1206.0,109.0
SBLD2091,12/22/2025,1110.0,1112.0,1110.0,1110.1,0.74,260.0,1206.0,109.0
SBLD2091,12/24/2025,1094.0,1094.0,1094.0,1094.0,-1.45,25.0,1206.0,109.0
SBLD2091,12/28/2025,1110.0,1110.0,1101.0,1101.0,0.64,75.0,1206.0,109.0
SBLD2091,12/29/2025,1110.1,1110.1,1110.1,1110.1,0.83,50.0,1206.0,109.0
SBLD2091,12/31/2025,1122.0,1122.0,1122.0,1122.0,1.07,576.0,1206.0,109.0
SBLD2091,1/4/2026,1102.0,1102.0,1102.0,1102.0,-1.78,50.0,1206.0,109.0
SBLD2091,1/7/2026,1082.3,1082.3,1082.3,1082.3,-1.79,25.0,1206.0,109.0
SBLD2091,1/8/2026,1084.0,1105.0,1084.0,1105.0,2.1,150.0,1206.0,109.0
SBLD2091,1/13/2026,1105.0,1124.0,1105.0,1124.0,1.72,475.0,1206.0,109.0
SBLD2091,1/14/2026,1102.0,1102.0,1102.0,1102.0,-1.96,25.0,1206.0,109.0
SBLD2091,1/18/2026,1080.1,1080.1,1074.1,1074.1,-2.53,75.0,1206.0,109.0
SBLD2091,1/21/2026,1058.0,1058.0,1058.0,1058.0,-1.5,25.0,1206.0,109.0
SBLD2091,1/22/2026,1059.0,1065.0,1059.0,1065.0,0.66,50.0,1206.0,109.0
SBLD2091,1/25/2026,1056.4,1056.4,1056.4,1056.4,-0.81,25.0,1206.0,109.0
SBLD2091,1/27/2026,1060.0,1075.0,1060.0,1071.0,1.38,275.0,1206.0,109.0
SBLD2091,1/28/2026,1071.0,1071.0,1071.0,1092.0,1.96,26.0,1206.0,109.0
SBLD2091,2/1/2026,1092.0,1092.0,1080.0,1080.0,-1.1,125.0,1206.0,109.0
SBLD2091,2/2/2026,1085.0,1085.0,1085.0,1085.0,0.46,200.0,1206.0,109.0
SBLD2091,2/3/2026,1085.0,1085.0,1085.0,1094.0,0.83,1.0,1206.0,109.0
SBLD2091,2/8/2026,1093.0,1093.0,1093.0,1093.0,-0.09,1161.0,1206.0,109.0
SBLD2091,2/9/2026,1093.0,1093.0,1093.0,1093.0,0.0,26.0,1206.0,109.0
SBLD2091,2/11/2026,1073.1,1073.1,1073.1,1073.1,-1.82,30.0,1206.0,109.0
SBLD2091,2/12/2026,1073.1,1073.1,1073.1,1073.1,0.0,100.0,1206.0,109.0
SBLD2091,2/16/2026,1062.0,1065.1,1062.0,1065.1,-0.75,191.0,1206.0,109.0
SBLD2091,2/17/2026,1070.0,1076.0,1066.0,1076.0,1.02,200.0,1206.0,109.0
SBLD2091,2/23/2026,1075.0,1075.0,1075.0,1075.0,-0.09,50.0,1206.0,109.0
SBLD2091,2/24/2026,1075.0,1080.0,1075.0,1080.0,0.47,725.0,1206.0,109.0
SBLD2091,2/25/2026,1080.0,1080.0,1080.0,1080.0,0.0,100.0,1206.0,109.0
SBLD2091,2/26/2026,1075.0,1075.0,1075.0,1075.0,-0.46,30.0,1206.0,109.0
SBLD2091,2/27/2026,1075.0,1075.0,1075.0,1075.0,0.0,30.0,1206.0,109.0
SBLD2091,2/28/2026,1075.0,1075.0,1075.0,1075.0,0.0,30.0,1206.0,109.0
SBLD2091,3/2/2026,1096.5,1096.5,1096.5,1096.5,2.0,1452.0,1206.0,109.0
SBLD2091,3/3/2026,1075.0,1075.0,1075.0,1075.0,-1.96,25.0,1206.0,109.0
SBLD2091,3/4/2026,1075.0,1075.0,1075.0,1075.0,0.0,25.0,1206.0,109.0
SBLD2091,3/5/2026,1075.0,1075.0,1075.0,1075.0,0.0,25.0,1206.0,109.0
SBLD2091,3/6/2026,1075.0,1075.0,1075.0,1075.0,0.0,25.0,1206.0,109.0
SBLD2091,3/7/2026,1075.0,1075.0,1075.0,1075.0,0.0,25.0,1206.0,109.0
SBLD2091,3/8/2026,1075.0,1075.0,1075.0,1075.0,0.0,25.0,1206.0,109.0
SBLD2091,3/10/2026,1073.0,1073.0,1065.0,1065.0,-0.93,86.0,1206.0,109.0
SBLD2091,3/11/2026,1061.0,1063.0,1061.0,1063.0,-0.19,100.0,1206.0,109.0
SBLD2091,3/12/2026,1063.0,1084.0,1063.0,1070.2,0.68,146.0,1206.0,109.0
SBLD2091,3/13/2026,1063.0,1084.0,1063.0,1070.2,0.0,146.0,1206.0,109.0
SBLD2091,3/14/2026,1063.0,1084.0,1063.0,1070.2,0.0,146.0,1206.0,109.0
SBLD2091,3/15/2026,1063.1,1091.0,1063.1,1091.0,1.94,475.0,1206.0,109.0
SBLD2091,3/16/2026,1095.0,1095.0,1095.0,1095.0,0.37,25.0,1206.0,109.0
SBLD2091,3/17/2026,1094.9,1094.9,1094.9,1094.9,-0.01,25.0,1206.0,109.0
SBLD2091,3/18/2026,1094.9,1094.9,1094.9,1094.9,0.0,25.0,1206.0,109.0
SBLD2091,3/19/2026,1073.7,1105.0,1073.7,1105.0,0.92,475.0,1206.0,109.0
SBLD2091,3/20/2026,1073.7,1105.0,1073.7,1105.0,0.0,475.0,1206.0,109.0
SBLD2091,3/21/2026,1073.7,1105.0,1073.7,1105.0,0.0,475.0,1206.0,109.0
SBLD2091,3/22/2026,1100.0,1102.0,1090.0,1102.0,-0.27,901.0,1206.0,109.0
SBLD2091,3/23/2026,1102.0,1102.0,1102.0,1102.0,0.0,25.0,1206.0,109.0
SBLD2091,3/24/2026,1080.0,1100.0,1080.0,1100.0,-0.18,50.0,1206.0,109.0
SBLD2091,3/25/2026,1078.0,1078.0,1062.1,1062.1,-3.45,50.0,1206.0,109.0
SBLD2091,3/26/2026,1062.0,1083.2,1062.0,1083.2,2.0,65.0,1206.0,109.0
SBLD2091,3/29/2026,1062.4,1062.4,1062.4,1062.4,0.0,25.0,1206.0,109.0
SBLD2091,4/2/2026,1051.5,1055.0,1051.5,1055.0,0.33,150.0,1206.0,109.0
SBLD2091,4/5/2026,1052.6,1052.6,1052.6,1052.6,0.0,26.0,1206.0,109.0
SBLD2091,4/6/2026,1050.6,1070.0,1050.5,1056.0,0.51,162.0,1206.0,109.0
SBLD2091,4/7/2026,1058.1,1058.1,1058.1,1058.1,0.0,25.0,1206.0,109.0
SBLD2091,4/10/2026,1048.5,1069.0,1048.5,1069.0,1.96,43.0,1206.0,109.0
SBLD2091,4/13/2026,1070.0,1070.0,1070.0,1070.0,0.0,100.0,1206.0,109.0
SBLD2091,4/20/2026,1070.0,1070.0,1070.0,1070.0,0.0,22.0,1206.0,109.0
SBLD2091,4/23/2026,1068.0,1068.0,1068.0,1068.0,0.0,50.0,1206.0,109.0
SBLD2091,4/24/2026,1068.0,1087.0,1060.0,1087.0,1.78,75.0,1206.0,109.0
SBLD2091,4/27/2026,1087.0,1063.0,1054.7,1063.0,-2.21,75.0,1206.0,109.0
SBLD2091,4/28/2026,1063.0,1065.0,1065.0,1065.0,0.19,25.0,1206.0,109.0
SBLD2091,4/29/2026,1065.0,1080.0,1051.5,1080.0,1.41,78.0,1206.0,109.0
SBLD2091,5/6/2026,1061.0,1074.9,1061.0,1074.9,1.31,324.0,1206.0,109.0
SBLD2091,5/7/2026,1066.0,1066.0,1065.0,1065.0,-0.09,75.0,1206.0,109.0
SBLD2091,5/8/2026,1065.0,1065.0,1065.0,1052.0,-1.22,50.0,1206.0,109.0
SBLD2091,5/14/2026,1080.0,1083.5,1070.0,1070.0,-0.93,515.0,1206.0,109.0
SBLD2091,5/15/2026,1066.0,1066.0,1065.0,1065.0,-0.09,100.0,1206.0,109.0
SBLD2091,5/18/2026,1096.9,1096.9,1067.6,1067.6,-2.67,150.0,1206.0,109.0
SBLD2091,5/19/2026,1067.6,1067.6,1055.1,1055.1,-1.17,95.0,1206.0,109.0
SBLD2091,5/21/2026,1070.0,1082.0,1070.0,1086.0,1.5,58.0,1206.0,109.0
SBLD2091,5/22/2026,1056.1,1061.3,1056.1,1061.3,0.49,55.0,1206.0,109.0
SBLD2091,5/27/2026,1066.0,1066.0,1061.0,1061.0,-0.47,50.0,1206.0,109.0
SBLD2091,6/3/2026,1061.0,1061.0,1061.0,1061.0,0.0,25.0,1206.0,109.0
SBLD2091,6/5/2026,1090.2,1092.8,1090.2,1092.0,0.17,425.0,1206.0,109.0
SBLD2091,6/9/2026,1080.0,1080.0,1080.0,1080.0,0.0,50.0,1206.0,109.0
SBLD2091,6/10/2026,1061.4,1066.2,1045.3,1045.3,-1.52,15224.0,1206.0,109.0
SBLD2091,6/11/2026,1061.2,1076.6,1061.2,1076.6,1.45,55.0,1206.0,109.0
SBLD2091,6/15/2026,1076.1,1080.0,1076.1,1076.1,0.0,75.0,1206.0,109.0
SBLD2091,6/16/2026,1076.0,1080.0,1076.0,1076.1,0.01,379.0,1206.0,109.0
SBLD2091,6/17/2026,1076.1,1076.1,1076.1,1095.0,1.76,2.0,1206.0,109.0
SBLD2091,6/18/2026,1076.0,1076.0,1076.0,1076.0,0.0,25.0,1206.0,109.0
SBLD2091,6/23/2026,1076.0,1076.0,1076.0,1076.0,0.0,50.0,1206.0,109.0
SBLD2091,6/29/2026,1080.0,1080.0,1080.0,1080.0,0.0,25.0,1206.0,109.0
SBLD2091,6/30/2026,1055.0,1080.0,1055.0,1080.0,2.37,125.0,1206.0,109.0
SBLD2091,7/1/2026,1084.9,1084.9,1075.0,1084.0,-0.08,10150.0,1206.0,109.0
SBLD2091,7/7/2026,1090.0,1090.0,1090.0,1090.0,0.0,25.0,1206.0,109.0
SBLD2091,7/9/2026,1082.0,1082.0,1082.0,1082.0,0.0,14.0,1206.0,109.0
SBLD2091,7/13/2026,1070.0,1088.0,1070.0,1080.0,0.93,10100.0,1206.0,109.0
SBLD2091,7/14/2026,1048.9,1082.0,1037.0,1080.0,2.97,113047.0,1206.0,109.0
SBLD2091,7/16/2026,1090.0,1090.0,1090.0,1090.0,0.0,15000.0,1206.0,109.0
SBLD2091,7/17/2026,1080.0,1080.0,1080.0,1080.0,0.0,10.0,1206.0,109.0
SBLD2091,7/21/2026,1055.0,1079.3,1055.0,1079.3,2.3,25866.0,1206.0,109.0
SBLD2091,7/23/2026,1060.0,1060.0,1060.0,1060.0,0.0,81.0,1206.0,109.0
SBLD2091,7/27/2026,1082.9,1085.0,1082.9,1085.0,0.19,130.0,1206.0,109.0
SBLD2091,7/28/2026,1080.0,1080.0,1080.0,1080.0,0.0,350.0,1206.0,109.0
SBLD2091,7/29/2026,1048.1,1048.1,1048.0,1048.0,-0.01,91.0,1206.0,109.0
SBLD2091,7/30/2026,1079.4,1079.4,1065.0,1065.0,-1.33,159.0,1206.0,109.0
SBLD2091,7/31/2026,1065.0,1065.0,1065.0,1065.0,0.0,25.0,1206.0,109.0
SBLD2091,8/3/2026,1065.0,1065.0,1065.0,1065.0,0.0,25.0,1206.0,109.0
SBLD2091,8/5/2026,1060.0,1073.5,1060.0,1073.5,1.27,175.0,1206.0,109.0
SBLD2091,8/11/2026,1055.0,1055.0,1055.0,1055.0,0.0,25.0,1206.0,109.0
SBLD2091,8/12/2026,1041.8,1041.8,1041.8,1041.8,0.0,25.0,1206.0,109.0
SBLD2091,8/13/2026,1031.1,1031.1,1031.1,1031.1,0.0,25.0,1206.0,109.0
SBLD2091,8/14/2026,1062.0,1062.0,1062.0,1062.0,0.0,25.0,1206.0,109.0
SBLD2091,8/18/2026,1079.9,1089.8,1051.0,1082.5,0.24,686.0,1206.0,109.0
SBLD2091,8/19/2026,1080.0,1080.0,1080.0,1080.0,0.0,300.0,1206.0,109.0
SBLD2091,8/24/2026,1060.0,1060.0,1060.0,1060.0,0.0,475.0,1206.0,109.0
SBLD2091,8/25/2026,1060.0,1060.0,1056.0,1056.0,-0.38,65.0,1206.0,109.0
SBLD2091,9/2/2026,1060.0,1060.0,1057.1,1057.1,-0.27,50.0,1206.0,109.0
SBLD2091,9/7/2026,1057.0,1090.0,1057.0,1090.0,3.12,169.0,1206.0,109.0
SBLD2091,9/9/2026,1100.0,1115.0,1082.0,1082.0,-1.64,525.0,1206.0,109.0
SBLD2091,9/10/2026,1086.0,1118.9,1086.0,1118.9,3.03,505.0,1206.0,109.0
SBLD2091,9/11/2026,1115.0,1194.8,1110.0,1194.8,7.16,7758.0,1206.0,109.0
SBLD2091,9/16/2026,1194.69,1206.0,1194.69,1206.0,0.95,8838.0,1206.0,109.0
SBLD2091,10/2/2026,1169.9,1170.0,1169.9,1170.0,0.01,35.0,1206.0,109.0
SBLD83,1/18/2026,1060.4,1060.4,1060.4,1060.4,,50.0,1116.5,1000.0
SBLD83,2/23/2026,1076.0,1076.0,1076.0,1076.0,1.47,105.0,1116.5,1000.0
SBLD83,3/2/2026,1081.0,1093.0,1081.0,1095.0,1.77,100.0,1116.5,1000.0
SBLD83,3/19/2026,1090.0,1116.5,1090.0,1116.5,1.96,115.0,1116.5,1000.0
SBLD83,3/20/2026,1090.0,1116.5,1090.0,1116.5,0.0,115.0,1116.5,1000.0
SBLD83,3/21/2026,1090.0,1116.5,1090.0,1116.5,0.0,115.0,1116.5,1000.0
SBLD83,5/20/2026,1116.5,1116.5,1045.0,1045.0,-6.4,49999.0,1116.5,1000.0
SBLD83,6/8/2026,1045.0,1045.0,1045.0,1042.0,-0.29,4.0,1116.5,1000.0
SBLD83,6/9/2026,1053.0,1053.0,1053.0,1053.0,0.0,49995.0,1116.5,1000.0
SBLD83,6/10/2026,1053.0,1053.0,1053.0,1042.0,-1.04,1.0,1116.5,1000.0
SBLD83,7/10/2026,1052.0,1052.0,1038.0,1038.0,-1.33,52820.0,1116.5,1000.0
SBLD83,7/13/2026,1045.0,1045.0,1045.0,1045.0,0.0,22166.0,1116.5,1000.0
SBLD83,7/14/2026,1054.0,1054.0,1048.0,1048.0,-0.57,44000.0,1116.5,1000.0
SBLD83,7/15/2026,1070.0,1070.0,1054.0,1070.0,0.0,22526.0,1116.5,1000.0
SBLD83,7/23/2026,1040.0,1040.0,1038.0,1038.0,-0.19,93.0,1116.5,1000.0
SBLD83,8/14/2026,1007.0,1007.0,1005.0,1006.2,-0.08,900.0,1116.5,1000.0
SBLD83,8/31/2026,1020.0,1020.0,1000.0,1000.0,-1.96,115.0,1116.5,1000.0
SBLD83,9/1/2026,1015.0,1015.0,1015.0,1015.0,0.0,835.0,1116.5,1000.0
SBLD84,12/21/2025,1065.0,1065.0,1065.0,1080.0,,34.0,1201.0,1016.7
SBLD84,12/28/2025,1095.0,1095.0,1095.0,1095.0,1.39,25.0,1201.0,1016.7
SBLD84,1/5/2026,1115.0,1115.0,1115.0,1093.0,-0.18,180.0,1201.0,1016.7
SBLD84,2/17/2026,1093.0,1093.0,1093.0,1071.2,-1.99,5.0,1201.0,1016.7
SBLD84,2/24/2026,1051.0,1051.0,1051.0,1051.0,-1.89,100.0,1201.0,1016.7
SBLD84,2/25/2026,1051.0,1051.0,1051.0,1051.0,0.0,25.0,1201.0,1016.7
SBLD84,3/2/2026,1048.0,1048.0,1048.0,1048.0,-0.29,25.0,1201.0,1016.7
SBLD84,3/15/2026,1048.0,1048.0,1048.0,1046.0,-0.19,9.0,1201.0,1016.7
SBLD84,3/19/2026,1066.9,1066.9,1066.9,1066.9,2.0,164.0,1201.0,1016.7
SBLD84,3/20/2026,1066.9,1066.9,1066.9,1066.9,0.0,164.0,1201.0,1016.7
SBLD84,3/21/2026,1066.9,1066.9,1066.9,1066.9,0.0,164.0,1201.0,1016.7
SBLD84,3/23/2026,1045.7,1045.7,1045.7,1045.7,-1.99,25.0,1201.0,1016.7
SBLD84,3/25/2026,1045.7,1045.7,1045.7,1050.0,0.41,5.0,1201.0,1016.7
SBLD84,3/30/2026,1045.0,1045.0,1045.0,1045.0,0.0,25.0,1201.0,1016.7
SBLD84,3/31/2026,1065.0,1086.3,1065.0,1086.3,2.0,214.0,1201.0,1016.7
SBLD84,4/5/2026,1090.0,1100.0,1090.0,1100.0,0.92,65.0,1201.0,1016.7
SBLD84,4/9/2026,1100.0,1100.0,1100.0,1100.0,0.0,40.0,1201.0,1016.7
SBLD84,4/20/2026,1100.0,1100.0,1100.0,1100.0,0.0,25.0,1201.0,1016.7
SBLD84,4/27/2026,1100.0,1100.0,1100.0,1100.0,0.0,25.0,1201.0,1016.7
SBLD84,4/29/2026,1100.0,1100.0,1100.0,1100.0,0.0,75.0,1201.0,1016.7
SBLD84,5/4/2026,1100.0,1100.0,1100.0,1100.0,0.0,25.0,1201.0,1016.7
SBLD84,5/5/2026,1100.0,1100.0,1100.0,1100.0,0.0,84.0,1201.0,1016.7
SBLD84,5/12/2026,1100.0,1100.0,1100.0,1100.0,0.0,30.0,1201.0,1016.7
SBLD84,6/1/2026,1067.0,1067.0,1045.0,1045.0,-2.06,109020.0,1201.0,1016.7
SBLD84,6/2/2026,1050.0,1050.0,1045.0,1045.0,-0.48,21245.0,1201.0,1016.7
SBLD84,6/3/2026,1075.0,1201.0,1075.0,1201.0,11.72,108910.0,1201.0,1016.7
SBLD84,6/4/2026,1201.0,1201.0,1075.1,1178.0,-1.92,20043.0,1201.0,1016.7
SBLD84,6/5/2026,1178.0,1178.0,1178.0,1120.0,-4.92,1.0,1201.0,1016.7
SBLD84,6/9/2026,1120.0,1120.0,1073.5,1080.0,-3.57,11117.0,1201.0,1016.7
SBLD84,6/10/2026,1050.0,1050.0,1050.0,1050.0,0.0,16043.0,1201.0,1016.7
SBLD84,6/12/2026,1050.0,1050.0,1050.0,1047.0,-0.29,4.0,1201.0,1016.7
SBLD84,6/15/2026,1078.0,1078.0,1078.0,1078.0,0.0,16043.0,1201.0,1016.7
SBLD84,6/16/2026,1070.0,1070.0,1070.0,1070.0,0.0,50.0,1201.0,1016.7
SBLD84,6/17/2026,1070.0,1070.0,1070.0,1017.0,-4.95,1.0,1201.0,1016.7
SBLD84,6/18/2026,1047.5,1047.5,1047.5,1047.5,0.0,50.0,1201.0,1016.7
SBLD84,6/19/2026,1067.3,1067.3,1067.3,1067.3,0.0,9754.0,1201.0,1016.7
SBLD84,6/23/2026,1067.1,1067.1,1067.1,1067.1,0.0,22.0,1201.0,1016.7
SBLD84,6/24/2026,1068.0,1068.0,1068.0,1068.0,0.0,22.0,1201.0,1016.7
SBLD84,6/26/2026,1050.0,1050.0,1050.0,1050.0,0.0,25.0,1201.0,1016.7
SBLD84,6/30/2026,1065.0,1065.0,1065.0,1065.0,0.0,50.0,1201.0,1016.7
SBLD84,7/1/2026,1065.1,1065.1,1065.0,1065.0,-0.01,50.0,1201.0,1016.7
SBLD84,7/2/2026,1085.0,1085.0,1085.0,1085.0,0.0,82764.0,1201.0,1016.7
SBLD84,7/8/2026,1089.0,1089.0,1089.0,1089.0,0.0,12832.0,1201.0,1016.7
SBLD84,7/9/2026,1060.0,1060.0,1029.0,1029.0,-2.92,5100.0,1201.0,1016.7
SBLD84,7/10/2026,1056.0,1056.1,1056.0,1056.0,0.0,43600.0,1201.0,1016.7
SBLD84,7/13/2026,1037.0,1037.0,1037.0,1037.0,0.0,69.0,1201.0,1016.7
SBLD84,7/14/2026,1060.0,1079.0,1060.0,1079.0,1.79,189908.0,1201.0,1016.7
SBLD84,7/15/2026,1079.0,1079.0,1079.0,1110.0,2.87,1.0,1201.0,1016.7
SBLD84,7/16/2026,1090.0,1090.0,1090.0,1090.0,0.0,48769.0,1201.0,1016.7
SBLD84,7/24/2026,1058.0,1058.0,1058.0,1058.0,0.0,75.0,1201.0,1016.7
SBLD84,7/27/2026,1031.1,1031.1,1031.1,1031.1,0.0,25.0,1201.0,1016.7
SBLD84,8/11/2026,1050.0,1050.0,1050.0,1050.0,0.0,100.0,1201.0,1016.7
SBLD84,8/12/2026,1045.1,1045.1,1045.1,1045.1,0.0,25.0,1201.0,1016.7
SBLD84,8/18/2026,1055.0,1055.0,1055.0,1055.0,0.0,127.0,1201.0,1016.7
SBLD84,8/24/2026,1025.0,1025.0,1025.0,1025.0,0.0,30.0,1201.0,1016.7
SBLD84,9/14/2026,1016.7,1020.1,1016.7,1020.1,0.33,50.0,1201.0,1016.7
SBLD84,9/28/2026,1035.0,1035.0,1035.0,1035.0,0.0,760.0,1201.0,1016.7
SBLD89,1/13/2026,1372.0,1372.0,1372.0,1372.0,,30.0,1450.0,1190.0
SBLD89,1/20/2026,1360.0,1360.0,1314.0,1314.0,-4.23,108.0,1450.0,1190.0
SBLD89,2/11/2026,1314.0,1314.0,1314.0,1314.0,0.0,40.0,1450.0,1190.0
SBLD89,2/16/2026,1290.0,1290.0,1290.0,1290.0,-1.83,50.0,1450.0,1190.0
SBLD89,2/24/2026,1290.0,1290.0,1290.0,1290.0,0.0,10.0,1450.0,1190.0
SBLD89,3/12/2026,1265.0,1265.0,1265.0,1265.0,-1.94,15.0,1450.0,1190.0
SBLD89,3/13/2026,1265.0,1265.0,1265.0,1265.0,0.0,15.0,1450.0,1190.0
SBLD89,3/14/2026,1265.0,1265.0,1265.0,1265.0,0.0,15.0,1450.0,1190.0
SBLD89,3/16/2026,1265.0,1265.0,1265.0,1265.0,0.0,25.0,1450.0,1190.0
SBLD89,3/17/2026,1265.7,1265.7,1265.7,1265.7,0.06,25.0,1450.0,1190.0
SBLD89,3/18/2026,1265.7,1265.7,1265.7,1265.7,0.0,25.0,1450.0,1190.0
SBLD89,3/26/2026,1240.5,1240.5,1240.5,1240.5,0.0,50.0,1450.0,1190.0
SBLD89,3/29/2026,1240.7,1250.0,1240.7,1250.0,0.75,50.0,1450.0,1190.0
SBLD89,3/30/2026,1240.7,1240.7,1240.7,1240.7,0.0,25.0,1450.0,1190.0
SBLD89,4/7/2026,1251.0,1251.0,1251.0,1251.0,0.0,25.0,1450.0,1190.0
SBLD89,4/15/2026,1276.0,1299.0,1276.0,1299.0,1.8,50.0,1450.0,1190.0
SBLD89,4/24/2026,1299.0,1260.1,1260.1,1260.1,-2.99,25.0,1450.0,1190.0
SBLD89,4/27/2026,1260.1,1250.0,1250.0,1250.0,-0.8,25.0,1450.0,1190.0
SBLD89,5/7/2026,1250.0,1250.0,1250.0,1250.0,0.0,25.0,1450.0,1190.0
SBLD89,5/8/2026,1250.0,1250.0,1250.0,1220.0,-2.4,5.0,1450.0,1190.0
SBLD89,5/12/2026,1250.0,1287.5,1250.0,1315.0,5.2,166.0,1450.0,1190.0
SBLD89,5/20/2026,1320.0,1320.0,1320.0,1320.0,0.0,25.0,1450.0,1190.0
SBLD89,5/21/2026,1330.0,1330.0,1330.0,1330.0,0.0,20.0,1450.0,1190.0
SBLD89,5/25/2026,1296.0,1296.0,1291.0,1291.0,-0.39,125.0,1450.0,1190.0
SBLD89,5/27/2026,1255.0,1255.0,1255.0,1255.0,0.0,25.0,1450.0,1190.0
SBLD89,6/1/2026,1235.0,1235.0,1235.0,1272.0,3.0,26.0,1450.0,1190.0
SBLD89,6/5/2026,1241.0,1241.0,1241.0,1241.0,0.0,25.0,1450.0,1190.0
SBLD89,6/8/2026,1241.0,1250.0,1221.0,1250.0,0.73,150.0,1450.0,1190.0
SBLD89,6/10/2026,1287.5,1287.5,1287.5,1287.5,0.0,25.0,1450.0,1190.0
SBLD89,6/11/2026,1275.0,1290.0,1275.0,1280.0,0.39,120.0,1450.0,1190.0
SBLD89,6/12/2026,1275.0,1275.0,1190.0,1190.0,-6.67,97156.0,1450.0,1190.0
SBLD89,6/17/2026,1225.7,1260.0,1225.7,1260.0,2.8,211.0,1450.0,1190.0
SBLD89,6/23/2026,1228.0,1260.0,1228.0,1260.0,2.61,50.0,1450.0,1190.0
SBLD89,6/29/2026,1250.0,1250.0,1250.0,1250.0,0.0,138.0,1450.0,1190.0
SBLD89,6/30/2026,1287.0,1287.5,1287.0,1287.5,0.04,50.0,1450.0,1190.0
SBLD89,7/2/2026,1287.5,1287.5,1220.0,1220.0,-5.24,95840.0,1450.0,1190.0
SBLD89,7/6/2026,1256.6,1293.0,1256.6,1293.0,2.9,5050.0,1450.0,1190.0
SBLD89,7/7/2026,1309.7,1310.0,1309.7,1310.0,0.02,60.0,1450.0,1190.0
SBLD89,7/9/2026,1273.0,1273.1,1270.69,1271.0,-0.16,225110.0,1450.0,1190.0
SBLD89,7/10/2026,1270.68,1282.0,1233.0,1282.0,0.89,177290.0,1450.0,1190.0
SBLD89,7/13/2026,1260.0,1270.0,1235.0,1237.1,-1.82,170682.0,1450.0,1190.0
SBLD89,7/14/2026,1274.2,1300.0,1235.0,1236.0,-3.0,72102.0,1450.0,1190.0
SBLD89,7/16/2026,1273.0,1300.0,1273.0,1300.0,2.12,425.0,1450.0,1190.0
SBLD89,7/17/2026,1261.0,1261.0,1261.0,1261.0,0.0,10.0,1450.0,1190.0
SBLD89,7/20/2026,1265.0,1265.0,1240.0,1240.0,-1.98,45.0,1450.0,1190.0
SBLD89,7/21/2026,1215.0,1235.0,1213.0,1235.0,1.65,425.0,1450.0,1190.0
SBLD89,7/22/2026,1250.0,1251.0,1250.0,1251.0,0.08,750.0,1450.0,1190.0
SBLD89,7/23/2026,1260.0,1270.0,1260.0,1270.0,0.79,600.0,1450.0,1190.0
SBLD89,7/27/2026,1270.0,1271.0,1270.0,1271.0,0.08,9726.0,1450.0,1190.0
SBLD89,7/28/2026,1270.0,1270.0,1260.0,1260.0,-0.79,100.0,1450.0,1190.0
SBLD89,7/29/2026,1271.0,1271.0,1236.0,1236.0,-2.75,4520.0,1450.0,1190.0
SBLD89,7/30/2026,1240.0,1240.0,1240.0,1240.0,0.0,25.0,1450.0,1190.0
SBLD89,8/3/2026,1240.0,1240.0,1240.0,1240.0,0.0,25.0,1450.0,1190.0
SBLD89,8/4/2026,1221.0,1221.0,1221.0,1221.0,0.0,25.0,1450.0,1190.0
SBLD89,8/11/2026,1225.1,1225.1,1225.1,1225.1,0.0,10.0,1450.0,1190.0
SBLD89,8/12/2026,1228.1,1228.1,1228.1,1228.1,0.0,20.0,1450.0,1190.0
SBLD89,8/17/2026,1226.0,1230.0,1226.0,1230.0,0.33,125.0,1450.0,1190.0
SBLD89,8/18/2026,1266.0,1266.0,1266.0,1266.0,0.0,25.0,1450.0,1190.0
SBLD89,8/20/2026,1293.0,1293.0,1278.0,1280.1,-1.0,85.0,1450.0,1190.0
SBLD89,8/21/2026,1285.0,1293.5,1285.0,1293.5,0.66,50.0,1450.0,1190.0
SBLD89,9/16/2026,1297.0,1297.0,1297.0,1297.0,0.0,50.0,1450.0,1190.0
SBLD89,9/24/2026,1270.0,1270.0,1270.0,1270.0,0.0,30.0,1450.0,1190.0
SBLD89,9/30/2026,1250.0,1250.0,1250.0,1250.0,0.0,375.0,1450.0,1190.0
SBLD89,10/2/2026,1287.5,1400.0,1287.5,1360.0,5.63,189541.0,1450.0,1190.0
SBLPO,6/3/2026,216.4,216.4,216.4,216.4,0.0,450000.0,250.0,169.0
SBLPO,6/16/2026,210.0,210.0,210.0,210.0,0.0,244164.0,250.0,169.0
SBLPO,9/28/2026,250.0,250.0,250.0,250.0,0.0,272737.0,250.0,169.0
SBLPO,9/29/2026,250.0,250.0,250.0,0.0,-100.0,110000.0,250.0,169.0
SBLPO,9/30/2026,250.0,250.0,250.0,250.0,0.0,38906.0,250.0,169.0
SCB,6/2/2011,1551.0,1586.0,1550.0,1557.0,,1379.0,712.6,603.0
SCB,6/5/2011,1557.0,1560.0,1490.0,1560.0,0.19,3508.0,712.6,603.0
SCB,6/6/2011,1560.0,1541.0,1490.0,1541.0,-1.22,1182.0,712.6,603.0
SCB,6/7/2011,1541.0,1511.0,1452.0,1474.0,-4.35,420.0,712.6,603.0
SCB,6/8/2011,1474.0,1475.0,1400.0,1400.0,-5.02,1764.0,712.6,603.0
SCB,6/9/2011,1400.0,1428.0,1347.0,1351.0,-3.5,2003.0,712.6,603.0
SCB,6/12/2011,1351.0,1368.0,1340.0,1368.0,1.26,1468.0,712.6,603.0
SCB,6/13/2011,1368.0,1356.0,1340.0,1355.0,-0.95,1453.0,712.6,603.0
SCB,6/14/2011,1355.0,1340.0,1315.0,1334.0,-1.55,1120.0,712.6,603.0
SCB,6/15/2011,1334.0,1315.0,1280.0,1300.0,-2.55,1151.0,712.6,603.0
SCB,6/16/2011,1300.0,1430.0,1290.0,1430.0,10.0,1596.0,712.6,603.0
SCB,6/19/2011,1430.0,1573.0,1458.0,1573.0,10.0,2217.0,712.6,603.0
SCB,6/20/2011,1430.0,1573.0,1458.0,1573.0,0.0,2217.0,712.6,603.0
SCB,6/21/2011,1698.0,1750.0,1700.0,1750.0,11.25,4412.0,712.6,603.0
SCB,6/23/2011,1750.0,1801.0,1750.0,1801.0,2.91,6599.0,712.6,603.0
SCB,6/26/2011,1801.0,1836.0,1620.0,1620.0,-10.05,4486.0,712.6,603.0
SCB,6/27/2011,1620.0,1588.0,1458.0,1458.0,-10.0,1941.0,712.6,603.0
SCB,6/29/2011,1458.0,1576.0,1370.0,1570.0,7.68,506.0,712.6,603.0
SCB,6/30/2011,1570.0,1561.0,1513.0,1560.0,-0.64,1381.0,712.6,603.0
SCB,7/3/2011,1560.0,1559.0,1520.0,1559.0,-0.06,573.0,712.6,603.0
SCB,7/4/2011,1559.0,1570.0,1535.0,1550.0,-0.58,1354.0,712.6,603.0
SCB,7/5/2011,1550.0,1590.0,1550.0,1580.0,1.94,3419.0,712.6,603.0
SCB,7/6/2011,1580.0,1620.0,1575.0,1615.0,2.22,1721.0,712.6,603.0
SCB,7/7/2011,1615.0,1632.0,1585.0,1600.0,-0.93,1477.0,712.6,603.0
SCB,7/10/2011,1600.0,1650.0,1570.0,1640.0,2.5,1426.0,712.6,603.0
SCB,7/11/2011,1640.0,1675.0,1649.0,1649.0,0.55,1019.0,712.6,603.0
SCB,7/12/2011,1649.0,1720.0,1670.0,1671.0,1.33,1431.0,712.6,603.0
SCB,7/13/2011,1671.0,1740.0,1672.0,1700.0,1.74,973.0,712.6,603.0
SCB,7/14/2011,1700.0,1800.0,1690.0,1800.0,5.88,999.0,712.6,603.0
SCB,7/17/2011,1800.0,1980.0,1836.0,1980.0,10.0,655.0,712.6,603.0
SCB,7/18/2011,1980.0,2019.0,1800.0,1846.0,-6.77,1273.0,712.6,603.0
SCB,7/19/2011,1846.0,1895.0,1842.0,1885.0,2.11,1716.0,712.6,603.0
SCB,7/20/2011,1885.0,1960.0,1880.0,1948.0,3.34,2432.0,712.6,603.0
SCB,7/21/2011,1948.0,1994.0,1905.0,1955.0,0.36,1729.0,712.6,603.0
SCB,7/24/2011,1955.0,1954.0,1820.0,1876.0,-4.04,883.0,712.6,603.0
SCB,7/25/2011,1876.0,1839.0,1800.0,1809.0,-3.57,427.0,712.6,603.0
SCB,7/26/2011,1809.0,1801.0,1795.0,1800.0,-0.5,1638.0,712.6,603.0
SCB,7/27/2011,1800.0,1876.0,1800.0,1839.0,2.17,854.0,712.6,603.0
SCB,7/28/2011,1839.0,1860.0,1815.0,1840.0,0.05,569.0,712.6,603.0
SCB,7/31/2011,1840.0,1841.0,1800.0,1832.0,-0.43,331.0,712.6,603.0
SCB,8/1/2011,1832.0,1829.0,1785.0,1825.0,-0.38,429.0,712.6,603.0
SCB,8/2/2011,1825.0,1830.0,1790.0,1830.0,0.27,540.0,712.6,603.0
SCB,8/3/2011,1830.0,1818.0,1790.0,1800.0,-1.64,435.0,712.6,603.0
SCB,8/4/2011,1800.0,1805.0,1790.0,1796.0,-0.22,585.0,712.6,603.0
SCB,8/7/2011,1796.0,1805.0,1805.0,1805.0,0.5,30.0,712.6,603.0
SCB,8/8/2011,1805.0,1815.0,1780.0,1780.0,-1.39,121.0,712.6,603.0
SCB,8/9/2011,1780.0,1745.0,1659.0,1680.0,-5.62,1468.0,712.6,603.0
SCB,8/10/2011,1680.0,1777.0,1690.0,1740.0,3.57,312.0,712.6,603.0
SCB,8/11/2011,1740.0,1750.0,1695.0,1702.0,-2.18,1013.0,712.6,603.0
SCB,8/15/2011,1702.0,1740.0,1698.0,1734.0,1.88,1356.0,712.6,603.0
SCB,8/16/2011,1734.0,1745.0,1734.0,1739.0,0.29,395.0,712.6,603.0
SCB,8/17/2011,1739.0,1743.0,1665.0,1690.0,-2.82,1746.0,712.6,603.0
SCB,8/18/2011,1690.0,1721.0,1700.0,1721.0,1.83,1061.0,712.6,603.0
SCB,8/22/2011,1721.0,1715.0,1680.0,1691.0,-1.74,404.0,712.6,603.0
SCB,8/23/2011,1691.0,1710.0,1691.0,1700.0,0.53,586.0,712.6,603.0
SCB,8/24/2011,1700.0,1703.0,1671.0,1700.0,0.0,263.0,712.6,603.0
SCB,8/25/2011,1700.0,1705.0,1700.0,1705.0,0.29,618.0,712.6,603.0
SCB,8/28/2011,1705.0,1671.0,1534.0,1550.0,-9.09,3311.0,712.6,603.0
SCB,8/29/2011,1550.0,1611.0,1520.0,1611.0,3.94,687.0,712.6,603.0
SCB,8/30/2011,1611.0,1611.0,1568.0,1600.0,-0.68,1331.0,712.6,603.0
SCB,9/1/2011,1600.0,1629.0,1570.0,1590.0,-0.62,1761.0,712.6,603.0
SCB,9/4/2011,1590.0,1600.0,1570.0,1592.0,0.13,653.0,712.6,603.0
SCB,9/5/2011,1592.0,1584.0,1555.0,1555.0,-2.32,1579.0,712.6,603.0
SCB,9/6/2011,1555.0,1549.0,1524.0,1525.0,-1.93,1371.0,712.6,603.0
SCB,9/7/2011,1525.0,1535.0,1492.0,1510.0,-0.98,1132.0,712.6,603.0
SCB,9/8/2011,1510.0,1505.0,1480.0,1480.0,-1.99,670.0,712.6,603.0
SCB,9/12/2011,1480.0,1484.0,1455.0,1460.0,-1.35,724.0,712.6,603.0
SCB,9/13/2011,1460.0,1470.0,1440.0,1465.0,0.34,1317.0,712.6,603.0
SCB,9/14/2011,1465.0,1440.0,1319.0,1325.0,-9.56,3561.0,712.6,603.0
SCB,9/15/2011,1325.0,1395.0,1340.0,1360.0,2.64,385.0,712.6,603.0
SCB,9/18/2011,1360.0,1365.0,1328.0,1365.0,0.37,698.0,712.6,603.0
SCB,9/19/2011,1365.0,1365.0,1365.0,1365.0,0.0,100.0,712.6,603.0
SCB,9/20/2011,1365.0,1392.0,1360.0,1392.0,1.98,217.0,712.6,603.0
SCB,9/21/2011,1392.0,1425.0,1400.0,1415.0,1.65,409.0,712.6,603.0
SCB,9/22/2011,1415.0,1495.0,1430.0,1489.0,5.23,300.0,712.6,603.0
SCB,9/25/2011,1489.0,1490.0,1470.0,1485.0,-0.27,517.0,712.6,603.0
SCB,9/26/2011,1485.0,1501.0,1488.0,1488.0,0.2,160.0,712.6,603.0
SCB,9/27/2011,1488.0,1489.0,1480.0,1487.0,-0.07,281.0,712.6,603.0
SCB,9/29/2011,1487.0,1500.0,1489.0,1489.0,0.13,81.0,712.6,603.0
SCB,10/2/2011,1489.0,1497.0,1488.0,1488.0,-0.07,286.0,712.6,603.0
SCB,10/9/2011,1488.0,1480.0,1480.0,1480.0,-0.54,100.0,712.6,603.0
SCB,10/12/2011,1480.0,1500.0,1480.0,1480.0,0.0,559.0,712.6,603.0
SCB,10/13/2011,1480.0,1480.0,1480.0,1480.0,0.0,43.0,712.6,603.0
SCB,10/16/2011,1480.0,1481.0,1480.0,1480.0,0.0,60.0,712.6,603.0
SCB,10/17/2011,1480.0,1485.0,1452.0,1470.0,-0.68,437.0,712.6,603.0
SCB,10/18/2011,1470.0,1470.0,1445.0,1450.0,-1.36,316.0,712.6,603.0
SCB,10/19/2011,1450.0,1465.0,1435.0,1440.0,-0.69,648.0,712.6,603.0
SCB,10/20/2011,1440.0,1453.0,1430.0,1450.0,0.69,773.0,712.6,603.0
SCB,10/23/2011,1450.0,1445.0,1400.0,1415.0,-2.41,385.0,712.6,603.0
SCB,10/24/2011,1415.0,1412.0,1395.0,1406.0,-0.64,860.0,712.6,603.0
SCB,10/25/2011,1406.0,1401.0,1391.0,1399.0,-0.5,921.0,712.6,603.0
SCB,10/30/2011,1399.0,1400.0,1398.0,1400.0,0.07,381.0,712.6,603.0
SCB,10/31/2011,1400.0,1400.0,1399.0,1400.0,0.0,803.0,712.6,603.0
SCB,11/2/2011,1400.0,1540.0,1428.0,1540.0,10.0,193.0,712.6,603.0
SCB,11/3/2011,1540.0,1601.0,1510.0,1569.0,1.88,1320.0,712.6,603.0
SCB,11/6/2011,1569.0,1565.0,1491.0,1495.0,-4.72,1381.0,712.6,603.0
SCB,11/8/2011,1495.0,1490.0,1470.0,1470.0,-1.67,807.0,712.6,603.0
SCB,11/9/2011,1470.0,1492.0,1441.0,1469.0,-0.07,986.0,712.6,603.0
SCB,11/10/2011,1469.0,1476.0,1425.0,1447.0,-1.5,886.0,712.6,603.0
SCB,11/13/2011,1447.0,1428.0,1390.0,1428.0,-1.31,2180.0,712.6,603.0
SCB,11/14/2011,1428.0,1428.0,1400.0,1400.0,-1.96,712.0,712.6,603.0
SCB,11/15/2011,1400.0,1414.0,1370.0,1371.0,-2.07,2514.0,712.6,603.0
SCB,11/16/2011,1371.0,1352.0,1325.0,1350.0,-1.53,1415.0,712.6,603.0
SCB,11/17/2011,1350.0,1348.0,1347.0,1347.0,-0.22,210.0,712.6,603.0
SCB,11/20/2011,1347.0,1371.0,1341.0,1371.0,1.78,755.0,712.6,603.0
SCB,11/21/2011,1371.0,1350.0,1340.0,1344.0,-1.97,695.0,712.6,603.0
SCB,11/22/2011,1344.0,1344.0,1340.0,1344.0,0.0,525.0,712.6,603.0
SCB,11/23/2011,1344.0,1352.0,1340.0,1350.0,0.45,358.0,712.6,603.0
SCB,11/24/2011,1350.0,1349.0,1340.0,1349.0,-0.07,440.0,712.6,603.0
SCB,11/27/2011,1349.0,1351.0,1339.0,1339.0,-0.74,1269.0,712.6,603.0
SCB,11/28/2011,1339.0,1345.0,1340.0,1340.0,0.07,818.0,712.6,603.0
SCB,12/1/2011,1341.0,1346.0,1340.0,1346.0,0.45,553.0,712.6,603.0
SCB,12/4/2011,1346.0,1345.0,1336.0,1340.0,-0.45,947.0,712.6,603.0
SCB,12/5/2011,1340.0,1345.0,1331.0,1345.0,0.37,1078.0,712.6,603.0
SCB,12/6/2011,1345.0,1348.0,1339.0,1339.0,-0.45,690.0,712.6,603.0
SCB,12/7/2011,1339.0,1345.0,1338.0,1342.0,0.22,361.0,712.6,603.0
SCB,12/8/2011,1342.0,1342.0,1323.0,1328.0,-1.04,1752.0,712.6,603.0
SCB,12/11/2011,1328.0,1328.0,1304.0,1304.0,-1.81,1841.0,712.6,603.0
SCB,12/12/2011,1304.0,1305.0,1290.0,1290.0,-1.07,1126.0,712.6,603.0
SCB,12/13/2011,1290.0,1309.0,1290.0,1300.0,0.78,287.0,712.6,603.0
SCB,12/14/2011,1300.0,1344.0,1326.0,1344.0,3.38,163.0,712.6,603.0
SCB,12/15/2011,1344.0,1336.0,1318.0,1318.0,-1.93,922.0,712.6,603.0
SCB,12/18/2011,1318.0,1305.0,1298.0,1300.0,-1.37,159.0,712.6,603.0
SCB,12/19/2011,1300.0,1326.0,1300.0,1300.0,0.0,322.0,712.6,603.0
SCB,12/20/2011,1300.0,1320.0,1300.0,1320.0,1.54,1033.0,712.6,603.0
SCB,12/21/2011,1320.0,1330.0,1300.0,1300.0,-1.52,375.0,712.6,603.0
SCB,12/22/2011,1300.0,1319.0,1306.0,1306.0,0.46,180.0,712.6,603.0
SCB,12/26/2011,1306.0,1310.0,1300.0,1306.0,0.0,1002.0,712.6,603.0
SCB,12/27/2011,1306.0,1315.0,1300.0,1315.0,0.69,1470.0,712.6,603.0
SCB,12/28/2011,1315.0,1330.0,1306.0,1330.0,1.14,466.0,712.6,603.0
SCB,12/29/2011,1330.0,1350.0,1331.0,1340.0,0.75,223.0,712.6,603.0
SCB,1/1/2012,1340.0,1370.0,1340.0,1355.0,1.12,1155.0,712.6,603.0
SCB,1/2/2012,1355.0,1400.0,1382.0,1390.0,2.58,455.0,712.6,603.0
SCB,1/3/2012,1390.0,1427.0,1390.0,1390.0,0.0,1351.0,712.6,603.0
SCB,1/4/2012,1390.0,1385.0,1349.0,1375.0,-1.08,657.0,712.6,603.0
SCB,1/5/2012,1375.0,1384.0,1350.0,1384.0,0.65,1204.0,712.6,603.0
SCB,1/8/2012,1384.0,1360.0,1325.0,1344.0,-2.89,2337.0,712.6,603.0
SCB,1/9/2012,1344.0,1360.0,1300.0,1334.0,-0.74,2110.0,712.6,603.0
SCB,1/10/2012,1384.0,1375.0,1300.0,1352.0,1.35,1520.0,712.6,603.0
SCB,1/11/2012,1352.0,1399.0,1305.0,1399.0,3.48,904.0,712.6,603.0
SCB,1/12/2012,1399.0,1410.0,1340.0,1410.0,0.79,437.0,712.6,603.0
SCB,1/16/2012,1410.0,1387.0,1341.0,1370.0,-2.84,960.0,712.6,603.0
SCB,1/17/2012,1370.0,1397.0,1370.0,1397.0,1.97,100.0,712.6,603.0
SCB,1/18/2012,1397.0,1370.0,1343.0,1348.0,-3.51,212.0,712.6,603.0
SCB,1/19/2012,1348.0,1374.0,1347.0,1350.0,0.15,375.0,712.6,603.0
SCB,1/22/2012,1350.0,1350.0,1332.0,1340.0,-0.74,1022.0,712.6,603.0
SCB,1/23/2012,1340.0,1350.0,1320.0,1330.0,-0.75,1716.0,712.6,603.0
SCB,1/25/2012,1330.0,1345.0,1315.0,1345.0,1.13,637.0,712.6,603.0
SCB,1/26/2012,1345.0,1330.0,1302.0,1330.0,-1.12,1732.0,712.6,603.0
SCB,1/29/2012,1330.0,1322.0,1320.0,1322.0,-0.6,578.0,712.6,603.0
SCB,1/31/2012,1322.0,1336.0,1308.0,1336.0,1.06,1887.0,712.6,603.0
SCB,2/1/2012,1336.0,1325.0,1325.0,1325.0,-0.82,36.0,712.6,603.0
SCB,2/2/2012,1325.0,1325.0,1310.0,1325.0,0.0,643.0,712.6,603.0
SCB,2/5/2012,1325.0,1338.0,1325.0,1338.0,0.98,75.0,712.6,603.0
SCB,2/6/2012,1338.0,1344.0,1330.0,1344.0,0.45,379.0,712.6,603.0
SCB,2/7/2012,1344.0,1345.0,1338.0,1345.0,0.07,420.0,712.6,603.0
SCB,2/8/2012,1345.0,1345.0,1340.0,1345.0,0.0,200.0,712.6,603.0
SCB,2/9/2012,1345.0,1344.0,1320.0,1324.0,-1.56,1695.0,712.6,603.0
SCB,2/12/2012,1324.0,1332.0,1322.0,1332.0,0.6,2039.0,712.6,603.0
SCB,2/13/2012,1332.0,1344.0,1325.0,1331.0,-0.08,575.0,712.6,603.0
SCB,2/14/2012,1331.0,1336.0,1331.0,1335.0,0.3,571.0,712.6,603.0
SCB,2/15/2012,1335.0,1350.0,1345.0,1350.0,1.12,61.0,712.6,603.0
SCB,2/16/2012,1350.0,1345.0,1330.0,1331.0,-1.41,5547.0,712.6,603.0
SCB,2/21/2012,1331.0,1335.0,1325.0,1333.0,0.15,908.0,712.6,603.0
SCB,2/23/2012,1333.0,1340.0,1334.0,1340.0,0.53,112.0,712.6,603.0
SCB,2/26/2012,1340.0,1365.0,1345.0,1352.0,0.9,202.0,712.6,603.0
SCB,2/27/2012,1352.0,1350.0,1340.0,1345.0,-0.52,1113.0,712.6,603.0
SCB,2/28/2012,1345.0,1360.0,1350.0,1360.0,1.12,639.0,712.6,603.0
SCB,2/29/2012,1360.0,1375.0,1360.0,1366.0,0.44,213.0,712.6,603.0
SCB,3/1/2012,1366.0,1398.0,1368.0,1398.0,2.34,924.0,712.6,603.0
SCB,3/4/2012,1398.0,1395.0,1380.0,1384.0,-1.0,186.0,712.6,603.0
SCB,3/5/2012,1384.0,1396.0,1370.0,1370.0,-1.01,710.0,712.6,603.0
SCB,3/6/2012,1370.0,1383.0,1370.0,1383.0,0.95,220.0,712.6,603.0
SCB,3/11/2012,1383.0,1375.0,1368.0,1375.0,-0.58,421.0,712.6,603.0
SCB,3/12/2012,1375.0,1375.0,1375.0,1375.0,0.0,50.0,712.6,603.0
SCB,3/13/2012,1375.0,1388.0,1375.0,1380.0,0.36,390.0,712.6,603.0
SCB,3/14/2012,1380.0,1379.0,1365.0,1379.0,-0.07,736.0,712.6,603.0
SCB,3/15/2012,1379.0,1375.0,1352.0,1352.0,-1.96,919.0,712.6,603.0
SCB,3/18/2012,1352.0,1372.0,1360.0,1368.0,1.18,603.0,712.6,603.0
SCB,3/19/2012,1368.0,1375.0,1350.0,1375.0,0.51,220.0,712.6,603.0
SCB,3/20/2012,1375.0,1375.0,1360.0,1360.0,-1.09,323.0,712.6,603.0
SCB,3/21/2012,1360.0,1387.0,1355.0,1387.0,1.99,639.0,712.6,603.0
SCB,3/25/2012,1387.0,1380.0,1351.0,1378.0,-0.65,858.0,712.6,603.0
SCB,3/26/2012,1378.0,1377.0,1340.0,1377.0,-0.07,1414.0,712.6,603.0
SCB,3/27/2012,1377.0,1404.0,1350.0,1377.0,0.0,310.0,712.6,603.0
SCB,3/28/2012,1377.0,1360.0,1350.0,1360.0,-1.23,212.0,712.6,603.0
SCB,3/29/2012,1360.0,1382.0,1342.0,1382.0,1.62,212.0,712.6,603.0
SCB,4/1/2012,1382.0,1356.0,1338.0,1350.0,-2.32,327.0,712.6,603.0
SCB,4/2/2012,1350.0,1382.0,1348.0,1382.0,2.37,564.0,712.6,603.0
SCB,4/3/2012,1382.0,1360.0,1350.0,1350.0,-2.32,938.0,712.6,603.0
SCB,4/4/2012,1350.0,1377.0,1350.0,1377.0,2.0,951.0,712.6,603.0
SCB,4/5/2012,1377.0,1371.0,1345.0,1371.0,-0.44,150.0,712.6,603.0
SCB,4/8/2012,1371.0,1377.0,1365.0,1377.0,0.44,609.0,712.6,603.0
SCB,4/9/2012,1377.0,1380.0,1375.0,1380.0,0.22,318.0,712.6,603.0
SCB,4/10/2012,1380.0,1399.0,1388.0,1399.0,1.38,656.0,712.6,603.0
SCB,4/11/2012,1399.0,1430.0,1400.0,1424.0,1.79,1858.0,712.6,603.0
SCB,4/12/2012,1424.0,1455.0,1400.0,1450.0,1.83,1560.0,712.6,603.0
SCB,4/15/2012,1450.0,1581.0,1479.0,1581.0,9.03,535.0,712.6,603.0
SCB,4/16/2012,1581.0,1709.0,1612.0,1709.0,8.1,350.0,712.6,603.0
SCB,4/17/2012,1709.0,1848.0,1585.0,1585.0,-7.26,2734.0,712.6,603.0
SCB,4/18/2012,1585.0,1740.0,1560.0,1690.0,6.62,1282.0,712.6,603.0
SCB,4/19/2012,1690.0,1740.0,1660.0,1720.0,1.78,2261.0,712.6,603.0
SCB,4/22/2012,1720.0,1804.0,1749.0,1800.0,4.65,2364.0,712.6,603.0
SCB,4/24/2012,1800.0,1980.0,1836.0,1980.0,10.0,1191.0,712.6,603.0
SCB,4/25/2012,1980.0,2178.0,2019.0,2178.0,10.0,2301.0,712.6,603.0
SCB,4/26/2012,2178.0,2279.0,1968.0,2200.0,1.01,5867.0,712.6,603.0
SCB,4/29/2012,2200.0,2215.0,2112.0,2193.0,-0.32,2982.0,712.6,603.0
SCB,4/30/2012,2193.0,2180.0,2035.0,2037.0,-7.11,3263.0,712.6,603.0
SCB,5/2/2012,2037.0,1997.0,1834.0,1845.0,-9.43,1101.0,712.6,603.0
SCB,5/3/2012,1845.0,1956.0,1881.0,1956.0,6.02,532.0,712.6,603.0
SCB,5/7/2012,1956.0,2074.0,1995.0,2074.0,6.03,669.0,712.6,603.0
SCB,5/8/2012,2074.0,2200.0,2060.0,2200.0,6.08,3667.0,712.6,603.0
SCB,5/9/2012,2200.0,2210.0,2061.0,2100.0,-4.55,6406.0,712.6,603.0
SCB,5/10/2012,2100.0,2091.0,1960.0,2050.0,-2.38,3831.0,712.6,603.0
SCB,5/13/2012,2050.0,2009.0,1900.0,1902.0,-7.22,1623.0,712.6,603.0
SCB,5/14/2012,1902.0,1880.0,1712.0,1740.0,-8.52,2897.0,712.6,603.0
SCB,5/15/2012,1740.0,1914.0,1774.0,1914.0,10.0,913.0,712.6,603.0
SCB,5/16/2012,1914.0,1991.0,1952.0,1991.0,4.02,30.0,712.6,603.0
SCB,5/17/2012,1991.0,2190.0,2000.0,2050.0,2.96,5152.0,712.6,603.0
SCB,5/20/2012,2050.0,2025.0,1960.0,1995.0,-2.68,1391.0,712.6,603.0
SCB,5/21/2012,1995.0,2058.0,2000.0,2010.0,0.75,1681.0,712.6,603.0
SCB,5/22/2012,2010.0,1999.0,1960.0,1975.0,-1.74,1365.0,712.6,603.0
SCB,5/23/2012,1975.0,1936.0,1860.0,1863.0,-5.67,679.0,712.6,603.0
SCB,5/24/2012,1863.0,1990.0,1813.0,1912.0,2.63,2004.0,712.6,603.0
SCB,5/27/2012,1912.0,2020.0,1915.0,1988.0,3.97,2131.0,712.6,603.0
SCB,5/29/2012,1988.0,1949.0,1873.0,1873.0,-5.78,30.0,712.6,603.0
SCB,5/30/2012,1873.0,1836.0,1686.0,1686.0,-9.98,860.0,712.6,603.0
SCB,5/31/2012,1686.0,1685.0,1518.0,1663.0,-1.36,2945.0,712.6,603.0
SCB,6/3/2012,1663.0,1829.0,1696.0,1829.0,9.98,1155.0,712.6,603.0
SCB,6/4/2012,1829.0,1816.0,1705.0,1780.0,-2.68,1566.0,712.6,603.0
SCB,6/5/2012,1780.0,1754.0,1705.0,1730.0,-2.81,1870.0,712.6,603.0
SCB,6/6/2012,1730.0,1730.0,1702.0,1730.0,0.0,1406.0,712.6,603.0
SCB,6/7/2012,1730.0,1780.0,1700.0,1740.0,0.58,1457.0,712.6,603.0
SCB,6/10/2012,1740.0,1706.0,1700.0,1700.0,-2.3,259.0,712.6,603.0
SCB,6/11/2012,1700.0,1768.0,1700.0,1700.0,0.0,1726.0,712.6,603.0
SCB,6/12/2012,1700.0,1711.0,1698.0,1710.0,0.59,1479.0,712.6,603.0
SCB,6/13/2012,1710.0,1740.0,1705.0,1720.0,0.58,316.0,712.6,603.0
SCB,6/14/2012,1720.0,1728.0,1695.0,1700.0,-1.16,1463.0,712.6,603.0
SCB,6/17/2012,1700.0,1709.0,1682.0,1709.0,0.53,698.0,712.6,603.0
SCB,6/18/2012,1709.0,1714.0,1699.0,1705.0,-0.23,1101.0,712.6,603.0
SCB,6/19/2012,1705.0,1703.0,1691.0,1699.0,-0.35,341.0,712.6,603.0
SCB,6/20/2012,1699.0,1723.0,1685.0,1710.0,0.65,2270.0,712.6,603.0
SCB,6/21/2012,1710.0,1715.0,1695.0,1715.0,0.29,1687.0,712.6,603.0
SCB,6/25/2012,1715.0,1784.0,1696.0,1784.0,4.02,472.0,712.6,603.0
SCB,6/26/2012,1784.0,1749.0,1716.0,1725.0,-3.31,500.0,712.6,603.0
SCB,6/27/2012,1725.0,1764.0,1728.0,1762.0,2.14,895.0,712.6,603.0
SCB,6/28/2012,1762.0,1800.0,1750.0,1760.0,-0.11,1478.0,712.6,603.0
SCB,7/1/2012,1760.0,1775.0,1754.0,1766.0,0.34,469.0,712.6,603.0
SCB,7/2/2012,1766.0,1765.0,1724.0,1724.0,-2.38,961.0,712.6,603.0
SCB,7/3/2012,1724.0,1730.0,1697.0,1719.0,-0.29,8194.0,712.6,603.0
SCB,7/4/2012,1719.0,1765.0,1730.0,1740.0,1.22,2013.0,712.6,603.0
SCB,7/5/2012,1740.0,1752.0,1712.0,1747.0,0.4,1478.0,712.6,603.0
SCB,7/8/2012,1747.0,1750.0,1720.0,1725.0,-1.26,825.0,712.6,603.0
SCB,7/9/2012,1725.0,1770.0,1725.0,1760.0,2.03,601.0,712.6,603.0
SCB,7/10/2012,1760.0,1794.0,1781.0,1788.0,1.59,1387.0,712.6,603.0
SCB,7/11/2012,1788.0,1790.0,1775.0,1775.0,-0.73,1039.0,712.6,603.0
SCB,7/12/2012,1775.0,1803.0,1767.0,1803.0,1.58,877.0,712.6,603.0
SCB,7/15/2012,1803.0,1810.0,1776.0,1799.0,-0.22,2070.0,712.6,603.0
SCB,7/16/2012,1799.0,1788.0,1780.0,1781.0,-1.0,293.0,712.6,603.0
SCB,7/17/2012,1781.0,1790.0,1780.0,1790.0,0.51,436.0,712.6,603.0
SCB,7/18/2012,1790.0,1800.0,1770.0,1800.0,0.56,1728.0,712.6,603.0
SCB,7/19/2012,1800.0,1860.0,1810.0,1810.0,0.56,1702.0,712.6,603.0
SCB,7/22/2012,1810.0,1856.0,1805.0,1852.0,2.32,1609.0,712.6,603.0
SCB,7/23/2012,1852.0,1900.0,1875.0,1881.0,1.57,807.0,712.6,603.0
SCB,7/24/2012,1881.0,1925.0,1850.0,1865.0,-0.85,1380.0,712.6,603.0
SCB,7/25/2012,1865.0,1924.0,1878.0,1890.0,1.34,1434.0,712.6,603.0
SCB,7/26/2012,1890.0,1864.0,1845.0,1852.0,-2.01,995.0,712.6,603.0
SCB,7/29/2012,1852.0,1854.0,1837.0,1840.0,-0.65,589.0,712.6,603.0
SCB,7/30/2012,1840.0,1831.0,1831.0,1831.0,-0.49,15.0,712.6,603.0
SCB,7/31/2012,1831.0,1850.0,1825.0,1850.0,1.04,1723.0,712.6,603.0
SCB,8/1/2012,1850.0,1852.0,1830.0,1840.0,-0.54,590.0,712.6,603.0
SCB,8/5/2012,1840.0,1860.0,1840.0,1840.0,0.0,891.0,712.6,603.0
SCB,8/6/2012,1840.0,1870.0,1855.0,1869.0,1.58,558.0,712.6,603.0
SCB,8/7/2012,1869.0,1878.0,1860.0,1872.0,0.16,854.0,712.6,603.0
SCB,8/8/2012,1872.0,1865.0,1837.0,1837.0,-1.87,687.0,712.6,603.0
SCB,8/12/2012,1837.0,1836.0,1822.0,1830.0,-0.38,2010.0,712.6,603.0
SCB,8/13/2012,1830.0,1830.0,1820.0,1830.0,0.0,422.0,712.6,603.0
SCB,8/14/2012,1830.0,1821.0,1812.0,1820.0,-0.55,1177.0,712.6,603.0
SCB,8/15/2012,1820.0,1790.0,1752.0,1752.0,-3.74,726.0,712.6,603.0
SCB,8/16/2012,1752.0,1856.0,1745.0,1856.0,5.94,1062.0,712.6,603.0
SCB,8/19/2012,1856.0,1819.0,1771.0,1776.0,-4.31,261.0,712.6,603.0
SCB,8/21/2012,1776.0,1778.0,1741.0,1772.0,-0.23,5003.0,712.6,603.0
SCB,8/22/2012,1772.0,1775.0,1756.0,1775.0,0.17,558.0,712.6,603.0
SCB,8/23/2012,1775.0,1780.0,1765.0,1780.0,0.28,318.0,712.6,603.0
SCB,8/26/2012,1780.0,1780.0,1745.0,1755.0,-1.4,882.0,712.6,603.0
SCB,8/27/2012,1755.0,1770.0,1752.0,1761.0,0.34,614.0,712.6,603.0
SCB,8/28/2012,1761.0,1760.0,1745.0,1745.0,-0.91,844.0,712.6,603.0
SCB,8/29/2012,1745.0,1779.0,1745.0,1764.0,1.09,823.0,712.6,603.0
SCB,8/30/2012,1764.0,1755.0,1740.0,1740.0,-1.36,2074.0,712.6,603.0
SCB,9/2/2012,1740.0,1807.0,1769.0,1800.0,3.45,523.0,712.6,603.0
SCB,9/3/2012,1800.0,1800.0,1771.0,1790.0,-0.56,1330.0,712.6,603.0
SCB,9/4/2012,1790.0,1789.0,1755.0,1771.0,-1.06,1083.0,712.6,603.0
SCB,9/5/2012,1771.0,1766.0,1766.0,1766.0,-0.28,403.0,712.6,603.0
SCB,9/6/2012,1766.0,1785.0,1760.0,1780.0,0.79,479.0,712.6,603.0
SCB,9/9/2012,1780.0,1760.0,1750.0,1750.0,-1.69,269.0,712.6,603.0
SCB,9/10/2012,1750.0,1756.0,1742.0,1742.0,-0.46,207.0,712.6,603.0
SCB,9/11/2012,1742.0,1840.0,1751.0,1810.0,3.9,1956.0,712.6,603.0
SCB,9/12/2012,1810.0,1846.0,1790.0,1800.0,-0.55,998.0,712.6,603.0
SCB,9/13/2012,1800.0,1850.0,1800.0,1829.0,1.61,5011.0,712.6,603.0
SCB,9/16/2012,1829.0,1840.0,1818.0,1840.0,0.6,1321.0,712.6,603.0
SCB,9/17/2012,1840.0,1835.0,1804.0,1807.0,-1.79,694.0,712.6,603.0
SCB,9/18/2012,1807.0,1825.0,1800.0,1809.0,0.11,1930.0,712.6,603.0
SCB,9/19/2012,1809.0,1800.0,1790.0,1790.0,-1.05,347.0,712.6,603.0
SCB,9/20/2012,1790.0,1790.0,1740.0,1764.0,-1.45,1235.0,712.6,603.0
SCB,9/23/2012,1764.0,1762.0,1730.0,1745.0,-1.08,647.0,712.6,603.0
SCB,9/24/2012,1745.0,1735.0,1711.0,1711.0,-1.95,965.0,712.6,603.0
SCB,9/25/2012,1711.0,1710.0,1677.0,1710.0,-0.06,1068.0,712.6,603.0
SCB,9/26/2012,1710.0,1719.0,1706.0,1706.0,-0.23,1075.0,712.6,603.0
SCB,9/30/2012,1715.0,1725.0,1700.0,1703.0,-0.18,1021.0,712.6,603.0
SCB,10/1/2012,1703.0,1732.0,1700.0,1705.0,0.12,1538.0,712.6,603.0
SCB,10/2/2012,1705.0,1720.0,1705.0,1710.0,0.29,440.0,712.6,603.0
SCB,10/3/2012,1710.0,1716.0,1690.0,1708.0,-0.12,1259.0,712.6,603.0
SCB,10/4/2012,1708.0,1713.0,1700.0,1700.0,-0.47,1129.0,712.6,603.0
SCB,10/7/2012,1700.0,1749.0,1700.0,1749.0,2.88,212.0,712.6,603.0
SCB,10/8/2012,1749.0,1751.0,1718.0,1740.0,-0.51,816.0,712.6,603.0
SCB,10/9/2012,1740.0,1721.0,1715.0,1718.0,-1.26,600.0,712.6,603.0
SCB,10/10/2012,1718.0,1740.0,1715.0,1724.0,0.35,430.0,712.6,603.0
SCB,10/11/2012,1724.0,1725.0,1721.0,1725.0,0.06,262.0,712.6,603.0
SCB,10/14/2012,1725.0,1735.0,1720.0,1735.0,0.58,354.0,712.6,603.0
SCB,10/15/2012,1735.0,1755.0,1750.0,1755.0,1.15,82.0,712.6,603.0
SCB,10/17/2012,1755.0,1789.0,1760.0,1789.0,1.94,169.0,712.6,603.0
SCB,10/18/2012,1789.0,1770.0,1755.0,1770.0,-1.06,270.0,712.6,603.0
SCB,10/30/2012,1770.0,1830.0,1785.0,1816.0,2.6,758.0,712.6,603.0
SCB,10/31/2012,1816.0,1850.0,1824.0,1841.0,1.38,1542.0,712.6,603.0
SCB,11/1/2012,1841.0,1831.0,1812.0,1820.0,-1.14,454.0,712.6,603.0
SCB,11/4/2012,1820.0,1871.0,1820.0,1865.0,2.47,2766.0,712.6,603.0
SCB,11/5/2012,1865.0,1915.0,1870.0,1904.0,2.09,3766.0,712.6,603.0
SCB,11/6/2012,1904.0,2000.0,1940.0,2000.0,5.04,2606.0,712.6,603.0
SCB,11/7/2012,2000.0,2130.0,2014.0,2130.0,6.5,4941.0,712.6,603.0
SCB,11/8/2012,2130.0,2190.0,2075.0,2180.0,2.35,7281.0,712.6,603.0
SCB,11/11/2012,2180.0,2000.0,1910.0,1930.0,-11.47,2126.0,712.6,603.0
SCB,11/12/2012,1930.0,1967.0,1930.0,1950.0,1.04,1499.0,712.6,603.0
SCB,11/18/2012,1950.0,2023.0,1975.0,2023.0,3.74,1513.0,712.6,603.0
SCB,11/20/2012,2023.0,2090.0,2040.0,2040.0,0.84,1985.0,712.6,603.0
SCB,11/21/2012,2040.0,2050.0,2010.0,2018.0,-1.08,2606.0,712.6,603.0
SCB,11/22/2012,2018.0,2015.0,1948.0,2008.0,-0.5,968.0,712.6,603.0
SCB,11/25/2012,2008.0,2021.0,1970.0,2003.0,-0.25,1006.0,712.6,603.0
SCB,11/26/2012,2003.0,1975.0,1960.0,1972.0,-1.55,1194.0,712.6,603.0
SCB,11/27/2012,1972.0,1978.0,1935.0,1978.0,0.3,161.0,712.6,603.0
SCB,11/28/2012,1978.0,1980.0,1900.0,1930.0,-2.43,818.0,712.6,603.0
SCB,11/29/2012,1930.0,1912.0,1900.0,1910.0,-1.04,709.0,712.6,603.0
SCB,12/2/2012,1910.0,1905.0,1900.0,1905.0,-0.26,404.0,712.6,603.0
SCB,12/3/2012,1905.0,1925.0,1895.0,1925.0,1.05,686.0,712.6,603.0
SCB,12/4/2012,1925.0,1952.0,1915.0,1930.0,0.26,430.0,712.6,603.0
SCB,12/5/2012,1930.0,1994.0,1968.0,1994.0,3.32,3804.0,712.6,603.0
SCB,12/6/2012,1994.0,1993.0,1955.0,1980.0,-0.7,1461.0,712.6,603.0
SCB,12/9/2012,1980.0,1950.0,1915.0,1945.0,-1.77,980.0,712.6,603.0
SCB,12/10/2012,1945.0,1945.0,1945.0,1945.0,0.0,35.0,712.6,603.0
SCB,12/11/2012,1945.0,1958.0,1935.0,1950.0,0.26,495.0,712.6,603.0
SCB,12/12/2012,1950.0,1962.0,1945.0,1952.0,0.1,1472.0,712.6,603.0
SCB,12/13/2012,1952.0,1978.0,1921.0,1978.0,1.33,125.0,712.6,603.0
SCB,12/16/2012,1978.0,2109.0,1990.0,2045.0,3.39,3502.0,712.6,603.0
SCB,12/17/2012,2045.0,2099.0,2059.0,2065.0,0.98,2031.0,712.6,603.0
SCB,12/18/2012,2065.0,2050.0,2000.0,2024.0,-1.99,674.0,712.6,603.0
SCB,12/19/2012,2024.0,2049.0,1985.0,2030.0,0.3,1741.0,712.6,603.0
SCB,12/20/2012,2030.0,2050.0,2000.0,2000.0,-1.48,1495.0,712.6,603.0
SCB,12/23/2012,2000.0,2050.0,2000.0,2014.0,0.7,3097.0,712.6,603.0
SCB,12/24/2012,2014.0,2100.0,2000.0,2020.0,0.3,2275.0,712.6,603.0
SCB,12/26/2012,2020.0,2120.0,2035.0,2120.0,4.95,5188.0,712.6,603.0
SCB,12/27/2012,2120.0,2141.0,2100.0,2130.0,0.47,5832.0,712.6,603.0
SCB,12/31/2012,2130.0,2145.0,2061.0,2115.0,-0.7,2438.0,712.6,603.0
SCB,1/1/2013,2115.0,2151.0,2095.0,2105.0,-0.47,1609.0,712.6,603.0
SCB,1/2/2013,2105.0,2120.0,2000.0,2081.0,-1.14,3375.0,712.6,603.0
SCB,1/3/2013,2081.0,2110.0,2085.0,2101.0,0.96,896.0,712.6,603.0
SCB,1/6/2013,2101.0,2100.0,2059.0,2084.0,-0.81,1233.0,712.6,603.0
SCB,1/7/2013,2084.0,2092.0,2054.0,2056.0,-1.34,772.0,712.6,603.0
SCB,1/8/2013,2056.0,2050.0,2039.0,2050.0,-0.29,116.0,712.6,603.0
SCB,1/9/2013,2050.0,2090.0,2050.0,2050.0,0.0,410.0,712.6,603.0
SCB,1/10/2013,2050.0,2049.0,2000.0,2049.0,-0.05,2181.0,712.6,603.0
SCB,1/13/2013,2049.0,2065.0,2020.0,2065.0,0.78,781.0,712.6,603.0
SCB,1/15/2013,2065.0,2053.0,2004.0,2053.0,-0.58,1500.0,712.6,603.0
SCB,1/16/2013,2053.0,2084.0,2018.0,2040.0,-0.63,1802.0,712.6,603.0
SCB,1/17/2013,2040.0,2019.0,2000.0,2005.0,-1.72,2209.0,712.6,603.0
SCB,1/20/2013,2005.0,2000.0,1900.0,1919.0,-4.29,1440.0,712.6,603.0
SCB,1/21/2013,1919.0,1957.0,1919.0,1950.0,1.62,368.0,712.6,603.0
SCB,1/22/2013,1950.0,1995.0,1930.0,1968.0,0.92,3946.0,712.6,603.0
SCB,1/23/2013,1968.0,1975.0,1955.0,1955.0,-0.66,357.0,712.6,603.0
SCB,1/24/2013,1955.0,1970.0,1940.0,1945.0,-0.51,962.0,712.6,603.0
SCB,1/27/2013,1945.0,1980.0,1920.0,1980.0,1.8,804.0,712.6,603.0
SCB,1/28/2013,1980.0,1980.0,1970.0,1980.0,0.0,1965.0,712.6,603.0
SCB,1/30/2013,1980.0,2019.0,1960.0,1979.0,-0.05,2329.0,712.6,603.0
SCB,1/31/2013,1979.0,1970.0,1940.0,1970.0,-0.45,3532.0,712.6,603.0
SCB,2/3/2013,1970.0,1979.0,1939.0,1979.0,0.46,1269.0,712.6,603.0
SCB,2/4/2013,1979.0,1955.0,1940.0,1950.0,-1.47,1222.0,712.6,603.0
SCB,2/5/2013,1950.0,1956.0,1940.0,1956.0,0.31,850.0,712.6,603.0
SCB,2/6/2013,1956.0,1950.0,1940.0,1940.0,-0.82,681.0,712.6,603.0
SCB,2/7/2013,1940.0,1940.0,1939.0,1939.0,-0.05,125.0,712.6,603.0
SCB,2/10/2013,1939.0,1950.0,1890.0,1905.0,-1.75,1156.0,712.6,603.0
SCB,2/12/2013,1905.0,1982.0,1910.0,1960.0,2.89,3167.0,712.6,603.0
SCB,2/13/2013,1960.0,1940.0,1920.0,1930.0,-1.53,1320.0,712.6,603.0
SCB,2/14/2013,1930.0,1954.0,1930.0,1952.0,1.14,2081.0,712.6,603.0
SCB,2/17/2013,1952.0,2030.0,1991.0,2030.0,4.0,27.0,712.6,603.0
SCB,2/19/2013,2030.0,2075.0,2000.0,2003.0,-1.33,3862.0,712.6,603.0
SCB,2/20/2013,2003.0,1966.0,1930.0,1940.0,-3.15,1564.0,712.6,603.0
SCB,2/21/2013,1940.0,1989.0,1950.0,1987.0,2.42,1383.0,712.6,603.0
SCB,2/24/2013,1987.0,1950.0,1945.0,1948.0,-1.96,582.0,712.6,603.0
SCB,2/25/2013,1948.0,2005.0,1931.0,1969.0,1.08,1820.0,712.6,603.0
SCB,2/26/2013,1969.0,2008.0,1961.0,1961.0,-0.41,1634.0,712.6,603.0
SCB,2/27/2013,1961.0,1950.0,1920.0,1930.0,-1.58,1352.0,712.6,603.0
SCB,2/28/2013,1930.0,1940.0,1915.0,1938.0,0.41,1573.0,712.6,603.0
SCB,3/3/2013,1938.0,1960.0,1925.0,1925.0,-0.67,442.0,712.6,603.0
SCB,3/4/2013,1925.0,1941.0,1911.0,1930.0,0.26,843.0,712.6,603.0
SCB,3/5/2013,1930.0,1935.0,1910.0,1919.0,-0.57,964.0,712.6,603.0
SCB,3/6/2013,1919.0,1930.0,1900.0,1910.0,-0.47,947.0,712.6,603.0
SCB,3/7/2013,1910.0,1915.0,1905.0,1909.0,-0.05,1038.0,712.6,603.0
SCB,3/11/2013,1909.0,1935.0,1906.0,1925.0,0.84,1470.0,712.6,603.0
SCB,3/13/2013,1925.0,1948.0,1910.0,1923.0,-0.1,994.0,712.6,603.0
SCB,3/14/2013,1923.0,1961.0,1900.0,1905.0,-0.94,2155.0,712.6,603.0
SCB,3/17/2013,1905.0,1910.0,1900.0,1907.0,0.1,796.0,712.6,603.0
SCB,3/18/2013,1907.0,1905.0,1870.0,1890.0,-0.89,930.0,712.6,603.0
SCB,3/19/2013,1890.0,1900.0,1850.0,1885.0,-0.26,1542.0,712.6,603.0
SCB,3/20/2013,1885.0,1885.0,1846.0,1853.0,-1.7,2114.0,712.6,603.0
SCB,3/21/2013,1853.0,1888.0,1850.0,1865.0,0.65,436.0,712.6,603.0
SCB,3/24/2013,1865.0,1870.0,1830.0,1870.0,0.27,1042.0,712.6,603.0
SCB,3/25/2013,1870.0,1859.0,1820.0,1859.0,-0.59,1410.0,712.6,603.0
SCB,3/27/2013,1859.0,1859.0,1822.0,1837.0,-1.18,1131.0,712.6,603.0
SCB,3/28/2013,1837.0,1869.0,1800.0,1869.0,1.74,2312.0,712.6,603.0
SCB,3/31/2013,1869.0,1880.0,1795.0,1830.0,-2.09,534.0,712.6,603.0
SCB,4/1/2013,1830.0,1830.0,1794.0,1830.0,0.0,1718.0,712.6,603.0
SCB,4/2/2013,1830.0,1845.0,1805.0,1845.0,0.82,1193.0,712.6,603.0
SCB,4/3/2013,1845.0,1881.0,1834.0,1855.0,0.54,441.0,712.6,603.0
SCB,4/4/2013,1855.0,1837.0,1800.0,1805.0,-2.7,1690.0,712.6,603.0
SCB,4/7/2013,1805.0,1810.0,1800.0,1810.0,0.28,85.0,712.6,603.0
SCB,4/8/2013,1810.0,1820.0,1802.0,1815.0,0.28,734.0,712.6,603.0
SCB,4/9/2013,1815.0,1830.0,1805.0,1806.0,-0.5,1788.0,712.6,603.0
SCB,4/11/2013,1806.0,1877.0,1820.0,1877.0,3.93,917.0,712.6,603.0
SCB,4/15/2013,1877.0,1914.0,1839.0,1839.0,-2.02,114.0,712.6,603.0
SCB,4/16/2013,1839.0,1830.0,1808.0,1828.0,-0.6,1489.0,712.6,603.0
SCB,4/17/2013,1828.0,1834.0,1818.0,1818.0,-0.55,1943.0,712.6,603.0
SCB,4/18/2013,1818.0,1821.0,1809.0,1820.0,0.11,2177.0,712.6,603.0
SCB,4/21/2013,1820.0,1820.0,1790.0,1805.0,-0.82,1175.0,712.6,603.0
SCB,4/22/2013,1805.0,1810.0,1772.0,1804.0,-0.06,3113.0,712.6,603.0
SCB,4/23/2013,1804.0,1841.0,1805.0,1825.0,1.16,769.0,712.6,603.0
SCB,4/25/2013,1825.0,1825.0,1800.0,1800.0,-1.37,5900.0,712.6,603.0
SCB,4/28/2013,1800.0,1815.0,1800.0,1800.0,0.0,1284.0,712.6,603.0
SCB,4/29/2013,1800.0,1825.0,1800.0,1815.0,0.83,1608.0,712.6,603.0
SCB,4/30/2013,1815.0,1825.0,1809.0,1825.0,0.55,1681.0,712.6,603.0
SCB,5/2/2013,1825.0,1810.0,1790.0,1800.0,-1.37,1892.0,712.6,603.0
SCB,5/5/2013,1800.0,1809.0,1760.0,1770.0,-1.67,1280.0,712.6,603.0
SCB,5/6/2013,1770.0,1750.0,1721.0,1725.0,-2.54,921.0,712.6,603.0
SCB,5/7/2013,1725.0,1750.0,1705.0,1732.0,0.41,1748.0,712.6,603.0
SCB,5/8/2013,1732.0,1730.0,1725.0,1730.0,-0.12,139.0,712.6,603.0
SCB,5/9/2013,1730.0,1760.0,1730.0,1760.0,1.73,384.0,712.6,603.0
SCB,5/12/2013,1760.0,1760.0,1727.0,1760.0,0.0,1687.0,712.6,603.0
SCB,5/13/2013,1760.0,1770.0,1730.0,1745.0,-0.85,775.0,712.6,603.0
SCB,5/14/2013,1745.0,1750.0,1745.0,1750.0,0.29,812.0,712.6,603.0
SCB,5/15/2013,1750.0,1775.0,1740.0,1747.0,-0.17,194.0,712.6,603.0
SCB,5/16/2013,1747.0,1775.0,1745.0,1755.0,0.46,309.0,712.6,603.0
SCB,5/19/2013,1755.0,1785.0,1765.0,1785.0,1.71,3226.0,712.6,603.0
SCB,5/20/2013,1785.0,1830.0,1765.0,1815.0,1.68,4646.0,712.6,603.0
SCB,5/21/2013,1815.0,1839.0,1800.0,1824.0,0.5,1410.0,712.6,603.0
SCB,5/22/2013,1824.0,1815.0,1800.0,1815.0,-0.49,1776.0,712.6,603.0
SCB,5/23/2013,1815.0,1805.0,1790.0,1800.0,-0.83,1260.0,712.6,603.0
SCB,5/26/2013,1800.0,1813.0,1800.0,1813.0,0.72,1127.0,712.6,603.0
SCB,5/27/2013,1813.0,1819.0,1810.0,1810.0,-0.17,6450.0,712.6,603.0
SCB,5/28/2013,1810.0,1820.0,1810.0,1810.0,0.0,513.0,712.6,603.0
SCB,5/30/2013,1810.0,1808.0,1780.0,1800.0,-0.55,1723.0,712.6,603.0
SCB,6/2/2013,1800.0,1802.0,1800.0,1800.0,0.0,2532.0,712.6,603.0
SCB,6/3/2013,1800.0,1815.0,1800.0,1815.0,0.83,224.0,712.6,603.0
SCB,6/4/2013,1815.0,1800.0,1800.0,1800.0,-0.83,788.0,712.6,603.0
SCB,6/5/2013,1800.0,1801.0,1780.0,1800.0,0.0,887.0,712.6,603.0
SCB,6/6/2013,1800.0,1810.0,1780.0,1810.0,0.56,3034.0,712.6,603.0
SCB,6/9/2013,1810.0,1818.0,1804.0,1818.0,0.44,524.0,712.6,603.0
SCB,6/10/2013,1818.0,1814.0,1800.0,1801.0,-0.94,353.0,712.6,603.0
SCB,6/11/2013,1801.0,1814.0,1800.0,1806.0,0.28,189.0,712.6,603.0
SCB,6/12/2013,1806.0,1809.0,1800.0,1809.0,0.17,945.0,712.6,603.0
SCB,6/13/2013,1809.0,1810.0,1800.0,1801.0,-0.44,678.0,712.6,603.0
SCB,6/16/2013,1801.0,1810.0,1800.0,1800.0,-0.06,2606.0,712.6,603.0
SCB,6/17/2013,1800.0,1801.0,1799.0,1801.0,0.06,681.0,712.6,603.0
SCB,6/18/2013,1801.0,1872.0,1800.0,1810.0,0.5,6546.0,712.6,603.0
SCB,6/19/2013,1810.0,1820.0,1800.0,1800.0,-0.55,257.0,712.6,603.0
SCB,6/20/2013,1800.0,1808.0,1789.0,1802.0,0.11,2427.0,712.6,603.0
SCB,6/23/2013,1802.0,1812.0,1800.0,1800.0,-0.11,691.0,712.6,603.0
SCB,6/24/2013,1800.0,1811.0,1801.0,1811.0,0.61,198.0,712.6,603.0
SCB,6/25/2013,1811.0,1836.0,1805.0,1810.0,-0.06,1303.0,712.6,603.0
SCB,6/26/2013,1810.0,1830.0,1810.0,1820.0,0.55,603.0,712.6,603.0
SCB,6/27/2013,1820.0,1810.0,1805.0,1810.0,-0.55,207.0,712.6,603.0
SCB,6/30/2013,1810.0,1804.0,1800.0,1801.0,-0.5,592.0,712.6,603.0
SCB,7/1/2013,1801.0,1825.0,1771.0,1825.0,1.33,260.0,712.6,603.0
SCB,7/2/2013,1825.0,1826.0,1800.0,1826.0,0.05,277.0,712.6,603.0
SCB,7/3/2013,1826.0,1809.0,1800.0,1803.0,-1.26,255.0,712.6,603.0
SCB,7/4/2013,1803.0,1805.0,1790.0,1795.0,-0.44,2311.0,712.6,603.0
SCB,7/7/2013,1795.0,1806.0,1799.0,1801.0,0.33,2293.0,712.6,603.0
SCB,7/8/2013,1801.0,1804.0,1780.0,1800.0,-0.06,1477.0,712.6,603.0
SCB,7/9/2013,1800.0,1815.0,1800.0,1805.0,0.28,2812.0,712.6,603.0
SCB,7/10/2013,1805.0,1825.0,1800.0,1817.0,0.66,1529.0,712.6,603.0
SCB,7/11/2013,1817.0,1850.0,1800.0,1850.0,1.82,2227.0,712.6,603.0
SCB,7/14/2013,1850.0,1829.0,1813.0,1823.0,-1.46,973.0,712.6,603.0
SCB,7/15/2013,1823.0,1837.0,1820.0,1820.0,-0.16,276.0,712.6,603.0
SCB,7/16/2013,1820.0,1825.0,1819.0,1825.0,0.27,329.0,712.6,603.0
SCB,7/17/2013,1825.0,1825.0,1825.0,1825.0,0.0,30.0,712.6,603.0
SCB,7/18/2013,1825.0,1854.0,1815.0,1850.0,1.37,1496.0,712.6,603.0
SCB,7/21/2013,1850.0,1936.0,1850.0,1929.0,4.27,4022.0,712.6,603.0
SCB,7/22/2013,1929.0,1979.0,1930.0,1955.0,1.35,2037.0,712.6,603.0
SCB,7/23/2013,1955.0,1955.0,1933.0,1955.0,0.0,777.0,712.6,603.0
SCB,7/24/2013,1955.0,1949.0,1930.0,1940.0,-0.77,353.0,712.6,603.0
SCB,7/25/2013,1940.0,1935.0,1930.0,1930.0,-0.52,1035.0,712.6,603.0
SCB,7/28/2013,1930.0,1940.0,1920.0,1940.0,0.52,337.0,712.6,603.0
SCB,7/29/2013,1940.0,1952.0,1930.0,1949.0,0.46,563.0,712.6,603.0
SCB,7/30/2013,1949.0,1960.0,1945.0,1959.0,0.51,803.0,712.6,603.0
SCB,7/31/2013,1959.0,1960.0,1930.0,1940.0,-0.97,3674.0,712.6,603.0
SCB,8/1/2013,1940.0,1962.0,1915.0,1927.0,-0.67,2240.0,712.6,603.0
SCB,8/4/2013,1927.0,1960.0,1905.0,1905.0,-1.14,3867.0,712.6,603.0
SCB,8/5/2013,1905.0,1916.0,1910.0,1912.0,0.37,706.0,712.6,603.0
SCB,8/6/2013,1912.0,1929.0,1900.0,1900.0,-0.63,2640.0,712.6,603.0
SCB,8/7/2013,1900.0,1920.0,1915.0,1920.0,1.05,257.0,712.6,603.0
SCB,8/8/2013,1920.0,1935.0,1900.0,1900.0,-1.04,741.0,712.6,603.0
SCB,8/11/2013,1900.0,1900.0,1875.0,1875.0,-1.32,1909.0,712.6,603.0
SCB,8/12/2013,1875.0,1905.0,1865.0,1875.0,0.0,995.0,712.6,603.0
SCB,8/13/2013,1875.0,1901.0,1870.0,1870.0,-0.27,609.0,712.6,603.0
SCB,8/14/2013,1870.0,1900.0,1850.0,1850.0,-1.07,1534.0,712.6,603.0
SCB,8/15/2013,1850.0,1870.0,1825.0,1840.0,-0.54,557.0,712.6,603.0
SCB,8/18/2013,1840.0,1845.0,1800.0,1835.0,-0.27,596.0,712.6,603.0
SCB,8/19/2013,1835.0,1840.0,1821.0,1840.0,0.27,1211.0,712.6,603.0
SCB,8/20/2013,1840.0,1850.0,1830.0,1835.0,-0.27,1024.0,712.6,603.0
SCB,8/25/2013,1835.0,1870.0,1815.0,1840.0,0.27,737.0,712.6,603.0
SCB,8/26/2013,1840.0,1850.0,1825.0,1825.0,-0.82,839.0,712.6,603.0
SCB,8/27/2013,1825.0,1845.0,1820.0,1835.0,0.55,932.0,712.6,603.0
SCB,8/29/2013,1835.0,1861.0,1826.0,1826.0,-0.49,1022.0,712.6,603.0
SCB,9/1/2013,1826.0,1845.0,1825.0,1840.0,0.77,1952.0,712.6,603.0
SCB,9/2/2013,1840.0,1848.0,1827.0,1840.0,0.0,884.0,712.6,603.0
SCB,9/3/2013,1840.0,1848.0,1820.0,1835.0,-0.27,1193.0,712.6,603.0
SCB,9/4/2013,1835.0,1835.0,1830.0,1830.0,-0.27,1308.0,712.6,603.0
SCB,9/5/2013,1830.0,1830.0,1820.0,1830.0,0.0,1006.0,712.6,603.0
SCB,9/8/2013,1830.0,1900.0,1805.0,1890.0,3.28,1646.0,712.6,603.0
SCB,9/9/2013,1890.0,1890.0,1870.0,1870.0,-1.06,1079.0,712.6,603.0
SCB,9/10/2013,1870.0,1870.0,1840.0,1840.0,-1.6,532.0,712.6,603.0
SCB,9/11/2013,1840.0,1850.0,1840.0,1849.0,0.49,543.0,712.6,603.0
SCB,9/12/2013,1849.0,1853.0,1835.0,1835.0,-0.76,679.0,712.6,603.0
SCB,9/15/2013,1835.0,1860.0,1815.0,1835.0,0.0,1875.0,712.6,603.0
SCB,9/16/2013,1835.0,1850.0,1810.0,1844.0,0.49,855.0,712.6,603.0
SCB,9/17/2013,1844.0,1840.0,1805.0,1830.0,-0.76,1398.0,712.6,603.0
SCB,9/19/2013,1830.0,1825.0,1765.0,1795.0,-1.91,1129.0,712.6,603.0
SCB,9/22/2013,1795.0,1800.0,1740.0,1740.0,-3.06,1398.0,712.6,603.0
SCB,9/23/2013,1740.0,1730.0,1710.0,1715.0,-1.44,1020.0,712.6,603.0
SCB,9/24/2013,1715.0,1740.0,1700.0,1735.0,1.17,1439.0,712.6,603.0
SCB,9/25/2013,1735.0,1736.0,1710.0,1715.0,-1.15,1127.0,712.6,603.0
SCB,9/26/2013,1715.0,1737.0,1720.0,1722.0,0.41,615.0,712.6,603.0
SCB,9/29/2013,1722.0,1722.0,1690.0,1695.0,-1.57,1313.0,712.6,603.0
SCB,9/30/2013,1695.0,1700.0,1666.0,1666.0,-1.71,1172.0,712.6,603.0
SCB,10/1/2013,1666.0,1716.0,1640.0,1682.0,0.96,532.0,712.6,603.0
SCB,10/2/2013,1682.0,1715.0,1682.0,1695.0,0.77,861.0,712.6,603.0
SCB,10/3/2013,1695.0,1717.0,1675.0,1681.0,-0.83,3047.0,712.6,603.0
SCB,10/6/2013,1681.0,1700.0,1670.0,1695.0,0.83,2553.0,712.6,603.0
SCB,10/7/2013,1695.0,1713.0,1700.0,1700.0,0.29,2103.0,712.6,603.0
SCB,10/8/2013,1700.0,1725.0,1720.0,1725.0,1.47,207.0,712.6,603.0
SCB,10/9/2013,1725.0,1759.0,1710.0,1759.0,1.97,1127.0,712.6,603.0
SCB,10/10/2013,1759.0,1793.0,1760.0,1760.0,0.06,124.0,712.6,603.0
SCB,10/17/2013,1760.0,1780.0,1760.0,1780.0,1.14,220.0,712.6,603.0
SCB,10/20/2013,1779.0,1802.0,1750.0,1800.0,1.12,2441.0,712.6,603.0
SCB,10/21/2013,1800.0,1860.0,1801.0,1815.0,0.83,974.0,712.6,603.0
SCB,10/22/2013,1815.0,1810.0,1800.0,1805.0,-0.55,489.0,712.6,603.0
SCB,10/23/2013,1805.0,1820.0,1800.0,1800.0,-0.28,506.0,712.6,603.0
SCB,10/24/2013,1800.0,1804.0,1755.0,1790.0,-0.56,1741.0,712.6,603.0
SCB,10/27/2013,1790.0,1841.0,1783.0,1841.0,2.85,3949.0,712.6,603.0
SCB,10/28/2013,1830.0,1805.0,1790.0,1795.0,-2.5,1409.0,712.6,603.0
SCB,10/29/2013,1795.0,1820.0,1790.0,1790.0,-0.28,5768.0,712.6,603.0
SCB,10/30/2013,1627.0,1667.0,1650.0,1650.0,-7.82,454.0,712.6,603.0
SCB,10/31/2013,1650.0,1670.0,1626.0,1627.0,-1.39,532.0,712.6,603.0
SCB,11/6/2013,1627.0,1620.0,1617.0,1620.0,-0.43,64.0,712.6,603.0
SCB,11/7/2013,1620.0,1630.0,1614.0,1625.0,0.31,1263.0,712.6,603.0
SCB,11/10/2013,1625.0,1630.0,1601.0,1630.0,0.31,606.0,712.6,603.0
SCB,11/11/2013,1630.0,1690.0,1650.0,1661.0,1.9,479.0,712.6,603.0
SCB,11/12/2013,1661.0,1708.0,1670.0,1670.0,0.54,2026.0,712.6,603.0
SCB,11/13/2013,1670.0,1700.0,1680.0,1699.0,1.74,576.0,712.6,603.0
SCB,11/14/2013,1699.0,1675.0,1666.0,1668.0,-1.82,896.0,712.6,603.0
SCB,11/21/2013,1668.0,1800.0,1701.0,1800.0,7.91,113.0,712.6,603.0
SCB,11/24/2013,1800.0,1980.0,1836.0,1900.0,5.56,2886.0,712.6,603.0
SCB,11/25/2013,1900.0,1910.0,1865.0,1899.0,-0.05,2385.0,712.6,603.0
SCB,11/26/2013,1899.0,1900.0,1870.0,1900.0,0.05,997.0,712.6,603.0
SCB,11/27/2013,1900.0,1870.0,1850.0,1870.0,-1.58,356.0,712.6,603.0
SCB,11/28/2013,1870.0,1851.0,1815.0,1815.0,-2.94,221.0,712.6,603.0
SCB,12/1/2013,1815.0,1849.0,1811.0,1820.0,0.28,907.0,712.6,603.0
SCB,12/2/2013,1820.0,1800.0,1771.0,1800.0,-1.1,779.0,712.6,603.0
SCB,12/3/2013,1800.0,1800.0,1780.0,1790.0,-0.56,1379.0,712.6,603.0
SCB,12/4/2013,1790.0,1900.0,1820.0,1866.0,4.25,3025.0,712.6,603.0
SCB,12/5/2013,1866.0,1976.0,1880.0,1900.0,1.82,4207.0,712.6,603.0
SCB,12/8/2013,1900.0,1899.0,1880.0,1880.0,-1.05,2551.0,712.6,603.0
SCB,12/9/2013,1880.0,1880.0,1865.0,1880.0,0.0,966.0,712.6,603.0
SCB,12/10/2013,1880.0,1880.0,1855.0,1875.0,-0.27,2048.0,712.6,603.0
SCB,12/11/2013,1875.0,1912.0,1870.0,1899.0,1.28,2848.0,712.6,603.0
SCB,12/12/2013,1899.0,1909.0,1885.0,1902.0,0.16,1413.0,712.6,603.0
SCB,12/15/2013,1902.0,1920.0,1881.0,1920.0,0.95,6108.0,712.6,603.0
SCB,12/16/2013,1920.0,2009.0,1925.0,2001.0,4.22,1960.0,712.6,603.0
SCB,12/18/2013,2001.0,2168.0,1970.0,2168.0,8.35,1944.0,712.6,603.0
SCB,12/19/2013,2168.0,2175.0,2020.0,2122.0,-2.12,6130.0,712.6,603.0
SCB,12/22/2013,2120.0,2115.0,2080.0,2086.0,-1.7,3539.0,712.6,603.0
SCB,12/23/2013,2080.0,2040.0,2000.0,2005.0,-3.88,1939.0,712.6,603.0
SCB,12/24/2013,2005.0,2084.0,1995.0,2030.0,1.25,3821.0,712.6,603.0
SCB,12/26/2013,2030.0,2130.0,2070.0,2102.0,3.55,5123.0,712.6,603.0
SCB,12/29/2013,2102.0,2090.0,2025.0,2075.0,-1.28,1558.0,712.6,603.0
SCB,12/31/2013,2075.0,2090.0,2015.0,2025.0,-2.41,1706.0,712.6,603.0
SCB,1/1/2014,2025.0,2020.0,1970.0,1970.0,-2.72,930.0,712.6,603.0
SCB,1/2/2014,1970.0,2015.0,1950.0,2015.0,2.28,2139.0,712.6,603.0
SCB,1/5/2014,2015.0,2015.0,2000.0,2000.0,-0.74,750.0,712.6,603.0
SCB,1/6/2014,2000.0,2003.0,1995.0,1996.0,-0.2,907.0,712.6,603.0
SCB,1/7/2014,1996.0,2000.0,1960.0,1990.0,-0.3,1438.0,712.6,603.0
SCB,1/8/2014,1990.0,2020.0,2000.0,2000.0,0.5,1334.0,712.6,603.0
SCB,1/9/2014,2000.0,2015.0,1980.0,1990.0,-0.5,559.0,712.6,603.0
SCB,1/12/2014,1990.0,2010.0,1975.0,2001.0,0.55,385.0,712.6,603.0
SCB,1/13/2014,2001.0,2012.0,1960.0,1960.0,-2.05,793.0,712.6,603.0
SCB,1/14/2014,1960.0,1961.0,1950.0,1951.0,-0.46,1036.0,712.6,603.0
SCB,1/16/2014,1951.0,1980.0,1950.0,1954.0,0.15,3531.0,712.6,603.0
SCB,1/19/2014,1954.0,1990.0,1957.0,1975.0,1.07,2359.0,712.6,603.0
SCB,1/20/2014,1975.0,1975.0,1950.0,1950.0,-1.27,3366.0,712.6,603.0
SCB,1/21/2014,1950.0,1975.0,1950.0,1955.0,0.26,4879.0,712.6,603.0
SCB,1/22/2014,1955.0,1955.0,1940.0,1953.0,-0.1,3884.0,712.6,603.0
SCB,1/23/2014,1953.0,2004.0,1950.0,1990.0,1.89,4782.0,712.6,603.0
SCB,1/26/2014,1990.0,1970.0,1952.0,1954.0,-1.81,2139.0,712.6,603.0
SCB,1/27/2014,1954.0,1970.0,1950.0,1952.0,-0.1,2652.0,712.6,603.0
SCB,1/28/2014,1952.0,1960.0,1950.0,1950.0,-0.1,2009.0,712.6,603.0
SCB,1/29/2014,1950.0,1960.0,1950.0,1956.0,0.31,1848.0,712.6,603.0
SCB,2/2/2014,1956.0,1961.0,1950.0,1950.0,-0.31,3499.0,712.6,603.0
SCB,2/3/2014,1950.0,1945.0,1902.0,1907.0,-2.21,3440.0,712.6,603.0
SCB,2/4/2014,1907.0,1941.0,1890.0,1941.0,1.78,709.0,712.6,603.0
SCB,2/6/2014,1940.0,1976.0,1940.0,1941.0,0.0,1074.0,712.6,603.0
SCB,2/9/2014,1941.0,1945.0,1930.0,1930.0,-0.57,2441.0,712.6,603.0
SCB,2/10/2014,1930.0,2020.0,1962.0,1975.0,2.33,1547.0,712.6,603.0
SCB,2/11/2014,1975.0,1980.0,1940.0,1960.0,-0.76,3381.0,712.6,603.0
SCB,2/12/2014,1960.0,1955.0,1940.0,1940.0,-1.02,1394.0,712.6,603.0
SCB,2/13/2014,1940.0,1958.0,1930.0,1950.0,0.52,1134.0,712.6,603.0
SCB,2/16/2014,1950.0,1930.0,1892.0,1929.0,-1.08,916.0,712.6,603.0
SCB,2/17/2014,1929.0,1955.0,1929.0,1935.0,0.31,2018.0,712.6,603.0
SCB,2/18/2014,1935.0,1955.0,1932.0,1951.0,0.83,2771.0,712.6,603.0
SCB,2/20/2014,1951.0,1950.0,1912.0,1925.0,-1.33,661.0,712.6,603.0
SCB,2/23/2014,1925.0,1968.0,1930.0,1932.0,0.36,2299.0,712.6,603.0
SCB,2/24/2014,1932.0,1951.0,1930.0,1930.0,-0.1,8412.0,712.6,603.0
SCB,2/25/2014,1930.0,1945.0,1930.0,1940.0,0.52,1743.0,712.6,603.0
SCB,2/26/2014,1940.0,1960.0,1915.0,1919.0,-1.08,1191.0,712.6,603.0
SCB,3/3/2014,1919.0,1946.0,1896.0,1900.0,-0.99,2073.0,712.6,603.0
SCB,3/4/2014,1900.0,1900.0,1833.0,1850.0,-2.63,957.0,712.6,603.0
SCB,3/5/2014,1850.0,1892.0,1800.0,1865.0,0.81,4205.0,712.6,603.0
SCB,3/6/2014,1865.0,1875.0,1835.0,1865.0,0.0,1268.0,712.6,603.0
SCB,3/9/2014,1860.0,1865.0,1835.0,1846.0,-1.02,748.0,712.6,603.0
SCB,3/10/2014,1846.0,1822.0,1800.0,1822.0,-1.3,946.0,712.6,603.0
SCB,3/11/2014,1822.0,1829.0,1805.0,1810.0,-0.66,1726.0,712.6,603.0
SCB,3/12/2014,1810.0,1810.0,1781.0,1781.0,-1.6,1677.0,712.6,603.0
SCB,3/13/2014,1781.0,1810.0,1790.0,1795.0,0.79,551.0,712.6,603.0
SCB,3/17/2014,1795.0,1785.0,1745.0,1750.0,-2.51,461.0,712.6,603.0
SCB,3/18/2014,1750.0,1725.0,1692.0,1692.0,-3.31,1252.0,712.6,603.0
SCB,3/19/2014,1692.0,1735.0,1715.0,1735.0,2.54,196.0,712.6,603.0
SCB,3/20/2014,1735.0,1790.0,1740.0,1790.0,3.17,361.0,712.6,603.0
SCB,3/23/2014,1790.0,1800.0,1760.0,1800.0,0.56,644.0,712.6,603.0
SCB,3/24/2014,1800.0,1800.0,1790.0,1791.0,-0.5,404.0,712.6,603.0
SCB,3/25/2014,1791.0,1800.0,1777.0,1791.0,0.0,694.0,712.6,603.0
SCB,3/26/2014,1791.0,1795.0,1745.0,1760.0,-1.73,1425.0,712.6,603.0
SCB,3/27/2014,1760.0,1795.0,1740.0,1760.0,0.0,1289.0,712.6,603.0
SCB,3/31/2014,1760.0,1764.0,1750.0,1760.0,0.0,1918.0,712.6,603.0
SCB,4/1/2014,1760.0,1775.0,1750.0,1775.0,0.85,1933.0,712.6,603.0
SCB,4/2/2014,1775.0,1780.0,1755.0,1780.0,0.28,1206.0,712.6,603.0
SCB,4/3/2014,1780.0,1786.0,1770.0,1771.0,-0.51,2291.0,712.6,603.0
SCB,4/6/2014,1771.0,1771.0,1740.0,1750.0,-1.19,1479.0,712.6,603.0
SCB,4/7/2014,1750.0,1755.0,1722.0,1743.0,-0.4,2041.0,712.6,603.0
SCB,4/9/2014,1743.0,1748.0,1740.0,1748.0,0.29,1625.0,712.6,603.0
SCB,4/10/2014,1748.0,1801.0,1740.0,1800.0,2.97,4479.0,712.6,603.0
SCB,4/13/2014,1800.0,1824.0,1800.0,1818.0,1.0,1821.0,712.6,603.0
SCB,4/15/2014,1818.0,1830.0,1800.0,1805.0,-0.72,1755.0,712.6,603.0
SCB,4/16/2014,1805.0,1790.0,1780.0,1780.0,-1.39,956.0,712.6,603.0
SCB,4/17/2014,1780.0,1775.0,1755.0,1758.0,-1.24,1920.0,712.6,603.0
SCB,4/20/2014,1758.0,1775.0,1760.0,1775.0,0.97,523.0,712.6,603.0
SCB,4/21/2014,1775.0,1795.0,1750.0,1795.0,1.13,2658.0,712.6,603.0
SCB,4/22/2014,1795.0,1810.0,1780.0,1795.0,0.0,716.0,712.6,603.0
SCB,4/23/2014,1795.0,1815.0,1795.0,1805.0,0.56,1531.0,712.6,603.0
SCB,4/27/2014,1805.0,1800.0,1780.0,1795.0,-0.55,944.0,712.6,603.0
SCB,4/28/2014,1795.0,1794.0,1750.0,1750.0,-2.51,965.0,712.6,603.0
SCB,4/29/2014,1750.0,1775.0,1743.0,1751.0,0.06,1148.0,712.6,603.0
SCB,4/30/2014,1751.0,1820.0,1785.0,1799.0,2.74,549.0,712.6,603.0
SCB,5/4/2014,1799.0,1800.0,1795.0,1795.0,-0.22,65.0,712.6,603.0
SCB,5/5/2014,1795.0,1800.0,1799.0,1800.0,0.28,609.0,712.6,603.0
SCB,5/6/2014,1800.0,1850.0,1810.0,1821.0,1.17,2229.0,712.6,603.0
SCB,5/7/2014,1821.0,1850.0,1800.0,1813.0,-0.44,2990.0,712.6,603.0
SCB,5/8/2014,1813.0,1815.0,1777.0,1810.0,-0.17,2110.0,712.6,603.0
SCB,5/11/2014,1810.0,1845.0,1790.0,1804.0,-0.33,2179.0,712.6,603.0
SCB,5/12/2014,1804.0,1810.0,1775.0,1775.0,-1.61,702.0,712.6,603.0
SCB,5/13/2014,1775.0,1800.0,1760.0,1799.0,1.35,5902.0,712.6,603.0
SCB,5/15/2014,1799.0,1810.0,1790.0,1797.0,-0.11,2565.0,712.6,603.0
SCB,5/18/2014,1797.0,1805.0,1791.0,1799.0,0.11,1368.0,712.6,603.0
SCB,5/19/2014,1799.0,1799.0,1760.0,1772.0,-1.5,787.0,712.6,603.0
SCB,5/20/2014,1772.0,1786.0,1760.0,1783.0,0.62,638.0,712.6,603.0
SCB,5/21/2014,1783.0,1775.0,1760.0,1770.0,-0.73,1439.0,712.6,603.0
SCB,5/22/2014,1770.0,1775.0,1760.0,1775.0,0.28,2100.0,712.6,603.0
SCB,5/25/2014,1775.0,1810.0,1774.0,1800.0,1.41,2835.0,712.6,603.0
SCB,5/26/2014,1800.0,1808.0,1796.0,1804.0,0.22,1223.0,712.6,603.0
SCB,5/27/2014,1804.0,1800.0,1765.0,1765.0,-2.16,1764.0,712.6,603.0
SCB,5/28/2014,1765.0,1790.0,1764.0,1790.0,1.42,1157.0,712.6,603.0
SCB,6/1/2014,1790.0,1805.0,1780.0,1790.0,0.0,1757.0,712.6,603.0
SCB,6/2/2014,1790.0,1841.0,1800.0,1833.0,2.4,4299.0,712.6,603.0
SCB,6/3/2014,1833.0,1897.0,1830.0,1880.0,2.56,3834.0,712.6,603.0
SCB,6/4/2014,1880.0,1901.0,1865.0,1901.0,1.12,2009.0,712.6,603.0
SCB,6/5/2014,1901.0,1924.0,1900.0,1924.0,1.21,3451.0,712.6,603.0
SCB,6/8/2014,1924.0,1999.0,1910.0,1975.0,2.65,11030.0,712.6,603.0
SCB,6/9/2014,1975.0,2014.0,1975.0,1990.0,0.76,6062.0,712.6,603.0
SCB,6/10/2014,1990.0,2009.0,1990.0,1995.0,0.25,6384.0,712.6,603.0
SCB,6/11/2014,1995.0,2022.0,1995.0,1995.0,0.0,7147.0,712.6,603.0
SCB,6/12/2014,1995.0,2160.0,2009.0,2160.0,8.27,12425.0,712.6,603.0
SCB,6/15/2014,2160.0,2376.0,2200.0,2376.0,10.0,13313.0,712.6,603.0
SCB,6/16/2014,2376.0,2598.0,2400.0,2598.0,9.34,24239.0,712.6,603.0
SCB,6/17/2014,2598.0,2600.0,2410.0,2480.0,-4.54,20095.0,712.6,603.0
SCB,6/18/2014,2480.0,2525.0,2431.0,2431.0,-1.98,8749.0,712.6,603.0
SCB,6/19/2014,2431.0,2448.0,2385.0,2448.0,0.7,10783.0,712.6,603.0
SCB,6/23/2014,2448.0,2450.0,2355.0,2379.0,-2.82,1753.0,712.6,603.0
SCB,6/24/2014,2379.0,2462.0,2350.0,2415.0,1.51,4177.0,712.6,603.0
SCB,6/25/2014,2415.0,2465.0,2400.0,2465.0,2.07,7769.0,712.6,603.0
SCB,6/26/2014,2465.0,2500.0,2432.0,2500.0,1.42,6189.0,712.6,603.0
SCB,6/29/2014,2500.0,2510.0,2492.0,2492.0,-0.32,4945.0,712.6,603.0
SCB,6/30/2014,2492.0,2500.0,2477.0,2498.0,0.24,1613.0,712.6,603.0
SCB,7/1/2014,2498.0,2500.0,2460.0,2460.0,-1.52,1508.0,712.6,603.0
SCB,7/2/2014,2460.0,2500.0,2465.0,2490.0,1.22,2203.0,712.6,603.0
SCB,7/3/2014,2490.0,2498.0,2445.0,2488.0,-0.08,2875.0,712.6,603.0
SCB,7/6/2014,2488.0,2510.0,2470.0,2488.0,0.0,3076.0,712.6,603.0
SCB,7/7/2014,2488.0,2510.0,2480.0,2490.0,0.08,4362.0,712.6,603.0
SCB,7/8/2014,2490.0,2560.0,2500.0,2535.0,1.81,5018.0,712.6,603.0
SCB,7/9/2014,2535.0,2675.0,2550.0,2651.0,4.58,4933.0,712.6,603.0
SCB,7/10/2014,2651.0,2735.0,2611.0,2735.0,3.17,8791.0,712.6,603.0
SCB,7/13/2014,2735.0,2900.0,2700.0,2770.0,1.28,11426.0,712.6,603.0
SCB,7/14/2014,2770.0,2795.0,2710.0,2791.0,0.76,4243.0,712.6,603.0
SCB,7/15/2014,2791.0,2799.0,2765.0,2775.0,-0.57,5364.0,712.6,603.0
SCB,7/16/2014,2775.0,2830.0,2750.0,2799.0,0.86,8189.0,712.6,603.0
SCB,7/17/2014,2799.0,2917.0,2790.0,2917.0,4.22,7689.0,712.6,603.0
SCB,7/20/2014,2917.0,3094.0,2950.0,3023.0,3.63,8254.0,712.6,603.0
SCB,7/21/2014,3023.0,3010.0,2948.0,2995.0,-0.93,6358.0,712.6,603.0
SCB,7/22/2014,2995.0,2999.0,2921.0,2970.0,-0.83,6116.0,712.6,603.0
SCB,7/23/2014,2970.0,3000.0,2961.0,2980.0,0.34,2944.0,712.6,603.0
SCB,7/24/2014,2980.0,2980.0,2890.0,2950.0,-1.01,2417.0,712.6,603.0
SCB,7/27/2014,2950.0,2980.0,2910.0,2920.0,-1.02,901.0,712.6,603.0
SCB,7/28/2014,2920.0,2900.0,2840.0,2865.0,-1.88,1007.0,712.6,603.0
SCB,7/30/2014,2865.0,2875.0,2820.0,2830.0,-1.22,1254.0,712.6,603.0
SCB,7/31/2014,2830.0,2828.0,2790.0,2800.0,-1.06,4553.0,712.6,603.0
SCB,8/3/2014,2800.0,2805.0,2732.0,2732.0,-2.43,3795.0,712.6,603.0
SCB,8/4/2014,2732.0,2750.0,2700.0,2700.0,-1.17,5731.0,712.6,603.0
SCB,8/5/2014,2700.0,2775.0,2700.0,2705.0,0.19,2009.0,712.6,603.0
SCB,8/6/2014,2705.0,2725.0,2690.0,2725.0,0.74,1651.0,712.6,603.0
SCB,8/7/2014,2725.0,2700.0,2652.0,2696.0,-1.06,3139.0,712.6,603.0
SCB,8/12/2014,2696.0,2715.0,2620.0,2630.0,-2.45,1616.0,712.6,603.0
SCB,8/13/2014,2630.0,2681.0,2510.0,2600.0,-1.14,5041.0,712.6,603.0
SCB,8/14/2014,2600.0,2701.0,2650.0,2701.0,3.88,1253.0,712.6,603.0
SCB,8/18/2014,2701.0,2710.0,2600.0,2610.0,-3.37,2739.0,712.6,603.0
SCB,8/19/2014,2610.0,2650.0,2580.0,2591.0,-0.73,2723.0,712.6,603.0
SCB,8/20/2014,2591.0,2605.0,2499.0,2520.0,-2.74,3451.0,712.6,603.0
SCB,8/21/2014,2520.0,2715.0,2400.0,2715.0,7.74,2841.0,712.6,603.0
SCB,8/24/2014,2715.0,2700.0,2550.0,2554.0,-5.93,3977.0,712.6,603.0
SCB,8/25/2014,2554.0,2604.0,2400.0,2448.0,-4.15,3606.0,712.6,603.0
SCB,8/26/2014,2448.0,2488.0,2290.0,2298.0,-6.13,6046.0,712.6,603.0
SCB,8/27/2014,2298.0,2430.0,2343.0,2410.0,4.87,2923.0,712.6,603.0
SCB,8/28/2014,2410.0,2500.0,2445.0,2500.0,3.73,3818.0,712.6,603.0
SCB,8/31/2014,2500.0,2550.0,2400.0,2430.0,-2.8,4936.0,712.6,603.0
SCB,9/1/2014,2430.0,2435.0,2188.0,2330.0,-4.12,3059.0,712.6,603.0
SCB,9/3/2014,2330.0,2420.0,2330.0,2335.0,0.21,2862.0,712.6,603.0
SCB,9/4/2014,2335.0,2330.0,2260.0,2300.0,-1.5,1775.0,712.6,603.0
SCB,9/7/2014,2300.0,2260.0,2120.0,2120.0,-7.83,1372.0,712.6,603.0
SCB,9/9/2014,2120.0,2299.0,2100.0,2299.0,8.44,2873.0,712.6,603.0
SCB,9/10/2014,2299.0,2380.0,2250.0,2255.0,-1.91,4411.0,712.6,603.0
SCB,9/11/2014,2255.0,2285.0,2212.0,2285.0,1.33,2674.0,712.6,603.0
SCB,9/14/2014,2285.0,2255.0,2210.0,2221.0,-2.8,2372.0,712.6,603.0
SCB,9/15/2014,2221.0,2340.0,2250.0,2251.0,1.35,4385.0,712.6,603.0
SCB,9/16/2014,2251.0,2295.0,2240.0,2295.0,1.95,2790.0,712.6,603.0
SCB,9/17/2014,2295.0,2300.0,2260.0,2280.0,-0.65,2396.0,712.6,603.0
SCB,9/18/2014,2280.0,2279.0,2235.0,2270.0,-0.44,399.0,712.6,603.0
SCB,9/21/2014,2270.0,2230.0,2150.0,2210.0,-2.64,946.0,712.6,603.0
SCB,9/22/2014,2210.0,2210.0,2151.0,2160.0,-2.26,623.0,712.6,603.0
SCB,9/23/2014,2160.0,2230.0,2185.0,2205.0,2.08,1236.0,712.6,603.0
SCB,9/24/2014,2205.0,2293.0,2205.0,2290.0,3.85,1237.0,712.6,603.0
SCB,9/28/2014,2290.0,2250.0,2061.0,2061.0,-10.0,2685.0,712.6,603.0
SCB,9/29/2014,2061.0,2100.0,2000.0,2099.0,1.84,5523.0,712.6,603.0
SCB,9/30/2014,2099.0,2140.0,2090.0,2095.0,-0.19,3329.0,712.6,603.0
SCB,10/8/2014,2095.0,2100.0,2055.0,2090.0,-0.24,583.0,712.6,603.0
SCB,10/9/2014,2090.0,2114.0,2070.0,2114.0,1.15,740.0,712.6,603.0
SCB,10/12/2014,2114.0,2116.0,2065.0,2065.0,-2.32,341.0,712.6,603.0
SCB,10/13/2014,2065.0,2106.0,2065.0,2068.0,0.15,768.0,712.6,603.0
SCB,10/14/2014,2068.0,2108.0,2080.0,2100.0,1.55,1124.0,712.6,603.0
SCB,10/15/2014,2100.0,2110.0,2070.0,2075.0,-1.19,2338.0,712.6,603.0
SCB,10/16/2014,2075.0,2110.0,2078.0,2095.0,0.96,2374.0,712.6,603.0
SCB,10/19/2014,2095.0,2155.0,2100.0,2104.0,0.43,1127.0,712.6,603.0
SCB,10/20/2014,2104.0,2142.0,2080.0,2100.0,-0.19,1743.0,712.6,603.0
SCB,10/21/2014,2100.0,2129.0,2100.0,2120.0,0.95,1961.0,712.6,603.0
SCB,10/22/2014,2120.0,2118.0,2100.0,2118.0,-0.09,2332.0,712.6,603.0
SCB,10/26/2014,2118.0,2190.0,2125.0,2125.0,0.33,274.0,712.6,603.0
SCB,10/27/2014,2125.0,2130.0,2098.0,2098.0,-1.27,1908.0,712.6,603.0
SCB,10/28/2014,2098.0,2149.0,2097.0,2126.0,1.33,6816.0,712.6,603.0
SCB,10/30/2014,2126.0,2159.0,2120.0,2140.0,0.66,20195.0,712.6,603.0
SCB,11/2/2014,1945.0,1948.0,1880.0,1948.0,-8.97,1984.0,712.6,603.0
SCB,11/3/2014,1948.0,1910.0,1851.0,1860.0,-4.52,1806.0,712.6,603.0
SCB,11/4/2014,1860.0,1823.0,1786.0,1800.0,-3.23,1365.0,712.6,603.0
SCB,11/5/2014,1800.0,1842.0,1830.0,1842.0,2.33,444.0,712.6,603.0
SCB,11/6/2014,1842.0,1835.0,1810.0,1833.0,-0.49,1479.0,712.6,603.0
SCB,11/9/2014,1833.0,1830.0,1780.0,1810.0,-1.25,1376.0,712.6,603.0
SCB,11/10/2014,1810.0,1780.0,1751.0,1775.0,-1.93,564.0,712.6,603.0
SCB,11/11/2014,1775.0,1810.0,1775.0,1775.0,0.0,439.0,712.6,603.0
SCB,11/12/2014,1775.0,1840.0,1790.0,1790.0,0.85,1000.0,712.6,603.0
SCB,11/13/2014,1790.0,1820.0,1775.0,1780.0,-0.56,1164.0,712.6,603.0
SCB,11/16/2014,1780.0,1805.0,1750.0,1761.0,-1.07,449.0,712.6,603.0
SCB,11/17/2014,1761.0,1735.0,1727.0,1728.0,-1.87,529.0,712.6,603.0
SCB,11/18/2014,1728.0,1725.0,1657.0,1719.0,-0.52,2352.0,712.6,603.0
SCB,11/19/2014,1719.0,1740.0,1710.0,1735.0,0.93,2191.0,712.6,603.0
SCB,11/20/2014,1735.0,1760.0,1730.0,1730.0,-0.29,2954.0,712.6,603.0
SCB,11/23/2014,1730.0,1764.0,1730.0,1730.0,0.0,1146.0,712.6,603.0
SCB,11/24/2014,1730.0,1750.0,1700.0,1716.0,-0.81,5636.0,712.6,603.0
SCB,11/25/2014,1716.0,1750.0,1716.0,1750.0,1.98,457.0,712.6,603.0
SCB,11/30/2014,1750.0,1765.0,1750.0,1765.0,0.86,482.0,712.6,603.0
SCB,12/1/2014,1765.0,1789.0,1754.0,1789.0,1.36,2393.0,712.6,603.0
SCB,12/2/2014,1789.0,1789.0,1730.0,1730.0,-3.3,422.0,712.6,603.0
SCB,12/3/2014,1730.0,1770.0,1760.0,1761.0,1.79,613.0,712.6,603.0
SCB,12/4/2014,1761.0,1805.0,1768.0,1779.0,1.02,4025.0,712.6,603.0
SCB,12/7/2014,1779.0,1770.0,1751.0,1760.0,-1.07,264.0,712.6,603.0
SCB,12/8/2014,1760.0,1770.0,1750.0,1770.0,0.57,990.0,712.6,603.0
SCB,12/9/2014,1770.0,1765.0,1765.0,1765.0,-0.28,60.0,712.6,603.0
SCB,12/10/2014,1765.0,1800.0,1750.0,1798.0,1.87,2008.0,712.6,603.0
SCB,12/11/2014,1798.0,1849.0,1810.0,1849.0,2.84,1026.0,712.6,603.0
SCB,12/14/2014,1849.0,1922.0,1885.0,1922.0,3.95,2363.0,712.6,603.0
SCB,12/15/2014,1922.0,1999.0,1917.0,1979.0,2.97,2437.0,712.6,603.0
SCB,12/16/2014,1979.0,1990.0,1913.0,1990.0,0.56,2800.0,712.6,603.0
SCB,12/17/2014,1990.0,1960.0,1911.0,1911.0,-3.97,723.0,712.6,603.0
SCB,12/18/2014,1911.0,1945.0,1900.0,1920.0,0.47,845.0,712.6,603.0
SCB,12/21/2014,1920.0,1920.0,1920.0,1920.0,0.0,112.0,712.6,603.0
SCB,12/22/2014,1920.0,1900.0,1900.0,1900.0,-1.04,216.0,712.6,603.0
SCB,12/23/2014,1900.0,1878.0,1861.0,1861.0,-2.05,179.0,712.6,603.0
SCB,12/24/2014,1861.0,1906.0,1852.0,1906.0,2.42,1169.0,712.6,603.0
SCB,12/28/2014,1906.0,1942.0,1920.0,1930.0,1.26,1357.0,712.6,603.0
SCB,12/29/2014,1930.0,1975.0,1950.0,1955.0,1.3,556.0,712.6,603.0
SCB,12/31/2014,1955.0,1955.0,1920.0,1920.0,-1.79,223.0,712.6,603.0
SCB,1/1/2015,1920.0,1915.0,1915.0,1915.0,-0.26,79.0,712.6,603.0
SCB,1/4/2015,1915.0,1940.0,1920.0,1939.0,1.25,1946.0,712.6,603.0
SCB,1/5/2015,1939.0,1955.0,1939.0,1949.0,0.52,2540.0,712.6,603.0
SCB,1/6/2015,1949.0,1950.0,1900.0,1903.0,-2.36,1312.0,712.6,603.0
SCB,1/7/2015,1903.0,1941.0,1903.0,1925.0,1.16,1092.0,712.6,603.0
SCB,1/8/2015,1925.0,1946.0,1940.0,1945.0,1.04,249.0,712.6,603.0
SCB,1/11/2015,1945.0,1966.0,1935.0,1945.0,0.0,1221.0,712.6,603.0
SCB,1/12/2015,1945.0,1945.0,1912.0,1921.0,-1.23,801.0,712.6,603.0
SCB,1/13/2015,1921.0,1940.0,1906.0,1915.0,-0.31,887.0,712.6,603.0
SCB,1/14/2015,1915.0,1951.0,1912.0,1920.0,0.26,2068.0,712.6,603.0
SCB,1/18/2015,1920.0,1947.0,1830.0,1830.0,-4.69,108586.0,712.6,603.0
SCB,1/19/2015,1830.0,2013.0,1800.0,2013.0,10.0,141574.0,712.6,603.0
SCB,1/20/2015,2013.0,2060.0,1973.0,2060.0,2.33,1538.0,712.6,603.0
SCB,1/22/2015,2060.0,2049.0,1984.0,2015.0,-2.18,1695.0,712.6,603.0
SCB,1/25/2015,2015.0,2055.0,2000.0,2043.0,1.39,1389.0,712.6,603.0
SCB,1/26/2015,2043.0,2075.0,2050.0,2050.0,0.34,1382.0,712.6,603.0
SCB,1/27/2015,2050.0,2081.0,2050.0,2080.0,1.46,1144.0,712.6,603.0
SCB,1/28/2015,2080.0,2135.0,2100.0,2101.0,1.01,2684.0,712.6,603.0
SCB,1/29/2015,2101.0,2170.0,2100.0,2120.0,0.9,2119.0,712.6,603.0
SCB,2/1/2015,2120.0,2150.0,2123.0,2150.0,1.42,1477.0,712.6,603.0
SCB,2/2/2015,2150.0,2170.0,2150.0,2150.0,0.0,910.0,712.6,603.0
SCB,2/3/2015,2150.0,2160.0,2145.0,2150.0,0.0,1676.0,712.6,603.0
SCB,2/4/2015,2150.0,2185.0,2170.0,2178.0,1.3,1232.0,712.6,603.0
SCB,2/5/2015,2178.0,2165.0,2135.0,2155.0,-1.06,1332.0,712.6,603.0
SCB,2/8/2015,2155.0,2148.0,2121.0,2121.0,-1.58,1085.0,712.6,603.0
SCB,2/9/2015,2121.0,2120.0,2100.0,2100.0,-0.99,1550.0,712.6,603.0
SCB,2/10/2015,2100.0,2100.0,2055.0,2080.0,-0.95,2002.0,712.6,603.0
SCB,2/11/2015,2080.0,2075.0,2061.0,2075.0,-0.24,361.0,712.6,603.0
SCB,2/12/2015,2075.0,2075.0,2034.0,2050.0,-1.2,1053.0,712.6,603.0
SCB,2/15/2015,2050.0,2081.0,2040.0,2081.0,1.51,1447.0,712.6,603.0
SCB,2/16/2015,2081.0,2070.0,2070.0,2070.0,-0.53,65.0,712.6,603.0
SCB,2/18/2015,2070.0,2045.0,2030.0,2040.0,-1.45,357.0,712.6,603.0
SCB,2/22/2015,2040.0,2020.0,1990.0,1990.0,-2.45,1349.0,712.6,603.0
SCB,2/23/2015,1990.0,2045.0,1985.0,2045.0,2.76,1555.0,712.6,603.0
SCB,2/24/2015,2045.0,2005.0,1990.0,1990.0,-2.69,1853.0,712.6,603.0
SCB,2/25/2015,1990.0,2000.0,2000.0,2000.0,0.5,48.0,712.6,603.0
SCB,2/26/2015,2000.0,2011.0,1995.0,2011.0,0.55,515.0,712.6,603.0
SCB,3/1/2015,2011.0,2000.0,2000.0,2000.0,-0.55,55.0,712.6,603.0
SCB,3/2/2015,2000.0,2030.0,2000.0,2030.0,1.5,733.0,712.6,603.0
SCB,3/3/2015,2030.0,2020.0,2000.0,2000.0,-1.48,350.0,712.6,603.0
SCB,3/4/2015,2000.0,2019.0,2002.0,2005.0,0.25,1236.0,712.6,603.0
SCB,3/9/2015,2005.0,2080.0,2032.0,2050.0,2.24,3468.0,712.6,603.0
SCB,3/10/2015,2050.0,2055.0,2030.0,2055.0,0.24,1027.0,712.6,603.0
SCB,3/11/2015,2055.0,2068.0,2040.0,2065.0,0.49,1095.0,712.6,603.0
SCB,3/12/2015,2065.0,2030.0,2024.0,2025.0,-1.94,460.0,712.6,603.0
SCB,3/15/2015,2025.0,2010.0,1990.0,2010.0,-0.74,358.0,712.6,603.0
SCB,3/16/2015,2010.0,1975.0,1937.0,1950.0,-2.99,673.0,712.6,603.0
SCB,3/17/2015,1950.0,1980.0,1915.0,1955.0,0.26,3701.0,712.6,603.0
SCB,3/18/2015,1955.0,1940.0,1920.0,1938.0,-0.87,1635.0,712.6,603.0
SCB,3/19/2015,1938.0,1975.0,1950.0,1960.0,1.14,1626.0,712.6,603.0
SCB,3/22/2015,1960.0,1970.0,1930.0,1941.0,-0.97,1771.0,712.6,603.0
SCB,3/23/2015,1941.0,1929.0,1916.0,1929.0,-0.62,1223.0,712.6,603.0
SCB,3/24/2015,1929.0,1932.0,1915.0,1930.0,0.05,681.0,712.6,603.0
SCB,3/25/2015,1930.0,1925.0,1914.0,1920.0,-0.52,1946.0,712.6,603.0
SCB,3/26/2015,1920.0,1945.0,1910.0,1930.0,0.52,869.0,712.6,603.0
SCB,3/29/2015,1930.0,1935.0,1900.0,1935.0,0.26,285.0,712.6,603.0
SCB,3/30/2015,1935.0,1945.0,1910.0,1945.0,0.52,546.0,712.6,603.0
SCB,3/31/2015,1945.0,1940.0,1920.0,1938.0,-0.36,1541.0,712.6,603.0
SCB,4/1/2015,1938.0,1939.0,1910.0,1939.0,0.05,680.0,712.6,603.0
SCB,4/2/2015,1939.0,1944.0,1917.0,1943.0,0.21,2030.0,712.6,603.0
SCB,4/5/2015,1943.0,1935.0,1920.0,1930.0,-0.67,146.0,712.6,603.0
SCB,4/6/2015,1930.0,1955.0,1880.0,1955.0,1.3,851.0,712.6,603.0
SCB,4/7/2015,1955.0,1925.0,1900.0,1912.0,-2.2,1328.0,712.6,603.0
SCB,4/8/2015,1912.0,1952.0,1923.0,1944.0,1.67,208.0,712.6,603.0
SCB,4/9/2015,1944.0,1965.0,1935.0,1940.0,-0.21,1173.0,712.6,603.0
SCB,4/12/2015,1940.0,1990.0,1951.0,1990.0,2.58,1444.0,712.6,603.0
SCB,4/13/2015,1990.0,1960.0,1921.0,1959.0,-1.56,391.0,712.6,603.0
SCB,4/15/2015,1959.0,1935.0,1915.0,1935.0,-1.23,2057.0,712.6,603.0
SCB,4/16/2015,1935.0,1980.0,1897.0,1980.0,2.33,25054.0,712.6,603.0
SCB,4/19/2015,1980.0,1965.0,1921.0,1964.0,-0.81,322.0,712.6,603.0
SCB,4/20/2015,1964.0,1980.0,1980.0,1980.0,0.81,35.0,712.6,603.0
SCB,4/21/2015,1980.0,2015.0,1960.0,1999.0,0.96,1185.0,712.6,603.0
SCB,4/22/2015,1999.0,1975.0,1965.0,1969.0,-1.5,1082.0,712.6,603.0
SCB,4/23/2015,1969.0,1969.0,1941.0,1965.0,-0.2,903.0,712.6,603.0
SCB,5/26/2015,1965.0,1926.0,1769.0,1769.0,-9.97,229.0,712.6,603.0
SCB,5/27/2015,1769.0,1734.0,1640.0,1640.0,-7.29,4098.0,712.6,603.0
SCB,5/28/2015,1640.0,1689.0,1639.0,1689.0,2.99,1312.0,712.6,603.0
SCB,5/31/2015,1689.0,1850.0,1710.0,1829.0,8.29,1038.0,712.6,603.0
SCB,6/1/2015,1829.0,1864.0,1795.0,1840.0,0.6,6131.0,712.6,603.0
SCB,6/2/2015,1840.0,1850.0,1813.0,1850.0,0.54,2771.0,712.6,603.0
SCB,6/3/2015,1850.0,1926.0,1840.0,1890.0,2.16,3913.0,712.6,603.0
SCB,6/4/2015,1890.0,1900.0,1853.0,1900.0,0.53,1527.0,712.6,603.0
SCB,6/7/2015,1900.0,1915.0,1870.0,1915.0,0.79,1411.0,712.6,603.0
SCB,6/8/2015,1915.0,1950.0,1900.0,1924.0,0.47,2497.0,712.6,603.0
SCB,6/9/2015,1924.0,2041.0,1962.0,2000.0,3.95,3008.0,712.6,603.0
SCB,6/10/2015,2000.0,2000.0,1979.0,1999.0,-0.05,733.0,712.6,603.0
SCB,6/11/2015,1999.0,1966.0,1915.0,1950.0,-2.45,1368.0,712.6,603.0
SCB,6/14/2015,1950.0,1955.0,1901.0,1902.0,-2.46,905.0,712.6,603.0
SCB,6/15/2015,1902.0,1935.0,1890.0,1910.0,0.42,628.0,712.6,603.0
SCB,6/16/2015,1910.0,1910.0,1905.0,1905.0,-0.26,134.0,712.6,603.0
SCB,6/17/2015,1905.0,1910.0,1899.0,1899.0,-0.31,972.0,712.6,603.0
SCB,6/18/2015,1899.0,1900.0,1875.0,1875.0,-1.26,476.0,712.6,603.0
SCB,6/21/2015,1875.0,1905.0,1865.0,1880.0,0.27,807.0,712.6,603.0
SCB,6/22/2015,1880.0,1892.0,1875.0,1889.0,0.48,756.0,712.6,603.0
SCB,6/23/2015,1889.0,1887.0,1875.0,1879.0,-0.53,2352.0,712.6,603.0
SCB,6/24/2015,1879.0,1890.0,1875.0,1885.0,0.32,592.0,712.6,603.0
SCB,6/25/2015,1885.0,1910.0,1880.0,1885.0,0.0,1270.0,712.6,603.0
SCB,6/28/2015,1885.0,1900.0,1880.0,1900.0,0.8,1561.0,712.6,603.0
SCB,6/29/2015,1900.0,1915.0,1890.0,1915.0,0.79,1501.0,712.6,603.0
SCB,6/30/2015,1915.0,1977.0,1939.0,1977.0,3.24,237.0,712.6,603.0
SCB,7/1/2015,1977.0,1940.0,1900.0,1925.0,-2.63,1450.0,712.6,603.0
SCB,7/2/2015,1925.0,1915.0,1896.0,1900.0,-1.3,1668.0,712.6,603.0
SCB,7/5/2015,1900.0,1912.0,1900.0,1900.0,0.0,664.0,712.6,603.0
SCB,7/6/2015,1900.0,1904.0,1890.0,1904.0,0.21,768.0,712.6,603.0
SCB,7/7/2015,1904.0,1930.0,1876.0,1924.0,1.05,1263.0,712.6,603.0
SCB,7/8/2015,1924.0,1935.0,1911.0,1911.0,-0.68,1067.0,712.6,603.0
SCB,7/9/2015,1911.0,1928.0,1900.0,1925.0,0.73,1294.0,712.6,603.0
SCB,7/12/2015,1925.0,1944.0,1890.0,1944.0,0.99,3215.0,712.6,603.0
SCB,7/13/2015,1944.0,1949.0,1910.0,1915.0,-1.49,375.0,712.6,603.0
SCB,7/14/2015,1915.0,1924.0,1911.0,1920.0,0.26,504.0,712.6,603.0
SCB,7/15/2015,1920.0,1928.0,1910.0,1928.0,0.42,640.0,712.6,603.0
SCB,7/16/2015,1928.0,1943.0,1930.0,1943.0,0.78,596.0,712.6,603.0
SCB,7/22/2015,1943.0,1961.0,1926.0,1960.0,0.87,754.0,712.6,603.0
SCB,7/23/2015,1960.0,2156.0,1980.0,2156.0,10.0,4806.0,712.6,603.0
SCB,7/26/2015,2156.0,2199.0,2199.0,2199.0,1.99,21.0,712.6,603.0
SCB,7/27/2015,2199.0,2418.0,2206.0,2390.0,8.69,26161.0,712.6,603.0
SCB,7/28/2015,2390.0,2389.0,2275.0,2301.0,-3.72,8939.0,712.6,603.0
SCB,7/29/2015,2301.0,2305.0,2260.0,2295.0,-0.26,5289.0,712.6,603.0
SCB,7/30/2015,2295.0,2380.0,2285.0,2330.0,1.53,4608.0,712.6,603.0
SCB,8/2/2015,2330.0,2350.0,2330.0,2350.0,0.86,3001.0,712.6,603.0
SCB,8/3/2015,2350.0,2346.0,2326.0,2344.0,-0.26,4396.0,712.6,603.0
SCB,8/4/2015,2344.0,2350.0,2320.0,2338.0,-0.26,5293.0,712.6,603.0
SCB,8/5/2015,2338.0,2320.0,2265.0,2320.0,-0.77,3982.0,712.6,603.0
SCB,8/6/2015,2320.0,2345.0,2300.0,2328.0,0.34,6300.0,712.6,603.0
SCB,8/9/2015,2328.0,2560.0,2374.0,2500.0,7.39,7467.0,712.6,603.0
SCB,8/10/2015,2500.0,2706.0,2550.0,2680.0,7.2,1821.0,712.6,603.0
SCB,8/11/2015,2680.0,2700.0,2600.0,2635.0,-1.68,3335.0,712.6,603.0
SCB,8/12/2015,2635.0,2650.0,2590.0,2630.0,-0.19,3873.0,712.6,603.0
SCB,8/13/2015,2630.0,2740.0,2655.0,2730.0,3.8,4922.0,712.6,603.0
SCB,8/16/2015,2730.0,2912.0,2750.0,2910.0,6.59,5844.0,712.6,603.0
SCB,8/17/2015,2910.0,3115.0,2920.0,3005.0,3.26,6956.0,712.6,603.0
SCB,8/18/2015,3005.0,3065.0,2920.0,2970.0,-1.16,7087.0,712.6,603.0
SCB,8/19/2015,2970.0,3000.0,2990.0,2995.0,0.84,7133.0,712.6,603.0
SCB,8/20/2015,2995.0,3150.0,2980.0,2999.0,0.13,2225.0,712.6,603.0
SCB,8/23/2015,2999.0,2980.0,2900.0,2941.0,-1.93,7258.0,712.6,603.0
SCB,8/24/2015,2941.0,3005.0,2900.0,2900.0,-1.39,3405.0,712.6,603.0
SCB,8/25/2015,2900.0,2890.0,2790.0,2890.0,-0.34,2990.0,712.6,603.0
SCB,8/26/2015,2890.0,2880.0,2865.0,2866.0,-0.83,2172.0,712.6,603.0
SCB,8/27/2015,2866.0,2900.0,2866.0,2892.0,0.91,3696.0,712.6,603.0
SCB,8/31/2015,2892.0,2950.0,2840.0,2922.0,1.04,5852.0,712.6,603.0
SCB,9/1/2015,2922.0,2912.0,2850.0,2853.0,-2.36,2211.0,712.6,603.0
SCB,9/2/2015,2853.0,2860.0,2772.0,2800.0,-1.86,2195.0,712.6,603.0
SCB,9/3/2015,2800.0,2800.0,2700.0,2800.0,0.0,4402.0,712.6,603.0
SCB,9/6/2015,2800.0,2804.0,2691.0,2775.0,-0.89,4707.0,712.6,603.0
SCB,9/7/2015,2775.0,2860.0,2799.0,2800.0,0.9,2629.0,712.6,603.0
SCB,9/8/2015,2800.0,2810.0,2790.0,2795.0,-0.18,4368.0,712.6,603.0
SCB,9/9/2015,2795.0,2850.0,2752.0,2800.0,0.18,3444.0,712.6,603.0
SCB,9/10/2015,2800.0,2800.0,2761.0,2795.0,-0.18,1305.0,712.6,603.0
SCB,9/13/2015,2795.0,2803.0,2740.0,2798.0,0.11,1859.0,712.6,603.0
SCB,9/14/2015,2798.0,2880.0,2800.0,2850.0,1.86,2703.0,712.6,603.0
SCB,9/15/2015,2850.0,2888.0,2858.0,2874.0,0.84,3358.0,712.6,603.0
SCB,9/16/2015,2874.0,2895.0,2845.0,2851.0,-0.8,6343.0,712.6,603.0
SCB,9/17/2015,2851.0,2860.0,2805.0,2826.0,-0.88,4528.0,712.6,603.0
SCB,9/22/2015,2826.0,2840.0,2702.0,2702.0,-4.39,5939.0,712.6,603.0
SCB,9/23/2015,2702.0,2825.0,2755.0,2825.0,4.55,2143.0,712.6,603.0
SCB,9/24/2015,2825.0,2800.0,2775.0,2795.0,-1.06,4729.0,712.6,603.0
SCB,9/28/2015,2795.0,2745.0,2700.0,2730.0,-2.33,2681.0,712.6,603.0
SCB,9/29/2015,2730.0,2760.0,2710.0,2760.0,1.1,2186.0,712.6,603.0
SCB,9/30/2015,2760.0,2881.0,2760.0,2820.0,2.17,5578.0,712.6,603.0
SCB,10/1/2015,2820.0,2865.0,2798.0,2815.0,-0.18,3294.0,712.6,603.0
SCB,10/4/2015,2815.0,2900.0,2861.0,2875.0,2.13,4894.0,712.6,603.0
SCB,10/5/2015,2875.0,2856.0,2790.0,2850.0,-0.87,2818.0,712.6,603.0
SCB,10/6/2015,2850.0,2830.0,2800.0,2808.0,-1.47,6887.0,712.6,603.0
SCB,10/7/2015,2808.0,2800.0,2750.0,2800.0,-0.28,5142.0,712.6,603.0
SCB,10/8/2015,2800.0,2812.0,2760.0,2812.0,0.43,3307.0,712.6,603.0
SCB,10/11/2015,2812.0,2780.0,2751.0,2760.0,-1.85,5002.0,712.6,603.0
SCB,10/14/2015,2760.0,2750.0,2720.0,2720.0,-1.45,3866.0,712.6,603.0
SCB,10/15/2015,2720.0,2735.0,2646.0,2700.0,-0.74,2191.0,712.6,603.0
SCB,10/18/2015,2700.0,2655.0,2591.0,2601.0,-3.67,2455.0,712.6,603.0
SCB,10/19/2015,2601.0,2660.0,2602.0,2653.0,2.0,1579.0,712.6,603.0
SCB,10/25/2015,2653.0,2615.0,2592.0,2605.0,-1.81,1327.0,712.6,603.0
SCB,10/27/2015,2605.0,2553.0,2500.0,2503.0,-3.92,1056.0,712.6,603.0
SCB,10/28/2015,2503.0,2489.0,2350.0,2489.0,-0.56,5224.0,712.6,603.0
SCB,10/29/2015,2489.0,2538.0,2470.0,2490.0,0.04,2299.0,712.6,603.0
SCB,11/1/2015,2490.0,2530.0,2480.0,2520.0,1.2,4581.0,712.6,603.0
SCB,11/2/2015,2520.0,2550.0,2500.0,2500.0,-0.79,1818.0,712.6,603.0
SCB,11/3/2015,2500.0,2511.0,2475.0,2511.0,0.44,1945.0,712.6,603.0
SCB,11/4/2015,2511.0,2520.0,2500.0,2511.0,0.0,2382.0,712.6,603.0
SCB,11/5/2015,2511.0,2540.0,2500.0,2515.0,0.16,678.0,712.6,603.0
SCB,11/8/2015,2515.0,2515.0,2504.0,2504.0,-0.44,1864.0,712.6,603.0
SCB,11/9/2015,2504.0,2570.0,2540.0,2570.0,2.64,1451.0,712.6,603.0
SCB,11/10/2015,2570.0,2590.0,2530.0,2590.0,0.78,2230.0,712.6,603.0
SCB,11/15/2015,2590.0,2590.0,2505.0,2530.0,-2.32,1544.0,712.6,603.0
SCB,11/16/2015,2530.0,2550.0,2520.0,2534.0,0.16,614.0,712.6,603.0
SCB,11/18/2015,2534.0,2585.0,2550.0,2560.0,1.03,932.0,712.6,603.0
SCB,11/19/2015,2560.0,2535.0,2510.0,2534.0,-1.02,1874.0,712.6,603.0
SCB,11/22/2015,2534.0,2508.0,2475.0,2492.0,-1.66,5613.0,712.6,603.0
SCB,11/23/2015,2492.0,2450.0,2401.0,2450.0,-1.69,903.0,712.6,603.0
SCB,11/24/2015,2450.0,2515.0,2450.0,2500.0,2.04,323.0,712.6,603.0
SCB,11/25/2015,2500.0,2490.0,2431.0,2431.0,-2.76,2121.0,712.6,603.0
SCB,11/26/2015,2431.0,2405.0,2375.0,2400.0,-1.28,4613.0,712.6,603.0
SCB,11/29/2015,2400.0,2401.0,2320.0,2321.0,-3.29,1824.0,712.6,603.0
SCB,11/30/2015,2321.0,2379.0,2350.0,2375.0,2.33,987.0,712.6,603.0
SCB,12/1/2015,2375.0,2465.0,2375.0,2465.0,3.79,1152.0,712.6,603.0
SCB,12/2/2015,2465.0,2460.0,2430.0,2430.0,-1.42,1560.0,712.6,603.0
SCB,12/3/2015,2430.0,2488.0,2400.0,2462.0,1.32,3612.0,712.6,603.0
SCB,12/6/2015,2462.0,2680.0,2500.0,2680.0,8.85,5369.0,712.6,603.0
SCB,12/7/2015,2680.0,2750.0,2548.0,2548.0,-4.93,9003.0,712.6,603.0
SCB,12/8/2015,2548.0,2498.0,2294.0,2365.0,-7.18,7482.0,712.6,603.0
SCB,12/9/2015,2365.0,2441.0,2370.0,2435.0,2.96,2507.0,712.6,603.0
SCB,12/10/2015,2435.0,2461.0,2430.0,2450.0,0.62,2189.0,712.6,603.0
SCB,12/13/2015,2450.0,2480.0,2465.0,2475.0,1.02,1085.0,712.6,603.0
SCB,12/14/2015,2475.0,2524.0,2452.0,2475.0,0.0,1702.0,712.6,603.0
SCB,12/15/2015,2475.0,2470.0,2400.0,2411.0,-2.59,2110.0,712.6,603.0
SCB,12/16/2015,2411.0,2455.0,2425.0,2425.0,0.58,4937.0,712.6,603.0
SCB,12/17/2015,2425.0,2400.0,2390.0,2400.0,-1.03,1047.0,712.6,603.0
SCB,12/20/2015,2400.0,2425.0,2405.0,2412.0,0.5,684.0,712.6,603.0
SCB,12/21/2015,2412.0,2439.0,2411.0,2439.0,1.12,3817.0,712.6,603.0
SCB,12/22/2015,2439.0,2480.0,2450.0,2465.0,1.07,1698.0,712.6,603.0
SCB,12/23/2015,2465.0,2525.0,2435.0,2520.0,2.23,2795.0,712.6,603.0
SCB,12/24/2015,2520.0,2515.0,2501.0,2510.0,-0.4,1113.0,712.6,603.0
SCB,12/27/2015,2510.0,2509.0,2495.0,2495.0,-0.6,910.0,712.6,603.0
SCB,12/28/2015,2495.0,2500.0,2460.0,2460.0,-1.4,513.0,712.6,603.0
SCB,12/29/2015,2460.0,2615.0,2500.0,2600.0,5.69,5915.0,712.6,603.0
SCB,12/31/2015,2600.0,2685.0,2552.0,2645.0,1.73,1924.0,712.6,603.0
SCB,1/3/2016,2645.0,2655.0,2615.0,2630.0,-0.57,2378.0,712.6,603.0
SCB,1/4/2016,2630.0,2590.0,2550.0,2555.0,-2.85,805.0,712.6,603.0
SCB,1/5/2016,2555.0,2565.0,2549.0,2565.0,0.39,1097.0,712.6,603.0
SCB,1/6/2016,2565.0,2580.0,2550.0,2566.0,0.04,786.0,712.6,603.0
SCB,1/7/2016,2566.0,2600.0,2566.0,2590.0,0.94,1419.0,712.6,603.0
SCB,1/10/2016,2590.0,2625.0,2545.0,2610.0,0.77,3215.0,712.6,603.0
SCB,1/11/2016,2610.0,2600.0,2575.0,2580.0,-1.15,2034.0,712.6,603.0
SCB,1/12/2016,2580.0,2605.0,2595.0,2596.0,0.62,1892.0,712.6,603.0
SCB,1/13/2016,2596.0,2620.0,2585.0,2620.0,0.92,2249.0,712.6,603.0
SCB,1/14/2016,2620.0,2690.0,2625.0,2675.0,2.1,3450.0,712.6,603.0
SCB,1/17/2016,2675.0,2728.0,2675.0,2705.0,1.12,3512.0,712.6,603.0
SCB,1/18/2016,2705.0,2715.0,2678.0,2687.0,-0.67,2595.0,712.6,603.0
SCB,1/19/2016,2687.0,2675.0,2645.0,2670.0,-0.63,1428.0,712.6,603.0
SCB,1/20/2016,2670.0,2671.0,2645.0,2645.0,-0.94,4939.0,712.6,603.0
SCB,1/21/2016,2645.0,2645.0,2600.0,2645.0,0.0,1731.0,712.6,603.0
SCB,1/24/2016,2645.0,2660.0,2600.0,2646.0,0.04,1389.0,712.6,603.0
SCB,1/25/2016,2646.0,2695.0,2650.0,2650.0,0.15,2357.0,712.6,603.0
SCB,1/26/2016,2650.0,2660.0,2641.0,2655.0,0.19,3463.0,712.6,603.0
SCB,1/27/2016,2655.0,2670.0,2635.0,2660.0,0.19,1417.0,712.6,603.0
SCB,1/28/2016,2660.0,2650.0,2640.0,2650.0,-0.38,3019.0,712.6,603.0
SCB,1/31/2016,2650.0,2670.0,2654.0,2660.0,0.38,1370.0,712.6,603.0
SCB,2/1/2016,2660.0,2715.0,2670.0,2715.0,2.07,4792.0,712.6,603.0
SCB,2/2/2016,2715.0,2750.0,2695.0,2715.0,0.0,2634.0,712.6,603.0
SCB,2/3/2016,2715.0,2730.0,2690.0,2711.0,-0.15,1322.0,712.6,603.0
SCB,2/4/2016,2711.0,2750.0,2700.0,2735.0,0.89,3666.0,712.6,603.0
SCB,2/7/2016,2735.0,2790.0,2752.0,2760.0,0.91,2938.0,712.6,603.0
SCB,2/8/2016,2760.0,2775.0,2751.0,2755.0,-0.18,4865.0,712.6,603.0
SCB,2/11/2016,2755.0,2746.0,2688.0,2700.0,-2.0,3133.0,712.6,603.0
SCB,2/14/2016,2700.0,2740.0,2685.0,2686.0,-0.52,523.0,712.6,603.0
SCB,2/15/2016,2686.0,2690.0,2631.0,2690.0,0.15,779.0,712.6,603.0
SCB,2/16/2016,2690.0,2688.0,2670.0,2680.0,-0.37,270.0,712.6,603.0
SCB,2/17/2016,2680.0,2711.0,2627.0,2690.0,0.37,4028.0,712.6,603.0
SCB,2/18/2016,2690.0,2679.0,2637.0,2669.0,-0.78,2574.0,712.6,603.0
SCB,2/21/2016,2669.0,2700.0,2660.0,2670.0,0.04,4522.0,712.6,603.0
SCB,2/22/2016,2670.0,2907.0,2650.0,2850.0,6.74,11549.0,712.6,603.0
SCB,2/23/2016,2850.0,2940.0,2801.0,2815.0,-1.23,8129.0,712.6,603.0
SCB,2/24/2016,2815.0,2830.0,2795.0,2805.0,-0.36,8212.0,712.6,603.0
SCB,2/25/2016,2805.0,2810.0,2750.0,2800.0,-0.18,6556.0,712.6,603.0
SCB,2/28/2016,2800.0,2820.0,2790.0,2800.0,0.0,5948.0,712.6,603.0
SCB,2/29/2016,2800.0,2820.0,2800.0,2820.0,0.71,2548.0,712.6,603.0
SCB,3/1/2016,2820.0,2815.0,2800.0,2802.0,-0.64,2556.0,712.6,603.0
SCB,3/2/2016,2802.0,2810.0,2785.0,2810.0,0.29,2177.0,712.6,603.0
SCB,3/3/2016,2810.0,2815.0,2785.0,2800.0,-0.36,977.0,712.6,603.0
SCB,3/6/2016,2800.0,2850.0,2820.0,2835.0,1.25,1536.0,712.6,603.0
SCB,3/10/2016,2835.0,2900.0,2800.0,2820.0,-0.53,1043.0,712.6,603.0
SCB,3/13/2016,2820.0,2825.0,2811.0,2820.0,0.0,2679.0,712.6,603.0
SCB,3/14/2016,2820.0,2821.0,2800.0,2801.0,-0.67,2869.0,712.6,603.0
SCB,3/15/2016,2801.0,2815.0,2800.0,2815.0,0.5,5161.0,712.6,603.0
SCB,3/16/2016,2815.0,2880.0,2849.0,2870.0,1.95,5387.0,712.6,603.0
SCB,3/17/2016,2870.0,2890.0,2850.0,2882.0,0.42,4543.0,712.6,603.0
SCB,3/20/2016,2882.0,2900.0,2865.0,2886.0,0.14,3898.0,712.6,603.0
SCB,3/21/2016,2886.0,2935.0,2885.0,2900.0,0.49,4793.0,712.6,603.0
SCB,3/23/2016,2900.0,2915.0,2890.0,2915.0,0.52,5319.0,712.6,603.0
SCB,3/24/2016,2915.0,3000.0,2948.0,2970.0,1.89,9480.0,712.6,603.0
SCB,3/27/2016,2970.0,3029.0,2992.0,3014.0,1.48,13398.0,712.6,603.0
SCB,3/28/2016,3014.0,3040.0,2995.0,3020.0,0.2,6286.0,712.6,603.0
SCB,3/29/2016,3020.0,3010.0,2985.0,2997.0,-0.76,6662.0,712.6,603.0
SCB,3/30/2016,2997.0,3020.0,2980.0,3005.0,0.27,7489.0,712.6,603.0
SCB,3/31/2016,3005.0,3020.0,2990.0,3018.0,0.43,6159.0,712.6,603.0
SCB,4/3/2016,3018.0,3265.0,3015.0,3085.0,2.22,12466.0,712.6,603.0
SCB,4/4/2016,3085.0,3090.0,3050.0,3077.0,-0.26,6704.0,712.6,603.0
SCB,4/5/2016,3077.0,3130.0,3100.0,3110.0,1.07,5964.0,712.6,603.0
SCB,4/6/2016,3110.0,3162.0,3130.0,3135.0,0.8,7013.0,712.6,603.0
SCB,4/10/2016,3135.0,3172.0,3150.0,3165.0,0.96,3404.0,712.6,603.0
SCB,4/11/2016,3165.0,3210.0,3180.0,3190.0,0.79,4514.0,712.6,603.0
SCB,4/12/2016,3190.0,3200.0,3190.0,3198.0,0.25,2725.0,712.6,603.0
SCB,4/14/2016,3198.0,3255.0,3195.0,3245.0,1.47,8828.0,712.6,603.0
SCB,4/17/2016,3245.0,3360.0,3230.0,3279.0,1.05,15205.0,712.6,603.0
SCB,4/18/2016,3279.0,3365.0,3299.0,3364.0,2.59,9918.0,712.6,603.0
SCB,4/19/2016,3364.0,3430.0,3350.0,3379.0,0.45,8785.0,712.6,603.0
SCB,4/20/2016,3379.0,3420.0,3340.0,3340.0,-1.15,19805.0,712.6,603.0
SCB,4/21/2016,3340.0,3406.0,3270.0,3374.0,1.02,20915.0,712.6,603.0
SCB,4/24/2016,3374.0,3480.0,3390.0,3480.0,3.14,19903.0,712.6,603.0
SCB,4/25/2016,3480.0,3501.0,3480.0,3488.0,0.23,14145.0,712.6,603.0
SCB,4/26/2016,3488.0,3500.0,3476.0,3478.0,-0.29,13290.0,712.6,603.0
SCB,4/27/2016,3478.0,3502.0,3451.0,3500.0,0.63,18159.0,712.6,603.0
SCB,4/28/2016,3500.0,3600.0,3511.0,3595.0,2.71,49736.0,712.6,603.0
SCB,5/2/2016,2876.0,3100.0,2933.0,3080.0,-14.33,19524.0,712.6,603.0
SCB,5/3/2016,3080.0,3133.0,3100.0,3105.0,0.81,10935.0,712.6,603.0
SCB,5/4/2016,3105.0,3105.0,3045.0,3095.0,-0.32,3516.0,712.6,603.0
SCB,5/5/2016,3095.0,3085.0,3000.0,3061.0,-1.1,8708.0,712.6,603.0
SCB,5/8/2016,3061.0,3065.0,3030.0,3050.0,-0.36,4971.0,712.6,603.0
SCB,5/9/2016,3050.0,3050.0,3033.0,3040.0,-0.33,4092.0,712.6,603.0
SCB,5/10/2016,3040.0,3041.0,3015.0,3020.0,-0.66,5366.0,712.6,603.0
SCB,5/11/2016,3020.0,2999.0,2923.0,2960.0,-1.99,8280.0,712.6,603.0
SCB,5/12/2016,2960.0,2965.0,2901.0,2935.0,-0.84,6057.0,712.6,603.0
SCB,5/15/2016,2935.0,2899.0,2846.0,2865.0,-2.39,6609.0,712.6,603.0
SCB,5/16/2016,2865.0,2858.0,2822.0,2830.0,-1.22,5172.0,712.6,603.0
SCB,5/17/2016,2830.0,2900.0,2830.0,2900.0,2.47,1558.0,712.6,603.0
SCB,5/18/2016,2900.0,2960.0,2900.0,2932.0,1.1,3148.0,712.6,603.0
SCB,5/19/2016,2932.0,2968.0,2940.0,2942.0,0.34,3387.0,712.6,603.0
SCB,5/22/2016,2942.0,2950.0,2920.0,2948.0,0.2,2271.0,712.6,603.0
SCB,5/23/2016,2948.0,2980.0,2950.0,2957.0,0.31,4443.0,712.6,603.0
SCB,5/24/2016,2957.0,3042.0,2960.0,3025.0,2.3,13042.0,712.6,603.0
SCB,5/25/2016,3025.0,3015.0,2941.0,2950.0,-2.48,4755.0,712.6,603.0
SCB,5/26/2016,2950.0,2960.0,2892.0,2950.0,0.0,6010.0,712.6,603.0
SCB,5/29/2016,2950.0,2950.0,2900.0,2915.0,-1.19,1511.0,712.6,603.0
SCB,5/30/2016,2915.0,2920.0,2900.0,2910.0,-0.17,8189.0,712.6,603.0
SCB,5/31/2016,2910.0,2925.0,2900.0,2912.0,0.07,4587.0,712.6,603.0
SCB,6/1/2016,2912.0,2915.0,2890.0,2910.0,-0.07,4067.0,712.6,603.0
SCB,6/2/2016,2910.0,2915.0,2890.0,2900.0,-0.34,3186.0,712.6,603.0
SCB,6/5/2016,2900.0,2900.0,2835.0,2835.0,-2.24,8374.0,712.6,603.0
SCB,6/6/2016,2835.0,2895.0,2862.0,2875.0,1.41,2878.0,712.6,603.0
SCB,6/7/2016,2875.0,2930.0,2900.0,2904.0,1.01,2524.0,712.6,603.0
SCB,6/8/2016,2904.0,2925.0,2895.0,2920.0,0.55,3768.0,712.6,603.0
SCB,6/9/2016,2920.0,2960.0,2910.0,2950.0,1.03,6951.0,712.6,603.0
SCB,6/12/2016,2950.0,3245.0,3000.0,3245.0,10.0,26138.0,712.6,603.0
SCB,6/13/2016,3245.0,3569.0,3309.0,3390.0,4.47,20537.0,712.6,603.0
SCB,6/14/2016,3390.0,3440.0,3300.0,3400.0,0.29,23281.0,712.6,603.0
SCB,6/15/2016,3400.0,3380.0,3345.0,3350.0,-1.47,4576.0,712.6,603.0
SCB,6/16/2016,3350.0,3360.0,3300.0,3336.0,-0.42,6778.0,712.6,603.0
SCB,6/19/2016,3336.0,3370.0,3270.0,3335.0,-0.03,5658.0,712.6,603.0
SCB,6/20/2016,3335.0,3350.0,3253.0,3300.0,-1.05,3742.0,712.6,603.0
SCB,6/21/2016,3300.0,3309.0,3280.0,3300.0,0.0,4870.0,712.6,603.0
SCB,6/22/2016,3300.0,3430.0,3320.0,3360.0,1.82,4821.0,712.6,603.0
SCB,6/23/2016,3360.0,3695.0,3360.0,3675.0,9.38,21284.0,712.6,603.0
SCB,6/26/2016,3675.0,3840.0,3678.0,3770.0,2.59,18238.0,712.6,603.0
SCB,6/27/2016,3770.0,3840.0,3775.0,3795.0,0.66,7640.0,712.6,603.0
SCB,6/28/2016,3795.0,3838.0,3760.0,3777.0,-0.47,6434.0,712.6,603.0
SCB,6/29/2016,3777.0,3750.0,3690.0,3690.0,-2.3,2355.0,712.6,603.0
SCB,6/30/2016,3690.0,3682.0,3620.0,3682.0,-0.22,7194.0,712.6,603.0
SCB,7/3/2016,3682.0,3682.0,3549.0,3600.0,-2.23,5091.0,712.6,603.0
SCB,7/4/2016,3600.0,3650.0,3579.0,3580.0,-0.56,4169.0,712.6,603.0
SCB,7/5/2016,3580.0,3584.0,3525.0,3583.0,0.08,8616.0,712.6,603.0
SCB,7/6/2016,3583.0,3610.0,3562.0,3580.0,-0.08,3470.0,712.6,603.0
SCB,7/10/2016,3580.0,3650.0,3555.0,3588.0,0.22,8473.0,712.6,603.0
SCB,7/11/2016,3588.0,3600.0,3510.0,3510.0,-2.17,2412.0,712.6,603.0
SCB,7/12/2016,3510.0,3520.0,3320.0,3475.0,-1.0,4117.0,712.6,603.0
SCB,7/13/2016,3475.0,3475.0,3409.0,3460.0,-0.43,4086.0,712.6,603.0
SCB,7/14/2016,3460.0,3630.0,3490.0,3600.0,4.05,5027.0,712.6,603.0
SCB,7/17/2016,3600.0,3650.0,3550.0,3612.0,0.33,5088.0,712.6,603.0
SCB,7/18/2016,3612.0,3685.0,3600.0,3629.0,0.47,4777.0,712.6,603.0
SCB,7/19/2016,3629.0,3701.0,3650.0,3690.0,1.68,8043.0,712.6,603.0
SCB,7/20/2016,3690.0,3700.0,3600.0,3660.0,-0.81,3369.0,712.6,603.0
SCB,7/21/2016,3660.0,3680.0,3600.0,3640.0,-0.55,2305.0,712.6,603.0
SCB,7/25/2016,3640.0,3669.0,3630.0,3635.0,-0.14,4127.0,712.6,603.0
SCB,7/26/2016,3635.0,3707.0,3563.0,3670.0,0.96,4469.0,712.6,603.0
SCB,7/27/2016,3670.0,3800.0,3725.0,3776.0,2.89,12121.0,712.6,603.0
SCB,7/28/2016,3776.0,3860.0,3780.0,3825.0,1.3,13635.0,712.6,603.0
SCB,7/31/2016,3825.0,3805.0,3780.0,3780.0,-1.18,4994.0,712.6,603.0
SCB,8/1/2016,3780.0,3800.0,3675.0,3750.0,-0.79,4237.0,712.6,603.0
SCB,8/2/2016,3750.0,3750.0,3650.0,3675.0,-2.0,4719.0,712.6,603.0
SCB,8/3/2016,3675.0,3685.0,3605.0,3650.0,-0.68,2614.0,712.6,603.0
SCB,8/4/2016,3650.0,3680.0,3506.0,3571.0,-2.16,9571.0,712.6,603.0
SCB,8/7/2016,3571.0,3708.0,3555.0,3565.0,-0.17,7646.0,712.6,603.0
SCB,8/8/2016,3565.0,3500.0,3332.0,3332.0,-6.54,4810.0,712.6,603.0
SCB,8/9/2016,3332.0,3547.0,3398.0,3547.0,6.45,860.0,712.6,603.0
SCB,8/10/2016,3547.0,3635.0,3430.0,3565.0,0.51,8208.0,712.6,603.0
SCB,8/11/2016,3565.0,3636.0,3530.0,3550.0,-0.42,1379.0,712.6,603.0
SCB,8/14/2016,3550.0,3520.0,3363.0,3400.0,-4.23,3653.0,712.6,603.0
SCB,8/15/2016,3400.0,3354.0,3200.0,3250.0,-4.41,4293.0,712.6,603.0
SCB,8/16/2016,3250.0,3299.0,3145.0,3295.0,1.38,3154.0,712.6,603.0
SCB,8/17/2016,3295.0,3360.0,3300.0,3345.0,1.52,4656.0,712.6,603.0
SCB,8/21/2016,3345.0,3348.0,3302.0,3302.0,-1.29,1341.0,712.6,603.0
SCB,8/22/2016,3302.0,3260.0,3200.0,3206.0,-2.91,2513.0,712.6,603.0
SCB,8/23/2016,3206.0,3260.0,3145.0,3200.0,-0.19,4772.0,712.6,603.0
SCB,8/24/2016,3200.0,3520.0,3264.0,3520.0,10.0,3692.0,712.6,603.0
SCB,8/28/2016,3520.0,3872.0,3590.0,3695.0,4.97,28438.0,712.6,603.0
SCB,8/29/2016,3695.0,3730.0,3660.0,3674.0,-0.57,9137.0,712.6,603.0
SCB,8/30/2016,3674.0,3725.0,3660.0,3662.0,-0.33,8442.0,712.6,603.0
SCB,8/31/2016,3662.0,3689.0,3640.0,3670.0,0.22,4495.0,712.6,603.0
SCB,9/1/2016,3670.0,3750.0,3676.0,3750.0,2.18,10817.0,712.6,603.0
SCB,9/3/2016,3750.0,3825.0,3750.0,3790.0,1.07,4945.0,712.6,603.0
SCB,9/4/2016,3750.0,3825.0,3750.0,3790.0,0.0,4945.0,712.6,603.0
SCB,9/5/2016,3790.0,3900.0,3795.0,3860.0,1.85,10074.0,712.6,603.0
SCB,9/6/2016,3860.0,3952.0,3800.0,3895.0,0.91,9247.0,712.6,603.0
SCB,9/7/2016,3895.0,3890.0,3771.0,3780.0,-2.95,6388.0,712.6,603.0
SCB,9/8/2016,3780.0,3900.0,3772.0,3780.0,0.0,4723.0,712.6,603.0
SCB,9/11/2016,3780.0,3825.0,3800.0,3800.0,0.53,4560.0,712.6,603.0
SCB,9/12/2016,3800.0,3810.0,3790.0,3801.0,0.03,5253.0,712.6,603.0
SCB,9/14/2016,3801.0,3810.0,3781.0,3790.0,-0.29,2408.0,712.6,603.0
SCB,9/18/2016,3790.0,3800.0,3750.0,3750.0,-1.06,3821.0,712.6,603.0
SCB,9/20/2016,3750.0,3750.0,3680.0,3680.0,-1.87,3147.0,712.6,603.0
SCB,9/21/2016,3680.0,3650.0,3580.0,3650.0,-0.82,3886.0,712.6,603.0
SCB,9/22/2016,3650.0,3620.0,3590.0,3595.0,-1.51,3877.0,712.6,603.0
SCB,9/25/2016,3595.0,3610.0,3591.0,3605.0,0.28,5265.0,712.6,603.0
SCB,9/26/2016,3605.0,3690.0,3610.0,3690.0,2.36,1914.0,712.6,603.0
SCB,9/27/2016,3690.0,3710.0,3680.0,3710.0,0.54,3281.0,712.6,603.0
SCB,9/28/2016,3710.0,3710.0,3685.0,3685.0,-0.67,1091.0,712.6,603.0
SCB,9/29/2016,3685.0,3698.0,3605.0,3688.0,0.08,1915.0,712.6,603.0
SCB,10/2/2016,3688.0,3700.0,3670.0,3672.0,-0.43,973.0,712.6,603.0
SCB,10/3/2016,3672.0,3784.0,3710.0,3710.0,1.03,895.0,712.6,603.0
SCB,10/4/2016,3710.0,3780.0,3750.0,3760.0,1.35,986.0,712.6,603.0
SCB,10/5/2016,3760.0,3790.0,3740.0,3740.0,-0.53,2303.0,712.6,603.0
SCB,10/6/2016,3740.0,3810.0,3760.0,3760.0,0.53,2122.0,712.6,603.0
SCB,10/16/2016,3760.0,3780.0,3650.0,3700.0,-1.6,1921.0,712.6,603.0
SCB,10/17/2016,3700.0,3670.0,3635.0,3650.0,-1.35,3627.0,712.6,603.0
SCB,10/18/2016,3650.0,3700.0,3630.0,3700.0,1.37,2637.0,712.6,603.0
SCB,10/19/2016,3700.0,3695.0,3651.0,3670.0,-0.81,1752.0,712.6,603.0
SCB,10/20/2016,3670.0,3893.0,3671.0,3693.0,0.63,15564.0,712.6,603.0
SCB,10/23/2016,3693.0,3693.0,3545.0,3570.0,-3.33,12851.0,712.6,603.0
SCB,10/24/2016,3570.0,3610.0,3430.0,3515.0,-1.54,30844.0,712.6,603.0
SCB,10/25/2016,3515.0,3500.0,3450.0,3468.0,-1.34,18877.0,712.6,603.0
SCB,10/26/2016,3468.0,3480.0,3410.0,3438.0,-0.87,8919.0,712.6,603.0
SCB,10/27/2016,3438.0,3459.0,3425.0,3425.0,-0.38,7858.0,712.6,603.0
SCB,11/3/2016,3425.0,3490.0,3440.0,3480.0,1.61,1510.0,712.6,603.0
SCB,11/7/2016,3480.0,3450.0,3400.0,3405.0,-2.16,2621.0,712.6,603.0
SCB,11/8/2016,3405.0,3350.0,3290.0,3305.0,-2.94,5452.0,712.6,603.0
SCB,11/9/2016,3305.0,3309.0,3230.0,3240.0,-1.97,5139.0,712.6,603.0
SCB,11/10/2016,3240.0,3304.0,3205.0,3225.0,-0.46,2840.0,712.6,603.0
SCB,11/13/2016,3225.0,3250.0,3200.0,3200.0,-0.78,9073.0,712.6,603.0
SCB,11/14/2016,3200.0,3255.0,3208.0,3213.0,0.41,6173.0,712.6,603.0
SCB,11/15/2016,3213.0,3215.0,3165.0,3170.0,-1.34,6987.0,712.6,603.0
SCB,11/16/2016,3170.0,3210.0,3080.0,3143.0,-0.85,10667.0,712.6,603.0
SCB,11/17/2016,3143.0,3115.0,3070.0,3070.0,-2.32,11409.0,712.6,603.0
SCB,11/20/2016,3070.0,3065.0,2893.0,2940.0,-4.23,9143.0,712.6,603.0
SCB,11/21/2016,2940.0,2980.0,2852.0,2925.0,-0.51,6559.0,712.6,603.0
SCB,11/22/2016,2925.0,2940.0,2800.0,2890.0,-1.2,4845.0,712.6,603.0
SCB,11/23/2016,2890.0,2890.0,2751.0,2776.0,-3.94,6890.0,712.6,603.0
SCB,11/24/2016,2776.0,2956.0,2780.0,2840.0,2.31,7317.0,712.6,603.0
SCB,11/27/2016,2840.0,2840.0,2676.0,2733.0,-3.77,6042.0,712.6,603.0
SCB,11/28/2016,2733.0,2850.0,2600.0,2806.0,2.67,7217.0,712.6,603.0
SCB,11/29/2016,2806.0,2907.0,2753.0,2870.0,2.28,11007.0,712.6,603.0
SCB,11/30/2016,2870.0,3050.0,2870.0,3050.0,6.27,7720.0,712.6,603.0
SCB,12/1/2016,3050.0,3110.0,2960.0,2960.0,-2.95,6279.0,712.6,603.0
SCB,12/4/2016,2960.0,2965.0,2900.0,2910.0,-1.69,5348.0,712.6,603.0
SCB,12/5/2016,2910.0,2900.0,2860.0,2888.0,-0.76,4942.0,712.6,603.0
SCB,12/6/2016,2888.0,2893.0,2860.0,2870.0,-0.62,18542.0,712.6,603.0
SCB,12/7/2016,2153.0,2200.0,2115.0,2122.0,-26.06,4463.0,712.6,603.0
SCB,12/8/2016,2122.0,2110.0,2085.0,2100.0,-1.04,4126.0,712.6,603.0
SCB,12/11/2016,2100.0,2100.0,2050.0,2050.0,-2.38,4366.0,712.6,603.0
SCB,12/12/2016,2050.0,2050.0,2000.0,2014.0,-1.76,3347.0,712.6,603.0
SCB,12/14/2016,2014.0,2025.0,1992.0,2019.0,0.25,3016.0,712.6,603.0
SCB,12/15/2016,2019.0,2091.0,2005.0,2090.0,3.52,1638.0,712.6,603.0
SCB,12/18/2016,2090.0,2110.0,2010.0,2090.0,0.0,2170.0,712.6,603.0
SCB,12/19/2016,2090.0,2074.0,2020.0,2035.0,-2.63,3449.0,712.6,603.0
SCB,12/20/2016,2035.0,2030.0,1956.0,1970.0,-3.19,7287.0,712.6,603.0
SCB,12/21/2016,1970.0,1979.0,1935.0,1935.0,-1.78,4795.0,712.6,603.0
SCB,12/22/2016,1935.0,1997.0,1938.0,1997.0,3.2,4334.0,712.6,603.0
SCB,12/26/2016,1997.0,1985.0,1900.0,1922.0,-3.76,5883.0,712.6,603.0
SCB,12/27/2016,1922.0,1900.0,1852.0,1873.0,-2.55,2286.0,712.6,603.0
SCB,12/28/2016,1873.0,1895.0,1830.0,1853.0,-1.07,2944.0,712.6,603.0
SCB,12/29/2016,1853.0,1910.0,1876.0,1891.0,2.05,4252.0,712.6,603.0
SCB,1/1/2017,1891.0,1952.0,1915.0,1940.0,2.59,4231.0,712.6,603.0
SCB,1/2/2017,1940.0,1962.0,1926.0,1953.0,0.67,5496.0,712.6,603.0
SCB,1/3/2017,1953.0,1970.0,1925.0,1925.0,-1.43,4914.0,712.6,603.0
SCB,1/4/2017,1925.0,1940.0,1900.0,1925.0,0.0,1832.0,712.6,603.0
SCB,1/5/2017,1925.0,1930.0,1900.0,1912.0,-0.68,3754.0,712.6,603.0
SCB,1/8/2017,1912.0,1905.0,1870.0,1895.0,-0.89,3150.0,712.6,603.0
SCB,1/9/2017,1895.0,1932.0,1900.0,1915.0,1.06,1874.0,712.6,603.0
SCB,1/10/2017,1915.0,1970.0,1925.0,1952.0,1.93,1216.0,712.6,603.0
SCB,1/11/2017,1952.0,2015.0,1960.0,1976.0,1.23,5704.0,712.6,603.0
SCB,1/12/2017,1976.0,1998.0,1970.0,1998.0,1.11,4321.0,712.6,603.0
SCB,1/15/2017,1998.0,2197.0,2037.0,2197.0,9.96,20893.0,712.6,603.0
SCB,1/16/2017,2197.0,2331.0,2240.0,2260.0,2.87,25348.0,712.6,603.0
SCB,1/17/2017,2260.0,2260.0,2185.0,2210.0,-2.21,8267.0,712.6,603.0
SCB,1/18/2017,2210.0,2202.0,2183.0,2195.0,-0.68,5845.0,712.6,603.0
SCB,1/19/2017,2195.0,2250.0,2180.0,2180.0,-0.68,3002.0,712.6,603.0
SCB,1/22/2017,2180.0,2209.0,2180.0,2200.0,0.92,3988.0,712.6,603.0
SCB,1/23/2017,2200.0,2210.0,2190.0,2200.0,0.0,3930.0,712.6,603.0
SCB,1/24/2017,2200.0,2205.0,2137.0,2140.0,-2.73,2829.0,712.6,603.0
SCB,1/25/2017,2140.0,2100.0,2050.0,2050.0,-4.21,3342.0,712.6,603.0
SCB,1/26/2017,2050.0,2030.0,1960.0,2020.0,-1.46,5670.0,712.6,603.0
SCB,1/30/2017,2020.0,1990.0,1862.0,1862.0,-7.82,4531.0,712.6,603.0
SCB,1/31/2017,1862.0,1930.0,1824.0,1930.0,3.65,4649.0,712.6,603.0
SCB,2/1/2017,1930.0,2068.0,1950.0,2060.0,6.74,6640.0,712.6,603.0
SCB,2/2/2017,2060.0,2155.0,2060.0,2090.0,1.46,4561.0,712.6,603.0
SCB,2/5/2017,2090.0,2059.0,2000.0,2058.0,-1.53,4142.0,712.6,603.0
SCB,2/6/2017,2058.0,2055.0,2025.0,2051.0,-0.34,3312.0,712.6,603.0
SCB,2/7/2017,2051.0,2050.0,2010.0,2044.0,-0.34,1686.0,712.6,603.0
SCB,2/8/2017,2044.0,2040.0,1967.0,1967.0,-3.77,8181.0,712.6,603.0
SCB,2/9/2017,1967.0,1980.0,1908.0,1908.0,-3.0,7592.0,712.6,603.0
SCB,2/12/2017,1908.0,1895.0,1796.0,1800.0,-5.66,11024.0,712.6,603.0
SCB,2/13/2017,1800.0,1875.0,1754.0,1870.0,3.89,7333.0,712.6,603.0
SCB,2/14/2017,1870.0,1890.0,1810.0,1860.0,-0.53,6646.0,712.6,603.0
SCB,2/15/2017,1860.0,1924.0,1865.0,1924.0,3.44,4273.0,712.6,603.0
SCB,2/16/2017,1924.0,2000.0,1935.0,1982.0,3.01,5924.0,712.6,603.0
SCB,2/19/2017,1982.0,2005.0,1943.0,2000.0,0.91,7105.0,712.6,603.0
SCB,2/20/2017,2000.0,2038.0,2001.0,2003.0,0.15,6256.0,712.6,603.0
SCB,2/21/2017,2003.0,2043.0,1960.0,1998.0,-0.25,4904.0,712.6,603.0
SCB,2/22/2017,1998.0,1999.0,1970.0,1976.0,-1.1,2936.0,712.6,603.0
SCB,2/23/2017,1976.0,1983.0,1950.0,1961.0,-0.76,1720.0,712.6,603.0
SCB,2/26/2017,1961.0,1980.0,1965.0,1975.0,0.71,2588.0,712.6,603.0
SCB,2/28/2017,1975.0,1960.0,1900.0,1938.0,-1.87,2143.0,712.6,603.0
SCB,3/1/2017,1938.0,1961.0,1950.0,1950.0,0.62,370.0,712.6,603.0
SCB,3/2/2017,1950.0,2017.0,1960.0,1965.0,0.77,3982.0,712.6,603.0
SCB,3/5/2017,1965.0,2001.0,1955.0,1990.0,1.27,2829.0,712.6,603.0
SCB,3/6/2017,1990.0,2020.0,1985.0,2003.0,0.65,5348.0,712.6,603.0
SCB,3/7/2017,2003.0,2008.0,1970.0,1980.0,-1.15,2255.0,712.6,603.0
SCB,3/9/2017,1980.0,2000.0,1980.0,2000.0,1.01,4106.0,712.6,603.0
SCB,3/13/2017,2000.0,2006.0,1981.0,2000.0,0.0,4167.0,712.6,603.0
SCB,3/14/2017,2000.0,1990.0,1925.0,1925.0,-3.75,4546.0,712.6,603.0
SCB,3/15/2017,1925.0,1969.0,1911.0,1969.0,2.29,4836.0,712.6,603.0
SCB,3/16/2017,1969.0,1970.0,1946.0,1970.0,0.05,5178.0,712.6,603.0
SCB,3/19/2017,1970.0,1998.0,1985.0,1992.0,1.12,4513.0,712.6,603.0
SCB,3/20/2017,1992.0,2040.0,1995.0,2032.0,2.01,7527.0,712.6,603.0
SCB,3/21/2017,2032.0,2050.0,1995.0,2050.0,0.89,6174.0,712.6,603.0
SCB,3/22/2017,2050.0,2184.0,2050.0,2080.0,1.46,9180.0,712.6,603.0
SCB,3/23/2017,2080.0,2095.0,2055.0,2075.0,-0.24,3670.0,712.6,603.0
SCB,3/26/2017,2075.0,2155.0,2080.0,2138.0,3.04,8785.0,712.6,603.0
SCB,3/28/2017,2138.0,2259.0,2151.0,2248.0,5.14,8812.0,712.6,603.0
SCB,3/29/2017,2248.0,2337.0,2200.0,2250.0,0.09,16906.0,712.6,603.0
SCB,3/30/2017,2250.0,2270.0,2200.0,2225.0,-1.11,8195.0,712.6,603.0
SCB,4/2/2017,2225.0,2295.0,2225.0,2290.0,2.92,12677.0,712.6,603.0
SCB,4/3/2017,2290.0,2507.0,2271.0,2310.0,0.87,14451.0,712.6,603.0
SCB,4/4/2017,2310.0,2330.0,2285.0,2300.0,-0.43,6525.0,712.6,603.0
SCB,4/6/2017,2300.0,2310.0,2270.0,2300.0,0.0,6175.0,712.6,603.0
SCB,4/9/2017,2300.0,2346.0,2275.0,2298.0,-0.09,6087.0,712.6,603.0
SCB,4/10/2017,2298.0,2335.0,2295.0,2305.0,0.3,14531.0,712.6,603.0
SCB,4/11/2017,2305.0,2359.0,2310.0,2354.0,2.13,21994.0,712.6,603.0
SCB,4/12/2017,2354.0,2389.0,2348.0,2348.0,-0.25,14925.0,712.6,603.0
SCB,4/13/2017,2348.0,2350.0,2310.0,2350.0,0.09,8346.0,712.6,603.0
SCB,4/16/2017,2350.0,2351.0,2261.0,2261.0,-3.79,7148.0,712.6,603.0
SCB,4/18/2017,2261.0,2240.0,2185.0,2192.0,-3.05,8714.0,712.6,603.0
SCB,4/19/2017,2192.0,2260.0,2182.0,2260.0,3.1,4283.0,712.6,603.0
SCB,4/20/2017,2260.0,2325.0,2250.0,2250.0,-0.44,5450.0,712.6,603.0
SCB,4/23/2017,2250.0,2390.0,2260.0,2310.0,2.67,6198.0,712.6,603.0
SCB,4/24/2017,2310.0,2300.0,2265.0,2280.0,-1.3,3260.0,712.6,603.0
SCB,4/25/2017,2280.0,2299.0,2250.0,2275.0,-0.22,3323.0,712.6,603.0
SCB,4/26/2017,2275.0,2275.0,2230.0,2260.0,-0.66,2793.0,712.6,603.0
SCB,4/27/2017,2260.0,2275.0,2212.0,2264.0,0.18,4230.0,712.6,603.0
SCB,4/30/2017,2264.0,2325.0,2210.0,2234.0,-1.33,5629.0,712.6,603.0
SCB,5/2/2017,2234.0,2280.0,2224.0,2280.0,2.06,10203.0,712.6,603.0
SCB,5/3/2017,2280.0,2320.0,2290.0,2304.0,1.05,14947.0,712.6,603.0
SCB,5/4/2017,2304.0,2335.0,2300.0,2300.0,-0.17,10060.0,712.6,603.0
SCB,5/7/2017,2300.0,2310.0,2260.0,2260.0,-1.74,3219.0,712.6,603.0
SCB,5/8/2017,2260.0,2294.0,2270.0,2280.0,0.88,4544.0,712.6,603.0
SCB,5/9/2017,2280.0,2299.0,2280.0,2287.0,0.31,5146.0,712.6,603.0
SCB,5/11/2017,2287.0,2310.0,2295.0,2308.0,0.92,8991.0,712.6,603.0
SCB,5/15/2017,2308.0,2360.0,2310.0,2340.0,1.39,9505.0,712.6,603.0
SCB,5/16/2017,2340.0,2360.0,2310.0,2325.0,-0.64,8217.0,712.6,603.0
SCB,5/17/2017,2325.0,2330.0,2300.0,2302.0,-0.99,3232.0,712.6,603.0
SCB,5/18/2017,2302.0,2319.0,2296.0,2300.0,-0.09,10410.0,712.6,603.0
SCB,5/21/2017,2300.0,2320.0,2290.0,2290.0,-0.43,5745.0,712.6,603.0
SCB,5/22/2017,2290.0,2290.0,2175.0,2201.0,-3.89,6016.0,712.6,603.0
SCB,5/23/2017,2201.0,2220.0,2076.0,2158.0,-1.95,28319.0,712.6,603.0
SCB,5/24/2017,2158.0,2205.0,2121.0,2196.0,1.76,15614.0,712.6,603.0
SCB,5/28/2017,2196.0,2210.0,2151.0,2200.0,0.18,19174.0,712.6,603.0
SCB,5/30/2017,2200.0,2205.0,2162.0,2190.0,-0.45,22158.0,712.6,603.0
SCB,5/31/2017,2190.0,2233.0,2140.0,2190.0,0.0,24979.0,712.6,603.0
SCB,6/1/2017,2190.0,2205.0,2180.0,2190.0,0.0,15934.0,712.6,603.0
SCB,6/4/2017,2190.0,2210.0,2176.0,2193.0,0.14,18960.0,712.6,603.0
SCB,6/5/2017,2193.0,2202.0,2188.0,2195.0,0.09,27417.0,712.6,603.0
SCB,6/6/2017,2195.0,2270.0,2200.0,2263.0,3.1,30731.0,712.6,603.0
SCB,6/7/2017,2263.0,2312.0,2273.0,2299.0,1.59,41007.0,712.6,603.0
SCB,6/8/2017,2299.0,2301.0,2282.0,2298.0,-0.04,16000.0,712.6,603.0
SCB,6/11/2017,2298.0,2308.0,2276.0,2287.0,-0.48,32888.0,712.6,603.0
SCB,6/12/2017,2287.0,2295.0,2252.0,2267.0,-0.87,15079.0,712.6,603.0
SCB,6/13/2017,2267.0,2296.0,2241.0,2286.0,0.84,17383.0,712.6,603.0
SCB,6/14/2017,2286.0,2300.0,2277.0,2290.0,0.17,16010.0,712.6,603.0
SCB,6/15/2017,2290.0,2315.0,2268.0,2287.0,-0.13,22588.0,712.6,603.0
SCB,6/18/2017,2287.0,2299.0,2280.0,2284.0,-0.13,11439.0,712.6,603.0
SCB,6/19/2017,2284.0,2290.0,2240.0,2260.0,-1.05,11352.0,712.6,603.0
SCB,6/20/2017,2260.0,2270.0,2240.0,2269.0,0.4,11967.0,712.6,603.0
SCB,6/21/2017,2269.0,2291.0,2260.0,2274.0,0.22,9595.0,712.6,603.0
SCB,6/22/2017,2274.0,2285.0,2269.0,2275.0,0.04,12332.0,712.6,603.0
SCB,6/25/2017,2275.0,2286.0,2275.0,2285.0,0.44,15381.0,712.6,603.0
SCB,6/27/2017,2285.0,2315.0,2290.0,2295.0,0.44,17304.0,712.6,603.0
SCB,6/28/2017,2295.0,2300.0,2288.0,2295.0,0.0,7858.0,712.6,603.0
SCB,7/2/2017,2295.0,2290.0,2250.0,2277.0,-0.78,14601.0,712.6,603.0
SCB,7/3/2017,2277.0,2285.0,2270.0,2279.0,0.09,8844.0,712.6,603.0
SCB,7/4/2017,2279.0,2286.0,2276.0,2281.0,0.09,11026.0,712.6,603.0
SCB,7/5/2017,2281.0,2284.0,2278.0,2281.0,0.0,8634.0,712.6,603.0
SCB,7/6/2017,2281.0,2312.0,2270.0,2309.0,1.23,10955.0,712.6,603.0
SCB,7/9/2017,2309.0,2355.0,2261.0,2320.0,0.48,16598.0,712.6,603.0
SCB,7/10/2017,2320.0,2310.0,2286.0,2295.0,-1.08,6788.0,712.6,603.0
SCB,7/11/2017,2295.0,2303.0,2288.0,2300.0,0.22,7628.0,712.6,603.0
SCB,7/12/2017,2300.0,2305.0,2265.0,2304.0,0.17,8054.0,712.6,603.0
SCB,7/13/2017,2304.0,2306.0,2290.0,2295.0,-0.39,11218.0,712.6,603.0
SCB,7/16/2017,2295.0,2304.0,2295.0,2298.0,0.13,8422.0,712.6,603.0
SCB,7/17/2017,2298.0,2309.0,2296.0,2306.0,0.35,7422.0,712.6,603.0
SCB,7/18/2017,2306.0,2340.0,2305.0,2340.0,1.47,12660.0,712.6,603.0
SCB,7/19/2017,2340.0,2370.0,2340.0,2361.0,0.9,12300.0,712.6,603.0
SCB,7/20/2017,2361.0,2374.0,2362.0,2367.0,0.25,8041.0,712.6,603.0
SCB,7/23/2017,2367.0,2399.0,2352.0,2360.0,-0.3,7984.0,712.6,603.0
SCB,7/24/2017,2360.0,2389.0,2313.0,2342.0,-0.76,6668.0,712.6,603.0
SCB,7/25/2017,2342.0,2355.0,2330.0,2345.0,0.13,4600.0,712.6,603.0
SCB,7/26/2017,2345.0,2380.0,2320.0,2334.0,-0.47,7611.0,712.6,603.0
SCB,7/27/2017,2334.0,2346.0,2330.0,2335.0,0.04,8708.0,712.6,603.0
SCB,7/30/2017,2335.0,2340.0,2320.0,2337.0,0.09,8108.0,712.6,603.0
SCB,7/31/2017,2337.0,2340.0,2320.0,2329.0,-0.34,12180.0,712.6,603.0
SCB,8/1/2017,2329.0,2336.0,2325.0,2336.0,0.3,7445.0,712.6,603.0
SCB,8/2/2017,2336.0,2350.0,2326.0,2335.0,-0.04,7133.0,712.6,603.0
SCB,8/3/2017,2335.0,2337.0,2321.0,2329.0,-0.26,7552.0,712.6,603.0
SCB,8/6/2017,2329.0,2365.0,2315.0,2344.0,0.64,13588.0,712.6,603.0
SCB,8/7/2017,2344.0,2350.0,2333.0,2340.0,-0.17,15457.0,712.6,603.0
SCB,8/9/2017,2340.0,2348.0,2321.0,2330.0,-0.43,13082.0,712.6,603.0
SCB,8/10/2017,2330.0,2330.0,2315.0,2322.0,-0.34,19842.0,712.6,603.0
SCB,8/13/2017,2322.0,2339.0,2313.0,2320.0,-0.09,13150.0,712.6,603.0
SCB,8/15/2017,2320.0,2340.0,2281.0,2290.0,-1.29,16359.0,712.6,603.0
SCB,8/16/2017,2290.0,2316.0,2270.0,2285.0,-0.22,12735.0,712.6,603.0
SCB,8/17/2017,2285.0,2290.0,2280.0,2286.0,0.04,8619.0,712.6,603.0
SCB,8/20/2017,2286.0,2290.0,2272.0,2275.0,-0.48,7773.0,712.6,603.0
SCB,8/21/2017,2275.0,2279.0,2238.0,2240.0,-1.54,6123.0,712.6,603.0
SCB,8/22/2017,2240.0,2250.0,2220.0,2241.0,0.04,9702.0,712.6,603.0
SCB,8/23/2017,2241.0,2255.0,2230.0,2242.0,0.04,8384.0,712.6,603.0
SCB,8/24/2017,2242.0,2260.0,2222.0,2255.0,0.58,4967.0,712.6,603.0
SCB,8/27/2017,2255.0,2272.0,2250.0,2272.0,0.75,11951.0,712.6,603.0
SCB,8/28/2017,2272.0,2299.0,2275.0,2280.0,0.35,10666.0,712.6,603.0
SCB,8/30/2017,2280.0,2290.0,2253.0,2266.0,-0.61,10135.0,712.6,603.0
SCB,8/31/2017,2266.0,2266.0,2231.0,2241.0,-1.1,5627.0,712.6,603.0
SCB,9/4/2017,2241.0,2243.0,2197.0,2201.0,-1.78,13038.0,712.6,603.0
SCB,9/6/2017,2201.0,2297.0,2211.0,2227.0,1.18,10726.0,712.6,603.0
SCB,9/7/2017,2227.0,2260.0,2215.0,2215.0,-0.54,8129.0,712.6,603.0
SCB,9/10/2017,2215.0,2221.0,2181.0,2200.0,-0.68,13872.0,712.6,603.0
SCB,9/11/2017,2200.0,2199.0,2107.0,2148.0,-2.36,10678.0,712.6,603.0
SCB,9/12/2017,2148.0,2150.0,2103.0,2120.0,-1.3,7992.0,712.6,603.0
SCB,9/13/2017,2120.0,2120.0,2060.0,2068.0,-2.45,9229.0,712.6,603.0
SCB,9/14/2017,2068.0,2100.0,2046.0,2100.0,1.55,9916.0,712.6,603.0
SCB,9/17/2017,2100.0,2130.0,2080.0,2124.0,1.14,6915.0,712.6,603.0
SCB,9/18/2017,2124.0,2138.0,2100.0,2138.0,0.66,7669.0,712.6,603.0
SCB,9/20/2017,2138.0,2140.0,2120.0,2140.0,0.09,6809.0,712.6,603.0
SCB,9/24/2017,2140.0,2169.0,2140.0,2167.0,1.26,3892.0,712.6,603.0
SCB,9/25/2017,2167.0,2195.0,2167.0,2187.0,0.92,2791.0,712.6,603.0
SCB,9/26/2017,2187.0,2197.0,2187.0,2194.0,0.32,5059.0,712.6,603.0
SCB,10/3/2017,2194.0,2225.0,2181.0,2205.0,0.5,1222.0,712.6,603.0
SCB,10/4/2017,2205.0,2219.0,2170.0,2205.0,0.0,5627.0,712.6,603.0
SCB,10/8/2017,2205.0,2165.0,2120.0,2140.0,-2.95,6334.0,712.6,603.0
SCB,10/9/2017,2140.0,2155.0,2078.0,2100.0,-1.87,6640.0,712.6,603.0
SCB,10/10/2017,2100.0,2110.0,2072.0,2091.0,-0.43,5938.0,712.6,603.0
SCB,10/11/2017,2091.0,2120.0,2075.0,2100.0,0.43,5125.0,712.6,603.0
SCB,10/12/2017,2100.0,2120.0,2090.0,2114.0,0.67,6828.0,712.6,603.0
SCB,10/15/2017,2114.0,2120.0,2091.0,2116.0,0.09,2761.0,712.6,603.0
SCB,10/16/2017,2116.0,2180.0,2125.0,2180.0,3.02,3566.0,712.6,603.0
SCB,10/17/2017,2180.0,2188.0,2150.0,2185.0,0.23,7211.0,712.6,603.0
SCB,10/18/2017,2185.0,2180.0,2165.0,2179.0,-0.27,2756.0,712.6,603.0
SCB,10/22/2017,2179.0,2200.0,2160.0,2175.0,-0.18,2161.0,712.6,603.0
SCB,10/23/2017,2175.0,2180.0,2141.0,2160.0,-0.69,3977.0,712.6,603.0
SCB,10/24/2017,2160.0,2160.0,2131.0,2131.0,-1.34,7034.0,712.6,603.0
SCB,10/25/2017,2131.0,2135.0,2117.0,2125.0,-0.28,5908.0,712.6,603.0
SCB,10/29/2017,2125.0,2135.0,2115.0,2130.0,0.24,4146.0,712.6,603.0
SCB,10/30/2017,2130.0,2130.0,2115.0,2115.0,-0.7,6724.0,712.6,603.0
SCB,10/31/2017,2115.0,2120.0,2100.0,2114.0,-0.05,4812.0,712.6,603.0
SCB,11/1/2017,2114.0,2108.0,2081.0,2085.0,-1.37,6109.0,712.6,603.0
SCB,11/2/2017,2085.0,2097.0,2075.0,2090.0,0.24,8334.0,712.6,603.0
SCB,11/5/2017,2090.0,2090.0,2045.0,2055.0,-1.67,11366.0,712.6,603.0
SCB,11/6/2017,2055.0,2050.0,1991.0,2016.0,-1.9,9929.0,712.6,603.0
SCB,11/7/2017,2016.0,2040.0,2002.0,2005.0,-0.55,7008.0,712.6,603.0
SCB,11/8/2017,2005.0,2006.0,1977.0,1985.0,-1.0,16234.0,712.6,603.0
SCB,11/9/2017,1985.0,1990.0,1956.0,1985.0,0.0,13053.0,712.6,603.0
SCB,11/12/2017,1985.0,2010.0,1985.0,2005.0,1.01,10485.0,712.6,603.0
SCB,11/13/2017,2005.0,2020.0,1990.0,2020.0,0.75,11465.0,712.6,603.0
SCB,11/14/2017,2020.0,2050.0,2017.0,2050.0,1.49,16070.0,712.6,603.0
SCB,11/15/2017,2050.0,2099.0,2050.0,2050.0,0.0,10397.0,712.6,603.0
SCB,11/16/2017,2050.0,2050.0,2021.0,2022.0,-1.37,4679.0,712.6,603.0
SCB,11/19/2017,2022.0,2045.0,2020.0,2035.0,0.64,9408.0,712.6,603.0
SCB,11/20/2017,2035.0,2030.0,2015.0,2020.0,-0.74,8845.0,712.6,603.0
SCB,11/21/2017,2020.0,2049.0,2010.0,2041.0,1.04,4393.0,712.6,603.0
SCB,11/22/2017,2041.0,2059.0,2038.0,2048.0,0.34,3890.0,712.6,603.0
SCB,11/23/2017,2048.0,2066.0,2052.0,2060.0,0.59,6461.0,712.6,603.0
SCB,11/26/2017,2060.0,2170.0,2097.0,2115.0,2.67,32407.0,712.6,603.0
SCB,11/27/2017,2115.0,2139.0,2085.0,2109.0,-0.28,21773.0,712.6,603.0
SCB,11/28/2017,2109.0,2115.0,2100.0,2114.0,0.24,9828.0,712.6,603.0
SCB,11/29/2017,2114.0,2123.0,2109.0,2118.0,0.19,18543.0,712.6,603.0
SCB,11/30/2017,2118.0,2120.0,2107.0,2120.0,0.09,9125.0,712.6,603.0
SCB,12/4/2017,2120.0,2122.0,2101.0,2114.0,-0.28,6131.0,712.6,603.0
SCB,12/5/2017,2114.0,2120.0,2094.0,2115.0,0.05,5423.0,712.6,603.0
SCB,12/6/2017,2115.0,2120.0,2107.0,2120.0,0.24,5869.0,712.6,603.0
SCB,12/10/2017,2120.0,2299.0,2162.0,2197.0,3.63,120589.0,712.6,603.0
SCB,12/11/2017,2197.0,2235.0,2163.0,2192.0,-0.23,27627.0,712.6,603.0
SCB,12/12/2017,2192.0,2225.0,2175.0,2180.0,-0.55,18094.0,712.6,603.0
SCB,12/13/2017,2180.0,2191.0,2165.0,2180.0,0.0,17060.0,712.6,603.0
SCB,12/14/2017,2180.0,2195.0,2173.0,2179.0,-0.05,12165.0,712.6,603.0
SCB,12/17/2017,2179.0,2190.0,2161.0,2170.0,-0.41,14568.0,712.6,603.0
SCB,12/18/2017,2170.0,2173.0,2150.0,2155.0,-0.69,14781.0,712.6,603.0
SCB,12/19/2017,2155.0,2155.0,2104.0,2105.0,-2.32,9884.0,712.6,603.0
SCB,12/20/2017,2105.0,2115.0,2081.0,2113.0,0.38,13642.0,712.6,603.0
SCB,12/21/2017,2113.0,2121.0,2085.0,2086.0,-1.28,18016.0,712.6,603.0
SCB,12/24/2017,2086.0,2103.0,2075.0,2077.0,-0.43,40391.0,712.6,603.0
SCB,12/26/2017,2077.0,2077.0,2010.0,2010.0,-3.23,40946.0,712.6,603.0
SCB,12/27/2017,2010.0,2005.0,1949.0,1955.0,-2.74,54654.0,712.6,603.0
SCB,12/28/2017,1955.0,1960.0,1895.0,1900.0,-2.81,118362.0,712.6,603.0
SCB,12/31/2017,950.0,967.0,898.0,967.0,-49.11,21302.0,712.6,603.0
SCB,1/1/2018,967.0,1040.0,979.0,1033.0,6.83,28711.0,712.6,603.0
SCB,1/2/2018,1033.0,1097.0,1044.0,1080.0,4.55,60993.0,712.6,603.0
SCB,1/3/2018,1080.0,1094.0,1050.0,1051.0,-2.69,36459.0,712.6,603.0
SCB,1/4/2018,1051.0,1068.0,1051.0,1064.0,1.24,18644.0,712.6,603.0
SCB,1/7/2018,1064.0,1065.0,1050.0,1057.0,-0.66,13864.0,712.6,603.0
SCB,1/8/2018,1057.0,1075.0,1063.0,1068.0,1.04,13841.0,712.6,603.0
SCB,1/9/2018,1068.0,1078.0,1064.0,1067.0,-0.09,17113.0,712.6,603.0
SCB,1/10/2018,1067.0,1067.0,1050.0,1053.0,-1.31,14182.0,712.6,603.0
SCB,1/14/2018,1053.0,1055.0,1035.0,1038.0,-1.42,12977.0,712.6,603.0
SCB,1/16/2018,1038.0,1033.0,1005.0,1013.0,-2.41,11604.0,712.6,603.0
SCB,1/17/2018,1013.0,1013.0,999.0,1000.0,-1.28,13349.0,712.6,603.0
SCB,1/21/2018,1000.0,1013.0,995.0,1000.0,0.0,15026.0,712.6,603.0
SCB,1/22/2018,1000.0,1020.0,1002.0,1003.0,0.3,6203.0,712.6,603.0
SCB,1/23/2018,1003.0,1010.0,998.0,1005.0,0.2,6459.0,712.6,603.0
SCB,1/24/2018,1005.0,1010.0,998.0,1003.0,-0.2,9386.0,712.6,603.0
SCB,1/25/2018,1003.0,1008.0,998.0,1002.0,-0.1,5513.0,712.6,603.0
SCB,1/28/2018,1002.0,1004.0,995.0,995.0,-0.7,10365.0,712.6,603.0
SCB,1/29/2018,995.0,998.0,985.0,998.0,0.3,7220.0,712.6,603.0
SCB,1/31/2018,998.0,1004.0,990.0,990.0,-0.8,8280.0,712.6,603.0
SCB,2/1/2018,990.0,1004.0,988.0,995.0,0.51,5301.0,712.6,603.0
SCB,2/4/2018,995.0,1010.0,1000.0,1002.0,0.7,7248.0,712.6,603.0
SCB,2/5/2018,1002.0,1010.0,998.0,1000.0,-0.2,5899.0,712.6,603.0
SCB,2/6/2018,1000.0,1002.0,995.0,996.0,-0.4,7667.0,712.6,603.0
SCB,2/7/2018,996.0,996.0,987.0,988.0,-0.8,3716.0,712.6,603.0
SCB,2/8/2018,988.0,999.0,991.0,997.0,0.91,4849.0,712.6,603.0
SCB,2/11/2018,997.0,1004.0,991.0,991.0,-0.6,3812.0,712.6,603.0
SCB,2/12/2018,991.0,1000.0,990.0,994.0,0.3,4000.0,712.6,603.0
SCB,2/14/2018,994.0,998.0,978.0,990.0,-0.4,4703.0,712.6,603.0
SCB,2/15/2018,990.0,1008.0,992.0,995.0,0.51,11051.0,712.6,603.0
SCB,2/18/2018,1010.0,1050.0,995.0,999.0,0.4,15350.0,712.6,603.0
SCB,2/20/2018,1012.0,1012.0,995.0,999.0,0.0,5366.0,712.6,603.0
SCB,2/21/2018,996.0,996.0,977.0,977.0,-2.2,9114.0,712.6,603.0
SCB,2/22/2018,980.0,984.0,978.0,980.0,0.31,4169.0,712.6,603.0
SCB,2/25/2018,980.0,980.0,961.0,961.0,-1.94,9309.0,712.6,603.0
SCB,2/26/2018,974.0,974.0,940.0,949.0,-1.25,8870.0,712.6,603.0
SCB,2/27/2018,945.0,958.0,941.0,948.0,-0.11,9352.0,712.6,603.0
SCB,2/28/2018,950.0,954.0,931.0,940.0,-0.84,9650.0,712.6,603.0
SCB,3/4/2018,935.0,935.0,890.0,900.0,-4.26,10099.0,712.6,603.0
SCB,3/5/2018,905.0,906.0,875.0,888.0,-1.33,22167.0,712.6,603.0
SCB,3/6/2018,888.0,900.0,870.0,888.0,0.0,13892.0,712.6,603.0
SCB,3/7/2018,895.0,904.0,893.0,900.0,1.35,20416.0,712.6,603.0
SCB,3/11/2018,901.0,910.0,885.0,894.0,-0.67,11396.0,712.6,603.0
SCB,3/12/2018,900.0,900.0,875.0,878.0,-1.79,11726.0,712.6,603.0
SCB,3/13/2018,895.0,900.0,880.0,890.0,1.37,4574.0,712.6,603.0
SCB,3/14/2018,890.0,898.0,885.0,893.0,0.34,3930.0,712.6,603.0
SCB,3/15/2018,895.0,901.0,894.0,894.0,0.11,4524.0,712.6,603.0
SCB,3/18/2018,895.0,895.0,887.0,893.0,-0.11,3684.0,712.6,603.0
SCB,3/19/2018,893.0,900.0,893.0,893.0,0.0,6771.0,712.6,603.0
SCB,3/20/2018,893.0,893.0,880.0,880.0,-1.46,7391.0,712.6,603.0
SCB,3/21/2018,885.0,886.0,870.0,875.0,-0.57,5435.0,712.6,603.0
SCB,3/22/2018,870.0,873.0,857.0,867.0,-0.91,5547.0,712.6,603.0
SCB,3/26/2018,856.0,860.0,830.0,830.0,-4.27,6991.0,712.6,603.0
SCB,3/27/2018,830.0,880.0,776.0,872.0,5.06,9284.0,712.6,603.0
SCB,3/28/2018,888.0,895.0,820.0,864.0,-0.92,20671.0,712.6,603.0
SCB,3/29/2018,870.0,875.0,864.0,865.0,0.12,11314.0,712.6,603.0
SCB,4/1/2018,860.0,870.0,790.0,825.0,-4.62,20742.0,712.6,603.0
SCB,4/2/2018,820.0,831.0,796.0,820.0,-0.61,15085.0,712.6,603.0
SCB,4/3/2018,820.0,824.0,812.0,820.0,0.0,13327.0,712.6,603.0
SCB,4/4/2018,825.0,839.0,820.0,837.0,2.07,12146.0,712.6,603.0
SCB,4/5/2018,849.0,852.0,838.0,848.0,1.31,21550.0,712.6,603.0
SCB,4/8/2018,850.0,881.0,850.0,880.0,3.77,27522.0,712.6,603.0
SCB,4/9/2018,890.0,907.0,875.0,888.0,0.91,25892.0,712.6,603.0
SCB,4/10/2018,888.0,888.0,853.0,861.0,-3.04,10917.0,712.6,603.0
SCB,4/11/2018,861.0,863.0,850.0,860.0,-0.12,9939.0,712.6,603.0
SCB,4/12/2018,865.0,870.0,855.0,855.0,-0.58,13299.0,712.6,603.0
SCB,4/15/2018,856.0,859.0,830.0,850.0,-0.58,8569.0,712.6,603.0
SCB,4/16/2018,836.0,867.0,836.0,845.0,-0.59,13734.0,712.6,603.0
SCB,4/17/2018,850.0,865.0,850.0,852.0,0.83,12628.0,712.6,603.0
SCB,4/18/2018,860.0,899.0,845.0,888.0,4.23,21829.0,712.6,603.0
SCB,4/19/2018,888.0,897.0,860.0,890.0,0.23,19648.0,712.6,603.0
SCB,4/22/2018,895.0,902.0,880.0,900.0,1.12,21001.0,712.6,603.0
SCB,4/23/2018,904.0,910.0,875.0,875.0,-2.78,21063.0,712.6,603.0
SCB,4/24/2018,886.0,886.0,855.0,857.0,-2.06,14031.0,712.6,603.0
SCB,4/25/2018,857.0,869.0,851.0,862.0,0.58,11791.0,712.6,603.0
SCB,4/26/2018,858.0,866.0,838.0,844.0,-2.09,19818.0,712.6,603.0
SCB,4/29/2018,842.0,849.0,828.0,843.0,-0.12,7314.0,712.6,603.0
SCB,5/2/2018,845.0,845.0,828.0,835.0,-0.95,9031.0,712.6,603.0
SCB,5/3/2018,840.0,847.0,835.0,836.0,0.12,9730.0,712.6,603.0
SCB,5/6/2018,820.0,840.0,820.0,835.0,-0.12,7949.0,712.6,603.0
SCB,5/7/2018,830.0,831.0,822.0,826.0,-1.08,11942.0,712.6,603.0
SCB,5/8/2018,826.0,839.0,825.0,830.0,0.48,9430.0,712.6,603.0
SCB,5/9/2018,831.0,833.0,822.0,828.0,-0.24,6500.0,712.6,603.0
SCB,5/10/2018,828.0,830.0,823.0,825.0,-0.36,6840.0,712.6,603.0
SCB,5/14/2018,825.0,829.0,820.0,824.0,-0.12,11884.0,712.6,603.0
SCB,5/15/2018,820.0,826.0,819.0,822.0,-0.24,4822.0,712.6,603.0
SCB,5/16/2018,816.0,825.0,815.0,817.0,-0.61,9163.0,712.6,603.0
SCB,5/17/2018,820.0,831.0,814.0,817.0,0.0,7883.0,712.6,603.0
SCB,5/20/2018,825.0,826.0,810.0,816.0,-0.12,7347.0,712.6,603.0
SCB,5/21/2018,817.0,819.0,812.0,815.0,-0.12,4092.0,712.6,603.0
SCB,5/22/2018,814.0,817.0,810.0,812.0,-0.37,5513.0,712.6,603.0
SCB,5/23/2018,808.0,825.0,800.0,810.0,-0.25,3542.0,712.6,603.0
SCB,5/24/2018,811.0,813.0,805.0,806.0,-0.49,6998.0,712.6,603.0
SCB,5/27/2018,806.0,810.0,790.0,800.0,-0.74,8147.0,712.6,603.0
SCB,5/28/2018,800.0,830.0,798.0,817.0,2.12,12843.0,712.6,603.0
SCB,5/29/2018,811.0,825.0,805.0,821.0,0.49,5855.0,712.6,603.0
SCB,5/30/2018,810.0,820.0,810.0,815.0,-0.73,2830.0,712.6,603.0
SCB,5/31/2018,820.0,820.0,803.0,805.0,-1.23,5122.0,712.6,603.0
SCB,6/3/2018,791.0,800.0,784.0,789.0,-1.99,5107.0,712.6,603.0
SCB,6/4/2018,799.0,799.0,784.0,792.0,0.38,7736.0,712.6,603.0
SCB,6/6/2018,807.0,820.0,795.0,800.0,1.01,3140.0,712.6,603.0
SCB,6/7/2018,810.0,810.0,779.0,780.0,-2.5,8081.0,712.6,603.0
SCB,6/10/2018,780.0,785.0,755.0,770.0,-1.28,9562.0,712.6,603.0
SCB,6/11/2018,770.0,785.0,765.0,775.0,0.65,4618.0,712.6,603.0
SCB,6/12/2018,775.0,784.0,767.0,774.0,-0.13,7473.0,712.6,603.0
SCB,6/13/2018,774.0,775.0,766.0,775.0,0.13,4151.0,712.6,603.0
SCB,6/14/2018,780.0,788.0,770.0,770.0,-0.65,8300.0,712.6,603.0
SCB,6/17/2018,770.0,773.0,756.0,773.0,0.39,2307.0,712.6,603.0
SCB,6/18/2018,765.0,772.0,760.0,770.0,-0.39,6099.0,712.6,603.0
SCB,6/19/2018,769.0,770.0,760.0,760.0,-1.3,4920.0,712.6,603.0
SCB,6/20/2018,750.0,769.0,750.0,755.0,-0.66,3494.0,712.6,603.0
SCB,6/21/2018,755.0,761.0,751.0,754.0,-0.13,3266.0,712.6,603.0
SCB,6/24/2018,765.0,765.0,750.0,751.0,-0.4,7640.0,712.6,603.0
SCB,6/25/2018,740.0,756.0,740.0,747.0,-0.53,6687.0,712.6,603.0
SCB,6/26/2018,747.0,749.0,730.0,731.0,-2.14,9338.0,712.6,603.0
SCB,6/27/2018,740.0,743.0,730.0,740.0,1.23,4796.0,712.6,603.0
SCB,6/28/2018,745.0,745.0,730.0,736.0,-0.54,9462.0,712.6,603.0
SCB,7/1/2018,737.0,737.0,725.0,729.0,-0.95,5504.0,712.6,603.0
SCB,7/2/2018,724.0,731.0,720.0,728.0,-0.14,3846.0,712.6,603.0
SCB,7/3/2018,728.0,728.0,714.0,725.0,-0.41,5673.0,712.6,603.0
SCB,7/4/2018,722.0,729.0,717.0,726.0,0.14,9143.0,712.6,603.0
SCB,7/5/2018,726.0,752.0,726.0,746.0,2.75,6235.0,712.6,603.0
SCB,7/8/2018,760.0,785.0,759.0,768.0,2.95,8383.0,712.6,603.0
SCB,7/9/2018,770.0,770.0,746.0,751.0,-2.21,4165.0,712.6,603.0
SCB,7/10/2018,751.0,760.0,745.0,760.0,1.2,4598.0,712.6,603.0
SCB,7/11/2018,760.0,770.0,757.0,758.0,-0.26,3859.0,712.6,603.0
SCB,7/12/2018,772.0,770.0,735.0,740.0,-2.37,7374.0,712.6,603.0
SCB,7/15/2018,741.0,757.0,740.0,755.0,2.03,4983.0,712.6,603.0
SCB,7/16/2018,755.0,760.0,747.0,755.0,0.0,3877.0,712.6,603.0
SCB,7/17/2018,754.0,755.0,748.0,753.0,-0.26,3427.0,712.6,603.0
SCB,7/18/2018,753.0,754.0,749.0,754.0,0.13,4026.0,712.6,603.0
SCB,7/19/2018,745.0,750.0,744.0,748.0,-0.8,4273.0,712.6,603.0
SCB,7/22/2018,752.0,752.0,746.0,747.0,-0.13,3044.0,712.6,603.0
SCB,7/23/2018,749.0,750.0,745.0,748.0,0.13,2043.0,712.6,603.0
SCB,7/24/2018,750.0,760.0,750.0,757.0,1.2,4466.0,712.6,603.0
SCB,7/25/2018,757.0,760.0,750.0,758.0,0.13,2642.0,712.6,603.0
SCB,7/26/2018,749.0,759.0,749.0,752.0,-0.79,3856.0,712.6,603.0
SCB,7/29/2018,750.0,756.0,750.0,752.0,0.0,4100.0,712.6,603.0
SCB,7/30/2018,760.0,760.0,750.0,752.0,0.0,7622.0,712.6,603.0
SCB,7/31/2018,752.0,755.0,746.0,749.0,-0.4,7607.0,712.6,603.0
SCB,8/1/2018,750.0,750.0,742.0,746.0,-0.4,6595.0,712.6,603.0
SCB,8/2/2018,743.0,748.0,740.0,747.0,0.13,2531.0,712.6,603.0
SCB,8/5/2018,745.0,749.0,726.0,726.0,-2.81,5653.0,712.6,603.0
SCB,8/6/2018,731.0,739.0,729.0,735.0,1.24,6009.0,712.6,603.0
SCB,8/7/2018,721.0,739.0,721.0,735.0,0.0,6846.0,712.6,603.0
SCB,8/8/2018,736.0,744.0,729.0,729.0,-0.82,5366.0,712.6,603.0
SCB,8/9/2018,730.0,740.0,727.0,729.0,0.0,3976.0,712.6,603.0
SCB,8/12/2018,730.0,733.0,726.0,730.0,0.14,5457.0,712.6,603.0
SCB,8/13/2018,730.0,734.0,725.0,726.0,-0.55,5630.0,712.6,603.0
SCB,8/14/2018,720.0,733.0,720.0,725.0,-0.14,8772.0,712.6,603.0
SCB,8/15/2018,724.0,755.0,724.0,755.0,4.14,8058.0,712.6,603.0
SCB,8/16/2018,760.0,766.0,742.0,744.0,-1.46,7111.0,712.6,603.0
SCB,8/19/2018,744.0,745.0,726.0,727.0,-2.28,4494.0,712.6,603.0
SCB,8/20/2018,725.0,735.0,725.0,730.0,0.41,5404.0,712.6,603.0
SCB,8/21/2018,730.0,730.0,720.0,725.0,-0.68,4060.0,712.6,603.0
SCB,8/22/2018,722.0,728.0,722.0,728.0,0.41,3318.0,712.6,603.0
SCB,8/23/2018,729.0,730.0,723.0,725.0,-0.41,3058.0,712.6,603.0
SCB,8/26/2018,726.0,728.0,719.0,719.0,-0.83,5749.0,712.6,603.0
SCB,8/28/2018,715.0,720.0,710.0,713.0,-0.83,9638.0,712.6,603.0
SCB,8/29/2018,719.0,719.0,706.0,711.0,-0.28,5590.0,712.6,603.0
SCB,8/30/2018,721.0,721.0,707.0,715.0,0.56,6503.0,712.6,603.0
SCB,9/2/2018,717.0,717.0,708.0,708.0,-0.98,8085.0,712.6,603.0
SCB,9/3/2018,710.0,720.0,709.0,709.0,0.14,8886.0,712.6,603.0
SCB,9/4/2018,711.0,714.0,708.0,710.0,0.14,7895.0,712.6,603.0
SCB,9/5/2018,715.0,720.0,712.0,717.0,0.99,6501.0,712.6,603.0
SCB,9/6/2018,720.0,733.0,716.0,717.0,0.0,8176.0,712.6,603.0
SCB,9/9/2018,717.0,722.0,715.0,722.0,0.7,7304.0,712.6,603.0
SCB,9/10/2018,723.0,723.0,715.0,715.0,-0.97,7660.0,712.6,603.0
SCB,9/11/2018,716.0,716.0,710.0,715.0,0.0,8029.0,712.6,603.0
SCB,9/12/2018,712.0,717.0,711.0,717.0,0.28,4873.0,712.6,603.0
SCB,9/13/2018,713.0,720.0,713.0,715.0,-0.28,7739.0,712.6,603.0
SCB,9/16/2018,722.0,722.0,700.0,720.0,0.7,11172.0,712.6,603.0
SCB,9/17/2018,722.0,729.0,716.0,716.0,-0.56,4366.0,712.6,603.0
SCB,9/18/2018,730.0,730.0,716.0,720.0,0.56,3859.0,712.6,603.0
SCB,9/20/2018,720.0,720.0,707.0,712.0,-1.11,8302.0,712.6,603.0
SCB,9/23/2018,710.0,714.0,709.0,709.0,-0.42,7325.0,712.6,603.0
SCB,9/25/2018,713.0,719.0,705.0,707.0,-0.28,14346.0,712.6,603.0
SCB,9/26/2018,710.0,715.0,708.0,708.0,0.14,7884.0,712.6,603.0
SCB,9/27/2018,707.0,710.0,702.0,710.0,0.28,11446.0,712.6,603.0
SCB,9/30/2018,705.0,709.0,700.0,700.0,-1.41,12333.0,712.6,603.0
SCB,10/1/2018,705.0,709.0,692.0,695.0,-0.71,9853.0,712.6,603.0
SCB,10/2/2018,698.0,700.0,690.0,691.0,-0.58,10074.0,712.6,603.0
SCB,10/3/2018,691.0,700.0,690.0,691.0,0.0,6082.0,712.6,603.0
SCB,10/4/2018,691.0,694.0,689.0,690.0,-0.14,6988.0,712.6,603.0
SCB,10/7/2018,689.0,690.0,681.0,690.0,0.0,5480.0,712.6,603.0
SCB,10/8/2018,690.0,693.0,690.0,690.0,0.0,5429.0,712.6,603.0
SCB,10/9/2018,690.0,691.0,686.0,688.0,-0.29,3268.0,712.6,603.0
SCB,10/10/2018,685.0,692.0,685.0,692.0,0.58,3772.0,712.6,603.0
SCB,10/11/2018,690.0,700.0,690.0,700.0,1.16,6717.0,712.6,603.0
SCB,10/14/2018,702.0,708.0,699.0,708.0,1.14,3086.0,712.6,603.0
SCB,10/15/2018,715.0,715.0,705.0,707.0,-0.14,2160.0,712.6,603.0
SCB,10/21/2018,705.0,713.0,705.0,710.0,0.42,1253.0,712.6,603.0
SCB,10/22/2018,705.0,710.0,703.0,710.0,0.0,1153.0,712.6,603.0
SCB,10/23/2018,708.0,711.0,705.0,709.0,-0.14,1437.0,712.6,603.0
SCB,10/24/2018,710.0,711.0,705.0,708.0,-0.14,2532.0,712.6,603.0
SCB,10/25/2018,714.0,714.0,700.0,700.0,-1.13,3367.0,712.6,603.0
SCB,10/28/2018,690.0,697.0,690.0,694.0,-0.86,2823.0,712.6,603.0
SCB,10/29/2018,686.0,693.0,686.0,688.0,-0.86,3630.0,712.6,603.0
SCB,10/30/2018,688.0,694.0,687.0,690.0,0.29,1794.0,712.6,603.0
SCB,10/31/2018,691.0,693.0,690.0,691.0,0.14,2068.0,712.6,603.0
SCB,11/1/2018,691.0,695.0,691.0,691.0,0.0,3137.0,712.6,603.0
SCB,11/4/2018,685.0,690.0,670.0,676.0,-2.17,4675.0,712.6,603.0
SCB,11/5/2018,688.0,688.0,675.0,685.0,1.33,1865.0,712.6,603.0
SCB,11/6/2018,685.0,689.0,676.0,690.0,0.73,400.0,712.6,603.0
SCB,11/11/2018,690.0,690.0,621.0,632.0,-8.41,11703.0,712.6,603.0
SCB,11/12/2018,621.0,632.0,610.0,613.0,-3.01,9462.0,712.6,603.0
SCB,11/13/2018,613.0,628.0,613.0,625.0,1.96,7080.0,712.6,603.0
SCB,11/14/2018,628.0,628.0,622.0,625.0,0.0,6337.0,712.6,603.0
SCB,11/15/2018,628.0,629.0,622.0,629.0,0.64,9575.0,712.6,603.0
SCB,11/18/2018,620.0,620.0,613.0,615.0,-2.23,4750.0,712.6,603.0
SCB,11/19/2018,605.0,615.0,605.0,609.0,-0.98,5670.0,712.6,603.0
SCB,11/20/2018,609.0,612.0,606.0,606.0,-0.49,4236.0,712.6,603.0
SCB,11/21/2018,606.0,606.0,596.0,599.0,-1.16,7184.0,712.6,603.0
SCB,11/22/2018,599.0,599.0,588.0,597.0,-0.33,8692.0,712.6,603.0
SCB,11/25/2018,608.0,608.0,585.0,585.0,-2.01,8119.0,712.6,603.0
SCB,11/26/2018,580.0,588.0,577.0,580.0,-0.85,10004.0,712.6,603.0
SCB,11/27/2018,580.0,590.0,573.0,573.0,-1.21,11710.0,712.6,603.0
SCB,11/28/2018,575.0,582.0,573.0,576.0,0.52,3491.0,712.6,603.0
SCB,11/29/2018,577.0,578.0,570.0,570.0,-1.04,4919.0,712.6,603.0
SCB,12/2/2018,570.0,570.0,560.0,560.0,-1.75,14201.0,712.6,603.0
SCB,12/3/2018,550.0,564.0,550.0,550.0,-1.79,15518.0,712.6,603.0
SCB,12/4/2018,550.0,560.0,550.0,560.0,1.82,11761.0,712.6,603.0
SCB,12/5/2018,558.0,566.0,550.0,554.0,-1.07,8581.0,712.6,603.0
SCB,12/6/2018,565.0,568.0,550.0,565.0,1.99,4894.0,712.6,603.0
SCB,12/9/2018,570.0,583.0,566.0,583.0,3.19,5205.0,712.6,603.0
SCB,12/10/2018,584.0,600.0,582.0,598.0,2.57,12924.0,712.6,603.0
SCB,12/11/2018,595.0,605.0,595.0,599.0,0.17,8512.0,712.6,603.0
SCB,12/12/2018,610.0,613.0,603.0,612.0,2.17,8137.0,712.6,603.0
SCB,12/13/2018,620.0,620.0,610.0,619.0,1.14,5019.0,712.6,603.0
SCB,12/16/2018,622.0,636.0,622.0,629.0,1.62,9518.0,712.6,603.0
SCB,12/17/2018,618.0,630.0,618.0,629.0,0.0,5185.0,712.6,603.0
SCB,12/18/2018,625.0,626.0,613.0,614.0,-2.38,8781.0,712.6,603.0
SCB,12/19/2018,614.0,616.0,605.0,606.0,-1.3,7747.0,712.6,603.0
SCB,12/20/2018,610.0,618.0,610.0,613.0,1.16,2236.0,712.6,603.0
SCB,12/23/2018,625.0,628.0,620.0,625.0,1.96,6527.0,712.6,603.0
SCB,12/24/2018,637.0,637.0,619.0,619.0,-0.96,4227.0,712.6,603.0
SCB,12/25/2018,620.0,624.0,615.0,621.0,0.32,1330.0,712.6,603.0
SCB,12/26/2018,619.0,627.0,615.0,623.0,0.32,4546.0,712.6,603.0
SCB,12/27/2018,635.0,635.0,618.0,623.0,0.0,6195.0,712.6,603.0
SCB,12/30/2018,625.0,628.0,622.0,623.0,0.0,2464.0,712.6,603.0
SCB,12/31/2018,635.0,635.0,615.0,616.0,-1.12,6340.0,712.6,603.0
SCB,1/1/2019,625.0,625.0,616.0,621.0,0.81,5222.0,712.6,603.0
SCB,1/2/2019,621.0,623.0,615.0,615.0,-0.97,3265.0,712.6,603.0
SCB,1/3/2019,610.0,616.0,606.0,606.0,-1.46,7471.0,712.6,603.0
SCB,1/6/2019,605.0,609.0,596.0,600.0,-0.99,3683.0,712.6,603.0
SCB,1/7/2019,612.0,612.0,596.0,600.0,0.0,3465.0,712.6,603.0
SCB,1/8/2019,601.0,608.0,601.0,603.0,0.5,2777.0,712.6,603.0
SCB,1/9/2019,597.0,610.0,597.0,605.0,0.33,4415.0,712.6,603.0
SCB,1/10/2019,602.0,610.0,602.0,608.0,0.5,12060.0,712.6,603.0
SCB,1/13/2019,600.0,600.0,586.0,589.0,-3.12,6026.0,712.6,603.0
SCB,1/14/2019,586.0,593.0,585.0,590.0,0.17,2299.0,712.6,603.0
SCB,1/15/2019,590.0,592.0,587.0,592.0,0.34,1839.0,712.6,603.0
SCB,1/16/2019,590.0,599.0,590.0,594.0,0.34,2390.0,712.6,603.0
SCB,1/17/2019,590.0,599.0,589.0,589.0,-0.84,5909.0,712.6,603.0
SCB,1/20/2019,590.0,590.0,575.0,575.0,-2.38,3606.0,712.6,603.0
SCB,1/21/2019,575.0,578.0,563.0,571.0,-0.7,5777.0,712.6,603.0
SCB,1/22/2019,570.0,580.0,565.0,575.0,0.7,3794.0,712.6,603.0
SCB,1/23/2019,575.0,576.0,565.0,570.0,-0.87,11499.0,712.6,603.0
SCB,1/24/2019,560.0,573.0,560.0,567.0,-0.53,5178.0,712.6,603.0
SCB,1/27/2019,560.0,568.0,560.0,565.0,-0.35,4985.0,712.6,603.0
SCB,1/28/2019,565.0,569.0,561.0,564.0,-0.18,3900.0,712.6,603.0
SCB,1/29/2019,565.0,567.0,562.0,563.0,-0.18,5320.0,712.6,603.0
SCB,1/30/2019,563.0,565.0,562.0,562.0,-0.18,4396.0,712.6,603.0
SCB,1/31/2019,572.0,572.0,563.0,565.0,0.53,2462.0,712.6,603.0
SCB,2/3/2019,568.0,569.0,564.0,564.0,-0.18,3165.0,712.6,603.0
SCB,2/4/2019,556.0,563.0,555.0,557.0,-1.24,5934.0,712.6,603.0
SCB,2/5/2019,551.0,570.0,550.0,556.0,-0.18,4021.0,712.6,603.0
SCB,2/6/2019,555.0,560.0,553.0,556.0,0.0,3455.0,712.6,603.0
SCB,2/7/2019,561.0,561.0,555.0,556.0,0.0,2152.0,712.6,603.0
SCB,2/10/2019,557.0,558.0,550.0,550.0,-1.08,3855.0,712.6,603.0
SCB,2/11/2019,554.0,555.0,545.0,551.0,0.18,4352.0,712.6,603.0
SCB,2/12/2019,550.0,550.0,547.0,547.0,-0.73,4004.0,712.6,603.0
SCB,2/13/2019,552.0,555.0,541.0,542.0,-0.91,4235.0,712.6,603.0
SCB,2/14/2019,543.0,544.0,531.0,536.0,-1.11,6255.0,712.6,603.0
SCB,2/17/2019,537.0,542.0,528.0,536.0,0.0,6723.0,712.6,603.0
SCB,2/18/2019,537.0,537.0,527.0,528.0,-1.49,5840.0,712.6,603.0
SCB,2/19/2019,530.0,540.0,528.0,534.0,1.14,1919.0,712.6,603.0
SCB,2/20/2019,540.0,540.0,530.0,534.0,0.0,2409.0,712.6,603.0
SCB,2/21/2019,539.0,540.0,534.0,534.0,0.0,7405.0,712.6,603.0
SCB,2/24/2019,534.0,534.0,525.0,527.0,-1.31,6349.0,712.6,603.0
SCB,2/25/2019,527.0,529.0,521.0,525.0,-0.38,7089.0,712.6,603.0
SCB,2/26/2019,534.0,534.0,524.0,530.0,0.95,2402.0,712.6,603.0
SCB,2/27/2019,525.0,534.0,525.0,530.0,0.0,2368.0,712.6,603.0
SCB,3/3/2019,521.0,531.0,521.0,525.0,-0.94,5559.0,712.6,603.0
SCB,3/5/2019,524.0,530.0,520.0,528.0,0.57,7650.0,712.6,603.0
SCB,3/6/2019,528.0,532.0,528.0,532.0,0.76,5029.0,712.6,603.0
SCB,3/7/2019,535.0,536.0,530.0,533.0,0.19,6406.0,712.6,603.0
SCB,3/10/2019,530.0,540.0,528.0,536.0,0.56,364.0,712.6,603.0
SCB,3/11/2019,535.0,541.0,535.0,540.0,0.75,9615.0,712.6,603.0
SCB,3/12/2019,542.0,566.0,540.0,566.0,4.81,13279.0,712.6,603.0
SCB,3/13/2019,570.0,572.0,562.0,565.0,-0.18,9116.0,712.6,603.0
SCB,3/14/2019,576.0,576.0,560.0,574.0,1.59,6842.0,712.6,603.0
SCB,3/17/2019,575.0,591.0,575.0,583.0,1.57,11221.0,712.6,603.0
SCB,3/18/2019,583.0,587.0,582.0,583.0,0.0,6976.0,712.6,603.0
SCB,3/19/2019,580.0,590.0,577.0,577.0,-1.03,5041.0,712.6,603.0
SCB,3/21/2019,577.0,580.0,567.0,571.0,-1.04,6187.0,712.6,603.0
SCB,3/24/2019,571.0,571.0,555.0,558.0,-2.28,5624.0,712.6,603.0
SCB,3/25/2019,555.0,572.0,552.0,568.0,1.79,6320.0,712.6,603.0
SCB,3/26/2019,570.0,570.0,560.0,564.0,-0.7,2659.0,712.6,603.0
SCB,3/27/2019,555.0,574.0,555.0,570.0,1.06,3764.0,712.6,603.0
SCB,3/28/2019,563.0,574.0,563.0,568.0,-0.35,4230.0,712.6,603.0
SCB,3/31/2019,579.0,579.0,565.0,565.0,-0.53,7189.0,712.6,603.0
SCB,4/1/2019,557.0,569.0,557.0,567.0,0.35,7755.0,712.6,603.0
SCB,4/2/2019,567.0,584.0,567.0,583.0,2.82,18598.0,712.6,603.0
SCB,4/3/2019,580.0,591.0,571.0,579.0,-0.69,7791.0,712.6,603.0
SCB,4/4/2019,575.0,580.0,569.0,574.0,-0.86,4073.0,712.6,603.0
SCB,4/7/2019,584.0,585.0,573.0,585.0,1.92,8125.0,712.6,603.0
SCB,4/8/2019,587.0,602.0,587.0,592.0,1.2,7535.0,712.6,603.0
SCB,4/9/2019,592.0,599.0,585.0,592.0,0.0,7624.0,712.6,603.0
SCB,4/10/2019,595.0,597.0,584.0,590.0,-0.34,3391.0,712.6,603.0
SCB,4/11/2019,592.0,594.0,590.0,591.0,0.17,4175.0,712.6,603.0
SCB,4/15/2019,585.0,588.0,580.0,587.0,-0.68,2164.0,712.6,603.0
SCB,4/16/2019,584.0,597.0,584.0,595.0,1.36,4704.0,712.6,603.0
SCB,4/17/2019,605.0,610.0,597.0,600.0,0.84,4817.0,712.6,603.0
SCB,4/18/2019,601.0,625.0,598.0,621.0,3.5,7571.0,712.6,603.0
SCB,4/21/2019,622.0,683.0,621.0,683.0,9.98,14140.0,712.6,603.0
SCB,4/22/2019,696.0,741.0,696.0,710.0,3.95,52924.0,712.6,603.0
SCB,4/23/2019,711.0,735.0,697.0,727.0,2.39,25602.0,712.6,603.0
SCB,4/24/2019,720.0,732.0,720.0,722.0,-0.69,17286.0,712.6,603.0
SCB,4/25/2019,722.0,735.0,722.0,723.0,0.14,16914.0,712.6,603.0
SCB,4/28/2019,737.0,755.0,721.0,723.0,0.0,16855.0,712.6,603.0
SCB,4/29/2019,723.0,723.0,700.0,720.0,-0.41,13637.0,712.6,603.0
SCB,4/30/2019,734.0,734.0,700.0,705.0,-2.08,7935.0,712.6,603.0
SCB,5/2/2019,710.0,710.0,685.0,690.0,-2.13,10941.0,712.6,603.0
SCB,5/5/2019,690.0,693.0,684.0,686.0,-0.58,12949.0,712.6,603.0
SCB,5/6/2019,690.0,710.0,674.0,710.0,3.5,20390.0,712.6,603.0
SCB,5/7/2019,710.0,724.0,702.0,709.0,-0.14,17873.0,712.6,603.0
SCB,5/8/2019,709.0,710.0,696.0,704.0,-0.71,5945.0,712.6,603.0
SCB,5/9/2019,710.0,710.0,686.0,690.0,-1.99,8193.0,712.6,603.0
SCB,5/12/2019,690.0,700.0,685.0,689.0,-0.14,5656.0,712.6,603.0
SCB,5/13/2019,699.0,699.0,690.0,691.0,0.29,6791.0,712.6,603.0
SCB,5/14/2019,690.0,705.0,680.0,699.0,1.16,7659.0,712.6,603.0
SCB,5/15/2019,699.0,710.0,690.0,695.0,-0.57,9835.0,712.6,603.0
SCB,5/16/2019,695.0,695.0,686.0,689.0,-0.86,9831.0,712.6,603.0
SCB,5/19/2019,691.0,700.0,681.0,690.0,0.15,7010.0,712.6,603.0
SCB,5/20/2019,692.0,692.0,681.0,689.0,-0.14,4787.0,712.6,603.0
SCB,5/21/2019,699.0,699.0,684.0,690.0,0.15,4375.0,712.6,603.0
SCB,5/22/2019,690.0,695.0,686.0,687.0,-0.43,4797.0,712.6,603.0
SCB,5/23/2019,684.0,686.0,678.0,685.0,-0.29,13815.0,712.6,603.0
SCB,5/26/2019,680.0,680.0,673.0,680.0,-0.73,3801.0,712.6,603.0
SCB,5/27/2019,672.0,680.0,671.0,677.0,-0.44,2965.0,712.6,603.0
SCB,5/28/2019,677.0,680.0,670.0,680.0,0.44,5844.0,712.6,603.0
SCB,5/29/2019,680.0,683.0,675.0,678.0,-0.29,4549.0,712.6,603.0
SCB,5/30/2019,691.0,715.0,691.0,703.0,3.69,17827.0,712.6,603.0
SCB,6/2/2019,702.0,702.0,676.0,692.0,-1.56,7134.0,712.6,603.0
SCB,6/3/2019,690.0,690.0,682.0,684.0,-1.16,6616.0,712.6,603.0
SCB,6/4/2019,689.0,690.0,674.0,679.0,-0.73,4823.0,712.6,603.0
SCB,6/6/2019,670.0,677.0,667.0,673.0,-0.88,4306.0,712.6,603.0
SCB,6/10/2019,668.0,680.0,667.0,675.0,0.3,7665.0,712.6,603.0
SCB,6/11/2019,673.0,676.0,671.0,672.0,-0.44,4245.0,712.6,603.0
SCB,6/12/2019,673.0,674.0,660.0,669.0,-0.45,11752.0,712.6,603.0
SCB,6/13/2019,670.0,670.0,659.0,659.0,-1.49,8870.0,712.6,603.0
SCB,6/16/2019,659.0,663.0,657.0,661.0,0.3,3927.0,712.6,603.0
SCB,6/17/2019,661.0,669.0,658.0,665.0,0.61,4405.0,712.6,603.0
SCB,6/18/2019,665.0,677.0,661.0,665.0,0.0,5108.0,712.6,603.0
SCB,6/19/2019,670.0,670.0,660.0,661.0,-0.6,3211.0,712.6,603.0
SCB,6/20/2019,662.0,667.0,662.0,665.0,0.61,1949.0,712.6,603.0
SCB,6/23/2019,670.0,670.0,655.0,661.0,-0.6,5040.0,712.6,603.0
SCB,6/24/2019,660.0,665.0,655.0,665.0,0.61,6963.0,712.6,603.0
SCB,6/25/2019,663.0,665.0,660.0,664.0,-0.15,3499.0,712.6,603.0
SCB,6/26/2019,657.0,667.0,655.0,661.0,-0.45,1844.0,712.6,603.0
SCB,6/27/2019,660.0,666.0,660.0,664.0,0.45,6617.0,712.6,603.0
SCB,6/30/2019,674.0,674.0,656.0,657.0,-1.05,7343.0,712.6,603.0
SCB,7/1/2019,660.0,660.0,650.0,654.0,-0.46,5154.0,712.6,603.0
SCB,7/2/2019,651.0,655.0,650.0,654.0,0.0,38037.0,712.6,603.0
SCB,7/3/2019,667.0,675.0,659.0,669.0,2.29,9379.0,712.6,603.0
SCB,7/4/2019,675.0,675.0,662.0,665.0,-0.6,12296.0,712.6,603.0
SCB,7/7/2019,665.0,665.0,659.0,661.0,-0.6,6786.0,712.6,603.0
SCB,7/8/2019,660.0,660.0,653.0,655.0,-0.91,3927.0,712.6,603.0
SCB,7/9/2019,655.0,661.0,650.0,660.0,0.76,5159.0,712.6,603.0
SCB,7/10/2019,656.0,671.0,653.0,669.0,1.36,5279.0,712.6,603.0
SCB,7/11/2019,660.0,671.0,660.0,669.0,0.0,7964.0,712.6,603.0
SCB,7/14/2019,665.0,670.0,663.0,669.0,0.0,2348.0,712.6,603.0
SCB,7/15/2019,670.0,685.0,665.0,673.0,0.6,12382.0,712.6,603.0
SCB,7/16/2019,706.0,706.0,670.0,682.0,1.34,2826.0,712.6,603.0
SCB,7/17/2019,676.0,688.0,676.0,688.0,0.88,9002.0,712.6,603.0
SCB,7/18/2019,698.0,698.0,677.0,678.0,-1.45,5495.0,712.6,603.0
SCB,7/21/2019,678.0,678.0,670.0,674.0,-0.59,3992.0,712.6,603.0
SCB,7/22/2019,674.0,682.0,674.0,679.0,0.74,4173.0,712.6,603.0
SCB,7/23/2019,679.0,687.0,674.0,677.0,-0.29,5153.0,712.6,603.0
SCB,7/24/2019,680.0,686.0,675.0,680.0,0.44,7120.0,712.6,603.0
SCB,7/25/2019,675.0,680.0,670.0,672.0,-1.18,4605.0,712.6,603.0
SCB,7/28/2019,660.0,670.0,660.0,669.0,-0.45,2190.0,712.6,603.0
SCB,7/29/2019,660.0,666.0,660.0,664.0,-0.75,2955.0,712.6,603.0
SCB,7/30/2019,666.0,669.0,663.0,666.0,0.3,1650.0,712.6,603.0
SCB,7/31/2019,669.0,673.0,667.0,670.0,0.6,2993.0,712.6,603.0
SCB,8/1/2019,670.0,670.0,665.0,667.0,-0.45,12692.0,712.6,603.0
SCB,8/4/2019,670.0,670.0,662.0,662.0,-0.75,2753.0,712.6,603.0
SCB,8/5/2019,663.0,665.0,658.0,664.0,0.3,3672.0,712.6,603.0
SCB,8/6/2019,670.0,670.0,650.0,655.0,-1.36,6048.0,712.6,603.0
SCB,8/7/2019,650.0,658.0,646.0,651.0,-0.61,19707.0,712.6,603.0
SCB,8/8/2019,646.0,654.0,646.0,650.0,-0.15,4169.0,712.6,603.0
SCB,8/11/2019,643.0,658.0,634.0,652.0,0.31,11730.0,712.6,603.0
SCB,8/12/2019,645.0,655.0,645.0,650.0,-0.31,3503.0,712.6,603.0
SCB,8/13/2019,650.0,655.0,645.0,655.0,0.77,6080.0,712.6,603.0
SCB,8/14/2019,645.0,651.0,645.0,646.0,-1.37,2066.0,712.6,603.0
SCB,8/15/2019,646.0,650.0,640.0,650.0,0.62,2832.0,712.6,603.0
SCB,8/18/2019,653.0,655.0,639.0,640.0,-1.54,6325.0,712.6,603.0
SCB,8/19/2019,647.0,651.0,638.0,642.0,0.31,3571.0,712.6,603.0
SCB,8/20/2019,642.0,642.0,637.0,640.0,-0.31,3444.0,712.6,603.0
SCB,8/21/2019,640.0,640.0,633.0,634.0,-0.94,7681.0,712.6,603.0
SCB,8/22/2019,631.0,645.0,631.0,638.0,0.63,7499.0,712.6,603.0
SCB,8/25/2019,640.0,640.0,630.0,634.0,-0.63,5168.0,712.6,603.0
SCB,8/26/2019,630.0,634.0,622.0,625.0,-1.42,7093.0,712.6,603.0
SCB,8/27/2019,630.0,635.0,626.0,631.0,0.96,3490.0,712.6,603.0
SCB,8/28/2019,632.0,633.0,620.0,622.0,-1.43,7340.0,712.6,603.0
SCB,8/29/2019,622.0,630.0,617.0,625.0,0.48,6037.0,712.6,603.0
SCB,9/1/2019,621.0,622.0,615.0,617.0,-1.28,5397.0,712.6,603.0
SCB,9/2/2019,615.0,615.0,602.0,613.0,-0.65,7256.0,712.6,603.0
SCB,9/3/2019,610.0,622.0,600.0,622.0,1.47,8738.0,712.6,603.0
SCB,9/4/2019,623.0,635.0,620.0,622.0,0.0,3326.0,712.6,603.0
SCB,9/5/2019,620.0,626.0,615.0,622.0,0.0,4894.0,712.6,603.0
SCB,9/8/2019,611.0,614.0,607.0,610.0,-1.93,10644.0,712.6,603.0
SCB,9/9/2019,608.0,608.0,595.0,600.0,-1.64,7318.0,712.6,603.0
SCB,9/10/2019,591.0,601.0,588.0,588.0,-2.0,6395.0,712.6,603.0
SCB,9/11/2019,590.0,594.0,588.0,588.0,0.0,7023.0,712.6,603.0
SCB,9/12/2019,590.0,590.0,584.0,588.0,0.0,3735.0,712.6,603.0
SCB,9/15/2019,580.0,585.0,550.0,557.0,-5.27,12469.0,712.6,603.0
SCB,9/16/2019,551.0,560.0,545.0,558.0,0.18,5491.0,712.6,603.0
SCB,9/17/2019,566.0,575.0,551.0,570.0,2.15,7538.0,712.6,603.0
SCB,9/18/2019,581.0,592.0,559.0,572.0,0.35,12704.0,712.6,603.0
SCB,9/19/2019,575.0,578.0,570.0,571.0,-0.17,3745.0,712.6,603.0
SCB,9/22/2019,553.0,567.0,550.0,555.0,-2.8,11079.0,712.6,603.0
SCB,9/23/2019,555.0,572.0,552.0,561.0,1.08,6871.0,712.6,603.0
SCB,9/24/2019,561.0,563.0,557.0,562.0,0.18,8097.0,712.6,603.0
SCB,9/25/2019,563.0,565.0,557.0,558.0,-0.71,8382.0,712.6,603.0
SCB,9/26/2019,559.0,560.0,555.0,556.0,-0.36,4052.0,712.6,603.0
SCB,9/29/2019,557.0,557.0,551.0,551.0,-0.9,5985.0,712.6,603.0
SCB,9/30/2019,555.0,570.0,555.0,569.0,3.27,3369.0,712.6,603.0
SCB,10/1/2019,569.0,583.0,565.0,578.0,1.58,7688.0,712.6,603.0
SCB,10/2/2019,580.0,583.0,571.0,571.0,-1.21,4996.0,712.6,603.0
SCB,10/3/2019,572.0,586.0,572.0,580.0,1.58,7660.0,712.6,603.0
SCB,10/10/2019,590.0,590.0,585.0,587.0,1.21,1274.0,712.6,603.0
SCB,10/14/2019,585.0,587.0,565.0,570.0,-2.9,5359.0,712.6,603.0
SCB,10/15/2019,565.0,576.0,560.0,576.0,1.05,4100.0,712.6,603.0
SCB,10/16/2019,578.0,578.0,570.0,570.0,-1.04,3309.0,712.6,603.0
SCB,10/17/2019,570.0,575.0,570.0,573.0,0.53,5965.0,712.6,603.0
SCB,10/20/2019,570.0,570.0,562.0,565.0,-1.4,3722.0,712.6,603.0
SCB,10/21/2019,565.0,565.0,541.0,550.0,-2.65,7033.0,712.6,603.0
SCB,10/22/2019,550.0,561.0,539.0,557.0,1.27,4454.0,712.6,603.0
SCB,10/23/2019,555.0,567.0,552.0,567.0,1.8,9072.0,712.6,603.0
SCB,10/24/2019,565.0,570.0,554.0,566.0,-0.18,3977.0,712.6,603.0
SCB,10/31/2019,566.0,575.0,555.0,567.0,0.18,4771.0,712.6,603.0
SCB,11/3/2019,567.0,567.0,556.0,558.0,-1.59,2403.0,712.6,603.0
SCB,11/4/2019,550.0,559.0,550.0,558.0,0.0,4573.0,712.6,603.0
SCB,11/5/2019,558.0,563.0,555.0,563.0,0.9,3212.0,712.6,603.0
SCB,11/6/2019,563.0,564.0,555.0,557.0,-1.07,2092.0,712.6,603.0
SCB,11/7/2019,555.0,558.0,555.0,556.0,-0.18,1741.0,712.6,603.0
SCB,11/10/2019,554.0,556.0,550.0,550.0,-1.08,5901.0,712.6,603.0
SCB,11/11/2019,551.0,555.0,551.0,554.0,0.73,3241.0,712.6,603.0
SCB,11/12/2019,555.0,555.0,544.0,549.0,-0.9,4361.0,712.6,603.0
SCB,11/13/2019,550.0,550.0,546.0,548.0,-0.18,2838.0,712.6,603.0
SCB,11/14/2019,550.0,550.0,545.0,549.0,0.18,3440.0,712.6,603.0
SCB,11/17/2019,545.0,551.0,543.0,550.0,0.18,5689.0,712.6,603.0
SCB,11/18/2019,545.0,558.0,545.0,553.0,0.55,2330.0,712.6,603.0
SCB,11/19/2019,545.0,555.0,545.0,548.0,-0.9,9745.0,712.6,603.0
SCB,11/20/2019,548.0,551.0,546.0,550.0,0.36,3906.0,712.6,603.0
SCB,11/21/2019,550.0,555.0,547.0,550.0,0.0,5236.0,712.6,603.0
SCB,11/24/2019,550.0,556.0,549.0,555.0,0.91,18279.0,712.6,603.0
SCB,11/25/2019,544.0,544.0,521.0,525.0,-5.41,10085.0,712.6,603.0
SCB,11/26/2019,525.0,526.0,521.0,525.0,0.0,6593.0,712.6,603.0
SCB,11/27/2019,523.0,529.0,522.0,528.0,0.57,3206.0,712.6,603.0
SCB,11/28/2019,525.0,529.0,523.0,523.0,-0.95,10085.0,712.6,603.0
SCB,12/1/2019,525.0,527.0,525.0,525.0,0.38,6052.0,712.6,603.0
SCB,12/2/2019,525.0,527.0,525.0,525.0,0.0,3064.0,712.6,603.0
SCB,12/3/2019,525.0,529.0,525.0,526.0,0.19,2866.0,712.6,603.0
SCB,12/4/2019,525.0,529.0,525.0,526.0,0.0,3036.0,712.6,603.0
SCB,12/5/2019,527.0,530.0,526.0,527.0,0.19,3759.0,712.6,603.0
SCB,12/8/2019,530.0,530.0,526.0,526.0,-0.19,2370.0,712.6,603.0
SCB,12/9/2019,528.0,542.0,525.0,531.0,0.95,6560.0,712.6,603.0
SCB,12/10/2019,541.0,541.0,532.0,537.0,1.13,3106.0,712.6,603.0
SCB,12/11/2019,540.0,541.0,536.0,536.0,-0.19,4140.0,712.6,603.0
SCB,12/12/2019,535.0,540.0,535.0,538.0,0.37,4459.0,712.6,603.0
SCB,12/15/2019,540.0,555.0,535.0,540.0,0.37,8126.0,712.6,603.0
SCB,12/16/2019,545.0,550.0,536.0,538.0,-0.37,4616.0,712.6,603.0
SCB,12/17/2019,538.0,538.0,535.0,538.0,0.0,2469.0,712.6,603.0
SCB,12/18/2019,538.0,538.0,535.0,535.0,-0.56,1770.0,712.6,603.0
SCB,12/19/2019,535.0,536.0,532.0,535.0,0.0,4273.0,712.6,603.0
SCB,12/22/2019,535.0,535.0,528.0,528.0,-1.31,4526.0,712.6,603.0
SCB,12/23/2019,530.0,534.0,529.0,531.0,0.57,5099.0,712.6,603.0
SCB,12/24/2019,538.0,541.0,531.0,535.0,0.75,2423.0,712.6,603.0
SCB,12/25/2019,535.0,536.0,532.0,532.0,-0.56,1544.0,712.6,603.0
SCB,12/26/2019,530.0,535.0,530.0,532.0,0.0,5762.0,712.6,603.0
SCB,12/29/2019,532.0,532.0,525.0,528.0,-0.75,4128.0,712.6,603.0
SCB,12/30/2019,529.0,535.0,528.0,535.0,1.33,3095.0,712.6,603.0
SCB,12/31/2019,536.0,536.0,530.0,530.0,-0.93,6075.0,712.6,603.0
SCB,1/1/2020,530.0,534.0,530.0,534.0,0.75,5560.0,712.6,603.0
SCB,1/2/2020,530.0,539.0,529.0,538.0,0.75,6666.0,712.6,603.0
SCB,1/5/2020,537.0,553.0,537.0,548.0,1.86,15207.0,712.6,603.0
SCB,1/6/2020,550.0,568.0,548.0,567.0,3.47,19081.0,712.6,603.0
SCB,1/7/2020,570.0,579.0,568.0,579.0,2.12,13156.0,712.6,603.0
SCB,1/8/2020,580.0,583.0,570.0,573.0,-1.04,12690.0,712.6,603.0
SCB,1/9/2020,565.0,574.0,565.0,565.0,-1.4,7416.0,712.6,603.0
SCB,1/12/2020,565.0,585.0,565.0,573.0,1.42,14279.0,712.6,603.0
SCB,1/13/2020,584.0,606.0,582.0,590.0,2.97,15426.0,712.6,603.0
SCB,1/14/2020,590.0,595.0,582.0,586.0,-0.68,10002.0,712.6,603.0
SCB,1/15/2020,596.0,602.0,586.0,602.0,2.73,7243.0,712.6,603.0
SCB,1/16/2020,603.0,636.0,603.0,635.0,5.48,15793.0,712.6,603.0
SCB,1/19/2020,640.0,647.0,635.0,645.0,1.57,15165.0,712.6,603.0
SCB,1/20/2020,657.0,664.0,635.0,642.0,-0.47,17385.0,712.6,603.0
SCB,1/21/2020,635.0,640.0,623.0,631.0,-1.71,13015.0,712.6,603.0
SCB,1/22/2020,630.0,631.0,613.0,613.0,-2.85,9630.0,712.6,603.0
SCB,1/23/2020,613.0,618.0,601.0,610.0,-0.49,14216.0,712.6,603.0
SCB,1/26/2020,600.0,606.0,591.0,595.0,-2.46,19476.0,712.6,603.0
SCB,1/27/2020,593.0,604.0,590.0,604.0,1.51,15218.0,712.6,603.0
SCB,1/28/2020,605.0,613.0,605.0,609.0,0.83,8174.0,712.6,603.0
SCB,1/29/2020,603.0,607.0,601.0,601.0,-1.31,4821.0,712.6,603.0
SCB,1/30/2020,601.0,614.0,599.0,609.0,1.33,10970.0,712.6,603.0
SCB,2/2/2020,611.0,630.0,611.0,628.0,3.12,19747.0,712.6,603.0
SCB,2/3/2020,630.0,635.0,623.0,625.0,-0.48,12262.0,712.6,603.0
SCB,2/4/2020,625.0,630.0,610.0,611.0,-2.24,8464.0,712.6,603.0
SCB,2/5/2020,606.0,618.0,605.0,615.0,0.65,6666.0,712.6,603.0
SCB,2/6/2020,620.0,620.0,611.0,612.0,-0.49,8066.0,712.6,603.0
SCB,2/9/2020,605.0,612.0,605.0,607.0,-0.82,9046.0,712.6,603.0
SCB,2/10/2020,609.0,612.0,602.0,608.0,0.16,5730.0,712.6,603.0
SCB,2/11/2020,617.0,617.0,606.0,613.0,0.82,12262.0,712.6,603.0
SCB,2/12/2020,616.0,616.0,610.0,611.0,-0.33,9020.0,712.6,603.0
SCB,2/13/2020,610.0,612.0,607.0,609.0,-0.33,9719.0,712.6,603.0
SCB,2/16/2020,605.0,610.0,600.0,610.0,0.16,11725.0,712.6,603.0
SCB,2/17/2020,612.0,651.0,612.0,650.0,6.56,44902.0,712.6,603.0
SCB,2/18/2020,660.0,670.0,644.0,652.0,0.31,37133.0,712.6,603.0
SCB,2/19/2020,660.0,660.0,640.0,650.0,-0.31,9222.0,712.6,603.0
SCB,2/20/2020,659.0,659.0,643.0,658.0,1.23,16101.0,712.6,603.0
SCB,2/23/2020,670.0,722.0,660.0,715.0,8.66,39731.0,712.6,603.0
SCB,2/24/2020,729.0,741.0,707.0,716.0,0.14,52974.0,712.6,603.0
SCB,2/25/2020,715.0,728.0,700.0,725.0,1.26,26976.0,712.6,603.0
SCB,2/26/2020,720.0,770.0,720.0,770.0,6.21,50971.0,712.6,603.0
SCB,2/27/2020,770.0,839.0,735.0,837.0,8.7,85420.0,712.6,603.0
SCB,3/1/2020,840.0,850.0,809.0,814.0,-2.75,95777.0,712.6,603.0
SCB,3/2/2020,799.0,799.0,735.0,735.0,-9.71,48522.0,712.6,603.0
SCB,3/3/2020,735.0,763.0,695.0,745.0,1.36,74032.0,712.6,603.0
SCB,3/4/2020,740.0,758.0,694.0,712.0,-4.43,46641.0,712.6,603.0
SCB,3/5/2020,698.0,718.0,650.0,700.0,-1.69,34842.0,712.6,603.0
SCB,3/10/2020,686.0,686.0,630.0,632.0,-9.71,20941.0,712.6,603.0
SCB,3/11/2020,640.0,694.0,635.0,690.0,9.18,37859.0,712.6,603.0
SCB,3/12/2020,690.0,703.0,657.0,667.0,-3.33,41208.0,712.6,603.0
SCB,3/15/2020,654.0,666.0,627.0,627.0,-6.0,38985.0,712.6,603.0
SCB,3/16/2020,627.0,646.0,618.0,628.0,0.16,28891.0,712.6,603.0
SCB,3/17/2020,621.0,625.0,598.0,608.0,-3.18,24876.0,712.6,603.0
SCB,3/18/2020,598.0,612.0,588.0,595.0,-2.14,22653.0,712.6,603.0
SCB,3/19/2020,585.0,610.0,562.0,604.0,1.51,30135.0,712.6,603.0
SCB,3/22/2020,595.0,595.0,583.0,590.0,-2.32,4563.0,712.6,603.0
SCB,5/12/2020,579.0,579.0,573.0,573.0,-2.88,301.0,712.6,603.0
SCB,5/13/2020,562.0,562.0,556.0,556.0,-2.97,110.0,712.6,603.0
SCB,6/29/2020,545.0,545.0,505.0,535.0,-3.78,7561.0,712.6,603.0
SCB,6/30/2020,537.0,588.0,537.0,588.0,9.91,4365.0,712.6,603.0
SCB,7/1/2020,599.0,646.0,599.0,646.0,9.86,1500.0,712.6,603.0
SCB,7/2/2020,658.0,695.0,590.0,590.0,-8.67,5441.0,712.6,603.0
SCB,7/5/2020,600.0,600.0,572.0,592.0,0.34,15274.0,712.6,603.0
SCB,7/6/2020,590.0,606.0,580.0,604.0,2.03,9911.0,712.6,603.0
SCB,7/7/2020,616.0,632.0,616.0,625.0,3.48,16776.0,712.6,603.0
SCB,7/8/2020,627.0,636.0,602.0,606.0,-3.04,14568.0,712.6,603.0
SCB,7/9/2020,606.0,630.0,605.0,612.0,0.99,13740.0,712.6,603.0
SCB,7/12/2020,615.0,625.0,615.0,621.0,1.47,9497.0,712.6,603.0
SCB,7/13/2020,621.0,630.0,618.0,625.0,0.64,11086.0,712.6,603.0
SCB,7/14/2020,622.0,627.0,618.0,624.0,-0.16,6367.0,712.6,603.0
SCB,7/15/2020,624.0,645.0,617.0,645.0,3.37,15797.0,712.6,603.0
SCB,7/16/2020,654.0,660.0,643.0,655.0,1.55,16406.0,712.6,603.0
SCB,7/19/2020,668.0,694.0,668.0,694.0,5.95,30.0,712.6,603.0
SCB,7/20/2020,725.0,754.0,681.0,700.0,0.86,51322.0,712.6,603.0
SCB,7/21/2020,700.0,710.0,671.0,685.0,-2.14,25907.0,712.6,603.0
SCB,7/22/2020,690.0,695.0,672.0,676.0,-1.31,12855.0,712.6,603.0
SCB,7/23/2020,671.0,690.0,665.0,688.0,1.78,16658.0,712.6,603.0
SCB,7/26/2020,700.0,700.0,680.0,699.0,1.6,19061.0,712.6,603.0
SCB,7/27/2020,695.0,705.0,693.0,697.0,-0.29,29599.0,712.6,603.0
SCB,7/28/2020,700.0,700.0,683.0,689.0,-1.15,15042.0,712.6,603.0
SCB,7/29/2020,677.0,685.0,673.0,675.0,-2.03,21038.0,712.6,603.0
SCB,7/30/2020,675.0,684.0,670.0,682.0,1.04,14264.0,712.6,603.0
SCB,8/2/2020,680.0,680.0,652.0,657.0,-3.67,25539.0,712.6,603.0
SCB,8/3/2020,650.0,668.0,637.0,657.0,0.0,21265.0,712.6,603.0
SCB,8/5/2020,650.0,650.0,630.0,648.0,-1.37,24263.0,712.6,603.0
SCB,8/6/2020,648.0,648.0,630.0,643.0,-0.77,9301.0,712.6,603.0
SCB,8/9/2020,631.0,644.0,620.0,644.0,0.16,11509.0,712.6,603.0
SCB,8/10/2020,656.0,662.0,635.0,662.0,2.8,16245.0,712.6,603.0
SCB,8/11/2020,665.0,672.0,655.0,660.0,-0.3,14386.0,712.6,603.0
SCB,8/12/2020,673.0,673.0,647.0,662.0,0.3,8504.0,712.6,603.0
SCB,8/13/2020,651.0,657.0,651.0,653.0,-1.36,11501.0,712.6,603.0
SCB,8/16/2020,640.0,646.0,631.0,641.0,-1.84,16909.0,712.6,603.0
SCB,8/17/2020,642.0,642.0,636.0,640.0,-0.16,6519.0,712.6,603.0
SCB,8/18/2020,651.0,651.0,640.0,644.0,0.63,7550.0,712.6,603.0
SCB,8/19/2020,633.0,640.0,632.0,635.0,-1.4,6583.0,712.6,603.0
SCB,8/20/2020,630.0,640.0,630.0,639.0,0.63,1981.0,712.6,603.0
SCB,8/23/2020,644.0,644.0,632.0,640.0,0.16,6578.0,712.6,603.0
SCB,8/24/2020,652.0,661.0,640.0,646.0,0.94,8530.0,712.6,603.0
SCB,8/25/2020,657.0,657.0,644.0,648.0,0.31,7280.0,712.6,603.0
SCB,8/26/2020,659.0,672.0,650.0,665.0,2.62,26930.0,712.6,603.0
SCB,8/27/2020,675.0,675.0,654.0,661.0,-0.6,11387.0,712.6,603.0
SCB,8/30/2020,631.0,660.0,631.0,658.0,-0.45,7817.0,712.6,603.0
SCB,8/31/2020,668.0,669.0,655.0,659.0,0.15,19625.0,712.6,603.0
SCB,9/2/2020,666.0,675.0,665.0,668.0,1.37,31605.0,712.6,603.0
SCB,9/3/2020,670.0,670.0,661.0,670.0,0.3,27508.0,712.6,603.0
SCB,9/6/2020,683.0,685.0,659.0,660.0,-1.49,22274.0,712.6,603.0
SCB,9/7/2020,660.0,662.0,650.0,658.0,-0.3,19020.0,712.6,603.0
SCB,9/8/2020,651.0,656.0,646.0,653.0,-0.76,13437.0,712.6,603.0
SCB,9/9/2020,650.0,655.0,645.0,655.0,0.31,19920.0,712.6,603.0
SCB,9/10/2020,655.0,667.0,650.0,660.0,0.76,10219.0,712.6,603.0
SCB,9/13/2020,652.0,658.0,649.0,656.0,-0.61,21997.0,712.6,603.0
SCB,9/14/2020,660.0,673.0,659.0,666.0,1.52,27489.0,712.6,603.0
SCB,9/15/2020,675.0,675.0,657.0,664.0,-0.3,14623.0,712.6,603.0
SCB,9/16/2020,656.0,665.0,655.0,659.0,-0.75,8386.0,712.6,603.0
SCB,9/17/2020,655.0,671.0,655.0,670.0,1.67,18873.0,712.6,603.0
SCB,9/20/2020,671.0,695.0,671.0,676.0,0.9,31429.0,712.6,603.0
SCB,9/21/2020,681.0,682.0,671.0,671.0,-0.74,13734.0,712.6,603.0
SCB,9/22/2020,665.0,672.0,663.0,665.0,-0.89,17985.0,712.6,603.0
SCB,9/23/2020,678.0,678.0,655.0,663.0,-0.3,8052.0,712.6,603.0
SCB,9/24/2020,660.0,665.0,660.0,664.0,0.15,10537.0,712.6,603.0
SCB,9/27/2020,665.0,670.0,662.0,668.0,0.6,11519.0,712.6,603.0
SCB,9/28/2020,660.0,672.0,660.0,664.0,-0.6,12121.0,712.6,603.0
SCB,9/29/2020,665.0,665.0,660.0,660.0,-0.6,6094.0,712.6,603.0
SCB,9/30/2020,635.0,672.0,635.0,655.0,-0.76,7805.0,712.6,603.0
SCB,10/1/2020,657.0,668.0,657.0,662.0,1.07,9365.0,712.6,603.0
SCB,10/4/2020,664.0,674.0,664.0,669.0,1.06,14384.0,712.6,603.0
SCB,10/5/2020,675.0,680.0,664.0,666.0,-0.45,19381.0,712.6,603.0
SCB,10/6/2020,666.0,670.0,663.0,666.0,0.0,9250.0,712.6,603.0
SCB,10/7/2020,669.0,669.0,663.0,665.0,-0.15,10959.0,712.6,603.0
SCB,10/8/2020,669.0,669.0,660.0,661.0,-0.6,25543.0,712.6,603.0
SCB,10/11/2020,657.0,661.0,655.0,659.0,-0.3,17619.0,712.6,603.0
SCB,10/12/2020,659.0,660.0,649.0,655.0,-0.61,17890.0,712.6,603.0
SCB,10/13/2020,658.0,658.0,650.0,653.0,-0.31,20272.0,712.6,603.0
SCB,10/14/2020,650.0,657.0,650.0,657.0,0.61,11336.0,712.6,603.0
SCB,10/15/2020,665.0,665.0,652.0,658.0,0.15,9350.0,712.6,603.0
SCB,10/18/2020,658.0,658.0,650.0,652.0,-0.91,13606.0,712.6,603.0
SCB,10/19/2020,665.0,665.0,639.0,656.0,0.61,7075.0,712.6,603.0
SCB,10/20/2020,660.0,663.0,655.0,660.0,0.61,9154.0,712.6,603.0
SCB,10/21/2020,658.0,667.0,657.0,666.0,0.91,10526.0,712.6,603.0
SCB,10/22/2020,665.0,670.0,658.0,668.0,0.3,20245.0,712.6,603.0
SCB,10/28/2020,671.0,689.0,667.0,689.0,3.14,28361.0,712.6,603.0
SCB,10/29/2020,695.0,710.0,681.0,683.0,-0.87,28987.0,712.6,603.0
SCB,11/1/2020,670.0,670.0,633.0,656.0,-3.95,89195.0,712.6,603.0
SCB,11/2/2020,688.0,688.0,648.0,651.0,-0.76,24578.0,712.6,603.0
SCB,11/3/2020,654.0,654.0,646.0,647.0,-0.61,21681.0,712.6,603.0
SCB,11/4/2020,647.0,652.0,644.0,646.0,-0.15,17309.0,712.6,603.0
SCB,11/5/2020,645.0,645.0,635.0,636.0,-1.55,44695.0,712.6,603.0
SCB,11/8/2020,639.0,640.0,630.0,631.0,-0.79,24156.0,712.6,603.0
SCB,11/9/2020,630.0,630.0,621.0,623.0,-1.27,38131.0,712.6,603.0
SCB,11/10/2020,624.0,633.0,624.0,629.0,0.96,22741.0,712.6,603.0
SCB,11/11/2020,632.0,637.0,627.0,631.0,0.32,42148.0,712.6,603.0
SCB,11/12/2020,636.0,644.0,630.0,644.0,2.06,34413.0,712.6,603.0
SCB,11/18/2020,635.0,640.0,628.0,633.0,-1.71,26437.0,712.6,603.0
SCB,11/19/2020,631.0,634.0,627.0,633.0,0.0,38015.0,712.6,603.0
SCB,11/22/2020,632.0,643.0,628.0,630.0,-0.47,55727.0,712.6,603.0
SCB,11/23/2020,632.0,637.0,629.0,630.0,0.0,24028.0,712.6,603.0
SCB,11/24/2020,630.0,633.0,627.0,629.0,-0.16,39905.0,712.6,603.0
SCB,11/25/2020,634.0,640.0,628.0,635.0,0.95,45494.0,712.6,603.0
SCB,11/26/2020,640.0,673.0,640.0,662.0,4.25,92425.0,712.6,603.0
SCB,11/29/2020,695.0,703.0,672.0,699.0,5.59,116075.0,712.6,603.0
SCB,11/30/2020,728.0,730.0,681.0,684.0,-2.15,79939.0,712.6,603.0
SCB,12/1/2020,675.0,682.0,663.0,668.0,-2.34,38097.0,712.6,603.0
SCB,12/2/2020,670.0,675.0,660.0,671.0,0.45,43381.0,712.6,603.0
SCB,12/3/2020,680.0,700.0,663.0,666.0,-0.75,38632.0,712.6,603.0
SCB,12/6/2020,663.0,663.0,639.0,639.0,-4.05,42758.0,712.6,603.0
SCB,12/7/2020,639.0,655.0,635.0,655.0,2.5,35824.0,712.6,603.0
SCB,12/8/2020,660.0,665.0,647.0,652.0,-0.46,40145.0,712.6,603.0
SCB,12/9/2020,641.0,647.0,639.0,640.0,-1.84,25173.0,712.6,603.0
SCB,12/10/2020,637.0,647.0,634.0,645.0,0.78,25035.0,712.6,603.0
SCB,12/13/2020,645.0,669.0,642.0,666.0,3.26,30787.0,712.6,603.0
SCB,12/14/2020,666.0,671.0,656.0,667.0,0.15,29738.0,712.6,603.0
SCB,12/15/2020,655.0,680.0,655.0,659.0,-1.2,29663.0,712.6,603.0
SCB,12/16/2020,660.0,667.0,653.0,661.0,0.3,32255.0,712.6,603.0
SCB,12/17/2020,672.0,672.0,655.0,662.0,0.15,44307.0,712.6,603.0
SCB,12/20/2020,662.0,665.0,638.0,641.0,-3.17,40376.0,712.6,603.0
SCB,12/21/2020,650.0,650.0,614.0,634.0,-1.09,62424.0,712.6,603.0
SCB,12/22/2020,634.0,656.0,634.0,650.0,2.52,42181.0,712.6,603.0
SCB,12/23/2020,655.0,660.0,650.0,655.0,0.77,77891.0,712.6,603.0
SCB,12/24/2020,620.0,627.0,615.0,625.0,-4.58,40534.0,712.6,603.0
SCB,12/27/2020,625.0,625.0,608.0,609.0,-2.56,24295.0,712.6,603.0
SCB,12/28/2020,607.0,619.0,601.0,611.0,0.33,23652.0,712.6,603.0
SCB,12/29/2020,625.0,625.0,602.0,605.0,-0.98,15201.0,712.6,603.0
SCB,12/30/2020,610.0,617.0,600.0,615.0,1.65,31936.0,712.6,603.0
SCB,12/31/2020,620.0,675.0,620.0,644.0,4.72,84143.0,712.6,603.0
SCB,1/3/2021,676.0,676.0,663.0,670.0,4.04,82127.0,712.6,603.0
SCB,1/4/2021,701.0,701.0,650.0,658.0,-1.79,64305.0,712.6,603.0
SCB,1/5/2021,659.0,665.0,646.0,653.0,-0.76,26463.0,712.6,603.0
SCB,1/6/2021,660.0,660.0,645.0,649.0,-0.61,31677.0,712.6,603.0
SCB,1/7/2021,681.0,681.0,648.0,652.0,0.46,28003.0,712.6,603.0
SCB,1/10/2021,684.0,684.0,645.0,663.0,1.69,43651.0,712.6,603.0
SCB,1/11/2021,696.0,696.0,658.0,660.0,-0.45,32465.0,712.6,603.0
SCB,1/12/2021,662.0,665.0,654.0,662.0,0.3,37843.0,712.6,603.0
SCB,1/13/2021,665.0,674.0,662.0,669.0,1.06,44884.0,712.6,603.0
SCB,1/17/2021,669.0,680.0,661.0,678.0,1.35,76706.0,712.6,603.0
SCB,1/18/2021,690.0,690.0,671.0,676.0,-0.29,58492.0,712.6,603.0
SCB,1/19/2021,689.0,689.0,660.0,663.0,-1.92,58437.0,712.6,603.0
SCB,1/20/2021,656.0,670.0,654.0,664.0,0.15,39825.0,712.6,603.0
SCB,1/21/2021,664.0,669.0,656.0,656.0,-1.2,52455.0,712.6,603.0
SCB,1/24/2021,667.0,680.0,657.0,660.0,0.61,55108.0,712.6,603.0
SCB,1/25/2021,672.0,673.0,652.0,656.0,-0.61,56110.0,712.6,603.0
SCB,1/26/2021,656.0,668.0,656.0,665.0,1.37,56537.0,712.6,603.0
SCB,1/27/2021,669.0,669.0,656.0,657.0,-1.2,48317.0,712.6,603.0
SCB,1/28/2021,689.0,689.0,635.0,642.0,-2.28,76443.0,712.6,603.0
SCB,1/31/2021,640.0,640.0,626.0,628.0,-2.18,43770.0,712.6,603.0
SCB,2/1/2021,630.0,642.0,625.0,628.0,0.0,28168.0,712.6,603.0
SCB,2/2/2021,659.0,659.0,629.0,631.0,0.48,41269.0,712.6,603.0
SCB,2/3/2021,635.0,636.0,629.0,631.0,0.0,38229.0,712.6,603.0
SCB,2/4/2021,625.0,630.0,624.0,626.0,-0.79,55552.0,712.6,603.0
SCB,2/7/2021,626.0,628.0,620.0,621.0,-0.8,54333.0,712.6,603.0
SCB,2/8/2021,625.0,632.0,625.0,630.0,1.45,39795.0,712.6,603.0
SCB,2/9/2021,641.0,642.0,626.0,626.0,-0.63,33319.0,712.6,603.0
SCB,2/10/2021,626.0,629.0,620.0,626.0,0.0,47760.0,712.6,603.0
SCB,2/11/2021,627.0,636.0,625.0,627.0,0.16,33198.0,712.6,603.0
SCB,2/14/2021,627.0,635.0,622.0,622.0,-0.8,30185.0,712.6,603.0
SCB,2/15/2021,630.0,678.0,622.0,641.0,3.05,72825.0,712.6,603.0
SCB,2/16/2021,655.0,655.0,633.0,637.0,-0.62,47696.0,712.6,603.0
SCB,2/17/2021,649.0,649.0,630.0,635.0,-0.31,55827.0,712.6,603.0
SCB,2/18/2021,646.0,649.0,637.0,644.0,1.42,79886.0,712.6,603.0
SCB,2/21/2021,655.0,656.0,640.0,652.0,1.24,72056.0,712.6,603.0
SCB,2/22/2021,650.0,652.0,634.0,642.0,-1.53,42112.0,712.6,603.0
SCB,2/23/2021,635.0,637.0,620.0,631.0,-1.71,37155.0,712.6,603.0
SCB,2/24/2021,640.0,640.0,626.0,632.0,0.16,28665.0,712.6,603.0
SCB,2/25/2021,630.0,634.0,625.0,626.0,-0.95,24109.0,712.6,603.0
SCB,2/28/2021,621.0,626.0,616.0,618.0,-1.28,39613.0,712.6,603.0
SCB,3/1/2021,629.0,629.0,610.0,616.0,-0.32,48763.0,712.6,603.0
SCB,3/2/2021,616.0,627.0,608.0,609.0,-1.14,50674.0,712.6,603.0
SCB,3/3/2021,605.0,609.0,598.0,599.0,-1.64,44707.0,712.6,603.0
SCB,3/4/2021,600.0,612.0,600.0,608.0,1.5,25050.0,712.6,603.0
SCB,3/7/2021,620.0,620.0,605.0,607.0,-0.16,22160.0,712.6,603.0
SCB,3/9/2021,605.0,609.0,601.0,604.0,-0.49,27053.0,712.6,603.0
SCB,3/10/2021,601.0,603.0,598.0,599.0,-0.83,25719.0,712.6,603.0
SCB,3/14/2021,600.0,600.0,585.0,589.0,-1.67,40975.0,712.6,603.0
SCB,3/15/2021,618.0,618.0,580.0,584.0,-0.85,24732.0,712.6,603.0
SCB,3/16/2021,586.0,600.0,585.0,588.0,0.68,18133.0,712.6,603.0
SCB,3/17/2021,595.0,597.0,590.0,593.0,0.85,8316.0,712.6,603.0
SCB,3/18/2021,598.0,600.0,595.0,597.0,0.67,12830.0,712.6,603.0
SCB,3/21/2021,596.0,607.0,593.0,605.0,1.34,27834.0,712.6,603.0
SCB,3/22/2021,616.0,616.0,600.0,601.0,-0.66,20786.0,712.6,603.0
SCB,3/23/2021,601.0,603.0,595.0,600.0,-0.17,22773.0,712.6,603.0
SCB,3/24/2021,605.0,610.0,599.0,600.0,0.0,22330.0,712.6,603.0
SCB,3/25/2021,600.0,602.0,596.0,596.0,-0.67,54287.0,712.6,603.0
SCB,3/29/2021,600.0,602.0,596.0,596.0,0.0,16943.0,712.6,603.0
SCB,3/30/2021,596.0,600.0,595.0,597.0,0.17,21573.0,712.6,603.0
SCB,3/31/2021,568.0,605.0,568.0,601.0,0.67,21617.0,712.6,603.0
SCB,4/1/2021,599.0,620.0,597.0,620.0,3.16,73370.0,712.6,603.0
SCB,4/4/2021,620.0,620.0,607.0,613.0,-1.13,34173.0,712.6,603.0
SCB,4/5/2021,615.0,620.0,603.0,603.0,-1.63,32110.0,712.6,603.0
SCB,4/6/2021,574.0,606.0,574.0,601.0,-0.33,27723.0,712.6,603.0
SCB,4/7/2021,600.0,606.0,600.0,602.0,0.17,26038.0,712.6,603.0
SCB,4/8/2021,602.0,605.0,600.0,601.0,-0.17,27362.0,712.6,603.0
SCB,4/12/2021,613.0,613.0,598.0,601.0,0.0,29388.0,712.6,603.0
SCB,4/13/2021,601.0,611.0,600.0,608.0,1.16,39641.0,712.6,603.0
SCB,4/15/2021,620.0,620.0,607.0,608.0,0.0,58882.0,712.6,603.0
SCB,4/18/2021,617.0,618.0,606.0,608.0,0.0,40856.0,712.6,603.0
SCB,4/19/2021,638.0,638.0,602.0,603.0,-0.82,30922.0,712.6,603.0
SCB,4/20/2021,610.0,610.0,598.0,601.0,-0.33,30795.0,712.6,603.0
SCB,4/21/2021,600.0,605.0,597.0,599.0,-0.33,31692.0,712.6,603.0
SCB,4/22/2021,600.0,601.0,594.0,600.0,0.17,29697.0,712.6,603.0
SCB,4/25/2021,608.0,608.0,590.0,591.0,-1.5,31940.0,712.6,603.0
SCB,4/26/2021,581.0,591.0,572.0,580.0,-1.86,28369.0,712.6,603.0
SCB,4/27/2021,580.0,592.0,570.0,591.0,1.9,29716.0,712.6,603.0
SCB,4/28/2021,580.0,585.0,580.0,582.0,-1.52,19739.0,712.6,603.0
SCB,4/29/2021,582.0,582.0,575.0,580.0,-0.34,23264.0,712.6,603.0
SCB,5/2/2021,581.0,588.0,577.0,581.0,0.17,22069.0,712.6,603.0
SCB,5/3/2021,552.0,596.0,552.0,582.0,0.17,23426.0,712.6,603.0
SCB,5/4/2021,582.0,584.0,578.0,580.0,-0.34,18457.0,712.6,603.0
SCB,5/5/2021,580.0,585.0,576.0,577.0,-0.52,15351.0,712.6,603.0
SCB,5/6/2021,575.0,578.0,571.0,574.0,-0.52,18266.0,712.6,603.0
SCB,5/9/2021,576.0,580.0,571.0,575.0,0.17,19256.0,712.6,603.0
SCB,5/10/2021,573.0,578.0,570.0,577.0,0.35,9768.0,712.6,603.0
SCB,5/11/2021,577.0,585.0,577.0,582.0,0.87,17540.0,712.6,603.0
SCB,5/12/2021,581.0,581.0,577.0,578.0,-0.69,12474.0,712.6,603.0
SCB,5/13/2021,576.0,589.0,575.0,576.0,-0.35,21034.0,712.6,603.0
SCB,5/16/2021,585.0,585.0,577.0,581.0,0.87,31215.0,712.6,603.0
SCB,5/17/2021,585.0,590.0,580.0,584.0,0.52,26903.0,712.6,603.0
SCB,5/18/2021,613.0,613.0,580.0,594.0,1.71,23987.0,712.6,603.0
SCB,5/19/2021,590.0,611.0,590.0,599.0,0.84,55451.0,712.6,603.0
SCB,5/20/2021,600.0,607.0,597.0,599.0,0.0,26609.0,712.6,603.0
SCB,5/23/2021,628.0,628.0,590.0,605.0,1.0,60386.0,712.6,603.0
SCB,5/24/2021,609.0,617.0,606.0,610.0,0.83,71147.0,712.6,603.0
SCB,5/25/2021,607.0,610.0,602.0,603.0,-1.15,27161.0,712.6,603.0
SCB,5/27/2021,596.0,602.0,593.0,600.0,-0.5,24619.0,712.6,603.0
SCB,5/30/2021,610.0,612.0,596.0,597.0,-0.5,53118.0,712.6,603.0
SCB,5/31/2021,600.0,601.0,591.0,592.0,-0.84,43984.0,712.6,603.0
SCB,6/1/2021,610.0,610.0,587.0,593.0,0.17,31823.0,712.6,603.0
SCB,6/2/2021,590.0,599.0,586.0,591.0,-0.34,23789.0,712.6,603.0
SCB,6/3/2021,591.0,600.0,591.0,597.0,1.02,56331.0,712.6,603.0
SCB,6/6/2021,608.0,618.0,603.0,611.0,2.35,93685.0,712.6,603.0
SCB,6/7/2021,640.0,640.0,605.0,605.0,-0.98,52104.0,712.6,603.0
SCB,6/8/2021,601.0,609.0,600.0,602.0,-0.5,55541.0,712.6,603.0
SCB,6/9/2021,615.0,615.0,600.0,602.0,0.0,27458.0,712.6,603.0
SCB,6/10/2021,614.0,614.0,595.0,597.0,-0.83,47975.0,712.6,603.0
SCB,6/13/2021,586.0,604.0,586.0,597.0,0.0,32668.0,712.6,603.0
SCB,6/14/2021,600.0,617.0,597.0,612.0,2.51,132482.0,712.6,603.0
SCB,6/15/2021,612.0,625.0,610.0,612.0,0.0,84570.0,712.6,603.0
SCB,6/16/2021,640.0,640.0,603.0,606.0,-0.98,35364.0,712.6,603.0
SCB,6/17/2021,611.0,618.0,604.0,604.0,-0.33,19532.0,712.6,603.0
SCB,6/20/2021,604.0,607.0,590.0,595.0,-1.49,97342.0,712.6,603.0
SCB,6/21/2021,566.0,605.0,566.0,587.0,-1.34,35940.0,712.6,603.0
SCB,6/22/2021,584.0,596.0,584.0,594.0,1.19,31093.0,712.6,603.0
SCB,6/23/2021,592.0,596.0,590.0,594.0,0.0,30215.0,712.6,603.0
SCB,6/24/2021,589.0,599.0,586.0,587.0,-1.18,27607.0,712.6,603.0
SCB,6/27/2021,558.0,617.0,558.0,602.0,2.56,46767.0,712.6,603.0
SCB,6/28/2021,600.0,606.0,596.0,598.0,-0.66,11039.0,712.6,603.0
SCB,6/29/2021,594.0,600.0,590.0,591.0,-1.17,25741.0,712.6,603.0
SCB,6/30/2021,591.0,594.0,586.0,590.0,-0.17,21140.0,712.6,603.0
SCB,7/1/2021,600.0,600.0,588.0,589.0,-0.17,18335.0,712.6,603.0
SCB,7/4/2021,589.0,595.0,585.0,591.0,0.34,22739.0,712.6,603.0
SCB,7/5/2021,591.0,597.0,585.0,592.0,0.17,33479.0,712.6,603.0
SCB,7/6/2021,595.0,608.0,585.0,608.0,2.7,42858.0,712.6,603.0
SCB,7/7/2021,600.0,605.0,595.0,597.0,-1.81,20713.0,712.6,603.0
SCB,7/8/2021,590.0,593.0,589.0,591.0,-1.01,25948.0,712.6,603.0
SCB,7/11/2021,597.0,597.0,591.0,594.0,0.51,32005.0,712.6,603.0
SCB,7/12/2021,600.0,600.0,585.0,590.0,-0.67,39569.0,712.6,603.0
SCB,7/13/2021,600.0,600.0,589.0,591.0,0.17,12623.0,712.6,603.0
SCB,7/14/2021,593.0,593.0,589.0,590.0,-0.17,5977.0,712.6,603.0
SCB,7/15/2021,598.0,598.0,589.0,590.0,0.0,11307.0,712.6,603.0
SCB,7/18/2021,579.0,606.0,579.0,601.4,1.93,51457.0,712.6,603.0
SCB,7/19/2021,613.4,615.0,598.0,603.0,0.27,38430.0,712.6,603.0
SCB,7/20/2021,600.0,606.0,600.0,601.0,-0.33,22197.0,712.6,603.0
SCB,7/22/2021,600.0,610.0,599.2,605.0,0.67,75851.0,712.6,603.0
SCB,7/25/2021,611.0,620.0,607.0,617.0,1.98,121448.0,712.6,603.0
SCB,7/26/2021,629.3,629.3,610.0,611.0,-0.97,48893.0,712.6,603.0
SCB,7/27/2021,610.0,612.0,598.4,607.1,-0.64,57500.0,712.6,603.0
SCB,7/28/2021,607.0,608.1,601.0,604.0,-0.51,31653.0,712.6,603.0
SCB,7/29/2021,607.0,607.0,599.0,601.0,-0.5,38017.0,712.6,603.0
SCB,8/1/2021,600.5,610.0,598.0,598.0,-0.5,38293.0,712.6,603.0
SCB,8/2/2021,586.2,602.0,586.2,602.0,0.67,33094.0,712.6,603.0
SCB,8/3/2021,614.0,614.0,592.09,599.0,-0.5,19384.0,712.6,603.0
SCB,8/4/2021,596.0,600.0,594.0,598.0,-0.17,37657.0,712.6,603.0
SCB,8/5/2021,598.0,600.0,595.0,595.1,-0.48,30430.0,712.6,603.0
SCB,8/8/2021,607.0,607.0,595.09,596.0,0.15,22278.0,712.6,603.0
SCB,8/9/2021,596.0,605.0,593.1,594.0,-0.34,26946.0,712.6,603.0
SCB,8/10/2021,605.0,605.0,593.0,600.1,1.03,44666.0,712.6,603.0
SCB,8/11/2021,600.1,604.0,595.0,596.0,-0.68,32136.0,712.6,603.0
SCB,8/12/2021,596.0,600.0,594.0,597.0,0.17,34165.0,712.6,603.0
SCB,8/15/2021,605.0,605.0,588.0,589.0,-1.34,33334.0,712.6,603.0
SCB,8/16/2021,589.2,590.0,582.0,584.0,-0.85,66198.0,712.6,603.0
SCB,8/17/2021,585.0,587.0,578.1,579.0,-0.86,47221.0,712.6,603.0
SCB,8/18/2021,576.0,585.0,570.0,581.0,0.35,63097.0,712.6,603.0
SCB,8/19/2021,589.9,589.9,570.0,577.0,-0.69,29216.0,712.6,603.0
SCB,8/24/2021,577.0,587.9,570.0,570.5,-1.13,41895.0,712.6,603.0
SCB,8/25/2021,570.5,576.0,569.0,570.0,-0.09,30641.0,712.6,603.0
SCB,8/26/2021,570.0,580.0,566.0,569.0,-0.18,25534.0,712.6,603.0
SCB,8/29/2021,576.0,579.0,565.0,565.2,-0.67,23851.0,712.6,603.0
SCB,8/31/2021,566.0,566.0,554.7,559.0,-1.1,47785.0,712.6,603.0
SCB,9/1/2021,559.1,564.0,557.0,559.9,0.16,26719.0,712.6,603.0
SCB,9/2/2021,555.0,565.0,555.0,558.0,-0.34,35658.0,712.6,603.0
SCB,9/5/2021,558.0,560.0,536.0,545.0,-2.33,39728.0,712.6,603.0
SCB,9/6/2021,545.0,565.0,544.0,558.0,2.39,26993.0,712.6,603.0
SCB,9/7/2021,560.0,567.5,553.1,555.3,-0.48,13192.0,712.6,603.0
SCB,9/8/2021,550.0,555.0,545.0,548.0,-1.31,25209.0,712.6,603.0
SCB,9/9/2021,552.0,552.0,543.0,547.5,-0.09,15818.0,712.6,603.0
SCB,9/12/2021,547.5,554.0,545.0,550.0,0.46,28512.0,712.6,603.0
SCB,9/13/2021,550.0,561.0,548.0,550.0,0.0,21378.0,712.6,603.0
SCB,9/14/2021,558.0,572.3,550.0,552.0,0.36,19091.0,712.6,603.0
SCB,9/15/2021,546.0,552.0,546.0,546.0,-1.09,14287.0,712.6,603.0
SCB,9/16/2021,540.0,545.0,537.0,538.0,-1.47,19453.0,712.6,603.0
SCB,9/20/2021,539.0,546.0,528.0,528.0,-1.86,26080.0,712.6,603.0
SCB,9/21/2021,525.0,540.0,515.0,530.0,0.38,17396.0,712.6,603.0
SCB,9/22/2021,540.0,560.0,539.2,539.3,1.75,12744.0,712.6,603.0
SCB,9/23/2021,550.0,563.0,545.0,550.0,1.98,15761.0,712.6,603.0
SCB,9/26/2021,560.0,561.0,540.2,541.2,-1.6,9910.0,712.6,603.0
SCB,9/27/2021,543.0,543.0,531.0,532.5,-1.61,9390.0,712.6,603.0
SCB,9/28/2021,528.0,538.0,519.0,528.0,-0.85,22257.0,712.6,603.0
SCB,9/29/2021,517.5,528.5,517.5,527.0,-0.19,15656.0,712.6,603.0
SCB,9/30/2021,528.5,539.0,524.0,528.0,0.19,8533.0,712.6,603.0
SCB,10/3/2021,535.0,535.0,518.0,523.8,-0.8,12868.0,712.6,603.0
SCB,10/4/2021,530.0,530.0,515.0,522.0,-0.34,7408.0,712.6,603.0
SCB,10/5/2021,523.0,532.4,519.0,522.0,0.0,13401.0,712.6,603.0
SCB,10/6/2021,532.4,550.0,532.4,536.9,2.85,23461.0,712.6,603.0
SCB,10/10/2021,547.0,547.0,536.0,537.0,0.02,7862.0,712.6,603.0
SCB,10/11/2021,540.0,540.0,535.0,535.0,-0.37,7064.0,712.6,603.0
SCB,10/17/2021,540.0,540.0,530.0,533.0,-0.37,2966.0,712.6,603.0
SCB,10/18/2021,534.0,534.0,530.0,531.0,-0.38,9758.0,712.6,603.0
SCB,10/19/2021,530.0,530.0,515.0,520.0,-2.07,16019.0,712.6,603.0
SCB,10/20/2021,521.0,531.0,521.0,527.0,1.35,3047.0,712.6,603.0
SCB,10/21/2021,528.0,530.0,520.0,524.0,-0.57,4576.0,712.6,603.0
SCB,10/24/2021,520.0,531.0,520.0,530.9,1.32,8912.0,712.6,603.0
SCB,10/25/2021,539.8,539.8,526.0,533.9,0.57,8884.0,712.6,603.0
SCB,10/26/2021,533.0,561.0,530.1,538.0,0.77,20015.0,712.6,603.0
SCB,10/27/2021,541.0,545.0,535.1,538.0,0.0,7377.0,712.6,603.0
SCB,10/28/2021,538.0,538.0,531.0,533.0,-0.93,7724.0,712.6,603.0
SCB,10/31/2021,525.0,535.0,525.0,531.0,-0.38,23387.0,712.6,603.0
SCB,11/1/2021,532.0,535.0,527.1,534.4,0.64,13345.0,712.6,603.0
SCB,11/2/2021,535.0,542.0,530.0,538.0,0.67,11329.0,712.6,603.0
SCB,11/3/2021,547.0,547.0,536.1,537.0,-0.19,14381.0,712.6,603.0
SCB,11/8/2021,547.7,558.0,530.0,535.0,-0.37,7622.0,712.6,603.0
SCB,11/9/2021,545.0,545.0,529.1,534.0,-0.19,9439.0,712.6,603.0
SCB,11/11/2021,538.0,538.0,520.0,525.0,-1.69,7607.0,712.6,603.0
SCB,11/14/2021,524.1,524.1,514.5,518.0,-1.33,22521.0,712.6,603.0
SCB,11/15/2021,507.8,525.0,507.8,520.0,0.39,9612.0,712.6,603.0
SCB,11/16/2021,520.0,530.0,518.2,528.0,1.54,11875.0,712.6,603.0
SCB,11/17/2021,535.0,535.0,525.0,525.0,-0.57,12407.0,712.6,603.0
SCB,11/18/2021,530.0,535.0,517.0,520.0,-0.95,9848.0,712.6,603.0
SCB,11/21/2021,530.0,530.0,520.0,525.0,0.96,11567.0,712.6,603.0
SCB,11/22/2021,529.0,530.0,524.0,527.0,0.38,11595.0,712.6,603.0
SCB,11/23/2021,525.0,527.0,523.1,525.0,-0.38,13563.0,712.6,603.0
SCB,11/24/2021,522.0,528.0,522.0,523.4,-0.3,21727.0,712.6,603.0
SCB,11/25/2021,521.0,535.5,520.0,535.1,2.24,36086.0,712.6,603.0
SCB,11/28/2021,476.8,485.0,464.6,476.2,-11.01,34180.0,712.6,603.0
SCB,11/29/2021,466.7,476.0,464.0,471.1,-1.07,26953.0,712.6,603.0
SCB,11/30/2021,462.0,472.0,462.0,463.0,-1.72,7677.0,712.6,603.0
SCB,12/1/2021,463.0,470.0,463.0,463.1,0.02,10757.0,712.6,603.0
SCB,12/2/2021,453.9,469.9,453.9,460.5,-0.56,6102.0,712.6,603.0
SCB,12/5/2021,457.0,465.9,442.0,448.0,-2.71,13840.0,712.6,603.0
SCB,12/6/2021,455.0,455.0,435.0,442.0,-1.34,9834.0,712.6,603.0
SCB,12/7/2021,449.0,450.0,441.1,442.2,0.05,10254.0,712.6,603.0
SCB,12/8/2021,434.0,453.8,434.0,450.8,1.94,22437.0,712.6,603.0
SCB,12/9/2021,458.0,464.8,430.0,463.0,2.71,40527.0,712.6,603.0
SCB,12/12/2021,468.9,468.9,444.0,448.2,-3.2,15316.0,712.6,603.0
SCB,12/13/2021,443.0,454.0,434.5,450.0,0.4,23012.0,712.6,603.0
SCB,12/14/2021,448.1,460.8,443.5,460.8,2.4,3036.0,712.6,603.0
SCB,12/15/2021,470.0,471.0,448.0,456.9,-0.85,11599.0,712.6,603.0
SCB,12/16/2021,454.0,457.0,446.5,448.0,-1.95,10145.0,712.6,603.0
SCB,12/20/2021,456.9,456.9,440.0,444.0,-0.89,17697.0,712.6,603.0
SCB,12/21/2021,450.0,451.0,444.0,449.5,1.24,8163.0,712.6,603.0
SCB,12/22/2021,458.4,460.0,450.0,451.0,0.33,8603.0,712.6,603.0
SCB,12/23/2021,460.0,461.5,448.0,448.1,-0.64,4444.0,712.6,603.0
SCB,12/26/2021,457.0,457.0,448.0,450.0,0.42,16623.0,712.6,603.0
SCB,12/27/2021,446.0,452.0,444.0,444.0,-1.33,18580.0,712.6,603.0
SCB,12/28/2021,445.0,448.0,440.0,445.0,0.23,9536.0,712.6,603.0
SCB,12/29/2021,445.1,450.0,445.0,447.0,0.45,5116.0,712.6,603.0
SCB,1/2/2022,447.0,457.9,439.1,457.9,2.44,16214.0,712.6,603.0
SCB,1/3/2022,466.9,467.0,457.9,462.0,0.9,14593.0,712.6,603.0
SCB,1/4/2022,462.0,508.2,452.8,497.0,7.58,48028.0,712.6,603.0
SCB,1/5/2022,488.0,515.0,482.2,489.0,-1.61,16531.0,712.6,603.0
SCB,1/6/2022,480.0,525.0,480.0,510.0,4.29,31673.0,712.6,603.0
SCB,1/9/2022,519.9,530.0,515.0,520.0,1.96,38421.0,712.6,603.0
SCB,1/10/2022,510.0,530.4,510.0,520.0,0.0,32327.0,712.6,603.0
SCB,1/11/2022,510.0,520.0,507.0,515.0,-0.96,10971.0,712.6,603.0
SCB,1/12/2022,520.0,520.0,505.0,505.0,-1.94,10647.0,712.6,603.0
SCB,1/13/2022,500.0,505.0,495.0,500.0,-0.99,14802.0,712.6,603.0
SCB,1/16/2022,510.0,550.0,500.1,550.0,10.0,44540.0,712.6,603.0
SCB,1/17/2022,561.0,561.0,530.0,534.0,-2.91,41753.0,712.6,603.0
SCB,1/18/2022,530.0,545.0,530.0,535.9,0.36,42876.0,712.6,603.0
SCB,1/19/2022,530.0,540.6,522.0,526.0,-1.85,19006.0,712.6,603.0
SCB,1/20/2022,529.0,529.0,516.0,525.0,-0.19,15295.0,712.6,603.0
SCB,1/23/2022,526.0,534.0,516.1,522.0,-0.57,24106.0,712.6,603.0
SCB,1/24/2022,522.0,523.0,501.6,510.0,-2.3,31246.0,712.6,603.0
SCB,1/25/2022,520.2,520.2,505.0,514.2,0.82,11527.0,712.6,603.0
SCB,1/26/2022,504.0,520.0,500.1,506.0,-1.59,13455.0,712.6,603.0
SCB,1/27/2022,496.0,520.0,495.0,501.0,-0.99,23094.0,712.6,603.0
SCB,1/30/2022,510.0,525.0,500.0,517.9,3.37,21665.0,712.6,603.0
SCB,1/31/2022,525.0,525.0,507.0,507.0,-2.1,9219.0,712.6,603.0
SCB,2/1/2022,502.1,512.0,500.0,506.0,-0.2,24303.0,712.6,603.0
SCB,2/3/2022,501.0,515.0,501.0,508.1,0.42,16760.0,712.6,603.0
SCB,2/6/2022,510.0,510.0,500.0,501.0,-1.4,25412.0,712.6,603.0
SCB,2/7/2022,500.0,508.0,500.0,506.0,1.0,6140.0,712.6,603.0
SCB,2/8/2022,516.1,520.0,500.0,501.0,-0.99,12327.0,712.6,603.0
SCB,2/9/2022,504.0,505.0,493.0,495.1,-1.18,20092.0,712.6,603.0
SCB,2/10/2022,505.0,505.0,494.9,494.9,-0.04,13717.0,712.6,603.0
SCB,2/13/2022,485.1,488.0,475.0,480.0,-3.01,29854.0,712.6,603.0
SCB,2/14/2022,471.0,490.0,470.0,484.0,0.83,8173.0,712.6,603.0
SCB,2/15/2022,486.0,487.0,480.0,485.0,0.21,9519.0,712.6,603.0
SCB,2/16/2022,482.0,514.0,482.0,487.0,0.41,6975.0,712.6,603.0
SCB,2/17/2022,480.0,496.0,480.0,482.5,-0.92,14477.0,712.6,603.0
SCB,2/20/2022,473.0,482.8,464.0,476.2,-1.31,9988.0,712.6,603.0
SCB,2/21/2022,484.0,484.0,470.0,472.5,-0.78,14688.0,712.6,603.0
SCB,2/22/2022,481.0,485.0,475.0,476.0,0.74,12049.0,712.6,603.0
SCB,2/23/2022,476.0,482.0,475.0,479.0,0.63,18738.0,712.6,603.0
SCB,2/24/2022,479.0,479.0,468.0,470.0,-1.88,15830.0,712.6,603.0
SCB,2/27/2022,470.0,479.0,464.1,473.0,0.64,8985.0,712.6,603.0
SCB,2/28/2022,472.0,473.9,467.0,467.0,-1.27,13525.0,712.6,603.0
SCB,3/2/2022,464.2,464.2,455.0,460.0,-1.5,13631.0,712.6,603.0
SCB,3/6/2022,460.0,460.0,453.4,455.0,-1.09,10507.0,712.6,603.0
SCB,3/7/2022,464.0,464.1,456.0,456.0,0.22,8992.0,712.6,603.0
SCB,3/9/2022,459.0,459.0,450.0,452.0,-0.88,8075.0,712.6,603.0
SCB,3/10/2022,450.0,468.0,450.0,460.0,1.77,19155.0,712.6,603.0
SCB,3/13/2022,460.0,478.1,460.0,470.0,2.17,10779.0,712.6,603.0
SCB,3/14/2022,478.0,478.0,463.1,470.1,0.02,2525.0,712.6,603.0
SCB,3/15/2022,470.0,470.0,460.7,464.0,-1.3,5471.0,712.6,603.0
SCB,3/16/2022,460.1,470.0,460.0,463.0,-0.22,9332.0,712.6,603.0
SCB,3/20/2022,457.0,471.0,456.1,462.0,-0.22,4724.0,712.6,603.0
SCB,3/21/2022,465.0,465.0,455.0,459.0,-0.65,14937.0,712.6,603.0
SCB,3/22/2022,459.0,463.0,459.0,462.0,0.65,11263.0,712.6,603.0
SCB,3/23/2022,461.5,471.0,461.5,463.0,0.22,10233.0,712.6,603.0
SCB,3/24/2022,455.0,470.0,455.0,463.0,0.0,14040.0,712.6,603.0
SCB,3/27/2022,455.0,463.0,455.0,455.1,-1.71,12622.0,712.6,603.0
SCB,3/28/2022,458.0,458.0,450.0,450.2,-1.08,12475.0,712.6,603.0
SCB,3/29/2022,459.0,459.0,450.0,457.0,1.51,11977.0,712.6,603.0
SCB,3/30/2022,449.0,457.0,449.0,456.9,-0.02,6345.0,712.6,603.0
SCB,3/31/2022,465.9,466.0,450.6,452.0,-1.07,7396.0,712.6,603.0
SCB,4/3/2022,452.0,452.0,447.1,450.0,-0.44,5861.0,712.6,603.0
SCB,4/4/2022,459.0,459.0,446.1,448.0,-0.44,12225.0,712.6,603.0
SCB,4/5/2022,456.9,456.9,440.2,442.1,-1.32,6086.0,712.6,603.0
SCB,4/6/2022,440.0,450.9,436.0,438.0,-0.93,11599.0,712.6,603.0
SCB,4/7/2022,434.5,447.0,434.5,445.0,1.6,11197.0,712.6,603.0
SCB,4/11/2022,450.0,450.0,441.6,441.6,-0.76,13605.0,712.6,603.0
SCB,4/12/2022,440.1,442.0,435.0,438.0,-0.82,6359.0,712.6,603.0
SCB,4/13/2022,433.1,512.0,433.1,453.7,3.58,13351.0,712.6,603.0
SCB,4/17/2022,462.7,462.7,439.5,440.0,-3.02,7977.0,712.6,603.0
SCB,4/18/2022,440.0,448.8,436.0,437.0,-0.68,6545.0,712.6,603.0
SCB,4/19/2022,435.0,440.9,432.0,437.0,0.0,5507.0,712.6,603.0
SCB,4/20/2022,445.7,446.5,438.0,441.0,0.92,16005.0,712.6,603.0
SCB,4/21/2022,449.8,449.8,435.0,437.1,-0.88,10435.0,712.6,603.0
SCB,4/24/2022,445.8,451.0,443.0,450.1,2.97,11729.0,712.6,603.0
SCB,4/25/2022,454.0,456.0,442.0,442.0,-1.8,11976.0,712.6,603.0
SCB,4/26/2022,442.0,450.0,440.0,440.0,-0.45,4929.0,712.6,603.0
SCB,4/27/2022,437.0,441.0,436.0,438.5,-0.34,5895.0,712.6,603.0
SCB,4/28/2022,447.2,447.2,438.1,439.0,0.11,4135.0,712.6,603.0
SCB,5/2/2022,439.0,440.0,433.8,436.0,-0.68,13808.0,712.6,603.0
SCB,5/4/2022,430.1,436.0,430.1,434.5,-0.34,3455.0,712.6,603.0
SCB,5/5/2022,432.0,438.0,430.6,431.0,-0.81,6206.0,712.6,603.0
SCB,5/8/2022,429.0,432.0,422.0,432.0,0.23,11426.0,712.6,603.0
SCB,5/9/2022,440.6,440.6,431.0,434.0,0.46,7937.0,712.6,603.0
SCB,5/10/2022,433.0,441.6,433.0,441.6,1.75,5626.0,712.6,603.0
SCB,5/11/2022,440.1,444.0,440.0,444.0,0.54,2906.0,712.6,603.0
SCB,5/12/2022,449.9,449.9,438.0,440.9,-0.7,10173.0,712.6,603.0
SCB,5/17/2022,435.0,439.0,430.0,435.0,-1.34,6192.0,712.6,603.0
SCB,5/18/2022,429.0,435.0,429.0,432.0,-0.69,6071.0,712.6,603.0
SCB,5/19/2022,430.1,435.0,426.0,430.0,-0.46,5560.0,712.6,603.0
SCB,5/20/2022,425.7,435.0,425.0,428.0,-0.47,4264.0,712.6,603.0
SCB,5/23/2022,436.5,436.5,422.0,422.8,-1.21,9719.0,712.6,603.0
SCB,5/24/2022,431.2,431.2,423.0,428.0,1.23,10144.0,712.6,603.0
SCB,5/25/2022,436.5,436.5,405.0,432.0,0.93,9512.0,712.6,603.0
SCB,5/26/2022,440.6,440.6,421.5,436.0,0.93,15251.0,712.6,603.0
SCB,5/27/2022,436.0,436.0,428.2,430.7,-1.22,4456.0,712.6,603.0
SCB,5/30/2022,439.3,439.3,420.0,424.9,-1.35,6222.0,712.6,603.0
SCB,5/31/2022,424.5,424.5,418.0,420.0,-1.15,10350.0,712.6,603.0
SCB,6/1/2022,421.0,423.0,418.0,420.0,0.0,8761.0,712.6,603.0
SCB,6/2/2022,425.5,426.0,416.3,419.9,-0.02,3257.0,712.6,603.0
SCB,6/3/2022,428.2,428.2,413.2,416.0,-0.93,8143.0,712.6,603.0
SCB,6/6/2022,424.3,424.3,407.0,412.0,-0.96,4636.0,712.6,603.0
SCB,6/7/2022,412.0,412.0,400.2,401.0,-2.67,12264.0,712.6,603.0
SCB,6/8/2022,409.0,411.0,400.0,405.0,1.0,15338.0,712.6,603.0
SCB,6/9/2022,413.1,413.1,400.1,400.4,-1.14,15425.0,712.6,603.0
SCB,6/10/2022,398.0,403.0,397.0,397.0,-0.85,12045.0,712.6,603.0
SCB,6/13/2022,397.0,404.0,395.0,399.0,0.5,12312.0,712.6,603.0
SCB,6/14/2022,399.0,399.9,395.0,397.0,-0.5,7612.0,712.6,603.0
SCB,6/15/2022,400.0,400.0,391.0,391.0,-1.51,9554.0,712.6,603.0
SCB,6/16/2022,384.0,397.9,384.0,390.0,-0.26,8581.0,712.6,603.0
SCB,6/17/2022,393.0,397.0,390.0,390.0,0.0,4993.0,712.6,603.0
SCB,6/19/2022,385.2,392.9,385.0,390.0,0.0,5310.0,712.6,603.0
SCB,6/20/2022,384.0,390.0,382.2,385.5,-1.15,14718.0,712.6,603.0
SCB,6/21/2022,385.0,400.0,385.0,390.0,1.17,7918.0,712.6,603.0
SCB,6/22/2022,387.0,392.0,385.0,391.0,0.26,6980.0,712.6,603.0
SCB,6/23/2022,398.8,398.8,382.1,383.1,-2.02,21789.0,712.6,603.0
SCB,6/24/2022,390.0,390.0,380.0,388.8,1.49,6468.0,712.6,603.0
SCB,6/26/2022,396.0,405.0,390.5,404.9,4.14,13696.0,712.6,603.0
SCB,6/27/2022,412.0,419.0,392.1,401.0,-0.96,11471.0,712.6,603.0
SCB,6/28/2022,401.0,404.0,396.6,401.0,0.0,5094.0,712.6,603.0
SCB,6/29/2022,409.0,409.0,397.2,404.0,0.75,6598.0,712.6,603.0
SCB,6/30/2022,411.9,411.9,403.0,409.0,1.24,11914.0,712.6,603.0
SCB,7/1/2022,417.0,417.0,389.5,389.5,-4.77,11396.0,712.6,603.0
SCB,7/3/2022,397.0,406.8,381.8,403.5,3.59,19508.0,712.6,603.0
SCB,7/4/2022,408.0,415.0,403.8,409.9,1.59,15449.0,712.6,603.0
SCB,7/5/2022,401.8,414.0,394.1,400.0,-2.42,15039.0,712.6,603.0
SCB,7/6/2022,403.0,404.0,396.0,401.0,0.25,15234.0,712.6,603.0
SCB,7/7/2022,400.0,403.0,398.0,400.0,-0.25,14587.0,712.6,603.0
SCB,7/8/2022,397.0,399.0,387.0,395.0,-1.25,14858.0,712.6,603.0
SCB,7/11/2022,396.0,396.0,379.6,387.5,-1.9,35074.0,712.6,603.0
SCB,7/12/2022,387.5,395.0,375.0,384.0,-0.9,19747.0,712.6,603.0
SCB,7/13/2022,391.0,397.0,382.2,394.0,2.6,6192.0,712.6,603.0
SCB,7/14/2022,401.8,401.8,390.0,391.6,-0.61,158671.0,712.6,603.0
SCB,7/15/2022,398.9,400.0,395.0,396.3,1.2,5051.0,712.6,603.0
SCB,7/17/2022,390.0,400.0,387.1,394.9,-0.35,20704.0,712.6,603.0
SCB,7/18/2022,394.0,398.0,393.0,396.2,0.33,52068.0,712.6,603.0
SCB,7/19/2022,397.0,403.7,397.0,400.0,0.96,13947.0,712.6,603.0
SCB,7/20/2022,394.6,406.7,394.6,402.0,0.5,112934.0,712.6,603.0
SCB,7/21/2022,400.0,405.9,394.0,402.5,0.12,6326.0,712.6,603.0
SCB,7/22/2022,399.0,400.0,387.1,398.0,-1.12,4047.0,712.6,603.0
SCB,7/24/2022,398.0,409.0,391.0,409.0,2.76,23868.0,712.6,603.0
SCB,7/25/2022,411.0,425.0,411.0,425.0,3.91,34126.0,712.6,603.0
SCB,7/26/2022,427.9,427.9,411.0,415.0,-2.35,35955.0,712.6,603.0
SCB,7/27/2022,423.0,433.0,418.0,433.0,4.34,55196.0,712.6,603.0
SCB,7/28/2022,441.0,462.9,430.0,462.9,6.91,59744.0,712.6,603.0
SCB,7/29/2022,469.0,470.0,450.0,465.0,0.45,36593.0,712.6,603.0
SCB,7/31/2022,470.0,510.0,455.0,510.0,9.68,44052.0,712.6,603.0
SCB,8/1/2022,512.0,512.0,483.0,486.0,-4.71,67005.0,712.6,603.0
SCB,8/2/2022,487.0,487.9,468.3,474.6,-2.35,40106.0,712.6,603.0
SCB,8/3/2022,476.0,480.9,456.0,456.0,-3.92,39894.0,712.6,603.0
SCB,8/4/2022,448.0,468.0,440.0,451.0,-1.1,38694.0,712.6,603.0
SCB,8/5/2022,445.0,452.9,441.0,445.0,-1.33,7440.0,712.6,603.0
SCB,8/7/2022,445.0,453.0,445.0,453.0,1.8,18032.0,712.6,603.0
SCB,8/8/2022,461.9,461.9,442.0,444.1,-1.96,20624.0,712.6,603.0
SCB,8/9/2022,437.3,451.9,432.0,436.0,-1.82,12817.0,712.6,603.0
SCB,8/10/2022,440.0,440.0,429.0,429.0,-1.61,16773.0,712.6,603.0
SCB,8/11/2022,425.0,437.0,425.0,430.0,0.23,11210.0,712.6,603.0
SCB,8/14/2022,421.4,438.6,421.4,424.0,-1.4,14531.0,712.6,603.0
SCB,8/15/2022,424.0,457.7,422.0,451.0,6.37,17285.0,712.6,603.0
SCB,8/16/2022,442.0,460.0,434.0,439.1,-2.64,17620.0,712.6,603.0
SCB,8/17/2022,443.0,443.0,426.3,430.0,-2.07,13134.0,712.6,603.0
SCB,8/18/2022,430.0,444.6,427.4,441.0,2.56,12890.0,712.6,603.0
SCB,8/21/2022,445.0,449.8,437.3,437.3,-0.84,7374.0,712.6,603.0
SCB,8/22/2022,431.1,440.0,431.0,440.0,0.62,2924.0,712.6,603.0
SCB,8/23/2022,438.0,442.0,425.0,438.9,-0.25,15308.0,712.6,603.0
SCB,8/24/2022,440.0,440.0,430.6,435.0,-0.89,5589.0,712.6,603.0
SCB,8/25/2022,435.0,440.0,431.0,432.0,-0.69,5833.0,712.6,603.0
SCB,8/26/2022,438.0,438.0,424.9,425.6,-1.48,10140.0,712.6,603.0
SCB,8/28/2022,420.1,427.0,420.0,425.0,-0.14,10563.0,712.6,603.0
SCB,8/29/2022,421.5,427.5,421.0,421.0,-0.94,11699.0,712.6,603.0
SCB,8/30/2022,422.0,430.0,421.3,421.4,0.1,8802.0,712.6,603.0
SCB,8/31/2022,426.0,427.0,419.0,422.8,0.33,5671.0,712.6,603.0
SCB,9/1/2022,415.2,421.0,415.2,419.0,-0.9,5639.0,712.6,603.0
SCB,9/2/2022,420.0,420.0,412.0,419.0,0.0,3892.0,712.6,603.0
SCB,9/4/2022,419.1,425.0,415.2,422.0,0.72,9286.0,712.6,603.0
SCB,9/5/2022,420.0,422.0,416.1,417.0,-1.18,3885.0,712.6,603.0
SCB,9/6/2022,420.0,424.9,413.0,413.1,-0.94,8859.0,712.6,603.0
SCB,9/7/2022,410.0,415.0,406.5,410.0,-0.75,3907.0,712.6,603.0
SCB,9/8/2022,410.1,415.0,405.1,408.1,-0.46,10559.0,712.6,603.0
SCB,9/11/2022,407.0,415.0,407.0,411.0,0.71,3473.0,712.6,603.0
SCB,9/12/2022,411.0,411.9,407.0,411.0,0.0,2463.0,712.6,603.0
SCB,9/13/2022,414.0,420.0,413.0,417.8,1.65,4190.0,712.6,603.0
SCB,9/14/2022,417.8,423.8,412.0,423.8,1.44,8995.0,712.6,603.0
SCB,9/15/2022,424.0,428.0,405.0,409.5,-3.37,13470.0,712.6,603.0
SCB,9/16/2022,402.4,410.0,402.0,410.0,0.12,4676.0,712.6,603.0
SCB,9/18/2022,402.0,410.0,397.1,399.8,-2.49,24569.0,712.6,603.0
SCB,9/20/2022,399.0,400.0,392.1,400.0,0.05,12629.0,712.6,603.0
SCB,9/21/2022,407.0,407.0,390.0,394.0,-1.5,13376.0,712.6,603.0
SCB,9/22/2022,393.0,398.0,390.0,392.0,-0.51,6498.0,712.6,603.0
SCB,9/25/2022,395.0,398.9,390.1,394.0,0.51,7292.0,712.6,603.0
SCB,9/27/2022,387.0,406.9,387.0,402.0,2.03,3007.0,712.6,603.0
SCB,9/28/2022,402.3,406.0,399.0,400.0,-0.5,2354.0,712.6,603.0
SCB,9/29/2022,401.0,402.0,396.3,401.2,0.3,7019.0,712.6,603.0
SCB,10/9/2022,402.0,421.1,402.0,416.7,3.86,2748.0,712.6,603.0
SCB,10/10/2022,411.0,414.0,400.0,406.8,-2.38,7212.0,712.6,603.0
SCB,10/11/2022,408.4,408.4,400.2,404.0,-0.69,3167.0,712.6,603.0
SCB,10/12/2022,411.0,411.0,402.0,402.0,-0.5,4772.0,712.6,603.0
SCB,10/13/2022,408.0,410.0,398.0,400.0,-0.5,10129.0,712.6,603.0
SCB,10/16/2022,398.0,429.0,397.0,429.0,7.25,11178.0,712.6,603.0
SCB,10/17/2022,437.5,437.5,402.0,410.0,-4.43,23037.0,712.6,603.0
SCB,10/19/2022,402.1,410.0,400.2,405.0,-1.22,4919.0,712.6,603.0
SCB,10/20/2022,401.0,408.0,401.0,404.9,-0.02,3225.0,712.6,603.0
SCB,10/23/2022,409.0,409.0,402.0,403.0,-0.47,4357.0,712.6,603.0
SCB,10/31/2022,411.0,427.9,411.0,418.0,3.72,30058.0,712.6,603.0
SCB,11/1/2022,421.0,425.0,412.6,418.0,0.0,26016.0,712.6,603.0
SCB,11/2/2022,423.0,426.0,413.5,420.5,0.6,11285.0,712.6,603.0
SCB,11/3/2022,416.0,420.9,415.3,419.0,-0.36,7668.0,712.6,603.0
SCB,11/6/2022,419.1,424.0,415.6,421.0,0.48,18214.0,712.6,603.0
SCB,11/7/2022,421.0,428.0,420.1,422.0,0.24,11953.0,712.6,603.0
SCB,11/8/2022,421.0,424.0,418.1,419.1,-0.69,5844.0,712.6,603.0
SCB,11/9/2022,419.5,423.5,416.0,417.8,-0.31,7949.0,712.6,603.0
SCB,11/10/2022,420.0,420.0,411.1,415.0,-0.67,7408.0,712.6,603.0
SCB,11/13/2022,423.0,423.0,412.0,412.5,-0.6,4999.0,712.6,603.0
SCB,11/14/2022,412.2,419.0,412.2,418.9,1.55,12413.0,712.6,603.0
SCB,11/15/2022,421.0,421.0,416.2,417.0,-0.45,1945.0,712.6,603.0
SCB,11/16/2022,420.0,423.3,415.0,422.5,1.32,6814.0,712.6,603.0
SCB,11/17/2022,430.0,430.0,421.0,426.1,0.85,6744.0,712.6,603.0
SCB,11/22/2022,434.0,440.0,432.2,439.0,3.03,46364.0,712.6,603.0
SCB,11/23/2022,433.0,433.0,415.0,418.0,-4.78,11493.0,712.6,603.0
SCB,11/24/2022,422.0,424.0,412.0,418.3,0.07,8821.0,712.6,603.0
SCB,11/27/2022,415.0,416.0,411.0,411.3,-1.67,10915.0,712.6,603.0
SCB,11/28/2022,419.5,419.6,405.0,407.0,-1.05,13907.0,712.6,603.0
SCB,11/29/2022,409.0,412.0,405.5,408.0,0.25,7670.0,712.6,603.0
SCB,11/30/2022,406.0,410.9,406.0,408.0,0.0,7218.0,712.6,603.0
SCB,12/1/2022,405.0,412.0,405.0,410.8,0.69,8993.0,712.6,603.0
SCB,12/4/2022,406.0,416.9,406.0,412.1,0.32,5021.0,712.6,603.0
SCB,12/5/2022,410.0,417.0,409.0,409.0,-0.75,4768.0,712.6,603.0
SCB,12/6/2022,409.0,412.0,406.0,406.5,-0.61,4382.0,712.6,603.0
SCB,12/7/2022,407.0,407.1,401.2,402.7,-0.93,7278.0,712.6,603.0
SCB,12/11/2022,398.0,404.0,396.0,402.8,0.02,9534.0,712.6,603.0
SCB,12/12/2022,405.0,405.0,400.0,402.0,-0.2,10687.0,712.6,603.0
SCB,12/13/2022,402.0,405.0,400.0,403.2,0.3,4010.0,712.6,603.0
SCB,12/14/2022,402.0,403.2,398.0,400.0,-0.79,7463.0,712.6,603.0
SCB,12/15/2022,398.5,405.0,398.5,400.0,0.0,6707.0,712.6,603.0
SCB,12/18/2022,395.0,399.0,394.0,397.7,-0.58,12685.0,712.6,603.0
SCB,12/19/2022,393.0,399.0,392.0,398.8,0.28,6604.0,712.6,603.0
SCB,12/20/2022,396.0,405.0,396.0,402.5,0.93,6828.0,712.6,603.0
SCB,12/21/2022,400.0,407.9,400.0,404.9,0.6,4495.0,712.6,603.0
SCB,12/22/2022,400.0,408.0,400.0,404.7,-0.05,9832.0,712.6,603.0
SCB,12/26/2022,412.0,412.9,404.0,412.9,2.03,9846.0,712.6,603.0
SCB,12/27/2022,416.0,424.0,415.0,423.0,2.45,49025.0,712.6,603.0
SCB,12/28/2022,425.0,425.0,414.6,419.8,-0.76,5023.0,712.6,603.0
SCB,12/29/2022,414.1,440.0,414.1,434.0,3.38,18258.0,712.6,603.0
SCB,1/1/2023,442.0,462.9,435.0,437.1,0.71,23398.0,712.6,603.0
SCB,1/2/2023,431.0,446.0,431.0,440.3,0.73,10471.0,712.6,603.0
SCB,1/3/2023,434.0,459.0,434.0,447.0,1.52,24127.0,712.6,603.0
SCB,1/4/2023,454.9,469.2,444.1,462.0,3.36,35270.0,712.6,603.0
SCB,1/5/2023,462.0,474.3,454.0,464.0,0.43,21396.0,712.6,603.0
SCB,1/8/2023,470.0,470.0,456.0,458.6,-1.16,20591.0,712.6,603.0
SCB,1/9/2023,458.0,475.0,452.1,475.0,3.58,33999.0,712.6,603.0
SCB,1/10/2023,472.0,489.0,467.1,469.0,-1.26,43970.0,712.6,603.0
SCB,1/12/2023,478.0,486.0,456.3,463.0,-1.28,32221.0,712.6,603.0
SCB,1/17/2023,460.0,461.0,447.0,460.0,-0.65,17078.0,712.6,603.0
SCB,1/18/2023,461.0,465.0,452.1,453.0,-1.52,31118.0,712.6,603.0
SCB,1/19/2023,450.0,465.0,447.0,459.9,1.52,51457.0,712.6,603.0
SCB,1/23/2023,469.0,505.8,469.0,505.8,9.98,172003.0,712.6,603.0
SCB,1/24/2023,515.9,535.0,505.0,510.1,0.85,125474.0,712.6,603.0
SCB,1/25/2023,510.0,511.0,500.0,505.0,-1.0,81904.0,712.6,603.0
SCB,1/26/2023,512.0,512.0,500.0,503.0,-0.4,24592.0,712.6,603.0
SCB,1/29/2023,507.0,510.0,497.0,500.0,-0.6,40164.0,712.6,603.0
SCB,1/30/2023,500.0,506.1,492.1,501.0,0.2,41513.0,712.6,603.0
SCB,1/31/2023,498.0,501.0,493.0,493.0,-1.6,36946.0,712.6,603.0
SCB,2/1/2023,495.0,519.5,488.0,514.0,4.26,80016.0,712.6,603.0
SCB,2/2/2023,517.0,548.0,508.2,512.0,-0.39,194615.0,712.6,603.0
SCB,2/5/2023,513.0,521.0,510.1,515.2,0.63,52920.0,712.6,603.0
SCB,2/6/2023,515.0,530.3,513.2,530.0,2.87,64467.0,712.6,603.0
SCB,2/7/2023,530.0,553.0,521.2,545.0,2.83,90383.0,712.6,603.0
SCB,2/8/2023,545.0,555.0,535.0,540.0,-0.92,117207.0,712.6,603.0
SCB,2/9/2023,540.0,550.0,531.5,546.0,1.11,90008.0,712.6,603.0
SCB,2/12/2023,535.1,542.0,528.9,532.0,-2.56,61835.0,712.6,603.0
SCB,2/14/2023,523.1,532.0,523.1,526.7,-1.0,45017.0,712.6,603.0
SCB,2/15/2023,527.0,535.0,520.0,521.2,-1.04,52544.0,712.6,603.0
SCB,2/16/2023,520.0,527.9,518.5,521.6,0.08,21682.0,712.6,603.0
SCB,2/20/2023,529.0,529.0,510.0,510.0,-2.22,41073.0,712.6,603.0
SCB,2/22/2023,508.2,521.0,508.2,515.0,0.98,38251.0,712.6,603.0
SCB,2/23/2023,512.0,520.0,509.0,520.0,0.97,50616.0,712.6,603.0
SCB,2/26/2023,510.0,523.8,501.0,523.0,0.58,34471.0,712.6,603.0
SCB,2/27/2023,529.0,529.0,514.0,522.0,-0.19,22544.0,712.6,603.0
SCB,2/28/2023,518.0,529.0,517.0,523.1,0.21,18048.0,712.6,603.0
SCB,3/1/2023,529.9,532.0,516.0,520.0,-0.59,36858.0,712.6,603.0
SCB,3/2/2023,521.0,521.0,511.7,515.0,-0.96,13472.0,712.6,603.0
SCB,3/5/2023,524.9,525.0,501.0,506.0,-1.75,29703.0,712.6,603.0
SCB,3/7/2023,505.0,515.3,505.0,514.0,1.58,16320.0,712.6,603.0
SCB,3/9/2023,520.0,523.0,511.1,519.0,0.97,14883.0,712.6,603.0
SCB,3/12/2023,527.0,527.0,513.2,516.5,-0.48,13977.0,712.6,603.0
SCB,3/13/2023,510.0,516.0,506.7,508.1,-1.63,17107.0,712.6,603.0
SCB,3/14/2023,508.0,516.0,508.0,515.0,1.36,24407.0,712.6,603.0
SCB,3/15/2023,515.0,515.9,505.2,515.0,0.0,13994.0,712.6,603.0
SCB,3/16/2023,515.9,516.0,508.0,512.0,-0.58,18469.0,712.6,603.0
SCB,3/19/2023,506.0,519.0,506.0,513.0,0.2,13630.0,712.6,603.0
SCB,3/20/2023,521.0,521.0,513.2,518.9,1.15,25638.0,712.6,603.0
SCB,3/22/2023,525.5,525.5,514.0,514.0,-0.94,12624.0,712.6,603.0
SCB,3/23/2023,510.0,516.0,504.0,511.0,-0.58,23602.0,712.6,603.0
SCB,3/26/2023,511.0,515.0,499.0,501.1,-1.94,25609.0,712.6,603.0
SCB,3/27/2023,507.0,507.0,495.0,503.8,0.54,19570.0,712.6,603.0
SCB,3/28/2023,512.8,512.8,503.9,505.0,0.24,19158.0,712.6,603.0
SCB,3/29/2023,508.0,518.0,501.0,509.5,0.89,20182.0,712.6,603.0
SCB,3/30/2023,517.7,517.7,506.0,511.9,0.47,28092.0,712.6,603.0
SCB,4/2/2023,506.0,512.0,503.0,504.2,-1.5,24387.0,712.6,603.0
SCB,4/3/2023,504.2,504.4,497.0,501.5,-0.54,19080.0,712.6,603.0
SCB,4/4/2023,495.0,503.0,495.0,502.0,0.1,21444.0,712.6,603.0
SCB,4/5/2023,506.0,506.0,496.1,503.1,0.22,15760.0,712.6,603.0
SCB,4/6/2023,512.0,512.0,502.0,505.0,0.38,14771.0,712.6,603.0
SCB,4/9/2023,500.0,509.0,496.0,496.0,-1.78,20499.0,712.6,603.0
SCB,4/10/2023,496.0,501.0,496.0,499.8,0.77,10996.0,712.6,603.0
SCB,4/11/2023,505.0,506.0,499.0,504.8,1.0,13011.0,712.6,603.0
SCB,4/12/2023,512.0,529.0,512.0,523.0,3.61,40148.0,712.6,603.0
SCB,4/13/2023,521.0,531.0,516.0,524.7,0.33,31745.0,712.6,603.0
SCB,4/16/2023,530.0,550.0,520.1,539.1,2.74,37011.0,712.6,603.0
SCB,4/17/2023,548.9,548.9,535.0,539.9,0.15,31252.0,712.6,603.0
SCB,4/18/2023,535.0,539.0,523.0,536.0,-0.72,34305.0,712.6,603.0
SCB,4/19/2023,535.0,545.0,525.3,538.9,0.54,15618.0,712.6,603.0
SCB,4/20/2023,544.0,549.0,529.0,530.0,-1.65,62195.0,712.6,603.0
SCB,4/23/2023,526.1,534.0,520.0,520.0,-1.89,22855.0,712.6,603.0
SCB,4/24/2023,520.0,528.0,520.0,526.0,1.15,11886.0,712.6,603.0
SCB,4/25/2023,528.0,535.0,524.5,531.0,0.95,15433.0,712.6,603.0
SCB,4/26/2023,531.0,538.9,524.0,524.0,-1.32,17604.0,712.6,603.0
SCB,4/27/2023,525.0,535.0,523.2,535.0,2.1,56724.0,712.6,603.0
SCB,4/30/2023,540.0,540.0,526.0,527.0,-1.5,17839.0,712.6,603.0
SCB,5/2/2023,532.0,533.0,526.0,528.8,0.34,23894.0,712.6,603.0
SCB,5/3/2023,526.0,538.0,526.0,532.1,0.62,21292.0,712.6,603.0
SCB,5/4/2023,538.0,538.0,527.0,530.0,-0.39,8977.0,712.6,603.0
SCB,5/7/2023,532.0,532.0,525.0,525.6,-0.83,17634.0,712.6,603.0
SCB,5/8/2023,525.0,532.9,522.1,522.1,-0.67,14529.0,712.6,603.0
SCB,5/9/2023,532.0,532.0,522.1,525.0,0.56,8707.0,712.6,603.0
SCB,5/10/2023,529.0,532.0,523.0,529.0,0.76,16178.0,712.6,603.0
SCB,5/11/2023,526.0,529.0,525.0,527.8,-0.23,7782.0,712.6,603.0
SCB,5/14/2023,525.2,530.0,518.3,524.0,-0.72,23078.0,712.6,603.0
SCB,5/15/2023,516.0,523.0,516.0,519.0,-0.95,13674.0,712.6,603.0
SCB,5/16/2023,518.0,523.0,518.0,519.9,0.17,8517.0,712.6,603.0
SCB,5/17/2023,521.0,526.7,518.0,524.0,0.79,6759.0,712.6,603.0
SCB,5/18/2023,530.0,536.5,523.0,534.8,2.06,24467.0,712.6,603.0
SCB,5/21/2023,534.8,543.9,533.0,535.5,0.13,30679.0,712.6,603.0
SCB,5/22/2023,539.9,540.0,526.0,540.0,0.84,27648.0,712.6,603.0
SCB,5/23/2023,544.0,555.0,538.0,550.0,1.85,66678.0,712.6,603.0
SCB,5/24/2023,550.0,555.0,546.0,548.1,-0.35,27082.0,712.6,603.0
SCB,5/28/2023,551.0,551.0,538.0,542.9,-0.95,33774.0,712.6,603.0
SCB,5/30/2023,533.0,540.0,519.0,519.0,-4.4,76591.0,712.6,603.0
SCB,5/31/2023,508.7,520.0,499.0,504.1,-2.87,128139.0,712.6,603.0
SCB,6/1/2023,510.0,515.0,504.0,510.0,1.17,51305.0,712.6,603.0
SCB,6/4/2023,520.2,541.2,512.0,518.4,1.65,45187.0,712.6,603.0
SCB,6/5/2023,527.0,527.0,511.0,518.4,0.0,26886.0,712.6,603.0
SCB,6/6/2023,511.3,521.8,511.3,519.0,0.12,17648.0,712.6,603.0
SCB,6/7/2023,520.0,523.0,512.6,512.8,-1.19,24282.0,712.6,603.0
SCB,6/8/2023,521.0,521.0,513.0,515.0,0.43,25486.0,712.6,603.0
SCB,6/11/2023,522.0,522.0,514.0,517.0,0.39,59574.0,712.6,603.0
SCB,6/12/2023,525.0,525.0,514.0,515.0,-0.39,26024.0,712.6,603.0
SCB,6/13/2023,513.1,520.0,513.1,517.3,0.45,28207.0,712.6,603.0
SCB,6/14/2023,527.6,538.1,517.0,525.0,1.49,57128.0,712.6,603.0
SCB,6/15/2023,525.0,530.0,523.0,524.9,-0.02,37740.0,712.6,603.0
SCB,6/18/2023,525.0,528.0,520.0,520.0,-0.93,47726.0,712.6,603.0
SCB,6/19/2023,522.0,527.0,518.3,519.0,-0.19,28239.0,712.6,603.0
SCB,6/20/2023,520.0,529.0,520.0,523.4,0.85,20350.0,712.6,603.0
SCB,6/21/2023,521.0,525.0,517.0,518.0,-1.03,18771.0,712.6,603.0
SCB,6/22/2023,518.0,520.0,512.1,514.0,-0.77,21675.0,712.6,603.0
SCB,6/25/2023,514.0,532.0,510.0,523.0,1.75,55171.0,712.6,603.0
SCB,6/26/2023,525.6,535.8,525.0,530.0,1.34,69978.0,712.6,603.0
SCB,6/27/2023,536.0,568.1,535.0,549.9,3.75,107396.0,712.6,603.0
SCB,6/28/2023,556.9,572.0,537.1,540.0,-1.8,38653.0,712.6,603.0
SCB,7/2/2023,540.7,549.0,518.0,520.0,-3.7,58877.0,712.6,603.0
SCB,7/3/2023,518.0,529.9,516.1,520.0,0.0,26918.0,712.6,603.0
SCB,7/4/2023,520.0,530.0,519.1,523.9,0.75,17289.0,712.6,603.0
SCB,7/5/2023,525.0,533.0,516.5,516.6,-1.39,22726.0,712.6,603.0
SCB,7/6/2023,517.0,519.0,512.0,516.0,-0.12,20991.0,712.6,603.0
SCB,7/9/2023,520.0,531.0,516.0,516.5,0.1,18651.0,712.6,603.0
SCB,7/10/2023,526.0,531.9,519.0,523.0,1.26,39991.0,712.6,603.0
SCB,7/11/2023,518.0,525.0,517.0,518.6,-0.84,29885.0,712.6,603.0
SCB,7/12/2023,520.0,530.0,518.9,529.0,2.01,18969.0,712.6,603.0
SCB,7/13/2023,539.0,539.0,528.1,529.0,0.0,13008.0,712.6,603.0
SCB,7/16/2023,539.4,540.0,526.0,530.1,0.21,20851.0,712.6,603.0
SCB,7/17/2023,533.0,547.0,532.1,546.0,3.0,23601.0,712.6,603.0
SCB,7/18/2023,556.0,556.0,544.0,546.0,0.0,42503.0,712.6,603.0
SCB,7/19/2023,545.0,565.0,545.0,562.0,2.93,82291.0,712.6,603.0
SCB,7/20/2023,564.9,570.0,557.0,563.0,0.18,43884.0,712.6,603.0
SCB,7/23/2023,569.0,580.0,560.0,580.0,3.02,85261.0,712.6,603.0
SCB,7/24/2023,580.0,580.2,558.6,560.0,-3.45,131933.0,712.6,603.0
SCB,7/25/2023,556.0,560.0,544.0,548.0,-2.14,37250.0,712.6,603.0
SCB,7/26/2023,558.9,558.9,539.0,544.9,-0.57,52990.0,712.6,603.0
SCB,7/27/2023,550.0,553.5,536.0,540.0,-0.9,41835.0,712.6,603.0
SCB,7/30/2023,540.6,543.0,537.0,540.0,0.0,31772.0,712.6,603.0
SCB,7/31/2023,546.0,550.0,539.0,545.2,0.96,15813.0,712.6,603.0
SCB,8/1/2023,556.1,556.1,540.0,546.0,0.15,24346.0,712.6,603.0
SCB,8/2/2023,541.0,568.0,541.0,568.0,4.03,41938.0,712.6,603.0
SCB,8/3/2023,568.0,570.0,559.0,560.0,-1.41,44425.0,712.6,603.0
SCB,8/6/2023,571.2,582.0,556.7,556.7,-0.59,115784.0,712.6,603.0
SCB,8/7/2023,560.0,562.0,554.0,555.1,-0.29,69251.0,712.6,603.0
SCB,8/8/2023,560.0,560.0,546.0,554.8,-0.05,29006.0,712.6,603.0
SCB,8/9/2023,554.9,559.0,547.5,559.0,0.76,31521.0,712.6,603.0
SCB,8/10/2023,560.5,560.5,553.1,560.0,0.18,25072.0,712.6,603.0
SCB,8/13/2023,560.0,565.0,555.3,563.9,0.7,29941.0,712.6,603.0
SCB,8/14/2023,565.5,574.0,555.1,570.0,1.08,94628.0,712.6,603.0
SCB,8/15/2023,581.4,581.4,564.0,564.0,-1.05,65049.0,712.6,603.0
SCB,8/16/2023,569.0,569.0,560.0,562.7,-0.23,17606.0,712.6,603.0
SCB,8/17/2023,566.0,570.0,561.7,562.0,-0.12,21472.0,712.6,603.0
SCB,8/20/2023,565.0,568.0,556.0,562.0,0.0,18438.0,712.6,603.0
SCB,8/21/2023,556.0,566.0,556.0,563.0,0.18,15357.0,712.6,603.0
SCB,8/22/2023,566.0,566.5,557.0,564.0,0.18,13603.0,712.6,603.0
SCB,8/23/2023,565.0,569.0,562.0,566.3,0.41,19616.0,712.6,603.0
SCB,8/24/2023,565.0,567.9,560.0,560.0,-1.11,14184.0,712.6,603.0
SCB,8/27/2023,555.0,560.0,552.3,552.3,-1.38,22976.0,712.6,603.0
SCB,8/28/2023,559.0,561.9,552.1,557.0,0.85,12948.0,712.6,603.0
SCB,8/29/2023,559.0,562.0,555.0,555.0,-0.36,30865.0,712.6,603.0
SCB,8/30/2023,563.7,565.0,555.0,560.0,0.9,14437.0,712.6,603.0
SCB,9/3/2023,564.0,564.0,555.0,556.2,-0.68,9949.0,712.6,603.0
SCB,9/4/2023,560.0,564.0,550.1,554.0,-0.4,13769.0,712.6,603.0
SCB,9/5/2023,554.0,560.0,552.0,557.0,0.54,13002.0,712.6,603.0
SCB,9/7/2023,557.0,557.0,551.2,553.7,-0.59,16156.0,712.6,603.0
SCB,9/10/2023,553.0,560.0,551.1,553.0,-0.13,7854.0,712.6,603.0
SCB,9/11/2023,553.0,564.0,552.0,563.0,1.81,16293.0,712.6,603.0
SCB,9/12/2023,569.0,569.7,560.2,562.0,-0.18,19040.0,712.6,603.0
SCB,9/13/2023,573.0,573.0,562.2,567.0,0.89,8412.0,712.6,603.0
SCB,9/17/2023,560.0,569.9,556.3,559.0,-1.41,19543.0,712.6,603.0
SCB,9/18/2023,560.0,560.0,550.0,557.2,-0.32,11610.0,712.6,603.0
SCB,9/19/2023,555.0,559.8,552.0,555.3,-0.34,13310.0,712.6,603.0
SCB,9/21/2023,565.0,565.0,554.9,555.0,-0.05,19299.0,712.6,603.0
SCB,9/24/2023,559.0,559.0,551.2,554.0,-0.18,15785.0,712.6,603.0
SCB,9/25/2023,552.0,555.0,550.0,553.1,-0.16,8860.0,712.6,603.0
SCB,9/26/2023,556.0,556.0,546.5,550.0,-0.56,16621.0,712.6,603.0
SCB,9/27/2023,550.0,553.0,540.0,545.0,-0.91,32227.0,712.6,603.0
SCB,10/1/2023,545.0,549.0,534.0,536.0,-1.65,31810.0,712.6,603.0
SCB,10/2/2023,540.0,545.0,535.0,543.0,1.31,16780.0,712.6,603.0
SCB,10/3/2023,547.9,547.9,536.0,536.0,-1.29,9727.0,712.6,603.0
SCB,10/4/2023,536.0,543.0,532.0,539.0,0.56,17377.0,712.6,603.0
SCB,10/5/2023,540.0,540.0,532.0,535.0,-0.74,9005.0,712.6,603.0
SCB,10/8/2023,538.0,543.9,520.1,520.1,-2.79,23949.0,712.6,603.0
SCB,10/9/2023,518.8,527.0,515.0,515.5,-0.88,21233.0,712.6,603.0
SCB,10/10/2023,517.0,524.0,512.9,516.0,0.1,11131.0,712.6,603.0
SCB,10/11/2023,511.0,522.0,511.0,517.9,0.37,11289.0,712.6,603.0
SCB,10/12/2023,516.0,524.0,513.0,513.0,-0.95,16784.0,712.6,603.0
SCB,10/16/2023,514.0,520.7,510.0,512.9,-0.02,12504.0,712.6,603.0
SCB,10/17/2023,523.0,525.0,515.7,516.2,0.64,8567.0,712.6,603.0
SCB,10/18/2023,520.0,534.9,519.0,531.0,2.87,13663.0,712.6,603.0
SCB,10/19/2023,527.0,538.6,526.0,536.0,0.94,13422.0,712.6,603.0
SCB,10/29/2023,539.0,539.8,525.6,525.6,-1.94,5789.0,712.6,603.0
SCB,10/30/2023,520.0,528.9,518.59,525.3,-0.06,5931.0,712.6,603.0
SCB,10/31/2023,520.0,536.9,511.8,515.0,-1.96,32015.0,712.6,603.0
SCB,11/1/2023,515.0,521.0,512.1,515.4,0.08,6468.0,712.6,603.0
SCB,11/2/2023,520.0,520.0,516.0,517.0,0.31,6975.0,712.6,603.0
SCB,11/5/2023,517.0,524.0,514.0,516.0,-0.19,16516.0,712.6,603.0
SCB,11/6/2023,520.0,522.5,518.0,521.5,1.07,5514.0,712.6,603.0
SCB,11/7/2023,530.0,530.0,519.4,522.0,0.1,6830.0,712.6,603.0
SCB,11/8/2023,530.0,530.0,523.0,525.0,0.57,3671.0,712.6,603.0
SCB,11/9/2023,528.0,528.0,520.2,523.3,-0.32,6319.0,712.6,603.0
SCB,11/20/2023,527.0,540.0,527.0,538.8,2.96,20498.0,712.6,603.0
SCB,11/21/2023,538.0,538.0,532.0,536.0,-0.52,18365.0,712.6,603.0
SCB,11/22/2023,537.0,539.0,530.0,539.0,0.56,41166.0,712.6,603.0
SCB,11/23/2023,529.0,529.0,516.0,524.9,-2.62,23655.0,712.6,603.0
SCB,11/26/2023,523.0,525.0,520.0,523.1,-0.34,25836.0,712.6,603.0
SCB,11/27/2023,520.0,526.0,520.0,525.0,0.36,11448.0,712.6,603.0
SCB,11/28/2023,535.0,535.0,523.0,525.0,0.0,7030.0,712.6,603.0
SCB,11/29/2023,525.0,529.0,520.5,523.0,-0.38,5848.0,712.6,603.0
SCB,11/30/2023,523.0,523.0,515.0,518.0,-0.96,9641.0,712.6,603.0
SCB,12/3/2023,524.8,524.8,512.0,515.9,-0.41,5144.0,712.6,603.0
SCB,12/4/2023,521.0,524.0,507.0,507.2,-1.69,17574.0,712.6,603.0
SCB,12/5/2023,506.9,509.9,504.0,507.0,-0.04,9087.0,712.6,603.0
SCB,12/6/2023,517.0,517.0,499.0,506.9,-0.02,14724.0,712.6,603.0
SCB,12/7/2023,501.3,513.7,501.3,510.9,0.79,8880.0,712.6,603.0
SCB,12/10/2023,521.1,531.0,521.1,530.0,3.74,710.0,712.6,603.0
SCB,12/11/2023,540.0,540.6,520.1,527.0,-0.57,45382.0,712.6,603.0
SCB,12/12/2023,530.0,534.5,527.8,533.8,1.29,36572.0,712.6,603.0
SCB,12/13/2023,544.4,544.4,533.6,537.9,0.77,42334.0,712.6,603.0
SCB,12/14/2023,538.0,547.0,517.0,528.0,-1.84,49330.0,712.6,603.0
SCB,12/17/2023,517.5,521.2,507.0,518.0,-1.89,41115.0,712.6,603.0
SCB,12/18/2023,519.0,528.0,515.1,521.0,0.58,29770.0,712.6,603.0
SCB,12/19/2023,518.1,534.0,518.1,531.0,1.92,29255.0,712.6,603.0
SCB,12/20/2023,541.6,549.0,527.0,527.1,-0.73,24345.0,712.6,603.0
SCB,12/21/2023,527.1,530.0,517.5,528.9,0.34,24591.0,712.6,603.0
SCB,12/24/2023,530.0,530.0,518.7,518.8,-1.91,16778.0,712.6,603.0
SCB,12/27/2023,518.0,524.0,509.0,512.5,-1.21,14463.0,712.6,603.0
SCB,12/28/2023,514.0,519.9,512.0,514.0,0.29,22197.0,712.6,603.0
SCB,1/1/2024,522.9,534.0,515.0,516.0,0.39,11911.0,712.6,603.0
SCB,1/2/2024,515.0,517.9,511.0,511.7,-0.83,12303.0,712.6,603.0
SCB,1/3/2024,512.1,517.0,511.5,517.0,1.04,12768.0,712.6,603.0
SCB,1/4/2024,520.0,520.0,515.0,516.0,-0.19,11964.0,712.6,603.0
SCB,1/7/2024,515.0,524.0,508.0,508.0,-1.55,28156.0,712.6,603.0
SCB,1/8/2024,508.5,516.0,508.5,514.0,1.18,34843.0,712.6,603.0
SCB,1/9/2024,512.1,522.0,512.1,519.0,0.97,12972.0,712.6,603.0
SCB,1/10/2024,520.1,530.5,520.1,527.5,1.64,21046.0,712.6,603.0
SCB,1/11/2024,530.0,530.7,524.0,528.0,0.09,25008.0,712.6,603.0
SCB,1/14/2024,531.0,531.0,520.6,526.0,-0.38,17388.0,712.6,603.0
SCB,1/16/2024,526.0,532.0,522.1,529.5,0.67,10890.0,712.6,603.0
SCB,1/17/2024,539.9,550.6,535.0,541.0,2.17,37096.0,712.6,603.0
SCB,1/18/2024,531.0,544.0,531.0,544.0,0.55,28109.0,712.6,603.0
SCB,1/21/2024,544.0,549.8,535.0,535.0,-1.65,39781.0,712.6,603.0
SCB,1/22/2024,532.0,540.0,530.0,531.0,-0.75,24965.0,712.6,603.0
SCB,1/23/2024,522.1,532.0,522.1,528.0,-0.56,7335.0,712.6,603.0
SCB,1/24/2024,535.0,535.0,528.0,531.1,0.59,23280.0,712.6,603.0
SCB,1/25/2024,531.2,540.0,531.2,538.0,1.3,21207.0,712.6,603.0
SCB,1/28/2024,542.0,542.5,535.0,540.0,0.37,24973.0,712.6,603.0
SCB,1/29/2024,530.1,542.0,530.0,540.0,0.0,18848.0,712.6,603.0
SCB,1/30/2024,545.0,545.0,537.5,540.0,0.0,11421.0,712.6,603.0
SCB,1/31/2024,540.0,541.0,537.0,537.0,-0.56,27810.0,712.6,603.0
SCB,2/1/2024,530.0,538.0,526.3,526.3,-1.99,16041.0,712.6,603.0
SCB,2/4/2024,527.0,534.5,526.5,532.0,1.08,16823.0,712.6,603.0
SCB,2/5/2024,532.9,538.9,532.9,535.1,0.58,19864.0,712.6,603.0
SCB,2/6/2024,545.8,545.8,528.4,535.1,0.0,11477.0,712.6,603.0
SCB,2/7/2024,543.0,545.0,530.0,536.0,0.17,10024.0,712.6,603.0
SCB,2/8/2024,530.3,540.0,530.2,533.4,-0.49,3879.0,712.6,603.0
SCB,2/11/2024,538.0,539.8,530.0,532.1,-0.24,10645.0,712.6,603.0
SCB,2/12/2024,530.0,534.9,530.0,534.0,0.36,6285.0,712.6,603.0
SCB,2/13/2024,536.0,536.0,530.0,530.1,-0.73,7931.0,712.6,603.0
SCB,2/14/2024,528.0,531.0,526.0,528.2,-0.36,7459.0,712.6,603.0
SCB,2/15/2024,525.1,529.0,523.0,527.8,-0.08,10142.0,712.6,603.0
SCB,2/18/2024,528.0,530.0,522.1,526.0,-0.34,10090.0,712.6,603.0
SCB,2/20/2024,520.1,530.0,519.1,523.9,-0.4,10811.0,712.6,603.0
SCB,2/21/2024,519.0,524.5,519.0,521.0,-0.55,8644.0,712.6,603.0
SCB,2/22/2024,518.5,520.0,513.1,513.1,-1.52,13942.0,712.6,603.0
SCB,2/25/2024,514.9,516.0,509.0,510.0,-0.6,15838.0,712.6,603.0
SCB,2/26/2024,513.0,513.0,504.5,509.0,-0.2,10427.0,712.6,603.0
SCB,2/27/2024,512.0,512.0,504.5,509.0,0.0,14713.0,712.6,603.0
SCB,2/28/2024,503.2,508.0,500.0,508.0,-0.2,18177.0,712.6,603.0
SCB,2/29/2024,500.1,507.7,500.1,505.0,-0.59,8226.0,712.6,603.0
SCB,3/3/2024,505.0,507.0,497.4,503.0,-0.4,17764.0,712.6,603.0
SCB,3/4/2024,510.0,525.0,510.0,525.0,4.37,225.0,712.6,603.0
SCB,3/5/2024,525.0,530.0,514.4,517.6,-1.41,9514.0,712.6,603.0
SCB,3/6/2024,508.3,524.2,508.0,519.0,0.27,7914.0,712.6,603.0
SCB,3/7/2024,519.0,528.0,518.0,521.0,0.39,4949.0,712.6,603.0
SCB,3/10/2024,528.5,529.0,518.5,521.3,0.06,5082.0,712.6,603.0
SCB,3/12/2024,525.0,540.0,520.4,539.6,3.51,30695.0,712.6,603.0
SCB,3/13/2024,529.1,540.0,529.1,536.0,-0.67,14465.0,712.6,603.0
SCB,3/14/2024,531.0,539.0,522.0,526.0,-1.87,7900.0,712.6,603.0
SCB,3/17/2024,521.0,530.0,517.0,528.0,0.38,5997.0,712.6,603.0
SCB,3/18/2024,523.0,528.0,523.0,527.0,-0.19,11176.0,712.6,603.0
SCB,3/19/2024,517.0,535.0,517.0,523.0,-0.76,6893.0,712.6,603.0
SCB,3/20/2024,530.0,530.0,520.5,524.0,0.19,6879.0,712.6,603.0
SCB,3/21/2024,521.0,526.0,520.0,520.0,-0.76,6389.0,712.6,603.0
SCB,3/25/2024,520.0,521.0,511.1,520.0,0.0,7645.0,712.6,603.0
SCB,3/26/2024,529.0,529.0,517.0,525.0,0.96,7655.0,712.6,603.0
SCB,3/27/2024,520.0,523.9,519.1,522.0,-0.57,15432.0,712.6,603.0
SCB,3/28/2024,515.1,524.0,515.1,519.0,-0.57,16744.0,712.6,603.0
SCB,3/31/2024,513.0,522.0,510.0,510.0,-1.73,13366.0,712.6,603.0
SCB,4/1/2024,511.0,515.0,508.0,513.7,0.73,7194.0,712.6,603.0
SCB,4/2/2024,513.5,517.0,512.1,513.6,-0.02,5907.0,712.6,603.0
SCB,4/3/2024,512.0,516.0,512.0,515.0,0.27,9763.0,712.6,603.0
SCB,4/4/2024,511.2,523.8,511.2,514.9,-0.02,9348.0,712.6,603.0
SCB,4/7/2024,514.9,519.0,510.0,515.2,0.06,8105.0,712.6,603.0
SCB,4/9/2024,517.0,522.5,516.0,519.8,0.89,14473.0,712.6,603.0
SCB,4/10/2024,530.1,530.1,517.0,524.9,0.98,6900.0,712.6,603.0
SCB,4/14/2024,529.0,529.0,519.0,525.0,0.02,15270.0,712.6,603.0
SCB,4/15/2024,522.0,525.0,515.1,516.0,-1.71,9830.0,712.6,603.0
SCB,4/16/2024,516.0,522.0,516.0,518.4,0.47,5844.0,712.6,603.0
SCB,4/18/2024,518.0,519.0,515.0,515.9,-0.48,7793.0,712.6,603.0
SCB,4/21/2024,514.3,520.0,514.3,517.4,0.29,12086.0,712.6,603.0
SCB,4/22/2024,517.0,524.0,515.0,518.0,0.12,11787.0,712.6,603.0
SCB,4/24/2024,524.0,530.0,517.1,519.0,0.19,5026.0,712.6,603.0
SCB,4/25/2024,514.0,524.9,514.0,517.0,-0.39,5327.0,712.6,603.0
SCB,4/28/2024,517.0,524.0,517.0,524.0,1.35,9850.0,712.6,603.0
SCB,4/29/2024,527.0,528.0,519.5,524.0,0.0,7126.0,712.6,603.0
SCB,4/30/2024,534.4,534.4,517.1,522.3,-0.32,10327.0,712.6,603.0
SCB,5/2/2024,532.7,532.7,516.1,521.0,-0.25,9683.0,712.6,603.0
SCB,5/5/2024,513.9,520.0,513.9,516.3,-0.9,7808.0,712.6,603.0
SCB,5/6/2024,515.0,517.9,512.0,513.5,-0.54,12355.0,712.6,603.0
SCB,5/7/2024,515.0,516.8,511.0,514.6,0.21,10800.0,712.6,603.0
SCB,5/8/2024,513.0,521.9,513.0,514.0,-0.12,4083.0,712.6,603.0
SCB,5/9/2024,523.0,523.0,512.0,515.0,0.19,9670.0,712.6,603.0
SCB,5/12/2024,515.0,523.5,513.0,523.5,1.65,21057.0,712.6,603.0
SCB,5/13/2024,516.1,562.0,516.1,540.2,3.19,67579.0,712.6,603.0
SCB,5/14/2024,536.0,556.9,536.0,544.0,0.7,39921.0,712.6,603.0
SCB,5/15/2024,553.0,587.0,542.0,545.0,0.18,19151.0,712.6,603.0
SCB,5/16/2024,535.0,554.0,535.0,547.9,0.53,33420.0,712.6,603.0
SCB,5/19/2024,558.8,562.9,545.0,557.0,1.66,72078.0,712.6,603.0
SCB,5/20/2024,568.0,612.0,560.0,576.7,3.54,89589.0,712.6,603.0
SCB,5/21/2024,588.0,588.0,567.0,584.9,1.42,53592.0,712.6,603.0
SCB,5/22/2024,574.0,607.9,574.0,598.0,2.24,138782.0,712.6,603.0
SCB,5/26/2024,607.0,607.0,581.0,588.0,-1.67,77018.0,712.6,603.0
SCB,5/27/2024,595.0,595.0,580.0,587.9,-0.02,34144.0,712.6,603.0
SCB,5/29/2024,599.6,611.0,559.6,560.0,-4.75,55901.0,712.6,603.0
SCB,5/30/2024,566.0,582.0,560.0,565.0,0.89,44008.0,712.6,603.0
SCB,6/2/2024,576.2,576.2,565.0,568.0,0.53,17762.0,712.6,603.0
SCB,6/3/2024,579.2,579.2,564.0,566.0,-0.35,19735.0,712.6,603.0
SCB,6/4/2024,575.0,575.0,566.1,567.0,0.18,10296.0,712.6,603.0
SCB,6/5/2024,573.0,577.0,559.0,560.0,-1.23,15276.0,712.6,603.0
SCB,6/6/2024,558.2,569.8,558.0,560.4,0.07,21686.0,712.6,603.0
SCB,6/9/2024,571.6,571.6,560.2,562.9,0.45,15312.0,712.6,603.0
SCB,6/10/2024,574.1,574.1,558.0,566.5,0.64,11500.0,712.6,603.0
SCB,6/11/2024,577.8,577.8,561.0,567.3,0.14,16901.0,712.6,603.0
SCB,6/12/2024,577.0,577.0,565.0,567.0,-0.05,25616.0,712.6,603.0
SCB,6/13/2024,569.5,569.5,558.0,562.0,-0.88,18340.0,712.6,603.0
SCB,6/16/2024,562.0,565.0,560.1,562.0,0.0,6515.0,712.6,603.0
SCB,6/18/2024,562.0,565.0,559.0,561.5,-0.09,16349.0,712.6,603.0
SCB,6/19/2024,562.0,565.0,559.0,564.9,0.61,29253.0,712.6,603.0
SCB,6/20/2024,576.1,576.1,560.0,564.0,-0.16,6725.0,712.6,603.0
SCB,6/23/2024,563.0,566.0,560.0,561.0,-0.53,8463.0,712.6,603.0
SCB,6/24/2024,561.0,565.0,560.1,560.4,-0.11,5375.0,712.6,603.0
SCB,6/25/2024,565.0,565.0,557.0,560.0,-0.07,16267.0,712.6,603.0
SCB,6/26/2024,560.0,562.0,549.0,560.0,0.0,25740.0,712.6,603.0
SCB,6/27/2024,555.0,560.9,555.0,560.0,0.0,18136.0,712.6,603.0
SCB,6/30/2024,561.5,561.5,552.2,560.0,0.0,9592.0,712.6,603.0
SCB,7/1/2024,560.0,562.0,553.1,561.9,0.34,12616.0,712.6,603.0
SCB,7/2/2024,573.0,595.6,567.0,574.0,2.15,31533.0,712.6,603.0
SCB,7/3/2024,570.0,577.8,563.0,577.8,0.66,20147.0,712.6,603.0
SCB,7/4/2024,582.0,585.0,576.0,584.0,1.07,20747.0,712.6,603.0
SCB,7/7/2024,584.0,588.9,578.4,581.5,-0.43,21334.0,712.6,603.0
SCB,7/8/2024,582.0,590.0,578.1,580.6,-0.15,8745.0,712.6,603.0
SCB,7/9/2024,580.0,584.0,578.0,583.8,0.55,13091.0,712.6,603.0
SCB,7/10/2024,584.0,590.0,584.0,587.0,0.55,29340.0,712.6,603.0
SCB,7/11/2024,590.0,595.0,584.3,588.0,0.17,44142.0,712.6,603.0
SCB,7/14/2024,590.0,604.8,589.0,604.5,2.81,71564.0,712.6,603.0
SCB,7/15/2024,611.9,612.0,597.0,602.0,-0.41,79450.0,712.6,603.0
SCB,7/16/2024,600.0,618.0,594.0,615.0,2.16,47923.0,712.6,603.0
SCB,7/17/2024,623.0,637.5,618.0,637.5,3.66,139752.0,712.6,603.0
SCB,7/18/2024,641.5,672.0,638.0,660.0,3.53,114822.0,712.6,603.0
SCB,7/21/2024,669.0,672.0,651.0,661.0,0.15,119452.0,712.6,603.0
SCB,7/22/2024,661.0,662.0,647.8,653.0,-1.21,86936.0,712.6,603.0
SCB,7/23/2024,653.0,660.0,646.1,659.9,1.06,63847.0,712.6,603.0
SCB,7/24/2024,664.0,672.9,643.0,646.0,-2.11,103522.0,712.6,603.0
SCB,7/25/2024,656.9,665.0,638.0,663.0,2.63,124380.0,712.6,603.0
SCB,7/28/2024,676.2,728.0,676.2,718.0,8.3,214442.0,712.6,603.0
SCB,7/29/2024,732.3,732.3,694.5,696.0,-3.06,187034.0,712.6,603.0
SCB,7/30/2024,696.0,696.0,661.8,683.0,-1.87,127427.0,712.6,603.0
SCB,7/31/2024,690.0,705.0,680.1,688.1,0.75,186116.0,712.6,603.0
SCB,8/1/2024,688.0,701.0,686.2,692.0,0.57,85954.0,712.6,603.0
SCB,8/5/2024,705.8,719.1,692.0,705.0,1.88,219032.0,712.6,603.0
SCB,8/6/2024,705.0,714.0,680.0,684.0,-2.98,159776.0,712.6,603.0
SCB,8/7/2024,684.0,706.0,672.0,696.0,1.75,96894.0,712.6,603.0
SCB,8/8/2024,705.1,705.1,690.0,699.0,0.43,116445.0,712.6,603.0
SCB,8/11/2024,712.0,712.0,695.0,707.0,1.14,101862.0,712.6,603.0
SCB,8/12/2024,711.0,719.7,704.1,710.1,0.44,103692.0,712.6,603.0
SCB,8/13/2024,712.0,714.0,698.0,700.3,-1.38,107990.0,712.6,603.0
SCB,8/14/2024,709.0,709.0,698.0,703.8,0.5,63442.0,712.6,603.0
SCB,8/15/2024,717.8,720.0,704.0,714.0,1.45,169191.0,712.6,603.0
SCB,8/18/2024,725.0,731.0,715.3,720.7,0.94,180607.0,712.6,603.0
SCB,8/21/2024,721.0,766.0,720.1,759.9,5.44,214586.0,712.6,603.0
SCB,8/22/2024,759.9,790.0,759.9,764.0,0.54,95983.0,712.6,603.0
SCB,8/25/2024,770.0,770.0,736.0,737.3,-3.49,116510.0,712.6,603.0
SCB,8/27/2024,730.0,735.0,708.0,715.0,-3.02,137755.0,712.6,603.0
SCB,8/28/2024,729.0,740.0,715.1,730.0,2.1,118529.0,712.6,603.0
SCB,8/29/2024,721.0,731.0,710.0,712.0,-2.47,61660.0,712.6,603.0
SCB,9/1/2024,712.2,726.0,703.8,705.1,-0.97,69139.0,712.6,603.0
SCB,9/2/2024,707.0,730.0,706.0,728.6,3.33,76231.0,712.6,603.0
SCB,9/3/2024,737.0,737.0,718.9,720.0,-1.18,57873.0,712.6,603.0
SCB,9/4/2024,734.4,734.4,706.0,708.0,-1.67,35741.0,712.6,603.0
SCB,9/5/2024,702.7,710.0,695.9,698.0,-1.41,46719.0,712.6,603.0
SCB,9/8/2024,700.0,711.0,689.0,690.0,-1.15,44856.0,712.6,603.0
SCB,9/9/2024,690.0,694.9,670.3,672.0,-2.61,66193.0,712.6,603.0
SCB,9/10/2024,685.0,685.0,674.0,677.0,0.74,38474.0,712.6,603.0
SCB,9/11/2024,685.0,686.0,675.0,675.1,-0.28,17698.0,712.6,603.0
SCB,9/12/2024,685.0,685.0,672.0,683.8,1.29,29278.0,712.6,603.0
SCB,9/15/2024,685.0,699.8,678.0,679.0,-0.7,42701.0,712.6,603.0
SCB,9/16/2024,675.0,679.0,672.2,673.0,-0.88,17727.0,712.6,603.0
SCB,9/18/2024,672.0,685.0,661.0,680.0,1.04,43154.0,712.6,603.0
SCB,9/22/2024,693.6,707.0,680.0,707.0,3.97,25074.0,712.6,603.0
SCB,9/23/2024,721.1,721.1,685.0,685.0,-3.11,27899.0,712.6,603.0
SCB,9/24/2024,683.0,697.9,676.0,677.0,-1.17,22915.0,712.6,603.0
SCB,9/25/2024,672.2,690.5,665.2,685.0,1.18,29451.0,712.6,603.0
SCB,9/26/2024,698.0,698.6,671.5,680.0,-0.73,35791.0,712.6,603.0
SCB,9/29/2024,670.0,681.0,666.0,679.0,-0.15,37334.0,712.6,603.0
SCB,9/30/2024,684.9,685.0,673.0,680.9,0.28,21518.0,712.6,603.0
SCB,10/1/2024,688.9,697.0,682.5,690.4,1.4,28259.0,712.6,603.0
SCB,10/2/2024,700.0,703.8,683.4,688.0,-0.35,23208.0,712.6,603.0
SCB,10/6/2024,694.0,699.0,686.5,692.2,0.61,34057.0,712.6,603.0
SCB,10/7/2024,703.0,710.0,694.9,696.0,0.55,44011.0,712.6,603.0
SCB,10/8/2024,696.1,705.0,692.1,696.1,0.01,25902.0,712.6,603.0
SCB,10/9/2024,706.9,706.9,691.2,700.0,0.56,28344.0,712.6,603.0
SCB,10/15/2024,700.0,714.0,691.0,702.0,0.29,13687.0,712.6,603.0
SCB,10/16/2024,711.0,711.0,701.0,709.0,1.0,14394.0,712.6,603.0
SCB,10/17/2024,710.0,715.0,707.0,710.0,0.14,22079.0,712.6,603.0
SCB,10/20/2024,700.0,709.6,695.0,703.3,-0.94,25045.0,712.6,603.0
SCB,10/21/2024,708.0,708.0,692.0,692.0,-1.61,22530.0,712.6,603.0
SCB,10/22/2024,688.2,698.0,685.0,687.5,-0.65,24363.0,712.6,603.0
SCB,10/23/2024,700.0,714.0,690.0,691.1,0.52,59792.0,712.6,603.0
SCB,10/24/2024,704.0,704.0,691.0,692.0,0.13,10568.0,712.6,603.0
SCB,10/27/2024,702.0,702.0,690.0,699.9,1.14,27021.0,712.6,603.0
SCB,10/28/2024,690.1,702.0,690.1,695.1,-0.69,26802.0,712.6,603.0
SCB,10/29/2024,701.0,703.5,696.1,699.0,0.56,25357.0,712.6,603.0
SCB,10/30/2024,712.9,765.0,712.9,738.5,5.65,213474.0,712.6,603.0
SCB,11/5/2024,748.0,752.0,735.0,736.0,-0.34,44235.0,712.6,603.0
SCB,11/6/2024,736.0,741.3,734.0,741.0,0.68,42928.0,712.6,603.0
SCB,11/10/2024,742.0,747.0,739.0,746.5,0.74,79420.0,712.6,603.0
SCB,11/11/2024,755.0,758.5,747.2,755.0,1.14,62474.0,712.6,603.0
SCB,11/12/2024,761.0,764.9,748.0,751.8,-0.42,60731.0,712.6,603.0
SCB,11/13/2024,751.8,760.0,749.0,750.6,-0.16,51884.0,712.6,603.0
SCB,11/14/2024,750.6,753.0,748.0,750.0,-0.08,50746.0,712.6,603.0
SCB,11/17/2024,765.0,765.0,746.1,746.3,-0.49,38390.0,712.6,603.0
SCB,11/19/2024,750.0,755.0,748.0,753.9,1.02,115641.0,712.6,603.0
SCB,11/20/2024,755.1,764.0,749.5,763.0,1.21,101465.0,712.6,603.0
SCB,11/21/2024,751.5,768.0,751.5,760.0,-0.39,48261.0,712.6,603.0
SCB,11/24/2024,769.0,769.0,756.0,762.0,0.26,45323.0,712.6,603.0
SCB,11/25/2024,764.0,765.0,760.1,764.0,0.26,65432.0,712.6,603.0
SCB,11/26/2024,779.2,779.2,756.0,760.0,-0.52,164621.0,712.6,603.0
SCB,11/27/2024,713.6,715.0,692.0,696.0,-8.42,70585.0,712.6,603.0
SCB,11/28/2024,685.0,696.0,681.0,682.0,-2.01,68389.0,712.6,603.0
SCB,12/1/2024,675.0,679.0,666.3,669.0,-1.91,48082.0,712.6,603.0
SCB,12/2/2024,670.0,675.0,663.0,664.0,-0.75,21131.0,712.6,603.0
SCB,12/3/2024,677.0,677.0,660.0,662.0,-0.3,24288.0,712.6,603.0
SCB,12/4/2024,675.2,675.2,657.0,660.0,-0.3,38999.0,712.6,603.0
SCB,12/5/2024,654.0,658.9,650.0,650.5,-1.44,34860.0,712.6,603.0
SCB,12/8/2024,662.0,662.0,638.0,641.0,-1.46,25890.0,712.6,603.0
SCB,12/9/2024,649.8,649.8,630.1,644.0,0.47,26921.0,712.6,603.0
SCB,12/10/2024,655.0,669.0,650.0,662.0,2.8,34954.0,712.6,603.0
SCB,12/11/2024,661.0,692.0,653.0,692.0,4.53,44286.0,712.6,603.0
SCB,12/12/2024,705.8,705.8,672.0,674.0,-2.6,40840.0,712.6,603.0
SCB,12/16/2024,680.0,680.0,665.0,675.0,0.15,25953.0,712.6,603.0
SCB,12/17/2024,668.0,680.0,666.0,672.0,-0.44,28147.0,712.6,603.0
SCB,12/18/2024,679.9,679.9,665.0,668.5,-0.52,28791.0,712.6,603.0
SCB,12/19/2024,666.0,673.0,662.0,667.0,-0.22,27177.0,712.6,603.0
SCB,12/22/2024,680.0,680.0,665.0,665.0,-0.3,62141.0,712.6,603.0
SCB,12/23/2024,678.3,678.3,659.3,668.0,0.45,49499.0,712.6,603.0
SCB,12/24/2024,665.0,675.0,660.0,666.0,-0.3,11079.0,712.6,603.0
SCB,12/26/2024,666.0,680.0,662.0,673.9,1.19,23840.0,712.6,603.0
SCB,12/29/2024,675.0,675.0,670.0,672.0,-0.28,10541.0,712.6,603.0
SCB,12/31/2024,685.4,685.4,667.0,670.0,-0.3,21235.0,712.6,603.0
SCB,1/1/2025,670.1,672.0,667.1,669.9,-0.01,7549.0,712.6,603.0
SCB,1/2/2025,666.0,674.0,666.0,671.0,0.16,12591.0,712.6,603.0
SCB,1/5/2025,671.0,673.0,668.6,671.0,0.0,17436.0,712.6,603.0
SCB,1/6/2025,668.1,679.7,668.0,679.0,1.19,20096.0,712.6,603.0
SCB,1/7/2025,692.5,692.5,675.0,682.0,0.44,16617.0,712.6,603.0
SCB,1/8/2025,687.0,689.0,677.0,682.0,0.0,19627.0,712.6,603.0
SCB,1/9/2025,681.1,688.0,676.1,677.0,-0.73,17610.0,712.6,603.0
SCB,1/12/2025,677.0,677.0,666.0,671.1,-0.87,6808.0,712.6,603.0
SCB,1/13/2025,675.0,675.0,667.2,670.3,-0.12,7827.0,712.6,603.0
SCB,1/15/2025,665.0,678.0,665.0,669.4,-0.13,12296.0,712.6,603.0
SCB,1/16/2025,667.0,672.0,666.7,667.5,-0.28,11342.0,712.6,603.0
SCB,1/19/2025,654.2,685.0,654.2,674.0,0.97,8281.0,712.6,603.0
SCB,1/20/2025,674.0,678.0,674.0,675.0,0.15,18591.0,712.6,603.0
SCB,1/21/2025,673.3,680.0,673.3,680.0,0.74,18174.0,712.6,603.0
SCB,1/22/2025,680.0,695.6,676.0,681.0,0.15,33037.0,712.6,603.0
SCB,1/23/2025,694.0,694.0,675.0,675.0,-0.88,14420.0,712.6,603.0
SCB,1/26/2025,668.0,685.0,668.0,677.3,0.34,16798.0,712.6,603.0
SCB,1/27/2025,671.1,679.9,667.6,672.0,-0.78,22825.0,712.6,603.0
SCB,1/28/2025,667.1,680.0,667.1,670.0,-0.3,18528.0,712.6,603.0
SCB,2/2/2025,670.0,680.0,670.0,677.0,1.04,20157.0,712.6,603.0
SCB,2/3/2025,682.0,688.0,677.3,679.8,0.41,15751.0,712.6,603.0
SCB,2/4/2025,689.0,689.0,680.5,683.9,0.6,16979.0,712.6,603.0
SCB,2/5/2025,695.0,695.0,679.2,680.0,-0.57,18012.0,712.6,603.0
SCB,2/6/2025,688.0,688.0,678.0,678.2,-0.26,12426.0,712.6,603.0
SCB,2/9/2025,665.0,691.8,665.0,675.0,-0.47,8297.0,712.6,603.0
SCB,2/10/2025,667.0,679.9,667.0,673.0,-0.3,19389.0,712.6,603.0
SCB,2/11/2025,672.0,674.5,670.0,670.0,-0.45,21936.0,712.6,603.0
SCB,2/12/2025,669.0,677.9,663.0,668.0,-0.3,30638.0,712.6,603.0
SCB,2/13/2025,672.0,672.0,654.6,658.0,-1.5,41230.0,712.6,603.0
SCB,2/16/2025,658.0,665.0,655.0,663.0,0.76,17882.0,712.6,603.0
SCB,2/17/2025,665.0,670.9,655.2,666.0,0.45,42904.0,712.6,603.0
SCB,2/18/2025,669.0,671.0,663.1,666.6,0.09,46889.0,712.6,603.0
SCB,2/20/2025,654.0,668.0,654.0,666.1,-0.08,32614.0,712.6,603.0
SCB,2/23/2025,652.8,670.0,652.8,663.0,-0.47,62200.0,712.6,603.0
SCB,2/24/2025,670.0,670.0,660.3,664.9,0.29,23683.0,712.6,603.0
SCB,2/25/2025,675.0,675.0,659.1,663.9,-0.15,41734.0,712.6,603.0
SCB,2/27/2025,677.1,689.0,670.0,672.3,1.27,34706.0,712.6,603.0
SCB,3/2/2025,672.0,683.0,670.0,683.0,1.59,56955.0,712.6,603.0
SCB,3/3/2025,680.1,689.0,677.0,677.1,-0.86,51748.0,712.6,603.0
SCB,3/4/2025,677.0,678.0,665.0,665.0,-1.79,37008.0,712.6,603.0
SCB,3/5/2025,664.0,669.0,659.1,663.0,-0.3,34311.0,712.6,603.0
SCB,3/6/2025,660.0,665.9,655.0,662.0,-0.15,37987.0,712.6,603.0
SCB,3/9/2025,650.0,663.0,650.0,655.2,-1.03,56771.0,712.6,603.0
SCB,3/10/2025,655.0,666.0,655.0,656.0,0.12,38917.0,712.6,603.0
SCB,3/11/2025,652.0,662.0,652.0,659.0,0.46,6490.0,712.6,603.0
SCB,3/12/2025,659.0,660.0,655.2,657.1,-0.29,12924.0,712.6,603.0
SCB,3/16/2025,661.0,663.5,650.0,653.0,-0.62,34978.0,712.6,603.0
SCB,3/17/2025,662.0,662.0,653.0,653.0,0.0,11963.0,712.6,603.0
SCB,3/18/2025,666.0,666.0,650.0,654.9,0.29,16220.0,712.6,603.0
SCB,3/19/2025,660.0,660.0,647.0,649.9,-0.76,30854.0,712.6,603.0
SCB,3/20/2025,646.1,650.0,640.0,641.41,-1.31,27304.0,712.6,603.0
SCB,3/23/2025,650.0,650.0,630.0,630.22,-1.74,24034.0,712.6,603.0
SCB,3/24/2025,630.0,634.0,620.1,631.02,0.13,22792.0,712.6,603.0
SCB,3/25/2025,630.0,631.0,622.2,626.01,-0.79,17121.0,712.6,603.0
SCB,3/26/2025,626.0,637.5,623.1,629.44,0.55,12014.0,712.6,603.0
SCB,3/27/2025,642.0,642.0,625.1,630.41,0.15,30032.0,712.6,603.0
SCB,3/30/2025,639.0,639.9,633.0,634.4,0.63,23762.0,712.6,603.0
SCB,4/1/2025,635.0,636.0,629.1,630.46,-0.62,12942.0,712.6,603.0
SCB,4/2/2025,643.0,643.0,630.0,633.72,0.52,14920.0,712.6,603.0
SCB,4/3/2025,643.0,643.0,630.2,635.7,0.31,18730.0,712.6,603.0
SCB,4/7/2025,648.4,648.4,635.0,635.34,-0.06,13561.0,712.6,603.0
SCB,4/8/2025,635.0,638.9,632.0,635.4,0.01,9729.0,712.6,603.0
SCB,4/9/2025,648.0,648.0,632.0,633.51,-0.3,16297.0,712.6,603.0
SCB,4/10/2025,640.0,643.0,630.0,631.09,-0.38,29316.0,712.6,603.0
SCB,4/13/2025,632.0,635.0,628.0,629.46,-0.26,12467.0,712.6,603.0
SCB,4/15/2025,642.0,642.0,630.0,631.07,0.26,12467.0,712.6,603.0
SCB,4/16/2025,643.0,643.0,632.1,634.32,0.51,13474.0,712.6,603.0
SCB,4/17/2025,642.0,642.0,630.1,635.87,0.24,20881.0,712.6,603.0
SCB,4/20/2025,636.0,636.0,622.3,630.07,-0.91,32096.0,712.6,603.0
SCB,4/21/2025,630.0,639.0,625.5,633.01,0.47,15962.0,712.6,603.0
SCB,4/22/2025,635.0,635.0,626.2,627.51,-0.87,10714.0,712.6,603.0
SCB,4/23/2025,637.9,637.9,609.1,620.1,-1.18,33745.0,712.6,603.0
SCB,4/24/2025,615.0,624.0,612.0,617.21,-0.47,18940.0,712.6,603.0
SCB,4/27/2025,617.21,630.0,610.0,613.3,-0.63,62465.0,712.6,603.0
SCB,4/28/2025,610.2,615.0,610.2,613.53,0.04,11379.0,712.6,603.0
SCB,4/29/2025,611.0,625.0,608.0,608.36,-0.84,19648.0,712.6,603.0
SCB,4/30/2025,608.36,612.0,600.0,601.42,-1.14,26084.0,712.6,603.0
SCB,5/4/2025,603.2,606.8,603.0,603.63,0.37,17590.0,712.6,603.0
SCB,5/5/2025,601.0,605.0,600.0,602.09,-0.26,13041.0,712.6,603.0
SCB,5/6/2025,602.5,603.0,597.1,600.24,-0.31,11897.0,712.6,603.0
SCB,5/7/2025,600.0,614.8,600.0,612.13,1.98,10427.0,712.6,603.0
SCB,5/8/2025,602.0,610.9,602.0,607.56,-0.75,13787.0,712.6,603.0
SCB,5/11/2025,607.0,609.0,603.1,605.59,-0.32,8913.0,712.6,603.0
SCB,5/13/2025,607.0,610.0,600.0,603.09,-0.41,16124.0,712.6,603.0
SCB,5/14/2025,603.09,605.0,601.0,602.14,-0.16,9926.0,712.6,603.0
SCB,5/15/2025,603.0,607.0,600.0,602.7,0.09,13691.0,712.6,603.0
SCB,5/18/2025,602.7,606.0,600.0,602.09,-0.1,13367.0,712.6,603.0
SCB,5/19/2025,602.09,610.0,600.1,603.24,0.19,9746.0,712.6,603.0
SCB,5/20/2025,609.0,611.0,600.0,608.71,0.91,12273.0,712.6,603.0
SCB,5/21/2025,620.8,633.2,611.5,612.15,0.57,19399.0,712.6,603.0
SCB,5/22/2025,618.0,626.0,608.0,623.7,1.89,29386.0,712.6,603.0
SCB,5/25/2025,621.0,636.1,620.0,622.43,-0.2,13129.0,712.6,603.0
SCB,5/26/2025,634.8,634.8,625.0,627.09,0.75,22352.0,712.6,603.0
SCB,5/27/2025,630.0,632.9,621.0,627.36,0.04,9510.0,712.6,603.0
SCB,5/28/2025,637.0,637.0,621.3,628.67,0.21,13649.0,712.6,603.0
SCB,6/2/2025,640.0,642.0,630.0,630.36,0.27,22770.0,712.6,603.0
SCB,6/3/2025,638.0,638.0,624.0,624.57,-0.92,20833.0,712.6,603.0
SCB,6/4/2025,625.0,635.0,618.0,619.6,-0.8,13396.0,712.6,603.0
SCB,6/5/2025,630.0,630.0,608.1,609.19,-1.68,19291.0,712.6,603.0
SCB,6/8/2025,605.0,614.0,605.0,606.52,-0.44,14672.0,712.6,603.0
SCB,6/9/2025,612.0,615.0,605.0,612.85,1.04,10269.0,712.6,603.0
SCB,6/10/2025,618.0,622.0,610.0,611.96,-0.15,9761.0,712.6,603.0
SCB,6/11/2025,623.8,623.9,612.1,615.0,0.5,11336.0,712.6,603.0
SCB,6/12/2025,625.0,625.0,609.0,609.44,-0.9,14922.0,712.6,603.0
SCB,6/15/2025,608.0,612.0,608.0,610.33,0.15,29064.0,712.6,603.0
SCB,6/16/2025,610.5,615.0,610.0,612.56,0.37,11266.0,712.6,603.0
SCB,6/17/2025,613.0,614.0,610.1,613.42,0.14,8138.0,712.6,603.0
SCB,6/18/2025,613.42,618.0,609.3,614.72,0.21,7312.0,712.6,603.0
SCB,6/19/2025,610.0,614.9,610.0,612.88,-0.3,12495.0,712.6,603.0
SCB,6/22/2025,613.0,613.0,609.1,610.01,-0.47,20313.0,712.6,603.0
SCB,6/23/2025,610.0,615.0,610.0,612.7,0.44,7393.0,712.6,603.0
SCB,6/24/2025,612.2,617.0,611.0,611.67,-0.17,12089.0,712.6,603.0
SCB,6/25/2025,610.0,619.5,610.0,612.54,0.14,5919.0,712.6,603.0
SCB,6/26/2025,610.0,615.0,610.0,612.87,0.05,8281.0,712.6,603.0
SCB,6/29/2025,619.0,619.0,612.0,615.12,0.37,9551.0,712.6,603.0
SCB,6/30/2025,615.0,621.0,612.0,618.08,0.48,10495.0,712.6,603.0
SCB,7/1/2025,618.0,620.0,615.4,618.03,-0.01,7481.0,712.6,603.0
SCB,7/2/2025,616.2,628.0,616.2,624.74,1.09,11082.0,712.6,603.0
SCB,7/3/2025,620.5,674.0,620.5,643.1,2.94,37435.0,712.6,603.0
SCB,7/6/2025,643.1,645.0,633.0,642.75,-0.05,25931.0,712.6,603.0
SCB,7/7/2025,642.0,648.0,635.0,638.26,-0.7,22129.0,712.6,603.0
SCB,7/8/2025,635.1,640.0,631.0,635.82,-0.38,18997.0,712.6,603.0
SCB,7/9/2025,644.0,644.0,636.2,643.08,1.14,35636.0,712.6,603.0
SCB,7/10/2025,643.0,657.0,643.0,655.57,1.94,56467.0,712.6,603.0
SCB,7/13/2025,642.5,679.9,642.5,667.0,1.74,70142.0,712.6,603.0
SCB,7/14/2025,674.0,677.0,653.0,655.11,-1.78,21829.0,712.6,603.0
SCB,7/15/2025,662.8,662.8,645.0,648.44,-1.02,52557.0,712.6,603.0
SCB,7/16/2025,661.4,667.0,653.0,656.1,1.18,110187.0,712.6,603.0
SCB,7/17/2025,661.0,670.3,650.1,668.39,1.87,54394.0,712.6,603.0
SCB,7/20/2025,681.7,681.7,667.0,670.17,0.27,52292.0,712.6,603.0
SCB,7/21/2025,670.2,670.2,660.0,664.39,-0.86,25207.0,712.6,603.0
SCB,7/22/2025,670.0,677.0,665.0,674.61,1.54,67646.0,712.6,603.0
SCB,7/23/2025,675.0,675.0,661.2,670.09,-0.67,54717.0,712.6,603.0
SCB,7/24/2025,668.1,672.0,665.0,670.91,0.12,24626.0,712.6,603.0
SCB,7/27/2025,670.0,674.8,665.0,666.72,-0.62,34558.0,712.6,603.0
SCB,7/28/2025,660.1,664.0,657.0,661.91,-0.72,42716.0,712.6,603.0
SCB,7/29/2025,666.0,675.0,662.0,665.98,0.61,40515.0,712.6,603.0
SCB,7/30/2025,673.0,679.0,659.0,660.12,-0.88,26079.0,712.6,603.0
SCB,7/31/2025,660.0,660.0,650.2,650.71,-1.43,29239.0,712.6,603.0
SCB,8/3/2025,650.0,650.0,637.2,637.64,-2.01,51219.0,712.6,603.0
SCB,8/4/2025,649.0,701.0,634.4,657.74,3.15,59656.0,712.6,603.0
SCB,8/5/2025,670.0,680.0,644.0,645.52,-1.86,65370.0,712.6,603.0
SCB,8/6/2025,648.0,650.0,638.0,643.09,-0.38,40792.0,712.6,603.0
SCB,8/7/2025,646.3,647.0,638.3,643.93,0.13,13098.0,712.6,603.0
SCB,8/11/2025,656.7,669.7,645.5,647.13,0.5,21700.0,712.6,603.0
SCB,8/12/2025,658.0,658.0,630.5,639.98,-1.1,27289.0,712.6,603.0
SCB,8/13/2025,640.0,641.0,635.1,639.32,-0.1,15501.0,712.6,603.0
SCB,8/14/2025,639.0,640.0,635.0,637.46,-0.29,12418.0,712.6,603.0
SCB,8/17/2025,638.0,639.8,624.0,628.26,-1.44,41677.0,712.6,603.0
SCB,8/18/2025,625.0,628.0,619.0,624.57,-0.59,28522.0,712.6,603.0
SCB,8/19/2025,634.8,634.8,625.5,629.28,0.75,8775.0,712.6,603.0
SCB,8/20/2025,630.0,631.0,626.0,627.42,-0.3,10590.0,712.6,603.0
SCB,8/21/2025,629.0,629.0,624.0,626.12,-0.21,12319.0,712.6,603.0
SCB,8/24/2025,624.0,627.5,623.3,625.35,-0.12,15149.0,712.6,603.0
SCB,8/25/2025,620.2,626.9,620.2,622.83,-0.4,13483.0,712.6,603.0
SCB,8/26/2025,633.0,633.0,623.0,626.45,0.58,8993.0,712.6,603.0
SCB,8/27/2025,634.0,634.0,625.6,631.31,0.78,8359.0,712.6,603.0
SCB,8/28/2025,623.0,634.7,623.0,630.26,-0.17,13295.0,712.6,603.0
SCB,8/31/2025,628.0,635.0,619.0,634.1,0.61,21876.0,712.6,603.0
SCB,9/1/2025,625.0,681.0,625.0,659.97,4.08,106420.0,712.6,603.0
SCB,9/2/2025,670.0,679.3,657.0,661.75,0.27,119242.0,712.6,603.0
SCB,9/3/2025,668.8,668.8,653.0,654.46,-1.1,20734.0,712.6,603.0
SCB,9/4/2025,650.0,659.9,642.0,651.75,-0.41,24639.0,712.6,603.0
SCB,9/7/2025,659.0,659.0,637.0,642.44,-1.43,23683.0,712.6,603.0
SCB,9/8/2025,630.1,640.0,630.0,631.7,-1.67,12381.0,712.6,603.0
SCB,9/18/2025,619.1,619.1,605.0,607.0,-3.91,2917.0,712.6,603.0
SCB,9/21/2025,594.9,627.0,594.9,618.27,1.86,74579.0,712.6,603.0
SCB,9/23/2025,629.5,635.0,620.1,634.0,2.54,16046.0,712.6,603.0
SCB,9/24/2025,634.0,638.9,625.8,632.0,-0.32,15152.0,712.6,603.0
SCB,9/25/2025,628.5,633.0,620.0,624.1,-1.25,28886.0,712.6,603.0
SCB,9/28/2025,636.0,636.0,626.0,630.0,0.95,5718.0,712.6,603.0
SCB,10/7/2025,639.5,639.5,618.3,625.0,-0.79,43949.0,712.6,603.0
SCB,10/8/2025,620.0,623.0,610.0,620.0,-0.8,19576.0,712.6,603.0
SCB,10/9/2025,632.4,647.0,625.3,625.3,0.85,30979.0,712.6,603.0
SCB,10/12/2025,616.1,628.0,609.0,617.0,-1.33,40272.0,712.6,603.0
SCB,10/13/2025,629.3,629.3,610.0,615.3,-0.28,20047.0,712.6,603.0
SCB,10/14/2025,625.0,625.0,612.5,614.2,-0.18,9633.0,712.6,603.0
SCB,10/15/2025,625.8,625.8,610.1,615.0,0.13,15650.0,712.6,603.0
SCB,10/16/2025,625.0,625.0,603.0,613.0,-0.33,24469.0,712.6,603.0
SCB,10/19/2025,615.0,635.5,614.0,629.0,2.61,89818.0,712.6,603.0
SCB,10/26/2025,629.0,629.0,620.0,627.0,-0.32,14318.0,712.6,603.0
SCB,10/28/2025,629.5,635.2,629.0,632.5,0.88,19279.0,712.6,603.0
SCB,10/29/2025,630.0,637.0,630.0,632.5,0.0,19531.0,712.6,603.0
SCB,10/30/2025,630.0,638.9,627.1,636.0,0.55,26451.0,712.6,603.0
SCB,11/2/2025,648.7,648.7,630.3,638.0,0.31,15940.0,712.6,603.0
SCB,11/3/2025,639.0,647.0,632.2,643.0,0.78,23579.0,712.6,603.0
SCB,11/4/2025,637.5,644.0,635.2,637.0,-0.93,15878.0,712.6,603.0
SCB,11/5/2025,635.0,643.0,635.0,641.8,0.75,17725.0,712.6,603.0
SCB,11/6/2025,634.1,645.0,634.1,638.0,-0.59,35160.0,712.6,603.0
SCB,11/9/2025,644.0,644.0,634.5,636.0,-0.31,29856.0,712.6,603.0
SCB,11/10/2025,641.0,641.0,635.1,639.8,0.6,27302.0,712.6,603.0
SCB,11/11/2025,645.0,645.0,637.0,641.0,0.19,18611.0,712.6,603.0
SCB,11/12/2025,642.0,642.0,635.0,639.0,-0.31,16743.0,712.6,603.0
SCB,11/13/2025,635.0,639.1,635.0,637.0,-0.31,10261.0,712.6,603.0
SCB,11/16/2025,635.1,640.0,630.1,632.1,-0.77,10837.0,712.6,603.0
SCB,11/17/2025,632.0,640.0,631.1,636.0,0.62,13316.0,712.6,603.0
SCB,11/18/2025,633.0,639.5,633.0,636.2,0.03,10579.0,712.6,603.0
SCB,11/19/2025,637.0,639.9,633.5,636.9,0.11,11815.0,712.6,603.0
SCB,11/20/2025,643.0,643.0,633.0,637.0,0.02,9825.0,712.6,603.0
SCB,11/23/2025,637.1,643.0,637.1,641.0,0.63,25737.0,712.6,603.0
SCB,11/24/2025,645.0,648.8,643.0,646.0,0.78,42052.0,712.6,603.0
SCB,11/25/2025,648.5,650.0,643.0,649.0,0.46,33381.0,712.6,603.0
SCB,11/26/2025,650.0,656.0,648.1,655.0,0.92,55079.0,712.6,603.0
SCB,11/27/2025,657.0,661.8,656.0,660.0,0.76,59896.0,712.6,603.0
SCB,11/30/2025,664.9,669.0,660.4,665.0,0.76,47892.0,712.6,603.0
SCB,12/1/2025,663.0,666.9,657.0,665.8,0.12,110362.0,712.6,603.0
SCB,12/2/2025,652.5,652.5,635.0,640.0,-3.88,48374.0,712.6,603.0
SCB,12/3/2025,640.0,641.0,627.4,631.0,-1.41,24352.0,712.6,603.0
SCB,12/7/2025,630.0,630.0,621.4,623.0,-1.27,33143.0,712.6,603.0
SCB,12/8/2025,625.0,626.0,619.0,621.0,-0.32,17924.0,712.6,603.0
SCB,12/9/2025,625.0,625.1,620.0,622.0,0.16,11221.0,712.6,603.0
SCB,12/10/2025,623.0,625.0,620.1,623.0,0.16,22235.0,712.6,603.0
SCB,12/11/2025,624.7,625.0,621.1,622.0,-0.16,27364.0,712.6,603.0
SCB,12/14/2025,629.9,630.0,622.1,623.9,0.31,14221.0,712.6,603.0
SCB,12/15/2025,623.9,628.0,623.0,625.1,0.19,22027.0,712.6,603.0
SCB,12/16/2025,622.1,630.0,622.1,625.0,-0.02,18432.0,712.6,603.0
SCB,12/17/2025,629.0,629.8,625.0,628.0,0.48,14270.0,712.6,603.0
SCB,12/18/2025,625.0,628.0,621.0,625.4,-0.41,8156.0,712.6,603.0
SCB,12/21/2025,625.0,629.8,624.0,627.0,0.26,14748.0,712.6,603.0
SCB,12/22/2025,622.2,631.0,614.5,623.2,-0.61,31480.0,712.6,603.0
SCB,12/23/2025,623.0,634.0,622.0,626.0,0.45,7226.0,712.6,603.0
SCB,12/24/2025,625.0,630.0,623.0,624.8,-0.19,17735.0,712.6,603.0
SCB,12/28/2025,622.0,630.0,622.0,629.0,0.67,15592.0,712.6,603.0
SCB,12/29/2025,631.0,634.9,626.2,626.5,-0.4,8987.0,712.6,603.0
SCB,12/31/2025,630.0,634.0,624.1,631.0,0.72,12802.0,712.6,603.0
SCB,1/1/2026,638.0,638.0,627.1,632.0,0.16,24484.0,712.6,603.0
SCB,1/4/2026,627.0,633.0,627.0,632.0,0.0,15776.0,712.6,603.0
SCB,1/5/2026,636.0,636.0,628.2,631.9,-0.02,19360.0,712.6,603.0
SCB,1/6/2026,639.9,639.9,628.4,635.0,0.49,54373.0,712.6,603.0
SCB,1/7/2026,635.0,641.9,630.2,638.0,0.47,45060.0,712.6,603.0
SCB,1/8/2026,638.9,642.4,638.0,640.0,0.31,25322.0,712.6,603.0
SCB,1/12/2026,641.8,641.9,636.0,636.0,-0.62,12219.0,712.6,603.0
SCB,1/13/2026,642.7,699.0,625.0,633.1,-0.46,15863.0,712.6,603.0
SCB,1/14/2026,633.1,639.9,630.1,631.4,-0.27,14973.0,712.6,603.0
SCB,1/18/2026,632.5,636.0,631.4,633.1,0.27,11893.0,712.6,603.0
SCB,1/20/2026,630.0,642.0,630.0,640.6,1.18,20233.0,712.6,603.0
SCB,1/21/2026,638.0,642.0,636.0,638.0,-0.41,20013.0,712.6,603.0
SCB,1/22/2026,634.6,642.5,628.0,631.0,-1.1,54460.0,712.6,603.0
SCB,1/25/2026,631.5,642.0,631.5,637.2,0.98,17448.0,712.6,603.0
SCB,1/26/2026,635.0,640.0,632.1,635.0,-0.35,24899.0,712.6,603.0
SCB,1/27/2026,635.0,640.0,630.2,633.2,-0.28,18551.0,712.6,603.0
SCB,1/28/2026,633.0,639.0,630.1,634.7,0.24,15258.0,712.6,603.0
SCB,1/29/2026,628.1,633.0,628.1,630.0,-0.74,39369.0,712.6,603.0
SCB,2/1/2026,630.0,633.9,628.1,631.5,0.24,22323.0,712.6,603.0
SCB,2/2/2026,635.0,635.0,629.5,631.5,0.0,35979.0,712.6,603.0
SCB,2/3/2026,631.5,634.5,631.1,633.0,0.24,28318.0,712.6,603.0
SCB,2/4/2026,621.0,635.0,621.0,631.0,-0.32,11041.0,712.6,603.0
SCB,2/5/2026,628.1,640.0,628.1,639.9,1.41,27507.0,712.6,603.0
SCB,2/8/2026,639.9,640.8,633.3,638.0,-0.3,27351.0,712.6,603.0
SCB,2/9/2026,641.0,641.0,633.0,635.1,-0.45,12711.0,712.6,603.0
SCB,2/10/2026,635.0,638.0,632.1,638.0,0.46,16846.0,712.6,603.0
SCB,2/11/2026,642.0,645.0,632.1,640.0,0.31,15782.0,712.6,603.0
SCB,2/12/2026,639.0,641.0,636.2,637.6,-0.37,18299.0,712.6,603.0
SCB,2/16/2026,640.0,640.0,636.0,640.0,0.38,33111.0,712.6,603.0
SCB,2/17/2026,640.0,640.8,629.2,640.8,0.12,50691.0,712.6,603.0
SCB,2/22/2026,653.6,653.6,630.0,637.0,-0.59,16872.0,712.6,603.0
SCB,2/23/2026,637.0,641.0,634.1,640.0,0.47,18763.0,712.6,603.0
SCB,2/24/2026,640.0,648.0,638.0,648.0,1.25,21552.0,712.6,603.0
SCB,2/25/2026,649.9,649.9,638.9,642.2,-0.9,14223.0,712.6,603.0
SCB,2/26/2026,643.1,652.0,643.0,647.1,0.76,24303.0,712.6,603.0
SCB,2/27/2026,643.1,652.0,643.0,647.1,0.0,24303.0,712.6,603.0
SCB,2/28/2026,643.1,652.0,643.0,647.1,0.0,24303.0,712.6,603.0
SCB,3/2/2026,647.0,651.0,641.1,647.2,0.02,14211.0,712.6,603.0
SCB,3/3/2026,647.2,652.0,642.1,650.0,0.43,9794.0,712.6,603.0
SCB,3/4/2026,647.2,652.0,642.1,650.0,0.0,9794.0,712.6,603.0
SCB,3/5/2026,647.2,652.0,642.1,650.0,0.0,9794.0,712.6,603.0
SCB,3/6/2026,647.2,652.0,642.1,650.0,0.0,9794.0,712.6,603.0
SCB,3/7/2026,647.2,652.0,642.1,650.0,0.0,9794.0,712.6,603.0
SCB,3/8/2026,647.2,652.0,642.1,650.0,0.0,9794.0,712.6,603.0
SCB,3/9/2026,663.0,698.7,663.0,698.7,7.49,460.0,712.6,603.0
SCB,3/10/2026,712.0,712.6,653.3,685.0,-1.96,82493.0,712.6,603.0
SCB,3/11/2026,698.1,698.1,665.0,665.0,-2.92,12196.0,712.6,603.0
SCB,3/12/2026,665.0,669.0,660.1,668.0,0.45,21163.0,712.6,603.0
SCB,3/13/2026,665.0,669.0,660.1,668.0,0.0,21163.0,712.6,603.0
SCB,3/14/2026,665.0,669.0,660.1,668.0,0.0,21163.0,712.6,603.0
SCB,3/15/2026,675.0,675.0,663.0,667.0,-0.15,13467.0,712.6,603.0
SCB,3/16/2026,653.7,669.0,653.7,658.0,-1.35,20686.0,712.6,603.0
SCB,3/17/2026,664.0,664.9,655.0,663.0,0.76,9078.0,712.6,603.0
SCB,3/18/2026,664.0,664.9,655.0,663.0,0.0,9078.0,712.6,603.0
SCB,3/19/2026,670.0,673.0,663.8,667.4,0.66,40079.0,712.6,603.0
SCB,3/20/2026,670.0,673.0,663.8,667.4,0.0,40079.0,712.6,603.0
SCB,3/21/2026,670.0,673.0,663.8,667.4,0.0,40079.0,712.6,603.0
SCB,3/22/2026,670.0,679.0,662.5,673.0,0.84,38779.0,712.6,603.0
SCB,3/23/2026,684.0,684.0,673.0,679.0,0.89,29479.0,712.6,603.0
SCB,3/24/2026,683.9,683.9,679.0,680.0,0.15,35672.0,712.6,603.0
SCB,3/25/2026,693.6,693.6,676.0,678.9,-0.16,26166.0,712.6,603.0
SCB,3/26/2026,673.0,679.0,670.0,677.0,0.59,14816.0,712.6,603.0
SCB,3/29/2026,680.0,680.0,663.5,669.0,-1.62,38887.0,712.6,603.0
SCB,3/30/2026,656.1,679.0,654.0,655.0,-0.17,18093.0,712.6,603.0
SCB,3/31/2026,651.0,660.0,646.3,659.0,1.23,17316.0,712.6,603.0
SCB,4/1/2026,660.0,660.0,648.0,650.0,-1.52,24372.0,712.6,603.0
SCB,4/2/2026,646.1,653.9,645.0,653.5,1.15,21410.0,712.6,603.0
SCB,4/5/2026,650.0,650.0,637.3,640.3,-1.49,36523.0,712.6,603.0
SCB,4/6/2026,640.0,655.0,639.0,642.0,0.31,18284.0,712.6,603.0
SCB,4/7/2026,642.3,653.8,642.1,648.0,0.89,11479.0,712.6,603.0
SCB,4/8/2026,650.0,653.5,645.0,649.0,-0.15,12367.0,712.6,603.0
SCB,4/9/2026,651.9,658.0,641.7,655.0,0.48,27670.0,712.6,603.0
SCB,4/10/2026,650.0,656.0,649.0,655.5,0.85,24520.0,712.6,603.0
SCB,4/13/2026,655.0,657.6,648.0,651.0,-0.61,8316.0,712.6,603.0
SCB,4/15/2026,655.0,659.0,651.0,658.9,0.6,10631.0,712.6,603.0
SCB,4/16/2026,655.0,660.0,650.3,660.0,0.76,11086.0,712.6,603.0
SCB,4/17/2026,659.9,659.9,652.1,658.9,-0.15,12279.0,712.6,603.0
SCB,4/20/2026,665.1,665.1,651.0,654.0,-1.67,10777.0,712.6,603.0
SCB,4/21/2026,658.0,658.0,651.0,652.5,-0.84,10277.0,712.6,603.0
SCB,4/22/2026,650.0,650.0,634.1,648.0,-0.31,7133.0,712.6,603.0
SCB,4/23/2026,654.0,654.0,643.2,646.0,-1.22,12008.0,712.6,603.0
SCB,4/24/2026,635.2,650.0,635.2,650.0,2.33,7573.0,712.6,603.0
SCB,4/27/2026,650.0,664.9,645.0,647.5,-0.38,6877.0,712.6,603.0
SCB,4/28/2026,647.5,649.5,642.0,643.0,-0.69,5780.0,712.6,603.0
SCB,4/29/2026,643.0,640.1,638.3,639.4,-0.56,7418.0,712.6,603.0
SCB,4/30/2026,639.0,640.4,635.0,639.0,0.0,14186.0,712.6,603.0
SCB,5/4/2026,639.0,647.4,634.2,641.0,0.31,11750.0,712.6,603.0
SCB,5/5/2026,627.0,642.0,626.0,637.5,1.67,3039.0,712.6,603.0
SCB,5/6/2026,636.1,641.5,636.1,640.9,0.75,5579.0,712.6,603.0
SCB,5/7/2026,636.1,644.6,636.1,642.0,0.93,2840.0,712.6,603.0
SCB,5/8/2026,649.9,649.9,642.0,645.2,-0.72,4125.0,712.6,603.0
SCB,5/11/2026,650.0,650.0,644.0,645.2,-0.74,6891.0,712.6,603.0
SCB,5/12/2026,646.1,650.0,641.3,647.0,0.14,9392.0,712.6,603.0
SCB,5/13/2026,642.0,646.0,640.09,645.9,0.61,4877.0,712.6,603.0
SCB,5/14/2026,645.9,647.0,643.0,647.0,0.17,8884.0,712.6,603.0
SCB,5/15/2026,654.0,654.0,642.0,649.0,-0.76,2415.0,712.6,603.0
SCB,5/18/2026,680.0,680.0,640.09,647.0,-4.85,3008.0,712.6,603.0
SCB,5/19/2026,664.9,664.9,640.2,642.5,-3.37,9723.0,712.6,603.0
SCB,5/20/2026,655.0,655.0,637.0,653.5,-0.23,24929.0,712.6,603.0
SCB,5/21/2026,653.5,659.9,642.0,650.0,-0.54,4495.0,712.6,603.0
SCB,5/22/2026,653.5,660.0,648.0,653.2,-0.05,5706.0,712.6,603.0
SCB,5/25/2026,664.3,664.3,653.1,659.9,-0.66,16845.0,712.6,603.0
SCB,5/26/2026,664.8,664.8,655.1,659.8,-0.75,12930.0,712.6,603.0
SCB,5/27/2026,664.9,664.9,655.0,658.9,-0.9,7085.0,712.6,603.0
SCB,6/1/2026,658.0,661.0,642.0,656.0,-0.3,7325.0,712.6,603.0
SCB,6/2/2026,663.9,663.9,651.0,656.0,-1.19,8914.0,712.6,603.0
SCB,6/3/2026,656.0,660.0,652.0,657.0,0.15,7361.0,712.6,603.0
SCB,6/4/2026,663.0,663.0,643.6,658.5,-0.68,15797.0,712.6,603.0
SCB,6/5/2026,655.1,662.0,653.2,657.1,0.31,8064.0,712.6,603.0
SCB,6/8/2026,650.6,664.9,650.6,653.0,0.37,6816.0,712.6,603.0
SCB,6/9/2026,653.0,660.0,649.0,655.0,0.31,10104.0,712.6,603.0
SCB,6/10/2026,655.0,660.0,650.0,658.0,0.46,3081.0,712.6,603.0
SCB,6/11/2026,659.0,660.0,648.2,650.0,-1.37,6996.0,712.6,603.0
SCB,6/12/2026,651.0,655.0,648.3,649.1,-0.29,2434.0,712.6,603.0
SCB,6/15/2026,650.0,659.9,645.1,650.0,0.0,2646.0,712.6,603.0
SCB,6/16/2026,655.0,655.0,648.5,650.0,-0.76,2142.0,712.6,603.0
SCB,6/17/2026,655.0,655.0,647.0,647.0,-1.22,7445.0,712.6,603.0
SCB,6/18/2026,615.0,655.0,615.0,648.8,5.5,6832.0,712.6,603.0
SCB,6/19/2026,648.7,650.0,646.1,649.1,0.06,12222.0,712.6,603.0
SCB,6/22/2026,655.0,655.0,645.2,646.2,-1.34,3446.0,712.6,603.0
SCB,6/23/2026,646.2,646.2,645.0,645.5,-0.11,3759.0,712.6,603.0
SCB,6/24/2026,644.3,644.3,639.5,640.1,-0.65,46033.0,712.6,603.0
SCB,6/26/2026,659.0,659.0,640.1,641.8,-2.61,6161.0,712.6,603.0
SCB,6/29/2026,654.0,654.0,640.09,641.0,-1.99,6638.0,712.6,603.0
SCB,6/30/2026,641.0,650.0,640.0,641.0,0.0,14142.0,712.6,603.0
SCB,7/1/2026,650.0,650.0,640.0,641.0,-1.38,21494.0,712.6,603.0
SCB,7/2/2026,645.0,649.8,640.4,647.0,0.31,13552.0,712.6,603.0
SCB,7/3/2026,647.0,650.0,645.0,648.0,0.15,6192.0,712.6,603.0
SCB,7/6/2026,645.0,648.0,640.0,641.0,-0.62,6074.0,712.6,603.0
SCB,7/7/2026,649.9,649.9,640.0,646.0,-0.6,20745.0,712.6,603.0
SCB,7/8/2026,642.0,649.7,640.0,640.0,-0.31,11710.0,712.6,603.0
SCB,7/9/2026,645.0,648.0,638.0,642.0,-0.47,14689.0,712.6,603.0
SCB,7/10/2026,650.0,650.0,635.2,638.0,-1.85,18019.0,712.6,603.0
SCB,7/13/2026,638.0,639.1,635.0,637.0,-0.16,20869.0,712.6,603.0
SCB,7/14/2026,635.0,639.0,634.0,635.5,0.08,22831.0,712.6,603.0
SCB,7/15/2026,649.0,649.0,636.0,643.5,-0.85,7822.0,712.6,603.0
SCB,7/16/2026,639.0,668.0,639.0,666.1,4.24,14522.0,712.6,603.0
SCB,7/17/2026,664.5,664.5,656.2,662.9,-0.24,7453.0,712.6,603.0
SCB,7/20/2026,664.0,665.0,659.1,665.0,0.15,4716.0,712.6,603.0
SCB,7/21/2026,665.0,670.0,660.0,663.9,-0.17,8964.0,712.6,603.0
SCB,7/22/2026,661.0,661.0,644.0,658.1,-0.44,3467.0,712.6,603.0
SCB,7/23/2026,625.2,670.0,625.2,655.2,4.8,1974.0,712.6,603.0
SCB,7/24/2026,655.09,660.0,651.0,651.0,-0.62,17211.0,712.6,603.0
SCB,7/27/2026,618.5,662.0,618.5,654.0,5.74,17457.0,712.6,603.0
SCB,7/28/2026,656.0,660.0,650.0,655.0,-0.15,5553.0,712.6,603.0
SCB,7/29/2026,650.1,659.0,641.0,657.0,1.06,12523.0,712.6,603.0
SCB,7/30/2026,660.8,660.8,650.3,652.0,-1.33,3198.0,712.6,603.0
SCB,7/31/2026,657.9,657.9,645.2,651.0,-1.05,10797.0,712.6,603.0
SCB,8/3/2026,618.5,665.0,618.5,651.0,5.25,17434.0,712.6,603.0
SCB,8/4/2026,665.0,665.0,646.1,652.6,-1.86,19934.0,712.6,603.0
SCB,8/5/2026,662.0,662.0,650.1,655.9,-0.92,8907.0,712.6,603.0
SCB,8/6/2026,625.0,665.0,625.0,654.0,4.64,15658.0,712.6,603.0
SCB,8/7/2026,663.9,663.9,647.0,648.0,-2.39,8192.0,712.6,603.0
SCB,8/10/2026,648.1,658.0,643.2,643.2,-0.76,7703.0,712.6,603.0
SCB,8/11/2026,653.0,653.0,642.0,649.3,-0.57,12584.0,712.6,603.0
SCB,8/12/2026,650.0,654.0,646.0,650.0,0.0,4802.0,712.6,603.0
SCB,8/13/2026,650.0,659.9,646.0,658.0,1.23,8897.0,712.6,603.0
SCB,8/14/2026,655.0,659.9,654.0,659.9,0.75,5995.0,712.6,603.0
SCB,8/17/2026,659.9,659.9,644.0,649.0,-1.65,7753.0,712.6,603.0
SCB,8/18/2026,660.0,660.0,646.2,650.0,-1.52,5419.0,712.6,603.0
SCB,8/19/2026,661.0,661.0,645.1,650.0,-1.66,6223.0,712.6,603.0
SCB,8/20/2026,654.0,654.0,647.0,650.0,-0.61,5957.0,712.6,603.0
SCB,8/21/2026,651.0,655.0,648.0,650.0,-0.15,2936.0,712.6,603.0
SCB,8/24/2026,652.0,655.0,648.1,648.5,-0.54,3942.0,712.6,603.0
SCB,8/25/2026,648.0,653.0,642.2,651.0,0.46,6371.0,712.6,603.0
SCB,8/26/2026,646.0,651.0,642.0,644.0,-0.31,4572.0,712.6,603.0
SCB,8/27/2026,644.0,650.0,640.7,645.0,0.16,8398.0,712.6,603.0
SCB,8/31/2026,650.0,654.9,641.1,642.3,-1.18,10921.0,712.6,603.0
SCB,9/1/2026,645.0,650.0,641.1,647.0,0.31,6507.0,712.6,603.0
SCB,9/2/2026,654.7,654.7,643.0,645.1,-1.47,4028.0,712.6,603.0
SCB,9/3/2026,645.1,651.0,644.0,645.5,0.06,19963.0,712.6,603.0
SCB,9/7/2026,660.0,660.0,647.0,649.1,-1.65,6334.0,712.6,603.0
SCB,9/9/2026,649.0,654.9,649.0,651.1,0.32,9478.0,712.6,603.0
SCB,9/10/2026,652.0,654.9,644.0,645.1,-1.06,14578.0,712.6,603.0
SCB,9/11/2026,647.1,652.0,645.0,648.0,0.14,10449.0,712.6,603.0
SCB,9/14/2026,655.0,655.0,645.0,650.0,-0.76,10522.0,712.6,603.0
SCB,9/15/2026,682.0,682.0,651.0,653.0,-4.25,10110.0,712.6,603.0
SCB,9/16/2026,655.0,657.0,650.1,650.1,-0.75,6942.0,712.6,603.0
SCB,9/17/2026,651.2,656.0,651.2,655.0,0.58,20223.0,712.6,603.0
SCB,9/18/2026,655.1,660.0,655.1,657.0,0.29,11505.0,712.6,603.0
SCB,9/22/2026,660.0,661.0,656.6,657.0,-0.45,16227.0,712.6,603.0
SCB,9/23/2026,689.8,689.8,651.0,655.2,-5.02,12907.0,712.6,603.0
SCB,9/24/2026,655.0,660.0,655.0,657.2,0.34,7152.0,712.6,603.0
SCB,9/28/2026,656.0,662.0,655.0,660.0,0.61,12744.0,712.6,603.0
SCB,9/29/2026,664.6,664.6,659.6,0.0,-100.0,7549.0,712.6,603.0
SCB,9/30/2026,628.0,664.9,628.0,659.0,4.94,8041.0,712.6,603.0
SCB,10/1/2026,659.0,663.0,657.1,661.0,0.3,6880.0,712.6,603.0
SCB,10/2/2026,661.0,664.5,659.0,663.0,0.3,9576.0,712.6,603.0
SCBD,12/21/2025,1230.0,1231.0,1230.0,1231.0,,335.0,1236.0,1056.6
SCBD,12/22/2025,1207.0,1207.0,1207.0,1207.0,-1.95,75.0,1236.0,1056.6
SCBD,12/23/2025,1207.0,1207.0,1207.0,1207.0,0.0,25.0,1236.0,1056.6
SCBD,12/29/2025,1231.1,1231.1,1231.1,1231.1,2.0,100.0,1236.0,1056.6
SCBD,1/1/2026,1210.1,1210.1,1210.1,1210.1,-1.71,50.0,1236.0,1056.6
SCBD,1/5/2026,1195.0,1195.0,1180.0,1180.0,-2.49,200.0,1236.0,1056.6
SCBD,1/7/2026,1160.0,1160.0,1160.0,1160.0,-1.69,100.0,1236.0,1056.6
SCBD,1/13/2026,1160.0,1236.0,1160.0,1230.9,6.11,500.0,1236.0,1056.6
SCBD,2/22/2026,1207.0,1207.0,1207.0,1207.0,-1.94,25.0,1236.0,1056.6
SCBD,2/26/2026,1190.0,1190.0,1190.0,1190.0,-1.41,25.0,1236.0,1056.6
SCBD,2/27/2026,1190.0,1190.0,1190.0,1190.0,0.0,25.0,1236.0,1056.6
SCBD,2/28/2026,1190.0,1190.0,1190.0,1190.0,0.0,25.0,1236.0,1056.6
SCBD,3/2/2026,1170.0,1170.0,1170.0,1170.0,-1.68,50.0,1236.0,1056.6
SCBD,3/12/2026,1147.1,1147.1,1147.1,1147.1,-1.96,25.0,1236.0,1056.6
SCBD,3/13/2026,1147.1,1147.1,1147.1,1147.1,0.0,25.0,1236.0,1056.6
SCBD,3/14/2026,1147.1,1147.1,1147.1,1147.1,0.0,25.0,1236.0,1056.6
SCBD,3/15/2026,1128.0,1128.0,1128.0,1128.0,-1.67,100.0,1236.0,1056.6
SCBD,3/16/2026,1128.0,1128.0,1128.0,1128.0,0.0,25.0,1236.0,1056.6
SCBD,3/19/2026,1130.0,1130.0,1117.0,1117.0,-0.98,50.0,1236.0,1056.6
SCBD,3/20/2026,1130.0,1130.0,1117.0,1117.0,0.0,50.0,1236.0,1056.6
SCBD,3/21/2026,1130.0,1130.0,1117.0,1117.0,0.0,50.0,1236.0,1056.6
SCBD,3/22/2026,1117.0,1198.0,1117.0,1198.0,7.25,300.0,1236.0,1056.6
SCBD,4/1/2026,1174.1,1174.1,1174.1,1174.1,0.0,25.0,1236.0,1056.6
SCBD,4/15/2026,1175.0,1175.0,1175.0,1175.0,0.0,25.0,1236.0,1056.6
SCBD,4/20/2026,1150.0,1150.0,1150.0,1150.0,0.0,25.0,1236.0,1056.6
SCBD,4/23/2026,1115.5,1115.5,1115.5,1115.5,0.0,10.0,1236.0,1056.6
SCBD,4/24/2026,1115.5,1103.1,1103.1,1103.1,-1.11,25.0,1236.0,1056.6
SCBD,4/28/2026,1103.1,1100.0,1080.0,1080.0,-2.09,25.0,1236.0,1056.6
SCBD,4/29/2026,1080.0,1096.7,1096.7,1096.7,1.55,25.0,1236.0,1056.6
SCBD,5/4/2026,1100.0,1100.0,1100.0,1100.0,0.0,25.0,1236.0,1056.6
SCBD,5/6/2026,1133.0,1133.0,1133.0,1133.0,0.0,10.0,1236.0,1056.6
SCBD,5/8/2026,1133.0,1133.0,1133.0,1133.0,0.0,65.0,1236.0,1056.6
SCBD,5/11/2026,1133.0,1133.0,1133.0,1133.0,0.0,5.0,1236.0,1056.6
SCBD,5/15/2026,1104.2,1104.2,1104.2,1104.2,0.0,25.0,1236.0,1056.6
SCBD,5/19/2026,1120.9,1130.0,1120.9,1130.0,0.81,50.0,1236.0,1056.6
SCBD,5/21/2026,1130.0,1150.0,1110.0,1150.0,1.77,245.0,1236.0,1056.6
SCBD,6/3/2026,1160.0,1160.0,1160.0,1160.0,0.0,25.0,1236.0,1056.6
SCBD,6/4/2026,1170.0,1194.8,1170.0,1194.8,2.12,50.0,1236.0,1056.6
SCBD,6/8/2026,1160.0,1180.0,1160.0,1180.0,1.72,75.0,1236.0,1056.6
SCBD,6/9/2026,1181.0,1181.0,1181.0,1181.0,0.0,40.0,1236.0,1056.6
SCBD,6/15/2026,1155.0,1155.0,1155.0,1155.0,0.0,10.0,1236.0,1056.6
SCBD,6/29/2026,1121.0,1121.0,1121.0,1121.0,0.0,25.0,1236.0,1056.6
SCBD,6/30/2026,1154.0,1208.1,1154.0,1208.1,4.69,38183.0,1236.0,1056.6
SCBD,7/1/2026,1200.0,1200.0,1200.0,1200.0,0.0,1000.0,1236.0,1056.6
SCBD,7/3/2026,1164.0,1164.0,1160.0,1160.0,-0.34,38108.0,1236.0,1056.6
SCBD,7/6/2026,1126.5,1126.5,1126.5,1126.5,0.0,75.0,1236.0,1056.6
SCBD,7/7/2026,1103.0,1103.0,1103.0,1103.0,0.0,25.0,1236.0,1056.6
SCBD,7/8/2026,1105.0,1108.1,1105.0,1108.1,0.28,60974.0,1236.0,1056.6
SCBD,7/10/2026,1141.0,1147.0,1115.0,1115.0,-2.28,181424.0,1236.0,1056.6
SCBD,7/13/2026,1115.0,1132.0,1100.0,1132.0,1.52,113521.0,1236.0,1056.6
SCBD,7/14/2026,1149.9,1149.9,1149.9,1149.9,0.0,100.0,1236.0,1056.6
SCBD,7/16/2026,1137.0,1149.0,1137.0,1145.0,0.7,31008.0,1236.0,1056.6
SCBD,7/17/2026,1130.0,1130.0,1130.0,1130.0,0.0,88.0,1236.0,1056.6
SCBD,7/23/2026,1135.0,1135.0,1135.0,1135.0,0.0,33.0,1236.0,1056.6
SCBD,7/24/2026,1101.0,1101.0,1101.0,1101.0,0.0,500.0,1236.0,1056.6
SCBD,7/28/2026,1100.0,1100.0,1100.0,1100.0,0.0,6166.0,1236.0,1056.6
SCBD,8/11/2026,1133.0,1133.0,1133.0,1133.0,0.0,10.0,1236.0,1056.6
SCBD,8/13/2026,1133.0,1133.0,1133.0,1070.0,-5.56,2.0,1236.0,1056.6
SCBD,8/24/2026,1102.1,1135.1,1102.1,1056.6,-4.13,63.0,1236.0,1056.6
SCBD,9/22/2026,1057.0,1065.0,1057.0,1065.0,0.76,51.0,1236.0,1056.6
SCBD,9/30/2026,1080.0,1080.0,1075.1,1075.1,-0.45,188.0,1236.0,1056.6
SDBD87,12/28/2025,1162.1,1180.0,1162.1,1180.0,,225.0,1241.0,1069.2
SDBD87,12/31/2025,1180.0,1180.0,1180.0,1180.0,0.0,253.0,1241.0,1069.2
SDBD87,1/5/2026,1157.0,1157.0,1157.0,1157.0,-1.95,25.0,1241.0,1069.2
SDBD87,1/6/2026,1155.0,1155.0,1155.0,1155.0,-0.17,40.0,1241.0,1069.2
SDBD87,1/8/2026,1155.0,1155.0,1155.0,1155.0,0.0,50.0,1241.0,1069.2
SDBD87,1/13/2026,1178.1,1185.0,1178.1,1185.0,2.6,365.0,1241.0,1069.2
SDBD87,1/18/2026,1185.0,1185.0,1185.0,1161.3,-2.0,1.0,1241.0,1069.2
SDBD87,1/20/2026,1138.1,1138.1,1138.1,1138.1,-2.0,14.0,1241.0,1069.2
SDBD87,1/27/2026,1124.0,1124.0,1124.0,1124.0,-1.24,25.0,1241.0,1069.2
SDBD87,2/1/2026,1124.0,1124.0,1124.0,1124.0,0.0,55.0,1241.0,1069.2
SDBD87,2/4/2026,1112.0,1112.0,1111.0,1111.0,-1.16,50.0,1241.0,1069.2
SDBD87,2/12/2026,1132.0,1133.2,1132.0,1133.2,2.0,50.0,1241.0,1069.2
SDBD87,2/16/2026,1115.0,1115.0,1093.1,1093.1,-3.54,116.0,1241.0,1069.2
SDBD87,2/17/2026,1113.0,1135.2,1113.0,1135.2,3.85,315.0,1241.0,1069.2
SDBD87,2/22/2026,1125.1,1125.2,1125.1,1125.1,-0.89,400.0,1241.0,1069.2
SDBD87,2/23/2026,1125.0,1128.1,1125.0,1128.1,0.27,310.0,1241.0,1069.2
SDBD87,2/24/2026,1130.1,1130.1,1130.1,1130.1,0.18,10.0,1241.0,1069.2
SDBD87,2/25/2026,1131.6,1140.0,1131.6,1140.0,0.88,140.0,1241.0,1069.2
SDBD87,2/26/2026,1140.0,1140.0,1140.0,1140.0,0.0,75.0,1241.0,1069.2
SDBD87,2/27/2026,1140.0,1140.0,1140.0,1140.0,0.0,75.0,1241.0,1069.2
SDBD87,2/28/2026,1140.0,1140.0,1140.0,1140.0,0.0,75.0,1241.0,1069.2
SDBD87,3/2/2026,1147.0,1147.0,1147.0,1147.0,0.61,1147.0,1241.0,1069.2
SDBD87,3/10/2026,1132.1,1132.1,1131.1,1131.1,-1.39,273.0,1241.0,1069.2
SDBD87,3/15/2026,1126.1,1126.1,1113.0,1113.0,-1.6,186.0,1241.0,1069.2
SDBD87,3/16/2026,1130.0,1130.0,1130.0,1130.0,1.53,25.0,1241.0,1069.2
SDBD87,3/17/2026,1133.0,1133.0,1133.0,1133.0,0.27,25.0,1241.0,1069.2
SDBD87,3/18/2026,1133.0,1133.0,1133.0,1133.0,0.0,25.0,1241.0,1069.2
SDBD87,3/19/2026,1130.0,1130.0,1130.0,1130.0,-0.26,25.0,1241.0,1069.2
SDBD87,3/20/2026,1130.0,1130.0,1130.0,1130.0,0.0,25.0,1241.0,1069.2
SDBD87,3/21/2026,1130.0,1130.0,1130.0,1130.0,0.0,25.0,1241.0,1069.2
SDBD87,3/22/2026,1151.0,1151.0,1151.0,1151.0,1.86,529.0,1241.0,1069.2
SDBD87,3/23/2026,1135.0,1135.0,1135.0,1135.0,-1.39,25.0,1241.0,1069.2
SDBD87,3/24/2026,1140.0,1140.0,1140.0,1140.0,0.44,50.0,1241.0,1069.2
SDBD87,3/25/2026,1140.0,1140.0,1140.0,1140.0,0.0,25.0,1241.0,1069.2
SDBD87,3/30/2026,1148.0,1148.0,1148.0,1148.0,0.0,50.0,1241.0,1069.2
SDBD87,4/2/2026,1148.0,1148.0,1148.0,1148.0,0.0,25.0,1241.0,1069.2
SDBD87,4/5/2026,1145.0,1145.0,1145.0,1145.0,0.0,25.0,1241.0,1069.2
SDBD87,4/6/2026,1150.0,1165.0,1150.0,1165.0,1.3,80.0,1241.0,1069.2
SDBD87,4/8/2026,1188.0,1188.0,1188.0,1188.0,0.0,200.0,1241.0,1069.2
SDBD87,4/17/2026,1165.0,1165.0,1165.0,1165.0,0.0,50.0,1241.0,1069.2
SDBD87,4/20/2026,1142.0,1142.0,1142.0,1142.0,0.0,25.0,1241.0,1069.2
SDBD87,4/22/2026,1142.0,1142.0,1142.0,1142.0,0.0,50.0,1241.0,1069.2
SDBD87,4/24/2026,1142.0,1142.0,1142.0,1176.0,2.98,10.0,1241.0,1069.2
SDBD87,4/27/2026,1176.0,1142.0,1142.0,1142.0,-2.89,25.0,1241.0,1069.2
SDBD87,4/29/2026,1142.0,1142.0,1142.0,1095.0,-4.12,2.0,1241.0,1069.2
SDBD87,4/30/2026,1095.0,1095.0,1095.0,1127.8,3.0,5.0,1241.0,1069.2
SDBD87,5/4/2026,1128.0,1128.0,1128.0,1128.0,0.0,60.0,1241.0,1069.2
SDBD87,5/6/2026,1130.0,1130.0,1130.0,1130.0,0.0,49.0,1241.0,1069.2
SDBD87,5/13/2026,1106.1,1106.1,1106.1,1106.1,0.0,25.0,1241.0,1069.2
SDBD87,5/18/2026,1120.0,1120.0,1120.0,1120.0,0.0,25.0,1241.0,1069.2
SDBD87,5/20/2026,1120.0,1120.0,1110.3,1115.0,-0.45,75.0,1241.0,1069.2
SDBD87,5/21/2026,1120.5,1120.5,1120.5,1120.5,0.0,30.0,1241.0,1069.2
SDBD87,5/26/2026,1125.0,1132.0,1125.0,1132.0,0.62,50.0,1241.0,1069.2
SDBD87,6/4/2026,1164.0,1164.9,1164.0,1164.9,0.08,988.0,1241.0,1069.2
SDBD87,6/5/2026,1164.9,1164.9,1132.0,1132.0,-2.82,18.0,1241.0,1069.2
SDBD87,6/8/2026,1132.0,1132.0,1132.0,1132.0,0.0,20.0,1241.0,1069.2
SDBD87,6/9/2026,1132.0,1132.0,1132.0,1132.0,0.0,50.0,1241.0,1069.2
SDBD87,6/19/2026,1125.0,1125.0,1125.0,1125.0,0.0,25.0,1241.0,1069.2
SDBD87,6/22/2026,1111.3,1120.0,1111.3,1120.0,0.78,110.0,1241.0,1069.2
SDBD87,6/24/2026,1116.0,1116.0,1115.0,1115.0,-0.09,55.0,1241.0,1069.2
SDBD87,7/1/2026,1115.0,1115.0,1115.0,1115.0,0.0,100.0,1241.0,1069.2
SDBD87,7/2/2026,1120.0,1120.0,1115.0,1115.0,-0.45,75.0,1241.0,1069.2
SDBD87,7/7/2026,1115.0,1115.0,1115.0,1112.1,-0.26,6.0,1241.0,1069.2
SDBD87,7/13/2026,1130.0,1130.0,1130.0,1130.0,0.0,30.0,1241.0,1069.2
SDBD87,7/14/2026,1159.0,1241.0,1159.0,1241.0,7.08,17610.0,1241.0,1069.2
SDBD87,8/14/2026,1203.8,1203.8,1203.8,1167.7,-3.0,12.0,1241.0,1069.2
SDBD87,8/17/2026,1154.9,1155.0,1150.0,1155.0,0.01,143.0,1241.0,1069.2
SDBD87,8/18/2026,1149.0,1150.0,1121.0,1121.0,-2.44,80.0,1241.0,1069.2
SDBD87,8/20/2026,1121.0,1121.0,1105.0,1105.0,-1.43,52.0,1241.0,1069.2
SDBD87,8/24/2026,1105.0,1107.2,1105.0,1107.2,0.2,27.0,1241.0,1069.2
SDBD87,9/24/2026,1105.0,1105.0,1105.0,1105.0,0.0,25.0,1241.0,1069.2
SDBD87,9/28/2026,1115.0,1115.0,1115.0,1115.0,0.0,25.0,1241.0,1069.2
SDBD87,9/30/2026,1115.0,1115.0,1115.0,1148.0,2.96,1.0,1241.0,1069.2
SEF,1/26/2026,9.57,9.96,9.57,9.94,,67230.0,11.53,8.6
SEF,1/27/2026,9.75,9.83,9.71,9.71,-2.31,112350.0,11.53,8.6
SEF,1/28/2026,9.58,9.75,9.58,9.58,-1.34,9050.0,11.53,8.6
SEF,1/29/2026,9.77,9.8,9.7,9.77,1.98,108982.0,11.53,8.6
SEF,2/1/2026,9.8,9.85,9.6,9.6,-1.74,571638.0,11.53,8.6
SEF,2/2/2026,9.79,9.79,9.61,9.62,0.21,6450.0,11.53,8.6
SEF,2/3/2026,9.81,9.81,9.62,9.62,0.0,8425.0,11.53,8.6
SEF,2/4/2026,9.67,9.67,9.66,9.67,0.52,1900.0,11.53,8.6
SEF,2/5/2026,9.7,9.75,9.54,9.54,-1.34,4100.0,11.53,8.6
SEF,2/8/2026,9.5,9.68,9.5,9.68,1.47,4070.0,11.53,8.6
SEF,2/9/2026,9.52,9.85,9.51,9.79,1.14,8000.0,11.53,8.6
SEF,2/10/2026,9.7,9.7,9.7,9.7,-0.92,15000.0,11.53,8.6
SEF,2/11/2026,9.6,9.86,9.6,9.79,0.93,5300.0,11.53,8.6
SEF,2/12/2026,9.89,9.89,9.79,9.79,0.0,20800.0,11.53,8.6
SEF,2/16/2026,9.65,9.88,9.65,9.65,-1.43,15875.0,11.53,8.6
SEF,2/17/2026,9.65,9.73,9.55,9.73,0.83,6360.0,11.53,8.6
SEF,2/22/2026,9.56,9.6,9.43,9.43,-3.08,52030.0,11.53,8.6
SEF,2/23/2026,9.6,9.61,9.53,9.61,1.91,14400.0,11.53,8.6
SEF,2/24/2026,9.44,9.62,9.44,9.62,0.1,3000.0,11.53,8.6
SEF,2/25/2026,9.7,9.7,9.51,9.55,-0.73,42500.0,11.53,8.6
SEF,2/26/2026,9.74,9.74,9.57,9.57,0.21,2700.0,11.53,8.6
SEF,2/27/2026,9.74,9.74,9.57,9.57,0.0,2700.0,11.53,8.6
SEF,2/28/2026,9.74,9.74,9.57,9.57,0.0,2700.0,11.53,8.6
SEF,3/2/2026,9.57,9.75,9.57,9.6,0.31,1300.0,11.53,8.6
SEF,3/3/2026,9.41,9.7,9.41,9.7,1.04,7250.0,11.53,8.6
SEF,3/4/2026,9.41,9.7,9.41,9.7,0.0,7250.0,11.53,8.6
SEF,3/5/2026,9.41,9.7,9.41,9.7,0.0,7250.0,11.53,8.6
SEF,3/6/2026,9.41,9.7,9.41,9.7,0.0,7250.0,11.53,8.6
SEF,3/7/2026,9.41,9.7,9.41,9.7,0.0,7250.0,11.53,8.6
SEF,3/8/2026,9.41,9.7,9.41,9.7,0.0,7250.0,11.53,8.6
SEF,3/10/2026,9.89,9.94,9.6,9.9,2.06,45950.0,11.53,8.6
SEF,3/11/2026,9.9,9.99,9.56,9.56,-3.43,68145.0,11.53,8.6
SEF,3/12/2026,9.4,10.18,8.66,10.09,5.54,202657.0,11.53,8.6
SEF,3/13/2026,9.4,10.18,8.66,10.09,0.0,202657.0,11.53,8.6
SEF,3/14/2026,9.4,10.18,8.66,10.09,0.0,202657.0,11.53,8.6
SEF,3/15/2026,9.9,10.49,9.83,10.49,3.96,88053.0,11.53,8.6
SEF,3/16/2026,10.58,11.53,10.03,10.03,-4.39,352115.0,11.53,8.6
SEF,3/17/2026,10.05,10.14,9.98,10.14,1.1,53930.0,11.53,8.6
SEF,3/18/2026,10.05,10.14,9.98,10.14,0.0,53930.0,11.53,8.6
SEF,3/19/2026,10.33,10.33,10.0,10.1,-0.39,7600.0,11.53,8.6
SEF,3/20/2026,10.33,10.33,10.0,10.1,0.0,7600.0,11.53,8.6
SEF,3/21/2026,10.33,10.33,10.0,10.1,0.0,7600.0,11.53,8.6
SEF,3/22/2026,10.3,10.3,10.1,10.16,0.59,145170.0,11.53,8.6
SEF,3/23/2026,10.1,10.26,10.1,10.21,0.49,188998.0,11.53,8.6
SEF,3/24/2026,10.21,10.3,10.15,10.29,0.78,73600.0,11.53,8.6
SEF,3/25/2026,10.29,10.3,10.11,10.12,-1.65,13300.0,11.53,8.6
SEF,3/26/2026,10.15,10.32,10.01,10.32,1.67,7100.0,11.53,8.6
SEF,3/29/2026,10.13,10.16,10.1,10.1,-0.3,17125.0,11.53,8.6
SEF,3/30/2026,9.95,10.13,9.95,9.98,0.3,14475.0,11.53,8.6
SEF,3/31/2026,9.9,10.3,9.9,10.2,3.03,23475.0,11.53,8.6
SEF,4/1/2026,10.1,10.1,9.9,9.9,-1.98,37985.0,11.53,8.6
SEF,4/2/2026,10.09,10.14,9.89,10.01,-0.79,31811.0,11.53,8.6
SEF,4/5/2026,9.81,9.86,9.72,9.72,-0.92,55000.0,11.53,8.6
SEF,4/6/2026,9.85,9.85,9.8,9.85,0.0,54000.0,11.53,8.6
SEF,4/7/2026,9.9,9.9,9.77,9.9,0.0,10400.0,11.53,8.6
SEF,4/8/2026,10.08,10.08,10.0,10.06,-0.2,19200.0,11.53,8.6
SEF,4/9/2026,9.9,9.9,9.9,9.9,0.0,7600.0,11.53,8.6
SEF,4/10/2026,9.85,10.0,9.85,9.9,0.51,16334.0,11.53,8.6
SEF,4/13/2026,9.72,9.72,9.72,9.72,0.0,185.0,11.53,8.6
SEF,4/15/2026,9.9,10.15,9.82,10.15,2.53,12450.0,11.53,8.6
SEF,4/16/2026,10.1,10.1,9.96,10.06,-0.4,15603.0,11.53,8.6
SEF,4/17/2026,9.98,9.98,9.98,9.98,0.0,1500.0,11.53,8.6
SEF,4/20/2026,9.8,10.12,9.8,10.12,3.27,4100.0,11.53,8.6
SEF,4/21/2026,10.01,10.01,9.97,10.0,-0.1,29875.0,11.53,8.6
SEF,4/22/2026,10.0,10.0,9.9,9.9,-1.0,5403.0,11.53,8.6
SEF,4/23/2026,9.8,9.9,9.8,9.9,1.02,1400.0,11.53,8.6
SEF,4/24/2026,9.9,10.1,9.9,9.9,0.0,2200.0,11.53,8.6
SEF,4/27/2026,9.9,10.0,9.8,9.9,0.0,20575.0,11.53,8.6
SEF,4/28/2026,9.9,9.77,9.77,9.77,-1.31,1500.0,11.53,8.6
SEF,4/29/2026,9.77,10.0,9.81,9.99,2.25,26550.0,11.53,8.6
SEF,4/30/2026,9.8,9.98,9.8,9.82,0.2,23799.0,11.53,8.6
SEF,5/5/2026,9.92,10.1,9.8,9.9,-0.2,14200.0,11.53,8.6
SEF,5/6/2026,9.75,10.0,9.75,10.0,2.56,5175.0,11.53,8.6
SEF,5/7/2026,9.9,10.05,9.9,9.9,0.0,4000.0,11.53,8.6
SEF,5/8/2026,10.12,10.12,9.9,9.9,-2.17,1500.0,11.53,8.6
SEF,5/11/2026,10.0,10.14,10.0,10.14,1.4,26700.0,11.53,8.6
SEF,5/12/2026,10.1,10.2,10.0,10.05,-0.5,30540.0,11.53,8.6
SEF,5/13/2026,10.05,10.1,9.96,10.0,-0.5,9060.0,11.53,8.6
SEF,5/14/2026,10.24,10.24,9.9,9.9,-3.32,6111.0,11.53,8.6
SEF,5/15/2026,9.9,9.95,9.85,9.95,0.51,5100.0,11.53,8.6
SEF,5/18/2026,9.95,10.15,9.95,9.95,0.0,13000.0,11.53,8.6
SEF,5/19/2026,9.96,10.1,9.95,9.95,-0.1,11000.0,11.53,8.6
SEF,5/20/2026,10.1,10.1,9.95,10.0,-0.99,17100.0,11.53,8.6
SEF,5/21/2026,9.9,10.0,9.9,10.0,1.01,67838.0,11.53,8.6
SEF,5/22/2026,10.1,10.4,10.05,10.4,2.97,78011.0,11.53,8.6
SEF,5/25/2026,10.11,10.41,10.09,10.09,-0.2,51850.0,11.53,8.6
SEF,5/26/2026,9.91,10.19,9.9,10.19,2.83,24500.0,11.53,8.6
SEF,5/27/2026,10.3,10.3,10.2,10.2,-0.97,57000.0,11.53,8.6
SEF,6/1/2026,9.97,10.2,9.97,10.2,2.31,2980.0,11.53,8.6
SEF,6/2/2026,9.97,10.3,9.97,10.0,0.3,22672.0,11.53,8.6
SEF,6/3/2026,10.0,10.0,9.96,9.96,-0.4,6100.0,11.53,8.6
SEF,6/4/2026,10.0,10.1,10.0,10.1,1.0,4000.0,11.53,8.6
SEF,6/5/2026,10.0,10.0,9.97,9.97,-0.3,9070.0,11.53,8.6
SEF,6/8/2026,9.98,10.1,9.81,9.93,-0.5,54760.0,11.53,8.6
SEF,6/9/2026,10.0,10.0,10.0,10.0,0.0,1500.0,11.53,8.6
SEF,6/10/2026,10.29,10.29,10.0,10.1,-1.85,18000.0,11.53,8.6
SEF,6/11/2026,10.0,10.68,10.0,10.0,0.0,93450.0,11.53,8.6
SEF,6/12/2026,10.2,10.85,10.18,10.18,-0.2,97065.0,11.53,8.6
SEF,6/15/2026,10.48,10.48,10.19,10.19,-2.77,26725.0,11.53,8.6
SEF,6/16/2026,10.2,10.3,10.16,10.16,-0.39,36790.0,11.53,8.6
SEF,6/17/2026,10.2,10.91,10.15,10.41,2.06,54400.0,11.53,8.6
SEF,6/18/2026,10.9,10.9,10.27,10.41,-4.5,49175.0,11.53,8.6
SEF,6/19/2026,10.3,10.3,10.3,10.3,0.0,200.0,11.53,8.6
SEF,6/22/2026,10.52,10.52,10.16,10.3,-2.09,23898.0,11.53,8.6
SEF,6/23/2026,10.14,10.4,10.14,10.39,2.47,53300.0,11.53,8.6
SEF,6/24/2026,10.3,10.3,10.2,10.3,0.0,3221.0,11.53,8.6
SEF,6/26/2026,10.16,10.35,10.16,10.35,1.87,2300.0,11.53,8.6
SEF,6/29/2026,10.49,10.49,10.47,10.47,-0.19,225.0,11.53,8.6
SEF,6/30/2026,10.16,10.2,10.16,10.2,0.39,3500.0,11.53,8.6
SEF,7/1/2026,10.2,10.25,10.15,10.25,0.49,46000.0,11.53,8.6
SEF,7/2/2026,10.25,10.25,9.95,9.95,-2.93,22300.0,11.53,8.6
SEF,7/3/2026,9.95,9.95,9.95,9.95,0.0,1000.0,11.53,8.6
SEF,7/6/2026,9.98,10.2,9.86,10.0,0.2,20300.0,11.53,8.6
SEF,7/7/2026,9.99,10.24,9.99,10.0,0.1,16100.0,11.53,8.6
SEF,7/8/2026,10.0,10.0,9.9,9.91,-0.9,6501.0,11.53,8.6
SEF,7/9/2026,10.0,10.1,9.96,9.96,-0.4,21400.0,11.53,8.6
SEF,7/10/2026,9.96,10.22,9.96,10.22,2.61,5300.0,11.53,8.6
SEF,7/13/2026,10.1,10.1,10.0,10.0,-0.99,15500.0,11.53,8.6
SEF,7/14/2026,9.95,10.1,9.75,10.0,0.5,30632.0,11.53,8.6
SEF,7/15/2026,10.0,10.07,9.95,9.96,-0.4,34060.0,11.53,8.6
SEF,7/16/2026,10.0,10.02,9.95,10.02,0.2,10400.0,11.53,8.6
SEF,7/17/2026,9.96,9.99,9.96,9.98,0.2,8497.0,11.53,8.6
SEF,7/20/2026,9.99,10.2,9.99,10.2,2.1,41510.0,11.53,8.6
SEF,7/21/2026,10.2,10.2,10.1,10.1,-0.98,11000.0,11.53,8.6
SEF,7/22/2026,9.95,10.18,9.95,10.18,2.31,20177.0,11.53,8.6
SEF,7/23/2026,10.18,10.38,10.1,10.38,1.96,7200.0,11.53,8.6
SEF,7/24/2026,10.35,10.35,10.11,10.11,-2.32,5870.0,11.53,8.6
SEF,7/27/2026,10.4,10.4,10.4,10.4,0.0,200.0,11.53,8.6
SEF,7/28/2026,10.1,10.1,9.79,9.79,-3.07,18274.0,11.53,8.6
SEF,7/29/2026,9.9,10.39,9.7,9.75,-1.52,49750.0,11.53,8.6
SEF,7/30/2026,9.75,9.9,9.65,9.81,0.62,41000.0,11.53,8.6
SEF,7/31/2026,9.98,10.1,9.8,9.8,-1.8,10497.0,11.53,8.6
SEF,8/3/2026,9.8,10.09,9.7,9.79,-0.1,29870.0,11.53,8.6
SEF,8/4/2026,10.07,10.07,9.9,9.9,-1.69,2200.0,11.53,8.6
SEF,8/5/2026,10.0,10.0,10.0,10.0,0.0,100.0,11.53,8.6
SEF,8/6/2026,9.8,9.83,9.75,9.81,0.1,4489.0,11.53,8.6
SEF,8/7/2026,9.6,9.91,9.6,9.91,3.23,1410.0,11.53,8.6
SEF,8/10/2026,9.91,9.92,9.9,9.9,-0.1,11440.0,11.53,8.6
SEF,8/11/2026,10.0,10.25,9.7,10.25,2.5,33530.0,11.53,8.6
SEF,8/12/2026,10.2,10.2,9.95,10.05,-1.47,16500.0,11.53,8.6
SEF,8/17/2026,9.76,10.3,9.76,10.23,4.82,79370.0,11.53,8.6
SEF,8/18/2026,9.93,9.93,9.31,9.5,-4.33,535566.0,11.53,8.6
SEF,8/19/2026,9.75,9.75,9.34,9.34,-4.21,72500.0,11.53,8.6
SEF,8/20/2026,9.4,9.4,9.24,9.3,-1.06,76895.0,11.53,8.6
SEF,8/21/2026,9.28,9.69,9.28,9.51,2.48,61015.0,11.53,8.6
SEF,8/24/2026,9.55,9.55,9.27,9.27,-2.93,30002.0,11.53,8.6
SEF,8/25/2026,9.02,9.5,9.02,9.28,2.88,16175.0,11.53,8.6
SEF,8/26/2026,9.5,9.5,9.33,9.49,-0.11,76000.0,11.53,8.6
SEF,8/27/2026,9.29,9.29,9.2,9.2,-0.97,220868.0,11.53,8.6
SEF,8/31/2026,9.47,9.47,9.2,9.21,-2.75,5700.0,11.53,8.6
SEF,9/1/2026,9.21,9.45,9.21,9.45,2.61,8765.0,11.53,8.6
SEF,9/2/2026,9.17,9.43,9.17,9.27,1.09,68120.0,11.53,8.6
SEF,9/3/2026,9.4,9.45,9.2,9.4,0.0,519000.0,11.53,8.6
SEF,9/7/2026,9.41,9.6,9.34,9.41,0.0,64400.0,11.53,8.6
SEF,9/9/2026,9.4,9.6,9.36,9.6,2.13,105570.0,11.53,8.6
SEF,9/10/2026,9.56,9.6,9.56,9.58,0.21,27604.0,11.53,8.6
SEF,9/11/2026,9.6,9.6,9.55,9.6,0.0,42700.0,11.53,8.6
SEF,9/14/2026,9.5,9.56,9.5,9.56,0.63,18033.0,11.53,8.6
SEF,9/15/2026,9.58,9.78,9.58,9.78,2.09,56535.0,11.53,8.6
SEF,9/16/2026,9.5,9.6,9.5,9.57,0.74,61300.0,11.53,8.6
SEF,9/17/2026,9.5,9.68,9.5,9.67,1.79,48804.0,11.53,8.6
SEF,9/18/2026,9.66,9.66,9.6,9.61,-0.52,26430.0,11.53,8.6
SEF,9/22/2026,9.2,9.75,9.2,9.74,5.87,43748.0,11.53,8.6
SEF,9/23/2026,9.7,9.7,9.7,9.7,0.0,1500.0,11.53,8.6
SEF,9/24/2026,9.7,9.72,9.54,9.7,0.0,49800.0,11.53,8.6
SEF,9/28/2026,10.18,10.18,9.56,9.6,-5.7,58403.0,11.53,8.6
SEF,9/29/2026,9.84,9.84,9.61,0.0,-100.0,5532.0,11.53,8.6
SEF,9/30/2026,9.55,9.82,9.55,9.75,2.09,35101.0,11.53,8.6
SEF,10/1/2026,9.75,9.75,9.6,9.6,-1.54,2500.0,11.53,8.6
SEF,10/2/2026,9.58,9.6,9.56,9.6,0.21,5421.0,11.53,8.6
SEF2,8/5/2026,10.0,10.0,9.06,9.45,-5.5,42010.0,10.0,8.5
SEF2,8/6/2026,9.2,9.5,8.75,9.16,-0.43,26480.0,10.0,8.5
SEF2,8/7/2026,9.1,9.5,8.99,9.15,0.55,38577.0,10.0,8.5
SEF2,8/10/2026,9.0,9.25,8.96,9.25,2.78,32050.0,10.0,8.5
SEF2,8/11/2026,9.0,9.11,8.93,9.05,0.56,8040.0,10.0,8.5
SEF2,8/12/2026,8.78,9.5,8.78,9.21,4.9,21470.0,10.0,8.5
SEF2,8/13/2026,9.2,9.4,9.0,9.1,-1.09,8545.0,10.0,8.5
SEF2,8/14/2026,9.0,9.32,9.0,9.32,3.56,12250.0,10.0,8.5
SEF2,8/17/2026,9.05,9.32,9.05,9.1,0.55,6000.0,10.0,8.5
SEF2,8/18/2026,9.0,9.11,8.92,9.03,0.33,7350.0,10.0,8.5
SEF2,8/19/2026,9.01,9.29,8.8,9.02,0.11,7950.0,10.0,8.5
SEF2,8/20/2026,9.02,9.05,9.01,9.03,0.11,4900.0,10.0,8.5
SEF2,8/21/2026,9.02,9.27,8.9,9.01,-0.11,13922.0,10.0,8.5
SEF2,8/24/2026,8.74,9.05,8.72,9.05,3.55,8400.0,10.0,8.5
SEF2,8/25/2026,8.8,9.16,8.8,9.15,3.98,15500.0,10.0,8.5
SEF2,8/26/2026,8.88,9.1,8.88,9.1,2.48,4300.0,10.0,8.5
SEF2,8/27/2026,8.85,9.15,8.85,9.1,2.82,10100.0,10.0,8.5
SEF2,8/31/2026,8.9,9.16,8.72,9.0,1.12,7800.0,10.0,8.5
SEF2,9/1/2026,8.73,9.01,8.51,9.0,3.09,7600.0,10.0,8.5
SEF2,9/2/2026,9.0,9.0,8.56,9.0,0.0,4660.0,10.0,8.5
SEF2,9/3/2026,9.0,9.1,8.73,8.93,-0.78,8700.0,10.0,8.5
SEF2,9/7/2026,8.8,9.05,8.8,9.0,2.27,6350.0,10.0,8.5
SEF2,9/9/2026,8.74,9.08,8.74,8.87,1.49,7780.0,10.0,8.5
SEF2,9/10/2026,8.86,9.1,8.5,8.71,-1.69,5955.0,10.0,8.5
SEF2,9/11/2026,8.6,9.0,8.5,8.87,3.14,7390.0,10.0,8.5
SEF2,9/14/2026,8.68,9.1,8.68,9.0,3.69,4200.0,10.0,8.5
SEF2,9/15/2026,9.0,9.2,8.92,9.1,1.11,6475.0,10.0,8.5
SEF2,9/16/2026,9.05,9.1,8.91,9.06,0.11,6000.0,10.0,8.5
SEF2,9/17/2026,9.03,9.18,9.03,9.1,0.78,22100.0,10.0,8.5
SEF2,9/18/2026,8.91,9.15,8.91,9.1,2.13,7300.0,10.0,8.5
SEF2,9/22/2026,9.0,9.3,9.0,9.12,1.33,19910.0,10.0,8.5
SEF2,9/23/2026,8.9,9.14,8.9,9.1,2.25,5200.0,10.0,8.5
SEF2,9/24/2026,8.92,9.1,8.92,9.03,1.23,2800.0,10.0,8.5
SEF2,9/28/2026,9.0,9.1,8.9,8.96,-0.44,7650.0,10.0,8.5
SEF2,9/29/2026,8.9,9.0,8.9,0.0,-100.0,6950.0,10.0,8.5
SEF2,9/30/2026,8.91,9.1,8.91,9.1,2.13,5490.0,10.0,8.5
SEF2,10/1/2026,8.92,9.17,8.92,9.02,1.12,5240.0,10.0,8.5
SEF2,10/2/2026,9.0,9.1,9.0,9.1,1.11,8248.0,10.0,8.5
SFCL,6/18/2017,187.0,184.0,178.0,178.0,,1000.0,565.0,359.4
SFCL,6/20/2017,178.0,175.0,175.0,175.0,-1.69,100.0,565.0,359.4
SFCL,6/21/2017,175.0,172.0,172.0,172.0,-1.71,85.0,565.0,359.4
SFCL,6/25/2017,172.0,169.0,155.0,155.0,-9.88,11897.0,565.0,359.4
SFCL,6/27/2017,155.0,155.0,140.0,140.0,-9.68,9258.0,565.0,359.4
SFCL,6/28/2017,140.0,154.0,140.0,154.0,10.0,907.0,565.0,359.4
SFCL,7/2/2017,154.0,151.0,148.0,148.0,-3.9,250.0,565.0,359.4
SFCL,7/3/2017,148.0,146.0,144.0,144.0,-2.7,400.0,565.0,359.4
SFCL,7/4/2017,144.0,145.0,141.0,141.0,-2.08,3958.0,565.0,359.4
SFCL,7/5/2017,141.0,139.0,135.0,135.0,-4.26,1265.0,565.0,359.4
SFCL,7/6/2017,135.0,133.0,128.0,128.0,-5.19,6164.0,565.0,359.4
SFCL,7/9/2017,128.0,132.0,124.0,132.0,3.12,18330.0,565.0,359.4
SFCL,7/10/2017,132.0,145.0,134.0,143.0,8.33,6860.0,565.0,359.4
SFCL,7/11/2017,143.0,148.0,144.0,146.0,2.1,650.0,565.0,359.4
SFCL,7/12/2017,146.0,148.0,135.0,148.0,1.37,2447.0,565.0,359.4
SFCL,7/13/2017,148.0,146.0,143.0,143.0,-3.38,3166.0,565.0,359.4
SFCL,7/16/2017,143.0,145.0,141.0,141.0,-1.4,317.0,565.0,359.4
SFCL,7/17/2017,141.0,147.0,143.0,147.0,4.26,600.0,565.0,359.4
SFCL,7/18/2017,147.0,147.0,140.0,141.0,-4.08,2039.0,565.0,359.4
SFCL,7/19/2017,141.0,139.0,139.0,139.0,-1.42,300.0,565.0,359.4
SFCL,7/20/2017,139.0,144.0,137.0,144.0,3.6,2550.0,565.0,359.4
SFCL,7/23/2017,144.0,148.0,140.0,140.0,-2.78,1420.0,565.0,359.4
SFCL,7/24/2017,140.0,140.0,136.0,136.0,-2.86,2378.0,565.0,359.4
SFCL,7/25/2017,136.0,140.0,138.0,140.0,2.94,2372.0,565.0,359.4
SFCL,7/26/2017,140.0,144.0,140.0,142.0,1.43,4180.0,565.0,359.4
SFCL,7/27/2017,142.0,144.0,140.0,140.0,-1.41,9514.0,565.0,359.4
SFCL,7/30/2017,140.0,142.0,142.0,142.0,1.43,100.0,565.0,359.4
SFCL,7/31/2017,142.0,146.0,144.0,146.0,2.82,500.0,565.0,359.4
SFCL,8/1/2017,146.0,144.0,138.0,138.0,-5.48,3319.0,565.0,359.4
SFCL,8/2/2017,138.0,151.0,140.0,151.0,9.42,4508.0,565.0,359.4
SFCL,8/3/2017,151.0,166.0,154.0,166.0,9.93,4531.0,565.0,359.4
SFCL,8/6/2017,166.0,182.0,169.0,181.0,9.04,27747.0,565.0,359.4
SFCL,8/7/2017,181.0,180.0,165.0,178.0,-1.66,7487.0,565.0,359.4
SFCL,8/9/2017,178.0,182.0,176.0,176.0,-1.12,806.0,565.0,359.4
SFCL,8/10/2017,176.0,173.0,161.0,164.0,-6.82,3604.0,565.0,359.4
SFCL,8/13/2017,164.0,167.0,155.0,155.0,-5.49,3431.0,565.0,359.4
SFCL,8/15/2017,155.0,170.0,152.0,170.0,9.68,2111.0,565.0,359.4
SFCL,8/16/2017,170.0,172.0,172.0,172.0,1.18,250.0,565.0,359.4
SFCL,8/17/2017,172.0,169.0,155.0,164.0,-4.65,3520.0,565.0,359.4
SFCL,8/20/2017,164.0,162.0,149.0,149.0,-9.15,974.0,565.0,359.4
SFCL,8/21/2017,149.0,163.0,147.0,163.0,9.4,735.0,565.0,359.4
SFCL,8/22/2017,163.0,169.0,160.0,169.0,3.68,540.0,565.0,359.4
SFCL,8/23/2017,169.0,167.0,163.0,164.0,-2.96,1931.0,565.0,359.4
SFCL,8/24/2017,164.0,161.0,155.0,155.0,-5.49,2600.0,565.0,359.4
SFCL,8/27/2017,155.0,158.0,155.0,155.0,0.0,2650.0,565.0,359.4
SFCL,8/28/2017,155.0,153.0,150.0,153.0,-1.29,131.0,565.0,359.4
SFCL,8/30/2017,153.0,160.0,155.0,160.0,4.58,4444.0,565.0,359.4
SFCL,8/31/2017,160.0,158.0,152.0,152.0,-5.0,1570.0,565.0,359.4
SFCL,9/4/2017,152.0,149.0,143.0,143.0,-5.92,1150.0,565.0,359.4
SFCL,9/6/2017,143.0,151.0,145.0,151.0,5.59,344.0,565.0,359.4
SFCL,9/7/2017,151.0,148.0,146.0,146.0,-3.31,331.0,565.0,359.4
SFCL,9/10/2017,146.0,150.0,148.0,150.0,2.74,200.0,565.0,359.4
SFCL,9/13/2017,150.0,148.0,148.0,148.0,-1.33,155.0,565.0,359.4
SFCL,9/14/2017,148.0,146.0,140.0,144.0,-2.7,4252.0,565.0,359.4
SFCL,9/17/2017,144.0,144.0,140.0,142.0,-1.39,2466.0,565.0,359.4
SFCL,9/18/2017,142.0,144.0,142.0,142.0,0.0,174.0,565.0,359.4
SFCL,9/20/2017,142.0,140.0,140.0,140.0,-1.41,640.0,565.0,359.4
SFCL,9/24/2017,140.0,142.0,138.0,138.0,-1.43,1176.0,565.0,359.4
SFCL,9/25/2017,138.0,140.0,139.0,140.0,1.45,3125.0,565.0,359.4
SFCL,9/26/2017,140.0,138.0,138.0,138.0,-1.43,10.0,565.0,359.4
SFCL,10/4/2017,138.0,140.0,140.0,140.0,1.45,121.0,565.0,359.4
SFCL,10/9/2017,140.0,138.0,136.0,136.0,-2.86,478.0,565.0,359.4
SFCL,10/10/2017,136.0,134.0,128.0,132.0,-2.94,7025.0,565.0,359.4
SFCL,10/11/2017,132.0,134.0,132.0,134.0,1.52,110.0,565.0,359.4
SFCL,10/12/2017,134.0,134.0,133.0,133.0,-0.75,1000.0,565.0,359.4
SFCL,10/16/2017,133.0,143.0,135.0,143.0,7.52,4150.0,565.0,359.4
SFCL,10/17/2017,143.0,144.0,138.0,138.0,-3.5,1287.0,565.0,359.4
SFCL,10/18/2017,138.0,140.0,135.0,140.0,1.45,1970.0,565.0,359.4
SFCL,10/22/2017,140.0,144.0,142.0,142.0,1.43,208.0,565.0,359.4
SFCL,10/23/2017,142.0,140.0,138.0,138.0,-2.82,650.0,565.0,359.4
SFCL,10/24/2017,138.0,140.0,138.0,138.0,0.0,1250.0,565.0,359.4
SFCL,10/25/2017,138.0,136.0,134.0,134.0,-2.9,1560.0,565.0,359.4
SFCL,10/29/2017,134.0,138.0,132.0,138.0,2.99,3030.0,565.0,359.4
SFCL,10/30/2017,138.0,138.0,138.0,138.0,0.0,150.0,565.0,359.4
SFCL,10/31/2017,138.0,138.0,136.0,138.0,0.0,1500.0,565.0,359.4
SFCL,11/1/2017,138.0,136.0,134.0,134.0,-2.9,734.0,565.0,359.4
SFCL,11/5/2017,134.0,134.0,131.0,131.0,-2.24,3419.0,565.0,359.4
SFCL,11/6/2017,131.0,133.0,130.0,130.0,-0.76,2991.0,565.0,359.4
SFCL,11/7/2017,130.0,132.0,128.0,128.0,-1.54,1111.0,565.0,359.4
SFCL,11/8/2017,128.0,127.0,126.0,127.0,-0.78,1410.0,565.0,359.4
SFCL,11/9/2017,127.0,131.0,129.0,131.0,3.15,800.0,565.0,359.4
SFCL,11/12/2017,131.0,135.0,133.0,133.0,1.53,1100.0,565.0,359.4
SFCL,11/13/2017,133.0,136.0,133.0,133.0,0.0,2450.0,565.0,359.4
SFCL,11/14/2017,133.0,136.0,134.0,136.0,2.26,1754.0,565.0,359.4
SFCL,11/15/2017,136.0,138.0,134.0,135.0,-0.74,2746.0,565.0,359.4
SFCL,11/16/2017,135.0,135.0,135.0,135.0,0.0,800.0,565.0,359.4
SFCL,11/19/2017,135.0,135.0,133.0,133.0,-1.48,1000.0,565.0,359.4
SFCL,11/20/2017,133.0,131.0,129.0,131.0,-1.5,1190.0,565.0,359.4
SFCL,11/21/2017,131.0,132.0,130.0,132.0,0.76,640.0,565.0,359.4
SFCL,11/22/2017,132.0,134.0,132.0,132.0,0.0,534.0,565.0,359.4
SFCL,11/23/2017,132.0,132.0,132.0,132.0,0.0,50.0,565.0,359.4
SFCL,11/26/2017,132.0,134.0,132.0,134.0,1.52,381.0,565.0,359.4
SFCL,11/28/2017,134.0,135.0,134.0,135.0,0.75,900.0,565.0,359.4
SFCL,11/29/2017,135.0,140.0,137.0,137.0,1.48,3411.0,565.0,359.4
SFCL,11/30/2017,137.0,139.0,139.0,139.0,1.46,300.0,565.0,359.4
SFCL,12/4/2017,139.0,138.0,136.0,136.0,-2.16,1800.0,565.0,359.4
SFCL,12/6/2017,136.0,137.0,136.0,137.0,0.74,770.0,565.0,359.4
SFCL,12/11/2017,137.0,135.0,135.0,135.0,-1.46,1000.0,565.0,359.4
SFCL,12/12/2017,135.0,136.0,136.0,136.0,0.74,200.0,565.0,359.4
SFCL,12/13/2017,136.0,137.0,137.0,137.0,0.74,1154.0,565.0,359.4
SFCL,12/18/2017,137.0,138.0,138.0,138.0,0.73,1000.0,565.0,359.4
SFCL,12/19/2017,138.0,137.0,136.0,136.0,-1.45,665.0,565.0,359.4
SFCL,12/24/2017,136.0,135.0,129.0,129.0,-5.15,1284.0,565.0,359.4
SFCL,12/26/2017,129.0,131.0,130.0,131.0,1.55,664.0,565.0,359.4
SFCL,12/27/2017,131.0,131.0,129.0,129.0,-1.53,50.0,565.0,359.4
SFCL,12/28/2017,129.0,127.0,123.0,125.0,-3.1,6447.0,565.0,359.4
SFCL,12/31/2017,125.0,123.0,120.0,120.0,-4.0,2872.0,565.0,359.4
SFCL,1/1/2018,120.0,130.0,122.0,130.0,8.33,870.0,565.0,359.4
SFCL,1/2/2018,130.0,132.0,127.0,129.0,-0.77,7443.0,565.0,359.4
SFCL,1/3/2018,129.0,127.0,127.0,127.0,-1.55,100.0,565.0,359.4
SFCL,1/4/2018,127.0,125.0,123.0,125.0,-1.57,199.0,565.0,359.4
SFCL,1/7/2018,125.0,123.0,123.0,123.0,-1.6,500.0,565.0,359.4
SFCL,1/9/2018,123.0,129.0,122.0,128.0,4.07,2333.0,565.0,359.4
SFCL,1/10/2018,128.0,130.0,124.0,128.0,0.0,1886.0,565.0,359.4
SFCL,1/14/2018,128.0,126.0,124.0,124.0,-3.12,120.0,565.0,359.4
SFCL,1/17/2018,124.0,122.0,120.0,122.0,-1.61,885.0,565.0,359.4
SFCL,1/21/2018,122.0,124.0,120.0,120.0,-1.64,222.0,565.0,359.4
SFCL,1/22/2018,120.0,118.0,118.0,118.0,-1.67,318.0,565.0,359.4
SFCL,1/23/2018,118.0,124.0,120.0,124.0,5.08,410.0,565.0,359.4
SFCL,1/24/2018,124.0,124.0,120.0,120.0,-3.23,449.0,565.0,359.4
SFCL,1/25/2018,120.0,119.0,119.0,119.0,-0.83,20.0,565.0,359.4
SFCL,1/28/2018,119.0,123.0,121.0,123.0,3.36,40.0,565.0,359.4
SFCL,1/29/2018,123.0,123.0,121.0,121.0,-1.63,230.0,565.0,359.4
SFCL,1/31/2018,121.0,120.0,118.0,120.0,-0.83,724.0,565.0,359.4
SFCL,2/1/2018,120.0,122.0,120.0,120.0,0.0,1360.0,565.0,359.4
SFCL,2/4/2018,120.0,122.0,118.0,118.0,-1.67,5994.0,565.0,359.4
SFCL,2/5/2018,118.0,118.0,118.0,118.0,0.0,31.0,565.0,359.4
SFCL,2/6/2018,118.0,123.0,120.0,121.0,2.54,432.0,565.0,359.4
SFCL,2/8/2018,121.0,124.0,118.0,118.0,-2.48,6842.0,565.0,359.4
SFCL,2/11/2018,118.0,122.0,120.0,122.0,3.39,30.0,565.0,359.4
SFCL,2/12/2018,122.0,124.0,122.0,122.0,0.0,10462.0,565.0,359.4
SFCL,2/14/2018,122.0,124.0,124.0,124.0,1.64,10.0,565.0,359.4
SFCL,2/15/2018,124.0,125.0,122.0,124.0,0.0,2860.0,565.0,359.4
SFCL,2/18/2018,125.0,125.0,122.0,122.0,-1.61,2076.0,565.0,359.4
SFCL,2/20/2018,124.0,124.0,120.0,120.0,-1.64,877.0,565.0,359.4
SFCL,2/25/2018,118.0,118.0,118.0,118.0,-1.67,290.0,565.0,359.4
SFCL,2/26/2018,120.0,123.0,120.0,123.0,4.24,1179.0,565.0,359.4
SFCL,2/27/2018,121.0,121.0,119.0,121.0,-1.63,459.0,565.0,359.4
SFCL,3/4/2018,119.0,119.0,116.0,116.0,-4.13,2257.0,565.0,359.4
SFCL,3/5/2018,118.0,118.0,118.0,118.0,1.72,30.0,565.0,359.4
SFCL,3/6/2018,116.0,116.0,110.0,110.0,-6.78,2268.0,565.0,359.4
SFCL,3/7/2018,112.0,116.0,112.0,116.0,5.45,184.0,565.0,359.4
SFCL,3/11/2018,114.0,114.0,114.0,114.0,-1.72,50.0,565.0,359.4
SFCL,3/12/2018,113.0,115.0,111.0,111.0,-2.63,1854.0,565.0,359.4
SFCL,3/13/2018,111.0,111.0,109.0,110.0,-0.9,1459.0,565.0,359.4
SFCL,3/14/2018,112.0,118.0,112.0,118.0,7.27,90.0,565.0,359.4
SFCL,3/15/2018,116.0,116.0,114.0,114.0,-3.39,125.0,565.0,359.4
SFCL,3/22/2018,116.0,115.0,111.0,111.0,-2.63,270.0,565.0,359.4
SFCL,3/26/2018,109.0,110.0,109.0,110.0,-0.9,438.0,565.0,359.4
SFCL,3/27/2018,112.0,112.0,110.0,110.0,0.0,1383.0,565.0,359.4
SFCL,3/28/2018,108.0,114.0,108.0,114.0,3.64,488.0,565.0,359.4
SFCL,3/29/2018,113.0,113.0,111.0,113.0,-0.88,262.0,565.0,359.4
SFCL,4/1/2018,113.0,114.0,113.0,113.0,0.0,320.0,565.0,359.4
SFCL,4/2/2018,113.0,113.0,113.0,113.0,0.0,20.0,565.0,359.4
SFCL,4/3/2018,111.0,113.0,111.0,113.0,0.0,299.0,565.0,359.4
SFCL,4/8/2018,114.0,116.0,113.0,113.0,0.0,830.0,565.0,359.4
SFCL,4/9/2018,112.0,114.0,110.0,110.0,-2.65,3986.0,565.0,359.4
SFCL,4/10/2018,109.0,109.0,109.0,109.0,-0.91,1833.0,565.0,359.4
SFCL,4/12/2018,107.0,109.0,107.0,109.0,0.0,300.0,565.0,359.4
SFCL,4/17/2018,110.0,119.0,110.0,119.0,9.17,230.0,565.0,359.4
SFCL,4/18/2018,121.0,121.0,117.0,117.0,-1.68,1050.0,565.0,359.4
SFCL,4/19/2018,119.0,128.0,119.0,124.0,5.98,454.0,565.0,359.4
SFCL,4/22/2018,126.0,130.0,126.0,128.0,3.23,1630.0,565.0,359.4
SFCL,4/23/2018,130.0,138.0,130.0,136.0,6.25,380.0,565.0,359.4
SFCL,4/24/2018,134.0,134.0,134.0,134.0,-1.47,30.0,565.0,359.4
SFCL,4/25/2018,132.0,132.0,128.0,128.0,-4.48,240.0,565.0,359.4
SFCL,4/29/2018,126.0,126.0,122.0,122.0,-4.69,457.0,565.0,359.4
SFCL,5/7/2018,120.0,120.0,118.0,118.0,-3.28,586.0,565.0,359.4
SFCL,5/8/2018,118.0,118.0,118.0,118.0,0.0,40.0,565.0,359.4
SFCL,5/10/2018,116.0,116.0,116.0,116.0,-1.69,24.0,565.0,359.4
SFCL,5/14/2018,116.0,116.0,116.0,116.0,0.0,5.0,565.0,359.4
SFCL,5/16/2018,114.0,114.0,111.0,111.0,-4.31,1525.0,565.0,359.4
SFCL,5/17/2018,110.0,110.0,110.0,110.0,-0.9,298.0,565.0,359.4
SFCL,5/20/2018,108.0,110.0,108.0,110.0,0.0,1763.0,565.0,359.4
SFCL,5/22/2018,111.0,111.0,107.0,107.0,-2.73,2855.0,565.0,359.4
SFCL,5/28/2018,109.0,110.0,109.0,110.0,2.8,200.0,565.0,359.4
SFCL,5/29/2018,112.0,112.0,111.0,111.0,0.91,160.0,565.0,359.4
SFCL,5/30/2018,112.0,112.0,111.0,111.0,0.0,1090.0,565.0,359.4
SFCL,5/31/2018,112.0,113.0,110.0,110.0,-0.9,728.0,565.0,359.4
SFCL,6/3/2018,110.0,110.0,108.0,108.0,-1.82,154.0,565.0,359.4
SFCL,6/4/2018,106.0,106.0,106.0,106.0,-1.85,500.0,565.0,359.4
SFCL,6/6/2018,108.0,108.0,108.0,108.0,1.89,40.0,565.0,359.4
SFCL,6/7/2018,108.0,108.0,106.0,106.0,-1.85,924.0,565.0,359.4
SFCL,6/10/2018,104.0,104.0,102.0,102.0,-3.77,640.0,565.0,359.4
SFCL,6/14/2018,104.0,104.0,104.0,104.0,1.96,200.0,565.0,359.4
SFCL,6/20/2018,105.0,105.0,105.0,105.0,0.96,400.0,565.0,359.4
SFCL,6/21/2018,106.0,107.0,106.0,107.0,1.9,650.0,565.0,359.4
SFCL,6/24/2018,107.0,109.0,107.0,109.0,1.87,41.0,565.0,359.4
SFCL,6/25/2018,110.0,110.0,110.0,110.0,0.92,200.0,565.0,359.4
SFCL,7/1/2018,112.0,112.0,108.0,108.0,-1.82,30.0,565.0,359.4
SFCL,7/3/2018,106.0,106.0,106.0,106.0,-1.85,62.0,565.0,359.4
SFCL,7/4/2018,105.0,105.0,105.0,105.0,-0.94,25.0,565.0,359.4
SFCL,7/5/2018,103.0,103.0,99.0,99.0,-5.71,2302.0,565.0,359.4
SFCL,7/8/2018,99.0,99.0,98.0,98.0,-1.01,600.0,565.0,359.4
SFCL,7/9/2018,99.0,100.0,98.0,98.0,0.0,1320.0,565.0,359.4
SFCL,7/11/2018,98.0,98.0,98.0,98.0,0.0,190.0,565.0,359.4
SFCL,7/15/2018,98.0,99.0,98.0,99.0,1.02,406.0,565.0,359.4
SFCL,7/17/2018,100.0,100.0,100.0,100.0,1.01,10.0,565.0,359.4
SFCL,7/22/2018,102.0,102.0,100.0,100.0,0.0,114.0,565.0,359.4
SFCL,7/23/2018,102.0,102.0,102.0,102.0,2.0,10.0,565.0,359.4
SFCL,7/24/2018,104.0,104.0,104.0,104.0,1.96,10.0,565.0,359.4
SFCL,7/30/2018,102.0,102.0,97.0,97.0,-6.73,1512.0,565.0,359.4
SFCL,7/31/2018,96.0,96.0,96.0,96.0,-1.03,90.0,565.0,359.4
SFCL,8/5/2018,96.0,96.0,96.0,96.0,0.0,90.0,565.0,359.4
SFCL,8/9/2018,95.0,95.0,95.0,95.0,-1.04,100.0,565.0,359.4
SFCL,8/16/2018,95.0,95.0,95.0,95.0,0.0,2600.0,565.0,359.4
SFCL,8/19/2018,96.0,97.0,95.0,95.0,0.0,2610.0,565.0,359.4
SFCL,8/20/2018,94.0,100.0,94.0,100.0,5.26,1360.0,565.0,359.4
SFCL,8/21/2018,102.0,104.0,102.0,102.0,2.0,30.0,565.0,359.4
SFCL,8/22/2018,102.0,102.0,98.0,98.0,-3.92,718.0,565.0,359.4
SFCL,8/29/2018,99.0,99.0,98.0,98.0,0.0,38.0,565.0,359.4
SFCL,8/30/2018,97.0,97.0,97.0,97.0,-1.02,200.0,565.0,359.4
SFCL,9/2/2018,96.0,96.0,96.0,96.0,-1.03,200.0,565.0,359.4
SFCL,9/3/2018,96.0,96.0,95.0,95.0,-1.04,1250.0,565.0,359.4
SFCL,9/4/2018,95.0,95.0,95.0,95.0,0.0,31.0,565.0,359.4
SFCL,9/5/2018,94.0,96.0,94.0,96.0,1.05,746.0,565.0,359.4
SFCL,9/6/2018,97.0,100.0,97.0,99.0,3.12,2800.0,565.0,359.4
SFCL,9/9/2018,99.0,99.0,99.0,99.0,0.0,1025.0,565.0,359.4
SFCL,9/11/2018,100.0,100.0,100.0,100.0,1.01,10.0,565.0,359.4
SFCL,9/12/2018,100.0,100.0,100.0,100.0,0.0,100.0,565.0,359.4
SFCL,9/13/2018,102.0,102.0,98.0,98.0,-2.0,850.0,565.0,359.4
SFCL,9/16/2018,99.0,99.0,97.0,97.0,-1.02,700.0,565.0,359.4
SFCL,9/17/2018,96.0,96.0,96.0,96.0,-1.03,100.0,565.0,359.4
SFCL,9/18/2018,95.0,95.0,95.0,95.0,-1.04,40.0,565.0,359.4
SFCL,9/23/2018,94.0,94.0,94.0,94.0,-1.05,1300.0,565.0,359.4
SFCL,9/25/2018,93.0,93.0,93.0,93.0,-1.06,200.0,565.0,359.4
SFCL,9/26/2018,94.0,96.0,94.0,96.0,3.23,31.0,565.0,359.4
SFCL,9/27/2018,97.0,98.0,94.0,94.0,-2.08,1790.0,565.0,359.4
SFCL,9/30/2018,95.0,97.0,95.0,95.0,1.06,2594.0,565.0,359.4
SFCL,10/1/2018,96.0,97.0,96.0,97.0,2.11,1100.0,565.0,359.4
SFCL,10/8/2018,97.0,98.0,97.0,98.0,1.03,2651.0,565.0,359.4
SFCL,10/10/2018,98.0,98.0,98.0,98.0,0.0,100.0,565.0,359.4
SFCL,10/14/2018,99.0,99.0,98.0,98.0,0.0,120.0,565.0,359.4
SFCL,10/24/2018,97.0,97.0,96.0,96.0,-2.04,747.0,565.0,359.4
SFCL,10/28/2018,95.0,95.0,94.0,94.0,-2.08,228.0,565.0,359.4
SFCL,10/29/2018,93.0,93.0,93.0,93.0,-1.06,500.0,565.0,359.4
SFCL,10/31/2018,92.0,92.0,92.0,92.0,-1.08,617.0,565.0,359.4
SFCL,11/1/2018,93.0,94.0,93.0,94.0,2.17,400.0,565.0,359.4
SFCL,12/4/2018,93.0,93.0,93.0,93.0,-1.06,174.0,565.0,359.4
SFCL,12/20/2018,92.0,92.0,91.0,91.0,-2.15,262.0,565.0,359.4
SFCL,12/23/2018,92.0,92.0,92.0,92.0,1.1,100.0,565.0,359.4
SFCL,12/24/2018,91.0,94.0,91.0,93.0,1.09,1562.0,565.0,359.4
SFCL,12/26/2018,92.0,92.0,92.0,92.0,-1.08,84.0,565.0,359.4
SFCL,12/27/2018,93.0,93.0,92.0,92.0,0.0,218.0,565.0,359.4
SFCL,12/30/2018,91.0,91.0,91.0,91.0,-1.09,10.0,565.0,359.4
SFCL,12/31/2018,90.0,90.0,90.0,90.0,-1.1,10.0,565.0,359.4
SFCL,1/7/2019,91.0,92.0,91.0,92.0,2.22,20.0,565.0,359.4
SFCL,1/8/2019,91.0,91.0,91.0,91.0,-1.09,10.0,565.0,359.4
SFCL,1/9/2019,92.0,92.0,92.0,92.0,1.1,100.0,565.0,359.4
SFCL,1/30/2019,91.0,91.0,91.0,91.0,-1.09,632.0,565.0,359.4
SFCL,2/14/2019,90.0,90.0,87.0,87.0,-4.4,80.0,565.0,359.4
SFCL,2/17/2019,88.0,88.0,88.0,88.0,1.15,154.0,565.0,359.4
SFCL,2/18/2019,87.0,87.0,80.0,80.0,-9.09,430.0,565.0,359.4
SFCL,2/19/2019,79.0,79.0,72.0,72.0,-10.0,2110.0,565.0,359.4
SFCL,2/20/2019,71.0,72.0,69.0,72.0,0.0,916.0,565.0,359.4
SFCL,2/21/2019,73.0,74.0,73.0,74.0,2.78,540.0,565.0,359.4
SFCL,3/11/2019,75.0,76.0,75.0,76.0,2.7,20.0,565.0,359.4
SFCL,3/12/2019,77.0,81.0,77.0,81.0,6.58,50.0,565.0,359.4
SFCL,3/13/2019,82.0,87.0,82.0,87.0,7.41,480.0,565.0,359.4
SFCL,3/17/2019,87.0,87.0,87.0,87.0,0.0,200.0,565.0,359.4
SFCL,3/18/2019,88.0,90.0,88.0,90.0,3.45,652.0,565.0,359.4
SFCL,3/21/2019,87.0,87.0,87.0,87.0,-3.33,1000.0,565.0,359.4
SFCL,4/1/2019,88.0,89.0,88.0,89.0,2.3,60.0,565.0,359.4
SFCL,4/3/2019,88.0,88.0,88.0,88.0,-1.12,20.0,565.0,359.4
SFCL,4/4/2019,87.0,87.0,87.0,87.0,-1.14,130.0,565.0,359.4
SFCL,4/10/2019,86.0,86.0,86.0,86.0,-1.15,57.0,565.0,359.4
SFCL,4/17/2019,85.0,85.0,85.0,85.0,-1.16,20.0,565.0,359.4
SFCL,4/18/2019,84.0,84.0,80.0,80.0,-5.88,934.0,565.0,359.4
SFCL,4/23/2019,81.0,81.0,81.0,81.0,1.25,20.0,565.0,359.4
SFCL,4/24/2019,82.0,87.0,82.0,84.0,3.7,1300.0,565.0,359.4
SFCL,4/25/2019,83.0,84.0,83.0,84.0,0.0,177.0,565.0,359.4
SFCL,4/29/2019,83.0,83.0,82.0,82.0,-2.38,150.0,565.0,359.4
SFCL,4/30/2019,81.0,81.0,81.0,81.0,-1.22,210.0,565.0,359.4
SFCL,5/2/2019,81.0,81.0,81.0,81.0,0.0,300.0,565.0,359.4
SFCL,5/12/2019,82.0,82.0,82.0,82.0,1.23,50.0,565.0,359.4
SFCL,5/13/2019,83.0,85.0,83.0,85.0,3.66,133.0,565.0,359.4
SFCL,5/15/2019,84.0,88.0,84.0,88.0,3.53,420.0,565.0,359.4
SFCL,5/16/2019,87.0,87.0,87.0,87.0,-1.14,1000.0,565.0,359.4
SFCL,5/19/2019,87.0,87.0,87.0,87.0,0.0,80.0,565.0,359.4
SFCL,5/21/2019,87.0,90.0,87.0,90.0,3.45,2570.0,565.0,359.4
SFCL,5/22/2019,90.0,93.0,89.0,91.0,1.11,1050.0,565.0,359.4
SFCL,5/23/2019,90.0,90.0,90.0,90.0,-1.1,1000.0,565.0,359.4
SFCL,5/27/2019,90.0,91.0,90.0,90.0,0.0,1070.0,565.0,359.4
SFCL,5/29/2019,89.0,89.0,87.0,87.0,-3.33,344.0,565.0,359.4
SFCL,5/30/2019,88.0,95.0,88.0,92.0,5.75,1360.0,565.0,359.4
SFCL,6/2/2019,94.0,94.0,91.0,91.0,-1.09,50.0,565.0,359.4
SFCL,6/3/2019,90.0,90.0,85.0,86.0,-5.49,2760.0,565.0,359.4
SFCL,6/4/2019,85.0,85.0,84.0,84.0,-2.33,1159.0,565.0,359.4
SFCL,6/6/2019,85.0,92.0,85.0,92.0,9.52,4621.0,565.0,359.4
SFCL,6/10/2019,93.0,101.0,93.0,99.0,7.61,8831.0,565.0,359.4
SFCL,6/11/2019,99.0,99.0,93.0,94.0,-5.05,16639.0,565.0,359.4
SFCL,6/12/2019,94.0,94.0,92.0,93.0,-1.06,775.0,565.0,359.4
SFCL,6/16/2019,94.0,95.0,93.0,94.0,1.08,1458.0,565.0,359.4
SFCL,6/17/2019,95.0,97.0,95.0,97.0,3.19,330.0,565.0,359.4
SFCL,6/18/2019,97.0,97.0,97.0,97.0,0.0,50.0,565.0,359.4
SFCL,6/19/2019,96.0,97.0,96.0,96.0,-1.03,550.0,565.0,359.4
SFCL,6/20/2019,100.0,100.0,96.0,97.0,1.04,3002.0,565.0,359.4
SFCL,6/23/2019,96.0,96.0,95.0,96.0,-1.03,503.0,565.0,359.4
SFCL,6/25/2019,95.0,96.0,95.0,96.0,0.0,660.0,565.0,359.4
SFCL,6/26/2019,95.0,95.0,95.0,95.0,-1.04,510.0,565.0,359.4
SFCL,6/27/2019,95.0,95.0,95.0,95.0,0.0,1879.0,565.0,359.4
SFCL,6/30/2019,94.0,94.0,94.0,94.0,-1.05,159.0,565.0,359.4
SFCL,7/1/2019,93.0,94.0,93.0,94.0,0.0,1600.0,565.0,359.4
SFCL,7/3/2019,93.0,94.0,93.0,93.0,-1.06,935.0,565.0,359.4
SFCL,7/4/2019,93.0,96.0,93.0,96.0,3.23,5030.0,565.0,359.4
SFCL,7/7/2019,95.0,96.0,95.0,96.0,0.0,67.0,565.0,359.4
SFCL,7/11/2019,95.0,95.0,95.0,95.0,-1.04,100.0,565.0,359.4
SFCL,7/14/2019,95.0,95.0,94.0,94.0,-1.05,131.0,565.0,359.4
SFCL,7/15/2019,93.0,96.0,93.0,96.0,2.13,7678.0,565.0,359.4
SFCL,7/17/2019,96.0,96.0,95.0,95.0,-1.04,2000.0,565.0,359.4
SFCL,7/18/2019,96.0,98.0,96.0,97.0,2.11,560.0,565.0,359.4
SFCL,7/21/2019,97.0,97.0,97.0,97.0,0.0,500.0,565.0,359.4
SFCL,7/22/2019,96.0,96.0,96.0,96.0,-1.03,500.0,565.0,359.4
SFCL,7/23/2019,96.0,96.0,95.0,95.0,-1.04,626.0,565.0,359.4
SFCL,7/24/2019,95.0,98.0,95.0,98.0,3.16,140.0,565.0,359.4
SFCL,7/25/2019,97.0,97.0,97.0,97.0,-1.02,1000.0,565.0,359.4
SFCL,7/29/2019,97.0,98.0,97.0,97.0,0.0,1800.0,565.0,359.4
SFCL,7/30/2019,98.0,99.0,98.0,99.0,2.06,190.0,565.0,359.4
SFCL,7/31/2019,98.0,98.0,96.0,97.0,-2.02,1350.0,565.0,359.4
SFCL,8/1/2019,98.0,106.0,98.0,106.0,9.28,4654.0,565.0,359.4
SFCL,8/4/2019,108.0,113.0,103.0,103.0,-2.83,4764.0,565.0,359.4
SFCL,8/5/2019,101.0,101.0,101.0,101.0,-1.94,210.0,565.0,359.4
SFCL,8/6/2019,101.0,101.0,100.0,100.0,-0.99,800.0,565.0,359.4
SFCL,8/7/2019,102.0,102.0,99.0,99.0,-1.0,700.0,565.0,359.4
SFCL,8/12/2019,100.0,108.0,100.0,108.0,9.09,302.0,565.0,359.4
SFCL,8/13/2019,113.0,113.0,113.0,113.0,4.63,1100.0,565.0,359.4
SFCL,8/14/2019,115.0,115.0,107.0,107.0,-5.31,1980.0,565.0,359.4
SFCL,8/15/2019,105.0,105.0,101.0,101.0,-5.61,500.0,565.0,359.4
SFCL,8/18/2019,99.0,99.0,97.0,97.0,-3.96,1450.0,565.0,359.4
SFCL,8/19/2019,101.0,103.0,100.0,100.0,3.09,720.0,565.0,359.4
SFCL,8/20/2019,98.0,98.0,98.0,98.0,-2.0,1100.0,565.0,359.4
SFCL,8/21/2019,97.0,97.0,96.0,96.0,-2.04,174.0,565.0,359.4
SFCL,8/22/2019,96.0,96.0,95.0,95.0,-1.04,328.0,565.0,359.4
SFCL,8/25/2019,94.0,94.0,93.0,93.0,-2.11,1232.0,565.0,359.4
SFCL,8/26/2019,92.0,92.0,89.0,89.0,-4.3,400.0,565.0,359.4
SFCL,8/27/2019,90.0,90.0,90.0,90.0,1.12,1000.0,565.0,359.4
SFCL,8/29/2019,89.0,89.0,89.0,89.0,-1.11,40.0,565.0,359.4
SFCL,9/1/2019,90.0,91.0,90.0,91.0,2.25,38.0,565.0,359.4
SFCL,9/2/2019,95.0,95.0,94.0,94.0,3.3,110.0,565.0,359.4
SFCL,9/3/2019,95.0,95.0,95.0,95.0,1.06,547.0,565.0,359.4
SFCL,9/4/2019,96.0,97.0,96.0,97.0,2.11,300.0,565.0,359.4
SFCL,9/5/2019,98.0,100.0,98.0,99.0,2.06,2142.0,565.0,359.4
SFCL,9/10/2019,100.0,100.0,100.0,100.0,1.01,250.0,565.0,359.4
SFCL,9/15/2019,98.0,98.0,95.0,95.0,-5.0,463.0,565.0,359.4
SFCL,9/16/2019,94.0,94.0,93.0,93.0,-2.11,147.0,565.0,359.4
SFCL,9/18/2019,92.0,92.0,92.0,92.0,-1.08,50.0,565.0,359.4
SFCL,9/19/2019,93.0,93.0,93.0,93.0,1.09,854.0,565.0,359.4
SFCL,9/25/2019,94.0,94.0,93.0,93.0,0.0,300.0,565.0,359.4
SFCL,9/26/2019,93.0,93.0,92.0,92.0,-1.08,700.0,565.0,359.4
SFCL,11/28/2019,91.0,91.0,90.0,90.0,-2.17,200.0,565.0,359.4
SFCL,12/9/2019,91.0,91.0,91.0,91.0,1.11,10.0,565.0,359.4
SFCL,12/12/2019,92.0,96.0,92.0,96.0,5.49,248.0,565.0,359.4
SFCL,12/15/2019,97.0,104.0,97.0,104.0,8.33,370.0,565.0,359.4
SFCL,12/17/2019,106.0,108.0,106.0,106.0,1.92,252.0,565.0,359.4
SFCL,12/23/2019,108.0,110.0,108.0,108.0,1.89,350.0,565.0,359.4
SFCL,12/24/2019,110.0,114.0,108.0,108.0,0.0,611.0,565.0,359.4
SFCL,12/25/2019,108.0,108.0,100.0,100.0,-7.41,1030.0,565.0,359.4
SFCL,12/26/2019,99.0,99.0,99.0,99.0,-1.0,170.0,565.0,359.4
SFCL,12/29/2019,99.0,99.0,98.0,98.0,-1.01,720.0,565.0,359.4
SFCL,12/31/2019,97.0,98.0,97.0,98.0,0.0,120.0,565.0,359.4
SFCL,1/1/2020,99.0,100.0,99.0,100.0,2.04,20.0,565.0,359.4
SFCL,1/2/2020,101.0,101.0,98.0,98.0,-2.0,175.0,565.0,359.4
SFCL,1/5/2020,98.0,98.0,97.0,97.0,-1.02,120.0,565.0,359.4
SFCL,1/6/2020,98.0,98.0,98.0,98.0,1.03,100.0,565.0,359.4
SFCL,1/7/2020,97.0,98.0,97.0,98.0,0.0,2200.0,565.0,359.4
SFCL,1/9/2020,99.0,102.0,99.0,102.0,4.08,210.0,565.0,359.4
SFCL,1/13/2020,104.0,104.0,102.0,102.0,0.0,220.0,565.0,359.4
SFCL,1/15/2020,102.0,102.0,102.0,102.0,0.0,100.0,565.0,359.4
SFCL,1/16/2020,104.0,106.0,104.0,105.0,2.94,1258.0,565.0,359.4
SFCL,1/19/2020,107.0,113.0,107.0,109.0,3.81,3265.0,565.0,359.4
SFCL,1/20/2020,111.0,113.0,105.0,105.0,-3.67,4280.0,565.0,359.4
SFCL,1/21/2020,105.0,105.0,103.0,103.0,-1.9,1440.0,565.0,359.4
SFCL,1/22/2020,105.0,105.0,101.0,101.0,-1.94,1540.0,565.0,359.4
SFCL,1/23/2020,103.0,105.0,103.0,105.0,3.96,220.0,565.0,359.4
SFCL,1/27/2020,103.0,103.0,103.0,103.0,-1.9,493.0,565.0,359.4
SFCL,1/28/2020,105.0,109.0,105.0,108.0,4.85,2117.0,565.0,359.4
SFCL,1/29/2020,106.0,106.0,104.0,104.0,-3.7,330.0,565.0,359.4
SFCL,1/30/2020,106.0,106.0,103.0,104.0,0.0,400.0,565.0,359.4
SFCL,2/3/2020,104.0,104.0,101.0,101.0,-2.88,2760.0,565.0,359.4
SFCL,2/4/2020,101.0,103.0,100.0,103.0,1.98,1953.0,565.0,359.4
SFCL,2/5/2020,105.0,105.0,100.0,100.0,-2.91,810.0,565.0,359.4
SFCL,2/6/2020,100.0,110.0,100.0,110.0,10.0,8548.0,565.0,359.4
SFCL,2/9/2020,111.0,113.0,109.0,110.0,0.0,4574.0,565.0,359.4
SFCL,2/10/2020,110.0,110.0,108.0,108.0,-1.82,357.0,565.0,359.4
SFCL,2/11/2020,108.0,108.0,106.0,106.0,-1.85,2100.0,565.0,359.4
SFCL,2/12/2020,104.0,104.0,104.0,104.0,-1.89,600.0,565.0,359.4
SFCL,2/13/2020,102.0,105.0,102.0,104.0,0.0,828.0,565.0,359.4
SFCL,2/16/2020,106.0,106.0,106.0,106.0,1.92,100.0,565.0,359.4
SFCL,2/17/2020,108.0,108.0,104.0,104.0,-1.89,550.0,565.0,359.4
SFCL,2/18/2020,104.0,104.0,102.0,102.0,-1.92,724.0,565.0,359.4
SFCL,2/19/2020,101.0,110.0,101.0,108.0,5.88,2525.0,565.0,359.4
SFCL,2/20/2020,106.0,109.0,104.0,104.0,-3.7,4954.0,565.0,359.4
SFCL,2/23/2020,106.0,108.0,104.0,104.0,0.0,417.0,565.0,359.4
SFCL,2/24/2020,104.0,105.0,104.0,105.0,0.96,441.0,565.0,359.4
SFCL,2/25/2020,104.0,111.0,103.0,111.0,5.71,2636.0,565.0,359.4
SFCL,2/26/2020,112.0,115.0,112.0,113.0,1.8,1190.0,565.0,359.4
SFCL,2/27/2020,111.0,111.0,106.0,106.0,-6.19,953.0,565.0,359.4
SFCL,3/1/2020,105.0,105.0,104.0,104.0,-1.89,642.0,565.0,359.4
SFCL,3/2/2020,102.0,102.0,100.0,100.0,-3.85,100.0,565.0,359.4
SFCL,3/3/2020,102.0,102.0,101.0,101.0,1.0,2050.0,565.0,359.4
SFCL,3/4/2020,100.0,100.0,99.0,100.0,-0.99,600.0,565.0,359.4
SFCL,3/5/2020,100.0,102.0,99.0,102.0,2.0,1390.0,565.0,359.4
SFCL,3/11/2020,104.0,104.0,104.0,104.0,1.96,224.0,565.0,359.4
SFCL,3/12/2020,106.0,106.0,102.0,102.0,-1.92,1560.0,565.0,359.4
SFCL,3/15/2020,100.0,100.0,98.0,98.0,-3.92,1150.0,565.0,359.4
SFCL,3/16/2020,98.0,98.0,97.0,98.0,0.0,426.0,565.0,359.4
SFCL,3/17/2020,97.0,97.0,97.0,97.0,-1.02,200.0,565.0,359.4
SFCL,7/5/2020,98.0,98.0,96.0,97.0,0.0,617.0,565.0,359.4
SFCL,7/7/2020,98.0,106.0,98.0,106.0,9.28,165.0,565.0,359.4
SFCL,7/8/2020,108.0,108.0,106.0,106.0,0.0,110.0,565.0,359.4
SFCL,7/9/2020,106.0,106.0,105.0,105.0,-0.94,93.0,565.0,359.4
SFCL,7/12/2020,104.0,104.0,103.0,103.0,-1.9,148.0,565.0,359.4
SFCL,7/13/2020,105.0,107.0,105.0,105.0,1.94,55.0,565.0,359.4
SFCL,7/14/2020,105.0,105.0,98.0,98.0,-6.67,2288.0,565.0,359.4
SFCL,7/15/2020,98.0,98.0,97.0,97.0,-1.02,400.0,565.0,359.4
SFCL,7/16/2020,97.0,97.0,96.0,97.0,0.0,442.0,565.0,359.4
SFCL,7/21/2020,98.0,106.0,98.0,106.0,9.28,1565.0,565.0,359.4
SFCL,7/22/2020,108.0,110.0,106.0,106.0,0.0,325.0,565.0,359.4
SFCL,7/23/2020,104.0,104.0,104.0,104.0,-1.89,93.0,565.0,359.4
SFCL,7/26/2020,103.0,104.0,101.0,101.0,-2.88,2369.0,565.0,359.4
SFCL,7/27/2020,100.0,99.0,100.0,99.0,-1.98,1443.0,565.0,359.4
SFCL,7/28/2020,99.0,99.0,98.0,99.0,0.0,4151.0,565.0,359.4
SFCL,7/29/2020,100.0,102.0,100.0,102.0,3.03,78.0,565.0,359.4
SFCL,7/30/2020,104.0,108.0,104.0,107.0,4.9,1490.0,565.0,359.4
SFCL,8/2/2020,105.0,105.0,101.0,101.0,-5.61,271.0,565.0,359.4
SFCL,8/3/2020,102.0,102.0,102.0,102.0,0.99,200.0,565.0,359.4
SFCL,8/5/2020,100.0,101.0,100.0,101.0,-0.98,698.0,565.0,359.4
SFCL,8/6/2020,100.0,104.0,100.0,104.0,2.97,1183.0,565.0,359.4
SFCL,8/9/2020,102.0,113.0,102.0,106.0,1.92,7685.0,565.0,359.4
SFCL,8/10/2020,107.0,113.0,107.0,113.0,6.6,3960.0,565.0,359.4
SFCL,8/11/2020,118.0,124.0,114.0,116.0,2.65,27195.0,565.0,359.4
SFCL,8/12/2020,118.0,118.0,110.0,114.0,-1.72,16035.0,565.0,359.4
SFCL,8/13/2020,112.0,115.0,105.0,109.0,-4.39,4530.0,565.0,359.4
SFCL,8/16/2020,107.0,108.0,105.0,108.0,-0.92,2199.0,565.0,359.4
SFCL,8/17/2020,106.0,110.0,104.0,110.0,1.85,2003.0,565.0,359.4
SFCL,8/18/2020,111.0,111.0,108.0,110.0,0.0,1795.0,565.0,359.4
SFCL,8/19/2020,115.0,121.0,115.0,121.0,10.0,28860.0,565.0,359.4
SFCL,8/20/2020,123.0,133.0,123.0,133.0,9.92,804.0,565.0,359.4
SFCL,8/23/2020,135.0,146.0,135.0,146.0,9.77,92680.0,565.0,359.4
SFCL,8/24/2020,153.0,160.0,150.0,153.0,4.79,26833.0,565.0,359.4
SFCL,8/25/2020,156.0,156.0,139.0,143.0,-6.54,21928.0,565.0,359.4
SFCL,8/26/2020,141.0,145.0,129.0,129.0,-9.79,33661.0,565.0,359.4
SFCL,8/27/2020,131.0,137.0,122.0,125.0,-3.1,56383.0,565.0,359.4
SFCL,8/30/2020,113.0,115.0,111.0,112.0,-10.4,14504.0,565.0,359.4
SFCL,8/31/2020,114.0,114.0,110.0,110.0,-1.79,4856.0,565.0,359.4
SFCL,9/2/2020,112.0,114.0,110.0,111.0,0.91,10407.0,565.0,359.4
SFCL,9/3/2020,112.0,113.0,109.0,110.0,-0.9,2490.0,565.0,359.4
SFCL,9/6/2020,110.0,112.0,110.0,112.0,1.82,4175.0,565.0,359.4
SFCL,9/7/2020,112.0,112.0,111.0,112.0,0.0,1915.0,565.0,359.4
SFCL,9/8/2020,111.0,113.0,111.0,112.0,0.0,996.0,565.0,359.4
SFCL,9/9/2020,117.0,117.0,110.0,110.0,-1.79,1042.0,565.0,359.4
SFCL,9/10/2020,112.0,114.0,109.0,109.0,-0.91,2830.0,565.0,359.4
SFCL,9/13/2020,109.0,114.0,109.0,113.0,3.67,6445.0,565.0,359.4
SFCL,9/14/2020,115.0,115.0,111.0,113.0,0.0,4297.0,565.0,359.4
SFCL,9/15/2020,111.0,113.0,110.0,112.0,-0.88,4440.0,565.0,359.4
SFCL,9/16/2020,110.0,113.0,110.0,112.0,0.0,3703.0,565.0,359.4
SFCL,9/17/2020,114.0,123.0,113.0,123.0,9.82,21305.0,565.0,359.4
SFCL,9/20/2020,125.0,135.0,124.0,127.0,3.25,13492.0,565.0,359.4
SFCL,9/21/2020,133.0,133.0,118.0,121.0,-4.72,6913.0,565.0,359.4
SFCL,9/22/2020,127.0,130.0,121.0,123.0,1.65,17052.0,565.0,359.4
SFCL,9/23/2020,124.0,125.0,121.0,124.0,0.81,5185.0,565.0,359.4
SFCL,9/24/2020,123.0,127.0,121.0,122.0,-1.61,13788.0,565.0,359.4
SFCL,9/27/2020,121.0,129.0,121.0,124.0,1.64,9975.0,565.0,359.4
SFCL,9/28/2020,125.0,130.0,125.0,127.0,2.42,11221.0,565.0,359.4
SFCL,9/29/2020,125.0,131.0,125.0,130.0,2.36,10516.0,565.0,359.4
SFCL,9/30/2020,129.0,129.0,125.0,128.0,-1.54,6321.0,565.0,359.4
SFCL,10/1/2020,130.0,132.0,128.0,130.0,1.56,14991.0,565.0,359.4
SFCL,10/4/2020,129.0,134.0,127.0,129.0,-0.77,14834.0,565.0,359.4
SFCL,10/5/2020,128.0,129.0,125.0,129.0,0.0,14847.0,565.0,359.4
SFCL,10/6/2020,129.0,131.0,127.0,131.0,1.55,11106.0,565.0,359.4
SFCL,10/7/2020,129.0,144.0,129.0,144.0,9.92,36554.0,565.0,359.4
SFCL,10/8/2020,146.0,158.0,146.0,158.0,9.72,34027.0,565.0,359.4
SFCL,10/11/2020,165.0,168.0,144.0,159.0,0.63,40724.0,565.0,359.4
SFCL,10/12/2020,158.0,159.0,148.0,153.0,-3.77,15664.0,565.0,359.4
SFCL,10/13/2020,150.0,150.0,143.0,143.0,-6.54,12256.0,565.0,359.4
SFCL,10/14/2020,141.0,143.0,137.0,140.0,-2.1,7724.0,565.0,359.4
SFCL,10/15/2020,142.0,146.0,137.0,140.0,0.0,16549.0,565.0,359.4
SFCL,10/18/2020,138.0,140.0,132.0,135.0,-3.57,6519.0,565.0,359.4
SFCL,10/19/2020,137.0,139.0,133.0,139.0,2.96,9127.0,565.0,359.4
SFCL,10/20/2020,141.0,141.0,137.0,140.0,0.72,4409.0,565.0,359.4
SFCL,10/21/2020,140.0,144.0,139.0,142.0,1.43,6387.0,565.0,359.4
SFCL,10/22/2020,140.0,141.0,138.0,139.0,-2.11,7080.0,565.0,359.4
SFCL,10/28/2020,137.0,142.0,133.0,140.0,0.72,5515.0,565.0,359.4
SFCL,10/29/2020,147.0,147.0,139.0,140.0,0.0,5185.0,565.0,359.4
SFCL,11/1/2020,142.0,142.0,139.0,139.0,-0.71,4237.0,565.0,359.4
SFCL,11/2/2020,141.0,141.0,138.0,138.0,-0.72,4170.0,565.0,359.4
SFCL,11/3/2020,137.0,140.0,137.0,138.0,0.0,2996.0,565.0,359.4
SFCL,11/4/2020,137.0,140.0,137.0,137.0,-0.72,5147.0,565.0,359.4
SFCL,11/5/2020,139.0,140.0,139.0,139.0,1.46,4435.0,565.0,359.4
SFCL,11/8/2020,138.0,141.0,137.0,141.0,1.44,9412.0,565.0,359.4
SFCL,11/9/2020,139.0,143.0,139.0,140.0,-0.71,5238.0,565.0,359.4
SFCL,11/10/2020,142.0,144.0,140.0,140.0,0.0,5447.0,565.0,359.4
SFCL,11/11/2020,141.0,142.0,141.0,141.0,0.71,4455.0,565.0,359.4
SFCL,11/12/2020,139.0,141.0,139.0,139.0,-1.42,2768.0,565.0,359.4
SFCL,11/18/2020,139.0,145.0,138.0,140.0,0.72,4283.0,565.0,359.4
SFCL,11/19/2020,141.0,141.0,138.0,141.0,0.71,10677.0,565.0,359.4
SFCL,11/22/2020,140.0,141.0,138.0,139.0,-1.42,3815.0,565.0,359.4
SFCL,11/23/2020,141.0,141.0,137.0,139.0,0.0,2475.0,565.0,359.4
SFCL,11/24/2020,141.0,141.0,138.0,138.0,-0.72,5908.0,565.0,359.4
SFCL,11/25/2020,140.0,146.0,140.0,144.0,4.35,15814.0,565.0,359.4
SFCL,11/26/2020,145.0,151.0,138.0,142.0,-1.39,19745.0,565.0,359.4
SFCL,11/29/2020,141.0,142.0,140.0,142.0,0.0,5958.0,565.0,359.4
SFCL,11/30/2020,143.0,143.0,141.0,141.0,-0.7,5625.0,565.0,359.4
SFCL,12/1/2020,141.0,149.0,139.0,144.0,2.13,5912.0,565.0,359.4
SFCL,12/2/2020,145.0,146.0,141.0,145.0,0.69,4682.0,565.0,359.4
SFCL,12/3/2020,146.0,146.0,140.0,142.0,-2.07,4810.0,565.0,359.4
SFCL,12/6/2020,141.0,141.0,137.0,137.0,-3.52,2410.0,565.0,359.4
SFCL,12/7/2020,139.0,141.0,137.0,139.0,1.46,2134.0,565.0,359.4
SFCL,12/8/2020,140.0,142.0,137.0,138.0,-0.72,1714.0,565.0,359.4
SFCL,12/9/2020,136.0,144.0,134.0,140.0,1.45,3520.0,565.0,359.4
SFCL,12/10/2020,146.0,146.0,136.0,138.0,-1.43,1755.0,565.0,359.4
SFCL,12/13/2020,136.0,136.0,134.0,136.0,-1.45,1233.0,565.0,359.4
SFCL,12/14/2020,136.0,137.0,134.0,136.0,0.0,5133.0,565.0,359.4
SFCL,12/15/2020,138.0,140.0,132.0,133.0,-2.21,2811.0,565.0,359.4
SFCL,12/16/2020,133.0,135.0,131.0,133.0,0.0,3445.0,565.0,359.4
SFCL,12/17/2020,133.0,133.0,122.0,128.0,-3.76,45630.0,565.0,359.4
SFCL,12/20/2020,126.0,126.0,116.0,120.0,-6.25,33043.0,565.0,359.4
SFCL,12/21/2020,126.0,126.0,114.0,123.0,2.5,37791.0,565.0,359.4
SFCL,12/22/2020,125.0,135.0,125.0,135.0,9.76,50227.0,565.0,359.4
SFCL,12/23/2020,141.0,148.0,141.0,148.0,9.63,45112.0,565.0,359.4
SFCL,12/24/2020,155.0,162.0,134.0,136.0,-8.11,49630.0,565.0,359.4
SFCL,12/27/2020,142.0,142.0,130.0,134.0,-1.47,10119.0,565.0,359.4
SFCL,12/28/2020,132.0,134.0,129.0,129.0,-3.73,9655.0,565.0,359.4
SFCL,12/29/2020,131.0,132.0,128.0,130.0,0.78,7084.0,565.0,359.4
SFCL,12/30/2020,132.0,132.0,127.0,130.0,0.0,4611.0,565.0,359.4
SFCL,12/31/2020,129.0,130.0,128.0,129.0,-0.77,5106.0,565.0,359.4
SFCL,1/3/2021,130.0,132.0,128.0,130.0,0.78,10252.0,565.0,359.4
SFCL,1/4/2021,129.0,131.0,129.0,130.0,0.0,5160.0,565.0,359.4
SFCL,1/5/2021,130.0,131.0,127.0,129.0,-0.77,5072.0,565.0,359.4
SFCL,1/6/2021,128.0,135.0,128.0,130.0,0.78,11663.0,565.0,359.4
SFCL,1/7/2021,136.0,136.0,129.0,130.0,0.0,13103.0,565.0,359.4
SFCL,1/10/2021,132.0,135.0,128.0,133.0,2.31,17645.0,565.0,359.4
SFCL,1/11/2021,135.0,143.0,130.0,134.0,0.75,49702.0,565.0,359.4
SFCL,1/12/2021,136.0,147.0,136.0,147.0,9.7,36474.0,565.0,359.4
SFCL,1/13/2021,154.0,161.0,154.0,161.0,9.52,38463.0,565.0,359.4
SFCL,1/17/2021,169.0,177.0,149.0,169.0,4.97,227556.0,565.0,359.4
SFCL,1/18/2021,177.0,177.0,160.0,162.0,-4.14,47887.0,565.0,359.4
SFCL,1/19/2021,165.0,171.0,159.0,169.0,4.32,42062.0,565.0,359.4
SFCL,1/20/2021,172.0,185.0,167.0,184.0,8.88,108087.0,565.0,359.4
SFCL,1/21/2021,190.0,193.0,184.0,186.0,1.09,60433.0,565.0,359.4
SFCL,1/24/2021,195.0,195.0,177.0,185.0,-0.54,48966.0,565.0,359.4
SFCL,1/25/2021,194.0,198.0,181.0,181.0,-2.16,53427.0,565.0,359.4
SFCL,1/26/2021,190.0,190.0,176.0,179.0,-1.1,34978.0,565.0,359.4
SFCL,1/27/2021,180.0,184.0,179.0,180.0,0.56,36156.0,565.0,359.4
SFCL,1/28/2021,182.0,185.0,176.0,176.0,-2.22,22523.0,565.0,359.4
SFCL,1/31/2021,175.0,175.0,169.0,169.0,-3.98,23083.0,565.0,359.4
SFCL,2/1/2021,169.0,172.0,160.0,171.0,1.18,48861.0,565.0,359.4
SFCL,2/2/2021,170.0,180.0,168.0,168.0,-1.75,24477.0,565.0,359.4
SFCL,2/3/2021,171.0,180.0,165.0,167.0,-0.6,20517.0,565.0,359.4
SFCL,2/4/2021,164.0,177.0,161.0,165.0,-1.2,76217.0,565.0,359.4
SFCL,2/7/2021,164.0,170.0,162.0,164.0,-0.61,45965.0,565.0,359.4
SFCL,2/8/2021,165.0,174.0,164.0,168.0,2.44,41347.0,565.0,359.4
SFCL,2/9/2021,176.0,184.0,170.0,184.0,9.52,194305.0,565.0,359.4
SFCL,2/10/2021,193.0,202.0,183.0,191.0,3.8,128233.0,565.0,359.4
SFCL,2/11/2021,194.0,194.0,183.0,183.0,-4.19,26059.0,565.0,359.4
SFCL,2/14/2021,186.0,186.0,169.0,176.0,-3.83,26096.0,565.0,359.4
SFCL,2/15/2021,179.0,185.0,176.0,180.0,2.27,23383.0,565.0,359.4
SFCL,2/16/2021,178.0,183.0,177.0,179.0,-0.56,39156.0,565.0,359.4
SFCL,2/17/2021,187.0,196.0,183.0,196.0,9.5,88535.0,565.0,359.4
SFCL,2/18/2021,205.0,215.0,198.0,215.0,9.69,260673.0,565.0,359.4
SFCL,2/21/2021,225.0,236.0,221.0,236.0,9.77,142197.0,565.0,359.4
SFCL,2/22/2021,245.0,250.0,222.0,228.0,-3.39,169505.0,565.0,359.4
SFCL,2/23/2021,228.0,229.0,207.0,228.0,0.0,104792.0,565.0,359.4
SFCL,2/24/2021,230.0,244.0,223.0,230.0,0.88,53998.0,565.0,359.4
SFCL,2/25/2021,230.0,234.0,217.0,219.0,-4.78,45835.0,565.0,359.4
SFCL,2/28/2021,222.0,222.0,205.0,207.0,-5.48,47286.0,565.0,359.4
SFCL,3/1/2021,207.0,226.0,199.0,215.0,3.86,35243.0,565.0,359.4
SFCL,3/2/2021,215.0,218.0,199.0,205.0,-4.65,41177.0,565.0,359.4
SFCL,3/3/2021,215.0,215.0,196.0,200.0,-2.44,53148.0,565.0,359.4
SFCL,3/4/2021,203.0,217.0,197.0,211.0,5.5,39384.0,565.0,359.4
SFCL,3/7/2021,215.0,218.0,206.0,206.0,-2.37,14922.0,565.0,359.4
SFCL,3/9/2021,202.0,214.0,200.0,203.0,-1.46,34076.0,565.0,359.4
SFCL,3/10/2021,207.0,211.0,204.0,206.0,1.48,25876.0,565.0,359.4
SFCL,3/14/2021,209.0,209.0,197.0,200.0,-2.91,23159.0,565.0,359.4
SFCL,3/15/2021,204.0,208.0,196.0,201.0,0.5,20537.0,565.0,359.4
SFCL,3/16/2021,205.0,205.0,200.0,202.0,0.5,14890.0,565.0,359.4
SFCL,3/17/2021,206.0,206.0,202.0,204.0,0.99,14822.0,565.0,359.4
SFCL,3/18/2021,214.0,214.0,204.0,207.0,1.47,15370.0,565.0,359.4
SFCL,3/21/2021,203.0,208.0,203.0,204.0,-1.45,16500.0,565.0,359.4
SFCL,3/22/2021,201.0,209.0,201.0,205.0,0.49,18921.0,565.0,359.4
SFCL,3/23/2021,203.0,206.0,203.0,204.0,-0.49,15568.0,565.0,359.4
SFCL,3/24/2021,206.0,207.0,201.0,204.0,0.0,31101.0,565.0,359.4
SFCL,3/25/2021,214.0,214.0,203.0,203.0,-0.49,21307.0,565.0,359.4
SFCL,3/29/2021,213.0,213.0,200.0,201.0,-0.99,15071.0,565.0,359.4
SFCL,3/30/2021,204.0,204.0,200.0,200.0,-0.5,15320.0,565.0,359.4
SFCL,3/31/2021,204.0,208.0,200.0,203.0,1.5,12625.0,565.0,359.4
SFCL,4/1/2021,206.0,207.0,202.0,206.0,1.48,19340.0,565.0,359.4
SFCL,4/4/2021,216.0,216.0,203.0,205.0,-0.49,35441.0,565.0,359.4
SFCL,4/5/2021,208.0,210.0,206.0,208.0,1.46,18677.0,565.0,359.4
SFCL,4/6/2021,198.0,220.0,198.0,220.0,5.77,74565.0,565.0,359.4
SFCL,4/7/2021,222.0,229.0,214.0,214.0,-2.73,34362.0,565.0,359.4
SFCL,4/8/2021,204.0,222.0,204.0,222.0,3.74,68449.0,565.0,359.4
SFCL,4/12/2021,233.0,236.0,220.0,227.0,2.25,100826.0,565.0,359.4
SFCL,4/13/2021,216.0,239.0,216.0,229.0,0.88,70691.0,565.0,359.4
SFCL,4/15/2021,233.0,250.0,232.0,247.0,7.86,181845.0,565.0,359.4
SFCL,4/18/2021,255.0,255.0,237.0,241.0,-2.43,85290.0,565.0,359.4
SFCL,4/19/2021,244.0,247.0,236.0,243.0,0.83,55250.0,565.0,359.4
SFCL,4/20/2021,239.0,243.0,236.0,237.0,-2.47,36865.0,565.0,359.4
SFCL,4/21/2021,238.0,245.0,234.0,234.0,-1.27,33592.0,565.0,359.4
SFCL,4/22/2021,238.0,240.0,233.0,235.0,0.43,34634.0,565.0,359.4
SFCL,4/25/2021,239.0,239.0,219.0,221.0,-5.96,40646.0,565.0,359.4
SFCL,4/26/2021,218.0,227.0,209.0,217.0,-1.81,52849.0,565.0,359.4
SFCL,4/27/2021,221.0,231.0,214.0,230.0,5.99,22551.0,565.0,359.4
SFCL,4/28/2021,226.0,230.0,222.0,226.0,-1.74,11203.0,565.0,359.4
SFCL,4/29/2021,226.0,226.0,219.0,222.0,-1.77,10117.0,565.0,359.4
SFCL,5/2/2021,219.0,226.0,218.0,222.0,0.0,25219.0,565.0,359.4
SFCL,5/3/2021,225.0,233.0,218.0,224.0,0.9,14570.0,565.0,359.4
SFCL,5/4/2021,224.0,230.0,219.0,226.0,0.89,37276.0,565.0,359.4
SFCL,5/5/2021,230.0,247.0,223.0,245.0,8.41,151012.0,565.0,359.4
SFCL,5/6/2021,245.0,249.0,236.0,237.0,-3.27,67599.0,565.0,359.4
SFCL,5/9/2021,234.0,237.0,233.0,233.0,-1.69,18973.0,565.0,359.4
SFCL,5/10/2021,231.0,233.0,228.0,232.0,-0.43,14288.0,565.0,359.4
SFCL,5/11/2021,235.0,241.0,232.0,238.0,2.59,37669.0,565.0,359.4
SFCL,5/12/2021,239.0,261.0,239.0,257.0,7.98,197958.0,565.0,359.4
SFCL,5/13/2021,269.0,282.0,260.0,282.0,9.73,232254.0,565.0,359.4
SFCL,5/16/2021,296.0,296.0,270.0,274.0,-2.84,133263.0,565.0,359.4
SFCL,5/17/2021,287.0,290.0,267.0,284.0,3.65,172005.0,565.0,359.4
SFCL,5/18/2021,298.0,300.0,279.0,299.0,5.28,114668.0,565.0,359.4
SFCL,5/19/2021,310.0,310.0,282.0,285.0,-4.68,117140.0,565.0,359.4
SFCL,5/20/2021,285.0,301.0,277.0,299.0,4.91,167579.0,565.0,359.4
SFCL,5/23/2021,299.0,328.0,291.0,328.0,9.7,203279.0,565.0,359.4
SFCL,5/24/2021,344.0,344.0,307.0,316.0,-3.66,161575.0,565.0,359.4
SFCL,5/25/2021,320.0,320.0,311.0,313.0,-0.95,75642.0,565.0,359.4
SFCL,5/27/2021,310.0,333.0,296.0,319.0,1.92,114296.0,565.0,359.4
SFCL,5/30/2021,325.0,350.0,325.0,349.0,9.4,277047.0,565.0,359.4
SFCL,5/31/2021,355.0,376.0,348.0,348.0,-0.29,172976.0,565.0,359.4
SFCL,6/1/2021,345.0,360.0,338.0,341.0,-2.01,73190.0,565.0,359.4
SFCL,6/2/2021,347.0,375.0,346.0,375.0,9.97,210016.0,565.0,359.4
SFCL,6/3/2021,382.0,405.0,366.0,370.0,-1.33,153593.0,565.0,359.4
SFCL,6/6/2021,375.0,375.0,350.0,364.0,-1.62,127807.0,565.0,359.4
SFCL,6/7/2021,364.0,400.0,364.0,400.0,9.89,242719.0,565.0,359.4
SFCL,6/8/2021,408.0,440.0,408.0,439.0,9.75,158309.0,565.0,359.4
SFCL,6/9/2021,450.0,468.0,405.0,424.0,-3.42,178563.0,565.0,359.4
SFCL,6/10/2021,425.0,441.0,404.0,420.0,-0.94,177898.0,565.0,359.4
SFCL,6/13/2021,425.0,462.0,425.0,462.0,10.0,177152.0,565.0,359.4
SFCL,6/14/2021,480.0,483.0,440.0,451.0,-2.38,134954.0,565.0,359.4
SFCL,6/15/2021,450.0,454.0,422.0,425.0,-5.76,84230.0,565.0,359.4
SFCL,6/16/2021,404.0,426.0,383.0,385.0,-9.41,116114.0,565.0,359.4
SFCL,6/17/2021,390.0,407.0,362.0,394.0,2.34,71144.0,565.0,359.4
SFCL,6/20/2021,400.0,408.0,360.0,368.0,-6.6,53065.0,565.0,359.4
SFCL,6/21/2021,370.0,384.0,348.0,349.0,-5.16,60970.0,565.0,359.4
SFCL,6/22/2021,355.0,383.0,340.0,383.0,9.74,57857.0,565.0,359.4
SFCL,6/23/2021,380.0,417.0,379.0,384.0,0.26,63938.0,565.0,359.4
SFCL,6/24/2021,389.0,411.0,375.0,395.0,2.86,79527.0,565.0,359.4
SFCL,6/27/2021,402.0,402.0,385.0,387.0,-2.03,38997.0,565.0,359.4
SFCL,6/28/2021,393.0,394.0,373.0,375.0,-3.1,44713.0,565.0,359.4
SFCL,6/29/2021,357.0,380.0,350.0,352.0,-6.13,31250.0,565.0,359.4
SFCL,6/30/2021,352.0,384.0,345.0,371.0,5.4,57617.0,565.0,359.4
SFCL,7/1/2021,378.0,390.0,377.0,380.0,2.43,46082.0,565.0,359.4
SFCL,7/4/2021,380.0,393.0,367.0,374.0,-1.58,21913.0,565.0,359.4
SFCL,7/5/2021,380.0,381.0,366.0,371.0,-0.8,19548.0,565.0,359.4
SFCL,7/6/2021,376.0,380.0,360.0,372.0,0.27,21640.0,565.0,359.4
SFCL,7/7/2021,354.0,386.0,354.0,364.0,-2.15,14265.0,565.0,359.4
SFCL,7/8/2021,361.0,387.0,360.0,382.0,4.95,59963.0,565.0,359.4
SFCL,7/11/2021,401.0,420.0,391.0,420.0,9.95,131793.0,565.0,359.4
SFCL,7/12/2021,441.0,455.0,430.0,442.0,5.24,263707.0,565.0,359.4
SFCL,7/13/2021,450.0,485.0,443.0,472.0,6.79,167454.0,565.0,359.4
SFCL,7/14/2021,472.0,481.0,455.0,472.0,0.0,77648.0,565.0,359.4
SFCL,7/15/2021,480.0,480.0,460.0,469.0,-0.64,82645.0,565.0,359.4
SFCL,7/18/2021,478.0,515.9,469.0,515.9,10.0,214684.0,565.0,359.4
SFCL,7/19/2021,526.2,536.0,505.0,518.0,0.41,123162.0,565.0,359.4
SFCL,7/20/2021,528.3,528.3,510.0,520.0,0.39,82198.0,565.0,359.4
SFCL,7/22/2021,530.0,545.0,512.1,538.0,3.46,177307.0,565.0,359.4
SFCL,7/25/2021,540.0,544.0,525.0,528.0,-1.86,79922.0,565.0,359.4
SFCL,7/26/2021,535.0,540.0,530.0,531.0,0.57,99759.0,565.0,359.4
SFCL,7/27/2021,525.0,542.0,525.0,532.1,0.21,79297.0,565.0,359.4
SFCL,7/28/2021,542.0,551.0,527.0,527.0,-0.96,76903.0,565.0,359.4
SFCL,7/29/2021,525.0,550.0,525.0,531.0,0.76,64174.0,565.0,359.4
SFCL,8/1/2021,541.4,550.0,528.1,543.0,2.26,127318.0,565.0,359.4
SFCL,8/2/2021,553.8,597.0,550.0,582.0,7.18,420977.0,565.0,359.4
SFCL,8/3/2021,590.0,600.0,568.0,571.0,-1.89,99479.0,565.0,359.4
SFCL,8/4/2021,570.0,597.0,555.0,572.0,0.18,110375.0,565.0,359.4
SFCL,8/5/2021,583.0,583.0,560.0,562.0,-1.75,93242.0,565.0,359.4
SFCL,8/8/2021,573.0,576.0,565.0,571.0,1.6,73619.0,565.0,359.4
SFCL,8/9/2021,579.0,612.0,575.0,604.0,5.78,209272.0,565.0,359.4
SFCL,8/10/2021,616.0,664.4,616.0,659.0,9.11,190664.0,565.0,359.4
SFCL,8/11/2021,672.1,685.0,637.0,643.5,-2.35,116520.0,565.0,359.4
SFCL,8/12/2021,645.0,662.0,626.0,650.0,1.01,148704.0,565.0,359.4
SFCL,8/15/2021,650.0,650.0,595.0,620.0,-4.62,136609.0,565.0,359.4
SFCL,8/16/2021,632.4,632.4,607.0,623.0,0.48,53588.0,565.0,359.4
SFCL,8/17/2021,635.0,665.0,623.0,660.0,5.94,158669.0,565.0,359.4
SFCL,8/18/2021,673.2,720.0,673.2,685.0,3.79,187081.0,565.0,359.4
SFCL,8/19/2021,685.0,691.0,659.0,660.0,-3.65,111912.0,565.0,359.4
SFCL,8/24/2021,673.0,673.0,630.0,637.0,-3.48,89553.0,565.0,359.4
SFCL,8/25/2021,627.2,647.0,616.0,625.0,-1.88,47183.0,565.0,359.4
SFCL,8/26/2021,630.0,682.0,630.0,666.0,6.56,108853.0,565.0,359.4
SFCL,8/29/2021,679.3,700.0,655.0,667.0,0.15,131898.0,565.0,359.4
SFCL,8/31/2021,667.0,667.0,635.0,640.0,-4.05,72263.0,565.0,359.4
SFCL,9/1/2021,650.0,652.0,629.0,630.0,-1.56,41432.0,565.0,359.4
SFCL,9/2/2021,620.0,644.0,597.0,600.0,-4.76,49878.0,565.0,359.4
SFCL,9/5/2021,600.0,600.0,540.0,540.0,-10.0,60795.0,565.0,359.4
SFCL,9/6/2021,530.0,594.0,520.0,594.0,10.0,63967.0,565.0,359.4
SFCL,9/7/2021,605.8,620.0,583.0,607.0,2.19,62817.0,565.0,359.4
SFCL,9/8/2021,609.0,609.0,579.0,588.0,-3.13,20345.0,565.0,359.4
SFCL,9/9/2021,589.0,610.0,580.0,581.0,-1.19,20130.0,565.0,359.4
SFCL,9/12/2021,592.0,612.0,580.2,612.0,5.34,31698.0,565.0,359.4
SFCL,9/13/2021,624.2,630.0,599.8,602.9,-1.49,50536.0,565.0,359.4
SFCL,9/14/2021,614.5,614.5,593.0,603.0,0.02,22259.0,565.0,359.4
SFCL,9/15/2021,603.0,604.0,592.5,600.1,-0.48,27845.0,565.0,359.4
SFCL,9/16/2021,612.0,612.0,569.0,570.0,-5.02,45667.0,565.0,359.4
SFCL,9/20/2021,575.0,581.0,520.0,520.0,-8.77,36008.0,565.0,359.4
SFCL,9/21/2021,516.0,551.8,470.0,516.0,-0.77,36182.0,565.0,359.4
SFCL,9/22/2021,526.3,566.1,526.3,560.0,8.53,39362.0,565.0,359.4
SFCL,9/23/2021,571.2,581.9,535.0,540.0,-3.57,47377.0,565.0,359.4
SFCL,9/26/2021,530.0,550.0,505.0,507.0,-6.11,35943.0,565.0,359.4
SFCL,9/27/2021,517.1,517.1,465.8,473.0,-6.71,37518.0,565.0,359.4
SFCL,9/28/2021,482.0,482.0,426.0,430.0,-9.09,40862.0,565.0,359.4
SFCL,9/29/2021,428.0,466.0,414.0,447.0,3.95,36684.0,565.0,359.4
SFCL,9/30/2021,455.0,470.0,431.0,432.0,-3.36,22022.0,565.0,359.4
SFCL,10/3/2021,431.0,442.0,414.0,420.0,-2.78,17038.0,565.0,359.4
SFCL,10/4/2021,412.0,436.5,394.0,405.0,-3.57,16497.0,565.0,359.4
SFCL,10/5/2021,413.0,429.7,405.0,420.0,3.7,13973.0,565.0,359.4
SFCL,10/6/2021,428.4,462.0,427.0,457.0,8.81,24570.0,565.0,359.4
SFCL,10/10/2021,466.0,493.0,455.0,458.0,0.22,22468.0,565.0,359.4
SFCL,10/11/2021,450.1,455.0,441.0,455.0,-0.66,9198.0,565.0,359.4
SFCL,10/17/2021,460.0,460.0,442.0,448.0,-1.54,2755.0,565.0,359.4
SFCL,10/18/2021,448.0,448.0,425.0,430.0,-4.02,8740.0,565.0,359.4
SFCL,10/19/2021,428.0,430.0,394.0,408.0,-5.12,31295.0,565.0,359.4
SFCL,10/20/2021,416.1,432.0,411.7,431.0,5.64,12890.0,565.0,359.4
SFCL,10/21/2021,439.5,440.0,415.2,421.0,-2.32,5862.0,565.0,359.4
SFCL,10/24/2021,422.0,457.0,409.0,443.0,5.23,15893.0,565.0,359.4
SFCL,10/25/2021,446.0,481.0,446.0,480.0,8.35,31981.0,565.0,359.4
SFCL,10/26/2021,489.0,528.0,489.0,515.0,7.29,40893.0,565.0,359.4
SFCL,10/27/2021,517.0,543.0,493.0,517.0,0.39,37362.0,565.0,359.4
SFCL,10/28/2021,509.1,527.0,509.1,515.0,-0.39,22874.0,565.0,359.4
SFCL,10/31/2021,525.0,556.9,519.0,550.0,6.8,30548.0,565.0,359.4
SFCL,11/1/2021,550.0,570.0,530.0,535.0,-2.73,29819.0,565.0,359.4
SFCL,11/2/2021,535.0,562.0,520.0,562.0,5.05,20248.0,565.0,359.4
SFCL,11/3/2021,562.0,565.0,545.3,550.1,-2.12,16651.0,565.0,359.4
SFCL,11/8/2021,561.1,561.1,535.0,535.0,-2.74,13400.0,565.0,359.4
SFCL,11/9/2021,526.0,538.0,495.0,515.0,-3.74,36985.0,565.0,359.4
SFCL,11/11/2021,504.7,515.0,485.0,492.0,-4.47,22135.0,565.0,359.4
SFCL,11/14/2021,485.5,510.0,483.0,504.0,2.44,17026.0,565.0,359.4
SFCL,11/15/2021,514.0,522.0,508.0,516.0,2.38,19132.0,565.0,359.4
SFCL,11/16/2021,526.3,545.0,508.0,529.0,2.52,26968.0,565.0,359.4
SFCL,11/17/2021,539.0,549.0,530.0,530.0,0.19,29947.0,565.0,359.4
SFCL,11/18/2021,530.0,540.0,515.0,515.1,-2.81,16572.0,565.0,359.4
SFCL,11/21/2021,504.8,544.0,504.8,535.6,3.98,47056.0,565.0,359.4
SFCL,11/22/2021,545.0,546.3,530.0,537.0,0.26,10627.0,565.0,359.4
SFCL,11/23/2021,535.0,535.0,515.1,525.0,-2.23,18768.0,565.0,359.4
SFCL,11/24/2021,520.0,532.0,505.1,520.0,-0.95,26587.0,565.0,359.4
SFCL,11/25/2021,530.4,572.0,530.4,568.2,9.27,117414.0,565.0,359.4
SFCL,11/28/2021,556.9,584.0,527.4,542.0,-4.61,87370.0,565.0,359.4
SFCL,11/29/2021,534.0,562.0,534.0,545.0,0.55,29551.0,565.0,359.4
SFCL,11/30/2021,555.9,567.0,545.3,556.0,2.02,53067.0,565.0,359.4
SFCL,12/1/2021,564.0,603.0,564.0,599.0,7.73,104239.0,565.0,359.4
SFCL,12/2/2021,600.0,605.0,560.0,569.0,-5.01,73683.0,565.0,359.4
SFCL,12/5/2021,560.0,579.9,544.9,554.1,-2.62,55787.0,565.0,359.4
SFCL,12/6/2021,554.0,565.0,530.0,560.0,1.06,49060.0,565.0,359.4
SFCL,12/7/2021,571.2,571.2,538.0,538.0,-3.93,18290.0,565.0,359.4
SFCL,12/8/2021,548.7,548.7,515.0,524.9,-2.43,36106.0,565.0,359.4
SFCL,12/9/2021,535.3,535.3,510.1,523.0,-0.36,20909.0,565.0,359.4
SFCL,12/12/2021,520.0,520.0,498.9,498.9,-4.61,33817.0,565.0,359.4
SFCL,12/13/2021,489.0,490.0,456.8,460.0,-7.8,36918.0,565.0,359.4
SFCL,12/14/2021,450.8,506.0,450.8,506.0,10.0,12902.0,565.0,359.4
SFCL,12/15/2021,516.1,533.0,490.1,520.0,2.77,48321.0,565.0,359.4
SFCL,12/16/2021,530.4,545.0,505.0,519.0,-0.19,132745.0,565.0,359.4
SFCL,12/20/2021,529.0,529.0,490.0,492.0,-5.2,24611.0,565.0,359.4
SFCL,12/21/2021,482.2,510.0,482.2,493.0,0.2,23366.0,565.0,359.4
SFCL,12/22/2021,502.8,512.8,489.0,495.0,0.41,59411.0,565.0,359.4
SFCL,12/23/2021,504.9,510.0,491.0,492.0,-0.61,144293.0,565.0,359.4
SFCL,12/26/2021,368.5,390.0,366.0,367.0,-25.41,35064.0,565.0,359.4
SFCL,12/27/2021,373.9,374.3,350.0,353.0,-3.81,30575.0,565.0,359.4
SFCL,12/28/2021,349.7,371.0,340.0,358.6,1.59,14812.0,565.0,359.4
SFCL,12/29/2021,361.5,365.0,348.0,348.0,-2.96,10265.0,565.0,359.4
SFCL,1/2/2022,353.9,354.0,336.0,345.0,-0.86,12156.0,565.0,359.4
SFCL,1/3/2022,350.9,357.9,344.0,354.0,2.61,17623.0,565.0,359.4
SFCL,1/4/2022,360.6,369.2,350.0,367.0,3.67,24708.0,565.0,359.4
SFCL,1/5/2022,371.0,390.0,369.0,378.0,3.0,43402.0,565.0,359.4
SFCL,1/6/2022,384.0,385.0,372.0,380.0,0.53,24572.0,565.0,359.4
SFCL,1/9/2022,387.6,405.9,386.9,400.0,5.26,49628.0,565.0,359.4
SFCL,1/10/2022,407.0,420.0,400.0,409.0,2.25,31330.0,565.0,359.4
SFCL,1/11/2022,410.0,446.0,405.0,425.0,3.91,50725.0,565.0,359.4
SFCL,1/12/2022,433.0,439.9,408.8,410.2,-3.48,52218.0,565.0,359.4
SFCL,1/13/2022,410.0,435.0,407.0,435.0,6.05,49246.0,565.0,359.4
SFCL,1/16/2022,443.0,457.0,440.0,445.0,2.3,47425.0,565.0,359.4
SFCL,1/17/2022,445.0,451.0,432.0,444.1,-0.2,31839.0,565.0,359.4
SFCL,1/18/2022,452.0,452.0,427.4,435.0,-2.05,31228.0,565.0,359.4
SFCL,1/19/2022,438.0,439.0,419.0,424.5,-2.41,28429.0,565.0,359.4
SFCL,1/20/2022,417.1,435.0,417.0,430.0,1.3,29326.0,565.0,359.4
SFCL,1/23/2022,435.0,437.0,418.8,422.5,-1.74,19941.0,565.0,359.4
SFCL,1/24/2022,415.0,427.0,396.4,404.0,-4.38,45880.0,565.0,359.4
SFCL,1/25/2022,396.1,418.9,382.2,397.0,-1.73,32522.0,565.0,359.4
SFCL,1/26/2022,404.0,404.0,381.0,382.5,-3.65,25100.0,565.0,359.4
SFCL,1/27/2022,390.1,397.8,380.0,385.0,0.65,24317.0,565.0,359.4
SFCL,1/30/2022,392.0,416.0,392.0,412.0,7.01,19909.0,565.0,359.4
SFCL,1/31/2022,420.0,420.0,400.0,400.0,-2.91,21103.0,565.0,359.4
SFCL,2/1/2022,404.0,413.1,400.0,410.0,2.5,17942.0,565.0,359.4
SFCL,2/3/2022,418.2,434.0,408.0,408.1,-0.46,28581.0,565.0,359.4
SFCL,2/6/2022,408.0,411.0,397.0,398.1,-2.45,21192.0,565.0,359.4
SFCL,2/7/2022,398.1,405.0,397.0,399.0,0.23,8548.0,565.0,359.4
SFCL,2/8/2022,406.9,431.5,404.0,408.0,2.26,42686.0,565.0,359.4
SFCL,2/9/2022,415.0,415.0,398.0,402.0,-1.47,14335.0,565.0,359.4
SFCL,2/10/2022,400.0,402.0,390.0,390.1,-2.96,13865.0,565.0,359.4
SFCL,2/13/2022,382.3,382.3,372.0,372.1,-4.61,23192.0,565.0,359.4
SFCL,2/14/2022,379.0,392.0,375.0,378.0,1.59,19886.0,565.0,359.4
SFCL,2/15/2022,380.0,395.0,378.0,395.0,4.5,8416.0,565.0,359.4
SFCL,2/16/2022,395.0,404.1,385.0,388.0,-1.77,16308.0,565.0,359.4
SFCL,2/17/2022,385.0,390.0,382.0,382.1,-1.52,8244.0,565.0,359.4
SFCL,2/20/2022,382.0,387.0,370.0,372.0,-2.64,18205.0,565.0,359.4
SFCL,2/21/2022,377.0,378.9,373.1,377.0,1.34,7758.0,565.0,359.4
SFCL,2/22/2022,383.9,386.0,380.0,383.0,1.59,9994.0,565.0,359.4
SFCL,2/23/2022,385.0,387.6,380.5,383.0,0.0,6669.0,565.0,359.4
SFCL,2/24/2022,375.4,383.0,368.1,372.0,-2.87,9633.0,565.0,359.4
SFCL,2/27/2022,372.0,377.0,364.6,370.0,-0.54,7386.0,565.0,359.4
SFCL,2/28/2022,370.0,377.0,353.1,355.0,-4.05,12792.0,565.0,359.4
SFCL,3/2/2022,348.0,354.0,335.1,342.0,-3.66,12531.0,565.0,359.4
SFCL,3/6/2022,343.0,350.0,336.2,337.0,-1.46,9178.0,565.0,359.4
SFCL,3/7/2022,343.0,343.0,332.3,332.5,-1.34,7425.0,565.0,359.4
SFCL,3/9/2022,332.0,337.0,318.0,322.0,-3.16,13081.0,565.0,359.4
SFCL,3/10/2022,322.0,350.1,317.0,339.0,5.28,10558.0,565.0,359.4
SFCL,3/13/2022,345.7,360.0,345.7,358.0,5.6,17583.0,565.0,359.4
SFCL,3/14/2022,365.1,365.1,350.0,357.0,-0.28,1751.0,565.0,359.4
SFCL,3/15/2022,355.0,355.0,345.0,351.0,-1.68,6402.0,565.0,359.4
SFCL,3/16/2022,349.9,352.0,345.0,345.0,-1.71,5237.0,565.0,359.4
SFCL,3/20/2022,345.0,350.8,343.0,343.3,-0.49,4536.0,565.0,359.4
SFCL,3/21/2022,341.1,359.9,341.1,355.0,3.41,8955.0,565.0,359.4
SFCL,3/22/2022,362.0,362.9,352.8,355.0,0.0,7786.0,565.0,359.4
SFCL,3/23/2022,359.9,360.0,343.0,350.0,-1.41,5548.0,565.0,359.4
SFCL,3/24/2022,350.0,351.0,338.1,338.2,-3.37,10416.0,565.0,359.4
SFCL,3/27/2022,340.0,340.0,320.1,329.0,-2.72,10200.0,565.0,359.4
SFCL,3/28/2022,324.0,331.0,315.0,318.0,-3.34,7114.0,565.0,359.4
SFCL,3/29/2022,318.0,324.0,315.0,322.0,1.26,4771.0,565.0,359.4
SFCL,3/30/2022,328.0,334.4,321.5,333.0,3.42,7707.0,565.0,359.4
SFCL,3/31/2022,335.0,335.0,321.0,321.0,-3.6,6915.0,565.0,359.4
SFCL,4/3/2022,321.0,325.0,318.5,318.6,-0.75,1921.0,565.0,359.4
SFCL,4/4/2022,324.0,324.9,313.0,313.0,-1.76,5852.0,565.0,359.4
SFCL,4/5/2022,307.1,309.0,299.1,303.4,-3.07,8553.0,565.0,359.4
SFCL,4/6/2022,299.1,309.0,295.0,295.0,-2.77,11416.0,565.0,359.4
SFCL,4/7/2022,290.0,308.0,289.1,302.0,2.37,8155.0,565.0,359.4
SFCL,4/11/2022,308.0,311.9,289.4,291.0,-3.64,7184.0,565.0,359.4
SFCL,4/12/2022,291.0,291.1,278.0,278.0,-4.47,6378.0,565.0,359.4
SFCL,4/13/2022,283.0,288.0,275.0,284.0,2.16,4507.0,565.0,359.4
SFCL,4/17/2022,283.0,298.0,277.0,280.0,-1.41,6176.0,565.0,359.4
SFCL,4/18/2022,275.0,285.5,266.2,270.0,-3.57,7599.0,565.0,359.4
SFCL,4/19/2022,265.1,275.0,263.0,272.0,0.74,9726.0,565.0,359.4
SFCL,4/20/2022,277.4,277.4,250.2,260.0,-4.41,8076.0,565.0,359.4
SFCL,4/21/2022,256.7,265.0,245.0,258.0,-0.77,10649.0,565.0,359.4
SFCL,4/24/2022,263.0,283.8,261.0,280.0,8.53,11777.0,565.0,359.4
SFCL,4/25/2022,285.0,300.0,280.0,280.0,0.0,14289.0,565.0,359.4
SFCL,4/26/2022,285.0,290.0,274.0,280.0,0.0,4568.0,565.0,359.4
SFCL,4/27/2022,277.0,288.0,275.1,288.0,2.86,2413.0,565.0,359.4
SFCL,4/28/2022,293.7,298.0,287.0,287.2,-0.28,10711.0,565.0,359.4
SFCL,5/2/2022,282.0,284.9,267.0,275.0,-4.25,5238.0,565.0,359.4
SFCL,5/4/2022,274.0,280.4,263.0,263.7,-4.11,3974.0,565.0,359.4
SFCL,5/5/2022,259.1,264.1,253.0,253.0,-4.06,5039.0,565.0,359.4
SFCL,5/8/2022,257.9,262.0,248.0,262.0,3.56,4662.0,565.0,359.4
SFCL,5/9/2022,266.0,275.0,261.0,270.0,3.05,4318.0,565.0,359.4
SFCL,5/10/2022,275.0,285.0,275.0,284.0,5.19,7065.0,565.0,359.4
SFCL,5/11/2022,283.0,300.0,283.0,300.0,5.63,9578.0,565.0,359.4
SFCL,5/12/2022,302.79,321.0,302.0,305.0,1.67,18780.0,565.0,359.4
SFCL,5/17/2022,299.0,299.0,282.0,282.0,-7.54,6693.0,565.0,359.4
SFCL,5/18/2022,286.0,288.0,276.4,288.0,2.13,2515.0,565.0,359.4
SFCL,5/19/2022,288.0,295.0,279.0,280.0,-2.78,2834.0,565.0,359.4
SFCL,5/20/2022,275.0,284.9,275.0,280.0,0.0,3413.0,565.0,359.4
SFCL,5/23/2022,274.4,275.0,269.0,275.0,-1.79,2840.0,565.0,359.4
SFCL,5/24/2022,270.1,285.6,270.1,283.0,2.91,5043.0,565.0,359.4
SFCL,5/25/2022,277.4,277.4,258.4,273.5,-3.36,46995.0,565.0,359.4
SFCL,5/26/2022,277.9,277.9,263.0,267.0,-2.38,13359.0,565.0,359.4
SFCL,5/27/2022,271.0,271.0,256.0,260.0,-2.62,15847.0,565.0,359.4
SFCL,5/30/2022,265.2,265.2,244.1,246.0,-5.38,13344.0,565.0,359.4
SFCL,5/31/2022,244.0,244.0,233.9,235.0,-4.47,26236.0,565.0,359.4
SFCL,6/1/2022,230.5,248.8,230.5,237.0,0.85,8740.0,565.0,359.4
SFCL,6/2/2022,237.0,245.0,233.0,238.6,0.68,8107.0,565.0,359.4
SFCL,6/3/2022,235.0,235.1,226.6,233.0,-2.35,18813.0,565.0,359.4
SFCL,6/6/2022,235.0,237.0,227.4,232.6,-0.17,10996.0,565.0,359.4
SFCL,6/7/2022,235.0,235.0,222.0,223.3,-4.0,6571.0,565.0,359.4
SFCL,6/8/2022,227.7,242.7,220.0,236.0,5.69,15092.0,565.0,359.4
SFCL,6/9/2022,240.0,251.0,230.0,233.0,-1.27,25596.0,565.0,359.4
SFCL,6/10/2022,233.0,234.7,225.4,232.5,-0.21,8967.0,565.0,359.4
SFCL,6/13/2022,233.4,233.4,221.0,226.0,-2.8,8225.0,565.0,359.4
SFCL,6/14/2022,229.9,229.9,220.0,224.7,-0.58,12622.0,565.0,359.4
SFCL,6/15/2022,220.3,224.0,212.1,218.0,-2.98,8549.0,565.0,359.4
SFCL,6/16/2022,222.0,226.0,213.8,220.0,0.92,8874.0,565.0,359.4
SFCL,6/17/2022,224.0,224.0,217.5,220.0,0.0,1059.0,565.0,359.4
SFCL,6/19/2022,224.4,225.0,209.0,214.0,-2.73,11879.0,565.0,359.4
SFCL,6/20/2022,210.0,210.0,198.2,199.0,-7.01,23260.0,565.0,359.4
SFCL,6/21/2022,201.0,211.0,200.0,206.5,3.77,14343.0,565.0,359.4
SFCL,6/22/2022,207.0,207.0,199.0,199.0,-3.63,10728.0,565.0,359.4
SFCL,6/23/2022,195.2,195.3,188.0,188.0,-5.53,16836.0,565.0,359.4
SFCL,6/24/2022,186.0,204.0,179.4,195.5,3.99,13316.0,565.0,359.4
SFCL,6/26/2022,197.0,215.0,197.0,214.0,9.46,21267.0,565.0,359.4
SFCL,6/27/2022,218.2,219.3,206.0,206.0,-3.74,16985.0,565.0,359.4
SFCL,6/28/2022,201.9,205.9,199.5,199.5,-3.16,7033.0,565.0,359.4
SFCL,6/29/2022,203.0,215.0,199.0,211.0,5.76,28441.0,565.0,359.4
SFCL,6/30/2022,214.9,229.0,211.0,228.9,8.48,40893.0,565.0,359.4
SFCL,7/1/2022,231.0,237.6,221.0,228.0,-0.39,28616.0,565.0,359.4
SFCL,7/3/2022,232.4,238.0,223.6,236.9,3.9,34936.0,565.0,359.4
SFCL,7/4/2022,239.0,256.5,226.1,230.0,-2.91,58946.0,565.0,359.4
SFCL,7/5/2022,230.0,238.5,223.0,227.5,-1.09,44024.0,565.0,359.4
SFCL,7/6/2022,223.0,233.0,214.3,229.0,0.66,28105.0,565.0,359.4
SFCL,7/7/2022,229.0,238.0,225.4,228.0,-0.44,20656.0,565.0,359.4
SFCL,7/8/2022,226.0,230.0,215.3,220.6,-3.25,9641.0,565.0,359.4
SFCL,7/11/2022,216.2,216.2,203.9,206.0,-6.62,31842.0,565.0,359.4
SFCL,7/12/2022,210.0,216.9,205.0,207.0,0.49,10758.0,565.0,359.4
SFCL,7/13/2022,211.0,226.0,210.5,225.0,8.7,27140.0,565.0,359.4
SFCL,7/14/2022,227.0,234.0,220.0,224.0,-0.44,20255.0,565.0,359.4
SFCL,7/15/2022,225.0,225.0,220.5,223.0,-0.45,3942.0,565.0,359.4
SFCL,7/17/2022,224.0,225.0,216.2,216.6,-2.87,8992.0,565.0,359.4
SFCL,7/18/2022,220.0,225.0,215.7,223.9,3.37,18582.0,565.0,359.4
SFCL,7/19/2022,227.0,238.5,225.0,232.0,3.62,40558.0,565.0,359.4
SFCL,7/20/2022,236.0,245.0,228.0,234.9,1.25,24339.0,565.0,359.4
SFCL,7/21/2022,234.9,240.0,226.0,230.0,-2.09,21984.0,565.0,359.4
SFCL,7/22/2022,230.0,233.0,224.0,225.0,-2.17,17053.0,565.0,359.4
SFCL,7/24/2022,221.0,247.5,221.0,247.5,10.0,59525.0,565.0,359.4
SFCL,7/25/2022,252.0,272.2,248.0,272.2,9.98,81058.0,565.0,359.4
SFCL,7/26/2022,277.6,296.0,258.0,281.0,3.23,114169.0,565.0,359.4
SFCL,7/27/2022,275.4,294.9,261.0,289.0,2.85,87262.0,565.0,359.4
SFCL,7/28/2022,294.7,317.9,294.7,312.0,7.96,132372.0,565.0,359.4
SFCL,7/29/2022,315.0,320.0,309.0,315.0,0.96,41931.0,565.0,359.4
SFCL,7/31/2022,319.0,320.0,300.7,307.0,-2.54,76035.0,565.0,359.4
SFCL,8/1/2022,307.0,313.0,295.0,301.5,-1.79,31144.0,565.0,359.4
SFCL,8/2/2022,300.0,311.1,297.0,302.5,0.33,31731.0,565.0,359.4
SFCL,8/3/2022,308.0,331.0,302.3,329.0,8.76,157160.0,565.0,359.4
SFCL,8/4/2022,330.0,357.0,318.0,339.0,3.04,147643.0,565.0,359.4
SFCL,8/5/2022,332.7,339.0,320.4,322.5,-4.87,52852.0,565.0,359.4
SFCL,8/7/2022,321.0,328.0,316.1,325.0,0.78,54599.0,565.0,359.4
SFCL,8/8/2022,331.0,331.0,311.2,318.0,-2.15,53822.0,565.0,359.4
SFCL,8/9/2022,324.3,324.3,299.1,301.0,-5.35,76704.0,565.0,359.4
SFCL,8/10/2022,296.0,306.0,291.1,298.0,-1.0,51939.0,565.0,359.4
SFCL,8/11/2022,294.0,306.0,280.0,283.2,-4.97,45956.0,565.0,359.4
SFCL,8/14/2022,281.0,294.6,278.4,279.0,-1.48,30469.0,565.0,359.4
SFCL,8/15/2022,273.6,301.0,273.6,301.0,7.89,44888.0,565.0,359.4
SFCL,8/16/2022,307.0,320.0,289.0,289.1,-3.95,59911.0,565.0,359.4
SFCL,8/17/2022,293.0,306.0,290.0,293.0,1.35,29975.0,565.0,359.4
SFCL,8/18/2022,289.0,309.8,289.0,304.0,3.75,47301.0,565.0,359.4
SFCL,8/21/2022,310.0,316.2,298.0,304.0,0.0,38609.0,565.0,359.4
SFCL,8/22/2022,300.0,306.0,295.1,299.0,-1.64,15609.0,565.0,359.4
SFCL,8/23/2022,304.0,306.0,294.0,300.0,0.33,30056.0,565.0,359.4
SFCL,8/24/2022,305.0,307.0,297.0,300.0,0.0,15679.0,565.0,359.4
SFCL,8/25/2022,302.0,306.0,291.2,292.0,-2.67,31972.0,565.0,359.4
SFCL,8/26/2022,291.0,291.7,284.0,287.7,-1.47,18576.0,565.0,359.4
SFCL,8/28/2022,282.0,287.0,274.4,281.9,-2.02,40412.0,565.0,359.4
SFCL,8/29/2022,279.0,290.7,275.0,290.7,3.12,30357.0,565.0,359.4
SFCL,8/30/2022,296.5,296.5,282.3,284.0,-2.3,16410.0,565.0,359.4
SFCL,8/31/2022,288.0,288.0,275.0,276.0,-2.82,12216.0,565.0,359.4
SFCL,9/1/2022,271.0,285.0,268.0,272.3,-1.34,33415.0,565.0,359.4
SFCL,9/2/2022,276.0,284.0,271.6,274.0,0.62,6646.0,565.0,359.4
SFCL,9/4/2022,279.0,284.0,274.2,278.4,1.61,25015.0,565.0,359.4
SFCL,9/5/2022,283.9,287.0,276.0,276.6,-0.65,15039.0,565.0,359.4
SFCL,9/6/2022,280.0,280.0,268.0,268.0,-3.11,15017.0,565.0,359.4
SFCL,9/7/2022,267.9,273.0,264.0,265.4,-0.97,7881.0,565.0,359.4
SFCL,9/8/2022,261.0,278.0,259.0,272.0,2.49,49526.0,565.0,359.4
SFCL,9/11/2022,274.0,277.0,267.0,267.0,-1.84,11770.0,565.0,359.4
SFCL,9/12/2022,267.0,267.0,262.0,263.0,-1.5,12286.0,565.0,359.4
SFCL,9/13/2022,266.0,273.3,264.0,265.0,0.76,26569.0,565.0,359.4
SFCL,9/14/2022,270.0,287.0,269.0,283.0,6.79,53734.0,565.0,359.4
SFCL,9/15/2022,288.6,288.6,262.0,262.2,-7.35,47992.0,565.0,359.4
SFCL,9/16/2022,259.0,267.7,250.0,266.9,1.79,23509.0,565.0,359.4
SFCL,9/18/2022,262.0,265.0,252.1,253.0,-5.21,16156.0,565.0,359.4
SFCL,9/20/2022,250.0,254.0,233.3,236.0,-6.72,36559.0,565.0,359.4
SFCL,9/21/2022,236.0,256.0,236.0,242.0,2.54,25878.0,565.0,359.4
SFCL,9/22/2022,246.0,250.0,237.3,238.6,-1.4,10958.0,565.0,359.4
SFCL,9/25/2022,240.0,240.0,231.0,232.0,-2.77,24260.0,565.0,359.4
SFCL,9/27/2022,233.0,242.9,233.0,236.5,1.94,14449.0,565.0,359.4
SFCL,9/28/2022,241.0,241.0,235.2,240.0,1.48,5174.0,565.0,359.4
SFCL,9/29/2022,244.0,244.0,235.2,242.0,0.83,11308.0,565.0,359.4
SFCL,10/9/2022,246.8,255.0,240.0,255.0,5.37,16570.0,565.0,359.4
SFCL,10/10/2022,259.0,259.0,242.0,248.9,-2.39,24031.0,565.0,359.4
SFCL,10/11/2022,249.0,252.0,241.0,246.5,-0.96,8958.0,565.0,359.4
SFCL,10/12/2022,250.9,257.0,241.1,255.0,3.45,28108.0,565.0,359.4
SFCL,10/13/2022,259.0,263.9,254.0,255.4,0.16,20252.0,565.0,359.4
SFCL,10/16/2022,255.2,255.2,245.1,248.0,-2.9,8964.0,565.0,359.4
SFCL,10/17/2022,244.0,251.0,244.0,246.0,-0.81,4594.0,565.0,359.4
SFCL,10/19/2022,244.0,244.0,238.0,239.0,-2.85,13753.0,565.0,359.4
SFCL,10/20/2022,243.0,243.0,235.0,235.6,-1.42,7044.0,565.0,359.4
SFCL,10/23/2022,236.0,240.0,236.0,239.9,1.83,5833.0,565.0,359.4
SFCL,10/31/2022,240.0,247.0,238.0,244.5,1.92,8114.0,565.0,359.4
SFCL,11/1/2022,245.0,262.0,242.0,261.1,6.79,29538.0,565.0,359.4
SFCL,11/2/2022,266.0,278.0,256.5,262.9,0.69,44459.0,565.0,359.4
SFCL,11/3/2022,259.0,264.1,255.0,255.0,-3.0,17836.0,565.0,359.4
SFCL,11/6/2022,259.0,268.0,255.1,266.0,4.31,17108.0,565.0,359.4
SFCL,11/7/2022,268.0,278.0,259.0,260.0,-2.26,31663.0,565.0,359.4
SFCL,11/8/2022,263.0,269.2,258.0,265.0,1.92,10657.0,565.0,359.4
SFCL,11/9/2022,261.0,263.9,249.1,250.0,-5.66,32766.0,565.0,359.4
SFCL,11/10/2022,245.0,255.0,241.0,242.0,-3.2,15726.0,565.0,359.4
SFCL,11/13/2022,237.5,250.0,237.0,247.8,2.4,12980.0,565.0,359.4
SFCL,11/14/2022,252.6,255.9,245.0,255.5,3.11,9223.0,565.0,359.4
SFCL,11/15/2022,251.1,257.9,243.3,245.0,-4.11,16013.0,565.0,359.4
SFCL,11/16/2022,248.0,251.9,245.1,249.9,2.0,5121.0,565.0,359.4
SFCL,11/17/2022,253.0,262.0,250.0,260.0,4.04,39305.0,565.0,359.4
SFCL,11/22/2022,265.2,268.0,252.5,257.5,-0.96,22574.0,565.0,359.4
SFCL,11/23/2022,253.2,257.0,247.0,250.0,-2.91,10775.0,565.0,359.4
SFCL,11/24/2022,245.0,259.9,245.0,259.9,3.96,17522.0,565.0,359.4
SFCL,11/27/2022,264.9,268.0,251.0,265.1,2.0,26035.0,565.0,359.4
SFCL,11/28/2022,270.4,275.0,262.0,270.0,1.85,38426.0,565.0,359.4
SFCL,11/29/2022,265.0,273.0,264.8,268.0,-0.74,8865.0,565.0,359.4
SFCL,11/30/2022,263.0,270.0,263.0,269.0,0.37,6818.0,565.0,359.4
SFCL,12/1/2022,266.0,278.4,265.0,275.0,2.23,20522.0,565.0,359.4
SFCL,12/4/2022,280.5,280.5,265.0,270.0,-1.82,20283.0,565.0,359.4
SFCL,12/5/2022,274.0,274.0,259.5,259.9,-3.74,18545.0,565.0,359.4
SFCL,12/6/2022,256.0,262.1,256.0,262.0,0.81,7243.0,565.0,359.4
SFCL,12/7/2022,257.0,263.0,257.0,261.9,-0.04,6159.0,565.0,359.4
SFCL,12/11/2022,256.8,260.0,253.0,255.0,-2.63,11076.0,565.0,359.4
SFCL,12/12/2022,259.0,260.0,254.4,258.0,1.18,7354.0,565.0,359.4
SFCL,12/13/2022,256.0,258.1,255.0,257.7,-0.12,7110.0,565.0,359.4
SFCL,12/14/2022,255.0,265.0,249.0,255.0,-1.05,9447.0,565.0,359.4
SFCL,12/15/2022,260.1,260.1,247.0,248.0,-2.75,9032.0,565.0,359.4
SFCL,12/18/2022,247.0,247.0,241.0,243.8,-1.69,12316.0,565.0,359.4
SFCL,12/19/2022,248.5,249.9,244.0,245.0,0.49,7785.0,565.0,359.4
SFCL,12/20/2022,242.0,250.0,242.0,246.0,0.41,6754.0,565.0,359.4
SFCL,12/21/2022,245.0,249.0,240.4,241.0,-2.03,17867.0,565.0,359.4
SFCL,12/22/2022,239.0,241.5,237.1,238.0,-1.24,8882.0,565.0,359.4
SFCL,12/26/2022,241.7,261.8,241.7,260.8,9.58,32616.0,565.0,359.4
SFCL,12/27/2022,266.0,281.0,266.0,275.0,5.44,46195.0,565.0,359.4
SFCL,12/28/2022,275.0,287.0,265.0,270.1,-1.78,40094.0,565.0,359.4
SFCL,12/29/2022,275.0,291.0,266.0,289.9,7.33,75991.0,565.0,359.4
SFCL,1/1/2023,295.6,303.0,282.3,292.9,1.03,75847.0,565.0,359.4
SFCL,1/2/2023,292.0,303.0,282.0,298.0,1.74,67752.0,565.0,359.4
SFCL,1/3/2023,300.0,300.0,288.0,289.1,-2.99,47353.0,565.0,359.4
SFCL,1/4/2023,293.9,303.9,286.0,303.9,5.12,44662.0,565.0,359.4
SFCL,1/5/2023,300.6,321.0,298.9,307.0,1.02,72684.0,565.0,359.4
SFCL,1/8/2023,305.0,335.0,301.0,320.0,4.23,68216.0,565.0,359.4
SFCL,1/9/2023,317.0,336.6,317.0,333.0,4.06,105393.0,565.0,359.4
SFCL,1/10/2023,337.0,345.0,316.0,325.0,-2.4,114655.0,565.0,359.4
SFCL,1/12/2023,331.5,338.0,307.0,307.1,-5.51,66133.0,565.0,359.4
SFCL,1/17/2023,313.0,321.8,307.9,321.0,4.53,48758.0,565.0,359.4
SFCL,1/18/2023,327.0,332.0,311.8,318.0,-0.93,46529.0,565.0,359.4
SFCL,1/19/2023,318.0,322.0,310.0,310.0,-2.52,25384.0,565.0,359.4
SFCL,1/23/2023,314.0,340.9,312.0,340.9,9.97,190520.0,565.0,359.4
SFCL,1/24/2023,340.0,361.0,334.1,358.0,5.02,168321.0,565.0,359.4
SFCL,1/25/2023,350.9,375.0,344.0,373.7,4.39,135263.0,565.0,359.4
SFCL,1/26/2023,366.3,366.3,344.0,345.0,-7.68,276965.0,565.0,359.4
SFCL,1/29/2023,340.1,343.7,323.5,324.0,-6.09,95677.0,565.0,359.4
SFCL,1/30/2023,321.0,330.1,311.7,314.9,-2.81,84042.0,565.0,359.4
SFCL,1/31/2023,314.9,322.0,308.0,315.0,0.03,54409.0,565.0,359.4
SFCL,2/1/2023,319.0,321.0,313.0,318.7,1.17,26589.0,565.0,359.4
SFCL,2/2/2023,325.0,325.0,304.0,307.0,-3.67,40960.0,565.0,359.4
SFCL,2/5/2023,313.0,319.0,308.1,313.0,1.95,37089.0,565.0,359.4
SFCL,2/6/2023,310.0,317.0,310.0,310.0,-0.96,15732.0,565.0,359.4
SFCL,2/7/2023,313.0,331.0,312.0,330.0,6.45,69895.0,565.0,359.4
SFCL,2/8/2023,335.0,341.0,318.0,324.9,-1.55,68200.0,565.0,359.4
SFCL,2/9/2023,320.0,330.9,320.0,328.8,1.2,25790.0,565.0,359.4
SFCL,2/12/2023,322.3,328.0,310.0,311.2,-5.35,48979.0,565.0,359.4
SFCL,2/14/2023,316.4,316.4,304.0,307.0,-1.35,31702.0,565.0,359.4
SFCL,2/15/2023,312.9,317.0,305.1,305.2,-0.59,27884.0,565.0,359.4
SFCL,2/16/2023,310.0,314.0,300.7,302.0,-1.05,21878.0,565.0,359.4
SFCL,2/20/2023,303.0,306.0,293.2,298.0,-1.32,36124.0,565.0,359.4
SFCL,2/22/2023,302.5,315.0,302.5,308.0,3.36,19213.0,565.0,359.4
SFCL,2/23/2023,302.3,308.0,296.5,299.9,-2.63,31104.0,565.0,359.4
SFCL,2/26/2023,294.0,308.9,285.3,308.9,3.0,55523.0,565.0,359.4
SFCL,2/27/2023,313.0,315.0,293.0,305.0,-1.26,23877.0,565.0,359.4
SFCL,2/28/2023,305.0,310.0,300.3,300.3,-1.54,15808.0,565.0,359.4
SFCL,3/1/2023,302.0,302.0,297.0,298.0,-0.77,12898.0,565.0,359.4
SFCL,3/2/2023,296.0,296.1,290.1,290.3,-2.58,11615.0,565.0,359.4
SFCL,3/5/2023,290.0,293.0,281.0,284.0,-2.17,19313.0,565.0,359.4
SFCL,3/7/2023,280.0,299.1,280.0,294.0,3.52,12164.0,565.0,359.4
SFCL,3/9/2023,297.0,304.7,295.0,302.1,2.76,26380.0,565.0,359.4
SFCL,3/12/2023,307.1,309.0,295.0,295.0,-2.35,19309.0,565.0,359.4
SFCL,3/13/2023,290.2,296.9,290.0,292.0,-1.02,12085.0,565.0,359.4
SFCL,3/14/2023,291.0,297.7,287.1,293.8,0.62,19038.0,565.0,359.4
SFCL,3/15/2023,298.0,298.0,285.0,290.0,-1.29,7875.0,565.0,359.4
SFCL,3/16/2023,290.0,295.8,288.0,292.0,0.69,20300.0,565.0,359.4
SFCL,3/19/2023,292.0,299.0,290.2,294.0,0.68,14384.0,565.0,359.4
SFCL,3/20/2023,297.9,297.9,292.0,297.0,1.02,11094.0,565.0,359.4
SFCL,3/22/2023,298.0,301.9,292.0,293.0,-1.35,15346.0,565.0,359.4
SFCL,3/23/2023,289.0,294.7,288.2,293.0,0.0,7875.0,565.0,359.4
SFCL,3/26/2023,288.2,291.0,283.3,290.0,-1.02,17267.0,565.0,359.4
SFCL,3/27/2023,294.7,294.7,285.7,293.9,1.34,13849.0,565.0,359.4
SFCL,3/28/2023,298.0,301.9,291.0,294.1,0.07,26449.0,565.0,359.4
SFCL,3/29/2023,291.5,297.0,288.0,293.0,-0.37,6821.0,565.0,359.4
SFCL,3/30/2023,297.8,297.8,290.0,292.0,-0.34,6026.0,565.0,359.4
SFCL,4/2/2023,296.8,296.8,285.1,287.0,-1.71,11477.0,565.0,359.4
SFCL,4/3/2023,283.0,289.6,283.0,285.0,-0.7,11731.0,565.0,359.4
SFCL,4/4/2023,284.0,289.0,280.6,282.1,-1.02,4648.0,565.0,359.4
SFCL,4/5/2023,287.7,287.7,281.3,285.0,1.03,3625.0,565.0,359.4
SFCL,4/6/2023,289.6,289.6,280.0,281.0,-1.4,8637.0,565.0,359.4
SFCL,4/9/2023,277.0,277.4,266.6,268.0,-4.63,18321.0,565.0,359.4
SFCL,4/10/2023,272.3,273.3,264.6,264.6,-1.27,5104.0,565.0,359.4
SFCL,4/11/2023,268.0,279.0,264.0,278.9,5.4,11053.0,565.0,359.4
SFCL,4/12/2023,284.0,300.8,283.0,294.0,5.41,30285.0,565.0,359.4
SFCL,4/13/2023,297.0,305.0,289.0,291.0,-1.02,19371.0,565.0,359.4
SFCL,4/16/2023,295.0,295.8,286.0,290.0,-0.34,10020.0,565.0,359.4
SFCL,4/17/2023,285.0,289.5,281.2,284.5,-1.9,10569.0,565.0,359.4
SFCL,4/18/2023,290.0,290.0,281.1,284.9,0.14,6630.0,565.0,359.4
SFCL,4/19/2023,290.0,294.0,280.4,289.0,1.44,5687.0,565.0,359.4
SFCL,4/20/2023,294.0,294.0,275.1,282.5,-2.25,5124.0,565.0,359.4
SFCL,4/23/2023,281.0,282.0,270.1,270.1,-4.39,12045.0,565.0,359.4
SFCL,4/24/2023,275.5,280.0,271.0,277.4,2.7,3379.0,565.0,359.4
SFCL,4/25/2023,277.4,282.9,275.0,279.0,0.58,5231.0,565.0,359.4
SFCL,4/26/2023,283.0,283.0,274.0,274.0,-1.79,7832.0,565.0,359.4
SFCL,4/27/2023,272.5,277.0,272.5,275.0,0.36,5534.0,565.0,359.4
SFCL,4/30/2023,269.6,275.9,269.6,272.0,-1.09,6952.0,565.0,359.4
SFCL,5/2/2023,272.0,272.0,268.0,270.0,-0.74,6246.0,565.0,359.4
SFCL,5/3/2023,271.7,271.8,264.8,268.0,-0.74,5622.0,565.0,359.4
SFCL,5/4/2023,271.9,272.0,267.1,268.1,0.04,2707.0,565.0,359.4
SFCL,5/7/2023,263.1,268.0,263.0,265.0,-1.16,4883.0,565.0,359.4
SFCL,5/8/2023,265.0,265.0,255.3,259.0,-2.26,7889.0,565.0,359.4
SFCL,5/9/2023,256.0,270.3,255.0,262.1,1.2,3477.0,565.0,359.4
SFCL,5/10/2023,256.9,263.2,256.9,263.0,0.34,1358.0,565.0,359.4
SFCL,5/11/2023,257.8,266.5,257.8,259.0,-1.52,1842.0,565.0,359.4
SFCL,5/14/2023,264.1,264.1,254.0,255.0,-1.54,1538.0,565.0,359.4
SFCL,5/15/2023,251.1,260.1,251.1,257.5,0.98,5507.0,565.0,359.4
SFCL,5/16/2023,253.0,273.1,253.0,262.8,2.06,3667.0,565.0,359.4
SFCL,5/17/2023,263.0,269.8,263.0,269.8,2.66,3523.0,565.0,359.4
SFCL,5/18/2023,275.0,280.0,275.0,278.8,3.34,12064.0,565.0,359.4
SFCL,5/21/2023,281.0,288.0,271.9,279.0,0.07,12962.0,565.0,359.4
SFCL,5/22/2023,284.3,284.3,273.8,277.0,-0.72,5414.0,565.0,359.4
SFCL,5/23/2023,277.0,288.0,277.0,288.0,3.97,19273.0,565.0,359.4
SFCL,5/24/2023,284.0,291.0,281.0,285.0,-1.04,7160.0,565.0,359.4
SFCL,5/28/2023,282.0,290.7,274.0,274.0,-3.86,16351.0,565.0,359.4
SFCL,5/30/2023,273.0,277.0,262.0,263.0,-4.01,16549.0,565.0,359.4
SFCL,5/31/2023,258.79,269.9,253.0,261.0,-0.76,13435.0,565.0,359.4
SFCL,6/1/2023,264.0,267.0,258.0,263.0,0.77,8552.0,565.0,359.4
SFCL,6/4/2023,268.2,278.0,268.2,275.0,4.56,9531.0,565.0,359.4
SFCL,6/5/2023,276.0,278.0,266.8,267.0,-2.91,14244.0,565.0,359.4
SFCL,6/6/2023,272.0,274.8,268.0,273.8,2.55,11450.0,565.0,359.4
SFCL,6/7/2023,276.0,283.0,275.0,276.9,1.13,15116.0,565.0,359.4
SFCL,6/8/2023,277.9,279.9,275.0,279.9,1.08,12960.0,565.0,359.4
SFCL,6/11/2023,284.0,302.0,279.8,297.0,6.11,70204.0,565.0,359.4
SFCL,6/12/2023,301.0,301.0,288.0,293.0,-1.35,25786.0,565.0,359.4
SFCL,6/13/2023,288.0,303.9,288.0,298.9,2.01,26358.0,565.0,359.4
SFCL,6/14/2023,304.0,305.0,285.0,298.0,-0.3,41850.0,565.0,359.4
SFCL,6/15/2023,293.0,296.5,289.2,294.9,-1.04,22008.0,565.0,359.4
SFCL,6/18/2023,297.0,300.0,292.1,296.0,0.37,19920.0,565.0,359.4
SFCL,6/19/2023,301.7,324.0,295.0,319.0,7.77,106806.0,565.0,359.4
SFCL,6/20/2023,325.0,325.0,303.0,305.0,-4.39,37663.0,565.0,359.4
SFCL,6/21/2023,304.0,310.0,298.1,302.0,-0.98,24582.0,565.0,359.4
SFCL,6/22/2023,300.0,307.0,291.0,295.1,-2.28,36987.0,565.0,359.4
SFCL,6/25/2023,301.0,316.0,298.0,314.2,6.47,60037.0,565.0,359.4
SFCL,6/26/2023,317.0,326.0,314.0,320.0,1.85,74578.0,565.0,359.4
SFCL,6/27/2023,323.0,327.0,318.6,323.9,1.22,53319.0,565.0,359.4
SFCL,6/28/2023,330.3,330.3,307.0,307.2,-5.16,36525.0,565.0,359.4
SFCL,7/2/2023,304.1,313.3,299.0,300.0,-2.34,52091.0,565.0,359.4
SFCL,7/3/2023,300.0,314.8,297.0,301.0,0.33,44006.0,565.0,359.4
SFCL,7/4/2023,307.0,311.0,302.0,309.9,2.96,16869.0,565.0,359.4
SFCL,7/5/2023,307.1,323.0,305.1,310.0,0.03,83461.0,565.0,359.4
SFCL,7/6/2023,305.6,315.0,305.6,309.0,-0.32,17584.0,565.0,359.4
SFCL,7/9/2023,315.0,317.9,311.3,315.1,1.97,31589.0,565.0,359.4
SFCL,7/10/2023,320.0,330.7,315.2,327.0,3.78,98823.0,565.0,359.4
SFCL,7/11/2023,333.0,352.8,328.5,349.0,6.73,162824.0,565.0,359.4
SFCL,7/12/2023,355.0,355.0,332.0,336.0,-3.72,56312.0,565.0,359.4
SFCL,7/13/2023,342.7,342.7,320.0,324.0,-3.57,53356.0,565.0,359.4
SFCL,7/16/2023,322.1,330.4,317.6,323.0,-0.31,19803.0,565.0,359.4
SFCL,7/17/2023,323.0,338.9,323.0,334.0,3.41,34471.0,565.0,359.4
SFCL,7/18/2023,340.0,340.0,324.0,328.9,-1.53,47792.0,565.0,359.4
SFCL,7/19/2023,323.3,332.8,323.0,324.0,-1.49,20791.0,565.0,359.4
SFCL,7/20/2023,330.0,330.0,319.0,319.1,-1.51,28174.0,565.0,359.4
SFCL,7/23/2023,325.4,335.5,319.7,335.0,4.98,32558.0,565.0,359.4
SFCL,7/24/2023,329.1,338.8,323.0,324.0,-3.28,33738.0,565.0,359.4
SFCL,7/25/2023,323.0,324.0,317.6,319.0,-1.54,19634.0,565.0,359.4
SFCL,7/26/2023,320.0,324.0,315.0,316.9,-0.66,23950.0,565.0,359.4
SFCL,7/27/2023,320.0,324.0,312.0,312.0,-1.55,20552.0,565.0,359.4
SFCL,7/30/2023,318.0,318.0,305.0,305.0,-2.24,21441.0,565.0,359.4
SFCL,7/31/2023,311.0,314.4,303.4,309.8,1.57,27296.0,565.0,359.4
SFCL,8/1/2023,306.0,313.0,298.0,300.0,-3.16,27410.0,565.0,359.4
SFCL,8/2/2023,306.0,307.0,298.0,305.0,1.67,20927.0,565.0,359.4
SFCL,8/3/2023,309.8,309.9,299.1,302.0,-0.98,26456.0,565.0,359.4
SFCL,8/6/2023,299.1,299.9,285.0,288.2,-4.57,27839.0,565.0,359.4
SFCL,8/7/2023,285.2,295.8,285.2,289.9,0.59,13570.0,565.0,359.4
SFCL,8/8/2023,285.8,293.0,283.0,284.0,-2.04,16363.0,565.0,359.4
SFCL,8/9/2023,279.1,295.0,279.0,295.0,3.87,12435.0,565.0,359.4
SFCL,8/10/2023,298.9,298.9,289.1,290.0,-1.69,15912.0,565.0,359.4
SFCL,8/13/2023,292.0,295.0,286.5,291.0,0.34,16027.0,565.0,359.4
SFCL,8/14/2023,291.0,296.0,290.0,292.0,0.34,18413.0,565.0,359.4
SFCL,8/15/2023,287.2,293.9,281.1,284.0,-2.74,17089.0,565.0,359.4
SFCL,8/16/2023,285.0,286.0,274.0,277.4,-2.32,23775.0,565.0,359.4
SFCL,8/17/2023,281.9,285.0,277.0,277.4,0.0,19481.0,565.0,359.4
SFCL,8/20/2023,280.9,281.0,272.0,272.0,-1.95,9347.0,565.0,359.4
SFCL,8/21/2023,267.1,278.0,267.0,267.6,-1.62,12376.0,565.0,359.4
SFCL,8/22/2023,272.9,277.7,268.2,274.3,2.5,14499.0,565.0,359.4
SFCL,8/23/2023,279.6,284.9,277.0,282.0,2.81,24685.0,565.0,359.4
SFCL,8/24/2023,282.0,282.5,270.9,273.0,-3.19,12166.0,565.0,359.4
SFCL,8/27/2023,273.0,273.0,263.0,263.0,-3.66,17791.0,565.0,359.4
SFCL,8/28/2023,268.0,271.0,264.5,268.0,1.9,9685.0,565.0,359.4
SFCL,8/29/2023,272.0,272.0,268.0,269.0,0.37,1771.0,565.0,359.4
SFCL,8/30/2023,264.4,272.9,264.2,267.2,-0.67,11060.0,565.0,359.4
SFCL,9/3/2023,265.5,269.5,262.0,265.5,-0.64,3960.0,565.0,359.4
SFCL,9/4/2023,266.1,268.0,260.0,268.0,0.94,8649.0,565.0,359.4
SFCL,9/5/2023,267.0,267.0,258.2,263.2,-1.79,2098.0,565.0,359.4
SFCL,9/7/2023,260.1,266.0,254.0,260.3,-1.1,9545.0,565.0,359.4
SFCL,9/10/2023,260.0,266.9,256.0,266.9,2.54,9230.0,565.0,359.4
SFCL,9/11/2023,265.0,277.9,265.0,275.0,3.03,12260.0,565.0,359.4
SFCL,9/12/2023,279.0,279.0,268.1,269.0,-2.18,8180.0,565.0,359.4
SFCL,9/13/2023,270.5,279.0,270.0,279.0,3.72,12499.0,565.0,359.4
SFCL,9/17/2023,273.5,273.5,266.0,269.1,-3.55,7652.0,565.0,359.4
SFCL,9/18/2023,269.0,274.4,267.4,268.0,-0.41,6285.0,565.0,359.4
SFCL,9/19/2023,265.0,278.0,265.0,276.0,2.99,7377.0,565.0,359.4
SFCL,9/21/2023,281.5,295.0,281.5,288.0,4.35,29326.0,565.0,359.4
SFCL,9/24/2023,288.0,292.5,280.4,286.0,-0.69,15616.0,565.0,359.4
SFCL,9/25/2023,286.0,291.7,283.0,285.5,-0.17,12206.0,565.0,359.4
SFCL,9/26/2023,291.0,297.8,287.0,289.8,1.51,13178.0,565.0,359.4
SFCL,9/27/2023,286.0,287.0,278.0,285.0,-1.66,17832.0,565.0,359.4
SFCL,10/1/2023,285.0,285.0,272.0,273.0,-4.21,12860.0,565.0,359.4
SFCL,10/2/2023,272.9,282.9,272.0,278.1,1.87,12940.0,565.0,359.4
SFCL,10/3/2023,283.0,288.0,273.2,278.6,0.18,5190.0,565.0,359.4
SFCL,10/4/2023,284.0,284.0,276.0,281.7,1.11,5190.0,565.0,359.4
SFCL,10/5/2023,287.0,287.0,272.6,277.0,-1.67,13885.0,565.0,359.4
SFCL,10/8/2023,275.0,275.0,266.6,272.0,-1.81,15745.0,565.0,359.4
SFCL,10/9/2023,270.0,273.3,268.0,268.5,-1.29,5885.0,565.0,359.4
SFCL,10/10/2023,267.1,270.0,265.0,270.0,0.56,5645.0,565.0,359.4
SFCL,10/11/2023,274.9,275.4,266.1,267.0,-1.11,8814.0,565.0,359.4
SFCL,10/12/2023,272.0,272.3,260.0,260.0,-2.62,21716.0,565.0,359.4
SFCL,10/16/2023,257.3,264.9,252.0,262.0,0.77,19125.0,565.0,359.4
SFCL,10/17/2023,267.2,271.0,261.0,266.7,1.79,6327.0,565.0,359.4
SFCL,10/18/2023,270.0,274.0,264.0,272.5,2.17,8553.0,565.0,359.4
SFCL,10/19/2023,275.8,275.8,267.1,268.0,-1.65,2674.0,565.0,359.4
SFCL,10/29/2023,271.2,271.2,260.0,265.2,-1.04,3323.0,565.0,359.4
SFCL,10/30/2023,268.0,268.0,260.1,263.0,-0.83,2630.0,565.0,359.4
SFCL,10/31/2023,262.0,267.2,262.0,262.1,-0.34,2220.0,565.0,359.4
SFCL,11/1/2023,261.0,266.0,259.0,262.0,-0.04,3209.0,565.0,359.4
SFCL,11/2/2023,262.0,262.0,254.8,258.9,-1.18,4625.0,565.0,359.4
SFCL,11/5/2023,255.0,255.1,246.2,255.0,-1.51,8776.0,565.0,359.4
SFCL,11/6/2023,259.0,260.0,255.0,258.0,1.18,5622.0,565.0,359.4
SFCL,11/7/2023,260.9,263.8,258.0,260.0,0.78,2966.0,565.0,359.4
SFCL,11/8/2023,260.0,264.0,256.1,261.0,0.38,1086.0,565.0,359.4
SFCL,11/9/2023,259.0,259.0,254.0,254.0,-2.68,4961.0,565.0,359.4
SFCL,11/20/2023,254.0,264.0,254.0,255.0,0.39,2750.0,565.0,359.4
SFCL,11/21/2023,250.1,259.0,250.1,255.0,0.0,4507.0,565.0,359.4
SFCL,11/22/2023,255.0,262.1,255.0,261.2,2.43,6575.0,565.0,359.4
SFCL,11/23/2023,263.8,272.0,263.8,268.0,2.6,13180.0,565.0,359.4
SFCL,11/26/2023,273.0,278.0,270.5,275.0,2.61,6014.0,565.0,359.4
SFCL,11/27/2023,279.0,279.0,265.6,271.8,-1.16,10370.0,565.0,359.4
SFCL,11/28/2023,268.1,273.4,268.1,273.4,0.59,5125.0,565.0,359.4
SFCL,11/29/2023,275.0,275.0,263.6,268.9,-1.65,6234.0,565.0,359.4
SFCL,11/30/2023,265.0,270.0,261.0,266.0,-1.08,3345.0,565.0,359.4
SFCL,12/3/2023,265.0,269.0,261.0,269.0,1.13,4058.0,565.0,359.4
SFCL,12/4/2023,267.1,274.9,267.1,271.0,0.74,17020.0,565.0,359.4
SFCL,12/5/2023,267.1,272.4,266.1,270.0,-0.37,4297.0,565.0,359.4
SFCL,12/6/2023,270.0,273.0,268.3,268.3,-0.63,3564.0,565.0,359.4
SFCL,12/7/2023,265.1,277.0,265.1,273.8,2.05,5860.0,565.0,359.4
SFCL,12/10/2023,279.2,290.0,279.2,290.0,5.92,300.0,565.0,359.4
SFCL,12/11/2023,294.9,295.0,280.3,285.0,-1.72,28879.0,565.0,359.4
SFCL,12/12/2023,283.1,300.0,283.1,299.8,5.19,40010.0,565.0,359.4
SFCL,12/13/2023,299.0,306.0,293.0,298.8,-0.33,21471.0,565.0,359.4
SFCL,12/14/2023,304.0,304.0,294.0,296.0,-0.94,12598.0,565.0,359.4
SFCL,12/17/2023,291.0,310.9,290.2,307.0,3.72,25370.0,565.0,359.4
SFCL,12/18/2023,310.0,329.0,310.0,316.0,2.93,90158.0,565.0,359.4
SFCL,12/19/2023,316.1,328.0,310.0,322.0,1.9,29469.0,565.0,359.4
SFCL,12/20/2023,315.7,326.5,313.2,317.5,-1.4,29810.0,565.0,359.4
SFCL,12/21/2023,315.0,323.8,305.8,305.8,-3.69,43319.0,565.0,359.4
SFCL,12/24/2023,300.0,310.0,294.0,294.1,-3.83,63016.0,565.0,359.4
SFCL,12/27/2023,296.0,307.0,290.5,293.0,-0.37,25652.0,565.0,359.4
SFCL,12/28/2023,297.0,302.0,290.0,296.0,1.02,17052.0,565.0,359.4
SFCL,1/1/2024,301.8,306.0,291.1,296.0,0.0,24600.0,565.0,359.4
SFCL,1/2/2024,291.0,298.0,285.5,290.0,-2.03,21162.0,565.0,359.4
SFCL,1/3/2024,292.0,296.0,290.0,296.0,2.07,20624.0,565.0,359.4
SFCL,1/4/2024,300.0,300.0,292.1,293.0,-1.01,18481.0,565.0,359.4
SFCL,1/7/2024,295.0,295.0,288.0,288.1,-1.67,26525.0,565.0,359.4
SFCL,1/8/2024,290.0,298.0,288.2,297.5,3.26,24763.0,565.0,359.4
SFCL,1/9/2024,301.0,320.0,294.0,314.0,5.55,80513.0,565.0,359.4
SFCL,1/10/2024,320.2,326.0,311.0,312.6,-0.45,57805.0,565.0,359.4
SFCL,1/11/2024,311.1,315.0,307.0,307.7,-1.57,23559.0,565.0,359.4
SFCL,1/14/2024,312.0,318.0,312.0,314.0,2.05,20798.0,565.0,359.4
SFCL,1/16/2024,320.0,335.9,317.1,335.0,6.69,112319.0,565.0,359.4
SFCL,1/17/2024,341.7,348.5,315.1,322.0,-3.88,86352.0,565.0,359.4
SFCL,1/18/2024,315.6,331.0,310.1,330.9,2.76,72257.0,565.0,359.4
SFCL,1/21/2024,330.0,331.0,317.1,320.0,-3.29,66393.0,565.0,359.4
SFCL,1/22/2024,320.0,322.9,305.0,310.0,-3.12,45115.0,565.0,359.4
SFCL,1/23/2024,311.0,319.9,306.0,310.0,0.0,24199.0,565.0,359.4
SFCL,1/24/2024,310.0,319.0,306.0,309.0,-0.32,27643.0,565.0,359.4
SFCL,1/25/2024,309.0,321.0,304.0,308.0,-0.32,16705.0,565.0,359.4
SFCL,1/28/2024,308.0,311.5,305.0,308.1,0.03,16840.0,565.0,359.4
SFCL,1/29/2024,308.1,325.0,308.1,312.8,1.53,12801.0,565.0,359.4
SFCL,1/30/2024,313.0,318.0,310.0,316.4,1.15,23041.0,565.0,359.4
SFCL,1/31/2024,316.5,321.0,306.0,309.9,-2.05,38332.0,565.0,359.4
SFCL,2/1/2024,308.0,322.0,304.1,305.2,-1.52,43750.0,565.0,359.4
SFCL,2/4/2024,306.0,311.2,305.0,307.5,0.75,14907.0,565.0,359.4
SFCL,2/5/2024,313.0,313.0,306.0,308.0,0.16,13408.0,565.0,359.4
SFCL,2/6/2024,308.0,312.9,304.0,307.1,-0.29,15480.0,565.0,359.4
SFCL,2/7/2024,312.9,313.2,307.0,308.0,0.29,17146.0,565.0,359.4
SFCL,2/8/2024,307.0,310.0,306.1,309.0,0.32,11807.0,565.0,359.4
SFCL,2/11/2024,315.1,315.1,308.0,309.0,0.0,26697.0,565.0,359.4
SFCL,2/12/2024,311.0,312.2,306.3,311.9,0.94,23435.0,565.0,359.4
SFCL,2/13/2024,308.0,311.9,304.0,304.0,-2.53,11933.0,565.0,359.4
SFCL,2/14/2024,307.0,334.4,305.0,330.0,8.55,178236.0,565.0,359.4
SFCL,2/15/2024,329.0,329.4,315.1,316.0,-4.24,43083.0,565.0,359.4
SFCL,2/18/2024,312.0,315.8,306.1,306.1,-3.13,40400.0,565.0,359.4
SFCL,2/20/2024,309.1,321.0,309.0,310.0,1.27,24363.0,565.0,359.4
SFCL,2/21/2024,316.0,316.0,304.0,305.0,-1.61,23311.0,565.0,359.4
SFCL,2/22/2024,310.9,318.0,305.2,307.1,0.69,66549.0,565.0,359.4
SFCL,2/25/2024,313.2,317.0,303.3,309.0,0.62,28838.0,565.0,359.4
SFCL,2/26/2024,315.0,318.9,304.0,314.0,1.62,20440.0,565.0,359.4
SFCL,2/27/2024,312.0,314.9,306.0,312.9,-0.35,17680.0,565.0,359.4
SFCL,2/28/2024,313.0,313.0,305.5,305.5,-2.36,9885.0,565.0,359.4
SFCL,2/29/2024,305.0,309.2,294.1,296.0,-3.11,34874.0,565.0,359.4
SFCL,3/3/2024,293.0,300.0,293.0,297.0,0.34,19913.0,565.0,359.4
SFCL,3/4/2024,302.9,321.0,302.9,315.0,6.06,180.0,565.0,359.4
SFCL,3/5/2024,308.8,313.9,303.0,303.0,-3.81,23547.0,565.0,359.4
SFCL,3/6/2024,308.0,314.0,299.9,307.0,1.32,27587.0,565.0,359.4
SFCL,3/7/2024,312.1,318.0,305.0,307.0,0.0,23131.0,565.0,359.4
SFCL,3/10/2024,313.1,317.0,309.0,315.0,2.61,38822.0,565.0,359.4
SFCL,3/12/2024,316.3,323.3,313.0,321.9,2.19,29675.0,565.0,359.4
SFCL,3/13/2024,322.0,331.0,317.0,326.0,1.27,73975.0,565.0,359.4
SFCL,3/14/2024,329.9,332.0,319.0,319.0,-2.15,47389.0,565.0,359.4
SFCL,3/17/2024,321.0,327.7,309.0,320.0,0.31,48130.0,565.0,359.4
SFCL,3/18/2024,326.0,327.0,321.1,323.0,0.94,28208.0,565.0,359.4
SFCL,3/19/2024,329.4,343.0,327.0,329.0,1.86,140366.0,565.0,359.4
SFCL,3/20/2024,332.0,332.0,320.5,324.0,-1.52,31913.0,565.0,359.4
SFCL,3/21/2024,326.0,334.0,321.0,326.0,0.62,52224.0,565.0,359.4
SFCL,3/25/2024,326.0,326.5,318.2,319.0,-2.15,25884.0,565.0,359.4
SFCL,3/26/2024,323.0,325.0,319.0,320.3,0.41,21049.0,565.0,359.4
SFCL,3/27/2024,318.5,324.0,313.0,315.0,-1.65,28618.0,565.0,359.4
SFCL,3/28/2024,314.0,318.9,312.3,313.7,-0.41,26733.0,565.0,359.4
SFCL,3/31/2024,316.5,318.0,309.0,313.0,-0.22,21571.0,565.0,359.4
SFCL,4/1/2024,310.0,314.9,308.0,309.8,-1.02,16965.0,565.0,359.4
SFCL,4/2/2024,305.1,313.1,305.1,310.0,0.06,8376.0,565.0,359.4
SFCL,4/3/2024,311.0,315.0,308.0,308.0,-0.65,11831.0,565.0,359.4
SFCL,4/4/2024,313.9,315.0,310.1,312.8,1.56,11792.0,565.0,359.4
SFCL,4/7/2024,312.8,336.0,310.4,336.0,7.42,102959.0,565.0,359.4
SFCL,4/9/2024,336.0,350.8,335.5,336.2,0.06,108204.0,565.0,359.4
SFCL,4/10/2024,336.4,339.9,322.0,323.8,-3.69,61631.0,565.0,359.4
SFCL,4/14/2024,323.8,331.9,320.5,325.0,0.37,22286.0,565.0,359.4
SFCL,4/15/2024,322.0,330.0,318.7,319.5,-1.69,21685.0,565.0,359.4
SFCL,4/16/2024,315.0,321.0,315.0,316.5,-0.94,18137.0,565.0,359.4
SFCL,4/18/2024,311.0,322.9,311.0,313.7,-0.88,27340.0,565.0,359.4
SFCL,4/21/2024,310.5,325.0,310.5,325.0,3.6,21329.0,565.0,359.4
SFCL,4/22/2024,330.0,330.0,310.3,312.0,-4.0,31011.0,565.0,359.4
SFCL,4/24/2024,310.0,324.3,310.0,318.8,2.18,18660.0,565.0,359.4
SFCL,4/25/2024,321.0,336.0,319.0,329.0,3.2,91765.0,565.0,359.4
SFCL,4/28/2024,333.0,350.0,323.7,342.6,4.13,167355.0,565.0,359.4
SFCL,4/29/2024,345.0,366.0,336.0,360.1,5.11,124103.0,565.0,359.4
SFCL,4/30/2024,367.3,386.0,350.2,354.9,-1.44,245766.0,565.0,359.4
SFCL,5/2/2024,350.0,363.9,345.0,347.0,-2.23,99497.0,565.0,359.4
SFCL,5/5/2024,347.0,355.0,340.0,340.0,-2.02,69476.0,565.0,359.4
SFCL,5/6/2024,336.0,345.0,335.0,338.0,-0.59,44695.0,565.0,359.4
SFCL,5/7/2024,344.0,344.9,336.0,338.0,0.0,35782.0,565.0,359.4
SFCL,5/8/2024,338.1,354.0,338.0,352.0,4.14,32671.0,565.0,359.4
SFCL,5/9/2024,358.5,363.0,351.0,351.0,-0.28,68157.0,565.0,359.4
SFCL,5/12/2024,357.0,358.0,342.3,344.0,-1.99,34182.0,565.0,359.4
SFCL,5/13/2024,348.0,349.9,340.0,344.0,0.0,20034.0,565.0,359.4
SFCL,5/14/2024,337.2,352.8,337.2,345.0,0.29,25102.0,565.0,359.4
SFCL,5/15/2024,350.0,351.0,342.0,345.0,0.0,27352.0,565.0,359.4
SFCL,5/16/2024,349.0,350.0,338.0,339.0,-1.74,38720.0,565.0,359.4
SFCL,5/19/2024,345.7,347.0,336.0,341.0,0.59,21839.0,565.0,359.4
SFCL,5/20/2024,339.0,351.8,339.0,341.0,0.0,31767.0,565.0,359.4
SFCL,5/21/2024,347.0,357.0,338.1,350.2,2.7,56393.0,565.0,359.4
SFCL,5/22/2024,356.0,360.0,345.0,348.0,-0.63,33485.0,565.0,359.4
SFCL,5/26/2024,343.3,350.0,339.2,339.5,-2.44,29029.0,565.0,359.4
SFCL,5/27/2024,345.0,347.9,333.3,341.1,0.47,29591.0,565.0,359.4
SFCL,5/29/2024,347.9,353.0,335.1,337.0,-1.2,30935.0,565.0,359.4
SFCL,5/30/2024,335.0,345.0,335.0,340.1,0.92,28359.0,565.0,359.4
SFCL,6/2/2024,334.0,357.0,334.0,349.0,2.62,62144.0,565.0,359.4
SFCL,6/3/2024,355.9,381.0,355.9,370.0,6.02,192568.0,565.0,359.4
SFCL,6/4/2024,372.0,377.0,363.0,363.0,-1.89,64599.0,565.0,359.4
SFCL,6/5/2024,369.0,375.0,363.0,366.0,0.83,53797.0,565.0,359.4
SFCL,6/6/2024,373.0,373.0,357.0,358.0,-2.19,48730.0,565.0,359.4
SFCL,6/9/2024,365.0,365.0,352.0,353.5,-1.26,31581.0,565.0,359.4
SFCL,6/10/2024,360.5,365.0,351.0,354.0,0.14,43413.0,565.0,359.4
SFCL,6/11/2024,360.0,367.0,354.1,360.0,1.69,41609.0,565.0,359.4
SFCL,6/12/2024,366.8,396.0,357.0,396.0,10.0,186393.0,565.0,359.4
SFCL,6/13/2024,403.9,435.6,403.9,435.6,10.0,406205.0,565.0,359.4
SFCL,6/16/2024,444.3,445.0,407.0,409.0,-6.11,307737.0,565.0,359.4
SFCL,6/18/2024,400.9,414.0,399.0,402.0,-1.71,117346.0,565.0,359.4
SFCL,6/19/2024,409.0,428.0,401.1,415.0,3.23,106888.0,565.0,359.4
SFCL,6/20/2024,423.3,444.9,415.0,434.5,4.7,185208.0,565.0,359.4
SFCL,6/23/2024,437.0,465.0,437.0,464.0,6.79,214946.0,565.0,359.4
SFCL,6/24/2024,470.0,485.0,442.0,463.0,-0.22,214161.0,565.0,359.4
SFCL,6/25/2024,472.2,472.2,444.0,449.0,-3.02,161813.0,565.0,359.4
SFCL,6/26/2024,457.9,457.9,440.0,440.0,-2.0,89219.0,565.0,359.4
SFCL,6/27/2024,448.8,448.8,431.6,431.6,-1.91,72428.0,565.0,359.4
SFCL,6/30/2024,425.0,447.7,425.0,437.0,1.25,91418.0,565.0,359.4
SFCL,7/1/2024,445.7,445.7,430.5,434.9,-0.48,45995.0,565.0,359.4
SFCL,7/2/2024,443.5,460.0,436.1,444.0,2.09,97260.0,565.0,359.4
SFCL,7/3/2024,452.8,477.0,436.0,469.0,5.63,207602.0,565.0,359.4
SFCL,7/4/2024,470.0,478.0,456.0,459.0,-2.13,158086.0,565.0,359.4
SFCL,7/7/2024,466.0,466.0,442.0,449.7,-2.03,73871.0,565.0,359.4
SFCL,7/8/2024,450.0,463.0,448.0,452.0,0.51,49475.0,565.0,359.4
SFCL,7/9/2024,460.0,460.0,450.8,453.0,0.22,43121.0,565.0,359.4
SFCL,7/10/2024,461.0,461.0,451.0,454.0,0.22,58591.0,565.0,359.4
SFCL,7/11/2024,456.0,464.9,451.0,454.0,0.0,65275.0,565.0,359.4
SFCL,7/14/2024,463.0,470.0,454.0,455.0,0.22,50186.0,565.0,359.4
SFCL,7/15/2024,460.0,465.0,447.0,460.0,1.1,88644.0,565.0,359.4
SFCL,7/16/2024,459.0,471.0,456.5,468.0,1.74,92041.0,565.0,359.4
SFCL,7/17/2024,468.0,503.0,468.0,498.0,6.41,148750.0,565.0,359.4
SFCL,7/18/2024,498.0,501.0,480.0,485.0,-2.61,137978.0,565.0,359.4
SFCL,7/21/2024,494.0,496.0,476.0,479.0,-1.24,158074.0,565.0,359.4
SFCL,7/22/2024,488.0,488.0,470.0,471.0,-1.67,82330.0,565.0,359.4
SFCL,7/23/2024,475.0,518.1,472.0,518.1,10.0,234910.0,565.0,359.4
SFCL,7/24/2024,528.4,569.9,528.4,568.1,9.65,353884.0,565.0,359.4
SFCL,7/25/2024,572.0,596.0,555.0,566.0,-0.37,168664.0,565.0,359.4
SFCL,7/28/2024,554.7,620.0,542.0,584.0,3.18,221891.0,565.0,359.4
SFCL,7/29/2024,584.0,600.0,568.0,584.0,0.0,174407.0,565.0,359.4
SFCL,7/30/2024,590.0,642.4,585.0,638.0,9.25,267182.0,565.0,359.4
SFCL,7/31/2024,645.0,701.8,645.0,701.5,9.95,217365.0,565.0,359.4
SFCL,8/1/2024,715.5,729.8,668.0,670.0,-4.49,175184.0,565.0,359.4
SFCL,8/5/2024,669.0,669.0,606.7,629.0,-6.12,239756.0,565.0,359.4
SFCL,8/6/2024,625.0,629.0,570.0,572.0,-9.06,247137.0,565.0,359.4
SFCL,8/7/2024,572.0,629.2,553.0,629.2,10.0,163577.0,565.0,359.4
SFCL,8/8/2024,640.0,660.0,615.0,616.0,-2.1,100611.0,565.0,359.4
SFCL,8/11/2024,625.0,636.0,615.0,627.0,1.79,102129.0,565.0,359.4
SFCL,8/12/2024,639.5,685.0,636.0,669.0,6.7,136781.0,565.0,359.4
SFCL,8/13/2024,655.7,700.0,640.0,676.0,1.05,136823.0,565.0,359.4
SFCL,8/14/2024,689.5,743.6,676.0,743.6,10.0,254883.0,565.0,359.4
SFCL,8/15/2024,758.4,812.0,726.0,749.0,0.73,248437.0,565.0,359.4
SFCL,8/18/2024,734.1,778.0,701.0,735.1,-1.86,225097.0,565.0,359.4
SFCL,8/21/2024,749.8,774.9,730.0,752.0,2.3,130508.0,565.0,359.4
SFCL,8/22/2024,766.0,784.3,747.8,750.1,-0.25,146548.0,565.0,359.4
SFCL,8/25/2024,765.1,765.1,705.0,707.0,-5.75,150349.0,565.0,359.4
SFCL,8/27/2024,715.0,739.3,680.0,695.0,-1.7,149814.0,565.0,359.4
SFCL,8/28/2024,696.0,720.0,667.0,672.0,-3.31,83868.0,565.0,359.4
SFCL,8/29/2024,685.4,690.0,648.0,650.0,-3.27,84524.0,565.0,359.4
SFCL,9/1/2024,650.0,668.0,612.0,615.0,-5.38,89598.0,565.0,359.4
SFCL,9/2/2024,621.0,676.5,604.0,676.5,10.0,104215.0,565.0,359.4
SFCL,9/3/2024,690.0,744.1,690.0,709.0,4.8,173260.0,565.0,359.4
SFCL,9/4/2024,723.0,725.0,660.0,666.0,-6.06,147832.0,565.0,359.4
SFCL,9/5/2024,654.0,699.0,652.7,678.0,1.8,90762.0,565.0,359.4
SFCL,9/8/2024,690.9,705.0,665.0,665.0,-1.92,48244.0,565.0,359.4
SFCL,9/9/2024,665.0,678.0,640.0,648.0,-2.56,78130.0,565.0,359.4
SFCL,9/10/2024,659.9,673.0,630.0,643.9,-0.63,60112.0,565.0,359.4
SFCL,9/11/2024,656.7,708.2,646.0,674.0,4.67,266964.0,565.0,359.4
SFCL,9/12/2024,687.4,693.6,674.0,687.0,1.93,80990.0,565.0,359.4
SFCL,9/15/2024,692.0,725.0,663.0,680.0,-1.02,164113.0,565.0,359.4
SFCL,9/16/2024,676.0,677.0,627.2,637.0,-6.32,80453.0,565.0,359.4
SFCL,9/18/2024,637.0,637.0,593.0,599.0,-5.97,76043.0,565.0,359.4
SFCL,9/22/2024,610.9,626.0,577.3,590.0,-1.5,45931.0,565.0,359.4
SFCL,9/23/2024,580.1,591.0,531.0,531.0,-10.0,112293.0,565.0,359.4
SFCL,9/24/2024,531.1,549.0,505.0,508.1,-4.31,103201.0,565.0,359.4
SFCL,9/25/2024,518.2,543.0,496.2,538.0,5.88,75670.0,565.0,359.4
SFCL,9/26/2024,548.7,548.7,514.0,520.0,-3.35,50559.0,565.0,359.4
SFCL,9/29/2024,509.6,520.0,500.1,509.0,-2.12,46581.0,565.0,359.4
SFCL,9/30/2024,510.0,538.0,507.0,535.0,5.11,35158.0,565.0,359.4
SFCL,10/1/2024,545.7,588.5,540.0,588.5,10.0,100166.0,565.0,359.4
SFCL,10/2/2024,600.2,630.0,595.0,606.0,2.97,139381.0,565.0,359.4
SFCL,10/6/2024,618.0,654.9,597.0,654.0,7.92,82384.0,565.0,359.4
SFCL,10/7/2024,665.0,680.0,630.0,636.0,-2.75,93647.0,565.0,359.4
SFCL,10/8/2024,628.0,648.0,618.3,621.0,-2.36,38495.0,565.0,359.4
SFCL,10/9/2024,620.0,637.5,612.0,629.0,1.29,24515.0,565.0,359.4
SFCL,10/15/2024,641.5,678.0,635.0,672.0,6.84,49368.0,565.0,359.4
SFCL,10/16/2024,678.1,698.0,661.5,671.0,-0.15,56837.0,565.0,359.4
SFCL,10/17/2024,661.0,690.0,661.0,670.0,-0.15,63178.0,565.0,359.4
SFCL,10/20/2024,670.0,679.0,644.0,645.0,-3.73,92512.0,565.0,359.4
SFCL,10/21/2024,634.0,650.0,611.0,615.0,-4.65,85497.0,565.0,359.4
SFCL,10/22/2024,627.0,649.9,615.1,640.5,4.15,67426.0,565.0,359.4
SFCL,10/23/2024,650.0,704.55,636.1,704.1,9.93,358553.0,565.0,359.4
SFCL,10/24/2024,718.1,747.6,695.0,747.6,6.18,264167.0,565.0,359.4
SFCL,10/27/2024,732.7,822.3,704.0,822.3,9.99,247102.0,565.0,359.4
SFCL,10/28/2024,805.9,812.0,745.0,789.7,-3.96,320198.0,565.0,359.4
SFCL,10/29/2024,774.0,867.0,773.0,798.5,1.11,308631.0,565.0,359.4
SFCL,10/30/2024,782.6,814.0,776.0,779.9,-2.33,172136.0,565.0,359.4
SFCL,11/5/2024,774.0,857.8,759.5,780.3,0.05,148599.0,565.0,359.4
SFCL,11/6/2024,780.0,858.0,780.0,848.9,8.79,286899.0,565.0,359.4
SFCL,11/10/2024,848.5,933.7,833.0,933.7,9.99,396556.0,565.0,359.4
SFCL,11/11/2024,915.1,915.1,841.0,843.0,-9.71,253289.0,565.0,359.4
SFCL,11/12/2024,826.2,924.2,818.0,924.0,9.61,186793.0,565.0,359.4
SFCL,11/13/2024,905.6,1016.4,838.0,1016.3,9.99,237009.0,565.0,359.4
SFCL,11/14/2024,996.0,1117.9,915.0,972.0,-4.36,284068.0,565.0,359.4
SFCL,11/17/2024,952.6,952.6,874.8,874.8,-10.0,464447.0,565.0,359.4
SFCL,11/19/2024,858.0,877.2,799.0,800.0,-8.55,348475.0,565.0,359.4
SFCL,11/20/2024,800.0,848.0,787.0,835.0,4.37,115665.0,565.0,359.4
SFCL,11/21/2024,835.0,846.6,785.0,800.0,-4.19,156166.0,565.0,359.4
SFCL,11/24/2024,816.0,816.0,780.0,783.0,-2.12,131459.0,565.0,359.4
SFCL,11/25/2024,767.4,804.0,767.4,797.0,1.79,95759.0,565.0,359.4
SFCL,11/26/2024,781.1,828.0,781.1,803.0,0.75,65452.0,565.0,359.4
SFCL,11/27/2024,819.0,819.0,798.0,800.1,-0.36,85163.0,565.0,359.4
SFCL,11/28/2024,799.0,800.8,770.0,782.0,-2.26,103964.0,565.0,359.4
SFCL,12/1/2024,789.0,789.0,762.1,765.0,-2.17,65521.0,565.0,359.4
SFCL,12/2/2024,780.0,780.0,737.0,742.0,-3.01,124000.0,565.0,359.4
SFCL,12/3/2024,756.8,800.0,741.0,783.0,5.53,100353.0,565.0,359.4
SFCL,12/4/2024,798.6,798.6,759.0,759.1,-3.05,53454.0,565.0,359.4
SFCL,12/5/2024,774.2,774.2,737.2,740.0,-2.52,77447.0,565.0,359.4
SFCL,12/8/2024,742.0,746.0,708.1,720.0,-2.7,73665.0,565.0,359.4
SFCL,12/9/2024,724.0,734.1,711.0,730.0,1.39,52077.0,565.0,359.4
SFCL,12/10/2024,744.5,744.5,718.0,719.1,-1.49,24785.0,565.0,359.4
SFCL,12/11/2024,733.0,739.5,720.0,739.0,2.77,40395.0,565.0,359.4
SFCL,12/12/2024,742.0,748.0,717.2,719.0,-2.71,37599.0,565.0,359.4
SFCL,12/16/2024,720.0,720.0,688.0,689.0,-4.17,51904.0,565.0,359.4
SFCL,12/17/2024,698.0,698.0,667.5,681.0,-1.16,51537.0,565.0,359.4
SFCL,12/18/2024,687.0,694.5,678.2,679.0,-0.29,34903.0,565.0,359.4
SFCL,12/19/2024,669.0,692.0,666.6,667.0,-1.77,46456.0,565.0,359.4
SFCL,12/22/2024,659.7,672.8,650.0,651.0,-2.4,35213.0,565.0,359.4
SFCL,12/23/2024,654.0,667.0,652.0,667.0,2.46,33495.0,565.0,359.4
SFCL,12/24/2024,667.0,694.8,667.0,684.8,2.67,62868.0,565.0,359.4
SFCL,12/26/2024,673.0,690.0,651.0,653.0,-4.64,58403.0,565.0,359.4
SFCL,12/29/2024,640.0,640.0,601.0,608.0,-6.89,139585.0,565.0,359.4
SFCL,12/31/2024,620.1,620.1,547.2,568.0,-6.58,146528.0,565.0,359.4
SFCL,1/1/2025,568.0,612.0,560.0,602.0,5.99,62658.0,565.0,359.4
SFCL,1/2/2025,607.0,607.0,586.6,595.1,-1.15,45682.0,565.0,359.4
SFCL,1/5/2025,598.0,600.0,581.0,581.1,-2.35,45454.0,565.0,359.4
SFCL,1/6/2025,581.1,590.5,575.0,590.5,1.62,53813.0,565.0,359.4
SFCL,1/7/2025,597.0,647.4,591.0,644.0,9.06,78057.0,565.0,359.4
SFCL,1/8/2025,644.0,708.4,644.0,708.4,10.0,155138.0,565.0,359.4
SFCL,1/9/2025,719.7,734.0,693.9,696.0,-1.75,125312.0,565.0,359.4
SFCL,1/12/2025,686.0,694.0,634.1,654.0,-6.03,78021.0,565.0,359.4
SFCL,1/13/2025,645.0,687.4,645.0,664.0,1.53,82279.0,565.0,359.4
SFCL,1/15/2025,677.2,677.2,631.0,633.0,-4.67,60987.0,565.0,359.4
SFCL,1/16/2025,633.0,633.0,580.2,588.0,-7.11,140543.0,565.0,359.4
SFCL,1/19/2025,580.0,625.9,562.1,611.0,3.91,69820.0,565.0,359.4
SFCL,1/20/2025,623.2,623.9,584.0,584.1,-4.4,75443.0,565.0,359.4
SFCL,1/21/2025,573.0,595.0,565.0,575.0,-1.56,47163.0,565.0,359.4
SFCL,1/22/2025,571.0,588.1,571.0,580.0,0.87,39195.0,565.0,359.4
SFCL,1/23/2025,570.0,580.0,550.0,553.9,-4.5,93222.0,565.0,359.4
SFCL,1/26/2025,564.9,564.9,500.0,510.0,-7.93,107827.0,565.0,359.4
SFCL,1/27/2025,500.0,559.0,490.0,535.1,4.92,91368.0,565.0,359.4
SFCL,1/28/2025,535.1,565.0,520.0,560.0,4.65,72185.0,565.0,359.4
SFCL,2/2/2025,571.2,574.5,544.0,562.0,0.36,70146.0,565.0,359.4
SFCL,2/3/2025,562.0,574.9,549.5,550.0,-2.14,41139.0,565.0,359.4
SFCL,2/4/2025,542.0,551.0,535.0,539.0,-2.0,30908.0,565.0,359.4
SFCL,2/5/2025,533.0,592.9,515.0,590.0,9.46,135250.0,565.0,359.4
SFCL,2/6/2025,598.0,635.0,595.0,610.0,3.39,98213.0,565.0,359.4
SFCL,2/9/2025,609.0,642.0,583.1,616.0,0.98,96338.0,565.0,359.4
SFCL,2/10/2025,628.0,628.0,590.0,598.0,-2.92,51241.0,565.0,359.4
SFCL,2/11/2025,604.0,609.0,590.0,592.0,-1.0,29043.0,565.0,359.4
SFCL,2/12/2025,603.8,617.8,594.0,597.0,0.84,53826.0,565.0,359.4
SFCL,2/13/2025,607.0,621.0,601.8,613.0,2.68,50461.0,565.0,359.4
SFCL,2/16/2025,624.0,655.0,620.0,638.0,4.08,148449.0,565.0,359.4
SFCL,2/17/2025,650.7,660.0,615.8,622.0,-2.51,74311.0,565.0,359.4
SFCL,2/18/2025,610.0,647.0,610.0,616.0,-0.96,47969.0,565.0,359.4
SFCL,2/20/2025,620.0,631.0,605.1,615.0,-0.16,43232.0,565.0,359.4
SFCL,2/23/2025,602.7,624.1,589.0,611.0,-0.65,52976.0,565.0,359.4
SFCL,2/24/2025,615.0,618.0,600.0,605.0,-0.98,33610.0,565.0,359.4
SFCL,2/25/2025,610.0,611.0,598.0,600.0,-0.83,42777.0,565.0,359.4
SFCL,2/27/2025,610.0,612.0,585.1,600.0,0.0,136532.0,565.0,359.4
SFCL,3/2/2025,610.0,625.0,608.0,625.0,4.17,95001.0,565.0,359.4
SFCL,3/3/2025,625.0,640.0,611.4,617.9,-1.14,73645.0,565.0,359.4
SFCL,3/4/2025,610.0,614.0,592.0,596.0,-3.54,59726.0,565.0,359.4
SFCL,3/5/2025,596.0,599.0,579.0,586.1,-1.66,44582.0,565.0,359.4
SFCL,3/6/2025,597.0,597.0,575.0,582.0,-0.7,33974.0,565.0,359.4
SFCL,3/9/2025,582.0,589.8,566.0,568.0,-2.41,44795.0,565.0,359.4
SFCL,3/10/2025,565.0,579.0,560.1,566.4,-0.28,36030.0,565.0,359.4
SFCL,3/11/2025,566.0,573.9,555.2,556.0,-1.84,36375.0,565.0,359.4
SFCL,3/12/2025,566.0,566.0,550.0,554.8,-0.22,24323.0,565.0,359.4
SFCL,3/16/2025,561.0,561.0,535.2,542.0,-2.31,33587.0,565.0,359.4
SFCL,3/17/2025,547.3,550.0,541.0,542.9,0.17,25651.0,565.0,359.4
SFCL,3/18/2025,546.0,549.7,535.1,540.0,-0.53,23019.0,565.0,359.4
SFCL,3/19/2025,540.0,542.0,528.0,529.1,-2.02,20423.0,565.0,359.4
SFCL,3/20/2025,529.0,533.0,520.4,525.43,-0.69,17980.0,565.0,359.4
SFCL,3/23/2025,525.0,526.0,505.0,507.91,-3.33,36803.0,565.0,359.4
SFCL,3/24/2025,506.0,540.5,498.0,538.59,6.04,50652.0,565.0,359.4
SFCL,3/25/2025,545.0,545.0,510.1,512.85,-4.78,29802.0,565.0,359.4
SFCL,3/26/2025,520.0,533.0,520.0,527.05,2.77,29001.0,565.0,359.4
SFCL,3/27/2025,530.0,537.9,520.1,536.67,1.83,29358.0,565.0,359.4
SFCL,3/30/2025,536.0,567.0,526.0,561.01,4.54,66025.0,565.0,359.4
SFCL,4/1/2025,555.0,568.0,538.0,544.14,-3.01,34389.0,565.0,359.4
SFCL,4/2/2025,545.0,587.0,536.1,565.3,3.89,46588.0,565.0,359.4
SFCL,4/3/2025,566.0,579.3,545.1,548.91,-2.9,34218.0,565.0,359.4
SFCL,4/7/2025,545.2,550.0,525.0,526.92,-4.01,35226.0,565.0,359.4
SFCL,4/8/2025,525.1,537.4,517.0,535.43,1.62,17881.0,565.0,359.4
SFCL,4/9/2025,527.0,550.0,527.0,535.65,0.04,19914.0,565.0,359.4
SFCL,4/10/2025,535.0,543.0,527.0,531.02,-0.86,24809.0,565.0,359.4
SFCL,4/13/2025,532.0,536.0,522.0,527.26,-0.71,15117.0,565.0,359.4
SFCL,4/15/2025,532.0,538.0,525.1,535.0,1.47,15975.0,565.0,359.4
SFCL,4/16/2025,526.0,543.0,525.6,531.8,-0.6,14103.0,565.0,359.4
SFCL,4/17/2025,533.0,543.9,528.0,541.03,1.74,26986.0,565.0,359.4
SFCL,4/20/2025,546.0,548.0,530.0,530.63,-1.92,10609.0,565.0,359.4
SFCL,4/21/2025,538.0,538.0,522.0,523.57,-1.33,23179.0,565.0,359.4
SFCL,4/22/2025,529.0,530.9,520.3,528.14,0.87,14394.0,565.0,359.4
SFCL,4/23/2025,522.1,528.0,515.1,517.04,-2.1,28922.0,565.0,359.4
SFCL,4/24/2025,517.0,520.2,503.2,511.47,-1.08,41804.0,565.0,359.4
SFCL,4/27/2025,506.2,518.0,501.0,503.67,-1.53,28807.0,565.0,359.4
SFCL,4/28/2025,510.0,522.0,510.0,513.86,2.02,26086.0,565.0,359.4
SFCL,4/29/2025,517.5,520.0,503.0,503.8,-1.96,16411.0,565.0,359.4
SFCL,4/30/2025,510.0,510.0,498.9,499.46,-0.86,32994.0,565.0,359.4
SFCL,5/4/2025,500.0,510.0,491.0,492.32,-1.43,27135.0,565.0,359.4
SFCL,5/5/2025,499.0,500.0,478.0,479.14,-2.68,17333.0,565.0,359.4
SFCL,5/6/2025,475.0,483.0,469.0,470.02,-1.9,28532.0,565.0,359.4
SFCL,5/7/2025,463.0,508.0,455.0,504.89,7.42,57214.0,565.0,359.4
SFCL,5/8/2025,514.9,533.4,492.0,516.89,2.38,55175.0,565.0,359.4
SFCL,5/11/2025,517.0,525.0,495.0,498.93,-3.47,26235.0,565.0,359.4
SFCL,5/13/2025,499.0,505.0,487.1,489.28,-1.93,19012.0,565.0,359.4
SFCL,5/14/2025,485.0,498.0,483.1,484.41,-1.0,15435.0,565.0,359.4
SFCL,5/15/2025,482.0,491.0,475.3,478.76,-1.17,16016.0,565.0,359.4
SFCL,5/18/2025,488.3,488.3,476.0,477.82,-0.2,14457.0,565.0,359.4
SFCL,5/19/2025,487.0,497.0,484.0,486.52,1.82,13151.0,565.0,359.4
SFCL,5/20/2025,485.0,500.0,480.0,499.51,2.67,17536.0,565.0,359.4
SFCL,5/21/2025,509.0,529.0,500.0,501.95,0.49,32399.0,565.0,359.4
SFCL,5/22/2025,502.0,505.0,490.0,492.43,-1.9,13172.0,565.0,359.4
SFCL,5/25/2025,500.0,500.0,485.0,485.83,-1.34,11425.0,565.0,359.4
SFCL,5/26/2025,495.5,505.4,485.1,488.04,0.45,11470.0,565.0,359.4
SFCL,5/27/2025,480.1,486.9,480.1,482.83,-1.07,13226.0,565.0,359.4
SFCL,5/28/2025,477.0,486.4,477.0,484.86,0.42,14711.0,565.0,359.4
SFCL,6/2/2025,492.0,500.0,480.0,483.01,-0.38,17568.0,565.0,359.4
SFCL,6/3/2025,485.0,489.9,476.2,478.23,-0.99,15258.0,565.0,359.4
SFCL,6/4/2025,480.0,483.0,472.0,473.52,-0.98,11061.0,565.0,359.4
SFCL,6/5/2025,473.0,479.9,468.0,473.06,-0.1,10232.0,565.0,359.4
SFCL,6/8/2025,475.0,475.0,458.0,460.73,-2.61,23933.0,565.0,359.4
SFCL,6/9/2025,469.8,474.9,460.5,467.32,1.43,11684.0,565.0,359.4
SFCL,6/10/2025,474.0,513.0,471.0,506.48,8.38,57410.0,565.0,359.4
SFCL,6/11/2025,513.0,516.0,492.0,492.64,-2.73,39971.0,565.0,359.4
SFCL,6/12/2025,488.0,507.0,488.0,498.64,1.22,39375.0,565.0,359.4
SFCL,6/15/2025,489.1,509.0,487.1,491.38,-1.46,32660.0,565.0,359.4
SFCL,6/16/2025,488.0,491.0,480.0,481.41,-2.03,23797.0,565.0,359.4
SFCL,6/17/2025,489.0,491.0,480.0,487.14,1.19,17837.0,565.0,359.4
SFCL,6/18/2025,496.0,496.0,480.0,480.28,-1.41,12590.0,565.0,359.4
SFCL,6/19/2025,489.0,489.0,472.6,474.78,-1.15,20896.0,565.0,359.4
SFCL,6/22/2025,471.0,479.9,469.0,469.43,-1.13,12666.0,565.0,359.4
SFCL,6/23/2025,470.0,488.0,469.0,472.8,0.72,14723.0,565.0,359.4
SFCL,6/24/2025,480.0,480.0,468.0,468.66,-0.88,13887.0,565.0,359.4
SFCL,6/25/2025,465.0,472.0,463.7,464.55,-0.88,12372.0,565.0,359.4
SFCL,6/26/2025,470.0,473.0,464.0,464.64,0.02,11090.0,565.0,359.4
SFCL,6/29/2025,462.0,469.0,460.0,466.58,0.42,16568.0,565.0,359.4
SFCL,6/30/2025,469.0,472.0,464.0,465.88,-0.15,11249.0,565.0,359.4
SFCL,7/1/2025,465.7,472.0,464.0,467.76,0.4,17143.0,565.0,359.4
SFCL,7/2/2025,475.0,494.0,475.0,484.42,3.56,37000.0,565.0,359.4
SFCL,7/3/2025,483.9,530.0,483.0,518.73,7.08,123624.0,565.0,359.4
SFCL,7/6/2025,520.0,554.0,512.1,531.72,2.5,111563.0,565.0,359.4
SFCL,7/7/2025,530.0,535.0,500.1,507.3,-4.59,78087.0,565.0,359.4
SFCL,7/8/2025,507.3,522.1,504.0,510.1,0.55,37867.0,565.0,359.4
SFCL,7/9/2025,518.5,518.8,504.0,508.96,-0.22,30059.0,565.0,359.4
SFCL,7/10/2025,516.4,516.4,506.0,513.01,0.8,44826.0,565.0,359.4
SFCL,7/13/2025,513.01,533.6,513.01,519.38,1.24,58788.0,565.0,359.4
SFCL,7/14/2025,520.0,521.7,509.1,510.38,-1.73,40219.0,565.0,359.4
SFCL,7/15/2025,513.0,538.0,513.0,533.7,4.57,58590.0,565.0,359.4
SFCL,7/16/2025,536.0,548.5,535.0,539.47,1.08,50766.0,565.0,359.4
SFCL,7/17/2025,541.0,565.0,541.0,553.78,2.65,85962.0,565.0,359.4
SFCL,7/20/2025,542.8,542.8,500.0,504.58,-8.88,534896.0,565.0,359.4
SFCL,7/21/2025,500.0,524.9,480.2,492.08,-2.48,147102.0,565.0,359.4
SFCL,7/22/2025,491.9,515.0,480.2,502.75,2.17,90810.0,565.0,359.4
SFCL,7/23/2025,502.0,522.0,485.0,512.49,1.94,165860.0,565.0,359.4
SFCL,7/24/2025,510.0,514.0,495.9,496.79,-3.06,88013.0,565.0,359.4
SFCL,7/27/2025,500.0,505.0,486.0,487.78,-1.81,94187.0,565.0,359.4
SFCL,7/28/2025,484.1,504.5,482.0,501.26,2.76,53620.0,565.0,359.4
SFCL,7/29/2025,501.0,511.0,500.0,501.4,0.03,60818.0,565.0,359.4
SFCL,7/30/2025,501.8,503.5,488.2,491.76,-1.92,43450.0,565.0,359.4
SFCL,7/31/2025,491.76,517.0,487.9,497.72,1.21,68047.0,565.0,359.4
SFCL,8/3/2025,500.0,507.6,490.0,490.31,-1.49,41172.0,565.0,359.4
SFCL,8/4/2025,493.2,495.9,482.0,487.44,-0.59,22316.0,565.0,359.4
SFCL,8/5/2025,490.1,497.0,479.0,481.19,-1.28,38095.0,565.0,359.4
SFCL,8/6/2025,481.2,485.0,478.0,478.7,-0.52,27374.0,565.0,359.4
SFCL,8/7/2025,485.0,485.0,477.1,478.0,-0.15,23594.0,565.0,359.4
SFCL,8/11/2025,485.0,485.0,470.0,470.72,-1.52,35615.0,565.0,359.4
SFCL,8/12/2025,465.3,474.0,465.3,470.67,-0.01,21089.0,565.0,359.4
SFCL,8/13/2025,471.0,480.0,468.0,470.46,-0.04,17803.0,565.0,359.4
SFCL,8/14/2025,470.6,475.0,467.0,468.4,-0.44,17436.0,565.0,359.4
SFCL,8/17/2025,470.0,475.9,461.1,462.45,-1.27,20766.0,565.0,359.4
SFCL,8/18/2025,469.0,469.0,463.0,465.95,0.76,9391.0,565.0,359.4
SFCL,8/19/2025,467.0,473.0,465.0,465.86,-0.02,12208.0,565.0,359.4
SFCL,8/20/2025,473.0,473.0,462.0,463.17,-0.58,13673.0,565.0,359.4
SFCL,8/21/2025,463.1,464.0,459.0,460.04,-0.68,13800.0,565.0,359.4
SFCL,8/24/2025,460.0,464.9,457.0,457.26,-0.6,13436.0,565.0,359.4
SFCL,8/25/2025,457.3,460.0,455.0,456.81,-0.1,9553.0,565.0,359.4
SFCL,8/26/2025,456.0,457.0,454.0,455.78,-0.23,9360.0,565.0,359.4
SFCL,8/27/2025,455.0,469.0,455.0,465.88,2.22,18143.0,565.0,359.4
SFCL,8/28/2025,466.0,468.0,455.1,456.21,-2.08,15424.0,565.0,359.4
SFCL,8/31/2025,457.0,457.0,448.0,449.11,-1.56,14755.0,565.0,359.4
SFCL,9/1/2025,449.0,450.0,440.0,443.65,-1.22,25723.0,565.0,359.4
SFCL,9/2/2025,450.0,450.0,438.0,438.46,-1.17,11637.0,565.0,359.4
SFCL,9/3/2025,435.0,436.0,427.0,427.36,-2.53,18672.0,565.0,359.4
SFCL,9/4/2025,429.0,429.9,416.4,419.19,-1.91,20681.0,565.0,359.4
SFCL,9/7/2025,423.7,448.8,420.0,433.91,3.51,18659.0,565.0,359.4
SFCL,9/8/2025,433.0,436.1,425.0,431.33,-0.59,7997.0,565.0,359.4
SFCL,9/21/2025,423.0,440.7,405.0,438.9,1.76,36684.0,565.0,359.4
SFCL,9/23/2025,447.6,452.9,430.0,432.9,-1.37,21524.0,565.0,359.4
SFCL,9/24/2025,439.0,439.0,424.0,425.0,-1.82,11269.0,565.0,359.4
SFCL,9/25/2025,425.0,440.0,425.0,434.0,2.12,16302.0,565.0,359.4
SFCL,9/28/2025,438.0,442.6,433.1,434.0,0.0,9375.0,565.0,359.4
SFCL,10/7/2025,435.0,435.0,416.0,419.0,-3.46,11047.0,565.0,359.4
SFCL,10/8/2025,420.0,420.0,405.0,408.0,-2.63,11721.0,565.0,359.4
SFCL,10/9/2025,416.1,432.0,412.0,412.0,0.98,13276.0,565.0,359.4
SFCL,10/12/2025,412.0,418.0,400.0,405.5,-1.58,27337.0,565.0,359.4
SFCL,10/13/2025,405.0,408.0,398.0,407.8,0.57,11968.0,565.0,359.4
SFCL,10/14/2025,413.9,413.9,396.0,396.0,-2.89,9326.0,565.0,359.4
SFCL,10/15/2025,390.0,392.9,383.0,384.5,-2.9,18553.0,565.0,359.4
SFCL,10/16/2025,390.0,390.0,373.1,376.0,-2.21,13943.0,565.0,359.4
SFCL,10/19/2025,383.5,385.0,376.0,382.7,1.78,7494.0,565.0,359.4
SFCL,10/26/2025,387.8,387.8,377.0,383.0,0.08,5014.0,565.0,359.4
SFCL,10/28/2025,385.9,395.1,384.0,390.0,1.83,21873.0,565.0,359.4
SFCL,10/29/2025,394.0,397.8,385.0,389.9,-0.03,22524.0,565.0,359.4
SFCL,10/30/2025,384.0,398.0,377.0,394.6,1.21,30933.0,565.0,359.4
SFCL,11/2/2025,387.0,416.1,387.0,413.0,4.66,31732.0,565.0,359.4
SFCL,11/3/2025,415.0,445.0,413.0,426.7,3.32,47831.0,565.0,359.4
SFCL,11/4/2025,434.0,435.0,412.0,415.0,-2.74,17462.0,565.0,359.4
SFCL,11/5/2025,422.0,427.0,407.2,427.0,2.89,22476.0,565.0,359.4
SFCL,11/6/2025,425.0,435.0,422.0,422.0,-1.17,20196.0,565.0,359.4
SFCL,11/9/2025,418.5,422.0,402.0,402.0,-4.74,22224.0,565.0,359.4
SFCL,11/10/2025,407.0,410.0,395.8,404.7,0.67,11241.0,565.0,359.4
SFCL,11/11/2025,400.0,409.9,400.0,403.0,-0.42,17838.0,565.0,359.4
SFCL,11/12/2025,405.0,405.0,397.4,399.0,-0.99,8030.0,565.0,359.4
SFCL,11/13/2025,395.1,403.8,395.0,399.8,0.2,8468.0,565.0,359.4
SFCL,11/16/2025,400.0,400.0,391.0,395.0,-1.2,6797.0,565.0,359.4
SFCL,11/17/2025,395.0,401.9,390.0,398.0,0.76,11021.0,565.0,359.4
SFCL,11/18/2025,400.0,404.0,391.0,396.4,-0.4,18768.0,565.0,359.4
SFCL,11/19/2025,396.1,400.0,392.1,392.1,-1.08,8670.0,565.0,359.4
SFCL,11/20/2025,397.0,397.0,390.0,392.6,0.13,6541.0,565.0,359.4
SFCL,11/23/2025,396.0,400.0,393.0,396.1,0.89,9107.0,565.0,359.4
SFCL,11/24/2025,401.0,405.0,396.2,398.2,0.53,19044.0,565.0,359.4
SFCL,11/25/2025,403.9,404.0,396.1,398.5,0.08,8964.0,565.0,359.4
SFCL,11/26/2025,400.0,404.0,397.0,400.0,0.38,6590.0,565.0,359.4
SFCL,11/27/2025,395.0,405.7,395.0,396.0,-1.0,12304.0,565.0,359.4
SFCL,11/30/2025,400.0,400.1,394.0,398.0,0.51,13468.0,565.0,359.4
SFCL,12/1/2025,398.9,400.0,392.0,397.0,-0.25,10895.0,565.0,359.4
SFCL,12/2/2025,392.0,400.0,391.0,396.0,-0.25,13482.0,565.0,359.4
SFCL,12/3/2025,396.0,409.5,396.0,402.0,1.52,30621.0,565.0,359.4
SFCL,12/7/2025,405.0,411.0,396.0,399.9,-0.52,16741.0,565.0,359.4
SFCL,12/8/2025,399.9,402.0,393.2,393.4,-1.63,11493.0,565.0,359.4
SFCL,12/9/2025,397.0,397.0,390.0,392.1,-0.33,13834.0,565.0,359.4
SFCL,12/10/2025,397.0,397.0,385.0,392.7,0.15,10904.0,565.0,359.4
SFCL,12/11/2025,390.5,390.5,385.1,387.0,-1.45,6893.0,565.0,359.4
SFCL,12/14/2025,390.0,393.9,383.0,383.2,-0.98,3724.0,565.0,359.4
SFCL,12/15/2025,380.0,390.0,377.1,390.0,1.77,6059.0,565.0,359.4
SFCL,12/16/2025,390.0,392.0,387.1,392.0,0.51,4700.0,565.0,359.4
SFCL,12/17/2025,395.0,395.0,388.0,393.0,0.26,10152.0,565.0,359.4
SFCL,12/18/2025,393.0,394.0,386.0,386.0,-1.78,10433.0,565.0,359.4
SFCL,12/21/2025,381.0,388.9,379.0,383.0,-0.78,8268.0,565.0,359.4
SFCL,12/22/2025,377.0,382.0,377.0,382.0,-0.26,4745.0,565.0,359.4
SFCL,12/23/2025,384.0,385.0,378.1,379.5,-0.65,2706.0,565.0,359.4
SFCL,12/24/2025,381.9,381.9,375.0,375.0,-1.19,5702.0,565.0,359.4
SFCL,12/28/2025,380.0,384.0,375.5,384.0,2.4,11087.0,565.0,359.4
SFCL,12/29/2025,388.0,389.0,379.1,380.9,-0.81,8587.0,565.0,359.4
SFCL,12/31/2025,378.1,386.0,378.0,380.0,-0.24,11543.0,565.0,359.4
SFCL,1/1/2026,380.0,380.0,376.0,376.0,-1.05,8781.0,565.0,359.4
SFCL,1/4/2026,378.0,380.0,373.0,374.0,-0.53,11219.0,565.0,359.4
SFCL,1/5/2026,371.5,377.1,359.4,372.1,-0.51,32800.0,565.0,359.4
SFCL,1/6/2026,370.0,383.0,370.0,381.0,2.39,27696.0,565.0,359.4
SFCL,1/7/2026,375.3,395.0,375.3,387.9,1.81,32861.0,565.0,359.4
SFCL,1/8/2026,390.0,390.0,377.0,379.7,-2.11,13344.0,565.0,359.4
SFCL,1/12/2026,379.0,381.0,369.0,372.0,-2.03,25340.0,565.0,359.4
SFCL,1/13/2026,370.0,373.5,367.0,370.0,-0.54,19106.0,565.0,359.4
SFCL,1/14/2026,370.0,384.0,369.8,375.4,1.46,16390.0,565.0,359.4
SFCL,1/18/2026,378.9,404.0,378.9,399.9,6.53,69350.0,565.0,359.4
SFCL,1/20/2026,404.0,415.0,399.0,403.0,0.78,53537.0,565.0,359.4
SFCL,1/21/2026,408.9,410.0,394.0,398.0,-1.24,15886.0,565.0,359.4
SFCL,1/22/2026,405.9,412.0,398.0,399.0,0.25,20006.0,565.0,359.4
SFCL,1/25/2026,405.0,432.0,404.0,421.1,5.54,58169.0,565.0,359.4
SFCL,1/26/2026,424.0,427.9,407.0,416.1,-1.19,41073.0,565.0,359.4
SFCL,1/27/2026,416.0,419.0,383.0,395.0,-5.07,68446.0,565.0,359.4
SFCL,1/28/2026,400.0,411.0,387.0,406.0,2.78,36979.0,565.0,359.4
SFCL,1/29/2026,410.0,411.0,397.0,399.5,-1.6,27176.0,565.0,359.4
SFCL,2/1/2026,403.0,403.0,390.1,395.0,-1.13,22228.0,565.0,359.4
SFCL,2/2/2026,393.0,396.0,390.0,393.0,-0.51,16732.0,565.0,359.4
SFCL,2/3/2026,400.8,400.8,390.0,390.1,-0.74,16468.0,565.0,359.4
SFCL,2/4/2026,395.0,397.9,390.0,394.0,1.0,12953.0,565.0,359.4
SFCL,2/5/2026,393.0,396.9,392.1,393.5,-0.13,17244.0,565.0,359.4
SFCL,2/8/2026,399.0,401.0,391.0,391.5,-0.51,13682.0,565.0,359.4
SFCL,2/9/2026,391.4,391.5,385.2,387.0,-1.15,16788.0,565.0,359.4
SFCL,2/10/2026,388.0,390.0,382.5,383.3,-0.96,12852.0,565.0,359.4
SFCL,2/11/2026,388.9,389.0,377.1,381.0,-0.6,17367.0,565.0,359.4
SFCL,2/12/2026,381.1,385.0,379.0,380.1,-0.24,13319.0,565.0,359.4
SFCL,2/16/2026,381.0,390.0,376.0,387.0,1.82,17128.0,565.0,359.4
SFCL,2/17/2026,389.0,389.0,372.3,381.0,-1.55,13585.0,565.0,359.4
SFCL,2/22/2026,386.0,386.0,373.1,376.9,-1.08,6712.0,565.0,359.4
SFCL,2/23/2026,378.0,379.8,373.0,375.1,-0.48,10091.0,565.0,359.4
SFCL,2/24/2026,379.9,382.0,375.0,378.0,0.77,6520.0,565.0,359.4
SFCL,2/25/2026,383.0,383.0,376.0,376.0,-0.53,8803.0,565.0,359.4
SFCL,2/26/2026,377.0,380.9,375.1,378.0,0.53,9545.0,565.0,359.4
SFCL,2/27/2026,377.0,380.9,375.1,378.0,0.0,9545.0,565.0,359.4
SFCL,2/28/2026,377.0,380.9,375.1,378.0,0.0,9545.0,565.0,359.4
SFCL,3/2/2026,381.9,391.0,375.5,391.0,3.44,23568.0,565.0,359.4
SFCL,3/3/2026,391.0,398.8,391.0,394.8,0.97,22195.0,565.0,359.4
SFCL,3/4/2026,391.0,398.8,391.0,394.8,0.0,22195.0,565.0,359.4
SFCL,3/5/2026,391.0,398.8,391.0,394.8,0.0,22195.0,565.0,359.4
SFCL,3/6/2026,391.0,398.8,391.0,394.8,0.0,22195.0,565.0,359.4
SFCL,3/7/2026,391.0,398.8,391.0,394.8,0.0,22195.0,565.0,359.4
SFCL,3/8/2026,391.0,398.8,391.0,394.8,0.0,22195.0,565.0,359.4
SFCL,3/9/2026,402.0,410.0,402.0,410.0,3.85,410.0,565.0,359.4
SFCL,3/10/2026,418.2,442.0,411.6,419.0,2.2,69735.0,565.0,359.4
SFCL,3/11/2026,420.0,420.9,407.0,409.8,-2.2,18143.0,565.0,359.4
SFCL,3/12/2026,409.8,415.0,404.0,414.5,1.15,18398.0,565.0,359.4
SFCL,3/13/2026,409.8,415.0,404.0,414.5,0.0,18398.0,565.0,359.4
SFCL,3/14/2026,409.8,415.0,404.0,414.5,0.0,18398.0,565.0,359.4
SFCL,3/15/2026,415.0,420.0,408.0,409.0,-1.33,22506.0,565.0,359.4
SFCL,3/16/2026,410.0,414.0,402.0,407.0,-0.49,17202.0,565.0,359.4
SFCL,3/17/2026,407.0,410.0,401.0,410.0,0.74,15366.0,565.0,359.4
SFCL,3/18/2026,407.0,410.0,401.0,410.0,0.0,15366.0,565.0,359.4
SFCL,3/19/2026,414.5,422.0,411.0,421.0,2.68,53757.0,565.0,359.4
SFCL,3/20/2026,414.5,422.0,411.0,421.0,0.0,53757.0,565.0,359.4
SFCL,3/21/2026,414.5,422.0,411.0,421.0,0.0,53757.0,565.0,359.4
SFCL,3/22/2026,426.0,441.0,419.0,439.0,4.28,61198.0,565.0,359.4
SFCL,3/23/2026,445.0,450.0,430.4,433.0,-1.37,43694.0,565.0,359.4
SFCL,3/24/2026,441.6,450.4,435.0,440.0,1.62,23027.0,565.0,359.4
SFCL,3/25/2026,439.0,442.0,428.0,429.0,-2.5,25031.0,565.0,359.4
SFCL,3/26/2026,425.1,430.9,424.1,430.0,1.15,18615.0,565.0,359.4
SFCL,3/29/2026,430.0,430.0,409.8,415.0,-3.49,35713.0,565.0,359.4
SFCL,3/30/2026,423.3,423.3,399.0,406.8,-3.9,21837.0,565.0,359.4
SFCL,3/31/2026,412.9,414.9,398.7,411.0,-0.46,20502.0,565.0,359.4
SFCL,4/1/2026,403.0,411.0,392.1,399.9,-0.77,16884.0,565.0,359.4
SFCL,4/2/2026,400.0,400.0,385.0,392.7,-1.83,17663.0,565.0,359.4
SFCL,4/5/2026,385.0,390.0,377.3,381.9,-0.81,17276.0,565.0,359.4
SFCL,4/6/2026,374.3,398.7,374.3,397.9,6.31,16641.0,565.0,359.4
SFCL,4/7/2026,398.0,400.0,392.0,393.0,-1.26,9220.0,565.0,359.4
SFCL,4/8/2026,394.5,398.8,393.0,396.0,0.38,10859.0,565.0,359.4
SFCL,4/9/2026,395.0,404.8,388.1,403.8,2.23,14320.0,565.0,359.4
SFCL,4/10/2026,409.0,409.0,396.0,397.0,-2.93,4621.0,565.0,359.4
SFCL,4/13/2026,395.0,410.9,395.0,397.0,0.51,5910.0,565.0,359.4
SFCL,4/15/2026,404.0,404.0,396.0,399.0,-1.24,15987.0,565.0,359.4
SFCL,4/16/2026,395.0,395.0,383.1,386.5,-2.15,28795.0,565.0,359.4
SFCL,4/17/2026,392.9,393.4,385.0,388.2,-1.2,14204.0,565.0,359.4
SFCL,4/20/2026,390.0,400.0,387.9,392.0,0.51,10967.0,565.0,359.4
SFCL,4/21/2026,396.9,396.9,381.1,382.0,-3.75,9269.0,565.0,359.4
SFCL,4/22/2026,375.0,393.4,374.0,390.0,4.0,22183.0,565.0,359.4
SFCL,4/23/2026,390.0,392.5,382.0,383.5,-1.67,6885.0,565.0,359.4
SFCL,4/24/2026,368.3,387.0,368.3,385.0,4.53,4967.0,565.0,359.4
SFCL,4/27/2026,385.0,390.0,378.3,383.1,-0.49,10785.0,565.0,359.4
SFCL,4/28/2026,383.1,390.0,380.0,380.0,-0.81,9119.0,565.0,359.4
SFCL,4/29/2026,397.3,397.3,377.0,380.5,-4.23,7052.0,565.0,359.4
SFCL,4/30/2026,375.1,383.0,373.0,380.0,1.31,7148.0,565.0,359.4
SFCL,5/4/2026,380.0,382.0,373.0,374.0,-1.58,5952.0,565.0,359.4
SFCL,5/5/2026,372.0,379.9,371.1,378.0,1.61,4970.0,565.0,359.4
SFCL,5/6/2026,384.0,384.0,378.0,379.0,-1.3,2025.0,565.0,359.4
SFCL,5/7/2026,377.0,378.0,373.0,377.7,0.19,6126.0,565.0,359.4
SFCL,5/8/2026,380.0,380.7,373.2,379.0,-0.26,5552.0,565.0,359.4
SFCL,5/11/2026,384.9,390.0,380.0,385.0,0.03,7066.0,565.0,359.4
SFCL,5/12/2026,390.0,390.0,378.3,380.0,-2.56,5533.0,565.0,359.4
SFCL,5/13/2026,378.0,383.9,367.0,371.0,-1.85,12116.0,565.0,359.4
SFCL,5/14/2026,371.0,371.0,363.1,363.2,-2.1,12102.0,565.0,359.4
SFCL,5/15/2026,364.9,367.4,363.0,367.0,0.58,9015.0,565.0,359.4
SFCL,5/18/2026,367.0,367.0,365.0,366.3,-0.19,6879.0,565.0,359.4
SFCL,5/19/2026,367.0,372.0,365.0,371.9,1.34,5477.0,565.0,359.4
SFCL,5/20/2026,375.0,375.0,370.0,374.9,-0.03,2764.0,565.0,359.4
SFCL,5/21/2026,379.0,379.0,373.0,373.1,-1.56,1376.0,565.0,359.4
SFCL,5/22/2026,367.1,375.0,366.0,370.0,0.79,7519.0,565.0,359.4
SFCL,5/25/2026,371.0,380.5,367.3,379.0,2.16,13008.0,565.0,359.4
SFCL,5/26/2026,378.0,378.0,375.0,378.0,0.0,2281.0,565.0,359.4
SFCL,5/27/2026,379.9,383.0,375.0,377.5,-0.63,3397.0,565.0,359.4
SFCL,6/1/2026,376.0,383.0,365.0,370.0,-1.6,7788.0,565.0,359.4
SFCL,6/2/2026,366.0,397.0,366.0,394.0,7.65,45083.0,565.0,359.4
SFCL,6/3/2026,400.0,400.0,386.4,390.0,-2.5,12598.0,565.0,359.4
SFCL,6/4/2026,390.0,396.0,383.3,386.0,-1.03,8847.0,565.0,359.4
SFCL,6/5/2026,377.1,409.0,376.2,396.1,5.04,36487.0,565.0,359.4
SFCL,6/8/2026,402.0,404.0,393.1,398.0,-1.0,31376.0,565.0,359.4
SFCL,6/9/2026,402.0,402.0,382.0,385.1,-4.2,13579.0,565.0,359.4
SFCL,6/10/2026,365.9,399.0,365.9,385.0,5.22,10487.0,565.0,359.4
SFCL,6/11/2026,365.8,391.0,365.8,382.1,4.46,8545.0,565.0,359.4
SFCL,6/12/2026,380.0,389.5,376.0,379.0,-0.26,8482.0,565.0,359.4
SFCL,6/15/2026,378.0,385.0,378.0,378.0,0.0,5320.0,565.0,359.4
SFCL,6/16/2026,378.0,380.0,372.1,375.0,-0.79,6427.0,565.0,359.4
SFCL,6/17/2026,375.0,382.0,372.0,379.0,1.07,6007.0,565.0,359.4
SFCL,6/18/2026,385.0,388.0,374.0,375.0,-2.6,4181.0,565.0,359.4
SFCL,6/19/2026,380.9,381.0,373.4,373.4,-1.97,7471.0,565.0,359.4
SFCL,6/22/2026,372.1,377.0,370.0,375.0,0.78,7145.0,565.0,359.4
SFCL,6/23/2026,374.0,375.0,369.2,370.0,-1.07,8237.0,565.0,359.4
SFCL,6/24/2026,375.0,376.0,369.0,371.0,-1.07,6501.0,565.0,359.4
SFCL,6/26/2026,371.0,376.0,366.1,366.1,-1.32,8049.0,565.0,359.4
SFCL,6/29/2026,366.1,370.0,364.0,366.0,-0.03,5203.0,565.0,359.4
SFCL,6/30/2026,365.0,370.0,364.5,369.0,1.1,6196.0,565.0,359.4
SFCL,7/1/2026,371.0,375.0,368.0,373.9,0.78,5814.0,565.0,359.4
SFCL,7/2/2026,370.0,378.0,370.0,375.8,1.57,6971.0,565.0,359.4
SFCL,7/3/2026,375.0,376.0,375.0,376.0,0.27,9691.0,565.0,359.4
SFCL,7/6/2026,382.0,386.0,377.0,378.0,-1.05,15378.0,565.0,359.4
SFCL,7/7/2026,396.9,396.9,376.0,386.9,-2.52,4897.0,565.0,359.4
SFCL,7/8/2026,367.6,389.6,367.6,375.0,2.01,7839.0,565.0,359.4
SFCL,7/9/2026,375.0,375.0,368.3,370.0,-1.33,5290.0,565.0,359.4
SFCLP,1/18/2026,164.0,164.0,164.0,164.0,,15394.0,164.0,164.0
SFEF,1/26/2026,9.8,9.97,9.72,9.72,,80750.0,10.65,8.4
SFEF,1/27/2026,9.6,9.79,9.6,9.76,0.41,1615.0,10.65,8.4
SFEF,1/28/2026,9.74,9.88,9.73,9.78,0.2,5100.0,10.65,8.4
SFEF,1/29/2026,9.78,9.89,9.78,9.83,0.51,11307.0,10.65,8.4
SFEF,2/1/2026,9.83,9.85,9.75,9.85,0.2,37500.0,10.65,8.4
SFEF,2/2/2026,9.7,9.89,9.7,9.75,-1.02,2299.0,10.65,8.4
SFEF,2/3/2026,9.56,9.75,9.56,9.75,0.0,1000.0,10.65,8.4
SFEF,2/4/2026,9.71,10.0,9.71,10.0,2.56,65605.0,10.65,8.4
SFEF,2/5/2026,9.86,10.02,9.83,9.88,-1.2,1600.0,10.65,8.4
SFEF,2/8/2026,9.84,10.03,9.84,10.03,1.52,60850.0,10.65,8.4
SFEF,2/9/2026,9.83,9.83,9.75,9.75,-2.79,4900.0,10.65,8.4
SFEF,2/10/2026,9.58,9.59,9.58,9.59,-1.64,200.0,10.65,8.4
SFEF,2/11/2026,9.78,9.94,9.6,9.94,3.65,58704.0,10.65,8.4
SFEF,2/12/2026,9.8,9.8,9.8,9.8,-1.41,1300.0,10.65,8.4
SFEF,2/16/2026,9.62,9.71,9.62,9.71,-0.92,900.0,10.65,8.4
SFEF,2/17/2026,9.7,9.7,9.63,9.66,-0.51,63600.0,10.65,8.4
SFEF,2/22/2026,9.61,9.85,9.61,9.63,-0.31,64838.0,10.65,8.4
SFEF,2/23/2026,9.45,9.6,9.45,9.6,-0.31,10300.0,10.65,8.4
SFEF,2/24/2026,9.54,9.54,9.54,9.54,-0.63,100.0,10.65,8.4
SFEF,2/25/2026,9.55,9.73,9.55,9.61,0.73,41550.0,10.65,8.4
SFEF,2/26/2026,9.53,9.8,9.53,9.79,1.87,51747.0,10.65,8.4
SFEF,2/27/2026,9.53,9.8,9.53,9.79,0.0,51747.0,10.65,8.4
SFEF,2/28/2026,9.53,9.8,9.53,9.79,0.0,51747.0,10.65,8.4
SFEF,3/2/2026,9.6,9.79,9.46,9.75,-0.41,55999.0,10.65,8.4
SFEF,3/3/2026,9.93,9.93,9.93,9.93,1.85,1692.0,10.65,8.4
SFEF,3/4/2026,9.93,9.93,9.93,9.93,0.0,1692.0,10.65,8.4
SFEF,3/5/2026,9.93,9.93,9.93,9.93,0.0,1692.0,10.65,8.4
SFEF,3/6/2026,9.93,9.93,9.93,9.93,0.0,1692.0,10.65,8.4
SFEF,3/7/2026,9.93,9.93,9.93,9.93,0.0,1692.0,10.65,8.4
SFEF,3/8/2026,9.93,9.93,9.93,9.93,0.0,1692.0,10.65,8.4
SFEF,3/9/2026,10.12,10.12,10.12,10.12,1.91,47183.0,10.65,8.4
SFEF,3/10/2026,10.12,10.12,10.1,10.1,-0.2,292200.0,10.65,8.4
SFEF,3/11/2026,10.1,10.1,10.1,10.1,0.0,8200.0,10.65,8.4
SFEF,3/12/2026,10.1,10.3,10.1,10.3,1.98,366404.0,10.65,8.4
SFEF,3/13/2026,10.1,10.3,10.1,10.3,0.0,366404.0,10.65,8.4
SFEF,3/14/2026,10.1,10.3,10.1,10.3,0.0,366404.0,10.65,8.4
SFEF,3/15/2026,10.3,10.43,10.1,10.1,-1.94,143517.0,10.65,8.4
SFEF,3/16/2026,9.9,10.02,9.9,10.02,-0.79,500.0,10.65,8.4
SFEF,3/17/2026,10.22,10.42,10.02,10.42,3.99,38500.0,10.65,8.4
SFEF,3/18/2026,10.22,10.42,10.02,10.42,0.0,38500.0,10.65,8.4
SFEF,3/19/2026,10.6,10.65,10.24,10.48,0.58,496596.0,10.65,8.4
SFEF,3/20/2026,10.6,10.65,10.24,10.48,0.0,496596.0,10.65,8.4
SFEF,3/21/2026,10.6,10.65,10.24,10.48,0.0,496596.0,10.65,8.4
SFEF,3/22/2026,10.28,10.31,10.28,10.31,-1.62,850.0,10.65,8.4
SFEF,3/23/2026,10.12,10.32,10.12,10.31,0.0,119900.0,10.65,8.4
SFEF,3/24/2026,10.3,10.5,10.26,10.5,1.84,55500.0,10.65,8.4
SFEF,3/25/2026,10.3,10.45,10.3,10.36,-1.33,2350.0,10.65,8.4
SFEF,3/26/2026,10.3,10.49,10.3,10.47,1.65,9700.0,10.65,8.4
SFEF,3/29/2026,10.4,10.6,10.4,10.6,1.92,8900.0,10.65,8.4
SFEF,3/30/2026,10.4,10.4,10.33,10.33,-0.67,199362.0,10.65,8.4
SFEF,3/31/2026,10.18,10.24,10.18,10.23,0.49,115600.0,10.65,8.4
SFEF,4/1/2026,10.21,10.21,10.07,10.11,-0.98,63000.0,10.65,8.4
SFEF,4/2/2026,10.0,10.25,10.0,10.2,2.0,1200.0,10.65,8.4
SFEF,4/5/2026,10.0,10.0,9.83,9.88,-1.2,3560.0,10.65,8.4
SFEF,4/6/2026,10.06,10.1,10.06,10.1,0.4,2700.0,10.65,8.4
SFEF,4/8/2026,10.01,10.05,10.01,10.05,0.4,1800.0,10.65,8.4
SFEF,4/9/2026,10.03,10.2,10.03,10.11,0.8,94140.0,10.65,8.4
SFEF,4/10/2026,9.92,10.05,9.92,10.05,1.31,7500.0,10.65,8.4
SFEF,4/13/2026,10.05,10.1,10.05,10.1,0.5,2600.0,10.65,8.4
SFEF,4/15/2026,10.3,10.3,10.06,10.13,-1.65,3100.0,10.65,8.4
SFEF,4/16/2026,10.13,10.14,10.13,10.14,0.1,6300.0,10.65,8.4
SFEF,4/17/2026,10.05,10.26,10.05,10.12,0.7,8529.0,10.65,8.4
SFEF,4/20/2026,10.12,10.12,10.06,10.12,0.0,2400.0,10.65,8.4
SFEF,4/21/2026,10.05,10.32,10.05,10.15,1.0,13390.0,10.65,8.4
SFEF,4/22/2026,10.05,10.06,10.05,10.06,0.1,300.0,10.65,8.4
SFEF,4/23/2026,10.1,10.1,10.05,10.05,-0.5,27100.0,10.65,8.4
SFEF,4/24/2026,10.05,10.1,10.0,10.1,0.5,300.0,10.65,8.4
SFEF,4/27/2026,10.1,10.0,9.9,9.95,-1.49,300.0,10.65,8.4
SFEF,4/28/2026,9.95,10.12,9.85,10.1,1.51,1900.0,10.65,8.4
SFEF,4/29/2026,10.0,10.1,9.99,9.99,-0.1,90350.0,10.65,8.4
SFEF,4/30/2026,9.9,9.99,9.9,9.99,0.91,1800.0,10.65,8.4
SFEF,5/4/2026,9.76,9.77,9.76,9.77,0.1,1200.0,10.65,8.4
SFEF,5/5/2026,9.76,10.0,9.76,10.0,2.46,1500.0,10.65,8.4
SFEF,5/6/2026,9.8,10.0,9.8,9.85,0.51,51600.0,10.65,8.4
SFEF,5/7/2026,9.76,10.05,9.76,9.99,2.36,55300.0,10.65,8.4
SFEF,5/8/2026,9.81,10.0,9.81,10.0,1.94,25900.0,10.65,8.4
SFEF,5/11/2026,10.0,10.2,10.0,10.2,2.0,36100.0,10.65,8.4
SFEF,5/12/2026,10.2,10.2,10.07,10.07,-1.27,60490.0,10.65,8.4
SFEF,5/13/2026,9.82,9.91,9.82,9.91,0.92,700.0,10.65,8.4
SFEF,5/14/2026,10.18,10.2,10.13,10.14,-0.39,49200.0,10.65,8.4
SFEF,5/15/2026,10.12,10.28,10.1,10.16,0.4,23360.0,10.65,8.4
SFEF,5/18/2026,10.2,10.26,10.0,10.14,-0.59,17757.0,10.65,8.4
SFEF,5/19/2026,10.14,10.14,10.11,10.11,-0.3,600.0,10.65,8.4
SFEF,5/20/2026,10.01,10.15,10.01,10.15,1.4,2500.0,10.65,8.4
SFEF,5/21/2026,10.0,10.27,10.0,10.27,2.7,22737.0,10.65,8.4
SFEF,5/22/2026,10.27,10.27,10.11,10.13,-1.36,700.0,10.65,8.4
SFEF,5/25/2026,10.13,10.3,10.13,10.3,1.68,3400.0,10.65,8.4
SFEF,5/26/2026,10.15,10.38,10.14,10.38,2.27,5350.0,10.65,8.4
SFEF,5/27/2026,10.2,10.3,10.1,10.1,-0.98,2221.0,10.65,8.4
SFEF,6/1/2026,10.0,10.28,10.0,10.12,1.2,800.0,10.65,8.4
SFEF,6/2/2026,10.0,10.15,9.96,10.01,0.1,1666.0,10.65,8.4
SFEF,6/3/2026,10.01,10.29,10.01,10.05,0.4,8200.0,10.65,8.4
SFEF,6/4/2026,10.01,10.19,10.01,10.19,1.8,28762.0,10.65,8.4
SFEF,6/5/2026,10.14,10.14,10.14,10.14,0.0,39109.0,10.65,8.4
SFEF,6/8/2026,10.02,10.3,10.02,10.03,0.1,12118.0,10.65,8.4
SFEF,6/9/2026,10.05,10.05,10.05,10.05,0.0,400.0,10.65,8.4
SFEF,6/10/2026,10.06,10.1,10.06,10.1,0.4,1300.0,10.65,8.4
SFEF,6/11/2026,10.06,10.1,10.06,10.08,0.2,55500.0,10.65,8.4
SFEF,6/12/2026,10.05,10.08,10.05,10.08,0.3,6400.0,10.65,8.4
SFEF,6/15/2026,10.08,10.3,10.08,10.11,0.3,4500.0,10.65,8.4
SFEF,6/16/2026,10.2,10.35,10.06,10.06,-1.37,21250.0,10.65,8.4
SFEF,6/17/2026,10.06,10.08,10.06,10.08,0.2,700.0,10.65,8.4
SFEF,6/18/2026,10.1,10.1,10.1,10.1,0.0,300.0,10.65,8.4
SFEF,6/19/2026,10.1,10.1,10.1,10.1,0.0,900.0,10.65,8.4
SFEF,6/22/2026,10.08,10.08,10.08,10.08,0.0,500.0,10.65,8.4
SFEF,6/23/2026,10.08,10.08,9.82,10.0,-0.79,13020.0,10.65,8.4
SFEF,6/24/2026,10.0,10.1,10.0,10.1,1.0,20800.0,10.65,8.4
SFEF,6/26/2026,10.0,10.01,10.0,10.0,0.0,130300.0,10.65,8.4
SFEF,6/29/2026,9.85,10.05,9.85,10.0,1.52,259035.0,10.65,8.4
SFEF,6/30/2026,9.9,10.0,9.9,9.9,0.0,700.0,10.65,8.4
SFEF,7/1/2026,9.9,10.19,9.9,10.19,2.93,10595.0,10.65,8.4
SFEF,7/2/2026,9.9,10.02,9.9,10.02,1.21,500.0,10.65,8.4
SFEF,7/3/2026,10.02,10.02,10.02,10.02,0.0,100.0,10.65,8.4
SFEF,7/6/2026,10.02,10.1,9.95,10.0,-0.2,1800.0,10.65,8.4
SFEF,7/7/2026,9.95,9.95,9.95,9.95,0.0,400.0,10.65,8.4
SFEF,7/8/2026,9.95,9.95,9.95,9.95,0.0,200.0,10.65,8.4
SFEF,7/9/2026,10.0,10.0,10.0,10.0,0.0,17860.0,10.65,8.4
SFEF,7/10/2026,9.95,10.0,9.95,10.0,0.5,300.0,10.65,8.4
SFEF,7/13/2026,10.0,10.01,10.0,10.0,0.0,6000.0,10.65,8.4
SFEF,7/14/2026,10.05,10.05,10.0,10.0,-0.5,18560.0,10.65,8.4
SFEF,7/15/2026,10.0,10.0,10.0,10.0,0.0,700.0,10.65,8.4
SFEF,7/16/2026,9.95,10.2,9.95,10.19,2.41,12800.0,10.65,8.4
SFEF,7/17/2026,9.95,9.95,9.95,9.95,0.0,200.0,10.65,8.4
SFEF,7/20/2026,9.96,10.0,9.96,10.0,0.4,500.0,10.65,8.4
SFEF,7/21/2026,10.0,10.1,10.0,10.1,1.0,1400.0,10.65,8.4
SFEF,7/22/2026,10.0,10.0,10.0,10.0,0.0,1860.0,10.65,8.4
SFEF,7/23/2026,10.0,10.0,10.0,10.0,0.0,900.0,10.65,8.4
SFEF,7/24/2026,10.0,10.1,9.95,9.95,-0.5,700.0,10.65,8.4
SFEF,7/27/2026,10.16,10.16,10.16,10.16,0.0,12200.0,10.65,8.4
SFEF,7/28/2026,10.0,10.12,10.0,10.0,0.0,5990.0,10.65,8.4
SFEF,7/29/2026,10.0,10.02,10.0,10.02,0.2,1600.0,10.65,8.4
SFEF,7/30/2026,10.0,10.1,10.0,10.0,0.0,41100.0,10.65,8.4
SFEF,7/31/2026,10.0,10.0,10.0,10.0,0.0,500.0,10.65,8.4
SFEF,8/3/2026,10.0,10.1,10.0,10.1,1.0,12300.0,10.65,8.4
SFEF,8/4/2026,9.8,10.15,9.8,9.85,0.51,6900.0,10.65,8.4
SFEF,8/5/2026,10.0,10.0,9.84,9.84,-1.6,12620.0,10.65,8.4
SFEF,8/6/2026,9.85,9.85,9.85,9.85,0.0,300.0,10.65,8.4
SFEF,8/7/2026,9.8,10.08,9.8,9.98,1.84,33700.0,10.65,8.4
SFEF,8/10/2026,9.91,9.91,9.91,9.91,0.0,100.0,10.65,8.4
SFEF,8/11/2026,9.8,9.8,9.8,9.8,0.0,100.0,10.65,8.4
SFEF,8/12/2026,10.0,10.0,9.8,9.8,-2.0,49410.0,10.65,8.4
SFEF,8/13/2026,9.85,10.09,9.81,9.81,-0.41,23600.0,10.65,8.4
SFEF,8/14/2026,9.61,10.1,9.61,10.1,5.1,1000.0,10.65,8.4
SFEF,8/17/2026,9.85,9.85,9.85,9.85,0.0,100.0,10.65,8.4
SFEF,8/18/2026,9.8,9.8,9.8,9.8,0.0,100.0,10.65,8.4
SFEF,8/19/2026,9.8,9.8,9.8,9.8,0.0,100.0,10.65,8.4
SFEF,8/24/2026,9.56,9.86,9.56,9.86,3.14,21700.0,10.65,8.4
SFEF,8/25/2026,9.64,9.64,9.64,9.64,0.0,100.0,10.65,8.4
SFEF,8/26/2026,9.5,9.78,9.5,9.63,1.37,213800.0,10.65,8.4
SFEF,8/27/2026,9.5,9.8,9.5,9.65,1.58,51836.0,10.65,8.4
SFEF,8/31/2026,9.65,9.85,9.65,9.85,2.07,300400.0,10.65,8.4
SFEF,9/1/2026,9.85,9.9,9.83,9.83,-0.2,275500.0,10.65,8.4
SFEF,9/2/2026,9.62,9.86,9.62,9.85,2.39,273082.0,10.65,8.4
SFEF,9/3/2026,9.85,9.86,9.56,9.86,0.1,5100.0,10.65,8.4
SFEF,9/7/2026,9.59,9.59,9.59,9.59,0.0,100.0,10.65,8.4
SFEF,9/14/2026,9.31,9.31,9.07,9.1,-2.26,2600.0,10.65,8.4
SFEF,9/15/2026,9.37,9.4,9.15,9.4,0.32,14500.0,10.65,8.4
SFEF,9/16/2026,9.12,9.2,9.0,9.2,0.88,24515.0,10.65,8.4
SFEF,9/17/2026,9.0,9.1,9.0,9.1,1.11,104085.0,10.65,8.4
SFEF,9/18/2026,9.01,9.01,9.01,9.01,0.0,200.0,10.65,8.4
SFEF,9/22/2026,9.01,9.01,8.4,9.0,-0.11,702900.0,10.65,8.4
SFEF,9/23/2026,8.73,8.92,8.56,8.92,2.18,3500.0,10.65,8.4
SFEF,9/24/2026,9.18,9.18,9.11,9.11,-0.76,4950.0,10.65,8.4
SFEF,9/28/2026,8.84,8.96,8.7,8.91,0.79,110650.0,10.65,8.4
SFEF,9/29/2026,8.92,9.17,8.92,0.0,-100.0,2200.0,10.65,8.4
SFEF,9/30/2026,8.92,9.12,8.92,8.92,0.0,24945.0,10.65,8.4
SFEF,10/1/2026,8.96,9.0,8.96,9.0,0.45,10100.0,10.65,8.4
SFEF,10/2/2026,8.92,9.05,8.92,9.05,1.46,5200.0,10.65,8.4
SFMF,1/26/2026,10.2,10.2,10.18,10.18,,23300.0,11.01,8.96
SFMF,1/27/2026,10.21,10.21,10.0,10.19,0.1,191985.0,11.01,8.96
SFMF,1/28/2026,10.1,10.19,10.1,10.19,0.0,3700.0,11.01,8.96
SFMF,1/29/2026,10.01,10.1,10.0,10.1,-0.88,19490.0,11.01,8.96
SFMF,2/1/2026,10.03,10.19,10.03,10.19,0.89,7662.0,11.01,8.96
SFMF,2/2/2026,10.0,10.19,10.0,10.19,0.0,4100.0,11.01,8.96
SFMF,2/3/2026,10.01,10.01,10.01,10.01,-1.77,5000.0,11.01,8.96
SFMF,2/4/2026,10.19,10.21,10.19,10.21,2.0,23253.0,11.01,8.96
SFMF,2/5/2026,10.18,10.18,10.18,10.18,-0.29,500.0,11.01,8.96
SFMF,2/9/2026,10.38,10.38,10.38,10.38,1.96,1000.0,11.01,8.96
SFMF,2/10/2026,10.18,10.21,10.18,10.21,-1.64,13964.0,11.01,8.96
SFMF,2/11/2026,10.01,10.21,10.01,10.21,0.0,2070.0,11.01,8.96
SFMF,2/12/2026,10.02,10.23,10.02,10.23,0.2,6000.0,11.01,8.96
SFMF,2/16/2026,10.03,10.27,10.03,10.27,0.39,19280.0,11.01,8.96
SFMF,2/17/2026,10.24,10.26,10.24,10.26,-0.1,22138.0,11.01,8.96
SFMF,2/23/2026,10.26,10.29,10.07,10.07,-1.85,63450.0,11.01,8.96
SFMF,2/24/2026,10.26,10.28,10.26,10.27,1.99,26955.0,11.01,8.96
SFMF,2/25/2026,10.1,10.26,10.1,10.26,-0.1,600.0,11.01,8.96
SFMF,2/26/2026,10.06,10.26,10.06,10.26,0.0,2500.0,11.01,8.96
SFMF,2/27/2026,10.06,10.26,10.06,10.26,0.0,2500.0,11.01,8.96
SFMF,2/28/2026,10.06,10.26,10.06,10.26,0.0,2500.0,11.01,8.96
SFMF,3/2/2026,10.06,10.06,10.06,10.06,-1.95,100.0,11.01,8.96
SFMF,3/10/2026,10.1,10.26,10.1,10.26,1.99,7924.0,11.01,8.96
SFMF,3/11/2026,10.4,10.5,10.29,10.5,2.34,15100.0,11.01,8.96
SFMF,3/12/2026,10.71,10.71,10.5,10.5,0.0,10600.0,11.01,8.96
SFMF,3/13/2026,10.71,10.71,10.5,10.5,0.0,10600.0,11.01,8.96
SFMF,3/14/2026,10.71,10.71,10.5,10.5,0.0,10600.0,11.01,8.96
SFMF,3/15/2026,10.6,10.71,10.6,10.71,2.0,2200.0,11.01,8.96
SFMF,3/17/2026,10.6,10.6,10.4,10.4,-2.89,300.0,11.01,8.96
SFMF,3/18/2026,10.6,10.6,10.4,10.4,0.0,300.0,11.01,8.96
SFMF,3/19/2026,10.4,10.6,10.3,10.6,1.92,13299.0,11.01,8.96
SFMF,3/20/2026,10.4,10.6,10.3,10.6,0.0,13299.0,11.01,8.96
SFMF,3/21/2026,10.4,10.6,10.3,10.6,0.0,13299.0,11.01,8.96
SFMF,3/22/2026,10.8,10.8,10.79,10.79,1.79,2200.0,11.01,8.96
SFMF,3/23/2026,10.6,10.6,10.39,10.39,-3.71,11350.0,11.01,8.96
SFMF,3/24/2026,10.59,10.7,10.4,10.6,2.02,12750.0,11.01,8.96
SFMF,3/25/2026,10.39,10.4,10.39,10.4,-1.89,1500.0,11.01,8.96
SFMF,3/26/2026,10.5,10.75,10.2,10.3,-1.9,46468.0,11.01,8.96
SFMF,3/29/2026,10.31,10.53,10.31,10.53,2.13,9704.0,11.01,8.96
SFMF,3/30/2026,10.35,10.54,10.35,10.35,0.0,10433.0,11.01,8.96
SFMF,3/31/2026,10.2,10.2,10.2,10.2,0.0,100.0,11.01,8.96
SFMF,4/1/2026,10.4,10.7,10.4,10.5,0.96,1450.0,11.01,8.96
SFMF,4/5/2026,10.29,10.49,10.29,10.49,1.94,13875.0,11.01,8.96
SFMF,4/8/2026,10.67,10.71,10.67,10.71,0.37,316.0,11.01,8.96
SFMF,4/13/2026,10.7,10.8,10.7,10.72,0.19,1225.0,11.01,8.96
SFMF,4/15/2026,10.52,10.52,10.52,10.52,0.0,8200.0,11.01,8.96
SFMF,4/16/2026,10.45,10.45,10.45,10.45,0.0,100.0,11.01,8.96
SFMF,4/17/2026,10.35,10.35,10.35,10.35,0.0,500.0,11.01,8.96
SFMF,4/20/2026,10.35,10.66,10.35,10.66,3.0,30200.0,11.01,8.96
SFMF,4/21/2026,10.5,10.5,10.5,10.5,0.0,200.0,11.01,8.96
SFMF,4/22/2026,10.6,10.6,10.5,10.5,-0.94,6000.0,11.01,8.96
SFMF,4/23/2026,10.25,10.25,10.25,10.25,0.0,200.0,11.01,8.96
SFMF,4/24/2026,10.25,10.5,10.2,10.5,2.44,1500.0,11.01,8.96
SFMF,4/27/2026,10.5,10.77,10.59,10.7,1.9,20743.0,11.01,8.96
SFMF,4/29/2026,10.7,10.69,10.38,10.69,-0.09,5600.0,11.01,8.96
SFMF,4/30/2026,10.39,10.39,10.38,10.38,-0.1,6600.0,11.01,8.96
SFMF,5/4/2026,10.32,10.62,10.32,10.51,1.84,4700.0,11.01,8.96
SFMF,5/5/2026,10.31,10.4,10.31,10.4,0.87,500.0,11.01,8.96
SFMF,5/6/2026,10.7,10.7,10.4,10.4,-2.8,15900.0,11.01,8.96
SFMF,5/7/2026,10.31,10.31,10.31,10.31,0.0,2500.0,11.01,8.96
SFMF,5/8/2026,10.25,10.4,10.25,10.4,1.46,14300.0,11.01,8.96
SFMF,5/11/2026,10.6,10.6,10.4,10.4,-1.89,15435.0,11.01,8.96
SFMF,5/12/2026,10.7,10.7,10.5,10.55,-1.4,9780.0,11.01,8.96
SFMF,5/13/2026,10.5,10.5,10.5,10.5,0.0,100.0,11.01,8.96
SFMF,5/14/2026,10.25,10.45,10.25,10.36,1.07,3800.0,11.01,8.96
SFMF,5/18/2026,10.26,10.55,10.25,10.35,0.88,9813.0,11.01,8.96
SFMF,5/19/2026,10.25,10.4,10.25,10.4,1.46,1600.0,11.01,8.96
SFMF,5/20/2026,10.66,10.66,10.2,10.2,-4.32,7127.0,11.01,8.96
SFMF,5/21/2026,10.1,10.1,10.1,10.1,0.0,100.0,11.01,8.96
SFMF,5/22/2026,10.01,10.01,10.01,10.01,0.0,500.0,11.01,8.96
SFMF,5/26/2026,10.12,10.2,10.12,10.2,0.79,900.0,11.01,8.96
SFMF,6/3/2026,10.21,10.21,10.21,10.21,0.0,600.0,11.01,8.96
SFMF,6/5/2026,10.21,10.21,10.21,10.21,0.0,1000.0,11.01,8.96
SFMF,6/9/2026,10.51,10.51,10.51,10.51,0.0,100.0,11.01,8.96
SFMF,6/10/2026,10.2,10.24,10.2,10.24,0.39,2100.0,11.01,8.96
SFMF,6/11/2026,10.5,10.5,10.5,10.5,0.0,3300.0,11.01,8.96
SFMF,6/12/2026,10.81,10.81,10.81,10.81,0.0,7615.0,11.01,8.96
SFMF,6/16/2026,10.9,10.9,10.9,10.9,0.0,2000.0,11.01,8.96
SFMF,6/17/2026,10.9,10.9,10.7,10.7,-1.83,700.0,11.01,8.96
SFMF,6/19/2026,11.01,11.01,11.01,11.01,0.0,1000.0,11.01,8.96
SFMF,6/22/2026,10.7,10.7,10.7,10.7,0.0,570.0,11.01,8.96
SFMF,6/23/2026,10.4,11.0,10.1,11.0,5.77,3400.0,11.01,8.96
SFMF,6/26/2026,10.67,10.67,10.67,10.67,0.0,7335.0,11.01,8.96
SFMF,6/29/2026,10.5,10.5,10.5,10.5,0.0,1000.0,11.01,8.96
SFMF,6/30/2026,10.8,10.8,10.8,10.8,0.0,100.0,11.01,8.96
SFMF,7/2/2026,10.6,10.8,10.6,10.8,1.89,1100.0,11.01,8.96
SFMF,7/3/2026,10.5,10.79,10.5,10.79,2.76,9686.0,11.01,8.96
SFMF,7/8/2026,10.47,10.47,10.47,10.47,0.0,100.0,11.01,8.96
SFMF,7/9/2026,10.2,10.2,10.17,10.17,-0.29,10000.0,11.01,8.96
SFMF,7/10/2026,10.2,10.2,10.2,10.2,0.0,980.0,11.01,8.96
SFMF,7/13/2026,10.2,10.2,10.2,10.2,0.0,30740.0,11.01,8.96
SFMF,7/14/2026,10.5,10.5,10.19,10.3,-1.9,3800.0,11.01,8.96
SFMF,7/15/2026,10.1,10.3,10.1,10.18,0.79,5700.0,11.01,8.96
SFMF,7/16/2026,10.1,10.1,10.0,10.0,-0.99,10000.0,11.01,8.96
SFMF,7/17/2026,10.2,10.2,10.2,10.2,0.0,5000.0,11.01,8.96
SFMF,7/20/2026,10.5,10.5,10.5,10.5,0.0,150.0,11.01,8.96
SFMF,7/21/2026,10.3,10.31,10.3,10.3,0.0,91560.0,11.01,8.96
SFMF,7/23/2026,10.5,10.5,10.5,10.5,0.0,11786.0,11.01,8.96
SFMF,7/24/2026,10.3,10.3,10.03,10.03,-2.62,700.0,11.01,8.96
SFMF,7/27/2026,10.06,10.06,10.05,10.05,-0.1,7500.0,11.01,8.96
SFMF,7/28/2026,10.06,10.11,10.06,10.11,0.5,600.0,11.01,8.96
SFMF,7/30/2026,10.15,10.15,10.15,10.15,0.0,905.0,11.01,8.96
SFMF,7/31/2026,10.2,10.2,10.15,10.15,-0.49,19920.0,11.01,8.96
SFMF,8/3/2026,10.25,10.25,10.25,10.25,0.0,4832.0,11.01,8.96
SFMF,8/4/2026,10.28,10.28,10.25,10.25,-0.29,5048.0,11.01,8.96
SFMF,8/5/2026,10.15,10.15,10.11,10.11,-0.39,31556.0,11.01,8.96
SFMF,8/6/2026,10.01,10.2,10.01,10.2,1.9,2345.0,11.01,8.96
SFMF,8/7/2026,10.2,10.2,10.2,10.2,0.0,1460.0,11.01,8.96
SFMF,8/10/2026,10.01,10.01,10.01,10.01,0.0,150.0,11.01,8.96
SFMF,8/11/2026,10.02,10.3,10.02,10.3,2.79,11125.0,11.01,8.96
SFMF,8/12/2026,10.2,10.3,10.2,10.3,0.98,2519.0,11.01,8.96
SFMF,8/13/2026,10.2,10.2,10.2,10.2,0.0,8475.0,11.01,8.96
SFMF,8/17/2026,10.05,10.05,10.0,10.0,-0.5,18000.0,11.01,8.96
SFMF,8/18/2026,10.0,10.1,10.0,10.1,1.0,3170.0,11.01,8.96
SFMF,8/19/2026,10.1,10.3,10.1,10.3,1.98,13500.0,11.01,8.96
SFMF,8/20/2026,10.2,10.2,10.0,10.2,0.0,21600.0,11.01,8.96
SFMF,8/21/2026,10.2,10.2,9.9,9.9,-2.94,3400.0,11.01,8.96
SFMF,8/24/2026,9.8,9.8,9.7,9.7,-1.02,39230.0,11.01,8.96
SFMF,8/25/2026,9.7,9.7,9.6,9.6,-1.03,3501.0,11.01,8.96
SFMF,8/31/2026,9.61,9.61,9.61,9.61,0.0,100.0,11.01,8.96
SFMF,9/1/2026,9.48,9.6,9.48,9.5,0.21,14439.0,11.01,8.96
SFMF,9/2/2026,9.35,9.35,9.35,9.35,0.0,2100.0,11.01,8.96
SFMF,9/3/2026,9.27,9.27,9.27,9.27,0.0,3850.0,11.01,8.96
SFMF,9/7/2026,9.3,9.3,9.02,9.02,-3.01,1450.0,11.01,8.96
SFMF,9/9/2026,9.25,9.25,9.06,9.2,-0.54,5200.0,11.01,8.96
SFMF,9/18/2026,8.96,8.96,8.96,8.96,0.0,300.0,11.01,8.96
SFMF,9/22/2026,9.22,9.22,9.22,9.22,0.0,100.0,11.01,8.96
SFMF,9/24/2026,9.4,9.4,9.25,9.25,-1.6,2670.0,11.01,8.96
SFMF,9/28/2026,9.1,9.13,9.1,9.1,0.0,21488.0,11.01,8.96
SFMF,9/29/2026,9.1,9.1,9.1,0.0,-100.0,2100.0,11.01,8.96
SFMF,9/30/2026,9.1,9.1,9.1,9.1,0.0,7000.0,11.01,8.96
SFMF,10/1/2026,9.11,9.11,9.11,9.11,0.0,1000.0,11.01,8.96
SFMF,10/2/2026,9.04,9.25,9.04,9.25,2.32,20297.0,11.01,8.96
SGHC,12/21/2025,400.0,401.0,391.0,393.0,,21450.0,487.6,280.0
SGHC,12/22/2025,389.0,399.0,385.6,392.9,-0.03,17352.0,487.6,280.0
SGHC,12/23/2025,388.9,406.0,388.9,403.0,2.57,19511.0,487.6,280.0
SGHC,12/24/2025,395.1,409.0,388.1,394.0,-2.23,17500.0,487.6,280.0
SGHC,12/28/2025,401.0,409.0,395.0,400.0,1.52,37276.0,487.6,280.0
SGHC,12/29/2025,408.0,408.0,388.1,388.1,-2.97,35778.0,487.6,280.0
SGHC,12/31/2025,395.8,411.0,386.0,391.1,0.77,84474.0,487.6,280.0
SGHC,1/1/2026,395.0,429.0,388.0,390.0,-0.28,74194.0,487.6,280.0
SGHC,1/4/2026,385.1,393.0,378.0,380.2,-2.51,34605.0,487.6,280.0
SGHC,1/5/2026,387.8,395.0,381.0,384.8,1.21,29506.0,487.6,280.0
SGHC,1/6/2026,390.0,390.0,376.2,380.0,-1.25,27765.0,487.6,280.0
SGHC,1/7/2026,387.6,409.0,373.0,375.0,-1.32,17366.0,487.6,280.0
SGHC,1/8/2026,382.2,406.0,370.0,373.1,-0.51,37229.0,487.6,280.0
SGHC,1/12/2026,370.1,380.0,365.0,369.9,-0.86,35107.0,487.6,280.0
SGHC,1/13/2026,367.0,382.7,361.0,370.0,0.03,32242.0,487.6,280.0
SGHC,1/14/2026,377.0,390.5,375.0,375.5,1.49,44509.0,487.6,280.0
SGHC,1/18/2026,370.3,382.0,370.3,377.0,0.4,16893.0,487.6,280.0
SGHC,1/20/2026,371.1,402.5,371.1,394.7,4.69,49092.0,487.6,280.0
SGHC,1/21/2026,391.0,398.0,385.2,385.6,-2.31,33933.0,487.6,280.0
SGHC,1/22/2026,380.0,401.0,380.0,393.0,1.92,28406.0,487.6,280.0
SGHC,1/25/2026,397.0,415.0,395.0,413.0,5.09,109144.0,487.6,280.0
SGHC,1/26/2026,418.5,451.0,411.6,440.1,6.56,262575.0,487.6,280.0
SGHC,1/27/2026,443.0,448.0,417.1,427.5,-2.86,89220.0,487.6,280.0
SGHC,1/28/2026,427.6,433.5,417.0,420.0,-1.75,55518.0,487.6,280.0
SGHC,1/29/2026,411.6,462.0,411.6,433.0,3.1,148789.0,487.6,280.0
SGHC,2/1/2026,424.4,446.0,424.4,432.0,-0.23,87514.0,487.6,280.0
SGHC,2/2/2026,423.4,474.0,423.4,429.1,-0.67,152142.0,487.6,280.0
SGHC,2/3/2026,420.6,429.0,410.0,418.1,-2.56,60245.0,487.6,280.0
SGHC,2/4/2026,409.8,434.0,407.0,422.9,1.15,60514.0,487.6,280.0
SGHC,2/5/2026,414.5,428.0,413.0,415.0,-1.87,38824.0,487.6,280.0
SGHC,2/8/2026,406.7,423.3,403.1,405.0,-2.41,44947.0,487.6,280.0
SGHC,2/9/2026,407.0,429.8,400.2,414.9,2.44,186317.0,487.6,280.0
SGHC,2/10/2026,421.0,437.0,419.0,424.0,2.19,213155.0,487.6,280.0
SGHC,2/11/2026,430.9,430.9,408.3,411.0,-3.07,27422.0,487.6,280.0
SGHC,2/12/2026,407.5,420.0,407.0,410.0,-0.24,42400.0,487.6,280.0
SGHC,2/16/2026,418.2,418.3,393.1,404.9,-1.24,46424.0,487.6,280.0
SGHC,2/17/2026,401.1,401.1,390.0,392.1,-3.16,43608.0,487.6,280.0
SGHC,2/22/2026,387.0,389.0,380.0,381.0,-2.83,33026.0,487.6,280.0
SGHC,2/23/2026,376.3,388.6,375.0,377.2,-1.0,31341.0,487.6,280.0
SGHC,2/24/2026,377.2,403.0,377.2,400.0,6.04,26003.0,487.6,280.0
SGHC,2/25/2026,392.5,408.0,392.5,400.0,0.0,19529.0,487.6,280.0
SGHC,2/26/2026,394.0,405.0,392.0,399.7,-0.08,18157.0,487.6,280.0
SGHC,2/27/2026,394.0,405.0,392.0,399.7,0.0,18157.0,487.6,280.0
SGHC,2/28/2026,394.0,405.0,392.0,399.7,0.0,18157.0,487.6,280.0
SGHC,3/2/2026,392.0,397.8,384.3,396.0,-0.93,14816.0,487.6,280.0
SGHC,3/3/2026,391.2,403.9,391.2,400.5,1.14,17106.0,487.6,280.0
SGHC,3/4/2026,391.2,403.9,391.2,400.5,0.0,17106.0,487.6,280.0
SGHC,3/5/2026,391.2,403.9,391.2,400.5,0.0,17106.0,487.6,280.0
SGHC,3/6/2026,391.2,403.9,391.2,400.5,0.0,17106.0,487.6,280.0
SGHC,3/7/2026,391.2,403.9,391.2,400.5,0.0,17106.0,487.6,280.0
SGHC,3/8/2026,391.2,403.9,391.2,400.5,0.0,17106.0,487.6,280.0
SGHC,3/9/2026,400.5,440.2,400.5,440.0,9.86,2558.0,487.6,280.0
SGHC,3/10/2026,440.0,440.0,407.3,421.0,-4.32,79102.0,487.6,280.0
SGHC,3/11/2026,429.0,429.0,412.0,414.0,-1.66,38948.0,487.6,280.0
SGHC,3/12/2026,408.1,435.0,408.1,414.1,0.02,61095.0,487.6,280.0
SGHC,3/13/2026,408.1,435.0,408.1,414.1,0.0,61095.0,487.6,280.0
SGHC,3/14/2026,408.1,435.0,408.1,414.1,0.0,61095.0,487.6,280.0
SGHC,3/15/2026,417.0,422.0,410.7,415.0,0.22,26313.0,487.6,280.0
SGHC,3/16/2026,415.0,420.0,409.9,410.0,-1.2,26130.0,487.6,280.0
SGHC,3/17/2026,410.0,418.0,410.0,416.0,1.46,33655.0,487.6,280.0
SGHC,3/18/2026,410.0,418.0,410.0,416.0,0.0,33655.0,487.6,280.0
SGHC,3/19/2026,407.9,430.0,407.9,418.0,0.48,78152.0,487.6,280.0
SGHC,3/20/2026,407.9,430.0,407.9,418.0,0.0,78152.0,487.6,280.0
SGHC,3/21/2026,407.9,430.0,407.9,418.0,0.0,78152.0,487.6,280.0
SGHC,3/22/2026,425.0,426.0,407.1,414.9,-0.74,54018.0,487.6,280.0
SGHC,3/23/2026,406.7,425.0,406.7,425.0,2.43,61253.0,487.6,280.0
SGHC,3/24/2026,416.5,447.7,416.5,445.0,4.71,323279.0,487.6,280.0
SGHC,3/25/2026,445.0,462.0,440.0,445.0,0.0,174284.0,487.6,280.0
SGHC,3/26/2026,440.0,455.0,436.1,455.0,3.41,69567.0,487.6,280.0
SGHC,3/29/2026,464.1,464.1,430.0,437.9,-5.65,119697.0,487.6,280.0
SGHC,3/30/2026,430.0,437.0,420.0,427.0,-0.7,40806.0,487.6,280.0
SGHC,3/31/2026,418.6,425.5,412.0,423.0,1.05,39121.0,487.6,280.0
SGHC,4/1/2026,417.0,420.0,403.1,417.0,0.0,40475.0,487.6,280.0
SGHC,4/2/2026,415.0,449.0,408.0,415.0,0.0,74184.0,487.6,280.0
SGHC,4/5/2026,406.7,418.0,384.0,387.0,-4.84,36394.0,487.6,280.0
SGHC,4/6/2026,380.1,417.0,380.1,403.0,6.02,42407.0,487.6,280.0
SGHC,4/7/2026,408.0,443.3,386.3,443.3,8.65,104391.0,487.6,280.0
SGHC,4/8/2026,434.5,487.6,400.0,424.0,-2.42,359346.0,487.6,280.0
SGHC,4/9/2026,422.0,422.0,407.4,413.2,-2.09,54558.0,487.6,280.0
SGHC,4/10/2026,413.2,414.9,400.0,408.7,-1.09,70675.0,487.6,280.0
SGHC,4/13/2026,407.0,407.0,397.0,398.1,-2.19,66654.0,487.6,280.0
SGHC,4/15/2026,400.0,408.0,398.0,398.6,-0.35,65821.0,487.6,280.0
SGHC,4/16/2026,400.0,400.1,395.0,396.1,-0.97,27938.0,487.6,280.0
SGHC,4/17/2026,403.9,403.9,390.0,394.1,-2.43,31419.0,487.6,280.0
SGHC,4/20/2026,400.0,403.0,390.1,394.0,-1.5,29291.0,487.6,280.0
SGHC,4/21/2026,392.0,399.0,390.0,392.0,0.0,14875.0,487.6,280.0
SGHC,4/22/2026,386.5,400.0,384.0,388.0,0.39,34373.0,487.6,280.0
SGHC,4/23/2026,399.0,399.0,381.1,382.0,-4.26,17860.0,487.6,280.0
SGHC,4/24/2026,380.0,385.0,375.0,380.1,0.03,17446.0,487.6,280.0
SGHC,4/27/2026,365.0,390.3,365.0,382.0,4.66,12887.0,487.6,280.0
SGHC,4/28/2026,401.0,401.0,370.0,370.4,-7.63,21189.0,487.6,280.0
SGHC,4/29/2026,370.4,381.0,370.2,373.0,0.7,16790.0,487.6,280.0
SGHC,4/30/2026,375.0,379.0,368.0,375.9,0.24,15583.0,487.6,280.0
SGHC,5/4/2026,380.0,380.0,360.0,361.0,-5.0,19351.0,487.6,280.0
SGHC,5/5/2026,369.0,369.0,356.5,358.0,-2.98,22460.0,487.6,280.0
SGHC,5/6/2026,360.0,374.8,356.0,356.1,-1.08,8833.0,487.6,280.0
SGHC,5/7/2026,354.0,369.0,350.0,361.0,1.98,14957.0,487.6,280.0
SGHC,5/8/2026,361.0,368.9,358.0,365.9,1.36,10457.0,487.6,280.0
SGHC,5/11/2026,376.8,376.8,365.5,374.0,-0.74,15597.0,487.6,280.0
SGHC,5/12/2026,374.0,380.0,364.0,364.0,-2.67,11685.0,487.6,280.0
SGHC,5/13/2026,360.6,371.0,360.6,367.6,1.94,7505.0,487.6,280.0
SGHC,5/14/2026,360.5,370.0,360.0,360.7,0.06,7443.0,487.6,280.0
SGHC,5/15/2026,370.0,370.0,360.0,362.5,-2.03,5732.0,487.6,280.0
SGHC,5/18/2026,363.0,370.0,360.0,364.0,0.28,13906.0,487.6,280.0
SGHC,5/19/2026,360.3,368.9,359.0,363.0,0.75,8680.0,487.6,280.0
SGHC,5/20/2026,365.0,369.0,358.0,367.0,0.55,9368.0,487.6,280.0
SGHC,5/21/2026,367.0,373.0,365.0,367.0,0.0,12288.0,487.6,280.0
SGHC,5/22/2026,367.0,380.0,362.7,380.0,3.54,19851.0,487.6,280.0
SGHC,5/25/2026,382.0,385.0,372.0,381.1,-0.24,11775.0,487.6,280.0
SGHC,5/26/2026,389.0,389.0,369.1,379.0,-2.57,17759.0,487.6,280.0
SGHC,5/27/2026,379.0,382.4,376.0,380.0,0.26,10937.0,487.6,280.0
SGHC,6/1/2026,386.9,386.9,364.0,373.0,-3.59,14252.0,487.6,280.0
SGHC,6/2/2026,364.0,384.0,364.0,368.1,1.13,5414.0,487.6,280.0
SGHC,6/3/2026,369.0,379.0,368.1,374.0,1.36,9024.0,487.6,280.0
SGHC,6/4/2026,369.0,380.0,369.0,373.8,1.3,5901.0,487.6,280.0
SGHC,6/5/2026,370.0,374.0,363.2,365.5,-1.22,12646.0,487.6,280.0
SGHC,6/8/2026,361.0,370.0,359.0,363.0,0.55,9038.0,487.6,280.0
SGHC,6/9/2026,360.0,368.0,355.0,358.1,-0.53,16043.0,487.6,280.0
SGHC,6/10/2026,352.0,366.0,352.0,358.6,1.88,7495.0,487.6,280.0
SGHC,6/11/2026,355.2,365.5,355.2,359.9,1.32,4951.0,487.6,280.0
SGHC,6/12/2026,355.3,365.0,355.3,363.0,2.17,7036.0,487.6,280.0
SGHC,6/15/2026,360.0,363.0,355.1,355.2,-1.33,13849.0,487.6,280.0
SGHC,6/16/2026,354.5,358.0,354.5,355.5,0.28,6902.0,487.6,280.0
SGHC,6/17/2026,352.0,363.0,352.0,359.0,1.99,6574.0,487.6,280.0
SGHC,6/18/2026,352.1,369.6,352.1,354.0,0.54,5061.0,487.6,280.0
SGHC,6/19/2026,354.0,360.0,350.3,357.0,0.85,5659.0,487.6,280.0
SGHC,6/22/2026,357.0,361.0,351.0,353.2,-1.06,4292.0,487.6,280.0
SGHC,6/23/2026,350.0,353.0,345.0,347.0,-0.86,16575.0,487.6,280.0
SGHC,6/24/2026,355.0,355.0,337.0,343.9,-3.13,14055.0,487.6,280.0
SGHC,6/26/2026,335.0,348.0,335.0,336.0,0.3,8294.0,487.6,280.0
SGHC,6/29/2026,343.9,343.9,335.0,335.1,-2.56,2790.0,487.6,280.0
SGHC,6/30/2026,329.0,338.0,328.0,328.0,-0.3,8638.0,487.6,280.0
SGHC,7/1/2026,329.0,344.9,329.0,337.0,2.43,4461.0,487.6,280.0
SGHC,7/2/2026,347.1,356.0,336.0,338.0,-2.62,8417.0,487.6,280.0
SGHC,7/3/2026,354.1,354.1,337.8,342.9,-3.16,8016.0,487.6,280.0
SGHC,7/6/2026,359.9,359.9,325.1,338.7,-5.89,5152.0,487.6,280.0
SGHC,7/7/2026,340.0,341.0,331.0,338.0,-0.59,3496.0,487.6,280.0
SGHC,7/8/2026,338.0,338.0,325.1,332.2,-1.72,6473.0,487.6,280.0
SGHC,7/9/2026,325.0,333.7,325.0,331.0,1.85,4000.0,487.6,280.0
SGHC,7/10/2026,320.0,340.0,320.0,327.0,2.19,6565.0,487.6,280.0
SGHC,7/13/2026,325.0,333.0,320.1,322.0,-0.92,1690.0,487.6,280.0
SGHC,7/14/2026,316.0,345.9,315.1,328.0,3.8,8951.0,487.6,280.0
SGHC,7/15/2026,320.3,337.0,320.3,334.0,4.28,14648.0,487.6,280.0
SGHC,7/16/2026,330.0,335.0,320.0,320.0,-3.03,16020.0,487.6,280.0
SGHC,7/17/2026,328.0,337.0,326.9,330.0,0.61,31842.0,487.6,280.0
SGHC,7/20/2026,338.0,338.9,330.0,338.8,0.24,44352.0,487.6,280.0
SGHC,7/21/2026,339.0,344.0,330.0,332.0,-2.06,67420.0,487.6,280.0
SGHC,7/22/2026,316.0,340.0,316.0,333.0,5.38,69010.0,487.6,280.0
SGHC,7/23/2026,330.0,330.0,324.1,325.0,-1.52,61027.0,487.6,280.0
SGHC,7/24/2026,326.0,330.0,323.3,325.0,-0.31,46724.0,487.6,280.0
SGHC,7/27/2026,329.0,333.9,319.7,320.0,-2.74,39421.0,487.6,280.0
SGHC,7/28/2026,318.0,323.0,314.0,318.0,0.0,28212.0,487.6,280.0
SGHC,7/29/2026,315.0,331.8,315.0,324.8,3.11,171460.0,487.6,280.0
SGHC,7/30/2026,324.8,329.9,317.0,318.0,-2.09,50539.0,487.6,280.0
SGHC,7/31/2026,310.0,325.0,310.0,317.0,2.26,20293.0,487.6,280.0
SGHC,8/3/2026,317.0,322.9,312.0,316.9,-0.03,49048.0,487.6,280.0
SGHC,8/4/2026,314.0,317.9,310.2,313.3,-0.22,34842.0,487.6,280.0
SGHC,8/5/2026,312.0,319.7,310.5,318.0,1.92,25603.0,487.6,280.0
SGHC,8/6/2026,321.8,326.0,317.0,318.5,-1.03,77022.0,487.6,280.0
SGHC,8/7/2026,321.1,322.5,315.3,315.3,-1.81,38765.0,487.6,280.0
SGHC,8/10/2026,315.0,318.0,311.0,312.5,-0.79,41548.0,487.6,280.0
SGHC,8/11/2026,315.0,315.1,309.1,310.0,-1.59,62019.0,487.6,280.0
SGHC,8/12/2026,310.0,314.0,306.2,306.9,-1.0,56056.0,487.6,280.0
SGHC,8/13/2026,308.0,310.0,302.3,304.0,-1.3,67846.0,487.6,280.0
SGHC,8/14/2026,308.0,309.0,299.0,299.0,-2.92,112574.0,487.6,280.0
SGHC,8/17/2026,301.0,303.8,299.0,300.0,-0.33,63748.0,487.6,280.0
SGHC,8/18/2026,303.0,304.0,299.0,302.0,-0.33,52479.0,487.6,280.0
SGHC,8/19/2026,304.5,304.5,298.1,298.1,-2.1,20902.0,487.6,280.0
SGHC,8/20/2026,305.0,305.0,296.0,299.7,-1.74,57288.0,487.6,280.0
SGHC,8/21/2026,302.0,308.0,302.0,303.0,0.33,29756.0,487.6,280.0
SGHC,8/24/2026,303.0,306.8,303.0,304.4,0.46,30763.0,487.6,280.0
SGHC,8/25/2026,305.0,306.2,300.0,300.2,-1.57,25362.0,487.6,280.0
SGHC,8/26/2026,300.0,300.0,286.0,290.0,-3.33,54919.0,487.6,280.0
SGHC,8/27/2026,287.0,298.0,283.0,290.0,1.05,18639.0,487.6,280.0
SGHC,8/31/2026,290.0,290.0,281.1,285.0,-1.72,16888.0,487.6,280.0
SGHC,9/1/2026,280.0,293.0,280.0,285.7,2.04,15626.0,487.6,280.0
SGHC,9/2/2026,288.0,291.5,282.8,286.0,-0.69,28167.0,487.6,280.0
SGHC,9/3/2026,286.0,290.9,286.0,287.3,0.45,15667.0,487.6,280.0
SGHC,9/7/2026,287.4,295.0,281.2,295.0,2.64,29194.0,487.6,280.0
SGHC,9/9/2026,296.0,298.9,290.1,290.4,-1.89,14257.0,487.6,280.0
SGHC,9/10/2026,294.9,294.9,286.1,287.0,-2.68,11970.0,487.6,280.0
SGHC,9/11/2026,294.0,296.0,286.0,296.0,0.68,19715.0,487.6,280.0
SGHC,9/14/2026,296.0,305.5,296.0,300.0,1.35,29323.0,487.6,280.0
SGHC,9/15/2026,315.0,324.0,304.6,309.6,-1.71,49118.0,487.6,280.0
SGHC,9/16/2026,305.0,310.0,300.0,304.6,-0.13,26635.0,487.6,280.0
SGHC,9/17/2026,289.4,314.0,289.4,305.0,5.39,26627.0,487.6,280.0
SGHC,9/18/2026,303.0,308.4,302.1,306.0,0.99,36629.0,487.6,280.0
SGHC,9/22/2026,306.3,309.0,300.0,305.0,-0.42,47944.0,487.6,280.0
SGHC,9/23/2026,301.2,302.1,295.9,297.0,-1.39,39313.0,487.6,280.0
SGHC,9/24/2026,298.0,299.0,295.0,298.0,0.0,7496.0,487.6,280.0
SGHC,9/28/2026,298.0,304.5,295.0,295.9,-0.7,16273.0,487.6,280.0
SGHC,9/29/2026,299.5,300.0,293.0,0.0,-100.0,9706.0,487.6,280.0
SGHC,9/30/2026,295.0,295.0,289.1,289.1,-2.0,42711.0,487.6,280.0
SGHC,10/1/2026,289.0,297.0,288.1,294.0,1.73,24962.0,487.6,280.0
SGHC,10/2/2026,292.0,295.0,289.0,290.2,-0.62,13081.0,487.6,280.0
SGHL,7/2/2026,299.3,344.1,299.3,344.1,14.97,410.0,587.0,299.3
SGHL,7/3/2026,359.5,395.7,359.5,395.7,10.07,230.0,587.0,299.3
SGHL,7/6/2026,396.7,455.0,396.7,455.0,14.7,1260.0,587.0,299.3
SGHL,7/7/2026,477.0,523.2,477.0,503.1,5.47,156960.0,587.0,299.3
SGHL,7/8/2026,505.0,509.0,465.1,471.1,-6.71,164060.0,587.0,299.3
SGHL,7/9/2026,471.1,471.1,445.2,458.8,-2.61,83860.0,587.0,299.3
SGHL,7/10/2026,455.0,505.9,443.0,487.0,7.03,69740.0,587.0,299.3
SGHL,7/13/2026,490.0,495.5,462.0,462.5,-5.61,56722.0,587.0,299.3
SGHL,7/14/2026,462.5,474.4,444.0,461.5,-0.22,56112.0,587.0,299.3
SGHL,7/15/2026,460.0,486.0,456.6,470.0,2.17,53760.0,587.0,299.3
SGHL,7/16/2026,470.0,476.0,455.5,462.0,-1.7,36739.0,587.0,299.3
SGHL,7/17/2026,462.0,486.2,462.0,481.0,4.11,55633.0,587.0,299.3
SGHL,7/20/2026,481.0,506.3,468.0,503.0,4.57,101629.0,587.0,299.3
SGHL,7/21/2026,505.0,563.0,491.1,536.0,6.14,129965.0,587.0,299.3
SGHL,7/22/2026,539.0,550.0,520.9,528.0,-2.04,89670.0,587.0,299.3
SGHL,7/23/2026,521.0,552.0,510.0,550.0,5.57,109172.0,587.0,299.3
SGHL,7/24/2026,550.0,587.0,550.0,552.0,0.36,105483.0,587.0,299.3
SGHL,7/27/2026,550.0,555.0,513.5,520.0,-5.45,113444.0,587.0,299.3
SGHL,7/28/2026,515.0,537.0,505.0,535.0,3.88,85553.0,587.0,299.3
SGHL,7/29/2026,535.0,544.0,517.0,535.0,0.0,52308.0,587.0,299.3
SGHL,7/30/2026,535.0,535.6,515.0,519.9,-2.82,54154.0,587.0,299.3
SGHL,7/31/2026,545.8,545.8,508.2,529.0,-3.08,69102.0,587.0,299.3
SGHL,8/3/2026,520.0,544.8,520.0,529.6,1.85,101464.0,587.0,299.3
SGHL,8/4/2026,525.0,525.0,511.0,513.4,-2.21,54401.0,587.0,299.3
SGHL,8/5/2026,510.0,522.0,510.0,513.0,0.59,67404.0,587.0,299.3
SGHL,8/6/2026,513.4,535.0,513.0,525.6,2.38,121282.0,587.0,299.3
SGHL,8/7/2026,525.0,530.0,515.7,518.0,-1.33,50921.0,587.0,299.3
SGHL,8/10/2026,510.0,528.0,510.0,527.8,3.49,45869.0,587.0,299.3
SGHL,8/11/2026,527.0,538.59,520.0,523.4,-0.68,83559.0,587.0,299.3
SGHL,8/12/2026,498.0,534.0,498.0,519.0,4.22,55196.0,587.0,299.3
SGHL,8/13/2026,520.0,525.0,512.5,516.0,-0.77,57776.0,587.0,299.3
SGHL,8/14/2026,516.0,525.0,515.1,518.2,0.43,40393.0,587.0,299.3
SGHL,8/17/2026,518.2,544.0,515.3,537.6,3.74,160716.0,587.0,299.3
SGHL,8/18/2026,537.6,557.0,530.0,532.0,-1.04,156945.0,587.0,299.3
SGHL,8/19/2026,530.0,547.0,530.0,538.9,1.68,75638.0,587.0,299.3
SGHL,8/20/2026,537.0,538.0,528.1,534.0,-0.56,58434.0,587.0,299.3
SGHL,8/21/2026,534.0,541.9,521.3,522.0,-2.25,70674.0,587.0,299.3
SGHL,8/24/2026,518.0,525.0,506.9,511.0,-1.35,88635.0,587.0,299.3
SGHL,8/25/2026,511.0,517.0,505.1,511.8,0.16,58020.0,587.0,299.3
SGHL,8/26/2026,506.0,510.0,491.5,492.0,-2.77,71460.0,587.0,299.3
SGHL,8/27/2026,485.0,510.0,480.1,493.8,1.81,62868.0,587.0,299.3
SGHL,8/31/2026,494.0,494.0,467.0,471.2,-4.62,60004.0,587.0,299.3
SGHL,9/1/2026,470.0,487.1,465.8,481.0,2.34,44897.0,587.0,299.3
SGHL,9/2/2026,470.0,488.5,470.0,483.1,2.79,40895.0,587.0,299.3
SGHL,9/3/2026,484.0,485.0,478.0,481.1,-0.6,43151.0,587.0,299.3
SGHL,9/7/2026,481.1,500.0,481.0,499.3,3.78,55299.0,587.0,299.3
SGHL,9/9/2026,490.0,513.7,490.0,490.3,0.06,56670.0,587.0,299.3
SGHL,9/10/2026,465.8,498.9,465.8,486.0,4.34,52014.0,587.0,299.3
SGHL,9/11/2026,485.0,501.9,481.1,496.1,2.29,52881.0,587.0,299.3
SGHL,9/14/2026,496.0,510.0,492.2,501.0,1.01,60595.0,587.0,299.3
SGHL,9/15/2026,513.0,523.0,501.0,508.3,-0.92,106605.0,587.0,299.3
SGHL,9/16/2026,499.9,510.0,495.0,497.0,-0.58,46218.0,587.0,299.3
SGHL,9/17/2026,500.0,507.0,492.1,495.0,-1.0,57221.0,587.0,299.3
SGHL,9/18/2026,490.0,507.9,490.0,500.0,2.04,89273.0,587.0,299.3
SGHL,9/22/2026,497.0,506.0,495.0,496.0,-0.2,41994.0,587.0,299.3
SGHL,9/23/2026,490.0,495.0,484.5,485.1,-1.0,50071.0,587.0,299.3
SGHL,9/24/2026,460.9,489.0,460.9,486.5,5.55,25630.0,587.0,299.3
SGHL,9/28/2026,486.0,488.0,473.2,476.5,-1.95,55568.0,587.0,299.3
SGHL,9/29/2026,471.0,477.4,471.0,0.0,-100.0,16543.0,587.0,299.3
SGHL,9/30/2026,470.0,479.0,470.0,473.9,0.83,44499.0,587.0,299.3
SGHL,10/1/2026,471.0,479.0,467.3,471.9,0.19,29410.0,587.0,299.3
SGHL,10/2/2026,470.0,472.6,466.9,468.0,-0.43,25485.0,587.0,299.3
SGIC,12/21/2025,464.0,472.0,464.0,466.5,,6057.0,538.5,370.3
SGIC,12/22/2025,465.0,465.0,458.2,463.0,-0.75,9351.0,538.5,370.3
SGIC,12/23/2025,460.1,469.0,460.1,469.0,1.3,2811.0,538.5,370.3
SGIC,12/24/2025,462.1,475.0,462.1,472.0,0.64,7273.0,538.5,370.3
SGIC,12/28/2025,475.0,485.0,475.0,484.5,2.65,18791.0,538.5,370.3
SGIC,12/29/2025,477.2,485.0,477.2,484.0,-0.1,10802.0,538.5,370.3
SGIC,12/31/2025,476.0,485.0,476.0,482.9,-0.23,9685.0,538.5,370.3
SGIC,1/1/2026,473.3,480.0,471.2,478.0,-1.01,12266.0,538.5,370.3
SGIC,1/4/2026,469.1,474.8,469.1,472.0,-1.26,7973.0,538.5,370.3
SGIC,1/5/2026,470.1,477.8,463.0,477.8,1.23,24220.0,538.5,370.3
SGIC,1/6/2026,480.9,485.0,475.0,477.0,-0.17,17516.0,538.5,370.3
SGIC,1/7/2026,476.0,482.0,469.2,477.0,0.0,8562.0,538.5,370.3
SGIC,1/8/2026,470.0,476.9,470.0,476.9,-0.02,6654.0,538.5,370.3
SGIC,1/12/2026,472.1,481.0,472.1,478.2,0.27,8188.0,538.5,370.3
SGIC,1/13/2026,474.1,485.0,474.1,481.9,0.77,9001.0,538.5,370.3
SGIC,1/14/2026,480.2,491.5,480.2,490.0,1.68,30261.0,538.5,370.3
SGIC,1/18/2026,490.0,495.0,481.0,488.0,-0.41,30062.0,538.5,370.3
SGIC,1/20/2026,497.5,499.0,490.0,498.0,2.05,38866.0,538.5,370.3
SGIC,1/21/2026,491.3,499.9,489.0,494.0,-0.8,28841.0,538.5,370.3
SGIC,1/22/2026,496.0,496.0,486.8,490.0,-0.81,17854.0,538.5,370.3
SGIC,1/25/2026,488.0,504.0,488.0,502.0,2.45,36385.0,538.5,370.3
SGIC,1/26/2026,500.0,510.0,495.5,502.0,0.0,36845.0,538.5,370.3
SGIC,1/27/2026,500.0,505.0,495.0,495.0,-1.39,42045.0,538.5,370.3
SGIC,1/28/2026,495.0,495.1,487.2,488.1,-1.39,28001.0,538.5,370.3
SGIC,1/29/2026,493.1,493.1,482.0,482.0,-1.25,26058.0,538.5,370.3
SGIC,2/1/2026,480.1,486.0,474.0,474.0,-1.66,21548.0,538.5,370.3
SGIC,2/2/2026,473.0,480.0,470.6,480.0,1.27,25831.0,538.5,370.3
SGIC,2/3/2026,475.0,479.9,473.1,476.0,-0.83,12184.0,538.5,370.3
SGIC,2/4/2026,471.0,480.0,471.0,474.8,-0.25,22451.0,538.5,370.3
SGIC,2/5/2026,471.0,488.5,470.7,485.2,2.19,44654.0,538.5,370.3
SGIC,2/8/2026,492.4,492.9,479.0,488.0,0.58,21431.0,538.5,370.3
SGIC,2/9/2026,490.0,490.0,475.0,475.0,-2.66,20127.0,538.5,370.3
SGIC,2/10/2026,470.0,475.0,469.0,474.0,-0.21,16584.0,538.5,370.3
SGIC,2/11/2026,476.0,476.0,464.6,475.0,0.21,35276.0,538.5,370.3
SGIC,2/12/2026,473.0,476.8,470.1,473.9,-0.23,15794.0,538.5,370.3
SGIC,2/16/2026,475.0,475.0,469.0,470.0,-0.82,13159.0,538.5,370.3
SGIC,2/17/2026,465.5,471.9,465.5,467.0,-0.64,17427.0,538.5,370.3
SGIC,2/22/2026,461.3,470.0,460.0,465.0,-0.43,13208.0,538.5,370.3
SGIC,2/23/2026,460.2,465.5,460.2,464.0,-0.22,36155.0,538.5,370.3
SGIC,2/24/2026,462.0,469.9,462.0,466.9,0.62,6532.0,538.5,370.3
SGIC,2/25/2026,466.0,470.0,462.3,466.2,-0.15,6323.0,538.5,370.3
SGIC,2/26/2026,466.0,474.0,466.0,470.0,0.82,8270.0,538.5,370.3
SGIC,2/27/2026,466.0,474.0,466.0,470.0,0.0,8270.0,538.5,370.3
SGIC,2/28/2026,466.0,474.0,466.0,470.0,0.0,8270.0,538.5,370.3
SGIC,3/2/2026,462.0,472.0,462.0,472.0,0.43,5468.0,538.5,370.3
SGIC,3/3/2026,466.5,480.0,466.5,480.0,1.69,21260.0,538.5,370.3
SGIC,3/4/2026,466.5,480.0,466.5,480.0,0.0,21260.0,538.5,370.3
SGIC,3/5/2026,466.5,480.0,466.5,480.0,0.0,21260.0,538.5,370.3
SGIC,3/6/2026,466.5,480.0,466.5,480.0,0.0,21260.0,538.5,370.3
SGIC,3/7/2026,466.5,480.0,466.5,480.0,0.0,21260.0,538.5,370.3
SGIC,3/8/2026,466.5,480.0,466.5,480.0,0.0,21260.0,538.5,370.3
SGIC,3/9/2026,489.6,508.0,489.6,508.0,5.83,2673.0,538.5,370.3
SGIC,3/10/2026,505.0,515.0,490.1,504.0,-0.79,58354.0,538.5,370.3
SGIC,3/11/2026,496.1,502.8,491.0,494.0,-1.98,28822.0,538.5,370.3
SGIC,3/12/2026,489.0,500.0,485.2,497.0,0.61,28909.0,538.5,370.3
SGIC,3/13/2026,489.0,500.0,485.2,497.0,0.0,28909.0,538.5,370.3
SGIC,3/14/2026,489.0,500.0,485.2,497.0,0.0,28909.0,538.5,370.3
SGIC,3/15/2026,499.0,504.9,493.0,500.0,0.6,24495.0,538.5,370.3
SGIC,3/16/2026,500.0,503.0,493.0,496.2,-0.76,24581.0,538.5,370.3
SGIC,3/17/2026,493.4,503.0,493.4,499.0,0.56,21741.0,538.5,370.3
SGIC,3/18/2026,493.4,503.0,493.4,499.0,0.0,21741.0,538.5,370.3
SGIC,3/19/2026,500.1,521.0,496.0,515.0,3.21,60619.0,538.5,370.3
SGIC,3/20/2026,500.1,521.0,496.0,515.0,0.0,60619.0,538.5,370.3
SGIC,3/21/2026,500.1,521.0,496.0,515.0,0.0,60619.0,538.5,370.3
SGIC,3/22/2026,521.0,533.0,514.0,530.0,2.91,48274.0,538.5,370.3
SGIC,3/23/2026,533.0,538.5,525.1,535.0,0.94,62749.0,538.5,370.3
SGIC,3/24/2026,536.0,536.0,526.0,532.0,-0.56,26401.0,538.5,370.3
SGIC,3/25/2026,530.3,530.3,520.0,527.0,-0.94,33439.0,538.5,370.3
SGIC,3/26/2026,520.0,527.0,519.0,526.0,1.15,30204.0,538.5,370.3
SGIC,3/29/2026,526.0,526.0,505.5,509.0,-3.23,54939.0,538.5,370.3
SGIC,3/30/2026,500.1,510.0,491.0,495.0,-1.02,53712.0,538.5,370.3
SGIC,3/31/2026,490.0,504.0,488.5,494.1,0.84,28898.0,538.5,370.3
SGIC,4/1/2026,491.1,493.0,485.0,488.0,-0.63,26603.0,538.5,370.3
SGIC,4/2/2026,480.0,492.9,480.0,486.0,1.25,13553.0,538.5,370.3
SGIC,4/5/2026,480.0,485.0,472.0,472.3,-1.6,29692.0,538.5,370.3
SGIC,4/6/2026,471.1,491.0,471.1,484.0,2.74,20423.0,538.5,370.3
SGIC,4/7/2026,490.8,491.9,481.1,486.0,-0.98,14411.0,538.5,370.3
SGIC,4/8/2026,488.0,494.4,484.2,493.0,1.02,9489.0,538.5,370.3
SGIC,4/9/2026,495.0,501.9,492.0,499.5,0.91,13910.0,538.5,370.3
SGIC,4/10/2026,492.1,496.0,492.0,495.7,0.73,10237.0,538.5,370.3
SGIC,4/13/2026,487.0,496.0,487.0,493.9,1.42,14010.0,538.5,370.3
SGIC,4/15/2026,498.0,499.8,490.0,495.0,-0.6,17387.0,538.5,370.3
SGIC,4/16/2026,490.0,495.0,480.7,484.1,-1.2,25471.0,538.5,370.3
SGIC,4/17/2026,485.0,486.0,480.0,485.0,0.0,11294.0,538.5,370.3
SGIC,4/20/2026,495.0,495.0,480.4,480.4,-2.95,9954.0,538.5,370.3
SGIC,4/21/2026,489.4,489.4,477.0,482.0,-1.51,10765.0,538.5,370.3
SGIC,4/22/2026,474.0,483.0,470.0,483.0,1.9,29063.0,538.5,370.3
SGIC,4/23/2026,473.2,485.0,473.2,473.6,0.08,7347.0,538.5,370.3
SGIC,4/24/2026,471.0,480.0,470.0,479.8,1.87,14412.0,538.5,370.3
SGIC,4/27/2026,479.8,483.1,475.0,477.2,-0.54,12627.0,538.5,370.3
SGIC,4/28/2026,477.2,480.0,473.1,475.2,-0.42,6072.0,538.5,370.3
SGIC,4/29/2026,475.2,478.0,470.0,474.9,-0.06,13362.0,538.5,370.3
SGIC,4/30/2026,473.1,476.9,468.0,476.4,0.7,7020.0,538.5,370.3
SGIC,5/4/2026,468.2,476.0,468.0,468.0,-0.04,13819.0,538.5,370.3
SGIC,5/5/2026,468.0,477.0,461.0,474.3,1.35,17955.0,538.5,370.3
SGIC,5/6/2026,460.0,462.9,451.0,454.0,-1.3,11023.0,538.5,370.3
SGIC,5/7/2026,445.0,461.9,445.0,459.0,3.15,9901.0,538.5,370.3
SGIC,5/8/2026,465.0,465.0,455.0,462.0,-0.65,5624.0,538.5,370.3
SGIC,5/11/2026,455.0,468.0,455.0,468.0,2.86,6762.0,538.5,370.3
SGIC,5/12/2026,460.0,471.0,460.0,462.1,0.46,10904.0,538.5,370.3
SGIC,5/13/2026,460.0,467.0,451.1,462.0,0.43,3841.0,538.5,370.3
SGIC,5/14/2026,457.0,464.9,454.0,459.0,0.44,6495.0,538.5,370.3
SGIC,5/15/2026,468.0,468.0,453.1,458.0,-2.14,3307.0,538.5,370.3
SGIC,5/18/2026,471.0,471.0,457.0,457.0,-2.97,4855.0,538.5,370.3
SGIC,5/19/2026,479.8,479.8,453.0,459.7,-4.19,1873.0,538.5,370.3
SGIC,5/20/2026,467.0,467.0,455.0,460.0,-1.5,5287.0,538.5,370.3
SGIC,5/21/2026,437.0,470.0,437.0,462.0,5.72,3106.0,538.5,370.3
SGIC,5/22/2026,466.0,466.0,457.0,464.0,-0.43,3675.0,538.5,370.3
SGIC,5/25/2026,471.0,471.0,461.0,469.0,-0.42,5934.0,538.5,370.3
SGIC,5/26/2026,462.0,472.0,462.0,466.0,0.87,6406.0,538.5,370.3
SGIC,5/27/2026,442.7,470.0,442.7,465.4,5.13,22687.0,538.5,370.3
SGIC,6/1/2026,465.0,490.0,460.0,479.9,3.2,86103.0,538.5,370.3
SGIC,6/2/2026,479.0,490.0,479.0,490.0,2.3,34366.0,538.5,370.3
SGIC,6/3/2026,495.0,519.8,490.0,516.0,4.24,141815.0,538.5,370.3
SGIC,6/4/2026,516.0,523.0,499.2,503.5,-2.42,53285.0,538.5,370.3
SGIC,6/5/2026,510.0,510.0,498.1,501.0,-1.76,29736.0,538.5,370.3
SGIC,6/8/2026,502.0,502.0,493.6,498.7,-0.66,29718.0,538.5,370.3
SGIC,6/9/2026,500.0,500.0,485.0,496.0,-0.8,37947.0,538.5,370.3
SGIC,6/10/2026,491.0,498.5,490.0,490.2,-0.16,15143.0,538.5,370.3
SGIC,6/11/2026,487.1,500.0,486.0,494.0,1.42,21979.0,538.5,370.3
SGIC,6/12/2026,486.2,498.4,486.2,490.9,0.97,22007.0,538.5,370.3
SGIC,6/15/2026,488.0,495.0,483.0,486.7,-0.27,24744.0,538.5,370.3
SGIC,6/16/2026,493.0,493.0,481.1,481.7,-2.29,10831.0,538.5,370.3
SGIC,6/17/2026,481.0,487.0,473.1,482.3,0.27,12720.0,538.5,370.3
SGIC,6/18/2026,479.1,487.1,477.2,480.9,0.38,18810.0,538.5,370.3
SGIC,6/19/2026,473.0,487.1,473.0,478.0,1.06,6363.0,538.5,370.3
SGIC,6/22/2026,484.9,485.0,475.3,480.5,-0.91,9600.0,538.5,370.3
SGIC,6/23/2026,474.2,479.9,470.1,470.2,-0.84,19135.0,538.5,370.3
SGIC,6/24/2026,468.3,473.7,467.1,473.5,1.11,10307.0,538.5,370.3
SGIC,6/26/2026,475.0,477.0,469.3,473.0,-0.42,9210.0,538.5,370.3
SGIC,6/29/2026,468.2,473.0,462.1,462.3,-1.26,9118.0,538.5,370.3
SGIC,6/30/2026,460.0,465.0,456.1,457.0,-0.65,11831.0,538.5,370.3
SGIC,7/1/2026,457.0,470.0,457.0,469.9,2.82,17746.0,538.5,370.3
SGIC,7/2/2026,475.0,475.0,461.1,465.8,-1.94,5755.0,538.5,370.3
SGIC,7/3/2026,463.6,470.0,463.0,467.9,0.93,6992.0,538.5,370.3
SGIC,7/6/2026,465.0,468.0,461.1,468.0,0.65,4811.0,538.5,370.3
SGIC,7/7/2026,468.0,472.0,463.0,472.0,0.85,11447.0,538.5,370.3
SGIC,7/8/2026,466.0,472.0,460.1,467.9,0.41,13329.0,538.5,370.3
SGIC,7/9/2026,468.0,468.0,460.0,460.1,-1.69,4460.0,538.5,370.3
SGIC,7/10/2026,461.0,464.5,456.0,460.0,-0.22,16129.0,538.5,370.3
SGIC,7/13/2026,455.0,458.5,451.6,452.1,-0.64,4331.0,538.5,370.3
SGIC,7/14/2026,450.0,460.0,448.0,455.4,1.2,4344.0,538.5,370.3
SGIC,7/15/2026,457.1,473.8,455.0,473.8,3.65,14485.0,538.5,370.3
SGIC,7/16/2026,497.4,497.4,460.0,469.0,-5.71,13349.0,538.5,370.3
SGIC,7/17/2026,469.5,485.0,469.5,485.0,3.3,23801.0,538.5,370.3
SGIC,7/20/2026,475.0,487.0,470.2,485.0,2.11,9884.0,538.5,370.3
SGIC,7/21/2026,480.0,486.4,472.0,480.0,0.0,17911.0,538.5,370.3
SGIC,7/22/2026,471.3,475.0,470.2,472.0,0.15,4866.0,538.5,370.3
SGIC,7/23/2026,470.0,478.8,470.0,478.8,1.87,6542.0,538.5,370.3
SGIC,7/24/2026,478.0,479.9,470.0,478.0,0.0,8890.0,538.5,370.3
SGIC,7/27/2026,475.1,478.0,468.2,468.2,-1.45,5283.0,538.5,370.3
SGIC,7/28/2026,470.0,470.0,463.7,464.2,-1.23,4839.0,538.5,370.3
SGIC,7/29/2026,464.0,469.6,460.0,460.0,-0.86,6341.0,538.5,370.3
SGIC,7/30/2026,458.1,465.4,453.0,459.8,0.37,11872.0,538.5,370.3
SGIC,7/31/2026,465.0,465.0,456.0,465.0,0.0,8092.0,538.5,370.3
SGIC,8/3/2026,469.0,469.0,459.1,463.0,-1.28,8193.0,538.5,370.3
SGIC,8/4/2026,458.2,460.0,456.3,460.0,0.39,7497.0,538.5,370.3
SGIC,8/5/2026,458.0,460.0,456.3,459.8,0.39,1214.0,538.5,370.3
SGIC,8/6/2026,456.7,459.0,456.0,456.3,-0.09,9121.0,538.5,370.3
SGIC,8/7/2026,455.4,458.0,452.0,452.0,-0.75,10822.0,538.5,370.3
SGIC,8/10/2026,452.1,455.0,450.0,450.4,-0.38,5603.0,538.5,370.3
SGIC,8/11/2026,430.0,455.0,430.0,453.0,5.35,4655.0,538.5,370.3
SGIC,8/12/2026,453.0,453.0,449.1,452.8,-0.04,7484.0,538.5,370.3
SGIC,8/13/2026,453.0,457.0,450.1,457.0,0.88,4315.0,538.5,370.3
SGIC,8/14/2026,450.0,455.0,450.0,453.9,0.87,4867.0,538.5,370.3
SGIC,8/17/2026,450.5,455.0,450.5,452.0,0.33,7202.0,538.5,370.3
SGIC,8/18/2026,450.2,456.0,445.0,446.7,-0.78,9145.0,538.5,370.3
SGIC,8/19/2026,444.1,449.4,444.1,449.4,1.19,4594.0,538.5,370.3
SGIC,8/20/2026,445.1,450.9,444.3,450.9,1.3,4132.0,538.5,370.3
SGIC,8/21/2026,449.0,454.8,446.0,449.9,0.2,6502.0,538.5,370.3
SGIC,8/24/2026,448.0,448.0,441.0,441.0,-1.56,8131.0,538.5,370.3
SGIC,8/25/2026,439.1,440.0,435.0,438.0,-0.25,7259.0,538.5,370.3
SGIC,8/26/2026,430.0,433.0,404.1,417.0,-3.02,37457.0,538.5,370.3
SGIC,8/27/2026,411.0,413.0,400.1,400.1,-2.65,25209.0,538.5,370.3
SGIC,8/31/2026,400.1,406.0,375.0,378.0,-5.52,21974.0,538.5,370.3
SGIC,9/1/2026,378.0,389.3,373.5,383.0,1.32,34338.0,538.5,370.3
SGIC,9/2/2026,377.0,380.0,370.3,375.9,-0.29,31478.0,538.5,370.3
SGIC,9/3/2026,375.0,380.6,375.0,379.8,1.28,10686.0,538.5,370.3
SGIC,9/7/2026,380.0,385.0,375.6,379.0,-0.26,17027.0,538.5,370.3
SGIC,9/9/2026,380.0,381.0,375.0,378.0,-0.53,13429.0,538.5,370.3
SGIC,9/10/2026,379.9,380.0,372.1,376.0,-1.03,6310.0,538.5,370.3
SGIC,9/11/2026,377.0,380.5,376.0,380.5,0.93,5826.0,538.5,370.3
SGIC,9/14/2026,376.1,390.0,376.1,389.0,3.43,18321.0,538.5,370.3
SGIC,9/15/2026,400.0,420.0,390.0,396.0,-1.0,21305.0,538.5,370.3
SGIC,9/16/2026,403.0,403.0,387.0,394.0,-2.23,16998.0,538.5,370.3
SGIC,9/17/2026,395.1,400.0,390.5,395.0,-0.03,10780.0,538.5,370.3
SGIC,9/18/2026,399.8,399.8,390.6,398.8,-0.25,7811.0,538.5,370.3
SGIC,9/22/2026,398.0,400.0,391.1,397.0,-0.25,7813.0,538.5,370.3
SGIC,9/23/2026,393.8,398.0,386.1,387.0,-1.73,9548.0,538.5,370.3
SGIC,9/24/2026,377.0,388.0,377.0,385.1,2.15,6052.0,538.5,370.3
SGIC,9/28/2026,385.1,394.9,384.1,386.0,0.23,9555.0,538.5,370.3
SGIC,9/29/2026,386.0,392.0,383.0,0.0,-100.0,3018.0,538.5,370.3
SGIC,9/30/2026,387.0,387.0,380.0,382.7,-1.11,8157.0,538.5,370.3
SGIC,10/1/2026,380.0,385.9,378.2,385.8,1.53,4144.0,538.5,370.3
SGIC,10/2/2026,366.6,386.9,366.6,382.0,4.2,7923.0,538.5,370.3
SGICP,4/23/2026,266.0,266.0,266.0,266.0,0.0,39237.0,323.0,250.0
SGICP,4/24/2026,266.0,264.0,264.0,264.0,-0.75,39237.0,323.0,250.0
SGICP,4/27/2026,264.0,262.0,262.0,262.0,-0.76,78475.0,323.0,250.0
SGICP,4/28/2026,262.0,260.0,260.0,260.0,-0.76,39237.0,323.0,250.0
SGICP,4/29/2026,260.0,258.0,258.0,258.0,-0.77,78475.0,323.0,250.0
SGICP,5/19/2026,258.0,258.0,258.0,258.0,0.0,7732.0,323.0,250.0
SHBL,1/4/2015,451.0,496.0,460.0,496.0,,480.0,1428.0,352.0
SHBL,1/5/2015,496.0,506.0,496.0,505.0,1.81,462.0,1428.0,352.0
SHBL,1/6/2015,505.0,495.0,485.0,485.0,-3.96,397.0,1428.0,352.0
SHBL,1/7/2015,485.0,520.0,485.0,520.0,7.22,485.0,1428.0,352.0
SHBL,1/8/2015,520.0,515.0,510.0,515.0,-0.96,173.0,1428.0,352.0
SHBL,1/11/2015,515.0,520.0,500.0,520.0,0.97,260.0,1428.0,352.0
SHBL,1/12/2015,520.0,525.0,510.0,525.0,0.96,322.0,1428.0,352.0
SHBL,1/13/2015,525.0,520.0,511.0,520.0,-0.95,280.0,1428.0,352.0
SHBL,1/14/2015,520.0,572.0,530.0,572.0,10.0,1645.0,1428.0,352.0
SHBL,1/18/2015,572.0,629.0,583.0,629.0,9.97,1982.0,1428.0,352.0
SHBL,1/19/2015,629.0,691.0,641.0,691.0,9.86,454.0,1428.0,352.0
SHBL,1/20/2015,691.0,760.0,678.0,711.0,2.89,3407.0,1428.0,352.0
SHBL,1/22/2015,711.0,753.0,711.0,725.0,1.97,1650.0,1428.0,352.0
SHBL,1/25/2015,725.0,770.0,739.0,770.0,6.21,818.0,1428.0,352.0
SHBL,1/26/2015,770.0,790.0,770.0,790.0,2.6,183.0,1428.0,352.0
SHBL,1/27/2015,790.0,775.0,775.0,775.0,-1.9,20.0,1428.0,352.0
SHBL,1/28/2015,775.0,760.0,720.0,759.0,-2.06,402.0,1428.0,352.0
SHBL,1/29/2015,759.0,744.0,716.0,730.0,-3.82,109.0,1428.0,352.0
SHBL,2/1/2015,730.0,780.0,716.0,780.0,6.85,623.0,1428.0,352.0
SHBL,2/2/2015,780.0,770.0,741.0,770.0,-1.28,83.0,1428.0,352.0
SHBL,2/3/2015,770.0,785.0,740.0,766.0,-0.52,2489.0,1428.0,352.0
SHBL,2/4/2015,766.0,833.0,746.0,833.0,8.75,1436.0,1428.0,352.0
SHBL,2/5/2015,833.0,878.0,833.0,878.0,5.4,556.0,1428.0,352.0
SHBL,2/8/2015,878.0,965.0,895.0,965.0,9.91,858.0,1428.0,352.0
SHBL,2/9/2015,965.0,1022.0,963.0,963.0,-0.21,204.0,1428.0,352.0
SHBL,2/10/2015,963.0,998.0,944.0,998.0,3.63,746.0,1428.0,352.0
SHBL,2/11/2015,998.0,1049.0,980.0,1049.0,5.11,1814.0,1428.0,352.0
SHBL,2/12/2015,1049.0,1069.0,1048.0,1060.0,1.05,342.0,1428.0,352.0
SHBL,2/15/2015,1060.0,1090.0,1060.0,1090.0,2.83,1385.0,1428.0,352.0
SHBL,2/16/2015,1090.0,1199.0,1111.0,1199.0,10.0,288.0,1428.0,352.0
SHBL,2/18/2015,1199.0,1271.0,1222.0,1256.0,4.75,587.0,1428.0,352.0
SHBL,2/22/2015,1256.0,1231.0,1183.0,1185.0,-5.65,114.0,1428.0,352.0
SHBL,2/23/2015,1185.0,1168.0,1168.0,1168.0,-1.43,36.0,1428.0,352.0
SHBL,2/24/2015,1168.0,1150.0,1083.0,1083.0,-7.28,216.0,1428.0,352.0
SHBL,2/25/2015,1083.0,1080.0,1000.0,1058.0,-2.31,567.0,1428.0,352.0
SHBL,2/26/2015,1058.0,1060.0,1040.0,1046.0,-1.13,156.0,1428.0,352.0
SHBL,3/1/2015,1046.0,1096.0,1050.0,1096.0,4.78,329.0,1428.0,352.0
SHBL,3/2/2015,1096.0,1189.0,1100.0,1189.0,8.49,50.0,1428.0,352.0
SHBL,3/3/2015,1189.0,1237.0,1190.0,1220.0,2.61,223.0,1428.0,352.0
SHBL,3/4/2015,1220.0,1271.0,1225.0,1270.0,4.1,563.0,1428.0,352.0
SHBL,3/9/2015,1270.0,1245.0,1221.0,1221.0,-3.86,20.0,1428.0,352.0
SHBL,3/10/2015,1221.0,1230.0,1170.0,1182.0,-3.19,320.0,1428.0,352.0
SHBL,3/12/2015,1182.0,1159.0,1135.0,1159.0,-1.95,240.0,1428.0,352.0
SHBL,3/15/2015,1159.0,1140.0,1116.0,1136.0,-1.98,323.0,1428.0,352.0
SHBL,3/16/2015,1136.0,1115.0,1075.0,1076.0,-5.28,356.0,1428.0,352.0
SHBL,3/17/2015,1076.0,1140.0,1097.0,1140.0,5.95,40.0,1428.0,352.0
SHBL,3/18/2015,1140.0,1135.0,1120.0,1120.0,-1.75,134.0,1428.0,352.0
SHBL,3/19/2015,1120.0,1122.0,1100.0,1105.0,-1.34,150.0,1428.0,352.0
SHBL,3/22/2015,1105.0,1085.0,1085.0,1085.0,-1.81,26.0,1428.0,352.0
SHBL,3/23/2015,1085.0,1193.0,1106.0,1193.0,9.95,90.0,1428.0,352.0
SHBL,3/24/2015,1193.0,1312.0,1216.0,1312.0,9.97,903.0,1428.0,352.0
SHBL,3/25/2015,1312.0,1428.0,1338.0,1415.0,7.85,6178.0,1428.0,352.0
SHBL,3/26/2015,1415.0,1415.0,1376.0,1400.0,-1.06,2642.0,1428.0,352.0
SHBL,4/13/2015,1400.0,1428.0,1428.0,1428.0,2.0,26.0,1428.0,352.0
SHBL,4/15/2015,1186.0,1257.0,1209.0,1225.0,-14.22,382.0,1428.0,352.0
SHBL,4/16/2015,1225.0,1230.0,1220.0,1220.0,-0.41,126.0,1428.0,352.0
SHBL,4/19/2015,1220.0,1200.0,1200.0,1200.0,-1.64,138.0,1428.0,352.0
SHBL,4/20/2015,1200.0,1200.0,1200.0,1200.0,0.0,156.0,1428.0,352.0
SHBL,4/21/2015,1200.0,1200.0,1200.0,1200.0,0.0,64.0,1428.0,352.0
SHBL,4/22/2015,1200.0,1225.0,1201.0,1225.0,2.08,192.0,1428.0,352.0
SHBL,4/23/2015,1225.0,1201.0,1201.0,1201.0,-1.96,64.0,1428.0,352.0
SHBL,5/28/2015,1201.0,1177.0,1177.0,1177.0,-2.0,10.0,1428.0,352.0
SHBL,5/31/2015,1177.0,1154.0,1154.0,1154.0,-1.95,40.0,1428.0,352.0
SHBL,6/3/2015,1154.0,1131.0,1131.0,1131.0,-1.99,13.0,1428.0,352.0
SHBL,6/14/2015,1131.0,1180.0,1121.0,1121.0,-0.88,524.0,1428.0,352.0
SHBL,6/16/2015,1121.0,1143.0,1143.0,1143.0,1.96,10.0,1428.0,352.0
SHBL,6/17/2015,1143.0,1257.0,1165.0,1257.0,9.97,355.0,1428.0,352.0
SHBL,6/18/2015,1257.0,1349.0,1282.0,1312.0,4.38,496.0,1428.0,352.0
SHBL,6/21/2015,1312.0,1286.0,1261.0,1261.0,-3.89,464.0,1428.0,352.0
SHBL,6/22/2015,1261.0,1249.0,1200.0,1200.0,-4.84,254.0,1428.0,352.0
SHBL,6/23/2015,1200.0,1177.0,1156.0,1156.0,-3.67,20.0,1428.0,352.0
SHBL,6/24/2015,1156.0,1197.0,1179.0,1195.0,3.37,610.0,1428.0,352.0
SHBL,6/28/2015,1195.0,1195.0,1170.0,1170.0,-2.09,800.0,1428.0,352.0
SHBL,6/29/2015,1170.0,1175.0,1165.0,1170.0,0.0,1400.0,1428.0,352.0
SHBL,6/30/2015,1170.0,1185.0,1170.0,1185.0,1.28,525.0,1428.0,352.0
SHBL,7/1/2015,1185.0,1190.0,1165.0,1165.0,-1.69,284.0,1428.0,352.0
SHBL,7/2/2015,1165.0,1165.0,1142.0,1155.0,-0.86,320.0,1428.0,352.0
SHBL,7/6/2015,1155.0,1155.0,1155.0,1155.0,0.0,153.0,1428.0,352.0
SHBL,7/7/2015,1155.0,1135.0,1135.0,1135.0,-1.73,350.0,1428.0,352.0
SHBL,7/9/2015,1135.0,1140.0,1136.0,1136.0,0.09,127.0,1428.0,352.0
SHBL,7/14/2015,1136.0,1125.0,1114.0,1114.0,-1.94,127.0,1428.0,352.0
SHBL,7/15/2015,1114.0,1160.0,1135.0,1150.0,3.23,576.0,1428.0,352.0
SHBL,7/16/2015,1150.0,1165.0,1150.0,1160.0,0.87,139.0,1428.0,352.0
SHBL,7/22/2015,1160.0,1206.0,1183.0,1206.0,3.97,20.0,1428.0,352.0
SHBL,7/23/2015,1206.0,1225.0,1225.0,1225.0,1.58,64.0,1428.0,352.0
SHBL,7/26/2015,1225.0,1249.0,1249.0,1249.0,1.96,10.0,1428.0,352.0
SHBL,7/28/2015,1249.0,1240.0,1220.0,1240.0,-0.72,178.0,1428.0,352.0
SHBL,7/29/2015,1240.0,1217.0,1216.0,1217.0,-1.85,387.0,1428.0,352.0
SHBL,8/4/2015,1217.0,1193.0,1190.0,1190.0,-2.22,76.0,1428.0,352.0
SHBL,8/5/2015,1190.0,1180.0,1150.0,1150.0,-3.36,182.0,1428.0,352.0
SHBL,8/6/2015,1150.0,1130.0,1130.0,1130.0,-1.74,107.0,1428.0,352.0
SHBL,8/9/2015,1130.0,1120.0,1110.0,1110.0,-1.77,332.0,1428.0,352.0
SHBL,8/13/2015,1110.0,1120.0,1120.0,1120.0,0.9,11.0,1428.0,352.0
SHBL,8/20/2015,1120.0,1100.0,1100.0,1100.0,-1.79,19.0,1428.0,352.0
SHBL,8/23/2015,1100.0,1080.0,1080.0,1080.0,-1.82,11.0,1428.0,352.0
SHBL,8/26/2015,1080.0,1080.0,1080.0,1080.0,0.0,19.0,1428.0,352.0
SHBL,8/27/2015,1080.0,1100.0,1060.0,1100.0,1.85,342.0,1428.0,352.0
SHBL,8/31/2015,1100.0,1080.0,1080.0,1080.0,-1.82,40.0,1428.0,352.0
SHBL,9/1/2015,1080.0,1090.0,1070.0,1090.0,0.93,164.0,1428.0,352.0
SHBL,9/2/2015,1090.0,1090.0,1070.0,1090.0,0.0,227.0,1428.0,352.0
SHBL,9/7/2015,1090.0,1111.0,1111.0,1111.0,1.93,64.0,1428.0,352.0
SHBL,9/8/2015,1111.0,1100.0,1100.0,1100.0,-0.99,50.0,1428.0,352.0
SHBL,9/13/2015,1100.0,1100.0,1100.0,1100.0,0.0,50.0,1428.0,352.0
SHBL,9/14/2015,1100.0,1078.0,1078.0,1078.0,-2.0,20.0,1428.0,352.0
SHBL,9/22/2015,1078.0,1061.0,1060.0,1060.0,-1.67,40.0,1428.0,352.0
SHBL,9/30/2015,1060.0,1081.0,1081.0,1081.0,1.98,10.0,1428.0,352.0
SHBL,10/5/2015,1081.0,1060.0,1060.0,1060.0,-1.94,100.0,1428.0,352.0
SHBL,10/8/2015,1060.0,1080.0,1060.0,1060.0,0.0,65.0,1428.0,352.0
SHBL,10/14/2015,1060.0,1062.0,1062.0,1062.0,0.19,10.0,1428.0,352.0
SHBL,12/17/2015,1062.0,1065.0,1010.0,1010.0,-4.9,369.0,1428.0,352.0
SHBL,12/27/2015,1010.0,1009.0,1005.0,1005.0,-0.5,411.0,1428.0,352.0
SHBL,1/3/2016,1005.0,1000.0,1000.0,1000.0,-0.5,11.0,1428.0,352.0
SHBL,1/4/2016,1000.0,980.0,980.0,980.0,-2.0,20.0,1428.0,352.0
SHBL,1/6/2016,980.0,961.0,961.0,961.0,-1.94,95.0,1428.0,352.0
SHBL,1/11/2016,961.0,942.0,906.0,906.0,-5.72,120.0,1428.0,352.0
SHBL,1/14/2016,906.0,888.0,888.0,888.0,-1.99,11.0,1428.0,352.0
SHBL,4/4/2016,888.0,905.0,905.0,905.0,1.91,10.0,1428.0,352.0
SHBL,4/6/2016,905.0,923.0,923.0,923.0,1.99,10.0,1428.0,352.0
SHBL,4/10/2016,923.0,985.0,923.0,985.0,6.72,166.0,1428.0,352.0
SHBL,4/12/2016,985.0,986.0,967.0,986.0,0.1,110.0,1428.0,352.0
SHBL,4/14/2016,986.0,967.0,967.0,967.0,-1.93,20.0,1428.0,352.0
SHBL,4/17/2016,967.0,948.0,930.0,930.0,-3.83,226.0,1428.0,352.0
SHBL,4/18/2016,930.0,1023.0,948.0,1023.0,10.0,794.0,1428.0,352.0
SHBL,4/19/2016,1023.0,1010.0,1010.0,1010.0,-1.27,100.0,1428.0,352.0
SHBL,4/20/2016,1010.0,1030.0,1010.0,1010.0,0.0,94.0,1428.0,352.0
SHBL,4/21/2016,1010.0,1050.0,1030.0,1050.0,3.96,20.0,1428.0,352.0
SHBL,4/25/2016,1050.0,1071.0,1030.0,1030.0,-1.9,210.0,1428.0,352.0
SHBL,4/26/2016,1030.0,1040.0,1030.0,1030.0,0.0,320.0,1428.0,352.0
SHBL,4/27/2016,1030.0,1040.0,1040.0,1040.0,0.97,50.0,1428.0,352.0
SHBL,5/8/2016,1040.0,1059.0,1059.0,1059.0,1.83,10.0,1428.0,352.0
SHBL,5/15/2016,1059.0,1141.0,1050.0,1141.0,7.74,134.0,1428.0,352.0
SHBL,5/16/2016,1141.0,1163.0,1163.0,1163.0,1.93,10.0,1428.0,352.0
SHBL,5/17/2016,1163.0,1279.0,1186.0,1279.0,9.97,50.0,1428.0,352.0
SHBL,2/7/2017,462.0,470.0,450.0,450.0,-64.82,630.0,1428.0,352.0
SHBL,2/8/2017,450.0,441.0,441.0,441.0,-2.0,10.0,1428.0,352.0
SHBL,2/9/2017,441.0,433.0,411.0,411.0,-6.8,76.0,1428.0,352.0
SHBL,2/12/2017,411.0,403.0,403.0,403.0,-1.95,10.0,1428.0,352.0
SHBL,2/13/2017,403.0,395.0,394.0,394.0,-2.23,21.0,1428.0,352.0
SHBL,2/14/2017,394.0,387.0,363.0,363.0,-7.87,878.0,1428.0,352.0
SHBL,2/15/2017,363.0,363.0,358.0,358.0,-1.38,332.0,1428.0,352.0
SHBL,2/16/2017,358.0,359.0,352.0,359.0,0.28,35.0,1428.0,352.0
SHBL,2/22/2017,359.0,352.0,352.0,352.0,-1.95,22.0,1428.0,352.0
SHBL,2/23/2017,352.0,362.0,355.0,362.0,2.84,32.0,1428.0,352.0
SHBL,2/26/2017,362.0,398.0,369.0,398.0,9.94,584.0,1428.0,352.0
SHBL,2/28/2017,398.0,421.0,398.0,414.0,4.02,1064.0,1428.0,352.0
SHBL,3/1/2017,414.0,407.0,406.0,406.0,-1.93,228.0,1428.0,352.0
SHBL,3/2/2017,406.0,404.0,404.0,404.0,-0.49,50.0,1428.0,352.0
SHBL,3/6/2017,404.0,400.0,400.0,400.0,-0.99,23.0,1428.0,352.0
SHBL,3/7/2017,400.0,395.0,390.0,390.0,-2.5,180.0,1428.0,352.0
SHBL,3/13/2017,390.0,392.0,392.0,392.0,0.51,100.0,1428.0,352.0
SHBL,3/14/2017,392.0,399.0,392.0,392.0,0.0,184.0,1428.0,352.0
SHBL,3/16/2017,392.0,399.0,399.0,399.0,1.79,238.0,1428.0,352.0
SHBL,3/19/2017,399.0,430.0,406.0,430.0,7.77,52.0,1428.0,352.0
SHBL,3/20/2017,430.0,430.0,422.0,430.0,0.0,502.0,1428.0,352.0
SHBL,3/21/2017,430.0,446.0,422.0,446.0,3.72,517.0,1428.0,352.0
SHBL,3/22/2017,446.0,445.0,441.0,445.0,-0.22,99.0,1428.0,352.0
SHBL,3/23/2017,445.0,462.0,453.0,453.0,1.8,322.0,1428.0,352.0
SHBL,3/26/2017,453.0,462.0,444.0,444.0,-1.99,1153.0,1428.0,352.0
SHBL,3/28/2017,444.0,461.0,444.0,461.0,3.83,165.0,1428.0,352.0
SHBL,3/29/2017,461.0,465.0,452.0,465.0,0.87,655.0,1428.0,352.0
SHBL,3/30/2017,465.0,501.0,472.0,501.0,7.74,1157.0,1428.0,352.0
SHBL,4/2/2017,501.0,500.0,500.0,500.0,-0.2,30.0,1428.0,352.0
SHBL,4/3/2017,500.0,490.0,490.0,490.0,-2.0,300.0,1428.0,352.0
SHBL,4/4/2017,490.0,495.0,490.0,495.0,1.02,45.0,1428.0,352.0
SHBL,4/6/2017,495.0,495.0,495.0,495.0,0.0,200.0,1428.0,352.0
SHBL,4/9/2017,495.0,490.0,490.0,490.0,-1.01,280.0,1428.0,352.0
SHBL,4/10/2017,490.0,484.0,481.0,481.0,-1.84,506.0,1428.0,352.0
SHBL,4/11/2017,481.0,472.0,472.0,472.0,-1.87,44.0,1428.0,352.0
SHBL,4/12/2017,472.0,489.0,471.0,480.0,1.69,2972.0,1428.0,352.0
SHBL,4/13/2017,480.0,490.0,471.0,490.0,2.08,388.0,1428.0,352.0
SHBL,4/16/2017,490.0,490.0,490.0,490.0,0.0,300.0,1428.0,352.0
SHBL,4/18/2017,490.0,484.0,475.0,475.0,-3.06,456.0,1428.0,352.0
SHBL,4/20/2017,475.0,466.0,466.0,466.0,-1.89,38.0,1428.0,352.0
SHBL,4/25/2017,466.0,457.0,457.0,457.0,-1.93,100.0,1428.0,352.0
SHBL,4/26/2017,457.0,450.0,450.0,450.0,-1.53,30.0,1428.0,352.0
SHBL,4/27/2017,450.0,469.0,455.0,455.0,1.11,986.0,1428.0,352.0
SHBL,4/30/2017,455.0,454.0,440.0,450.0,-1.1,2187.0,1428.0,352.0
SHBL,5/2/2017,450.0,455.0,455.0,455.0,1.11,109.0,1428.0,352.0
SHBL,5/3/2017,455.0,500.0,455.0,500.0,9.89,448.0,1428.0,352.0
SHBL,5/4/2017,500.0,550.0,510.0,550.0,10.0,1799.0,1428.0,352.0
SHBL,5/7/2017,550.0,605.0,561.0,605.0,10.0,2000.0,1428.0,352.0
SHBL,5/8/2017,605.0,660.0,617.0,625.0,3.31,2921.0,1428.0,352.0
SHBL,5/9/2017,625.0,637.0,625.0,625.0,0.0,1044.0,1428.0,352.0
SHBL,5/11/2017,625.0,613.0,580.0,580.0,-7.2,515.0,1428.0,352.0
SHBL,5/15/2017,580.0,591.0,570.0,570.0,-1.72,555.0,1428.0,352.0
SHBL,5/17/2017,570.0,570.0,538.0,542.0,-4.91,1659.0,1428.0,352.0
SHBL,5/18/2017,542.0,532.0,501.0,530.0,-2.21,12353.0,1428.0,352.0
SHBL,5/21/2017,530.0,525.0,515.0,525.0,-0.94,470.0,1428.0,352.0
SHBL,5/22/2017,525.0,516.0,500.0,505.0,-3.81,746.0,1428.0,352.0
SHBL,5/23/2017,505.0,525.0,498.0,498.0,-1.39,3591.0,1428.0,352.0
SHBL,5/24/2017,498.0,500.0,500.0,500.0,0.4,600.0,1428.0,352.0
SHBL,5/28/2017,500.0,490.0,481.0,481.0,-3.8,5640.0,1428.0,352.0
SHBL,5/30/2017,481.0,475.0,472.0,472.0,-1.87,365.0,1428.0,352.0
SHBL,5/31/2017,472.0,470.0,455.0,470.0,-0.42,3227.0,1428.0,352.0
SHBL,6/1/2017,470.0,490.0,470.0,490.0,4.26,2028.0,1428.0,352.0
SHBL,6/4/2017,490.0,481.0,465.0,475.0,-3.06,3700.0,1428.0,352.0
SHBL,6/5/2017,475.0,493.0,466.0,466.0,-1.89,3656.0,1428.0,352.0
SHBL,6/6/2017,466.0,506.0,470.0,506.0,8.58,1048.0,1428.0,352.0
SHBL,6/7/2017,506.0,510.0,490.0,490.0,-3.16,1335.0,1428.0,352.0
SHEL,7/5/2021,398.0,410.0,398.0,404.0,,4652.0,361.0,262.0
SHEL,7/6/2021,397.0,413.0,396.0,399.0,-1.24,5470.0,361.0,262.0
SHEL,7/7/2021,393.0,405.0,392.0,394.0,-1.25,4523.0,361.0,262.0
SHEL,7/8/2021,375.0,404.0,375.0,397.0,0.76,9432.0,361.0,262.0
SHEL,7/11/2021,397.0,405.0,397.0,404.0,1.76,7190.0,361.0,262.0
SHEL,7/12/2021,405.0,406.0,395.0,397.0,-1.73,9515.0,361.0,262.0
SHEL,7/13/2021,390.0,404.0,390.0,400.0,0.76,4997.0,361.0,262.0
SHEL,7/14/2021,393.0,426.0,393.0,418.0,4.5,12501.0,361.0,262.0
SHEL,7/15/2021,425.0,435.0,399.0,433.0,3.59,26859.0,361.0,262.0
SHEL,7/18/2021,441.0,476.3,441.0,476.3,10.0,98402.0,361.0,262.0
SHEL,7/19/2021,485.8,523.8,468.5,471.0,-1.11,45751.0,361.0,262.0
SHEL,7/20/2021,471.0,497.2,461.0,488.0,3.61,45188.0,361.0,262.0
SHEL,7/22/2021,488.0,488.0,476.0,485.0,-0.61,46306.0,361.0,262.0
SHEL,7/25/2021,482.0,504.0,482.0,501.0,3.3,73930.0,361.0,262.0
SHEL,7/26/2021,505.0,551.1,494.0,539.0,7.58,130141.0,361.0,262.0
SHEL,7/27/2021,539.0,575.0,522.0,562.0,4.27,79099.0,361.0,262.0
SHEL,7/28/2021,560.0,562.0,532.0,534.0,-4.98,45672.0,361.0,262.0
SHEL,7/29/2021,535.0,537.0,513.0,531.0,-0.56,65651.0,361.0,262.0
SHEL,8/1/2021,521.0,551.0,521.0,540.0,1.69,73164.0,361.0,262.0
SHEL,8/2/2021,536.0,556.0,529.5,529.6,-1.93,38670.0,361.0,262.0
SHEL,8/3/2021,525.0,550.8,520.4,537.0,1.4,44582.0,361.0,262.0
SHEL,8/4/2021,547.7,566.0,538.0,548.0,2.05,82786.0,361.0,262.0
SHEL,8/5/2021,558.0,581.0,535.0,536.7,-2.06,28131.0,361.0,262.0
SHEL,8/8/2021,530.0,566.0,525.0,545.0,1.55,57893.0,361.0,262.0
SHEL,8/9/2021,535.0,565.0,535.0,556.1,2.04,59620.0,361.0,262.0
SHEL,8/10/2021,548.0,560.0,532.0,535.0,-3.79,46120.0,361.0,262.0
SHEL,8/11/2021,545.0,570.0,535.2,570.0,6.54,63402.0,361.0,262.0
SHEL,8/12/2021,581.0,605.0,560.0,581.0,1.93,132334.0,361.0,262.0
SHEL,8/15/2021,585.0,585.0,538.1,558.0,-3.96,64077.0,361.0,262.0
SHEL,8/16/2021,547.0,580.0,546.0,554.0,-0.72,39476.0,361.0,262.0
SHEL,8/17/2021,554.0,609.4,554.0,595.0,7.4,139577.0,361.0,262.0
SHEL,8/18/2021,606.9,650.0,606.9,630.2,5.92,159551.0,361.0,262.0
SHEL,8/19/2021,630.2,630.2,600.0,612.0,-2.89,70972.0,361.0,262.0
SHEL,8/24/2021,599.8,612.0,550.8,612.0,0.0,76180.0,361.0,262.0
SHEL,8/25/2021,599.8,599.8,553.7,592.0,-3.27,44850.0,361.0,262.0
SHEL,8/26/2021,590.0,622.0,567.0,599.0,1.18,48765.0,361.0,262.0
SHEL,8/29/2021,610.9,648.2,550.8,555.0,-7.35,41821.0,361.0,262.0
SHEL,8/31/2021,566.1,566.1,539.0,541.0,-2.52,22519.0,361.0,262.0
SHEL,9/1/2021,541.0,577.0,521.0,543.0,0.37,21790.0,361.0,262.0
SHEL,9/2/2021,532.2,551.8,515.0,521.0,-4.05,15939.0,361.0,262.0
SHEL,9/5/2021,511.0,511.0,468.9,478.0,-8.25,26640.0,361.0,262.0
SHEL,9/6/2021,468.5,525.8,462.0,524.0,9.62,17708.0,361.0,262.0
SHEL,9/7/2021,534.0,548.0,504.0,510.0,-2.67,15199.0,361.0,262.0
SHEL,9/8/2021,500.0,511.0,492.0,495.0,-2.94,9300.0,361.0,262.0
SHEL,9/9/2021,504.9,515.0,494.0,507.3,2.48,12143.0,361.0,262.0
SHEL,9/12/2021,517.4,555.0,516.0,543.0,7.04,23451.0,361.0,262.0
SHEL,9/13/2021,551.0,555.0,525.0,530.0,-2.39,10740.0,361.0,262.0
SHEL,9/14/2021,525.0,566.0,511.2,548.0,3.4,51946.0,361.0,262.0
SHEL,9/15/2021,537.1,549.7,526.4,529.0,-3.47,9235.0,361.0,262.0
SHEL,9/16/2021,529.0,539.0,480.0,499.5,-5.58,40792.0,361.0,262.0
SHEL,9/20/2021,491.0,493.0,449.6,449.6,-9.99,19620.0,361.0,262.0
SHEL,9/21/2021,449.0,475.0,409.7,444.0,-1.25,16330.0,361.0,262.0
SHEL,9/22/2021,452.8,476.0,452.8,469.0,5.63,14211.0,361.0,262.0
SHEL,9/23/2021,478.0,487.3,452.1,462.0,-1.49,11519.0,361.0,262.0
SHEL,9/26/2021,453.0,462.0,427.0,429.0,-7.14,14280.0,361.0,262.0
SHEL,9/27/2021,420.5,454.0,412.1,415.0,-3.26,13437.0,361.0,262.0
SHEL,9/28/2021,415.0,423.3,395.0,397.0,-4.34,17168.0,361.0,262.0
SHEL,9/29/2021,392.0,418.0,392.0,415.0,4.53,15680.0,361.0,262.0
SHEL,9/30/2021,418.0,425.0,407.0,408.0,-1.69,5454.0,361.0,262.0
SHEL,10/3/2021,399.9,402.0,382.2,382.2,-6.32,9809.0,361.0,262.0
SHEL,10/4/2021,375.0,399.0,370.0,378.0,-1.1,7416.0,361.0,262.0
SHEL,10/5/2021,378.0,408.5,378.0,408.0,7.94,6453.0,361.0,262.0
SHEL,10/6/2021,415.0,427.0,402.0,427.0,4.66,7565.0,361.0,262.0
SHEL,10/10/2021,435.0,440.0,413.0,421.0,-1.41,7116.0,361.0,262.0
SHEL,10/11/2021,413.0,414.0,399.5,402.0,-4.51,3510.0,361.0,262.0
SHEL,10/17/2021,410.0,418.2,386.2,407.0,1.24,810.0,361.0,262.0
SHEL,10/18/2021,400.0,400.0,380.0,398.0,-2.21,6255.0,361.0,262.0
SHEL,10/19/2021,390.1,397.9,365.0,382.0,-4.02,8130.0,361.0,262.0
SHEL,10/20/2021,389.6,404.0,377.0,396.0,3.66,7022.0,361.0,262.0
SHEL,10/21/2021,388.6,400.0,388.6,392.0,-1.01,1175.0,361.0,262.0
SHEL,10/24/2021,384.2,400.0,384.2,396.0,1.02,4560.0,361.0,262.0
SHEL,10/25/2021,396.0,428.4,389.0,428.0,8.08,12351.0,361.0,262.0
SHEL,10/26/2021,433.0,466.0,433.0,452.0,5.61,14562.0,361.0,262.0
SHEL,10/27/2021,461.0,461.0,438.1,439.0,-2.88,14060.0,361.0,262.0
SHEL,10/28/2021,445.0,448.8,420.0,435.5,-0.8,19911.0,361.0,262.0
SHEL,10/31/2021,430.0,474.0,430.0,463.1,6.34,20185.0,361.0,262.0
SHEL,11/1/2021,468.0,473.0,446.0,455.0,-1.75,16138.0,361.0,262.0
SHEL,11/2/2021,464.0,464.1,440.0,458.8,0.84,4173.0,361.0,262.0
SHEL,11/3/2021,460.0,469.9,455.1,464.9,1.33,10415.0,361.0,262.0
SHEL,11/8/2021,463.0,472.0,448.0,457.0,-1.7,8750.0,361.0,262.0
SHEL,11/9/2021,447.9,450.0,426.0,435.0,-4.81,13181.0,361.0,262.0
SHEL,11/11/2021,426.3,434.5,414.0,414.0,-4.83,8724.0,361.0,262.0
SHEL,11/14/2021,405.8,439.1,405.8,413.0,-0.24,6000.0,361.0,262.0
SHEL,11/15/2021,421.2,436.0,415.0,421.1,1.96,8803.0,361.0,262.0
SHEL,11/16/2021,421.0,450.0,420.0,450.0,6.86,18025.0,361.0,262.0
SHEL,11/17/2021,456.0,483.7,456.0,465.0,3.33,34230.0,361.0,262.0
SHEL,11/18/2021,465.0,495.0,450.0,465.0,0.0,28254.0,361.0,262.0
SHEL,11/21/2021,455.7,470.0,448.0,461.0,-0.86,8596.0,361.0,262.0
SHEL,11/22/2021,465.0,465.0,451.9,460.0,-0.22,6355.0,361.0,262.0
SHEL,11/23/2021,451.0,459.0,436.0,438.0,-4.78,9927.0,361.0,262.0
SHEL,11/24/2021,430.0,450.0,417.0,440.0,0.46,7549.0,361.0,262.0
SHEL,11/25/2021,440.0,457.0,435.0,444.0,0.91,14327.0,361.0,262.0
SHEL,11/28/2021,436.0,440.0,420.0,422.0,-4.95,10572.0,361.0,262.0
SHEL,11/29/2021,420.0,432.0,416.0,425.0,0.71,7529.0,361.0,262.0
SHEL,11/30/2021,422.0,430.0,415.0,425.0,0.0,4382.0,361.0,262.0
SHEL,12/1/2021,433.5,438.0,418.0,424.9,-0.02,5988.0,361.0,262.0
SHEL,12/2/2021,418.0,424.0,409.7,412.0,-3.04,11833.0,361.0,262.0
SHEL,12/5/2021,404.0,411.0,397.0,400.0,-2.91,6992.0,361.0,262.0
SHEL,12/6/2021,392.0,418.0,375.0,414.0,3.5,12784.0,361.0,262.0
SHEL,12/7/2021,408.0,430.0,393.0,395.0,-4.59,6931.0,361.0,262.0
SHEL,12/8/2021,387.2,402.0,370.0,370.0,-6.33,15850.0,361.0,262.0
SHEL,12/9/2021,365.0,392.0,365.0,382.0,3.24,9554.0,361.0,262.0
SHEL,12/12/2021,384.1,387.6,373.0,374.0,-2.09,6268.0,361.0,262.0
SHEL,12/13/2021,366.6,368.0,346.2,358.0,-4.28,11574.0,361.0,262.0
SHEL,12/14/2021,365.0,393.8,359.0,393.8,10.0,5260.0,361.0,262.0
SHEL,12/15/2021,401.0,417.0,387.1,400.0,1.57,14540.0,361.0,262.0
SHEL,12/16/2021,408.0,408.0,378.4,384.0,-4.0,4670.0,361.0,262.0
SHEL,12/20/2021,377.1,384.0,369.6,372.1,-3.1,2915.0,361.0,262.0
SHEL,12/21/2021,366.0,394.7,366.0,390.0,4.81,6436.0,361.0,262.0
SHEL,12/22/2021,390.0,406.0,387.0,406.0,4.1,7273.0,361.0,262.0
SHEL,12/23/2021,407.0,414.0,390.0,397.0,-2.22,9234.0,361.0,262.0
SHEL,12/26/2021,397.0,404.9,385.5,397.0,0.0,6729.0,361.0,262.0
SHEL,12/27/2021,390.0,411.0,358.0,382.0,-3.78,15399.0,361.0,262.0
SHEL,12/28/2021,375.0,389.5,367.0,377.0,-1.31,4640.0,361.0,262.0
SHEL,12/29/2021,384.0,390.0,369.5,378.3,0.34,3060.0,361.0,262.0
SHEL,1/2/2022,385.8,385.8,370.7,375.3,-0.79,4074.0,361.0,262.0
SHEL,1/3/2022,380.0,387.0,375.0,380.0,1.25,5714.0,361.0,262.0
SHEL,1/4/2022,373.0,392.0,368.5,392.0,3.16,3544.0,361.0,262.0
SHEL,1/5/2022,386.0,408.0,381.0,388.2,-0.97,11613.0,361.0,262.0
SHEL,1/6/2022,381.0,397.0,381.0,393.0,1.24,3973.0,361.0,262.0
SHEL,1/9/2022,400.8,429.0,396.0,420.0,6.87,31401.0,361.0,262.0
SHEL,1/10/2022,425.0,430.0,410.0,418.0,-0.48,15644.0,361.0,262.0
SHEL,1/11/2022,412.0,434.4,412.0,428.0,2.39,12981.0,361.0,262.0
SHEL,1/12/2022,428.0,436.0,415.2,417.9,-2.36,24576.0,361.0,262.0
SHEL,1/13/2022,417.0,437.0,415.0,436.0,4.33,20752.0,361.0,262.0
SHEL,1/16/2022,438.0,457.0,438.0,452.0,3.67,35648.0,361.0,262.0
SHEL,1/17/2022,455.0,490.0,444.0,489.0,8.19,63098.0,361.0,262.0
SHEL,1/18/2022,489.0,514.0,480.0,490.0,0.2,72850.0,361.0,262.0
SHEL,1/19/2022,499.8,500.0,480.3,499.0,1.84,36223.0,361.0,262.0
SHEL,1/20/2022,508.9,508.9,482.1,504.0,1.0,37037.0,361.0,262.0
SHEL,1/23/2022,505.0,526.3,505.0,519.0,2.98,56207.0,361.0,262.0
SHEL,1/24/2022,510.0,510.0,480.0,486.0,-6.36,53201.0,361.0,262.0
SHEL,1/25/2022,486.0,494.0,477.1,486.0,0.0,12253.0,361.0,262.0
SHEL,1/26/2022,495.0,504.0,468.2,473.0,-2.67,23980.0,361.0,262.0
SHEL,1/27/2022,482.0,488.0,472.4,480.0,1.48,25356.0,361.0,262.0
SHEL,1/30/2022,489.6,515.0,485.2,500.0,4.17,33736.0,361.0,262.0
SHEL,1/31/2022,510.0,515.0,485.1,495.0,-1.0,25984.0,361.0,262.0
SHEL,2/1/2022,504.9,520.0,489.1,511.2,3.27,78324.0,361.0,262.0
SHEL,2/3/2022,521.4,537.0,516.1,524.0,2.5,101166.0,361.0,262.0
SHEL,2/6/2022,514.0,518.0,498.0,503.0,-4.01,36232.0,361.0,262.0
SHEL,2/7/2022,513.0,515.0,490.0,506.0,0.6,31921.0,361.0,262.0
SHEL,2/8/2022,495.9,520.2,490.2,495.0,-2.17,22864.0,361.0,262.0
SHEL,2/9/2022,490.0,500.0,486.1,495.0,0.0,17789.0,361.0,262.0
SHEL,2/10/2022,487.2,500.0,485.0,495.0,0.0,18346.0,361.0,262.0
SHEL,2/13/2022,485.1,485.1,457.0,469.0,-5.25,39262.0,361.0,262.0
SHEL,2/14/2022,470.0,475.0,459.7,473.0,0.85,10763.0,361.0,262.0
SHEL,2/15/2022,482.4,492.0,464.0,490.0,3.59,15079.0,361.0,262.0
SHEL,2/16/2022,499.8,499.8,466.1,467.0,-4.69,8769.0,361.0,262.0
SHEL,2/17/2022,470.0,479.0,461.3,474.0,1.5,7972.0,361.0,262.0
SHEL,2/20/2022,483.4,483.4,457.1,481.0,1.48,9113.0,361.0,262.0
SHEL,2/21/2022,490.6,499.0,472.0,499.0,3.74,17385.0,361.0,262.0
SHEL,2/22/2022,508.9,508.9,492.0,500.0,0.2,29413.0,361.0,262.0
SHEL,2/23/2022,505.0,512.0,495.0,499.0,-0.2,28237.0,361.0,262.0
SHEL,2/24/2022,508.0,508.0,473.1,479.0,-4.01,10970.0,361.0,262.0
SHEL,2/27/2022,488.5,498.2,469.8,477.9,-0.23,20064.0,361.0,262.0
SHEL,2/28/2022,487.4,498.0,456.8,462.0,-3.33,17196.0,361.0,262.0
SHEL,3/2/2022,471.2,471.2,437.2,458.9,-0.67,20891.0,361.0,262.0
SHEL,3/6/2022,467.0,467.0,440.0,453.0,-1.29,13037.0,361.0,262.0
SHEL,3/7/2022,462.0,462.0,437.1,454.0,0.22,6805.0,361.0,262.0
SHEL,3/9/2022,463.0,463.0,421.2,435.4,-4.1,16261.0,361.0,262.0
SHEL,3/10/2022,444.0,459.0,426.7,459.0,5.42,18410.0,361.0,262.0
SHEL,3/13/2022,468.1,476.0,450.0,463.3,0.94,18270.0,361.0,262.0
SHEL,3/14/2022,472.5,480.0,454.0,460.0,-0.71,4180.0,361.0,262.0
SHEL,3/15/2022,469.2,469.2,441.0,442.0,-3.91,24324.0,361.0,262.0
SHEL,3/16/2022,450.8,455.0,428.0,437.0,-1.13,4781.0,361.0,262.0
SHEL,3/20/2022,437.0,440.5,425.0,435.0,-0.46,5385.0,361.0,262.0
SHEL,3/21/2022,427.0,445.0,427.0,445.0,2.3,5620.0,361.0,262.0
SHEL,3/22/2022,438.0,451.0,436.1,445.0,0.0,8710.0,361.0,262.0
SHEL,3/23/2022,436.1,442.0,432.0,438.0,-1.57,3725.0,361.0,262.0
SHEL,3/24/2022,442.0,446.7,426.4,433.9,-0.94,8082.0,361.0,262.0
SHEL,3/27/2022,426.0,434.0,418.0,418.0,-3.66,7810.0,361.0,262.0
SHEL,3/28/2022,410.0,423.0,403.0,413.0,-1.2,8296.0,361.0,262.0
SHEL,3/29/2022,405.0,414.0,405.0,413.9,0.22,2710.0,361.0,262.0
SHEL,3/30/2022,408.0,427.9,405.1,425.0,2.68,6605.0,361.0,262.0
SHEL,3/31/2022,418.0,428.6,410.0,412.0,-3.06,6671.0,361.0,262.0
SHEL,4/3/2022,404.2,412.0,400.0,405.0,-1.7,4260.0,361.0,262.0
SHEL,4/4/2022,401.0,405.0,399.0,399.1,-1.46,4048.0,361.0,262.0
SHEL,4/5/2022,398.0,400.0,380.3,382.3,-4.21,12678.0,361.0,262.0
SHEL,4/6/2022,389.9,404.6,367.5,391.0,2.28,5803.0,361.0,262.0
SHEL,4/7/2022,391.0,400.0,380.1,388.7,-0.59,10640.0,361.0,262.0
SHEL,4/11/2022,396.4,400.0,378.0,388.0,-0.18,4793.0,361.0,262.0
SHEL,4/12/2022,380.3,390.0,368.1,375.0,-3.35,4720.0,361.0,262.0
SHEL,4/13/2022,371.0,381.0,368.1,376.0,0.27,3368.0,361.0,262.0
SHEL,4/17/2022,383.5,383.5,365.0,366.2,-2.61,1530.0,361.0,262.0
SHEL,4/18/2022,373.0,373.0,349.0,350.0,-4.42,5543.0,361.0,262.0
SHEL,4/19/2022,344.1,360.0,333.5,345.0,-1.43,7615.0,361.0,262.0
SHEL,4/20/2022,340.0,353.7,325.0,333.0,-3.48,6361.0,361.0,262.0
SHEL,4/21/2022,330.0,342.0,318.0,335.0,0.6,5490.0,361.0,262.0
SHEL,4/24/2022,341.0,368.4,335.0,368.3,9.94,6213.0,361.0,262.0
SHEL,4/25/2022,365.0,382.0,353.0,359.9,-2.28,11837.0,361.0,262.0
SHEL,4/26/2022,360.1,365.0,346.0,353.0,-1.92,1815.0,361.0,262.0
SHEL,4/27/2022,346.0,353.0,337.0,350.0,-0.85,7015.0,361.0,262.0
SHEL,4/28/2022,344.0,364.0,336.0,340.0,-2.86,21527.0,361.0,262.0
SHEL,5/2/2022,334.0,335.0,322.5,325.0,-4.41,3890.0,361.0,262.0
SHEL,5/4/2022,325.0,327.4,314.0,314.0,-3.38,9019.0,361.0,262.0
SHEL,5/5/2022,310.0,311.0,300.0,306.0,-2.55,7270.0,361.0,262.0
SHEL,5/8/2022,299.9,320.0,296.0,320.0,4.58,5767.0,361.0,262.0
SHEL,5/9/2022,326.0,326.0,312.1,312.2,-2.44,3996.0,361.0,262.0
SHEL,5/10/2022,308.0,332.5,306.0,332.0,6.34,6645.0,361.0,262.0
SHEL,5/11/2022,332.0,358.0,319.0,345.0,3.92,9567.0,361.0,262.0
SHEL,5/12/2022,351.7,365.8,327.5,340.0,-1.45,10515.0,361.0,262.0
SHEL,5/17/2022,339.0,339.0,306.0,319.0,-6.18,7372.0,361.0,262.0
SHEL,5/18/2022,315.0,325.2,303.0,321.0,0.63,8395.0,361.0,262.0
SHEL,5/19/2022,315.0,321.0,305.2,307.5,-4.21,5610.0,361.0,262.0
SHEL,5/20/2022,305.0,325.0,305.0,306.3,-0.39,2245.0,361.0,262.0
SHEL,5/23/2022,307.0,316.0,301.0,316.0,3.17,3920.0,361.0,262.0
SHEL,5/24/2022,309.7,325.0,303.6,320.9,1.55,5870.0,361.0,262.0
SHEL,5/25/2022,320.0,338.0,310.0,338.0,5.33,4680.0,361.0,262.0
SHEL,5/26/2022,333.6,333.6,315.0,325.3,-3.76,6043.0,361.0,262.0
SHEL,5/27/2022,330.7,330.7,310.1,317.0,-2.55,3292.0,361.0,262.0
SHEL,5/30/2022,312.0,318.2,299.0,300.0,-5.36,6721.0,361.0,262.0
SHEL,5/31/2022,295.0,312.0,295.0,303.0,1.0,4240.0,361.0,262.0
SHEL,6/1/2022,307.0,318.0,298.0,305.0,0.66,1314.0,361.0,262.0
SHEL,6/2/2022,305.0,317.3,300.5,300.5,-1.48,1730.0,361.0,262.0
SHEL,6/3/2022,294.6,318.7,294.6,302.0,0.5,3920.0,361.0,262.0
SHEL,6/6/2022,303.0,315.0,294.0,302.0,0.0,9836.0,361.0,262.0
SHEL,6/7/2022,296.0,300.0,286.0,296.0,-1.99,3285.0,361.0,262.0
SHEL,6/8/2022,291.0,320.0,291.0,320.0,8.11,5063.0,361.0,262.0
SHEL,6/9/2022,325.9,328.0,302.9,302.9,-5.34,6815.0,361.0,262.0
SHEL,6/10/2022,308.9,309.0,297.2,305.0,0.69,1757.0,361.0,262.0
SHEL,6/13/2022,300.0,301.0,295.0,300.0,-1.64,2420.0,361.0,262.0
SHEL,6/14/2022,305.0,316.0,280.0,287.6,-4.13,12533.0,361.0,262.0
SHEL,6/15/2022,281.9,290.0,272.5,273.1,-5.04,3861.0,361.0,262.0
SHEL,6/16/2022,278.5,290.7,269.1,274.0,0.33,2535.0,361.0,262.0
SHEL,6/17/2022,279.4,284.0,262.0,262.1,-4.34,2150.0,361.0,262.0
SHEL,6/19/2022,257.0,267.0,245.0,245.0,-6.52,5175.0,361.0,262.0
SHEL,6/20/2022,245.0,247.8,227.0,231.0,-5.71,11295.0,361.0,262.0
SHEL,6/21/2022,231.0,244.9,230.9,235.0,1.73,5330.0,361.0,262.0
SHEL,6/22/2022,239.7,239.7,227.0,239.7,2.0,2842.0,361.0,262.0
SHEL,6/23/2022,241.9,241.9,215.8,226.0,-5.72,11184.0,361.0,262.0
SHEL,6/24/2022,226.0,248.6,206.1,224.0,-0.88,6567.0,361.0,262.0
SHEL,6/26/2022,223.0,244.0,223.0,244.0,8.93,12797.0,361.0,262.0
SHEL,6/27/2022,248.0,248.0,231.0,231.5,-5.12,6435.0,361.0,262.0
SHEL,6/28/2022,227.0,230.0,221.1,221.2,-4.45,3466.0,361.0,262.0
SHEL,6/29/2022,217.0,238.0,217.0,238.0,7.59,6086.0,361.0,262.0
SHEL,6/30/2022,242.7,255.0,236.0,254.0,6.72,18358.0,361.0,262.0
SHEL,7/1/2022,250.0,266.0,240.1,258.0,1.57,6616.0,361.0,262.0
SHEL,7/3/2022,252.9,283.0,245.1,280.0,8.53,8549.0,361.0,262.0
SHEL,7/4/2022,277.0,291.3,261.0,269.0,-3.93,25814.0,361.0,262.0
SHEL,7/5/2022,264.0,274.3,255.0,264.9,-1.52,9431.0,361.0,262.0
SHEL,7/6/2022,269.9,269.9,250.0,260.0,-1.85,5570.0,361.0,262.0
SHEL,7/7/2022,265.2,268.9,253.0,253.0,-2.69,4318.0,361.0,262.0
SHEL,7/8/2022,258.0,258.0,245.0,247.9,-2.02,3673.0,361.0,262.0
SHEL,7/11/2022,243.0,243.0,229.0,230.0,-7.22,6630.0,361.0,262.0
SHEL,7/12/2022,234.0,236.0,226.5,233.0,1.3,4353.0,361.0,262.0
SHEL,7/13/2022,230.0,256.0,229.1,249.9,7.25,8464.0,361.0,262.0
SHEL,7/14/2022,250.0,259.5,245.5,259.5,3.84,7758.0,361.0,262.0
SHEL,7/15/2022,260.0,260.0,249.0,255.0,-1.73,3110.0,361.0,262.0
SHEL,7/17/2022,260.1,260.1,248.1,248.8,-2.43,3051.0,361.0,262.0
SHEL,7/18/2022,248.0,265.0,241.0,260.5,4.7,4088.0,361.0,262.0
SHEL,7/19/2022,255.3,265.0,254.1,255.0,-2.11,12321.0,361.0,262.0
SHEL,7/20/2022,252.0,260.1,248.0,248.0,-2.75,8490.0,361.0,262.0
SHEL,7/21/2022,251.0,257.0,247.0,248.0,0.0,4610.0,361.0,262.0
SHEL,7/22/2022,244.0,246.0,240.3,241.2,-2.74,3892.0,361.0,262.0
SHEL,7/24/2022,240.0,258.0,240.0,257.9,6.92,5504.0,361.0,262.0
SHEL,7/25/2022,262.0,278.2,262.0,275.0,6.63,12452.0,361.0,262.0
SHEL,7/26/2022,270.0,283.0,265.1,268.8,-2.25,11783.0,361.0,262.0
SHEL,7/27/2022,263.5,284.0,259.0,284.0,5.65,15431.0,361.0,262.0
SHEL,7/28/2022,282.0,308.0,282.0,300.0,5.63,31965.0,361.0,262.0
SHEL,7/29/2022,294.0,300.2,293.6,298.4,-0.53,8142.0,361.0,262.0
SHEL,7/31/2022,292.5,321.0,292.5,320.0,7.24,25131.0,361.0,262.0
SHEL,8/1/2022,320.0,340.9,307.5,320.0,0.0,18541.0,361.0,262.0
SHEL,8/2/2022,313.6,320.0,309.2,315.0,-1.56,14196.0,361.0,262.0
SHEL,8/3/2022,321.1,334.0,311.0,324.0,2.86,22086.0,361.0,262.0
SHEL,8/4/2022,317.7,330.0,310.7,314.0,-3.09,14069.0,361.0,262.0
SHEL,8/5/2022,307.8,308.0,302.0,302.0,-3.82,16758.0,361.0,262.0
SHEL,8/7/2022,298.2,313.0,298.2,310.8,2.91,6589.0,361.0,262.0
SHEL,8/8/2022,316.0,316.2,300.0,302.9,-2.54,7366.0,361.0,262.0
SHEL,8/9/2022,300.0,303.0,292.0,295.0,-2.61,14793.0,361.0,262.0
SHEL,8/10/2022,289.1,318.0,284.0,288.1,-2.34,9089.0,361.0,262.0
SHEL,8/11/2022,284.1,297.0,284.0,285.0,-1.08,7047.0,361.0,262.0
SHEL,8/14/2022,279.3,295.3,279.3,284.0,-0.35,6927.0,361.0,262.0
SHEL,8/15/2022,279.1,298.5,279.1,298.5,5.11,9377.0,361.0,262.0
SHEL,8/16/2022,298.0,305.0,285.0,291.0,-2.51,8700.0,361.0,262.0
SHEL,8/17/2022,289.0,294.6,280.0,280.4,-3.64,7333.0,361.0,262.0
SHEL,8/18/2022,280.0,297.8,280.0,297.0,5.92,10609.0,361.0,262.0
SHEL,8/21/2022,300.0,306.0,290.0,291.0,-2.02,4798.0,361.0,262.0
SHEL,8/22/2022,286.1,297.5,278.5,285.3,-1.96,11470.0,361.0,262.0
SHEL,8/23/2022,281.1,293.5,281.1,285.9,0.21,6675.0,361.0,262.0
SHEL,8/24/2022,291.6,297.4,281.0,285.4,-0.17,4140.0,361.0,262.0
SHEL,8/25/2022,285.0,291.0,280.1,280.1,-1.86,5698.0,361.0,262.0
SHEL,8/26/2022,277.4,291.1,275.0,278.0,-0.75,2674.0,361.0,262.0
SHEL,8/28/2022,273.0,277.0,265.0,265.4,-4.53,6921.0,361.0,262.0
SHEL,8/29/2022,260.2,271.0,256.0,265.0,-0.15,2700.0,361.0,262.0
SHEL,8/30/2022,265.0,275.6,261.0,263.5,-0.57,1861.0,361.0,262.0
SHEL,8/31/2022,261.0,268.7,255.0,256.0,-2.85,8234.0,361.0,262.0
SHEL,9/1/2022,256.0,265.9,248.1,259.0,1.17,6662.0,361.0,262.0
SHEL,9/2/2022,259.0,268.2,254.2,264.0,1.93,3670.0,361.0,262.0
SHEL,9/4/2022,259.0,277.5,259.0,270.0,2.27,2790.0,361.0,262.0
SHEL,9/5/2022,270.0,280.0,269.0,273.0,1.11,2174.0,361.0,262.0
SHEL,9/6/2022,268.0,270.1,263.0,263.0,-3.66,4450.0,361.0,262.0
SHEL,9/7/2022,260.0,270.0,255.1,260.0,-1.14,3205.0,361.0,262.0
SHEL,9/8/2022,255.0,271.0,255.0,262.0,0.77,1465.0,361.0,262.0
SHEL,9/11/2022,257.0,265.0,257.0,262.4,0.15,545.0,361.0,262.0
SHEL,9/12/2022,257.2,258.0,253.0,255.0,-2.82,2010.0,361.0,262.0
SHEL,9/13/2022,250.0,265.0,250.0,262.0,2.75,2230.0,361.0,262.0
SHEL,9/14/2022,260.0,288.2,260.0,274.0,4.58,3160.0,361.0,262.0
SHEL,9/15/2022,270.0,270.0,257.0,257.0,-6.2,6220.0,361.0,262.0
SHEL,9/16/2022,252.1,260.0,252.0,256.0,-0.39,750.0,361.0,262.0
SHEL,9/18/2022,252.1,253.0,246.0,246.1,-3.87,2817.0,361.0,262.0
SHEL,9/20/2022,242.0,251.0,236.0,240.7,-2.19,1885.0,361.0,262.0
SHEL,9/21/2022,238.0,247.9,238.0,240.0,-0.29,2786.0,361.0,262.0
SHEL,9/22/2022,235.2,244.8,230.5,234.0,-2.5,2066.0,361.0,262.0
SHEL,9/25/2022,229.5,238.6,220.5,230.0,-1.71,1828.0,361.0,262.0
SHEL,9/27/2022,234.0,240.0,225.0,237.0,3.04,2870.0,361.0,262.0
SHEL,9/28/2022,240.0,244.7,230.0,239.0,0.84,870.0,361.0,262.0
SHEL,9/29/2022,243.7,243.7,232.6,235.0,-1.67,900.0,361.0,262.0
SHEL,10/9/2022,239.0,249.0,236.5,241.0,2.55,1381.0,361.0,262.0
SHEL,10/10/2022,245.0,245.0,228.0,235.0,-2.49,1730.0,361.0,262.0
SHEL,10/11/2022,231.0,231.0,222.2,225.0,-4.26,3614.0,361.0,262.0
SHEL,10/12/2022,221.0,233.0,221.0,225.0,0.0,3428.0,361.0,262.0
SHEL,10/13/2022,221.0,247.1,221.0,230.1,2.27,1057.0,361.0,262.0
SHEL,10/16/2022,225.5,230.0,210.0,230.0,-0.04,4161.0,361.0,262.0
SHEL,10/17/2022,230.0,234.0,220.9,224.0,-2.61,1514.0,361.0,262.0
SHEL,10/19/2022,220.0,228.0,216.0,228.0,1.79,2466.0,361.0,262.0
SHEL,10/20/2022,223.5,224.0,215.1,224.0,-1.75,1376.0,361.0,262.0
SHEL,10/23/2022,219.6,223.0,216.0,223.0,-0.45,438.0,361.0,262.0
SHEL,10/31/2022,219.0,220.0,219.0,219.0,-1.79,280.0,361.0,262.0
SHEL,11/1/2022,216.1,230.0,216.1,230.0,5.02,1079.0,361.0,262.0
SHEL,11/2/2022,226.0,239.2,225.1,235.0,2.17,1825.0,361.0,262.0
SHEL,11/3/2022,230.3,235.0,226.1,227.0,-3.4,600.0,361.0,262.0
SHEL,11/6/2022,225.0,238.0,225.0,233.3,2.78,4050.0,361.0,262.0
SHEL,11/7/2022,237.9,248.0,235.0,242.0,3.73,10567.0,361.0,262.0
SHEL,11/8/2022,239.0,242.6,235.0,235.0,-2.89,1190.0,361.0,262.0
SHEL,11/9/2022,232.0,241.0,228.2,228.2,-2.89,1831.0,361.0,262.0
SHEL,11/10/2022,226.0,229.0,219.0,226.4,-0.79,4780.0,361.0,262.0
SHEL,11/13/2022,222.0,235.1,217.6,234.0,3.36,1435.0,361.0,262.0
SHEL,11/14/2022,230.0,234.5,225.1,227.1,-2.95,932.0,361.0,262.0
SHEL,11/15/2022,224.0,228.4,223.1,224.0,-1.37,760.0,361.0,262.0
SHEL,11/16/2022,220.2,237.0,220.0,231.5,3.35,1458.0,361.0,262.0
SHEL,11/17/2022,227.0,239.7,227.0,235.0,1.51,5047.0,361.0,262.0
SHEL,11/22/2022,239.0,241.0,233.3,235.0,0.0,1277.0,361.0,262.0
SHEL,11/23/2022,235.0,235.0,230.7,234.0,-0.43,639.0,361.0,262.0
SHEL,11/24/2022,232.0,241.0,229.5,241.0,2.99,3003.0,361.0,262.0
SHEL,11/27/2022,236.2,248.0,236.2,247.8,2.82,4415.0,361.0,262.0
SHEL,11/28/2022,252.7,257.7,240.0,240.0,-3.15,7810.0,361.0,262.0
SHEL,11/29/2022,235.5,240.0,235.2,239.0,-0.42,1590.0,361.0,262.0
SHEL,11/30/2022,235.1,243.4,232.0,241.0,0.84,1615.0,361.0,262.0
SHEL,12/1/2022,236.3,245.8,236.3,237.3,-1.54,1430.0,361.0,262.0
SHEL,12/4/2022,237.4,240.0,233.0,233.5,-1.6,2120.0,361.0,262.0
SHEL,12/5/2022,230.0,235.0,230.0,230.0,-1.5,1594.0,361.0,262.0
SHEL,12/6/2022,228.0,238.0,228.0,230.0,0.0,1323.0,361.0,262.0
SHEL,12/7/2022,228.0,234.0,226.0,234.0,1.74,1690.0,361.0,262.0
SHEL,12/11/2022,229.4,232.0,227.0,232.0,-0.85,795.0,361.0,262.0
SHEL,12/12/2022,230.0,236.6,226.1,236.6,1.98,1210.0,361.0,262.0
SHEL,12/13/2022,232.0,240.0,228.1,229.0,-3.21,460.0,361.0,262.0
SHEL,12/14/2022,230.0,234.6,226.2,229.4,0.17,980.0,361.0,262.0
SHEL,12/15/2022,228.0,234.6,226.7,234.6,2.27,720.0,361.0,262.0
SHEL,12/18/2022,234.0,234.0,225.4,228.0,-2.81,575.0,361.0,262.0
SHEL,12/19/2022,223.5,235.0,223.5,229.0,0.44,1400.0,361.0,262.0
SHEL,12/20/2022,225.0,231.0,225.0,229.0,0.0,989.0,361.0,262.0
SHEL,12/21/2022,225.0,230.0,225.0,227.6,-0.61,840.0,361.0,262.0
SHEL,12/22/2022,223.2,226.0,222.0,222.2,-2.37,3770.0,361.0,262.0
SHEL,12/26/2022,223.0,240.0,223.0,235.2,5.85,959.0,361.0,262.0
SHEL,12/27/2022,237.1,248.8,237.1,246.0,4.59,7457.0,361.0,262.0
SHEL,12/28/2022,242.0,246.0,238.1,239.2,-2.76,4280.0,361.0,262.0
SHEL,12/29/2022,235.0,249.9,235.0,249.0,4.1,4962.0,361.0,262.0
SHEL,1/1/2023,253.9,258.0,244.2,244.2,-1.93,9961.0,361.0,262.0
SHEL,1/2/2023,244.0,262.1,244.0,262.0,7.29,10694.0,361.0,262.0
SHEL,1/3/2023,267.2,267.2,256.0,260.0,-0.76,4650.0,361.0,262.0
SHEL,1/4/2023,254.8,272.0,254.8,269.0,3.46,8455.0,361.0,262.0
SHEL,1/5/2023,263.8,282.5,263.8,270.6,0.59,9218.0,361.0,262.0
SHEL,1/8/2023,269.0,287.0,267.6,285.0,5.32,14092.0,361.0,262.0
SHEL,1/9/2023,279.4,313.5,279.4,313.5,10.0,24919.0,361.0,262.0
SHEL,1/10/2023,319.7,344.7,309.0,340.0,8.45,71392.0,361.0,262.0
SHEL,1/12/2023,346.7,374.0,333.3,374.0,10.0,105140.0,361.0,262.0
SHEL,1/17/2023,367.0,398.8,353.0,398.8,6.63,53225.0,361.0,262.0
SHEL,1/18/2023,390.9,403.9,369.9,371.2,-6.92,149703.0,361.0,262.0
SHEL,1/19/2023,370.0,382.5,364.1,376.9,1.54,20159.0,361.0,262.0
SHEL,1/23/2023,383.0,383.0,351.0,353.0,-6.34,23895.0,361.0,262.0
SHEL,1/24/2023,350.0,365.0,345.1,361.0,2.27,17630.0,361.0,262.0
SHEL,1/25/2023,355.1,368.0,355.1,360.7,-0.08,19984.0,361.0,262.0
SHEL,1/26/2023,360.0,371.0,354.4,362.1,0.39,13986.0,361.0,262.0
SHEL,1/29/2023,360.0,363.0,350.0,352.0,-2.79,16621.0,361.0,262.0
SHEL,1/30/2023,346.0,360.0,339.0,345.0,-1.99,13350.0,361.0,262.0
SHEL,1/31/2023,339.0,346.0,332.0,339.0,-1.74,13718.0,361.0,262.0
SHEL,2/1/2023,333.0,343.8,333.0,335.0,-1.18,8102.0,361.0,262.0
SHEL,2/2/2023,335.0,335.0,322.5,330.0,-1.49,11792.0,361.0,262.0
SHEL,2/5/2023,324.0,340.0,323.6,325.0,-1.52,12865.0,361.0,262.0
SHEL,2/6/2023,318.5,335.0,315.1,327.8,0.86,5641.0,361.0,262.0
SHEL,2/7/2023,334.0,349.0,328.0,349.0,6.47,16062.0,361.0,262.0
SHEL,2/8/2023,351.1,358.2,342.0,342.0,-2.01,10171.0,361.0,262.0
SHEL,2/9/2023,336.0,354.9,336.0,350.0,2.34,9553.0,361.0,262.0
SHEL,2/12/2023,343.0,345.0,326.0,340.0,-2.86,11769.0,361.0,262.0
SHEL,2/14/2023,333.6,346.0,329.1,335.0,-1.47,2019.0,361.0,262.0
SHEL,2/15/2023,341.0,341.0,323.1,328.7,-1.88,12044.0,361.0,262.0
SHEL,2/16/2023,328.0,331.0,318.0,318.0,-3.26,7813.0,361.0,262.0
SHEL,2/20/2023,324.0,328.0,313.0,317.9,-0.03,7382.0,361.0,262.0
SHEL,2/22/2023,311.6,337.1,310.0,333.0,4.75,5830.0,361.0,262.0
SHEL,2/23/2023,326.5,327.4,319.0,319.0,-4.2,8633.0,361.0,262.0
SHEL,2/26/2023,312.8,325.3,302.0,319.0,0.0,17005.0,361.0,262.0
SHEL,2/27/2023,323.4,324.0,302.1,315.0,-1.25,8863.0,361.0,262.0
SHEL,2/28/2023,308.7,321.0,305.0,315.0,0.0,1897.0,361.0,262.0
SHEL,3/1/2023,317.0,319.0,309.2,310.0,-1.59,2554.0,361.0,262.0
SHEL,3/2/2023,304.1,306.4,300.0,300.0,-3.23,4574.0,361.0,262.0
SHEL,3/5/2023,300.0,300.0,291.2,296.0,-1.33,2353.0,361.0,262.0
SHEL,3/7/2023,294.0,311.0,294.0,301.0,1.69,2763.0,361.0,262.0
SHEL,3/9/2023,304.0,314.0,304.0,314.0,4.32,4000.0,361.0,262.0
SHEL,3/12/2023,320.0,320.0,307.0,307.0,-2.23,8625.0,361.0,262.0
SHEL,3/13/2023,301.1,305.0,301.1,301.2,-1.89,1150.0,361.0,262.0
SHEL,3/14/2023,305.0,313.0,298.0,307.1,1.96,5538.0,361.0,262.0
SHEL,3/15/2023,313.2,313.2,297.0,311.0,1.27,13268.0,361.0,262.0
SHEL,3/16/2023,317.0,317.0,308.0,315.0,1.29,10448.0,361.0,262.0
SHEL,3/19/2023,314.0,319.0,309.5,318.0,0.95,7993.0,361.0,262.0
SHEL,3/20/2023,318.0,326.0,313.6,324.2,1.95,10855.0,361.0,262.0
SHEL,3/22/2023,324.0,336.0,324.0,332.2,2.47,22588.0,361.0,262.0
SHEL,3/23/2023,326.1,336.6,326.1,336.6,1.32,10765.0,361.0,262.0
SHEL,3/26/2023,337.0,337.0,328.0,332.0,-1.37,9157.0,361.0,262.0
SHEL,3/27/2023,334.8,336.9,319.2,335.0,0.9,4041.0,361.0,262.0
SHEL,3/28/2023,330.1,341.0,330.1,335.0,0.0,4833.0,361.0,262.0
SHEL,3/29/2023,330.0,340.0,325.6,335.9,0.27,2579.0,361.0,262.0
SHEL,3/30/2023,340.0,340.0,328.0,328.5,-2.2,5846.0,361.0,262.0
SHEL,4/2/2023,331.5,335.0,316.5,325.0,-1.07,8923.0,361.0,262.0
SHEL,4/3/2023,321.0,325.0,315.4,325.0,0.0,4236.0,361.0,262.0
SHEL,4/4/2023,325.0,325.0,314.8,318.5,-2.0,7702.0,361.0,262.0
SHEL,4/5/2023,318.5,320.0,312.4,320.0,0.47,3170.0,361.0,262.0
SHEL,4/6/2023,320.0,321.9,314.9,319.9,-0.03,3644.0,361.0,262.0
SHEL,4/9/2023,315.0,319.9,297.6,302.0,-5.6,6494.0,361.0,262.0
SHEL,4/10/2023,296.0,309.2,296.0,301.0,-0.33,4040.0,361.0,262.0
SHEL,4/11/2023,301.0,311.9,300.1,311.9,3.62,3559.0,361.0,262.0
SHEL,4/12/2023,317.0,328.9,312.0,328.9,5.45,5390.0,361.0,262.0
SHEL,4/13/2023,324.0,330.0,316.0,321.0,-2.4,1860.0,361.0,262.0
SHEL,4/16/2023,324.0,326.4,314.0,322.9,0.59,4256.0,361.0,262.0
SHEL,4/17/2023,316.5,320.0,311.1,317.0,-1.83,1920.0,361.0,262.0
SHEL,4/18/2023,311.1,317.0,310.1,315.0,-0.63,1610.0,361.0,262.0
SHEL,4/19/2023,311.0,320.0,311.0,317.0,0.63,1424.0,361.0,262.0
SHEL,4/20/2023,310.7,323.3,310.7,313.8,-1.01,4185.0,361.0,262.0
SHEL,4/23/2023,308.0,314.6,308.0,313.9,0.03,1468.0,361.0,262.0
SHEL,4/24/2023,309.1,314.9,308.0,313.9,0.0,3341.0,361.0,262.0
SHEL,4/25/2023,308.1,314.0,308.0,308.1,-1.85,4360.0,361.0,262.0
SHEL,4/26/2023,310.0,314.2,300.0,310.0,0.62,3089.0,361.0,262.0
SHEL,4/27/2023,303.8,320.0,298.9,310.7,0.23,1330.0,361.0,262.0
SHEL,4/30/2023,304.5,304.5,298.5,303.9,-2.19,1360.0,361.0,262.0
SHEL,5/2/2023,297.9,297.9,292.5,294.0,-3.26,430.0,361.0,262.0
SHEL,5/3/2023,288.3,290.0,277.9,288.0,-2.04,4095.0,361.0,262.0
SHEL,5/4/2023,293.0,293.0,280.0,291.0,1.04,845.0,361.0,262.0
SHEL,5/7/2023,286.0,291.0,280.4,289.0,-0.69,1170.0,361.0,262.0
SHEL,5/8/2023,283.5,283.5,276.1,281.5,-2.6,2110.0,361.0,262.0
SHEL,5/9/2023,278.0,292.8,270.5,287.0,1.95,1575.0,361.0,262.0
SHEL,5/10/2023,281.3,286.9,276.0,286.9,-0.03,1340.0,361.0,262.0
SHEL,5/11/2023,281.2,292.0,271.0,292.0,1.78,1040.0,361.0,262.0
SHEL,5/14/2023,286.5,286.5,270.5,280.0,-4.11,1859.0,361.0,262.0
SHEL,5/15/2023,274.4,285.6,265.3,280.0,0.0,2860.0,361.0,262.0
SHEL,5/16/2023,274.6,285.0,269.3,278.4,-0.57,250.0,361.0,262.0
SHEL,5/17/2023,278.0,285.5,273.1,285.5,2.55,1040.0,361.0,262.0
SHEL,5/18/2023,279.8,300.0,279.8,300.0,5.08,5148.0,361.0,262.0
SHEL,5/21/2023,299.0,300.0,288.0,292.0,-2.67,6572.0,361.0,262.0
SHEL,5/22/2023,286.3,295.0,280.0,295.0,1.03,3888.0,361.0,262.0
SHEL,5/23/2023,289.1,305.0,285.1,302.8,2.64,4680.0,361.0,262.0
SHEL,5/24/2023,296.8,311.0,293.4,303.0,0.07,1520.0,361.0,262.0
SHEL,5/28/2023,303.0,309.0,285.0,305.0,0.66,3085.0,361.0,262.0
SHEL,5/30/2023,299.1,299.1,283.0,285.0,-6.56,3030.0,361.0,262.0
SHEL,5/31/2023,290.7,294.0,280.0,286.0,0.35,8172.0,361.0,262.0
SHEL,6/1/2023,290.0,296.8,285.0,289.0,1.05,3157.0,361.0,262.0
SHEL,6/4/2023,294.0,304.0,290.0,300.0,3.81,4236.0,361.0,262.0
SHEL,6/5/2023,305.0,305.0,295.0,295.0,-1.67,2928.0,361.0,262.0
SHEL,6/6/2023,297.0,300.0,293.0,298.0,1.02,5211.0,361.0,262.0
SHEL,6/7/2023,303.0,309.0,294.0,307.0,3.02,7692.0,361.0,262.0
SHEL,6/8/2023,301.0,307.0,295.0,307.0,0.0,2865.0,361.0,262.0
SHEL,6/11/2023,300.9,311.0,296.0,310.9,1.27,6021.0,361.0,262.0
SHEL,6/12/2023,311.0,316.9,305.0,311.0,0.03,6681.0,361.0,262.0
SHEL,6/13/2023,305.1,320.0,305.0,317.9,2.22,6164.0,361.0,262.0
SHEL,6/14/2023,324.2,324.2,310.1,323.0,1.6,10884.0,361.0,262.0
SHEL,6/15/2023,316.6,317.9,306.0,315.9,-2.2,6348.0,361.0,262.0
SHEL,6/18/2023,310.1,325.0,310.1,325.0,2.88,12968.0,361.0,262.0
SHEL,6/19/2023,320.0,334.0,313.5,319.7,-1.63,6376.0,361.0,262.0
SHEL,6/20/2023,313.4,319.0,300.0,312.0,-2.41,12274.0,361.0,262.0
SHEL,6/21/2023,305.8,308.2,297.5,300.0,-3.85,5550.0,361.0,262.0
SHEL,6/22/2023,295.0,301.0,290.0,299.9,-0.03,4458.0,361.0,262.0
SHEL,6/25/2023,295.0,303.0,291.0,297.0,-0.97,5522.0,361.0,262.0
SHEL,6/26/2023,298.0,300.0,295.0,296.8,-0.07,10086.0,361.0,262.0
SHEL,6/27/2023,291.0,298.0,291.0,298.0,0.4,3935.0,361.0,262.0
SHEL,6/28/2023,303.0,303.0,282.3,292.7,-1.78,9034.0,361.0,262.0
SHEL,7/2/2023,289.9,289.9,280.0,286.8,-2.02,11189.0,361.0,262.0
SHEL,7/3/2023,283.0,290.0,276.0,284.0,-0.98,4823.0,361.0,262.0
SHEL,7/4/2023,280.0,300.9,277.0,300.9,5.95,4476.0,361.0,262.0
SHEL,7/5/2023,305.8,305.8,283.0,286.0,-4.95,6985.0,361.0,262.0
SHEL,7/6/2023,280.3,281.0,269.9,280.4,-1.96,3169.0,361.0,262.0
SHEL,7/9/2023,274.8,295.0,274.0,295.0,5.21,5790.0,361.0,262.0
SHEL,7/10/2023,289.1,297.0,278.0,285.0,-3.39,5150.0,361.0,262.0
SHEL,7/11/2023,279.3,285.0,265.0,268.0,-5.96,12842.0,361.0,262.0
SHEL,7/12/2023,263.0,284.2,263.0,283.0,5.6,5815.0,361.0,262.0
SHEL,7/13/2023,279.0,290.8,274.0,289.0,2.12,4689.0,361.0,262.0
SHEL,7/16/2023,289.0,290.0,275.0,280.0,-3.11,1573.0,361.0,262.0
SHEL,7/17/2023,275.0,284.0,275.0,283.0,1.07,3388.0,361.0,262.0
SHEL,7/18/2023,278.0,281.0,276.0,280.0,-1.06,4446.0,361.0,262.0
SHEL,7/19/2023,280.0,280.0,270.0,280.0,0.0,4270.0,361.0,262.0
SHEL,7/20/2023,274.4,285.0,274.3,276.0,-1.43,4525.0,361.0,262.0
SHEL,7/23/2023,275.2,280.0,275.0,279.0,1.09,3738.0,361.0,262.0
SHEL,7/24/2023,274.0,284.5,270.9,278.9,-0.04,8987.0,361.0,262.0
SHEL,7/25/2023,274.0,275.0,273.4,275.0,-1.4,677.0,361.0,262.0
SHEL,7/26/2023,270.0,283.5,270.0,277.9,1.05,1939.0,361.0,262.0
SHEL,7/27/2023,272.4,279.0,267.1,275.4,-0.9,3619.0,361.0,262.0
SHEL,7/30/2023,275.0,275.0,270.0,272.0,-1.23,1850.0,361.0,262.0
SHEL,7/31/2023,270.0,273.0,267.0,273.0,0.37,2444.0,361.0,262.0
SHEL,8/1/2023,273.0,277.0,268.0,270.0,-1.1,6745.0,361.0,262.0
SHEL,8/2/2023,264.7,280.5,264.7,280.5,3.89,3745.0,361.0,262.0
SHEL,8/3/2023,283.5,283.5,267.0,277.6,-1.03,2645.0,361.0,262.0
SHEL,8/6/2023,272.1,272.1,262.9,269.6,-2.88,3920.0,361.0,262.0
SHEL,8/7/2023,264.3,280.0,251.7,280.0,3.86,4150.0,361.0,262.0
SHEL,8/8/2023,274.4,274.4,260.1,265.0,-5.36,1900.0,361.0,262.0
SHEL,8/9/2023,259.7,269.8,254.6,269.8,1.81,3075.0,361.0,262.0
SHEL,8/10/2023,265.0,291.0,259.7,290.0,7.49,3448.0,361.0,262.0
SHEL,8/13/2023,295.8,295.8,266.0,271.0,-6.55,4878.0,361.0,262.0
SHEL,8/14/2023,265.6,265.8,255.2,262.0,-3.32,2019.0,361.0,262.0
SHEL,8/15/2023,256.9,262.0,256.9,261.0,-0.38,1451.0,361.0,262.0
SHEL,8/16/2023,255.8,255.8,246.0,255.0,-2.3,3859.0,361.0,262.0
SHEL,8/17/2023,252.0,257.0,252.0,257.0,0.78,1220.0,361.0,262.0
SHEL,8/20/2023,252.0,255.0,238.0,242.0,-5.84,3405.0,361.0,262.0
SHEL,8/21/2023,237.2,238.0,233.0,236.8,-2.15,4831.0,361.0,262.0
SHEL,8/22/2023,232.5,241.0,228.0,241.0,1.77,1910.0,361.0,262.0
SHEL,8/23/2023,245.6,247.0,240.7,245.0,1.66,1459.0,361.0,262.0
SHEL,8/24/2023,240.1,244.0,227.0,227.0,-7.35,5370.0,361.0,262.0
SHEL,8/27/2023,228.0,229.0,220.0,227.7,0.31,1820.0,361.0,262.0
SHEL,8/28/2023,226.0,226.0,220.1,223.0,-2.06,1195.0,361.0,262.0
SHEL,8/29/2023,220.0,223.0,220.0,222.5,-0.22,1671.0,361.0,262.0
SHEL,8/30/2023,221.0,225.0,219.0,219.0,-1.57,1921.0,361.0,262.0
SHEL,9/3/2023,215.0,223.0,210.1,223.0,1.83,1406.0,361.0,262.0
SHEL,9/4/2023,223.0,226.3,208.2,226.3,1.48,5277.0,361.0,262.0
SHEL,9/5/2023,221.8,227.0,213.0,227.0,0.31,1420.0,361.0,262.0
SHEL,9/7/2023,222.5,227.0,209.0,227.0,0.0,5171.0,361.0,262.0
SHEL,9/10/2023,229.0,230.0,208.1,213.7,-5.86,1840.0,361.0,262.0
SHEL,9/11/2023,214.0,218.0,210.1,218.0,2.01,5275.0,361.0,262.0
SHEL,9/12/2023,213.7,226.0,201.3,214.2,-1.74,735.0,361.0,262.0
SHEL,9/13/2023,210.0,230.0,210.0,229.9,7.33,3261.0,361.0,262.0
SHEL,9/17/2023,225.4,225.4,213.4,215.0,-6.48,3395.0,361.0,262.0
SHEL,9/18/2023,214.5,222.0,213.1,221.0,2.79,1345.0,361.0,262.0
SHEL,9/19/2023,222.5,231.0,217.0,231.0,4.52,3003.0,361.0,262.0
SHEL,9/21/2023,226.4,251.7,226.4,240.0,3.9,8868.0,361.0,262.0
SHEL,9/24/2023,240.0,246.5,234.3,235.0,-2.08,4283.0,361.0,262.0
SHEL,9/25/2023,230.3,245.0,227.0,245.0,4.26,1945.0,361.0,262.0
SHEL,9/26/2023,241.0,252.8,236.1,247.0,0.82,3675.0,361.0,262.0
SHEL,9/27/2023,242.2,243.0,235.5,236.0,-4.45,2253.0,361.0,262.0
SHEL,10/1/2023,232.0,236.5,225.0,228.0,-3.39,1347.0,361.0,262.0
SHEL,10/2/2023,223.5,230.0,220.0,230.0,0.88,2345.0,361.0,262.0
SHEL,10/3/2023,226.0,229.7,222.7,222.8,-3.13,1389.0,361.0,262.0
SHEL,10/4/2023,225.0,229.5,225.0,225.3,1.12,1243.0,361.0,262.0
SHEL,10/5/2023,221.8,227.0,219.1,222.0,-1.46,1797.0,361.0,262.0
SHEL,10/8/2023,220.0,226.0,218.0,226.0,1.8,3919.0,361.0,262.0
SHEL,10/9/2023,229.0,229.5,216.1,219.0,-3.1,4255.0,361.0,262.0
SHEL,10/10/2023,215.2,231.9,215.2,220.0,0.46,3328.0,361.0,262.0
SHEL,10/11/2023,217.1,224.4,217.1,218.6,-0.64,1190.0,361.0,262.0
SHEL,10/12/2023,215.2,223.0,215.2,216.5,-0.96,1902.0,361.0,262.0
SHEL,10/16/2023,215.0,215.2,212.0,214.0,-1.15,1589.0,361.0,262.0
SHEL,10/17/2023,215.3,218.0,212.0,213.3,-0.33,2189.0,361.0,262.0
SHEL,10/18/2023,213.3,223.6,205.1,223.6,4.83,2540.0,361.0,262.0
SHEL,10/19/2023,223.0,223.8,213.1,223.0,-0.27,508.0,361.0,262.0
SHEL,10/29/2023,220.0,220.0,208.0,220.0,-1.35,490.0,361.0,262.0
SHEL,10/30/2023,215.6,215.6,209.8,215.0,-2.27,1095.0,361.0,262.0
SHEL,10/31/2023,210.7,212.0,208.0,211.0,-1.86,450.0,361.0,262.0
SHEL,11/1/2023,207.1,210.0,207.0,208.2,-1.33,1901.0,361.0,262.0
SHEL,11/2/2023,204.2,208.0,199.2,201.0,-3.46,7984.0,361.0,262.0
SHEL,11/5/2023,201.1,201.1,193.2,197.0,-1.99,2170.0,361.0,262.0
SHEL,11/6/2023,194.0,207.9,194.0,206.0,4.57,1170.0,361.0,262.0
SHEL,11/7/2023,202.1,210.0,202.0,204.0,-0.97,1510.0,361.0,262.0
SHEL,11/8/2023,202.0,213.5,194.1,201.0,-1.47,7879.0,361.0,262.0
SHEL,11/9/2023,205.0,205.0,201.0,204.0,1.49,980.0,361.0,262.0
SHEL,11/20/2023,205.5,208.0,197.2,201.5,-1.23,5530.0,361.0,262.0
SHEL,11/21/2023,198.3,208.9,198.3,208.9,3.67,3120.0,361.0,262.0
SHEL,11/22/2023,204.8,216.0,201.0,216.0,3.4,2948.0,361.0,262.0
SHEL,11/23/2023,211.7,218.0,203.7,216.0,0.0,1561.0,361.0,262.0
SHEL,11/26/2023,212.0,237.6,207.8,237.0,9.72,19976.0,361.0,262.0
SHEL,11/27/2023,232.4,246.0,232.3,244.0,2.95,12208.0,361.0,262.0
SHEL,11/28/2023,239.2,248.0,239.2,248.0,1.64,6883.0,361.0,262.0
SHEL,11/29/2023,244.0,250.0,244.0,250.0,0.81,9476.0,361.0,262.0
SHEL,11/30/2023,245.0,247.9,241.0,245.9,-1.64,11064.0,361.0,262.0
SHEL,12/3/2023,241.0,249.0,240.0,242.0,-1.59,6360.0,361.0,262.0
SHEL,12/4/2023,237.2,250.0,237.2,250.0,3.31,6893.0,361.0,262.0
SHEL,12/5/2023,245.0,275.0,240.0,275.0,10.0,17506.0,361.0,262.0
SHEL,12/6/2023,280.5,280.5,247.5,249.9,-9.13,8840.0,361.0,262.0
SHEL,12/7/2023,245.0,250.9,242.1,249.9,0.0,8932.0,361.0,262.0
SHEL,12/10/2023,254.8,274.8,254.0,274.8,9.96,320.0,361.0,262.0
SHEL,12/11/2023,280.2,285.0,251.1,275.0,0.07,31402.0,361.0,262.0
SHEL,12/12/2023,269.5,270.5,256.0,262.0,-4.73,29586.0,361.0,262.0
SHEL,12/13/2023,267.0,271.9,258.0,261.9,-0.04,13856.0,361.0,262.0
SHEL,12/14/2023,258.5,263.2,257.0,262.0,0.04,6879.0,361.0,262.0
SHEL,12/17/2023,256.8,279.0,252.0,278.0,6.11,25077.0,361.0,262.0
SHEL,12/18/2023,278.0,285.1,275.0,280.0,0.72,21597.0,361.0,262.0
SHEL,12/19/2023,275.0,280.0,265.0,275.0,-1.79,5070.0,361.0,262.0
SHEL,12/20/2023,272.0,280.5,270.0,279.5,1.64,13396.0,361.0,262.0
SHEL,12/21/2023,274.0,284.0,274.0,275.0,-1.61,13078.0,361.0,262.0
SHEL,12/24/2023,275.0,299.1,269.5,286.0,4.0,34082.0,361.0,262.0
SHEL,12/27/2023,290.0,292.0,275.3,281.9,-1.43,19398.0,361.0,262.0
SHEL,12/28/2023,278.0,301.0,278.0,286.0,1.45,26297.0,361.0,262.0
SHEL,1/1/2024,282.0,300.0,282.0,283.0,-1.05,34723.0,361.0,262.0
SHEL,1/2/2024,283.0,285.0,270.1,279.0,-1.41,22377.0,361.0,262.0
SHEL,1/3/2024,277.0,284.5,270.0,278.0,-0.36,7846.0,361.0,262.0
SHEL,1/4/2024,283.5,305.8,283.0,305.8,10.0,143146.0,361.0,262.0
SHEL,1/7/2024,206.9,223.1,206.9,223.1,-27.04,8590.0,361.0,262.0
SHEL,1/8/2024,227.5,245.4,227.5,245.4,10.0,9626.0,361.0,262.0
SHEL,1/9/2024,250.0,269.9,250.0,251.0,2.28,126175.0,361.0,262.0
SHEL,1/10/2024,256.0,256.0,240.1,247.0,-1.59,20978.0,361.0,262.0
SHEL,1/11/2024,247.0,249.0,241.0,242.0,-2.02,11642.0,361.0,262.0
SHEL,1/14/2024,240.0,254.8,240.0,249.0,2.89,9890.0,361.0,262.0
SHEL,1/16/2024,252.0,265.0,244.0,255.0,2.41,39156.0,361.0,262.0
SHEL,1/17/2024,260.0,267.0,241.0,241.0,-5.49,29608.0,361.0,262.0
SHEL,1/18/2024,242.0,257.9,237.3,251.0,4.15,24729.0,361.0,262.0
SHEL,1/21/2024,251.0,256.0,245.0,245.0,-2.39,12230.0,361.0,262.0
SHEL,1/22/2024,240.5,249.8,237.0,237.0,-3.27,14289.0,361.0,262.0
SHEL,1/23/2024,241.1,245.0,234.0,235.0,-0.84,5274.0,361.0,262.0
SHEL,1/24/2024,239.0,243.7,235.1,236.0,0.43,7834.0,361.0,262.0
SHEL,1/25/2024,240.7,259.0,240.7,247.0,4.66,34303.0,361.0,262.0
SHEL,1/28/2024,248.0,252.8,245.0,246.0,-0.4,10383.0,361.0,262.0
SHEL,1/29/2024,246.0,246.1,240.0,243.0,-1.22,13065.0,361.0,262.0
SHEL,1/30/2024,240.1,265.0,240.1,263.0,8.23,49888.0,361.0,262.0
SHEL,1/31/2024,268.0,275.0,260.0,260.0,-1.14,47981.0,361.0,262.0
SHEL,2/1/2024,263.0,263.0,250.0,250.0,-3.85,14270.0,361.0,262.0
SHEL,2/4/2024,245.0,254.0,245.0,250.0,0.0,7006.0,361.0,262.0
SHEL,2/5/2024,254.5,265.0,246.1,251.0,0.4,4947.0,361.0,262.0
SHEL,2/6/2024,246.2,256.0,246.2,250.0,-0.4,5197.0,361.0,262.0
SHEL,2/7/2024,254.0,265.0,250.0,251.0,0.4,3478.0,361.0,262.0
SHEL,2/8/2024,251.0,259.2,250.1,255.9,1.95,11584.0,361.0,262.0
SHEL,2/11/2024,253.0,264.0,248.0,250.5,-2.11,12494.0,361.0,262.0
SHEL,2/12/2024,251.0,261.0,251.0,260.0,3.79,14075.0,361.0,262.0
SHEL,2/13/2024,260.0,260.0,251.0,253.1,-2.65,6878.0,361.0,262.0
SHEL,2/14/2024,249.1,255.0,245.2,246.0,-2.81,9737.0,361.0,262.0
SHEL,2/15/2024,247.0,250.0,236.1,240.0,-2.44,24496.0,361.0,262.0
SHEL,2/18/2024,235.2,239.0,226.7,231.9,-3.37,14888.0,361.0,262.0
SHEL,2/20/2024,230.0,232.5,223.4,226.1,-2.5,8811.0,361.0,262.0
SHEL,2/21/2024,230.5,230.5,221.0,221.2,-2.17,11999.0,361.0,262.0
SHEL,2/22/2024,221.0,224.0,210.5,211.0,-4.61,12842.0,361.0,262.0
SHEL,2/25/2024,211.0,215.2,203.0,211.0,0.0,16229.0,361.0,262.0
SHEL,2/26/2024,211.0,217.0,211.0,216.0,2.37,9092.0,361.0,262.0
SHEL,2/27/2024,217.0,217.0,212.1,216.0,0.0,3761.0,361.0,262.0
SHEL,2/28/2024,218.0,218.0,208.6,212.7,-1.53,5455.0,361.0,262.0
SHEL,2/29/2024,210.0,218.0,205.0,209.9,-1.32,3905.0,361.0,262.0
SHEL,3/3/2024,214.0,214.0,202.1,208.0,-0.91,5556.0,361.0,262.0
SHEL,3/4/2024,212.1,212.1,212.1,212.1,1.97,10.0,361.0,262.0
SHEL,3/5/2024,216.0,229.1,215.0,216.9,2.26,32436.0,361.0,262.0
SHEL,3/6/2024,220.8,224.0,210.0,216.0,-0.41,7168.0,361.0,262.0
SHEL,3/7/2024,214.0,230.0,214.0,217.0,0.46,9405.0,361.0,262.0
SHEL,3/10/2024,213.0,217.0,213.0,215.0,-0.92,7872.0,361.0,262.0
SHEL,3/12/2024,219.0,226.8,212.0,219.9,2.28,7835.0,361.0,262.0
SHEL,3/13/2024,217.0,217.9,212.0,214.0,-2.68,14795.0,361.0,262.0
SHEL,3/14/2024,211.8,216.8,210.0,211.0,-1.4,14654.0,361.0,262.0
SHEL,3/17/2024,210.0,210.0,203.0,205.0,-2.84,21292.0,361.0,262.0
SHEL,3/18/2024,205.0,206.0,199.8,200.0,-2.44,21331.0,361.0,262.0
SHEL,3/19/2024,197.1,209.0,196.3,207.0,3.5,13708.0,361.0,262.0
SHEL,3/20/2024,209.0,210.0,204.0,206.0,-0.48,7560.0,361.0,262.0
SHEL,3/21/2024,202.0,213.9,202.0,203.1,-1.41,9790.0,361.0,262.0
SHEL,3/25/2024,207.0,207.0,197.0,197.0,-3.0,11701.0,361.0,262.0
SHEL,3/26/2024,200.0,200.0,193.4,199.9,1.47,5928.0,361.0,262.0
SHEL,3/27/2024,200.5,202.0,196.1,198.0,-0.95,5314.0,361.0,262.0
SHEL,3/28/2024,198.0,200.0,195.0,195.0,-1.52,11227.0,361.0,262.0
SHEL,3/31/2024,195.0,202.8,193.5,199.0,2.05,7355.0,361.0,262.0
SHEL,4/1/2024,198.0,199.0,193.0,199.0,0.0,12903.0,361.0,262.0
SHEL,4/2/2024,199.0,200.0,193.0,196.0,-1.51,5940.0,361.0,262.0
SHEL,4/3/2024,192.2,193.6,190.0,193.6,-1.22,6470.0,361.0,262.0
SHEL,4/4/2024,193.7,195.4,190.0,190.2,-1.76,11329.0,361.0,262.0
SHEL,4/7/2024,187.0,189.9,185.0,188.0,-1.16,11715.0,361.0,262.0
SHEL,4/9/2024,188.0,194.0,188.0,190.0,1.06,5320.0,361.0,262.0
SHEL,4/10/2024,186.2,186.2,171.0,171.0,-10.0,65484.0,361.0,262.0
SHEL,4/14/2024,167.6,188.1,164.3,180.8,5.73,114068.0,361.0,262.0
SHEL,4/15/2024,180.0,183.0,165.0,170.0,-5.97,61689.0,361.0,262.0
SHEL,4/16/2024,168.0,173.0,165.7,170.0,0.0,45445.0,361.0,262.0
SHEL,4/18/2024,167.0,170.0,161.0,163.0,-4.12,46167.0,361.0,262.0
SHEL,4/21/2024,165.0,167.2,162.0,166.0,1.84,45027.0,361.0,262.0
SHEL,4/22/2024,168.0,169.3,164.7,164.7,-0.78,43968.0,361.0,262.0
SHEL,4/24/2024,167.5,167.5,164.0,165.0,0.18,12828.0,361.0,262.0
SHEL,4/25/2024,163.5,168.3,159.9,162.9,-1.27,47645.0,361.0,262.0
SHEL,4/28/2024,166.0,166.0,159.9,161.6,-0.8,18835.0,361.0,262.0
SHEL,4/29/2024,160.0,162.0,158.1,158.2,-2.1,23159.0,361.0,262.0
SHEL,4/30/2024,159.0,165.0,158.4,163.0,3.03,33701.0,361.0,262.0
SHEL,5/2/2024,164.0,164.0,155.0,159.0,-2.45,153967.0,361.0,262.0
SHEL,5/5/2024,155.9,155.9,143.1,147.0,-7.55,383662.0,361.0,262.0
SHEL,5/6/2024,146.5,152.6,146.5,149.0,1.36,91565.0,361.0,262.0
SHEL,5/7/2024,147.0,150.0,147.0,150.0,0.67,85163.0,361.0,262.0
SHEL,5/8/2024,148.1,150.0,147.5,147.5,-1.67,96180.0,361.0,262.0
SHEL,5/9/2024,150.0,150.0,147.0,149.0,1.02,53223.0,361.0,262.0
SHEL,5/12/2024,151.5,151.5,143.5,149.0,0.0,106273.0,361.0,262.0
SHEL,5/13/2024,146.3,149.0,145.1,148.0,-0.67,61548.0,361.0,262.0
SHEL,5/14/2024,150.0,160.0,147.6,156.9,6.01,275169.0,361.0,262.0
SHEL,5/15/2024,160.0,161.0,153.5,155.5,-0.89,222293.0,361.0,262.0
SHEL,5/16/2024,158.6,158.6,153.0,153.0,-1.61,48035.0,361.0,262.0
SHEL,5/19/2024,155.8,158.6,152.0,155.0,1.31,130936.0,361.0,262.0
SHEL,5/20/2024,151.9,160.0,151.9,156.0,0.65,99015.0,361.0,262.0
SHEL,5/21/2024,157.0,168.0,154.0,168.0,7.69,620334.0,361.0,262.0
SHEL,5/22/2024,171.0,177.7,168.5,170.5,1.49,473896.0,361.0,262.0
SHEL,5/26/2024,171.0,171.0,164.0,164.5,-3.52,268135.0,361.0,262.0
SHEL,5/27/2024,166.0,168.7,163.0,163.9,-0.36,132698.0,361.0,262.0
SHEL,5/29/2024,166.9,170.0,159.0,161.0,-1.77,236609.0,361.0,262.0
SHEL,5/30/2024,164.2,164.2,156.9,157.0,-2.48,173129.0,361.0,262.0
SHEL,6/2/2024,160.1,161.0,157.0,158.7,1.08,109835.0,361.0,262.0
SHEL,6/3/2024,161.8,162.0,157.0,158.8,0.06,83265.0,361.0,262.0
SHEL,6/4/2024,161.9,161.9,157.2,158.5,-0.19,74204.0,361.0,262.0
SHEL,6/5/2024,160.0,160.0,155.2,155.5,-1.89,66562.0,361.0,262.0
SHEL,6/6/2024,158.6,158.6,154.5,155.6,0.06,64586.0,361.0,262.0
SHEL,6/9/2024,157.0,158.0,152.0,154.5,-0.71,146164.0,361.0,262.0
SHEL,6/10/2024,157.5,158.1,152.0,154.8,0.19,299391.0,361.0,262.0
SHEL,6/11/2024,157.0,165.1,155.5,164.0,5.94,481657.0,361.0,262.0
SHEL,6/12/2024,166.0,168.9,164.0,164.5,0.3,320545.0,361.0,262.0
SHEL,6/13/2024,165.0,166.9,162.1,162.2,-1.4,214102.0,361.0,262.0
SHEL,6/16/2024,162.2,165.4,161.0,161.9,-0.18,215226.0,361.0,262.0
SHEL,6/18/2024,164.0,164.0,159.1,160.9,-0.62,189888.0,361.0,262.0
SHEL,6/19/2024,163.0,163.0,159.3,160.0,-0.56,70995.0,361.0,262.0
SHEL,6/20/2024,160.0,162.0,158.1,159.0,-0.62,144529.0,361.0,262.0
SHEL,6/23/2024,157.3,160.4,157.0,157.0,-1.26,84287.0,361.0,262.0
SHEL,6/24/2024,156.0,159.0,155.3,157.5,0.32,84538.0,361.0,262.0
SHEL,6/25/2024,160.0,163.7,157.1,157.5,0.0,105993.0,361.0,262.0
SHEL,6/26/2024,160.0,160.0,156.2,156.5,-0.63,44094.0,361.0,262.0
SHEL,6/27/2024,156.0,158.5,154.1,154.8,-1.09,68776.0,361.0,262.0
SHEL,6/30/2024,151.9,158.8,151.5,153.4,-0.9,85826.0,361.0,262.0
SHEL,7/1/2024,151.9,155.0,151.7,153.0,-0.26,62451.0,361.0,262.0
SHEL,7/2/2024,156.0,165.3,156.0,157.0,2.61,93175.0,361.0,262.0
SHEL,7/3/2024,156.0,158.1,154.2,156.0,-0.64,61243.0,361.0,262.0
SHEL,7/4/2024,159.1,159.1,154.5,156.5,0.32,108456.0,361.0,262.0
SHEL,7/7/2024,158.8,158.8,155.6,157.5,0.64,86399.0,361.0,262.0
SHEL,7/8/2024,160.6,160.6,155.0,155.6,-1.21,69157.0,361.0,262.0
SHEL,7/9/2024,155.6,158.7,154.5,158.7,1.99,128057.0,361.0,262.0
SHEL,7/10/2024,159.0,162.0,157.6,161.8,1.95,136857.0,361.0,262.0
SHEL,7/11/2024,161.8,164.9,161.0,164.5,1.67,182623.0,361.0,262.0
SHEL,7/14/2024,167.5,174.3,164.0,172.1,4.62,397557.0,361.0,262.0
SHEL,7/15/2024,175.0,179.5,170.0,171.5,-0.35,368126.0,361.0,262.0
SHEL,7/16/2024,172.0,188.6,172.0,188.6,9.97,823631.0,361.0,262.0
SHEL,7/17/2024,192.3,207.4,192.3,207.4,9.97,1163724.0,361.0,262.0
SHEL,7/18/2024,211.5,215.8,203.0,205.0,-1.16,643069.0,361.0,262.0
SHEL,7/21/2024,205.0,206.0,197.0,201.0,-1.95,580850.0,361.0,262.0
SHEL,7/22/2024,200.0,217.2,196.5,211.0,4.98,537683.0,361.0,262.0
SHEL,7/23/2024,211.0,219.3,208.1,215.0,1.9,523872.0,361.0,262.0
SHEL,7/24/2024,215.0,219.0,208.1,210.9,-1.91,566805.0,361.0,262.0
SHEL,7/25/2024,208.3,214.0,206.7,208.1,-1.33,380882.0,361.0,262.0
SHEL,7/28/2024,212.2,219.0,208.1,211.0,1.39,404653.0,361.0,262.0
SHEL,7/29/2024,215.2,220.2,211.0,212.0,0.47,509808.0,361.0,262.0
SHEL,7/30/2024,215.0,217.0,209.2,216.0,1.89,430164.0,361.0,262.0
SHEL,7/31/2024,218.9,237.6,218.9,235.5,9.03,998743.0,361.0,262.0
SHEL,8/1/2024,235.5,256.0,235.0,241.0,2.34,816902.0,361.0,262.0
SHEL,8/5/2024,240.0,250.0,236.0,243.0,0.83,583939.0,361.0,262.0
SHEL,8/6/2024,243.0,250.0,223.0,230.9,-4.98,729549.0,361.0,262.0
SHEL,8/7/2024,230.0,246.0,226.4,243.9,5.63,562403.0,361.0,262.0
SHEL,8/8/2024,239.1,253.3,239.1,244.2,0.12,665554.0,361.0,262.0
SHEL,8/11/2024,249.0,268.6,249.0,268.6,9.99,855766.0,361.0,262.0
SHEL,8/12/2024,273.9,295.0,273.9,285.0,6.11,757160.0,361.0,262.0
SHEL,8/13/2024,290.7,302.9,279.3,291.1,2.14,646382.0,361.0,262.0
SHEL,8/14/2024,295.0,320.0,281.0,310.0,6.49,788485.0,361.0,262.0
SHEL,8/15/2024,316.2,334.4,312.9,314.0,1.29,1151258.0,361.0,262.0
SHEL,8/18/2024,314.0,326.4,293.0,296.1,-5.7,956057.0,361.0,262.0
SHEL,8/21/2024,300.0,306.0,287.2,288.2,-2.67,510073.0,361.0,262.0
SHEL,8/22/2024,293.0,303.9,285.0,295.0,2.36,624921.0,361.0,262.0
SHEL,8/25/2024,300.0,303.9,282.0,287.0,-2.71,490092.0,361.0,262.0
SHEL,8/27/2024,292.0,292.0,265.0,267.0,-6.97,555493.0,361.0,262.0
SHEL,8/28/2024,272.3,283.0,264.3,270.7,1.39,449242.0,361.0,262.0
SHEL,8/29/2024,275.0,279.9,267.0,274.9,1.55,344643.0,361.0,262.0
SHEL,9/1/2024,280.3,280.3,260.0,264.0,-3.97,330713.0,361.0,262.0
SHEL,9/2/2024,268.0,285.0,259.0,280.0,6.06,545789.0,361.0,262.0
SHEL,9/3/2024,280.1,289.0,273.5,278.4,-0.57,479661.0,361.0,262.0
SHEL,9/4/2024,283.9,283.9,262.0,270.0,-3.02,496346.0,361.0,262.0
SHEL,9/5/2024,270.0,272.0,255.1,268.0,-0.74,378072.0,361.0,262.0
SHEL,9/8/2024,268.0,274.0,257.8,257.8,-3.81,397251.0,361.0,262.0
SHEL,9/9/2024,258.0,264.5,246.0,248.4,-3.65,323820.0,361.0,262.0
SHEL,9/10/2024,251.3,257.9,238.0,240.0,-3.38,221024.0,361.0,262.0
SHEL,9/11/2024,244.8,244.8,227.0,229.9,-4.21,351157.0,361.0,262.0
SHEL,9/12/2024,234.4,252.8,226.0,252.8,9.96,531141.0,361.0,262.0
SHEL,9/15/2024,257.8,274.0,250.0,261.0,3.24,934578.0,361.0,262.0
SHEL,9/16/2024,260.0,260.0,246.9,247.3,-5.25,339604.0,361.0,262.0
SHEL,9/18/2024,247.0,254.6,242.1,248.0,0.28,198352.0,361.0,262.0
SHEL,9/22/2024,252.9,268.2,245.0,247.0,-0.4,155370.0,361.0,262.0
SHEL,9/23/2024,242.1,252.0,235.0,237.0,-4.05,158928.0,361.0,262.0
SHEL,9/24/2024,240.0,245.0,230.5,234.0,-1.27,170259.0,361.0,262.0
SHEL,9/25/2024,230.0,243.8,229.4,240.0,2.56,185509.0,361.0,262.0
SHEL,9/26/2024,244.8,245.0,230.3,232.5,-3.12,133782.0,361.0,262.0
SHEL,9/29/2024,227.9,232.0,222.1,226.0,-2.8,136391.0,361.0,262.0
SHEL,9/30/2024,224.0,236.0,223.3,233.0,3.1,87496.0,361.0,262.0
SHEL,10/1/2024,237.6,250.9,233.0,247.0,6.01,440213.0,361.0,262.0
SHEL,10/2/2024,251.9,251.9,240.0,241.2,-2.35,193617.0,361.0,262.0
SHEL,10/6/2024,241.1,248.5,238.5,248.5,3.03,126646.0,361.0,262.0
SHEL,10/7/2024,251.0,252.9,245.0,247.9,-0.24,285919.0,361.0,262.0
SHEL,10/8/2024,244.1,251.0,240.0,242.0,-2.38,86325.0,361.0,262.0
SHEL,10/9/2024,244.9,245.0,239.0,240.0,-0.83,105118.0,361.0,262.0
SHEL,10/15/2024,243.0,251.9,241.0,250.0,4.17,250360.0,361.0,262.0
SHEL,10/16/2024,255.0,260.5,250.0,257.0,2.8,232678.0,361.0,262.0
SHEL,10/17/2024,259.8,265.0,254.0,255.0,-0.78,241457.0,361.0,262.0
SHEL,10/20/2024,254.0,263.8,245.0,249.0,-2.35,343945.0,361.0,262.0
SHEL,10/21/2024,246.0,251.9,241.7,242.5,-2.61,141555.0,361.0,262.0
SHEL,10/22/2024,246.0,250.0,241.2,247.6,2.1,126831.0,361.0,262.0
SHEL,10/23/2024,250.0,250.5,240.0,242.8,-1.94,178585.0,361.0,262.0
SHEL,10/24/2024,245.0,245.2,240.0,245.0,0.91,108198.0,361.0,262.0
SHEL,10/27/2024,242.1,248.0,240.0,242.0,-1.22,98188.0,361.0,262.0
SHEL,10/28/2024,245.0,249.0,243.5,248.0,2.48,93698.0,361.0,262.0
SHEL,10/29/2024,251.0,255.0,245.0,253.0,2.02,186397.0,361.0,262.0
SHEL,10/30/2024,253.0,254.9,247.0,248.9,-1.62,71236.0,361.0,262.0
SHEL,11/5/2024,245.2,251.1,245.2,246.8,-0.84,55664.0,361.0,262.0
SHEL,11/6/2024,246.0,250.0,243.0,246.0,-0.32,113807.0,361.0,262.0
SHEL,11/10/2024,250.9,265.0,248.0,263.0,6.91,349246.0,361.0,262.0
SHEL,11/11/2024,268.0,275.0,263.7,267.0,1.52,803937.0,361.0,262.0
SHEL,11/12/2024,272.0,272.0,261.0,261.0,-2.25,206501.0,361.0,262.0
SHEL,11/13/2024,266.2,266.2,257.0,260.2,-0.31,205404.0,361.0,262.0
SHEL,11/14/2024,260.2,265.0,258.0,258.7,-0.58,282573.0,361.0,262.0
SHEL,11/17/2024,263.8,280.0,263.8,273.0,5.53,1242389.0,361.0,262.0
SHEL,11/19/2024,278.4,278.4,266.5,267.0,-2.2,869587.0,361.0,262.0
SHEL,11/20/2024,270.0,274.5,267.7,270.1,1.16,296956.0,361.0,262.0
SHEL,11/21/2024,265.0,274.0,265.0,266.0,-1.52,291163.0,361.0,262.0
SHEL,11/24/2024,261.3,273.3,258.2,259.0,-2.63,191967.0,361.0,262.0
SHEL,11/25/2024,258.0,263.0,256.0,257.0,-0.77,173581.0,361.0,262.0
SHEL,11/26/2024,262.1,267.3,260.0,265.9,3.46,149852.0,361.0,262.0
SHEL,11/27/2024,268.0,274.0,267.5,270.0,1.54,233206.0,361.0,262.0
SHEL,11/28/2024,272.7,273.0,265.0,265.5,-1.67,226228.0,361.0,262.0
SHEL,12/1/2024,263.0,266.0,256.0,260.0,-2.07,169210.0,361.0,262.0
SHEL,12/2/2024,262.9,269.9,260.1,262.9,1.12,231912.0,361.0,262.0
SHEL,12/3/2024,267.9,269.0,263.1,266.0,1.18,198045.0,361.0,262.0
SHEL,12/4/2024,264.0,269.9,262.0,263.9,-0.79,139582.0,361.0,262.0
SHEL,12/5/2024,263.0,264.0,257.0,257.1,-2.58,177529.0,361.0,262.0
SHEL,12/8/2024,253.1,260.0,250.0,252.0,-1.98,178681.0,361.0,262.0
SHEL,12/9/2024,254.8,256.0,249.0,251.0,-0.4,155711.0,361.0,262.0
SHEL,12/10/2024,255.0,255.0,250.0,251.4,0.16,85103.0,361.0,262.0
SHEL,12/11/2024,250.0,257.9,250.0,257.9,2.59,88798.0,361.0,262.0
SHEL,12/12/2024,257.9,259.0,250.2,251.0,-2.68,114181.0,361.0,262.0
SHEL,12/16/2024,253.0,253.0,243.2,243.8,-2.87,143622.0,361.0,262.0
SHEL,12/17/2024,240.0,247.0,240.0,245.0,0.49,112847.0,361.0,262.0
SHEL,12/18/2024,241.4,249.6,241.4,244.0,-0.41,51913.0,361.0,262.0
SHEL,12/19/2024,240.0,245.0,238.2,239.8,-1.72,115567.0,361.0,262.0
SHEL,12/22/2024,242.5,244.0,235.0,235.0,-2.0,96400.0,361.0,262.0
SHEL,12/23/2024,237.5,242.0,233.5,240.3,2.26,76611.0,361.0,262.0
SHEL,12/24/2024,239.0,246.0,238.0,240.0,-0.12,64100.0,361.0,262.0
SHEL,12/26/2024,244.8,244.8,237.0,240.0,0.0,55113.0,361.0,262.0
SHEL,12/29/2024,240.0,242.0,235.3,237.0,-1.25,71557.0,361.0,262.0
SHEL,12/31/2024,232.3,236.0,227.4,230.0,-2.95,123610.0,361.0,262.0
SHEL,1/1/2025,228.0,235.3,228.0,231.3,0.57,57135.0,361.0,262.0
SHEL,1/2/2025,233.9,236.6,231.0,236.0,2.03,59373.0,361.0,262.0
SHEL,1/5/2025,235.0,240.0,234.1,236.1,0.04,38855.0,361.0,262.0
SHEL,1/6/2025,232.3,245.0,232.3,245.0,3.77,140981.0,361.0,262.0
SHEL,1/7/2025,245.0,248.0,240.7,243.0,-0.82,83243.0,361.0,262.0
SHEL,1/8/2025,242.1,245.0,241.3,243.0,0.0,85864.0,361.0,262.0
SHEL,1/9/2025,240.0,260.0,240.0,252.8,4.03,315861.0,361.0,262.0
SHEL,1/12/2025,257.0,262.1,254.0,258.0,2.06,636804.0,361.0,262.0
SHEL,1/13/2025,252.9,259.0,251.0,251.0,-2.71,283186.0,361.0,262.0
SHEL,1/15/2025,254.0,255.9,250.1,253.9,1.16,126074.0,361.0,262.0
SHEL,1/16/2025,257.9,260.0,253.0,254.0,0.04,225837.0,361.0,262.0
SHEL,1/19/2025,252.0,256.3,252.0,254.0,0.0,191846.0,361.0,262.0
SHEL,1/20/2025,256.0,259.0,254.0,254.0,0.0,185338.0,361.0,262.0
SHEL,1/21/2025,254.0,257.0,249.0,249.4,-1.81,89920.0,361.0,262.0
SHEL,1/22/2025,250.0,256.0,248.3,250.6,0.48,119018.0,361.0,262.0
SHEL,1/23/2025,252.0,255.6,250.4,251.2,0.24,204323.0,361.0,262.0
SHEL,1/26/2025,253.0,255.0,250.0,250.0,-0.48,124886.0,361.0,262.0
SHEL,1/27/2025,255.0,255.8,249.0,250.0,0.0,151428.0,361.0,262.0
SHEL,1/28/2025,248.3,256.5,248.3,254.9,1.96,171314.0,361.0,262.0
SHEL,2/2/2025,259.9,269.0,257.9,266.2,4.43,576413.0,361.0,262.0
SHEL,2/3/2025,270.0,270.0,259.0,260.0,-2.33,323594.0,361.0,262.0
SHEL,2/4/2025,261.0,263.0,256.0,260.5,0.19,144604.0,361.0,262.0
SHEL,2/5/2025,260.0,267.0,258.0,260.8,0.12,271715.0,361.0,262.0
SHEL,2/6/2025,266.0,266.0,258.0,258.0,-1.07,195150.0,361.0,262.0
SHEL,2/9/2025,259.0,266.9,254.5,256.0,-0.78,117100.0,361.0,262.0
SHEL,2/10/2025,250.9,258.9,250.9,252.0,-1.56,128386.0,361.0,262.0
SHEL,2/11/2025,255.0,256.8,250.1,252.0,0.0,93057.0,361.0,262.0
SHEL,2/12/2025,252.0,259.0,252.0,252.0,0.0,124568.0,361.0,262.0
SHEL,2/13/2025,252.0,256.0,251.1,251.1,-0.36,121197.0,361.0,262.0
SHEL,2/16/2025,254.0,256.0,249.0,254.0,1.15,183893.0,361.0,262.0
SHEL,2/17/2025,254.0,257.9,251.1,252.0,-0.79,146183.0,361.0,262.0
SHEL,2/18/2025,251.2,255.5,250.3,250.3,-0.67,159816.0,361.0,262.0
SHEL,2/20/2025,245.3,255.2,245.3,251.0,0.28,141521.0,361.0,262.0
SHEL,2/23/2025,246.0,252.0,246.0,249.5,-0.6,147137.0,361.0,262.0
SHEL,2/24/2025,250.0,258.0,250.0,254.1,1.84,279517.0,361.0,262.0
SHEL,2/25/2025,254.0,265.0,254.0,264.2,3.97,377310.0,361.0,262.0
SHEL,2/27/2025,266.0,278.0,263.2,277.3,4.96,890966.0,361.0,262.0
SHEL,3/2/2025,282.0,282.0,272.1,281.0,1.33,425584.0,361.0,262.0
SHEL,3/3/2025,280.0,284.0,270.7,272.0,-3.2,386959.0,361.0,262.0
SHEL,3/4/2025,266.6,281.5,266.6,271.9,-0.04,429594.0,361.0,262.0
SHEL,3/5/2025,266.5,286.0,266.5,280.4,3.13,876685.0,361.0,262.0
SHEL,3/6/2025,274.8,284.0,274.8,278.0,-0.86,288808.0,361.0,262.0
SHEL,3/9/2025,280.0,280.0,266.9,268.0,-3.6,359354.0,361.0,262.0
SHEL,3/10/2025,268.0,272.3,260.1,260.2,-2.91,280901.0,361.0,262.0
SHEL,3/11/2025,255.0,264.0,255.0,255.0,-2.0,215465.0,361.0,262.0
SHEL,3/12/2025,255.1,266.0,255.1,263.5,3.33,212688.0,361.0,262.0
SHEL,3/16/2025,263.0,266.0,255.9,262.9,-0.23,204269.0,361.0,262.0
SHEL,3/17/2025,257.7,265.0,257.7,261.9,-0.38,150875.0,361.0,262.0
SHEL,3/18/2025,258.1,265.0,258.1,260.1,-0.69,81836.0,361.0,262.0
SHEL,3/19/2025,260.2,263.0,255.0,256.3,-1.46,117092.0,361.0,262.0
SHEL,3/20/2025,255.0,260.0,252.1,252.81,-1.36,156129.0,361.0,262.0
SHEL,3/23/2025,254.0,255.0,245.0,245.33,-2.96,197152.0,361.0,262.0
SHEL,3/24/2025,245.0,255.0,242.4,251.19,2.39,127457.0,361.0,262.0
SHEL,3/25/2025,256.2,256.2,241.1,244.57,-2.64,155912.0,361.0,262.0
SHEL,3/26/2025,248.0,252.0,244.1,249.79,2.13,124638.0,361.0,262.0
SHEL,3/27/2025,252.0,254.7,245.0,251.85,0.82,88916.0,361.0,262.0
SHEL,3/30/2025,251.3,263.0,251.0,257.58,2.28,219703.0,361.0,262.0
SHEL,4/1/2025,255.7,258.0,249.1,251.66,-2.3,104400.0,361.0,262.0
SHEL,4/2/2025,251.1,256.9,250.1,254.17,1.0,108484.0,361.0,262.0
SHEL,4/3/2025,259.1,259.1,250.1,253.2,-0.38,102761.0,361.0,262.0
SHEL,4/7/2025,258.2,258.2,247.7,248.0,-2.05,84565.0,361.0,262.0
SHEL,4/8/2025,247.2,249.0,244.0,246.68,-0.53,89200.0,361.0,262.0
SHEL,4/9/2025,249.6,252.8,247.0,247.7,0.41,83629.0,361.0,262.0
SHEL,4/10/2025,250.0,251.6,246.1,248.72,0.41,142525.0,361.0,262.0
SHEL,4/13/2025,247.0,250.9,245.0,246.8,-0.77,139989.0,361.0,262.0
SHEL,4/15/2025,243.1,254.9,243.0,250.61,1.54,130274.0,361.0,262.0
SHEL,4/16/2025,255.6,260.0,246.0,257.68,2.82,221446.0,361.0,262.0
SHEL,4/17/2025,260.0,266.3,256.1,260.33,1.03,368383.0,361.0,262.0
SHEL,4/20/2025,261.0,262.9,251.1,252.8,-2.89,167090.0,361.0,262.0
SHEL,4/21/2025,256.0,265.0,250.4,258.76,2.36,399304.0,361.0,262.0
SHEL,4/22/2025,262.0,265.0,255.0,257.38,-0.53,310519.0,361.0,262.0
SHEL,4/23/2025,254.6,258.0,250.0,250.69,-2.6,149017.0,361.0,262.0
SHEL,4/24/2025,250.0,254.1,247.0,250.77,0.03,199583.0,361.0,262.0
SHEL,4/27/2025,254.7,260.0,250.6,255.65,1.95,274685.0,361.0,262.0
SHEL,4/28/2025,256.1,269.9,256.1,262.35,2.62,734332.0,361.0,262.0
SHEL,4/29/2025,267.0,267.0,260.0,261.42,-0.35,290244.0,361.0,262.0
SHEL,4/30/2025,266.6,272.9,261.0,269.86,3.23,787854.0,361.0,262.0
SHEL,5/4/2025,273.0,280.0,271.0,272.43,0.95,741946.0,361.0,262.0
SHEL,5/5/2025,277.8,277.8,263.1,264.31,-2.98,309788.0,361.0,262.0
SHEL,5/6/2025,266.0,277.0,263.0,274.84,3.98,649761.0,361.0,262.0
SHEL,5/7/2025,274.0,294.6,274.0,289.53,5.34,1426379.0,361.0,262.0
SHEL,5/8/2025,292.0,303.0,285.0,294.83,1.83,1065159.0,361.0,262.0
SHEL,5/11/2025,300.0,300.7,281.8,283.51,-3.84,901565.0,361.0,262.0
SHEL,5/13/2025,277.9,288.0,273.4,274.66,-3.12,512223.0,361.0,262.0
SHEL,5/14/2025,275.0,277.4,265.0,265.97,-3.16,462471.0,361.0,262.0
SHEL,5/15/2025,269.0,269.9,263.7,266.63,0.25,195086.0,361.0,262.0
SHEL,5/18/2025,266.0,271.9,260.1,262.21,-1.66,299755.0,361.0,262.0
SHEL,5/19/2025,265.0,268.9,262.5,265.14,1.12,168697.0,361.0,262.0
SHEL,5/20/2025,265.2,278.3,260.8,276.18,4.16,261904.0,361.0,262.0
SHEL,5/21/2025,281.7,293.0,270.0,270.56,-2.03,359274.0,361.0,262.0
SHEL,5/22/2025,271.2,273.9,263.6,264.63,-2.19,268924.0,361.0,262.0
SHEL,5/25/2025,268.0,268.9,263.2,264.94,0.12,134259.0,361.0,262.0
SHEL,5/26/2025,270.0,280.0,263.0,264.46,-0.18,216799.0,361.0,262.0
SHEL,5/27/2025,262.0,269.2,261.0,263.01,-0.55,174998.0,361.0,262.0
SHEL,5/28/2025,266.0,280.0,263.0,274.97,4.55,533431.0,361.0,262.0
SHEL,6/2/2025,280.0,282.0,273.1,274.11,-0.31,301400.0,361.0,262.0
SHEL,6/3/2025,279.5,279.5,264.7,265.07,-3.3,194735.0,361.0,262.0
SHEL,6/4/2025,262.7,269.7,262.7,266.34,0.48,145882.0,361.0,262.0
SHEL,6/5/2025,264.0,273.0,263.7,270.55,1.58,240242.0,361.0,262.0
SHEL,6/8/2025,273.0,277.9,270.0,274.25,1.37,284770.0,361.0,262.0
SHEL,6/9/2025,279.7,279.7,273.0,274.65,0.15,230291.0,361.0,262.0
SHEL,6/10/2025,277.0,285.0,273.1,278.58,1.43,515978.0,361.0,262.0
SHEL,6/11/2025,280.0,287.5,276.2,286.55,2.86,509508.0,361.0,262.0
SHEL,6/12/2025,282.0,297.5,282.0,284.99,-0.54,837660.0,361.0,262.0
SHEL,6/15/2025,285.0,291.0,281.0,283.18,-0.64,435502.0,361.0,262.0
SHEL,6/16/2025,277.6,304.0,277.6,292.34,3.23,1937325.0,361.0,262.0
SHEL,6/17/2025,298.1,302.0,290.5,297.1,1.63,718567.0,361.0,262.0
SHEL,6/18/2025,302.9,322.0,295.0,321.13,8.09,1973170.0,361.0,262.0
SHEL,6/19/2025,327.5,329.9,308.1,310.13,-3.43,1507822.0,361.0,262.0
SHEL,6/22/2025,305.0,313.5,296.8,297.27,-4.15,1283659.0,361.0,262.0
SHEL,6/23/2025,297.5,308.0,290.0,306.39,3.07,791065.0,361.0,262.0
SHEL,6/24/2025,312.5,314.0,300.3,302.16,-1.38,575925.0,361.0,262.0
SHEL,6/25/2025,300.1,306.0,297.0,302.44,0.09,388318.0,361.0,262.0
SHEL,6/26/2025,305.0,308.0,294.6,295.08,-2.43,1053584.0,361.0,262.0
SHEL,6/29/2025,293.1,296.0,287.7,291.88,-1.08,473506.0,361.0,262.0
SHEL,6/30/2025,290.1,294.9,286.0,286.54,-1.83,715939.0,361.0,262.0
SHEL,7/1/2025,288.0,296.0,287.2,292.54,2.09,370051.0,361.0,262.0
SHEL,7/2/2025,295.5,300.0,290.2,291.55,-0.34,349575.0,361.0,262.0
SHEL,7/3/2025,293.0,296.7,288.4,292.39,0.29,406408.0,361.0,262.0
SHEL,7/6/2025,295.0,295.0,285.2,285.89,-2.22,281109.0,361.0,262.0
SHEL,7/7/2025,288.0,288.0,281.0,281.83,-1.42,248201.0,361.0,262.0
SHEL,7/8/2025,280.0,287.8,278.2,286.57,1.68,253889.0,361.0,262.0
SHEL,7/9/2025,289.0,293.7,285.0,288.49,0.67,246461.0,361.0,262.0
SHEL,7/10/2025,292.8,292.8,283.0,283.67,-1.67,271521.0,361.0,262.0
SHEL,7/13/2025,289.0,294.9,281.0,281.63,-0.72,296538.0,361.0,262.0
SHEL,7/14/2025,281.1,285.5,280.0,284.02,0.85,163189.0,361.0,262.0
SHEL,7/15/2025,287.0,291.9,285.0,290.33,2.22,240866.0,361.0,262.0
SHEL,7/16/2025,292.7,293.9,288.0,288.37,-0.68,299862.0,361.0,262.0
SHEL,7/17/2025,289.1,300.0,289.1,297.0,2.99,452739.0,361.0,262.0
SHEL,7/20/2025,300.0,308.0,295.2,297.13,0.04,641978.0,361.0,262.0
SHEL,7/21/2025,298.0,302.9,295.0,300.26,1.05,478206.0,361.0,262.0
SHEL,7/22/2025,300.2,308.0,300.1,306.31,2.01,465185.0,361.0,262.0
SHEL,7/23/2025,309.0,321.0,309.0,318.39,3.94,1002833.0,361.0,262.0
SHEL,7/24/2025,320.0,331.0,319.1,329.4,3.46,969566.0,361.0,262.0
SHEL,7/27/2025,334.0,346.0,320.0,326.17,-0.98,1487589.0,361.0,262.0
SHEL,7/28/2025,325.0,337.0,321.2,334.76,2.63,1180842.0,361.0,262.0
SHEL,7/29/2025,340.0,347.8,333.5,336.56,0.54,839829.0,361.0,262.0
SHEL,7/30/2025,343.0,343.0,322.1,324.48,-3.59,797347.0,361.0,262.0
SHEL,7/31/2025,322.0,328.0,318.0,319.94,-1.4,731612.0,361.0,262.0
SHEL,8/3/2025,322.0,322.0,311.0,312.31,-2.38,515830.0,361.0,262.0
SHEL,8/4/2025,318.5,320.0,310.1,316.33,1.29,530341.0,361.0,262.0
SHEL,8/5/2025,319.0,320.0,311.0,311.48,-1.53,439334.0,361.0,262.0
SHEL,8/6/2025,315.0,315.0,307.1,307.75,-1.2,220025.0,361.0,262.0
SHEL,8/7/2025,307.0,317.0,306.1,314.21,2.1,329043.0,361.0,262.0
SHEL,8/11/2025,315.2,317.0,301.0,302.43,-3.75,401423.0,361.0,262.0
SHEL,8/12/2025,300.0,306.0,298.0,299.24,-1.05,279912.0,361.0,262.0
SHEL,8/13/2025,299.2,308.0,299.2,301.5,0.76,179705.0,361.0,262.0
SHEL,8/14/2025,306.0,306.0,299.9,302.67,0.39,182938.0,361.0,262.0
SHEL,8/17/2025,303.0,308.7,303.0,304.93,0.75,231323.0,361.0,262.0
SHEL,8/18/2025,303.3,310.8,303.3,308.8,1.27,178934.0,361.0,262.0
SHEL,8/19/2025,313.9,313.9,304.5,304.98,-1.24,143741.0,361.0,262.0
SHEL,8/20/2025,306.5,309.0,304.0,305.75,0.25,162623.0,361.0,262.0
SHEL,8/21/2025,305.2,309.9,304.1,307.32,0.51,223945.0,361.0,262.0
SHEL,8/24/2025,307.0,310.9,302.0,302.92,-1.43,221286.0,361.0,262.0
SHEL,8/25/2025,305.0,307.0,300.1,306.13,1.06,178204.0,361.0,262.0
SHEL,8/26/2025,310.0,310.0,303.0,304.39,-0.57,82220.0,361.0,262.0
SHEL,8/27/2025,305.0,318.9,304.0,317.24,4.22,472277.0,361.0,262.0
SHEL,8/28/2025,320.0,321.0,307.0,307.77,-2.99,421934.0,361.0,262.0
SHEL,8/31/2025,310.0,310.0,303.1,305.65,-0.69,219214.0,361.0,262.0
SHEL,9/1/2025,306.0,308.4,303.0,306.47,0.27,143797.0,361.0,262.0
SHEL,9/2/2025,309.0,309.0,305.0,305.57,-0.29,114666.0,361.0,262.0
SHEL,9/3/2025,305.0,308.0,304.1,304.85,-0.24,181896.0,361.0,262.0
SHEL,9/4/2025,304.7,308.0,301.2,307.21,0.77,245825.0,361.0,262.0
SHEL,9/7/2025,307.7,309.7,304.0,304.67,-0.83,196319.0,361.0,262.0
SHEL,9/8/2025,303.2,308.0,301.1,302.1,-0.84,255340.0,361.0,262.0
SHEL,9/18/2025,302.1,302.1,271.9,275.0,-8.97,79927.0,361.0,262.0
SHEL,9/21/2025,275.0,298.4,271.1,297.12,8.04,320428.0,361.0,262.0
SHEL,9/23/2025,303.0,304.8,293.1,299.1,0.67,185969.0,361.0,262.0
SHEL,9/24/2025,299.1,300.8,292.1,292.2,-2.31,149583.0,361.0,262.0
SHEL,9/25/2025,296.0,296.0,290.1,291.0,-0.41,90869.0,361.0,262.0
SHEL,9/28/2025,293.9,297.0,291.1,297.0,2.06,101776.0,361.0,262.0
SHEL,10/7/2025,291.4,296.7,286.0,288.0,-3.03,177269.0,361.0,262.0
SHEL,10/8/2025,290.9,290.9,270.0,279.7,-2.88,248545.0,361.0,262.0
SHEL,10/9/2025,285.0,296.0,280.4,281.0,0.46,226614.0,361.0,262.0
SHEL,10/12/2025,276.0,278.0,268.0,268.9,-4.31,221902.0,361.0,262.0
SHEL,10/13/2025,268.2,277.8,264.3,274.1,1.93,105460.0,361.0,262.0
SHEL,10/14/2025,270.0,276.0,270.0,271.5,-0.95,56144.0,361.0,262.0
SHEL,10/15/2025,270.0,273.0,268.0,269.5,-0.74,54546.0,361.0,262.0
SHEL,10/16/2025,265.4,270.0,265.0,266.0,-1.3,103822.0,361.0,262.0
SHEL,10/19/2025,267.0,270.0,265.0,266.8,0.3,44856.0,361.0,262.0
SHEL,10/26/2025,264.0,269.0,262.0,268.0,0.45,65364.0,361.0,262.0
SHEL,10/28/2025,268.0,290.0,266.0,290.0,8.21,205253.0,361.0,262.0
SHEL,10/29/2025,291.0,295.0,282.0,283.1,-2.38,182860.0,361.0,262.0
SHEL,10/30/2025,283.1,294.0,280.9,294.0,3.85,197929.0,361.0,262.0
SHEL,11/2/2025,294.0,303.0,290.0,299.0,1.7,332100.0,361.0,262.0
SHEL,11/3/2025,300.0,302.7,291.0,300.1,0.37,285469.0,361.0,262.0
SHEL,11/4/2025,301.1,311.9,301.1,307.9,2.6,600999.0,361.0,262.0
SHEL,11/5/2025,314.0,314.0,297.0,298.5,-3.05,327148.0,361.0,262.0
SHEL,11/6/2025,298.0,299.9,290.0,290.3,-2.75,155000.0,361.0,262.0
SHEL,11/9/2025,287.0,291.0,284.0,284.0,-2.17,128140.0,361.0,262.0
SHEL,11/10/2025,286.0,289.4,281.0,286.8,0.99,146706.0,361.0,262.0
SHEL,11/11/2025,292.5,292.5,285.0,289.9,1.08,94674.0,361.0,262.0
SHEL,11/12/2025,290.0,292.8,283.0,285.0,-1.69,138436.0,361.0,262.0
SHEL,11/13/2025,282.4,288.3,282.2,284.0,-0.35,85375.0,361.0,262.0
SHEL,11/16/2025,289.6,289.9,281.0,281.3,-0.95,53274.0,361.0,262.0
SHEL,11/17/2025,281.0,287.5,280.2,285.0,1.32,101480.0,361.0,262.0
SHEL,11/18/2025,289.0,292.0,286.0,286.2,0.42,116355.0,361.0,262.0
SHEL,11/19/2025,284.1,290.0,284.1,287.0,0.28,65923.0,361.0,262.0
SHEL,11/20/2025,283.0,288.0,283.0,284.1,-1.01,119328.0,361.0,262.0
SHEL,11/23/2025,289.7,295.8,284.6,294.7,3.73,164554.0,361.0,262.0
SHEL,11/24/2025,296.0,303.0,295.4,296.0,0.44,188598.0,361.0,262.0
SHEL,11/25/2025,301.0,307.0,296.1,298.0,0.68,370099.0,361.0,262.0
SHEL,11/26/2025,300.0,302.0,294.1,294.4,-1.21,193208.0,361.0,262.0
SHEL,11/27/2025,294.4,296.7,293.0,294.3,-0.03,103380.0,361.0,262.0
SHEL,11/30/2025,300.1,300.1,288.0,289.0,-1.8,156687.0,361.0,262.0
SHEL,12/1/2025,292.0,293.7,288.0,290.1,0.38,103028.0,361.0,262.0
SHEL,12/2/2025,294.0,294.1,291.0,292.9,0.97,76229.0,361.0,262.0
SHEL,12/3/2025,291.2,294.0,287.0,289.0,-1.33,135385.0,361.0,262.0
SHEL,12/7/2025,292.9,292.9,287.0,288.9,-0.03,74323.0,361.0,262.0
SHEL,12/8/2025,290.0,290.0,285.3,285.8,-1.07,83793.0,361.0,262.0
SHEL,12/9/2025,284.0,290.0,282.0,288.0,0.77,53922.0,361.0,262.0
SHEL,12/10/2025,287.0,290.0,284.0,287.0,-0.35,58340.0,361.0,262.0
SHEL,12/11/2025,285.0,289.0,285.0,286.9,-0.03,69479.0,361.0,262.0
SHEL,12/14/2025,289.0,292.0,284.1,284.4,-0.87,84563.0,361.0,262.0
SHEL,12/15/2025,284.6,287.0,283.0,286.5,0.74,46973.0,361.0,262.0
SHEL,12/16/2025,286.5,289.0,285.0,288.9,0.84,63060.0,361.0,262.0
SHEL,12/17/2025,290.0,292.0,286.4,287.0,-0.66,48939.0,361.0,262.0
SHEL,12/18/2025,287.0,289.8,283.5,285.0,-0.7,72115.0,361.0,262.0
SHEL,12/21/2025,290.0,290.0,281.0,285.0,0.0,155260.0,361.0,262.0
SHEL,12/22/2025,276.8,276.8,268.0,272.0,-4.56,78690.0,361.0,262.0
SHEL,12/23/2025,268.3,272.0,267.1,270.5,-0.55,42273.0,361.0,262.0
SHEL,12/24/2025,270.0,272.9,267.1,268.0,-0.92,38084.0,361.0,262.0
SHEL,12/28/2025,271.0,281.5,267.1,277.9,3.69,99838.0,361.0,262.0
SHEL,12/29/2025,283.0,283.0,272.5,273.6,-1.55,105880.0,361.0,262.0
SHEL,12/31/2025,277.7,278.8,272.4,275.6,0.73,86535.0,361.0,262.0
SHEL,1/1/2026,272.3,275.6,270.0,272.7,-1.05,66171.0,361.0,262.0
SHEL,1/4/2026,275.0,276.0,270.0,270.6,-0.77,45116.0,361.0,262.0
SHEL,1/5/2026,271.0,274.1,270.0,273.0,0.89,52847.0,361.0,262.0
SHEL,1/6/2026,274.0,277.3,273.0,275.0,0.73,71979.0,361.0,262.0
SHEL,1/7/2026,273.1,277.0,271.0,271.6,-1.24,46538.0,361.0,262.0
SHEL,1/8/2026,277.0,278.0,273.5,277.5,2.17,102640.0,361.0,262.0
SHEL,1/12/2026,277.5,279.4,274.8,275.1,-0.86,82161.0,361.0,262.0
SHEL,1/13/2026,275.0,278.0,274.0,276.9,0.65,90250.0,361.0,262.0
SHEL,1/14/2026,277.0,280.0,275.5,277.0,0.04,75847.0,361.0,262.0
SHEL,1/18/2026,278.0,282.9,278.0,282.9,2.13,106460.0,361.0,262.0
SHEL,1/20/2026,288.5,289.9,285.5,288.0,1.8,121525.0,361.0,262.0
SHEL,1/21/2026,291.9,291.9,284.5,285.5,-0.87,108564.0,361.0,262.0
SHEL,1/22/2026,288.9,292.0,283.5,291.0,1.93,133049.0,361.0,262.0
SHEL,1/25/2026,291.0,299.0,291.0,295.0,1.37,213714.0,361.0,262.0
SHEL,1/26/2026,298.0,300.0,290.1,292.0,-1.02,188914.0,361.0,262.0
SHEL,1/27/2026,297.8,297.8,284.7,284.7,-2.5,210340.0,361.0,262.0
SHEL,1/28/2026,290.3,290.3,280.2,286.7,0.7,96727.0,361.0,262.0
SHEL,1/29/2026,289.9,298.0,285.0,289.0,0.8,267142.0,361.0,262.0
SHEL,2/1/2026,291.0,292.7,284.1,284.1,-1.7,98486.0,361.0,262.0
SHEL,2/2/2026,289.0,291.7,284.2,290.0,2.08,166456.0,361.0,262.0
SHEL,2/3/2026,295.8,295.8,285.2,287.1,-1.0,139785.0,361.0,262.0
SHEL,2/4/2026,291.3,292.9,286.0,287.5,0.14,136435.0,361.0,262.0
SHEL,2/5/2026,290.0,299.7,287.0,296.6,3.17,276148.0,361.0,262.0
SHEL,2/8/2026,300.0,306.0,295.3,296.0,-0.2,293122.0,361.0,262.0
SHEL,2/9/2026,297.0,298.6,292.0,296.5,0.17,185641.0,361.0,262.0
SHEL,2/10/2026,293.0,307.0,293.0,301.8,1.79,406564.0,361.0,262.0
SHEL,2/11/2026,305.0,330.0,303.9,328.0,8.68,1852367.0,361.0,262.0
SHEL,2/12/2026,334.5,339.5,315.0,317.0,-3.35,777158.0,361.0,262.0
SHEL,2/16/2026,311.0,322.0,306.1,306.1,-3.44,552263.0,361.0,262.0
SHEL,2/17/2026,309.0,309.9,298.6,300.9,-1.7,462790.0,361.0,262.0
SHEL,2/22/2026,298.0,301.9,291.1,293.9,-2.33,312096.0,361.0,262.0
SHEL,2/23/2026,290.0,297.0,290.0,294.0,0.03,196861.0,361.0,262.0
SHEL,2/24/2026,288.2,299.8,288.2,298.0,1.36,116070.0,361.0,262.0
SHEL,2/25/2026,294.4,302.9,294.4,299.0,0.34,173991.0,361.0,262.0
SHEL,2/26/2026,299.0,301.9,296.7,298.7,-0.1,123869.0,361.0,262.0
SHEL,2/27/2026,299.0,301.9,296.7,298.7,0.0,123869.0,361.0,262.0
SHEL,2/28/2026,299.0,301.9,296.7,298.7,0.0,123869.0,361.0,262.0
SHEL,3/2/2026,296.5,301.5,284.5,300.0,0.44,174683.0,361.0,262.0
SHEL,3/3/2026,294.0,307.0,294.0,305.4,1.8,146230.0,361.0,262.0
SHEL,3/4/2026,294.0,307.0,294.0,305.4,0.0,146230.0,361.0,262.0
SHEL,3/5/2026,294.0,307.0,294.0,305.4,0.0,146230.0,361.0,262.0
SHEL,3/6/2026,294.0,307.0,294.0,305.4,0.0,146230.0,361.0,262.0
SHEL,3/7/2026,294.0,307.0,294.0,305.4,0.0,146230.0,361.0,262.0
SHEL,3/8/2026,294.0,307.0,294.0,305.4,0.0,146230.0,361.0,262.0
SHEL,3/9/2026,311.5,330.0,311.5,330.0,8.06,16180.0,361.0,262.0
SHEL,3/10/2026,335.0,335.0,312.7,318.0,-3.64,614943.0,361.0,262.0
SHEL,3/11/2026,318.0,331.0,315.0,329.0,3.46,950424.0,361.0,262.0
SHEL,3/12/2026,335.0,350.0,328.0,337.5,2.58,984607.0,361.0,262.0
SHEL,3/13/2026,335.0,350.0,328.0,337.5,0.0,984607.0,361.0,262.0
SHEL,3/14/2026,335.0,350.0,328.0,337.5,0.0,984607.0,361.0,262.0
SHEL,3/15/2026,331.0,345.0,327.1,332.9,-1.36,601766.0,361.0,262.0
SHEL,3/16/2026,339.0,339.0,325.4,330.9,-0.6,663599.0,361.0,262.0
SHEL,3/17/2026,337.5,339.0,320.0,338.0,2.15,756427.0,361.0,262.0
SHEL,3/18/2026,337.5,339.0,320.0,338.0,0.0,756427.0,361.0,262.0
SHEL,3/19/2026,344.7,347.0,337.0,338.7,0.21,796798.0,361.0,262.0
SHEL,3/20/2026,344.7,347.0,337.0,338.7,0.0,796798.0,361.0,262.0
SHEL,3/21/2026,344.7,347.0,337.0,338.7,0.0,796798.0,361.0,262.0
SHEL,3/22/2026,345.0,345.0,329.1,335.0,-1.09,706414.0,361.0,262.0
SHEL,3/23/2026,330.2,346.9,330.2,344.2,2.75,653861.0,361.0,262.0
SHEL,3/24/2026,348.0,358.5,336.0,354.1,2.88,1026409.0,361.0,262.0
SHEL,3/25/2026,355.9,361.0,345.1,347.0,-2.01,591764.0,361.0,262.0
SHEL,3/26/2026,345.0,349.9,340.1,348.0,0.87,335203.0,361.0,262.0
SHEL,3/29/2026,354.8,354.8,333.3,334.5,-5.72,612738.0,361.0,262.0
SHEL,3/30/2026,334.5,338.0,326.0,327.1,-2.21,459239.0,361.0,262.0
SHEL,3/31/2026,328.0,331.5,318.0,329.0,0.3,396157.0,361.0,262.0
SHEL,4/1/2026,329.0,333.0,311.0,315.0,-4.26,475191.0,361.0,262.0
SHEL,4/2/2026,311.0,321.3,308.1,315.9,1.58,286286.0,361.0,262.0
SHEL,4/5/2026,322.2,322.2,297.0,297.3,-7.73,621810.0,361.0,262.0
SHEL,4/6/2026,297.0,319.0,297.0,314.0,5.72,320503.0,361.0,262.0
SHEL,4/7/2026,316.9,321.0,311.1,314.0,-0.92,249367.0,361.0,262.0
SHEL,4/8/2026,307.8,324.9,307.8,322.1,4.65,287506.0,361.0,262.0
SHEL,4/9/2026,325.0,336.0,320.0,331.0,1.85,402803.0,361.0,262.0
SHEL,4/10/2026,336.9,336.9,327.0,329.0,-2.34,458027.0,361.0,262.0
SHEL,4/13/2026,325.1,333.0,325.1,329.0,1.2,170408.0,361.0,262.0
SHEL,4/15/2026,334.0,338.2,331.2,333.9,-0.03,346111.0,361.0,262.0
SHEL,4/16/2026,337.4,337.4,325.0,325.1,-3.65,233848.0,361.0,262.0
SHEL,4/17/2026,322.1,328.5,321.1,325.2,0.96,152437.0,361.0,262.0
SHEL,4/20/2026,309.0,329.0,309.0,322.4,4.34,98789.0,361.0,262.0
SHEL,4/21/2026,326.0,326.0,316.1,317.4,-2.64,134970.0,361.0,262.0
SHEL,4/22/2026,315.1,324.0,310.1,319.0,1.24,167624.0,361.0,262.0
SHEL,4/23/2026,323.7,323.7,313.1,316.9,-2.1,67897.0,361.0,262.0
SHEL,4/24/2026,314.0,316.8,310.5,314.0,0.0,61153.0,361.0,262.0
SHEL,4/27/2026,314.0,319.0,312.0,317.5,1.11,51827.0,361.0,262.0
SHEL,4/28/2026,317.5,319.9,311.0,311.0,-2.05,123844.0,361.0,262.0
SHEL,4/29/2026,311.0,315.0,305.0,307.0,-1.29,121321.0,361.0,262.0
SHEL,4/30/2026,303.0,309.0,302.0,307.0,1.32,124580.0,361.0,262.0
SHEL,5/4/2026,307.0,308.0,301.3,302.1,-1.6,64541.0,361.0,262.0
SHEL,5/5/2026,303.0,308.0,298.6,305.0,0.66,80147.0,361.0,262.0
SHEL,5/6/2026,305.0,307.0,299.3,304.5,-0.16,155234.0,361.0,262.0
SHEL,5/7/2026,300.1,306.0,300.1,304.2,1.37,43524.0,361.0,262.0
SHEL,5/8/2026,306.0,312.0,304.0,311.9,1.93,77941.0,361.0,262.0
SHEL,5/11/2026,316.0,318.9,313.0,317.2,0.38,142392.0,361.0,262.0
SHEL,5/12/2026,317.1,318.0,309.5,312.0,-1.61,155720.0,361.0,262.0
SHEL,5/13/2026,310.0,312.0,306.0,311.8,0.58,63920.0,361.0,262.0
SHEL,5/14/2026,311.8,315.9,307.8,309.0,-0.9,62784.0,361.0,262.0
SHEL,5/15/2026,310.0,312.5,308.0,310.2,0.06,39210.0,361.0,262.0
SHEL,5/18/2026,309.0,314.5,309.0,310.9,0.61,39629.0,361.0,262.0
SHEL,5/19/2026,308.1,313.5,308.0,310.9,0.91,60218.0,361.0,262.0
SHEL,5/20/2026,308.5,317.0,308.5,317.0,2.76,57211.0,361.0,262.0
SHEL,5/21/2026,317.0,322.8,313.1,314.0,-0.95,54084.0,361.0,262.0
SHEL,5/22/2026,313.0,319.5,313.0,318.0,1.6,53183.0,361.0,262.0
SHEL,5/25/2026,315.0,325.0,315.0,323.8,2.79,209293.0,361.0,262.0
SHEL,5/26/2026,326.9,326.9,319.2,320.9,-1.84,128101.0,361.0,262.0
SHEL,5/27/2026,320.9,325.4,320.0,322.8,0.59,139850.0,361.0,262.0
SHEL,6/1/2026,323.0,323.0,313.4,316.0,-2.17,121580.0,361.0,262.0
SHEL,6/2/2026,318.0,318.0,313.4,316.0,-0.63,85997.0,361.0,262.0
SHEL,6/3/2026,315.1,320.0,315.1,317.0,0.6,66690.0,361.0,262.0
SHEL,6/4/2026,315.0,320.5,315.0,316.0,0.32,102477.0,361.0,262.0
SHEL,6/5/2026,322.0,322.0,313.5,314.3,-2.39,114094.0,361.0,262.0
SHEL,6/8/2026,316.0,316.0,311.0,312.1,-1.23,82608.0,361.0,262.0
SHEL,6/9/2026,312.0,313.0,307.0,310.9,-0.35,122295.0,361.0,262.0
SHEL,6/10/2026,315.0,315.0,309.0,311.0,-1.27,31633.0,361.0,262.0
SHEL,6/11/2026,310.0,314.0,308.7,310.0,0.0,88958.0,361.0,262.0
SHEL,6/12/2026,309.1,314.0,309.0,310.3,0.39,62584.0,361.0,262.0
SHEL,6/15/2026,313.9,314.0,304.6,308.2,-1.82,45917.0,361.0,262.0
SHEL,6/16/2026,309.0,310.0,306.1,308.0,-0.32,47890.0,361.0,262.0
SHEL,6/17/2026,308.0,311.0,306.3,308.0,0.0,34651.0,361.0,262.0
SHEL,6/18/2026,308.0,309.9,306.2,307.8,-0.06,50347.0,361.0,262.0
SHEL,6/19/2026,308.0,308.0,304.9,306.4,-0.52,86057.0,361.0,262.0
SHEL,6/22/2026,306.0,309.5,304.1,306.0,0.0,72269.0,361.0,262.0
SHEL,6/23/2026,303.0,305.0,301.2,301.4,-0.53,83812.0,361.0,262.0
SHEL,6/24/2026,316.0,316.0,297.3,302.0,-4.43,74968.0,361.0,262.0
SHEL,6/26/2026,300.4,304.4,298.5,299.1,-0.43,52824.0,361.0,262.0
SHEL,6/29/2026,298.0,298.8,293.6,294.0,-1.34,71606.0,361.0,262.0
SHEL,6/30/2026,298.0,298.0,291.5,294.8,-1.07,43653.0,361.0,262.0
SHEL,7/1/2026,295.0,303.0,295.0,300.0,1.69,37575.0,361.0,262.0
SHEL,7/2/2026,300.0,304.0,296.0,299.0,-0.33,47708.0,361.0,262.0
SHEL,7/3/2026,300.0,302.9,299.3,301.9,0.63,42721.0,361.0,262.0
SHEL,7/6/2026,300.0,300.0,296.0,296.0,-1.33,36907.0,361.0,262.0
SHEL,7/7/2026,295.0,299.4,291.0,299.4,1.49,51973.0,361.0,262.0
SHEL,7/8/2026,295.2,299.0,294.3,297.0,0.61,35370.0,361.0,262.0
SHEL,7/9/2026,295.0,297.0,293.1,293.7,-0.44,30995.0,361.0,262.0
SHEL,7/10/2026,297.8,299.9,294.7,295.0,-0.94,36321.0,361.0,262.0
SHEL,7/13/2026,295.0,295.0,290.0,290.0,-1.69,70178.0,361.0,262.0
SHEL,7/14/2026,290.0,296.0,287.0,292.0,0.69,378434.0,361.0,262.0
SHEL,7/15/2026,293.0,300.0,293.0,298.9,2.01,185382.0,361.0,262.0
SHEL,7/16/2026,299.0,304.0,296.1,302.9,1.3,821873.0,361.0,262.0
SHEL,7/17/2026,308.5,312.0,305.1,311.8,1.07,105952.0,361.0,262.0
SHEL,7/20/2026,312.0,316.0,309.0,316.0,1.28,68754.0,361.0,262.0
SHEL,7/21/2026,316.0,317.5,310.0,311.0,-1.58,92747.0,361.0,262.0
SHEL,7/22/2026,311.0,313.0,307.4,308.9,-0.68,90562.0,361.0,262.0
SHEL,7/23/2026,306.0,312.5,306.0,312.5,2.12,58597.0,361.0,262.0
SHEL,7/24/2026,310.0,315.0,309.0,309.7,-0.1,38004.0,361.0,262.0
SHEL,7/27/2026,310.0,311.5,303.0,305.0,-1.61,73957.0,361.0,262.0
SHEL,7/28/2026,307.9,307.9,302.0,306.5,-0.45,110117.0,361.0,262.0
SHEL,7/29/2026,307.0,307.0,304.1,305.0,-0.65,48396.0,361.0,262.0
SHEL,7/30/2026,304.0,307.5,304.0,305.0,0.33,57162.0,361.0,262.0
SHEL,7/31/2026,305.0,308.0,302.7,307.7,0.89,49839.0,361.0,262.0
SHEL,8/3/2026,307.0,309.0,306.6,307.0,0.0,45753.0,361.0,262.0
SHEL,8/4/2026,307.0,308.4,304.2,305.2,-0.59,71014.0,361.0,262.0
SHEL,8/5/2026,302.2,308.0,302.2,306.9,1.56,27377.0,361.0,262.0
SHEL,8/6/2026,305.0,311.6,305.0,306.9,0.62,78427.0,361.0,262.0
SHEL,8/7/2026,305.0,307.7,301.8,307.0,0.66,47541.0,361.0,262.0
SHEL,8/10/2026,305.1,308.0,303.3,304.2,-0.29,40875.0,361.0,262.0
SHEL,8/11/2026,309.0,309.0,303.0,305.9,-1.0,44730.0,361.0,262.0
SHEL,8/12/2026,303.3,309.0,303.3,305.0,0.56,26751.0,361.0,262.0
SHEL,8/13/2026,303.5,309.9,303.4,306.7,1.05,89508.0,361.0,262.0
SHEL,8/14/2026,308.0,309.0,305.3,306.0,-0.65,36730.0,361.0,262.0
SHEL,8/17/2026,305.0,306.0,303.3,303.9,-0.36,47317.0,361.0,262.0
SHEL,8/18/2026,303.1,303.6,295.0,298.2,-1.62,135658.0,361.0,262.0
SHEL,8/19/2026,298.2,300.0,295.0,298.0,-0.07,100380.0,361.0,262.0
SHEL,8/20/2026,295.0,303.0,294.6,302.0,2.37,52751.0,361.0,262.0
SHEL,8/21/2026,302.0,305.0,299.0,300.0,-0.66,61465.0,361.0,262.0
SHEL,8/24/2026,300.0,304.8,295.0,297.5,-0.83,88785.0,361.0,262.0
SHEL,8/25/2026,295.0,300.0,294.4,297.0,0.68,41658.0,361.0,262.0
SHEL,8/26/2026,295.0,295.0,290.2,293.5,-0.51,84510.0,361.0,262.0
SHEL,8/27/2026,288.1,295.0,285.2,292.6,1.56,70837.0,361.0,262.0
SHEL,8/31/2026,290.0,290.8,287.0,289.0,-0.34,52408.0,361.0,262.0
SHEL,9/1/2026,290.0,293.9,285.7,290.5,0.17,32653.0,361.0,262.0
SHEL,9/2/2026,290.0,293.8,289.7,293.5,1.21,31205.0,361.0,262.0
SHEL,9/3/2026,291.1,294.0,291.0,293.7,0.89,26314.0,361.0,262.0
SHEL,9/7/2026,293.7,296.0,293.0,293.9,0.07,35627.0,361.0,262.0
SHEL,9/9/2026,294.0,294.1,284.3,290.0,-1.36,60085.0,361.0,262.0
SHEL,9/10/2026,290.0,291.0,287.1,291.0,0.34,44810.0,361.0,262.0
SHEL,9/11/2026,291.1,299.8,291.0,299.8,2.99,83228.0,361.0,262.0
SHEL,9/14/2026,299.0,303.7,299.0,300.3,0.43,35041.0,361.0,262.0
SHEL,9/15/2026,310.0,315.0,305.0,308.0,-0.65,106322.0,361.0,262.0
SHEL,9/16/2026,303.4,307.2,303.4,305.8,0.79,68525.0,361.0,262.0
SHEL,9/17/2026,305.0,314.0,305.0,306.0,0.33,67790.0,361.0,262.0
SHEL,9/18/2026,306.3,312.0,306.0,311.0,1.53,126705.0,361.0,262.0
SHEL,9/22/2026,307.6,313.0,307.0,307.4,-0.07,70814.0,361.0,262.0
SHEL,9/23/2026,304.2,307.7,302.0,302.0,-0.72,232730.0,361.0,262.0
SHEL,9/24/2026,288.0,304.1,288.0,302.3,4.97,56211.0,361.0,262.0
SHEL,9/28/2026,301.1,306.0,299.0,299.8,-0.43,41488.0,361.0,262.0
SHEL,9/29/2026,305.0,305.0,298.0,0.0,-100.0,11544.0,361.0,262.0
SHEL,9/30/2026,297.0,302.0,296.7,296.7,-0.1,52131.0,361.0,262.0
SHEL,10/1/2026,298.0,302.3,297.5,299.9,0.64,93463.0,361.0,262.0
SHEL,10/2/2026,300.0,304.5,299.0,301.0,0.33,91540.0,361.0,262.0
SHINE,12/5/2013,197.0,200.0,200.0,200.0,,290.0,449.7,384.0
SHINE,12/8/2013,200.0,204.0,204.0,204.0,2.0,53.0,449.7,384.0
SHINE,12/10/2013,204.0,208.0,208.0,208.0,1.96,12.0,449.7,384.0
SHINE,12/11/2013,208.0,212.0,208.0,208.0,0.0,28.0,449.7,384.0
SHINE,12/12/2013,208.0,208.0,204.0,208.0,0.0,84.0,449.7,384.0
SHINE,12/16/2013,208.0,216.0,212.0,216.0,3.85,853.0,449.7,384.0
SHINE,12/18/2013,216.0,220.0,220.0,220.0,1.85,13.0,449.7,384.0
SHINE,12/19/2013,220.0,224.0,224.0,224.0,1.82,232.0,449.7,384.0
SHINE,12/22/2013,224.0,246.0,228.0,246.0,9.82,531.0,449.7,384.0
SHINE,12/23/2013,246.0,250.0,250.0,250.0,1.63,181.0,449.7,384.0
SHINE,12/24/2013,250.0,260.0,250.0,260.0,4.0,695.0,449.7,384.0
SHINE,12/26/2013,260.0,275.0,265.0,275.0,5.77,221.0,449.7,384.0
SHINE,12/29/2013,275.0,285.0,275.0,285.0,3.64,487.0,449.7,384.0
SHINE,12/31/2013,285.0,296.0,290.0,296.0,3.86,405.0,449.7,384.0
SHINE,1/1/2014,296.0,292.0,292.0,292.0,-1.35,131.0,449.7,384.0
SHINE,1/2/2014,292.0,287.0,272.0,277.0,-5.14,983.0,449.7,384.0
SHINE,1/5/2014,277.0,282.0,277.0,278.0,0.36,1186.0,449.7,384.0
SHINE,1/6/2014,278.0,288.0,280.0,283.0,1.8,487.0,449.7,384.0
SHINE,1/7/2014,283.0,304.0,288.0,304.0,7.42,2291.0,449.7,384.0
SHINE,1/8/2014,304.0,316.0,310.0,316.0,3.95,400.0,449.7,384.0
SHINE,1/9/2014,316.0,334.0,316.0,331.0,4.75,1045.0,449.7,384.0
SHINE,1/12/2014,331.0,354.0,325.0,354.0,6.95,6751.0,449.7,384.0
SHINE,1/13/2014,354.0,367.0,347.0,367.0,3.67,1193.0,449.7,384.0
SHINE,1/14/2014,367.0,368.0,340.0,368.0,0.27,1236.0,449.7,384.0
SHINE,1/16/2014,368.0,375.0,370.0,371.0,0.82,1235.0,449.7,384.0
SHINE,1/19/2014,371.0,378.0,371.0,371.0,0.0,605.0,449.7,384.0
SHINE,1/20/2014,371.0,387.0,373.0,380.0,2.43,3983.0,449.7,384.0
SHINE,1/21/2014,380.0,397.0,378.0,397.0,4.47,1937.0,449.7,384.0
SHINE,1/22/2014,397.0,397.0,388.0,388.0,-2.27,889.0,449.7,384.0
SHINE,1/23/2014,388.0,396.0,382.0,382.0,-1.55,938.0,449.7,384.0
SHINE,1/26/2014,382.0,375.0,355.0,355.0,-7.07,2169.0,449.7,384.0
SHINE,1/27/2014,355.0,350.0,337.0,338.0,-4.79,1644.0,449.7,384.0
SHINE,1/28/2014,338.0,341.0,334.0,335.0,-0.89,684.0,449.7,384.0
SHINE,1/29/2014,335.0,336.0,331.0,336.0,0.3,513.0,449.7,384.0
SHINE,2/2/2014,336.0,330.0,310.0,330.0,-1.79,447.0,449.7,384.0
SHINE,2/3/2014,330.0,363.0,335.0,363.0,10.0,940.0,449.7,384.0
SHINE,2/4/2014,363.0,399.0,370.0,399.0,9.92,4270.0,449.7,384.0
SHINE,2/6/2014,394.0,394.0,391.0,391.0,-2.01,168.0,449.7,384.0
SHINE,2/9/2014,391.0,390.0,377.0,377.0,-3.58,278.0,449.7,384.0
SHINE,2/10/2014,377.0,370.0,365.0,365.0,-3.18,130.0,449.7,384.0
SHINE,2/11/2014,365.0,372.0,358.0,372.0,1.92,412.0,449.7,384.0
SHINE,2/12/2014,372.0,365.0,362.0,362.0,-2.69,238.0,449.7,384.0
SHINE,2/13/2014,362.0,382.0,369.0,375.0,3.59,472.0,449.7,384.0
SHINE,2/16/2014,375.0,402.0,380.0,402.0,7.2,1114.0,449.7,384.0
SHINE,2/17/2014,402.0,394.0,387.0,387.0,-3.73,466.0,449.7,384.0
SHINE,2/18/2014,387.0,405.0,387.0,395.0,2.07,1512.0,449.7,384.0
SHINE,2/20/2014,395.0,418.0,395.0,410.0,3.8,1506.0,449.7,384.0
SHINE,2/23/2014,410.0,418.0,404.0,410.0,0.0,1166.0,449.7,384.0
SHINE,2/24/2014,410.0,433.0,418.0,425.0,3.66,2805.0,449.7,384.0
SHINE,2/25/2014,425.0,439.0,412.0,439.0,3.29,1124.0,449.7,384.0
SHINE,2/26/2014,439.0,433.0,417.0,425.0,-3.19,726.0,449.7,384.0
SHINE,3/3/2014,425.0,418.0,418.0,418.0,-1.65,205.0,449.7,384.0
SHINE,3/4/2014,418.0,410.0,402.0,410.0,-1.91,501.0,449.7,384.0
SHINE,3/5/2014,410.0,423.0,410.0,423.0,3.17,282.0,449.7,384.0
SHINE,3/6/2014,423.0,415.0,400.0,405.0,-4.26,1699.0,449.7,384.0
SHINE,3/9/2014,405.0,421.0,413.0,421.0,3.95,487.0,449.7,384.0
SHINE,3/10/2014,421.0,418.0,418.0,418.0,-0.71,224.0,449.7,384.0
SHINE,3/11/2014,418.0,419.0,392.0,400.0,-4.31,1876.0,449.7,384.0
SHINE,3/12/2014,400.0,400.0,392.0,400.0,0.0,326.0,449.7,384.0
SHINE,3/13/2014,400.0,405.0,392.0,399.0,-0.25,967.0,449.7,384.0
SHINE,3/19/2014,399.0,392.0,386.0,386.0,-3.26,403.0,449.7,384.0
SHINE,3/20/2014,386.0,398.0,381.0,398.0,3.11,3108.0,449.7,384.0
SHINE,3/23/2014,398.0,395.0,390.0,391.0,-1.76,161.0,449.7,384.0
SHINE,3/24/2014,391.0,398.0,384.0,398.0,1.79,1157.0,449.7,384.0
SHINE,3/25/2014,398.0,410.0,393.0,405.0,1.76,1181.0,449.7,384.0
SHINE,3/26/2014,405.0,410.0,400.0,400.0,-1.23,885.0,449.7,384.0
SHINE,3/27/2014,400.0,417.0,405.0,417.0,4.25,1980.0,449.7,384.0
SHINE,3/31/2014,417.0,433.0,409.0,433.0,3.84,2374.0,449.7,384.0
SHINE,4/1/2014,433.0,433.0,425.0,430.0,-0.69,1379.0,449.7,384.0
SHINE,4/2/2014,430.0,434.0,425.0,432.0,0.47,543.0,449.7,384.0
SHINE,4/3/2014,432.0,434.0,422.0,422.0,-2.31,3259.0,449.7,384.0
SHINE,4/6/2014,422.0,445.0,414.0,445.0,5.45,13755.0,449.7,384.0
SHINE,4/7/2014,445.0,442.0,432.0,432.0,-2.92,3122.0,449.7,384.0
SHINE,4/9/2014,432.0,438.0,423.0,438.0,1.39,1037.0,449.7,384.0
SHINE,4/10/2014,438.0,448.0,437.0,444.0,1.37,1949.0,449.7,384.0
SHINE,4/13/2014,444.0,452.0,432.0,450.0,1.35,6902.0,449.7,384.0
SHINE,4/15/2014,450.0,451.0,447.0,450.0,0.0,1313.0,449.7,384.0
SHINE,4/16/2014,450.0,454.0,441.0,450.0,0.0,418.0,449.7,384.0
SHINE,4/17/2014,450.0,445.0,440.0,445.0,-1.11,1096.0,449.7,384.0
SHINE,4/20/2014,445.0,449.0,441.0,449.0,0.9,271.0,449.7,384.0
SHINE,4/21/2014,449.0,457.0,445.0,450.0,0.22,1523.0,449.7,384.0
SHINE,4/22/2014,450.0,460.0,442.0,460.0,2.22,856.0,449.7,384.0
SHINE,4/23/2014,460.0,464.0,449.0,464.0,0.87,2500.0,449.7,384.0
SHINE,4/27/2014,464.0,456.0,441.0,456.0,-1.72,1453.0,449.7,384.0
SHINE,4/28/2014,456.0,461.0,441.0,455.0,-0.22,10346.0,449.7,384.0
SHINE,4/29/2014,455.0,472.0,460.0,472.0,3.74,6102.0,449.7,384.0
SHINE,4/30/2014,472.0,470.0,458.0,470.0,-0.42,1909.0,449.7,384.0
SHINE,5/4/2014,470.0,517.0,479.0,517.0,10.0,6808.0,449.7,384.0
SHINE,5/5/2014,517.0,562.0,527.0,535.0,3.48,5488.0,449.7,384.0
SHINE,5/6/2014,535.0,559.0,539.0,542.0,1.31,4829.0,449.7,384.0
SHINE,5/7/2014,542.0,550.0,530.0,535.0,-1.29,12076.0,449.7,384.0
SHINE,5/8/2014,535.0,545.0,530.0,536.0,0.19,7414.0,449.7,384.0
SHINE,5/20/2014,391.0,429.0,398.0,429.0,-19.96,1442.0,449.7,384.0
SHINE,5/21/2014,429.0,437.0,411.0,414.0,-3.5,510.0,449.7,384.0
SHINE,5/22/2014,414.0,406.0,406.0,406.0,-1.93,484.0,449.7,384.0
SHINE,5/25/2014,406.0,407.0,406.0,406.0,0.0,479.0,449.7,384.0
SHINE,5/26/2014,406.0,405.0,404.0,405.0,-0.25,266.0,449.7,384.0
SHINE,5/27/2014,405.0,405.0,397.0,397.0,-1.98,497.0,449.7,384.0
SHINE,5/28/2014,397.0,405.0,400.0,405.0,2.02,514.0,449.7,384.0
SHINE,6/1/2014,405.0,397.0,395.0,397.0,-1.98,273.0,449.7,384.0
SHINE,6/2/2014,397.0,401.0,400.0,401.0,1.01,369.0,449.7,384.0
SHINE,6/3/2014,401.0,401.0,400.0,400.0,-0.25,439.0,449.7,384.0
SHINE,6/4/2014,400.0,392.0,388.0,389.0,-2.75,284.0,449.7,384.0
SHINE,6/5/2014,389.0,395.0,385.0,395.0,1.54,365.0,449.7,384.0
SHINE,6/8/2014,395.0,396.0,390.0,390.0,-1.27,655.0,449.7,384.0
SHINE,6/9/2014,390.0,383.0,376.0,376.0,-3.59,128.0,449.7,384.0
SHINE,6/10/2014,376.0,382.0,361.0,361.0,-3.99,2421.0,449.7,384.0
SHINE,6/11/2014,361.0,378.0,362.0,375.0,3.88,2094.0,449.7,384.0
SHINE,6/12/2014,375.0,392.0,380.0,392.0,4.53,1633.0,449.7,384.0
SHINE,6/15/2014,392.0,399.0,398.0,399.0,1.79,236.0,449.7,384.0
SHINE,6/17/2014,399.0,392.0,385.0,385.0,-3.51,30.0,449.7,384.0
SHINE,6/18/2014,385.0,392.0,388.0,392.0,1.82,2545.0,449.7,384.0
SHINE,6/19/2014,392.0,388.0,385.0,385.0,-1.79,1667.0,449.7,384.0
SHINE,6/23/2014,385.0,400.0,385.0,400.0,3.9,3953.0,449.7,384.0
SHINE,6/24/2014,400.0,399.0,380.0,392.0,-2.0,854.0,449.7,384.0
SHINE,6/25/2014,392.0,395.0,395.0,395.0,0.77,16.0,449.7,384.0
SHINE,6/26/2014,395.0,395.0,388.0,395.0,0.0,517.0,449.7,384.0
SHINE,6/29/2014,395.0,400.0,399.0,399.0,1.01,1072.0,449.7,384.0
SHINE,6/30/2014,399.0,395.0,392.0,395.0,-1.0,44.0,449.7,384.0
SHINE,7/1/2014,395.0,410.0,395.0,405.0,2.53,2810.0,449.7,384.0
SHINE,7/3/2014,405.0,400.0,395.0,395.0,-2.47,531.0,449.7,384.0
SHINE,7/7/2014,395.0,390.0,388.0,390.0,-1.27,1760.0,449.7,384.0
SHINE,7/8/2014,390.0,428.0,397.0,428.0,9.74,874.0,449.7,384.0
SHINE,7/9/2014,428.0,428.0,421.0,421.0,-1.64,250.0,449.7,384.0
SHINE,7/10/2014,421.0,424.0,397.0,424.0,0.71,5108.0,449.7,384.0
SHINE,7/13/2014,424.0,440.0,424.0,440.0,3.77,2226.0,449.7,384.0
SHINE,7/14/2014,440.0,435.0,416.0,416.0,-5.45,785.0,449.7,384.0
SHINE,7/15/2014,416.0,428.0,401.0,428.0,2.88,2498.0,449.7,384.0
SHINE,7/16/2014,428.0,425.0,404.0,425.0,-0.7,4742.0,449.7,384.0
SHINE,7/17/2014,425.0,440.0,430.0,440.0,3.53,99.0,449.7,384.0
SHINE,7/20/2014,440.0,456.0,432.0,450.0,2.27,3861.0,449.7,384.0
SHINE,7/21/2014,450.0,477.0,450.0,467.0,3.78,5565.0,449.7,384.0
SHINE,7/22/2014,467.0,470.0,441.0,449.0,-3.85,2760.0,449.7,384.0
SHINE,7/23/2014,449.0,461.0,445.0,456.0,1.56,4404.0,449.7,384.0
SHINE,7/24/2014,456.0,465.0,440.0,465.0,1.97,866.0,449.7,384.0
SHINE,7/27/2014,465.0,479.0,465.0,472.0,1.51,1261.0,449.7,384.0
SHINE,7/28/2014,472.0,504.0,475.0,494.0,4.66,4269.0,449.7,384.0
SHINE,7/30/2014,494.0,520.0,500.0,505.0,2.23,3205.0,449.7,384.0
SHINE,7/31/2014,505.0,506.0,492.0,493.0,-2.38,14060.0,449.7,384.0
SHINE,8/3/2014,493.0,500.0,478.0,485.0,-1.62,15711.0,449.7,384.0
SHINE,8/4/2014,485.0,485.0,476.0,476.0,-1.86,1531.0,449.7,384.0
SHINE,8/5/2014,476.0,477.0,476.0,476.0,0.0,332.0,449.7,384.0
SHINE,8/6/2014,476.0,494.0,467.0,485.0,1.89,1960.0,449.7,384.0
SHINE,8/7/2014,485.0,480.0,478.0,478.0,-1.44,311.0,449.7,384.0
SHINE,8/12/2014,478.0,469.0,469.0,469.0,-1.88,12.0,449.7,384.0
SHINE,8/13/2014,469.0,460.0,452.0,452.0,-3.62,379.0,449.7,384.0
SHINE,8/14/2014,452.0,451.0,443.0,451.0,-0.22,7702.0,449.7,384.0
SHINE,8/18/2014,451.0,460.0,442.0,450.0,-0.22,2046.0,449.7,384.0
SHINE,8/19/2014,450.0,468.0,450.0,468.0,4.0,1918.0,449.7,384.0
SHINE,8/20/2014,468.0,469.0,460.0,460.0,-1.71,295.0,449.7,384.0
SHINE,8/21/2014,460.0,452.0,451.0,452.0,-1.74,463.0,449.7,384.0
SHINE,8/24/2014,452.0,455.0,455.0,455.0,0.66,100.0,449.7,384.0
SHINE,9/3/2014,455.0,450.0,430.0,430.0,-5.49,728.0,449.7,384.0
SHINE,9/4/2014,430.0,425.0,425.0,425.0,-1.16,70.0,449.7,384.0
SHINE,9/10/2014,425.0,420.0,420.0,420.0,-1.18,104.0,449.7,384.0
SHINE,9/14/2014,420.0,415.0,412.0,415.0,-1.19,144.0,449.7,384.0
SHINE,9/15/2014,415.0,410.0,401.0,403.0,-2.89,3051.0,449.7,384.0
SHINE,9/16/2014,403.0,406.0,390.0,400.0,-0.74,1291.0,449.7,384.0
SHINE,9/17/2014,400.0,408.0,395.0,401.0,0.25,1958.0,449.7,384.0
SHINE,9/18/2014,401.0,395.0,385.0,390.0,-2.74,1716.0,449.7,384.0
SHINE,9/21/2014,390.0,383.0,373.0,373.0,-4.36,1494.0,449.7,384.0
SHINE,9/22/2014,373.0,367.0,352.0,353.0,-5.36,2016.0,449.7,384.0
SHINE,9/23/2014,353.0,369.0,340.0,365.0,3.4,5562.0,449.7,384.0
SHINE,9/24/2014,365.0,365.0,355.0,360.0,-1.37,1302.0,449.7,384.0
SHINE,9/28/2014,360.0,360.0,342.0,355.0,-1.39,2476.0,449.7,384.0
SHINE,9/29/2014,355.0,360.0,355.0,355.0,0.0,228.0,449.7,384.0
SHINE,9/30/2014,355.0,370.0,362.0,369.0,3.94,567.0,449.7,384.0
SHINE,10/8/2014,369.0,378.0,363.0,363.0,-1.63,1146.0,449.7,384.0
SHINE,10/9/2014,363.0,372.0,362.0,366.0,0.83,6094.0,449.7,384.0
SHINE,10/12/2014,366.0,366.0,360.0,360.0,-1.64,130.0,449.7,384.0
SHINE,10/13/2014,360.0,361.0,360.0,360.0,0.0,882.0,449.7,384.0
SHINE,10/14/2014,360.0,360.0,342.0,342.0,-5.0,592.0,449.7,384.0
SHINE,10/15/2014,342.0,360.0,343.0,355.0,3.8,870.0,449.7,384.0
SHINE,10/16/2014,355.0,359.0,349.0,359.0,1.13,3513.0,449.7,384.0
SHINE,10/19/2014,359.0,365.0,352.0,365.0,1.67,1003.0,449.7,384.0
SHINE,10/20/2014,365.0,368.0,360.0,368.0,0.82,1187.0,449.7,384.0
SHINE,10/21/2014,368.0,368.0,356.0,368.0,0.0,4522.0,449.7,384.0
SHINE,10/22/2014,368.0,365.0,358.0,365.0,-0.82,295.0,449.7,384.0
SHINE,10/26/2014,365.0,360.0,359.0,360.0,-1.37,896.0,449.7,384.0
SHINE,10/27/2014,360.0,360.0,350.0,355.0,-1.39,1542.0,449.7,384.0
SHINE,10/28/2014,355.0,363.0,348.0,356.0,0.28,1055.0,449.7,384.0
SHINE,10/30/2014,356.0,363.0,352.0,362.0,1.69,1658.0,449.7,384.0
SHINE,11/2/2014,362.0,372.0,355.0,366.0,1.1,4442.0,449.7,384.0
SHINE,11/3/2014,366.0,364.0,357.0,357.0,-2.46,3208.0,449.7,384.0
SHINE,11/4/2014,357.0,363.0,349.0,353.0,-1.12,10323.0,449.7,384.0
SHINE,11/5/2014,353.0,371.0,349.0,371.0,5.1,5554.0,449.7,384.0
SHINE,11/6/2014,371.0,378.0,366.0,378.0,1.89,10799.0,449.7,384.0
SHINE,11/9/2014,344.0,355.0,340.0,351.0,-7.14,726.0,449.7,384.0
SHINE,11/10/2014,351.0,357.0,357.0,357.0,1.71,290.0,449.7,384.0
SHINE,11/12/2014,357.0,350.0,345.0,345.0,-3.36,525.0,449.7,384.0
SHINE,11/19/2014,345.0,339.0,339.0,339.0,-1.74,67.0,449.7,384.0
SHINE,11/20/2014,339.0,336.0,336.0,336.0,-0.88,169.0,449.7,384.0
SHINE,11/24/2014,336.0,330.0,330.0,330.0,-1.79,114.0,449.7,384.0
SHINE,11/25/2014,330.0,328.0,327.0,328.0,-0.61,186.0,449.7,384.0
SHINE,12/3/2014,328.0,334.0,322.0,334.0,1.83,499.0,449.7,384.0
SHINE,12/4/2014,334.0,334.0,328.0,328.0,-1.8,77.0,449.7,384.0
SHINE,12/7/2014,328.0,333.0,309.0,309.0,-5.79,2934.0,449.7,384.0
SHINE,12/8/2014,309.0,310.0,298.0,298.0,-3.56,1778.0,449.7,384.0
SHINE,12/9/2014,298.0,298.0,275.0,290.0,-2.68,4712.0,449.7,384.0
SHINE,12/10/2014,290.0,306.0,290.0,306.0,5.52,1597.0,449.7,384.0
SHINE,12/11/2014,306.0,324.0,312.0,324.0,5.88,667.0,449.7,384.0
SHINE,12/14/2014,324.0,325.0,321.0,325.0,0.31,400.0,449.7,384.0
SHINE,12/15/2014,325.0,331.0,326.0,328.0,0.92,1126.0,449.7,384.0
SHINE,12/16/2014,328.0,330.0,322.0,330.0,0.61,1396.0,449.7,384.0
SHINE,12/17/2014,330.0,325.0,322.0,325.0,-1.52,3114.0,449.7,384.0
SHINE,12/18/2014,325.0,325.0,321.0,321.0,-1.23,423.0,449.7,384.0
SHINE,12/21/2014,321.0,315.0,311.0,311.0,-3.12,551.0,449.7,384.0
SHINE,12/22/2014,311.0,315.0,308.0,311.0,0.0,1641.0,449.7,384.0
SHINE,12/23/2014,311.0,313.0,307.0,307.0,-1.29,2443.0,449.7,384.0
SHINE,12/24/2014,307.0,313.0,307.0,313.0,1.95,424.0,449.7,384.0
SHINE,12/28/2014,313.0,322.0,316.0,322.0,2.88,112.0,449.7,384.0
SHINE,1/1/2015,322.0,340.0,328.0,340.0,5.59,1109.0,449.7,384.0
SHINE,1/4/2015,340.0,345.0,340.0,340.0,0.0,1162.0,449.7,384.0
SHINE,1/5/2015,340.0,341.0,340.0,341.0,0.29,700.0,449.7,384.0
SHINE,1/6/2015,341.0,335.0,335.0,335.0,-1.76,168.0,449.7,384.0
SHINE,1/7/2015,335.0,329.0,324.0,324.0,-3.28,765.0,449.7,384.0
SHINE,1/8/2015,324.0,330.0,326.0,327.0,0.93,695.0,449.7,384.0
SHINE,1/11/2015,327.0,321.0,315.0,315.0,-3.67,113.0,449.7,384.0
SHINE,1/12/2015,315.0,327.0,321.0,327.0,3.81,502.0,449.7,384.0
SHINE,1/13/2015,327.0,330.0,330.0,330.0,0.92,241.0,449.7,384.0
SHINE,1/14/2015,330.0,336.0,336.0,336.0,1.82,12.0,449.7,384.0
SHINE,1/18/2015,336.0,346.0,339.0,346.0,2.98,2271.0,449.7,384.0
SHINE,1/19/2015,346.0,358.0,340.0,340.0,-1.73,3609.0,449.7,384.0
SHINE,1/20/2015,340.0,352.0,340.0,345.0,1.47,2026.0,449.7,384.0
SHINE,1/22/2015,345.0,358.0,345.0,358.0,3.77,2002.0,449.7,384.0
SHINE,1/25/2015,358.0,378.0,360.0,367.0,2.51,1061.0,449.7,384.0
SHINE,1/26/2015,367.0,377.0,370.0,371.0,1.09,1207.0,449.7,384.0
SHINE,1/27/2015,371.0,375.0,364.0,374.0,0.81,2792.0,449.7,384.0
SHINE,1/28/2015,374.0,385.0,375.0,385.0,2.94,1861.0,449.7,384.0
SHINE,1/29/2015,385.0,406.0,380.0,385.0,0.0,2399.0,449.7,384.0
SHINE,2/1/2015,385.0,395.0,383.0,395.0,2.6,3335.0,449.7,384.0
SHINE,2/2/2015,395.0,395.0,395.0,395.0,0.0,1100.0,449.7,384.0
SHINE,2/3/2015,395.0,388.0,388.0,388.0,-1.77,80.0,449.7,384.0
SHINE,2/8/2015,388.0,390.0,390.0,390.0,0.52,185.0,449.7,384.0
SHINE,2/9/2015,390.0,400.0,390.0,400.0,2.56,609.0,449.7,384.0
SHINE,2/10/2015,400.0,392.0,380.0,380.0,-5.0,1125.0,449.7,384.0
SHINE,2/11/2015,380.0,394.0,368.0,394.0,3.68,6320.0,449.7,384.0
SHINE,2/12/2015,394.0,387.0,380.0,380.0,-3.55,302.0,449.7,384.0
SHINE,2/15/2015,380.0,386.0,379.0,382.0,0.53,1651.0,449.7,384.0
SHINE,2/16/2015,382.0,385.0,378.0,380.0,-0.52,672.0,449.7,384.0
SHINE,2/18/2015,380.0,373.0,373.0,373.0,-1.84,235.0,449.7,384.0
SHINE,2/22/2015,373.0,366.0,362.0,362.0,-2.95,1012.0,449.7,384.0
SHINE,2/23/2015,362.0,369.0,356.0,369.0,1.93,355.0,449.7,384.0
SHINE,2/24/2015,369.0,363.0,363.0,363.0,-1.63,92.0,449.7,384.0
SHINE,2/25/2015,363.0,363.0,356.0,363.0,0.0,1598.0,449.7,384.0
SHINE,2/26/2015,363.0,365.0,359.0,359.0,-1.1,394.0,449.7,384.0
SHINE,3/1/2015,359.0,365.0,360.0,365.0,1.67,519.0,449.7,384.0
SHINE,3/2/2015,365.0,366.0,351.0,361.0,-1.1,838.0,449.7,384.0
SHINE,3/3/2015,361.0,373.0,366.0,366.0,1.39,1577.0,449.7,384.0
SHINE,3/4/2015,366.0,373.0,370.0,373.0,1.91,1134.0,449.7,384.0
SHINE,3/9/2015,373.0,383.0,373.0,376.0,0.8,851.0,449.7,384.0
SHINE,3/10/2015,376.0,380.0,376.0,376.0,0.0,49.0,449.7,384.0
SHINE,3/11/2015,376.0,370.0,365.0,370.0,-1.6,588.0,449.7,384.0
SHINE,3/12/2015,370.0,375.0,370.0,370.0,0.0,2362.0,449.7,384.0
SHINE,3/15/2015,370.0,370.0,365.0,370.0,0.0,251.0,449.7,384.0
SHINE,3/16/2015,370.0,363.0,360.0,360.0,-2.7,36.0,449.7,384.0
SHINE,3/17/2015,360.0,367.0,367.0,367.0,1.94,226.0,449.7,384.0
SHINE,3/18/2015,367.0,360.0,353.0,360.0,-1.91,281.0,449.7,384.0
SHINE,3/19/2015,360.0,355.0,355.0,355.0,-1.39,467.0,449.7,384.0
SHINE,3/22/2015,355.0,350.0,350.0,350.0,-1.41,34.0,449.7,384.0
SHINE,3/23/2015,350.0,345.0,340.0,345.0,-1.43,667.0,449.7,384.0
SHINE,3/24/2015,345.0,341.0,341.0,341.0,-1.16,16.0,449.7,384.0
SHINE,3/25/2015,341.0,341.0,341.0,341.0,0.0,76.0,449.7,384.0
SHINE,3/26/2015,341.0,347.0,341.0,343.0,0.59,810.0,449.7,384.0
SHINE,3/30/2015,343.0,343.0,340.0,340.0,-0.87,1379.0,449.7,384.0
SHINE,3/31/2015,340.0,349.0,346.0,349.0,2.65,257.0,449.7,384.0
SHINE,4/2/2015,349.0,350.0,343.0,350.0,0.29,898.0,449.7,384.0
SHINE,4/5/2015,350.0,356.0,344.0,356.0,1.71,200.0,449.7,384.0
SHINE,4/6/2015,356.0,363.0,356.0,360.0,1.12,182.0,449.7,384.0
SHINE,4/7/2015,360.0,360.0,360.0,360.0,0.0,76.0,449.7,384.0
SHINE,4/8/2015,360.0,366.0,353.0,353.0,-1.94,232.0,449.7,384.0
SHINE,4/9/2015,353.0,353.0,347.0,352.0,-0.28,586.0,449.7,384.0
SHINE,4/12/2015,352.0,357.0,350.0,351.0,-0.28,689.0,449.7,384.0
SHINE,4/13/2015,351.0,355.0,348.0,348.0,-0.85,2914.0,449.7,384.0
SHINE,4/15/2015,348.0,348.0,345.0,348.0,0.0,447.0,449.7,384.0
SHINE,4/16/2015,348.0,350.0,346.0,350.0,0.57,493.0,449.7,384.0
SHINE,4/19/2015,350.0,347.0,343.0,347.0,-0.86,613.0,449.7,384.0
SHINE,4/20/2015,347.0,355.0,343.0,350.0,0.86,1607.0,449.7,384.0
SHINE,4/21/2015,350.0,361.0,357.0,360.0,2.86,892.0,449.7,384.0
SHINE,4/22/2015,360.0,359.0,352.0,354.0,-1.67,1748.0,449.7,384.0
SHINE,4/23/2015,354.0,361.0,346.0,361.0,1.98,4845.0,449.7,384.0
SHINE,5/28/2015,361.0,354.0,325.0,325.0,-9.97,589.0,449.7,384.0
SHINE,5/31/2015,325.0,331.0,318.0,331.0,1.85,1119.0,449.7,384.0
SHINE,6/1/2015,331.0,337.0,326.0,336.0,1.51,2209.0,449.7,384.0
SHINE,6/2/2015,336.0,335.0,331.0,335.0,-0.3,368.0,449.7,384.0
SHINE,6/3/2015,335.0,341.0,335.0,340.0,1.49,1942.0,449.7,384.0
SHINE,6/4/2015,340.0,353.0,345.0,345.0,1.47,3048.0,449.7,384.0
SHINE,6/7/2015,345.0,343.0,343.0,343.0,-0.58,294.0,449.7,384.0
SHINE,6/8/2015,343.0,360.0,341.0,360.0,4.96,3042.0,449.7,384.0
SHINE,6/9/2015,360.0,377.0,367.0,370.0,2.78,1663.0,449.7,384.0
SHINE,6/10/2015,370.0,363.0,355.0,360.0,-2.7,457.0,449.7,384.0
SHINE,6/11/2015,360.0,355.0,345.0,348.0,-3.33,1096.0,449.7,384.0
SHINE,6/14/2015,348.0,352.0,343.0,352.0,1.15,1094.0,449.7,384.0
SHINE,6/15/2015,352.0,353.0,350.0,353.0,0.28,896.0,449.7,384.0
SHINE,6/16/2015,353.0,350.0,347.0,350.0,-0.85,217.0,449.7,384.0
SHINE,6/17/2015,350.0,346.0,346.0,346.0,-1.14,25.0,449.7,384.0
SHINE,6/18/2015,346.0,341.0,334.0,336.0,-2.89,4201.0,449.7,384.0
SHINE,6/21/2015,336.0,330.0,330.0,330.0,-1.79,300.0,449.7,384.0
SHINE,6/22/2015,330.0,340.0,327.0,340.0,3.03,1334.0,449.7,384.0
SHINE,6/23/2015,340.0,340.0,334.0,340.0,0.0,587.0,449.7,384.0
SHINE,6/24/2015,340.0,352.0,341.0,352.0,3.53,508.0,449.7,384.0
SHINE,6/25/2015,352.0,350.0,343.0,346.0,-1.7,7636.0,449.7,384.0
SHINE,6/28/2015,346.0,352.0,340.0,341.0,-1.45,1638.0,449.7,384.0
SHINE,6/29/2015,341.0,351.0,338.0,351.0,2.93,3183.0,449.7,384.0
SHINE,6/30/2015,351.0,355.0,344.0,348.0,-0.85,878.0,449.7,384.0
SHINE,7/1/2015,348.0,344.0,337.0,338.0,-2.87,2550.0,449.7,384.0
SHINE,7/2/2015,338.0,350.0,338.0,348.0,2.96,1042.0,449.7,384.0
SHINE,7/5/2015,348.0,350.0,343.0,343.0,-1.44,406.0,449.7,384.0
SHINE,7/6/2015,343.0,353.0,341.0,348.0,1.46,1040.0,449.7,384.0
SHINE,7/7/2015,348.0,346.0,345.0,346.0,-0.57,297.0,449.7,384.0
SHINE,7/8/2015,346.0,355.0,345.0,351.0,1.45,3431.0,449.7,384.0
SHINE,7/9/2015,351.0,355.0,348.0,348.0,-0.85,2340.0,449.7,384.0
SHINE,7/12/2015,348.0,354.0,350.0,354.0,1.72,758.0,449.7,384.0
SHINE,7/13/2015,354.0,358.0,350.0,358.0,1.13,405.0,449.7,384.0
SHINE,7/14/2015,358.0,360.0,358.0,360.0,0.56,1945.0,449.7,384.0
SHINE,7/15/2015,360.0,366.0,363.0,363.0,0.83,481.0,449.7,384.0
SHINE,7/16/2015,363.0,360.0,360.0,360.0,-0.83,829.0,449.7,384.0
SHINE,7/22/2015,360.0,386.0,360.0,380.0,5.56,6712.0,449.7,384.0
SHINE,7/23/2015,380.0,389.0,375.0,389.0,2.37,5146.0,449.7,384.0
SHINE,7/26/2015,389.0,403.0,396.0,403.0,3.6,170.0,449.7,384.0
SHINE,7/27/2015,403.0,411.0,381.0,398.0,-1.24,2461.0,449.7,384.0
SHINE,7/28/2015,398.0,391.0,391.0,391.0,-1.76,261.0,449.7,384.0
SHINE,7/29/2015,391.0,397.0,381.0,381.0,-2.56,274.0,449.7,384.0
SHINE,7/30/2015,381.0,385.0,370.0,375.0,-1.57,4226.0,449.7,384.0
SHINE,8/2/2015,375.0,395.0,382.0,390.0,4.0,4186.0,449.7,384.0
SHINE,8/3/2015,390.0,392.0,384.0,392.0,0.51,9851.0,449.7,384.0
SHINE,8/4/2015,392.0,413.0,386.0,413.0,5.36,9534.0,449.7,384.0
SHINE,8/5/2015,413.0,405.0,395.0,402.0,-2.66,1665.0,449.7,384.0
SHINE,8/6/2015,402.0,404.0,396.0,399.0,-0.75,3347.0,449.7,384.0
SHINE,8/9/2015,399.0,406.0,398.0,401.0,0.5,3849.0,449.7,384.0
SHINE,8/10/2015,401.0,400.0,392.0,397.0,-1.0,10372.0,449.7,384.0
SHINE,8/11/2015,397.0,394.0,384.0,390.0,-1.76,1460.0,449.7,384.0
SHINE,8/12/2015,390.0,387.0,378.0,387.0,-0.77,912.0,449.7,384.0
SHINE,8/13/2015,387.0,390.0,376.0,381.0,-1.55,4037.0,449.7,384.0
SHINE,8/16/2015,381.0,380.0,370.0,373.0,-2.1,1577.0,449.7,384.0
SHINE,8/23/2015,373.0,380.0,380.0,380.0,1.88,55.0,449.7,384.0
SHINE,8/24/2015,380.0,418.0,387.0,418.0,10.0,266.0,449.7,384.0
SHINE,8/25/2015,418.0,434.0,426.0,426.0,1.91,260.0,449.7,384.0
SHINE,8/26/2015,426.0,429.0,421.0,428.0,0.47,1111.0,449.7,384.0
SHINE,8/27/2015,428.0,452.0,436.0,436.0,1.87,793.0,449.7,384.0
SHINE,8/31/2015,436.0,479.0,444.0,479.0,9.86,2464.0,449.7,384.0
SHINE,9/1/2015,479.0,525.0,483.0,525.0,9.6,12945.0,449.7,384.0
SHINE,9/2/2015,525.0,545.0,510.0,525.0,0.0,7587.0,449.7,384.0
SHINE,9/3/2015,525.0,535.0,505.0,510.0,-2.86,1783.0,449.7,384.0
SHINE,9/6/2015,510.0,500.0,489.0,491.0,-3.73,3284.0,449.7,384.0
SHINE,9/7/2015,491.0,500.0,495.0,495.0,0.81,954.0,449.7,384.0
SHINE,9/8/2015,495.0,500.0,490.0,500.0,1.01,2004.0,449.7,384.0
SHINE,9/9/2015,500.0,504.0,495.0,504.0,0.8,510.0,449.7,384.0
SHINE,9/10/2015,504.0,514.0,504.0,510.0,1.19,1173.0,449.7,384.0
SHINE,9/13/2015,510.0,515.0,505.0,512.0,0.39,1736.0,449.7,384.0
SHINE,9/14/2015,512.0,510.0,496.0,502.0,-1.95,5416.0,449.7,384.0
SHINE,9/15/2015,502.0,520.0,500.0,510.0,1.59,3074.0,449.7,384.0
SHINE,9/16/2015,510.0,505.0,495.0,495.0,-2.94,1054.0,449.7,384.0
SHINE,9/17/2015,495.0,504.0,494.0,504.0,1.82,1425.0,449.7,384.0
SHINE,9/22/2015,504.0,494.0,494.0,494.0,-1.98,500.0,449.7,384.0
SHINE,9/23/2015,494.0,495.0,481.0,495.0,0.2,463.0,449.7,384.0
SHINE,9/24/2015,495.0,486.0,477.0,477.0,-3.64,992.0,449.7,384.0
SHINE,9/30/2015,477.0,468.0,459.0,468.0,-1.89,1032.0,449.7,384.0
SHINE,10/1/2015,468.0,485.0,468.0,485.0,3.63,1782.0,449.7,384.0
SHINE,10/4/2015,485.0,503.0,492.0,494.0,1.86,3119.0,449.7,384.0
SHINE,10/5/2015,494.0,490.0,485.0,485.0,-1.82,1000.0,449.7,384.0
SHINE,10/6/2015,485.0,493.0,476.0,493.0,1.65,1056.0,449.7,384.0
SHINE,10/7/2015,493.0,492.0,492.0,492.0,-0.2,500.0,449.7,384.0
SHINE,10/8/2015,492.0,483.0,483.0,483.0,-1.83,329.0,449.7,384.0
SHINE,8/24/2016,380.0,417.0,387.0,417.0,-13.66,496.0,449.7,384.0
SHINE,8/28/2016,417.0,457.0,425.0,457.0,9.59,50.0,449.7,384.0
SHINE,8/29/2016,457.0,502.0,466.0,502.0,9.85,400.0,449.7,384.0
SHINE,8/30/2016,502.0,552.0,512.0,552.0,9.96,109.0,449.7,384.0
SHINE,8/31/2016,552.0,607.0,563.0,607.0,9.96,1646.0,449.7,384.0
SHINE,9/1/2016,607.0,667.0,619.0,667.0,9.88,45255.0,449.7,384.0
SHINE,9/3/2016,667.0,695.0,656.0,681.0,2.1,16622.0,449.7,384.0
SHINE,9/4/2016,667.0,695.0,656.0,681.0,0.0,16622.0,449.7,384.0
SHINE,9/5/2016,681.0,688.0,680.0,680.0,-0.15,7857.0,449.7,384.0
SHINE,9/6/2016,680.0,690.0,671.0,675.0,-0.74,16229.0,449.7,384.0
SHINE,9/7/2016,675.0,675.0,668.0,674.0,-0.15,5065.0,449.7,384.0
SHINE,9/8/2016,674.0,670.0,661.0,670.0,-0.59,2751.0,449.7,384.0
SHINE,9/11/2016,670.0,683.0,670.0,675.0,0.75,3322.0,449.7,384.0
SHINE,9/12/2016,675.0,676.0,666.0,670.0,-0.74,3657.0,449.7,384.0
SHINE,9/14/2016,670.0,670.0,655.0,670.0,0.0,5937.0,449.7,384.0
SHINE,9/18/2016,670.0,674.0,655.0,658.0,-1.79,2195.0,449.7,384.0
SHINE,9/20/2016,658.0,650.0,638.0,650.0,-1.22,2303.0,449.7,384.0
SHINE,9/21/2016,650.0,640.0,630.0,633.0,-2.62,5449.0,449.7,384.0
SHINE,9/22/2016,633.0,674.0,640.0,640.0,1.11,5788.0,449.7,384.0
SHINE,9/25/2016,640.0,640.0,611.0,625.0,-2.34,6178.0,449.7,384.0
SHINE,9/26/2016,625.0,647.0,625.0,635.0,1.6,2576.0,449.7,384.0
SHINE,9/27/2016,635.0,635.0,615.0,620.0,-2.36,3861.0,449.7,384.0
SHINE,9/28/2016,620.0,619.0,603.0,610.0,-1.61,7125.0,449.7,384.0
SHINE,9/29/2016,610.0,619.0,610.0,610.0,0.0,5436.0,449.7,384.0
SHINE,10/2/2016,610.0,635.0,616.0,630.0,3.28,1801.0,449.7,384.0
SHINE,10/3/2016,630.0,638.0,620.0,630.0,0.0,808.0,449.7,384.0
SHINE,10/4/2016,630.0,640.0,626.0,640.0,1.59,456.0,449.7,384.0
SHINE,10/5/2016,640.0,630.0,630.0,630.0,-1.56,428.0,449.7,384.0
SHINE,10/6/2016,630.0,650.0,637.0,643.0,2.06,1473.0,449.7,384.0
SHINE,10/17/2016,643.0,640.0,631.0,640.0,-0.47,62.0,449.7,384.0
SHINE,10/18/2016,640.0,639.0,628.0,628.0,-1.88,122.0,449.7,384.0
SHINE,10/19/2016,639.0,627.0,621.0,621.0,-1.11,1027.0,449.7,384.0
SHINE,10/20/2016,621.0,620.0,615.0,618.0,-0.48,518.0,449.7,384.0
SHINE,10/23/2016,618.0,630.0,615.0,623.0,0.81,3458.0,449.7,384.0
SHINE,10/24/2016,623.0,633.0,625.0,630.0,1.12,970.0,449.7,384.0
SHINE,10/25/2016,630.0,619.0,606.0,615.0,-2.38,1497.0,449.7,384.0
SHINE,10/26/2016,615.0,615.0,610.0,610.0,-0.81,2256.0,449.7,384.0
SHINE,10/27/2016,610.0,615.0,600.0,614.0,0.66,3699.0,449.7,384.0
SHINE,11/3/2016,614.0,626.0,613.0,626.0,1.95,918.0,449.7,384.0
SHINE,11/7/2016,626.0,626.0,615.0,615.0,-1.76,808.0,449.7,384.0
SHINE,11/8/2016,615.0,615.0,600.0,601.0,-2.28,6347.0,449.7,384.0
SHINE,11/9/2016,601.0,601.0,589.0,601.0,0.0,1674.0,449.7,384.0
SHINE,11/10/2016,601.0,610.0,589.0,589.0,-2.0,2016.0,449.7,384.0
SHINE,11/13/2016,589.0,600.0,595.0,595.0,1.02,1014.0,449.7,384.0
SHINE,11/14/2016,595.0,603.0,585.0,591.0,-0.67,2646.0,449.7,384.0
SHINE,11/15/2016,591.0,586.0,573.0,586.0,-0.85,1512.0,449.7,384.0
SHINE,11/16/2016,586.0,586.0,580.0,586.0,0.0,602.0,449.7,384.0
SHINE,11/17/2016,586.0,575.0,555.0,555.0,-5.29,1828.0,449.7,384.0
SHINE,11/20/2016,555.0,555.0,540.0,540.0,-2.7,1574.0,449.7,384.0
SHINE,11/21/2016,540.0,540.0,522.0,527.0,-2.41,4699.0,449.7,384.0
SHINE,11/22/2016,527.0,527.0,505.0,515.0,-2.28,8533.0,449.7,384.0
SHINE,11/23/2016,515.0,510.0,485.0,485.0,-5.83,16074.0,449.7,384.0
SHINE,11/24/2016,485.0,495.0,482.0,482.0,-0.62,5199.0,449.7,384.0
SHINE,11/27/2016,482.0,488.0,473.0,473.0,-1.87,4775.0,449.7,384.0
SHINE,11/28/2016,473.0,500.0,439.0,490.0,3.59,5237.0,449.7,384.0
SHINE,11/29/2016,490.0,510.0,491.0,505.0,3.06,7551.0,449.7,384.0
SHINE,11/30/2016,398.0,417.0,391.0,405.0,-19.8,7872.0,449.7,384.0
SHINE,12/1/2016,405.0,408.0,397.0,400.0,-1.23,2250.0,449.7,384.0
SHINE,12/4/2016,400.0,395.0,395.0,395.0,-1.25,300.0,449.7,384.0
SHINE,12/5/2016,395.0,388.0,388.0,388.0,-1.77,20.0,449.7,384.0
SHINE,12/6/2016,388.0,390.0,370.0,377.0,-2.84,6427.0,449.7,384.0
SHINE,12/7/2016,377.0,384.0,370.0,374.0,-0.8,1120.0,449.7,384.0
SHINE,12/8/2016,374.0,370.0,361.0,362.0,-3.21,2537.0,449.7,384.0
SHINE,12/11/2016,362.0,360.0,354.0,360.0,-0.55,3052.0,449.7,384.0
SHINE,12/12/2016,360.0,359.0,340.0,347.0,-3.61,6199.0,449.7,384.0
SHINE,12/14/2016,347.0,350.0,330.0,346.0,-0.29,5856.0,449.7,384.0
SHINE,12/15/2016,346.0,352.0,340.0,352.0,1.73,1668.0,449.7,384.0
SHINE,12/18/2016,352.0,366.0,351.0,366.0,3.98,2411.0,449.7,384.0
SHINE,12/19/2016,366.0,368.0,355.0,355.0,-3.01,590.0,449.7,384.0
SHINE,12/20/2016,355.0,355.0,350.0,352.0,-0.85,3441.0,449.7,384.0
SHINE,12/21/2016,352.0,352.0,346.0,347.0,-1.42,662.0,449.7,384.0
SHINE,12/22/2016,347.0,347.0,345.0,347.0,0.0,519.0,449.7,384.0
SHINE,12/26/2016,347.0,353.0,339.0,340.0,-2.02,3584.0,449.7,384.0
SHINE,12/27/2016,340.0,341.0,334.0,341.0,0.29,3945.0,449.7,384.0
SHINE,12/28/2016,341.0,340.0,335.0,340.0,-0.29,605.0,449.7,384.0
SHINE,12/29/2016,340.0,341.0,341.0,341.0,0.29,150.0,449.7,384.0
SHINE,1/1/2017,341.0,368.0,336.0,362.0,6.16,2329.0,449.7,384.0
SHINE,1/2/2017,362.0,369.0,353.0,360.0,-0.55,4287.0,449.7,384.0
SHINE,1/3/2017,360.0,362.0,354.0,354.0,-1.67,1759.0,449.7,384.0
SHINE,1/4/2017,354.0,357.0,350.0,357.0,0.85,490.0,449.7,384.0
SHINE,1/5/2017,357.0,358.0,358.0,358.0,0.28,59.0,449.7,384.0
SHINE,1/8/2017,358.0,360.0,353.0,353.0,-1.4,598.0,449.7,384.0
SHINE,1/9/2017,353.0,350.0,340.0,344.0,-2.55,3896.0,449.7,384.0
SHINE,1/10/2017,344.0,345.0,344.0,345.0,0.29,523.0,449.7,384.0
SHINE,1/11/2017,345.0,340.0,339.0,340.0,-1.45,635.0,449.7,384.0
SHINE,1/12/2017,340.0,335.0,332.0,332.0,-2.35,1056.0,449.7,384.0
SHINE,1/16/2017,332.0,340.0,332.0,338.0,1.81,534.0,449.7,384.0
SHINE,1/17/2017,338.0,357.0,340.0,357.0,5.62,663.0,449.7,384.0
SHINE,1/18/2017,357.0,355.0,350.0,350.0,-1.96,504.0,449.7,384.0
SHINE,1/19/2017,350.0,351.0,345.0,351.0,0.29,98.0,449.7,384.0
SHINE,1/22/2017,351.0,346.0,339.0,342.0,-2.56,1001.0,449.7,384.0
SHINE,1/23/2017,342.0,345.0,341.0,341.0,-0.29,1315.0,449.7,384.0
SHINE,1/24/2017,341.0,345.0,340.0,340.0,-0.29,350.0,449.7,384.0
SHINE,1/25/2017,340.0,335.0,330.0,330.0,-2.94,2617.0,449.7,384.0
SHINE,1/26/2017,330.0,327.0,322.0,327.0,-0.91,1840.0,449.7,384.0
SHINE,1/30/2017,327.0,330.0,316.0,316.0,-3.36,2340.0,449.7,384.0
SHINE,1/31/2017,316.0,321.0,316.0,318.0,0.63,1776.0,449.7,384.0
SHINE,2/1/2017,318.0,336.0,324.0,336.0,5.66,310.0,449.7,384.0
SHINE,2/2/2017,336.0,360.0,342.0,360.0,7.14,640.0,449.7,384.0
SHINE,2/5/2017,360.0,367.0,360.0,360.0,0.0,84.0,449.7,384.0
SHINE,2/6/2017,360.0,367.0,354.0,357.0,-0.83,1386.0,449.7,384.0
SHINE,2/7/2017,357.0,350.0,345.0,345.0,-3.36,330.0,449.7,384.0
SHINE,2/8/2017,345.0,342.0,328.0,328.0,-4.93,1427.0,449.7,384.0
SHINE,2/9/2017,328.0,333.0,320.0,320.0,-2.44,1641.0,449.7,384.0
SHINE,2/12/2017,320.0,320.0,299.0,304.0,-5.0,1843.0,449.7,384.0
SHINE,2/13/2017,304.0,309.0,298.0,309.0,1.64,1400.0,449.7,384.0
SHINE,2/14/2017,309.0,311.0,310.0,310.0,0.32,250.0,449.7,384.0
SHINE,2/15/2017,310.0,334.0,316.0,334.0,7.74,140.0,449.7,384.0
SHINE,2/16/2017,334.0,344.0,340.0,344.0,2.99,514.0,449.7,384.0
SHINE,2/19/2017,344.0,360.0,346.0,360.0,4.65,2189.0,449.7,384.0
SHINE,2/20/2017,360.0,360.0,349.0,349.0,-3.06,870.0,449.7,384.0
SHINE,2/21/2017,349.0,355.0,348.0,348.0,-0.29,220.0,449.7,384.0
SHINE,2/22/2017,348.0,352.0,352.0,352.0,1.15,69.0,449.7,384.0
SHINE,2/23/2017,352.0,351.0,345.0,351.0,-0.28,318.0,449.7,384.0
SHINE,2/26/2017,351.0,349.0,349.0,349.0,-0.57,200.0,449.7,384.0
SHINE,2/28/2017,349.0,343.0,331.0,331.0,-5.16,552.0,449.7,384.0
SHINE,3/1/2017,331.0,335.0,335.0,335.0,1.21,200.0,449.7,384.0
SHINE,3/2/2017,335.0,334.0,330.0,330.0,-1.49,236.0,449.7,384.0
SHINE,3/5/2017,330.0,341.0,330.0,341.0,3.33,923.0,449.7,384.0
SHINE,3/6/2017,341.0,346.0,340.0,346.0,1.47,220.0,449.7,384.0
SHINE,3/7/2017,346.0,346.0,334.0,334.0,-3.47,338.0,449.7,384.0
SHINE,3/9/2017,334.0,341.0,340.0,340.0,1.8,800.0,449.7,384.0
SHINE,3/13/2017,340.0,350.0,334.0,350.0,2.94,680.0,449.7,384.0
SHINE,3/14/2017,350.0,345.0,343.0,343.0,-2.0,280.0,449.7,384.0
SHINE,3/15/2017,343.0,345.0,345.0,345.0,0.58,100.0,449.7,384.0
SHINE,3/16/2017,345.0,340.0,340.0,340.0,-1.45,315.0,449.7,384.0
SHINE,3/19/2017,340.0,345.0,339.0,345.0,1.47,2673.0,449.7,384.0
SHINE,3/20/2017,345.0,359.0,340.0,359.0,4.06,542.0,449.7,384.0
SHINE,3/21/2017,359.0,375.0,365.0,375.0,4.46,800.0,449.7,384.0
SHINE,3/22/2017,375.0,406.0,380.0,406.0,8.27,1697.0,449.7,384.0
SHINE,3/23/2017,406.0,405.0,385.0,405.0,-0.25,4035.0,449.7,384.0
SHINE,3/26/2017,405.0,424.0,410.0,415.0,2.47,2521.0,449.7,384.0
SHINE,3/28/2017,415.0,439.0,410.0,439.0,5.78,4185.0,449.7,384.0
SHINE,3/29/2017,439.0,439.0,423.0,423.0,-3.64,2715.0,449.7,384.0
SHINE,3/30/2017,423.0,420.0,398.0,405.0,-4.26,1645.0,449.7,384.0
SHINE,4/3/2017,405.0,445.0,413.0,421.0,3.95,2778.0,449.7,384.0
SHINE,4/4/2017,421.0,425.0,399.0,415.0,-1.43,8492.0,449.7,384.0
SHINE,4/6/2017,415.0,410.0,408.0,408.0,-1.69,394.0,449.7,384.0
SHINE,4/9/2017,408.0,413.0,393.0,413.0,1.23,1889.0,449.7,384.0
SHINE,4/10/2017,413.0,421.0,405.0,418.0,1.21,4022.0,449.7,384.0
SHINE,4/11/2017,418.0,456.0,425.0,456.0,9.09,3626.0,449.7,384.0
SHINE,4/12/2017,456.0,480.0,460.0,460.0,0.88,4456.0,449.7,384.0
SHINE,4/13/2017,460.0,460.0,443.0,443.0,-3.7,2500.0,449.7,384.0
SHINE,4/16/2017,443.0,440.0,428.0,428.0,-3.39,2010.0,449.7,384.0
SHINE,4/18/2017,428.0,425.0,412.0,420.0,-1.87,2193.0,449.7,384.0
SHINE,4/19/2017,420.0,436.0,423.0,436.0,3.81,393.0,449.7,384.0
SHINE,4/20/2017,436.0,430.0,422.0,430.0,-1.38,1700.0,449.7,384.0
SHINE,4/23/2017,430.0,446.0,430.0,446.0,3.72,390.0,449.7,384.0
SHINE,4/24/2017,446.0,438.0,428.0,428.0,-4.04,720.0,449.7,384.0
SHINE,4/25/2017,428.0,436.0,422.0,430.0,0.47,4212.0,449.7,384.0
SHINE,4/26/2017,430.0,432.0,420.0,425.0,-1.16,1246.0,449.7,384.0
SHINE,4/27/2017,425.0,438.0,425.0,433.0,1.88,10491.0,449.7,384.0
SHINE,4/30/2017,433.0,469.0,425.0,469.0,8.31,9899.0,449.7,384.0
SHINE,5/2/2017,469.0,475.0,459.0,469.0,0.0,4820.0,449.7,384.0
SHINE,5/3/2017,469.0,487.0,466.0,475.0,1.28,5444.0,449.7,384.0
SHINE,5/4/2017,475.0,475.0,460.0,463.0,-2.53,3100.0,449.7,384.0
SHINE,5/7/2017,463.0,458.0,451.0,451.0,-2.59,7297.0,449.7,384.0
SHINE,5/8/2017,451.0,460.0,449.0,450.0,-0.22,2840.0,449.7,384.0
SHINE,5/9/2017,450.0,464.0,454.0,464.0,3.11,989.0,449.7,384.0
SHINE,5/11/2017,464.0,465.0,455.0,455.0,-1.94,150.0,449.7,384.0
SHINE,5/15/2017,455.0,460.0,451.0,455.0,0.0,1400.0,449.7,384.0
SHINE,5/16/2017,455.0,451.0,447.0,448.0,-1.54,4655.0,449.7,384.0
SHINE,5/17/2017,448.0,459.0,441.0,441.0,-1.56,1906.0,449.7,384.0
SHINE,5/18/2017,441.0,460.0,440.0,460.0,4.31,2359.0,449.7,384.0
SHINE,5/21/2017,460.0,460.0,451.0,460.0,0.0,3886.0,449.7,384.0
SHINE,5/22/2017,460.0,455.0,446.0,454.0,-1.3,8282.0,449.7,384.0
SHINE,5/23/2017,454.0,455.0,441.0,449.0,-1.1,5739.0,449.7,384.0
SHINE,5/24/2017,449.0,458.0,441.0,458.0,2.0,4029.0,449.7,384.0
SHINE,5/28/2017,458.0,455.0,439.0,445.0,-2.84,7014.0,449.7,384.0
SHINE,5/30/2017,445.0,445.0,430.0,435.0,-2.25,3709.0,449.7,384.0
SHINE,5/31/2017,435.0,451.0,425.0,447.0,2.76,2645.0,449.7,384.0
SHINE,6/1/2017,447.0,445.0,438.0,440.0,-1.57,450.0,449.7,384.0
SHINE,6/4/2017,440.0,439.0,423.0,430.0,-2.27,1827.0,449.7,384.0
SHINE,6/5/2017,430.0,438.0,432.0,437.0,1.63,993.0,449.7,384.0
SHINE,6/6/2017,437.0,449.0,441.0,445.0,1.83,2914.0,449.7,384.0
SHINE,6/7/2017,445.0,441.0,440.0,440.0,-1.12,407.0,449.7,384.0
SHINE,6/8/2017,440.0,437.0,435.0,436.0,-0.91,954.0,449.7,384.0
SHINE,6/11/2017,436.0,436.0,423.0,423.0,-2.98,1133.0,449.7,384.0
SHINE,6/12/2017,423.0,426.0,410.0,425.0,0.47,3052.0,449.7,384.0
SHINE,6/13/2017,425.0,425.0,417.0,424.0,-0.24,577.0,449.7,384.0
SHINE,6/14/2017,424.0,431.0,418.0,431.0,1.65,3274.0,449.7,384.0
SHINE,6/15/2017,431.0,442.0,422.0,422.0,-2.09,3786.0,449.7,384.0
SHINE,6/18/2017,422.0,430.0,422.0,430.0,1.9,1107.0,449.7,384.0
SHINE,6/19/2017,430.0,430.0,409.0,409.0,-4.88,1233.0,449.7,384.0
SHINE,6/20/2017,409.0,406.0,399.0,400.0,-2.2,4744.0,449.7,384.0
SHINE,6/21/2017,400.0,405.0,401.0,401.0,0.25,1292.0,449.7,384.0
SHINE,6/22/2017,401.0,415.0,402.0,412.0,2.74,1172.0,449.7,384.0
SHINE,6/25/2017,412.0,414.0,406.0,406.0,-1.46,1403.0,449.7,384.0
SHINE,6/27/2017,406.0,412.0,406.0,412.0,1.48,1396.0,449.7,384.0
SHINE,6/28/2017,412.0,420.0,407.0,408.0,-0.97,778.0,449.7,384.0
SHINE,7/2/2017,408.0,410.0,400.0,400.0,-1.96,3341.0,449.7,384.0
SHINE,7/3/2017,400.0,416.0,404.0,416.0,4.0,269.0,449.7,384.0
SHINE,7/4/2017,416.0,409.0,405.0,408.0,-1.92,1205.0,449.7,384.0
SHINE,7/5/2017,408.0,408.0,405.0,408.0,0.0,135.0,449.7,384.0
SHINE,7/6/2017,408.0,430.0,408.0,430.0,5.39,1113.0,449.7,384.0
SHINE,7/9/2017,430.0,432.0,417.0,417.0,-3.02,2806.0,449.7,384.0
SHINE,7/10/2017,417.0,420.0,409.0,420.0,0.72,551.0,449.7,384.0
SHINE,7/11/2017,420.0,418.0,418.0,418.0,-0.48,102.0,449.7,384.0
SHINE,7/12/2017,418.0,422.0,418.0,422.0,0.96,310.0,449.7,384.0
SHINE,7/13/2017,422.0,425.0,414.0,425.0,0.71,879.0,449.7,384.0
SHINE,7/16/2017,425.0,435.0,418.0,423.0,-0.47,2480.0,449.7,384.0
SHINE,7/17/2017,423.0,428.0,416.0,428.0,1.18,319.0,449.7,384.0
SHINE,7/18/2017,428.0,436.0,420.0,434.0,1.4,2229.0,449.7,384.0
SHINE,7/19/2017,434.0,443.0,430.0,438.0,0.92,1396.0,449.7,384.0
SHINE,7/20/2017,438.0,440.0,420.0,422.0,-3.65,1373.0,449.7,384.0
SHINE,7/23/2017,422.0,430.0,425.0,427.0,1.18,1564.0,449.7,384.0
SHINE,7/24/2017,427.0,427.0,412.0,415.0,-2.81,2188.0,449.7,384.0
SHINE,7/25/2017,415.0,429.0,423.0,429.0,3.37,1222.0,449.7,384.0
SHINE,7/26/2017,429.0,438.0,430.0,431.0,0.47,6434.0,449.7,384.0
SHINE,7/27/2017,431.0,438.0,430.0,432.0,0.23,2771.0,449.7,384.0
SHINE,7/30/2017,432.0,438.0,430.0,431.0,-0.23,2796.0,449.7,384.0
SHINE,7/31/2017,431.0,447.0,426.0,447.0,3.71,4161.0,449.7,384.0
SHINE,8/1/2017,447.0,452.0,440.0,448.0,0.22,6449.0,449.7,384.0
SHINE,8/2/2017,448.0,455.0,448.0,450.0,0.45,806.0,449.7,384.0
SHINE,8/3/2017,450.0,450.0,441.0,441.0,-2.0,642.0,449.7,384.0
SHINE,8/6/2017,441.0,445.0,433.0,437.0,-0.91,1404.0,449.7,384.0
SHINE,8/7/2017,437.0,450.0,430.0,450.0,2.97,6237.0,449.7,384.0
SHINE,8/9/2017,450.0,450.0,437.0,437.0,-2.89,7732.0,449.7,384.0
SHINE,8/10/2017,437.0,440.0,435.0,437.0,0.0,12046.0,449.7,384.0
SHINE,8/13/2017,437.0,440.0,428.0,428.0,-2.06,362.0,449.7,384.0
SHINE,8/15/2017,428.0,429.0,421.0,423.0,-1.17,13457.0,449.7,384.0
SHINE,8/16/2017,423.0,436.0,420.0,420.0,-0.71,1103.0,449.7,384.0
SHINE,8/17/2017,420.0,422.0,415.0,415.0,-1.19,12631.0,449.7,384.0
SHINE,8/20/2017,415.0,415.0,408.0,412.0,-0.72,10867.0,449.7,384.0
SHINE,8/21/2017,412.0,430.0,409.0,416.0,0.97,15263.0,449.7,384.0
SHINE,8/22/2017,416.0,432.0,413.0,424.0,1.92,2087.0,449.7,384.0
SHINE,8/23/2017,424.0,424.0,420.0,422.0,-0.47,1486.0,449.7,384.0
SHINE,8/24/2017,422.0,430.0,422.0,430.0,1.9,1601.0,449.7,384.0
SHINE,8/27/2017,430.0,428.0,422.0,423.0,-1.63,1280.0,449.7,384.0
SHINE,8/28/2017,423.0,423.0,414.0,415.0,-1.89,1385.0,449.7,384.0
SHINE,8/30/2017,415.0,423.0,410.0,417.0,0.48,2242.0,449.7,384.0
SHINE,8/31/2017,417.0,414.0,410.0,413.0,-0.96,311.0,449.7,384.0
SHINE,9/4/2017,413.0,415.0,405.0,410.0,-0.73,2631.0,449.7,384.0
SHINE,9/6/2017,410.0,408.0,400.0,400.0,-2.44,4702.0,449.7,384.0
SHINE,9/7/2017,400.0,405.0,388.0,388.0,-3.0,4697.0,449.7,384.0
SHINE,9/10/2017,388.0,396.0,382.0,389.0,0.26,3329.0,449.7,384.0
SHINE,9/11/2017,389.0,399.0,382.0,389.0,0.0,1974.0,449.7,384.0
SHINE,9/12/2017,389.0,402.0,382.0,387.0,-0.51,3299.0,449.7,384.0
SHINE,9/13/2017,387.0,394.0,380.0,380.0,-1.81,1950.0,449.7,384.0
SHINE,9/14/2017,380.0,395.0,380.0,395.0,3.95,1549.0,449.7,384.0
SHINE,9/17/2017,395.0,392.0,390.0,390.0,-1.27,509.0,449.7,384.0
SHINE,9/18/2017,390.0,402.0,390.0,395.0,1.28,1053.0,449.7,384.0
SHINE,9/20/2017,395.0,416.0,402.0,415.0,5.06,4139.0,449.7,384.0
SHINE,9/24/2017,415.0,419.0,415.0,416.0,0.24,1370.0,449.7,384.0
SHINE,9/25/2017,416.0,414.0,410.0,412.0,-0.96,626.0,449.7,384.0
SHINE,9/26/2017,412.0,420.0,414.0,419.0,1.7,13403.0,449.7,384.0
SHINE,10/4/2017,419.0,420.0,411.0,411.0,-1.91,2273.0,449.7,384.0
SHINE,10/8/2017,411.0,404.0,400.0,404.0,-1.7,952.0,449.7,384.0
SHINE,10/9/2017,404.0,410.0,402.0,406.0,0.5,1673.0,449.7,384.0
SHINE,10/10/2017,406.0,415.0,405.0,405.0,-0.25,1835.0,449.7,384.0
SHINE,10/11/2017,405.0,409.0,400.0,407.0,0.49,2236.0,449.7,384.0
SHINE,10/12/2017,407.0,410.0,406.0,410.0,0.74,2537.0,449.7,384.0
SHINE,10/15/2017,410.0,405.0,400.0,405.0,-1.22,633.0,449.7,384.0
SHINE,10/16/2017,405.0,417.0,405.0,417.0,2.96,1511.0,449.7,384.0
SHINE,10/17/2017,417.0,425.0,410.0,411.0,-1.44,2435.0,449.7,384.0
SHINE,10/18/2017,411.0,426.0,417.0,426.0,3.65,1814.0,449.7,384.0
SHINE,10/22/2017,426.0,430.0,422.0,423.0,-0.7,3160.0,449.7,384.0
SHINE,10/23/2017,423.0,435.0,425.0,427.0,0.95,5528.0,449.7,384.0
SHINE,10/24/2017,427.0,430.0,423.0,430.0,0.7,1173.0,449.7,384.0
SHINE,10/25/2017,430.0,425.0,420.0,420.0,-2.33,1616.0,449.7,384.0
SHINE,10/29/2017,420.0,415.0,405.0,407.0,-3.1,7810.0,449.7,384.0
SHINE,10/30/2017,407.0,409.0,404.0,409.0,0.49,4098.0,449.7,384.0
SHINE,10/31/2017,409.0,410.0,410.0,410.0,0.24,500.0,449.7,384.0
SHINE,11/1/2017,410.0,412.0,405.0,405.0,-1.22,4041.0,449.7,384.0
SHINE,11/2/2017,405.0,410.0,402.0,410.0,1.23,1631.0,449.7,384.0
SHINE,11/5/2017,410.0,405.0,400.0,401.0,-2.2,1370.0,449.7,384.0
SHINE,11/6/2017,401.0,402.0,395.0,395.0,-1.5,3601.0,449.7,384.0
SHINE,11/7/2017,395.0,402.0,397.0,397.0,0.51,1487.0,449.7,384.0
SHINE,11/8/2017,397.0,397.0,383.0,383.0,-3.53,1700.0,449.7,384.0
SHINE,11/9/2017,383.0,397.0,390.0,390.0,1.83,326.0,449.7,384.0
SHINE,11/12/2017,390.0,404.0,396.0,400.0,2.56,1771.0,449.7,384.0
SHINE,11/13/2017,400.0,407.0,390.0,390.0,-2.5,4808.0,449.7,384.0
SHINE,11/14/2017,390.0,406.0,392.0,395.0,1.28,645.0,449.7,384.0
SHINE,11/15/2017,395.0,402.0,400.0,401.0,1.52,119.0,449.7,384.0
SHINE,11/16/2017,401.0,395.0,393.0,395.0,-1.5,659.0,449.7,384.0
SHINE,11/19/2017,395.0,390.0,390.0,390.0,-1.27,200.0,449.7,384.0
SHINE,11/20/2017,390.0,390.0,385.0,385.0,-1.28,158.0,449.7,384.0
SHINE,11/21/2017,385.0,392.0,390.0,392.0,1.82,462.0,449.7,384.0
SHINE,11/22/2017,392.0,392.0,390.0,391.0,-0.26,1463.0,449.7,384.0
SHINE,11/23/2017,391.0,407.0,390.0,407.0,4.09,1759.0,449.7,384.0
SHINE,11/26/2017,407.0,431.0,411.0,431.0,5.9,5888.0,449.7,384.0
SHINE,11/27/2017,431.0,423.0,409.0,410.0,-4.87,10338.0,449.7,384.0
SHINE,11/28/2017,410.0,417.0,407.0,417.0,1.71,1913.0,449.7,384.0
SHINE,11/29/2017,417.0,423.0,410.0,410.0,-1.68,7018.0,449.7,384.0
SHINE,11/30/2017,410.0,410.0,406.0,410.0,0.0,1986.0,449.7,384.0
SHINE,12/4/2017,410.0,426.0,408.0,408.0,-0.49,573.0,449.7,384.0
SHINE,12/5/2017,408.0,413.0,406.0,406.0,-0.49,1492.0,449.7,384.0
SHINE,12/6/2017,406.0,414.0,410.0,412.0,1.48,1030.0,449.7,384.0
SHINE,12/10/2017,412.0,420.0,420.0,420.0,1.94,50.0,449.7,384.0
SHINE,12/11/2017,420.0,418.0,410.0,418.0,-0.48,2770.0,449.7,384.0
SHINE,12/12/2017,418.0,412.0,407.0,407.0,-2.63,1993.0,449.7,384.0
SHINE,12/13/2017,407.0,410.0,404.0,410.0,0.74,2599.0,449.7,384.0
SHINE,12/14/2017,410.0,413.0,401.0,413.0,0.73,3799.0,449.7,384.0
SHINE,12/17/2017,413.0,413.0,405.0,410.0,-0.73,2474.0,449.7,384.0
SHINE,12/18/2017,410.0,418.0,402.0,404.0,-1.46,686.0,449.7,384.0
SHINE,12/19/2017,404.0,420.0,410.0,412.0,1.98,591.0,449.7,384.0
SHINE,12/20/2017,412.0,404.0,401.0,404.0,-1.94,1820.0,449.7,384.0
SHINE,12/21/2017,404.0,401.0,395.0,400.0,-0.99,2854.0,449.7,384.0
SHINE,12/24/2017,400.0,400.0,391.0,391.0,-2.25,5533.0,449.7,384.0
SHINE,12/26/2017,313.0,307.0,296.0,301.0,-23.02,3271.0,449.7,384.0
SHINE,12/27/2017,301.0,303.0,290.0,298.0,-1.0,1388.0,449.7,384.0
SHINE,12/28/2017,298.0,303.0,296.0,299.0,0.34,1041.0,449.7,384.0
SHINE,12/31/2017,299.0,295.0,295.0,295.0,-1.34,50.0,449.7,384.0
SHINE,1/1/2018,295.0,309.0,295.0,309.0,4.75,1239.0,449.7,384.0
SHINE,1/2/2018,309.0,309.0,297.0,297.0,-3.88,579.0,449.7,384.0
SHINE,1/3/2018,297.0,302.0,295.0,302.0,1.68,580.0,449.7,384.0
SHINE,1/4/2018,302.0,301.0,296.0,299.0,-0.99,994.0,449.7,384.0
SHINE,1/7/2018,299.0,296.0,295.0,295.0,-1.34,2350.0,449.7,384.0
SHINE,1/8/2018,295.0,302.0,297.0,302.0,2.37,669.0,449.7,384.0
SHINE,1/9/2018,302.0,307.0,301.0,307.0,1.66,756.0,449.7,384.0
SHINE,1/10/2018,307.0,310.0,303.0,304.0,-0.98,2635.0,449.7,384.0
SHINE,1/14/2018,304.0,301.0,298.0,300.0,-1.32,495.0,449.7,384.0
SHINE,1/16/2018,300.0,303.0,292.0,292.0,-2.67,1032.0,449.7,384.0
SHINE,1/17/2018,292.0,294.0,294.0,294.0,0.68,380.0,449.7,384.0
SHINE,1/21/2018,294.0,300.0,295.0,296.0,0.68,1953.0,449.7,384.0
SHINE,1/22/2018,296.0,300.0,295.0,300.0,1.35,115.0,449.7,384.0
SHINE,1/23/2018,300.0,299.0,292.0,292.0,-2.67,658.0,449.7,384.0
SHINE,1/24/2018,292.0,295.0,286.0,290.0,-0.68,3058.0,449.7,384.0
SHINE,1/25/2018,290.0,306.0,289.0,290.0,0.0,1035.0,449.7,384.0
SHINE,1/28/2018,290.0,295.0,291.0,291.0,0.34,2427.0,449.7,384.0
SHINE,1/29/2018,291.0,295.0,291.0,291.0,0.0,118.0,449.7,384.0
SHINE,1/31/2018,291.0,291.0,291.0,291.0,0.0,374.0,449.7,384.0
SHINE,2/1/2018,291.0,291.0,291.0,291.0,0.0,149.0,449.7,384.0
SHINE,2/4/2018,291.0,296.0,294.0,295.0,1.37,1526.0,449.7,384.0
SHINE,2/5/2018,295.0,300.0,292.0,292.0,-1.02,3330.0,449.7,384.0
SHINE,2/6/2018,292.0,292.0,292.0,292.0,0.0,370.0,449.7,384.0
SHINE,2/7/2018,292.0,297.0,295.0,295.0,1.03,240.0,449.7,384.0
SHINE,2/8/2018,295.0,300.0,296.0,300.0,1.69,5744.0,449.7,384.0
SHINE,2/11/2018,300.0,300.0,294.0,294.0,-2.0,7697.0,449.7,384.0
SHINE,2/12/2018,294.0,299.0,291.0,299.0,1.7,3268.0,449.7,384.0
SHINE,2/14/2018,299.0,296.0,293.0,296.0,-1.0,1863.0,449.7,384.0
SHINE,2/15/2018,296.0,310.0,295.0,310.0,4.73,3305.0,449.7,384.0
SHINE,2/18/2018,310.0,316.0,299.0,300.0,-3.23,7881.0,449.7,384.0
SHINE,2/20/2018,296.0,296.0,290.0,291.0,-3.0,9040.0,449.7,384.0
SHINE,2/21/2018,292.0,296.0,290.0,290.0,-0.34,957.0,449.7,384.0
SHINE,2/22/2018,290.0,295.0,290.0,291.0,0.34,306.0,449.7,384.0
SHINE,2/25/2018,293.0,293.0,288.0,289.0,-0.69,3583.0,449.7,384.0
SHINE,2/26/2018,289.0,289.0,285.0,285.0,-1.38,708.0,449.7,384.0
SHINE,2/27/2018,282.0,290.0,282.0,290.0,1.75,374.0,449.7,384.0
SHINE,2/28/2018,285.0,290.0,285.0,287.0,-1.03,611.0,449.7,384.0
SHINE,3/4/2018,282.0,285.0,275.0,279.0,-2.79,1810.0,449.7,384.0
SHINE,3/5/2018,280.0,280.0,265.0,270.0,-3.23,2823.0,449.7,384.0
SHINE,3/6/2018,266.0,280.0,263.0,280.0,3.7,2642.0,449.7,384.0
SHINE,3/7/2018,285.0,290.0,282.0,290.0,3.57,3120.0,449.7,384.0
SHINE,3/11/2018,285.0,285.0,280.0,282.0,-2.76,1190.0,449.7,384.0
SHINE,3/12/2018,279.0,280.0,270.0,270.0,-4.26,4367.0,449.7,384.0
SHINE,3/13/2018,275.0,275.0,275.0,275.0,1.85,900.0,449.7,384.0
SHINE,3/14/2018,276.0,276.0,273.0,275.0,0.0,1185.0,449.7,384.0
SHINE,3/15/2018,275.0,275.0,275.0,275.0,0.0,200.0,449.7,384.0
SHINE,3/18/2018,274.0,274.0,271.0,272.0,-1.09,441.0,449.7,384.0
SHINE,3/19/2018,277.0,282.0,275.0,275.0,1.1,726.0,449.7,384.0
SHINE,3/20/2018,271.0,272.0,271.0,271.0,-1.45,325.0,449.7,384.0
SHINE,3/21/2018,270.0,271.0,270.0,270.0,-0.37,2469.0,449.7,384.0
SHINE,3/22/2018,270.0,275.0,265.0,265.0,-1.85,1784.0,449.7,384.0
SHINE,3/26/2018,260.0,260.0,250.0,259.0,-2.26,2966.0,449.7,384.0
SHINE,3/27/2018,258.0,259.0,258.0,259.0,0.0,250.0,449.7,384.0
SHINE,3/28/2018,264.0,270.0,264.0,265.0,2.32,1537.0,449.7,384.0
SHINE,3/29/2018,270.0,275.0,265.0,270.0,1.89,1770.0,449.7,384.0
SHINE,4/1/2018,269.0,270.0,265.0,268.0,-0.74,1525.0,449.7,384.0
SHINE,4/2/2018,265.0,265.0,260.0,260.0,-2.99,400.0,449.7,384.0
SHINE,4/3/2018,260.0,265.0,260.0,265.0,1.92,7018.0,449.7,384.0
SHINE,4/4/2018,270.0,270.0,265.0,270.0,1.89,1642.0,449.7,384.0
SHINE,4/5/2018,275.0,280.0,275.0,280.0,3.7,2905.0,449.7,384.0
SHINE,4/8/2018,275.0,285.0,275.0,285.0,1.79,11306.0,449.7,384.0
SHINE,4/9/2018,280.0,294.0,280.0,290.0,1.75,1681.0,449.7,384.0
SHINE,4/10/2018,285.0,285.0,275.0,275.0,-5.17,890.0,449.7,384.0
SHINE,4/11/2018,280.0,280.0,265.0,267.0,-2.91,1717.0,449.7,384.0
SHINE,4/12/2018,270.0,280.0,270.0,280.0,4.87,1363.0,449.7,384.0
SHINE,4/15/2018,275.0,275.0,270.0,272.0,-2.86,1005.0,449.7,384.0
SHINE,4/16/2018,273.0,279.0,269.0,274.0,0.74,478.0,449.7,384.0
SHINE,4/17/2018,279.0,284.0,279.0,284.0,3.65,360.0,449.7,384.0
SHINE,4/18/2018,284.0,312.0,281.0,312.0,9.86,9635.0,449.7,384.0
SHINE,4/19/2018,318.0,318.0,304.0,306.0,-1.92,12119.0,449.7,384.0
SHINE,4/22/2018,312.0,324.0,312.0,320.0,4.58,5400.0,449.7,384.0
SHINE,4/23/2018,326.0,326.0,308.0,315.0,-1.56,10070.0,449.7,384.0
SHINE,4/24/2018,311.0,315.0,305.0,310.0,-1.59,2101.0,449.7,384.0
SHINE,4/25/2018,307.0,313.0,307.0,310.0,0.0,2926.0,449.7,384.0
SHINE,4/26/2018,307.0,307.0,306.0,307.0,-0.97,4193.0,449.7,384.0
SHINE,4/29/2018,305.0,310.0,305.0,307.0,0.0,1606.0,449.7,384.0
SHINE,5/2/2018,307.0,307.0,302.0,302.0,-1.63,58.0,449.7,384.0
SHINE,5/3/2018,308.0,314.0,308.0,309.0,2.32,3128.0,449.7,384.0
SHINE,5/6/2018,309.0,309.0,306.0,306.0,-0.97,2003.0,449.7,384.0
SHINE,5/7/2018,301.0,304.0,301.0,302.0,-1.31,2209.0,449.7,384.0
SHINE,5/8/2018,305.0,315.0,305.0,309.0,2.32,378.0,449.7,384.0
SHINE,5/9/2018,305.0,305.0,303.0,303.0,-1.94,450.0,449.7,384.0
SHINE,5/10/2018,302.0,302.0,301.0,301.0,-0.66,294.0,449.7,384.0
SHINE,5/14/2018,298.0,298.0,298.0,298.0,-1.0,100.0,449.7,384.0
SHINE,5/16/2018,300.0,300.0,300.0,300.0,0.67,130.0,449.7,384.0
SHINE,5/17/2018,306.0,307.0,304.0,307.0,2.33,740.0,449.7,384.0
SHINE,5/20/2018,305.0,305.0,299.0,302.0,-1.63,3690.0,449.7,384.0
SHINE,5/21/2018,297.0,300.0,295.0,300.0,-0.66,685.0,449.7,384.0
SHINE,5/22/2018,295.0,295.0,295.0,295.0,-1.67,17.0,449.7,384.0
SHINE,5/23/2018,292.0,292.0,290.0,290.0,-1.69,907.0,449.7,384.0
SHINE,5/24/2018,292.0,292.0,292.0,292.0,0.69,100.0,449.7,384.0
SHINE,5/27/2018,292.0,292.0,290.0,290.0,-0.68,599.0,449.7,384.0
SHINE,5/28/2018,295.0,302.0,295.0,302.0,4.14,1077.0,449.7,384.0
SHINE,5/29/2018,297.0,305.0,296.0,300.0,-0.66,3562.0,449.7,384.0
SHINE,5/30/2018,300.0,300.0,296.0,297.0,-1.0,1075.0,449.7,384.0
SHINE,5/31/2018,297.0,297.0,296.0,296.0,-0.34,1304.0,449.7,384.0
SHINE,6/3/2018,301.0,301.0,293.0,293.0,-1.01,452.0,449.7,384.0
SHINE,6/4/2018,295.0,295.0,290.0,290.0,-1.02,410.0,449.7,384.0
SHINE,6/7/2018,288.0,290.0,288.0,290.0,0.0,1243.0,449.7,384.0
SHINE,6/10/2018,285.0,285.0,280.0,281.0,-3.1,492.0,449.7,384.0
SHINE,6/11/2018,278.0,283.0,276.0,276.0,-1.78,2733.0,449.7,384.0
SHINE,6/12/2018,281.0,281.0,275.0,277.0,0.36,2316.0,449.7,384.0
SHINE,6/13/2018,275.0,285.0,275.0,285.0,2.89,461.0,449.7,384.0
SHINE,6/14/2018,290.0,295.0,280.0,295.0,3.51,4695.0,449.7,384.0
SHINE,6/17/2018,295.0,295.0,295.0,295.0,0.0,57.0,449.7,384.0
SHINE,6/18/2018,290.0,290.0,285.0,285.0,-3.39,118.0,449.7,384.0
SHINE,6/19/2018,284.0,284.0,280.0,280.0,-1.75,414.0,449.7,384.0
SHINE,6/20/2018,280.0,280.0,270.0,270.0,-3.57,1016.0,449.7,384.0
SHINE,6/21/2018,270.0,275.0,270.0,271.0,0.37,1706.0,449.7,384.0
SHINE,6/24/2018,273.0,274.0,268.0,268.0,-1.11,2984.0,449.7,384.0
SHINE,6/25/2018,268.0,270.0,266.0,269.0,0.37,565.0,449.7,384.0
SHINE,6/26/2018,267.0,270.0,266.0,266.0,-1.12,563.0,449.7,384.0
SHINE,6/27/2018,270.0,270.0,270.0,270.0,1.5,301.0,449.7,384.0
SHINE,6/28/2018,270.0,275.0,268.0,275.0,1.85,482.0,449.7,384.0
SHINE,7/1/2018,275.0,275.0,270.0,270.0,-1.82,430.0,449.7,384.0
SHINE,7/2/2018,265.0,270.0,265.0,270.0,0.0,371.0,449.7,384.0
SHINE,7/3/2018,269.0,272.0,267.0,272.0,0.74,1402.0,449.7,384.0
SHINE,7/4/2018,269.0,275.0,269.0,275.0,1.1,315.0,449.7,384.0
SHINE,7/5/2018,270.0,280.0,270.0,280.0,1.82,5772.0,449.7,384.0
SHINE,7/8/2018,282.0,285.0,270.0,285.0,1.79,2045.0,449.7,384.0
SHINE,7/9/2018,280.0,280.0,266.0,266.0,-6.67,1958.0,449.7,384.0
SHINE,7/10/2018,264.0,278.0,264.0,275.0,3.38,819.0,449.7,384.0
SHINE,7/11/2018,275.0,280.0,275.0,280.0,1.82,75.0,449.7,384.0
SHINE,7/12/2018,279.0,280.0,275.0,275.0,-1.79,1213.0,449.7,384.0
SHINE,7/15/2018,277.0,277.0,270.0,270.0,-1.82,269.0,449.7,384.0
SHINE,7/16/2018,268.0,271.0,268.0,271.0,0.37,22.0,449.7,384.0
SHINE,7/17/2018,270.0,270.0,270.0,270.0,-0.37,82.0,449.7,384.0
SHINE,7/18/2018,272.0,272.0,270.0,272.0,0.74,123.0,449.7,384.0
SHINE,7/19/2018,268.0,270.0,265.0,269.0,-1.1,839.0,449.7,384.0
SHINE,7/22/2018,270.0,270.0,270.0,270.0,0.37,971.0,449.7,384.0
SHINE,7/23/2018,267.0,276.0,267.0,276.0,2.22,643.0,449.7,384.0
SHINE,7/24/2018,272.0,280.0,272.0,272.0,-1.45,2218.0,449.7,384.0
SHINE,7/25/2018,270.0,280.0,270.0,278.0,2.21,2716.0,449.7,384.0
SHINE,7/26/2018,273.0,275.0,273.0,275.0,-1.08,511.0,449.7,384.0
SHINE,7/29/2018,280.0,280.0,275.0,275.0,0.0,314.0,449.7,384.0
SHINE,7/30/2018,275.0,279.0,275.0,279.0,1.45,219.0,449.7,384.0
SHINE,7/31/2018,280.0,280.0,275.0,280.0,0.36,1295.0,449.7,384.0
SHINE,8/1/2018,275.0,280.0,275.0,275.0,-1.79,1204.0,449.7,384.0
SHINE,8/2/2018,279.0,280.0,272.0,273.0,-0.73,2252.0,449.7,384.0
SHINE,8/5/2018,273.0,277.0,273.0,275.0,0.73,2632.0,449.7,384.0
SHINE,8/6/2018,276.0,276.0,274.0,274.0,-0.36,700.0,449.7,384.0
SHINE,8/7/2018,274.0,274.0,270.0,270.0,-1.46,1402.0,449.7,384.0
SHINE,8/8/2018,270.0,271.0,268.0,268.0,-0.74,4064.0,449.7,384.0
SHINE,8/9/2018,264.0,270.0,264.0,269.0,0.37,1762.0,449.7,384.0
SHINE,8/12/2018,273.0,273.0,266.0,266.0,-1.12,680.0,449.7,384.0
SHINE,8/13/2018,270.0,270.0,268.0,270.0,1.5,767.0,449.7,384.0
SHINE,8/14/2018,275.0,275.0,270.0,275.0,1.85,3547.0,449.7,384.0
SHINE,8/15/2018,280.0,285.0,275.0,285.0,3.64,11293.0,449.7,384.0
SHINE,8/16/2018,284.0,285.0,280.0,285.0,0.0,1538.0,449.7,384.0
SHINE,8/19/2018,280.0,280.0,272.0,272.0,-4.56,3800.0,449.7,384.0
SHINE,8/20/2018,276.0,276.0,272.0,272.0,0.0,1448.0,449.7,384.0
SHINE,8/21/2018,270.0,270.0,270.0,270.0,-0.74,1000.0,449.7,384.0
SHINE,8/22/2018,271.0,276.0,270.0,275.0,1.85,542.0,449.7,384.0
SHINE,8/23/2018,275.0,275.0,275.0,275.0,0.0,44.0,449.7,384.0
SHINE,8/26/2018,271.0,275.0,270.0,270.0,-1.82,2200.0,449.7,384.0
SHINE,8/28/2018,268.0,270.0,268.0,270.0,0.0,204.0,449.7,384.0
SHINE,8/29/2018,266.0,270.0,266.0,270.0,0.0,600.0,449.7,384.0
SHINE,8/30/2018,275.0,285.0,275.0,281.0,4.07,9496.0,449.7,384.0
SHINE,9/2/2018,286.0,288.0,280.0,280.0,-0.36,2813.0,449.7,384.0
SHINE,9/3/2018,285.0,295.0,284.0,289.0,3.21,4504.0,449.7,384.0
SHINE,9/4/2018,290.0,290.0,285.0,285.0,-1.38,1733.0,449.7,384.0
SHINE,9/5/2018,285.0,289.0,285.0,289.0,1.4,4479.0,449.7,384.0
SHINE,9/6/2018,289.0,290.0,284.0,285.0,-1.38,18354.0,449.7,384.0
SHINE,9/9/2018,287.0,287.0,285.0,285.0,0.0,5741.0,449.7,384.0
SHINE,9/10/2018,285.0,285.0,280.0,280.0,-1.75,8858.0,449.7,384.0
SHINE,9/11/2018,285.0,285.0,277.0,279.0,-0.36,8657.0,449.7,384.0
SHINE,9/12/2018,275.0,285.0,275.0,285.0,2.15,11514.0,449.7,384.0
SHINE,9/13/2018,283.0,293.0,283.0,286.0,0.35,9466.0,449.7,384.0
SHINE,9/16/2018,283.0,293.0,283.0,293.0,2.45,5799.0,449.7,384.0
SHINE,9/17/2018,291.0,292.0,289.0,292.0,-0.34,4688.0,449.7,384.0
SHINE,9/18/2018,291.0,291.0,290.0,291.0,-0.34,1131.0,449.7,384.0
SHINE,9/20/2018,288.0,293.0,288.0,293.0,0.69,1178.0,449.7,384.0
SHINE,9/23/2018,294.0,294.0,289.0,290.0,-1.02,2597.0,449.7,384.0
SHINE,9/25/2018,295.0,308.0,292.0,308.0,6.21,3698.0,449.7,384.0
SHINE,9/26/2018,310.0,310.0,301.0,301.0,-2.27,3022.0,449.7,384.0
SHINE,9/27/2018,305.0,305.0,298.0,300.0,-0.33,2280.0,449.7,384.0
SHINE,9/30/2018,300.0,300.0,295.0,297.0,-1.0,5991.0,449.7,384.0
SHINE,10/1/2018,294.0,298.0,286.0,290.0,-2.36,9744.0,449.7,384.0
SHINE,10/2/2018,244.0,244.0,234.0,235.0,-18.97,1635.0,449.7,384.0
SHINE,10/3/2018,233.0,240.0,233.0,237.0,0.85,561.0,449.7,384.0
SHINE,10/4/2018,234.0,244.0,234.0,236.0,-0.42,1842.0,449.7,384.0
SHINE,10/7/2018,232.0,232.0,230.0,230.0,-2.54,619.0,449.7,384.0
SHINE,10/8/2018,234.0,234.0,232.0,232.0,0.87,832.0,449.7,384.0
SHINE,10/9/2018,230.0,232.0,230.0,232.0,0.0,1527.0,449.7,384.0
SHINE,10/10/2018,231.0,231.0,231.0,231.0,-0.43,143.0,449.7,384.0
SHINE,10/14/2018,235.0,235.0,235.0,235.0,1.73,293.0,449.7,384.0
SHINE,10/21/2018,232.0,232.0,232.0,232.0,-1.28,10.0,449.7,384.0
SHINE,10/22/2018,230.0,232.0,230.0,232.0,0.0,450.0,449.7,384.0
SHINE,10/23/2018,232.0,233.0,232.0,233.0,0.43,258.0,449.7,384.0
SHINE,10/24/2018,233.0,235.0,233.0,235.0,0.86,1435.0,449.7,384.0
SHINE,10/25/2018,232.0,232.0,232.0,232.0,-1.28,63.0,449.7,384.0
SHINE,10/28/2018,232.0,232.0,229.0,229.0,-1.29,650.0,449.7,384.0
SHINE,10/29/2018,225.0,228.0,221.0,221.0,-3.49,1308.0,449.7,384.0
SHINE,10/30/2018,225.0,229.0,225.0,229.0,3.62,613.0,449.7,384.0
SHINE,10/31/2018,229.0,233.0,228.0,229.0,0.0,5788.0,449.7,384.0
SHINE,11/1/2018,229.0,233.0,229.0,229.0,0.0,626.0,449.7,384.0
SHINE,11/4/2018,233.0,236.0,232.0,236.0,3.06,2229.0,449.7,384.0
SHINE,11/5/2018,240.0,243.0,239.0,239.0,1.27,580.0,449.7,384.0
SHINE,11/11/2018,239.0,239.0,236.0,236.0,-1.26,1000.0,449.7,384.0
SHINE,11/12/2018,235.0,236.0,234.0,234.0,-0.85,240.0,449.7,384.0
SHINE,11/13/2018,238.0,242.0,234.0,239.0,2.14,3471.0,449.7,384.0
SHINE,11/14/2018,239.0,247.0,237.0,245.0,2.51,4645.0,449.7,384.0
SHINE,11/15/2018,243.0,246.0,243.0,246.0,0.41,197.0,449.7,384.0
SHINE,11/18/2018,243.0,244.0,242.0,244.0,-0.81,3748.0,449.7,384.0
SHINE,11/19/2018,240.0,244.0,240.0,242.0,-0.82,4707.0,449.7,384.0
SHINE,11/20/2018,246.0,246.0,238.0,238.0,-1.65,696.0,449.7,384.0
SHINE,11/21/2018,242.0,252.0,240.0,247.0,3.78,359.0,449.7,384.0
SHINE,11/22/2018,249.0,249.0,244.0,244.0,-1.21,700.0,449.7,384.0
SHINE,11/25/2018,240.0,240.0,240.0,240.0,-1.64,350.0,449.7,384.0
SHINE,11/26/2018,239.0,239.0,238.0,238.0,-0.83,1218.0,449.7,384.0
SHINE,11/27/2018,235.0,235.0,232.0,232.0,-2.52,3140.0,449.7,384.0
SHINE,11/28/2018,231.0,231.0,230.0,230.0,-0.86,392.0,449.7,384.0
SHINE,11/29/2018,226.0,234.0,226.0,234.0,1.74,218.0,449.7,384.0
SHINE,12/2/2018,237.0,237.0,233.0,234.0,0.0,922.0,449.7,384.0
SHINE,12/3/2018,234.0,234.0,231.0,231.0,-1.28,4923.0,449.7,384.0
SHINE,12/4/2018,232.0,236.0,232.0,235.0,1.73,2230.0,449.7,384.0
SHINE,12/5/2018,233.0,235.0,232.0,235.0,0.0,547.0,449.7,384.0
SHINE,12/6/2018,233.0,233.0,232.0,232.0,-1.28,1150.0,449.7,384.0
SHINE,12/9/2018,230.0,236.0,230.0,236.0,1.72,1449.0,449.7,384.0
SHINE,12/10/2018,237.0,237.0,237.0,237.0,0.42,100.0,449.7,384.0
SHINE,12/11/2018,238.0,238.0,235.0,235.0,-0.84,1114.0,449.7,384.0
SHINE,12/12/2018,235.0,245.0,235.0,245.0,4.26,1771.0,449.7,384.0
SHINE,12/13/2018,244.0,244.0,240.0,242.0,-1.22,180.0,449.7,384.0
SHINE,12/16/2018,240.0,246.0,237.0,237.0,-2.07,789.0,449.7,384.0
SHINE,12/17/2018,233.0,233.0,233.0,233.0,-1.69,135.0,449.7,384.0
SHINE,12/19/2018,236.0,236.0,236.0,236.0,1.29,33.0,449.7,384.0
SHINE,12/20/2018,237.0,241.0,237.0,237.0,0.42,2837.0,449.7,384.0
SHINE,12/23/2018,241.0,245.0,238.0,245.0,3.38,3286.0,449.7,384.0
SHINE,12/24/2018,249.0,250.0,246.0,248.0,1.22,3037.0,449.7,384.0
SHINE,12/25/2018,246.0,249.0,246.0,247.0,-0.4,5181.0,449.7,384.0
SHINE,12/26/2018,247.0,252.0,247.0,250.0,1.21,2548.0,449.7,384.0
SHINE,12/27/2018,254.0,259.0,251.0,256.0,2.4,2915.0,449.7,384.0
SHINE,12/30/2018,256.0,256.0,253.0,256.0,0.0,1600.0,449.7,384.0
SHINE,12/31/2018,255.0,255.0,252.0,252.0,-1.56,1025.0,449.7,384.0
SHINE,1/1/2019,249.0,251.0,249.0,251.0,-0.4,736.0,449.7,384.0
SHINE,1/2/2019,251.0,251.0,251.0,251.0,0.0,200.0,449.7,384.0
SHINE,1/3/2019,247.0,247.0,240.0,240.0,-4.38,2220.0,449.7,384.0
SHINE,1/6/2019,236.0,238.0,233.0,235.0,-2.08,6181.0,449.7,384.0
SHINE,1/7/2019,239.0,243.0,239.0,241.0,2.55,538.0,449.7,384.0
SHINE,1/8/2019,245.0,249.0,245.0,249.0,3.32,1495.0,449.7,384.0
SHINE,1/9/2019,253.0,253.0,245.0,250.0,0.4,1215.0,449.7,384.0
SHINE,1/10/2019,245.0,245.0,242.0,243.0,-2.8,810.0,449.7,384.0
SHINE,1/13/2019,239.0,240.0,236.0,236.0,-2.88,1473.0,449.7,384.0
SHINE,1/14/2019,240.0,242.0,239.0,239.0,1.27,706.0,449.7,384.0
SHINE,1/15/2019,243.0,245.0,243.0,245.0,2.51,2876.0,449.7,384.0
SHINE,1/16/2019,245.0,249.0,245.0,249.0,1.63,115.0,449.7,384.0
SHINE,1/17/2019,250.0,250.0,245.0,250.0,0.4,1401.0,449.7,384.0
SHINE,1/20/2019,250.0,250.0,245.0,245.0,-2.0,200.0,449.7,384.0
SHINE,1/21/2019,242.0,249.0,241.0,249.0,1.63,486.0,449.7,384.0
SHINE,1/24/2019,246.0,253.0,246.0,246.0,-1.2,3482.0,449.7,384.0
SHINE,1/27/2019,247.0,250.0,246.0,247.0,0.41,1638.0,449.7,384.0
SHINE,1/28/2019,248.0,250.0,247.0,250.0,1.21,778.0,449.7,384.0
SHINE,1/29/2019,250.0,250.0,245.0,245.0,-2.0,1652.0,449.7,384.0
SHINE,1/30/2019,243.0,243.0,243.0,243.0,-0.82,112.0,449.7,384.0
SHINE,1/31/2019,247.0,247.0,247.0,247.0,1.65,10.0,449.7,384.0
SHINE,2/3/2019,247.0,247.0,245.0,245.0,-0.81,1620.0,449.7,384.0
SHINE,2/4/2019,241.0,241.0,241.0,241.0,-1.63,550.0,449.7,384.0
SHINE,2/5/2019,245.0,249.0,243.0,249.0,3.32,769.0,449.7,384.0
SHINE,2/6/2019,249.0,250.0,248.0,248.0,-0.4,1946.0,449.7,384.0
SHINE,2/7/2019,247.0,248.0,245.0,245.0,-1.21,700.0,449.7,384.0
SHINE,2/10/2019,243.0,243.0,237.0,237.0,-3.27,2100.0,449.7,384.0
SHINE,2/11/2019,236.0,244.0,236.0,244.0,2.95,632.0,449.7,384.0
SHINE,2/12/2019,244.0,246.0,244.0,246.0,0.82,1027.0,449.7,384.0
SHINE,2/13/2019,246.0,246.0,242.0,242.0,-1.63,126.0,449.7,384.0
SHINE,2/14/2019,240.0,241.0,236.0,238.0,-1.65,1267.0,449.7,384.0
SHINE,2/17/2019,241.0,243.0,241.0,243.0,2.1,499.0,449.7,384.0
SHINE,2/18/2019,240.0,240.0,228.0,235.0,-3.29,2906.0,449.7,384.0
SHINE,2/19/2019,237.0,239.0,237.0,239.0,1.7,548.0,449.7,384.0
SHINE,2/20/2019,241.0,241.0,237.0,237.0,-0.84,432.0,449.7,384.0
SHINE,2/21/2019,237.0,237.0,237.0,237.0,0.0,542.0,449.7,384.0
SHINE,2/24/2019,238.0,242.0,235.0,242.0,2.11,3447.0,449.7,384.0
SHINE,2/25/2019,238.0,246.0,238.0,246.0,1.65,2502.0,449.7,384.0
SHINE,2/26/2019,243.0,243.0,238.0,242.0,-1.63,1379.0,449.7,384.0
SHINE,2/27/2019,238.0,243.0,238.0,243.0,0.41,596.0,449.7,384.0
SHINE,3/3/2019,239.0,239.0,236.0,239.0,-1.65,1205.0,449.7,384.0
SHINE,3/5/2019,235.0,240.0,235.0,239.0,0.0,10325.0,449.7,384.0
SHINE,3/6/2019,243.0,246.0,238.0,240.0,0.42,961.0,449.7,384.0
SHINE,3/7/2019,239.0,241.0,236.0,240.0,0.0,5384.0,449.7,384.0
SHINE,3/10/2019,244.0,244.0,236.0,240.0,0.0,1020.0,449.7,384.0
SHINE,3/11/2019,239.0,241.0,236.0,239.0,-0.42,3616.0,449.7,384.0
SHINE,3/12/2019,240.0,241.0,239.0,239.0,0.0,2130.0,449.7,384.0
SHINE,3/13/2019,237.0,240.0,237.0,239.0,0.0,480.0,449.7,384.0
SHINE,3/17/2019,238.0,240.0,238.0,238.0,-0.42,3852.0,449.7,384.0
SHINE,3/18/2019,238.0,240.0,238.0,238.0,0.0,61827.0,449.7,384.0
SHINE,3/19/2019,234.0,234.0,231.0,231.0,-2.94,706.0,449.7,384.0
SHINE,3/21/2019,235.0,238.0,230.0,237.0,2.6,24895.0,449.7,384.0
SHINE,3/24/2019,235.0,235.0,233.0,233.0,-1.69,1198.0,449.7,384.0
SHINE,3/25/2019,233.0,235.0,232.0,232.0,-0.43,1418.0,449.7,384.0
SHINE,3/26/2019,231.0,235.0,231.0,232.0,0.0,951.0,449.7,384.0
SHINE,3/27/2019,235.0,235.0,235.0,235.0,1.29,249.0,449.7,384.0
SHINE,3/28/2019,231.0,234.0,231.0,234.0,-0.43,61.0,449.7,384.0
SHINE,3/31/2019,232.0,233.0,231.0,232.0,-0.85,1148.0,449.7,384.0
SHINE,4/1/2019,232.0,233.0,230.0,230.0,-0.86,5127.0,449.7,384.0
SHINE,4/2/2019,230.0,234.0,230.0,230.0,0.0,6500.0,449.7,384.0
SHINE,4/3/2019,234.0,238.0,234.0,236.0,2.61,1568.0,449.7,384.0
SHINE,4/4/2019,232.0,235.0,229.0,233.0,-1.27,14004.0,449.7,384.0
SHINE,4/7/2019,233.0,234.0,229.0,233.0,0.0,6516.0,449.7,384.0
SHINE,4/8/2019,233.0,240.0,232.0,236.0,1.29,12708.0,449.7,384.0
SHINE,4/9/2019,235.0,236.0,232.0,233.0,-1.27,2049.0,449.7,384.0
SHINE,4/10/2019,234.0,234.0,228.0,229.0,-1.72,2238.0,449.7,384.0
SHINE,4/11/2019,233.0,237.0,231.0,235.0,2.62,1768.0,449.7,384.0
SHINE,4/15/2019,232.0,232.0,230.0,232.0,-1.28,1700.0,449.7,384.0
SHINE,4/16/2019,231.0,240.0,230.0,240.0,3.45,6310.0,449.7,384.0
SHINE,4/17/2019,240.0,242.0,233.0,233.0,-2.92,8852.0,449.7,384.0
SHINE,4/18/2019,234.0,239.0,232.0,232.0,-0.43,3524.0,449.7,384.0
SHINE,4/21/2019,235.0,240.0,230.0,231.0,-0.43,13614.0,449.7,384.0
SHINE,4/22/2019,231.0,236.0,231.0,233.0,0.87,18507.0,449.7,384.0
SHINE,4/23/2019,235.0,235.0,231.0,232.0,-0.43,4661.0,449.7,384.0
SHINE,4/24/2019,235.0,245.0,234.0,240.0,3.45,20237.0,449.7,384.0
SHINE,4/25/2019,244.0,256.0,240.0,256.0,6.67,23497.0,449.7,384.0
SHINE,4/28/2019,258.0,263.0,250.0,252.0,-1.56,16243.0,449.7,384.0
SHINE,4/29/2019,250.0,255.0,247.0,251.0,-0.4,9690.0,449.7,384.0
SHINE,4/30/2019,256.0,257.0,252.0,254.0,1.2,9988.0,449.7,384.0
SHINE,5/2/2019,253.0,253.0,249.0,250.0,-1.57,1981.0,449.7,384.0
SHINE,5/5/2019,246.0,253.0,246.0,250.0,0.0,3838.0,449.7,384.0
SHINE,5/6/2019,251.0,252.0,247.0,251.0,0.4,1720.0,449.7,384.0
SHINE,5/7/2019,252.0,254.0,251.0,251.0,0.0,4137.0,449.7,384.0
SHINE,5/8/2019,251.0,254.0,250.0,250.0,-0.4,2213.0,449.7,384.0
SHINE,5/9/2019,250.0,250.0,249.0,249.0,-0.4,3266.0,449.7,384.0
SHINE,5/12/2019,250.0,250.0,246.0,250.0,0.4,2194.0,449.7,384.0
SHINE,5/13/2019,246.0,256.0,245.0,256.0,2.4,7730.0,449.7,384.0
SHINE,5/14/2019,253.0,256.0,251.0,253.0,-1.17,11752.0,449.7,384.0
SHINE,5/15/2019,252.0,260.0,249.0,260.0,2.77,9613.0,449.7,384.0
SHINE,5/16/2019,265.0,267.0,260.0,261.0,0.38,9515.0,449.7,384.0
SHINE,5/19/2019,274.0,274.0,256.0,260.0,-0.38,18094.0,449.7,384.0
SHINE,5/20/2019,264.0,264.0,256.0,260.0,0.0,2930.0,449.7,384.0
SHINE,5/21/2019,265.0,265.0,259.0,259.0,-0.38,3100.0,449.7,384.0
SHINE,5/22/2019,259.0,260.0,259.0,260.0,0.39,1165.0,449.7,384.0
SHINE,5/23/2019,263.0,265.0,255.0,265.0,1.92,8065.0,449.7,384.0
SHINE,5/26/2019,260.0,262.0,257.0,260.0,-1.89,2682.0,449.7,384.0
SHINE,5/27/2019,265.0,265.0,256.0,257.0,-1.15,1782.0,449.7,384.0
SHINE,5/28/2019,253.0,258.0,253.0,256.0,-0.39,4909.0,449.7,384.0
SHINE,5/29/2019,257.0,258.0,257.0,258.0,0.78,1516.0,449.7,384.0
SHINE,5/30/2019,246.0,265.0,246.0,257.0,-0.39,3890.0,449.7,384.0
SHINE,6/2/2019,255.0,257.0,255.0,255.0,-0.78,426.0,449.7,384.0
SHINE,6/3/2019,257.0,257.0,252.0,255.0,0.0,2461.0,449.7,384.0
SHINE,6/4/2019,252.0,259.0,252.0,259.0,1.57,1935.0,449.7,384.0
SHINE,6/6/2019,254.0,255.0,254.0,255.0,-1.54,188.0,449.7,384.0
SHINE,6/10/2019,255.0,260.0,255.0,255.0,0.0,2841.0,449.7,384.0
SHINE,6/11/2019,256.0,260.0,255.0,255.0,0.0,4016.0,449.7,384.0
SHINE,6/12/2019,254.0,255.0,253.0,255.0,0.0,1729.0,449.7,384.0
SHINE,6/13/2019,252.0,260.0,250.0,260.0,1.96,4927.0,449.7,384.0
SHINE,6/16/2019,255.0,255.0,250.0,255.0,-1.92,4043.0,449.7,384.0
SHINE,6/17/2019,250.0,252.0,248.0,248.0,-2.75,1157.0,449.7,384.0
SHINE,6/18/2019,247.0,253.0,247.0,253.0,2.02,3740.0,449.7,384.0
SHINE,6/19/2019,250.0,252.0,249.0,249.0,-1.58,1063.0,449.7,384.0
SHINE,6/20/2019,247.0,261.0,247.0,261.0,4.82,1868.0,449.7,384.0
SHINE,6/23/2019,256.0,256.0,253.0,253.0,-3.07,3596.0,449.7,384.0
SHINE,6/24/2019,252.0,255.0,251.0,252.0,-0.4,7379.0,449.7,384.0
SHINE,6/25/2019,250.0,256.0,250.0,255.0,1.19,6658.0,449.7,384.0
SHINE,6/26/2019,255.0,255.0,252.0,254.0,-0.39,4858.0,449.7,384.0
SHINE,6/27/2019,252.0,259.0,252.0,259.0,1.97,5548.0,449.7,384.0
SHINE,6/30/2019,258.0,258.0,251.0,251.0,-3.09,1106.0,449.7,384.0
SHINE,7/1/2019,249.0,251.0,248.0,248.0,-1.2,423.0,449.7,384.0
SHINE,7/2/2019,251.0,255.0,251.0,253.0,2.02,3263.0,449.7,384.0
SHINE,7/3/2019,255.0,256.0,253.0,255.0,0.79,9853.0,449.7,384.0
SHINE,7/4/2019,255.0,256.0,253.0,254.0,-0.39,8887.0,449.7,384.0
SHINE,7/7/2019,250.0,254.0,250.0,254.0,0.0,3066.0,449.7,384.0
SHINE,7/8/2019,250.0,252.0,249.0,252.0,-0.79,2000.0,449.7,384.0
SHINE,7/9/2019,250.0,253.0,248.0,253.0,0.4,907.0,449.7,384.0
SHINE,7/10/2019,253.0,253.0,250.0,251.0,-0.79,436.0,449.7,384.0
SHINE,7/11/2019,251.0,252.0,249.0,251.0,0.0,12160.0,449.7,384.0
SHINE,7/14/2019,252.0,253.0,249.0,249.0,-0.8,7315.0,449.7,384.0
SHINE,7/15/2019,247.0,252.0,247.0,252.0,1.2,3431.0,449.7,384.0
SHINE,7/16/2019,264.0,264.0,252.0,252.0,0.0,331.0,449.7,384.0
SHINE,7/17/2019,252.0,252.0,249.0,249.0,-1.19,2904.0,449.7,384.0
SHINE,7/18/2019,249.0,253.0,249.0,252.0,1.2,6321.0,449.7,384.0
SHINE,7/21/2019,251.0,251.0,247.0,247.0,-1.98,938.0,449.7,384.0
SHINE,7/22/2019,251.0,252.0,250.0,250.0,1.21,908.0,449.7,384.0
SHINE,7/23/2019,253.0,253.0,253.0,253.0,1.2,195.0,449.7,384.0
SHINE,7/24/2019,258.0,258.0,256.0,256.0,1.19,910.0,449.7,384.0
SHINE,7/25/2019,251.0,251.0,249.0,251.0,-1.95,2279.0,449.7,384.0
SHINE,7/28/2019,253.0,253.0,248.0,248.0,-1.2,1158.0,449.7,384.0
SHINE,7/29/2019,252.0,252.0,250.0,251.0,1.21,310.0,449.7,384.0
SHINE,7/30/2019,251.0,253.0,250.0,251.0,0.0,1627.0,449.7,384.0
SHINE,7/31/2019,253.0,253.0,253.0,253.0,0.8,200.0,449.7,384.0
SHINE,8/4/2019,253.0,255.0,253.0,254.0,0.4,2307.0,449.7,384.0
SHINE,8/5/2019,254.0,254.0,254.0,254.0,0.0,10.0,449.7,384.0
SHINE,8/6/2019,250.0,256.0,250.0,254.0,0.0,14068.0,449.7,384.0
SHINE,8/7/2019,250.0,255.0,250.0,254.0,0.0,6496.0,449.7,384.0
SHINE,8/8/2019,253.0,254.0,253.0,254.0,0.0,2917.0,449.7,384.0
SHINE,8/11/2019,254.0,256.0,254.0,254.0,0.0,4579.0,449.7,384.0
SHINE,8/12/2019,255.0,255.0,253.0,255.0,0.39,9098.0,449.7,384.0
SHINE,8/13/2019,254.0,254.0,252.0,252.0,-1.18,150.0,449.7,384.0
SHINE,8/14/2019,249.0,253.0,249.0,253.0,0.4,236.0,449.7,384.0
SHINE,8/15/2019,255.0,255.0,254.0,254.0,0.4,133.0,449.7,384.0
SHINE,8/18/2019,255.0,255.0,250.0,251.0,-1.18,1015.0,449.7,384.0
SHINE,8/19/2019,250.0,253.0,250.0,252.0,0.4,2122.0,449.7,384.0
SHINE,8/20/2019,250.0,250.0,245.0,245.0,-2.78,201.0,449.7,384.0
SHINE,8/21/2019,245.0,249.0,245.0,247.0,0.82,486.0,449.7,384.0
SHINE,8/22/2019,251.0,251.0,248.0,248.0,0.4,2499.0,449.7,384.0
SHINE,8/25/2019,247.0,250.0,245.0,245.0,-1.21,1418.0,449.7,384.0
SHINE,8/26/2019,245.0,245.0,242.0,242.0,-1.22,4509.0,449.7,384.0
SHINE,8/27/2019,246.0,246.0,245.0,245.0,1.24,250.0,449.7,384.0
SHINE,8/28/2019,245.0,245.0,243.0,243.0,-0.82,800.0,449.7,384.0
SHINE,8/29/2019,245.0,249.0,245.0,247.0,1.65,2754.0,449.7,384.0
SHINE,9/1/2019,246.0,246.0,246.0,246.0,-0.4,300.0,449.7,384.0
SHINE,9/2/2019,242.0,247.0,242.0,246.0,0.0,2030.0,449.7,384.0
SHINE,9/3/2019,246.0,255.0,246.0,255.0,3.66,481.0,449.7,384.0
SHINE,9/4/2019,256.0,257.0,254.0,257.0,0.78,18764.0,449.7,384.0
SHINE,9/5/2019,255.0,256.0,255.0,255.0,-0.78,5983.0,449.7,384.0
SHINE,9/8/2019,252.0,255.0,250.0,251.0,-1.57,1642.0,449.7,384.0
SHINE,9/9/2019,250.0,252.0,250.0,252.0,0.4,1578.0,449.7,384.0
SHINE,9/10/2019,252.0,253.0,252.0,253.0,0.4,4778.0,449.7,384.0
SHINE,9/11/2019,253.0,253.0,253.0,253.0,0.0,101.0,449.7,384.0
SHINE,9/12/2019,253.0,253.0,251.0,252.0,-0.4,5118.0,449.7,384.0
SHINE,9/15/2019,251.0,253.0,249.0,249.0,-1.19,10588.0,449.7,384.0
SHINE,9/17/2019,251.0,258.0,251.0,258.0,3.61,1237.0,449.7,384.0
SHINE,9/18/2019,258.0,258.0,253.0,253.0,-1.94,840.0,449.7,384.0
SHINE,9/19/2019,255.0,255.0,252.0,252.0,-0.4,182.0,449.7,384.0
SHINE,9/22/2019,248.0,248.0,245.0,245.0,-2.78,1322.0,449.7,384.0
SHINE,9/23/2019,245.0,253.0,243.0,253.0,3.27,1144.0,449.7,384.0
SHINE,9/24/2019,248.0,250.0,246.0,246.0,-2.77,341.0,449.7,384.0
SHINE,9/25/2019,245.0,246.0,245.0,246.0,0.0,228.0,449.7,384.0
SHINE,9/26/2019,246.0,246.0,246.0,246.0,0.0,69.0,449.7,384.0
SHINE,9/29/2019,246.0,246.0,245.0,246.0,0.0,1245.0,449.7,384.0
SHINE,9/30/2019,246.0,246.0,244.0,244.0,-0.81,285.0,449.7,384.0
SHINE,10/1/2019,244.0,244.0,244.0,244.0,0.0,62.0,449.7,384.0
SHINE,10/3/2019,248.0,248.0,248.0,248.0,1.64,204.0,449.7,384.0
SHINE,10/10/2019,248.0,248.0,248.0,248.0,0.0,200.0,449.7,384.0
SHINE,10/14/2019,252.0,254.0,250.0,252.0,1.61,827.0,449.7,384.0
SHINE,10/15/2019,255.0,255.0,251.0,252.0,0.0,4627.0,449.7,384.0
SHINE,10/16/2019,252.0,257.0,252.0,254.0,0.79,868.0,449.7,384.0
SHINE,10/17/2019,252.0,253.0,252.0,253.0,-0.39,1250.0,449.7,384.0
SHINE,10/20/2019,252.0,252.0,251.0,252.0,-0.4,1249.0,449.7,384.0
SHINE,10/21/2019,251.0,252.0,251.0,252.0,0.0,2121.0,449.7,384.0
SHINE,10/22/2019,252.0,253.0,252.0,253.0,0.4,11509.0,449.7,384.0
SHINE,10/23/2019,253.0,255.0,253.0,254.0,0.4,3587.0,449.7,384.0
SHINE,10/24/2019,254.0,255.0,249.0,255.0,0.39,882.0,449.7,384.0
SHINE,10/31/2019,255.0,260.0,255.0,255.0,0.0,1151.0,449.7,384.0
SHINE,11/3/2019,255.0,255.0,255.0,255.0,0.0,164.0,449.7,384.0
SHINE,11/4/2019,250.0,255.0,250.0,253.0,-0.78,615.0,449.7,384.0
SHINE,11/5/2019,255.0,255.0,253.0,253.0,0.0,8912.0,449.7,384.0
SHINE,11/6/2019,255.0,255.0,254.0,254.0,0.4,390.0,449.7,384.0
SHINE,11/7/2019,254.0,255.0,254.0,254.0,0.0,2845.0,449.7,384.0
SHINE,11/10/2019,255.0,255.0,253.0,255.0,0.39,2698.0,449.7,384.0
SHINE,11/11/2019,255.0,258.0,255.0,256.0,0.39,3813.0,449.7,384.0
SHINE,11/12/2019,254.0,254.0,254.0,254.0,-0.78,43.0,449.7,384.0
SHINE,11/13/2019,255.0,255.0,254.0,254.0,0.0,3331.0,449.7,384.0
SHINE,11/14/2019,253.0,253.0,253.0,253.0,-0.39,111.0,449.7,384.0
SHINE,11/17/2019,250.0,250.0,247.0,248.0,-1.98,4523.0,449.7,384.0
SHINE,11/18/2019,252.0,252.0,252.0,252.0,1.61,130.0,449.7,384.0
SHINE,11/19/2019,247.0,255.0,247.0,255.0,1.19,399.0,449.7,384.0
SHINE,11/20/2019,257.0,257.0,255.0,255.0,0.0,219.0,449.7,384.0
SHINE,11/21/2019,255.0,255.0,251.0,251.0,-1.57,300.0,449.7,384.0
SHINE,11/24/2019,250.0,252.0,243.0,248.0,-1.2,5851.0,449.7,384.0
SHINE,11/25/2019,247.0,247.0,247.0,247.0,-0.4,35.0,449.7,384.0
SHINE,11/26/2019,245.0,248.0,244.0,248.0,0.4,320.0,449.7,384.0
SHINE,11/28/2019,248.0,250.0,245.0,245.0,-1.21,1928.0,449.7,384.0
SHINE,12/1/2019,243.0,246.0,241.0,241.0,-1.63,1180.0,449.7,384.0
SHINE,12/2/2019,240.0,242.0,227.0,227.0,-5.81,12123.0,449.7,384.0
SHINE,12/3/2019,223.0,227.0,219.0,223.0,-1.76,21403.0,449.7,384.0
SHINE,12/4/2019,224.0,229.0,224.0,226.0,1.35,15430.0,449.7,384.0
SHINE,12/5/2019,228.0,229.0,227.0,229.0,1.33,9870.0,449.7,384.0
SHINE,12/8/2019,230.0,230.0,226.0,227.0,-0.87,14894.0,449.7,384.0
SHINE,12/9/2019,226.0,228.0,226.0,228.0,0.44,13286.0,449.7,384.0
SHINE,12/10/2019,228.0,228.0,226.0,227.0,-0.44,14483.0,449.7,384.0
SHINE,12/11/2019,226.0,229.0,224.0,226.0,-0.44,13542.0,449.7,384.0
SHINE,12/12/2019,229.0,230.0,226.0,230.0,1.77,20386.0,449.7,384.0
SHINE,12/15/2019,234.0,243.0,234.0,236.0,2.61,25575.0,449.7,384.0
SHINE,12/16/2019,237.0,238.0,232.0,235.0,-0.42,23895.0,449.7,384.0
SHINE,12/17/2019,235.0,238.0,232.0,237.0,0.85,13021.0,449.7,384.0
SHINE,12/18/2019,241.0,241.0,236.0,239.0,0.84,12271.0,449.7,384.0
SHINE,12/19/2019,236.0,238.0,235.0,235.0,-1.67,15376.0,449.7,384.0
SHINE,12/22/2019,233.0,234.0,229.0,232.0,-1.28,20846.0,449.7,384.0
SHINE,12/23/2019,232.0,235.0,231.0,234.0,0.86,5076.0,449.7,384.0
SHINE,12/24/2019,232.0,254.76,230.0,230.0,-1.71,25217.0,449.7,384.0
SHINE,12/25/2019,230.0,232.0,230.0,232.0,0.87,12733.0,449.7,384.0
SHINE,12/26/2019,230.0,234.0,230.0,234.0,0.86,10045.0,449.7,384.0
SHINE,12/29/2019,232.0,234.0,231.0,234.0,0.0,6187.0,449.7,384.0
SHINE,12/30/2019,235.0,235.0,230.0,231.0,-1.28,4638.0,449.7,384.0
SHINE,12/31/2019,235.0,235.0,232.0,234.0,1.3,2016.0,449.7,384.0
SHINE,1/1/2020,230.0,240.0,230.0,236.0,0.85,3288.0,449.7,384.0
SHINE,1/2/2020,235.0,235.0,231.0,231.0,-2.12,12907.0,449.7,384.0
SHINE,1/5/2020,232.0,237.0,231.0,237.0,2.6,12450.0,449.7,384.0
SHINE,1/6/2020,238.0,238.0,233.0,235.0,-0.84,13288.0,449.7,384.0
SHINE,1/7/2020,236.0,239.0,236.0,238.0,1.28,19351.0,449.7,384.0
SHINE,1/8/2020,239.0,241.0,235.0,241.0,1.26,20747.0,449.7,384.0
SHINE,1/9/2020,241.0,251.0,237.0,250.0,3.73,44538.0,449.7,384.0
SHINE,1/12/2020,248.0,256.0,248.0,254.0,1.6,24856.0,449.7,384.0
SHINE,1/13/2020,258.0,266.0,248.0,255.0,0.39,50191.0,449.7,384.0
SHINE,1/14/2020,256.0,259.0,252.0,256.0,0.39,15907.0,449.7,384.0
SHINE,1/15/2020,258.0,262.0,256.0,258.0,0.78,7935.0,449.7,384.0
SHINE,1/16/2020,263.0,267.0,261.0,264.0,2.33,16034.0,449.7,384.0
SHINE,1/19/2020,264.0,269.0,260.0,269.0,1.89,39002.0,449.7,384.0
SHINE,1/20/2020,274.0,274.0,261.0,262.0,-2.6,31028.0,449.7,384.0
SHINE,1/21/2020,263.0,273.0,260.0,264.0,0.76,19952.0,449.7,384.0
SHINE,1/22/2020,262.0,264.0,259.0,260.0,-1.52,18334.0,449.7,384.0
SHINE,1/23/2020,258.0,260.0,254.0,255.0,-1.92,20189.0,449.7,384.0
SHINE,1/26/2020,251.0,256.0,250.0,256.0,0.39,19500.0,449.7,384.0
SHINE,1/27/2020,253.0,259.0,253.0,259.0,1.17,9582.0,449.7,384.0
SHINE,1/28/2020,258.0,261.0,257.0,260.0,0.39,16689.0,449.7,384.0
SHINE,1/29/2020,256.0,259.0,255.0,257.0,-1.15,4475.0,449.7,384.0
SHINE,1/30/2020,262.0,262.0,254.0,259.0,0.78,14173.0,449.7,384.0
SHINE,2/2/2020,260.0,264.0,258.0,262.0,1.16,15989.0,449.7,384.0
SHINE,2/3/2020,265.0,277.0,264.0,275.0,4.96,97378.0,449.7,384.0
SHINE,2/4/2020,278.0,295.0,278.0,282.0,2.55,106854.0,449.7,384.0
SHINE,2/5/2020,282.0,283.0,275.0,279.0,-1.06,29355.0,449.7,384.0
SHINE,2/6/2020,284.0,289.0,276.0,280.0,0.36,66678.0,449.7,384.0
SHINE,2/9/2020,278.0,281.0,275.0,278.0,-0.71,13696.0,449.7,384.0
SHINE,2/10/2020,280.0,280.0,276.0,276.0,-0.72,9973.0,449.7,384.0
SHINE,2/11/2020,280.0,281.0,278.0,279.0,1.09,21000.0,449.7,384.0
SHINE,2/12/2020,281.0,283.0,274.0,278.0,-0.36,40515.0,449.7,384.0
SHINE,2/13/2020,278.0,280.0,277.0,277.0,-0.36,14643.0,449.7,384.0
SHINE,2/16/2020,277.0,282.0,277.0,279.0,0.72,28124.0,449.7,384.0
SHINE,2/17/2020,283.0,283.0,278.0,279.0,0.0,38838.0,449.7,384.0
SHINE,2/18/2020,284.0,304.0,279.0,299.0,7.17,225263.0,449.7,384.0
SHINE,2/19/2020,304.0,307.0,292.0,297.0,-0.67,62577.0,449.7,384.0
SHINE,2/20/2020,300.0,302.0,295.0,302.0,1.68,48092.0,449.7,384.0
SHINE,2/23/2020,305.0,309.0,301.0,305.0,0.99,94981.0,449.7,384.0
SHINE,2/24/2020,310.0,317.0,301.0,301.0,-1.31,77764.0,449.7,384.0
SHINE,2/25/2020,300.0,316.0,300.0,314.0,4.32,81325.0,449.7,384.0
SHINE,2/26/2020,320.0,329.0,315.0,327.0,4.14,113976.0,449.7,384.0
SHINE,2/27/2020,321.0,332.0,316.0,332.0,1.53,96039.0,449.7,384.0
SHINE,3/1/2020,335.0,337.0,324.0,327.0,-1.51,78435.0,449.7,384.0
SHINE,3/2/2020,327.0,328.0,307.0,307.0,-6.12,30896.0,449.7,384.0
SHINE,3/3/2020,301.0,318.0,285.0,316.0,2.93,69272.0,449.7,384.0
SHINE,3/4/2020,311.0,311.0,299.0,299.0,-5.38,46769.0,449.7,384.0
SHINE,3/5/2020,294.0,310.0,289.0,305.0,2.01,35334.0,449.7,384.0
SHINE,3/10/2020,300.0,300.0,289.0,291.0,-4.59,13033.0,449.7,384.0
SHINE,3/11/2020,296.0,305.0,287.0,305.0,4.81,42446.0,449.7,384.0
SHINE,3/12/2020,303.0,303.0,292.0,293.0,-3.93,45972.0,449.7,384.0
SHINE,3/15/2020,295.0,298.0,276.0,281.0,-4.1,46123.0,449.7,384.0
SHINE,3/16/2020,276.0,287.0,276.0,281.0,0.0,21282.0,449.7,384.0
SHINE,3/17/2020,277.0,279.0,261.0,264.0,-6.05,108819.0,449.7,384.0
SHINE,3/18/2020,259.0,268.0,245.0,265.0,0.38,37654.0,449.7,384.0
SHINE,3/19/2020,260.0,269.0,246.0,260.0,-1.89,39462.0,449.7,384.0
SHINE,3/22/2020,256.0,256.0,255.0,255.0,-1.92,1770.0,449.7,384.0
SHINE,6/29/2020,218.0,218.0,214.0,210.0,-17.65,5634.0,449.7,384.0
SHINE,6/30/2020,213.0,220.0,213.0,220.0,4.76,852.0,449.7,384.0
SHINE,7/1/2020,224.0,230.0,224.0,230.0,4.55,3403.0,449.7,384.0
SHINE,7/2/2020,234.0,234.0,214.0,214.0,-6.96,2058.0,449.7,384.0
SHINE,7/5/2020,215.0,215.0,209.0,211.0,-1.4,18031.0,449.7,384.0
SHINE,7/6/2020,207.0,217.0,207.0,217.0,2.84,11181.0,449.7,384.0
SHINE,7/7/2020,221.0,221.0,215.0,218.0,0.46,25610.0,449.7,384.0
SHINE,7/8/2020,222.0,222.0,213.0,216.0,-0.92,21104.0,449.7,384.0
SHINE,7/9/2020,216.0,220.0,215.0,216.0,0.0,15690.0,449.7,384.0
SHINE,7/12/2020,217.0,221.0,215.0,216.0,0.0,20539.0,449.7,384.0
SHINE,7/13/2020,220.0,224.0,218.0,220.0,1.85,19052.0,449.7,384.0
SHINE,7/14/2020,218.0,224.0,217.0,220.0,0.0,16653.0,449.7,384.0
SHINE,7/15/2020,224.0,228.0,220.0,222.0,0.91,34858.0,449.7,384.0
SHINE,7/16/2020,224.0,235.0,224.0,235.0,5.86,31102.0,449.7,384.0
SHINE,7/19/2020,239.0,247.0,239.0,247.0,5.11,70.0,449.7,384.0
SHINE,7/20/2020,259.0,269.0,247.0,250.0,1.21,44649.0,449.7,384.0
SHINE,7/21/2020,248.0,252.0,244.0,248.0,-0.8,53589.0,449.7,384.0
SHINE,7/22/2020,246.0,250.0,242.0,242.0,-2.42,34875.0,449.7,384.0
SHINE,7/23/2020,245.0,245.0,241.0,243.0,0.41,18398.0,449.7,384.0
SHINE,7/26/2020,239.0,247.0,239.0,246.0,1.23,13125.0,449.7,384.0
SHINE,7/27/2020,250.0,253.0,248.0,249.0,1.22,14487.0,449.7,384.0
SHINE,7/28/2020,246.0,247.0,243.0,246.0,-1.2,5997.0,449.7,384.0
SHINE,7/29/2020,243.0,245.0,240.0,243.0,-1.22,8926.0,449.7,384.0
SHINE,7/30/2020,255.0,255.0,240.0,243.0,0.0,16180.0,449.7,384.0
SHINE,8/2/2020,255.0,255.0,230.0,235.0,-3.29,35953.0,449.7,384.0
SHINE,8/3/2020,233.0,239.0,231.0,236.0,0.43,6394.0,449.7,384.0
SHINE,8/5/2020,232.0,236.0,224.0,231.0,-2.12,8747.0,449.7,384.0
SHINE,8/6/2020,231.0,232.0,227.0,231.0,0.0,8621.0,449.7,384.0
SHINE,8/9/2020,231.0,231.0,227.0,230.0,-0.43,12105.0,449.7,384.0
SHINE,8/10/2020,230.0,240.0,230.0,240.0,4.35,16340.0,449.7,384.0
SHINE,8/11/2020,240.0,242.0,236.0,236.0,-1.67,6645.0,449.7,384.0
SHINE,8/12/2020,234.0,244.0,232.0,239.0,1.27,4771.0,449.7,384.0
SHINE,8/13/2020,235.0,238.0,234.0,235.0,-1.67,6983.0,449.7,384.0
SHINE,8/16/2020,234.0,235.0,230.0,232.0,-1.28,9957.0,449.7,384.0
SHINE,8/17/2020,235.0,236.0,233.0,236.0,1.72,3063.0,449.7,384.0
SHINE,8/18/2020,236.0,236.0,233.0,234.0,-0.85,9177.0,449.7,384.0
SHINE,8/19/2020,232.0,234.0,224.0,230.0,-1.71,4287.0,449.7,384.0
SHINE,8/20/2020,234.0,237.0,231.0,234.0,1.74,7131.0,449.7,384.0
SHINE,8/23/2020,234.0,235.0,232.0,233.0,-0.43,8935.0,449.7,384.0
SHINE,8/24/2020,237.0,240.0,235.0,237.0,1.72,8237.0,449.7,384.0
SHINE,8/25/2020,241.0,245.0,238.0,239.0,0.84,11276.0,449.7,384.0
SHINE,8/26/2020,239.0,243.0,237.0,241.0,0.84,14471.0,449.7,384.0
SHINE,8/27/2020,245.0,247.0,231.0,235.0,-2.49,32774.0,449.7,384.0
SHINE,8/30/2020,237.0,237.0,231.0,231.0,-1.7,24129.0,449.7,384.0
SHINE,8/31/2020,232.0,241.0,232.0,238.0,3.03,10768.0,449.7,384.0
SHINE,9/2/2020,242.0,245.0,238.0,239.0,0.42,10867.0,449.7,384.0
SHINE,9/3/2020,240.0,243.0,239.0,241.0,0.84,17307.0,449.7,384.0
SHINE,9/6/2020,245.0,253.0,237.0,238.0,-1.24,28784.0,449.7,384.0
SHINE,9/7/2020,237.0,238.0,233.0,233.0,-2.1,17965.0,449.7,384.0
SHINE,9/8/2020,232.0,236.0,232.0,233.0,0.0,15813.0,449.7,384.0
SHINE,9/9/2020,234.0,236.0,234.0,235.0,0.86,14586.0,449.7,384.0
SHINE,9/10/2020,233.0,243.0,233.0,238.0,1.28,12827.0,449.7,384.0
SHINE,9/13/2020,249.0,249.0,235.0,238.0,0.0,31440.0,449.7,384.0
SHINE,9/14/2020,236.0,246.0,236.0,243.0,2.1,37736.0,449.7,384.0
SHINE,9/15/2020,243.0,244.0,238.0,239.0,-1.65,26891.0,449.7,384.0
SHINE,9/16/2020,238.0,242.0,237.0,241.0,0.84,22917.0,449.7,384.0
SHINE,9/17/2020,240.0,250.0,238.0,246.0,2.07,70146.0,449.7,384.0
SHINE,9/20/2020,258.0,263.0,249.0,252.0,2.44,88949.0,449.7,384.0
SHINE,9/21/2020,254.0,254.0,248.0,250.0,-0.79,65299.0,449.7,384.0
SHINE,9/22/2020,250.0,250.0,239.0,244.0,-2.4,45332.0,449.7,384.0
SHINE,9/23/2020,245.0,250.0,239.0,250.0,2.46,44818.0,449.7,384.0
SHINE,9/24/2020,255.0,255.0,245.0,248.0,-0.8,14655.0,449.7,384.0
SHINE,9/27/2020,236.0,252.0,236.0,248.0,0.0,36311.0,449.7,384.0
SHINE,9/28/2020,249.0,250.0,244.0,247.0,-0.4,18560.0,449.7,384.0
SHINE,9/29/2020,247.0,250.0,245.0,246.0,-0.4,17905.0,449.7,384.0
SHINE,9/30/2020,246.0,255.0,242.0,249.0,1.22,37497.0,449.7,384.0
SHINE,10/1/2020,253.0,253.0,248.0,251.0,0.8,44998.0,449.7,384.0
SHINE,10/4/2020,256.0,267.0,256.0,258.0,2.79,71125.0,449.7,384.0
SHINE,10/5/2020,262.0,263.0,253.0,256.0,-0.78,54962.0,449.7,384.0
SHINE,10/6/2020,261.0,265.0,258.0,258.0,0.78,28992.0,449.7,384.0
SHINE,10/7/2020,258.0,263.0,257.0,263.0,1.94,59771.0,449.7,384.0
SHINE,10/8/2020,268.0,273.0,265.0,266.0,1.14,66060.0,449.7,384.0
SHINE,10/11/2020,268.0,271.0,263.0,264.0,-0.75,42749.0,449.7,384.0
SHINE,10/12/2020,277.0,277.0,257.0,267.0,1.14,51091.0,449.7,384.0
SHINE,10/13/2020,272.0,276.0,264.0,265.0,-0.75,89652.0,449.7,384.0
SHINE,10/14/2020,266.0,271.0,261.0,262.0,-1.13,24920.0,449.7,384.0
SHINE,10/15/2020,265.0,266.0,261.0,263.0,0.38,32966.0,449.7,384.0
SHINE,10/18/2020,267.0,267.0,260.0,261.0,-0.76,13358.0,449.7,384.0
SHINE,10/19/2020,263.0,264.0,259.0,261.0,0.0,10601.0,449.7,384.0
SHINE,10/20/2020,264.0,264.0,261.0,262.0,0.38,8217.0,449.7,384.0
SHINE,10/21/2020,265.0,267.0,263.0,267.0,1.91,17300.0,449.7,384.0
SHINE,10/22/2020,272.0,272.0,266.0,266.0,-0.37,23434.0,449.7,384.0
SHINE,10/28/2020,270.0,276.0,267.0,275.0,3.38,29739.0,449.7,384.0
SHINE,10/29/2020,280.0,288.0,275.0,276.0,0.36,49477.0,449.7,384.0
SHINE,11/1/2020,280.0,281.0,274.0,277.0,0.36,29407.0,449.7,384.0
SHINE,11/2/2020,264.0,279.0,264.0,273.0,-1.44,31138.0,449.7,384.0
SHINE,11/3/2020,273.0,274.0,269.0,270.0,-1.1,21491.0,449.7,384.0
SHINE,11/4/2020,270.0,271.0,269.0,270.0,0.0,12465.0,449.7,384.0
SHINE,11/5/2020,274.0,274.0,267.0,270.0,0.0,12137.0,449.7,384.0
SHINE,11/8/2020,270.0,270.0,267.0,269.0,-0.37,22036.0,449.7,384.0
SHINE,11/9/2020,266.0,270.0,266.0,266.0,-1.12,26139.0,449.7,384.0
SHINE,11/10/2020,271.0,271.0,266.0,266.0,0.0,21577.0,449.7,384.0
SHINE,11/11/2020,271.0,271.0,266.0,266.0,0.0,28283.0,449.7,384.0
SHINE,11/12/2020,271.0,271.0,265.0,267.0,0.38,32051.0,449.7,384.0
SHINE,11/18/2020,267.0,268.0,257.0,260.0,-2.62,63424.0,449.7,384.0
SHINE,11/19/2020,260.0,262.0,256.0,259.0,-0.38,52714.0,449.7,384.0
SHINE,11/22/2020,264.0,269.0,253.0,255.0,-1.54,54446.0,449.7,384.0
SHINE,11/23/2020,255.0,259.0,253.0,255.0,0.0,33732.0,449.7,384.0
SHINE,11/24/2020,259.0,260.0,254.0,258.0,1.18,28442.0,449.7,384.0
SHINE,11/25/2020,263.0,263.0,256.0,260.0,0.78,29679.0,449.7,384.0
SHINE,11/26/2020,273.0,273.0,256.0,259.0,-0.38,49906.0,449.7,384.0
SHINE,11/29/2020,263.0,284.0,262.0,278.0,7.34,109765.0,449.7,384.0
SHINE,11/30/2020,291.0,291.0,268.0,273.0,-1.8,74766.0,449.7,384.0
SHINE,12/1/2020,270.0,275.0,262.0,262.0,-4.03,49704.0,449.7,384.0
SHINE,12/2/2020,260.0,275.0,260.0,264.0,0.76,48714.0,449.7,384.0
SHINE,12/3/2020,265.0,268.0,261.0,261.0,-1.14,34072.0,449.7,384.0
SHINE,12/6/2020,261.0,262.0,251.0,251.0,-3.83,30294.0,449.7,384.0
SHINE,12/7/2020,251.0,260.0,243.0,256.0,1.99,40002.0,449.7,384.0
SHINE,12/8/2020,261.0,267.0,257.0,257.0,0.39,32709.0,449.7,384.0
SHINE,12/9/2020,257.0,259.0,251.0,253.0,-1.56,30915.0,449.7,384.0
SHINE,12/10/2020,251.0,258.0,251.0,257.0,1.58,23783.0,449.7,384.0
SHINE,12/13/2020,256.0,262.0,256.0,262.0,1.95,26905.0,449.7,384.0
SHINE,12/14/2020,264.0,270.0,262.0,270.0,3.05,45919.0,449.7,384.0
SHINE,12/15/2020,272.0,275.0,265.0,266.0,-1.48,41491.0,449.7,384.0
SHINE,12/16/2020,264.0,278.0,261.0,272.0,2.26,101198.0,449.7,384.0
SHINE,12/17/2020,277.0,279.0,271.0,271.0,-0.37,54530.0,449.7,384.0
SHINE,12/20/2020,270.0,279.0,260.0,264.0,-2.58,94716.0,449.7,384.0
SHINE,12/21/2020,264.0,267.0,254.0,265.0,0.38,48508.0,449.7,384.0
SHINE,12/22/2020,266.0,270.0,266.0,269.0,1.51,44851.0,449.7,384.0
SHINE,12/23/2020,273.0,276.0,267.0,270.0,0.37,21671.0,449.7,384.0
SHINE,12/24/2020,270.0,274.0,268.0,268.0,-0.74,45069.0,449.7,384.0
SHINE,12/27/2020,270.0,272.0,268.0,269.0,0.37,35464.0,449.7,384.0
SHINE,12/28/2020,271.0,271.0,267.0,267.0,-0.74,24529.0,449.7,384.0
SHINE,12/29/2020,267.0,268.0,262.0,265.0,-0.75,29097.0,449.7,384.0
SHINE,12/30/2020,269.0,269.0,264.0,266.0,0.38,66030.0,449.7,384.0
SHINE,12/31/2020,235.0,238.0,232.0,234.0,-12.03,28304.0,449.7,384.0
SHINE,1/3/2021,236.0,240.0,235.0,237.0,1.28,16802.0,449.7,384.0
SHINE,1/4/2021,248.0,248.0,236.0,239.0,0.84,29318.0,449.7,384.0
SHINE,1/5/2021,236.0,244.0,235.0,241.0,0.84,20968.0,449.7,384.0
SHINE,1/6/2021,243.0,244.0,238.0,239.0,-0.83,12164.0,449.7,384.0
SHINE,1/7/2021,240.0,242.0,238.0,240.0,0.42,25805.0,449.7,384.0
SHINE,1/10/2021,244.0,249.0,240.0,248.0,3.33,47146.0,449.7,384.0
SHINE,1/11/2021,252.0,256.0,247.0,250.0,0.81,41563.0,449.7,384.0
SHINE,1/12/2021,249.0,254.0,245.0,254.0,1.6,33550.0,449.7,384.0
SHINE,1/13/2021,254.0,261.0,254.0,256.0,0.79,41769.0,449.7,384.0
SHINE,1/17/2021,259.0,277.0,259.0,275.0,7.42,118782.0,449.7,384.0
SHINE,1/18/2021,284.0,286.0,272.0,273.0,-0.73,102345.0,449.7,384.0
SHINE,1/19/2021,278.0,278.0,264.0,265.0,-2.93,37781.0,449.7,384.0
SHINE,1/20/2021,262.0,277.0,258.0,265.0,0.0,41239.0,449.7,384.0
SHINE,1/21/2021,260.0,282.0,260.0,271.0,2.26,52767.0,449.7,384.0
SHINE,1/24/2021,271.0,284.0,271.0,274.0,1.11,50177.0,449.7,384.0
SHINE,1/25/2021,279.0,284.0,266.0,268.0,-2.19,71408.0,449.7,384.0
SHINE,1/26/2021,273.0,276.0,265.0,267.0,-0.37,51033.0,449.7,384.0
SHINE,1/27/2021,270.0,270.0,266.0,267.0,0.0,24686.0,449.7,384.0
SHINE,1/28/2021,271.0,271.0,258.0,260.0,-2.62,55658.0,449.7,384.0
SHINE,1/31/2021,255.0,264.0,255.0,256.0,-1.54,34623.0,449.7,384.0
SHINE,2/1/2021,260.0,266.0,255.0,256.0,0.0,39260.0,449.7,384.0
SHINE,2/2/2021,259.0,262.0,255.0,258.0,0.78,42922.0,449.7,384.0
SHINE,2/3/2021,262.0,265.0,255.0,256.0,-0.78,47528.0,449.7,384.0
SHINE,2/4/2021,268.0,268.0,252.0,256.0,0.0,47126.0,449.7,384.0
SHINE,2/7/2021,255.0,260.0,254.0,255.0,-0.39,54545.0,449.7,384.0
SHINE,2/8/2021,260.0,269.0,256.0,265.0,3.92,89914.0,449.7,384.0
SHINE,2/9/2021,270.0,272.0,261.0,265.0,0.0,45467.0,449.7,384.0
SHINE,2/10/2021,260.0,265.0,258.0,265.0,0.0,52630.0,449.7,384.0
SHINE,2/11/2021,269.0,284.0,262.0,273.0,3.02,134192.0,449.7,384.0
SHINE,2/14/2021,286.0,286.0,266.0,274.0,0.37,66381.0,449.7,384.0
SHINE,2/15/2021,275.0,280.0,270.0,278.0,1.46,134583.0,449.7,384.0
SHINE,2/16/2021,291.0,291.0,273.0,277.0,-0.36,82075.0,449.7,384.0
SHINE,2/17/2021,275.0,277.0,272.0,274.0,-1.08,57010.0,449.7,384.0
SHINE,2/18/2021,278.0,281.0,276.0,278.0,1.46,101844.0,449.7,384.0
SHINE,2/21/2021,282.0,285.0,278.0,285.0,2.52,97817.0,449.7,384.0
SHINE,2/22/2021,289.0,289.0,278.0,279.0,-2.11,81582.0,449.7,384.0
SHINE,2/23/2021,284.0,284.0,268.0,273.0,-2.15,68406.0,449.7,384.0
SHINE,2/24/2021,270.0,284.0,270.0,274.0,0.37,35882.0,449.7,384.0
SHINE,2/25/2021,274.0,278.0,270.0,271.0,-1.09,41392.0,449.7,384.0
SHINE,2/28/2021,266.0,273.0,263.0,265.0,-2.21,26684.0,449.7,384.0
SHINE,3/1/2021,264.0,271.0,262.0,269.0,1.51,31203.0,449.7,384.0
SHINE,3/2/2021,270.0,271.0,262.0,263.0,-2.23,22218.0,449.7,384.0
SHINE,3/3/2021,259.0,263.0,257.0,260.0,-1.14,25589.0,449.7,384.0
SHINE,3/4/2021,260.0,266.0,258.0,265.0,1.92,24210.0,449.7,384.0
SHINE,3/7/2021,268.0,270.0,261.0,262.0,-1.13,12619.0,449.7,384.0
SHINE,3/9/2021,258.0,261.0,258.0,259.0,-1.15,14970.0,449.7,384.0
SHINE,3/10/2021,258.0,263.0,256.0,258.0,-0.39,11493.0,449.7,384.0
SHINE,3/14/2021,255.0,258.0,253.0,255.0,-1.16,25336.0,449.7,384.0
SHINE,3/15/2021,251.0,257.0,251.0,254.0,-0.39,10204.0,449.7,384.0
SHINE,3/16/2021,253.0,260.0,253.0,255.0,0.39,10959.0,449.7,384.0
SHINE,3/17/2021,259.0,259.0,252.0,258.0,1.18,12394.0,449.7,384.0
SHINE,3/18/2021,262.0,262.0,255.0,259.0,0.39,12954.0,449.7,384.0
SHINE,3/21/2021,263.0,265.0,260.0,263.0,1.54,15560.0,449.7,384.0
SHINE,3/22/2021,276.0,276.0,260.0,261.0,-0.76,10290.0,449.7,384.0
SHINE,3/23/2021,265.0,265.0,257.0,262.0,0.38,12114.0,449.7,384.0
SHINE,3/24/2021,265.0,266.0,261.0,264.0,0.76,28455.0,449.7,384.0
SHINE,3/25/2021,267.0,267.0,260.0,261.0,-1.14,21416.0,449.7,384.0
SHINE,3/29/2021,261.0,262.0,257.0,261.0,0.0,10622.0,449.7,384.0
SHINE,3/30/2021,274.0,274.0,258.0,263.0,0.77,22753.0,449.7,384.0
SHINE,3/31/2021,265.0,266.0,261.0,266.0,1.14,23389.0,449.7,384.0
SHINE,4/1/2021,266.0,276.0,265.0,267.0,0.38,62158.0,449.7,384.0
SHINE,4/4/2021,267.0,270.0,265.0,269.0,0.75,22759.0,449.7,384.0
SHINE,4/5/2021,273.0,273.0,266.0,269.0,0.0,29900.0,449.7,384.0
SHINE,4/6/2021,265.0,270.0,264.0,270.0,0.37,34402.0,449.7,384.0
SHINE,4/7/2021,271.0,275.0,270.0,270.0,0.0,39666.0,449.7,384.0
SHINE,4/8/2021,270.0,275.0,270.0,273.0,1.11,41497.0,449.7,384.0
SHINE,4/12/2021,278.0,278.0,272.0,275.0,0.73,34235.0,449.7,384.0
SHINE,4/13/2021,275.0,290.0,273.0,286.0,4.0,119387.0,449.7,384.0
SHINE,4/15/2021,300.0,300.0,283.0,293.0,2.45,129653.0,449.7,384.0
SHINE,4/18/2021,295.0,295.0,284.0,286.0,-2.39,110160.0,449.7,384.0
SHINE,4/19/2021,273.0,291.0,273.0,285.0,-0.35,61812.0,449.7,384.0
SHINE,4/20/2021,283.0,289.0,282.0,289.0,1.4,56918.0,449.7,384.0
SHINE,4/21/2021,289.0,289.0,280.0,281.0,-2.77,47216.0,449.7,384.0
SHINE,4/22/2021,281.0,284.0,278.0,283.0,0.71,48778.0,449.7,384.0
SHINE,4/25/2021,284.0,284.0,274.0,274.0,-3.18,67167.0,449.7,384.0
SHINE,4/26/2021,269.0,270.0,261.0,269.0,-1.82,33207.0,449.7,384.0
SHINE,4/27/2021,269.0,277.0,264.0,275.0,2.23,23952.0,449.7,384.0
SHINE,4/28/2021,276.0,276.0,260.0,270.0,-1.82,18198.0,449.7,384.0
SHINE,4/29/2021,267.0,271.0,266.0,269.0,-0.37,41134.0,449.7,384.0
SHINE,5/2/2021,274.0,277.0,269.0,272.0,1.12,25890.0,449.7,384.0
SHINE,5/3/2021,274.0,275.0,267.0,270.0,-0.74,30171.0,449.7,384.0
SHINE,5/4/2021,270.0,270.0,266.0,268.0,-0.74,15509.0,449.7,384.0
SHINE,5/5/2021,266.0,272.0,265.0,270.0,0.75,10875.0,449.7,384.0
SHINE,5/6/2021,269.0,270.0,266.0,267.0,-1.11,23182.0,449.7,384.0
SHINE,5/9/2021,270.0,275.0,269.0,271.0,1.5,59368.0,449.7,384.0
SHINE,5/10/2021,284.0,284.0,267.0,272.0,0.37,27751.0,449.7,384.0
SHINE,5/11/2021,275.0,275.0,272.0,274.0,0.74,28855.0,449.7,384.0
SHINE,5/12/2021,272.0,274.0,271.0,274.0,0.0,20412.0,449.7,384.0
SHINE,5/13/2021,272.0,277.0,272.0,277.0,1.09,67485.0,449.7,384.0
SHINE,5/16/2021,280.0,298.0,280.0,297.0,7.22,313935.0,449.7,384.0
SHINE,5/17/2021,305.0,311.0,299.0,302.0,1.68,205927.0,449.7,384.0
SHINE,5/18/2021,304.0,306.0,300.0,303.0,0.33,113625.0,449.7,384.0
SHINE,5/19/2021,305.0,308.0,295.0,298.0,-1.65,124973.0,449.7,384.0
SHINE,5/20/2021,298.0,316.0,294.0,315.0,5.7,214211.0,449.7,384.0
SHINE,5/23/2021,310.0,337.0,304.0,335.0,6.35,258954.0,449.7,384.0
SHINE,5/24/2021,340.0,344.0,321.0,327.0,-2.39,266101.0,449.7,384.0
SHINE,5/25/2021,332.0,332.0,318.0,319.0,-2.45,108391.0,449.7,384.0
SHINE,5/27/2021,318.0,341.0,306.0,333.0,4.39,167514.0,449.7,384.0
SHINE,5/30/2021,339.0,366.0,337.0,366.0,9.91,391672.0,449.7,384.0
SHINE,5/31/2021,380.0,390.0,355.0,359.0,-1.91,363733.0,449.7,384.0
SHINE,6/1/2021,359.0,375.0,348.0,362.0,0.84,190279.0,449.7,384.0
SHINE,6/2/2021,369.0,392.0,360.0,390.0,7.73,323771.0,449.7,384.0
SHINE,6/3/2021,395.0,429.0,391.0,421.0,7.95,635148.0,449.7,384.0
SHINE,6/6/2021,442.0,442.0,392.0,422.0,0.24,340343.0,449.7,384.0
SHINE,6/7/2021,426.0,444.0,417.0,444.0,5.21,448285.0,449.7,384.0
SHINE,6/8/2021,466.0,488.0,448.0,488.0,9.91,461663.0,449.7,384.0
SHINE,6/9/2021,490.0,497.0,453.0,458.0,-6.15,352111.0,449.7,384.0
SHINE,6/10/2021,460.0,472.0,438.0,467.0,1.97,356616.0,449.7,384.0
SHINE,6/13/2021,470.0,507.0,457.0,494.0,5.78,421499.0,449.7,384.0
SHINE,6/14/2021,505.0,510.0,472.0,480.0,-2.83,323222.0,449.7,384.0
SHINE,6/15/2021,482.0,486.0,455.0,459.0,-4.37,244586.0,449.7,384.0
SHINE,6/16/2021,437.0,473.0,422.0,440.0,-4.14,248997.0,449.7,384.0
SHINE,6/17/2021,442.0,466.0,424.0,451.0,2.5,185000.0,449.7,384.0
SHINE,6/20/2021,458.0,474.0,428.0,440.0,-2.44,129443.0,449.7,384.0
SHINE,6/21/2021,440.0,448.0,416.0,420.0,-4.55,142932.0,449.7,384.0
SHINE,6/22/2021,425.0,445.0,404.0,445.0,5.95,157721.0,449.7,384.0
SHINE,6/23/2021,449.0,457.0,426.0,427.0,-4.04,102595.0,449.7,384.0
SHINE,6/24/2021,425.0,429.0,416.0,418.0,-2.11,84275.0,449.7,384.0
SHINE,6/27/2021,420.0,426.0,411.0,413.0,-1.2,71453.0,449.7,384.0
SHINE,6/28/2021,415.0,415.0,401.0,402.0,-2.66,48028.0,449.7,384.0
SHINE,6/29/2021,404.0,407.0,379.0,383.0,-4.73,142069.0,449.7,384.0
SHINE,6/30/2021,380.0,412.0,366.0,398.0,3.92,133675.0,449.7,384.0
SHINE,7/1/2021,405.0,425.0,400.0,414.0,4.02,117893.0,449.7,384.0
SHINE,7/4/2021,416.0,426.0,410.0,412.0,-0.48,84429.0,449.7,384.0
SHINE,7/5/2021,418.0,418.0,398.0,399.0,-3.16,55507.0,449.7,384.0
SHINE,7/6/2021,418.0,418.0,398.0,400.0,0.25,38848.0,449.7,384.0
SHINE,7/7/2021,400.0,403.0,397.0,402.0,0.5,45127.0,449.7,384.0
SHINE,7/8/2021,396.0,412.0,395.0,411.0,2.24,59024.0,449.7,384.0
SHINE,7/11/2021,413.0,452.0,413.0,452.0,9.98,163126.0,449.7,384.0
SHINE,7/12/2021,461.0,469.0,432.0,442.0,-2.21,260103.0,449.7,384.0
SHINE,7/13/2021,440.0,457.0,434.0,449.0,1.58,86972.0,449.7,384.0
SHINE,7/14/2021,457.0,457.0,443.0,450.0,0.22,39863.0,449.7,384.0
SHINE,7/15/2021,472.0,472.0,445.0,447.0,-0.67,52057.0,449.7,384.0
SHINE,7/18/2021,452.0,464.0,452.0,462.9,3.56,162894.0,449.7,384.0
SHINE,7/19/2021,472.0,481.0,457.0,468.2,1.14,153016.0,449.7,384.0
SHINE,7/20/2021,468.2,472.0,460.0,464.0,-0.9,79699.0,449.7,384.0
SHINE,7/22/2021,472.0,473.0,456.0,457.0,-1.51,74456.0,449.7,384.0
SHINE,7/25/2021,464.0,464.0,452.2,456.7,-0.07,76812.0,449.7,384.0
SHINE,7/26/2021,455.0,460.0,448.0,449.8,-1.51,86857.0,449.7,384.0
SHINE,7/27/2021,441.0,463.0,432.2,455.0,1.16,109539.0,449.7,384.0
SHINE,7/28/2021,463.0,470.0,455.0,463.5,1.87,127473.0,449.7,384.0
SHINE,7/29/2021,463.0,475.0,463.0,471.0,1.62,237078.0,449.7,384.0
SHINE,8/1/2021,475.0,480.3,470.1,472.4,0.3,125303.0,449.7,384.0
SHINE,8/2/2021,480.0,480.0,463.5,464.0,-1.78,56770.0,449.7,384.0
SHINE,8/3/2021,465.0,470.0,460.0,466.0,0.43,61703.0,449.7,384.0
SHINE,8/4/2021,471.0,473.7,462.0,470.0,0.86,87998.0,449.7,384.0
SHINE,8/5/2021,475.5,498.0,469.0,484.0,2.98,332891.0,449.7,384.0
SHINE,8/8/2021,490.0,498.0,484.0,488.0,0.83,183907.0,449.7,384.0
SHINE,8/9/2021,488.0,495.0,479.0,480.5,-1.54,107158.0,449.7,384.0
SHINE,8/10/2021,484.9,528.5,484.0,528.5,9.99,546780.0,449.7,384.0
SHINE,8/11/2021,539.0,555.0,517.0,526.0,-0.47,341735.0,449.7,384.0
SHINE,8/12/2021,536.5,578.6,530.0,578.6,10.0,860045.0,449.7,384.0
SHINE,8/15/2021,567.1,585.1,538.1,559.0,-3.39,604091.0,449.7,384.0
SHINE,8/16/2021,555.0,576.0,539.0,562.0,0.54,270844.0,449.7,384.0
SHINE,8/17/2021,562.0,616.8,560.0,605.0,7.65,398918.0,449.7,384.0
SHINE,8/18/2021,617.1,655.0,603.0,625.0,3.31,537931.0,449.7,384.0
SHINE,8/19/2021,637.5,650.2,603.0,608.0,-2.72,378656.0,449.7,384.0
SHINE,8/24/2021,596.0,610.0,571.0,574.0,-5.59,330446.0,449.7,384.0
SHINE,8/25/2021,562.6,590.0,555.1,563.0,-1.92,251717.0,449.7,384.0
SHINE,8/26/2021,563.0,600.0,560.6,588.0,4.44,230261.0,449.7,384.0
SHINE,8/29/2021,596.0,610.9,584.0,590.0,0.34,252183.0,449.7,384.0
SHINE,8/31/2021,590.0,590.0,562.1,568.0,-3.73,174733.0,449.7,384.0
SHINE,9/1/2021,575.0,582.4,561.0,563.0,-0.88,125898.0,449.7,384.0
SHINE,9/2/2021,562.0,570.0,529.0,545.0,-3.2,139628.0,449.7,384.0
SHINE,9/5/2021,535.1,535.1,490.5,495.0,-9.17,217226.0,449.7,384.0
SHINE,9/6/2021,485.1,544.5,475.0,544.5,10.0,194677.0,449.7,384.0
SHINE,9/7/2021,555.0,565.0,520.1,543.0,-0.28,156739.0,449.7,384.0
SHINE,9/8/2021,543.0,543.0,522.0,524.0,-3.5,73254.0,449.7,384.0
SHINE,9/9/2021,525.0,535.5,520.0,524.0,0.0,65906.0,449.7,384.0
SHINE,9/12/2021,534.0,550.0,525.0,549.0,4.77,112668.0,449.7,384.0
SHINE,9/13/2021,555.0,572.0,545.0,554.0,0.91,130502.0,449.7,384.0
SHINE,9/14/2021,563.0,563.0,541.1,545.0,-1.62,60590.0,449.7,384.0
SHINE,9/15/2021,545.0,545.0,525.0,526.0,-3.49,87146.0,449.7,384.0
SHINE,9/16/2021,530.0,530.0,495.0,505.0,-3.99,189218.0,449.7,384.0
SHINE,9/20/2021,494.9,510.0,463.0,470.0,-6.93,166573.0,449.7,384.0
SHINE,9/21/2021,461.0,500.0,442.0,474.0,0.85,144483.0,449.7,384.0
SHINE,9/22/2021,483.4,521.4,483.4,521.0,9.92,188945.0,449.7,384.0
SHINE,9/23/2021,531.0,542.0,506.0,515.0,-1.15,119519.0,449.7,384.0
SHINE,9/26/2021,516.0,525.0,490.0,493.0,-4.27,122777.0,449.7,384.0
SHINE,9/27/2021,497.0,497.0,460.0,474.0,-3.85,82411.0,449.7,384.0
SHINE,9/28/2021,474.0,485.9,450.0,455.0,-4.01,93132.0,449.7,384.0
SHINE,9/29/2021,460.0,490.0,445.0,473.0,3.96,80231.0,449.7,384.0
SHINE,9/30/2021,473.0,484.0,450.8,451.0,-4.65,51873.0,449.7,384.0
SHINE,10/3/2021,460.0,460.0,425.4,431.1,-4.41,52631.0,449.7,384.0
SHINE,10/4/2021,424.0,446.0,416.0,425.0,-1.41,72337.0,449.7,384.0
SHINE,10/5/2021,425.0,448.0,425.0,439.9,3.51,42953.0,449.7,384.0
SHINE,10/6/2021,440.0,475.0,440.0,472.1,7.32,59707.0,449.7,384.0
SHINE,10/10/2021,481.5,485.0,452.0,456.0,-3.41,62627.0,449.7,384.0
SHINE,10/11/2021,452.0,460.0,440.0,459.0,0.66,41812.0,449.7,384.0
SHINE,10/17/2021,459.9,468.1,452.0,460.0,0.22,8910.0,449.7,384.0
SHINE,10/18/2021,451.1,454.1,441.0,447.0,-2.83,31474.0,449.7,384.0
SHINE,10/19/2021,440.0,447.0,414.0,428.0,-4.25,46289.0,449.7,384.0
SHINE,10/20/2021,436.5,454.1,435.0,447.0,4.44,29452.0,449.7,384.0
SHINE,10/21/2021,447.0,450.0,435.0,435.0,-2.68,22364.0,449.7,384.0
SHINE,10/24/2021,430.0,449.9,419.0,437.0,0.46,17024.0,449.7,384.0
SHINE,10/25/2021,445.0,477.9,442.0,477.0,9.15,96986.0,449.7,384.0
SHINE,10/26/2021,481.0,521.0,480.0,510.0,6.92,128458.0,449.7,384.0
SHINE,10/27/2021,515.0,520.0,490.0,506.0,-0.78,96576.0,449.7,384.0
SHINE,10/28/2021,497.1,510.0,497.0,505.0,-0.2,57071.0,449.7,384.0
SHINE,10/31/2021,514.0,536.0,510.0,532.0,5.35,146805.0,449.7,384.0
SHINE,11/1/2021,530.0,545.0,512.1,514.0,-3.38,165911.0,449.7,384.0
SHINE,11/2/2021,514.0,543.0,506.0,535.0,4.09,167316.0,449.7,384.0
SHINE,11/3/2021,545.0,553.0,534.0,538.0,0.56,185723.0,449.7,384.0
SHINE,11/8/2021,548.7,563.0,537.0,538.0,0.0,115224.0,449.7,384.0
SHINE,11/9/2021,535.0,545.0,502.0,507.0,-5.76,247469.0,449.7,384.0
SHINE,11/11/2021,507.0,515.0,497.0,500.0,-1.38,127402.0,449.7,384.0
SHINE,11/14/2021,500.0,515.0,495.0,512.0,2.4,138473.0,449.7,384.0
SHINE,11/15/2021,522.0,537.0,516.0,534.9,4.47,212463.0,449.7,384.0
SHINE,11/16/2021,537.0,544.0,530.0,536.0,0.21,152732.0,449.7,384.0
SHINE,11/17/2021,546.7,546.7,522.0,526.0,-1.87,127538.0,449.7,384.0
SHINE,11/18/2021,520.0,535.0,510.0,518.0,-1.52,85506.0,449.7,384.0
SHINE,11/21/2021,528.3,528.3,513.5,516.0,-0.39,46506.0,449.7,384.0
SHINE,11/22/2021,520.0,523.9,512.1,514.0,-0.39,33822.0,449.7,384.0
SHINE,11/23/2021,510.0,518.0,494.0,501.0,-2.53,105762.0,449.7,384.0
SHINE,11/24/2021,511.0,514.0,487.0,510.0,1.8,71286.0,449.7,384.0
SHINE,11/25/2021,520.0,520.0,501.0,503.9,-1.2,52168.0,449.7,384.0
SHINE,11/28/2021,493.9,499.8,474.0,475.0,-5.74,142721.0,449.7,384.0
SHINE,11/29/2021,474.0,489.0,454.0,460.0,-3.16,186178.0,449.7,384.0
SHINE,11/30/2021,469.2,471.2,450.0,463.5,0.76,94768.0,449.7,384.0
SHINE,12/1/2021,472.7,480.0,464.0,471.0,1.62,46874.0,449.7,384.0
SHINE,12/2/2021,472.0,472.0,447.0,448.0,-4.88,125447.0,449.7,384.0
SHINE,12/5/2021,405.0,409.2,386.0,389.0,-13.17,86201.0,449.7,384.0
SHINE,12/6/2021,396.7,406.0,375.0,403.0,3.6,90333.0,449.7,384.0
SHINE,12/7/2021,411.0,418.0,392.0,392.0,-2.73,85252.0,449.7,384.0
SHINE,12/8/2021,392.0,395.0,379.0,382.0,-2.55,37138.0,449.7,384.0
SHINE,12/9/2021,387.0,387.0,368.0,377.0,-1.31,36981.0,449.7,384.0
SHINE,12/12/2021,370.0,375.0,345.0,351.0,-6.9,71188.0,449.7,384.0
SHINE,12/13/2021,344.0,355.0,324.0,333.0,-5.13,82152.0,449.7,384.0
SHINE,12/14/2021,339.6,366.0,333.5,365.0,9.61,32047.0,449.7,384.0
SHINE,12/15/2021,372.0,382.5,358.0,364.0,-0.27,108837.0,449.7,384.0
SHINE,12/16/2021,360.0,362.0,345.8,349.0,-4.12,39048.0,449.7,384.0
SHINE,12/20/2021,354.0,354.0,338.0,338.0,-3.15,21631.0,449.7,384.0
SHINE,12/21/2021,344.0,349.9,338.2,349.0,3.25,22865.0,449.7,384.0
SHINE,12/22/2021,355.0,375.0,353.1,373.0,6.88,79533.0,449.7,384.0
SHINE,12/23/2021,380.4,384.0,360.7,365.0,-2.14,71417.0,449.7,384.0
SHINE,12/26/2021,365.0,381.0,365.0,374.9,2.71,46940.0,449.7,384.0
SHINE,12/27/2021,377.0,378.0,355.2,355.2,-5.25,51223.0,449.7,384.0
SHINE,12/28/2021,349.1,364.0,348.5,362.0,1.91,34505.0,449.7,384.0
SHINE,12/29/2021,365.0,368.0,356.2,361.0,-0.28,25110.0,449.7,384.0
SHINE,1/2/2022,366.5,375.0,358.2,372.0,3.05,46505.0,449.7,384.0
SHINE,1/3/2022,372.0,391.0,364.6,379.1,1.91,59045.0,449.7,384.0
SHINE,1/4/2022,380.0,408.0,373.0,403.0,6.3,125800.0,449.7,384.0
SHINE,1/5/2022,403.0,410.0,390.0,392.0,-2.73,66714.0,449.7,384.0
SHINE,1/6/2022,385.0,405.0,385.0,405.0,3.32,68140.0,449.7,384.0
SHINE,1/9/2022,413.0,437.5,410.0,431.9,6.64,120688.0,449.7,384.0
SHINE,1/10/2022,435.0,443.0,425.0,440.1,1.9,142818.0,449.7,384.0
SHINE,1/11/2022,434.0,463.0,433.1,453.0,2.93,114113.0,449.7,384.0
SHINE,1/12/2022,448.0,458.0,437.0,441.0,-2.65,114659.0,449.7,384.0
SHINE,1/13/2022,445.0,453.0,435.0,451.0,2.27,77734.0,449.7,384.0
SHINE,1/16/2022,460.0,473.0,452.0,461.0,2.22,137692.0,449.7,384.0
SHINE,1/17/2022,468.9,468.9,455.1,460.1,-0.2,64939.0,449.7,384.0
SHINE,1/18/2022,469.3,469.3,438.5,446.0,-3.06,62802.0,449.7,384.0
SHINE,1/19/2022,438.0,455.0,438.0,447.0,0.22,66911.0,449.7,384.0
SHINE,1/20/2022,445.0,459.0,445.0,455.1,1.81,57600.0,449.7,384.0
SHINE,1/23/2022,464.2,471.0,446.0,450.0,-1.12,116580.0,449.7,384.0
SHINE,1/24/2022,450.0,450.0,421.1,430.0,-4.44,144384.0,449.7,384.0
SHINE,1/25/2022,430.0,443.0,420.0,428.0,-0.47,73775.0,449.7,384.0
SHINE,1/26/2022,425.0,430.0,415.1,418.0,-2.34,61873.0,449.7,384.0
SHINE,1/27/2022,420.0,426.0,416.0,419.6,0.38,46372.0,449.7,384.0
SHINE,1/30/2022,427.9,452.0,427.9,452.0,7.72,97877.0,449.7,384.0
SHINE,1/31/2022,458.0,458.0,442.1,443.0,-1.99,38319.0,449.7,384.0
SHINE,2/1/2022,434.9,450.8,434.9,450.8,1.76,76497.0,449.7,384.0
SHINE,2/3/2022,459.0,459.9,444.0,444.0,-1.51,84026.0,449.7,384.0
SHINE,2/6/2022,439.0,447.0,435.3,436.0,-1.8,42340.0,449.7,384.0
SHINE,2/7/2022,428.0,443.0,427.3,439.0,0.69,22053.0,449.7,384.0
SHINE,2/8/2022,447.7,465.0,432.0,436.0,-0.68,65838.0,449.7,384.0
SHINE,2/9/2022,427.3,440.1,427.3,430.0,-1.38,37244.0,449.7,384.0
SHINE,2/10/2022,430.0,436.0,424.0,427.5,-0.58,45962.0,449.7,384.0
SHINE,2/13/2022,420.0,420.0,403.9,408.0,-4.56,69757.0,449.7,384.0
SHINE,2/14/2022,415.0,422.0,407.0,409.0,0.25,48000.0,449.7,384.0
SHINE,2/15/2022,411.0,423.0,410.0,422.5,3.3,27174.0,449.7,384.0
SHINE,2/16/2022,429.0,429.0,411.6,416.0,-1.54,27359.0,449.7,384.0
SHINE,2/17/2022,408.0,423.0,407.8,413.0,-0.72,16933.0,449.7,384.0
SHINE,2/20/2022,409.9,410.0,395.0,406.9,-1.48,57366.0,449.7,384.0
SHINE,2/21/2022,412.5,412.5,405.0,407.0,0.02,29596.0,449.7,384.0
SHINE,2/22/2022,407.0,415.0,405.8,407.0,0.0,39439.0,449.7,384.0
SHINE,2/23/2022,400.3,410.0,400.3,402.2,-1.18,23515.0,449.7,384.0
SHINE,2/24/2022,401.0,404.0,391.0,396.0,-1.54,63038.0,449.7,384.0
SHINE,2/27/2022,390.0,403.0,390.0,393.0,-0.76,26339.0,449.7,384.0
SHINE,2/28/2022,400.0,408.0,385.0,389.8,-0.81,33628.0,449.7,384.0
SHINE,3/2/2022,386.0,390.0,372.1,373.0,-4.31,70750.0,449.7,384.0
SHINE,3/6/2022,373.0,387.0,373.0,377.0,1.07,37729.0,449.7,384.0
SHINE,3/7/2022,375.0,384.0,375.0,379.8,0.74,27787.0,449.7,384.0
SHINE,3/9/2022,380.0,380.1,369.5,372.0,-2.05,34772.0,449.7,384.0
SHINE,3/10/2022,372.0,390.0,366.0,390.0,4.84,35457.0,449.7,384.0
SHINE,3/13/2022,397.8,409.9,392.0,406.5,4.23,67835.0,449.7,384.0
SHINE,3/14/2022,412.0,412.9,400.0,408.0,0.37,12759.0,449.7,384.0
SHINE,3/15/2022,408.0,410.0,395.0,404.0,-0.98,58316.0,449.7,384.0
SHINE,3/16/2022,409.5,410.0,398.0,400.0,-0.99,45875.0,449.7,384.0
SHINE,3/20/2022,405.0,405.0,397.0,397.6,-0.6,53400.0,449.7,384.0
SHINE,3/21/2022,405.0,413.1,391.4,413.0,3.87,46052.0,449.7,384.0
SHINE,3/22/2022,420.0,424.0,413.0,416.9,0.94,77545.0,449.7,384.0
SHINE,3/23/2022,411.0,418.0,408.8,414.0,-0.7,48904.0,449.7,384.0
SHINE,3/24/2022,410.0,415.0,406.0,406.1,-1.91,34620.0,449.7,384.0
SHINE,3/27/2022,406.1,406.1,395.1,395.2,-2.68,54505.0,449.7,384.0
SHINE,3/28/2022,390.0,402.0,387.3,390.0,-1.32,32309.0,449.7,384.0
SHINE,3/29/2022,396.0,396.0,385.2,388.0,-0.51,20029.0,449.7,384.0
SHINE,3/30/2022,388.0,403.9,385.0,402.0,3.61,30832.0,449.7,384.0
SHINE,3/31/2022,405.0,408.0,392.0,392.0,-2.49,23508.0,449.7,384.0
SHINE,4/3/2022,390.0,391.1,384.3,386.0,-1.53,14231.0,449.7,384.0
SHINE,4/4/2022,385.0,392.0,379.1,386.0,0.0,16899.0,449.7,384.0
SHINE,4/5/2022,381.0,382.0,371.0,377.0,-2.33,45917.0,449.7,384.0
SHINE,4/6/2022,373.0,384.0,370.0,376.0,-0.27,29993.0,449.7,384.0
SHINE,4/7/2022,376.0,389.0,376.0,384.0,2.13,30165.0,449.7,384.0
SHINE,4/11/2022,390.0,396.9,378.0,379.9,-1.07,34116.0,449.7,384.0
SHINE,4/12/2022,380.0,383.0,370.0,375.0,-1.29,29241.0,449.7,384.0
SHINE,4/13/2022,380.0,382.0,364.0,382.0,1.87,29571.0,449.7,384.0
SHINE,4/17/2022,382.0,386.0,374.0,376.0,-1.57,17963.0,449.7,384.0
SHINE,4/18/2022,370.0,375.0,363.0,365.0,-2.93,31837.0,449.7,384.0
SHINE,4/19/2022,361.0,375.0,358.0,369.0,1.1,19787.0,449.7,384.0
SHINE,4/20/2022,365.0,375.0,360.2,360.8,-2.22,8551.0,449.7,384.0
SHINE,4/21/2022,358.0,362.1,349.0,358.0,-0.78,18867.0,449.7,384.0
SHINE,4/24/2022,365.1,388.0,358.0,386.0,7.82,27501.0,449.7,384.0
SHINE,4/25/2022,386.0,391.7,370.5,372.4,-3.52,26476.0,449.7,384.0
SHINE,4/26/2022,370.0,380.4,365.7,370.0,-0.64,13573.0,449.7,384.0
SHINE,4/27/2022,377.0,377.4,362.6,375.0,1.35,15901.0,449.7,384.0
SHINE,4/28/2022,374.0,380.0,367.0,367.1,-2.11,28800.0,449.7,384.0
SHINE,5/2/2022,366.8,366.8,354.1,354.1,-3.54,36428.0,449.7,384.0
SHINE,5/4/2022,348.0,357.0,343.0,345.0,-2.57,25108.0,449.7,384.0
SHINE,5/5/2022,340.1,355.0,334.0,336.0,-2.61,24884.0,449.7,384.0
SHINE,5/8/2022,335.1,354.7,330.0,351.8,4.7,18090.0,449.7,384.0
SHINE,5/9/2022,350.0,357.9,343.0,351.0,-0.23,21951.0,449.7,384.0
SHINE,5/10/2022,351.0,358.5,350.1,355.1,1.17,13102.0,449.7,384.0
SHINE,5/11/2022,362.2,372.0,351.0,370.0,4.2,38205.0,449.7,384.0
SHINE,5/12/2022,376.9,377.0,361.8,361.8,-2.22,32157.0,449.7,384.0
SHINE,5/17/2022,355.0,361.0,344.0,346.0,-4.37,23496.0,449.7,384.0
SHINE,5/18/2022,352.8,352.9,339.0,351.9,1.71,20177.0,449.7,384.0
SHINE,5/19/2022,347.0,351.9,341.0,343.9,-2.27,21403.0,449.7,384.0
SHINE,5/20/2022,341.0,350.0,339.1,341.0,-0.84,20431.0,449.7,384.0
SHINE,5/23/2022,341.0,341.0,330.0,334.0,-2.05,22318.0,449.7,384.0
SHINE,5/24/2022,334.0,341.7,330.5,338.0,1.2,10046.0,449.7,384.0
SHINE,5/25/2022,344.0,347.0,338.0,339.0,0.3,29834.0,449.7,384.0
SHINE,5/26/2022,342.0,342.0,335.0,337.0,-0.59,11437.0,449.7,384.0
SHINE,5/27/2022,341.0,341.0,332.0,334.0,-0.89,11612.0,449.7,384.0
SHINE,5/30/2022,334.0,335.0,325.0,326.1,-2.37,16542.0,449.7,384.0
SHINE,5/31/2022,320.1,329.8,315.1,318.5,-2.33,28330.0,449.7,384.0
SHINE,6/1/2022,324.8,331.0,318.0,320.7,0.69,13833.0,449.7,384.0
SHINE,6/2/2022,324.0,326.9,316.0,321.9,0.37,15870.0,449.7,384.0
SHINE,6/3/2022,321.0,322.0,310.0,316.0,-1.83,16412.0,449.7,384.0
SHINE,6/6/2022,320.0,321.0,312.0,315.0,-0.32,35733.0,449.7,384.0
SHINE,6/7/2022,310.0,316.2,305.1,306.0,-2.86,20160.0,449.7,384.0
SHINE,6/8/2022,300.0,321.7,300.0,316.0,3.27,21124.0,449.7,384.0
SHINE,6/9/2022,322.0,326.0,309.0,310.0,-1.9,39236.0,449.7,384.0
SHINE,6/10/2022,310.0,314.9,308.0,310.0,0.0,5651.0,449.7,384.0
SHINE,6/13/2022,315.0,315.0,306.0,308.0,-0.65,5731.0,449.7,384.0
SHINE,6/14/2022,306.0,306.0,297.2,297.8,-3.31,21557.0,449.7,384.0
SHINE,6/15/2022,297.8,300.0,290.0,297.0,-0.27,18781.0,449.7,384.0
SHINE,6/16/2022,292.0,305.0,292.0,298.0,0.34,59262.0,449.7,384.0
SHINE,6/17/2022,300.9,301.4,290.1,295.0,-1.01,7510.0,449.7,384.0
SHINE,6/19/2022,293.0,293.0,282.3,282.3,-4.31,25237.0,449.7,384.0
SHINE,6/20/2022,280.0,282.4,272.5,274.0,-2.94,22996.0,449.7,384.0
SHINE,6/21/2022,278.0,290.0,269.1,288.0,5.11,28742.0,449.7,384.0
SHINE,6/22/2022,290.0,290.0,273.5,276.0,-4.17,18103.0,449.7,384.0
SHINE,6/23/2022,276.0,276.0,261.0,265.0,-3.99,27306.0,449.7,384.0
SHINE,6/24/2022,259.7,283.0,255.1,266.0,0.38,18186.0,449.7,384.0
SHINE,6/26/2022,271.0,285.0,267.3,284.9,7.11,52333.0,449.7,384.0
SHINE,6/27/2022,287.0,290.7,274.0,274.0,-3.83,44941.0,449.7,384.0
SHINE,6/28/2022,268.6,276.0,267.0,272.0,-0.73,12588.0,449.7,384.0
SHINE,6/29/2022,276.0,286.0,274.0,286.0,5.15,33073.0,449.7,384.0
SHINE,6/30/2022,291.0,304.8,283.0,302.0,5.59,63018.0,449.7,384.0
SHINE,7/1/2022,304.0,306.0,294.0,296.0,-1.99,35646.0,449.7,384.0
SHINE,7/3/2022,301.9,307.5,291.2,304.4,2.84,54701.0,449.7,384.0
SHINE,7/4/2022,310.0,319.9,299.0,306.0,0.53,117133.0,449.7,384.0
SHINE,7/5/2022,300.0,312.0,292.0,295.0,-3.59,55740.0,449.7,384.0
SHINE,7/6/2022,295.0,300.0,286.0,297.5,0.85,29523.0,449.7,384.0
SHINE,7/7/2022,303.4,308.0,293.0,294.0,-1.18,34027.0,449.7,384.0
SHINE,7/8/2022,299.8,299.8,286.0,290.0,-1.36,27759.0,449.7,384.0
SHINE,7/11/2022,284.2,285.0,275.0,278.0,-4.14,33853.0,449.7,384.0
SHINE,7/12/2022,282.9,285.0,274.0,278.0,0.0,20551.0,449.7,384.0
SHINE,7/13/2022,283.0,296.0,279.2,294.0,5.76,47280.0,449.7,384.0
SHINE,7/14/2022,299.0,300.0,289.0,293.0,-0.34,32376.0,449.7,384.0
SHINE,7/15/2022,288.0,295.0,287.2,294.9,0.65,20276.0,449.7,384.0
SHINE,7/17/2022,295.0,301.0,290.0,297.4,0.85,34213.0,449.7,384.0
SHINE,7/18/2022,298.0,301.0,292.1,300.0,0.87,19013.0,449.7,384.0
SHINE,7/19/2022,305.0,306.0,298.9,303.0,1.0,32470.0,449.7,384.0
SHINE,7/20/2022,305.9,308.8,296.0,306.5,1.16,39550.0,449.7,384.0
SHINE,7/21/2022,307.0,307.0,301.1,302.9,-1.17,30036.0,449.7,384.0
SHINE,7/22/2022,298.0,301.0,295.2,296.0,-2.28,28819.0,449.7,384.0
SHINE,7/24/2022,297.0,311.0,296.2,308.0,4.05,72140.0,449.7,384.0
SHINE,7/25/2022,314.1,336.0,310.0,327.5,6.33,99278.0,449.7,384.0
SHINE,7/26/2022,327.0,332.0,317.0,318.9,-2.63,81748.0,449.7,384.0
SHINE,7/27/2022,315.0,325.0,310.1,320.0,0.34,97529.0,449.7,384.0
SHINE,7/28/2022,326.0,341.8,325.6,331.0,3.44,187628.0,449.7,384.0
SHINE,7/29/2022,336.9,350.0,330.0,346.0,4.53,96374.0,449.7,384.0
SHINE,7/31/2022,344.0,360.0,344.0,352.9,1.99,142120.0,449.7,384.0
SHINE,8/1/2022,346.0,352.0,341.1,345.0,-2.24,109091.0,449.7,384.0
SHINE,8/2/2022,351.0,351.0,335.9,341.0,-1.16,62812.0,449.7,384.0
SHINE,8/3/2022,347.0,352.0,337.0,337.0,-1.17,82659.0,449.7,384.0
SHINE,8/4/2022,340.0,343.0,330.0,330.0,-2.08,72181.0,449.7,384.0
SHINE,8/5/2022,336.6,336.6,325.0,326.0,-1.21,50014.0,449.7,384.0
SHINE,8/7/2022,326.0,334.0,325.0,328.0,0.61,35324.0,449.7,384.0
SHINE,8/8/2022,334.0,334.9,321.0,328.8,0.24,48743.0,449.7,384.0
SHINE,8/9/2022,325.0,331.1,314.5,318.0,-3.28,50310.0,449.7,384.0
SHINE,8/10/2022,313.0,320.0,311.9,314.0,-1.26,34542.0,449.7,384.0
SHINE,8/11/2022,320.0,320.0,310.7,313.0,-0.32,25612.0,449.7,384.0
SHINE,8/14/2022,316.9,318.0,306.0,309.0,-1.28,27705.0,449.7,384.0
SHINE,8/15/2022,309.5,327.0,307.0,327.0,5.83,46194.0,449.7,384.0
SHINE,8/16/2022,333.4,334.0,316.1,317.2,-3.0,62329.0,449.7,384.0
SHINE,8/17/2022,317.5,326.0,316.0,318.0,0.25,24566.0,449.7,384.0
SHINE,8/18/2022,321.0,330.1,320.1,327.0,2.83,40817.0,449.7,384.0
SHINE,8/21/2022,330.4,331.0,324.0,325.0,-0.61,32347.0,449.7,384.0
SHINE,8/22/2022,321.1,324.9,320.0,321.0,-1.23,12671.0,449.7,384.0
SHINE,8/23/2022,318.0,325.0,317.0,322.0,0.31,17424.0,449.7,384.0
SHINE,8/24/2022,327.5,328.0,317.8,322.0,0.0,15398.0,449.7,384.0
SHINE,8/25/2022,322.1,324.9,316.0,316.0,-1.86,28125.0,449.7,384.0
SHINE,8/26/2022,312.0,315.9,312.0,315.0,-0.32,9466.0,449.7,384.0
SHINE,8/28/2022,312.0,316.0,306.0,307.9,-2.25,29339.0,449.7,384.0
SHINE,8/29/2022,313.9,313.9,303.0,308.0,0.03,18132.0,449.7,384.0
SHINE,8/30/2022,312.0,312.0,307.0,308.4,0.13,44425.0,449.7,384.0
SHINE,8/31/2022,306.0,311.9,302.0,304.0,-1.43,14495.0,449.7,384.0
SHINE,9/1/2022,300.2,307.0,297.0,303.1,-0.3,22971.0,449.7,384.0
SHINE,9/2/2022,309.0,309.0,300.0,301.9,-0.4,11544.0,449.7,384.0
SHINE,9/4/2022,302.0,310.0,302.0,310.0,2.68,23680.0,449.7,384.0
SHINE,9/5/2022,314.0,315.0,307.5,309.0,-0.32,11218.0,449.7,384.0
SHINE,9/6/2022,303.0,309.0,302.0,302.5,-2.1,10707.0,449.7,384.0
SHINE,9/7/2022,300.0,302.0,298.0,300.5,-0.66,11168.0,449.7,384.0
SHINE,9/8/2022,300.0,305.8,298.0,304.6,1.36,15389.0,449.7,384.0
SHINE,9/11/2022,301.1,304.0,299.1,300.0,-1.51,16751.0,449.7,384.0
SHINE,9/12/2022,301.0,301.0,295.0,298.0,-0.67,10324.0,449.7,384.0
SHINE,9/13/2022,303.0,305.0,300.0,302.0,1.34,13970.0,449.7,384.0
SHINE,9/14/2022,302.0,316.2,302.0,315.5,4.47,23827.0,449.7,384.0
SHINE,9/15/2022,310.2,316.4,299.9,303.0,-3.96,38309.0,449.7,384.0
SHINE,9/16/2022,297.0,300.0,290.2,298.0,-1.65,41088.0,449.7,384.0
SHINE,9/18/2022,299.9,302.0,285.0,286.0,-4.03,24439.0,449.7,384.0
SHINE,9/20/2022,282.0,283.0,277.0,278.1,-2.76,23218.0,449.7,384.0
SHINE,9/21/2022,282.0,285.9,278.0,282.5,1.58,15331.0,449.7,384.0
SHINE,9/22/2022,286.0,286.0,278.5,280.0,-0.88,11866.0,449.7,384.0
SHINE,9/25/2022,276.0,281.4,270.3,274.5,-1.96,7423.0,449.7,384.0
SHINE,9/27/2022,278.0,283.0,272.6,280.0,2.0,19194.0,449.7,384.0
SHINE,9/28/2022,284.0,284.0,278.1,280.0,0.0,6748.0,449.7,384.0
SHINE,9/29/2022,284.0,284.9,278.0,282.9,1.04,14782.0,449.7,384.0
SHINE,10/9/2022,285.0,294.7,284.1,291.0,2.86,11082.0,449.7,384.0
SHINE,10/10/2022,296.8,296.8,282.0,287.0,-1.37,13431.0,449.7,384.0
SHINE,10/11/2022,289.0,289.0,281.0,284.0,-1.05,9874.0,449.7,384.0
SHINE,10/12/2022,285.0,291.0,281.2,285.0,0.35,34918.0,449.7,384.0
SHINE,10/13/2022,290.0,291.0,286.0,290.4,1.89,12214.0,449.7,384.0
SHINE,10/16/2022,286.0,288.9,282.0,283.1,-2.51,9365.0,449.7,384.0
SHINE,10/17/2022,281.0,286.0,280.5,281.5,-0.57,3805.0,449.7,384.0
SHINE,10/19/2022,281.0,281.0,277.1,278.0,-1.24,8540.0,449.7,384.0
SHINE,10/20/2022,275.0,280.1,273.0,278.0,0.0,8666.0,449.7,384.0
SHINE,10/23/2022,278.0,282.0,276.0,280.0,0.72,4949.0,449.7,384.0
SHINE,10/31/2022,285.6,301.5,285.0,299.8,7.07,52794.0,449.7,384.0
SHINE,11/1/2022,302.0,312.9,298.0,310.0,3.4,57369.0,449.7,384.0
SHINE,11/2/2022,310.0,318.0,304.0,315.0,1.61,75943.0,449.7,384.0
SHINE,11/3/2022,309.1,321.0,308.8,315.0,0.0,84745.0,449.7,384.0
SHINE,11/6/2022,321.3,326.0,312.0,324.9,3.14,42513.0,449.7,384.0
SHINE,11/7/2022,326.0,331.9,320.0,324.0,-0.28,76282.0,449.7,384.0
SHINE,11/8/2022,330.4,330.4,318.5,323.0,-0.31,56862.0,449.7,384.0
SHINE,11/9/2022,329.0,329.0,310.0,313.0,-3.1,52172.0,449.7,384.0
SHINE,11/10/2022,319.2,319.2,305.0,305.3,-2.46,75804.0,449.7,384.0
SHINE,11/13/2022,310.5,315.0,305.0,307.0,0.56,23026.0,449.7,384.0
SHINE,11/14/2022,307.0,314.0,305.6,314.0,2.28,29918.0,449.7,384.0
SHINE,11/15/2022,317.9,317.9,309.0,310.0,-1.27,30220.0,449.7,384.0
SHINE,11/16/2022,314.0,318.0,311.0,317.0,2.26,22407.0,449.7,384.0
SHINE,11/17/2022,323.0,324.6,317.6,322.0,1.58,89240.0,449.7,384.0
SHINE,11/22/2022,326.0,328.0,316.8,320.0,-0.62,37165.0,449.7,384.0
SHINE,11/23/2022,316.1,329.0,315.4,327.0,2.19,55281.0,449.7,384.0
SHINE,11/24/2022,333.0,345.9,333.0,343.0,4.89,225483.0,449.7,384.0
SHINE,11/27/2022,345.0,350.5,341.1,350.0,2.04,108032.0,449.7,384.0
SHINE,11/28/2022,344.0,352.0,339.0,341.0,-2.57,170248.0,449.7,384.0
SHINE,11/29/2022,339.0,344.0,338.1,341.9,0.26,44293.0,449.7,384.0
SHINE,11/30/2022,341.5,342.1,339.2,340.0,-0.56,32204.0,449.7,384.0
SHINE,12/1/2022,340.0,344.8,338.0,341.0,0.29,101748.0,449.7,384.0
SHINE,12/4/2022,341.1,344.0,340.1,340.1,-0.26,41431.0,449.7,384.0
SHINE,12/5/2022,338.1,341.9,332.1,332.1,-2.35,45307.0,449.7,384.0
SHINE,12/6/2022,330.1,335.0,329.0,330.0,-0.63,48709.0,449.7,384.0
SHINE,12/7/2022,330.0,332.0,326.0,326.0,-1.21,35916.0,449.7,384.0
SHINE,12/11/2022,327.0,330.0,322.7,325.0,-0.31,31442.0,449.7,384.0
SHINE,12/12/2022,328.9,334.9,325.0,334.0,2.77,31731.0,449.7,384.0
SHINE,12/13/2022,329.0,335.0,328.1,334.0,0.0,22749.0,449.7,384.0
SHINE,12/14/2022,330.7,334.8,328.0,329.0,-1.5,16987.0,449.7,384.0
SHINE,12/15/2022,333.8,333.8,325.0,325.3,-1.12,30419.0,449.7,384.0
SHINE,12/18/2022,327.0,327.0,321.0,324.4,-0.28,34256.0,449.7,384.0
SHINE,12/19/2022,324.0,333.0,324.0,329.9,1.7,13478.0,449.7,384.0
SHINE,12/20/2022,330.0,338.0,330.0,335.9,1.82,37715.0,449.7,384.0
SHINE,12/21/2022,342.0,342.5,332.0,332.0,-1.16,43663.0,449.7,384.0
SHINE,12/22/2022,335.0,336.0,331.1,333.0,0.3,35123.0,449.7,384.0
SHINE,12/26/2022,339.6,345.9,336.0,344.0,3.3,155661.0,449.7,384.0
SHINE,12/27/2022,309.6,325.0,309.6,318.0,-7.56,97467.0,449.7,384.0
SHINE,12/28/2022,318.0,320.1,311.7,314.0,-1.26,27352.0,449.7,384.0
SHINE,12/29/2022,314.0,324.9,309.1,323.0,2.87,50133.0,449.7,384.0
SHINE,1/1/2023,328.0,329.0,314.0,321.0,-0.62,56778.0,449.7,384.0
SHINE,1/2/2023,321.0,326.0,319.0,321.0,0.0,58484.0,449.7,384.0
SHINE,1/3/2023,324.5,324.5,314.6,316.4,-1.43,41939.0,449.7,384.0
SHINE,1/4/2023,320.7,330.0,315.1,326.1,3.07,83645.0,449.7,384.0
SHINE,1/5/2023,332.0,337.0,326.1,331.0,1.5,89574.0,449.7,384.0
SHINE,1/8/2023,332.9,340.0,326.1,337.0,1.81,93142.0,449.7,384.0
SHINE,1/9/2023,338.0,350.0,331.0,350.0,3.86,111454.0,449.7,384.0
SHINE,1/10/2023,354.5,369.9,350.0,351.1,0.31,253322.0,449.7,384.0
SHINE,1/12/2023,358.1,371.0,345.0,345.2,-1.68,129833.0,449.7,384.0
SHINE,1/17/2023,352.1,358.0,342.0,353.0,2.26,88824.0,449.7,384.0
SHINE,1/18/2023,353.0,364.0,353.0,353.3,0.08,92488.0,449.7,384.0
SHINE,1/19/2023,353.5,360.9,350.0,354.9,0.45,84667.0,449.7,384.0
SHINE,1/23/2023,360.0,365.0,357.0,357.0,0.59,150937.0,449.7,384.0
SHINE,1/24/2023,358.0,364.0,353.0,358.2,0.34,55761.0,449.7,384.0
SHINE,1/25/2023,363.0,367.0,358.7,360.1,0.53,50890.0,449.7,384.0
SHINE,1/26/2023,365.0,365.0,355.1,359.0,-0.31,35076.0,449.7,384.0
SHINE,1/29/2023,352.0,360.3,351.9,355.0,-1.11,42126.0,449.7,384.0
SHINE,1/30/2023,359.0,359.0,345.0,347.4,-2.14,88525.0,449.7,384.0
SHINE,1/31/2023,341.0,348.0,341.0,345.0,-0.69,46821.0,449.7,384.0
SHINE,2/1/2023,345.0,348.0,342.5,344.0,-0.29,28606.0,449.7,384.0
SHINE,2/2/2023,349.0,350.0,341.0,341.0,-0.87,34562.0,449.7,384.0
SHINE,2/5/2023,347.0,347.0,340.0,341.1,0.03,23882.0,449.7,384.0
SHINE,2/6/2023,340.9,343.0,336.0,341.0,-0.03,20784.0,449.7,384.0
SHINE,2/7/2023,344.0,360.0,343.0,359.0,5.28,65451.0,449.7,384.0
SHINE,2/8/2023,365.0,369.9,351.9,360.9,0.53,95017.0,449.7,384.0
SHINE,2/9/2023,354.6,365.0,354.6,364.0,0.86,34823.0,449.7,384.0
SHINE,2/12/2023,357.0,357.0,346.3,351.0,-3.57,79172.0,449.7,384.0
SHINE,2/14/2023,346.0,355.0,345.1,348.0,-0.85,36877.0,449.7,384.0
SHINE,2/15/2023,348.0,351.9,340.0,341.9,-1.75,22431.0,449.7,384.0
SHINE,2/16/2023,340.1,344.0,338.0,339.0,-0.85,27709.0,449.7,384.0
SHINE,2/20/2023,335.0,340.0,335.0,338.3,-0.21,17594.0,449.7,384.0
SHINE,2/22/2023,338.0,350.0,338.0,344.9,1.95,32971.0,449.7,384.0
SHINE,2/23/2023,339.0,345.0,337.1,342.0,-0.84,35137.0,449.7,384.0
SHINE,2/26/2023,339.0,344.0,330.1,344.0,0.58,33691.0,449.7,384.0
SHINE,2/27/2023,346.0,346.0,333.5,343.8,-0.06,20103.0,449.7,384.0
SHINE,2/28/2023,348.0,348.0,340.0,346.9,0.9,21627.0,449.7,384.0
SHINE,3/1/2023,342.0,342.0,335.0,339.0,-2.28,10839.0,449.7,384.0
SHINE,3/2/2023,334.1,338.5,332.0,334.0,-1.47,21156.0,449.7,384.0
SHINE,3/5/2023,334.0,337.0,323.0,334.8,0.24,39052.0,449.7,384.0
SHINE,3/7/2023,338.8,340.0,330.0,335.0,0.06,15399.0,449.7,384.0
SHINE,3/9/2023,341.0,348.8,338.0,343.1,2.42,34274.0,449.7,384.0
SHINE,3/12/2023,344.1,345.9,336.0,339.0,-1.19,22716.0,449.7,384.0
SHINE,3/13/2023,335.2,338.0,333.1,335.0,-1.18,12203.0,449.7,384.0
SHINE,3/14/2023,334.0,341.7,330.0,341.0,1.79,36938.0,449.7,384.0
SHINE,3/15/2023,342.9,342.9,330.0,337.0,-1.17,32841.0,449.7,384.0
SHINE,3/16/2023,333.0,337.0,330.0,333.9,-0.92,19582.0,449.7,384.0
SHINE,3/19/2023,335.0,335.0,331.0,331.7,-0.66,7848.0,449.7,384.0
SHINE,3/20/2023,334.0,336.0,332.0,335.9,1.27,12577.0,449.7,384.0
SHINE,3/22/2023,335.0,336.0,328.6,329.8,-1.82,24301.0,449.7,384.0
SHINE,3/23/2023,325.0,330.0,322.1,326.0,-1.15,28133.0,449.7,384.0
SHINE,3/26/2023,320.0,328.0,314.1,319.0,-2.15,29548.0,449.7,384.0
SHINE,3/27/2023,315.1,327.0,315.1,325.5,2.04,20950.0,449.7,384.0
SHINE,3/28/2023,331.0,332.0,318.7,324.0,-0.46,35809.0,449.7,384.0
SHINE,3/29/2023,325.0,325.0,319.0,321.9,-0.65,19038.0,449.7,384.0
SHINE,3/30/2023,321.9,325.0,318.6,318.6,-1.03,13245.0,449.7,384.0
SHINE,4/2/2023,324.0,326.0,312.0,314.0,-1.44,27384.0,449.7,384.0
SHINE,4/3/2023,318.0,318.0,306.0,307.0,-2.23,28114.0,449.7,384.0
SHINE,4/4/2023,305.0,313.1,304.1,312.0,1.63,21534.0,449.7,384.0
SHINE,4/5/2023,314.9,314.9,307.4,311.5,-0.16,8450.0,449.7,384.0
SHINE,4/6/2023,314.0,314.0,306.8,310.0,-0.48,21044.0,449.7,384.0
SHINE,4/9/2023,306.5,309.9,302.0,303.0,-2.26,27318.0,449.7,384.0
SHINE,4/10/2023,300.2,308.0,300.2,305.0,0.66,20628.0,449.7,384.0
SHINE,4/11/2023,309.0,311.0,303.0,311.0,1.97,27179.0,449.7,384.0
SHINE,4/12/2023,311.1,330.0,311.0,329.9,6.08,49018.0,449.7,384.0
SHINE,4/13/2023,325.0,335.0,322.0,323.0,-2.09,48610.0,449.7,384.0
SHINE,4/16/2023,325.0,327.0,319.0,327.0,1.24,23739.0,449.7,384.0
SHINE,4/17/2023,322.0,327.0,316.7,318.0,-2.75,15958.0,449.7,384.0
SHINE,4/18/2023,317.0,321.9,310.7,318.0,0.0,15871.0,449.7,384.0
SHINE,4/19/2023,324.0,324.0,318.0,324.0,1.89,10447.0,449.7,384.0
SHINE,4/20/2023,330.0,330.0,318.1,320.4,-1.11,13324.0,449.7,384.0
SHINE,4/23/2023,320.0,322.0,318.0,319.9,-0.16,23474.0,449.7,384.0
SHINE,4/24/2023,326.0,326.0,317.0,319.0,-0.28,16395.0,449.7,384.0
SHINE,4/25/2023,319.0,327.4,317.0,326.0,2.19,36154.0,449.7,384.0
SHINE,4/26/2023,328.9,328.9,321.0,321.9,-1.26,20970.0,449.7,384.0
SHINE,4/27/2023,318.0,324.5,318.0,323.0,0.34,15588.0,449.7,384.0
SHINE,4/30/2023,328.0,328.0,318.5,319.0,-1.24,12870.0,449.7,384.0
SHINE,5/2/2023,320.8,321.0,318.0,318.2,-0.25,13728.0,449.7,384.0
SHINE,5/3/2023,316.0,322.0,314.5,318.0,-0.06,8135.0,449.7,384.0
SHINE,5/4/2023,320.0,322.0,315.5,319.1,0.35,10522.0,449.7,384.0
SHINE,5/7/2023,315.0,321.0,315.0,318.0,-0.34,9572.0,449.7,384.0
SHINE,5/8/2023,314.0,319.0,314.0,316.0,-0.63,14130.0,449.7,384.0
SHINE,5/9/2023,315.0,320.0,313.0,316.8,0.25,13818.0,449.7,384.0
SHINE,5/10/2023,317.3,321.0,314.1,319.0,0.69,20154.0,449.7,384.0
SHINE,5/11/2023,320.0,320.0,315.7,318.0,-0.31,11279.0,449.7,384.0
SHINE,5/14/2023,320.0,323.0,314.0,314.7,-1.04,18817.0,449.7,384.0
SHINE,5/15/2023,313.2,318.0,313.1,316.0,0.41,8432.0,449.7,384.0
SHINE,5/16/2023,316.0,318.4,315.0,316.1,0.03,8321.0,449.7,384.0
SHINE,5/17/2023,322.4,324.8,319.0,321.0,1.55,20894.0,449.7,384.0
SHINE,5/18/2023,324.5,335.0,324.0,333.1,3.77,30638.0,449.7,384.0
SHINE,5/21/2023,334.0,343.7,331.0,335.0,0.57,61680.0,449.7,384.0
SHINE,5/22/2023,332.0,340.0,330.0,337.5,0.75,33089.0,449.7,384.0
SHINE,5/23/2023,340.0,348.0,336.0,345.0,2.22,46279.0,449.7,384.0
SHINE,5/24/2023,345.0,348.0,340.0,344.0,-0.29,17113.0,449.7,384.0
SHINE,5/28/2023,340.3,348.0,334.0,334.0,-2.91,45790.0,449.7,384.0
SHINE,5/30/2023,328.1,332.0,322.0,325.1,-2.66,38590.0,449.7,384.0
SHINE,5/31/2023,321.0,330.0,316.6,319.0,-1.88,44617.0,449.7,384.0
SHINE,6/1/2023,325.0,327.0,317.0,321.3,0.72,15501.0,449.7,384.0
SHINE,6/4/2023,327.7,340.0,327.7,334.0,3.95,22600.0,449.7,384.0
SHINE,6/5/2023,339.0,339.8,329.0,330.0,-1.2,37133.0,449.7,384.0
SHINE,6/6/2023,330.0,335.0,330.0,331.2,0.36,14431.0,449.7,384.0
SHINE,6/7/2023,336.0,342.0,335.0,338.0,2.05,48498.0,449.7,384.0
SHINE,6/8/2023,342.9,345.6,337.0,341.0,0.89,38553.0,449.7,384.0
SHINE,6/11/2023,342.0,361.0,340.0,358.0,4.99,124139.0,449.7,384.0
SHINE,6/12/2023,361.0,366.0,353.0,356.1,-0.53,102562.0,449.7,384.0
SHINE,6/13/2023,363.1,369.0,350.0,365.0,2.5,110496.0,449.7,384.0
SHINE,6/14/2023,368.9,371.0,352.0,360.0,-1.37,102556.0,449.7,384.0
SHINE,6/15/2023,367.2,367.2,353.1,358.7,-0.36,61782.0,449.7,384.0
SHINE,6/18/2023,364.0,367.0,356.1,358.0,-0.2,88258.0,449.7,384.0
SHINE,6/19/2023,358.0,377.0,358.0,376.9,5.28,227633.0,449.7,384.0
SHINE,6/20/2023,376.0,394.5,372.0,377.0,0.03,220915.0,449.7,384.0
SHINE,6/21/2023,379.9,382.0,368.1,373.0,-1.06,99358.0,449.7,384.0
SHINE,6/22/2023,369.1,376.0,365.0,368.0,-1.34,70097.0,449.7,384.0
SHINE,6/25/2023,369.0,390.0,369.0,387.1,5.19,156813.0,449.7,384.0
SHINE,6/26/2023,393.0,399.5,380.0,390.0,0.75,132209.0,449.7,384.0
SHINE,6/27/2023,390.0,395.0,385.0,390.0,0.0,110270.0,449.7,384.0
SHINE,6/28/2023,390.0,394.3,380.0,380.1,-2.54,79188.0,449.7,384.0
SHINE,7/2/2023,376.0,382.0,367.0,367.0,-3.45,91264.0,449.7,384.0
SHINE,7/3/2023,367.5,377.0,366.0,367.0,0.0,80241.0,449.7,384.0
SHINE,7/4/2023,374.3,374.5,366.0,370.0,0.82,47981.0,449.7,384.0
SHINE,7/5/2023,377.0,377.0,363.6,363.7,-1.7,48950.0,449.7,384.0
SHINE,7/6/2023,366.9,377.1,360.3,369.9,1.7,69406.0,449.7,384.0
SHINE,7/9/2023,376.0,377.0,370.0,376.0,1.65,71200.0,449.7,384.0
SHINE,7/10/2023,379.0,384.0,375.4,378.8,0.74,77692.0,449.7,384.0
SHINE,7/11/2023,384.0,395.0,373.4,387.0,2.16,169893.0,449.7,384.0
SHINE,7/12/2023,393.0,395.0,387.2,389.0,0.52,125845.0,449.7,384.0
SHINE,7/13/2023,394.5,396.0,383.3,385.0,-1.03,95293.0,449.7,384.0
SHINE,7/16/2023,392.0,392.0,380.0,384.0,-0.26,45930.0,449.7,384.0
SHINE,7/17/2023,389.0,410.0,382.0,410.0,6.77,193427.0,449.7,384.0
SHINE,7/18/2023,415.0,415.0,401.0,405.0,-1.22,158451.0,449.7,384.0
SHINE,7/19/2023,405.0,409.9,400.0,405.0,0.0,91029.0,449.7,384.0
SHINE,7/20/2023,405.0,408.8,399.0,402.0,-0.74,105378.0,449.7,384.0
SHINE,7/23/2023,405.0,424.0,400.0,414.8,3.18,159598.0,449.7,384.0
SHINE,7/24/2023,415.0,415.0,399.0,399.0,-3.81,169317.0,449.7,384.0
SHINE,7/25/2023,406.9,406.9,391.0,393.0,-1.5,99447.0,449.7,384.0
SHINE,7/26/2023,400.0,400.0,391.0,392.0,-0.25,70917.0,449.7,384.0
SHINE,7/27/2023,392.0,413.0,392.0,392.1,0.03,146158.0,449.7,384.0
SHINE,7/30/2023,397.0,399.0,384.2,385.1,-1.79,77786.0,449.7,384.0
SHINE,7/31/2023,385.0,398.0,384.0,389.0,1.01,68957.0,449.7,384.0
SHINE,8/1/2023,396.0,396.0,379.5,383.0,-1.54,44786.0,449.7,384.0
SHINE,8/2/2023,389.0,389.0,377.0,383.0,0.0,48269.0,449.7,384.0
SHINE,8/3/2023,387.9,392.0,381.4,382.0,-0.26,43236.0,449.7,384.0
SHINE,8/6/2023,384.0,384.8,373.1,374.0,-2.09,65407.0,449.7,384.0
SHINE,8/7/2023,375.4,383.0,372.0,375.0,0.27,50551.0,449.7,384.0
SHINE,8/8/2023,375.2,382.5,373.0,373.0,-0.53,47029.0,449.7,384.0
SHINE,8/9/2023,372.0,385.0,370.0,384.9,3.19,42773.0,449.7,384.0
SHINE,8/10/2023,390.0,390.0,380.0,384.0,-0.23,49606.0,449.7,384.0
SHINE,8/13/2023,388.0,388.9,382.1,386.0,0.52,50107.0,449.7,384.0
SHINE,8/14/2023,380.0,392.5,380.0,386.0,0.0,66468.0,449.7,384.0
SHINE,8/15/2023,385.0,389.0,375.0,376.0,-2.59,51451.0,449.7,384.0
SHINE,8/16/2023,370.0,382.0,370.0,378.0,0.53,50002.0,449.7,384.0
SHINE,8/17/2023,378.0,387.0,378.0,379.0,0.26,45302.0,449.7,384.0
SHINE,8/20/2023,375.0,382.0,374.0,379.0,0.0,31319.0,449.7,384.0
SHINE,8/21/2023,377.0,384.0,376.3,378.9,-0.03,25834.0,449.7,384.0
SHINE,8/22/2023,380.9,387.0,375.0,387.0,2.14,29132.0,449.7,384.0
SHINE,8/23/2023,383.5,391.0,383.5,389.0,0.52,38803.0,449.7,384.0
SHINE,8/24/2023,389.0,392.0,379.0,381.0,-2.06,57115.0,449.7,384.0
SHINE,8/27/2023,380.0,383.0,375.2,378.0,-0.79,25248.0,449.7,384.0
SHINE,8/28/2023,378.0,383.9,375.3,381.8,1.01,12999.0,449.7,384.0
SHINE,8/29/2023,377.5,381.9,377.1,377.1,-1.23,17286.0,449.7,384.0
SHINE,8/30/2023,377.0,381.0,375.1,379.9,0.74,23776.0,449.7,384.0
SHINE,9/3/2023,377.0,378.0,373.0,373.0,-1.82,21698.0,449.7,384.0
SHINE,9/4/2023,375.0,379.0,369.0,375.0,0.54,27936.0,449.7,384.0
SHINE,9/5/2023,375.0,376.0,372.0,375.0,0.0,13202.0,449.7,384.0
SHINE,9/7/2023,375.0,377.9,370.5,371.4,-0.96,19950.0,449.7,384.0
SHINE,9/10/2023,375.0,377.0,372.3,374.0,0.7,20524.0,449.7,384.0
SHINE,9/11/2023,371.1,383.0,371.1,381.0,1.87,26526.0,449.7,384.0
SHINE,9/12/2023,385.0,385.0,373.6,373.6,-1.94,21673.0,449.7,384.0
SHINE,9/13/2023,375.0,388.0,375.0,388.0,3.85,37711.0,449.7,384.0
SHINE,9/17/2023,380.4,387.0,375.2,376.0,-3.09,16525.0,449.7,384.0
SHINE,9/18/2023,376.0,378.0,371.1,375.7,-0.08,13989.0,449.7,384.0
SHINE,9/19/2023,376.0,384.5,374.1,381.0,1.41,18423.0,449.7,384.0
SHINE,9/21/2023,388.6,402.0,386.0,402.0,5.51,123946.0,449.7,384.0
SHINE,9/24/2023,403.0,403.0,390.1,390.1,-2.96,57717.0,449.7,384.0
SHINE,9/25/2023,386.0,395.0,385.2,390.0,-0.03,37514.0,449.7,384.0
SHINE,9/26/2023,397.0,398.0,392.0,392.0,0.51,34774.0,449.7,384.0
SHINE,9/27/2023,391.0,394.0,385.0,386.0,-1.53,36297.0,449.7,384.0
SHINE,10/1/2023,386.0,386.0,380.0,382.0,-1.04,24391.0,449.7,384.0
SHINE,10/2/2023,379.0,387.9,377.2,383.2,0.31,23232.0,449.7,384.0
SHINE,10/3/2023,385.0,387.0,381.1,387.0,0.99,57057.0,449.7,384.0
SHINE,10/4/2023,387.0,392.0,383.0,388.0,0.26,21441.0,449.7,384.0
SHINE,10/5/2023,388.9,390.0,385.5,386.9,-0.28,25582.0,449.7,384.0
SHINE,10/8/2023,380.0,385.0,377.0,379.0,-2.04,25604.0,449.7,384.0
SHINE,10/9/2023,379.0,380.0,372.0,375.0,-1.06,25719.0,449.7,384.0
SHINE,10/10/2023,375.0,375.0,367.0,368.0,-1.87,47761.0,449.7,384.0
SHINE,10/11/2023,374.9,374.9,360.0,368.0,0.0,27596.0,449.7,384.0
SHINE,10/12/2023,370.0,372.0,366.0,366.0,-0.54,18826.0,449.7,384.0
SHINE,10/16/2023,359.1,366.0,355.0,358.4,-2.08,17445.0,449.7,384.0
SHINE,10/17/2023,364.0,371.0,353.0,358.0,-0.11,15789.0,449.7,384.0
SHINE,10/18/2023,358.0,369.9,358.0,369.8,3.3,11370.0,449.7,384.0
SHINE,10/19/2023,365.3,372.0,362.5,367.2,-0.7,18500.0,449.7,384.0
SHINE,10/29/2023,364.0,366.0,360.0,365.0,-0.6,15047.0,449.7,384.0
SHINE,10/30/2023,365.0,371.5,358.5,368.0,0.82,10962.0,449.7,384.0
SHINE,10/31/2023,364.0,367.0,360.0,361.0,-1.9,9672.0,449.7,384.0
SHINE,11/1/2023,364.0,366.0,359.0,360.0,-0.28,9970.0,449.7,384.0
SHINE,11/2/2023,360.0,363.0,356.0,356.2,-1.06,8188.0,449.7,384.0
SHINE,11/5/2023,356.0,363.2,348.5,353.5,-0.76,15684.0,449.7,384.0
SHINE,11/6/2023,353.1,363.8,353.1,362.0,2.4,10217.0,449.7,384.0
SHINE,11/7/2023,362.1,364.0,358.0,360.0,-0.55,5860.0,449.7,384.0
SHINE,11/8/2023,360.0,364.1,357.0,360.0,0.0,4853.0,449.7,384.0
SHINE,11/9/2023,364.9,364.9,357.0,363.2,0.89,15968.0,449.7,384.0
SHINE,11/20/2023,370.0,372.0,364.0,368.0,1.32,17745.0,449.7,384.0
SHINE,11/21/2023,361.0,370.0,361.0,370.0,0.54,18982.0,449.7,384.0
SHINE,11/22/2023,370.0,370.0,362.6,368.0,-0.54,12624.0,449.7,384.0
SHINE,11/23/2023,368.0,376.9,365.0,374.0,1.63,19462.0,449.7,384.0
SHINE,11/26/2023,376.0,391.0,374.1,390.0,4.28,109737.0,449.7,384.0
SHINE,11/27/2023,352.9,363.0,352.9,361.0,-7.44,39361.0,449.7,384.0
SHINE,11/28/2023,358.1,362.0,355.2,358.0,-0.83,41032.0,449.7,384.0
SHINE,11/29/2023,360.0,361.0,352.1,358.9,0.25,29538.0,449.7,384.0
SHINE,11/30/2023,366.0,366.0,350.0,350.0,-2.48,17764.0,449.7,384.0
SHINE,12/3/2023,354.0,354.0,346.6,350.0,0.0,16653.0,449.7,384.0
SHINE,12/4/2023,348.0,361.0,348.0,355.4,1.54,15258.0,449.7,384.0
SHINE,12/5/2023,351.0,363.1,349.9,349.9,-1.55,26514.0,449.7,384.0
SHINE,12/6/2023,355.0,355.0,349.0,353.0,0.89,22865.0,449.7,384.0
SHINE,12/7/2023,347.8,357.0,347.8,354.5,0.42,13659.0,449.7,384.0
SHINE,12/10/2023,361.5,376.0,361.5,373.9,5.47,9356.0,449.7,384.0
SHINE,12/11/2023,378.0,378.0,363.1,364.0,-2.65,94497.0,449.7,384.0
SHINE,12/12/2023,362.0,382.5,361.1,380.0,4.4,112118.0,449.7,384.0
SHINE,12/13/2023,387.6,387.6,372.4,380.0,0.0,73409.0,449.7,384.0
SHINE,12/14/2023,379.9,387.0,374.0,387.0,1.84,68973.0,449.7,384.0
SHINE,12/17/2023,394.7,420.0,379.2,420.0,8.53,113421.0,449.7,384.0
SHINE,12/18/2023,428.0,428.0,400.0,409.9,-2.4,189417.0,449.7,384.0
SHINE,12/19/2023,414.0,435.0,395.0,435.0,6.12,218095.0,449.7,384.0
SHINE,12/20/2023,426.3,426.5,409.7,420.0,-3.45,180652.0,449.7,384.0
SHINE,12/21/2023,420.0,422.0,402.0,411.0,-2.14,128856.0,449.7,384.0
SHINE,12/24/2023,419.2,419.2,397.0,398.9,-2.94,117674.0,449.7,384.0
SHINE,12/27/2023,398.9,400.1,392.1,398.0,-0.23,104597.0,449.7,384.0
SHINE,12/28/2023,398.0,399.5,387.0,391.0,-1.76,97186.0,449.7,384.0
SHINE,1/1/2024,394.9,400.0,385.0,395.3,1.1,81340.0,449.7,384.0
SHINE,1/2/2024,403.2,403.2,384.0,386.0,-2.35,35078.0,449.7,384.0
SHINE,1/3/2024,386.5,392.8,382.0,390.0,1.04,41564.0,449.7,384.0
SHINE,1/4/2024,397.8,397.8,383.0,384.0,-1.54,78383.0,449.7,384.0
SHINE,1/7/2024,390.0,390.0,380.0,381.9,-0.55,65641.0,449.7,384.0
SHINE,1/8/2024,388.0,409.0,381.2,395.5,3.56,59913.0,449.7,384.0
SHINE,1/9/2024,397.0,426.0,394.0,410.9,3.89,174747.0,449.7,384.0
SHINE,1/10/2024,418.0,419.0,399.0,401.0,-2.41,108748.0,449.7,384.0
SHINE,1/11/2024,405.0,405.0,395.1,396.0,-1.25,39904.0,449.7,384.0
SHINE,1/14/2024,403.9,405.0,392.0,398.0,0.51,54959.0,449.7,384.0
SHINE,1/16/2024,405.0,412.9,403.0,405.0,1.76,63974.0,449.7,384.0
SHINE,1/17/2024,413.1,420.0,403.1,415.0,2.47,220692.0,449.7,384.0
SHINE,1/18/2024,423.0,423.0,404.1,409.0,-1.45,168889.0,449.7,384.0
SHINE,1/21/2024,408.0,411.0,398.1,400.0,-2.2,117867.0,449.7,384.0
SHINE,1/22/2024,394.2,402.0,390.0,393.0,-1.75,79787.0,449.7,384.0
SHINE,1/23/2024,400.8,400.8,388.0,392.0,-0.25,48727.0,449.7,384.0
SHINE,1/24/2024,392.0,399.7,386.4,386.5,-1.4,67790.0,449.7,384.0
SHINE,1/25/2024,386.0,392.8,383.1,389.9,0.88,37322.0,449.7,384.0
SHINE,1/28/2024,390.0,397.8,387.0,397.4,1.92,58249.0,449.7,384.0
SHINE,1/29/2024,405.3,405.3,393.0,398.0,0.15,63079.0,449.7,384.0
SHINE,1/30/2024,399.0,400.0,392.1,393.0,-1.26,26911.0,449.7,384.0
SHINE,1/31/2024,399.0,399.0,383.1,387.0,-1.53,66946.0,449.7,384.0
SHINE,2/1/2024,379.5,387.0,379.5,381.0,-1.55,46403.0,449.7,384.0
SHINE,2/4/2024,373.7,390.0,373.7,385.0,1.05,50265.0,449.7,384.0
SHINE,2/5/2024,384.3,386.0,381.0,383.0,-0.52,23850.0,449.7,384.0
SHINE,2/6/2024,385.0,392.0,383.0,388.0,1.31,21224.0,449.7,384.0
SHINE,2/7/2024,395.7,395.7,387.1,389.0,0.26,25012.0,449.7,384.0
SHINE,2/8/2024,395.9,395.9,385.0,388.0,-0.26,19924.0,449.7,384.0
SHINE,2/11/2024,395.0,395.0,388.0,389.0,0.26,18535.0,449.7,384.0
SHINE,2/12/2024,387.0,393.0,386.2,390.0,0.26,16529.0,449.7,384.0
SHINE,2/13/2024,382.3,390.0,382.1,382.5,-1.92,19437.0,449.7,384.0
SHINE,2/14/2024,386.0,403.0,379.0,393.0,2.75,120616.0,449.7,384.0
SHINE,2/15/2024,394.2,396.0,382.3,387.0,-1.53,61037.0,449.7,384.0
SHINE,2/18/2024,380.0,386.0,380.0,381.0,-1.55,35684.0,449.7,384.0
SHINE,2/20/2024,388.0,388.0,378.0,380.0,-0.26,45971.0,449.7,384.0
SHINE,2/21/2024,382.0,386.0,377.1,380.0,0.0,33727.0,449.7,384.0
SHINE,2/22/2024,380.0,395.3,374.0,375.1,-1.29,34559.0,449.7,384.0
SHINE,2/25/2024,375.1,382.4,368.2,370.0,-1.36,52162.0,449.7,384.0
SHINE,2/26/2024,372.0,374.0,370.0,372.0,0.54,26891.0,449.7,384.0
SHINE,2/27/2024,372.0,376.9,370.0,375.0,0.81,29724.0,449.7,384.0
SHINE,2/28/2024,379.0,379.0,369.0,370.8,-1.12,33431.0,449.7,384.0
SHINE,2/29/2024,368.0,370.0,358.0,359.9,-2.94,28579.0,449.7,384.0
SHINE,3/3/2024,358.8,367.0,353.0,362.0,0.58,30015.0,449.7,384.0
SHINE,3/4/2024,369.0,390.0,369.0,390.0,7.73,9257.0,449.7,384.0
SHINE,3/5/2024,397.8,397.8,371.0,372.0,-4.62,50835.0,449.7,384.0
SHINE,3/6/2024,365.0,379.5,360.0,373.0,0.27,42426.0,449.7,384.0
SHINE,3/7/2024,380.0,380.3,372.5,374.9,0.51,24812.0,449.7,384.0
SHINE,3/10/2024,375.0,382.0,372.5,372.5,-0.64,24547.0,449.7,384.0
SHINE,3/12/2024,379.0,385.5,377.2,383.7,3.01,48709.0,449.7,384.0
SHINE,3/13/2024,391.3,391.3,382.0,385.0,0.34,46137.0,449.7,384.0
SHINE,3/14/2024,387.0,389.1,377.5,380.0,-1.3,43168.0,449.7,384.0
SHINE,3/17/2024,380.0,387.5,378.0,378.0,-0.53,41910.0,449.7,384.0
SHINE,3/18/2024,385.0,390.0,377.0,378.0,0.0,41171.0,449.7,384.0
SHINE,3/19/2024,378.0,385.0,373.3,373.3,-1.24,30385.0,449.7,384.0
SHINE,3/20/2024,380.7,380.7,370.0,373.0,-0.08,24366.0,449.7,384.0
SHINE,3/21/2024,365.6,380.0,365.6,376.8,1.02,49272.0,449.7,384.0
SHINE,3/25/2024,384.3,384.3,371.5,372.3,-1.19,27258.0,449.7,384.0
SHINE,3/26/2024,364.9,378.0,364.9,373.0,0.19,34304.0,449.7,384.0
SHINE,3/27/2024,379.9,379.9,366.0,368.0,-1.34,16655.0,449.7,384.0
SHINE,3/28/2024,363.5,373.0,363.5,371.0,0.82,19949.0,449.7,384.0
SHINE,3/31/2024,364.0,371.0,364.0,369.8,-0.32,16372.0,449.7,384.0
SHINE,4/1/2024,368.0,372.0,368.0,370.0,0.05,16700.0,449.7,384.0
SHINE,4/2/2024,368.7,371.0,368.3,371.0,0.27,25202.0,449.7,384.0
SHINE,4/3/2024,378.4,378.4,365.2,366.5,-1.21,19566.0,449.7,384.0
SHINE,4/4/2024,373.8,373.8,363.0,364.8,-0.46,33287.0,449.7,384.0
SHINE,4/7/2024,370.0,379.0,360.0,377.0,3.34,50608.0,449.7,384.0
SHINE,4/9/2024,378.0,383.9,373.0,376.0,-0.27,39201.0,449.7,384.0
SHINE,4/10/2024,375.6,380.0,367.0,369.0,-1.86,19487.0,449.7,384.0
SHINE,4/14/2024,364.0,375.0,364.0,370.0,0.27,37633.0,449.7,384.0
SHINE,4/15/2024,365.0,384.0,365.0,369.8,-0.05,24091.0,449.7,384.0
SHINE,4/16/2024,368.0,371.0,365.4,367.0,-0.76,16087.0,449.7,384.0
SHINE,4/18/2024,371.0,371.0,360.0,360.2,-1.85,22485.0,449.7,384.0
SHINE,4/21/2024,360.0,363.5,354.0,363.0,0.78,23395.0,449.7,384.0
SHINE,4/22/2024,369.0,370.0,358.0,359.0,-1.1,10457.0,449.7,384.0
SHINE,4/24/2024,355.0,364.9,355.0,359.5,0.14,16738.0,449.7,384.0
SHINE,4/25/2024,360.0,363.9,358.0,358.1,-0.39,29122.0,449.7,384.0
SHINE,4/28/2024,358.0,369.0,358.0,366.0,2.21,29998.0,449.7,384.0
SHINE,4/29/2024,366.0,375.0,363.0,371.0,1.37,30762.0,449.7,384.0
SHINE,4/30/2024,363.6,407.5,363.6,397.7,7.2,459219.0,449.7,384.0
SHINE,5/2/2024,389.8,431.0,389.8,400.0,0.58,324383.0,449.7,384.0
SHINE,5/5/2024,392.0,412.0,390.0,391.0,-2.25,234346.0,449.7,384.0
SHINE,5/6/2024,392.0,393.0,383.0,385.9,-1.3,77029.0,449.7,384.0
SHINE,5/7/2024,391.9,396.0,381.3,387.0,0.29,60524.0,449.7,384.0
SHINE,5/8/2024,393.8,393.9,378.0,384.0,-0.78,47587.0,449.7,384.0
SHINE,5/9/2024,391.6,398.6,381.1,393.4,2.45,86508.0,449.7,384.0
SHINE,5/12/2024,396.9,410.0,387.0,392.5,-0.23,66078.0,449.7,384.0
SHINE,5/13/2024,395.0,397.0,386.0,387.9,-1.17,68517.0,449.7,384.0
SHINE,5/14/2024,395.0,426.0,382.7,412.0,6.21,291537.0,449.7,384.0
SHINE,5/15/2024,412.0,412.0,395.1,396.9,-3.67,109192.0,449.7,384.0
SHINE,5/16/2024,400.0,400.0,390.0,391.0,-1.49,49436.0,449.7,384.0
SHINE,5/19/2024,398.8,423.0,385.0,408.0,4.35,185207.0,449.7,384.0
SHINE,5/20/2024,409.9,430.0,398.3,418.0,2.45,329804.0,449.7,384.0
SHINE,5/21/2024,410.0,413.0,400.1,400.1,-4.28,72360.0,449.7,384.0
SHINE,5/22/2024,395.3,407.0,395.3,400.0,-0.02,86615.0,449.7,384.0
SHINE,5/26/2024,399.8,405.9,392.6,392.6,-1.85,73064.0,449.7,384.0
SHINE,5/27/2024,399.0,402.0,391.2,398.0,1.38,92363.0,449.7,384.0
SHINE,5/29/2024,405.9,407.0,391.0,395.0,-0.75,161778.0,449.7,384.0
SHINE,5/30/2024,401.0,401.0,387.0,388.0,-1.77,92489.0,449.7,384.0
SHINE,6/2/2024,394.4,397.0,388.0,390.3,0.59,48278.0,449.7,384.0
SHINE,6/3/2024,398.0,398.0,388.5,389.0,-0.33,34976.0,449.7,384.0
SHINE,6/4/2024,393.0,393.9,385.0,386.2,-0.72,38719.0,449.7,384.0
SHINE,6/5/2024,387.0,392.0,385.0,385.0,-0.31,61212.0,449.7,384.0
SHINE,6/6/2024,391.0,391.0,384.0,384.0,-0.26,85460.0,449.7,384.0
SHINE,6/9/2024,384.0,387.0,378.6,380.0,-1.04,66776.0,449.7,384.0
SHINE,6/10/2024,380.0,385.0,379.7,381.8,0.47,60509.0,449.7,384.0
SHINE,6/11/2024,389.0,391.0,379.1,387.0,1.36,81522.0,449.7,384.0
SHINE,6/12/2024,393.9,393.9,385.7,387.0,0.0,34430.0,449.7,384.0
SHINE,6/13/2024,385.0,405.0,384.2,389.0,0.52,128580.0,449.7,384.0
SHINE,6/16/2024,390.0,392.0,384.2,387.0,-0.51,29925.0,449.7,384.0
SHINE,6/18/2024,379.3,387.0,379.3,382.0,-1.29,30406.0,449.7,384.0
SHINE,6/19/2024,381.0,385.0,380.5,381.5,-0.13,14945.0,449.7,384.0
SHINE,6/20/2024,389.1,389.1,380.0,380.1,-0.37,35425.0,449.7,384.0
SHINE,6/23/2024,378.1,384.0,378.0,379.5,-0.16,29608.0,449.7,384.0
SHINE,6/24/2024,378.0,386.0,378.0,384.0,1.19,61285.0,449.7,384.0
SHINE,6/25/2024,385.0,388.0,382.0,383.0,-0.26,32142.0,449.7,384.0
SHINE,6/26/2024,389.8,389.8,378.2,380.0,-0.78,20465.0,449.7,384.0
SHINE,6/27/2024,380.0,383.0,373.4,376.0,-1.05,45867.0,449.7,384.0
SHINE,6/30/2024,373.2,378.9,373.2,373.4,-0.69,22320.0,449.7,384.0
SHINE,7/1/2024,374.0,379.0,374.0,378.0,1.23,33031.0,449.7,384.0
SHINE,7/2/2024,385.5,401.0,380.1,384.9,1.83,47629.0,449.7,384.0
SHINE,7/3/2024,384.0,394.0,378.1,390.5,1.45,90472.0,449.7,384.0
SHINE,7/4/2024,398.3,407.0,385.0,404.0,3.46,340626.0,449.7,384.0
SHINE,7/7/2024,412.0,412.0,400.0,402.0,-0.5,166439.0,449.7,384.0
SHINE,7/8/2024,403.0,408.0,397.5,402.0,0.0,89606.0,449.7,384.0
SHINE,7/9/2024,405.0,416.0,403.3,410.0,1.99,190709.0,449.7,384.0
SHINE,7/10/2024,418.2,418.2,404.6,408.0,-0.49,87246.0,449.7,384.0
SHINE,7/11/2024,412.0,416.1,405.1,407.0,-0.25,99745.0,449.7,384.0
SHINE,7/14/2024,410.0,417.0,407.0,415.0,1.97,223727.0,449.7,384.0
SHINE,7/15/2024,418.0,421.1,405.1,405.1,-2.39,169518.0,449.7,384.0
SHINE,7/16/2024,405.2,431.7,405.2,431.0,6.39,237614.0,449.7,384.0
SHINE,7/17/2024,434.0,472.2,425.0,455.0,5.57,369745.0,449.7,384.0
SHINE,7/18/2024,458.0,486.3,457.0,475.0,4.4,585731.0,449.7,384.0
SHINE,7/21/2024,475.0,494.4,467.1,485.0,2.11,431093.0,449.7,384.0
SHINE,7/22/2024,487.0,490.9,472.0,481.6,-0.7,306352.0,449.7,384.0
SHINE,7/23/2024,482.0,502.8,478.0,497.0,3.2,436308.0,449.7,384.0
SHINE,7/24/2024,506.9,516.0,492.0,496.0,-0.2,314094.0,449.7,384.0
SHINE,7/25/2024,499.0,504.0,487.0,494.0,-0.4,300224.0,449.7,384.0
SHINE,7/28/2024,503.8,539.0,481.0,530.5,7.39,314620.0,449.7,384.0
SHINE,7/29/2024,541.1,541.1,508.0,509.9,-3.88,278052.0,449.7,384.0
SHINE,7/30/2024,511.0,560.8,503.0,555.0,8.84,498346.0,449.7,384.0
SHINE,7/31/2024,560.0,562.9,540.0,546.0,-1.62,546154.0,449.7,384.0
SHINE,8/1/2024,535.1,545.8,519.0,523.0,-4.21,461422.0,449.7,384.0
SHINE,8/5/2024,520.0,532.9,507.0,529.0,1.15,466076.0,449.7,384.0
SHINE,8/6/2024,537.0,537.0,502.1,503.0,-4.91,373427.0,449.7,384.0
SHINE,8/7/2024,503.0,553.0,495.1,553.0,9.94,427959.0,449.7,384.0
SHINE,8/8/2024,549.0,550.0,533.0,535.0,-3.25,365149.0,449.7,384.0
SHINE,8/11/2024,540.0,545.0,532.0,536.0,0.19,380187.0,449.7,384.0
SHINE,8/12/2024,536.0,560.0,530.0,548.1,2.26,573349.0,449.7,384.0
SHINE,8/13/2024,554.0,565.0,533.0,537.3,-1.97,255402.0,449.7,384.0
SHINE,8/14/2024,536.0,549.9,522.0,540.0,0.5,258351.0,449.7,384.0
SHINE,8/15/2024,545.0,554.0,532.0,532.0,-1.48,350636.0,449.7,384.0
SHINE,8/18/2024,542.6,574.0,524.5,539.0,1.32,296212.0,449.7,384.0
SHINE,8/21/2024,539.0,590.0,530.0,590.0,9.46,237550.0,449.7,384.0
SHINE,8/22/2024,578.2,625.0,555.7,590.0,0.0,1782742.0,449.7,384.0
SHINE,8/25/2024,579.0,624.0,548.8,550.0,-6.78,921071.0,449.7,384.0
SHINE,8/27/2024,561.0,561.0,511.8,515.0,-6.36,524208.0,449.7,384.0
SHINE,8/28/2024,525.0,531.0,500.0,504.0,-2.14,250753.0,449.7,384.0
SHINE,8/29/2024,513.5,515.0,485.1,496.0,-1.59,283193.0,449.7,384.0
SHINE,9/1/2024,496.0,507.9,487.1,493.0,-0.6,223417.0,449.7,384.0
SHINE,9/2/2024,493.0,517.6,488.0,515.0,4.46,264138.0,449.7,384.0
SHINE,9/3/2024,518.0,528.3,501.0,513.0,-0.39,253985.0,449.7,384.0
SHINE,9/4/2024,520.0,521.2,485.0,488.0,-4.87,262130.0,449.7,384.0
SHINE,9/5/2024,487.7,497.0,481.1,484.9,-0.64,151516.0,449.7,384.0
SHINE,9/8/2024,492.5,494.9,470.1,472.5,-2.56,106667.0,449.7,384.0
SHINE,9/9/2024,477.0,481.0,460.1,462.9,-2.03,152989.0,449.7,384.0
SHINE,9/10/2024,469.7,475.0,458.1,460.0,-0.63,146789.0,449.7,384.0
SHINE,9/11/2024,461.0,469.0,453.2,458.0,-0.43,107265.0,449.7,384.0
SHINE,9/12/2024,467.0,474.0,458.1,472.0,3.06,107695.0,449.7,384.0
SHINE,9/15/2024,473.0,483.0,454.1,459.0,-2.75,132978.0,449.7,384.0
SHINE,9/16/2024,453.0,462.0,444.0,448.0,-2.4,169556.0,449.7,384.0
SHINE,9/18/2024,456.0,465.1,442.0,456.0,1.79,111454.0,449.7,384.0
SHINE,9/22/2024,465.1,474.0,459.0,462.0,1.32,69090.0,449.7,384.0
SHINE,9/23/2024,455.0,462.0,450.1,453.8,-1.77,91204.0,449.7,384.0
SHINE,9/24/2024,447.1,460.0,433.0,434.0,-4.36,88165.0,449.7,384.0
SHINE,9/25/2024,442.6,453.9,436.1,451.0,3.92,92556.0,449.7,384.0
SHINE,9/26/2024,454.0,465.1,450.9,451.0,0.0,75876.0,449.7,384.0
SHINE,9/29/2024,448.1,459.0,448.0,454.0,0.67,63818.0,449.7,384.0
SHINE,9/30/2024,461.0,462.0,454.0,462.0,1.76,54319.0,449.7,384.0
SHINE,10/1/2024,470.0,491.0,464.0,487.9,5.61,143780.0,449.7,384.0
SHINE,10/2/2024,490.0,495.0,474.0,480.0,-1.62,131563.0,449.7,384.0
SHINE,10/6/2024,475.0,489.5,475.0,489.5,1.98,57746.0,449.7,384.0
SHINE,10/7/2024,498.0,503.0,495.0,496.9,1.51,107365.0,449.7,384.0
SHINE,10/8/2024,492.0,501.0,487.2,489.1,-1.57,69568.0,449.7,384.0
SHINE,10/9/2024,482.1,490.0,481.3,488.0,-0.22,73779.0,449.7,384.0
SHINE,10/15/2024,495.8,499.0,488.0,496.8,1.8,11737.0,449.7,384.0
SHINE,10/16/2024,500.0,506.0,491.1,502.0,1.05,58947.0,449.7,384.0
SHINE,10/17/2024,502.1,508.0,497.0,497.0,-1.0,59560.0,449.7,384.0
SHINE,10/20/2024,495.0,497.5,482.8,484.9,-2.43,97995.0,449.7,384.0
SHINE,10/21/2024,485.0,486.0,468.2,469.9,-3.09,64117.0,449.7,384.0
SHINE,10/22/2024,469.0,477.0,469.0,474.8,1.04,35272.0,449.7,384.0
SHINE,10/23/2024,480.7,481.0,472.0,475.0,0.04,48526.0,449.7,384.0
SHINE,10/24/2024,480.0,480.0,467.0,469.0,-1.26,48716.0,449.7,384.0
SHINE,10/27/2024,469.0,478.0,465.0,470.0,0.21,31498.0,449.7,384.0
SHINE,10/28/2024,478.0,478.0,469.0,476.0,1.28,34414.0,449.7,384.0
SHINE,10/29/2024,466.5,488.0,466.5,485.0,1.89,40672.0,449.7,384.0
SHINE,10/30/2024,487.0,491.0,480.0,484.0,-0.21,36985.0,449.7,384.0
SHINE,11/5/2024,488.7,492.8,480.0,485.0,0.21,20164.0,449.7,384.0
SHINE,11/6/2024,478.0,490.0,477.0,485.0,0.0,27637.0,449.7,384.0
SHINE,11/10/2024,485.0,491.0,475.0,490.0,1.03,135690.0,449.7,384.0
SHINE,11/11/2024,495.0,497.0,481.2,487.0,-0.61,69223.0,449.7,384.0
SHINE,11/12/2024,484.2,490.0,479.9,481.0,-1.23,37724.0,449.7,384.0
SHINE,11/13/2024,490.6,490.6,474.1,475.0,-1.25,64208.0,449.7,384.0
SHINE,11/14/2024,472.0,488.4,472.0,478.0,0.63,79104.0,449.7,384.0
SHINE,11/17/2024,487.5,488.9,480.4,484.9,1.44,73996.0,449.7,384.0
SHINE,11/19/2024,490.0,490.0,473.0,474.0,-2.25,57097.0,449.7,384.0
SHINE,11/20/2024,475.0,483.3,466.0,482.5,1.79,75007.0,449.7,384.0
SHINE,11/21/2024,482.0,486.0,464.5,465.0,-3.63,82331.0,449.7,384.0
SHINE,11/24/2024,466.0,473.0,459.0,465.0,0.0,59044.0,449.7,384.0
SHINE,11/25/2024,465.1,471.8,458.0,469.9,1.05,52192.0,449.7,384.0
SHINE,11/26/2024,469.9,474.9,466.0,474.9,1.06,34064.0,449.7,384.0
SHINE,11/27/2024,477.0,483.7,475.0,482.8,1.66,54693.0,449.7,384.0
SHINE,11/28/2024,475.0,504.0,475.0,482.2,-0.12,197728.0,449.7,384.0
SHINE,12/1/2024,480.0,497.5,473.1,491.5,1.93,138254.0,449.7,384.0
SHINE,12/2/2024,492.0,506.0,485.0,486.9,-0.94,223212.0,449.7,384.0
SHINE,12/3/2024,495.8,495.8,482.6,486.0,-0.18,41480.0,449.7,384.0
SHINE,12/4/2024,481.4,494.0,475.4,480.0,-1.23,75103.0,449.7,384.0
SHINE,12/5/2024,472.0,480.0,468.2,468.9,-2.31,61479.0,449.7,384.0
SHINE,12/8/2024,467.5,472.0,460.0,460.0,-1.9,87115.0,449.7,384.0
SHINE,12/9/2024,465.0,465.0,455.8,455.8,-0.91,64720.0,449.7,384.0
SHINE,12/10/2024,455.0,463.0,451.1,455.5,-0.07,45369.0,449.7,384.0
SHINE,12/11/2024,446.4,465.0,446.4,465.0,2.09,26447.0,449.7,384.0
SHINE,12/12/2024,462.0,469.8,458.0,458.0,-1.51,28886.0,449.7,384.0
SHINE,12/16/2024,462.0,467.0,450.1,467.0,1.97,86640.0,449.7,384.0
SHINE,12/17/2024,468.5,468.5,458.6,463.0,-0.86,60935.0,449.7,384.0
SHINE,12/18/2024,449.5,450.0,441.0,441.3,-4.69,35347.0,449.7,384.0
SHINE,12/19/2024,443.0,445.5,436.0,439.9,-0.32,40307.0,449.7,384.0
SHINE,12/22/2024,440.0,443.7,432.5,439.9,0.0,40238.0,449.7,384.0
SHINE,12/23/2024,440.0,440.0,435.0,436.6,-0.75,22027.0,449.7,384.0
SHINE,12/24/2024,440.0,449.0,437.0,441.6,1.15,33851.0,449.7,384.0
SHINE,12/26/2024,438.0,444.0,434.0,440.0,-0.36,32912.0,449.7,384.0
SHINE,12/29/2024,440.0,440.0,424.1,426.0,-3.18,41651.0,449.7,384.0
SHINE,12/31/2024,426.0,426.0,405.1,413.0,-3.05,57986.0,449.7,384.0
SHINE,1/1/2025,413.0,420.0,404.9,405.0,-1.94,73680.0,449.7,384.0
SHINE,1/2/2025,396.9,414.8,396.9,412.5,1.85,17376.0,449.7,384.0
SHINE,1/5/2025,416.0,419.0,408.0,410.0,-0.61,42483.0,449.7,384.0
SHINE,1/6/2025,410.0,420.0,410.0,418.2,2.0,36416.0,449.7,384.0
SHINE,1/7/2025,418.0,427.0,418.0,424.0,1.39,45932.0,449.7,384.0
SHINE,1/8/2025,429.0,429.0,420.0,426.0,0.47,55012.0,449.7,384.0
SHINE,1/9/2025,430.0,430.0,418.0,420.0,-1.41,25462.0,449.7,384.0
SHINE,1/12/2025,419.0,419.0,410.1,411.2,-2.1,25191.0,449.7,384.0
SHINE,1/13/2025,410.1,413.9,407.0,407.0,-1.02,31084.0,449.7,384.0
SHINE,1/15/2025,414.0,414.9,408.3,410.0,0.74,25603.0,449.7,384.0
SHINE,1/16/2025,417.5,417.5,406.1,411.9,0.46,26765.0,449.7,384.0
SHINE,1/19/2025,408.0,411.0,405.6,408.0,-0.95,34582.0,449.7,384.0
SHINE,1/20/2025,408.0,411.0,405.5,407.0,-0.25,17424.0,449.7,384.0
SHINE,1/21/2025,406.0,407.0,402.0,404.0,-0.74,55649.0,449.7,384.0
SHINE,1/22/2025,410.0,414.0,406.0,410.0,1.49,60674.0,449.7,384.0
SHINE,1/23/2025,418.0,418.0,407.0,410.0,0.0,23635.0,449.7,384.0
SHINE,1/26/2025,407.0,411.0,402.0,402.1,-1.93,41203.0,449.7,384.0
SHINE,1/27/2025,405.0,408.0,402.0,406.0,0.97,41184.0,449.7,384.0
SHINE,1/28/2025,403.0,435.0,403.0,434.0,6.9,151109.0,449.7,384.0
SHINE,2/2/2025,436.0,467.0,429.0,463.0,6.68,178920.0,449.7,384.0
SHINE,2/3/2025,469.0,476.0,449.0,460.0,-0.65,184297.0,449.7,384.0
SHINE,2/4/2025,455.0,459.2,449.0,449.1,-2.37,62406.0,449.7,384.0
SHINE,2/5/2025,449.0,454.0,445.0,450.5,0.31,54946.0,449.7,384.0
SHINE,2/6/2025,459.2,459.2,435.0,440.0,-2.33,87782.0,449.7,384.0
SHINE,2/9/2025,437.0,452.0,437.0,440.9,0.2,50708.0,449.7,384.0
SHINE,2/10/2025,445.0,445.5,430.0,437.0,-0.88,31520.0,449.7,384.0
SHINE,2/11/2025,430.0,443.0,430.0,439.0,0.46,42640.0,449.7,384.0
SHINE,2/12/2025,442.0,449.9,440.0,444.1,1.16,40428.0,449.7,384.0
SHINE,2/13/2025,447.0,448.0,433.2,437.0,-1.6,40361.0,449.7,384.0
SHINE,2/16/2025,430.1,438.0,430.1,436.0,-0.23,39370.0,449.7,384.0
SHINE,2/17/2025,444.7,444.7,434.1,436.8,0.18,49471.0,449.7,384.0
SHINE,2/18/2025,434.0,439.9,426.0,430.0,-1.56,71651.0,449.7,384.0
SHINE,2/20/2025,436.5,436.5,425.0,427.0,-0.7,53720.0,449.7,384.0
SHINE,2/23/2025,435.5,435.5,416.5,422.0,-1.17,56229.0,449.7,384.0
SHINE,2/24/2025,413.6,434.5,413.6,423.0,0.24,48979.0,449.7,384.0
SHINE,2/25/2025,414.6,430.0,414.6,425.8,0.66,27323.0,449.7,384.0
SHINE,2/27/2025,431.0,437.0,429.0,436.0,2.4,51761.0,449.7,384.0
SHINE,3/2/2025,442.0,451.1,436.0,450.0,3.21,82510.0,449.7,384.0
SHINE,3/3/2025,455.0,456.0,437.1,441.0,-2.0,66009.0,449.7,384.0
SHINE,3/4/2025,440.0,446.0,437.9,437.9,-0.7,45674.0,449.7,384.0
SHINE,3/5/2025,438.0,440.0,429.5,433.0,-1.12,51166.0,449.7,384.0
SHINE,3/6/2025,433.0,450.0,432.0,444.0,2.54,63300.0,449.7,384.0
SHINE,3/9/2025,440.5,444.0,433.0,433.5,-2.36,34125.0,449.7,384.0
SHINE,3/10/2025,437.9,439.6,428.0,429.0,-1.04,34192.0,449.7,384.0
SHINE,3/11/2025,435.0,449.0,426.1,437.6,2.0,182384.0,449.7,384.0
SHINE,3/12/2025,443.0,445.0,433.7,434.0,-0.82,31246.0,449.7,384.0
SHINE,3/16/2025,442.6,442.6,425.0,430.5,-0.81,51435.0,449.7,384.0
SHINE,3/17/2025,425.0,432.5,422.1,425.1,-1.25,43232.0,449.7,384.0
SHINE,3/18/2025,430.0,432.0,425.0,427.0,0.45,29201.0,449.7,384.0
SHINE,3/19/2025,426.0,429.9,420.0,421.0,-1.41,43759.0,449.7,384.0
SHINE,3/20/2025,421.1,424.9,416.5,417.53,-0.82,35556.0,449.7,384.0
SHINE,3/23/2025,412.3,420.0,406.0,408.79,-2.09,50195.0,449.7,384.0
SHINE,3/24/2025,408.0,422.8,402.0,417.08,2.03,36712.0,449.7,384.0
SHINE,3/25/2025,414.6,415.9,406.0,406.47,-2.54,36477.0,449.7,384.0
SHINE,3/26/2025,402.1,412.0,402.1,409.49,0.74,26280.0,449.7,384.0
SHINE,3/27/2025,409.5,415.0,404.0,413.4,0.95,24144.0,449.7,384.0
SHINE,3/30/2025,413.0,421.0,413.0,417.63,1.02,37890.0,449.7,384.0
SHINE,4/1/2025,419.0,419.0,411.0,413.26,-1.05,22074.0,449.7,384.0
SHINE,4/2/2025,418.0,418.0,411.0,414.44,0.29,27288.0,449.7,384.0
SHINE,4/3/2025,419.0,420.5,412.0,414.87,0.1,30054.0,449.7,384.0
SHINE,4/7/2025,416.0,417.0,409.0,410.26,-1.11,30204.0,449.7,384.0
SHINE,4/8/2025,412.8,412.8,405.9,408.73,-0.37,29914.0,449.7,384.0
SHINE,4/9/2025,415.0,415.0,408.3,410.25,0.37,22267.0,449.7,384.0
SHINE,4/10/2025,415.0,415.0,409.1,411.27,0.25,21795.0,449.7,384.0
SHINE,4/13/2025,412.0,415.0,405.0,406.61,-1.13,35412.0,449.7,384.0
SHINE,4/15/2025,411.0,415.0,406.0,411.62,1.23,34102.0,449.7,384.0
SHINE,4/16/2025,416.0,418.9,411.0,412.92,0.32,41360.0,449.7,384.0
SHINE,4/17/2025,413.0,421.5,412.2,417.79,1.18,38730.0,449.7,384.0
SHINE,4/20/2025,422.0,422.0,410.3,416.6,-0.28,35852.0,449.7,384.0
SHINE,4/21/2025,422.0,422.0,413.1,415.74,-0.21,31514.0,449.7,384.0
SHINE,4/22/2025,420.0,420.0,408.0,411.49,-1.02,41163.0,449.7,384.0
SHINE,4/23/2025,415.9,415.9,404.0,404.99,-1.58,34022.0,449.7,384.0
SHINE,4/24/2025,404.0,410.0,404.0,405.8,0.2,26133.0,449.7,384.0
SHINE,4/27/2025,410.0,410.0,404.2,404.51,-0.32,28895.0,449.7,384.0
SHINE,4/28/2025,404.5,407.9,403.0,403.47,-0.26,35040.0,449.7,384.0
SHINE,4/29/2025,405.9,406.0,399.5,400.07,-0.84,67176.0,449.7,384.0
SHINE,4/30/2025,402.0,402.0,394.0,396.13,-0.98,52650.0,449.7,384.0
SHINE,5/4/2025,400.0,400.0,390.0,395.01,-0.28,43748.0,449.7,384.0
SHINE,5/5/2025,399.9,399.9,393.6,394.44,-0.14,26512.0,449.7,384.0
SHINE,5/6/2025,394.4,399.0,391.2,395.85,0.36,32227.0,449.7,384.0
SHINE,5/7/2025,392.2,413.4,392.1,406.24,2.62,34573.0,449.7,384.0
SHINE,5/8/2025,406.5,409.0,403.0,405.16,-0.27,33686.0,449.7,384.0
SHINE,5/11/2025,407.0,413.3,405.0,409.85,1.16,44573.0,449.7,384.0
SHINE,5/13/2025,414.0,419.0,408.0,413.13,0.8,62873.0,449.7,384.0
SHINE,5/14/2025,410.0,424.9,410.0,414.58,0.35,94801.0,449.7,384.0
SHINE,5/15/2025,411.2,415.9,405.3,406.59,-1.93,56191.0,449.7,384.0
SHINE,5/18/2025,410.0,410.0,402.0,402.96,-0.89,43383.0,449.7,384.0
SHINE,5/19/2025,407.0,408.0,402.0,403.58,0.15,33122.0,449.7,384.0
SHINE,5/20/2025,401.0,416.0,401.0,413.36,2.42,40005.0,449.7,384.0
SHINE,5/21/2025,421.6,430.0,413.1,414.02,0.16,72355.0,449.7,384.0
SHINE,5/22/2025,413.1,418.0,412.3,412.46,-0.38,36064.0,449.7,384.0
SHINE,5/25/2025,420.0,420.0,405.1,409.68,-0.67,30876.0,449.7,384.0
SHINE,5/26/2025,417.8,426.0,409.0,410.72,0.25,34881.0,449.7,384.0
SHINE,5/27/2025,407.2,416.1,406.7,413.15,0.59,56637.0,449.7,384.0
SHINE,5/28/2025,415.0,415.0,410.0,413.78,0.15,61175.0,449.7,384.0
SHINE,6/2/2025,418.0,421.0,408.0,412.92,-0.21,59933.0,449.7,384.0
SHINE,6/3/2025,412.0,415.0,402.0,403.21,-2.35,51289.0,449.7,384.0
SHINE,6/4/2025,405.0,408.0,403.0,406.71,0.87,42201.0,449.7,384.0
SHINE,6/5/2025,404.1,411.0,401.2,402.84,-0.95,42573.0,449.7,384.0
SHINE,6/8/2025,403.0,408.8,403.0,406.98,1.03,32646.0,449.7,384.0
SHINE,6/9/2025,404.0,410.0,403.1,407.08,0.02,20377.0,449.7,384.0
SHINE,6/10/2025,415.2,415.2,407.5,410.16,0.76,37247.0,449.7,384.0
SHINE,6/11/2025,412.0,412.0,400.0,401.92,-2.01,116148.0,449.7,384.0
SHINE,6/12/2025,400.4,406.9,400.4,404.43,0.62,34959.0,449.7,384.0
SHINE,6/15/2025,402.5,407.0,402.5,404.97,0.13,27419.0,449.7,384.0
SHINE,6/16/2025,403.1,407.5,403.1,405.29,0.08,34047.0,449.7,384.0
SHINE,6/17/2025,406.0,407.0,400.0,401.58,-0.92,47065.0,449.7,384.0
SHINE,6/18/2025,404.0,404.0,400.0,401.29,-0.07,18649.0,449.7,384.0
SHINE,6/19/2025,401.1,403.0,401.0,401.71,0.1,31286.0,449.7,384.0
SHINE,6/22/2025,405.7,413.8,401.0,401.29,-0.1,41536.0,449.7,384.0
SHINE,6/23/2025,404.8,405.0,397.1,399.94,-0.34,60557.0,449.7,384.0
SHINE,6/24/2025,404.0,404.0,396.0,396.71,-0.81,37574.0,449.7,384.0
SHINE,6/25/2025,395.3,400.0,395.1,396.92,0.05,31994.0,449.7,384.0
SHINE,6/26/2025,401.9,401.9,395.0,396.62,-0.08,26857.0,449.7,384.0
SHINE,6/29/2025,392.1,399.7,392.1,399.37,0.69,23462.0,449.7,384.0
SHINE,6/30/2025,399.1,400.5,396.5,399.51,0.04,20675.0,449.7,384.0
SHINE,7/1/2025,400.0,402.0,398.0,401.65,0.54,29338.0,449.7,384.0
SHINE,7/2/2025,409.0,409.0,401.0,405.22,0.89,35008.0,449.7,384.0
SHINE,7/3/2025,405.0,413.9,405.0,409.63,1.09,59087.0,449.7,384.0
SHINE,7/6/2025,410.0,412.0,404.0,404.99,-1.13,42335.0,449.7,384.0
SHINE,7/7/2025,400.0,406.7,400.0,402.71,-0.56,37152.0,449.7,384.0
SHINE,7/8/2025,406.4,406.4,401.0,403.1,0.1,28782.0,449.7,384.0
SHINE,7/9/2025,405.0,406.9,403.0,405.58,0.62,24468.0,449.7,384.0
SHINE,7/10/2025,407.8,415.5,401.0,413.35,1.92,83281.0,449.7,384.0
SHINE,7/13/2025,421.6,430.0,413.0,420.29,1.68,105482.0,449.7,384.0
SHINE,7/14/2025,425.0,425.0,415.0,415.65,-1.1,34747.0,449.7,384.0
SHINE,7/15/2025,418.0,420.0,415.0,418.01,0.57,55367.0,449.7,384.0
SHINE,7/16/2025,422.0,434.8,418.0,431.97,3.34,126073.0,449.7,384.0
SHINE,7/17/2025,436.0,445.0,433.0,439.84,1.82,116335.0,449.7,384.0
SHINE,7/20/2025,440.0,448.0,437.1,440.86,0.23,218508.0,449.7,384.0
SHINE,7/21/2025,441.9,459.0,439.0,451.6,2.44,318195.0,449.7,384.0
SHINE,7/22/2025,445.0,476.0,445.0,466.49,3.3,381669.0,449.7,384.0
SHINE,7/23/2025,470.0,470.0,458.0,463.1,-0.73,158258.0,449.7,384.0
SHINE,7/24/2025,455.6,470.0,455.6,466.77,0.79,178635.0,449.7,384.0
SHINE,7/27/2025,466.77,478.3,461.0,473.92,1.53,299849.0,449.7,384.0
SHINE,7/28/2025,475.0,493.0,468.0,490.0,3.39,425513.0,449.7,384.0
SHINE,7/29/2025,489.0,499.0,482.2,483.46,-1.33,163983.0,449.7,384.0
SHINE,7/30/2025,482.0,485.0,461.0,463.0,-4.23,131717.0,449.7,384.0
SHINE,7/31/2025,465.0,466.0,453.0,455.52,-1.62,127604.0,449.7,384.0
SHINE,8/3/2025,460.0,460.0,438.2,440.08,-3.39,147690.0,449.7,384.0
SHINE,8/4/2025,447.0,447.7,440.0,446.19,1.39,92244.0,449.7,384.0
SHINE,8/5/2025,455.0,455.0,440.0,440.34,-1.31,66522.0,449.7,384.0
SHINE,8/6/2025,440.0,444.0,436.0,436.39,-0.9,42717.0,449.7,384.0
SHINE,8/7/2025,444.0,444.0,434.0,436.75,0.08,39656.0,449.7,384.0
SHINE,8/11/2025,440.0,442.9,430.0,431.05,-1.31,42289.0,449.7,384.0
SHINE,8/12/2025,431.0,434.8,427.1,428.46,-0.6,23561.0,449.7,384.0
SHINE,8/13/2025,434.0,437.0,427.0,427.98,-0.11,47260.0,449.7,384.0
SHINE,8/14/2025,427.4,434.0,427.4,430.63,0.62,33047.0,449.7,384.0
SHINE,8/17/2025,430.0,438.0,430.0,430.88,0.06,63115.0,449.7,384.0
SHINE,8/18/2025,429.1,435.5,428.2,431.44,0.13,50475.0,449.7,384.0
SHINE,8/19/2025,426.0,439.0,426.0,432.55,0.26,19376.0,449.7,384.0
SHINE,8/20/2025,434.1,434.1,428.2,431.05,-0.35,41992.0,449.7,384.0
SHINE,8/21/2025,431.05,431.05,425.2,425.75,-1.23,21451.0,449.7,384.0
SHINE,8/24/2025,426.0,430.0,419.0,419.99,-1.35,24997.0,449.7,384.0
SHINE,8/25/2025,427.0,427.0,416.2,424.24,1.01,12061.0,449.7,384.0
SHINE,8/26/2025,424.0,427.9,424.0,427.46,0.76,9020.0,449.7,384.0
SHINE,8/27/2025,425.2,443.9,425.2,441.54,3.29,81637.0,449.7,384.0
SHINE,8/28/2025,443.0,443.0,430.0,430.93,-2.4,61803.0,449.7,384.0
SHINE,8/31/2025,426.3,434.4,421.1,421.43,-2.2,23450.0,449.7,384.0
SHINE,9/1/2025,428.8,428.8,421.0,423.28,0.44,18413.0,449.7,384.0
SHINE,9/2/2025,425.0,428.9,421.7,422.08,-0.28,32146.0,449.7,384.0
SHINE,9/3/2025,416.4,427.0,416.4,419.58,-0.59,22812.0,449.7,384.0
SHINE,9/4/2025,419.0,422.7,416.4,420.38,0.19,24128.0,449.7,384.0
SHINE,9/7/2025,417.4,423.5,417.4,419.1,-0.3,10834.0,449.7,384.0
SHINE,9/8/2025,417.1,422.0,412.0,414.79,-1.03,28729.0,449.7,384.0
SHINE,9/18/2025,410.1,410.1,382.0,390.0,-5.98,5171.0,449.7,384.0
SHINE,9/21/2025,390.0,418.0,390.0,415.7,6.59,63790.0,449.7,384.0
SHINE,9/23/2025,410.1,426.3,410.1,424.0,2.0,45134.0,449.7,384.0
SHINE,9/24/2025,427.0,427.0,412.0,419.9,-0.97,9776.0,449.7,384.0
SHINE,9/25/2025,419.0,420.0,415.0,417.9,-0.48,11832.0,449.7,384.0
SHINE,9/28/2025,422.0,422.0,418.0,422.0,0.98,10764.0,449.7,384.0
SHINE,10/7/2025,420.0,421.0,412.0,415.8,-1.47,15535.0,449.7,384.0
SHINE,10/8/2025,410.0,416.0,402.7,408.0,-1.88,32411.0,449.7,384.0
SHINE,10/9/2025,416.0,427.7,411.0,412.5,1.1,26000.0,449.7,384.0
SHINE,10/12/2025,410.0,410.1,400.0,402.0,-2.55,48857.0,449.7,384.0
SHINE,10/13/2025,400.0,410.0,400.0,409.9,1.97,12579.0,449.7,384.0
SHINE,10/14/2025,410.0,410.0,406.0,406.5,-0.83,9641.0,449.7,384.0
SHINE,10/15/2025,405.0,405.0,398.4,399.0,-1.85,24690.0,449.7,384.0
SHINE,10/16/2025,404.0,404.0,392.0,393.1,-1.48,27595.0,449.7,384.0
SHINE,10/19/2025,393.0,397.0,390.5,391.0,-0.53,21400.0,449.7,384.0
SHINE,10/26/2025,385.0,391.0,384.0,390.1,-0.23,14143.0,449.7,384.0
SHINE,10/28/2025,386.0,408.0,386.0,406.0,4.08,19429.0,449.7,384.0
SHINE,10/29/2025,411.0,413.9,401.8,402.0,-0.99,22725.0,449.7,384.0
SHINE,10/30/2025,400.0,410.0,400.0,410.0,1.99,15974.0,449.7,384.0
SHINE,11/2/2025,414.0,418.2,411.0,416.0,1.46,33481.0,449.7,384.0
SHINE,11/3/2025,419.0,427.0,415.0,417.7,0.41,29828.0,449.7,384.0
SHINE,11/4/2025,420.0,420.0,411.0,411.5,-1.48,13426.0,449.7,384.0
SHINE,11/5/2025,415.0,415.0,409.0,412.0,0.12,10613.0,449.7,384.0
SHINE,11/6/2025,410.5,415.0,408.0,411.9,-0.02,5473.0,449.7,384.0
SHINE,11/9/2025,415.0,418.0,407.0,408.0,-0.95,26268.0,449.7,384.0
SHINE,11/10/2025,406.0,412.0,405.0,406.0,-0.49,22370.0,449.7,384.0
SHINE,11/11/2025,405.4,406.1,397.9,404.9,-0.27,45769.0,449.7,384.0
SHINE,11/12/2025,409.9,409.9,399.2,403.0,-0.47,13352.0,449.7,384.0
SHINE,11/13/2025,404.8,404.9,400.0,401.0,-0.5,6718.0,449.7,384.0
SHINE,11/16/2025,401.0,404.9,399.0,399.0,-0.5,11826.0,449.7,384.0
SHINE,11/17/2025,404.0,405.0,399.4,405.0,1.5,9678.0,449.7,384.0
SHINE,11/18/2025,406.0,409.5,402.3,406.0,0.25,13249.0,449.7,384.0
SHINE,11/19/2025,404.1,408.1,402.5,404.0,-0.49,9189.0,449.7,384.0
SHINE,11/20/2025,401.0,404.8,400.3,402.0,-0.5,13613.0,449.7,384.0
SHINE,11/23/2025,410.0,415.0,402.8,413.5,2.86,52758.0,449.7,384.0
SHINE,11/24/2025,421.7,421.7,414.0,417.0,0.85,32121.0,449.7,384.0
SHINE,11/25/2025,412.1,419.5,412.1,416.0,-0.24,15593.0,449.7,384.0
SHINE,11/26/2025,417.0,418.1,414.2,416.0,0.0,41131.0,449.7,384.0
SHINE,11/27/2025,416.3,424.0,416.3,424.0,1.92,66716.0,449.7,384.0
SHINE,11/30/2025,409.0,413.0,397.0,400.0,-5.66,50004.0,449.7,384.0
SHINE,12/1/2025,400.0,400.0,395.0,397.9,-0.53,28665.0,449.7,384.0
SHINE,12/2/2025,398.0,398.1,394.0,394.5,-0.85,20658.0,449.7,384.0
SHINE,12/3/2025,398.0,400.5,395.0,398.8,1.09,21697.0,449.7,384.0
SHINE,12/7/2025,395.1,402.0,395.0,396.6,-0.55,21235.0,449.7,384.0
SHINE,12/8/2025,395.2,399.9,394.0,396.0,-0.15,18265.0,449.7,384.0
SHINE,12/9/2025,399.0,399.9,394.2,396.0,0.0,8652.0,449.7,384.0
SHINE,12/10/2025,399.1,401.0,392.1,395.0,-0.25,19081.0,449.7,384.0
SHINE,12/11/2025,395.0,399.0,393.0,393.8,-0.3,19684.0,449.7,384.0
SHINE,12/14/2025,393.0,396.9,390.2,394.7,0.23,25965.0,449.7,384.0
SHINE,12/15/2025,394.0,396.9,390.1,396.0,0.33,16449.0,449.7,384.0
SHINE,12/16/2025,398.0,399.9,397.0,397.9,0.48,12097.0,449.7,384.0
SHINE,12/17/2025,398.0,400.0,396.0,397.7,-0.05,7081.0,449.7,384.0
SHINE,12/18/2025,395.0,399.3,395.0,397.0,-0.18,9659.0,449.7,384.0
SHINE,12/21/2025,391.1,397.0,391.1,395.0,-0.5,13557.0,449.7,384.0
SHINE,12/22/2025,393.0,395.0,390.2,392.0,-0.76,10938.0,449.7,384.0
SHINE,12/23/2025,393.3,395.0,393.3,394.9,0.74,19307.0,449.7,384.0
SHINE,12/24/2025,393.0,395.0,390.7,391.0,-0.99,19517.0,449.7,384.0
SHINE,12/28/2025,396.0,399.9,392.0,399.7,2.23,30339.0,449.7,384.0
SHINE,12/29/2025,404.8,406.0,398.1,399.0,-0.18,17991.0,449.7,384.0
SHINE,12/31/2025,400.0,404.0,396.0,400.0,0.25,15909.0,449.7,384.0
SHINE,1/1/2026,399.1,400.0,394.0,398.7,-0.32,21944.0,449.7,384.0
SHINE,1/4/2026,398.0,400.0,396.0,399.8,0.28,12252.0,449.7,384.0
SHINE,1/5/2026,402.0,405.9,397.0,405.6,1.45,31015.0,449.7,384.0
SHINE,1/6/2026,407.0,412.0,402.4,409.0,0.84,48765.0,449.7,384.0
SHINE,1/7/2026,407.0,407.5,402.6,402.6,-1.56,22594.0,449.7,384.0
SHINE,1/8/2026,402.6,407.9,400.0,403.2,0.15,49873.0,449.7,384.0
SHINE,1/12/2026,401.0,408.0,401.0,404.9,0.42,20810.0,449.7,384.0
SHINE,1/13/2026,401.0,408.0,401.0,403.1,-0.44,19315.0,449.7,384.0
SHINE,1/14/2026,402.0,406.0,401.1,403.4,0.07,21546.0,449.7,384.0
SHINE,1/18/2026,403.4,410.0,403.4,409.7,1.56,34252.0,449.7,384.0
SHINE,1/20/2026,415.0,420.0,408.2,413.0,0.81,48264.0,449.7,384.0
SHINE,1/21/2026,419.0,419.0,412.0,413.0,0.0,35235.0,449.7,384.0
SHINE,1/22/2026,413.0,415.0,410.0,412.0,-0.24,16996.0,449.7,384.0
SHINE,1/25/2026,417.8,422.0,412.0,421.8,2.38,76910.0,449.7,384.0
SHINE,1/26/2026,430.2,430.2,416.0,418.0,-0.9,49096.0,449.7,384.0
SHINE,1/27/2026,420.0,420.0,409.0,411.0,-1.67,58534.0,449.7,384.0
SHINE,1/28/2026,405.1,414.0,405.1,412.8,0.44,21402.0,449.7,384.0
SHINE,1/29/2026,410.0,417.0,407.0,410.0,-0.68,14992.0,449.7,384.0
SHINE,2/1/2026,405.1,413.0,404.0,404.0,-1.46,23169.0,449.7,384.0
SHINE,2/2/2026,405.0,411.0,403.5,405.5,0.37,29089.0,449.7,384.0
SHINE,2/3/2026,405.0,407.0,400.0,403.0,-0.62,35045.0,449.7,384.0
SHINE,2/4/2026,405.0,409.9,400.1,400.5,-0.62,18789.0,449.7,384.0
SHINE,2/5/2026,404.0,405.0,400.0,403.0,0.62,39410.0,449.7,384.0
SHINE,2/8/2026,403.0,410.0,403.0,405.8,0.69,16839.0,449.7,384.0
SHINE,2/9/2026,405.8,405.8,392.8,405.0,-0.2,97507.0,449.7,384.0
SHINE,2/10/2026,400.0,405.0,395.1,395.1,-2.44,24032.0,449.7,384.0
SHINE,2/11/2026,403.0,407.0,396.1,398.7,0.91,24806.0,449.7,384.0
SHINE,2/12/2026,398.0,409.7,398.0,408.0,2.33,69045.0,449.7,384.0
SHINE,2/16/2026,410.0,415.9,404.0,406.9,-0.27,36512.0,449.7,384.0
SHINE,2/17/2026,407.0,407.0,400.0,403.5,-0.84,29362.0,449.7,384.0
SHINE,2/22/2026,403.0,403.0,396.1,396.2,-1.81,43153.0,449.7,384.0
SHINE,2/23/2026,397.1,403.0,397.0,399.9,0.93,30515.0,449.7,384.0
SHINE,2/24/2026,400.0,402.0,398.1,401.9,0.5,14669.0,449.7,384.0
SHINE,2/25/2026,406.0,406.0,398.5,402.0,0.02,12331.0,449.7,384.0
SHINE,2/26/2026,400.0,405.0,398.1,401.2,-0.2,21256.0,449.7,384.0
SHINE,2/27/2026,400.0,405.0,398.1,401.2,0.0,21256.0,449.7,384.0
SHINE,2/28/2026,400.0,405.0,398.1,401.2,0.0,21256.0,449.7,384.0
SHINE,3/2/2026,400.0,405.0,399.0,402.9,0.42,16852.0,449.7,384.0
SHINE,3/3/2026,405.0,415.0,404.0,409.6,1.66,32334.0,449.7,384.0
SHINE,3/4/2026,405.0,415.0,404.0,409.6,0.0,32334.0,449.7,384.0
SHINE,3/5/2026,405.0,415.0,404.0,409.6,0.0,32334.0,449.7,384.0
SHINE,3/6/2026,405.0,415.0,404.0,409.6,0.0,32334.0,449.7,384.0
SHINE,3/7/2026,405.0,415.0,404.0,409.6,0.0,32334.0,449.7,384.0
SHINE,3/8/2026,405.0,415.0,404.0,409.6,0.0,32334.0,449.7,384.0
SHINE,3/9/2026,417.7,434.5,417.7,434.0,5.96,775.0,449.7,384.0
SHINE,3/10/2026,440.0,440.0,415.0,429.0,-1.15,87480.0,449.7,384.0
SHINE,3/11/2026,430.0,430.0,418.0,418.0,-2.56,32299.0,449.7,384.0
SHINE,3/12/2026,415.0,426.0,415.0,425.7,1.84,52963.0,449.7,384.0
SHINE,3/13/2026,415.0,426.0,415.0,425.7,0.0,52963.0,449.7,384.0
SHINE,3/14/2026,415.0,426.0,415.0,425.7,0.0,52963.0,449.7,384.0
SHINE,3/15/2026,425.8,437.0,422.0,435.5,2.3,73198.0,449.7,384.0
SHINE,3/16/2026,444.2,444.2,424.0,425.1,-2.39,64385.0,449.7,384.0
SHINE,3/17/2026,424.0,429.9,417.0,423.0,-0.49,31079.0,449.7,384.0
SHINE,3/18/2026,424.0,429.9,417.0,423.0,0.0,31079.0,449.7,384.0
SHINE,3/19/2026,422.0,438.5,421.4,433.0,2.36,120787.0,449.7,384.0
SHINE,3/20/2026,422.0,438.5,421.4,433.0,0.0,120787.0,449.7,384.0
SHINE,3/21/2026,422.0,438.5,421.4,433.0,0.0,120787.0,449.7,384.0
SHINE,3/22/2026,441.6,449.7,437.0,443.9,2.52,244161.0,449.7,384.0
SHINE,3/23/2026,439.0,444.0,433.0,439.9,-0.9,78099.0,449.7,384.0
SHINE,3/24/2026,437.0,449.0,435.8,449.0,2.07,147648.0,449.7,384.0
SHINE,3/25/2026,447.0,447.0,438.0,438.4,-2.36,96275.0,449.7,384.0
SHINE,3/26/2026,429.7,440.0,429.7,440.0,2.4,69937.0,449.7,384.0
SHINE,3/29/2026,440.0,440.0,427.0,427.0,-2.95,75739.0,449.7,384.0
SHINE,3/30/2026,427.0,430.0,415.5,418.0,-2.11,63223.0,449.7,384.0
SHINE,3/31/2026,410.0,426.5,410.0,421.1,2.71,59689.0,449.7,384.0
SHINE,4/1/2026,415.1,420.0,406.9,408.1,-1.69,58700.0,449.7,384.0
SHINE,4/2/2026,408.0,413.0,402.0,410.0,0.49,35385.0,449.7,384.0
SHINE,4/5/2026,418.0,418.0,398.0,399.0,-4.55,68064.0,449.7,384.0
SHINE,4/6/2026,405.0,413.0,400.0,410.0,1.23,98048.0,449.7,384.0
SHINE,4/7/2026,412.0,414.6,403.3,407.0,-1.21,30182.0,449.7,384.0
SHINE,4/8/2026,407.0,414.5,406.2,413.4,1.57,25778.0,449.7,384.0
SHINE,4/9/2026,412.0,420.0,411.3,419.0,1.7,30967.0,449.7,384.0
SHINE,4/10/2026,419.0,419.9,410.0,413.0,-1.43,43971.0,449.7,384.0
SHINE,4/13/2026,408.0,415.0,408.0,413.0,1.23,13327.0,449.7,384.0
SHINE,4/15/2026,409.0,422.5,409.0,420.0,2.69,17565.0,449.7,384.0
SHINE,4/16/2026,420.0,420.0,412.0,415.7,-1.02,27305.0,449.7,384.0
SHINE,4/17/2026,418.8,418.8,409.1,415.0,-0.91,21253.0,449.7,384.0
SHINE,4/20/2026,408.2,415.0,408.1,410.1,0.47,11155.0,449.7,384.0
SHINE,4/21/2026,410.0,419.0,407.0,407.0,-0.73,18954.0,449.7,384.0
SHINE,4/22/2026,427.3,427.3,396.0,411.4,-3.72,33139.0,449.7,384.0
SHINE,4/23/2026,411.0,411.0,403.0,407.1,-0.95,11225.0,449.7,384.0
SHINE,4/24/2026,427.4,427.4,396.0,402.1,-5.92,21616.0,449.7,384.0
SHINE,4/27/2026,402.1,407.0,402.0,404.0,0.47,17538.0,449.7,384.0
SHINE,4/28/2026,404.0,409.0,401.2,401.8,-0.54,17817.0,449.7,384.0
SHINE,4/29/2026,401.8,405.0,400.1,401.4,-0.1,18322.0,449.7,384.0
SHINE,4/30/2026,400.0,407.0,400.0,405.0,1.25,25799.0,449.7,384.0
SHINE,5/4/2026,400.1,409.5,400.0,402.5,0.6,16012.0,449.7,384.0
SHINE,5/5/2026,400.1,406.0,398.0,406.0,1.47,46354.0,449.7,384.0
SHINE,5/6/2026,410.0,415.0,401.5,406.0,-0.98,10556.0,449.7,384.0
SHINE,5/7/2026,401.1,407.8,401.1,407.8,1.67,5545.0,449.7,384.0
SHINE,5/8/2026,408.0,410.0,405.0,409.6,0.39,8322.0,449.7,384.0
SHINE,5/11/2026,414.8,414.8,408.0,413.5,-0.31,25804.0,449.7,384.0
SHINE,5/12/2026,412.0,414.0,410.0,411.5,-0.12,23371.0,449.7,384.0
SHINE,5/13/2026,411.5,411.5,407.0,410.5,-0.24,5370.0,449.7,384.0
SHINE,5/14/2026,410.5,410.5,405.0,410.0,-0.12,26511.0,449.7,384.0
SHINE,5/15/2026,430.5,430.5,401.1,408.3,-5.16,3353.0,449.7,384.0
SHINE,5/18/2026,406.0,409.9,405.0,409.0,0.74,7134.0,449.7,384.0
SHINE,5/19/2026,409.0,411.0,407.6,408.3,-0.17,8380.0,449.7,384.0
SHINE,5/20/2026,408.3,413.0,408.3,411.7,0.83,10480.0,449.7,384.0
SHINE,5/21/2026,411.0,414.8,411.0,412.9,0.46,7435.0,449.7,384.0
SHINE,5/22/2026,412.0,413.0,406.1,412.0,0.0,7373.0,449.7,384.0
SHINE,5/25/2026,414.9,415.9,412.5,415.0,0.02,14265.0,449.7,384.0
SHINE,5/26/2026,418.0,418.0,412.2,416.5,-0.36,7355.0,449.7,384.0
SHINE,5/27/2026,419.0,419.1,415.1,418.0,-0.24,21104.0,449.7,384.0
SHINE,6/1/2026,410.0,419.0,410.0,414.0,0.98,14589.0,449.7,384.0
SHINE,6/2/2026,415.0,417.8,412.0,417.7,0.65,18724.0,449.7,384.0
SHINE,6/3/2026,432.0,432.0,414.0,419.0,-3.01,13958.0,449.7,384.0
SHINE,6/4/2026,415.1,417.1,415.0,416.0,0.22,8415.0,449.7,384.0
SHINE,6/5/2026,416.0,419.3,414.2,417.0,0.24,16756.0,449.7,384.0
SHINE,6/8/2026,414.0,416.0,412.5,413.0,-0.24,15516.0,449.7,384.0
SHINE,6/9/2026,412.0,413.0,409.0,412.0,0.0,17268.0,449.7,384.0
SHINE,6/10/2026,408.4,414.0,408.4,411.1,0.66,7047.0,449.7,384.0
SHINE,6/11/2026,411.0,414.5,408.4,410.0,-0.24,10821.0,449.7,384.0
SHINE,6/12/2026,430.5,430.5,407.0,408.6,-5.09,7850.0,449.7,384.0
SHINE,6/15/2026,408.6,411.0,407.4,408.0,-0.15,14801.0,449.7,384.0
SHINE,6/16/2026,410.0,410.0,403.1,407.5,-0.61,20767.0,449.7,384.0
SHINE,6/17/2026,410.0,410.0,400.0,405.0,-1.22,40361.0,449.7,384.0
SHINE,6/18/2026,409.0,409.0,405.0,406.9,-0.51,8070.0,449.7,384.0
SHINE,6/19/2026,410.0,410.0,406.0,409.9,-0.02,14959.0,449.7,384.0
SHINE,6/22/2026,409.9,409.9,406.0,408.2,-0.41,16065.0,449.7,384.0
SHINE,6/23/2026,408.0,408.0,404.0,404.9,-0.76,21540.0,449.7,384.0
SHINE,6/24/2026,405.0,406.0,403.2,405.5,0.12,20104.0,449.7,384.0
SHINE,6/26/2026,406.0,406.0,402.4,404.0,-0.49,13241.0,449.7,384.0
SHINE,6/29/2026,402.6,403.0,399.0,400.0,-0.65,24992.0,449.7,384.0
SHINE,6/30/2026,401.0,401.0,396.2,396.4,-1.15,17234.0,449.7,384.0
SHINE,7/1/2026,398.1,406.0,398.0,403.0,1.23,11162.0,449.7,384.0
SHINE,7/2/2026,415.6,415.6,398.0,403.0,-3.03,8973.0,449.7,384.0
SHINE,7/3/2026,404.9,406.5,402.0,402.0,-0.72,13565.0,449.7,384.0
SHINE,7/6/2026,401.5,402.0,398.3,400.0,-0.37,12241.0,449.7,384.0
SHINE,7/7/2026,400.1,408.0,398.1,407.8,1.92,12086.0,449.7,384.0
SHINE,7/8/2026,410.0,410.0,399.1,403.0,-1.71,22401.0,449.7,384.0
SHINE,7/9/2026,403.0,403.0,399.0,399.9,-0.77,26083.0,449.7,384.0
SHINE,7/10/2026,402.0,405.0,398.0,398.0,-1.0,14060.0,449.7,384.0
SHINE,7/13/2026,398.0,399.4,396.0,397.0,-0.25,15517.0,449.7,384.0
SHINE,7/14/2026,397.0,398.9,395.3,396.9,-0.03,21030.0,449.7,384.0
SHINE,7/15/2026,397.5,402.3,397.0,397.5,0.0,14499.0,449.7,384.0
SHINE,7/16/2026,417.3,417.3,395.0,415.0,-0.55,22436.0,449.7,384.0
SHINE,7/17/2026,412.5,413.9,407.0,413.9,0.34,18100.0,449.7,384.0
SHINE,7/20/2026,414.0,425.0,412.0,419.0,1.21,33213.0,449.7,384.0
SHINE,7/21/2026,416.0,423.0,412.0,415.9,-0.02,22547.0,449.7,384.0
SHINE,7/22/2026,415.9,415.9,412.0,414.0,-0.46,22529.0,449.7,384.0
SHINE,7/23/2026,414.0,417.0,410.0,417.0,0.72,11786.0,449.7,384.0
SHINE,7/24/2026,420.0,421.7,417.0,417.5,-0.6,23905.0,449.7,384.0
SHINE,7/27/2026,420.9,420.9,414.0,415.0,-1.4,23408.0,449.7,384.0
SHINE,7/28/2026,414.0,415.0,410.0,414.5,0.12,24040.0,449.7,384.0
SHINE,7/29/2026,414.5,414.9,411.6,412.4,-0.51,6351.0,449.7,384.0
SHINE,7/30/2026,410.0,414.5,407.0,410.0,0.0,13148.0,449.7,384.0
SHINE,7/31/2026,410.0,413.0,406.0,413.0,0.73,10540.0,449.7,384.0
SHINE,8/3/2026,407.4,415.0,407.4,411.9,1.1,8517.0,449.7,384.0
SHINE,8/4/2026,415.0,416.0,411.0,412.7,-0.55,19847.0,449.7,384.0
SHINE,8/5/2026,415.0,415.0,409.1,411.5,-0.84,22342.0,449.7,384.0
SHINE,8/6/2026,410.2,413.0,408.1,408.2,-0.49,20045.0,449.7,384.0
SHINE,8/7/2026,408.5,410.0,407.0,407.2,-0.32,7440.0,449.7,384.0
SHINE,8/10/2026,408.0,410.0,406.0,407.0,-0.25,13248.0,449.7,384.0
SHINE,8/11/2026,418.1,418.1,406.0,410.0,-1.94,14469.0,449.7,384.0
SHINE,8/12/2026,410.0,410.0,405.0,410.0,0.0,15638.0,449.7,384.0
SHINE,8/13/2026,414.9,415.0,409.0,414.7,-0.05,10351.0,449.7,384.0
SHINE,8/14/2026,414.7,415.5,410.2,414.9,0.05,9260.0,449.7,384.0
SHINE,8/17/2026,414.0,416.0,412.0,414.0,0.0,19043.0,449.7,384.0
SHINE,8/18/2026,414.0,415.0,410.1,411.5,-0.6,7035.0,449.7,384.0
SHINE,8/19/2026,410.5,415.0,409.0,412.0,0.37,12667.0,449.7,384.0
SHINE,8/20/2026,412.0,413.0,409.0,411.6,-0.1,2231.0,449.7,384.0
SHINE,8/21/2026,410.0,411.0,409.0,409.0,-0.24,7778.0,449.7,384.0
SHINE,8/24/2026,408.0,409.9,405.4,408.0,0.0,23017.0,449.7,384.0
SHINE,8/25/2026,406.2,409.0,405.0,409.0,0.69,13589.0,449.7,384.0
SHINE,8/26/2026,405.2,409.0,402.3,405.0,-0.05,10398.0,449.7,384.0
SHINE,8/27/2026,405.0,410.0,402.5,408.0,0.74,7983.0,449.7,384.0
SHINE,8/31/2026,404.0,408.5,404.0,407.0,0.74,19306.0,449.7,384.0
SHINE,9/1/2026,414.8,414.8,404.0,407.9,-1.66,11320.0,449.7,384.0
SHINE,9/2/2026,411.0,415.0,405.5,407.8,-0.78,21297.0,449.7,384.0
SHINE,9/3/2026,405.5,410.0,401.0,408.9,0.84,20749.0,449.7,384.0
SHINE,9/7/2026,410.0,423.0,410.0,419.9,2.41,37396.0,449.7,384.0
SHINE,9/9/2026,417.1,422.6,413.0,416.5,-0.14,20258.0,449.7,384.0
SHINE,9/10/2026,415.0,418.0,412.2,417.0,0.48,21335.0,449.7,384.0
SHINE,9/11/2026,415.0,422.0,414.2,422.0,1.69,24159.0,449.7,384.0
SHINE,9/14/2026,428.0,430.0,425.0,426.1,-0.44,86326.0,449.7,384.0
SHINE,9/15/2026,434.0,438.2,427.2,432.0,-0.46,91448.0,449.7,384.0
SHINE,9/16/2026,433.3,433.3,427.0,427.6,-1.32,44675.0,449.7,384.0
SHINE,9/17/2026,433.0,433.0,428.5,430.0,-0.69,39706.0,449.7,384.0
SHINE,9/18/2026,431.0,434.0,428.0,430.0,-0.23,89356.0,449.7,384.0
SHINE,9/22/2026,433.0,433.0,430.0,431.9,-0.25,67153.0,449.7,384.0
SHINE,9/23/2026,433.0,433.0,428.7,429.1,-0.9,66094.0,449.7,384.0
SHINE,9/24/2026,428.1,434.0,428.0,433.0,1.14,81482.0,449.7,384.0
SHINE,9/28/2026,435.0,435.0,426.9,428.9,-1.4,214932.0,449.7,384.0
SHINE,9/29/2026,407.5,407.5,398.2,0.0,-100.0,28737.0,449.7,384.0
SHINE,9/30/2026,398.0,401.0,395.0,396.9,-0.28,29660.0,449.7,384.0
SHINE,10/1/2026,394.4,399.1,391.0,396.6,0.56,41622.0,449.7,384.0
SHINE,10/2/2026,398.7,400.0,393.5,393.9,-1.2,32917.0,449.7,384.0
SHINED,12/21/2025,1151.0,1175.0,1151.0,1175.0,,5060.0,1200.0,1000.0
SHINED,12/22/2025,1175.0,1175.0,1155.0,1155.0,-1.7,51.0,1200.0,1000.0
SHINED,12/23/2025,1165.5,1170.0,1165.5,1170.0,1.3,300.0,1200.0,1000.0
SHINED,12/24/2025,1170.0,1170.0,1169.0,1169.0,-0.09,215.0,1200.0,1000.0
SHINED,12/28/2025,1168.0,1169.0,1168.0,1169.0,0.0,150.0,1200.0,1000.0
SHINED,12/31/2025,1156.3,1179.0,1156.0,1163.1,-0.5,1410.0,1200.0,1000.0
SHINED,1/1/2026,1140.0,1162.8,1140.0,1162.8,-0.03,50.0,1200.0,1000.0
SHINED,1/4/2026,1142.0,1142.0,1142.0,1142.0,-1.79,25.0,1200.0,1000.0
SHINED,1/5/2026,1140.0,1164.0,1140.0,1140.0,-0.18,86.0,1200.0,1000.0
SHINED,1/6/2026,1131.0,1153.6,1131.0,1153.6,1.19,110.0,1200.0,1000.0
SHINED,1/7/2026,1131.0,1165.0,1131.0,1165.0,0.99,275.0,1200.0,1000.0
SHINED,1/12/2026,1165.0,1185.0,1161.3,1175.0,0.86,120.0,1200.0,1000.0
SHINED,1/13/2026,1190.0,1190.0,1182.0,1182.0,0.6,1115.0,1200.0,1000.0
SHINED,1/14/2026,1158.4,1158.4,1155.0,1155.1,-2.28,260.0,1200.0,1000.0
SHINED,1/20/2026,1132.0,1132.0,1132.0,1132.0,-2.0,25.0,1200.0,1000.0
SHINED,1/21/2026,1121.0,1121.0,1121.0,1121.0,-0.97,35.0,1200.0,1000.0
SHINED,1/22/2026,1115.0,1115.0,1113.2,1113.2,-0.7,75.0,1200.0,1000.0
SHINED,1/25/2026,1113.2,1130.0,1113.2,1130.0,1.51,425.0,1200.0,1000.0
SHINED,1/26/2026,1120.0,1130.0,1110.0,1120.0,-0.88,250.0,1200.0,1000.0
SHINED,1/27/2026,1135.0,1135.0,1115.0,1115.0,-0.45,175.0,1200.0,1000.0
SHINED,1/28/2026,1137.0,1159.7,1137.0,1154.0,3.5,625.0,1200.0,1000.0
SHINED,2/1/2026,1131.0,1131.0,1125.0,1125.0,-2.51,435.0,1200.0,1000.0
SHINED,2/2/2026,1146.0,1146.0,1146.0,1146.0,1.87,935.0,1200.0,1000.0
SHINED,2/3/2026,1124.0,1130.0,1117.0,1117.0,-2.53,220.0,1200.0,1000.0
SHINED,2/4/2026,1117.0,1117.0,1117.0,1117.0,0.0,150.0,1200.0,1000.0
SHINED,2/5/2026,1138.0,1139.3,1120.0,1120.0,0.27,130.0,1200.0,1000.0
SHINED,2/8/2026,1120.0,1147.0,1120.0,1142.4,2.0,1105.0,1200.0,1000.0
SHINED,2/9/2026,1135.0,1157.7,1135.0,1116.0,-2.31,251.0,1200.0,1000.0
SHINED,2/11/2026,1100.0,1100.0,1100.0,1100.0,-1.43,25.0,1200.0,1000.0
SHINED,2/12/2026,1121.0,1143.4,1121.0,1143.4,3.95,440.0,1200.0,1000.0
SHINED,2/16/2026,1122.0,1140.0,1122.0,1126.1,-1.51,325.0,1200.0,1000.0
SHINED,2/17/2026,1144.0,1148.6,1144.0,1148.6,2.0,1149.0,1200.0,1000.0
SHINED,2/22/2026,1128.0,1128.0,1128.0,1128.0,-1.79,75.0,1200.0,1000.0
SHINED,2/23/2026,1125.1,1135.0,1125.1,1135.0,0.62,625.0,1200.0,1000.0
SHINED,2/24/2026,1135.0,1140.0,1135.0,1140.0,0.44,1620.0,1200.0,1000.0
SHINED,3/2/2026,1150.0,1151.0,1150.0,1151.0,0.96,2545.0,1200.0,1000.0
SHINED,3/10/2026,1130.1,1130.1,1130.1,1130.1,-1.82,125.0,1200.0,1000.0
SHINED,3/11/2026,1130.1,1140.0,1130.1,1132.5,0.21,510.0,1200.0,1000.0
SHINED,3/12/2026,1132.0,1132.0,1126.0,1126.0,-0.57,50.0,1200.0,1000.0
SHINED,3/13/2026,1132.0,1132.0,1126.0,1126.0,0.0,50.0,1200.0,1000.0
SHINED,3/14/2026,1132.0,1132.0,1126.0,1126.0,0.0,50.0,1200.0,1000.0
SHINED,3/15/2026,1140.0,1140.0,1140.0,1140.0,1.24,181.0,1200.0,1000.0
SHINED,3/16/2026,1150.0,1155.0,1150.0,1151.5,1.01,1680.0,1200.0,1000.0
SHINED,3/17/2026,1132.0,1154.0,1132.0,1150.0,-0.13,375.0,1200.0,1000.0
SHINED,3/18/2026,1132.0,1154.0,1132.0,1150.0,0.0,375.0,1200.0,1000.0
SHINED,3/19/2026,1135.0,1136.0,1135.0,1136.0,-1.22,50.0,1200.0,1000.0
SHINED,3/20/2026,1135.0,1136.0,1135.0,1136.0,0.0,50.0,1200.0,1000.0
SHINED,3/21/2026,1135.0,1136.0,1135.0,1136.0,0.0,50.0,1200.0,1000.0
SHINED,3/22/2026,1136.0,1136.0,1113.3,1116.1,-1.75,250.0,1200.0,1000.0
SHINED,3/24/2026,1118.0,1118.0,1118.0,1118.0,0.17,90.0,1200.0,1000.0
SHINED,3/25/2026,1122.2,1122.2,1122.2,1122.2,0.38,60.0,1200.0,1000.0
SHINED,3/26/2026,1125.2,1130.0,1125.2,1126.0,0.07,50.0,1200.0,1000.0
SHINED,3/31/2026,1125.0,1125.0,1125.0,1125.0,0.0,25.0,1200.0,1000.0
SHINED,4/1/2026,1126.2,1140.0,1126.2,1140.0,1.23,175.0,1200.0,1000.0
SHINED,4/2/2026,1121.0,1130.0,1121.0,1130.0,0.8,400.0,1200.0,1000.0
SHINED,4/5/2026,1125.0,1130.0,1125.0,1130.0,0.44,125.0,1200.0,1000.0
SHINED,4/6/2026,1130.0,1150.0,1130.0,1130.0,0.0,200.0,1200.0,1000.0
SHINED,4/7/2026,1115.0,1120.0,1115.0,1120.0,0.45,50.0,1200.0,1000.0
SHINED,4/8/2026,1142.4,1142.4,1125.0,1125.0,-1.52,190.0,1200.0,1000.0
SHINED,4/13/2026,1120.0,1120.0,1120.0,1120.0,0.0,10.0,1200.0,1000.0
SHINED,4/15/2026,1120.0,1120.0,1120.0,1120.0,0.0,15.0,1200.0,1000.0
SHINED,4/16/2026,1101.0,1140.0,1101.0,1140.0,3.54,1346.0,1200.0,1000.0
SHINED,4/17/2026,1120.0,1120.0,1120.0,1120.0,0.0,25.0,1200.0,1000.0
SHINED,4/20/2026,1100.1,1110.0,1100.1,1110.0,0.9,35.0,1200.0,1000.0
SHINED,4/22/2026,1110.0,1115.0,1110.0,1115.0,0.45,150.0,1200.0,1000.0
SHINED,4/23/2026,1132.0,1140.0,1132.0,1140.0,0.71,200.0,1200.0,1000.0
SHINED,4/24/2026,1140.0,1140.0,1110.0,1140.0,0.0,165.0,1200.0,1000.0
SHINED,4/27/2026,1140.0,1105.8,1105.8,1105.8,-3.0,50.0,1200.0,1000.0
SHINED,4/28/2026,1105.8,1143.4,1110.1,1143.4,3.4,375.0,1200.0,1000.0
SHINED,4/29/2026,1143.4,1141.0,1115.0,1141.0,-0.21,181.0,1200.0,1000.0
SHINED,4/30/2026,1110.1,1110.1,1110.1,1110.1,0.0,25.0,1200.0,1000.0
SHINED,5/6/2026,1092.3,1092.3,1092.3,1092.3,0.0,25.0,1200.0,1000.0
SHINED,5/8/2026,1102.0,1125.0,1100.1,1125.0,2.09,200.0,1200.0,1000.0
SHINED,5/13/2026,1115.0,1115.0,1109.0,1109.0,-0.54,75.0,1200.0,1000.0
SHINED,5/14/2026,1106.0,1106.0,1106.0,1106.0,0.0,25.0,1200.0,1000.0
SHINED,5/19/2026,1106.0,1106.0,1106.0,1106.0,0.0,100.0,1200.0,1000.0
SHINED,6/1/2026,1106.0,1106.0,1106.0,1106.0,0.0,25.0,1200.0,1000.0
SHINED,6/2/2026,1110.0,1110.0,1110.0,1110.0,0.0,50.0,1200.0,1000.0
SHINED,6/3/2026,1097.0,1097.0,1097.0,1093.0,-0.36,25.0,1200.0,1000.0
SHINED,6/4/2026,1097.6,1097.6,1090.0,1090.0,-0.69,100.0,1200.0,1000.0
SHINED,6/5/2026,1100.0,1100.0,1096.0,1096.0,-0.36,200.0,1200.0,1000.0
SHINED,6/9/2026,1092.5,1101.0,1092.0,1100.0,0.69,550.0,1200.0,1000.0
SHINED,6/11/2026,1093.1,1093.1,1093.1,1093.1,0.0,25.0,1200.0,1000.0
SHINED,6/15/2026,1100.0,1100.0,1100.0,1100.0,0.0,25.0,1200.0,1000.0
SHINED,6/16/2026,1098.0,1100.2,1090.1,1095.0,-0.27,455.0,1200.0,1000.0
SHINED,6/17/2026,1095.0,1095.0,1095.0,1095.0,0.0,100.0,1200.0,1000.0
SHINED,6/24/2026,1100.0,1100.0,1100.0,1100.0,0.0,200.0,1200.0,1000.0
SHINED,6/29/2026,1097.1,1097.1,1097.1,1097.1,0.0,25.0,1200.0,1000.0
SHINED,6/30/2026,1097.0,1097.0,1097.0,1097.0,0.0,25.0,1200.0,1000.0
SHINED,7/1/2026,1097.0,1101.0,1097.0,1100.3,0.3,195.0,1200.0,1000.0
SHINED,7/2/2026,1096.1,1097.0,1096.0,1097.0,0.08,120.0,1200.0,1000.0
SHINED,7/6/2026,1125.0,1125.0,1125.0,1125.0,0.0,50.0,1200.0,1000.0
SHINED,7/9/2026,1107.0,1107.2,1107.0,1107.2,0.02,55.0,1200.0,1000.0
SHINED,7/10/2026,1140.0,1140.0,1140.0,1140.0,0.0,10000.0,1200.0,1000.0
SHINED,7/13/2026,1140.0,1140.0,1140.0,1140.0,0.0,10000.0,1200.0,1000.0
SHINED,7/14/2026,1105.8,1105.8,1105.0,1105.0,-0.07,35611.0,1200.0,1000.0
SHINED,7/15/2026,1138.0,1145.0,1138.0,1145.0,0.62,185.0,1200.0,1000.0
SHINED,7/16/2026,1145.0,1145.0,1145.0,1144.0,-0.09,7.0,1200.0,1000.0
SHINED,7/27/2026,1144.0,1144.0,1079.1,1079.1,-5.67,101.0,1200.0,1000.0
SHINED,7/29/2026,1105.6,1109.0,1105.6,1109.0,0.31,450.0,1200.0,1000.0
SHINED,7/31/2026,1092.0,1092.0,1092.0,1092.0,0.0,25.0,1200.0,1000.0
SHINED,8/4/2026,1080.1,1080.1,1076.2,1076.2,-0.36,150.0,1200.0,1000.0
SHINED,8/5/2026,1084.0,1084.0,1084.0,1084.0,0.0,25.0,1200.0,1000.0
SHINED,8/7/2026,1095.0,1095.0,1095.0,1095.0,0.0,50.0,1200.0,1000.0
SHINED,8/10/2026,1098.0,1100.0,1090.0,1090.0,-0.73,130.0,1200.0,1000.0
SHINED,8/14/2026,1081.0,1081.0,1081.0,1081.0,0.0,25.0,1200.0,1000.0
SHINED,8/18/2026,1090.0,1090.0,1090.0,1090.0,0.0,25.0,1200.0,1000.0
SHINED,8/20/2026,1080.1,1095.0,1080.1,1095.0,1.38,48.0,1200.0,1000.0
SHINED,8/24/2026,1079.0,1116.0,1079.0,1116.0,3.43,661.0,1200.0,1000.0
SHINED,8/25/2026,1100.0,1100.0,1100.0,1100.0,0.0,55.0,1200.0,1000.0
SHINED,8/26/2026,1100.0,1125.0,1100.0,1125.0,2.27,225.0,1200.0,1000.0
SHINED,9/3/2026,1105.0,1105.0,1105.0,1096.0,-0.81,26.0,1200.0,1000.0
SHINED,9/16/2026,1101.0,1101.0,1101.0,1101.0,0.0,50.0,1200.0,1000.0
SHINED,9/18/2026,1102.0,1102.0,1101.0,1101.0,-0.09,50.0,1200.0,1000.0
SHINED,9/22/2026,1105.0,1105.0,1101.0,1101.0,-0.36,100.0,1200.0,1000.0
SHINED,9/23/2026,1120.0,1130.0,1120.0,1130.0,0.89,206.0,1200.0,1000.0
SHINED,9/29/2026,1110.0,1120.0,1110.0,0.0,-100.0,75.0,1200.0,1000.0
SHINED,9/30/2026,1110.0,1125.0,1110.0,1125.0,1.35,225.0,1200.0,1000.0
SHINED,10/1/2026,1125.0,1125.0,1125.0,1125.0,0.0,25.0,1200.0,1000.0
SHINED,10/2/2026,1125.0,1150.0,1125.0,1145.0,1.78,1320.0,1200.0,1000.0
SHINEP,6/12/2026,222.0,222.0,222.0,222.0,0.0,94115.0,228.0,222.0
SHINEP,6/26/2026,222.0,222.0,222.0,222.0,0.0,10282.0,228.0,222.0
SHIVM,12/21/2025,569.4,582.7,569.4,582.7,,84147.0,737.1,546.6
SHIVM,12/22/2025,579.0,582.0,575.0,577.0,-0.98,83492.0,737.1,546.6
SHIVM,12/23/2025,577.0,580.0,570.0,577.0,0.0,89937.0,737.1,546.6
SHIVM,12/24/2025,575.0,583.0,572.0,575.0,-0.35,77009.0,737.1,546.6
SHIVM,12/28/2025,580.0,601.0,575.1,599.9,4.33,288886.0,737.1,546.6
SHIVM,12/29/2025,603.0,604.0,593.9,599.9,0.0,227658.0,737.1,546.6
SHIVM,12/31/2025,599.9,610.2,590.0,608.0,1.35,204930.0,737.1,546.6
SHIVM,1/1/2026,614.0,614.0,598.0,607.5,-0.08,229077.0,737.1,546.6
SHIVM,1/4/2026,596.3,605.0,596.3,605.0,-0.41,165296.0,737.1,546.6
SHIVM,1/5/2026,605.0,630.0,600.0,628.8,3.93,622840.0,737.1,546.6
SHIVM,1/6/2026,630.0,639.9,621.1,623.0,-0.92,373304.0,737.1,546.6
SHIVM,1/7/2026,620.0,626.0,613.6,617.5,-0.88,260554.0,737.1,546.6
SHIVM,1/8/2026,618.0,625.0,610.7,625.0,1.21,241681.0,737.1,546.6
SHIVM,1/12/2026,621.2,639.0,619.0,620.8,-0.67,391092.0,737.1,546.6
SHIVM,1/13/2026,620.8,626.3,618.0,619.0,-0.29,273911.0,737.1,546.6
SHIVM,1/14/2026,624.7,624.9,615.0,615.0,-0.65,165940.0,737.1,546.6
SHIVM,1/18/2026,622.9,632.0,616.0,624.0,1.46,221954.0,737.1,546.6
SHIVM,1/20/2026,636.4,637.7,625.0,629.6,0.9,338399.0,737.1,546.6
SHIVM,1/21/2026,630.0,636.0,620.0,620.6,-1.43,200183.0,737.1,546.6
SHIVM,1/22/2026,621.5,627.0,615.0,625.0,0.71,248358.0,737.1,546.6
SHIVM,1/25/2026,627.0,648.0,626.0,643.0,2.88,500453.0,737.1,546.6
SHIVM,1/26/2026,650.0,650.0,630.1,632.1,-1.7,370914.0,737.1,546.6
SHIVM,1/27/2026,632.2,640.0,620.0,621.1,-1.74,360901.0,737.1,546.6
SHIVM,1/28/2026,629.0,629.0,615.0,622.5,0.23,291115.0,737.1,546.6
SHIVM,1/29/2026,624.0,628.3,616.1,618.9,-0.58,204191.0,737.1,546.6
SHIVM,2/1/2026,623.0,623.0,610.0,612.0,-1.11,212694.0,737.1,546.6
SHIVM,2/2/2026,599.8,618.2,599.8,612.4,0.07,151189.0,737.1,546.6
SHIVM,2/3/2026,616.0,619.0,607.0,609.0,-0.56,156312.0,737.1,546.6
SHIVM,2/4/2026,597.0,620.0,597.0,609.0,0.0,120041.0,737.1,546.6
SHIVM,2/5/2026,610.0,619.0,606.1,615.1,1.0,131470.0,737.1,546.6
SHIVM,2/8/2026,624.7,628.0,615.3,622.0,1.12,307474.0,737.1,546.6
SHIVM,2/9/2026,617.0,625.0,612.0,614.5,-1.21,148696.0,737.1,546.6
SHIVM,2/10/2026,610.0,618.5,607.0,610.0,-0.73,138719.0,737.1,546.6
SHIVM,2/11/2026,614.0,625.0,607.3,609.0,-0.16,149526.0,737.1,546.6
SHIVM,2/12/2026,610.1,615.9,610.0,612.0,0.49,133822.0,737.1,546.6
SHIVM,2/16/2026,616.1,620.0,610.2,611.0,-0.16,131649.0,737.1,546.6
SHIVM,2/17/2026,612.0,614.5,604.0,604.0,-1.15,124501.0,737.1,546.6
SHIVM,2/22/2026,604.0,607.0,598.0,601.9,-0.35,150106.0,737.1,546.6
SHIVM,2/23/2026,598.1,607.9,598.0,605.0,0.52,94814.0,737.1,546.6
SHIVM,2/24/2026,609.0,612.0,598.0,611.8,1.12,77311.0,737.1,546.6
SHIVM,2/25/2026,611.8,618.0,608.3,617.0,0.85,144147.0,737.1,546.6
SHIVM,2/26/2026,620.0,620.0,611.0,617.0,0.0,56479.0,737.1,546.6
SHIVM,2/27/2026,620.0,620.0,611.0,617.0,0.0,56479.0,737.1,546.6
SHIVM,2/28/2026,620.0,620.0,611.0,617.0,0.0,56479.0,737.1,546.6
SHIVM,3/2/2026,606.0,624.0,606.0,622.5,0.89,260828.0,737.1,546.6
SHIVM,3/3/2026,620.0,634.2,611.1,632.0,1.53,220239.0,737.1,546.6
SHIVM,3/4/2026,620.0,634.2,611.1,632.0,0.0,220239.0,737.1,546.6
SHIVM,3/5/2026,620.0,634.2,611.1,632.0,0.0,220239.0,737.1,546.6
SHIVM,3/6/2026,620.0,634.2,611.1,632.0,0.0,220239.0,737.1,546.6
SHIVM,3/7/2026,620.0,634.2,611.1,632.0,0.0,220239.0,737.1,546.6
SHIVM,3/8/2026,620.0,634.2,611.1,632.0,0.0,220239.0,737.1,546.6
SHIVM,3/9/2026,644.6,695.2,644.6,675.0,6.8,42874.0,737.1,546.6
SHIVM,3/10/2026,680.0,680.0,647.1,670.0,-0.74,726890.0,737.1,546.6
SHIVM,3/11/2026,676.0,676.0,655.0,655.0,-2.24,299285.0,737.1,546.6
SHIVM,3/12/2026,655.0,665.0,646.5,659.0,0.61,260351.0,737.1,546.6
SHIVM,3/13/2026,655.0,665.0,646.5,659.0,0.0,260351.0,737.1,546.6
SHIVM,3/14/2026,655.0,665.0,646.5,659.0,0.0,260351.0,737.1,546.6
SHIVM,3/15/2026,661.0,669.0,655.0,661.9,0.44,331799.0,737.1,546.6
SHIVM,3/16/2026,655.0,666.0,652.0,652.0,-1.5,222072.0,737.1,546.6
SHIVM,3/17/2026,650.0,655.0,645.0,651.0,-0.15,192652.0,737.1,546.6
SHIVM,3/18/2026,650.0,655.0,645.0,651.0,0.0,192652.0,737.1,546.6
SHIVM,3/19/2026,654.8,672.0,654.8,671.9,3.21,560219.0,737.1,546.6
SHIVM,3/20/2026,654.8,672.0,654.8,671.9,0.0,560219.0,737.1,546.6
SHIVM,3/21/2026,654.8,672.0,654.8,671.9,0.0,560219.0,737.1,546.6
SHIVM,3/22/2026,675.0,709.0,675.0,698.0,3.88,1082551.0,737.1,546.6
SHIVM,3/23/2026,700.0,724.8,687.0,720.0,3.15,853309.0,737.1,546.6
SHIVM,3/24/2026,720.0,730.0,708.0,710.0,-1.39,547372.0,737.1,546.6
SHIVM,3/25/2026,710.0,713.0,695.9,698.0,-1.69,681616.0,737.1,546.6
SHIVM,3/26/2026,698.0,708.9,691.0,706.0,1.15,404924.0,737.1,546.6
SHIVM,3/29/2026,710.0,714.0,688.0,689.0,-2.96,686100.0,737.1,546.6
SHIVM,3/30/2026,689.0,697.5,675.1,676.0,-1.89,639774.0,737.1,546.6
SHIVM,3/31/2026,680.0,693.0,670.2,685.0,0.74,515667.0,737.1,546.6
SHIVM,4/1/2026,685.0,690.9,660.0,669.0,-2.34,637105.0,737.1,546.6
SHIVM,4/2/2026,661.0,682.0,660.0,675.0,2.12,355138.0,737.1,546.6
SHIVM,4/5/2026,661.5,665.0,643.0,646.0,-2.34,694509.0,737.1,546.6
SHIVM,4/6/2026,644.0,674.9,642.0,666.0,3.42,372890.0,737.1,546.6
SHIVM,4/7/2026,675.0,679.0,661.0,665.3,-1.44,323631.0,737.1,546.6
SHIVM,4/8/2026,678.6,696.0,666.0,693.0,2.12,545654.0,737.1,546.6
SHIVM,4/9/2026,700.0,700.0,688.1,695.0,-0.71,447466.0,737.1,546.6
SHIVM,4/10/2026,695.0,700.0,682.1,685.0,-1.44,367225.0,737.1,546.6
SHIVM,4/13/2026,687.5,692.9,683.2,688.0,0.07,275103.0,737.1,546.6
SHIVM,4/15/2026,688.0,718.0,688.0,708.0,2.91,817913.0,737.1,546.6
SHIVM,4/16/2026,708.0,711.0,690.2,690.2,-2.51,384656.0,737.1,546.6
SHIVM,4/17/2026,678.0,701.0,678.0,695.0,2.51,345817.0,737.1,546.6
SHIVM,4/20/2026,700.0,700.0,680.1,682.0,-2.57,235104.0,737.1,546.6
SHIVM,4/21/2026,697.9,697.9,678.0,680.0,-2.56,246868.0,737.1,546.6
SHIVM,4/22/2026,680.0,690.0,666.4,680.0,0.0,377686.0,737.1,546.6
SHIVM,4/23/2026,700.0,700.0,670.0,673.0,-3.86,135387.0,737.1,546.6
SHIVM,4/24/2026,665.0,680.0,656.1,669.7,0.71,197127.0,737.1,546.6
SHIVM,4/27/2026,669.7,679.9,661.3,672.0,0.34,164981.0,737.1,546.6
SHIVM,4/28/2026,672.0,679.0,665.1,666.0,-0.89,172219.0,737.1,546.6
SHIVM,4/29/2026,666.0,672.0,656.0,658.0,-1.2,187670.0,737.1,546.6
SHIVM,4/30/2026,658.0,668.0,650.1,664.2,0.94,258669.0,737.1,546.6
SHIVM,5/4/2026,670.0,670.0,655.0,656.0,-2.09,121198.0,737.1,546.6
SHIVM,5/5/2026,660.0,665.0,651.3,660.0,0.0,77677.0,737.1,546.6
SHIVM,5/6/2026,670.0,670.0,658.5,662.0,-1.19,88362.0,737.1,546.6
SHIVM,5/7/2026,662.0,669.8,662.0,666.9,0.74,60189.0,737.1,546.6
SHIVM,5/8/2026,666.9,676.9,660.0,676.8,1.48,85257.0,737.1,546.6
SHIVM,5/11/2026,680.0,695.0,678.0,692.0,1.76,195631.0,737.1,546.6
SHIVM,5/12/2026,697.0,697.0,675.3,677.0,-2.87,232638.0,737.1,546.6
SHIVM,5/13/2026,667.0,680.0,667.0,677.0,1.5,110525.0,737.1,546.6
SHIVM,5/14/2026,685.0,685.0,672.0,675.0,-1.46,77654.0,737.1,546.6
SHIVM,5/15/2026,684.0,684.0,673.1,674.0,-1.46,90902.0,737.1,546.6
SHIVM,5/18/2026,684.9,684.9,673.8,676.8,-1.18,85713.0,737.1,546.6
SHIVM,5/19/2026,679.5,680.0,673.0,676.0,-0.52,82052.0,737.1,546.6
SHIVM,5/20/2026,677.0,688.0,676.0,688.0,1.62,120687.0,737.1,546.6
SHIVM,5/21/2026,708.0,708.0,680.4,680.4,-3.9,100079.0,737.1,546.6
SHIVM,5/22/2026,680.4,688.0,677.6,686.9,0.96,108932.0,737.1,546.6
SHIVM,5/25/2026,684.0,695.0,684.0,693.0,1.32,159487.0,737.1,546.6
SHIVM,5/26/2026,692.0,693.0,686.1,689.0,-0.43,136734.0,737.1,546.6
SHIVM,5/27/2026,695.0,695.0,684.5,685.0,-1.44,105545.0,737.1,546.6
SHIVM,6/1/2026,686.0,686.0,668.0,671.1,-2.17,184121.0,737.1,546.6
SHIVM,6/2/2026,674.8,710.0,663.5,670.0,-0.71,178812.0,737.1,546.6
SHIVM,6/3/2026,636.5,685.0,636.5,675.1,6.06,89107.0,737.1,546.6
SHIVM,6/4/2026,675.1,679.0,670.0,677.6,0.37,65064.0,737.1,546.6
SHIVM,6/5/2026,680.0,715.0,667.5,673.0,-1.03,92974.0,737.1,546.6
SHIVM,6/8/2026,680.0,680.0,664.0,669.0,-1.62,68490.0,737.1,546.6
SHIVM,6/9/2026,670.0,670.0,658.0,669.5,-0.07,173528.0,737.1,546.6
SHIVM,6/10/2026,673.0,673.0,662.4,665.0,-1.19,83231.0,737.1,546.6
SHIVM,6/11/2026,665.0,669.0,655.2,665.0,0.0,96593.0,737.1,546.6
SHIVM,6/12/2026,660.0,669.5,656.0,658.9,-0.17,92448.0,737.1,546.6
SHIVM,6/15/2026,670.0,670.0,650.2,656.0,-2.09,103286.0,737.1,546.6
SHIVM,6/16/2026,623.2,675.0,623.2,651.0,4.46,111072.0,737.1,546.6
SHIVM,6/17/2026,664.8,664.8,645.4,645.7,-2.87,168999.0,737.1,546.6
SHIVM,6/18/2026,646.0,651.0,640.0,647.1,0.17,120221.0,737.1,546.6
SHIVM,6/19/2026,651.0,653.0,643.5,644.2,-1.04,98640.0,737.1,546.6
SHIVM,6/22/2026,645.1,650.0,643.4,645.9,0.12,61465.0,737.1,546.6
SHIVM,6/23/2026,645.0,648.7,635.0,635.0,-1.55,172817.0,737.1,546.6
SHIVM,6/24/2026,666.0,666.0,624.0,630.0,-5.41,166650.0,737.1,546.6
SHIVM,6/26/2026,638.0,638.0,626.0,628.6,-1.47,130169.0,737.1,546.6
SHIVM,6/29/2026,634.0,634.0,621.0,624.1,-1.56,75442.0,737.1,546.6
SHIVM,6/30/2026,633.0,633.0,621.0,624.0,-1.42,68220.0,737.1,546.6
SHIVM,7/1/2026,624.0,638.0,624.0,632.0,1.28,96022.0,737.1,546.6
SHIVM,7/2/2026,639.9,640.0,625.2,632.0,-1.23,52384.0,737.1,546.6
SHIVM,7/3/2026,640.0,640.0,626.3,627.1,-2.02,109957.0,737.1,546.6
SHIVM,7/6/2026,633.0,633.0,625.0,625.1,-1.25,102859.0,737.1,546.6
SHIVM,7/7/2026,626.2,632.0,626.2,629.0,0.45,92320.0,737.1,546.6
SHIVM,7/8/2026,628.0,645.0,622.0,623.0,-0.8,66713.0,737.1,546.6
SHIVM,7/9/2026,640.0,640.0,619.5,622.9,-2.67,85479.0,737.1,546.6
SHIVM,7/10/2026,620.0,628.0,620.0,621.5,0.24,66153.0,737.1,546.6
SHIVM,7/13/2026,629.0,629.0,615.0,619.9,-1.45,67449.0,737.1,546.6
SHIVM,7/14/2026,625.0,657.0,612.0,619.0,-0.96,134658.0,737.1,546.6
SHIVM,7/15/2026,630.0,630.0,618.2,620.8,-1.46,87046.0,737.1,546.6
SHIVM,7/16/2026,627.5,627.5,620.0,621.0,-1.04,58274.0,737.1,546.6
SHIVM,7/17/2026,600.0,652.0,600.0,652.0,8.67,108959.0,737.1,546.6
SHIVM,7/20/2026,653.5,663.7,640.0,663.0,1.45,150670.0,737.1,546.6
SHIVM,7/21/2026,666.0,668.0,653.1,663.1,-0.44,152420.0,737.1,546.6
SHIVM,7/22/2026,657.1,664.9,652.0,656.0,-0.17,112792.0,737.1,546.6
SHIVM,7/23/2026,650.0,660.0,648.1,660.0,1.54,58438.0,737.1,546.6
SHIVM,7/24/2026,638.0,665.0,638.0,655.0,2.66,64040.0,737.1,546.6
SHIVM,7/27/2026,655.0,658.0,643.0,643.5,-1.76,88207.0,737.1,546.6
SHIVM,7/28/2026,642.0,646.0,636.6,641.0,-0.16,77097.0,737.1,546.6
SHIVM,7/29/2026,641.5,644.0,637.0,639.2,-0.36,40521.0,737.1,546.6
SHIVM,7/30/2026,626.4,674.0,626.4,636.0,1.53,71068.0,737.1,546.6
SHIVM,7/31/2026,635.0,644.0,633.0,642.0,1.1,69233.0,737.1,546.6
SHIVM,8/3/2026,642.0,650.0,642.0,646.5,0.7,71310.0,737.1,546.6
SHIVM,8/4/2026,678.5,678.5,646.5,648.0,-4.5,116651.0,737.1,546.6
SHIVM,8/5/2026,680.3,680.3,645.09,649.0,-4.6,69463.0,737.1,546.6
SHIVM,8/6/2026,646.0,651.0,645.0,645.0,-0.15,46373.0,737.1,546.6
SHIVM,8/7/2026,646.0,646.0,637.0,637.7,-1.28,44267.0,737.1,546.6
SHIVM,8/10/2026,638.7,643.9,633.3,633.3,-0.85,63736.0,737.1,546.6
SHIVM,8/11/2026,603.5,638.0,603.5,636.0,5.39,46483.0,737.1,546.6
SHIVM,8/12/2026,640.0,640.0,630.0,632.1,-1.23,61657.0,737.1,546.6
SHIVM,8/13/2026,642.0,642.0,628.0,632.5,-1.48,37300.0,737.1,546.6
SHIVM,8/14/2026,627.7,660.0,627.7,631.0,0.53,82324.0,737.1,546.6
SHIVM,8/17/2026,599.5,645.0,599.5,629.7,5.04,72346.0,737.1,546.6
SHIVM,8/18/2026,630.0,633.8,622.0,624.5,-0.87,81985.0,737.1,546.6
SHIVM,8/19/2026,623.5,630.0,620.2,627.4,0.63,71344.0,737.1,546.6
SHIVM,8/20/2026,632.0,633.0,625.0,631.0,-0.16,28823.0,737.1,546.6
SHIVM,8/21/2026,632.0,639.0,630.0,633.0,0.16,50478.0,737.1,546.6
SHIVM,8/24/2026,630.1,630.1,626.2,626.7,-0.54,44336.0,737.1,546.6
SHIVM,8/25/2026,624.0,629.7,620.5,621.4,-0.42,81006.0,737.1,546.6
SHIVM,8/26/2026,621.5,626.0,618.1,624.0,0.4,107624.0,737.1,546.6
SHIVM,8/27/2026,624.0,661.2,620.0,650.0,4.17,335852.0,737.1,546.6
SHIVM,8/31/2026,665.0,670.0,650.0,664.0,-0.15,397552.0,737.1,546.6
SHIVM,9/1/2026,661.0,672.0,648.0,654.0,-1.06,207849.0,737.1,546.6
SHIVM,9/2/2026,657.0,668.0,648.0,658.0,0.15,165180.0,737.1,546.6
SHIVM,9/3/2026,660.0,665.7,656.2,661.0,0.15,174067.0,737.1,546.6
SHIVM,9/7/2026,694.0,694.0,660.0,664.2,-4.29,128175.0,737.1,546.6
SHIVM,9/9/2026,664.2,678.8,660.0,662.6,-0.24,200599.0,737.1,546.6
SHIVM,9/10/2026,663.0,665.0,652.1,653.6,-1.42,99214.0,737.1,546.6
SHIVM,9/11/2026,659.0,667.0,654.0,663.0,0.61,104620.0,737.1,546.6
SHIVM,9/14/2026,663.0,675.0,663.0,670.0,1.06,158053.0,737.1,546.6
SHIVM,9/15/2026,685.0,690.0,673.0,681.0,-0.58,462655.0,737.1,546.6
SHIVM,9/16/2026,682.0,687.9,675.0,676.3,-0.84,243901.0,737.1,546.6
SHIVM,9/17/2026,685.0,695.0,680.1,685.5,0.07,396612.0,737.1,546.6
SHIVM,9/18/2026,686.0,695.0,680.5,688.0,0.29,259309.0,737.1,546.6
SHIVM,9/22/2026,688.0,693.0,682.0,684.1,-0.57,185722.0,737.1,546.6
SHIVM,9/23/2026,686.0,697.0,685.0,687.0,0.15,555271.0,737.1,546.6
SHIVM,9/24/2026,689.0,705.0,686.1,702.0,1.89,513243.0,737.1,546.6
SHIVM,9/28/2026,737.1,737.1,691.0,695.1,-5.7,424166.0,737.1,546.6
SHIVM,9/29/2026,693.0,697.0,685.0,0.0,-100.0,168600.0,737.1,546.6
SHIVM,9/30/2026,691.0,691.0,683.0,684.5,-0.94,222436.0,737.1,546.6
SHIVM,10/1/2026,685.0,689.5,680.1,685.0,0.0,134118.0,737.1,546.6
SHIVM,10/2/2026,692.0,692.0,680.3,681.0,-1.59,106564.0,737.1,546.6
SHL,3/27/2011,237.0,235.0,235.0,235.0,,1239.0,559.8,464.0
SHL,3/28/2011,235.0,233.0,233.0,233.0,-0.85,100.0,559.8,464.0
SHL,3/29/2011,233.0,229.0,225.0,225.0,-3.43,1062.0,559.8,464.0
SHL,3/30/2011,225.0,225.0,225.0,225.0,0.0,123.0,559.8,464.0
SHL,3/31/2011,225.0,222.0,218.0,218.0,-3.11,644.0,559.8,464.0
SHL,4/4/2011,218.0,222.0,222.0,222.0,1.83,161.0,559.8,464.0
SHL,4/6/2011,222.0,222.0,222.0,222.0,0.0,123.0,559.8,464.0
SHL,4/11/2011,222.0,225.0,221.0,221.0,-0.45,278.0,559.8,464.0
SHL,4/17/2011,221.0,220.0,220.0,220.0,-0.45,211.0,559.8,464.0
SHL,5/10/2011,220.0,216.0,216.0,216.0,-1.82,156.0,559.8,464.0
SHL,5/12/2011,216.0,212.0,212.0,212.0,-1.85,1000.0,559.8,464.0
SHL,5/15/2011,212.0,208.0,208.0,208.0,-1.89,1000.0,559.8,464.0
SHL,5/16/2011,208.0,204.0,204.0,204.0,-1.92,1000.0,559.8,464.0
SHL,5/18/2011,204.0,203.0,203.0,203.0,-0.49,131.0,559.8,464.0
SHL,5/24/2011,203.0,193.0,190.0,190.0,-6.4,9000.0,559.8,464.0
SHL,5/25/2011,190.0,190.0,190.0,190.0,0.0,10000.0,559.8,464.0
SHL,5/26/2011,190.0,190.0,190.0,190.0,0.0,10000.0,559.8,464.0
SHL,6/6/2011,190.0,187.0,187.0,187.0,-1.58,17000.0,559.8,464.0
SHL,6/8/2011,187.0,190.0,190.0,190.0,1.6,300.0,559.8,464.0
SHL,6/9/2011,190.0,193.0,193.0,193.0,1.58,300.0,559.8,464.0
SHL,6/12/2011,193.0,192.0,192.0,192.0,-0.52,300.0,559.8,464.0
SHL,6/13/2011,192.0,190.0,190.0,190.0,-1.04,1000.0,559.8,464.0
SHL,6/16/2011,190.0,193.0,190.0,190.0,0.0,1369.0,559.8,464.0
SHL,6/27/2011,190.0,193.0,193.0,193.0,1.58,1300.0,559.8,464.0
SHL,7/3/2011,193.0,196.0,190.0,196.0,1.55,1600.0,559.8,464.0
SHL,7/5/2011,196.0,196.0,196.0,196.0,0.0,713.0,559.8,464.0
SHL,7/6/2011,196.0,199.0,199.0,199.0,1.53,100.0,559.8,464.0
SHL,7/7/2011,199.0,196.0,196.0,196.0,-1.51,711.0,559.8,464.0
SHL,7/10/2011,196.0,199.0,199.0,199.0,1.53,100.0,559.8,464.0
SHL,7/11/2011,199.0,202.0,202.0,202.0,1.51,100.0,559.8,464.0
SHL,7/13/2011,202.0,202.0,202.0,202.0,0.0,3485.0,559.8,464.0
SHL,7/24/2011,202.0,198.0,198.0,198.0,-1.98,304.0,559.8,464.0
SHL,7/31/2011,198.0,200.0,200.0,200.0,1.01,1409.0,559.8,464.0
SHL,8/1/2011,200.0,196.0,196.0,196.0,-2.0,200.0,559.8,464.0
SHL,8/18/2011,196.0,193.0,180.0,180.0,-8.16,28015.0,559.8,464.0
SHL,9/20/2011,180.0,183.0,180.0,183.0,1.67,3346.0,559.8,464.0
SHL,11/8/2011,183.0,186.0,186.0,186.0,1.64,100.0,559.8,464.0
SHL,11/15/2011,186.0,140.0,140.0,140.0,-24.73,1020144.0,559.8,464.0
SHL,12/4/2011,192.0,195.0,195.0,195.0,39.29,304.0,559.8,464.0
SHL,12/5/2011,195.0,198.0,198.0,198.0,1.54,723.0,559.8,464.0
SHL,12/7/2011,198.0,201.0,201.0,201.0,1.52,304.0,559.8,464.0
SHL,1/16/2012,201.0,168.0,168.0,168.0,-16.42,100.0,559.8,464.0
SHL,1/23/2012,168.0,171.0,171.0,171.0,1.79,113.0,559.8,464.0
SHL,1/31/2012,171.0,171.0,171.0,171.0,0.0,762.0,559.8,464.0
SHL,2/1/2012,171.0,188.0,174.0,188.0,9.94,1252.0,559.8,464.0
SHL,2/12/2012,188.0,185.0,185.0,185.0,-1.6,1496.0,559.8,464.0
SHL,2/27/2012,185.0,188.0,188.0,188.0,1.62,133.0,559.8,464.0
SHL,3/6/2012,188.0,190.0,190.0,190.0,1.06,914.0,559.8,464.0
SHL,3/21/2012,190.0,194.0,193.0,194.0,2.11,1066.0,559.8,464.0
SHL,4/2/2012,194.0,197.0,197.0,197.0,1.55,133.0,559.8,464.0
SHL,5/21/2012,197.0,200.0,200.0,200.0,1.52,100.0,559.8,464.0
SHL,5/29/2012,200.0,220.0,204.0,220.0,10.0,3348.0,559.8,464.0
SHL,5/31/2012,220.0,236.0,224.0,236.0,7.27,1113.0,559.8,464.0
SHL,6/3/2012,236.0,240.0,240.0,240.0,1.69,108.0,559.8,464.0
SHL,6/6/2012,240.0,248.0,244.0,248.0,3.33,400.0,559.8,464.0
SHL,6/7/2012,248.0,244.0,240.0,240.0,-3.23,1563.0,559.8,464.0
SHL,6/10/2012,240.0,236.0,233.0,233.0,-2.92,678.0,559.8,464.0
SHL,6/11/2012,233.0,237.0,237.0,237.0,1.72,368.0,559.8,464.0
SHL,6/12/2012,237.0,234.0,229.0,230.0,-2.95,6996.0,559.8,464.0
SHL,6/13/2012,230.0,226.0,226.0,226.0,-1.74,647.0,559.8,464.0
SHL,6/18/2012,226.0,226.0,222.0,226.0,0.0,467.0,559.8,464.0
SHL,6/27/2012,226.0,227.0,223.0,223.0,-1.33,6233.0,559.8,464.0
SHL,6/28/2012,223.0,226.0,225.0,226.0,1.35,5000.0,559.8,464.0
SHL,7/1/2012,226.0,229.0,225.0,229.0,1.33,2000.0,559.8,464.0
SHL,7/2/2012,229.0,234.0,230.0,230.0,0.44,1100.0,559.8,464.0
SHL,7/4/2012,230.0,234.0,234.0,234.0,1.74,490.0,559.8,464.0
SHL,7/5/2012,234.0,230.0,230.0,230.0,-1.71,8000.0,559.8,464.0
SHL,7/8/2012,230.0,230.0,230.0,230.0,0.0,512.0,559.8,464.0
SHL,7/10/2012,230.0,234.0,234.0,234.0,1.74,304.0,559.8,464.0
SHL,7/11/2012,234.0,230.0,230.0,230.0,-1.71,5000.0,559.8,464.0
SHL,7/15/2012,230.0,230.0,230.0,230.0,0.0,4000.0,559.8,464.0
SHL,7/17/2012,230.0,230.0,230.0,230.0,0.0,500.0,559.8,464.0
SHL,7/18/2012,230.0,230.0,230.0,230.0,0.0,5600.0,559.8,464.0
SHL,7/22/2012,230.0,231.0,230.0,230.0,0.0,6410.0,559.8,464.0
SHL,7/23/2012,230.0,230.0,230.0,230.0,0.0,1533.0,559.8,464.0
SHL,7/24/2012,230.0,234.0,230.0,234.0,1.74,11000.0,559.8,464.0
SHL,7/25/2012,234.0,230.0,230.0,230.0,-1.71,10155.0,559.8,464.0
SHL,7/31/2012,230.0,238.0,234.0,238.0,3.48,2086.0,559.8,464.0
SHL,8/6/2012,238.0,236.0,234.0,234.0,-1.68,5142.0,559.8,464.0
SHL,8/7/2012,234.0,236.0,234.0,236.0,0.85,1100.0,559.8,464.0
SHL,8/13/2012,236.0,236.0,236.0,236.0,0.0,1000.0,559.8,464.0
SHL,8/14/2012,236.0,236.0,236.0,236.0,0.0,859.0,559.8,464.0
SHL,8/19/2012,236.0,236.0,236.0,236.0,0.0,1273.0,559.8,464.0
SHL,8/22/2012,236.0,240.0,240.0,240.0,1.69,300.0,559.8,464.0
SHL,8/30/2012,240.0,249.0,237.0,248.0,3.33,4854.0,559.8,464.0
SHL,9/2/2012,248.0,252.0,252.0,252.0,1.61,600.0,559.8,464.0
SHL,9/3/2012,252.0,257.0,252.0,257.0,1.98,466.0,559.8,464.0
SHL,9/5/2012,257.0,261.0,257.0,261.0,1.56,1100.0,559.8,464.0
SHL,9/6/2012,261.0,266.0,260.0,261.0,0.0,2417.0,559.8,464.0
SHL,9/9/2012,261.0,266.0,265.0,265.0,1.53,478.0,559.8,464.0
SHL,9/10/2012,265.0,269.0,266.0,266.0,0.38,841.0,559.8,464.0
SHL,9/11/2012,266.0,266.0,265.0,266.0,0.0,1526.0,559.8,464.0
SHL,9/12/2012,266.0,270.0,267.0,270.0,1.5,963.0,559.8,464.0
SHL,9/13/2012,270.0,280.0,275.0,280.0,3.7,485.0,559.8,464.0
SHL,9/16/2012,280.0,295.0,285.0,295.0,5.36,644.0,559.8,464.0
SHL,9/17/2012,295.0,298.0,297.0,297.0,0.68,1385.0,559.8,464.0
SHL,9/18/2012,297.0,292.0,292.0,292.0,-1.68,200.0,559.8,464.0
SHL,9/19/2012,292.0,295.0,295.0,295.0,1.03,156.0,559.8,464.0
SHL,9/25/2012,295.0,294.0,290.0,290.0,-1.69,402.0,559.8,464.0
SHL,9/30/2012,290.0,285.0,281.0,281.0,-3.1,320.0,559.8,464.0
SHL,10/1/2012,281.0,276.0,276.0,276.0,-1.78,1000.0,559.8,464.0
SHL,10/2/2012,276.0,281.0,281.0,281.0,1.81,120.0,559.8,464.0
SHL,10/3/2012,281.0,286.0,272.0,272.0,-3.2,1360.0,559.8,464.0
SHL,10/4/2012,272.0,271.0,270.0,270.0,-0.74,1232.0,559.8,464.0
SHL,10/7/2012,270.0,265.0,265.0,265.0,-1.85,300.0,559.8,464.0
SHL,10/9/2012,265.0,270.0,270.0,270.0,1.89,142.0,559.8,464.0
SHL,10/10/2012,270.0,276.0,270.0,276.0,2.22,535.0,559.8,464.0
SHL,10/11/2012,276.0,280.0,276.0,279.0,1.09,1523.0,559.8,464.0
SHL,10/14/2012,279.0,274.0,274.0,274.0,-1.79,1200.0,559.8,464.0
SHL,10/15/2012,274.0,277.0,274.0,274.0,0.0,1200.0,559.8,464.0
SHL,10/18/2012,274.0,279.0,279.0,279.0,1.82,200.0,559.8,464.0
SHL,11/1/2012,279.0,279.0,279.0,279.0,0.0,2000.0,559.8,464.0
SHL,11/4/2012,279.0,284.0,283.0,284.0,1.79,212.0,559.8,464.0
SHL,11/7/2012,284.0,279.0,279.0,279.0,-1.76,883.0,559.8,464.0
SHL,11/12/2012,279.0,306.0,284.0,306.0,9.68,5700.0,559.8,464.0
SHL,11/18/2012,306.0,312.0,312.0,312.0,1.96,100.0,559.8,464.0
SHL,11/20/2012,312.0,324.0,318.0,324.0,3.85,1834.0,559.8,464.0
SHL,11/21/2012,324.0,348.0,330.0,348.0,7.41,1631.0,559.8,464.0
SHL,11/22/2012,348.0,350.0,346.0,346.0,-0.57,633.0,559.8,464.0
SHL,11/25/2012,346.0,346.0,340.0,340.0,-1.73,3158.0,559.8,464.0
SHL,11/26/2012,340.0,334.0,328.0,331.0,-2.65,1158.0,559.8,464.0
SHL,11/27/2012,331.0,341.0,329.0,341.0,3.02,2098.0,559.8,464.0
SHL,11/29/2012,341.0,335.0,323.0,323.0,-5.28,1463.0,559.8,464.0
SHL,12/2/2012,323.0,320.0,311.0,318.0,-1.55,4442.0,559.8,464.0
SHL,12/3/2012,318.0,319.0,314.0,314.0,-1.26,743.0,559.8,464.0
SHL,12/4/2012,314.0,326.0,318.0,326.0,3.82,1958.0,559.8,464.0
SHL,12/6/2012,326.0,267.0,267.0,267.0,-18.1,2720.0,559.8,464.0
SHL,12/10/2012,267.0,262.0,262.0,262.0,-1.87,3667.0,559.8,464.0
SHL,12/13/2012,262.0,257.0,257.0,257.0,-1.91,2190.0,559.8,464.0
SHL,12/17/2012,257.0,252.0,252.0,252.0,-1.95,3800.0,559.8,464.0
SHL,12/20/2012,252.0,247.0,247.0,247.0,-1.98,3943.0,559.8,464.0
SHL,1/1/2013,247.0,247.0,247.0,247.0,0.0,730.0,559.8,464.0
SHL,1/10/2013,247.0,271.0,251.0,271.0,9.72,931.0,559.8,464.0
SHL,1/17/2013,271.0,298.0,276.0,298.0,9.96,1321.0,559.8,464.0
SHL,1/20/2013,298.0,294.0,290.0,294.0,-1.34,625.0,559.8,464.0
SHL,1/22/2013,294.0,304.0,295.0,304.0,3.4,550.0,559.8,464.0
SHL,1/23/2013,304.0,310.0,301.0,301.0,-0.99,1838.0,559.8,464.0
SHL,1/24/2013,301.0,295.0,295.0,295.0,-1.99,200.0,559.8,464.0
SHL,1/27/2013,295.0,300.0,295.0,300.0,1.69,1090.0,559.8,464.0
SHL,1/28/2013,300.0,300.0,300.0,300.0,0.0,100.0,559.8,464.0
SHL,1/30/2013,300.0,295.0,295.0,295.0,-1.67,108.0,559.8,464.0
SHL,1/31/2013,295.0,291.0,290.0,290.0,-1.69,200.0,559.8,464.0
SHL,2/3/2013,290.0,285.0,282.0,282.0,-2.76,660.0,559.8,464.0
SHL,2/4/2013,282.0,280.0,280.0,280.0,-0.71,220.0,559.8,464.0
SHL,2/5/2013,280.0,285.0,285.0,285.0,1.79,333.0,559.8,464.0
SHL,2/6/2013,285.0,280.0,272.0,272.0,-4.56,1648.0,559.8,464.0
SHL,2/7/2013,272.0,270.0,270.0,270.0,-0.74,100.0,559.8,464.0
SHL,2/10/2013,270.0,275.0,275.0,275.0,1.85,273.0,559.8,464.0
SHL,2/14/2013,275.0,281.0,280.0,281.0,2.18,400.0,559.8,464.0
SHL,2/20/2013,281.0,286.0,286.0,286.0,1.78,332.0,559.8,464.0
SHL,2/24/2013,286.0,291.0,286.0,291.0,1.75,525.0,559.8,464.0
SHL,2/27/2013,291.0,286.0,286.0,286.0,-1.72,194.0,559.8,464.0
SHL,2/28/2013,286.0,281.0,276.0,276.0,-3.5,300.0,559.8,464.0
SHL,3/3/2013,276.0,276.0,270.0,270.0,-2.17,748.0,559.8,464.0
SHL,3/4/2013,270.0,275.0,275.0,275.0,1.85,131.0,559.8,464.0
SHL,3/5/2013,275.0,275.0,275.0,275.0,0.0,144.0,559.8,464.0
SHL,3/6/2013,275.0,280.0,280.0,280.0,1.82,100.0,559.8,464.0
SHL,3/17/2013,280.0,288.0,278.0,283.0,1.07,592.0,559.8,464.0
SHL,3/20/2013,283.0,288.0,288.0,288.0,1.77,420.0,559.8,464.0
SHL,3/24/2013,288.0,283.0,278.0,278.0,-3.47,432.0,559.8,464.0
SHL,3/31/2013,278.0,275.0,265.0,275.0,-1.08,4016.0,559.8,464.0
SHL,4/2/2013,275.0,270.0,270.0,270.0,-1.82,261.0,559.8,464.0
SHL,4/3/2013,270.0,266.0,261.0,261.0,-3.33,1443.0,559.8,464.0
SHL,4/4/2013,261.0,265.0,265.0,265.0,1.53,293.0,559.8,464.0
SHL,4/7/2013,265.0,270.0,265.0,265.0,0.0,277.0,559.8,464.0
SHL,4/11/2013,265.0,270.0,270.0,270.0,1.89,100.0,559.8,464.0
SHL,4/15/2013,270.0,275.0,275.0,275.0,1.85,240.0,559.8,464.0
SHL,4/21/2013,275.0,275.0,275.0,275.0,0.0,102.0,559.8,464.0
SHL,4/22/2013,275.0,270.0,265.0,265.0,-3.64,391.0,559.8,464.0
SHL,5/2/2013,265.0,270.0,265.0,270.0,1.89,1616.0,559.8,464.0
SHL,5/6/2013,270.0,270.0,270.0,270.0,0.0,138.0,559.8,464.0
SHL,5/15/2013,270.0,265.0,265.0,265.0,-1.85,2264.0,559.8,464.0
SHL,5/20/2013,265.0,260.0,255.0,255.0,-3.77,4392.0,559.8,464.0
SHL,6/12/2013,255.0,270.0,260.0,266.0,4.31,1663.0,559.8,464.0
SHL,7/1/2013,266.0,292.0,271.0,292.0,9.77,3810.0,559.8,464.0
SHL,7/2/2013,292.0,294.0,290.0,290.0,-0.68,549.0,559.8,464.0
SHL,7/3/2013,290.0,291.0,291.0,291.0,0.34,133.0,559.8,464.0
SHL,7/4/2013,291.0,286.0,280.0,280.0,-3.78,874.0,559.8,464.0
SHL,7/7/2013,280.0,280.0,280.0,280.0,0.0,2346.0,559.8,464.0
SHL,7/11/2013,280.0,280.0,280.0,280.0,0.0,131.0,559.8,464.0
SHL,7/15/2013,280.0,276.0,276.0,276.0,-1.43,131.0,559.8,464.0
SHL,7/16/2013,276.0,280.0,276.0,277.0,0.36,3704.0,559.8,464.0
SHL,7/18/2013,277.0,280.0,280.0,280.0,1.08,177.0,559.8,464.0
SHL,7/21/2013,280.0,285.0,285.0,285.0,1.79,100.0,559.8,464.0
SHL,7/22/2013,285.0,285.0,285.0,285.0,0.0,1500.0,559.8,464.0
SHL,7/23/2013,285.0,282.0,282.0,282.0,-1.05,6000.0,559.8,464.0
SHL,7/24/2013,282.0,277.0,275.0,275.0,-2.48,10167.0,559.8,464.0
SHL,7/25/2013,275.0,276.0,271.0,276.0,0.36,482.0,559.8,464.0
SHL,7/29/2013,276.0,277.0,273.0,273.0,-1.09,2303.0,559.8,464.0
SHL,8/7/2013,273.0,283.0,278.0,283.0,3.66,641.0,559.8,464.0
SHL,8/8/2013,283.0,282.0,282.0,282.0,-0.35,3000.0,559.8,464.0
SHL,8/14/2013,282.0,283.0,277.0,277.0,-1.77,2200.0,559.8,464.0
SHL,8/15/2013,277.0,282.0,270.0,270.0,-2.53,27325.0,559.8,464.0
SHL,8/18/2013,270.0,270.0,270.0,270.0,0.0,4392.0,559.8,464.0
SHL,8/19/2013,270.0,280.0,275.0,280.0,3.7,900.0,559.8,464.0
SHL,8/20/2013,280.0,287.0,275.0,286.0,2.14,21662.0,559.8,464.0
SHL,8/25/2013,286.0,281.0,276.0,276.0,-3.5,5281.0,559.8,464.0
SHL,8/26/2013,276.0,276.0,276.0,276.0,0.0,438.0,559.8,464.0
SHL,8/27/2013,276.0,282.0,280.0,282.0,2.17,900.0,559.8,464.0
SHL,9/1/2013,282.0,282.0,277.0,282.0,0.0,14864.0,559.8,464.0
SHL,9/2/2013,282.0,285.0,280.0,280.0,-0.71,16900.0,559.8,464.0
SHL,9/3/2013,280.0,284.0,280.0,280.0,0.0,30183.0,559.8,464.0
SHL,9/5/2013,280.0,280.0,280.0,280.0,0.0,338.0,559.8,464.0
SHL,9/9/2013,280.0,280.0,280.0,280.0,0.0,6000.0,559.8,464.0
SHL,9/10/2013,280.0,280.0,280.0,280.0,0.0,1865.0,559.8,464.0
SHL,9/11/2013,280.0,280.0,275.0,275.0,-1.79,8487.0,559.8,464.0
SHL,9/16/2013,275.0,279.0,279.0,279.0,1.45,500.0,559.8,464.0
SHL,9/17/2013,279.0,280.0,274.0,275.0,-1.43,9210.0,559.8,464.0
SHL,9/19/2013,275.0,279.0,279.0,279.0,1.45,138.0,559.8,464.0
SHL,9/22/2013,279.0,280.0,280.0,280.0,0.36,288.0,559.8,464.0
SHL,9/23/2013,280.0,295.0,285.0,295.0,5.36,564.0,559.8,464.0
SHL,9/24/2013,295.0,300.0,286.0,286.0,-3.05,76569.0,559.8,464.0
SHL,9/25/2013,286.0,290.0,290.0,290.0,1.4,108.0,559.8,464.0
SHL,9/26/2013,290.0,312.0,285.0,306.0,5.52,9830.0,559.8,464.0
SHL,9/29/2013,306.0,320.0,308.0,320.0,4.58,4657.0,559.8,464.0
SHL,9/30/2013,320.0,332.0,325.0,325.0,1.56,1353.0,559.8,464.0
SHL,10/1/2013,325.0,330.0,301.0,307.0,-5.54,1360.0,559.8,464.0
SHL,10/2/2013,307.0,307.0,301.0,307.0,0.0,1609.0,559.8,464.0
SHL,10/3/2013,307.0,308.0,292.0,308.0,0.33,614.0,559.8,464.0
SHL,10/6/2013,308.0,293.0,283.0,283.0,-8.12,404.0,559.8,464.0
SHL,10/10/2013,283.0,310.0,288.0,310.0,9.54,9142.0,559.8,464.0
SHL,10/20/2013,310.0,341.0,316.0,341.0,10.0,4993.0,559.8,464.0
SHL,10/21/2013,341.0,353.0,340.0,341.0,0.0,1382.0,559.8,464.0
SHL,10/22/2013,341.0,347.0,341.0,347.0,1.76,4202.0,559.8,464.0
SHL,10/23/2013,347.0,381.0,352.0,381.0,9.8,21957.0,559.8,464.0
SHL,10/24/2013,381.0,410.0,385.0,395.0,3.67,11722.0,559.8,464.0
SHL,10/27/2013,395.0,408.0,391.0,391.0,-1.01,2525.0,559.8,464.0
SHL,10/28/2013,391.0,398.0,392.0,392.0,0.26,2365.0,559.8,464.0
SHL,10/29/2013,392.0,387.0,386.0,387.0,-1.28,623.0,559.8,464.0
SHL,10/30/2013,387.0,398.0,390.0,398.0,2.84,1823.0,559.8,464.0
SHL,10/31/2013,398.0,391.0,391.0,391.0,-1.76,1200.0,559.8,464.0
SHL,11/6/2013,391.0,391.0,391.0,391.0,0.0,327.0,559.8,464.0
SHL,11/7/2013,391.0,399.0,395.0,399.0,2.05,466.0,559.8,464.0
SHL,11/10/2013,399.0,400.0,399.0,400.0,0.25,560.0,559.8,464.0
SHL,11/11/2013,400.0,408.0,400.0,408.0,2.0,9432.0,559.8,464.0
SHL,11/12/2013,408.0,401.0,399.0,399.0,-2.21,4717.0,559.8,464.0
SHL,11/13/2013,399.0,406.0,396.0,396.0,-0.75,1441.0,559.8,464.0
SHL,11/14/2013,396.0,408.0,399.0,399.0,0.76,5628.0,559.8,464.0
SHL,11/27/2013,285.0,313.0,285.0,313.0,-21.55,49732.0,559.8,464.0
SHL,11/28/2013,313.0,331.0,319.0,331.0,5.75,300.0,559.8,464.0
SHL,12/1/2013,331.0,364.0,337.0,364.0,9.97,2687.0,559.8,464.0
SHL,12/2/2013,364.0,374.0,360.0,368.0,1.1,9800.0,559.8,464.0
SHL,12/3/2013,368.0,375.0,360.0,360.0,-2.17,661.0,559.8,464.0
SHL,12/4/2013,360.0,353.0,353.0,353.0,-1.94,48324.0,559.8,464.0
SHL,12/5/2013,353.0,361.0,360.0,360.0,1.98,352.0,559.8,464.0
SHL,12/8/2013,360.0,367.0,367.0,367.0,1.94,144.0,559.8,464.0
SHL,12/9/2013,367.0,360.0,353.0,353.0,-3.81,393.0,559.8,464.0
SHL,12/11/2013,353.0,346.0,346.0,346.0,-1.98,116.0,559.8,464.0
SHL,12/15/2013,346.0,340.0,340.0,340.0,-1.73,358.0,559.8,464.0
SHL,12/16/2013,340.0,352.0,346.0,352.0,3.53,370.0,559.8,464.0
SHL,12/18/2013,352.0,366.0,359.0,360.0,2.27,1528.0,559.8,464.0
SHL,12/19/2013,360.0,373.0,366.0,373.0,3.61,2444.0,559.8,464.0
SHL,12/22/2013,373.0,380.0,380.0,380.0,1.88,100.0,559.8,464.0
SHL,12/23/2013,380.0,379.0,379.0,379.0,-0.26,100.0,559.8,464.0
SHL,12/26/2013,379.0,379.0,372.0,379.0,0.0,610.0,559.8,464.0
SHL,12/29/2013,379.0,372.0,365.0,365.0,-3.69,531.0,559.8,464.0
SHL,12/31/2013,365.0,365.0,353.0,353.0,-3.29,2960.0,559.8,464.0
SHL,1/2/2014,353.0,365.0,355.0,365.0,3.4,650.0,559.8,464.0
SHL,1/5/2014,365.0,364.0,335.0,335.0,-8.22,5669.0,559.8,464.0
SHL,1/6/2014,335.0,341.0,335.0,341.0,1.79,1329.0,559.8,464.0
SHL,1/7/2014,341.0,360.0,325.0,325.0,-4.69,13391.0,559.8,464.0
SHL,1/8/2014,325.0,343.0,320.0,334.0,2.77,20508.0,559.8,464.0
SHL,1/9/2014,334.0,339.0,322.0,330.0,-1.2,8059.0,559.8,464.0
SHL,1/13/2014,330.0,340.0,336.0,340.0,3.03,2482.0,559.8,464.0
SHL,1/14/2014,340.0,346.0,346.0,346.0,1.76,187.0,559.8,464.0
SHL,1/16/2014,346.0,380.0,352.0,380.0,9.83,5401.0,559.8,464.0
SHL,1/20/2014,380.0,380.0,373.0,374.0,-1.58,1250.0,559.8,464.0
SHL,1/21/2014,374.0,367.0,360.0,360.0,-3.74,1000.0,559.8,464.0
SHL,1/22/2014,360.0,367.0,360.0,367.0,1.94,1147.0,559.8,464.0
SHL,1/23/2014,367.0,370.0,360.0,360.0,-1.91,1696.0,559.8,464.0
SHL,1/28/2014,360.0,360.0,353.0,353.0,-1.94,538.0,559.8,464.0
SHL,1/29/2014,353.0,346.0,346.0,346.0,-1.98,955.0,559.8,464.0
SHL,2/4/2014,346.0,340.0,340.0,340.0,-1.73,347.0,559.8,464.0
SHL,2/9/2014,340.0,374.0,346.0,374.0,10.0,6790.0,559.8,464.0
SHL,2/10/2014,374.0,411.0,381.0,393.0,5.08,1795.0,559.8,464.0
SHL,2/11/2014,393.0,408.0,380.0,385.0,-2.04,8046.0,559.8,464.0
SHL,2/12/2014,385.0,423.0,380.0,423.0,9.87,32111.0,559.8,464.0
SHL,2/13/2014,423.0,446.0,425.0,441.0,4.26,2138.0,559.8,464.0
SHL,2/16/2014,441.0,449.0,440.0,440.0,-0.23,1076.0,559.8,464.0
SHL,2/17/2014,440.0,432.0,424.0,424.0,-3.64,1100.0,559.8,464.0
SHL,2/18/2014,424.0,432.0,420.0,432.0,1.89,22237.0,559.8,464.0
SHL,2/20/2014,432.0,432.0,424.0,425.0,-1.62,3797.0,559.8,464.0
SHL,2/23/2014,425.0,433.0,425.0,425.0,0.0,2469.0,559.8,464.0
SHL,2/24/2014,425.0,435.0,425.0,425.0,0.0,2706.0,559.8,464.0
SHL,2/25/2014,425.0,420.0,400.0,420.0,-1.18,17937.0,559.8,464.0
SHL,2/26/2014,420.0,433.0,412.0,433.0,3.1,7599.0,559.8,464.0
SHL,3/3/2014,433.0,453.0,422.0,453.0,4.62,7243.0,559.8,464.0
SHL,3/4/2014,453.0,462.0,444.0,462.0,1.99,1718.0,559.8,464.0
SHL,3/5/2014,462.0,470.0,441.0,467.0,1.08,33600.0,559.8,464.0
SHL,3/6/2014,467.0,469.0,458.0,469.0,0.43,6252.0,559.8,464.0
SHL,3/11/2014,469.0,465.0,456.0,456.0,-2.77,200.0,559.8,464.0
SHL,3/12/2014,456.0,447.0,440.0,440.0,-3.51,300.0,559.8,464.0
SHL,3/13/2014,440.0,433.0,417.0,417.0,-5.23,749.0,559.8,464.0
SHL,3/17/2014,417.0,415.0,400.0,401.0,-3.84,3444.0,559.8,464.0
SHL,3/18/2014,401.0,411.0,405.0,405.0,1.0,1920.0,559.8,464.0
SHL,3/19/2014,405.0,418.0,413.0,413.0,1.98,2200.0,559.8,464.0
SHL,3/20/2014,413.0,425.0,415.0,425.0,2.91,2531.0,559.8,464.0
SHL,3/23/2014,425.0,420.0,411.0,420.0,-1.18,2777.0,559.8,464.0
SHL,3/25/2014,420.0,420.0,420.0,420.0,0.0,500.0,559.8,464.0
SHL,3/26/2014,420.0,427.0,420.0,425.0,1.19,5085.0,559.8,464.0
SHL,3/27/2014,425.0,446.0,422.0,446.0,4.94,5096.0,559.8,464.0
SHL,3/31/2014,446.0,475.0,446.0,475.0,6.5,5130.0,559.8,464.0
SHL,4/1/2014,475.0,489.0,465.0,465.0,-2.11,9393.0,559.8,464.0
SHL,4/2/2014,465.0,465.0,456.0,465.0,0.0,3659.0,559.8,464.0
SHL,4/3/2014,465.0,460.0,447.0,455.0,-2.15,11421.0,559.8,464.0
SHL,4/6/2014,455.0,469.0,442.0,460.0,1.1,5423.0,559.8,464.0
SHL,4/7/2014,460.0,455.0,455.0,455.0,-1.09,500.0,559.8,464.0
SHL,4/9/2014,455.0,464.0,450.0,455.0,0.0,2253.0,559.8,464.0
SHL,4/10/2014,455.0,473.0,455.0,472.0,3.74,3936.0,559.8,464.0
SHL,4/13/2014,472.0,480.0,463.0,465.0,-1.48,9543.0,559.8,464.0
SHL,4/15/2014,465.0,486.0,474.0,482.0,3.66,3962.0,559.8,464.0
SHL,4/16/2014,482.0,485.0,475.0,476.0,-1.24,4459.0,559.8,464.0
SHL,4/17/2014,476.0,485.0,480.0,485.0,1.89,1851.0,559.8,464.0
SHL,4/20/2014,485.0,487.0,487.0,487.0,0.41,477.0,559.8,464.0
SHL,4/21/2014,487.0,478.0,478.0,478.0,-1.85,506.0,559.8,464.0
SHL,4/22/2014,478.0,480.0,480.0,480.0,0.42,927.0,559.8,464.0
SHL,4/23/2014,480.0,510.0,489.0,505.0,5.21,2715.0,559.8,464.0
SHL,4/27/2014,505.0,508.0,500.0,508.0,0.59,2226.0,559.8,464.0
SHL,4/28/2014,508.0,510.0,463.0,463.0,-8.86,14499.0,559.8,464.0
SHL,4/29/2014,463.0,454.0,454.0,454.0,-1.94,7000.0,559.8,464.0
SHL,4/30/2014,454.0,482.0,463.0,482.0,6.17,21068.0,559.8,464.0
SHL,5/4/2014,482.0,501.0,491.0,501.0,3.94,1326.0,559.8,464.0
SHL,5/5/2014,501.0,542.0,500.0,542.0,8.18,61777.0,559.8,464.0
SHL,5/6/2014,542.0,555.0,543.0,548.0,1.11,3140.0,559.8,464.0
SHL,5/7/2014,548.0,550.0,540.0,550.0,0.36,2100.0,559.8,464.0
SHL,5/8/2014,550.0,544.0,500.0,508.0,-7.64,20786.0,559.8,464.0
SHL,5/11/2014,508.0,516.0,500.0,506.0,-0.39,15166.0,559.8,464.0
SHL,5/12/2014,506.0,499.0,481.0,490.0,-3.16,272362.0,559.8,464.0
SHL,5/13/2014,490.0,520.0,499.0,510.0,4.08,18472.0,559.8,464.0
SHL,5/15/2014,510.0,549.0,520.0,538.0,5.49,4261.0,559.8,464.0
SHL,5/18/2014,538.0,551.0,528.0,533.0,-0.93,51188.0,559.8,464.0
SHL,5/19/2014,533.0,549.0,484.0,540.0,1.31,48232.0,559.8,464.0
SHL,5/21/2014,540.0,558.0,540.0,552.0,2.22,19903.0,559.8,464.0
SHL,5/22/2014,552.0,563.0,542.0,542.0,-1.81,4207.0,559.8,464.0
SHL,5/25/2014,542.0,560.0,550.0,560.0,3.32,5600.0,559.8,464.0
SHL,5/26/2014,560.0,558.0,540.0,540.0,-3.57,4400.0,559.8,464.0
SHL,5/27/2014,540.0,560.0,530.0,550.0,1.85,53477.0,559.8,464.0
SHL,5/28/2014,550.0,550.0,540.0,550.0,0.0,12196.0,559.8,464.0
SHL,6/1/2014,550.0,555.0,545.0,550.0,0.0,16879.0,559.8,464.0
SHL,6/2/2014,550.0,565.0,549.0,565.0,2.73,8811.0,559.8,464.0
SHL,6/3/2014,565.0,590.0,560.0,567.0,0.35,4188.0,559.8,464.0
SHL,6/4/2014,567.0,557.0,557.0,557.0,-1.76,2000.0,559.8,464.0
SHL,6/5/2014,557.0,570.0,550.0,550.0,-1.26,23191.0,559.8,464.0
SHL,6/8/2014,550.0,560.0,550.0,550.0,0.0,24419.0,559.8,464.0
SHL,6/9/2014,550.0,581.0,550.0,562.0,2.18,24759.0,559.8,464.0
SHL,6/10/2014,562.0,576.0,553.0,575.0,2.31,41084.0,559.8,464.0
SHL,6/11/2014,575.0,586.0,569.0,571.0,-0.7,13211.0,559.8,464.0
SHL,6/12/2014,571.0,588.0,574.0,577.0,1.05,6022.0,559.8,464.0
SHL,6/15/2014,577.0,588.0,577.0,577.0,0.0,1073.0,559.8,464.0
SHL,6/16/2014,577.0,600.0,570.0,600.0,3.99,26530.0,559.8,464.0
SHL,6/17/2014,600.0,600.0,580.0,580.0,-3.33,4620.0,559.8,464.0
SHL,6/18/2014,580.0,592.0,582.0,592.0,2.07,482.0,559.8,464.0
SHL,6/19/2014,592.0,595.0,590.0,591.0,-0.17,2233.0,559.8,464.0
SHL,6/23/2014,591.0,591.0,580.0,588.0,-0.51,1726.0,559.8,464.0
SHL,6/24/2014,588.0,580.0,580.0,580.0,-1.36,1000.0,559.8,464.0
SHL,6/25/2014,580.0,591.0,591.0,591.0,1.9,613.0,559.8,464.0
SHL,6/26/2014,591.0,598.0,590.0,595.0,0.68,1238.0,559.8,464.0
SHL,6/29/2014,595.0,601.0,592.0,601.0,1.01,2291.0,559.8,464.0
SHL,6/30/2014,601.0,605.0,590.0,601.0,0.0,11140.0,559.8,464.0
SHL,7/1/2014,601.0,615.0,595.0,595.0,-1.0,1400.0,559.8,464.0
SHL,7/2/2014,595.0,595.0,595.0,595.0,0.0,3884.0,559.8,464.0
SHL,7/3/2014,595.0,595.0,588.0,588.0,-1.18,1773.0,559.8,464.0
SHL,7/6/2014,588.0,599.0,593.0,593.0,0.85,693.0,559.8,464.0
SHL,7/7/2014,593.0,591.0,591.0,591.0,-0.34,205.0,559.8,464.0
SHL,7/8/2014,591.0,614.0,590.0,600.0,1.52,9477.0,559.8,464.0
SHL,7/9/2014,600.0,606.0,600.0,606.0,1.0,897.0,559.8,464.0
SHL,7/10/2014,606.0,606.0,595.0,597.0,-1.49,2135.0,559.8,464.0
SHL,7/13/2014,597.0,602.0,594.0,594.0,-0.5,900.0,559.8,464.0
SHL,7/14/2014,594.0,590.0,590.0,590.0,-0.67,10921.0,559.8,464.0
SHL,7/15/2014,590.0,590.0,589.0,589.0,-0.17,12600.0,559.8,464.0
SHL,7/16/2014,589.0,581.0,578.0,581.0,-1.36,5234.0,559.8,464.0
SHL,7/17/2014,581.0,592.0,592.0,592.0,1.89,136.0,559.8,464.0
SHL,7/20/2014,592.0,606.0,590.0,596.0,0.68,6185.0,559.8,464.0
SHL,7/21/2014,596.0,622.0,605.0,622.0,4.36,4055.0,559.8,464.0
SHL,7/22/2014,622.0,625.0,620.0,620.0,-0.32,1376.0,559.8,464.0
SHL,7/23/2014,620.0,630.0,629.0,629.0,1.45,1300.0,559.8,464.0
SHL,7/24/2014,629.0,641.0,629.0,629.0,0.0,440.0,559.8,464.0
SHL,7/27/2014,629.0,617.0,605.0,605.0,-3.82,5000.0,559.8,464.0
SHL,7/28/2014,605.0,618.0,610.0,610.0,0.83,1825.0,559.8,464.0
SHL,7/30/2014,610.0,642.0,622.0,642.0,5.25,861.0,559.8,464.0
SHL,7/31/2014,642.0,652.0,636.0,646.0,0.62,2724.0,559.8,464.0
SHL,8/3/2014,646.0,640.0,625.0,637.0,-1.39,2713.0,559.8,464.0
SHL,8/4/2014,637.0,628.0,628.0,628.0,-1.41,2000.0,559.8,464.0
SHL,8/5/2014,628.0,650.0,627.0,628.0,0.0,6324.0,559.8,464.0
SHL,8/6/2014,628.0,635.0,629.0,630.0,0.32,9067.0,559.8,464.0
SHL,8/7/2014,630.0,637.0,625.0,630.0,0.0,913.0,559.8,464.0
SHL,8/12/2014,630.0,625.0,601.0,615.0,-2.38,1443.0,559.8,464.0
SHL,8/13/2014,615.0,615.0,603.0,615.0,0.0,3722.0,559.8,464.0
SHL,8/14/2014,615.0,623.0,623.0,623.0,1.3,250.0,559.8,464.0
SHL,8/18/2014,623.0,611.0,600.0,600.0,-3.69,600.0,559.8,464.0
SHL,8/19/2014,600.0,608.0,590.0,608.0,1.33,25469.0,559.8,464.0
SHL,8/20/2014,608.0,610.0,600.0,600.0,-1.32,1400.0,559.8,464.0
SHL,8/21/2014,600.0,588.0,570.0,576.0,-4.0,13519.0,559.8,464.0
SHL,8/24/2014,576.0,600.0,544.0,600.0,4.17,19647.0,559.8,464.0
SHL,8/25/2014,600.0,612.0,575.0,603.0,0.5,14728.0,559.8,464.0
SHL,8/26/2014,603.0,608.0,590.0,598.0,-0.83,4924.0,559.8,464.0
SHL,8/27/2014,598.0,610.0,595.0,595.0,-0.5,4262.0,559.8,464.0
SHL,8/28/2014,595.0,612.0,599.0,605.0,1.68,1811.0,559.8,464.0
SHL,8/31/2014,605.0,603.0,591.0,591.0,-2.31,2883.0,559.8,464.0
SHL,9/3/2014,591.0,602.0,589.0,590.0,-0.17,1854.0,559.8,464.0
SHL,9/4/2014,590.0,579.0,570.0,570.0,-3.39,1265.0,559.8,464.0
SHL,9/7/2014,570.0,559.0,559.0,559.0,-1.93,100.0,559.8,464.0
SHL,9/9/2014,559.0,570.0,560.0,570.0,1.97,3177.0,559.8,464.0
SHL,9/10/2014,570.0,581.0,570.0,570.0,0.0,2023.0,559.8,464.0
SHL,9/14/2014,570.0,576.0,565.0,575.0,0.88,1904.0,559.8,464.0
SHL,9/15/2014,575.0,590.0,585.0,590.0,2.61,5430.0,559.8,464.0
SHL,9/17/2014,590.0,610.0,590.0,601.0,1.86,10225.0,559.8,464.0
SHL,9/18/2014,601.0,590.0,585.0,585.0,-2.66,1300.0,559.8,464.0
SHL,9/21/2014,585.0,597.0,575.0,583.0,-0.34,14177.0,559.8,464.0
SHL,9/22/2014,583.0,584.0,584.0,584.0,0.17,483.0,559.8,464.0
SHL,9/23/2014,584.0,595.0,586.0,586.0,0.34,1342.0,559.8,464.0
SHL,9/24/2014,586.0,597.0,594.0,597.0,1.88,1200.0,559.8,464.0
SHL,9/28/2014,597.0,600.0,595.0,600.0,0.5,1213.0,559.8,464.0
SHL,9/29/2014,600.0,630.0,610.0,630.0,5.0,5444.0,559.8,464.0
SHL,9/30/2014,630.0,618.0,602.0,602.0,-4.44,3724.0,559.8,464.0
SHL,10/9/2014,602.0,612.0,600.0,600.0,-0.33,1737.0,559.8,464.0
SHL,10/12/2014,600.0,606.0,600.0,605.0,0.83,7597.0,559.8,464.0
SHL,10/13/2014,605.0,610.0,600.0,600.0,-0.83,2500.0,559.8,464.0
SHL,10/15/2014,600.0,602.0,577.0,600.0,0.0,27353.0,559.8,464.0
SHL,10/16/2014,600.0,600.0,588.0,600.0,0.0,3316.0,559.8,464.0
SHL,10/19/2014,600.0,600.0,595.0,600.0,0.0,10100.0,559.8,464.0
SHL,10/20/2014,600.0,600.0,575.0,600.0,0.0,42100.0,559.8,464.0
SHL,10/22/2014,600.0,610.0,595.0,600.0,0.0,2713.0,559.8,464.0
SHL,10/26/2014,600.0,609.0,595.0,595.0,-0.83,3000.0,559.8,464.0
SHL,10/27/2014,595.0,595.0,575.0,590.0,-0.84,83178.0,559.8,464.0
SHL,10/28/2014,590.0,605.0,594.0,605.0,2.54,12400.0,559.8,464.0
SHL,10/30/2014,605.0,605.0,600.0,600.0,-0.83,14300.0,559.8,464.0
SHL,11/2/2014,600.0,605.0,591.0,602.0,0.33,5984.0,559.8,464.0
SHL,11/3/2014,602.0,594.0,591.0,594.0,-1.33,4440.0,559.8,464.0
SHL,11/4/2014,594.0,597.0,586.0,591.0,-0.51,3391.0,559.8,464.0
SHL,11/5/2014,591.0,596.0,585.0,596.0,0.85,1200.0,559.8,464.0
SHL,11/6/2014,596.0,600.0,596.0,600.0,0.67,10700.0,559.8,464.0
SHL,11/9/2014,600.0,600.0,600.0,600.0,0.0,1100.0,559.8,464.0
SHL,11/11/2014,600.0,595.0,595.0,595.0,-0.83,100.0,559.8,464.0
SHL,11/12/2014,595.0,604.0,592.0,604.0,1.51,1000.0,559.8,464.0
SHL,11/13/2014,604.0,603.0,591.0,599.0,-0.83,13781.0,559.8,464.0
SHL,11/16/2014,599.0,600.0,590.0,590.0,-1.5,12060.0,559.8,464.0
SHL,11/17/2014,590.0,590.0,590.0,590.0,0.0,1000.0,559.8,464.0
SHL,11/18/2014,590.0,585.0,569.0,580.0,-1.69,9036.0,559.8,464.0
SHL,11/19/2014,580.0,605.0,588.0,598.0,3.1,39361.0,559.8,464.0
SHL,11/20/2014,598.0,609.0,593.0,600.0,0.33,21141.0,559.8,464.0
SHL,11/23/2014,600.0,609.0,594.0,600.0,0.0,15261.0,559.8,464.0
SHL,11/24/2014,600.0,608.0,593.0,598.0,-0.33,15693.0,559.8,464.0
SHL,11/25/2014,598.0,605.0,593.0,598.0,0.0,20377.0,559.8,464.0
SHL,11/30/2014,598.0,602.0,596.0,602.0,0.67,3176.0,559.8,464.0
SHL,12/1/2014,602.0,604.0,596.0,601.0,-0.17,6708.0,559.8,464.0
SHL,12/2/2014,601.0,606.0,598.0,606.0,0.83,4678.0,559.8,464.0
SHL,12/3/2014,606.0,615.0,602.0,608.0,0.33,10815.0,559.8,464.0
SHL,12/4/2014,608.0,610.0,600.0,610.0,0.33,4659.0,559.8,464.0
SHL,12/7/2014,610.0,617.0,605.0,606.0,-0.66,16307.0,559.8,464.0
SHL,12/8/2014,606.0,609.0,600.0,605.0,-0.17,7120.0,559.8,464.0
SHL,12/9/2014,605.0,608.0,600.0,601.0,-0.66,17049.0,559.8,464.0
SHL,12/10/2014,601.0,607.0,599.0,599.0,-0.33,14148.0,559.8,464.0
SHL,12/11/2014,599.0,620.0,601.0,615.0,2.67,44745.0,559.8,464.0
SHL,12/14/2014,439.0,482.0,447.0,482.0,-21.63,1050.0,559.8,464.0
SHL,12/15/2014,482.0,495.0,480.0,481.0,-0.21,4373.0,559.8,464.0
SHL,12/16/2014,481.0,485.0,472.0,485.0,0.83,1333.0,559.8,464.0
SHL,12/17/2014,485.0,484.0,475.0,475.0,-2.06,900.0,559.8,464.0
SHL,12/18/2014,475.0,481.0,465.0,480.0,1.05,2640.0,559.8,464.0
SHL,12/21/2014,480.0,480.0,480.0,480.0,0.0,500.0,559.8,464.0
SHL,12/22/2014,480.0,473.0,466.0,466.0,-2.92,1200.0,559.8,464.0
SHL,12/23/2014,466.0,457.0,457.0,457.0,-1.93,492.0,559.8,464.0
SHL,12/28/2014,457.0,466.0,460.0,465.0,1.75,1500.0,559.8,464.0
SHL,12/29/2014,465.0,475.0,470.0,475.0,2.15,510.0,559.8,464.0
SHL,12/31/2014,475.0,475.0,470.0,471.0,-0.84,1262.0,559.8,464.0
SHL,1/1/2015,471.0,471.0,466.0,470.0,-0.21,2400.0,559.8,464.0
SHL,1/4/2015,470.0,470.0,470.0,470.0,0.0,500.0,559.8,464.0
SHL,1/5/2015,470.0,488.0,475.0,475.0,1.06,1859.0,559.8,464.0
SHL,1/6/2015,475.0,475.0,470.0,475.0,0.0,200.0,559.8,464.0
SHL,1/7/2015,475.0,475.0,475.0,475.0,0.0,1120.0,559.8,464.0
SHL,1/8/2015,475.0,484.0,470.0,480.0,1.05,2333.0,559.8,464.0
SHL,1/11/2015,480.0,481.0,475.0,481.0,0.21,1600.0,559.8,464.0
SHL,1/12/2015,481.0,485.0,475.0,475.0,-1.25,1214.0,559.8,464.0
SHL,1/13/2015,475.0,483.0,479.0,480.0,1.05,3200.0,559.8,464.0
SHL,1/14/2015,480.0,482.0,471.0,475.0,-1.04,3463.0,559.8,464.0
SHL,1/18/2015,475.0,480.0,467.0,467.0,-1.68,2700.0,559.8,464.0
SHL,1/19/2015,467.0,490.0,476.0,480.0,2.78,2823.0,559.8,464.0
SHL,1/20/2015,480.0,495.0,481.0,481.0,0.21,1800.0,559.8,464.0
SHL,1/22/2015,481.0,485.0,478.0,482.0,0.21,2032.0,559.8,464.0
SHL,1/25/2015,482.0,485.0,480.0,485.0,0.62,1046.0,559.8,464.0
SHL,1/26/2015,485.0,485.0,480.0,480.0,-1.03,3347.0,559.8,464.0
SHL,1/27/2015,480.0,482.0,471.0,480.0,0.0,4679.0,559.8,464.0
SHL,1/28/2015,480.0,480.0,466.0,470.0,-2.08,12433.0,559.8,464.0
SHL,1/29/2015,470.0,490.0,465.0,473.0,0.64,24394.0,559.8,464.0
SHL,2/1/2015,473.0,480.0,470.0,470.0,-0.63,4700.0,559.8,464.0
SHL,2/2/2015,470.0,480.0,470.0,470.0,0.0,7429.0,559.8,464.0
SHL,2/3/2015,470.0,475.0,452.0,472.0,0.43,29563.0,559.8,464.0
SHL,2/4/2015,472.0,475.0,471.0,474.0,0.42,2000.0,559.8,464.0
SHL,2/5/2015,474.0,470.0,466.0,470.0,-0.84,1652.0,559.8,464.0
SHL,2/8/2015,470.0,475.0,470.0,470.0,0.0,2200.0,559.8,464.0
SHL,2/9/2015,470.0,475.0,466.0,466.0,-0.85,3300.0,559.8,464.0
SHL,2/10/2015,466.0,471.0,469.0,471.0,1.07,2189.0,559.8,464.0
SHL,2/11/2015,471.0,470.0,470.0,470.0,-0.21,510.0,559.8,464.0
SHL,2/12/2015,470.0,475.0,465.0,467.0,-0.64,4300.0,559.8,464.0
SHL,2/15/2015,467.0,471.0,471.0,471.0,0.86,100.0,559.8,464.0
SHL,2/16/2015,471.0,475.0,468.0,468.0,-0.64,1200.0,559.8,464.0
SHL,2/22/2015,468.0,469.0,460.0,460.0,-1.71,1000.0,559.8,464.0
SHL,2/23/2015,460.0,461.0,458.0,460.0,0.0,501.0,559.8,464.0
SHL,2/24/2015,460.0,460.0,460.0,460.0,0.0,105.0,559.8,464.0
SHL,2/25/2015,460.0,464.0,450.0,464.0,0.87,1945.0,559.8,464.0
SHL,2/26/2015,464.0,487.0,465.0,487.0,4.96,6147.0,559.8,464.0
SHL,3/1/2015,487.0,478.0,478.0,478.0,-1.85,800.0,559.8,464.0
SHL,3/2/2015,478.0,487.0,486.0,486.0,1.67,200.0,559.8,464.0
SHL,3/4/2015,486.0,480.0,467.0,471.0,-3.09,1600.0,559.8,464.0
SHL,3/9/2015,471.0,475.0,465.0,466.0,-1.06,2200.0,559.8,464.0
SHL,3/10/2015,466.0,470.0,461.0,461.0,-1.07,6688.0,559.8,464.0
SHL,3/11/2015,461.0,464.0,455.0,458.0,-0.65,5000.0,559.8,464.0
SHL,3/12/2015,458.0,467.0,455.0,458.0,0.0,3453.0,559.8,464.0
SHL,3/16/2015,458.0,458.0,458.0,458.0,0.0,160.0,559.8,464.0
SHL,3/17/2015,458.0,459.0,451.0,451.0,-1.53,3530.0,559.8,464.0
SHL,3/18/2015,451.0,460.0,451.0,460.0,2.0,1427.0,559.8,464.0
SHL,3/22/2015,460.0,463.0,455.0,456.0,-0.87,1243.0,559.8,464.0
SHL,3/23/2015,456.0,457.0,450.0,457.0,0.22,1213.0,559.8,464.0
SHL,3/24/2015,457.0,459.0,448.0,452.0,-1.09,10500.0,559.8,464.0
SHL,3/25/2015,452.0,461.0,443.0,443.0,-1.99,2976.0,559.8,464.0
SHL,3/26/2015,443.0,442.0,433.0,433.0,-2.26,2065.0,559.8,464.0
SHL,3/29/2015,433.0,441.0,440.0,441.0,1.85,1391.0,559.8,464.0
SHL,3/30/2015,441.0,457.0,440.0,457.0,3.63,965.0,559.8,464.0
SHL,3/31/2015,457.0,463.0,452.0,463.0,1.31,21250.0,559.8,464.0
SHL,4/1/2015,463.0,463.0,446.0,455.0,-1.73,4542.0,559.8,464.0
SHL,4/2/2015,455.0,450.0,445.0,445.0,-2.2,3222.0,559.8,464.0
SHL,4/8/2015,445.0,453.0,450.0,453.0,1.8,304.0,559.8,464.0
SHL,4/9/2015,453.0,456.0,450.0,450.0,-0.66,3166.0,559.8,464.0
SHL,4/12/2015,450.0,455.0,443.0,445.0,-1.11,4952.0,559.8,464.0
SHL,4/13/2015,445.0,451.0,450.0,450.0,1.12,1680.0,559.8,464.0
SHL,4/15/2015,450.0,450.0,448.0,450.0,0.0,723.0,559.8,464.0
SHL,4/16/2015,450.0,450.0,445.0,445.0,-1.11,5700.0,559.8,464.0
SHL,4/19/2015,445.0,448.0,445.0,447.0,0.45,2909.0,559.8,464.0
SHL,4/20/2015,447.0,450.0,444.0,445.0,-0.45,7533.0,559.8,464.0
SHL,4/21/2015,445.0,446.0,445.0,445.0,0.0,2800.0,559.8,464.0
SHL,4/22/2015,445.0,444.0,437.0,437.0,-1.8,11633.0,559.8,464.0
SHL,6/3/2015,437.0,429.0,410.0,422.0,-3.43,10467.0,559.8,464.0
SHL,6/4/2015,422.0,428.0,415.0,420.0,-0.47,8461.0,559.8,464.0
SHL,6/7/2015,420.0,421.0,420.0,421.0,0.24,1023.0,559.8,464.0
SHL,6/8/2015,421.0,420.0,415.0,419.0,-0.48,4700.0,559.8,464.0
SHL,6/9/2015,419.0,451.0,424.0,424.0,1.19,9279.0,559.8,464.0
SHL,6/10/2015,424.0,421.0,416.0,417.0,-1.65,5479.0,559.8,464.0
SHL,6/11/2015,417.0,417.0,412.0,412.0,-1.2,1040.0,559.8,464.0
SHL,6/14/2015,412.0,413.0,408.0,408.0,-0.97,2300.0,559.8,464.0
SHL,6/15/2015,408.0,418.0,404.0,413.0,1.23,51320.0,559.8,464.0
SHL,6/16/2015,413.0,417.0,411.0,412.0,-0.24,3859.0,559.8,464.0
SHL,6/17/2015,412.0,410.0,408.0,410.0,-0.49,340.0,559.8,464.0
SHL,6/18/2015,410.0,414.0,410.0,411.0,0.24,2657.0,559.8,464.0
SHL,6/21/2015,411.0,415.0,404.0,408.0,-0.73,11758.0,559.8,464.0
SHL,6/22/2015,408.0,416.0,405.0,412.0,0.98,3177.0,559.8,464.0
SHL,6/23/2015,412.0,413.0,410.0,413.0,0.24,10300.0,559.8,464.0
SHL,6/24/2015,413.0,415.0,406.0,413.0,0.0,21052.0,559.8,464.0
SHL,6/25/2015,413.0,418.0,412.0,418.0,1.21,7558.0,559.8,464.0
SHL,6/28/2015,418.0,426.0,412.0,420.0,0.48,24967.0,559.8,464.0
SHL,6/29/2015,420.0,430.0,412.0,424.0,0.95,6748.0,559.8,464.0
SHL,6/30/2015,424.0,428.0,422.0,426.0,0.47,2245.0,559.8,464.0
SHL,7/1/2015,426.0,427.0,425.0,426.0,0.0,20900.0,559.8,464.0
SHL,7/2/2015,426.0,423.0,422.0,423.0,-0.7,625.0,559.8,464.0
SHL,7/6/2015,423.0,420.0,419.0,420.0,-0.71,1107.0,559.8,464.0
SHL,7/7/2015,420.0,425.0,418.0,425.0,1.19,6205.0,559.8,464.0
SHL,7/8/2015,425.0,425.0,420.0,425.0,0.0,5859.0,559.8,464.0
SHL,7/9/2015,425.0,425.0,421.0,425.0,0.0,2607.0,559.8,464.0
SHL,7/12/2015,425.0,425.0,420.0,420.0,-1.18,16080.0,559.8,464.0
SHL,7/13/2015,420.0,420.0,420.0,420.0,0.0,2400.0,559.8,464.0
SHL,7/14/2015,420.0,430.0,420.0,426.0,1.43,7258.0,559.8,464.0
SHL,7/15/2015,426.0,433.0,424.0,433.0,1.64,4072.0,559.8,464.0
SHL,7/16/2015,433.0,426.0,420.0,425.0,-1.85,12635.0,559.8,464.0
SHL,7/22/2015,425.0,438.0,430.0,438.0,3.06,1893.0,559.8,464.0
SHL,7/23/2015,438.0,441.0,438.0,441.0,0.68,1820.0,559.8,464.0
SHL,7/26/2015,441.0,450.0,449.0,450.0,2.04,300.0,559.8,464.0
SHL,7/27/2015,450.0,460.0,442.0,442.0,-1.78,1554.0,559.8,464.0
SHL,7/28/2015,442.0,434.0,434.0,434.0,-1.81,600.0,559.8,464.0
SHL,7/29/2015,434.0,433.0,419.0,422.0,-2.76,1343.0,559.8,464.0
SHL,7/30/2015,422.0,425.0,420.0,425.0,0.71,1700.0,559.8,464.0
SHL,8/2/2015,425.0,437.0,428.0,437.0,2.82,1101.0,559.8,464.0
SHL,8/3/2015,437.0,429.0,429.0,429.0,-1.83,1000.0,559.8,464.0
SHL,8/4/2015,429.0,435.0,425.0,430.0,0.23,8563.0,559.8,464.0
SHL,8/5/2015,430.0,446.0,427.0,432.0,0.47,3198.0,559.8,464.0
SHL,8/6/2015,432.0,440.0,427.0,430.0,-0.46,7121.0,559.8,464.0
SHL,8/11/2015,430.0,438.0,438.0,438.0,1.86,140.0,559.8,464.0
SHL,8/17/2015,438.0,446.0,446.0,446.0,1.83,100.0,559.8,464.0
SHL,8/19/2015,446.0,490.0,454.0,490.0,9.87,3118.0,559.8,464.0
SHL,8/20/2015,490.0,518.0,490.0,498.0,1.63,3100.0,559.8,464.0
SHL,8/23/2015,498.0,500.0,481.0,485.0,-2.61,2100.0,559.8,464.0
SHL,8/24/2015,485.0,499.0,478.0,478.0,-1.44,10300.0,559.8,464.0
SHL,8/25/2015,478.0,480.0,470.0,470.0,-1.67,4283.0,559.8,464.0
SHL,8/26/2015,470.0,474.0,465.0,474.0,0.85,2100.0,559.8,464.0
SHL,8/27/2015,474.0,478.0,470.0,478.0,0.84,600.0,559.8,464.0
SHL,8/31/2015,478.0,479.0,470.0,479.0,0.21,1800.0,559.8,464.0
SHL,9/1/2015,479.0,485.0,475.0,485.0,1.25,2884.0,559.8,464.0
SHL,9/2/2015,485.0,487.0,478.0,478.0,-1.44,520.0,559.8,464.0
SHL,9/3/2015,478.0,470.0,470.0,470.0,-1.67,500.0,559.8,464.0
SHL,9/6/2015,470.0,470.0,450.0,455.0,-3.19,7107.0,559.8,464.0
SHL,9/7/2015,455.0,464.0,449.0,455.0,0.0,5285.0,559.8,464.0
SHL,9/8/2015,455.0,455.0,448.0,450.0,-1.1,4000.0,559.8,464.0
SHL,9/9/2015,450.0,453.0,445.0,453.0,0.67,15451.0,559.8,464.0
SHL,9/10/2015,453.0,455.0,445.0,445.0,-1.77,5907.0,559.8,464.0
SHL,9/13/2015,445.0,453.0,440.0,440.0,-1.12,3700.0,559.8,464.0
SHL,9/14/2015,440.0,446.0,441.0,446.0,1.36,5200.0,559.8,464.0
SHL,9/15/2015,446.0,450.0,441.0,445.0,-0.22,4900.0,559.8,464.0
SHL,9/16/2015,445.0,451.0,447.0,448.0,0.67,8412.0,559.8,464.0
SHL,9/17/2015,448.0,465.0,447.0,455.0,1.56,5317.0,559.8,464.0
SHL,9/22/2015,455.0,446.0,438.0,438.0,-3.74,1500.0,559.8,464.0
SHL,9/23/2015,438.0,450.0,445.0,449.0,2.51,5780.0,559.8,464.0
SHL,9/24/2015,449.0,450.0,446.0,450.0,0.22,2905.0,559.8,464.0
SHL,9/28/2015,450.0,450.0,441.0,441.0,-2.0,500.0,559.8,464.0
SHL,9/29/2015,441.0,443.0,438.0,442.0,0.23,1818.0,559.8,464.0
SHL,9/30/2015,442.0,450.0,450.0,450.0,1.81,100.0,559.8,464.0
SHL,10/1/2015,450.0,450.0,448.0,448.0,-0.44,1100.0,559.8,464.0
SHL,10/4/2015,448.0,444.0,440.0,440.0,-1.79,1200.0,559.8,464.0
SHL,10/5/2015,440.0,445.0,435.0,440.0,0.0,2980.0,559.8,464.0
SHL,10/6/2015,440.0,435.0,425.0,426.0,-3.18,1613.0,559.8,464.0
SHL,10/7/2015,426.0,422.0,422.0,422.0,-0.94,280.0,559.8,464.0
SHL,10/8/2015,422.0,436.0,428.0,436.0,3.32,700.0,559.8,464.0
SHL,10/11/2015,436.0,428.0,428.0,428.0,-1.83,200.0,559.8,464.0
SHL,10/14/2015,428.0,430.0,430.0,430.0,0.47,100.0,559.8,464.0
SHL,10/15/2015,430.0,430.0,425.0,425.0,-1.16,936.0,559.8,464.0
SHL,10/18/2015,425.0,422.0,422.0,422.0,-0.71,100.0,559.8,464.0
SHL,10/19/2015,422.0,440.0,430.0,430.0,1.9,1980.0,559.8,464.0
SHL,10/25/2015,430.0,425.0,425.0,425.0,-1.16,300.0,559.8,464.0
SHL,10/27/2015,425.0,418.0,410.0,418.0,-1.65,800.0,559.8,464.0
SHL,10/28/2015,418.0,410.0,400.0,401.0,-4.07,2600.0,559.8,464.0
SHL,10/29/2015,401.0,408.0,400.0,408.0,1.75,740.0,559.8,464.0
SHL,11/1/2015,408.0,420.0,416.0,420.0,2.94,471.0,559.8,464.0
SHL,11/2/2015,420.0,444.0,415.0,415.0,-1.19,2180.0,559.8,464.0
SHL,11/3/2015,415.0,420.0,410.0,410.0,-1.2,2200.0,559.8,464.0
SHL,11/4/2015,410.0,422.0,410.0,422.0,2.93,1200.0,559.8,464.0
SHL,11/5/2015,422.0,420.0,416.0,420.0,-0.47,1300.0,559.8,464.0
SHL,11/9/2015,420.0,430.0,425.0,430.0,2.38,1000.0,559.8,464.0
SHL,11/10/2015,430.0,430.0,430.0,430.0,0.0,100.0,559.8,464.0
SHL,11/16/2015,430.0,431.0,430.0,430.0,0.0,3074.0,559.8,464.0
SHL,11/18/2015,430.0,432.0,427.0,427.0,-0.7,946.0,559.8,464.0
SHL,11/19/2015,427.0,430.0,420.0,427.0,0.0,2609.0,559.8,464.0
SHL,11/22/2015,427.0,420.0,413.0,415.0,-2.81,4240.0,559.8,464.0
SHL,11/23/2015,415.0,419.0,407.0,419.0,0.96,5650.0,559.8,464.0
SHL,11/25/2015,419.0,419.0,412.0,415.0,-0.95,4333.0,559.8,464.0
SHL,11/26/2015,415.0,415.0,406.0,415.0,0.0,6270.0,559.8,464.0
SHL,11/29/2015,415.0,412.0,406.0,410.0,-1.2,7682.0,559.8,464.0
SHL,11/30/2015,410.0,415.0,411.0,415.0,1.22,2959.0,559.8,464.0
SHL,12/1/2015,415.0,448.0,422.0,448.0,7.95,7280.0,559.8,464.0
SHL,12/3/2015,448.0,440.0,410.0,418.0,-6.7,10263.0,559.8,464.0
SHL,12/6/2015,418.0,424.0,414.0,419.0,0.24,11114.0,559.8,464.0
SHL,12/7/2015,419.0,420.0,409.0,415.0,-0.95,10642.0,559.8,464.0
SHL,12/8/2015,415.0,415.0,413.0,415.0,0.0,23500.0,559.8,464.0
SHL,12/9/2015,415.0,445.0,415.0,419.0,0.96,14300.0,559.8,464.0
SHL,12/10/2015,419.0,425.0,419.0,425.0,1.43,2340.0,559.8,464.0
SHL,12/13/2015,425.0,433.0,425.0,425.0,0.0,7011.0,559.8,464.0
SHL,12/14/2015,425.0,427.0,419.0,425.0,0.0,6150.0,559.8,464.0
SHL,12/15/2015,425.0,438.0,421.0,434.0,2.12,28032.0,559.8,464.0
SHL,12/16/2015,347.0,341.0,323.0,323.0,-25.58,3600.0,559.8,464.0
SHL,12/17/2015,323.0,341.0,317.0,340.0,5.26,6617.0,559.8,464.0
SHL,12/21/2015,340.0,340.0,334.0,334.0,-1.76,4300.0,559.8,464.0
SHL,12/22/2015,334.0,333.0,326.0,326.0,-2.4,4100.0,559.8,464.0
SHL,12/23/2015,326.0,320.0,314.0,320.0,-1.84,2700.0,559.8,464.0
SHL,12/24/2015,320.0,325.0,314.0,316.0,-1.25,2800.0,559.8,464.0
SHL,12/27/2015,316.0,320.0,316.0,316.0,0.0,4100.0,559.8,464.0
SHL,12/28/2015,316.0,326.0,316.0,325.0,2.85,7370.0,559.8,464.0
SHL,12/29/2015,325.0,320.0,310.0,310.0,-4.62,3749.0,559.8,464.0
SHL,12/31/2015,310.0,328.0,316.0,320.0,3.23,5769.0,559.8,464.0
SHL,1/3/2016,320.0,328.0,320.0,320.0,0.0,5316.0,559.8,464.0
SHL,1/4/2016,320.0,325.0,310.0,310.0,-3.12,12580.0,559.8,464.0
SHL,1/5/2016,310.0,318.0,315.0,315.0,1.61,3200.0,559.8,464.0
SHL,1/6/2016,315.0,320.0,320.0,320.0,1.59,200.0,559.8,464.0
SHL,1/7/2016,320.0,326.0,320.0,323.0,0.94,5000.0,559.8,464.0
SHL,1/10/2016,323.0,325.0,320.0,324.0,0.31,1500.0,559.8,464.0
SHL,1/11/2016,324.0,325.0,320.0,320.0,-1.23,600.0,559.8,464.0
SHL,1/12/2016,320.0,324.0,318.0,318.0,-0.62,4165.0,559.8,464.0
SHL,1/13/2016,318.0,329.0,322.0,329.0,3.46,800.0,559.8,464.0
SHL,1/14/2016,329.0,329.0,319.0,326.0,-0.91,16613.0,559.8,464.0
SHL,1/17/2016,326.0,337.0,330.0,330.0,1.23,1800.0,559.8,464.0
SHL,1/18/2016,330.0,340.0,333.0,340.0,3.03,6398.0,559.8,464.0
SHL,1/19/2016,340.0,340.0,335.0,335.0,-1.47,750.0,559.8,464.0
SHL,1/20/2016,335.0,335.0,331.0,331.0,-1.19,2500.0,559.8,464.0
SHL,1/21/2016,331.0,328.0,320.0,328.0,-0.91,5500.0,559.8,464.0
SHL,1/24/2016,328.0,338.0,320.0,338.0,3.05,7375.0,559.8,464.0
SHL,1/25/2016,338.0,338.0,326.0,333.0,-1.48,7911.0,559.8,464.0
SHL,1/26/2016,333.0,334.0,325.0,325.0,-2.4,4331.0,559.8,464.0
SHL,1/27/2016,325.0,331.0,326.0,331.0,1.85,3080.0,559.8,464.0
SHL,1/28/2016,331.0,331.0,330.0,330.0,-0.3,1593.0,559.8,464.0
SHL,1/31/2016,330.0,330.0,324.0,324.0,-1.82,1300.0,559.8,464.0
SHL,2/1/2016,324.0,348.0,325.0,342.0,5.56,10400.0,559.8,464.0
SHL,2/2/2016,342.0,348.0,340.0,340.0,-0.58,500.0,559.8,464.0
SHL,2/3/2016,340.0,340.0,330.0,330.0,-2.94,4400.0,559.8,464.0
SHL,2/4/2016,330.0,330.0,328.0,330.0,0.0,1100.0,559.8,464.0
SHL,2/7/2016,330.0,342.0,330.0,338.0,2.42,3870.0,559.8,464.0
SHL,2/8/2016,338.0,332.0,326.0,326.0,-3.55,2000.0,559.8,464.0
SHL,2/11/2016,326.0,326.0,305.0,326.0,0.0,8586.0,559.8,464.0
SHL,2/14/2016,326.0,322.0,314.0,314.0,-3.68,1466.0,559.8,464.0
SHL,2/15/2016,314.0,320.0,320.0,320.0,1.91,263.0,559.8,464.0
SHL,2/16/2016,320.0,323.0,320.0,323.0,0.94,2801.0,559.8,464.0
SHL,2/17/2016,323.0,324.0,317.0,324.0,0.31,2400.0,559.8,464.0
SHL,2/18/2016,324.0,333.0,325.0,330.0,1.85,7198.0,559.8,464.0
SHL,2/21/2016,330.0,335.0,330.0,333.0,0.91,2300.0,559.8,464.0
SHL,2/22/2016,333.0,332.0,328.0,332.0,-0.3,2733.0,559.8,464.0
SHL,2/23/2016,332.0,331.0,328.0,328.0,-1.2,900.0,559.8,464.0
SHL,2/24/2016,328.0,323.0,322.0,322.0,-1.83,4800.0,559.8,464.0
SHL,2/25/2016,322.0,328.0,318.0,322.0,0.0,2950.0,559.8,464.0
SHL,2/28/2016,322.0,323.0,317.0,320.0,-0.62,3030.0,559.8,464.0
SHL,2/29/2016,320.0,320.0,320.0,320.0,0.0,482.0,559.8,464.0
SHL,3/1/2016,320.0,322.0,320.0,321.0,0.31,8380.0,559.8,464.0
SHL,3/2/2016,321.0,321.0,316.0,318.0,-0.93,9493.0,559.8,464.0
SHL,3/3/2016,318.0,324.0,316.0,323.0,1.57,3470.0,559.8,464.0
SHL,3/6/2016,323.0,329.0,317.0,329.0,1.86,5533.0,559.8,464.0
SHL,3/10/2016,329.0,330.0,320.0,330.0,0.3,6880.0,559.8,464.0
SHL,3/13/2016,330.0,332.0,325.0,325.0,-1.52,4880.0,559.8,464.0
SHL,3/14/2016,325.0,330.0,326.0,326.0,0.31,1220.0,559.8,464.0
SHL,3/15/2016,326.0,330.0,326.0,326.0,0.0,3880.0,559.8,464.0
SHL,3/16/2016,326.0,328.0,328.0,328.0,0.61,400.0,559.8,464.0
SHL,3/17/2016,328.0,333.0,326.0,328.0,0.0,5153.0,559.8,464.0
SHL,3/20/2016,328.0,334.0,328.0,329.0,0.3,6339.0,559.8,464.0
SHL,3/21/2016,329.0,332.0,329.0,330.0,0.3,4900.0,559.8,464.0
SHL,3/23/2016,330.0,330.0,325.0,330.0,0.0,1800.0,559.8,464.0
SHL,3/24/2016,330.0,332.0,327.0,327.0,-0.91,5613.0,559.8,464.0
SHL,3/27/2016,327.0,332.0,326.0,327.0,0.0,13264.0,559.8,464.0
SHL,3/28/2016,327.0,338.0,331.0,335.0,2.45,7257.0,559.8,464.0
SHL,3/29/2016,335.0,332.0,330.0,332.0,-0.9,3900.0,559.8,464.0
SHL,3/30/2016,332.0,344.0,335.0,335.0,0.9,1758.0,559.8,464.0
SHL,3/31/2016,335.0,333.0,331.0,331.0,-1.19,541.0,559.8,464.0
SHL,4/3/2016,331.0,340.0,337.0,340.0,2.72,1560.0,559.8,464.0
SHL,4/4/2016,340.0,340.0,336.0,340.0,0.0,3000.0,559.8,464.0
SHL,4/5/2016,340.0,345.0,338.0,338.0,-0.59,3858.0,559.8,464.0
SHL,4/6/2016,338.0,337.0,336.0,336.0,-0.59,1850.0,559.8,464.0
SHL,4/10/2016,336.0,335.0,330.0,335.0,-0.3,3245.0,559.8,464.0
SHL,4/11/2016,335.0,341.0,336.0,341.0,1.79,600.0,559.8,464.0
SHL,4/12/2016,341.0,344.0,341.0,344.0,0.88,3107.0,559.8,464.0
SHL,4/14/2016,344.0,348.0,342.0,348.0,1.16,2300.0,559.8,464.0
SHL,4/17/2016,348.0,349.0,342.0,343.0,-1.44,1300.0,559.8,464.0
SHL,4/18/2016,343.0,351.0,343.0,351.0,2.33,10490.0,559.8,464.0
SHL,4/19/2016,351.0,365.0,353.0,353.0,0.57,900.0,559.8,464.0
SHL,4/20/2016,353.0,356.0,350.0,355.0,0.57,7946.0,559.8,464.0
SHL,4/21/2016,355.0,369.0,353.0,358.0,0.85,7352.0,559.8,464.0
SHL,4/24/2016,358.0,365.0,355.0,359.0,0.28,4286.0,559.8,464.0
SHL,4/25/2016,359.0,374.0,360.0,362.0,0.84,5900.0,559.8,464.0
SHL,4/26/2016,362.0,376.0,368.0,368.0,1.66,1300.0,559.8,464.0
SHL,4/27/2016,368.0,368.0,355.0,355.0,-3.53,2200.0,559.8,464.0
SHL,4/28/2016,355.0,354.0,350.0,353.0,-0.56,2498.0,559.8,464.0
SHL,5/2/2016,353.0,350.0,350.0,350.0,-0.85,500.0,559.8,464.0
SHL,5/3/2016,350.0,364.0,355.0,357.0,2.0,77878.0,559.8,464.0
SHL,5/4/2016,357.0,365.0,350.0,360.0,0.84,7988.0,559.8,464.0
SHL,5/5/2016,360.0,367.0,355.0,367.0,1.94,4132.0,559.8,464.0
SHL,5/8/2016,367.0,365.0,360.0,360.0,-1.91,2100.0,559.8,464.0
SHL,5/9/2016,360.0,363.0,359.0,362.0,0.56,3000.0,559.8,464.0
SHL,5/10/2016,362.0,365.0,360.0,364.0,0.55,6229.0,559.8,464.0
SHL,5/11/2016,364.0,371.0,359.0,370.0,1.65,2734.0,559.8,464.0
SHL,5/12/2016,370.0,369.0,360.0,365.0,-1.35,38600.0,559.8,464.0
SHL,5/15/2016,365.0,365.0,360.0,364.0,-0.27,7659.0,559.8,464.0
SHL,5/16/2016,364.0,365.0,353.0,360.0,-1.1,34200.0,559.8,464.0
SHL,5/17/2016,360.0,363.0,355.0,363.0,0.83,3324.0,559.8,464.0
SHL,5/18/2016,363.0,377.0,360.0,364.0,0.28,28600.0,559.8,464.0
SHL,5/19/2016,364.0,370.0,360.0,365.0,0.27,2630.0,559.8,464.0
SHL,5/22/2016,365.0,370.0,353.0,360.0,-1.37,123900.0,559.8,464.0
SHL,5/23/2016,360.0,364.0,355.0,360.0,0.0,3406.0,559.8,464.0
SHL,5/24/2016,360.0,364.0,354.0,360.0,0.0,1580.0,559.8,464.0
SHL,5/25/2016,360.0,360.0,353.0,355.0,-1.39,2203.0,559.8,464.0
SHL,5/26/2016,355.0,355.0,346.0,346.0,-2.54,9541.0,559.8,464.0
SHL,5/29/2016,346.0,354.0,346.0,350.0,1.16,5450.0,559.8,464.0
SHL,5/30/2016,350.0,355.0,344.0,345.0,-1.43,7400.0,559.8,464.0
SHL,5/31/2016,345.0,351.0,345.0,348.0,0.87,6737.0,559.8,464.0
SHL,6/1/2016,348.0,351.0,340.0,350.0,0.57,11600.0,559.8,464.0
SHL,6/2/2016,350.0,364.0,350.0,357.0,2.0,3420.0,559.8,464.0
SHL,6/5/2016,357.0,392.0,364.0,392.0,9.8,64476.0,559.8,464.0
SHL,6/6/2016,392.0,431.0,365.0,384.0,-2.04,122077.0,559.8,464.0
SHL,6/7/2016,384.0,384.0,370.0,376.0,-2.08,12316.0,559.8,464.0
SHL,6/8/2016,376.0,396.0,369.0,369.0,-1.86,7126.0,559.8,464.0
SHL,6/9/2016,369.0,380.0,357.0,368.0,-0.27,19291.0,559.8,464.0
SHL,6/12/2016,368.0,389.0,370.0,370.0,0.54,6898.0,559.8,464.0
SHL,6/13/2016,370.0,384.0,363.0,368.0,-0.54,11015.0,559.8,464.0
SHL,6/14/2016,368.0,389.0,372.0,380.0,3.26,20349.0,559.8,464.0
SHL,6/15/2016,380.0,383.0,377.0,378.0,-0.53,9415.0,559.8,464.0
SHL,6/16/2016,378.0,385.0,371.0,372.0,-1.59,9085.0,559.8,464.0
SHL,6/19/2016,372.0,375.0,367.0,370.0,-0.54,14911.0,559.8,464.0
SHL,6/20/2016,370.0,372.0,364.0,368.0,-0.54,13500.0,559.8,464.0
SHL,6/21/2016,368.0,370.0,365.0,365.0,-0.82,7600.0,559.8,464.0
SHL,6/22/2016,365.0,380.0,366.0,379.0,3.84,28316.0,559.8,464.0
SHL,6/23/2016,379.0,380.0,375.0,380.0,0.26,6425.0,559.8,464.0
SHL,6/26/2016,380.0,380.0,371.0,378.0,-0.53,8364.0,559.8,464.0
SHL,6/27/2016,378.0,382.0,370.0,372.0,-1.59,4740.0,559.8,464.0
SHL,6/28/2016,372.0,377.0,371.0,377.0,1.34,11520.0,559.8,464.0
SHL,6/29/2016,377.0,387.0,380.0,380.0,0.8,13706.0,559.8,464.0
SHL,6/30/2016,380.0,386.0,373.0,381.0,0.26,8849.0,559.8,464.0
SHL,7/3/2016,381.0,386.0,379.0,379.0,-0.52,13264.0,559.8,464.0
SHL,7/4/2016,379.0,380.0,372.0,380.0,0.26,10775.0,559.8,464.0
SHL,7/5/2016,380.0,378.0,377.0,377.0,-0.79,1400.0,559.8,464.0
SHL,7/6/2016,377.0,401.0,372.0,384.0,1.86,102028.0,559.8,464.0
SHL,7/10/2016,384.0,394.0,380.0,386.0,0.52,31301.0,559.8,464.0
SHL,7/11/2016,386.0,380.0,375.0,375.0,-2.85,34740.0,559.8,464.0
SHL,7/12/2016,375.0,380.0,366.0,372.0,-0.8,9720.0,559.8,464.0
SHL,7/13/2016,372.0,380.0,363.0,379.0,1.88,7736.0,559.8,464.0
SHL,7/14/2016,379.0,380.0,372.0,375.0,-1.06,12575.0,559.8,464.0
SHL,7/17/2016,375.0,385.0,372.0,372.0,-0.8,8813.0,559.8,464.0
SHL,7/18/2016,372.0,380.0,373.0,373.0,0.27,20407.0,559.8,464.0
SHL,7/19/2016,373.0,385.0,372.0,385.0,3.22,6671.0,559.8,464.0
SHL,7/20/2016,385.0,388.0,365.0,379.0,-1.56,50116.0,559.8,464.0
SHL,7/21/2016,379.0,390.0,379.0,380.0,0.26,13604.0,559.8,464.0
SHL,7/25/2016,380.0,395.0,385.0,390.0,2.63,8835.0,559.8,464.0
SHL,7/26/2016,390.0,403.0,385.0,399.0,2.31,30306.0,559.8,464.0
SHL,7/27/2016,399.0,438.0,405.0,438.0,9.77,73121.0,559.8,464.0
SHL,7/28/2016,438.0,463.0,422.0,437.0,-0.23,77167.0,559.8,464.0
SHL,7/31/2016,437.0,445.0,413.0,415.0,-5.03,23775.0,559.8,464.0
SHL,8/1/2016,415.0,438.0,412.0,425.0,2.41,37516.0,559.8,464.0
SHL,8/2/2016,425.0,428.0,412.0,420.0,-1.18,15203.0,559.8,464.0
SHL,8/3/2016,420.0,420.0,407.0,418.0,-0.48,22188.0,559.8,464.0
SHL,8/4/2016,418.0,415.0,400.0,400.0,-4.31,13249.0,559.8,464.0
SHL,8/7/2016,400.0,429.0,400.0,400.0,0.0,18178.0,559.8,464.0
SHL,8/8/2016,400.0,406.0,385.0,387.0,-3.25,13040.0,559.8,464.0
SHL,8/9/2016,387.0,417.0,394.0,417.0,7.75,400.0,559.8,464.0
SHL,8/10/2016,417.0,433.0,405.0,405.0,-2.88,16962.0,559.8,464.0
SHL,8/11/2016,405.0,409.0,401.0,408.0,0.74,13249.0,559.8,464.0
SHL,8/14/2016,408.0,400.0,372.0,386.0,-5.39,28115.0,559.8,464.0
SHL,8/15/2016,386.0,392.0,366.0,369.0,-4.4,18075.0,559.8,464.0
SHL,8/16/2016,369.0,385.0,370.0,385.0,4.34,8975.0,559.8,464.0
SHL,8/17/2016,385.0,398.0,378.0,398.0,3.38,11044.0,559.8,464.0
SHL,8/21/2016,398.0,413.0,391.0,413.0,3.77,66554.0,559.8,464.0
SHL,8/22/2016,413.0,405.0,393.0,396.0,-4.12,6950.0,559.8,464.0
SHL,8/23/2016,396.0,401.0,384.0,399.0,0.76,7564.0,559.8,464.0
SHL,8/24/2016,399.0,430.0,390.0,415.0,4.01,18667.0,559.8,464.0
SHL,8/28/2016,415.0,415.0,400.0,410.0,-1.2,13790.0,559.8,464.0
SHL,8/29/2016,410.0,413.0,405.0,405.0,-1.22,16814.0,559.8,464.0
SHL,8/30/2016,405.0,412.0,405.0,409.0,0.99,10400.0,559.8,464.0
SHL,8/31/2016,409.0,408.0,392.0,400.0,-2.2,8140.0,559.8,464.0
SHL,9/1/2016,400.0,407.0,395.0,400.0,0.0,8546.0,559.8,464.0
SHL,9/3/2016,400.0,413.0,392.0,407.0,1.75,20356.0,559.8,464.0
SHL,9/4/2016,400.0,413.0,392.0,407.0,0.0,20356.0,559.8,464.0
SHL,9/5/2016,407.0,420.0,403.0,420.0,3.19,13178.0,559.8,464.0
SHL,9/6/2016,420.0,420.0,400.0,400.0,-4.76,8886.0,559.8,464.0
SHL,9/7/2016,400.0,407.0,396.0,400.0,0.0,4466.0,559.8,464.0
SHL,9/8/2016,400.0,414.0,400.0,412.0,3.0,19695.0,559.8,464.0
SHL,9/11/2016,412.0,420.0,400.0,405.0,-1.7,11900.0,559.8,464.0
SHL,9/12/2016,405.0,410.0,400.0,403.0,-0.49,9354.0,559.8,464.0
SHL,9/14/2016,403.0,423.0,407.0,410.0,1.74,33072.0,559.8,464.0
SHL,9/18/2016,410.0,418.0,405.0,415.0,1.22,23708.0,559.8,464.0
SHL,9/20/2016,415.0,420.0,412.0,417.0,0.48,15050.0,559.8,464.0
SHL,9/21/2016,417.0,415.0,406.0,415.0,-0.48,12128.0,559.8,464.0
SHL,9/22/2016,415.0,418.0,408.0,417.0,0.48,11996.0,559.8,464.0
SHL,9/25/2016,417.0,418.0,403.0,403.0,-3.36,10449.0,559.8,464.0
SHL,9/26/2016,403.0,420.0,409.0,418.0,3.72,15024.0,559.8,464.0
SHL,9/27/2016,418.0,418.0,410.0,417.0,-0.24,5818.0,559.8,464.0
SHL,9/28/2016,417.0,417.0,411.0,414.0,-0.72,9205.0,559.8,464.0
SHL,9/29/2016,414.0,417.0,411.0,414.0,0.0,10119.0,559.8,464.0
SHL,10/2/2016,414.0,417.0,413.0,416.0,0.48,8790.0,559.8,464.0
SHL,10/3/2016,416.0,424.0,413.0,422.0,1.44,14399.0,559.8,464.0
SHL,10/4/2016,422.0,448.0,420.0,437.0,3.55,41045.0,559.8,464.0
SHL,10/5/2016,437.0,453.0,429.0,453.0,3.66,20696.0,559.8,464.0
SHL,10/6/2016,453.0,490.0,450.0,476.0,5.08,111249.0,559.8,464.0
SHL,10/16/2016,476.0,467.0,450.0,458.0,-3.78,27927.0,559.8,464.0
SHL,10/17/2016,458.0,467.0,445.0,453.0,-1.09,9200.0,559.8,464.0
SHL,10/18/2016,453.0,455.0,440.0,455.0,0.44,27842.0,559.8,464.0
SHL,10/19/2016,455.0,455.0,445.0,455.0,0.0,4896.0,559.8,464.0
SHL,10/20/2016,455.0,460.0,444.0,447.0,-1.76,6800.0,559.8,464.0
SHL,10/23/2016,447.0,450.0,440.0,449.0,0.45,12559.0,559.8,464.0
SHL,10/24/2016,449.0,446.0,440.0,445.0,-0.89,15405.0,559.8,464.0
SHL,10/25/2016,445.0,440.0,437.0,437.0,-1.8,3302.0,559.8,464.0
SHL,10/26/2016,437.0,453.0,430.0,436.0,-0.23,5200.0,559.8,464.0
SHL,10/27/2016,436.0,438.0,430.0,433.0,-0.69,1950.0,559.8,464.0
SHL,11/3/2016,433.0,432.0,430.0,431.0,-0.46,3100.0,559.8,464.0
SHL,11/7/2016,431.0,435.0,431.0,435.0,0.93,8904.0,559.8,464.0
SHL,11/8/2016,435.0,430.0,424.0,424.0,-2.53,7000.0,559.8,464.0
SHL,11/9/2016,424.0,433.0,409.0,409.0,-3.54,14300.0,559.8,464.0
SHL,11/10/2016,409.0,418.0,408.0,418.0,2.2,3773.0,559.8,464.0
SHL,11/13/2016,418.0,422.0,410.0,417.0,-0.24,32527.0,559.8,464.0
SHL,11/14/2016,417.0,425.0,413.0,420.0,0.72,8030.0,559.8,464.0
SHL,11/15/2016,420.0,422.0,412.0,412.0,-1.9,4648.0,559.8,464.0
SHL,11/16/2016,412.0,420.0,415.0,420.0,1.94,13270.0,559.8,464.0
SHL,11/17/2016,420.0,415.0,407.0,407.0,-3.1,11652.0,559.8,464.0
SHL,11/20/2016,407.0,400.0,390.0,398.0,-2.21,3898.0,559.8,464.0
SHL,11/21/2016,398.0,405.0,383.0,404.0,1.51,12340.0,559.8,464.0
SHL,11/22/2016,404.0,399.0,385.0,390.0,-3.47,10869.0,559.8,464.0
SHL,11/23/2016,390.0,391.0,370.0,370.0,-5.13,5400.0,559.8,464.0
SHL,11/24/2016,370.0,391.0,366.0,378.0,2.16,22282.0,559.8,464.0
SHL,11/27/2016,378.0,371.0,341.0,341.0,-9.79,5400.0,559.8,464.0
SHL,11/28/2016,341.0,364.0,307.0,360.0,5.57,41630.0,559.8,464.0
SHL,11/29/2016,360.0,360.0,324.0,360.0,0.0,44634.0,559.8,464.0
SHL,11/30/2016,360.0,371.0,348.0,360.0,0.0,11108.0,559.8,464.0
SHL,12/1/2016,360.0,363.0,347.0,350.0,-2.78,3894.0,559.8,464.0
SHL,12/4/2016,350.0,364.0,340.0,364.0,4.0,10750.0,559.8,464.0
SHL,12/5/2016,364.0,360.0,345.0,352.0,-3.3,11325.0,559.8,464.0
SHL,12/6/2016,352.0,365.0,350.0,365.0,3.69,6636.0,559.8,464.0
SHL,12/7/2016,365.0,360.0,357.0,360.0,-1.37,2175.0,559.8,464.0
SHL,12/8/2016,360.0,364.0,356.0,358.0,-0.56,7833.0,559.8,464.0
SHL,12/11/2016,358.0,356.0,343.0,343.0,-4.19,3943.0,559.8,464.0
SHL,12/12/2016,312.0,319.0,307.0,313.0,-8.75,5162.0,559.8,464.0
SHL,12/14/2016,313.0,315.0,309.0,311.0,-0.64,2400.0,559.8,464.0
SHL,12/15/2016,311.0,323.0,312.0,317.0,1.93,1785.0,559.8,464.0
SHL,12/18/2016,317.0,324.0,315.0,318.0,0.32,2450.0,559.8,464.0
SHL,12/19/2016,318.0,320.0,312.0,317.0,-0.31,2650.0,559.8,464.0
SHL,12/20/2016,317.0,317.0,312.0,312.0,-1.58,1021.0,559.8,464.0
SHL,12/21/2016,312.0,315.0,306.0,315.0,0.96,1498.0,559.8,464.0
SHL,12/22/2016,315.0,317.0,309.0,309.0,-1.9,500.0,559.8,464.0
SHL,12/26/2016,309.0,306.0,294.0,300.0,-2.91,4050.0,559.8,464.0
SHL,12/27/2016,300.0,303.0,297.0,297.0,-1.0,2100.0,559.8,464.0
SHL,12/28/2016,297.0,307.0,300.0,306.0,3.03,11940.0,559.8,464.0
SHL,12/29/2016,306.0,316.0,309.0,316.0,3.27,2900.0,559.8,464.0
SHL,1/1/2017,316.0,328.0,318.0,322.0,1.9,7800.0,559.8,464.0
SHL,1/2/2017,322.0,334.0,320.0,320.0,-0.62,4890.0,559.8,464.0
SHL,1/3/2017,320.0,320.0,308.0,313.0,-2.19,2830.0,559.8,464.0
SHL,1/8/2017,313.0,320.0,307.0,320.0,2.24,875.0,559.8,464.0
SHL,1/10/2017,320.0,320.0,317.0,317.0,-0.94,200.0,559.8,464.0
SHL,1/11/2017,317.0,320.0,315.0,319.0,0.63,3500.0,559.8,464.0
SHL,1/12/2017,319.0,315.0,314.0,314.0,-1.57,700.0,559.8,464.0
SHL,1/15/2017,314.0,312.0,311.0,311.0,-0.96,2200.0,559.8,464.0
SHL,1/16/2017,311.0,310.0,310.0,310.0,-0.32,2655.0,559.8,464.0
SHL,1/17/2017,310.0,316.0,304.0,315.0,1.61,2208.0,559.8,464.0
SHL,1/18/2017,315.0,313.0,306.0,310.0,-1.59,700.0,559.8,464.0
SHL,1/19/2017,310.0,310.0,307.0,307.0,-0.97,1300.0,559.8,464.0
SHL,1/22/2017,307.0,313.0,309.0,309.0,0.65,1600.0,559.8,464.0
SHL,1/23/2017,309.0,315.0,303.0,308.0,-0.32,6225.0,559.8,464.0
SHL,1/24/2017,308.0,309.0,304.0,306.0,-0.65,1250.0,559.8,464.0
SHL,1/25/2017,306.0,306.0,294.0,294.0,-3.92,6750.0,559.8,464.0
SHL,1/26/2017,294.0,300.0,285.0,290.0,-1.36,6300.0,559.8,464.0
SHL,1/30/2017,290.0,285.0,261.0,261.0,-10.0,8962.0,559.8,464.0
SHL,1/31/2017,261.0,287.0,256.0,287.0,9.96,9050.0,559.8,464.0
SHL,2/1/2017,287.0,298.0,285.0,298.0,3.83,1700.0,559.8,464.0
SHL,2/2/2017,298.0,298.0,287.0,290.0,-2.68,5195.0,559.8,464.0
SHL,2/5/2017,290.0,290.0,290.0,290.0,0.0,100.0,559.8,464.0
SHL,2/6/2017,290.0,285.0,280.0,280.0,-3.45,3700.0,559.8,464.0
SHL,2/7/2017,280.0,275.0,270.0,271.0,-3.21,4494.0,559.8,464.0
SHL,2/8/2017,271.0,270.0,260.0,261.0,-3.69,7905.0,559.8,464.0
SHL,2/9/2017,261.0,270.0,261.0,261.0,0.0,3931.0,559.8,464.0
SHL,2/12/2017,261.0,270.0,251.0,266.0,1.92,8665.0,559.8,464.0
SHL,2/13/2017,266.0,272.0,260.0,262.0,-1.5,9941.0,559.8,464.0
SHL,2/14/2017,262.0,277.0,260.0,270.0,3.05,10625.0,559.8,464.0
SHL,2/15/2017,270.0,280.0,265.0,280.0,3.7,39884.0,559.8,464.0
SHL,2/16/2017,280.0,290.0,275.0,283.0,1.07,5279.0,559.8,464.0
SHL,2/19/2017,283.0,288.0,275.0,277.0,-2.12,6625.0,559.8,464.0
SHL,2/20/2017,277.0,288.0,273.0,276.0,-0.36,8173.0,559.8,464.0
SHL,2/21/2017,276.0,282.0,273.0,279.0,1.09,7672.0,559.8,464.0
SHL,2/22/2017,279.0,277.0,266.0,270.0,-3.23,6785.0,559.8,464.0
SHL,2/23/2017,270.0,275.0,265.0,275.0,1.85,7131.0,559.8,464.0
SHL,2/26/2017,275.0,270.0,265.0,269.0,-2.18,700.0,559.8,464.0
SHL,2/28/2017,269.0,265.0,254.0,261.0,-2.97,5900.0,559.8,464.0
SHL,3/1/2017,261.0,268.0,262.0,268.0,2.68,14700.0,559.8,464.0
SHL,3/2/2017,268.0,294.0,273.0,294.0,9.7,31037.0,559.8,464.0
SHL,3/5/2017,294.0,316.0,298.0,305.0,3.74,17799.0,559.8,464.0
SHL,3/6/2017,305.0,310.0,300.0,305.0,0.0,13875.0,559.8,464.0
SHL,3/7/2017,305.0,300.0,294.0,296.0,-2.95,10094.0,559.8,464.0
SHL,3/9/2017,296.0,306.0,300.0,300.0,1.35,7650.0,559.8,464.0
SHL,3/13/2017,300.0,312.0,300.0,300.0,0.0,8310.0,559.8,464.0
SHL,3/14/2017,300.0,301.0,295.0,298.0,-0.67,9000.0,559.8,464.0
SHL,3/15/2017,298.0,300.0,299.0,300.0,0.67,6590.0,559.8,464.0
SHL,3/16/2017,300.0,304.0,295.0,298.0,-0.67,6200.0,559.8,464.0
SHL,3/19/2017,298.0,308.0,303.0,308.0,3.36,3827.0,559.8,464.0
SHL,3/20/2017,308.0,325.0,303.0,322.0,4.55,16167.0,559.8,464.0
SHL,3/21/2017,322.0,329.0,310.0,329.0,2.17,12856.0,559.8,464.0
SHL,3/22/2017,329.0,347.0,325.0,325.0,-1.22,14975.0,559.8,464.0
SHL,3/23/2017,325.0,325.0,322.0,323.0,-0.62,2975.0,559.8,464.0
SHL,3/26/2017,323.0,341.0,328.0,341.0,5.57,11535.0,559.8,464.0
SHL,3/28/2017,341.0,357.0,328.0,350.0,2.64,22065.0,559.8,464.0
SHL,3/29/2017,350.0,352.0,335.0,340.0,-2.86,18489.0,559.8,464.0
SHL,3/30/2017,340.0,345.0,330.0,338.0,-0.59,16651.0,559.8,464.0
SHL,4/2/2017,338.0,355.0,333.0,355.0,5.03,8473.0,559.8,464.0
SHL,4/3/2017,355.0,383.0,344.0,344.0,-3.1,15079.0,559.8,464.0
SHL,4/4/2017,344.0,364.0,343.0,362.0,5.23,13752.0,559.8,464.0
SHL,4/6/2017,362.0,355.0,350.0,350.0,-3.31,19284.0,559.8,464.0
SHL,4/9/2017,350.0,350.0,343.0,344.0,-1.71,13120.0,559.8,464.0
SHL,4/10/2017,344.0,356.0,347.0,356.0,3.49,8600.0,559.8,464.0
SHL,4/11/2017,356.0,360.0,354.0,359.0,0.84,3400.0,559.8,464.0
SHL,4/12/2017,359.0,372.0,355.0,356.0,-0.84,21761.0,559.8,464.0
SHL,4/13/2017,356.0,360.0,349.0,358.0,0.56,2245.0,559.8,464.0
SHL,4/16/2017,358.0,353.0,346.0,346.0,-3.35,7740.0,559.8,464.0
SHL,4/18/2017,346.0,346.0,334.0,338.0,-2.31,5799.0,559.8,464.0
SHL,4/19/2017,338.0,354.0,344.0,354.0,4.73,2456.0,559.8,464.0
SHL,4/20/2017,354.0,360.0,350.0,357.0,0.85,4035.0,559.8,464.0
SHL,4/23/2017,357.0,378.0,356.0,356.0,-0.28,2700.0,559.8,464.0
SHL,4/24/2017,356.0,353.0,350.0,350.0,-1.69,5900.0,559.8,464.0
SHL,4/25/2017,350.0,357.0,348.0,355.0,1.43,15296.0,559.8,464.0
SHL,4/26/2017,355.0,358.0,349.0,349.0,-1.69,2700.0,559.8,464.0
SHL,4/27/2017,349.0,370.0,345.0,364.0,4.3,3925.0,559.8,464.0
SHL,4/30/2017,364.0,357.0,350.0,350.0,-3.85,15120.0,559.8,464.0
SHL,5/2/2017,350.0,350.0,343.0,343.0,-2.0,2228.0,559.8,464.0
SHL,5/3/2017,343.0,356.0,349.0,349.0,1.75,13485.0,559.8,464.0
SHL,5/4/2017,349.0,355.0,345.0,345.0,-1.15,5725.0,559.8,464.0
SHL,5/7/2017,345.0,351.0,336.0,340.0,-1.45,11375.0,559.8,464.0
SHL,5/8/2017,340.0,356.0,339.0,356.0,4.71,41250.0,559.8,464.0
SHL,5/9/2017,356.0,358.0,350.0,357.0,0.28,3500.0,559.8,464.0
SHL,5/11/2017,357.0,360.0,350.0,357.0,0.0,13600.0,559.8,464.0
SHL,5/15/2017,357.0,371.0,350.0,360.0,0.84,19379.0,559.8,464.0
SHL,5/16/2017,360.0,367.0,356.0,356.0,-1.11,6448.0,559.8,464.0
SHL,5/17/2017,356.0,365.0,360.0,360.0,1.12,1894.0,559.8,464.0
SHL,5/18/2017,360.0,366.0,348.0,366.0,1.67,10781.0,559.8,464.0
SHL,5/21/2017,366.0,373.0,358.0,358.0,-2.19,4216.0,559.8,464.0
SHL,5/22/2017,358.0,360.0,359.0,360.0,0.56,2900.0,559.8,464.0
SHL,5/23/2017,360.0,367.0,361.0,361.0,0.28,10795.0,559.8,464.0
SHL,5/24/2017,361.0,364.0,357.0,357.0,-1.11,2975.0,559.8,464.0
SHL,5/28/2017,357.0,365.0,356.0,360.0,0.84,14335.0,559.8,464.0
SHL,5/30/2017,360.0,365.0,356.0,360.0,0.0,68001.0,559.8,464.0
SHL,5/31/2017,360.0,365.0,356.0,365.0,1.39,15086.0,559.8,464.0
SHL,6/1/2017,365.0,368.0,358.0,361.0,-1.1,7625.0,559.8,464.0
SHL,6/4/2017,361.0,358.0,357.0,358.0,-0.83,1550.0,559.8,464.0
SHL,6/5/2017,358.0,364.0,358.0,358.0,0.0,3732.0,559.8,464.0
SHL,6/6/2017,358.0,370.0,358.0,369.0,3.07,32462.0,559.8,464.0
SHL,6/7/2017,369.0,374.0,360.0,364.0,-1.36,5449.0,559.8,464.0
SHL,6/8/2017,364.0,370.0,355.0,355.0,-2.47,10645.0,559.8,464.0
SHL,6/11/2017,355.0,362.0,348.0,362.0,1.97,18027.0,559.8,464.0
SHL,6/12/2017,362.0,358.0,350.0,358.0,-1.1,3143.0,559.8,464.0
SHL,6/13/2017,358.0,360.0,351.0,360.0,0.56,2222.0,559.8,464.0
SHL,6/14/2017,360.0,360.0,352.0,352.0,-2.22,8385.0,559.8,464.0
SHL,6/15/2017,352.0,358.0,345.0,358.0,1.7,8637.0,559.8,464.0
SHL,6/18/2017,358.0,357.0,347.0,355.0,-0.84,13879.0,559.8,464.0
SHL,6/19/2017,355.0,351.0,345.0,351.0,-1.13,10460.0,559.8,464.0
SHL,6/20/2017,351.0,351.0,342.0,346.0,-1.42,16421.0,559.8,464.0
SHL,6/21/2017,346.0,351.0,342.0,351.0,1.45,17973.0,559.8,464.0
SHL,6/22/2017,351.0,355.0,348.0,355.0,1.14,17318.0,559.8,464.0
SHL,6/25/2017,355.0,357.0,351.0,356.0,0.28,9003.0,559.8,464.0
SHL,6/27/2017,356.0,361.0,351.0,357.0,0.28,12754.0,559.8,464.0
SHL,6/28/2017,357.0,361.0,346.0,361.0,1.12,21053.0,559.8,464.0
SHL,7/2/2017,361.0,365.0,353.0,365.0,1.11,18433.0,559.8,464.0
SHL,7/3/2017,365.0,360.0,357.0,358.0,-1.92,6675.0,559.8,464.0
SHL,7/4/2017,358.0,361.0,351.0,361.0,0.84,4120.0,559.8,464.0
SHL,7/5/2017,361.0,362.0,358.0,361.0,0.0,10922.0,559.8,464.0
SHL,7/6/2017,361.0,370.0,358.0,370.0,2.49,15947.0,559.8,464.0
SHL,7/9/2017,370.0,372.0,351.0,366.0,-1.08,17935.0,559.8,464.0
SHL,7/10/2017,366.0,364.0,360.0,361.0,-1.37,203779.0,559.8,464.0
SHL,7/11/2017,361.0,367.0,363.0,367.0,1.66,3060.0,559.8,464.0
SHL,7/12/2017,367.0,366.0,357.0,366.0,-0.27,209173.0,559.8,464.0
SHL,7/13/2017,366.0,366.0,360.0,361.0,-1.37,8019.0,559.8,464.0
SHL,7/16/2017,361.0,362.0,358.0,358.0,-0.83,6234.0,559.8,464.0
SHL,7/17/2017,358.0,363.0,360.0,360.0,0.56,7064.0,559.8,464.0
SHL,7/18/2017,360.0,375.0,362.0,370.0,2.78,11700.0,559.8,464.0
SHL,7/19/2017,370.0,376.0,366.0,374.0,1.08,14552.0,559.8,464.0
SHL,7/20/2017,374.0,371.0,370.0,370.0,-1.07,2263.0,559.8,464.0
SHL,7/23/2017,370.0,372.0,366.0,370.0,0.0,5351.0,559.8,464.0
SHL,7/24/2017,370.0,369.0,364.0,365.0,-1.35,3110.0,559.8,464.0
SHL,7/25/2017,365.0,365.0,361.0,365.0,0.0,3998.0,559.8,464.0
SHL,7/26/2017,365.0,370.0,363.0,370.0,1.37,1030.0,559.8,464.0
SHL,7/27/2017,370.0,365.0,364.0,364.0,-1.62,1422.0,559.8,464.0
SHL,7/30/2017,364.0,367.0,360.0,367.0,0.82,5105.0,559.8,464.0
SHL,7/31/2017,367.0,400.0,370.0,389.0,5.99,54015.0,559.8,464.0
SHL,8/1/2017,389.0,398.0,385.0,385.0,-1.03,23006.0,559.8,464.0
SHL,8/2/2017,385.0,394.0,379.0,385.0,0.0,6248.0,559.8,464.0
SHL,8/3/2017,385.0,382.0,373.0,382.0,-0.78,4818.0,559.8,464.0
SHL,8/6/2017,382.0,387.0,373.0,376.0,-1.57,6945.0,559.8,464.0
SHL,8/7/2017,376.0,390.0,378.0,380.0,1.06,12269.0,559.8,464.0
SHL,8/9/2017,380.0,385.0,378.0,384.0,1.05,13695.0,559.8,464.0
SHL,8/10/2017,384.0,385.0,378.0,385.0,0.26,9936.0,559.8,464.0
SHL,8/13/2017,385.0,380.0,375.0,375.0,-2.6,10450.0,559.8,464.0
SHL,8/15/2017,375.0,374.0,370.0,372.0,-0.8,900.0,559.8,464.0
SHL,8/16/2017,372.0,382.0,370.0,375.0,0.81,3007.0,559.8,464.0
SHL,8/17/2017,375.0,376.0,372.0,376.0,0.27,5460.0,559.8,464.0
SHL,8/20/2017,376.0,383.0,370.0,375.0,-0.27,9202.0,559.8,464.0
SHL,8/21/2017,375.0,376.0,369.0,376.0,0.27,13955.0,559.8,464.0
SHL,8/22/2017,376.0,380.0,375.0,376.0,0.0,3865.0,559.8,464.0
SHL,8/23/2017,376.0,378.0,375.0,376.0,0.0,4198.0,559.8,464.0
SHL,8/24/2017,376.0,379.0,377.0,377.0,0.27,3017.0,559.8,464.0
SHL,8/27/2017,377.0,375.0,374.0,374.0,-0.8,4228.0,559.8,464.0
SHL,8/28/2017,374.0,374.0,373.0,373.0,-0.27,970.0,559.8,464.0
SHL,8/30/2017,373.0,370.0,367.0,370.0,-0.8,2697.0,559.8,464.0
SHL,8/31/2017,370.0,368.0,364.0,365.0,-1.35,8868.0,559.8,464.0
SHL,9/4/2017,365.0,372.0,361.0,363.0,-0.55,9936.0,559.8,464.0
SHL,9/6/2017,363.0,367.0,361.0,363.0,0.0,870.0,559.8,464.0
SHL,9/7/2017,363.0,366.0,360.0,362.0,-0.28,13618.0,559.8,464.0
SHL,9/10/2017,362.0,357.0,350.0,357.0,-1.38,17934.0,559.8,464.0
SHL,9/11/2017,357.0,360.0,357.0,360.0,0.84,1040.0,559.8,464.0
SHL,9/12/2017,360.0,358.0,354.0,355.0,-1.39,3800.0,559.8,464.0
SHL,9/13/2017,355.0,357.0,350.0,357.0,0.56,5450.0,559.8,464.0
SHL,9/14/2017,357.0,361.0,356.0,360.0,0.84,12451.0,559.8,464.0
SHL,9/17/2017,360.0,362.0,355.0,358.0,-0.56,5825.0,559.8,464.0
SHL,9/18/2017,358.0,360.0,356.0,356.0,-0.56,5283.0,559.8,464.0
SHL,9/20/2017,356.0,359.0,357.0,357.0,0.28,6680.0,559.8,464.0
SHL,9/25/2017,357.0,358.0,354.0,358.0,0.28,1255.0,559.8,464.0
SHL,9/26/2017,358.0,358.0,358.0,358.0,0.0,500.0,559.8,464.0
SHL,10/3/2017,358.0,358.0,358.0,358.0,0.0,1200.0,559.8,464.0
SHL,10/4/2017,358.0,365.0,351.0,365.0,1.96,13291.0,559.8,464.0
SHL,10/8/2017,365.0,358.0,351.0,355.0,-2.74,1317.0,559.8,464.0
SHL,10/9/2017,355.0,356.0,350.0,356.0,0.28,2800.0,559.8,464.0
SHL,10/10/2017,356.0,360.0,353.0,353.0,-0.84,6700.0,559.8,464.0
SHL,10/11/2017,353.0,360.0,357.0,357.0,1.13,8001.0,559.8,464.0
SHL,10/12/2017,357.0,358.0,355.0,355.0,-0.56,1600.0,559.8,464.0
SHL,10/15/2017,355.0,360.0,358.0,360.0,1.41,1891.0,559.8,464.0
SHL,10/16/2017,360.0,372.0,360.0,372.0,3.33,4909.0,559.8,464.0
SHL,10/17/2017,372.0,370.0,365.0,370.0,-0.54,600.0,559.8,464.0
SHL,10/18/2017,370.0,372.0,363.0,372.0,0.54,4450.0,559.8,464.0
SHL,10/22/2017,372.0,372.0,361.0,361.0,-2.96,9090.0,559.8,464.0
SHL,10/23/2017,361.0,365.0,354.0,361.0,0.0,7129.0,559.8,464.0
SHL,10/24/2017,361.0,361.0,358.0,360.0,-0.28,1607.0,559.8,464.0
SHL,10/25/2017,360.0,364.0,355.0,361.0,0.28,11550.0,559.8,464.0
SHL,10/29/2017,361.0,364.0,357.0,359.0,-0.55,16802.0,559.8,464.0
SHL,10/30/2017,359.0,355.0,352.0,354.0,-1.39,310.0,559.8,464.0
SHL,10/31/2017,354.0,351.0,350.0,350.0,-1.13,500.0,559.8,464.0
SHL,11/1/2017,350.0,357.0,350.0,352.0,0.57,1300.0,559.8,464.0
SHL,11/2/2017,352.0,350.0,348.0,350.0,-0.57,2870.0,559.8,464.0
SHL,11/5/2017,350.0,349.0,340.0,348.0,-0.57,3885.0,559.8,464.0
SHL,11/6/2017,348.0,350.0,343.0,349.0,0.29,842.0,559.8,464.0
SHL,11/7/2017,349.0,350.0,339.0,345.0,-1.15,2494.0,559.8,464.0
SHL,11/8/2017,345.0,343.0,330.0,330.0,-4.35,14470.0,559.8,464.0
SHL,11/9/2017,330.0,338.0,330.0,330.0,0.0,6312.0,559.8,464.0
SHL,11/12/2017,330.0,335.0,329.0,334.0,1.21,6780.0,559.8,464.0
SHL,11/13/2017,334.0,340.0,328.0,334.0,0.0,24087.0,559.8,464.0
SHL,11/14/2017,334.0,335.0,330.0,334.0,0.0,15015.0,559.8,464.0
SHL,11/15/2017,334.0,335.0,330.0,331.0,-0.9,12460.0,559.8,464.0
SHL,11/16/2017,331.0,327.0,321.0,322.0,-2.72,12913.0,559.8,464.0
SHL,11/19/2017,322.0,322.0,309.0,309.0,-4.04,72575.0,559.8,464.0
SHL,11/20/2017,269.0,274.0,262.0,265.0,-14.24,1400.0,559.8,464.0
SHL,11/21/2017,265.0,269.0,261.0,265.0,0.0,1411.0,559.8,464.0
SHL,11/22/2017,265.0,274.0,262.0,274.0,3.4,2860.0,559.8,464.0
SHL,11/23/2017,274.0,279.0,272.0,273.0,-0.36,2252.0,559.8,464.0
SHL,11/26/2017,273.0,278.0,275.0,275.0,0.73,3100.0,559.8,464.0
SHL,11/27/2017,275.0,275.0,267.0,267.0,-2.91,5615.0,559.8,464.0
SHL,11/28/2017,267.0,273.0,270.0,272.0,1.87,2200.0,559.8,464.0
SHL,11/29/2017,272.0,284.0,272.0,281.0,3.31,6699.0,559.8,464.0
SHL,11/30/2017,281.0,290.0,280.0,282.0,0.36,9480.0,559.8,464.0
SHL,12/4/2017,282.0,284.0,281.0,282.0,0.0,10283.0,559.8,464.0
SHL,12/5/2017,282.0,282.0,278.0,280.0,-0.71,3439.0,559.8,464.0
SHL,12/6/2017,280.0,295.0,275.0,280.0,0.0,15444.0,559.8,464.0
SHL,12/10/2017,280.0,290.0,282.0,282.0,0.71,3200.0,559.8,464.0
SHL,12/11/2017,282.0,285.0,276.0,280.0,-0.71,4828.0,559.8,464.0
SHL,12/12/2017,280.0,277.0,276.0,276.0,-1.43,1100.0,559.8,464.0
SHL,12/13/2017,276.0,280.0,275.0,280.0,1.45,6100.0,559.8,464.0
SHL,12/14/2017,280.0,275.0,273.0,273.0,-2.5,2374.0,559.8,464.0
SHL,12/17/2017,273.0,276.0,273.0,276.0,1.1,4177.0,559.8,464.0
SHL,12/18/2017,276.0,280.0,274.0,274.0,-0.72,3639.0,559.8,464.0
SHL,12/19/2017,274.0,273.0,271.0,271.0,-1.09,2715.0,559.8,464.0
SHL,12/20/2017,271.0,272.0,271.0,272.0,0.37,1163.0,559.8,464.0
SHL,12/21/2017,272.0,278.0,272.0,272.0,0.0,4301.0,559.8,464.0
SHL,12/24/2017,272.0,275.0,270.0,270.0,-0.74,4200.0,559.8,464.0
SHL,12/26/2017,270.0,270.0,268.0,270.0,0.0,1405.0,559.8,464.0
SHL,12/27/2017,270.0,269.0,267.0,269.0,-0.37,600.0,559.8,464.0
SHL,12/28/2017,269.0,269.0,266.0,269.0,0.0,1185.0,559.8,464.0
SHL,12/31/2017,269.0,270.0,265.0,270.0,0.37,2090.0,559.8,464.0
SHL,1/1/2018,270.0,285.0,270.0,285.0,5.56,3337.0,559.8,464.0
SHL,1/2/2018,285.0,285.0,275.0,277.0,-2.81,5139.0,559.8,464.0
SHL,1/3/2018,277.0,273.0,272.0,273.0,-1.44,700.0,559.8,464.0
SHL,1/4/2018,273.0,278.0,272.0,273.0,0.0,866.0,559.8,464.0
SHL,1/8/2018,273.0,272.0,270.0,270.0,-1.1,1700.0,559.8,464.0
SHL,1/9/2018,270.0,282.0,272.0,281.0,4.07,4900.0,559.8,464.0
SHL,1/10/2018,281.0,285.0,280.0,280.0,-0.36,1800.0,559.8,464.0
SHL,1/14/2018,280.0,282.0,277.0,277.0,-1.07,1700.0,559.8,464.0
SHL,1/16/2018,277.0,275.0,275.0,275.0,-0.72,853.0,559.8,464.0
SHL,1/17/2018,275.0,275.0,273.0,273.0,-0.73,2030.0,559.8,464.0
SHL,1/21/2018,273.0,278.0,272.0,278.0,1.83,800.0,559.8,464.0
SHL,1/23/2018,278.0,273.0,269.0,272.0,-2.16,1625.0,559.8,464.0
SHL,1/24/2018,272.0,275.0,273.0,273.0,0.37,1200.0,559.8,464.0
SHL,1/25/2018,273.0,277.0,277.0,277.0,1.47,140.0,559.8,464.0
SHL,1/28/2018,277.0,277.0,270.0,272.0,-1.81,3100.0,559.8,464.0
SHL,1/29/2018,272.0,271.0,270.0,270.0,-0.74,3200.0,559.8,464.0
SHL,1/31/2018,270.0,275.0,270.0,275.0,1.85,4325.0,559.8,464.0
SHL,2/1/2018,275.0,276.0,272.0,276.0,0.36,3950.0,559.8,464.0
SHL,2/4/2018,276.0,273.0,271.0,271.0,-1.81,3780.0,559.8,464.0
SHL,2/5/2018,271.0,271.0,270.0,270.0,-0.37,6640.0,559.8,464.0
SHL,2/6/2018,270.0,271.0,268.0,269.0,-0.37,24500.0,559.8,464.0
SHL,2/7/2018,269.0,273.0,267.0,267.0,-0.74,828.0,559.8,464.0
SHL,2/8/2018,267.0,270.0,267.0,267.0,0.0,4906.0,559.8,464.0
SHL,2/11/2018,267.0,268.0,267.0,267.0,0.0,3200.0,559.8,464.0
SHL,2/12/2018,267.0,267.0,266.0,266.0,-0.37,4189.0,559.8,464.0
SHL,2/14/2018,266.0,266.0,264.0,266.0,0.0,3629.0,559.8,464.0
SHL,2/15/2018,266.0,274.0,270.0,270.0,1.5,4391.0,559.8,464.0
SHL,2/18/2018,275.0,275.0,263.0,263.0,-2.59,11697.0,559.8,464.0
SHL,2/20/2018,268.0,268.0,264.0,264.0,0.38,3876.0,559.8,464.0
SHL,2/21/2018,264.0,264.0,262.0,262.0,-0.76,13308.0,559.8,464.0
SHL,2/22/2018,262.0,262.0,260.0,260.0,-0.76,2486.0,559.8,464.0
SHL,2/25/2018,258.0,260.0,258.0,260.0,0.0,1197.0,559.8,464.0
SHL,2/26/2018,265.0,265.0,252.0,252.0,-3.08,3826.0,559.8,464.0
SHL,2/27/2018,256.0,257.0,254.0,257.0,1.98,1374.0,559.8,464.0
SHL,2/28/2018,253.0,253.0,252.0,252.0,-1.95,500.0,559.8,464.0
SHL,3/4/2018,250.0,252.0,245.0,245.0,-2.78,3543.0,559.8,464.0
SHL,3/5/2018,243.0,249.0,242.0,249.0,1.63,1396.0,559.8,464.0
SHL,3/6/2018,245.0,252.0,240.0,245.0,-1.61,2881.0,559.8,464.0
SHL,3/7/2018,249.0,254.0,248.0,248.0,1.22,3725.0,559.8,464.0
SHL,3/11/2018,244.0,244.0,241.0,241.0,-2.82,1067.0,559.8,464.0
SHL,3/12/2018,243.0,243.0,237.0,237.0,-1.66,4096.0,559.8,464.0
SHL,3/13/2018,234.0,250.0,230.0,250.0,5.49,21131.0,559.8,464.0
SHL,3/14/2018,255.0,255.0,240.0,244.0,-2.4,14024.0,559.8,464.0
SHL,3/15/2018,240.0,261.0,240.0,256.0,4.92,8158.0,559.8,464.0
SHL,3/18/2018,251.0,251.0,244.0,244.0,-4.69,9955.0,559.8,464.0
SHL,3/19/2018,248.0,248.0,240.0,240.0,-1.64,4790.0,559.8,464.0
SHL,3/20/2018,240.0,246.0,240.0,243.0,1.25,3713.0,559.8,464.0
SHL,3/21/2018,242.0,246.0,239.0,243.0,0.0,4156.0,559.8,464.0
SHL,3/22/2018,241.0,246.0,234.0,234.0,-3.7,16896.0,559.8,464.0
SHL,3/26/2018,230.0,231.0,222.0,222.0,-5.13,9059.0,559.8,464.0
SHL,3/27/2018,222.0,240.0,222.0,240.0,8.11,2014.0,559.8,464.0
SHL,3/28/2018,237.0,242.0,236.0,240.0,0.0,6833.0,559.8,464.0
SHL,3/29/2018,238.0,240.0,237.0,240.0,0.0,6813.0,559.8,464.0
SHL,4/1/2018,236.0,236.0,231.0,235.0,-2.08,3770.0,559.8,464.0
SHL,4/2/2018,235.0,235.0,232.0,232.0,-1.28,315.0,559.8,464.0
SHL,4/3/2018,235.0,235.0,235.0,235.0,1.29,1189.0,559.8,464.0
SHL,4/4/2018,239.0,242.0,237.0,241.0,2.55,1082.0,559.8,464.0
SHL,4/5/2018,240.0,244.0,240.0,240.0,-0.41,7798.0,559.8,464.0
SHL,4/8/2018,244.0,257.0,243.0,254.0,5.83,9583.0,559.8,464.0
SHL,4/9/2018,254.0,254.0,245.0,248.0,-2.36,2442.0,559.8,464.0
SHL,4/10/2018,248.0,252.0,247.0,250.0,0.81,2598.0,559.8,464.0
SHL,4/11/2018,254.0,254.0,243.0,245.0,-2.0,3477.0,559.8,464.0
SHL,4/12/2018,248.0,249.0,243.0,249.0,1.63,2440.0,559.8,464.0
SHL,4/15/2018,249.0,250.0,245.0,250.0,0.4,4270.0,559.8,464.0
SHL,4/16/2018,250.0,259.0,249.0,255.0,2.0,12091.0,559.8,464.0
SHL,4/17/2018,260.0,265.0,255.0,264.0,3.53,17107.0,559.8,464.0
SHL,4/18/2018,269.0,283.0,256.0,271.0,2.65,16474.0,559.8,464.0
SHL,4/19/2018,275.0,279.0,267.0,274.0,1.11,16130.0,559.8,464.0
SHL,4/22/2018,279.0,283.0,274.0,281.0,2.55,19508.0,559.8,464.0
SHL,4/23/2018,277.0,279.0,263.0,269.0,-4.27,14083.0,559.8,464.0
SHL,4/24/2018,274.0,274.0,261.0,268.0,-0.37,8385.0,559.8,464.0
SHL,4/25/2018,268.0,268.0,263.0,264.0,-1.49,3006.0,559.8,464.0
SHL,4/26/2018,260.0,270.0,259.0,259.0,-1.89,53313.0,559.8,464.0
SHL,4/29/2018,256.0,269.0,255.0,265.0,2.32,10264.0,559.8,464.0
SHL,5/2/2018,264.0,268.0,263.0,268.0,1.13,1800.0,559.8,464.0
SHL,5/3/2018,270.0,270.0,262.0,266.0,-0.75,12637.0,559.8,464.0
SHL,5/6/2018,262.0,264.0,253.0,260.0,-2.26,7699.0,559.8,464.0
SHL,5/7/2018,260.0,265.0,255.0,257.0,-1.15,4950.0,559.8,464.0
SHL,5/8/2018,255.0,261.0,253.0,261.0,1.56,3335.0,559.8,464.0
SHL,5/9/2018,266.0,266.0,261.0,261.0,0.0,200.0,559.8,464.0
SHL,5/10/2018,262.0,262.0,256.0,256.0,-1.92,1078.0,559.8,464.0
SHL,5/14/2018,255.0,260.0,255.0,258.0,0.78,2652.0,559.8,464.0
SHL,5/15/2018,258.0,258.0,253.0,253.0,-1.94,412.0,559.8,464.0
SHL,5/16/2018,252.0,260.0,252.0,260.0,2.77,1336.0,559.8,464.0
SHL,5/17/2018,260.0,261.0,256.0,261.0,0.38,2475.0,559.8,464.0
SHL,5/20/2018,259.0,260.0,256.0,256.0,-1.92,2872.0,559.8,464.0
SHL,5/21/2018,255.0,260.0,254.0,260.0,1.56,4381.0,559.8,464.0
SHL,5/22/2018,256.0,261.0,255.0,261.0,0.38,3407.0,559.8,464.0
SHL,5/23/2018,260.0,260.0,256.0,260.0,-0.38,363.0,559.8,464.0
SHL,5/24/2018,258.0,260.0,254.0,260.0,0.0,1895.0,559.8,464.0
SHL,5/27/2018,255.0,255.0,253.0,253.0,-2.69,968.0,559.8,464.0
SHL,5/28/2018,253.0,268.0,251.0,268.0,5.93,3018.0,559.8,464.0
SHL,5/29/2018,265.0,265.0,262.0,262.0,-2.24,600.0,559.8,464.0
SHL,5/30/2018,257.0,267.0,257.0,262.0,0.0,3850.0,559.8,464.0
SHL,5/31/2018,260.0,260.0,252.0,259.0,-1.15,4912.0,559.8,464.0
SHL,6/3/2018,254.0,254.0,249.0,250.0,-3.47,4000.0,559.8,464.0
SHL,6/4/2018,245.0,253.0,245.0,246.0,-1.6,2062.0,559.8,464.0
SHL,6/6/2018,250.0,255.0,250.0,250.0,1.63,5693.0,559.8,464.0
SHL,6/7/2018,248.0,248.0,243.0,244.0,-2.4,8746.0,559.8,464.0
SHL,6/10/2018,241.0,244.0,237.0,237.0,-2.87,5829.0,559.8,464.0
SHL,6/11/2018,241.0,249.0,241.0,247.0,4.22,1950.0,559.8,464.0
SHL,6/12/2018,247.0,247.0,242.0,242.0,-2.02,550.0,559.8,464.0
SHL,6/13/2018,241.0,245.0,240.0,245.0,1.24,5445.0,559.8,464.0
SHL,6/14/2018,245.0,249.0,245.0,249.0,1.63,650.0,559.8,464.0
SHL,6/17/2018,253.0,258.0,251.0,258.0,3.61,300.0,559.8,464.0
SHL,6/21/2018,253.0,253.0,243.0,243.0,-5.81,3778.0,559.8,464.0
SHL,6/24/2018,246.0,247.0,243.0,243.0,0.0,2509.0,559.8,464.0
SHL,6/25/2018,243.0,243.0,243.0,243.0,0.0,100.0,559.8,464.0
SHL,6/26/2018,239.0,240.0,235.0,235.0,-3.29,4688.0,559.8,464.0
SHL,6/27/2018,237.0,241.0,237.0,237.0,0.85,1500.0,559.8,464.0
SHL,6/28/2018,235.0,238.0,230.0,237.0,0.0,102478.0,559.8,464.0
SHL,7/1/2018,235.0,239.0,234.0,234.0,-1.27,2670.0,559.8,464.0
SHL,7/2/2018,232.0,235.0,232.0,235.0,0.43,2136.0,559.8,464.0
SHL,7/3/2018,235.0,237.0,232.0,237.0,0.85,1972.0,559.8,464.0
SHL,7/4/2018,240.0,240.0,237.0,238.0,0.42,10862.0,559.8,464.0
SHL,7/5/2018,240.0,247.0,239.0,247.0,3.78,6793.0,559.8,464.0
SHL,7/8/2018,246.0,255.0,243.0,255.0,3.24,900.0,559.8,464.0
SHL,7/10/2018,260.0,260.0,255.0,255.0,0.0,200.0,559.8,464.0
SHL,7/11/2018,260.0,260.0,237.0,237.0,-7.06,1859.0,559.8,464.0
SHL,7/12/2018,241.0,245.0,230.0,230.0,-2.95,9938.0,559.8,464.0
SHL,7/15/2018,234.0,242.0,234.0,239.0,3.91,2002.0,559.8,464.0
SHL,7/16/2018,240.0,243.0,240.0,243.0,1.67,1300.0,559.8,464.0
SHL,7/17/2018,239.0,239.0,234.0,234.0,-3.7,6000.0,559.8,464.0
SHL,7/18/2018,234.0,234.0,234.0,234.0,0.0,530.0,559.8,464.0
SHL,7/19/2018,235.0,239.0,234.0,239.0,2.14,3478.0,559.8,464.0
SHL,7/22/2018,236.0,236.0,232.0,232.0,-2.93,643.0,559.8,464.0
SHL,7/24/2018,230.0,246.0,230.0,241.0,3.88,4497.0,559.8,464.0
SHL,7/25/2018,238.0,238.0,237.0,237.0,-1.66,1539.0,559.8,464.0
SHL,7/26/2018,235.0,245.0,234.0,245.0,3.38,1800.0,559.8,464.0
SHL,7/29/2018,249.0,253.0,241.0,241.0,-1.63,1027.0,559.8,464.0
SHL,7/30/2018,240.0,240.0,240.0,240.0,-0.41,1105.0,559.8,464.0
SHL,7/31/2018,244.0,244.0,236.0,236.0,-1.67,1223.0,559.8,464.0
SHL,8/1/2018,238.0,240.0,238.0,240.0,1.69,3616.0,559.8,464.0
SHL,8/2/2018,240.0,241.0,240.0,240.0,0.0,3599.0,559.8,464.0
SHL,8/5/2018,236.0,240.0,236.0,240.0,0.0,2551.0,559.8,464.0
SHL,8/6/2018,238.0,240.0,238.0,239.0,-0.42,4486.0,559.8,464.0
SHL,8/7/2018,236.0,245.0,236.0,245.0,2.51,841.0,559.8,464.0
SHL,8/8/2018,249.0,253.0,249.0,253.0,3.27,200.0,559.8,464.0
SHL,8/9/2018,248.0,248.0,248.0,248.0,-1.98,100.0,559.8,464.0
SHL,8/12/2018,252.0,252.0,252.0,252.0,1.61,100.0,559.8,464.0
SHL,8/13/2018,247.0,254.0,243.0,248.0,-1.59,4790.0,559.8,464.0
SHL,8/14/2018,244.0,248.0,240.0,248.0,0.0,3194.0,559.8,464.0
SHL,8/15/2018,246.0,251.0,244.0,250.0,0.81,5803.0,559.8,464.0
SHL,8/16/2018,250.0,255.0,247.0,247.0,-1.2,6003.0,559.8,464.0
SHL,8/19/2018,245.0,245.0,242.0,242.0,-2.02,700.0,559.8,464.0
SHL,8/20/2018,238.0,242.0,238.0,241.0,-0.41,3375.0,559.8,464.0
SHL,8/21/2018,240.0,241.0,240.0,241.0,0.0,1610.0,559.8,464.0
SHL,8/22/2018,245.0,248.0,241.0,241.0,0.0,1020.0,559.8,464.0
SHL,8/23/2018,238.0,240.0,234.0,240.0,-0.41,5300.0,559.8,464.0
SHL,8/26/2018,241.0,241.0,239.0,241.0,0.42,2600.0,559.8,464.0
SHL,8/28/2018,240.0,242.0,240.0,242.0,0.41,2374.0,559.8,464.0
SHL,8/29/2018,245.0,245.0,242.0,242.0,0.0,2088.0,559.8,464.0
SHL,8/30/2018,240.0,243.0,240.0,240.0,-0.83,2220.0,559.8,464.0
SHL,9/2/2018,239.0,246.0,239.0,245.0,2.08,7381.0,559.8,464.0
SHL,9/3/2018,249.0,253.0,245.0,245.0,0.0,3131.0,559.8,464.0
SHL,9/4/2018,247.0,249.0,247.0,248.0,1.22,2245.0,559.8,464.0
SHL,9/5/2018,251.0,252.0,246.0,250.0,0.81,2133.0,559.8,464.0
SHL,9/6/2018,255.0,255.0,248.0,250.0,0.0,4845.0,559.8,464.0
SHL,9/9/2018,250.0,250.0,250.0,250.0,0.0,500.0,559.8,464.0
SHL,9/10/2018,245.0,245.0,242.0,242.0,-3.2,777.0,559.8,464.0
SHL,9/11/2018,246.0,250.0,246.0,250.0,3.31,2566.0,559.8,464.0
SHL,9/12/2018,250.0,250.0,250.0,250.0,0.0,1345.0,559.8,464.0
SHL,9/13/2018,255.0,256.0,250.0,256.0,2.4,1801.0,559.8,464.0
SHL,9/16/2018,257.0,257.0,257.0,257.0,0.39,500.0,559.8,464.0
SHL,9/17/2018,253.0,253.0,252.0,252.0,-1.95,500.0,559.8,464.0
SHL,9/18/2018,253.0,254.0,248.0,248.0,-1.59,5284.0,559.8,464.0
SHL,9/20/2018,248.0,252.0,248.0,252.0,1.61,10767.0,559.8,464.0
SHL,9/23/2018,249.0,253.0,249.0,253.0,0.4,1915.0,559.8,464.0
SHL,9/25/2018,254.0,255.0,254.0,255.0,0.79,1778.0,559.8,464.0
SHL,9/26/2018,254.0,254.0,250.0,254.0,-0.39,2844.0,559.8,464.0
SHL,9/27/2018,259.0,259.0,256.0,256.0,0.79,300.0,559.8,464.0
SHL,9/30/2018,251.0,255.0,250.0,251.0,-1.95,201412.0,559.8,464.0
SHL,10/1/2018,254.0,256.0,249.0,249.0,-0.8,6875.0,559.8,464.0
SHL,10/2/2018,247.0,251.0,247.0,249.0,0.0,2115.0,559.8,464.0
SHL,10/3/2018,250.0,251.0,247.0,251.0,0.8,11706.0,559.8,464.0
SHL,10/4/2018,249.0,250.0,245.0,245.0,-2.39,3045.0,559.8,464.0
SHL,10/7/2018,243.0,245.0,240.0,241.0,-1.63,70549.0,559.8,464.0
SHL,10/8/2018,245.0,253.0,245.0,249.0,3.32,729.0,559.8,464.0
SHL,10/9/2018,246.0,246.0,246.0,246.0,-1.2,100.0,559.8,464.0
SHL,10/10/2018,245.0,245.0,242.0,245.0,-0.41,873.0,559.8,464.0
SHL,10/11/2018,242.0,242.0,238.0,238.0,-2.86,12580.0,559.8,464.0
SHL,10/14/2018,242.0,252.0,242.0,247.0,3.78,1110.0,559.8,464.0
SHL,10/15/2018,251.0,251.0,248.0,248.0,0.4,865.0,559.8,464.0
SHL,10/21/2018,246.0,246.0,245.0,245.0,-1.21,1500.0,559.8,464.0
SHL,10/22/2018,246.0,250.0,246.0,250.0,2.04,12869.0,559.8,464.0
SHL,10/23/2018,255.0,255.0,250.0,250.0,0.0,400.0,559.8,464.0
SHL,10/24/2018,254.0,264.0,250.0,260.0,4.0,1102.0,559.8,464.0
SHL,10/25/2018,255.0,255.0,255.0,255.0,-1.92,200.0,559.8,464.0
SHL,10/28/2018,260.0,265.0,246.0,258.0,1.18,2464.0,559.8,464.0
SHL,10/29/2018,253.0,253.0,248.0,248.0,-3.88,1315.0,559.8,464.0
SHL,10/30/2018,246.0,246.0,244.0,244.0,-1.61,3256.0,559.8,464.0
SHL,10/31/2018,245.0,245.0,244.0,244.0,0.0,515.0,559.8,464.0
SHL,11/1/2018,243.0,250.0,241.0,246.0,0.82,3275.0,559.8,464.0
SHL,11/4/2018,250.0,250.0,245.0,245.0,-0.41,1500.0,559.8,464.0
SHL,11/5/2018,249.0,253.0,249.0,253.0,3.27,200.0,559.8,464.0
SHL,11/11/2018,253.0,253.0,248.0,248.0,-1.98,500.0,559.8,464.0
SHL,11/12/2018,248.0,248.0,244.0,244.0,-1.61,2597.0,559.8,464.0
SHL,11/13/2018,247.0,249.0,244.0,249.0,2.05,730.0,559.8,464.0
SHL,11/14/2018,249.0,249.0,245.0,245.0,-1.61,1379.0,559.8,464.0
SHL,11/15/2018,247.0,247.0,247.0,247.0,0.82,100.0,559.8,464.0
SHL,11/18/2018,251.0,252.0,248.0,249.0,0.81,13522.0,559.8,464.0
SHL,11/19/2018,248.0,250.0,246.0,246.0,-1.2,4537.0,559.8,464.0
SHL,11/20/2018,247.0,249.0,245.0,246.0,0.0,3579.0,559.8,464.0
SHL,11/21/2018,245.0,247.0,241.0,241.0,-2.03,5172.0,559.8,464.0
SHL,11/22/2018,245.0,248.0,245.0,245.0,1.66,1650.0,559.8,464.0
SHL,11/25/2018,246.0,246.0,241.0,241.0,-1.63,51250.0,559.8,464.0
SHL,11/26/2018,245.0,245.0,238.0,238.0,-1.24,8971.0,559.8,464.0
SHL,11/27/2018,241.0,245.0,240.0,240.0,0.84,4711.0,559.8,464.0
SHL,11/28/2018,244.0,246.0,239.0,240.0,0.0,155622.0,559.8,464.0
SHL,11/29/2018,244.0,244.0,239.0,240.0,0.0,3769.0,559.8,464.0
SHL,12/2/2018,239.0,239.0,234.0,235.0,-2.08,11923.0,559.8,464.0
SHL,12/3/2018,239.0,240.0,234.0,234.0,-0.43,6100.0,559.8,464.0
SHL,12/4/2018,235.0,238.0,234.0,234.0,0.0,8012.0,559.8,464.0
SHL,12/5/2018,237.0,237.0,233.0,233.0,-0.43,4120.0,559.8,464.0
SHL,12/6/2018,230.0,240.0,230.0,232.0,-0.43,14537.0,559.8,464.0
SHL,12/9/2018,235.0,235.0,232.0,234.0,0.86,6800.0,559.8,464.0
SHL,12/10/2018,236.0,237.0,234.0,237.0,1.28,9877.0,559.8,464.0
SHL,12/11/2018,237.0,239.0,233.0,234.0,-1.27,39724.0,559.8,464.0
SHL,12/12/2018,209.0,209.0,199.0,206.0,-11.97,8212.0,559.8,464.0
SHL,12/13/2018,206.0,208.0,202.0,205.0,-0.49,3856.0,559.8,464.0
SHL,12/16/2018,204.0,206.0,202.0,206.0,0.49,2455.0,559.8,464.0
SHL,12/17/2018,208.0,208.0,205.0,205.0,-0.49,9203.0,559.8,464.0
SHL,12/18/2018,205.0,205.0,203.0,204.0,-0.49,1410.0,559.8,464.0
SHL,12/19/2018,204.0,204.0,203.0,203.0,-0.49,580.0,559.8,464.0
SHL,12/20/2018,199.0,199.0,199.0,199.0,-1.97,600.0,559.8,464.0
SHL,12/23/2018,202.0,209.0,202.0,209.0,5.03,4700.0,559.8,464.0
SHL,12/24/2018,206.0,210.0,205.0,207.0,-0.96,3300.0,559.8,464.0
SHL,12/25/2018,204.0,204.0,204.0,204.0,-1.45,200.0,559.8,464.0
SHL,12/26/2018,207.0,211.0,206.0,211.0,3.43,4555.0,559.8,464.0
SHL,12/27/2018,214.0,214.0,201.0,202.0,-4.27,4096.0,559.8,464.0
SHL,12/30/2018,206.0,206.0,205.0,206.0,1.98,3100.0,559.8,464.0
SHL,12/31/2018,207.0,208.0,204.0,204.0,-0.97,2216.0,559.8,464.0
SHL,1/1/2019,207.0,207.0,202.0,203.0,-0.49,1820.0,559.8,464.0
SHL,1/2/2019,204.0,204.0,202.0,202.0,-0.49,528.0,559.8,464.0
SHL,1/3/2019,202.0,207.0,201.0,205.0,1.49,12229.0,559.8,464.0
SHL,1/6/2019,205.0,205.0,202.0,204.0,-0.49,7752.0,559.8,464.0
SHL,1/7/2019,203.0,206.0,203.0,206.0,0.98,5900.0,559.8,464.0
SHL,1/8/2019,205.0,205.0,204.0,204.0,-0.97,545.0,559.8,464.0
SHL,1/9/2019,204.0,205.0,204.0,205.0,0.49,2400.0,559.8,464.0
SHL,1/10/2019,204.0,204.0,204.0,204.0,-0.49,750.0,559.8,464.0
SHL,1/13/2019,203.0,203.0,203.0,203.0,-0.49,960.0,559.8,464.0
SHL,1/14/2019,206.0,206.0,204.0,205.0,0.99,1800.0,559.8,464.0
SHL,1/15/2019,205.0,205.0,204.0,205.0,0.0,3602.0,559.8,464.0
SHL,1/16/2019,205.0,205.0,205.0,205.0,0.0,362.0,559.8,464.0
SHL,1/17/2019,204.0,206.0,204.0,204.0,-0.49,1550.0,559.8,464.0
SHL,1/20/2019,204.0,206.0,204.0,205.0,0.49,627.0,559.8,464.0
SHL,1/21/2019,203.0,206.0,202.0,202.0,-1.46,4140.0,559.8,464.0
SHL,1/22/2019,202.0,206.0,202.0,205.0,1.49,9912.0,559.8,464.0
SHL,1/23/2019,204.0,204.0,204.0,204.0,-0.49,250.0,559.8,464.0
SHL,1/24/2019,206.0,207.0,204.0,205.0,0.49,4924.0,559.8,464.0
SHL,1/27/2019,203.0,203.0,202.0,203.0,-0.98,7090.0,559.8,464.0
SHL,1/28/2019,203.0,204.0,200.0,203.0,0.0,5803.0,559.8,464.0
SHL,1/29/2019,200.0,204.0,200.0,203.0,0.0,4604.0,559.8,464.0
SHL,1/30/2019,201.0,205.0,201.0,203.0,0.0,3684.0,559.8,464.0
SHL,1/31/2019,201.0,205.0,200.0,205.0,0.99,4352.0,559.8,464.0
SHL,2/3/2019,203.0,203.0,202.0,202.0,-1.46,1246.0,559.8,464.0
SHL,2/4/2019,202.0,203.0,201.0,203.0,0.5,2607.0,559.8,464.0
SHL,2/5/2019,205.0,205.0,202.0,203.0,0.0,1865.0,559.8,464.0
SHL,2/6/2019,201.0,203.0,201.0,201.0,-0.99,1647.0,559.8,464.0
SHL,2/7/2019,201.0,202.0,201.0,201.0,0.0,100000.0,559.8,464.0
SHL,2/10/2019,203.0,204.0,201.0,204.0,1.49,4533.0,559.8,464.0
SHL,2/11/2019,205.0,207.0,204.0,206.0,0.98,6842.0,559.8,464.0
SHL,2/12/2019,207.0,207.0,205.0,205.0,-0.49,4900.0,559.8,464.0
SHL,2/13/2019,205.0,206.0,203.0,206.0,0.49,1200.0,559.8,464.0
SHL,2/14/2019,202.0,204.0,202.0,202.0,-1.94,2202.0,559.8,464.0
SHL,2/17/2019,204.0,204.0,202.0,202.0,0.0,577.0,559.8,464.0
SHL,2/18/2019,205.0,206.0,203.0,205.0,1.49,1591.0,559.8,464.0
SHL,2/19/2019,206.0,206.0,205.0,206.0,0.49,500.0,559.8,464.0
SHL,2/20/2019,204.0,204.0,204.0,204.0,-0.97,1340.0,559.8,464.0
SHL,2/21/2019,204.0,204.0,204.0,204.0,0.0,635.0,559.8,464.0
SHL,2/24/2019,202.0,204.0,202.0,204.0,0.0,240.0,559.8,464.0
SHL,2/25/2019,203.0,203.0,203.0,203.0,-0.49,350.0,559.8,464.0
SHL,2/26/2019,202.0,205.0,200.0,200.0,-1.48,3410.0,559.8,464.0
SHL,2/27/2019,204.0,204.0,200.0,200.0,0.0,4272.0,559.8,464.0
SHL,3/3/2019,201.0,202.0,201.0,201.0,0.5,4055.0,559.8,464.0
SHL,3/5/2019,202.0,202.0,202.0,202.0,0.5,1513.0,559.8,464.0
SHL,3/6/2019,206.0,206.0,205.0,205.0,1.49,384.0,559.8,464.0
SHL,3/7/2019,201.0,204.0,200.0,204.0,-0.49,1459.0,559.8,464.0
SHL,3/10/2019,202.0,205.0,201.0,205.0,0.49,1566.0,559.8,464.0
SHL,3/11/2019,204.0,205.0,204.0,205.0,0.0,510.0,559.8,464.0
SHL,3/12/2019,209.0,209.0,206.0,208.0,1.46,6665.0,559.8,464.0
SHL,3/13/2019,207.0,207.0,204.0,204.0,-1.92,3644.0,559.8,464.0
SHL,3/14/2019,206.0,210.0,206.0,210.0,2.94,500.0,559.8,464.0
SHL,3/17/2019,214.0,214.0,206.0,206.0,-1.9,1737.0,559.8,464.0
SHL,3/18/2019,206.0,206.0,204.0,204.0,-0.97,2442.0,559.8,464.0
SHL,3/19/2019,205.0,205.0,204.0,204.0,0.0,400.0,559.8,464.0
SHL,3/21/2019,206.0,206.0,202.0,205.0,0.49,5871.0,559.8,464.0
SHL,3/24/2019,202.0,204.0,202.0,203.0,-0.98,1430.0,559.8,464.0
SHL,3/25/2019,204.0,204.0,200.0,204.0,0.49,8195.0,559.8,464.0
SHL,3/26/2019,204.0,204.0,204.0,204.0,0.0,253.0,559.8,464.0
SHL,3/27/2019,208.0,208.0,208.0,208.0,1.96,100.0,559.8,464.0
SHL,3/28/2019,212.0,215.0,203.0,204.0,-1.92,11700.0,559.8,464.0
SHL,3/31/2019,203.0,207.0,203.0,205.0,0.49,595.0,559.8,464.0
SHL,4/1/2019,208.0,209.0,208.0,209.0,1.95,400.0,559.8,464.0
SHL,4/2/2019,211.0,213.0,208.0,212.0,1.44,3500.0,559.8,464.0
SHL,4/3/2019,215.0,215.0,205.0,209.0,-1.42,7728.0,559.8,464.0
SHL,4/4/2019,207.0,207.0,205.0,205.0,-1.91,1770.0,559.8,464.0
SHL,4/7/2019,209.0,209.0,205.0,205.0,0.0,1448.0,559.8,464.0
SHL,4/9/2019,206.0,208.0,205.0,206.0,0.49,1500.0,559.8,464.0
SHL,4/10/2019,207.0,207.0,207.0,207.0,0.49,1100.0,559.8,464.0
SHL,4/11/2019,208.0,209.0,206.0,206.0,-0.48,2161.0,559.8,464.0
SHL,4/15/2019,208.0,208.0,206.0,207.0,0.49,3255.0,559.8,464.0
SHL,4/16/2019,207.0,210.0,207.0,210.0,1.45,3384.0,559.8,464.0
SHL,4/17/2019,210.0,211.0,210.0,210.0,0.0,2200.0,559.8,464.0
SHL,4/18/2019,209.0,213.0,209.0,213.0,1.43,1131.0,559.8,464.0
SHL,4/21/2019,210.0,217.0,210.0,217.0,1.88,3127.0,559.8,464.0
SHL,4/22/2019,220.0,221.0,213.0,213.0,-1.84,9688.0,559.8,464.0
SHL,4/23/2019,211.0,211.0,210.0,210.0,-1.41,800.0,559.8,464.0
SHL,4/24/2019,213.0,218.0,213.0,217.0,3.33,2853.0,559.8,464.0
SHL,4/25/2019,221.0,223.0,217.0,222.0,2.3,11424.0,559.8,464.0
SHL,4/28/2019,226.0,237.0,225.0,236.0,6.31,6881.0,559.8,464.0
SHL,4/29/2019,237.0,240.0,227.0,233.0,-1.27,8971.0,559.8,464.0
SHL,4/30/2019,231.0,232.0,226.0,230.0,-1.29,12860.0,559.8,464.0
SHL,5/2/2019,227.0,232.0,227.0,230.0,0.0,6439.0,559.8,464.0
SHL,5/5/2019,228.0,230.0,226.0,226.0,-1.74,8274.0,559.8,464.0
SHL,5/6/2019,226.0,228.0,223.0,228.0,0.88,3212.0,559.8,464.0
SHL,5/7/2019,229.0,248.0,229.0,240.0,5.26,30118.0,559.8,464.0
SHL,5/8/2019,240.0,240.0,234.0,236.0,-1.67,8968.0,559.8,464.0
SHL,5/9/2019,239.0,239.0,230.0,233.0,-1.27,3959.0,559.8,464.0
SHL,5/12/2019,229.0,244.0,227.0,243.0,4.29,19408.0,559.8,464.0
SHL,5/13/2019,242.0,250.0,240.0,248.0,2.06,21194.0,559.8,464.0
SHL,5/14/2019,249.0,253.0,244.0,245.0,-1.21,33056.0,559.8,464.0
SHL,5/15/2019,249.0,251.0,242.0,242.0,-1.22,11316.0,559.8,464.0
SHL,5/16/2019,242.0,250.0,239.0,239.0,-1.24,8314.0,559.8,464.0
SHL,5/19/2019,243.0,243.0,238.0,239.0,0.0,6653.0,559.8,464.0
SHL,5/20/2019,237.0,241.0,236.0,237.0,-0.84,11922.0,559.8,464.0
SHL,5/21/2019,235.0,239.0,235.0,236.0,-0.42,3888.0,559.8,464.0
SHL,5/22/2019,237.0,245.0,237.0,240.0,1.69,21110.0,559.8,464.0
SHL,5/23/2019,243.0,259.0,238.0,245.0,2.08,57760.0,559.8,464.0
SHL,5/26/2019,249.0,253.0,243.0,244.0,-0.41,8445.0,559.8,464.0
SHL,5/27/2019,241.0,245.0,239.0,243.0,-0.41,8075.0,559.8,464.0
SHL,5/28/2019,243.0,243.0,239.0,242.0,-0.41,3087.0,559.8,464.0
SHL,5/29/2019,245.0,246.0,238.0,241.0,-0.41,12203.0,559.8,464.0
SHL,5/30/2019,245.0,245.0,239.0,240.0,-0.41,22158.0,559.8,464.0
SHL,6/2/2019,239.0,239.0,236.0,239.0,-0.42,10980.0,559.8,464.0
SHL,6/3/2019,237.0,239.0,237.0,237.0,-0.84,5413.0,559.8,464.0
SHL,6/4/2019,236.0,239.0,232.0,239.0,0.84,10919.0,559.8,464.0
SHL,6/6/2019,243.0,244.0,239.0,239.0,0.0,20639.0,559.8,464.0
SHL,6/10/2019,232.0,240.0,232.0,235.0,-1.67,8034.0,559.8,464.0
SHL,6/11/2019,236.0,239.0,233.0,233.0,-0.85,8450.0,559.8,464.0
SHL,6/12/2019,234.0,235.0,232.0,233.0,0.0,15780.0,559.8,464.0
SHL,6/13/2019,230.0,236.0,230.0,233.0,0.0,4879.0,559.8,464.0
SHL,6/16/2019,232.0,233.0,229.0,230.0,-1.29,6476.0,559.8,464.0
SHL,6/17/2019,230.0,234.0,230.0,233.0,1.3,4440.0,559.8,464.0
SHL,6/18/2019,233.0,236.0,232.0,232.0,-0.43,4350.0,559.8,464.0
SHL,6/19/2019,234.0,234.0,230.0,231.0,-0.43,5600.0,559.8,464.0
SHL,6/20/2019,232.0,235.0,231.0,231.0,0.0,7220.0,559.8,464.0
SHL,6/23/2019,232.0,233.0,230.0,230.0,-0.43,21772.0,559.8,464.0
SHL,6/24/2019,234.0,236.0,234.0,234.0,1.74,20500.0,559.8,464.0
SHL,6/25/2019,234.0,234.0,230.0,231.0,-1.28,8864.0,559.8,464.0
SHL,6/26/2019,232.0,236.0,232.0,232.0,0.43,377.0,559.8,464.0
SHL,6/27/2019,233.0,234.0,231.0,234.0,0.86,2827.0,559.8,464.0
SHL,6/30/2019,235.0,235.0,232.0,234.0,0.0,2648.0,559.8,464.0
SHL,7/1/2019,234.0,234.0,230.0,232.0,-0.85,4932.0,559.8,464.0
SHL,7/2/2019,232.0,234.0,231.0,234.0,0.86,1100.0,559.8,464.0
SHL,7/3/2019,234.0,234.0,232.0,234.0,0.0,5480.0,559.8,464.0
SHL,7/4/2019,233.0,233.0,230.0,231.0,-1.28,8219.0,559.8,464.0
SHL,7/7/2019,230.0,233.0,230.0,233.0,0.87,8219.0,559.8,464.0
SHL,7/8/2019,231.0,232.0,230.0,232.0,-0.43,7786.0,559.8,464.0
SHL,7/9/2019,232.0,232.0,230.0,230.0,-0.86,3998.0,559.8,464.0
SHL,7/10/2019,231.0,231.0,230.0,231.0,0.43,4956.0,559.8,464.0
SHL,7/11/2019,234.0,234.0,228.0,228.0,-1.3,22134.0,559.8,464.0
SHL,7/14/2019,231.0,239.0,230.0,230.0,0.88,7449.0,559.8,464.0
SHL,7/15/2019,232.0,234.0,232.0,233.0,1.3,1606.0,559.8,464.0
SHL,7/16/2019,244.0,244.0,244.0,244.0,4.72,100.0,559.8,464.0
SHL,7/17/2019,240.0,240.0,232.0,236.0,-3.28,4743.0,559.8,464.0
SHL,7/18/2019,240.0,240.0,233.0,233.0,-1.27,2330.0,559.8,464.0
SHL,7/21/2019,231.0,235.0,231.0,232.0,-0.43,915.0,559.8,464.0
SHL,7/22/2019,231.0,234.0,228.0,234.0,0.86,1303.0,559.8,464.0
SHL,7/23/2019,236.0,237.0,232.0,233.0,-0.43,4497.0,559.8,464.0
SHL,7/24/2019,233.0,239.0,233.0,237.0,1.72,16292.0,559.8,464.0
SHL,7/25/2019,238.0,239.0,235.0,235.0,-0.84,3916.0,559.8,464.0
SHL,7/28/2019,232.0,235.0,231.0,234.0,-0.43,7465.0,559.8,464.0
SHL,7/29/2019,232.0,238.0,232.0,234.0,0.0,2310.0,559.8,464.0
SHL,7/30/2019,235.0,235.0,235.0,235.0,0.43,1100.0,559.8,464.0
SHL,7/31/2019,237.0,237.0,235.0,236.0,0.43,4660.0,559.8,464.0
SHL,8/1/2019,235.0,237.0,234.0,234.0,-0.85,3438.0,559.8,464.0
SHL,8/4/2019,235.0,235.0,232.0,232.0,-0.85,1242.0,559.8,464.0
SHL,8/5/2019,232.0,234.0,232.0,234.0,0.86,820.0,559.8,464.0
SHL,8/6/2019,233.0,233.0,230.0,231.0,-1.28,5726.0,559.8,464.0
SHL,8/7/2019,235.0,236.0,232.0,232.0,0.43,24039.0,559.8,464.0
SHL,8/8/2019,230.0,231.0,230.0,230.0,-0.86,3797.0,559.8,464.0
SHL,8/11/2019,230.0,232.0,230.0,232.0,0.87,4616.0,559.8,464.0
SHL,8/12/2019,232.0,234.0,232.0,234.0,0.86,4401.0,559.8,464.0
SHL,8/13/2019,234.0,234.0,232.0,232.0,-0.85,1200.0,559.8,464.0
SHL,8/14/2019,233.0,233.0,230.0,230.0,-0.86,1957.0,559.8,464.0
SHL,8/15/2019,233.0,233.0,230.0,232.0,0.87,1776.0,559.8,464.0
SHL,8/18/2019,232.0,232.0,228.0,232.0,0.0,8974.0,559.8,464.0
SHL,8/19/2019,232.0,235.0,229.0,230.0,-0.86,72599.0,559.8,464.0
SHL,8/20/2019,228.0,232.0,226.0,231.0,0.43,189755.0,559.8,464.0
SHL,8/21/2019,233.0,233.0,226.0,228.0,-1.3,180509.0,559.8,464.0
SHL,8/22/2019,231.0,231.0,229.0,229.0,0.44,2382.0,559.8,464.0
SHL,8/25/2019,228.0,230.0,228.0,230.0,0.44,2332.0,559.8,464.0
SHL,8/26/2019,228.0,229.0,228.0,228.0,-0.87,1700.0,559.8,464.0
SHL,8/27/2019,230.0,230.0,228.0,228.0,0.0,959.0,559.8,464.0
SHL,8/28/2019,230.0,230.0,225.0,228.0,0.0,6690.0,559.8,464.0
SHL,8/29/2019,229.0,232.0,228.0,228.0,0.0,2243.0,559.8,464.0
SHL,9/1/2019,227.0,227.0,226.0,226.0,-0.88,2300.0,559.8,464.0
SHL,9/2/2019,229.0,230.0,222.0,224.0,-0.88,24359.0,559.8,464.0
SHL,9/3/2019,220.0,225.0,218.0,225.0,0.45,7728.0,559.8,464.0
SHL,9/4/2019,227.0,229.0,225.0,226.0,0.44,2670.0,559.8,464.0
SHL,9/5/2019,226.0,226.0,222.0,222.0,-1.77,1400.0,559.8,464.0
SHL,9/8/2019,222.0,223.0,221.0,223.0,0.45,3701.0,559.8,464.0
SHL,9/9/2019,223.0,223.0,218.0,218.0,-2.24,4581.0,559.8,464.0
SHL,9/10/2019,220.0,224.0,217.0,224.0,2.75,2300.0,559.8,464.0
SHL,9/11/2019,221.0,224.0,218.0,219.0,-2.23,208860.0,559.8,464.0
SHL,9/12/2019,220.0,220.0,217.0,217.0,-0.91,6700.0,559.8,464.0
SHL,9/15/2019,216.0,216.0,213.0,213.0,-1.84,3793.0,559.8,464.0
SHL,9/16/2019,212.0,217.0,211.0,212.0,-0.47,16043.0,559.8,464.0
SHL,9/17/2019,214.0,221.0,214.0,217.0,2.36,2159.0,559.8,464.0
SHL,9/18/2019,221.0,223.0,215.0,222.0,2.3,4113.0,559.8,464.0
SHL,9/19/2019,223.0,223.0,223.0,223.0,0.45,500.0,559.8,464.0
SHL,9/22/2019,216.0,216.0,211.0,211.0,-5.38,1838.0,559.8,464.0
SHL,9/23/2019,212.0,215.0,210.0,210.0,-0.47,4084.0,559.8,464.0
SHL,9/24/2019,214.0,214.0,214.0,214.0,1.9,1370.0,559.8,464.0
SHL,9/25/2019,210.0,213.0,210.0,213.0,-0.47,1710.0,559.8,464.0
SHL,9/26/2019,217.0,217.0,213.0,214.0,0.47,850.0,559.8,464.0
SHL,9/29/2019,210.0,210.0,209.0,209.0,-2.34,2250.0,559.8,464.0
SHL,9/30/2019,212.0,217.0,212.0,217.0,3.83,1629.0,559.8,464.0
SHL,10/1/2019,217.0,219.0,216.0,217.0,0.0,5442.0,559.8,464.0
SHL,10/2/2019,216.0,216.0,211.0,211.0,-2.76,1618.0,559.8,464.0
SHL,10/3/2019,213.0,215.0,200.0,213.0,0.95,156504.0,559.8,464.0
SHL,10/10/2019,210.0,212.0,210.0,212.0,-0.47,2700.0,559.8,464.0
SHL,10/14/2019,212.0,212.0,206.0,207.0,-2.36,7473.0,559.8,464.0
SHL,10/15/2019,207.0,209.0,205.0,207.0,0.0,9901.0,559.8,464.0
SHL,10/16/2019,208.0,208.0,206.0,206.0,-0.48,1638.0,559.8,464.0
SHL,10/17/2019,207.0,208.0,205.0,207.0,0.49,5400.0,559.8,464.0
SHL,10/21/2019,211.0,211.0,205.0,208.0,0.48,12864.0,559.8,464.0
SHL,10/22/2019,208.0,210.0,206.0,206.0,-0.96,3900.0,559.8,464.0
SHL,10/23/2019,208.0,209.0,206.0,207.0,0.49,19315.0,559.8,464.0
SHL,10/24/2019,205.0,210.0,204.0,207.0,0.0,21883.0,559.8,464.0
SHL,10/31/2019,208.0,208.0,208.0,208.0,0.48,500.0,559.8,464.0
SHL,11/3/2019,208.0,208.0,206.0,208.0,0.0,16308.0,559.8,464.0
SHL,11/4/2019,210.0,210.0,208.0,208.0,0.0,700.0,559.8,464.0
SHL,11/5/2019,208.0,208.0,207.0,207.0,-0.48,1318.0,559.8,464.0
SHL,11/6/2019,207.0,207.0,206.0,207.0,0.0,1500.0,559.8,464.0
SHL,11/7/2019,207.0,207.0,204.0,206.0,-0.48,6321.0,559.8,464.0
SHL,11/10/2019,204.0,204.0,203.0,204.0,-0.97,3462.0,559.8,464.0
SHL,11/11/2019,208.0,209.0,207.0,209.0,2.45,3350.0,559.8,464.0
SHL,11/12/2019,209.0,209.0,204.0,207.0,-0.96,1320.0,559.8,464.0
SHL,11/13/2019,208.0,208.0,204.0,207.0,0.0,3557.0,559.8,464.0
SHL,11/14/2019,208.0,208.0,207.0,207.0,0.0,500.0,559.8,464.0
SHL,11/17/2019,207.0,207.0,201.0,203.0,-1.93,7667.0,559.8,464.0
SHL,11/18/2019,203.0,204.0,202.0,204.0,0.49,2578.0,559.8,464.0
SHL,11/19/2019,208.0,215.0,208.0,212.0,3.92,61640.0,559.8,464.0
SHL,11/20/2019,215.0,216.0,210.0,211.0,-0.47,10745.0,559.8,464.0
SHL,11/21/2019,212.0,212.0,209.0,209.0,-0.95,4720.0,559.8,464.0
SHL,11/24/2019,210.0,210.0,207.0,207.0,-0.96,9601.0,559.8,464.0
SHL,11/25/2019,207.0,209.0,207.0,209.0,0.97,3071.0,559.8,464.0
SHL,11/26/2019,209.0,209.0,207.0,208.0,-0.48,5699.0,559.8,464.0
SHL,11/27/2019,210.0,210.0,207.0,209.0,0.48,6552.0,559.8,464.0
SHL,11/28/2019,212.0,212.0,208.0,208.0,-0.48,6478.0,559.8,464.0
SHL,12/1/2019,208.0,210.0,206.0,209.0,0.48,3606.0,559.8,464.0
SHL,12/2/2019,210.0,210.0,207.0,207.0,-0.96,5032.0,559.8,464.0
SHL,12/3/2019,206.0,210.0,206.0,208.0,0.48,1700.0,559.8,464.0
SHL,12/4/2019,210.0,212.0,206.0,207.0,-0.48,7176.0,559.8,464.0
SHL,12/5/2019,208.0,210.0,207.0,207.0,0.0,7619.0,559.8,464.0
SHL,12/8/2019,208.0,212.0,206.0,210.0,1.45,7250.0,559.8,464.0
SHL,12/9/2019,210.0,212.0,209.0,210.0,0.0,11458.0,559.8,464.0
SHL,12/10/2019,213.0,216.0,210.0,216.0,2.86,53373.0,559.8,464.0
SHL,12/11/2019,189.0,192.0,189.0,191.0,-11.57,6770.0,559.8,464.0
SHL,12/12/2019,191.0,191.0,190.0,191.0,0.0,3550.0,559.8,464.0
SHL,12/15/2019,191.0,191.0,185.0,186.0,-2.62,5509.0,559.8,464.0
SHL,12/16/2019,186.0,189.0,185.0,185.0,-0.54,6234.0,559.8,464.0
SHL,12/17/2019,184.0,185.0,183.0,183.0,-1.08,4700.0,559.8,464.0
SHL,12/18/2019,186.0,186.0,177.0,177.0,-3.28,12782.0,559.8,464.0
SHL,12/19/2019,175.0,189.0,175.0,180.0,1.69,3495.0,559.8,464.0
SHL,12/22/2019,180.0,185.0,180.0,185.0,2.78,5579.0,559.8,464.0
SHL,12/23/2019,185.0,191.0,182.0,188.0,1.62,10874.0,559.8,464.0
SHL,12/24/2019,188.0,188.0,183.0,185.0,-1.6,6265.0,559.8,464.0
SHL,12/25/2019,185.0,185.0,182.0,184.0,-0.54,1591.0,559.8,464.0
SHL,12/26/2019,186.0,186.0,182.0,182.0,-1.09,600.0,559.8,464.0
SHL,12/29/2019,185.0,185.0,181.0,182.0,0.0,1677.0,559.8,464.0
SHL,12/30/2019,180.0,183.0,180.0,183.0,0.55,3080.0,559.8,464.0
SHL,12/31/2019,186.0,190.0,183.0,186.0,1.64,8494.0,559.8,464.0
SHL,1/1/2020,189.0,204.0,189.0,204.0,9.68,97665.0,559.8,464.0
SHL,1/2/2020,208.0,211.0,196.0,197.0,-3.43,81793.0,559.8,464.0
SHL,1/5/2020,200.0,204.0,196.0,198.0,0.51,16442.0,559.8,464.0
SHL,1/6/2020,200.0,200.0,196.0,199.0,0.51,4199.0,559.8,464.0
SHL,1/7/2020,202.0,202.0,196.0,198.0,-0.5,8405.0,559.8,464.0
SHL,1/8/2020,200.0,201.0,196.0,197.0,-0.51,3910.0,559.8,464.0
SHL,1/9/2020,199.0,200.0,195.0,196.0,-0.51,6551.0,559.8,464.0
SHL,1/12/2020,197.0,206.0,197.0,203.0,3.57,25594.0,559.8,464.0
SHL,1/13/2020,207.0,208.0,203.0,204.0,0.49,30492.0,559.8,464.0
SHL,1/14/2020,201.0,205.0,201.0,204.0,0.0,7407.0,559.8,464.0
SHL,1/15/2020,208.0,208.0,202.0,203.0,-0.49,7771.0,559.8,464.0
SHL,1/16/2020,207.0,216.0,200.0,211.0,3.94,67736.0,559.8,464.0
SHL,1/19/2020,215.0,223.0,213.0,215.0,1.9,43579.0,559.8,464.0
SHL,1/20/2020,213.0,214.0,207.0,209.0,-2.79,13600.0,559.8,464.0
SHL,1/21/2020,206.0,212.0,206.0,209.0,0.0,6426.0,559.8,464.0
SHL,1/22/2020,205.0,208.0,205.0,206.0,-1.44,8236.0,559.8,464.0
SHL,1/23/2020,204.0,209.0,202.0,202.0,-1.94,11944.0,559.8,464.0
SHL,1/26/2020,200.0,208.0,197.0,197.0,-2.48,22910.0,559.8,464.0
SHL,1/27/2020,200.0,211.0,198.0,207.0,5.08,11450.0,559.8,464.0
SHL,1/28/2020,210.0,211.0,203.0,203.0,-1.93,3870.0,559.8,464.0
SHL,1/29/2020,207.0,207.0,202.0,205.0,0.99,5052.0,559.8,464.0
SHL,1/30/2020,203.0,212.0,203.0,207.0,0.98,23699.0,559.8,464.0
SHL,2/2/2020,211.0,211.0,206.0,208.0,0.48,17846.0,559.8,464.0
SHL,2/3/2020,206.0,208.0,205.0,206.0,-0.96,7917.0,559.8,464.0
SHL,2/4/2020,206.0,208.0,198.0,198.0,-3.88,24667.0,559.8,464.0
SHL,2/5/2020,200.0,206.0,200.0,204.0,3.03,12874.0,559.8,464.0
SHL,2/6/2020,205.0,209.0,200.0,201.0,-1.47,16626.0,559.8,464.0
SHL,2/9/2020,197.0,200.0,194.0,196.0,-2.49,38460.0,559.8,464.0
SHL,2/10/2020,197.0,200.0,195.0,198.0,1.02,17241.0,559.8,464.0
SHL,2/11/2020,198.0,201.0,196.0,197.0,-0.51,18505.0,559.8,464.0
SHL,2/12/2020,200.0,200.0,195.0,196.0,-0.51,9197.0,559.8,464.0
SHL,2/13/2020,198.0,198.0,193.0,193.0,-1.53,23767.0,559.8,464.0
SHL,2/16/2020,195.0,195.0,192.0,194.0,0.52,17099.0,559.8,464.0
SHL,2/17/2020,195.0,200.0,192.0,198.0,2.06,29986.0,559.8,464.0
SHL,2/18/2020,195.0,198.0,193.0,193.0,-2.53,14750.0,559.8,464.0
SHL,2/19/2020,192.0,195.0,190.0,193.0,0.0,10926.0,559.8,464.0
SHL,2/20/2020,194.0,207.0,192.0,195.0,1.04,32381.0,559.8,464.0
SHL,2/23/2020,198.0,205.0,195.0,200.0,2.56,36392.0,559.8,464.0
SHL,2/24/2020,204.0,204.0,196.0,198.0,-1.0,20392.0,559.8,464.0
SHL,2/25/2020,198.0,202.0,195.0,197.0,-0.51,24423.0,559.8,464.0
SHL,2/26/2020,200.0,210.0,200.0,204.0,3.55,66705.0,559.8,464.0
SHL,2/27/2020,205.0,206.0,200.0,201.0,-1.47,24279.0,559.8,464.0
SHL,3/1/2020,198.0,200.0,196.0,196.0,-2.49,32853.0,559.8,464.0
SHL,3/2/2020,194.0,194.0,188.0,188.0,-4.08,26010.0,559.8,464.0
SHL,3/3/2020,185.0,193.0,182.0,189.0,0.53,42058.0,559.8,464.0
SHL,3/4/2020,186.0,189.0,180.0,180.0,-4.76,20566.0,559.8,464.0
SHL,3/5/2020,177.0,184.0,174.0,179.0,-0.56,26188.0,559.8,464.0
SHL,3/10/2020,176.0,176.0,166.0,166.0,-7.26,5564.0,559.8,464.0
SHL,3/11/2020,169.0,181.0,169.0,177.0,6.63,18460.0,559.8,464.0
SHL,3/12/2020,178.0,178.0,167.0,167.0,-5.65,27303.0,559.8,464.0
SHL,3/15/2020,165.0,167.0,162.0,165.0,-1.2,16950.0,559.8,464.0
SHL,3/16/2020,168.0,171.0,164.0,164.0,-0.61,15177.0,559.8,464.0
SHL,3/17/2020,164.0,165.0,159.0,159.0,-3.05,18671.0,559.8,464.0
SHL,3/18/2020,158.0,162.0,155.0,158.0,-0.63,9543.0,559.8,464.0
SHL,3/19/2020,155.0,164.0,152.0,158.0,0.0,8458.0,559.8,464.0
SHL,3/22/2020,161.0,169.0,161.0,166.0,5.06,600.0,559.8,464.0
SHL,6/29/2020,163.0,163.0,163.0,163.0,-1.81,100.0,559.8,464.0
SHL,6/30/2020,160.0,160.0,160.0,160.0,-1.84,100.0,559.8,464.0
SHL,7/2/2020,157.0,157.0,144.0,144.0,-10.0,5075.0,559.8,464.0
SHL,7/5/2020,142.0,146.0,138.0,145.0,0.69,18212.0,559.8,464.0
SHL,7/6/2020,143.0,153.0,139.0,152.0,4.83,25672.0,559.8,464.0
SHL,7/7/2020,152.0,167.0,152.0,167.0,9.87,24911.0,559.8,464.0
SHL,7/8/2020,170.0,173.0,158.0,161.0,-3.59,16588.0,559.8,464.0
SHL,7/9/2020,158.0,170.0,158.0,163.0,1.24,16245.0,559.8,464.0
SHL,7/12/2020,160.0,160.0,154.0,155.0,-4.91,11591.0,559.8,464.0
SHL,7/13/2020,156.0,160.0,155.0,155.0,0.0,1979.0,559.8,464.0
SHL,7/14/2020,158.0,161.0,157.0,161.0,3.87,3557.0,559.8,464.0
SHL,7/15/2020,158.0,160.0,153.0,154.0,-4.35,10927.0,559.8,464.0
SHL,7/16/2020,157.0,159.0,154.0,159.0,3.25,10978.0,559.8,464.0
SHL,7/20/2020,159.0,160.0,148.0,148.0,-6.92,22266.0,559.8,464.0
SHL,7/21/2020,150.0,162.0,148.0,158.0,6.76,46662.0,559.8,464.0
SHL,7/22/2020,161.0,173.0,161.0,173.0,9.49,59357.0,559.8,464.0
SHL,7/23/2020,176.0,180.0,167.0,173.0,0.0,48952.0,559.8,464.0
SHL,7/26/2020,175.0,176.0,167.0,169.0,-2.31,46691.0,559.8,464.0
SHL,7/27/2020,170.0,172.0,166.0,169.0,0.0,24171.0,559.8,464.0
SHL,7/28/2020,167.0,171.0,164.0,170.0,0.59,6287.0,559.8,464.0
SHL,7/29/2020,167.0,170.0,163.0,164.0,-3.53,16534.0,559.8,464.0
SHL,7/30/2020,164.0,166.0,162.0,164.0,0.0,7650.0,559.8,464.0
SHL,8/2/2020,164.0,164.0,158.0,158.0,-3.66,14344.0,559.8,464.0
SHL,8/3/2020,158.0,161.0,156.0,160.0,1.27,5523.0,559.8,464.0
SHL,8/5/2020,157.0,157.0,154.0,154.0,-3.75,14840.0,559.8,464.0
SHL,8/6/2020,154.0,159.0,152.0,159.0,3.25,10069.0,559.8,464.0
SHL,8/9/2020,156.0,157.0,151.0,155.0,-2.52,9358.0,559.8,464.0
SHL,8/10/2020,153.0,167.0,153.0,161.0,3.87,14486.0,559.8,464.0
SHL,8/11/2020,164.0,167.0,156.0,156.0,-3.11,10916.0,559.8,464.0
SHL,8/12/2020,157.0,160.0,155.0,155.0,-0.64,10308.0,559.8,464.0
SHL,8/13/2020,157.0,160.0,155.0,156.0,0.65,27667.0,559.8,464.0
SHL,8/16/2020,153.0,156.0,152.0,156.0,0.0,17907.0,559.8,464.0
SHL,8/17/2020,154.0,158.0,151.0,158.0,1.28,210896.0,559.8,464.0
SHL,8/18/2020,161.0,161.0,155.0,157.0,-0.63,4959.0,559.8,464.0
SHL,8/19/2020,154.0,160.0,154.0,157.0,0.0,9780.0,559.8,464.0
SHL,8/20/2020,156.0,158.0,156.0,156.0,-0.64,2900.0,559.8,464.0
SHL,8/23/2020,159.0,159.0,155.0,157.0,0.64,2473.0,559.8,464.0
SHL,8/24/2020,158.0,159.0,156.0,157.0,0.0,15000.0,559.8,464.0
SHL,8/25/2020,160.0,160.0,155.0,159.0,1.27,24657.0,559.8,464.0
SHL,8/26/2020,156.0,160.0,153.0,159.0,0.0,16070.0,559.8,464.0
SHL,8/27/2020,156.0,159.0,153.0,157.0,-1.26,11753.0,559.8,464.0
SHL,8/30/2020,157.0,157.0,154.0,157.0,0.0,7064.0,559.8,464.0
SHL,8/31/2020,159.0,163.0,157.0,158.0,0.64,14047.0,559.8,464.0
SHL,9/2/2020,160.0,162.0,157.0,157.0,-0.63,39242.0,559.8,464.0
SHL,9/3/2020,160.0,163.0,157.0,161.0,2.55,28836.0,559.8,464.0
SHL,9/6/2020,162.0,165.0,158.0,158.0,-1.86,17505.0,559.8,464.0
SHL,9/7/2020,157.0,159.0,156.0,158.0,0.0,11245.0,559.8,464.0
SHL,9/8/2020,157.0,159.0,155.0,157.0,-0.63,21854.0,559.8,464.0
SHL,9/9/2020,158.0,159.0,156.0,159.0,1.27,11884.0,559.8,464.0
SHL,9/10/2020,162.0,162.0,157.0,159.0,0.0,10031.0,559.8,464.0
SHL,9/13/2020,158.0,165.0,155.0,164.0,3.14,28611.0,559.8,464.0
SHL,9/14/2020,167.0,168.0,161.0,163.0,-0.61,29245.0,559.8,464.0
SHL,9/15/2020,165.0,166.0,161.0,164.0,0.61,23066.0,559.8,464.0
SHL,9/16/2020,170.0,180.0,165.0,180.0,9.76,114858.0,559.8,464.0
SHL,9/17/2020,189.0,198.0,189.0,198.0,10.0,246185.0,559.8,464.0
SHL,9/20/2020,207.0,211.0,182.0,190.0,-4.04,99387.0,559.8,464.0
SHL,9/21/2020,190.0,195.0,179.0,186.0,-2.11,33110.0,559.8,464.0
SHL,9/22/2020,186.0,186.0,180.0,184.0,-1.08,40413.0,559.8,464.0
SHL,9/23/2020,182.0,183.0,177.0,181.0,-1.63,59038.0,559.8,464.0
SHL,9/24/2020,183.0,188.0,182.0,183.0,1.1,23338.0,559.8,464.0
SHL,9/27/2020,183.0,196.0,183.0,190.0,3.83,8495438.0,559.8,464.0
SHL,9/28/2020,189.0,194.0,186.0,187.0,-1.58,24910.0,559.8,464.0
SHL,9/29/2020,190.0,190.0,185.0,186.0,-0.53,18208.0,559.8,464.0
SHL,9/30/2020,189.0,189.0,182.0,184.0,-1.08,15650.0,559.8,464.0
SHL,10/1/2020,185.0,191.0,184.0,185.0,0.54,32732.0,559.8,464.0
SHL,10/4/2020,186.0,190.0,182.0,182.0,-1.62,62005.0,559.8,464.0
SHL,10/5/2020,186.0,188.0,184.0,186.0,2.2,22447.0,559.8,464.0
SHL,10/6/2020,185.0,188.0,185.0,187.0,0.54,21573.0,559.8,464.0
SHL,10/7/2020,187.0,197.0,184.0,195.0,4.28,63991.0,559.8,464.0
SHL,10/8/2020,197.0,198.0,188.0,190.0,-2.56,51864.0,559.8,464.0
SHL,10/11/2020,189.0,190.0,185.0,186.0,-2.11,21659.0,559.8,464.0
SHL,10/12/2020,185.0,188.0,182.0,187.0,0.54,25712.0,559.8,464.0
SHL,10/13/2020,190.0,190.0,186.0,186.0,-0.53,14556.0,559.8,464.0
SHL,10/14/2020,183.0,188.0,183.0,187.0,0.54,4167.0,559.8,464.0
SHL,10/15/2020,185.0,187.0,183.0,185.0,-1.07,16889.0,559.8,464.0
SHL,10/18/2020,183.0,185.0,179.0,184.0,-0.54,9026.0,559.8,464.0
SHL,10/19/2020,182.0,188.0,182.0,186.0,1.09,5823.0,559.8,464.0
SHL,10/20/2020,189.0,189.0,185.0,188.0,1.08,12215.0,559.8,464.0
SHL,10/21/2020,186.0,187.0,185.0,186.0,-1.06,6210.0,559.8,464.0
SHL,10/22/2020,186.0,190.0,185.0,185.0,-0.54,16028.0,559.8,464.0
SHL,10/28/2020,187.0,189.0,184.0,189.0,2.16,18603.0,559.8,464.0
SHL,10/29/2020,190.0,190.0,185.0,186.0,-1.59,14958.0,559.8,464.0
SHL,11/1/2020,189.0,189.0,183.0,184.0,-1.08,14632.0,559.8,464.0
SHL,11/2/2020,186.0,188.0,185.0,186.0,1.09,16388.0,559.8,464.0
SHL,11/3/2020,189.0,189.0,185.0,186.0,0.0,9458.0,559.8,464.0
SHL,11/4/2020,183.0,189.0,183.0,187.0,0.54,14796.0,559.8,464.0
SHL,11/5/2020,187.0,187.0,185.0,187.0,0.0,40581.0,559.8,464.0
SHL,11/8/2020,185.0,192.0,184.0,191.0,2.14,31478.0,559.8,464.0
SHL,11/9/2020,194.0,195.0,186.0,190.0,-0.52,34531.0,559.8,464.0
SHL,11/10/2020,192.0,201.0,190.0,199.0,4.74,84510.0,559.8,464.0
SHL,11/11/2020,202.0,206.0,194.0,203.0,2.01,59310.0,559.8,464.0
SHL,11/12/2020,200.0,204.0,197.0,201.0,-0.99,49341.0,559.8,464.0
SHL,11/18/2020,198.0,204.0,192.0,202.0,0.5,59816.0,559.8,464.0
SHL,11/19/2020,198.0,222.0,198.0,222.0,9.9,315097.0,559.8,464.0
SHL,11/22/2020,230.0,232.0,209.0,210.0,-5.41,106454.0,559.8,464.0
SHL,11/23/2020,214.0,224.0,210.0,219.0,4.29,140209.0,559.8,464.0
SHL,11/24/2020,219.0,220.0,211.0,212.0,-3.2,53363.0,559.8,464.0
SHL,11/25/2020,215.0,223.0,208.0,214.0,0.94,79296.0,559.8,464.0
SHL,11/26/2020,216.0,216.0,208.0,209.0,-2.34,72941.0,559.8,464.0
SHL,11/29/2020,208.0,212.0,205.0,209.0,0.0,78993.0,559.8,464.0
SHL,11/30/2020,212.0,214.0,204.0,210.0,0.48,78431.0,559.8,464.0
SHL,12/1/2020,214.0,214.0,203.0,207.0,-1.43,75730.0,559.8,464.0
SHL,12/2/2020,211.0,220.0,210.0,213.0,2.9,96304.0,559.8,464.0
SHL,12/3/2020,217.0,217.0,209.0,210.0,-1.41,28937.0,559.8,464.0
SHL,12/6/2020,220.0,220.0,203.0,203.0,-3.33,64407.0,559.8,464.0
SHL,12/7/2020,207.0,210.0,201.0,207.0,1.97,32040.0,559.8,464.0
SHL,12/8/2020,209.0,216.0,206.0,208.0,0.48,26188.0,559.8,464.0
SHL,12/9/2020,208.0,208.0,200.0,201.0,-3.37,82224.0,559.8,464.0
SHL,12/10/2020,204.0,210.0,200.0,205.0,1.99,29396.0,559.8,464.0
SHL,12/13/2020,205.0,208.0,203.0,203.0,-0.98,17558.0,559.8,464.0
SHL,12/14/2020,207.0,213.0,203.0,208.0,2.46,37689.0,559.8,464.0
SHL,12/15/2020,208.0,208.0,204.0,205.0,-1.44,22377.0,559.8,464.0
SHL,12/16/2020,202.0,210.0,202.0,206.0,0.49,31113.0,559.8,464.0
SHL,12/17/2020,204.0,207.0,203.0,204.0,-0.97,11063.0,559.8,464.0
SHL,12/20/2020,204.0,204.0,196.0,197.0,-3.43,50965.0,559.8,464.0
SHL,12/21/2020,196.0,200.0,186.0,194.0,-1.52,42444.0,559.8,464.0
SHL,12/22/2020,197.0,199.0,193.0,195.0,0.52,28672.0,559.8,464.0
SHL,12/23/2020,192.0,195.0,192.0,194.0,-0.51,17320.0,559.8,464.0
SHL,12/24/2020,191.0,208.0,188.0,205.0,5.67,95322.0,559.8,464.0
SHL,12/27/2020,206.0,209.0,193.0,194.0,-5.37,32796.0,559.8,464.0
SHL,12/28/2020,192.0,195.0,192.0,194.0,0.0,14217.0,559.8,464.0
SHL,12/29/2020,192.0,197.0,190.0,194.0,0.0,27455.0,559.8,464.0
SHL,12/30/2020,196.0,196.0,191.0,192.0,-1.03,6640.0,559.8,464.0
SHL,12/31/2020,193.0,194.0,191.0,191.0,-0.52,26984.0,559.8,464.0
SHL,1/3/2021,191.0,196.0,191.0,195.0,2.09,14722.0,559.8,464.0
SHL,1/4/2021,203.0,203.0,193.0,196.0,0.51,7271.0,559.8,464.0
SHL,1/5/2021,195.0,195.0,192.0,192.0,-2.04,19767.0,559.8,464.0
SHL,1/6/2021,195.0,197.0,192.0,192.0,0.0,12395.0,559.8,464.0
SHL,1/7/2021,195.0,198.0,192.0,194.0,1.04,12228.0,559.8,464.0
SHL,1/10/2021,197.0,197.0,193.0,195.0,0.52,22973.0,559.8,464.0
SHL,1/11/2021,195.0,199.0,194.0,195.0,0.0,17257.0,559.8,464.0
SHL,1/12/2021,196.0,199.0,195.0,197.0,1.03,14896.0,559.8,464.0
SHL,1/13/2021,200.0,200.0,197.0,197.0,0.0,18446.0,559.8,464.0
SHL,1/17/2021,200.0,200.0,196.0,198.0,0.51,39633.0,559.8,464.0
SHL,1/18/2021,195.0,217.0,195.0,210.0,6.06,125467.0,559.8,464.0
SHL,1/19/2021,206.0,216.0,204.0,208.0,-0.95,54094.0,559.8,464.0
SHL,1/20/2021,204.0,212.0,200.0,205.0,-1.44,33457.0,559.8,464.0
SHL,1/21/2021,201.0,213.0,201.0,207.0,0.98,41326.0,559.8,464.0
SHL,1/24/2021,208.0,211.0,207.0,210.0,1.45,71280.0,559.8,464.0
SHL,1/25/2021,208.0,209.0,204.0,206.0,-1.9,28885.0,559.8,464.0
SHL,1/26/2021,206.0,209.0,202.0,209.0,1.46,38160.0,559.8,464.0
SHL,1/27/2021,213.0,213.0,205.0,207.0,-0.96,41271.0,559.8,464.0
SHL,1/28/2021,207.0,207.0,202.0,204.0,-1.45,27326.0,559.8,464.0
SHL,1/31/2021,208.0,211.0,199.0,202.0,-0.98,40290.0,559.8,464.0
SHL,2/1/2021,195.0,222.0,195.0,222.0,9.9,314705.0,559.8,464.0
SHL,2/2/2021,228.0,228.0,214.0,216.0,-2.7,117676.0,559.8,464.0
SHL,2/3/2021,220.0,220.0,211.0,212.0,-1.85,38219.0,559.8,464.0
SHL,2/4/2021,202.0,217.0,202.0,208.0,-1.89,80077.0,559.8,464.0
SHL,2/7/2021,212.0,216.0,208.0,210.0,0.96,47852.0,559.8,464.0
SHL,2/8/2021,220.0,220.0,210.0,214.0,1.9,41084.0,559.8,464.0
SHL,2/9/2021,215.0,215.0,210.0,210.0,-1.87,37661.0,559.8,464.0
SHL,2/10/2021,208.0,218.0,208.0,214.0,1.9,51528.0,559.8,464.0
SHL,2/11/2021,214.0,216.0,210.0,210.0,-1.87,27291.0,559.8,464.0
SHL,2/14/2021,208.0,210.0,206.0,208.0,-0.95,44437.0,559.8,464.0
SHL,2/15/2021,210.0,213.0,209.0,210.0,0.96,25270.0,559.8,464.0
SHL,2/16/2021,210.0,214.0,206.0,210.0,0.0,38957.0,559.8,464.0
SHL,2/17/2021,210.0,213.0,207.0,209.0,-0.48,12893.0,559.8,464.0
SHL,2/18/2021,211.0,211.0,207.0,208.0,-0.48,50352.0,559.8,464.0
SHL,2/21/2021,210.0,212.0,207.0,210.0,0.96,33408.0,559.8,464.0
SHL,2/22/2021,210.0,212.0,207.0,209.0,-0.48,25246.0,559.8,464.0
SHL,2/23/2021,209.0,216.0,205.0,206.0,-1.44,28364.0,559.8,464.0
SHL,2/24/2021,210.0,215.0,208.0,211.0,2.43,45754.0,559.8,464.0
SHL,2/25/2021,215.0,215.0,207.0,208.0,-1.42,26718.0,559.8,464.0
SHL,2/28/2021,204.0,210.0,204.0,206.0,-0.96,24618.0,559.8,464.0
SHL,3/1/2021,204.0,209.0,202.0,206.0,0.0,23040.0,559.8,464.0
SHL,3/2/2021,209.0,210.0,204.0,204.0,-0.97,24412.0,559.8,464.0
SHL,3/3/2021,205.0,205.0,201.0,204.0,0.0,20016.0,559.8,464.0
SHL,3/4/2021,204.0,207.0,201.0,201.0,-1.47,28940.0,559.8,464.0
SHL,3/7/2021,202.0,206.0,202.0,205.0,1.99,22162.0,559.8,464.0
SHL,3/9/2021,207.0,208.0,204.0,206.0,0.49,7026.0,559.8,464.0
SHL,3/10/2021,205.0,206.0,203.0,203.0,-1.46,17530.0,559.8,464.0
SHL,3/14/2021,200.0,204.0,200.0,201.0,-0.99,13963.0,559.8,464.0
SHL,3/15/2021,205.0,205.0,201.0,203.0,1.0,11702.0,559.8,464.0
SHL,3/16/2021,200.0,204.0,200.0,201.0,-0.99,11169.0,559.8,464.0
SHL,3/17/2021,198.0,203.0,197.0,202.0,0.5,6380.0,559.8,464.0
SHL,3/18/2021,202.0,204.0,201.0,203.0,0.5,9948.0,559.8,464.0
SHL,3/21/2021,204.0,209.0,200.0,207.0,1.97,53264.0,559.8,464.0
SHL,3/22/2021,208.0,208.0,202.0,203.0,-1.93,12544.0,559.8,464.0
SHL,3/23/2021,205.0,205.0,201.0,203.0,0.0,26723.0,559.8,464.0
SHL,3/24/2021,205.0,216.0,200.0,204.0,0.49,49073.0,559.8,464.0
SHL,3/25/2021,205.0,205.0,200.0,202.0,-0.98,71390.0,559.8,464.0
SHL,3/29/2021,202.0,204.0,200.0,202.0,0.0,17921.0,559.8,464.0
SHL,3/30/2021,202.0,203.0,201.0,202.0,0.0,7780.0,559.8,464.0
SHL,3/31/2021,202.0,203.0,201.0,202.0,0.0,17325.0,559.8,464.0
SHL,4/1/2021,196.0,203.0,196.0,200.0,-0.99,46873.0,559.8,464.0
SHL,4/4/2021,200.0,203.0,200.0,202.0,1.0,31883.0,559.8,464.0
SHL,4/5/2021,200.0,203.0,200.0,202.0,0.0,17058.0,559.8,464.0
SHL,4/6/2021,202.0,202.0,200.0,202.0,0.0,15035.0,559.8,464.0
SHL,4/7/2021,200.0,203.0,200.0,202.0,0.0,27181.0,559.8,464.0
SHL,4/8/2021,202.0,202.0,200.0,200.0,-0.99,16940.0,559.8,464.0
SHL,4/12/2021,200.0,201.0,199.0,200.0,0.0,27766.0,559.8,464.0
SHL,4/13/2021,199.0,202.0,199.0,200.0,0.0,19026.0,559.8,464.0
SHL,4/15/2021,196.0,204.0,196.0,201.0,0.5,14735.0,559.8,464.0
SHL,4/18/2021,201.0,201.0,198.0,200.0,-0.5,34852.0,559.8,464.0
SHL,4/19/2021,199.0,199.0,197.0,197.0,-1.5,25650.0,559.8,464.0
SHL,4/20/2021,196.0,199.0,194.0,196.0,-0.51,28088.0,559.8,464.0
SHL,4/21/2021,196.0,199.0,194.0,196.0,0.0,42413.0,559.8,464.0
SHL,4/22/2021,195.0,196.0,192.0,193.0,-1.53,23264.0,559.8,464.0
SHL,4/25/2021,191.0,193.0,189.0,189.0,-2.07,37100.0,559.8,464.0
SHL,4/26/2021,192.0,192.0,183.0,183.0,-3.17,27057.0,559.8,464.0
SHL,4/27/2021,185.0,187.0,183.0,185.0,1.09,17538.0,559.8,464.0
SHL,4/28/2021,188.0,188.0,184.0,186.0,0.54,6906.0,559.8,464.0
SHL,4/29/2021,187.0,189.0,185.0,185.0,-0.54,12764.0,559.8,464.0
SHL,5/2/2021,184.0,191.0,183.0,189.0,2.16,13370.0,559.8,464.0
SHL,5/3/2021,188.0,194.0,185.0,190.0,0.53,31108.0,559.8,464.0
SHL,5/4/2021,190.0,190.0,188.0,189.0,-0.53,7174.0,559.8,464.0
SHL,5/5/2021,186.0,189.0,186.0,188.0,-0.53,10696.0,559.8,464.0
SHL,5/6/2021,184.0,189.0,182.0,186.0,-1.06,19743.0,559.8,464.0
SHL,5/9/2021,184.0,186.0,182.0,185.0,-0.54,24284.0,559.8,464.0
SHL,5/10/2021,188.0,188.0,183.0,185.0,0.0,8571.0,559.8,464.0
SHL,5/11/2021,184.0,190.0,184.0,187.0,1.08,12880.0,559.8,464.0
SHL,5/12/2021,188.0,190.0,185.0,187.0,0.0,5525.0,559.8,464.0
SHL,5/13/2021,190.0,190.0,185.0,189.0,1.07,16864.0,559.8,464.0
SHL,5/16/2021,187.0,194.0,186.0,191.0,1.06,34189.0,559.8,464.0
SHL,5/17/2021,191.0,193.0,188.0,190.0,-0.52,24004.0,559.8,464.0
SHL,5/18/2021,187.0,209.0,187.0,209.0,10.0,231007.0,559.8,464.0
SHL,5/19/2021,219.0,229.0,208.0,215.0,2.87,442020.0,559.8,464.0
SHL,5/20/2021,215.0,223.0,212.0,219.0,1.86,142158.0,559.8,464.0
SHL,5/23/2021,209.0,221.0,206.0,215.0,-1.83,106646.0,559.8,464.0
SHL,5/24/2021,215.0,219.0,212.0,213.0,-0.93,79715.0,559.8,464.0
SHL,5/25/2021,217.0,217.0,210.0,211.0,-0.94,51902.0,559.8,464.0
SHL,5/27/2021,207.0,217.0,206.0,212.0,0.47,90794.0,559.8,464.0
SHL,5/30/2021,216.0,233.0,216.0,233.0,9.91,532669.0,559.8,464.0
SHL,5/31/2021,244.0,256.0,239.0,240.0,3.0,282754.0,559.8,464.0
SHL,6/1/2021,242.0,243.0,232.0,232.0,-3.33,96760.0,559.8,464.0
SHL,6/2/2021,232.0,237.0,226.0,237.0,2.16,107577.0,559.8,464.0
SHL,6/3/2021,238.0,249.0,238.0,244.0,2.95,221161.0,559.8,464.0
SHL,6/6/2021,245.0,250.0,238.0,241.0,-1.23,177488.0,559.8,464.0
SHL,6/7/2021,243.0,245.0,240.0,240.0,-0.41,67073.0,559.8,464.0
SHL,6/8/2021,244.0,244.0,238.0,240.0,0.0,95433.0,559.8,464.0
SHL,6/9/2021,240.0,249.0,240.0,244.0,1.67,110174.0,559.8,464.0
SHL,6/10/2021,256.0,256.0,241.0,242.0,-0.82,95055.0,559.8,464.0
SHL,6/13/2021,254.0,266.0,245.0,266.0,9.92,178288.0,559.8,464.0
SHL,6/14/2021,279.0,292.0,279.0,292.0,9.77,68961.0,559.8,464.0
SHL,6/15/2021,306.0,321.0,292.0,300.0,2.74,543079.0,559.8,464.0
SHL,6/16/2021,285.0,298.0,272.0,273.0,-9.0,411881.0,559.8,464.0
SHL,6/17/2021,271.0,294.0,269.0,287.0,5.13,212860.0,559.8,464.0
SHL,6/20/2021,290.0,299.0,268.0,276.0,-3.83,182988.0,559.8,464.0
SHL,6/21/2021,279.0,280.0,260.0,260.0,-5.8,163796.0,559.8,464.0
SHL,6/22/2021,260.0,281.0,260.0,274.0,5.38,165097.0,559.8,464.0
SHL,6/23/2021,287.0,287.0,266.0,268.0,-2.19,85623.0,559.8,464.0
SHL,6/24/2021,271.0,279.0,265.0,271.0,1.12,102293.0,559.8,464.0
SHL,6/27/2021,276.0,276.0,265.0,267.0,-1.48,102254.0,559.8,464.0
SHL,6/28/2021,265.0,279.0,262.0,267.0,0.0,76760.0,559.8,464.0
SHL,6/29/2021,267.0,277.0,262.0,265.0,-0.75,72233.0,559.8,464.0
SHL,6/30/2021,270.0,270.0,251.0,258.0,-2.64,71496.0,559.8,464.0
SHL,7/1/2021,263.0,282.0,263.0,275.0,6.59,150679.0,559.8,464.0
SHL,7/4/2021,280.0,289.0,277.0,277.0,0.73,178055.0,559.8,464.0
SHL,7/5/2021,280.0,280.0,267.0,271.0,-2.17,50847.0,559.8,464.0
SHL,7/6/2021,284.0,284.0,265.0,266.0,-1.85,23222.0,559.8,464.0
SHL,7/7/2021,268.0,270.0,256.0,259.0,-2.63,77363.0,559.8,464.0
SHL,7/8/2021,263.0,266.0,253.0,261.0,0.77,75321.0,559.8,464.0
SHL,7/11/2021,266.0,274.0,263.0,274.0,4.98,64966.0,559.8,464.0
SHL,7/12/2021,276.0,278.0,263.0,265.0,-3.28,68440.0,559.8,464.0
SHL,7/13/2021,270.0,272.0,257.0,268.0,1.13,28331.0,559.8,464.0
SHL,7/14/2021,281.0,281.0,260.0,268.0,0.0,46847.0,559.8,464.0
SHL,7/15/2021,270.0,275.0,262.0,262.0,-2.24,91471.0,559.8,464.0
SHL,7/18/2021,267.2,277.0,267.2,270.0,3.05,63289.0,559.8,464.0
SHL,7/19/2021,275.0,276.0,265.0,267.0,-1.11,65265.0,559.8,464.0
SHL,7/20/2021,272.0,276.0,266.6,272.0,1.87,88067.0,559.8,464.0
SHL,7/22/2021,272.0,274.0,268.0,268.5,-1.29,78080.0,559.8,464.0
SHL,7/25/2021,273.0,273.0,266.5,270.0,0.56,94859.0,559.8,464.0
SHL,7/26/2021,271.2,274.9,268.0,272.3,0.85,184102.0,559.8,464.0
SHL,7/27/2021,275.0,276.0,270.0,273.0,0.26,83476.0,559.8,464.0
SHL,7/28/2021,276.0,300.3,276.0,295.0,8.06,510002.0,559.8,464.0
SHL,7/29/2021,300.0,312.0,283.3,290.0,-1.69,232486.0,559.8,464.0
SHL,8/1/2021,295.0,295.0,280.4,287.0,-1.03,143400.0,559.8,464.0
SHL,8/2/2021,290.0,290.0,282.0,286.8,-0.07,98269.0,559.8,464.0
SHL,8/3/2021,286.0,290.2,282.0,286.0,-0.28,65628.0,559.8,464.0
SHL,8/4/2021,290.0,292.0,285.0,292.0,2.1,128084.0,559.8,464.0
SHL,8/5/2021,296.7,296.7,285.0,288.0,-1.37,138589.0,559.8,464.0
SHL,8/8/2021,288.0,293.0,282.0,283.9,-1.42,62373.0,559.8,464.0
SHL,8/9/2021,286.0,289.3,279.8,284.0,0.04,64616.0,559.8,464.0
SHL,8/10/2021,288.9,294.0,281.0,285.0,0.35,118648.0,559.8,464.0
SHL,8/11/2021,285.0,297.0,285.0,295.0,3.51,287797.0,559.8,464.0
SHL,8/12/2021,299.9,304.0,295.0,296.2,0.41,310073.0,559.8,464.0
SHL,8/15/2021,296.0,300.9,284.5,289.0,-2.43,137402.0,559.8,464.0
SHL,8/16/2021,290.0,292.0,281.3,286.0,-1.04,63150.0,559.8,464.0
SHL,8/17/2021,282.0,285.0,277.0,281.0,-1.75,130859.0,559.8,464.0
SHL,8/18/2021,280.0,280.0,271.5,278.0,-1.07,133712.0,559.8,464.0
SHL,8/19/2021,280.0,283.0,275.0,275.0,-1.08,52137.0,559.8,464.0
SHL,8/24/2021,272.0,295.8,267.0,273.9,-0.4,72659.0,559.8,464.0
SHL,8/25/2021,273.9,279.9,268.0,269.0,-1.79,56325.0,559.8,464.0
SHL,8/26/2021,270.0,275.5,262.0,270.0,0.37,44907.0,559.8,464.0
SHL,8/29/2021,275.0,280.0,265.0,265.0,-1.85,56779.0,559.8,464.0
SHL,8/31/2021,265.0,269.1,260.6,261.9,-1.17,56186.0,559.8,464.0
SHL,9/1/2021,267.1,280.0,261.9,276.9,5.73,126710.0,559.8,464.0
SHL,9/2/2021,281.0,285.0,268.0,268.0,-3.21,88563.0,559.8,464.0
SHL,9/5/2021,265.0,268.0,245.9,253.0,-5.6,90243.0,559.8,464.0
SHL,9/6/2021,257.0,274.0,254.0,271.3,7.23,71120.0,559.8,464.0
SHL,9/7/2021,274.0,274.0,260.0,264.0,-2.69,30548.0,559.8,464.0
SHL,9/8/2021,269.0,269.0,258.0,260.0,-1.52,52042.0,559.8,464.0
SHL,9/9/2021,260.0,264.0,257.0,259.0,-0.38,60014.0,559.8,464.0
SHL,9/12/2021,263.0,265.5,257.0,262.0,1.16,42779.0,559.8,464.0
SHL,9/13/2021,267.0,277.0,261.0,263.0,0.38,39243.0,559.8,464.0
SHL,9/14/2021,267.0,268.1,259.0,264.0,0.38,31291.0,559.8,464.0
SHL,9/15/2021,269.0,269.0,258.0,260.0,-1.52,18616.0,559.8,464.0
SHL,9/16/2021,255.0,260.0,250.0,257.0,-1.15,58509.0,559.8,464.0
SHL,9/20/2021,260.0,263.0,240.1,241.0,-6.23,68811.0,559.8,464.0
SHL,9/21/2021,245.0,255.9,236.2,250.0,3.73,58329.0,559.8,464.0
SHL,9/22/2021,255.0,265.0,253.0,262.0,4.8,44516.0,559.8,464.0
SHL,9/23/2021,266.0,266.0,254.0,254.0,-3.05,40140.0,559.8,464.0
SHL,9/26/2021,259.0,259.0,245.3,247.0,-2.76,27068.0,559.8,464.0
SHL,9/27/2021,250.0,250.0,240.4,241.9,-2.06,30893.0,559.8,464.0
SHL,9/28/2021,241.0,251.6,235.2,239.0,-1.2,65295.0,559.8,464.0
SHL,9/29/2021,243.0,243.7,234.6,241.0,0.84,33275.0,559.8,464.0
SHL,9/30/2021,238.0,243.5,238.0,238.1,-1.2,19910.0,559.8,464.0
SHL,10/3/2021,234.2,237.9,227.2,227.5,-4.45,40601.0,559.8,464.0
SHL,10/4/2021,226.1,239.2,220.1,228.0,0.22,37890.0,559.8,464.0
SHL,10/5/2021,232.0,236.0,229.9,230.0,0.88,20440.0,559.8,464.0
SHL,10/6/2021,234.0,239.0,230.9,232.0,0.87,26310.0,559.8,464.0
SHL,10/10/2021,235.0,239.0,227.5,228.0,-1.72,26680.0,559.8,464.0
SHL,10/11/2021,225.0,228.6,221.5,225.0,-1.32,30788.0,559.8,464.0
SHL,10/17/2021,222.0,230.9,222.0,226.9,0.84,14981.0,559.8,464.0
SHL,10/18/2021,225.0,232.7,222.0,222.8,-1.81,24893.0,559.8,464.0
SHL,10/19/2021,219.0,221.5,213.1,217.0,-2.6,31952.0,559.8,464.0
SHL,10/20/2021,221.0,227.0,220.0,225.0,3.69,27963.0,559.8,464.0
SHL,10/21/2021,229.0,229.0,219.0,219.1,-2.62,21670.0,559.8,464.0
SHL,10/24/2021,220.0,224.0,219.0,223.0,1.78,20701.0,559.8,464.0
SHL,10/25/2021,223.0,231.0,221.0,230.0,3.14,26618.0,559.8,464.0
SHL,10/26/2021,234.5,252.7,234.5,248.0,7.83,74955.0,559.8,464.0
SHL,10/27/2021,250.0,252.9,238.0,243.5,-1.81,45216.0,559.8,464.0
SHL,10/28/2021,238.7,243.0,235.2,241.5,-0.82,28779.0,559.8,464.0
SHL,10/31/2021,245.0,250.0,241.1,246.0,1.86,54341.0,559.8,464.0
SHL,11/1/2021,244.0,247.0,240.0,243.0,-1.22,29041.0,559.8,464.0
SHL,11/2/2021,243.0,243.0,238.1,243.0,0.0,24297.0,559.8,464.0
SHL,11/3/2021,243.0,245.0,239.0,239.1,-1.6,32533.0,559.8,464.0
SHL,11/8/2021,243.8,248.0,238.0,240.0,0.38,15880.0,559.8,464.0
SHL,11/9/2021,237.0,239.0,231.2,232.0,-3.33,19628.0,559.8,464.0
SHL,11/11/2021,229.4,236.0,225.5,225.5,-2.8,25812.0,559.8,464.0
SHL,11/14/2021,228.0,234.6,225.6,225.6,0.04,23154.0,559.8,464.0
SHL,11/15/2021,226.0,235.0,226.0,231.5,2.62,20769.0,559.8,464.0
SHL,11/16/2021,232.0,245.0,230.0,239.9,3.63,68154.0,559.8,464.0
SHL,11/17/2021,243.0,244.0,236.0,240.0,0.04,63284.0,559.8,464.0
SHL,11/18/2021,236.0,243.5,236.0,240.0,0.0,35804.0,559.8,464.0
SHL,11/21/2021,242.7,243.0,234.1,234.4,-2.33,14806.0,559.8,464.0
SHL,11/22/2021,238.0,242.9,235.0,237.0,1.11,22672.0,559.8,464.0
SHL,11/23/2021,233.5,238.0,230.0,230.1,-2.91,16288.0,559.8,464.0
SHL,11/24/2021,228.0,232.0,226.1,230.0,-0.04,16450.0,559.8,464.0
SHL,11/25/2021,233.0,243.2,227.0,237.0,3.04,32391.0,559.8,464.0
SHL,11/28/2021,233.0,233.0,225.1,227.0,-4.22,43285.0,559.8,464.0
SHL,11/29/2021,227.0,232.0,224.5,225.0,-0.88,19398.0,559.8,464.0
SHL,11/30/2021,224.6,228.0,222.3,225.0,0.0,11492.0,559.8,464.0
SHL,12/1/2021,226.0,230.5,223.0,224.5,-0.22,15905.0,559.8,464.0
SHL,12/2/2021,225.0,225.0,217.0,217.1,-3.3,40918.0,559.8,464.0
SHL,12/5/2021,215.0,217.0,210.8,211.0,-2.81,26733.0,559.8,464.0
SHL,12/6/2021,208.0,217.0,202.0,214.0,1.42,33417.0,559.8,464.0
SHL,12/7/2021,218.0,221.9,211.0,211.0,-1.4,15454.0,559.8,464.0
SHL,12/8/2021,214.9,215.2,203.0,205.0,-2.84,27472.0,559.8,464.0
SHL,12/9/2021,208.7,209.0,201.0,206.0,0.49,28665.0,559.8,464.0
SHL,12/12/2021,205.1,207.0,198.4,198.4,-3.69,16534.0,559.8,464.0
SHL,12/13/2021,195.0,206.8,187.0,192.0,-3.23,52195.0,559.8,464.0
SHL,12/14/2021,195.8,206.0,195.8,206.0,7.29,17583.0,559.8,464.0
SHL,12/15/2021,210.0,214.2,203.3,203.5,-1.21,34844.0,559.8,464.0
SHL,12/16/2021,204.9,204.9,199.4,200.0,-1.72,20174.0,559.8,464.0
SHL,12/20/2021,200.1,204.0,198.0,198.0,-1.0,10088.0,559.8,464.0
SHL,12/21/2021,201.9,204.0,200.0,202.0,2.02,5946.0,559.8,464.0
SHL,12/22/2021,206.0,212.0,205.0,209.1,3.51,23747.0,559.8,464.0
SHL,12/23/2021,207.0,212.0,206.0,209.8,0.33,25613.0,559.8,464.0
SHL,12/26/2021,206.0,218.2,206.0,213.6,1.81,43254.0,559.8,464.0
SHL,12/27/2021,213.0,217.0,208.8,212.9,-0.33,30104.0,559.8,464.0
SHL,12/28/2021,212.9,212.9,206.0,206.2,-3.15,12464.0,559.8,464.0
SHL,12/29/2021,206.1,214.0,205.0,209.0,1.36,33123.0,559.8,464.0
SHL,1/2/2022,210.5,210.5,205.8,208.0,-0.48,18999.0,559.8,464.0
SHL,1/3/2022,209.0,213.0,208.0,211.0,1.44,17758.0,559.8,464.0
SHL,1/4/2022,210.0,215.3,208.0,214.0,1.42,36481.0,559.8,464.0
SHL,1/5/2022,214.0,217.0,208.8,210.3,-1.73,17351.0,559.8,464.0
SHL,1/6/2022,211.0,220.0,208.0,217.0,3.19,29617.0,559.8,464.0
SHL,1/9/2022,215.0,224.0,215.0,219.0,0.92,50239.0,559.8,464.0
SHL,1/10/2022,223.0,225.9,218.0,219.0,0.0,73474.0,559.8,464.0
SHL,1/11/2022,217.1,237.8,217.0,235.3,7.44,113978.0,559.8,464.0
SHL,1/12/2022,233.0,240.0,225.7,229.5,-2.46,50757.0,559.8,464.0
SHL,1/13/2022,230.0,232.0,224.5,230.0,0.22,31963.0,559.8,464.0
SHL,1/16/2022,234.0,239.0,231.0,232.0,0.87,57772.0,559.8,464.0
SHL,1/17/2022,231.1,235.0,229.1,232.0,0.0,28213.0,559.8,464.0
SHL,1/18/2022,230.1,245.0,229.0,239.9,3.41,141732.0,559.8,464.0
SHL,1/19/2022,240.0,240.0,230.8,231.2,-3.63,30408.0,559.8,464.0
SHL,1/20/2022,230.0,235.0,230.0,232.0,0.35,30832.0,559.8,464.0
SHL,1/23/2022,235.0,235.0,224.0,226.0,-2.59,31568.0,559.8,464.0
SHL,1/24/2022,223.1,227.0,217.6,218.9,-3.14,55895.0,559.8,464.0
SHL,1/25/2022,217.0,227.0,215.2,222.0,1.42,31022.0,559.8,464.0
SHL,1/26/2022,226.2,226.2,215.0,217.1,-2.21,26547.0,559.8,464.0
SHL,1/27/2022,216.9,220.0,216.0,217.0,-0.05,15214.0,559.8,464.0
SHL,1/30/2022,220.0,228.8,220.0,228.0,5.07,29973.0,559.8,464.0
SHL,1/31/2022,230.0,230.0,221.0,225.0,-1.32,13772.0,559.8,464.0
SHL,2/1/2022,225.0,231.0,221.5,226.1,0.49,22376.0,559.8,464.0
SHL,2/3/2022,226.1,228.0,223.2,224.0,-0.93,22385.0,559.8,464.0
SHL,2/6/2022,222.0,224.0,220.0,223.0,-0.45,24312.0,559.8,464.0
SHL,2/7/2022,219.3,226.9,219.0,223.9,0.4,61428.0,559.8,464.0
SHL,2/8/2022,228.0,237.4,223.0,223.0,-0.4,19982.0,559.8,464.0
SHL,2/9/2022,220.0,223.0,218.7,223.0,0.0,21852.0,559.8,464.0
SHL,2/10/2022,224.0,224.0,218.2,218.2,-2.15,17162.0,559.8,464.0
SHL,2/13/2022,214.0,215.0,209.8,210.0,-3.76,40020.0,559.8,464.0
SHL,2/14/2022,212.9,214.0,208.1,210.5,0.24,18574.0,559.8,464.0
SHL,2/15/2022,213.0,214.7,210.0,214.7,2.0,11726.0,559.8,464.0
SHL,2/16/2022,213.9,216.9,210.5,211.0,-1.72,23896.0,559.8,464.0
SHL,2/17/2022,212.0,213.6,210.1,212.0,0.47,10796.0,559.8,464.0
SHL,2/20/2022,207.8,210.0,205.0,208.0,-1.89,21795.0,559.8,464.0
SHL,2/21/2022,208.6,212.0,208.6,211.9,1.88,9968.0,559.8,464.0
SHL,2/22/2022,213.0,214.8,209.1,211.3,-0.28,13467.0,559.8,464.0
SHL,2/23/2022,213.0,213.7,209.0,209.0,-1.09,10883.0,559.8,464.0
SHL,2/24/2022,207.0,209.0,206.0,206.7,-1.1,22186.0,559.8,464.0
SHL,2/27/2022,210.0,210.0,204.5,207.0,0.15,27384.0,559.8,464.0
SHL,2/28/2022,210.0,212.9,205.0,205.0,-0.97,22520.0,559.8,464.0
SHL,3/2/2022,209.0,209.0,202.0,203.0,-0.98,14188.0,559.8,464.0
SHL,3/6/2022,202.1,207.0,202.0,203.0,0.0,17537.0,559.8,464.0
SHL,3/7/2022,206.9,208.9,204.0,204.0,0.49,16553.0,559.8,464.0
SHL,3/9/2022,206.0,206.0,200.0,202.0,-0.98,13545.0,559.8,464.0
SHL,3/10/2022,202.0,207.0,200.7,207.0,2.48,13640.0,559.8,464.0
SHL,3/13/2022,207.3,225.0,207.0,220.5,6.52,110103.0,559.8,464.0
SHL,3/14/2022,224.0,224.0,213.7,218.0,-1.13,11919.0,559.8,464.0
SHL,3/15/2022,222.0,239.7,217.0,232.2,6.51,144347.0,559.8,464.0
SHL,3/16/2022,227.6,250.0,225.0,242.0,4.22,273035.0,559.8,464.0
SHL,3/20/2022,242.0,243.0,230.0,236.0,-2.48,127801.0,559.8,464.0
SHL,3/21/2022,233.8,237.9,228.0,232.4,-1.53,57454.0,559.8,464.0
SHL,3/22/2022,235.0,238.3,229.4,236.0,1.55,42127.0,559.8,464.0
SHL,3/23/2022,238.0,240.0,233.0,235.1,-0.38,48415.0,559.8,464.0
SHL,3/24/2022,234.0,236.0,226.1,231.9,-1.36,35293.0,559.8,464.0
SHL,3/27/2022,227.4,230.0,223.1,224.0,-3.41,50463.0,559.8,464.0
SHL,3/28/2022,223.0,227.0,220.0,223.5,-0.22,35381.0,559.8,464.0
SHL,3/29/2022,227.0,233.0,225.0,226.5,1.34,28293.0,559.8,464.0
SHL,3/30/2022,230.9,234.8,226.3,234.5,3.53,28653.0,559.8,464.0
SHL,3/31/2022,236.9,237.0,227.2,228.0,-2.77,26758.0,559.8,464.0
SHL,4/3/2022,225.0,229.0,224.0,225.0,-1.32,18817.0,559.8,464.0
SHL,4/4/2022,227.0,229.0,223.0,224.6,-0.18,20419.0,559.8,464.0
SHL,4/5/2022,222.0,230.0,221.1,227.9,1.47,44152.0,559.8,464.0
SHL,4/6/2022,229.9,241.0,225.4,237.0,3.99,138035.0,559.8,464.0
SHL,4/7/2022,241.7,241.7,234.9,235.5,-0.63,45871.0,559.8,464.0
SHL,4/11/2022,238.0,239.0,227.6,228.0,-3.18,53171.0,559.8,464.0
SHL,4/12/2022,230.0,233.0,225.0,228.0,0.0,77700.0,559.8,464.0
SHL,4/13/2022,229.0,235.0,224.0,230.0,0.88,52948.0,559.8,464.0
SHL,4/17/2022,228.0,232.7,224.0,225.0,-2.17,39499.0,559.8,464.0
SHL,4/18/2022,225.0,226.8,221.5,222.0,-1.33,32816.0,559.8,464.0
SHL,4/19/2022,221.0,230.0,221.0,225.0,1.35,25230.0,559.8,464.0
SHL,4/20/2022,226.0,226.0,218.0,219.0,-2.67,44988.0,559.8,464.0
SHL,4/21/2022,219.0,224.4,215.0,220.0,0.46,37385.0,559.8,464.0
SHL,4/24/2022,217.1,232.0,217.1,227.0,3.18,38956.0,559.8,464.0
SHL,4/25/2022,227.0,231.0,225.1,228.8,0.79,36526.0,559.8,464.0
SHL,4/26/2022,228.0,230.0,225.5,228.0,-0.35,23146.0,559.8,464.0
SHL,4/27/2022,226.1,230.9,225.0,230.8,1.23,30045.0,559.8,464.0
SHL,4/28/2022,229.9,229.9,225.2,227.0,-1.65,20035.0,559.8,464.0
SHL,5/2/2022,223.0,224.0,218.1,218.7,-3.66,31021.0,559.8,464.0
SHL,5/4/2022,216.2,220.0,211.7,212.3,-2.93,39752.0,559.8,464.0
SHL,5/5/2022,210.0,215.0,209.0,212.0,-0.14,36948.0,559.8,464.0
SHL,5/8/2022,212.0,220.0,211.7,220.0,3.77,21117.0,559.8,464.0
SHL,5/9/2022,220.0,221.0,215.6,217.0,-1.36,13076.0,559.8,464.0
SHL,5/10/2022,219.9,220.5,214.0,219.2,1.01,16240.0,559.8,464.0
SHL,5/11/2022,221.0,225.0,218.1,224.0,2.19,40793.0,559.8,464.0
SHL,5/12/2022,225.0,227.3,220.1,222.0,-0.89,41004.0,559.8,464.0
SHL,5/17/2022,220.0,222.0,216.0,218.5,-1.58,26510.0,559.8,464.0
SHL,5/18/2022,218.5,221.0,216.0,220.0,0.69,18975.0,559.8,464.0
SHL,5/19/2022,218.0,220.0,215.8,217.0,-1.36,17123.0,559.8,464.0
SHL,5/20/2022,219.9,221.0,216.3,217.0,0.0,13950.0,559.8,464.0
SHL,5/23/2022,215.0,215.0,211.1,211.2,-2.67,23394.0,559.8,464.0
SHL,5/24/2022,211.0,215.9,210.0,213.8,1.23,10785.0,559.8,464.0
SHL,5/25/2022,215.0,215.4,208.0,213.4,-0.19,32921.0,559.8,464.0
SHL,5/26/2022,215.0,215.1,212.0,212.0,-0.66,30756.0,559.8,464.0
SHL,5/27/2022,215.0,215.0,207.8,212.0,0.0,37400.0,559.8,464.0
SHL,5/30/2022,210.0,210.1,206.1,208.8,-1.51,24038.0,559.8,464.0
SHL,5/31/2022,205.0,208.9,204.8,207.0,-0.86,18322.0,559.8,464.0
SHL,6/1/2022,211.0,211.0,206.0,210.0,1.45,8700.0,559.8,464.0
SHL,6/2/2022,211.0,211.0,206.1,206.4,-1.71,8142.0,559.8,464.0
SHL,6/3/2022,205.1,207.8,204.0,205.0,-0.68,26076.0,559.8,464.0
SHL,6/6/2022,208.0,210.0,205.1,206.5,0.73,11483.0,559.8,464.0
SHL,6/7/2022,207.0,207.0,205.0,205.0,-0.73,9834.0,559.8,464.0
SHL,6/8/2022,207.0,215.0,204.0,210.1,2.49,13767.0,559.8,464.0
SHL,6/9/2022,207.1,212.0,205.0,206.5,-1.71,23200.0,559.8,464.0
SHL,6/10/2022,204.0,205.9,202.4,205.0,-0.73,4967.0,559.8,464.0
SHL,6/13/2022,201.1,206.0,201.1,203.8,-0.59,5776.0,559.8,464.0
SHL,6/14/2022,202.0,205.4,200.7,202.0,-0.88,23549.0,559.8,464.0
SHL,6/15/2022,203.0,203.0,198.0,200.0,-0.99,18912.0,559.8,464.0
SHL,6/16/2022,204.0,204.0,199.3,202.0,1.0,15869.0,559.8,464.0
SHL,6/17/2022,202.3,202.3,199.9,199.9,-1.04,4373.0,559.8,464.0
SHL,6/19/2022,198.0,201.8,196.1,196.2,-1.85,18921.0,559.8,464.0
SHL,6/20/2022,193.0,196.8,192.0,193.1,-1.58,20188.0,559.8,464.0
SHL,6/21/2022,196.0,204.0,191.1,196.5,1.76,11300.0,559.8,464.0
SHL,6/22/2022,195.0,196.0,193.4,194.0,-1.27,3960.0,559.8,464.0
SHL,6/23/2022,191.0,194.0,186.7,189.1,-2.53,29246.0,559.8,464.0
SHL,6/24/2022,189.0,196.8,188.0,191.0,1.0,4150.0,559.8,464.0
SHL,6/26/2022,194.0,207.0,194.0,203.0,6.28,15277.0,559.8,464.0
SHL,6/27/2022,199.0,205.0,197.0,197.0,-2.96,38792.0,559.8,464.0
SHL,6/28/2022,195.1,197.0,194.0,194.8,-1.12,6690.0,559.8,464.0
SHL,6/29/2022,197.0,203.0,197.0,203.0,4.21,13421.0,559.8,464.0
SHL,6/30/2022,203.0,213.0,200.0,213.0,4.93,48465.0,559.8,464.0
SHL,7/1/2022,215.0,215.0,209.4,212.0,-0.47,8548.0,559.8,464.0
SHL,7/3/2022,212.0,217.0,208.4,215.0,1.42,31617.0,559.8,464.0
SHL,7/4/2022,215.0,220.0,209.0,213.0,-0.93,73106.0,559.8,464.0
SHL,7/5/2022,209.0,214.0,206.0,208.0,-2.35,21120.0,559.8,464.0
SHL,7/6/2022,204.1,209.6,200.3,207.0,-0.48,21307.0,559.8,464.0
SHL,7/7/2022,204.0,211.9,203.5,204.8,-1.06,9805.0,559.8,464.0
SHL,7/8/2022,207.5,207.5,196.0,196.0,-4.3,17535.0,559.8,464.0
SHL,7/11/2022,195.0,200.4,193.1,197.0,0.51,20513.0,559.8,464.0
SHL,7/12/2022,198.0,202.0,194.1,200.0,1.52,22097.0,559.8,464.0
SHL,7/13/2022,203.0,204.0,199.0,202.1,1.05,19132.0,559.8,464.0
SHL,7/14/2022,205.0,205.0,201.2,204.0,0.94,11145.0,559.8,464.0
SHL,7/15/2022,202.0,203.5,200.1,202.5,-0.74,8555.0,559.8,464.0
SHL,7/17/2022,203.0,206.0,200.9,200.9,-0.79,18328.0,559.8,464.0
SHL,7/18/2022,199.3,215.2,199.3,210.2,4.63,60667.0,559.8,464.0
SHL,7/19/2022,213.0,216.9,208.5,211.6,0.67,24379.0,559.8,464.0
SHL,7/20/2022,215.8,215.8,207.7,210.0,-0.76,12456.0,559.8,464.0
SHL,7/21/2022,210.1,210.8,207.8,209.0,-0.48,11175.0,559.8,464.0
SHL,7/22/2022,207.0,207.0,204.0,206.9,-1.0,13496.0,559.8,464.0
SHL,7/24/2022,210.0,211.0,203.1,211.0,1.98,37948.0,559.8,464.0
SHL,7/25/2022,213.9,218.0,212.0,218.0,3.32,44366.0,559.8,464.0
SHL,7/26/2022,215.0,215.0,209.0,212.0,-2.75,20546.0,559.8,464.0
SHL,7/27/2022,208.0,212.0,206.0,212.0,0.0,21660.0,559.8,464.0
SHL,7/28/2022,208.5,223.0,208.5,219.0,3.3,163476.0,559.8,464.0
SHL,7/29/2022,221.0,235.0,220.0,231.4,5.66,150453.0,559.8,464.0
SHL,7/31/2022,233.0,240.7,226.5,239.0,3.28,184324.0,559.8,464.0
SHL,8/1/2022,239.0,252.6,233.7,234.4,-1.92,102497.0,559.8,464.0
SHL,8/2/2022,237.9,237.9,226.0,227.5,-2.94,77279.0,559.8,464.0
SHL,8/3/2022,228.0,235.0,220.5,229.0,0.66,48969.0,559.8,464.0
SHL,8/4/2022,231.9,232.0,219.6,220.1,-3.89,50063.0,559.8,464.0
SHL,8/5/2022,221.0,225.0,218.0,220.0,-0.05,29125.0,559.8,464.0
SHL,8/7/2022,223.0,227.0,220.0,224.0,1.82,28027.0,559.8,464.0
SHL,8/8/2022,226.9,227.0,217.5,218.2,-2.59,44868.0,559.8,464.0
SHL,8/9/2022,216.0,220.0,216.0,219.0,0.37,25658.0,559.8,464.0
SHL,8/10/2022,216.0,219.1,215.1,219.0,0.0,21247.0,559.8,464.0
SHL,8/11/2022,215.1,219.8,212.2,213.0,-2.74,60194.0,559.8,464.0
SHL,8/14/2022,211.0,215.0,207.0,210.9,-0.99,49462.0,559.8,464.0
SHL,8/15/2022,212.0,220.0,212.0,218.0,3.37,27472.0,559.8,464.0
SHL,8/16/2022,219.0,220.1,214.0,215.0,-1.38,17659.0,559.8,464.0
SHL,8/17/2022,213.0,218.0,213.0,218.0,1.4,6745.0,559.8,464.0
SHL,8/18/2022,214.0,221.0,214.0,217.8,-0.09,17705.0,559.8,464.0
SHL,8/21/2022,222.0,235.0,222.0,225.0,3.31,126011.0,559.8,464.0
SHL,8/22/2022,229.0,229.0,222.0,224.0,-0.44,14551.0,559.8,464.0
SHL,8/23/2022,224.0,224.0,218.6,219.0,-2.23,9621.0,559.8,464.0
SHL,8/24/2022,222.0,223.0,217.1,218.1,-0.41,23931.0,559.8,464.0
SHL,8/25/2022,222.0,222.0,215.0,215.0,-1.42,14301.0,559.8,464.0
SHL,8/26/2022,215.0,216.0,212.3,214.0,-0.47,13185.0,559.8,464.0
SHL,8/28/2022,213.0,213.8,208.1,208.1,-2.76,27461.0,559.8,464.0
SHL,8/29/2022,205.7,213.0,205.7,212.0,1.87,16902.0,559.8,464.0
SHL,8/30/2022,209.1,215.5,209.1,211.0,-0.47,10434.0,559.8,464.0
SHL,8/31/2022,208.4,213.5,207.6,207.9,-1.47,28374.0,559.8,464.0
SHL,9/1/2022,206.2,210.0,206.0,208.0,0.05,12210.0,559.8,464.0
SHL,9/2/2022,211.0,212.1,196.5,209.0,0.48,100859.0,559.8,464.0
SHL,9/4/2022,205.1,213.0,205.0,205.0,-1.91,26850.0,559.8,464.0
SHL,9/5/2022,207.5,209.0,206.0,206.1,0.54,15815.0,559.8,464.0
SHL,9/6/2022,210.2,210.2,204.0,205.7,-0.19,12203.0,559.8,464.0
SHL,9/7/2022,205.0,206.0,203.0,205.0,-0.34,5072.0,559.8,464.0
SHL,9/8/2022,201.2,207.0,201.2,206.0,0.49,18471.0,559.8,464.0
SHL,9/11/2022,209.0,210.0,202.0,202.0,-1.94,15393.0,559.8,464.0
SHL,9/12/2022,204.0,204.7,201.1,204.0,0.99,23809.0,559.8,464.0
SHL,9/13/2022,205.9,206.8,202.8,206.4,1.18,18972.0,559.8,464.0
SHL,9/14/2022,210.5,211.9,203.1,210.0,1.74,25799.0,559.8,464.0
SHL,9/15/2022,212.9,212.9,203.2,203.7,-3.0,34839.0,559.8,464.0
SHL,9/16/2022,200.1,202.9,198.0,202.0,-0.83,20136.0,559.8,464.0
SHL,9/18/2022,199.1,204.0,197.0,198.0,-1.98,23672.0,559.8,464.0
SHL,9/20/2022,196.0,199.9,193.3,196.0,-1.01,26080.0,559.8,464.0
SHL,9/21/2022,199.8,199.8,195.2,198.0,1.02,8920.0,559.8,464.0
SHL,9/22/2022,196.1,198.0,195.0,196.9,-0.56,10853.0,559.8,464.0
SHL,9/25/2022,194.0,195.0,192.9,194.7,-1.12,39883.0,559.8,464.0
SHL,9/27/2022,194.7,199.0,192.0,196.0,0.67,28123.0,559.8,464.0
SHL,9/28/2022,192.5,197.9,192.1,195.6,-0.2,22750.0,559.8,464.0
SHL,9/29/2022,191.8,203.3,191.8,197.9,1.18,9229.0,559.8,464.0
SHL,10/9/2022,200.5,203.0,197.0,203.0,2.58,8150.0,559.8,464.0
SHL,10/10/2022,206.0,206.0,195.1,198.0,-2.46,15451.0,559.8,464.0
SHL,10/11/2022,194.3,202.0,194.3,199.8,0.91,7615.0,559.8,464.0
SHL,10/12/2022,197.2,203.0,197.2,199.1,-0.35,7227.0,559.8,464.0
SHL,10/13/2022,199.0,207.0,199.0,200.0,0.45,4225.0,559.8,464.0
SHL,10/16/2022,200.0,203.0,199.4,200.9,0.45,15177.0,559.8,464.0
SHL,10/17/2022,198.3,203.0,198.3,203.0,1.05,4705.0,559.8,464.0
SHL,10/19/2022,207.0,217.0,207.0,213.0,4.93,175173.0,559.8,464.0
SHL,10/20/2022,216.0,217.0,206.0,209.5,-1.64,33954.0,559.8,464.0
SHL,10/23/2022,208.0,210.0,205.1,205.3,-2.0,31614.0,559.8,464.0
SHL,10/31/2022,208.9,209.5,205.0,208.6,1.61,16700.0,559.8,464.0
SHL,11/1/2022,210.0,214.0,209.0,209.1,0.24,32440.0,559.8,464.0
SHL,11/2/2022,212.0,215.0,210.0,212.0,1.39,21142.0,559.8,464.0
SHL,11/3/2022,212.0,213.9,210.5,210.5,-0.71,14595.0,559.8,464.0
SHL,11/6/2022,211.5,213.5,210.1,213.0,1.19,30100.0,559.8,464.0
SHL,11/7/2022,216.9,216.9,212.0,212.0,-0.47,34237.0,559.8,464.0
SHL,11/8/2022,212.0,213.8,207.8,212.0,0.0,15156.0,559.8,464.0
SHL,11/9/2022,214.0,214.0,205.6,209.0,-1.42,33272.0,559.8,464.0
SHL,11/10/2022,211.0,211.0,205.0,206.0,-1.44,31869.0,559.8,464.0
SHL,11/13/2022,210.0,210.0,206.4,208.0,0.97,5345.0,559.8,464.0
SHL,11/14/2022,205.0,209.0,205.0,209.0,0.48,13795.0,559.8,464.0
SHL,11/15/2022,209.0,213.0,208.0,211.9,1.39,29930.0,559.8,464.0
SHL,11/16/2022,210.0,212.5,210.0,210.0,-0.9,19000.0,559.8,464.0
SHL,11/17/2022,212.0,214.0,211.0,212.0,0.95,29515.0,559.8,464.0
SHL,11/22/2022,214.0,214.9,211.0,212.9,0.42,17017.0,559.8,464.0
SHL,11/23/2022,213.9,213.9,211.0,212.0,-0.42,6444.0,559.8,464.0
SHL,11/24/2022,209.5,213.0,209.5,213.0,0.47,10773.0,559.8,464.0
SHL,11/27/2022,213.0,215.0,212.1,215.0,0.94,18525.0,559.8,464.0
SHL,11/28/2022,215.0,217.0,213.4,214.9,-0.05,18731.0,559.8,464.0
SHL,11/29/2022,216.0,216.0,212.1,214.8,-0.05,17274.0,559.8,464.0
SHL,11/30/2022,214.0,215.5,213.1,214.5,-0.14,8974.0,559.8,464.0
SHL,12/1/2022,213.5,217.0,213.5,215.5,0.47,11833.0,559.8,464.0
SHL,12/4/2022,215.1,221.9,215.1,218.0,1.16,41093.0,559.8,464.0
SHL,12/5/2022,218.0,222.3,216.0,217.9,-0.05,46778.0,559.8,464.0
SHL,12/6/2022,218.0,218.8,215.0,216.7,-0.55,13312.0,559.8,464.0
SHL,12/7/2022,218.0,219.0,216.0,216.0,-0.32,13400.0,559.8,464.0
SHL,12/11/2022,215.0,216.8,213.0,215.0,-0.46,25656.0,559.8,464.0
SHL,12/12/2022,217.0,217.0,214.0,216.9,0.88,18262.0,559.8,464.0
SHL,12/13/2022,216.0,218.0,215.0,218.0,0.51,13589.0,559.8,464.0
SHL,12/14/2022,218.1,222.2,218.0,221.0,1.38,31896.0,559.8,464.0
SHL,12/15/2022,219.0,221.0,218.0,220.1,-0.41,19521.0,559.8,464.0
SHL,12/18/2022,220.0,221.0,217.0,218.0,-0.95,37964.0,559.8,464.0
SHL,12/19/2022,219.0,220.1,218.0,219.0,0.46,27947.0,559.8,464.0
SHL,12/20/2022,219.1,228.0,219.1,225.8,3.11,68695.0,559.8,464.0
SHL,12/21/2022,227.0,230.5,225.2,226.0,0.09,145753.0,559.8,464.0
SHL,12/22/2022,211.0,211.0,200.1,205.0,-9.29,45923.0,559.8,464.0
SHL,12/26/2022,208.0,212.1,203.9,207.5,1.22,67409.0,559.8,464.0
SHL,12/27/2022,209.0,219.0,207.0,213.5,2.89,46844.0,559.8,464.0
SHL,12/28/2022,212.0,215.0,210.7,210.7,-1.31,27621.0,559.8,464.0
SHL,12/29/2022,208.0,220.0,208.0,216.5,2.75,35944.0,559.8,464.0
SHL,1/1/2023,217.0,218.9,213.0,214.0,-1.15,39627.0,559.8,464.0
SHL,1/2/2023,214.0,216.8,212.2,214.7,0.33,16700.0,559.8,464.0
SHL,1/3/2023,218.8,227.0,215.2,220.3,2.61,84182.0,559.8,464.0
SHL,1/4/2023,221.0,223.9,215.3,223.0,1.23,27977.0,559.8,464.0
SHL,1/5/2023,225.0,234.9,221.0,233.0,4.48,98676.0,559.8,464.0
SHL,1/8/2023,230.0,239.5,228.0,237.7,2.02,85874.0,559.8,464.0
SHL,1/9/2023,239.5,239.5,231.5,235.0,-1.14,50277.0,559.8,464.0
SHL,1/10/2023,239.7,239.7,227.1,227.1,-3.36,115889.0,559.8,464.0
SHL,1/12/2023,231.6,231.6,219.0,222.0,-2.25,61729.0,559.8,464.0
SHL,1/17/2023,217.6,230.8,217.6,229.9,3.56,45224.0,559.8,464.0
SHL,1/18/2023,234.0,235.5,225.4,228.5,-0.61,62701.0,559.8,464.0
SHL,1/19/2023,230.0,231.9,226.1,227.0,-0.66,22499.0,559.8,464.0
SHL,1/23/2023,231.0,231.0,224.0,224.2,-1.23,32811.0,559.8,464.0
SHL,1/24/2023,220.1,229.5,220.1,229.5,2.36,21270.0,559.8,464.0
SHL,1/25/2023,226.0,234.5,226.0,231.5,0.87,46413.0,559.8,464.0
SHL,1/26/2023,235.5,235.5,230.3,233.0,0.65,36977.0,559.8,464.0
SHL,1/29/2023,230.0,235.0,225.4,233.9,0.39,29133.0,559.8,464.0
SHL,1/30/2023,235.0,235.9,226.0,226.0,-3.38,38767.0,559.8,464.0
SHL,1/31/2023,225.3,227.0,221.7,223.0,-1.33,48001.0,559.8,464.0
SHL,2/1/2023,223.0,230.8,221.5,229.9,3.09,29472.0,559.8,464.0
SHL,2/2/2023,225.6,229.6,223.0,224.0,-2.57,14396.0,559.8,464.0
SHL,2/5/2023,224.0,231.8,224.0,227.0,1.34,26776.0,559.8,464.0
SHL,2/6/2023,224.2,229.0,224.0,228.9,0.84,18773.0,559.8,464.0
SHL,2/7/2023,228.0,234.6,228.0,234.0,2.23,58890.0,559.8,464.0
SHL,2/8/2023,236.0,237.9,231.0,232.0,-0.85,85760.0,559.8,464.0
SHL,2/9/2023,232.0,234.0,229.0,232.4,0.17,30918.0,559.8,464.0
SHL,2/12/2023,229.0,233.9,224.3,229.0,-1.46,46338.0,559.8,464.0
SHL,2/14/2023,226.3,230.0,226.3,227.0,-0.87,14868.0,559.8,464.0
SHL,2/15/2023,229.0,229.0,221.5,223.0,-1.76,21361.0,559.8,464.0
SHL,2/16/2023,224.0,225.0,219.5,221.0,-0.9,28217.0,559.8,464.0
SHL,2/20/2023,220.0,222.0,218.0,218.0,-1.36,23698.0,559.8,464.0
SHL,2/22/2023,222.2,226.5,220.0,226.4,3.85,14712.0,559.8,464.0
SHL,2/23/2023,223.0,226.0,216.6,218.1,-3.67,42279.0,559.8,464.0
SHL,2/26/2023,215.6,225.0,215.6,225.0,3.16,25495.0,559.8,464.0
SHL,2/27/2023,228.0,228.0,216.6,226.0,0.44,20830.0,559.8,464.0
SHL,2/28/2023,222.4,227.0,222.4,224.6,-0.62,17920.0,559.8,464.0
SHL,3/1/2023,222.0,224.4,220.2,222.5,-0.93,12383.0,559.8,464.0
SHL,3/2/2023,222.0,223.9,216.4,220.9,-0.72,18219.0,559.8,464.0
SHL,3/5/2023,220.9,222.3,215.8,217.1,-1.72,12135.0,559.8,464.0
SHL,3/7/2023,218.5,221.0,217.0,218.9,0.83,15122.0,559.8,464.0
SHL,3/9/2023,219.0,225.0,219.0,224.0,2.33,15282.0,559.8,464.0
SHL,3/12/2023,225.0,225.0,221.0,225.0,0.45,11909.0,559.8,464.0
SHL,3/13/2023,220.6,224.8,220.5,223.5,-0.67,10945.0,559.8,464.0
SHL,3/14/2023,221.6,225.0,220.4,224.0,0.22,12931.0,559.8,464.0
SHL,3/15/2023,222.0,225.0,218.0,223.9,-0.04,15741.0,559.8,464.0
SHL,3/16/2023,223.0,225.9,221.0,221.1,-1.25,14057.0,559.8,464.0
SHL,3/19/2023,223.0,225.0,221.0,221.6,0.23,15447.0,559.8,464.0
SHL,3/20/2023,222.5,226.0,222.1,226.0,1.99,21899.0,559.8,464.0
SHL,3/22/2023,229.0,231.0,225.2,226.2,0.09,28957.0,559.8,464.0
SHL,3/23/2023,225.0,226.5,222.1,224.0,-0.97,14401.0,559.8,464.0
SHL,3/26/2023,226.0,226.0,220.0,223.0,-0.45,95553.0,559.8,464.0
SHL,3/27/2023,223.0,227.0,222.1,227.0,1.79,16069.0,559.8,464.0
SHL,3/28/2023,229.0,229.0,225.0,228.8,0.79,48446.0,559.8,464.0
SHL,3/29/2023,225.7,235.5,225.5,233.0,1.84,65793.0,559.8,464.0
SHL,3/30/2023,230.2,241.6,230.0,237.8,2.06,82795.0,559.8,464.0
SHL,4/2/2023,242.5,247.7,230.4,238.0,0.08,78935.0,559.8,464.0
SHL,4/3/2023,233.5,239.4,232.0,234.2,-1.6,38791.0,559.8,464.0
SHL,4/4/2023,232.0,237.1,230.1,234.0,-0.09,34531.0,559.8,464.0
SHL,4/5/2023,230.1,239.0,226.0,235.9,0.81,35964.0,559.8,464.0
SHL,4/6/2023,238.0,238.0,233.1,234.8,-0.47,23190.0,559.8,464.0
SHL,4/9/2023,239.4,239.4,229.0,229.1,-2.43,16168.0,559.8,464.0
SHL,4/10/2023,229.0,233.4,228.1,232.5,1.48,8757.0,559.8,464.0
SHL,4/11/2023,234.0,241.0,233.6,237.0,1.94,22177.0,559.8,464.0
SHL,4/12/2023,241.0,245.0,237.0,245.0,3.38,121862.0,559.8,464.0
SHL,4/13/2023,249.0,249.0,241.0,245.9,0.37,105415.0,559.8,464.0
SHL,4/16/2023,249.0,268.0,247.0,259.0,5.33,151228.0,559.8,464.0
SHL,4/17/2023,260.0,263.9,253.0,256.0,-1.16,87714.0,559.8,464.0
SHL,4/18/2023,255.5,263.0,250.0,261.8,2.27,93658.0,559.8,464.0
SHL,4/19/2023,260.0,265.0,258.0,264.5,1.03,43624.0,559.8,464.0
SHL,4/20/2023,260.5,268.9,260.5,262.9,-0.6,57988.0,559.8,464.0
SHL,4/23/2023,263.0,263.0,253.4,253.8,-3.46,60555.0,559.8,464.0
SHL,4/24/2023,253.0,257.0,251.0,252.8,-0.39,21920.0,559.8,464.0
SHL,4/25/2023,252.0,259.6,252.0,258.1,2.1,33353.0,559.8,464.0
SHL,4/26/2023,256.0,263.0,256.0,258.6,0.19,49254.0,559.8,464.0
SHL,4/27/2023,262.0,265.0,255.3,264.9,2.44,64446.0,559.8,464.0
SHL,4/30/2023,263.0,269.0,260.6,266.0,0.42,59508.0,559.8,464.0
SHL,5/2/2023,263.0,268.0,263.0,265.5,-0.19,36591.0,559.8,464.0
SHL,5/3/2023,267.0,267.0,259.0,260.0,-2.07,33930.0,559.8,464.0
SHL,5/4/2023,255.0,265.0,250.1,262.0,0.77,37970.0,559.8,464.0
SHL,5/7/2023,260.0,262.5,258.3,259.9,-0.8,30415.0,559.8,464.0
SHL,5/8/2023,258.0,262.0,255.3,256.6,-1.27,25102.0,559.8,464.0
SHL,5/9/2023,261.0,265.0,257.1,261.0,1.71,41130.0,559.8,464.0
SHL,5/10/2023,256.3,265.0,256.3,262.0,0.38,37566.0,559.8,464.0
SHL,5/11/2023,264.0,264.5,260.0,263.8,0.69,26170.0,559.8,464.0
SHL,5/14/2023,265.0,269.0,253.0,260.0,-1.44,69568.0,559.8,464.0
SHL,5/15/2023,260.9,260.9,252.5,257.0,-1.15,24807.0,559.8,464.0
SHL,5/16/2023,256.0,261.0,256.0,258.0,0.39,15359.0,559.8,464.0
SHL,5/17/2023,255.3,260.0,255.0,258.8,0.31,26768.0,559.8,464.0
SHL,5/18/2023,259.0,270.0,258.0,268.5,3.75,86158.0,559.8,464.0
SHL,5/21/2023,270.0,280.0,267.0,279.0,3.91,95017.0,559.8,464.0
SHL,5/22/2023,279.0,295.0,274.4,284.0,1.79,216022.0,559.8,464.0
SHL,5/23/2023,284.0,295.0,284.0,291.5,2.64,129213.0,559.8,464.0
SHL,5/24/2023,294.0,309.3,286.2,309.0,6.0,190776.0,559.8,464.0
SHL,5/28/2023,315.1,320.0,300.0,301.0,-2.59,284769.0,559.8,464.0
SHL,5/30/2023,298.0,303.9,289.1,295.8,-1.73,181915.0,559.8,464.0
SHL,5/31/2023,290.0,300.0,284.2,286.0,-3.31,122990.0,559.8,464.0
SHL,6/1/2023,291.7,298.0,285.0,291.0,1.75,105855.0,559.8,464.0
SHL,6/4/2023,296.0,320.0,296.0,319.0,9.62,260186.0,559.8,464.0
SHL,6/5/2023,324.8,329.9,315.0,320.0,0.31,226079.0,559.8,464.0
SHL,6/6/2023,320.0,350.7,318.1,348.0,8.75,284955.0,559.8,464.0
SHL,6/7/2023,354.5,360.0,335.0,343.0,-1.44,290070.0,559.8,464.0
SHL,6/8/2023,344.0,351.0,338.0,342.0,-0.29,218172.0,559.8,464.0
SHL,6/11/2023,347.5,350.0,335.2,346.0,1.17,203084.0,559.8,464.0
SHL,6/12/2023,340.2,377.0,340.2,375.3,8.47,421428.0,559.8,464.0
SHL,6/13/2023,374.0,396.6,370.1,386.0,2.85,314880.0,559.8,464.0
SHL,6/14/2023,385.0,393.7,376.0,381.0,-1.3,275813.0,559.8,464.0
SHL,6/15/2023,381.0,407.0,369.8,407.0,6.82,412405.0,559.8,464.0
SHL,6/18/2023,411.0,444.0,402.5,443.4,8.94,391209.0,559.8,464.0
SHL,6/19/2023,443.0,449.0,417.5,436.0,-1.67,413282.0,559.8,464.0
SHL,6/20/2023,433.0,450.8,428.5,438.0,0.46,248515.0,559.8,464.0
SHL,6/21/2023,446.7,474.0,431.3,470.6,7.44,420174.0,559.8,464.0
SHL,6/22/2023,470.5,517.6,458.0,513.3,9.07,595602.0,559.8,464.0
SHL,6/25/2023,505.0,535.0,491.0,517.0,0.72,757920.0,559.8,464.0
SHL,6/26/2023,517.0,536.0,507.0,519.9,0.56,520687.0,559.8,464.0
SHL,6/27/2023,530.0,533.9,510.0,518.0,-0.37,428144.0,559.8,464.0
SHL,6/28/2023,528.0,528.0,496.0,503.1,-2.88,462726.0,559.8,464.0
SHL,7/2/2023,513.0,513.0,479.0,483.0,-4.0,420702.0,559.8,464.0
SHL,7/3/2023,485.0,505.0,465.0,484.8,0.37,429779.0,559.8,464.0
SHL,7/4/2023,492.0,497.4,476.3,495.0,2.1,149335.0,559.8,464.0
SHL,7/5/2023,503.0,503.0,478.0,480.0,-3.03,196619.0,559.8,464.0
SHL,7/6/2023,482.0,490.0,471.4,485.0,1.04,221429.0,559.8,464.0
SHL,7/9/2023,487.0,505.0,487.0,502.0,3.51,281978.0,559.8,464.0
SHL,7/10/2023,512.0,514.0,490.0,496.1,-1.18,664961.0,559.8,464.0
SHL,7/11/2023,506.0,506.0,485.1,491.0,-1.03,215621.0,559.8,464.0
SHL,7/12/2023,497.0,497.0,480.1,480.1,-2.22,187533.0,559.8,464.0
SHL,7/13/2023,475.0,499.0,475.0,486.0,1.23,364928.0,559.8,464.0
SHL,7/16/2023,494.0,494.0,480.0,485.0,-0.21,111915.0,559.8,464.0
SHL,7/17/2023,488.0,499.5,479.0,497.0,2.47,157729.0,559.8,464.0
SHL,7/18/2023,506.0,506.0,477.3,485.0,-2.41,169862.0,559.8,464.0
SHL,7/19/2023,490.0,490.0,473.4,481.9,-0.64,105633.0,559.8,464.0
SHL,7/20/2023,488.0,488.0,470.0,480.0,-0.39,195233.0,559.8,464.0
SHL,7/23/2023,485.0,492.0,474.5,478.0,-0.42,166292.0,559.8,464.0
SHL,7/24/2023,478.0,485.2,461.0,465.0,-2.72,221811.0,559.8,464.0
SHL,7/25/2023,460.0,483.0,451.8,473.0,1.72,326051.0,559.8,464.0
SHL,7/26/2023,475.0,479.9,463.0,464.0,-1.9,126019.0,559.8,464.0
SHL,7/27/2023,464.5,469.0,455.1,457.0,-1.51,104460.0,559.8,464.0
SHL,7/30/2023,458.6,459.9,434.0,447.9,-1.99,268774.0,559.8,464.0
SHL,7/31/2023,450.0,457.5,441.0,447.0,-0.2,121514.0,559.8,464.0
SHL,8/1/2023,455.0,455.9,429.0,430.0,-3.8,143373.0,559.8,464.0
SHL,8/2/2023,438.0,443.0,424.4,439.0,2.09,121445.0,559.8,464.0
SHL,8/3/2023,443.5,446.9,435.0,436.0,-0.68,101469.0,559.8,464.0
SHL,8/6/2023,436.1,441.9,418.2,422.8,-3.03,152360.0,559.8,464.0
SHL,8/7/2023,422.9,433.0,414.1,427.0,0.99,178122.0,559.8,464.0
SHL,8/8/2023,434.0,434.0,411.6,420.0,-1.64,96898.0,559.8,464.0
SHL,8/9/2023,412.0,438.0,412.0,437.0,4.05,125094.0,559.8,464.0
SHL,8/10/2023,437.1,471.1,431.3,461.7,5.65,372232.0,559.8,464.0
SHL,8/13/2023,465.0,484.0,456.0,477.0,3.31,307246.0,559.8,464.0
SHL,8/14/2023,484.8,484.9,462.0,463.0,-2.94,231909.0,559.8,464.0
SHL,8/15/2023,469.5,469.5,449.1,450.1,-2.79,166147.0,559.8,464.0
SHL,8/16/2023,447.0,454.0,438.0,453.0,0.64,133170.0,559.8,464.0
SHL,8/17/2023,460.0,474.0,449.0,463.0,2.21,295677.0,559.8,464.0
SHL,8/20/2023,468.0,468.4,452.0,452.0,-2.38,88545.0,559.8,464.0
SHL,8/21/2023,450.0,461.0,444.2,450.0,-0.44,127440.0,559.8,464.0
SHL,8/22/2023,451.0,461.0,445.9,458.0,1.78,90803.0,559.8,464.0
SHL,8/23/2023,453.1,470.0,453.1,463.0,1.09,151713.0,559.8,464.0
SHL,8/24/2023,463.0,470.0,453.8,455.1,-1.71,170218.0,559.8,464.0
SHL,8/27/2023,463.0,463.0,445.0,448.0,-1.56,109762.0,559.8,464.0
SHL,8/28/2023,449.0,458.0,441.0,452.0,0.89,109939.0,559.8,464.0
SHL,8/29/2023,459.5,459.5,449.0,450.0,-0.44,46892.0,559.8,464.0
SHL,8/30/2023,455.0,455.0,449.0,451.0,0.22,55097.0,559.8,464.0
SHL,9/3/2023,457.5,457.5,435.0,438.0,-2.88,88202.0,559.8,464.0
SHL,9/4/2023,442.0,448.0,433.0,443.0,1.14,76994.0,559.8,464.0
SHL,9/5/2023,445.0,445.0,435.0,439.0,-0.9,40884.0,559.8,464.0
SHL,9/7/2023,435.0,439.0,432.1,434.0,-1.14,92513.0,559.8,464.0
SHL,9/10/2023,442.6,445.0,436.1,437.0,0.69,79082.0,559.8,464.0
SHL,9/11/2023,438.2,460.0,438.2,456.0,4.35,115794.0,559.8,464.0
SHL,9/12/2023,452.0,462.0,446.1,447.6,-1.84,65591.0,559.8,464.0
SHL,9/13/2023,440.0,466.0,440.0,464.0,3.66,146123.0,559.8,464.0
SHL,9/17/2023,459.0,460.0,444.0,447.0,-3.66,102798.0,559.8,464.0
SHL,9/18/2023,445.2,458.0,443.0,451.1,0.92,51227.0,559.8,464.0
SHL,9/19/2023,451.3,455.0,448.3,451.1,0.0,50582.0,559.8,464.0
SHL,9/21/2023,460.0,470.0,451.8,460.0,1.97,161590.0,559.8,464.0
SHL,9/24/2023,455.0,466.9,449.8,451.0,-1.96,79104.0,559.8,464.0
SHL,9/25/2023,450.0,459.0,447.2,450.0,-0.22,52006.0,559.8,464.0
SHL,9/26/2023,456.0,460.0,445.0,452.0,0.44,51455.0,559.8,464.0
SHL,9/27/2023,454.0,454.0,445.0,447.0,-1.11,64977.0,559.8,464.0
SHL,10/1/2023,442.1,448.0,438.5,438.5,-1.9,47500.0,559.8,464.0
SHL,10/2/2023,430.0,437.0,421.0,431.1,-1.69,189731.0,559.8,464.0
SHL,10/3/2023,425.0,433.5,424.0,430.0,-0.26,48353.0,559.8,464.0
SHL,10/4/2023,430.0,443.0,430.0,438.2,1.91,48328.0,559.8,464.0
SHL,10/5/2023,439.0,442.5,428.0,434.2,-0.91,70679.0,559.8,464.0
SHL,10/8/2023,442.0,442.0,422.0,422.0,-2.81,98954.0,559.8,464.0
SHL,10/9/2023,422.0,430.0,421.0,422.0,0.0,45986.0,559.8,464.0
SHL,10/10/2023,422.5,425.0,410.0,414.0,-1.9,59829.0,559.8,464.0
SHL,10/11/2023,422.2,422.2,410.5,415.0,0.24,32563.0,559.8,464.0
SHL,10/12/2023,416.0,417.0,407.7,407.7,-1.76,59890.0,559.8,464.0
SHL,10/16/2023,406.1,406.1,390.0,395.0,-3.12,54778.0,559.8,464.0
SHL,10/17/2023,401.0,409.0,391.0,393.0,-0.51,36312.0,559.8,464.0
SHL,10/18/2023,390.0,410.0,390.0,405.0,3.05,28545.0,559.8,464.0
SHL,10/19/2023,404.0,405.0,394.9,398.0,-1.73,37793.0,559.8,464.0
SHL,10/29/2023,396.0,398.0,387.0,391.9,-1.53,20693.0,559.8,464.0
SHL,10/30/2023,385.0,393.0,385.0,390.0,-0.48,27110.0,559.8,464.0
SHL,10/31/2023,388.0,391.0,386.3,389.0,-0.26,22040.0,559.8,464.0
SHL,11/1/2023,390.0,392.0,382.2,383.7,-1.36,26094.0,559.8,464.0
SHL,11/2/2023,384.0,403.0,383.1,402.0,4.77,71809.0,559.8,464.0
SHL,11/5/2023,402.0,409.0,390.0,405.0,0.75,45678.0,559.8,464.0
SHL,11/6/2023,413.1,433.0,405.0,428.5,5.8,152580.0,559.8,464.0
SHL,11/7/2023,435.0,437.0,423.0,434.0,1.28,86699.0,559.8,464.0
SHL,11/8/2023,428.0,436.5,428.0,428.2,-1.34,50391.0,559.8,464.0
SHL,11/9/2023,428.0,428.0,420.0,420.0,-1.91,90376.0,559.8,464.0
SHL,11/20/2023,422.0,422.0,400.9,409.0,-2.62,167100.0,559.8,464.0
SHL,11/21/2023,404.0,408.0,396.2,400.0,-2.2,71848.0,559.8,464.0
SHL,11/22/2023,400.0,415.9,396.0,412.0,3.0,55249.0,559.8,464.0
SHL,11/23/2023,407.0,422.0,405.1,415.0,0.73,63518.0,559.8,464.0
SHL,11/26/2023,406.8,422.0,406.8,416.0,0.24,70024.0,559.8,464.0
SHL,11/27/2023,416.0,423.4,413.1,416.0,0.0,79514.0,559.8,464.0
SHL,11/28/2023,411.0,436.5,411.0,429.0,3.12,153446.0,559.8,464.0
SHL,11/29/2023,435.0,442.0,422.0,429.8,0.19,98648.0,559.8,464.0
SHL,11/30/2023,430.0,432.4,422.0,423.0,-1.58,102921.0,559.8,464.0
SHL,12/3/2023,423.0,425.4,415.0,424.9,0.45,54827.0,559.8,464.0
SHL,12/4/2023,427.9,431.0,418.0,422.0,-0.68,59446.0,559.8,464.0
SHL,12/5/2023,423.0,426.0,416.0,420.0,-0.47,34833.0,559.8,464.0
SHL,12/6/2023,419.0,421.9,416.0,417.0,-0.71,38533.0,559.8,464.0
SHL,12/7/2023,415.0,429.9,415.0,420.0,0.72,70011.0,559.8,464.0
SHL,12/10/2023,428.0,445.0,428.0,440.0,4.76,35292.0,559.8,464.0
SHL,12/11/2023,445.0,448.0,433.0,440.1,0.02,244683.0,559.8,464.0
SHL,12/12/2023,443.0,474.9,442.0,466.0,5.89,257055.0,559.8,464.0
SHL,12/13/2023,470.0,474.0,452.0,455.0,-2.36,126816.0,559.8,464.0
SHL,12/14/2023,458.0,471.2,451.5,461.0,1.32,106831.0,559.8,464.0
SHL,12/17/2023,455.0,475.5,451.0,471.0,2.17,173530.0,559.8,464.0
SHL,12/18/2023,479.0,497.7,462.6,488.0,3.61,381248.0,559.8,464.0
SHL,12/19/2023,495.0,519.6,482.2,515.0,5.53,569116.0,559.8,464.0
SHL,12/20/2023,525.0,533.0,507.0,507.0,-1.55,474000.0,559.8,464.0
SHL,12/21/2023,492.0,492.0,466.0,468.8,-7.53,221387.0,559.8,464.0
SHL,12/24/2023,465.0,490.0,460.9,461.0,-1.66,265774.0,559.8,464.0
SHL,12/27/2023,467.9,470.0,452.0,459.9,-0.24,104221.0,559.8,464.0
SHL,12/28/2023,466.0,471.9,453.0,461.2,0.28,147502.0,559.8,464.0
SHL,1/1/2024,468.0,474.0,455.9,458.0,-0.69,137081.0,559.8,464.0
SHL,1/2/2024,462.0,462.0,441.4,441.6,-3.58,162562.0,559.8,464.0
SHL,1/3/2024,450.0,457.0,439.1,455.0,3.03,138983.0,559.8,464.0
SHL,1/4/2024,462.0,472.0,454.0,456.7,0.37,234252.0,559.8,464.0
SHL,1/7/2024,454.0,465.0,450.0,453.1,-0.79,122112.0,559.8,464.0
SHL,1/8/2024,460.0,465.0,454.3,459.1,1.32,139242.0,559.8,464.0
SHL,1/9/2024,468.2,492.0,464.0,484.0,5.42,363290.0,559.8,464.0
SHL,1/10/2024,488.0,493.6,480.0,484.0,0.0,262213.0,559.8,464.0
SHL,1/11/2024,481.0,490.0,470.4,477.6,-1.32,77025.0,559.8,464.0
SHL,1/14/2024,483.0,488.4,473.0,478.0,0.08,88633.0,559.8,464.0
SHL,1/16/2024,483.0,492.0,476.3,485.1,1.49,160856.0,559.8,464.0
SHL,1/17/2024,490.0,494.0,470.0,477.9,-1.48,207694.0,559.8,464.0
SHL,1/18/2024,475.0,480.0,463.0,469.0,-1.86,150927.0,559.8,464.0
SHL,1/21/2024,469.0,478.0,461.0,463.4,-1.19,144246.0,559.8,464.0
SHL,1/22/2024,460.1,475.0,455.8,461.0,-0.52,97443.0,559.8,464.0
SHL,1/23/2024,465.0,475.0,460.0,474.0,2.82,124374.0,559.8,464.0
SHL,1/24/2024,483.0,483.0,463.3,467.3,-1.41,170197.0,559.8,464.0
SHL,1/25/2024,468.0,472.0,455.7,461.0,-1.35,62533.0,559.8,464.0
SHL,1/28/2024,460.0,469.0,451.0,459.5,-0.33,66350.0,559.8,464.0
SHL,1/29/2024,468.0,470.0,459.6,462.1,0.57,58265.0,559.8,464.0
SHL,1/30/2024,464.0,465.0,460.0,461.2,-0.19,73253.0,559.8,464.0
SHL,1/31/2024,463.1,468.0,451.2,454.0,-1.56,94199.0,559.8,464.0
SHL,2/1/2024,460.0,460.0,452.4,454.1,0.02,60780.0,559.8,464.0
SHL,2/4/2024,446.3,460.0,440.0,456.9,0.62,35190.0,559.8,464.0
SHL,2/5/2024,458.0,465.0,449.9,457.0,0.02,61194.0,559.8,464.0
SHL,2/6/2024,464.6,464.6,456.1,460.2,0.7,23978.0,559.8,464.0
SHL,2/7/2024,462.0,473.0,460.0,468.0,1.69,110431.0,559.8,464.0
SHL,2/8/2024,470.0,473.0,464.0,470.2,0.47,79676.0,559.8,464.0
SHL,2/11/2024,479.6,479.6,461.5,465.0,-1.11,71112.0,559.8,464.0
SHL,2/12/2024,462.0,466.5,459.3,464.7,-0.06,37991.0,559.8,464.0
SHL,2/13/2024,456.0,461.0,447.2,454.0,-2.3,67454.0,559.8,464.0
SHL,2/14/2024,454.0,459.0,444.0,453.1,-0.2,52903.0,559.8,464.0
SHL,2/15/2024,454.1,458.0,446.0,452.1,-0.22,64029.0,559.8,464.0
SHL,2/18/2024,461.0,461.0,440.9,449.8,-0.51,33837.0,559.8,464.0
SHL,2/20/2024,452.0,454.8,448.0,449.5,-0.07,34012.0,559.8,464.0
SHL,2/21/2024,456.5,456.5,439.5,447.0,-0.56,35901.0,559.8,464.0
SHL,2/22/2024,453.6,453.6,436.0,440.0,-1.57,41416.0,559.8,464.0
SHL,2/25/2024,433.0,445.0,432.0,433.0,-1.59,32429.0,559.8,464.0
SHL,2/26/2024,433.1,443.0,432.0,441.6,1.99,20224.0,559.8,464.0
SHL,2/27/2024,440.0,445.0,435.2,437.1,-1.02,17987.0,559.8,464.0
SHL,2/28/2024,435.0,443.0,433.2,440.0,0.66,21604.0,559.8,464.0
SHL,2/29/2024,440.0,441.0,428.3,428.5,-2.61,33334.0,559.8,464.0
SHL,3/3/2024,428.5,435.0,426.1,432.0,0.82,36893.0,559.8,464.0
SHL,3/4/2024,440.6,457.0,440.6,457.0,5.79,2635.0,559.8,464.0
SHL,3/5/2024,460.0,460.0,438.0,438.0,-4.16,37220.0,559.8,464.0
SHL,3/6/2024,430.1,450.0,428.0,442.0,0.91,75278.0,559.8,464.0
SHL,3/7/2024,435.0,450.0,435.0,437.0,-1.13,31188.0,559.8,464.0
SHL,3/10/2024,437.2,453.4,427.6,444.0,1.6,41254.0,559.8,464.0
SHL,3/12/2024,452.8,469.0,437.1,464.9,4.71,135840.0,559.8,464.0
SHL,3/13/2024,470.0,470.0,452.8,462.9,-0.43,128683.0,559.8,464.0
SHL,3/14/2024,464.0,464.0,452.1,456.0,-1.49,45249.0,559.8,464.0
SHL,3/17/2024,453.1,457.9,441.0,447.1,-1.95,46668.0,559.8,464.0
SHL,3/18/2024,448.0,453.9,447.0,451.0,0.87,52648.0,559.8,464.0
SHL,3/19/2024,451.0,458.9,442.0,452.9,0.42,31571.0,559.8,464.0
SHL,3/20/2024,450.1,454.0,441.0,446.5,-1.41,16285.0,559.8,464.0
SHL,3/21/2024,444.1,452.0,440.0,443.0,-0.78,31457.0,559.8,464.0
SHL,3/25/2024,444.5,445.0,427.4,439.0,-0.9,31276.0,559.8,464.0
SHL,3/26/2024,437.1,447.7,434.3,442.0,0.68,44432.0,559.8,464.0
SHL,3/27/2024,442.0,446.5,436.1,438.0,-0.9,22753.0,559.8,464.0
SHL,3/28/2024,438.0,441.9,426.0,438.0,0.0,49955.0,559.8,464.0
SHL,3/31/2024,436.2,440.0,427.0,433.0,-1.14,34904.0,559.8,464.0
SHL,4/1/2024,434.0,436.5,432.7,434.0,0.23,28707.0,559.8,464.0
SHL,4/2/2024,439.9,439.9,433.0,435.0,0.23,46085.0,559.8,464.0
SHL,4/3/2024,436.4,439.5,428.8,439.0,0.92,29508.0,559.8,464.0
SHL,4/4/2024,437.5,441.0,437.0,437.8,-0.27,31434.0,559.8,464.0
SHL,4/7/2024,438.0,450.7,438.0,449.0,2.56,48693.0,559.8,464.0
SHL,4/9/2024,449.0,449.0,434.7,446.0,-0.67,44526.0,559.8,464.0
SHL,4/10/2024,437.1,444.9,437.1,439.0,-1.57,45231.0,559.8,464.0
SHL,4/14/2024,441.0,443.0,432.2,440.0,0.23,34260.0,559.8,464.0
SHL,4/15/2024,431.7,440.3,431.7,436.6,-0.77,12806.0,559.8,464.0
SHL,4/16/2024,440.0,440.0,424.4,431.7,-1.12,44301.0,559.8,464.0
SHL,4/18/2024,439.0,439.0,421.7,430.0,-0.39,23161.0,559.8,464.0
SHL,4/21/2024,426.3,435.9,417.8,430.0,0.0,25730.0,559.8,464.0
SHL,4/22/2024,435.0,437.0,429.1,430.0,0.0,19450.0,559.8,464.0
SHL,4/24/2024,435.0,435.0,428.3,429.0,-0.23,29267.0,559.8,464.0
SHL,4/25/2024,429.0,431.0,420.0,431.0,0.47,26248.0,559.8,464.0
SHL,4/28/2024,435.0,435.0,423.4,431.9,0.21,18704.0,559.8,464.0
SHL,4/29/2024,430.0,432.0,422.0,429.0,-0.67,19815.0,559.8,464.0
SHL,4/30/2024,429.0,455.0,420.5,444.0,3.5,52235.0,559.8,464.0
SHL,5/2/2024,441.0,445.0,433.4,440.0,-0.9,58405.0,559.8,464.0
SHL,5/5/2024,440.0,440.0,427.0,432.0,-1.82,32470.0,559.8,464.0
SHL,5/6/2024,432.0,434.4,427.2,431.9,-0.02,23446.0,559.8,464.0
SHL,5/7/2024,433.0,439.0,428.2,430.0,-0.44,14148.0,559.8,464.0
SHL,5/8/2024,430.5,432.0,427.1,429.2,-0.19,20196.0,559.8,464.0
SHL,5/9/2024,437.7,464.5,434.0,461.0,7.41,318419.0,559.8,464.0
SHL,5/12/2024,470.2,470.2,436.1,444.0,-3.69,146954.0,559.8,464.0
SHL,5/13/2024,448.8,448.8,439.9,443.7,-0.07,86024.0,559.8,464.0
SHL,5/14/2024,450.0,452.5,436.6,444.0,0.07,53596.0,559.8,464.0
SHL,5/15/2024,452.6,452.7,436.1,444.1,0.02,53023.0,559.8,464.0
SHL,5/16/2024,451.0,451.0,430.0,436.9,-1.62,126187.0,559.8,464.0
SHL,5/19/2024,440.0,449.0,437.1,443.0,1.4,74909.0,559.8,464.0
SHL,5/20/2024,449.6,451.4,435.0,444.0,0.23,74041.0,559.8,464.0
SHL,5/21/2024,448.9,449.0,434.7,444.0,0.0,55493.0,559.8,464.0
SHL,5/22/2024,444.0,455.0,442.0,448.5,1.01,112870.0,559.8,464.0
SHL,5/26/2024,452.0,460.0,445.0,456.1,1.69,219886.0,559.8,464.0
SHL,5/27/2024,459.0,460.0,445.2,450.0,-1.34,78300.0,559.8,464.0
SHL,5/29/2024,458.0,459.0,441.0,446.0,-0.89,95456.0,559.8,464.0
SHL,5/30/2024,454.0,454.0,433.2,437.8,-1.84,122032.0,559.8,464.0
SHL,6/2/2024,444.9,444.9,428.5,438.0,0.05,42346.0,559.8,464.0
SHL,6/3/2024,439.0,443.0,430.0,436.0,-0.46,33916.0,559.8,464.0
SHL,6/4/2024,444.7,444.7,426.3,434.0,-0.46,62805.0,559.8,464.0
SHL,6/5/2024,433.0,438.9,424.4,432.0,-0.46,38975.0,559.8,464.0
SHL,6/6/2024,431.0,439.9,426.6,433.7,0.39,35450.0,559.8,464.0
SHL,6/9/2024,436.0,445.0,431.5,439.9,1.43,71795.0,559.8,464.0
SHL,6/10/2024,435.5,441.0,426.8,435.0,-1.11,76850.0,559.8,464.0
SHL,6/11/2024,440.0,440.0,426.5,438.0,0.69,45261.0,559.8,464.0
SHL,6/12/2024,440.0,445.1,430.0,436.5,-0.34,84800.0,559.8,464.0
SHL,6/13/2024,442.0,443.0,429.4,436.0,-0.11,75446.0,559.8,464.0
SHL,6/16/2024,437.0,441.0,433.5,433.5,-0.57,32087.0,559.8,464.0
SHL,6/18/2024,432.5,436.1,432.0,432.0,-0.35,25296.0,559.8,464.0
SHL,6/19/2024,430.0,432.5,428.0,430.0,-0.46,56948.0,559.8,464.0
SHL,6/20/2024,434.5,434.5,425.0,425.2,-1.12,53911.0,559.8,464.0
SHL,6/23/2024,425.4,429.9,420.2,421.0,-0.99,56865.0,559.8,464.0
SHL,6/24/2024,422.0,427.0,416.5,421.0,0.0,46367.0,559.8,464.0
SHL,6/25/2024,422.0,428.0,417.0,424.5,0.83,36994.0,559.8,464.0
SHL,6/26/2024,422.0,429.9,419.0,425.5,0.24,41149.0,559.8,464.0
SHL,6/27/2024,424.9,430.7,421.5,422.0,-0.82,28010.0,559.8,464.0
SHL,6/30/2024,422.7,423.5,420.2,420.2,-0.43,35905.0,559.8,464.0
SHL,7/1/2024,422.0,425.0,420.0,422.2,0.48,20589.0,559.8,464.0
SHL,7/2/2024,430.6,447.0,424.1,426.9,1.11,39729.0,559.8,464.0
SHL,7/3/2024,424.5,428.8,417.0,427.0,0.02,33526.0,559.8,464.0
SHL,7/4/2024,430.0,432.0,422.2,430.0,0.7,75919.0,559.8,464.0
SHL,7/7/2024,436.0,446.8,430.1,444.0,3.26,164987.0,559.8,464.0
SHL,7/8/2024,444.6,448.4,440.4,442.0,-0.45,58504.0,559.8,464.0
SHL,7/9/2024,440.0,441.8,438.0,440.0,-0.45,53976.0,559.8,464.0
SHL,7/10/2024,448.0,448.0,431.5,441.2,0.27,53167.0,559.8,464.0
SHL,7/11/2024,442.0,450.1,432.2,446.0,1.09,83393.0,559.8,464.0
SHL,7/14/2024,454.9,462.0,445.0,451.0,1.12,69731.0,559.8,464.0
SHL,7/15/2024,453.0,455.0,439.9,442.0,-2.0,56867.0,559.8,464.0
SHL,7/16/2024,442.1,458.5,440.0,456.0,3.17,118323.0,559.8,464.0
SHL,7/17/2024,464.9,489.0,455.0,482.0,5.7,341883.0,559.8,464.0
SHL,7/18/2024,482.0,491.0,471.4,477.2,-1.0,205712.0,559.8,464.0
SHL,7/21/2024,481.1,522.0,475.1,512.0,7.29,678574.0,559.8,464.0
SHL,7/22/2024,517.0,527.3,500.8,515.5,0.68,361548.0,559.8,464.0
SHL,7/23/2024,520.0,528.9,508.7,524.0,1.65,223141.0,559.8,464.0
SHL,7/24/2024,524.0,528.0,497.9,517.0,-1.34,405858.0,559.8,464.0
SHL,7/25/2024,512.0,532.4,510.0,517.5,0.1,264891.0,559.8,464.0
SHL,7/28/2024,520.0,530.0,504.1,518.6,0.21,270720.0,559.8,464.0
SHL,7/29/2024,528.9,528.9,506.1,519.0,0.08,294150.0,559.8,464.0
SHL,7/30/2024,512.0,561.0,511.0,559.0,7.71,663561.0,559.8,464.0
SHL,7/31/2024,570.0,580.0,548.8,561.1,0.38,324978.0,559.8,464.0
SHL,8/1/2024,570.0,570.0,545.1,553.8,-1.3,369102.0,559.8,464.0
SHL,8/5/2024,564.0,603.9,549.0,601.0,8.52,505999.0,559.8,464.0
SHL,8/6/2024,613.0,617.0,555.0,555.0,-7.65,511497.0,559.8,464.0
SHL,8/7/2024,555.0,594.0,550.0,588.0,5.95,286409.0,559.8,464.0
SHL,8/8/2024,599.7,611.6,565.0,578.0,-1.7,371098.0,559.8,464.0
SHL,8/11/2024,575.0,600.7,568.0,594.0,2.77,271619.0,559.8,464.0
SHL,8/12/2024,601.0,632.0,601.0,619.0,4.21,569649.0,559.8,464.0
SHL,8/13/2024,630.0,636.0,594.9,605.0,-2.26,275702.0,559.8,464.0
SHL,8/14/2024,617.1,628.2,583.1,624.1,3.16,490503.0,559.8,464.0
SHL,8/15/2024,636.5,636.5,607.0,613.4,-1.71,268580.0,559.8,464.0
SHL,8/18/2024,601.2,617.9,583.0,585.0,-4.63,252259.0,559.8,464.0
SHL,8/21/2024,591.9,597.7,581.1,585.0,0.0,136878.0,559.8,464.0
SHL,8/22/2024,596.7,596.7,573.5,580.0,-0.85,138558.0,559.8,464.0
SHL,8/25/2024,578.0,589.5,566.7,571.0,-1.55,155127.0,559.8,464.0
SHL,8/27/2024,563.0,583.9,560.0,563.0,-1.4,260154.0,559.8,464.0
SHL,8/28/2024,574.2,590.0,555.7,563.6,0.11,147818.0,559.8,464.0
SHL,8/29/2024,565.0,577.0,551.1,561.0,-0.46,126780.0,559.8,464.0
SHL,9/1/2024,567.1,570.0,543.0,545.0,-2.85,102695.0,559.8,464.0
SHL,9/2/2024,549.9,565.0,530.0,564.0,3.49,128109.0,559.8,464.0
SHL,9/3/2024,570.0,580.0,559.0,561.2,-0.5,82223.0,559.8,464.0
SHL,9/4/2024,560.1,567.0,538.0,541.0,-3.6,144453.0,559.8,464.0
SHL,9/5/2024,531.1,548.0,521.9,535.2,-1.07,120114.0,559.8,464.0
SHL,9/8/2024,545.9,545.9,525.0,527.0,-1.53,80146.0,559.8,464.0
SHL,9/9/2024,523.7,531.5,511.0,515.0,-2.28,138659.0,559.8,464.0
SHL,9/10/2024,525.3,525.3,510.4,520.0,0.97,78031.0,559.8,464.0
SHL,9/11/2024,513.0,530.4,506.3,513.9,-1.17,59545.0,559.8,464.0
SHL,9/12/2024,513.0,530.0,507.0,526.5,2.45,101099.0,559.8,464.0
SHL,9/15/2024,531.0,535.0,509.0,509.0,-3.32,104852.0,559.8,464.0
SHL,9/16/2024,519.0,519.0,495.0,498.7,-2.02,92179.0,559.8,464.0
SHL,9/18/2024,507.0,507.0,487.0,501.0,0.46,70257.0,559.8,464.0
SHL,9/22/2024,510.0,514.0,495.0,495.7,-1.06,45622.0,559.8,464.0
SHL,9/23/2024,492.3,496.0,477.1,482.1,-2.74,71985.0,559.8,464.0
SHL,9/24/2024,480.1,491.0,471.1,473.0,-1.89,75987.0,559.8,464.0
SHL,9/25/2024,479.0,490.0,464.0,489.0,3.38,92639.0,559.8,464.0
SHL,9/26/2024,495.0,495.0,477.0,481.0,-1.64,40088.0,559.8,464.0
SHL,9/29/2024,482.0,486.9,470.0,471.0,-2.08,51661.0,559.8,464.0
SHL,9/30/2024,480.0,483.9,471.0,483.5,2.65,25527.0,559.8,464.0
SHL,10/1/2024,490.9,515.0,485.0,514.9,6.49,111234.0,559.8,464.0
SHL,10/2/2024,514.9,515.0,495.8,508.0,-1.34,82481.0,559.8,464.0
SHL,10/6/2024,508.0,520.0,502.0,519.0,2.17,47525.0,559.8,464.0
SHL,10/7/2024,520.1,549.0,520.0,535.2,3.12,117594.0,559.8,464.0
SHL,10/8/2024,532.0,540.9,520.2,522.0,-2.47,53086.0,559.8,464.0
SHL,10/9/2024,517.0,535.0,515.0,528.0,1.15,30827.0,559.8,464.0
SHL,10/15/2024,530.0,532.9,520.1,532.9,0.93,27169.0,559.8,464.0
SHL,10/16/2024,530.0,544.0,530.0,541.0,1.52,53432.0,559.8,464.0
SHL,10/17/2024,542.0,544.4,534.0,535.0,-1.11,72803.0,559.8,464.0
SHL,10/20/2024,530.0,535.0,520.0,522.0,-2.43,85828.0,559.8,464.0
SHL,10/21/2024,513.1,522.0,506.0,512.7,-1.78,53723.0,559.8,464.0
SHL,10/22/2024,517.0,519.0,508.0,516.5,0.74,20415.0,559.8,464.0
SHL,10/23/2024,518.0,523.3,505.0,510.0,-1.26,35926.0,559.8,464.0
SHL,10/24/2024,511.5,516.5,505.0,508.0,-0.39,32239.0,559.8,464.0
SHL,10/27/2024,510.0,517.8,500.0,509.5,0.3,25356.0,559.8,464.0
SHL,10/28/2024,509.6,516.0,501.8,514.9,1.06,17966.0,559.8,464.0
SHL,10/29/2024,524.9,536.0,520.0,536.0,4.1,85283.0,559.8,464.0
SHL,10/30/2024,546.7,588.0,546.7,563.5,5.13,373835.0,559.8,464.0
SHL,11/5/2024,574.7,585.0,566.0,574.5,1.95,148281.0,559.8,464.0
SHL,11/6/2024,575.0,575.0,564.0,568.0,-1.13,77280.0,559.8,464.0
SHL,11/10/2024,570.0,570.5,561.0,568.0,0.0,100647.0,559.8,464.0
SHL,11/11/2024,573.0,574.0,553.0,567.0,-0.18,99452.0,559.8,464.0
SHL,11/12/2024,567.0,570.0,550.8,562.0,-0.88,67155.0,559.8,464.0
SHL,11/13/2024,562.0,566.0,553.7,555.2,-1.21,61063.0,559.8,464.0
SHL,11/14/2024,563.8,563.8,555.0,559.0,0.68,71045.0,559.8,464.0
SHL,11/17/2024,559.0,577.0,559.0,575.0,2.86,174633.0,559.8,464.0
SHL,11/19/2024,578.7,578.7,553.7,562.9,-2.1,105407.0,559.8,464.0
SHL,11/20/2024,570.0,570.0,555.0,562.0,-0.16,49006.0,559.8,464.0
SHL,11/21/2024,565.0,569.8,552.0,556.2,-1.03,62966.0,559.8,464.0
SHL,11/24/2024,556.0,567.0,555.1,555.6,-0.11,63157.0,559.8,464.0
SHL,11/25/2024,566.0,566.7,550.1,561.0,0.97,77555.0,559.8,464.0
SHL,11/26/2024,570.0,570.0,555.0,562.0,0.18,89930.0,559.8,464.0
SHL,11/27/2024,570.0,572.0,555.0,570.0,1.42,266148.0,559.8,464.0
SHL,11/28/2024,518.2,530.0,518.2,520.0,-8.77,100778.0,559.8,464.0
SHL,12/1/2024,530.4,530.4,504.7,504.7,-2.94,56228.0,559.8,464.0
SHL,12/2/2024,505.0,546.0,505.0,530.2,5.05,173941.0,559.8,464.0
SHL,12/3/2024,535.0,540.0,519.4,521.0,-1.74,42731.0,559.8,464.0
SHL,12/4/2024,519.0,531.4,519.0,522.3,0.25,37988.0,559.8,464.0
SHL,12/5/2024,516.0,520.9,494.9,505.1,-3.29,68151.0,559.8,464.0
SHL,12/8/2024,511.0,511.0,491.0,493.1,-2.38,57539.0,559.8,464.0
SHL,12/9/2024,502.0,503.0,486.6,487.3,-1.18,51779.0,559.8,464.0
SHL,12/10/2024,488.9,495.0,485.2,487.9,0.12,24239.0,559.8,464.0
SHL,12/11/2024,484.1,493.0,484.0,493.0,1.05,20593.0,559.8,464.0
SHL,12/12/2024,493.0,494.9,481.2,485.0,-1.62,30616.0,559.8,464.0
SHL,12/16/2024,484.0,487.5,470.0,473.4,-2.39,46458.0,559.8,464.0
SHL,12/17/2024,481.0,481.0,470.0,477.0,0.76,25235.0,559.8,464.0
SHL,12/18/2024,486.0,486.0,475.0,475.0,-0.42,32056.0,559.8,464.0
SHL,12/19/2024,480.0,483.0,470.0,470.0,-1.05,28383.0,559.8,464.0
SHL,12/22/2024,472.5,473.0,455.0,465.8,-0.89,26896.0,559.8,464.0
SHL,12/23/2024,472.0,472.0,458.1,466.0,0.04,34051.0,559.8,464.0
SHL,12/24/2024,470.0,475.3,467.0,472.9,1.48,29507.0,559.8,464.0
SHL,12/26/2024,470.0,471.9,460.6,469.0,-0.82,20942.0,559.8,464.0
SHL,12/29/2024,465.1,471.2,462.0,464.0,-1.07,23710.0,559.8,464.0
SHL,12/31/2024,470.0,470.0,457.2,463.0,-0.22,33338.0,559.8,464.0
SHL,1/1/2025,461.0,470.9,459.0,470.5,1.62,26776.0,559.8,464.0
SHL,1/2/2025,465.3,474.8,465.0,471.1,0.13,17851.0,559.8,464.0
SHL,1/5/2025,471.0,474.0,466.0,470.8,-0.06,29220.0,559.8,464.0
SHL,1/6/2025,475.0,492.0,470.0,490.0,4.08,58062.0,559.8,464.0
SHL,1/7/2025,497.9,497.9,482.0,493.6,0.73,41687.0,559.8,464.0
SHL,1/8/2025,492.0,494.8,481.5,492.0,-0.32,23362.0,559.8,464.0
SHL,1/9/2025,495.0,497.0,483.2,492.0,0.0,22261.0,559.8,464.0
SHL,1/12/2025,492.0,492.0,480.0,490.0,-0.41,20373.0,559.8,464.0
SHL,1/13/2025,488.0,489.0,477.3,480.3,-1.98,39562.0,559.8,464.0
SHL,1/15/2025,480.3,491.0,479.1,489.9,2.0,31943.0,559.8,464.0
SHL,1/16/2025,485.0,504.0,485.0,493.0,0.63,33445.0,559.8,464.0
SHL,1/19/2025,495.0,495.0,485.0,489.5,-0.71,28566.0,559.8,464.0
SHL,1/20/2025,490.0,493.9,489.5,491.0,0.31,32693.0,559.8,464.0
SHL,1/21/2025,491.0,504.9,490.0,500.0,1.83,40177.0,559.8,464.0
SHL,1/22/2025,500.0,519.0,500.0,518.0,3.6,137082.0,559.8,464.0
SHL,1/23/2025,520.0,520.0,500.0,513.9,-0.79,43221.0,559.8,464.0
SHL,1/26/2025,514.0,518.0,508.1,514.9,0.19,65954.0,559.8,464.0
SHL,1/27/2025,514.0,514.8,500.8,509.7,-1.01,38900.0,559.8,464.0
SHL,1/28/2025,511.0,517.0,500.0,515.0,1.04,44820.0,559.8,464.0
SHL,2/2/2025,510.0,526.1,510.0,521.0,1.17,101593.0,559.8,464.0
SHL,2/3/2025,524.0,532.0,516.6,526.0,0.96,91197.0,559.8,464.0
SHL,2/4/2025,525.9,525.9,513.5,515.0,-2.09,41998.0,559.8,464.0
SHL,2/5/2025,510.0,516.0,500.1,515.0,0.0,46341.0,559.8,464.0
SHL,2/6/2025,517.0,517.9,506.0,510.0,-0.97,38461.0,559.8,464.0
SHL,2/9/2025,501.1,514.0,500.0,507.0,-0.59,21170.0,559.8,464.0
SHL,2/10/2025,507.0,507.0,500.0,505.9,-0.22,18343.0,559.8,464.0
SHL,2/11/2025,497.0,503.9,487.6,493.0,-2.55,41220.0,559.8,464.0
SHL,2/12/2025,491.0,499.0,485.5,494.0,0.2,34970.0,559.8,464.0
SHL,2/13/2025,484.2,500.0,481.2,491.0,-0.61,30489.0,559.8,464.0
SHL,2/16/2025,491.0,503.7,475.3,499.0,1.63,127765.0,559.8,464.0
SHL,2/17/2025,499.0,524.9,491.0,510.3,2.26,92094.0,559.8,464.0
SHL,2/18/2025,511.0,523.5,500.1,506.0,-0.84,59691.0,559.8,464.0
SHL,2/20/2025,505.0,514.0,491.0,502.0,-0.79,34200.0,559.8,464.0
SHL,2/23/2025,495.0,510.0,486.2,499.0,-0.6,52054.0,559.8,464.0
SHL,2/24/2025,496.1,508.0,487.0,494.0,-1.0,51003.0,559.8,464.0
SHL,2/25/2025,494.0,502.0,486.3,495.0,0.2,40032.0,559.8,464.0
SHL,2/27/2025,495.0,503.0,486.3,497.0,0.4,29342.0,559.8,464.0
SHL,3/2/2025,504.0,522.9,496.0,518.0,4.23,117090.0,559.8,464.0
SHL,3/3/2025,517.0,521.0,507.0,511.0,-1.35,74206.0,559.8,464.0
SHL,3/4/2025,515.0,519.0,497.9,506.0,-0.98,66830.0,559.8,464.0
SHL,3/5/2025,506.0,514.0,494.1,503.0,-0.59,47814.0,559.8,464.0
SHL,3/6/2025,503.0,506.0,491.0,500.0,-0.6,41007.0,559.8,464.0
SHL,3/9/2025,500.1,505.5,490.0,498.0,-0.4,52240.0,559.8,464.0
SHL,3/10/2025,499.0,503.0,490.0,493.3,-0.94,44839.0,559.8,464.0
SHL,3/11/2025,489.1,500.5,485.1,486.4,-1.4,42471.0,559.8,464.0
SHL,3/12/2025,495.0,496.1,488.0,489.5,0.64,18462.0,559.8,464.0
SHL,3/16/2025,495.0,496.0,480.0,490.0,0.1,44346.0,559.8,464.0
SHL,3/17/2025,485.0,494.0,485.0,490.0,0.0,24967.0,559.8,464.0
SHL,3/18/2025,494.0,494.9,477.3,488.0,-0.41,22131.0,559.8,464.0
SHL,3/19/2025,493.8,495.0,488.1,490.0,0.41,37395.0,559.8,464.0
SHL,3/20/2025,494.0,495.0,485.0,488.99,-0.21,25574.0,559.8,464.0
SHL,3/23/2025,485.2,490.5,480.0,480.78,-1.68,40257.0,559.8,464.0
SHL,3/24/2025,480.0,486.0,472.0,484.81,0.84,36437.0,559.8,464.0
SHL,3/25/2025,476.0,482.0,470.4,471.94,-2.65,56357.0,559.8,464.0
SHL,3/26/2025,474.0,483.0,472.0,482.26,2.19,18612.0,559.8,464.0
SHL,3/27/2025,478.0,484.5,469.0,481.41,-0.18,38312.0,559.8,464.0
SHL,3/30/2025,480.8,490.0,480.0,486.48,1.05,33419.0,559.8,464.0
SHL,4/1/2025,480.0,486.0,470.0,478.85,-1.57,25594.0,559.8,464.0
SHL,4/2/2025,478.5,486.0,472.0,485.07,1.3,28246.0,559.8,464.0
SHL,4/3/2025,482.4,490.0,482.3,486.36,0.27,35234.0,559.8,464.0
SHL,4/7/2025,480.0,483.0,475.1,479.09,-1.49,30666.0,559.8,464.0
SHL,4/8/2025,475.0,480.0,469.2,476.13,-0.62,32877.0,559.8,464.0
SHL,4/9/2025,480.0,496.0,475.3,494.8,3.92,62267.0,559.8,464.0
SHL,4/10/2025,496.9,496.9,480.4,492.02,-0.56,22678.0,559.8,464.0
SHL,4/13/2025,489.3,494.8,477.0,492.53,0.1,25099.0,559.8,464.0
SHL,4/15/2025,497.0,507.0,490.0,506.04,2.74,107134.0,559.8,464.0
SHL,4/16/2025,507.9,510.0,495.9,505.39,-0.13,75902.0,559.8,464.0
SHL,4/17/2025,512.0,515.0,500.3,509.12,0.74,94140.0,559.8,464.0
SHL,4/20/2025,514.8,515.0,496.4,501.9,-1.42,66230.0,559.8,464.0
SHL,4/21/2025,499.5,508.0,490.0,501.18,-0.14,60608.0,559.8,464.0
SHL,4/22/2025,508.9,513.0,498.0,508.23,1.41,107177.0,559.8,464.0
SHL,4/23/2025,509.0,510.0,500.0,500.97,-1.43,78296.0,559.8,464.0
SHL,4/24/2025,501.0,504.0,488.1,495.98,-1.0,42546.0,559.8,464.0
SHL,4/27/2025,494.0,509.0,493.0,502.71,1.36,109402.0,559.8,464.0
SHL,4/28/2025,503.3,506.9,500.1,500.88,-0.36,57009.0,559.8,464.0
SHL,4/29/2025,502.0,502.0,489.0,499.8,-0.22,30608.0,559.8,464.0
SHL,4/30/2025,499.8,503.7,493.0,502.35,0.51,52501.0,559.8,464.0
SHL,5/4/2025,502.0,506.0,501.6,502.97,0.12,61481.0,559.8,464.0
SHL,5/5/2025,495.1,503.9,495.1,501.76,-0.24,27528.0,559.8,464.0
SHL,5/6/2025,501.5,504.9,490.5,500.85,-0.18,49467.0,559.8,464.0
SHL,5/7/2025,506.0,509.8,496.0,507.13,1.25,70383.0,559.8,464.0
SHL,5/8/2025,513.0,515.0,500.0,511.16,0.79,109167.0,559.8,464.0
SHL,5/11/2025,515.0,562.2,515.0,553.91,8.36,573286.0,559.8,464.0
SHL,5/13/2025,562.2,566.6,534.6,542.5,-2.06,253205.0,559.8,464.0
SHL,5/14/2025,552.0,562.0,526.1,529.25,-2.44,188073.0,559.8,464.0
SHL,5/15/2025,529.0,575.5,525.0,571.85,8.05,824999.0,559.8,464.0
SHL,5/18/2025,571.0,586.0,560.0,566.93,-0.86,409600.0,559.8,464.0
SHL,5/19/2025,555.6,574.9,544.9,555.34,-2.04,346161.0,559.8,464.0
SHL,5/20/2025,561.0,590.1,556.1,582.63,4.91,505312.0,559.8,464.0
SHL,5/21/2025,594.2,606.0,570.0,585.38,0.47,412921.0,559.8,464.0
SHL,5/22/2025,582.0,597.0,570.0,573.52,-2.03,347850.0,559.8,464.0
SHL,5/25/2025,571.1,577.0,545.9,563.14,-1.81,318522.0,559.8,464.0
SHL,5/26/2025,574.4,580.0,550.0,557.98,-0.92,230821.0,559.8,464.0
SHL,5/27/2025,551.0,565.0,546.7,561.8,0.68,226773.0,559.8,464.0
SHL,5/28/2025,550.6,580.0,550.6,570.85,1.61,315844.0,559.8,464.0
SHL,6/2/2025,582.2,601.0,578.0,585.4,2.55,561476.0,559.8,464.0
SHL,6/3/2025,586.0,589.0,562.0,571.18,-2.43,236083.0,559.8,464.0
SHL,6/4/2025,572.0,578.5,564.0,565.87,-0.93,123545.0,559.8,464.0
SHL,6/5/2025,558.0,571.8,550.0,560.82,-0.89,212462.0,559.8,464.0
SHL,6/8/2025,558.1,574.8,557.1,565.74,0.88,297550.0,559.8,464.0
SHL,6/9/2025,555.0,569.7,551.9,558.64,-1.25,239199.0,559.8,464.0
SHL,6/10/2025,565.0,578.0,558.6,572.03,2.4,315155.0,559.8,464.0
SHL,6/11/2025,568.1,574.0,559.0,561.07,-1.92,194522.0,559.8,464.0
SHL,6/12/2025,572.2,579.9,551.0,570.28,1.64,350935.0,559.8,464.0
SHL,6/15/2025,578.0,578.0,553.2,563.62,-1.17,159010.0,559.8,464.0
SHL,6/16/2025,554.0,604.0,554.0,599.15,6.3,900638.0,559.8,464.0
SHL,6/17/2025,611.1,617.9,588.0,592.55,-1.1,501929.0,559.8,464.0
SHL,6/18/2025,593.0,597.0,583.0,588.75,-0.64,144559.0,559.8,464.0
SHL,6/19/2025,586.9,596.0,573.5,579.75,-1.53,358731.0,559.8,464.0
SHL,6/22/2025,579.9,581.0,555.0,556.64,-3.99,213001.0,559.8,464.0
SHL,6/23/2025,563.0,569.9,543.0,563.45,1.22,142891.0,559.8,464.0
SHL,6/24/2025,572.0,574.0,556.0,556.9,-1.16,96835.0,559.8,464.0
SHL,6/25/2025,558.1,566.9,550.0,562.84,1.07,97030.0,559.8,464.0
SHL,6/26/2025,561.0,578.3,546.0,550.65,-2.17,204538.0,559.8,464.0
SHL,6/29/2025,540.0,557.8,540.0,553.26,0.47,99674.0,559.8,464.0
SHL,6/30/2025,553.2,561.7,550.0,553.27,0.0,96374.0,559.8,464.0
SHL,7/1/2025,555.0,559.9,544.0,558.5,0.95,84327.0,559.8,464.0
SHL,7/2/2025,556.0,565.0,550.0,561.66,0.57,87947.0,559.8,464.0
SHL,7/3/2025,564.0,565.0,549.0,559.13,-0.45,114750.0,559.8,464.0
SHL,7/6/2025,564.9,564.9,550.0,559.1,-0.01,106025.0,559.8,464.0
SHL,7/7/2025,566.0,577.0,555.1,564.65,0.99,169163.0,559.8,464.0
SHL,7/8/2025,570.0,570.0,550.0,564.25,-0.07,84450.0,559.8,464.0
SHL,7/9/2025,565.0,569.9,553.7,564.13,-0.02,75423.0,559.8,464.0
SHL,7/10/2025,569.0,576.3,553.0,564.16,0.01,72957.0,559.8,464.0
SHL,7/13/2025,572.6,575.4,551.8,567.25,0.55,169044.0,559.8,464.0
SHL,7/14/2025,568.1,574.8,558.6,566.02,-0.22,120143.0,559.8,464.0
SHL,7/15/2025,568.0,579.0,563.5,573.63,1.34,171988.0,559.8,464.0
SHL,7/16/2025,585.1,585.1,567.0,577.58,0.69,181350.0,559.8,464.0
SHL,7/17/2025,583.0,599.0,577.3,588.65,1.92,192333.0,559.8,464.0
SHL,7/20/2025,590.0,599.3,575.0,584.27,-0.74,228293.0,559.8,464.0
SHL,7/21/2025,581.0,595.0,572.0,584.07,-0.03,156962.0,559.8,464.0
SHL,7/22/2025,594.0,615.0,586.0,612.98,4.95,544088.0,559.8,464.0
SHL,7/23/2025,614.5,616.0,588.5,601.42,-1.89,319537.0,559.8,464.0
SHL,7/24/2025,613.3,613.3,590.0,605.47,0.67,212009.0,559.8,464.0
SHL,7/27/2025,608.9,619.0,588.0,590.37,-2.49,453779.0,559.8,464.0
SHL,7/28/2025,581.1,595.0,575.0,589.33,-0.18,210958.0,559.8,464.0
SHL,7/29/2025,599.9,600.0,583.3,586.45,-0.49,151771.0,559.8,464.0
SHL,7/30/2025,590.0,593.0,567.0,576.19,-1.75,237920.0,559.8,464.0
SHL,7/31/2025,564.7,582.8,564.7,573.85,-0.41,136308.0,559.8,464.0
SHL,8/3/2025,580.0,580.0,560.0,568.76,-0.89,101379.0,559.8,464.0
SHL,8/4/2025,574.0,575.0,559.2,566.15,-0.46,106407.0,559.8,464.0
SHL,8/5/2025,570.9,570.9,557.0,559.43,-1.19,113878.0,559.8,464.0
SHL,8/6/2025,555.0,565.0,550.0,561.68,0.4,60761.0,559.8,464.0
SHL,8/7/2025,560.0,570.0,560.0,565.31,0.65,45717.0,559.8,464.0
SHL,8/11/2025,561.0,569.5,549.8,556.71,-1.52,79745.0,559.8,464.0
SHL,8/12/2025,556.71,560.8,550.0,556.1,-0.11,43033.0,559.8,464.0
SHL,8/13/2025,555.0,560.0,550.0,557.78,0.3,26187.0,559.8,464.0
SHL,8/14/2025,557.5,564.9,556.0,560.85,0.55,42863.0,559.8,464.0
SHL,8/17/2025,561.0,568.0,550.1,562.09,0.22,42265.0,559.8,464.0
SHL,8/18/2025,566.8,567.0,555.0,565.49,0.6,29115.0,559.8,464.0
SHL,8/19/2025,568.8,568.8,555.0,561.75,-0.66,38347.0,559.8,464.0
SHL,8/20/2025,560.4,579.0,560.0,571.9,1.81,86698.0,559.8,464.0
SHL,8/21/2025,576.9,579.0,560.0,563.63,-1.45,24961.0,559.8,464.0
SHL,8/24/2025,569.0,572.0,550.0,558.48,-0.91,45670.0,559.8,464.0
SHL,8/25/2025,560.0,562.4,550.0,561.12,0.47,24835.0,559.8,464.0
SHL,8/26/2025,564.0,565.0,555.0,561.8,0.12,15674.0,559.8,464.0
SHL,8/27/2025,565.5,575.0,555.0,571.15,1.66,48014.0,559.8,464.0
SHL,8/28/2025,571.0,575.0,560.0,561.95,-1.61,87475.0,559.8,464.0
SHL,8/31/2025,566.0,566.0,550.2,559.32,-0.47,35900.0,559.8,464.0
SHL,9/1/2025,555.0,565.0,552.0,561.44,0.38,21663.0,559.8,464.0
SHL,9/2/2025,556.3,565.0,551.8,563.3,0.33,40466.0,559.8,464.0
SHL,9/3/2025,558.1,564.5,555.0,557.34,-1.06,44279.0,559.8,464.0
SHL,9/4/2025,558.0,561.0,547.0,551.78,-1.0,73684.0,559.8,464.0
SHL,9/7/2025,554.0,557.0,550.1,552.15,0.07,40514.0,559.8,464.0
SHL,9/8/2025,561.0,561.0,542.0,544.31,-1.42,32918.0,559.8,464.0
SHL,9/18/2025,533.5,533.5,489.9,489.9,-10.0,5696.0,559.8,464.0
SHL,9/21/2025,480.2,525.0,480.2,517.6,5.65,89896.0,559.8,464.0
SHL,9/23/2025,521.0,540.0,519.0,537.1,3.77,37955.0,559.8,464.0
SHL,9/24/2025,540.0,540.0,520.0,532.0,-0.95,32711.0,559.8,464.0
SHL,9/25/2025,523.4,535.0,515.0,530.2,-0.34,26208.0,559.8,464.0
SHL,9/28/2025,539.9,539.9,526.0,536.4,1.17,12303.0,559.8,464.0
SHL,10/7/2025,526.0,530.0,515.5,521.0,-2.87,40916.0,559.8,464.0
SHL,10/8/2025,515.2,518.0,498.0,505.7,-2.94,56489.0,559.8,464.0
SHL,10/9/2025,515.8,536.5,506.0,511.0,1.05,31500.0,559.8,464.0
SHL,10/12/2025,504.3,505.0,470.4,478.2,-6.42,132788.0,559.8,464.0
SHL,10/13/2025,477.0,501.0,477.0,501.0,4.77,55736.0,559.8,464.0
SHL,10/14/2025,499.8,500.9,488.0,493.0,-1.6,20551.0,559.8,464.0
SHL,10/15/2025,486.0,498.0,486.0,488.5,-0.91,30371.0,559.8,464.0
SHL,10/16/2025,487.5,494.0,483.3,485.0,-0.72,19520.0,559.8,464.0
SHL,10/19/2025,494.0,495.5,485.0,494.5,1.96,21984.0,559.8,464.0
SHL,10/26/2025,488.0,502.7,485.0,501.0,1.31,17881.0,559.8,464.0
SHL,10/28/2025,505.8,518.9,499.1,518.9,3.57,61184.0,559.8,464.0
SHL,10/29/2025,529.2,559.8,529.2,543.1,4.66,207945.0,559.8,464.0
SHL,10/30/2025,553.0,555.0,538.1,549.0,1.09,102925.0,559.8,464.0
SHL,11/2/2025,555.0,557.5,549.0,552.0,0.55,76357.0,559.8,464.0
SHL,11/3/2025,549.0,555.0,538.1,548.0,-0.72,47749.0,559.8,464.0
SHL,11/4/2025,558.9,558.9,537.1,544.0,-0.73,35815.0,559.8,464.0
SHL,11/5/2025,534.0,545.0,534.0,542.2,-0.33,41106.0,559.8,464.0
SHL,11/6/2025,543.0,555.0,536.2,540.0,-0.41,48155.0,559.8,464.0
SHL,11/9/2025,545.0,545.0,535.0,540.0,0.0,35370.0,559.8,464.0
SHL,11/10/2025,542.0,543.6,536.0,543.6,0.67,35661.0,559.8,464.0
SHL,11/11/2025,545.0,554.4,531.0,548.8,0.96,83496.0,559.8,464.0
SHL,11/12/2025,551.9,551.9,540.0,541.5,-1.33,25230.0,559.8,464.0
SHL,11/13/2025,547.0,547.0,536.0,539.7,-0.33,48141.0,559.8,464.0
SHL,11/16/2025,543.8,543.8,525.0,536.0,-0.69,59547.0,559.8,464.0
SHL,11/17/2025,540.0,550.0,533.0,543.0,1.31,28431.0,559.8,464.0
SHL,11/18/2025,540.0,550.9,540.0,545.0,0.37,28435.0,559.8,464.0
SHL,11/19/2025,552.0,552.0,542.0,545.8,0.15,28517.0,559.8,464.0
SHL,11/20/2025,550.0,552.0,544.0,546.0,0.04,96431.0,559.8,464.0
SHL,11/23/2025,480.0,481.0,464.0,471.9,-13.57,46349.0,559.8,464.0
SHL,11/24/2025,472.0,480.0,471.9,477.0,1.08,30245.0,559.8,464.0
SHL,11/25/2025,477.5,479.7,470.0,477.9,0.19,15265.0,559.8,464.0
SHL,11/26/2025,479.0,494.0,477.9,493.0,3.16,50083.0,559.8,464.0
SHL,11/27/2025,494.0,496.5,490.0,495.0,0.41,24097.0,559.8,464.0
SHL,11/30/2025,495.0,500.0,487.2,498.4,0.69,63990.0,559.8,464.0
SHL,12/1/2025,491.3,500.0,488.0,493.0,-1.08,24408.0,559.8,464.0
SHL,12/2/2025,495.0,496.0,486.0,487.4,-1.14,11361.0,559.8,464.0
SHL,12/3/2025,481.0,496.7,478.2,484.0,-0.7,16548.0,559.8,464.0
SHL,12/7/2025,491.2,491.2,478.0,480.0,-0.83,17710.0,559.8,464.0
SHL,12/8/2025,470.4,485.1,470.4,479.7,-0.06,11295.0,559.8,464.0
SHL,12/9/2025,480.0,487.8,475.0,484.5,1.0,13710.0,559.8,464.0
SHL,12/10/2025,488.0,490.0,479.3,489.0,0.93,19935.0,559.8,464.0
SHL,12/11/2025,485.0,489.8,475.3,485.5,-0.72,8582.0,559.8,464.0
SHL,12/14/2025,485.0,487.8,475.9,487.0,0.31,11193.0,559.8,464.0
SHL,12/15/2025,487.0,497.0,480.0,486.0,-0.21,10782.0,559.8,464.0
SHL,12/16/2025,487.0,495.0,483.0,495.0,1.85,13058.0,559.8,464.0
SHL,12/17/2025,495.0,496.0,485.0,491.6,-0.69,14580.0,559.8,464.0
SHL,12/18/2025,491.0,494.8,486.0,494.7,0.63,15109.0,559.8,464.0
SHL,12/21/2025,488.0,493.0,480.0,486.0,-1.76,9156.0,559.8,464.0
SHL,12/22/2025,477.0,485.7,470.0,478.6,-1.52,34104.0,559.8,464.0
SHL,12/23/2025,478.0,485.0,471.0,479.5,0.19,15466.0,559.8,464.0
SHL,12/24/2025,479.5,486.0,475.0,480.5,0.21,11182.0,559.8,464.0
SHL,12/28/2025,470.9,490.1,470.9,488.5,1.66,12144.0,559.8,464.0
SHL,12/29/2025,485.0,493.0,480.0,488.1,-0.08,29177.0,559.8,464.0
SHL,12/31/2025,493.0,493.0,485.0,492.0,0.8,25981.0,559.8,464.0
SHL,1/1/2026,490.0,494.0,480.0,487.9,-0.83,14998.0,559.8,464.0
SHL,1/4/2026,487.9,493.0,475.0,489.0,0.23,17633.0,559.8,464.0
SHL,1/5/2026,485.0,496.0,485.0,494.0,1.02,42684.0,559.8,464.0
SHL,1/6/2026,494.0,510.0,490.0,499.9,1.19,58331.0,559.8,464.0
SHL,1/7/2026,500.0,500.0,490.0,495.0,-0.98,14764.0,559.8,464.0
SHL,1/8/2026,491.1,500.0,491.1,497.0,0.4,11547.0,559.8,464.0
SHL,1/12/2026,492.2,498.9,483.2,493.0,-0.8,62815.0,559.8,464.0
SHL,1/13/2026,486.0,497.9,486.0,495.7,0.55,16894.0,559.8,464.0
SHL,1/14/2026,499.0,503.0,487.7,498.0,0.46,46757.0,559.8,464.0
SHL,1/18/2026,502.0,502.0,497.3,498.0,0.0,29400.0,559.8,464.0
SHL,1/20/2026,502.0,515.2,499.0,515.0,3.41,99453.0,559.8,464.0
SHL,1/21/2026,509.0,512.0,500.0,502.0,-2.52,31970.0,559.8,464.0
SHL,1/22/2026,500.0,510.0,495.0,501.8,-0.04,17717.0,559.8,464.0
SHL,1/25/2026,499.9,515.2,495.0,508.5,1.34,40572.0,559.8,464.0
SHL,1/26/2026,507.0,514.4,498.5,513.0,0.88,33023.0,559.8,464.0
SHL,1/27/2026,515.0,523.0,499.2,507.0,-1.17,62156.0,559.8,464.0
SHL,1/28/2026,505.0,507.1,493.0,503.1,-0.77,22435.0,559.8,464.0
SHL,1/29/2026,499.0,513.0,499.0,501.5,-0.32,27785.0,559.8,464.0
SHL,2/1/2026,501.5,504.9,490.0,496.1,-1.08,30983.0,559.8,464.0
SHL,2/2/2026,500.0,500.0,490.1,493.1,-0.6,10981.0,559.8,464.0
SHL,2/3/2026,493.2,513.0,493.1,497.0,0.79,38791.0,559.8,464.0
SHL,2/4/2026,500.0,505.0,495.0,499.0,0.4,25371.0,559.8,464.0
SHL,2/5/2026,494.0,504.0,494.0,503.5,0.9,16517.0,559.8,464.0
SHL,2/8/2026,500.0,504.0,496.0,498.0,-1.09,27063.0,559.8,464.0
SHL,2/9/2026,495.0,499.0,490.0,497.0,-0.2,25082.0,559.8,464.0
SHL,2/10/2026,504.9,504.9,494.6,496.0,-0.2,18543.0,559.8,464.0
SHL,2/11/2026,505.9,507.0,494.0,497.0,0.2,10898.0,559.8,464.0
SHL,2/12/2026,495.1,503.0,488.1,491.5,-1.11,41181.0,559.8,464.0
SHL,2/16/2026,492.0,498.0,485.0,491.0,-0.1,20299.0,559.8,464.0
SHL,2/17/2026,494.9,496.0,485.0,489.0,-0.41,20615.0,559.8,464.0
SHL,2/22/2026,489.0,492.0,485.0,487.1,-0.39,31530.0,559.8,464.0
SHL,2/23/2026,489.1,489.5,483.0,486.3,-0.16,31198.0,559.8,464.0
SHL,2/24/2026,488.0,490.0,480.0,490.0,0.76,16284.0,559.8,464.0
SHL,2/25/2026,490.0,494.0,490.0,491.0,0.2,7134.0,559.8,464.0
SHL,2/26/2026,490.0,500.0,488.0,493.1,0.43,10105.0,559.8,464.0
SHL,2/27/2026,490.0,500.0,488.0,493.1,0.0,10105.0,559.8,464.0
SHL,2/28/2026,490.0,500.0,488.0,493.1,0.0,10105.0,559.8,464.0
SHL,3/2/2026,493.0,498.0,485.0,496.0,0.59,16267.0,559.8,464.0
SHL,3/3/2026,496.0,505.0,495.0,501.8,1.17,19351.0,559.8,464.0
SHL,3/4/2026,496.0,505.0,495.0,501.8,0.0,19351.0,559.8,464.0
SHL,3/5/2026,496.0,505.0,495.0,501.8,0.0,19351.0,559.8,464.0
SHL,3/6/2026,496.0,505.0,495.0,501.8,0.0,19351.0,559.8,464.0
SHL,3/7/2026,496.0,505.0,495.0,501.8,0.0,19351.0,559.8,464.0
SHL,3/8/2026,496.0,505.0,495.0,501.8,0.0,19351.0,559.8,464.0
SHL,3/9/2026,511.8,532.0,511.8,530.0,5.62,2165.0,559.8,464.0
SHL,3/10/2026,530.0,530.0,503.0,515.0,-2.83,137995.0,559.8,464.0
SHL,3/11/2026,525.0,525.0,500.9,510.0,-0.97,65828.0,559.8,464.0
SHL,3/12/2026,503.0,515.0,498.9,511.0,0.2,43826.0,559.8,464.0
SHL,3/13/2026,503.0,515.0,498.9,511.0,0.0,43826.0,559.8,464.0
SHL,3/14/2026,503.0,515.0,498.9,511.0,0.0,43826.0,559.8,464.0
SHL,3/15/2026,511.0,522.2,499.8,511.6,0.12,47014.0,559.8,464.0
SHL,3/16/2026,510.0,520.0,500.0,508.9,-0.53,37910.0,559.8,464.0
SHL,3/17/2026,514.0,514.0,500.0,507.8,-0.22,57512.0,559.8,464.0
SHL,3/18/2026,514.0,514.0,500.0,507.8,0.0,57512.0,559.8,464.0
SHL,3/19/2026,507.6,525.0,502.0,516.0,1.61,107712.0,559.8,464.0
SHL,3/20/2026,507.6,525.0,502.0,516.0,0.0,107712.0,559.8,464.0
SHL,3/21/2026,507.6,525.0,502.0,516.0,0.0,107712.0,559.8,464.0
SHL,3/22/2026,524.9,537.0,503.0,535.0,3.68,168314.0,559.8,464.0
SHL,3/23/2026,538.0,540.0,520.0,528.4,-1.23,111657.0,559.8,464.0
SHL,3/24/2026,531.0,531.0,510.0,522.1,-1.19,66533.0,559.8,464.0
SHL,3/25/2026,525.0,527.0,514.5,518.0,-0.79,73932.0,559.8,464.0
SHL,3/26/2026,512.0,522.2,509.0,519.1,1.39,125133.0,559.8,464.0
SHL,3/29/2026,519.0,520.0,505.0,508.9,-1.95,82444.0,559.8,464.0
SHL,3/30/2026,505.0,512.0,499.0,499.0,-1.19,82569.0,559.8,464.0
SHL,3/31/2026,500.2,506.0,488.0,504.1,0.78,35389.0,559.8,464.0
SHL,4/1/2026,502.0,505.0,481.0,491.0,-2.19,82708.0,559.8,464.0
SHL,4/2/2026,492.2,495.0,481.2,492.0,-0.04,33660.0,559.8,464.0
SHL,4/5/2026,492.0,492.0,479.0,479.0,-2.64,61854.0,559.8,464.0
SHL,4/6/2026,479.0,499.0,475.0,491.0,2.51,36249.0,559.8,464.0
SHL,4/7/2026,491.0,500.0,480.0,493.9,0.59,60466.0,559.8,464.0
SHL,4/8/2026,497.0,500.0,488.0,496.9,-0.02,75218.0,559.8,464.0
SHL,4/9/2026,497.1,510.0,495.0,509.0,2.39,49840.0,559.8,464.0
SHL,4/10/2026,510.0,512.0,495.0,501.0,-1.76,67873.0,559.8,464.0
SHL,4/13/2026,500.1,509.0,500.0,508.0,1.58,38220.0,559.8,464.0
SHL,4/15/2026,505.0,535.0,501.0,521.1,3.19,186977.0,559.8,464.0
SHL,4/16/2026,521.0,522.0,507.0,512.5,-1.63,55865.0,559.8,464.0
SHL,4/17/2026,513.0,522.5,502.4,515.0,0.39,96258.0,559.8,464.0
SHL,4/20/2026,507.0,511.0,503.6,509.5,0.49,51947.0,559.8,464.0
SHL,4/21/2026,505.1,515.0,503.1,506.9,0.36,32825.0,559.8,464.0
SHL,4/22/2026,503.1,505.0,483.0,503.0,-0.02,48418.0,559.8,464.0
SHL,4/23/2026,506.0,510.0,483.1,497.5,-1.68,18979.0,559.8,464.0
SHL,4/24/2026,484.0,528.8,484.0,501.0,3.51,26882.0,559.8,464.0
SHL,4/27/2026,501.0,505.9,500.0,504.8,0.76,13686.0,559.8,464.0
SHL,4/28/2026,504.8,506.0,488.9,501.9,-0.57,12445.0,559.8,464.0
SHL,4/29/2026,501.9,501.0,490.0,498.0,-0.78,14002.0,559.8,464.0
SHL,4/30/2026,490.0,530.0,490.0,496.1,1.24,40288.0,559.8,464.0
SHL,5/4/2026,490.2,500.0,489.0,492.1,0.39,21376.0,559.8,464.0
SHL,5/5/2026,491.0,500.0,489.1,492.3,0.26,14185.0,559.8,464.0
SHL,5/6/2026,492.3,497.0,480.0,495.9,0.73,22373.0,559.8,464.0
SHL,5/7/2026,503.0,503.0,490.0,496.9,-1.21,9486.0,559.8,464.0
SHL,5/8/2026,497.0,498.5,490.0,495.6,-0.28,20264.0,559.8,464.0
SHL,5/11/2026,500.0,502.9,495.0,500.8,0.16,23853.0,559.8,464.0
SHL,5/12/2026,500.0,504.0,487.0,497.9,-0.42,14049.0,559.8,464.0
SHL,5/13/2026,492.0,499.0,485.0,497.4,1.1,13938.0,559.8,464.0
SHL,5/14/2026,493.0,498.0,490.0,497.7,0.95,12043.0,559.8,464.0
SHL,5/15/2026,495.0,500.0,490.0,498.4,0.69,15141.0,559.8,464.0
SHL,5/18/2026,495.0,500.0,494.0,497.8,0.57,17467.0,559.8,464.0
SHL,5/19/2026,497.8,500.6,495.0,500.6,0.56,9518.0,559.8,464.0
SHL,5/20/2026,503.0,505.0,496.3,505.0,0.4,18507.0,559.8,464.0
SHL,5/21/2026,503.0,509.9,497.5,499.0,-0.8,14641.0,559.8,464.0
SHL,5/22/2026,500.0,504.0,497.0,500.1,0.02,10068.0,559.8,464.0
SHL,5/25/2026,501.5,509.0,500.0,508.0,1.3,37226.0,559.8,464.0
SHL,5/26/2026,508.0,512.0,498.0,508.0,0.0,34537.0,559.8,464.0
SHL,5/27/2026,508.0,512.0,505.0,511.0,0.59,20202.0,559.8,464.0
SHL,6/1/2026,506.0,520.0,500.0,510.0,0.79,22177.0,559.8,464.0
SHL,6/2/2026,508.0,509.9,504.0,506.5,-0.3,20630.0,559.8,464.0
SHL,6/3/2026,509.9,512.9,500.0,505.7,-0.82,18437.0,559.8,464.0
SHL,6/4/2026,505.7,511.0,502.0,503.7,-0.4,10883.0,559.8,464.0
SHL,6/5/2026,505.0,518.0,500.0,503.1,-0.38,18018.0,559.8,464.0
SHL,6/8/2026,502.3,507.1,490.0,503.1,0.16,5320.0,559.8,464.0
SHL,6/9/2026,503.0,503.0,480.6,502.7,-0.06,39630.0,559.8,464.0
SHL,6/10/2026,494.1,506.9,483.0,500.0,1.19,3657.0,559.8,464.0
SHL,6/11/2026,507.0,507.9,495.0,505.0,-0.39,31145.0,559.8,464.0
SHL,6/12/2026,500.0,509.0,500.0,505.0,1.0,20365.0,559.8,464.0
SHL,6/15/2026,500.0,505.0,498.0,500.0,0.0,14410.0,559.8,464.0
SHL,6/16/2026,500.0,504.0,497.0,498.0,-0.4,14809.0,559.8,464.0
SHL,6/17/2026,500.0,500.0,492.0,495.8,-0.84,48298.0,559.8,464.0
SHL,6/18/2026,492.3,497.0,490.0,494.8,0.51,35377.0,559.8,464.0
SHL,6/19/2026,498.0,498.0,490.1,494.0,-0.8,13969.0,559.8,464.0
SHL,6/22/2026,494.0,495.0,488.0,493.0,-0.2,29833.0,559.8,464.0
SHL,6/23/2026,500.0,522.0,491.0,492.3,-1.54,20291.0,559.8,464.0
SHL,6/24/2026,490.0,494.9,488.1,494.9,1.0,18141.0,559.8,464.0
SHL,6/26/2026,492.1,493.1,491.6,492.0,-0.02,8477.0,559.8,464.0
SHL,6/29/2026,492.0,492.0,488.2,488.2,-0.77,10113.0,559.8,464.0
SHL,6/30/2026,490.0,490.0,483.1,487.0,-0.61,21792.0,559.8,464.0
SHL,7/1/2026,489.9,500.0,489.1,492.0,0.43,13270.0,559.8,464.0
SHL,7/2/2026,498.0,505.0,487.5,493.0,-1.0,6333.0,559.8,464.0
SHL,7/3/2026,490.0,498.0,485.0,491.2,0.24,7613.0,559.8,464.0
SHL,7/6/2026,500.0,500.0,490.0,493.0,-1.4,27533.0,559.8,464.0
SHL,7/7/2026,499.8,521.0,490.0,496.0,-0.76,54285.0,559.8,464.0
SHL,7/8/2026,494.0,505.0,490.0,493.0,-0.2,18401.0,559.8,464.0
SHL,7/9/2026,492.9,500.0,488.5,492.0,-0.18,33083.0,559.8,464.0
SHL,7/10/2026,497.8,500.0,489.0,490.5,-1.47,16511.0,559.8,464.0
SHL,7/13/2026,490.5,492.0,486.4,486.4,-0.84,29566.0,559.8,464.0
SHL,7/14/2026,486.5,490.0,474.4,486.0,-0.1,45360.0,559.8,464.0
SHL,7/15/2026,496.0,496.0,487.0,487.0,-1.81,21524.0,559.8,464.0
SHL,7/16/2026,496.0,496.0,488.6,489.5,-1.31,14876.0,559.8,464.0
SHL,7/17/2026,492.0,500.0,490.2,499.5,1.52,17187.0,559.8,464.0
SHL,7/20/2026,499.0,510.0,499.0,503.8,0.96,15033.0,559.8,464.0
SHL,7/21/2026,503.9,510.0,500.0,505.0,0.22,31042.0,559.8,464.0
SHL,7/22/2026,505.0,505.0,497.7,502.0,-0.59,18022.0,559.8,464.0
SHL,7/23/2026,498.0,504.4,496.4,499.6,0.32,9794.0,559.8,464.0
SHL,7/24/2026,504.9,505.0,499.0,503.0,-0.38,15100.0,559.8,464.0
SHL,7/27/2026,502.0,505.5,499.1,502.0,0.0,25899.0,559.8,464.0
SHL,7/28/2026,505.0,508.0,495.0,500.9,-0.81,25363.0,559.8,464.0
SHL,7/29/2026,499.0,502.0,498.2,500.0,0.2,10770.0,559.8,464.0
SHL,7/30/2026,500.0,501.4,498.3,500.0,0.0,6446.0,559.8,464.0
SHL,7/31/2026,496.0,501.0,496.0,501.0,1.01,9444.0,559.8,464.0
SHL,8/3/2026,500.0,504.0,498.0,500.0,0.0,23716.0,559.8,464.0
SHL,8/4/2026,500.0,513.4,496.0,500.0,0.0,5881.0,559.8,464.0
SHL,8/5/2026,499.0,505.0,497.0,501.0,0.4,10373.0,559.8,464.0
SHL,8/6/2026,500.0,502.0,498.0,498.6,-0.28,16007.0,559.8,464.0
SHL,8/7/2026,498.6,502.0,497.3,499.1,0.1,16785.0,559.8,464.0
SHL,8/10/2026,499.0,501.0,497.3,498.0,-0.2,12145.0,559.8,464.0
SHL,8/11/2026,502.0,519.1,489.5,503.0,0.2,19086.0,559.8,464.0
SHL,8/12/2026,502.0,508.0,502.0,508.0,1.2,23413.0,559.8,464.0
SHL,8/13/2026,508.0,509.9,500.0,509.0,0.2,14077.0,559.8,464.0
SHL,8/14/2026,511.9,511.9,500.0,504.4,-1.47,6324.0,559.8,464.0
SHL,8/17/2026,503.0,505.0,501.0,505.0,0.4,11790.0,559.8,464.0
SHL,8/18/2026,500.2,502.9,498.1,502.9,0.54,27813.0,559.8,464.0
SHL,8/19/2026,498.0,500.0,490.0,498.0,0.0,24850.0,559.8,464.0
SHL,8/20/2026,499.0,499.3,496.0,498.0,-0.2,19847.0,559.8,464.0
SHL,8/21/2026,505.0,511.0,500.0,500.2,-0.95,19907.0,559.8,464.0
SHL,8/24/2026,500.0,515.2,495.0,509.9,1.98,52670.0,559.8,464.0
SHL,8/25/2026,509.0,510.0,500.0,508.9,-0.02,24876.0,559.8,464.0
SHL,8/26/2026,503.0,508.9,500.0,508.0,0.99,29027.0,559.8,464.0
SHL,8/27/2026,500.0,508.7,495.0,508.7,1.74,12179.0,559.8,464.0
SHL,8/31/2026,511.0,511.0,496.0,497.1,-2.72,12590.0,559.8,464.0
SHL,9/1/2026,498.0,507.0,495.0,500.0,0.4,30819.0,559.8,464.0
SHL,9/2/2026,501.5,501.5,495.0,500.0,-0.3,28236.0,559.8,464.0
SHL,9/3/2026,498.0,502.0,497.0,502.0,0.8,6427.0,559.8,464.0
SHL,9/7/2026,503.0,503.0,488.0,502.5,-0.1,27156.0,559.8,464.0
SHL,9/9/2026,501.0,508.0,498.3,501.8,0.16,14645.0,559.8,464.0
SHL,9/10/2026,500.0,508.5,495.0,501.9,0.38,101711.0,559.8,464.0
SHL,9/11/2026,501.9,506.0,497.5,505.3,0.68,22053.0,559.8,464.0
SHL,9/14/2026,505.0,507.5,490.0,505.0,0.0,28074.0,559.8,464.0
SHL,9/15/2026,530.2,530.2,502.0,509.9,-3.83,44897.0,559.8,464.0
SHL,9/16/2026,509.0,510.0,501.0,508.1,-0.18,20290.0,559.8,464.0
SHL,9/17/2026,510.0,520.0,500.0,515.0,0.98,70692.0,559.8,464.0
SHL,9/18/2026,508.0,520.5,508.0,516.5,1.67,49428.0,559.8,464.0
SHL,9/22/2026,520.2,520.2,511.1,519.0,-0.23,44000.0,559.8,464.0
SHL,9/23/2026,519.0,520.3,515.0,517.6,-0.27,35072.0,559.8,464.0
SHL,9/24/2026,515.1,520.9,512.0,518.0,0.56,36250.0,559.8,464.0
SHL,9/28/2026,513.2,520.0,513.0,516.0,0.55,30748.0,559.8,464.0
SHL,9/29/2026,514.0,515.9,511.2,0.0,-100.0,10651.0,559.8,464.0
SHL,9/30/2026,510.2,515.0,509.0,509.1,-0.22,19199.0,559.8,464.0
SHL,10/1/2026,510.0,515.0,508.0,509.8,-0.04,20385.0,559.8,464.0
SHL,10/2/2026,512.0,512.0,506.3,509.0,-0.59,34172.0,559.8,464.0
SHLB,12/21/2025,1675.2,1694.0,1660.0,1671.0,,315.0,1961.0,1215.3
SHLB,12/22/2025,1660.0,1660.0,1627.2,1640.0,-1.86,1439.0,1961.0,1215.3
SHLB,12/23/2025,1640.0,1640.0,1610.0,1630.0,-0.61,468.0,1961.0,1215.3
SHLB,12/24/2025,1630.0,1660.0,1616.4,1658.0,1.72,282.0,1961.0,1215.3
SHLB,12/28/2025,1646.0,1657.0,1624.9,1657.0,-0.06,876.0,1961.0,1215.3
SHLB,12/29/2025,1657.0,1657.0,1626.0,1627.2,-1.8,907.0,1961.0,1215.3
SHLB,12/31/2025,1607.3,1626.0,1555.0,1585.0,-2.59,2666.0,1961.0,1215.3
SHLB,1/1/2026,1585.1,1594.0,1564.4,1579.0,-0.38,1778.0,1961.0,1215.3
SHLB,1/4/2026,1580.0,1599.0,1553.0,1599.0,1.27,1397.0,1961.0,1215.3
SHLB,1/5/2026,1600.0,1600.0,1540.2,1595.0,-0.25,1505.0,1961.0,1215.3
SHLB,1/6/2026,1620.0,1620.0,1565.5,1582.0,-0.82,343.0,1961.0,1215.3
SHLB,1/7/2026,1584.0,1585.0,1560.0,1581.9,-0.01,1269.0,1961.0,1215.3
SHLB,1/8/2026,1581.0,1585.0,1560.1,1580.9,-0.06,903.0,1961.0,1215.3
SHLB,1/12/2026,1561.0,1580.0,1561.0,1574.0,-0.44,477.0,1961.0,1215.3
SHLB,1/13/2026,1546.0,1635.0,1546.0,1580.1,0.39,785.0,1961.0,1215.3
SHLB,1/14/2026,1566.6,1603.9,1566.6,1590.0,0.63,1094.0,1961.0,1215.3
SHLB,1/18/2026,1621.8,1683.0,1621.8,1670.0,5.03,2540.0,1961.0,1215.3
SHLB,1/20/2026,1698.0,1705.0,1660.0,1702.0,1.92,2391.0,1961.0,1215.3
SHLB,1/21/2026,1680.0,1680.0,1651.0,1651.0,-3.0,788.0,1961.0,1215.3
SHLB,1/22/2026,1621.0,1679.9,1621.0,1679.9,1.75,865.0,1961.0,1215.3
SHLB,1/25/2026,1687.0,1710.0,1626.1,1683.3,0.2,983.0,1961.0,1215.3
SHLB,1/26/2026,1715.0,1715.0,1661.0,1693.0,0.58,929.0,1961.0,1215.3
SHLB,1/27/2026,1693.0,1726.8,1667.0,1667.0,-1.54,1234.0,1961.0,1215.3
SHLB,1/28/2026,1667.0,1694.9,1642.5,1694.9,1.67,375.0,1961.0,1215.3
SHLB,1/29/2026,1670.1,1679.9,1645.1,1678.0,-1.0,880.0,1961.0,1215.3
SHLB,2/1/2026,1644.5,1670.0,1630.0,1644.9,-1.97,295.0,1961.0,1215.3
SHLB,2/2/2026,1637.1,1655.0,1619.0,1630.0,-0.91,1064.0,1961.0,1215.3
SHLB,2/3/2026,1606.0,1629.0,1601.0,1629.0,-0.06,766.0,1961.0,1215.3
SHLB,2/4/2026,1605.1,1616.0,1600.0,1616.0,-0.8,638.0,1961.0,1215.3
SHLB,2/5/2026,1648.0,1648.2,1600.0,1648.2,1.99,925.0,1961.0,1215.3
SHLB,2/8/2026,1616.0,1632.0,1600.0,1632.0,-0.98,511.0,1961.0,1215.3
SHLB,2/9/2026,1608.0,1608.1,1602.0,1608.0,-1.47,350.0,1961.0,1215.3
SHLB,2/10/2026,1620.0,1630.0,1570.0,1570.0,-2.36,1299.0,1961.0,1215.3
SHLB,2/11/2026,1601.4,1610.9,1575.0,1610.9,2.61,340.0,1961.0,1215.3
SHLB,2/12/2026,1635.0,1635.0,1585.0,1586.2,-1.53,1109.0,1961.0,1215.3
SHLB,2/16/2026,1570.0,1598.0,1560.0,1598.0,0.74,288.0,1961.0,1215.3
SHLB,2/17/2026,1571.1,1589.0,1567.0,1582.0,-1.0,454.0,1961.0,1215.3
SHLB,2/22/2026,1613.0,1644.0,1551.0,1558.0,-1.52,260.0,1961.0,1215.3
SHLB,2/23/2026,1567.0,1570.0,1546.0,1546.0,-0.77,966.0,1961.0,1215.3
SHLB,2/24/2026,1576.0,1576.9,1546.0,1552.0,0.39,205.0,1961.0,1215.3
SHLB,2/25/2026,1552.0,1560.0,1552.0,1560.0,0.52,670.0,1961.0,1215.3
SHLB,2/26/2026,1555.1,1560.0,1555.1,1556.0,-0.26,184.0,1961.0,1215.3
SHLB,2/27/2026,1555.1,1560.0,1555.1,1556.0,0.0,184.0,1961.0,1215.3
SHLB,2/28/2026,1555.1,1560.0,1555.1,1556.0,0.0,184.0,1961.0,1215.3
SHLB,3/2/2026,1535.1,1587.0,1535.1,1579.9,1.54,80.0,1961.0,1215.3
SHLB,3/3/2026,1570.0,1607.0,1570.0,1605.0,1.59,282.0,1961.0,1215.3
SHLB,3/4/2026,1570.0,1607.0,1570.0,1605.0,0.0,282.0,1961.0,1215.3
SHLB,3/5/2026,1570.0,1607.0,1570.0,1605.0,0.0,282.0,1961.0,1215.3
SHLB,3/6/2026,1570.0,1607.0,1570.0,1605.0,0.0,282.0,1961.0,1215.3
SHLB,3/7/2026,1570.0,1607.0,1570.0,1605.0,0.0,282.0,1961.0,1215.3
SHLB,3/8/2026,1570.0,1607.0,1570.0,1605.0,0.0,282.0,1961.0,1215.3
SHLB,3/9/2026,1637.1,1637.1,1637.1,1637.1,2.0,10.0,1961.0,1215.3
SHLB,3/10/2026,1669.8,1700.0,1643.0,1656.0,1.15,1997.0,1961.0,1215.3
SHLB,3/11/2026,1686.0,1686.0,1642.0,1642.0,-0.85,676.0,1961.0,1215.3
SHLB,3/12/2026,1642.0,1650.0,1622.0,1645.0,0.18,540.0,1961.0,1215.3
SHLB,3/13/2026,1642.0,1650.0,1622.0,1645.0,0.0,540.0,1961.0,1215.3
SHLB,3/14/2026,1642.0,1650.0,1622.0,1645.0,0.0,540.0,1961.0,1215.3
SHLB,3/15/2026,1670.0,1670.0,1613.0,1613.0,-1.95,838.0,1961.0,1215.3
SHLB,3/16/2026,1621.0,1630.0,1600.0,1630.0,1.05,1085.0,1961.0,1215.3
SHLB,3/17/2026,1630.0,1653.5,1602.0,1621.0,-0.55,150.0,1961.0,1215.3
SHLB,3/18/2026,1630.0,1653.5,1602.0,1621.0,0.0,150.0,1961.0,1215.3
SHLB,3/19/2026,1644.4,1644.4,1625.0,1644.0,1.42,911.0,1961.0,1215.3
SHLB,3/20/2026,1644.4,1644.4,1625.0,1644.0,0.0,911.0,1961.0,1215.3
SHLB,3/21/2026,1644.4,1644.4,1625.0,1644.0,0.0,911.0,1961.0,1215.3
SHLB,3/22/2026,1640.0,1729.0,1640.0,1700.0,3.41,2641.0,1961.0,1215.3
SHLB,3/23/2026,1710.0,1735.0,1710.0,1729.0,1.71,2323.0,1961.0,1215.3
SHLB,3/24/2026,1707.1,1734.0,1707.1,1734.0,0.29,385.0,1961.0,1215.3
SHLB,3/25/2026,1700.0,1715.0,1700.0,1709.0,-1.44,1170.0,1961.0,1215.3
SHLB,3/26/2026,1690.0,1720.0,1683.0,1718.9,1.71,886.0,1961.0,1215.3
SHLB,3/29/2026,1691.0,1691.0,1661.0,1661.0,-1.77,1217.0,1961.0,1215.3
SHLB,3/30/2026,1662.0,1680.0,1605.0,1634.0,-1.68,610.0,1961.0,1215.3
SHLB,3/31/2026,1602.3,1642.0,1601.1,1611.0,0.54,385.0,1961.0,1215.3
SHLB,4/1/2026,1585.1,1620.0,1555.0,1578.0,-0.45,600.0,1961.0,1215.3
SHLB,4/2/2026,1547.0,1580.0,1519.0,1556.0,0.58,900.0,1961.0,1215.3
SHLB,4/5/2026,1536.0,1555.0,1488.0,1555.0,1.24,1903.0,1961.0,1215.3
SHLB,4/6/2026,1559.0,1565.0,1530.0,1555.0,-0.26,360.0,1961.0,1215.3
SHLB,4/7/2026,1525.1,1540.0,1525.0,1526.1,0.07,755.0,1961.0,1215.3
SHLB,4/8/2026,1550.0,1554.0,1523.1,1540.0,-0.65,290.0,1961.0,1215.3
SHLB,4/9/2026,1525.0,1586.1,1525.0,1575.0,3.28,822.0,1961.0,1215.3
SHLB,4/10/2026,1547.2,1551.0,1547.0,1551.0,0.25,190.0,1961.0,1215.3
SHLB,4/13/2026,1550.0,1550.0,1534.0,1545.0,-0.32,530.0,1961.0,1215.3
SHLB,4/15/2026,1530.0,1575.0,1530.0,1555.0,1.63,480.0,1961.0,1215.3
SHLB,4/16/2026,1530.0,1550.0,1511.2,1511.2,-1.23,320.0,1961.0,1215.3
SHLB,4/17/2026,1517.7,1522.0,1517.7,1520.0,0.15,205.0,1961.0,1215.3
SHLB,4/20/2026,1505.1,1550.1,1500.0,1530.0,1.65,702.0,1961.0,1215.3
SHLB,4/21/2026,1490.1,1520.0,1490.1,1505.0,1.0,629.0,1961.0,1215.3
SHLB,4/22/2026,1488.1,1505.0,1488.1,1500.0,0.8,485.0,1961.0,1215.3
SHLB,4/23/2026,1500.0,1500.0,1463.0,1490.0,-0.67,370.0,1961.0,1215.3
SHLB,4/24/2026,1490.0,1505.0,1454.0,1505.0,1.01,716.0,1961.0,1215.3
SHLB,4/27/2026,1505.0,1510.0,1476.0,1510.0,0.33,180.0,1961.0,1215.3
SHLB,4/28/2026,1510.0,1555.0,1465.0,1476.1,-2.25,100.0,1961.0,1215.3
SHLB,4/29/2026,1476.1,1489.9,1452.0,1489.9,0.93,390.0,1961.0,1215.3
SHLB,4/30/2026,1455.0,1470.0,1455.0,1460.0,0.34,390.0,1961.0,1215.3
SHLB,5/4/2026,1420.5,1463.0,1420.5,1455.0,2.43,408.0,1961.0,1215.3
SHLB,5/5/2026,1420.0,1450.0,1420.0,1449.9,2.11,2250.0,1961.0,1215.3
SHLB,5/6/2026,1440.0,1440.0,1415.0,1421.0,-1.32,99.0,1961.0,1215.3
SHLB,5/7/2026,1425.0,1497.0,1418.0,1482.0,4.0,240.0,1961.0,1215.3
SHLB,5/8/2026,1438.0,1493.0,1438.0,1490.0,3.62,403.0,1961.0,1215.3
SHLB,5/11/2026,1520.5,1520.5,1500.0,1500.0,-1.35,20.0,1961.0,1215.3
SHLB,5/12/2026,1460.0,1480.0,1456.0,1480.0,1.37,200.0,1961.0,1215.3
SHLB,5/13/2026,1440.1,1480.0,1440.1,1476.0,2.49,40.0,1961.0,1215.3
SHLB,5/15/2026,1440.0,1483.0,1440.0,1460.0,1.39,290.0,1961.0,1215.3
SHLB,5/18/2026,1420.1,1467.8,1420.0,1467.8,3.36,427.0,1961.0,1215.3
SHLB,5/19/2026,1436.0,1472.0,1436.0,1472.0,2.51,149.0,1961.0,1215.3
SHLB,5/20/2026,1460.0,1474.0,1455.0,1473.0,0.89,311.0,1961.0,1215.3
SHLB,5/21/2026,1449.1,1484.0,1441.6,1484.0,2.41,95.0,1961.0,1215.3
SHLB,5/22/2026,1445.0,1470.0,1445.0,1470.0,1.73,195.0,1961.0,1215.3
SHLB,5/25/2026,1480.0,1480.0,1465.0,1466.1,-0.94,50.0,1961.0,1215.3
SHLB,5/26/2026,1457.0,1624.0,1457.0,1549.0,6.31,340.0,1961.0,1215.3
SHLB,5/27/2026,1549.0,1549.0,1460.1,1472.7,-4.93,242.0,1961.0,1215.3
SHLB,6/1/2026,1480.0,1524.0,1450.0,1465.0,-1.01,628.0,1961.0,1215.3
SHLB,6/2/2026,1438.0,1508.0,1438.0,1508.0,4.87,440.0,1961.0,1215.3
SHLB,6/3/2026,1508.0,1523.0,1477.0,1477.0,-2.06,1190.0,1961.0,1215.3
SHLB,6/4/2026,1520.5,1525.0,1510.0,1516.1,-0.29,365.0,1961.0,1215.3
SHLB,6/5/2026,1501.0,1528.0,1500.0,1528.0,1.8,135.0,1961.0,1215.3
SHLB,6/8/2026,1528.0,1528.0,1475.0,1500.0,-1.83,375.0,1961.0,1215.3
SHLB,6/9/2026,1470.0,1500.0,1470.0,1500.0,2.04,458.0,1961.0,1215.3
SHLB,6/10/2026,1490.0,1495.0,1480.0,1495.0,0.34,100.0,1961.0,1215.3
SHLB,6/11/2026,1480.0,1480.1,1461.0,1476.0,-0.27,335.0,1961.0,1215.3
SHLB,6/12/2026,1452.0,1460.7,1411.0,1453.0,0.07,1370.0,1961.0,1215.3
SHLB,6/15/2026,1453.0,1453.0,1453.0,1453.0,0.0,20.0,1961.0,1215.3
SHLB,6/16/2026,1427.7,1450.0,1427.7,1440.9,0.92,100.0,1961.0,1215.3
SHLB,6/17/2026,1440.1,1470.0,1440.1,1470.0,2.08,110.0,1961.0,1215.3
SHLB,6/18/2026,1445.0,1445.0,1442.0,1442.0,-0.21,50.0,1961.0,1215.3
SHLB,6/19/2026,1420.0,1479.0,1420.0,1460.0,2.82,690.0,1961.0,1215.3
SHLB,6/22/2026,1462.2,1482.9,1462.2,1478.9,1.14,286.0,1961.0,1215.3
SHLB,6/23/2026,1450.0,1470.0,1442.2,1469.0,1.31,210.0,1961.0,1215.3
SHLB,6/24/2026,1436.0,1460.0,1395.0,1435.0,-0.07,565.0,1961.0,1215.3
SHLB,6/26/2026,1410.0,1449.0,1410.0,1449.0,2.77,20.0,1961.0,1215.3
SHLB,6/29/2026,1412.0,1420.0,1406.3,1420.0,0.57,70.0,1961.0,1215.3
SHLB,6/30/2026,1401.0,1590.0,1401.0,1525.0,8.85,520.0,1961.0,1215.3
SHLB,7/1/2026,1479.3,1507.0,1474.0,1507.0,1.87,581.0,1961.0,1215.3
SHLB,7/2/2026,1461.8,1550.0,1461.8,1550.0,6.03,345.0,1961.0,1215.3
SHLB,7/3/2026,1503.5,1544.0,1438.0,1488.0,-1.03,267.0,1961.0,1215.3
SHLB,7/6/2026,1488.0,1515.0,1488.0,1514.9,1.81,60.0,1961.0,1215.3
SHLB,7/7/2026,1532.0,1532.0,1480.0,1520.0,-0.78,125.0,1961.0,1215.3
SHLB,7/8/2026,1514.8,1548.9,1453.3,1453.3,-4.06,307.0,1961.0,1215.3
SHLB,7/9/2026,1430.0,1437.0,1430.0,1436.0,0.42,130.0,1961.0,1215.3
SHLB,7/10/2026,1413.3,1420.3,1413.3,1417.1,0.27,132.0,1961.0,1215.3
SHLB,7/13/2026,1405.0,1409.7,1401.0,1409.7,0.33,90.0,1961.0,1215.3
SHLB,7/14/2026,1400.0,1445.0,1400.0,1445.0,3.21,610.0,1961.0,1215.3
SHLB,7/15/2026,1445.0,1479.9,1410.0,1436.0,-0.62,200.0,1961.0,1215.3
SHLB,7/16/2026,1479.0,1479.0,1479.0,1479.0,0.0,10.0,1961.0,1215.3
SHLB,7/17/2026,1500.0,1500.0,1455.0,1500.0,0.0,490.0,1961.0,1215.3
SHLB,7/20/2026,1520.0,1520.0,1475.1,1475.1,-2.95,70.0,1961.0,1215.3
SHLB,7/21/2026,1472.0,1560.0,1467.9,1540.0,4.62,430.0,1961.0,1215.3
SHLB,7/22/2026,1495.0,1524.0,1450.0,1524.0,1.94,295.0,1961.0,1215.3
SHLB,7/23/2026,1480.0,1498.0,1456.0,1498.0,1.22,70.0,1961.0,1215.3
SHLB,7/24/2026,1453.2,1513.0,1453.2,1513.0,4.12,169.0,1961.0,1215.3
SHLB,7/27/2026,1467.7,1470.0,1450.0,1470.0,0.16,52.0,1961.0,1215.3
SHLB,7/28/2026,1435.0,1513.9,1433.2,1513.9,5.5,210.0,1961.0,1215.3
SHLB,7/29/2026,1468.5,1505.0,1460.0,1502.9,2.34,89.0,1961.0,1215.3
SHLB,7/30/2026,1458.0,1475.0,1433.4,1475.0,1.17,70.0,1961.0,1215.3
SHLB,7/31/2026,1460.0,1474.0,1438.0,1474.0,0.96,100.0,1961.0,1215.3
SHLB,8/3/2026,1474.0,1511.0,1430.0,1489.8,1.07,1192.0,1961.0,1215.3
SHLB,8/4/2026,1445.3,1446.5,1445.3,1446.0,0.05,188.0,1961.0,1215.3
SHLB,8/5/2026,1446.0,1450.0,1446.0,1450.0,0.28,30.0,1961.0,1215.3
SHLB,8/6/2026,1440.0,1476.9,1432.0,1476.9,2.56,74.0,1961.0,1215.3
SHLB,8/7/2026,1451.0,1475.0,1433.0,1475.0,1.65,108.0,1961.0,1215.3
SHLB,8/10/2026,1474.0,1474.0,1434.0,1434.0,-2.71,49.0,1961.0,1215.3
SHLB,8/11/2026,1434.0,1474.0,1415.1,1474.0,2.79,150.0,1961.0,1215.3
SHLB,8/12/2026,1430.0,1456.0,1403.0,1456.0,1.82,431.0,1961.0,1215.3
SHLB,8/13/2026,1413.1,1440.0,1390.0,1390.0,-1.63,291.0,1961.0,1215.3
SHLB,8/14/2026,1392.0,1428.6,1392.0,1428.6,2.63,50.0,1961.0,1215.3
SHLB,8/17/2026,1400.0,1425.0,1390.0,1425.0,1.79,353.0,1961.0,1215.3
SHLB,8/18/2026,1400.0,1435.0,1400.0,1400.0,0.0,102.0,1961.0,1215.3
SHLB,8/19/2026,1360.0,1415.0,1358.0,1415.0,4.04,110.0,1961.0,1215.3
SHLB,8/20/2026,1383.0,1390.0,1383.0,1384.0,0.07,69.0,1961.0,1215.3
SHLB,8/21/2026,1385.0,1397.0,1370.1,1397.0,0.87,139.0,1961.0,1215.3
SHLB,8/24/2026,1380.0,1380.0,1366.0,1370.0,-0.72,80.0,1961.0,1215.3
SHLB,8/25/2026,1355.0,1355.0,1351.0,1352.0,-0.22,90.0,1961.0,1215.3
SHLB,8/26/2026,1350.2,1350.2,1272.0,1350.0,-0.01,582.0,1961.0,1215.3
SHLB,8/27/2026,1310.0,1323.9,1273.0,1323.9,1.06,700.0,1961.0,1215.3
SHLB,8/31/2026,1285.0,1289.1,1260.0,1262.5,-1.75,380.0,1961.0,1215.3
SHLB,9/1/2026,1262.0,1262.0,1256.0,1256.0,-0.48,199.0,1961.0,1215.3
SHLB,9/2/2026,1230.0,1250.0,1225.0,1250.0,1.63,89.0,1961.0,1215.3
SHLB,9/3/2026,1250.0,1285.0,1250.0,1251.0,0.08,705.0,1961.0,1215.3
SHLB,9/7/2026,1250.0,1265.0,1250.0,1265.0,1.2,50.0,1961.0,1215.3
SHLB,9/9/2026,1250.0,1253.0,1250.0,1253.0,0.24,149.0,1961.0,1215.3
SHLB,9/10/2026,1240.1,1245.0,1225.0,1245.0,0.4,160.0,1961.0,1215.3
SHLB,9/11/2026,1220.0,1265.0,1220.0,1265.0,3.69,328.0,1961.0,1215.3
SHLB,9/14/2026,1300.0,1340.0,1235.2,1340.0,3.08,191.0,1961.0,1215.3
SHLB,9/15/2026,1406.0,1406.0,1325.0,1400.0,-0.43,486.0,1961.0,1215.3
SHLB,9/16/2026,1358.0,1358.0,1358.0,1358.0,0.0,10.0,1961.0,1215.3
SHLB,9/17/2026,1320.2,1320.2,1320.2,1320.2,0.0,10.0,1961.0,1215.3
SHLB,9/18/2026,1325.0,1356.5,1281.0,1356.5,2.38,368.0,1961.0,1215.3
SHLB,9/22/2026,1320.0,1320.0,1315.9,1315.9,-0.31,40.0,1961.0,1215.3
SHLB,9/23/2026,1290.0,1305.0,1290.0,1305.0,1.16,60.0,1961.0,1215.3
SHLB,9/24/2026,1305.0,1318.9,1280.0,1312.0,0.54,111.0,1961.0,1215.3
SHLB,9/28/2026,1272.7,1300.0,1247.0,1290.0,1.36,150.0,1961.0,1215.3
SHLB,9/29/2026,1252.0,1290.0,1215.3,0.0,-100.0,125.0,1961.0,1215.3
SHLB,9/30/2026,1290.0,1290.0,1240.0,1245.1,-3.48,150.0,1961.0,1215.3
SHLB,10/1/2026,1227.6,1277.2,1227.6,1277.2,4.04,140.0,1961.0,1215.3
SHLB,10/2/2026,1250.1,1260.0,1250.1,1260.0,0.79,70.0,1961.0,1215.3
SHPC,3/24/2014,540.0,566.0,538.0,560.0,,10249.0,588.0,475.0
SHPC,3/25/2014,560.0,580.0,547.0,570.0,1.79,21974.0,588.0,475.0
SHPC,3/26/2014,570.0,589.0,560.0,584.0,2.46,22124.0,588.0,475.0
SHPC,3/27/2014,584.0,605.0,580.0,604.0,3.42,39017.0,588.0,475.0
SHPC,3/31/2014,604.0,632.0,600.0,632.0,4.64,19441.0,588.0,475.0
SHPC,4/1/2014,632.0,665.0,626.0,660.0,4.43,18629.0,588.0,475.0
SHPC,4/2/2014,660.0,700.0,653.0,684.0,3.64,35568.0,588.0,475.0
SHPC,4/3/2014,684.0,700.0,640.0,642.0,-6.14,18448.0,588.0,475.0
SHPC,4/6/2014,642.0,644.0,630.0,640.0,-0.31,10967.0,588.0,475.0
SHPC,4/7/2014,640.0,655.0,628.0,655.0,2.34,10843.0,588.0,475.0
SHPC,4/9/2014,655.0,672.0,642.0,670.0,2.29,7401.0,588.0,475.0
SHPC,4/10/2014,670.0,675.0,659.0,673.0,0.45,5842.0,588.0,475.0
SHPC,4/13/2014,673.0,685.0,660.0,685.0,1.78,15886.0,588.0,475.0
SHPC,4/15/2014,685.0,690.0,665.0,685.0,0.0,12285.0,588.0,475.0
SHPC,4/16/2014,685.0,689.0,663.0,670.0,-2.19,8958.0,588.0,475.0
SHPC,4/17/2014,670.0,683.0,660.0,680.0,1.49,8003.0,588.0,475.0
SHPC,4/20/2014,680.0,686.0,673.0,673.0,-1.03,9516.0,588.0,475.0
SHPC,4/21/2014,673.0,681.0,658.0,668.0,-0.74,6649.0,588.0,475.0
SHPC,4/22/2014,668.0,686.0,658.0,680.0,1.8,9748.0,588.0,475.0
SHPC,4/23/2014,680.0,685.0,671.0,677.0,-0.44,13283.0,588.0,475.0
SHPC,4/27/2014,677.0,680.0,660.0,672.0,-0.74,4486.0,588.0,475.0
SHPC,4/28/2014,672.0,669.0,653.0,660.0,-1.79,3711.0,588.0,475.0
SHPC,4/29/2014,660.0,668.0,655.0,661.0,0.15,4659.0,588.0,475.0
SHPC,4/30/2014,661.0,650.0,626.0,642.0,-2.87,14040.0,588.0,475.0
SHPC,5/4/2014,642.0,650.0,630.0,635.0,-1.09,7737.0,588.0,475.0
SHPC,5/5/2014,635.0,665.0,614.0,655.0,3.15,9585.0,588.0,475.0
SHPC,5/6/2014,655.0,655.0,642.0,654.0,-0.15,2437.0,588.0,475.0
SHPC,5/7/2014,654.0,659.0,640.0,650.0,-0.61,4894.0,588.0,475.0
SHPC,5/8/2014,650.0,665.0,649.0,656.0,0.92,7781.0,588.0,475.0
SHPC,5/11/2014,656.0,658.0,630.0,630.0,-3.96,4525.0,588.0,475.0
SHPC,5/12/2014,630.0,642.0,625.0,637.0,1.11,2471.0,588.0,475.0
SHPC,5/13/2014,637.0,640.0,624.0,640.0,0.47,2726.0,588.0,475.0
SHPC,5/15/2014,640.0,650.0,612.0,645.0,0.78,2409.0,588.0,475.0
SHPC,5/18/2014,645.0,654.0,640.0,640.0,-0.78,3155.0,588.0,475.0
SHPC,5/19/2014,640.0,646.0,632.0,640.0,0.0,6262.0,588.0,475.0
SHPC,5/20/2014,640.0,644.0,631.0,639.0,-0.16,4845.0,588.0,475.0
SHPC,5/21/2014,639.0,648.0,635.0,640.0,0.16,4606.0,588.0,475.0
SHPC,5/22/2014,640.0,645.0,630.0,640.0,0.0,3716.0,588.0,475.0
SHPC,5/25/2014,640.0,673.0,645.0,650.0,1.56,8110.0,588.0,475.0
SHPC,5/26/2014,650.0,660.0,641.0,659.0,1.38,8712.0,588.0,475.0
SHPC,5/27/2014,659.0,672.0,650.0,660.0,0.15,6168.0,588.0,475.0
SHPC,5/28/2014,660.0,680.0,648.0,670.0,1.52,16331.0,588.0,475.0
SHPC,6/1/2014,670.0,689.0,652.0,675.0,0.75,14235.0,588.0,475.0
SHPC,6/2/2014,675.0,708.0,674.0,691.0,2.37,5875.0,588.0,475.0
SHPC,6/3/2014,691.0,693.0,670.0,671.0,-2.89,4027.0,588.0,475.0
SHPC,6/4/2014,671.0,684.0,661.0,684.0,1.94,4150.0,588.0,475.0
SHPC,6/5/2014,684.0,697.0,675.0,688.0,0.58,4755.0,588.0,475.0
SHPC,6/8/2014,688.0,696.0,680.0,689.0,0.15,3198.0,588.0,475.0
SHPC,6/9/2014,689.0,691.0,680.0,690.0,0.15,3578.0,588.0,475.0
SHPC,6/10/2014,690.0,700.0,680.0,690.0,0.0,4805.0,588.0,475.0
SHPC,6/11/2014,690.0,703.0,685.0,697.0,1.01,4942.0,588.0,475.0
SHPC,6/12/2014,697.0,701.0,683.0,700.0,0.43,3155.0,588.0,475.0
SHPC,6/15/2014,700.0,701.0,690.0,696.0,-0.57,10976.0,588.0,475.0
SHPC,6/16/2014,696.0,700.0,690.0,691.0,-0.72,7744.0,588.0,475.0
SHPC,6/17/2014,691.0,699.0,681.0,699.0,1.16,5555.0,588.0,475.0
SHPC,6/18/2014,699.0,700.0,685.0,690.0,-1.29,3965.0,588.0,475.0
SHPC,6/19/2014,690.0,695.0,680.0,684.0,-0.87,1423.0,588.0,475.0
SHPC,6/23/2014,684.0,690.0,668.0,675.0,-1.32,3820.0,588.0,475.0
SHPC,6/24/2014,675.0,686.0,662.0,680.0,0.74,8173.0,588.0,475.0
SHPC,6/25/2014,680.0,693.0,675.0,679.0,-0.15,4748.0,588.0,475.0
SHPC,6/26/2014,679.0,695.0,684.0,688.0,1.33,4227.0,588.0,475.0
SHPC,6/29/2014,688.0,701.0,680.0,690.0,0.29,3632.0,588.0,475.0
SHPC,6/30/2014,690.0,703.0,690.0,700.0,1.45,8617.0,588.0,475.0
SHPC,7/1/2014,700.0,702.0,694.0,695.0,-0.71,8616.0,588.0,475.0
SHPC,7/2/2014,695.0,699.0,685.0,699.0,0.58,4863.0,588.0,475.0
SHPC,7/3/2014,699.0,765.0,695.0,720.0,3.0,23364.0,588.0,475.0
SHPC,7/6/2014,720.0,792.0,708.0,792.0,10.0,17498.0,588.0,475.0
SHPC,7/7/2014,792.0,841.0,800.0,826.0,4.29,19971.0,588.0,475.0
SHPC,7/8/2014,826.0,871.0,830.0,855.0,3.51,8729.0,588.0,475.0
SHPC,7/9/2014,855.0,860.0,825.0,835.0,-2.34,3931.0,588.0,475.0
SHPC,7/10/2014,835.0,838.0,820.0,833.0,-0.24,5620.0,588.0,475.0
SHPC,7/13/2014,833.0,849.0,810.0,835.0,0.24,8821.0,588.0,475.0
SHPC,7/14/2014,835.0,835.0,810.0,810.0,-2.99,3288.0,588.0,475.0
SHPC,7/15/2014,810.0,819.0,780.0,795.0,-1.85,5182.0,588.0,475.0
SHPC,7/16/2014,795.0,810.0,790.0,795.0,0.0,16217.0,588.0,475.0
SHPC,7/17/2014,795.0,819.0,795.0,819.0,3.02,6154.0,588.0,475.0
SHPC,7/20/2014,819.0,840.0,810.0,840.0,2.56,6658.0,588.0,475.0
SHPC,7/21/2014,840.0,840.0,825.0,832.0,-0.95,5231.0,588.0,475.0
SHPC,7/22/2014,832.0,824.0,800.0,810.0,-2.64,5518.0,588.0,475.0
SHPC,7/23/2014,810.0,825.0,801.0,815.0,0.62,9771.0,588.0,475.0
SHPC,7/24/2014,815.0,820.0,805.0,812.0,-0.37,12151.0,588.0,475.0
SHPC,7/27/2014,812.0,819.0,800.0,802.0,-1.23,8650.0,588.0,475.0
SHPC,7/28/2014,802.0,805.0,775.0,800.0,-0.25,4191.0,588.0,475.0
SHPC,7/30/2014,800.0,810.0,770.0,777.0,-2.88,8120.0,588.0,475.0
SHPC,7/31/2014,777.0,801.0,777.0,798.0,2.7,2555.0,588.0,475.0
SHPC,8/3/2014,798.0,800.0,731.0,770.0,-3.51,8742.0,588.0,475.0
SHPC,8/4/2014,770.0,783.0,756.0,772.0,0.26,4284.0,588.0,475.0
SHPC,8/5/2014,772.0,781.0,752.0,754.0,-2.33,3757.0,588.0,475.0
SHPC,8/6/2014,754.0,768.0,745.0,745.0,-1.19,4029.0,588.0,475.0
SHPC,8/7/2014,745.0,765.0,740.0,765.0,2.68,7164.0,588.0,475.0
SHPC,8/12/2014,765.0,770.0,750.0,750.0,-1.96,1342.0,588.0,475.0
SHPC,8/13/2014,750.0,763.0,735.0,735.0,-2.0,2632.0,588.0,475.0
SHPC,8/14/2014,735.0,750.0,730.0,750.0,2.04,23103.0,588.0,475.0
SHPC,8/18/2014,750.0,745.0,725.0,730.0,-2.67,1394.0,588.0,475.0
SHPC,8/19/2014,730.0,763.0,716.0,731.0,0.14,3843.0,588.0,475.0
SHPC,8/20/2014,731.0,731.0,715.0,716.0,-2.05,3026.0,588.0,475.0
SHPC,8/21/2014,716.0,702.0,655.0,690.0,-3.63,4090.0,588.0,475.0
SHPC,8/24/2014,690.0,690.0,680.0,685.0,-0.72,2975.0,588.0,475.0
SHPC,8/25/2014,685.0,685.0,617.0,641.0,-6.42,2484.0,588.0,475.0
SHPC,8/26/2014,641.0,703.0,653.0,682.0,6.4,7383.0,588.0,475.0
SHPC,8/27/2014,682.0,718.0,667.0,693.0,1.61,10642.0,588.0,475.0
SHPC,8/28/2014,693.0,708.0,685.0,705.0,1.73,10579.0,588.0,475.0
SHPC,8/31/2014,705.0,697.0,670.0,682.0,-3.26,1532.0,588.0,475.0
SHPC,9/1/2014,682.0,680.0,660.0,680.0,-0.29,3733.0,588.0,475.0
SHPC,9/3/2014,680.0,680.0,666.0,675.0,-0.74,1341.0,588.0,475.0
SHPC,9/4/2014,675.0,675.0,650.0,670.0,-0.74,2091.0,588.0,475.0
SHPC,9/7/2014,670.0,665.0,610.0,610.0,-8.96,902.0,588.0,475.0
SHPC,9/9/2014,610.0,647.0,603.0,640.0,4.92,11273.0,588.0,475.0
SHPC,9/10/2014,640.0,652.0,612.0,645.0,0.78,7071.0,588.0,475.0
SHPC,9/11/2014,645.0,673.0,615.0,673.0,4.34,4491.0,588.0,475.0
SHPC,9/14/2014,673.0,665.0,616.0,640.0,-4.9,1709.0,588.0,475.0
SHPC,9/15/2014,640.0,649.0,622.0,640.0,0.0,11950.0,588.0,475.0
SHPC,9/16/2014,640.0,646.0,623.0,635.0,-0.78,4380.0,588.0,475.0
SHPC,9/17/2014,635.0,648.0,630.0,631.0,-0.63,4181.0,588.0,475.0
SHPC,9/18/2014,631.0,643.0,617.0,625.0,-0.95,10039.0,588.0,475.0
SHPC,9/21/2014,625.0,615.0,600.0,610.0,-2.4,5982.0,588.0,475.0
SHPC,9/22/2014,610.0,622.0,595.0,622.0,1.97,5378.0,588.0,475.0
SHPC,9/23/2014,622.0,649.0,610.0,620.0,-0.32,17732.0,588.0,475.0
SHPC,9/24/2014,620.0,630.0,613.0,624.0,0.65,1614.0,588.0,475.0
SHPC,9/28/2014,624.0,665.0,615.0,665.0,6.57,4026.0,588.0,475.0
SHPC,9/29/2014,665.0,682.0,640.0,670.0,0.75,2586.0,588.0,475.0
SHPC,9/30/2014,670.0,680.0,655.0,670.0,0.0,6739.0,588.0,475.0
SHPC,10/8/2014,670.0,690.0,645.0,645.0,-3.73,7349.0,588.0,475.0
SHPC,10/9/2014,645.0,663.0,645.0,650.0,0.78,5660.0,588.0,475.0
SHPC,10/12/2014,650.0,665.0,643.0,648.0,-0.31,3167.0,588.0,475.0
SHPC,10/13/2014,648.0,651.0,640.0,651.0,0.46,2619.0,588.0,475.0
SHPC,10/14/2014,651.0,665.0,642.0,665.0,2.15,3344.0,588.0,475.0
SHPC,10/15/2014,665.0,671.0,648.0,671.0,0.9,1681.0,588.0,475.0
SHPC,10/16/2014,671.0,678.0,665.0,677.0,0.89,6155.0,588.0,475.0
SHPC,10/19/2014,677.0,672.0,665.0,670.0,-1.03,5405.0,588.0,475.0
SHPC,10/20/2014,670.0,684.0,670.0,670.0,0.0,12316.0,588.0,475.0
SHPC,10/21/2014,670.0,688.0,670.0,688.0,2.69,11330.0,588.0,475.0
SHPC,10/22/2014,688.0,718.0,688.0,705.0,2.47,8777.0,588.0,475.0
SHPC,10/26/2014,705.0,743.0,705.0,731.0,3.69,5347.0,588.0,475.0
SHPC,10/27/2014,731.0,755.0,731.0,750.0,2.6,12864.0,588.0,475.0
SHPC,10/28/2014,750.0,750.0,721.0,740.0,-1.33,5038.0,588.0,475.0
SHPC,10/30/2014,740.0,735.0,716.0,723.0,-2.3,4029.0,588.0,475.0
SHPC,11/2/2014,723.0,732.0,695.0,732.0,1.24,6626.0,588.0,475.0
SHPC,11/3/2014,732.0,718.0,694.0,697.0,-4.78,4129.0,588.0,475.0
SHPC,11/4/2014,697.0,696.0,680.0,693.0,-0.57,4034.0,588.0,475.0
SHPC,11/5/2014,693.0,711.0,687.0,706.0,1.88,3680.0,588.0,475.0
SHPC,11/6/2014,706.0,718.0,700.0,703.0,-0.42,2872.0,588.0,475.0
SHPC,11/9/2014,703.0,702.0,688.0,694.0,-1.28,2254.0,588.0,475.0
SHPC,11/10/2014,694.0,690.0,670.0,680.0,-2.02,6188.0,588.0,475.0
SHPC,11/11/2014,680.0,714.0,658.0,714.0,5.0,1107.0,588.0,475.0
SHPC,11/12/2014,714.0,714.0,677.0,687.0,-3.78,2141.0,588.0,475.0
SHPC,11/13/2014,687.0,689.0,680.0,687.0,0.0,890.0,588.0,475.0
SHPC,11/16/2014,687.0,699.0,680.0,684.0,-0.44,1564.0,588.0,475.0
SHPC,11/17/2014,684.0,683.0,665.0,670.0,-2.05,3477.0,588.0,475.0
SHPC,11/18/2014,670.0,669.0,625.0,657.0,-1.94,4234.0,588.0,475.0
SHPC,11/19/2014,657.0,670.0,655.0,665.0,1.22,6797.0,588.0,475.0
SHPC,11/20/2014,665.0,668.0,655.0,660.0,-0.75,8203.0,588.0,475.0
SHPC,11/23/2014,660.0,711.0,665.0,678.0,2.73,5651.0,588.0,475.0
SHPC,11/24/2014,678.0,683.0,670.0,670.0,-1.18,955.0,588.0,475.0
SHPC,11/25/2014,670.0,675.0,655.0,675.0,0.75,4598.0,588.0,475.0
SHPC,11/30/2014,675.0,678.0,665.0,678.0,0.44,1669.0,588.0,475.0
SHPC,12/1/2014,678.0,675.0,660.0,660.0,-2.65,2074.0,588.0,475.0
SHPC,12/2/2014,660.0,669.0,645.0,645.0,-2.27,2070.0,588.0,475.0
SHPC,12/3/2014,645.0,665.0,650.0,650.0,0.78,4601.0,588.0,475.0
SHPC,12/4/2014,650.0,670.0,660.0,663.0,2.0,5200.0,588.0,475.0
SHPC,12/7/2014,663.0,660.0,650.0,660.0,-0.45,871.0,588.0,475.0
SHPC,12/8/2014,660.0,660.0,646.0,652.0,-1.21,5245.0,588.0,475.0
SHPC,12/9/2014,652.0,665.0,652.0,657.0,0.77,4969.0,588.0,475.0
SHPC,12/10/2014,657.0,673.0,660.0,661.0,0.61,2992.0,588.0,475.0
SHPC,12/11/2014,661.0,672.0,659.0,672.0,1.66,3834.0,588.0,475.0
SHPC,12/14/2014,672.0,737.0,671.0,722.0,7.44,10156.0,588.0,475.0
SHPC,12/15/2014,722.0,742.0,677.0,705.0,-2.35,18593.0,588.0,475.0
SHPC,12/16/2014,705.0,709.0,683.0,699.0,-0.85,8770.0,588.0,475.0
SHPC,12/17/2014,699.0,720.0,688.0,700.0,0.14,3591.0,588.0,475.0
SHPC,12/18/2014,700.0,704.0,690.0,696.0,-0.57,3865.0,588.0,475.0
SHPC,12/21/2014,696.0,699.0,683.0,696.0,0.0,3276.0,588.0,475.0
SHPC,12/22/2014,696.0,714.0,672.0,710.0,2.01,3626.0,588.0,475.0
SHPC,12/23/2014,710.0,700.0,681.0,698.0,-1.69,4919.0,588.0,475.0
SHPC,12/24/2014,698.0,711.0,697.0,699.0,0.14,3624.0,588.0,475.0
SHPC,12/28/2014,699.0,712.0,705.0,705.0,0.86,3606.0,588.0,475.0
SHPC,12/29/2014,705.0,704.0,693.0,702.0,-0.43,3565.0,588.0,475.0
SHPC,12/31/2014,702.0,708.0,677.0,702.0,0.0,2147.0,588.0,475.0
SHPC,1/1/2015,702.0,714.0,700.0,705.0,0.43,6121.0,588.0,475.0
SHPC,1/4/2015,705.0,719.0,705.0,719.0,1.99,2143.0,588.0,475.0
SHPC,1/5/2015,719.0,733.0,706.0,710.0,-1.25,4874.0,588.0,475.0
SHPC,1/6/2015,710.0,721.0,710.0,718.0,1.13,2456.0,588.0,475.0
SHPC,1/7/2015,718.0,730.0,716.0,724.0,0.84,4174.0,588.0,475.0
SHPC,1/8/2015,724.0,755.0,730.0,735.0,1.52,15714.0,588.0,475.0
SHPC,1/11/2015,735.0,780.0,740.0,775.0,5.44,22653.0,588.0,475.0
SHPC,1/12/2015,775.0,788.0,760.0,776.0,0.13,9812.0,588.0,475.0
SHPC,1/13/2015,776.0,785.0,761.0,785.0,1.16,11026.0,588.0,475.0
SHPC,1/14/2015,785.0,800.0,784.0,789.0,0.51,12030.0,588.0,475.0
SHPC,1/18/2015,789.0,795.0,775.0,775.0,-1.77,6769.0,588.0,475.0
SHPC,1/19/2015,775.0,835.0,787.0,787.0,1.55,14051.0,588.0,475.0
SHPC,1/20/2015,787.0,802.0,750.0,775.0,-1.52,17054.0,588.0,475.0
SHPC,1/22/2015,775.0,785.0,746.0,783.0,1.03,7342.0,588.0,475.0
SHPC,1/25/2015,783.0,786.0,776.0,786.0,0.38,2798.0,588.0,475.0
SHPC,1/26/2015,786.0,800.0,783.0,792.0,0.76,10585.0,588.0,475.0
SHPC,1/27/2015,792.0,793.0,787.0,788.0,-0.51,3234.0,588.0,475.0
SHPC,1/28/2015,788.0,800.0,765.0,797.0,1.14,4374.0,588.0,475.0
SHPC,1/29/2015,797.0,800.0,782.0,787.0,-1.25,6151.0,588.0,475.0
SHPC,2/1/2015,787.0,800.0,780.0,785.0,-0.25,4785.0,588.0,475.0
SHPC,2/2/2015,785.0,789.0,771.0,789.0,0.51,3742.0,588.0,475.0
SHPC,2/3/2015,789.0,794.0,775.0,780.0,-1.14,7114.0,588.0,475.0
SHPC,2/4/2015,780.0,845.0,795.0,815.0,4.49,29579.0,588.0,475.0
SHPC,2/5/2015,815.0,815.0,790.0,805.0,-1.23,18948.0,588.0,475.0
SHPC,2/8/2015,805.0,826.0,794.0,826.0,2.61,6222.0,588.0,475.0
SHPC,2/9/2015,826.0,820.0,804.0,815.0,-1.33,3217.0,588.0,475.0
SHPC,2/10/2015,815.0,820.0,800.0,800.0,-1.84,4953.0,588.0,475.0
SHPC,2/11/2015,800.0,814.0,800.0,807.0,0.88,3281.0,588.0,475.0
SHPC,2/12/2015,807.0,820.0,800.0,808.0,0.12,2633.0,588.0,475.0
SHPC,2/15/2015,808.0,809.0,800.0,800.0,-0.99,7115.0,588.0,475.0
SHPC,2/16/2015,800.0,801.0,792.0,799.0,-0.12,2159.0,588.0,475.0
SHPC,2/18/2015,799.0,801.0,785.0,786.0,-1.63,2242.0,588.0,475.0
SHPC,2/22/2015,786.0,785.0,765.0,765.0,-2.67,2639.0,588.0,475.0
SHPC,2/23/2015,765.0,780.0,765.0,771.0,0.78,2802.0,588.0,475.0
SHPC,2/24/2015,771.0,780.0,752.0,775.0,0.52,937.0,588.0,475.0
SHPC,2/25/2015,775.0,785.0,767.0,773.0,-0.26,3225.0,588.0,475.0
SHPC,2/26/2015,773.0,772.0,767.0,767.0,-0.78,2139.0,588.0,475.0
SHPC,3/1/2015,767.0,774.0,767.0,767.0,0.0,1855.0,588.0,475.0
SHPC,3/2/2015,767.0,776.0,755.0,774.0,0.91,1452.0,588.0,475.0
SHPC,3/3/2015,774.0,775.0,763.0,766.0,-1.03,2730.0,588.0,475.0
SHPC,3/4/2015,766.0,780.0,751.0,769.0,0.39,3102.0,588.0,475.0
SHPC,3/9/2015,769.0,770.0,755.0,765.0,-0.52,1501.0,588.0,475.0
SHPC,3/10/2015,765.0,775.0,765.0,765.0,0.0,668.0,588.0,475.0
SHPC,3/11/2015,765.0,775.0,765.0,772.0,0.92,959.0,588.0,475.0
SHPC,3/12/2015,772.0,778.0,772.0,778.0,0.78,382.0,588.0,475.0
SHPC,3/15/2015,778.0,770.0,742.0,749.0,-3.73,5443.0,588.0,475.0
SHPC,3/16/2015,749.0,745.0,730.0,740.0,-1.2,1389.0,588.0,475.0
SHPC,3/17/2015,740.0,754.0,739.0,745.0,0.68,1052.0,588.0,475.0
SHPC,3/18/2015,745.0,750.0,740.0,746.0,0.13,416.0,588.0,475.0
SHPC,3/19/2015,746.0,766.0,746.0,750.0,0.54,1481.0,588.0,475.0
SHPC,3/22/2015,750.0,750.0,749.0,750.0,0.0,497.0,588.0,475.0
SHPC,3/23/2015,750.0,750.0,735.0,735.0,-2.0,3129.0,588.0,475.0
SHPC,3/24/2015,735.0,740.0,726.0,735.0,0.0,605.0,588.0,475.0
SHPC,3/25/2015,735.0,745.0,728.0,730.0,-0.68,2152.0,588.0,475.0
SHPC,3/26/2015,730.0,739.0,716.0,730.0,0.0,403.0,588.0,475.0
SHPC,3/29/2015,730.0,750.0,729.0,740.0,1.37,660.0,588.0,475.0
SHPC,3/30/2015,740.0,730.0,725.0,725.0,-2.03,2789.0,588.0,475.0
SHPC,3/31/2015,725.0,740.0,724.0,740.0,2.07,1871.0,588.0,475.0
SHPC,4/1/2015,740.0,750.0,721.0,728.0,-1.62,2490.0,588.0,475.0
SHPC,4/2/2015,728.0,733.0,726.0,733.0,0.69,1525.0,588.0,475.0
SHPC,4/5/2015,733.0,730.0,717.0,717.0,-2.18,4253.0,588.0,475.0
SHPC,4/6/2015,717.0,722.0,718.0,722.0,0.7,712.0,588.0,475.0
SHPC,4/7/2015,722.0,722.0,710.0,722.0,0.0,1605.0,588.0,475.0
SHPC,4/8/2015,722.0,740.0,720.0,723.0,0.14,712.0,588.0,475.0
SHPC,4/9/2015,723.0,742.0,730.0,732.0,1.24,1655.0,588.0,475.0
SHPC,4/12/2015,732.0,744.0,731.0,738.0,0.82,5617.0,588.0,475.0
SHPC,4/13/2015,738.0,743.0,734.0,735.0,-0.41,3572.0,588.0,475.0
SHPC,4/15/2015,735.0,748.0,720.0,730.0,-0.68,1393.0,588.0,475.0
SHPC,4/16/2015,730.0,740.0,700.0,740.0,1.37,1544.0,588.0,475.0
SHPC,4/19/2015,740.0,750.0,740.0,749.0,1.22,1047.0,588.0,475.0
SHPC,4/20/2015,749.0,745.0,710.0,725.0,-3.2,2336.0,588.0,475.0
SHPC,4/21/2015,725.0,753.0,715.0,720.0,-0.69,879.0,588.0,475.0
SHPC,4/22/2015,720.0,730.0,722.0,730.0,1.39,180.0,588.0,475.0
SHPC,4/23/2015,730.0,740.0,718.0,718.0,-1.64,1055.0,588.0,475.0
SHPC,5/24/2015,718.0,708.0,703.0,703.0,-2.09,36.0,588.0,475.0
SHPC,5/28/2015,703.0,689.0,633.0,633.0,-9.96,1409.0,588.0,475.0
SHPC,5/31/2015,633.0,638.0,586.0,638.0,0.79,10950.0,588.0,475.0
SHPC,6/1/2015,638.0,663.0,630.0,663.0,3.92,4682.0,588.0,475.0
SHPC,6/2/2015,663.0,660.0,650.0,660.0,-0.45,780.0,588.0,475.0
SHPC,6/3/2015,660.0,673.0,661.0,670.0,1.52,544.0,588.0,475.0
SHPC,6/4/2015,670.0,693.0,670.0,688.0,2.69,1506.0,588.0,475.0
SHPC,6/7/2015,688.0,696.0,670.0,670.0,-2.62,1770.0,588.0,475.0
SHPC,6/8/2015,670.0,737.0,683.0,716.0,6.87,1805.0,588.0,475.0
SHPC,6/9/2015,716.0,744.0,706.0,730.0,1.96,6146.0,588.0,475.0
SHPC,6/10/2015,730.0,731.0,706.0,716.0,-1.92,706.0,588.0,475.0
SHPC,6/11/2015,716.0,712.0,685.0,690.0,-3.63,780.0,588.0,475.0
SHPC,6/14/2015,690.0,690.0,672.0,672.0,-2.61,1313.0,588.0,475.0
SHPC,6/15/2015,672.0,694.0,665.0,675.0,0.45,3202.0,588.0,475.0
SHPC,6/16/2015,675.0,690.0,670.0,670.0,-0.74,6023.0,588.0,475.0
SHPC,6/17/2015,670.0,670.0,665.0,667.0,-0.45,233.0,588.0,475.0
SHPC,6/18/2015,667.0,679.0,660.0,675.0,1.2,1201.0,588.0,475.0
SHPC,6/21/2015,675.0,663.0,655.0,663.0,-1.78,800.0,588.0,475.0
SHPC,6/22/2015,663.0,676.0,660.0,662.0,-0.15,3435.0,588.0,475.0
SHPC,6/23/2015,662.0,670.0,661.0,666.0,0.6,558.0,588.0,475.0
SHPC,6/24/2015,666.0,675.0,665.0,670.0,0.6,3636.0,588.0,475.0
SHPC,6/25/2015,670.0,677.0,670.0,671.0,0.15,2320.0,588.0,475.0
SHPC,6/28/2015,671.0,695.0,671.0,682.0,1.64,5273.0,588.0,475.0
SHPC,6/29/2015,682.0,710.0,682.0,696.0,2.05,1103.0,588.0,475.0
SHPC,6/30/2015,696.0,705.0,696.0,701.0,0.72,6428.0,588.0,475.0
SHPC,7/1/2015,701.0,705.0,689.0,690.0,-1.57,1531.0,588.0,475.0
SHPC,7/2/2015,690.0,690.0,670.0,690.0,0.0,1083.0,588.0,475.0
SHPC,7/5/2015,690.0,693.0,672.0,672.0,-2.61,2990.0,588.0,475.0
SHPC,7/6/2015,672.0,685.0,670.0,680.0,1.19,8964.0,588.0,475.0
SHPC,7/7/2015,680.0,695.0,677.0,683.0,0.44,1463.0,588.0,475.0
SHPC,7/8/2015,683.0,701.0,686.0,701.0,2.64,3265.0,588.0,475.0
SHPC,7/9/2015,701.0,701.0,690.0,699.0,-0.29,925.0,588.0,475.0
SHPC,7/12/2015,699.0,702.0,691.0,699.0,0.0,2206.0,588.0,475.0
SHPC,7/13/2015,699.0,699.0,692.0,699.0,0.0,825.0,588.0,475.0
SHPC,7/14/2015,699.0,705.0,679.0,705.0,0.86,401.0,588.0,475.0
SHPC,7/15/2015,705.0,720.0,693.0,720.0,2.13,1217.0,588.0,475.0
SHPC,7/16/2015,720.0,706.0,700.0,700.0,-2.78,748.0,588.0,475.0
SHPC,7/22/2015,700.0,714.0,700.0,705.0,0.71,1353.0,588.0,475.0
SHPC,7/23/2015,705.0,715.0,705.0,709.0,0.57,1502.0,588.0,475.0
SHPC,7/26/2015,709.0,737.0,723.0,737.0,3.95,3024.0,588.0,475.0
SHPC,7/27/2015,737.0,723.0,700.0,715.0,-2.99,4034.0,588.0,475.0
SHPC,7/28/2015,715.0,710.0,691.0,695.0,-2.8,2788.0,588.0,475.0
SHPC,7/29/2015,695.0,700.0,690.0,690.0,-0.72,3719.0,588.0,475.0
SHPC,7/30/2015,690.0,713.0,685.0,696.0,0.87,7316.0,588.0,475.0
SHPC,8/2/2015,696.0,699.0,683.0,697.0,0.14,1390.0,588.0,475.0
SHPC,8/3/2015,697.0,701.0,690.0,700.0,0.43,6264.0,588.0,475.0
SHPC,8/4/2015,700.0,701.0,688.0,700.0,0.0,4043.0,588.0,475.0
SHPC,8/5/2015,700.0,701.0,690.0,692.0,-1.14,6749.0,588.0,475.0
SHPC,8/6/2015,692.0,710.0,678.0,705.0,1.88,9790.0,588.0,475.0
SHPC,8/9/2015,705.0,726.0,702.0,721.0,2.27,5389.0,588.0,475.0
SHPC,8/10/2015,721.0,715.0,715.0,715.0,-0.83,1028.0,588.0,475.0
SHPC,8/11/2015,715.0,730.0,722.0,730.0,2.1,126.0,588.0,475.0
SHPC,8/12/2015,730.0,755.0,744.0,755.0,3.42,690.0,588.0,475.0
SHPC,8/13/2015,755.0,784.0,741.0,784.0,3.84,388.0,588.0,475.0
SHPC,8/16/2015,784.0,845.0,799.0,844.0,7.65,1790.0,588.0,475.0
SHPC,8/17/2015,844.0,877.0,830.0,840.0,-0.47,2208.0,588.0,475.0
SHPC,8/18/2015,840.0,835.0,813.0,835.0,-0.6,5935.0,588.0,475.0
SHPC,8/19/2015,835.0,849.0,839.0,844.0,1.08,3369.0,588.0,475.0
SHPC,8/20/2015,844.0,875.0,845.0,850.0,0.71,3035.0,588.0,475.0
SHPC,8/23/2015,850.0,835.0,830.0,835.0,-1.76,214.0,588.0,475.0
SHPC,8/24/2015,835.0,820.0,792.0,805.0,-3.59,576.0,588.0,475.0
SHPC,8/25/2015,805.0,826.0,800.0,814.0,1.12,1521.0,588.0,475.0
SHPC,8/26/2015,814.0,820.0,814.0,815.0,0.12,2686.0,588.0,475.0
SHPC,8/27/2015,815.0,877.0,831.0,855.0,4.91,6884.0,588.0,475.0
SHPC,8/31/2015,855.0,860.0,850.0,860.0,0.58,2064.0,588.0,475.0
SHPC,9/1/2015,860.0,860.0,840.0,842.0,-2.09,1564.0,588.0,475.0
SHPC,9/2/2015,842.0,832.0,816.0,832.0,-1.19,1022.0,588.0,475.0
SHPC,9/3/2015,832.0,825.0,816.0,822.0,-1.2,2054.0,588.0,475.0
SHPC,9/6/2015,822.0,829.0,799.0,799.0,-2.8,1788.0,588.0,475.0
SHPC,9/7/2015,799.0,801.0,784.0,785.0,-1.75,2025.0,588.0,475.0
SHPC,9/8/2015,785.0,781.0,761.0,780.0,-0.64,2960.0,588.0,475.0
SHPC,9/9/2015,780.0,777.0,770.0,770.0,-1.28,800.0,588.0,475.0
SHPC,9/10/2015,770.0,800.0,781.0,781.0,1.43,4031.0,588.0,475.0
SHPC,9/13/2015,781.0,800.0,790.0,800.0,2.43,2264.0,588.0,475.0
SHPC,9/14/2015,800.0,816.0,781.0,781.0,-2.38,1744.0,588.0,475.0
SHPC,9/15/2015,781.0,815.0,796.0,800.0,2.43,1751.0,588.0,475.0
SHPC,9/16/2015,800.0,790.0,790.0,790.0,-1.25,300.0,588.0,475.0
SHPC,9/17/2015,790.0,798.0,780.0,798.0,1.01,309.0,588.0,475.0
SHPC,9/22/2015,798.0,795.0,770.0,770.0,-3.51,1264.0,588.0,475.0
SHPC,9/23/2015,770.0,780.0,770.0,770.0,0.0,5276.0,588.0,475.0
SHPC,9/24/2015,770.0,784.0,770.0,770.0,0.0,546.0,588.0,475.0
SHPC,9/28/2015,770.0,770.0,763.0,763.0,-0.91,456.0,588.0,475.0
SHPC,9/29/2015,763.0,795.0,765.0,795.0,4.19,7786.0,588.0,475.0
SHPC,9/30/2015,795.0,805.0,792.0,798.0,0.38,3304.0,588.0,475.0
SHPC,10/1/2015,798.0,816.0,806.0,811.0,1.63,5817.0,588.0,475.0
SHPC,10/4/2015,811.0,845.0,825.0,840.0,3.58,9593.0,588.0,475.0
SHPC,10/5/2015,840.0,840.0,822.0,822.0,-2.14,3107.0,588.0,475.0
SHPC,10/6/2015,822.0,825.0,814.0,814.0,-0.97,2562.0,588.0,475.0
SHPC,10/7/2015,814.0,805.0,795.0,800.0,-1.72,4954.0,588.0,475.0
SHPC,10/8/2015,800.0,806.0,800.0,806.0,0.75,2484.0,588.0,475.0
SHPC,10/11/2015,806.0,800.0,780.0,786.0,-2.48,2887.0,588.0,475.0
SHPC,10/14/2015,786.0,790.0,777.0,777.0,-1.15,1009.0,588.0,475.0
SHPC,10/15/2015,777.0,792.0,787.0,790.0,1.67,700.0,588.0,475.0
SHPC,10/18/2015,790.0,790.0,780.0,780.0,-1.27,1918.0,588.0,475.0
SHPC,10/19/2015,780.0,795.0,781.0,795.0,1.92,2251.0,588.0,475.0
SHPC,10/25/2015,795.0,800.0,780.0,780.0,-1.89,565.0,588.0,475.0
SHPC,10/27/2015,780.0,770.0,735.0,735.0,-5.77,4131.0,588.0,475.0
SHPC,10/28/2015,735.0,745.0,715.0,745.0,1.36,2351.0,588.0,475.0
SHPC,10/29/2015,745.0,765.0,750.0,765.0,2.68,118.0,588.0,475.0
SHPC,11/1/2015,765.0,760.0,750.0,752.0,-1.7,1335.0,588.0,475.0
SHPC,11/2/2015,752.0,760.0,750.0,760.0,1.06,1799.0,588.0,475.0
SHPC,11/3/2015,760.0,755.0,730.0,730.0,-3.95,1192.0,588.0,475.0
SHPC,11/5/2015,730.0,740.0,740.0,740.0,1.37,13.0,588.0,475.0
SHPC,11/8/2015,740.0,765.0,740.0,765.0,3.38,1492.0,588.0,475.0
SHPC,11/9/2015,765.0,793.0,766.0,790.0,3.27,2027.0,588.0,475.0
SHPC,11/10/2015,790.0,780.0,780.0,780.0,-1.27,110.0,588.0,475.0
SHPC,11/15/2015,780.0,785.0,767.0,775.0,-0.64,2182.0,588.0,475.0
SHPC,11/16/2015,775.0,785.0,747.0,751.0,-3.1,1271.0,588.0,475.0
SHPC,11/18/2015,751.0,756.0,755.0,756.0,0.67,189.0,588.0,475.0
SHPC,11/19/2015,756.0,790.0,740.0,790.0,4.5,2437.0,588.0,475.0
SHPC,11/22/2015,790.0,776.0,745.0,745.0,-5.7,3056.0,588.0,475.0
SHPC,11/23/2015,745.0,750.0,731.0,750.0,0.67,6321.0,588.0,475.0
SHPC,11/24/2015,750.0,760.0,740.0,746.0,-0.53,1084.0,588.0,475.0
SHPC,11/25/2015,746.0,750.0,732.0,732.0,-1.88,5334.0,588.0,475.0
SHPC,11/26/2015,732.0,730.0,715.0,725.0,-0.96,1787.0,588.0,475.0
SHPC,11/29/2015,725.0,712.0,700.0,701.0,-3.31,1412.0,588.0,475.0
SHPC,11/30/2015,701.0,705.0,692.0,705.0,0.57,2564.0,588.0,475.0
SHPC,12/1/2015,705.0,762.0,710.0,740.0,4.96,1638.0,588.0,475.0
SHPC,12/2/2015,740.0,754.0,726.0,754.0,1.89,1254.0,588.0,475.0
SHPC,12/3/2015,754.0,750.0,735.0,742.0,-1.59,392.0,588.0,475.0
SHPC,12/6/2015,742.0,755.0,735.0,739.0,-0.4,2187.0,588.0,475.0
SHPC,12/7/2015,739.0,745.0,745.0,745.0,0.81,354.0,588.0,475.0
SHPC,12/8/2015,745.0,765.0,737.0,740.0,-0.67,2305.0,588.0,475.0
SHPC,12/9/2015,740.0,750.0,731.0,740.0,0.0,2994.0,588.0,475.0
SHPC,12/10/2015,740.0,748.0,736.0,740.0,0.0,2335.0,588.0,475.0
SHPC,12/13/2015,740.0,754.0,740.0,745.0,0.68,3803.0,588.0,475.0
SHPC,12/14/2015,745.0,752.0,736.0,752.0,0.94,2832.0,588.0,475.0
SHPC,12/15/2015,752.0,744.0,740.0,741.0,-1.46,7425.0,588.0,475.0
SHPC,12/16/2015,741.0,744.0,735.0,744.0,0.4,2982.0,588.0,475.0
SHPC,12/17/2015,744.0,735.0,725.0,732.0,-1.61,2210.0,588.0,475.0
SHPC,12/20/2015,732.0,732.0,732.0,732.0,0.0,300.0,588.0,475.0
SHPC,12/21/2015,732.0,738.0,722.0,738.0,0.82,1727.0,588.0,475.0
SHPC,12/22/2015,738.0,740.0,726.0,740.0,0.27,1002.0,588.0,475.0
SHPC,12/23/2015,740.0,745.0,730.0,744.0,0.54,1960.0,588.0,475.0
SHPC,12/24/2015,744.0,757.0,750.0,755.0,1.48,1034.0,588.0,475.0
SHPC,12/27/2015,755.0,745.0,742.0,745.0,-1.32,708.0,588.0,475.0
SHPC,12/28/2015,745.0,752.0,742.0,742.0,-0.4,1593.0,588.0,475.0
SHPC,12/29/2015,742.0,746.0,736.0,744.0,0.27,1004.0,588.0,475.0
SHPC,12/31/2015,744.0,754.0,740.0,753.0,1.21,3889.0,588.0,475.0
SHPC,1/3/2016,753.0,765.0,754.0,765.0,1.59,2266.0,588.0,475.0
SHPC,1/4/2016,765.0,768.0,750.0,760.0,-0.65,2373.0,588.0,475.0
SHPC,1/5/2016,760.0,800.0,755.0,755.0,-0.66,6682.0,588.0,475.0
SHPC,1/6/2016,755.0,791.0,761.0,791.0,4.77,9448.0,588.0,475.0
SHPC,1/7/2016,791.0,850.0,786.0,841.0,6.32,31254.0,588.0,475.0
SHPC,1/10/2016,841.0,857.0,815.0,835.0,-0.71,11621.0,588.0,475.0
SHPC,1/11/2016,835.0,860.0,837.0,857.0,2.63,18420.0,588.0,475.0
SHPC,1/12/2016,857.0,874.0,855.0,864.0,0.82,10680.0,588.0,475.0
SHPC,1/13/2016,864.0,865.0,820.0,851.0,-1.5,10900.0,588.0,475.0
SHPC,1/14/2016,851.0,855.0,825.0,825.0,-3.06,3802.0,588.0,475.0
SHPC,1/17/2016,825.0,868.0,841.0,868.0,5.21,16711.0,588.0,475.0
SHPC,1/18/2016,868.0,864.0,845.0,863.0,-0.58,11439.0,588.0,475.0
SHPC,1/19/2016,863.0,870.0,840.0,858.0,-0.58,11219.0,588.0,475.0
SHPC,1/20/2016,858.0,885.0,856.0,882.0,2.8,11828.0,588.0,475.0
SHPC,1/21/2016,882.0,885.0,872.0,885.0,0.34,7719.0,588.0,475.0
SHPC,1/24/2016,885.0,890.0,874.0,874.0,-1.24,4965.0,588.0,475.0
SHPC,1/25/2016,874.0,865.0,856.0,856.0,-2.06,9887.0,588.0,475.0
SHPC,1/26/2016,856.0,869.0,858.0,858.0,0.23,5357.0,588.0,475.0
SHPC,1/27/2016,858.0,866.0,850.0,862.0,0.47,3914.0,588.0,475.0
SHPC,1/28/2016,862.0,863.0,846.0,863.0,0.12,182.0,588.0,475.0
SHPC,1/31/2016,863.0,872.0,858.0,860.0,-0.35,12149.0,588.0,475.0
SHPC,2/1/2016,860.0,862.0,853.0,856.0,-0.47,6985.0,588.0,475.0
SHPC,2/2/2016,856.0,872.0,843.0,860.0,0.47,3021.0,588.0,475.0
SHPC,2/3/2016,860.0,870.0,855.0,865.0,0.58,8327.0,588.0,475.0
SHPC,2/4/2016,865.0,886.0,860.0,875.0,1.16,13553.0,588.0,475.0
SHPC,2/7/2016,875.0,890.0,868.0,890.0,1.71,9285.0,588.0,475.0
SHPC,2/8/2016,890.0,910.0,890.0,905.0,1.69,27469.0,588.0,475.0
SHPC,2/11/2016,905.0,900.0,882.0,887.0,-1.99,13351.0,588.0,475.0
SHPC,2/14/2016,887.0,876.0,862.0,876.0,-1.24,6373.0,588.0,475.0
SHPC,2/15/2016,876.0,890.0,861.0,865.0,-1.26,3149.0,588.0,475.0
SHPC,2/16/2016,865.0,880.0,853.0,879.0,1.62,1462.0,588.0,475.0
SHPC,2/17/2016,879.0,879.0,862.0,862.0,-1.93,3664.0,588.0,475.0
SHPC,2/18/2016,862.0,870.0,856.0,863.0,0.12,3356.0,588.0,475.0
SHPC,2/21/2016,863.0,872.0,855.0,860.0,-0.35,11827.0,588.0,475.0
SHPC,2/22/2016,860.0,864.0,853.0,859.0,-0.12,5825.0,588.0,475.0
SHPC,2/23/2016,859.0,853.0,845.0,853.0,-0.7,3691.0,588.0,475.0
SHPC,2/24/2016,853.0,850.0,840.0,844.0,-1.06,4362.0,588.0,475.0
SHPC,2/25/2016,844.0,850.0,831.0,850.0,0.71,1072.0,588.0,475.0
SHPC,2/28/2016,850.0,862.0,830.0,835.0,-1.76,3658.0,588.0,475.0
SHPC,2/29/2016,835.0,841.0,821.0,840.0,0.6,563.0,588.0,475.0
SHPC,3/1/2016,840.0,846.0,826.0,846.0,0.71,929.0,588.0,475.0
SHPC,3/2/2016,846.0,855.0,831.0,855.0,1.06,1312.0,588.0,475.0
SHPC,3/3/2016,855.0,855.0,845.0,850.0,-0.58,1652.0,588.0,475.0
SHPC,3/6/2016,850.0,854.0,845.0,847.0,-0.35,3461.0,588.0,475.0
SHPC,3/10/2016,847.0,892.0,841.0,890.0,5.08,7714.0,588.0,475.0
SHPC,3/13/2016,890.0,900.0,848.0,877.0,-1.46,3169.0,588.0,475.0
SHPC,3/14/2016,877.0,879.0,862.0,868.0,-1.03,1365.0,588.0,475.0
SHPC,3/15/2016,868.0,875.0,865.0,875.0,0.81,1627.0,588.0,475.0
SHPC,3/16/2016,875.0,869.0,861.0,869.0,-0.69,1649.0,588.0,475.0
SHPC,3/17/2016,869.0,870.0,853.0,865.0,-0.46,2297.0,588.0,475.0
SHPC,3/20/2016,865.0,870.0,855.0,860.0,-0.58,1741.0,588.0,475.0
SHPC,3/21/2016,860.0,855.0,850.0,855.0,-0.58,2776.0,588.0,475.0
SHPC,3/23/2016,855.0,862.0,851.0,862.0,0.82,14632.0,588.0,475.0
SHPC,3/24/2016,862.0,870.0,855.0,869.0,0.81,6626.0,588.0,475.0
SHPC,3/27/2016,869.0,874.0,853.0,870.0,0.12,6916.0,588.0,475.0
SHPC,3/28/2016,870.0,875.0,850.0,851.0,-2.18,2257.0,588.0,475.0
SHPC,3/29/2016,851.0,860.0,841.0,855.0,0.47,2105.0,588.0,475.0
SHPC,3/30/2016,855.0,851.0,848.0,848.0,-0.82,968.0,588.0,475.0
SHPC,3/31/2016,848.0,872.0,848.0,859.0,1.3,2496.0,588.0,475.0
SHPC,4/3/2016,859.0,845.0,840.0,845.0,-1.63,200.0,588.0,475.0
SHPC,4/4/2016,845.0,853.0,843.0,850.0,0.59,2739.0,588.0,475.0
SHPC,4/5/2016,850.0,854.0,840.0,854.0,0.47,506.0,588.0,475.0
SHPC,4/6/2016,854.0,875.0,845.0,860.0,0.7,5789.0,588.0,475.0
SHPC,4/10/2016,860.0,860.0,845.0,851.0,-1.05,5516.0,588.0,475.0
SHPC,4/11/2016,851.0,867.0,851.0,866.0,1.76,2334.0,588.0,475.0
SHPC,4/12/2016,866.0,860.0,850.0,850.0,-1.85,1632.0,588.0,475.0
SHPC,4/14/2016,850.0,860.0,850.0,856.0,0.71,909.0,588.0,475.0
SHPC,4/17/2016,856.0,870.0,858.0,870.0,1.64,2551.0,588.0,475.0
SHPC,4/18/2016,870.0,875.0,860.0,870.0,0.0,2783.0,588.0,475.0
SHPC,4/19/2016,870.0,865.0,856.0,865.0,-0.57,2437.0,588.0,475.0
SHPC,4/20/2016,865.0,873.0,850.0,855.0,-1.16,2567.0,588.0,475.0
SHPC,4/21/2016,855.0,855.0,845.0,855.0,0.0,8010.0,588.0,475.0
SHPC,4/24/2016,855.0,860.0,840.0,845.0,-1.17,6877.0,588.0,475.0
SHPC,4/25/2016,845.0,855.0,839.0,840.0,-0.59,2648.0,588.0,475.0
SHPC,4/26/2016,840.0,850.0,835.0,837.0,-0.36,5033.0,588.0,475.0
SHPC,4/27/2016,837.0,840.0,829.0,834.0,-0.36,4259.0,588.0,475.0
SHPC,4/28/2016,834.0,860.0,830.0,860.0,3.12,4212.0,588.0,475.0
SHPC,5/2/2016,860.0,905.0,851.0,899.0,4.53,23030.0,588.0,475.0
SHPC,5/3/2016,899.0,922.0,902.0,906.0,0.78,30165.0,588.0,475.0
SHPC,5/4/2016,906.0,906.0,888.0,890.0,-1.77,10578.0,588.0,475.0
SHPC,5/5/2016,890.0,900.0,867.0,885.0,-0.56,3593.0,588.0,475.0
SHPC,5/8/2016,885.0,900.0,875.0,877.0,-0.9,4005.0,588.0,475.0
SHPC,5/9/2016,877.0,904.0,885.0,900.0,2.62,12382.0,588.0,475.0
SHPC,5/10/2016,900.0,900.0,892.0,892.0,-0.89,5894.0,588.0,475.0
SHPC,5/11/2016,892.0,889.0,860.0,879.0,-1.46,3029.0,588.0,475.0
SHPC,5/12/2016,879.0,881.0,858.0,858.0,-2.39,2924.0,588.0,475.0
SHPC,5/15/2016,858.0,870.0,825.0,870.0,1.4,6415.0,588.0,475.0
SHPC,5/16/2016,870.0,860.0,850.0,860.0,-1.15,1000.0,588.0,475.0
SHPC,5/17/2016,860.0,879.0,863.0,868.0,0.93,3643.0,588.0,475.0
SHPC,5/18/2016,868.0,863.0,857.0,863.0,-0.58,763.0,588.0,475.0
SHPC,5/19/2016,863.0,865.0,855.0,857.0,-0.7,2775.0,588.0,475.0
SHPC,5/22/2016,857.0,860.0,851.0,856.0,-0.12,2627.0,588.0,475.0
SHPC,5/23/2016,856.0,860.0,845.0,852.0,-0.47,3764.0,588.0,475.0
SHPC,5/24/2016,852.0,860.0,852.0,855.0,0.35,3849.0,588.0,475.0
SHPC,5/25/2016,855.0,860.0,841.0,860.0,0.58,3266.0,588.0,475.0
SHPC,5/26/2016,860.0,865.0,846.0,860.0,0.0,2500.0,588.0,475.0
SHPC,5/29/2016,860.0,873.0,855.0,867.0,0.81,10185.0,588.0,475.0
SHPC,5/30/2016,867.0,900.0,871.0,894.0,3.11,9025.0,588.0,475.0
SHPC,5/31/2016,894.0,975.0,890.0,974.0,8.95,32434.0,588.0,475.0
SHPC,6/1/2016,974.0,990.0,894.0,916.0,-5.95,17305.0,588.0,475.0
SHPC,6/2/2016,916.0,898.0,866.0,895.0,-2.29,1990.0,588.0,475.0
SHPC,6/5/2016,895.0,880.0,847.0,850.0,-5.03,7655.0,588.0,475.0
SHPC,6/6/2016,850.0,880.0,854.0,880.0,3.53,1227.0,588.0,475.0
SHPC,6/7/2016,880.0,876.0,861.0,865.0,-1.7,1161.0,588.0,475.0
SHPC,6/8/2016,865.0,878.0,862.0,865.0,0.0,4611.0,588.0,475.0
SHPC,6/9/2016,865.0,885.0,870.0,871.0,0.69,3704.0,588.0,475.0
SHPC,6/12/2016,871.0,870.0,861.0,870.0,-0.11,7223.0,588.0,475.0
SHPC,6/13/2016,870.0,870.0,864.0,869.0,-0.11,1877.0,588.0,475.0
SHPC,6/14/2016,869.0,888.0,870.0,880.0,1.27,4287.0,588.0,475.0
SHPC,6/15/2016,880.0,882.0,870.0,882.0,0.23,3001.0,588.0,475.0
SHPC,6/16/2016,882.0,897.0,870.0,880.0,-0.23,2708.0,588.0,475.0
SHPC,6/19/2016,880.0,885.0,870.0,875.0,-0.57,3839.0,588.0,475.0
SHPC,6/20/2016,875.0,943.0,875.0,935.0,6.86,25014.0,588.0,475.0
SHPC,6/21/2016,935.0,1028.0,925.0,1020.0,9.09,60167.0,588.0,475.0
SHPC,6/22/2016,1020.0,1122.0,1029.0,1122.0,10.0,79545.0,588.0,475.0
SHPC,6/23/2016,1122.0,1234.0,1090.0,1110.0,-1.07,96899.0,588.0,475.0
SHPC,6/26/2016,1110.0,1100.0,1030.0,1041.0,-6.22,22194.0,588.0,475.0
SHPC,6/27/2016,1041.0,1061.0,1020.0,1045.0,0.38,18272.0,588.0,475.0
SHPC,6/28/2016,1045.0,1060.0,1023.0,1055.0,0.96,11086.0,588.0,475.0
SHPC,6/29/2016,1055.0,1081.0,1045.0,1067.0,1.14,10900.0,588.0,475.0
SHPC,6/30/2016,1067.0,1091.0,1053.0,1061.0,-0.56,11128.0,588.0,475.0
SHPC,7/3/2016,1061.0,1070.0,1050.0,1060.0,-0.09,11787.0,588.0,475.0
SHPC,7/4/2016,1060.0,1061.0,1030.0,1044.0,-1.51,7975.0,588.0,475.0
SHPC,7/5/2016,1044.0,1049.0,1010.0,1038.0,-0.57,7666.0,588.0,475.0
SHPC,7/6/2016,1038.0,1038.0,1026.0,1030.0,-0.77,3792.0,588.0,475.0
SHPC,7/10/2016,1030.0,1033.0,1016.0,1017.0,-1.26,15213.0,588.0,475.0
SHPC,7/11/2016,1017.0,1024.0,1015.0,1020.0,0.29,5137.0,588.0,475.0
SHPC,7/12/2016,1020.0,1017.0,980.0,1010.0,-0.98,9005.0,588.0,475.0
SHPC,7/13/2016,1010.0,1005.0,988.0,992.0,-1.78,6883.0,588.0,475.0
SHPC,7/14/2016,992.0,1020.0,990.0,1020.0,2.82,5220.0,588.0,475.0
SHPC,7/17/2016,1020.0,1060.0,1020.0,1037.0,1.67,3807.0,588.0,475.0
SHPC,7/18/2016,1037.0,1040.0,1023.0,1039.0,0.19,5181.0,588.0,475.0
SHPC,7/19/2016,1039.0,1060.0,1040.0,1050.0,1.06,10420.0,588.0,475.0
SHPC,7/20/2016,1050.0,1065.0,1040.0,1040.0,-0.95,9014.0,588.0,475.0
SHPC,7/21/2016,1040.0,1045.0,1030.0,1033.0,-0.67,5675.0,588.0,475.0
SHPC,7/25/2016,1033.0,1060.0,1035.0,1050.0,1.65,3655.0,588.0,475.0
SHPC,7/26/2016,1050.0,1080.0,1040.0,1080.0,2.86,7238.0,588.0,475.0
SHPC,7/27/2016,1080.0,1088.0,1055.0,1080.0,0.0,7213.0,588.0,475.0
SHPC,7/28/2016,1080.0,1080.0,1060.0,1080.0,0.0,3766.0,588.0,475.0
SHPC,7/31/2016,1080.0,1090.0,1039.0,1060.0,-1.85,15374.0,588.0,475.0
SHPC,8/1/2016,1060.0,1070.0,1052.0,1060.0,0.0,7135.0,588.0,475.0
SHPC,8/2/2016,1060.0,1055.0,1030.0,1055.0,-0.47,5508.0,588.0,475.0
SHPC,8/3/2016,1055.0,1040.0,1020.0,1029.0,-2.46,2214.0,588.0,475.0
SHPC,8/4/2016,1029.0,1050.0,1005.0,1010.0,-1.85,6781.0,588.0,475.0
SHPC,8/7/2016,1010.0,1040.0,1010.0,1010.0,0.0,5385.0,588.0,475.0
SHPC,8/8/2016,1010.0,1007.0,970.0,970.0,-3.96,1530.0,588.0,475.0
SHPC,8/9/2016,970.0,1008.0,989.0,1008.0,3.92,200.0,588.0,475.0
SHPC,8/10/2016,1008.0,1025.0,990.0,1007.0,-0.1,11136.0,588.0,475.0
SHPC,8/11/2016,1007.0,1025.0,1001.0,1025.0,1.79,3964.0,588.0,475.0
SHPC,8/14/2016,1025.0,1010.0,990.0,995.0,-2.93,4481.0,588.0,475.0
SHPC,8/15/2016,995.0,990.0,955.0,960.0,-3.52,3606.0,588.0,475.0
SHPC,8/16/2016,960.0,969.0,907.0,945.0,-1.56,8243.0,588.0,475.0
SHPC,8/17/2016,945.0,970.0,945.0,963.0,1.9,6048.0,588.0,475.0
SHPC,8/21/2016,963.0,980.0,946.0,955.0,-0.83,1656.0,588.0,475.0
SHPC,8/22/2016,955.0,970.0,902.0,920.0,-3.66,2075.0,588.0,475.0
SHPC,8/23/2016,920.0,938.0,920.0,930.0,1.09,5628.0,588.0,475.0
SHPC,8/24/2016,930.0,975.0,940.0,975.0,4.84,10574.0,588.0,475.0
SHPC,8/28/2016,975.0,1000.0,965.0,975.0,0.0,8588.0,588.0,475.0
SHPC,8/29/2016,975.0,994.0,965.0,970.0,-0.51,13534.0,588.0,475.0
SHPC,8/30/2016,970.0,975.0,960.0,975.0,0.52,8169.0,588.0,475.0
SHPC,8/31/2016,975.0,956.0,895.0,923.0,-5.33,14491.0,588.0,475.0
SHPC,9/1/2016,923.0,928.0,910.0,928.0,0.54,4515.0,588.0,475.0
SHPC,9/3/2016,928.0,915.0,900.0,902.0,-2.8,3928.0,588.0,475.0
SHPC,9/4/2016,928.0,915.0,900.0,902.0,0.0,3928.0,588.0,475.0
SHPC,9/5/2016,902.0,920.0,884.0,910.0,0.89,1963.0,588.0,475.0
SHPC,9/6/2016,910.0,922.0,915.0,915.0,0.55,1025.0,588.0,475.0
SHPC,9/7/2016,915.0,944.0,933.0,936.0,2.3,2322.0,588.0,475.0
SHPC,9/8/2016,936.0,957.0,928.0,930.0,-0.64,3685.0,588.0,475.0
SHPC,9/11/2016,930.0,940.0,920.0,939.0,0.97,2375.0,588.0,475.0
SHPC,9/12/2016,939.0,952.0,911.0,938.0,-0.11,10165.0,588.0,475.0
SHPC,9/14/2016,938.0,935.0,920.0,932.0,-0.64,2137.0,588.0,475.0
SHPC,9/18/2016,932.0,951.0,935.0,948.0,1.72,10843.0,588.0,475.0
SHPC,9/20/2016,948.0,950.0,930.0,944.0,-0.42,11428.0,588.0,475.0
SHPC,9/21/2016,944.0,944.0,931.0,942.0,-0.21,9982.0,588.0,475.0
SHPC,9/22/2016,942.0,935.0,925.0,935.0,-0.74,2999.0,588.0,475.0
SHPC,9/25/2016,935.0,940.0,901.0,903.0,-3.42,2663.0,588.0,475.0
SHPC,9/26/2016,903.0,920.0,908.0,920.0,1.88,2154.0,588.0,475.0
SHPC,9/27/2016,920.0,930.0,910.0,916.0,-0.43,2916.0,588.0,475.0
SHPC,9/28/2016,916.0,925.0,915.0,916.0,0.0,683.0,588.0,475.0
SHPC,9/29/2016,916.0,925.0,910.0,918.0,0.22,1790.0,588.0,475.0
SHPC,10/2/2016,918.0,920.0,905.0,905.0,-1.42,1670.0,588.0,475.0
SHPC,10/3/2016,905.0,924.0,910.0,912.0,0.77,1445.0,588.0,475.0
SHPC,10/4/2016,912.0,994.0,910.0,994.0,8.99,352.0,588.0,475.0
SHPC,10/5/2016,994.0,1013.0,917.0,917.0,-7.75,636.0,588.0,475.0
SHPC,10/6/2016,917.0,935.0,925.0,930.0,1.42,660.0,588.0,475.0
SHPC,10/16/2016,930.0,930.0,928.0,928.0,-0.22,200.0,588.0,475.0
SHPC,10/17/2016,928.0,932.0,895.0,910.0,-1.94,2281.0,588.0,475.0
SHPC,10/18/2016,910.0,920.0,905.0,920.0,1.1,1924.0,588.0,475.0
SHPC,10/19/2016,920.0,927.0,923.0,927.0,0.76,72.0,588.0,475.0
SHPC,10/20/2016,927.0,960.0,945.0,955.0,3.02,15629.0,588.0,475.0
SHPC,10/23/2016,955.0,950.0,920.0,933.0,-2.3,1776.0,588.0,475.0
SHPC,10/24/2016,933.0,925.0,915.0,921.0,-1.29,513.0,588.0,475.0
SHPC,10/25/2016,921.0,932.0,912.0,932.0,1.19,2368.0,588.0,475.0
SHPC,10/26/2016,932.0,975.0,921.0,965.0,3.54,5635.0,588.0,475.0
SHPC,10/27/2016,965.0,983.0,962.0,973.0,0.83,5900.0,588.0,475.0
SHPC,11/3/2016,973.0,964.0,926.0,964.0,-0.92,1794.0,588.0,475.0
SHPC,11/7/2016,964.0,969.0,930.0,958.0,-0.62,2029.0,588.0,475.0
SHPC,11/8/2016,958.0,964.0,947.0,948.0,-1.04,8675.0,588.0,475.0
SHPC,11/9/2016,948.0,932.0,899.0,925.0,-2.43,8000.0,588.0,475.0
SHPC,11/10/2016,925.0,940.0,910.0,924.0,-0.11,6448.0,588.0,475.0
SHPC,11/13/2016,924.0,942.0,901.0,915.0,-0.97,2149.0,588.0,475.0
SHPC,11/14/2016,915.0,965.0,913.0,930.0,1.64,10056.0,588.0,475.0
SHPC,11/15/2016,930.0,930.0,918.0,918.0,-1.29,3389.0,588.0,475.0
SHPC,11/16/2016,918.0,917.0,904.0,913.0,-0.54,2577.0,588.0,475.0
SHPC,11/17/2016,913.0,910.0,887.0,896.0,-1.86,10033.0,588.0,475.0
SHPC,11/20/2016,896.0,900.0,850.0,866.0,-3.35,2400.0,588.0,475.0
SHPC,11/21/2016,866.0,866.0,815.0,857.0,-1.04,13700.0,588.0,475.0
SHPC,11/22/2016,857.0,855.0,825.0,825.0,-3.73,8171.0,588.0,475.0
SHPC,11/23/2016,825.0,850.0,819.0,830.0,0.61,11538.0,588.0,475.0
SHPC,11/24/2016,830.0,846.0,820.0,820.0,-1.2,26598.0,588.0,475.0
SHPC,11/27/2016,820.0,820.0,790.0,790.0,-3.66,11188.0,588.0,475.0
SHPC,11/28/2016,790.0,832.0,745.0,832.0,5.32,1800.0,588.0,475.0
SHPC,11/29/2016,832.0,850.0,785.0,850.0,2.16,11100.0,588.0,475.0
SHPC,11/30/2016,850.0,898.0,838.0,895.0,5.29,6714.0,588.0,475.0
SHPC,12/1/2016,895.0,905.0,870.0,870.0,-2.79,7158.0,588.0,475.0
SHPC,12/4/2016,870.0,865.0,840.0,850.0,-2.3,5543.0,588.0,475.0
SHPC,12/5/2016,850.0,851.0,840.0,850.0,0.0,450.0,588.0,475.0
SHPC,12/6/2016,850.0,873.0,845.0,850.0,0.0,7292.0,588.0,475.0
SHPC,12/7/2016,850.0,853.0,845.0,850.0,0.0,2313.0,588.0,475.0
SHPC,12/8/2016,850.0,845.0,813.0,840.0,-1.18,2933.0,588.0,475.0
SHPC,12/11/2016,840.0,830.0,793.0,793.0,-5.6,1901.0,588.0,475.0
SHPC,12/12/2016,793.0,800.0,780.0,793.0,0.0,2617.0,588.0,475.0
SHPC,12/14/2016,793.0,795.0,778.0,795.0,0.25,524.0,588.0,475.0
SHPC,12/15/2016,795.0,815.0,800.0,815.0,2.52,1850.0,588.0,475.0
SHPC,12/18/2016,815.0,812.0,812.0,812.0,-0.37,18.0,588.0,475.0
SHPC,12/19/2016,812.0,827.0,810.0,815.0,0.37,4518.0,588.0,475.0
SHPC,12/20/2016,815.0,800.0,785.0,797.0,-2.21,1639.0,588.0,475.0
SHPC,12/21/2016,797.0,795.0,775.0,784.0,-1.63,3158.0,588.0,475.0
SHPC,12/22/2016,784.0,800.0,784.0,784.0,0.0,478.0,588.0,475.0
SHPC,12/26/2016,784.0,784.0,770.0,770.0,-1.79,837.0,588.0,475.0
SHPC,12/27/2016,770.0,760.0,722.0,731.0,-5.06,4759.0,588.0,475.0
SHPC,12/28/2016,731.0,760.0,735.0,750.0,2.6,2259.0,588.0,475.0
SHPC,12/29/2016,750.0,775.0,745.0,775.0,3.33,4040.0,588.0,475.0
SHPC,1/1/2017,775.0,799.0,770.0,799.0,3.1,2395.0,588.0,475.0
SHPC,1/2/2017,799.0,810.0,794.0,801.0,0.25,3696.0,588.0,475.0
SHPC,1/3/2017,801.0,800.0,779.0,785.0,-2.0,1653.0,588.0,475.0
SHPC,1/4/2017,785.0,795.0,784.0,795.0,1.27,2309.0,588.0,475.0
SHPC,1/5/2017,795.0,800.0,781.0,785.0,-1.26,3975.0,588.0,475.0
SHPC,1/8/2017,785.0,785.0,766.0,785.0,0.0,1218.0,588.0,475.0
SHPC,1/9/2017,785.0,805.0,784.0,804.0,2.42,3227.0,588.0,475.0
SHPC,1/10/2017,804.0,805.0,790.0,805.0,0.12,2813.0,588.0,475.0
SHPC,1/11/2017,805.0,805.0,793.0,800.0,-0.62,1975.0,588.0,475.0
SHPC,1/12/2017,800.0,790.0,786.0,788.0,-1.5,1082.0,588.0,475.0
SHPC,1/15/2017,788.0,785.0,782.0,785.0,-0.38,1150.0,588.0,475.0
SHPC,1/16/2017,785.0,791.0,770.0,791.0,0.76,1000.0,588.0,475.0
SHPC,1/17/2017,791.0,801.0,786.0,786.0,-0.63,1358.0,588.0,475.0
SHPC,1/18/2017,786.0,790.0,785.0,785.0,-0.13,523.0,588.0,475.0
SHPC,1/19/2017,785.0,804.0,770.0,787.0,0.25,1340.0,588.0,475.0
SHPC,1/22/2017,787.0,800.0,787.0,800.0,1.65,2573.0,588.0,475.0
SHPC,1/23/2017,800.0,800.0,785.0,785.0,-1.88,1443.0,588.0,475.0
SHPC,1/24/2017,785.0,790.0,771.0,771.0,-1.78,2148.0,588.0,475.0
SHPC,1/25/2017,771.0,772.0,750.0,750.0,-2.72,1311.0,588.0,475.0
SHPC,1/26/2017,750.0,760.0,721.0,755.0,0.67,1389.0,588.0,475.0
SHPC,1/30/2017,755.0,755.0,701.0,701.0,-7.15,3077.0,588.0,475.0
SHPC,1/31/2017,701.0,708.0,675.0,693.0,-1.14,1286.0,588.0,475.0
SHPC,2/1/2017,693.0,760.0,706.0,760.0,9.67,407.0,588.0,475.0
SHPC,2/2/2017,760.0,790.0,735.0,735.0,-3.29,2043.0,588.0,475.0
SHPC,2/5/2017,735.0,749.0,730.0,745.0,1.36,2400.0,588.0,475.0
SHPC,2/6/2017,745.0,774.0,755.0,756.0,1.48,1869.0,588.0,475.0
SHPC,2/7/2017,756.0,790.0,755.0,790.0,4.5,2325.0,588.0,475.0
SHPC,2/8/2017,790.0,776.0,747.0,750.0,-5.06,1559.0,588.0,475.0
SHPC,2/9/2017,750.0,750.0,716.0,716.0,-4.53,4835.0,588.0,475.0
SHPC,2/12/2017,716.0,716.0,692.0,700.0,-2.23,5162.0,588.0,475.0
SHPC,2/13/2017,700.0,720.0,692.0,720.0,2.86,4986.0,588.0,475.0
SHPC,2/14/2017,720.0,772.0,693.0,750.0,4.17,8859.0,588.0,475.0
SHPC,2/15/2017,750.0,825.0,750.0,825.0,10.0,5207.0,588.0,475.0
SHPC,2/16/2017,825.0,850.0,799.0,815.0,-1.21,9231.0,588.0,475.0
SHPC,2/19/2017,815.0,838.0,799.0,838.0,2.82,20296.0,588.0,475.0
SHPC,2/20/2017,838.0,830.0,796.0,815.0,-2.74,7965.0,588.0,475.0
SHPC,2/21/2017,815.0,831.0,800.0,800.0,-1.84,2343.0,588.0,475.0
SHPC,2/22/2017,800.0,820.0,800.0,820.0,2.5,1801.0,588.0,475.0
SHPC,2/23/2017,820.0,821.0,805.0,807.0,-1.59,196.0,588.0,475.0
SHPC,2/26/2017,807.0,828.0,815.0,815.0,0.99,4472.0,588.0,475.0
SHPC,2/28/2017,815.0,820.0,805.0,815.0,0.0,17573.0,588.0,475.0
SHPC,3/1/2017,815.0,822.0,819.0,819.0,0.49,2944.0,588.0,475.0
SHPC,3/2/2017,819.0,825.0,817.0,825.0,0.73,2639.0,588.0,475.0
SHPC,3/5/2017,825.0,865.0,830.0,858.0,4.0,2684.0,588.0,475.0
SHPC,3/6/2017,858.0,875.0,834.0,850.0,-0.93,4203.0,588.0,475.0
SHPC,3/7/2017,850.0,850.0,830.0,849.0,-0.12,9474.0,588.0,475.0
SHPC,3/9/2017,849.0,865.0,849.0,850.0,0.12,6827.0,588.0,475.0
SHPC,3/13/2017,850.0,855.0,850.0,850.0,0.0,2060.0,588.0,475.0
SHPC,3/14/2017,850.0,845.0,840.0,840.0,-1.18,2279.0,588.0,475.0
SHPC,3/15/2017,840.0,884.0,840.0,884.0,5.24,2294.0,588.0,475.0
SHPC,3/16/2017,884.0,887.0,851.0,851.0,-3.73,6503.0,588.0,475.0
SHPC,3/19/2017,851.0,884.0,851.0,884.0,3.88,8684.0,588.0,475.0
SHPC,3/20/2017,884.0,945.0,890.0,945.0,6.9,17324.0,588.0,475.0
SHPC,3/21/2017,945.0,969.0,920.0,969.0,2.54,13832.0,588.0,475.0
SHPC,3/22/2017,969.0,1009.0,940.0,992.0,2.37,24176.0,588.0,475.0
SHPC,3/23/2017,992.0,1011.0,973.0,1000.0,0.81,33428.0,588.0,475.0
SHPC,3/26/2017,1000.0,1081.0,996.0,1080.0,8.0,20293.0,588.0,475.0
SHPC,3/28/2017,1080.0,1144.0,1064.0,1095.0,1.39,25198.0,588.0,475.0
SHPC,3/29/2017,1095.0,1116.0,1046.0,1051.0,-4.02,17923.0,588.0,475.0
SHPC,3/30/2017,1051.0,1085.0,1045.0,1060.0,0.86,11519.0,588.0,475.0
SHPC,4/2/2017,1060.0,1080.0,1046.0,1080.0,1.89,5394.0,588.0,475.0
SHPC,4/3/2017,1080.0,1123.0,1011.0,1046.0,-3.15,13936.0,588.0,475.0
SHPC,4/4/2017,1046.0,1070.0,1020.0,1067.0,2.01,12472.0,588.0,475.0
SHPC,4/6/2017,1067.0,1050.0,1030.0,1050.0,-1.59,9986.0,588.0,475.0
SHPC,4/9/2017,1050.0,1070.0,1040.0,1040.0,-0.95,9939.0,588.0,475.0
SHPC,4/10/2017,1040.0,1065.0,1030.0,1060.0,1.92,8015.0,588.0,475.0
SHPC,4/11/2017,1060.0,1101.0,1058.0,1090.0,2.83,12704.0,588.0,475.0
SHPC,4/12/2017,1090.0,1089.0,1060.0,1060.0,-2.75,17311.0,588.0,475.0
SHPC,4/13/2017,1060.0,1081.0,1039.0,1069.0,0.85,5641.0,588.0,475.0
SHPC,4/16/2017,1069.0,1090.0,1025.0,1025.0,-4.12,3840.0,588.0,475.0
SHPC,4/18/2017,1025.0,1050.0,980.0,1005.0,-1.95,16688.0,588.0,475.0
SHPC,4/19/2017,1005.0,1071.0,1015.0,1071.0,6.57,7047.0,588.0,475.0
SHPC,4/20/2017,1071.0,1066.0,1041.0,1059.0,-1.12,5093.0,588.0,475.0
SHPC,4/23/2017,1059.0,1101.0,1055.0,1080.0,1.98,10134.0,588.0,475.0
SHPC,4/24/2017,1080.0,1081.0,1045.0,1069.0,-1.02,5445.0,588.0,475.0
SHPC,4/25/2017,1069.0,1075.0,1042.0,1054.0,-1.4,7251.0,588.0,475.0
SHPC,4/26/2017,1054.0,1075.0,1058.0,1063.0,0.85,3633.0,588.0,475.0
SHPC,4/27/2017,1063.0,1084.0,1040.0,1055.0,-0.75,8337.0,588.0,475.0
SHPC,4/30/2017,1055.0,1086.0,1040.0,1060.0,0.47,9054.0,588.0,475.0
SHPC,5/2/2017,1060.0,1081.0,1055.0,1075.0,1.42,11986.0,588.0,475.0
SHPC,5/3/2017,1075.0,1130.0,1078.0,1123.0,4.47,39879.0,588.0,475.0
SHPC,5/4/2017,1123.0,1133.0,1109.0,1133.0,0.89,31184.0,588.0,475.0
SHPC,5/7/2017,1133.0,1147.0,1116.0,1125.0,-0.71,13961.0,588.0,475.0
SHPC,5/8/2017,1125.0,1150.0,1111.0,1145.0,1.78,20601.0,588.0,475.0
SHPC,5/9/2017,1145.0,1239.0,1150.0,1239.0,8.21,39350.0,588.0,475.0
SHPC,5/11/2017,1239.0,1230.0,1180.0,1195.0,-3.55,41400.0,588.0,475.0
SHPC,5/15/2017,1195.0,1214.0,1185.0,1189.0,-0.5,15466.0,588.0,475.0
SHPC,5/16/2017,1189.0,1200.0,1176.0,1185.0,-0.34,10109.0,588.0,475.0
SHPC,5/17/2017,1185.0,1200.0,1180.0,1190.0,0.42,5894.0,588.0,475.0
SHPC,5/18/2017,1190.0,1213.0,1176.0,1204.0,1.18,13939.0,588.0,475.0
SHPC,5/21/2017,1204.0,1200.0,1182.0,1190.0,-1.16,7592.0,588.0,475.0
SHPC,5/22/2017,1190.0,1190.0,1177.0,1187.0,-0.25,5019.0,588.0,475.0
SHPC,5/23/2017,1187.0,1190.0,1175.0,1179.0,-0.67,7403.0,588.0,475.0
SHPC,5/24/2017,1179.0,1200.0,1160.0,1200.0,1.78,8257.0,588.0,475.0
SHPC,5/28/2017,1200.0,1180.0,1160.0,1170.0,-2.5,18945.0,588.0,475.0
SHPC,5/30/2017,1170.0,1190.0,1151.0,1169.0,-0.09,15135.0,588.0,475.0
SHPC,5/31/2017,1169.0,1180.0,1150.0,1180.0,0.94,11461.0,588.0,475.0
SHPC,6/1/2017,1180.0,1189.0,1165.0,1167.0,-1.1,7307.0,588.0,475.0
SHPC,6/4/2017,1167.0,1167.0,1151.0,1159.0,-0.69,7226.0,588.0,475.0
SHPC,6/5/2017,1159.0,1170.0,1152.0,1161.0,0.17,6601.0,588.0,475.0
SHPC,6/6/2017,1161.0,1184.0,1150.0,1160.0,-0.09,5606.0,588.0,475.0
SHPC,6/7/2017,1160.0,1172.0,1160.0,1160.0,0.0,5542.0,588.0,475.0
SHPC,6/8/2017,1160.0,1163.0,1141.0,1151.0,-0.78,4537.0,588.0,475.0
SHPC,6/11/2017,1151.0,1160.0,1126.0,1126.0,-2.17,7274.0,588.0,475.0
SHPC,6/12/2017,1126.0,1160.0,1110.0,1110.0,-1.42,3405.0,588.0,475.0
SHPC,6/13/2017,1110.0,1151.0,1100.0,1119.0,0.81,2913.0,588.0,475.0
SHPC,6/14/2017,1119.0,1145.0,1125.0,1127.0,0.71,4892.0,588.0,475.0
SHPC,6/15/2017,1127.0,1145.0,1106.0,1120.0,-0.62,6828.0,588.0,475.0
SHPC,6/18/2017,1120.0,1118.0,1100.0,1106.0,-1.25,5237.0,588.0,475.0
SHPC,6/19/2017,1106.0,1109.0,1098.0,1106.0,0.0,7032.0,588.0,475.0
SHPC,6/20/2017,1106.0,1111.0,1090.0,1111.0,0.45,6088.0,588.0,475.0
SHPC,6/21/2017,1111.0,1127.0,1095.0,1113.0,0.18,4900.0,588.0,475.0
SHPC,6/22/2017,1113.0,1132.0,1110.0,1132.0,1.71,8189.0,588.0,475.0
SHPC,6/25/2017,1132.0,1154.0,1115.0,1150.0,1.59,2636.0,588.0,475.0
SHPC,6/27/2017,1150.0,1173.0,1150.0,1170.0,1.74,16915.0,588.0,475.0
SHPC,6/28/2017,1170.0,1189.0,1160.0,1180.0,0.85,12112.0,588.0,475.0
SHPC,7/2/2017,1180.0,1212.0,1167.0,1175.0,-0.42,14597.0,588.0,475.0
SHPC,7/3/2017,1175.0,1176.0,1140.0,1140.0,-2.98,8452.0,588.0,475.0
SHPC,7/4/2017,1140.0,1161.0,1122.0,1124.0,-1.4,2966.0,588.0,475.0
SHPC,7/5/2017,1124.0,1144.0,1130.0,1140.0,1.42,1970.0,588.0,475.0
SHPC,7/6/2017,1140.0,1160.0,1136.0,1150.0,0.88,1784.0,588.0,475.0
SHPC,7/9/2017,1150.0,1170.0,1110.0,1169.0,1.65,7295.0,588.0,475.0
SHPC,7/10/2017,1169.0,1190.0,1135.0,1154.0,-1.28,3895.0,588.0,475.0
SHPC,7/11/2017,1154.0,1189.0,1168.0,1172.0,1.56,5371.0,588.0,475.0
SHPC,7/12/2017,1172.0,1195.0,1161.0,1179.0,0.6,10162.0,588.0,475.0
SHPC,7/13/2017,1179.0,1198.0,1160.0,1168.0,-0.93,18514.0,588.0,475.0
SHPC,7/16/2017,1168.0,1180.0,1140.0,1150.0,-1.54,3730.0,588.0,475.0
SHPC,7/17/2017,1150.0,1150.0,1135.0,1145.0,-0.43,11776.0,588.0,475.0
SHPC,7/18/2017,1145.0,1167.0,1135.0,1135.0,-0.87,22656.0,588.0,475.0
SHPC,7/19/2017,1135.0,1150.0,1115.0,1115.0,-1.76,25563.0,588.0,475.0
SHPC,7/20/2017,1115.0,1129.0,1099.0,1099.0,-1.43,25662.0,588.0,475.0
SHPC,7/23/2017,1099.0,1119.0,1090.0,1100.0,0.09,41672.0,588.0,475.0
SHPC,7/24/2017,1100.0,1110.0,1085.0,1105.0,0.45,80105.0,588.0,475.0
SHPC,7/25/2017,603.0,650.0,615.0,626.0,-43.35,31853.0,588.0,475.0
SHPC,7/26/2017,626.0,628.0,610.0,615.0,-1.76,7528.0,588.0,475.0
SHPC,7/27/2017,615.0,616.0,600.0,600.0,-2.44,4532.0,588.0,475.0
SHPC,7/30/2017,600.0,605.0,590.0,595.0,-0.83,2872.0,588.0,475.0
SHPC,7/31/2017,595.0,607.0,585.0,600.0,0.84,2265.0,588.0,475.0
SHPC,8/1/2017,600.0,610.0,600.0,607.0,1.17,2526.0,588.0,475.0
SHPC,8/2/2017,607.0,623.0,600.0,600.0,-1.15,5935.0,588.0,475.0
SHPC,8/3/2017,600.0,605.0,595.0,595.0,-0.83,1076.0,588.0,475.0
SHPC,8/6/2017,595.0,605.0,595.0,595.0,0.0,1954.0,588.0,475.0
SHPC,8/7/2017,595.0,595.0,592.0,593.0,-0.34,2216.0,588.0,475.0
SHPC,8/9/2017,593.0,600.0,582.0,589.0,-0.67,918.0,588.0,475.0
SHPC,8/10/2017,589.0,594.0,581.0,583.0,-1.02,2889.0,588.0,475.0
SHPC,8/13/2017,583.0,586.0,578.0,578.0,-0.86,3764.0,588.0,475.0
SHPC,8/15/2017,578.0,574.0,552.0,563.0,-2.6,728.0,588.0,475.0
SHPC,8/16/2017,563.0,573.0,544.0,544.0,-3.37,16290.0,588.0,475.0
SHPC,8/17/2017,544.0,576.0,545.0,576.0,5.88,17110.0,588.0,475.0
SHPC,8/20/2017,576.0,600.0,565.0,570.0,-1.04,3593.0,588.0,475.0
SHPC,8/21/2017,570.0,566.0,555.0,555.0,-2.63,3368.0,588.0,475.0
SHPC,8/22/2017,555.0,567.0,550.0,560.0,0.9,5174.0,588.0,475.0
SHPC,8/23/2017,560.0,564.0,550.0,551.0,-1.61,4966.0,588.0,475.0
SHPC,8/24/2017,551.0,564.0,555.0,560.0,1.63,3195.0,588.0,475.0
SHPC,8/27/2017,560.0,570.0,550.0,550.0,-1.79,2259.0,588.0,475.0
SHPC,8/28/2017,550.0,559.0,540.0,540.0,-1.82,6255.0,588.0,475.0
SHPC,8/30/2017,540.0,555.0,535.0,540.0,0.0,3929.0,588.0,475.0
SHPC,8/31/2017,540.0,540.0,535.0,535.0,-0.93,750.0,588.0,475.0
SHPC,9/4/2017,535.0,539.0,525.0,535.0,0.0,5683.0,588.0,475.0
SHPC,9/6/2017,535.0,536.0,533.0,533.0,-0.37,504.0,588.0,475.0
SHPC,9/7/2017,533.0,537.0,531.0,537.0,0.75,2933.0,588.0,475.0
SHPC,9/10/2017,537.0,527.0,515.0,515.0,-4.1,1645.0,588.0,475.0
SHPC,9/11/2017,515.0,534.0,520.0,534.0,3.69,234.0,588.0,475.0
SHPC,9/12/2017,534.0,537.0,520.0,524.0,-1.87,4697.0,588.0,475.0
SHPC,9/13/2017,524.0,531.0,510.0,510.0,-2.67,2410.0,588.0,475.0
SHPC,9/14/2017,510.0,530.0,520.0,529.0,3.73,956.0,588.0,475.0
SHPC,9/17/2017,529.0,540.0,530.0,535.0,1.13,1552.0,588.0,475.0
SHPC,9/18/2017,535.0,550.0,530.0,545.0,1.87,835.0,588.0,475.0
SHPC,9/20/2017,545.0,544.0,535.0,544.0,-0.18,304.0,588.0,475.0
SHPC,9/24/2017,544.0,541.0,530.0,541.0,-0.55,332.0,588.0,475.0
SHPC,9/25/2017,541.0,550.0,542.0,545.0,0.74,962.0,588.0,475.0
SHPC,9/26/2017,545.0,554.0,525.0,525.0,-3.67,2150.0,588.0,475.0
SHPC,10/3/2017,525.0,535.0,535.0,535.0,1.9,428.0,588.0,475.0
SHPC,10/4/2017,535.0,545.0,535.0,540.0,0.93,1170.0,588.0,475.0
SHPC,10/8/2017,540.0,531.0,521.0,530.0,-1.85,1426.0,588.0,475.0
SHPC,10/9/2017,530.0,530.0,522.0,529.0,-0.19,3691.0,588.0,475.0
SHPC,10/10/2017,529.0,530.0,520.0,522.0,-1.32,803.0,588.0,475.0
SHPC,10/11/2017,522.0,526.0,522.0,522.0,0.0,299.0,588.0,475.0
SHPC,10/12/2017,522.0,520.0,516.0,518.0,-0.77,1241.0,588.0,475.0
SHPC,10/15/2017,518.0,520.0,515.0,517.0,-0.19,1014.0,588.0,475.0
SHPC,10/16/2017,517.0,540.0,524.0,540.0,4.45,1638.0,588.0,475.0
SHPC,10/17/2017,540.0,535.0,520.0,535.0,-0.93,1266.0,588.0,475.0
SHPC,10/18/2017,535.0,535.0,521.0,525.0,-1.87,1877.0,588.0,475.0
SHPC,10/22/2017,525.0,535.0,525.0,527.0,0.38,1946.0,588.0,475.0
SHPC,10/23/2017,527.0,535.0,525.0,527.0,0.0,1232.0,588.0,475.0
SHPC,10/24/2017,527.0,537.0,521.0,527.0,0.0,2327.0,588.0,475.0
SHPC,10/25/2017,527.0,522.0,510.0,510.0,-3.23,3114.0,588.0,475.0
SHPC,10/29/2017,510.0,510.0,505.0,510.0,0.0,3325.0,588.0,475.0
SHPC,10/30/2017,510.0,512.0,510.0,511.0,0.2,741.0,588.0,475.0
SHPC,10/31/2017,511.0,515.0,513.0,513.0,0.39,628.0,588.0,475.0
SHPC,11/1/2017,513.0,510.0,503.0,506.0,-1.36,840.0,588.0,475.0
SHPC,11/2/2017,506.0,515.0,504.0,515.0,1.78,2039.0,588.0,475.0
SHPC,11/5/2017,515.0,514.0,497.0,504.0,-2.14,1820.0,588.0,475.0
SHPC,11/6/2017,504.0,505.0,500.0,502.0,-0.4,1760.0,588.0,475.0
SHPC,11/7/2017,502.0,505.0,500.0,501.0,-0.2,2249.0,588.0,475.0
SHPC,11/8/2017,501.0,492.0,483.0,487.0,-2.79,2459.0,588.0,475.0
SHPC,11/9/2017,487.0,496.0,478.0,490.0,0.62,1560.0,588.0,475.0
SHPC,11/12/2017,490.0,489.0,476.0,486.0,-0.82,1090.0,588.0,475.0
SHPC,11/13/2017,486.0,499.0,490.0,495.0,1.85,2372.0,588.0,475.0
SHPC,11/14/2017,495.0,522.0,500.0,520.0,5.05,2960.0,588.0,475.0
SHPC,11/15/2017,520.0,525.0,500.0,510.0,-1.92,5130.0,588.0,475.0
SHPC,11/16/2017,510.0,510.0,490.0,510.0,0.0,3357.0,588.0,475.0
SHPC,11/19/2017,510.0,510.0,510.0,510.0,0.0,317.0,588.0,475.0
SHPC,11/20/2017,510.0,510.0,502.0,507.0,-0.59,9720.0,588.0,475.0
SHPC,11/21/2017,507.0,505.0,491.0,494.0,-2.56,6541.0,588.0,475.0
SHPC,11/22/2017,494.0,503.0,485.0,485.0,-1.82,339.0,588.0,475.0
SHPC,11/23/2017,485.0,505.0,486.0,505.0,4.12,1507.0,588.0,475.0
SHPC,11/26/2017,505.0,506.0,502.0,504.0,-0.2,1969.0,588.0,475.0
SHPC,11/27/2017,504.0,525.0,504.0,523.0,3.77,10026.0,588.0,475.0
SHPC,11/28/2017,523.0,539.0,510.0,527.0,0.76,2999.0,588.0,475.0
SHPC,11/29/2017,527.0,578.0,530.0,548.0,3.98,118709.0,588.0,475.0
SHPC,11/30/2017,548.0,575.0,540.0,555.0,1.28,10339.0,588.0,475.0
SHPC,12/4/2017,555.0,565.0,539.0,554.0,-0.18,8275.0,588.0,475.0
SHPC,12/5/2017,554.0,549.0,533.0,538.0,-2.89,6575.0,588.0,475.0
SHPC,12/6/2017,538.0,550.0,540.0,550.0,2.23,5978.0,588.0,475.0
SHPC,12/10/2017,550.0,543.0,539.0,540.0,-1.82,1700.0,588.0,475.0
SHPC,12/11/2017,540.0,548.0,525.0,548.0,1.48,4265.0,588.0,475.0
SHPC,12/12/2017,548.0,550.0,530.0,550.0,0.36,3197.0,588.0,475.0
SHPC,12/13/2017,550.0,545.0,531.0,540.0,-1.82,6069.0,588.0,475.0
SHPC,12/14/2017,540.0,541.0,515.0,516.0,-4.44,17881.0,588.0,475.0
SHPC,12/17/2017,516.0,517.0,507.0,512.0,-0.78,4024.0,588.0,475.0
SHPC,12/18/2017,512.0,518.0,505.0,518.0,1.17,1251.0,588.0,475.0
SHPC,12/19/2017,518.0,510.0,506.0,506.0,-2.32,3617.0,588.0,475.0
SHPC,12/20/2017,506.0,514.0,500.0,507.0,0.2,2503.0,588.0,475.0
SHPC,12/21/2017,507.0,509.0,505.0,506.0,-0.2,2043.0,588.0,475.0
SHPC,12/24/2017,506.0,516.0,496.0,500.0,-1.19,7894.0,588.0,475.0
SHPC,12/26/2017,500.0,500.0,492.0,495.0,-1.0,1586.0,588.0,475.0
SHPC,12/27/2017,495.0,494.0,473.0,478.0,-3.43,7485.0,588.0,475.0
SHPC,12/28/2017,478.0,489.0,472.0,486.0,1.67,6914.0,588.0,475.0
SHPC,12/31/2017,486.0,486.0,470.0,474.0,-2.47,7650.0,588.0,475.0
SHPC,1/1/2018,474.0,505.0,470.0,500.0,5.49,6155.0,588.0,475.0
SHPC,1/2/2018,500.0,504.0,470.0,485.0,-3.0,45236.0,588.0,475.0
SHPC,1/3/2018,485.0,499.0,470.0,475.0,-2.06,35927.0,588.0,475.0
SHPC,1/4/2018,475.0,478.0,465.0,470.0,-1.05,47634.0,588.0,475.0
SHPC,1/7/2018,470.0,480.0,470.0,478.0,1.7,21416.0,588.0,475.0
SHPC,1/8/2018,478.0,484.0,468.0,472.0,-1.26,25994.0,588.0,475.0
SHPC,1/9/2018,472.0,479.0,469.0,473.0,0.21,117176.0,588.0,475.0
SHPC,1/10/2018,473.0,477.0,469.0,469.0,-0.85,33960.0,588.0,475.0
SHPC,1/14/2018,469.0,465.0,451.0,451.0,-3.84,31166.0,588.0,475.0
SHPC,1/16/2018,451.0,459.0,430.0,430.0,-4.66,125417.0,588.0,475.0
SHPC,1/17/2018,430.0,427.0,418.0,418.0,-2.79,290789.0,588.0,475.0
SHPC,1/21/2018,418.0,423.0,411.0,421.0,0.72,134383.0,588.0,475.0
SHPC,1/22/2018,421.0,434.0,415.0,431.0,2.38,122545.0,588.0,475.0
SHPC,1/23/2018,431.0,434.0,420.0,423.0,-1.86,68793.0,588.0,475.0
SHPC,1/24/2018,423.0,425.0,421.0,425.0,0.47,11962.0,588.0,475.0
SHPC,1/25/2018,425.0,426.0,422.0,424.0,-0.24,42753.0,588.0,475.0
SHPC,1/28/2018,424.0,430.0,420.0,425.0,0.24,63712.0,588.0,475.0
SHPC,1/29/2018,425.0,430.0,422.0,424.0,-0.24,11234.0,588.0,475.0
SHPC,1/31/2018,424.0,424.0,416.0,420.0,-0.94,53167.0,588.0,475.0
SHPC,2/1/2018,420.0,421.0,416.0,419.0,-0.24,68278.0,588.0,475.0
SHPC,2/4/2018,419.0,425.0,411.0,415.0,-0.95,51612.0,588.0,475.0
SHPC,2/5/2018,415.0,414.0,399.0,399.0,-3.86,84199.0,588.0,475.0
SHPC,2/6/2018,399.0,402.0,390.0,391.0,-2.01,41648.0,588.0,475.0
SHPC,2/7/2018,391.0,390.0,380.0,388.0,-0.77,20520.0,588.0,475.0
SHPC,2/8/2018,388.0,404.0,388.0,397.0,2.32,12871.0,588.0,475.0
SHPC,2/11/2018,397.0,401.0,394.0,397.0,0.0,5406.0,588.0,475.0
SHPC,2/12/2018,397.0,395.0,391.0,391.0,-1.51,4944.0,588.0,475.0
SHPC,2/14/2018,391.0,400.0,392.0,400.0,2.3,7799.0,588.0,475.0
SHPC,2/15/2018,400.0,410.0,394.0,405.0,1.25,30646.0,588.0,475.0
SHPC,2/18/2018,405.0,407.0,395.0,395.0,-2.47,20529.0,588.0,475.0
SHPC,2/20/2018,396.0,397.0,390.0,393.0,-0.51,10084.0,588.0,475.0
SHPC,2/21/2018,390.0,394.0,389.0,390.0,-0.76,6225.0,588.0,475.0
SHPC,2/22/2018,390.0,397.0,390.0,392.0,0.51,2743.0,588.0,475.0
SHPC,2/25/2018,390.0,390.0,381.0,388.0,-1.02,6520.0,588.0,475.0
SHPC,2/26/2018,389.0,389.0,375.0,375.0,-3.35,9588.0,588.0,475.0
SHPC,2/27/2018,379.0,384.0,375.0,375.0,0.0,14390.0,588.0,475.0
SHPC,2/28/2018,375.0,375.0,365.0,365.0,-2.67,8440.0,588.0,475.0
SHPC,3/4/2018,360.0,360.0,342.0,346.0,-5.21,19935.0,588.0,475.0
SHPC,3/5/2018,352.0,354.0,334.0,343.0,-0.87,9640.0,588.0,475.0
SHPC,3/6/2018,340.0,356.0,336.0,349.0,1.75,19209.0,588.0,475.0
SHPC,3/7/2018,355.0,362.0,345.0,355.0,1.72,8769.0,588.0,475.0
SHPC,3/11/2018,352.0,352.0,336.0,336.0,-5.35,15449.0,588.0,475.0
SHPC,3/12/2018,336.0,341.0,335.0,337.0,0.3,10623.0,588.0,475.0
SHPC,3/13/2018,337.0,345.0,332.0,345.0,2.37,2336.0,588.0,475.0
SHPC,3/14/2018,345.0,346.0,339.0,339.0,-1.74,5863.0,588.0,475.0
SHPC,3/15/2018,345.0,353.0,344.0,348.0,2.65,5332.0,588.0,475.0
SHPC,3/18/2018,354.0,359.0,340.0,344.0,-1.15,12280.0,588.0,475.0
SHPC,3/19/2018,345.0,345.0,339.0,341.0,-0.87,10534.0,588.0,475.0
SHPC,3/20/2018,339.0,339.0,332.0,335.0,-1.76,8103.0,588.0,475.0
SHPC,3/21/2018,329.0,333.0,328.0,331.0,-1.19,6214.0,588.0,475.0
SHPC,3/22/2018,335.0,337.0,323.0,332.0,0.3,9335.0,588.0,475.0
SHPC,3/26/2018,326.0,326.0,311.0,313.0,-5.72,14526.0,588.0,475.0
SHPC,3/27/2018,308.0,332.0,299.0,325.0,3.83,27928.0,588.0,475.0
SHPC,3/28/2018,331.0,331.0,316.0,319.0,-1.85,14397.0,588.0,475.0
SHPC,3/29/2018,324.0,325.0,315.0,321.0,0.63,17535.0,588.0,475.0
SHPC,4/1/2018,315.0,316.0,307.0,307.0,-4.36,27460.0,588.0,475.0
SHPC,4/2/2018,312.0,313.0,307.0,309.0,0.65,10080.0,588.0,475.0
SHPC,4/3/2018,306.0,315.0,306.0,309.0,0.0,10317.0,588.0,475.0
SHPC,4/4/2018,314.0,325.0,314.0,324.0,4.85,10240.0,588.0,475.0
SHPC,4/5/2018,329.0,339.0,320.0,333.0,2.78,22730.0,588.0,475.0
SHPC,4/8/2018,339.0,351.0,329.0,343.0,3.0,46585.0,588.0,475.0
SHPC,4/9/2018,349.0,355.0,340.0,340.0,-0.87,37086.0,588.0,475.0
SHPC,4/10/2018,335.0,346.0,329.0,330.0,-2.94,14474.0,588.0,475.0
SHPC,4/11/2018,334.0,334.0,324.0,332.0,0.61,20235.0,588.0,475.0
SHPC,4/12/2018,338.0,340.0,330.0,332.0,0.0,21061.0,588.0,475.0
SHPC,4/15/2018,330.0,337.0,327.0,329.0,-0.9,9350.0,588.0,475.0
SHPC,4/16/2018,323.0,341.0,317.0,333.0,1.22,20724.0,588.0,475.0
SHPC,4/17/2018,339.0,349.0,335.0,340.0,2.1,25550.0,588.0,475.0
SHPC,4/18/2018,343.0,374.0,336.0,361.0,6.18,72101.0,588.0,475.0
SHPC,4/19/2018,365.0,386.0,357.0,386.0,6.93,101102.0,588.0,475.0
SHPC,4/22/2018,393.0,407.0,384.0,407.0,5.44,85029.0,588.0,475.0
SHPC,4/23/2018,415.0,415.0,383.0,391.0,-3.93,93600.0,588.0,475.0
SHPC,4/24/2018,390.0,398.0,380.0,389.0,-0.51,57838.0,588.0,475.0
SHPC,4/25/2018,385.0,398.0,375.0,384.0,-1.29,37260.0,588.0,475.0
SHPC,4/26/2018,384.0,388.0,366.0,375.0,-2.34,36753.0,588.0,475.0
SHPC,4/29/2018,380.0,386.0,366.0,373.0,-0.53,13855.0,588.0,475.0
SHPC,5/2/2018,370.0,392.0,365.0,385.0,3.22,36375.0,588.0,475.0
SHPC,5/3/2018,386.0,399.0,386.0,388.0,0.78,39969.0,588.0,475.0
SHPC,5/6/2018,390.0,395.0,384.0,384.0,-1.03,9153.0,588.0,475.0
SHPC,5/7/2018,386.0,386.0,378.0,382.0,-0.52,10124.0,588.0,475.0
SHPC,5/8/2018,383.0,392.0,383.0,390.0,2.09,10174.0,588.0,475.0
SHPC,5/9/2018,390.0,394.0,388.0,390.0,0.0,7237.0,588.0,475.0
SHPC,5/10/2018,385.0,390.0,381.0,381.0,-2.31,18386.0,588.0,475.0
SHPC,5/14/2018,376.0,378.0,373.0,375.0,-1.57,17051.0,588.0,475.0
SHPC,5/15/2018,378.0,380.0,370.0,371.0,-1.07,8140.0,588.0,475.0
SHPC,5/16/2018,378.0,378.0,368.0,370.0,-0.27,5782.0,588.0,475.0
SHPC,5/17/2018,374.0,376.0,371.0,376.0,1.62,6560.0,588.0,475.0
SHPC,5/20/2018,380.0,385.0,370.0,376.0,0.0,26350.0,588.0,475.0
SHPC,5/21/2018,375.0,375.0,369.0,372.0,-1.06,15087.0,588.0,475.0
SHPC,5/22/2018,372.0,375.0,368.0,375.0,0.81,9673.0,588.0,475.0
SHPC,5/23/2018,369.0,382.0,365.0,376.0,0.27,8577.0,588.0,475.0
SHPC,5/24/2018,369.0,375.0,365.0,365.0,-2.93,10441.0,588.0,475.0
SHPC,5/27/2018,370.0,370.0,360.0,360.0,-1.37,10845.0,588.0,475.0
SHPC,5/28/2018,360.0,374.0,358.0,374.0,3.89,27806.0,588.0,475.0
SHPC,5/29/2018,374.0,382.0,368.0,372.0,-0.53,33048.0,588.0,475.0
SHPC,5/30/2018,372.0,382.0,367.0,373.0,0.27,61645.0,588.0,475.0
SHPC,5/31/2018,370.0,372.0,364.0,364.0,-2.41,10989.0,588.0,475.0
SHPC,6/3/2018,365.0,366.0,350.0,364.0,0.0,16510.0,588.0,475.0
SHPC,6/4/2018,360.0,368.0,342.0,345.0,-5.22,11877.0,588.0,475.0
SHPC,6/6/2018,351.0,369.0,351.0,355.0,2.9,8250.0,588.0,475.0
SHPC,6/7/2018,357.0,357.0,340.0,340.0,-4.23,14752.0,588.0,475.0
SHPC,6/10/2018,343.0,343.0,333.0,333.0,-2.06,19716.0,588.0,475.0
SHPC,6/11/2018,328.0,346.0,321.0,334.0,0.3,12547.0,588.0,475.0
SHPC,6/12/2018,335.0,337.0,330.0,337.0,0.9,4920.0,588.0,475.0
SHPC,6/13/2018,331.0,342.0,331.0,340.0,0.89,3267.0,588.0,475.0
SHPC,6/14/2018,346.0,352.0,337.0,347.0,2.06,19410.0,588.0,475.0
SHPC,6/17/2018,353.0,353.0,337.0,338.0,-2.59,11498.0,588.0,475.0
SHPC,6/18/2018,334.0,343.0,334.0,343.0,1.48,1061.0,588.0,475.0
SHPC,6/19/2018,337.0,339.0,335.0,338.0,-1.46,3438.0,588.0,475.0
SHPC,6/20/2018,336.0,336.0,330.0,331.0,-2.07,2073.0,588.0,475.0
SHPC,6/21/2018,328.0,338.0,328.0,331.0,0.0,3779.0,588.0,475.0
SHPC,6/24/2018,333.0,340.0,333.0,333.0,0.6,7088.0,588.0,475.0
SHPC,6/25/2018,330.0,333.0,330.0,330.0,-0.9,1244.0,588.0,475.0
SHPC,6/26/2018,324.0,332.0,324.0,325.0,-1.52,3034.0,588.0,475.0
SHPC,6/27/2018,325.0,330.0,319.0,326.0,0.31,7082.0,588.0,475.0
SHPC,6/28/2018,323.0,329.0,323.0,327.0,0.31,3280.0,588.0,475.0
SHPC,7/1/2018,326.0,328.0,321.0,321.0,-1.83,5150.0,588.0,475.0
SHPC,7/2/2018,321.0,326.0,318.0,326.0,1.56,4191.0,588.0,475.0
SHPC,7/3/2018,330.0,330.0,320.0,326.0,0.0,3784.0,588.0,475.0
SHPC,7/4/2018,326.0,332.0,321.0,330.0,1.23,31194.0,588.0,475.0
SHPC,7/5/2018,331.0,340.0,330.0,340.0,3.03,33063.0,588.0,475.0
SHPC,7/8/2018,345.0,345.0,330.0,336.0,-1.18,29430.0,588.0,475.0
SHPC,7/9/2018,330.0,334.0,326.0,331.0,-1.49,3851.0,588.0,475.0
SHPC,7/10/2018,330.0,332.0,329.0,330.0,-0.3,7518.0,588.0,475.0
SHPC,7/11/2018,336.0,336.0,328.0,330.0,0.0,15446.0,588.0,475.0
SHPC,7/12/2018,330.0,330.0,322.0,328.0,-0.61,7606.0,588.0,475.0
SHPC,7/15/2018,324.0,326.0,322.0,322.0,-1.83,5250.0,588.0,475.0
SHPC,7/16/2018,323.0,330.0,323.0,328.0,1.86,7140.0,588.0,475.0
SHPC,7/17/2018,328.0,330.0,324.0,327.0,-0.3,2520.0,588.0,475.0
SHPC,7/18/2018,323.0,324.0,322.0,323.0,-1.22,2384.0,588.0,475.0
SHPC,7/19/2018,323.0,324.0,320.0,320.0,-0.93,11686.0,588.0,475.0
SHPC,7/22/2018,320.0,323.0,315.0,316.0,-1.25,12122.0,588.0,475.0
SHPC,7/23/2018,322.0,325.0,319.0,321.0,1.58,6206.0,588.0,475.0
SHPC,7/24/2018,318.0,328.0,318.0,324.0,0.93,12188.0,588.0,475.0
SHPC,7/25/2018,320.0,321.0,317.0,321.0,-0.93,6270.0,588.0,475.0
SHPC,7/26/2018,321.0,321.0,315.0,321.0,0.0,9260.0,588.0,475.0
SHPC,7/29/2018,321.0,321.0,316.0,319.0,-0.62,15745.0,588.0,475.0
SHPC,7/30/2018,325.0,324.0,315.0,319.0,0.0,8650.0,588.0,475.0
SHPC,7/31/2018,316.0,319.0,316.0,319.0,0.0,3356.0,588.0,475.0
SHPC,8/1/2018,319.0,319.0,319.0,319.0,0.0,900.0,588.0,475.0
SHPC,8/2/2018,317.0,319.0,310.0,319.0,0.0,105634.0,588.0,475.0
SHPC,8/5/2018,316.0,316.0,313.0,314.0,-1.57,25784.0,588.0,475.0
SHPC,8/6/2018,310.0,314.0,308.0,314.0,0.0,16914.0,588.0,475.0
SHPC,8/7/2018,315.0,315.0,311.0,312.0,-0.64,3792.0,588.0,475.0
SHPC,8/8/2018,312.0,312.0,309.0,310.0,-0.64,3380.0,588.0,475.0
SHPC,8/9/2018,307.0,312.0,300.0,300.0,-3.23,29657.0,588.0,475.0
SHPC,8/12/2018,300.0,304.0,299.0,299.0,-0.33,13624.0,588.0,475.0
SHPC,8/13/2018,300.0,303.0,298.0,300.0,0.33,10168.0,588.0,475.0
SHPC,8/14/2018,300.0,304.0,300.0,304.0,1.33,7532.0,588.0,475.0
SHPC,8/15/2018,304.0,317.0,303.0,313.0,2.96,18076.0,588.0,475.0
SHPC,8/16/2018,307.0,313.0,305.0,309.0,-1.28,12823.0,588.0,475.0
SHPC,8/19/2018,315.0,315.0,300.0,303.0,-1.94,6035.0,588.0,475.0
SHPC,8/20/2018,301.0,303.0,300.0,301.0,-0.66,8642.0,588.0,475.0
SHPC,8/21/2018,300.0,306.0,300.0,306.0,1.66,7870.0,588.0,475.0
SHPC,8/22/2018,300.0,301.0,300.0,300.0,-1.96,4422.0,588.0,475.0
SHPC,8/23/2018,300.0,303.0,294.0,294.0,-2.0,10994.0,588.0,475.0
SHPC,8/26/2018,298.0,299.0,293.0,299.0,1.7,1156.0,588.0,475.0
SHPC,8/28/2018,300.0,300.0,293.0,299.0,0.0,2758.0,588.0,475.0
SHPC,8/29/2018,296.0,296.0,293.0,293.0,-2.01,4836.0,588.0,475.0
SHPC,8/30/2018,288.0,296.0,288.0,294.0,0.34,1650.0,588.0,475.0
SHPC,9/2/2018,299.0,301.0,294.0,301.0,2.38,11858.0,588.0,475.0
SHPC,9/3/2018,305.0,307.0,297.0,304.0,1.0,21846.0,588.0,475.0
SHPC,9/4/2018,300.0,302.0,297.0,297.0,-2.3,8090.0,588.0,475.0
SHPC,9/5/2018,302.0,308.0,297.0,303.0,2.02,34132.0,588.0,475.0
SHPC,9/6/2018,309.0,309.0,299.0,299.0,-1.32,13029.0,588.0,475.0
SHPC,9/9/2018,300.0,304.0,295.0,295.0,-1.34,11448.0,588.0,475.0
SHPC,9/10/2018,295.0,295.0,291.0,291.0,-1.36,4404.0,588.0,475.0
SHPC,9/11/2018,292.0,297.0,292.0,294.0,1.03,3688.0,588.0,475.0
SHPC,9/12/2018,295.0,298.0,293.0,298.0,1.36,10546.0,588.0,475.0
SHPC,9/13/2018,301.0,303.0,295.0,297.0,-0.34,6578.0,588.0,475.0
SHPC,9/16/2018,300.0,309.0,299.0,305.0,2.69,31285.0,588.0,475.0
SHPC,9/17/2018,302.0,305.0,299.0,301.0,-1.31,16072.0,588.0,475.0
SHPC,9/18/2018,296.0,322.0,296.0,320.0,6.31,36148.0,588.0,475.0
SHPC,9/20/2018,314.0,326.0,300.0,314.0,-1.88,246708.0,588.0,475.0
SHPC,9/23/2018,319.0,319.0,309.0,310.0,-1.27,16486.0,588.0,475.0
SHPC,9/25/2018,315.0,323.0,310.0,314.0,1.29,33680.0,588.0,475.0
SHPC,9/26/2018,313.0,316.0,312.0,312.0,-0.64,9431.0,588.0,475.0
SHPC,9/27/2018,312.0,313.0,308.0,309.0,-0.96,7090.0,588.0,475.0
SHPC,9/30/2018,308.0,309.0,300.0,308.0,-0.32,52213.0,588.0,475.0
SHPC,10/1/2018,304.0,316.0,304.0,310.0,0.65,76420.0,588.0,475.0
SHPC,10/2/2018,316.0,319.0,300.0,307.0,-0.97,93726.0,588.0,475.0
SHPC,10/3/2018,313.0,313.0,302.0,302.0,-1.63,8997.0,588.0,475.0
SHPC,10/4/2018,301.0,304.0,296.0,300.0,-0.66,26710.0,588.0,475.0
SHPC,10/7/2018,300.0,300.0,295.0,295.0,-1.67,17105.0,588.0,475.0
SHPC,10/8/2018,300.0,300.0,293.0,293.0,-0.68,13888.0,588.0,475.0
SHPC,10/9/2018,297.0,300.0,289.0,290.0,-1.02,47961.0,588.0,475.0
SHPC,10/10/2018,290.0,294.0,286.0,286.0,-1.38,118051.0,588.0,475.0
SHPC,10/11/2018,255.0,260.0,250.0,255.0,-10.84,5348.0,588.0,475.0
SHPC,10/14/2018,253.0,255.0,252.0,252.0,-1.18,2870.0,588.0,475.0
SHPC,10/15/2018,257.0,261.0,251.0,252.0,0.0,7126.0,588.0,475.0
SHPC,10/21/2018,256.0,256.0,252.0,252.0,0.0,1730.0,588.0,475.0
SHPC,10/22/2018,257.0,257.0,257.0,257.0,1.98,36.0,588.0,475.0
SHPC,10/23/2018,253.0,255.0,252.0,255.0,-0.78,1710.0,588.0,475.0
SHPC,10/24/2018,260.0,260.0,253.0,253.0,-0.78,3190.0,588.0,475.0
SHPC,10/25/2018,253.0,256.0,250.0,250.0,-1.19,12324.0,588.0,475.0
SHPC,10/28/2018,251.0,252.0,246.0,248.0,-0.8,16244.0,588.0,475.0
SHPC,10/29/2018,245.0,248.0,244.0,246.0,-0.81,6640.0,588.0,475.0
SHPC,10/30/2018,243.0,246.0,243.0,246.0,0.0,13011.0,588.0,475.0
SHPC,10/31/2018,245.0,245.0,244.0,244.0,-0.81,3202.0,588.0,475.0
SHPC,11/1/2018,248.0,252.0,245.0,245.0,0.41,5678.0,588.0,475.0
SHPC,11/4/2018,244.0,248.0,243.0,245.0,0.0,1674.0,588.0,475.0
SHPC,11/5/2018,249.0,252.0,248.0,252.0,2.86,1100.0,588.0,475.0
SHPC,11/11/2018,252.0,254.0,249.0,249.0,-1.19,1500.0,588.0,475.0
SHPC,11/12/2018,250.0,250.0,245.0,245.0,-1.61,1905.0,588.0,475.0
SHPC,11/13/2018,245.0,245.0,241.0,244.0,-0.41,3426.0,588.0,475.0
SHPC,11/14/2018,244.0,247.0,243.0,245.0,0.41,1940.0,588.0,475.0
SHPC,11/15/2018,245.0,249.0,241.0,243.0,-0.82,2085.0,588.0,475.0
SHPC,11/18/2018,240.0,242.0,240.0,241.0,-0.82,2681.0,588.0,475.0
SHPC,11/19/2018,237.0,241.0,231.0,235.0,-2.49,13686.0,588.0,475.0
SHPC,11/20/2018,232.0,235.0,229.0,230.0,-2.13,8100.0,588.0,475.0
SHPC,11/21/2018,228.0,236.0,228.0,230.0,0.0,9404.0,588.0,475.0
SHPC,11/22/2018,231.0,235.0,230.0,231.0,0.43,8441.0,588.0,475.0
SHPC,11/25/2018,233.0,233.0,230.0,232.0,0.43,14137.0,588.0,475.0
SHPC,11/26/2018,230.0,233.0,229.0,229.0,-1.29,3470.0,588.0,475.0
SHPC,11/27/2018,233.0,235.0,231.0,232.0,1.31,14579.0,588.0,475.0
SHPC,11/28/2018,234.0,234.0,230.0,232.0,0.0,4857.0,588.0,475.0
SHPC,11/29/2018,229.0,230.0,228.0,230.0,-0.86,8218.0,588.0,475.0
SHPC,12/2/2018,230.0,230.0,226.0,230.0,0.0,3429.0,588.0,475.0
SHPC,12/3/2018,227.0,231.0,227.0,228.0,-0.87,6756.0,588.0,475.0
SHPC,12/4/2018,228.0,230.0,225.0,228.0,0.0,7273.0,588.0,475.0
SHPC,12/5/2018,228.0,230.0,224.0,224.0,-1.75,4658.0,588.0,475.0
SHPC,12/6/2018,226.0,226.0,222.0,223.0,-0.45,4812.0,588.0,475.0
SHPC,12/9/2018,225.0,226.0,224.0,226.0,1.35,6370.0,588.0,475.0
SHPC,12/10/2018,226.0,234.0,226.0,228.0,0.88,3291.0,588.0,475.0
SHPC,12/11/2018,228.0,228.0,224.0,225.0,-1.32,9640.0,588.0,475.0
SHPC,12/12/2018,227.0,227.0,225.0,225.0,0.0,4825.0,588.0,475.0
SHPC,12/13/2018,229.0,231.0,227.0,230.0,2.22,1442.0,588.0,475.0
SHPC,12/16/2018,230.0,232.0,226.0,226.0,-1.74,14836.0,588.0,475.0
SHPC,12/17/2018,225.0,229.0,225.0,228.0,0.88,6672.0,588.0,475.0
SHPC,12/18/2018,232.0,234.0,220.0,220.0,-3.51,18870.0,588.0,475.0
SHPC,12/19/2018,222.0,227.0,222.0,222.0,0.91,8437.0,588.0,475.0
SHPC,12/20/2018,226.0,228.0,224.0,226.0,1.8,4448.0,588.0,475.0
SHPC,12/23/2018,230.0,234.0,229.0,231.0,2.21,11528.0,588.0,475.0
SHPC,12/24/2018,232.0,233.0,230.0,231.0,0.0,11046.0,588.0,475.0
SHPC,12/25/2018,234.0,234.0,227.0,227.0,-1.73,4714.0,588.0,475.0
SHPC,12/26/2018,230.0,236.0,228.0,234.0,3.08,18652.0,588.0,475.0
SHPC,12/27/2018,238.0,242.0,236.0,236.0,0.85,33051.0,588.0,475.0
SHPC,12/30/2018,233.0,235.0,232.0,234.0,-0.85,3400.0,588.0,475.0
SHPC,12/31/2018,232.0,235.0,229.0,229.0,-2.14,8115.0,588.0,475.0
SHPC,1/1/2019,230.0,234.0,230.0,234.0,2.18,9352.0,588.0,475.0
SHPC,1/2/2019,230.0,233.0,230.0,233.0,-0.43,3743.0,588.0,475.0
SHPC,1/3/2019,230.0,230.0,229.0,230.0,-1.29,3452.0,588.0,475.0
SHPC,1/6/2019,229.0,229.0,225.0,228.0,-0.87,5090.0,588.0,475.0
SHPC,1/7/2019,226.0,228.0,225.0,227.0,-0.44,1810.0,588.0,475.0
SHPC,1/8/2019,228.0,229.0,227.0,229.0,0.88,4016.0,588.0,475.0
SHPC,1/9/2019,228.0,230.0,228.0,230.0,0.44,11729.0,588.0,475.0
SHPC,1/10/2019,228.0,232.0,228.0,232.0,0.87,3777.0,588.0,475.0
SHPC,1/13/2019,230.0,236.0,229.0,233.0,0.43,7500.0,588.0,475.0
SHPC,1/14/2019,232.0,237.0,231.0,237.0,1.72,10564.0,588.0,475.0
SHPC,1/15/2019,233.0,243.0,233.0,243.0,2.53,6817.0,588.0,475.0
SHPC,1/16/2019,242.0,244.0,237.0,237.0,-2.47,7134.0,588.0,475.0
SHPC,1/17/2019,238.0,240.0,236.0,237.0,0.0,4957.0,588.0,475.0
SHPC,1/20/2019,233.0,240.0,229.0,240.0,1.27,2296.0,588.0,475.0
SHPC,1/21/2019,238.0,238.0,228.0,232.0,-3.33,7500.0,588.0,475.0
SHPC,1/22/2019,229.0,236.0,228.0,232.0,0.0,8132.0,588.0,475.0
SHPC,1/23/2019,233.0,233.0,229.0,231.0,-0.43,3751.0,588.0,475.0
SHPC,1/24/2019,232.0,235.0,231.0,232.0,0.43,6041.0,588.0,475.0
SHPC,1/27/2019,230.0,231.0,229.0,230.0,-0.86,5812.0,588.0,475.0
SHPC,1/28/2019,230.0,233.0,230.0,231.0,0.43,2830.0,588.0,475.0
SHPC,1/29/2019,231.0,235.0,230.0,230.0,-0.43,6233.0,588.0,475.0
SHPC,1/30/2019,230.0,233.0,229.0,231.0,0.43,1648.0,588.0,475.0
SHPC,1/31/2019,230.0,231.0,229.0,229.0,-0.87,12017.0,588.0,475.0
SHPC,2/3/2019,228.0,230.0,227.0,227.0,-0.87,1989.0,588.0,475.0
SHPC,2/4/2019,227.0,230.0,227.0,228.0,0.44,4701.0,588.0,475.0
SHPC,2/5/2019,230.0,230.0,227.0,227.0,-0.44,2850.0,588.0,475.0
SHPC,2/6/2019,226.0,228.0,226.0,227.0,0.0,4814.0,588.0,475.0
SHPC,2/7/2019,224.0,231.0,223.0,227.0,0.0,5298.0,588.0,475.0
SHPC,2/10/2019,227.0,227.0,220.0,222.0,-2.2,6694.0,588.0,475.0
SHPC,2/11/2019,220.0,225.0,216.0,221.0,-0.45,4477.0,588.0,475.0
SHPC,2/12/2019,219.0,222.0,218.0,220.0,-0.45,1605.0,588.0,475.0
SHPC,2/13/2019,219.0,219.0,218.0,218.0,-0.91,4262.0,588.0,475.0
SHPC,2/14/2019,219.0,219.0,215.0,216.0,-0.92,2392.0,588.0,475.0
SHPC,2/17/2019,216.0,220.0,215.0,215.0,-0.46,2655.0,588.0,475.0
SHPC,2/18/2019,214.0,217.0,212.0,216.0,0.47,8851.0,588.0,475.0
SHPC,2/19/2019,214.0,219.0,212.0,218.0,0.93,3493.0,588.0,475.0
SHPC,2/20/2019,218.0,218.0,215.0,215.0,-1.38,524.0,588.0,475.0
SHPC,2/21/2019,214.0,219.0,212.0,214.0,-0.47,6565.0,588.0,475.0
SHPC,2/24/2019,214.0,216.0,212.0,216.0,0.93,6653.0,588.0,475.0
SHPC,2/25/2019,216.0,217.0,215.0,217.0,0.46,1590.0,588.0,475.0
SHPC,2/26/2019,217.0,219.0,213.0,213.0,-1.84,2680.0,588.0,475.0
SHPC,2/27/2019,213.0,217.0,213.0,215.0,0.94,2856.0,588.0,475.0
SHPC,3/3/2019,215.0,221.0,213.0,221.0,2.79,3290.0,588.0,475.0
SHPC,3/5/2019,219.0,221.0,217.0,221.0,0.0,7293.0,588.0,475.0
SHPC,3/6/2019,221.0,222.0,219.0,222.0,0.45,4139.0,588.0,475.0
SHPC,3/7/2019,219.0,227.0,219.0,224.0,0.9,908.0,588.0,475.0
SHPC,3/10/2019,224.0,233.0,220.0,233.0,4.02,3833.0,588.0,475.0
SHPC,3/11/2019,232.0,239.0,226.0,228.0,-2.15,18433.0,588.0,475.0
SHPC,3/12/2019,232.0,237.0,229.0,234.0,2.63,13819.0,588.0,475.0
SHPC,3/13/2019,230.0,234.0,229.0,231.0,-1.28,8658.0,588.0,475.0
SHPC,3/14/2019,228.0,232.0,227.0,230.0,-0.43,6539.0,588.0,475.0
SHPC,3/17/2019,231.0,235.0,229.0,233.0,1.3,8245.0,588.0,475.0
SHPC,3/18/2019,231.0,233.0,227.0,229.0,-1.72,15676.0,588.0,475.0
SHPC,3/19/2019,227.0,229.0,226.0,226.0,-1.31,1481.0,588.0,475.0
SHPC,3/21/2019,227.0,229.0,225.0,226.0,0.0,8369.0,588.0,475.0
SHPC,3/24/2019,224.0,225.0,220.0,225.0,-0.44,4738.0,588.0,475.0
SHPC,3/25/2019,223.0,233.0,221.0,224.0,-0.44,19485.0,588.0,475.0
SHPC,3/26/2019,224.0,226.0,221.0,226.0,0.89,5268.0,588.0,475.0
SHPC,3/27/2019,224.0,226.0,224.0,225.0,-0.44,5075.0,588.0,475.0
SHPC,3/28/2019,223.0,226.0,223.0,225.0,0.0,17598.0,588.0,475.0
SHPC,3/31/2019,225.0,225.0,223.0,225.0,0.0,3753.0,588.0,475.0
SHPC,4/1/2019,225.0,228.0,225.0,225.0,0.0,6399.0,588.0,475.0
SHPC,4/2/2019,225.0,229.0,225.0,227.0,0.89,3965.0,588.0,475.0
SHPC,4/3/2019,227.0,230.0,226.0,230.0,1.32,6801.0,588.0,475.0
SHPC,4/4/2019,230.0,230.0,227.0,228.0,-0.87,4150.0,588.0,475.0
SHPC,4/7/2019,225.0,229.0,225.0,229.0,0.44,113261.0,588.0,475.0
SHPC,4/8/2019,226.0,231.0,226.0,228.0,-0.44,19351.0,588.0,475.0
SHPC,4/9/2019,228.0,232.0,225.0,225.0,-1.32,15340.0,588.0,475.0
SHPC,4/10/2019,224.0,225.0,222.0,224.0,-0.44,4128.0,588.0,475.0
SHPC,4/11/2019,225.0,228.0,225.0,228.0,1.79,3142.0,588.0,475.0
SHPC,4/15/2019,227.0,228.0,224.0,227.0,-0.44,2082.0,588.0,475.0
SHPC,4/16/2019,228.0,230.0,226.0,230.0,1.32,6249.0,588.0,475.0
SHPC,4/17/2019,230.0,231.0,228.0,228.0,-0.87,22834.0,588.0,475.0
SHPC,4/18/2019,225.0,229.0,225.0,228.0,0.0,4689.0,588.0,475.0
SHPC,4/21/2019,228.0,233.0,227.0,232.0,1.75,27527.0,588.0,475.0
SHPC,4/22/2019,235.0,235.0,227.0,227.0,-2.16,15921.0,588.0,475.0
SHPC,4/23/2019,227.0,229.0,226.0,229.0,0.88,9785.0,588.0,475.0
SHPC,4/24/2019,227.0,229.0,225.0,227.0,-0.87,14564.0,588.0,475.0
SHPC,4/25/2019,227.0,231.0,226.0,229.0,0.88,11254.0,588.0,475.0
SHPC,4/28/2019,230.0,251.0,229.0,247.0,7.86,47208.0,588.0,475.0
SHPC,4/29/2019,250.0,261.0,240.0,251.0,1.62,34773.0,588.0,475.0
SHPC,4/30/2019,247.0,276.0,247.0,276.0,9.96,125611.0,588.0,475.0
SHPC,5/2/2019,281.0,285.0,263.0,274.0,-0.72,62966.0,588.0,475.0
SHPC,5/5/2019,261.0,277.0,260.0,264.0,-3.65,37277.0,588.0,475.0
SHPC,5/6/2019,261.0,269.0,256.0,269.0,1.89,25709.0,588.0,475.0
SHPC,5/7/2019,274.0,274.0,260.0,266.0,-1.12,30229.0,588.0,475.0
SHPC,5/8/2019,261.0,265.0,254.0,258.0,-3.01,18207.0,588.0,475.0
SHPC,5/9/2019,263.0,268.0,250.0,257.0,-0.39,11557.0,588.0,475.0
SHPC,5/12/2019,256.0,262.0,252.0,260.0,1.17,22234.0,588.0,475.0
SHPC,5/13/2019,260.0,271.0,258.0,269.0,3.46,36524.0,588.0,475.0
SHPC,5/14/2019,274.0,280.0,265.0,267.0,-0.74,40411.0,588.0,475.0
SHPC,5/15/2019,272.0,275.0,266.0,266.0,-0.37,28285.0,588.0,475.0
SHPC,5/16/2019,270.0,274.0,261.0,271.0,1.88,33089.0,588.0,475.0
SHPC,5/19/2019,274.0,275.0,262.0,268.0,-1.11,20426.0,588.0,475.0
SHPC,5/20/2019,270.0,270.0,262.0,269.0,0.37,16501.0,588.0,475.0
SHPC,5/21/2019,265.0,295.0,265.0,286.0,6.32,150446.0,588.0,475.0
SHPC,5/22/2019,291.0,308.0,281.0,299.0,4.55,189034.0,588.0,475.0
SHPC,5/23/2019,295.0,295.0,272.0,277.0,-7.36,84285.0,588.0,475.0
SHPC,5/26/2019,274.0,279.0,269.0,274.0,-1.08,30428.0,588.0,475.0
SHPC,5/27/2019,270.0,273.0,267.0,271.0,-1.09,19091.0,588.0,475.0
SHPC,5/28/2019,270.0,276.0,265.0,268.0,-1.11,25365.0,588.0,475.0
SHPC,5/29/2019,273.0,280.0,269.0,275.0,2.61,36258.0,588.0,475.0
SHPC,5/30/2019,280.0,290.0,268.0,269.0,-2.18,73991.0,588.0,475.0
SHPC,6/2/2019,274.0,274.0,264.0,265.0,-1.49,35413.0,588.0,475.0
SHPC,6/3/2019,264.0,271.0,259.0,260.0,-1.89,18073.0,588.0,475.0
SHPC,6/4/2019,263.0,264.0,256.0,256.0,-1.54,15030.0,588.0,475.0
SHPC,6/6/2019,257.0,258.0,255.0,255.0,-0.39,9618.0,588.0,475.0
SHPC,6/10/2019,255.0,258.0,251.0,251.0,-1.57,31728.0,588.0,475.0
SHPC,6/11/2019,255.0,259.0,252.0,252.0,0.4,7250.0,588.0,475.0
SHPC,6/12/2019,240.0,260.0,240.0,258.0,2.38,12251.0,588.0,475.0
SHPC,6/13/2019,253.0,261.0,253.0,255.0,-1.16,27904.0,588.0,475.0
SHPC,6/16/2019,251.0,260.0,251.0,260.0,1.96,9264.0,588.0,475.0
SHPC,6/17/2019,255.0,260.0,254.0,255.0,-1.92,15245.0,588.0,475.0
SHPC,6/18/2019,251.0,258.0,251.0,252.0,-1.18,8089.0,588.0,475.0
SHPC,6/19/2019,251.0,255.0,248.0,250.0,-0.79,15781.0,588.0,475.0
SHPC,6/20/2019,255.0,255.0,250.0,251.0,0.4,5783.0,588.0,475.0
SHPC,6/23/2019,251.0,251.0,246.0,246.0,-1.99,15325.0,588.0,475.0
SHPC,6/24/2019,250.0,255.0,250.0,251.0,2.03,3764.0,588.0,475.0
SHPC,6/25/2019,251.0,253.0,248.0,248.0,-1.2,7753.0,588.0,475.0
SHPC,6/26/2019,244.0,252.0,244.0,247.0,-0.4,6340.0,588.0,475.0
SHPC,6/27/2019,250.0,252.0,247.0,247.0,0.0,6483.0,588.0,475.0
SHPC,6/30/2019,247.0,248.0,244.0,244.0,-1.21,20103.0,588.0,475.0
SHPC,7/1/2019,242.0,249.0,240.0,245.0,0.41,3632.0,588.0,475.0
SHPC,7/2/2019,242.0,248.0,242.0,245.0,0.0,3780.0,588.0,475.0
SHPC,7/3/2019,249.0,258.0,242.0,254.0,3.67,6800.0,588.0,475.0
SHPC,7/4/2019,251.0,251.0,250.0,250.0,-1.57,6561.0,588.0,475.0
SHPC,7/7/2019,248.0,249.0,248.0,249.0,-0.4,4087.0,588.0,475.0
SHPC,7/8/2019,249.0,250.0,247.0,249.0,0.0,2639.0,588.0,475.0
SHPC,7/9/2019,246.0,252.0,246.0,251.0,0.8,4829.0,588.0,475.0
SHPC,7/10/2019,250.0,252.0,247.0,247.0,-1.59,11944.0,588.0,475.0
SHPC,7/11/2019,245.0,250.0,245.0,250.0,1.21,8079.0,588.0,475.0
SHPC,7/14/2019,250.0,250.0,249.0,250.0,0.0,2578.0,588.0,475.0
SHPC,7/15/2019,250.0,253.0,250.0,251.0,0.4,1110.0,588.0,475.0
SHPC,7/16/2019,263.0,268.0,245.0,245.0,-2.39,935.0,588.0,475.0
SHPC,7/17/2019,249.0,254.0,249.0,253.0,3.27,10437.0,588.0,475.0
SHPC,7/18/2019,257.0,265.0,253.0,253.0,0.0,3336.0,588.0,475.0
SHPC,7/21/2019,253.0,253.0,248.0,249.0,-1.58,6467.0,588.0,475.0
SHPC,7/22/2019,248.0,253.0,248.0,250.0,0.4,5177.0,588.0,475.0
SHPC,7/23/2019,251.0,252.0,250.0,250.0,0.0,25526.0,588.0,475.0
SHPC,7/24/2019,253.0,253.0,250.0,252.0,0.8,2902.0,588.0,475.0
SHPC,7/25/2019,250.0,251.0,249.0,249.0,-1.19,3009.0,588.0,475.0
SHPC,7/28/2019,245.0,247.0,245.0,245.0,-1.61,1667.0,588.0,475.0
SHPC,7/29/2019,246.0,249.0,244.0,249.0,1.63,11776.0,588.0,475.0
SHPC,7/30/2019,248.0,248.0,246.0,248.0,-0.4,1487.0,588.0,475.0
SHPC,7/31/2019,248.0,252.0,248.0,248.0,0.0,1146.0,588.0,475.0
SHPC,8/1/2019,252.0,257.0,245.0,245.0,-1.21,7495.0,588.0,475.0
SHPC,8/4/2019,249.0,249.0,243.0,243.0,-0.82,17309.0,588.0,475.0
SHPC,8/5/2019,243.0,247.0,240.0,247.0,1.65,14344.0,588.0,475.0
SHPC,8/6/2019,250.0,250.0,243.0,243.0,-1.62,2308.0,588.0,475.0
SHPC,8/7/2019,241.0,245.0,241.0,244.0,0.41,12132.0,588.0,475.0
SHPC,8/8/2019,241.0,243.0,240.0,242.0,-0.82,10987.0,588.0,475.0
SHPC,8/11/2019,240.0,241.0,238.0,238.0,-1.65,13239.0,588.0,475.0
SHPC,8/12/2019,242.0,242.0,238.0,238.0,0.0,1321.0,588.0,475.0
SHPC,8/13/2019,236.0,239.0,236.0,238.0,0.0,3595.0,588.0,475.0
SHPC,8/14/2019,235.0,240.0,235.0,237.0,-0.42,15696.0,588.0,475.0
SHPC,8/15/2019,241.0,241.0,236.0,236.0,-0.42,1503.0,588.0,475.0
SHPC,8/18/2019,234.0,234.0,231.0,232.0,-1.69,12062.0,588.0,475.0
SHPC,8/19/2019,233.0,235.0,229.0,231.0,-0.43,12744.0,588.0,475.0
SHPC,8/20/2019,229.0,229.0,225.0,225.0,-2.6,12428.0,588.0,475.0
SHPC,8/21/2019,225.0,225.0,224.0,225.0,0.0,3516.0,588.0,475.0
SHPC,8/22/2019,223.0,228.0,223.0,223.0,-0.89,4280.0,588.0,475.0
SHPC,8/25/2019,223.0,225.0,220.0,224.0,0.45,10953.0,588.0,475.0
SHPC,8/26/2019,221.0,224.0,220.0,221.0,-1.34,24540.0,588.0,475.0
SHPC,8/27/2019,224.0,224.0,220.0,220.0,-0.45,2099.0,588.0,475.0
SHPC,8/28/2019,222.0,222.0,218.0,218.0,-0.91,2744.0,588.0,475.0
SHPC,8/29/2019,216.0,219.0,216.0,219.0,0.46,3532.0,588.0,475.0
SHPC,9/1/2019,216.0,219.0,212.0,216.0,-1.37,8180.0,588.0,475.0
SHPC,9/2/2019,216.0,216.0,209.0,209.0,-3.24,2080.0,588.0,475.0
SHPC,9/3/2019,209.0,217.0,209.0,216.0,3.35,2244.0,588.0,475.0
SHPC,9/4/2019,216.0,219.0,216.0,216.0,0.0,552.0,588.0,475.0
SHPC,9/5/2019,213.0,216.0,211.0,213.0,-1.39,6344.0,588.0,475.0
SHPC,9/8/2019,210.0,213.0,209.0,210.0,-1.41,3061.0,588.0,475.0
SHPC,9/9/2019,210.0,210.0,207.0,209.0,-0.48,1567.0,588.0,475.0
SHPC,9/10/2019,207.0,209.0,202.0,207.0,-0.96,8126.0,588.0,475.0
SHPC,9/11/2019,208.0,208.0,202.0,202.0,-2.42,9950.0,588.0,475.0
SHPC,9/12/2019,199.0,204.0,199.0,202.0,0.0,9151.0,588.0,475.0
SHPC,9/15/2019,199.0,200.0,196.0,196.0,-2.97,7456.0,588.0,475.0
SHPC,9/16/2019,196.0,197.0,194.0,196.0,0.0,5402.0,588.0,475.0
SHPC,9/17/2019,193.0,204.0,193.0,203.0,3.57,13546.0,588.0,475.0
SHPC,9/18/2019,200.0,206.0,196.0,205.0,0.99,7856.0,588.0,475.0
SHPC,9/19/2019,205.0,205.0,205.0,205.0,0.0,39.0,588.0,475.0
SHPC,9/22/2019,200.0,200.0,190.0,192.0,-6.34,3414.0,588.0,475.0
SHPC,9/23/2019,193.0,193.0,184.0,188.0,-2.08,7701.0,588.0,475.0
SHPC,9/24/2019,185.0,190.0,184.0,185.0,-1.6,7320.0,588.0,475.0
SHPC,9/25/2019,185.0,188.0,182.0,182.0,-1.62,9320.0,588.0,475.0
SHPC,9/26/2019,185.0,188.0,183.0,183.0,0.55,1510.0,588.0,475.0
SHPC,9/29/2019,183.0,186.0,183.0,185.0,1.09,466.0,588.0,475.0
SHPC,9/30/2019,186.0,197.0,185.0,195.0,5.41,4002.0,588.0,475.0
SHPC,10/1/2019,198.0,204.0,195.0,202.0,3.59,3329.0,588.0,475.0
SHPC,10/2/2019,198.0,206.0,192.0,195.0,-3.47,10178.0,588.0,475.0
SHPC,10/3/2019,198.0,201.0,196.0,197.0,1.03,2630.0,588.0,475.0
SHPC,10/14/2019,194.0,194.0,187.0,187.0,-5.08,1480.0,588.0,475.0
SHPC,10/15/2019,190.0,193.0,190.0,193.0,3.21,1848.0,588.0,475.0
SHPC,10/16/2019,191.0,193.0,190.0,190.0,-1.55,1232.0,588.0,475.0
SHPC,10/17/2019,192.0,192.0,187.0,187.0,-1.58,4383.0,588.0,475.0
SHPC,10/20/2019,190.0,193.0,190.0,193.0,3.21,361.0,588.0,475.0
SHPC,10/21/2019,186.0,196.0,186.0,196.0,1.55,1767.0,588.0,475.0
SHPC,10/22/2019,193.0,193.0,190.0,190.0,-3.06,1018.0,588.0,475.0
SHPC,10/23/2019,190.0,194.0,190.0,194.0,2.11,3415.0,588.0,475.0
SHPC,10/24/2019,197.0,197.0,192.0,194.0,0.0,1264.0,588.0,475.0
SHPC,10/31/2019,191.0,192.0,190.0,190.0,-2.06,279.0,588.0,475.0
SHPC,11/3/2019,188.0,189.0,187.0,188.0,-1.05,3366.0,588.0,475.0
SHPC,11/4/2019,188.0,196.0,187.0,192.0,2.13,4448.0,588.0,475.0
SHPC,11/5/2019,195.0,195.0,189.0,189.0,-1.56,2788.0,588.0,475.0
SHPC,11/6/2019,190.0,190.0,188.0,189.0,0.0,1871.0,588.0,475.0
SHPC,11/7/2019,189.0,189.0,187.0,187.0,-1.06,3509.0,588.0,475.0
SHPC,11/10/2019,186.0,186.0,185.0,186.0,-0.53,3615.0,588.0,475.0
SHPC,11/11/2019,189.0,190.0,187.0,190.0,2.15,1842.0,588.0,475.0
SHPC,11/12/2019,190.0,192.0,186.0,187.0,-1.58,1723.0,588.0,475.0
SHPC,11/13/2019,187.0,188.0,185.0,188.0,0.53,2969.0,588.0,475.0
SHPC,11/14/2019,185.0,187.0,183.0,187.0,-0.53,8781.0,588.0,475.0
SHPC,11/17/2019,186.0,190.0,185.0,190.0,1.6,6337.0,588.0,475.0
SHPC,11/18/2019,189.0,189.0,184.0,184.0,-3.16,4379.0,588.0,475.0
SHPC,11/19/2019,183.0,185.0,183.0,185.0,0.54,2824.0,588.0,475.0
SHPC,11/20/2019,184.0,191.0,184.0,186.0,0.54,5953.0,588.0,475.0
SHPC,11/21/2019,185.0,186.0,185.0,186.0,0.0,3081.0,588.0,475.0
SHPC,11/24/2019,185.0,185.0,179.0,179.0,-3.76,7911.0,588.0,475.0
SHPC,11/25/2019,182.0,182.0,174.0,178.0,-0.56,12372.0,588.0,475.0
SHPC,11/26/2019,179.0,185.0,177.0,180.0,1.12,7188.0,588.0,475.0
SHPC,11/27/2019,179.0,183.0,179.0,183.0,1.67,10496.0,588.0,475.0
SHPC,11/28/2019,185.0,186.0,180.0,180.0,-1.64,3424.0,588.0,475.0
SHPC,12/1/2019,180.0,186.0,180.0,182.0,1.11,4881.0,588.0,475.0
SHPC,12/2/2019,182.0,184.0,180.0,180.0,-1.1,7720.0,588.0,475.0
SHPC,12/3/2019,183.0,184.0,183.0,183.0,1.67,2050.0,588.0,475.0
SHPC,12/4/2019,183.0,184.0,181.0,182.0,-0.55,7849.0,588.0,475.0
SHPC,12/5/2019,183.0,184.0,182.0,183.0,0.55,5281.0,588.0,475.0
SHPC,12/8/2019,182.0,187.0,182.0,187.0,2.19,6068.0,588.0,475.0
SHPC,12/9/2019,185.0,196.0,185.0,193.0,3.21,18852.0,588.0,475.0
SHPC,12/10/2019,195.0,195.0,188.0,192.0,-0.52,21878.0,588.0,475.0
SHPC,12/11/2019,194.0,197.0,193.0,193.0,0.52,10259.0,588.0,475.0
SHPC,12/12/2019,196.0,205.0,190.0,200.0,3.63,35857.0,588.0,475.0
SHPC,12/15/2019,203.0,204.0,197.0,200.0,0.0,19432.0,588.0,475.0
SHPC,12/16/2019,197.0,197.0,190.0,192.0,-4.0,22222.0,588.0,475.0
SHPC,12/17/2019,189.0,195.0,186.0,192.0,0.0,7536.0,588.0,475.0
SHPC,12/18/2019,190.0,191.0,188.0,188.0,-2.08,4720.0,588.0,475.0
SHPC,12/19/2019,186.0,194.0,185.0,185.0,-1.6,8530.0,588.0,475.0
SHPC,12/22/2019,186.0,188.0,182.0,183.0,-1.08,26781.0,588.0,475.0
SHPC,12/23/2019,165.0,175.0,165.0,175.0,-4.37,11538.0,588.0,475.0
SHPC,12/24/2019,176.0,176.0,172.0,172.0,-1.71,4216.0,588.0,475.0
SHPC,12/25/2019,171.0,174.0,171.0,171.0,-0.58,3119.0,588.0,475.0
SHPC,12/26/2019,174.0,174.0,169.0,169.0,-1.17,11586.0,588.0,475.0
SHPC,12/29/2019,167.0,167.0,166.0,166.0,-1.78,4309.0,588.0,475.0
SHPC,12/30/2019,167.0,170.0,165.0,169.0,1.81,2999.0,588.0,475.0
SHPC,12/31/2019,171.0,171.0,167.0,167.0,-1.18,2817.0,588.0,475.0
SHPC,1/1/2020,169.0,169.0,165.0,168.0,0.6,7885.0,588.0,475.0
SHPC,1/2/2020,168.0,169.0,165.0,168.0,0.0,8729.0,588.0,475.0
SHPC,1/5/2020,165.0,174.0,165.0,168.0,0.0,11699.0,588.0,475.0
SHPC,1/6/2020,170.0,174.0,170.0,174.0,3.57,5826.0,588.0,475.0
SHPC,1/7/2020,177.0,183.0,174.0,178.0,2.3,17642.0,588.0,475.0
SHPC,1/8/2020,180.0,183.0,174.0,174.0,-2.25,16399.0,588.0,475.0
SHPC,1/9/2020,177.0,180.0,177.0,177.0,1.72,315.0,588.0,475.0
SHPC,1/12/2020,180.0,189.0,180.0,184.0,3.95,22269.0,588.0,475.0
SHPC,1/13/2020,186.0,202.0,186.0,202.0,9.78,48792.0,588.0,475.0
SHPC,1/14/2020,202.0,212.0,192.0,194.0,-3.96,33714.0,588.0,475.0
SHPC,1/15/2020,194.0,206.0,194.0,198.0,2.06,17036.0,588.0,475.0
SHPC,1/16/2020,200.0,205.0,196.0,204.0,3.03,20592.0,588.0,475.0
SHPC,1/19/2020,205.0,224.0,204.0,220.0,7.84,70795.0,588.0,475.0
SHPC,1/20/2020,224.0,228.0,208.0,212.0,-3.64,31230.0,588.0,475.0
SHPC,1/21/2020,212.0,213.0,208.0,212.0,0.0,13185.0,588.0,475.0
SHPC,1/22/2020,210.0,210.0,202.0,203.0,-4.25,10484.0,588.0,475.0
SHPC,1/23/2020,202.0,209.0,201.0,202.0,-0.49,8843.0,588.0,475.0
SHPC,1/26/2020,201.0,201.0,195.0,198.0,-1.98,12430.0,588.0,475.0
SHPC,1/27/2020,200.0,200.0,196.0,196.0,-1.01,18661.0,588.0,475.0
SHPC,1/28/2020,199.0,203.0,198.0,198.0,1.02,11170.0,588.0,475.0
SHPC,1/29/2020,199.0,199.0,194.0,195.0,-1.52,8858.0,588.0,475.0
SHPC,1/30/2020,198.0,206.0,197.0,200.0,2.56,16519.0,588.0,475.0
SHPC,2/2/2020,204.0,204.0,200.0,200.0,0.0,11439.0,588.0,475.0
SHPC,2/3/2020,201.0,219.0,194.0,217.0,8.5,102932.0,588.0,475.0
SHPC,2/4/2020,217.0,233.0,209.0,227.0,4.61,161114.0,588.0,475.0
SHPC,2/5/2020,225.0,225.0,215.0,215.0,-5.29,21173.0,588.0,475.0
SHPC,2/6/2020,219.0,219.0,210.0,214.0,-0.47,20721.0,588.0,475.0
SHPC,2/9/2020,216.0,220.0,210.0,215.0,0.47,16990.0,588.0,475.0
SHPC,2/10/2020,212.0,218.0,209.0,213.0,-0.93,9347.0,588.0,475.0
SHPC,2/11/2020,217.0,228.0,216.0,220.0,3.29,70115.0,588.0,475.0
SHPC,2/12/2020,224.0,227.0,218.0,218.0,-0.91,33794.0,588.0,475.0
SHPC,2/13/2020,221.0,221.0,215.0,219.0,0.46,23202.0,588.0,475.0
SHPC,2/16/2020,218.0,221.0,210.0,221.0,0.91,49284.0,588.0,475.0
SHPC,2/17/2020,217.0,242.0,217.0,235.0,6.33,136947.0,588.0,475.0
SHPC,2/18/2020,235.0,240.0,227.0,231.0,-1.7,73384.0,588.0,475.0
SHPC,2/19/2020,235.0,235.0,224.0,234.0,1.3,22111.0,588.0,475.0
SHPC,2/20/2020,234.0,238.0,230.0,235.0,0.43,83527.0,588.0,475.0
SHPC,2/23/2020,239.0,256.0,233.0,250.0,6.38,141182.0,588.0,475.0
SHPC,2/24/2020,255.0,255.0,239.0,240.0,-4.0,65697.0,588.0,475.0
SHPC,2/25/2020,238.0,258.0,238.0,258.0,7.5,122048.0,588.0,475.0
SHPC,2/26/2020,263.0,272.0,256.0,261.0,1.16,130792.0,588.0,475.0
SHPC,2/27/2020,259.0,259.0,250.0,252.0,-3.45,54272.0,588.0,475.0
SHPC,3/1/2020,252.0,257.0,242.0,245.0,-2.78,31811.0,588.0,475.0
SHPC,3/2/2020,241.0,241.0,226.0,226.0,-7.76,21655.0,588.0,475.0
SHPC,3/3/2020,222.0,241.0,215.0,230.0,1.77,53459.0,588.0,475.0
SHPC,3/4/2020,230.0,231.0,216.0,218.0,-5.22,30826.0,588.0,475.0
SHPC,3/5/2020,214.0,225.0,206.0,221.0,1.38,31451.0,588.0,475.0
SHPC,3/10/2020,217.0,217.0,208.0,208.0,-5.88,13810.0,588.0,475.0
SHPC,3/11/2020,212.0,224.0,208.0,224.0,7.69,22718.0,588.0,475.0
SHPC,3/12/2020,222.0,226.0,210.0,215.0,-4.02,41702.0,588.0,475.0
SHPC,3/15/2020,215.0,215.0,204.0,208.0,-3.26,14797.0,588.0,475.0
SHPC,3/16/2020,204.0,212.0,200.0,205.0,-1.44,23131.0,588.0,475.0
SHPC,3/17/2020,201.0,202.0,192.0,192.0,-6.34,36009.0,588.0,475.0
SHPC,3/18/2020,190.0,198.0,189.0,194.0,1.04,15007.0,588.0,475.0
SHPC,3/19/2020,191.0,201.0,191.0,200.0,3.09,23032.0,588.0,475.0
SHPC,3/22/2020,200.0,200.0,198.0,198.0,-1.0,600.0,588.0,475.0
SHPC,6/29/2020,195.0,198.0,184.0,200.0,1.01,9889.0,588.0,475.0
SHPC,6/30/2020,196.0,208.0,196.0,208.0,4.0,2820.0,588.0,475.0
SHPC,7/1/2020,212.0,212.0,212.0,212.0,1.92,100.0,588.0,475.0
SHPC,7/2/2020,212.0,212.0,204.0,204.0,-3.77,1950.0,588.0,475.0
SHPC,7/5/2020,208.0,210.0,200.0,204.0,0.0,11211.0,588.0,475.0
SHPC,7/6/2020,205.0,210.0,203.0,210.0,2.94,4271.0,588.0,475.0
SHPC,7/7/2020,214.0,225.0,210.0,218.0,3.81,10375.0,588.0,475.0
SHPC,7/8/2020,218.0,218.0,212.0,215.0,-1.38,9347.0,588.0,475.0
SHPC,7/9/2020,212.0,219.0,207.0,219.0,1.86,13850.0,588.0,475.0
SHPC,7/12/2020,219.0,223.0,217.0,220.0,0.46,8899.0,588.0,475.0
SHPC,7/13/2020,220.0,230.0,218.0,228.0,3.64,20481.0,588.0,475.0
SHPC,7/14/2020,228.0,228.0,220.0,224.0,-1.75,10715.0,588.0,475.0
SHPC,7/15/2020,224.0,227.0,220.0,223.0,-0.45,17445.0,588.0,475.0
SHPC,7/16/2020,225.0,230.0,221.0,230.0,3.14,10051.0,588.0,475.0
SHPC,7/19/2020,234.0,238.0,234.0,238.0,3.48,20.0,588.0,475.0
SHPC,7/20/2020,242.0,255.0,224.0,229.0,-3.78,34537.0,588.0,475.0
SHPC,7/21/2020,225.0,235.0,222.0,225.0,-1.75,16116.0,588.0,475.0
SHPC,7/22/2020,228.0,228.0,219.0,223.0,-0.89,21184.0,588.0,475.0
SHPC,7/23/2020,219.0,227.0,219.0,227.0,1.79,9211.0,588.0,475.0
SHPC,7/26/2020,230.0,230.0,217.0,226.0,-0.44,15738.0,588.0,475.0
SHPC,7/27/2020,222.0,226.0,218.0,221.0,-2.21,17876.0,588.0,475.0
SHPC,7/28/2020,218.0,224.0,218.0,221.0,0.0,10902.0,588.0,475.0
SHPC,7/29/2020,218.0,224.0,217.0,223.0,0.9,15253.0,588.0,475.0
SHPC,7/30/2020,225.0,225.0,219.0,222.0,-0.45,20332.0,588.0,475.0
SHPC,8/2/2020,220.0,226.0,215.0,220.0,-0.9,35015.0,588.0,475.0
SHPC,8/3/2020,224.0,224.0,218.0,220.0,0.0,21764.0,588.0,475.0
SHPC,8/5/2020,217.0,219.0,216.0,217.0,-1.36,23491.0,588.0,475.0
SHPC,8/6/2020,218.0,218.0,214.0,217.0,0.0,15556.0,588.0,475.0
SHPC,8/9/2020,213.0,220.0,213.0,217.0,0.0,6976.0,588.0,475.0
SHPC,8/10/2020,221.0,226.0,219.0,224.0,3.23,42411.0,588.0,475.0
SHPC,8/11/2020,226.0,230.0,224.0,228.0,1.79,55265.0,588.0,475.0
SHPC,8/12/2020,232.0,241.0,228.0,233.0,2.19,79202.0,588.0,475.0
SHPC,8/13/2020,244.0,244.0,226.0,229.0,-1.72,40777.0,588.0,475.0
SHPC,8/16/2020,226.0,230.0,221.0,230.0,0.44,23760.0,588.0,475.0
SHPC,8/17/2020,241.0,241.0,227.0,230.0,0.0,5567.0,588.0,475.0
SHPC,8/18/2020,229.0,233.0,227.0,228.0,-0.87,6075.0,588.0,475.0
SHPC,8/19/2020,224.0,226.0,222.0,223.0,-2.19,12703.0,588.0,475.0
SHPC,8/20/2020,223.0,226.0,222.0,226.0,1.35,21961.0,588.0,475.0
SHPC,8/23/2020,230.0,230.0,222.0,227.0,0.44,5463.0,588.0,475.0
SHPC,8/24/2020,238.0,238.0,228.0,230.0,1.32,35760.0,588.0,475.0
SHPC,8/25/2020,230.0,234.0,230.0,232.0,0.87,29679.0,588.0,475.0
SHPC,8/26/2020,236.0,240.0,231.0,240.0,3.45,59222.0,588.0,475.0
SHPC,8/27/2020,240.0,246.0,237.0,239.0,-0.42,67182.0,588.0,475.0
SHPC,8/30/2020,236.0,247.0,232.0,242.0,1.26,66897.0,588.0,475.0
SHPC,8/31/2020,254.0,256.0,242.0,249.0,2.89,115496.0,588.0,475.0
SHPC,9/2/2020,253.0,273.0,251.0,273.0,9.64,228271.0,588.0,475.0
SHPC,9/3/2020,286.0,286.0,256.0,260.0,-4.76,108339.0,588.0,475.0
SHPC,9/6/2020,273.0,276.0,255.0,260.0,0.0,101566.0,588.0,475.0
SHPC,9/7/2020,257.0,262.0,255.0,257.0,-1.15,81721.0,588.0,475.0
SHPC,9/8/2020,258.0,269.0,252.0,264.0,2.72,115516.0,588.0,475.0
SHPC,9/9/2020,267.0,270.0,261.0,270.0,2.27,89313.0,588.0,475.0
SHPC,9/10/2020,283.0,283.0,261.0,271.0,0.37,51757.0,588.0,475.0
SHPC,9/13/2020,271.0,287.0,268.0,283.0,4.43,143099.0,588.0,475.0
SHPC,9/14/2020,288.0,301.0,284.0,290.0,2.47,230257.0,588.0,475.0
SHPC,9/15/2020,293.0,295.0,282.0,284.0,-2.07,64894.0,588.0,475.0
SHPC,9/16/2020,279.0,302.0,279.0,300.0,5.63,185030.0,588.0,475.0
SHPC,9/17/2020,306.0,309.0,294.0,300.0,0.0,236329.0,588.0,475.0
SHPC,9/20/2020,300.0,300.0,286.0,290.0,-3.33,119043.0,588.0,475.0
SHPC,9/21/2020,285.0,294.0,281.0,289.0,-0.34,102296.0,588.0,475.0
SHPC,9/22/2020,292.0,294.0,285.0,290.0,0.35,77703.0,588.0,475.0
SHPC,9/23/2020,291.0,294.0,285.0,294.0,1.38,54745.0,588.0,475.0
SHPC,9/24/2020,292.0,308.0,290.0,300.0,2.04,163642.0,588.0,475.0
SHPC,9/27/2020,300.0,304.0,294.0,296.0,-1.33,91612.0,588.0,475.0
SHPC,9/28/2020,293.0,296.0,293.0,294.0,-0.68,14700.0,588.0,475.0
SHPC,9/29/2020,294.0,296.0,290.0,292.0,-0.68,46439.0,588.0,475.0
SHPC,9/30/2020,288.0,300.0,288.0,292.0,0.0,53139.0,588.0,475.0
SHPC,10/1/2020,293.0,297.0,288.0,290.0,-0.68,102651.0,588.0,475.0
SHPC,10/4/2020,291.0,292.0,286.0,287.0,-1.03,33369.0,588.0,475.0
SHPC,10/5/2020,291.0,312.0,287.0,301.0,4.88,209093.0,588.0,475.0
SHPC,10/6/2020,305.0,325.0,305.0,319.0,5.98,339945.0,588.0,475.0
SHPC,10/7/2020,321.0,349.0,321.0,340.0,6.58,333122.0,588.0,475.0
SHPC,10/8/2020,346.0,364.0,338.0,340.0,0.0,258266.0,588.0,475.0
SHPC,10/11/2020,342.0,344.0,329.0,333.0,-2.06,228075.0,588.0,475.0
SHPC,10/12/2020,338.0,338.0,328.0,332.0,-0.3,121621.0,588.0,475.0
SHPC,10/13/2020,336.0,336.0,325.0,328.0,-1.2,165039.0,588.0,475.0
SHPC,10/14/2020,327.0,327.0,319.0,320.0,-2.44,79377.0,588.0,475.0
SHPC,10/15/2020,325.0,337.0,320.0,330.0,3.12,84741.0,588.0,475.0
SHPC,10/18/2020,327.0,328.0,321.0,324.0,-1.82,34348.0,588.0,475.0
SHPC,10/19/2020,322.0,336.0,322.0,336.0,3.7,71829.0,588.0,475.0
SHPC,10/20/2020,338.0,345.0,332.0,344.0,2.38,55272.0,588.0,475.0
SHPC,10/21/2020,349.0,349.0,337.0,340.0,-1.16,56567.0,588.0,475.0
SHPC,10/22/2020,336.0,344.0,335.0,336.0,-1.18,44986.0,588.0,475.0
SHPC,10/28/2020,339.0,340.0,330.0,340.0,1.19,34602.0,588.0,475.0
SHPC,10/29/2020,346.0,348.0,338.0,341.0,0.29,86759.0,588.0,475.0
SHPC,11/1/2020,342.0,345.0,340.0,342.0,0.29,37718.0,588.0,475.0
SHPC,11/2/2020,340.0,343.0,340.0,342.0,0.0,48475.0,588.0,475.0
SHPC,11/3/2020,340.0,343.0,340.0,343.0,0.29,117789.0,588.0,475.0
SHPC,11/4/2020,350.0,350.0,338.0,341.0,-0.58,35114.0,588.0,475.0
SHPC,11/5/2020,340.0,349.0,338.0,345.0,1.17,61002.0,588.0,475.0
SHPC,11/8/2020,350.0,356.0,348.0,350.0,1.45,116593.0,588.0,475.0
SHPC,11/9/2020,357.0,357.0,349.0,353.0,0.86,78150.0,588.0,475.0
SHPC,11/10/2020,354.0,354.0,350.0,353.0,0.0,64009.0,588.0,475.0
SHPC,11/11/2020,355.0,363.0,350.0,357.0,1.13,133607.0,588.0,475.0
SHPC,11/12/2020,360.0,364.0,354.0,356.0,-0.28,103698.0,588.0,475.0
SHPC,11/18/2020,358.0,359.0,352.0,354.0,-0.56,70843.0,588.0,475.0
SHPC,11/19/2020,355.0,357.0,353.0,355.0,0.28,67144.0,588.0,475.0
SHPC,11/22/2020,359.0,359.0,346.0,346.0,-2.54,52552.0,588.0,475.0
SHPC,11/23/2020,350.0,350.0,344.0,349.0,0.87,27901.0,588.0,475.0
SHPC,11/24/2020,349.0,353.0,349.0,350.0,0.29,26189.0,588.0,475.0
SHPC,11/25/2020,355.0,360.0,348.0,354.0,1.14,65651.0,588.0,475.0
SHPC,11/26/2020,355.0,366.0,355.0,355.0,0.28,129502.0,588.0,475.0
SHPC,11/29/2020,354.0,360.0,352.0,360.0,1.41,118397.0,588.0,475.0
SHPC,11/30/2020,365.0,394.0,360.0,391.0,8.61,180479.0,588.0,475.0
SHPC,12/1/2020,395.0,401.0,375.0,380.0,-2.81,214999.0,588.0,475.0
SHPC,12/2/2020,387.0,405.0,384.0,394.0,3.68,148163.0,588.0,475.0
SHPC,12/3/2020,413.0,413.0,382.0,386.0,-2.03,184123.0,588.0,475.0
SHPC,12/6/2020,386.0,386.0,366.0,366.0,-5.18,105063.0,588.0,475.0
SHPC,12/7/2020,373.0,380.0,352.0,375.0,2.46,54399.0,588.0,475.0
SHPC,12/8/2020,380.0,397.0,372.0,380.0,1.33,93699.0,588.0,475.0
SHPC,12/9/2020,380.0,387.0,368.0,371.0,-2.37,53032.0,588.0,475.0
SHPC,12/10/2020,371.0,373.0,367.0,373.0,0.54,49013.0,588.0,475.0
SHPC,12/13/2020,372.0,377.0,368.0,369.0,-1.07,55577.0,588.0,475.0
SHPC,12/14/2020,369.0,374.0,362.0,365.0,-1.08,75786.0,588.0,475.0
SHPC,12/15/2020,372.0,372.0,364.0,366.0,0.27,42257.0,588.0,475.0
SHPC,12/16/2020,384.0,384.0,355.0,356.0,-2.73,62178.0,588.0,475.0
SHPC,12/17/2020,373.0,373.0,352.0,354.0,-0.56,68619.0,588.0,475.0
SHPC,12/20/2020,354.0,367.0,336.0,340.0,-3.95,88381.0,588.0,475.0
SHPC,12/21/2020,340.0,354.0,323.0,342.0,0.59,66629.0,588.0,475.0
SHPC,12/22/2020,348.0,354.0,341.0,343.0,0.29,59108.0,588.0,475.0
SHPC,12/23/2020,349.0,356.0,343.0,345.0,0.58,27029.0,588.0,475.0
SHPC,12/24/2020,340.0,350.0,339.0,346.0,0.29,36866.0,588.0,475.0
SHPC,12/27/2020,351.0,354.0,338.0,338.0,-2.31,104317.0,588.0,475.0
SHPC,12/28/2020,308.0,309.0,297.0,298.0,-11.83,27321.0,588.0,475.0
SHPC,12/29/2020,295.0,296.0,284.0,288.0,-3.36,62121.0,588.0,475.0
SHPC,12/30/2020,290.0,290.0,282.0,286.0,-0.69,16739.0,588.0,475.0
SHPC,12/31/2020,291.0,295.0,286.0,287.0,0.35,22314.0,588.0,475.0
SHPC,1/3/2021,292.0,302.0,292.0,294.0,2.44,38100.0,588.0,475.0
SHPC,1/4/2021,299.0,316.0,299.0,308.0,4.76,33005.0,588.0,475.0
SHPC,1/5/2021,307.0,321.0,305.0,318.0,3.25,41272.0,588.0,475.0
SHPC,1/6/2021,320.0,321.0,314.0,316.0,-0.63,34495.0,588.0,475.0
SHPC,1/7/2021,316.0,316.0,308.0,312.0,-1.27,72974.0,588.0,475.0
SHPC,1/10/2021,315.0,320.0,314.0,318.0,1.92,44937.0,588.0,475.0
SHPC,1/11/2021,314.0,330.0,314.0,323.0,1.57,40138.0,588.0,475.0
SHPC,1/12/2021,328.0,329.0,322.0,328.0,1.55,89344.0,588.0,475.0
SHPC,1/13/2021,331.0,333.0,328.0,330.0,0.61,52608.0,588.0,475.0
SHPC,1/17/2021,346.0,346.0,331.0,334.0,1.21,35864.0,588.0,475.0
SHPC,1/18/2021,340.0,340.0,329.0,330.0,-1.2,40169.0,588.0,475.0
SHPC,1/19/2021,331.0,332.0,324.0,325.0,-1.52,33118.0,588.0,475.0
SHPC,1/20/2021,341.0,341.0,318.0,327.0,0.62,42780.0,588.0,475.0
SHPC,1/21/2021,327.0,341.0,323.0,340.0,3.98,59208.0,588.0,475.0
SHPC,1/24/2021,345.0,351.0,335.0,339.0,-0.29,68015.0,588.0,475.0
SHPC,1/25/2021,342.0,342.0,333.0,337.0,-0.59,52458.0,588.0,475.0
SHPC,1/26/2021,353.0,353.0,334.0,335.0,-0.59,39132.0,588.0,475.0
SHPC,1/27/2021,334.0,337.0,330.0,335.0,0.0,44782.0,588.0,475.0
SHPC,1/28/2021,336.0,337.0,330.0,331.0,-1.19,53697.0,588.0,475.0
SHPC,1/31/2021,325.0,331.0,314.0,322.0,-2.72,48665.0,588.0,475.0
SHPC,2/1/2021,328.0,330.0,322.0,324.0,0.62,44366.0,588.0,475.0
SHPC,2/2/2021,330.0,340.0,325.0,339.0,4.63,81878.0,588.0,475.0
SHPC,2/3/2021,355.0,363.0,339.0,356.0,5.01,259365.0,588.0,475.0
SHPC,2/4/2021,360.0,376.0,352.0,370.0,3.93,270968.0,588.0,475.0
SHPC,2/7/2021,376.0,384.0,367.0,373.0,0.81,118809.0,588.0,475.0
SHPC,2/8/2021,377.0,380.0,365.0,367.0,-1.61,77813.0,588.0,475.0
SHPC,2/9/2021,385.0,385.0,355.0,365.0,-0.54,161840.0,588.0,475.0
SHPC,2/10/2021,361.0,364.0,357.0,361.0,-1.1,55061.0,588.0,475.0
SHPC,2/11/2021,360.0,366.0,355.0,358.0,-0.83,60065.0,588.0,475.0
SHPC,2/14/2021,352.0,359.0,349.0,349.0,-2.51,107063.0,588.0,475.0
SHPC,2/15/2021,350.0,366.0,350.0,361.0,3.44,71173.0,588.0,475.0
SHPC,2/16/2021,361.0,367.0,354.0,366.0,1.39,72399.0,588.0,475.0
SHPC,2/17/2021,366.0,366.0,357.0,357.0,-2.46,19717.0,588.0,475.0
SHPC,2/18/2021,352.0,364.0,352.0,357.0,0.0,52539.0,588.0,475.0
SHPC,2/21/2021,363.0,365.0,354.0,360.0,0.84,72978.0,588.0,475.0
SHPC,2/22/2021,378.0,378.0,354.0,354.0,-1.67,79107.0,588.0,475.0
SHPC,2/23/2021,351.0,358.0,348.0,357.0,0.85,62904.0,588.0,475.0
SHPC,2/24/2021,364.0,369.0,350.0,355.0,-0.56,68093.0,588.0,475.0
SHPC,2/25/2021,355.0,355.0,347.0,350.0,-1.41,65404.0,588.0,475.0
SHPC,2/28/2021,343.0,348.0,337.0,338.0,-3.43,49894.0,588.0,475.0
SHPC,3/1/2021,335.0,353.0,332.0,340.0,0.59,30460.0,588.0,475.0
SHPC,3/2/2021,346.0,346.0,329.0,331.0,-2.65,50168.0,588.0,475.0
SHPC,3/3/2021,330.0,340.0,326.0,333.0,0.6,45872.0,588.0,475.0
SHPC,3/4/2021,338.0,351.0,335.0,343.0,3.0,59617.0,588.0,475.0
SHPC,3/7/2021,345.0,351.0,340.0,340.0,-0.87,28921.0,588.0,475.0
SHPC,3/9/2021,341.0,344.0,335.0,340.0,0.0,28307.0,588.0,475.0
SHPC,3/10/2021,346.0,360.0,334.0,357.0,5.0,145500.0,588.0,475.0
SHPC,3/14/2021,364.0,364.0,344.0,345.0,-3.36,46045.0,588.0,475.0
SHPC,3/15/2021,345.0,350.0,341.0,343.0,-0.58,22711.0,588.0,475.0
SHPC,3/16/2021,341.0,348.0,337.0,339.0,-1.17,28605.0,588.0,475.0
SHPC,3/17/2021,344.0,345.0,339.0,343.0,1.18,19855.0,588.0,475.0
SHPC,3/18/2021,346.0,348.0,342.0,346.0,0.87,20051.0,588.0,475.0
SHPC,3/21/2021,348.0,348.0,340.0,341.0,-1.45,52426.0,588.0,475.0
SHPC,3/22/2021,347.0,354.0,339.0,354.0,3.81,86725.0,588.0,475.0
SHPC,3/23/2021,347.0,365.0,347.0,364.0,2.82,144285.0,588.0,475.0
SHPC,3/24/2021,370.0,372.0,359.0,360.0,-1.1,98265.0,588.0,475.0
SHPC,3/25/2021,358.0,365.0,351.0,353.0,-1.94,53035.0,588.0,475.0
SHPC,3/29/2021,352.0,352.0,344.0,347.0,-1.7,22379.0,588.0,475.0
SHPC,3/30/2021,353.0,357.0,347.0,352.0,1.44,21679.0,588.0,475.0
SHPC,3/31/2021,355.0,357.0,352.0,352.0,0.0,26812.0,588.0,475.0
SHPC,4/1/2021,347.0,368.0,347.0,358.0,1.7,118749.0,588.0,475.0
SHPC,4/4/2021,358.0,372.0,358.0,367.0,2.51,132075.0,588.0,475.0
SHPC,4/5/2021,368.0,370.0,361.0,365.0,-0.54,65436.0,588.0,475.0
SHPC,4/6/2021,362.0,390.0,361.0,388.0,6.3,289102.0,588.0,475.0
SHPC,4/7/2021,395.0,408.0,372.0,372.0,-4.12,284132.0,588.0,475.0
SHPC,4/8/2021,378.0,382.0,371.0,371.0,-0.27,112623.0,588.0,475.0
SHPC,4/12/2021,378.0,378.0,366.0,370.0,-0.27,51083.0,588.0,475.0
SHPC,4/13/2021,368.0,376.0,368.0,374.0,1.08,51821.0,588.0,475.0
SHPC,4/15/2021,378.0,382.0,371.0,376.0,0.53,77092.0,588.0,475.0
SHPC,4/18/2021,382.0,383.0,373.0,374.0,-0.53,77641.0,588.0,475.0
SHPC,4/19/2021,371.0,379.0,369.0,373.0,-0.27,85153.0,588.0,475.0
SHPC,4/20/2021,368.0,377.0,368.0,376.0,0.8,80654.0,588.0,475.0
SHPC,4/21/2021,382.0,385.0,374.0,377.0,0.27,141336.0,588.0,475.0
SHPC,4/22/2021,377.0,383.0,376.0,382.0,1.33,102487.0,588.0,475.0
SHPC,4/25/2021,380.0,382.0,366.0,370.0,-3.14,89278.0,588.0,475.0
SHPC,4/26/2021,363.0,371.0,353.0,360.0,-2.7,77302.0,588.0,475.0
SHPC,4/27/2021,360.0,370.0,358.0,369.0,2.5,35577.0,588.0,475.0
SHPC,4/28/2021,387.0,387.0,361.0,369.0,0.0,34460.0,588.0,475.0
SHPC,4/29/2021,369.0,385.0,367.0,380.0,2.98,98113.0,588.0,475.0
SHPC,5/2/2021,385.0,394.0,378.0,389.0,2.37,139165.0,588.0,475.0
SHPC,5/3/2021,391.0,392.0,381.0,382.0,-1.8,93394.0,588.0,475.0
SHPC,5/4/2021,377.0,388.0,377.0,386.0,1.05,68901.0,588.0,475.0
SHPC,5/5/2021,381.0,397.0,381.0,395.0,2.33,166254.0,588.0,475.0
SHPC,5/6/2021,396.0,397.0,383.0,386.0,-2.28,95604.0,588.0,475.0
SHPC,5/9/2021,386.0,392.0,385.0,385.0,-0.26,70432.0,588.0,475.0
SHPC,5/10/2021,390.0,390.0,382.0,385.0,0.0,36288.0,588.0,475.0
SHPC,5/11/2021,385.0,389.0,381.0,387.0,0.52,48123.0,588.0,475.0
SHPC,5/12/2021,386.0,388.0,380.0,386.0,-0.26,56401.0,588.0,475.0
SHPC,5/13/2021,387.0,392.0,387.0,390.0,1.04,85814.0,588.0,475.0
SHPC,5/16/2021,400.0,408.0,386.0,403.0,3.33,223295.0,588.0,475.0
SHPC,5/17/2021,405.0,411.0,400.0,405.0,0.5,102197.0,588.0,475.0
SHPC,5/18/2021,412.0,440.0,406.0,429.0,5.93,262654.0,588.0,475.0
SHPC,5/19/2021,440.0,440.0,406.0,409.0,-4.66,211453.0,588.0,475.0
SHPC,5/20/2021,411.0,416.0,404.0,407.0,-0.49,116893.0,588.0,475.0
SHPC,5/23/2021,403.0,418.0,393.0,416.0,2.21,108368.0,588.0,475.0
SHPC,5/24/2021,422.0,425.0,412.0,417.0,0.24,135230.0,588.0,475.0
SHPC,5/25/2021,424.0,440.0,414.0,436.0,4.56,337593.0,588.0,475.0
SHPC,5/27/2021,436.0,479.0,422.0,479.0,9.86,634507.0,588.0,475.0
SHPC,5/30/2021,500.0,518.0,474.0,495.0,3.34,665753.0,588.0,475.0
SHPC,5/31/2021,500.0,500.0,455.0,475.0,-4.04,431837.0,588.0,475.0
SHPC,6/1/2021,474.0,480.0,453.0,460.0,-3.16,239113.0,588.0,475.0
SHPC,6/2/2021,468.0,506.0,460.0,506.0,10.0,652605.0,588.0,475.0
SHPC,6/3/2021,531.0,531.0,496.0,507.0,0.2,584806.0,588.0,475.0
SHPC,6/6/2021,531.0,531.0,487.0,496.0,-2.17,425925.0,588.0,475.0
SHPC,6/7/2021,505.0,519.0,491.0,517.0,4.23,406068.0,588.0,475.0
SHPC,6/8/2021,521.0,544.0,518.0,530.0,2.51,362592.0,588.0,475.0
SHPC,6/9/2021,540.0,540.0,520.0,521.0,-1.7,218377.0,588.0,475.0
SHPC,6/10/2021,525.0,537.0,517.0,532.0,2.11,330654.0,588.0,475.0
SHPC,6/13/2021,558.0,574.0,530.0,568.0,6.77,554063.0,588.0,475.0
SHPC,6/14/2021,579.0,607.0,555.0,569.0,0.18,512563.0,588.0,475.0
SHPC,6/15/2021,575.0,589.0,546.0,548.0,-3.69,249073.0,588.0,475.0
SHPC,6/16/2021,548.0,558.0,518.0,530.0,-3.28,381587.0,588.0,475.0
SHPC,6/17/2021,525.0,545.0,520.0,533.0,0.57,203910.0,588.0,475.0
SHPC,6/20/2021,533.0,539.0,503.0,516.0,-3.19,205492.0,588.0,475.0
SHPC,6/21/2021,521.0,521.0,481.0,485.0,-6.01,230760.0,588.0,475.0
SHPC,6/22/2021,509.0,517.0,482.0,514.0,5.98,181893.0,588.0,475.0
SHPC,6/23/2021,530.0,530.0,488.0,495.0,-3.7,177182.0,588.0,475.0
SHPC,6/24/2021,486.0,510.0,482.0,494.0,-0.2,213322.0,588.0,475.0
SHPC,6/27/2021,503.0,509.0,489.0,492.0,-0.4,148982.0,588.0,475.0
SHPC,6/28/2021,516.0,516.0,480.0,481.0,-2.24,90951.0,588.0,475.0
SHPC,6/29/2021,489.0,490.0,475.0,476.0,-1.04,81593.0,588.0,475.0
SHPC,6/30/2021,470.0,488.0,467.0,475.0,-0.21,81171.0,588.0,475.0
SHPC,7/1/2021,484.0,495.0,480.0,484.0,1.89,89719.0,588.0,475.0
SHPC,7/4/2021,484.0,490.0,476.0,477.0,-1.45,37809.0,588.0,475.0
SHPC,7/5/2021,500.0,500.0,473.0,476.0,-0.21,29976.0,588.0,475.0
SHPC,7/6/2021,475.0,490.0,471.0,477.0,0.21,47239.0,588.0,475.0
SHPC,7/7/2021,476.0,485.0,475.0,481.0,0.84,50382.0,588.0,475.0
SHPC,7/8/2021,505.0,505.0,471.0,480.0,-0.21,29989.0,588.0,475.0
SHPC,7/11/2021,480.0,497.0,472.0,495.0,3.12,60378.0,588.0,475.0
SHPC,7/12/2021,504.0,504.0,480.0,489.0,-1.21,85922.0,588.0,475.0
SHPC,7/13/2021,513.0,513.0,476.0,491.0,0.41,43432.0,588.0,475.0
SHPC,7/14/2021,495.0,503.0,483.0,501.0,2.04,94133.0,588.0,475.0
SHPC,7/15/2021,505.0,530.0,505.0,513.0,2.4,162915.0,588.0,475.0
SHPC,7/18/2021,520.0,532.9,515.0,525.0,2.34,125434.0,588.0,475.0
SHPC,7/19/2021,525.0,541.0,521.0,535.0,1.9,163023.0,588.0,475.0
SHPC,7/20/2021,542.0,545.0,526.0,540.1,0.95,153640.0,588.0,475.0
SHPC,7/22/2021,545.0,569.0,542.0,557.0,3.13,291643.0,588.0,475.0
SHPC,7/25/2021,561.0,571.0,555.0,564.0,1.26,232522.0,588.0,475.0
SHPC,7/26/2021,570.0,591.0,559.0,584.0,3.55,481206.0,588.0,475.0
SHPC,7/27/2021,590.0,615.0,579.0,610.0,4.45,585518.0,588.0,475.0
SHPC,7/28/2021,622.0,634.0,591.0,596.0,-2.3,522854.0,588.0,475.0
SHPC,7/29/2021,600.0,607.0,591.0,599.9,0.65,281412.0,588.0,475.0
SHPC,8/1/2021,611.8,613.0,588.0,600.0,0.02,280407.0,588.0,475.0
SHPC,8/2/2021,610.0,610.0,585.0,591.1,-1.48,224761.0,588.0,475.0
SHPC,8/3/2021,586.0,609.9,585.5,603.0,2.01,177203.0,588.0,475.0
SHPC,8/4/2021,615.0,645.7,605.0,634.0,5.14,802416.0,588.0,475.0
SHPC,8/5/2021,645.0,645.0,617.0,621.9,-1.91,423362.0,588.0,475.0
SHPC,8/8/2021,621.9,650.0,610.0,636.0,2.27,495342.0,588.0,475.0
SHPC,8/9/2021,648.7,657.0,640.0,642.0,0.94,362773.0,588.0,475.0
SHPC,8/10/2021,652.0,652.0,615.0,621.0,-3.27,268440.0,588.0,475.0
SHPC,8/11/2021,625.0,649.0,625.0,640.0,3.06,307708.0,588.0,475.0
SHPC,8/12/2021,651.9,652.0,624.0,626.0,-2.19,286510.0,588.0,475.0
SHPC,8/15/2021,626.0,626.0,580.0,608.0,-2.88,355170.0,588.0,475.0
SHPC,8/16/2021,608.0,614.0,596.5,607.0,-0.16,161591.0,588.0,475.0
SHPC,8/17/2021,594.9,645.0,594.9,622.0,2.47,299432.0,588.0,475.0
SHPC,8/18/2021,630.0,675.0,630.0,646.0,3.86,720412.0,588.0,475.0
SHPC,8/19/2021,658.0,658.0,623.0,627.0,-2.94,291418.0,588.0,475.0
SHPC,8/24/2021,614.5,620.0,593.0,593.1,-5.41,291414.0,588.0,475.0
SHPC,8/25/2021,581.3,614.9,580.0,587.0,-1.03,202160.0,588.0,475.0
SHPC,8/26/2021,598.0,630.4,588.0,625.0,6.47,203885.0,588.0,475.0
SHPC,8/29/2021,637.5,637.5,600.2,601.5,-3.76,219984.0,588.0,475.0
SHPC,8/31/2021,601.0,612.0,583.0,585.0,-2.74,169132.0,588.0,475.0
SHPC,9/1/2021,590.0,595.0,568.4,577.0,-1.37,135866.0,588.0,475.0
SHPC,9/2/2021,580.0,587.0,545.0,559.0,-3.12,168405.0,588.0,475.0
SHPC,9/5/2021,550.0,561.0,503.1,514.0,-8.05,186253.0,588.0,475.0
SHPC,9/6/2021,514.0,565.4,507.0,565.4,10.0,156046.0,588.0,475.0
SHPC,9/7/2021,576.7,580.0,539.0,556.0,-1.66,162978.0,588.0,475.0
SHPC,9/8/2021,546.1,563.8,536.0,538.0,-3.24,89822.0,588.0,475.0
SHPC,9/9/2021,540.0,559.8,535.0,550.1,2.25,135669.0,588.0,475.0
SHPC,9/12/2021,561.1,594.8,558.0,588.0,6.89,316608.0,588.0,475.0
SHPC,9/13/2021,599.7,609.0,566.0,570.0,-3.06,133514.0,588.0,475.0
SHPC,9/14/2021,581.0,581.0,558.0,563.0,-1.23,75975.0,588.0,475.0
SHPC,9/15/2021,574.2,574.2,547.0,552.0,-1.95,70821.0,588.0,475.0
SHPC,9/16/2021,550.0,550.0,520.0,523.0,-5.25,149026.0,588.0,475.0
SHPC,9/20/2021,513.0,520.0,477.0,490.0,-6.31,118836.0,588.0,475.0
SHPC,9/21/2021,490.0,520.0,455.0,492.0,0.41,122714.0,588.0,475.0
SHPC,9/22/2021,501.8,529.0,500.0,516.0,4.88,92200.0,588.0,475.0
SHPC,9/23/2021,526.0,526.2,505.0,506.0,-1.94,85751.0,588.0,475.0
SHPC,9/26/2021,516.0,516.1,477.0,477.5,-5.63,116522.0,588.0,475.0
SHPC,9/27/2021,487.0,506.0,462.0,474.0,-0.73,122317.0,588.0,475.0
SHPC,9/28/2021,466.0,479.0,450.1,451.5,-4.75,98410.0,588.0,475.0
SHPC,9/29/2021,443.1,478.0,443.1,478.0,5.87,109450.0,588.0,475.0
SHPC,9/30/2021,478.0,495.0,464.0,482.0,0.84,99125.0,588.0,475.0
SHPC,10/3/2021,482.0,482.0,445.0,447.0,-7.26,193056.0,588.0,475.0
SHPC,10/4/2021,400.0,401.0,379.5,383.0,-14.32,163083.0,588.0,475.0
SHPC,10/5/2021,387.0,390.9,378.0,380.0,-0.78,82136.0,588.0,475.0
SHPC,10/6/2021,380.0,410.0,380.0,405.0,6.58,69248.0,588.0,475.0
SHPC,10/10/2021,413.1,417.0,388.0,390.0,-3.7,40334.0,588.0,475.0
SHPC,10/11/2021,390.0,390.0,377.4,384.0,-1.54,55031.0,588.0,475.0
SHPC,10/17/2021,390.0,391.0,378.0,383.0,-0.26,11620.0,588.0,475.0
SHPC,10/18/2021,380.0,380.0,368.0,369.0,-3.66,61075.0,588.0,475.0
SHPC,10/19/2021,366.0,366.0,348.9,356.0,-3.52,81291.0,588.0,475.0
SHPC,10/20/2021,363.1,385.0,363.1,367.2,3.15,23260.0,588.0,475.0
SHPC,10/21/2021,370.0,377.0,360.0,365.0,-0.6,64748.0,588.0,475.0
SHPC,10/24/2021,360.0,385.0,358.0,381.0,4.38,52144.0,588.0,475.0
SHPC,10/25/2021,388.5,413.0,382.3,402.0,5.51,103063.0,588.0,475.0
SHPC,10/26/2021,405.1,428.0,405.0,415.0,3.23,96993.0,588.0,475.0
SHPC,10/27/2021,420.0,424.0,403.0,406.0,-2.17,90393.0,588.0,475.0
SHPC,10/28/2021,402.1,421.0,402.1,418.0,2.96,70501.0,588.0,475.0
SHPC,10/31/2021,420.0,459.0,410.0,458.8,9.76,160439.0,588.0,475.0
SHPC,11/1/2021,465.0,470.0,436.0,445.0,-3.01,133562.0,588.0,475.0
SHPC,11/2/2021,453.0,454.0,440.0,445.6,0.13,49737.0,588.0,475.0
SHPC,11/3/2021,454.0,459.9,444.0,444.0,-0.36,59415.0,588.0,475.0
SHPC,11/8/2021,452.8,461.8,443.0,443.0,-0.23,57389.0,588.0,475.0
SHPC,11/9/2021,436.1,445.0,416.0,427.0,-3.61,101707.0,588.0,475.0
SHPC,11/11/2021,427.0,427.0,402.0,403.0,-5.62,72821.0,588.0,475.0
SHPC,11/14/2021,411.0,422.0,395.0,410.0,1.74,48121.0,588.0,475.0
SHPC,11/15/2021,418.2,434.4,417.0,423.0,3.17,96517.0,588.0,475.0
SHPC,11/16/2021,423.0,459.0,423.0,455.0,7.57,160596.0,588.0,475.0
SHPC,11/17/2021,464.0,484.0,464.0,470.0,3.3,198680.0,588.0,475.0
SHPC,11/18/2021,471.0,474.3,455.0,457.0,-2.77,97892.0,588.0,475.0
SHPC,11/21/2021,447.9,480.0,447.9,457.0,0.0,83429.0,588.0,475.0
SHPC,11/22/2021,466.1,466.1,451.0,456.0,-0.22,66097.0,588.0,475.0
SHPC,11/23/2021,456.0,456.0,437.0,440.0,-3.51,87862.0,588.0,475.0
SHPC,11/24/2021,435.0,455.0,428.0,446.0,1.36,68730.0,588.0,475.0
SHPC,11/25/2021,439.0,453.0,430.0,438.0,-1.79,63626.0,588.0,475.0
SHPC,11/28/2021,429.3,438.0,411.2,416.7,-4.86,131556.0,588.0,475.0
SHPC,11/29/2021,416.7,438.0,412.0,417.0,0.07,65073.0,588.0,475.0
SHPC,11/30/2021,420.0,429.0,414.1,419.0,0.48,69650.0,588.0,475.0
SHPC,12/1/2021,427.0,434.0,421.0,425.0,1.43,47555.0,588.0,475.0
SHPC,12/2/2021,426.0,426.0,414.0,415.0,-2.35,50496.0,588.0,475.0
SHPC,12/5/2021,415.0,415.0,397.5,398.0,-4.1,69054.0,588.0,475.0
SHPC,12/6/2021,399.0,418.0,375.6,417.0,4.77,93066.0,588.0,475.0
SHPC,12/7/2021,424.0,430.0,405.0,405.1,-2.85,77241.0,588.0,475.0
SHPC,12/8/2021,404.0,410.5,385.0,389.0,-3.97,63899.0,588.0,475.0
SHPC,12/9/2021,389.0,410.0,375.2,383.0,-1.54,56514.0,588.0,475.0
SHPC,12/12/2021,389.0,389.0,369.0,370.0,-3.39,51648.0,588.0,475.0
SHPC,12/13/2021,370.0,370.0,347.0,352.0,-4.86,95334.0,588.0,475.0
SHPC,12/14/2021,359.0,385.0,359.0,385.0,9.38,37108.0,588.0,475.0
SHPC,12/15/2021,390.0,409.0,380.0,387.0,0.52,74799.0,588.0,475.0
SHPC,12/16/2021,380.0,394.7,370.0,370.2,-4.34,35476.0,588.0,475.0
SHPC,12/20/2021,375.0,377.6,357.1,363.0,-1.94,28366.0,588.0,475.0
SHPC,12/21/2021,370.0,379.7,368.0,378.0,4.13,22966.0,588.0,475.0
SHPC,12/22/2021,385.0,409.8,384.9,408.1,7.96,93650.0,588.0,475.0
SHPC,12/23/2021,410.0,415.0,397.1,408.0,-0.02,73855.0,588.0,475.0
SHPC,12/26/2021,410.0,414.0,401.1,406.0,-0.49,67039.0,588.0,475.0
SHPC,12/27/2021,406.0,413.0,388.3,393.0,-3.2,85029.0,588.0,475.0
SHPC,12/28/2021,393.0,402.9,386.0,400.0,1.78,49421.0,588.0,475.0
SHPC,12/29/2021,396.1,406.0,392.0,392.0,-2.0,33239.0,588.0,475.0
SHPC,1/2/2022,399.8,402.0,393.5,401.0,2.3,37321.0,588.0,475.0
SHPC,1/3/2022,401.0,409.0,398.0,404.0,0.75,62595.0,588.0,475.0
SHPC,1/4/2022,396.1,415.0,396.0,414.0,2.48,70034.0,588.0,475.0
SHPC,1/5/2022,414.0,428.0,408.0,414.0,0.0,133382.0,588.0,475.0
SHPC,1/6/2022,411.1,423.3,410.0,420.0,1.45,82985.0,588.0,475.0
SHPC,1/9/2022,428.0,443.8,421.1,440.0,4.76,181263.0,588.0,475.0
SHPC,1/10/2022,445.0,450.0,431.9,439.0,-0.23,188066.0,588.0,475.0
SHPC,1/11/2022,440.0,463.9,431.0,452.0,2.96,169203.0,588.0,475.0
SHPC,1/12/2022,452.0,461.0,439.2,443.9,-1.79,157414.0,588.0,475.0
SHPC,1/13/2022,444.0,464.0,438.0,459.0,3.4,142110.0,588.0,475.0
SHPC,1/16/2022,468.0,477.0,460.0,469.0,2.18,243951.0,588.0,475.0
SHPC,1/17/2022,475.0,479.0,460.0,478.0,1.92,190156.0,588.0,475.0
SHPC,1/18/2022,478.0,482.0,457.0,464.0,-2.93,154530.0,588.0,475.0
SHPC,1/19/2022,456.0,473.0,450.0,451.0,-2.8,125958.0,588.0,475.0
SHPC,1/20/2022,452.0,460.0,450.0,460.0,2.0,92191.0,588.0,475.0
SHPC,1/23/2022,460.0,468.0,453.0,458.0,-0.43,93253.0,588.0,475.0
SHPC,1/24/2022,452.0,452.0,430.0,435.0,-5.02,186204.0,588.0,475.0
SHPC,1/25/2022,430.0,443.0,425.0,432.0,-0.69,102172.0,588.0,475.0
SHPC,1/26/2022,425.2,431.0,419.0,422.0,-2.31,89275.0,588.0,475.0
SHPC,1/27/2022,422.0,429.9,419.0,420.0,-0.47,53826.0,588.0,475.0
SHPC,1/30/2022,428.4,450.0,428.4,450.0,7.14,119599.0,588.0,475.0
SHPC,1/31/2022,459.0,459.0,437.0,440.0,-2.22,87262.0,588.0,475.0
SHPC,2/1/2022,435.0,456.0,433.1,454.0,3.18,117200.0,588.0,475.0
SHPC,2/3/2022,463.0,469.0,453.0,455.0,0.22,214167.0,588.0,475.0
SHPC,2/6/2022,464.0,466.0,450.5,459.0,0.88,230508.0,588.0,475.0
SHPC,2/7/2022,451.0,465.0,451.0,459.9,0.2,91889.0,588.0,475.0
SHPC,2/8/2022,469.0,480.0,448.0,455.0,-1.07,234144.0,588.0,475.0
SHPC,2/9/2022,446.0,452.0,439.1,446.0,-1.98,95511.0,588.0,475.0
SHPC,2/10/2022,440.0,452.9,439.0,448.0,0.45,76464.0,588.0,475.0
SHPC,2/13/2022,440.0,440.0,421.0,422.0,-5.8,165365.0,588.0,475.0
SHPC,2/14/2022,422.0,433.0,418.8,425.0,0.71,113000.0,588.0,475.0
SHPC,2/15/2022,433.0,447.8,425.1,444.0,4.47,87728.0,588.0,475.0
SHPC,2/16/2022,445.0,450.9,432.4,436.0,-1.8,68165.0,588.0,475.0
SHPC,2/17/2022,436.0,442.0,429.1,435.0,-0.23,65710.0,588.0,475.0
SHPC,2/20/2022,426.3,439.0,418.0,431.0,-0.92,85587.0,588.0,475.0
SHPC,2/21/2022,438.9,439.0,430.0,436.9,1.37,43886.0,588.0,475.0
SHPC,2/22/2022,440.0,447.5,437.0,438.0,0.25,73553.0,588.0,475.0
SHPC,2/23/2022,440.0,450.0,440.0,447.9,2.26,197688.0,588.0,475.0
SHPC,2/24/2022,448.0,453.0,428.0,431.0,-3.77,146971.0,588.0,475.0
SHPC,2/27/2022,431.0,443.0,431.0,433.2,0.51,77595.0,588.0,475.0
SHPC,2/28/2022,441.8,450.0,420.0,421.5,-2.7,144881.0,588.0,475.0
SHPC,3/2/2022,419.0,422.0,403.1,403.1,-4.37,82705.0,588.0,475.0
SHPC,3/6/2022,410.0,411.0,401.8,405.0,0.47,54472.0,588.0,475.0
SHPC,3/7/2022,406.0,409.9,398.6,401.0,-0.99,116573.0,588.0,475.0
SHPC,3/9/2022,395.1,409.0,387.2,393.8,-1.8,113604.0,588.0,475.0
SHPC,3/10/2022,400.5,415.0,390.0,408.0,3.61,73892.0,588.0,475.0
SHPC,3/13/2022,414.0,422.0,409.0,417.8,2.4,101379.0,588.0,475.0
SHPC,3/14/2022,418.0,420.0,412.0,415.5,-0.55,9387.0,588.0,475.0
SHPC,3/15/2022,411.3,418.0,408.0,409.9,-1.35,54662.0,588.0,475.0
SHPC,3/16/2022,405.0,411.0,401.0,404.5,-1.32,73674.0,588.0,475.0
SHPC,3/20/2022,406.0,408.0,400.4,401.0,-0.87,29179.0,588.0,475.0
SHPC,3/21/2022,409.0,413.0,401.0,413.0,2.99,41182.0,588.0,475.0
SHPC,3/22/2022,415.0,416.9,409.0,409.0,-0.97,28696.0,588.0,475.0
SHPC,3/23/2022,407.0,409.0,405.0,405.0,-0.98,29192.0,588.0,475.0
SHPC,3/24/2022,405.1,407.0,401.0,401.1,-0.96,38376.0,588.0,475.0
SHPC,3/27/2022,402.0,402.0,390.0,392.9,-2.04,72475.0,588.0,475.0
SHPC,3/28/2022,392.9,396.9,386.0,388.0,-1.25,43216.0,588.0,475.0
SHPC,3/29/2022,391.0,394.0,380.0,384.0,-1.03,35257.0,588.0,475.0
SHPC,3/30/2022,389.0,394.9,381.5,390.2,1.61,31575.0,588.0,475.0
SHPC,3/31/2022,396.0,396.5,382.4,383.0,-1.85,30522.0,588.0,475.0
SHPC,4/3/2022,383.0,388.0,380.1,382.0,-0.26,24996.0,588.0,475.0
SHPC,4/4/2022,389.0,389.0,381.0,381.0,-0.26,15774.0,588.0,475.0
SHPC,4/5/2022,381.0,381.0,372.0,377.1,-1.02,36665.0,588.0,475.0
SHPC,4/6/2022,374.0,378.0,366.0,373.0,-1.09,22884.0,588.0,475.0
SHPC,4/7/2022,377.9,383.0,374.0,378.2,1.39,17538.0,588.0,475.0
SHPC,4/11/2022,385.7,393.0,371.2,371.2,-1.85,35878.0,588.0,475.0
SHPC,4/12/2022,375.0,375.0,364.2,366.0,-1.4,36584.0,588.0,475.0
SHPC,4/13/2022,366.0,375.4,360.0,375.4,2.57,36982.0,588.0,475.0
SHPC,4/17/2022,376.0,380.0,362.0,362.0,-3.57,23897.0,588.0,475.0
SHPC,4/18/2022,360.0,365.0,356.0,357.0,-1.38,34275.0,588.0,475.0
SHPC,4/19/2022,364.0,370.0,353.2,370.0,3.64,22462.0,588.0,475.0
SHPC,4/20/2022,365.1,370.0,360.9,360.9,-2.46,34451.0,588.0,475.0
SHPC,4/21/2022,354.0,363.9,353.0,359.0,-0.53,16127.0,588.0,475.0
SHPC,4/24/2022,366.0,394.9,360.0,385.0,7.24,26375.0,588.0,475.0
SHPC,4/25/2022,390.0,392.0,370.0,378.1,-1.79,37081.0,588.0,475.0
SHPC,4/26/2022,376.0,381.0,371.0,374.0,-1.08,18112.0,588.0,475.0
SHPC,4/27/2022,381.4,381.4,364.0,377.0,0.8,25110.0,588.0,475.0
SHPC,4/28/2022,377.0,384.0,370.0,370.1,-1.83,13776.0,588.0,475.0
SHPC,5/2/2022,367.5,369.0,362.2,363.0,-1.92,17826.0,588.0,475.0
SHPC,5/4/2022,365.0,367.9,356.0,358.0,-1.38,24049.0,588.0,475.0
SHPC,5/5/2022,356.0,363.0,351.0,353.0,-1.4,24578.0,588.0,475.0
SHPC,5/8/2022,360.0,363.0,345.2,362.0,2.55,24327.0,588.0,475.0
SHPC,5/9/2022,364.0,376.3,362.0,370.0,2.21,40812.0,588.0,475.0
SHPC,5/10/2022,370.1,388.6,370.0,385.0,4.05,37776.0,588.0,475.0
SHPC,5/11/2022,385.3,400.0,382.1,399.0,3.64,54877.0,588.0,475.0
SHPC,5/12/2022,401.0,406.0,385.0,387.0,-3.01,58671.0,588.0,475.0
SHPC,5/17/2022,384.0,391.5,374.4,375.0,-3.1,145313.0,588.0,475.0
SHPC,5/18/2022,371.0,392.0,365.0,380.0,1.33,72531.0,588.0,475.0
SHPC,5/19/2022,377.0,385.0,370.0,372.5,-1.97,33253.0,588.0,475.0
SHPC,5/20/2022,368.0,380.0,368.0,368.0,-1.21,18968.0,588.0,475.0
SHPC,5/23/2022,366.0,369.9,358.0,360.0,-2.17,34860.0,588.0,475.0
SHPC,5/24/2022,360.0,367.0,354.0,358.0,-0.56,35015.0,588.0,475.0
SHPC,5/25/2022,362.0,372.0,358.0,365.2,2.01,54051.0,588.0,475.0
SHPC,5/26/2022,365.0,372.0,360.0,362.0,-0.88,19417.0,588.0,475.0
SHPC,5/27/2022,363.0,365.0,358.1,359.9,-0.58,23380.0,588.0,475.0
SHPC,5/30/2022,360.0,364.0,350.0,351.0,-2.47,24899.0,588.0,475.0
SHPC,5/31/2022,350.0,355.0,343.0,348.0,-0.85,34409.0,588.0,475.0
SHPC,6/1/2022,350.0,353.0,343.0,347.6,-0.11,36106.0,588.0,475.0
SHPC,6/2/2022,344.0,352.0,340.0,343.7,-1.12,31738.0,588.0,475.0
SHPC,6/3/2022,347.0,347.0,332.2,333.9,-2.85,31868.0,588.0,475.0
SHPC,6/6/2022,338.0,340.0,327.0,328.0,-1.77,54327.0,588.0,475.0
SHPC,6/7/2022,325.0,333.0,316.5,318.9,-2.77,53469.0,588.0,475.0
SHPC,6/8/2022,316.1,341.0,316.0,335.0,5.05,59360.0,588.0,475.0
SHPC,6/9/2022,340.0,341.0,323.5,324.9,-3.01,56158.0,588.0,475.0
SHPC,6/10/2022,325.0,327.9,319.1,320.6,-1.32,23128.0,588.0,475.0
SHPC,6/13/2022,318.0,323.0,315.0,317.0,-1.12,52118.0,588.0,475.0
SHPC,6/14/2022,320.0,321.0,313.0,314.9,-0.66,27976.0,588.0,475.0
SHPC,6/15/2022,315.0,315.8,309.0,312.0,-0.92,30443.0,588.0,475.0
SHPC,6/16/2022,310.0,318.0,307.0,312.0,0.0,43547.0,588.0,475.0
SHPC,6/17/2022,312.0,319.9,307.2,311.7,-0.1,31471.0,588.0,475.0
SHPC,6/19/2022,310.1,310.1,299.9,300.0,-3.75,50161.0,588.0,475.0
SHPC,6/20/2022,299.0,300.4,291.0,291.0,-3.0,80959.0,588.0,475.0
SHPC,6/21/2022,294.9,303.0,291.0,300.0,3.09,66662.0,588.0,475.0
SHPC,6/22/2022,295.0,299.8,286.0,290.0,-3.33,63861.0,588.0,475.0
SHPC,6/23/2022,284.2,287.1,275.5,278.1,-4.1,70630.0,588.0,475.0
SHPC,6/24/2022,275.0,290.0,269.0,275.0,-1.11,31769.0,588.0,475.0
SHPC,6/26/2022,278.0,302.5,278.0,302.4,9.96,129379.0,588.0,475.0
SHPC,6/27/2022,307.0,307.0,290.0,290.3,-4.0,96863.0,588.0,475.0
SHPC,6/28/2022,296.1,296.1,283.0,284.0,-2.17,21119.0,588.0,475.0
SHPC,6/29/2022,284.0,299.8,279.3,293.0,3.17,77035.0,588.0,475.0
SHPC,6/30/2022,298.0,314.8,294.0,314.0,7.17,123744.0,588.0,475.0
SHPC,7/1/2022,320.0,320.0,305.7,308.5,-1.75,79587.0,588.0,475.0
SHPC,7/3/2022,305.0,324.0,302.9,324.0,5.02,152776.0,588.0,475.0
SHPC,7/4/2022,326.0,340.6,316.0,322.0,-0.62,135431.0,588.0,475.0
SHPC,7/5/2022,316.0,327.0,306.5,310.0,-3.73,78497.0,588.0,475.0
SHPC,7/6/2022,316.2,316.2,299.0,309.1,-0.29,112426.0,588.0,475.0
SHPC,7/7/2022,315.2,321.0,300.1,304.9,-1.36,74961.0,588.0,475.0
SHPC,7/8/2022,310.9,310.9,298.0,298.0,-2.26,53525.0,588.0,475.0
SHPC,7/11/2022,294.0,298.0,280.0,282.2,-5.3,90749.0,588.0,475.0
SHPC,7/12/2022,287.0,294.0,280.1,284.0,0.64,85676.0,588.0,475.0
SHPC,7/13/2022,288.0,305.0,283.0,301.0,5.99,78942.0,588.0,475.0
SHPC,7/14/2022,307.0,309.9,295.0,306.9,1.96,76860.0,588.0,475.0
SHPC,7/15/2022,311.9,311.9,297.0,306.0,-0.29,44905.0,588.0,475.0
SHPC,7/17/2022,301.0,309.0,301.0,305.9,-0.03,53108.0,588.0,475.0
SHPC,7/18/2022,305.9,309.1,300.0,306.0,0.03,35162.0,588.0,475.0
SHPC,7/19/2022,306.0,316.0,306.0,313.5,2.45,91856.0,588.0,475.0
SHPC,7/20/2022,311.0,316.9,305.0,312.0,-0.48,39567.0,588.0,475.0
SHPC,7/21/2022,312.0,314.0,306.0,307.1,-1.57,34040.0,588.0,475.0
SHPC,7/22/2022,302.0,308.0,301.0,302.2,-1.6,53932.0,588.0,475.0
SHPC,7/24/2022,302.2,314.0,300.1,313.9,3.87,57766.0,588.0,475.0
SHPC,7/25/2022,320.0,332.0,315.0,330.0,5.13,142536.0,588.0,475.0
SHPC,7/26/2022,334.0,336.6,319.0,323.0,-2.12,135616.0,588.0,475.0
SHPC,7/27/2022,318.0,331.0,316.6,330.0,2.17,96690.0,588.0,475.0
SHPC,7/28/2022,331.0,346.8,325.2,336.0,1.82,181159.0,588.0,475.0
SHPC,7/29/2022,332.0,340.1,330.3,339.0,0.89,30074.0,588.0,475.0
SHPC,7/31/2022,344.0,345.0,335.0,337.0,-0.59,84076.0,588.0,475.0
SHPC,8/1/2022,342.0,351.8,335.0,340.0,0.89,124117.0,588.0,475.0
SHPC,8/2/2022,340.0,345.0,337.4,342.0,0.59,62053.0,588.0,475.0
SHPC,8/3/2022,347.0,352.0,340.4,344.0,0.58,110354.0,588.0,475.0
SHPC,8/4/2022,343.1,344.7,333.3,333.3,-3.11,99222.0,588.0,475.0
SHPC,8/5/2022,333.3,335.0,325.0,327.0,-1.89,93438.0,588.0,475.0
SHPC,8/7/2022,333.0,339.6,327.1,334.0,2.14,51904.0,588.0,475.0
SHPC,8/8/2022,339.0,345.7,330.3,334.0,0.0,83698.0,588.0,475.0
SHPC,8/9/2022,331.0,338.0,320.1,321.0,-3.89,69323.0,588.0,475.0
SHPC,8/10/2022,320.0,326.4,314.0,322.0,0.31,74206.0,588.0,475.0
SHPC,8/11/2022,320.0,328.4,317.5,320.0,-0.62,54310.0,588.0,475.0
SHPC,8/14/2022,320.2,324.0,314.0,316.0,-1.25,45662.0,588.0,475.0
SHPC,8/15/2022,315.0,331.0,310.1,330.0,4.43,73042.0,588.0,475.0
SHPC,8/16/2022,333.0,336.5,321.1,322.0,-2.42,87057.0,588.0,475.0
SHPC,8/17/2022,320.0,330.0,316.5,326.0,1.24,32837.0,588.0,475.0
SHPC,8/18/2022,320.0,335.0,320.0,333.9,2.42,69895.0,588.0,475.0
SHPC,8/21/2022,340.0,340.0,328.0,329.9,-1.2,73272.0,588.0,475.0
SHPC,8/22/2022,327.0,331.0,326.2,330.0,0.03,23935.0,588.0,475.0
SHPC,8/23/2022,329.9,329.9,320.6,328.9,-0.33,103317.0,588.0,475.0
SHPC,8/24/2022,329.0,330.0,325.0,328.9,0.0,41183.0,588.0,475.0
SHPC,8/25/2022,323.0,331.5,322.1,327.9,-0.3,41815.0,588.0,475.0
SHPC,8/26/2022,321.4,326.0,320.6,321.0,-2.1,28916.0,588.0,475.0
SHPC,8/28/2022,316.1,322.0,311.1,315.0,-1.87,58877.0,588.0,475.0
SHPC,8/29/2022,310.1,319.0,310.0,319.0,1.27,25738.0,588.0,475.0
SHPC,8/30/2022,319.0,324.0,314.6,318.0,-0.31,22356.0,588.0,475.0
SHPC,8/31/2022,318.0,318.0,309.2,311.8,-1.95,38813.0,588.0,475.0
SHPC,9/1/2022,316.0,316.0,306.0,312.9,0.35,34979.0,588.0,475.0
SHPC,9/2/2022,307.0,315.0,307.0,312.9,0.0,10341.0,588.0,475.0
SHPC,9/4/2022,317.9,317.9,310.1,314.5,0.51,23123.0,588.0,475.0
SHPC,9/5/2022,312.0,316.0,308.5,314.0,-0.16,24522.0,588.0,475.0
SHPC,9/6/2022,320.2,320.2,288.6,291.0,-7.32,288363.0,588.0,475.0
SHPC,9/7/2022,288.0,291.0,279.6,283.9,-2.44,76584.0,588.0,475.0
SHPC,9/8/2022,281.0,284.0,278.0,282.9,-0.35,27623.0,588.0,475.0
SHPC,9/11/2022,284.4,284.4,274.2,277.0,-2.09,31341.0,588.0,475.0
SHPC,9/12/2022,274.0,276.9,271.5,275.0,-0.72,37127.0,588.0,475.0
SHPC,9/13/2022,276.0,279.7,274.1,278.0,1.09,31247.0,588.0,475.0
SHPC,9/14/2022,276.0,289.5,276.0,287.3,3.35,49888.0,588.0,475.0
SHPC,9/15/2022,291.0,291.0,272.1,277.9,-3.27,52032.0,588.0,475.0
SHPC,9/16/2022,272.4,275.0,262.0,275.0,-1.04,20127.0,588.0,475.0
SHPC,9/18/2022,269.5,270.0,263.8,267.9,-2.58,36179.0,588.0,475.0
SHPC,9/20/2022,268.0,268.0,257.5,260.4,-2.8,54384.0,588.0,475.0
SHPC,9/21/2022,262.0,264.7,255.5,259.8,-0.23,21622.0,588.0,475.0
SHPC,9/22/2022,260.0,260.0,256.2,258.4,-0.54,21989.0,588.0,475.0
SHPC,9/25/2022,256.2,257.0,255.1,255.1,-1.28,23304.0,588.0,475.0
SHPC,9/27/2022,255.1,260.9,254.0,257.0,0.74,88390.0,588.0,475.0
SHPC,9/28/2022,260.9,260.9,250.3,250.3,-2.61,14886.0,588.0,475.0
SHPC,9/29/2022,251.0,254.5,251.0,254.5,1.68,10670.0,588.0,475.0
SHPC,10/9/2022,252.0,261.0,252.0,261.0,2.55,10899.0,588.0,475.0
SHPC,10/10/2022,263.0,265.0,253.2,257.9,-1.19,9286.0,588.0,475.0
SHPC,10/11/2022,255.0,256.0,250.0,254.0,-1.51,26481.0,588.0,475.0
SHPC,10/12/2022,252.0,256.3,251.0,255.0,0.39,18532.0,588.0,475.0
SHPC,10/13/2022,255.1,257.9,252.0,255.0,0.0,28265.0,588.0,475.0
SHPC,10/16/2022,251.5,254.0,251.0,253.0,-0.78,15443.0,588.0,475.0
SHPC,10/17/2022,250.2,255.0,250.0,252.0,-0.4,17646.0,588.0,475.0
SHPC,10/19/2022,255.0,255.0,250.0,254.9,1.15,26865.0,588.0,475.0
SHPC,10/20/2022,250.3,254.0,250.3,253.0,-0.75,11361.0,588.0,475.0
SHPC,10/23/2022,252.0,260.0,252.0,259.6,2.61,20397.0,588.0,475.0
SHPC,10/31/2022,260.0,269.5,256.0,269.0,3.62,33911.0,588.0,475.0
SHPC,11/1/2022,273.9,275.0,264.0,274.7,2.12,29652.0,588.0,475.0
SHPC,11/2/2022,273.0,277.5,268.1,270.4,-1.57,29718.0,588.0,475.0
SHPC,11/3/2022,267.0,272.0,264.6,270.0,-0.15,18472.0,588.0,475.0
SHPC,11/6/2022,265.1,284.0,265.0,282.0,4.44,36390.0,588.0,475.0
SHPC,11/7/2022,287.0,287.0,273.6,278.8,-1.13,73462.0,588.0,475.0
SHPC,11/8/2022,275.0,277.0,270.9,271.0,-2.8,24424.0,588.0,475.0
SHPC,11/9/2022,272.0,272.0,262.0,263.3,-2.84,64400.0,588.0,475.0
SHPC,11/10/2022,264.9,265.0,256.0,257.2,-2.32,34816.0,588.0,475.0
SHPC,11/13/2022,262.3,266.0,255.3,256.0,-0.47,20076.0,588.0,475.0
SHPC,11/14/2022,256.2,266.0,256.0,265.0,3.52,22290.0,588.0,475.0
SHPC,11/15/2022,265.0,268.0,260.1,263.0,-0.75,34858.0,588.0,475.0
SHPC,11/16/2022,265.0,267.4,262.1,265.9,1.1,18446.0,588.0,475.0
SHPC,11/17/2022,271.0,277.0,268.3,274.9,3.38,42324.0,588.0,475.0
SHPC,11/22/2022,278.0,281.8,271.2,274.0,-0.33,42751.0,588.0,475.0
SHPC,11/23/2022,269.1,274.3,268.6,270.9,-1.13,17392.0,588.0,475.0
SHPC,11/24/2022,270.0,275.0,266.5,275.0,1.51,21313.0,588.0,475.0
SHPC,11/27/2022,275.0,284.0,271.5,283.0,2.91,79429.0,588.0,475.0
SHPC,11/28/2022,281.1,289.0,281.0,284.2,0.42,41925.0,588.0,475.0
SHPC,11/29/2022,282.0,284.0,276.4,283.0,-0.42,27727.0,588.0,475.0
SHPC,11/30/2022,278.2,280.9,278.2,280.2,-0.99,16205.0,588.0,475.0
SHPC,12/1/2022,276.0,281.9,275.8,281.0,0.29,23103.0,588.0,475.0
SHPC,12/4/2022,278.3,285.5,278.3,282.7,0.6,35603.0,588.0,475.0
SHPC,12/5/2022,284.8,284.8,276.5,278.0,-1.66,27638.0,588.0,475.0
SHPC,12/6/2022,275.1,280.0,275.1,276.3,-0.61,23715.0,588.0,475.0
SHPC,12/7/2022,276.0,279.0,273.2,275.0,-0.47,21460.0,588.0,475.0
SHPC,12/11/2022,273.1,274.0,270.2,271.4,-1.31,26375.0,588.0,475.0
SHPC,12/12/2022,267.2,275.0,267.2,274.9,1.29,28704.0,588.0,475.0
SHPC,12/13/2022,270.0,272.9,269.5,271.0,-1.42,14934.0,588.0,475.0
SHPC,12/14/2022,274.0,275.0,270.0,273.0,0.74,26926.0,588.0,475.0
SHPC,12/15/2022,268.3,273.9,268.3,269.1,-1.43,10165.0,588.0,475.0
SHPC,12/18/2022,265.1,269.0,265.1,267.9,-0.45,22066.0,588.0,475.0
SHPC,12/19/2022,267.0,271.9,264.1,270.0,0.78,10460.0,588.0,475.0
SHPC,12/20/2022,267.2,273.8,267.2,271.0,0.37,21615.0,588.0,475.0
SHPC,12/21/2022,270.6,275.0,269.7,270.0,-0.37,18547.0,588.0,475.0
SHPC,12/22/2022,270.0,274.0,268.0,269.8,-0.07,20942.0,588.0,475.0
SHPC,12/26/2022,273.0,285.0,272.0,284.0,5.26,41716.0,588.0,475.0
SHPC,12/27/2022,285.0,295.0,281.0,288.0,1.41,82735.0,588.0,475.0
SHPC,12/28/2022,282.3,293.6,282.3,288.0,0.0,30281.0,588.0,475.0
SHPC,12/29/2022,290.0,305.0,286.5,305.0,5.9,67305.0,588.0,475.0
SHPC,1/1/2023,306.0,313.0,299.0,301.0,-1.31,98646.0,588.0,475.0
SHPC,1/2/2023,301.0,312.2,298.3,312.2,3.72,74997.0,588.0,475.0
SHPC,1/3/2023,306.0,319.0,306.0,308.0,-1.35,69312.0,588.0,475.0
SHPC,1/4/2023,313.0,330.0,309.0,329.0,6.82,341806.0,588.0,475.0
SHPC,1/5/2023,335.5,345.0,324.0,332.0,0.91,161298.0,588.0,475.0
SHPC,1/8/2023,338.6,339.4,325.1,335.0,0.9,104131.0,588.0,475.0
SHPC,1/9/2023,330.0,343.0,328.3,342.0,2.09,88721.0,588.0,475.0
SHPC,1/10/2023,348.8,374.5,348.0,350.0,2.34,356260.0,588.0,475.0
SHPC,1/12/2023,357.0,369.9,343.1,346.0,-1.14,156844.0,588.0,475.0
SHPC,1/17/2023,352.9,359.0,338.0,354.0,2.31,109327.0,588.0,475.0
SHPC,1/18/2023,361.0,367.0,348.0,349.0,-1.41,132292.0,588.0,475.0
SHPC,1/19/2023,349.0,352.5,341.1,346.0,-0.86,62828.0,588.0,475.0
SHPC,1/23/2023,349.0,349.0,335.1,337.0,-2.6,76885.0,588.0,475.0
SHPC,1/24/2023,335.0,340.0,329.5,337.7,0.21,66869.0,588.0,475.0
SHPC,1/25/2023,337.0,344.0,334.2,335.0,-0.8,93798.0,588.0,475.0
SHPC,1/26/2023,335.2,343.0,335.1,339.0,1.19,59614.0,588.0,475.0
SHPC,1/29/2023,333.0,345.0,330.0,338.0,-0.29,55667.0,588.0,475.0
SHPC,1/30/2023,338.0,340.0,330.5,332.0,-1.78,45313.0,588.0,475.0
SHPC,1/31/2023,330.0,335.0,326.5,330.0,-0.6,42122.0,588.0,475.0
SHPC,2/1/2023,329.9,335.2,325.0,330.0,0.0,35314.0,588.0,475.0
SHPC,2/2/2023,336.0,336.0,322.0,322.3,-2.33,52179.0,588.0,475.0
SHPC,2/5/2023,322.0,333.0,321.0,325.9,1.12,69559.0,588.0,475.0
SHPC,2/6/2023,322.2,324.0,319.7,322.9,-0.92,54362.0,588.0,475.0
SHPC,2/7/2023,325.0,344.0,325.0,342.0,5.92,100505.0,588.0,475.0
SHPC,2/8/2023,348.8,351.0,335.0,340.0,-0.58,79565.0,588.0,475.0
SHPC,2/9/2023,346.5,350.0,334.0,338.0,-0.59,48406.0,588.0,475.0
SHPC,2/12/2023,331.6,334.9,324.8,329.0,-2.66,85795.0,588.0,475.0
SHPC,2/14/2023,325.1,330.8,323.3,324.0,-1.52,34647.0,588.0,475.0
SHPC,2/15/2023,324.0,327.9,318.0,322.0,-0.62,82086.0,588.0,475.0
SHPC,2/16/2023,317.5,322.0,311.2,313.0,-2.8,67384.0,588.0,475.0
SHPC,2/20/2023,308.1,316.0,308.0,313.0,0.0,23399.0,588.0,475.0
SHPC,2/22/2023,318.0,328.0,313.0,320.0,2.24,36466.0,588.0,475.0
SHPC,2/23/2023,315.0,324.9,313.0,313.1,-2.16,55559.0,588.0,475.0
SHPC,2/26/2023,307.2,318.0,301.2,313.0,-0.03,65550.0,588.0,475.0
SHPC,2/27/2023,316.0,321.0,308.1,313.1,0.03,94987.0,588.0,475.0
SHPC,2/28/2023,309.0,325.0,305.0,321.5,2.68,207644.0,588.0,475.0
SHPC,3/1/2023,326.9,326.9,316.0,318.8,-0.84,48420.0,588.0,475.0
SHPC,3/2/2023,317.0,317.0,309.2,314.9,-1.22,29813.0,588.0,475.0
SHPC,3/5/2023,315.0,315.0,306.7,307.5,-2.35,45236.0,588.0,475.0
SHPC,3/7/2023,306.0,318.9,306.0,313.0,1.79,41314.0,588.0,475.0
SHPC,3/9/2023,319.0,326.9,316.0,326.0,4.15,47322.0,588.0,475.0
SHPC,3/12/2023,330.0,337.9,320.0,320.0,-1.84,50608.0,588.0,475.0
SHPC,3/13/2023,320.0,321.0,310.0,316.0,-1.25,78913.0,588.0,475.0
SHPC,3/14/2023,311.2,320.0,311.2,316.1,0.03,18168.0,588.0,475.0
SHPC,3/15/2023,311.0,321.0,300.0,321.0,1.55,235440.0,588.0,475.0
SHPC,3/16/2023,321.0,323.3,313.6,319.0,-0.62,75335.0,588.0,475.0
SHPC,3/19/2023,324.0,324.0,318.5,319.0,0.0,31606.0,588.0,475.0
SHPC,3/20/2023,323.7,329.0,319.6,329.0,3.13,76905.0,588.0,475.0
SHPC,3/22/2023,322.5,334.1,322.5,325.0,-1.22,65924.0,588.0,475.0
SHPC,3/23/2023,319.0,325.0,317.0,320.0,-1.54,37902.0,588.0,475.0
SHPC,3/26/2023,320.0,325.8,318.5,321.8,0.56,34209.0,588.0,475.0
SHPC,3/27/2023,321.1,330.0,317.0,329.0,2.24,50711.0,588.0,475.0
SHPC,3/28/2023,332.4,335.5,328.0,333.0,1.22,58239.0,588.0,475.0
SHPC,3/29/2023,333.0,345.0,331.0,340.0,2.1,98138.0,588.0,475.0
SHPC,3/30/2023,346.7,346.7,337.0,339.0,-0.29,51584.0,588.0,475.0
SHPC,4/2/2023,344.0,345.0,328.0,328.0,-3.24,71326.0,588.0,475.0
SHPC,4/3/2023,323.5,332.8,323.5,328.5,0.15,28354.0,588.0,475.0
SHPC,4/4/2023,330.0,335.9,325.0,331.0,0.76,33417.0,588.0,475.0
SHPC,4/5/2023,328.6,337.8,328.6,334.9,1.18,37541.0,588.0,475.0
SHPC,4/6/2023,333.2,337.8,333.1,334.0,-0.27,28733.0,588.0,475.0
SHPC,4/9/2023,328.0,334.0,322.7,326.0,-2.4,27788.0,588.0,475.0
SHPC,4/10/2023,332.5,332.5,321.9,324.5,-0.46,56255.0,588.0,475.0
SHPC,4/11/2023,330.8,332.0,324.2,328.0,1.08,27424.0,588.0,475.0
SHPC,4/12/2023,330.0,344.9,330.0,344.0,4.88,101942.0,588.0,475.0
SHPC,4/13/2023,350.0,350.0,336.0,337.0,-2.03,62521.0,588.0,475.0
SHPC,4/16/2023,337.0,343.7,337.0,340.0,0.89,38356.0,588.0,475.0
SHPC,4/17/2023,340.0,345.0,334.0,335.9,-1.21,38002.0,588.0,475.0
SHPC,4/18/2023,340.0,340.0,333.4,337.0,0.33,25517.0,588.0,475.0
SHPC,4/19/2023,336.1,342.0,336.1,342.0,1.48,18904.0,588.0,475.0
SHPC,4/20/2023,347.9,348.0,337.0,339.9,-0.61,23623.0,588.0,475.0
SHPC,4/23/2023,343.9,343.9,337.2,339.6,-0.09,14289.0,588.0,475.0
SHPC,4/24/2023,337.0,340.0,335.3,338.0,-0.47,8860.0,588.0,475.0
SHPC,4/25/2023,335.2,340.0,335.2,339.4,0.41,24728.0,588.0,475.0
SHPC,4/26/2023,338.0,342.0,336.0,339.0,-0.12,14037.0,588.0,475.0
SHPC,4/27/2023,334.7,340.0,334.7,337.9,-0.32,20260.0,588.0,475.0
SHPC,4/30/2023,343.0,343.0,330.0,333.0,-1.45,26146.0,588.0,475.0
SHPC,5/2/2023,333.0,333.0,323.4,328.5,-1.35,33062.0,588.0,475.0
SHPC,5/3/2023,323.8,327.0,323.0,324.8,-1.13,19467.0,588.0,475.0
SHPC,5/4/2023,321.0,326.0,318.0,324.4,-0.12,24930.0,588.0,475.0
SHPC,5/7/2023,327.0,327.0,320.0,321.0,-1.05,15708.0,588.0,475.0
SHPC,5/8/2023,318.1,324.0,316.0,319.0,-0.62,27770.0,588.0,475.0
SHPC,5/9/2023,317.1,331.5,317.1,327.0,2.51,16666.0,588.0,475.0
SHPC,5/10/2023,330.0,330.0,321.2,329.8,0.86,12177.0,588.0,475.0
SHPC,5/11/2023,325.0,327.0,322.1,326.9,-0.88,15699.0,588.0,475.0
SHPC,5/14/2023,330.0,330.0,318.0,321.2,-1.74,12979.0,588.0,475.0
SHPC,5/15/2023,320.0,324.9,317.0,321.0,-0.06,11321.0,588.0,475.0
SHPC,5/16/2023,322.0,326.1,320.0,323.5,0.78,12239.0,588.0,475.0
SHPC,5/17/2023,325.0,328.9,322.0,327.0,1.08,17973.0,588.0,475.0
SHPC,5/18/2023,330.0,335.9,327.0,335.0,2.45,21434.0,588.0,475.0
SHPC,5/21/2023,333.1,342.0,333.0,335.0,0.0,43385.0,588.0,475.0
SHPC,5/22/2023,330.0,338.0,329.5,336.0,0.3,27580.0,588.0,475.0
SHPC,5/23/2023,341.0,343.5,336.0,341.9,1.76,39199.0,588.0,475.0
SHPC,5/24/2023,343.0,346.0,336.0,341.0,-0.26,47500.0,588.0,475.0
SHPC,5/28/2023,343.0,356.8,341.1,347.0,1.76,107922.0,588.0,475.0
SHPC,5/30/2023,341.3,349.0,338.0,338.0,-2.59,84900.0,588.0,475.0
SHPC,5/31/2023,339.0,342.9,329.5,334.9,-0.92,70932.0,588.0,475.0
SHPC,6/1/2023,336.0,344.0,330.0,339.0,1.22,61066.0,588.0,475.0
SHPC,6/4/2023,345.7,363.0,345.0,360.0,6.19,124011.0,588.0,475.0
SHPC,6/5/2023,366.0,380.0,358.0,366.0,1.67,201376.0,588.0,475.0
SHPC,6/6/2023,373.3,379.0,366.0,377.0,3.01,159083.0,588.0,475.0
SHPC,6/7/2023,379.0,389.0,371.3,376.0,-0.27,106078.0,588.0,475.0
SHPC,6/8/2023,368.6,377.3,368.6,373.5,-0.66,89655.0,588.0,475.0
SHPC,6/11/2023,375.0,382.5,372.0,382.0,2.28,106727.0,588.0,475.0
SHPC,6/12/2023,380.0,387.0,373.0,375.7,-1.65,78497.0,588.0,475.0
SHPC,6/13/2023,371.3,388.0,371.3,383.7,2.13,144186.0,588.0,475.0
SHPC,6/14/2023,389.5,392.7,373.0,376.0,-2.01,152347.0,588.0,475.0
SHPC,6/15/2023,374.0,383.0,373.0,376.0,0.0,117881.0,588.0,475.0
SHPC,6/18/2023,383.3,403.0,376.2,397.0,5.59,175488.0,588.0,475.0
SHPC,6/19/2023,400.0,400.0,385.3,388.0,-2.27,90219.0,588.0,475.0
SHPC,6/20/2023,384.0,389.8,375.0,379.0,-2.32,90127.0,588.0,475.0
SHPC,6/21/2023,386.5,386.5,371.7,373.0,-1.58,116806.0,588.0,475.0
SHPC,6/22/2023,373.0,385.0,368.1,371.0,-0.54,75047.0,588.0,475.0
SHPC,6/25/2023,378.0,382.0,366.1,375.0,1.08,121949.0,588.0,475.0
SHPC,6/26/2023,382.0,389.0,376.0,381.0,1.6,115662.0,588.0,475.0
SHPC,6/27/2023,381.0,387.9,374.0,386.7,1.5,120310.0,588.0,475.0
SHPC,6/28/2023,389.9,389.9,372.4,374.0,-3.28,104481.0,588.0,475.0
SHPC,7/2/2023,380.0,380.0,361.1,361.1,-3.45,97934.0,588.0,475.0
SHPC,7/3/2023,361.1,370.0,356.3,359.0,-0.58,57294.0,588.0,475.0
SHPC,7/4/2023,365.6,365.6,355.0,362.0,0.84,77154.0,588.0,475.0
SHPC,7/5/2023,368.0,370.0,358.0,358.0,-1.1,51568.0,588.0,475.0
SHPC,7/6/2023,360.0,367.0,355.9,362.0,1.12,93136.0,588.0,475.0
SHPC,7/9/2023,362.2,370.7,357.3,362.0,0.0,112960.0,588.0,475.0
SHPC,7/10/2023,369.0,369.0,359.0,361.0,-0.28,38975.0,588.0,475.0
SHPC,7/11/2023,359.0,362.0,351.9,355.0,-1.66,96164.0,588.0,475.0
SHPC,7/12/2023,357.0,369.9,355.0,364.5,2.68,81435.0,588.0,475.0
SHPC,7/13/2023,371.7,376.9,357.3,358.0,-1.78,75121.0,588.0,475.0
SHPC,7/16/2023,359.0,365.1,354.0,355.0,-0.84,40114.0,588.0,475.0
SHPC,7/17/2023,356.0,370.0,355.1,366.9,3.35,35510.0,588.0,475.0
SHPC,7/18/2023,361.1,371.8,361.1,365.0,-0.52,44608.0,588.0,475.0
SHPC,7/19/2023,361.0,367.0,361.0,366.0,0.27,27163.0,588.0,475.0
SHPC,7/20/2023,365.0,373.0,363.1,369.0,0.82,65683.0,588.0,475.0
SHPC,7/23/2023,362.1,376.0,362.1,373.1,1.11,56674.0,588.0,475.0
SHPC,7/24/2023,373.1,377.4,364.0,366.0,-1.9,83986.0,588.0,475.0
SHPC,7/25/2023,364.1,380.0,362.0,368.0,0.55,40984.0,588.0,475.0
SHPC,7/26/2023,375.3,375.3,361.1,369.0,0.27,29835.0,588.0,475.0
SHPC,7/27/2023,370.0,370.0,360.0,360.1,-2.41,33315.0,588.0,475.0
SHPC,7/30/2023,360.1,361.0,355.1,358.0,-0.58,28022.0,588.0,475.0
SHPC,7/31/2023,353.0,362.0,351.2,355.9,-0.59,42108.0,588.0,475.0
SHPC,8/1/2023,351.0,362.4,349.0,350.0,-1.66,40163.0,588.0,475.0
SHPC,8/2/2023,346.1,359.0,346.1,356.0,1.71,18717.0,588.0,475.0
SHPC,8/3/2023,363.0,363.0,355.0,355.3,-0.2,25184.0,588.0,475.0
SHPC,8/6/2023,355.1,355.1,346.0,354.0,-0.37,41874.0,588.0,475.0
SHPC,8/7/2023,348.1,363.0,347.2,357.0,0.85,49402.0,588.0,475.0
SHPC,8/8/2023,349.9,357.0,348.2,352.0,-1.4,30993.0,588.0,475.0
SHPC,8/9/2023,348.0,360.0,348.0,355.0,0.85,35296.0,588.0,475.0
SHPC,8/10/2023,360.0,366.0,352.9,362.0,1.97,122003.0,588.0,475.0
SHPC,8/13/2023,360.0,365.0,357.1,360.0,-0.55,68045.0,588.0,475.0
SHPC,8/14/2023,360.1,364.0,358.0,358.0,-0.56,65388.0,588.0,475.0
SHPC,8/15/2023,357.0,361.1,350.2,352.0,-1.68,37343.0,588.0,475.0
SHPC,8/16/2023,347.3,356.9,346.2,353.0,0.28,75697.0,588.0,475.0
SHPC,8/17/2023,354.9,355.0,348.1,350.3,-0.76,81116.0,588.0,475.0
SHPC,8/20/2023,355.9,356.0,343.3,346.0,-1.23,51627.0,588.0,475.0
SHPC,8/21/2023,346.0,349.1,339.2,342.0,-1.16,81305.0,588.0,475.0
SHPC,8/22/2023,340.2,350.0,338.2,346.1,1.2,25519.0,588.0,475.0
SHPC,8/23/2023,349.9,351.9,343.1,350.0,1.13,42680.0,588.0,475.0
SHPC,8/24/2023,350.0,356.8,341.5,343.0,-2.0,41816.0,588.0,475.0
SHPC,8/27/2023,341.0,345.0,338.0,340.0,-0.87,22290.0,588.0,475.0
SHPC,8/28/2023,336.1,342.0,336.1,339.8,-0.06,14532.0,588.0,475.0
SHPC,8/29/2023,337.7,344.8,337.7,342.6,0.82,12700.0,588.0,475.0
SHPC,8/30/2023,338.2,344.6,338.2,343.0,0.12,10615.0,588.0,475.0
SHPC,9/3/2023,337.1,344.0,334.5,335.0,-2.33,21996.0,588.0,475.0
SHPC,9/4/2023,334.0,347.0,331.2,335.0,0.0,24866.0,588.0,475.0
SHPC,9/5/2023,341.0,341.0,332.0,335.9,0.27,10129.0,588.0,475.0
SHPC,9/7/2023,331.4,335.0,331.2,334.0,-0.57,19123.0,588.0,475.0
SHPC,9/10/2023,331.6,337.7,331.2,337.0,0.9,12596.0,588.0,475.0
SHPC,9/11/2023,334.1,340.9,333.0,337.0,0.0,28186.0,588.0,475.0
SHPC,9/12/2023,343.0,343.0,334.1,334.1,-0.86,14048.0,588.0,475.0
SHPC,9/13/2023,337.0,343.9,336.2,343.8,2.9,27128.0,588.0,475.0
SHPC,9/17/2023,343.0,344.9,334.5,335.0,-2.56,34082.0,588.0,475.0
SHPC,9/18/2023,332.3,343.0,332.3,337.9,0.87,10292.0,588.0,475.0
SHPC,9/19/2023,344.6,345.0,333.3,344.8,2.04,18341.0,588.0,475.0
SHPC,9/21/2023,350.9,360.0,344.0,355.0,2.96,111542.0,588.0,475.0
SHPC,9/24/2023,360.0,360.0,350.0,353.0,-0.56,60634.0,588.0,475.0
SHPC,9/25/2023,351.0,357.9,350.0,350.0,-0.85,21208.0,588.0,475.0
SHPC,9/26/2023,357.0,364.1,355.0,360.0,2.86,77630.0,588.0,475.0
SHPC,9/27/2023,362.0,362.9,352.4,353.3,-1.86,37944.0,588.0,475.0
SHPC,10/1/2023,352.6,353.0,342.1,345.0,-2.35,46923.0,588.0,475.0
SHPC,10/2/2023,350.0,350.0,343.0,347.0,0.58,21708.0,588.0,475.0
SHPC,10/3/2023,353.9,358.0,337.0,337.4,-2.77,54668.0,588.0,475.0
SHPC,10/4/2023,344.1,350.0,339.3,340.0,0.77,27578.0,588.0,475.0
SHPC,10/5/2023,341.0,345.0,338.0,338.0,-0.59,36648.0,588.0,475.0
SHPC,10/8/2023,340.0,343.0,330.0,332.0,-1.78,37077.0,588.0,475.0
SHPC,10/9/2023,328.0,334.0,327.0,330.0,-0.6,33053.0,588.0,475.0
SHPC,10/10/2023,331.0,334.7,326.6,327.0,-0.91,40506.0,588.0,475.0
SHPC,10/11/2023,300.0,300.0,289.0,297.8,-8.93,26341.0,588.0,475.0
SHPC,10/12/2023,298.0,298.0,292.2,296.0,-0.6,13438.0,588.0,475.0
SHPC,10/16/2023,291.3,293.0,285.5,292.0,-1.35,9933.0,588.0,475.0
SHPC,10/17/2023,295.0,297.0,282.9,285.0,-2.4,16436.0,588.0,475.0
SHPC,10/18/2023,290.0,295.6,287.0,289.9,1.72,6642.0,588.0,475.0
SHPC,10/19/2023,288.0,293.6,282.3,292.0,0.72,4608.0,588.0,475.0
SHPC,10/29/2023,293.0,293.0,285.0,287.0,-1.71,5058.0,588.0,475.0
SHPC,10/30/2023,285.0,289.5,285.0,288.0,0.35,4327.0,588.0,475.0
SHPC,10/31/2023,292.0,292.1,287.0,290.0,0.69,5465.0,588.0,475.0
SHPC,11/1/2023,294.5,294.5,289.1,291.0,0.34,9200.0,588.0,475.0
SHPC,11/2/2023,287.0,292.0,287.0,291.4,0.14,5519.0,588.0,475.0
SHPC,11/5/2023,297.0,297.0,285.3,288.0,-1.17,5200.0,588.0,475.0
SHPC,11/6/2023,288.0,293.7,288.0,292.0,1.39,7133.0,588.0,475.0
SHPC,11/7/2023,292.0,296.6,291.0,293.0,0.34,15045.0,588.0,475.0
SHPC,11/8/2023,295.0,295.0,289.0,290.0,-1.02,8142.0,588.0,475.0
SHPC,11/9/2023,290.0,295.8,289.0,291.5,0.52,19010.0,588.0,475.0
SHPC,11/20/2023,297.0,302.4,295.4,301.0,3.26,25924.0,588.0,475.0
SHPC,11/21/2023,303.0,304.0,298.1,299.2,-0.6,21217.0,588.0,475.0
SHPC,11/22/2023,299.0,307.0,297.0,307.0,2.61,24215.0,588.0,475.0
SHPC,11/23/2023,305.0,312.0,305.0,312.0,1.63,12646.0,588.0,475.0
SHPC,11/26/2023,305.8,323.9,300.0,322.9,3.49,37147.0,588.0,475.0
SHPC,11/27/2023,322.0,328.3,318.0,320.0,-0.9,29476.0,588.0,475.0
SHPC,11/28/2023,323.0,323.0,315.0,319.9,-0.03,13048.0,588.0,475.0
SHPC,11/29/2023,320.5,325.0,313.0,313.0,-2.16,12482.0,588.0,475.0
SHPC,11/30/2023,318.0,324.8,310.0,315.0,0.64,25515.0,588.0,475.0
SHPC,12/3/2023,309.6,318.8,307.0,311.0,-1.27,23076.0,588.0,475.0
SHPC,12/4/2023,312.0,315.0,308.1,311.9,0.29,6232.0,588.0,475.0
SHPC,12/5/2023,318.1,318.1,308.7,309.4,-0.8,21844.0,588.0,475.0
SHPC,12/6/2023,308.5,310.0,307.0,308.0,-0.45,9550.0,588.0,475.0
SHPC,12/7/2023,314.1,320.0,303.0,309.0,0.32,13085.0,588.0,475.0
SHPC,12/10/2023,315.1,333.0,315.1,330.0,6.8,7071.0,588.0,475.0
SHPC,12/11/2023,336.6,340.0,323.5,327.0,-0.91,54696.0,588.0,475.0
SHPC,12/12/2023,326.2,345.6,326.2,344.8,5.44,56287.0,588.0,475.0
SHPC,12/13/2023,344.0,350.7,339.0,340.0,-1.39,64566.0,588.0,475.0
SHPC,12/14/2023,339.0,341.0,334.0,336.2,-1.12,41521.0,588.0,475.0
SHPC,12/17/2023,331.3,360.0,324.0,356.0,5.89,78382.0,588.0,475.0
SHPC,12/18/2023,360.0,374.3,354.0,364.8,2.47,99193.0,588.0,475.0
SHPC,12/19/2023,360.0,369.9,351.4,366.3,0.41,59756.0,588.0,475.0
SHPC,12/20/2023,373.3,373.3,357.0,368.5,0.6,90399.0,588.0,475.0
SHPC,12/21/2023,368.0,368.0,355.0,357.0,-3.12,53167.0,588.0,475.0
SHPC,12/24/2023,350.0,372.0,350.0,360.0,0.84,106153.0,588.0,475.0
SHPC,12/27/2023,363.1,365.0,353.0,353.0,-1.94,45045.0,588.0,475.0
SHPC,12/28/2023,356.9,363.0,352.4,356.0,0.85,43685.0,588.0,475.0
SHPC,1/1/2024,355.0,360.0,351.0,352.0,-1.12,48619.0,588.0,475.0
SHPC,1/2/2024,347.0,351.0,346.6,350.0,-0.57,19729.0,588.0,475.0
SHPC,1/3/2024,350.3,357.0,345.2,355.0,1.43,28206.0,588.0,475.0
SHPC,1/4/2024,355.0,363.8,355.0,359.0,1.13,61398.0,588.0,475.0
SHPC,1/7/2024,362.0,365.0,351.3,353.1,-1.64,51394.0,588.0,475.0
SHPC,1/8/2024,354.0,364.0,352.0,364.0,3.09,96645.0,588.0,475.0
SHPC,1/9/2024,365.6,377.3,363.6,366.0,0.55,126982.0,588.0,475.0
SHPC,1/10/2024,367.0,369.0,361.1,361.9,-1.12,29861.0,588.0,475.0
SHPC,1/11/2024,357.3,367.9,357.2,365.0,0.86,30494.0,588.0,475.0
SHPC,1/14/2024,368.5,380.0,367.5,373.8,2.41,137591.0,588.0,475.0
SHPC,1/16/2024,379.8,381.2,370.1,377.9,1.1,127774.0,588.0,475.0
SHPC,1/17/2024,382.8,383.0,363.0,364.0,-3.68,93610.0,588.0,475.0
SHPC,1/18/2024,365.0,370.0,360.7,365.0,0.27,71654.0,588.0,475.0
SHPC,1/21/2024,365.0,372.3,360.5,363.0,-0.55,69621.0,588.0,475.0
SHPC,1/22/2024,360.0,364.0,356.5,357.0,-1.65,44185.0,588.0,475.0
SHPC,1/23/2024,360.0,361.0,354.0,358.8,0.5,42006.0,588.0,475.0
SHPC,1/24/2024,360.0,365.1,351.9,354.5,-1.2,32740.0,588.0,475.0
SHPC,1/25/2024,354.0,357.0,348.0,351.0,-0.99,41838.0,588.0,475.0
SHPC,1/28/2024,358.0,358.0,346.0,350.8,-0.06,44097.0,588.0,475.0
SHPC,1/29/2024,350.8,364.0,350.8,356.0,1.48,43956.0,588.0,475.0
SHPC,1/30/2024,363.0,363.0,356.6,358.1,0.59,42725.0,588.0,475.0
SHPC,1/31/2024,365.0,365.2,355.0,356.0,-0.59,72147.0,588.0,475.0
SHPC,2/1/2024,360.0,360.0,348.0,350.8,-1.46,28037.0,588.0,475.0
SHPC,2/4/2024,347.1,353.0,347.1,351.0,0.06,32907.0,588.0,475.0
SHPC,2/5/2024,353.0,358.0,343.0,349.9,-0.31,38766.0,588.0,475.0
SHPC,2/6/2024,352.6,361.0,348.2,354.0,1.17,16696.0,588.0,475.0
SHPC,2/7/2024,354.0,368.0,354.0,360.4,1.81,51768.0,588.0,475.0
SHPC,2/8/2024,356.0,364.9,354.3,363.5,0.86,49238.0,588.0,475.0
SHPC,2/11/2024,370.0,372.3,360.0,363.0,-0.14,68659.0,588.0,475.0
SHPC,2/12/2024,362.0,366.9,357.1,365.0,0.55,47693.0,588.0,475.0
SHPC,2/13/2024,357.7,363.0,356.1,359.8,-1.42,49231.0,588.0,475.0
SHPC,2/14/2024,359.0,359.5,352.0,359.5,-0.08,40639.0,588.0,475.0
SHPC,2/15/2024,352.4,359.0,350.0,351.0,-2.36,47391.0,588.0,475.0
SHPC,2/18/2024,347.0,353.0,345.0,349.5,-0.43,59474.0,588.0,475.0
SHPC,2/20/2024,350.0,353.0,345.0,348.0,-0.43,72842.0,588.0,475.0
SHPC,2/21/2024,347.0,349.8,345.2,345.2,-0.8,39018.0,588.0,475.0
SHPC,2/22/2024,345.0,350.0,344.5,346.8,0.46,40026.0,588.0,475.0
SHPC,2/25/2024,352.9,352.9,336.5,337.2,-2.77,78379.0,588.0,475.0
SHPC,2/26/2024,334.0,342.0,334.0,341.0,1.13,31004.0,588.0,475.0
SHPC,2/27/2024,340.0,346.0,340.0,342.7,0.5,19807.0,588.0,475.0
SHPC,2/28/2024,343.0,345.6,337.0,337.0,-1.66,35967.0,588.0,475.0
SHPC,2/29/2024,343.0,343.0,334.3,337.0,0.0,43829.0,588.0,475.0
SHPC,3/3/2024,335.0,342.5,335.0,339.9,0.86,29007.0,588.0,475.0
SHPC,3/4/2024,346.6,364.0,346.6,358.0,5.33,14190.0,588.0,475.0
SHPC,3/5/2024,365.1,365.1,344.0,345.0,-3.63,44240.0,588.0,475.0
SHPC,3/6/2024,349.8,350.9,339.0,349.0,1.16,41735.0,588.0,475.0
SHPC,3/7/2024,352.0,354.0,345.0,348.9,-0.03,17813.0,588.0,475.0
SHPC,3/10/2024,350.0,352.0,346.1,347.0,-0.54,22573.0,588.0,475.0
SHPC,3/12/2024,351.4,353.0,348.2,352.0,1.44,28402.0,588.0,475.0
SHPC,3/13/2024,352.2,353.9,345.1,347.0,-1.42,56522.0,588.0,475.0
SHPC,3/14/2024,350.0,350.0,343.0,344.8,-0.63,32477.0,588.0,475.0
SHPC,3/17/2024,339.0,352.0,339.0,346.0,0.35,23429.0,588.0,475.0
SHPC,3/18/2024,349.0,350.0,345.7,349.0,0.87,42724.0,588.0,475.0
SHPC,3/19/2024,343.0,350.0,343.0,345.1,-1.12,27298.0,588.0,475.0
SHPC,3/20/2024,344.2,349.0,342.2,346.0,0.26,22393.0,588.0,475.0
SHPC,3/21/2024,343.0,349.3,342.0,345.0,-0.29,24428.0,588.0,475.0
SHPC,3/25/2024,343.2,345.9,340.2,342.5,-0.72,31684.0,588.0,475.0
SHPC,3/26/2024,340.3,345.9,340.3,341.4,-0.32,21454.0,588.0,475.0
SHPC,3/27/2024,342.5,347.0,340.0,342.0,0.18,20846.0,588.0,475.0
SHPC,3/28/2024,341.0,343.8,337.2,338.2,-1.11,42069.0,588.0,475.0
SHPC,3/31/2024,339.0,343.7,337.8,340.9,0.8,12380.0,588.0,475.0
SHPC,4/1/2024,341.0,341.5,337.6,338.0,-0.85,37618.0,588.0,475.0
SHPC,4/2/2024,338.0,339.9,337.0,337.9,-0.03,11802.0,588.0,475.0
SHPC,4/3/2024,338.0,340.0,337.4,337.9,0.0,17043.0,588.0,475.0
SHPC,4/4/2024,337.8,340.0,337.0,337.4,-0.15,24406.0,588.0,475.0
SHPC,4/7/2024,337.0,341.8,337.0,341.8,1.3,27713.0,588.0,475.0
SHPC,4/9/2024,341.0,345.0,340.3,341.5,-0.09,22942.0,588.0,475.0
SHPC,4/10/2024,341.5,344.8,339.7,340.0,-0.44,60416.0,588.0,475.0
SHPC,4/14/2024,340.0,341.0,330.0,334.0,-1.76,640870.0,588.0,475.0
SHPC,4/15/2024,340.6,340.6,326.6,327.2,-2.04,210354.0,588.0,475.0
SHPC,4/16/2024,326.2,331.0,325.0,330.4,0.98,104140.0,588.0,475.0
SHPC,4/18/2024,327.2,332.0,325.0,325.1,-1.6,43138.0,588.0,475.0
SHPC,4/21/2024,326.0,329.4,321.5,327.0,0.58,19396.0,588.0,475.0
SHPC,4/22/2024,328.0,331.0,323.2,324.0,-0.92,27298.0,588.0,475.0
SHPC,4/24/2024,324.0,325.5,319.1,322.8,-0.37,99409.0,588.0,475.0
SHPC,4/25/2024,328.0,328.0,322.0,322.8,0.0,12591.0,588.0,475.0
SHPC,4/28/2024,323.0,329.0,320.2,329.0,1.92,28623.0,588.0,475.0
SHPC,4/29/2024,331.0,333.0,325.0,328.6,-0.12,18313.0,588.0,475.0
SHPC,4/30/2024,325.0,335.7,323.1,332.0,1.03,58849.0,588.0,475.0
SHPC,5/2/2024,337.1,337.8,327.4,327.7,-1.3,41522.0,588.0,475.0
SHPC,5/5/2024,327.0,328.9,325.4,325.5,-0.67,15634.0,588.0,475.0
SHPC,5/6/2024,328.0,332.0,322.0,322.0,-1.08,50614.0,588.0,475.0
SHPC,5/7/2024,327.0,327.0,320.0,320.5,-0.47,19815.0,588.0,475.0
SHPC,5/8/2024,321.1,326.0,321.0,323.7,1.0,28222.0,588.0,475.0
SHPC,5/9/2024,329.0,329.0,321.0,324.0,0.09,35656.0,588.0,475.0
SHPC,5/12/2024,319.2,326.1,319.2,326.1,0.65,22198.0,588.0,475.0
SHPC,5/13/2024,320.2,327.7,320.2,327.0,0.28,11616.0,588.0,475.0
SHPC,5/14/2024,328.0,331.0,324.0,330.1,0.95,41943.0,588.0,475.0
SHPC,5/15/2024,331.0,334.0,326.5,327.1,-0.91,18071.0,588.0,475.0
SHPC,5/16/2024,331.0,332.0,325.0,328.8,0.52,27222.0,588.0,475.0
SHPC,5/19/2024,335.3,340.0,327.2,336.0,2.19,72546.0,588.0,475.0
SHPC,5/20/2024,329.3,344.0,329.3,339.3,0.98,45454.0,588.0,475.0
SHPC,5/21/2024,339.3,346.0,333.7,336.0,-0.97,92078.0,588.0,475.0
SHPC,5/22/2024,336.0,344.4,336.0,341.9,1.76,116379.0,588.0,475.0
SHPC,5/26/2024,340.0,342.0,334.7,334.7,-2.11,61832.0,588.0,475.0
SHPC,5/27/2024,334.7,340.9,334.4,336.0,0.39,20092.0,588.0,475.0
SHPC,5/29/2024,342.7,349.5,332.0,332.0,-1.19,22413.0,588.0,475.0
SHPC,5/30/2024,332.0,336.7,328.0,328.0,-1.2,38308.0,588.0,475.0
SHPC,6/2/2024,334.5,335.0,328.6,330.1,0.64,83525.0,588.0,475.0
SHPC,6/3/2024,331.1,332.0,327.1,328.9,-0.36,14195.0,588.0,475.0
SHPC,6/4/2024,326.0,331.0,325.0,325.1,-1.16,51238.0,588.0,475.0
SHPC,6/5/2024,325.0,334.9,320.1,329.0,1.2,524908.0,588.0,475.0
SHPC,6/6/2024,333.0,333.0,324.8,327.0,-0.61,41051.0,588.0,475.0
SHPC,6/9/2024,333.5,333.5,324.5,325.4,-0.49,17345.0,588.0,475.0
SHPC,6/10/2024,331.9,331.9,325.4,329.0,1.11,34489.0,588.0,475.0
SHPC,6/11/2024,335.5,335.5,328.0,331.0,0.61,108394.0,588.0,475.0
SHPC,6/12/2024,330.1,334.5,327.9,330.0,-0.3,42596.0,588.0,475.0
SHPC,6/13/2024,331.0,331.0,324.0,325.5,-1.36,53991.0,588.0,475.0
SHPC,6/16/2024,331.0,331.0,321.5,325.0,-0.15,41497.0,588.0,475.0
SHPC,6/18/2024,331.0,331.0,320.9,321.1,-1.2,56880.0,588.0,475.0
SHPC,6/19/2024,322.8,322.9,319.4,320.9,-0.06,38548.0,588.0,475.0
SHPC,6/20/2024,327.3,327.3,320.1,320.4,-0.16,36490.0,588.0,475.0
SHPC,6/23/2024,321.1,323.0,318.0,319.0,-0.44,46771.0,588.0,475.0
SHPC,6/24/2024,320.0,321.9,318.2,318.6,-0.13,26272.0,588.0,475.0
SHPC,6/25/2024,323.0,329.0,319.6,322.1,1.1,62399.0,588.0,475.0
SHPC,6/26/2024,324.0,324.7,319.3,320.3,-0.56,24189.0,588.0,475.0
SHPC,6/27/2024,319.0,321.9,318.6,319.1,-0.37,27978.0,588.0,475.0
SHPC,6/30/2024,318.2,322.0,316.2,316.3,-0.88,26445.0,588.0,475.0
SHPC,7/1/2024,316.1,320.0,316.1,320.0,1.17,22573.0,588.0,475.0
SHPC,7/2/2024,326.0,333.0,321.0,324.0,1.25,59787.0,588.0,475.0
SHPC,7/3/2024,323.9,323.9,318.8,322.0,-0.62,27201.0,588.0,475.0
SHPC,7/4/2024,320.1,325.0,320.0,320.2,-0.56,61554.0,588.0,475.0
SHPC,7/7/2024,320.1,326.0,316.0,320.9,0.22,105890.0,588.0,475.0
SHPC,7/8/2024,324.5,325.0,321.0,321.1,0.06,44334.0,588.0,475.0
SHPC,7/9/2024,320.5,324.1,318.2,318.4,-0.84,131264.0,588.0,475.0
SHPC,7/10/2024,324.7,328.7,320.4,327.0,2.7,168447.0,588.0,475.0
SHPC,7/11/2024,328.0,332.8,325.1,328.0,0.31,93409.0,588.0,475.0
SHPC,7/14/2024,334.5,347.0,332.0,339.0,3.35,80953.0,588.0,475.0
SHPC,7/15/2024,341.0,344.0,335.0,339.5,0.15,87377.0,588.0,475.0
SHPC,7/16/2024,343.0,360.0,335.4,354.0,4.27,145502.0,588.0,475.0
SHPC,7/17/2024,358.0,364.3,349.1,363.0,2.54,224564.0,588.0,475.0
SHPC,7/18/2024,367.0,374.0,352.0,362.0,-0.28,197245.0,588.0,475.0
SHPC,7/21/2024,368.9,374.0,357.2,369.0,1.93,191765.0,588.0,475.0
SHPC,7/22/2024,371.3,395.0,362.0,390.0,5.69,315099.0,588.0,475.0
SHPC,7/23/2024,391.0,413.7,390.0,413.0,5.9,477783.0,588.0,475.0
SHPC,7/24/2024,412.2,422.0,403.0,406.0,-1.69,358407.0,588.0,475.0
SHPC,7/25/2024,400.0,426.5,400.0,425.0,4.68,426015.0,588.0,475.0
SHPC,7/28/2024,426.0,447.0,416.6,443.0,4.24,364675.0,588.0,475.0
SHPC,7/29/2024,450.0,460.0,435.0,437.0,-1.35,613844.0,588.0,475.0
SHPC,7/30/2024,445.0,449.6,429.0,443.0,1.37,350633.0,588.0,475.0
SHPC,7/31/2024,445.0,475.0,443.0,452.0,2.03,436293.0,588.0,475.0
SHPC,8/1/2024,455.0,497.2,447.0,497.0,9.96,872303.0,588.0,475.0
SHPC,8/5/2024,506.9,546.0,500.0,535.0,7.65,852836.0,588.0,475.0
SHPC,8/6/2024,535.0,552.0,507.0,534.0,-0.19,800822.0,588.0,475.0
SHPC,8/7/2024,544.6,576.0,520.0,571.0,6.93,1017338.0,588.0,475.0
SHPC,8/8/2024,582.4,599.1,561.0,578.0,1.23,738838.0,588.0,475.0
SHPC,8/11/2024,578.0,599.0,578.0,584.1,1.06,641263.0,588.0,475.0
SHPC,8/12/2024,595.7,595.7,564.5,573.0,-1.9,576402.0,588.0,475.0
SHPC,8/13/2024,580.0,591.6,561.0,591.6,3.25,689284.0,588.0,475.0
SHPC,8/14/2024,603.4,636.4,581.3,632.0,6.83,959365.0,588.0,475.0
SHPC,8/15/2024,644.6,678.3,635.0,678.3,7.33,1272947.0,588.0,475.0
SHPC,8/18/2024,680.0,680.0,635.2,640.0,-5.65,722400.0,588.0,475.0
SHPC,8/21/2024,640.0,648.0,617.0,619.9,-3.14,584009.0,588.0,475.0
SHPC,8/22/2024,624.0,635.0,614.0,618.0,-0.31,526200.0,588.0,475.0
SHPC,8/25/2024,630.3,630.3,588.0,590.0,-4.53,496348.0,588.0,475.0
SHPC,8/27/2024,585.0,600.0,560.0,563.0,-4.58,494535.0,588.0,475.0
SHPC,8/28/2024,566.0,585.0,560.0,575.0,2.13,486083.0,588.0,475.0
SHPC,8/29/2024,585.8,589.9,561.7,569.0,-1.04,386425.0,588.0,475.0
SHPC,9/1/2024,565.0,579.0,557.0,564.0,-0.88,308871.0,588.0,475.0
SHPC,9/2/2024,569.0,597.0,562.1,595.0,5.5,384183.0,588.0,475.0
SHPC,9/3/2024,606.9,606.9,580.0,580.0,-2.52,344540.0,588.0,475.0
SHPC,9/4/2024,591.6,591.7,556.0,556.0,-4.14,342313.0,588.0,475.0
SHPC,9/5/2024,555.0,565.0,546.5,552.2,-0.68,208627.0,588.0,475.0
SHPC,9/8/2024,563.0,563.0,531.0,533.0,-3.48,280103.0,588.0,475.0
SHPC,9/9/2024,533.0,534.0,509.0,511.1,-4.11,311255.0,588.0,475.0
SHPC,9/10/2024,520.0,525.0,504.0,508.0,-0.61,217827.0,588.0,475.0
SHPC,9/11/2024,511.0,521.0,507.0,513.0,0.98,250439.0,588.0,475.0
SHPC,9/12/2024,515.0,548.0,513.0,538.0,4.87,264639.0,588.0,475.0
SHPC,9/15/2024,543.0,560.0,516.0,516.1,-4.07,384252.0,588.0,475.0
SHPC,9/16/2024,517.0,521.0,505.0,510.0,-1.18,221173.0,588.0,475.0
SHPC,9/18/2024,507.0,519.4,499.8,506.0,-0.78,109962.0,588.0,475.0
SHPC,9/22/2024,516.1,524.9,501.0,504.8,-0.24,129455.0,588.0,475.0
SHPC,9/23/2024,507.9,508.0,485.1,493.0,-2.34,234589.0,588.0,475.0
SHPC,9/24/2024,493.8,500.0,480.0,482.4,-2.15,237324.0,588.0,475.0
SHPC,9/25/2024,492.0,499.0,479.3,495.0,2.61,115266.0,588.0,475.0
SHPC,9/26/2024,504.9,505.0,482.0,482.1,-2.61,81544.0,588.0,475.0
SHPC,9/29/2024,472.5,489.6,465.0,474.0,-1.68,106132.0,588.0,475.0
SHPC,9/30/2024,474.0,492.0,471.0,489.9,3.35,94876.0,588.0,475.0
SHPC,10/1/2024,496.6,522.0,496.0,520.0,6.14,191653.0,588.0,475.0
SHPC,10/2/2024,515.0,530.0,510.0,519.9,-0.02,234562.0,588.0,475.0
SHPC,10/6/2024,519.0,547.0,517.0,544.0,4.64,134326.0,588.0,475.0
SHPC,10/7/2024,550.0,565.0,544.1,556.0,2.21,188432.0,588.0,475.0
SHPC,10/8/2024,556.0,567.0,545.0,549.8,-1.12,181250.0,588.0,475.0
SHPC,10/9/2024,558.0,558.0,541.2,545.0,-0.87,76898.0,588.0,475.0
SHPC,10/15/2024,547.6,555.0,545.0,553.0,1.47,57251.0,588.0,475.0
SHPC,10/16/2024,564.0,571.0,552.0,559.0,1.08,92729.0,588.0,475.0
SHPC,10/17/2024,568.0,570.0,549.0,549.0,-1.79,98951.0,588.0,475.0
SHPC,10/20/2024,538.1,560.0,530.0,540.0,-1.64,164637.0,588.0,475.0
SHPC,10/21/2024,529.2,545.0,524.0,524.0,-2.96,122320.0,588.0,475.0
SHPC,10/22/2024,520.0,540.0,520.0,528.9,0.94,83411.0,588.0,475.0
SHPC,10/23/2024,532.0,537.0,525.0,525.0,-0.74,52869.0,588.0,475.0
SHPC,10/24/2024,522.0,540.0,522.0,529.5,0.86,84301.0,588.0,475.0
SHPC,10/27/2024,527.0,536.0,524.2,526.0,-0.66,49661.0,588.0,475.0
SHPC,10/28/2024,522.4,534.9,522.4,529.0,0.57,35694.0,588.0,475.0
SHPC,10/29/2024,535.0,572.9,535.0,549.0,3.78,155737.0,588.0,475.0
SHPC,10/30/2024,559.9,562.0,544.2,554.0,0.91,113211.0,588.0,475.0
SHPC,11/5/2024,554.0,565.0,550.0,551.0,-0.54,56400.0,588.0,475.0
SHPC,11/6/2024,547.1,555.0,542.0,546.0,-0.91,57818.0,588.0,475.0
SHPC,11/10/2024,556.0,577.0,550.1,577.0,5.68,304072.0,588.0,475.0
SHPC,11/11/2024,577.4,590.0,575.0,583.0,1.04,391722.0,588.0,475.0
SHPC,11/12/2024,583.0,612.0,577.0,581.0,-0.34,222034.0,588.0,475.0
SHPC,11/13/2024,569.4,581.0,565.1,569.0,-2.07,187665.0,588.0,475.0
SHPC,11/14/2024,566.0,576.9,560.2,561.0,-1.41,181913.0,588.0,475.0
SHPC,11/17/2024,570.0,579.9,560.0,561.0,0.0,145769.0,588.0,475.0
SHPC,11/19/2024,562.0,568.0,544.0,545.0,-2.85,154630.0,588.0,475.0
SHPC,11/20/2024,546.1,557.9,544.0,548.4,0.62,76278.0,588.0,475.0
SHPC,11/21/2024,548.0,569.0,538.0,542.5,-1.08,93567.0,588.0,475.0
SHPC,11/24/2024,547.0,560.0,540.0,559.9,3.21,162490.0,588.0,475.0
SHPC,11/25/2024,571.0,571.0,548.0,568.0,1.45,169231.0,588.0,475.0
SHPC,11/26/2024,556.7,571.0,554.1,565.0,-0.53,113535.0,588.0,475.0
SHPC,11/27/2024,567.0,574.0,563.0,567.8,0.5,128321.0,588.0,475.0
SHPC,11/28/2024,579.1,579.1,554.1,559.9,-1.39,130026.0,588.0,475.0
SHPC,12/1/2024,548.8,554.0,540.2,550.0,-1.77,123231.0,588.0,475.0
SHPC,12/2/2024,561.0,561.0,539.0,555.0,0.91,117529.0,588.0,475.0
SHPC,12/3/2024,550.0,586.5,537.0,583.0,5.05,308883.0,588.0,475.0
SHPC,12/4/2024,571.4,581.0,565.0,568.9,-2.42,328379.0,588.0,475.0
SHPC,12/5/2024,557.6,580.0,550.0,552.0,-2.97,158111.0,588.0,475.0
SHPC,12/8/2024,554.0,554.0,538.0,540.0,-2.17,72720.0,588.0,475.0
SHPC,12/9/2024,540.0,548.0,537.1,540.9,0.17,100995.0,588.0,475.0
SHPC,12/10/2024,550.0,554.0,541.0,549.3,1.55,341654.0,588.0,475.0
SHPC,12/11/2024,555.0,559.9,540.0,548.0,-0.24,74239.0,588.0,475.0
SHPC,12/12/2024,550.0,555.0,538.0,538.5,-1.73,72025.0,588.0,475.0
SHPC,12/16/2024,549.0,549.0,525.0,525.9,-2.34,93358.0,588.0,475.0
SHPC,12/17/2024,528.0,534.0,525.0,529.0,0.59,46763.0,588.0,475.0
SHPC,12/18/2024,538.0,538.0,520.2,522.0,-1.32,44374.0,588.0,475.0
SHPC,12/19/2024,525.0,527.7,514.0,517.9,-0.79,75360.0,588.0,475.0
SHPC,12/22/2024,519.0,522.0,512.0,518.0,0.02,76912.0,588.0,475.0
SHPC,12/23/2024,528.3,540.0,518.0,537.0,3.67,176274.0,588.0,475.0
SHPC,12/24/2024,497.0,498.0,488.0,491.0,-8.57,106110.0,588.0,475.0
SHPC,12/26/2024,482.4,490.0,477.3,481.7,-1.89,47255.0,588.0,475.0
SHPC,12/29/2024,482.0,482.0,458.5,462.0,-4.09,95825.0,588.0,475.0
SHPC,12/31/2024,460.0,460.0,442.3,447.9,-3.05,71238.0,588.0,475.0
SHPC,1/1/2025,448.0,449.0,443.0,444.0,-0.87,17272.0,588.0,475.0
SHPC,1/2/2025,445.0,448.0,438.1,448.0,0.9,51728.0,588.0,475.0
SHPC,1/5/2025,448.1,456.0,443.0,455.0,1.56,68336.0,588.0,475.0
SHPC,1/6/2025,464.1,476.5,457.0,475.0,4.4,118198.0,588.0,475.0
SHPC,1/7/2025,484.5,484.9,468.0,482.0,1.47,107119.0,588.0,475.0
SHPC,1/8/2025,491.6,491.6,476.0,484.6,0.54,50761.0,588.0,475.0
SHPC,1/9/2025,478.0,486.8,472.0,481.0,-0.74,144090.0,588.0,475.0
SHPC,1/12/2025,481.0,481.0,470.1,471.0,-2.08,22778.0,588.0,475.0
SHPC,1/13/2025,467.0,471.9,455.0,456.3,-3.12,66377.0,588.0,475.0
SHPC,1/15/2025,465.0,468.0,458.0,459.0,0.59,39568.0,588.0,475.0
SHPC,1/16/2025,460.0,464.0,456.1,460.0,0.22,45387.0,588.0,475.0
SHPC,1/19/2025,460.0,469.0,455.0,466.5,1.41,29161.0,588.0,475.0
SHPC,1/20/2025,467.0,469.9,460.0,466.5,0.0,51350.0,588.0,475.0
SHPC,1/21/2025,459.0,475.8,459.0,471.0,0.96,59927.0,588.0,475.0
SHPC,1/22/2025,471.1,485.0,467.0,484.0,2.76,104066.0,588.0,475.0
SHPC,1/23/2025,477.0,491.9,476.0,484.0,0.0,113861.0,588.0,475.0
SHPC,1/26/2025,490.0,510.0,481.0,501.0,3.51,199108.0,588.0,475.0
SHPC,1/27/2025,511.0,519.0,498.0,514.0,2.59,233576.0,588.0,475.0
SHPC,1/28/2025,504.1,519.9,504.1,512.5,-0.29,138069.0,588.0,475.0
SHPC,2/2/2025,522.0,528.4,515.0,517.0,0.88,270431.0,588.0,475.0
SHPC,2/3/2025,522.0,526.6,506.7,517.0,0.0,289252.0,588.0,475.0
SHPC,2/4/2025,515.0,519.7,506.0,509.0,-1.55,104413.0,588.0,475.0
SHPC,2/5/2025,507.0,515.0,501.1,509.0,0.0,77210.0,588.0,475.0
SHPC,2/6/2025,519.1,525.0,507.2,514.0,0.98,312967.0,588.0,475.0
SHPC,2/9/2025,520.0,520.0,501.0,502.3,-2.28,165710.0,588.0,475.0
SHPC,2/10/2025,512.3,512.3,494.0,498.5,-0.76,70135.0,588.0,475.0
SHPC,2/11/2025,499.0,503.8,491.3,496.0,-0.5,59875.0,588.0,475.0
SHPC,2/12/2025,505.9,505.9,493.0,498.0,0.4,67161.0,588.0,475.0
SHPC,2/13/2025,504.0,504.0,488.0,488.5,-1.91,92967.0,588.0,475.0
SHPC,2/16/2025,498.0,498.0,485.6,490.1,0.33,93819.0,588.0,475.0
SHPC,2/17/2025,499.0,515.0,486.2,506.8,3.41,234890.0,588.0,475.0
SHPC,2/18/2025,516.9,522.0,505.0,514.9,1.6,316340.0,588.0,475.0
SHPC,2/20/2025,525.0,525.0,500.0,500.0,-2.89,105642.0,588.0,475.0
SHPC,2/23/2025,490.0,516.9,490.0,501.0,0.2,134854.0,588.0,475.0
SHPC,2/24/2025,511.0,511.0,496.0,497.0,-0.8,110904.0,588.0,475.0
SHPC,2/25/2025,505.0,505.0,490.0,494.0,-0.6,76101.0,588.0,475.0
SHPC,2/27/2025,503.0,505.0,495.0,505.0,2.23,84311.0,588.0,475.0
SHPC,3/2/2025,515.0,522.9,503.9,519.0,2.77,171708.0,588.0,475.0
SHPC,3/3/2025,508.7,531.0,508.7,514.6,-0.85,211942.0,588.0,475.0
SHPC,3/4/2025,524.8,524.8,509.0,509.9,-0.91,95130.0,588.0,475.0
SHPC,3/5/2025,508.0,510.0,500.0,504.0,-1.16,123408.0,588.0,475.0
SHPC,3/6/2025,507.7,507.7,498.0,499.0,-0.99,46992.0,588.0,475.0
SHPC,3/9/2025,498.2,501.9,489.3,490.0,-1.8,117331.0,588.0,475.0
SHPC,3/10/2025,490.0,496.9,478.0,478.1,-2.43,156133.0,588.0,475.0
SHPC,3/11/2025,485.0,486.0,470.1,471.0,-1.49,88625.0,588.0,475.0
SHPC,3/12/2025,479.0,479.0,468.3,477.8,1.44,56393.0,588.0,475.0
SHPC,3/16/2025,480.0,480.0,471.6,473.9,-0.82,44632.0,588.0,475.0
SHPC,3/17/2025,473.9,480.0,469.0,474.9,0.21,78870.0,588.0,475.0
SHPC,3/18/2025,474.1,478.0,470.1,471.0,-0.82,41246.0,588.0,475.0
SHPC,3/19/2025,471.0,471.0,465.5,467.0,-0.85,44690.0,588.0,475.0
SHPC,3/20/2025,476.3,476.3,465.0,465.3,-0.36,44291.0,588.0,475.0
SHPC,3/23/2025,465.0,465.0,451.0,452.6,-2.73,71879.0,588.0,475.0
SHPC,3/24/2025,447.1,463.6,447.1,456.14,0.78,71506.0,588.0,475.0
SHPC,3/25/2025,454.0,457.0,443.1,447.5,-1.89,84328.0,588.0,475.0
SHPC,3/26/2025,450.0,462.5,448.0,459.92,2.78,57408.0,588.0,475.0
SHPC,3/27/2025,464.5,474.0,459.0,471.22,2.46,93936.0,588.0,475.0
SHPC,3/30/2025,462.0,483.8,462.0,479.9,1.84,152864.0,588.0,475.0
SHPC,4/1/2025,480.0,480.0,467.0,475.75,-0.86,51245.0,588.0,475.0
SHPC,4/2/2025,479.0,479.0,469.5,471.48,-0.9,32681.0,588.0,475.0
SHPC,4/3/2025,471.0,485.0,470.3,479.96,1.8,144290.0,588.0,475.0
SHPC,4/7/2025,485.0,485.0,470.0,472.13,-1.63,27223.0,588.0,475.0
SHPC,4/8/2025,468.3,471.9,461.0,469.0,-0.66,30872.0,588.0,475.0
SHPC,4/9/2025,478.0,478.0,469.0,473.46,0.95,35545.0,588.0,475.0
SHPC,4/10/2025,475.0,477.9,470.3,472.26,-0.25,50321.0,588.0,475.0
SHPC,4/13/2025,470.0,477.8,466.0,474.91,0.56,44694.0,588.0,475.0
SHPC,4/15/2025,483.4,483.4,469.0,476.82,0.4,32286.0,588.0,475.0
SHPC,4/16/2025,470.0,501.0,470.0,489.18,2.59,143867.0,588.0,475.0
SHPC,4/17/2025,495.0,518.8,491.0,514.67,5.21,441209.0,588.0,475.0
SHPC,4/20/2025,517.0,548.0,517.0,536.86,4.31,701732.0,588.0,475.0
SHPC,4/21/2025,540.0,550.1,530.0,532.22,-0.86,394736.0,588.0,475.0
SHPC,4/22/2025,542.8,563.0,535.0,536.45,0.79,536014.0,588.0,475.0
SHPC,4/23/2025,542.0,542.0,508.0,510.94,-4.76,695164.0,588.0,475.0
SHPC,4/24/2025,506.0,515.0,498.2,513.41,0.48,344249.0,588.0,475.0
SHPC,4/27/2025,510.0,555.0,510.0,550.33,7.19,784987.0,588.0,475.0
SHPC,4/28/2025,561.3,561.3,540.1,545.5,-0.88,616139.0,588.0,475.0
SHPC,4/29/2025,547.0,579.0,547.0,570.1,4.51,1450691.0,588.0,475.0
SHPC,4/30/2025,574.9,599.0,574.9,585.89,2.77,865121.0,588.0,475.0
SHPC,5/4/2025,590.0,600.0,579.2,582.6,-0.56,1024928.0,588.0,475.0
SHPC,5/5/2025,576.0,592.6,572.0,583.63,0.18,837159.0,588.0,475.0
SHPC,5/6/2025,584.0,617.0,584.0,614.2,5.24,1532482.0,588.0,475.0
SHPC,5/7/2025,602.0,634.0,602.0,630.16,2.6,945954.0,588.0,475.0
SHPC,5/8/2025,622.0,637.9,617.6,620.88,-1.47,1043743.0,588.0,475.0
SHPC,5/11/2025,625.0,627.0,602.0,613.11,-1.25,865520.0,588.0,475.0
SHPC,5/13/2025,625.0,625.0,595.0,599.08,-2.29,778264.0,588.0,475.0
SHPC,5/14/2025,592.0,607.0,570.0,571.16,-4.66,596164.0,588.0,475.0
SHPC,5/15/2025,582.5,604.9,563.1,576.97,1.02,464712.0,588.0,475.0
SHPC,5/18/2025,588.0,588.0,550.0,555.94,-3.64,399126.0,588.0,475.0
SHPC,5/19/2025,559.9,569.9,555.5,563.38,1.34,281420.0,588.0,475.0
SHPC,5/20/2025,557.3,588.8,550.0,581.19,3.16,533461.0,588.0,475.0
SHPC,5/21/2025,592.8,604.0,575.0,578.08,-0.54,558440.0,588.0,475.0
SHPC,5/22/2025,583.0,583.0,557.0,560.59,-3.03,249043.0,588.0,475.0
SHPC,5/25/2025,561.0,565.0,546.0,555.08,-0.98,215005.0,588.0,475.0
SHPC,5/26/2025,566.1,571.0,553.0,557.08,0.36,272267.0,588.0,475.0
SHPC,5/27/2025,555.1,575.0,555.0,564.64,1.36,467389.0,588.0,475.0
SHPC,5/28/2025,566.0,583.8,564.0,568.66,0.71,329617.0,588.0,475.0
SHPC,6/2/2025,579.9,591.0,560.0,563.1,-0.98,245428.0,588.0,475.0
SHPC,6/3/2025,552.0,570.0,551.0,554.14,-1.59,301536.0,588.0,475.0
SHPC,6/4/2025,564.9,564.9,551.1,552.2,-0.35,157030.0,588.0,475.0
SHPC,6/5/2025,563.2,568.4,550.1,564.89,2.3,306279.0,588.0,475.0
SHPC,6/8/2025,553.7,590.6,553.7,585.26,3.61,752551.0,588.0,475.0
SHPC,6/9/2025,588.0,594.0,579.1,588.56,0.56,428625.0,588.0,475.0
SHPC,6/10/2025,599.0,609.0,588.0,591.78,0.55,746018.0,588.0,475.0
SHPC,6/11/2025,593.0,618.0,590.0,614.99,3.92,978512.0,588.0,475.0
SHPC,6/12/2025,624.0,648.0,624.0,635.84,3.39,1180505.0,588.0,475.0
SHPC,6/15/2025,635.0,675.0,635.0,670.62,5.47,1343025.0,588.0,475.0
SHPC,6/16/2025,675.0,684.9,643.0,644.49,-3.9,1435902.0,588.0,475.0
SHPC,6/17/2025,631.7,660.0,631.7,654.27,1.52,1161879.0,588.0,475.0
SHPC,6/18/2025,665.0,670.0,644.9,648.16,-0.93,1091837.0,588.0,475.0
SHPC,6/19/2025,660.0,660.0,627.0,629.41,-2.89,661847.0,588.0,475.0
SHPC,6/22/2025,616.9,634.0,600.0,601.94,-4.36,757968.0,588.0,475.0
SHPC,6/23/2025,604.0,618.0,596.0,612.13,1.69,466879.0,588.0,475.0
SHPC,6/24/2025,620.0,625.4,601.8,602.62,-1.55,292843.0,588.0,475.0
SHPC,6/25/2025,603.0,616.0,599.1,612.65,1.66,332456.0,588.0,475.0
SHPC,6/26/2025,600.4,619.0,600.4,606.45,-1.01,375459.0,588.0,475.0
SHPC,6/29/2025,595.0,613.9,595.0,600.96,-0.91,295930.0,588.0,475.0
SHPC,6/30/2025,589.0,613.9,589.0,604.84,0.65,516956.0,588.0,475.0
SHPC,7/1/2025,616.9,616.9,603.0,610.77,0.98,260026.0,588.0,475.0
SHPC,7/2/2025,615.0,619.0,604.5,605.17,-0.92,388306.0,588.0,475.0
SHPC,7/3/2025,596.0,612.0,596.0,598.17,-1.16,330461.0,588.0,475.0
SHPC,7/6/2025,604.9,604.9,587.0,588.21,-1.67,290802.0,588.0,475.0
SHPC,7/7/2025,580.5,591.0,580.1,581.95,-1.06,228772.0,588.0,475.0
SHPC,7/8/2025,593.5,605.0,575.0,595.6,2.35,247947.0,588.0,475.0
SHPC,7/9/2025,601.5,608.0,598.0,600.35,0.8,230739.0,588.0,475.0
SHPC,7/10/2025,604.0,604.0,589.9,593.14,-1.2,326295.0,588.0,475.0
SHPC,7/13/2025,602.0,605.0,583.0,585.49,-1.29,260273.0,588.0,475.0
SHPC,7/14/2025,583.1,597.0,582.0,587.13,0.28,235022.0,588.0,475.0
SHPC,7/15/2025,587.3,611.0,587.3,609.0,3.72,330871.0,588.0,475.0
SHPC,7/16/2025,610.0,630.5,607.0,626.91,2.94,645601.0,588.0,475.0
SHPC,7/17/2025,628.0,648.1,628.0,643.84,2.7,665475.0,588.0,475.0
SHPC,7/20/2025,645.0,649.0,624.0,626.01,-2.77,759031.0,588.0,475.0
SHPC,7/21/2025,621.0,635.0,616.3,625.46,-0.09,513221.0,588.0,475.0
SHPC,7/22/2025,630.0,640.0,623.1,625.37,-0.01,524859.0,588.0,475.0
SHPC,7/23/2025,633.0,637.8,620.1,631.42,0.97,597088.0,588.0,475.0
SHPC,7/24/2025,631.5,655.0,628.0,648.42,2.69,654851.0,588.0,475.0
SHPC,7/27/2025,635.5,664.9,630.0,636.22,-1.88,1167756.0,588.0,475.0
SHPC,7/28/2025,637.0,642.0,626.0,631.82,-0.69,511120.0,588.0,475.0
SHPC,7/29/2025,638.0,642.0,626.0,627.5,-0.68,302137.0,588.0,475.0
SHPC,7/30/2025,640.0,640.0,612.2,614.8,-2.02,371632.0,588.0,475.0
SHPC,7/31/2025,615.0,621.0,605.0,605.76,-1.47,310695.0,588.0,475.0
SHPC,8/3/2025,607.1,612.0,595.1,597.33,-1.39,279849.0,588.0,475.0
SHPC,8/4/2025,609.2,609.2,593.0,599.29,0.33,244278.0,588.0,475.0
SHPC,8/5/2025,606.0,606.0,590.0,591.27,-1.34,180605.0,588.0,475.0
SHPC,8/6/2025,603.0,603.0,586.0,589.81,-0.25,133681.0,588.0,475.0
SHPC,8/7/2025,586.1,599.8,586.1,590.02,0.04,132510.0,588.0,475.0
SHPC,8/11/2025,592.0,596.1,578.3,579.62,-1.76,192844.0,588.0,475.0
SHPC,8/12/2025,591.2,591.2,569.7,571.19,-1.45,176115.0,588.0,475.0
SHPC,8/13/2025,582.6,582.6,566.0,566.54,-0.81,170179.0,588.0,475.0
SHPC,8/14/2025,566.6,571.8,562.0,567.92,0.24,144565.0,588.0,475.0
SHPC,8/17/2025,570.0,572.5,561.4,562.67,-0.92,98317.0,588.0,475.0
SHPC,8/18/2025,563.1,566.9,560.6,563.07,0.07,75738.0,588.0,475.0
SHPC,8/19/2025,564.0,572.0,564.0,565.01,0.34,68938.0,588.0,475.0
SHPC,8/20/2025,565.0,567.8,560.0,560.14,-0.86,135786.0,588.0,475.0
SHPC,8/21/2025,562.0,563.9,555.1,557.48,-0.47,88507.0,588.0,475.0
SHPC,8/24/2025,562.0,562.0,552.0,553.44,-0.72,73643.0,588.0,475.0
SHPC,8/25/2025,555.6,562.0,547.7,559.17,1.04,89973.0,588.0,475.0
SHPC,8/26/2025,563.8,563.8,556.8,559.08,-0.02,40403.0,588.0,475.0
SHPC,8/27/2025,570.2,581.0,558.8,576.3,3.08,173913.0,588.0,475.0
SHPC,8/28/2025,587.8,587.8,560.0,562.37,-2.42,149728.0,588.0,475.0
SHPC,8/31/2025,562.0,564.0,553.0,555.89,-1.15,65341.0,588.0,475.0
SHPC,9/1/2025,552.1,567.0,549.0,557.53,0.3,108975.0,588.0,475.0
SHPC,9/2/2025,559.0,562.0,552.0,554.16,-0.6,89534.0,588.0,475.0
SHPC,9/3/2025,554.0,557.0,547.0,548.16,-1.08,85357.0,588.0,475.0
SHPC,9/4/2025,548.16,553.0,542.0,546.68,-0.27,82141.0,588.0,475.0
SHPC,9/7/2025,551.0,551.0,540.0,541.1,-1.02,76664.0,588.0,475.0
SHPC,9/8/2025,551.9,551.9,533.0,537.84,-0.6,119782.0,588.0,475.0
SHPC,9/18/2025,527.1,527.5,491.0,500.0,-7.04,21887.0,588.0,475.0
SHPC,9/21/2025,491.1,538.0,491.0,534.13,6.83,146454.0,588.0,475.0
SHPC,9/23/2025,540.0,551.0,534.0,546.0,2.22,78936.0,588.0,475.0
SHPC,9/24/2025,549.9,549.9,527.0,528.9,-3.13,56683.0,588.0,475.0
SHPC,9/25/2025,532.5,537.0,527.5,532.5,0.68,29869.0,588.0,475.0
SHPC,9/28/2025,543.1,543.1,532.3,535.9,0.64,37371.0,588.0,475.0
SHPC,10/7/2025,525.2,525.2,505.0,516.9,-3.55,174167.0,588.0,475.0
SHPC,10/8/2025,517.0,517.0,495.6,500.0,-3.27,161809.0,588.0,475.0
SHPC,10/9/2025,510.0,530.0,500.0,500.0,0.0,129522.0,588.0,475.0
SHPC,10/12/2025,495.0,497.0,482.0,483.5,-3.3,80614.0,588.0,475.0
SHPC,10/13/2025,476.0,505.0,476.0,500.0,3.41,106603.0,588.0,475.0
SHPC,10/14/2025,505.0,515.0,492.0,493.0,-1.4,135337.0,588.0,475.0
SHPC,10/15/2025,485.2,497.9,485.2,490.0,-0.61,38575.0,588.0,475.0
SHPC,10/16/2025,497.0,508.0,485.0,487.0,-0.61,66152.0,588.0,475.0
SHPC,10/19/2025,484.1,495.0,484.1,490.2,0.66,31615.0,588.0,475.0
SHPC,10/26/2025,483.2,489.9,475.0,487.1,-0.63,40110.0,588.0,475.0
SHPC,10/28/2025,490.0,512.0,489.0,510.0,4.7,129697.0,588.0,475.0
SHPC,10/29/2025,515.0,520.0,493.0,504.0,-1.18,75790.0,588.0,475.0
SHPC,10/30/2025,499.0,525.0,498.0,523.0,3.77,131443.0,588.0,475.0
SHPC,11/2/2025,524.5,536.0,520.0,525.0,0.38,146451.0,588.0,475.0
SHPC,11/3/2025,526.3,531.9,518.5,520.8,-0.8,84866.0,588.0,475.0
SHPC,11/4/2025,531.2,531.2,511.1,512.0,-1.69,57298.0,588.0,475.0
SHPC,11/5/2025,511.0,517.0,504.0,512.0,0.0,49389.0,588.0,475.0
SHPC,11/6/2025,515.0,517.0,504.7,504.7,-1.43,60778.0,588.0,475.0
SHPC,11/9/2025,504.1,504.1,495.1,497.1,-1.51,59964.0,588.0,475.0
SHPC,11/10/2025,501.0,501.0,493.0,495.2,-0.38,31992.0,588.0,475.0
SHPC,11/11/2025,499.0,505.0,496.2,503.6,1.7,38809.0,588.0,475.0
SHPC,11/12/2025,506.9,506.9,495.0,498.9,-0.93,75102.0,588.0,475.0
SHPC,11/13/2025,502.0,502.0,495.0,495.1,-0.76,46162.0,588.0,475.0
SHPC,11/16/2025,500.0,500.0,490.3,492.0,-0.63,62122.0,588.0,475.0
SHPC,11/17/2025,498.5,499.0,493.0,496.9,1.0,24794.0,588.0,475.0
SHPC,11/18/2025,500.0,508.7,497.0,502.0,1.03,100624.0,588.0,475.0
SHPC,11/19/2025,512.0,512.0,498.0,504.9,0.58,60567.0,588.0,475.0
SHPC,11/20/2025,500.0,503.0,498.0,500.9,-0.79,47849.0,588.0,475.0
SHPC,11/23/2025,509.0,516.0,504.0,514.0,2.62,101118.0,588.0,475.0
SHPC,11/24/2025,514.0,527.0,514.0,521.3,1.42,147305.0,588.0,475.0
SHPC,11/25/2025,510.9,527.0,510.9,523.0,0.33,103224.0,588.0,475.0
SHPC,11/26/2025,513.0,531.0,513.0,529.0,1.15,133659.0,588.0,475.0
SHPC,11/27/2025,518.5,536.0,518.5,533.0,0.76,109833.0,588.0,475.0
SHPC,11/30/2025,522.4,548.2,522.4,533.6,0.11,298689.0,588.0,475.0
SHPC,12/1/2025,523.0,544.0,523.0,538.5,0.92,135456.0,588.0,475.0
SHPC,12/2/2025,527.8,545.0,527.8,541.9,0.63,86611.0,588.0,475.0
SHPC,12/3/2025,544.8,545.0,530.0,530.0,-2.2,137163.0,588.0,475.0
SHPC,12/7/2025,530.1,538.8,527.5,528.0,-0.38,119850.0,588.0,475.0
SHPC,12/8/2025,527.0,536.9,527.0,529.2,0.23,98862.0,588.0,475.0
SHPC,12/9/2025,532.0,533.9,527.0,528.4,-0.15,62018.0,588.0,475.0
SHPC,12/10/2025,530.0,530.5,523.1,523.2,-0.98,56019.0,588.0,475.0
SHPC,12/11/2025,522.1,532.0,521.3,527.0,0.73,68486.0,588.0,475.0
SHPC,12/14/2025,527.0,529.4,520.3,521.0,-1.14,74123.0,588.0,475.0
SHPC,12/15/2025,520.1,527.8,520.1,526.0,0.96,76271.0,588.0,475.0
SHPC,12/16/2025,530.0,530.4,525.3,529.6,0.68,47846.0,588.0,475.0
SHPC,12/17/2025,530.1,536.0,530.1,532.0,0.45,37360.0,588.0,475.0
SHPC,12/18/2025,530.1,532.0,527.0,527.0,-0.94,47201.0,588.0,475.0
SHPC,12/21/2025,522.4,529.9,521.5,523.9,-0.59,49148.0,588.0,475.0
SHPC,12/22/2025,521.7,525.0,517.2,518.8,-0.97,51670.0,588.0,475.0
SHPC,12/23/2025,520.0,520.0,513.0,518.0,-0.15,30358.0,588.0,475.0
SHPC,12/24/2025,520.0,520.0,514.5,515.0,-0.58,65973.0,588.0,475.0
SHPC,12/28/2025,521.1,534.2,520.0,531.1,3.13,75943.0,588.0,475.0
SHPC,12/29/2025,527.0,535.0,526.1,528.9,-0.41,83759.0,588.0,475.0
SHPC,12/31/2025,533.8,537.0,530.0,530.0,0.21,59726.0,588.0,475.0
SHPC,1/1/2026,535.0,536.0,525.0,525.0,-0.94,38453.0,588.0,475.0
SHPC,1/4/2026,525.0,529.3,523.0,523.0,-0.38,29012.0,588.0,475.0
SHPC,1/5/2026,531.0,531.0,522.0,526.0,0.57,71987.0,588.0,475.0
SHPC,1/6/2026,516.0,537.0,516.0,532.0,1.14,76816.0,588.0,475.0
SHPC,1/7/2026,535.0,535.0,528.0,529.0,-0.56,59078.0,588.0,475.0
SHPC,1/8/2026,525.0,530.0,525.0,529.8,0.15,37212.0,588.0,475.0
SHPC,1/12/2026,530.0,532.5,525.1,526.7,-0.59,53250.0,588.0,475.0
SHPC,1/13/2026,531.9,555.0,523.1,552.0,4.8,207894.0,588.0,475.0
SHPC,1/14/2026,554.9,562.3,549.0,551.5,-0.09,236554.0,588.0,475.0
SHPC,1/18/2026,549.0,561.5,549.0,555.0,0.63,167503.0,588.0,475.0
SHPC,1/20/2026,544.0,565.0,544.0,559.0,0.72,202907.0,588.0,475.0
SHPC,1/21/2026,548.0,563.0,548.0,551.0,-1.43,110196.0,588.0,475.0
SHPC,1/22/2026,551.0,554.0,543.0,553.9,0.53,107617.0,588.0,475.0
SHPC,1/25/2026,556.0,560.0,550.0,557.6,0.67,187413.0,588.0,475.0
SHPC,1/26/2026,560.0,564.1,548.0,558.0,0.07,253479.0,588.0,475.0
SHPC,1/27/2026,560.0,564.0,547.0,552.0,-1.08,249853.0,588.0,475.0
SHPC,1/28/2026,555.0,555.0,543.0,546.0,-1.09,74068.0,588.0,475.0
SHPC,1/29/2026,544.0,561.0,544.0,547.6,0.29,164969.0,588.0,475.0
SHPC,2/1/2026,547.6,547.6,537.0,538.1,-1.73,85860.0,588.0,475.0
SHPC,2/2/2026,528.1,545.0,528.1,535.0,-0.58,47330.0,588.0,475.0
SHPC,2/3/2026,537.0,541.8,533.0,535.2,0.04,119885.0,588.0,475.0
SHPC,2/4/2026,524.5,545.0,524.5,534.9,-0.06,89594.0,588.0,475.0
SHPC,2/5/2026,539.8,544.9,531.0,541.6,1.25,81202.0,588.0,475.0
SHPC,2/8/2026,542.3,548.0,535.0,535.5,-1.13,89818.0,588.0,475.0
SHPC,2/9/2026,546.2,546.2,528.0,530.0,-1.03,110179.0,588.0,475.0
SHPC,2/10/2026,531.9,531.9,522.0,522.8,-1.36,73839.0,588.0,475.0
SHPC,2/11/2026,528.0,548.9,520.0,545.0,4.25,254776.0,588.0,475.0
SHPC,2/12/2026,550.0,552.9,542.2,552.9,1.45,190746.0,588.0,475.0
SHPC,2/16/2026,553.0,557.4,542.0,545.0,-1.43,148945.0,588.0,475.0
SHPC,2/17/2026,550.0,550.0,530.1,536.0,-1.65,73710.0,588.0,475.0
SHPC,2/22/2026,531.2,532.1,521.8,530.0,-1.12,92088.0,588.0,475.0
SHPC,2/23/2026,530.0,534.7,524.1,525.1,-0.92,64147.0,588.0,475.0
SHPC,2/24/2026,534.0,539.0,528.2,535.0,1.89,100216.0,588.0,475.0
SHPC,2/25/2026,539.6,540.0,534.0,536.4,0.26,44979.0,588.0,475.0
SHPC,2/26/2026,530.1,544.9,530.1,535.0,-0.26,30145.0,588.0,475.0
SHPC,2/27/2026,530.1,544.9,530.1,535.0,0.0,30145.0,588.0,475.0
SHPC,2/28/2026,530.1,544.9,530.1,535.0,0.0,30145.0,588.0,475.0
SHPC,3/2/2026,545.7,545.7,521.1,533.1,-0.36,63431.0,588.0,475.0
SHPC,3/3/2026,543.7,548.0,534.0,546.0,2.42,81124.0,588.0,475.0
SHPC,3/4/2026,543.7,548.0,534.0,546.0,0.0,81124.0,588.0,475.0
SHPC,3/5/2026,543.7,548.0,534.0,546.0,0.0,81124.0,588.0,475.0
SHPC,3/6/2026,543.7,548.0,534.0,546.0,0.0,81124.0,588.0,475.0
SHPC,3/7/2026,543.7,548.0,534.0,546.0,0.0,81124.0,588.0,475.0
SHPC,3/8/2026,543.7,548.0,534.0,546.0,0.0,81124.0,588.0,475.0
SHPC,3/9/2026,556.9,579.3,556.9,579.0,6.04,4016.0,588.0,475.0
SHPC,3/10/2026,580.0,584.0,551.0,569.0,-1.73,204581.0,588.0,475.0
SHPC,3/11/2026,580.3,580.3,556.0,558.0,-1.93,123074.0,588.0,475.0
SHPC,3/12/2026,555.1,565.0,551.1,558.7,0.13,156723.0,588.0,475.0
SHPC,3/13/2026,555.1,565.0,551.1,558.7,0.0,156723.0,588.0,475.0
SHPC,3/14/2026,555.1,565.0,551.1,558.7,0.0,156723.0,588.0,475.0
SHPC,3/15/2026,555.0,555.8,541.0,552.0,-1.2,221048.0,588.0,475.0
SHPC,3/16/2026,563.0,563.0,540.0,544.9,-1.29,107011.0,588.0,475.0
SHPC,3/17/2026,548.0,549.2,540.6,544.0,-0.17,67357.0,588.0,475.0
SHPC,3/18/2026,548.0,549.2,540.6,544.0,0.0,67357.0,588.0,475.0
SHPC,3/19/2026,533.2,563.9,533.2,557.0,2.39,250240.0,588.0,475.0
SHPC,3/20/2026,533.2,563.9,533.2,557.0,0.0,250240.0,588.0,475.0
SHPC,3/21/2026,533.2,563.9,533.2,557.0,0.0,250240.0,588.0,475.0
SHPC,3/22/2026,568.1,568.1,553.2,560.0,0.54,244282.0,588.0,475.0
SHPC,3/23/2026,556.0,582.0,556.0,578.0,3.21,517691.0,588.0,475.0
SHPC,3/24/2026,581.9,588.0,570.3,575.0,-0.52,217353.0,588.0,475.0
SHPC,3/25/2026,573.0,575.0,563.7,566.0,-1.57,114294.0,588.0,475.0
SHPC,3/26/2026,558.0,570.0,557.0,564.3,1.13,130394.0,588.0,475.0
SHPC,3/29/2026,553.1,567.9,550.0,552.0,-0.2,223435.0,588.0,475.0
SHPC,3/30/2026,547.0,556.9,537.0,541.0,-1.1,187664.0,588.0,475.0
SHPC,3/31/2026,535.0,550.8,533.0,544.0,1.68,95008.0,588.0,475.0
SHPC,4/1/2026,543.0,546.0,530.0,535.0,-1.47,142320.0,588.0,475.0
SHPC,4/2/2026,535.0,538.0,528.0,530.0,-0.93,95460.0,588.0,475.0
SHPC,4/5/2026,522.0,529.0,500.0,503.0,-3.64,174012.0,588.0,475.0
SHPC,4/6/2026,500.0,531.0,495.2,527.0,5.4,130048.0,588.0,475.0
SHPC,4/7/2026,528.0,535.8,515.0,516.2,-2.23,67923.0,588.0,475.0
SHPC,4/8/2026,524.0,530.0,521.0,530.0,1.15,63866.0,588.0,475.0
SHPC,4/9/2026,536.9,538.9,525.1,536.2,-0.13,48699.0,588.0,475.0
SHPC,4/10/2026,535.0,539.0,525.6,530.0,-0.93,47536.0,588.0,475.0
SHPC,4/13/2026,530.0,533.8,523.7,528.9,-0.21,81688.0,588.0,475.0
SHPC,4/15/2026,535.0,542.5,529.0,534.1,-0.17,88471.0,588.0,475.0
SHPC,4/16/2026,532.0,533.0,527.6,529.0,-0.56,47712.0,588.0,475.0
SHPC,4/17/2026,520.1,530.0,520.0,521.1,0.19,81129.0,588.0,475.0
SHPC,4/20/2026,547.1,547.1,520.0,522.0,-4.59,43512.0,588.0,475.0
SHPC,4/21/2026,531.0,531.0,517.7,518.0,-2.45,63633.0,588.0,475.0
SHPC,4/22/2026,518.1,530.0,513.0,521.0,0.56,56554.0,588.0,475.0
SHPC,4/23/2026,525.0,530.0,516.0,520.0,-0.95,37417.0,588.0,475.0
SHPC,4/24/2026,530.0,530.0,515.0,520.0,-1.89,55125.0,588.0,475.0
SHPC,4/27/2026,520.0,529.4,518.0,520.0,0.0,24817.0,588.0,475.0
SHPC,4/28/2026,546.0,546.0,515.0,517.0,-5.31,39318.0,588.0,475.0
SHPC,4/29/2026,517.0,519.0,512.5,515.0,-0.39,12212.0,588.0,475.0
SHPC,4/30/2026,513.0,514.9,506.1,512.3,-0.14,33375.0,588.0,475.0
SHPC,5/4/2026,486.7,519.9,486.7,508.0,4.38,17266.0,588.0,475.0
SHPC,5/5/2026,482.6,514.8,482.6,512.8,6.26,18382.0,588.0,475.0
SHPC,5/6/2026,516.0,516.0,508.1,510.0,-1.16,23400.0,588.0,475.0
SHPC,5/7/2026,515.0,515.0,508.5,514.0,-0.19,27649.0,588.0,475.0
SHPC,5/8/2026,518.0,519.9,514.0,519.9,0.37,20312.0,588.0,475.0
SHPC,5/11/2026,530.0,530.0,520.0,526.9,-0.58,51359.0,588.0,475.0
SHPC,5/12/2026,553.2,553.2,515.1,516.0,-6.72,43771.0,588.0,475.0
SHPC,5/13/2026,521.0,521.0,512.0,517.5,-0.67,27418.0,588.0,475.0
SHPC,5/14/2026,518.0,521.0,515.1,520.0,0.39,44318.0,588.0,475.0
SHPC,5/15/2026,520.0,522.0,516.1,518.0,-0.38,26540.0,588.0,475.0
SHPC,5/18/2026,527.0,527.0,516.0,516.2,-2.05,29875.0,588.0,475.0
SHPC,5/19/2026,527.0,542.0,511.0,516.0,-2.09,65813.0,588.0,475.0
SHPC,5/20/2026,516.0,525.0,516.0,520.2,0.81,46313.0,588.0,475.0
SHPC,5/21/2026,525.0,525.0,515.0,521.0,-0.76,61240.0,588.0,475.0
SHPC,5/22/2026,521.0,528.0,517.0,521.7,0.13,31310.0,588.0,475.0
SHPC,5/25/2026,533.0,533.0,521.0,524.0,-1.69,61857.0,588.0,475.0
SHPC,5/26/2026,524.2,528.9,522.3,525.0,0.15,33398.0,588.0,475.0
SHPC,5/27/2026,514.5,555.0,514.5,528.7,2.76,76745.0,588.0,475.0
SHPC,6/1/2026,521.1,528.0,515.0,517.2,-0.75,40799.0,588.0,475.0
SHPC,6/2/2026,517.6,525.0,517.1,523.0,1.04,29273.0,588.0,475.0
SHPC,6/3/2026,528.8,528.8,518.0,519.4,-1.78,41982.0,588.0,475.0
SHPC,6/4/2026,518.0,524.0,515.7,515.9,-0.41,28370.0,588.0,475.0
SHPC,6/5/2026,524.5,524.5,515.6,516.0,-1.62,27399.0,588.0,475.0
SHPC,6/8/2026,515.6,518.0,513.6,514.0,-0.31,38259.0,588.0,475.0
SHPC,6/9/2026,511.2,515.0,507.3,514.0,0.55,41944.0,588.0,475.0
SHPC,6/10/2026,510.0,520.0,509.0,515.9,1.16,26573.0,588.0,475.0
SHPC,6/11/2026,490.2,526.0,490.2,515.9,5.24,17936.0,588.0,475.0
SHPC,6/12/2026,512.3,514.0,508.1,509.0,-0.64,70004.0,588.0,475.0
SHPC,6/15/2026,534.4,534.4,508.0,509.7,-4.62,23568.0,588.0,475.0
SHPC,6/16/2026,506.0,510.0,505.0,505.5,-0.1,42995.0,588.0,475.0
SHPC,6/17/2026,509.0,509.0,504.0,504.4,-0.9,40534.0,588.0,475.0
SHPC,6/18/2026,505.4,509.0,503.0,503.8,-0.32,26480.0,588.0,475.0
SHPC,6/19/2026,505.1,508.0,503.0,508.0,0.57,34672.0,588.0,475.0
SHPC,6/22/2026,504.0,508.0,503.6,504.5,0.1,7962.0,588.0,475.0
SHPC,6/23/2026,505.0,511.3,501.0,502.0,-0.59,31825.0,588.0,475.0
SHPC,6/24/2026,527.0,527.0,491.0,495.3,-6.02,29751.0,588.0,475.0
SHPC,6/26/2026,506.9,509.8,493.0,495.9,-2.17,24737.0,588.0,475.0
SHPC,6/29/2026,495.0,499.0,489.0,491.2,-0.77,28983.0,588.0,475.0
SHPC,6/30/2026,490.0,503.0,484.2,485.0,-1.02,52274.0,588.0,475.0
SHPC,7/1/2026,486.0,500.0,486.0,496.8,2.22,17449.0,588.0,475.0
SHPC,7/2/2026,502.0,502.9,493.1,495.0,-1.39,16601.0,588.0,475.0
SHPC,7/3/2026,493.0,504.0,493.0,495.0,0.41,26410.0,588.0,475.0
SHPC,7/6/2026,505.0,505.0,493.9,494.1,-2.16,18504.0,588.0,475.0
SHPC,7/7/2026,499.9,499.9,493.6,493.6,-1.26,73448.0,588.0,475.0
SHPC,7/8/2026,492.6,494.0,490.0,492.9,0.06,19830.0,588.0,475.0
SHPC,7/9/2026,491.0,498.0,488.0,489.0,-0.41,35609.0,588.0,475.0
SHPC,7/10/2026,497.0,497.0,485.0,490.0,-1.41,40738.0,588.0,475.0
SHPC,7/13/2026,500.0,500.0,485.0,485.0,-3.0,29983.0,588.0,475.0
SHPC,7/14/2026,482.1,488.0,482.1,484.5,0.5,25857.0,588.0,475.0
SHPC,7/15/2026,495.0,495.0,486.2,489.0,-1.21,21804.0,588.0,475.0
SHPC,7/16/2026,489.0,492.0,488.0,490.0,0.2,44711.0,588.0,475.0
SHPC,7/17/2026,499.0,519.9,492.0,513.0,2.81,55253.0,588.0,475.0
SHPC,7/20/2026,515.0,523.0,508.5,522.9,1.53,30319.0,588.0,475.0
SHPC,7/21/2026,522.0,528.0,515.0,517.0,-0.96,26580.0,588.0,475.0
SHPC,7/22/2026,517.1,519.0,509.5,512.6,-0.87,14476.0,588.0,475.0
SHPC,7/23/2026,538.0,538.0,507.5,515.9,-4.11,42994.0,588.0,475.0
SHPC,7/24/2026,520.0,525.0,512.1,518.6,-0.27,38788.0,588.0,475.0
SHPC,7/27/2026,515.0,521.0,509.0,509.0,-1.17,18199.0,588.0,475.0
SHPC,7/28/2026,512.0,514.0,508.0,511.0,-0.2,12002.0,588.0,475.0
SHPC,7/29/2026,507.0,514.0,505.3,508.0,0.2,9281.0,588.0,475.0
SHPC,7/30/2026,506.0,510.0,502.0,505.0,-0.2,22396.0,588.0,475.0
SHPC,7/31/2026,500.0,506.0,498.1,501.0,0.2,35056.0,588.0,475.0
SHPC,8/3/2026,504.0,508.0,500.3,503.0,-0.2,29198.0,588.0,475.0
SHPC,8/4/2026,502.1,508.0,501.2,502.1,0.0,14913.0,588.0,475.0
SHPC,8/5/2026,500.0,505.0,498.0,502.0,0.4,21976.0,588.0,475.0
SHPC,8/6/2026,501.0,503.0,498.0,499.9,-0.22,12802.0,588.0,475.0
SHPC,8/7/2026,505.0,505.0,496.3,498.5,-1.29,12536.0,588.0,475.0
SHPC,8/10/2026,497.0,499.0,494.0,495.0,-0.4,22792.0,588.0,475.0
SHPC,8/11/2026,495.0,500.0,495.0,498.0,0.61,32659.0,588.0,475.0
SHPC,8/12/2026,498.0,503.9,493.2,494.9,-0.62,10919.0,588.0,475.0
SHPC,8/13/2026,492.0,501.0,492.0,496.0,0.81,25281.0,588.0,475.0
SHPC,8/14/2026,504.9,504.9,494.4,495.1,-1.94,36520.0,588.0,475.0
SHPC,8/17/2026,500.0,500.0,492.1,495.0,-1.0,17984.0,588.0,475.0
SHPC,8/18/2026,492.0,495.0,491.0,492.9,0.18,19002.0,588.0,475.0
SHPC,8/19/2026,517.5,517.5,489.3,494.0,-4.54,49022.0,588.0,475.0
SHPC,8/20/2026,490.1,516.0,489.2,514.0,4.88,156670.0,588.0,475.0
SHPC,8/21/2026,520.0,537.9,509.8,527.2,1.38,348089.0,588.0,475.0
SHPC,8/24/2026,528.0,529.9,514.2,514.2,-2.61,101396.0,588.0,475.0
SHPC,8/25/2026,514.0,522.0,510.7,514.0,0.0,69259.0,588.0,475.0
SHPC,8/26/2026,510.2,516.0,495.0,499.0,-2.2,143012.0,588.0,475.0
SHPC,8/27/2026,490.0,505.0,490.0,502.0,2.45,54573.0,588.0,475.0
SHPC,8/31/2026,498.0,500.0,492.2,495.0,-0.6,50020.0,588.0,475.0
SHPC,9/1/2026,494.5,500.6,489.0,497.9,0.69,85509.0,588.0,475.0
SHPC,9/2/2026,498.0,506.5,498.0,504.9,1.39,58027.0,588.0,475.0
SHPC,9/3/2026,505.0,509.0,501.0,505.2,0.04,68850.0,588.0,475.0
SHPC,9/7/2026,500.2,512.0,500.2,509.8,1.92,63930.0,588.0,475.0
SHPC,9/9/2026,506.0,515.5,506.0,513.0,1.38,78918.0,588.0,475.0
SHPC,9/10/2026,510.0,513.5,506.2,512.3,0.45,75978.0,588.0,475.0
SHPC,9/11/2026,512.3,517.8,510.2,517.7,1.05,58697.0,588.0,475.0
SHPC,9/14/2026,518.0,523.4,516.6,522.0,0.77,76689.0,588.0,475.0
SHPC,9/15/2026,548.0,548.0,520.0,531.0,-3.1,146109.0,588.0,475.0
SHPC,9/16/2026,529.0,531.0,524.0,525.0,-0.76,82648.0,588.0,475.0
SHPC,9/17/2026,530.0,532.8,526.6,531.0,0.19,93545.0,588.0,475.0
SHPC,9/18/2026,528.8,541.0,525.2,536.9,1.53,77423.0,588.0,475.0
SHPC,9/22/2026,563.7,563.7,526.0,538.0,-4.56,125757.0,588.0,475.0
SHPC,9/23/2026,539.0,539.0,528.0,529.9,-1.69,153981.0,588.0,475.0
SHPC,9/24/2026,528.0,535.0,526.6,534.5,1.23,63414.0,588.0,475.0
SHPC,9/28/2026,555.0,555.0,527.2,529.8,-4.54,121574.0,588.0,475.0
SHPC,9/29/2026,532.0,534.0,527.3,0.0,-100.0,44765.0,588.0,475.0
SHPC,9/30/2026,520.0,531.0,507.0,529.6,1.85,254452.0,588.0,475.0
SHPC,10/1/2026,531.0,533.9,525.8,531.0,0.0,40120.0,588.0,475.0
SHPC,10/2/2026,531.9,534.0,528.3,529.0,-0.55,72986.0,588.0,475.0
SICL,12/21/2025,642.0,645.0,630.0,635.0,,4487.0,690.0,508.0
SICL,12/22/2025,635.0,638.0,632.0,637.5,0.39,2234.0,690.0,508.0
SICL,12/23/2025,630.0,640.5,626.0,635.0,-0.39,3252.0,690.0,508.0
SICL,12/24/2025,635.0,640.0,626.0,635.0,0.0,13292.0,690.0,508.0
SICL,12/28/2025,642.0,652.2,637.2,651.9,2.66,20024.0,690.0,508.0
SICL,12/29/2025,626.9,630.0,624.0,626.5,-3.9,12047.0,690.0,508.0
SICL,12/31/2025,630.0,638.0,628.0,630.0,0.56,4902.0,690.0,508.0
SICL,1/1/2026,630.0,634.0,630.0,631.0,0.16,5873.0,690.0,508.0
SICL,1/4/2026,631.0,635.0,623.0,630.2,-0.13,5936.0,690.0,508.0
SICL,1/5/2026,630.2,632.9,624.0,630.0,-0.03,8038.0,690.0,508.0
SICL,1/6/2026,642.0,652.0,631.0,632.0,0.32,2411.0,690.0,508.0
SICL,1/7/2026,641.0,641.0,626.0,626.0,-0.95,13460.0,690.0,508.0
SICL,1/8/2026,635.0,637.8,625.2,632.0,0.96,6353.0,690.0,508.0
SICL,1/12/2026,625.0,635.0,624.0,625.2,-1.08,8058.0,690.0,508.0
SICL,1/13/2026,627.0,627.0,624.5,625.5,0.05,6425.0,690.0,508.0
SICL,1/14/2026,625.0,635.0,622.8,626.1,0.1,2726.0,690.0,508.0
SICL,1/18/2026,628.0,634.2,628.0,630.0,0.62,4231.0,690.0,508.0
SICL,1/20/2026,642.5,645.0,631.2,642.9,2.05,16280.0,690.0,508.0
SICL,1/21/2026,651.0,651.0,638.0,640.0,-0.45,9997.0,690.0,508.0
SICL,1/22/2026,636.0,640.0,633.0,638.6,-0.22,6524.0,690.0,508.0
SICL,1/25/2026,645.0,650.9,635.1,650.0,1.79,16177.0,690.0,508.0
SICL,1/26/2026,650.0,660.0,640.0,650.0,0.0,9970.0,690.0,508.0
SICL,1/27/2026,637.0,660.0,625.0,642.0,-1.23,9442.0,690.0,508.0
SICL,1/28/2026,641.5,642.0,630.1,635.0,-1.09,10304.0,690.0,508.0
SICL,1/29/2026,637.0,649.0,627.1,628.0,-1.1,12133.0,690.0,508.0
SICL,2/1/2026,628.0,639.0,621.0,622.6,-0.86,10863.0,690.0,508.0
SICL,2/2/2026,622.0,630.0,620.0,625.0,0.39,9904.0,690.0,508.0
SICL,2/3/2026,615.0,634.09,612.5,624.0,-0.16,13557.0,690.0,508.0
SICL,2/4/2026,611.6,630.0,611.6,624.0,0.0,6247.0,690.0,508.0
SICL,2/5/2026,629.9,635.0,620.1,633.0,1.44,8657.0,690.0,508.0
SICL,2/8/2026,631.0,636.0,628.0,630.0,-0.47,14418.0,690.0,508.0
SICL,2/9/2026,637.0,637.0,622.5,631.7,0.27,11356.0,690.0,508.0
SICL,2/10/2026,621.0,633.4,621.0,625.0,-1.06,8788.0,690.0,508.0
SICL,2/11/2026,620.1,632.0,620.1,629.0,0.64,4975.0,690.0,508.0
SICL,2/12/2026,622.0,627.5,622.0,624.9,-0.65,8403.0,690.0,508.0
SICL,2/16/2026,635.5,635.5,617.0,620.0,-0.78,15036.0,690.0,508.0
SICL,2/17/2026,630.0,630.0,615.0,618.0,-0.32,13520.0,690.0,508.0
SICL,2/22/2026,617.9,620.0,614.0,615.1,-0.47,8948.0,690.0,508.0
SICL,2/23/2026,615.1,618.0,610.6,611.2,-0.63,12460.0,690.0,508.0
SICL,2/24/2026,612.0,617.9,611.2,616.0,0.79,7932.0,690.0,508.0
SICL,2/25/2026,628.3,642.0,615.2,618.5,0.41,8132.0,690.0,508.0
SICL,2/26/2026,619.0,631.1,619.0,626.0,1.21,6944.0,690.0,508.0
SICL,2/27/2026,619.0,631.1,619.0,626.0,0.0,6944.0,690.0,508.0
SICL,2/28/2026,619.0,631.1,619.0,626.0,0.0,6944.0,690.0,508.0
SICL,3/2/2026,626.1,633.0,625.0,630.0,0.64,12096.0,690.0,508.0
SICL,3/3/2026,639.9,640.0,630.0,639.0,1.43,11303.0,690.0,508.0
SICL,3/4/2026,639.9,640.0,630.0,639.0,0.0,11303.0,690.0,508.0
SICL,3/5/2026,639.9,640.0,630.0,639.0,0.0,11303.0,690.0,508.0
SICL,3/6/2026,639.9,640.0,630.0,639.0,0.0,11303.0,690.0,508.0
SICL,3/7/2026,639.9,640.0,630.0,639.0,0.0,11303.0,690.0,508.0
SICL,3/8/2026,639.9,640.0,630.0,639.0,0.0,11303.0,690.0,508.0
SICL,3/9/2026,649.9,664.7,649.9,664.7,4.02,160.0,690.0,508.0
SICL,3/10/2026,677.9,689.0,650.0,674.0,1.4,44641.0,690.0,508.0
SICL,3/11/2026,674.0,680.0,663.0,664.0,-1.48,16631.0,690.0,508.0
SICL,3/12/2026,664.0,670.0,659.1,665.0,0.15,6858.0,690.0,508.0
SICL,3/13/2026,664.0,670.0,659.1,665.0,0.0,6858.0,690.0,508.0
SICL,3/14/2026,664.0,670.0,659.1,665.0,0.0,6858.0,690.0,508.0
SICL,3/15/2026,667.0,677.0,665.5,674.0,1.35,26255.0,690.0,508.0
SICL,3/16/2026,670.1,679.4,662.0,662.5,-1.71,31523.0,690.0,508.0
SICL,3/17/2026,669.0,669.0,650.1,657.1,-0.82,11400.0,690.0,508.0
SICL,3/18/2026,669.0,669.0,650.1,657.1,0.0,11400.0,690.0,508.0
SICL,3/19/2026,670.2,679.0,658.0,665.0,1.2,19564.0,690.0,508.0
SICL,3/20/2026,670.2,679.0,658.0,665.0,0.0,19564.0,690.0,508.0
SICL,3/21/2026,670.2,679.0,658.0,665.0,0.0,19564.0,690.0,508.0
SICL,3/22/2026,675.0,688.4,666.0,683.0,2.71,32301.0,690.0,508.0
SICL,3/23/2026,675.1,686.0,675.0,683.0,0.0,14644.0,690.0,508.0
SICL,3/24/2026,683.0,690.0,671.1,679.9,-0.45,14832.0,690.0,508.0
SICL,3/25/2026,690.0,690.0,672.0,676.5,-0.5,34759.0,690.0,508.0
SICL,3/26/2026,680.0,680.0,669.0,674.1,-0.87,8607.0,690.0,508.0
SICL,3/29/2026,674.0,684.8,662.0,663.0,-1.63,17639.0,690.0,508.0
SICL,3/30/2026,651.0,663.0,646.0,650.0,-0.15,14454.0,690.0,508.0
SICL,3/31/2026,651.0,660.0,640.0,654.9,0.6,16622.0,690.0,508.0
SICL,4/1/2026,646.0,650.0,636.0,639.0,-1.08,16474.0,690.0,508.0
SICL,4/2/2026,637.0,640.4,630.5,637.0,0.0,8965.0,690.0,508.0
SICL,4/5/2026,635.0,637.0,614.5,623.0,-1.89,26034.0,690.0,508.0
SICL,4/6/2026,623.5,634.0,615.0,634.0,1.68,21847.0,690.0,508.0
SICL,4/7/2026,630.0,638.0,624.0,630.0,0.0,11682.0,690.0,508.0
SICL,4/8/2026,625.0,638.0,625.0,630.1,0.82,7006.0,690.0,508.0
SICL,4/9/2026,628.0,638.0,627.4,632.0,0.64,9606.0,690.0,508.0
SICL,4/10/2026,640.0,640.0,628.2,639.3,-0.11,21600.0,690.0,508.0
SICL,4/13/2026,640.0,640.0,629.0,634.0,-0.94,7746.0,690.0,508.0
SICL,4/15/2026,640.0,640.0,630.0,632.0,-1.25,10352.0,690.0,508.0
SICL,4/16/2026,625.1,637.0,624.0,630.0,0.78,10615.0,690.0,508.0
SICL,4/17/2026,630.0,635.0,625.0,631.0,0.16,4267.0,690.0,508.0
SICL,4/20/2026,662.5,662.5,627.0,629.0,-5.06,4239.0,690.0,508.0
SICL,4/21/2026,645.0,647.8,625.1,626.0,-2.95,3812.0,690.0,508.0
SICL,4/22/2026,657.3,657.3,619.0,625.5,-4.84,6324.0,690.0,508.0
SICL,4/23/2026,625.0,626.9,619.0,624.5,-0.08,3643.0,690.0,508.0
SICL,4/24/2026,630.0,630.0,618.0,622.0,-1.27,8827.0,690.0,508.0
SICL,4/27/2026,653.1,653.1,617.1,620.0,-5.07,2625.0,690.0,508.0
SICL,4/28/2026,620.0,622.0,618.0,618.1,-0.31,7561.0,690.0,508.0
SICL,4/29/2026,618.1,620.1,615.3,616.0,-0.34,6822.0,690.0,508.0
SICL,4/30/2026,616.0,616.0,605.2,614.9,-0.18,13494.0,690.0,508.0
SICL,5/4/2026,614.9,615.0,605.0,608.5,-1.04,4158.0,690.0,508.0
SICL,5/5/2026,604.0,615.0,604.0,610.5,1.08,6541.0,690.0,508.0
SICL,5/6/2026,615.0,615.0,608.1,612.0,-0.49,6525.0,690.0,508.0
SICL,5/7/2026,612.0,612.0,608.2,609.1,-0.47,5675.0,690.0,508.0
SICL,5/8/2026,620.0,620.0,610.0,611.2,-1.42,2437.0,690.0,508.0
SICL,5/11/2026,615.0,619.9,610.0,615.0,0.0,8455.0,690.0,508.0
SICL,5/12/2026,625.5,625.5,608.0,615.0,-1.68,6148.0,690.0,508.0
SICL,5/13/2026,614.0,616.0,608.0,616.0,0.33,2096.0,690.0,508.0
SICL,5/14/2026,625.0,633.3,610.0,612.0,-2.08,7598.0,690.0,508.0
SICL,5/15/2026,622.9,622.9,609.0,615.0,-1.27,3255.0,690.0,508.0
SICL,5/18/2026,611.0,614.8,603.1,614.8,0.62,7962.0,690.0,508.0
SICL,5/19/2026,614.8,617.0,606.0,614.2,-0.1,3002.0,690.0,508.0
SICL,5/20/2026,611.0,616.0,610.2,615.5,0.74,4972.0,690.0,508.0
SICL,5/21/2026,607.0,616.9,607.0,616.7,1.6,6678.0,690.0,508.0
SICL,5/22/2026,620.0,621.0,608.1,617.8,-0.35,4399.0,690.0,508.0
SICL,5/25/2026,624.0,624.0,613.0,622.0,-0.32,8941.0,690.0,508.0
SICL,5/26/2026,622.0,622.0,611.59,615.1,-1.11,7896.0,690.0,508.0
SICL,5/27/2026,609.1,624.9,609.1,619.9,1.77,5296.0,690.0,508.0
SICL,6/1/2026,635.0,641.0,623.1,635.5,0.08,11535.0,690.0,508.0
SICL,6/2/2026,639.9,643.8,620.1,639.5,-0.06,9219.0,690.0,508.0
SICL,6/3/2026,639.5,668.0,638.0,657.6,2.83,31583.0,690.0,508.0
SICL,6/4/2026,675.0,675.0,648.0,648.0,-4.0,13489.0,690.0,508.0
SICL,6/5/2026,645.1,660.0,644.0,656.6,1.78,38555.0,690.0,508.0
SICL,6/8/2026,652.2,654.0,645.0,645.1,-1.09,11468.0,690.0,508.0
SICL,6/9/2026,658.0,658.9,635.1,637.5,-3.12,7945.0,690.0,508.0
SICL,6/10/2026,637.5,644.0,635.6,640.0,0.39,2762.0,690.0,508.0
SICL,6/11/2026,644.9,644.9,631.0,631.0,-2.16,6682.0,690.0,508.0
SICL,6/12/2026,635.0,635.0,630.0,634.0,-0.16,10386.0,690.0,508.0
SICL,6/15/2026,629.0,636.0,629.0,634.0,0.79,6220.0,690.0,508.0
SICL,6/16/2026,634.0,634.0,627.0,630.0,-0.63,2237.0,690.0,508.0
SICL,6/17/2026,628.0,630.1,628.0,628.4,0.06,6628.0,690.0,508.0
SICL,6/18/2026,625.6,628.0,621.0,624.0,-0.26,7552.0,690.0,508.0
SICL,6/19/2026,624.0,625.0,620.6,624.8,0.13,2256.0,690.0,508.0
SICL,6/22/2026,624.8,631.0,624.1,624.2,-0.1,4751.0,690.0,508.0
SICL,6/23/2026,624.2,624.9,615.0,619.0,-0.83,9427.0,690.0,508.0
SICL,6/24/2026,619.0,620.0,614.0,615.7,-0.53,2823.0,690.0,508.0
SICL,6/26/2026,617.0,624.9,616.0,618.0,0.16,7909.0,690.0,508.0
SICL,6/29/2026,615.0,618.0,613.5,615.1,0.02,5274.0,690.0,508.0
SICL,6/30/2026,612.3,619.0,612.3,612.3,0.0,4351.0,690.0,508.0
SICL,7/1/2026,612.3,624.0,612.3,624.0,1.91,1388.0,690.0,508.0
SICL,7/2/2026,618.0,629.0,611.2,625.9,1.28,2980.0,690.0,508.0
SICL,7/3/2026,630.0,630.0,615.4,623.0,-1.11,5933.0,690.0,508.0
SICL,7/6/2026,618.0,625.0,611.0,620.0,0.32,3416.0,690.0,508.0
SICL,7/7/2026,629.0,629.0,620.0,621.1,-1.26,2246.0,690.0,508.0
SICL,7/8/2026,629.0,629.0,612.0,619.0,-1.59,2716.0,690.0,508.0
SICL,7/9/2026,615.0,626.0,611.0,611.0,-0.65,5014.0,690.0,508.0
SICL,7/10/2026,611.0,615.0,610.0,612.0,0.16,3769.0,690.0,508.0
SICL,7/13/2026,612.0,615.0,608.0,608.0,-0.65,4332.0,690.0,508.0
SICL,7/14/2026,605.0,613.0,605.0,608.6,0.6,3257.0,690.0,508.0
SICL,7/15/2026,608.6,614.7,608.1,610.0,0.23,10214.0,690.0,508.0
SICL,7/16/2026,613.0,615.0,609.0,615.0,0.33,3805.0,690.0,508.0
SICL,7/17/2026,625.0,638.0,623.0,629.0,0.64,6446.0,690.0,508.0
SICL,7/20/2026,620.0,635.0,620.0,634.0,2.26,5785.0,690.0,508.0
SICL,7/21/2026,639.9,639.9,625.0,638.0,-0.3,4345.0,690.0,508.0
SICL,7/22/2026,635.0,635.0,621.0,635.0,0.0,8698.0,690.0,508.0
SICL,7/23/2026,645.8,645.8,623.0,634.0,-1.83,3608.0,690.0,508.0
SICL,7/24/2026,639.8,639.8,629.2,633.7,-0.95,3100.0,690.0,508.0
SICL,7/27/2026,635.0,635.0,618.0,618.0,-2.68,6926.0,690.0,508.0
SICL,7/28/2026,615.0,620.0,605.0,614.0,-0.16,5788.0,690.0,508.0
SICL,7/29/2026,614.0,625.0,609.1,611.1,-0.47,9181.0,690.0,508.0
SICL,7/30/2026,620.0,620.0,610.0,613.0,-1.13,6079.0,690.0,508.0
SICL,7/31/2026,605.5,620.0,605.5,613.0,1.24,2202.0,690.0,508.0
SICL,8/3/2026,620.0,629.9,616.1,617.0,-0.48,11375.0,690.0,508.0
SICL,8/4/2026,617.0,618.0,610.1,611.1,-0.96,5436.0,690.0,508.0
SICL,8/5/2026,611.3,617.7,610.0,617.5,1.01,2144.0,690.0,508.0
SICL,8/6/2026,610.5,618.0,605.8,616.9,1.05,1397.0,690.0,508.0
SICL,8/7/2026,610.1,614.0,609.0,609.1,-0.16,10149.0,690.0,508.0
SICL,8/10/2026,610.0,620.0,610.0,610.2,0.03,4185.0,690.0,508.0
SICL,8/11/2026,610.0,620.0,610.0,611.4,0.23,4788.0,690.0,508.0
SICL,8/12/2026,612.4,618.4,612.2,615.0,0.42,5969.0,690.0,508.0
SICL,8/13/2026,619.0,619.0,607.3,614.0,-0.81,1680.0,690.0,508.0
SICL,8/14/2026,614.0,619.0,610.1,613.0,-0.16,2758.0,690.0,508.0
SICL,8/17/2026,610.1,612.0,608.0,610.4,0.05,7555.0,690.0,508.0
SICL,8/18/2026,610.4,614.0,606.4,608.0,-0.39,3966.0,690.0,508.0
SICL,8/19/2026,605.1,612.0,605.1,609.0,0.64,6906.0,690.0,508.0
SICL,8/20/2026,610.0,612.0,605.0,606.1,-0.64,3507.0,690.0,508.0
SICL,8/21/2026,606.0,610.0,606.0,607.1,0.18,3399.0,690.0,508.0
SICL,8/24/2026,603.0,610.0,603.0,606.0,0.5,6622.0,690.0,508.0
SICL,8/25/2026,603.0,607.0,600.0,600.0,-0.5,10433.0,690.0,508.0
SICL,8/26/2026,598.09,598.09,575.0,582.0,-2.69,29724.0,690.0,508.0
SICL,8/27/2026,567.0,567.0,533.5,559.0,-1.41,27524.0,690.0,508.0
SICL,8/31/2026,545.0,545.5,527.0,527.1,-3.28,14180.0,690.0,508.0
SICL,9/1/2026,527.0,535.0,513.2,528.6,0.3,9009.0,690.0,508.0
SICL,9/2/2026,520.0,523.9,508.0,520.0,0.0,14567.0,690.0,508.0
SICL,9/3/2026,525.0,525.0,516.0,522.6,-0.46,6841.0,690.0,508.0
SICL,9/7/2026,525.0,555.0,525.0,550.0,4.76,23346.0,690.0,508.0
SICL,9/9/2026,534.0,551.0,525.0,550.0,3.0,23009.0,690.0,508.0
SICL,9/10/2026,550.0,550.0,535.0,546.0,-0.73,2356.0,690.0,508.0
SICL,9/11/2026,540.0,552.0,540.0,550.0,1.85,6747.0,690.0,508.0
SICL,9/14/2026,523.0,565.9,523.0,560.0,7.07,9377.0,690.0,508.0
SICL,9/15/2026,580.0,583.0,566.4,580.0,0.0,8832.0,690.0,508.0
SICL,9/16/2026,583.5,583.5,569.0,571.0,-2.14,2881.0,690.0,508.0
SICL,9/17/2026,587.0,588.0,560.0,571.0,-2.73,8316.0,690.0,508.0
SICL,9/18/2026,583.0,583.0,570.1,577.9,-0.87,1035.0,690.0,508.0
SICL,9/22/2026,573.0,580.5,557.0,566.0,-1.22,9422.0,690.0,508.0
SICL,9/23/2026,566.0,567.1,557.0,558.0,-1.41,5471.0,690.0,508.0
SICL,9/24/2026,564.9,564.9,545.0,552.0,-2.28,12307.0,690.0,508.0
SICL,9/28/2026,551.0,558.0,538.0,544.0,-1.27,7233.0,690.0,508.0
SICL,9/29/2026,544.0,549.0,537.2,0.0,-100.0,2932.0,690.0,508.0
SICL,9/30/2026,548.0,560.0,541.0,541.0,-1.28,4150.0,690.0,508.0
SICL,10/1/2026,540.0,550.0,540.0,540.1,0.02,3164.0,690.0,508.0
SICL,10/2/2026,537.1,548.8,537.1,538.0,0.17,6838.0,690.0,508.0
SIFC,10/17/2011,242.0,238.0,233.0,237.0,,1337.0,687.4,450.0
SIFC,12/13/2011,200.0,201.0,201.0,201.0,-15.19,142.0,687.4,450.0
SIFC,12/29/2011,201.0,197.0,197.0,197.0,-1.99,34.0,687.4,450.0
SIFC,1/1/2012,197.0,194.0,191.0,191.0,-3.05,105.0,687.4,450.0
SIFC,1/2/2012,191.0,188.0,182.0,182.0,-4.71,130.0,687.4,450.0
SIFC,1/3/2012,182.0,179.0,173.0,173.0,-4.95,239.0,687.4,450.0
SIFC,1/4/2012,173.0,173.0,173.0,173.0,0.0,293.0,687.4,450.0
SIFC,1/5/2012,173.0,176.0,176.0,176.0,1.73,57.0,687.4,450.0
SIFC,1/8/2012,176.0,179.0,179.0,179.0,1.7,44.0,687.4,450.0
SIFC,1/9/2012,179.0,176.0,167.0,170.0,-5.03,491.0,687.4,450.0
SIFC,1/11/2012,170.0,167.0,167.0,167.0,-1.76,60.0,687.4,450.0
SIFC,1/12/2012,167.0,170.0,170.0,170.0,1.8,200.0,687.4,450.0
SIFC,1/16/2012,170.0,170.0,170.0,170.0,0.0,186.0,687.4,450.0
SIFC,1/17/2012,170.0,170.0,170.0,170.0,0.0,403.0,687.4,450.0
SIFC,1/23/2012,170.0,170.0,170.0,170.0,0.0,39.0,687.4,450.0
SIFC,1/25/2012,170.0,170.0,170.0,170.0,0.0,140.0,687.4,450.0
SIFC,1/26/2012,170.0,170.0,167.0,170.0,0.0,125.0,687.4,450.0
SIFC,1/31/2012,170.0,171.0,170.0,170.0,0.0,71.0,687.4,450.0
SIFC,2/1/2012,170.0,170.0,167.0,170.0,0.0,149.0,687.4,450.0
SIFC,2/13/2012,170.0,170.0,170.0,170.0,0.0,34.0,687.4,450.0
SIFC,2/14/2012,170.0,171.0,167.0,167.0,-1.76,847.0,687.4,450.0
SIFC,2/15/2012,167.0,168.0,168.0,168.0,0.6,160.0,687.4,450.0
SIFC,2/23/2012,168.0,165.0,165.0,165.0,-1.79,17.0,687.4,450.0
SIFC,2/26/2012,165.0,162.0,162.0,162.0,-1.82,70.0,687.4,450.0
SIFC,2/27/2012,162.0,168.0,165.0,168.0,3.7,120.0,687.4,450.0
SIFC,3/4/2012,168.0,168.0,165.0,165.0,-1.79,342.0,687.4,450.0
SIFC,3/12/2012,165.0,168.0,168.0,168.0,1.82,413.0,687.4,450.0
SIFC,3/13/2012,168.0,170.0,170.0,170.0,1.19,400.0,687.4,450.0
SIFC,3/14/2012,170.0,170.0,170.0,170.0,0.0,27.0,687.4,450.0
SIFC,3/18/2012,170.0,168.0,168.0,168.0,-1.18,80.0,687.4,450.0
SIFC,3/19/2012,168.0,169.0,167.0,167.0,-0.6,161.0,687.4,450.0
SIFC,3/20/2012,167.0,168.0,167.0,168.0,0.6,180.0,687.4,450.0
SIFC,3/21/2012,168.0,168.0,165.0,165.0,-1.79,418.0,687.4,450.0
SIFC,3/25/2012,165.0,171.0,168.0,171.0,3.64,290.0,687.4,450.0
SIFC,3/27/2012,171.0,168.0,168.0,168.0,-1.75,63.0,687.4,450.0
SIFC,3/28/2012,168.0,168.0,166.0,168.0,0.0,536.0,687.4,450.0
SIFC,4/1/2012,168.0,170.0,170.0,170.0,1.19,200.0,687.4,450.0
SIFC,4/2/2012,170.0,168.0,165.0,168.0,-1.18,300.0,687.4,450.0
SIFC,4/3/2012,168.0,168.0,168.0,168.0,0.0,120.0,687.4,450.0
SIFC,4/4/2012,168.0,169.0,168.0,168.0,0.0,754.0,687.4,450.0
SIFC,4/10/2012,168.0,168.0,168.0,168.0,0.0,40.0,687.4,450.0
SIFC,4/19/2012,168.0,171.0,171.0,171.0,1.79,1132.0,687.4,450.0
SIFC,4/24/2012,171.0,174.0,174.0,174.0,1.75,1735.0,687.4,450.0
SIFC,4/26/2012,174.0,183.0,177.0,183.0,5.17,1988.0,687.4,450.0
SIFC,5/2/2012,183.0,183.0,183.0,183.0,0.0,53.0,687.4,450.0
SIFC,5/10/2012,183.0,189.0,186.0,189.0,3.28,22.0,687.4,450.0
SIFC,5/13/2012,189.0,186.0,186.0,186.0,-1.59,80.0,687.4,450.0
SIFC,5/20/2012,186.0,189.0,189.0,189.0,1.61,40.0,687.4,450.0
SIFC,6/3/2012,189.0,190.0,190.0,190.0,0.53,24.0,687.4,450.0
SIFC,6/5/2012,190.0,190.0,190.0,190.0,0.0,100.0,687.4,450.0
SIFC,6/7/2012,190.0,196.0,193.0,196.0,3.16,320.0,687.4,450.0
SIFC,6/10/2012,196.0,194.0,193.0,194.0,-1.02,145.0,687.4,450.0
SIFC,6/11/2012,194.0,200.0,197.0,200.0,3.09,379.0,687.4,450.0
SIFC,6/12/2012,200.0,208.0,200.0,208.0,4.0,304.0,687.4,450.0
SIFC,6/13/2012,208.0,204.0,204.0,204.0,-1.92,66.0,687.4,450.0
SIFC,6/17/2012,204.0,200.0,200.0,200.0,-1.96,420.0,687.4,450.0
SIFC,6/18/2012,200.0,196.0,196.0,196.0,-2.0,100.0,687.4,450.0
SIFC,6/19/2012,196.0,196.0,196.0,196.0,0.0,10.0,687.4,450.0
SIFC,6/20/2012,196.0,199.0,199.0,199.0,1.53,10.0,687.4,450.0
SIFC,6/26/2012,199.0,202.0,202.0,202.0,1.51,19.0,687.4,450.0
SIFC,6/27/2012,202.0,206.0,202.0,206.0,1.98,175.0,687.4,450.0
SIFC,7/2/2012,206.0,206.0,202.0,202.0,-1.94,114.0,687.4,450.0
SIFC,7/8/2012,202.0,198.0,198.0,198.0,-1.98,80.0,687.4,450.0
SIFC,7/9/2012,198.0,195.0,195.0,195.0,-1.52,80.0,687.4,450.0
SIFC,7/10/2012,195.0,195.0,195.0,195.0,0.0,80.0,687.4,450.0
SIFC,7/17/2012,195.0,192.0,177.0,177.0,-9.23,400.0,687.4,450.0
SIFC,7/30/2012,177.0,180.0,180.0,180.0,1.69,30.0,687.4,450.0
SIFC,8/5/2012,180.0,181.0,181.0,181.0,0.56,40.0,687.4,450.0
SIFC,8/27/2012,181.0,178.0,175.0,175.0,-3.31,290.0,687.4,450.0
SIFC,9/10/2012,175.0,178.0,178.0,178.0,1.71,34.0,687.4,450.0
SIFC,9/20/2012,178.0,181.0,181.0,181.0,1.69,240.0,687.4,450.0
SIFC,9/24/2012,181.0,181.0,181.0,181.0,0.0,80.0,687.4,450.0
SIFC,9/26/2012,181.0,180.0,180.0,180.0,-0.55,100.0,687.4,450.0
SIFC,9/30/2012,180.0,183.0,183.0,183.0,1.67,4000.0,687.4,450.0
SIFC,10/1/2012,183.0,198.0,186.0,198.0,8.2,1553.0,687.4,450.0
SIFC,10/2/2012,198.0,213.0,201.0,213.0,7.58,40.0,687.4,450.0
SIFC,10/3/2012,213.0,217.0,209.0,217.0,1.88,120.0,687.4,450.0
SIFC,10/11/2012,217.0,221.0,221.0,221.0,1.84,10.0,687.4,450.0
SIFC,10/15/2012,221.0,225.0,225.0,225.0,1.81,192.0,687.4,450.0
SIFC,12/13/2012,225.0,225.0,225.0,225.0,0.0,790.0,687.4,450.0
SIFC,12/17/2012,225.0,221.0,221.0,221.0,-1.78,14.0,687.4,450.0
SIFC,12/18/2012,221.0,225.0,225.0,225.0,1.81,46.0,687.4,450.0
SIFC,12/19/2012,225.0,225.0,225.0,225.0,0.0,183.0,687.4,450.0
SIFC,1/2/2013,225.0,221.0,221.0,221.0,-1.78,40.0,687.4,450.0
SIFC,1/7/2013,221.0,217.0,217.0,217.0,-1.81,100.0,687.4,450.0
SIFC,1/31/2013,217.0,213.0,210.0,210.0,-3.23,108.0,687.4,450.0
SIFC,2/10/2013,210.0,206.0,206.0,206.0,-1.9,40.0,687.4,450.0
SIFC,2/20/2013,206.0,206.0,202.0,202.0,-1.94,300.0,687.4,450.0
SIFC,3/27/2013,202.0,198.0,198.0,198.0,-1.98,40.0,687.4,450.0
SIFC,3/28/2013,198.0,195.0,192.0,192.0,-3.03,80.0,687.4,450.0
SIFC,4/11/2013,192.0,192.0,192.0,192.0,0.0,504.0,687.4,450.0
SIFC,4/16/2013,192.0,189.0,186.0,186.0,-3.12,600.0,687.4,450.0
SIFC,4/18/2013,186.0,186.0,185.0,185.0,-0.54,506.0,687.4,450.0
SIFC,4/22/2013,185.0,182.0,182.0,182.0,-1.62,11.0,687.4,450.0
SIFC,4/30/2013,182.0,179.0,179.0,179.0,-1.65,40.0,687.4,450.0
SIFC,5/2/2013,179.0,182.0,182.0,182.0,1.68,40.0,687.4,450.0
SIFC,5/12/2013,182.0,179.0,179.0,179.0,-1.65,25.0,687.4,450.0
SIFC,5/21/2013,179.0,176.0,176.0,176.0,-1.68,80.0,687.4,450.0
SIFC,5/22/2013,176.0,173.0,173.0,173.0,-1.7,160.0,687.4,450.0
SIFC,5/26/2013,173.0,171.0,171.0,171.0,-1.16,36.0,687.4,450.0
SIFC,5/27/2013,171.0,168.0,168.0,168.0,-1.75,120.0,687.4,450.0
SIFC,5/28/2013,168.0,165.0,165.0,165.0,-1.79,160.0,687.4,450.0
SIFC,6/9/2013,165.0,165.0,162.0,162.0,-1.82,280.0,687.4,450.0
SIFC,6/27/2013,162.0,171.0,165.0,171.0,5.56,120.0,687.4,450.0
SIFC,7/1/2013,171.0,177.0,174.0,177.0,3.51,612.0,687.4,450.0
SIFC,7/2/2013,177.0,177.0,177.0,177.0,0.0,160.0,687.4,450.0
SIFC,7/3/2013,177.0,180.0,180.0,180.0,1.69,40.0,687.4,450.0
SIFC,7/4/2013,180.0,183.0,183.0,183.0,1.67,40.0,687.4,450.0
SIFC,7/7/2013,183.0,201.0,186.0,201.0,9.84,482.0,687.4,450.0
SIFC,7/8/2013,201.0,221.0,205.0,221.0,9.95,6134.0,687.4,450.0
SIFC,7/9/2013,221.0,243.0,225.0,243.0,9.95,835.0,687.4,450.0
SIFC,7/10/2013,243.0,256.0,247.0,256.0,5.35,59.0,687.4,450.0
SIFC,7/11/2013,256.0,281.0,261.0,281.0,9.77,4913.0,687.4,450.0
SIFC,7/14/2013,281.0,286.0,276.0,281.0,0.0,525.0,687.4,450.0
SIFC,7/15/2013,281.0,286.0,280.0,284.0,1.07,1263.0,687.4,450.0
SIFC,7/16/2013,284.0,285.0,279.0,279.0,-1.76,3450.0,687.4,450.0
SIFC,7/17/2013,279.0,279.0,279.0,279.0,0.0,40.0,687.4,450.0
SIFC,7/18/2013,279.0,280.0,275.0,275.0,-1.43,813.0,687.4,450.0
SIFC,7/21/2013,275.0,290.0,280.0,285.0,3.64,928.0,687.4,450.0
SIFC,7/22/2013,285.0,285.0,280.0,280.0,-1.75,259.0,687.4,450.0
SIFC,7/23/2013,280.0,280.0,275.0,280.0,0.0,185.0,687.4,450.0
SIFC,7/24/2013,280.0,290.0,285.0,290.0,3.57,894.0,687.4,450.0
SIFC,7/25/2013,290.0,285.0,280.0,280.0,-3.45,1000.0,687.4,450.0
SIFC,7/28/2013,280.0,290.0,285.0,290.0,3.57,579.0,687.4,450.0
SIFC,7/29/2013,290.0,290.0,285.0,290.0,0.0,537.0,687.4,450.0
SIFC,7/30/2013,290.0,290.0,289.0,289.0,-0.34,1617.0,687.4,450.0
SIFC,7/31/2013,289.0,290.0,285.0,290.0,0.35,351.0,687.4,450.0
SIFC,8/1/2013,290.0,300.0,291.0,291.0,0.34,351.0,687.4,450.0
SIFC,8/4/2013,291.0,296.0,296.0,296.0,1.72,454.0,687.4,450.0
SIFC,8/5/2013,296.0,300.0,300.0,300.0,1.35,40.0,687.4,450.0
SIFC,8/7/2013,300.0,294.0,275.0,275.0,-8.33,392.0,687.4,450.0
SIFC,8/13/2013,275.0,275.0,270.0,275.0,0.0,296.0,687.4,450.0
SIFC,8/14/2013,275.0,276.0,275.0,275.0,0.0,2518.0,687.4,450.0
SIFC,8/15/2013,275.0,285.0,280.0,285.0,3.64,140.0,687.4,450.0
SIFC,8/18/2013,285.0,285.0,276.0,276.0,-3.16,641.0,687.4,450.0
SIFC,8/20/2013,276.0,271.0,271.0,271.0,-1.81,36.0,687.4,450.0
SIFC,8/25/2013,271.0,281.0,276.0,281.0,3.69,3896.0,687.4,450.0
SIFC,8/26/2013,281.0,286.0,285.0,285.0,1.42,2740.0,687.4,450.0
SIFC,8/27/2013,285.0,290.0,290.0,290.0,1.75,240.0,687.4,450.0
SIFC,9/1/2013,290.0,285.0,285.0,285.0,-1.72,80.0,687.4,450.0
SIFC,9/2/2013,285.0,290.0,290.0,290.0,1.75,36.0,687.4,450.0
SIFC,9/3/2013,290.0,285.0,285.0,285.0,-1.72,125.0,687.4,450.0
SIFC,9/4/2013,285.0,280.0,280.0,280.0,-1.75,500.0,687.4,450.0
SIFC,9/9/2013,280.0,275.0,275.0,275.0,-1.79,80.0,687.4,450.0
SIFC,9/11/2013,275.0,271.0,265.0,265.0,-3.64,296.0,687.4,450.0
SIFC,9/15/2013,265.0,260.0,255.0,255.0,-3.77,46.0,687.4,450.0
SIFC,9/16/2013,255.0,265.0,260.0,265.0,3.92,5579.0,687.4,450.0
SIFC,9/17/2013,265.0,275.0,270.0,275.0,3.77,6101.0,687.4,450.0
SIFC,9/19/2013,275.0,280.0,275.0,275.0,0.0,186.0,687.4,450.0
SIFC,9/30/2013,275.0,288.0,288.0,288.0,4.73,10.0,687.4,450.0
SIFC,10/7/2013,288.0,289.0,289.0,289.0,0.35,38.0,687.4,450.0
SIFC,10/8/2013,289.0,284.0,284.0,284.0,-1.73,48.0,687.4,450.0
SIFC,10/17/2013,284.0,298.0,298.0,298.0,4.93,10.0,687.4,450.0
SIFC,10/29/2013,298.0,293.0,293.0,293.0,-1.68,70.0,687.4,450.0
SIFC,10/30/2013,293.0,288.0,288.0,288.0,-1.71,80.0,687.4,450.0
SIFC,11/6/2013,288.0,285.0,280.0,285.0,-1.04,390.0,687.4,450.0
SIFC,11/10/2013,285.0,295.0,285.0,295.0,3.51,258.0,687.4,450.0
SIFC,11/12/2013,295.0,295.0,295.0,295.0,0.0,80.0,687.4,450.0
SIFC,11/13/2013,295.0,312.0,300.0,312.0,5.76,615.0,687.4,450.0
SIFC,11/14/2013,312.0,312.0,308.0,308.0,-1.28,7238.0,687.4,450.0
SIFC,12/5/2013,280.0,285.0,285.0,285.0,-7.47,20.0,687.4,450.0
SIFC,12/9/2013,285.0,295.0,290.0,295.0,3.51,20.0,687.4,450.0
SIFC,12/10/2013,295.0,330.0,300.0,330.0,11.86,100.0,687.4,450.0
SIFC,12/11/2013,318.0,324.0,324.0,324.0,-1.82,68.0,687.4,450.0
SIFC,12/12/2013,324.0,336.0,330.0,336.0,3.7,839.0,687.4,450.0
SIFC,12/16/2013,336.0,342.0,342.0,342.0,1.79,10.0,687.4,450.0
SIFC,12/18/2013,342.0,348.0,348.0,348.0,1.75,188.0,687.4,450.0
SIFC,12/19/2013,348.0,361.0,354.0,361.0,3.74,1515.0,687.4,450.0
SIFC,12/22/2013,361.0,397.0,368.0,397.0,9.97,5028.0,687.4,450.0
SIFC,12/23/2013,397.0,436.0,404.0,436.0,9.82,7372.0,687.4,450.0
SIFC,12/24/2013,436.0,470.0,444.0,465.0,6.65,2400.0,687.4,450.0
SIFC,12/26/2013,465.0,456.0,450.0,450.0,-3.23,1200.0,687.4,450.0
SIFC,12/29/2013,450.0,450.0,441.0,449.0,-0.22,1070.0,687.4,450.0
SIFC,12/31/2013,449.0,441.0,435.0,435.0,-3.12,468.0,687.4,450.0
SIFC,1/1/2014,435.0,427.0,419.0,419.0,-3.68,320.0,687.4,450.0
SIFC,1/5/2014,419.0,425.0,420.0,420.0,0.24,840.0,687.4,450.0
SIFC,1/6/2014,420.0,415.0,415.0,415.0,-1.19,420.0,687.4,450.0
SIFC,1/7/2014,415.0,413.0,400.0,413.0,-0.48,11100.0,687.4,450.0
SIFC,1/8/2014,413.0,425.0,421.0,425.0,2.91,2022.0,687.4,450.0
SIFC,1/9/2014,425.0,425.0,425.0,425.0,0.0,1000.0,687.4,450.0
SIFC,1/12/2014,425.0,433.0,425.0,433.0,1.88,1500.0,687.4,450.0
SIFC,1/13/2014,433.0,425.0,425.0,425.0,-1.85,40.0,687.4,450.0
SIFC,1/14/2014,425.0,426.0,426.0,426.0,0.24,38.0,687.4,450.0
SIFC,1/23/2014,426.0,420.0,420.0,420.0,-1.41,160.0,687.4,450.0
SIFC,1/26/2014,420.0,445.0,428.0,440.0,4.76,3456.0,687.4,450.0
SIFC,1/27/2014,440.0,465.0,440.0,465.0,5.68,351.0,687.4,450.0
SIFC,1/28/2014,465.0,470.0,470.0,470.0,1.08,1000.0,687.4,450.0
SIFC,1/29/2014,470.0,480.0,472.0,479.0,1.91,2152.0,687.4,450.0
SIFC,2/2/2014,479.0,488.0,475.0,475.0,-0.84,6420.0,687.4,450.0
SIFC,2/6/2014,475.0,474.0,470.0,470.0,-1.05,307.0,687.4,450.0
SIFC,2/11/2014,470.0,487.0,469.0,487.0,3.62,2044.0,687.4,450.0
SIFC,2/13/2014,487.0,478.0,478.0,478.0,-1.85,20.0,687.4,450.0
SIFC,2/17/2014,478.0,496.0,469.0,496.0,3.77,378.0,687.4,450.0
SIFC,2/20/2014,496.0,499.0,499.0,499.0,0.6,50.0,687.4,450.0
SIFC,2/26/2014,499.0,508.0,498.0,498.0,-0.2,384.0,687.4,450.0
SIFC,3/3/2014,498.0,498.0,498.0,498.0,0.0,308.0,687.4,450.0
SIFC,3/23/2014,498.0,489.0,489.0,489.0,-1.81,191.0,687.4,450.0
SIFC,3/24/2014,489.0,480.0,480.0,480.0,-1.84,1335.0,687.4,450.0
SIFC,3/25/2014,480.0,471.0,432.0,432.0,-10.0,773.0,687.4,450.0
SIFC,3/26/2014,432.0,469.0,435.0,442.0,2.31,700.0,687.4,450.0
SIFC,3/27/2014,442.0,435.0,419.0,419.0,-5.2,132.0,687.4,450.0
SIFC,3/31/2014,419.0,426.0,418.0,426.0,1.67,369.0,687.4,450.0
SIFC,4/1/2014,426.0,425.0,418.0,418.0,-1.88,317.0,687.4,450.0
SIFC,4/2/2014,418.0,426.0,421.0,421.0,0.72,325.0,687.4,450.0
SIFC,4/3/2014,421.0,437.0,428.0,437.0,3.8,320.0,687.4,450.0
SIFC,4/6/2014,437.0,465.0,445.0,465.0,6.41,195.0,687.4,450.0
SIFC,4/7/2014,465.0,465.0,456.0,465.0,0.0,369.0,687.4,450.0
SIFC,4/9/2014,465.0,465.0,465.0,465.0,0.0,253.0,687.4,450.0
SIFC,4/10/2014,465.0,460.0,460.0,460.0,-1.08,1080.0,687.4,450.0
SIFC,4/16/2014,460.0,452.0,451.0,451.0,-1.96,264.0,687.4,450.0
SIFC,4/17/2014,451.0,445.0,445.0,445.0,-1.33,517.0,687.4,450.0
SIFC,4/21/2014,445.0,445.0,445.0,445.0,0.0,88.0,687.4,450.0
SIFC,4/22/2014,445.0,437.0,421.0,437.0,-1.8,4870.0,687.4,450.0
SIFC,4/23/2014,437.0,445.0,445.0,445.0,1.83,92.0,687.4,450.0
SIFC,4/28/2014,445.0,489.0,453.0,489.0,9.89,891.0,687.4,450.0
SIFC,4/29/2014,489.0,490.0,490.0,490.0,0.2,15.0,687.4,450.0
SIFC,5/11/2014,490.0,481.0,441.0,442.0,-9.8,8501.0,687.4,450.0
SIFC,5/12/2014,442.0,434.0,434.0,434.0,-1.81,35.0,687.4,450.0
SIFC,5/13/2014,434.0,430.0,430.0,430.0,-0.92,29.0,687.4,450.0
SIFC,5/20/2014,430.0,438.0,438.0,438.0,1.86,140.0,687.4,450.0
SIFC,5/25/2014,438.0,463.0,446.0,446.0,1.83,982.0,687.4,450.0
SIFC,5/26/2014,446.0,454.0,454.0,454.0,1.79,100.0,687.4,450.0
SIFC,5/27/2014,454.0,455.0,455.0,455.0,0.22,134.0,687.4,450.0
SIFC,6/1/2014,455.0,455.0,455.0,455.0,0.0,100.0,687.4,450.0
SIFC,6/2/2014,455.0,465.0,450.0,465.0,2.2,616.0,687.4,450.0
SIFC,6/3/2014,465.0,465.0,465.0,465.0,0.0,30.0,687.4,450.0
SIFC,6/5/2014,465.0,459.0,445.0,459.0,-1.29,4239.0,687.4,450.0
SIFC,6/9/2014,459.0,460.0,451.0,451.0,-1.74,585.0,687.4,450.0
SIFC,6/10/2014,451.0,450.0,450.0,450.0,-0.22,5695.0,687.4,450.0
SIFC,6/11/2014,450.0,464.0,443.0,450.0,0.0,20098.0,687.4,450.0
SIFC,6/12/2014,450.0,475.0,459.0,475.0,5.56,1800.0,687.4,450.0
SIFC,5/31/2015,424.0,416.0,416.0,416.0,-12.42,10.0,687.4,450.0
SIFC,6/2/2015,416.0,408.0,408.0,408.0,-1.92,10.0,687.4,450.0
SIFC,6/8/2015,408.0,400.0,386.0,386.0,-5.39,271.0,687.4,450.0
SIFC,6/9/2015,386.0,408.0,379.0,379.0,-1.81,5320.0,687.4,450.0
SIFC,6/10/2015,379.0,386.0,373.0,374.0,-1.32,3562.0,687.4,450.0
SIFC,6/11/2015,374.0,370.0,365.0,365.0,-2.41,1800.0,687.4,450.0
SIFC,6/16/2015,365.0,365.0,365.0,365.0,0.0,49.0,687.4,450.0
SIFC,6/18/2015,365.0,362.0,346.0,346.0,-5.21,495.0,687.4,450.0
SIFC,6/21/2015,346.0,340.0,340.0,340.0,-1.73,183.0,687.4,450.0
SIFC,6/22/2015,340.0,350.0,344.0,344.0,1.18,1335.0,687.4,450.0
SIFC,6/23/2015,344.0,338.0,338.0,338.0,-1.74,197.0,687.4,450.0
SIFC,6/25/2015,338.0,338.0,338.0,338.0,0.0,360.0,687.4,450.0
SIFC,6/29/2015,338.0,344.0,338.0,344.0,1.78,781.0,687.4,450.0
SIFC,6/30/2015,344.0,350.0,350.0,350.0,1.74,10.0,687.4,450.0
SIFC,7/12/2015,350.0,343.0,325.0,325.0,-7.14,270.0,687.4,450.0
SIFC,7/13/2015,325.0,320.0,320.0,320.0,-1.54,98.0,687.4,450.0
SIFC,7/14/2015,320.0,327.0,320.0,321.0,0.31,966.0,687.4,450.0
SIFC,7/15/2015,321.0,327.0,327.0,327.0,1.87,10.0,687.4,450.0
SIFC,7/23/2015,327.0,321.0,321.0,321.0,-1.83,59.0,687.4,450.0
SIFC,7/27/2015,321.0,333.0,327.0,327.0,1.87,537.0,687.4,450.0
SIFC,7/28/2015,327.0,339.0,333.0,339.0,3.67,266.0,687.4,450.0
SIFC,7/29/2015,339.0,372.0,344.0,372.0,9.73,255.0,687.4,450.0
SIFC,7/30/2015,372.0,390.0,369.0,369.0,-0.81,402.0,687.4,450.0
SIFC,8/4/2015,369.0,376.0,376.0,376.0,1.9,10.0,687.4,450.0
SIFC,8/5/2015,376.0,369.0,369.0,369.0,-1.86,49.0,687.4,450.0
SIFC,8/6/2015,369.0,383.0,376.0,383.0,3.79,22.0,687.4,450.0
SIFC,8/9/2015,383.0,383.0,379.0,379.0,-1.04,5120.0,687.4,450.0
SIFC,8/10/2015,379.0,372.0,345.0,345.0,-8.97,889.0,687.4,450.0
SIFC,8/11/2015,345.0,364.0,350.0,364.0,5.51,314.0,687.4,450.0
SIFC,8/12/2015,364.0,357.0,335.0,346.0,-4.95,651.0,687.4,450.0
SIFC,8/13/2015,346.0,340.0,334.0,340.0,-1.73,1235.0,687.4,450.0
SIFC,8/17/2015,340.0,340.0,340.0,340.0,0.0,82.0,687.4,450.0
SIFC,8/18/2015,340.0,345.0,340.0,345.0,1.47,196.0,687.4,450.0
SIFC,8/19/2015,345.0,358.0,351.0,351.0,1.74,755.0,687.4,450.0
SIFC,8/20/2015,351.0,346.0,345.0,345.0,-1.71,1055.0,687.4,450.0
SIFC,8/23/2015,345.0,351.0,351.0,351.0,1.74,49.0,687.4,450.0
SIFC,8/24/2015,351.0,358.0,351.0,358.0,1.99,481.0,687.4,450.0
SIFC,8/25/2015,358.0,352.0,351.0,351.0,-1.96,696.0,687.4,450.0
SIFC,8/31/2015,351.0,350.0,350.0,350.0,-0.28,81.0,687.4,450.0
SIFC,9/1/2015,350.0,363.0,356.0,360.0,2.86,543.0,687.4,450.0
SIFC,9/2/2015,360.0,367.0,360.0,367.0,1.94,425.0,687.4,450.0
SIFC,9/3/2015,367.0,360.0,360.0,360.0,-1.91,197.0,687.4,450.0
SIFC,9/8/2015,360.0,353.0,353.0,353.0,-1.94,197.0,687.4,450.0
SIFC,9/10/2015,353.0,355.0,350.0,355.0,0.57,2837.0,687.4,450.0
SIFC,9/13/2015,355.0,355.0,350.0,350.0,-1.41,2302.0,687.4,450.0
SIFC,9/14/2015,350.0,346.0,345.0,346.0,-1.14,2100.0,687.4,450.0
SIFC,9/17/2015,346.0,345.0,345.0,345.0,-0.29,50.0,687.4,450.0
SIFC,9/22/2015,345.0,351.0,341.0,345.0,0.0,718.0,687.4,450.0
SIFC,9/23/2015,309.0,309.0,309.0,309.0,-10.43,74.0,687.4,450.0
SIFC,10/1/2015,309.0,315.0,305.0,315.0,1.94,455.0,687.4,450.0
SIFC,10/4/2015,315.0,333.0,321.0,333.0,5.71,1539.0,687.4,450.0
SIFC,10/14/2015,333.0,333.0,333.0,333.0,0.0,591.0,687.4,450.0
SIFC,11/15/2015,333.0,339.0,333.0,339.0,1.8,88.0,687.4,450.0
SIFC,11/18/2015,339.0,333.0,327.0,330.0,-2.65,374.0,687.4,450.0
SIFC,11/19/2015,330.0,330.0,330.0,330.0,0.0,29.0,687.4,450.0
SIFC,11/22/2015,330.0,324.0,324.0,324.0,-1.82,300.0,687.4,450.0
SIFC,11/25/2015,324.0,328.0,325.0,325.0,0.31,350.0,687.4,450.0
SIFC,12/1/2015,325.0,319.0,319.0,319.0,-1.85,13.0,687.4,450.0
SIFC,12/8/2015,319.0,313.0,310.0,310.0,-2.82,98.0,687.4,450.0
SIFC,12/13/2015,310.0,311.0,311.0,311.0,0.32,158.0,687.4,450.0
SIFC,4/25/2017,309.0,339.0,315.0,339.0,9.0,70.0,687.4,450.0
SIFC,4/26/2017,339.0,372.0,345.0,372.0,9.73,8500.0,687.4,450.0
SIFC,4/27/2017,372.0,409.0,376.0,377.0,1.34,9201.0,687.4,450.0
SIFC,4/30/2017,377.0,382.0,366.0,366.0,-2.92,1652.0,687.4,450.0
SIFC,5/2/2017,366.0,359.0,359.0,359.0,-1.91,110.0,687.4,450.0
SIFC,5/3/2017,359.0,366.0,359.0,366.0,1.95,1277.0,687.4,450.0
SIFC,5/4/2017,366.0,373.0,357.0,357.0,-2.46,2994.0,687.4,450.0
SIFC,5/8/2017,357.0,352.0,339.0,339.0,-5.04,557.0,687.4,450.0
SIFC,5/9/2017,339.0,346.0,340.0,340.0,0.29,768.0,687.4,450.0
SIFC,5/11/2017,340.0,348.0,346.0,348.0,2.35,66.0,687.4,450.0
SIFC,5/16/2017,348.0,354.0,354.0,354.0,1.72,80.0,687.4,450.0
SIFC,5/17/2017,354.0,348.0,342.0,342.0,-3.39,118.0,687.4,450.0
SIFC,5/18/2017,342.0,336.0,336.0,336.0,-1.75,2980.0,687.4,450.0
SIFC,5/21/2017,336.0,340.0,340.0,340.0,1.19,1879.0,687.4,450.0
SIFC,5/22/2017,340.0,334.0,334.0,334.0,-1.76,200.0,687.4,450.0
SIFC,5/23/2017,334.0,367.0,340.0,360.0,7.78,1759.0,687.4,450.0
SIFC,5/24/2017,360.0,360.0,342.0,342.0,-5.0,6304.0,687.4,450.0
SIFC,5/28/2017,342.0,355.0,347.0,354.0,3.51,3010.0,687.4,450.0
SIFC,5/31/2017,354.0,354.0,354.0,354.0,0.0,349.0,687.4,450.0
SIFC,6/1/2017,354.0,355.0,336.0,336.0,-5.08,3150.0,687.4,450.0
SIFC,6/5/2017,336.0,341.0,335.0,338.0,0.6,4637.0,687.4,450.0
SIFC,6/6/2017,338.0,344.0,338.0,338.0,0.0,3493.0,687.4,450.0
SIFC,6/7/2017,338.0,360.0,341.0,360.0,6.51,333.0,687.4,450.0
SIFC,6/8/2017,360.0,353.0,346.0,350.0,-2.78,4737.0,687.4,450.0
SIFC,6/11/2017,350.0,349.0,343.0,349.0,-0.29,906.0,687.4,450.0
SIFC,6/12/2017,349.0,343.0,340.0,340.0,-2.58,2976.0,687.4,450.0
SIFC,6/13/2017,340.0,345.0,334.0,344.0,1.18,3632.0,687.4,450.0
SIFC,6/14/2017,344.0,344.0,338.0,344.0,0.0,3092.0,687.4,450.0
SIFC,6/15/2017,344.0,357.0,350.0,354.0,2.91,3194.0,687.4,450.0
SIFC,6/18/2017,354.0,350.0,347.0,350.0,-1.13,510.0,687.4,450.0
SIFC,6/19/2017,350.0,356.0,344.0,344.0,-1.71,769.0,687.4,450.0
SIFC,6/20/2017,344.0,350.0,343.0,349.0,1.45,647.0,687.4,450.0
SIFC,6/21/2017,349.0,352.0,350.0,352.0,0.86,155.0,687.4,450.0
SIFC,6/22/2017,352.0,359.0,359.0,359.0,1.99,200.0,687.4,450.0
SIFC,6/25/2017,359.0,386.0,360.0,380.0,5.85,13867.0,687.4,450.0
SIFC,6/27/2017,380.0,380.0,364.0,374.0,-1.58,3614.0,687.4,450.0
SIFC,6/28/2017,374.0,374.0,367.0,374.0,0.0,676.0,687.4,450.0
SIFC,7/2/2017,374.0,377.0,374.0,377.0,0.8,600.0,687.4,450.0
SIFC,7/3/2017,377.0,382.0,373.0,373.0,-1.06,3250.0,687.4,450.0
SIFC,7/4/2017,373.0,380.0,379.0,379.0,1.61,1440.0,687.4,450.0
SIFC,7/5/2017,379.0,375.0,368.0,375.0,-1.06,2668.0,687.4,450.0
SIFC,7/6/2017,375.0,389.0,370.0,389.0,3.73,2649.0,687.4,450.0
SIFC,7/9/2017,389.0,411.0,374.0,392.0,0.77,12950.0,687.4,450.0
SIFC,7/10/2017,392.0,388.0,380.0,381.0,-2.81,3523.0,687.4,450.0
SIFC,7/11/2017,381.0,388.0,375.0,388.0,1.84,1329.0,687.4,450.0
SIFC,7/12/2017,388.0,400.0,391.0,391.0,0.77,3038.0,687.4,450.0
SIFC,7/13/2017,391.0,398.0,383.0,383.0,-2.05,5018.0,687.4,450.0
SIFC,7/16/2017,383.0,390.0,382.0,382.0,-0.26,2365.0,687.4,450.0
SIFC,7/17/2017,382.0,391.0,389.0,391.0,2.36,153.0,687.4,450.0
SIFC,7/18/2017,391.0,399.0,392.0,392.0,0.26,7899.0,687.4,450.0
SIFC,7/19/2017,392.0,400.0,390.0,390.0,-0.51,5459.0,687.4,450.0
SIFC,7/20/2017,390.0,400.0,394.0,398.0,2.05,2119.0,687.4,450.0
SIFC,7/23/2017,398.0,400.0,392.0,395.0,-0.75,5798.0,687.4,450.0
SIFC,7/24/2017,395.0,400.0,392.0,394.0,-0.25,13819.0,687.4,450.0
SIFC,7/25/2017,394.0,405.0,398.0,405.0,2.79,5023.0,687.4,450.0
SIFC,7/26/2017,405.0,430.0,405.0,430.0,6.17,7671.0,687.4,450.0
SIFC,7/27/2017,430.0,424.0,420.0,424.0,-1.4,3230.0,687.4,450.0
SIFC,7/30/2017,424.0,427.0,417.0,424.0,0.0,2802.0,687.4,450.0
SIFC,7/31/2017,424.0,466.0,430.0,466.0,9.91,32854.0,687.4,450.0
SIFC,8/1/2017,466.0,490.0,461.0,470.0,0.86,11545.0,687.4,450.0
SIFC,8/2/2017,470.0,467.0,459.0,462.0,-1.7,8120.0,687.4,450.0
SIFC,8/3/2017,462.0,487.0,470.0,472.0,2.16,10120.0,687.4,450.0
SIFC,8/6/2017,472.0,519.0,481.0,499.0,5.72,20268.0,687.4,450.0
SIFC,8/7/2017,499.0,508.0,491.0,498.0,-0.2,3078.0,687.4,450.0
SIFC,8/9/2017,498.0,495.0,491.0,495.0,-0.6,2379.0,687.4,450.0
SIFC,8/10/2017,495.0,495.0,476.0,476.0,-3.84,1410.0,687.4,450.0
SIFC,8/13/2017,476.0,482.0,480.0,480.0,0.84,1500.0,687.4,450.0
SIFC,8/15/2017,480.0,479.0,470.0,479.0,-0.21,726.0,687.4,450.0
SIFC,8/16/2017,479.0,472.0,470.0,471.0,-1.67,7439.0,687.4,450.0
SIFC,8/17/2017,471.0,473.0,463.0,473.0,0.42,3702.0,687.4,450.0
SIFC,8/20/2017,473.0,471.0,468.0,471.0,-0.42,113.0,687.4,450.0
SIFC,8/21/2017,471.0,464.0,464.0,464.0,-1.49,69.0,687.4,450.0
SIFC,8/22/2017,464.0,473.0,455.0,466.0,0.43,310.0,687.4,450.0
SIFC,8/23/2017,466.0,486.0,470.0,470.0,0.86,1350.0,687.4,450.0
SIFC,8/24/2017,470.0,486.0,471.0,486.0,3.4,4001.0,687.4,450.0
SIFC,8/27/2017,486.0,499.0,490.0,496.0,2.06,551.0,687.4,450.0
SIFC,8/28/2017,496.0,499.0,483.0,490.0,-1.21,1861.0,687.4,450.0
SIFC,8/30/2017,490.0,486.0,481.0,484.0,-1.22,1876.0,687.4,450.0
SIFC,8/31/2017,484.0,493.0,478.0,478.0,-1.24,2124.0,687.4,450.0
SIFC,9/4/2017,478.0,470.0,461.0,461.0,-3.56,730.0,687.4,450.0
SIFC,9/6/2017,461.0,488.0,470.0,475.0,3.04,1920.0,687.4,450.0
SIFC,9/7/2017,475.0,484.0,470.0,470.0,-1.05,680.0,687.4,450.0
SIFC,9/10/2017,470.0,470.0,463.0,464.0,-1.28,550.0,687.4,450.0
SIFC,9/11/2017,464.0,472.0,472.0,472.0,1.72,320.0,687.4,450.0
SIFC,9/12/2017,472.0,465.0,463.0,463.0,-1.91,1130.0,687.4,450.0
SIFC,9/13/2017,463.0,463.0,455.0,455.0,-1.73,2896.0,687.4,450.0
SIFC,9/14/2017,455.0,470.0,464.0,470.0,3.3,488.0,687.4,450.0
SIFC,9/17/2017,470.0,472.0,463.0,463.0,-1.49,1724.0,687.4,450.0
SIFC,9/18/2017,463.0,472.0,472.0,472.0,1.94,50.0,687.4,450.0
SIFC,9/20/2017,472.0,464.0,457.0,457.0,-3.18,1590.0,687.4,450.0
SIFC,9/24/2017,457.0,466.0,460.0,460.0,0.66,178.0,687.4,450.0
SIFC,9/25/2017,460.0,465.0,460.0,465.0,1.09,476.0,687.4,450.0
SIFC,9/26/2017,465.0,474.0,470.0,474.0,1.94,99.0,687.4,450.0
SIFC,10/9/2017,474.0,470.0,456.0,456.0,-3.8,999.0,687.4,450.0
SIFC,10/10/2017,456.0,460.0,420.0,460.0,0.88,27362.0,687.4,450.0
SIFC,10/11/2017,460.0,460.0,447.0,448.0,-2.61,1066.0,687.4,450.0
SIFC,10/12/2017,448.0,450.0,435.0,435.0,-2.9,6683.0,687.4,450.0
SIFC,10/15/2017,435.0,443.0,440.0,440.0,1.15,1010.0,687.4,450.0
SIFC,10/16/2017,440.0,440.0,432.0,440.0,0.0,5801.0,687.4,450.0
SIFC,10/17/2017,440.0,440.0,432.0,440.0,0.0,4250.0,687.4,450.0
SIFC,10/18/2017,440.0,448.0,432.0,448.0,1.82,595.0,687.4,450.0
SIFC,10/22/2017,448.0,460.0,440.0,460.0,2.68,4108.0,687.4,450.0
SIFC,10/23/2017,460.0,468.0,468.0,468.0,1.74,10.0,687.4,450.0
SIFC,10/24/2017,468.0,470.0,467.0,470.0,0.43,574.0,687.4,450.0
SIFC,10/25/2017,470.0,466.0,456.0,456.0,-2.98,536.0,687.4,450.0
SIFC,10/31/2017,456.0,447.0,447.0,447.0,-1.97,500.0,687.4,450.0
SIFC,11/1/2017,447.0,441.0,440.0,440.0,-1.57,500.0,687.4,450.0
SIFC,11/2/2017,440.0,432.0,429.0,429.0,-2.5,587.0,687.4,450.0
SIFC,11/6/2017,429.0,435.0,428.0,428.0,-0.23,564.0,687.4,450.0
SIFC,11/7/2017,428.0,430.0,430.0,430.0,0.47,614.0,687.4,450.0
SIFC,11/8/2017,430.0,428.0,420.0,425.0,-1.16,352.0,687.4,450.0
SIFC,11/9/2017,425.0,425.0,415.0,415.0,-2.35,840.0,687.4,450.0
SIFC,11/12/2017,415.0,431.0,423.0,431.0,3.86,20.0,687.4,450.0
SIFC,11/13/2017,431.0,423.0,423.0,423.0,-1.86,500.0,687.4,450.0
SIFC,11/14/2017,423.0,439.0,431.0,431.0,1.89,66.0,687.4,450.0
SIFC,11/15/2017,431.0,445.0,439.0,445.0,3.25,230.0,687.4,450.0
SIFC,11/16/2017,445.0,444.0,444.0,444.0,-0.22,20.0,687.4,450.0
SIFC,11/20/2017,444.0,436.0,426.0,426.0,-4.05,3500.0,687.4,450.0
SIFC,11/22/2017,426.0,430.0,419.0,430.0,0.94,2267.0,687.4,450.0
SIFC,11/23/2017,430.0,454.0,438.0,454.0,5.58,360.0,687.4,450.0
SIFC,11/26/2017,454.0,450.0,440.0,445.0,-1.98,2537.0,687.4,450.0
SIFC,11/27/2017,445.0,449.0,440.0,449.0,0.9,2452.0,687.4,450.0
SIFC,11/28/2017,449.0,457.0,448.0,448.0,-0.22,430.0,687.4,450.0
SIFC,11/29/2017,448.0,456.0,441.0,441.0,-1.56,2079.0,687.4,450.0
SIFC,11/30/2017,441.0,449.0,448.0,449.0,1.81,267.0,687.4,450.0
SIFC,12/4/2017,449.0,455.0,441.0,441.0,-1.78,485.0,687.4,450.0
SIFC,12/5/2017,441.0,450.0,442.0,449.0,1.81,559.0,687.4,450.0
SIFC,12/6/2017,449.0,457.0,440.0,440.0,-2.0,2988.0,687.4,450.0
SIFC,12/10/2017,440.0,435.0,434.0,434.0,-1.36,120.0,687.4,450.0
SIFC,12/11/2017,434.0,442.0,442.0,442.0,1.84,10.0,687.4,450.0
SIFC,12/13/2017,442.0,434.0,434.0,434.0,-1.81,22317.0,687.4,450.0
SIFC,12/14/2017,434.0,439.0,439.0,439.0,1.15,144.0,687.4,450.0
SIFC,12/17/2017,439.0,444.0,439.0,439.0,0.0,120.0,687.4,450.0
SIFC,12/18/2017,439.0,442.0,435.0,435.0,-0.91,820.0,687.4,450.0
SIFC,12/19/2017,435.0,430.0,422.0,425.0,-2.3,825.0,687.4,450.0
SIFC,12/20/2017,425.0,418.0,410.0,410.0,-3.53,400.0,687.4,450.0
SIFC,12/21/2017,410.0,405.0,400.0,405.0,-1.22,2159.0,687.4,450.0
SIFC,12/24/2017,405.0,429.0,413.0,421.0,3.95,390.0,687.4,450.0
SIFC,12/26/2017,421.0,415.0,402.0,402.0,-4.51,1180.0,687.4,450.0
SIFC,12/27/2017,402.0,396.0,396.0,396.0,-1.49,60.0,687.4,450.0
SIFC,12/28/2017,396.0,392.0,392.0,392.0,-1.01,200.0,687.4,450.0
SIFC,12/31/2017,392.0,390.0,365.0,365.0,-6.89,3785.0,687.4,450.0
SIFC,1/1/2018,365.0,372.0,372.0,372.0,1.92,10.0,687.4,450.0
SIFC,1/2/2018,372.0,399.0,379.0,399.0,7.26,40.0,687.4,450.0
SIFC,1/4/2018,399.0,406.0,398.0,398.0,-0.25,20.0,687.4,450.0
SIFC,1/7/2018,398.0,421.0,397.0,397.0,-0.25,501.0,687.4,450.0
SIFC,1/8/2018,397.0,390.0,374.0,378.0,-4.79,1054.0,687.4,450.0
SIFC,1/9/2018,378.0,410.0,385.0,392.0,3.7,3730.0,687.4,450.0
SIFC,1/10/2018,392.0,395.0,383.0,385.0,-1.79,8987.0,687.4,450.0
SIFC,1/14/2018,256.0,251.0,234.0,240.0,-37.66,2620.0,687.4,450.0
SIFC,1/16/2018,240.0,240.0,233.0,233.0,-2.92,679.0,687.4,450.0
SIFC,1/17/2018,233.0,229.0,229.0,229.0,-1.72,45.0,687.4,450.0
SIFC,1/21/2018,229.0,227.0,226.0,226.0,-1.31,200.0,687.4,450.0
SIFC,1/22/2018,226.0,230.0,222.0,230.0,1.77,507.0,687.4,450.0
SIFC,1/23/2018,230.0,228.0,222.0,228.0,-0.87,162.0,687.4,450.0
SIFC,1/24/2018,228.0,232.0,230.0,232.0,1.75,110.0,687.4,450.0
SIFC,1/25/2018,232.0,240.0,236.0,240.0,3.45,196.0,687.4,450.0
SIFC,1/29/2018,240.0,248.0,244.0,248.0,3.33,237.0,687.4,450.0
SIFC,1/31/2018,248.0,252.0,243.0,243.0,-2.02,50.0,687.4,450.0
SIFC,2/1/2018,243.0,243.0,235.0,243.0,0.0,810.0,687.4,450.0
SIFC,2/4/2018,243.0,247.0,240.0,240.0,-1.23,1492.0,687.4,450.0
SIFC,2/5/2018,240.0,244.0,232.0,232.0,-3.33,1550.0,687.4,450.0
SIFC,2/7/2018,232.0,236.0,230.0,232.0,0.0,814.0,687.4,450.0
SIFC,2/12/2018,232.0,228.0,228.0,228.0,-1.72,50.0,687.4,450.0
SIFC,2/14/2018,228.0,224.0,224.0,224.0,-1.75,150.0,687.4,450.0
SIFC,2/15/2018,224.0,246.0,225.0,246.0,9.82,830.0,687.4,450.0
SIFC,2/18/2018,250.0,255.0,245.0,245.0,-0.41,1210.0,687.4,450.0
SIFC,2/20/2018,249.0,249.0,246.0,246.0,0.41,341.0,687.4,450.0
SIFC,2/21/2018,250.0,250.0,241.0,241.0,-2.03,660.0,687.4,450.0
SIFC,2/26/2018,237.0,237.0,233.0,233.0,-3.32,370.0,687.4,450.0
SIFC,2/28/2018,229.0,229.0,229.0,229.0,-1.72,92.0,687.4,450.0
SIFC,3/4/2018,225.0,225.0,217.0,221.0,-3.49,1171.0,687.4,450.0
SIFC,3/5/2018,224.0,224.0,216.0,224.0,1.36,1541.0,687.4,450.0
SIFC,3/6/2018,223.0,225.0,223.0,225.0,0.45,200.0,687.4,450.0
SIFC,3/7/2018,229.0,233.0,224.0,224.0,-0.44,1251.0,687.4,450.0
SIFC,3/11/2018,227.0,228.0,224.0,228.0,1.79,600.0,687.4,450.0
SIFC,3/12/2018,228.0,228.0,224.0,224.0,-1.75,417.0,687.4,450.0
SIFC,3/13/2018,228.0,244.0,228.0,240.0,7.14,230.0,687.4,450.0
SIFC,3/14/2018,238.0,238.0,231.0,231.0,-3.75,936.0,687.4,450.0
SIFC,3/15/2018,235.0,234.0,234.0,234.0,1.3,10.0,687.4,450.0
SIFC,3/18/2018,230.0,230.0,230.0,230.0,-1.71,50.0,687.4,450.0
SIFC,3/19/2018,226.0,226.0,226.0,226.0,-1.74,71.0,687.4,450.0
SIFC,3/20/2018,222.0,222.0,215.0,215.0,-4.87,410.0,687.4,450.0
SIFC,3/21/2018,217.0,217.0,208.0,212.0,-1.4,1871.0,687.4,450.0
SIFC,3/22/2018,216.0,216.0,208.0,208.0,-1.89,110.0,687.4,450.0
SIFC,3/26/2018,204.0,208.0,200.0,208.0,0.0,543.0,687.4,450.0
SIFC,3/27/2018,204.0,208.0,193.0,208.0,0.0,1634.0,687.4,450.0
SIFC,3/28/2018,204.0,205.0,197.0,205.0,-1.44,829.0,687.4,450.0
SIFC,3/29/2018,209.0,209.0,205.0,209.0,1.95,859.0,687.4,450.0
SIFC,4/1/2018,205.0,205.0,203.0,203.0,-2.87,400.0,687.4,450.0
SIFC,4/2/2018,207.0,211.0,207.0,211.0,3.94,20.0,687.4,450.0
SIFC,4/3/2018,207.0,210.0,206.0,210.0,-0.47,1170.0,687.4,450.0
SIFC,4/4/2018,214.0,220.0,213.0,220.0,4.76,1789.0,687.4,450.0
SIFC,4/5/2018,224.0,235.0,224.0,235.0,6.82,2269.0,687.4,450.0
SIFC,4/8/2018,239.0,239.0,235.0,238.0,1.28,710.0,687.4,450.0
SIFC,4/9/2018,238.0,242.0,238.0,242.0,1.68,100.0,687.4,450.0
SIFC,4/10/2018,243.0,243.0,239.0,239.0,-1.24,85.0,687.4,450.0
SIFC,4/11/2018,235.0,235.0,231.0,234.0,-2.09,300.0,687.4,450.0
SIFC,4/12/2018,230.0,230.0,227.0,227.0,-2.99,550.0,687.4,450.0
SIFC,4/15/2018,224.0,224.0,224.0,224.0,-1.32,60.0,687.4,450.0
SIFC,4/16/2018,228.0,236.0,228.0,236.0,5.36,30.0,687.4,450.0
SIFC,4/17/2018,240.0,240.0,232.0,232.0,-1.69,610.0,687.4,450.0
SIFC,4/18/2018,234.0,236.0,232.0,232.0,0.0,1070.0,687.4,450.0
SIFC,4/19/2018,236.0,236.0,236.0,236.0,1.72,200.0,687.4,450.0
SIFC,4/22/2018,240.0,252.0,236.0,247.0,4.66,7327.0,687.4,450.0
SIFC,4/23/2018,247.0,247.0,238.0,244.0,-1.21,2110.0,687.4,450.0
SIFC,4/24/2018,248.0,248.0,240.0,242.0,-0.82,320.0,687.4,450.0
SIFC,4/25/2018,244.0,244.0,236.0,236.0,-2.48,200.0,687.4,450.0
SIFC,4/26/2018,233.0,233.0,225.0,225.0,-4.66,600.0,687.4,450.0
SIFC,4/29/2018,225.0,236.0,225.0,236.0,4.89,3190.0,687.4,450.0
SIFC,5/2/2018,240.0,249.0,224.0,225.0,-4.66,2801.0,687.4,450.0
SIFC,5/3/2018,229.0,241.0,229.0,231.0,2.67,5059.0,687.4,450.0
SIFC,5/6/2018,235.0,249.0,235.0,240.0,3.9,7315.0,687.4,450.0
SIFC,5/7/2018,238.0,242.0,236.0,237.0,-1.25,6680.0,687.4,450.0
SIFC,5/8/2018,241.0,241.0,235.0,239.0,0.84,2396.0,687.4,450.0
SIFC,5/9/2018,237.0,237.0,237.0,237.0,-0.84,995.0,687.4,450.0
SIFC,5/10/2018,241.0,241.0,234.0,234.0,-1.27,780.0,687.4,450.0
SIFC,5/14/2018,232.0,232.0,232.0,232.0,-0.85,139.0,687.4,450.0
SIFC,5/15/2018,236.0,236.0,236.0,236.0,1.72,50.0,687.4,450.0
SIFC,5/16/2018,232.0,232.0,227.0,227.0,-3.81,2268.0,687.4,450.0
SIFC,5/17/2018,225.0,226.0,224.0,226.0,-0.44,2329.0,687.4,450.0
SIFC,5/20/2018,225.0,226.0,220.0,220.0,-2.65,9301.0,687.4,450.0
SIFC,5/21/2018,220.0,220.0,220.0,220.0,0.0,807.0,687.4,450.0
SIFC,5/22/2018,224.0,226.0,220.0,226.0,2.73,9805.0,687.4,450.0
SIFC,5/23/2018,227.0,227.0,225.0,225.0,-0.44,151.0,687.4,450.0
SIFC,5/24/2018,225.0,225.0,221.0,221.0,-1.78,401.0,687.4,450.0
SIFC,5/27/2018,222.0,222.0,219.0,219.0,-0.9,800.0,687.4,450.0
SIFC,5/28/2018,223.0,224.0,220.0,224.0,2.28,1000.0,687.4,450.0
SIFC,5/29/2018,227.0,228.0,222.0,224.0,0.0,2300.0,687.4,450.0
SIFC,5/30/2018,228.0,228.0,228.0,228.0,1.79,45.0,687.4,450.0
SIFC,5/31/2018,225.0,226.0,224.0,226.0,-0.88,515.0,687.4,450.0
SIFC,6/3/2018,222.0,222.0,218.0,222.0,-1.77,1700.0,687.4,450.0
SIFC,6/4/2018,219.0,219.0,218.0,218.0,-1.8,800.0,687.4,450.0
SIFC,6/6/2018,222.0,226.0,222.0,222.0,1.83,530.0,687.4,450.0
SIFC,6/10/2018,225.0,225.0,224.0,225.0,1.35,122.0,687.4,450.0
SIFC,6/11/2018,229.0,229.0,217.0,217.0,-3.56,2790.0,687.4,450.0
SIFC,6/12/2018,221.0,221.0,213.0,219.0,0.92,5952.0,687.4,450.0
SIFC,6/13/2018,223.0,223.0,217.0,217.0,-0.91,322.0,687.4,450.0
SIFC,6/14/2018,218.0,220.0,218.0,218.0,0.46,1976.0,687.4,450.0
SIFC,6/17/2018,221.0,222.0,212.0,212.0,-2.75,10029.0,687.4,450.0
SIFC,6/18/2018,168.0,166.0,163.0,163.0,-23.11,680.0,687.4,450.0
SIFC,6/19/2018,165.0,165.0,163.0,163.0,0.0,528.0,687.4,450.0
SIFC,6/21/2018,161.0,161.0,160.0,160.0,-1.84,135.0,687.4,450.0
SIFC,6/25/2018,160.0,160.0,158.0,158.0,-1.25,430.0,687.4,450.0
SIFC,6/26/2018,155.0,155.0,152.0,152.0,-3.8,738.0,687.4,450.0
SIFC,6/27/2018,155.0,155.0,151.0,151.0,-0.66,392.0,687.4,450.0
SIFC,6/28/2018,153.0,154.0,151.0,151.0,0.0,2951.0,687.4,450.0
SIFC,7/1/2018,149.0,150.0,147.0,147.0,-2.65,5500.0,687.4,450.0
SIFC,7/2/2018,146.0,147.0,145.0,147.0,0.0,4520.0,687.4,450.0
SIFC,7/4/2018,146.0,146.0,145.0,145.0,-1.36,500.0,687.4,450.0
SIFC,7/5/2018,147.0,149.0,147.0,149.0,2.76,1270.0,687.4,450.0
SIFC,7/8/2018,151.0,151.0,148.0,148.0,-0.67,3757.0,687.4,450.0
SIFC,7/9/2018,150.0,150.0,150.0,150.0,1.35,101.0,687.4,450.0
SIFC,7/11/2018,153.0,153.0,150.0,150.0,0.0,1550.0,687.4,450.0
SIFC,7/12/2018,153.0,153.0,146.0,146.0,-2.67,1564.0,687.4,450.0
SIFC,7/15/2018,145.0,147.0,144.0,147.0,0.68,1201.0,687.4,450.0
SIFC,7/16/2018,149.0,149.0,149.0,149.0,1.36,10.0,687.4,450.0
SIFC,7/17/2018,151.0,151.0,151.0,151.0,1.34,10.0,687.4,450.0
SIFC,7/18/2018,154.0,154.0,151.0,151.0,0.0,200.0,687.4,450.0
SIFC,7/19/2018,148.0,150.0,148.0,150.0,-0.66,620.0,687.4,450.0
SIFC,7/22/2018,148.0,153.0,148.0,152.0,1.33,491.0,687.4,450.0
SIFC,7/24/2018,155.0,155.0,153.0,153.0,0.66,821.0,687.4,450.0
SIFC,7/25/2018,153.0,153.0,150.0,150.0,-1.96,1751.0,687.4,450.0
SIFC,7/26/2018,149.0,150.0,148.0,148.0,-1.33,357.0,687.4,450.0
SIFC,7/29/2018,150.0,150.0,148.0,148.0,0.0,200.0,687.4,450.0
SIFC,7/30/2018,150.0,150.0,150.0,150.0,1.35,50.0,687.4,450.0
SIFC,7/31/2018,150.0,150.0,150.0,150.0,0.0,1000.0,687.4,450.0
SIFC,8/2/2018,148.0,148.0,147.0,147.0,-2.0,915.0,687.4,450.0
SIFC,8/6/2018,149.0,149.0,149.0,149.0,1.36,200.0,687.4,450.0
SIFC,8/7/2018,147.0,147.0,143.0,143.0,-4.03,352.0,687.4,450.0
SIFC,8/8/2018,143.0,149.0,143.0,145.0,1.4,2641.0,687.4,450.0
SIFC,8/9/2018,147.0,149.0,147.0,149.0,2.76,1795.0,687.4,450.0
SIFC,8/12/2018,151.0,151.0,147.0,147.0,-1.34,2360.0,687.4,450.0
SIFC,8/13/2018,148.0,148.0,146.0,146.0,-0.68,29.0,687.4,450.0
SIFC,8/14/2018,148.0,150.0,148.0,150.0,2.74,2100.0,687.4,450.0
SIFC,8/15/2018,150.0,150.0,149.0,150.0,0.0,1000.0,687.4,450.0
SIFC,8/16/2018,147.0,151.0,145.0,151.0,0.67,575.0,687.4,450.0
SIFC,8/20/2018,148.0,148.0,146.0,146.0,-3.31,700.0,687.4,450.0
SIFC,8/21/2018,144.0,147.0,144.0,145.0,-0.68,2683.0,687.4,450.0
SIFC,8/22/2018,146.0,147.0,146.0,147.0,1.38,540.0,687.4,450.0
SIFC,8/23/2018,145.0,145.0,145.0,145.0,-1.36,500.0,687.4,450.0
SIFC,8/28/2018,143.0,146.0,143.0,146.0,0.69,2500.0,687.4,450.0
SIFC,8/29/2018,144.0,144.0,142.0,144.0,-1.37,3836.0,687.4,450.0
SIFC,8/30/2018,144.0,145.0,143.0,143.0,-0.69,1310.0,687.4,450.0
SIFC,9/2/2018,143.0,144.0,141.0,144.0,0.7,1872.0,687.4,450.0
SIFC,9/3/2018,145.0,147.0,144.0,145.0,0.69,3976.0,687.4,450.0
SIFC,9/4/2018,145.0,147.0,145.0,147.0,1.38,3900.0,687.4,450.0
SIFC,9/5/2018,149.0,154.0,148.0,154.0,4.76,2234.0,687.4,450.0
SIFC,9/6/2018,151.0,151.0,148.0,148.0,-3.9,101.0,687.4,450.0
SIFC,9/10/2018,148.0,148.0,148.0,148.0,0.0,10.0,687.4,450.0
SIFC,9/11/2018,148.0,149.0,144.0,148.0,0.0,2850.0,687.4,450.0
SIFC,9/12/2018,148.0,148.0,147.0,148.0,0.0,350.0,687.4,450.0
SIFC,9/13/2018,147.0,153.0,147.0,153.0,3.38,4905.0,687.4,450.0
SIFC,9/16/2018,152.0,152.0,152.0,152.0,-0.65,100.0,687.4,450.0
SIFC,9/18/2018,149.0,149.0,148.0,148.0,-2.63,1780.0,687.4,450.0
SIFC,9/20/2018,150.0,151.0,150.0,150.0,1.35,1250.0,687.4,450.0
SIFC,9/25/2018,153.0,153.0,151.0,150.0,0.0,870.0,687.4,450.0
SIFC,9/26/2018,150.0,150.0,149.0,149.0,-0.67,1217.0,687.4,450.0
SIFC,9/27/2018,149.0,149.0,148.0,148.0,-0.67,683.0,687.4,450.0
SIFC,9/30/2018,147.0,149.0,146.0,149.0,0.68,3216.0,687.4,450.0
SIFC,10/1/2018,148.0,149.0,148.0,148.0,-0.67,2550.0,687.4,450.0
SIFC,10/2/2018,147.0,147.0,147.0,147.0,-0.68,1000.0,687.4,450.0
SIFC,10/3/2018,146.0,146.0,145.0,146.0,-0.68,6434.0,687.4,450.0
SIFC,10/4/2018,146.0,148.0,146.0,147.0,0.68,2862.0,687.4,450.0
SIFC,10/7/2018,145.0,145.0,141.0,142.0,-3.4,3343.0,687.4,450.0
SIFC,10/8/2018,142.0,148.0,142.0,148.0,4.23,1449.0,687.4,450.0
SIFC,10/10/2018,146.0,146.0,144.0,144.0,-2.7,1038.0,687.4,450.0
SIFC,10/11/2018,146.0,148.0,146.0,148.0,2.78,600.0,687.4,450.0
SIFC,10/23/2018,150.0,150.0,150.0,150.0,1.35,10.0,687.4,450.0
SIFC,10/24/2018,153.0,153.0,147.0,147.0,-2.0,210.0,687.4,450.0
SIFC,10/25/2018,145.0,147.0,145.0,147.0,0.0,1200.0,687.4,450.0
SIFC,10/28/2018,146.0,146.0,145.0,145.0,-1.36,700.0,687.4,450.0
SIFC,10/29/2018,143.0,143.0,143.0,143.0,-1.38,10.0,687.4,450.0
SIFC,10/30/2018,145.0,145.0,144.0,144.0,0.7,1450.0,687.4,450.0
SIFC,10/31/2018,143.0,143.0,143.0,143.0,-0.69,4000.0,687.4,450.0
SIFC,11/1/2018,145.0,147.0,143.0,147.0,2.8,6858.0,687.4,450.0
SIFC,11/4/2018,145.0,145.0,143.0,143.0,-2.72,30.0,687.4,450.0
SIFC,11/5/2018,145.0,145.0,145.0,145.0,1.4,200.0,687.4,450.0
SIFC,11/6/2018,145.0,145.0,143.0,145.0,0.0,200.0,687.4,450.0
SIFC,11/12/2018,147.0,147.0,145.0,147.0,1.38,10.0,687.4,450.0
SIFC,11/13/2018,146.0,147.0,144.0,144.0,-2.04,435.0,687.4,450.0
SIFC,11/14/2018,146.0,146.0,142.0,144.0,0.0,1117.0,687.4,450.0
SIFC,11/18/2018,144.0,146.0,144.0,146.0,1.39,424.0,687.4,450.0
SIFC,11/19/2018,148.0,148.0,146.0,148.0,1.37,80.0,687.4,450.0
SIFC,11/20/2018,146.0,148.0,142.0,142.0,-4.05,1380.0,687.4,450.0
SIFC,11/21/2018,143.0,146.0,143.0,146.0,2.82,853.0,687.4,450.0
SIFC,11/22/2018,147.0,147.0,143.0,143.0,-2.05,2499.0,687.4,450.0
SIFC,11/25/2018,144.0,144.0,143.0,143.0,0.0,523.0,687.4,450.0
SIFC,11/26/2018,143.0,143.0,142.0,142.0,-0.7,53.0,687.4,450.0
SIFC,11/27/2018,142.0,144.0,142.0,144.0,1.41,636.0,687.4,450.0
SIFC,11/28/2018,142.0,144.0,140.0,144.0,0.0,2155.0,687.4,450.0
SIFC,11/29/2018,146.0,148.0,143.0,143.0,-0.69,1498.0,687.4,450.0
SIFC,12/2/2018,140.0,140.0,140.0,140.0,-2.1,20.0,687.4,450.0
SIFC,12/3/2018,138.0,139.0,136.0,136.0,-2.86,2941.0,687.4,450.0
SIFC,12/4/2018,137.0,137.0,135.0,137.0,0.74,1117.0,687.4,450.0
SIFC,12/5/2018,135.0,135.0,135.0,135.0,-1.46,300.0,687.4,450.0
SIFC,12/6/2018,133.0,133.0,129.0,133.0,-1.48,189.0,687.4,450.0
SIFC,12/9/2018,133.0,133.0,133.0,133.0,0.0,121.0,687.4,450.0
SIFC,12/10/2018,133.0,133.0,131.0,133.0,0.0,516.0,687.4,450.0
SIFC,12/11/2018,131.0,133.0,131.0,133.0,0.0,784.0,687.4,450.0
SIFC,12/12/2018,135.0,135.0,135.0,135.0,1.5,100.0,687.4,450.0
SIFC,12/16/2018,136.0,140.0,136.0,140.0,3.7,1529.0,687.4,450.0
SIFC,12/23/2018,138.0,138.0,138.0,138.0,-1.43,500.0,687.4,450.0
SIFC,12/25/2018,136.0,137.0,135.0,135.0,-2.17,897.0,687.4,450.0
SIFC,12/26/2018,133.0,139.0,133.0,139.0,2.96,712.0,687.4,450.0
SIFC,12/27/2018,141.0,141.0,135.0,135.0,-2.88,1135.0,687.4,450.0
SIFC,12/30/2018,135.0,135.0,135.0,135.0,0.0,79.0,687.4,450.0
SIFC,12/31/2018,133.0,134.0,133.0,134.0,-0.74,109.0,687.4,450.0
SIFC,1/1/2019,133.0,133.0,132.0,132.0,-1.49,69.0,687.4,450.0
SIFC,1/2/2019,133.0,134.0,133.0,134.0,1.52,83.0,687.4,450.0
SIFC,1/3/2019,134.0,136.0,134.0,136.0,1.49,158.0,687.4,450.0
SIFC,1/6/2019,135.0,137.0,133.0,133.0,-2.21,700.0,687.4,450.0
SIFC,1/8/2019,132.0,134.0,132.0,134.0,0.75,42.0,687.4,450.0
SIFC,1/9/2019,136.0,136.0,134.0,134.0,0.0,169.0,687.4,450.0
SIFC,1/10/2019,136.0,136.0,134.0,134.0,0.0,86.0,687.4,450.0
SIFC,1/13/2019,132.0,132.0,132.0,132.0,-1.49,243.0,687.4,450.0
SIFC,1/14/2019,134.0,134.0,133.0,133.0,0.76,114.0,687.4,450.0
SIFC,1/15/2019,135.0,137.0,135.0,135.0,1.5,483.0,687.4,450.0
SIFC,1/16/2019,135.0,135.0,133.0,133.0,-1.48,1200.0,687.4,450.0
SIFC,1/17/2019,135.0,135.0,135.0,135.0,1.5,60.0,687.4,450.0
SIFC,1/21/2019,134.0,135.0,134.0,134.0,-0.74,688.0,687.4,450.0
SIFC,1/22/2019,136.0,138.0,136.0,138.0,2.99,70.0,687.4,450.0
SIFC,1/24/2019,140.0,140.0,140.0,140.0,1.45,100.0,687.4,450.0
SIFC,1/27/2019,138.0,138.0,136.0,136.0,-2.86,150.0,687.4,450.0
SIFC,1/28/2019,135.0,135.0,134.0,135.0,-0.74,853.0,687.4,450.0
SIFC,1/30/2019,137.0,137.0,135.0,137.0,1.48,873.0,687.4,450.0
SIFC,1/31/2019,137.0,137.0,137.0,137.0,0.0,116.0,687.4,450.0
SIFC,2/3/2019,139.0,139.0,139.0,139.0,1.46,10.0,687.4,450.0
SIFC,2/5/2019,137.0,137.0,137.0,137.0,-1.44,50.0,687.4,450.0
SIFC,2/6/2019,135.0,136.0,135.0,136.0,-0.73,575.0,687.4,450.0
SIFC,2/10/2019,136.0,136.0,128.0,128.0,-5.88,3356.0,687.4,450.0
SIFC,2/11/2019,129.0,135.0,129.0,135.0,5.47,222.0,687.4,450.0
SIFC,2/12/2019,135.0,135.0,134.0,134.0,-0.74,826.0,687.4,450.0
SIFC,2/13/2019,133.0,133.0,133.0,133.0,-0.75,300.0,687.4,450.0
SIFC,2/17/2019,132.0,132.0,131.0,131.0,-1.5,950.0,687.4,450.0
SIFC,2/18/2019,133.0,133.0,132.0,132.0,0.76,700.0,687.4,450.0
SIFC,2/19/2019,132.0,133.0,132.0,133.0,0.76,296.0,687.4,450.0
SIFC,2/25/2019,133.0,133.0,133.0,133.0,0.0,157.0,687.4,450.0
SIFC,2/26/2019,134.0,134.0,132.0,132.0,-0.75,972.0,687.4,450.0
SIFC,2/27/2019,132.0,132.0,132.0,132.0,0.0,20.0,687.4,450.0
SIFC,3/3/2019,134.0,134.0,134.0,134.0,1.52,779.0,687.4,450.0
SIFC,3/5/2019,134.0,134.0,134.0,134.0,0.0,1000.0,687.4,450.0
SIFC,3/7/2019,132.0,135.0,132.0,135.0,0.75,2334.0,687.4,450.0
SIFC,3/10/2019,133.0,133.0,133.0,133.0,-1.48,779.0,687.4,450.0
SIFC,3/11/2019,134.0,134.0,132.0,132.0,-0.75,391.0,687.4,450.0
SIFC,3/12/2019,134.0,138.0,134.0,138.0,4.55,80.0,687.4,450.0
SIFC,3/13/2019,136.0,136.0,136.0,136.0,-1.45,50.0,687.4,450.0
SIFC,3/14/2019,135.0,139.0,135.0,139.0,2.21,2830.0,687.4,450.0
SIFC,3/18/2019,141.0,141.0,137.0,137.0,-1.44,199.0,687.4,450.0
SIFC,3/19/2019,135.0,135.0,135.0,135.0,-1.46,60.0,687.4,450.0
SIFC,3/21/2019,134.0,135.0,134.0,135.0,0.0,387.0,687.4,450.0
SIFC,3/24/2019,133.0,136.0,133.0,136.0,0.74,720.0,687.4,450.0
SIFC,3/25/2019,135.0,135.0,132.0,132.0,-2.94,3000.0,687.4,450.0
SIFC,3/26/2019,133.0,136.0,132.0,132.0,0.0,4023.0,687.4,450.0
SIFC,3/27/2019,134.0,134.0,134.0,134.0,1.52,70.0,687.4,450.0
SIFC,3/28/2019,134.0,134.0,134.0,134.0,0.0,12.0,687.4,450.0
SIFC,3/31/2019,134.0,134.0,132.0,134.0,0.0,4400.0,687.4,450.0
SIFC,4/1/2019,135.0,136.0,135.0,136.0,1.49,883.0,687.4,450.0
SIFC,4/2/2019,136.0,136.0,136.0,136.0,0.0,17.0,687.4,450.0
SIFC,4/3/2019,136.0,136.0,136.0,136.0,0.0,400.0,687.4,450.0
SIFC,4/4/2019,137.0,137.0,134.0,134.0,-1.47,507.0,687.4,450.0
SIFC,4/8/2019,136.0,138.0,135.0,137.0,2.24,1239.0,687.4,450.0
SIFC,4/9/2019,137.0,138.0,137.0,137.0,0.0,2940.0,687.4,450.0
SIFC,4/10/2019,137.0,137.0,137.0,137.0,0.0,100.0,687.4,450.0
SIFC,4/11/2019,137.0,137.0,137.0,137.0,0.0,1200.0,687.4,450.0
SIFC,4/15/2019,135.0,135.0,135.0,135.0,-1.46,129.0,687.4,450.0
SIFC,4/16/2019,137.0,144.0,137.0,144.0,6.67,377.0,687.4,450.0
SIFC,4/17/2019,142.0,142.0,140.0,140.0,-2.78,1395.0,687.4,450.0
SIFC,4/18/2019,141.0,141.0,141.0,141.0,0.71,200.0,687.4,450.0
SIFC,4/21/2019,140.0,140.0,139.0,139.0,-1.42,117.0,687.4,450.0
SIFC,4/22/2019,141.0,146.0,140.0,140.0,0.72,18772.0,687.4,450.0
SIFC,4/23/2019,142.0,150.0,142.0,150.0,7.14,34772.0,687.4,450.0
SIFC,4/24/2019,147.0,150.0,147.0,149.0,-0.67,6112.0,687.4,450.0
SIFC,4/25/2019,151.0,151.0,146.0,148.0,-0.67,4410.0,687.4,450.0
SIFC,4/28/2019,146.0,148.0,146.0,147.0,-0.68,1436.0,687.4,450.0
SIFC,4/29/2019,147.0,151.0,147.0,151.0,2.72,1645.0,687.4,450.0
SIFC,4/30/2019,153.0,158.0,152.0,152.0,0.66,798.0,687.4,450.0
SIFC,5/2/2019,149.0,149.0,149.0,149.0,-1.97,550.0,687.4,450.0
SIFC,5/5/2019,147.0,147.0,141.0,143.0,-4.03,792.0,687.4,450.0
SIFC,5/6/2019,142.0,147.0,142.0,147.0,2.8,85.0,687.4,450.0
SIFC,5/7/2019,146.0,151.0,144.0,144.0,-2.04,1774.0,687.4,450.0
SIFC,5/8/2019,143.0,145.0,143.0,144.0,0.0,376.0,687.4,450.0
SIFC,5/9/2019,142.0,142.0,142.0,142.0,-1.39,996.0,687.4,450.0
SIFC,5/12/2019,141.0,143.0,141.0,143.0,0.7,2726.0,687.4,450.0
SIFC,5/13/2019,141.0,146.0,141.0,146.0,2.1,235.0,687.4,450.0
SIFC,5/14/2019,144.0,149.0,141.0,149.0,2.05,1809.0,687.4,450.0
SIFC,5/15/2019,151.0,156.0,147.0,147.0,-1.34,710.0,687.4,450.0
SIFC,5/16/2019,149.0,150.0,146.0,150.0,2.04,3463.0,687.4,450.0
SIFC,5/19/2019,152.0,159.0,150.0,159.0,6.0,5723.0,687.4,450.0
SIFC,5/20/2019,156.0,159.0,151.0,159.0,0.0,5267.0,687.4,450.0
SIFC,5/21/2019,156.0,161.0,154.0,160.0,0.63,13246.0,687.4,450.0
SIFC,5/22/2019,157.0,169.0,157.0,169.0,5.62,7133.0,687.4,450.0
SIFC,5/23/2019,167.0,167.0,154.0,156.0,-7.69,1149.0,687.4,450.0
SIFC,5/26/2019,159.0,159.0,153.0,153.0,-1.92,3251.0,687.4,450.0
SIFC,5/27/2019,156.0,156.0,156.0,156.0,1.96,500.0,687.4,450.0
SIFC,5/28/2019,159.0,159.0,156.0,156.0,0.0,7000.0,687.4,450.0
SIFC,5/29/2019,158.0,158.0,155.0,155.0,-0.64,6610.0,687.4,450.0
SIFC,5/30/2019,156.0,159.0,156.0,159.0,2.58,10598.0,687.4,450.0
SIFC,6/2/2019,159.0,160.0,158.0,158.0,-0.63,532.0,687.4,450.0
SIFC,6/3/2019,160.0,160.0,150.0,152.0,-3.8,5635.0,687.4,450.0
SIFC,6/4/2019,150.0,153.0,150.0,153.0,0.66,2513.0,687.4,450.0
SIFC,6/6/2019,156.0,160.0,156.0,159.0,3.92,585.0,687.4,450.0
SIFC,6/10/2019,162.0,162.0,153.0,153.0,-3.77,7970.0,687.4,450.0
SIFC,6/11/2019,155.0,157.0,152.0,156.0,1.96,8397.0,687.4,450.0
SIFC,6/13/2019,153.0,156.0,153.0,155.0,-0.64,7195.0,687.4,450.0
SIFC,6/16/2019,158.0,158.0,153.0,153.0,-1.29,922.0,687.4,450.0
SIFC,6/17/2019,153.0,153.0,153.0,153.0,0.0,30.0,687.4,450.0
SIFC,6/18/2019,155.0,156.0,154.0,154.0,0.65,1941.0,687.4,450.0
SIFC,6/19/2019,157.0,158.0,156.0,158.0,2.6,676.0,687.4,450.0
SIFC,6/20/2019,155.0,156.0,154.0,156.0,-1.27,5764.0,687.4,450.0
SIFC,6/23/2019,157.0,157.0,154.0,154.0,-1.28,1373.0,687.4,450.0
SIFC,6/24/2019,157.0,157.0,152.0,152.0,-1.3,2001.0,687.4,450.0
SIFC,6/25/2019,155.0,155.0,153.0,154.0,1.32,6784.0,687.4,450.0
SIFC,6/26/2019,155.0,155.0,153.0,155.0,0.65,4158.0,687.4,450.0
SIFC,6/27/2019,155.0,155.0,155.0,155.0,0.0,637.0,687.4,450.0
SIFC,6/30/2019,154.0,154.0,154.0,154.0,-0.65,87.0,687.4,450.0
SIFC,7/1/2019,153.0,153.0,153.0,153.0,-0.65,721.0,687.4,450.0
SIFC,7/2/2019,155.0,155.0,153.0,153.0,0.0,290.0,687.4,450.0
SIFC,7/3/2019,155.0,155.0,155.0,155.0,1.31,190.0,687.4,450.0
SIFC,7/4/2019,157.0,157.0,157.0,157.0,1.29,270.0,687.4,450.0
SIFC,7/7/2019,157.0,160.0,157.0,160.0,1.91,438.0,687.4,450.0
SIFC,7/8/2019,157.0,157.0,152.0,154.0,-3.75,3241.0,687.4,450.0
SIFC,7/9/2019,155.0,155.0,155.0,155.0,0.65,400.0,687.4,450.0
SIFC,7/10/2019,155.0,157.0,154.0,154.0,-0.65,1353.0,687.4,450.0
SIFC,7/11/2019,152.0,159.0,152.0,159.0,3.25,7769.0,687.4,450.0
SIFC,7/14/2019,156.0,157.0,156.0,157.0,-1.26,959.0,687.4,450.0
SIFC,7/15/2019,157.0,160.0,157.0,160.0,1.91,2030.0,687.4,450.0
SIFC,7/16/2019,157.0,157.0,157.0,157.0,-1.88,35.0,687.4,450.0
SIFC,7/17/2019,160.0,160.0,158.0,158.0,0.64,350.0,687.4,450.0
SIFC,7/18/2019,159.0,159.0,159.0,159.0,0.63,350.0,687.4,450.0
SIFC,7/21/2019,159.0,160.0,158.0,160.0,0.63,5501.0,687.4,450.0
SIFC,7/22/2019,161.0,162.0,161.0,162.0,1.25,336.0,687.4,450.0
SIFC,7/23/2019,165.0,165.0,162.0,162.0,0.0,60.0,687.4,450.0
SIFC,7/24/2019,162.0,162.0,158.0,158.0,-2.47,1600.0,687.4,450.0
SIFC,7/25/2019,158.0,159.0,157.0,157.0,-0.63,860.0,687.4,450.0
SIFC,7/28/2019,154.0,157.0,154.0,156.0,-0.64,280.0,687.4,450.0
SIFC,7/29/2019,156.0,159.0,156.0,156.0,0.0,692.0,687.4,450.0
SIFC,7/30/2019,159.0,159.0,159.0,159.0,1.92,110.0,687.4,450.0
SIFC,7/31/2019,159.0,159.0,156.0,156.0,-1.89,43.0,687.4,450.0
SIFC,8/1/2019,159.0,160.0,156.0,159.0,1.92,272.0,687.4,450.0
SIFC,8/4/2019,158.0,158.0,156.0,156.0,-1.89,1710.0,687.4,450.0
SIFC,8/5/2019,159.0,162.0,159.0,159.0,1.92,8355.0,687.4,450.0
SIFC,8/6/2019,158.0,158.0,158.0,158.0,-0.63,1561.0,687.4,450.0
SIFC,8/7/2019,156.0,159.0,156.0,159.0,0.63,955.0,687.4,450.0
SIFC,8/8/2019,157.0,157.0,156.0,156.0,-1.89,1500.0,687.4,450.0
SIFC,8/11/2019,158.0,158.0,158.0,158.0,1.28,538.0,687.4,450.0
SIFC,8/12/2019,160.0,160.0,156.0,157.0,-0.63,965.0,687.4,450.0
SIFC,8/13/2019,160.0,160.0,160.0,160.0,1.91,50.0,687.4,450.0
SIFC,8/14/2019,160.0,161.0,160.0,161.0,0.63,120.0,687.4,450.0
SIFC,8/18/2019,160.0,160.0,160.0,160.0,-0.62,180.0,687.4,450.0
SIFC,8/19/2019,158.0,158.0,158.0,158.0,-1.25,10.0,687.4,450.0
SIFC,8/20/2019,160.0,160.0,157.0,159.0,0.63,2002.0,687.4,450.0
SIFC,8/21/2019,158.0,158.0,156.0,156.0,-1.89,118.0,687.4,450.0
SIFC,8/22/2019,159.0,159.0,153.0,153.0,-1.92,3410.0,687.4,450.0
SIFC,8/25/2019,154.0,154.0,153.0,153.0,0.0,1500.0,687.4,450.0
SIFC,8/26/2019,154.0,154.0,153.0,153.0,0.0,357.0,687.4,450.0
SIFC,8/27/2019,156.0,156.0,153.0,156.0,1.96,3750.0,687.4,450.0
SIFC,8/28/2019,154.0,154.0,153.0,153.0,-1.92,220.0,687.4,450.0
SIFC,8/29/2019,153.0,153.0,153.0,153.0,0.0,284.0,687.4,450.0
SIFC,9/1/2019,156.0,156.0,152.0,152.0,-0.65,2460.0,687.4,450.0
SIFC,9/2/2019,150.0,152.0,150.0,151.0,-0.66,200.0,687.4,450.0
SIFC,9/3/2019,152.0,157.0,150.0,157.0,3.97,2211.0,687.4,450.0
SIFC,9/4/2019,156.0,157.0,156.0,157.0,0.0,4014.0,687.4,450.0
SIFC,9/5/2019,157.0,157.0,155.0,155.0,-1.27,3992.0,687.4,450.0
SIFC,9/8/2019,155.0,155.0,154.0,154.0,-0.65,1662.0,687.4,450.0
SIFC,9/9/2019,152.0,152.0,152.0,152.0,-1.3,600.0,687.4,450.0
SIFC,9/10/2019,150.0,150.0,150.0,150.0,-1.32,311.0,687.4,450.0
SIFC,9/11/2019,151.0,151.0,148.0,148.0,-1.33,143.0,687.4,450.0
SIFC,9/16/2019,146.0,146.0,146.0,146.0,-1.35,300.0,687.4,450.0
SIFC,9/17/2019,145.0,149.0,145.0,148.0,1.37,43.0,687.4,450.0
SIFC,9/18/2019,150.0,153.0,150.0,150.0,1.35,791.0,687.4,450.0
SIFC,9/23/2019,149.0,150.0,149.0,150.0,0.0,25.0,687.4,450.0
SIFC,9/24/2019,153.0,153.0,153.0,153.0,2.0,250.0,687.4,450.0
SIFC,9/25/2019,150.0,150.0,150.0,150.0,-1.96,12.0,687.4,450.0
SIFC,9/30/2019,153.0,154.0,153.0,154.0,2.67,118.0,687.4,450.0
SIFC,10/1/2019,157.0,157.0,157.0,157.0,1.95,121.0,687.4,450.0
SIFC,10/3/2019,157.0,157.0,154.0,154.0,-1.91,660.0,687.4,450.0
SIFC,10/10/2019,155.0,155.0,155.0,155.0,0.65,200.0,687.4,450.0
SIFC,10/14/2019,154.0,154.0,153.0,153.0,-1.29,550.0,687.4,450.0
SIFC,10/15/2019,151.0,152.0,151.0,152.0,-0.65,1096.0,687.4,450.0
SIFC,10/22/2019,155.0,155.0,155.0,155.0,1.97,20.0,687.4,450.0
SIFC,10/23/2019,155.0,156.0,155.0,156.0,0.65,34.0,687.4,450.0
SIFC,11/3/2019,157.0,157.0,154.0,154.0,-1.28,1250.0,687.4,450.0
SIFC,11/4/2019,153.0,153.0,153.0,153.0,-0.65,181.0,687.4,450.0
SIFC,11/5/2019,154.0,154.0,153.0,153.0,0.0,273.0,687.4,450.0
SIFC,11/6/2019,154.0,154.0,153.0,153.0,0.0,711.0,687.4,450.0
SIFC,11/7/2019,152.0,152.0,150.0,150.0,-1.96,1472.0,687.4,450.0
SIFC,11/11/2019,150.0,150.0,149.0,150.0,0.0,525.0,687.4,450.0
SIFC,11/14/2019,152.0,152.0,152.0,152.0,1.33,866.0,687.4,450.0
SIFC,11/17/2019,149.0,149.0,149.0,149.0,-1.97,79.0,687.4,450.0
SIFC,11/18/2019,148.0,148.0,148.0,148.0,-0.67,294.0,687.4,450.0
SIFC,11/20/2019,150.0,150.0,148.0,148.0,0.0,1795.0,687.4,450.0
SIFC,11/21/2019,148.0,149.0,148.0,149.0,0.68,219.0,687.4,450.0
SIFC,11/24/2019,147.0,148.0,147.0,148.0,-0.67,232.0,687.4,450.0
SIFC,11/26/2019,147.0,149.0,147.0,149.0,0.68,210.0,687.4,450.0
SIFC,11/27/2019,150.0,150.0,147.0,149.0,0.0,2380.0,687.4,450.0
SIFC,11/28/2019,148.0,148.0,148.0,148.0,-0.67,250.0,687.4,450.0
SIFC,12/1/2019,150.0,150.0,149.0,149.0,0.68,358.0,687.4,450.0
SIFC,12/2/2019,151.0,154.0,151.0,154.0,3.36,903.0,687.4,450.0
SIFC,12/3/2019,157.0,157.0,156.0,156.0,1.3,40.0,687.4,450.0
SIFC,12/4/2019,155.0,155.0,152.0,155.0,-0.64,886.0,687.4,450.0
SIFC,12/5/2019,154.0,155.0,154.0,155.0,0.0,609.0,687.4,450.0
SIFC,12/8/2019,153.0,153.0,153.0,153.0,-1.29,353.0,687.4,450.0
SIFC,12/10/2019,153.0,156.0,153.0,156.0,1.96,10614.0,687.4,450.0
SIFC,12/11/2019,158.0,158.0,158.0,158.0,1.28,10.0,687.4,450.0
SIFC,12/15/2019,156.0,158.0,156.0,158.0,0.0,4275.0,687.4,450.0
SIFC,12/16/2019,161.0,163.0,153.0,155.0,-1.9,3615.0,687.4,450.0
SIFC,12/17/2019,151.0,151.0,150.0,150.0,-3.23,200.0,687.4,450.0
SIFC,12/22/2019,147.0,147.0,147.0,147.0,-2.0,109.0,687.4,450.0
SIFC,12/23/2019,147.0,149.0,145.0,145.0,-1.36,450.0,687.4,450.0
SIFC,12/26/2019,147.0,147.0,147.0,147.0,1.38,50.0,687.4,450.0
SIFC,12/30/2019,145.0,145.0,144.0,144.0,-2.04,660.0,687.4,450.0
SIFC,12/31/2019,146.0,146.0,143.0,143.0,-0.69,750.0,687.4,450.0
SIFC,1/1/2020,142.0,142.0,141.0,141.0,-1.4,570.0,687.4,450.0
SIFC,1/5/2020,143.0,143.0,141.0,141.0,0.0,520.0,687.4,450.0
SIFC,1/6/2020,142.0,143.0,140.0,141.0,0.0,18787.0,687.4,450.0
SIFC,1/7/2020,142.0,143.0,141.0,143.0,1.42,1208.0,687.4,450.0
SIFC,1/8/2020,142.0,142.0,139.0,139.0,-2.8,10034.0,687.4,450.0
SIFC,1/9/2020,141.0,142.0,141.0,142.0,2.16,320.0,687.4,450.0
SIFC,1/12/2020,144.0,148.0,144.0,148.0,4.23,399.0,687.4,450.0
SIFC,1/13/2020,150.0,154.0,148.0,154.0,4.05,2600.0,687.4,450.0
SIFC,1/14/2020,155.0,157.0,150.0,150.0,-2.6,5570.0,687.4,450.0
SIFC,1/15/2020,153.0,160.0,153.0,160.0,6.67,920.0,687.4,450.0
SIFC,1/16/2020,163.0,172.0,163.0,172.0,7.5,11414.0,687.4,450.0
SIFC,1/19/2020,170.0,178.0,166.0,166.0,-3.49,19520.0,687.4,450.0
SIFC,1/20/2020,169.0,172.0,163.0,163.0,-1.81,8912.0,687.4,450.0
SIFC,1/21/2020,166.0,168.0,160.0,160.0,-1.84,3300.0,687.4,450.0
SIFC,1/22/2020,162.0,164.0,158.0,158.0,-1.25,1752.0,687.4,450.0
SIFC,1/23/2020,156.0,158.0,155.0,155.0,-1.9,5000.0,687.4,450.0
SIFC,1/26/2020,152.0,152.0,151.0,151.0,-2.58,1838.0,687.4,450.0
SIFC,1/27/2020,154.0,154.0,151.0,151.0,0.0,956.0,687.4,450.0
SIFC,1/28/2020,153.0,157.0,153.0,153.0,1.32,10272.0,687.4,450.0
SIFC,1/29/2020,156.0,156.0,156.0,156.0,1.96,511.0,687.4,450.0
SIFC,1/30/2020,159.0,162.0,156.0,159.0,1.92,8428.0,687.4,450.0
SIFC,2/2/2020,162.0,165.0,162.0,165.0,3.77,4499.0,687.4,450.0
SIFC,2/3/2020,162.0,165.0,162.0,165.0,0.0,2271.0,687.4,450.0
SIFC,2/4/2020,165.0,171.0,162.0,166.0,0.61,16941.0,687.4,450.0
SIFC,2/5/2020,168.0,170.0,166.0,170.0,2.41,3463.0,687.4,450.0
SIFC,2/6/2020,168.0,170.0,167.0,167.0,-1.76,7972.0,687.4,450.0
SIFC,2/9/2020,164.0,167.0,164.0,165.0,-1.2,2070.0,687.4,450.0
SIFC,2/10/2020,163.0,166.0,163.0,166.0,0.61,5090.0,687.4,450.0
SIFC,2/11/2020,168.0,169.0,166.0,166.0,0.0,773.0,687.4,450.0
SIFC,2/12/2020,169.0,169.0,169.0,169.0,1.81,103.0,687.4,450.0
SIFC,2/13/2020,168.0,169.0,165.0,165.0,-2.37,3248.0,687.4,450.0
SIFC,2/16/2020,167.0,171.0,167.0,171.0,3.64,552.0,687.4,450.0
SIFC,2/17/2020,174.0,174.0,166.0,171.0,0.0,8714.0,687.4,450.0
SIFC,2/18/2020,174.0,174.0,165.0,168.0,-1.75,3690.0,687.4,450.0
SIFC,2/19/2020,166.0,166.0,165.0,165.0,-1.79,80.0,687.4,450.0
SIFC,2/20/2020,168.0,171.0,168.0,168.0,1.82,484.0,687.4,450.0
SIFC,2/23/2020,170.0,177.0,170.0,177.0,5.36,2705.0,687.4,450.0
SIFC,2/24/2020,180.0,180.0,171.0,171.0,-3.39,2109.0,687.4,450.0
SIFC,2/25/2020,171.0,178.0,168.0,176.0,2.92,13541.0,687.4,450.0
SIFC,2/26/2020,175.0,179.0,173.0,173.0,-1.7,9910.0,687.4,450.0
SIFC,2/27/2020,176.0,179.0,170.0,172.0,-0.58,6625.0,687.4,450.0
SIFC,3/1/2020,175.0,179.0,166.0,166.0,-3.49,3453.0,687.4,450.0
SIFC,3/2/2020,164.0,167.0,163.0,167.0,0.6,2725.0,687.4,450.0
SIFC,3/3/2020,170.0,171.0,169.0,170.0,1.8,5215.0,687.4,450.0
SIFC,3/4/2020,168.0,168.0,163.0,163.0,-4.12,676.0,687.4,450.0
SIFC,3/5/2020,161.0,163.0,158.0,161.0,-1.23,5738.0,687.4,450.0
SIFC,3/10/2020,158.0,158.0,155.0,155.0,-3.73,1367.0,687.4,450.0
SIFC,3/11/2020,158.0,161.0,158.0,161.0,3.87,3285.0,687.4,450.0
SIFC,3/12/2020,164.0,167.0,164.0,165.0,2.48,120.0,687.4,450.0
SIFC,3/15/2020,168.0,171.0,157.0,157.0,-4.85,3923.0,687.4,450.0
SIFC,3/16/2020,160.0,160.0,156.0,157.0,0.0,1757.0,687.4,450.0
SIFC,3/17/2020,155.0,155.0,151.0,151.0,-3.82,3050.0,687.4,450.0
SIFC,3/18/2020,150.0,153.0,147.0,153.0,1.32,8650.0,687.4,450.0
SIFC,3/19/2020,153.0,153.0,143.0,143.0,-6.54,7371.0,687.4,450.0
SIFC,3/22/2020,141.0,141.0,141.0,141.0,-1.4,500.0,687.4,450.0
SIFC,6/29/2020,140.0,140.0,140.0,142.0,0.71,956.0,687.4,450.0
SIFC,6/30/2020,143.0,143.0,143.0,143.0,0.7,200.0,687.4,450.0
SIFC,7/2/2020,145.0,145.0,142.0,142.0,-0.7,2616.0,687.4,450.0
SIFC,7/5/2020,143.0,143.0,140.0,140.0,-1.41,100.0,687.4,450.0
SIFC,7/6/2020,140.0,144.0,140.0,144.0,2.86,415.0,687.4,450.0
SIFC,7/7/2020,143.0,149.0,143.0,149.0,3.47,243.0,687.4,450.0
SIFC,7/8/2020,150.0,150.0,150.0,150.0,0.67,100.0,687.4,450.0
SIFC,7/9/2020,153.0,159.0,153.0,153.0,2.0,577.0,687.4,450.0
SIFC,7/12/2020,153.0,154.0,153.0,154.0,0.65,139.0,687.4,450.0
SIFC,7/13/2020,157.0,163.0,154.0,160.0,3.9,543.0,687.4,450.0
SIFC,7/14/2020,160.0,160.0,158.0,160.0,0.0,1120.0,687.4,450.0
SIFC,7/15/2020,158.0,161.0,158.0,159.0,-0.62,2023.0,687.4,450.0
SIFC,7/16/2020,156.0,162.0,156.0,162.0,1.89,730.0,687.4,450.0
SIFC,7/20/2020,165.0,170.0,159.0,159.0,-1.85,2747.0,687.4,450.0
SIFC,7/21/2020,157.0,158.0,153.0,158.0,-0.63,560.0,687.4,450.0
SIFC,7/22/2020,158.0,161.0,153.0,153.0,-3.16,3099.0,687.4,450.0
SIFC,7/23/2020,152.0,158.0,152.0,155.0,1.31,1707.0,687.4,450.0
SIFC,7/26/2020,155.0,160.0,155.0,155.0,0.0,1660.0,687.4,450.0
SIFC,7/27/2020,155.0,156.0,153.0,153.0,-1.29,7071.0,687.4,450.0
SIFC,7/28/2020,156.0,159.0,156.0,159.0,3.92,450.0,687.4,450.0
SIFC,7/29/2020,162.0,165.0,159.0,159.0,0.0,2507.0,687.4,450.0
SIFC,7/30/2020,159.0,165.0,159.0,160.0,0.63,596.0,687.4,450.0
SIFC,8/2/2020,157.0,159.0,155.0,157.0,-1.88,1866.0,687.4,450.0
SIFC,8/3/2020,159.0,160.0,155.0,155.0,-1.27,1372.0,687.4,450.0
SIFC,8/5/2020,154.0,154.0,151.0,153.0,-1.29,970.0,687.4,450.0
SIFC,8/9/2020,155.0,155.0,155.0,155.0,1.31,500.0,687.4,450.0
SIFC,8/10/2020,158.0,161.0,155.0,161.0,3.87,976.0,687.4,450.0
SIFC,8/11/2020,158.0,158.0,155.0,155.0,-3.73,498.0,687.4,450.0
SIFC,8/12/2020,153.0,153.0,152.0,152.0,-1.94,2302.0,687.4,450.0
SIFC,8/13/2020,155.0,155.0,152.0,152.0,0.0,64.0,687.4,450.0
SIFC,8/16/2020,152.0,154.0,150.0,154.0,1.32,1520.0,687.4,450.0
SIFC,8/17/2020,153.0,157.0,153.0,157.0,1.95,311.0,687.4,450.0
SIFC,8/18/2020,160.0,160.0,148.0,152.0,-3.18,603.0,687.4,450.0
SIFC,8/19/2020,152.0,152.0,150.0,150.0,-1.32,613.0,687.4,450.0
SIFC,8/20/2020,153.0,153.0,147.0,147.0,-2.0,4114.0,687.4,450.0
SIFC,8/23/2020,149.0,153.0,149.0,152.0,3.4,2534.0,687.4,450.0
SIFC,8/24/2020,155.0,158.0,149.0,149.0,-1.97,1259.0,687.4,450.0
SIFC,8/25/2020,151.0,157.0,151.0,154.0,3.36,1114.0,687.4,450.0
SIFC,8/26/2020,155.0,158.0,154.0,155.0,0.65,2075.0,687.4,450.0
SIFC,8/27/2020,155.0,155.0,151.0,152.0,-1.94,5533.0,687.4,450.0
SIFC,8/30/2020,153.0,154.0,150.0,150.0,-1.32,3496.0,687.4,450.0
SIFC,8/31/2020,153.0,156.0,151.0,152.0,1.33,8994.0,687.4,450.0
SIFC,9/2/2020,151.0,154.0,151.0,154.0,1.32,6953.0,687.4,450.0
SIFC,9/3/2020,153.0,160.0,151.0,160.0,3.9,13011.0,687.4,450.0
SIFC,9/6/2020,157.0,157.0,154.0,154.0,-3.75,2464.0,687.4,450.0
SIFC,9/7/2020,157.0,157.0,155.0,156.0,1.3,8919.0,687.4,450.0
SIFC,9/8/2020,154.0,156.0,153.0,153.0,-1.92,2200.0,687.4,450.0
SIFC,9/9/2020,156.0,161.0,156.0,156.0,1.96,1255.0,687.4,450.0
SIFC,9/10/2020,157.0,157.0,154.0,154.0,-1.28,2549.0,687.4,450.0
SIFC,9/13/2020,156.0,160.0,156.0,159.0,3.25,7916.0,687.4,450.0
SIFC,9/14/2020,162.0,162.0,159.0,161.0,1.26,8141.0,687.4,450.0
SIFC,9/15/2020,164.0,165.0,159.0,162.0,0.62,5801.0,687.4,450.0
SIFC,9/16/2020,159.0,162.0,156.0,162.0,0.0,4029.0,687.4,450.0
SIFC,9/17/2020,164.0,178.0,163.0,178.0,9.88,29578.0,687.4,450.0
SIFC,9/20/2020,186.0,195.0,177.0,183.0,2.81,26024.0,687.4,450.0
SIFC,9/21/2020,180.0,180.0,173.0,179.0,-2.19,11832.0,687.4,450.0
SIFC,9/22/2020,177.0,177.0,167.0,167.0,-6.7,27582.0,687.4,450.0
SIFC,9/23/2020,170.0,178.0,162.0,176.0,5.39,25334.0,687.4,450.0
SIFC,9/24/2020,179.0,186.0,176.0,181.0,2.84,22423.0,687.4,450.0
SIFC,9/27/2020,179.0,183.0,176.0,180.0,-0.55,23137.0,687.4,450.0
SIFC,9/28/2020,178.0,185.0,178.0,182.0,1.11,10347.0,687.4,450.0
SIFC,9/29/2020,182.0,182.0,176.0,176.0,-3.3,13305.0,687.4,450.0
SIFC,9/30/2020,179.0,179.0,174.0,179.0,1.7,13448.0,687.4,450.0
SIFC,10/1/2020,180.0,188.0,180.0,188.0,5.03,111603.0,687.4,450.0
SIFC,10/4/2020,191.0,195.0,185.0,194.0,3.19,65525.0,687.4,450.0
SIFC,10/5/2020,203.0,203.0,187.0,189.0,-2.58,16258.0,687.4,450.0
SIFC,10/6/2020,188.0,194.0,184.0,184.0,-2.65,20285.0,687.4,450.0
SIFC,10/7/2020,187.0,197.0,185.0,193.0,4.89,44468.0,687.4,450.0
SIFC,10/8/2020,196.0,207.0,196.0,198.0,2.59,88749.0,687.4,450.0
SIFC,10/11/2020,199.0,217.0,192.0,210.0,6.06,116800.0,687.4,450.0
SIFC,10/12/2020,220.0,220.0,201.0,201.0,-4.29,13842.0,687.4,450.0
SIFC,10/13/2020,205.0,209.0,195.0,197.0,-1.99,20056.0,687.4,450.0
SIFC,10/14/2020,194.0,204.0,189.0,190.0,-3.55,15137.0,687.4,450.0
SIFC,10/15/2020,193.0,196.0,191.0,192.0,1.05,10758.0,687.4,450.0
SIFC,10/18/2020,189.0,193.0,186.0,193.0,0.52,4190.0,687.4,450.0
SIFC,10/19/2020,196.0,198.0,188.0,196.0,1.55,5632.0,687.4,450.0
SIFC,10/20/2020,199.0,206.0,195.0,206.0,5.1,33893.0,687.4,450.0
SIFC,10/21/2020,208.0,208.0,198.0,203.0,-1.46,18691.0,687.4,450.0
SIFC,10/22/2020,205.0,207.0,200.0,200.0,-1.48,18186.0,687.4,450.0
SIFC,10/28/2020,204.0,206.0,200.0,206.0,3.0,20324.0,687.4,450.0
SIFC,10/29/2020,209.0,209.0,199.0,199.0,-3.4,20446.0,687.4,450.0
SIFC,11/1/2020,201.0,204.0,196.0,204.0,2.51,21069.0,687.4,450.0
SIFC,11/2/2020,214.0,214.0,200.0,202.0,-0.98,12789.0,687.4,450.0
SIFC,11/3/2020,204.0,211.0,202.0,209.0,3.47,58180.0,687.4,450.0
SIFC,11/4/2020,212.0,212.0,207.0,208.0,-0.48,11232.0,687.4,450.0
SIFC,11/5/2020,208.0,208.0,204.0,204.0,-1.92,8863.0,687.4,450.0
SIFC,11/8/2020,202.0,206.0,200.0,203.0,-0.49,20207.0,687.4,450.0
SIFC,11/9/2020,203.0,207.0,203.0,205.0,0.99,7893.0,687.4,450.0
SIFC,11/10/2020,215.0,215.0,203.0,206.0,0.49,11880.0,687.4,450.0
SIFC,11/11/2020,210.0,210.0,202.0,206.0,0.0,8441.0,687.4,450.0
SIFC,11/12/2020,206.0,206.0,202.0,204.0,-0.97,12950.0,687.4,450.0
SIFC,11/18/2020,202.0,204.0,200.0,204.0,0.0,8181.0,687.4,450.0
SIFC,11/19/2020,200.0,207.0,197.0,205.0,0.49,24534.0,687.4,450.0
SIFC,11/22/2020,206.0,206.0,200.0,201.0,-1.95,15773.0,687.4,450.0
SIFC,11/23/2020,205.0,206.0,201.0,202.0,0.5,9970.0,687.4,450.0
SIFC,11/24/2020,204.0,206.0,200.0,203.0,0.5,6926.0,687.4,450.0
SIFC,11/25/2020,200.0,210.0,200.0,210.0,3.45,22600.0,687.4,450.0
SIFC,11/26/2020,207.0,210.0,204.0,210.0,0.0,33652.0,687.4,450.0
SIFC,11/29/2020,208.0,218.0,205.0,218.0,3.81,37163.0,687.4,450.0
SIFC,11/30/2020,220.0,220.0,207.0,210.0,-3.67,14075.0,687.4,450.0
SIFC,12/1/2020,207.0,210.0,206.0,207.0,-1.43,5134.0,687.4,450.0
SIFC,12/2/2020,209.0,211.0,205.0,205.0,-0.97,14544.0,687.4,450.0
SIFC,12/3/2020,215.0,219.0,204.0,211.0,2.93,16760.0,687.4,450.0
SIFC,12/6/2020,201.0,217.0,198.0,199.0,-5.69,30422.0,687.4,450.0
SIFC,12/7/2020,198.0,207.0,198.0,207.0,4.02,9673.0,687.4,450.0
SIFC,12/8/2020,204.0,205.0,200.0,200.0,-3.38,12003.0,687.4,450.0
SIFC,12/9/2020,200.0,205.0,198.0,205.0,2.5,28225.0,687.4,450.0
SIFC,12/10/2020,202.0,209.0,201.0,208.0,1.46,6394.0,687.4,450.0
SIFC,12/13/2020,208.0,208.0,204.0,204.0,-1.92,1756.0,687.4,450.0
SIFC,12/14/2020,203.0,204.0,201.0,201.0,-1.47,2858.0,687.4,450.0
SIFC,12/15/2020,200.0,207.0,200.0,201.0,0.0,2568.0,687.4,450.0
SIFC,12/16/2020,202.0,202.0,198.0,199.0,-1.0,8362.0,687.4,450.0
SIFC,12/17/2020,200.0,208.0,199.0,208.0,4.52,11308.0,687.4,450.0
SIFC,12/20/2020,206.0,206.0,197.0,200.0,-3.85,6402.0,687.4,450.0
SIFC,12/21/2020,196.0,202.0,195.0,202.0,1.0,12176.0,687.4,450.0
SIFC,12/22/2020,205.0,205.0,197.0,198.0,-1.98,6786.0,687.4,450.0
SIFC,12/23/2020,201.0,203.0,196.0,196.0,-1.01,10655.0,687.4,450.0
SIFC,12/24/2020,193.0,200.0,193.0,200.0,2.04,7885.0,687.4,450.0
SIFC,12/27/2020,204.0,206.0,198.0,198.0,-1.0,384.0,687.4,450.0
SIFC,12/28/2020,200.0,200.0,197.0,198.0,0.0,7209.0,687.4,450.0
SIFC,12/29/2020,200.0,203.0,196.0,200.0,1.01,3392.0,687.4,450.0
SIFC,12/30/2020,183.0,183.0,176.0,179.0,-10.5,3838.0,687.4,450.0
SIFC,12/31/2020,182.0,185.0,174.0,176.0,-1.68,3777.0,687.4,450.0
SIFC,1/3/2021,176.0,180.0,175.0,180.0,2.27,6776.0,687.4,450.0
SIFC,1/4/2021,180.0,185.0,180.0,182.0,1.11,5405.0,687.4,450.0
SIFC,1/5/2021,184.0,184.0,181.0,184.0,1.1,530.0,687.4,450.0
SIFC,1/6/2021,181.0,181.0,175.0,177.0,-3.8,7533.0,687.4,450.0
SIFC,1/7/2021,180.0,183.0,176.0,179.0,1.13,2006.0,687.4,450.0
SIFC,1/10/2021,180.0,184.0,180.0,181.0,1.12,3105.0,687.4,450.0
SIFC,1/11/2021,184.0,184.0,178.0,183.0,1.1,9844.0,687.4,450.0
SIFC,1/12/2021,182.0,185.0,180.0,184.0,0.55,9433.0,687.4,450.0
SIFC,1/13/2021,187.0,202.0,186.0,200.0,8.7,36100.0,687.4,450.0
SIFC,1/17/2021,204.0,204.0,197.0,204.0,2.0,10770.0,687.4,450.0
SIFC,1/18/2021,208.0,211.0,202.0,204.0,0.0,18306.0,687.4,450.0
SIFC,1/19/2021,206.0,217.0,205.0,216.0,5.88,42012.0,687.4,450.0
SIFC,1/20/2021,215.0,237.0,215.0,237.0,9.72,89591.0,687.4,450.0
SIFC,1/21/2021,241.0,260.0,234.0,260.0,9.7,140573.0,687.4,450.0
SIFC,1/24/2021,265.0,270.0,253.0,258.0,-0.77,42184.0,687.4,450.0
SIFC,1/25/2021,261.0,261.0,239.0,240.0,-6.98,50844.0,687.4,450.0
SIFC,1/26/2021,244.0,262.0,239.0,255.0,6.25,29652.0,687.4,450.0
SIFC,1/27/2021,250.0,250.0,241.0,243.0,-4.71,10363.0,687.4,450.0
SIFC,1/28/2021,243.0,247.0,233.0,235.0,-3.29,30386.0,687.4,450.0
SIFC,1/31/2021,231.0,235.0,227.0,229.0,-2.55,12281.0,687.4,450.0
SIFC,2/1/2021,228.0,230.0,225.0,229.0,0.0,10321.0,687.4,450.0
SIFC,2/2/2021,229.0,230.0,221.0,223.0,-2.62,12777.0,687.4,450.0
SIFC,2/3/2021,223.0,235.0,219.0,221.0,-0.9,24370.0,687.4,450.0
SIFC,2/4/2021,225.0,229.0,220.0,225.0,1.81,6109.0,687.4,450.0
SIFC,2/7/2021,224.0,231.0,222.0,222.0,-1.33,20415.0,687.4,450.0
SIFC,2/8/2021,226.0,236.0,226.0,228.0,2.7,12714.0,687.4,450.0
SIFC,2/9/2021,230.0,250.0,229.0,250.0,9.65,64191.0,687.4,450.0
SIFC,2/10/2021,262.0,262.0,245.0,248.0,-0.8,17173.0,687.4,450.0
SIFC,2/11/2021,252.0,256.0,236.0,237.0,-4.44,26550.0,687.4,450.0
SIFC,2/14/2021,235.0,236.0,230.0,236.0,-0.42,9351.0,687.4,450.0
SIFC,2/15/2021,240.0,244.0,234.0,242.0,2.54,11051.0,687.4,450.0
SIFC,2/16/2021,238.0,243.0,234.0,240.0,-0.83,20672.0,687.4,450.0
SIFC,2/17/2021,237.0,248.0,236.0,246.0,2.5,10459.0,687.4,450.0
SIFC,2/18/2021,248.0,248.0,240.0,243.0,-1.22,8581.0,687.4,450.0
SIFC,2/21/2021,242.0,242.0,236.0,239.0,-1.65,2942.0,687.4,450.0
SIFC,2/22/2021,236.0,240.0,236.0,236.0,-1.26,6548.0,687.4,450.0
SIFC,2/23/2021,240.0,240.0,224.0,240.0,1.69,12980.0,687.4,450.0
SIFC,2/24/2021,244.0,252.0,223.0,235.0,-2.08,19421.0,687.4,450.0
SIFC,2/25/2021,235.0,238.0,222.0,222.0,-5.53,11063.0,687.4,450.0
SIFC,2/28/2021,222.0,230.0,220.0,221.0,-0.45,6493.0,687.4,450.0
SIFC,3/1/2021,225.0,226.0,222.0,222.0,0.45,6400.0,687.4,450.0
SIFC,3/2/2021,226.0,226.0,213.0,213.0,-4.05,10540.0,687.4,450.0
SIFC,3/3/2021,215.0,218.0,212.0,212.0,-0.47,6950.0,687.4,450.0
SIFC,3/4/2021,215.0,232.0,215.0,232.0,9.43,1922.0,687.4,450.0
SIFC,3/7/2021,228.0,228.0,223.0,224.0,-3.45,3983.0,687.4,450.0
SIFC,3/9/2021,222.0,225.0,222.0,222.0,-0.89,2128.0,687.4,450.0
SIFC,3/10/2021,222.0,224.0,218.0,224.0,0.9,5684.0,687.4,450.0
SIFC,3/14/2021,221.0,221.0,213.0,215.0,-4.02,5252.0,687.4,450.0
SIFC,3/15/2021,213.0,225.0,211.0,215.0,0.0,7493.0,687.4,450.0
SIFC,3/16/2021,212.0,219.0,212.0,215.0,0.0,6758.0,687.4,450.0
SIFC,3/17/2021,211.0,223.0,211.0,223.0,3.72,5417.0,687.4,450.0
SIFC,3/18/2021,234.0,234.0,218.0,219.0,-1.79,3422.0,687.4,450.0
SIFC,3/21/2021,219.0,226.0,219.0,225.0,2.74,7633.0,687.4,450.0
SIFC,3/22/2021,225.0,225.0,217.0,217.0,-3.56,11215.0,687.4,450.0
SIFC,3/23/2021,217.0,228.0,217.0,220.0,1.38,11786.0,687.4,450.0
SIFC,3/24/2021,221.0,233.0,221.0,228.0,3.64,11290.0,687.4,450.0
SIFC,3/25/2021,224.0,227.0,221.0,221.0,-3.07,6950.0,687.4,450.0
SIFC,3/29/2021,225.0,225.0,220.0,220.0,-0.45,2499.0,687.4,450.0
SIFC,3/30/2021,224.0,224.0,218.0,220.0,0.0,6035.0,687.4,450.0
SIFC,3/31/2021,220.0,228.0,220.0,225.0,2.27,9570.0,687.4,450.0
SIFC,4/1/2021,225.0,247.0,225.0,247.0,9.78,73613.0,687.4,450.0
SIFC,4/4/2021,250.0,268.0,238.0,268.0,8.5,88352.0,687.4,450.0
SIFC,4/5/2021,275.0,280.0,259.0,259.0,-3.36,44600.0,687.4,450.0
SIFC,4/6/2021,254.0,255.0,244.0,251.0,-3.09,51596.0,687.4,450.0
SIFC,4/7/2021,250.0,252.0,245.0,251.0,0.0,38972.0,687.4,450.0
SIFC,4/8/2021,252.0,276.0,246.0,272.0,8.37,183325.0,687.4,450.0
SIFC,4/12/2021,275.0,279.0,263.0,266.0,-2.21,51323.0,687.4,450.0
SIFC,4/13/2021,263.0,266.0,254.0,257.0,-3.38,65834.0,687.4,450.0
SIFC,4/15/2021,261.0,276.0,260.0,262.0,1.95,30438.0,687.4,450.0
SIFC,4/18/2021,275.0,275.0,257.0,262.0,0.0,11464.0,687.4,450.0
SIFC,4/19/2021,262.0,267.0,260.0,264.0,0.76,21175.0,687.4,450.0
SIFC,4/20/2021,261.0,266.0,259.0,265.0,0.38,15624.0,687.4,450.0
SIFC,4/21/2021,260.0,264.0,257.0,260.0,-1.89,10736.0,687.4,450.0
SIFC,4/22/2021,255.0,262.0,250.0,257.0,-1.15,6584.0,687.4,450.0
SIFC,4/25/2021,257.0,257.0,247.0,250.0,-2.72,19927.0,687.4,450.0
SIFC,4/26/2021,245.0,262.0,230.0,234.0,-6.4,33672.0,687.4,450.0
SIFC,4/27/2021,245.0,252.0,240.0,240.0,2.56,17934.0,687.4,450.0
SIFC,4/28/2021,240.0,248.0,240.0,248.0,3.33,9458.0,687.4,450.0
SIFC,4/29/2021,245.0,248.0,241.0,241.0,-2.82,14554.0,687.4,450.0
SIFC,5/2/2021,245.0,252.0,241.0,249.0,3.32,17442.0,687.4,450.0
SIFC,5/3/2021,250.0,265.0,245.0,253.0,1.61,18593.0,687.4,450.0
SIFC,5/4/2021,256.0,256.0,251.0,252.0,-0.4,5641.0,687.4,450.0
SIFC,5/5/2021,250.0,257.0,250.0,252.0,0.0,9336.0,687.4,450.0
SIFC,5/6/2021,249.0,252.0,247.0,252.0,0.0,2430.0,687.4,450.0
SIFC,5/9/2021,248.0,249.0,243.0,246.0,-2.38,5158.0,687.4,450.0
SIFC,5/10/2021,247.0,248.0,245.0,248.0,0.81,1545.0,687.4,450.0
SIFC,5/11/2021,248.0,257.0,248.0,253.0,2.02,11260.0,687.4,450.0
SIFC,5/12/2021,254.0,270.0,251.0,259.0,2.37,56711.0,687.4,450.0
SIFC,5/13/2021,263.0,275.0,263.0,273.0,5.41,78819.0,687.4,450.0
SIFC,5/16/2021,278.0,288.0,275.0,284.0,4.03,62368.0,687.4,450.0
SIFC,5/17/2021,284.0,285.0,275.0,279.0,-1.76,33526.0,687.4,450.0
SIFC,5/18/2021,284.0,301.0,276.0,301.0,7.89,138923.0,687.4,450.0
SIFC,5/19/2021,301.0,306.0,283.0,288.0,-4.32,69028.0,687.4,450.0
SIFC,5/20/2021,292.0,316.0,286.0,306.0,6.25,102059.0,687.4,450.0
SIFC,5/23/2021,291.0,336.0,291.0,336.0,9.8,198596.0,687.4,450.0
SIFC,5/24/2021,352.0,353.0,319.0,330.0,-1.79,83473.0,687.4,450.0
SIFC,5/25/2021,346.0,346.0,319.0,328.0,-0.61,66269.0,687.4,450.0
SIFC,5/27/2021,344.0,344.0,317.0,338.0,3.05,64749.0,687.4,450.0
SIFC,5/30/2021,341.0,368.0,324.0,358.0,5.92,115554.0,687.4,450.0
SIFC,5/31/2021,363.0,364.0,341.0,345.0,-3.63,76042.0,687.4,450.0
SIFC,6/1/2021,350.0,351.0,335.0,346.0,0.29,45058.0,687.4,450.0
SIFC,6/2/2021,363.0,380.0,346.0,380.0,9.83,151855.0,687.4,450.0
SIFC,6/3/2021,390.0,411.0,366.0,400.0,5.26,193895.0,687.4,450.0
SIFC,6/6/2021,400.0,400.0,372.0,391.0,-2.25,92004.0,687.4,450.0
SIFC,6/7/2021,391.0,430.0,387.0,430.0,9.97,193632.0,687.4,450.0
SIFC,6/8/2021,440.0,473.0,440.0,473.0,10.0,76672.0,687.4,450.0
SIFC,6/9/2021,496.0,515.0,453.0,473.0,0.0,141620.0,687.4,450.0
SIFC,6/10/2021,482.0,506.0,454.0,500.0,5.71,205582.0,687.4,450.0
SIFC,6/13/2021,500.0,550.0,500.0,550.0,10.0,186380.0,687.4,450.0
SIFC,6/14/2021,577.0,599.0,535.0,548.0,-0.36,126669.0,687.4,450.0
SIFC,6/15/2021,550.0,550.0,501.0,512.0,-6.57,121010.0,687.4,450.0
SIFC,6/16/2021,511.0,516.0,461.0,480.0,-6.25,89572.0,687.4,450.0
SIFC,6/17/2021,456.0,497.0,456.0,475.0,-1.04,113334.0,687.4,450.0
SIFC,6/20/2021,471.0,480.0,428.0,433.0,-8.84,54722.0,687.4,450.0
SIFC,6/21/2021,440.0,449.0,404.0,410.0,-5.31,63449.0,687.4,450.0
SIFC,6/22/2021,418.0,445.0,400.0,443.0,8.05,73766.0,687.4,450.0
SIFC,6/23/2021,460.0,465.0,430.0,433.0,-2.26,52667.0,687.4,450.0
SIFC,6/24/2021,412.0,440.0,412.0,419.0,-3.23,28871.0,687.4,450.0
SIFC,6/27/2021,416.0,430.0,408.0,417.0,-0.48,21028.0,687.4,450.0
SIFC,6/28/2021,425.0,425.0,401.0,404.0,-3.12,24052.0,687.4,450.0
SIFC,6/29/2021,384.0,415.0,365.0,375.0,-7.18,64961.0,687.4,450.0
SIFC,6/30/2021,380.0,412.0,360.0,402.0,7.2,55178.0,687.4,450.0
SIFC,7/1/2021,410.0,429.0,404.0,421.0,4.73,72123.0,687.4,450.0
SIFC,7/4/2021,430.0,430.0,410.0,412.0,-2.14,55485.0,687.4,450.0
SIFC,7/5/2021,410.0,413.0,399.0,400.0,-2.91,24776.0,687.4,450.0
SIFC,7/6/2021,407.0,413.0,400.0,408.0,2.0,25665.0,687.4,450.0
SIFC,7/7/2021,415.0,415.0,397.0,401.0,-1.72,15799.0,687.4,450.0
SIFC,7/8/2021,405.0,428.0,400.0,410.0,2.24,33026.0,687.4,450.0
SIFC,7/11/2021,418.0,451.0,418.0,451.0,10.0,100412.0,687.4,450.0
SIFC,7/12/2021,473.0,487.0,427.0,455.0,0.89,120450.0,687.4,450.0
SIFC,7/13/2021,464.0,486.0,440.0,480.0,5.49,87268.0,687.4,450.0
SIFC,7/14/2021,487.0,501.0,471.0,490.0,2.08,75616.0,687.4,450.0
SIFC,7/15/2021,498.0,501.0,482.0,489.0,-0.2,85934.0,687.4,450.0
SIFC,7/18/2021,498.0,507.0,488.1,500.0,2.25,92841.0,687.4,450.0
SIFC,7/19/2021,503.0,508.0,485.0,488.0,-2.4,59053.0,687.4,450.0
SIFC,7/20/2021,481.0,497.6,479.0,486.0,-0.41,36413.0,687.4,450.0
SIFC,7/22/2021,490.0,490.0,479.0,482.0,-0.82,58394.0,687.4,450.0
SIFC,7/25/2021,491.3,491.3,472.0,482.0,0.0,50021.0,687.4,450.0
SIFC,7/26/2021,490.0,500.0,483.0,495.0,2.7,106971.0,687.4,450.0
SIFC,7/27/2021,485.1,544.0,485.1,533.0,7.68,170726.0,687.4,450.0
SIFC,7/28/2021,543.0,571.0,539.0,546.0,2.44,115617.0,687.4,450.0
SIFC,7/29/2021,539.0,550.0,524.4,526.0,-3.66,81872.0,687.4,450.0
SIFC,8/1/2021,536.0,536.0,508.0,513.0,-2.47,73188.0,687.4,450.0
SIFC,8/2/2021,518.0,540.0,515.0,520.0,1.36,100388.0,687.4,450.0
SIFC,8/3/2021,522.0,532.0,515.0,515.0,-0.96,42556.0,687.4,450.0
SIFC,8/4/2021,515.0,549.0,515.0,533.0,3.5,104055.0,687.4,450.0
SIFC,8/5/2021,540.0,553.0,515.0,523.8,-1.73,78261.0,687.4,450.0
SIFC,8/8/2021,526.0,540.0,526.0,530.0,1.18,58619.0,687.4,450.0
SIFC,8/9/2021,540.0,575.0,538.0,569.0,7.36,191524.0,687.4,450.0
SIFC,8/10/2021,580.3,625.9,580.3,625.9,10.0,274253.0,687.4,450.0
SIFC,8/11/2021,638.4,648.0,607.0,614.0,-1.9,172877.0,687.4,450.0
SIFC,8/12/2021,614.0,662.9,600.1,660.0,7.49,210818.0,687.4,450.0
SIFC,8/15/2021,647.0,647.0,594.0,608.0,-7.88,256385.0,687.4,450.0
SIFC,8/16/2021,608.0,620.0,587.0,608.0,0.0,107538.0,687.4,450.0
SIFC,8/17/2021,618.9,654.9,608.0,637.0,4.77,122343.0,687.4,450.0
SIFC,8/18/2021,649.0,688.0,645.0,653.0,2.51,191673.0,687.4,450.0
SIFC,8/19/2021,660.0,670.0,629.0,630.0,-3.52,147044.0,687.4,450.0
SIFC,8/24/2021,639.8,670.0,610.0,645.0,2.38,168232.0,687.4,450.0
SIFC,8/25/2021,632.1,648.0,615.0,620.0,-3.88,90413.0,687.4,450.0
SIFC,8/26/2021,620.0,682.0,620.0,682.0,10.0,294436.0,687.4,450.0
SIFC,8/29/2021,695.6,741.0,695.6,716.0,4.99,336326.0,687.4,450.0
SIFC,8/31/2021,720.0,725.0,675.0,682.0,-4.75,168359.0,687.4,450.0
SIFC,9/1/2021,682.0,709.9,650.0,650.0,-4.69,97412.0,687.4,450.0
SIFC,9/2/2021,663.0,682.0,614.0,630.0,-3.08,91014.0,687.4,450.0
SIFC,9/5/2021,630.0,630.0,567.0,570.0,-9.52,120384.0,687.4,450.0
SIFC,9/6/2021,571.0,627.0,548.0,627.0,10.0,100498.0,687.4,450.0
SIFC,9/7/2021,639.5,652.0,603.0,621.0,-0.96,74856.0,687.4,450.0
SIFC,9/8/2021,610.0,621.0,588.1,597.9,-3.72,77071.0,687.4,450.0
SIFC,9/9/2021,609.0,609.0,588.0,589.0,-1.49,41573.0,687.4,450.0
SIFC,9/12/2021,600.0,627.0,600.0,618.0,4.92,80641.0,687.4,450.0
SIFC,9/13/2021,630.0,656.0,628.1,638.0,3.24,113187.0,687.4,450.0
SIFC,9/14/2021,649.0,649.0,621.1,625.1,-2.02,51360.0,687.4,450.0
SIFC,9/15/2021,637.6,637.6,604.0,613.0,-1.94,60302.0,687.4,450.0
SIFC,9/16/2021,600.8,612.0,568.4,574.0,-6.36,73791.0,687.4,450.0
SIFC,9/20/2021,584.0,584.0,516.6,517.0,-9.93,63545.0,687.4,450.0
SIFC,9/21/2021,527.0,547.0,481.2,518.0,0.19,73822.0,687.4,450.0
SIFC,9/22/2021,528.0,569.8,528.0,569.7,9.98,56864.0,687.4,450.0
SIFC,9/23/2021,581.0,600.0,550.0,569.0,-0.12,67039.0,687.4,450.0
SIFC,9/26/2021,570.0,570.0,526.4,532.0,-6.5,45469.0,687.4,450.0
SIFC,9/27/2021,523.0,530.0,490.7,499.0,-6.2,42323.0,687.4,450.0
SIFC,9/28/2021,490.0,510.0,449.1,450.0,-9.82,54263.0,687.4,450.0
SIFC,9/29/2021,453.0,480.0,423.9,477.0,6.0,34489.0,687.4,450.0
SIFC,9/30/2021,486.0,500.0,451.0,457.0,-4.19,28554.0,687.4,450.0
SIFC,10/3/2021,450.0,466.0,436.3,442.0,-3.28,25083.0,687.4,450.0
SIFC,10/4/2021,443.0,456.0,426.0,437.0,-1.13,28599.0,687.4,450.0
SIFC,10/5/2021,445.0,458.0,437.1,455.6,4.26,21654.0,687.4,450.0
SIFC,10/6/2021,464.7,488.0,446.9,481.0,5.58,42049.0,687.4,450.0
SIFC,10/10/2021,490.0,509.0,477.0,477.0,-0.83,48489.0,687.4,450.0
SIFC,10/11/2021,486.0,486.0,460.0,470.0,-1.47,14042.0,687.4,450.0
SIFC,10/17/2021,479.4,498.4,461.0,470.0,0.0,6210.0,687.4,450.0
SIFC,10/18/2021,460.6,467.0,442.0,445.1,-5.3,21679.0,687.4,450.0
SIFC,10/19/2021,454.0,454.0,411.0,418.0,-6.09,22969.0,687.4,450.0
SIFC,10/20/2021,426.3,450.0,426.3,443.9,6.2,17250.0,687.4,450.0
SIFC,10/21/2021,447.0,451.0,422.0,425.3,-4.19,13372.0,687.4,450.0
SIFC,10/24/2021,425.0,447.0,421.0,447.0,5.1,14192.0,687.4,450.0
SIFC,10/25/2021,454.0,491.7,454.0,491.7,10.0,53150.0,687.4,450.0
SIFC,10/26/2021,501.5,540.8,501.5,540.8,9.99,52254.0,687.4,450.0
SIFC,10/27/2021,545.0,565.0,520.0,538.0,-0.52,46160.0,687.4,450.0
SIFC,10/28/2021,538.0,546.1,517.9,539.0,0.19,34204.0,687.4,450.0
SIFC,10/31/2021,549.0,574.0,537.2,572.0,6.12,47514.0,687.4,450.0
SIFC,11/1/2021,583.3,586.0,551.0,551.0,-3.67,42485.0,687.4,450.0
SIFC,11/2/2021,552.0,582.0,538.2,565.0,2.54,26036.0,687.4,450.0
SIFC,11/3/2021,575.0,575.0,542.0,542.0,-4.07,30708.0,687.4,450.0
SIFC,11/8/2021,552.8,561.9,545.0,549.0,1.29,25559.0,687.4,450.0
SIFC,11/9/2021,542.0,557.0,516.0,517.0,-5.83,41647.0,687.4,450.0
SIFC,11/11/2021,506.7,520.0,488.0,489.0,-5.42,53202.0,687.4,450.0
SIFC,11/14/2021,495.0,518.0,490.0,509.0,4.09,30424.0,687.4,450.0
SIFC,11/15/2021,519.0,538.0,517.9,521.8,2.51,43156.0,687.4,450.0
SIFC,11/16/2021,530.0,572.0,519.0,571.0,9.43,99219.0,687.4,450.0
SIFC,11/17/2021,572.0,593.0,569.0,585.0,2.45,92611.0,687.4,450.0
SIFC,11/18/2021,573.4,585.0,565.0,582.0,-0.51,98096.0,687.4,450.0
SIFC,11/21/2021,582.0,591.0,572.0,575.0,-1.2,31522.0,687.4,450.0
SIFC,11/22/2021,570.0,583.0,564.1,565.0,-1.74,13872.0,687.4,450.0
SIFC,11/23/2021,561.59,565.0,540.0,542.0,-4.07,40318.0,687.4,450.0
SIFC,11/24/2021,535.0,572.0,530.0,555.0,2.4,24274.0,687.4,450.0
SIFC,11/25/2021,564.9,565.0,545.0,555.0,0.0,14771.0,687.4,450.0
SIFC,11/28/2021,543.9,553.0,518.0,524.9,-5.42,51445.0,687.4,450.0
SIFC,11/29/2021,524.9,552.0,515.0,525.0,0.02,25905.0,687.4,450.0
SIFC,11/30/2021,525.0,535.5,517.0,528.0,0.57,21442.0,687.4,450.0
SIFC,12/1/2021,535.0,535.0,515.0,521.0,-1.33,27314.0,687.4,450.0
SIFC,12/2/2021,525.0,528.0,488.0,492.0,-5.57,47837.0,687.4,450.0
SIFC,12/5/2021,482.2,492.8,460.0,465.0,-5.49,25290.0,687.4,450.0
SIFC,12/6/2021,460.0,485.0,440.0,475.0,2.15,42699.0,687.4,450.0
SIFC,12/7/2021,477.0,488.0,450.0,450.0,-5.26,21472.0,687.4,450.0
SIFC,12/8/2021,449.0,457.9,420.5,428.0,-4.89,19328.0,687.4,450.0
SIFC,12/9/2021,427.0,437.0,406.0,406.0,-5.14,66872.0,687.4,450.0
SIFC,12/12/2021,410.0,410.0,385.0,393.0,-3.2,38738.0,687.4,450.0
SIFC,12/13/2021,388.0,393.0,353.7,360.0,-8.4,111989.0,687.4,450.0
SIFC,12/14/2021,367.2,396.0,355.0,391.0,8.61,36627.0,687.4,450.0
SIFC,12/15/2021,395.0,427.0,381.0,404.0,3.32,59467.0,687.4,450.0
SIFC,12/16/2021,400.0,400.0,383.0,390.0,-3.47,34067.0,687.4,450.0
SIFC,12/20/2021,382.2,394.0,375.0,383.0,-1.79,22636.0,687.4,450.0
SIFC,12/21/2021,390.0,406.0,383.0,397.9,3.89,26164.0,687.4,450.0
SIFC,12/22/2021,404.0,416.0,399.0,414.0,4.05,44350.0,687.4,450.0
SIFC,12/23/2021,416.0,420.0,399.9,406.0,-1.93,42797.0,687.4,450.0
SIFC,12/26/2021,412.0,420.2,400.0,403.5,-0.62,32482.0,687.4,450.0
SIFC,12/27/2021,411.5,412.0,381.3,384.0,-4.83,38649.0,687.4,450.0
SIFC,12/28/2021,378.3,406.0,372.0,398.0,3.65,29190.0,687.4,450.0
SIFC,12/29/2021,404.0,405.0,392.0,392.0,-1.51,18944.0,687.4,450.0
SIFC,1/2/2022,398.0,422.5,395.0,420.0,7.14,69431.0,687.4,450.0
SIFC,1/3/2022,428.0,449.8,420.0,439.0,4.52,67925.0,687.4,450.0
SIFC,1/4/2022,440.0,482.9,431.0,482.9,10.0,64781.0,687.4,450.0
SIFC,1/5/2022,490.0,500.0,470.5,476.0,-1.43,109895.0,687.4,450.0
SIFC,1/6/2022,438.0,449.0,432.0,442.0,-7.14,29106.0,687.4,450.0
SIFC,1/9/2022,442.0,465.1,442.0,459.0,3.85,50078.0,687.4,450.0
SIFC,1/10/2022,468.0,476.9,450.0,466.0,1.53,46119.0,687.4,450.0
SIFC,1/11/2022,466.0,505.0,461.0,493.0,5.79,76464.0,687.4,450.0
SIFC,1/12/2022,495.1,510.0,475.0,484.0,-1.83,46145.0,687.4,450.0
SIFC,1/13/2022,474.4,508.9,470.0,508.9,5.14,55315.0,687.4,450.0
SIFC,1/16/2022,518.0,529.3,505.0,507.0,-0.37,57954.0,687.4,450.0
SIFC,1/17/2022,497.0,523.0,497.0,519.0,2.37,53835.0,687.4,450.0
SIFC,1/18/2022,510.0,522.0,490.0,498.0,-4.05,51200.0,687.4,450.0
SIFC,1/19/2022,507.9,528.0,484.0,488.2,-1.97,46522.0,687.4,450.0
SIFC,1/20/2022,488.0,512.0,480.0,510.0,4.47,30440.0,687.4,450.0
SIFC,1/23/2022,510.1,518.0,492.0,499.0,-2.16,34583.0,687.4,450.0
SIFC,1/24/2022,489.1,495.0,461.0,470.0,-5.81,61281.0,687.4,450.0
SIFC,1/25/2022,461.0,485.0,458.0,460.0,-2.13,34527.0,687.4,450.0
SIFC,1/26/2022,460.0,466.9,447.2,451.0,-1.96,35252.0,687.4,450.0
SIFC,1/27/2022,447.0,466.0,447.0,455.0,0.89,18270.0,687.4,450.0
SIFC,1/30/2022,464.1,490.0,464.1,488.7,7.41,31603.0,687.4,450.0
SIFC,1/31/2022,492.0,494.0,473.5,474.0,-3.01,26504.0,687.4,450.0
SIFC,2/1/2022,483.0,494.0,474.2,490.0,3.38,22720.0,687.4,450.0
SIFC,2/3/2022,499.6,508.0,476.0,478.0,-2.45,34430.0,687.4,450.0
SIFC,2/6/2022,476.0,490.0,465.0,465.0,-2.72,21993.0,687.4,450.0
SIFC,2/7/2022,469.0,478.0,465.0,475.0,2.15,10428.0,687.4,450.0
SIFC,2/8/2022,484.5,500.0,466.0,467.0,-1.68,39797.0,687.4,450.0
SIFC,2/9/2022,464.5,473.0,462.0,471.0,0.86,16523.0,687.4,450.0
SIFC,2/10/2022,480.0,480.0,459.0,461.0,-2.12,10608.0,687.4,450.0
SIFC,2/13/2022,452.0,470.2,436.1,444.0,-3.69,26093.0,687.4,450.0
SIFC,2/14/2022,450.0,452.0,439.0,444.9,0.2,10015.0,687.4,450.0
SIFC,2/15/2022,453.0,464.0,444.0,464.0,4.29,10186.0,687.4,450.0
SIFC,2/16/2022,462.5,465.0,447.0,450.0,-3.02,8295.0,687.4,450.0
SIFC,2/17/2022,442.0,462.8,442.0,445.1,-1.09,9469.0,687.4,450.0
SIFC,2/20/2022,444.0,446.0,434.0,435.0,-2.27,17658.0,687.4,450.0
SIFC,2/21/2022,440.0,447.0,435.3,444.0,2.07,8154.0,687.4,450.0
SIFC,2/22/2022,445.0,458.9,445.0,447.2,0.72,9434.0,687.4,450.0
SIFC,2/23/2022,450.0,453.0,445.0,450.0,0.63,5747.0,687.4,450.0
SIFC,2/24/2022,441.0,450.0,433.1,436.0,-3.11,17488.0,687.4,450.0
SIFC,2/27/2022,436.0,436.6,426.0,436.0,0.0,7812.0,687.4,450.0
SIFC,2/28/2022,444.7,444.7,417.0,418.2,-4.08,9512.0,687.4,450.0
SIFC,3/2/2022,426.5,430.0,400.9,403.0,-3.63,14758.0,687.4,450.0
SIFC,3/6/2022,411.0,419.0,397.0,403.0,0.0,10233.0,687.4,450.0
SIFC,3/7/2022,409.0,415.0,395.0,400.0,-0.74,8690.0,687.4,450.0
SIFC,3/9/2022,407.9,408.0,393.0,395.0,-1.25,30028.0,687.4,450.0
SIFC,3/10/2022,395.0,417.0,395.0,410.0,3.8,10016.0,687.4,450.0
SIFC,3/13/2022,418.2,435.0,417.0,431.0,5.12,13611.0,687.4,450.0
SIFC,3/14/2022,432.0,435.0,422.4,424.5,-1.51,8170.0,687.4,450.0
SIFC,3/15/2022,419.0,428.4,416.6,428.4,0.92,9389.0,687.4,450.0
SIFC,3/16/2022,425.0,425.0,418.0,420.0,-1.96,6724.0,687.4,450.0
SIFC,3/20/2022,411.6,426.0,411.6,418.4,-0.38,7271.0,687.4,450.0
SIFC,3/21/2022,421.0,443.0,411.0,437.8,4.64,11310.0,687.4,450.0
SIFC,3/22/2022,440.0,440.0,429.1,429.1,-1.99,3981.0,687.4,450.0
SIFC,3/23/2022,422.1,429.5,417.0,420.0,-2.12,4788.0,687.4,450.0
SIFC,3/24/2022,412.1,420.0,411.6,417.0,-0.71,6363.0,687.4,450.0
SIFC,3/27/2022,412.0,412.0,397.0,400.0,-4.08,10095.0,687.4,450.0
SIFC,3/28/2022,408.0,408.0,392.2,395.0,-1.25,5745.0,687.4,450.0
SIFC,3/29/2022,400.0,405.0,388.0,394.0,-0.25,6115.0,687.4,450.0
SIFC,3/30/2022,393.0,415.0,388.0,415.0,5.33,7718.0,687.4,450.0
SIFC,3/31/2022,415.0,415.0,402.0,408.0,-1.69,7073.0,687.4,450.0
SIFC,4/3/2022,400.0,402.1,396.0,396.1,-2.92,3151.0,687.4,450.0
SIFC,4/4/2022,395.0,404.0,394.5,398.0,0.48,3187.0,687.4,450.0
SIFC,4/5/2022,391.1,396.0,381.1,393.0,-1.26,6472.0,687.4,450.0
SIFC,4/6/2022,387.0,393.0,376.6,384.0,-2.29,7524.0,687.4,450.0
SIFC,4/7/2022,390.0,397.0,383.3,386.0,0.52,5515.0,687.4,450.0
SIFC,4/11/2022,393.7,408.0,372.0,375.0,-2.85,6086.0,687.4,450.0
SIFC,4/12/2022,375.0,376.0,361.0,368.0,-1.87,6337.0,687.4,450.0
SIFC,4/13/2022,372.0,380.0,366.0,379.5,3.12,3161.0,687.4,450.0
SIFC,4/17/2022,380.0,387.0,369.0,369.0,-2.77,2132.0,687.4,450.0
SIFC,4/18/2022,364.0,364.1,350.0,357.0,-3.25,4080.0,687.4,450.0
SIFC,4/19/2022,364.0,364.0,353.0,362.0,1.4,3181.0,687.4,450.0
SIFC,4/20/2022,365.0,365.0,339.0,348.0,-3.87,4315.0,687.4,450.0
SIFC,4/21/2022,341.1,353.0,328.3,350.0,0.57,6572.0,687.4,450.0
SIFC,4/24/2022,346.1,385.0,346.1,385.0,10.0,10835.0,687.4,450.0
SIFC,4/25/2022,392.0,404.0,366.1,385.0,0.0,8744.0,687.4,450.0
SIFC,4/26/2022,385.0,391.0,370.1,375.0,-2.6,7178.0,687.4,450.0
SIFC,4/27/2022,381.0,381.0,365.1,375.0,0.0,7411.0,687.4,450.0
SIFC,4/28/2022,380.0,392.5,368.0,374.6,-0.11,16081.0,687.4,450.0
SIFC,5/2/2022,368.0,368.0,352.0,354.0,-5.5,5322.0,687.4,450.0
SIFC,5/4/2022,350.0,361.0,340.0,347.0,-1.98,8554.0,687.4,450.0
SIFC,5/5/2022,340.1,350.0,327.1,339.0,-2.31,6738.0,687.4,450.0
SIFC,5/8/2022,333.0,369.0,332.9,363.0,7.08,7980.0,687.4,450.0
SIFC,5/9/2022,370.0,370.0,349.0,367.0,1.1,7459.0,687.4,450.0
SIFC,5/10/2022,367.0,380.0,365.0,375.0,2.18,7303.0,687.4,450.0
SIFC,5/11/2022,381.5,390.0,375.1,390.0,4.0,12281.0,687.4,450.0
SIFC,5/12/2022,394.0,397.0,368.0,370.0,-5.13,14916.0,687.4,450.0
SIFC,5/17/2022,375.0,375.0,349.0,353.9,-4.35,5841.0,687.4,450.0
SIFC,5/18/2022,346.9,365.1,338.0,360.0,1.72,9030.0,687.4,450.0
SIFC,5/19/2022,359.9,360.0,340.0,343.0,-4.72,6377.0,687.4,450.0
SIFC,5/20/2022,337.0,355.0,337.0,351.9,2.59,3822.0,687.4,450.0
SIFC,5/23/2022,345.0,350.0,332.0,340.0,-3.38,8340.0,687.4,450.0
SIFC,5/24/2022,346.0,353.8,339.1,345.0,1.47,10144.0,687.4,450.0
SIFC,5/25/2022,351.0,358.0,344.9,344.9,-0.03,5272.0,687.4,450.0
SIFC,5/26/2022,351.7,351.7,338.1,344.5,-0.12,3846.0,687.4,450.0
SIFC,5/27/2022,345.0,345.0,335.1,336.5,-2.32,4718.0,687.4,450.0
SIFC,5/30/2022,343.0,343.0,326.0,329.5,-2.08,10535.0,687.4,450.0
SIFC,5/31/2022,324.0,334.0,315.2,328.0,-0.46,11723.0,687.4,450.0
SIFC,6/1/2022,334.5,340.5,318.1,329.0,0.3,3161.0,687.4,450.0
SIFC,6/2/2022,332.0,335.5,324.5,329.0,0.0,2636.0,687.4,450.0
SIFC,6/3/2022,325.2,328.0,308.1,322.9,-1.85,10713.0,687.4,450.0
SIFC,6/6/2022,322.0,326.0,312.1,314.9,-2.48,12523.0,687.4,450.0
SIFC,6/7/2022,315.0,317.9,305.3,309.8,-1.62,5793.0,687.4,450.0
SIFC,6/8/2022,314.0,330.0,309.0,325.0,4.91,9868.0,687.4,450.0
SIFC,6/9/2022,330.8,334.0,314.0,320.0,-1.54,11094.0,687.4,450.0
SIFC,6/10/2022,323.9,323.9,313.6,319.0,-0.31,2658.0,687.4,450.0
SIFC,6/13/2022,320.0,320.0,308.1,309.1,-3.1,3164.0,687.4,450.0
SIFC,6/14/2022,309.0,309.0,294.0,300.0,-2.94,9059.0,687.4,450.0
SIFC,6/15/2022,295.0,298.0,287.5,295.0,-1.67,8722.0,687.4,450.0
SIFC,6/16/2022,300.0,306.0,290.3,298.6,1.22,4327.0,687.4,450.0
SIFC,6/17/2022,304.0,304.0,286.4,300.0,0.47,2862.0,687.4,450.0
SIFC,6/19/2022,294.0,294.0,282.6,282.6,-5.8,4784.0,687.4,450.0
SIFC,6/20/2022,277.0,282.0,254.4,266.5,-5.7,25004.0,687.4,450.0
SIFC,6/21/2022,269.0,278.6,263.5,277.0,3.94,8986.0,687.4,450.0
SIFC,6/22/2022,271.5,275.9,260.3,265.0,-4.33,6388.0,687.4,450.0
SIFC,6/23/2022,260.0,260.0,246.5,255.0,-3.77,7419.0,687.4,450.0
SIFC,6/24/2022,250.0,271.0,236.3,256.9,0.75,9139.0,687.4,450.0
SIFC,6/26/2022,262.0,282.3,259.0,282.3,9.89,31963.0,687.4,450.0
SIFC,6/27/2022,285.0,296.0,272.0,272.0,-3.65,17517.0,687.4,450.0
SIFC,6/28/2022,267.0,271.0,257.8,264.0,-2.94,11013.0,687.4,450.0
SIFC,6/29/2022,259.0,280.0,259.0,280.0,6.06,18664.0,687.4,450.0
SIFC,6/30/2022,285.6,304.0,283.0,303.9,8.54,28329.0,687.4,450.0
SIFC,7/1/2022,303.8,309.9,293.0,297.0,-2.27,13948.0,687.4,450.0
SIFC,7/3/2022,297.0,309.0,294.0,305.6,2.9,16976.0,687.4,450.0
SIFC,7/4/2022,310.0,328.0,295.1,300.0,-1.83,39071.0,687.4,450.0
SIFC,7/5/2022,294.0,308.9,282.5,290.5,-3.17,41118.0,687.4,450.0
SIFC,7/6/2022,286.5,310.0,280.1,305.0,4.99,19285.0,687.4,450.0
SIFC,7/7/2022,311.0,317.0,298.9,301.7,-1.08,17756.0,687.4,450.0
SIFC,7/8/2022,295.7,295.7,290.0,290.0,-3.88,6897.0,687.4,450.0
SIFC,7/11/2022,286.0,289.0,268.0,268.0,-7.59,17476.0,687.4,450.0
SIFC,7/12/2022,273.0,279.9,264.2,273.0,1.87,12783.0,687.4,450.0
SIFC,7/13/2022,278.0,296.0,275.0,295.0,8.06,24036.0,687.4,450.0
SIFC,7/14/2022,300.0,313.0,294.0,305.0,3.39,34672.0,687.4,450.0
SIFC,7/15/2022,311.0,311.0,289.2,299.0,-1.97,17488.0,687.4,450.0
SIFC,7/17/2022,295.0,301.2,294.0,295.0,-1.34,7173.0,687.4,450.0
SIFC,7/18/2022,290.0,310.0,290.0,302.0,2.37,9145.0,687.4,450.0
SIFC,7/19/2022,308.0,316.0,305.1,309.9,2.62,25100.0,687.4,450.0
SIFC,7/20/2022,312.9,324.9,306.7,318.0,2.61,55761.0,687.4,450.0
SIFC,7/21/2022,313.0,324.0,313.0,318.0,0.0,16382.0,687.4,450.0
SIFC,7/22/2022,312.0,315.0,307.0,309.0,-2.83,21486.0,687.4,450.0
SIFC,7/24/2022,315.0,339.9,304.0,338.0,9.39,66072.0,687.4,450.0
SIFC,7/25/2022,344.0,371.8,344.0,371.0,9.76,79399.0,687.4,450.0
SIFC,7/26/2022,364.0,378.0,352.0,357.9,-3.53,55073.0,687.4,450.0
SIFC,7/27/2022,351.0,373.0,345.2,371.4,3.77,77959.0,687.4,450.0
SIFC,7/28/2022,378.0,408.5,375.0,395.0,6.35,73534.0,687.4,450.0
SIFC,7/29/2022,402.0,402.0,380.0,390.0,-1.27,33940.0,687.4,450.0
SIFC,7/31/2022,390.0,397.0,380.0,386.0,-1.03,47426.0,687.4,450.0
SIFC,8/1/2022,389.0,396.7,378.3,388.6,0.67,46142.0,687.4,450.0
SIFC,8/2/2022,385.0,403.0,376.0,392.5,1.0,42860.0,687.4,450.0
SIFC,8/3/2022,399.0,399.0,381.7,389.3,-0.82,37823.0,687.4,450.0
SIFC,8/4/2022,381.6,390.0,375.0,375.0,-3.67,32851.0,687.4,450.0
SIFC,8/5/2022,382.0,382.0,360.0,362.0,-3.47,23716.0,687.4,450.0
SIFC,8/7/2022,361.0,374.0,358.0,370.0,2.21,21292.0,687.4,450.0
SIFC,8/8/2022,377.0,380.0,360.0,366.0,-1.08,22825.0,687.4,450.0
SIFC,8/9/2022,359.0,365.0,341.0,347.0,-5.19,37997.0,687.4,450.0
SIFC,8/10/2022,342.0,357.5,335.0,352.0,1.44,15106.0,687.4,450.0
SIFC,8/11/2022,356.8,358.0,335.0,337.0,-4.26,14963.0,687.4,450.0
SIFC,8/14/2022,343.0,343.0,329.4,335.0,-0.59,17281.0,687.4,450.0
SIFC,8/15/2022,341.7,368.5,338.5,368.5,10.0,35861.0,687.4,450.0
SIFC,8/16/2022,375.8,382.0,350.0,359.0,-2.58,50616.0,687.4,450.0
SIFC,8/17/2022,352.1,367.9,352.0,360.0,0.28,18929.0,687.4,450.0
SIFC,8/18/2022,367.2,374.1,356.1,371.0,3.06,22726.0,687.4,450.0
SIFC,8/21/2022,378.0,383.0,356.0,365.0,-1.62,20594.0,687.4,450.0
SIFC,8/22/2022,357.9,370.0,356.0,361.0,-1.1,9490.0,687.4,450.0
SIFC,8/23/2022,362.5,368.0,358.4,361.5,0.14,5422.0,687.4,450.0
SIFC,8/24/2022,361.5,368.0,356.0,362.0,0.14,12436.0,687.4,450.0
SIFC,8/25/2022,368.0,368.0,352.8,352.9,-2.51,13586.0,687.4,450.0
SIFC,8/26/2022,346.5,348.0,340.2,347.0,-1.67,14943.0,687.4,450.0
SIFC,8/28/2022,341.0,346.9,330.0,330.1,-4.87,25825.0,687.4,450.0
SIFC,8/29/2022,323.7,341.0,323.5,339.0,2.7,19335.0,687.4,450.0
SIFC,8/30/2022,344.9,345.0,336.0,338.9,-0.03,5216.0,687.4,450.0
SIFC,8/31/2022,333.0,333.0,323.5,323.5,-4.54,5898.0,687.4,450.0
SIFC,9/1/2022,327.8,335.5,317.1,333.8,3.18,11330.0,687.4,450.0
SIFC,9/2/2022,335.0,335.1,327.5,328.0,-1.74,3811.0,687.4,450.0
SIFC,9/4/2022,334.5,336.6,328.0,330.0,0.61,7542.0,687.4,450.0
SIFC,9/5/2022,336.6,343.2,328.3,328.3,-0.52,5553.0,687.4,450.0
SIFC,9/6/2022,329.0,329.0,320.0,320.0,-2.53,7909.0,687.4,450.0
SIFC,9/7/2022,318.0,321.0,315.0,319.8,-0.06,13817.0,687.4,450.0
SIFC,9/8/2022,326.1,329.0,315.0,329.0,2.88,7580.0,687.4,450.0
SIFC,9/11/2022,329.0,332.6,321.0,327.0,-0.61,6069.0,687.4,450.0
SIFC,9/12/2022,322.0,326.4,321.0,324.0,-0.92,3802.0,687.4,450.0
SIFC,9/13/2022,327.5,332.9,323.5,331.9,2.44,8087.0,687.4,450.0
SIFC,9/14/2022,325.3,351.0,325.3,350.0,5.45,20095.0,687.4,450.0
SIFC,9/15/2022,343.0,346.3,326.7,327.0,-6.57,23410.0,687.4,450.0
SIFC,9/16/2022,320.5,324.0,314.0,324.0,-0.92,13013.0,687.4,450.0
SIFC,9/18/2022,319.0,324.0,313.0,317.0,-2.16,7779.0,687.4,450.0
SIFC,9/20/2022,311.0,311.0,302.3,304.0,-4.1,8680.0,687.4,450.0
SIFC,9/21/2022,309.4,315.0,307.7,312.9,2.93,5491.0,687.4,450.0
SIFC,9/22/2022,312.0,314.6,303.8,306.0,-2.21,4028.0,687.4,450.0
SIFC,9/25/2022,300.0,306.0,294.1,299.9,-1.99,5990.0,687.4,450.0
SIFC,9/27/2022,300.0,311.0,300.0,304.0,1.37,5145.0,687.4,450.0
SIFC,9/28/2022,301.2,306.0,300.0,306.0,0.66,2365.0,687.4,450.0
SIFC,9/29/2022,312.0,312.0,297.0,297.0,-2.94,8091.0,687.4,450.0
SIFC,10/9/2022,302.9,314.0,297.0,313.0,5.39,5252.0,687.4,450.0
SIFC,10/10/2022,315.0,315.0,299.0,301.0,-3.83,7780.0,687.4,450.0
SIFC,10/11/2022,295.2,301.1,295.0,300.0,-0.33,21117.0,687.4,450.0
SIFC,10/12/2022,298.0,316.0,294.4,312.0,4.0,8240.0,687.4,450.0
SIFC,10/13/2022,314.6,316.9,309.1,316.0,1.28,5777.0,687.4,450.0
SIFC,10/16/2022,315.9,322.0,306.1,314.0,-0.63,21257.0,687.4,450.0
SIFC,10/17/2022,313.0,314.0,303.6,311.8,-0.7,2253.0,687.4,450.0
SIFC,10/19/2022,318.0,318.0,296.1,300.0,-3.78,6744.0,687.4,450.0
SIFC,10/20/2022,296.2,305.0,294.0,303.0,1.0,2230.0,687.4,450.0
SIFC,10/23/2022,297.0,305.9,297.0,303.7,0.23,2411.0,687.4,450.0
SIFC,10/31/2022,301.8,301.8,292.4,295.4,-2.73,3997.0,687.4,450.0
SIFC,11/1/2022,290.0,313.0,290.0,313.0,5.96,11124.0,687.4,450.0
SIFC,11/2/2022,313.1,325.0,313.0,319.0,1.92,18434.0,687.4,450.0
SIFC,11/3/2022,323.0,323.0,313.0,315.0,-1.25,2441.0,687.4,450.0
SIFC,11/6/2022,312.0,338.0,312.0,338.0,7.3,9636.0,687.4,450.0
SIFC,11/7/2022,342.0,342.0,319.0,329.9,-2.4,15595.0,687.4,450.0
SIFC,11/8/2022,330.0,333.5,322.0,326.4,-1.06,6433.0,687.4,450.0
SIFC,11/9/2022,320.3,320.5,306.8,306.8,-6.0,16717.0,687.4,450.0
SIFC,11/10/2022,303.0,311.0,296.0,300.0,-2.22,19252.0,687.4,450.0
SIFC,11/13/2022,300.0,306.0,295.0,299.0,-0.33,6065.0,687.4,450.0
SIFC,11/14/2022,302.9,308.0,300.3,308.0,3.01,6850.0,687.4,450.0
SIFC,11/15/2022,311.0,311.0,300.3,303.0,-1.62,5026.0,687.4,450.0
SIFC,11/16/2022,303.0,307.0,295.0,300.5,-0.83,14672.0,687.4,450.0
SIFC,11/17/2022,304.0,314.9,303.3,310.0,3.16,13013.0,687.4,450.0
SIFC,11/22/2022,314.0,321.0,308.0,308.0,-0.65,9855.0,687.4,450.0
SIFC,11/23/2022,303.0,307.0,303.0,305.0,-0.97,5225.0,687.4,450.0
SIFC,11/24/2022,299.0,315.9,299.0,314.0,2.95,6634.0,687.4,450.0
SIFC,11/27/2022,308.0,318.8,308.0,317.0,0.96,15355.0,687.4,450.0
SIFC,11/28/2022,322.0,323.3,311.0,313.0,-1.26,9909.0,687.4,450.0
SIFC,11/29/2022,315.0,317.0,309.0,315.0,0.64,4542.0,687.4,450.0
SIFC,11/30/2022,318.0,318.0,310.0,311.0,-1.27,2501.0,687.4,450.0
SIFC,12/1/2022,311.0,316.0,309.0,311.0,0.0,3357.0,687.4,450.0
SIFC,12/4/2022,308.0,314.1,308.0,313.9,0.93,2936.0,687.4,450.0
SIFC,12/5/2022,309.0,309.0,303.0,305.9,-2.55,3571.0,687.4,450.0
SIFC,12/6/2022,300.1,310.0,300.0,308.9,0.98,4806.0,687.4,450.0
SIFC,12/7/2022,303.1,306.0,299.0,301.0,-2.56,5115.0,687.4,450.0
SIFC,12/11/2022,295.3,304.8,295.0,304.8,1.26,3183.0,687.4,450.0
SIFC,12/12/2022,306.0,306.0,295.0,305.8,0.33,4911.0,687.4,450.0
SIFC,12/13/2022,299.7,305.0,299.0,304.0,-0.59,7612.0,687.4,450.0
SIFC,12/14/2022,308.0,310.0,300.8,303.0,-0.33,4041.0,687.4,450.0
SIFC,12/15/2022,302.0,302.0,290.6,296.4,-2.18,4336.0,687.4,450.0
SIFC,12/18/2022,294.0,294.0,278.9,284.0,-4.18,14121.0,687.4,450.0
SIFC,12/19/2022,284.0,287.5,277.0,282.6,-0.49,3310.0,687.4,450.0
SIFC,12/20/2022,287.0,288.2,283.0,283.0,0.14,3624.0,687.4,450.0
SIFC,12/21/2022,284.9,285.0,277.5,277.5,-1.94,3121.0,687.4,450.0
SIFC,12/22/2022,273.1,280.0,273.1,275.7,-0.65,1675.0,687.4,450.0
SIFC,12/26/2022,280.2,300.0,280.2,300.0,8.81,7985.0,687.4,450.0
SIFC,12/27/2022,305.9,321.3,305.0,315.0,5.0,37393.0,687.4,450.0
SIFC,12/28/2022,310.0,334.0,309.1,324.0,2.86,39631.0,687.4,450.0
SIFC,12/29/2022,329.9,339.9,318.0,339.9,4.91,25749.0,687.4,450.0
SIFC,1/1/2023,335.0,345.0,323.8,333.0,-2.03,34221.0,687.4,450.0
SIFC,1/2/2023,328.0,339.6,325.3,337.0,1.2,33676.0,687.4,450.0
SIFC,1/3/2023,326.2,331.9,320.2,321.0,-4.75,28536.0,687.4,450.0
SIFC,1/4/2023,320.0,334.0,320.0,334.0,4.05,27329.0,687.4,450.0
SIFC,1/5/2023,334.0,367.4,334.0,362.0,8.38,95531.0,687.4,450.0
SIFC,1/8/2023,368.0,382.0,359.7,378.0,4.42,27870.0,687.4,450.0
SIFC,1/9/2023,379.9,407.0,371.0,390.0,3.17,15651.0,687.4,450.0
SIFC,1/10/2023,391.0,395.6,363.0,367.9,-5.67,120502.0,687.4,450.0
SIFC,1/12/2023,375.2,382.0,342.0,342.0,-7.04,38362.0,687.4,450.0
SIFC,1/17/2023,348.8,365.0,340.0,360.0,5.26,34472.0,687.4,450.0
SIFC,1/18/2023,362.0,373.8,359.0,362.0,0.56,20508.0,687.4,450.0
SIFC,1/19/2023,355.0,365.0,354.0,359.0,-0.83,12219.0,687.4,450.0
SIFC,1/23/2023,358.0,364.0,346.0,350.0,-2.51,17586.0,687.4,450.0
SIFC,1/24/2023,346.0,367.8,339.2,357.1,2.03,30637.0,687.4,450.0
SIFC,1/25/2023,359.0,371.2,356.0,359.5,0.67,30877.0,687.4,450.0
SIFC,1/26/2023,360.0,365.0,352.8,359.0,-0.14,6932.0,687.4,450.0
SIFC,1/29/2023,352.3,359.0,345.1,346.3,-3.54,10981.0,687.4,450.0
SIFC,1/30/2023,351.0,351.0,331.0,331.0,-4.42,21833.0,687.4,450.0
SIFC,1/31/2023,325.4,344.7,325.3,335.9,1.48,15109.0,687.4,450.0
SIFC,2/1/2023,338.0,350.0,333.0,339.0,0.92,6769.0,687.4,450.0
SIFC,2/2/2023,340.0,346.8,325.0,334.0,-1.47,10099.0,687.4,450.0
SIFC,2/5/2023,327.4,345.0,327.4,344.0,2.99,16502.0,687.4,450.0
SIFC,2/6/2023,344.0,344.0,338.0,341.0,-0.87,7128.0,687.4,450.0
SIFC,2/7/2023,344.0,366.0,343.0,366.0,7.33,39099.0,687.4,450.0
SIFC,2/8/2023,373.0,373.0,355.2,357.0,-2.46,29346.0,687.4,450.0
SIFC,2/9/2023,356.0,362.0,356.0,360.0,0.84,11846.0,687.4,450.0
SIFC,2/12/2023,352.8,352.9,339.0,339.0,-5.83,19084.0,687.4,450.0
SIFC,2/14/2023,343.9,343.9,330.0,330.5,-2.51,18880.0,687.4,450.0
SIFC,2/15/2023,324.0,339.0,324.0,330.0,-0.15,10124.0,687.4,450.0
SIFC,2/16/2023,334.0,334.0,324.0,327.0,-0.91,9922.0,687.4,450.0
SIFC,2/20/2023,320.5,332.5,320.5,332.5,1.68,11295.0,687.4,450.0
SIFC,2/22/2023,332.5,342.0,330.0,341.0,2.56,7487.0,687.4,450.0
SIFC,2/23/2023,335.0,336.6,328.0,328.0,-3.81,8527.0,687.4,450.0
SIFC,2/26/2023,322.0,332.0,315.0,329.0,0.3,11730.0,687.4,450.0
SIFC,2/27/2023,330.0,335.0,318.1,327.0,-0.61,8981.0,687.4,450.0
SIFC,2/28/2023,330.0,335.0,323.8,323.8,-0.98,6167.0,687.4,450.0
SIFC,3/1/2023,324.0,324.0,319.0,322.0,-0.56,5335.0,687.4,450.0
SIFC,3/2/2023,317.0,323.3,311.2,315.0,-2.17,7060.0,687.4,450.0
SIFC,3/5/2023,311.0,314.0,305.0,308.0,-2.22,12148.0,687.4,450.0
SIFC,3/7/2023,314.1,320.1,310.0,314.0,1.95,2904.0,687.4,450.0
SIFC,3/9/2023,319.2,334.0,319.0,332.5,5.89,8325.0,687.4,450.0
SIFC,3/12/2023,335.1,339.9,323.0,323.0,-2.86,8241.0,687.4,450.0
SIFC,3/13/2023,316.6,322.0,316.2,322.0,-0.31,1755.0,687.4,450.0
SIFC,3/14/2023,324.0,327.0,322.1,326.8,1.49,6319.0,687.4,450.0
SIFC,3/15/2023,321.0,323.0,315.5,317.1,-2.97,6720.0,687.4,450.0
SIFC,3/16/2023,315.0,325.4,315.0,324.9,2.46,4001.0,687.4,450.0
SIFC,3/19/2023,320.0,326.8,318.0,324.0,-0.28,4687.0,687.4,450.0
SIFC,3/20/2023,326.0,330.0,322.1,330.0,1.85,6266.0,687.4,450.0
SIFC,3/22/2023,335.0,335.0,320.0,324.0,-1.82,5666.0,687.4,450.0
SIFC,3/23/2023,318.1,323.5,313.6,313.6,-3.21,4752.0,687.4,450.0
SIFC,3/26/2023,318.0,318.0,312.3,312.3,-0.41,2577.0,687.4,450.0
SIFC,3/27/2023,308.0,327.0,306.1,326.0,4.39,4847.0,687.4,450.0
SIFC,3/28/2023,325.0,328.0,315.6,320.0,-1.84,12777.0,687.4,450.0
SIFC,3/29/2023,320.0,323.0,316.0,322.0,0.63,1403.0,687.4,450.0
SIFC,3/30/2023,321.0,323.9,315.0,318.0,-1.24,4769.0,687.4,450.0
SIFC,4/2/2023,321.0,321.1,310.0,314.0,-1.26,3740.0,687.4,450.0
SIFC,4/3/2023,316.0,316.0,307.3,311.4,-0.83,3281.0,687.4,450.0
SIFC,4/4/2023,317.0,317.0,306.2,313.9,0.8,2900.0,687.4,450.0
SIFC,4/5/2023,310.0,315.0,308.0,315.0,0.35,3027.0,687.4,450.0
SIFC,4/6/2023,319.9,319.9,306.0,306.0,-2.86,2324.0,687.4,450.0
SIFC,4/9/2023,300.2,306.0,295.0,300.0,-1.96,7478.0,687.4,450.0
SIFC,4/10/2023,304.8,309.8,300.0,302.0,0.67,2541.0,687.4,450.0
SIFC,4/11/2023,308.0,309.0,303.0,309.0,2.32,2071.0,687.4,450.0
SIFC,4/12/2023,312.9,327.8,312.9,325.0,5.18,12879.0,687.4,450.0
SIFC,4/13/2023,325.0,330.0,318.0,319.9,-1.57,5927.0,687.4,450.0
SIFC,4/16/2023,319.0,328.4,316.0,321.0,0.34,1873.0,687.4,450.0
SIFC,4/17/2023,318.0,318.0,308.4,314.0,-2.18,3472.0,687.4,450.0
SIFC,4/18/2023,310.0,315.0,309.2,310.6,-1.08,2516.0,687.4,450.0
SIFC,4/19/2023,316.8,318.0,310.5,316.0,1.74,3090.0,687.4,450.0
SIFC,4/20/2023,315.0,315.0,308.7,308.7,-2.31,4140.0,687.4,450.0
SIFC,4/23/2023,305.1,305.4,303.0,305.0,-1.2,3113.0,687.4,450.0
SIFC,4/24/2023,305.0,311.0,305.0,311.0,1.97,1198.0,687.4,450.0
SIFC,4/25/2023,310.0,315.0,307.5,314.9,1.25,1969.0,687.4,450.0
SIFC,4/26/2023,312.0,312.0,308.7,308.7,-1.97,2277.0,687.4,450.0
SIFC,4/27/2023,308.0,310.0,305.0,305.0,-1.2,3955.0,687.4,450.0
SIFC,4/30/2023,301.0,307.0,301.0,304.9,-0.03,2289.0,687.4,450.0
SIFC,5/2/2023,304.0,308.0,302.1,304.9,0.0,2799.0,687.4,450.0
SIFC,5/3/2023,300.0,309.0,299.5,309.0,1.34,3460.0,687.4,450.0
SIFC,5/4/2023,303.1,309.0,303.1,309.0,0.0,1761.0,687.4,450.0
SIFC,5/7/2023,302.9,311.8,301.1,311.8,0.91,2268.0,687.4,450.0
SIFC,5/8/2023,305.6,307.8,300.0,307.8,-1.28,4327.0,687.4,450.0
SIFC,5/9/2023,307.8,309.9,302.0,302.0,-1.88,1837.0,687.4,450.0
SIFC,5/10/2023,296.3,306.0,296.3,305.9,1.29,325.0,687.4,450.0
SIFC,5/11/2023,310.0,310.0,301.1,303.0,-0.95,579.0,687.4,450.0
SIFC,5/14/2023,303.0,303.0,300.0,301.0,-0.66,1153.0,687.4,450.0
SIFC,5/15/2023,300.1,301.9,296.0,300.0,-0.33,1719.0,687.4,450.0
SIFC,5/16/2023,295.0,304.7,295.0,304.7,1.57,1916.0,687.4,450.0
SIFC,5/17/2023,307.3,311.9,304.0,311.9,2.36,2603.0,687.4,450.0
SIFC,5/18/2023,310.0,318.1,310.0,310.4,-0.48,4602.0,687.4,450.0
SIFC,5/21/2023,313.0,316.6,306.1,312.0,0.52,4878.0,687.4,450.0
SIFC,5/22/2023,306.0,324.0,306.0,317.4,1.73,7783.0,687.4,450.0
SIFC,5/23/2023,322.0,330.0,315.0,324.0,2.08,17991.0,687.4,450.0
SIFC,5/24/2023,317.6,325.0,317.6,322.0,-0.62,5129.0,687.4,450.0
SIFC,5/28/2023,317.1,326.0,311.6,314.8,-2.24,17916.0,687.4,450.0
SIFC,5/30/2023,309.0,315.0,300.1,311.0,-1.21,12994.0,687.4,450.0
SIFC,5/31/2023,305.0,309.9,293.2,300.0,-3.54,9787.0,687.4,450.0
SIFC,6/1/2023,297.1,303.9,294.0,300.0,0.0,11184.0,687.4,450.0
SIFC,6/4/2023,305.0,313.9,305.0,308.8,2.93,9173.0,687.4,450.0
SIFC,6/5/2023,305.0,314.9,302.7,305.0,-1.23,5216.0,687.4,450.0
SIFC,6/6/2023,302.1,316.0,302.1,312.8,2.56,11814.0,687.4,450.0
SIFC,6/7/2023,315.8,319.0,309.7,309.7,-0.99,10860.0,687.4,450.0
SIFC,6/8/2023,307.1,312.0,307.0,308.3,-0.45,7171.0,687.4,450.0
SIFC,6/11/2023,314.0,331.5,308.5,328.9,6.68,28520.0,687.4,450.0
SIFC,6/12/2023,328.9,336.0,325.0,329.4,0.15,19927.0,687.4,450.0
SIFC,6/13/2023,330.0,339.9,325.0,338.2,2.67,16858.0,687.4,450.0
SIFC,6/14/2023,335.0,356.0,333.2,340.0,0.53,58824.0,687.4,450.0
SIFC,6/15/2023,337.0,342.0,332.1,340.0,0.0,22018.0,687.4,450.0
SIFC,6/18/2023,345.0,353.7,338.1,352.9,3.79,17816.0,687.4,450.0
SIFC,6/19/2023,356.9,374.0,346.0,365.9,3.68,63612.0,687.4,450.0
SIFC,6/20/2023,367.0,370.0,343.9,343.9,-6.01,26854.0,687.4,450.0
SIFC,6/21/2023,349.9,350.0,335.0,335.0,-2.59,24483.0,687.4,450.0
SIFC,6/22/2023,341.7,347.0,333.3,333.3,-0.51,10156.0,687.4,450.0
SIFC,6/25/2023,330.1,360.0,327.0,354.0,6.21,34515.0,687.4,450.0
SIFC,6/26/2023,360.9,374.0,360.0,365.0,3.11,59022.0,687.4,450.0
SIFC,6/27/2023,371.9,389.8,364.9,386.0,5.75,71759.0,687.4,450.0
SIFC,6/28/2023,393.0,393.0,367.0,370.0,-4.15,57032.0,687.4,450.0
SIFC,7/2/2023,367.0,375.0,364.0,368.0,-0.54,39249.0,687.4,450.0
SIFC,7/3/2023,373.5,374.7,361.0,362.0,-1.63,17940.0,687.4,450.0
SIFC,7/4/2023,368.9,369.0,357.0,367.0,1.38,16862.0,687.4,450.0
SIFC,7/5/2023,374.0,374.0,356.0,358.0,-2.45,17620.0,687.4,450.0
SIFC,7/6/2023,356.0,365.0,352.0,358.0,0.0,11946.0,687.4,450.0
SIFC,7/9/2023,360.0,379.0,360.0,370.0,3.35,14349.0,687.4,450.0
SIFC,7/10/2023,377.4,389.5,372.0,386.0,4.32,60545.0,687.4,450.0
SIFC,7/11/2023,390.0,408.0,383.0,395.0,2.33,82934.0,687.4,450.0
SIFC,7/12/2023,400.0,402.0,385.0,387.0,-2.03,51261.0,687.4,450.0
SIFC,7/13/2023,394.0,394.7,376.0,378.0,-2.33,29961.0,687.4,450.0
SIFC,7/16/2023,384.0,384.0,370.0,375.0,-0.79,11456.0,687.4,450.0
SIFC,7/17/2023,382.0,393.0,377.5,390.3,4.08,20421.0,687.4,450.0
SIFC,7/18/2023,393.0,402.5,388.2,392.6,0.59,25477.0,687.4,450.0
SIFC,7/19/2023,394.0,395.0,385.0,385.0,-1.94,22842.0,687.4,450.0
SIFC,7/20/2023,385.0,390.0,377.3,377.3,-2.0,13245.0,687.4,450.0
SIFC,7/23/2023,380.0,394.7,369.8,386.0,2.31,29678.0,687.4,450.0
SIFC,7/24/2023,391.8,392.8,372.1,378.9,-1.84,15749.0,687.4,450.0
SIFC,7/25/2023,372.0,380.0,371.0,372.0,-1.82,14398.0,687.4,450.0
SIFC,7/26/2023,371.0,377.9,368.0,374.0,0.54,7759.0,687.4,450.0
SIFC,7/27/2023,381.2,381.2,363.0,364.0,-2.67,11154.0,687.4,450.0
SIFC,7/30/2023,361.0,365.0,352.0,354.0,-2.75,17324.0,687.4,450.0
SIFC,7/31/2023,361.0,367.0,350.0,363.8,2.77,18145.0,687.4,450.0
SIFC,8/1/2023,371.0,371.0,349.0,353.9,-2.72,10042.0,687.4,450.0
SIFC,8/2/2023,347.5,359.0,341.0,359.0,1.44,14553.0,687.4,450.0
SIFC,8/3/2023,362.0,369.0,353.3,354.0,-1.39,11576.0,687.4,450.0
SIFC,8/6/2023,347.0,353.0,337.0,342.0,-3.39,15295.0,687.4,450.0
SIFC,8/7/2023,340.3,355.6,340.3,344.5,0.73,5772.0,687.4,450.0
SIFC,8/8/2023,341.3,344.9,338.0,344.9,0.12,8771.0,687.4,450.0
SIFC,8/9/2023,349.0,353.0,338.1,353.0,2.35,10633.0,687.4,450.0
SIFC,8/10/2023,360.0,374.5,346.1,350.0,-0.85,7299.0,687.4,450.0
SIFC,8/13/2023,345.0,356.0,345.0,345.0,-1.43,5072.0,687.4,450.0
SIFC,8/14/2023,351.9,353.9,340.0,344.9,-0.03,13954.0,687.4,450.0
SIFC,8/15/2023,340.0,343.0,335.0,340.0,-1.42,4168.0,687.4,450.0
SIFC,8/16/2023,335.0,339.0,330.0,339.0,-0.29,5750.0,687.4,450.0
SIFC,8/17/2023,339.0,345.0,335.0,341.0,0.59,5630.0,687.4,450.0
SIFC,8/20/2023,341.0,346.0,338.0,343.3,0.67,4836.0,687.4,450.0
SIFC,8/21/2023,345.0,345.0,334.0,334.0,-2.71,2752.0,687.4,450.0
SIFC,8/22/2023,334.0,343.9,333.0,343.9,2.96,5681.0,687.4,450.0
SIFC,8/23/2023,350.0,350.0,344.0,348.0,1.19,3943.0,687.4,450.0
SIFC,8/24/2023,348.0,348.0,336.0,337.0,-3.16,4821.0,687.4,450.0
SIFC,8/27/2023,336.0,336.0,329.1,334.9,-0.62,4303.0,687.4,450.0
SIFC,8/28/2023,341.0,341.0,330.0,334.8,-0.03,3073.0,687.4,450.0
SIFC,8/29/2023,331.2,334.8,328.3,330.0,-1.43,6046.0,687.4,450.0
SIFC,8/30/2023,331.0,337.6,331.0,332.0,0.61,4017.0,687.4,450.0
SIFC,9/3/2023,330.0,330.9,327.3,330.5,-0.45,3219.0,687.4,450.0
SIFC,9/4/2023,337.1,337.1,324.4,325.0,-1.66,2232.0,687.4,450.0
SIFC,9/5/2023,325.0,329.0,322.2,325.1,0.03,2029.0,687.4,450.0
SIFC,9/7/2023,324.9,325.0,315.0,320.0,-1.57,3889.0,687.4,450.0
SIFC,9/10/2023,324.9,325.0,309.7,317.0,-0.94,8941.0,687.4,450.0
SIFC,9/11/2023,323.0,332.0,323.0,330.0,4.1,4348.0,687.4,450.0
SIFC,9/12/2023,330.0,330.0,317.0,317.0,-3.94,2870.0,687.4,450.0
SIFC,9/13/2023,323.2,334.5,323.2,334.0,5.36,14936.0,687.4,450.0
SIFC,9/17/2023,330.1,330.1,322.0,322.0,-3.59,3701.0,687.4,450.0
SIFC,9/18/2023,325.0,334.0,323.0,333.0,3.42,1928.0,687.4,450.0
SIFC,9/19/2023,333.0,337.0,325.8,337.0,1.2,7795.0,687.4,450.0
SIFC,9/21/2023,343.0,354.0,336.2,353.9,5.01,15289.0,687.4,450.0
SIFC,9/24/2023,347.0,354.8,342.0,345.0,-2.51,12122.0,687.4,450.0
SIFC,9/25/2023,339.0,351.9,339.0,346.0,0.29,9266.0,687.4,450.0
SIFC,9/26/2023,352.9,357.5,347.2,352.0,1.73,16677.0,687.4,450.0
SIFC,9/27/2023,345.3,354.9,340.0,352.9,0.26,18703.0,687.4,450.0
SIFC,10/1/2023,345.9,345.9,335.6,344.0,-2.52,12326.0,687.4,450.0
SIFC,10/2/2023,340.0,348.9,340.0,346.5,0.73,6394.0,687.4,450.0
SIFC,10/3/2023,351.0,351.0,335.1,342.0,-1.3,6687.0,687.4,450.0
SIFC,10/4/2023,340.0,343.0,338.0,342.9,0.26,18701.0,687.4,450.0
SIFC,10/5/2023,336.2,342.8,336.1,339.8,-0.9,7291.0,687.4,450.0
SIFC,10/8/2023,333.1,336.0,326.5,330.0,-2.88,23595.0,687.4,450.0
SIFC,10/9/2023,335.0,336.0,324.0,329.0,-0.3,12440.0,687.4,450.0
SIFC,10/10/2023,323.5,325.2,311.0,311.0,-5.47,13261.0,687.4,450.0
SIFC,10/11/2023,317.2,323.5,312.0,321.9,3.5,10098.0,687.4,450.0
SIFC,10/12/2023,325.0,325.0,310.0,314.0,-2.45,11048.0,687.4,450.0
SIFC,10/16/2023,310.0,315.0,307.5,313.0,-0.32,8195.0,687.4,450.0
SIFC,10/17/2023,319.0,319.0,309.0,309.0,-1.28,8753.0,687.4,450.0
SIFC,10/18/2023,315.1,320.0,315.0,320.0,3.56,4732.0,687.4,450.0
SIFC,10/19/2023,319.0,319.0,310.0,310.0,-3.12,2842.0,687.4,450.0
SIFC,10/29/2023,305.0,307.0,304.1,306.0,-1.29,2745.0,687.4,450.0
SIFC,10/30/2023,311.0,312.1,304.0,312.1,1.99,2920.0,687.4,450.0
SIFC,10/31/2023,312.0,312.0,305.9,309.0,-0.99,1416.0,687.4,450.0
SIFC,11/1/2023,309.0,309.0,303.6,309.0,0.0,2432.0,687.4,450.0
SIFC,11/2/2023,309.0,309.0,305.0,309.0,0.0,6140.0,687.4,450.0
SIFC,11/5/2023,303.0,306.1,302.9,304.2,-1.55,1713.0,687.4,450.0
SIFC,11/6/2023,310.0,313.0,300.1,302.3,-0.62,6561.0,687.4,450.0
SIFC,11/7/2023,307.4,308.3,305.0,305.0,0.89,4717.0,687.4,450.0
SIFC,11/8/2023,304.0,308.0,304.0,307.8,0.92,1717.0,687.4,450.0
SIFC,11/9/2023,312.0,318.0,303.0,318.0,3.31,5111.0,687.4,450.0
SIFC,11/20/2023,321.9,321.9,310.0,310.0,-2.52,6740.0,687.4,450.0
SIFC,11/21/2023,314.9,314.9,308.7,309.9,-0.03,4540.0,687.4,450.0
SIFC,11/22/2023,314.4,314.4,310.0,311.0,0.35,1978.0,687.4,450.0
SIFC,11/23/2023,314.0,323.1,314.0,317.0,1.93,9461.0,687.4,450.0
SIFC,11/26/2023,317.0,342.9,317.0,342.0,7.89,21119.0,687.4,450.0
SIFC,11/27/2023,344.0,344.0,328.0,336.0,-1.75,7819.0,687.4,450.0
SIFC,11/28/2023,330.1,336.8,330.0,333.9,-0.63,3017.0,687.4,450.0
SIFC,11/29/2023,339.0,345.0,325.1,326.0,-2.37,3895.0,687.4,450.0
SIFC,11/30/2023,320.0,332.0,320.0,322.5,-1.07,3815.0,687.4,450.0
SIFC,12/3/2023,318.0,324.9,310.2,323.0,0.16,6183.0,687.4,450.0
SIFC,12/4/2023,328.9,328.9,317.2,323.5,0.15,1404.0,687.4,450.0
SIFC,12/5/2023,326.0,329.9,315.0,318.0,-1.7,4237.0,687.4,450.0
SIFC,12/6/2023,323.0,323.0,317.0,317.0,-0.31,2079.0,687.4,450.0
SIFC,12/7/2023,312.1,323.3,312.1,320.5,1.1,1504.0,687.4,450.0
SIFC,12/10/2023,326.9,344.9,326.9,344.9,7.61,40.0,687.4,450.0
SIFC,12/11/2023,344.9,345.0,332.0,338.7,-1.8,9003.0,687.4,450.0
SIFC,12/12/2023,345.0,364.0,340.0,355.0,4.81,30423.0,687.4,450.0
SIFC,12/13/2023,355.0,364.0,346.6,353.3,-0.48,24654.0,687.4,450.0
SIFC,12/14/2023,346.8,360.0,346.8,360.0,1.9,11368.0,687.4,450.0
SIFC,12/17/2023,354.0,370.0,353.0,368.0,2.22,20334.0,687.4,450.0
SIFC,12/18/2023,370.0,386.0,370.0,379.9,3.23,51588.0,687.4,450.0
SIFC,12/19/2023,376.0,383.0,369.2,379.2,-0.18,15471.0,687.4,450.0
SIFC,12/20/2023,385.0,392.7,374.0,374.0,-1.37,17720.0,687.4,450.0
SIFC,12/21/2023,374.1,388.0,369.4,370.0,-1.07,32756.0,687.4,450.0
SIFC,12/24/2023,370.0,376.9,358.1,361.8,-2.22,27554.0,687.4,450.0
SIFC,12/27/2023,364.0,373.0,355.1,362.2,0.11,17050.0,687.4,450.0
SIFC,12/28/2023,362.0,368.0,357.0,360.9,-0.36,7780.0,687.4,450.0
SIFC,1/1/2024,364.0,375.0,358.7,358.7,-0.61,13595.0,687.4,450.0
SIFC,1/2/2024,353.1,365.8,353.0,357.0,-0.47,15240.0,687.4,450.0
SIFC,1/3/2024,364.0,369.0,352.0,369.0,3.36,6318.0,687.4,450.0
SIFC,1/4/2024,369.9,369.9,360.0,362.0,-1.9,7971.0,687.4,450.0
SIFC,1/7/2024,361.9,362.0,348.0,352.0,-2.76,4667.0,687.4,450.0
SIFC,1/8/2024,355.0,360.0,353.0,360.0,2.27,15420.0,687.4,450.0
SIFC,1/9/2024,365.0,380.0,365.0,373.9,3.86,16033.0,687.4,450.0
SIFC,1/10/2024,380.0,386.1,363.0,368.0,-1.58,32042.0,687.4,450.0
SIFC,1/11/2024,370.0,374.9,363.6,364.0,-1.09,12852.0,687.4,450.0
SIFC,1/14/2024,370.0,378.0,369.9,373.0,2.47,5026.0,687.4,450.0
SIFC,1/16/2024,380.4,387.1,377.0,385.7,3.4,43545.0,687.4,450.0
SIFC,1/17/2024,390.0,398.0,369.5,375.0,-2.77,45324.0,687.4,450.0
SIFC,1/18/2024,367.5,380.9,362.1,377.1,0.56,12255.0,687.4,450.0
SIFC,1/21/2024,371.0,375.0,364.0,364.0,-3.47,13486.0,687.4,450.0
SIFC,1/22/2024,364.0,365.0,347.0,353.0,-3.02,15879.0,687.4,450.0
SIFC,1/23/2024,360.0,366.9,344.3,353.9,0.25,7864.0,687.4,450.0
SIFC,1/24/2024,360.0,360.0,348.0,354.0,0.03,3994.0,687.4,450.0
SIFC,1/25/2024,353.0,357.0,345.0,350.0,-1.13,10440.0,687.4,450.0
SIFC,1/28/2024,350.0,355.0,350.0,355.0,1.43,5289.0,687.4,450.0
SIFC,1/29/2024,361.9,363.0,356.0,360.5,1.55,5666.0,687.4,450.0
SIFC,1/30/2024,366.9,366.9,355.3,361.0,0.14,15142.0,687.4,450.0
SIFC,1/31/2024,360.0,360.0,345.5,347.1,-3.85,14216.0,687.4,450.0
SIFC,2/1/2024,353.0,360.0,345.0,350.0,0.84,24447.0,687.4,450.0
SIFC,2/4/2024,344.2,356.0,344.2,350.0,0.0,6101.0,687.4,450.0
SIFC,2/5/2024,357.0,357.0,350.3,355.5,1.57,7540.0,687.4,450.0
SIFC,2/6/2024,361.9,361.9,349.1,358.0,0.7,6895.0,687.4,450.0
SIFC,2/7/2024,363.9,364.0,352.3,361.0,0.84,8884.0,687.4,450.0
SIFC,2/8/2024,366.0,366.0,358.8,364.0,0.83,8938.0,687.4,450.0
SIFC,2/11/2024,365.0,369.0,358.2,358.2,-1.59,2735.0,687.4,450.0
SIFC,2/12/2024,364.0,364.0,353.7,363.0,1.34,8419.0,687.4,450.0
SIFC,2/13/2024,359.9,359.9,348.1,354.0,-2.48,10349.0,687.4,450.0
SIFC,2/14/2024,357.9,389.4,357.8,385.0,8.76,93389.0,687.4,450.0
SIFC,2/15/2024,385.0,385.0,370.0,370.0,-3.9,33352.0,687.4,450.0
SIFC,2/18/2024,375.0,375.0,358.0,364.9,-1.38,16165.0,687.4,450.0
SIFC,2/20/2024,371.0,371.0,359.7,364.0,-0.25,13492.0,687.4,450.0
SIFC,2/21/2024,370.0,370.0,356.0,357.0,-1.92,11032.0,687.4,450.0
SIFC,2/22/2024,363.9,375.0,355.0,358.9,0.53,30907.0,687.4,450.0
SIFC,2/25/2024,358.0,371.9,356.0,364.0,1.42,35623.0,687.4,450.0
SIFC,2/26/2024,370.0,370.0,358.5,364.5,0.14,4665.0,687.4,450.0
SIFC,2/27/2024,360.0,368.0,358.0,368.0,0.96,4036.0,687.4,450.0
SIFC,2/28/2024,360.7,364.0,354.9,359.8,-2.23,6499.0,687.4,450.0
SIFC,2/29/2024,366.0,370.0,345.2,350.0,-2.72,13662.0,687.4,450.0
SIFC,3/3/2024,344.0,358.9,336.2,343.2,-1.94,5998.0,687.4,450.0
SIFC,3/4/2024,350.0,370.0,350.0,370.0,7.81,40.0,687.4,450.0
SIFC,3/5/2024,363.0,364.0,352.0,357.8,-3.3,14496.0,687.4,450.0
SIFC,3/6/2024,363.0,370.0,345.4,353.0,-1.34,21185.0,687.4,450.0
SIFC,3/7/2024,358.0,362.5,355.0,358.3,1.5,5954.0,687.4,450.0
SIFC,3/10/2024,364.9,370.0,357.0,362.3,1.12,14300.0,687.4,450.0
SIFC,3/12/2024,369.5,379.0,362.3,378.0,4.33,24129.0,687.4,450.0
SIFC,3/13/2024,378.0,388.0,374.0,380.0,0.53,30752.0,687.4,450.0
SIFC,3/14/2024,386.0,390.0,374.0,374.0,-1.58,19308.0,687.4,450.0
SIFC,3/17/2024,366.6,383.0,366.6,373.0,-0.27,8248.0,687.4,450.0
SIFC,3/18/2024,378.0,378.0,368.0,369.0,-1.07,8047.0,687.4,450.0
SIFC,3/19/2024,375.0,390.9,374.0,377.0,2.17,24201.0,687.4,450.0
SIFC,3/20/2024,382.0,382.0,371.0,372.0,-1.33,17109.0,687.4,450.0
SIFC,3/21/2024,370.0,386.9,369.2,373.0,0.27,26852.0,687.4,450.0
SIFC,3/25/2024,377.0,377.0,366.0,369.0,-1.07,9213.0,687.4,450.0
SIFC,3/26/2024,367.7,372.8,366.2,368.0,-0.27,5600.0,687.4,450.0
SIFC,3/27/2024,365.3,368.0,363.2,364.0,-1.09,8570.0,687.4,450.0
SIFC,3/28/2024,356.8,371.7,356.8,362.0,-0.55,10452.0,687.4,450.0
SIFC,3/31/2024,354.8,373.0,354.8,360.0,-0.55,11271.0,687.4,450.0
SIFC,4/1/2024,352.8,369.0,352.8,362.9,0.81,2616.0,687.4,450.0
SIFC,4/2/2024,369.0,369.0,355.4,360.0,-0.8,7726.0,687.4,450.0
SIFC,4/3/2024,356.6,364.0,355.0,356.0,-1.11,4883.0,687.4,450.0
SIFC,4/4/2024,357.1,364.0,357.1,361.9,1.66,13673.0,687.4,450.0
SIFC,4/7/2024,356.7,387.0,356.7,382.0,5.55,54410.0,687.4,450.0
SIFC,4/9/2024,389.0,402.9,383.0,393.0,2.88,98434.0,687.4,450.0
SIFC,4/10/2024,394.0,400.5,381.0,381.0,-3.05,48276.0,687.4,450.0
SIFC,4/14/2024,382.0,391.1,375.1,381.0,0.0,29804.0,687.4,450.0
SIFC,4/15/2024,384.0,394.0,377.6,379.8,-0.31,36331.0,687.4,450.0
SIFC,4/16/2024,379.0,385.4,372.0,372.8,-1.84,18062.0,687.4,450.0
SIFC,4/18/2024,372.9,385.0,372.0,374.9,0.56,18151.0,687.4,450.0
SIFC,4/21/2024,379.4,380.0,371.0,373.8,-0.29,13881.0,687.4,450.0
SIFC,4/22/2024,375.0,379.0,366.4,366.4,-1.98,21171.0,687.4,450.0
SIFC,4/24/2024,373.0,385.9,373.0,378.0,3.17,19119.0,687.4,450.0
SIFC,4/25/2024,380.0,406.0,380.0,397.0,5.03,118295.0,687.4,450.0
SIFC,4/28/2024,400.0,434.5,400.0,424.0,6.8,116643.0,687.4,450.0
SIFC,4/29/2024,426.0,453.0,410.1,447.0,5.42,149594.0,687.4,450.0
SIFC,4/30/2024,455.0,470.0,416.0,434.0,-2.91,139703.0,687.4,450.0
SIFC,5/2/2024,442.6,451.0,422.5,427.9,-1.41,85074.0,687.4,450.0
SIFC,5/5/2024,427.9,435.0,418.0,419.0,-2.08,97798.0,687.4,450.0
SIFC,5/6/2024,417.0,427.0,414.0,420.1,0.26,54157.0,687.4,450.0
SIFC,5/7/2024,420.1,429.9,407.0,415.0,-1.21,44918.0,687.4,450.0
SIFC,5/8/2024,419.9,440.0,412.4,434.8,4.77,65455.0,687.4,450.0
SIFC,5/9/2024,443.0,448.0,431.0,439.0,0.97,82138.0,687.4,450.0
SIFC,5/12/2024,440.0,443.7,424.0,426.0,-2.96,53892.0,687.4,450.0
SIFC,5/13/2024,434.0,434.0,419.0,425.0,-0.23,27464.0,687.4,450.0
SIFC,5/14/2024,425.9,430.0,419.1,422.0,-0.71,25154.0,687.4,450.0
SIFC,5/15/2024,430.4,430.4,417.2,418.0,-0.95,34858.0,687.4,450.0
SIFC,5/16/2024,418.0,424.9,415.0,415.5,-0.6,26166.0,687.4,450.0
SIFC,5/19/2024,423.8,426.0,412.0,425.0,2.29,43165.0,687.4,450.0
SIFC,5/20/2024,425.0,433.0,417.0,419.8,-1.22,30865.0,687.4,450.0
SIFC,5/21/2024,424.7,442.0,421.1,435.0,3.62,84763.0,687.4,450.0
SIFC,5/22/2024,436.2,443.0,424.0,428.0,-1.61,51016.0,687.4,450.0
SIFC,5/26/2024,419.5,430.0,414.0,414.0,-3.27,30769.0,687.4,450.0
SIFC,5/27/2024,409.3,437.0,409.3,420.0,1.45,47908.0,687.4,450.0
SIFC,5/29/2024,428.4,435.0,412.0,415.0,-1.19,21354.0,687.4,450.0
SIFC,5/30/2024,418.0,431.4,415.0,423.0,1.93,48336.0,687.4,450.0
SIFC,6/2/2024,426.0,444.0,423.1,436.0,3.07,63135.0,687.4,450.0
SIFC,6/3/2024,436.0,451.8,425.1,428.8,-1.65,74698.0,687.4,450.0
SIFC,6/4/2024,435.0,436.5,423.6,429.0,0.05,24923.0,687.4,450.0
SIFC,6/5/2024,434.8,438.0,426.0,429.9,0.21,17322.0,687.4,450.0
SIFC,6/6/2024,436.8,436.8,416.0,422.0,-1.84,32107.0,687.4,450.0
SIFC,6/9/2024,429.0,429.0,415.0,419.0,-0.71,18080.0,687.4,450.0
SIFC,6/10/2024,411.1,430.0,411.1,425.0,1.43,20694.0,687.4,450.0
SIFC,6/11/2024,431.0,432.9,425.0,430.9,1.39,34548.0,687.4,450.0
SIFC,6/12/2024,428.0,443.9,426.0,437.0,1.42,90511.0,687.4,450.0
SIFC,6/13/2024,442.0,460.0,442.0,447.0,2.29,115517.0,687.4,450.0
SIFC,6/16/2024,448.0,455.0,432.0,436.0,-2.46,60842.0,687.4,450.0
SIFC,6/18/2024,436.0,444.6,428.0,430.0,-1.38,35190.0,687.4,450.0
SIFC,6/19/2024,432.0,446.0,432.0,436.0,1.4,35327.0,687.4,450.0
SIFC,6/20/2024,444.0,452.7,431.3,443.5,1.72,62141.0,687.4,450.0
SIFC,6/23/2024,446.1,479.0,446.0,473.9,6.85,127394.0,687.4,450.0
SIFC,6/24/2024,483.3,485.6,459.1,462.0,-2.51,112945.0,687.4,450.0
SIFC,6/25/2024,465.1,489.6,462.0,467.6,1.21,81843.0,687.4,450.0
SIFC,6/26/2024,467.0,475.0,457.0,459.9,-1.65,53278.0,687.4,450.0
SIFC,6/27/2024,465.0,465.0,453.0,456.1,-0.83,41608.0,687.4,450.0
SIFC,6/30/2024,455.0,470.0,454.0,457.4,0.29,50843.0,687.4,450.0
SIFC,7/1/2024,463.3,463.3,452.0,452.1,-1.16,32413.0,687.4,450.0
SIFC,7/2/2024,461.1,480.0,457.2,465.0,2.85,41950.0,687.4,450.0
SIFC,7/3/2024,473.0,500.0,458.0,489.0,5.16,150090.0,687.4,450.0
SIFC,7/4/2024,497.5,504.0,478.0,486.0,-0.61,89216.0,687.4,450.0
SIFC,7/7/2024,493.0,493.0,470.4,470.4,-3.21,71767.0,687.4,450.0
SIFC,7/8/2024,479.0,480.0,471.0,473.0,0.55,36111.0,687.4,450.0
SIFC,7/9/2024,482.4,501.8,475.0,486.9,2.94,73842.0,687.4,450.0
SIFC,7/10/2024,477.2,503.0,477.2,494.5,1.56,58391.0,687.4,450.0
SIFC,7/11/2024,502.0,502.0,481.0,485.0,-1.92,49453.0,687.4,450.0
SIFC,7/14/2024,494.7,504.0,484.2,487.0,0.41,40716.0,687.4,450.0
SIFC,7/15/2024,496.7,508.0,480.6,490.0,0.62,116895.0,687.4,450.0
SIFC,7/16/2024,498.0,504.9,496.0,504.9,3.04,49282.0,687.4,450.0
SIFC,7/17/2024,511.0,550.0,506.0,539.0,6.75,92739.0,687.4,450.0
SIFC,7/18/2024,540.0,546.0,511.0,518.0,-3.9,87359.0,687.4,450.0
SIFC,7/21/2024,521.0,540.0,516.0,525.0,1.35,141873.0,687.4,450.0
SIFC,7/22/2024,524.1,531.0,514.1,525.0,0.0,68899.0,687.4,450.0
SIFC,7/23/2024,524.0,540.0,524.0,536.1,2.11,55977.0,687.4,450.0
SIFC,7/24/2024,544.0,566.0,536.1,539.0,0.54,152238.0,687.4,450.0
SIFC,7/25/2024,545.0,553.0,532.2,537.0,-0.37,71844.0,687.4,450.0
SIFC,7/28/2024,547.7,558.0,529.0,545.9,1.66,62056.0,687.4,450.0
SIFC,7/29/2024,539.0,554.0,535.0,543.0,-0.53,78780.0,687.4,450.0
SIFC,7/30/2024,545.0,582.0,545.0,576.0,6.08,143598.0,687.4,450.0
SIFC,7/31/2024,587.0,633.6,583.0,633.6,10.0,167230.0,687.4,450.0
SIFC,8/1/2024,646.2,696.9,646.2,686.0,8.27,211729.0,687.4,450.0
SIFC,8/5/2024,699.7,699.7,634.2,643.1,-6.25,172215.0,687.4,450.0
SIFC,8/6/2024,643.1,655.0,579.0,579.0,-9.97,200569.0,687.4,450.0
SIFC,8/7/2024,567.5,636.9,567.5,635.0,9.67,195275.0,687.4,450.0
SIFC,8/8/2024,647.0,653.0,610.0,616.0,-2.99,72077.0,687.4,450.0
SIFC,8/11/2024,627.9,645.1,605.0,629.0,2.11,126679.0,687.4,450.0
SIFC,8/12/2024,641.5,667.9,630.0,654.0,3.97,170251.0,687.4,450.0
SIFC,8/13/2024,667.0,705.0,657.0,685.0,4.74,119633.0,687.4,450.0
SIFC,8/14/2024,691.0,753.0,674.2,741.0,8.18,198112.0,687.4,450.0
SIFC,8/15/2024,741.0,785.0,717.1,722.0,-2.56,169916.0,687.4,450.0
SIFC,8/18/2024,707.6,773.9,695.0,719.9,-0.29,182755.0,687.4,450.0
SIFC,8/21/2024,734.2,761.9,734.2,745.0,3.49,140242.0,687.4,450.0
SIFC,8/22/2024,759.9,795.0,759.0,764.9,2.67,142842.0,687.4,450.0
SIFC,8/25/2024,780.1,780.1,722.0,726.0,-5.09,134952.0,687.4,450.0
SIFC,8/27/2024,740.5,748.6,690.0,700.0,-3.58,122730.0,687.4,450.0
SIFC,8/28/2024,714.0,725.0,675.0,683.5,-2.36,84712.0,687.4,450.0
SIFC,8/29/2024,697.1,703.9,655.0,655.0,-4.17,83996.0,687.4,450.0
SIFC,9/1/2024,654.1,681.0,637.0,648.0,-1.07,72075.0,687.4,450.0
SIFC,9/2/2024,660.0,712.8,643.2,705.0,8.8,119203.0,687.4,450.0
SIFC,9/3/2024,719.1,724.9,688.0,688.0,-2.41,92944.0,687.4,450.0
SIFC,9/4/2024,701.0,711.9,651.0,658.0,-4.36,65447.0,687.4,450.0
SIFC,9/5/2024,644.9,669.0,634.0,648.1,-1.5,54236.0,687.4,450.0
SIFC,9/8/2024,635.2,671.1,635.2,637.0,-1.71,36890.0,687.4,450.0
SIFC,9/9/2024,645.0,649.7,624.0,625.0,-1.88,39951.0,687.4,450.0
SIFC,9/10/2024,630.0,643.0,607.7,613.0,-1.92,45904.0,687.4,450.0
SIFC,9/11/2024,608.0,635.0,608.0,623.9,1.78,41498.0,687.4,450.0
SIFC,9/12/2024,626.0,647.0,622.4,645.0,3.38,41545.0,687.4,450.0
SIFC,9/15/2024,657.0,658.0,617.5,620.2,-3.84,44871.0,687.4,450.0
SIFC,9/16/2024,620.2,620.2,595.0,595.0,-4.06,55583.0,687.4,450.0
SIFC,9/18/2024,590.0,594.0,575.0,575.0,-3.36,40549.0,687.4,450.0
SIFC,9/22/2024,585.0,596.7,570.6,580.0,0.87,18519.0,687.4,450.0
SIFC,9/23/2024,591.0,591.0,535.0,540.3,-6.84,46142.0,687.4,450.0
SIFC,9/24/2024,551.0,551.0,509.0,514.0,-4.87,33313.0,687.4,450.0
SIFC,9/25/2024,510.0,537.0,500.0,528.0,2.72,37032.0,687.4,450.0
SIFC,9/26/2024,534.0,538.4,518.3,519.0,-1.7,23060.0,687.4,450.0
SIFC,9/29/2024,508.7,520.0,504.2,509.0,-1.93,26119.0,687.4,450.0
SIFC,9/30/2024,517.0,546.0,512.0,542.0,6.48,28936.0,687.4,450.0
SIFC,10/1/2024,543.0,596.2,532.0,596.2,10.0,56726.0,687.4,450.0
SIFC,10/2/2024,608.1,628.0,587.0,593.4,-0.47,76390.0,687.4,450.0
SIFC,10/6/2024,590.0,633.0,590.0,629.0,6.0,52384.0,687.4,450.0
SIFC,10/7/2024,641.0,649.9,595.1,619.0,-1.59,56458.0,687.4,450.0
SIFC,10/8/2024,609.0,622.0,607.0,611.0,-1.29,33133.0,687.4,450.0
SIFC,10/9/2024,611.0,620.9,606.0,610.0,-0.16,49884.0,687.4,450.0
SIFC,10/15/2024,622.0,644.9,612.0,638.1,4.61,32716.0,687.4,450.0
SIFC,10/16/2024,649.0,655.0,628.0,638.0,-0.02,32353.0,687.4,450.0
SIFC,10/17/2024,630.0,649.0,629.1,639.8,0.28,32099.0,687.4,450.0
SIFC,10/20/2024,627.1,646.0,602.7,619.0,-3.25,60779.0,687.4,450.0
SIFC,10/21/2024,613.0,625.2,597.0,599.0,-3.23,44641.0,687.4,450.0
SIFC,10/22/2024,600.5,624.0,600.5,618.0,3.17,27918.0,687.4,450.0
SIFC,10/23/2024,615.0,642.0,610.0,620.0,0.32,69268.0,687.4,450.0
SIFC,10/24/2024,620.1,638.0,615.0,619.0,-0.16,40628.0,687.4,450.0
SIFC,10/27/2024,621.0,628.0,615.0,620.0,0.16,27533.0,687.4,450.0
SIFC,10/28/2024,632.0,647.0,626.0,645.3,4.08,65523.0,687.4,450.0
SIFC,10/29/2024,655.8,672.0,647.0,653.0,1.19,71068.0,687.4,450.0
SIFC,10/30/2024,665.0,665.0,640.2,644.9,-1.24,18944.0,687.4,450.0
SIFC,11/5/2024,657.0,657.0,641.0,649.9,0.78,19518.0,687.4,450.0
SIFC,11/6/2024,660.0,663.0,645.6,655.7,0.89,38564.0,687.4,450.0
SIFC,11/10/2024,662.0,680.0,658.0,675.9,3.08,56628.0,687.4,450.0
SIFC,11/11/2024,689.4,692.0,655.0,666.0,-1.46,58704.0,687.4,450.0
SIFC,11/12/2024,679.0,684.0,662.0,677.9,1.79,61435.0,687.4,450.0
SIFC,11/13/2024,687.9,715.0,681.0,713.9,5.31,150045.0,687.4,450.0
SIFC,11/14/2024,728.1,728.1,710.0,710.0,-0.55,96801.0,687.4,450.0
SIFC,11/17/2024,696.0,725.0,687.3,690.0,-2.82,60322.0,687.4,450.0
SIFC,11/19/2024,690.0,706.0,672.0,676.0,-2.03,58473.0,687.4,450.0
SIFC,11/20/2024,665.5,690.0,662.5,689.0,1.92,53519.0,687.4,450.0
SIFC,11/21/2024,700.0,701.0,670.0,675.0,-2.03,42152.0,687.4,450.0
SIFC,11/24/2024,675.0,688.0,661.6,661.6,-1.99,25373.0,687.4,450.0
SIFC,11/25/2024,666.0,685.0,664.0,673.0,1.72,35234.0,687.4,450.0
SIFC,11/26/2024,685.0,694.8,671.0,690.0,2.53,42909.0,687.4,450.0
SIFC,11/27/2024,703.8,705.0,689.0,696.0,0.87,58886.0,687.4,450.0
SIFC,11/28/2024,708.0,708.0,683.1,690.0,-0.86,30808.0,687.4,450.0
SIFC,12/1/2024,676.2,688.0,672.0,673.0,-2.46,30059.0,687.4,450.0
SIFC,12/2/2024,683.0,683.0,660.0,666.9,-0.91,32326.0,687.4,450.0
SIFC,12/3/2024,675.0,691.5,668.5,682.0,2.26,39753.0,687.4,450.0
SIFC,12/4/2024,670.0,690.0,666.0,666.3,-2.3,40788.0,687.4,450.0
SIFC,12/5/2024,660.0,671.0,650.1,651.0,-2.3,48652.0,687.4,450.0
SIFC,12/8/2024,651.0,652.9,635.0,640.0,-1.69,53284.0,687.4,450.0
SIFC,12/9/2024,640.0,651.0,629.0,639.0,-0.16,32479.0,687.4,450.0
SIFC,12/10/2024,645.0,656.9,630.0,637.0,-0.31,15322.0,687.4,450.0
SIFC,12/11/2024,632.2,648.9,632.0,648.0,1.73,20664.0,687.4,450.0
SIFC,12/12/2024,660.9,660.9,625.0,629.8,-2.81,18331.0,687.4,450.0
SIFC,12/16/2024,618.1,618.1,597.0,603.0,-4.26,39457.0,687.4,450.0
SIFC,12/17/2024,593.0,614.0,592.0,603.0,0.0,21414.0,687.4,450.0
SIFC,12/18/2024,609.9,614.0,598.0,602.0,-0.17,22051.0,687.4,450.0
SIFC,12/19/2024,593.1,603.0,581.3,581.3,-3.44,15608.0,687.4,450.0
SIFC,12/22/2024,575.0,587.0,569.7,575.0,-1.08,27413.0,687.4,450.0
SIFC,12/23/2024,584.0,600.0,578.0,600.0,4.35,14272.0,687.4,450.0
SIFC,12/24/2024,602.0,622.0,600.0,606.1,1.02,31536.0,687.4,450.0
SIFC,12/26/2024,600.0,601.5,579.4,580.3,-4.26,18385.0,687.4,450.0
SIFC,12/29/2024,570.0,582.0,561.0,571.9,-1.45,44844.0,687.4,450.0
SIFC,12/31/2024,561.0,561.0,525.5,541.0,-5.4,51861.0,687.4,450.0
SIFC,1/1/2025,550.0,570.0,549.0,560.5,3.6,19883.0,687.4,450.0
SIFC,1/2/2025,566.0,566.0,550.0,565.0,0.8,15350.0,687.4,450.0
SIFC,1/5/2025,561.0,571.0,545.0,564.0,-0.18,12997.0,687.4,450.0
SIFC,1/6/2025,570.0,575.0,556.2,574.5,1.86,17721.0,687.4,450.0
SIFC,1/7/2025,575.0,592.9,570.0,592.0,3.05,19766.0,687.4,450.0
SIFC,1/8/2025,597.0,630.3,592.2,618.0,4.39,38944.0,687.4,450.0
SIFC,1/9/2025,619.0,624.0,588.0,597.1,-3.38,35383.0,687.4,450.0
SIFC,1/12/2025,586.0,590.0,569.0,581.4,-2.63,17655.0,687.4,450.0
SIFC,1/13/2025,572.1,600.0,563.5,566.0,-2.65,29134.0,687.4,450.0
SIFC,1/15/2025,568.9,568.9,545.3,549.0,-3.0,35993.0,687.4,450.0
SIFC,1/16/2025,559.0,559.0,512.0,530.0,-3.46,55869.0,687.4,450.0
SIFC,1/19/2025,519.4,560.0,519.4,545.0,2.83,39982.0,687.4,450.0
SIFC,1/20/2025,551.9,551.9,530.0,533.0,-2.2,20612.0,687.4,450.0
SIFC,1/21/2025,542.9,542.9,525.0,526.0,-1.31,20606.0,687.4,450.0
SIFC,1/22/2025,518.1,548.0,518.1,536.0,1.9,17608.0,687.4,450.0
SIFC,1/23/2025,544.9,544.9,521.0,527.0,-1.68,20201.0,687.4,450.0
SIFC,1/26/2025,527.2,534.9,498.0,506.8,-3.83,59119.0,687.4,450.0
SIFC,1/27/2025,497.2,533.9,490.0,518.0,2.21,33531.0,687.4,450.0
SIFC,1/28/2025,528.0,533.0,505.0,528.5,2.03,32717.0,687.4,450.0
SIFC,2/2/2025,533.0,538.4,524.2,533.4,0.93,21060.0,687.4,450.0
SIFC,2/3/2025,539.9,541.0,520.1,528.0,-1.01,17884.0,687.4,450.0
SIFC,2/4/2025,538.5,538.5,520.0,525.0,-0.57,20139.0,687.4,450.0
SIFC,2/5/2025,530.0,565.8,520.0,559.0,6.48,45052.0,687.4,450.0
SIFC,2/6/2025,566.9,588.9,550.0,553.0,-1.07,39021.0,687.4,450.0
SIFC,2/9/2025,563.0,564.0,538.0,545.0,-1.45,44851.0,687.4,450.0
SIFC,2/10/2025,555.0,564.0,546.1,552.7,1.41,51106.0,687.4,450.0
SIFC,2/11/2025,562.8,563.0,551.1,555.0,0.42,16096.0,687.4,450.0
SIFC,2/12/2025,563.7,578.0,555.0,568.9,2.5,46889.0,687.4,450.0
SIFC,2/13/2025,568.9,595.0,568.9,586.0,3.01,61023.0,687.4,450.0
SIFC,2/16/2025,597.7,615.0,590.0,600.0,2.39,97295.0,687.4,450.0
SIFC,2/17/2025,600.0,611.9,585.1,590.0,-1.67,36517.0,687.4,450.0
SIFC,2/18/2025,578.2,601.0,578.0,588.0,-0.34,32579.0,687.4,450.0
SIFC,2/20/2025,588.0,604.0,578.3,592.0,0.68,32767.0,687.4,450.0
SIFC,2/23/2025,582.0,595.0,560.6,580.0,-2.03,34773.0,687.4,450.0
SIFC,2/24/2025,590.0,590.0,569.0,576.0,-0.69,21746.0,687.4,450.0
SIFC,2/25/2025,586.0,587.0,566.0,575.0,-0.17,22328.0,687.4,450.0
SIFC,2/27/2025,586.5,588.0,565.1,570.0,-0.87,20007.0,687.4,450.0
SIFC,3/2/2025,580.0,596.0,574.0,596.0,4.56,29164.0,687.4,450.0
SIFC,3/3/2025,601.1,614.0,590.0,594.0,-0.34,34664.0,687.4,450.0
SIFC,3/4/2025,605.0,605.0,575.0,575.0,-3.2,24595.0,687.4,450.0
SIFC,3/5/2025,575.0,580.9,554.0,566.0,-1.57,32220.0,687.4,450.0
SIFC,3/6/2025,561.3,574.0,560.0,566.0,0.0,15705.0,687.4,450.0
SIFC,3/9/2025,568.0,570.0,545.0,545.0,-3.71,20890.0,687.4,450.0
SIFC,3/10/2025,555.0,566.7,545.1,550.0,0.92,15502.0,687.4,450.0
SIFC,3/11/2025,551.0,554.0,541.2,541.6,-1.53,10372.0,687.4,450.0
SIFC,3/12/2025,542.0,547.0,540.0,543.0,0.26,8825.0,687.4,450.0
SIFC,3/16/2025,541.0,543.0,529.0,536.0,-1.29,16723.0,687.4,450.0
SIFC,3/17/2025,544.0,544.0,531.2,535.0,-0.19,12848.0,687.4,450.0
SIFC,3/18/2025,535.0,556.0,532.0,540.0,0.93,9558.0,687.4,450.0
SIFC,3/19/2025,545.3,550.0,530.0,533.1,-1.28,9735.0,687.4,450.0
SIFC,3/20/2025,530.0,533.9,525.1,526.34,-1.27,7272.0,687.4,450.0
SIFC,3/23/2025,527.1,531.9,508.1,509.51,-3.2,11747.0,687.4,450.0
SIFC,3/24/2025,508.0,535.5,506.0,526.91,3.42,11671.0,687.4,450.0
SIFC,3/25/2025,516.5,533.0,505.0,508.78,-3.44,11846.0,687.4,450.0
SIFC,3/26/2025,518.9,525.0,515.0,523.69,2.93,7328.0,687.4,450.0
SIFC,3/27/2025,521.9,533.7,517.3,525.79,0.4,12290.0,687.4,450.0
SIFC,3/30/2025,525.0,551.0,525.0,541.7,3.03,23404.0,687.4,450.0
SIFC,4/1/2025,550.0,550.0,522.2,529.9,-2.18,6692.0,687.4,450.0
SIFC,4/2/2025,537.5,559.0,527.0,541.67,2.22,14040.0,687.4,450.0
SIFC,4/3/2025,552.5,552.5,531.0,531.59,-1.86,20707.0,687.4,450.0
SIFC,4/7/2025,530.0,537.0,522.0,523.0,-1.62,15143.0,687.4,450.0
SIFC,4/8/2025,523.0,532.0,518.3,528.17,0.99,15163.0,687.4,450.0
SIFC,4/9/2025,535.9,546.0,530.1,540.94,2.42,17645.0,687.4,450.0
SIFC,4/10/2025,543.0,543.0,534.6,536.13,-0.89,1718.0,687.4,450.0
SIFC,4/13/2025,532.0,540.0,525.6,525.99,-1.89,8952.0,687.4,450.0
SIFC,4/15/2025,531.0,541.6,526.0,536.15,1.93,9307.0,687.4,450.0
SIFC,4/16/2025,528.0,543.0,525.5,533.23,-0.54,14387.0,687.4,450.0
SIFC,4/17/2025,540.0,540.0,529.0,533.29,0.01,10176.0,687.4,450.0
SIFC,4/20/2025,526.0,542.0,526.0,527.91,-1.01,6902.0,687.4,450.0
SIFC,4/21/2025,527.0,533.0,520.0,522.72,-0.98,15927.0,687.4,450.0
SIFC,4/22/2025,533.0,533.0,522.0,522.63,-0.02,5461.0,687.4,450.0
SIFC,4/23/2025,521.0,523.0,510.0,510.9,-2.24,20960.0,687.4,450.0
SIFC,4/24/2025,511.0,519.0,502.0,507.16,-0.73,13574.0,687.4,450.0
SIFC,4/27/2025,505.0,515.0,495.0,501.76,-1.06,18491.0,687.4,450.0
SIFC,4/28/2025,501.0,529.0,501.0,516.46,2.93,28218.0,687.4,450.0
SIFC,4/29/2025,525.0,526.0,508.0,510.54,-1.15,9448.0,687.4,450.0
SIFC,4/30/2025,511.0,512.0,500.8,501.6,-1.75,18290.0,687.4,450.0
SIFC,5/4/2025,509.0,509.0,495.0,496.21,-1.07,15496.0,687.4,450.0
SIFC,5/5/2025,503.0,503.0,496.0,497.73,0.31,7934.0,687.4,450.0
SIFC,5/6/2025,495.3,504.0,490.1,490.85,-1.38,15621.0,687.4,450.0
SIFC,5/7/2025,486.0,518.0,481.0,512.93,4.5,22726.0,687.4,450.0
SIFC,5/8/2025,512.0,542.0,501.8,534.45,4.2,35503.0,687.4,450.0
SIFC,5/11/2025,541.0,541.9,510.0,512.76,-4.06,12086.0,687.4,450.0
SIFC,5/13/2025,519.0,520.0,497.0,498.69,-2.74,12724.0,687.4,450.0
SIFC,5/14/2025,505.0,514.9,495.0,503.92,1.05,9971.0,687.4,450.0
SIFC,5/15/2025,510.0,510.0,497.0,499.83,-0.81,12523.0,687.4,450.0
SIFC,5/18/2025,500.0,503.0,492.1,494.83,-1.0,15028.0,687.4,450.0
SIFC,5/19/2025,502.0,505.0,495.0,495.32,0.1,13105.0,687.4,450.0
SIFC,5/20/2025,495.0,512.0,494.0,508.79,2.72,11052.0,687.4,450.0
SIFC,5/21/2025,518.9,528.0,502.0,502.51,-1.23,24652.0,687.4,450.0
SIFC,5/22/2025,509.0,509.9,498.9,500.84,-0.33,15008.0,687.4,450.0
SIFC,5/25/2025,505.0,506.0,496.0,497.3,-0.71,10268.0,687.4,450.0
SIFC,5/26/2025,507.2,527.0,496.0,497.91,0.12,9046.0,687.4,450.0
SIFC,5/27/2025,494.0,504.0,491.0,494.84,-0.62,7228.0,687.4,450.0
SIFC,5/28/2025,490.0,500.0,490.0,497.35,0.51,8998.0,687.4,450.0
SIFC,6/2/2025,507.2,509.0,492.0,494.78,-0.52,16264.0,687.4,450.0
SIFC,6/3/2025,502.0,504.6,490.0,491.27,-0.71,7640.0,687.4,450.0
SIFC,6/4/2025,494.0,500.0,486.0,487.89,-0.69,15552.0,687.4,450.0
SIFC,6/5/2025,491.1,496.0,485.0,485.56,-0.48,6262.0,687.4,450.0
SIFC,6/8/2025,485.0,489.0,483.0,483.67,-0.39,6945.0,687.4,450.0
SIFC,6/9/2025,493.0,493.0,485.3,487.6,0.81,5886.0,687.4,450.0
SIFC,6/10/2025,495.0,536.3,489.0,536.3,9.99,98716.0,687.4,450.0
SIFC,6/11/2025,547.0,580.0,537.0,568.84,6.07,172151.0,687.4,450.0
SIFC,6/12/2025,580.0,599.5,554.0,586.56,3.12,111648.0,687.4,450.0
SIFC,6/15/2025,598.0,608.2,574.4,583.71,-0.49,152410.0,687.4,450.0
SIFC,6/16/2025,572.1,590.0,543.9,546.78,-6.33,143282.0,687.4,450.0
SIFC,6/17/2025,541.1,545.0,520.0,542.88,-0.71,61958.0,687.4,450.0
SIFC,6/18/2025,535.1,556.0,528.0,529.04,-2.55,47760.0,687.4,450.0
SIFC,6/19/2025,520.0,532.9,508.3,510.63,-3.48,63082.0,687.4,450.0
SIFC,6/22/2025,501.0,508.0,496.0,498.42,-2.39,29472.0,687.4,450.0
SIFC,6/23/2025,503.9,528.0,495.0,518.95,4.12,37925.0,687.4,450.0
SIFC,6/24/2025,524.0,529.5,514.0,515.23,-0.72,22145.0,687.4,450.0
SIFC,6/25/2025,523.0,523.0,505.1,508.94,-1.22,16966.0,687.4,450.0
SIFC,6/26/2025,500.0,515.0,500.0,505.96,-0.59,20472.0,687.4,450.0
SIFC,6/29/2025,513.0,517.0,504.0,514.41,1.67,19302.0,687.4,450.0
SIFC,6/30/2025,524.6,524.6,515.0,519.48,0.99,18414.0,687.4,450.0
SIFC,7/1/2025,529.0,529.0,513.0,517.22,-0.44,12642.0,687.4,450.0
SIFC,7/2/2025,527.5,535.0,518.0,527.13,1.92,25843.0,687.4,450.0
SIFC,7/3/2025,537.0,555.9,527.0,539.59,2.36,48040.0,687.4,450.0
SIFC,7/6/2025,550.0,566.1,535.2,548.74,1.7,82107.0,687.4,450.0
SIFC,7/7/2025,542.5,546.0,525.0,525.65,-4.21,33160.0,687.4,450.0
SIFC,7/8/2025,530.0,540.0,521.0,531.73,1.16,13683.0,687.4,450.0
SIFC,7/9/2025,539.0,540.6,520.0,525.4,-1.19,19071.0,687.4,450.0
SIFC,7/10/2025,533.2,540.0,528.0,532.63,1.38,17119.0,687.4,450.0
SIFC,7/13/2025,543.2,561.0,540.0,545.37,2.39,28836.0,687.4,450.0
SIFC,7/14/2025,540.0,544.5,531.6,532.31,-2.39,16750.0,687.4,450.0
SIFC,7/15/2025,538.0,548.7,532.0,540.4,1.52,18774.0,687.4,450.0
SIFC,7/16/2025,551.2,558.0,540.0,543.54,0.58,22303.0,687.4,450.0
SIFC,7/17/2025,554.4,574.0,546.0,560.91,3.2,48758.0,687.4,450.0
SIFC,7/20/2025,572.0,572.0,540.0,545.91,-2.67,63531.0,687.4,450.0
SIFC,7/21/2025,545.0,555.0,543.0,546.14,0.04,36920.0,687.4,450.0
SIFC,7/22/2025,555.0,564.0,549.0,556.18,1.84,32995.0,687.4,450.0
SIFC,7/23/2025,567.0,586.0,556.0,572.95,3.02,72679.0,687.4,450.0
SIFC,7/24/2025,584.4,584.4,560.0,566.43,-1.14,38954.0,687.4,450.0
SIFC,7/27/2025,575.0,575.0,547.0,549.84,-2.93,45035.0,687.4,450.0
SIFC,7/28/2025,560.8,572.0,542.2,567.16,3.15,43729.0,687.4,450.0
SIFC,7/29/2025,578.0,585.0,562.3,565.41,-0.31,39495.0,687.4,450.0
SIFC,7/30/2025,576.0,576.0,550.0,553.81,-2.05,31323.0,687.4,450.0
SIFC,7/31/2025,546.4,575.0,546.3,557.83,0.73,61689.0,687.4,450.0
SIFC,8/3/2025,565.0,568.9,548.4,550.58,-1.3,32516.0,687.4,450.0
SIFC,8/4/2025,560.0,560.0,537.0,540.62,-1.81,32547.0,687.4,450.0
SIFC,8/5/2025,541.0,548.0,525.5,529.7,-2.02,17457.0,687.4,450.0
SIFC,8/6/2025,520.1,539.0,520.1,525.51,-0.79,17018.0,687.4,450.0
SIFC,8/7/2025,534.0,536.0,520.2,534.62,1.73,15954.0,687.4,450.0
SIFC,8/11/2025,540.0,541.0,523.2,524.17,-1.95,12506.0,687.4,450.0
SIFC,8/12/2025,531.0,531.0,518.2,520.91,-0.62,14673.0,687.4,450.0
SIFC,8/13/2025,527.9,531.0,517.5,521.85,0.18,8504.0,687.4,450.0
SIFC,8/14/2025,525.0,526.9,520.1,520.87,-0.19,9160.0,687.4,450.0
SIFC,8/17/2025,527.4,527.9,514.2,515.23,-1.08,10909.0,687.4,450.0
SIFC,8/18/2025,521.0,521.0,511.5,515.41,0.03,11364.0,687.4,450.0
SIFC,8/19/2025,520.0,522.0,515.3,517.21,0.35,8450.0,687.4,450.0
SIFC,8/20/2025,524.0,524.0,510.0,510.75,-1.25,10752.0,687.4,450.0
SIFC,8/21/2025,506.0,517.0,505.1,508.34,-0.47,9039.0,687.4,450.0
SIFC,8/24/2025,511.0,515.0,506.5,509.24,0.18,8291.0,687.4,450.0
SIFC,8/25/2025,510.0,512.0,504.0,509.47,0.05,8999.0,687.4,450.0
SIFC,8/26/2025,515.0,515.0,510.0,513.16,0.72,5794.0,687.4,450.0
SIFC,8/27/2025,513.16,525.0,513.16,523.84,2.08,7771.0,687.4,450.0
SIFC,8/28/2025,520.0,521.9,509.6,510.0,-2.64,16764.0,687.4,450.0
SIFC,8/31/2025,517.0,517.0,506.0,507.24,-0.54,8129.0,687.4,450.0
SIFC,9/1/2025,503.6,511.0,503.0,506.95,-0.06,5711.0,687.4,450.0
SIFC,9/2/2025,512.0,512.0,500.1,501.94,-0.99,15301.0,687.4,450.0
SIFC,9/3/2025,501.0,508.0,501.0,501.99,0.01,11796.0,687.4,450.0
SIFC,9/4/2025,507.0,508.0,499.5,501.6,-0.08,20170.0,687.4,450.0
SIFC,9/7/2025,500.0,503.9,495.0,498.27,-0.66,9431.0,687.4,450.0
SIFC,9/8/2025,496.0,503.0,494.4,500.99,0.55,7123.0,687.4,450.0
SIFC,9/21/2025,491.0,519.0,471.6,510.54,1.91,26452.0,687.4,450.0
SIFC,9/23/2025,517.0,525.0,506.7,519.9,1.83,16344.0,687.4,450.0
SIFC,9/24/2025,512.0,523.5,502.0,510.0,-1.9,7754.0,687.4,450.0
SIFC,9/25/2025,516.9,516.9,502.0,511.0,0.2,9766.0,687.4,450.0
SIFC,9/28/2025,503.0,510.0,502.0,510.0,-0.2,4148.0,687.4,450.0
SIFC,10/7/2025,508.0,508.0,500.2,507.0,-0.59,12886.0,687.4,450.0
SIFC,10/8/2025,504.0,504.9,486.0,496.9,-1.99,12015.0,687.4,450.0
SIFC,10/9/2025,506.8,525.0,499.8,499.8,0.58,14009.0,687.4,450.0
SIFC,10/12/2025,505.0,505.0,480.3,482.0,-3.56,26797.0,687.4,450.0
SIFC,10/13/2025,487.0,487.0,472.4,486.0,0.83,7476.0,687.4,450.0
SIFC,10/14/2025,493.0,493.0,478.5,478.5,-1.54,5871.0,687.4,450.0
SIFC,10/15/2025,487.0,487.0,470.1,472.6,-1.23,7046.0,687.4,450.0
SIFC,10/16/2025,479.0,479.0,459.0,459.0,-2.88,15343.0,687.4,450.0
SIFC,10/19/2025,465.0,470.0,463.0,464.0,1.09,726.0,687.4,450.0
SIFC,10/26/2025,463.0,469.0,460.0,467.0,0.65,1562.0,687.4,450.0
SIFC,10/28/2025,471.0,507.0,471.0,485.5,3.96,3047.0,687.4,450.0
SIFC,10/29/2025,490.0,491.0,475.0,475.0,-2.16,11644.0,687.4,450.0
SIFC,10/30/2025,482.0,490.0,475.0,482.1,1.49,7605.0,687.4,450.0
SIFC,11/2/2025,490.0,515.0,483.0,512.0,6.2,34290.0,687.4,450.0
SIFC,11/3/2025,518.0,522.2,498.0,504.9,-1.39,17322.0,687.4,450.0
SIFC,11/4/2025,510.0,510.0,490.0,490.0,-2.95,9398.0,687.4,450.0
SIFC,11/5/2025,497.0,511.0,482.0,501.0,2.24,17669.0,687.4,450.0
SIFC,11/6/2025,510.0,518.0,500.2,500.2,-0.16,13366.0,687.4,450.0
SIFC,11/9/2025,507.0,507.0,488.7,489.0,-2.24,9045.0,687.4,450.0
SIFC,11/10/2025,496.0,496.0,480.0,490.0,0.2,6836.0,687.4,450.0
SIFC,11/11/2025,490.0,497.0,485.0,493.5,0.71,6085.0,687.4,450.0
SIFC,11/12/2025,488.0,495.0,485.0,490.0,-0.71,5815.0,687.4,450.0
SIFC,11/13/2025,492.9,492.9,482.0,489.0,-0.2,4687.0,687.4,450.0
SIFC,11/16/2025,482.2,485.3,481.0,485.0,-0.82,5134.0,687.4,450.0
SIFC,11/17/2025,485.0,493.0,485.0,485.0,0.0,5026.0,687.4,450.0
SIFC,11/18/2025,491.0,510.9,485.0,493.7,1.79,9722.0,687.4,450.0
SIFC,11/19/2025,493.0,493.0,485.0,489.8,-0.79,2381.0,687.4,450.0
SIFC,11/20/2025,485.0,490.0,485.0,485.2,-0.94,3588.0,687.4,450.0
SIFC,11/23/2025,494.9,494.9,486.0,494.9,2.0,10994.0,687.4,450.0
SIFC,11/24/2025,501.0,501.0,494.0,498.0,0.63,4990.0,687.4,450.0
SIFC,11/25/2025,505.0,505.9,496.1,502.0,0.8,6595.0,687.4,450.0
SIFC,11/26/2025,508.0,508.0,494.0,500.0,-0.4,6774.0,687.4,450.0
SIFC,11/27/2025,507.0,510.0,498.1,506.0,1.2,15172.0,687.4,450.0
SIFC,11/30/2025,500.0,516.1,500.0,507.0,0.2,39368.0,687.4,450.0
SIFC,12/1/2025,504.1,519.0,503.0,514.0,1.38,23079.0,687.4,450.0
SIFC,12/2/2025,510.0,520.0,510.0,511.0,-0.58,9840.0,687.4,450.0
SIFC,12/3/2025,506.7,534.0,506.0,520.0,1.76,42452.0,687.4,450.0
SIFC,12/7/2025,530.4,530.4,509.2,513.0,-1.35,13261.0,687.4,450.0
SIFC,12/8/2025,519.0,519.0,499.9,504.9,-1.58,18803.0,687.4,450.0
SIFC,12/9/2025,500.1,507.0,500.1,507.0,0.42,11531.0,687.4,450.0
SIFC,12/10/2025,507.0,517.1,500.0,508.0,0.2,17447.0,687.4,450.0
SIFC,12/11/2025,504.3,511.9,503.1,507.0,-0.2,7318.0,687.4,450.0
SIFC,12/14/2025,510.1,511.0,490.0,490.0,-3.35,11512.0,687.4,450.0
SIFC,12/15/2025,496.0,498.0,490.0,494.2,0.86,3661.0,687.4,450.0
SIFC,12/16/2025,500.0,509.0,491.2,493.0,-0.24,7867.0,687.4,450.0
SIFC,12/17/2025,500.0,512.9,495.3,508.2,3.08,25552.0,687.4,450.0
SIFC,12/18/2025,508.0,512.8,499.3,499.3,-1.75,13795.0,687.4,450.0
SIFC,12/21/2025,490.0,505.1,490.0,494.0,-1.06,3161.0,687.4,450.0
SIFC,12/22/2025,491.0,503.8,489.8,498.5,0.91,7843.0,687.4,450.0
SIFC,12/23/2025,490.0,500.0,490.0,499.5,0.2,2896.0,687.4,450.0
SIFC,12/24/2025,500.0,500.0,490.3,492.4,-1.42,2919.0,687.4,450.0
SIFC,12/28/2025,500.0,509.9,496.3,505.1,2.58,7093.0,687.4,450.0
SIFC,12/29/2025,510.9,510.9,502.0,503.0,-0.42,7280.0,687.4,450.0
SIFC,12/31/2025,512.9,512.9,500.0,501.0,-0.4,5517.0,687.4,450.0
SIFC,1/1/2026,507.9,507.9,496.1,499.9,-0.22,6235.0,687.4,450.0
SIFC,1/4/2026,493.0,500.0,492.0,494.0,-1.18,3719.0,687.4,450.0
SIFC,1/5/2026,495.0,501.4,492.5,500.0,1.21,11643.0,687.4,450.0
SIFC,1/6/2026,507.5,515.1,500.0,512.0,2.4,28739.0,687.4,450.0
SIFC,1/7/2026,515.0,518.9,505.0,508.0,-0.78,19332.0,687.4,450.0
SIFC,1/8/2026,508.0,511.1,503.0,505.0,-0.59,13754.0,687.4,450.0
SIFC,1/12/2026,503.0,510.0,493.0,499.0,-1.19,18407.0,687.4,450.0
SIFC,1/13/2026,501.0,501.0,494.0,495.0,-0.8,8627.0,687.4,450.0
SIFC,1/14/2026,501.0,514.0,496.1,511.0,3.23,32198.0,687.4,450.0
SIFC,1/18/2026,517.7,544.0,515.0,544.0,6.46,88259.0,687.4,450.0
SIFC,1/20/2026,549.0,566.1,542.0,561.0,3.12,89979.0,687.4,450.0
SIFC,1/21/2026,561.0,567.1,550.0,555.3,-1.02,93094.0,687.4,450.0
SIFC,1/22/2026,552.0,608.0,546.0,598.0,7.69,111833.0,687.4,450.0
SIFC,1/25/2026,587.0,605.0,586.0,600.0,0.33,112934.0,687.4,450.0
SIFC,1/26/2026,609.9,616.0,580.2,616.0,2.67,194914.0,687.4,450.0
SIFC,1/27/2026,615.0,628.0,596.0,607.0,-1.46,150925.0,687.4,450.0
SIFC,1/28/2026,600.0,667.0,593.0,658.0,8.4,152844.0,687.4,450.0
SIFC,1/29/2026,650.0,650.0,624.3,648.0,-1.52,146345.0,687.4,450.0
SIFC,2/1/2026,640.0,687.4,631.0,650.0,0.31,111598.0,687.4,450.0
SIFC,2/2/2026,637.0,660.0,635.0,636.0,-2.15,115363.0,687.4,450.0
SIFC,2/3/2026,645.0,648.5,620.0,620.0,-2.52,103617.0,687.4,450.0
SIFC,2/4/2026,628.0,644.0,620.1,635.0,2.42,82902.0,687.4,450.0
SIFC,2/5/2026,640.0,640.0,621.9,627.9,-1.12,46025.0,687.4,450.0
SIFC,2/8/2026,630.0,638.8,595.0,611.4,-2.63,61587.0,687.4,450.0
SIFC,2/9/2026,599.2,611.0,587.6,587.6,-3.89,90611.0,687.4,450.0
SIFC,2/10/2026,576.0,598.0,573.0,575.0,-2.14,40873.0,687.4,450.0
SIFC,2/11/2026,564.0,609.0,564.0,575.0,0.0,19622.0,687.4,450.0
SIFC,2/12/2026,564.0,600.0,564.0,591.0,2.78,36033.0,687.4,450.0
SIFC,2/16/2026,602.8,602.8,582.1,586.0,-0.85,18535.0,687.4,450.0
SIFC,2/17/2026,597.7,598.0,575.3,577.0,-1.54,14276.0,687.4,450.0
SIFC,2/22/2026,573.0,584.0,572.2,573.1,-0.68,40506.0,687.4,450.0
SIFC,2/23/2026,583.9,591.6,576.1,581.6,1.48,15328.0,687.4,450.0
SIFC,2/24/2026,570.0,604.0,570.0,574.0,-1.31,14473.0,687.4,450.0
SIFC,2/25/2026,585.0,589.8,582.0,585.0,1.92,15375.0,687.4,450.0
SIFC,2/26/2026,573.3,589.0,573.3,584.9,-0.02,9521.0,687.4,450.0
SIFC,2/27/2026,573.3,589.0,573.3,584.9,0.0,9521.0,687.4,450.0
SIFC,2/28/2026,573.3,589.0,573.3,584.9,0.0,9521.0,687.4,450.0
SIFC,3/2/2026,573.3,602.5,573.3,600.0,2.58,43510.0,687.4,450.0
SIFC,3/3/2026,588.0,610.0,588.0,604.7,0.78,16638.0,687.4,450.0
SIFC,3/4/2026,588.0,610.0,588.0,604.7,0.0,16638.0,687.4,450.0
SIFC,3/5/2026,588.0,610.0,588.0,604.7,0.0,16638.0,687.4,450.0
SIFC,3/6/2026,588.0,610.0,588.0,604.7,0.0,16638.0,687.4,450.0
SIFC,3/7/2026,588.0,610.0,588.0,604.7,0.0,16638.0,687.4,450.0
SIFC,3/8/2026,588.0,610.0,588.0,604.7,0.0,16638.0,687.4,450.0
SIFC,3/9/2026,616.7,641.5,616.7,641.5,6.09,676.0,687.4,450.0
SIFC,3/10/2026,641.5,641.5,604.8,620.0,-3.35,48104.0,687.4,450.0
SIFC,3/11/2026,608.1,628.9,600.0,604.9,-2.44,18181.0,687.4,450.0
SIFC,3/12/2026,594.1,614.0,594.1,605.0,0.02,38433.0,687.4,450.0
SIFC,3/13/2026,594.1,614.0,594.1,605.0,0.0,38433.0,687.4,450.0
SIFC,3/14/2026,594.1,614.0,594.1,605.0,0.0,38433.0,687.4,450.0
SIFC,3/15/2026,615.0,616.9,595.3,603.0,-0.33,27518.0,687.4,450.0
SIFC,3/16/2026,601.0,613.0,597.4,600.0,-0.5,33137.0,687.4,450.0
SIFC,3/17/2026,590.5,605.0,590.5,598.5,-0.25,21925.0,687.4,450.0
SIFC,3/18/2026,590.5,605.0,590.5,598.5,0.0,21925.0,687.4,450.0
SIFC,3/19/2026,600.0,614.0,592.0,614.0,2.59,34230.0,687.4,450.0
SIFC,3/20/2026,600.0,614.0,592.0,614.0,0.0,34230.0,687.4,450.0
SIFC,3/21/2026,600.0,614.0,592.0,614.0,0.0,34230.0,687.4,450.0
SIFC,3/22/2026,601.8,634.0,601.8,624.5,1.71,49698.0,687.4,450.0
SIFC,3/23/2026,625.0,632.8,607.6,615.0,-1.52,40861.0,687.4,450.0
SIFC,3/24/2026,610.0,622.9,609.0,619.7,0.76,25389.0,687.4,450.0
SIFC,3/25/2026,610.0,621.0,602.0,603.4,-2.63,18745.0,687.4,450.0
SIFC,3/26/2026,610.0,610.0,598.4,604.9,-0.84,13665.0,687.4,450.0
SIFC,3/29/2026,600.0,613.0,585.0,592.6,-1.23,21000.0,687.4,450.0
SIFC,3/30/2026,584.0,590.0,572.0,578.9,-0.87,34591.0,687.4,450.0
SIFC,3/31/2026,571.5,587.0,570.1,585.0,2.36,9020.0,687.4,450.0
SIFC,4/1/2026,575.0,578.2,555.1,559.5,-2.7,18465.0,687.4,450.0
SIFC,4/2/2026,550.1,570.6,538.4,561.0,1.98,23124.0,687.4,450.0
SIFC,4/5/2026,550.1,561.0,518.6,534.9,-2.76,30995.0,687.4,450.0
SIFC,4/6/2026,530.0,566.0,530.0,560.0,5.66,16655.0,687.4,450.0
SIFC,4/7/2026,562.0,562.0,535.0,556.0,-1.07,21802.0,687.4,450.0
SIFC,4/8/2026,564.0,564.0,545.0,559.0,-0.89,9218.0,687.4,450.0
SIFC,4/9/2026,555.0,567.0,555.0,564.7,1.75,23468.0,687.4,450.0
SIFC,4/10/2026,562.0,569.8,550.1,564.9,0.52,15758.0,687.4,450.0
SIFC,4/13/2026,556.1,556.2,545.3,556.0,-0.02,7215.0,687.4,450.0
SIFC,4/15/2026,564.8,578.0,551.2,563.8,-0.18,18585.0,687.4,450.0
SIFC,4/16/2026,565.0,565.0,545.6,556.2,-1.56,14654.0,687.4,450.0
SIFC,4/17/2026,545.7,555.0,536.0,554.1,1.54,5715.0,687.4,450.0
SIFC,4/20/2026,555.0,570.0,542.0,554.0,-0.18,7999.0,687.4,450.0
SIFC,4/21/2026,581.7,581.7,546.0,552.9,-4.95,5496.0,687.4,450.0
SIFC,4/22/2026,541.0,603.0,537.0,570.0,5.36,16115.0,687.4,450.0
SIFC,4/23/2026,598.5,598.5,541.0,545.0,-8.94,27571.0,687.4,450.0
SIFC,4/24/2026,537.0,552.0,536.0,550.0,2.42,3160.0,687.4,450.0
SIFC,4/27/2026,550.0,563.0,546.2,546.3,-0.67,3489.0,687.4,450.0
SIFC,4/28/2026,546.3,555.0,545.0,548.5,0.4,2158.0,687.4,450.0
SIFC,4/29/2026,548.5,547.0,535.6,543.0,-1.0,2462.0,687.4,450.0
SIFC,4/30/2026,530.0,540.0,528.0,530.0,0.0,11738.0,687.4,450.0
SIFC,5/4/2026,537.0,537.0,525.0,534.0,-0.56,1510.0,687.4,450.0
SIFC,5/5/2026,525.0,539.0,522.1,523.0,-0.38,1926.0,687.4,450.0
SIFC,5/6/2026,538.6,538.6,520.0,520.0,-3.45,3101.0,687.4,450.0
SIFC,5/7/2026,520.0,523.0,517.1,517.4,-0.5,3669.0,687.4,450.0
SIFC,5/8/2026,521.0,535.0,521.0,535.0,2.69,3725.0,687.4,450.0
SIFC,5/11/2026,540.0,544.7,535.0,544.0,0.74,4428.0,687.4,450.0
SIFC,5/12/2026,540.0,540.0,525.0,537.0,-0.56,8615.0,687.4,450.0
SIFC,5/13/2026,522.5,535.0,521.1,533.0,2.01,2961.0,687.4,450.0
SIFC,5/14/2026,525.1,528.5,522.2,525.0,-0.02,951.0,687.4,450.0
SIFC,5/15/2026,534.0,536.0,523.1,530.9,-0.58,5412.0,687.4,450.0
SIFC,5/18/2026,530.0,533.0,526.3,533.0,0.57,948.0,687.4,450.0
SIFC,5/19/2026,506.4,537.1,506.4,532.0,5.06,6656.0,687.4,450.0
SIFC,5/20/2026,527.5,542.0,527.4,541.0,2.56,3760.0,687.4,450.0
SIFC,5/21/2026,526.1,544.6,526.1,538.0,2.26,4434.0,687.4,450.0
SIFC,5/22/2026,536.0,542.5,530.0,541.0,0.93,5350.0,687.4,450.0
SIFC,5/25/2026,540.0,548.0,535.3,545.0,0.93,6519.0,687.4,450.0
SIFC,5/26/2026,545.0,550.0,538.7,546.9,0.35,9847.0,687.4,450.0
SIFC,5/27/2026,548.0,548.0,533.0,543.0,-0.91,8283.0,687.4,450.0
SIFC,6/1/2026,543.0,543.0,522.1,534.9,-1.49,9153.0,687.4,450.0
SIFC,6/2/2026,542.0,583.0,521.0,574.0,5.9,81152.0,687.4,450.0
SIFC,6/3/2026,550.0,577.0,550.0,566.0,2.91,21601.0,687.4,450.0
SIFC,6/4/2026,550.0,580.0,550.0,560.0,1.82,26960.0,687.4,450.0
SIFC,6/5/2026,550.0,587.0,550.0,572.6,4.11,83612.0,687.4,450.0
SIFC,6/8/2026,572.0,587.0,565.1,573.8,0.31,30889.0,687.4,450.0
SIFC,6/9/2026,557.0,575.0,545.0,558.4,0.25,38138.0,687.4,450.0
SIFC,6/10/2026,570.0,584.9,560.1,565.0,-0.88,35315.0,687.4,450.0
SIFC,6/11/2026,573.5,573.5,551.1,559.0,-2.53,13033.0,687.4,450.0
SIFC,6/12/2026,560.0,575.0,560.0,561.5,0.27,24366.0,687.4,450.0
SIFC,6/15/2026,589.5,589.5,550.1,556.0,-5.68,14879.0,687.4,450.0
SIFC,6/16/2026,560.0,560.0,545.0,545.0,-2.68,13784.0,687.4,450.0
SIFC,6/17/2026,550.0,561.0,545.2,555.0,0.91,10186.0,687.4,450.0
SIFC,6/18/2026,550.0,555.0,547.1,553.9,0.71,8732.0,687.4,450.0
SIFC,6/19/2026,560.0,560.0,546.3,559.0,-0.18,10540.0,687.4,450.0
SIFC,6/22/2026,551.1,570.0,551.1,565.0,2.52,20172.0,687.4,450.0
SIFC,6/23/2026,560.0,560.0,548.1,554.0,-1.07,9907.0,687.4,450.0
SIFC,6/24/2026,547.0,558.0,540.5,552.9,1.08,21188.0,687.4,450.0
SIFC,6/26/2026,559.8,559.8,539.1,540.0,-3.54,10518.0,687.4,450.0
SIFC,6/29/2026,554.6,554.6,534.0,534.0,-3.71,15032.0,687.4,450.0
SIFC,6/30/2026,537.0,540.0,521.4,526.1,-2.03,66995.0,687.4,450.0
SIFC,7/1/2026,538.9,540.0,532.1,540.0,0.2,2118.0,687.4,450.0
SIFC,7/2/2026,538.0,538.0,527.9,537.0,-0.19,1125.0,687.4,450.0
SIFC,7/3/2026,540.0,542.0,533.1,535.0,-0.93,14480.0,687.4,450.0
SIFC,7/6/2026,523.1,539.9,523.1,533.0,1.89,5236.0,687.4,450.0
SIFC,7/7/2026,540.0,540.0,531.0,539.7,-0.06,2635.0,687.4,450.0
SIFC,7/8/2026,539.9,539.9,522.0,524.0,-2.94,3009.0,687.4,450.0
SIFC,7/9/2026,521.0,521.0,511.2,515.0,-1.15,3474.0,687.4,450.0
SIFC,7/10/2026,520.0,526.0,516.4,520.0,0.0,5616.0,687.4,450.0
SIFC,7/13/2026,511.1,511.5,500.0,500.0,-2.17,11936.0,687.4,450.0
SIFC,7/14/2026,501.0,510.0,500.0,507.0,1.2,5153.0,687.4,450.0
SIFC,7/15/2026,520.0,520.0,510.0,510.0,-1.92,5368.0,687.4,450.0
SIFC,7/16/2026,505.0,511.0,500.0,509.0,0.79,2114.0,687.4,450.0
SIFC,7/17/2026,523.0,529.9,514.1,525.0,0.38,8988.0,687.4,450.0
SIFC,7/20/2026,525.0,540.7,525.0,533.9,1.7,13965.0,687.4,450.0
SIFC,7/21/2026,532.0,537.6,521.0,527.9,-0.77,10811.0,687.4,450.0
SIFC,7/22/2026,522.0,540.0,520.0,527.0,0.96,18006.0,687.4,450.0
SIFC,7/23/2026,520.0,535.0,520.0,533.0,2.5,7222.0,687.4,450.0
SIFC,7/24/2026,530.0,535.0,526.1,529.0,-0.19,6762.0,687.4,450.0
SIFC,7/27/2026,521.0,536.0,515.0,520.0,-0.19,9051.0,687.4,450.0
SIFC,7/28/2026,520.0,526.0,520.0,520.0,0.0,7712.0,687.4,450.0
SIFC,7/29/2026,505.1,526.0,505.1,518.1,2.57,3492.0,687.4,450.0
SIFC,7/30/2026,520.0,520.0,514.0,517.8,-0.42,3324.0,687.4,450.0
SIFC,7/31/2026,520.0,520.9,508.0,519.0,-0.19,2223.0,687.4,450.0
SIFC,8/3/2026,510.0,525.0,510.0,514.2,0.82,24228.0,687.4,450.0
SIFC,8/4/2026,521.0,521.0,509.2,517.0,-0.77,5592.0,687.4,450.0
SIFC,8/5/2026,517.0,518.5,508.0,510.0,-1.35,5279.0,687.4,450.0
SIFC,8/6/2026,503.0,512.0,503.0,510.0,1.39,5130.0,687.4,450.0
SIFC,8/7/2026,510.0,510.9,505.4,505.5,-0.88,7215.0,687.4,450.0
SIFC,8/10/2026,504.1,509.0,499.0,503.0,-0.22,9194.0,687.4,450.0
SIFC,8/11/2026,505.0,510.0,505.0,505.6,0.12,2727.0,687.4,450.0
SIFC,8/12/2026,504.0,507.9,503.0,503.2,-0.16,3182.0,687.4,450.0
SIFC,8/13/2026,500.3,509.8,500.0,509.8,1.9,5706.0,687.4,450.0
SIFC,8/14/2026,510.1,514.0,508.0,512.0,0.37,5438.0,687.4,450.0
SIFC,8/17/2026,510.0,510.0,505.2,506.9,-0.61,4544.0,687.4,450.0
SIFC,8/18/2026,505.0,505.0,499.0,503.9,-0.22,5486.0,687.4,450.0
SIFC,8/19/2026,497.0,504.7,490.0,499.0,0.4,7578.0,687.4,450.0
SIFC,8/20/2026,495.0,500.0,491.6,497.9,0.59,3281.0,687.4,450.0
SIFC,8/21/2026,497.9,505.0,494.0,497.0,-0.18,3449.0,687.4,450.0
SIFC,8/24/2026,497.0,501.9,490.0,497.8,0.16,6325.0,687.4,450.0
SIFC,8/25/2026,494.0,495.0,490.0,495.0,0.2,3226.0,687.4,450.0
SIFC,8/26/2026,490.0,495.0,481.0,482.0,-1.63,9919.0,687.4,450.0
SIFC,8/27/2026,480.0,490.0,474.2,485.1,1.06,4744.0,687.4,450.0
SIFC,8/31/2026,485.0,495.0,475.0,482.4,-0.54,4637.0,687.4,450.0
SIFC,9/1/2026,482.0,484.0,480.0,480.0,-0.41,4405.0,687.4,450.0
SIFC,9/2/2026,480.1,485.0,475.0,482.5,0.5,7680.0,687.4,450.0
SIFC,9/3/2026,480.0,483.0,478.0,478.0,-0.42,2743.0,687.4,450.0
SIFC,9/7/2026,487.9,487.9,480.1,480.1,-1.6,1834.0,687.4,450.0
SIFC,9/9/2026,479.7,480.0,461.0,469.0,-2.23,21246.0,687.4,450.0
SIFC,9/10/2026,465.0,466.8,450.0,466.8,0.39,8972.0,687.4,450.0
SIFC,9/11/2026,465.0,475.0,465.0,470.0,1.08,4554.0,687.4,450.0
SIFC,9/14/2026,478.4,480.0,468.0,479.5,0.23,12158.0,687.4,450.0
SIFC,9/15/2026,492.3,507.0,481.2,485.0,-1.48,26586.0,687.4,450.0
SIFC,9/16/2026,493.5,493.5,480.0,484.0,-1.93,5469.0,687.4,450.0
SIFC,9/17/2026,465.0,490.0,465.0,484.0,4.09,5262.0,687.4,450.0
SIFC,9/18/2026,465.0,488.0,465.0,484.4,4.17,8974.0,687.4,450.0
SIFC,9/22/2026,488.5,488.5,479.4,485.7,-0.57,3432.0,687.4,450.0
SIFC,9/23/2026,483.1,487.0,477.0,481.0,-0.43,11886.0,687.4,450.0
SIFC,9/24/2026,475.5,481.3,475.5,480.3,1.01,10755.0,687.4,450.0
SIFC,9/28/2026,477.0,480.0,465.0,480.0,0.63,6028.0,687.4,450.0
SIFC,9/29/2026,481.0,481.0,471.0,0.0,-100.0,3537.0,687.4,450.0
SIFC,9/30/2026,455.9,480.0,455.9,479.0,5.07,14333.0,687.4,450.0
SIFC,10/1/2026,478.0,479.9,472.1,478.0,0.0,14050.0,687.4,450.0
SIFC,10/2/2026,479.0,480.0,471.1,475.0,-0.84,14657.0,687.4,450.0
SIFCPO,1/5/2026,286.0,286.0,286.0,286.0,,15131.0,286.0,286.0
SIGS2,1/26/2026,9.85,10.1,9.85,10.1,,12001.0,11.5,8.91
SIGS2,1/27/2026,10.0,10.0,9.84,9.84,-2.57,5100.0,11.5,8.91
SIGS2,1/28/2026,9.85,10.03,9.85,10.03,1.93,10200.0,11.5,8.91
SIGS2,1/29/2026,10.1,10.1,10.0,10.0,-0.3,11200.0,11.5,8.91
SIGS2,2/1/2026,9.82,9.82,9.81,9.81,-1.9,7000.0,11.5,8.91
SIGS2,2/2/2026,9.63,9.82,9.63,9.66,-1.53,11277.0,11.5,8.91
SIGS2,2/4/2026,9.55,9.77,9.55,9.77,1.14,1276.0,11.5,8.91
SIGS2,2/5/2026,9.85,9.96,9.81,9.81,0.41,40200.0,11.5,8.91
SIGS2,2/8/2026,9.76,9.76,9.65,9.65,-1.63,10250.0,11.5,8.91
SIGS2,2/9/2026,9.6,9.81,9.6,9.81,1.66,1950.0,11.5,8.91
SIGS2,2/10/2026,9.62,9.62,9.62,9.62,-1.94,1000.0,11.5,8.91
SIGS2,2/11/2026,9.64,9.81,9.64,9.8,1.87,5000.0,11.5,8.91
SIGS2,2/12/2026,9.7,9.7,9.7,9.7,-1.02,400.0,11.5,8.91
SIGS2,2/16/2026,9.81,9.88,9.81,9.88,1.86,15700.0,11.5,8.91
SIGS2,2/17/2026,9.69,9.69,9.69,9.69,-1.92,800.0,11.5,8.91
SIGS2,2/22/2026,9.88,9.88,9.88,9.88,1.96,3000.0,11.5,8.91
SIGS2,2/23/2026,9.69,9.69,9.69,9.69,-1.92,100.0,11.5,8.91
SIGS2,2/25/2026,9.88,9.88,9.69,9.88,1.96,1100.0,11.5,8.91
SIGS2,2/26/2026,9.7,9.7,9.69,9.69,-1.92,13400.0,11.5,8.91
SIGS2,2/27/2026,9.7,9.7,9.69,9.69,0.0,13400.0,11.5,8.91
SIGS2,2/28/2026,9.7,9.7,9.69,9.69,0.0,13400.0,11.5,8.91
SIGS2,3/2/2026,9.5,9.6,9.5,9.58,-1.14,10300.0,11.5,8.91
SIGS2,3/3/2026,9.5,9.5,9.5,9.5,-0.84,200.0,11.5,8.91
SIGS2,3/4/2026,9.5,9.5,9.5,9.5,0.0,200.0,11.5,8.91
SIGS2,3/5/2026,9.5,9.5,9.5,9.5,0.0,200.0,11.5,8.91
SIGS2,3/6/2026,9.5,9.5,9.5,9.5,0.0,200.0,11.5,8.91
SIGS2,3/7/2026,9.5,9.5,9.5,9.5,0.0,200.0,11.5,8.91
SIGS2,3/8/2026,9.5,9.5,9.5,9.5,0.0,200.0,11.5,8.91
SIGS2,3/10/2026,9.69,9.85,9.5,9.7,2.11,21295.0,11.5,8.91
SIGS2,3/11/2026,9.89,10.18,9.89,10.18,4.95,1600.0,11.5,8.91
SIGS2,3/12/2026,10.2,10.38,10.2,10.38,1.96,20000.0,11.5,8.91
SIGS2,3/13/2026,10.2,10.38,10.2,10.38,0.0,20000.0,11.5,8.91
SIGS2,3/14/2026,10.2,10.38,10.2,10.38,0.0,20000.0,11.5,8.91
SIGS2,3/15/2026,10.2,10.25,10.0,10.0,-3.66,18300.0,11.5,8.91
SIGS2,3/16/2026,10.0,10.0,9.81,9.98,-0.2,3100.0,11.5,8.91
SIGS2,3/17/2026,9.96,9.96,9.8,9.8,-1.8,30000.0,11.5,8.91
SIGS2,3/18/2026,9.96,9.96,9.8,9.8,0.0,30000.0,11.5,8.91
SIGS2,3/19/2026,9.99,10.01,9.81,10.01,2.14,52625.0,11.5,8.91
SIGS2,3/20/2026,9.99,10.01,9.81,10.01,0.0,52625.0,11.5,8.91
SIGS2,3/21/2026,9.99,10.01,9.81,10.01,0.0,52625.0,11.5,8.91
SIGS2,3/22/2026,9.85,10.58,9.85,10.58,5.69,63292.0,11.5,8.91
SIGS2,3/23/2026,10.6,10.79,10.6,10.61,0.28,50198.0,11.5,8.91
SIGS2,3/24/2026,10.41,10.41,10.3,10.3,-2.92,8000.0,11.5,8.91
SIGS2,3/25/2026,10.23,10.25,10.1,10.1,-1.94,5003.0,11.5,8.91
SIGS2,3/26/2026,10.17,10.37,10.17,10.18,0.1,10100.0,11.5,8.91
SIGS2,3/29/2026,9.98,10.02,9.98,10.02,0.4,500.0,11.5,8.91
SIGS2,3/30/2026,10.22,10.22,10.1,10.1,-1.17,12700.0,11.5,8.91
SIGS2,3/31/2026,10.0,10.0,9.9,9.96,-0.4,17979.0,11.5,8.91
SIGS2,4/1/2026,10.15,10.15,9.98,9.98,-1.67,31100.0,11.5,8.91
SIGS2,4/2/2026,9.98,10.17,9.98,10.17,1.9,4100.0,11.5,8.91
SIGS2,4/5/2026,10.2,10.37,10.2,10.2,0.0,11830.0,11.5,8.91
SIGS2,4/6/2026,10.4,10.4,10.4,10.4,0.0,300.0,11.5,8.91
SIGS2,4/7/2026,10.21,10.21,10.21,10.21,0.0,500.0,11.5,8.91
SIGS2,4/8/2026,10.12,10.13,10.12,10.12,0.0,19145.0,11.5,8.91
SIGS2,4/9/2026,10.15,10.15,10.03,10.03,-1.18,7800.0,11.5,8.91
SIGS2,4/10/2026,10.05,10.06,10.05,10.06,0.1,6500.0,11.5,8.91
SIGS2,4/13/2026,10.07,10.07,10.07,10.07,0.0,100.0,11.5,8.91
SIGS2,4/15/2026,10.27,10.47,10.27,10.28,0.1,1900.0,11.5,8.91
SIGS2,4/16/2026,10.48,10.48,10.45,10.45,-0.29,1100.0,11.5,8.91
SIGS2,4/17/2026,10.5,10.5,10.31,10.31,-1.81,3755.0,11.5,8.91
SIGS2,4/20/2026,10.25,10.25,10.15,10.15,-0.98,23000.0,11.5,8.91
SIGS2,4/21/2026,10.15,10.44,10.15,10.23,0.79,3800.0,11.5,8.91
SIGS2,4/22/2026,10.15,10.15,10.15,10.15,0.0,500.0,11.5,8.91
SIGS2,4/23/2026,10.3,10.3,10.3,10.3,0.0,199.0,11.5,8.91
SIGS2,4/24/2026,10.3,10.39,10.08,10.08,-2.14,600.0,11.5,8.91
SIGS2,4/27/2026,10.08,10.3,10.0,10.3,2.18,21022.0,11.5,8.91
SIGS2,4/28/2026,10.3,10.5,10.3,10.5,1.94,4610.0,11.5,8.91
SIGS2,4/29/2026,10.5,10.2,10.2,10.2,-2.86,13900.0,11.5,8.91
SIGS2,4/30/2026,9.97,10.25,9.96,9.99,0.2,9515.0,11.5,8.91
SIGS2,5/4/2026,10.28,10.28,10.16,10.16,-1.17,16410.0,11.5,8.91
SIGS2,5/5/2026,10.1,10.2,10.1,10.2,0.99,799.0,11.5,8.91
SIGS2,5/6/2026,10.35,10.4,10.35,10.35,0.0,7410.0,11.5,8.91
SIGS2,5/7/2026,10.35,10.35,10.3,10.34,-0.1,47350.0,11.5,8.91
SIGS2,5/8/2026,10.61,10.61,10.61,10.61,0.0,940.0,11.5,8.91
SIGS2,5/11/2026,10.35,10.35,10.35,10.35,0.0,500.0,11.5,8.91
SIGS2,5/12/2026,10.4,10.5,10.35,10.39,-0.1,4900.0,11.5,8.91
SIGS2,5/13/2026,10.38,10.39,10.38,10.39,0.1,725.0,11.5,8.91
SIGS2,5/15/2026,10.38,10.38,10.38,10.38,0.0,200.0,11.5,8.91
SIGS2,5/18/2026,10.38,10.45,10.31,10.45,0.67,7125.0,11.5,8.91
SIGS2,5/19/2026,10.5,10.5,10.35,10.35,-1.43,4370.0,11.5,8.91
SIGS2,5/20/2026,10.32,10.66,10.32,10.51,1.84,12060.0,11.5,8.91
SIGS2,5/21/2026,10.75,10.75,10.51,10.51,-2.23,6460.0,11.5,8.91
SIGS2,5/22/2026,10.51,10.82,10.51,10.82,2.95,255.0,11.5,8.91
SIGS2,5/25/2026,10.5,10.5,10.5,10.5,0.0,1000.0,11.5,8.91
SIGS2,5/26/2026,10.49,10.82,10.48,10.82,3.15,18972.0,11.5,8.91
SIGS2,5/27/2026,10.9,10.9,10.7,10.71,-1.74,23015.0,11.5,8.91
SIGS2,6/1/2026,10.6,10.6,10.5,10.5,-0.94,35000.0,11.5,8.91
SIGS2,6/2/2026,10.5,10.81,10.5,10.81,2.95,3900.0,11.5,8.91
SIGS2,6/4/2026,10.54,10.55,10.54,10.55,0.09,1100.0,11.5,8.91
SIGS2,6/5/2026,10.55,10.8,10.55,10.8,2.37,6740.0,11.5,8.91
SIGS2,6/8/2026,10.8,10.8,10.8,10.8,0.0,400.0,11.5,8.91
SIGS2,6/9/2026,10.79,11.11,10.5,10.78,-0.09,29125.0,11.5,8.91
SIGS2,6/10/2026,10.49,10.81,10.49,10.81,3.05,18295.0,11.5,8.91
SIGS2,6/11/2026,10.81,11.0,10.81,11.0,1.76,10100.0,11.5,8.91
SIGS2,6/12/2026,11.33,11.5,11.16,11.4,0.62,60000.0,11.5,8.91
SIGS2,6/17/2026,11.29,11.29,11.06,11.06,-2.04,6000.0,11.5,8.91
SIGS2,6/18/2026,11.06,11.06,11.06,11.06,0.0,1206.0,11.5,8.91
SIGS2,6/19/2026,10.8,10.8,10.8,10.8,0.0,200.0,11.5,8.91
SIGS2,6/22/2026,10.5,10.5,10.5,10.5,0.0,2000.0,11.5,8.91
SIGS2,6/23/2026,10.48,10.48,10.2,10.4,-0.76,9215.0,11.5,8.91
SIGS2,6/24/2026,10.25,10.25,10.22,10.22,-0.29,1000.0,11.5,8.91
SIGS2,6/26/2026,10.26,10.26,10.25,10.25,-0.1,9000.0,11.5,8.91
SIGS2,6/29/2026,10.5,10.5,10.5,10.5,0.0,5100.0,11.5,8.91
SIGS2,6/30/2026,10.45,10.5,10.45,10.5,0.48,500.0,11.5,8.91
SIGS2,7/1/2026,10.5,10.5,10.5,10.5,0.0,10000.0,11.5,8.91
SIGS2,7/2/2026,10.8,10.8,10.8,10.8,0.0,10500.0,11.5,8.91
SIGS2,7/3/2026,10.48,10.95,10.48,10.95,4.48,7150.0,11.5,8.91
SIGS2,7/6/2026,10.8,10.8,10.5,10.5,-2.78,2350.0,11.5,8.91
SIGS2,7/7/2026,10.5,10.6,10.5,10.6,0.95,3000.0,11.5,8.91
SIGS2,7/8/2026,10.31,10.31,10.31,10.31,0.0,150.0,11.5,8.91
SIGS2,7/9/2026,10.3,10.3,10.25,10.25,-0.49,1900.0,11.5,8.91
SIGS2,7/10/2026,10.25,10.25,10.2,10.2,-0.49,10000.0,11.5,8.91
SIGS2,7/15/2026,10.2,10.2,10.1,10.1,-0.98,1500.0,11.5,8.91
SIGS2,7/16/2026,10.4,11.0,10.4,11.0,5.77,7000.0,11.5,8.91
SIGS2,7/17/2026,10.67,10.67,10.67,10.67,0.0,110.0,11.5,8.91
SIGS2,7/20/2026,10.5,10.5,10.5,10.5,0.0,300.0,11.5,8.91
SIGS2,7/21/2026,10.35,10.35,10.35,10.35,0.0,1000.0,11.5,8.91
SIGS2,7/22/2026,10.04,10.04,10.04,10.04,0.0,100.0,11.5,8.91
SIGS2,7/24/2026,10.15,10.2,10.15,10.2,0.49,4100.0,11.5,8.91
SIGS2,7/27/2026,10.1,10.5,10.1,10.5,3.96,1900.0,11.5,8.91
SIGS2,7/28/2026,10.3,10.5,10.3,10.5,1.94,3000.0,11.5,8.91
SIGS2,7/29/2026,10.3,10.5,10.3,10.5,1.94,2350.0,11.5,8.91
SIGS2,8/3/2026,10.8,10.81,10.8,10.81,0.09,10000.0,11.5,8.91
SIGS2,8/5/2026,10.8,10.8,10.8,10.8,0.0,200.0,11.5,8.91
SIGS2,8/11/2026,10.5,10.7,10.5,10.7,1.9,10800.0,11.5,8.91
SIGS2,8/17/2026,10.7,11.02,10.7,11.02,2.99,13900.0,11.5,8.91
SIGS2,8/18/2026,11.02,11.02,10.38,10.53,-4.45,202700.0,11.5,8.91
SIGS2,8/20/2026,10.53,10.53,10.5,10.51,-0.19,14010.0,11.5,8.91
SIGS2,8/25/2026,10.4,10.4,10.36,10.36,-0.38,14400.0,11.5,8.91
SIGS2,8/27/2026,10.5,10.5,10.27,10.27,-2.19,1870.0,11.5,8.91
SIGS2,8/31/2026,10.27,10.27,9.77,9.9,-3.6,59830.0,11.5,8.91
SIGS2,9/1/2026,9.79,9.9,9.42,9.42,-3.78,37610.0,11.5,8.91
SIGS2,9/2/2026,9.7,9.75,9.5,9.74,0.41,25200.0,11.5,8.91
SIGS2,9/7/2026,9.94,9.94,9.94,9.94,0.0,500.0,11.5,8.91
SIGS2,9/10/2026,9.84,9.84,9.66,9.66,-1.83,3400.0,11.5,8.91
SIGS2,9/14/2026,9.55,9.55,9.55,9.55,0.0,2500.0,11.5,8.91
SIGS2,9/15/2026,9.29,9.54,9.28,9.54,2.69,5448.0,11.5,8.91
SIGS2,9/16/2026,9.82,9.82,9.6,9.6,-2.24,11185.0,11.5,8.91
SIGS2,9/17/2026,9.6,9.79,9.6,9.62,0.21,49040.0,11.5,8.91
SIGS2,9/18/2026,9.5,9.5,9.5,9.5,0.0,1000.0,11.5,8.91
SIGS2,9/22/2026,9.5,9.78,9.46,9.46,-0.42,1900.0,11.5,8.91
SIGS2,9/24/2026,9.49,9.49,9.46,9.46,-0.32,5000.0,11.5,8.91
SIGS2,9/28/2026,9.7,9.7,9.6,9.6,-1.03,950.0,11.5,8.91
SIGS2,9/29/2026,9.56,9.56,9.56,0.0,-100.0,3050.0,11.5,8.91
SIGS2,9/30/2026,9.55,9.65,9.55,9.65,1.05,10200.0,11.5,8.91
SIGS2,10/2/2026,9.51,9.51,9.51,9.51,0.0,200.0,11.5,8.91
SIGS3,1/26/2026,10.0,10.2,10.0,10.2,,4400.0,11.58,8.52
SIGS3,1/27/2026,10.01,10.22,10.01,10.22,0.2,926.0,11.58,8.52
SIGS3,1/28/2026,10.1,10.1,10.04,10.05,-1.66,400.0,11.58,8.52
SIGS3,1/29/2026,10.04,10.25,10.04,10.11,0.6,13900.0,11.58,8.52
SIGS3,2/1/2026,10.11,10.15,10.11,10.15,0.4,3670.0,11.58,8.52
SIGS3,2/2/2026,10.15,10.3,10.15,10.3,1.48,2900.0,11.58,8.52
SIGS3,2/3/2026,10.2,10.3,10.2,10.25,-0.49,1150.0,11.58,8.52
SIGS3,2/4/2026,10.2,10.45,10.2,10.32,0.68,7499.0,11.58,8.52
SIGS3,2/5/2026,10.31,10.5,10.31,10.45,1.26,31440.0,11.58,8.52
SIGS3,2/8/2026,10.3,10.4,10.27,10.27,-1.72,30400.0,11.58,8.52
SIGS3,2/9/2026,10.18,10.19,10.18,10.19,-0.78,400.0,11.58,8.52
SIGS3,2/10/2026,10.2,10.3,10.2,10.3,1.08,1500.0,11.58,8.52
SIGS3,2/11/2026,10.3,10.39,9.81,9.81,-4.76,34300.0,11.58,8.52
SIGS3,2/12/2026,10.0,10.35,10.0,10.35,5.5,6500.0,11.58,8.52
SIGS3,2/16/2026,10.3,10.3,10.23,10.3,-0.48,9800.0,11.58,8.52
SIGS3,2/17/2026,10.3,10.49,10.21,10.21,-0.87,11600.0,11.58,8.52
SIGS3,2/22/2026,10.21,10.21,10.21,10.21,0.0,9800.0,11.58,8.52
SIGS3,2/23/2026,10.05,10.16,10.05,10.11,-0.98,1550.0,11.58,8.52
SIGS3,2/24/2026,10.15,10.2,10.15,10.17,0.59,27800.0,11.58,8.52
SIGS3,2/25/2026,10.37,10.37,9.97,9.97,-1.97,200.0,11.58,8.52
SIGS3,2/26/2026,10.01,10.3,10.01,10.3,3.31,4054.0,11.58,8.52
SIGS3,2/27/2026,10.01,10.3,10.01,10.3,0.0,4054.0,11.58,8.52
SIGS3,2/28/2026,10.01,10.3,10.01,10.3,0.0,4054.0,11.58,8.52
SIGS3,3/2/2026,10.1,10.3,10.1,10.3,0.0,5300.0,11.58,8.52
SIGS3,3/3/2026,10.12,10.12,10.12,10.12,-1.75,300.0,11.58,8.52
SIGS3,3/4/2026,10.12,10.12,10.12,10.12,0.0,300.0,11.58,8.52
SIGS3,3/5/2026,10.12,10.12,10.12,10.12,0.0,300.0,11.58,8.52
SIGS3,3/6/2026,10.12,10.12,10.12,10.12,0.0,300.0,11.58,8.52
SIGS3,3/7/2026,10.12,10.12,10.12,10.12,0.0,300.0,11.58,8.52
SIGS3,3/8/2026,10.12,10.12,10.12,10.12,0.0,300.0,11.58,8.52
SIGS3,3/10/2026,10.25,10.25,10.15,10.2,0.79,1700.0,11.58,8.52
SIGS3,3/11/2026,10.12,10.4,10.12,10.4,1.96,10300.0,11.58,8.52
SIGS3,3/12/2026,10.2,10.33,10.2,10.33,-0.67,600.0,11.58,8.52
SIGS3,3/13/2026,10.2,10.33,10.2,10.33,0.0,600.0,11.58,8.52
SIGS3,3/14/2026,10.2,10.33,10.2,10.33,0.0,600.0,11.58,8.52
SIGS3,3/15/2026,10.31,10.35,10.31,10.32,-0.1,4300.0,11.58,8.52
SIGS3,3/16/2026,10.31,10.32,10.31,10.31,-0.1,2100.0,11.58,8.52
SIGS3,3/17/2026,10.31,10.35,10.31,10.32,0.1,13400.0,11.58,8.52
SIGS3,3/18/2026,10.31,10.35,10.31,10.32,0.0,13400.0,11.58,8.52
SIGS3,3/19/2026,10.31,10.52,10.13,10.29,-0.29,5600.0,11.58,8.52
SIGS3,3/20/2026,10.31,10.52,10.13,10.29,0.0,5600.0,11.58,8.52
SIGS3,3/21/2026,10.31,10.52,10.13,10.29,0.0,5600.0,11.58,8.52
SIGS3,3/22/2026,10.27,10.49,10.27,10.3,0.1,4800.0,11.58,8.52
SIGS3,3/23/2026,10.3,10.71,10.3,10.68,3.69,10615.0,11.58,8.52
SIGS3,3/24/2026,10.49,10.69,10.49,10.6,-0.75,5910.0,11.58,8.52
SIGS3,3/25/2026,10.5,10.81,10.5,10.7,0.94,14500.0,11.58,8.52
SIGS3,3/26/2026,10.5,10.71,10.5,10.55,0.48,5900.0,11.58,8.52
SIGS3,3/29/2026,10.51,10.6,10.51,10.6,0.86,13200.0,11.58,8.52
SIGS3,3/30/2026,10.81,10.81,10.45,10.55,-2.41,1100.0,11.58,8.52
SIGS3,3/31/2026,10.41,10.61,10.41,10.5,0.86,835.0,11.58,8.52
SIGS3,4/1/2026,10.41,10.5,10.41,10.41,0.0,11300.0,11.58,8.52
SIGS3,4/2/2026,10.21,10.41,10.21,10.35,1.37,650.0,11.58,8.52
SIGS3,4/5/2026,10.2,10.2,10.19,10.19,-0.1,300.0,11.58,8.52
SIGS3,4/6/2026,10.05,10.39,10.05,10.2,1.49,3000.0,11.58,8.52
SIGS3,4/7/2026,10.1,10.25,10.1,10.25,1.49,3050.0,11.58,8.52
SIGS3,4/8/2026,10.3,10.35,10.26,10.33,0.29,39590.0,11.58,8.52
SIGS3,4/9/2026,10.33,10.55,10.33,10.49,1.55,1755.0,11.58,8.52
SIGS3,4/10/2026,10.5,10.5,10.35,10.38,-1.14,2000.0,11.58,8.52
SIGS3,4/13/2026,10.26,10.61,10.26,10.5,2.34,11100.0,11.58,8.52
SIGS3,4/15/2026,10.7,10.73,10.51,10.69,-0.09,6900.0,11.58,8.52
SIGS3,4/16/2026,10.69,10.89,10.69,10.89,1.87,3100.0,11.58,8.52
SIGS3,4/17/2026,10.68,10.94,10.68,10.75,0.66,9700.0,11.58,8.52
SIGS3,4/20/2026,10.75,11.3,10.74,10.97,2.05,2560.0,11.58,8.52
SIGS3,4/21/2026,10.9,10.9,10.9,10.9,0.0,1250.0,11.58,8.52
SIGS3,4/22/2026,10.78,10.8,10.78,10.8,0.19,800.0,11.58,8.52
SIGS3,4/23/2026,10.77,10.8,10.77,10.77,0.0,700.0,11.58,8.52
SIGS3,4/24/2026,11.0,11.0,10.77,10.8,-1.82,16540.0,11.58,8.52
SIGS3,4/27/2026,10.8,11.0,10.77,10.78,-0.19,1100.0,11.58,8.52
SIGS3,4/28/2026,10.78,11.05,10.77,10.77,-0.09,1150.0,11.58,8.52
SIGS3,4/29/2026,10.77,10.77,10.46,10.5,-2.51,1453.0,11.58,8.52
SIGS3,4/30/2026,10.25,10.71,10.25,10.71,4.49,900.0,11.58,8.52
SIGS3,5/4/2026,10.5,10.54,10.5,10.54,0.38,1200.0,11.58,8.52
SIGS3,5/5/2026,10.35,10.45,10.35,10.42,0.68,25500.0,11.58,8.52
SIGS3,5/6/2026,10.4,10.9,10.4,10.9,4.81,25723.0,11.58,8.52
SIGS3,5/7/2026,10.58,10.62,10.58,10.62,0.38,300.0,11.58,8.52
SIGS3,5/8/2026,10.31,10.63,10.31,10.42,1.07,1600.0,11.58,8.52
SIGS3,5/11/2026,10.7,10.73,10.44,10.53,-1.59,2100.0,11.58,8.52
SIGS3,5/12/2026,10.51,10.65,10.51,10.65,1.33,1800.0,11.58,8.52
SIGS3,5/13/2026,10.65,10.65,10.61,10.62,-0.28,1000.0,11.58,8.52
SIGS3,5/14/2026,10.6,10.64,10.6,10.63,0.28,2300.0,11.58,8.52
SIGS3,5/15/2026,10.6,10.63,10.6,10.6,0.0,8400.0,11.58,8.52
SIGS3,5/18/2026,10.59,10.8,10.59,10.79,1.89,2200.0,11.58,8.52
SIGS3,5/19/2026,10.79,10.79,10.65,10.65,-1.3,200.0,11.58,8.52
SIGS3,5/20/2026,10.6,10.91,10.6,10.85,2.36,25650.0,11.58,8.52
SIGS3,5/21/2026,10.85,10.85,10.76,10.76,-0.83,200.0,11.58,8.52
SIGS3,5/22/2026,10.61,10.86,10.61,10.86,2.36,1100.0,11.58,8.52
SIGS3,5/25/2026,10.66,10.8,10.66,10.8,1.31,1300.0,11.58,8.52
SIGS3,5/26/2026,10.8,11.12,10.8,11.11,2.87,6820.0,11.58,8.52
SIGS3,5/27/2026,11.11,11.2,11.0,11.2,0.81,29832.0,11.58,8.52
SIGS3,6/1/2026,11.2,11.2,10.92,11.2,0.0,1100.0,11.58,8.52
SIGS3,6/2/2026,10.93,11.25,10.93,11.25,2.93,3000.0,11.58,8.52
SIGS3,6/3/2026,10.96,11.28,10.96,11.28,2.92,1900.0,11.58,8.52
SIGS3,6/4/2026,11.01,11.01,11.01,11.01,0.0,700.0,11.58,8.52
SIGS3,6/5/2026,11.01,11.25,11.01,11.25,2.18,2300.0,11.58,8.52
SIGS3,6/8/2026,11.0,11.01,11.0,11.0,0.0,3900.0,11.58,8.52
SIGS3,6/9/2026,11.33,11.33,11.0,11.0,-2.91,7810.0,11.58,8.52
SIGS3,6/10/2026,10.98,10.98,10.67,10.98,0.0,127000.0,11.58,8.52
SIGS3,6/11/2026,10.7,10.8,10.7,10.8,0.93,300.0,11.58,8.52
SIGS3,6/12/2026,11.0,11.3,11.0,11.25,2.27,22900.0,11.58,8.52
SIGS3,6/15/2026,10.94,11.58,10.94,11.57,5.76,12055.0,11.58,8.52
SIGS3,6/16/2026,11.23,11.36,10.91,11.36,1.16,2700.0,11.58,8.52
SIGS3,6/17/2026,11.04,11.2,11.04,11.15,1.0,2200.0,11.58,8.52
SIGS3,6/18/2026,10.85,11.3,10.85,11.01,1.47,10400.0,11.58,8.52
SIGS3,6/19/2026,11.0,11.28,10.32,10.51,-4.45,1001170.0,11.58,8.52
SIGS3,6/22/2026,10.5,10.6,10.5,10.53,0.29,800.0,11.58,8.52
SIGS3,6/23/2026,10.36,11.1,10.36,11.1,7.14,600.0,11.58,8.52
SIGS3,6/26/2026,10.8,10.85,10.53,10.84,0.37,74110.0,11.58,8.52
SIGS3,6/29/2026,10.55,10.6,10.41,10.6,0.47,52370.0,11.58,8.52
SIGS3,6/30/2026,10.41,10.65,10.41,10.65,2.31,12049.0,11.58,8.52
SIGS3,7/1/2026,10.65,10.65,10.55,10.55,-0.94,20090.0,11.58,8.52
SIGS3,7/2/2026,10.65,10.65,10.5,10.6,-0.47,59750.0,11.58,8.52
SIGS3,7/3/2026,10.46,10.6,10.46,10.6,1.34,800.0,11.58,8.52
SIGS3,7/6/2026,10.7,10.7,10.46,10.6,-0.93,2800.0,11.58,8.52
SIGS3,7/7/2026,10.44,10.6,10.44,10.6,1.53,900.0,11.58,8.52
SIGS3,7/8/2026,10.48,10.6,10.45,10.47,-0.1,2500.0,11.58,8.52
SIGS3,7/9/2026,10.6,10.6,10.45,10.45,-1.42,17900.0,11.58,8.52
SIGS3,7/10/2026,10.43,10.6,10.43,10.6,1.63,13150.0,11.58,8.52
SIGS3,7/13/2026,10.5,10.6,10.47,10.5,0.0,67791.0,11.58,8.52
SIGS3,7/14/2026,10.19,10.49,10.01,10.49,2.94,505100.0,11.58,8.52
SIGS3,7/15/2026,10.5,10.5,10.5,10.5,0.0,100.0,11.58,8.52
SIGS3,7/16/2026,10.2,10.5,10.2,10.5,2.94,1830.0,11.58,8.52
SIGS3,7/17/2026,10.25,10.7,10.25,10.7,4.39,460.0,11.58,8.52
SIGS3,7/20/2026,10.38,10.38,10.11,10.37,-0.1,1900.0,11.58,8.52
SIGS3,7/21/2026,10.37,10.6,10.37,10.5,1.25,102400.0,11.58,8.52
SIGS3,7/22/2026,10.56,10.59,10.46,10.5,-0.57,27008.0,11.58,8.52
SIGS3,7/23/2026,10.5,10.6,10.35,10.6,0.95,376585.0,11.58,8.52
SIGS3,7/24/2026,10.42,10.6,10.42,10.5,0.77,25177.0,11.58,8.52
SIGS3,7/27/2026,10.36,10.5,10.36,10.5,1.35,600.0,11.58,8.52
SIGS3,7/28/2026,10.81,10.81,10.49,10.6,-1.94,47650.0,11.58,8.52
SIGS3,7/29/2026,10.63,10.77,10.63,10.77,1.32,10900.0,11.58,8.52
SIGS3,7/30/2026,10.7,10.7,10.7,10.7,0.0,8400.0,11.58,8.52
SIGS3,7/31/2026,10.71,10.71,10.42,10.42,-2.71,4900.0,11.58,8.52
SIGS3,8/3/2026,10.47,10.78,10.47,10.55,0.76,2056.0,11.58,8.52
SIGS3,8/4/2026,10.56,10.7,10.56,10.58,0.19,800.0,11.58,8.52
SIGS3,8/5/2026,10.47,10.6,10.47,10.6,1.24,400.0,11.58,8.52
SIGS3,8/6/2026,10.65,10.65,10.5,10.5,-1.41,400.0,11.58,8.52
SIGS3,8/7/2026,10.5,10.55,10.47,10.55,0.48,535.0,11.58,8.52
SIGS3,8/10/2026,10.6,10.89,10.6,10.89,2.74,26335.0,11.58,8.52
SIGS3,8/11/2026,10.95,10.95,10.66,10.85,-0.91,20200.0,11.58,8.52
SIGS3,8/12/2026,10.6,10.6,10.6,10.6,0.0,1140.0,11.58,8.52
SIGS3,8/13/2026,10.53,10.8,10.53,10.65,1.14,15300.0,11.58,8.52
SIGS3,8/14/2026,10.56,10.57,10.56,10.57,0.09,300.0,11.58,8.52
SIGS3,8/17/2026,10.87,10.87,10.6,10.87,0.0,10338.0,11.58,8.52
SIGS3,8/18/2026,10.88,11.09,10.79,10.8,-0.74,1883385.0,11.58,8.52
SIGS3,8/19/2026,10.99,11.04,10.9,11.0,0.09,207987.0,11.58,8.52
SIGS3,8/20/2026,11.1,11.1,10.87,11.0,-0.9,179099.0,11.58,8.52
SIGS3,8/21/2026,11.0,11.0,10.85,11.0,0.0,372573.0,11.58,8.52
SIGS3,8/24/2026,10.87,11.0,10.87,11.0,1.2,50619.0,11.58,8.52
SIGS3,8/25/2026,10.95,11.0,10.91,11.0,0.46,89127.0,11.58,8.52
SIGS3,8/26/2026,10.85,10.91,10.85,10.85,0.0,275800.0,11.58,8.52
SIGS3,8/27/2026,10.6,10.99,10.6,10.99,3.68,1300.0,11.58,8.52
SIGS3,8/31/2026,10.67,10.67,9.91,9.91,-7.12,52730.0,11.58,8.52
SIGS3,9/1/2026,10.2,10.3,9.94,10.15,-0.49,79179.0,11.58,8.52
SIGS3,9/2/2026,10.0,10.0,10.0,10.0,0.0,100.0,11.58,8.52
SIGS3,9/3/2026,9.95,10.15,9.95,10.1,1.51,20400.0,11.58,8.52
SIGS3,9/7/2026,10.0,10.3,10.0,10.2,2.0,6449.0,11.58,8.52
SIGS3,9/9/2026,10.0,10.11,10.0,10.11,1.1,4151.0,11.58,8.52
SIGS3,9/10/2026,10.04,10.09,10.04,10.08,0.4,3900.0,11.58,8.52
SIGS3,9/11/2026,10.0,10.31,10.0,10.13,1.3,4400.0,11.58,8.52
SIGS3,9/14/2026,10.1,10.17,10.1,10.17,0.69,400.0,11.58,8.52
SIGS3,9/15/2026,10.25,10.4,10.25,10.38,1.27,50900.0,11.58,8.52
SIGS3,9/16/2026,10.36,10.36,10.36,10.36,0.0,860.0,11.58,8.52
SIGS3,9/17/2026,10.24,10.24,10.24,10.24,0.0,100.0,11.58,8.52
SIGS3,9/18/2026,10.3,10.38,10.3,10.33,0.29,8041.0,11.58,8.52
SIGS3,9/22/2026,10.26,10.26,10.26,10.26,0.0,100.0,11.58,8.52
SIGS3,9/23/2026,10.27,10.27,10.27,10.27,0.0,200.0,11.58,8.52
SIGS3,9/24/2026,10.27,10.35,10.27,10.35,0.78,22060.0,11.58,8.52
SIGS3,9/28/2026,10.66,10.66,10.22,10.26,-3.75,43094.0,11.58,8.52
SIGS3,9/29/2026,10.2,10.2,10.2,0.0,-100.0,3430.0,11.58,8.52
SIGS3,9/30/2026,10.2,10.35,10.2,10.33,1.27,3980.0,11.58,8.52
SIGS3,10/1/2026,10.35,10.35,10.15,10.34,-0.1,1670.0,11.58,8.52
SIGS3,10/2/2026,10.21,10.21,10.21,10.21,0.0,200.0,11.58,8.52
SIKLES,12/21/2025,565.0,565.9,555.0,556.9,,17457.0,720.0,536.3
SIKLES,12/22/2025,551.0,562.0,550.1,554.0,-0.52,11015.0,720.0,536.3
SIKLES,12/23/2025,545.0,557.0,545.0,556.7,0.49,25948.0,720.0,536.3
SIKLES,12/24/2025,552.0,559.0,550.0,555.0,-0.31,8633.0,720.0,536.3
SIKLES,12/28/2025,555.1,571.9,555.1,571.9,3.05,37384.0,720.0,536.3
SIKLES,12/29/2025,579.0,579.0,569.0,572.9,0.17,11559.0,720.0,536.3
SIKLES,12/31/2025,567.3,578.0,567.3,571.0,-0.33,16337.0,720.0,536.3
SIKLES,1/1/2026,560.0,574.8,560.0,568.0,-0.53,12938.0,720.0,536.3
SIKLES,1/4/2026,560.0,576.0,560.0,564.5,-0.62,21671.0,720.0,536.3
SIKLES,1/5/2026,557.2,585.4,557.2,585.4,3.7,40377.0,720.0,536.3
SIKLES,1/6/2026,591.0,600.0,578.7,589.0,0.61,118959.0,720.0,536.3
SIKLES,1/7/2026,581.0,591.0,579.0,583.0,-1.02,55277.0,720.0,536.3
SIKLES,1/8/2026,590.0,594.6,581.0,587.9,0.84,40710.0,720.0,536.3
SIKLES,1/12/2026,583.1,619.0,583.1,619.0,5.29,75960.0,720.0,536.3
SIKLES,1/13/2026,631.3,655.0,619.5,646.0,4.36,134696.0,720.0,536.3
SIKLES,1/14/2026,657.9,670.0,633.1,647.0,0.15,83135.0,720.0,536.3
SIKLES,1/18/2026,655.0,657.0,627.0,635.0,-1.85,86205.0,720.0,536.3
SIKLES,1/20/2026,647.7,647.7,625.0,626.1,-1.4,77119.0,720.0,536.3
SIKLES,1/21/2026,630.0,635.0,618.0,621.0,-0.81,31304.0,720.0,536.3
SIKLES,1/22/2026,617.0,633.0,617.0,627.8,1.1,46001.0,720.0,536.3
SIKLES,1/25/2026,620.0,648.0,620.0,640.0,1.94,88915.0,720.0,536.3
SIKLES,1/26/2026,644.0,644.0,630.0,630.5,-1.48,59007.0,720.0,536.3
SIKLES,1/27/2026,642.0,647.8,620.0,622.0,-1.35,46299.0,720.0,536.3
SIKLES,1/28/2026,620.0,635.0,620.0,631.1,1.46,25194.0,720.0,536.3
SIKLES,1/29/2026,631.0,640.0,625.0,625.1,-0.95,23612.0,720.0,536.3
SIKLES,2/1/2026,630.0,637.6,610.0,614.1,-1.76,24762.0,720.0,536.3
SIKLES,2/2/2026,615.0,624.0,610.0,617.0,0.47,11689.0,720.0,536.3
SIKLES,2/3/2026,623.9,623.9,610.0,612.0,-0.81,21527.0,720.0,536.3
SIKLES,2/4/2026,599.8,624.0,599.8,612.9,0.15,16453.0,720.0,536.3
SIKLES,2/5/2026,610.0,629.9,603.0,620.2,1.19,30536.0,720.0,536.3
SIKLES,2/8/2026,632.5,640.0,620.5,620.5,0.05,21001.0,720.0,536.3
SIKLES,2/9/2026,608.1,631.9,608.1,611.0,-1.53,13733.0,720.0,536.3
SIKLES,2/10/2026,611.1,616.8,609.0,612.0,0.16,9980.0,720.0,536.3
SIKLES,2/11/2026,615.9,615.9,610.0,612.0,0.0,9698.0,720.0,536.3
SIKLES,2/12/2026,612.0,620.0,611.0,614.0,0.33,23666.0,720.0,536.3
SIKLES,2/16/2026,610.1,617.0,610.1,614.0,0.0,7967.0,720.0,536.3
SIKLES,2/17/2026,611.1,615.9,603.0,603.0,-1.79,14106.0,720.0,536.3
SIKLES,2/22/2026,604.0,604.0,588.0,589.0,-2.32,6760.0,720.0,536.3
SIKLES,2/23/2026,590.0,603.9,590.0,603.7,2.5,9269.0,720.0,536.3
SIKLES,2/24/2026,605.0,610.0,603.0,608.0,0.71,9881.0,720.0,536.3
SIKLES,2/25/2026,618.0,618.0,600.0,600.5,-1.23,4701.0,720.0,536.3
SIKLES,2/26/2026,611.0,611.0,600.0,600.3,-0.03,4094.0,720.0,536.3
SIKLES,2/27/2026,611.0,611.0,600.0,600.3,0.0,4094.0,720.0,536.3
SIKLES,2/28/2026,611.0,611.0,600.0,600.3,0.0,4094.0,720.0,536.3
SIKLES,3/2/2026,605.0,610.0,590.0,608.0,1.28,10365.0,720.0,536.3
SIKLES,3/3/2026,601.1,618.0,601.1,616.0,1.32,17365.0,720.0,536.3
SIKLES,3/4/2026,601.1,618.0,601.1,616.0,0.0,17365.0,720.0,536.3
SIKLES,3/5/2026,601.1,618.0,601.1,616.0,0.0,17365.0,720.0,536.3
SIKLES,3/6/2026,601.1,618.0,601.1,616.0,0.0,17365.0,720.0,536.3
SIKLES,3/7/2026,601.1,618.0,601.1,616.0,0.0,17365.0,720.0,536.3
SIKLES,3/8/2026,601.1,618.0,601.1,616.0,0.0,17365.0,720.0,536.3
SIKLES,3/9/2026,628.3,640.8,628.3,640.8,4.03,210.0,720.0,536.3
SIKLES,3/10/2026,653.6,665.0,615.1,648.3,1.17,94053.0,720.0,536.3
SIKLES,3/11/2026,661.2,663.0,635.1,653.9,0.86,82429.0,720.0,536.3
SIKLES,3/12/2026,648.0,693.0,648.0,692.9,5.96,145049.0,720.0,536.3
SIKLES,3/13/2026,648.0,693.0,648.0,692.9,0.0,145049.0,720.0,536.3
SIKLES,3/14/2026,648.0,693.0,648.0,692.9,0.0,145049.0,720.0,536.3
SIKLES,3/15/2026,706.0,706.0,660.0,676.5,-2.37,149978.0,720.0,536.3
SIKLES,3/16/2026,684.5,684.5,650.0,656.0,-3.03,45181.0,720.0,536.3
SIKLES,3/17/2026,651.0,672.0,650.0,662.8,1.04,30993.0,720.0,536.3
SIKLES,3/18/2026,651.0,672.0,650.0,662.8,0.0,30993.0,720.0,536.3
SIKLES,3/19/2026,660.0,680.0,658.0,667.0,0.63,57708.0,720.0,536.3
SIKLES,3/20/2026,660.0,680.0,658.0,667.0,0.0,57708.0,720.0,536.3
SIKLES,3/21/2026,660.0,680.0,658.0,667.0,0.0,57708.0,720.0,536.3
SIKLES,3/22/2026,672.0,672.0,639.0,652.9,-2.11,149076.0,720.0,536.3
SIKLES,3/23/2026,665.0,665.0,641.2,645.2,-1.18,48076.0,720.0,536.3
SIKLES,3/24/2026,657.0,657.0,637.5,641.0,-0.65,78057.0,720.0,536.3
SIKLES,3/25/2026,642.0,647.0,629.0,631.0,-1.56,68555.0,720.0,536.3
SIKLES,3/26/2026,635.0,653.8,625.3,649.0,2.2,37656.0,720.0,536.3
SIKLES,3/29/2026,650.0,650.0,635.0,637.0,-2.0,26602.0,720.0,536.3
SIKLES,3/30/2026,625.1,637.0,620.0,623.1,-0.32,35448.0,720.0,536.3
SIKLES,3/31/2026,623.1,629.8,610.0,624.0,0.14,17990.0,720.0,536.3
SIKLES,4/1/2026,625.0,625.0,604.6,608.0,-2.72,23177.0,720.0,536.3
SIKLES,4/2/2026,601.1,611.9,590.0,608.0,1.15,26294.0,720.0,536.3
SIKLES,4/5/2026,600.0,605.0,580.0,585.0,-2.5,40995.0,720.0,536.3
SIKLES,4/6/2026,590.0,612.0,584.2,604.0,2.37,23526.0,720.0,536.3
SIKLES,4/7/2026,595.8,614.8,595.8,603.0,1.21,14657.0,720.0,536.3
SIKLES,4/8/2026,604.0,614.0,604.0,610.9,1.14,15961.0,720.0,536.3
SIKLES,4/9/2026,611.0,620.0,611.0,619.0,1.31,15949.0,720.0,536.3
SIKLES,4/10/2026,620.0,620.0,609.2,613.0,-1.13,7357.0,720.0,536.3
SIKLES,4/13/2026,615.0,618.9,605.2,611.2,-0.62,10361.0,720.0,536.3
SIKLES,4/15/2026,610.2,639.5,610.1,638.0,4.56,48593.0,720.0,536.3
SIKLES,4/16/2026,626.1,638.0,620.1,624.9,-0.19,19465.0,720.0,536.3
SIKLES,4/17/2026,620.0,631.9,610.0,622.0,0.32,12105.0,720.0,536.3
SIKLES,4/20/2026,622.0,622.0,611.2,614.5,-1.21,4978.0,720.0,536.3
SIKLES,4/21/2026,611.8,618.5,610.0,610.0,-0.29,10407.0,720.0,536.3
SIKLES,4/22/2026,605.0,609.0,594.0,603.0,-0.33,12825.0,720.0,536.3
SIKLES,4/23/2026,603.0,610.0,600.0,601.0,-0.33,8688.0,720.0,536.3
SIKLES,4/24/2026,600.0,604.0,589.3,599.9,-0.02,17802.0,720.0,536.3
SIKLES,4/27/2026,599.9,606.0,595.0,597.3,-0.43,8222.0,720.0,536.3
SIKLES,4/28/2026,597.3,610.0,591.3,592.0,-0.89,11043.0,720.0,536.3
SIKLES,4/29/2026,592.0,592.0,581.2,587.0,-0.84,14527.0,720.0,536.3
SIKLES,4/30/2026,576.0,584.5,575.0,581.0,0.87,12806.0,720.0,536.3
SIKLES,5/4/2026,581.0,581.0,571.0,571.0,-1.72,6410.0,720.0,536.3
SIKLES,5/5/2026,571.0,580.0,565.0,573.4,0.42,6989.0,720.0,536.3
SIKLES,5/6/2026,575.0,580.0,572.0,573.0,-0.35,3343.0,720.0,536.3
SIKLES,5/7/2026,572.0,574.5,570.0,573.5,0.26,5490.0,720.0,536.3
SIKLES,5/8/2026,573.0,579.7,572.0,577.9,0.86,5850.0,720.0,536.3
SIKLES,5/11/2026,586.9,595.0,586.9,592.0,0.87,8171.0,720.0,536.3
SIKLES,5/12/2026,609.7,609.7,582.1,582.1,-4.53,6195.0,720.0,536.3
SIKLES,5/13/2026,576.0,585.0,576.0,581.0,0.87,2382.0,720.0,536.3
SIKLES,5/14/2026,581.0,581.0,571.6,576.3,-0.81,4196.0,720.0,536.3
SIKLES,5/15/2026,576.3,590.0,576.0,585.0,1.51,10613.0,720.0,536.3
SIKLES,5/18/2026,581.2,592.0,581.2,591.0,1.69,2686.0,720.0,536.3
SIKLES,5/19/2026,620.5,620.5,586.0,591.0,-4.75,8148.0,720.0,536.3
SIKLES,5/20/2026,605.0,605.0,584.0,594.4,-1.75,4281.0,720.0,536.3
SIKLES,5/21/2026,595.0,600.0,590.2,592.0,-0.5,6307.0,720.0,536.3
SIKLES,5/22/2026,587.1,600.0,587.1,600.0,2.2,13182.0,720.0,536.3
SIKLES,5/25/2026,605.0,610.0,600.0,609.0,0.66,13642.0,720.0,536.3
SIKLES,5/26/2026,580.0,614.0,580.0,603.2,4.0,13387.0,720.0,536.3
SIKLES,5/27/2026,600.0,609.8,600.0,609.0,1.5,14149.0,720.0,536.3
SIKLES,6/1/2026,610.0,620.0,596.4,600.0,-1.64,7434.0,720.0,536.3
SIKLES,6/2/2026,618.0,618.0,590.2,600.0,-2.91,8233.0,720.0,536.3
SIKLES,6/3/2026,590.1,609.0,590.1,604.0,2.36,5743.0,720.0,536.3
SIKLES,6/4/2026,595.0,614.0,595.0,599.0,0.67,2955.0,720.0,536.3
SIKLES,6/5/2026,595.0,603.7,585.0,602.9,1.33,4051.0,720.0,536.3
SIKLES,6/8/2026,590.0,599.0,590.0,596.9,1.17,4092.0,720.0,536.3
SIKLES,6/9/2026,591.0,595.0,586.4,592.0,0.17,14408.0,720.0,536.3
SIKLES,6/10/2026,587.0,604.5,587.0,599.0,2.04,14021.0,720.0,536.3
SIKLES,6/11/2026,603.0,603.0,595.0,596.0,-1.16,4795.0,720.0,536.3
SIKLES,6/12/2026,591.1,595.0,590.2,593.0,0.32,3912.0,720.0,536.3
SIKLES,6/15/2026,591.0,593.5,584.0,590.0,-0.17,10459.0,720.0,536.3
SIKLES,6/16/2026,619.5,619.5,583.1,586.0,-5.41,3204.0,720.0,536.3
SIKLES,6/17/2026,588.0,593.0,580.0,580.0,-1.36,12098.0,720.0,536.3
SIKLES,6/18/2026,580.0,586.0,580.0,583.9,0.67,6156.0,720.0,536.3
SIKLES,6/19/2026,584.1,584.2,567.0,570.0,-2.41,28726.0,720.0,536.3
SIKLES,6/22/2026,574.0,579.0,572.0,576.8,0.49,2931.0,720.0,536.3
SIKLES,6/23/2026,570.0,576.0,569.3,569.3,-0.12,9219.0,720.0,536.3
SIKLES,6/24/2026,597.0,597.0,560.0,561.3,-5.98,12090.0,720.0,536.3
SIKLES,6/26/2026,566.0,567.0,560.2,561.0,-0.88,8085.0,720.0,536.3
SIKLES,6/29/2026,560.0,560.0,555.0,555.1,-0.87,4341.0,720.0,536.3
SIKLES,6/30/2026,560.0,560.0,546.5,547.0,-2.32,19300.0,720.0,536.3
SIKLES,7/1/2026,559.9,563.0,550.0,561.8,0.34,4722.0,720.0,536.3
SIKLES,7/2/2026,557.1,561.9,555.0,561.8,0.84,4491.0,720.0,536.3
SIKLES,7/3/2026,561.0,564.6,554.1,557.0,-0.71,4499.0,720.0,536.3
SIKLES,7/6/2026,555.1,561.2,552.0,552.0,-0.56,6863.0,720.0,536.3
SIKLES,7/7/2026,560.0,567.9,548.0,555.0,-0.89,10935.0,720.0,536.3
SIKLES,7/8/2026,547.5,554.0,547.3,549.0,0.27,5403.0,720.0,536.3
SIKLES,7/9/2026,550.0,555.0,545.7,551.9,0.35,3189.0,720.0,536.3
SIKLES,7/10/2026,555.0,564.9,550.0,550.0,-0.9,8446.0,720.0,536.3
SIKLES,7/13/2026,545.2,550.0,543.0,545.0,-0.04,3923.0,720.0,536.3
SIKLES,7/14/2026,541.3,554.0,541.0,544.0,0.5,14937.0,720.0,536.3
SIKLES,7/15/2026,559.0,560.0,547.2,552.0,-1.25,3028.0,720.0,536.3
SIKLES,7/16/2026,553.1,554.9,548.0,554.9,0.33,5087.0,720.0,536.3
SIKLES,7/17/2026,555.0,571.0,555.0,570.0,2.7,11901.0,720.0,536.3
SIKLES,7/20/2026,565.0,584.0,565.0,576.0,1.95,6941.0,720.0,536.3
SIKLES,7/21/2026,576.0,580.0,568.7,570.0,-1.04,16584.0,720.0,536.3
SIKLES,7/22/2026,573.0,573.0,555.0,564.0,-1.57,15618.0,720.0,536.3
SIKLES,7/23/2026,555.1,570.0,555.1,567.0,2.14,6009.0,720.0,536.3
SIKLES,7/24/2026,559.0,573.7,559.0,572.0,2.33,5993.0,720.0,536.3
SIKLES,7/27/2026,565.0,575.0,558.4,563.9,-0.19,8682.0,720.0,536.3
SIKLES,7/28/2026,558.1,561.9,552.0,559.1,0.18,31137.0,720.0,536.3
SIKLES,7/29/2026,555.0,562.0,555.0,557.0,0.36,8229.0,720.0,536.3
SIKLES,7/30/2026,556.0,569.9,555.2,558.6,0.47,29707.0,720.0,536.3
SIKLES,7/31/2026,558.6,559.0,555.4,559.0,0.07,9589.0,720.0,536.3
SIKLES,8/3/2026,569.9,569.9,556.3,560.0,-1.74,11913.0,720.0,536.3
SIKLES,8/4/2026,560.0,568.0,557.0,561.0,0.18,6596.0,720.0,536.3
SIKLES,8/5/2026,555.7,562.7,555.6,560.0,0.77,15123.0,720.0,536.3
SIKLES,8/6/2026,558.3,561.9,558.3,560.0,0.3,8631.0,720.0,536.3
SIKLES,8/7/2026,555.5,575.0,555.5,559.0,0.63,5586.0,720.0,536.3
SIKLES,8/10/2026,559.0,559.1,555.2,555.2,-0.68,2935.0,720.0,536.3
SIKLES,8/11/2026,555.0,557.0,553.2,555.3,0.05,5433.0,720.0,536.3
SIKLES,8/12/2026,553.1,557.0,553.1,555.9,0.51,3588.0,720.0,536.3
SIKLES,8/13/2026,555.0,564.8,551.2,560.0,0.9,8363.0,720.0,536.3
SIKLES,8/14/2026,560.0,569.0,560.0,564.5,0.8,9325.0,720.0,536.3
SIKLES,8/17/2026,536.3,576.0,536.3,560.0,4.42,21865.0,720.0,536.3
SIKLES,8/18/2026,557.0,560.0,553.6,553.6,-0.61,10316.0,720.0,536.3
SIKLES,8/19/2026,553.1,554.9,551.1,554.9,0.33,4222.0,720.0,536.3
SIKLES,8/20/2026,553.0,567.3,553.0,567.0,2.53,18583.0,720.0,536.3
SIKLES,8/21/2026,564.1,573.0,564.1,568.0,0.69,17792.0,720.0,536.3
SIKLES,8/24/2026,565.0,568.0,560.0,566.0,0.18,7336.0,720.0,536.3
SIKLES,8/25/2026,555.1,569.0,555.1,560.5,0.97,7030.0,720.0,536.3
SIKLES,8/26/2026,560.5,568.9,555.0,559.0,-0.27,20603.0,720.0,536.3
SIKLES,8/27/2026,547.0,565.0,540.0,565.0,3.29,12776.0,720.0,536.3
SIKLES,8/31/2026,565.0,565.0,550.3,553.1,-2.11,2868.0,720.0,536.3
SIKLES,9/1/2026,549.0,558.7,549.0,557.8,1.6,4875.0,720.0,536.3
SIKLES,9/2/2026,551.1,565.0,551.1,563.9,2.32,2355.0,720.0,536.3
SIKLES,9/3/2026,561.0,566.9,555.0,566.1,0.91,9256.0,720.0,536.3
SIKLES,9/7/2026,566.1,580.0,560.2,578.0,2.1,25126.0,720.0,536.3
SIKLES,9/9/2026,573.0,575.0,568.1,568.1,-0.86,5495.0,720.0,536.3
SIKLES,9/10/2026,568.1,570.0,560.3,561.0,-1.25,2521.0,720.0,536.3
SIKLES,9/11/2026,568.1,572.0,556.0,565.0,-0.55,10649.0,720.0,536.3
SIKLES,9/14/2026,570.0,579.0,568.0,571.4,0.25,10732.0,720.0,536.3
SIKLES,9/15/2026,599.0,599.0,572.0,575.2,-3.97,10498.0,720.0,536.3
SIKLES,9/16/2026,575.0,585.0,572.0,582.0,1.22,10482.0,720.0,536.3
SIKLES,9/17/2026,580.0,591.5,580.0,586.0,1.03,24804.0,720.0,536.3
SIKLES,9/18/2026,580.0,597.0,580.0,587.0,1.21,10908.0,720.0,536.3
SIKLES,9/22/2026,587.0,589.0,572.1,585.0,-0.34,9986.0,720.0,536.3
SIKLES,9/23/2026,590.0,590.0,570.0,571.0,-3.22,18849.0,720.0,536.3
SIKLES,9/24/2026,570.0,581.0,569.0,574.0,0.7,2609.0,720.0,536.3
SIKLES,9/28/2026,575.0,575.0,566.3,566.5,-1.48,7453.0,720.0,536.3
SIKLES,9/29/2026,570.0,570.0,563.0,0.0,-100.0,2627.0,720.0,536.3
SIKLES,9/30/2026,560.0,568.0,560.0,563.0,0.54,2707.0,720.0,536.3
SIKLES,10/1/2026,564.0,567.0,563.0,563.5,-0.09,4685.0,720.0,536.3
SIKLES,10/2/2026,565.0,566.5,560.3,562.0,-0.53,5040.0,720.0,536.3
SINDU,2/24/2014,124.0,130.0,126.0,130.0,,2480.0,919.9,329.8
SINDU,2/25/2014,130.0,134.0,132.0,132.0,1.54,2500.0,919.9,329.8
SINDU,2/26/2014,132.0,130.0,128.0,130.0,-1.52,1400.0,919.9,329.8
SINDU,3/5/2014,130.0,136.0,132.0,136.0,4.62,1330.0,919.9,329.8
SINDU,3/6/2014,136.0,136.0,136.0,136.0,0.0,1000.0,919.9,329.8
SINDU,3/9/2014,136.0,140.0,134.0,140.0,2.94,2580.0,919.9,329.8
SINDU,3/10/2014,140.0,148.0,142.0,148.0,5.71,2620.0,919.9,329.8
SINDU,3/11/2014,148.0,159.0,150.0,159.0,7.43,1800.0,919.9,329.8
SINDU,3/12/2014,159.0,163.0,159.0,159.0,0.0,720.0,919.9,329.8
SINDU,3/13/2014,159.0,158.0,158.0,158.0,-0.63,1000.0,919.9,329.8
SINDU,3/17/2014,158.0,161.0,157.0,157.0,-0.63,2380.0,919.9,329.8
SINDU,3/19/2014,157.0,154.0,151.0,151.0,-3.82,750.0,919.9,329.8
SINDU,3/20/2014,151.0,148.0,140.0,140.0,-7.28,3820.0,919.9,329.8
SINDU,3/24/2014,140.0,138.0,136.0,136.0,-2.86,810.0,919.9,329.8
SINDU,3/25/2014,136.0,136.0,134.0,136.0,0.0,610.0,919.9,329.8
SINDU,3/31/2014,136.0,134.0,134.0,134.0,-1.47,310.0,919.9,329.8
SINDU,4/1/2014,134.0,132.0,130.0,130.0,-2.99,3910.0,919.9,329.8
SINDU,4/3/2014,130.0,128.0,128.0,128.0,-1.54,500.0,919.9,329.8
SINDU,4/9/2014,128.0,126.0,122.0,122.0,-4.69,930.0,919.9,329.8
SINDU,4/13/2014,122.0,124.0,124.0,124.0,1.64,70.0,919.9,329.8
SINDU,4/15/2014,124.0,126.0,126.0,126.0,1.61,250.0,919.9,329.8
SINDU,4/16/2014,126.0,130.0,128.0,130.0,3.17,700.0,919.9,329.8
SINDU,4/17/2014,130.0,128.0,124.0,124.0,-4.62,900.0,919.9,329.8
SINDU,4/21/2014,124.0,122.0,122.0,122.0,-1.61,1050.0,919.9,329.8
SINDU,4/23/2014,122.0,124.0,124.0,124.0,1.64,1200.0,919.9,329.8
SINDU,4/28/2014,124.0,126.0,126.0,126.0,1.61,1000.0,919.9,329.8
SINDU,5/5/2014,126.0,128.0,126.0,128.0,1.59,1110.0,919.9,329.8
SINDU,5/8/2014,128.0,126.0,126.0,126.0,-1.56,210.0,919.9,329.8
SINDU,5/18/2014,126.0,128.0,128.0,128.0,1.59,350.0,919.9,329.8
SINDU,5/19/2014,128.0,126.0,126.0,126.0,-1.56,200.0,919.9,329.8
SINDU,5/22/2014,126.0,128.0,128.0,128.0,1.59,750.0,919.9,329.8
SINDU,5/25/2014,128.0,132.0,130.0,132.0,3.12,700.0,919.9,329.8
SINDU,5/28/2014,132.0,136.0,134.0,136.0,3.03,210.0,919.9,329.8
SINDU,6/2/2014,136.0,134.0,134.0,134.0,-1.47,1000.0,919.9,329.8
SINDU,6/3/2014,134.0,136.0,132.0,136.0,1.49,1990.0,919.9,329.8
SINDU,6/5/2014,136.0,140.0,138.0,140.0,2.94,100.0,919.9,329.8
SINDU,6/10/2014,140.0,142.0,142.0,142.0,1.43,500.0,919.9,329.8
SINDU,6/18/2014,142.0,140.0,140.0,140.0,-1.41,110.0,919.9,329.8
SINDU,6/26/2014,140.0,140.0,138.0,140.0,0.0,550.0,919.9,329.8
SINDU,6/29/2014,140.0,138.0,138.0,138.0,-1.43,500.0,919.9,329.8
SINDU,6/30/2014,138.0,140.0,140.0,140.0,1.45,500.0,919.9,329.8
SINDU,7/2/2014,140.0,148.0,142.0,146.0,4.29,5060.0,919.9,329.8
SINDU,7/3/2014,146.0,148.0,148.0,148.0,1.37,60.0,919.9,329.8
SINDU,7/6/2014,148.0,148.0,148.0,148.0,0.0,1000.0,919.9,329.8
SINDU,7/7/2014,148.0,161.0,150.0,159.0,7.43,1880.0,919.9,329.8
SINDU,7/8/2014,159.0,162.0,159.0,160.0,0.63,1040.0,919.9,329.8
SINDU,7/9/2014,160.0,163.0,157.0,157.0,-1.88,3660.0,919.9,329.8
SINDU,7/10/2014,157.0,155.0,154.0,155.0,-1.27,1400.0,919.9,329.8
SINDU,7/13/2014,155.0,161.0,158.0,161.0,3.87,200.0,919.9,329.8
SINDU,7/14/2014,161.0,165.0,160.0,165.0,2.48,1870.0,919.9,329.8
SINDU,7/15/2014,165.0,165.0,162.0,162.0,-1.82,1760.0,919.9,329.8
SINDU,7/16/2014,162.0,162.0,160.0,160.0,-1.23,3090.0,919.9,329.8
SINDU,7/17/2014,160.0,163.0,162.0,163.0,1.88,2710.0,919.9,329.8
SINDU,7/20/2014,163.0,169.0,166.0,169.0,3.68,660.0,919.9,329.8
SINDU,7/23/2014,169.0,177.0,172.0,177.0,4.73,12110.0,919.9,329.8
SINDU,7/24/2014,177.0,180.0,180.0,180.0,1.69,100.0,919.9,329.8
SINDU,7/27/2014,180.0,198.0,183.0,198.0,10.0,1000.0,919.9,329.8
SINDU,7/28/2014,198.0,217.0,201.0,217.0,9.6,500.0,919.9,329.8
SINDU,7/30/2014,217.0,238.0,221.0,238.0,9.68,6630.0,919.9,329.8
SINDU,7/31/2014,238.0,261.0,240.0,261.0,9.66,14740.0,919.9,329.8
SINDU,8/3/2014,261.0,260.0,255.0,260.0,-0.38,1950.0,919.9,329.8
SINDU,8/4/2014,260.0,265.0,255.0,255.0,-1.92,1200.0,919.9,329.8
SINDU,8/5/2014,255.0,253.0,247.0,247.0,-3.14,400.0,919.9,329.8
SINDU,8/6/2014,247.0,243.0,243.0,243.0,-1.62,100.0,919.9,329.8
SINDU,8/13/2014,243.0,239.0,239.0,239.0,-1.65,930.0,919.9,329.8
SINDU,9/1/2014,239.0,235.0,235.0,235.0,-1.67,1000.0,919.9,329.8
SINDU,9/3/2014,235.0,231.0,231.0,231.0,-1.7,1000.0,919.9,329.8
SINDU,10/9/2014,231.0,227.0,223.0,223.0,-3.46,5100.0,919.9,329.8
SINDU,11/23/2014,223.0,219.0,219.0,219.0,-1.79,200.0,919.9,329.8
SINDU,12/2/2014,219.0,215.0,215.0,215.0,-1.83,50.0,919.9,329.8
SINDU,1/7/2015,215.0,211.0,207.0,207.0,-3.72,260.0,919.9,329.8
SINDU,1/11/2015,207.0,203.0,203.0,203.0,-1.93,600.0,919.9,329.8
SINDU,1/12/2015,203.0,199.0,199.0,199.0,-1.97,200.0,919.9,329.8
SINDU,1/14/2015,199.0,200.0,190.0,196.0,-1.51,23550.0,919.9,329.8
SINDU,1/26/2015,182.0,192.0,180.0,192.0,-2.04,2040.0,919.9,329.8
SINDU,1/27/2015,192.0,201.0,195.0,201.0,4.69,520.0,919.9,329.8
SINDU,1/28/2015,201.0,221.0,205.0,221.0,9.95,890.0,919.9,329.8
SINDU,1/29/2015,221.0,243.0,225.0,242.0,9.5,7080.0,919.9,329.8
SINDU,2/1/2015,242.0,255.0,245.0,245.0,1.24,1110.0,919.9,329.8
SINDU,2/2/2015,245.0,241.0,236.0,236.0,-3.67,4650.0,919.9,329.8
SINDU,2/8/2015,236.0,232.0,224.0,224.0,-5.08,1500.0,919.9,329.8
SINDU,2/9/2015,224.0,220.0,216.0,216.0,-3.57,260.0,919.9,329.8
SINDU,2/10/2015,216.0,216.0,212.0,212.0,-1.85,1500.0,919.9,329.8
SINDU,2/11/2015,212.0,220.0,212.0,220.0,3.77,3470.0,919.9,329.8
SINDU,2/12/2015,220.0,242.0,224.0,242.0,10.0,1330.0,919.9,329.8
SINDU,2/15/2015,242.0,266.0,242.0,266.0,9.92,17320.0,919.9,329.8
SINDU,2/16/2015,266.0,265.0,251.0,251.0,-5.64,1850.0,919.9,329.8
SINDU,2/18/2015,251.0,248.0,245.0,245.0,-2.39,2470.0,919.9,329.8
SINDU,2/22/2015,245.0,249.0,242.0,242.0,-1.22,3730.0,919.9,329.8
SINDU,2/23/2015,242.0,242.0,238.0,242.0,0.0,3450.0,919.9,329.8
SINDU,2/24/2015,242.0,238.0,238.0,238.0,-1.65,100.0,919.9,329.8
SINDU,2/25/2015,238.0,234.0,229.0,230.0,-3.36,2600.0,919.9,329.8
SINDU,2/26/2015,230.0,238.0,234.0,234.0,1.74,4500.0,919.9,329.8
SINDU,3/1/2015,234.0,238.0,230.0,238.0,1.71,5830.0,919.9,329.8
SINDU,3/2/2015,238.0,257.0,240.0,257.0,7.98,4010.0,919.9,329.8
SINDU,3/3/2015,257.0,253.0,253.0,253.0,-1.56,2000.0,919.9,329.8
SINDU,3/4/2015,253.0,252.0,248.0,252.0,-0.4,510.0,919.9,329.8
SINDU,3/9/2015,252.0,252.0,245.0,245.0,-2.78,3700.0,919.9,329.8
SINDU,3/10/2015,245.0,242.0,240.0,242.0,-1.22,9560.0,919.9,329.8
SINDU,3/11/2015,242.0,238.0,238.0,238.0,-1.65,10.0,919.9,329.8
SINDU,3/12/2015,238.0,250.0,236.0,250.0,5.04,7600.0,919.9,329.8
SINDU,3/15/2015,250.0,246.0,246.0,246.0,-1.6,1000.0,919.9,329.8
SINDU,3/17/2015,246.0,242.0,242.0,242.0,-1.63,400.0,919.9,329.8
SINDU,3/22/2015,242.0,238.0,234.0,234.0,-3.31,1800.0,919.9,329.8
SINDU,3/23/2015,234.0,241.0,237.0,239.0,2.14,1050.0,919.9,329.8
SINDU,3/25/2015,239.0,235.0,231.0,231.0,-3.35,546.0,919.9,329.8
SINDU,3/31/2015,231.0,239.0,235.0,239.0,3.46,2274.0,919.9,329.8
SINDU,4/1/2015,239.0,236.0,235.0,235.0,-1.67,610.0,919.9,329.8
SINDU,4/7/2015,235.0,231.0,231.0,231.0,-1.7,1000.0,919.9,329.8
SINDU,4/8/2015,231.0,235.0,235.0,235.0,1.73,100.0,919.9,329.8
SINDU,4/9/2015,235.0,234.0,230.0,230.0,-2.13,1100.0,919.9,329.8
SINDU,4/12/2015,230.0,232.0,232.0,232.0,0.87,1000.0,919.9,329.8
SINDU,4/20/2015,232.0,235.0,227.0,227.0,-2.16,1250.0,919.9,329.8
SINDU,7/26/2015,227.0,235.0,231.0,235.0,3.52,1060.0,919.9,329.8
SINDU,7/27/2015,235.0,231.0,222.0,222.0,-5.53,4420.0,919.9,329.8
SINDU,7/28/2015,222.0,220.0,208.0,208.0,-6.31,2524.0,919.9,329.8
SINDU,7/29/2015,208.0,211.0,205.0,209.0,0.48,5971.0,919.9,329.8
SINDU,7/30/2015,209.0,213.0,213.0,213.0,1.91,1000.0,919.9,329.8
SINDU,8/3/2015,213.0,209.0,209.0,209.0,-1.88,375.0,919.9,329.8
SINDU,8/5/2015,209.0,210.0,210.0,210.0,0.48,900.0,919.9,329.8
SINDU,8/6/2015,210.0,210.0,210.0,210.0,0.0,46.0,919.9,329.8
SINDU,8/9/2015,210.0,210.0,210.0,210.0,0.0,275.0,919.9,329.8
SINDU,8/10/2015,210.0,210.0,206.0,206.0,-1.9,814.0,919.9,329.8
SINDU,8/11/2015,206.0,209.0,209.0,209.0,1.46,92.0,919.9,329.8
SINDU,8/13/2015,209.0,206.0,205.0,205.0,-1.91,522.0,919.9,329.8
SINDU,8/16/2015,205.0,206.0,204.0,204.0,-0.49,1474.0,919.9,329.8
SINDU,8/19/2015,204.0,204.0,203.0,204.0,0.0,3110.0,919.9,329.8
SINDU,8/20/2015,204.0,200.0,200.0,200.0,-1.96,1000.0,919.9,329.8
SINDU,8/24/2015,200.0,204.0,200.0,204.0,2.0,126.0,919.9,329.8
SINDU,8/25/2015,204.0,202.0,200.0,200.0,-1.96,225.0,919.9,329.8
SINDU,8/27/2015,200.0,196.0,196.0,196.0,-2.0,930.0,919.9,329.8
SINDU,8/31/2015,196.0,193.0,193.0,193.0,-1.53,107.0,919.9,329.8
SINDU,9/1/2015,193.0,190.0,190.0,190.0,-1.55,107.0,919.9,329.8
SINDU,9/2/2015,190.0,187.0,187.0,187.0,-1.58,142.0,919.9,329.8
SINDU,9/3/2015,187.0,184.0,180.0,183.0,-2.14,3465.0,919.9,329.8
SINDU,9/6/2015,183.0,186.0,186.0,186.0,1.64,75.0,919.9,329.8
SINDU,9/7/2015,186.0,189.0,189.0,189.0,1.61,161.0,919.9,329.8
SINDU,9/8/2015,189.0,200.0,192.0,200.0,5.82,1422.0,919.9,329.8
SINDU,9/9/2015,200.0,212.0,204.0,205.0,2.5,2172.0,919.9,329.8
SINDU,9/10/2015,205.0,201.0,197.0,197.0,-3.9,1025.0,919.9,329.8
SINDU,9/15/2015,197.0,197.0,191.0,191.0,-3.05,1837.0,919.9,329.8
SINDU,9/16/2015,191.0,191.0,191.0,191.0,0.0,1000.0,919.9,329.8
SINDU,9/17/2015,191.0,209.0,192.0,209.0,9.42,3623.0,919.9,329.8
SINDU,9/22/2015,209.0,225.0,213.0,225.0,7.66,55.0,919.9,329.8
SINDU,9/23/2015,225.0,232.0,228.0,228.0,1.33,2693.0,919.9,329.8
SINDU,9/28/2015,228.0,236.0,218.0,218.0,-4.39,6120.0,919.9,329.8
SINDU,9/29/2015,218.0,239.0,222.0,239.0,9.63,18118.0,919.9,329.8
SINDU,9/30/2015,239.0,258.0,239.0,255.0,6.69,13958.0,919.9,329.8
SINDU,10/1/2015,255.0,261.0,246.0,246.0,-3.53,4050.0,919.9,329.8
SINDU,10/4/2015,246.0,245.0,242.0,242.0,-1.63,1628.0,919.9,329.8
SINDU,10/5/2015,242.0,252.0,246.0,249.0,2.89,9083.0,919.9,329.8
SINDU,10/6/2015,249.0,265.0,246.0,265.0,6.43,7872.0,919.9,329.8
SINDU,10/7/2015,265.0,260.0,260.0,260.0,-1.89,1050.0,919.9,329.8
SINDU,10/8/2015,260.0,260.0,260.0,260.0,0.0,215.0,919.9,329.8
SINDU,10/11/2015,260.0,285.0,265.0,285.0,9.62,9361.0,919.9,329.8
SINDU,10/14/2015,285.0,281.0,275.0,275.0,-3.51,9266.0,919.9,329.8
SINDU,10/15/2015,275.0,280.0,275.0,280.0,1.82,8228.0,919.9,329.8
SINDU,10/18/2015,280.0,285.0,280.0,281.0,0.36,459.0,919.9,329.8
SINDU,10/19/2015,281.0,285.0,285.0,285.0,1.42,500.0,919.9,329.8
SINDU,10/25/2015,285.0,295.0,290.0,295.0,3.51,601.0,919.9,329.8
SINDU,10/27/2015,295.0,292.0,285.0,285.0,-3.39,4450.0,919.9,329.8
SINDU,10/28/2015,285.0,281.0,280.0,280.0,-1.75,1238.0,919.9,329.8
SINDU,10/29/2015,280.0,275.0,275.0,275.0,-1.79,1000.0,919.9,329.8
SINDU,12/6/2015,244.0,240.0,240.0,240.0,-12.73,500.0,919.9,329.8
SINDU,12/7/2015,240.0,244.0,244.0,244.0,1.67,107.0,919.9,329.8
SINDU,1/20/2016,244.0,267.0,248.0,267.0,9.43,50.0,919.9,329.8
SINDU,1/21/2016,267.0,293.0,272.0,293.0,9.74,520.0,919.9,329.8
SINDU,1/24/2016,293.0,321.0,298.0,321.0,9.56,310.0,919.9,329.8
SINDU,1/25/2016,321.0,327.0,321.0,325.0,1.25,4400.0,919.9,329.8
SINDU,1/26/2016,325.0,330.0,319.0,319.0,-1.85,830.0,919.9,329.8
SINDU,1/27/2016,319.0,313.0,301.0,301.0,-5.64,910.0,919.9,329.8
SINDU,1/31/2016,301.0,300.0,296.0,296.0,-1.66,2570.0,919.9,329.8
SINDU,2/1/2016,296.0,325.0,301.0,325.0,9.8,10269.0,919.9,329.8
SINDU,2/2/2016,325.0,348.0,325.0,348.0,7.08,3046.0,919.9,329.8
SINDU,2/3/2016,348.0,350.0,350.0,350.0,0.57,200.0,919.9,329.8
SINDU,2/4/2016,350.0,345.0,339.0,339.0,-3.14,850.0,919.9,329.8
SINDU,2/7/2016,339.0,335.0,335.0,335.0,-1.18,500.0,919.9,329.8
SINDU,2/8/2016,335.0,344.0,331.0,340.0,1.49,2495.0,919.9,329.8
SINDU,2/11/2016,340.0,334.0,330.0,330.0,-2.94,1300.0,919.9,329.8
SINDU,2/14/2016,330.0,335.0,333.0,334.0,1.21,1083.0,919.9,329.8
SINDU,2/15/2016,334.0,336.0,328.0,336.0,0.6,1300.0,919.9,329.8
SINDU,2/16/2016,336.0,342.0,342.0,342.0,1.79,300.0,919.9,329.8
SINDU,2/17/2016,342.0,342.0,342.0,342.0,0.0,300.0,919.9,329.8
SINDU,2/18/2016,342.0,338.0,338.0,338.0,-1.17,150.0,919.9,329.8
SINDU,2/23/2016,338.0,338.0,335.0,338.0,0.0,110.0,919.9,329.8
SINDU,2/24/2016,338.0,340.0,340.0,340.0,0.59,500.0,919.9,329.8
SINDU,2/25/2016,340.0,341.0,334.0,341.0,0.29,1210.0,919.9,329.8
SINDU,2/28/2016,341.0,347.0,342.0,347.0,1.76,700.0,919.9,329.8
SINDU,2/29/2016,347.0,350.0,342.0,342.0,-1.44,1110.0,919.9,329.8
SINDU,3/6/2016,342.0,348.0,343.0,348.0,1.75,1300.0,919.9,329.8
SINDU,3/10/2016,348.0,355.0,350.0,350.0,0.57,1250.0,919.9,329.8
SINDU,3/13/2016,350.0,345.0,344.0,345.0,-1.43,350.0,919.9,329.8
SINDU,3/14/2016,345.0,340.0,334.0,334.0,-3.19,1300.0,919.9,329.8
SINDU,3/20/2016,334.0,328.0,328.0,328.0,-1.8,200.0,919.9,329.8
SINDU,3/21/2016,328.0,334.0,334.0,334.0,1.83,100.0,919.9,329.8
SINDU,3/23/2016,334.0,359.0,335.0,355.0,6.29,2370.0,919.9,329.8
SINDU,3/24/2016,355.0,365.0,362.0,365.0,2.82,1000.0,919.9,329.8
SINDU,3/27/2016,365.0,365.0,362.0,362.0,-0.82,2575.0,919.9,329.8
SINDU,3/28/2016,362.0,369.0,355.0,355.0,-1.93,845.0,919.9,329.8
SINDU,3/29/2016,355.0,351.0,350.0,351.0,-1.13,573.0,919.9,329.8
SINDU,3/30/2016,351.0,350.0,340.0,345.0,-1.71,1769.0,919.9,329.8
SINDU,3/31/2016,345.0,350.0,342.0,342.0,-0.87,3475.0,919.9,329.8
SINDU,4/3/2016,342.0,340.0,336.0,336.0,-1.75,550.0,919.9,329.8
SINDU,4/4/2016,336.0,345.0,338.0,345.0,2.68,1100.0,919.9,329.8
SINDU,4/5/2016,345.0,351.0,340.0,340.0,-1.45,1067.0,919.9,329.8
SINDU,4/6/2016,340.0,341.0,341.0,341.0,0.29,150.0,919.9,329.8
SINDU,4/10/2016,341.0,347.0,347.0,347.0,1.76,145.0,919.9,329.8
SINDU,4/11/2016,347.0,362.0,350.0,360.0,3.75,1942.0,919.9,329.8
SINDU,4/12/2016,360.0,367.0,367.0,367.0,1.94,83.0,919.9,329.8
SINDU,4/14/2016,367.0,362.0,355.0,355.0,-3.27,537.0,919.9,329.8
SINDU,4/17/2016,355.0,360.0,346.0,346.0,-2.54,1766.0,919.9,329.8
SINDU,4/18/2016,346.0,352.0,352.0,352.0,1.73,900.0,919.9,329.8
SINDU,4/19/2016,352.0,359.0,352.0,359.0,1.99,1425.0,919.9,329.8
SINDU,4/20/2016,359.0,360.0,360.0,360.0,0.28,1500.0,919.9,329.8
SINDU,4/21/2016,360.0,365.0,357.0,365.0,1.39,2427.0,919.9,329.8
SINDU,4/24/2016,365.0,391.0,365.0,384.0,5.21,1569.0,919.9,329.8
SINDU,4/25/2016,384.0,409.0,391.0,409.0,6.51,1464.0,919.9,329.8
SINDU,4/26/2016,409.0,434.0,409.0,433.0,5.87,5040.0,919.9,329.8
SINDU,4/27/2016,433.0,445.0,440.0,443.0,2.31,2733.0,919.9,329.8
SINDU,4/28/2016,443.0,443.0,435.0,435.0,-1.81,1800.0,919.9,329.8
SINDU,5/2/2016,435.0,443.0,426.0,426.0,-2.07,950.0,919.9,329.8
SINDU,5/3/2016,426.0,425.0,425.0,425.0,-0.23,150.0,919.9,329.8
SINDU,5/4/2016,425.0,441.0,417.0,430.0,1.18,9378.0,919.9,329.8
SINDU,5/5/2016,430.0,429.0,416.0,429.0,-0.23,1484.0,919.9,329.8
SINDU,5/8/2016,429.0,435.0,430.0,431.0,0.47,2500.0,919.9,329.8
SINDU,5/9/2016,431.0,436.0,427.0,428.0,-0.7,2629.0,919.9,329.8
SINDU,5/10/2016,428.0,425.0,420.0,420.0,-1.87,2205.0,919.9,329.8
SINDU,5/11/2016,420.0,436.0,426.0,426.0,1.43,3347.0,919.9,329.8
SINDU,5/12/2016,426.0,440.0,426.0,426.0,0.0,3922.0,919.9,329.8
SINDU,5/15/2016,426.0,434.0,430.0,430.0,0.94,1249.0,919.9,329.8
SINDU,5/16/2016,430.0,447.0,435.0,439.0,2.09,6882.0,919.9,329.8
SINDU,5/17/2016,439.0,450.0,443.0,449.0,2.28,2310.0,919.9,329.8
SINDU,5/18/2016,449.0,456.0,447.0,456.0,1.56,900.0,919.9,329.8
SINDU,5/19/2016,456.0,460.0,453.0,460.0,0.88,1717.0,919.9,329.8
SINDU,5/22/2016,460.0,460.0,438.0,438.0,-4.78,1096.0,919.9,329.8
SINDU,5/23/2016,438.0,445.0,438.0,445.0,1.6,473.0,919.9,329.8
SINDU,5/24/2016,445.0,462.0,453.0,462.0,3.82,610.0,919.9,329.8
SINDU,5/25/2016,462.0,453.0,440.0,440.0,-4.76,4410.0,919.9,329.8
SINDU,5/29/2016,440.0,435.0,433.0,433.0,-1.59,900.0,919.9,329.8
SINDU,5/30/2016,433.0,448.0,433.0,448.0,3.46,1349.0,919.9,329.8
SINDU,5/31/2016,448.0,447.0,438.0,445.0,-0.67,3066.0,919.9,329.8
SINDU,6/1/2016,445.0,437.0,430.0,430.0,-3.37,1104.0,919.9,329.8
SINDU,6/2/2016,430.0,448.0,430.0,437.0,1.63,4083.0,919.9,329.8
SINDU,6/5/2016,437.0,440.0,435.0,436.0,-0.23,3883.0,919.9,329.8
SINDU,6/6/2016,436.0,440.0,430.0,440.0,0.92,575.0,919.9,329.8
SINDU,6/7/2016,440.0,450.0,435.0,435.0,-1.14,2560.0,919.9,329.8
SINDU,6/8/2016,435.0,443.0,435.0,435.0,0.0,1286.0,919.9,329.8
SINDU,6/9/2016,435.0,453.0,440.0,453.0,4.14,1360.0,919.9,329.8
SINDU,6/12/2016,453.0,498.0,462.0,498.0,9.93,6529.0,919.9,329.8
SINDU,6/13/2016,498.0,537.0,500.0,529.0,6.22,20167.0,919.9,329.8
SINDU,6/14/2016,529.0,550.0,531.0,550.0,3.97,16327.0,919.9,329.8
SINDU,6/15/2016,550.0,560.0,530.0,550.0,0.0,3195.0,919.9,329.8
SINDU,6/16/2016,550.0,570.0,542.0,549.0,-0.18,4908.0,919.9,329.8
SINDU,6/19/2016,549.0,540.0,540.0,540.0,-1.64,200.0,919.9,329.8
SINDU,6/20/2016,540.0,530.0,490.0,499.0,-7.59,1190.0,919.9,329.8
SINDU,6/21/2016,499.0,515.0,505.0,515.0,3.21,637.0,919.9,329.8
SINDU,6/22/2016,515.0,536.0,505.0,536.0,4.08,1829.0,919.9,329.8
SINDU,6/23/2016,536.0,541.0,536.0,538.0,0.37,2350.0,919.9,329.8
SINDU,6/26/2016,538.0,548.0,528.0,548.0,1.86,8570.0,919.9,329.8
SINDU,6/27/2016,548.0,558.0,538.0,538.0,-1.82,500.0,919.9,329.8
SINDU,6/30/2016,538.0,535.0,535.0,535.0,-0.56,100.0,919.9,329.8
SINDU,7/3/2016,535.0,536.0,535.0,536.0,0.19,1000.0,919.9,329.8
SINDU,7/4/2016,536.0,546.0,530.0,530.0,-1.12,2579.0,919.9,329.8
SINDU,7/5/2016,530.0,535.0,527.0,535.0,0.94,728.0,919.9,329.8
SINDU,7/6/2016,535.0,541.0,525.0,535.0,0.0,3016.0,919.9,329.8
SINDU,7/10/2016,535.0,588.0,536.0,588.0,9.91,9655.0,919.9,329.8
SINDU,7/11/2016,588.0,644.0,590.0,615.0,4.59,9490.0,919.9,329.8
SINDU,7/12/2016,615.0,612.0,580.0,590.0,-4.07,5124.0,919.9,329.8
SINDU,7/13/2016,590.0,601.0,585.0,590.0,0.0,1447.0,919.9,329.8
SINDU,7/14/2016,590.0,595.0,580.0,580.0,-1.69,1157.0,919.9,329.8
SINDU,7/17/2016,580.0,605.0,580.0,602.0,3.79,3197.0,919.9,329.8
SINDU,7/18/2016,602.0,603.0,590.0,595.0,-1.16,4111.0,919.9,329.8
SINDU,7/19/2016,595.0,600.0,590.0,590.0,-0.84,2136.0,919.9,329.8
SINDU,7/20/2016,590.0,649.0,596.0,639.0,8.31,17734.0,919.9,329.8
SINDU,7/21/2016,639.0,700.0,648.0,681.0,6.57,30266.0,919.9,329.8
SINDU,7/25/2016,391.0,430.0,398.0,422.0,-38.03,1570.0,919.9,329.8
SINDU,7/26/2016,422.0,464.0,430.0,464.0,9.95,1791.0,919.9,329.8
SINDU,7/27/2016,464.0,510.0,473.0,510.0,9.91,3871.0,919.9,329.8
SINDU,7/28/2016,510.0,510.0,485.0,485.0,-4.9,1623.0,919.9,329.8
SINDU,7/31/2016,485.0,476.0,467.0,469.0,-3.3,435.0,919.9,329.8
SINDU,8/1/2016,469.0,475.0,470.0,472.0,0.64,1006.0,919.9,329.8
SINDU,8/2/2016,472.0,470.0,447.0,447.0,-5.3,743.0,919.9,329.8
SINDU,8/3/2016,447.0,447.0,439.0,439.0,-1.79,190.0,919.9,329.8
SINDU,8/4/2016,439.0,432.0,432.0,432.0,-1.59,50.0,919.9,329.8
SINDU,8/7/2016,432.0,425.0,420.0,420.0,-2.78,332.0,919.9,329.8
SINDU,8/10/2016,420.0,425.0,417.0,422.0,0.48,3292.0,919.9,329.8
SINDU,8/11/2016,422.0,425.0,411.0,411.0,-2.61,1873.0,919.9,329.8
SINDU,8/14/2016,411.0,403.0,403.0,403.0,-1.95,60.0,919.9,329.8
SINDU,8/15/2016,403.0,395.0,380.0,380.0,-5.71,1150.0,919.9,329.8
SINDU,8/16/2016,380.0,381.0,380.0,381.0,0.26,886.0,919.9,329.8
SINDU,8/17/2016,381.0,388.0,381.0,381.0,0.0,110.0,919.9,329.8
SINDU,8/21/2016,381.0,396.0,388.0,396.0,3.94,1250.0,919.9,329.8
SINDU,8/22/2016,396.0,390.0,383.0,383.0,-3.28,650.0,919.9,329.8
SINDU,8/23/2016,383.0,381.0,380.0,381.0,-0.52,800.0,919.9,329.8
SINDU,8/24/2016,381.0,392.0,384.0,386.0,1.31,1910.0,919.9,329.8
SINDU,8/28/2016,386.0,380.0,380.0,380.0,-1.55,1100.0,919.9,329.8
SINDU,8/29/2016,380.0,418.0,387.0,418.0,10.0,5943.0,919.9,329.8
SINDU,8/30/2016,418.0,459.0,426.0,459.0,9.81,3380.0,919.9,329.8
SINDU,8/31/2016,459.0,504.0,468.0,504.0,9.8,12189.0,919.9,329.8
SINDU,9/1/2016,504.0,525.0,491.0,491.0,-2.58,8524.0,919.9,329.8
SINDU,9/3/2016,491.0,490.0,454.0,470.0,-4.28,1251.0,919.9,329.8
SINDU,9/4/2016,491.0,490.0,454.0,470.0,0.0,1251.0,919.9,329.8
SINDU,9/5/2016,470.0,488.0,479.0,488.0,3.83,217.0,919.9,329.8
SINDU,9/6/2016,488.0,488.0,480.0,480.0,-1.64,470.0,919.9,329.8
SINDU,9/8/2016,480.0,471.0,453.0,453.0,-5.63,1108.0,919.9,329.8
SINDU,9/11/2016,453.0,450.0,441.0,449.0,-0.88,1855.0,919.9,329.8
SINDU,9/12/2016,449.0,457.0,448.0,448.0,-0.22,775.0,919.9,329.8
SINDU,9/14/2016,448.0,465.0,450.0,464.0,3.57,2958.0,919.9,329.8
SINDU,9/18/2016,464.0,510.0,473.0,510.0,9.91,6556.0,919.9,329.8
SINDU,9/20/2016,510.0,560.0,505.0,520.0,1.96,8970.0,919.9,329.8
SINDU,9/21/2016,520.0,520.0,510.0,510.0,-1.92,1399.0,919.9,329.8
SINDU,9/22/2016,510.0,510.0,500.0,501.0,-1.76,989.0,919.9,329.8
SINDU,9/25/2016,501.0,493.0,482.0,482.0,-3.79,1150.0,919.9,329.8
SINDU,9/27/2016,482.0,476.0,465.0,465.0,-3.53,2575.0,919.9,329.8
SINDU,9/29/2016,465.0,483.0,474.0,483.0,3.87,90.0,919.9,329.8
SINDU,10/2/2016,483.0,480.0,471.0,471.0,-2.48,200.0,919.9,329.8
SINDU,10/3/2016,471.0,480.0,480.0,480.0,1.91,75.0,919.9,329.8
SINDU,10/4/2016,480.0,471.0,470.0,470.0,-2.08,600.0,919.9,329.8
SINDU,10/5/2016,470.0,465.0,456.0,456.0,-2.98,170.0,919.9,329.8
SINDU,10/6/2016,456.0,470.0,463.0,470.0,3.07,463.0,919.9,329.8
SINDU,10/16/2016,470.0,472.0,472.0,472.0,0.43,50.0,919.9,329.8
SINDU,10/17/2016,472.0,470.0,470.0,470.0,-0.42,100.0,919.9,329.8
SINDU,10/19/2016,470.0,462.0,446.0,450.0,-4.26,1307.0,919.9,329.8
SINDU,10/23/2016,415.0,423.0,422.0,422.0,-6.22,625.0,919.9,329.8
SINDU,10/25/2016,422.0,425.0,425.0,425.0,0.71,50.0,919.9,329.8
SINDU,10/26/2016,425.0,417.0,417.0,417.0,-1.88,260.0,919.9,329.8
SINDU,10/27/2016,417.0,437.0,417.0,437.0,4.8,182.0,919.9,329.8
SINDU,11/3/2016,437.0,440.0,430.0,440.0,0.69,486.0,919.9,329.8
SINDU,11/7/2016,440.0,441.0,441.0,441.0,0.23,1254.0,919.9,329.8
SINDU,11/8/2016,441.0,449.0,433.0,433.0,-1.81,385.0,919.9,329.8
SINDU,11/9/2016,433.0,426.0,425.0,425.0,-1.85,583.0,919.9,329.8
SINDU,11/10/2016,425.0,430.0,422.0,426.0,0.24,700.0,919.9,329.8
SINDU,11/14/2016,426.0,432.0,431.0,432.0,1.41,100.0,919.9,329.8
SINDU,11/15/2016,432.0,435.0,427.0,427.0,-1.16,345.0,919.9,329.8
SINDU,11/16/2016,427.0,425.0,400.0,412.0,-3.51,635.0,919.9,329.8
SINDU,11/17/2016,412.0,404.0,389.0,389.0,-5.58,660.0,919.9,329.8
SINDU,11/20/2016,389.0,382.0,382.0,382.0,-1.8,100.0,919.9,329.8
SINDU,11/21/2016,382.0,389.0,382.0,382.0,0.0,150.0,919.9,329.8
SINDU,11/24/2016,382.0,382.0,382.0,382.0,0.0,20.0,919.9,329.8
SINDU,11/30/2016,382.0,389.0,389.0,389.0,1.83,610.0,919.9,329.8
SINDU,12/1/2016,389.0,396.0,382.0,382.0,-1.8,570.0,919.9,329.8
SINDU,12/5/2016,382.0,375.0,347.0,347.0,-9.16,825.0,919.9,329.8
SINDU,12/15/2016,347.0,341.0,341.0,341.0,-1.73,40.0,919.9,329.8
SINDU,2/15/2017,341.0,341.0,341.0,341.0,0.0,300.0,919.9,329.8
SINDU,2/22/2017,341.0,335.0,335.0,335.0,-1.76,10.0,919.9,329.8
SINDU,2/23/2017,335.0,329.0,329.0,329.0,-1.79,100.0,919.9,329.8
SINDU,2/26/2017,329.0,323.0,307.0,307.0,-6.69,500.0,919.9,329.8
SINDU,2/28/2017,307.0,301.0,277.0,277.0,-9.77,940.0,919.9,329.8
SINDU,3/1/2017,277.0,272.0,250.0,250.0,-9.75,4555.0,919.9,329.8
SINDU,3/2/2017,250.0,255.0,250.0,252.0,0.8,1391.0,919.9,329.8
SINDU,3/5/2017,252.0,267.0,257.0,260.0,3.17,430.0,919.9,329.8
SINDU,3/6/2017,260.0,255.0,240.0,240.0,-7.69,3700.0,919.9,329.8
SINDU,3/7/2017,240.0,243.0,239.0,239.0,-0.42,1750.0,919.9,329.8
SINDU,3/9/2017,239.0,237.0,233.0,233.0,-2.51,300.0,919.9,329.8
SINDU,3/13/2017,233.0,230.0,226.0,226.0,-3.0,550.0,919.9,329.8
SINDU,3/14/2017,226.0,234.0,230.0,234.0,3.54,592.0,919.9,329.8
SINDU,3/16/2017,234.0,237.0,234.0,237.0,1.28,329.0,919.9,329.8
SINDU,3/19/2017,237.0,233.0,229.0,229.0,-3.38,1898.0,919.9,329.8
SINDU,3/20/2017,229.0,244.0,233.0,244.0,6.55,430.0,919.9,329.8
SINDU,3/21/2017,244.0,255.0,245.0,253.0,3.69,2171.0,919.9,329.8
SINDU,3/22/2017,253.0,272.0,253.0,267.0,5.53,891.0,919.9,329.8
SINDU,3/23/2017,267.0,267.0,248.0,248.0,-7.12,3342.0,919.9,329.8
SINDU,3/26/2017,248.0,272.0,252.0,268.0,8.06,6652.0,919.9,329.8
SINDU,3/28/2017,268.0,293.0,273.0,293.0,9.33,758.0,919.9,329.8
SINDU,3/29/2017,293.0,322.0,298.0,321.0,9.56,7484.0,919.9,329.8
SINDU,3/30/2017,321.0,322.0,303.0,305.0,-4.98,3783.0,919.9,329.8
SINDU,4/2/2017,305.0,317.0,311.0,317.0,3.93,1645.0,919.9,329.8
SINDU,4/3/2017,317.0,331.0,319.0,319.0,0.63,8321.0,919.9,329.8
SINDU,4/4/2017,319.0,324.0,307.0,307.0,-3.76,2656.0,919.9,329.8
SINDU,4/6/2017,307.0,335.0,301.0,335.0,9.12,7962.0,919.9,329.8
SINDU,4/9/2017,335.0,365.0,325.0,355.0,5.97,11030.0,919.9,329.8
SINDU,4/10/2017,355.0,390.0,355.0,383.0,7.89,6986.0,919.9,329.8
SINDU,4/11/2017,383.0,390.0,362.0,372.0,-2.87,6917.0,919.9,329.8
SINDU,4/12/2017,372.0,409.0,379.0,409.0,9.95,15717.0,919.9,329.8
SINDU,4/13/2017,409.0,420.0,401.0,410.0,0.24,11943.0,919.9,329.8
SINDU,4/16/2017,410.0,440.0,412.0,415.0,1.22,4775.0,919.9,329.8
SINDU,4/18/2017,415.0,411.0,395.0,395.0,-4.82,590.0,919.9,329.8
SINDU,4/19/2017,395.0,410.0,392.0,408.0,3.29,5313.0,919.9,329.8
SINDU,4/20/2017,408.0,419.0,406.0,406.0,-0.49,3663.0,919.9,329.8
SINDU,4/23/2017,406.0,430.0,391.0,399.0,-1.72,4816.0,919.9,329.8
SINDU,4/24/2017,399.0,403.0,387.0,388.0,-2.76,2922.0,919.9,329.8
SINDU,4/25/2017,388.0,410.0,395.0,400.0,3.09,6374.0,919.9,329.8
SINDU,4/26/2017,400.0,405.0,392.0,400.0,0.0,3034.0,919.9,329.8
SINDU,4/27/2017,400.0,400.0,395.0,395.0,-1.25,199.0,919.9,329.8
SINDU,4/30/2017,395.0,390.0,388.0,390.0,-1.27,700.0,919.9,329.8
SINDU,5/2/2017,390.0,387.0,377.0,383.0,-1.79,3911.0,919.9,329.8
SINDU,5/3/2017,383.0,387.0,375.0,387.0,1.04,3174.0,919.9,329.8
SINDU,5/4/2017,387.0,394.0,394.0,394.0,1.81,10.0,919.9,329.8
SINDU,5/7/2017,394.0,388.0,367.0,370.0,-6.09,510.0,919.9,329.8
SINDU,5/8/2017,370.0,384.0,375.0,375.0,1.35,1266.0,919.9,329.8
SINDU,5/9/2017,375.0,389.0,382.0,389.0,3.73,6555.0,919.9,329.8
SINDU,5/11/2017,389.0,397.0,385.0,395.0,1.54,2881.0,919.9,329.8
SINDU,5/15/2017,395.0,418.0,389.0,400.0,1.27,3567.0,919.9,329.8
SINDU,5/16/2017,400.0,396.0,392.0,392.0,-2.0,9382.0,919.9,329.8
SINDU,5/17/2017,392.0,390.0,378.0,378.0,-3.57,1220.0,919.9,329.8
SINDU,5/18/2017,378.0,385.0,378.0,380.0,0.53,633.0,919.9,329.8
SINDU,5/21/2017,380.0,385.0,385.0,385.0,1.32,10.0,919.9,329.8
SINDU,5/22/2017,385.0,392.0,381.0,392.0,1.82,488.0,919.9,329.8
SINDU,5/23/2017,392.0,399.0,386.0,388.0,-1.02,3119.0,919.9,329.8
SINDU,5/24/2017,388.0,392.0,390.0,391.0,0.77,479.0,919.9,329.8
SINDU,5/28/2017,391.0,390.0,385.0,385.0,-1.53,1200.0,919.9,329.8
SINDU,5/30/2017,385.0,385.0,375.0,375.0,-2.6,1003.0,919.9,329.8
SINDU,5/31/2017,375.0,382.0,368.0,382.0,1.87,1533.0,919.9,329.8
SINDU,6/1/2017,382.0,381.0,374.0,374.0,-2.09,562.0,919.9,329.8
SINDU,6/4/2017,374.0,368.0,368.0,368.0,-1.6,100.0,919.9,329.8
SINDU,6/5/2017,368.0,382.0,362.0,382.0,3.8,76.0,919.9,329.8
SINDU,6/6/2017,382.0,389.0,377.0,378.0,-1.05,1711.0,919.9,329.8
SINDU,6/7/2017,378.0,377.0,371.0,371.0,-1.85,2896.0,919.9,329.8
SINDU,6/8/2017,371.0,371.0,364.0,371.0,0.0,810.0,919.9,329.8
SINDU,6/11/2017,371.0,378.0,378.0,378.0,1.89,10.0,919.9,329.8
SINDU,6/12/2017,378.0,372.0,372.0,372.0,-1.59,100.0,919.9,329.8
SINDU,6/13/2017,372.0,367.0,365.0,365.0,-1.88,650.0,919.9,329.8
SINDU,6/14/2017,365.0,365.0,352.0,352.0,-3.56,663.0,919.9,329.8
SINDU,6/15/2017,352.0,373.0,358.0,363.0,3.12,1914.0,919.9,329.8
SINDU,6/18/2017,363.0,363.0,363.0,363.0,0.0,200.0,919.9,329.8
SINDU,6/19/2017,363.0,356.0,345.0,345.0,-4.96,500.0,919.9,329.8
SINDU,6/20/2017,345.0,351.0,340.0,350.0,1.45,1256.0,919.9,329.8
SINDU,6/22/2017,350.0,346.0,334.0,336.0,-4.0,4498.0,919.9,329.8
SINDU,6/25/2017,336.0,369.0,342.0,358.0,6.55,933.0,919.9,329.8
SINDU,6/27/2017,358.0,365.0,365.0,365.0,1.96,10.0,919.9,329.8
SINDU,6/28/2017,365.0,360.0,350.0,350.0,-4.11,1201.0,919.9,329.8
SINDU,7/6/2017,350.0,384.0,357.0,364.0,4.0,4723.0,919.9,329.8
SINDU,7/9/2017,364.0,370.0,364.0,364.0,0.0,2340.0,919.9,329.8
SINDU,7/10/2017,364.0,365.0,364.0,364.0,0.0,270.0,919.9,329.8
SINDU,7/12/2017,364.0,371.0,364.0,366.0,0.55,993.0,919.9,329.8
SINDU,7/16/2017,366.0,369.0,369.0,369.0,0.82,200.0,919.9,329.8
SINDU,7/18/2017,369.0,362.0,362.0,362.0,-1.9,165.0,919.9,329.8
SINDU,7/19/2017,362.0,377.0,361.0,372.0,2.76,1277.0,919.9,329.8
SINDU,7/20/2017,372.0,370.0,365.0,365.0,-1.88,260.0,919.9,329.8
SINDU,7/30/2017,365.0,358.0,338.0,350.0,-4.11,2804.0,919.9,329.8
SINDU,7/31/2017,350.0,355.0,343.0,355.0,1.43,1010.0,919.9,329.8
SINDU,8/1/2017,355.0,351.0,343.0,351.0,-1.13,3232.0,919.9,329.8
SINDU,8/2/2017,351.0,350.0,346.0,350.0,-0.28,2023.0,919.9,329.8
SINDU,8/3/2017,350.0,357.0,350.0,350.0,0.0,30.0,919.9,329.8
SINDU,8/7/2017,350.0,350.0,346.0,346.0,-1.14,260.0,919.9,329.8
SINDU,8/9/2017,346.0,362.0,352.0,362.0,4.62,30.0,919.9,329.8
SINDU,8/10/2017,362.0,365.0,355.0,355.0,-1.93,227.0,919.9,329.8
SINDU,8/17/2017,355.0,362.0,346.0,347.0,-2.25,1871.0,919.9,329.8
SINDU,8/20/2017,347.0,353.0,341.0,341.0,-1.73,7904.0,919.9,329.8
SINDU,8/21/2017,341.0,349.0,338.0,340.0,-0.29,1400.0,919.9,329.8
SINDU,8/22/2017,340.0,340.0,325.0,334.0,-1.76,2595.0,919.9,329.8
SINDU,8/23/2017,334.0,341.0,323.0,334.0,0.0,2849.0,919.9,329.8
SINDU,8/24/2017,334.0,335.0,317.0,319.0,-4.49,8788.0,919.9,329.8
SINDU,8/27/2017,222.0,218.0,206.0,206.0,-35.42,428.0,919.9,329.8
SINDU,8/28/2017,206.0,205.0,202.0,202.0,-1.94,1660.0,919.9,329.8
SINDU,8/30/2017,202.0,198.0,195.0,196.0,-2.97,200.0,919.9,329.8
SINDU,8/31/2017,196.0,193.0,187.0,187.0,-4.59,270.0,919.9,329.8
SINDU,9/4/2017,187.0,190.0,186.0,186.0,-0.53,1757.0,919.9,329.8
SINDU,9/6/2017,186.0,191.0,186.0,186.0,0.0,1778.0,919.9,329.8
SINDU,9/7/2017,186.0,204.0,189.0,200.0,7.53,510.0,919.9,329.8
SINDU,9/10/2017,200.0,198.0,190.0,190.0,-5.0,919.0,919.9,329.8
SINDU,9/11/2017,190.0,193.0,193.0,193.0,1.58,523.0,919.9,329.8
SINDU,9/12/2017,193.0,195.0,191.0,191.0,-1.04,244.0,919.9,329.8
SINDU,9/14/2017,191.0,195.0,192.0,195.0,2.09,2460.0,919.9,329.8
SINDU,9/17/2017,195.0,198.0,193.0,193.0,-1.03,850.0,919.9,329.8
SINDU,9/18/2017,193.0,190.0,186.0,186.0,-3.63,242.0,919.9,329.8
SINDU,9/20/2017,186.0,185.0,184.0,185.0,-0.54,300.0,919.9,329.8
SINDU,9/25/2017,185.0,185.0,182.0,185.0,0.0,1220.0,919.9,329.8
SINDU,9/26/2017,185.0,190.0,185.0,190.0,2.7,1083.0,919.9,329.8
SINDU,10/4/2017,190.0,187.0,184.0,184.0,-3.16,150.0,919.9,329.8
SINDU,10/9/2017,184.0,181.0,181.0,181.0,-1.63,370.0,919.9,329.8
SINDU,10/10/2017,181.0,184.0,179.0,184.0,1.66,645.0,919.9,329.8
SINDU,10/11/2017,184.0,187.0,179.0,180.0,-2.17,810.0,919.9,329.8
SINDU,10/12/2017,180.0,185.0,182.0,185.0,2.78,305.0,919.9,329.8
SINDU,10/15/2017,185.0,185.0,177.0,177.0,-4.32,369.0,919.9,329.8
SINDU,10/16/2017,177.0,186.0,180.0,186.0,5.08,370.0,919.9,329.8
SINDU,10/17/2017,186.0,193.0,183.0,193.0,3.76,1185.0,919.9,329.8
SINDU,10/18/2017,193.0,199.0,190.0,199.0,3.11,1725.0,919.9,329.8
SINDU,10/22/2017,199.0,200.0,193.0,193.0,-3.02,590.0,919.9,329.8
SINDU,10/23/2017,193.0,190.0,190.0,190.0,-1.55,200.0,919.9,329.8
SINDU,10/24/2017,190.0,188.0,185.0,186.0,-2.11,261.0,919.9,329.8
SINDU,10/25/2017,186.0,185.0,185.0,185.0,-0.54,1000.0,919.9,329.8
SINDU,11/1/2017,185.0,182.0,182.0,182.0,-1.62,300.0,919.9,329.8
SINDU,11/2/2017,182.0,179.0,179.0,179.0,-1.65,325.0,919.9,329.8
SINDU,11/5/2017,179.0,176.0,176.0,176.0,-1.68,135.0,919.9,329.8
SINDU,11/6/2017,176.0,182.0,179.0,182.0,3.41,1202.0,919.9,329.8
SINDU,11/7/2017,182.0,181.0,179.0,179.0,-1.65,740.0,919.9,329.8
SINDU,11/8/2017,179.0,178.0,176.0,176.0,-1.68,450.0,919.9,329.8
SINDU,11/9/2017,176.0,179.0,179.0,179.0,1.7,10.0,919.9,329.8
SINDU,11/12/2017,179.0,176.0,174.0,174.0,-2.79,850.0,919.9,329.8
SINDU,11/13/2017,174.0,178.0,174.0,177.0,1.72,1160.0,919.9,329.8
SINDU,11/14/2017,177.0,186.0,180.0,186.0,5.08,695.0,919.9,329.8
SINDU,11/15/2017,186.0,189.0,188.0,188.0,1.08,550.0,919.9,329.8
SINDU,11/16/2017,188.0,188.0,185.0,185.0,-1.6,1050.0,919.9,329.8
SINDU,11/19/2017,185.0,183.0,183.0,183.0,-1.08,135.0,919.9,329.8
SINDU,11/20/2017,183.0,180.0,177.0,177.0,-3.28,300.0,919.9,329.8
SINDU,11/22/2017,177.0,180.0,180.0,180.0,1.69,40.0,919.9,329.8
SINDU,11/26/2017,180.0,183.0,177.0,177.0,-1.67,607.0,919.9,329.8
SINDU,11/28/2017,177.0,180.0,174.0,180.0,1.69,2529.0,919.9,329.8
SINDU,11/29/2017,180.0,183.0,180.0,183.0,1.67,130.0,919.9,329.8
SINDU,11/30/2017,183.0,184.0,180.0,184.0,0.55,750.0,919.9,329.8
SINDU,12/4/2017,184.0,185.0,185.0,185.0,0.54,41.0,919.9,329.8
SINDU,12/5/2017,185.0,182.0,177.0,177.0,-4.32,1013.0,919.9,329.8
SINDU,12/6/2017,177.0,177.0,177.0,177.0,0.0,84.0,919.9,329.8
SINDU,12/12/2017,177.0,178.0,174.0,174.0,-1.69,1280.0,919.9,329.8
SINDU,12/18/2017,174.0,171.0,168.0,168.0,-3.45,600.0,919.9,329.8
SINDU,12/19/2017,168.0,168.0,164.0,164.0,-2.38,4200.0,919.9,329.8
SINDU,12/20/2017,164.0,175.0,161.0,175.0,6.71,915.0,919.9,329.8
SINDU,12/21/2017,175.0,182.0,171.0,182.0,4.0,940.0,919.9,329.8
SINDU,12/24/2017,182.0,179.0,164.0,164.0,-9.89,2401.0,919.9,329.8
SINDU,12/26/2017,164.0,167.0,157.0,160.0,-2.44,5775.0,919.9,329.8
SINDU,12/27/2017,160.0,160.0,150.0,151.0,-5.63,7584.0,919.9,329.8
SINDU,12/28/2017,151.0,159.0,151.0,159.0,5.3,339.0,919.9,329.8
SINDU,12/31/2017,159.0,165.0,162.0,162.0,1.89,150.0,919.9,329.8
SINDU,1/1/2018,162.0,170.0,162.0,170.0,4.94,361.0,919.9,329.8
SINDU,1/2/2018,170.0,171.0,160.0,163.0,-4.12,2496.0,919.9,329.8
SINDU,1/3/2018,163.0,160.0,160.0,160.0,-1.84,100.0,919.9,329.8
SINDU,1/4/2018,160.0,165.0,162.0,165.0,3.12,170.0,919.9,329.8
SINDU,1/7/2018,165.0,168.0,162.0,165.0,0.0,370.0,919.9,329.8
SINDU,1/8/2018,165.0,168.0,164.0,167.0,1.21,580.0,919.9,329.8
SINDU,1/9/2018,167.0,170.0,155.0,170.0,1.8,1050.0,919.9,329.8
SINDU,1/14/2018,170.0,167.0,161.0,164.0,-3.53,80.0,919.9,329.8
SINDU,1/16/2018,164.0,161.0,151.0,151.0,-7.93,469.0,919.9,329.8
SINDU,1/17/2018,151.0,157.0,150.0,157.0,3.97,737.0,919.9,329.8
SINDU,1/21/2018,157.0,163.0,160.0,160.0,1.91,80.0,919.9,329.8
SINDU,1/22/2018,160.0,157.0,154.0,155.0,-3.12,196.0,919.9,329.8
SINDU,1/23/2018,155.0,158.0,152.0,152.0,-1.94,1730.0,919.9,329.8
SINDU,1/24/2018,152.0,159.0,150.0,159.0,4.61,329.0,919.9,329.8
SINDU,1/28/2018,159.0,162.0,149.0,149.0,-6.29,2438.0,919.9,329.8
SINDU,1/29/2018,149.0,155.0,151.0,155.0,4.03,430.0,919.9,329.8
SINDU,1/31/2018,155.0,154.0,153.0,154.0,-0.65,540.0,919.9,329.8
SINDU,2/1/2018,154.0,156.0,156.0,156.0,1.3,1454.0,919.9,329.8
SINDU,2/4/2018,156.0,153.0,153.0,153.0,-1.92,20.0,919.9,329.8
SINDU,2/5/2018,153.0,153.0,150.0,153.0,0.0,530.0,919.9,329.8
SINDU,2/6/2018,153.0,160.0,156.0,160.0,4.58,30.0,919.9,329.8
SINDU,2/7/2018,160.0,157.0,157.0,157.0,-1.88,100.0,919.9,329.8
SINDU,2/8/2018,157.0,157.0,157.0,157.0,0.0,20.0,919.9,329.8
SINDU,2/11/2018,157.0,154.0,146.0,150.0,-4.46,2723.0,919.9,329.8
SINDU,2/12/2018,150.0,151.0,145.0,150.0,0.0,250.0,919.9,329.8
SINDU,2/14/2018,150.0,156.0,147.0,156.0,4.0,1448.0,919.9,329.8
SINDU,2/15/2018,156.0,156.0,152.0,152.0,-2.56,2749.0,919.9,329.8
SINDU,2/18/2018,150.0,152.0,149.0,149.0,-1.97,2366.0,919.9,329.8
SINDU,2/20/2018,150.0,153.0,147.0,147.0,-1.34,1080.0,919.9,329.8
SINDU,2/21/2018,146.0,146.0,146.0,146.0,-0.68,195.0,919.9,329.8
SINDU,2/22/2018,148.0,150.0,145.0,147.0,0.68,276.0,919.9,329.8
SINDU,2/25/2018,149.0,149.0,149.0,149.0,1.36,200.0,919.9,329.8
SINDU,2/27/2018,151.0,151.0,147.0,147.0,-1.34,1490.0,919.9,329.8
SINDU,2/28/2018,148.0,148.0,146.0,146.0,-0.68,124.0,919.9,329.8
SINDU,3/5/2018,144.0,144.0,140.0,144.0,-1.37,514.0,919.9,329.8
SINDU,3/6/2018,146.0,146.0,142.0,142.0,-1.39,400.0,919.9,329.8
SINDU,3/7/2018,142.0,146.0,142.0,144.0,1.41,147.0,919.9,329.8
SINDU,3/11/2018,145.0,145.0,140.0,140.0,-2.78,615.0,919.9,329.8
SINDU,3/12/2018,142.0,144.0,142.0,144.0,2.86,334.0,919.9,329.8
SINDU,3/13/2018,145.0,146.0,145.0,146.0,1.39,174.0,919.9,329.8
SINDU,3/14/2018,148.0,148.0,146.0,148.0,1.37,366.0,919.9,329.8
SINDU,3/15/2018,148.0,150.0,148.0,150.0,1.35,200.0,919.9,329.8
SINDU,3/18/2018,152.0,152.0,152.0,152.0,1.33,75.0,919.9,329.8
SINDU,3/20/2018,149.0,149.0,143.0,143.0,-5.92,650.0,919.9,329.8
SINDU,3/21/2018,141.0,141.0,139.0,139.0,-2.8,440.0,919.9,329.8
SINDU,3/22/2018,137.0,138.0,137.0,137.0,-1.44,930.0,919.9,329.8
SINDU,3/26/2018,136.0,136.0,135.0,135.0,-1.46,1558.0,919.9,329.8
SINDU,3/27/2018,134.0,134.0,132.0,134.0,-0.74,1800.0,919.9,329.8
SINDU,3/28/2018,132.0,134.0,132.0,133.0,-0.75,1922.0,919.9,329.8
SINDU,3/29/2018,135.0,139.0,135.0,137.0,3.01,250.0,919.9,329.8
SINDU,4/1/2018,139.0,139.0,139.0,139.0,1.46,50.0,919.9,329.8
SINDU,4/2/2018,141.0,141.0,141.0,141.0,1.44,70.0,919.9,329.8
SINDU,4/3/2018,143.0,143.0,143.0,143.0,1.42,50.0,919.9,329.8
SINDU,4/4/2018,145.0,145.0,145.0,145.0,1.4,20.0,919.9,329.8
SINDU,4/5/2018,147.0,147.0,145.0,146.0,0.69,776.0,919.9,329.8
SINDU,4/8/2018,148.0,152.0,148.0,152.0,4.11,1050.0,919.9,329.8
SINDU,4/9/2018,152.0,155.0,152.0,152.0,0.0,500.0,919.9,329.8
SINDU,4/10/2018,149.0,155.0,149.0,155.0,1.97,685.0,919.9,329.8
SINDU,4/11/2018,152.0,152.0,152.0,152.0,-1.94,70.0,919.9,329.8
SINDU,4/12/2018,155.0,155.0,155.0,155.0,1.97,100.0,919.9,329.8
SINDU,4/15/2018,158.0,158.0,158.0,158.0,1.94,80.0,919.9,329.8
SINDU,4/16/2018,155.0,158.0,155.0,158.0,0.0,1291.0,919.9,329.8
SINDU,4/17/2018,157.0,157.0,157.0,157.0,-0.63,200.0,919.9,329.8
SINDU,4/18/2018,160.0,163.0,156.0,160.0,1.91,1600.0,919.9,329.8
SINDU,4/19/2018,163.0,165.0,157.0,157.0,-1.88,3541.0,919.9,329.8
SINDU,4/22/2018,160.0,163.0,160.0,163.0,3.82,162.0,919.9,329.8
SINDU,4/23/2018,166.0,168.0,163.0,163.0,0.0,510.0,919.9,329.8
SINDU,4/24/2018,165.0,165.0,162.0,162.0,-0.61,1790.0,919.9,329.8
SINDU,4/29/2018,159.0,159.0,159.0,159.0,-1.85,10.0,919.9,329.8
SINDU,5/2/2018,156.0,156.0,144.0,148.0,-6.92,4589.0,919.9,329.8
SINDU,5/3/2018,150.0,150.0,141.0,143.0,-3.38,3122.0,919.9,329.8
SINDU,5/6/2018,145.0,145.0,139.0,142.0,-0.7,1372.0,919.9,329.8
SINDU,5/7/2018,142.0,142.0,136.0,136.0,-4.23,2488.0,919.9,329.8
SINDU,5/8/2018,138.0,146.0,138.0,146.0,7.35,2324.0,919.9,329.8
SINDU,5/9/2018,144.0,144.0,136.0,136.0,-6.85,1627.0,919.9,329.8
SINDU,5/10/2018,136.0,140.0,134.0,140.0,2.94,2580.0,919.9,329.8
SINDU,5/14/2018,141.0,141.0,140.0,140.0,0.0,799.0,919.9,329.8
SINDU,5/15/2018,140.0,140.0,135.0,135.0,-3.57,1200.0,919.9,329.8
SINDU,5/16/2018,137.0,137.0,135.0,137.0,1.48,292.0,919.9,329.8
SINDU,5/17/2018,139.0,141.0,135.0,135.0,-1.46,1684.0,919.9,329.8
SINDU,5/21/2018,137.0,143.0,137.0,143.0,5.93,863.0,919.9,329.8
SINDU,5/22/2018,141.0,141.0,141.0,141.0,-1.4,100.0,919.9,329.8
SINDU,5/27/2018,140.0,140.0,138.0,138.0,-2.13,210.0,919.9,329.8
SINDU,5/28/2018,136.0,143.0,135.0,143.0,3.62,946.0,919.9,329.8
SINDU,5/29/2018,142.0,142.0,139.0,140.0,-2.1,1483.0,919.9,329.8
SINDU,5/30/2018,142.0,142.0,140.0,140.0,0.0,445.0,919.9,329.8
SINDU,5/31/2018,142.0,142.0,138.0,138.0,-1.43,70.0,919.9,329.8
SINDU,6/3/2018,136.0,136.0,136.0,136.0,-1.45,70.0,919.9,329.8
SINDU,6/7/2018,134.0,134.0,132.0,132.0,-2.94,211.0,919.9,329.8
SINDU,6/13/2018,134.0,138.0,132.0,138.0,4.55,590.0,919.9,329.8
SINDU,6/14/2018,136.0,136.0,136.0,136.0,-1.45,520.0,919.9,329.8
SINDU,6/17/2018,138.0,140.0,138.0,140.0,2.94,573.0,919.9,329.8
SINDU,6/18/2018,138.0,144.0,136.0,144.0,2.86,836.0,919.9,329.8
SINDU,6/21/2018,142.0,142.0,134.0,134.0,-6.94,844.0,919.9,329.8
SINDU,6/24/2018,135.0,135.0,130.0,130.0,-2.99,1770.0,919.9,329.8
SINDU,6/25/2018,129.0,130.0,126.0,126.0,-3.08,3157.0,919.9,329.8
SINDU,6/26/2018,128.0,128.0,122.0,122.0,-3.17,2137.0,919.9,329.8
SINDU,6/27/2018,122.0,127.0,122.0,127.0,4.1,527.0,919.9,329.8
SINDU,6/28/2018,128.0,128.0,125.0,125.0,-1.57,1500.0,919.9,329.8
SINDU,7/1/2018,127.0,128.0,127.0,128.0,2.4,1010.0,919.9,329.8
SINDU,7/2/2018,127.0,128.0,126.0,128.0,0.0,400.0,919.9,329.8
SINDU,7/3/2018,128.0,128.0,128.0,128.0,0.0,500.0,919.9,329.8
SINDU,7/4/2018,127.0,127.0,126.0,126.0,-1.56,739.0,919.9,329.8
SINDU,7/5/2018,128.0,132.0,126.0,132.0,4.76,2775.0,919.9,329.8
SINDU,7/8/2018,127.0,128.0,127.0,128.0,-3.03,90.0,919.9,329.8
SINDU,7/9/2018,130.0,130.0,130.0,130.0,1.56,731.0,919.9,329.8
SINDU,7/11/2018,128.0,134.0,128.0,134.0,3.08,448.0,919.9,329.8
SINDU,7/12/2018,134.0,134.0,131.0,131.0,-2.24,279.0,919.9,329.8
SINDU,7/15/2018,133.0,133.0,133.0,133.0,1.53,50.0,919.9,329.8
SINDU,7/16/2018,131.0,131.0,131.0,131.0,-1.5,1455.0,919.9,329.8
SINDU,7/17/2018,133.0,133.0,132.0,133.0,1.53,220.0,919.9,329.8
SINDU,7/19/2018,132.0,132.0,132.0,132.0,-0.75,10.0,919.9,329.8
SINDU,7/25/2018,130.0,130.0,130.0,130.0,-1.52,500.0,919.9,329.8
SINDU,7/26/2018,130.0,130.0,130.0,130.0,0.0,100.0,919.9,329.8
SINDU,7/29/2018,128.0,128.0,128.0,128.0,-1.54,194.0,919.9,329.8
SINDU,7/30/2018,130.0,130.0,130.0,130.0,1.56,10.0,919.9,329.8
SINDU,8/9/2018,128.0,128.0,128.0,128.0,-1.54,110.0,919.9,329.8
SINDU,8/16/2018,130.0,130.0,130.0,130.0,1.56,100.0,919.9,329.8
SINDU,8/19/2018,128.0,128.0,128.0,128.0,-1.54,50.0,919.9,329.8
SINDU,8/20/2018,126.0,126.0,116.0,116.0,-9.38,3841.0,919.9,329.8
SINDU,8/21/2018,118.0,121.0,118.0,121.0,4.31,160.0,919.9,329.8
SINDU,8/22/2018,123.0,123.0,123.0,123.0,1.65,62.0,919.9,329.8
SINDU,8/23/2018,125.0,125.0,125.0,125.0,1.63,160.0,919.9,329.8
SINDU,8/26/2018,123.0,123.0,123.0,123.0,-1.6,18.0,919.9,329.8
SINDU,8/28/2018,124.0,124.0,121.0,123.0,0.0,310.0,919.9,329.8
SINDU,8/29/2018,121.0,121.0,120.0,120.0,-2.44,60.0,919.9,329.8
SINDU,8/30/2018,122.0,124.0,120.0,120.0,0.0,180.0,919.9,329.8
SINDU,9/2/2018,119.0,119.0,118.0,118.0,-1.67,638.0,919.9,329.8
SINDU,9/3/2018,120.0,124.0,118.0,118.0,0.0,865.0,919.9,329.8
SINDU,9/4/2018,120.0,120.0,120.0,120.0,1.69,100.0,919.9,329.8
SINDU,9/5/2018,120.0,125.0,120.0,125.0,4.17,1381.0,919.9,329.8
SINDU,9/6/2018,125.0,125.0,117.0,119.0,-4.8,2970.0,919.9,329.8
SINDU,9/10/2018,117.0,121.0,117.0,121.0,1.68,279.0,919.9,329.8
SINDU,9/11/2018,120.0,120.0,119.0,119.0,-1.65,381.0,919.9,329.8
SINDU,9/12/2018,118.0,119.0,118.0,118.0,-0.84,908.0,919.9,329.8
SINDU,9/13/2018,120.0,122.0,119.0,120.0,1.69,5056.0,919.9,329.8
SINDU,9/16/2018,122.0,123.0,120.0,120.0,0.0,3466.0,919.9,329.8
SINDU,9/17/2018,118.0,126.0,118.0,124.0,3.33,1980.0,919.9,329.8
SINDU,9/18/2018,124.0,126.0,120.0,126.0,1.61,7009.0,919.9,329.8
SINDU,9/20/2018,128.0,132.0,126.0,127.0,0.79,4344.0,919.9,329.8
SINDU,9/23/2018,129.0,129.0,124.0,127.0,0.0,2800.0,919.9,329.8
SINDU,9/25/2018,129.0,130.0,127.0,127.0,0.0,1700.0,919.9,329.8
SINDU,9/26/2018,126.0,127.0,125.0,127.0,0.0,399.0,919.9,329.8
SINDU,9/27/2018,129.0,129.0,123.0,123.0,-3.15,2426.0,919.9,329.8
SINDU,9/30/2018,122.0,125.0,122.0,125.0,1.63,1093.0,919.9,329.8
SINDU,10/1/2018,127.0,127.0,124.0,124.0,-0.8,1676.0,919.9,329.8
SINDU,10/2/2018,126.0,128.0,126.0,126.0,1.61,700.0,919.9,329.8
SINDU,10/3/2018,124.0,124.0,120.0,120.0,-4.76,400.0,919.9,329.8
SINDU,10/4/2018,120.0,120.0,118.0,119.0,-0.83,1795.0,919.9,329.8
SINDU,10/7/2018,117.0,119.0,117.0,117.0,-1.68,1100.0,919.9,329.8
SINDU,10/8/2018,116.0,117.0,116.0,117.0,0.0,2068.0,919.9,329.8
SINDU,10/9/2018,118.0,118.0,117.0,117.0,0.0,70.0,919.9,329.8
SINDU,10/10/2018,117.0,117.0,116.0,116.0,-0.85,2000.0,919.9,329.8
SINDU,10/11/2018,118.0,122.0,118.0,122.0,5.17,600.0,919.9,329.8
SINDU,10/14/2018,124.0,124.0,124.0,124.0,1.64,50.0,919.9,329.8
SINDU,10/15/2018,126.0,126.0,124.0,124.0,0.0,100.0,919.9,329.8
SINDU,10/21/2018,126.0,126.0,126.0,126.0,1.61,50.0,919.9,329.8
SINDU,10/22/2018,124.0,124.0,120.0,122.0,-3.17,1150.0,919.9,329.8
SINDU,10/23/2018,124.0,124.0,122.0,122.0,0.0,775.0,919.9,329.8
SINDU,10/28/2018,121.0,122.0,118.0,118.0,-3.28,409.0,919.9,329.8
SINDU,10/30/2018,118.0,119.0,118.0,119.0,0.85,1846.0,919.9,329.8
SINDU,10/31/2018,118.0,119.0,116.0,119.0,0.0,4250.0,919.9,329.8
SINDU,11/1/2018,117.0,119.0,117.0,119.0,0.0,783.0,919.9,329.8
SINDU,11/4/2018,117.0,117.0,115.0,115.0,-3.36,433.0,919.9,329.8
SINDU,11/5/2018,113.0,120.0,113.0,119.0,3.48,2149.0,919.9,329.8
SINDU,11/6/2018,119.0,117.0,115.0,117.0,-1.68,50.0,919.9,329.8
SINDU,11/11/2018,117.0,117.0,115.0,117.0,0.0,77.0,919.9,329.8
SINDU,11/13/2018,119.0,120.0,117.0,120.0,2.56,1340.0,919.9,329.8
SINDU,11/14/2018,121.0,122.0,120.0,120.0,0.0,900.0,919.9,329.8
SINDU,11/15/2018,122.0,122.0,122.0,122.0,1.67,260.0,919.9,329.8
SINDU,11/19/2018,121.0,122.0,121.0,121.0,-0.82,50.0,919.9,329.8
SINDU,11/20/2018,119.0,121.0,119.0,119.0,-1.65,10.0,919.9,329.8
SINDU,11/22/2018,120.0,120.0,120.0,120.0,0.84,25.0,919.9,329.8
SINDU,11/26/2018,120.0,120.0,120.0,120.0,0.0,40.0,919.9,329.8
SINDU,11/29/2018,118.0,121.0,118.0,118.0,-1.67,1040.0,919.9,329.8
SINDU,12/2/2018,120.0,120.0,120.0,120.0,1.69,50.0,919.9,329.8
SINDU,12/3/2018,120.0,120.0,120.0,120.0,0.0,15.0,919.9,329.8
SINDU,12/4/2018,122.0,122.0,120.0,120.0,0.0,125.0,919.9,329.8
SINDU,12/5/2018,118.0,118.0,118.0,118.0,-1.67,50.0,919.9,329.8
SINDU,12/6/2018,118.0,118.0,118.0,118.0,0.0,100.0,919.9,329.8
SINDU,12/9/2018,120.0,120.0,120.0,120.0,1.69,50.0,919.9,329.8
SINDU,12/10/2018,120.0,122.0,120.0,120.0,0.0,1110.0,919.9,329.8
SINDU,12/11/2018,120.0,120.0,120.0,120.0,0.0,40.0,919.9,329.8
SINDU,12/13/2018,120.0,120.0,120.0,120.0,0.0,520.0,919.9,329.8
SINDU,12/18/2018,118.0,118.0,116.0,116.0,-3.33,1030.0,919.9,329.8
SINDU,12/19/2018,118.0,120.0,118.0,120.0,3.45,150.0,919.9,329.8
SINDU,12/20/2018,118.0,120.0,116.0,116.0,-3.33,1207.0,919.9,329.8
SINDU,12/23/2018,118.0,123.0,118.0,123.0,6.03,2012.0,919.9,329.8
SINDU,12/24/2018,125.0,125.0,120.0,120.0,-2.44,2064.0,919.9,329.8
SINDU,12/26/2018,122.0,122.0,120.0,120.0,0.0,210.0,919.9,329.8
SINDU,12/27/2018,118.0,120.0,118.0,120.0,0.0,974.0,919.9,329.8
SINDU,12/30/2018,122.0,122.0,119.0,121.0,0.83,545.0,919.9,329.8
SINDU,12/31/2018,121.0,122.0,115.0,117.0,-3.31,2301.0,919.9,329.8
SINDU,1/1/2019,122.0,123.0,122.0,123.0,5.13,594.0,919.9,329.8
SINDU,1/2/2019,125.0,125.0,123.0,123.0,0.0,102.0,919.9,329.8
SINDU,1/3/2019,129.0,129.0,129.0,129.0,4.88,10.0,919.9,329.8
SINDU,1/6/2019,127.0,127.0,123.0,123.0,-4.65,510.0,919.9,329.8
SINDU,1/7/2019,121.0,121.0,117.0,120.0,-2.44,1000.0,919.9,329.8
SINDU,1/8/2019,118.0,120.0,118.0,120.0,0.0,550.0,919.9,329.8
SINDU,1/9/2019,114.0,120.0,114.0,118.0,-1.67,1307.0,919.9,329.8
SINDU,1/10/2019,120.0,122.0,118.0,120.0,1.69,800.0,919.9,329.8
SINDU,1/13/2019,119.0,120.0,118.0,120.0,0.0,1200.0,919.9,329.8
SINDU,1/14/2019,120.0,124.0,120.0,124.0,3.33,489.0,919.9,329.8
SINDU,1/15/2019,126.0,126.0,124.0,125.0,0.81,1100.0,919.9,329.8
SINDU,1/16/2019,127.0,127.0,127.0,127.0,1.6,150.0,919.9,329.8
SINDU,1/17/2019,125.0,125.0,125.0,125.0,-1.57,300.0,919.9,329.8
SINDU,1/21/2019,123.0,127.0,123.0,123.0,-1.6,1526.0,919.9,329.8
SINDU,1/23/2019,125.0,125.0,124.0,124.0,0.81,190.0,919.9,329.8
SINDU,1/24/2019,122.0,122.0,118.0,121.0,-2.42,850.0,919.9,329.8
SINDU,1/27/2019,123.0,123.0,123.0,123.0,1.65,50.0,919.9,329.8
SINDU,1/28/2019,123.0,127.0,123.0,127.0,3.25,163.0,919.9,329.8
SINDU,1/31/2019,125.0,127.0,125.0,125.0,-1.57,400.0,919.9,329.8
SINDU,2/6/2019,126.0,126.0,126.0,126.0,0.8,2380.0,919.9,329.8
SINDU,2/13/2019,132.0,132.0,130.0,130.0,3.17,100.0,919.9,329.8
SINDU,2/20/2019,131.0,132.0,131.0,132.0,1.54,1817.0,919.9,329.8
SINDU,2/27/2019,138.0,138.0,138.0,138.0,4.55,30.0,919.9,329.8
SINDU,3/3/2019,136.0,136.0,126.0,126.0,-8.7,1648.0,919.9,329.8
SINDU,3/5/2019,124.0,124.0,116.0,116.0,-7.94,6062.0,919.9,329.8
SINDU,3/6/2019,116.0,118.0,115.0,116.0,0.0,2453.0,919.9,329.8
SINDU,3/7/2019,116.0,120.0,116.0,118.0,1.72,360.0,919.9,329.8
SINDU,3/10/2019,118.0,118.0,118.0,118.0,0.0,780.0,919.9,329.8
SINDU,3/11/2019,119.0,119.0,115.0,117.0,-0.85,1906.0,919.9,329.8
SINDU,3/12/2019,119.0,123.0,119.0,123.0,5.13,830.0,919.9,329.8
SINDU,3/13/2019,123.0,123.0,119.0,119.0,-3.25,690.0,919.9,329.8
SINDU,3/14/2019,120.0,121.0,119.0,121.0,1.68,1333.0,919.9,329.8
SINDU,3/17/2019,124.0,132.0,124.0,132.0,9.09,5071.0,919.9,329.8
SINDU,3/18/2019,138.0,138.0,138.0,138.0,4.55,10.0,919.9,329.8
SINDU,3/19/2019,144.0,144.0,144.0,144.0,4.35,15.0,919.9,329.8
SINDU,3/27/2019,142.0,142.0,142.0,142.0,-1.39,20.0,919.9,329.8
SINDU,4/3/2019,140.0,140.0,128.0,135.0,-4.93,33595.0,919.9,329.8
SINDU,4/4/2019,133.0,142.0,133.0,142.0,5.19,3666.0,919.9,329.8
SINDU,4/7/2019,140.0,140.0,129.0,132.0,-7.04,1424.0,919.9,329.8
SINDU,4/8/2019,132.0,134.0,128.0,128.0,-3.03,3380.0,919.9,329.8
SINDU,4/9/2019,126.0,135.0,126.0,135.0,5.47,829.0,919.9,329.8
SINDU,4/10/2019,137.0,137.0,130.0,130.0,-3.7,832.0,919.9,329.8
SINDU,4/11/2019,130.0,132.0,126.0,130.0,0.0,2223.0,919.9,329.8
SINDU,4/15/2019,131.0,131.0,129.0,130.0,0.0,693.0,919.9,329.8
SINDU,4/16/2019,132.0,134.0,129.0,129.0,-0.77,743.0,919.9,329.8
SINDU,4/17/2019,128.0,132.0,127.0,132.0,2.33,3168.0,919.9,329.8
SINDU,4/21/2019,132.0,134.0,132.0,132.0,0.0,1084.0,919.9,329.8
SINDU,4/22/2019,132.0,132.0,128.0,128.0,-3.03,1426.0,919.9,329.8
SINDU,4/23/2019,130.0,132.0,126.0,132.0,3.12,978.0,919.9,329.8
SINDU,4/24/2019,134.0,136.0,127.0,132.0,0.0,4681.0,919.9,329.8
SINDU,4/25/2019,132.0,134.0,130.0,130.0,-1.52,3250.0,919.9,329.8
SINDU,4/28/2019,132.0,136.0,132.0,136.0,4.62,2261.0,919.9,329.8
SINDU,4/29/2019,138.0,140.0,136.0,136.0,0.0,1839.0,919.9,329.8
SINDU,5/2/2019,134.0,134.0,130.0,130.0,-4.41,676.0,919.9,329.8
SINDU,5/5/2019,130.0,132.0,128.0,128.0,-1.54,535.0,919.9,329.8
SINDU,5/6/2019,130.0,130.0,129.0,129.0,0.78,205.0,919.9,329.8
SINDU,5/7/2019,131.0,135.0,131.0,135.0,4.65,1749.0,919.9,329.8
SINDU,5/8/2019,134.0,134.0,130.0,130.0,-3.7,328.0,919.9,329.8
SINDU,5/9/2019,132.0,132.0,132.0,132.0,1.54,11.0,919.9,329.8
SINDU,5/12/2019,130.0,130.0,128.0,129.0,-2.27,260.0,919.9,329.8
SINDU,5/13/2019,131.0,132.0,127.0,132.0,2.33,2675.0,919.9,329.8
SINDU,5/14/2019,131.0,138.0,131.0,136.0,3.03,9543.0,919.9,329.8
SINDU,5/15/2019,138.0,138.0,136.0,136.0,0.0,264.0,919.9,329.8
SINDU,5/16/2019,136.0,138.0,130.0,136.0,0.0,12751.0,919.9,329.8
SINDU,5/19/2019,137.0,140.0,134.0,140.0,2.94,7778.0,919.9,329.8
SINDU,5/20/2019,140.0,153.0,140.0,153.0,9.29,21910.0,919.9,329.8
SINDU,5/21/2019,150.0,150.0,141.0,145.0,-5.23,6951.0,919.9,329.8
SINDU,5/22/2019,150.0,155.0,150.0,152.0,4.83,91.0,919.9,329.8
SINDU,5/23/2019,149.0,149.0,144.0,144.0,-5.26,1258.0,919.9,329.8
SINDU,5/26/2019,142.0,142.0,137.0,138.0,-4.17,6430.0,919.9,329.8
SINDU,5/27/2019,132.0,143.0,132.0,143.0,3.62,3888.0,919.9,329.8
SINDU,5/28/2019,141.0,147.0,139.0,147.0,2.8,4599.0,919.9,329.8
SINDU,5/29/2019,149.0,149.0,143.0,146.0,-0.68,2112.0,919.9,329.8
SINDU,5/30/2019,148.0,150.0,142.0,144.0,-1.37,8837.0,919.9,329.8
SINDU,6/2/2019,146.0,146.0,140.0,140.0,-2.78,4055.0,919.9,329.8
SINDU,6/3/2019,138.0,144.0,138.0,144.0,2.86,976.0,919.9,329.8
SINDU,6/4/2019,142.0,148.0,138.0,148.0,2.78,11078.0,919.9,329.8
SINDU,6/6/2019,150.0,154.0,145.0,145.0,-2.03,16354.0,919.9,329.8
SINDU,6/10/2019,145.0,148.0,139.0,141.0,-2.76,7779.0,919.9,329.8
SINDU,6/11/2019,143.0,145.0,142.0,142.0,0.71,6342.0,919.9,329.8
SINDU,6/12/2019,145.0,145.0,139.0,141.0,-0.7,9329.0,919.9,329.8
SINDU,6/13/2019,143.0,143.0,138.0,138.0,-2.13,19363.0,919.9,329.8
SINDU,6/16/2019,138.0,142.0,137.0,139.0,0.72,14240.0,919.9,329.8
SINDU,6/17/2019,138.0,144.0,136.0,139.0,0.0,14298.0,919.9,329.8
SINDU,6/18/2019,137.0,141.0,137.0,139.0,0.0,3270.0,919.9,329.8
SINDU,6/19/2019,141.0,141.0,139.0,139.0,0.0,80.0,919.9,329.8
SINDU,6/20/2019,140.0,140.0,138.0,138.0,-0.72,250.0,919.9,329.8
SINDU,6/23/2019,138.0,140.0,136.0,136.0,-1.45,3720.0,919.9,329.8
SINDU,6/24/2019,138.0,141.0,138.0,141.0,3.68,40.0,919.9,329.8
SINDU,6/25/2019,139.0,141.0,137.0,139.0,-1.42,2119.0,919.9,329.8
SINDU,6/26/2019,137.0,139.0,136.0,137.0,-1.44,6854.0,919.9,329.8
SINDU,6/27/2019,139.0,141.0,139.0,141.0,2.92,587.0,919.9,329.8
SINDU,6/30/2019,139.0,139.0,135.0,135.0,-4.26,3160.0,919.9,329.8
SINDU,7/1/2019,136.0,136.0,133.0,133.0,-1.48,5425.0,919.9,329.8
SINDU,7/2/2019,133.0,135.0,133.0,135.0,1.5,782.0,919.9,329.8
SINDU,7/3/2019,137.0,137.0,135.0,137.0,1.48,1540.0,919.9,329.8
SINDU,7/4/2019,138.0,138.0,136.0,138.0,0.73,1025.0,919.9,329.8
SINDU,7/7/2019,140.0,140.0,136.0,140.0,1.45,4620.0,919.9,329.8
SINDU,7/8/2019,138.0,142.0,138.0,140.0,0.0,1764.0,919.9,329.8
SINDU,7/9/2019,138.0,138.0,138.0,138.0,-1.43,31.0,919.9,329.8
SINDU,7/10/2019,140.0,140.0,134.0,138.0,0.0,9743.0,919.9,329.8
SINDU,7/11/2019,140.0,142.0,138.0,138.0,0.0,9540.0,919.9,329.8
SINDU,7/14/2019,140.0,140.0,135.0,137.0,-0.72,1862.0,919.9,329.8
SINDU,7/15/2019,135.0,138.0,135.0,138.0,0.73,90.0,919.9,329.8
SINDU,7/16/2019,144.0,144.0,144.0,144.0,4.35,10.0,919.9,329.8
SINDU,7/17/2019,142.0,142.0,140.0,140.0,-2.78,730.0,919.9,329.8
SINDU,7/21/2019,140.0,140.0,140.0,140.0,0.0,150.0,919.9,329.8
SINDU,7/22/2019,138.0,138.0,136.0,136.0,-2.86,1425.0,919.9,329.8
SINDU,7/23/2019,138.0,138.0,136.0,138.0,1.47,220.0,919.9,329.8
SINDU,7/24/2019,140.0,140.0,138.0,140.0,1.45,520.0,919.9,329.8
SINDU,7/30/2019,138.0,138.0,136.0,136.0,-2.86,634.0,919.9,329.8
SINDU,7/31/2019,138.0,138.0,134.0,136.0,0.0,1470.0,919.9,329.8
SINDU,8/1/2019,136.0,136.0,134.0,135.0,-0.74,2365.0,919.9,329.8
SINDU,8/4/2019,135.0,135.0,134.0,134.0,-0.74,1352.0,919.9,329.8
SINDU,8/5/2019,136.0,136.0,133.0,133.0,-0.75,1760.0,919.9,329.8
SINDU,8/6/2019,135.0,135.0,132.0,134.0,0.75,2568.0,919.9,329.8
SINDU,8/7/2019,132.0,132.0,130.0,132.0,-1.49,1657.0,919.9,329.8
SINDU,8/8/2019,134.0,134.0,134.0,134.0,1.52,210.0,919.9,329.8
SINDU,8/11/2019,135.0,137.0,132.0,132.0,-1.49,852.0,919.9,329.8
SINDU,8/12/2019,134.0,134.0,132.0,134.0,1.52,4115.0,919.9,329.8
SINDU,8/13/2019,134.0,134.0,132.0,132.0,-1.49,511.0,919.9,329.8
SINDU,8/14/2019,132.0,134.0,131.0,131.0,-0.76,1436.0,919.9,329.8
SINDU,8/15/2019,133.0,133.0,131.0,131.0,0.0,3271.0,919.9,329.8
SINDU,8/18/2019,133.0,133.0,130.0,130.0,-0.76,2064.0,919.9,329.8
SINDU,8/19/2019,132.0,134.0,132.0,132.0,1.54,2572.0,919.9,329.8
SINDU,8/20/2019,134.0,134.0,134.0,134.0,1.52,10.0,919.9,329.8
SINDU,8/21/2019,133.0,133.0,129.0,129.0,-3.73,135.0,919.9,329.8
SINDU,8/22/2019,128.0,128.0,128.0,128.0,-0.78,50.0,919.9,329.8
SINDU,8/25/2019,128.0,132.0,128.0,132.0,3.12,964.0,919.9,329.8
SINDU,8/26/2019,130.0,130.0,128.0,128.0,-3.03,651.0,919.9,329.8
SINDU,8/27/2019,130.0,136.0,130.0,136.0,6.25,162.0,919.9,329.8
SINDU,8/29/2019,138.0,138.0,138.0,138.0,1.47,50.0,919.9,329.8
SINDU,9/1/2019,136.0,136.0,136.0,136.0,-1.45,10.0,919.9,329.8
SINDU,9/2/2019,134.0,134.0,134.0,134.0,-1.47,50.0,919.9,329.8
SINDU,9/3/2019,136.0,136.0,129.0,135.0,0.75,3627.0,919.9,329.8
SINDU,9/8/2019,133.0,133.0,125.0,125.0,-7.41,220.0,919.9,329.8
SINDU,9/9/2019,125.0,128.0,123.0,126.0,0.8,3650.0,919.9,329.8
SINDU,9/10/2019,128.0,130.0,126.0,126.0,0.0,1335.0,919.9,329.8
SINDU,9/11/2019,126.0,126.0,126.0,126.0,0.0,20.0,919.9,329.8
SINDU,9/12/2019,128.0,128.0,124.0,124.0,-1.59,1644.0,919.9,329.8
SINDU,9/15/2019,126.0,128.0,126.0,128.0,3.23,20.0,919.9,329.8
SINDU,9/16/2019,129.0,129.0,126.0,126.0,-1.56,260.0,919.9,329.8
SINDU,9/17/2019,124.0,126.0,120.0,120.0,-4.76,3356.0,919.9,329.8
SINDU,9/18/2019,121.0,132.0,121.0,132.0,10.0,250.0,919.9,329.8
SINDU,9/19/2019,133.0,133.0,130.0,130.0,-1.52,185.0,919.9,329.8
SINDU,9/22/2019,132.0,132.0,132.0,132.0,1.54,10.0,919.9,329.8
SINDU,9/23/2019,130.0,130.0,130.0,130.0,-1.52,10.0,919.9,329.8
SINDU,9/25/2019,131.0,131.0,131.0,131.0,0.77,10.0,919.9,329.8
SINDU,9/26/2019,131.0,131.0,127.0,127.0,-3.05,9140.0,919.9,329.8
SINDU,9/29/2019,125.0,125.0,119.0,119.0,-6.3,3430.0,919.9,329.8
SINDU,9/30/2019,118.0,124.0,118.0,124.0,4.2,1359.0,919.9,329.8
SINDU,10/1/2019,122.0,122.0,120.0,121.0,-2.42,5140.0,919.9,329.8
SINDU,10/2/2019,123.0,125.0,123.0,125.0,3.31,30.0,919.9,329.8
SINDU,10/3/2019,127.0,129.0,125.0,127.0,1.6,1399.0,919.9,329.8
SINDU,10/14/2019,125.0,125.0,124.0,124.0,-2.36,295.0,919.9,329.8
SINDU,10/15/2019,124.0,125.0,124.0,125.0,0.81,411.0,919.9,329.8
SINDU,10/16/2019,124.0,124.0,123.0,123.0,-1.6,2234.0,919.9,329.8
SINDU,10/17/2019,124.0,124.0,123.0,123.0,0.0,1050.0,919.9,329.8
SINDU,10/20/2019,125.0,125.0,123.0,123.0,0.0,210.0,919.9,329.8
SINDU,10/21/2019,123.0,123.0,121.0,121.0,-1.63,650.0,919.9,329.8
SINDU,10/22/2019,119.0,124.0,119.0,124.0,2.48,481.0,919.9,329.8
SINDU,10/23/2019,126.0,126.0,126.0,126.0,1.61,10.0,919.9,329.8
SINDU,10/24/2019,126.0,126.0,126.0,126.0,0.0,100.0,919.9,329.8
SINDU,10/31/2019,128.0,130.0,128.0,128.0,1.59,30.0,919.9,329.8
SINDU,11/3/2019,126.0,126.0,126.0,126.0,-1.56,10.0,919.9,329.8
SINDU,11/4/2019,128.0,128.0,124.0,124.0,-1.59,30.0,919.9,329.8
SINDU,11/7/2019,126.0,126.0,126.0,126.0,1.61,10.0,919.9,329.8
SINDU,11/10/2019,124.0,124.0,122.0,122.0,-3.17,352.0,919.9,329.8
SINDU,11/11/2019,124.0,127.0,122.0,127.0,4.1,1402.0,919.9,329.8
SINDU,11/13/2019,129.0,129.0,127.0,127.0,0.0,60.0,919.9,329.8
SINDU,11/17/2019,129.0,129.0,129.0,129.0,1.57,10.0,919.9,329.8
SINDU,11/18/2019,130.0,130.0,126.0,126.0,-2.33,40.0,919.9,329.8
SINDU,11/19/2019,124.0,124.0,116.0,116.0,-7.94,1196.0,919.9,329.8
SINDU,11/20/2019,118.0,124.0,118.0,120.0,3.45,3849.0,919.9,329.8
SINDU,11/21/2019,122.0,126.0,122.0,122.0,1.67,350.0,919.9,329.8
SINDU,11/25/2019,122.0,122.0,122.0,122.0,0.0,30.0,919.9,329.8
SINDU,11/26/2019,120.0,120.0,118.0,118.0,-3.28,64.0,919.9,329.8
SINDU,11/27/2019,118.0,124.0,118.0,124.0,5.08,45.0,919.9,329.8
SINDU,11/28/2019,126.0,126.0,126.0,126.0,1.61,40.0,919.9,329.8
SINDU,12/1/2019,128.0,128.0,128.0,128.0,1.59,10.0,919.9,329.8
SINDU,12/2/2019,130.0,130.0,130.0,130.0,1.56,10.0,919.9,329.8
SINDU,12/3/2019,132.0,134.0,130.0,130.0,0.0,208.0,919.9,329.8
SINDU,12/4/2019,128.0,128.0,124.0,124.0,-4.62,170.0,919.9,329.8
SINDU,12/5/2019,122.0,122.0,120.0,120.0,-3.23,1195.0,919.9,329.8
SINDU,12/8/2019,119.0,122.0,118.0,122.0,1.67,3992.0,919.9,329.8
SINDU,12/9/2019,124.0,125.0,124.0,125.0,2.46,300.0,919.9,329.8
SINDU,12/10/2019,126.0,129.0,119.0,121.0,-3.2,3140.0,919.9,329.8
SINDU,12/11/2019,123.0,125.0,123.0,124.0,2.48,380.0,919.9,329.8
SINDU,12/12/2019,126.0,126.0,122.0,126.0,1.61,730.0,919.9,329.8
SINDU,12/15/2019,128.0,133.0,126.0,133.0,5.56,3677.0,919.9,329.8
SINDU,12/16/2019,135.0,135.0,135.0,135.0,1.5,20.0,919.9,329.8
SINDU,12/17/2019,137.0,137.0,137.0,137.0,1.48,10.0,919.9,329.8
SINDU,12/18/2019,135.0,145.0,135.0,138.0,0.73,35874.0,919.9,329.8
SINDU,12/19/2019,137.0,137.0,130.0,133.0,-3.62,9391.0,919.9,329.8
SINDU,12/22/2019,134.0,135.0,131.0,133.0,0.0,1056.0,919.9,329.8
SINDU,12/23/2019,132.0,133.0,132.0,132.0,-0.75,855.0,919.9,329.8
SINDU,12/24/2019,132.0,137.0,132.0,135.0,2.27,8064.0,919.9,329.8
SINDU,12/25/2019,136.0,137.0,132.0,133.0,-1.48,3901.0,919.9,329.8
SINDU,12/26/2019,135.0,135.0,135.0,135.0,1.5,80.0,919.9,329.8
SINDU,12/29/2019,135.0,136.0,135.0,135.0,0.0,1563.0,919.9,329.8
SINDU,12/30/2019,136.0,136.0,131.0,131.0,-2.96,5220.0,919.9,329.8
SINDU,12/31/2019,133.0,134.0,132.0,132.0,0.76,9303.0,919.9,329.8
SINDU,1/1/2020,118.0,119.0,116.0,118.0,-10.61,3211.0,919.9,329.8
SINDU,1/2/2020,119.0,119.0,117.0,117.0,-0.85,2142.0,919.9,329.8
SINDU,1/5/2020,117.0,118.0,117.0,117.0,0.0,2505.0,919.9,329.8
SINDU,1/6/2020,119.0,122.0,118.0,122.0,4.27,7228.0,919.9,329.8
SINDU,1/7/2020,124.0,124.0,120.0,121.0,-0.82,2195.0,919.9,329.8
SINDU,1/8/2020,120.0,127.0,120.0,123.0,1.65,980.0,919.9,329.8
SINDU,1/9/2020,122.0,123.0,122.0,123.0,0.0,833.0,919.9,329.8
SINDU,1/12/2020,122.0,126.0,121.0,121.0,-1.63,5426.0,919.9,329.8
SINDU,1/13/2020,123.0,132.0,123.0,128.0,5.79,12535.0,919.9,329.8
SINDU,1/14/2020,126.0,128.0,124.0,128.0,0.0,170.0,919.9,329.8
SINDU,1/15/2020,130.0,132.0,126.0,132.0,3.12,4081.0,919.9,329.8
SINDU,1/16/2020,134.0,138.0,134.0,135.0,2.27,28444.0,919.9,329.8
SINDU,1/19/2020,137.0,145.0,137.0,145.0,7.41,14466.0,919.9,329.8
SINDU,1/20/2020,146.0,147.0,138.0,140.0,-3.45,3071.0,919.9,329.8
SINDU,1/21/2020,142.0,142.0,131.0,135.0,-3.57,5919.0,919.9,329.8
SINDU,1/22/2020,133.0,133.0,131.0,131.0,-2.96,800.0,919.9,329.8
SINDU,1/23/2020,133.0,133.0,128.0,128.0,-2.29,7044.0,919.9,329.8
SINDU,1/26/2020,129.0,129.0,126.0,127.0,-0.78,6190.0,919.9,329.8
SINDU,1/27/2020,128.0,132.0,126.0,132.0,3.94,1880.0,919.9,329.8
SINDU,1/28/2020,130.0,132.0,128.0,128.0,-3.03,9468.0,919.9,329.8
SINDU,1/29/2020,128.0,128.0,127.0,128.0,0.0,1250.0,919.9,329.8
SINDU,1/30/2020,128.0,132.0,128.0,128.0,0.0,4834.0,919.9,329.8
SINDU,2/2/2020,130.0,132.0,130.0,132.0,3.12,878.0,919.9,329.8
SINDU,2/3/2020,134.0,134.0,130.0,133.0,0.76,5460.0,919.9,329.8
SINDU,2/4/2020,135.0,143.0,134.0,135.0,1.5,12733.0,919.9,329.8
SINDU,2/5/2020,135.0,137.0,134.0,137.0,1.48,2742.0,919.9,329.8
SINDU,2/6/2020,135.0,137.0,134.0,136.0,-0.73,4589.0,919.9,329.8
SINDU,2/9/2020,138.0,140.0,130.0,132.0,-2.94,5205.0,919.9,329.8
SINDU,2/10/2020,130.0,136.0,130.0,135.0,2.27,1680.0,919.9,329.8
SINDU,2/11/2020,134.0,136.0,134.0,135.0,0.0,4496.0,919.9,329.8
SINDU,2/12/2020,137.0,137.0,135.0,135.0,0.0,2600.0,919.9,329.8
SINDU,2/13/2020,133.0,134.0,132.0,134.0,-0.74,1966.0,919.9,329.8
SINDU,2/16/2020,135.0,135.0,130.0,133.0,-0.75,7811.0,919.9,329.8
SINDU,2/17/2020,135.0,135.0,131.0,133.0,0.0,3420.0,919.9,329.8
SINDU,2/18/2020,132.0,139.0,131.0,136.0,2.26,11821.0,919.9,329.8
SINDU,2/19/2020,135.0,138.0,134.0,136.0,0.0,26499.0,919.9,329.8
SINDU,2/20/2020,135.0,141.0,135.0,140.0,2.94,9737.0,919.9,329.8
SINDU,2/23/2020,142.0,147.0,138.0,147.0,5.0,18513.0,919.9,329.8
SINDU,2/24/2020,149.0,158.0,145.0,145.0,-1.36,12198.0,919.9,329.8
SINDU,2/25/2020,145.0,147.0,144.0,147.0,1.38,4017.0,919.9,329.8
SINDU,2/26/2020,154.0,154.0,146.0,146.0,-0.68,13073.0,919.9,329.8
SINDU,2/27/2020,144.0,153.0,144.0,150.0,2.74,13166.0,919.9,329.8
SINDU,3/1/2020,150.0,153.0,144.0,144.0,-4.0,29557.0,919.9,329.8
SINDU,3/2/2020,142.0,142.0,138.0,140.0,-2.78,8525.0,919.9,329.8
SINDU,3/3/2020,138.0,144.0,138.0,144.0,2.86,1461.0,919.9,329.8
SINDU,3/4/2020,146.0,146.0,131.0,132.0,-8.33,3455.0,919.9,329.8
SINDU,3/5/2020,130.0,132.0,130.0,130.0,-1.52,1820.0,919.9,329.8
SINDU,3/11/2020,130.0,140.0,130.0,140.0,7.69,1230.0,919.9,329.8
SINDU,3/12/2020,138.0,138.0,128.0,130.0,-7.14,17567.0,919.9,329.8
SINDU,3/15/2020,130.0,134.0,127.0,131.0,0.77,7885.0,919.9,329.8
SINDU,3/16/2020,133.0,135.0,125.0,130.0,-0.76,4051.0,919.9,329.8
SINDU,3/17/2020,128.0,130.0,124.0,130.0,0.0,1970.0,919.9,329.8
SINDU,3/18/2020,128.0,134.0,126.0,134.0,3.08,5429.0,919.9,329.8
SINDU,3/19/2020,132.0,132.0,127.0,127.0,-5.22,5151.0,919.9,329.8
SINDU,3/22/2020,129.0,131.0,125.0,125.0,-1.57,1772.0,919.9,329.8
SINDU,5/12/2020,123.0,123.0,122.0,122.0,-2.4,40.0,919.9,329.8
SINDU,6/29/2020,120.0,120.0,120.0,120.0,-1.64,400.0,919.9,329.8
SINDU,7/6/2020,120.0,120.0,120.0,120.0,0.0,105.0,919.9,329.8
SINDU,7/7/2020,122.0,125.0,122.0,125.0,4.17,1825.0,919.9,329.8
SINDU,7/8/2020,125.0,125.0,123.0,125.0,0.0,620.0,919.9,329.8
SINDU,7/9/2020,125.0,133.0,125.0,131.0,4.8,4021.0,919.9,329.8
SINDU,7/12/2020,133.0,135.0,127.0,135.0,3.05,1339.0,919.9,329.8
SINDU,7/13/2020,133.0,133.0,125.0,128.0,-5.19,2853.0,919.9,329.8
SINDU,7/14/2020,130.0,132.0,128.0,132.0,3.12,1000.0,919.9,329.8
SINDU,7/15/2020,132.0,134.0,132.0,134.0,1.52,2747.0,919.9,329.8
SINDU,7/16/2020,134.0,134.0,133.0,133.0,-0.75,213.0,919.9,329.8
SINDU,7/20/2020,135.0,139.0,133.0,133.0,0.0,8684.0,919.9,329.8
SINDU,7/21/2020,131.0,134.0,129.0,129.0,-3.01,4810.0,919.9,329.8
SINDU,7/22/2020,129.0,133.0,129.0,131.0,1.55,195.0,919.9,329.8
SINDU,7/23/2020,133.0,133.0,125.0,125.0,-4.58,5442.0,919.9,329.8
SINDU,7/26/2020,125.0,131.0,125.0,130.0,4.0,898.0,919.9,329.8
SINDU,7/27/2020,131.0,132.0,128.0,128.0,-1.54,1679.0,919.9,329.8
SINDU,7/28/2020,130.0,131.0,125.0,130.0,1.56,3177.0,919.9,329.8
SINDU,7/29/2020,129.0,130.0,126.0,128.0,-1.54,580.0,919.9,329.8
SINDU,7/30/2020,127.0,130.0,127.0,128.0,0.0,1420.0,919.9,329.8
SINDU,8/2/2020,127.0,135.0,127.0,129.0,0.78,2926.0,919.9,329.8
SINDU,8/3/2020,129.0,132.0,126.0,128.0,-0.78,1789.0,919.9,329.8
SINDU,8/5/2020,129.0,129.0,120.0,122.0,-4.69,1709.0,919.9,329.8
SINDU,8/6/2020,124.0,127.0,122.0,127.0,4.1,2395.0,919.9,329.8
SINDU,8/9/2020,129.0,131.0,125.0,127.0,0.0,1322.0,919.9,329.8
SINDU,8/10/2020,126.0,133.0,125.0,128.0,0.79,3293.0,919.9,329.8
SINDU,8/11/2020,127.0,130.0,126.0,127.0,-0.78,3363.0,919.9,329.8
SINDU,8/12/2020,126.0,127.0,125.0,125.0,-1.57,1321.0,919.9,329.8
SINDU,8/13/2020,127.0,129.0,126.0,126.0,0.8,2110.0,919.9,329.8
SINDU,8/16/2020,124.0,127.0,122.0,123.0,-2.38,6560.0,919.9,329.8
SINDU,8/17/2020,124.0,130.0,124.0,126.0,2.44,1841.0,919.9,329.8
SINDU,8/18/2020,125.0,128.0,122.0,128.0,1.59,4714.0,919.9,329.8
SINDU,8/19/2020,126.0,127.0,124.0,124.0,-3.12,582.0,919.9,329.8
SINDU,8/20/2020,125.0,125.0,124.0,124.0,0.0,154.0,919.9,329.8
SINDU,8/24/2020,122.0,130.0,122.0,124.0,0.0,1840.0,919.9,329.8
SINDU,8/25/2020,126.0,131.0,125.0,129.0,4.03,3234.0,919.9,329.8
SINDU,8/26/2020,135.0,135.0,124.0,129.0,0.0,2241.0,919.9,329.8
SINDU,8/27/2020,127.0,129.0,123.0,127.0,-1.55,4873.0,919.9,329.8
SINDU,8/30/2020,125.0,127.0,125.0,127.0,0.0,1040.0,919.9,329.8
SINDU,8/31/2020,126.0,127.0,124.0,124.0,-2.36,2898.0,919.9,329.8
SINDU,9/2/2020,126.0,127.0,124.0,127.0,2.42,6388.0,919.9,329.8
SINDU,9/3/2020,127.0,127.0,125.0,125.0,-1.57,3344.0,919.9,329.8
SINDU,9/6/2020,131.0,133.0,125.0,126.0,0.8,3601.0,919.9,329.8
SINDU,9/7/2020,125.0,127.0,123.0,127.0,0.79,3382.0,919.9,329.8
SINDU,9/8/2020,125.0,125.0,125.0,125.0,-1.57,458.0,919.9,329.8
SINDU,9/9/2020,126.0,127.0,121.0,127.0,1.6,4872.0,919.9,329.8
SINDU,9/10/2020,128.0,128.0,123.0,124.0,-2.36,1863.0,919.9,329.8
SINDU,9/13/2020,122.0,130.0,122.0,126.0,1.61,3974.0,919.9,329.8
SINDU,9/14/2020,125.0,128.0,125.0,128.0,1.59,3162.0,919.9,329.8
SINDU,9/15/2020,128.0,130.0,126.0,126.0,-1.56,1404.0,919.9,329.8
SINDU,9/16/2020,126.0,126.0,124.0,124.0,-1.59,1355.0,919.9,329.8
SINDU,9/17/2020,130.0,136.0,125.0,135.0,8.87,19551.0,919.9,329.8
SINDU,9/20/2020,141.0,141.0,133.0,133.0,-1.48,24889.0,919.9,329.8
SINDU,9/21/2020,132.0,142.0,132.0,138.0,3.76,11766.0,919.9,329.8
SINDU,9/22/2020,140.0,140.0,133.0,133.0,-3.62,3897.0,919.9,329.8
SINDU,9/23/2020,131.0,139.0,129.0,137.0,3.01,3904.0,919.9,329.8
SINDU,9/24/2020,136.0,136.0,134.0,136.0,-0.73,7105.0,919.9,329.8
SINDU,9/27/2020,138.0,140.0,135.0,135.0,-0.74,12261.0,919.9,329.8
SINDU,9/28/2020,137.0,138.0,135.0,136.0,0.74,7376.0,919.9,329.8
SINDU,9/29/2020,135.0,142.0,132.0,140.0,2.94,18846.0,919.9,329.8
SINDU,9/30/2020,142.0,153.0,140.0,150.0,7.14,26680.0,919.9,329.8
SINDU,10/1/2020,153.0,153.0,146.0,149.0,-0.67,16781.0,919.9,329.8
SINDU,10/4/2020,151.0,161.0,151.0,156.0,4.7,39801.0,919.9,329.8
SINDU,10/5/2020,158.0,160.0,154.0,160.0,2.56,11474.0,919.9,329.8
SINDU,10/6/2020,157.0,160.0,154.0,160.0,0.0,20168.0,919.9,329.8
SINDU,10/7/2020,158.0,174.0,154.0,165.0,3.12,78836.0,919.9,329.8
SINDU,10/8/2020,168.0,173.0,164.0,169.0,2.42,80138.0,919.9,329.8
SINDU,10/11/2020,167.0,172.0,161.0,166.0,-1.78,18883.0,919.9,329.8
SINDU,10/12/2020,169.0,177.0,157.0,170.0,2.41,53885.0,919.9,329.8
SINDU,10/13/2020,172.0,178.0,164.0,166.0,-2.35,27502.0,919.9,329.8
SINDU,10/14/2020,163.0,164.0,160.0,160.0,-3.61,6977.0,919.9,329.8
SINDU,10/15/2020,163.0,172.0,156.0,159.0,-0.62,16307.0,919.9,329.8
SINDU,10/18/2020,159.0,160.0,152.0,155.0,-2.52,9055.0,919.9,329.8
SINDU,10/19/2020,154.0,161.0,154.0,159.0,2.58,3894.0,919.9,329.8
SINDU,10/20/2020,162.0,166.0,160.0,163.0,2.52,7833.0,919.9,329.8
SINDU,10/21/2020,160.0,167.0,160.0,160.0,-1.84,8555.0,919.9,329.8
SINDU,10/22/2020,160.0,164.0,160.0,163.0,1.88,6086.0,919.9,329.8
SINDU,10/28/2020,163.0,168.0,157.0,166.0,1.84,30440.0,919.9,329.8
SINDU,10/29/2020,169.0,170.0,160.0,160.0,-3.61,32785.0,919.9,329.8
SINDU,11/1/2020,158.0,165.0,158.0,162.0,1.25,9506.0,919.9,329.8
SINDU,11/2/2020,159.0,165.0,159.0,163.0,0.62,6998.0,919.9,329.8
SINDU,11/3/2020,164.0,165.0,161.0,162.0,-0.61,6298.0,919.9,329.8
SINDU,11/4/2020,159.0,162.0,159.0,160.0,-1.23,10184.0,919.9,329.8
SINDU,11/5/2020,158.0,175.0,158.0,175.0,9.38,55030.0,919.9,329.8
SINDU,11/8/2020,178.0,180.0,164.0,176.0,0.57,87925.0,919.9,329.8
SINDU,11/9/2020,178.0,178.0,172.0,173.0,-1.7,23106.0,919.9,329.8
SINDU,11/10/2020,175.0,175.0,166.0,172.0,-0.58,63566.0,919.9,329.8
SINDU,11/11/2020,172.0,179.0,169.0,179.0,4.07,42684.0,919.9,329.8
SINDU,11/12/2020,180.0,180.0,172.0,176.0,-1.68,41180.0,919.9,329.8
SINDU,11/18/2020,173.0,173.0,161.0,167.0,-5.11,40900.0,919.9,329.8
SINDU,11/19/2020,164.0,169.0,164.0,167.0,0.0,29117.0,919.9,329.8
SINDU,11/22/2020,164.0,174.0,164.0,166.0,-0.6,18345.0,919.9,329.8
SINDU,11/23/2020,166.0,175.0,164.0,164.0,-1.2,18200.0,919.9,329.8
SINDU,11/24/2020,164.0,172.0,164.0,167.0,1.83,29169.0,919.9,329.8
SINDU,11/25/2020,170.0,173.0,164.0,169.0,1.2,17714.0,919.9,329.8
SINDU,11/26/2020,172.0,175.0,163.0,164.0,-2.96,15687.0,919.9,329.8
SINDU,11/29/2020,167.0,176.0,164.0,175.0,6.71,35167.0,919.9,329.8
SINDU,11/30/2020,183.0,186.0,167.0,171.0,-2.29,36345.0,919.9,329.8
SINDU,12/1/2020,170.0,173.0,166.0,166.0,-2.92,14557.0,919.9,329.8
SINDU,12/2/2020,166.0,168.0,164.0,165.0,-0.6,13523.0,919.9,329.8
SINDU,12/3/2020,165.0,166.0,164.0,164.0,-0.61,4532.0,919.9,329.8
SINDU,12/6/2020,164.0,167.0,156.0,156.0,-4.88,13644.0,919.9,329.8
SINDU,12/7/2020,153.0,165.0,150.0,160.0,2.56,17138.0,919.9,329.8
SINDU,12/8/2020,168.0,168.0,157.0,160.0,0.0,7631.0,919.9,329.8
SINDU,12/9/2020,163.0,163.0,158.0,161.0,0.63,5128.0,919.9,329.8
SINDU,12/10/2020,160.0,163.0,155.0,155.0,-3.73,12340.0,919.9,329.8
SINDU,12/13/2020,155.0,158.0,154.0,157.0,1.29,11158.0,919.9,329.8
SINDU,12/14/2020,156.0,172.0,156.0,166.0,5.73,10185.0,919.9,329.8
SINDU,12/15/2020,169.0,169.0,159.0,159.0,-4.22,2337.0,919.9,329.8
SINDU,12/16/2020,162.0,165.0,156.0,159.0,0.0,10051.0,919.9,329.8
SINDU,12/17/2020,160.0,162.0,156.0,156.0,-1.89,2809.0,919.9,329.8
SINDU,12/20/2020,153.0,153.0,148.0,149.0,-4.49,11451.0,919.9,329.8
SINDU,12/21/2020,147.0,154.0,145.0,154.0,3.36,9665.0,919.9,329.8
SINDU,12/22/2020,157.0,157.0,152.0,155.0,0.65,7689.0,919.9,329.8
SINDU,12/23/2020,155.0,155.0,147.0,151.0,-2.58,12285.0,919.9,329.8
SINDU,12/24/2020,150.0,153.0,149.0,149.0,-1.32,5972.0,919.9,329.8
SINDU,12/27/2020,151.0,161.0,150.0,152.0,2.01,8523.0,919.9,329.8
SINDU,12/28/2020,149.0,157.0,149.0,151.0,-0.66,5538.0,919.9,329.8
SINDU,12/29/2020,150.0,152.0,149.0,150.0,-0.66,9978.0,919.9,329.8
SINDU,12/30/2020,150.0,156.0,148.0,148.0,-1.33,3745.0,919.9,329.8
SINDU,12/31/2020,147.0,151.0,147.0,151.0,2.03,14866.0,919.9,329.8
SINDU,1/3/2021,154.0,156.0,150.0,151.0,0.0,6823.0,919.9,329.8
SINDU,1/4/2021,152.0,153.0,150.0,151.0,0.0,9795.0,919.9,329.8
SINDU,1/5/2021,150.0,152.0,148.0,150.0,-0.66,9965.0,919.9,329.8
SINDU,1/6/2021,148.0,159.0,148.0,155.0,3.33,6750.0,919.9,329.8
SINDU,1/7/2021,158.0,158.0,152.0,154.0,-0.65,6171.0,919.9,329.8
SINDU,1/10/2021,157.0,160.0,154.0,157.0,1.95,6531.0,919.9,329.8
SINDU,1/11/2021,159.0,161.0,155.0,158.0,0.64,8990.0,919.9,329.8
SINDU,1/12/2021,158.0,162.0,154.0,162.0,2.53,23876.0,919.9,329.8
SINDU,1/13/2021,165.0,165.0,158.0,160.0,-1.23,25325.0,919.9,329.8
SINDU,1/17/2021,163.0,169.0,159.0,169.0,5.62,35869.0,919.9,329.8
SINDU,1/18/2021,171.0,172.0,166.0,170.0,0.59,39054.0,919.9,329.8
SINDU,1/19/2021,173.0,173.0,163.0,169.0,-0.59,23296.0,919.9,329.8
SINDU,1/20/2021,171.0,185.0,168.0,185.0,9.47,184987.0,919.9,329.8
SINDU,1/21/2021,194.0,201.0,191.0,198.0,7.03,99610.0,919.9,329.8
SINDU,1/24/2021,201.0,204.0,185.0,201.0,1.52,52438.0,919.9,329.8
SINDU,1/25/2021,200.0,200.0,187.0,190.0,-5.47,79886.0,919.9,329.8
SINDU,1/26/2021,190.0,193.0,184.0,185.0,-2.63,23940.0,919.9,329.8
SINDU,1/27/2021,185.0,194.0,182.0,187.0,1.08,28615.0,919.9,329.8
SINDU,1/28/2021,196.0,196.0,179.0,185.0,-1.07,53553.0,919.9,329.8
SINDU,1/31/2021,188.0,188.0,178.0,181.0,-2.16,12065.0,919.9,329.8
SINDU,2/1/2021,183.0,199.0,180.0,198.0,9.39,112767.0,919.9,329.8
SINDU,2/2/2021,201.0,209.0,193.0,195.0,-1.52,25068.0,919.9,329.8
SINDU,2/3/2021,198.0,198.0,188.0,191.0,-2.05,22577.0,919.9,329.8
SINDU,2/4/2021,190.0,193.0,185.0,191.0,0.0,28699.0,919.9,329.8
SINDU,2/7/2021,192.0,193.0,187.0,188.0,-1.57,18729.0,919.9,329.8
SINDU,2/8/2021,188.0,201.0,186.0,200.0,6.38,49152.0,919.9,329.8
SINDU,2/9/2021,205.0,205.0,192.0,195.0,-2.5,21240.0,919.9,329.8
SINDU,2/10/2021,198.0,198.0,191.0,191.0,-2.05,20452.0,919.9,329.8
SINDU,2/11/2021,200.0,200.0,191.0,191.0,0.0,26050.0,919.9,329.8
SINDU,2/14/2021,194.0,197.0,189.0,192.0,0.52,10768.0,919.9,329.8
SINDU,2/15/2021,193.0,196.0,193.0,195.0,1.56,19937.0,919.9,329.8
SINDU,2/16/2021,198.0,199.0,189.0,193.0,-1.03,30189.0,919.9,329.8
SINDU,2/17/2021,196.0,196.0,191.0,193.0,0.0,12612.0,919.9,329.8
SINDU,2/18/2021,194.0,199.0,194.0,198.0,2.59,49279.0,919.9,329.8
SINDU,2/21/2021,198.0,199.0,190.0,195.0,-1.52,71396.0,919.9,329.8
SINDU,2/22/2021,197.0,197.0,193.0,194.0,-0.51,21120.0,919.9,329.8
SINDU,2/23/2021,192.0,194.0,189.0,192.0,-1.03,11280.0,919.9,329.8
SINDU,2/24/2021,195.0,197.0,192.0,196.0,2.08,25416.0,919.9,329.8
SINDU,2/25/2021,198.0,198.0,189.0,191.0,-2.55,15501.0,919.9,329.8
SINDU,2/28/2021,191.0,191.0,182.0,185.0,-3.14,14081.0,919.9,329.8
SINDU,3/1/2021,185.0,192.0,182.0,190.0,2.7,8566.0,919.9,329.8
SINDU,3/2/2021,193.0,193.0,183.0,184.0,-3.16,12436.0,919.9,329.8
SINDU,3/3/2021,182.0,185.0,179.0,184.0,0.0,16815.0,919.9,329.8
SINDU,3/4/2021,186.0,191.0,182.0,190.0,3.26,9094.0,919.9,329.8
SINDU,3/7/2021,192.0,192.0,183.0,185.0,-2.63,18922.0,919.9,329.8
SINDU,3/9/2021,185.0,185.0,180.0,185.0,0.0,3070.0,919.9,329.8
SINDU,3/10/2021,182.0,185.0,182.0,185.0,0.0,3677.0,919.9,329.8
SINDU,3/14/2021,184.0,184.0,179.0,179.0,-3.24,4896.0,919.9,329.8
SINDU,3/15/2021,180.0,186.0,179.0,181.0,1.12,24120.0,919.9,329.8
SINDU,3/16/2021,184.0,184.0,179.0,180.0,-0.55,4296.0,919.9,329.8
SINDU,3/17/2021,189.0,189.0,177.0,181.0,0.56,25331.0,919.9,329.8
SINDU,3/18/2021,182.0,183.0,180.0,182.0,0.55,7568.0,919.9,329.8
SINDU,3/21/2021,182.0,189.0,182.0,187.0,2.75,14506.0,919.9,329.8
SINDU,3/22/2021,190.0,190.0,182.0,186.0,-0.53,3299.0,919.9,329.8
SINDU,3/23/2021,183.0,186.0,182.0,186.0,0.0,12885.0,919.9,329.8
SINDU,3/24/2021,183.0,188.0,183.0,186.0,0.0,21990.0,919.9,329.8
SINDU,3/25/2021,185.0,186.0,179.0,186.0,0.0,28175.0,919.9,329.8
SINDU,3/29/2021,188.0,190.0,180.0,185.0,-0.54,9889.0,919.9,329.8
SINDU,3/30/2021,187.0,187.0,182.0,186.0,0.54,7048.0,919.9,329.8
SINDU,3/31/2021,187.0,187.0,183.0,187.0,0.54,13186.0,919.9,329.8
SINDU,4/1/2021,185.0,191.0,185.0,190.0,1.6,33996.0,919.9,329.8
SINDU,4/4/2021,193.0,196.0,187.0,189.0,-0.53,21934.0,919.9,329.8
SINDU,4/5/2021,195.0,195.0,187.0,191.0,1.06,13927.0,919.9,329.8
SINDU,4/6/2021,189.0,191.0,186.0,190.0,-0.52,19488.0,919.9,329.8
SINDU,4/7/2021,190.0,200.0,190.0,197.0,3.68,57084.0,919.9,329.8
SINDU,4/8/2021,200.0,204.0,195.0,204.0,3.55,82607.0,919.9,329.8
SINDU,4/12/2021,208.0,224.0,206.0,224.0,9.8,172887.0,919.9,329.8
SINDU,4/13/2021,235.0,246.0,230.0,246.0,9.82,246888.0,919.9,329.8
SINDU,4/15/2021,255.0,270.0,248.0,268.0,8.94,203014.0,919.9,329.8
SINDU,4/18/2021,273.0,273.0,245.0,265.0,-1.12,254999.0,919.9,329.8
SINDU,4/19/2021,260.0,265.0,250.0,257.0,-3.02,92144.0,919.9,329.8
SINDU,4/20/2021,257.0,271.0,257.0,265.0,3.11,89588.0,919.9,329.8
SINDU,4/21/2021,270.0,280.0,255.0,260.0,-1.89,156828.0,919.9,329.8
SINDU,4/22/2021,265.0,286.0,264.0,286.0,10.0,154059.0,919.9,329.8
SINDU,4/25/2021,300.0,300.0,260.0,275.0,-3.85,75000.0,919.9,329.8
SINDU,4/26/2021,270.0,270.0,250.0,255.0,-7.27,35952.0,919.9,329.8
SINDU,4/27/2021,256.0,265.0,253.0,262.0,2.75,23904.0,919.9,329.8
SINDU,4/28/2021,270.0,270.0,246.0,251.0,-4.2,44751.0,919.9,329.8
SINDU,4/29/2021,255.0,265.0,250.0,258.0,2.79,26545.0,919.9,329.8
SINDU,5/2/2021,258.0,262.0,253.0,257.0,-0.39,35237.0,919.9,329.8
SINDU,5/3/2021,255.0,257.0,249.0,250.0,-2.72,18849.0,919.9,329.8
SINDU,5/4/2021,248.0,249.0,245.0,249.0,-0.4,28844.0,919.9,329.8
SINDU,5/5/2021,249.0,249.0,243.0,246.0,-1.2,16989.0,919.9,329.8
SINDU,5/6/2021,243.0,249.0,242.0,243.0,-1.22,11158.0,919.9,329.8
SINDU,5/9/2021,240.0,244.0,237.0,239.0,-1.65,10246.0,919.9,329.8
SINDU,5/10/2021,240.0,244.0,238.0,240.0,0.42,9620.0,919.9,329.8
SINDU,5/11/2021,236.0,244.0,236.0,242.0,0.83,13393.0,919.9,329.8
SINDU,5/12/2021,242.0,248.0,233.0,244.0,0.83,34803.0,919.9,329.8
SINDU,5/13/2021,248.0,257.0,247.0,257.0,5.33,58039.0,919.9,329.8
SINDU,5/16/2021,265.0,282.0,265.0,277.0,7.78,308503.0,919.9,329.8
SINDU,5/17/2021,282.0,285.0,273.0,278.0,0.36,87945.0,919.9,329.8
SINDU,5/18/2021,278.0,303.0,273.0,293.0,5.4,102393.0,919.9,329.8
SINDU,5/19/2021,298.0,300.0,278.0,280.0,-4.44,65740.0,919.9,329.8
SINDU,5/20/2021,280.0,288.0,274.0,286.0,2.14,72329.0,919.9,329.8
SINDU,5/23/2021,286.0,314.0,275.0,308.0,7.69,195278.0,919.9,329.8
SINDU,5/24/2021,314.0,326.0,294.0,296.0,-3.9,172938.0,919.9,329.8
SINDU,5/25/2021,300.0,300.0,292.0,296.0,0.0,64988.0,919.9,329.8
SINDU,5/27/2021,292.0,323.0,283.0,304.0,2.7,122947.0,919.9,329.8
SINDU,5/30/2021,310.0,334.0,305.0,334.0,9.87,275968.0,919.9,329.8
SINDU,5/31/2021,350.0,350.0,319.0,325.0,-2.69,149150.0,919.9,329.8
SINDU,6/1/2021,320.0,335.0,314.0,323.0,-0.62,76282.0,919.9,329.8
SINDU,6/2/2021,339.0,350.0,321.0,342.0,5.88,100036.0,919.9,329.8
SINDU,6/3/2021,348.0,370.0,348.0,356.0,4.09,193498.0,919.9,329.8
SINDU,6/6/2021,356.0,360.0,334.0,346.0,-2.81,92617.0,919.9,329.8
SINDU,6/7/2021,346.0,370.0,333.0,359.0,3.76,115596.0,919.9,329.8
SINDU,6/8/2021,376.0,394.0,362.0,394.0,9.75,139523.0,919.9,329.8
SINDU,6/9/2021,400.0,421.0,370.0,374.0,-5.08,148680.0,919.9,329.8
SINDU,6/10/2021,380.0,391.0,363.0,390.0,4.28,100127.0,919.9,329.8
SINDU,6/13/2021,392.0,429.0,390.0,429.0,10.0,190025.0,919.9,329.8
SINDU,6/14/2021,450.0,469.0,436.0,448.0,4.43,151267.0,919.9,329.8
SINDU,6/15/2021,450.0,450.0,421.0,421.0,-6.03,90258.0,919.9,329.8
SINDU,6/16/2021,421.0,436.0,392.0,399.0,-5.23,91503.0,919.9,329.8
SINDU,6/17/2021,385.0,425.0,385.0,407.0,2.01,74149.0,919.9,329.8
SINDU,6/20/2021,415.0,415.0,373.0,393.0,-3.44,48056.0,919.9,329.8
SINDU,6/21/2021,393.0,394.0,363.0,363.0,-7.63,75200.0,919.9,329.8
SINDU,6/22/2021,363.0,385.0,352.0,385.0,6.06,82026.0,919.9,329.8
SINDU,6/23/2021,390.0,392.0,369.0,372.0,-3.38,42152.0,919.9,329.8
SINDU,6/24/2021,368.0,372.0,360.0,362.0,-2.69,32109.0,919.9,329.8
SINDU,6/27/2021,368.0,372.0,353.0,360.0,-0.55,29590.0,919.9,329.8
SINDU,6/28/2021,366.0,372.0,352.0,353.0,-1.94,14524.0,919.9,329.8
SINDU,6/29/2021,360.0,361.0,324.0,332.0,-5.95,37310.0,919.9,329.8
SINDU,6/30/2021,328.0,342.0,309.0,339.0,2.11,46003.0,919.9,329.8
SINDU,7/1/2021,345.0,371.0,345.0,371.0,9.44,59338.0,919.9,329.8
SINDU,7/4/2021,378.0,394.0,372.0,375.0,1.08,71125.0,919.9,329.8
SINDU,7/5/2021,375.0,383.0,368.0,370.0,-1.33,27704.0,919.9,329.8
SINDU,7/6/2021,388.0,388.0,362.0,365.0,-1.35,16199.0,919.9,329.8
SINDU,7/7/2021,380.0,380.0,353.0,358.0,-1.92,13249.0,919.9,329.8
SINDU,7/8/2021,358.0,366.0,351.0,366.0,2.23,12498.0,919.9,329.8
SINDU,7/11/2021,384.0,401.0,370.0,399.0,9.02,69806.0,919.9,329.8
SINDU,7/12/2021,401.0,420.0,380.0,390.0,-2.26,68498.0,919.9,329.8
SINDU,7/13/2021,385.0,405.0,383.0,396.0,1.54,32916.0,919.9,329.8
SINDU,7/14/2021,392.0,411.0,389.0,397.0,0.25,23619.0,919.9,329.8
SINDU,7/15/2021,378.0,410.0,378.0,401.0,1.01,58690.0,919.9,329.8
SINDU,7/18/2021,409.0,441.1,409.0,441.1,10.0,133182.0,919.9,329.8
SINDU,7/19/2021,449.0,484.4,449.0,457.0,3.6,184746.0,919.9,329.8
SINDU,7/20/2021,452.0,473.0,444.0,447.0,-2.19,73846.0,919.9,329.8
SINDU,7/22/2021,447.0,459.0,435.2,442.0,-1.12,110319.0,919.9,329.8
SINDU,7/25/2021,450.8,450.8,433.5,436.2,-1.31,55527.0,919.9,329.8
SINDU,7/26/2021,444.9,444.9,432.0,432.0,-0.96,44339.0,919.9,329.8
SINDU,7/27/2021,430.0,462.0,420.0,450.0,4.17,84995.0,919.9,329.8
SINDU,7/28/2021,459.0,475.0,458.0,473.0,5.11,138401.0,919.9,329.8
SINDU,7/29/2021,481.0,509.0,481.0,496.0,4.86,257483.0,919.9,329.8
SINDU,8/1/2021,505.0,505.0,480.0,487.0,-1.81,70044.0,919.9,329.8
SINDU,8/2/2021,490.0,495.0,465.0,479.0,-1.64,49807.0,919.9,329.8
SINDU,8/3/2021,469.5,487.0,465.0,475.0,-0.84,61500.0,919.9,329.8
SINDU,8/4/2021,484.0,508.0,480.2,507.9,6.93,249867.0,919.9,329.8
SINDU,8/5/2021,517.9,540.0,492.0,512.0,0.81,198365.0,919.9,329.8
SINDU,8/8/2021,522.0,525.0,505.1,512.0,0.0,78420.0,919.9,329.8
SINDU,8/9/2021,514.0,514.0,500.0,502.0,-1.95,75376.0,919.9,329.8
SINDU,8/10/2021,510.0,552.2,501.8,552.2,10.0,228545.0,919.9,329.8
SINDU,8/11/2021,563.0,574.0,533.0,536.0,-2.93,69539.0,919.9,329.8
SINDU,8/12/2021,540.0,567.0,534.0,557.0,3.92,140540.0,919.9,329.8
SINDU,8/15/2021,550.0,550.0,506.7,529.0,-5.03,157639.0,919.9,329.8
SINDU,8/16/2021,530.0,567.0,508.0,559.0,5.67,199841.0,919.9,329.8
SINDU,8/17/2021,564.0,583.0,563.0,575.0,2.86,118013.0,919.9,329.8
SINDU,8/18/2021,586.0,618.0,563.5,593.0,3.13,199100.0,919.9,329.8
SINDU,8/19/2021,593.0,604.8,559.0,559.0,-5.73,166185.0,919.9,329.8
SINDU,8/24/2021,565.0,565.0,538.0,538.0,-3.76,59945.0,919.9,329.8
SINDU,8/25/2021,528.0,556.0,520.0,528.0,-1.86,71874.0,919.9,329.8
SINDU,8/26/2021,517.5,559.0,517.5,549.1,4.0,72109.0,919.9,329.8
SINDU,8/29/2021,560.0,577.0,548.0,561.0,2.17,131938.0,919.9,329.8
SINDU,8/31/2021,550.0,554.8,541.0,542.0,-3.39,56581.0,919.9,329.8
SINDU,9/1/2021,550.0,560.0,532.1,538.0,-0.74,34286.0,919.9,329.8
SINDU,9/2/2021,538.1,545.0,510.0,512.0,-4.83,39423.0,919.9,329.8
SINDU,9/5/2021,502.0,502.0,460.8,463.0,-9.57,66128.0,919.9,329.8
SINDU,9/6/2021,460.0,509.3,453.0,509.3,10.0,54917.0,919.9,329.8
SINDU,9/7/2021,519.4,549.0,505.0,516.0,1.32,51051.0,919.9,329.8
SINDU,9/8/2021,506.0,516.0,497.0,500.0,-3.1,33058.0,919.9,329.8
SINDU,9/9/2021,510.0,520.0,500.0,510.0,2.0,39237.0,919.9,329.8
SINDU,9/12/2021,520.0,549.0,515.0,546.0,7.06,55761.0,919.9,329.8
SINDU,9/13/2021,556.0,565.0,537.0,540.0,-1.1,64823.0,919.9,329.8
SINDU,9/14/2021,548.0,548.0,525.0,538.0,-0.37,22043.0,919.9,329.8
SINDU,9/15/2021,538.0,538.0,513.0,514.0,-4.46,32228.0,919.9,329.8
SINDU,9/16/2021,510.0,515.0,483.0,498.0,-3.11,40839.0,919.9,329.8
SINDU,9/20/2021,498.0,498.0,450.0,452.0,-9.24,46772.0,919.9,329.8
SINDU,9/21/2021,452.0,486.0,414.2,460.0,1.77,33412.0,919.9,329.8
SINDU,9/22/2021,469.0,506.0,469.0,506.0,10.0,29136.0,919.9,329.8
SINDU,9/23/2021,516.1,526.0,488.0,497.0,-1.78,39832.0,919.9,329.8
SINDU,9/26/2021,497.0,506.9,475.0,475.0,-4.43,31603.0,919.9,329.8
SINDU,9/27/2021,466.0,475.3,450.8,451.0,-5.05,20408.0,919.9,329.8
SINDU,9/28/2021,442.0,465.0,420.1,424.9,-5.79,21201.0,919.9,329.8
SINDU,9/29/2021,425.0,460.0,415.0,446.7,5.13,27817.0,919.9,329.8
SINDU,9/30/2021,455.6,464.0,425.0,426.0,-4.63,15966.0,919.9,329.8
SINDU,10/3/2021,418.1,421.2,409.0,412.0,-3.29,13241.0,919.9,329.8
SINDU,10/4/2021,405.0,415.0,393.1,393.1,-4.59,14031.0,919.9,329.8
SINDU,10/5/2021,400.9,416.0,400.0,410.0,4.3,7338.0,919.9,329.8
SINDU,10/6/2021,417.0,440.0,416.0,430.0,4.88,14914.0,919.9,329.8
SINDU,10/10/2021,438.6,459.0,432.0,432.0,0.47,18082.0,919.9,329.8
SINDU,10/11/2021,424.0,439.0,416.5,425.1,-1.6,13011.0,919.9,329.8
SINDU,10/17/2021,433.6,434.0,425.0,434.0,2.09,2978.0,919.9,329.8
SINDU,10/18/2021,426.0,426.0,412.0,413.0,-4.84,8677.0,919.9,329.8
SINDU,10/19/2021,405.0,405.0,380.0,398.0,-3.63,22222.0,919.9,329.8
SINDU,10/20/2021,405.8,420.0,405.8,410.0,3.02,12900.0,919.9,329.8
SINDU,10/21/2021,418.2,418.2,393.8,399.0,-2.68,10066.0,919.9,329.8
SINDU,10/24/2021,404.9,405.0,390.0,404.6,1.4,12218.0,919.9,329.8
SINDU,10/25/2021,412.6,438.0,407.0,432.0,6.77,28892.0,919.9,329.8
SINDU,10/26/2021,440.0,459.0,435.0,450.0,4.17,34208.0,919.9,329.8
SINDU,10/27/2021,450.0,459.0,440.0,445.0,-1.11,23969.0,919.9,329.8
SINDU,10/28/2021,453.0,455.0,436.0,451.0,1.35,22260.0,919.9,329.8
SINDU,10/31/2021,460.0,491.0,453.0,489.0,8.43,30906.0,919.9,329.8
SINDU,11/1/2021,489.0,501.0,469.0,470.0,-3.89,21820.0,919.9,329.8
SINDU,11/2/2021,470.0,495.0,453.0,477.1,1.51,24356.0,919.9,329.8
SINDU,11/3/2021,478.0,490.0,470.0,477.0,-0.02,13898.0,919.9,329.8
SINDU,11/8/2021,477.0,477.0,460.0,462.0,-3.14,8470.0,919.9,329.8
SINDU,11/9/2021,454.0,466.0,426.0,444.0,-3.9,27786.0,919.9,329.8
SINDU,11/11/2021,435.2,452.0,427.1,429.0,-3.38,18322.0,919.9,329.8
SINDU,11/14/2021,421.1,441.0,421.0,428.0,-0.23,15520.0,919.9,329.8
SINDU,11/15/2021,436.5,459.0,436.5,458.0,7.01,18351.0,919.9,329.8
SINDU,11/16/2021,458.0,464.0,450.0,463.0,1.09,11559.0,919.9,329.8
SINDU,11/17/2021,466.0,466.1,445.0,449.0,-3.02,23863.0,919.9,329.8
SINDU,11/18/2021,441.0,457.0,435.0,438.9,-2.25,22706.0,919.9,329.8
SINDU,11/21/2021,447.0,447.6,433.0,435.1,-0.87,16903.0,919.9,329.8
SINDU,11/22/2021,439.0,446.9,428.1,437.9,0.64,15163.0,919.9,329.8
SINDU,11/23/2021,430.1,434.0,424.0,429.0,-2.03,11730.0,919.9,329.8
SINDU,11/24/2021,420.8,451.0,415.1,439.9,2.54,12416.0,919.9,329.8
SINDU,11/25/2021,448.6,448.6,424.0,432.9,-1.59,13872.0,919.9,329.8
SINDU,11/28/2021,425.0,430.0,413.0,415.0,-4.13,15338.0,919.9,329.8
SINDU,11/29/2021,410.0,429.4,407.0,412.0,-0.72,9247.0,919.9,329.8
SINDU,11/30/2021,420.2,420.2,407.0,414.0,0.49,13163.0,919.9,329.8
SINDU,12/1/2021,412.0,417.8,410.0,411.5,-0.6,7847.0,919.9,329.8
SINDU,12/2/2021,412.0,418.0,386.2,396.0,-3.77,19842.0,919.9,329.8
SINDU,12/5/2021,396.0,400.0,372.4,374.1,-5.53,14746.0,919.9,329.8
SINDU,12/6/2021,381.5,408.0,357.0,397.8,6.34,24046.0,919.9,329.8
SINDU,12/7/2021,405.7,410.0,378.0,378.0,-4.98,14298.0,919.9,329.8
SINDU,12/8/2021,370.5,391.0,365.0,372.0,-1.59,18107.0,919.9,329.8
SINDU,12/9/2021,372.0,372.0,365.0,367.0,-1.34,7349.0,919.9,329.8
SINDU,12/12/2021,362.0,362.0,341.0,342.0,-6.81,15953.0,919.9,329.8
SINDU,12/13/2021,336.9,348.8,315.0,322.0,-5.85,16032.0,919.9,329.8
SINDU,12/14/2021,328.4,350.0,321.5,350.0,8.7,6440.0,919.9,329.8
SINDU,12/15/2021,357.0,375.0,338.0,350.0,0.0,19387.0,919.9,329.8
SINDU,12/16/2021,350.0,350.0,338.0,344.0,-1.71,4411.0,919.9,329.8
SINDU,12/20/2021,338.0,343.9,330.0,343.0,-0.29,3500.0,919.9,329.8
SINDU,12/21/2021,343.0,349.0,340.0,348.0,1.46,5860.0,919.9,329.8
SINDU,12/22/2021,354.0,370.0,354.0,364.5,4.74,12722.0,919.9,329.8
SINDU,12/23/2021,366.0,370.0,348.2,348.2,-4.47,11009.0,919.9,329.8
SINDU,12/26/2021,355.0,355.0,348.0,352.0,1.09,12403.0,919.9,329.8
SINDU,12/27/2021,359.0,362.0,333.2,345.0,-1.99,12109.0,919.9,329.8
SINDU,12/28/2021,338.1,349.0,334.0,340.0,-1.45,4929.0,919.9,329.8
SINDU,12/29/2021,340.0,340.7,334.0,340.0,0.0,6464.0,919.9,329.8
SINDU,1/2/2022,340.0,344.0,337.6,341.9,0.56,6348.0,919.9,329.8
SINDU,1/3/2022,347.0,352.5,338.3,344.5,0.76,13873.0,919.9,329.8
SINDU,1/4/2022,351.0,377.0,344.0,377.0,9.43,39060.0,919.9,329.8
SINDU,1/5/2022,384.0,389.0,363.0,366.0,-2.92,27307.0,919.9,329.8
SINDU,1/6/2022,365.0,375.0,361.0,371.0,1.37,16264.0,919.9,329.8
SINDU,1/9/2022,378.0,394.1,378.0,394.1,6.23,36400.0,919.9,329.8
SINDU,1/10/2022,401.0,408.0,388.0,402.0,2.0,32355.0,919.9,329.8
SINDU,1/11/2022,402.0,423.0,399.0,408.0,1.49,22261.0,919.9,329.8
SINDU,1/12/2022,412.0,427.5,393.0,397.9,-2.48,27781.0,919.9,329.8
SINDU,1/13/2022,397.9,415.0,390.0,407.1,2.31,34180.0,919.9,329.8
SINDU,1/16/2022,415.0,447.8,415.0,442.9,8.79,65237.0,919.9,329.8
SINDU,1/17/2022,440.0,460.7,428.0,439.0,-0.88,30197.0,919.9,329.8
SINDU,1/18/2022,431.0,443.7,415.0,420.5,-4.21,20421.0,919.9,329.8
SINDU,1/19/2022,423.0,431.0,408.0,415.0,-1.31,36853.0,919.9,329.8
SINDU,1/20/2022,415.0,440.9,412.1,440.9,6.24,29526.0,919.9,329.8
SINDU,1/23/2022,441.0,458.0,425.0,430.0,-2.47,34048.0,919.9,329.8
SINDU,1/24/2022,422.0,423.0,407.0,410.0,-4.65,48974.0,919.9,329.8
SINDU,1/25/2022,403.0,423.0,402.6,410.0,0.0,23867.0,919.9,329.8
SINDU,1/26/2022,405.0,413.0,396.0,405.0,-1.22,20764.0,919.9,329.8
SINDU,1/27/2022,413.0,413.0,402.1,403.0,-0.49,17236.0,919.9,329.8
SINDU,1/30/2022,411.0,435.0,411.0,434.0,7.69,29930.0,919.9,329.8
SINDU,1/31/2022,442.6,444.0,421.0,422.5,-2.65,22696.0,919.9,329.8
SINDU,2/1/2022,416.0,443.0,416.0,434.0,2.72,29365.0,919.9,329.8
SINDU,2/3/2022,442.0,450.0,430.0,430.0,-0.92,54921.0,919.9,329.8
SINDU,2/6/2022,423.0,432.0,415.5,420.0,-2.33,16986.0,919.9,329.8
SINDU,2/7/2022,420.0,427.0,420.0,422.1,0.5,9732.0,919.9,329.8
SINDU,2/8/2022,430.5,440.0,417.0,417.0,-1.21,16969.0,919.9,329.8
SINDU,2/9/2022,413.0,423.0,413.0,414.0,-0.72,8216.0,919.9,329.8
SINDU,2/10/2022,406.0,428.0,406.0,423.1,2.2,43580.0,919.9,329.8
SINDU,2/13/2022,414.7,414.7,400.0,404.0,-4.51,26435.0,919.9,329.8
SINDU,2/14/2022,406.0,412.0,400.0,400.0,-0.99,9717.0,919.9,329.8
SINDU,2/15/2022,400.0,411.0,399.0,411.0,2.75,21994.0,919.9,329.8
SINDU,2/16/2022,410.0,415.0,401.8,402.0,-2.19,4761.0,919.9,329.8
SINDU,2/17/2022,399.2,405.0,399.1,401.0,-0.25,11166.0,919.9,329.8
SINDU,2/20/2022,393.0,403.0,386.0,395.0,-1.5,20522.0,919.9,329.8
SINDU,2/21/2022,402.0,402.0,388.0,395.0,0.0,8836.0,919.9,329.8
SINDU,2/22/2022,402.0,404.0,396.0,399.0,1.01,8992.0,919.9,329.8
SINDU,2/23/2022,404.9,404.9,395.0,395.0,-1.0,6089.0,919.9,329.8
SINDU,2/24/2022,387.1,394.0,381.0,383.0,-3.04,15096.0,919.9,329.8
SINDU,2/27/2022,388.0,390.0,375.0,382.1,-0.23,10821.0,919.9,329.8
SINDU,2/28/2022,376.5,389.7,372.0,378.0,-1.07,9971.0,919.9,329.8
SINDU,3/2/2022,385.5,385.5,363.0,363.2,-3.92,14454.0,919.9,329.8
SINDU,3/6/2022,363.0,374.0,362.0,362.6,-0.17,10116.0,919.9,329.8
SINDU,3/7/2022,363.5,369.8,360.0,360.0,-0.72,12761.0,919.9,329.8
SINDU,3/9/2022,360.0,362.0,356.0,357.0,-0.83,7617.0,919.9,329.8
SINDU,3/10/2022,350.0,375.0,343.0,375.0,5.04,8578.0,919.9,329.8
SINDU,3/13/2022,380.0,393.0,374.0,393.0,4.8,20411.0,919.9,329.8
SINDU,3/14/2022,400.8,400.8,386.0,393.0,0.0,4968.0,919.9,329.8
SINDU,3/15/2022,393.0,397.0,377.1,387.0,-1.53,9510.0,919.9,329.8
SINDU,3/16/2022,390.0,392.9,384.0,385.0,-0.52,14355.0,919.9,329.8
SINDU,3/20/2022,386.0,390.0,381.2,382.0,-0.78,3785.0,919.9,329.8
SINDU,3/21/2022,389.0,396.7,378.2,395.0,3.4,6351.0,919.9,329.8
SINDU,3/22/2022,402.9,404.9,396.0,396.0,0.25,19014.0,919.9,329.8
SINDU,3/23/2022,396.0,399.9,392.1,392.1,-0.98,5243.0,919.9,329.8
SINDU,3/24/2022,392.4,394.0,384.3,384.3,-1.99,7747.0,919.9,329.8
SINDU,3/27/2022,381.0,381.0,367.0,372.0,-3.2,10335.0,919.9,329.8
SINDU,3/28/2022,372.0,378.0,365.0,365.0,-1.88,5200.0,919.9,329.8
SINDU,3/29/2022,370.0,372.0,357.0,357.2,-2.14,6113.0,919.9,329.8
SINDU,3/30/2022,364.0,380.0,358.0,380.0,6.38,8320.0,919.9,329.8
SINDU,3/31/2022,375.0,384.0,366.1,367.0,-3.42,4612.0,919.9,329.8
SINDU,4/3/2022,366.0,366.0,354.0,363.0,-1.09,3939.0,919.9,329.8
SINDU,4/4/2022,360.0,365.9,355.2,356.0,-1.93,3286.0,919.9,329.8
SINDU,4/5/2022,352.0,361.0,345.0,356.0,0.0,8324.0,919.9,329.8
SINDU,4/6/2022,363.0,366.0,351.2,351.2,-1.35,7285.0,919.9,329.8
SINDU,4/7/2022,353.0,365.0,347.0,356.0,1.37,5751.0,919.9,329.8
SINDU,4/11/2022,363.1,371.0,350.0,350.0,-1.69,6674.0,919.9,329.8
SINDU,4/12/2022,357.0,357.0,335.0,346.9,-0.89,6242.0,919.9,329.8
SINDU,4/13/2022,340.0,355.0,335.0,347.5,0.17,7558.0,919.9,329.8
SINDU,4/17/2022,354.4,360.0,341.0,341.0,-1.87,4144.0,919.9,329.8
SINDU,4/18/2022,335.0,339.0,328.0,330.0,-3.23,10165.0,919.9,329.8
SINDU,4/19/2022,330.0,346.0,324.0,335.1,1.55,5925.0,919.9,329.8
SINDU,4/20/2022,335.0,335.0,320.0,320.0,-4.51,4355.0,919.9,329.8
SINDU,4/21/2022,315.0,326.0,313.0,322.0,0.63,6560.0,919.9,329.8
SINDU,4/24/2022,327.0,351.9,327.0,341.1,5.93,9523.0,919.9,329.8
SINDU,4/25/2022,341.1,350.0,335.0,338.4,-0.79,8479.0,919.9,329.8
SINDU,4/26/2022,344.9,345.1,334.0,335.3,-0.92,3794.0,919.9,329.8
SINDU,4/27/2022,331.0,342.0,321.5,340.9,1.67,2898.0,919.9,329.8
SINDU,4/28/2022,345.0,347.0,329.1,330.0,-3.2,6065.0,919.9,329.8
SINDU,5/2/2022,323.4,323.4,313.1,320.0,-3.03,5119.0,919.9,329.8
SINDU,5/4/2022,320.0,324.0,314.1,315.0,-1.56,5579.0,919.9,329.8
SINDU,5/5/2022,310.0,315.0,300.0,308.0,-2.22,3583.0,919.9,329.8
SINDU,5/8/2022,302.0,312.0,300.0,312.0,1.3,6235.0,919.9,329.8
SINDU,5/9/2022,312.0,318.0,308.0,309.0,-0.96,3176.0,919.9,329.8
SINDU,5/10/2022,315.0,321.0,314.9,321.0,3.88,2913.0,919.9,329.8
SINDU,5/11/2022,327.0,336.0,317.1,336.0,4.67,13116.0,919.9,329.8
SINDU,5/12/2022,330.0,338.9,321.5,321.5,-4.32,10533.0,919.9,329.8
SINDU,5/17/2022,327.0,327.0,310.0,310.0,-3.58,2043.0,919.9,329.8
SINDU,5/18/2022,315.0,316.0,305.0,316.0,1.94,4979.0,919.9,329.8
SINDU,5/19/2022,316.0,316.0,305.0,306.0,-3.16,8155.0,919.9,329.8
SINDU,5/20/2022,310.0,312.0,306.0,307.0,0.33,2094.0,919.9,329.8
SINDU,5/23/2022,302.0,303.1,301.1,301.5,-1.79,4358.0,919.9,329.8
SINDU,5/24/2022,300.0,309.0,300.0,306.0,1.49,2294.0,919.9,329.8
SINDU,5/25/2022,310.0,310.9,308.0,308.0,0.65,925.0,919.9,329.8
SINDU,5/26/2022,305.0,308.0,304.0,308.0,0.0,470.0,919.9,329.8
SINDU,5/27/2022,305.0,305.0,299.0,304.5,-1.14,4654.0,919.9,329.8
SINDU,5/30/2022,299.0,304.0,294.0,300.0,-1.48,1060.0,919.9,329.8
SINDU,5/31/2022,295.0,295.0,286.0,294.0,-2.0,5890.0,919.9,329.8
SINDU,6/1/2022,290.0,296.0,287.5,296.0,0.68,1170.0,919.9,329.8
SINDU,6/2/2022,299.0,299.0,291.0,291.0,-1.69,2294.0,919.9,329.8
SINDU,6/3/2022,290.0,294.0,284.3,285.3,-1.96,5110.0,919.9,329.8
SINDU,6/6/2022,286.0,286.9,281.0,286.0,0.25,2625.0,919.9,329.8
SINDU,6/7/2022,285.0,285.0,276.7,280.0,-2.1,5145.0,919.9,329.8
SINDU,6/8/2022,283.0,296.0,281.0,295.9,5.68,4803.0,919.9,329.8
SINDU,6/9/2022,300.0,300.0,285.1,285.3,-3.58,3890.0,919.9,329.8
SINDU,6/10/2022,280.1,285.0,280.1,281.1,-1.47,3046.0,919.9,329.8
SINDU,6/13/2022,284.0,284.0,275.6,277.0,-1.46,560.0,919.9,329.8
SINDU,6/14/2022,278.0,278.0,265.0,265.0,-4.33,3921.0,919.9,329.8
SINDU,6/15/2022,261.1,261.1,251.2,252.0,-4.91,10593.0,919.9,329.8
SINDU,6/16/2022,250.0,267.2,242.2,256.0,1.59,5708.0,919.9,329.8
SINDU,6/17/2022,255.0,255.0,254.0,254.0,-0.78,375.0,919.9,329.8
SINDU,6/19/2022,259.0,259.0,244.1,248.0,-2.36,1855.0,919.9,329.8
SINDU,6/20/2022,243.2,243.2,235.0,238.0,-4.03,9348.0,919.9,329.8
SINDU,6/21/2022,242.0,258.0,242.0,247.0,3.78,7189.0,919.9,329.8
SINDU,6/22/2022,243.0,243.0,233.8,233.8,-5.34,2966.0,919.9,329.8
SINDU,6/23/2022,238.0,238.0,220.6,237.7,1.67,5798.0,919.9,329.8
SINDU,6/24/2022,242.0,242.0,227.9,235.0,-1.14,4260.0,919.9,329.8
SINDU,6/26/2022,239.7,253.0,236.0,253.0,7.66,9301.0,919.9,329.8
SINDU,6/27/2022,253.0,253.0,236.0,242.0,-4.35,8499.0,919.9,329.8
SINDU,6/28/2022,237.3,239.0,234.3,239.0,-1.24,1033.0,919.9,329.8
SINDU,6/29/2022,240.0,248.3,240.0,248.0,3.77,5416.0,919.9,329.8
SINDU,6/30/2022,243.2,267.0,243.2,264.0,6.45,22062.0,919.9,329.8
SINDU,7/1/2022,269.0,269.0,255.0,257.0,-2.65,6115.0,919.9,329.8
SINDU,7/3/2022,262.0,272.0,254.0,269.5,4.86,7957.0,919.9,329.8
SINDU,7/4/2022,274.0,296.4,269.0,280.0,3.9,58963.0,919.9,329.8
SINDU,7/5/2022,275.0,299.0,272.0,274.0,-2.14,34504.0,919.9,329.8
SINDU,7/6/2022,274.0,289.1,265.0,284.0,3.65,13507.0,919.9,329.8
SINDU,7/7/2022,289.6,294.7,275.4,282.9,-0.39,6450.0,919.9,329.8
SINDU,7/8/2022,277.4,277.4,271.9,272.0,-3.85,8377.0,919.9,329.8
SINDU,7/11/2022,267.0,267.0,253.0,253.1,-6.95,7393.0,919.9,329.8
SINDU,7/12/2022,255.0,267.0,245.0,255.0,0.75,9960.0,919.9,329.8
SINDU,7/13/2022,260.1,273.0,259.0,273.0,7.06,7856.0,919.9,329.8
SINDU,7/14/2022,273.0,278.0,263.0,265.6,-2.71,6792.0,919.9,329.8
SINDU,7/15/2022,270.0,280.0,261.0,268.2,0.98,4551.0,919.9,329.8
SINDU,7/17/2022,273.0,284.4,273.0,273.5,1.98,2634.0,919.9,329.8
SINDU,7/18/2022,270.0,285.4,266.2,280.0,2.38,7133.0,919.9,329.8
SINDU,7/19/2022,285.0,285.0,278.4,278.5,-0.54,9805.0,919.9,329.8
SINDU,7/20/2022,279.0,290.0,279.0,283.9,1.94,16006.0,919.9,329.8
SINDU,7/21/2022,279.3,289.0,279.3,282.0,-0.67,7486.0,919.9,329.8
SINDU,7/22/2022,282.0,282.0,270.0,275.0,-2.48,5209.0,919.9,329.8
SINDU,7/24/2022,280.0,290.0,272.5,284.9,3.6,11356.0,919.9,329.8
SINDU,7/25/2022,290.0,313.0,290.0,312.0,9.51,54812.0,919.9,329.8
SINDU,7/26/2022,306.0,320.0,296.0,304.0,-2.56,29201.0,919.9,329.8
SINDU,7/27/2022,302.0,325.0,299.0,320.0,5.26,26245.0,919.9,329.8
SINDU,7/28/2022,326.4,347.8,317.1,326.0,1.88,61164.0,919.9,329.8
SINDU,7/29/2022,324.0,343.0,322.0,340.0,4.29,25948.0,919.9,329.8
SINDU,7/31/2022,345.0,345.0,327.4,330.0,-2.94,21272.0,919.9,329.8
SINDU,8/1/2022,325.1,336.6,324.0,325.0,-1.52,29586.0,919.9,329.8
SINDU,8/2/2022,330.0,330.0,320.0,320.0,-1.54,11360.0,919.9,329.8
SINDU,8/3/2022,326.0,328.0,320.0,323.0,0.94,13645.0,919.9,329.8
SINDU,8/4/2022,318.0,323.0,309.7,309.7,-4.12,19281.0,919.9,329.8
SINDU,8/5/2022,313.0,316.0,300.0,300.0,-3.13,12687.0,919.9,329.8
SINDU,8/7/2022,302.0,314.1,301.1,309.0,3.0,9348.0,919.9,329.8
SINDU,8/8/2022,315.0,321.0,305.0,310.0,0.32,22320.0,919.9,329.8
SINDU,8/9/2022,310.0,310.0,295.0,296.0,-4.52,14908.0,919.9,329.8
SINDU,8/10/2022,294.0,299.8,290.4,290.4,-1.89,8007.0,919.9,329.8
SINDU,8/11/2022,296.0,304.0,288.0,290.0,-0.14,6063.0,919.9,329.8
SINDU,8/14/2022,290.0,295.8,275.0,280.0,-3.45,14290.0,919.9,329.8
SINDU,8/15/2022,276.8,299.8,276.8,299.8,7.07,11950.0,919.9,329.8
SINDU,8/16/2022,305.0,309.0,287.0,290.0,-3.27,14675.0,919.9,329.8
SINDU,8/17/2022,294.0,294.0,283.5,294.0,1.38,15098.0,919.9,329.8
SINDU,8/18/2022,295.0,313.0,295.0,307.0,4.42,31857.0,919.9,329.8
SINDU,8/21/2022,310.0,313.0,302.0,303.0,-1.3,5112.0,919.9,329.8
SINDU,8/22/2022,300.0,302.9,296.0,301.0,-0.66,7522.0,919.9,329.8
SINDU,8/23/2022,300.0,302.9,295.0,300.9,-0.03,8381.0,919.9,329.8
SINDU,8/24/2022,304.0,315.0,296.0,314.8,4.62,60122.0,919.9,329.8
SINDU,8/25/2022,314.8,321.0,305.0,305.0,-3.11,30329.0,919.9,329.8
SINDU,8/26/2022,300.0,311.0,299.3,303.0,-0.66,17262.0,919.9,329.8
SINDU,8/28/2022,297.3,308.0,292.1,293.0,-3.3,12312.0,919.9,329.8
SINDU,8/29/2022,293.0,300.0,288.0,296.0,1.02,6381.0,919.9,329.8
SINDU,8/30/2022,301.9,301.9,292.0,295.0,-0.34,5013.0,919.9,329.8
SINDU,8/31/2022,290.0,296.0,280.0,290.0,-1.69,18409.0,919.9,329.8
SINDU,9/1/2022,284.2,294.9,280.0,290.0,0.0,8175.0,919.9,329.8
SINDU,9/2/2022,290.0,305.0,290.0,291.5,0.52,4235.0,919.9,329.8
SINDU,9/4/2022,297.0,297.3,290.0,293.0,0.51,3631.0,919.9,329.8
SINDU,9/5/2022,288.0,295.0,288.0,295.0,0.68,5320.0,919.9,329.8
SINDU,9/6/2022,290.0,294.6,285.0,289.9,-1.73,4512.0,919.9,329.8
SINDU,9/7/2022,290.0,295.0,278.0,284.9,-1.72,6765.0,919.9,329.8
SINDU,9/8/2022,279.3,290.0,275.0,285.0,0.04,10544.0,919.9,329.8
SINDU,9/11/2022,287.0,287.0,269.0,278.0,-2.46,6149.0,919.9,329.8
SINDU,9/12/2022,283.4,283.4,264.0,275.0,-1.08,6944.0,919.9,329.8
SINDU,9/13/2022,274.0,286.9,274.0,278.0,1.09,8842.0,919.9,329.8
SINDU,9/14/2022,283.0,304.9,277.4,297.0,6.83,27580.0,919.9,329.8
SINDU,9/15/2022,302.0,302.0,279.0,279.0,-6.06,17957.0,919.9,329.8
SINDU,9/16/2022,280.0,281.8,270.0,275.2,-1.36,6080.0,919.9,329.8
SINDU,9/18/2022,275.0,275.0,263.0,264.0,-4.07,9462.0,919.9,329.8
SINDU,9/20/2022,259.0,268.0,250.0,257.0,-2.65,10748.0,919.9,329.8
SINDU,9/21/2022,257.0,269.9,257.0,262.9,2.3,5860.0,919.9,329.8
SINDU,9/22/2022,262.1,267.0,255.0,255.0,-3.0,3465.0,919.9,329.8
SINDU,9/25/2022,255.0,255.0,241.0,243.0,-4.71,3619.0,919.9,329.8
SINDU,9/27/2022,241.0,258.9,240.2,250.0,2.88,6259.0,919.9,329.8
SINDU,9/28/2022,250.0,253.0,242.0,248.0,-0.8,4807.0,919.9,329.8
SINDU,9/29/2022,252.9,259.0,248.0,256.0,3.23,3163.0,919.9,329.8
SINDU,10/9/2022,260.0,272.0,260.0,264.0,3.12,2215.0,919.9,329.8
SINDU,10/10/2022,265.0,268.0,257.0,266.0,0.76,7251.0,919.9,329.8
SINDU,10/11/2022,260.7,260.7,255.5,259.8,-2.33,1640.0,919.9,329.8
SINDU,10/12/2022,255.0,273.0,250.0,265.8,2.31,5003.0,919.9,329.8
SINDU,10/13/2022,265.0,270.0,264.0,266.1,0.11,7183.0,919.9,329.8
SINDU,10/16/2022,270.9,270.9,254.6,260.0,-2.29,3870.0,919.9,329.8
SINDU,10/17/2022,265.2,265.2,255.1,262.9,1.12,5050.0,919.9,329.8
SINDU,10/19/2022,260.0,260.0,248.0,254.8,-3.08,6270.0,919.9,329.8
SINDU,10/20/2022,251.0,255.0,249.0,253.0,-0.71,2272.0,919.9,329.8
SINDU,10/23/2022,255.0,257.0,249.2,257.0,1.58,1452.0,919.9,329.8
SINDU,10/31/2022,252.0,262.0,250.0,250.0,-2.72,3104.0,919.9,329.8
SINDU,11/1/2022,246.0,274.3,246.0,266.0,6.4,7085.0,919.9,329.8
SINDU,11/2/2022,266.0,277.7,261.0,274.0,3.01,7336.0,919.9,329.8
SINDU,11/3/2022,273.0,273.0,259.0,265.0,-3.28,4378.0,919.9,329.8
SINDU,11/6/2022,260.0,273.5,260.0,270.0,1.89,6712.0,919.9,329.8
SINDU,11/7/2022,264.6,275.0,262.0,262.0,-2.96,8279.0,919.9,329.8
SINDU,11/8/2022,266.0,267.0,262.0,262.0,0.0,7328.0,919.9,329.8
SINDU,11/9/2022,257.0,262.0,253.0,253.0,-3.44,7487.0,919.9,329.8
SINDU,11/10/2022,248.2,262.1,248.1,260.0,2.77,6600.0,919.9,329.8
SINDU,11/13/2022,259.9,264.0,250.0,251.0,-3.46,3735.0,919.9,329.8
SINDU,11/14/2022,256.0,260.0,251.1,258.0,2.79,2821.0,919.9,329.8
SINDU,11/15/2022,261.0,262.9,251.0,254.0,-1.55,6580.0,919.9,329.8
SINDU,11/16/2022,251.1,261.1,251.1,256.0,0.79,8518.0,919.9,329.8
SINDU,11/17/2022,261.0,269.0,261.0,264.0,3.12,8416.0,919.9,329.8
SINDU,11/22/2022,264.0,274.5,259.1,259.3,-1.78,3824.0,919.9,329.8
SINDU,11/23/2022,263.0,263.0,257.0,257.0,-0.89,730.0,919.9,329.8
SINDU,11/24/2022,257.0,262.0,254.0,262.0,1.95,3248.0,919.9,329.8
SINDU,11/27/2022,266.0,271.3,262.0,269.7,2.94,7283.0,919.9,329.8
SINDU,11/28/2022,275.0,280.0,266.0,266.0,-1.37,8036.0,919.9,329.8
SINDU,11/29/2022,269.0,278.8,267.0,272.0,2.26,2226.0,919.9,329.8
SINDU,11/30/2022,277.0,277.0,264.4,264.4,-2.79,2871.0,919.9,329.8
SINDU,12/1/2022,269.0,273.0,259.2,263.0,-0.53,5726.0,919.9,329.8
SINDU,12/4/2022,260.0,273.0,254.8,271.5,3.23,16052.0,919.9,329.8
SINDU,12/5/2022,266.1,266.2,260.0,266.2,-1.95,7602.0,919.9,329.8
SINDU,12/6/2022,270.0,270.0,260.0,262.0,-1.58,3251.0,919.9,329.8
SINDU,12/7/2022,257.0,265.0,253.1,257.7,-1.64,2488.0,919.9,329.8
SINDU,12/11/2022,262.8,262.8,250.0,254.9,-1.09,7366.0,919.9,329.8
SINDU,12/12/2022,250.0,259.9,249.9,253.0,-0.75,1828.0,919.9,329.8
SINDU,12/13/2022,258.0,258.0,253.0,257.9,1.94,2619.0,919.9,329.8
SINDU,12/14/2022,263.0,263.0,258.1,263.0,1.98,2824.0,919.9,329.8
SINDU,12/15/2022,257.8,263.0,253.1,263.0,0.0,30.0,919.9,329.8
SINDU,12/18/2022,257.8,262.9,250.0,253.0,-3.8,4033.0,919.9,329.8
SINDU,12/19/2022,258.0,263.1,250.0,257.8,1.9,1850.0,919.9,329.8
SINDU,12/20/2022,260.0,260.0,250.0,255.9,-0.74,1755.0,919.9,329.8
SINDU,12/21/2022,259.9,259.9,249.0,258.8,1.13,5680.0,919.9,329.8
SINDU,12/22/2022,254.0,257.0,248.7,251.0,-3.01,795.0,919.9,329.8
SINDU,12/26/2022,251.0,258.9,245.1,258.8,3.11,23056.0,919.9,329.8
SINDU,12/27/2022,262.9,270.0,259.0,264.0,2.01,27282.0,919.9,329.8
SINDU,12/28/2022,260.0,265.2,259.0,264.0,0.0,5615.0,919.9,329.8
SINDU,12/29/2022,269.0,274.0,253.4,272.0,3.03,27939.0,919.9,329.8
SINDU,1/1/2023,276.2,285.0,271.1,276.0,1.47,27522.0,919.9,329.8
SINDU,1/2/2023,277.0,289.5,272.0,286.0,3.62,14301.0,919.9,329.8
SINDU,1/3/2023,291.5,295.0,274.4,281.0,-1.75,12397.0,919.9,329.8
SINDU,1/4/2023,286.6,294.8,283.3,292.6,4.13,14424.0,919.9,329.8
SINDU,1/5/2023,298.4,298.4,288.0,291.9,-0.24,20755.0,919.9,329.8
SINDU,1/8/2023,288.0,316.9,288.0,305.0,4.49,33825.0,919.9,329.8
SINDU,1/9/2023,305.0,323.7,305.0,317.1,3.97,29749.0,919.9,329.8
SINDU,1/10/2023,323.4,336.0,300.2,306.4,-3.37,25483.0,919.9,329.8
SINDU,1/12/2023,300.3,316.1,290.0,290.4,-5.22,36820.0,919.9,329.8
SINDU,1/17/2023,296.0,308.0,292.1,302.0,3.99,19860.0,919.9,329.8
SINDU,1/18/2023,302.0,314.0,296.0,308.0,1.99,18582.0,919.9,329.8
SINDU,1/19/2023,305.0,312.0,303.0,308.0,0.0,11809.0,919.9,329.8
SINDU,1/23/2023,302.0,308.0,290.4,296.9,-3.6,16271.0,919.9,329.8
SINDU,1/24/2023,292.0,308.0,290.0,302.0,1.72,17191.0,919.9,329.8
SINDU,1/25/2023,302.0,311.0,293.0,305.0,0.99,15959.0,919.9,329.8
SINDU,1/26/2023,307.0,310.0,300.5,302.0,-0.98,6188.0,919.9,329.8
SINDU,1/29/2023,296.0,303.0,295.0,296.0,-1.99,6030.0,919.9,329.8
SINDU,1/30/2023,292.1,294.0,280.0,285.5,-3.55,16062.0,919.9,329.8
SINDU,1/31/2023,285.0,295.0,280.0,284.0,-0.53,10558.0,919.9,329.8
SINDU,2/1/2023,280.1,289.6,280.0,289.6,1.97,5777.0,919.9,329.8
SINDU,2/2/2023,284.1,289.5,278.2,284.5,-1.76,3798.0,919.9,329.8
SINDU,2/5/2023,290.1,290.1,276.0,284.0,-0.18,6040.0,919.9,329.8
SINDU,2/6/2023,288.0,288.0,280.0,280.0,-1.41,4367.0,919.9,329.8
SINDU,2/7/2023,285.4,299.3,282.0,299.0,6.79,11333.0,919.9,329.8
SINDU,2/8/2023,304.9,308.9,290.1,299.0,0.0,17931.0,919.9,329.8
SINDU,2/9/2023,298.9,300.0,282.5,300.0,0.33,18153.0,919.9,329.8
SINDU,2/12/2023,294.0,294.0,284.0,286.0,-4.67,20643.0,919.9,329.8
SINDU,2/14/2023,280.3,290.4,280.3,281.0,-1.75,6900.0,919.9,329.8
SINDU,2/15/2023,286.6,286.6,276.5,280.0,-0.36,17153.0,919.9,329.8
SINDU,2/16/2023,284.8,285.0,272.5,275.0,-1.79,10930.0,919.9,329.8
SINDU,2/20/2023,270.0,279.5,268.7,268.7,-2.29,5169.0,919.9,329.8
SINDU,2/22/2023,273.0,281.0,273.0,279.0,3.83,4477.0,919.9,329.8
SINDU,2/23/2023,274.0,275.0,270.0,270.3,-3.12,3148.0,919.9,329.8
SINDU,2/26/2023,266.0,275.7,261.1,275.7,2.0,8885.0,919.9,329.8
SINDU,2/27/2023,280.2,286.8,262.3,270.3,-1.96,9917.0,919.9,329.8
SINDU,2/28/2023,274.7,275.7,268.0,273.0,1.0,4193.0,919.9,329.8
SINDU,3/1/2023,277.0,277.0,268.0,273.0,0.0,1614.0,919.9,329.8
SINDU,3/2/2023,268.0,268.9,263.0,264.0,-3.3,2701.0,919.9,329.8
SINDU,3/5/2023,265.0,265.0,260.0,260.0,-1.52,2070.0,919.9,329.8
SINDU,3/7/2023,255.1,274.0,255.1,268.2,3.15,2655.0,919.9,329.8
SINDU,3/9/2023,272.5,276.5,269.0,275.0,2.54,4365.0,919.9,329.8
SINDU,3/12/2023,273.0,275.4,268.0,271.0,-1.45,4700.0,919.9,329.8
SINDU,3/13/2023,266.0,266.0,261.0,263.0,-2.95,1661.0,919.9,329.8
SINDU,3/14/2023,264.0,267.2,259.0,267.0,1.52,1910.0,919.9,329.8
SINDU,3/15/2023,265.0,267.0,263.0,267.0,0.0,2422.0,919.9,329.8
SINDU,3/16/2023,268.0,268.0,264.0,264.0,-1.12,1588.0,919.9,329.8
SINDU,3/19/2023,261.4,265.9,260.6,263.0,-0.38,1774.0,919.9,329.8
SINDU,3/20/2023,261.3,268.2,261.3,268.2,1.98,3605.0,919.9,329.8
SINDU,3/22/2023,268.0,268.0,263.0,267.0,-0.45,2295.0,919.9,329.8
SINDU,3/23/2023,269.5,271.0,260.0,260.0,-2.62,1412.0,919.9,329.8
SINDU,3/26/2023,260.0,262.0,257.0,262.0,0.77,817.0,919.9,329.8
SINDU,3/27/2023,257.0,265.0,257.0,265.0,1.15,19439.0,919.9,329.8
SINDU,3/28/2023,264.0,268.0,260.0,265.0,0.0,3910.0,919.9,329.8
SINDU,3/29/2023,259.7,268.0,259.7,262.7,-0.87,920.0,919.9,329.8
SINDU,3/30/2023,265.0,265.0,258.0,260.0,-1.03,3465.0,919.9,329.8
SINDU,4/2/2023,263.0,263.0,250.0,256.0,-1.54,11250.0,919.9,329.8
SINDU,4/3/2023,251.0,254.0,251.0,253.9,-0.82,550.0,919.9,329.8
SINDU,4/4/2023,250.0,257.9,245.0,257.0,1.22,3572.0,919.9,329.8
SINDU,4/5/2023,261.1,261.1,254.0,257.0,0.0,195.0,919.9,329.8
SINDU,4/6/2023,252.0,261.0,250.0,254.7,-0.89,1265.0,919.9,329.8
SINDU,4/9/2023,250.0,250.0,245.0,248.0,-2.63,4020.0,919.9,329.8
SINDU,4/10/2023,246.0,250.9,246.0,250.1,0.85,1251.0,919.9,329.8
SINDU,4/11/2023,252.0,254.0,250.1,252.0,0.76,1449.0,919.9,329.8
SINDU,4/12/2023,255.0,270.0,255.0,269.7,7.02,9379.0,919.9,329.8
SINDU,4/13/2023,274.0,275.0,254.6,261.8,-2.93,7910.0,919.9,329.8
SINDU,4/16/2023,256.6,265.0,256.6,262.0,0.08,1240.0,919.9,329.8
SINDU,4/17/2023,257.5,257.5,252.0,257.0,-1.91,3100.0,919.9,329.8
SINDU,4/18/2023,261.0,261.0,251.9,255.0,-0.78,2271.0,919.9,329.8
SINDU,4/19/2023,252.0,260.0,250.5,260.0,1.96,2227.0,919.9,329.8
SINDU,4/20/2023,255.1,265.0,255.0,255.1,-1.88,355.0,919.9,329.8
SINDU,4/23/2023,250.0,250.0,248.0,248.0,-2.78,2972.0,919.9,329.8
SINDU,4/24/2023,245.0,252.9,245.0,250.9,1.17,1050.0,919.9,329.8
SINDU,4/25/2023,253.9,253.9,251.2,252.0,0.44,519.0,919.9,329.8
SINDU,4/26/2023,255.0,257.0,252.0,254.8,1.11,2493.0,919.9,329.8
SINDU,4/27/2023,259.4,259.4,251.0,255.0,0.08,2615.0,919.9,329.8
SINDU,4/30/2023,251.0,255.0,248.0,251.0,-1.57,3110.0,919.9,329.8
SINDU,5/2/2023,246.5,249.9,244.1,249.9,-0.44,2497.0,919.9,329.8
SINDU,5/3/2023,245.0,248.8,244.0,248.8,-0.44,1448.0,919.9,329.8
SINDU,5/4/2023,244.0,252.0,239.0,250.0,0.48,1655.0,919.9,329.8
SINDU,5/7/2023,245.0,253.0,245.0,251.0,0.4,41.0,919.9,329.8
SINDU,5/8/2023,249.0,250.0,244.2,244.2,-2.71,1330.0,919.9,329.8
SINDU,5/9/2023,248.0,249.0,245.0,245.0,0.33,360.0,919.9,329.8
SINDU,5/10/2023,240.2,248.0,236.1,236.1,-3.63,1161.0,919.9,329.8
SINDU,5/11/2023,231.4,239.0,231.4,236.0,-0.04,1685.0,919.9,329.8
SINDU,5/14/2023,235.0,236.0,232.5,236.0,0.0,1625.0,919.9,329.8
SINDU,5/15/2023,232.0,237.0,229.0,237.0,0.42,1080.0,919.9,329.8
SINDU,5/16/2023,232.3,236.0,227.7,236.0,-0.42,750.0,919.9,329.8
SINDU,5/17/2023,239.0,245.5,234.3,245.0,3.81,2660.0,919.9,329.8
SINDU,5/18/2023,248.9,263.0,248.9,252.0,2.86,5023.0,919.9,329.8
SINDU,5/21/2023,257.0,257.0,249.0,252.7,0.28,3504.0,919.9,329.8
SINDU,5/22/2023,254.0,254.0,243.0,252.0,-0.28,1210.0,919.9,329.8
SINDU,5/23/2023,255.0,265.0,255.0,262.5,4.17,5568.0,919.9,329.8
SINDU,5/24/2023,266.0,266.0,256.0,261.0,-0.57,3084.0,919.9,329.8
SINDU,5/28/2023,256.0,261.1,250.1,255.0,-2.3,11953.0,919.9,329.8
SINDU,5/30/2023,250.0,250.2,242.1,247.2,-3.06,6335.0,919.9,329.8
SINDU,5/31/2023,246.0,251.0,237.3,238.4,-3.56,5331.0,919.9,329.8
SINDU,6/1/2023,238.0,250.9,233.7,243.0,1.93,10155.0,919.9,329.8
SINDU,6/4/2023,247.8,253.9,246.0,251.0,3.29,2494.0,919.9,329.8
SINDU,6/5/2023,253.0,255.0,245.0,245.0,-2.39,5503.0,919.9,329.8
SINDU,6/6/2023,247.9,249.9,247.9,249.9,2.0,1755.0,919.9,329.8
SINDU,6/7/2023,253.0,258.0,248.0,252.0,0.84,6555.0,919.9,329.8
SINDU,6/8/2023,251.0,261.0,250.9,258.9,2.74,5707.0,919.9,329.8
SINDU,6/11/2023,260.0,272.0,258.8,271.0,4.67,16630.0,919.9,329.8
SINDU,6/12/2023,276.0,276.0,265.2,270.5,-0.18,13764.0,919.9,329.8
SINDU,6/13/2023,273.0,274.0,267.6,273.9,1.26,6573.0,919.9,329.8
SINDU,6/14/2023,269.0,278.0,265.0,268.0,-2.15,18959.0,919.9,329.8
SINDU,6/15/2023,272.0,272.0,261.0,261.0,-2.61,7769.0,919.9,329.8
SINDU,6/18/2023,261.0,269.0,261.0,267.9,2.64,10132.0,919.9,329.8
SINDU,6/19/2023,273.2,286.0,268.1,281.0,4.89,19221.0,919.9,329.8
SINDU,6/20/2023,285.0,292.3,272.0,273.0,-2.85,21798.0,919.9,329.8
SINDU,6/21/2023,272.9,280.0,262.7,269.0,-1.47,5261.0,919.9,329.8
SINDU,6/22/2023,269.0,274.3,265.0,265.0,-1.49,5480.0,919.9,329.8
SINDU,6/25/2023,270.3,279.0,265.0,277.0,4.53,16581.0,919.9,329.8
SINDU,6/26/2023,282.4,290.0,277.0,280.0,1.08,19082.0,919.9,329.8
SINDU,6/27/2023,285.0,290.0,278.0,287.0,2.5,11130.0,919.9,329.8
SINDU,6/28/2023,282.2,287.0,273.0,273.0,-4.88,12650.0,919.9,329.8
SINDU,7/2/2023,273.0,273.0,264.0,267.0,-2.2,11605.0,919.9,329.8
SINDU,7/3/2023,261.8,270.0,259.0,259.8,-2.7,6262.0,919.9,329.8
SINDU,7/4/2023,264.9,265.0,257.0,265.0,2.0,7895.0,919.9,329.8
SINDU,7/5/2023,269.0,270.3,258.0,258.0,-2.64,20933.0,919.9,329.8
SINDU,7/6/2023,263.1,263.1,251.0,253.0,-1.94,5127.0,919.9,329.8
SINDU,7/9/2023,258.0,267.6,255.0,265.0,4.74,7510.0,919.9,329.8
SINDU,7/10/2023,265.0,270.3,260.2,265.0,0.0,3651.0,919.9,329.8
SINDU,7/11/2023,270.3,288.0,263.2,280.1,5.7,31555.0,919.9,329.8
SINDU,7/12/2023,285.7,295.0,282.2,286.8,2.39,14657.0,919.9,329.8
SINDU,7/13/2023,290.0,291.0,273.1,285.3,-0.52,15928.0,919.9,329.8
SINDU,7/16/2023,291.0,291.0,273.1,279.0,-2.21,5718.0,919.9,329.8
SINDU,7/17/2023,284.0,287.0,273.5,283.5,1.61,11106.0,919.9,329.8
SINDU,7/18/2023,289.0,290.0,283.0,284.0,0.18,17888.0,919.9,329.8
SINDU,7/19/2023,279.9,288.0,279.0,284.0,0.0,10240.0,919.9,329.8
SINDU,7/20/2023,288.0,288.0,282.0,283.5,-0.18,11747.0,919.9,329.8
SINDU,7/23/2023,288.0,303.0,282.6,302.9,6.84,35781.0,919.9,329.8
SINDU,7/24/2023,305.0,305.0,285.0,290.0,-4.26,23953.0,919.9,329.8
SINDU,7/25/2023,295.0,295.0,280.4,282.0,-2.76,12794.0,919.9,329.8
SINDU,7/26/2023,287.6,290.0,276.3,284.9,1.03,10185.0,919.9,329.8
SINDU,7/27/2023,290.5,290.5,279.3,280.0,-1.72,8025.0,919.9,329.8
SINDU,7/30/2023,285.6,291.3,270.0,272.5,-2.68,7904.0,919.9,329.8
SINDU,7/31/2023,277.9,279.0,270.1,270.1,-0.88,5718.0,919.9,329.8
SINDU,8/1/2023,275.5,280.1,265.5,272.0,0.7,8688.0,919.9,329.8
SINDU,8/2/2023,276.0,276.0,265.1,271.0,-0.37,8575.0,919.9,329.8
SINDU,8/3/2023,275.0,285.0,272.0,279.0,2.95,14471.0,919.9,329.8
SINDU,8/6/2023,280.0,283.0,266.0,268.9,-3.62,5912.0,919.9,329.8
SINDU,8/7/2023,273.0,278.0,264.0,273.0,1.52,7269.0,919.9,329.8
SINDU,8/8/2023,275.0,277.0,264.6,274.7,0.62,4840.0,919.9,329.8
SINDU,8/9/2023,279.9,279.9,260.0,277.5,1.02,10305.0,919.9,329.8
SINDU,8/10/2023,283.0,283.0,272.0,275.0,-0.9,5551.0,919.9,329.8
SINDU,8/13/2023,278.0,278.0,268.8,273.6,-0.51,6895.0,919.9,329.8
SINDU,8/14/2023,277.0,277.0,265.0,269.0,-1.68,3482.0,919.9,329.8
SINDU,8/15/2023,273.0,273.0,255.1,263.0,-2.23,975.0,919.9,329.8
SINDU,8/16/2023,267.0,267.0,253.0,259.9,-1.18,3295.0,919.9,329.8
SINDU,8/17/2023,265.0,265.0,256.0,258.0,-0.73,3235.0,919.9,329.8
SINDU,8/20/2023,263.1,263.1,250.0,252.0,-2.33,2837.0,919.9,329.8
SINDU,8/21/2023,248.0,257.5,248.0,252.9,0.36,3948.0,919.9,329.8
SINDU,8/22/2023,257.9,257.9,249.0,255.0,0.83,2415.0,919.9,329.8
SINDU,8/23/2023,258.0,258.8,254.0,258.8,1.49,1866.0,919.9,329.8
SINDU,8/24/2023,262.0,262.0,248.0,256.0,-1.08,5448.0,919.9,329.8
SINDU,8/27/2023,255.0,255.0,245.5,249.0,-2.73,1450.0,919.9,329.8
SINDU,8/28/2023,253.0,253.0,245.2,247.0,-0.8,3145.0,919.9,329.8
SINDU,8/29/2023,250.0,250.0,245.1,246.2,-0.32,352.0,919.9,329.8
SINDU,8/30/2023,242.0,251.1,242.0,249.0,1.14,4685.0,919.9,329.8
SINDU,9/3/2023,253.7,253.7,241.0,241.4,-3.05,6768.0,919.9,329.8
SINDU,9/4/2023,244.0,253.0,236.6,253.0,4.81,8105.0,919.9,329.8
SINDU,9/5/2023,255.0,255.0,242.0,243.3,-3.83,1410.0,919.9,329.8
SINDU,9/7/2023,244.0,244.0,238.5,238.5,-1.97,4439.0,919.9,329.8
SINDU,9/10/2023,240.0,246.8,240.0,242.0,1.47,4095.0,919.9,329.8
SINDU,9/11/2023,246.8,251.5,242.0,251.5,3.93,2344.0,919.9,329.8
SINDU,9/12/2023,255.0,255.0,247.0,251.9,0.16,642.0,919.9,329.8
SINDU,9/13/2023,246.9,257.0,246.9,257.0,2.02,4797.0,919.9,329.8
SINDU,9/17/2023,262.1,262.1,242.1,254.0,-1.17,2050.0,919.9,329.8
SINDU,9/18/2023,259.0,259.0,249.0,249.0,-1.97,1890.0,919.9,329.8
SINDU,9/19/2023,253.9,260.0,252.0,259.0,4.02,10964.0,919.9,329.8
SINDU,9/21/2023,263.0,272.0,260.0,270.0,4.25,10401.0,919.9,329.8
SINDU,9/24/2023,265.0,274.0,261.0,261.0,-3.33,3104.0,919.9,329.8
SINDU,9/25/2023,257.0,265.0,257.0,260.0,-0.38,3038.0,919.9,329.8
SINDU,9/26/2023,265.2,270.0,260.0,267.0,2.69,2267.0,919.9,329.8
SINDU,9/27/2023,263.1,267.9,256.5,260.0,-2.62,6186.0,919.9,329.8
SINDU,10/1/2023,255.1,259.0,253.9,255.0,-1.92,3313.0,919.9,329.8
SINDU,10/2/2023,259.0,264.0,250.1,258.0,1.18,6960.0,919.9,329.8
SINDU,10/3/2023,262.0,262.0,252.9,257.8,-0.08,1500.0,919.9,329.8
SINDU,10/4/2023,255.0,260.0,251.0,260.0,0.85,4151.0,919.9,329.8
SINDU,10/5/2023,260.0,260.0,255.3,260.0,0.0,438.0,919.9,329.8
SINDU,10/8/2023,256.0,257.0,247.2,251.0,-3.46,5940.0,919.9,329.8
SINDU,10/9/2023,247.0,254.0,246.6,246.6,-1.75,4602.0,919.9,329.8
SINDU,10/10/2023,247.0,250.0,245.0,245.0,-0.65,4301.0,919.9,329.8
SINDU,10/11/2023,245.0,255.0,242.1,249.9,2.0,1152.0,919.9,329.8
SINDU,10/12/2023,252.0,252.0,243.0,244.0,-2.36,6689.0,919.9,329.8
SINDU,10/16/2023,242.0,244.8,240.0,240.3,-1.52,1179.0,919.9,329.8
SINDU,10/17/2023,244.0,249.0,237.0,238.3,-0.83,983.0,919.9,329.8
SINDU,10/18/2023,240.0,246.5,239.0,246.0,3.23,3370.0,919.9,329.8
SINDU,10/19/2023,249.0,249.0,242.0,243.0,-1.22,3106.0,919.9,329.8
SINDU,10/29/2023,238.3,241.0,238.3,241.0,-0.82,310.0,919.9,329.8
SINDU,10/30/2023,237.5,249.9,237.5,249.9,3.69,1545.0,919.9,329.8
SINDU,10/31/2023,245.5,246.0,245.0,245.0,-1.96,200.0,919.9,329.8
SINDU,11/1/2023,240.6,244.9,240.2,244.9,-0.04,1026.0,919.9,329.8
SINDU,11/2/2023,240.1,242.0,237.1,238.2,-2.74,964.0,919.9,329.8
SINDU,11/5/2023,234.0,240.0,234.0,239.5,0.55,2447.0,919.9,329.8
SINDU,11/6/2023,242.2,244.2,240.0,240.0,0.21,1649.0,919.9,329.8
SINDU,11/7/2023,243.0,244.0,239.0,242.0,0.83,4070.0,919.9,329.8
SINDU,11/8/2023,245.0,245.0,241.0,242.9,0.37,745.0,919.9,329.8
SINDU,11/9/2023,247.7,247.7,239.0,239.1,-1.56,2930.0,919.9,329.8
SINDU,11/20/2023,243.8,253.0,241.1,241.5,1.0,1710.0,919.9,329.8
SINDU,11/21/2023,245.0,245.0,237.0,238.0,-1.45,1842.0,919.9,329.8
SINDU,11/22/2023,242.0,255.0,240.1,245.0,2.94,2981.0,919.9,329.8
SINDU,11/23/2023,247.8,248.0,244.0,246.0,0.41,1165.0,919.9,329.8
SINDU,11/26/2023,249.9,259.8,246.0,254.0,3.25,1836.0,919.9,329.8
SINDU,11/27/2023,250.0,257.0,250.0,251.0,-1.18,3118.0,919.9,329.8
SINDU,11/28/2023,256.0,256.0,252.0,255.0,1.59,1678.0,919.9,329.8
SINDU,11/29/2023,260.1,260.1,249.0,249.0,-2.35,859.0,919.9,329.8
SINDU,11/30/2023,253.9,253.9,245.0,245.0,-1.61,1255.0,919.9,329.8
SINDU,12/3/2023,249.9,254.8,241.0,247.5,1.02,3325.0,919.9,329.8
SINDU,12/4/2023,250.0,255.0,245.0,249.9,0.97,3835.0,919.9,329.8
SINDU,12/5/2023,254.8,259.8,245.1,246.0,-1.56,2730.0,919.9,329.8
SINDU,12/6/2023,248.0,255.9,242.0,253.5,3.05,6975.0,919.9,329.8
SINDU,12/7/2023,258.5,258.5,251.4,251.4,-0.83,3245.0,919.9,329.8
SINDU,12/10/2023,256.4,261.5,256.4,261.5,4.02,86.0,919.9,329.8
SINDU,12/11/2023,266.7,272.0,261.0,261.0,-0.19,2952.0,919.9,329.8
SINDU,12/12/2023,266.2,280.0,259.0,267.0,2.3,7605.0,919.9,329.8
SINDU,12/13/2023,272.2,277.6,265.0,268.5,0.56,12919.0,919.9,329.8
SINDU,12/14/2023,273.8,281.0,265.0,280.0,4.28,10799.0,919.9,329.8
SINDU,12/17/2023,279.9,285.0,275.0,284.0,1.43,14333.0,919.9,329.8
SINDU,12/18/2023,288.9,304.9,286.4,302.0,6.34,43864.0,919.9,329.8
SINDU,12/19/2023,308.0,308.0,289.1,299.0,-0.99,8630.0,919.9,329.8
SINDU,12/20/2023,302.1,302.1,288.0,300.0,0.33,37925.0,919.9,329.8
SINDU,12/21/2023,302.0,302.0,285.0,287.0,-4.33,23228.0,919.9,329.8
SINDU,12/24/2023,285.0,297.0,280.9,280.9,-2.13,21889.0,919.9,329.8
SINDU,12/27/2023,286.5,286.5,276.0,279.0,-0.68,8509.0,919.9,329.8
SINDU,12/28/2023,284.5,284.5,273.5,277.9,-0.39,5875.0,919.9,329.8
SINDU,1/1/2024,283.0,283.4,275.0,279.0,0.4,7561.0,919.9,329.8
SINDU,1/2/2024,274.1,284.5,269.0,273.0,-2.15,9531.0,919.9,329.8
SINDU,1/3/2024,278.4,278.4,272.0,275.0,0.73,6625.0,919.9,329.8
SINDU,1/4/2024,280.0,280.0,266.0,268.0,-2.55,10279.0,919.9,329.8
SINDU,1/7/2024,271.0,274.0,265.1,271.9,1.46,12040.0,919.9,329.8
SINDU,1/8/2024,277.3,280.0,270.0,280.0,2.98,6315.0,919.9,329.8
SINDU,1/9/2024,282.0,308.0,282.0,308.0,10.0,90467.0,919.9,329.8
SINDU,1/10/2024,314.1,327.0,310.1,310.1,0.68,53787.0,919.9,329.8
SINDU,1/11/2024,316.0,316.0,304.0,311.0,0.29,29315.0,919.9,329.8
SINDU,1/14/2024,317.2,319.0,311.0,314.0,0.96,34847.0,919.9,329.8
SINDU,1/16/2024,310.0,330.0,310.0,323.3,2.96,47665.0,919.9,329.8
SINDU,1/17/2024,329.0,348.0,320.0,320.0,-1.02,70619.0,919.9,329.8
SINDU,1/18/2024,314.0,329.9,313.8,320.0,0.0,21172.0,919.9,329.8
SINDU,1/21/2024,320.0,320.0,308.0,308.0,-3.75,30278.0,919.9,329.8
SINDU,1/22/2024,313.0,315.0,300.0,303.4,-1.49,19931.0,919.9,329.8
SINDU,1/23/2024,308.0,312.0,294.0,306.0,0.86,13193.0,919.9,329.8
SINDU,1/24/2024,312.1,312.1,303.0,303.0,-0.98,16144.0,919.9,329.8
SINDU,1/25/2024,297.0,307.5,297.0,306.0,0.99,9959.0,919.9,329.8
SINDU,1/28/2024,309.0,313.1,300.0,311.9,1.93,15543.0,919.9,329.8
SINDU,1/29/2024,307.0,318.0,307.0,313.8,0.61,16525.0,919.9,329.8
SINDU,1/30/2024,319.0,319.0,309.3,315.0,0.38,12189.0,919.9,329.8
SINDU,1/31/2024,319.7,319.7,302.0,304.0,-3.49,13195.0,919.9,329.8
SINDU,2/1/2024,307.9,308.0,294.0,294.0,-3.29,15290.0,919.9,329.8
SINDU,2/4/2024,295.0,305.0,294.0,301.0,2.38,6662.0,919.9,329.8
SINDU,2/5/2024,307.0,311.0,303.0,310.9,3.29,9400.0,919.9,329.8
SINDU,2/6/2024,314.8,316.2,309.0,309.5,-0.45,10360.0,919.9,329.8
SINDU,2/7/2024,315.6,315.6,308.0,310.5,0.32,9880.0,919.9,329.8
SINDU,2/8/2024,310.0,329.0,310.0,325.0,4.67,55638.0,919.9,329.8
SINDU,2/11/2024,330.0,344.7,327.0,330.0,1.54,53228.0,919.9,329.8
SINDU,2/12/2024,335.0,337.0,326.0,335.5,1.67,21366.0,919.9,329.8
SINDU,2/13/2024,335.0,335.0,319.5,322.5,-3.87,48582.0,919.9,329.8
SINDU,2/14/2024,317.0,340.0,316.3,332.8,3.19,47648.0,919.9,329.8
SINDU,2/15/2024,330.0,338.5,325.0,328.0,-1.44,22362.0,919.9,329.8
SINDU,2/18/2024,324.0,324.0,316.0,320.0,-2.44,12402.0,919.9,329.8
SINDU,2/20/2024,319.0,322.0,315.1,315.4,-1.44,10803.0,919.9,329.8
SINDU,2/21/2024,321.7,321.7,311.2,315.9,0.16,5959.0,919.9,329.8
SINDU,2/22/2024,318.0,320.0,310.0,314.0,-0.6,11020.0,919.9,329.8
SINDU,2/25/2024,308.1,320.2,304.2,312.0,-0.64,16187.0,919.9,329.8
SINDU,2/26/2024,316.8,329.0,305.8,316.5,1.44,12904.0,919.9,329.8
SINDU,2/27/2024,314.2,322.0,311.9,320.0,1.11,13684.0,919.9,329.8
SINDU,2/28/2024,322.0,323.3,314.1,318.1,-0.59,14422.0,919.9,329.8
SINDU,2/29/2024,324.0,330.0,300.0,315.0,-0.97,24746.0,919.9,329.8
SINDU,3/3/2024,315.0,321.3,307.7,319.0,1.27,9031.0,919.9,329.8
SINDU,3/4/2024,325.0,331.0,323.0,331.0,3.76,8065.0,919.9,329.8
SINDU,3/5/2024,325.0,331.0,318.6,330.0,-0.3,38011.0,919.9,329.8
SINDU,3/6/2024,330.0,333.0,318.0,333.0,0.91,31671.0,919.9,329.8
SINDU,3/7/2024,338.9,340.0,334.0,338.1,1.53,33207.0,919.9,329.8
SINDU,3/10/2024,342.0,345.7,334.3,341.0,0.86,24195.0,919.9,329.8
SINDU,3/12/2024,345.0,347.8,339.2,341.8,0.23,24479.0,919.9,329.8
SINDU,3/13/2024,338.0,346.0,338.0,343.0,0.35,32063.0,919.9,329.8
SINDU,3/14/2024,340.0,349.8,337.0,345.0,0.58,25099.0,919.9,329.8
SINDU,3/17/2024,351.0,364.6,344.0,363.0,5.22,58448.0,919.9,329.8
SINDU,3/18/2024,370.2,375.0,360.0,373.0,2.75,37664.0,919.9,329.8
SINDU,3/19/2024,366.0,380.0,357.0,363.5,-2.55,30074.0,919.9,329.8
SINDU,3/20/2024,356.4,378.0,350.0,353.0,-2.89,24536.0,919.9,329.8
SINDU,3/21/2024,353.0,365.0,346.2,358.0,1.42,32370.0,919.9,329.8
SINDU,3/25/2024,360.9,364.1,350.0,355.0,-0.84,17986.0,919.9,329.8
SINDU,3/26/2024,362.0,365.0,348.5,359.0,1.13,23155.0,919.9,329.8
SINDU,3/27/2024,366.0,366.0,352.1,355.0,-1.11,23497.0,919.9,329.8
SINDU,3/28/2024,348.5,358.0,348.1,354.0,-0.28,17844.0,919.9,329.8
SINDU,3/31/2024,360.0,360.0,345.0,345.0,-2.54,18725.0,919.9,329.8
SINDU,4/1/2024,350.0,356.0,345.0,348.0,0.87,6114.0,919.9,329.8
SINDU,4/2/2024,354.0,354.0,339.2,342.0,-1.72,11499.0,919.9,329.8
SINDU,4/3/2024,336.4,344.7,336.0,341.0,-0.29,17525.0,919.9,329.8
SINDU,4/4/2024,345.0,358.9,338.0,343.0,0.59,9708.0,919.9,329.8
SINDU,4/7/2024,348.0,361.9,337.0,359.9,4.93,23197.0,919.9,329.8
SINDU,4/9/2024,367.0,372.0,361.0,369.9,2.78,26565.0,919.9,329.8
SINDU,4/10/2024,367.0,369.0,356.0,356.0,-3.76,23454.0,919.9,329.8
SINDU,4/14/2024,360.0,368.9,351.0,365.3,2.61,19798.0,919.9,329.8
SINDU,4/15/2024,371.0,371.0,356.7,360.0,-1.45,12142.0,919.9,329.8
SINDU,4/16/2024,359.0,374.0,359.0,365.0,1.39,28487.0,919.9,329.8
SINDU,4/18/2024,372.3,372.3,356.5,364.0,-0.27,13913.0,919.9,329.8
SINDU,4/21/2024,371.2,371.2,345.1,361.0,-0.82,25281.0,919.9,329.8
SINDU,4/22/2024,368.0,368.0,347.5,350.0,-3.05,14897.0,919.9,329.8
SINDU,4/24/2024,346.0,356.0,345.0,350.0,0.0,11440.0,919.9,329.8
SINDU,4/25/2024,357.0,366.0,347.0,358.9,2.54,24153.0,919.9,329.8
SINDU,4/28/2024,366.0,374.0,353.7,366.9,2.23,33736.0,919.9,329.8
SINDU,4/29/2024,374.0,387.0,364.6,387.0,5.48,68504.0,919.9,329.8
SINDU,4/30/2024,394.7,419.0,390.0,399.0,3.1,69586.0,919.9,329.8
SINDU,5/2/2024,405.0,405.0,380.1,380.1,-4.74,24823.0,919.9,329.8
SINDU,5/5/2024,380.0,387.6,368.9,368.9,-2.95,39554.0,919.9,329.8
SINDU,5/6/2024,368.0,384.0,365.0,377.9,2.44,20962.0,919.9,329.8
SINDU,5/7/2024,385.4,385.4,368.0,379.0,0.29,10065.0,919.9,329.8
SINDU,5/8/2024,384.0,389.0,378.0,381.0,0.53,7448.0,919.9,329.8
SINDU,5/9/2024,388.6,392.7,379.3,392.0,2.89,32000.0,919.9,329.8
SINDU,5/12/2024,399.0,402.0,387.1,387.1,-1.25,24990.0,919.9,329.8
SINDU,5/13/2024,394.0,404.9,380.6,391.0,1.01,29806.0,919.9,329.8
SINDU,5/14/2024,391.0,397.0,388.0,395.0,1.02,21115.0,919.9,329.8
SINDU,5/15/2024,399.0,405.7,386.4,389.9,-1.29,20816.0,919.9,329.8
SINDU,5/16/2024,397.0,397.0,384.6,384.6,-1.36,12860.0,919.9,329.8
SINDU,5/19/2024,392.2,392.2,383.1,386.1,0.39,18152.0,919.9,329.8
SINDU,5/20/2024,393.8,395.0,385.0,385.0,-0.28,15073.0,919.9,329.8
SINDU,5/21/2024,392.0,399.0,385.0,395.8,2.81,11362.0,919.9,329.8
SINDU,5/22/2024,403.0,403.0,388.0,388.0,-1.97,7439.0,919.9,329.8
SINDU,5/26/2024,395.0,395.0,380.0,380.0,-2.06,15337.0,919.9,329.8
SINDU,5/27/2024,386.0,387.0,378.0,381.0,0.26,9745.0,919.9,329.8
SINDU,5/29/2024,388.0,388.0,373.5,379.8,-0.31,8433.0,919.9,329.8
SINDU,5/30/2024,385.0,385.0,375.0,379.0,-0.21,7692.0,919.9,329.8
SINDU,6/2/2024,379.0,384.5,374.3,379.9,0.24,10990.0,919.9,329.8
SINDU,6/3/2024,387.0,387.0,375.2,375.8,-1.08,11458.0,919.9,329.8
SINDU,6/4/2024,383.3,385.0,377.7,385.0,2.45,15297.0,919.9,329.8
SINDU,6/5/2024,390.0,390.0,374.3,377.0,-2.08,11277.0,919.9,329.8
SINDU,6/6/2024,382.8,382.8,373.3,376.4,-0.16,7534.0,919.9,329.8
SINDU,6/9/2024,382.9,382.9,370.2,374.8,-0.43,9824.0,919.9,329.8
SINDU,6/10/2024,368.0,381.0,368.0,377.0,0.59,12825.0,919.9,329.8
SINDU,6/11/2024,384.0,384.0,372.0,381.0,1.06,14881.0,919.9,329.8
SINDU,6/12/2024,376.0,390.9,376.0,386.0,1.31,20245.0,919.9,329.8
SINDU,6/13/2024,393.7,416.0,385.0,397.7,3.03,79466.0,919.9,329.8
SINDU,6/16/2024,401.2,403.0,390.0,390.3,-1.86,31322.0,919.9,329.8
SINDU,6/18/2024,384.6,394.9,384.2,388.0,-0.59,16847.0,919.9,329.8
SINDU,6/19/2024,395.7,395.7,383.0,383.1,-1.26,18290.0,919.9,329.8
SINDU,6/20/2024,390.7,398.5,383.2,388.0,1.28,24289.0,919.9,329.8
SINDU,6/23/2024,380.5,395.6,380.5,390.0,0.52,18452.0,919.9,329.8
SINDU,6/24/2024,390.0,414.0,390.0,414.0,6.15,60641.0,919.9,329.8
SINDU,6/25/2024,419.0,429.0,417.0,420.0,1.45,39061.0,919.9,329.8
SINDU,6/26/2024,424.8,424.9,410.0,412.0,-1.9,24196.0,919.9,329.8
SINDU,6/27/2024,417.0,417.0,396.9,408.8,-0.78,24223.0,919.9,329.8
SINDU,6/30/2024,402.0,408.0,398.0,401.9,-1.69,19947.0,919.9,329.8
SINDU,7/1/2024,396.0,410.0,396.0,409.0,1.77,19041.0,919.9,329.8
SINDU,7/2/2024,417.0,442.0,410.0,419.8,2.64,33751.0,919.9,329.8
SINDU,7/3/2024,424.9,444.0,415.0,443.0,5.53,60859.0,919.9,329.8
SINDU,7/4/2024,451.8,464.9,449.0,451.5,1.92,77080.0,919.9,329.8
SINDU,7/7/2024,452.0,458.0,441.0,446.0,-1.22,31321.0,919.9,329.8
SINDU,7/8/2024,446.1,469.0,438.0,469.0,5.16,31444.0,919.9,329.8
SINDU,7/9/2024,469.0,482.0,461.0,467.9,-0.23,38819.0,919.9,329.8
SINDU,7/10/2024,475.0,475.0,456.1,460.0,-1.69,25234.0,919.9,329.8
SINDU,7/11/2024,469.0,469.9,458.2,460.0,0.0,18629.0,919.9,329.8
SINDU,7/14/2024,469.0,487.8,460.0,462.0,0.43,19378.0,919.9,329.8
SINDU,7/15/2024,466.0,466.0,449.0,454.0,-1.73,20953.0,919.9,329.8
SINDU,7/16/2024,463.0,499.4,450.0,499.4,10.0,69567.0,919.9,329.8
SINDU,7/17/2024,509.0,529.0,509.0,525.0,5.13,80676.0,919.9,329.8
SINDU,7/18/2024,529.9,529.9,500.0,501.0,-4.57,62400.0,919.9,329.8
SINDU,7/21/2024,496.0,514.0,491.0,505.0,0.8,68384.0,919.9,329.8
SINDU,7/22/2024,514.9,514.9,495.1,506.0,0.2,58628.0,919.9,329.8
SINDU,7/23/2024,500.0,519.0,500.0,509.1,0.61,41920.0,919.9,329.8
SINDU,7/24/2024,510.0,515.1,495.1,497.0,-2.38,42823.0,919.9,329.8
SINDU,7/25/2024,500.0,510.0,493.2,500.0,0.6,49632.0,919.9,329.8
SINDU,7/28/2024,510.0,520.0,499.0,515.0,3.0,50184.0,919.9,329.8
SINDU,7/29/2024,515.0,524.0,500.0,503.0,-2.33,45280.0,919.9,329.8
SINDU,7/30/2024,503.0,517.9,500.0,513.0,1.99,60833.0,919.9,329.8
SINDU,7/31/2024,513.0,545.0,513.0,530.0,3.31,73320.0,919.9,329.8
SINDU,8/1/2024,540.6,540.6,502.4,514.0,-3.02,80016.0,919.9,329.8
SINDU,8/5/2024,514.0,520.0,506.1,511.0,-0.58,40719.0,919.9,329.8
SINDU,8/6/2024,510.0,530.0,468.0,492.0,-3.72,71415.0,919.9,329.8
SINDU,8/7/2024,501.0,510.0,487.5,503.1,2.26,31375.0,919.9,329.8
SINDU,8/8/2024,493.1,528.0,493.1,506.0,0.58,61408.0,919.9,329.8
SINDU,8/11/2024,515.0,532.4,515.0,528.0,4.35,66436.0,919.9,329.8
SINDU,8/12/2024,528.0,534.0,521.0,525.2,-0.53,47556.0,919.9,329.8
SINDU,8/13/2024,530.0,534.0,515.0,520.0,-0.99,44888.0,919.9,329.8
SINDU,8/14/2024,510.0,569.0,510.0,557.0,7.12,77542.0,919.9,329.8
SINDU,8/15/2024,568.0,603.0,568.0,570.0,2.33,91679.0,919.9,329.8
SINDU,8/18/2024,565.0,580.0,535.2,540.0,-5.26,76236.0,919.9,329.8
SINDU,8/21/2024,540.0,594.0,535.0,594.0,10.0,95038.0,919.9,329.8
SINDU,8/22/2024,595.0,653.4,590.0,653.4,10.0,180301.0,919.9,329.8
SINDU,8/25/2024,666.4,702.9,624.3,630.0,-3.58,170711.0,919.9,329.8
SINDU,8/27/2024,630.0,652.0,590.2,605.0,-3.97,113432.0,919.9,329.8
SINDU,8/28/2024,610.0,640.0,595.0,611.5,1.07,72737.0,919.9,329.8
SINDU,8/29/2024,623.7,635.0,607.0,623.0,1.88,64858.0,919.9,329.8
SINDU,9/1/2024,630.0,630.0,607.0,608.0,-2.41,43236.0,919.9,329.8
SINDU,9/2/2024,620.1,643.0,609.0,640.0,5.26,64391.0,919.9,329.8
SINDU,9/3/2024,652.0,704.0,634.0,704.0,10.0,221232.0,919.9,329.8
SINDU,9/4/2024,718.0,740.0,680.2,699.7,-0.61,107800.0,919.9,329.8
SINDU,9/5/2024,686.0,705.0,667.0,699.0,-0.1,69797.0,919.9,329.8
SINDU,9/8/2024,686.0,721.0,686.0,699.0,0.0,83721.0,919.9,329.8
SINDU,9/9/2024,710.0,712.0,678.2,690.0,-1.29,41957.0,919.9,329.8
SINDU,9/10/2024,690.0,703.0,672.1,684.0,-0.87,25219.0,919.9,329.8
SINDU,9/11/2024,685.0,690.0,660.0,674.9,-1.33,31227.0,919.9,329.8
SINDU,9/12/2024,670.0,694.0,665.0,689.0,2.09,29296.0,919.9,329.8
SINDU,9/15/2024,690.0,690.0,657.0,665.0,-3.48,52541.0,919.9,329.8
SINDU,9/16/2024,652.0,660.0,617.5,622.0,-6.47,50295.0,919.9,329.8
SINDU,9/18/2024,622.0,624.0,597.5,618.0,-0.64,41934.0,919.9,329.8
SINDU,9/22/2024,630.0,640.0,607.3,612.0,-0.97,7100.0,919.9,329.8
SINDU,9/23/2024,599.8,605.0,571.4,587.0,-4.08,26536.0,919.9,329.8
SINDU,9/24/2024,598.7,598.7,549.0,549.0,-6.47,24320.0,919.9,329.8
SINDU,9/25/2024,559.9,585.0,541.3,583.0,6.19,22445.0,919.9,329.8
SINDU,9/26/2024,594.5,594.5,558.0,573.0,-1.72,19895.0,919.9,329.8
SINDU,9/29/2024,565.0,575.0,548.8,567.0,-1.05,21520.0,919.9,329.8
SINDU,9/30/2024,558.0,582.0,558.0,579.0,2.12,12335.0,919.9,329.8
SINDU,10/1/2024,590.0,628.2,581.0,628.2,8.5,16888.0,919.9,329.8
SINDU,10/2/2024,640.7,640.7,603.3,615.0,-2.1,45065.0,919.9,329.8
SINDU,10/6/2024,610.0,655.0,610.0,655.0,6.5,31595.0,919.9,329.8
SINDU,10/7/2024,642.0,681.0,642.0,654.7,-0.05,27781.0,919.9,329.8
SINDU,10/8/2024,650.0,660.0,625.5,640.0,-2.25,19963.0,919.9,329.8
SINDU,10/9/2024,651.9,652.0,636.1,651.0,1.72,20455.0,919.9,329.8
SINDU,10/15/2024,638.2,664.0,638.2,660.0,1.38,3584.0,919.9,329.8
SINDU,10/16/2024,669.0,675.0,652.7,675.0,2.27,20339.0,919.9,329.8
SINDU,10/17/2024,680.0,685.0,655.1,670.0,-0.74,15406.0,919.9,329.8
SINDU,10/20/2024,657.7,663.0,643.0,656.5,-2.01,38475.0,919.9,329.8
SINDU,10/21/2024,649.0,680.0,637.0,666.0,1.45,41424.0,919.9,329.8
SINDU,10/22/2024,668.0,694.0,662.0,673.0,1.05,18003.0,919.9,329.8
SINDU,10/23/2024,674.5,679.0,657.0,667.0,-0.89,19980.0,919.9,329.8
SINDU,10/24/2024,680.0,680.0,655.0,667.8,0.12,22031.0,919.9,329.8
SINDU,10/27/2024,667.8,685.5,667.8,685.0,2.58,37021.0,919.9,329.8
SINDU,10/28/2024,693.0,722.0,685.0,719.9,5.09,67660.0,919.9,329.8
SINDU,10/29/2024,723.0,736.0,723.0,736.0,2.24,32560.0,919.9,329.8
SINDU,10/30/2024,736.0,740.0,709.1,713.9,-3.0,42320.0,919.9,329.8
SINDU,11/5/2024,713.0,715.0,690.2,700.0,-1.95,29714.0,919.9,329.8
SINDU,11/6/2024,698.2,765.0,694.1,729.0,4.14,28248.0,919.9,329.8
SINDU,11/10/2024,729.0,775.0,729.0,759.0,4.12,62044.0,919.9,329.8
SINDU,11/11/2024,773.0,773.0,734.0,745.0,-1.84,49536.0,919.9,329.8
SINDU,11/12/2024,732.0,807.8,732.0,779.0,4.56,74620.0,919.9,329.8
SINDU,11/13/2024,793.4,839.9,771.0,819.0,5.13,65055.0,919.9,329.8
SINDU,11/14/2024,825.0,881.0,818.1,827.0,0.98,54821.0,919.9,329.8
SINDU,11/17/2024,827.3,850.0,800.3,804.9,-2.67,72250.0,919.9,329.8
SINDU,11/19/2024,810.0,831.3,770.3,784.0,-2.6,65964.0,919.9,329.8
SINDU,11/20/2024,790.0,862.4,777.0,862.4,10.0,81011.0,919.9,329.8
SINDU,11/21/2024,878.8,878.8,821.0,827.0,-4.1,52679.0,919.9,329.8
SINDU,11/24/2024,843.5,855.0,805.0,822.0,-0.6,39795.0,919.9,329.8
SINDU,11/25/2024,829.9,884.0,817.1,842.4,2.48,56465.0,919.9,329.8
SINDU,11/26/2024,843.0,875.9,812.0,828.0,-1.71,36941.0,919.9,329.8
SINDU,11/27/2024,820.1,910.8,817.0,910.8,10.0,138269.0,919.9,329.8
SINDU,11/28/2024,929.0,987.0,911.0,937.0,2.88,83767.0,919.9,329.8
SINDU,12/1/2024,918.3,1030.7,883.0,1030.7,10.0,136384.0,919.9,329.8
SINDU,12/2/2024,1051.3,1114.7,1010.1,1020.0,-1.04,100356.0,919.9,329.8
SINDU,12/3/2024,1040.0,1040.0,965.5,1000.0,-1.96,61783.0,919.9,329.8
SINDU,12/4/2024,999.6,1019.5,970.0,980.0,-2.0,35417.0,919.9,329.8
SINDU,12/5/2024,966.0,995.0,965.0,970.0,-1.02,37559.0,919.9,329.8
SINDU,12/8/2024,989.4,1050.0,954.7,999.0,2.99,73759.0,919.9,329.8
SINDU,12/9/2024,1004.0,1020.0,982.0,1010.0,1.1,28166.0,919.9,329.8
SINDU,12/10/2024,1030.2,1030.2,982.0,994.0,-1.58,21970.0,919.9,329.8
SINDU,12/11/2024,1013.8,1013.8,975.0,989.0,-0.5,15738.0,919.9,329.8
SINDU,12/12/2024,988.0,1008.0,940.0,955.0,-3.44,29766.0,919.9,329.8
SINDU,12/16/2024,974.1,974.1,901.0,909.0,-4.82,35831.0,919.9,329.8
SINDU,12/17/2024,907.0,925.1,875.0,889.7,-2.12,43022.0,919.9,329.8
SINDU,12/18/2024,900.0,942.0,882.0,919.9,3.39,41147.0,919.9,329.8
SINDU,12/19/2024,937.0,937.0,901.6,901.6,-1.99,52649.0,919.9,329.8
SINDU,12/22/2024,886.0,919.6,866.4,872.0,-3.28,25855.0,919.9,329.8
SINDU,12/23/2024,854.6,906.3,854.6,892.9,2.4,22595.0,919.9,329.8
SINDU,12/24/2024,895.2,978.0,892.5,940.0,5.27,44403.0,919.9,329.8
SINDU,12/26/2024,921.2,921.2,846.0,846.0,-10.0,106539.0,919.9,329.8
SINDU,12/29/2024,862.0,862.0,761.4,761.4,-10.0,88981.0,919.9,329.8
SINDU,12/31/2024,746.2,746.2,685.3,697.0,-8.46,77433.0,919.9,329.8
SINDU,1/1/2025,697.0,741.6,697.0,737.8,5.85,40182.0,919.9,329.8
SINDU,1/2/2025,746.9,811.5,717.0,810.0,9.79,73145.0,919.9,329.8
SINDU,1/5/2025,810.0,869.0,794.0,830.0,2.47,65248.0,919.9,329.8
SINDU,1/6/2025,829.8,870.0,814.0,869.0,4.7,61320.0,919.9,329.8
SINDU,1/7/2025,880.0,954.8,871.3,953.9,9.77,182779.0,919.9,329.8
SINDU,1/8/2025,972.9,1049.2,972.9,1049.2,9.99,190568.0,919.9,329.8
SINDU,1/9/2025,1070.1,1130.2,1050.0,1099.0,4.75,228964.0,919.9,329.8
SINDU,1/12/2025,1100.0,1208.9,1001.6,1189.0,8.19,177425.0,919.9,329.8
SINDU,1/13/2025,1166.0,1166.0,1070.1,1070.1,-10.0,123984.0,919.9,329.8
SINDU,1/15/2025,1069.1,1096.0,1040.1,1084.9,1.38,184354.0,919.9,329.8
SINDU,1/16/2025,1083.9,1132.2,1042.1,1092.0,0.65,261564.0,919.9,329.8
SINDU,1/19/2025,1091.0,1140.0,1037.4,1093.0,0.09,138928.0,919.9,329.8
SINDU,1/20/2025,1071.2,1156.6,1039.0,1071.0,-2.01,128676.0,919.9,329.8
SINDU,1/21/2025,1070.0,1071.0,1018.1,1030.1,-3.82,86009.0,919.9,329.8
SINDU,1/22/2025,1029.0,1085.0,1029.0,1072.9,4.15,112313.0,919.9,329.8
SINDU,1/23/2025,1072.5,1119.0,1072.5,1096.0,2.15,156458.0,919.9,329.8
SINDU,1/26/2025,1095.0,1179.0,1074.0,1159.0,5.75,255971.0,919.9,329.8
SINDU,1/27/2025,1159.0,1192.9,1066.0,1138.9,-1.73,262746.0,919.9,329.8
SINDU,1/28/2025,1116.2,1246.8,1072.1,1246.8,9.47,141231.0,919.9,329.8
SINDU,2/2/2025,1221.9,1340.0,1122.2,1248.0,0.1,251989.0,919.9,329.8
SINDU,2/3/2025,1223.1,1349.6,1151.4,1213.0,-2.8,141101.0,919.9,329.8
SINDU,2/4/2025,1212.0,1212.0,1091.7,1091.7,-10.0,137611.0,919.9,329.8
SINDU,2/5/2025,1069.9,1069.9,983.0,1068.0,-2.17,118857.0,919.9,329.8
SINDU,2/6/2025,1070.0,1130.0,1018.6,1085.0,1.59,105971.0,919.9,329.8
SINDU,2/9/2025,1085.1,1095.0,1024.1,1024.1,-5.61,61694.0,919.9,329.8
SINDU,2/10/2025,1007.0,1038.9,989.8,999.0,-2.45,69061.0,919.9,329.8
SINDU,2/11/2025,999.0,1063.8,995.0,1059.0,6.01,77049.0,919.9,329.8
SINDU,2/12/2025,1080.1,1137.0,1070.0,1134.0,7.08,167459.0,919.9,329.8
SINDU,2/13/2025,1150.0,1192.0,1140.0,1140.0,0.53,166127.0,919.9,329.8
SINDU,2/16/2025,1162.8,1162.8,1087.8,1119.9,-1.76,61214.0,919.9,329.8
SINDU,2/17/2025,1097.6,1119.0,1082.1,1093.0,-2.4,51711.0,919.9,329.8
SINDU,2/18/2025,1073.0,1090.0,1050.6,1052.0,-3.75,61509.0,919.9,329.8
SINDU,2/20/2025,1035.0,1072.0,1015.0,1033.1,-1.8,35252.0,919.9,329.8
SINDU,2/23/2025,1033.1,1050.0,980.0,1044.0,1.06,36697.0,919.9,329.8
SINDU,2/24/2025,1044.0,1088.7,1009.4,1044.9,0.09,55155.0,919.9,329.8
SINDU,2/25/2025,1026.0,1070.0,1004.5,1050.0,0.49,59595.0,919.9,329.8
SINDU,2/27/2025,1070.0,1155.0,1061.0,1154.9,9.99,153934.0,919.9,329.8
SINDU,3/2/2025,1154.9,1270.3,1109.3,1270.3,9.99,328292.0,919.9,329.8
SINDU,3/3/2025,1295.7,1397.3,1220.1,1370.0,7.85,217974.0,919.9,329.8
SINDU,3/4/2025,1342.6,1482.0,1233.0,1233.0,-10.0,361196.0,919.9,329.8
SINDU,3/5/2025,1233.0,1308.7,1139.8,1290.0,4.62,190306.0,919.9,329.8
SINDU,3/6/2025,1264.2,1264.2,1161.0,1259.0,-2.4,200897.0,919.9,329.8
SINDU,3/9/2025,1233.9,1233.9,1133.1,1133.1,-10.0,147582.0,919.9,329.8
SINDU,3/10/2025,1110.5,1178.7,1083.0,1115.0,-1.6,84706.0,919.9,329.8
SINDU,3/11/2025,1133.0,1195.0,1070.0,1116.0,0.09,86263.0,919.9,329.8
SINDU,3/12/2025,1093.7,1141.9,1050.5,1090.0,-2.33,63403.0,919.9,329.8
SINDU,3/16/2025,1090.0,1100.0,1033.0,1072.1,-1.64,74455.0,919.9,329.8
SINDU,3/17/2025,1052.0,1088.9,1045.0,1046.0,-2.43,29184.0,919.9,329.8
SINDU,3/18/2025,1048.0,1099.9,1038.1,1068.2,2.12,64962.0,919.9,329.8
SINDU,3/19/2025,1089.0,1100.0,1066.0,1089.0,1.95,55120.0,919.9,329.8
SINDU,3/20/2025,1110.0,1156.5,1067.3,1143.91,5.04,146530.0,919.9,329.8
SINDU,3/23/2025,1166.7,1224.0,1125.0,1149.55,0.49,165483.0,919.9,329.8
SINDU,3/24/2025,1148.0,1234.9,1090.0,1139.12,-0.91,103255.0,919.9,329.8
SINDU,3/25/2025,1126.0,1142.4,1060.0,1062.2,-6.75,81715.0,919.9,329.8
SINDU,3/26/2025,1045.0,1092.0,1030.1,1072.92,1.01,58033.0,919.9,329.8
SINDU,3/27/2025,1060.0,1092.0,1060.0,1075.37,0.23,32047.0,919.9,329.8
SINDU,3/30/2025,1062.6,1150.0,1062.6,1126.22,4.73,83209.0,919.9,329.8
SINDU,4/1/2025,1110.0,1168.1,1110.0,1138.73,1.11,101764.0,919.9,329.8
SINDU,4/2/2025,1139.0,1200.0,1120.0,1139.82,0.1,44168.0,919.9,329.8
SINDU,4/3/2025,1117.1,1147.9,1095.0,1105.59,-3.0,54596.0,919.9,329.8
SINDU,4/7/2025,1106.0,1210.0,1072.0,1176.74,6.44,49992.0,919.9,329.8
SINDU,4/8/2025,1153.3,1247.0,1086.9,1201.91,2.14,115489.0,919.9,329.8
SINDU,4/9/2025,1177.9,1177.9,1088.0,1112.1,-7.47,41786.0,919.9,329.8
SINDU,4/10/2025,1089.9,1222.4,1068.2,1200.8,7.98,116751.0,919.9,329.8
SINDU,4/13/2025,1176.8,1176.8,1080.8,1091.78,-9.08,175228.0,919.9,329.8
SINDU,4/15/2025,1092.0,1158.7,1058.4,1129.99,3.5,137110.0,919.9,329.8
SINDU,4/16/2025,1107.4,1152.0,1075.0,1080.39,-4.39,133908.0,919.9,329.8
SINDU,4/17/2025,1076.0,1086.9,1053.5,1056.84,-2.18,60419.0,919.9,329.8
SINDU,4/20/2025,1057.0,1077.9,1040.0,1047.31,-0.9,64608.0,919.9,329.8
SINDU,4/21/2025,1048.0,1085.0,1027.1,1075.24,2.67,95907.0,919.9,329.8
SINDU,4/22/2025,1076.0,1135.0,1055.0,1089.97,1.37,76309.0,919.9,329.8
SINDU,4/23/2025,1068.2,1130.0,1035.0,1041.63,-4.43,105244.0,919.9,329.8
SINDU,4/24/2025,1057.0,1059.0,980.7,998.02,-4.19,82806.0,919.9,329.8
SINDU,4/27/2025,985.0,1051.8,930.0,993.7,-0.43,113522.0,919.9,329.8
SINDU,4/28/2025,973.9,1080.0,960.4,1039.27,4.59,92639.0,919.9,329.8
SINDU,4/29/2025,1018.5,1059.5,961.0,970.37,-6.63,60248.0,919.9,329.8
SINDU,4/30/2025,989.7,989.7,938.0,944.44,-2.67,59501.0,919.9,329.8
SINDU,5/4/2025,950.0,967.5,937.2,955.99,1.22,65254.0,919.9,329.8
SINDU,5/5/2025,936.9,1013.9,936.9,961.28,0.55,50683.0,919.9,329.8
SINDU,5/6/2025,942.1,999.7,920.0,926.56,-3.61,51008.0,919.9,329.8
SINDU,5/7/2025,910.1,965.0,895.1,930.01,0.37,78912.0,919.9,329.8
SINDU,5/8/2025,920.0,947.9,885.1,891.38,-4.15,61469.0,919.9,329.8
SINDU,5/11/2025,888.0,905.0,817.0,826.35,-7.3,86305.0,919.9,329.8
SINDU,5/13/2025,828.0,858.0,784.0,799.78,-3.22,115513.0,919.9,329.8
SINDU,5/14/2025,788.1,810.0,760.0,763.98,-4.48,46755.0,919.9,329.8
SINDU,5/15/2025,749.0,778.7,713.0,720.52,-5.69,63342.0,919.9,329.8
SINDU,5/18/2025,720.52,748.9,681.0,724.29,0.52,96299.0,919.9,329.8
SINDU,5/19/2025,713.0,796.7,713.0,796.67,9.99,82276.0,919.9,329.8
SINDU,5/20/2025,812.0,876.3,812.0,876.3,10.0,96072.0,919.9,329.8
SINDU,5/21/2025,893.8,963.9,893.8,921.11,5.11,116590.0,919.9,329.8
SINDU,5/22/2025,930.0,965.0,876.1,920.04,-0.12,171153.0,919.9,329.8
SINDU,5/25/2025,902.0,910.0,840.0,843.9,-8.28,76439.0,919.9,329.8
SINDU,5/26/2025,860.7,912.3,830.0,836.07,-0.93,66176.0,919.9,329.8
SINDU,5/27/2025,823.0,888.0,800.0,877.88,5.0,101517.0,919.9,329.8
SINDU,5/28/2025,875.0,910.0,861.0,886.67,1.0,71637.0,919.9,329.8
SINDU,6/2/2025,904.4,915.8,867.0,875.45,-1.27,55431.0,919.9,329.8
SINDU,6/3/2025,892.9,928.2,874.2,879.36,0.45,82142.0,919.9,329.8
SINDU,6/4/2025,862.0,932.1,862.0,873.1,-0.71,68256.0,919.9,329.8
SINDU,6/5/2025,889.9,889.9,837.9,848.16,-2.86,82073.0,919.9,329.8
SINDU,6/8/2025,850.0,887.0,838.1,862.25,1.66,80346.0,919.9,329.8
SINDU,6/9/2025,846.0,909.0,846.0,882.0,2.29,81710.0,919.9,329.8
SINDU,6/10/2025,883.0,899.6,865.5,871.3,-1.21,31641.0,919.9,329.8
SINDU,6/11/2025,862.0,887.9,845.9,847.32,-2.75,42343.0,919.9,329.8
SINDU,6/12/2025,848.0,867.0,835.0,843.04,-0.51,55088.0,919.9,329.8
SINDU,6/15/2025,836.1,859.0,823.3,832.93,-1.2,54379.0,919.9,329.8
SINDU,6/16/2025,848.0,848.0,793.2,803.35,-3.55,79885.0,919.9,329.8
SINDU,6/17/2025,796.0,799.8,770.0,773.08,-3.77,56100.0,919.9,329.8
SINDU,6/18/2025,774.0,780.0,747.0,749.88,-3.0,59102.0,919.9,329.8
SINDU,6/19/2025,749.0,775.0,749.0,767.83,2.39,48870.0,919.9,329.8
SINDU,6/22/2025,770.0,815.0,753.3,777.7,1.29,53226.0,919.9,329.8
SINDU,6/23/2025,789.0,799.9,763.4,765.58,-1.56,20112.0,919.9,329.8
SINDU,6/24/2025,763.3,775.0,756.0,760.13,-0.71,22841.0,919.9,329.8
SINDU,6/25/2025,767.8,767.8,732.0,735.25,-3.27,44476.0,919.9,329.8
SINDU,6/26/2025,749.8,758.9,726.0,748.02,1.74,45238.0,919.9,329.8
SINDU,6/29/2025,740.0,776.0,730.1,759.21,1.5,70100.0,919.9,329.8
SINDU,6/30/2025,774.3,831.3,763.0,818.49,7.81,156199.0,919.9,329.8
SINDU,7/1/2025,834.8,839.0,797.0,806.27,-1.49,52063.0,919.9,329.8
SINDU,7/2/2025,822.3,886.8,808.0,878.19,8.92,124436.0,919.9,329.8
SINDU,7/3/2025,890.0,963.2,883.0,925.67,5.41,172138.0,919.9,329.8
SINDU,7/6/2025,944.0,944.0,861.0,871.92,-5.81,103465.0,919.9,329.8
SINDU,7/7/2025,870.0,942.5,843.8,904.54,3.74,97569.0,919.9,329.8
SINDU,7/8/2025,886.5,958.1,870.0,915.4,1.2,107119.0,919.9,329.8
SINDU,7/9/2025,915.4,938.0,900.0,923.24,0.86,64619.0,919.9,329.8
SINDU,7/10/2025,920.0,975.0,869.3,882.74,-4.39,110196.0,919.9,329.8
SINDU,7/13/2025,900.3,918.0,865.0,872.13,-1.2,75372.0,919.9,329.8
SINDU,7/14/2025,872.0,875.0,843.0,849.53,-2.59,48465.0,919.9,329.8
SINDU,7/15/2025,845.1,885.0,845.1,860.96,1.35,38386.0,919.9,329.8
SINDU,7/16/2025,861.0,886.3,845.0,866.7,0.67,40641.0,919.9,329.8
SINDU,7/17/2025,883.9,883.9,870.0,874.22,0.87,36834.0,919.9,329.8
SINDU,7/20/2025,891.0,891.0,859.0,862.48,-1.34,67185.0,919.9,329.8
SINDU,7/21/2025,865.0,870.0,776.3,807.63,-6.36,242793.0,919.9,329.8
SINDU,7/22/2025,820.0,851.0,790.9,836.05,3.52,66910.0,919.9,329.8
SINDU,7/23/2025,836.5,850.0,820.0,827.51,-1.02,30269.0,919.9,329.8
SINDU,7/24/2025,828.0,828.0,805.0,811.29,-1.96,69022.0,919.9,329.8
SINDU,7/27/2025,795.1,829.9,795.1,798.77,-1.54,57501.0,919.9,329.8
SINDU,7/28/2025,814.0,824.5,795.0,821.09,2.79,49024.0,919.9,329.8
SINDU,7/29/2025,821.1,835.0,815.0,820.8,-0.04,33432.0,919.9,329.8
SINDU,7/30/2025,804.4,820.0,803.0,804.94,-1.93,27288.0,919.9,329.8
SINDU,7/31/2025,820.0,879.8,820.0,859.22,6.74,144566.0,919.9,329.8
SINDU,8/3/2025,876.4,876.4,825.0,831.06,-3.28,34790.0,919.9,329.8
SINDU,8/4/2025,814.5,847.6,810.0,815.74,-1.84,32454.0,919.9,329.8
SINDU,8/5/2025,830.9,830.9,805.7,808.74,-0.86,21125.0,919.9,329.8
SINDU,8/6/2025,793.0,820.0,793.0,805.74,-0.37,20145.0,919.9,329.8
SINDU,8/7/2025,800.0,816.0,800.0,808.27,0.31,25736.0,919.9,329.8
SINDU,8/11/2025,824.0,824.0,794.0,795.18,-1.62,28645.0,919.9,329.8
SINDU,8/12/2025,779.3,809.0,778.0,780.07,-1.9,26155.0,919.9,329.8
SINDU,8/13/2025,764.5,805.9,764.5,787.92,1.01,14095.0,919.9,329.8
SINDU,8/14/2025,772.2,801.0,772.2,784.57,-0.43,13643.0,919.9,329.8
SINDU,8/17/2025,790.0,791.9,766.0,767.91,-2.12,17945.0,919.9,329.8
SINDU,8/18/2025,752.6,782.0,752.6,760.12,-1.01,19859.0,919.9,329.8
SINDU,8/19/2025,775.3,775.3,762.0,763.08,0.39,11525.0,919.9,329.8
SINDU,8/20/2025,778.3,778.3,752.2,759.36,-0.49,9293.0,919.9,329.8
SINDU,8/21/2025,774.0,774.0,752.0,755.21,-0.55,13493.0,919.9,329.8
SINDU,8/24/2025,757.7,760.0,745.0,747.97,-0.96,12035.0,919.9,329.8
SINDU,8/25/2025,762.9,762.9,733.4,752.34,0.58,12384.0,919.9,329.8
SINDU,8/26/2025,767.3,767.3,745.0,748.28,-0.54,8416.0,919.9,329.8
SINDU,8/27/2025,733.4,765.0,733.4,764.0,2.1,16026.0,919.9,329.8
SINDU,8/28/2025,773.5,773.5,750.0,752.39,-1.52,12801.0,919.9,329.8
SINDU,8/31/2025,755.0,755.0,735.0,739.47,-1.72,10556.0,919.9,329.8
SINDU,9/1/2025,740.0,748.5,731.0,739.35,-0.02,8325.0,919.9,329.8
SINDU,9/2/2025,754.1,754.1,732.0,734.54,-0.65,8255.0,919.9,329.8
SINDU,9/3/2025,749.2,749.2,710.0,712.98,-2.94,18265.0,919.9,329.8
SINDU,9/4/2025,698.8,723.0,690.0,700.01,-1.82,23850.0,919.9,329.8
SINDU,9/7/2025,709.0,709.0,698.0,698.8,-0.17,10095.0,919.9,329.8
SINDU,9/8/2025,700.0,702.0,685.0,686.67,-1.74,9779.0,919.9,329.8
SINDU,9/18/2025,690.0,690.0,618.0,618.0,-10.0,1075.0,919.9,329.8
SINDU,9/21/2025,618.0,679.8,608.0,679.8,10.0,42063.0,919.9,329.8
SINDU,9/23/2025,693.3,747.7,691.9,747.7,9.99,55207.0,919.9,329.8
SINDU,9/24/2025,755.0,774.0,740.0,749.0,0.17,36410.0,919.9,329.8
SINDU,9/25/2025,735.1,764.9,735.0,742.0,-0.93,25000.0,919.9,329.8
SINDU,9/28/2025,750.0,758.8,740.0,741.0,-0.13,9420.0,919.9,329.8
SINDU,10/7/2025,726.2,738.0,713.0,719.0,-2.97,15665.0,919.9,329.8
SINDU,10/8/2025,733.3,733.3,698.3,703.0,-2.23,18453.0,919.9,329.8
SINDU,10/9/2025,717.0,760.0,717.0,731.0,3.98,27509.0,919.9,329.8
SINDU,10/12/2025,731.0,731.0,705.0,709.0,-3.01,17969.0,919.9,329.8
SINDU,10/13/2025,700.1,727.0,691.0,723.0,1.97,11738.0,919.9,329.8
SINDU,10/14/2025,710.0,735.0,707.0,707.0,-2.21,4669.0,919.9,329.8
SINDU,10/15/2025,721.1,721.1,699.0,704.0,-0.42,5749.0,919.9,329.8
SINDU,10/16/2025,700.0,700.0,688.0,690.0,-1.99,11673.0,919.9,329.8
SINDU,10/19/2025,703.8,703.8,679.0,685.2,-0.7,4135.0,919.9,329.8
SINDU,10/26/2025,673.1,688.0,673.1,680.2,-0.73,6185.0,919.9,329.8
SINDU,10/28/2025,666.6,720.0,666.6,715.0,5.12,11150.0,919.9,329.8
SINDU,10/29/2025,729.0,786.5,708.0,720.0,0.7,26677.0,919.9,329.8
SINDU,10/30/2025,706.0,729.0,706.0,725.0,0.69,13866.0,919.9,329.8
SINDU,11/2/2025,711.0,739.5,711.0,724.2,-0.11,10227.0,919.9,329.8
SINDU,11/3/2025,711.0,737.0,711.0,720.0,-0.58,8016.0,919.9,329.8
SINDU,11/4/2025,712.0,725.0,706.0,709.0,-1.53,13171.0,919.9,329.8
SINDU,11/5/2025,714.9,715.0,701.0,710.0,0.14,9583.0,919.9,329.8
SINDU,11/6/2025,700.0,718.0,700.0,714.9,0.69,8482.0,919.9,329.8
SINDU,11/9/2025,705.0,710.0,700.0,701.0,-1.94,9312.0,919.9,329.8
SINDU,11/10/2025,690.0,705.3,690.0,696.0,-0.71,8605.0,919.9,329.8
SINDU,11/11/2025,696.0,705.0,690.0,695.0,-0.14,9966.0,919.9,329.8
SINDU,11/12/2025,690.0,703.0,690.0,696.5,0.22,11082.0,919.9,329.8
SINDU,11/13/2025,708.9,708.9,690.0,691.1,-0.78,5957.0,919.9,329.8
SINDU,11/16/2025,688.0,692.1,679.0,683.9,-1.04,4256.0,919.9,329.8
SINDU,11/17/2025,675.1,718.0,675.1,709.0,3.67,20746.0,919.9,329.8
SINDU,11/18/2025,720.0,723.0,695.8,709.0,0.0,25879.0,919.9,329.8
SINDU,11/19/2025,700.0,722.0,695.0,698.0,-1.55,12601.0,919.9,329.8
SINDU,11/20/2025,709.0,765.0,685.0,765.0,9.6,33629.0,919.9,329.8
SINDU,11/23/2025,749.7,749.7,707.0,733.0,-4.18,27617.0,919.9,329.8
SINDU,11/24/2025,722.0,734.8,722.0,725.0,-1.09,21657.0,919.9,329.8
SINDU,11/25/2025,722.0,730.0,717.0,721.1,-0.54,7292.0,919.9,329.8
SINDU,11/26/2025,716.0,729.0,713.1,713.1,-1.11,9813.0,919.9,329.8
SINDU,11/27/2025,719.0,734.0,711.0,734.0,2.93,29457.0,919.9,329.8
SINDU,11/30/2025,734.0,734.8,711.0,728.0,-0.82,18752.0,919.9,329.8
SINDU,12/1/2025,713.5,787.4,713.5,733.0,0.69,36703.0,919.9,329.8
SINDU,12/2/2025,718.4,737.0,718.4,731.0,-0.27,12503.0,919.9,329.8
SINDU,12/3/2025,721.0,736.9,709.6,727.9,-0.42,18956.0,919.9,329.8
SINDU,12/7/2025,714.0,735.0,706.0,735.0,0.98,42407.0,919.9,329.8
SINDU,12/8/2025,723.0,750.0,718.1,745.0,1.36,51986.0,919.9,329.8
SINDU,12/9/2025,744.7,759.0,731.0,747.0,0.27,43399.0,919.9,329.8
SINDU,12/10/2025,732.1,751.9,722.8,730.0,-2.28,24150.0,919.9,329.8
SINDU,12/11/2025,715.4,730.0,715.1,730.0,0.0,13321.0,919.9,329.8
SINDU,12/14/2025,731.0,731.0,710.0,715.0,-2.05,9840.0,919.9,329.8
SINDU,12/15/2025,705.0,711.9,704.9,709.9,-0.71,16759.0,919.9,329.8
SINDU,12/16/2025,701.1,717.0,701.1,706.5,-0.48,17037.0,919.9,329.8
SINDU,12/17/2025,715.0,734.9,708.0,728.4,3.1,28699.0,919.9,329.8
SINDU,12/18/2025,713.9,798.0,713.9,798.0,9.56,45411.0,919.9,329.8
SINDU,12/21/2025,800.0,800.0,718.2,718.2,-10.0,71083.0,919.9,329.8
SINDU,12/22/2025,703.9,725.0,703.9,707.2,-1.53,14336.0,919.9,329.8
SINDU,12/23/2025,707.0,715.0,702.2,706.3,-0.13,11895.0,919.9,329.8
SINDU,12/24/2025,718.0,718.0,699.0,702.0,-0.61,20541.0,919.9,329.8
SINDU,12/28/2025,711.0,711.0,697.1,706.0,0.57,21005.0,919.9,329.8
SINDU,12/29/2025,714.0,735.0,714.0,730.0,3.4,35112.0,919.9,329.8
SINDU,12/31/2025,716.0,744.0,716.0,720.1,-1.36,20198.0,919.9,329.8
SINDU,1/1/2026,719.9,727.0,710.0,715.1,-0.69,11868.0,919.9,329.8
SINDU,1/4/2026,700.8,724.9,700.8,708.3,-0.95,9948.0,919.9,329.8
SINDU,1/5/2026,708.0,729.9,708.0,721.0,1.79,24243.0,919.9,329.8
SINDU,1/6/2026,715.0,743.0,715.0,738.8,2.47,37806.0,919.9,329.8
SINDU,1/7/2026,724.1,744.0,716.9,724.0,-2.0,35085.0,919.9,329.8
SINDU,1/8/2026,710.0,725.0,710.0,714.0,-1.38,13268.0,919.9,329.8
SINDU,1/12/2026,718.0,726.0,710.0,722.9,1.25,25494.0,919.9,329.8
SINDU,1/13/2026,713.0,720.0,710.0,715.3,-1.05,8865.0,919.9,329.8
SINDU,1/14/2026,720.0,723.0,713.0,719.9,0.64,25344.0,919.9,329.8
SINDU,1/18/2026,724.0,730.0,720.0,730.0,1.4,28645.0,919.9,329.8
SINDU,1/20/2026,716.0,788.5,716.0,747.0,2.33,57149.0,919.9,329.8
SINDU,1/21/2026,732.1,759.0,730.5,740.0,-0.94,21993.0,919.9,329.8
SINDU,1/22/2026,730.0,797.6,730.0,741.0,0.14,50118.0,919.9,329.8
SINDU,1/25/2026,755.8,789.9,742.0,777.0,4.86,69795.0,919.9,329.8
SINDU,1/26/2026,776.7,848.9,765.2,830.0,6.82,161653.0,919.9,329.8
SINDU,1/27/2026,813.4,897.0,797.2,840.0,1.2,160409.0,919.9,329.8
SINDU,1/28/2026,823.2,869.0,814.5,869.0,3.45,81462.0,919.9,329.8
SINDU,1/29/2026,851.7,917.8,784.0,804.0,-7.48,115194.0,919.9,329.8
SINDU,2/1/2026,819.0,832.3,809.0,830.0,3.23,73848.0,919.9,329.8
SINDU,2/2/2026,814.0,887.0,814.0,886.9,6.86,164428.0,919.9,329.8
SINDU,2/3/2026,880.0,912.9,845.1,867.0,-2.24,125766.0,919.9,329.8
SINDU,2/4/2026,850.0,866.0,828.0,842.0,-2.88,37869.0,919.9,329.8
SINDU,2/5/2026,827.0,850.0,822.1,825.0,-2.02,23930.0,919.9,329.8
SINDU,2/8/2026,838.0,838.0,802.6,821.0,-0.48,37979.0,919.9,329.8
SINDU,2/9/2026,807.0,820.0,784.0,788.0,-4.02,55357.0,919.9,329.8
SINDU,2/10/2026,785.0,795.0,763.0,763.0,-3.17,45201.0,919.9,329.8
SINDU,2/11/2026,763.0,790.0,756.0,757.0,-0.79,21234.0,919.9,329.8
SINDU,2/12/2026,757.0,777.0,748.0,759.0,0.26,18840.0,919.9,329.8
SINDU,2/16/2026,750.5,773.0,745.0,749.0,-1.32,20515.0,919.9,329.8
SINDU,2/17/2026,763.0,763.0,726.0,731.0,-2.4,25618.0,919.9,329.8
SINDU,2/22/2026,716.5,745.0,716.5,730.0,-0.14,10635.0,919.9,329.8
SINDU,2/23/2026,719.0,769.0,719.0,738.5,1.16,47727.0,919.9,329.8
SINDU,2/24/2026,723.8,746.0,723.8,743.9,0.73,16737.0,919.9,329.8
SINDU,2/25/2026,730.0,756.0,730.0,745.0,0.15,16116.0,919.9,329.8
SINDU,2/26/2026,735.0,745.0,735.0,738.1,-0.93,13205.0,919.9,329.8
SINDU,2/27/2026,735.0,745.0,735.0,738.1,0.0,13205.0,919.9,329.8
SINDU,2/28/2026,735.0,745.0,735.0,738.1,0.0,13205.0,919.9,329.8
SINDU,3/2/2026,723.4,744.3,715.0,742.0,0.53,18883.0,919.9,329.8
SINDU,3/3/2026,729.0,758.0,729.0,750.5,1.15,15964.0,919.9,329.8
SINDU,3/4/2026,729.0,758.0,729.0,750.5,0.0,15964.0,919.9,329.8
SINDU,3/5/2026,729.0,758.0,729.0,750.5,0.0,15964.0,919.9,329.8
SINDU,3/6/2026,729.0,758.0,729.0,750.5,0.0,15964.0,919.9,329.8
SINDU,3/7/2026,729.0,758.0,729.0,750.5,0.0,15964.0,919.9,329.8
SINDU,3/8/2026,729.0,758.0,729.0,750.5,0.0,15964.0,919.9,329.8
SINDU,3/9/2026,765.5,811.5,765.5,811.5,8.13,2125.0,919.9,329.8
SINDU,3/10/2026,800.0,824.0,770.0,792.0,-2.4,38884.0,919.9,329.8
SINDU,3/11/2026,777.0,801.0,775.5,779.0,-1.64,17430.0,919.9,329.8
SINDU,3/12/2026,779.1,787.0,760.0,768.1,-1.4,17219.0,919.9,329.8
SINDU,3/13/2026,779.1,787.0,760.0,768.1,0.0,17219.0,919.9,329.8
SINDU,3/14/2026,779.1,787.0,760.0,768.1,0.0,17219.0,919.9,329.8
SINDU,3/15/2026,771.0,776.0,753.3,753.3,-1.93,15493.0,919.9,329.8
SINDU,3/16/2026,754.0,801.0,743.5,801.0,6.33,45102.0,919.9,329.8
SINDU,3/17/2026,790.0,800.0,774.2,799.7,-0.16,25004.0,919.9,329.8
SINDU,3/18/2026,790.0,800.0,774.2,799.7,0.0,25004.0,919.9,329.8
SINDU,3/19/2026,783.8,830.0,783.8,829.8,3.76,66159.0,919.9,329.8
SINDU,3/20/2026,783.8,830.0,783.8,829.8,0.0,66159.0,919.9,329.8
SINDU,3/21/2026,783.8,830.0,783.8,829.8,0.0,66159.0,919.9,329.8
SINDU,3/22/2026,813.3,899.0,813.3,864.9,4.23,127416.0,919.9,329.8
SINDU,3/23/2026,865.0,865.0,818.0,837.0,-3.23,26249.0,919.9,329.8
SINDU,3/24/2026,836.0,919.9,806.6,919.9,9.9,98586.0,919.9,329.8
SINDU,3/25/2026,901.6,901.6,846.0,863.9,-6.09,129671.0,919.9,329.8
SINDU,3/26/2026,850.0,850.0,829.0,833.0,-2.0,74271.0,919.9,329.8
SINDU,3/29/2026,833.0,833.0,800.0,808.0,-3.0,35513.0,919.9,329.8
SINDU,3/30/2026,800.0,823.0,780.0,785.7,-1.79,27164.0,919.9,329.8
SINDU,3/31/2026,801.4,815.0,771.0,805.1,0.46,35633.0,919.9,329.8
SINDU,4/1/2026,790.0,809.0,770.0,774.0,-2.03,26821.0,919.9,329.8
SINDU,4/2/2026,760.1,788.4,745.0,769.1,1.18,15622.0,919.9,329.8
SINDU,4/5/2026,758.0,760.0,706.0,709.0,-6.46,49083.0,919.9,329.8
SINDU,4/6/2026,710.0,758.0,700.0,748.1,5.37,29151.0,919.9,329.8
SINDU,4/7/2026,750.0,769.8,740.0,740.0,-1.33,14696.0,919.9,329.8
SINDU,4/8/2026,750.0,760.0,746.0,758.0,1.07,14261.0,919.9,329.8
SINDU,4/9/2026,743.0,780.0,743.0,780.0,4.98,18628.0,919.9,329.8
SINDU,4/10/2026,765.0,784.9,760.0,761.0,-0.52,26801.0,919.9,329.8
SINDU,4/13/2026,750.1,774.8,735.1,758.2,1.08,18978.0,919.9,329.8
SINDU,4/15/2026,765.0,834.0,750.6,834.0,9.02,39196.0,919.9,329.8
SINDU,4/16/2026,817.4,817.4,750.6,755.0,-7.63,100203.0,919.9,329.8
SINDU,4/17/2026,770.0,770.0,739.9,752.2,-2.31,21297.0,919.9,329.8
SINDU,4/20/2026,789.8,789.8,745.0,761.0,-3.65,10755.0,919.9,329.8
SINDU,4/21/2026,740.1,770.0,739.0,740.1,0.0,23165.0,919.9,329.8
SINDU,4/22/2026,742.0,760.0,732.5,750.0,1.08,25674.0,919.9,329.8
SINDU,4/23/2026,738.0,760.0,738.0,744.0,0.81,6224.0,919.9,329.8
SINDU,4/24/2026,733.2,748.8,733.2,735.0,0.25,7659.0,919.9,329.8
SINDU,4/27/2026,735.0,765.0,730.2,750.0,2.04,29662.0,919.9,329.8
SINDU,4/28/2026,750.0,768.0,750.0,758.9,1.19,42273.0,919.9,329.8
SINDU,4/29/2026,758.9,764.0,745.0,747.0,-1.57,9762.0,919.9,329.8
SINDU,4/30/2026,740.0,744.9,725.0,732.1,-1.07,17819.0,919.9,329.8
SINDU,5/4/2026,730.0,735.0,711.0,716.0,-1.92,14039.0,919.9,329.8
SINDU,5/5/2026,701.0,727.0,696.0,720.0,2.71,9722.0,919.9,329.8
SINDU,5/6/2026,720.0,720.0,700.0,706.0,-1.94,13163.0,919.9,329.8
SINDU,5/7/2026,692.1,710.0,692.1,697.0,0.71,13182.0,919.9,329.8
SINDU,5/8/2026,700.0,714.0,700.0,705.0,0.71,6852.0,919.9,329.8
SINDU,5/11/2026,724.0,725.9,710.0,712.0,-1.66,9022.0,919.9,329.8
SINDU,5/12/2026,713.1,718.9,702.0,707.0,-0.86,12043.0,919.9,329.8
SINDU,5/13/2026,693.0,708.0,693.0,706.0,1.88,9567.0,919.9,329.8
SINDU,5/14/2026,700.0,709.8,692.0,709.0,1.29,11348.0,919.9,329.8
SINDU,5/15/2026,696.3,710.0,696.3,700.1,0.55,6082.0,919.9,329.8
SINDU,5/18/2026,710.7,710.7,699.1,703.0,-1.08,5283.0,919.9,329.8
SINDU,5/19/2026,695.6,796.7,695.6,715.0,2.79,14098.0,919.9,329.8
SINDU,5/20/2026,700.0,725.0,700.0,718.0,2.57,6476.0,919.9,329.8
SINDU,5/21/2026,715.0,726.0,711.1,717.9,0.41,6412.0,919.9,329.8
SINDU,5/22/2026,700.0,723.3,700.0,720.0,2.86,6464.0,919.9,329.8
SINDU,5/25/2026,713.1,733.9,713.1,733.9,2.92,6351.0,919.9,329.8
SINDU,5/26/2026,720.0,740.0,720.0,739.0,2.64,9112.0,919.9,329.8
SINDU,5/27/2026,718.0,817.2,718.0,750.0,4.46,35691.0,919.9,329.8
SINDU,6/1/2026,734.3,747.1,722.1,730.0,-0.59,12057.0,919.9,329.8
SINDU,6/2/2026,734.8,739.9,729.2,739.9,0.69,7839.0,919.9,329.8
SINDU,6/3/2026,726.0,749.9,726.0,749.9,3.29,7803.0,919.9,329.8
SINDU,6/4/2026,729.0,754.0,729.0,738.0,1.23,10757.0,919.9,329.8
SINDU,6/5/2026,725.1,762.2,725.1,754.0,3.99,35919.0,919.9,329.8
SINDU,6/8/2026,733.0,770.0,733.0,749.9,2.31,5619.0,919.9,329.8
SINDU,6/9/2026,728.0,744.0,720.0,735.0,0.96,12625.0,919.9,329.8
SINDU,6/10/2026,727.0,800.0,727.0,750.0,3.16,12722.0,919.9,329.8
SINDU,6/11/2026,712.5,760.0,712.5,759.9,6.65,31161.0,919.9,329.8
SINDU,6/12/2026,759.0,759.0,740.0,741.2,-2.35,7070.0,919.9,329.8
SINDU,6/15/2026,724.0,756.4,724.0,746.9,3.16,5862.0,919.9,329.8
SINDU,6/16/2026,730.0,743.8,730.0,740.0,1.37,3916.0,919.9,329.8
SINDU,6/17/2026,727.0,824.0,727.0,735.0,1.1,19036.0,919.9,329.8
SINDU,6/18/2026,698.3,750.0,698.3,730.0,4.54,2910.0,919.9,329.8
SINDU,6/19/2026,747.1,747.1,724.0,732.3,-1.98,4472.0,919.9,329.8
SINDU,6/22/2026,720.2,740.0,720.1,720.1,-0.01,5705.0,919.9,329.8
SINDU,6/23/2026,720.1,725.0,710.2,718.9,-0.17,6609.0,919.9,329.8
SINDU,6/24/2026,710.0,719.5,703.0,708.0,-0.28,5360.0,919.9,329.8
SINDU,6/26/2026,699.1,739.0,692.1,709.0,1.42,4945.0,919.9,329.8
SINDU,6/29/2026,700.0,708.5,700.0,704.0,0.57,3079.0,919.9,329.8
SINDU,6/30/2026,692.4,705.0,692.4,697.0,0.66,5247.0,919.9,329.8
SINDU,7/1/2026,662.2,715.0,662.2,706.1,6.63,5551.0,919.9,329.8
SINDU,7/2/2026,703.2,721.9,703.2,721.9,2.66,2180.0,919.9,329.8
SINDU,7/3/2026,701.1,720.8,701.1,710.0,1.27,4171.0,919.9,329.8
SINDU,7/6/2026,696.0,710.0,696.0,698.0,0.29,2973.0,919.9,329.8
SINDU,7/7/2026,663.1,715.0,663.1,712.0,7.37,3399.0,919.9,329.8
SINDU,7/8/2026,677.0,713.0,677.0,701.0,3.55,3824.0,919.9,329.8
SINDU,7/9/2026,690.0,700.0,690.0,695.0,0.72,4152.0,919.9,329.8
SINDU,7/10/2026,686.0,703.9,684.9,693.0,1.02,9583.0,919.9,329.8
SINDU,7/13/2026,683.1,690.0,673.0,673.1,-1.46,2675.0,919.9,329.8
SINDU,7/14/2026,639.5,690.9,639.5,678.9,6.16,5350.0,919.9,329.8
SINDU,7/15/2026,670.1,694.0,666.0,680.0,1.48,4847.0,919.9,329.8
SINDU,7/16/2026,714.0,714.0,670.0,670.0,-6.16,6146.0,919.9,329.8
SINDU,7/17/2026,688.9,704.8,673.5,700.0,1.61,12796.0,919.9,329.8
SINDU,7/20/2026,700.0,730.0,700.0,716.0,2.29,10748.0,919.9,329.8
SINDU,7/21/2026,703.0,730.0,703.0,719.0,2.28,7424.0,919.9,329.8
SINDU,7/22/2026,683.1,800.0,683.1,729.3,6.76,18145.0,919.9,329.8
SINDU,7/23/2026,692.9,733.8,692.9,719.0,3.77,3025.0,919.9,329.8
SINDU,7/24/2026,683.1,723.0,683.1,719.0,5.26,12801.0,919.9,329.8
SINDU,7/27/2026,754.9,754.9,700.0,710.0,-5.95,20353.0,919.9,329.8
SINDU,7/28/2026,702.0,714.7,695.0,709.5,1.07,7508.0,919.9,329.8
SINDU,7/29/2026,720.0,720.0,699.0,710.0,-1.39,17345.0,919.9,329.8
SINDU,7/30/2026,700.1,711.0,700.1,701.0,0.13,16145.0,919.9,329.8
SINDU,7/31/2026,714.0,725.0,695.8,723.9,1.39,48851.0,919.9,329.8
SINDU,8/3/2026,716.3,729.9,716.3,721.9,0.78,11190.0,919.9,329.8
SINDU,8/4/2026,716.1,721.0,700.0,701.0,-2.11,19493.0,919.9,329.8
SINDU,8/5/2026,717.0,717.0,700.0,704.0,-1.81,9890.0,919.9,329.8
SINDU,8/6/2026,700.0,709.9,692.0,700.0,0.0,12222.0,919.9,329.8
SINDU,8/7/2026,690.1,699.9,685.0,691.0,0.13,9207.0,919.9,329.8
SINDU,8/10/2026,691.0,699.7,685.0,691.0,0.0,8020.0,919.9,329.8
SINDU,8/11/2026,666.0,695.0,666.0,686.0,3.0,6159.0,919.9,329.8
SINDU,8/12/2026,704.9,704.9,676.1,684.6,-2.88,8940.0,919.9,329.8
SINDU,8/13/2026,718.8,718.8,677.0,680.0,-5.4,6512.0,919.9,329.8
SINDU,8/14/2026,714.0,714.0,671.2,684.0,-4.2,3985.0,919.9,329.8
SINDU,8/17/2026,672.1,687.9,672.0,680.0,1.18,10870.0,919.9,329.8
SINDU,8/18/2026,714.0,714.0,671.2,675.0,-5.46,10761.0,919.9,329.8
SINDU,8/19/2026,706.8,706.8,670.8,672.1,-4.91,8256.0,919.9,329.8
SINDU,8/20/2026,679.9,679.9,658.0,660.0,-2.93,8300.0,919.9,329.8
SINDU,8/21/2026,653.1,667.0,640.0,640.0,-2.01,9724.0,919.9,329.8
SINDU,8/24/2026,625.5,643.6,620.2,622.0,-0.56,12296.0,919.9,329.8
SINDU,8/25/2026,650.0,650.0,615.0,619.0,-4.77,8091.0,919.9,329.8
SINDU,8/26/2026,615.0,620.0,592.0,610.0,-0.81,15703.0,919.9,329.8
SINDU,8/27/2026,592.5,614.0,577.0,613.9,3.61,8787.0,919.9,329.8
SINDU,8/31/2026,602.9,603.0,587.3,587.3,-2.59,5867.0,919.9,329.8
SINDU,9/1/2026,587.3,602.0,580.0,596.0,1.48,12750.0,919.9,329.8
SINDU,9/2/2026,580.0,597.0,580.0,592.0,2.07,4208.0,919.9,329.8
SINDU,9/3/2026,564.0,598.3,564.0,585.5,3.81,3256.0,919.9,329.8
SINDU,9/7/2026,556.3,556.3,497.7,497.7,-10.53,20260.0,919.9,329.8
SINDU,9/9/2026,493.5,493.5,423.1,423.1,-14.27,5486.0,919.9,329.8
SINDU,9/10/2026,402.0,402.0,359.7,359.7,-10.52,12753.0,919.9,329.8
SINDU,9/11/2026,341.8,413.0,329.8,394.0,15.27,142459.0,919.9,329.8
SINDU,9/14/2026,394.0,414.9,370.0,405.3,2.87,47416.0,919.9,329.8
SINDU,9/15/2026,421.0,460.0,403.0,450.0,6.89,71376.0,919.9,329.8
SINDU,9/16/2026,455.0,455.0,424.9,430.0,-5.49,49440.0,919.9,329.8
SINDU,9/17/2026,439.0,441.0,414.0,429.0,-2.28,34130.0,919.9,329.8
SINDU,9/18/2026,410.0,493.0,410.0,425.0,3.66,51624.0,919.9,329.8
SINDU,9/22/2026,403.8,435.9,403.8,431.0,6.74,20839.0,919.9,329.8
SINDU,9/23/2026,409.5,433.0,409.5,418.5,2.2,8425.0,919.9,329.8
SINDU,9/24/2026,410.3,424.8,410.3,417.9,1.85,12516.0,919.9,329.8
SINDU,9/28/2026,438.7,438.7,397.0,400.0,-8.82,15601.0,919.9,329.8
SINDU,9/29/2026,399.5,406.0,385.0,0.0,-100.0,11904.0,919.9,329.8
SINDU,9/30/2026,369.6,445.0,369.6,444.9,20.37,33410.0,919.9,329.8
SINDU,10/1/2026,422.7,493.0,400.0,489.9,15.9,73156.0,919.9,329.8
SINDU,10/2/2026,465.5,470.0,425.0,448.0,-3.76,65661.0,919.9,329.8
SINDUP,4/5/2026,418.0,418.0,418.0,418.0,0.0,11149.0,426.0,188.0
SIPD,4/10/2026,284.3,312.7,284.3,312.7,9.99,140.0,1216.8,284.3
SIPD,4/13/2026,312.1,343.9,312.1,343.9,10.19,230.0,1216.8,284.3
SIPD,4/15/2026,340.6,378.2,340.6,378.2,11.04,280.0,1216.8,284.3
SIPD,4/16/2026,372.5,416.0,372.5,416.0,11.68,200.0,1216.8,284.3
SIPD,4/17/2026,424.3,457.6,424.3,457.6,7.85,220.0,1216.8,284.3
SIPD,4/20/2026,471.3,526.2,471.3,526.2,11.65,380.0,1216.8,284.3
SIPD,4/21/2026,528.7,605.1,528.7,605.1,14.45,580.0,1216.8,284.3
SIPD,4/22/2026,623.2,695.8,623.2,695.8,11.65,780.0,1216.8,284.3
SIPD,4/23/2026,730.5,800.1,730.5,800.1,9.53,1640.0,1216.8,284.3
SIPD,4/24/2026,840.1,920.1,840.1,920.1,9.52,1800.0,1216.8,284.3
SIPD,4/27/2026,966.1,1058.1,966.1,1058.1,9.52,4380.0,1216.8,284.3
SIPD,4/28/2026,1111.0,1216.8,1000.1,1002.0,-9.81,128510.0,1216.8,284.3
SIPD,4/29/2026,1002.0,1002.0,891.0,902.6,-9.92,126545.0,1216.8,284.3
SIPD,4/30/2026,876.0,1028.0,854.0,974.0,11.19,62190.0,1216.8,284.3
SIPD,5/4/2026,974.0,1003.2,902.0,905.0,-7.08,37868.0,1216.8,284.3
SIPD,5/5/2026,859.8,909.4,859.8,900.0,4.68,43463.0,1216.8,284.3
SIPD,5/6/2026,875.0,898.0,855.0,865.0,-1.14,24250.0,1216.8,284.3
SIPD,5/7/2026,865.0,889.0,830.4,832.0,-3.82,20929.0,1216.8,284.3
SIPD,5/8/2026,830.0,888.0,825.1,856.0,3.13,27199.0,1216.8,284.3
SIPD,5/11/2026,860.0,895.0,860.0,867.3,0.85,29500.0,1216.8,284.3
SIPD,5/12/2026,867.0,896.0,833.1,839.0,-3.23,28867.0,1216.8,284.3
SIPD,5/13/2026,830.0,848.9,815.0,816.0,-1.69,23200.0,1216.8,284.3
SIPD,5/14/2026,815.0,828.9,792.0,797.0,-2.21,20520.0,1216.8,284.3
SIPD,5/15/2026,806.0,824.0,793.0,799.0,-0.87,18488.0,1216.8,284.3
SIPD,5/18/2026,799.0,820.0,785.0,785.1,-1.74,14531.0,1216.8,284.3
SIPD,5/19/2026,780.0,790.0,760.1,768.0,-1.54,23474.0,1216.8,284.3
SIPD,5/20/2026,750.4,815.0,750.4,815.0,8.61,22701.0,1216.8,284.3
SIPD,5/21/2026,824.0,824.0,790.2,799.0,-3.03,15845.0,1216.8,284.3
SIPD,5/22/2026,765.0,822.0,765.0,815.0,6.54,27362.0,1216.8,284.3
SIPD,5/25/2026,815.0,860.0,810.0,848.2,4.07,41090.0,1216.8,284.3
SIPD,5/26/2026,848.0,853.0,826.4,832.0,-1.89,15181.0,1216.8,284.3
SIPD,5/27/2026,791.1,842.9,791.1,830.0,4.92,22973.0,1216.8,284.3
SIPD,6/1/2026,825.0,829.0,790.7,797.0,-3.39,26402.0,1216.8,284.3
SIPD,6/2/2026,795.0,800.0,787.0,796.6,0.2,18633.0,1216.8,284.3
SIPD,6/3/2026,792.0,815.0,778.0,783.0,-1.14,17641.0,1216.8,284.3
SIPD,6/4/2026,776.1,795.0,776.1,787.0,1.4,13445.0,1216.8,284.3
SIPD,6/5/2026,748.2,790.0,748.2,773.0,3.31,13831.0,1216.8,284.3
SIPD,6/8/2026,745.0,775.0,745.0,758.0,1.74,17834.0,1216.8,284.3
SIPD,6/9/2026,758.0,771.9,745.0,769.0,1.45,19013.0,1216.8,284.3
SIPD,6/10/2026,770.0,792.0,760.0,770.0,0.0,23656.0,1216.8,284.3
SIPD,6/11/2026,770.0,788.0,755.4,760.0,-1.3,12395.0,1216.8,284.3
SIPD,6/12/2026,758.1,770.0,750.0,753.0,-0.67,9839.0,1216.8,284.3
SIPD,6/15/2026,753.0,760.0,735.5,742.4,-1.41,14877.0,1216.8,284.3
SIPD,6/16/2026,736.0,745.0,730.0,732.0,-0.54,16910.0,1216.8,284.3
SIPD,6/17/2026,733.0,740.0,720.0,728.0,-0.68,13451.0,1216.8,284.3
SIPD,6/18/2026,730.0,747.0,712.1,720.0,-1.37,22121.0,1216.8,284.3
SIPD,6/19/2026,720.0,729.9,711.0,728.0,1.11,13271.0,1216.8,284.3
SIPD,6/22/2026,691.6,735.2,691.6,716.2,3.56,15332.0,1216.8,284.3
SIPD,6/23/2026,725.0,725.0,693.0,695.0,-4.14,17245.0,1216.8,284.3
SIPD,6/24/2026,680.0,700.0,651.0,690.0,1.47,21774.0,1216.8,284.3
SIPD,6/26/2026,662.0,685.7,661.0,673.5,1.74,15727.0,1216.8,284.3
SIPD,6/29/2026,707.0,707.0,644.0,648.0,-8.35,16505.0,1216.8,284.3
SIPD,6/30/2026,648.0,648.0,617.0,620.0,-4.32,12614.0,1216.8,284.3
SIPD,7/1/2026,610.0,657.7,601.5,648.4,6.3,14520.0,1216.8,284.3
SIPD,7/2/2026,648.0,648.0,624.0,640.0,-1.23,3860.0,1216.8,284.3
SIPD,7/3/2026,640.0,644.0,621.0,630.0,-1.56,5312.0,1216.8,284.3
SIPD,7/6/2026,621.4,625.0,612.5,613.0,-1.35,8457.0,1216.8,284.3
SIPD,7/7/2026,600.0,630.0,598.0,609.0,1.5,14593.0,1216.8,284.3
SIPD,7/8/2026,601.1,608.7,590.0,600.0,-0.18,12126.0,1216.8,284.3
SIPD,7/9/2026,600.0,600.0,580.1,590.0,-1.67,10144.0,1216.8,284.3
SIPD,7/10/2026,619.5,619.5,582.1,595.1,-3.94,9535.0,1216.8,284.3
SIPD,7/13/2026,596.0,600.0,558.2,574.8,-3.56,11523.0,1216.8,284.3
SIPD,7/14/2026,575.0,575.0,550.1,569.9,-0.89,9433.0,1216.8,284.3
SIPD,7/15/2026,597.0,597.0,553.1,565.0,-5.36,6589.0,1216.8,284.3
SIPD,7/16/2026,565.0,574.0,552.6,558.9,-1.08,10156.0,1216.8,284.3
SIPD,7/17/2026,574.9,630.0,558.9,626.0,8.89,25904.0,1216.8,284.3
SIPD,7/20/2026,625.0,700.0,607.3,675.0,8.0,27332.0,1216.8,284.3
SIPD,7/21/2026,675.0,695.0,660.0,685.0,1.48,37278.0,1216.8,284.3
SIPD,7/22/2026,670.0,710.0,655.5,686.9,2.52,29651.0,1216.8,284.3
SIPD,7/23/2026,668.1,745.0,668.1,745.0,11.51,51184.0,1216.8,284.3
SIPD,7/24/2026,750.0,757.0,713.0,727.0,-3.07,51208.0,1216.8,284.3
SIPD,7/27/2026,725.0,740.0,681.0,681.0,-6.07,35961.0,1216.8,284.3
SIPD,7/28/2026,715.0,715.0,660.0,696.0,-2.66,30875.0,1216.8,284.3
SIPD,7/29/2026,716.0,716.0,675.2,680.0,-5.03,10073.0,1216.8,284.3
SIPD,7/30/2026,682.0,682.0,651.0,678.9,-0.45,24436.0,1216.8,284.3
SIPD,7/31/2026,661.0,685.0,648.0,680.0,2.87,22151.0,1216.8,284.3
SIPD,8/3/2026,661.0,709.6,661.0,697.0,5.45,46085.0,1216.8,284.3
SIPD,8/4/2026,731.0,731.0,660.0,660.0,-9.71,10170.0,1216.8,284.3
SIPD,8/5/2026,646.0,708.0,646.0,699.0,8.2,80355.0,1216.8,284.3
SIPD,8/6/2026,681.0,739.0,670.1,690.0,1.32,16708.0,1216.8,284.3
SIPD,8/7/2026,690.0,690.0,660.0,680.0,-1.45,15418.0,1216.8,284.3
SIPD,8/10/2026,660.0,685.0,660.0,678.9,2.86,30604.0,1216.8,284.3
SIPD,8/11/2026,679.0,690.0,661.0,680.0,0.15,17493.0,1216.8,284.3
SIPD,8/12/2026,678.0,680.0,661.3,675.0,-0.44,7484.0,1216.8,284.3
SIPD,8/13/2026,672.0,680.2,660.0,680.0,1.19,33117.0,1216.8,284.3
SIPD,8/14/2026,661.0,700.3,661.0,669.0,1.21,20300.0,1216.8,284.3
SIPD,8/17/2026,669.0,670.0,653.0,658.0,-1.64,20266.0,1216.8,284.3
SIPD,8/18/2026,650.0,669.0,642.0,644.7,-0.82,13959.0,1216.8,284.3
SIPD,8/19/2026,612.5,679.8,612.5,645.1,5.32,28978.0,1216.8,284.3
SIPD,8/20/2026,645.1,664.4,645.1,663.0,2.77,5783.0,1216.8,284.3
SIPD,8/21/2026,647.0,663.0,647.0,648.0,0.15,6048.0,1216.8,284.3
SIPD,8/24/2026,638.0,650.0,620.0,621.0,-2.66,11173.0,1216.8,284.3
SIPD,8/25/2026,620.0,635.0,602.2,609.0,-1.77,6493.0,1216.8,284.3
SIPD,8/26/2026,601.0,605.0,582.0,587.0,-2.33,13727.0,1216.8,284.3
SIPD,8/27/2026,570.0,599.8,560.0,596.0,4.56,13150.0,1216.8,284.3
SIPD,8/31/2026,582.0,590.0,563.0,581.0,-0.17,11039.0,1216.8,284.3
SIPD,9/1/2026,568.0,585.0,568.0,579.8,2.08,8352.0,1216.8,284.3
SIPD,9/2/2026,566.0,583.0,562.5,581.0,2.65,7920.0,1216.8,284.3
SIPD,9/3/2026,585.0,590.0,565.0,580.0,-0.85,7186.0,1216.8,284.3
SIPD,9/7/2026,579.0,614.0,578.0,591.1,2.09,17398.0,1216.8,284.3
SIPD,9/9/2026,582.0,625.0,582.0,611.8,5.12,28422.0,1216.8,284.3
SIPD,9/10/2026,595.0,620.0,595.0,610.0,2.52,19354.0,1216.8,284.3
SIPD,9/11/2026,640.4,640.4,591.7,607.9,-5.07,35658.0,1216.8,284.3
SIPD,9/14/2026,607.8,618.0,595.0,609.0,0.2,31407.0,1216.8,284.3
SIPD,9/15/2026,639.0,639.0,590.0,608.0,-4.85,46209.0,1216.8,284.3
SIPD,9/16/2026,608.0,610.0,591.4,600.0,-1.32,7147.0,1216.8,284.3
SIPD,9/17/2026,600.0,608.5,587.0,588.0,-2.0,12221.0,1216.8,284.3
SIPD,9/18/2026,570.0,597.0,570.0,580.0,1.75,29168.0,1216.8,284.3
SIPD,9/22/2026,551.0,591.0,551.0,571.1,3.65,19193.0,1216.8,284.3
SIPD,9/23/2026,570.0,585.0,558.0,563.9,-1.07,14473.0,1216.8,284.3
SIPD,9/24/2026,566.0,579.0,560.0,569.9,0.69,7192.0,1216.8,284.3
SIPD,9/28/2026,569.0,576.8,557.0,564.0,-0.88,14698.0,1216.8,284.3
SIPD,9/29/2026,563.0,565.0,535.0,0.0,-100.0,14595.0,1216.8,284.3
SIPD,9/30/2026,514.0,550.0,514.0,538.0,4.67,9809.0,1216.8,284.3
SIPD,10/1/2026,532.0,562.0,526.1,560.3,5.32,16783.0,1216.8,284.3
SIPD,10/2/2026,562.5,562.8,540.0,548.9,-2.42,7252.0,1216.8,284.3
SJCL,8/12/2019,233.0,233.0,227.0,228.0,,64760.0,365.0,214.2
SJCL,8/13/2019,226.0,230.0,225.0,225.0,-1.32,42565.0,365.0,214.2
SJCL,8/14/2019,224.0,227.0,222.0,222.0,-1.33,44230.0,365.0,214.2
SJCL,8/15/2019,220.0,226.0,220.0,222.0,0.0,23050.0,365.0,214.2
SJCL,8/18/2019,223.0,225.0,217.0,217.0,-2.25,42847.0,365.0,214.2
SJCL,8/19/2019,217.0,228.0,213.0,222.0,2.3,37300.0,365.0,214.2
SJCL,8/20/2019,222.0,222.0,216.0,217.0,-2.25,34270.0,365.0,214.2
SJCL,8/21/2019,218.0,222.0,216.0,217.0,0.0,20900.0,365.0,214.2
SJCL,8/22/2019,216.0,219.0,216.0,217.0,0.0,19505.0,365.0,214.2
SJCL,8/25/2019,217.0,217.0,210.0,214.0,-1.38,29840.0,365.0,214.2
SJCL,8/26/2019,211.0,213.0,206.0,206.0,-3.74,32565.0,365.0,214.2
SJCL,8/27/2019,206.0,214.0,201.0,209.0,1.46,18681.0,365.0,214.2
SJCL,8/28/2019,208.0,211.0,205.0,206.0,-1.44,12359.0,365.0,214.2
SJCL,8/29/2019,206.0,208.0,203.0,203.0,-1.46,16538.0,365.0,214.2
SJCL,9/1/2019,203.0,203.0,189.0,190.0,-6.4,34280.0,365.0,214.2
SJCL,9/2/2019,188.0,192.0,185.0,188.0,-1.05,24421.0,365.0,214.2
SJCL,9/3/2019,190.0,194.0,180.0,191.0,1.6,31610.0,365.0,214.2
SJCL,9/4/2019,194.0,194.0,187.0,192.0,0.52,22253.0,365.0,214.2
SJCL,9/5/2019,192.0,196.0,188.0,190.0,-1.04,21245.0,365.0,214.2
SJCL,9/8/2019,190.0,191.0,184.0,184.0,-3.16,10870.0,365.0,214.2
SJCL,9/9/2019,186.0,189.0,180.0,181.0,-1.63,16670.0,365.0,214.2
SJCL,9/10/2019,181.0,182.0,173.0,177.0,-2.21,26971.0,365.0,214.2
SJCL,9/11/2019,177.0,180.0,175.0,177.0,0.0,11801.0,365.0,214.2
SJCL,9/12/2019,177.0,177.0,173.0,173.0,-2.26,13435.0,365.0,214.2
SJCL,9/15/2019,173.0,174.0,163.0,168.0,-2.89,30110.0,365.0,214.2
SJCL,9/16/2019,165.0,171.0,163.0,167.0,-0.6,16910.0,365.0,214.2
SJCL,9/17/2019,167.0,186.0,164.0,178.0,6.59,48995.0,365.0,214.2
SJCL,9/18/2019,178.0,183.0,173.0,182.0,2.25,47604.0,365.0,214.2
SJCL,9/19/2019,183.0,183.0,175.0,177.0,-2.75,15330.0,365.0,214.2
SJCL,9/22/2019,175.0,176.0,165.0,166.0,-6.21,21650.0,365.0,214.2
SJCL,9/23/2019,166.0,170.0,164.0,164.0,-1.2,11060.0,365.0,214.2
SJCL,9/24/2019,164.0,166.0,163.0,166.0,1.22,7500.0,365.0,214.2
SJCL,9/25/2019,164.0,166.0,163.0,164.0,-1.2,9021.0,365.0,214.2
SJCL,9/26/2019,162.0,166.0,162.0,164.0,0.0,14685.0,365.0,214.2
SJCL,9/29/2019,162.0,168.0,162.0,163.0,-0.61,11170.0,365.0,214.2
SJCL,9/30/2019,163.0,175.0,161.0,175.0,7.36,7200.0,365.0,214.2
SJCL,10/1/2019,168.0,171.0,166.0,170.0,-2.86,9170.0,365.0,214.2
SJCL,10/2/2019,172.0,172.0,166.0,169.0,-0.59,4870.0,365.0,214.2
SJCL,10/3/2019,171.0,171.0,168.0,169.0,0.0,10135.0,365.0,214.2
SJCL,10/10/2019,169.0,170.0,167.0,170.0,0.59,1190.0,365.0,214.2
SJCL,10/14/2019,167.0,170.0,167.0,168.0,-1.18,4210.0,365.0,214.2
SJCL,10/15/2019,168.0,170.0,166.0,170.0,1.19,3010.0,365.0,214.2
SJCL,10/16/2019,170.0,171.0,168.0,169.0,-0.59,7550.0,365.0,214.2
SJCL,10/17/2019,169.0,170.0,168.0,170.0,0.59,5016.0,365.0,214.2
SJCL,10/20/2019,170.0,170.0,166.0,170.0,0.0,6485.0,365.0,214.2
SJCL,10/21/2019,171.0,171.0,166.0,167.0,-1.76,5490.0,365.0,214.2
SJCL,10/22/2019,167.0,176.0,165.0,170.0,1.8,11250.0,365.0,214.2
SJCL,10/23/2019,170.0,178.0,168.0,176.0,3.53,9410.0,365.0,214.2
SJCL,10/24/2019,177.0,180.0,172.0,176.0,0.0,13375.0,365.0,214.2
SJCL,10/31/2019,175.0,178.0,172.0,172.0,-2.27,5557.0,365.0,214.2
SJCL,11/3/2019,173.0,173.0,167.0,167.0,-2.91,8860.0,365.0,214.2
SJCL,11/4/2019,169.0,171.0,167.0,171.0,2.4,7155.0,365.0,214.2
SJCL,11/5/2019,168.0,170.0,167.0,168.0,-1.75,5800.0,365.0,214.2
SJCL,11/6/2019,166.0,168.0,166.0,168.0,0.0,7960.0,365.0,214.2
SJCL,11/7/2019,168.0,168.0,165.0,165.0,-1.79,6310.0,365.0,214.2
SJCL,11/10/2019,170.0,170.0,161.0,167.0,1.21,27650.0,365.0,214.2
SJCL,11/11/2019,167.0,170.0,162.0,168.0,0.6,14090.0,365.0,214.2
SJCL,11/12/2019,165.0,168.0,162.0,164.0,-2.38,5830.0,365.0,214.2
SJCL,11/13/2019,163.0,166.0,162.0,164.0,0.0,9030.0,365.0,214.2
SJCL,11/14/2019,164.0,165.0,162.0,165.0,0.61,9490.0,365.0,214.2
SJCL,11/17/2019,165.0,165.0,160.0,161.0,-2.42,25505.0,365.0,214.2
SJCL,11/18/2019,160.0,160.0,157.0,157.0,-2.48,12501.0,365.0,214.2
SJCL,11/19/2019,160.0,160.0,157.0,157.0,0.0,10900.0,365.0,214.2
SJCL,11/20/2019,157.0,162.0,156.0,157.0,0.0,14129.0,365.0,214.2
SJCL,11/21/2019,157.0,159.0,153.0,156.0,-0.64,11525.0,365.0,214.2
SJCL,11/24/2019,157.0,157.0,153.0,155.0,-0.64,4198.0,365.0,214.2
SJCL,11/25/2019,154.0,161.0,152.0,153.0,-1.29,8200.0,365.0,214.2
SJCL,11/26/2019,153.0,158.0,153.0,153.0,0.0,3290.0,365.0,214.2
SJCL,11/27/2019,153.0,158.0,152.0,154.0,0.65,7536.0,365.0,214.2
SJCL,11/28/2019,155.0,156.0,153.0,153.0,-0.65,4560.0,365.0,214.2
SJCL,12/1/2019,153.0,156.0,152.0,152.0,-0.65,4670.0,365.0,214.2
SJCL,12/2/2019,154.0,155.0,152.0,154.0,1.32,6855.0,365.0,214.2
SJCL,12/3/2019,155.0,158.0,152.0,156.0,1.3,17288.0,365.0,214.2
SJCL,12/4/2019,156.0,160.0,154.0,158.0,1.28,15530.0,365.0,214.2
SJCL,12/5/2019,158.0,159.0,157.0,159.0,0.63,6396.0,365.0,214.2
SJCL,12/8/2019,159.0,159.0,155.0,158.0,-0.63,4675.0,365.0,214.2
SJCL,12/9/2019,157.0,165.0,156.0,159.0,0.63,18532.0,365.0,214.2
SJCL,12/10/2019,162.0,164.0,158.0,159.0,0.0,9841.0,365.0,214.2
SJCL,12/11/2019,158.0,164.0,158.0,161.0,1.26,7739.0,365.0,214.2
SJCL,12/12/2019,161.0,172.0,160.0,164.0,1.86,17220.0,365.0,214.2
SJCL,12/15/2019,162.0,166.0,160.0,161.0,-1.83,9800.0,365.0,214.2
SJCL,12/16/2019,158.0,162.0,158.0,159.0,-1.24,7002.0,365.0,214.2
SJCL,12/17/2019,157.0,161.0,157.0,159.0,0.0,7050.0,365.0,214.2
SJCL,12/18/2019,160.0,160.0,157.0,159.0,0.0,3970.0,365.0,214.2
SJCL,12/19/2019,159.0,160.0,157.0,159.0,0.0,7430.0,365.0,214.2
SJCL,12/22/2019,162.0,162.0,156.0,157.0,-1.26,3441.0,365.0,214.2
SJCL,12/23/2019,158.0,161.0,158.0,161.0,2.55,12075.0,365.0,214.2
SJCL,12/24/2019,162.0,162.0,159.0,159.0,-1.24,7450.0,365.0,214.2
SJCL,12/25/2019,159.0,160.0,155.0,158.0,-0.63,17919.0,365.0,214.2
SJCL,12/26/2019,155.0,158.0,155.0,156.0,-1.27,4210.0,365.0,214.2
SJCL,12/29/2019,157.0,157.0,155.0,155.0,-0.64,7130.0,365.0,214.2
SJCL,12/30/2019,156.0,156.0,154.0,155.0,0.0,4390.0,365.0,214.2
SJCL,12/31/2019,155.0,157.0,155.0,155.0,0.0,5275.0,365.0,214.2
SJCL,1/1/2020,155.0,158.0,155.0,155.0,0.0,5750.0,365.0,214.2
SJCL,1/2/2020,155.0,158.0,154.0,154.0,-0.65,7730.0,365.0,214.2
SJCL,1/5/2020,153.0,158.0,153.0,156.0,1.3,13555.0,365.0,214.2
SJCL,1/6/2020,156.0,160.0,156.0,157.0,0.64,8065.0,365.0,214.2
SJCL,1/7/2020,160.0,163.0,157.0,161.0,2.55,30351.0,365.0,214.2
SJCL,1/8/2020,155.0,165.0,155.0,160.0,-0.62,8622.0,365.0,214.2
SJCL,1/9/2020,155.0,162.0,155.0,162.0,1.25,11165.0,365.0,214.2
SJCL,1/12/2020,159.0,165.0,159.0,162.0,0.0,16376.0,365.0,214.2
SJCL,1/13/2020,165.0,176.0,162.0,165.0,1.85,52225.0,365.0,214.2
SJCL,1/14/2020,171.0,171.0,164.0,164.0,-0.61,14062.0,365.0,214.2
SJCL,1/15/2020,165.0,169.0,163.0,165.0,0.61,15530.0,365.0,214.2
SJCL,1/16/2020,165.0,169.0,165.0,166.0,0.61,19150.0,365.0,214.2
SJCL,1/19/2020,167.0,175.0,166.0,170.0,2.41,33706.0,365.0,214.2
SJCL,1/20/2020,169.0,173.0,164.0,164.0,-3.53,16290.0,365.0,214.2
SJCL,1/21/2020,163.0,167.0,162.0,163.0,-0.61,12648.0,365.0,214.2
SJCL,1/22/2020,163.0,164.0,160.0,160.0,-1.84,11250.0,365.0,214.2
SJCL,1/23/2020,159.0,160.0,155.0,155.0,-3.12,17300.0,365.0,214.2
SJCL,1/26/2020,158.0,159.0,153.0,159.0,2.58,5570.0,365.0,214.2
SJCL,1/27/2020,158.0,164.0,155.0,164.0,3.14,4780.0,365.0,214.2
SJCL,1/28/2020,161.0,164.0,157.0,159.0,-3.05,8022.0,365.0,214.2
SJCL,1/29/2020,157.0,161.0,157.0,157.0,-1.26,9312.0,365.0,214.2
SJCL,1/30/2020,155.0,159.0,155.0,157.0,0.0,10140.0,365.0,214.2
SJCL,2/2/2020,157.0,158.0,155.0,156.0,-0.64,11565.0,365.0,214.2
SJCL,2/3/2020,156.0,166.0,156.0,162.0,3.85,24065.0,365.0,214.2
SJCL,2/4/2020,161.0,168.0,158.0,160.0,-1.23,22661.0,365.0,214.2
SJCL,2/5/2020,158.0,161.0,158.0,159.0,-0.62,5790.0,365.0,214.2
SJCL,2/6/2020,157.0,161.0,157.0,159.0,0.0,5660.0,365.0,214.2
SJCL,2/9/2020,160.0,160.0,154.0,154.0,-3.14,18586.0,365.0,214.2
SJCL,2/10/2020,156.0,157.0,155.0,156.0,1.3,17834.0,365.0,214.2
SJCL,2/11/2020,155.0,161.0,155.0,159.0,1.92,9244.0,365.0,214.2
SJCL,2/12/2020,159.0,160.0,156.0,156.0,-1.89,13725.0,365.0,214.2
SJCL,2/13/2020,155.0,158.0,155.0,155.0,-0.64,8976.0,365.0,214.2
SJCL,2/16/2020,154.0,157.0,154.0,157.0,1.29,6805.0,365.0,214.2
SJCL,2/17/2020,156.0,161.0,156.0,159.0,1.27,12580.0,365.0,214.2
SJCL,2/18/2020,158.0,160.0,157.0,158.0,-0.63,9270.0,365.0,214.2
SJCL,2/19/2020,156.0,159.0,154.0,155.0,-1.9,12405.0,365.0,214.2
SJCL,2/20/2020,155.0,160.0,155.0,158.0,1.94,16040.0,365.0,214.2
SJCL,2/23/2020,161.0,164.0,156.0,158.0,0.0,29445.0,365.0,214.2
SJCL,2/24/2020,159.0,165.0,159.0,161.0,1.9,18885.0,365.0,214.2
SJCL,2/25/2020,158.0,165.0,158.0,165.0,2.48,25630.0,365.0,214.2
SJCL,2/26/2020,167.0,168.0,163.0,166.0,0.61,32051.0,365.0,214.2
SJCL,2/27/2020,166.0,168.0,161.0,164.0,-1.2,11284.0,365.0,214.2
SJCL,3/1/2020,162.0,165.0,158.0,159.0,-3.05,17030.0,365.0,214.2
SJCL,3/2/2020,156.0,160.0,155.0,155.0,-2.52,6115.0,365.0,214.2
SJCL,3/3/2020,152.0,158.0,152.0,156.0,0.65,16114.0,365.0,214.2
SJCL,3/4/2020,153.0,159.0,153.0,156.0,0.0,21815.0,365.0,214.2
SJCL,3/5/2020,156.0,156.0,152.0,153.0,-1.92,10223.0,365.0,214.2
SJCL,3/10/2020,152.0,153.0,143.0,148.0,-3.27,6260.0,365.0,214.2
SJCL,3/11/2020,150.0,155.0,147.0,153.0,3.38,17032.0,365.0,214.2
SJCL,3/12/2020,150.0,153.0,147.0,148.0,-3.27,13645.0,365.0,214.2
SJCL,3/15/2020,142.0,149.0,142.0,147.0,-0.68,10170.0,365.0,214.2
SJCL,3/16/2020,141.0,150.0,141.0,149.0,1.36,10865.0,365.0,214.2
SJCL,3/17/2020,147.0,147.0,143.0,143.0,-4.03,11763.0,365.0,214.2
SJCL,3/18/2020,141.0,143.0,139.0,141.0,-1.4,7791.0,365.0,214.2
SJCL,3/19/2020,141.0,144.0,139.0,140.0,-0.71,4420.0,365.0,214.2
SJCL,3/22/2020,142.0,142.0,141.0,141.0,0.71,500.0,365.0,214.2
SJCL,5/12/2020,139.0,139.0,137.0,137.0,-2.84,230.0,365.0,214.2
SJCL,6/29/2020,135.0,135.0,125.0,127.0,-7.3,3241.0,365.0,214.2
SJCL,6/30/2020,126.0,130.0,125.0,130.0,2.36,840.0,365.0,214.2
SJCL,7/1/2020,132.0,134.0,130.0,134.0,3.08,470.0,365.0,214.2
SJCL,7/2/2020,135.0,138.0,132.0,132.0,-1.49,4980.0,365.0,214.2
SJCL,7/5/2020,130.0,133.0,128.0,129.0,-2.27,3852.0,365.0,214.2
SJCL,7/6/2020,127.0,134.0,125.0,131.0,1.55,6770.0,365.0,214.2
SJCL,7/7/2020,129.0,140.0,129.0,140.0,6.87,8776.0,365.0,214.2
SJCL,7/8/2020,138.0,139.0,134.0,139.0,-0.71,9740.0,365.0,214.2
SJCL,7/9/2020,137.0,139.0,131.0,139.0,0.0,7620.0,365.0,214.2
SJCL,7/12/2020,137.0,141.0,135.0,137.0,-1.44,9304.0,365.0,214.2
SJCL,7/13/2020,135.0,140.0,134.0,138.0,0.73,11200.0,365.0,214.2
SJCL,7/14/2020,140.0,140.0,132.0,135.0,-2.17,19700.0,365.0,214.2
SJCL,7/15/2020,133.0,137.0,133.0,134.0,-0.74,4140.0,365.0,214.2
SJCL,7/16/2020,133.0,140.0,133.0,135.0,0.75,6300.0,365.0,214.2
SJCL,7/19/2020,137.0,139.0,137.0,139.0,2.96,20.0,365.0,214.2
SJCL,7/20/2020,145.0,152.0,134.0,141.0,1.44,11292.0,365.0,214.2
SJCL,7/21/2020,139.0,140.0,133.0,136.0,-3.55,9370.0,365.0,214.2
SJCL,7/22/2020,142.0,142.0,133.0,135.0,-0.74,9078.0,365.0,214.2
SJCL,7/23/2020,134.0,140.0,133.0,140.0,3.7,15700.0,365.0,214.2
SJCL,7/26/2020,138.0,140.0,134.0,137.0,-2.14,7620.0,365.0,214.2
SJCL,7/27/2020,139.0,139.0,134.0,136.0,-0.73,10190.0,365.0,214.2
SJCL,7/28/2020,134.0,138.0,131.0,134.0,-1.47,15850.0,365.0,214.2
SJCL,7/29/2020,132.0,137.0,132.0,136.0,1.49,9720.0,365.0,214.2
SJCL,7/30/2020,134.0,142.0,133.0,135.0,-0.74,14710.0,365.0,214.2
SJCL,8/2/2020,133.0,140.0,133.0,133.0,-1.48,21435.0,365.0,214.2
SJCL,8/3/2020,131.0,136.0,131.0,135.0,1.5,7389.0,365.0,214.2
SJCL,8/5/2020,133.0,137.0,131.0,136.0,0.74,8075.0,365.0,214.2
SJCL,8/6/2020,136.0,137.0,132.0,135.0,-0.74,8410.0,365.0,214.2
SJCL,8/9/2020,133.0,138.0,132.0,136.0,0.74,13020.0,365.0,214.2
SJCL,8/10/2020,134.0,140.0,133.0,139.0,2.21,10534.0,365.0,214.2
SJCL,8/11/2020,137.0,141.0,134.0,139.0,0.0,10865.0,365.0,214.2
SJCL,8/12/2020,137.0,143.0,137.0,137.0,-1.44,8150.0,365.0,214.2
SJCL,8/13/2020,135.0,139.0,133.0,137.0,0.0,9490.0,365.0,214.2
SJCL,8/16/2020,135.0,135.0,131.0,134.0,-2.19,10739.0,365.0,214.2
SJCL,8/17/2020,132.0,135.0,132.0,134.0,0.0,8880.0,365.0,214.2
SJCL,8/18/2020,133.0,135.0,132.0,134.0,0.0,8570.0,365.0,214.2
SJCL,8/19/2020,132.0,138.0,131.0,133.0,-0.75,4005.0,365.0,214.2
SJCL,8/20/2020,132.0,137.0,132.0,137.0,3.01,8106.0,365.0,214.2
SJCL,8/23/2020,135.0,135.0,132.0,134.0,-2.19,10240.0,365.0,214.2
SJCL,8/24/2020,134.0,137.0,132.0,135.0,0.75,5590.0,365.0,214.2
SJCL,8/25/2020,137.0,137.0,135.0,135.0,0.0,13955.0,365.0,214.2
SJCL,8/26/2020,129.0,139.0,129.0,137.0,1.48,10140.0,365.0,214.2
SJCL,8/27/2020,139.0,141.0,136.0,137.0,0.0,7020.0,365.0,214.2
SJCL,8/30/2020,135.0,139.0,135.0,137.0,0.0,5580.0,365.0,214.2
SJCL,8/31/2020,139.0,150.0,137.0,143.0,4.38,26256.0,365.0,214.2
SJCL,9/2/2020,150.0,157.0,142.0,156.0,9.09,82268.0,365.0,214.2
SJCL,9/3/2020,163.0,163.0,148.0,150.0,-3.85,43192.0,365.0,214.2
SJCL,9/6/2020,153.0,156.0,142.0,146.0,-2.67,26510.0,365.0,214.2
SJCL,9/7/2020,144.0,151.0,143.0,145.0,-0.68,12775.0,365.0,214.2
SJCL,9/8/2020,143.0,149.0,140.0,145.0,0.0,10915.0,365.0,214.2
SJCL,9/9/2020,143.0,148.0,141.0,145.0,0.0,6330.0,365.0,214.2
SJCL,9/10/2020,143.0,157.0,143.0,148.0,2.07,11660.0,365.0,214.2
SJCL,9/13/2020,148.0,162.0,146.0,158.0,6.76,32388.0,365.0,214.2
SJCL,9/14/2020,155.0,166.0,152.0,159.0,0.63,37409.0,365.0,214.2
SJCL,9/15/2020,160.0,160.0,154.0,155.0,-2.52,18598.0,365.0,214.2
SJCL,9/16/2020,153.0,169.0,149.0,163.0,5.16,27335.0,365.0,214.2
SJCL,9/17/2020,171.0,179.0,158.0,179.0,9.82,96052.0,365.0,214.2
SJCL,9/20/2020,187.0,190.0,163.0,165.0,-7.82,30550.0,365.0,214.2
SJCL,9/21/2020,165.0,176.0,161.0,166.0,0.61,39395.0,365.0,214.2
SJCL,9/22/2020,174.0,174.0,160.0,165.0,-0.6,42390.0,365.0,214.2
SJCL,9/23/2020,173.0,173.0,162.0,173.0,4.85,36368.0,365.0,214.2
SJCL,9/24/2020,170.0,190.0,167.0,186.0,7.51,133500.0,365.0,214.2
SJCL,9/27/2020,183.0,190.0,178.0,179.0,-3.76,63514.0,365.0,214.2
SJCL,9/28/2020,187.0,187.0,173.0,174.0,-2.79,13332.0,365.0,214.2
SJCL,9/29/2020,171.0,188.0,171.0,179.0,2.87,29783.0,365.0,214.2
SJCL,9/30/2020,176.0,185.0,176.0,181.0,1.12,41564.0,365.0,214.2
SJCL,10/1/2020,178.0,181.0,172.0,173.0,-4.42,74433.0,365.0,214.2
SJCL,10/4/2020,170.0,176.0,170.0,175.0,1.16,21675.0,365.0,214.2
SJCL,10/5/2020,172.0,181.0,170.0,173.0,-1.14,31644.0,365.0,214.2
SJCL,10/6/2020,175.0,190.0,172.0,190.0,9.83,114236.0,365.0,214.2
SJCL,10/7/2020,195.0,209.0,193.0,209.0,10.0,189917.0,365.0,214.2
SJCL,10/8/2020,207.0,222.0,198.0,204.0,-2.39,91531.0,365.0,214.2
SJCL,10/11/2020,201.0,206.0,190.0,198.0,-2.94,51699.0,365.0,214.2
SJCL,10/12/2020,200.0,200.0,189.0,189.0,-4.55,42870.0,365.0,214.2
SJCL,10/13/2020,189.0,198.0,184.0,186.0,-1.59,35227.0,365.0,214.2
SJCL,10/14/2020,187.0,190.0,181.0,187.0,0.54,21728.0,365.0,214.2
SJCL,10/15/2020,187.0,196.0,185.0,190.0,1.6,18863.0,365.0,214.2
SJCL,10/18/2020,187.0,189.0,185.0,187.0,-1.58,12410.0,365.0,214.2
SJCL,10/19/2020,184.0,196.0,184.0,194.0,3.74,22560.0,365.0,214.2
SJCL,10/20/2020,195.0,199.0,193.0,195.0,0.52,46897.0,365.0,214.2
SJCL,10/21/2020,204.0,204.0,189.0,191.0,-2.05,26120.0,365.0,214.2
SJCL,10/22/2020,190.0,197.0,189.0,194.0,1.57,19200.0,365.0,214.2
SJCL,10/28/2020,196.0,196.0,191.0,193.0,-0.52,19140.0,365.0,214.2
SJCL,10/29/2020,190.0,199.0,190.0,196.0,1.55,16130.0,365.0,214.2
SJCL,11/1/2020,193.0,210.0,193.0,202.0,3.06,74498.0,365.0,214.2
SJCL,11/2/2020,202.0,205.0,198.0,201.0,-0.5,27224.0,365.0,214.2
SJCL,11/3/2020,198.0,205.0,198.0,204.0,1.49,22080.0,365.0,214.2
SJCL,11/4/2020,214.0,214.0,198.0,206.0,0.98,26809.0,365.0,214.2
SJCL,11/5/2020,204.0,208.0,202.0,208.0,0.97,39799.0,365.0,214.2
SJCL,11/8/2020,212.0,217.0,203.0,212.0,1.92,58218.0,365.0,214.2
SJCL,11/9/2020,210.0,214.0,205.0,205.0,-3.3,45497.0,365.0,214.2
SJCL,11/10/2020,204.0,211.0,204.0,207.0,0.98,40356.0,365.0,214.2
SJCL,11/11/2020,204.0,210.0,204.0,210.0,1.45,27440.0,365.0,214.2
SJCL,11/12/2020,206.0,210.0,204.0,206.0,-1.9,26528.0,365.0,214.2
SJCL,11/18/2020,202.0,207.0,200.0,204.0,-0.97,40690.0,365.0,214.2
SJCL,11/19/2020,201.0,209.0,201.0,207.0,1.47,37599.0,365.0,214.2
SJCL,11/22/2020,203.0,211.0,203.0,204.0,-1.45,26333.0,365.0,214.2
SJCL,11/23/2020,201.0,204.0,199.0,200.0,-1.96,28938.0,365.0,214.2
SJCL,11/24/2020,195.0,206.0,195.0,204.0,2.0,29443.0,365.0,214.2
SJCL,11/25/2020,200.0,212.0,199.0,207.0,1.47,15953.0,365.0,214.2
SJCL,11/26/2020,206.0,209.0,203.0,205.0,-0.97,32522.0,365.0,214.2
SJCL,11/29/2020,201.0,216.0,201.0,208.0,1.46,46701.0,365.0,214.2
SJCL,11/30/2020,204.0,228.0,204.0,228.0,9.62,120929.0,365.0,214.2
SJCL,12/1/2020,239.0,250.0,222.0,250.0,9.65,144418.0,365.0,214.2
SJCL,12/2/2020,262.0,275.0,257.0,275.0,10.0,76774.0,365.0,214.2
SJCL,12/3/2020,280.0,300.0,260.0,261.0,-5.09,66807.0,365.0,214.2
SJCL,12/6/2020,256.0,256.0,235.0,235.0,-9.96,107649.0,365.0,214.2
SJCL,12/7/2020,235.0,258.0,231.0,258.0,9.79,80506.0,365.0,214.2
SJCL,12/8/2020,270.0,283.0,265.0,283.0,9.69,167701.0,365.0,214.2
SJCL,12/9/2020,297.0,311.0,297.0,311.0,9.89,174004.0,365.0,214.2
SJCL,12/10/2020,326.0,338.0,286.0,291.0,-6.43,150209.0,365.0,214.2
SJCL,12/13/2020,289.0,297.0,269.0,285.0,-2.06,82321.0,365.0,214.2
SJCL,12/14/2020,288.0,290.0,276.0,282.0,-1.05,42115.0,365.0,214.2
SJCL,12/15/2020,270.0,292.0,270.0,279.0,-1.06,31723.0,365.0,214.2
SJCL,12/16/2020,276.0,280.0,274.0,276.0,-1.08,24283.0,365.0,214.2
SJCL,12/17/2020,271.0,276.0,256.0,267.0,-3.26,52043.0,365.0,214.2
SJCL,12/20/2020,262.0,270.0,243.0,246.0,-7.87,41616.0,365.0,214.2
SJCL,12/21/2020,246.0,263.0,226.0,251.0,2.03,33811.0,365.0,214.2
SJCL,12/22/2020,240.0,276.0,240.0,276.0,9.96,35798.0,365.0,214.2
SJCL,12/23/2020,281.0,286.0,267.0,268.0,-2.9,24074.0,365.0,214.2
SJCL,12/24/2020,263.0,272.0,260.0,263.0,-1.87,9945.0,365.0,214.2
SJCL,12/27/2020,258.0,263.0,252.0,256.0,-2.66,18801.0,365.0,214.2
SJCL,12/28/2020,251.0,265.0,250.0,256.0,0.0,11229.0,365.0,214.2
SJCL,12/29/2020,253.0,258.0,253.0,253.0,-1.17,9365.0,365.0,214.2
SJCL,12/30/2020,253.0,258.0,249.0,258.0,1.98,14138.0,365.0,214.2
SJCL,12/31/2020,263.0,269.0,255.0,256.0,-0.78,20799.0,365.0,214.2
SJCL,1/3/2021,256.0,267.0,252.0,266.0,3.91,19230.0,365.0,214.2
SJCL,1/4/2021,268.0,275.0,262.0,265.0,-0.38,15855.0,365.0,214.2
SJCL,1/5/2021,261.0,286.0,261.0,270.0,1.89,30874.0,365.0,214.2
SJCL,1/6/2021,270.0,280.0,268.0,269.0,-0.37,10818.0,365.0,214.2
SJCL,1/7/2021,265.0,270.0,265.0,269.0,0.0,12095.0,365.0,214.2
SJCL,1/10/2021,269.0,275.0,264.0,268.0,-0.37,15802.0,365.0,214.2
SJCL,1/11/2021,263.0,273.0,263.0,267.0,-0.37,14218.0,365.0,214.2
SJCL,1/12/2021,266.0,288.0,264.0,286.0,7.12,42721.0,365.0,214.2
SJCL,1/13/2021,287.0,304.0,286.0,291.0,1.75,69807.0,365.0,214.2
SJCL,1/17/2021,287.0,294.0,284.0,285.0,-2.06,27105.0,365.0,214.2
SJCL,1/18/2021,282.0,286.0,281.0,281.0,-1.4,25288.0,365.0,214.2
SJCL,1/19/2021,281.0,296.0,276.0,282.0,0.36,38198.0,365.0,214.2
SJCL,1/20/2021,283.0,310.0,281.0,307.0,8.87,113394.0,365.0,214.2
SJCL,1/21/2021,310.0,332.0,304.0,326.0,6.19,154390.0,365.0,214.2
SJCL,1/24/2021,320.0,341.0,316.0,337.0,3.37,111556.0,365.0,214.2
SJCL,1/25/2021,337.0,342.0,316.0,325.0,-3.56,51934.0,365.0,214.2
SJCL,1/26/2021,320.0,325.0,309.0,311.0,-4.31,49123.0,365.0,214.2
SJCL,1/27/2021,311.0,314.0,303.0,308.0,-0.96,59450.0,365.0,214.2
SJCL,1/28/2021,303.0,313.0,303.0,304.0,-1.3,38287.0,365.0,214.2
SJCL,1/31/2021,298.0,302.0,289.0,293.0,-3.62,32337.0,365.0,214.2
SJCL,2/1/2021,298.0,306.0,295.0,299.0,2.05,16694.0,365.0,214.2
SJCL,2/2/2021,295.0,312.0,295.0,303.0,1.34,21402.0,365.0,214.2
SJCL,2/3/2021,309.0,323.0,300.0,309.0,1.98,71338.0,365.0,214.2
SJCL,2/4/2021,306.0,319.0,301.0,313.0,1.29,37315.0,365.0,214.2
SJCL,2/7/2021,319.0,325.0,308.0,318.0,1.6,52807.0,365.0,214.2
SJCL,2/8/2021,327.0,327.0,312.0,312.0,-1.89,32658.0,365.0,214.2
SJCL,2/9/2021,307.0,315.0,307.0,311.0,-0.32,33591.0,365.0,214.2
SJCL,2/10/2021,308.0,312.0,308.0,310.0,-0.32,19661.0,365.0,214.2
SJCL,2/11/2021,310.0,310.0,302.0,304.0,-1.94,28484.0,365.0,214.2
SJCL,2/14/2021,310.0,310.0,298.0,301.0,-0.99,25648.0,365.0,214.2
SJCL,2/15/2021,307.0,311.0,299.0,310.0,2.99,30355.0,365.0,214.2
SJCL,2/16/2021,315.0,315.0,300.0,305.0,-1.61,19185.0,365.0,214.2
SJCL,2/17/2021,308.0,308.0,299.0,304.0,-0.33,14212.0,365.0,214.2
SJCL,2/18/2021,298.0,316.0,298.0,305.0,0.33,19758.0,365.0,214.2
SJCL,2/21/2021,305.0,325.0,302.0,318.0,4.26,80655.0,365.0,214.2
SJCL,2/22/2021,315.0,322.0,309.0,311.0,-2.2,40600.0,365.0,214.2
SJCL,2/23/2021,306.0,310.0,296.0,300.0,-3.54,34099.0,365.0,214.2
SJCL,2/24/2021,306.0,318.0,302.0,302.0,0.67,22441.0,365.0,214.2
SJCL,2/25/2021,305.0,310.0,299.0,299.0,-0.99,23680.0,365.0,214.2
SJCL,2/28/2021,295.0,304.0,284.0,287.0,-4.01,28811.0,365.0,214.2
SJCL,3/1/2021,285.0,304.0,282.0,295.0,2.79,15088.0,365.0,214.2
SJCL,3/2/2021,295.0,300.0,286.0,293.0,-0.68,45536.0,365.0,214.2
SJCL,3/3/2021,290.0,290.0,282.0,286.0,-2.39,34236.0,365.0,214.2
SJCL,3/4/2021,281.0,306.0,281.0,297.0,3.85,37158.0,365.0,214.2
SJCL,3/7/2021,293.0,302.0,292.0,295.0,-0.67,19144.0,365.0,214.2
SJCL,3/9/2021,290.0,306.0,290.0,299.0,1.36,20305.0,365.0,214.2
SJCL,3/10/2021,295.0,301.0,295.0,298.0,-0.33,18288.0,365.0,214.2
SJCL,3/14/2021,293.0,303.0,293.0,295.0,-1.01,27790.0,365.0,214.2
SJCL,3/15/2021,293.0,301.0,293.0,296.0,0.34,20130.0,365.0,214.2
SJCL,3/16/2021,291.0,301.0,291.0,294.0,-0.68,18880.0,365.0,214.2
SJCL,3/17/2021,290.0,300.0,290.0,296.0,0.68,10550.0,365.0,214.2
SJCL,3/18/2021,300.0,300.0,296.0,296.0,0.0,15971.0,365.0,214.2
SJCL,3/21/2021,292.0,301.0,292.0,296.0,0.0,10200.0,365.0,214.2
SJCL,3/22/2021,293.0,315.0,293.0,312.0,5.41,84201.0,365.0,214.2
SJCL,3/23/2021,315.0,343.0,311.0,343.0,9.94,239230.0,365.0,214.2
SJCL,3/24/2021,360.0,360.0,330.0,332.0,-3.21,119921.0,365.0,214.2
SJCL,3/25/2021,332.0,333.0,316.0,318.0,-4.22,70813.0,365.0,214.2
SJCL,3/29/2021,318.0,344.0,318.0,322.0,1.26,51609.0,365.0,214.2
SJCL,3/30/2021,328.0,340.0,328.0,338.0,4.97,88797.0,365.0,214.2
SJCL,3/31/2021,340.0,352.0,338.0,350.0,3.55,138544.0,365.0,214.2
SJCL,4/1/2021,367.0,385.0,348.0,385.0,10.0,212519.0,365.0,214.2
SJCL,4/4/2021,404.0,423.0,404.0,423.0,9.87,179591.0,365.0,214.2
SJCL,4/5/2021,444.0,465.0,409.0,445.0,5.2,287227.0,365.0,214.2
SJCL,4/6/2021,446.0,489.0,430.0,489.0,9.89,222671.0,365.0,214.2
SJCL,4/7/2021,500.0,535.0,472.0,490.0,0.2,181684.0,365.0,214.2
SJCL,4/8/2021,508.0,508.0,460.0,476.0,-2.86,137933.0,365.0,214.2
SJCL,4/12/2021,470.0,476.0,451.0,455.0,-4.41,112852.0,365.0,214.2
SJCL,4/13/2021,455.0,500.0,445.0,467.0,2.64,78555.0,365.0,214.2
SJCL,4/15/2021,473.0,473.0,460.0,465.0,-0.43,37153.0,365.0,214.2
SJCL,4/18/2021,460.0,462.0,448.0,454.0,-2.37,63049.0,365.0,214.2
SJCL,4/19/2021,460.0,463.0,442.0,457.0,0.66,54207.0,365.0,214.2
SJCL,4/20/2021,457.0,460.0,446.0,460.0,0.66,38437.0,365.0,214.2
SJCL,4/21/2021,437.0,470.0,437.0,452.0,-1.74,32672.0,365.0,214.2
SJCL,4/22/2021,446.0,455.0,444.0,447.0,-1.11,42301.0,365.0,214.2
SJCL,4/25/2021,440.0,442.0,419.0,419.0,-6.26,63588.0,365.0,214.2
SJCL,4/26/2021,411.0,438.0,389.0,396.0,-5.49,72899.0,365.0,214.2
SJCL,4/27/2021,415.0,430.0,390.0,430.0,8.59,53851.0,365.0,214.2
SJCL,4/28/2021,423.0,438.0,419.0,432.0,0.47,38366.0,365.0,214.2
SJCL,4/29/2021,428.0,469.0,428.0,469.0,8.56,55747.0,365.0,214.2
SJCL,5/2/2021,465.0,470.0,454.0,464.0,-1.07,73326.0,365.0,214.2
SJCL,5/3/2021,467.0,469.0,448.0,453.0,-2.37,73462.0,365.0,214.2
SJCL,5/4/2021,448.0,460.0,446.0,453.0,0.0,34870.0,365.0,214.2
SJCL,5/5/2021,453.0,472.0,445.0,465.0,2.65,70344.0,365.0,214.2
SJCL,5/6/2021,445.0,468.0,445.0,457.0,-1.72,48905.0,365.0,214.2
SJCL,5/9/2021,450.0,456.0,442.0,447.0,-2.19,31717.0,365.0,214.2
SJCL,5/10/2021,445.0,453.0,436.0,449.0,0.45,23516.0,365.0,214.2
SJCL,5/11/2021,457.0,457.0,446.0,451.0,0.45,25294.0,365.0,214.2
SJCL,5/12/2021,442.0,454.0,442.0,450.0,-0.22,47421.0,365.0,214.2
SJCL,5/13/2021,450.0,470.0,450.0,455.0,1.11,77398.0,365.0,214.2
SJCL,5/16/2021,455.0,461.0,454.0,455.0,0.0,54603.0,365.0,214.2
SJCL,5/17/2021,460.0,462.0,450.0,460.0,1.1,52112.0,365.0,214.2
SJCL,5/18/2021,463.0,481.0,460.0,471.0,2.39,151006.0,365.0,214.2
SJCL,5/19/2021,490.0,490.0,456.0,458.0,-2.76,57138.0,365.0,214.2
SJCL,5/20/2021,451.0,459.0,449.0,450.0,-1.75,60464.0,365.0,214.2
SJCL,5/23/2021,445.0,469.0,437.0,454.0,0.89,74586.0,365.0,214.2
SJCL,5/24/2021,462.0,463.0,447.0,450.0,-0.88,45716.0,365.0,214.2
SJCL,5/25/2021,447.0,456.0,446.0,454.0,0.89,36682.0,365.0,214.2
SJCL,5/27/2021,446.0,490.0,446.0,479.0,5.51,276197.0,365.0,214.2
SJCL,5/30/2021,502.0,526.0,489.0,496.0,3.55,328208.0,365.0,214.2
SJCL,5/31/2021,507.0,510.0,464.0,465.0,-6.25,117882.0,365.0,214.2
SJCL,6/1/2021,465.0,484.0,455.0,459.0,-1.29,41943.0,365.0,214.2
SJCL,6/2/2021,481.0,481.0,453.0,475.0,3.49,72926.0,365.0,214.2
SJCL,6/3/2021,475.0,487.0,458.0,461.0,-2.95,67255.0,365.0,214.2
SJCL,6/6/2021,462.0,462.0,450.0,453.0,-1.74,75479.0,365.0,214.2
SJCL,6/7/2021,450.0,467.0,450.0,461.0,1.77,58744.0,365.0,214.2
SJCL,6/8/2021,456.0,507.0,456.0,496.0,7.59,257855.0,365.0,214.2
SJCL,6/9/2021,500.0,508.0,478.0,483.0,-2.62,89558.0,365.0,214.2
SJCL,6/10/2021,483.0,493.0,478.0,488.0,1.04,85178.0,365.0,214.2
SJCL,6/13/2021,490.0,530.0,479.0,520.0,6.56,328925.0,365.0,214.2
SJCL,6/14/2021,522.0,550.0,494.0,516.0,-0.77,210598.0,365.0,214.2
SJCL,6/15/2021,505.0,520.0,488.0,491.0,-4.84,90250.0,365.0,214.2
SJCL,6/16/2021,475.0,486.0,443.0,457.0,-6.92,177972.0,365.0,214.2
SJCL,6/17/2021,457.0,475.0,445.0,460.0,0.66,80713.0,365.0,214.2
SJCL,6/20/2021,460.0,466.0,432.0,433.0,-5.87,119841.0,365.0,214.2
SJCL,6/21/2021,454.0,454.0,412.0,415.0,-4.16,81998.0,365.0,214.2
SJCL,6/22/2021,417.0,445.0,399.0,443.0,6.75,45840.0,365.0,214.2
SJCL,6/23/2021,465.0,465.0,427.0,430.0,-2.93,50345.0,365.0,214.2
SJCL,6/24/2021,422.0,460.0,415.0,436.0,1.4,69989.0,365.0,214.2
SJCL,6/27/2021,430.0,459.0,430.0,438.0,0.46,45911.0,365.0,214.2
SJCL,6/28/2021,438.0,443.0,420.0,425.0,-2.97,45560.0,365.0,214.2
SJCL,6/29/2021,425.0,435.0,416.0,419.0,-1.41,41211.0,365.0,214.2
SJCL,6/30/2021,413.0,424.0,409.0,421.0,0.48,24531.0,365.0,214.2
SJCL,7/1/2021,420.0,430.0,420.0,423.0,0.48,21747.0,365.0,214.2
SJCL,7/4/2021,423.0,427.0,420.0,422.0,-0.24,15790.0,365.0,214.2
SJCL,7/5/2021,417.0,428.0,414.0,416.0,-1.42,19236.0,365.0,214.2
SJCL,7/6/2021,424.0,424.0,411.0,412.0,-0.96,13275.0,365.0,214.2
SJCL,7/7/2021,432.0,432.0,404.0,410.0,-0.49,13966.0,365.0,214.2
SJCL,7/8/2021,405.0,418.0,405.0,412.0,0.49,13085.0,365.0,214.2
SJCL,7/11/2021,420.0,428.0,412.0,427.0,3.64,20741.0,365.0,214.2
SJCL,7/12/2021,440.0,440.0,413.0,413.0,-3.28,26115.0,365.0,214.2
SJCL,7/13/2021,410.0,425.0,410.0,419.0,1.45,16742.0,365.0,214.2
SJCL,7/14/2021,425.0,445.0,413.0,443.0,5.73,34526.0,365.0,214.2
SJCL,7/15/2021,450.0,463.0,435.0,449.0,1.35,75052.0,365.0,214.2
SJCL,7/18/2021,457.9,457.9,444.0,449.0,0.0,39789.0,365.0,214.2
SJCL,7/19/2021,456.9,456.9,436.2,445.0,-0.89,56481.0,365.0,214.2
SJCL,7/20/2021,444.0,459.0,438.0,450.5,1.24,21468.0,365.0,214.2
SJCL,7/22/2021,445.0,459.0,443.0,447.0,-0.78,47330.0,365.0,214.2
SJCL,7/25/2021,443.0,451.0,441.0,443.0,-0.89,78987.0,365.0,214.2
SJCL,7/26/2021,451.0,482.0,445.0,481.0,8.58,199090.0,365.0,214.2
SJCL,7/27/2021,490.6,495.0,470.0,483.0,0.42,170990.0,365.0,214.2
SJCL,7/28/2021,483.0,502.4,464.6,468.0,-3.11,81438.0,365.0,214.2
SJCL,7/29/2021,475.0,475.0,456.0,457.2,-2.31,67389.0,365.0,214.2
SJCL,8/1/2021,451.0,475.0,451.0,465.0,1.71,65524.0,365.0,214.2
SJCL,8/2/2021,465.0,474.3,465.0,467.0,0.43,62322.0,365.0,214.2
SJCL,8/3/2021,460.2,474.9,458.3,470.5,0.75,59739.0,365.0,214.2
SJCL,8/4/2021,479.9,517.5,479.9,516.0,9.67,558785.0,365.0,214.2
SJCL,8/5/2021,526.3,526.3,487.0,492.0,-4.65,127408.0,365.0,214.2
SJCL,8/8/2021,492.0,518.8,480.0,500.0,1.63,136161.0,365.0,214.2
SJCL,8/9/2021,510.0,515.0,492.5,506.1,1.22,145762.0,365.0,214.2
SJCL,8/10/2021,516.2,516.2,479.0,479.0,-5.35,226135.0,365.0,214.2
SJCL,8/11/2021,488.5,526.0,488.5,512.9,7.08,246667.0,365.0,214.2
SJCL,8/12/2021,523.1,540.6,514.0,519.0,1.19,239850.0,365.0,214.2
SJCL,8/15/2021,515.0,515.0,481.1,494.0,-4.82,145701.0,365.0,214.2
SJCL,8/16/2021,490.0,503.4,484.3,491.0,-0.61,71145.0,365.0,214.2
SJCL,8/17/2021,498.0,525.0,491.1,506.7,3.2,182833.0,365.0,214.2
SJCL,8/18/2021,516.0,516.8,499.0,501.0,-1.12,142535.0,365.0,214.2
SJCL,8/19/2021,501.0,510.0,480.1,482.0,-3.79,95567.0,365.0,214.2
SJCL,8/24/2021,472.4,480.0,451.0,453.0,-6.02,80462.0,365.0,214.2
SJCL,8/25/2021,444.0,471.0,437.0,450.0,-0.66,64832.0,365.0,214.2
SJCL,8/26/2021,455.0,494.7,451.1,478.9,6.42,63343.0,365.0,214.2
SJCL,8/29/2021,488.0,498.0,474.0,474.0,-1.02,87933.0,365.0,214.2
SJCL,8/31/2021,474.0,475.0,460.0,465.0,-1.9,42506.0,365.0,214.2
SJCL,9/1/2021,464.0,485.0,458.0,462.0,-0.65,37610.0,365.0,214.2
SJCL,9/2/2021,462.0,471.0,441.0,450.0,-2.6,41542.0,365.0,214.2
SJCL,9/5/2021,450.0,450.0,405.0,416.1,-7.53,67527.0,365.0,214.2
SJCL,9/6/2021,415.0,455.0,402.0,455.0,9.35,78532.0,365.0,214.2
SJCL,9/7/2021,455.0,462.0,428.3,445.0,-2.2,36546.0,365.0,214.2
SJCL,9/8/2021,441.0,444.9,427.7,435.0,-2.25,39116.0,365.0,214.2
SJCL,9/9/2021,428.0,440.0,425.0,435.0,0.0,30096.0,365.0,214.2
SJCL,9/12/2021,443.7,464.0,440.0,462.0,6.21,59143.0,365.0,214.2
SJCL,9/13/2021,471.0,471.2,446.0,446.0,-3.46,38769.0,365.0,214.2
SJCL,9/14/2021,450.0,450.0,435.2,436.0,-2.24,24292.0,365.0,214.2
SJCL,9/15/2021,436.0,437.0,422.0,425.0,-2.52,30938.0,365.0,214.2
SJCL,9/16/2021,425.0,425.0,405.0,409.0,-3.76,59179.0,365.0,214.2
SJCL,9/20/2021,410.0,410.0,385.0,386.6,-5.48,53605.0,365.0,214.2
SJCL,9/21/2021,378.9,409.8,360.0,389.9,0.85,45803.0,365.0,214.2
SJCL,9/22/2021,397.0,414.1,395.2,408.0,4.64,40651.0,365.0,214.2
SJCL,9/23/2021,416.0,420.0,395.0,395.3,-3.11,32986.0,365.0,214.2
SJCL,9/26/2021,387.4,395.0,378.0,378.0,-4.38,31986.0,365.0,214.2
SJCL,9/27/2021,385.5,400.8,365.0,366.0,-3.17,42922.0,365.0,214.2
SJCL,9/28/2021,360.1,381.0,353.0,353.0,-3.55,35635.0,365.0,214.2
SJCL,9/29/2021,353.0,372.0,334.0,368.0,4.25,23947.0,365.0,214.2
SJCL,9/30/2021,360.7,378.0,351.0,355.0,-3.53,20265.0,365.0,214.2
SJCL,10/3/2021,350.0,359.0,337.3,339.0,-4.51,18955.0,365.0,214.2
SJCL,10/4/2021,339.0,345.0,327.0,334.0,-1.47,27786.0,365.0,214.2
SJCL,10/5/2021,330.0,353.7,330.0,346.0,3.59,9454.0,365.0,214.2
SJCL,10/6/2021,352.9,360.0,345.0,354.0,2.31,13159.0,365.0,214.2
SJCL,10/10/2021,361.0,361.0,345.0,347.0,-1.98,16057.0,365.0,214.2
SJCL,10/11/2021,347.0,350.0,340.0,340.2,-1.96,13080.0,365.0,214.2
SJCL,10/17/2021,347.0,353.0,340.1,342.0,0.53,4494.0,365.0,214.2
SJCL,10/18/2021,343.0,355.0,336.0,344.0,0.58,15711.0,365.0,214.2
SJCL,10/19/2021,350.0,350.0,326.0,330.0,-4.07,23585.0,365.0,214.2
SJCL,10/20/2021,336.0,350.5,331.0,343.0,3.94,11856.0,365.0,214.2
SJCL,10/21/2021,347.0,347.0,336.0,336.2,-1.98,7109.0,365.0,214.2
SJCL,10/24/2021,336.2,348.8,329.5,345.0,2.62,13889.0,365.0,214.2
SJCL,10/25/2021,350.0,373.0,343.0,373.0,8.12,27819.0,365.0,214.2
SJCL,10/26/2021,380.4,395.0,378.0,393.9,5.6,57933.0,365.0,214.2
SJCL,10/27/2021,393.9,398.0,375.5,386.0,-2.01,37592.0,365.0,214.2
SJCL,10/28/2021,378.4,402.0,378.4,396.0,2.59,30789.0,365.0,214.2
SJCL,10/31/2021,399.9,420.0,396.2,416.0,5.05,34291.0,365.0,214.2
SJCL,11/1/2021,420.0,437.0,400.0,403.0,-3.12,51981.0,365.0,214.2
SJCL,11/2/2021,395.5,412.0,395.5,409.0,1.49,15979.0,365.0,214.2
SJCL,11/3/2021,417.0,417.0,402.0,406.0,-0.73,16085.0,365.0,214.2
SJCL,11/8/2021,414.0,414.0,397.0,399.0,-1.72,19911.0,365.0,214.2
SJCL,11/9/2021,399.0,400.0,380.0,384.0,-3.76,28941.0,365.0,214.2
SJCL,11/11/2021,379.0,391.0,371.6,374.0,-2.6,24482.0,365.0,214.2
SJCL,11/14/2021,374.0,381.0,369.0,372.0,-0.53,18304.0,365.0,214.2
SJCL,11/15/2021,379.4,383.0,374.5,376.2,1.13,18210.0,365.0,214.2
SJCL,11/16/2021,378.0,406.0,378.0,402.0,6.86,39060.0,365.0,214.2
SJCL,11/17/2021,410.0,412.0,396.9,396.9,-1.27,40865.0,365.0,214.2
SJCL,11/18/2021,404.0,404.0,386.5,390.0,-1.74,15523.0,365.0,214.2
SJCL,11/21/2021,384.0,397.0,382.1,383.0,-1.79,17254.0,365.0,214.2
SJCL,11/22/2021,390.6,391.0,382.0,388.0,1.31,17298.0,365.0,214.2
SJCL,11/23/2021,381.1,388.0,379.0,382.0,-1.55,13908.0,365.0,214.2
SJCL,11/24/2021,389.6,389.6,367.5,380.0,-0.52,15183.0,365.0,214.2
SJCL,11/25/2021,387.0,394.0,375.0,377.0,-0.79,13542.0,365.0,214.2
SJCL,11/28/2021,370.0,384.0,365.0,371.0,-1.59,28194.0,365.0,214.2
SJCL,11/29/2021,371.0,378.4,368.0,369.0,-0.54,17778.0,365.0,214.2
SJCL,11/30/2021,363.1,377.0,363.1,366.0,-0.81,14504.0,365.0,214.2
SJCL,12/1/2021,373.3,380.7,359.1,369.0,0.82,15674.0,365.0,214.2
SJCL,12/2/2021,376.2,376.3,358.0,361.0,-2.17,17763.0,365.0,214.2
SJCL,12/5/2021,355.0,360.0,350.0,359.0,-0.55,18411.0,365.0,214.2
SJCL,12/6/2021,352.0,372.1,341.1,363.0,1.11,24420.0,365.0,214.2
SJCL,12/7/2021,361.1,375.0,355.1,357.0,-1.65,19583.0,365.0,214.2
SJCL,12/8/2021,351.2,358.9,345.7,346.0,-3.08,11056.0,365.0,214.2
SJCL,12/9/2021,340.0,352.0,340.0,341.0,-1.45,14189.0,365.0,214.2
SJCL,12/12/2021,338.0,339.0,328.4,329.0,-3.52,19531.0,365.0,214.2
SJCL,12/13/2021,323.6,327.5,311.0,312.0,-5.17,20418.0,365.0,214.2
SJCL,12/14/2021,318.0,335.9,318.0,335.9,7.66,13718.0,365.0,214.2
SJCL,12/15/2021,342.6,352.0,321.0,335.0,-0.27,25154.0,365.0,214.2
SJCL,12/16/2021,335.0,336.0,323.0,324.0,-3.28,9441.0,365.0,214.2
SJCL,12/20/2021,320.0,330.0,320.0,324.0,0.0,10980.0,365.0,214.2
SJCL,12/21/2021,330.4,334.0,323.1,332.9,2.75,12290.0,365.0,214.2
SJCL,12/22/2021,338.9,355.0,338.9,351.0,5.44,22882.0,365.0,214.2
SJCL,12/23/2021,350.0,363.0,344.0,352.5,0.43,26337.0,365.0,214.2
SJCL,12/26/2021,352.0,360.0,349.0,356.0,0.99,16140.0,365.0,214.2
SJCL,12/27/2021,351.2,355.0,337.0,340.0,-4.49,25825.0,365.0,214.2
SJCL,12/28/2021,334.0,353.0,328.3,338.0,-0.59,14537.0,365.0,214.2
SJCL,12/29/2021,332.1,350.0,332.1,337.0,-0.3,12910.0,365.0,214.2
SJCL,1/2/2022,339.0,343.0,338.0,340.0,0.89,10356.0,365.0,214.2
SJCL,1/3/2022,339.0,347.0,339.0,345.0,1.47,17768.0,365.0,214.2
SJCL,1/4/2022,350.0,374.0,338.1,368.0,6.67,24386.0,365.0,214.2
SJCL,1/5/2022,361.0,376.0,348.0,365.0,-0.82,36652.0,365.0,214.2
SJCL,1/6/2022,357.7,372.0,351.1,368.0,0.82,14285.0,365.0,214.2
SJCL,1/9/2022,370.0,388.0,366.2,379.0,2.99,29837.0,365.0,214.2
SJCL,1/10/2022,386.5,394.0,370.5,380.7,0.45,55555.0,365.0,214.2
SJCL,1/11/2022,374.1,418.3,374.1,398.1,4.57,58311.0,365.0,214.2
SJCL,1/12/2022,392.0,422.9,392.0,405.0,1.73,108236.0,365.0,214.2
SJCL,1/13/2022,402.1,430.2,400.0,427.1,5.46,82485.0,365.0,214.2
SJCL,1/16/2022,435.0,446.0,427.0,440.0,3.02,88756.0,365.0,214.2
SJCL,1/17/2022,433.0,442.5,425.4,440.0,0.0,75392.0,365.0,214.2
SJCL,1/18/2022,439.0,439.0,421.0,425.0,-3.41,48573.0,365.0,214.2
SJCL,1/19/2022,417.0,430.0,417.0,421.0,-0.94,45829.0,365.0,214.2
SJCL,1/20/2022,427.0,429.0,415.0,429.0,1.9,28912.0,365.0,214.2
SJCL,1/23/2022,437.0,437.0,418.0,419.1,-2.31,34218.0,365.0,214.2
SJCL,1/24/2022,410.8,417.0,396.0,401.0,-4.32,59377.0,365.0,214.2
SJCL,1/25/2022,400.0,419.0,395.0,400.0,-0.25,39325.0,365.0,214.2
SJCL,1/26/2022,395.0,408.0,390.0,393.5,-1.62,28707.0,365.0,214.2
SJCL,1/27/2022,400.0,400.0,390.1,391.0,-0.64,12653.0,365.0,214.2
SJCL,1/30/2022,398.8,416.1,398.8,413.0,5.63,27053.0,365.0,214.2
SJCL,1/31/2022,421.0,421.0,405.0,407.0,-1.45,19394.0,365.0,214.2
SJCL,2/1/2022,399.0,427.0,399.0,423.0,3.93,53939.0,365.0,214.2
SJCL,2/3/2022,431.0,434.0,415.0,417.0,-1.42,37300.0,365.0,214.2
SJCL,2/6/2022,425.3,425.3,407.0,408.1,-2.13,37289.0,365.0,214.2
SJCL,2/7/2022,410.0,416.0,402.0,411.0,0.71,21789.0,365.0,214.2
SJCL,2/8/2022,419.0,426.0,403.0,412.0,0.24,28917.0,365.0,214.2
SJCL,2/9/2022,408.0,409.0,401.4,409.0,-0.73,15870.0,365.0,214.2
SJCL,2/10/2022,405.0,409.0,399.9,404.0,-1.22,23962.0,365.0,214.2
SJCL,2/13/2022,400.0,400.0,383.5,385.0,-4.7,26325.0,365.0,214.2
SJCL,2/14/2022,385.0,398.8,382.5,387.8,0.73,16915.0,365.0,214.2
SJCL,2/15/2022,395.0,405.0,384.0,405.0,4.44,27136.0,365.0,214.2
SJCL,2/16/2022,412.0,412.0,395.2,397.8,-1.78,35260.0,365.0,214.2
SJCL,2/17/2022,390.0,400.0,384.2,394.0,-0.96,17093.0,365.0,214.2
SJCL,2/20/2022,386.2,401.0,380.0,385.1,-2.26,32423.0,365.0,214.2
SJCL,2/21/2022,385.0,400.0,385.0,395.0,2.57,11249.0,365.0,214.2
SJCL,2/22/2022,402.0,410.0,395.0,399.0,1.01,57974.0,365.0,214.2
SJCL,2/23/2022,400.0,409.0,397.0,399.1,0.03,21249.0,365.0,214.2
SJCL,2/24/2022,397.0,397.9,388.0,392.2,-1.73,29872.0,365.0,214.2
SJCL,2/27/2022,400.0,405.0,390.5,397.0,1.22,24962.0,365.0,214.2
SJCL,2/28/2022,404.9,408.0,384.0,384.0,-3.27,34105.0,365.0,214.2
SJCL,3/2/2022,380.0,388.0,366.6,370.0,-3.65,29364.0,365.0,214.2
SJCL,3/6/2022,370.0,377.3,363.1,363.5,-1.76,15029.0,365.0,214.2
SJCL,3/7/2022,365.0,372.0,361.0,363.0,-0.14,16931.0,365.0,214.2
SJCL,3/9/2022,363.0,367.3,356.0,356.0,-1.93,9535.0,365.0,214.2
SJCL,3/10/2022,351.3,377.3,351.3,377.3,5.98,14325.0,365.0,214.2
SJCL,3/13/2022,377.0,384.5,375.1,382.0,1.25,21818.0,365.0,214.2
SJCL,3/14/2022,377.1,382.0,375.0,375.0,-1.83,5330.0,365.0,214.2
SJCL,3/15/2022,371.0,375.0,371.0,374.9,-0.03,10587.0,365.0,214.2
SJCL,3/16/2022,370.0,374.5,368.0,371.0,-1.04,7163.0,365.0,214.2
SJCL,3/20/2022,367.0,385.0,364.0,370.0,-0.27,10784.0,365.0,214.2
SJCL,3/21/2022,363.1,378.0,363.1,376.0,1.62,9409.0,365.0,214.2
SJCL,3/22/2022,375.5,381.0,375.5,376.1,0.03,9596.0,365.0,214.2
SJCL,3/23/2022,372.4,375.0,369.0,375.0,-0.29,5760.0,365.0,214.2
SJCL,3/24/2022,368.0,373.0,365.2,366.0,-2.4,7369.0,365.0,214.2
SJCL,3/27/2022,365.0,365.0,358.0,359.0,-1.91,19852.0,365.0,214.2
SJCL,3/28/2022,355.0,360.0,354.0,355.1,-1.09,5586.0,365.0,214.2
SJCL,3/29/2022,360.0,360.0,353.0,354.0,-0.31,7452.0,365.0,214.2
SJCL,3/30/2022,350.1,367.0,350.1,364.0,2.82,9770.0,365.0,214.2
SJCL,3/31/2022,358.1,364.0,357.1,358.0,-1.65,7653.0,365.0,214.2
SJCL,4/3/2022,352.0,356.0,352.0,354.9,-0.87,5064.0,365.0,214.2
SJCL,4/4/2022,351.0,356.0,350.0,350.0,-1.38,8152.0,365.0,214.2
SJCL,4/5/2022,346.0,356.9,344.0,353.0,0.86,17730.0,365.0,214.2
SJCL,4/6/2022,347.0,359.8,347.0,350.0,-0.85,25903.0,365.0,214.2
SJCL,4/7/2022,355.0,358.9,351.0,352.1,0.6,13398.0,365.0,214.2
SJCL,4/11/2022,355.0,361.6,350.0,354.0,0.54,15794.0,365.0,214.2
SJCL,4/12/2022,347.1,349.0,338.1,346.0,-2.26,6185.0,365.0,214.2
SJCL,4/13/2022,342.0,357.0,340.0,350.0,1.16,4887.0,365.0,214.2
SJCL,4/17/2022,346.0,374.0,345.0,350.3,0.09,19545.0,365.0,214.2
SJCL,4/18/2022,350.0,355.0,342.0,348.0,-0.66,15728.0,365.0,214.2
SJCL,4/19/2022,342.0,347.9,336.0,343.2,-1.38,7032.0,365.0,214.2
SJCL,4/20/2022,336.4,349.9,330.0,342.0,-0.35,7619.0,365.0,214.2
SJCL,4/21/2022,335.2,341.0,325.6,334.0,-2.34,14192.0,365.0,214.2
SJCL,4/24/2022,338.0,358.9,334.0,351.0,5.09,13216.0,365.0,214.2
SJCL,4/25/2022,358.0,359.0,341.1,342.0,-2.56,5588.0,365.0,214.2
SJCL,4/26/2022,342.0,362.0,336.0,336.0,-1.75,8205.0,365.0,214.2
SJCL,4/27/2022,332.0,345.7,330.2,342.0,1.79,10728.0,365.0,214.2
SJCL,4/28/2022,348.8,348.8,333.3,339.0,-0.88,9925.0,365.0,214.2
SJCL,5/2/2022,333.0,333.9,328.3,330.0,-2.65,6958.0,365.0,214.2
SJCL,5/4/2022,324.0,335.0,310.0,316.2,-4.18,18891.0,365.0,214.2
SJCL,5/5/2022,317.0,321.0,296.0,298.2,-5.69,26995.0,365.0,214.2
SJCL,5/8/2022,293.3,312.1,293.3,306.0,2.62,8297.0,365.0,214.2
SJCL,5/9/2022,310.0,311.0,299.5,307.0,0.33,35878.0,365.0,214.2
SJCL,5/10/2022,308.0,319.9,307.0,319.9,4.2,20388.0,365.0,214.2
SJCL,5/11/2022,326.2,333.0,316.0,331.0,3.47,23333.0,365.0,214.2
SJCL,5/12/2022,333.0,333.0,320.4,325.0,-1.81,25068.0,365.0,214.2
SJCL,5/17/2022,319.0,320.0,307.9,310.0,-4.62,11764.0,365.0,214.2
SJCL,5/18/2022,305.0,315.0,303.8,310.0,0.0,15883.0,365.0,214.2
SJCL,5/19/2022,316.0,316.0,304.3,307.3,-0.87,5166.0,365.0,214.2
SJCL,5/20/2022,302.0,314.1,302.0,306.0,-0.42,2659.0,365.0,214.2
SJCL,5/23/2022,305.0,305.0,297.2,300.1,-1.93,17214.0,365.0,214.2
SJCL,5/24/2022,300.0,307.9,296.0,307.0,2.3,6930.0,365.0,214.2
SJCL,5/25/2022,301.5,310.0,301.0,310.0,0.98,12623.0,365.0,214.2
SJCL,5/26/2022,307.0,311.0,301.0,304.0,-1.94,8632.0,365.0,214.2
SJCL,5/27/2022,304.0,304.0,298.0,300.0,-1.32,9703.0,365.0,214.2
SJCL,5/30/2022,306.0,306.0,292.4,293.3,-2.23,12980.0,365.0,214.2
SJCL,5/31/2022,290.7,297.8,285.2,288.3,-1.7,7851.0,365.0,214.2
SJCL,6/1/2022,288.3,293.0,284.1,287.1,-0.42,2930.0,365.0,214.2
SJCL,6/2/2022,287.0,297.0,285.3,286.0,-0.38,2255.0,365.0,214.2
SJCL,6/3/2022,285.0,291.0,279.0,279.5,-2.27,8981.0,365.0,214.2
SJCL,6/6/2022,280.0,291.2,274.0,279.2,-0.11,6284.0,365.0,214.2
SJCL,6/7/2022,276.0,285.6,274.4,274.6,-1.65,8787.0,365.0,214.2
SJCL,6/8/2022,274.6,288.0,271.0,281.0,2.33,11013.0,365.0,214.2
SJCL,6/9/2022,279.0,295.0,279.0,284.0,1.07,16170.0,365.0,214.2
SJCL,6/10/2022,278.4,290.0,275.0,282.0,-0.7,2785.0,365.0,214.2
SJCL,6/13/2022,280.0,285.0,275.0,275.0,-2.48,3791.0,365.0,214.2
SJCL,6/14/2022,270.1,275.7,266.0,269.0,-2.18,9380.0,365.0,214.2
SJCL,6/15/2022,264.1,266.0,257.0,266.0,-1.12,11255.0,365.0,214.2
SJCL,6/16/2022,261.0,275.0,260.0,268.0,0.75,7695.0,365.0,214.2
SJCL,6/17/2022,270.0,272.0,265.0,267.0,-0.37,1918.0,365.0,214.2
SJCL,6/19/2022,262.0,262.0,254.0,254.0,-4.87,4946.0,365.0,214.2
SJCL,6/20/2022,250.1,251.7,239.0,245.1,-3.5,13326.0,365.0,214.2
SJCL,6/21/2022,241.0,255.8,240.2,245.4,0.12,8260.0,365.0,214.2
SJCL,6/22/2022,243.0,247.0,241.0,242.0,-1.39,10351.0,365.0,214.2
SJCL,6/23/2022,237.2,237.2,226.3,231.0,-4.55,13900.0,365.0,214.2
SJCL,6/24/2022,227.0,240.7,218.1,232.0,0.43,9736.0,365.0,214.2
SJCL,6/26/2022,236.6,245.0,233.0,241.7,4.18,19846.0,365.0,214.2
SJCL,6/27/2022,246.5,251.0,238.0,238.0,-1.53,6626.0,365.0,214.2
SJCL,6/28/2022,234.1,239.8,230.0,238.9,0.38,4530.0,365.0,214.2
SJCL,6/29/2022,243.0,245.7,235.0,243.0,1.72,8575.0,365.0,214.2
SJCL,6/30/2022,246.9,256.0,245.0,256.0,5.35,14012.0,365.0,214.2
SJCL,7/1/2022,251.0,256.0,248.0,250.0,-2.34,5915.0,365.0,214.2
SJCL,7/3/2022,250.0,275.0,250.0,275.0,10.0,52662.0,365.0,214.2
SJCL,7/4/2022,280.5,295.0,269.0,288.0,4.73,44107.0,365.0,214.2
SJCL,7/5/2022,282.3,285.0,270.0,275.0,-4.51,19406.0,365.0,214.2
SJCL,7/6/2022,280.0,280.0,262.5,271.1,-1.42,32219.0,365.0,214.2
SJCL,7/7/2022,276.5,276.5,265.0,265.0,-2.25,12502.0,365.0,214.2
SJCL,7/8/2022,261.0,270.3,257.0,262.0,-1.13,5670.0,365.0,214.2
SJCL,7/11/2022,257.0,257.0,243.0,243.5,-7.06,20279.0,365.0,214.2
SJCL,7/12/2022,242.0,252.9,239.0,246.0,1.03,8631.0,365.0,214.2
SJCL,7/13/2022,250.0,260.8,246.0,259.0,5.28,17498.0,365.0,214.2
SJCL,7/14/2022,264.1,269.0,255.0,267.0,3.09,26805.0,365.0,214.2
SJCL,7/15/2022,262.0,264.0,254.8,260.0,-2.62,6532.0,365.0,214.2
SJCL,7/17/2022,254.9,262.9,252.0,256.7,-1.27,3647.0,365.0,214.2
SJCL,7/18/2022,252.0,265.0,251.0,261.1,1.71,3805.0,365.0,214.2
SJCL,7/19/2022,265.0,270.0,259.4,265.0,1.49,12275.0,365.0,214.2
SJCL,7/20/2022,260.0,266.0,260.0,260.0,-1.89,8878.0,365.0,214.2
SJCL,7/21/2022,260.0,264.0,256.8,261.0,0.38,5670.0,365.0,214.2
SJCL,7/22/2022,255.9,260.0,252.0,254.5,-2.49,10040.0,365.0,214.2
SJCL,7/24/2022,250.0,264.9,250.0,264.0,3.73,10540.0,365.0,214.2
SJCL,7/25/2022,269.2,279.4,258.8,273.1,3.45,28970.0,365.0,214.2
SJCL,7/26/2022,268.0,282.0,263.0,269.0,-1.5,19886.0,365.0,214.2
SJCL,7/27/2022,269.0,279.4,262.0,278.0,3.35,26970.0,365.0,214.2
SJCL,7/28/2022,283.0,297.0,273.0,286.0,2.88,62552.0,365.0,214.2
SJCL,7/29/2022,285.0,298.0,278.0,286.6,0.21,13002.0,365.0,214.2
SJCL,7/31/2022,290.0,290.0,281.0,285.0,-0.56,12812.0,365.0,214.2
SJCL,8/1/2022,285.0,299.0,280.0,288.0,1.05,33538.0,365.0,214.2
SJCL,8/2/2022,283.0,288.0,278.0,280.0,-2.78,17266.0,365.0,214.2
SJCL,8/3/2022,277.5,295.0,277.5,289.5,3.39,30514.0,365.0,214.2
SJCL,8/4/2022,289.0,289.0,276.6,276.6,-4.46,23578.0,365.0,214.2
SJCL,8/5/2022,272.2,285.0,272.0,280.5,1.41,29450.0,365.0,214.2
SJCL,8/7/2022,276.1,286.0,276.1,280.0,-0.18,13878.0,365.0,214.2
SJCL,8/8/2022,280.5,285.6,278.0,278.0,-0.71,19955.0,365.0,214.2
SJCL,8/9/2022,280.0,280.0,267.0,267.7,-3.71,17298.0,365.0,214.2
SJCL,8/10/2022,263.0,270.0,258.0,264.0,-1.38,14137.0,365.0,214.2
SJCL,8/11/2022,265.0,274.0,259.0,259.0,-1.89,7468.0,365.0,214.2
SJCL,8/14/2022,255.0,261.1,253.1,255.0,-1.54,10610.0,365.0,214.2
SJCL,8/15/2022,260.0,265.3,255.1,263.0,3.14,9315.0,365.0,214.2
SJCL,8/16/2022,268.0,270.0,258.0,258.0,-1.9,17523.0,365.0,214.2
SJCL,8/17/2022,260.0,265.0,256.0,258.0,0.0,6956.0,365.0,214.2
SJCL,8/18/2022,256.1,269.2,256.1,269.2,4.34,11187.0,365.0,214.2
SJCL,8/21/2022,264.2,268.5,262.0,262.0,-2.67,12304.0,365.0,214.2
SJCL,8/22/2022,257.0,261.0,257.0,260.0,-0.76,8654.0,365.0,214.2
SJCL,8/23/2022,259.0,264.0,256.0,256.3,-1.42,6966.0,365.0,214.2
SJCL,8/24/2022,260.0,260.0,257.2,258.0,0.66,5150.0,365.0,214.2
SJCL,8/25/2022,256.6,262.1,253.0,253.0,-1.94,11430.0,365.0,214.2
SJCL,8/26/2022,248.5,254.0,248.0,248.0,-1.98,5360.0,365.0,214.2
SJCL,8/28/2022,246.1,250.0,240.0,240.0,-3.23,26142.0,365.0,214.2
SJCL,8/29/2022,236.8,247.9,235.0,244.0,1.67,14890.0,365.0,214.2
SJCL,8/30/2022,248.0,248.8,240.0,240.0,-1.64,8355.0,365.0,214.2
SJCL,8/31/2022,240.0,242.0,236.1,238.9,-0.46,7039.0,365.0,214.2
SJCL,9/1/2022,236.0,243.0,233.2,239.0,0.04,12823.0,365.0,214.2
SJCL,9/2/2022,240.0,242.0,235.0,240.0,0.42,3096.0,365.0,214.2
SJCL,9/4/2022,237.5,242.0,236.2,237.4,-1.08,2303.0,365.0,214.2
SJCL,9/5/2022,235.0,240.5,235.0,237.2,-0.08,2111.0,365.0,214.2
SJCL,9/6/2022,237.2,237.2,235.0,235.1,-0.89,2201.0,365.0,214.2
SJCL,9/7/2022,230.5,234.0,228.0,232.0,-1.32,4315.0,365.0,214.2
SJCL,9/8/2022,229.0,241.5,228.1,234.0,0.86,7773.0,365.0,214.2
SJCL,9/11/2022,230.2,238.0,230.0,231.0,-1.28,4705.0,365.0,214.2
SJCL,9/12/2022,228.1,229.0,227.2,227.8,-1.39,2826.0,365.0,214.2
SJCL,9/13/2022,225.0,231.0,225.0,231.0,1.4,4710.0,365.0,214.2
SJCL,9/14/2022,229.0,239.5,229.0,237.0,2.6,4085.0,365.0,214.2
SJCL,9/15/2022,235.0,237.0,227.0,227.1,-4.18,7261.0,365.0,214.2
SJCL,9/16/2022,223.0,224.0,222.0,224.0,-1.37,2940.0,365.0,214.2
SJCL,9/18/2022,220.6,223.0,220.1,221.0,-1.34,3230.0,365.0,214.2
SJCL,9/20/2022,217.0,219.0,215.1,215.4,-2.53,6377.0,365.0,214.2
SJCL,9/21/2022,216.0,223.0,214.1,216.2,0.37,2955.0,365.0,214.2
SJCL,9/22/2022,212.1,218.0,212.0,216.0,-0.09,3148.0,365.0,214.2
SJCL,9/25/2022,212.2,215.0,212.2,213.1,-1.34,4775.0,365.0,214.2
SJCL,9/27/2022,213.0,221.3,213.0,215.0,0.89,4941.0,365.0,214.2
SJCL,9/28/2022,215.0,216.0,214.0,214.3,-0.33,1330.0,365.0,214.2
SJCL,9/29/2022,215.0,218.0,214.0,214.0,-0.14,4399.0,365.0,214.2
SJCL,10/9/2022,214.0,226.7,214.0,226.7,5.93,1520.0,365.0,214.2
SJCL,10/10/2022,231.0,231.0,219.7,219.7,-3.09,5265.0,365.0,214.2
SJCL,10/11/2022,217.1,221.0,217.1,218.4,-0.59,950.0,365.0,214.2
SJCL,10/12/2022,215.1,223.3,215.1,223.3,2.24,2031.0,365.0,214.2
SJCL,10/13/2022,221.0,222.0,217.0,217.0,-2.82,8975.0,365.0,214.2
SJCL,10/16/2022,214.0,224.4,214.0,220.0,1.38,2845.0,365.0,214.2
SJCL,10/17/2022,216.0,220.0,216.0,218.0,-0.91,2680.0,365.0,214.2
SJCL,10/19/2022,215.0,216.0,213.7,213.7,-1.97,4150.0,365.0,214.2
SJCL,10/20/2022,210.0,218.0,210.0,217.5,1.78,1069.0,365.0,214.2
SJCL,10/23/2022,214.0,226.2,213.4,220.0,1.15,2270.0,365.0,214.2
SJCL,10/31/2022,216.0,222.0,216.0,220.1,0.05,4054.0,365.0,214.2
SJCL,11/1/2022,220.0,227.4,219.0,227.0,3.13,8072.0,365.0,214.2
SJCL,11/2/2022,227.0,231.0,223.0,226.5,-0.22,7349.0,365.0,214.2
SJCL,11/3/2022,223.0,226.0,219.0,219.3,-3.18,6220.0,365.0,214.2
SJCL,11/6/2022,215.1,229.9,215.1,229.9,4.83,6299.0,365.0,214.2
SJCL,11/7/2022,232.0,235.0,226.0,230.0,0.04,10210.0,365.0,214.2
SJCL,11/8/2022,226.0,230.0,222.1,227.0,-1.3,4958.0,365.0,214.2
SJCL,11/9/2022,223.0,227.0,222.6,224.9,-0.93,2098.0,365.0,214.2
SJCL,11/10/2022,225.0,228.0,219.5,220.1,-2.13,6104.0,365.0,214.2
SJCL,11/13/2022,220.0,221.0,215.7,219.0,-0.5,4275.0,365.0,214.2
SJCL,11/14/2022,219.0,219.9,213.6,217.0,-0.91,5692.0,365.0,214.2
SJCL,11/15/2022,220.0,221.0,213.7,213.8,-1.47,7833.0,365.0,214.2
SJCL,11/16/2022,213.0,225.0,213.0,220.0,2.9,4295.0,365.0,214.2
SJCL,11/17/2022,224.4,227.9,222.3,224.0,1.82,10612.0,365.0,214.2
SJCL,11/22/2022,228.0,230.0,223.5,223.5,-0.22,10033.0,365.0,214.2
SJCL,11/23/2022,221.2,227.0,220.2,227.0,1.57,1700.0,365.0,214.2
SJCL,11/24/2022,222.8,224.5,222.5,224.5,-1.1,1520.0,365.0,214.2
SJCL,11/27/2022,222.5,228.0,222.0,228.0,1.56,4352.0,365.0,214.2
SJCL,11/28/2022,225.0,225.3,221.7,222.0,-2.63,2440.0,365.0,214.2
SJCL,11/29/2022,219.0,227.0,218.3,223.5,0.68,2447.0,365.0,214.2
SJCL,11/30/2022,220.0,228.0,219.2,224.2,0.31,6300.0,365.0,214.2
SJCL,12/1/2022,221.1,225.4,221.1,225.4,0.54,1613.0,365.0,214.2
SJCL,12/4/2022,221.1,227.9,221.1,227.8,1.06,4535.0,365.0,214.2
SJCL,12/5/2022,223.3,223.3,221.6,222.0,-2.55,2685.0,365.0,214.2
SJCL,12/6/2022,222.0,225.0,220.0,225.0,1.35,6353.0,365.0,214.2
SJCL,12/7/2022,221.0,224.0,221.0,222.4,-1.16,1490.0,365.0,214.2
SJCL,12/11/2022,220.0,222.0,217.0,217.0,-2.43,5685.0,365.0,214.2
SJCL,12/12/2022,215.6,221.0,215.6,220.0,1.38,5150.0,365.0,214.2
SJCL,12/13/2022,220.0,237.0,218.0,237.0,7.73,5504.0,365.0,214.2
SJCL,12/14/2022,232.3,245.0,225.4,242.0,2.11,24467.0,365.0,214.2
SJCL,12/15/2022,238.0,240.0,229.1,234.5,-3.1,5158.0,365.0,214.2
SJCL,12/18/2022,229.9,229.9,224.1,226.1,-3.58,5058.0,365.0,214.2
SJCL,12/19/2022,222.2,230.0,222.2,227.0,0.4,6850.0,365.0,214.2
SJCL,12/20/2022,231.0,240.0,226.4,232.3,2.33,8810.0,365.0,214.2
SJCL,12/21/2022,232.0,232.5,229.8,230.0,-0.99,3852.0,365.0,214.2
SJCL,12/22/2022,234.6,234.6,227.0,227.0,-1.3,7295.0,365.0,214.2
SJCL,12/26/2022,229.0,240.0,229.0,239.0,5.29,13167.0,365.0,214.2
SJCL,12/27/2022,243.7,262.9,239.0,253.1,5.9,46623.0,365.0,214.2
SJCL,12/28/2022,254.0,261.5,243.3,254.0,0.36,27154.0,365.0,214.2
SJCL,12/29/2022,251.4,275.0,251.4,268.0,5.51,21672.0,365.0,214.2
SJCL,1/1/2023,273.0,281.1,263.0,270.1,0.78,44159.0,365.0,214.2
SJCL,1/2/2023,265.1,275.5,265.0,268.0,-0.78,30550.0,365.0,214.2
SJCL,1/3/2023,263.2,273.0,263.2,267.0,-0.37,13843.0,365.0,214.2
SJCL,1/4/2023,267.0,277.9,262.2,277.9,4.08,26364.0,365.0,214.2
SJCL,1/5/2023,280.0,280.0,272.0,275.0,-1.04,19862.0,365.0,214.2
SJCL,1/8/2023,273.0,285.0,273.0,281.0,2.18,29924.0,365.0,214.2
SJCL,1/9/2023,283.0,300.0,281.0,297.0,5.69,60901.0,365.0,214.2
SJCL,1/10/2023,302.0,313.0,294.0,297.0,0.0,69464.0,365.0,214.2
SJCL,1/12/2023,302.0,305.2,286.0,286.0,-3.7,27693.0,365.0,214.2
SJCL,1/17/2023,282.5,309.0,282.0,306.0,6.99,82812.0,365.0,214.2
SJCL,1/18/2023,311.0,323.0,301.1,312.0,1.96,60156.0,365.0,214.2
SJCL,1/19/2023,309.0,318.0,305.0,309.1,-0.93,27193.0,365.0,214.2
SJCL,1/23/2023,315.2,318.0,303.0,304.0,-1.65,46218.0,365.0,214.2
SJCL,1/24/2023,300.0,313.0,295.2,310.0,1.97,32493.0,365.0,214.2
SJCL,1/25/2023,306.2,322.0,305.1,316.0,1.94,46580.0,365.0,214.2
SJCL,1/26/2023,322.0,345.0,311.1,342.0,8.23,123170.0,365.0,214.2
SJCL,1/29/2023,336.0,344.9,327.7,331.0,-3.22,50441.0,365.0,214.2
SJCL,1/30/2023,325.0,330.0,314.0,314.2,-5.08,56927.0,365.0,214.2
SJCL,1/31/2023,309.3,320.2,309.2,314.9,0.22,31984.0,365.0,214.2
SJCL,2/1/2023,310.2,320.6,310.0,317.7,0.89,16337.0,365.0,214.2
SJCL,2/2/2023,318.2,318.2,306.0,314.0,-1.16,35524.0,365.0,214.2
SJCL,2/5/2023,309.0,320.0,309.0,309.0,-1.59,23365.0,365.0,214.2
SJCL,2/6/2023,310.0,314.0,307.7,309.1,0.03,13743.0,365.0,214.2
SJCL,2/7/2023,315.0,325.0,310.5,324.1,4.85,49912.0,365.0,214.2
SJCL,2/8/2023,330.5,332.0,320.1,323.5,-0.19,62756.0,365.0,214.2
SJCL,2/9/2023,322.0,330.0,321.0,329.0,1.7,29351.0,365.0,214.2
SJCL,2/12/2023,323.0,323.0,313.6,315.0,-4.26,33365.0,365.0,214.2
SJCL,2/14/2023,311.3,319.0,311.3,311.6,-1.08,16636.0,365.0,214.2
SJCL,2/15/2023,309.2,314.0,306.0,307.0,-1.48,19013.0,365.0,214.2
SJCL,2/16/2023,303.0,310.0,303.0,305.0,-0.65,21378.0,365.0,214.2
SJCL,2/20/2023,299.0,306.0,298.9,300.1,-1.61,20619.0,365.0,214.2
SJCL,2/22/2023,300.0,315.0,300.0,313.9,4.6,12985.0,365.0,214.2
SJCL,2/23/2023,308.0,309.1,302.0,308.0,-1.88,20080.0,365.0,214.2
SJCL,2/26/2023,301.9,306.1,290.0,305.0,-0.97,18045.0,365.0,214.2
SJCL,2/27/2023,300.0,307.0,295.0,306.0,0.33,17651.0,365.0,214.2
SJCL,2/28/2023,304.0,311.0,299.0,310.0,1.31,28941.0,365.0,214.2
SJCL,3/1/2023,305.2,314.0,300.1,302.0,-2.58,13030.0,365.0,214.2
SJCL,3/2/2023,298.0,302.0,298.0,299.7,-0.76,11440.0,365.0,214.2
SJCL,3/5/2023,296.1,300.0,293.9,293.9,-1.94,10753.0,365.0,214.2
SJCL,3/7/2023,290.1,305.0,290.1,300.5,2.25,8971.0,365.0,214.2
SJCL,3/9/2023,300.0,314.9,300.0,314.9,4.79,27638.0,365.0,214.2
SJCL,3/12/2023,312.0,313.0,306.0,307.0,-2.51,8857.0,365.0,214.2
SJCL,3/13/2023,301.2,307.0,300.0,303.9,-1.01,11055.0,365.0,214.2
SJCL,3/14/2023,298.1,317.9,298.1,314.0,3.32,17160.0,365.0,214.2
SJCL,3/15/2023,307.9,307.9,302.2,306.0,-2.55,9131.0,365.0,214.2
SJCL,3/16/2023,301.0,307.0,300.0,305.7,-0.1,32458.0,365.0,214.2
SJCL,3/19/2023,300.2,311.0,300.2,306.0,0.1,15772.0,365.0,214.2
SJCL,3/20/2023,302.0,313.0,302.0,313.0,2.29,14004.0,365.0,214.2
SJCL,3/22/2023,316.9,317.0,308.8,312.9,-0.03,23390.0,365.0,214.2
SJCL,3/23/2023,308.0,310.0,303.1,305.0,-2.52,15182.0,365.0,214.2
SJCL,3/26/2023,299.0,306.0,299.0,304.0,-0.33,14027.0,365.0,214.2
SJCL,3/27/2023,302.1,312.0,300.1,309.1,1.68,17840.0,365.0,214.2
SJCL,3/28/2023,309.0,313.1,306.0,309.0,-0.03,22147.0,365.0,214.2
SJCL,3/29/2023,304.1,310.3,304.1,309.0,0.0,6935.0,365.0,214.2
SJCL,3/30/2023,312.0,312.0,305.8,307.0,-0.65,4785.0,365.0,214.2
SJCL,4/2/2023,305.3,312.0,300.0,301.5,-1.79,15167.0,365.0,214.2
SJCL,4/3/2023,300.0,303.0,297.1,299.0,-0.83,9340.0,365.0,214.2
SJCL,4/4/2023,300.1,304.0,300.0,301.6,0.87,8622.0,365.0,214.2
SJCL,4/5/2023,298.0,304.0,298.0,302.3,0.23,9063.0,365.0,214.2
SJCL,4/6/2023,305.0,305.0,299.5,300.0,-0.76,9460.0,365.0,214.2
SJCL,4/9/2023,298.0,298.1,291.9,292.0,-2.67,12411.0,365.0,214.2
SJCL,4/10/2023,287.0,297.0,287.0,290.0,-0.68,9983.0,365.0,214.2
SJCL,4/11/2023,287.0,298.0,287.0,296.0,2.07,4945.0,365.0,214.2
SJCL,4/12/2023,296.0,311.0,295.0,310.9,5.03,23080.0,365.0,214.2
SJCL,4/13/2023,304.7,311.0,301.0,305.0,-1.9,9216.0,365.0,214.2
SJCL,4/16/2023,311.0,311.0,301.0,308.0,0.98,6785.0,365.0,214.2
SJCL,4/17/2023,302.1,304.0,299.0,299.7,-2.69,4945.0,365.0,214.2
SJCL,4/18/2023,299.0,304.0,295.0,298.3,-0.47,4242.0,365.0,214.2
SJCL,4/19/2023,304.0,304.0,298.1,299.3,0.34,4950.0,365.0,214.2
SJCL,4/20/2023,300.0,301.0,299.0,300.5,0.4,11800.0,365.0,214.2
SJCL,4/23/2023,294.6,300.5,291.1,292.5,-2.66,3192.0,365.0,214.2
SJCL,4/24/2023,288.0,295.0,288.0,293.3,0.27,3730.0,365.0,214.2
SJCL,4/25/2023,293.3,301.9,293.3,299.0,1.94,3200.0,365.0,214.2
SJCL,4/26/2023,293.6,300.0,293.6,294.5,-1.51,4235.0,365.0,214.2
SJCL,4/27/2023,289.0,294.7,289.0,291.0,-1.19,10701.0,365.0,214.2
SJCL,4/30/2023,290.0,290.0,286.0,286.0,-1.72,9387.0,365.0,214.2
SJCL,5/2/2023,286.0,289.0,279.0,282.0,-1.4,11629.0,365.0,214.2
SJCL,5/3/2023,277.0,280.0,271.2,271.2,-3.83,14035.0,365.0,214.2
SJCL,5/4/2023,266.1,280.0,266.1,276.0,1.77,12879.0,365.0,214.2
SJCL,5/7/2023,278.0,278.5,270.0,272.0,-1.45,9607.0,365.0,214.2
SJCL,5/8/2023,277.0,277.0,264.1,266.6,-1.99,13230.0,365.0,214.2
SJCL,5/9/2023,265.0,275.9,262.0,270.0,1.28,4108.0,365.0,214.2
SJCL,5/10/2023,264.6,272.0,264.6,269.0,-0.37,12986.0,365.0,214.2
SJCL,5/11/2023,264.1,271.0,264.1,270.0,0.37,3290.0,365.0,214.2
SJCL,5/14/2023,268.3,268.3,262.0,263.0,-2.59,5745.0,365.0,214.2
SJCL,5/15/2023,260.0,263.0,258.1,263.0,0.0,4509.0,365.0,214.2
SJCL,5/16/2023,258.4,268.2,258.4,265.0,0.76,5167.0,365.0,214.2
SJCL,5/17/2023,270.0,273.9,261.0,271.3,2.38,6988.0,365.0,214.2
SJCL,5/18/2023,270.0,281.0,266.0,277.3,2.21,10421.0,365.0,214.2
SJCL,5/21/2023,282.8,287.0,272.2,281.0,1.33,6819.0,365.0,214.2
SJCL,5/22/2023,275.4,279.0,270.0,277.0,-1.42,3507.0,365.0,214.2
SJCL,5/23/2023,282.0,287.6,276.4,285.0,2.89,10543.0,365.0,214.2
SJCL,5/24/2023,281.0,289.0,280.1,285.0,0.0,19868.0,365.0,214.2
SJCL,5/28/2023,285.2,299.9,284.8,287.7,0.95,13298.0,365.0,214.2
SJCL,5/30/2023,288.0,288.0,281.0,284.0,-1.29,13274.0,365.0,214.2
SJCL,5/31/2023,278.4,282.0,272.0,272.0,-4.23,20390.0,365.0,214.2
SJCL,6/1/2023,266.9,277.0,266.9,274.2,0.81,5245.0,365.0,214.2
SJCL,6/4/2023,279.6,290.0,279.6,284.6,3.79,5076.0,365.0,214.2
SJCL,6/5/2023,285.0,292.0,284.0,285.1,0.18,18950.0,365.0,214.2
SJCL,6/6/2023,281.0,307.0,281.0,305.7,7.23,53750.0,365.0,214.2
SJCL,6/7/2023,308.0,321.2,308.0,320.0,4.68,70365.0,365.0,214.2
SJCL,6/8/2023,315.0,320.9,313.6,316.0,-1.25,39432.0,365.0,214.2
SJCL,6/11/2023,310.0,322.2,310.0,318.5,0.79,47428.0,365.0,214.2
SJCL,6/12/2023,323.0,324.0,313.2,317.0,-0.47,25661.0,365.0,214.2
SJCL,6/13/2023,315.0,333.0,311.5,324.0,2.21,65670.0,365.0,214.2
SJCL,6/14/2023,330.0,340.0,323.8,329.0,1.54,90447.0,365.0,214.2
SJCL,6/15/2023,329.0,334.0,324.0,331.0,0.61,63075.0,365.0,214.2
SJCL,6/18/2023,324.5,355.0,324.5,352.6,6.53,95267.0,365.0,214.2
SJCL,6/19/2023,354.0,359.0,342.6,345.0,-2.16,53105.0,365.0,214.2
SJCL,6/20/2023,345.0,350.0,331.0,331.9,-3.8,40613.0,365.0,214.2
SJCL,6/21/2023,331.0,338.0,323.4,324.0,-2.38,44657.0,365.0,214.2
SJCL,6/22/2023,320.0,333.5,315.0,319.0,-1.54,48911.0,365.0,214.2
SJCL,6/25/2023,320.0,342.0,318.5,328.0,2.82,31014.0,365.0,214.2
SJCL,6/26/2023,334.5,336.0,322.9,323.0,-1.52,52452.0,365.0,214.2
SJCL,6/27/2023,329.4,330.0,317.8,330.0,2.17,61819.0,365.0,214.2
SJCL,6/28/2023,330.0,330.0,322.0,322.0,-2.42,22750.0,365.0,214.2
SJCL,7/2/2023,319.9,320.4,308.7,312.0,-3.11,34317.0,365.0,214.2
SJCL,7/3/2023,306.6,321.0,306.6,306.7,-1.7,36669.0,365.0,214.2
SJCL,7/4/2023,307.0,313.0,305.3,307.5,0.26,8972.0,365.0,214.2
SJCL,7/5/2023,307.1,308.0,298.0,301.0,-2.11,20315.0,365.0,214.2
SJCL,7/6/2023,296.0,308.0,296.0,307.0,1.99,18782.0,365.0,214.2
SJCL,7/9/2023,307.0,312.0,303.3,310.0,0.98,11994.0,365.0,214.2
SJCL,7/10/2023,307.0,310.0,301.0,301.1,-2.87,20849.0,365.0,214.2
SJCL,7/11/2023,299.0,301.0,290.0,293.0,-2.69,25911.0,365.0,214.2
SJCL,7/12/2023,297.5,310.0,293.2,302.1,3.11,28591.0,365.0,214.2
SJCL,7/13/2023,302.2,310.0,297.0,298.0,-1.36,23675.0,365.0,214.2
SJCL,7/16/2023,297.0,302.0,294.2,296.9,-0.37,8621.0,365.0,214.2
SJCL,7/17/2023,296.0,320.0,293.0,301.0,1.38,12284.0,365.0,214.2
SJCL,7/18/2023,304.0,310.0,298.0,300.0,-0.33,19680.0,365.0,214.2
SJCL,7/19/2023,294.3,306.0,294.3,300.0,0.0,9555.0,365.0,214.2
SJCL,7/20/2023,295.1,305.0,295.1,300.0,0.0,8651.0,365.0,214.2
SJCL,7/23/2023,295.0,308.9,295.0,305.0,1.67,11578.0,365.0,214.2
SJCL,7/24/2023,304.0,309.0,300.0,300.4,-1.51,17333.0,365.0,214.2
SJCL,7/25/2023,297.2,306.0,297.2,304.9,1.5,16290.0,365.0,214.2
SJCL,7/26/2023,299.0,305.0,299.0,300.0,-1.61,4852.0,365.0,214.2
SJCL,7/27/2023,306.0,306.0,297.3,298.0,-0.67,8084.0,365.0,214.2
SJCL,7/30/2023,295.2,295.3,290.0,294.0,-1.34,8619.0,365.0,214.2
SJCL,7/31/2023,290.0,304.9,288.2,297.0,1.02,4615.0,365.0,214.2
SJCL,8/1/2023,292.2,304.0,290.1,290.2,-2.29,7312.0,365.0,214.2
SJCL,8/2/2023,290.0,291.0,285.0,289.0,-0.41,5617.0,365.0,214.2
SJCL,8/3/2023,286.0,300.0,285.0,287.3,-0.59,10430.0,365.0,214.2
SJCL,8/6/2023,285.1,298.0,279.1,282.9,-1.53,7156.0,365.0,214.2
SJCL,8/7/2023,277.3,288.4,277.3,278.0,-1.73,5245.0,365.0,214.2
SJCL,8/8/2023,283.5,291.7,275.0,275.0,-1.08,6640.0,365.0,214.2
SJCL,8/9/2023,270.4,295.0,270.4,295.0,7.27,8444.0,365.0,214.2
SJCL,8/10/2023,300.9,306.0,295.0,299.9,1.66,14975.0,365.0,214.2
SJCL,8/13/2023,295.0,295.0,289.1,292.1,-2.6,11195.0,365.0,214.2
SJCL,8/14/2023,287.1,290.0,283.1,283.1,-3.08,6205.0,365.0,214.2
SJCL,8/15/2023,283.0,286.9,280.2,283.1,0.0,3420.0,365.0,214.2
SJCL,8/16/2023,277.6,288.6,273.1,276.0,-2.51,9147.0,365.0,214.2
SJCL,8/17/2023,281.5,286.8,278.0,280.0,1.45,3975.0,365.0,214.2
SJCL,8/20/2023,280.0,280.0,271.2,280.0,0.0,3730.0,365.0,214.2
SJCL,8/21/2023,278.0,280.0,271.1,271.3,-3.11,4558.0,365.0,214.2
SJCL,8/22/2023,276.7,282.2,271.0,273.2,0.7,1825.0,365.0,214.2
SJCL,8/23/2023,271.8,280.5,271.8,280.0,2.49,2430.0,365.0,214.2
SJCL,8/24/2023,280.0,280.0,270.0,270.0,-3.57,12209.0,365.0,214.2
SJCL,8/27/2023,265.1,275.0,265.0,269.9,-0.04,3359.0,365.0,214.2
SJCL,8/28/2023,265.0,275.0,265.0,268.5,-0.52,2247.0,365.0,214.2
SJCL,8/29/2023,267.0,269.0,266.0,266.5,-0.74,2272.0,365.0,214.2
SJCL,8/30/2023,270.0,271.8,264.0,267.0,0.19,5668.0,365.0,214.2
SJCL,9/3/2023,263.1,264.0,257.1,257.1,-3.71,9434.0,365.0,214.2
SJCL,9/4/2023,257.1,265.0,244.0,247.0,-3.93,14544.0,365.0,214.2
SJCL,9/5/2023,250.0,271.7,246.0,263.0,6.48,2855.0,365.0,214.2
SJCL,9/7/2023,258.1,259.0,249.0,250.0,-4.94,4819.0,365.0,214.2
SJCL,9/10/2023,255.0,255.0,248.1,248.4,-0.64,5458.0,365.0,214.2
SJCL,9/11/2023,248.1,254.0,248.1,253.0,1.85,7820.0,365.0,214.2
SJCL,9/12/2023,258.0,263.1,249.0,249.0,-1.58,2557.0,365.0,214.2
SJCL,9/13/2023,248.0,265.0,248.0,255.1,2.45,2610.0,365.0,214.2
SJCL,9/17/2023,256.0,257.8,250.9,250.9,-1.65,6996.0,365.0,214.2
SJCL,9/18/2023,255.0,255.0,250.5,255.0,1.63,2920.0,365.0,214.2
SJCL,9/19/2023,251.0,263.0,251.0,263.0,3.14,8247.0,365.0,214.2
SJCL,9/21/2023,268.0,283.9,265.2,283.0,7.6,18279.0,365.0,214.2
SJCL,9/24/2023,285.0,285.0,270.1,273.5,-3.36,10482.0,365.0,214.2
SJCL,9/25/2023,278.9,278.9,268.0,275.8,0.84,4261.0,365.0,214.2
SJCL,9/26/2023,276.0,285.0,276.0,282.5,2.43,10844.0,365.0,214.2
SJCL,9/27/2023,278.1,282.0,272.7,274.1,-2.97,8170.0,365.0,214.2
SJCL,10/1/2023,270.1,272.0,267.0,267.0,-2.59,5420.0,365.0,214.2
SJCL,10/2/2023,265.0,275.0,261.0,270.5,1.31,4691.0,365.0,214.2
SJCL,10/3/2023,268.0,273.5,266.0,266.0,-1.66,2907.0,365.0,214.2
SJCL,10/4/2023,270.0,270.0,264.8,265.0,-0.38,14550.0,365.0,214.2
SJCL,10/5/2023,261.0,278.2,261.0,264.1,-0.34,6315.0,365.0,214.2
SJCL,10/8/2023,268.0,270.0,256.1,257.0,-2.69,10135.0,365.0,214.2
SJCL,10/9/2023,252.2,262.0,250.0,255.0,-0.78,10560.0,365.0,214.2
SJCL,10/10/2023,251.0,252.0,250.1,251.0,-1.57,3445.0,365.0,214.2
SJCL,10/11/2023,252.0,256.0,251.0,254.0,1.2,2334.0,365.0,214.2
SJCL,10/12/2023,249.1,253.0,248.0,250.0,-1.57,8290.0,365.0,214.2
SJCL,10/16/2023,255.0,255.0,245.0,245.0,-2.0,6231.0,365.0,214.2
SJCL,10/17/2023,249.9,249.9,241.0,243.0,-0.82,7492.0,365.0,214.2
SJCL,10/18/2023,243.0,255.0,240.1,249.1,2.51,2332.0,365.0,214.2
SJCL,10/19/2023,254.0,254.0,247.0,251.0,0.76,2682.0,365.0,214.2
SJCL,10/29/2023,247.0,250.0,242.1,245.2,-2.31,2210.0,365.0,214.2
SJCL,10/30/2023,241.2,250.0,241.2,243.2,-0.82,7040.0,365.0,214.2
SJCL,10/31/2023,239.1,249.6,239.1,243.1,-0.04,2800.0,365.0,214.2
SJCL,11/1/2023,247.9,250.0,240.1,240.2,-1.19,5276.0,365.0,214.2
SJCL,11/2/2023,236.0,244.0,236.0,239.3,-0.37,1930.0,365.0,214.2
SJCL,11/5/2023,236.0,240.8,235.0,237.9,-0.59,3210.0,365.0,214.2
SJCL,11/6/2023,233.5,242.0,233.5,238.0,0.04,7037.0,365.0,214.2
SJCL,11/7/2023,234.2,246.8,234.2,237.0,-0.42,2690.0,365.0,214.2
SJCL,11/8/2023,234.1,249.0,234.1,237.0,0.0,2475.0,365.0,214.2
SJCL,11/9/2023,240.0,242.1,237.0,238.0,0.42,5000.0,365.0,214.2
SJCL,11/20/2023,238.0,242.0,233.6,236.1,-0.8,1879.0,365.0,214.2
SJCL,11/21/2023,232.1,240.8,232.1,238.0,0.8,3030.0,365.0,214.2
SJCL,11/22/2023,233.5,245.0,233.5,245.0,2.94,3291.0,365.0,214.2
SJCL,11/23/2023,241.0,249.9,236.2,244.0,-0.41,8356.0,365.0,214.2
SJCL,11/26/2023,239.3,251.0,239.2,250.0,2.46,6386.0,365.0,214.2
SJCL,11/27/2023,245.1,253.9,245.1,249.2,-0.32,5135.0,365.0,214.2
SJCL,11/28/2023,245.3,254.9,245.2,251.0,0.72,5132.0,365.0,214.2
SJCL,11/29/2023,246.2,255.0,246.2,247.5,-1.39,3488.0,365.0,214.2
SJCL,11/30/2023,249.0,255.9,245.0,248.4,0.36,14759.0,365.0,214.2
SJCL,12/3/2023,247.0,253.0,244.0,246.5,-0.76,1984.0,365.0,214.2
SJCL,12/4/2023,242.0,251.0,242.0,248.9,0.97,2884.0,365.0,214.2
SJCL,12/5/2023,245.0,247.0,244.6,244.6,-1.73,1860.0,365.0,214.2
SJCL,12/6/2023,245.0,248.0,242.0,243.4,-0.49,4544.0,365.0,214.2
SJCL,12/7/2023,242.0,247.4,242.0,247.0,1.48,3612.0,365.0,214.2
SJCL,12/10/2023,250.2,255.2,250.2,255.2,3.32,60.0,365.0,214.2
SJCL,12/11/2023,250.1,266.0,250.1,260.7,2.16,16801.0,365.0,214.2
SJCL,12/12/2023,256.1,275.0,256.1,271.0,3.95,9449.0,365.0,214.2
SJCL,12/13/2023,266.1,280.0,266.1,270.0,-0.37,11741.0,365.0,214.2
SJCL,12/14/2023,264.6,275.0,262.0,269.0,-0.37,6700.0,365.0,214.2
SJCL,12/17/2023,264.0,285.0,264.0,282.5,5.02,27508.0,365.0,214.2
SJCL,12/18/2023,282.5,292.7,273.0,279.3,-1.13,27763.0,365.0,214.2
SJCL,12/19/2023,284.0,285.5,278.0,281.0,0.61,13940.0,365.0,214.2
SJCL,12/20/2023,281.0,309.1,281.0,294.0,4.63,45883.0,365.0,214.2
SJCL,12/21/2023,293.9,317.0,288.0,317.0,7.82,29923.0,365.0,214.2
SJCL,12/24/2023,310.7,310.7,296.0,296.0,-6.62,53803.0,365.0,214.2
SJCL,12/27/2023,292.0,300.0,287.3,290.0,-2.03,34849.0,365.0,214.2
SJCL,12/28/2023,285.0,291.9,284.7,287.0,-1.03,12902.0,365.0,214.2
SJCL,1/1/2024,285.0,302.6,280.1,280.1,-2.4,15239.0,365.0,214.2
SJCL,1/2/2024,275.0,281.0,270.6,272.0,-2.89,9299.0,365.0,214.2
SJCL,1/3/2024,268.1,280.0,268.1,278.9,2.54,12343.0,365.0,214.2
SJCL,1/4/2024,280.5,298.0,280.0,293.0,5.06,63990.0,365.0,214.2
SJCL,1/7/2024,294.0,321.3,293.0,303.0,3.41,71198.0,365.0,214.2
SJCL,1/8/2024,299.0,314.0,298.0,310.5,2.48,47157.0,365.0,214.2
SJCL,1/9/2024,307.0,318.0,305.5,309.0,-0.48,60500.0,365.0,214.2
SJCL,1/10/2024,314.9,314.9,300.0,306.0,-0.97,17506.0,365.0,214.2
SJCL,1/11/2024,300.0,312.0,297.5,304.6,-0.46,25139.0,365.0,214.2
SJCL,1/14/2024,310.0,328.4,304.7,324.0,6.37,107415.0,365.0,214.2
SJCL,1/16/2024,330.0,330.0,317.0,319.0,-1.54,68229.0,365.0,214.2
SJCL,1/17/2024,325.0,325.0,308.0,310.0,-2.82,59585.0,365.0,214.2
SJCL,1/18/2024,304.1,314.0,303.9,312.0,0.65,36808.0,365.0,214.2
SJCL,1/21/2024,311.0,318.2,305.8,309.1,-0.93,41173.0,365.0,214.2
SJCL,1/22/2024,308.0,312.0,303.8,304.2,-1.59,20907.0,365.0,214.2
SJCL,1/23/2024,310.2,310.2,301.0,301.0,-1.05,22005.0,365.0,214.2
SJCL,1/24/2024,302.0,313.0,298.0,299.0,-0.66,13711.0,365.0,214.2
SJCL,1/25/2024,299.0,324.6,294.0,300.0,0.33,22398.0,365.0,214.2
SJCL,1/28/2024,294.2,316.0,294.2,305.0,1.67,9448.0,365.0,214.2
SJCL,1/29/2024,300.0,311.0,300.0,305.0,0.0,9787.0,365.0,214.2
SJCL,1/30/2024,300.7,311.0,300.7,306.2,0.39,15720.0,365.0,214.2
SJCL,1/31/2024,305.0,311.9,302.2,302.2,-1.31,14570.0,365.0,214.2
SJCL,2/1/2024,300.0,305.0,290.4,290.5,-3.87,41751.0,365.0,214.2
SJCL,2/4/2024,287.0,296.0,286.0,289.9,-0.21,15129.0,365.0,214.2
SJCL,2/5/2024,289.0,293.0,286.3,290.0,0.03,9667.0,365.0,214.2
SJCL,2/6/2024,286.0,295.0,286.0,295.0,1.72,6320.0,365.0,214.2
SJCL,2/7/2024,295.0,300.0,289.2,295.0,0.0,3643.0,365.0,214.2
SJCL,2/8/2024,291.0,296.0,291.0,296.0,0.34,9696.0,365.0,214.2
SJCL,2/11/2024,297.0,302.0,297.0,298.0,0.68,10803.0,365.0,214.2
SJCL,2/12/2024,295.0,302.5,294.1,301.0,1.01,10142.0,365.0,214.2
SJCL,2/13/2024,305.0,306.0,298.0,302.0,0.33,34827.0,365.0,214.2
SJCL,2/14/2024,296.1,304.0,296.1,299.4,-0.86,6586.0,365.0,214.2
SJCL,2/15/2024,296.8,304.0,296.8,297.5,-0.63,21551.0,365.0,214.2
SJCL,2/18/2024,295.6,303.4,292.0,292.5,-1.68,13053.0,365.0,214.2
SJCL,2/20/2024,290.1,297.0,290.1,291.5,-0.34,13957.0,365.0,214.2
SJCL,2/21/2024,290.2,295.0,285.7,285.9,-1.92,14973.0,365.0,214.2
SJCL,2/22/2024,285.0,288.0,280.0,280.0,-2.06,14699.0,365.0,214.2
SJCL,2/25/2024,275.0,282.0,275.0,275.0,-1.79,11819.0,365.0,214.2
SJCL,2/26/2024,270.3,285.0,270.3,274.3,-0.25,8741.0,365.0,214.2
SJCL,2/27/2024,274.3,285.2,274.3,280.5,2.26,6254.0,365.0,214.2
SJCL,2/28/2024,277.2,285.0,275.7,280.0,-0.18,12056.0,365.0,214.2
SJCL,2/29/2024,279.0,279.0,271.5,271.8,-2.93,16202.0,365.0,214.2
SJCL,3/3/2024,269.5,275.0,269.5,272.0,0.07,8353.0,365.0,214.2
SJCL,3/4/2024,271.0,281.9,271.0,281.9,3.64,60.0,365.0,214.2
SJCL,3/5/2024,287.5,293.0,278.0,278.1,-1.35,19898.0,365.0,214.2
SJCL,3/6/2024,274.0,287.9,274.0,280.0,0.68,7564.0,365.0,214.2
SJCL,3/7/2024,284.9,296.0,282.1,288.0,2.86,18902.0,365.0,214.2
SJCL,3/10/2024,290.0,298.0,284.0,284.0,-1.39,11581.0,365.0,214.2
SJCL,3/12/2024,289.6,295.0,285.0,293.1,3.2,11212.0,365.0,214.2
SJCL,3/13/2024,292.0,295.0,288.0,291.0,-0.72,6493.0,365.0,214.2
SJCL,3/14/2024,286.0,300.0,286.0,287.0,-1.37,9967.0,365.0,214.2
SJCL,3/17/2024,285.0,290.0,284.2,288.0,0.35,6933.0,365.0,214.2
SJCL,3/18/2024,283.2,288.0,283.2,284.3,-1.28,7714.0,365.0,214.2
SJCL,3/19/2024,284.6,287.0,283.0,284.0,-0.11,5494.0,365.0,214.2
SJCL,3/20/2024,278.4,295.0,278.4,282.0,-0.7,12863.0,365.0,214.2
SJCL,3/21/2024,280.0,282.0,276.4,282.0,0.0,13420.0,365.0,214.2
SJCL,3/25/2024,276.6,280.0,276.5,278.0,-1.42,2985.0,365.0,214.2
SJCL,3/26/2024,274.0,295.3,274.0,289.4,4.1,5296.0,365.0,214.2
SJCL,3/27/2024,283.7,293.0,274.0,286.1,-1.14,2975.0,365.0,214.2
SJCL,3/28/2024,281.0,286.4,278.1,285.9,-0.07,4070.0,365.0,214.2
SJCL,3/31/2024,283.1,284.1,281.0,281.0,-1.71,3550.0,365.0,214.2
SJCL,4/1/2024,277.0,281.0,276.7,278.1,-1.03,4165.0,365.0,214.2
SJCL,4/2/2024,276.1,279.9,275.2,277.0,-0.4,6289.0,365.0,214.2
SJCL,4/3/2024,275.1,280.0,275.1,277.7,0.25,3558.0,365.0,214.2
SJCL,4/4/2024,273.4,278.0,273.4,278.0,0.11,6620.0,365.0,214.2
SJCL,4/7/2024,283.5,289.0,273.0,279.0,0.36,9634.0,365.0,214.2
SJCL,4/9/2024,275.0,281.0,275.0,277.3,-0.61,6600.0,365.0,214.2
SJCL,4/10/2024,282.0,282.0,276.4,277.1,-0.07,5527.0,365.0,214.2
SJCL,4/14/2024,272.0,283.0,272.0,281.8,1.7,10644.0,365.0,214.2
SJCL,4/15/2024,277.0,280.0,273.0,279.8,-0.71,7065.0,365.0,214.2
SJCL,4/16/2024,274.5,278.0,272.3,274.1,-2.04,6075.0,365.0,214.2
SJCL,4/18/2024,269.4,271.0,268.7,269.2,-1.79,4605.0,365.0,214.2
SJCL,4/21/2024,264.0,285.0,263.0,285.0,5.87,5238.0,365.0,214.2
SJCL,4/22/2024,280.0,284.0,271.0,274.5,-3.68,6205.0,365.0,214.2
SJCL,4/24/2024,269.2,274.0,269.1,274.0,-0.18,2186.0,365.0,214.2
SJCL,4/25/2024,269.0,274.0,268.9,272.4,-0.58,3030.0,365.0,214.2
SJCL,4/28/2024,267.0,273.0,267.0,270.9,-0.55,4840.0,365.0,214.2
SJCL,4/29/2024,267.0,281.8,267.0,269.0,-0.7,2075.0,365.0,214.2
SJCL,4/30/2024,265.3,275.0,264.0,270.0,0.37,22597.0,365.0,214.2
SJCL,5/2/2024,273.0,273.0,264.7,271.0,0.37,3831.0,365.0,214.2
SJCL,5/5/2024,266.0,271.0,265.7,265.7,-1.96,3094.0,365.0,214.2
SJCL,5/6/2024,261.1,271.0,261.1,266.0,0.11,2473.0,365.0,214.2
SJCL,5/7/2024,261.1,280.5,261.1,263.0,-1.13,3214.0,365.0,214.2
SJCL,5/8/2024,260.0,270.0,260.0,265.0,0.76,2749.0,365.0,214.2
SJCL,5/9/2024,260.2,270.0,260.2,264.5,-0.19,7060.0,365.0,214.2
SJCL,5/12/2024,264.5,273.0,260.0,264.1,-0.15,4994.0,365.0,214.2
SJCL,5/13/2024,261.0,269.0,261.0,267.0,1.1,3145.0,365.0,214.2
SJCL,5/14/2024,263.5,270.0,262.0,269.0,0.75,7914.0,365.0,214.2
SJCL,5/15/2024,269.0,272.0,265.2,268.0,-0.37,5625.0,365.0,214.2
SJCL,5/16/2024,262.7,270.0,262.7,269.9,0.71,7991.0,365.0,214.2
SJCL,5/19/2024,275.2,276.9,268.1,272.1,0.82,12618.0,365.0,214.2
SJCL,5/20/2024,277.0,280.0,272.0,276.9,1.76,6463.0,365.0,214.2
SJCL,5/21/2024,280.0,282.0,266.7,278.0,0.4,11955.0,365.0,214.2
SJCL,5/22/2024,276.0,282.9,276.0,277.1,-0.32,8329.0,365.0,214.2
SJCL,5/26/2024,275.0,278.0,273.1,275.0,-0.76,4208.0,365.0,214.2
SJCL,5/27/2024,270.0,280.0,270.0,276.0,0.36,3060.0,365.0,214.2
SJCL,5/29/2024,281.5,281.5,268.0,268.0,-2.9,7876.0,365.0,214.2
SJCL,5/30/2024,268.0,272.9,266.5,266.5,-0.56,4700.0,365.0,214.2
SJCL,6/2/2024,271.0,272.0,265.1,269.8,1.24,7720.0,365.0,214.2
SJCL,6/3/2024,266.3,271.9,266.3,270.0,0.07,4287.0,365.0,214.2
SJCL,6/4/2024,267.1,270.0,266.0,267.3,-1.0,2639.0,365.0,214.2
SJCL,6/5/2024,265.2,270.0,260.1,267.0,-0.11,17761.0,365.0,214.2
SJCL,6/6/2024,272.3,272.3,263.0,263.1,-1.46,9636.0,365.0,214.2
SJCL,6/9/2024,259.1,268.3,259.1,260.0,-1.18,17976.0,365.0,214.2
SJCL,6/10/2024,265.2,265.2,260.0,262.5,0.96,8935.0,365.0,214.2
SJCL,6/11/2024,267.0,270.9,262.0,270.0,2.86,13415.0,365.0,214.2
SJCL,6/12/2024,274.0,275.0,265.0,268.9,-0.41,7391.0,365.0,214.2
SJCL,6/13/2024,263.6,274.0,263.6,271.8,1.08,7586.0,365.0,214.2
SJCL,6/16/2024,267.0,271.0,266.4,268.0,-1.4,11626.0,365.0,214.2
SJCL,6/18/2024,263.0,270.0,263.0,265.0,-1.12,8117.0,365.0,214.2
SJCL,6/19/2024,262.2,265.0,262.2,262.8,-0.83,6786.0,365.0,214.2
SJCL,6/20/2024,263.0,265.0,261.3,262.0,-0.3,3675.0,365.0,214.2
SJCL,6/23/2024,259.0,263.0,259.0,260.1,-0.73,7826.0,365.0,214.2
SJCL,6/24/2024,257.1,272.5,257.1,262.0,0.73,4620.0,365.0,214.2
SJCL,6/25/2024,267.2,267.2,262.0,263.0,0.38,5301.0,365.0,214.2
SJCL,6/26/2024,260.1,264.0,259.0,260.0,-1.14,8675.0,365.0,214.2
SJCL,6/27/2024,260.0,264.0,257.0,257.0,-1.15,8975.0,365.0,214.2
SJCL,6/30/2024,257.0,261.0,256.0,260.0,1.17,3169.0,365.0,214.2
SJCL,7/1/2024,257.3,265.0,257.3,257.4,-1.0,3270.0,365.0,214.2
SJCL,7/2/2024,262.5,277.1,259.0,262.0,1.79,8775.0,365.0,214.2
SJCL,7/3/2024,257.2,262.0,257.2,262.0,0.0,4175.0,365.0,214.2
SJCL,7/4/2024,267.0,267.0,257.0,263.8,0.69,12933.0,365.0,214.2
SJCL,7/7/2024,260.5,266.0,260.5,263.6,-0.08,9630.0,365.0,214.2
SJCL,7/8/2024,268.0,268.0,260.2,264.0,0.15,3708.0,365.0,214.2
SJCL,7/9/2024,260.3,264.0,259.4,261.0,-1.14,11745.0,365.0,214.2
SJCL,7/10/2024,261.1,263.0,260.0,262.0,0.38,10882.0,365.0,214.2
SJCL,7/11/2024,266.2,272.5,260.0,264.5,0.95,21826.0,365.0,214.2
SJCL,7/14/2024,269.7,285.0,268.2,275.4,4.12,22833.0,365.0,214.2
SJCL,7/15/2024,276.0,287.4,270.1,283.7,3.01,42409.0,365.0,214.2
SJCL,7/16/2024,286.0,301.1,281.0,299.3,5.5,74133.0,365.0,214.2
SJCL,7/17/2024,299.4,308.0,292.4,306.1,2.27,70213.0,365.0,214.2
SJCL,7/18/2024,308.0,309.0,295.0,299.0,-2.32,81297.0,365.0,214.2
SJCL,7/21/2024,293.1,319.9,293.1,315.1,5.38,99674.0,365.0,214.2
SJCL,7/22/2024,315.1,330.0,306.6,322.0,2.19,110670.0,365.0,214.2
SJCL,7/23/2024,322.0,344.6,317.0,339.0,5.28,171223.0,365.0,214.2
SJCL,7/24/2024,333.3,345.0,327.5,328.0,-3.24,104282.0,365.0,214.2
SJCL,7/25/2024,328.1,330.0,321.0,323.5,-1.37,74219.0,365.0,214.2
SJCL,7/28/2024,329.9,329.9,320.0,326.0,0.77,41229.0,365.0,214.2
SJCL,7/29/2024,325.0,346.8,322.0,334.0,2.45,166780.0,365.0,214.2
SJCL,7/30/2024,339.0,367.4,335.0,367.4,10.0,358546.0,365.0,214.2
SJCL,7/31/2024,374.7,404.1,374.7,387.9,5.58,254112.0,365.0,214.2
SJCL,8/1/2024,390.0,393.0,366.0,375.0,-3.33,186862.0,365.0,214.2
SJCL,8/5/2024,382.0,382.0,351.9,375.0,0.0,186426.0,365.0,214.2
SJCL,8/6/2024,382.5,382.5,350.1,358.0,-4.53,162458.0,365.0,214.2
SJCL,8/7/2024,351.0,379.0,351.0,374.0,4.47,97842.0,365.0,214.2
SJCL,8/8/2024,380.0,408.0,370.2,404.0,8.02,484939.0,365.0,214.2
SJCL,8/11/2024,404.0,420.0,396.1,402.0,-0.5,211127.0,365.0,214.2
SJCL,8/12/2024,400.0,428.4,396.0,425.0,5.72,445684.0,365.0,214.2
SJCL,8/13/2024,416.5,442.0,403.0,415.0,-2.35,272046.0,365.0,214.2
SJCL,8/14/2024,423.3,423.3,399.9,407.6,-1.78,146914.0,365.0,214.2
SJCL,8/15/2024,410.0,416.0,403.0,403.0,-1.13,202220.0,365.0,214.2
SJCL,8/18/2024,403.0,405.0,383.0,387.0,-3.97,129289.0,365.0,214.2
SJCL,8/21/2024,387.0,395.0,375.0,375.0,-3.1,118808.0,365.0,214.2
SJCL,8/22/2024,381.0,397.8,375.0,388.0,3.47,113437.0,365.0,214.2
SJCL,8/25/2024,394.0,394.0,367.0,369.0,-4.9,69648.0,365.0,214.2
SJCL,8/27/2024,362.3,368.9,355.0,358.0,-2.98,84324.0,365.0,214.2
SJCL,8/28/2024,350.9,368.0,350.4,351.5,-1.82,48474.0,365.0,214.2
SJCL,8/29/2024,352.0,358.0,342.1,346.0,-1.56,66647.0,365.0,214.2
SJCL,9/1/2024,340.0,355.0,340.0,348.0,0.58,45406.0,365.0,214.2
SJCL,9/2/2024,342.0,367.0,342.0,363.0,4.31,77857.0,365.0,214.2
SJCL,9/3/2024,369.0,370.0,353.0,369.0,1.65,51529.0,365.0,214.2
SJCL,9/4/2024,365.0,365.0,349.0,358.0,-2.98,61301.0,365.0,214.2
SJCL,9/5/2024,351.0,359.0,344.0,346.3,-3.27,37772.0,365.0,214.2
SJCL,9/8/2024,353.2,354.0,342.3,347.5,0.35,27271.0,365.0,214.2
SJCL,9/9/2024,345.0,346.5,336.0,336.1,-3.28,42614.0,365.0,214.2
SJCL,9/10/2024,337.0,349.6,333.1,338.9,0.83,24612.0,365.0,214.2
SJCL,9/11/2024,335.2,340.0,328.0,331.9,-2.07,35162.0,365.0,214.2
SJCL,9/12/2024,327.0,349.5,327.0,340.6,2.62,47539.0,365.0,214.2
SJCL,9/15/2024,340.6,347.0,330.1,335.0,-1.64,31110.0,365.0,214.2
SJCL,9/16/2024,335.0,335.0,322.1,327.0,-2.39,31042.0,365.0,214.2
SJCL,9/18/2024,333.0,333.0,321.5,322.1,-1.5,18986.0,365.0,214.2
SJCL,9/22/2024,322.1,330.0,321.0,324.0,0.59,14877.0,365.0,214.2
SJCL,9/23/2024,322.1,325.0,313.3,314.5,-2.93,19986.0,365.0,214.2
SJCL,9/24/2024,310.5,320.0,307.5,308.7,-1.84,22241.0,365.0,214.2
SJCL,9/25/2024,314.0,325.0,303.0,320.0,3.66,16707.0,365.0,214.2
SJCL,9/26/2024,322.0,322.0,311.3,313.0,-2.19,16741.0,365.0,214.2
SJCL,9/29/2024,306.9,310.0,303.0,303.0,-3.19,12535.0,365.0,214.2
SJCL,9/30/2024,303.0,319.0,302.0,313.9,3.6,17719.0,365.0,214.2
SJCL,10/1/2024,307.7,335.0,307.7,335.0,6.72,25146.0,365.0,214.2
SJCL,10/2/2024,329.0,332.9,321.0,321.1,-4.15,20893.0,365.0,214.2
SJCL,10/6/2024,318.0,332.0,318.0,332.0,3.39,15755.0,365.0,214.2
SJCL,10/7/2024,337.0,338.5,326.1,334.4,0.72,18859.0,365.0,214.2
SJCL,10/8/2024,328.2,337.0,328.0,328.0,-1.91,8775.0,365.0,214.2
SJCL,10/9/2024,334.0,335.0,322.3,329.0,0.3,6079.0,365.0,214.2
SJCL,10/15/2024,334.0,342.0,329.0,335.0,1.82,2328.0,365.0,214.2
SJCL,10/16/2024,335.0,349.0,331.0,347.9,3.85,26758.0,365.0,214.2
SJCL,10/17/2024,353.0,353.0,337.5,340.0,-2.27,20438.0,365.0,214.2
SJCL,10/20/2024,335.2,339.0,329.2,329.5,-3.09,28148.0,365.0,214.2
SJCL,10/21/2024,324.0,337.5,323.0,327.2,-0.7,13279.0,365.0,214.2
SJCL,10/22/2024,324.0,333.0,324.0,329.7,0.76,10268.0,365.0,214.2
SJCL,10/23/2024,328.0,335.5,324.0,326.0,-1.12,16045.0,365.0,214.2
SJCL,10/24/2024,321.0,336.0,321.0,330.5,1.38,18365.0,365.0,214.2
SJCL,10/27/2024,324.2,329.0,324.1,326.1,-1.33,5828.0,365.0,214.2
SJCL,10/28/2024,325.3,335.0,325.2,333.0,2.12,13233.0,365.0,214.2
SJCL,10/29/2024,328.0,345.0,328.0,337.0,1.2,29033.0,365.0,214.2
SJCL,10/30/2024,338.2,341.0,336.3,338.1,0.33,19568.0,365.0,214.2
SJCL,11/5/2024,344.0,370.0,344.0,363.1,7.39,137850.0,365.0,214.2
SJCL,11/6/2024,369.0,369.0,356.0,358.9,-1.16,39753.0,365.0,214.2
SJCL,11/10/2024,365.0,372.3,358.7,372.1,3.68,103264.0,365.0,214.2
SJCL,11/11/2024,373.0,378.0,364.0,368.5,-0.97,67333.0,365.0,214.2
SJCL,11/12/2024,364.1,370.0,360.2,361.0,-2.04,42071.0,365.0,214.2
SJCL,11/13/2024,356.1,365.0,356.1,359.0,-0.55,24701.0,365.0,214.2
SJCL,11/14/2024,364.0,375.5,354.0,370.0,3.06,107097.0,365.0,214.2
SJCL,11/17/2024,370.5,377.9,369.0,369.5,-0.14,51819.0,365.0,214.2
SJCL,11/19/2024,370.0,374.0,354.1,356.0,-3.65,49287.0,365.0,214.2
SJCL,11/20/2024,358.0,360.0,352.9,356.0,0.0,27079.0,365.0,214.2
SJCL,11/21/2024,360.0,370.0,355.1,363.0,1.97,81818.0,365.0,214.2
SJCL,11/24/2024,370.2,385.6,370.2,376.0,3.58,206066.0,365.0,214.2
SJCL,11/25/2024,383.5,383.5,367.0,370.0,-1.6,51054.0,365.0,214.2
SJCL,11/26/2024,377.4,384.0,370.1,377.1,1.92,48332.0,365.0,214.2
SJCL,11/27/2024,384.5,393.7,372.6,390.0,3.42,181671.0,365.0,214.2
SJCL,11/28/2024,385.0,392.9,376.0,376.0,-3.59,72833.0,365.0,214.2
SJCL,12/1/2024,371.0,380.0,365.1,375.0,-0.27,60815.0,365.0,214.2
SJCL,12/2/2024,368.1,382.9,368.1,371.2,-1.01,34633.0,365.0,214.2
SJCL,12/3/2024,378.0,380.0,370.1,374.5,0.89,40399.0,365.0,214.2
SJCL,12/4/2024,380.0,387.6,374.5,377.0,0.67,89375.0,365.0,214.2
SJCL,12/5/2024,369.6,380.3,369.6,377.5,0.13,53276.0,365.0,214.2
SJCL,12/8/2024,372.0,377.9,363.1,371.2,-1.67,51066.0,365.0,214.2
SJCL,12/9/2024,365.3,372.0,364.0,364.1,-1.91,24789.0,365.0,214.2
SJCL,12/10/2024,360.1,378.9,360.1,370.2,1.68,19587.0,365.0,214.2
SJCL,12/11/2024,363.0,372.0,363.0,372.0,0.49,13038.0,365.0,214.2
SJCL,12/12/2024,372.0,374.0,366.0,368.0,-1.08,28245.0,365.0,214.2
SJCL,12/16/2024,375.0,375.0,354.0,354.0,-3.8,14402.0,365.0,214.2
SJCL,12/17/2024,359.0,385.0,354.1,370.0,4.52,90443.0,365.0,214.2
SJCL,12/18/2024,373.8,374.0,359.0,363.9,-1.65,19566.0,365.0,214.2
SJCL,12/19/2024,369.9,369.9,353.3,355.2,-2.39,16486.0,365.0,214.2
SJCL,12/22/2024,355.0,358.0,348.0,350.6,-1.3,21012.0,365.0,214.2
SJCL,12/23/2024,343.6,357.0,343.6,352.1,0.43,14559.0,365.0,214.2
SJCL,12/24/2024,352.0,358.7,349.4,355.0,0.82,16288.0,365.0,214.2
SJCL,12/26/2024,348.0,353.0,348.0,353.0,-0.56,21560.0,365.0,214.2
SJCL,12/29/2024,350.0,351.0,342.0,343.0,-2.83,13884.0,365.0,214.2
SJCL,12/31/2024,342.0,344.0,335.1,344.0,0.29,18848.0,365.0,214.2
SJCL,1/1/2025,341.0,345.0,341.0,343.5,-0.15,6148.0,365.0,214.2
SJCL,1/2/2025,342.0,345.0,341.0,344.0,0.15,7244.0,365.0,214.2
SJCL,1/5/2025,342.1,359.0,340.6,348.9,1.42,14438.0,365.0,214.2
SJCL,1/6/2025,345.0,356.9,345.0,356.9,2.29,16129.0,365.0,214.2
SJCL,1/7/2025,357.0,365.0,356.0,359.9,0.84,36999.0,365.0,214.2
SJCL,1/8/2025,355.1,367.0,355.1,366.7,1.89,37303.0,365.0,214.2
SJCL,1/9/2025,359.6,366.0,354.0,360.0,-1.83,15811.0,365.0,214.2
SJCL,1/12/2025,354.0,358.0,353.4,355.0,-1.39,8072.0,365.0,214.2
SJCL,1/13/2025,352.0,358.9,348.0,355.9,0.25,12101.0,365.0,214.2
SJCL,1/15/2025,350.1,363.0,350.0,359.0,0.87,28267.0,365.0,214.2
SJCL,1/16/2025,354.0,359.0,351.9,359.0,0.0,16074.0,365.0,214.2
SJCL,1/19/2025,353.0,366.1,351.9,360.0,0.28,13700.0,365.0,214.2
SJCL,1/20/2025,352.8,365.0,352.8,360.2,0.06,38784.0,365.0,214.2
SJCL,1/21/2025,357.2,366.8,355.2,355.2,-1.39,28354.0,365.0,214.2
SJCL,1/22/2025,355.0,364.0,354.0,359.9,1.32,14993.0,365.0,214.2
SJCL,1/23/2025,360.0,362.8,356.0,358.0,-0.53,22323.0,365.0,214.2
SJCL,1/26/2025,360.0,360.0,353.1,358.9,0.25,30752.0,365.0,214.2
SJCL,1/27/2025,355.0,363.0,355.0,360.0,0.31,37069.0,365.0,214.2
SJCL,1/28/2025,361.4,364.4,357.0,360.1,0.03,27400.0,365.0,214.2
SJCL,2/2/2025,367.3,377.0,360.0,373.0,3.58,72992.0,365.0,214.2
SJCL,2/3/2025,373.0,380.0,367.0,375.0,0.54,56043.0,365.0,214.2
SJCL,2/4/2025,375.0,375.0,367.5,373.9,-0.29,26526.0,365.0,214.2
SJCL,2/5/2025,376.1,378.0,370.1,372.0,-0.51,41372.0,365.0,214.2
SJCL,2/6/2025,370.3,372.0,366.0,372.0,0.0,26758.0,365.0,214.2
SJCL,2/9/2025,373.8,378.7,363.6,367.5,-1.21,32684.0,365.0,214.2
SJCL,2/10/2025,374.8,374.8,357.1,359.0,-2.31,20124.0,365.0,214.2
SJCL,2/11/2025,366.1,366.1,353.9,357.8,-0.33,21481.0,365.0,214.2
SJCL,2/12/2025,354.0,365.1,354.0,359.0,0.34,14260.0,365.0,214.2
SJCL,2/13/2025,355.0,360.0,353.0,353.0,-1.67,17178.0,365.0,214.2
SJCL,2/16/2025,353.1,357.0,350.1,354.0,0.28,30700.0,365.0,214.2
SJCL,2/17/2025,350.8,356.9,350.8,352.0,-0.56,21587.0,365.0,214.2
SJCL,2/18/2025,345.0,358.0,345.0,350.0,-0.57,23786.0,365.0,214.2
SJCL,2/20/2025,343.0,371.0,343.0,346.1,-1.11,24387.0,365.0,214.2
SJCL,2/23/2025,345.0,355.6,342.1,346.0,-0.03,33826.0,365.0,214.2
SJCL,2/24/2025,344.0,352.0,344.0,350.0,1.16,26563.0,365.0,214.2
SJCL,2/25/2025,355.1,356.0,339.2,349.7,-0.09,65442.0,365.0,214.2
SJCL,2/27/2025,342.8,356.0,342.8,356.0,1.8,20210.0,365.0,214.2
SJCL,3/2/2025,348.9,377.0,348.9,373.3,4.86,50801.0,365.0,214.2
SJCL,3/3/2025,365.9,370.9,360.0,363.5,-2.63,55804.0,365.0,214.2
SJCL,3/4/2025,356.3,364.0,353.0,354.9,-2.37,57749.0,365.0,214.2
SJCL,3/5/2025,352.2,355.4,349.3,353.0,-0.54,24914.0,365.0,214.2
SJCL,3/6/2025,350.0,353.0,347.5,351.0,-0.57,27512.0,365.0,214.2
SJCL,3/9/2025,348.1,364.0,344.0,364.0,3.7,35038.0,365.0,214.2
SJCL,3/10/2025,356.8,356.8,344.0,350.0,-3.85,30694.0,365.0,214.2
SJCL,3/11/2025,355.9,355.9,342.2,342.9,-2.03,15924.0,365.0,214.2
SJCL,3/12/2025,343.0,347.0,340.0,341.5,-0.41,12572.0,365.0,214.2
SJCL,3/16/2025,340.0,341.0,335.0,335.0,-1.9,23793.0,365.0,214.2
SJCL,3/17/2025,333.0,340.0,333.0,333.3,-0.51,8579.0,365.0,214.2
SJCL,3/18/2025,333.2,338.0,333.0,333.2,-0.03,7139.0,365.0,214.2
SJCL,3/19/2025,333.5,336.0,330.2,330.7,-0.75,10508.0,365.0,214.2
SJCL,3/20/2025,329.0,335.0,329.0,330.93,0.07,9053.0,365.0,214.2
SJCL,3/23/2025,331.0,331.0,324.0,324.24,-2.02,15433.0,365.0,214.2
SJCL,3/24/2025,330.0,330.0,322.0,325.3,0.33,9424.0,365.0,214.2
SJCL,3/25/2025,322.0,325.0,312.6,313.21,-3.72,26589.0,365.0,214.2
SJCL,3/26/2025,311.0,320.0,311.0,317.9,1.5,6130.0,365.0,214.2
SJCL,3/27/2025,317.9,326.3,315.0,325.69,2.45,8275.0,365.0,214.2
SJCL,3/30/2025,320.3,341.0,320.2,328.46,0.85,21809.0,365.0,214.2
SJCL,4/1/2025,325.2,330.0,310.0,318.82,-2.93,59075.0,365.0,214.2
SJCL,4/2/2025,315.0,324.0,315.0,322.55,1.17,15062.0,365.0,214.2
SJCL,4/3/2025,319.0,333.0,319.0,321.99,-0.17,14539.0,365.0,214.2
SJCL,4/7/2025,327.0,327.0,318.2,321.19,-0.25,8308.0,365.0,214.2
SJCL,4/8/2025,316.2,325.0,316.0,323.05,0.58,7166.0,365.0,214.2
SJCL,4/9/2025,328.9,328.9,318.1,319.15,-1.21,4614.0,365.0,214.2
SJCL,4/10/2025,318.0,323.0,318.0,320.53,0.43,2400.0,365.0,214.2
SJCL,4/13/2025,320.0,326.0,319.6,319.97,-0.17,4350.0,365.0,214.2
SJCL,4/15/2025,315.0,325.3,315.0,324.77,1.5,12305.0,365.0,214.2
SJCL,4/16/2025,327.0,345.0,321.0,335.47,3.29,45503.0,365.0,214.2
SJCL,4/17/2025,340.0,341.0,333.5,333.7,-0.53,21665.0,365.0,214.2
SJCL,4/20/2025,332.0,334.0,325.6,327.45,-1.87,9272.0,365.0,214.2
SJCL,4/21/2025,323.5,333.9,323.5,329.85,0.73,29014.0,365.0,214.2
SJCL,4/22/2025,334.9,334.9,325.0,325.71,-1.26,21761.0,365.0,214.2
SJCL,4/23/2025,323.2,326.0,323.0,323.33,-0.73,5920.0,365.0,214.2
SJCL,4/24/2025,321.0,328.2,320.1,326.74,1.05,13016.0,365.0,214.2
SJCL,4/27/2025,325.2,333.0,325.1,328.69,0.6,14393.0,365.0,214.2
SJCL,4/28/2025,335.0,336.6,325.0,325.21,-1.06,28359.0,365.0,214.2
SJCL,4/29/2025,327.0,336.0,322.0,328.5,1.01,27426.0,365.0,214.2
SJCL,4/30/2025,325.0,334.7,325.0,327.33,-0.36,32141.0,365.0,214.2
SJCL,5/4/2025,328.0,333.0,325.0,326.1,-0.38,16109.0,365.0,214.2
SJCL,5/5/2025,325.6,328.8,323.4,324.43,-0.51,9173.0,365.0,214.2
SJCL,5/6/2025,323.0,327.0,323.0,323.84,-0.18,10584.0,365.0,214.2
SJCL,5/7/2025,330.1,344.6,326.0,340.69,5.2,75617.0,365.0,214.2
SJCL,5/8/2025,344.9,344.9,333.9,337.76,-0.86,31126.0,365.0,214.2
SJCL,5/11/2025,343.5,343.5,327.7,330.04,-2.29,22252.0,365.0,214.2
SJCL,5/13/2025,336.6,336.6,325.0,325.85,-1.27,18240.0,365.0,214.2
SJCL,5/14/2025,330.0,330.0,320.0,320.23,-1.72,20611.0,365.0,214.2
SJCL,5/15/2025,321.0,321.0,318.0,319.84,-0.12,14854.0,365.0,214.2
SJCL,5/18/2025,317.0,323.0,316.1,317.73,-0.66,7200.0,365.0,214.2
SJCL,5/19/2025,320.0,323.0,314.0,317.93,0.06,10815.0,365.0,214.2
SJCL,5/20/2025,314.1,326.0,314.1,324.72,2.14,7140.0,365.0,214.2
SJCL,5/21/2025,331.2,337.6,321.5,322.48,-0.69,18395.0,365.0,214.2
SJCL,5/22/2025,317.7,322.0,317.7,318.4,-1.27,10480.0,365.0,214.2
SJCL,5/25/2025,323.0,323.0,316.0,316.46,-0.61,5924.0,365.0,214.2
SJCL,5/26/2025,322.0,329.1,316.1,316.57,0.03,9544.0,365.0,214.2
SJCL,5/27/2025,315.0,319.0,315.0,317.98,0.45,10236.0,365.0,214.2
SJCL,5/28/2025,314.1,323.1,314.1,321.62,1.14,16360.0,365.0,214.2
SJCL,6/2/2025,328.0,328.0,317.0,317.2,-1.37,10319.0,365.0,214.2
SJCL,6/3/2025,316.0,323.0,315.1,317.01,-0.06,9425.0,365.0,214.2
SJCL,6/4/2025,318.0,320.0,314.3,316.35,-0.21,5173.0,365.0,214.2
SJCL,6/5/2025,311.3,320.0,311.3,315.24,-0.35,10041.0,365.0,214.2
SJCL,6/8/2025,314.0,325.0,314.0,322.01,2.15,17659.0,365.0,214.2
SJCL,6/9/2025,316.6,327.0,316.6,323.62,0.5,9495.0,365.0,214.2
SJCL,6/10/2025,329.8,329.8,320.3,323.74,0.04,16208.0,365.0,214.2
SJCL,6/11/2025,330.2,330.2,319.0,321.71,-0.63,14922.0,365.0,214.2
SJCL,6/12/2025,320.1,340.0,320.1,329.7,2.48,78803.0,365.0,214.2
SJCL,6/15/2025,325.0,341.0,324.0,340.05,3.14,68237.0,365.0,214.2
SJCL,6/16/2025,346.0,346.0,330.5,333.17,-2.02,72734.0,365.0,214.2
SJCL,6/17/2025,329.1,334.5,326.1,332.75,-0.13,9703.0,365.0,214.2
SJCL,6/18/2025,337.0,337.0,323.4,328.76,-1.2,18555.0,365.0,214.2
SJCL,6/19/2025,332.0,345.0,330.0,334.52,1.75,80006.0,365.0,214.2
SJCL,6/22/2025,332.2,335.0,323.6,324.2,-3.09,21003.0,365.0,214.2
SJCL,6/23/2025,321.1,327.0,318.4,321.2,-0.93,10571.0,365.0,214.2
SJCL,6/24/2025,326.2,329.8,320.0,320.27,-0.29,13912.0,365.0,214.2
SJCL,6/25/2025,320.0,326.0,319.5,322.21,0.61,14912.0,365.0,214.2
SJCL,6/26/2025,325.0,325.0,319.0,321.18,-0.32,8721.0,365.0,214.2
SJCL,6/29/2025,326.9,353.2,318.1,322.3,0.35,20865.0,365.0,214.2
SJCL,6/30/2025,317.5,327.9,317.5,321.49,-0.25,6879.0,365.0,214.2
SJCL,7/1/2025,319.1,327.0,319.1,325.3,1.19,11841.0,365.0,214.2
SJCL,7/2/2025,329.8,335.0,324.2,326.97,0.51,42602.0,365.0,214.2
SJCL,7/3/2025,330.0,334.9,325.0,326.48,-0.15,24598.0,365.0,214.2
SJCL,7/6/2025,325.0,330.0,322.1,323.55,-0.9,22140.0,365.0,214.2
SJCL,7/7/2025,320.5,328.0,316.6,317.39,-1.9,28244.0,365.0,214.2
SJCL,7/8/2025,320.0,320.0,312.0,316.88,-0.16,16359.0,365.0,214.2
SJCL,7/9/2025,313.5,326.0,313.5,317.8,0.29,5653.0,365.0,214.2
SJCL,7/10/2025,313.0,324.1,313.0,314.29,-1.1,33757.0,365.0,214.2
SJCL,7/13/2025,320.5,326.0,315.6,316.68,0.76,18455.0,365.0,214.2
SJCL,7/14/2025,313.7,321.5,313.7,318.4,0.54,7032.0,365.0,214.2
SJCL,7/15/2025,315.0,320.2,315.0,317.18,-0.38,11599.0,365.0,214.2
SJCL,7/16/2025,322.9,322.9,316.0,317.28,0.03,53875.0,365.0,214.2
SJCL,7/17/2025,321.0,327.9,320.0,327.07,3.09,23004.0,365.0,214.2
SJCL,7/20/2025,327.0,336.0,322.5,326.14,-0.28,119639.0,365.0,214.2
SJCL,7/21/2025,325.0,328.0,323.1,325.33,-0.25,17656.0,365.0,214.2
SJCL,7/22/2025,328.0,333.0,322.0,331.48,1.89,46983.0,365.0,214.2
SJCL,7/23/2025,332.0,337.0,326.6,334.54,0.92,54276.0,365.0,214.2
SJCL,7/24/2025,330.2,338.0,330.2,336.44,0.57,53052.0,365.0,214.2
SJCL,7/27/2025,341.6,342.8,331.0,331.36,-1.51,80027.0,365.0,214.2
SJCL,7/28/2025,332.0,334.9,325.8,329.1,-0.68,42216.0,365.0,214.2
SJCL,7/29/2025,334.9,334.9,328.1,329.68,0.18,38566.0,365.0,214.2
SJCL,7/30/2025,325.1,333.0,325.0,325.8,-1.18,24303.0,365.0,214.2
SJCL,7/31/2025,324.0,327.9,322.0,323.16,-0.81,21171.0,365.0,214.2
SJCL,8/3/2025,321.1,324.9,321.1,321.78,-0.43,20124.0,365.0,214.2
SJCL,8/4/2025,326.0,326.5,318.0,320.76,-0.32,17392.0,365.0,214.2
SJCL,8/5/2025,318.5,323.0,315.1,316.85,-1.22,23607.0,365.0,214.2
SJCL,8/6/2025,315.0,321.0,313.1,316.3,-0.17,14371.0,365.0,214.2
SJCL,8/7/2025,317.0,330.0,314.0,319.88,1.13,24692.0,365.0,214.2
SJCL,8/11/2025,326.2,326.2,315.0,315.48,-1.38,34227.0,365.0,214.2
SJCL,8/12/2025,312.1,318.0,312.1,313.07,-0.76,16387.0,365.0,214.2
SJCL,8/13/2025,312.2,317.0,311.6,312.92,-0.05,14890.0,365.0,214.2
SJCL,8/14/2025,313.0,317.0,307.1,307.99,-1.58,15219.0,365.0,214.2
SJCL,8/17/2025,307.0,309.0,295.3,298.39,-3.12,62736.0,365.0,214.2
SJCL,8/18/2025,298.5,304.0,298.5,301.93,1.19,19704.0,365.0,214.2
SJCL,8/19/2025,306.7,306.7,301.7,302.99,0.35,10630.0,365.0,214.2
SJCL,8/20/2025,309.0,309.0,301.2,302.22,-0.25,11263.0,365.0,214.2
SJCL,8/21/2025,308.2,314.0,303.0,304.98,0.91,14014.0,365.0,214.2
SJCL,8/24/2025,311.0,311.0,300.2,301.8,-1.04,7554.0,365.0,214.2
SJCL,8/25/2025,307.0,307.0,300.0,300.9,-0.3,10817.0,365.0,214.2
SJCL,8/26/2025,300.0,303.0,298.5,300.56,-0.11,7838.0,365.0,214.2
SJCL,8/27/2025,302.0,305.8,300.6,305.38,1.6,9204.0,365.0,214.2
SJCL,8/28/2025,311.4,311.4,298.1,299.62,-1.89,15405.0,365.0,214.2
SJCL,8/31/2025,295.0,306.0,295.0,305.21,1.87,39787.0,365.0,214.2
SJCL,9/1/2025,300.0,306.0,299.3,302.09,-1.02,22612.0,365.0,214.2
SJCL,9/2/2025,306.0,308.0,299.0,300.39,-0.56,24322.0,365.0,214.2
SJCL,9/3/2025,301.0,305.0,298.0,298.08,-0.77,6598.0,365.0,214.2
SJCL,9/4/2025,302.0,302.0,294.0,298.17,0.03,5272.0,365.0,214.2
SJCL,9/7/2025,295.0,297.0,293.3,293.79,-1.47,5299.0,365.0,214.2
SJCL,9/8/2025,288.0,296.0,283.5,289.11,-1.59,12806.0,365.0,214.2
SJCL,9/18/2025,283.4,283.4,277.8,277.8,-3.91,1100.0,365.0,214.2
SJCL,9/21/2025,277.8,292.0,274.0,289.28,4.13,13862.0,365.0,214.2
SJCL,9/23/2025,290.0,309.0,288.0,293.9,1.6,6309.0,365.0,214.2
SJCL,9/24/2025,290.7,295.0,289.1,289.1,-1.63,3583.0,365.0,214.2
SJCL,9/25/2025,285.1,298.8,285.1,294.9,2.01,4690.0,365.0,214.2
SJCL,9/28/2025,291.0,299.9,291.0,299.9,1.7,2312.0,365.0,214.2
SJCL,10/7/2025,294.0,295.5,285.0,293.9,-2.0,7202.0,365.0,214.2
SJCL,10/8/2025,290.0,292.0,284.4,291.9,-0.68,8587.0,365.0,214.2
SJCL,10/9/2025,293.0,301.0,289.1,290.0,-0.65,12630.0,365.0,214.2
SJCL,10/12/2025,285.0,286.0,277.0,282.4,-2.62,12991.0,365.0,214.2
SJCL,10/13/2025,277.1,282.5,277.0,282.0,-0.14,3741.0,365.0,214.2
SJCL,10/14/2025,280.1,280.1,270.4,272.0,-3.55,15404.0,365.0,214.2
SJCL,10/15/2025,267.0,275.0,267.0,275.0,1.1,2510.0,365.0,214.2
SJCL,10/16/2025,271.0,275.0,270.0,270.7,-1.56,4047.0,365.0,214.2
SJCL,10/19/2025,267.0,272.1,267.0,272.0,0.48,2585.0,365.0,214.2
SJCL,10/26/2025,270.0,273.0,267.0,271.5,-0.18,3949.0,365.0,214.2
SJCL,10/28/2025,268.0,278.0,268.0,274.5,1.1,6927.0,365.0,214.2
SJCL,10/29/2025,275.0,279.0,271.2,274.0,-0.18,3587.0,365.0,214.2
SJCL,10/30/2025,278.5,280.5,271.5,280.0,2.19,14230.0,365.0,214.2
SJCL,11/2/2025,278.0,285.0,275.1,285.0,1.79,6439.0,365.0,214.2
SJCL,11/3/2025,281.1,295.8,281.1,287.6,0.91,7194.0,365.0,214.2
SJCL,11/4/2025,282.1,292.7,282.1,285.4,-0.76,1780.0,365.0,214.2
SJCL,11/5/2025,280.1,285.0,276.2,280.0,-1.89,4584.0,365.0,214.2
SJCL,11/6/2025,280.0,284.9,274.6,276.0,-1.43,6054.0,365.0,214.2
SJCL,11/9/2025,281.5,281.5,273.0,280.8,1.74,3515.0,365.0,214.2
SJCL,11/10/2025,275.2,277.1,272.0,276.9,-1.39,2675.0,365.0,214.2
SJCL,11/11/2025,274.2,300.0,274.2,285.7,3.18,28483.0,365.0,214.2
SJCL,11/12/2025,285.0,293.7,285.0,293.7,2.8,28713.0,365.0,214.2
SJCL,11/13/2025,295.3,295.3,287.0,287.5,-2.11,7418.0,365.0,214.2
SJCL,11/16/2025,282.1,285.0,280.1,282.8,-1.63,7782.0,365.0,214.2
SJCL,11/17/2025,282.0,284.0,278.3,281.0,-0.64,10195.0,365.0,214.2
SJCL,11/18/2025,285.0,285.0,281.0,284.8,1.35,8070.0,365.0,214.2
SJCL,11/19/2025,290.0,290.0,281.0,282.4,-0.84,5499.0,365.0,214.2
SJCL,11/20/2025,276.8,285.0,276.8,284.7,0.81,15876.0,365.0,214.2
SJCL,11/23/2025,285.0,295.8,280.1,292.0,2.56,16668.0,365.0,214.2
SJCL,11/24/2025,293.5,297.8,291.2,295.0,1.03,26396.0,365.0,214.2
SJCL,11/25/2025,291.0,297.6,291.0,296.5,0.51,17370.0,365.0,214.2
SJCL,11/26/2025,292.4,300.0,292.4,295.0,-0.51,8906.0,365.0,214.2
SJCL,11/27/2025,289.1,294.0,289.0,292.0,-1.02,12652.0,365.0,214.2
SJCL,11/30/2025,287.1,292.9,287.1,288.5,-1.2,9418.0,365.0,214.2
SJCL,12/1/2025,284.1,294.2,284.1,287.0,-0.52,14571.0,365.0,214.2
SJCL,12/2/2025,286.0,307.9,285.2,300.0,4.53,44174.0,365.0,214.2
SJCL,12/3/2025,302.0,302.0,294.0,296.9,-1.03,16345.0,365.0,214.2
SJCL,12/7/2025,294.0,294.0,283.2,288.0,-3.0,23672.0,365.0,214.2
SJCL,12/8/2025,285.0,299.9,284.3,295.0,2.43,17345.0,365.0,214.2
SJCL,12/9/2025,291.0,295.9,289.2,293.0,-0.68,15924.0,365.0,214.2
SJCL,12/10/2025,287.2,293.7,287.2,293.7,0.24,6991.0,365.0,214.2
SJCL,12/11/2025,288.5,296.0,288.2,292.2,-0.51,17966.0,365.0,214.2
SJCL,12/14/2025,288.0,290.8,286.5,288.0,-1.44,9345.0,365.0,214.2
SJCL,12/15/2025,284.0,289.9,283.1,285.6,-0.83,5890.0,365.0,214.2
SJCL,12/16/2025,282.0,290.0,282.0,287.9,0.81,11136.0,365.0,214.2
SJCL,12/17/2025,282.2,291.7,282.2,286.3,-0.56,12021.0,365.0,214.2
SJCL,12/18/2025,285.0,292.0,283.0,284.2,-0.73,9952.0,365.0,214.2
SJCL,12/21/2025,287.0,287.0,282.1,285.5,0.46,16121.0,365.0,214.2
SJCL,12/22/2025,283.0,287.0,283.0,285.0,-0.18,6417.0,365.0,214.2
SJCL,12/23/2025,282.6,289.0,282.6,289.0,1.4,12193.0,365.0,214.2
SJCL,12/24/2025,284.5,286.9,284.5,284.6,-1.52,7072.0,365.0,214.2
SJCL,12/28/2025,289.0,290.0,284.2,290.0,1.9,9499.0,365.0,214.2
SJCL,12/29/2025,290.0,293.4,287.0,287.0,-1.03,14590.0,365.0,214.2
SJCL,12/31/2025,284.8,290.0,284.7,285.0,-0.7,17681.0,365.0,214.2
SJCL,1/1/2026,285.1,290.0,285.0,286.6,0.56,8339.0,365.0,214.2
SJCL,1/4/2026,280.9,286.5,280.9,284.0,-0.91,4225.0,365.0,214.2
SJCL,1/5/2026,281.5,288.0,281.5,286.0,0.7,8809.0,365.0,214.2
SJCL,1/6/2026,282.0,290.0,282.0,284.5,-0.52,14282.0,365.0,214.2
SJCL,1/7/2026,284.6,288.9,281.6,284.0,-0.18,8448.0,365.0,214.2
SJCL,1/8/2026,281.8,284.0,281.2,284.0,0.0,6974.0,365.0,214.2
SJCL,1/12/2026,280.4,284.0,280.4,281.3,-0.95,4360.0,365.0,214.2
SJCL,1/13/2026,278.7,287.0,278.7,284.9,1.28,5136.0,365.0,214.2
SJCL,1/14/2026,284.0,285.0,282.6,284.0,-0.32,4460.0,365.0,214.2
SJCL,1/18/2026,285.0,289.0,283.8,285.0,0.35,9732.0,365.0,214.2
SJCL,1/20/2026,285.1,300.0,285.1,291.0,2.11,16754.0,365.0,214.2
SJCL,1/21/2026,291.0,296.8,288.2,289.3,-0.58,8610.0,365.0,214.2
SJCL,1/22/2026,287.2,295.9,287.2,295.0,1.97,15002.0,365.0,214.2
SJCL,1/25/2026,299.0,303.0,296.1,299.3,1.46,36052.0,365.0,214.2
SJCL,1/26/2026,295.0,302.8,294.1,296.5,-0.94,24357.0,365.0,214.2
SJCL,1/27/2026,302.0,313.0,299.1,299.1,0.88,59937.0,365.0,214.2
SJCL,1/28/2026,297.0,314.9,296.1,303.9,1.6,34997.0,365.0,214.2
SJCL,1/29/2026,303.0,315.0,300.0,300.0,-1.28,89384.0,365.0,214.2
SJCL,2/1/2026,305.0,306.0,297.9,298.4,-0.53,18456.0,365.0,214.2
SJCL,2/2/2026,298.0,304.0,297.3,304.0,1.88,19072.0,365.0,214.2
SJCL,2/3/2026,308.6,308.6,296.2,297.0,-2.3,23860.0,365.0,214.2
SJCL,2/4/2026,293.7,299.9,293.7,295.2,-0.61,48002.0,365.0,214.2
SJCL,2/5/2026,298.0,302.0,293.8,300.0,1.63,23311.0,365.0,214.2
SJCL,2/8/2026,297.1,307.0,293.0,296.5,-1.17,27726.0,365.0,214.2
SJCL,2/9/2026,295.0,297.0,291.2,296.9,0.13,21529.0,365.0,214.2
SJCL,2/10/2026,296.9,302.3,293.0,294.2,-0.91,22828.0,365.0,214.2
SJCL,2/11/2026,300.0,306.0,290.0,301.5,2.48,40787.0,365.0,214.2
SJCL,2/12/2026,297.6,325.0,297.6,319.9,6.1,177229.0,365.0,214.2
SJCL,2/16/2026,323.0,323.0,307.0,309.7,-3.19,35099.0,365.0,214.2
SJCL,2/17/2026,307.0,307.0,299.0,301.8,-2.55,89234.0,365.0,214.2
SJCL,2/22/2026,300.0,301.0,291.2,296.0,-1.92,14569.0,365.0,214.2
SJCL,2/23/2026,290.5,301.0,290.5,291.2,-1.62,13370.0,365.0,214.2
SJCL,2/24/2026,297.0,297.3,290.2,297.3,2.09,11256.0,365.0,214.2
SJCL,2/25/2026,300.0,301.0,295.2,301.0,1.24,13525.0,365.0,214.2
SJCL,2/26/2026,300.0,300.0,292.0,296.0,-1.66,9702.0,365.0,214.2
SJCL,2/27/2026,300.0,300.0,292.0,296.0,0.0,9702.0,365.0,214.2
SJCL,2/28/2026,300.0,300.0,292.0,296.0,0.0,9702.0,365.0,214.2
SJCL,3/2/2026,292.0,299.0,291.1,298.8,0.95,6293.0,365.0,214.2
SJCL,3/3/2026,301.7,312.0,294.2,304.9,2.04,22526.0,365.0,214.2
SJCL,3/4/2026,301.7,312.0,294.2,304.9,0.0,22526.0,365.0,214.2
SJCL,3/5/2026,301.7,312.0,294.2,304.9,0.0,22526.0,365.0,214.2
SJCL,3/6/2026,301.7,312.0,294.2,304.9,0.0,22526.0,365.0,214.2
SJCL,3/7/2026,301.7,312.0,294.2,304.9,0.0,22526.0,365.0,214.2
SJCL,3/8/2026,301.7,312.0,294.2,304.9,0.0,22526.0,365.0,214.2
SJCL,3/9/2026,310.9,323.0,310.9,323.0,5.94,605.0,365.0,214.2
SJCL,3/10/2026,323.0,323.0,304.8,313.9,-2.82,94325.0,365.0,214.2
SJCL,3/11/2026,314.0,316.0,307.3,307.4,-2.07,41907.0,365.0,214.2
SJCL,3/12/2026,302.0,317.0,302.0,315.0,2.47,34027.0,365.0,214.2
SJCL,3/13/2026,302.0,317.0,302.0,315.0,0.0,34027.0,365.0,214.2
SJCL,3/14/2026,302.0,317.0,302.0,315.0,0.0,34027.0,365.0,214.2
SJCL,3/15/2026,321.3,321.3,312.0,317.0,0.63,24736.0,365.0,214.2
SJCL,3/16/2026,323.3,323.3,309.9,313.0,-1.26,20339.0,365.0,214.2
SJCL,3/17/2026,313.0,316.0,309.0,313.9,0.29,20920.0,365.0,214.2
SJCL,3/18/2026,313.0,316.0,309.0,313.9,0.0,20920.0,365.0,214.2
SJCL,3/19/2026,315.0,344.6,315.0,339.0,8.0,286529.0,365.0,214.2
SJCL,3/20/2026,315.0,344.6,315.0,339.0,0.0,286529.0,365.0,214.2
SJCL,3/21/2026,315.0,344.6,315.0,339.0,0.0,286529.0,365.0,214.2
SJCL,3/22/2026,345.0,345.0,333.0,342.8,1.12,138691.0,365.0,214.2
SJCL,3/23/2026,339.0,362.1,336.0,358.0,4.43,192719.0,365.0,214.2
SJCL,3/24/2026,355.0,365.0,351.3,353.9,-1.15,112549.0,365.0,214.2
SJCL,3/25/2026,360.9,360.9,343.0,345.9,-2.26,78662.0,365.0,214.2
SJCL,3/26/2026,345.9,358.0,345.9,352.0,1.76,157138.0,365.0,214.2
SJCL,3/29/2026,350.0,353.0,330.0,342.9,-2.03,147061.0,365.0,214.2
SJCL,3/30/2026,342.0,342.0,325.0,329.0,-3.8,76061.0,365.0,214.2
SJCL,3/31/2026,326.0,335.0,325.0,334.8,2.7,54838.0,365.0,214.2
SJCL,4/1/2026,332.0,335.6,310.0,317.1,-4.49,46382.0,365.0,214.2
SJCL,4/2/2026,312.1,321.9,306.1,321.0,2.85,41654.0,365.0,214.2
SJCL,4/5/2026,315.0,321.0,303.1,309.0,-1.9,37198.0,365.0,214.2
SJCL,4/6/2026,303.0,326.2,302.9,320.0,5.61,35091.0,365.0,214.2
SJCL,4/7/2026,313.6,324.0,312.9,313.9,0.1,56392.0,365.0,214.2
SJCL,4/8/2026,317.0,322.0,316.0,316.3,-0.22,51670.0,365.0,214.2
SJCL,4/9/2026,312.0,326.0,311.1,324.0,3.85,74847.0,365.0,214.2
SJCL,4/10/2026,318.1,325.0,318.0,318.2,0.03,35120.0,365.0,214.2
SJCL,4/13/2026,312.2,336.0,312.2,324.5,3.94,41652.0,365.0,214.2
SJCL,4/15/2026,330.0,332.5,323.0,326.0,-1.21,59496.0,365.0,214.2
SJCL,4/16/2026,322.1,329.4,316.0,324.7,0.81,43492.0,365.0,214.2
SJCL,4/17/2026,324.7,324.7,315.0,322.8,-0.59,42321.0,365.0,214.2
SJCL,4/20/2026,323.0,325.0,311.0,316.5,-2.01,28371.0,365.0,214.2
SJCL,4/21/2026,310.0,317.9,310.0,314.5,1.45,11812.0,365.0,214.2
SJCL,4/22/2026,298.8,315.6,298.8,311.9,4.38,42016.0,365.0,214.2
SJCL,4/23/2026,303.1,311.0,300.1,308.0,1.62,15432.0,365.0,214.2
SJCL,4/24/2026,292.6,306.5,292.6,306.0,4.58,12395.0,365.0,214.2
SJCL,4/27/2026,306.0,314.8,301.1,307.5,0.49,10807.0,365.0,214.2
SJCL,4/28/2026,307.5,309.0,300.3,306.0,-0.49,23922.0,365.0,214.2
SJCL,4/29/2026,306.0,305.0,297.0,300.0,-1.96,22766.0,365.0,214.2
SJCL,4/30/2026,295.0,305.0,291.1,298.7,1.25,31991.0,365.0,214.2
SJCL,5/4/2026,298.0,299.0,291.1,293.1,-1.64,17089.0,365.0,214.2
SJCL,5/5/2026,293.1,296.0,289.0,295.0,0.65,10723.0,365.0,214.2
SJCL,5/6/2026,293.0,294.9,290.1,294.9,0.65,7114.0,365.0,214.2
SJCL,5/7/2026,303.0,303.0,289.1,295.8,-2.38,14615.0,365.0,214.2
SJCL,5/8/2026,291.0,299.0,290.2,298.9,2.71,14657.0,365.0,214.2
SJCL,5/11/2026,307.8,318.0,290.0,316.9,2.96,96220.0,365.0,214.2
SJCL,5/12/2026,319.0,320.3,304.2,310.0,-2.82,36227.0,365.0,214.2
SJCL,5/13/2026,311.0,311.0,300.0,308.7,-0.74,21936.0,365.0,214.2
SJCL,5/14/2026,324.0,324.0,298.2,300.0,-7.41,18243.0,365.0,214.2
SJCL,5/15/2026,297.0,304.0,297.0,302.0,1.68,23514.0,365.0,214.2
SJCL,5/18/2026,292.0,304.9,292.0,299.9,2.71,8749.0,365.0,214.2
SJCL,5/19/2026,297.0,297.5,295.1,297.5,0.17,11084.0,365.0,214.2
SJCL,5/20/2026,295.2,304.0,295.1,303.9,2.95,16671.0,365.0,214.2
SJCL,5/21/2026,297.0,309.0,297.0,305.5,2.86,20201.0,365.0,214.2
SJCL,5/22/2026,305.5,307.0,302.4,306.9,0.46,19982.0,365.0,214.2
SJCL,5/25/2026,302.0,312.6,302.0,307.8,1.92,64750.0,365.0,214.2
SJCL,5/26/2026,305.0,305.1,302.1,303.0,-0.66,21787.0,365.0,214.2
SJCL,5/27/2026,300.0,307.9,295.9,300.6,0.2,36963.0,365.0,214.2
SJCL,6/1/2026,300.6,306.0,295.0,296.2,-1.46,17520.0,365.0,214.2
SJCL,6/2/2026,294.0,299.0,294.0,299.0,1.7,9683.0,365.0,214.2
SJCL,6/3/2026,299.0,305.0,295.2,300.0,0.33,20842.0,365.0,214.2
SJCL,6/4/2026,297.0,304.0,297.0,300.0,1.01,5388.0,365.0,214.2
SJCL,6/5/2026,300.0,304.0,293.4,296.0,-1.33,11328.0,365.0,214.2
SJCL,6/8/2026,294.0,300.0,290.5,292.0,-0.68,8828.0,365.0,214.2
SJCL,6/9/2026,290.0,295.0,290.0,294.0,1.38,14950.0,365.0,214.2
SJCL,6/10/2026,292.0,295.0,292.0,292.8,0.27,8552.0,365.0,214.2
SJCL,6/11/2026,291.0,296.9,291.0,292.2,0.41,6742.0,365.0,214.2
SJCL,6/12/2026,287.2,293.0,287.2,290.3,1.08,8207.0,365.0,214.2
SJCL,6/15/2026,290.4,294.5,284.3,289.9,-0.17,33664.0,365.0,214.2
SJCL,6/16/2026,283.1,290.0,283.1,287.1,1.41,9490.0,365.0,214.2
SJCL,6/17/2026,285.1,289.5,285.1,286.3,0.42,4919.0,365.0,214.2
SJCL,6/18/2026,289.0,289.0,285.2,285.6,-1.18,2784.0,365.0,214.2
SJCL,6/19/2026,285.0,287.0,284.5,284.5,-0.18,8140.0,365.0,214.2
SJCL,6/22/2026,290.0,290.0,281.4,285.0,-1.72,10344.0,365.0,214.2
SJCL,6/23/2026,281.0,284.8,280.3,284.0,1.07,5983.0,365.0,214.2
SJCL,6/24/2026,279.0,285.5,275.0,278.0,-0.36,16705.0,365.0,214.2
SJCL,6/26/2026,270.1,278.0,270.1,273.1,1.11,3304.0,365.0,214.2
SJCL,6/29/2026,273.1,274.0,268.1,270.0,-1.14,13928.0,365.0,214.2
SJCL,6/30/2026,268.0,270.0,266.1,267.0,-0.37,12324.0,365.0,214.2
SJCL,7/1/2026,268.0,274.9,267.0,272.0,1.49,7392.0,365.0,214.2
SJCL,7/2/2026,270.0,271.8,267.0,271.8,0.67,14454.0,365.0,214.2
SJCL,7/3/2026,268.0,273.0,268.0,272.0,1.49,34152.0,365.0,214.2
SJCL,7/6/2026,267.5,275.0,267.0,267.0,-0.19,13102.0,365.0,214.2
SJCL,7/7/2026,268.1,278.0,268.0,275.5,2.76,9410.0,365.0,214.2
SJCL,7/8/2026,268.1,276.9,268.0,273.9,2.16,9131.0,365.0,214.2
SJCL,7/9/2026,267.2,272.7,267.2,272.3,1.91,4770.0,365.0,214.2
SJCL,7/10/2026,275.0,276.9,265.2,269.0,-2.18,6988.0,365.0,214.2
SJCL,7/13/2026,263.2,270.0,263.2,268.0,1.82,6577.0,365.0,214.2
SJCL,7/14/2026,268.0,270.0,264.0,266.0,-0.75,12572.0,365.0,214.2
SJCL,7/15/2026,264.0,270.9,264.0,269.0,1.89,12158.0,365.0,214.2
SJCL,7/16/2026,269.0,274.0,268.0,272.9,1.45,8303.0,365.0,214.2
SJCL,7/17/2026,279.0,285.0,271.0,284.1,1.83,12448.0,365.0,214.2
SJCL,7/20/2026,285.0,290.0,277.8,285.3,0.11,10633.0,365.0,214.2
SJCL,7/21/2026,280.0,290.0,280.0,285.0,1.79,12773.0,365.0,214.2
SJCL,7/22/2026,285.0,285.0,281.2,283.0,-0.7,7046.0,365.0,214.2
SJCL,7/23/2026,276.3,284.0,276.0,284.0,2.79,9553.0,365.0,214.2
SJCL,7/24/2026,281.0,285.0,278.0,285.0,1.42,5913.0,365.0,214.2
SJCL,7/27/2026,270.8,284.9,270.8,276.4,2.07,8294.0,365.0,214.2
SJCL,7/28/2026,276.0,283.0,273.3,277.0,0.36,9773.0,365.0,214.2
SJCL,7/29/2026,270.8,280.0,270.8,275.0,1.55,4205.0,365.0,214.2
SJCL,7/30/2026,270.0,274.0,270.0,274.0,1.48,4932.0,365.0,214.2
SJCL,7/31/2026,266.0,275.0,266.0,275.0,3.38,9243.0,365.0,214.2
SJCL,8/3/2026,272.0,276.0,271.0,273.0,0.37,4175.0,365.0,214.2
SJCL,8/4/2026,271.0,273.0,271.0,272.0,0.37,5110.0,365.0,214.2
SJCL,8/5/2026,272.0,279.0,270.3,277.8,2.13,5226.0,365.0,214.2
SJCL,8/6/2026,274.0,276.0,271.6,272.5,-0.55,4683.0,365.0,214.2
SJCL,8/7/2026,269.0,273.5,269.0,273.5,1.67,6788.0,365.0,214.2
SJCL,8/10/2026,270.0,270.0,267.9,270.0,0.0,6627.0,365.0,214.2
SJCL,8/11/2026,270.0,273.0,269.0,270.0,0.0,4195.0,365.0,214.2
SJCL,8/12/2026,267.1,272.0,267.1,271.0,1.46,3396.0,365.0,214.2
SJCL,8/13/2026,269.0,273.0,269.0,270.1,0.41,6941.0,365.0,214.2
SJCL,8/14/2026,269.0,272.0,269.0,269.9,0.33,4295.0,365.0,214.2
SJCL,8/17/2026,265.0,277.0,263.0,268.7,1.4,5558.0,365.0,214.2
SJCL,8/18/2026,262.0,268.7,262.0,266.7,1.79,12881.0,365.0,214.2
SJCL,8/19/2026,263.1,265.0,262.0,265.0,0.72,9118.0,365.0,214.2
SJCL,8/20/2026,263.1,266.0,262.2,264.0,0.34,6728.0,365.0,214.2
SJCL,8/21/2026,263.0,266.0,263.0,265.5,0.95,2271.0,365.0,214.2
SJCL,8/24/2026,266.0,266.0,262.1,263.8,-0.83,9809.0,365.0,214.2
SJCL,8/25/2026,262.0,263.1,261.0,261.1,-0.34,13486.0,365.0,214.2
SJCL,8/26/2026,250.0,261.0,222.0,231.9,-7.24,230441.0,365.0,214.2
SJCL,8/27/2026,220.4,235.0,214.2,227.0,2.99,115395.0,365.0,214.2
SJCL,8/31/2026,227.0,236.0,227.0,231.1,1.81,37981.0,365.0,214.2
SJCL,9/1/2026,227.0,241.8,227.0,239.9,5.68,74997.0,365.0,214.2
SJCL,9/2/2026,239.0,242.0,234.0,238.9,-0.04,39823.0,365.0,214.2
SJCL,9/3/2026,238.0,239.0,234.0,236.2,-0.76,28546.0,365.0,214.2
SJCL,9/7/2026,231.0,240.9,231.0,232.5,0.65,21624.0,365.0,214.2
SJCL,9/9/2026,232.0,238.0,231.3,232.0,0.0,15301.0,365.0,214.2
SJCL,9/10/2026,230.0,234.0,230.0,230.2,0.09,9739.0,365.0,214.2
SJCL,9/11/2026,226.0,236.9,226.0,232.1,2.7,8360.0,365.0,214.2
SJCL,9/14/2026,239.0,240.0,232.4,240.0,0.42,26955.0,365.0,214.2
SJCL,9/15/2026,252.0,252.0,233.8,246.7,-2.1,36472.0,365.0,214.2
SJCL,9/16/2026,240.6,246.5,240.0,240.0,-0.25,23281.0,365.0,214.2
SJCL,9/17/2026,240.0,246.0,240.0,242.0,0.83,10705.0,365.0,214.2
SJCL,9/18/2026,229.9,251.0,229.9,250.0,8.74,38189.0,365.0,214.2
SJCL,9/22/2026,262.5,262.5,240.2,249.7,-4.88,17854.0,365.0,214.2
SJCL,9/23/2026,243.0,247.8,243.0,246.0,1.23,10272.0,365.0,214.2
SJCL,9/24/2026,240.5,249.3,240.5,247.9,3.08,5368.0,365.0,214.2
SJCL,9/28/2026,260.2,260.2,240.3,241.1,-7.34,10936.0,365.0,214.2
SJCL,9/29/2026,241.0,241.0,239.7,0.0,-100.0,3571.0,365.0,214.2
SJCL,9/30/2026,240.0,243.0,239.0,239.0,-0.42,7890.0,365.0,214.2
SJCL,10/1/2026,239.0,242.0,235.5,242.0,1.26,12767.0,365.0,214.2
SJCL,10/2/2026,240.0,242.0,237.0,238.6,-0.58,5931.0,365.0,214.2
SJLIC,12/21/2025,486.6,486.6,455.0,456.0,,184799.0,489.9,386.0
SJLIC,12/22/2025,453.1,462.0,450.0,457.2,0.26,51656.0,489.9,386.0
SJLIC,12/23/2025,466.3,466.3,450.1,454.1,-0.68,101212.0,489.9,386.0
SJLIC,12/24/2025,463.1,463.1,451.4,455.0,0.2,55288.0,489.9,386.0
SJLIC,12/28/2025,449.0,472.0,449.0,472.0,3.74,109682.0,489.9,386.0
SJLIC,12/29/2025,470.0,477.0,465.0,468.0,-0.85,76057.0,489.9,386.0
SJLIC,12/31/2025,477.3,477.3,463.1,466.8,-0.26,136732.0,489.9,386.0
SJLIC,1/1/2026,466.8,470.0,460.0,465.1,-0.36,125699.0,489.9,386.0
SJLIC,1/4/2026,455.8,455.8,446.2,446.3,-4.04,42043.0,489.9,386.0
SJLIC,1/5/2026,448.0,451.0,445.0,445.8,-0.11,54252.0,489.9,386.0
SJLIC,1/6/2026,441.0,454.0,441.0,445.0,-0.18,17653.0,489.9,386.0
SJLIC,1/7/2026,440.5,452.0,440.5,444.0,-0.22,15081.0,489.9,386.0
SJLIC,1/8/2026,444.0,449.0,440.5,441.9,-0.47,21773.0,489.9,386.0
SJLIC,1/12/2026,442.0,446.0,436.2,437.5,-1.0,30540.0,489.9,386.0
SJLIC,1/13/2026,440.0,443.9,437.0,438.5,0.23,19823.0,489.9,386.0
SJLIC,1/14/2026,446.9,446.9,438.0,441.5,0.68,25123.0,489.9,386.0
SJLIC,1/18/2026,441.5,451.0,441.0,450.0,1.93,30016.0,489.9,386.0
SJLIC,1/20/2026,455.0,460.0,448.3,454.5,1.0,78349.0,489.9,386.0
SJLIC,1/21/2026,445.5,460.0,445.5,457.0,0.55,95391.0,489.9,386.0
SJLIC,1/22/2026,466.1,466.1,451.5,454.0,-0.66,52443.0,489.9,386.0
SJLIC,1/25/2026,463.0,463.0,455.1,456.6,0.57,74967.0,489.9,386.0
SJLIC,1/26/2026,457.0,466.0,457.0,457.5,0.2,161364.0,489.9,386.0
SJLIC,1/27/2026,456.0,466.6,448.5,450.2,-1.6,42023.0,489.9,386.0
SJLIC,1/28/2026,445.1,454.5,445.1,454.5,0.96,48160.0,489.9,386.0
SJLIC,1/29/2026,446.1,455.0,445.0,448.9,-1.23,48868.0,489.9,386.0
SJLIC,2/1/2026,445.1,447.0,440.1,447.0,-0.42,27552.0,489.9,386.0
SJLIC,2/2/2026,440.0,450.0,440.0,443.8,-0.72,22950.0,489.9,386.0
SJLIC,2/3/2026,440.0,450.0,438.1,443.0,-0.18,34965.0,489.9,386.0
SJLIC,2/4/2026,440.0,445.0,437.3,437.5,-1.24,26284.0,489.9,386.0
SJLIC,2/5/2026,434.0,445.5,434.0,443.0,1.26,19080.0,489.9,386.0
SJLIC,2/8/2026,444.1,446.0,437.0,438.1,-1.11,38918.0,489.9,386.0
SJLIC,2/9/2026,440.0,440.0,428.5,432.0,-1.39,60178.0,489.9,386.0
SJLIC,2/10/2026,427.6,435.0,427.6,430.0,-0.46,12919.0,489.9,386.0
SJLIC,2/11/2026,438.0,438.6,432.0,434.9,1.14,43114.0,489.9,386.0
SJLIC,2/12/2026,430.0,443.0,430.0,436.0,0.25,29255.0,489.9,386.0
SJLIC,2/16/2026,430.0,434.9,430.0,431.5,-1.03,16638.0,489.9,386.0
SJLIC,2/17/2026,430.0,434.0,427.0,432.5,0.23,42433.0,489.9,386.0
SJLIC,2/22/2026,434.0,434.0,427.0,429.0,-0.81,13996.0,489.9,386.0
SJLIC,2/23/2026,426.1,429.0,425.1,428.9,-0.02,22422.0,489.9,386.0
SJLIC,2/24/2026,426.0,432.0,426.0,432.0,0.72,6813.0,489.9,386.0
SJLIC,2/25/2026,430.0,444.0,428.1,443.0,2.55,41350.0,489.9,386.0
SJLIC,2/26/2026,438.1,444.0,437.0,443.7,0.16,36569.0,489.9,386.0
SJLIC,2/27/2026,438.1,444.0,437.0,443.7,0.0,36569.0,489.9,386.0
SJLIC,2/28/2026,438.1,444.0,437.0,443.7,0.0,36569.0,489.9,386.0
SJLIC,3/2/2026,434.9,455.7,434.9,451.0,1.65,47074.0,489.9,386.0
SJLIC,3/3/2026,442.0,460.0,442.0,457.0,1.33,48442.0,489.9,386.0
SJLIC,3/4/2026,442.0,460.0,442.0,457.0,0.0,48442.0,489.9,386.0
SJLIC,3/5/2026,442.0,460.0,442.0,457.0,0.0,48442.0,489.9,386.0
SJLIC,3/6/2026,442.0,460.0,442.0,457.0,0.0,48442.0,489.9,386.0
SJLIC,3/7/2026,442.0,460.0,442.0,457.0,0.0,48442.0,489.9,386.0
SJLIC,3/8/2026,442.0,460.0,442.0,457.0,0.0,48442.0,489.9,386.0
SJLIC,3/9/2026,466.1,484.9,466.1,484.9,6.11,1258.0,489.9,386.0
SJLIC,3/10/2026,480.0,485.0,456.5,481.0,-0.8,159925.0,489.9,386.0
SJLIC,3/11/2026,475.0,478.8,463.1,463.4,-3.66,64858.0,489.9,386.0
SJLIC,3/12/2026,458.1,470.0,458.0,462.0,-0.3,46553.0,489.9,386.0
SJLIC,3/13/2026,458.1,470.0,458.0,462.0,0.0,46553.0,489.9,386.0
SJLIC,3/14/2026,458.1,470.0,458.0,462.0,0.0,46553.0,489.9,386.0
SJLIC,3/15/2026,461.1,465.0,457.5,461.9,-0.02,28405.0,489.9,386.0
SJLIC,3/16/2026,458.0,463.0,456.1,456.5,-1.17,18250.0,489.9,386.0
SJLIC,3/17/2026,450.0,457.0,450.0,451.0,-1.2,38796.0,489.9,386.0
SJLIC,3/18/2026,450.0,457.0,450.0,451.0,0.0,38796.0,489.9,386.0
SJLIC,3/19/2026,456.0,472.0,455.0,472.0,4.66,64297.0,489.9,386.0
SJLIC,3/20/2026,456.0,472.0,455.0,472.0,0.0,64297.0,489.9,386.0
SJLIC,3/21/2026,456.0,472.0,455.0,472.0,0.0,64297.0,489.9,386.0
SJLIC,3/22/2026,471.0,480.0,470.0,474.0,0.42,127483.0,489.9,386.0
SJLIC,3/23/2026,477.0,478.0,467.0,473.0,-0.21,43109.0,489.9,386.0
SJLIC,3/24/2026,469.1,473.0,465.3,468.0,-1.06,28304.0,489.9,386.0
SJLIC,3/25/2026,477.3,477.3,460.2,460.6,-1.58,30610.0,489.9,386.0
SJLIC,3/26/2026,460.0,465.0,456.0,462.2,0.48,31619.0,489.9,386.0
SJLIC,3/29/2026,455.0,465.0,450.2,450.2,-1.05,44917.0,489.9,386.0
SJLIC,3/30/2026,459.2,459.2,447.8,448.1,-2.42,45501.0,489.9,386.0
SJLIC,3/31/2026,442.0,452.0,442.0,451.0,2.04,25836.0,489.9,386.0
SJLIC,4/1/2026,451.0,458.0,440.2,443.5,-1.66,21445.0,489.9,386.0
SJLIC,4/2/2026,450.0,450.0,436.1,443.0,-1.56,29692.0,489.9,386.0
SJLIC,4/5/2026,436.1,438.0,428.1,428.2,-1.81,53801.0,489.9,386.0
SJLIC,4/6/2026,429.0,444.0,428.0,443.0,3.26,33619.0,489.9,386.0
SJLIC,4/7/2026,439.0,449.8,437.0,443.0,0.91,20848.0,489.9,386.0
SJLIC,4/8/2026,443.0,447.9,440.0,446.0,0.68,33627.0,489.9,386.0
SJLIC,4/9/2026,442.0,450.0,440.0,448.0,1.36,25454.0,489.9,386.0
SJLIC,4/10/2026,449.0,450.0,440.0,445.0,-0.89,26699.0,489.9,386.0
SJLIC,4/13/2026,440.0,448.4,440.0,445.0,1.14,23952.0,489.9,386.0
SJLIC,4/15/2026,439.0,451.0,439.0,447.0,1.82,29068.0,489.9,386.0
SJLIC,4/16/2026,441.3,446.9,440.0,441.8,0.11,26406.0,489.9,386.0
SJLIC,4/17/2026,440.0,444.0,436.5,440.0,0.0,16929.0,489.9,386.0
SJLIC,4/20/2026,440.0,444.8,435.9,440.0,0.0,8663.0,489.9,386.0
SJLIC,4/21/2026,444.0,445.9,432.5,440.0,-0.9,19585.0,489.9,386.0
SJLIC,4/22/2026,430.7,440.0,425.1,436.5,1.35,38044.0,489.9,386.0
SJLIC,4/23/2026,435.0,442.0,431.0,435.0,0.0,8130.0,489.9,386.0
SJLIC,4/24/2026,431.0,436.0,428.0,432.0,0.23,6710.0,489.9,386.0
SJLIC,4/27/2026,432.0,440.0,428.3,433.3,0.3,5764.0,489.9,386.0
SJLIC,4/28/2026,433.3,435.0,430.1,435.0,0.39,11244.0,489.9,386.0
SJLIC,4/29/2026,435.0,434.0,429.1,430.0,-1.15,9050.0,489.9,386.0
SJLIC,4/30/2026,428.0,431.0,426.1,429.6,0.37,22142.0,489.9,386.0
SJLIC,5/4/2026,429.0,431.0,423.0,430.0,0.23,16430.0,489.9,386.0
SJLIC,5/5/2026,420.1,430.0,420.1,427.0,1.64,14098.0,489.9,386.0
SJLIC,5/6/2026,423.1,429.9,422.5,426.0,0.69,18854.0,489.9,386.0
SJLIC,5/7/2026,432.0,432.0,423.1,428.0,-0.93,3469.0,489.9,386.0
SJLIC,5/8/2026,423.1,435.0,423.1,431.3,1.94,10435.0,489.9,386.0
SJLIC,5/11/2026,433.0,437.9,433.0,434.6,0.37,11871.0,489.9,386.0
SJLIC,5/12/2026,433.0,444.0,432.0,433.0,0.0,9475.0,489.9,386.0
SJLIC,5/13/2026,435.0,435.0,426.0,430.2,-1.1,29393.0,489.9,386.0
SJLIC,5/14/2026,428.8,430.0,428.0,428.0,-0.19,6169.0,489.9,386.0
SJLIC,5/15/2026,428.0,430.0,424.2,428.0,0.0,25282.0,489.9,386.0
SJLIC,5/18/2026,426.0,427.9,424.0,427.9,0.45,15366.0,489.9,386.0
SJLIC,5/19/2026,432.0,432.0,423.2,426.5,-1.27,12281.0,489.9,386.0
SJLIC,5/20/2026,425.2,440.0,425.2,440.0,3.48,23830.0,489.9,386.0
SJLIC,5/21/2026,432.1,435.0,432.1,433.0,0.21,3934.0,489.9,386.0
SJLIC,5/22/2026,433.0,433.0,429.0,431.0,-0.46,16029.0,489.9,386.0
SJLIC,5/25/2026,429.0,438.0,429.0,438.0,2.1,15537.0,489.9,386.0
SJLIC,5/26/2026,430.2,438.0,430.2,436.0,1.35,8334.0,489.9,386.0
SJLIC,5/27/2026,433.1,440.0,433.1,436.0,0.67,14913.0,489.9,386.0
SJLIC,6/1/2026,437.0,438.0,432.1,432.1,-1.12,12456.0,489.9,386.0
SJLIC,6/2/2026,430.2,435.0,430.1,435.0,1.12,9539.0,489.9,386.0
SJLIC,6/3/2026,430.0,448.0,430.0,440.8,2.51,24764.0,489.9,386.0
SJLIC,6/4/2026,435.0,445.0,435.0,439.0,0.92,14001.0,489.9,386.0
SJLIC,6/5/2026,417.1,445.0,417.1,438.0,5.01,15819.0,489.9,386.0
SJLIC,6/8/2026,431.0,438.0,431.0,432.8,0.42,10086.0,489.9,386.0
SJLIC,6/9/2026,430.0,439.0,430.0,433.6,0.84,9661.0,489.9,386.0
SJLIC,6/10/2026,429.0,435.0,429.0,431.0,0.47,16149.0,489.9,386.0
SJLIC,6/11/2026,431.0,434.0,429.1,433.0,0.46,8843.0,489.9,386.0
SJLIC,6/12/2026,426.3,432.0,426.3,431.0,1.1,9274.0,489.9,386.0
SJLIC,6/15/2026,431.0,435.0,428.1,429.0,-0.46,7185.0,489.9,386.0
SJLIC,6/16/2026,429.0,434.0,428.0,428.5,-0.12,5756.0,489.9,386.0
SJLIC,6/17/2026,428.5,430.0,426.4,427.9,-0.14,15377.0,489.9,386.0
SJLIC,6/18/2026,427.0,430.0,426.0,426.0,-0.23,7485.0,489.9,386.0
SJLIC,6/19/2026,424.0,427.0,424.0,425.5,0.35,13506.0,489.9,386.0
SJLIC,6/22/2026,425.5,426.0,422.5,425.0,-0.12,8199.0,489.9,386.0
SJLIC,6/23/2026,420.0,425.0,419.2,421.0,0.24,12882.0,489.9,386.0
SJLIC,6/24/2026,429.0,444.9,420.0,422.6,-1.49,23840.0,489.9,386.0
SJLIC,6/26/2026,422.0,425.0,420.1,423.0,0.24,7751.0,489.9,386.0
SJLIC,6/29/2026,420.0,422.9,418.0,421.0,0.24,10086.0,489.9,386.0
SJLIC,6/30/2026,410.0,420.0,410.0,418.0,1.95,6255.0,489.9,386.0
SJLIC,7/1/2026,415.0,426.0,414.0,425.0,2.41,5788.0,489.9,386.0
SJLIC,7/2/2026,430.0,430.0,418.6,424.8,-1.21,8089.0,489.9,386.0
SJLIC,7/3/2026,418.0,425.0,418.0,420.5,0.6,5891.0,489.9,386.0
SJLIC,7/6/2026,417.5,423.0,417.5,420.0,0.6,10206.0,489.9,386.0
SJLIC,7/7/2026,427.0,427.0,418.1,421.0,-1.41,25062.0,489.9,386.0
SJLIC,7/8/2026,418.6,421.0,415.2,416.3,-0.55,17668.0,489.9,386.0
SJLIC,7/9/2026,413.0,419.0,413.0,414.0,0.24,17500.0,489.9,386.0
SJLIC,7/10/2026,414.0,417.5,414.0,415.0,0.24,7543.0,489.9,386.0
SJLIC,7/13/2026,415.0,415.0,401.0,405.2,-2.36,33043.0,489.9,386.0
SJLIC,7/14/2026,404.0,412.0,402.3,407.2,0.79,10119.0,489.9,386.0
SJLIC,7/15/2026,410.0,414.3,408.0,410.0,0.0,4925.0,489.9,386.0
SJLIC,7/16/2026,418.0,419.0,407.0,413.0,-1.2,5855.0,489.9,386.0
SJLIC,7/17/2026,395.0,425.0,395.0,425.0,7.59,12428.0,489.9,386.0
SJLIC,7/20/2026,424.0,431.6,418.7,426.0,0.47,22968.0,489.9,386.0
SJLIC,7/21/2026,426.0,429.9,422.0,424.9,-0.26,12357.0,489.9,386.0
SJLIC,7/22/2026,418.0,425.0,416.2,421.9,0.93,10327.0,489.9,386.0
SJLIC,7/23/2026,416.0,427.0,416.0,424.9,2.14,12230.0,489.9,386.0
SJLIC,7/24/2026,420.0,429.0,420.0,427.9,1.88,13468.0,489.9,386.0
SJLIC,7/27/2026,421.5,428.5,419.0,419.0,-0.59,13067.0,489.9,386.0
SJLIC,7/28/2026,419.0,424.0,415.4,417.9,-0.26,7941.0,489.9,386.0
SJLIC,7/29/2026,417.0,420.0,414.5,415.0,-0.48,14893.0,489.9,386.0
SJLIC,7/30/2026,415.0,418.0,413.0,417.7,0.65,3984.0,489.9,386.0
SJLIC,7/31/2026,415.0,419.0,414.0,419.0,0.96,6837.0,489.9,386.0
SJLIC,8/3/2026,412.0,422.0,412.0,417.0,1.21,14940.0,489.9,386.0
SJLIC,8/4/2026,412.2,415.5,412.2,413.2,0.24,6720.0,489.9,386.0
SJLIC,8/5/2026,411.5,414.9,411.5,413.0,0.36,12708.0,489.9,386.0
SJLIC,8/6/2026,412.5,415.5,411.5,414.2,0.41,8389.0,489.9,386.0
SJLIC,8/7/2026,412.0,417.0,411.6,412.6,0.15,6494.0,489.9,386.0
SJLIC,8/10/2026,411.4,413.0,405.2,410.0,-0.34,18094.0,489.9,386.0
SJLIC,8/11/2026,422.0,422.0,406.3,409.0,-3.08,17436.0,489.9,386.0
SJLIC,8/12/2026,405.2,412.0,405.2,412.0,1.68,14107.0,489.9,386.0
SJLIC,8/13/2026,408.0,418.5,407.0,415.0,1.72,7379.0,489.9,386.0
SJLIC,8/14/2026,412.0,415.0,410.0,414.5,0.61,3076.0,489.9,386.0
SJLIC,8/17/2026,413.0,413.0,408.0,412.0,-0.24,6152.0,489.9,386.0
SJLIC,8/18/2026,407.5,410.0,406.4,407.0,-0.12,11875.0,489.9,386.0
SJLIC,8/19/2026,407.0,408.0,404.0,407.0,0.0,8478.0,489.9,386.0
SJLIC,8/20/2026,407.0,410.0,404.0,410.0,0.74,13730.0,489.9,386.0
SJLIC,8/21/2026,410.0,410.0,401.6,407.0,-0.73,13659.0,489.9,386.0
SJLIC,8/24/2026,404.1,407.0,404.0,405.0,0.22,7592.0,489.9,386.0
SJLIC,8/25/2026,405.0,406.0,400.6,404.0,-0.25,8689.0,489.9,386.0
SJLIC,8/26/2026,402.0,403.8,398.0,400.1,-0.47,13788.0,489.9,386.0
SJLIC,8/27/2026,398.0,402.8,386.0,402.8,1.21,10237.0,489.9,386.0
SJLIC,8/31/2026,400.0,400.0,390.1,390.2,-2.45,12818.0,489.9,386.0
SJLIC,9/1/2026,390.0,400.0,389.1,399.0,2.31,13188.0,489.9,386.0
SJLIC,9/2/2026,395.0,404.0,390.0,397.0,0.51,6066.0,489.9,386.0
SJLIC,9/3/2026,395.0,397.8,392.0,397.7,0.68,7388.0,489.9,386.0
SJLIC,9/7/2026,395.0,402.0,395.0,398.0,0.76,8388.0,489.9,386.0
SJLIC,9/9/2026,395.1,402.9,395.0,400.0,1.24,16197.0,489.9,386.0
SJLIC,9/10/2026,392.0,402.0,392.0,402.0,2.55,3671.0,489.9,386.0
SJLIC,9/11/2026,398.8,410.0,398.2,406.0,1.81,26290.0,489.9,386.0
SJLIC,9/14/2026,406.0,410.9,401.1,409.5,0.86,5523.0,489.9,386.0
SJLIC,9/15/2026,429.0,429.0,412.1,419.9,-2.12,28754.0,489.9,386.0
SJLIC,9/16/2026,419.0,425.0,410.2,416.0,-0.72,10630.0,489.9,386.0
SJLIC,9/17/2026,426.0,426.0,415.4,418.0,-1.88,8052.0,489.9,386.0
SJLIC,9/18/2026,413.0,424.4,413.0,420.8,1.89,14521.0,489.9,386.0
SJLIC,9/22/2026,417.3,429.9,417.3,422.9,1.34,14681.0,489.9,386.0
SJLIC,9/23/2026,417.4,423.0,413.0,415.0,-0.57,26431.0,489.9,386.0
SJLIC,9/24/2026,413.0,418.0,411.0,415.0,0.48,5843.0,489.9,386.0
SJLIC,9/28/2026,415.0,423.0,415.0,416.2,0.29,20438.0,489.9,386.0
SJLIC,9/29/2026,408.0,419.0,408.0,0.0,-100.0,10159.0,489.9,386.0
SJLIC,9/30/2026,414.0,418.5,412.2,418.4,1.06,9640.0,489.9,386.0
SJLIC,10/1/2026,411.2,419.0,411.2,419.0,1.9,5558.0,489.9,386.0
SJLIC,10/2/2026,418.0,418.0,412.1,415.9,-0.5,26647.0,489.9,386.0
SJLICP,6/30/2026,240.1,240.1,240.1,240.1,0.0,300000.0,245.0,232.0
SKBBL,12/21/2025,899.0,899.0,885.3,892.0,,15419.0,910.0,735.0
SKBBL,12/22/2025,886.0,889.9,886.0,886.1,-0.66,16352.0,910.0,735.0
SKBBL,12/23/2025,890.0,890.0,880.0,882.0,-0.46,52380.0,910.0,735.0
SKBBL,12/24/2025,775.0,775.0,756.6,762.0,-13.61,34858.0,910.0,735.0
SKBBL,12/28/2025,765.0,777.0,765.0,775.0,1.71,22096.0,910.0,735.0
SKBBL,12/29/2025,790.0,790.0,774.0,775.5,0.06,15447.0,910.0,735.0
SKBBL,12/31/2025,784.9,784.9,775.0,776.9,0.18,13258.0,910.0,735.0
SKBBL,1/1/2026,784.9,784.9,774.0,776.0,-0.12,6022.0,910.0,735.0
SKBBL,1/4/2026,764.0,778.0,764.0,770.1,-0.76,7558.0,910.0,735.0
SKBBL,1/5/2026,767.0,771.0,762.3,771.0,0.12,13901.0,910.0,735.0
SKBBL,1/6/2026,771.0,780.0,770.1,772.0,0.13,10709.0,910.0,735.0
SKBBL,1/7/2026,777.0,779.0,769.1,773.6,0.21,9007.0,910.0,735.0
SKBBL,1/8/2026,770.0,781.0,765.0,781.0,0.96,11767.0,910.0,735.0
SKBBL,1/12/2026,789.0,789.0,768.3,771.1,-1.27,11662.0,910.0,735.0
SKBBL,1/13/2026,770.0,775.0,768.1,773.0,0.25,9089.0,910.0,735.0
SKBBL,1/14/2026,781.0,781.0,765.4,771.0,-0.26,12054.0,910.0,735.0
SKBBL,1/18/2026,780.1,786.4,776.1,779.0,1.04,13139.0,910.0,735.0
SKBBL,1/20/2026,789.0,799.8,785.0,790.0,1.41,23822.0,910.0,735.0
SKBBL,1/21/2026,785.0,795.0,781.2,791.0,0.13,19326.0,910.0,735.0
SKBBL,1/22/2026,800.0,800.0,784.0,793.0,0.25,11059.0,910.0,735.0
SKBBL,1/25/2026,800.0,804.0,790.0,796.0,0.38,17265.0,910.0,735.0
SKBBL,1/26/2026,800.0,800.0,792.0,792.0,-0.5,11596.0,910.0,735.0
SKBBL,1/27/2026,793.0,797.0,783.0,783.0,-1.14,18800.0,910.0,735.0
SKBBL,1/28/2026,772.0,788.0,772.0,775.0,-1.02,10476.0,910.0,735.0
SKBBL,1/29/2026,785.0,785.0,773.0,782.0,0.9,7992.0,910.0,735.0
SKBBL,2/1/2026,794.0,794.0,776.0,777.3,-0.6,11425.0,910.0,735.0
SKBBL,2/2/2026,790.0,790.0,762.0,770.0,-0.94,18470.0,910.0,735.0
SKBBL,2/3/2026,765.0,771.0,760.3,764.4,-0.73,14053.0,910.0,735.0
SKBBL,2/4/2026,765.3,776.0,758.0,760.1,-0.56,14924.0,910.0,735.0
SKBBL,2/5/2026,764.0,766.0,758.6,761.1,0.13,21226.0,910.0,735.0
SKBBL,2/8/2026,767.0,774.0,761.5,761.5,0.05,20356.0,910.0,735.0
SKBBL,2/9/2026,772.0,772.0,755.0,759.0,-0.33,19597.0,910.0,735.0
SKBBL,2/10/2026,752.7,768.0,752.7,762.5,0.46,3949.0,910.0,735.0
SKBBL,2/11/2026,774.0,774.0,760.2,762.9,0.05,14901.0,910.0,735.0
SKBBL,2/12/2026,765.0,770.0,762.0,763.5,0.08,27913.0,910.0,735.0
SKBBL,2/16/2026,762.0,770.0,759.0,761.3,-0.29,12189.0,910.0,735.0
SKBBL,2/17/2026,765.0,765.0,756.0,756.0,-0.7,15366.0,910.0,735.0
SKBBL,2/22/2026,760.0,766.0,752.0,756.0,0.0,16023.0,910.0,735.0
SKBBL,2/23/2026,756.0,763.0,755.1,756.0,0.0,9440.0,910.0,735.0
SKBBL,2/24/2026,757.0,766.5,755.1,766.5,1.39,8318.0,910.0,735.0
SKBBL,2/25/2026,766.5,775.0,760.0,761.2,-0.69,12025.0,910.0,735.0
SKBBL,2/26/2026,761.0,770.0,757.0,764.0,0.37,7891.0,910.0,735.0
SKBBL,2/27/2026,761.0,770.0,757.0,764.0,0.0,7891.0,910.0,735.0
SKBBL,2/28/2026,761.0,770.0,757.0,764.0,0.0,7891.0,910.0,735.0
SKBBL,3/2/2026,756.0,786.0,756.0,765.0,0.13,23243.0,910.0,735.0
SKBBL,3/3/2026,770.0,785.0,759.0,781.0,2.09,26587.0,910.0,735.0
SKBBL,3/4/2026,770.0,785.0,759.0,781.0,0.0,26587.0,910.0,735.0
SKBBL,3/5/2026,770.0,785.0,759.0,781.0,0.0,26587.0,910.0,735.0
SKBBL,3/6/2026,770.0,785.0,759.0,781.0,0.0,26587.0,910.0,735.0
SKBBL,3/7/2026,770.0,785.0,759.0,781.0,0.0,26587.0,910.0,735.0
SKBBL,3/8/2026,770.0,785.0,759.0,781.0,0.0,26587.0,910.0,735.0
SKBBL,3/9/2026,796.6,812.0,796.6,812.0,3.97,564.0,910.0,735.0
SKBBL,3/10/2026,828.0,828.0,795.0,810.0,-0.25,65247.0,910.0,735.0
SKBBL,3/11/2026,810.0,814.0,794.0,797.0,-1.6,15006.0,910.0,735.0
SKBBL,3/12/2026,792.0,806.0,792.0,798.0,0.13,17844.0,910.0,735.0
SKBBL,3/13/2026,792.0,806.0,792.0,798.0,0.0,17844.0,910.0,735.0
SKBBL,3/14/2026,792.0,806.0,792.0,798.0,0.0,17844.0,910.0,735.0
SKBBL,3/15/2026,805.0,805.0,795.0,798.6,0.08,12821.0,910.0,735.0
SKBBL,3/16/2026,798.0,798.0,792.5,792.6,-0.75,17836.0,910.0,735.0
SKBBL,3/17/2026,791.0,795.0,785.0,789.0,-0.45,16009.0,910.0,735.0
SKBBL,3/18/2026,791.0,795.0,785.0,789.0,0.0,16009.0,910.0,735.0
SKBBL,3/19/2026,799.0,810.0,793.0,799.0,1.27,19249.0,910.0,735.0
SKBBL,3/20/2026,799.0,810.0,793.0,799.0,0.0,19249.0,910.0,735.0
SKBBL,3/21/2026,799.0,810.0,793.0,799.0,0.0,19249.0,910.0,735.0
SKBBL,3/22/2026,800.1,830.1,800.1,826.0,3.38,54052.0,910.0,735.0
SKBBL,3/23/2026,829.0,833.0,811.1,815.6,-1.26,35621.0,910.0,735.0
SKBBL,3/24/2026,812.1,820.0,806.5,809.9,-0.7,27326.0,910.0,735.0
SKBBL,3/25/2026,810.0,817.0,801.1,802.0,-0.98,27880.0,910.0,735.0
SKBBL,3/26/2026,802.0,806.0,798.4,803.5,0.19,25683.0,910.0,735.0
SKBBL,3/29/2026,815.0,815.0,790.3,794.0,-2.58,39570.0,910.0,735.0
SKBBL,3/30/2026,789.0,794.7,777.0,778.0,-1.39,27245.0,910.0,735.0
SKBBL,3/31/2026,777.0,791.0,771.1,777.4,0.05,32761.0,910.0,735.0
SKBBL,4/1/2026,775.0,780.0,768.2,770.0,-0.65,36899.0,910.0,735.0
SKBBL,4/2/2026,768.0,780.0,760.0,771.9,0.51,20720.0,910.0,735.0
SKBBL,4/5/2026,772.0,772.0,756.0,756.6,-1.99,40004.0,910.0,735.0
SKBBL,4/6/2026,750.1,778.0,750.0,769.0,2.52,30225.0,910.0,735.0
SKBBL,4/7/2026,783.0,783.0,765.4,768.9,-1.8,11545.0,910.0,735.0
SKBBL,4/8/2026,761.4,776.0,761.4,776.0,1.92,19275.0,910.0,735.0
SKBBL,4/9/2026,785.0,785.0,770.0,780.0,-0.64,26598.0,910.0,735.0
SKBBL,4/10/2026,780.0,780.0,771.2,774.0,-0.77,12147.0,910.0,735.0
SKBBL,4/13/2026,774.0,778.0,770.0,772.0,-0.26,10189.0,910.0,735.0
SKBBL,4/15/2026,780.0,787.3,774.2,778.7,-0.17,12567.0,910.0,735.0
SKBBL,4/16/2026,778.0,779.9,770.0,774.0,-0.51,9910.0,910.0,735.0
SKBBL,4/17/2026,774.0,774.0,766.6,772.0,-0.26,5038.0,910.0,735.0
SKBBL,4/20/2026,772.0,773.9,768.5,770.1,-0.25,9929.0,910.0,735.0
SKBBL,4/21/2026,770.0,778.5,765.5,769.0,-0.13,8701.0,910.0,735.0
SKBBL,4/22/2026,807.4,807.4,760.6,774.0,-4.14,11073.0,910.0,735.0
SKBBL,4/23/2026,776.0,822.0,760.5,772.0,-0.52,15376.0,910.0,735.0
SKBBL,4/24/2026,761.0,769.5,761.0,768.9,1.04,9620.0,910.0,735.0
SKBBL,4/27/2026,768.9,771.0,765.1,768.5,-0.05,2974.0,910.0,735.0
SKBBL,4/28/2026,755.0,832.0,755.0,765.0,1.32,14803.0,910.0,735.0
SKBBL,4/29/2026,765.0,769.0,760.0,761.0,-0.52,9385.0,910.0,735.0
SKBBL,4/30/2026,761.0,762.0,756.1,760.0,-0.13,11251.0,910.0,735.0
SKBBL,5/4/2026,760.0,768.0,755.0,758.0,-0.26,10575.0,910.0,735.0
SKBBL,5/5/2026,751.1,759.9,750.0,756.0,0.65,15475.0,910.0,735.0
SKBBL,5/6/2026,756.0,768.9,756.0,762.0,0.79,6319.0,910.0,735.0
SKBBL,5/7/2026,762.1,763.0,750.1,762.8,0.09,12217.0,910.0,735.0
SKBBL,5/8/2026,770.0,770.0,765.0,769.0,-0.13,7921.0,910.0,735.0
SKBBL,5/11/2026,775.0,780.0,765.0,779.9,0.63,10831.0,910.0,735.0
SKBBL,5/12/2026,784.0,784.9,770.0,773.8,-1.3,9144.0,910.0,735.0
SKBBL,5/13/2026,770.0,770.0,764.1,770.0,0.0,4658.0,910.0,735.0
SKBBL,5/14/2026,775.0,775.0,762.3,765.0,-1.29,8307.0,910.0,735.0
SKBBL,5/15/2026,765.0,768.8,760.0,766.0,0.13,11166.0,910.0,735.0
SKBBL,5/18/2026,756.0,778.0,755.0,769.0,1.72,15070.0,910.0,735.0
SKBBL,5/19/2026,755.0,774.0,755.0,765.0,1.32,7005.0,910.0,735.0
SKBBL,5/20/2026,765.9,770.0,760.0,769.0,0.4,7405.0,910.0,735.0
SKBBL,5/21/2026,772.0,772.0,764.0,765.0,-0.91,4675.0,910.0,735.0
SKBBL,5/22/2026,765.0,773.0,762.0,765.0,0.0,6356.0,910.0,735.0
SKBBL,5/25/2026,791.0,791.0,765.0,771.0,-2.53,23660.0,910.0,735.0
SKBBL,5/26/2026,777.0,777.0,767.3,769.0,-1.03,6556.0,910.0,735.0
SKBBL,5/27/2026,767.3,776.0,767.1,770.0,0.35,7661.0,910.0,735.0
SKBBL,6/1/2026,780.0,780.0,765.1,768.0,-1.54,3719.0,910.0,735.0
SKBBL,6/2/2026,755.0,770.0,755.0,769.8,1.96,10585.0,910.0,735.0
SKBBL,6/3/2026,777.0,779.6,765.0,768.0,-1.16,5553.0,910.0,735.0
SKBBL,6/4/2026,768.0,774.9,763.0,767.0,-0.13,5317.0,910.0,735.0
SKBBL,6/5/2026,775.0,775.0,764.0,765.8,-1.19,4189.0,910.0,735.0
SKBBL,6/8/2026,765.0,768.0,761.0,762.0,-0.39,12993.0,910.0,735.0
SKBBL,6/9/2026,760.0,767.5,760.0,762.5,0.33,14602.0,910.0,735.0
SKBBL,6/10/2026,762.5,769.4,760.0,768.6,0.8,18034.0,910.0,735.0
SKBBL,6/11/2026,807.0,807.0,760.1,764.0,-5.33,4899.0,910.0,735.0
SKBBL,6/12/2026,757.0,771.5,757.0,765.0,1.06,16111.0,910.0,735.0
SKBBL,6/15/2026,765.0,765.0,762.0,764.0,-0.13,10047.0,910.0,735.0
SKBBL,6/16/2026,762.2,764.0,762.0,763.0,0.1,10859.0,910.0,735.0
SKBBL,6/17/2026,765.0,768.0,760.0,761.0,-0.52,7231.0,910.0,735.0
SKBBL,6/18/2026,760.1,763.0,759.1,759.8,-0.04,5116.0,910.0,735.0
SKBBL,6/19/2026,760.0,760.9,758.0,760.0,0.0,20661.0,910.0,735.0
SKBBL,6/22/2026,761.1,763.8,755.0,759.0,-0.28,13930.0,910.0,735.0
SKBBL,6/23/2026,760.0,760.0,755.4,757.5,-0.33,29039.0,910.0,735.0
SKBBL,6/24/2026,757.5,765.0,749.5,756.8,-0.09,15361.0,910.0,735.0
SKBBL,6/26/2026,760.0,760.0,750.5,752.0,-1.05,12823.0,910.0,735.0
SKBBL,6/29/2026,755.0,755.0,750.0,751.0,-0.53,7296.0,910.0,735.0
SKBBL,6/30/2026,751.0,759.0,745.0,748.0,-0.4,14427.0,910.0,735.0
SKBBL,7/1/2026,751.0,755.0,748.0,752.0,0.13,5173.0,910.0,735.0
SKBBL,7/2/2026,751.5,758.0,748.0,752.9,0.19,13105.0,910.0,735.0
SKBBL,7/3/2026,752.9,755.9,749.0,751.0,-0.25,16576.0,910.0,735.0
SKBBL,7/6/2026,755.0,755.0,747.3,749.0,-0.79,12088.0,910.0,735.0
SKBBL,7/7/2026,753.0,754.5,745.0,751.0,-0.27,35157.0,910.0,735.0
SKBBL,7/8/2026,745.1,749.9,741.0,744.2,-0.12,11241.0,910.0,735.0
SKBBL,7/9/2026,749.0,750.0,741.4,743.0,-0.8,9757.0,910.0,735.0
SKBBL,7/10/2026,745.0,754.9,742.1,746.0,0.13,22695.0,910.0,735.0
SKBBL,7/13/2026,746.0,756.8,740.2,744.0,-0.27,24433.0,910.0,735.0
SKBBL,7/14/2026,742.1,746.9,740.0,745.0,0.39,20634.0,910.0,735.0
SKBBL,7/15/2026,755.0,756.0,745.0,745.0,-1.32,15390.0,910.0,735.0
SKBBL,7/16/2026,745.0,752.0,745.0,751.9,0.93,14872.0,910.0,735.0
SKBBL,7/17/2026,758.0,764.0,757.0,763.8,0.77,5098.0,910.0,735.0
SKBBL,7/20/2026,760.0,766.0,756.5,765.0,0.66,7794.0,910.0,735.0
SKBBL,7/21/2026,803.2,803.2,761.1,769.0,-4.26,7696.0,910.0,735.0
SKBBL,7/22/2026,769.0,770.2,763.0,767.5,-0.2,2377.0,910.0,735.0
SKBBL,7/23/2026,762.0,770.0,760.0,767.0,0.66,6698.0,910.0,735.0
SKBBL,7/24/2026,755.1,771.0,755.1,766.0,1.44,9366.0,910.0,735.0
SKBBL,7/27/2026,770.1,771.0,762.0,765.0,-0.66,10866.0,910.0,735.0
SKBBL,7/28/2026,765.0,765.0,755.1,761.0,-0.52,4245.0,910.0,735.0
SKBBL,7/29/2026,768.0,768.0,758.0,758.0,-1.3,5455.0,910.0,735.0
SKBBL,7/30/2026,769.0,769.0,751.6,757.9,-1.44,7715.0,910.0,735.0
SKBBL,7/31/2026,768.0,768.0,751.6,757.0,-1.43,7076.0,910.0,735.0
SKBBL,8/3/2026,757.0,761.1,756.5,759.1,0.28,14511.0,910.0,735.0
SKBBL,8/4/2026,765.0,765.0,752.1,753.3,-1.53,4048.0,910.0,735.0
SKBBL,8/5/2026,765.0,765.0,750.0,752.0,-1.7,9107.0,910.0,735.0
SKBBL,8/6/2026,755.0,755.0,750.3,750.5,-0.6,6771.0,910.0,735.0
SKBBL,8/7/2026,752.0,752.0,747.0,749.9,-0.28,5056.0,910.0,735.0
SKBBL,8/10/2026,753.9,753.9,743.0,747.0,-0.92,8895.0,910.0,735.0
SKBBL,8/11/2026,745.0,749.9,744.0,747.1,0.28,8975.0,910.0,735.0
SKBBL,8/12/2026,750.0,753.9,744.2,746.2,-0.51,5261.0,910.0,735.0
SKBBL,8/13/2026,755.0,755.0,744.1,746.7,-1.1,4097.0,910.0,735.0
SKBBL,8/14/2026,749.8,749.8,744.9,749.8,0.0,9853.0,910.0,735.0
SKBBL,8/17/2026,748.0,750.0,748.0,749.9,0.25,11109.0,910.0,735.0
SKBBL,8/18/2026,770.0,770.0,747.0,753.0,-2.21,12776.0,910.0,735.0
SKBBL,8/19/2026,760.0,760.0,741.3,748.0,-1.58,17757.0,910.0,735.0
SKBBL,8/20/2026,755.0,755.0,747.1,750.0,-0.66,8931.0,910.0,735.0
SKBBL,8/21/2026,750.0,754.9,750.0,751.5,0.2,11764.0,910.0,735.0
SKBBL,8/24/2026,750.1,750.1,745.1,746.0,-0.55,6549.0,910.0,735.0
SKBBL,8/25/2026,754.9,755.5,746.0,746.0,-1.18,6480.0,910.0,735.0
SKBBL,8/26/2026,745.0,748.0,739.1,740.0,-0.67,15050.0,910.0,735.0
SKBBL,8/27/2026,740.0,745.0,739.1,742.5,0.34,2334.0,910.0,735.0
SKBBL,8/31/2026,740.2,743.9,735.0,741.6,0.19,6986.0,910.0,735.0
SKBBL,9/1/2026,741.0,743.0,737.0,741.0,0.0,4981.0,910.0,735.0
SKBBL,9/2/2026,747.9,748.0,738.0,741.0,-0.92,5788.0,910.0,735.0
SKBBL,9/3/2026,741.0,745.0,740.0,741.0,0.0,7787.0,910.0,735.0
SKBBL,9/7/2026,741.0,755.0,741.0,746.1,0.69,5863.0,910.0,735.0
SKBBL,9/9/2026,745.2,759.0,745.0,751.0,0.78,5554.0,910.0,735.0
SKBBL,9/10/2026,750.0,757.5,750.0,753.0,0.4,3189.0,910.0,735.0
SKBBL,9/11/2026,750.0,760.0,750.0,757.7,1.03,5199.0,910.0,735.0
SKBBL,9/14/2026,756.0,760.0,756.0,758.3,0.3,7044.0,910.0,735.0
SKBBL,9/15/2026,795.0,795.0,760.0,773.0,-2.77,20004.0,910.0,735.0
SKBBL,9/16/2026,773.0,773.0,761.2,765.0,-1.03,8823.0,910.0,735.0
SKBBL,9/17/2026,773.0,773.0,761.2,768.0,-0.65,4239.0,910.0,735.0
SKBBL,9/18/2026,769.1,769.9,760.1,766.0,-0.4,6304.0,910.0,735.0
SKBBL,9/22/2026,768.0,780.0,760.0,767.1,-0.12,11184.0,910.0,735.0
SKBBL,9/23/2026,765.0,771.0,762.0,762.0,-0.39,8478.0,910.0,735.0
SKBBL,9/24/2026,769.8,769.8,762.0,767.9,-0.25,8768.0,910.0,735.0
SKBBL,9/28/2026,775.0,775.0,760.0,762.1,-1.66,8755.0,910.0,735.0
SKBBL,9/29/2026,762.0,768.0,756.0,0.0,-100.0,4902.0,910.0,735.0
SKBBL,9/30/2026,770.0,770.0,761.0,766.0,-0.52,6318.0,910.0,735.0
SKBBL,10/1/2026,769.0,769.0,760.0,763.0,-0.78,4990.0,910.0,735.0
SKBBL,10/2/2026,770.0,770.0,756.1,760.2,-1.27,5817.0,910.0,735.0
SKHEL,3/29/2026,284.3,312.7,284.3,312.7,9.99,80.0,2069.4,284.3
SKHEL,3/30/2026,318.9,343.9,318.9,343.9,7.84,70.0,2069.4,284.3
SKHEL,3/31/2026,350.7,378.2,350.7,378.2,7.84,90.0,2069.4,284.3
SKHEL,4/1/2026,377.1,416.0,377.1,416.0,10.32,110.0,2069.4,284.3
SKHEL,4/2/2026,424.3,457.6,424.3,457.6,7.85,150.0,2069.4,284.3
SKHEL,4/5/2026,466.7,503.3,466.7,503.3,7.84,250.0,2069.4,284.3
SKHEL,4/6/2026,513.3,553.6,513.3,553.6,7.85,310.0,2069.4,284.3
SKHEL,4/7/2026,564.6,608.9,564.6,608.9,7.85,360.0,2069.4,284.3
SKHEL,4/8/2026,621.0,669.7,621.0,669.7,7.84,360.0,2069.4,284.3
SKHEL,4/9/2026,669.7,736.6,669.7,736.6,9.99,670.0,2069.4,284.3
SKHEL,4/10/2026,750.0,810.2,750.0,810.2,8.03,770.0,2069.4,284.3
SKHEL,4/13/2026,826.4,891.2,826.4,891.2,7.84,1050.0,2069.4,284.3
SKHEL,4/15/2026,900.0,980.3,900.0,980.3,8.92,1080.0,2069.4,284.3
SKHEL,4/16/2026,999.9,1078.3,999.9,1078.3,7.84,1270.0,2069.4,284.3
SKHEL,4/17/2026,1099.8,1186.1,1099.8,1186.1,7.85,2070.0,2069.4,284.3
SKHEL,4/20/2026,1245.4,1364.0,1245.4,1364.0,9.52,7150.0,2069.4,284.3
SKHEL,4/21/2026,1432.2,1568.6,1432.2,1568.6,9.52,7280.0,2069.4,284.3
SKHEL,4/22/2026,1647.0,1803.8,1647.0,1803.8,9.52,10180.0,2069.4,284.3
SKHEL,4/23/2026,1893.9,2069.4,1591.0,1591.2,-15.98,109130.0,2069.4,284.3
SKHEL,4/24/2026,1595.0,1740.7,1470.0,1635.0,2.51,40161.0,2069.4,284.3
SKHEL,4/27/2026,1635.0,1633.5,1563.0,1570.0,-3.98,18600.0,2069.4,284.3
SKHEL,4/28/2026,1580.0,1580.0,1410.0,1414.0,-10.51,38520.0,2069.4,284.3
SKHEL,4/29/2026,1414.0,1509.0,1363.0,1400.0,-0.99,32134.0,2069.4,284.3
SKHEL,4/30/2026,1386.0,1441.0,1365.0,1419.9,2.45,12590.0,2069.4,284.3
SKHEL,5/4/2026,1450.0,1450.0,1321.0,1352.0,-6.76,13596.0,2069.4,284.3
SKHEL,5/5/2026,1352.0,1399.8,1301.0,1343.0,-0.67,22973.0,2069.4,284.3
SKHEL,5/6/2026,1410.0,1410.0,1288.0,1299.0,-7.87,12398.0,2069.4,284.3
SKHEL,5/7/2026,1234.1,1369.0,1234.1,1290.0,4.53,13992.0,2069.4,284.3
SKHEL,5/8/2026,1290.0,1369.0,1256.2,1369.0,6.12,12416.0,2069.4,284.3
SKHEL,5/11/2026,1437.4,1437.4,1329.0,1350.0,-6.08,14276.0,2069.4,284.3
SKHEL,5/12/2026,1417.5,1417.5,1285.0,1297.9,-8.44,14567.0,2069.4,284.3
SKHEL,5/13/2026,1297.9,1297.9,1261.0,1280.0,-1.38,10045.0,2069.4,284.3
SKHEL,5/14/2026,1216.0,1303.0,1216.0,1258.0,3.45,7712.0,2069.4,284.3
SKHEL,5/15/2026,1260.0,1280.0,1234.5,1270.0,0.79,9026.0,2069.4,284.3
SKHEL,5/18/2026,1269.9,1276.9,1238.3,1276.9,0.55,4281.0,2069.4,284.3
SKHEL,5/19/2026,1240.0,1268.0,1240.0,1259.0,1.53,3521.0,2069.4,284.3
SKHEL,5/20/2026,1295.9,1295.9,1225.0,1293.0,-0.22,9580.0,2069.4,284.3
SKHEL,5/21/2026,1275.0,1300.0,1253.2,1254.0,-1.65,7593.0,2069.4,284.3
SKHEL,5/22/2026,1240.0,1290.0,1240.0,1278.0,3.06,4902.0,2069.4,284.3
SKHEL,5/25/2026,1290.0,1348.7,1278.0,1320.0,2.33,18880.0,2069.4,284.3
SKHEL,5/26/2026,1342.0,1343.9,1290.1,1303.9,-2.84,6669.0,2069.4,284.3
SKHEL,5/27/2026,1280.0,1304.0,1270.0,1270.0,-0.78,11714.0,2069.4,284.3
SKHEL,6/1/2026,1290.0,1290.0,1225.0,1239.9,-3.88,10425.0,2069.4,284.3
SKHEL,6/2/2026,1180.0,1248.8,1180.0,1238.0,4.92,4473.0,2069.4,284.3
SKHEL,6/3/2026,1215.0,1249.9,1215.0,1240.0,2.06,5553.0,2069.4,284.3
SKHEL,6/4/2026,1190.0,1256.7,1190.0,1237.0,3.95,4643.0,2069.4,284.3
SKHEL,6/5/2026,1221.1,1235.0,1170.0,1200.0,-1.73,7416.0,2069.4,284.3
SKHEL,6/8/2026,1190.0,1200.0,1145.0,1155.5,-2.9,8496.0,2069.4,284.3
SKHEL,6/9/2026,1155.0,1180.0,1102.0,1162.0,0.61,10482.0,2069.4,284.3
SKHEL,6/10/2026,1150.0,1199.9,1145.0,1175.0,2.17,3605.0,2069.4,284.3
SKHEL,6/11/2026,1150.0,1178.0,1145.3,1178.0,2.43,3703.0,2069.4,284.3
SKHEL,6/12/2026,1150.0,1200.0,1143.0,1170.0,1.74,9082.0,2069.4,284.3
SKHEL,6/15/2026,1140.0,1200.0,1115.0,1145.0,0.44,7016.0,2069.4,284.3
SKHEL,6/16/2026,1100.0,1150.0,1100.0,1123.0,2.09,8247.0,2069.4,284.3
SKHEL,6/17/2026,1113.0,1135.0,1111.1,1135.0,1.98,3008.0,2069.4,284.3
SKHEL,6/18/2026,1085.0,1168.0,1085.0,1118.0,3.04,2363.0,2069.4,284.3
SKHEL,6/19/2026,1104.0,1130.0,1100.0,1129.0,2.26,4448.0,2069.4,284.3
SKHEL,6/22/2026,1113.0,1129.0,1100.0,1115.0,0.18,4844.0,2069.4,284.3
SKHEL,6/23/2026,1101.0,1101.0,1054.0,1057.0,-4.0,10367.0,2069.4,284.3
SKHEL,6/24/2026,1005.0,1056.0,1005.0,1038.0,3.28,3042.0,2069.4,284.3
SKHEL,6/26/2026,1097.0,1097.0,1022.0,1035.0,-5.65,2390.0,2069.4,284.3
SKHEL,6/29/2026,1020.0,1045.0,1005.2,1014.0,-0.59,1923.0,2069.4,284.3
SKHEL,6/30/2026,963.3,1009.9,963.3,974.8,1.19,3796.0,2069.4,284.3
SKHEL,7/1/2026,933.0,1004.0,933.0,980.1,5.05,4859.0,2069.4,284.3
SKHEL,7/2/2026,980.0,1009.5,970.0,985.0,0.51,4181.0,2069.4,284.3
SKHEL,7/3/2026,980.1,1005.0,980.0,989.9,1.0,5605.0,2069.4,284.3
SKHEL,7/6/2026,1029.0,1029.0,950.0,950.0,-7.68,3750.0,2069.4,284.3
SKHEL,7/7/2026,931.0,971.9,931.0,957.0,2.79,3825.0,2069.4,284.3
SKHEL,7/8/2026,937.8,937.8,904.0,912.0,-2.75,5265.0,2069.4,284.3
SKHEL,7/9/2026,920.0,920.0,892.5,901.0,-2.07,4535.0,2069.4,284.3
SKHEL,7/10/2026,899.0,925.0,893.4,893.4,-0.62,11603.0,2069.4,284.3
SKHEL,7/13/2026,924.0,924.0,855.6,862.0,-6.71,6452.0,2069.4,284.3
SKHEL,7/14/2026,845.0,879.0,845.0,873.9,3.42,7591.0,2069.4,284.3
SKHEL,7/15/2026,898.5,900.0,866.3,889.0,-1.06,3328.0,2069.4,284.3
SKHEL,7/16/2026,868.1,899.0,868.1,874.3,0.71,1920.0,2069.4,284.3
SKHEL,7/17/2026,900.5,1004.0,890.0,1004.0,11.49,14021.0,2069.4,284.3
SKHEL,7/20/2026,1000.0,1050.0,981.0,1029.8,2.98,5311.0,2069.4,284.3
SKHEL,7/21/2026,1028.0,1050.0,986.0,999.8,-2.74,5627.0,2069.4,284.3
SKHEL,7/22/2026,970.3,1008.0,970.3,1008.0,3.89,2903.0,2069.4,284.3
SKHEL,7/23/2026,980.0,1087.0,960.0,1060.0,8.16,12382.0,2069.4,284.3
SKHEL,7/24/2026,1007.0,1120.0,1007.0,1077.9,7.04,8890.0,2069.4,284.3
SKHEL,7/27/2026,1075.0,1075.0,999.9,999.9,-6.99,4178.0,2069.4,284.3
SKHEL,7/28/2026,999.9,1014.0,946.0,979.3,-2.06,5199.0,2069.4,284.3
SKHEL,7/29/2026,930.4,1007.0,930.4,988.0,6.19,4249.0,2069.4,284.3
SKHEL,7/30/2026,971.0,998.0,950.2,976.0,0.51,4074.0,2069.4,284.3
SKHEL,7/31/2026,976.0,997.0,952.0,978.0,0.2,2859.0,2069.4,284.3
SKHEL,8/3/2026,965.0,1023.0,945.0,993.0,2.9,1821.0,2069.4,284.3
SKHEL,8/4/2026,943.4,1020.0,943.4,985.0,4.41,6012.0,2069.4,284.3
SKHEL,8/5/2026,957.0,990.0,957.0,986.1,3.04,1492.0,2069.4,284.3
SKHEL,8/6/2026,986.0,995.0,970.3,989.0,0.3,2791.0,2069.4,284.3
SKHEL,8/7/2026,960.3,990.0,960.3,990.0,3.09,1482.0,2069.4,284.3
SKHEL,8/10/2026,970.0,980.0,966.0,980.0,1.03,1155.0,2069.4,284.3
SKHEL,8/11/2026,960.0,991.0,960.0,971.1,1.16,2794.0,2069.4,284.3
SKHEL,8/12/2026,975.0,990.0,960.0,970.0,-0.51,1381.0,2069.4,284.3
SKHEL,8/13/2026,956.3,980.0,956.3,970.0,1.43,2537.0,2069.4,284.3
SKHEL,8/14/2026,950.5,980.0,950.5,980.0,3.1,3244.0,2069.4,284.3
SKHEL,8/17/2026,980.0,989.0,960.1,970.0,-1.02,2303.0,2069.4,284.3
SKHEL,8/18/2026,958.5,960.1,941.0,954.9,-0.38,2632.0,2069.4,284.3
SKHEL,8/19/2026,950.0,955.0,930.1,950.0,0.0,2527.0,2069.4,284.3
SKHEL,8/20/2026,932.0,960.0,932.0,960.0,3.0,971.0,2069.4,284.3
SKHEL,8/21/2026,940.0,957.0,893.0,910.0,-3.19,5616.0,2069.4,284.3
SKHEL,8/24/2026,864.5,936.2,864.5,900.1,4.12,3411.0,2069.4,284.3
SKHEL,8/25/2026,900.1,960.0,892.2,903.0,0.32,2558.0,2069.4,284.3
SKHEL,8/26/2026,878.6,885.0,860.0,885.0,0.73,2148.0,2069.4,284.3
SKHEL,8/27/2026,858.7,877.0,830.0,877.0,2.13,5023.0,2069.4,284.3
SKHEL,8/31/2026,877.0,885.0,800.0,815.0,-7.07,7026.0,2069.4,284.3
SKHEL,9/1/2026,790.0,834.9,790.0,790.0,0.0,4221.0,2069.4,284.3
SKHEL,9/2/2026,790.0,820.0,777.0,815.0,3.16,3478.0,2069.4,284.3
SKHEL,9/3/2026,815.5,819.0,799.0,819.0,0.43,2769.0,2069.4,284.3
SKHEL,9/7/2026,795.0,835.0,795.0,830.0,4.4,1126.0,2069.4,284.3
SKHEL,9/9/2026,805.1,839.4,805.1,834.0,3.59,2391.0,2069.4,284.3
SKHEL,9/10/2026,811.0,825.0,811.0,825.0,1.73,1492.0,2069.4,284.3
SKHEL,9/11/2026,844.9,844.9,815.0,830.0,-1.76,2281.0,2069.4,284.3
SKHEL,9/14/2026,854.0,854.0,806.6,830.5,-2.75,2388.0,2069.4,284.3
SKHEL,9/15/2026,871.0,872.0,840.0,871.0,0.0,4333.0,2069.4,284.3
SKHEL,9/16/2026,853.1,874.0,835.0,835.0,-2.12,2464.0,2069.4,284.3
SKHEL,9/17/2026,859.0,860.0,834.0,855.0,-0.47,4580.0,2069.4,284.3
SKHEL,9/18/2026,870.0,871.0,831.3,855.0,-1.72,1680.0,2069.4,284.3
SKHEL,9/22/2026,855.0,865.0,830.0,857.9,0.34,2781.0,2069.4,284.3
SKHEL,9/23/2026,850.0,850.0,834.0,845.0,-0.59,1767.0,2069.4,284.3
SKHEL,9/24/2026,822.1,845.0,820.0,845.0,2.79,1435.0,2069.4,284.3
SKHEL,9/28/2026,825.1,840.0,815.0,816.0,-1.1,2188.0,2069.4,284.3
SKHEL,9/29/2026,793.0,820.0,793.0,0.0,-100.0,437.0,2069.4,284.3
SKHEL,9/30/2026,810.0,829.9,791.3,804.0,-0.74,2177.0,2069.4,284.3
SKHEL,10/1/2026,804.0,806.9,791.0,806.0,0.25,1547.0,2069.4,284.3
SKHEL,10/2/2026,798.5,813.0,785.1,786.1,-1.55,1624.0,2069.4,284.3
SKHL,3/25/2026,300.0,330.0,300.0,330.0,,90.0,1360.0,300.0
SKHL,3/26/2026,326.3,363.0,326.3,363.0,11.25,130.0,1360.0,300.0
SKHL,3/29/2026,360.1,399.3,360.1,399.3,10.89,170.0,1360.0,300.0
SKHL,3/30/2026,407.2,439.2,407.2,439.2,7.86,190.0,1360.0,300.0
SKHL,3/31/2026,438.9,483.1,438.9,483.1,10.07,360.0,1360.0,300.0
SKHL,4/1/2026,492.7,531.4,492.7,531.4,7.85,340.0,1360.0,300.0
SKHL,4/2/2026,542.0,584.5,542.0,584.5,7.84,570.0,1360.0,300.0
SKHL,4/5/2026,584.0,642.9,584.0,642.9,10.09,1320.0,1360.0,300.0
SKHL,4/6/2026,655.7,707.1,655.7,707.1,7.84,2109.0,1360.0,300.0
SKHL,4/7/2026,721.1,777.8,721.1,777.8,7.86,2810.0,1360.0,300.0
SKHL,4/8/2026,793.0,855.5,793.0,855.5,7.88,6090.0,1360.0,300.0
SKHL,4/9/2026,872.6,941.0,872.6,941.0,7.84,7650.0,1360.0,300.0
SKHL,4/10/2026,959.8,1035.1,959.8,1035.1,7.85,8860.0,1360.0,300.0
SKHL,4/13/2026,1055.8,1138.6,1055.8,1138.6,7.84,50391.0,1360.0,300.0
SKHL,4/15/2026,1161.3,1252.4,1161.3,1252.4,7.84,33670.0,1360.0,300.0
SKHL,4/16/2026,1277.4,1360.0,1220.0,1251.0,-2.07,114850.0,1360.0,300.0
SKHL,4/17/2026,1251.0,1251.0,1170.0,1196.0,-4.4,121778.0,1360.0,300.0
SKHL,4/20/2026,1200.0,1335.0,1128.1,1260.0,5.0,69209.0,1360.0,300.0
SKHL,4/21/2026,1295.0,1360.0,1203.0,1285.0,-0.77,84702.0,1360.0,300.0
SKHL,4/22/2026,1270.0,1270.0,1150.1,1185.0,-6.69,56625.0,1360.0,300.0
SKHL,4/23/2026,1144.0,1181.0,1092.0,1100.0,-3.85,56335.0,1360.0,300.0
SKHL,4/24/2026,1067.1,1140.0,1042.0,1124.0,5.33,46323.0,1360.0,300.0
SKHL,4/27/2026,1124.0,1145.0,1069.0,1070.0,-4.8,29633.0,1360.0,300.0
SKHL,4/28/2026,1070.0,1082.7,983.0,995.0,-7.01,77031.0,1360.0,300.0
SKHL,4/29/2026,995.0,1024.0,935.0,962.0,-3.32,45797.0,1360.0,300.0
SKHL,4/30/2026,964.0,1013.0,941.3,980.1,1.67,25492.0,1360.0,300.0
SKHL,5/4/2026,1029.0,1029.0,945.0,960.0,-6.71,23940.0,1360.0,300.0
SKHL,5/5/2026,960.0,986.0,928.0,930.0,-3.12,30205.0,1360.0,300.0
SKHL,5/6/2026,974.3,974.3,901.0,903.0,-7.32,26465.0,1360.0,300.0
SKHL,5/7/2026,900.0,920.0,880.0,917.0,1.89,27662.0,1360.0,300.0
SKHL,5/8/2026,962.0,968.0,910.0,958.8,-0.33,23388.0,1360.0,300.0
SKHL,5/11/2026,962.0,1019.0,938.0,956.0,-0.62,26580.0,1360.0,300.0
SKHL,5/12/2026,950.0,956.0,895.0,899.0,-5.37,32330.0,1360.0,300.0
SKHL,5/13/2026,898.0,900.0,880.0,886.0,-1.34,17829.0,1360.0,300.0
SKHL,5/14/2026,930.0,930.0,840.0,884.0,-4.95,39202.0,1360.0,300.0
SKHL,5/15/2026,884.0,907.4,876.0,886.0,0.23,11484.0,1360.0,300.0
SKHL,5/18/2026,910.9,910.9,872.6,890.0,-2.29,13579.0,1360.0,300.0
SKHL,5/19/2026,890.0,909.0,869.1,888.0,-0.22,16015.0,1360.0,300.0
SKHL,5/20/2026,895.0,910.0,868.2,904.0,1.01,21677.0,1360.0,300.0
SKHL,5/21/2026,904.0,914.5,882.0,890.0,-1.55,25440.0,1360.0,300.0
SKHL,5/22/2026,890.0,954.9,878.0,950.0,6.74,45803.0,1360.0,300.0
SKHL,5/25/2026,970.0,1040.3,955.0,1029.0,6.08,59202.0,1360.0,300.0
SKHL,5/26/2026,1040.0,1040.0,985.0,992.0,-4.62,27924.0,1360.0,300.0
SKHL,5/27/2026,942.4,1002.0,942.4,975.1,3.47,36368.0,1360.0,300.0
SKHL,6/1/2026,975.1,975.1,921.0,930.1,-4.61,22605.0,1360.0,300.0
SKHL,6/2/2026,930.0,950.0,912.3,950.0,2.15,21008.0,1360.0,300.0
SKHL,6/3/2026,950.0,973.0,930.7,937.1,-1.36,16220.0,1360.0,300.0
SKHL,6/4/2026,930.0,950.0,925.0,926.0,-0.43,13324.0,1360.0,300.0
SKHL,6/5/2026,926.0,934.6,901.0,916.9,-0.98,22720.0,1360.0,300.0
SKHL,6/8/2026,912.0,930.0,880.0,909.9,-0.23,21271.0,1360.0,300.0
SKHL,6/9/2026,927.0,927.0,885.0,912.9,-1.52,18510.0,1360.0,300.0
SKHL,6/10/2026,900.0,967.0,900.0,965.0,7.22,38504.0,1360.0,300.0
SKHL,6/11/2026,965.5,980.6,928.0,939.0,-2.74,31939.0,1360.0,300.0
SKHL,6/12/2026,925.0,950.0,925.0,949.8,2.68,16716.0,1360.0,300.0
SKHL,6/15/2026,949.0,964.9,920.1,950.0,0.11,14871.0,1360.0,300.0
SKHL,6/16/2026,940.0,949.0,925.0,925.7,-1.52,13980.0,1360.0,300.0
SKHL,6/17/2026,926.0,948.0,916.0,940.0,1.51,13761.0,1360.0,300.0
SKHL,6/18/2026,940.0,955.0,926.5,942.5,0.27,11201.0,1360.0,300.0
SKHL,6/19/2026,942.5,956.0,931.0,955.0,1.33,32681.0,1360.0,300.0
SKHL,6/22/2026,1002.0,1002.0,948.0,958.1,-4.38,41837.0,1360.0,300.0
SKHL,6/23/2026,955.0,955.0,911.0,911.0,-4.61,21246.0,1360.0,300.0
SKHL,6/24/2026,900.0,937.0,860.0,937.0,4.11,34743.0,1360.0,300.0
SKHL,6/26/2026,907.0,940.0,907.0,928.0,2.32,8912.0,1360.0,300.0
SKHL,6/29/2026,901.0,928.0,900.0,928.0,3.0,9780.0,1360.0,300.0
SKHL,6/30/2026,925.0,940.0,903.0,915.0,-1.08,7392.0,1360.0,300.0
SKHL,7/1/2026,901.2,935.0,901.2,935.0,3.75,19269.0,1360.0,300.0
SKHL,7/2/2026,981.7,981.7,915.0,920.9,-6.19,7336.0,1360.0,300.0
SKHL,7/3/2026,920.9,930.0,910.1,930.0,0.99,13126.0,1360.0,300.0
SKHL,7/6/2026,976.5,976.5,897.0,918.0,-5.99,10287.0,1360.0,300.0
SKHL,7/7/2026,920.0,930.0,890.0,925.0,0.54,9076.0,1360.0,300.0
SKHL,7/8/2026,971.0,971.0,891.0,910.0,-6.28,7251.0,1360.0,300.0
SKHL,7/9/2026,955.0,955.0,875.0,875.2,-8.36,10327.0,1360.0,300.0
SKHL,7/10/2026,871.0,909.0,866.0,883.0,1.38,13080.0,1360.0,300.0
SKHL,7/13/2026,883.0,883.0,830.0,837.6,-5.14,12275.0,1360.0,300.0
SKHL,7/14/2026,845.0,845.0,775.0,807.0,-4.5,26367.0,1360.0,300.0
SKHL,7/15/2026,847.3,847.3,802.1,820.0,-3.22,9333.0,1360.0,300.0
SKHL,7/16/2026,844.0,844.0,785.1,818.0,-3.08,7013.0,1360.0,300.0
SKHL,7/17/2026,858.9,887.0,802.5,887.0,3.27,26143.0,1360.0,300.0
SKHL,7/20/2026,931.3,931.3,846.9,920.0,-1.21,18051.0,1360.0,300.0
SKHL,7/21/2026,892.4,921.9,865.6,899.0,0.74,22590.0,1360.0,300.0
SKHL,7/22/2026,881.2,907.0,873.0,905.0,2.7,11903.0,1360.0,300.0
SKHL,7/23/2026,904.0,929.9,881.2,929.0,2.77,17258.0,1360.0,300.0
SKHL,7/24/2026,944.0,970.0,920.1,935.0,-0.95,28833.0,1360.0,300.0
SKHL,7/27/2026,907.1,930.0,891.0,915.0,0.87,10125.0,1360.0,300.0
SKHL,7/28/2026,890.1,910.0,873.0,905.0,1.67,5564.0,1360.0,300.0
SKHL,7/29/2026,903.0,903.0,878.0,894.0,-1.0,5088.0,1360.0,300.0
SKHL,7/30/2026,885.0,891.0,855.2,871.0,-1.58,11782.0,1360.0,300.0
SKHL,7/31/2026,870.0,900.0,847.0,884.0,1.61,29377.0,1360.0,300.0
SKHL,8/3/2026,884.0,980.0,857.5,914.0,3.39,15442.0,1360.0,300.0
SKHL,8/4/2026,885.0,935.0,880.0,904.0,2.15,17707.0,1360.0,300.0
SKHL,8/5/2026,880.0,910.0,880.0,910.0,3.41,7276.0,1360.0,300.0
SKHL,8/6/2026,906.0,920.0,862.0,890.0,-1.77,6582.0,1360.0,300.0
SKHL,8/7/2026,870.1,897.9,868.0,890.0,2.29,7040.0,1360.0,300.0
SKHL,8/10/2026,880.0,950.0,840.0,896.0,1.82,13557.0,1360.0,300.0
SKHL,8/11/2026,890.0,894.5,870.1,892.9,0.33,7045.0,1360.0,300.0
SKHL,8/12/2026,870.2,893.0,852.0,883.0,1.47,8193.0,1360.0,300.0
SKHL,8/13/2026,840.0,1015.0,831.0,998.0,18.81,51863.0,1360.0,300.0
SKHL,8/14/2026,948.1,948.1,848.3,870.0,-8.24,61915.0,1360.0,300.0
SKHL,8/17/2026,827.0,900.0,815.0,834.1,0.86,51563.0,1360.0,300.0
SKHL,8/18/2026,875.8,875.8,806.0,830.0,-5.23,20816.0,1360.0,300.0
SKHL,8/19/2026,871.5,871.5,801.0,808.0,-7.29,20773.0,1360.0,300.0
SKHL,8/20/2026,767.6,841.0,767.6,817.0,6.44,16944.0,1360.0,300.0
SKHL,8/21/2026,820.0,877.8,790.0,811.7,-1.01,20938.0,1360.0,300.0
SKHL,8/24/2026,809.9,811.7,792.0,792.1,-2.2,7395.0,1360.0,300.0
SKHL,8/25/2026,792.0,797.0,773.1,776.8,-1.92,13268.0,1360.0,300.0
SKHL,8/26/2026,780.0,780.0,749.1,751.0,-3.72,18724.0,1360.0,300.0
SKHL,8/27/2026,740.1,763.6,725.1,750.3,1.38,10744.0,1360.0,300.0
SKHL,8/31/2026,730.0,750.0,707.0,709.1,-2.86,12937.0,1360.0,300.0
SKHL,9/1/2026,674.0,739.0,674.0,715.0,6.08,11514.0,1360.0,300.0
SKHL,9/2/2026,715.0,735.0,705.0,735.0,2.8,10003.0,1360.0,300.0
SKHL,9/3/2026,735.0,742.0,726.0,730.0,-0.68,15978.0,1360.0,300.0
SKHL,9/7/2026,725.0,749.5,716.0,725.0,0.0,18121.0,1360.0,300.0
SKHL,9/9/2026,725.0,760.0,725.0,730.0,0.69,23108.0,1360.0,300.0
SKHL,9/10/2026,735.0,750.0,727.0,732.0,-0.41,10689.0,1360.0,300.0
SKHL,9/11/2026,735.0,743.0,730.0,736.0,0.14,4971.0,1360.0,300.0
SKHL,9/14/2026,749.4,754.9,742.0,746.1,-0.44,6351.0,1360.0,300.0
SKHL,9/15/2026,783.4,784.0,746.6,764.5,-2.41,10676.0,1360.0,300.0
SKHL,9/16/2026,754.1,764.0,745.0,749.1,-0.66,12632.0,1360.0,300.0
SKHL,9/17/2026,770.1,771.0,740.1,752.0,-2.35,10383.0,1360.0,300.0
SKHL,9/18/2026,742.8,760.0,742.8,752.0,1.24,8456.0,1360.0,300.0
SKHL,9/22/2026,752.0,769.1,750.1,759.0,0.93,10711.0,1360.0,300.0
SKHL,9/23/2026,751.1,754.0,739.0,743.9,-0.96,13153.0,1360.0,300.0
SKHL,9/24/2026,736.0,753.6,734.2,744.0,1.09,4946.0,1360.0,300.0
SKHL,9/28/2026,744.0,749.9,725.0,725.1,-2.54,7973.0,1360.0,300.0
SKHL,9/29/2026,718.0,730.0,707.1,0.0,-100.0,2633.0,1360.0,300.0
SKHL,9/30/2026,712.1,730.0,712.1,715.0,0.41,4796.0,1360.0,300.0
SKHL,10/1/2026,715.0,736.4,715.0,718.0,0.42,5543.0,1360.0,300.0
SKHL,10/2/2026,718.0,725.0,712.0,716.0,-0.28,3438.0,1360.0,300.0
SLBBL,12/21/2025,930.0,944.9,920.1,924.0,,26736.0,960.6,761.9
SLBBL,12/22/2025,940.0,940.0,915.1,924.9,0.1,10268.0,960.6,761.9
SLBBL,12/23/2025,936.0,936.0,914.0,920.0,-0.53,8804.0,960.6,761.9
SLBBL,12/24/2025,920.0,935.0,920.0,920.0,0.0,13668.0,960.6,761.9
SLBBL,12/28/2025,938.4,960.0,920.0,953.0,3.59,61429.0,960.6,761.9
SLBBL,12/29/2025,959.0,959.0,931.5,931.5,-2.26,25168.0,960.6,761.9
SLBBL,12/31/2025,948.4,949.9,935.0,947.6,1.73,27236.0,960.6,761.9
SLBBL,1/1/2026,950.0,951.0,939.0,946.0,-0.17,44479.0,960.6,761.9
SLBBL,1/4/2026,843.5,844.0,828.1,842.0,-10.99,11203.0,960.6,761.9
SLBBL,1/5/2026,840.0,840.0,815.0,834.8,-0.86,11561.0,960.6,761.9
SLBBL,1/6/2026,840.0,847.0,826.0,826.4,-1.01,6170.0,960.6,761.9
SLBBL,1/7/2026,838.0,838.0,822.5,823.2,-0.39,2874.0,960.6,761.9
SLBBL,1/8/2026,824.0,837.0,823.2,825.2,0.24,7262.0,960.6,761.9
SLBBL,1/12/2026,824.0,835.8,820.8,824.9,-0.04,3388.0,960.6,761.9
SLBBL,1/13/2026,821.0,825.0,818.2,818.5,-0.78,5041.0,960.6,761.9
SLBBL,1/14/2026,819.9,820.0,815.1,817.1,-0.17,6207.0,960.6,761.9
SLBBL,1/18/2026,827.9,840.0,822.1,839.5,2.74,8658.0,960.6,761.9
SLBBL,1/20/2026,844.8,852.0,840.0,848.0,1.01,14202.0,960.6,761.9
SLBBL,1/21/2026,835.1,857.9,835.1,845.0,-0.35,13025.0,960.6,761.9
SLBBL,1/22/2026,846.0,849.0,832.6,836.6,-0.99,4459.0,960.6,761.9
SLBBL,1/25/2026,833.0,857.8,833.0,854.0,2.08,23616.0,960.6,761.9
SLBBL,1/26/2026,865.0,865.0,848.1,852.0,-0.23,12931.0,960.6,761.9
SLBBL,1/27/2026,840.0,856.0,830.0,846.0,-0.7,11669.0,960.6,761.9
SLBBL,1/28/2026,833.1,849.7,833.1,835.0,-1.3,3394.0,960.6,761.9
SLBBL,1/29/2026,850.0,850.0,828.0,838.0,0.36,10337.0,960.6,761.9
SLBBL,2/1/2026,830.0,835.0,823.1,830.0,-0.95,4926.0,960.6,761.9
SLBBL,2/2/2026,842.0,846.5,821.1,828.8,-0.14,9893.0,960.6,761.9
SLBBL,2/3/2026,838.8,838.8,818.5,822.0,-0.82,8756.0,960.6,761.9
SLBBL,2/4/2026,825.0,833.0,821.0,823.0,0.12,3252.0,960.6,761.9
SLBBL,2/5/2026,823.0,830.0,818.3,823.0,0.0,7126.0,960.6,761.9
SLBBL,2/8/2026,834.0,834.0,818.0,823.9,0.11,13072.0,960.6,761.9
SLBBL,2/9/2026,820.0,831.8,815.5,819.9,-0.49,11475.0,960.6,761.9
SLBBL,2/10/2026,819.0,820.0,812.7,813.5,-0.78,6651.0,960.6,761.9
SLBBL,2/11/2026,824.9,824.9,813.0,818.3,0.59,5555.0,960.6,761.9
SLBBL,2/12/2026,818.3,825.0,815.0,824.0,0.7,7968.0,960.6,761.9
SLBBL,2/16/2026,824.0,836.0,815.0,823.0,-0.12,1965.0,960.6,761.9
SLBBL,2/17/2026,823.0,823.0,810.0,817.0,-0.73,16586.0,960.6,761.9
SLBBL,2/22/2026,810.0,813.9,800.0,813.9,-0.38,5824.0,960.6,761.9
SLBBL,2/23/2026,828.8,828.8,805.5,810.0,-0.48,2227.0,960.6,761.9
SLBBL,2/24/2026,806.0,813.8,806.0,813.0,0.37,2180.0,960.6,761.9
SLBBL,2/25/2026,813.0,819.0,812.0,817.0,0.49,1391.0,960.6,761.9
SLBBL,2/26/2026,824.8,824.8,815.7,816.6,-0.05,3295.0,960.6,761.9
SLBBL,2/27/2026,824.8,824.8,815.7,816.6,0.0,3295.0,960.6,761.9
SLBBL,2/28/2026,824.8,824.8,815.7,816.6,0.0,3295.0,960.6,761.9
SLBBL,3/2/2026,816.6,820.0,812.0,819.0,0.29,4910.0,960.6,761.9
SLBBL,3/3/2026,818.0,839.9,818.0,839.9,2.55,12082.0,960.6,761.9
SLBBL,3/4/2026,818.0,839.9,818.0,839.9,0.0,12082.0,960.6,761.9
SLBBL,3/5/2026,818.0,839.9,818.0,839.9,0.0,12082.0,960.6,761.9
SLBBL,3/6/2026,818.0,839.9,818.0,839.9,0.0,12082.0,960.6,761.9
SLBBL,3/7/2026,818.0,839.9,818.0,839.9,0.0,12082.0,960.6,761.9
SLBBL,3/8/2026,818.0,839.9,818.0,839.9,0.0,12082.0,960.6,761.9
SLBBL,3/9/2026,856.6,891.1,856.6,891.1,6.1,240.0,960.6,761.9
SLBBL,3/10/2026,890.0,897.0,850.0,886.5,-0.52,19353.0,960.6,761.9
SLBBL,3/11/2026,869.0,890.0,852.4,861.1,-2.87,8365.0,960.6,761.9
SLBBL,3/12/2026,846.2,872.0,846.2,864.0,0.34,5211.0,960.6,761.9
SLBBL,3/13/2026,846.2,872.0,846.2,864.0,0.0,5211.0,960.6,761.9
SLBBL,3/14/2026,846.2,872.0,846.2,864.0,0.0,5211.0,960.6,761.9
SLBBL,3/15/2026,871.0,872.0,855.2,869.0,0.58,7589.0,960.6,761.9
SLBBL,3/16/2026,856.1,873.0,856.1,856.2,-1.47,11296.0,960.6,761.9
SLBBL,3/17/2026,853.1,856.0,838.6,838.7,-2.04,17214.0,960.6,761.9
SLBBL,3/18/2026,853.1,856.0,838.6,838.7,0.0,17214.0,960.6,761.9
SLBBL,3/19/2026,850.0,862.0,843.2,859.0,2.42,18156.0,960.6,761.9
SLBBL,3/20/2026,850.0,862.0,843.2,859.0,0.0,18156.0,960.6,761.9
SLBBL,3/21/2026,850.0,862.0,843.2,859.0,0.0,18156.0,960.6,761.9
SLBBL,3/22/2026,876.1,901.0,850.1,884.0,2.91,64658.0,960.6,761.9
SLBBL,3/23/2026,896.0,896.0,879.0,882.0,-0.23,15106.0,960.6,761.9
SLBBL,3/24/2026,895.0,912.9,885.0,885.0,0.34,22420.0,960.6,761.9
SLBBL,3/25/2026,890.0,895.0,868.0,872.0,-1.47,11617.0,960.6,761.9
SLBBL,3/26/2026,888.0,888.0,868.3,874.0,-1.58,14507.0,960.6,761.9
SLBBL,3/29/2026,891.4,891.4,850.0,853.9,-4.21,26775.0,960.6,761.9
SLBBL,3/30/2026,852.0,858.0,841.0,842.0,-1.17,12281.0,960.6,761.9
SLBBL,3/31/2026,842.0,846.9,833.0,843.0,0.12,7071.0,960.6,761.9
SLBBL,4/1/2026,831.2,840.0,815.0,828.9,-0.28,14219.0,960.6,761.9
SLBBL,4/2/2026,815.0,829.0,815.0,823.0,0.98,7908.0,960.6,761.9
SLBBL,4/5/2026,812.0,817.0,800.0,802.1,-1.22,17573.0,960.6,761.9
SLBBL,4/6/2026,810.0,835.0,806.6,828.0,2.22,15152.0,960.6,761.9
SLBBL,4/7/2026,820.5,835.9,820.5,821.2,0.09,4905.0,960.6,761.9
SLBBL,4/8/2026,822.0,832.5,818.0,829.9,0.96,7760.0,960.6,761.9
SLBBL,4/9/2026,829.0,842.9,822.0,840.0,1.33,7085.0,960.6,761.9
SLBBL,4/10/2026,830.0,840.0,825.1,831.0,0.12,5150.0,960.6,761.9
SLBBL,4/13/2026,816.3,847.0,816.3,832.2,1.95,4029.0,960.6,761.9
SLBBL,4/15/2026,848.0,848.0,834.0,840.0,-0.94,5057.0,960.6,761.9
SLBBL,4/16/2026,827.0,838.0,826.4,835.9,1.08,4692.0,960.6,761.9
SLBBL,4/17/2026,830.0,830.0,823.0,829.0,-0.12,3835.0,960.6,761.9
SLBBL,4/20/2026,829.0,849.0,824.0,826.0,-0.36,2313.0,960.6,761.9
SLBBL,4/21/2026,826.0,832.0,815.0,820.5,-0.67,8808.0,960.6,761.9
SLBBL,4/22/2026,810.5,827.5,810.0,822.2,1.44,4486.0,960.6,761.9
SLBBL,4/23/2026,815.0,825.0,805.5,820.0,0.61,11877.0,960.6,761.9
SLBBL,4/24/2026,861.0,861.0,806.0,810.0,-5.92,1618.0,960.6,761.9
SLBBL,4/27/2026,845.0,845.0,808.0,813.2,-3.76,4207.0,960.6,761.9
SLBBL,4/28/2026,813.2,818.9,810.5,813.9,0.09,4097.0,960.6,761.9
SLBBL,4/29/2026,813.9,818.0,810.0,815.0,0.14,4355.0,960.6,761.9
SLBBL,4/30/2026,816.0,818.0,805.0,810.0,-0.74,2270.0,960.6,761.9
SLBBL,5/4/2026,850.0,850.0,808.1,810.0,-4.71,7409.0,960.6,761.9
SLBBL,5/5/2026,801.2,820.0,801.1,813.5,1.54,2475.0,960.6,761.9
SLBBL,5/6/2026,810.0,819.0,809.0,818.9,1.1,4300.0,960.6,761.9
SLBBL,5/7/2026,815.0,822.9,815.0,817.0,0.25,5988.0,960.6,761.9
SLBBL,5/8/2026,825.9,825.9,815.0,822.0,-0.47,8547.0,960.6,761.9
SLBBL,5/11/2026,822.0,836.5,820.0,832.9,1.33,2284.0,960.6,761.9
SLBBL,5/12/2026,832.9,837.0,823.0,825.0,-0.95,3531.0,960.6,761.9
SLBBL,5/13/2026,825.0,836.9,819.0,819.7,-0.64,6553.0,960.6,761.9
SLBBL,5/14/2026,817.1,830.0,816.0,816.1,-0.12,3812.0,960.6,761.9
SLBBL,5/15/2026,816.6,825.0,816.0,817.0,0.05,3084.0,960.6,761.9
SLBBL,5/18/2026,815.0,824.9,814.0,819.8,0.59,2406.0,960.6,761.9
SLBBL,5/19/2026,828.0,828.0,815.1,823.9,-0.5,2640.0,960.6,761.9
SLBBL,5/20/2026,816.1,826.0,816.1,820.0,0.48,4508.0,960.6,761.9
SLBBL,5/21/2026,822.0,823.0,815.0,817.2,-0.58,4343.0,960.6,761.9
SLBBL,5/22/2026,820.0,822.7,817.2,822.7,0.33,2539.0,960.6,761.9
SLBBL,5/25/2026,825.0,836.4,821.1,831.5,0.79,6640.0,960.6,761.9
SLBBL,5/26/2026,838.0,838.0,823.0,826.9,-1.32,2886.0,960.6,761.9
SLBBL,5/27/2026,826.9,834.5,823.1,833.9,0.85,2191.0,960.6,761.9
SLBBL,6/1/2026,830.0,835.0,815.0,816.0,-1.69,7545.0,960.6,761.9
SLBBL,6/2/2026,817.0,827.0,816.0,821.8,0.59,2975.0,960.6,761.9
SLBBL,6/3/2026,828.9,833.0,817.0,832.0,0.37,5417.0,960.6,761.9
SLBBL,6/4/2026,820.2,834.0,820.2,830.0,1.19,4804.0,960.6,761.9
SLBBL,6/5/2026,817.0,835.0,817.0,830.0,1.59,6521.0,960.6,761.9
SLBBL,6/8/2026,833.9,842.9,820.0,823.0,-1.31,3969.0,960.6,761.9
SLBBL,6/9/2026,821.0,826.0,815.0,822.0,0.12,6623.0,960.6,761.9
SLBBL,6/10/2026,821.0,823.0,820.0,820.1,-0.11,1495.0,960.6,761.9
SLBBL,6/11/2026,820.1,828.0,811.3,817.1,-0.37,10817.0,960.6,761.9
SLBBL,6/12/2026,857.9,857.9,805.0,815.2,-4.98,7579.0,960.6,761.9
SLBBL,6/15/2026,815.2,825.0,815.0,816.4,0.15,1773.0,960.6,761.9
SLBBL,6/16/2026,816.4,825.0,813.0,819.7,0.4,5802.0,960.6,761.9
SLBBL,6/17/2026,810.0,820.0,810.0,815.0,0.62,3824.0,960.6,761.9
SLBBL,6/18/2026,815.0,820.0,810.0,817.9,0.36,2540.0,960.6,761.9
SLBBL,6/19/2026,820.0,820.0,810.5,819.9,-0.01,6998.0,960.6,761.9
SLBBL,6/22/2026,820.1,825.0,816.0,822.3,0.27,4137.0,960.6,761.9
SLBBL,6/23/2026,820.0,822.4,815.1,815.2,-0.59,5542.0,960.6,761.9
SLBBL,6/24/2026,815.2,819.0,810.0,815.0,-0.02,6331.0,960.6,761.9
SLBBL,6/26/2026,810.0,815.0,810.0,811.0,0.12,1929.0,960.6,761.9
SLBBL,6/29/2026,810.0,810.0,803.0,810.0,0.0,2830.0,960.6,761.9
SLBBL,6/30/2026,810.0,810.0,793.0,799.0,-1.36,4312.0,960.6,761.9
SLBBL,7/1/2026,799.0,812.0,799.0,809.0,1.25,8489.0,960.6,761.9
SLBBL,7/2/2026,805.0,808.0,792.2,808.0,0.37,8632.0,960.6,761.9
SLBBL,7/3/2026,808.0,818.0,800.0,805.0,-0.37,3167.0,960.6,761.9
SLBBL,7/6/2026,806.0,806.0,800.1,802.1,-0.48,3489.0,960.6,761.9
SLBBL,7/7/2026,802.1,807.0,800.4,805.0,0.36,2627.0,960.6,761.9
SLBBL,7/8/2026,798.0,798.0,788.0,798.0,0.0,7861.0,960.6,761.9
SLBBL,7/9/2026,798.0,798.0,780.5,793.8,-0.53,6026.0,960.6,761.9
SLBBL,7/10/2026,793.8,800.9,785.0,790.0,-0.48,3592.0,960.6,761.9
SLBBL,7/13/2026,780.2,795.0,775.0,786.0,0.74,3918.0,960.6,761.9
SLBBL,7/14/2026,794.0,797.9,775.0,783.2,-1.36,3962.0,960.6,761.9
SLBBL,7/15/2026,786.0,799.0,770.1,794.5,1.08,7943.0,960.6,761.9
SLBBL,7/16/2026,781.0,788.9,780.1,788.9,1.01,787.0,960.6,761.9
SLBBL,7/17/2026,800.0,817.5,792.1,817.0,2.12,2386.0,960.6,761.9
SLBBL,7/20/2026,826.0,826.9,803.3,820.0,-0.73,2183.0,960.6,761.9
SLBBL,7/21/2026,810.0,830.0,810.0,820.1,1.25,2773.0,960.6,761.9
SLBBL,7/22/2026,820.0,820.0,805.0,811.3,-1.06,3364.0,960.6,761.9
SLBBL,7/23/2026,802.1,820.0,802.1,814.0,1.48,2409.0,960.6,761.9
SLBBL,7/24/2026,788.0,832.0,788.0,823.0,4.44,3942.0,960.6,761.9
SLBBL,7/27/2026,822.0,822.0,806.2,818.0,-0.49,2196.0,960.6,761.9
SLBBL,7/28/2026,818.0,818.0,805.1,815.0,-0.37,2542.0,960.6,761.9
SLBBL,7/29/2026,815.0,816.0,806.0,806.6,-1.03,2899.0,960.6,761.9
SLBBL,7/30/2026,806.1,810.0,806.1,809.0,0.36,1495.0,960.6,761.9
SLBBL,7/31/2026,810.0,810.0,801.0,803.0,-0.86,1894.0,960.6,761.9
SLBBL,8/3/2026,815.0,815.0,808.0,809.0,-0.74,3294.0,960.6,761.9
SLBBL,8/4/2026,802.0,803.0,792.0,800.1,-0.24,2668.0,960.6,761.9
SLBBL,8/5/2026,793.5,802.0,790.0,802.0,1.07,3877.0,960.6,761.9
SLBBL,8/6/2026,802.0,802.0,798.0,798.3,-0.46,2203.0,960.6,761.9
SLBBL,8/7/2026,793.0,802.0,792.1,802.0,1.13,1646.0,960.6,761.9
SLBBL,8/10/2026,814.9,814.9,793.1,799.0,-1.95,1206.0,960.6,761.9
SLBBL,8/11/2026,790.1,800.0,790.1,794.0,0.49,4911.0,960.6,761.9
SLBBL,8/12/2026,794.0,803.9,790.3,797.0,0.38,3175.0,960.6,761.9
SLBBL,8/13/2026,800.0,812.0,800.0,810.0,1.25,5034.0,960.6,761.9
SLBBL,8/14/2026,808.0,811.5,802.0,802.0,-0.74,2156.0,960.6,761.9
SLBBL,8/17/2026,761.9,808.9,761.9,807.0,5.92,17092.0,960.6,761.9
SLBBL,8/18/2026,800.0,808.0,790.0,808.0,1.0,1969.0,960.6,761.9
SLBBL,8/19/2026,790.1,805.0,790.1,805.0,1.89,861.0,960.6,761.9
SLBBL,8/20/2026,786.5,800.0,786.5,800.0,1.72,1513.0,960.6,761.9
SLBBL,8/21/2026,790.5,799.9,790.4,798.0,0.95,3073.0,960.6,761.9
SLBBL,8/24/2026,803.0,803.0,786.1,790.1,-1.61,7956.0,960.6,761.9
SLBBL,8/25/2026,799.0,799.0,785.2,790.0,-1.13,2245.0,960.6,761.9
SLBBL,8/26/2026,784.4,790.0,781.0,787.9,0.45,813.0,960.6,761.9
SLBBL,8/27/2026,787.0,790.1,780.0,790.0,0.38,1465.0,960.6,761.9
SLBBL,8/31/2026,772.1,784.9,772.0,779.0,0.89,1128.0,960.6,761.9
SLBBL,9/1/2026,779.0,790.0,773.3,778.1,-0.12,2528.0,960.6,761.9
SLBBL,9/2/2026,800.0,800.0,771.0,780.0,-2.5,3829.0,960.6,761.9
SLBBL,9/3/2026,775.2,790.0,775.2,780.8,0.72,1411.0,960.6,761.9
SLBBL,9/7/2026,792.9,860.0,790.1,799.0,0.77,8071.0,960.6,761.9
SLBBL,9/9/2026,805.0,805.0,782.1,787.0,-2.24,2917.0,960.6,761.9
SLBBL,9/10/2026,779.1,799.0,779.1,798.8,2.53,7227.0,960.6,761.9
SLBBL,9/11/2026,784.5,799.0,784.5,790.8,0.8,466.0,960.6,761.9
SLBBL,9/14/2026,784.5,810.0,784.5,801.0,2.1,5713.0,960.6,761.9
SLBBL,9/15/2026,840.0,840.0,791.0,810.0,-3.57,5004.0,960.6,761.9
SLBBL,9/16/2026,802.0,810.0,800.0,810.0,1.0,4895.0,960.6,761.9
SLBBL,9/17/2026,810.0,815.0,805.0,809.0,-0.12,5630.0,960.6,761.9
SLBBL,9/18/2026,810.0,825.0,806.0,825.0,1.85,8492.0,960.6,761.9
SLBBL,9/22/2026,812.0,824.9,810.1,820.1,1.0,5086.0,960.6,761.9
SLBBL,9/23/2026,811.1,815.0,807.0,807.1,-0.49,10027.0,960.6,761.9
SLBBL,9/24/2026,808.0,822.0,808.0,822.0,1.73,3894.0,960.6,761.9
SLBBL,9/28/2026,822.0,822.0,806.0,808.3,-1.67,8714.0,960.6,761.9
SLBBL,9/29/2026,808.5,819.8,806.0,0.0,-100.0,1324.0,960.6,761.9
SLBBL,9/30/2026,813.0,820.0,810.0,816.0,0.37,2599.0,960.6,761.9
SLBBL,10/1/2026,816.0,826.8,815.0,823.9,0.97,5276.0,960.6,761.9
SLBBL,10/2/2026,823.0,823.0,815.0,821.9,-0.13,6611.0,960.6,761.9
SLBBLP,1/6/2026,463.0,463.0,463.0,463.0,,14541.0,496.0,443.0
SLBBLP,1/18/2026,453.8,453.8,453.8,453.8,-1.99,2914.0,496.0,443.0
SLBBLP,1/20/2026,453.0,453.0,453.0,453.0,-0.18,7285.0,496.0,443.0
SLBBLP,1/21/2026,453.0,453.0,453.0,453.0,0.0,7285.0,496.0,443.0
SLBBLP,2/16/2026,453.0,453.0,453.0,453.0,0.0,5000.0,496.0,443.0
SLBBLP,6/11/2026,456.0,456.0,456.0,456.0,0.0,2000.0,496.0,443.0
SLBBLP,6/29/2026,456.0,456.0,456.0,456.0,0.0,1038.0,496.0,443.0
SLBBLP,7/1/2026,456.0,456.0,456.0,456.0,0.0,1038.0,496.0,443.0
SLBBLP,7/22/2026,443.0,443.0,443.0,443.0,0.0,14000.0,496.0,443.0
SLBBLP,7/24/2026,443.0,443.0,443.0,443.0,0.0,20000.0,496.0,443.0
SLBBLP,7/27/2026,443.0,443.0,443.0,443.0,0.0,4314.0,496.0,443.0
SLBBLP,8/18/2026,443.0,443.0,443.0,443.0,0.0,5000.0,496.0,443.0
SLBBLP,8/27/2026,443.0,443.0,443.0,443.0,0.0,10913.0,496.0,443.0
SLBSL,12/21/2025,1292.0,1304.0,1282.0,1293.0,,1113.0,1508.1,840.0
SLBSL,12/22/2025,1290.0,1293.0,1276.1,1293.0,0.0,884.0,1508.1,840.0
SLBSL,12/23/2025,1295.0,1298.0,1295.0,1298.0,0.39,803.0,1508.1,840.0
SLBSL,12/24/2025,1280.0,1335.1,1280.0,1303.2,0.4,1700.0,1508.1,840.0
SLBSL,12/28/2025,1303.2,1344.9,1303.2,1329.7,2.03,2033.0,1508.1,840.0
SLBSL,12/29/2025,1329.7,1329.7,1306.0,1324.9,-0.36,985.0,1508.1,840.0
SLBSL,12/31/2025,1300.6,1330.0,1300.5,1320.0,-0.37,1756.0,1508.1,840.0
SLBSL,1/1/2026,1300.0,1300.0,1275.0,1292.0,-2.12,857.0,1508.1,840.0
SLBSL,1/4/2026,1292.0,1300.0,1280.7,1282.3,-0.75,1579.0,1508.1,840.0
SLBSL,1/5/2026,1300.0,1300.0,1282.0,1300.0,1.38,1860.0,1508.1,840.0
SLBSL,1/6/2026,1326.0,1326.0,1287.1,1304.0,0.31,2593.0,1508.1,840.0
SLBSL,1/7/2026,1308.0,1317.8,1287.9,1307.0,0.23,3747.0,1508.1,840.0
SLBSL,1/8/2026,1307.0,1307.9,1284.1,1307.0,0.0,2277.0,1508.1,840.0
SLBSL,1/12/2026,1308.0,1308.0,1286.0,1300.0,-0.54,1738.0,1508.1,840.0
SLBSL,1/13/2026,1300.0,1300.0,1280.0,1284.0,-1.23,910.0,1508.1,840.0
SLBSL,1/14/2026,1285.1,1285.1,1275.0,1279.0,-0.39,1571.0,1508.1,840.0
SLBSL,1/18/2026,1304.5,1320.0,1283.1,1319.9,3.2,4220.0,1508.1,840.0
SLBSL,1/20/2026,1346.0,1400.0,1325.1,1376.0,4.25,7389.0,1508.1,840.0
SLBSL,1/21/2026,1376.0,1398.0,1350.0,1369.0,-0.51,3577.0,1508.1,840.0
SLBSL,1/22/2026,1350.0,1359.0,1343.1,1359.0,-0.73,1055.0,1508.1,840.0
SLBSL,1/25/2026,1385.9,1450.0,1305.4,1450.0,6.7,4673.0,1508.1,840.0
SLBSL,1/26/2026,1422.1,1465.0,1395.0,1425.0,-1.72,4480.0,1508.1,840.0
SLBSL,1/27/2026,1425.5,1428.1,1300.0,1389.9,-2.46,6667.0,1508.1,840.0
SLBSL,1/28/2026,1370.0,1397.4,1345.0,1355.0,-2.51,3344.0,1508.1,840.0
SLBSL,1/29/2026,1356.0,1388.0,1330.0,1340.0,-1.11,3660.0,1508.1,840.0
SLBSL,2/1/2026,1365.0,1365.0,1315.0,1340.0,0.0,705.0,1508.1,840.0
SLBSL,2/2/2026,1325.0,1345.0,1320.0,1336.0,-0.3,1426.0,1508.1,840.0
SLBSL,2/3/2026,1321.0,1359.9,1300.0,1359.9,1.79,2057.0,1508.1,840.0
SLBSL,2/4/2026,1333.5,1349.8,1293.6,1330.0,-2.2,3079.0,1508.1,840.0
SLBSL,2/5/2026,1330.0,1330.0,1304.0,1328.9,-0.08,1466.0,1508.1,840.0
SLBSL,2/8/2026,1349.0,1349.0,1309.0,1324.0,-0.37,1906.0,1508.1,840.0
SLBSL,2/9/2026,1324.0,1324.0,1302.0,1302.1,-1.65,1515.0,1508.1,840.0
SLBSL,2/10/2026,1302.0,1313.0,1292.0,1313.0,0.84,834.0,1508.1,840.0
SLBSL,2/11/2026,1338.9,1358.9,1290.2,1290.2,-1.74,1055.0,1508.1,840.0
SLBSL,2/12/2026,1290.3,1310.0,1280.0,1309.0,1.46,2175.0,1508.1,840.0
SLBSL,2/16/2026,1290.0,1308.9,1285.0,1308.9,-0.01,1100.0,1508.1,840.0
SLBSL,2/17/2026,1300.0,1314.0,1283.0,1314.0,0.39,2996.0,1508.1,840.0
SLBSL,2/22/2026,1319.0,1319.0,1285.0,1290.0,-1.83,769.0,1508.1,840.0
SLBSL,2/23/2026,1290.0,1301.9,1280.0,1300.0,0.78,296.0,1508.1,840.0
SLBSL,2/24/2026,1300.0,1305.0,1290.0,1303.9,0.3,561.0,1508.1,840.0
SLBSL,2/25/2026,1303.9,1314.5,1290.0,1296.0,-0.61,1434.0,1508.1,840.0
SLBSL,2/26/2026,1316.5,1316.5,1278.0,1293.1,-0.22,580.0,1508.1,840.0
SLBSL,2/27/2026,1316.5,1316.5,1278.0,1293.1,0.0,580.0,1508.1,840.0
SLBSL,2/28/2026,1316.5,1316.5,1278.0,1293.1,0.0,580.0,1508.1,840.0
SLBSL,3/2/2026,1307.9,1310.0,1285.0,1299.0,0.46,2741.0,1508.1,840.0
SLBSL,3/3/2026,1288.0,1313.3,1288.0,1310.0,0.85,648.0,1508.1,840.0
SLBSL,3/4/2026,1288.0,1313.3,1288.0,1310.0,0.0,648.0,1508.1,840.0
SLBSL,3/5/2026,1288.0,1313.3,1288.0,1310.0,0.0,648.0,1508.1,840.0
SLBSL,3/6/2026,1288.0,1313.3,1288.0,1310.0,0.0,648.0,1508.1,840.0
SLBSL,3/7/2026,1288.0,1313.3,1288.0,1310.0,0.0,648.0,1508.1,840.0
SLBSL,3/8/2026,1288.0,1313.3,1288.0,1310.0,0.0,648.0,1508.1,840.0
SLBSL,3/9/2026,1336.2,1336.2,1336.2,1336.2,2.0,20.0,1508.1,840.0
SLBSL,3/10/2026,1362.9,1390.0,1337.0,1385.0,3.65,8248.0,1508.1,840.0
SLBSL,3/11/2026,1358.0,1384.0,1350.0,1362.0,-1.66,1909.0,1508.1,840.0
SLBSL,3/12/2026,1350.0,1368.0,1342.0,1354.9,-0.52,1548.0,1508.1,840.0
SLBSL,3/13/2026,1350.0,1368.0,1342.0,1354.9,0.0,1548.0,1508.1,840.0
SLBSL,3/14/2026,1350.0,1368.0,1342.0,1354.9,0.0,1548.0,1508.1,840.0
SLBSL,3/15/2026,1354.0,1359.8,1331.0,1357.0,0.15,1207.0,1508.1,840.0
SLBSL,3/16/2026,1357.0,1357.0,1336.0,1346.9,-0.74,858.0,1508.1,840.0
SLBSL,3/17/2026,1331.1,1344.8,1318.0,1344.8,-0.16,3455.0,1508.1,840.0
SLBSL,3/18/2026,1331.1,1344.8,1318.0,1344.8,0.0,3455.0,1508.1,840.0
SLBSL,3/19/2026,1344.0,1369.9,1332.5,1369.9,1.87,4318.0,1508.1,840.0
SLBSL,3/20/2026,1344.0,1369.9,1332.5,1369.9,0.0,4318.0,1508.1,840.0
SLBSL,3/21/2026,1344.0,1369.9,1332.5,1369.9,0.0,4318.0,1508.1,840.0
SLBSL,3/22/2026,1369.9,1430.0,1369.9,1425.0,4.02,11098.0,1508.1,840.0
SLBSL,3/23/2026,1426.0,1426.0,1390.0,1408.0,-1.19,6347.0,1508.1,840.0
SLBSL,3/24/2026,1405.0,1420.0,1399.0,1409.0,0.07,2165.0,1508.1,840.0
SLBSL,3/25/2026,1409.0,1409.0,1381.1,1400.0,-0.64,6062.0,1508.1,840.0
SLBSL,3/26/2026,1386.0,1413.0,1280.0,1413.0,1.95,3359.0,1508.1,840.0
SLBSL,3/29/2026,1441.2,1441.2,1357.4,1357.4,-5.81,3640.0,1508.1,840.0
SLBSL,3/30/2026,1384.5,1410.0,1350.1,1396.3,0.85,5534.0,1508.1,840.0
SLBSL,3/31/2026,1410.0,1410.0,1327.3,1394.2,-1.12,1802.0,1508.1,840.0
SLBSL,4/1/2026,1405.0,1405.0,1330.0,1362.0,-3.06,2953.0,1508.1,840.0
SLBSL,4/2/2026,1389.2,1389.2,1317.8,1384.0,-0.37,3928.0,1508.1,840.0
SLBSL,4/5/2026,1408.8,1408.8,1299.6,1325.0,-5.95,5042.0,1508.1,840.0
SLBSL,4/6/2026,1298.5,1350.0,1298.5,1344.0,3.5,1911.0,1508.1,840.0
SLBSL,4/7/2026,1365.0,1365.0,1320.0,1321.0,-3.22,858.0,1508.1,840.0
SLBSL,4/8/2026,1295.0,1340.0,1295.0,1337.0,3.24,8416.0,1508.1,840.0
SLBSL,4/9/2026,1325.0,1363.7,1311.4,1354.0,2.19,2227.0,1508.1,840.0
SLBSL,4/10/2026,1327.1,1379.0,1300.0,1323.0,-0.31,1955.0,1508.1,840.0
SLBSL,4/13/2026,1348.0,1348.0,1253.0,1322.9,-1.86,5049.0,1508.1,840.0
SLBSL,4/15/2026,1340.0,1340.0,1291.0,1318.9,-1.57,1726.0,1508.1,840.0
SLBSL,4/16/2026,1336.0,1336.0,1270.0,1290.1,-3.44,4035.0,1508.1,840.0
SLBSL,4/17/2026,1265.0,1319.8,1250.2,1319.8,4.33,8647.0,1508.1,840.0
SLBSL,4/20/2026,1318.0,1318.0,1278.5,1285.0,-2.5,4533.0,1508.1,840.0
SLBSL,4/21/2026,1252.0,1319.0,1252.0,1284.0,2.56,3971.0,1508.1,840.0
SLBSL,4/22/2026,1252.1,1287.5,1250.0,1266.0,1.11,961.0,1508.1,840.0
SLBSL,4/23/2026,1202.7,1277.3,1202.7,1250.0,3.93,1647.0,1508.1,840.0
SLBSL,4/24/2026,1250.0,1273.2,1228.0,1273.0,1.84,585.0,1508.1,840.0
SLBSL,4/27/2026,1273.0,1284.0,1235.1,1235.1,-2.98,652.0,1508.1,840.0
SLBSL,4/28/2026,1235.1,1235.0,1200.8,1231.9,-0.26,1561.0,1508.1,840.0
SLBSL,4/29/2026,1231.9,1220.0,1195.0,1220.0,-0.97,1019.0,1508.1,840.0
SLBSL,4/30/2026,1220.0,1229.0,1200.0,1217.0,-0.25,899.0,1508.1,840.0
SLBSL,5/4/2026,1217.0,1217.0,1185.1,1204.0,-1.07,257.0,1508.1,840.0
SLBSL,5/5/2026,1171.0,1205.0,1170.0,1201.0,2.56,1064.0,1508.1,840.0
SLBSL,5/6/2026,1201.0,1201.0,1170.0,1190.0,-0.92,653.0,1508.1,840.0
SLBSL,5/7/2026,1190.0,1198.0,1170.0,1198.0,0.67,528.0,1508.1,840.0
SLBSL,5/8/2026,1190.0,1205.0,1188.0,1188.0,-0.17,705.0,1508.1,840.0
SLBSL,5/11/2026,1210.0,1258.0,1205.0,1257.0,3.88,2366.0,1508.1,840.0
SLBSL,5/12/2026,1240.0,1240.0,1198.9,1232.0,-0.65,4088.0,1508.1,840.0
SLBSL,5/13/2026,1215.0,1215.0,1179.0,1200.0,-1.23,1265.0,1508.1,840.0
SLBSL,5/14/2026,1200.0,1230.0,1191.4,1230.0,2.5,270.0,1508.1,840.0
SLBSL,5/15/2026,1225.0,1230.0,1187.3,1218.0,-0.57,1760.0,1508.1,840.0
SLBSL,5/18/2026,1218.0,1218.0,1190.1,1200.0,-1.48,162.0,1508.1,840.0
SLBSL,5/19/2026,1200.0,1214.3,1164.0,1199.0,-0.08,1222.0,1508.1,840.0
SLBSL,5/20/2026,1192.0,1209.0,1192.0,1209.0,1.43,203.0,1508.1,840.0
SLBSL,5/21/2026,1208.0,1208.0,1185.0,1186.0,-1.82,142.0,1508.1,840.0
SLBSL,5/22/2026,1204.9,1204.9,1180.0,1180.0,-2.07,671.0,1508.1,840.0
SLBSL,5/25/2026,1180.0,1208.0,1180.0,1208.0,2.37,1577.0,1508.1,840.0
SLBSL,5/26/2026,1208.0,1210.0,1200.0,1210.0,0.17,357.0,1508.1,840.0
SLBSL,5/27/2026,1210.0,1218.0,1201.0,1216.5,0.54,131.0,1508.1,840.0
SLBSL,6/1/2026,1182.1,1213.0,1182.1,1185.1,0.25,433.0,1508.1,840.0
SLBSL,6/2/2026,1216.0,1216.0,1182.1,1205.0,-0.9,990.0,1508.1,840.0
SLBSL,6/3/2026,1219.0,1225.0,1188.3,1212.0,-0.57,2201.0,1508.1,840.0
SLBSL,6/4/2026,1182.0,1210.0,1182.0,1207.0,2.12,1438.0,1508.1,840.0
SLBSL,6/5/2026,1230.0,1239.0,1191.0,1209.0,-1.71,591.0,1508.1,840.0
SLBSL,6/8/2026,1170.0,1316.0,1170.0,1316.0,12.48,2648.0,1508.1,840.0
SLBSL,6/9/2026,1250.2,1250.2,1195.0,1219.0,-2.5,2733.0,1508.1,840.0
SLBSL,6/10/2026,1224.0,1225.0,1200.1,1217.0,-0.57,662.0,1508.1,840.0
SLBSL,6/11/2026,1170.0,1335.0,1170.0,1210.0,3.42,3393.0,1508.1,840.0
SLBSL,6/12/2026,1187.0,1220.0,1180.0,1220.0,2.78,289.0,1508.1,840.0
SLBSL,6/15/2026,1220.0,1225.0,1187.0,1189.1,-2.53,1277.0,1508.1,840.0
SLBSL,6/16/2026,1175.2,1210.0,1175.2,1200.0,2.11,242.0,1508.1,840.0
SLBSL,6/17/2026,1200.0,1208.0,1181.1,1208.0,0.67,1123.0,1508.1,840.0
SLBSL,6/18/2026,1209.0,1210.0,1184.0,1195.0,-1.16,905.0,1508.1,840.0
SLBSL,6/19/2026,1185.0,1228.0,1175.0,1228.0,3.63,2770.0,1508.1,840.0
SLBSL,6/22/2026,1220.0,1247.9,1218.0,1238.0,1.48,1567.0,1508.1,840.0
SLBSL,6/23/2026,1200.0,1220.0,1200.0,1220.0,1.67,930.0,1508.1,840.0
SLBSL,6/24/2026,1180.0,1230.0,1180.0,1220.0,3.39,1475.0,1508.1,840.0
SLBSL,6/26/2026,1222.6,1259.0,1180.0,1207.0,-1.28,4088.0,1508.1,840.0
SLBSL,6/29/2026,1172.1,1205.0,1171.0,1200.0,2.38,2168.0,1508.1,840.0
SLBSL,6/30/2026,1160.0,1194.8,1130.0,1193.9,2.92,8624.0,1508.1,840.0
SLBSL,7/1/2026,1160.0,1302.0,1136.0,1302.0,12.24,4366.0,1508.1,840.0
SLBSL,7/2/2026,1236.9,1236.9,1169.1,1200.0,-2.98,2007.0,1508.1,840.0
SLBSL,7/3/2026,1160.0,1230.6,1143.0,1143.0,-1.47,10001.0,1508.1,840.0
SLBSL,7/6/2026,1177.2,1284.0,1130.0,1160.0,-1.46,2968.0,1508.1,840.0
SLBSL,7/7/2026,1179.3,1179.3,1132.0,1154.0,-2.15,4163.0,1508.1,840.0
SLBSL,7/8/2026,1120.0,1148.0,1120.0,1130.0,0.89,2081.0,1508.1,840.0
SLBSL,7/9/2026,1099.0,1159.8,1082.0,1159.8,5.53,5638.0,1508.1,840.0
SLBSL,7/10/2026,1101.9,1199.9,1091.0,1136.0,3.09,3863.0,1508.1,840.0
SLBSL,7/13/2026,1100.0,1197.0,1093.0,1197.0,8.82,10929.0,1508.1,840.0
SLBSL,7/14/2026,1161.1,1161.1,1098.1,1100.0,-5.26,2776.0,1508.1,840.0
SLBSL,7/15/2026,1110.0,1133.0,1100.0,1103.0,-0.63,3478.0,1508.1,840.0
SLBSL,7/16/2026,1103.0,1110.0,1082.0,1100.0,-0.27,1986.0,1508.1,840.0
SLBSL,7/17/2026,1123.69,1157.0,1099.6,1115.0,-0.77,7854.0,1508.1,840.0
SLBSL,7/20/2026,1138.0,1138.0,1093.0,1104.5,-2.94,1622.0,1508.1,840.0
SLBSL,7/21/2026,1150.0,1150.0,1096.1,1120.0,-2.61,4265.0,1508.1,840.0
SLBSL,7/22/2026,1110.0,1120.0,1097.0,1109.0,-0.09,1975.0,1508.1,840.0
SLBSL,7/23/2026,1100.0,1110.0,1081.1,1092.0,-0.73,2568.0,1508.1,840.0
SLBSL,7/24/2026,1082.0,1147.8,1082.0,1126.0,4.07,5231.0,1508.1,840.0
SLBSL,7/27/2026,1103.0,1118.9,1090.0,1105.0,0.18,1920.0,1508.1,840.0
SLBSL,7/28/2026,1090.0,1155.0,1090.0,1099.9,0.91,2210.0,1508.1,840.0
SLBSL,7/29/2026,1075.0,1110.0,1075.0,1077.3,0.21,4347.0,1508.1,840.0
SLBSL,7/30/2026,1131.1,1131.1,1071.0,1090.0,-3.63,978.0,1508.1,840.0
SLBSL,7/31/2026,1090.0,1090.0,1070.0,1085.0,-0.46,2655.0,1508.1,840.0
SLBSL,8/3/2026,1100.0,1100.0,1060.0,1060.0,-3.64,2121.0,1508.1,840.0
SLBSL,8/4/2026,1081.0,1081.0,1000.0,1023.0,-5.37,5021.0,1508.1,840.0
SLBSL,8/5/2026,1011.1,1040.0,990.0,990.0,-2.09,3276.0,1508.1,840.0
SLBSL,8/6/2026,990.0,1004.9,975.0,999.1,0.92,1012.0,1508.1,840.0
SLBSL,8/7/2026,995.0,999.0,980.0,982.1,-1.3,1298.0,1508.1,840.0
SLBSL,8/10/2026,965.0,990.0,950.0,970.0,0.52,4044.0,1508.1,840.0
SLBSL,8/11/2026,962.1,970.0,925.0,949.0,-1.36,5113.0,1508.1,840.0
SLBSL,8/12/2026,925.0,938.1,925.0,927.0,0.22,2356.0,1508.1,840.0
SLBSL,8/13/2026,927.0,948.0,927.0,947.8,2.24,318.0,1508.1,840.0
SLBSL,8/14/2026,948.0,968.0,928.0,945.9,-0.22,1963.0,1508.1,840.0
SLBSL,8/17/2026,930.0,940.0,927.0,927.0,-0.32,545.0,1508.1,840.0
SLBSL,8/18/2026,927.0,928.0,916.0,918.0,-0.97,1493.0,1508.1,840.0
SLBSL,8/19/2026,892.2,935.0,892.2,907.0,1.66,1025.0,1508.1,840.0
SLBSL,8/20/2026,930.0,933.0,888.0,918.0,-1.29,1684.0,1508.1,840.0
SLBSL,8/21/2026,891.0,917.8,891.0,914.0,2.58,571.0,1508.1,840.0
SLBSL,8/24/2026,900.0,912.9,890.0,900.0,0.0,812.0,1508.1,840.0
SLBSL,8/25/2026,900.0,900.0,879.0,896.0,-0.44,862.0,1508.1,840.0
SLBSL,8/26/2026,873.2,895.0,850.0,889.0,1.81,498.0,1508.1,840.0
SLBSL,8/27/2026,862.4,877.7,845.0,877.0,1.69,615.0,1508.1,840.0
SLBSL,8/31/2026,880.0,899.9,873.0,882.5,0.28,85.0,1508.1,840.0
SLBSL,9/1/2026,883.0,883.0,867.0,867.0,-1.81,638.0,1508.1,840.0
SLBSL,9/2/2026,854.0,880.0,854.0,865.0,1.29,278.0,1508.1,840.0
SLBSL,9/3/2026,865.0,889.9,865.0,889.9,2.88,18.0,1508.1,840.0
SLBSL,9/7/2026,907.9,907.9,880.7,899.0,-0.98,577.0,1508.1,840.0
SLBSL,9/9/2026,900.0,900.0,860.0,860.0,-4.44,1262.0,1508.1,840.0
SLBSL,9/10/2026,840.0,882.0,840.0,870.0,3.57,250.0,1508.1,840.0
SLBSL,9/11/2026,864.0,870.0,845.0,870.0,0.69,478.0,1508.1,840.0
SLBSL,9/14/2026,870.0,880.0,850.0,880.0,1.15,786.0,1508.1,840.0
SLBSL,9/15/2026,920.0,950.9,888.0,917.0,-0.33,1790.0,1508.1,840.0
SLBSL,9/16/2026,891.5,924.0,891.0,914.9,2.62,990.0,1508.1,840.0
SLBSL,9/17/2026,920.0,920.0,895.0,900.0,-2.17,342.0,1508.1,840.0
SLBSL,9/18/2026,890.0,916.0,890.0,913.0,2.58,1861.0,1508.1,840.0
SLBSL,9/22/2026,900.0,912.0,890.5,912.0,1.33,198.0,1508.1,840.0
SLBSL,9/23/2026,905.0,909.9,892.0,904.0,-0.11,1008.0,1508.1,840.0
SLBSL,9/24/2026,885.0,920.0,885.0,917.0,3.62,2627.0,1508.1,840.0
SLBSL,9/28/2026,920.0,923.0,900.0,901.0,-2.07,611.0,1508.1,840.0
SLBSL,9/29/2026,893.0,896.0,892.0,0.0,-100.0,506.0,1508.1,840.0
SLBSL,9/30/2026,872.1,900.0,850.0,895.0,2.63,2575.0,1508.1,840.0
SLBSL,10/1/2026,895.0,895.0,885.0,885.0,-1.12,480.0,1508.1,840.0
SLBSL,10/2/2026,885.0,890.0,870.0,871.0,-1.58,1414.0,1508.1,840.0
SLCF,1/26/2026,9.5,9.75,9.5,9.6,,113481.0,10.7,8.8
SLCF,1/27/2026,9.5,9.55,9.46,9.46,-1.46,2450.0,10.7,8.8
SLCF,1/28/2026,9.37,9.79,9.37,9.79,3.49,107300.0,10.7,8.8
SLCF,1/29/2026,9.65,9.97,9.65,9.97,1.84,249510.0,10.7,8.8
SLCF,2/1/2026,9.8,9.8,9.64,9.67,-3.01,11006.0,10.7,8.8
SLCF,2/2/2026,9.61,9.7,9.61,9.65,-0.21,10530.0,10.7,8.8
SLCF,2/3/2026,9.6,9.75,9.6,9.75,1.04,11490.0,10.7,8.8
SLCF,2/4/2026,9.62,9.7,9.62,9.65,-1.03,1200.0,10.7,8.8
SLCF,2/5/2026,9.63,9.82,9.63,9.82,1.76,43099.0,10.7,8.8
SLCF,2/8/2026,9.65,9.69,9.64,9.69,-1.32,21800.0,10.7,8.8
SLCF,2/9/2026,9.65,9.71,9.65,9.66,-0.31,2850.0,10.7,8.8
SLCF,2/10/2026,9.63,9.85,9.48,9.85,1.97,121600.0,10.7,8.8
SLCF,2/11/2026,9.7,9.9,9.7,9.71,-1.42,1950.0,10.7,8.8
SLCF,2/12/2026,9.6,9.89,9.6,9.89,1.85,11440.0,10.7,8.8
SLCF,2/16/2026,9.7,9.75,9.6,9.75,-1.42,3200.0,10.7,8.8
SLCF,2/17/2026,9.92,9.93,9.56,9.58,-1.74,1620.0,10.7,8.8
SLCF,2/22/2026,9.45,9.75,9.45,9.7,1.25,3700.0,10.7,8.8
SLCF,2/23/2026,9.52,9.6,9.52,9.52,-1.86,1150.0,10.7,8.8
SLCF,2/24/2026,9.5,9.7,9.4,9.51,-0.11,10460.0,10.7,8.8
SLCF,2/25/2026,9.42,9.5,9.42,9.46,-0.53,1600.0,10.7,8.8
SLCF,2/26/2026,9.48,9.66,9.48,9.66,2.11,4800.0,10.7,8.8
SLCF,2/27/2026,9.48,9.66,9.48,9.66,0.0,4800.0,10.7,8.8
SLCF,2/28/2026,9.48,9.66,9.48,9.66,0.0,4800.0,10.7,8.8
SLCF,3/2/2026,9.48,9.51,9.48,9.5,-1.66,850.0,10.7,8.8
SLCF,3/3/2026,9.5,9.68,9.5,9.68,1.89,10279.0,10.7,8.8
SLCF,3/4/2026,9.5,9.68,9.5,9.68,0.0,10279.0,10.7,8.8
SLCF,3/5/2026,9.5,9.68,9.5,9.68,0.0,10279.0,10.7,8.8
SLCF,3/6/2026,9.5,9.68,9.5,9.68,0.0,10279.0,10.7,8.8
SLCF,3/7/2026,9.5,9.68,9.5,9.68,0.0,10279.0,10.7,8.8
SLCF,3/8/2026,9.5,9.68,9.5,9.68,0.0,10279.0,10.7,8.8
SLCF,3/10/2026,9.5,9.6,9.5,9.6,-0.83,3200.0,10.7,8.8
SLCF,3/11/2026,9.42,9.65,9.42,9.6,0.0,7900.0,10.7,8.8
SLCF,3/12/2026,9.6,9.78,9.5,9.64,0.42,69950.0,10.7,8.8
SLCF,3/13/2026,9.6,9.78,9.5,9.64,0.0,69950.0,10.7,8.8
SLCF,3/14/2026,9.6,9.78,9.5,9.64,0.0,69950.0,10.7,8.8
SLCF,3/15/2026,9.65,9.8,9.63,9.72,0.83,25000.0,10.7,8.8
SLCF,3/16/2026,9.62,9.8,9.62,9.8,0.82,18299.0,10.7,8.8
SLCF,3/17/2026,9.8,9.9,9.8,9.9,1.02,19093.0,10.7,8.8
SLCF,3/18/2026,9.8,9.9,9.8,9.9,0.0,19093.0,10.7,8.8
SLCF,3/19/2026,9.73,10.09,9.73,9.89,-0.1,65889.0,10.7,8.8
SLCF,3/20/2026,9.73,10.09,9.73,9.89,0.0,65889.0,10.7,8.8
SLCF,3/21/2026,9.73,10.09,9.73,9.89,0.0,65889.0,10.7,8.8
SLCF,3/22/2026,9.7,10.0,9.7,9.93,0.4,14560.0,10.7,8.8
SLCF,3/23/2026,9.76,10.2,9.76,10.15,2.22,110089.0,10.7,8.8
SLCF,3/24/2026,10.0,10.1,10.0,10.01,-1.38,5800.0,10.7,8.8
SLCF,3/25/2026,9.9,10.15,9.87,9.9,-1.1,22300.0,10.7,8.8
SLCF,3/26/2026,10.09,10.09,9.93,9.94,-1.49,15300.0,10.7,8.8
SLCF,3/29/2026,9.91,10.0,9.91,10.0,0.91,15950.0,10.7,8.8
SLCF,3/30/2026,9.82,10.0,9.82,9.95,1.32,7050.0,10.7,8.8
SLCF,3/31/2026,9.81,10.09,9.81,10.0,1.94,31600.0,10.7,8.8
SLCF,4/1/2026,9.81,10.09,9.81,9.9,0.92,7000.0,10.7,8.8
SLCF,4/2/2026,9.8,9.81,9.78,9.8,0.0,2100.0,10.7,8.8
SLCF,4/5/2026,9.62,9.89,9.62,9.7,0.83,18670.0,10.7,8.8
SLCF,4/6/2026,9.57,9.88,9.57,9.81,2.51,19230.0,10.7,8.8
SLCF,4/7/2026,9.62,9.9,9.62,9.9,2.91,1400.0,10.7,8.8
SLCF,4/8/2026,9.9,10.09,9.9,10.09,1.92,8450.0,10.7,8.8
SLCF,4/9/2026,9.89,10.09,9.7,9.91,0.2,6980.0,10.7,8.8
SLCF,4/10/2026,9.72,9.96,9.72,9.96,2.47,8550.0,10.7,8.8
SLCF,4/13/2026,9.8,10.05,9.8,10.05,2.55,4000.0,10.7,8.8
SLCF,4/15/2026,9.86,10.01,9.75,10.01,1.52,24356.0,10.7,8.8
SLCF,4/16/2026,10.0,10.14,9.84,9.99,-0.1,27000.0,10.7,8.8
SLCF,4/17/2026,9.91,10.1,9.91,9.95,0.4,6000.0,10.7,8.8
SLCF,4/20/2026,9.95,9.95,9.92,9.95,0.0,5010.0,10.7,8.8
SLCF,4/21/2026,9.7,10.09,9.7,9.83,1.34,19540.0,10.7,8.8
SLCF,4/22/2026,9.8,10.0,9.8,10.0,2.04,2500.0,10.7,8.8
SLCF,4/23/2026,9.83,10.12,9.83,9.88,0.51,12700.0,10.7,8.8
SLCF,4/24/2026,9.85,9.85,9.75,9.77,-0.81,2250.0,10.7,8.8
SLCF,4/27/2026,9.77,9.7,9.5,9.7,-0.72,4250.0,10.7,8.8
SLCF,4/28/2026,9.7,9.98,9.7,9.75,0.52,4850.0,10.7,8.8
SLCF,4/29/2026,9.75,9.9,9.51,9.8,0.51,19900.0,10.7,8.8
SLCF,4/30/2026,9.53,9.8,9.53,9.7,1.78,4750.0,10.7,8.8
SLCF,5/4/2026,9.55,9.84,9.42,9.72,1.78,3750.0,10.7,8.8
SLCF,5/5/2026,9.72,9.75,9.65,9.75,0.31,6000.0,10.7,8.8
SLCF,5/6/2026,9.46,9.88,9.46,9.88,4.44,4210.0,10.7,8.8
SLCF,5/7/2026,9.59,9.62,9.59,9.62,0.31,1700.0,10.7,8.8
SLCF,5/8/2026,9.62,9.9,9.62,9.9,2.91,43500.0,10.7,8.8
SLCF,5/11/2026,9.65,9.99,9.65,9.95,3.11,8900.0,10.7,8.8
SLCF,5/12/2026,9.8,10.0,9.8,10.0,2.04,8200.0,10.7,8.8
SLCF,5/13/2026,9.7,9.99,9.7,9.99,2.99,1364.0,10.7,8.8
SLCF,5/14/2026,9.92,9.92,9.92,9.92,0.0,1150.0,10.7,8.8
SLCF,5/15/2026,9.9,10.09,9.9,10.09,1.92,4400.0,10.7,8.8
SLCF,5/18/2026,9.9,9.99,9.84,9.95,0.51,7500.0,10.7,8.8
SLCF,5/19/2026,9.82,10.0,9.82,9.96,1.43,15700.0,10.7,8.8
SLCF,5/20/2026,9.8,9.95,9.8,9.95,1.53,1450.0,10.7,8.8
SLCF,5/21/2026,9.84,10.14,9.84,10.13,2.95,26550.0,10.7,8.8
SLCF,5/22/2026,10.0,10.1,10.0,10.0,0.0,4500.0,10.7,8.8
SLCF,5/25/2026,10.3,10.3,10.01,10.01,-2.82,3550.0,10.7,8.8
SLCF,5/26/2026,10.01,10.1,9.88,10.05,0.4,2190.0,10.7,8.8
SLCF,5/27/2026,10.05,10.19,10.05,10.17,1.19,30400.0,10.7,8.8
SLCF,6/1/2026,10.2,10.2,9.9,10.0,-1.96,5550.0,10.7,8.8
SLCF,6/2/2026,9.75,10.09,9.75,10.0,2.56,3985.0,10.7,8.8
SLCF,6/3/2026,10.0,10.01,10.0,10.0,0.0,2700.0,10.7,8.8
SLCF,6/4/2026,9.91,10.3,9.91,10.15,2.42,9400.0,10.7,8.8
SLCF,6/5/2026,10.15,10.15,9.89,10.0,-1.48,1150.0,10.7,8.8
SLCF,6/8/2026,9.87,10.2,9.87,10.02,1.52,45300.0,10.7,8.8
SLCF,6/9/2026,10.0,10.1,10.0,10.1,1.0,6050.0,10.7,8.8
SLCF,6/10/2026,10.0,10.1,10.0,10.03,0.3,1700.0,10.7,8.8
SLCF,6/11/2026,9.9,10.3,9.87,10.0,1.01,39900.0,10.7,8.8
SLCF,6/12/2026,10.0,10.3,10.0,10.01,0.1,12100.0,10.7,8.8
SLCF,6/15/2026,10.0,10.3,9.95,9.95,-0.5,18150.0,10.7,8.8
SLCF,6/16/2026,9.87,10.16,9.87,9.92,0.51,8000.0,10.7,8.8
SLCF,6/17/2026,10.21,10.7,9.92,10.07,-1.37,20655.0,10.7,8.8
SLCF,6/18/2026,10.37,10.68,10.1,10.2,-1.64,30467.0,10.7,8.8
SLCF,6/19/2026,9.9,10.1,9.9,10.1,2.02,13920.0,10.7,8.8
SLCF,6/22/2026,10.1,10.3,9.97,9.97,-1.29,39300.0,10.7,8.8
SLCF,6/23/2026,9.79,10.3,9.79,10.01,2.25,15310.0,10.7,8.8
SLCF,6/24/2026,10.0,10.09,9.8,10.09,0.9,10300.0,10.7,8.8
SLCF,6/26/2026,9.9,10.1,9.9,10.1,2.02,11600.0,10.7,8.8
SLCF,6/29/2026,9.83,10.3,9.83,10.3,4.78,12800.0,10.7,8.8
SLCF,6/30/2026,10.6,10.6,10.1,10.15,-4.25,27750.0,10.7,8.8
SLCF,7/1/2026,10.0,10.15,10.0,10.05,0.5,44000.0,10.7,8.8
SLCF,7/2/2026,10.01,10.03,10.01,10.03,0.2,11100.0,10.7,8.8
SLCF,7/3/2026,10.1,10.1,10.04,10.05,-0.5,7610.0,10.7,8.8
SLCF,7/6/2026,10.02,10.4,10.01,10.01,-0.1,85450.0,10.7,8.8
SLCF,7/7/2026,10.0,10.2,10.0,10.1,1.0,2400.0,10.7,8.8
SLCF,7/8/2026,10.0,10.02,10.0,10.01,0.1,3300.0,10.7,8.8
SLCF,7/9/2026,10.0,10.3,10.0,10.08,0.8,10600.0,10.7,8.8
SLCF,7/10/2026,10.0,10.1,9.95,10.0,0.0,28100.0,10.7,8.8
SLCF,7/13/2026,10.0,10.0,9.9,9.9,-1.0,21000.0,10.7,8.8
SLCF,7/14/2026,9.9,10.01,9.9,10.0,1.01,365650.0,10.7,8.8
SLCF,7/15/2026,10.0,10.06,10.0,10.0,0.0,147419.0,10.7,8.8
SLCF,7/16/2026,9.7,10.55,9.7,10.55,8.76,5500.0,10.7,8.8
SLCF,7/17/2026,10.54,10.55,10.24,10.24,-2.85,8100.0,10.7,8.8
SLCF,7/20/2026,10.2,10.25,10.0,10.0,-1.96,3038.0,10.7,8.8
SLCF,7/21/2026,10.0,10.0,9.95,9.95,-0.5,11920.0,10.7,8.8
SLCF,7/22/2026,10.0,10.1,9.95,10.1,1.0,1700.0,10.7,8.8
SLCF,7/23/2026,9.95,10.24,9.95,10.24,2.91,400.0,10.7,8.8
SLCF,7/24/2026,10.0,10.3,10.0,10.2,2.0,3242.0,10.7,8.8
SLCF,7/27/2026,10.26,10.3,9.7,9.7,-5.46,515.0,10.7,8.8
SLCF,7/28/2026,9.99,10.25,9.97,9.97,-0.2,13050.0,10.7,8.8
SLCF,7/29/2026,9.8,10.09,9.8,10.05,2.55,4150.0,10.7,8.8
SLCF,7/30/2026,9.75,10.0,9.7,9.99,2.46,16700.0,10.7,8.8
SLCF,7/31/2026,9.7,9.89,9.7,9.89,1.96,500.0,10.7,8.8
SLCF,8/3/2026,9.6,10.4,9.4,9.61,0.1,26711.0,10.7,8.8
SLCF,8/4/2026,9.89,9.89,9.6,9.6,-2.93,4940.0,10.7,8.8
SLCF,8/5/2026,9.6,9.7,9.4,9.7,1.04,15600.0,10.7,8.8
SLCF,8/6/2026,9.5,9.5,9.45,9.49,-0.11,1488.0,10.7,8.8
SLCF,8/7/2026,9.25,9.52,9.25,9.52,2.92,325.0,10.7,8.8
SLCF,8/10/2026,9.36,9.5,9.26,9.5,1.5,900.0,10.7,8.8
SLCF,8/11/2026,9.22,9.35,9.22,9.33,1.19,1200.0,10.7,8.8
SLCF,8/12/2026,9.21,9.75,9.21,9.72,5.54,8100.0,10.7,8.8
SLCF,8/13/2026,9.8,10.0,9.8,10.0,2.04,6300.0,10.7,8.8
SLCF,8/14/2026,10.25,10.3,9.7,9.7,-5.37,6977.0,10.7,8.8
SLCF,8/17/2026,9.42,10.49,9.41,10.4,10.4,21796.0,10.7,8.8
SLCF,8/18/2026,10.4,10.4,9.79,9.82,-5.58,5560.0,10.7,8.8
SLCF,8/19/2026,10.0,10.0,10.0,10.0,0.0,300.0,10.7,8.8
SLCF,8/20/2026,10.0,10.0,9.7,9.7,-3.0,1100.0,10.7,8.8
SLCF,8/21/2026,9.46,9.5,9.46,9.5,0.42,200.0,10.7,8.8
SLCF,8/24/2026,9.3,9.31,9.3,9.31,0.11,300.0,10.7,8.8
SLCF,8/25/2026,9.04,9.3,9.04,9.3,2.88,300.0,10.7,8.8
SLCF,8/26/2026,9.1,9.1,9.05,9.05,-0.55,3100.0,10.7,8.8
SLCF,8/27/2026,9.1,9.1,9.1,9.1,0.0,250.0,10.7,8.8
SLCF,8/31/2026,9.1,9.1,9.01,9.01,-0.99,300.0,10.7,8.8
SLCF,9/1/2026,9.03,9.1,9.03,9.1,0.78,500.0,10.7,8.8
SLCF,9/2/2026,9.0,9.1,9.0,9.1,1.11,400.0,10.7,8.8
SLCF,9/3/2026,9.0,9.1,9.0,9.06,0.67,1750.0,10.7,8.8
SLCF,9/7/2026,9.03,9.03,9.03,9.03,0.0,100.0,10.7,8.8
SLCF,9/9/2026,9.03,9.03,8.8,8.92,-1.22,7100.0,10.7,8.8
SLCF,9/10/2026,9.05,9.05,9.0,9.0,-0.55,900.0,10.7,8.8
SLCF,9/11/2026,9.0,9.0,9.0,9.0,0.0,100.0,10.7,8.8
SLCF,9/14/2026,9.0,9.2,9.0,9.2,2.22,1500.0,10.7,8.8
SLCF,9/15/2026,9.25,9.32,9.05,9.2,-0.54,2700.0,10.7,8.8
SLCF,9/16/2026,9.2,9.48,9.2,9.48,3.04,4900.0,10.7,8.8
SLCF,9/17/2026,9.2,9.2,9.2,9.2,0.0,100.0,10.7,8.8
SLCF,9/18/2026,9.16,9.3,9.16,9.25,0.98,2070.0,10.7,8.8
SLCF,9/22/2026,9.17,9.35,9.17,9.2,0.33,3100.0,10.7,8.8
SLCF,9/23/2026,8.95,9.2,8.95,9.0,0.56,600.0,10.7,8.8
SLCF,9/24/2026,9.1,9.2,9.1,9.2,1.1,400.0,10.7,8.8
SLCF,9/28/2026,8.95,9.15,8.95,9.03,0.89,1200.0,10.7,8.8
SLCF,9/29/2026,9.01,9.01,9.01,0.0,-100.0,200.0,10.7,8.8
SLCF,9/30/2026,9.03,9.27,9.03,9.27,2.66,5900.0,10.7,8.8
SLCF,10/1/2026,9.02,9.24,9.02,9.12,1.11,6150.0,10.7,8.8
SLCF,10/2/2026,9.0,9.19,9.0,9.12,1.33,2240.0,10.7,8.8
SLI,9/20/2021,688.5,701.7,616.0,618.0,,47368.0,701.7,311.5
SLI,9/21/2021,618.0,630.0,580.0,618.0,0.0,39957.0,701.7,311.5
SLI,9/22/2021,625.0,645.0,608.0,630.0,1.94,27893.0,701.7,311.5
SLI,9/23/2021,642.0,642.0,610.0,612.0,-2.86,29409.0,701.7,311.5
SLI,9/26/2021,612.0,615.0,590.0,592.0,-3.27,21174.0,701.7,311.5
SLI,9/27/2021,592.0,600.0,563.5,564.0,-4.73,22185.0,701.7,311.5
SLI,9/28/2021,564.0,564.0,534.0,535.0,-5.14,22765.0,701.7,311.5
SLI,9/29/2021,540.0,552.0,522.0,548.0,2.43,14159.0,701.7,311.5
SLI,9/30/2021,540.0,555.0,535.0,535.0,-2.37,16819.0,701.7,311.5
SLI,10/3/2021,525.0,533.0,515.0,515.0,-3.74,13889.0,701.7,311.5
SLI,10/4/2021,505.0,522.0,498.0,507.0,-1.55,11806.0,701.7,311.5
SLI,10/5/2021,500.0,525.0,500.0,507.0,0.0,10969.0,701.7,311.5
SLI,10/6/2021,505.0,529.9,498.0,519.0,2.37,10042.0,701.7,311.5
SLI,10/10/2021,510.0,530.0,510.0,513.0,-1.16,14570.0,701.7,311.5
SLI,10/11/2021,518.0,555.0,510.0,553.4,7.88,13470.0,701.7,311.5
SLI,10/17/2021,545.0,550.0,536.0,548.0,-0.98,5022.0,701.7,311.5
SLI,10/18/2021,540.0,550.0,530.0,537.0,-2.01,8684.0,701.7,311.5
SLI,10/19/2021,526.3,526.3,510.0,516.0,-3.91,11334.0,701.7,311.5
SLI,10/20/2021,510.0,538.5,510.0,520.0,0.78,12141.0,701.7,311.5
SLI,10/21/2021,530.0,530.1,511.0,514.0,-1.15,10829.0,701.7,311.5
SLI,10/24/2021,510.0,515.0,510.0,510.0,-0.78,10055.0,701.7,311.5
SLI,10/25/2021,510.0,528.0,510.0,528.0,3.53,11378.0,701.7,311.5
SLI,10/26/2021,528.0,554.8,528.0,551.0,4.36,14381.0,701.7,311.5
SLI,10/27/2021,540.0,602.0,540.0,570.0,3.45,24056.0,701.7,311.5
SLI,10/28/2021,570.0,570.0,550.0,559.0,-1.93,14170.0,701.7,311.5
SLI,10/31/2021,555.0,575.5,554.0,575.0,2.86,14710.0,701.7,311.5
SLI,11/1/2021,580.0,584.0,562.0,568.0,-1.22,11316.0,701.7,311.5
SLI,11/2/2021,560.0,579.0,557.0,571.0,0.53,13358.0,701.7,311.5
SLI,11/3/2021,577.4,585.0,570.0,575.0,0.7,14706.0,701.7,311.5
SLI,11/8/2021,575.0,576.0,566.0,570.0,-0.87,11528.0,701.7,311.5
SLI,11/9/2021,558.6,565.0,537.1,543.1,-4.72,17574.0,701.7,311.5
SLI,11/11/2021,543.0,543.0,520.1,529.5,-2.5,10660.0,701.7,311.5
SLI,11/14/2021,520.0,530.0,512.0,522.0,-1.42,14682.0,701.7,311.5
SLI,11/15/2021,511.7,530.0,511.7,528.0,1.15,16665.0,701.7,311.5
SLI,11/16/2021,538.5,560.0,522.1,555.0,5.11,25677.0,701.7,311.5
SLI,11/17/2021,545.0,565.0,545.0,546.1,-1.6,18903.0,701.7,311.5
SLI,11/18/2021,545.0,555.0,534.9,543.0,-0.57,15448.0,701.7,311.5
SLI,11/21/2021,535.0,538.0,527.0,528.1,-2.74,12375.0,701.7,311.5
SLI,11/22/2021,521.0,535.0,520.0,529.0,0.17,13136.0,701.7,311.5
SLI,11/23/2021,521.0,529.0,518.2,520.0,-1.7,11153.0,701.7,311.5
SLI,11/24/2021,511.0,523.0,506.2,520.0,0.0,15039.0,701.7,311.5
SLI,11/25/2021,510.0,520.0,510.0,519.0,-0.19,9434.0,701.7,311.5
SLI,11/28/2021,508.7,520.0,495.0,507.0,-2.31,16345.0,701.7,311.5
SLI,11/29/2021,497.0,510.0,497.0,500.0,-1.38,12780.0,701.7,311.5
SLI,11/30/2021,490.2,505.0,490.2,500.1,0.02,8776.0,701.7,311.5
SLI,12/1/2021,500.1,510.0,498.0,503.0,0.58,6502.0,701.7,311.5
SLI,12/2/2021,510.0,510.0,495.0,495.1,-1.57,7894.0,701.7,311.5
SLI,12/5/2021,496.0,500.0,472.0,475.0,-4.06,13407.0,701.7,311.5
SLI,12/6/2021,475.0,481.0,460.0,478.0,0.63,12284.0,701.7,311.5
SLI,12/7/2021,470.0,494.0,470.0,480.0,0.42,10016.0,701.7,311.5
SLI,12/8/2021,485.0,485.0,468.0,471.0,-1.88,5877.0,701.7,311.5
SLI,12/9/2021,463.0,470.0,457.0,464.9,-1.3,7180.0,701.7,311.5
SLI,12/12/2021,460.0,460.0,441.0,441.0,-5.14,9765.0,701.7,311.5
SLI,12/13/2021,433.1,434.5,424.4,428.0,-2.95,10004.0,701.7,311.5
SLI,12/14/2021,430.0,453.9,430.0,453.0,5.84,4255.0,701.7,311.5
SLI,12/15/2021,462.0,480.0,448.1,448.5,-0.99,13047.0,701.7,311.5
SLI,12/16/2021,441.0,442.0,433.0,441.0,-1.67,7646.0,701.7,311.5
SLI,12/20/2021,435.0,441.0,430.7,435.0,-1.36,6260.0,701.7,311.5
SLI,12/21/2021,427.0,444.0,427.0,443.0,1.84,7755.0,701.7,311.5
SLI,12/22/2021,441.0,468.0,441.0,465.0,4.97,14021.0,701.7,311.5
SLI,12/23/2021,460.3,493.0,456.1,487.0,4.73,18998.0,701.7,311.5
SLI,12/26/2021,486.0,535.7,484.0,535.7,10.0,53959.0,701.7,311.5
SLI,12/27/2021,546.4,575.0,516.1,518.1,-3.29,57000.0,701.7,311.5
SLI,12/28/2021,507.8,518.5,500.0,513.0,-0.98,11579.0,701.7,311.5
SLI,12/29/2021,513.0,520.0,506.0,515.0,0.39,9993.0,701.7,311.5
SLI,1/2/2022,510.0,528.3,504.7,525.0,1.94,16952.0,701.7,311.5
SLI,1/3/2022,515.0,540.0,515.0,529.0,0.76,19641.0,701.7,311.5
SLI,1/4/2022,539.0,539.0,519.0,531.1,0.4,15704.0,701.7,311.5
SLI,1/5/2022,531.0,537.9,525.1,528.0,-0.58,17620.0,701.7,311.5
SLI,1/6/2022,520.1,530.0,516.2,528.0,0.0,18240.0,701.7,311.5
SLI,1/9/2022,525.0,541.4,525.0,540.0,2.27,29322.0,701.7,311.5
SLI,1/10/2022,549.8,549.9,532.0,541.0,0.19,20822.0,701.7,311.5
SLI,1/11/2022,535.0,581.0,535.0,569.0,5.18,71630.0,701.7,311.5
SLI,1/12/2022,557.7,572.0,550.1,557.0,-2.11,26093.0,701.7,311.5
SLI,1/13/2022,568.0,568.0,550.0,566.0,1.62,26846.0,701.7,311.5
SLI,1/16/2022,565.0,587.0,565.0,572.3,1.11,33327.0,701.7,311.5
SLI,1/17/2022,563.0,575.0,563.0,568.1,-0.73,22447.0,701.7,311.5
SLI,1/18/2022,557.1,575.0,550.0,555.0,-2.31,30639.0,701.7,311.5
SLI,1/19/2022,561.0,566.0,545.0,545.9,-1.64,23626.0,701.7,311.5
SLI,1/20/2022,535.0,566.0,535.0,559.9,2.56,28580.0,701.7,311.5
SLI,1/23/2022,560.0,603.0,560.0,596.0,6.45,134927.0,701.7,311.5
SLI,1/24/2022,599.0,605.0,574.2,577.0,-3.19,83702.0,701.7,311.5
SLI,1/25/2022,577.0,590.0,566.0,575.0,-0.35,31687.0,701.7,311.5
SLI,1/26/2022,564.2,575.0,558.0,562.0,-2.26,25277.0,701.7,311.5
SLI,1/27/2022,557.0,573.0,557.0,559.0,-0.53,14808.0,701.7,311.5
SLI,1/30/2022,565.0,598.0,565.0,580.1,3.77,25686.0,701.7,311.5
SLI,1/31/2022,580.1,582.0,570.4,573.0,-1.22,23045.0,701.7,311.5
SLI,2/1/2022,573.0,583.9,562.3,570.0,-0.52,23215.0,701.7,311.5
SLI,2/3/2022,560.0,598.0,560.0,577.0,1.23,54574.0,701.7,311.5
SLI,2/6/2022,565.5,580.0,565.5,573.1,-0.68,17750.0,701.7,311.5
SLI,2/7/2022,575.0,609.0,570.0,602.0,5.04,85614.0,701.7,311.5
SLI,2/8/2022,602.0,614.0,585.0,594.0,-1.33,55237.0,701.7,311.5
SLI,2/9/2022,600.0,604.0,580.2,583.1,-1.84,15263.0,701.7,311.5
SLI,2/10/2022,572.1,593.0,572.1,587.3,0.72,23931.0,701.7,311.5
SLI,2/13/2022,583.0,583.9,560.0,574.0,-2.26,38447.0,701.7,311.5
SLI,2/14/2022,565.0,580.0,565.0,572.8,-0.21,18619.0,701.7,311.5
SLI,2/15/2022,562.0,583.9,562.0,574.5,0.3,10295.0,701.7,311.5
SLI,2/16/2022,574.0,585.0,560.0,576.8,0.4,17830.0,701.7,311.5
SLI,2/17/2022,576.0,580.0,566.0,573.0,-0.66,10930.0,701.7,311.5
SLI,2/20/2022,561.6,568.0,551.0,564.2,-1.54,12004.0,701.7,311.5
SLI,2/21/2022,575.0,575.0,555.5,561.0,-0.57,10483.0,701.7,311.5
SLI,2/22/2022,561.0,574.5,561.0,568.0,1.25,16194.0,701.7,311.5
SLI,2/23/2022,560.0,568.0,556.0,559.0,-1.58,11682.0,701.7,311.5
SLI,2/24/2022,548.0,558.0,545.0,545.0,-2.5,17710.0,701.7,311.5
SLI,2/27/2022,535.2,550.0,535.2,540.4,-0.84,9697.0,701.7,311.5
SLI,2/28/2022,540.0,551.0,530.2,530.5,-1.83,9364.0,701.7,311.5
SLI,3/2/2022,520.0,525.0,515.0,519.0,-2.17,11287.0,701.7,311.5
SLI,3/6/2022,512.0,529.3,512.0,515.2,-0.73,7507.0,701.7,311.5
SLI,3/7/2022,506.0,517.0,506.0,514.0,-0.23,9124.0,701.7,311.5
SLI,3/9/2022,505.0,520.0,500.0,507.0,-1.36,13948.0,701.7,311.5
SLI,3/10/2022,516.0,526.0,490.0,515.0,1.58,16330.0,701.7,311.5
SLI,3/13/2022,525.0,566.5,516.0,566.5,10.0,53529.0,701.7,311.5
SLI,3/14/2022,575.0,588.0,557.0,572.0,0.97,14268.0,701.7,311.5
SLI,3/15/2022,583.0,588.0,555.0,570.2,-0.31,15286.0,701.7,311.5
SLI,3/16/2022,561.0,586.5,561.0,575.0,0.84,12356.0,701.7,311.5
SLI,3/20/2022,570.0,580.0,559.0,564.0,-1.91,12883.0,701.7,311.5
SLI,3/21/2022,553.1,565.0,552.1,565.0,0.18,11383.0,701.7,311.5
SLI,3/22/2022,553.7,573.0,553.7,565.0,0.0,13773.0,701.7,311.5
SLI,3/23/2022,553.7,578.0,553.7,564.9,-0.02,14421.0,701.7,311.5
SLI,3/24/2022,565.0,601.0,555.0,592.0,4.8,77783.0,701.7,311.5
SLI,3/27/2022,603.0,651.2,603.0,619.0,4.56,187953.0,701.7,311.5
SLI,3/28/2022,620.0,630.0,590.0,591.0,-4.52,43256.0,701.7,311.5
SLI,3/29/2022,600.0,602.0,581.0,590.0,-0.17,17132.0,701.7,311.5
SLI,3/30/2022,585.0,607.0,578.2,603.0,2.2,24507.0,701.7,311.5
SLI,3/31/2022,600.0,604.0,591.3,594.0,-1.49,15569.0,701.7,311.5
SLI,4/3/2022,584.1,599.0,584.1,589.0,-0.84,7942.0,701.7,311.5
SLI,4/4/2022,580.0,587.0,574.0,575.0,-2.38,23192.0,701.7,311.5
SLI,4/5/2022,570.0,570.0,550.0,558.0,-2.96,21922.0,701.7,311.5
SLI,4/6/2022,550.0,565.0,539.1,558.0,0.0,19393.0,701.7,311.5
SLI,4/7/2022,550.0,580.0,550.0,569.0,1.97,14870.0,701.7,311.5
SLI,4/11/2022,570.0,580.0,550.0,559.0,-1.76,22631.0,701.7,311.5
SLI,4/12/2022,548.0,555.0,536.0,542.0,-3.04,9587.0,701.7,311.5
SLI,4/13/2022,532.2,550.8,525.4,538.0,-0.74,10480.0,701.7,311.5
SLI,4/17/2022,538.0,538.0,522.2,528.0,-1.86,10521.0,701.7,311.5
SLI,4/18/2022,519.0,523.3,506.0,506.1,-4.15,10558.0,701.7,311.5
SLI,4/19/2022,515.0,518.0,495.0,518.0,2.35,8860.0,701.7,311.5
SLI,4/20/2022,508.0,520.2,496.0,505.0,-2.51,10671.0,701.7,311.5
SLI,4/21/2022,505.0,515.0,488.0,505.9,0.18,9422.0,701.7,311.5
SLI,4/24/2022,505.0,538.0,505.0,527.1,4.19,13228.0,701.7,311.5
SLI,4/25/2022,526.0,537.0,510.0,520.0,-1.35,11555.0,701.7,311.5
SLI,4/26/2022,530.0,530.0,507.2,508.6,-2.19,7137.0,701.7,311.5
SLI,4/27/2022,510.0,528.0,501.2,510.0,0.28,6874.0,701.7,311.5
SLI,4/28/2022,502.1,516.0,500.1,503.0,-1.37,7475.0,701.7,311.5
SLI,5/2/2022,512.0,513.0,482.0,484.1,-3.76,11395.0,701.7,311.5
SLI,5/4/2022,475.0,488.0,468.0,475.0,-1.88,11120.0,701.7,311.5
SLI,5/5/2022,465.6,478.0,449.6,455.0,-4.21,20534.0,701.7,311.5
SLI,5/8/2022,446.0,454.0,431.4,448.8,-1.36,18519.0,701.7,311.5
SLI,5/9/2022,445.0,457.0,440.0,446.0,-0.62,6988.0,701.7,311.5
SLI,5/10/2022,441.0,456.6,441.0,456.0,2.24,8079.0,701.7,311.5
SLI,5/11/2022,447.7,472.2,447.7,471.9,3.49,11557.0,701.7,311.5
SLI,5/12/2022,472.0,483.4,456.0,465.0,-1.46,20607.0,701.7,311.5
SLI,5/17/2022,455.7,456.0,430.0,431.0,-7.31,15598.0,701.7,311.5
SLI,5/18/2022,428.0,428.0,411.0,422.9,-1.88,16983.0,701.7,311.5
SLI,5/19/2022,416.0,424.0,408.1,414.0,-2.1,12356.0,701.7,311.5
SLI,5/20/2022,415.0,415.0,405.0,405.0,-2.17,5326.0,701.7,311.5
SLI,5/23/2022,397.0,407.0,388.0,393.0,-2.96,17720.0,701.7,311.5
SLI,5/24/2022,390.0,410.9,387.0,399.0,1.53,6692.0,701.7,311.5
SLI,5/25/2022,406.0,422.0,400.0,409.0,2.51,4537.0,701.7,311.5
SLI,5/26/2022,408.0,417.0,402.1,409.8,0.2,6330.0,701.7,311.5
SLI,5/27/2022,408.0,414.0,400.0,409.0,-0.2,4156.0,701.7,311.5
SLI,5/30/2022,405.0,405.0,387.1,395.0,-3.42,11776.0,701.7,311.5
SLI,5/31/2022,402.0,402.0,379.5,389.9,-1.29,9264.0,701.7,311.5
SLI,6/1/2022,394.9,396.0,374.4,389.9,0.0,7173.0,701.7,311.5
SLI,6/2/2022,397.0,397.0,378.0,386.8,-0.8,4329.0,701.7,311.5
SLI,6/3/2022,380.0,385.0,370.0,375.0,-3.05,6084.0,701.7,311.5
SLI,6/6/2022,375.0,382.0,370.0,377.9,0.77,4625.0,701.7,311.5
SLI,6/7/2022,370.5,380.0,370.5,372.0,-1.56,3700.0,701.7,311.5
SLI,6/8/2022,368.0,396.0,365.1,391.0,5.11,4835.0,701.7,311.5
SLI,6/9/2022,393.0,396.8,377.3,381.0,-2.56,5238.0,701.7,311.5
SLI,6/10/2022,375.0,388.4,368.0,383.0,0.52,2373.0,701.7,311.5
SLI,6/13/2022,390.0,390.0,375.0,378.0,-1.31,5545.0,701.7,311.5
SLI,6/14/2022,385.5,385.5,368.0,373.8,-1.11,5565.0,701.7,311.5
SLI,6/15/2022,366.5,380.0,353.0,367.0,-1.82,4730.0,701.7,311.5
SLI,6/16/2022,360.0,374.0,360.0,369.0,0.54,2689.0,701.7,311.5
SLI,6/17/2022,362.0,380.3,362.0,380.3,3.06,1365.0,701.7,311.5
SLI,6/19/2022,375.0,375.0,361.0,364.5,-4.15,2993.0,701.7,311.5
SLI,6/20/2022,358.0,358.0,341.6,350.0,-3.98,5259.0,701.7,311.5
SLI,6/21/2022,350.0,367.0,343.0,367.0,4.86,5657.0,701.7,311.5
SLI,6/22/2022,353.0,353.0,346.0,349.0,-4.9,3332.0,701.7,311.5
SLI,6/23/2022,342.3,345.0,320.0,335.5,-3.87,9392.0,701.7,311.5
SLI,6/24/2022,335.0,354.9,319.3,330.0,-1.64,3055.0,701.7,311.5
SLI,6/26/2022,325.0,363.0,325.0,363.0,10.0,7390.0,701.7,311.5
SLI,6/27/2022,365.0,370.4,341.0,360.0,-0.83,7075.0,701.7,311.5
SLI,6/28/2022,352.8,363.0,346.0,359.8,-0.06,3470.0,701.7,311.5
SLI,6/29/2022,366.0,366.0,356.0,363.0,0.89,6801.0,701.7,311.5
SLI,6/30/2022,360.0,380.0,360.0,380.0,4.68,9595.0,701.7,311.5
SLI,7/1/2022,380.0,381.4,365.0,368.0,-3.16,3324.0,701.7,311.5
SLI,7/3/2022,375.3,390.4,367.0,383.0,4.08,6169.0,701.7,311.5
SLI,7/4/2022,385.0,396.0,374.0,385.0,0.52,17466.0,701.7,311.5
SLI,7/5/2022,380.0,380.0,363.8,370.0,-3.9,9671.0,701.7,311.5
SLI,7/6/2022,365.0,375.2,358.6,365.0,-1.35,3190.0,701.7,311.5
SLI,7/7/2022,372.3,376.0,354.0,361.0,-1.1,8580.0,701.7,311.5
SLI,7/8/2022,354.0,360.0,349.0,355.0,-1.66,5640.0,701.7,311.5
SLI,7/11/2022,355.0,355.0,337.0,344.4,-2.99,5809.0,701.7,311.5
SLI,7/12/2022,349.0,349.0,336.3,345.9,0.44,3236.0,701.7,311.5
SLI,12/11/2022,339.0,339.0,326.0,328.2,-5.12,8430.0,701.7,311.5
SLI,12/12/2022,322.0,339.6,322.0,329.0,0.24,9476.0,701.7,311.5
SLI,12/13/2022,323.0,345.3,323.0,335.0,1.82,4219.0,701.7,311.5
SLI,12/14/2022,330.0,342.0,329.0,337.9,0.87,4001.0,701.7,311.5
SLI,12/15/2022,333.0,341.0,327.1,327.1,-3.2,4435.0,701.7,311.5
SLI,12/18/2022,321.0,333.5,317.2,320.0,-2.17,2610.0,701.7,311.5
SLI,12/19/2022,313.7,348.0,313.7,320.0,0.0,4203.0,701.7,311.5
SLI,12/20/2022,317.0,328.0,316.0,321.1,0.34,2792.0,701.7,311.5
SLI,12/21/2022,318.0,324.0,317.0,317.3,-1.18,6586.0,701.7,311.5
SLI,12/22/2022,317.0,322.3,311.5,316.1,-0.38,3556.0,701.7,311.5
SLI,12/26/2022,316.0,327.5,315.0,327.0,3.45,7831.0,701.7,311.5
SLI,12/27/2022,333.0,349.9,331.0,340.0,3.98,13925.0,701.7,311.5
SLI,12/28/2022,340.0,365.0,335.0,357.0,5.0,17710.0,701.7,311.5
SLI,12/29/2022,350.0,392.7,344.1,392.7,10.0,25501.0,701.7,311.5
SLI,1/1/2023,394.0,430.0,390.0,415.0,5.68,40033.0,701.7,311.5
SLI,1/2/2023,412.0,436.0,405.0,430.0,3.61,22169.0,701.7,311.5
SLI,1/3/2023,436.0,441.0,423.0,428.0,-0.47,16098.0,701.7,311.5
SLI,1/4/2023,430.0,437.5,418.0,435.0,1.64,23281.0,701.7,311.5
SLI,1/5/2023,436.0,440.1,423.0,430.0,-1.15,24474.0,701.7,311.5
SLI,1/8/2023,430.0,472.1,429.9,458.0,6.51,49213.0,701.7,311.5
SLI,1/9/2023,448.9,485.5,448.9,485.5,6.0,34802.0,701.7,311.5
SLI,1/10/2023,485.0,498.7,439.0,467.0,-3.81,34001.0,701.7,311.5
SLI,1/12/2023,465.0,481.0,435.1,439.0,-6.0,30110.0,701.7,311.5
SLI,1/17/2023,431.0,455.9,430.1,451.0,2.73,16581.0,701.7,311.5
SLI,1/18/2023,448.0,463.0,444.0,449.9,-0.24,24875.0,701.7,311.5
SLI,1/19/2023,441.1,457.0,435.2,438.3,-2.58,17216.0,701.7,311.5
SLI,1/23/2023,447.0,447.0,431.0,431.0,-1.67,22022.0,701.7,311.5
SLI,1/24/2023,422.4,432.0,422.4,430.0,-0.23,11121.0,701.7,311.5
SLI,1/25/2023,428.0,454.0,428.0,448.9,4.4,17388.0,701.7,311.5
SLI,1/26/2023,457.8,465.0,445.2,453.1,0.94,17338.0,701.7,311.5
SLI,1/29/2023,453.1,464.0,442.0,452.0,-0.24,13927.0,701.7,311.5
SLI,1/30/2023,443.1,455.0,433.0,433.3,-4.14,24733.0,701.7,311.5
SLI,1/31/2023,425.3,440.0,425.3,430.1,-0.74,14712.0,701.7,311.5
SLI,2/1/2023,422.1,436.5,422.1,436.5,1.49,11556.0,701.7,311.5
SLI,2/2/2023,427.8,433.0,422.0,425.0,-2.63,14291.0,701.7,311.5
SLI,2/5/2023,424.0,430.0,414.2,424.0,-0.24,9074.0,701.7,311.5
SLI,2/6/2023,424.0,432.0,411.5,423.0,-0.24,6419.0,701.7,311.5
SLI,2/7/2023,425.0,444.0,420.0,444.0,4.96,14540.0,701.7,311.5
SLI,2/8/2023,452.8,453.9,433.7,439.0,-1.13,13578.0,701.7,311.5
SLI,2/9/2023,430.3,446.8,421.7,437.0,-0.46,9238.0,701.7,311.5
SLI,2/12/2023,428.3,430.0,417.8,418.0,-4.35,16128.0,701.7,311.5
SLI,2/14/2023,415.0,425.0,410.0,418.1,0.02,9934.0,701.7,311.5
SLI,2/15/2023,410.0,425.0,410.0,415.5,-0.62,8796.0,701.7,311.5
SLI,2/16/2023,407.2,415.0,405.0,410.0,-1.32,8828.0,701.7,311.5
SLI,2/20/2023,410.0,410.0,402.1,402.3,-1.88,6741.0,701.7,311.5
SLI,2/22/2023,397.1,415.0,397.1,413.0,2.66,4401.0,701.7,311.5
SLI,2/23/2023,405.0,413.0,396.9,410.0,-0.73,9272.0,701.7,311.5
SLI,2/26/2023,401.8,410.0,393.8,410.0,0.0,14274.0,701.7,311.5
SLI,2/27/2023,401.8,415.0,398.0,408.0,-0.49,7159.0,701.7,311.5
SLI,2/28/2023,400.0,411.3,396.0,409.7,0.42,4773.0,701.7,311.5
SLI,3/1/2023,405.0,414.0,399.0,407.0,-0.66,3855.0,701.7,311.5
SLI,3/2/2023,398.9,400.0,395.3,399.9,-1.74,7308.0,701.7,311.5
SLI,3/5/2023,399.0,408.9,389.0,396.0,-0.98,15809.0,701.7,311.5
SLI,3/7/2023,396.0,405.0,388.1,396.8,0.2,2460.0,701.7,311.5
SLI,3/9/2023,399.0,412.0,396.0,412.0,3.83,7471.0,701.7,311.5
SLI,3/12/2023,412.0,412.0,405.0,408.0,-0.97,7499.0,701.7,311.5
SLI,3/13/2023,399.9,404.0,394.1,400.8,-1.76,5002.0,701.7,311.5
SLI,3/14/2023,395.0,400.0,395.0,398.0,-0.7,2616.0,701.7,311.5
SLI,3/15/2023,392.3,402.9,392.3,399.0,0.25,2929.0,701.7,311.5
SLI,3/16/2023,391.9,405.0,391.9,402.0,0.75,4702.0,701.7,311.5
SLI,3/19/2023,394.0,405.0,388.1,403.0,0.25,5157.0,701.7,311.5
SLI,3/20/2023,398.1,405.0,393.0,402.0,-0.25,4191.0,701.7,311.5
SLI,3/22/2023,402.0,405.0,393.0,396.8,-1.29,3407.0,701.7,311.5
SLICL,6/14/2011,113.0,115.0,113.0,113.0,,170.0,1408.0,102.0
SLICL,6/15/2011,113.0,112.0,111.0,112.0,-0.88,370.0,1408.0,102.0
SLICL,6/16/2011,112.0,123.0,113.0,123.0,9.82,310.0,1408.0,102.0
SLICL,6/19/2011,123.0,129.0,125.0,129.0,4.88,180.0,1408.0,102.0
SLICL,6/20/2011,123.0,129.0,125.0,129.0,0.0,180.0,1408.0,102.0
SLICL,6/21/2011,135.0,133.0,133.0,133.0,3.1,30.0,1408.0,102.0
SLICL,6/23/2011,133.0,140.0,134.0,140.0,5.26,790.0,1408.0,102.0
SLICL,6/29/2011,140.0,133.0,129.0,129.0,-7.86,590.0,1408.0,102.0
SLICL,7/4/2011,129.0,131.0,129.0,131.0,1.55,1070.0,1408.0,102.0
SLICL,7/11/2011,131.0,129.0,129.0,129.0,-1.53,30.0,1408.0,102.0
SLICL,7/12/2011,129.0,129.0,127.0,127.0,-1.55,210.0,1408.0,102.0
SLICL,7/13/2011,127.0,130.0,128.0,128.0,0.79,620.0,1408.0,102.0
SLICL,7/14/2011,128.0,130.0,126.0,127.0,-0.78,490.0,1408.0,102.0
SLICL,7/19/2011,127.0,125.0,121.0,123.0,-3.15,400.0,1408.0,102.0
SLICL,7/20/2011,123.0,127.0,125.0,127.0,3.25,120.0,1408.0,102.0
SLICL,7/21/2011,127.0,127.0,123.0,127.0,0.0,390.0,1408.0,102.0
SLICL,7/24/2011,127.0,126.0,124.0,126.0,-0.79,670.0,1408.0,102.0
SLICL,7/26/2011,126.0,125.0,125.0,125.0,-0.79,30.0,1408.0,102.0
SLICL,7/27/2011,125.0,126.0,125.0,125.0,0.0,670.0,1408.0,102.0
SLICL,7/28/2011,125.0,125.0,125.0,125.0,0.0,520.0,1408.0,102.0
SLICL,7/31/2011,125.0,125.0,124.0,124.0,-0.8,270.0,1408.0,102.0
SLICL,8/1/2011,124.0,125.0,123.0,124.0,0.0,330.0,1408.0,102.0
SLICL,8/2/2011,124.0,123.0,121.0,123.0,-0.81,330.0,1408.0,102.0
SLICL,8/3/2011,123.0,122.0,122.0,122.0,-0.81,90.0,1408.0,102.0
SLICL,8/4/2011,122.0,120.0,120.0,120.0,-1.64,390.0,1408.0,102.0
SLICL,8/7/2011,120.0,120.0,117.0,120.0,0.0,1050.0,1408.0,102.0
SLICL,8/8/2011,120.0,120.0,116.0,118.0,-1.67,340.0,1408.0,102.0
SLICL,8/9/2011,118.0,120.0,117.0,120.0,1.69,760.0,1408.0,102.0
SLICL,8/10/2011,120.0,124.0,121.0,124.0,3.33,190.0,1408.0,102.0
SLICL,8/11/2011,124.0,123.0,122.0,122.0,-1.61,380.0,1408.0,102.0
SLICL,8/15/2011,122.0,125.0,121.0,125.0,2.46,260.0,1408.0,102.0
SLICL,8/16/2011,125.0,123.0,123.0,123.0,-1.6,160.0,1408.0,102.0
SLICL,8/17/2011,123.0,123.0,123.0,123.0,0.0,410.0,1408.0,102.0
SLICL,8/22/2011,123.0,121.0,121.0,121.0,-1.63,640.0,1408.0,102.0
SLICL,8/23/2011,121.0,120.0,120.0,120.0,-0.83,550.0,1408.0,102.0
SLICL,8/25/2011,120.0,120.0,116.0,120.0,0.0,1110.0,1408.0,102.0
SLICL,8/28/2011,120.0,120.0,116.0,116.0,-3.33,3710.0,1408.0,102.0
SLICL,9/1/2011,116.0,114.0,114.0,114.0,-1.72,70.0,1408.0,102.0
SLICL,9/4/2011,114.0,116.0,114.0,114.0,0.0,820.0,1408.0,102.0
SLICL,9/5/2011,114.0,116.0,115.0,115.0,0.88,700.0,1408.0,102.0
SLICL,9/6/2011,115.0,118.0,115.0,118.0,2.61,1050.0,1408.0,102.0
SLICL,9/7/2011,118.0,117.0,116.0,117.0,-0.85,540.0,1408.0,102.0
SLICL,9/8/2011,117.0,117.0,116.0,117.0,0.0,1000.0,1408.0,102.0
SLICL,9/12/2011,117.0,117.0,115.0,117.0,0.0,240.0,1408.0,102.0
SLICL,9/14/2011,117.0,117.0,117.0,117.0,0.0,160.0,1408.0,102.0
SLICL,9/15/2011,117.0,115.0,115.0,115.0,-1.71,180.0,1408.0,102.0
SLICL,9/18/2011,115.0,115.0,114.0,114.0,-0.87,180.0,1408.0,102.0
SLICL,9/19/2011,114.0,113.0,112.0,113.0,-0.88,170.0,1408.0,102.0
SLICL,9/20/2011,113.0,115.0,112.0,112.0,-0.88,390.0,1408.0,102.0
SLICL,9/21/2011,112.0,112.0,111.0,112.0,0.0,170.0,1408.0,102.0
SLICL,9/22/2011,112.0,114.0,112.0,114.0,1.79,60.0,1408.0,102.0
SLICL,9/25/2011,114.0,115.0,115.0,115.0,0.88,210.0,1408.0,102.0
SLICL,9/26/2011,115.0,118.0,116.0,118.0,2.61,300.0,1408.0,102.0
SLICL,9/27/2011,118.0,117.0,117.0,117.0,-0.85,90.0,1408.0,102.0
SLICL,9/29/2011,117.0,117.0,117.0,117.0,0.0,150.0,1408.0,102.0
SLICL,10/9/2011,117.0,115.0,115.0,115.0,-1.71,30.0,1408.0,102.0
SLICL,10/10/2011,115.0,118.0,116.0,118.0,2.61,60.0,1408.0,102.0
SLICL,10/12/2011,118.0,118.0,118.0,118.0,0.0,150.0,1408.0,102.0
SLICL,10/13/2011,118.0,118.0,116.0,116.0,-1.69,140.0,1408.0,102.0
SLICL,10/17/2011,116.0,116.0,116.0,116.0,0.0,60.0,1408.0,102.0
SLICL,10/18/2011,116.0,118.0,116.0,116.0,0.0,120.0,1408.0,102.0
SLICL,10/19/2011,116.0,117.0,115.0,117.0,0.86,450.0,1408.0,102.0
SLICL,10/20/2011,117.0,116.0,114.0,114.0,-2.56,180.0,1408.0,102.0
SLICL,10/23/2011,114.0,115.0,113.0,113.0,-0.88,390.0,1408.0,102.0
SLICL,10/24/2011,113.0,114.0,111.0,112.0,-0.88,440.0,1408.0,102.0
SLICL,10/25/2011,112.0,114.0,112.0,114.0,1.79,540.0,1408.0,102.0
SLICL,10/30/2011,114.0,116.0,112.0,112.0,-1.75,1420.0,1408.0,102.0
SLICL,10/31/2011,112.0,119.0,114.0,119.0,6.25,560.0,1408.0,102.0
SLICL,11/2/2011,119.0,129.0,121.0,129.0,8.4,170.0,1408.0,102.0
SLICL,11/3/2011,129.0,127.0,125.0,125.0,-3.1,80.0,1408.0,102.0
SLICL,11/6/2011,125.0,123.0,123.0,123.0,-1.6,270.0,1408.0,102.0
SLICL,11/8/2011,123.0,121.0,121.0,121.0,-1.63,150.0,1408.0,102.0
SLICL,11/9/2011,121.0,120.0,117.0,120.0,-0.83,290.0,1408.0,102.0
SLICL,11/13/2011,120.0,118.0,115.0,115.0,-4.17,720.0,1408.0,102.0
SLICL,11/14/2011,115.0,114.0,114.0,114.0,-0.87,60.0,1408.0,102.0
SLICL,11/15/2011,114.0,114.0,112.0,114.0,0.0,630.0,1408.0,102.0
SLICL,11/17/2011,114.0,114.0,114.0,114.0,0.0,80.0,1408.0,102.0
SLICL,11/20/2011,114.0,114.0,110.0,110.0,-3.51,730.0,1408.0,102.0
SLICL,11/21/2011,110.0,111.0,109.0,111.0,0.91,360.0,1408.0,102.0
SLICL,11/23/2011,111.0,114.0,112.0,114.0,2.7,720.0,1408.0,102.0
SLICL,11/24/2011,114.0,115.0,113.0,115.0,0.88,1160.0,1408.0,102.0
SLICL,11/27/2011,115.0,113.0,113.0,113.0,-1.74,40.0,1408.0,102.0
SLICL,12/1/2011,114.0,115.0,115.0,115.0,1.77,340.0,1408.0,102.0
SLICL,12/5/2011,115.0,113.0,113.0,113.0,-1.74,60.0,1408.0,102.0
SLICL,12/6/2011,113.0,111.0,109.0,109.0,-3.54,130.0,1408.0,102.0
SLICL,12/11/2011,109.0,111.0,111.0,111.0,1.83,30.0,1408.0,102.0
SLICL,12/12/2011,111.0,112.0,110.0,110.0,-0.9,210.0,1408.0,102.0
SLICL,12/13/2011,110.0,110.0,107.0,107.0,-2.73,430.0,1408.0,102.0
SLICL,12/14/2011,107.0,110.0,109.0,110.0,2.8,60.0,1408.0,102.0
SLICL,12/15/2011,110.0,111.0,108.0,109.0,-0.91,840.0,1408.0,102.0
SLICL,12/18/2011,109.0,110.0,108.0,108.0,-0.92,230.0,1408.0,102.0
SLICL,12/19/2011,108.0,107.0,107.0,107.0,-0.93,60.0,1408.0,102.0
SLICL,12/20/2011,107.0,108.0,106.0,108.0,0.93,80.0,1408.0,102.0
SLICL,12/21/2011,108.0,109.0,108.0,108.0,0.0,190.0,1408.0,102.0
SLICL,12/22/2011,108.0,111.0,110.0,111.0,2.78,210.0,1408.0,102.0
SLICL,1/2/2012,111.0,109.0,108.0,108.0,-2.7,210.0,1408.0,102.0
SLICL,1/3/2012,108.0,112.0,109.0,112.0,3.7,380.0,1408.0,102.0
SLICL,1/5/2012,112.0,110.0,108.0,108.0,-3.57,510.0,1408.0,102.0
SLICL,1/9/2012,108.0,106.0,106.0,106.0,-1.85,30.0,1408.0,102.0
SLICL,1/10/2012,108.0,109.0,104.0,109.0,2.83,1440.0,1408.0,102.0
SLICL,1/12/2012,109.0,110.0,109.0,110.0,0.92,300.0,1408.0,102.0
SLICL,1/16/2012,110.0,110.0,107.0,109.0,-0.91,1060.0,1408.0,102.0
SLICL,1/19/2012,109.0,110.0,110.0,110.0,0.92,30.0,1408.0,102.0
SLICL,1/22/2012,110.0,110.0,108.0,108.0,-1.82,430.0,1408.0,102.0
SLICL,1/23/2012,108.0,107.0,102.0,105.0,-2.78,210.0,1408.0,102.0
SLICL,1/25/2012,105.0,107.0,106.0,107.0,1.9,350.0,1408.0,102.0
SLICL,1/26/2012,107.0,109.0,106.0,107.0,0.0,1100.0,1408.0,102.0
SLICL,1/29/2012,107.0,107.0,106.0,106.0,-0.93,760.0,1408.0,102.0
SLICL,1/31/2012,106.0,106.0,106.0,106.0,0.0,130.0,1408.0,102.0
SLICL,2/1/2012,106.0,108.0,106.0,106.0,0.0,390.0,1408.0,102.0
SLICL,2/2/2012,106.0,106.0,105.0,106.0,0.0,270.0,1408.0,102.0
SLICL,2/5/2012,106.0,108.0,106.0,106.0,0.0,270.0,1408.0,102.0
SLICL,2/6/2012,106.0,106.0,106.0,106.0,0.0,1390.0,1408.0,102.0
SLICL,2/7/2012,106.0,108.0,108.0,108.0,1.89,140.0,1408.0,102.0
SLICL,2/8/2012,108.0,116.0,110.0,111.0,2.78,1000.0,1408.0,102.0
SLICL,2/9/2012,111.0,112.0,111.0,112.0,0.9,340.0,1408.0,102.0
SLICL,2/12/2012,112.0,116.0,114.0,116.0,3.57,60.0,1408.0,102.0
SLICL,2/13/2012,116.0,118.0,105.0,107.0,-7.76,2070.0,1408.0,102.0
SLICL,2/14/2012,107.0,110.0,108.0,110.0,2.8,330.0,1408.0,102.0
SLICL,2/15/2012,110.0,112.0,110.0,110.0,0.0,180.0,1408.0,102.0
SLICL,2/16/2012,110.0,109.0,108.0,108.0,-1.82,490.0,1408.0,102.0
SLICL,2/21/2012,108.0,112.0,108.0,112.0,3.7,1430.0,1408.0,102.0
SLICL,2/23/2012,112.0,110.0,109.0,110.0,-1.79,450.0,1408.0,102.0
SLICL,2/26/2012,110.0,110.0,108.0,110.0,0.0,360.0,1408.0,102.0
SLICL,2/27/2012,110.0,110.0,108.0,110.0,0.0,280.0,1408.0,102.0
SLICL,2/28/2012,110.0,111.0,111.0,111.0,0.91,1240.0,1408.0,102.0
SLICL,2/29/2012,111.0,111.0,110.0,110.0,-0.9,600.0,1408.0,102.0
SLICL,3/1/2012,110.0,110.0,110.0,110.0,0.0,540.0,1408.0,102.0
SLICL,3/5/2012,110.0,112.0,110.0,110.0,0.0,90.0,1408.0,102.0
SLICL,3/6/2012,110.0,110.0,110.0,110.0,0.0,90.0,1408.0,102.0
SLICL,3/11/2012,110.0,110.0,110.0,110.0,0.0,220.0,1408.0,102.0
SLICL,3/12/2012,110.0,111.0,110.0,110.0,0.0,180.0,1408.0,102.0
SLICL,3/13/2012,110.0,109.0,108.0,109.0,-0.91,250.0,1408.0,102.0
SLICL,3/14/2012,109.0,109.0,109.0,109.0,0.0,600.0,1408.0,102.0
SLICL,3/15/2012,109.0,111.0,109.0,111.0,1.83,160.0,1408.0,102.0
SLICL,3/18/2012,111.0,112.0,109.0,110.0,-0.9,2770.0,1408.0,102.0
SLICL,3/19/2012,110.0,110.0,110.0,110.0,0.0,200.0,1408.0,102.0
SLICL,3/20/2012,110.0,110.0,109.0,110.0,0.0,310.0,1408.0,102.0
SLICL,3/21/2012,110.0,112.0,110.0,112.0,1.82,1510.0,1408.0,102.0
SLICL,3/25/2012,112.0,113.0,112.0,113.0,0.89,1150.0,1408.0,102.0
SLICL,3/26/2012,113.0,111.0,111.0,111.0,-1.77,120.0,1408.0,102.0
SLICL,3/27/2012,111.0,111.0,111.0,111.0,0.0,70.0,1408.0,102.0
SLICL,3/28/2012,111.0,114.0,110.0,110.0,-0.9,360.0,1408.0,102.0
SLICL,3/29/2012,110.0,114.0,106.0,110.0,0.0,1660.0,1408.0,102.0
SLICL,4/1/2012,110.0,112.0,110.0,110.0,0.0,390.0,1408.0,102.0
SLICL,4/2/2012,110.0,112.0,112.0,112.0,1.82,30.0,1408.0,102.0
SLICL,4/3/2012,112.0,112.0,112.0,112.0,0.0,520.0,1408.0,102.0
SLICL,4/4/2012,112.0,112.0,112.0,112.0,0.0,490.0,1408.0,102.0
SLICL,4/5/2012,112.0,113.0,112.0,112.0,0.0,400.0,1408.0,102.0
SLICL,4/8/2012,112.0,112.0,112.0,112.0,0.0,60.0,1408.0,102.0
SLICL,4/9/2012,112.0,112.0,112.0,112.0,0.0,170.0,1408.0,102.0
SLICL,4/11/2012,112.0,114.0,114.0,114.0,1.79,80.0,1408.0,102.0
SLICL,4/12/2012,114.0,115.0,112.0,112.0,-1.75,1300.0,1408.0,102.0
SLICL,4/18/2012,112.0,114.0,114.0,114.0,1.79,30.0,1408.0,102.0
SLICL,4/19/2012,114.0,112.0,112.0,112.0,-1.75,80.0,1408.0,102.0
SLICL,4/22/2012,112.0,118.0,114.0,118.0,5.36,260.0,1408.0,102.0
SLICL,4/24/2012,118.0,120.0,120.0,120.0,1.69,60.0,1408.0,102.0
SLICL,4/25/2012,120.0,122.0,122.0,122.0,1.67,30.0,1408.0,102.0
SLICL,4/26/2012,122.0,134.0,128.0,134.0,9.84,260.0,1408.0,102.0
SLICL,4/29/2012,134.0,136.0,134.0,136.0,1.49,690.0,1408.0,102.0
SLICL,4/30/2012,136.0,140.0,134.0,140.0,2.94,320.0,1408.0,102.0
SLICL,5/2/2012,140.0,142.0,142.0,142.0,1.43,60.0,1408.0,102.0
SLICL,5/7/2012,142.0,144.0,144.0,144.0,1.41,2000.0,1408.0,102.0
SLICL,5/10/2012,144.0,142.0,142.0,142.0,-1.39,280.0,1408.0,102.0
SLICL,5/15/2012,142.0,140.0,140.0,140.0,-1.41,500.0,1408.0,102.0
SLICL,6/12/2012,140.0,140.0,140.0,140.0,0.0,30.0,1408.0,102.0
SLICL,6/14/2012,140.0,140.0,140.0,140.0,0.0,120.0,1408.0,102.0
SLICL,7/18/2012,140.0,135.0,133.0,133.0,-5.0,290.0,1408.0,102.0
SLICL,8/7/2012,133.0,131.0,120.0,120.0,-9.77,2540.0,1408.0,102.0
SLICL,8/8/2012,120.0,118.0,115.0,116.0,-3.33,1360.0,1408.0,102.0
SLICL,8/12/2012,116.0,118.0,112.0,115.0,-0.86,2810.0,1408.0,102.0
SLICL,8/13/2012,115.0,115.0,114.0,115.0,0.0,340.0,1408.0,102.0
SLICL,8/14/2012,115.0,116.0,115.0,115.0,0.0,2170.0,1408.0,102.0
SLICL,8/15/2012,115.0,119.0,113.0,118.0,2.61,1300.0,1408.0,102.0
SLICL,8/16/2012,118.0,120.0,115.0,120.0,1.69,1560.0,1408.0,102.0
SLICL,8/19/2012,120.0,119.0,117.0,117.0,-2.5,420.0,1408.0,102.0
SLICL,8/21/2012,117.0,116.0,113.0,116.0,-0.85,400.0,1408.0,102.0
SLICL,8/22/2012,116.0,126.0,115.0,126.0,8.62,780.0,1408.0,102.0
SLICL,8/23/2012,126.0,128.0,116.0,117.0,-7.14,870.0,1408.0,102.0
SLICL,8/26/2012,117.0,120.0,115.0,120.0,2.56,600.0,1408.0,102.0
SLICL,8/27/2012,120.0,121.0,118.0,119.0,-0.83,390.0,1408.0,102.0
SLICL,8/28/2012,119.0,130.0,121.0,130.0,9.24,2170.0,1408.0,102.0
SLICL,8/29/2012,130.0,140.0,130.0,140.0,7.69,1940.0,1408.0,102.0
SLICL,8/30/2012,140.0,140.0,138.0,138.0,-1.43,650.0,1408.0,102.0
SLICL,9/2/2012,138.0,137.0,133.0,133.0,-3.62,2170.0,1408.0,102.0
SLICL,9/3/2012,133.0,137.0,133.0,135.0,1.5,2880.0,1408.0,102.0
SLICL,9/4/2012,135.0,134.0,132.0,134.0,-0.74,3100.0,1408.0,102.0
SLICL,9/5/2012,134.0,137.0,133.0,137.0,2.24,1410.0,1408.0,102.0
SLICL,9/6/2012,137.0,147.0,139.0,143.0,4.38,3210.0,1408.0,102.0
SLICL,9/9/2012,143.0,153.0,141.0,150.0,4.9,7770.0,1408.0,102.0
SLICL,9/10/2012,150.0,150.0,146.0,146.0,-2.67,820.0,1408.0,102.0
SLICL,9/11/2012,146.0,153.0,148.0,150.0,2.74,11070.0,1408.0,102.0
SLICL,9/12/2012,150.0,147.0,145.0,145.0,-3.33,260.0,1408.0,102.0
SLICL,9/13/2012,145.0,154.0,145.0,145.0,0.0,830.0,1408.0,102.0
SLICL,9/16/2012,145.0,143.0,141.0,142.0,-2.07,330.0,1408.0,102.0
SLICL,9/17/2012,142.0,142.0,140.0,141.0,-0.7,1010.0,1408.0,102.0
SLICL,9/18/2012,141.0,150.0,137.0,142.0,0.71,1090.0,1408.0,102.0
SLICL,9/19/2012,142.0,144.0,140.0,142.0,0.0,3700.0,1408.0,102.0
SLICL,9/20/2012,142.0,142.0,141.0,141.0,-0.7,950.0,1408.0,102.0
SLICL,9/23/2012,141.0,143.0,140.0,141.0,0.0,700.0,1408.0,102.0
SLICL,9/24/2012,141.0,141.0,140.0,141.0,0.0,300.0,1408.0,102.0
SLICL,9/25/2012,141.0,140.0,139.0,139.0,-1.42,990.0,1408.0,102.0
SLICL,9/26/2012,139.0,145.0,139.0,145.0,4.32,1380.0,1408.0,102.0
SLICL,9/30/2012,150.0,149.0,145.0,145.0,0.0,360.0,1408.0,102.0
SLICL,10/1/2012,145.0,150.0,144.0,144.0,-0.69,1290.0,1408.0,102.0
SLICL,10/2/2012,144.0,158.0,144.0,155.0,7.64,2320.0,1408.0,102.0
SLICL,10/3/2012,155.0,164.0,152.0,155.0,0.0,1700.0,1408.0,102.0
SLICL,10/4/2012,155.0,169.0,155.0,169.0,9.03,2690.0,1408.0,102.0
SLICL,10/7/2012,169.0,185.0,172.0,180.0,6.51,35380.0,1408.0,102.0
SLICL,10/8/2012,180.0,177.0,177.0,177.0,-1.67,30.0,1408.0,102.0
SLICL,10/14/2012,177.0,174.0,166.0,166.0,-6.21,910.0,1408.0,102.0
SLICL,10/15/2012,166.0,172.0,160.0,169.0,1.81,9030.0,1408.0,102.0
SLICL,10/17/2012,169.0,176.0,162.0,176.0,4.14,2310.0,1408.0,102.0
SLICL,10/18/2012,176.0,182.0,176.0,178.0,1.14,3790.0,1408.0,102.0
SLICL,10/30/2012,178.0,190.0,181.0,190.0,6.74,120.0,1408.0,102.0
SLICL,10/31/2012,190.0,199.0,190.0,199.0,4.74,120.0,1408.0,102.0
SLICL,11/1/2012,199.0,196.0,193.0,196.0,-1.51,90.0,1408.0,102.0
SLICL,11/5/2012,196.0,193.0,179.0,179.0,-8.67,550.0,1408.0,102.0
SLICL,11/6/2012,179.0,178.0,173.0,174.0,-2.79,1060.0,1408.0,102.0
SLICL,11/7/2012,174.0,178.0,165.0,176.0,1.15,1730.0,1408.0,102.0
SLICL,11/8/2012,176.0,173.0,171.0,171.0,-2.84,720.0,1408.0,102.0
SLICL,11/11/2012,171.0,168.0,160.0,162.0,-5.26,880.0,1408.0,102.0
SLICL,11/12/2012,162.0,163.0,159.0,163.0,0.62,610.0,1408.0,102.0
SLICL,11/18/2012,163.0,163.0,160.0,163.0,0.0,180.0,1408.0,102.0
SLICL,11/20/2012,163.0,166.0,162.0,162.0,-0.61,470.0,1408.0,102.0
SLICL,11/21/2012,162.0,165.0,160.0,165.0,1.85,360.0,1408.0,102.0
SLICL,11/25/2012,165.0,168.0,168.0,168.0,1.82,490.0,1408.0,102.0
SLICL,11/26/2012,168.0,167.0,165.0,167.0,-0.6,240.0,1408.0,102.0
SLICL,11/27/2012,167.0,167.0,158.0,158.0,-5.39,480.0,1408.0,102.0
SLICL,11/28/2012,158.0,158.0,147.0,147.0,-6.96,260.0,1408.0,102.0
SLICL,11/29/2012,147.0,149.0,147.0,149.0,1.36,560.0,1408.0,102.0
SLICL,12/4/2012,149.0,163.0,151.0,163.0,9.4,550.0,1408.0,102.0
SLICL,12/5/2012,163.0,178.0,166.0,170.0,4.29,830.0,1408.0,102.0
SLICL,12/6/2012,170.0,187.0,164.0,187.0,10.0,1630.0,1408.0,102.0
SLICL,12/20/2012,187.0,190.0,190.0,190.0,1.6,20.0,1408.0,102.0
SLICL,12/23/2012,190.0,187.0,171.0,171.0,-10.0,810.0,1408.0,102.0
SLICL,12/24/2012,171.0,168.0,156.0,156.0,-8.77,2370.0,1408.0,102.0
SLICL,12/26/2012,156.0,159.0,153.0,158.0,1.28,890.0,1408.0,102.0
SLICL,12/27/2012,158.0,157.0,153.0,154.0,-2.53,1540.0,1408.0,102.0
SLICL,12/31/2012,154.0,157.0,151.0,152.0,-1.3,2520.0,1408.0,102.0
SLICL,1/1/2013,152.0,157.0,150.0,157.0,3.29,430.0,1408.0,102.0
SLICL,1/2/2013,157.0,160.0,155.0,159.0,1.27,2030.0,1408.0,102.0
SLICL,1/3/2013,159.0,160.0,157.0,160.0,0.63,820.0,1408.0,102.0
SLICL,1/6/2013,160.0,159.0,155.0,157.0,-1.88,1360.0,1408.0,102.0
SLICL,1/7/2013,157.0,158.0,154.0,158.0,0.64,900.0,1408.0,102.0
SLICL,1/8/2013,158.0,160.0,158.0,160.0,1.27,310.0,1408.0,102.0
SLICL,1/9/2013,160.0,176.0,161.0,165.0,3.12,4220.0,1408.0,102.0
SLICL,1/10/2013,165.0,170.0,163.0,166.0,0.61,2290.0,1408.0,102.0
SLICL,1/13/2013,166.0,169.0,165.0,166.0,0.0,1030.0,1408.0,102.0
SLICL,1/15/2013,166.0,169.0,165.0,166.0,0.0,1130.0,1408.0,102.0
SLICL,1/16/2013,166.0,169.0,166.0,169.0,1.81,480.0,1408.0,102.0
SLICL,1/17/2013,169.0,170.0,170.0,170.0,0.59,30.0,1408.0,102.0
SLICL,1/20/2013,170.0,167.0,163.0,163.0,-4.12,2070.0,1408.0,102.0
SLICL,1/21/2013,163.0,167.0,164.0,167.0,2.45,3630.0,1408.0,102.0
SLICL,1/22/2013,167.0,166.0,164.0,165.0,-1.2,1100.0,1408.0,102.0
SLICL,1/23/2013,165.0,168.0,160.0,168.0,1.82,860.0,1408.0,102.0
SLICL,1/24/2013,168.0,167.0,164.0,165.0,-1.79,1520.0,1408.0,102.0
SLICL,1/27/2013,165.0,165.0,164.0,164.0,-0.61,1460.0,1408.0,102.0
SLICL,1/28/2013,164.0,164.0,158.0,164.0,0.0,560.0,1408.0,102.0
SLICL,1/30/2013,164.0,161.0,158.0,158.0,-3.66,120.0,1408.0,102.0
SLICL,1/31/2013,158.0,163.0,160.0,163.0,3.16,1230.0,1408.0,102.0
SLICL,2/3/2013,163.0,166.0,163.0,166.0,1.84,800.0,1408.0,102.0
SLICL,2/4/2013,166.0,166.0,165.0,165.0,-0.6,510.0,1408.0,102.0
SLICL,2/5/2013,165.0,164.0,162.0,164.0,-0.61,210.0,1408.0,102.0
SLICL,2/6/2013,164.0,164.0,161.0,161.0,-1.83,190.0,1408.0,102.0
SLICL,2/7/2013,161.0,160.0,158.0,159.0,-1.24,370.0,1408.0,102.0
SLICL,2/10/2013,159.0,162.0,158.0,160.0,0.63,420.0,1408.0,102.0
SLICL,2/12/2013,160.0,163.0,160.0,163.0,1.88,150.0,1408.0,102.0
SLICL,2/13/2013,163.0,163.0,160.0,163.0,0.0,130.0,1408.0,102.0
SLICL,2/14/2013,163.0,160.0,159.0,159.0,-2.45,80.0,1408.0,102.0
SLICL,2/17/2013,159.0,159.0,159.0,159.0,0.0,150.0,1408.0,102.0
SLICL,2/19/2013,159.0,174.0,162.0,171.0,7.55,320.0,1408.0,102.0
SLICL,2/20/2013,171.0,174.0,171.0,171.0,0.0,70.0,1408.0,102.0
SLICL,2/21/2013,171.0,170.0,167.0,167.0,-2.34,70.0,1408.0,102.0
SLICL,2/24/2013,167.0,164.0,161.0,162.0,-2.99,1520.0,1408.0,102.0
SLICL,2/25/2013,162.0,163.0,160.0,163.0,0.62,320.0,1408.0,102.0
SLICL,2/26/2013,163.0,170.0,165.0,166.0,1.84,670.0,1408.0,102.0
SLICL,2/27/2013,166.0,165.0,160.0,160.0,-3.61,730.0,1408.0,102.0
SLICL,2/28/2013,160.0,166.0,163.0,166.0,3.75,80.0,1408.0,102.0
SLICL,3/3/2013,166.0,177.0,169.0,177.0,6.63,2430.0,1408.0,102.0
SLICL,3/4/2013,177.0,180.0,172.0,175.0,-1.13,1470.0,1408.0,102.0
SLICL,3/5/2013,175.0,174.0,168.0,168.0,-4.0,1710.0,1408.0,102.0
SLICL,3/6/2013,168.0,168.0,166.0,167.0,-0.6,1080.0,1408.0,102.0
SLICL,3/7/2013,167.0,172.0,167.0,169.0,1.2,1490.0,1408.0,102.0
SLICL,3/11/2013,169.0,180.0,166.0,180.0,6.51,300.0,1408.0,102.0
SLICL,3/13/2013,180.0,183.0,174.0,174.0,-3.33,510.0,1408.0,102.0
SLICL,3/14/2013,174.0,185.0,177.0,179.0,2.87,250.0,1408.0,102.0
SLICL,3/17/2013,179.0,180.0,176.0,179.0,0.0,640.0,1408.0,102.0
SLICL,3/18/2013,179.0,178.0,172.0,175.0,-2.23,850.0,1408.0,102.0
SLICL,3/19/2013,175.0,188.0,176.0,188.0,7.43,850.0,1408.0,102.0
SLICL,3/20/2013,188.0,199.0,191.0,199.0,5.85,140.0,1408.0,102.0
SLICL,3/21/2013,199.0,200.0,180.0,197.0,-1.01,4200.0,1408.0,102.0
SLICL,3/28/2013,197.0,169.0,155.0,155.0,-21.32,1090.0,1408.0,102.0
SLICL,3/31/2013,155.0,152.0,149.0,151.0,-2.58,300.0,1408.0,102.0
SLICL,4/1/2013,151.0,151.0,148.0,151.0,0.0,500.0,1408.0,102.0
SLICL,4/4/2013,151.0,154.0,154.0,154.0,1.99,90.0,1408.0,102.0
SLICL,4/7/2013,154.0,162.0,152.0,162.0,5.19,2390.0,1408.0,102.0
SLICL,4/8/2013,162.0,168.0,165.0,167.0,3.09,5920.0,1408.0,102.0
SLICL,4/9/2013,167.0,168.0,165.0,165.0,-1.2,1770.0,1408.0,102.0
SLICL,4/11/2013,165.0,176.0,168.0,176.0,6.67,1400.0,1408.0,102.0
SLICL,4/15/2013,176.0,179.0,176.0,177.0,0.57,1270.0,1408.0,102.0
SLICL,4/16/2013,177.0,178.0,175.0,178.0,0.56,690.0,1408.0,102.0
SLICL,4/17/2013,178.0,190.0,178.0,190.0,6.74,760.0,1408.0,102.0
SLICL,4/18/2013,190.0,195.0,187.0,195.0,2.63,230.0,1408.0,102.0
SLICL,4/21/2013,195.0,198.0,191.0,192.0,-1.54,1240.0,1408.0,102.0
SLICL,4/23/2013,192.0,195.0,195.0,195.0,1.56,60.0,1408.0,102.0
SLICL,4/25/2013,195.0,192.0,189.0,189.0,-3.08,120.0,1408.0,102.0
SLICL,5/2/2013,189.0,186.0,178.0,178.0,-5.82,140.0,1408.0,102.0
SLICL,5/5/2013,178.0,175.0,163.0,165.0,-7.3,880.0,1408.0,102.0
SLICL,5/6/2013,165.0,165.0,165.0,165.0,0.0,60.0,1408.0,102.0
SLICL,5/7/2013,165.0,163.0,158.0,158.0,-4.24,1020.0,1408.0,102.0
SLICL,5/8/2013,158.0,156.0,152.0,155.0,-1.9,720.0,1408.0,102.0
SLICL,5/9/2013,155.0,158.0,157.0,158.0,1.94,450.0,1408.0,102.0
SLICL,5/12/2013,158.0,159.0,157.0,159.0,0.63,120.0,1408.0,102.0
SLICL,5/13/2013,159.0,160.0,160.0,160.0,0.63,230.0,1408.0,102.0
SLICL,5/14/2013,160.0,166.0,157.0,166.0,3.75,180.0,1408.0,102.0
SLICL,5/15/2013,166.0,169.0,164.0,169.0,1.81,9030.0,1408.0,102.0
SLICL,5/16/2013,169.0,172.0,170.0,172.0,1.78,1090.0,1408.0,102.0
SLICL,5/19/2013,172.0,171.0,169.0,169.0,-1.74,1320.0,1408.0,102.0
SLICL,5/20/2013,169.0,169.0,166.0,166.0,-1.78,320.0,1408.0,102.0
SLICL,5/21/2013,166.0,170.0,168.0,168.0,1.2,36030.0,1408.0,102.0
SLICL,5/22/2013,168.0,168.0,168.0,168.0,0.0,30.0,1408.0,102.0
SLICL,5/23/2013,168.0,165.0,165.0,165.0,-1.79,330.0,1408.0,102.0
SLICL,5/26/2013,165.0,161.0,160.0,160.0,-3.03,420.0,1408.0,102.0
SLICL,5/27/2013,160.0,172.0,163.0,166.0,3.75,24330.0,1408.0,102.0
SLICL,5/28/2013,166.0,169.0,167.0,169.0,1.81,1322.0,1408.0,102.0
SLICL,5/30/2013,169.0,170.0,167.0,170.0,0.59,270.0,1408.0,102.0
SLICL,6/3/2013,170.0,169.0,160.0,163.0,-4.12,284.0,1408.0,102.0
SLICL,6/4/2013,163.0,171.0,161.0,168.0,3.07,840.0,1408.0,102.0
SLICL,6/9/2013,168.0,170.0,165.0,170.0,1.19,238.0,1408.0,102.0
SLICL,6/10/2013,170.0,168.0,165.0,166.0,-2.35,1172.0,1408.0,102.0
SLICL,6/11/2013,166.0,169.0,165.0,166.0,0.0,848.0,1408.0,102.0
SLICL,6/13/2013,166.0,163.0,157.0,157.0,-5.42,136.0,1408.0,102.0
SLICL,6/16/2013,157.0,166.0,160.0,166.0,5.73,170.0,1408.0,102.0
SLICL,6/17/2013,166.0,163.0,157.0,163.0,-1.81,716.0,1408.0,102.0
SLICL,6/18/2013,163.0,166.0,160.0,163.0,0.0,209.0,1408.0,102.0
SLICL,6/19/2013,163.0,166.0,161.0,161.0,-1.23,976.0,1408.0,102.0
SLICL,6/20/2013,161.0,165.0,160.0,164.0,1.86,935.0,1408.0,102.0
SLICL,6/24/2013,164.0,162.0,161.0,162.0,-1.22,319.0,1408.0,102.0
SLICL,6/25/2013,162.0,160.0,160.0,160.0,-1.23,30.0,1408.0,102.0
SLICL,6/26/2013,160.0,168.0,162.0,165.0,3.12,20591.0,1408.0,102.0
SLICL,6/27/2013,165.0,167.0,166.0,167.0,1.21,3518.0,1408.0,102.0
SLICL,6/30/2013,167.0,164.0,160.0,161.0,-3.59,2224.0,1408.0,102.0
SLICL,7/1/2013,161.0,167.0,160.0,160.0,-0.62,4649.0,1408.0,102.0
SLICL,7/2/2013,160.0,163.0,160.0,162.0,1.25,708.0,1408.0,102.0
SLICL,7/3/2013,162.0,165.0,160.0,161.0,-0.62,428.0,1408.0,102.0
SLICL,7/4/2013,161.0,167.0,162.0,162.0,0.62,752.0,1408.0,102.0
SLICL,7/7/2013,162.0,170.0,161.0,170.0,4.94,866.0,1408.0,102.0
SLICL,7/8/2013,170.0,170.0,168.0,170.0,0.0,4238.0,1408.0,102.0
SLICL,7/9/2013,170.0,172.0,170.0,170.0,0.0,2185.0,1408.0,102.0
SLICL,7/10/2013,170.0,167.0,164.0,164.0,-3.53,297.0,1408.0,102.0
SLICL,7/11/2013,164.0,164.0,163.0,163.0,-0.61,158.0,1408.0,102.0
SLICL,7/14/2013,163.0,167.0,166.0,167.0,2.45,630.0,1408.0,102.0
SLICL,7/15/2013,167.0,173.0,164.0,166.0,-0.6,5990.0,1408.0,102.0
SLICL,7/16/2013,166.0,170.0,166.0,170.0,2.41,481.0,1408.0,102.0
SLICL,7/17/2013,170.0,172.0,167.0,172.0,1.18,379.0,1408.0,102.0
SLICL,7/18/2013,172.0,172.0,170.0,172.0,0.0,220.0,1408.0,102.0
SLICL,7/21/2013,172.0,181.0,167.0,181.0,5.23,5000.0,1408.0,102.0
SLICL,7/22/2013,181.0,190.0,184.0,190.0,4.97,30000.0,1408.0,102.0
SLICL,7/23/2013,190.0,187.0,176.0,176.0,-7.37,1352.0,1408.0,102.0
SLICL,7/24/2013,176.0,181.0,173.0,178.0,1.14,536.0,1408.0,102.0
SLICL,7/25/2013,178.0,184.0,176.0,180.0,1.12,2000.0,1408.0,102.0
SLICL,7/28/2013,180.0,198.0,181.0,198.0,10.0,2667.0,1408.0,102.0
SLICL,7/29/2013,198.0,214.0,200.0,207.0,4.55,11282.0,1408.0,102.0
SLICL,7/30/2013,207.0,207.0,200.0,203.0,-1.93,2113.0,1408.0,102.0
SLICL,7/31/2013,203.0,203.0,198.0,198.0,-2.46,601.0,1408.0,102.0
SLICL,8/1/2013,198.0,198.0,193.0,198.0,0.0,567.0,1408.0,102.0
SLICL,8/4/2013,198.0,195.0,187.0,187.0,-5.56,1024.0,1408.0,102.0
SLICL,8/5/2013,187.0,185.0,182.0,185.0,-1.07,272.0,1408.0,102.0
SLICL,8/6/2013,185.0,186.0,180.0,186.0,0.54,1136.0,1408.0,102.0
SLICL,8/7/2013,186.0,192.0,185.0,192.0,3.23,787.0,1408.0,102.0
SLICL,8/8/2013,192.0,194.0,189.0,191.0,-0.52,572.0,1408.0,102.0
SLICL,8/11/2013,191.0,193.0,189.0,190.0,-0.52,861.0,1408.0,102.0
SLICL,8/12/2013,190.0,200.0,190.0,200.0,5.26,875.0,1408.0,102.0
SLICL,8/13/2013,200.0,219.0,204.0,217.0,8.5,5224.0,1408.0,102.0
SLICL,8/14/2013,217.0,230.0,217.0,225.0,3.69,7112.0,1408.0,102.0
SLICL,8/15/2013,225.0,221.0,213.0,214.0,-4.89,922.0,1408.0,102.0
SLICL,8/18/2013,214.0,235.0,215.0,233.0,8.88,9558.0,1408.0,102.0
SLICL,8/19/2013,233.0,236.0,216.0,230.0,-1.29,13797.0,1408.0,102.0
SLICL,8/20/2013,207.0,223.0,211.0,223.0,-3.04,6276.0,1408.0,102.0
SLICL,8/25/2013,223.0,219.0,217.0,219.0,-1.79,1771.0,1408.0,102.0
SLICL,8/26/2013,219.0,215.0,205.0,208.0,-5.02,501.0,1408.0,102.0
SLICL,8/27/2013,208.0,217.0,205.0,213.0,2.4,408.0,1408.0,102.0
SLICL,8/29/2013,213.0,218.0,213.0,218.0,2.35,3268.0,1408.0,102.0
SLICL,9/1/2013,218.0,218.0,210.0,218.0,0.0,409.0,1408.0,102.0
SLICL,9/2/2013,218.0,216.0,214.0,216.0,-0.92,234.0,1408.0,102.0
SLICL,9/3/2013,216.0,216.0,213.0,215.0,-0.46,597.0,1408.0,102.0
SLICL,9/4/2013,215.0,215.0,211.0,215.0,0.0,444.0,1408.0,102.0
SLICL,9/5/2013,215.0,215.0,211.0,215.0,0.0,576.0,1408.0,102.0
SLICL,9/8/2013,215.0,211.0,211.0,211.0,-1.86,80.0,1408.0,102.0
SLICL,9/9/2013,211.0,215.0,214.0,215.0,1.9,478.0,1408.0,102.0
SLICL,9/10/2013,215.0,213.0,205.0,205.0,-4.65,1842.0,1408.0,102.0
SLICL,9/11/2013,205.0,212.0,206.0,212.0,3.41,791.0,1408.0,102.0
SLICL,9/12/2013,212.0,214.0,212.0,214.0,0.94,1788.0,1408.0,102.0
SLICL,9/15/2013,214.0,216.0,210.0,216.0,0.93,693.0,1408.0,102.0
SLICL,9/16/2013,216.0,216.0,216.0,216.0,0.0,289.0,1408.0,102.0
SLICL,9/17/2013,216.0,222.0,212.0,222.0,2.78,868.0,1408.0,102.0
SLICL,9/19/2013,222.0,230.0,226.0,230.0,3.6,662.0,1408.0,102.0
SLICL,9/22/2013,230.0,253.0,230.0,253.0,10.0,2794.0,1408.0,102.0
SLICL,9/23/2013,253.0,250.0,233.0,236.0,-6.72,2819.0,1408.0,102.0
SLICL,9/24/2013,236.0,240.0,229.0,240.0,1.69,355.0,1408.0,102.0
SLICL,9/25/2013,240.0,243.0,236.0,243.0,1.25,426.0,1408.0,102.0
SLICL,9/26/2013,243.0,247.0,243.0,243.0,0.0,262.0,1408.0,102.0
SLICL,9/29/2013,243.0,239.0,235.0,239.0,-1.65,227.0,1408.0,102.0
SLICL,9/30/2013,239.0,235.0,225.0,225.0,-5.86,2308.0,1408.0,102.0
SLICL,10/1/2013,225.0,230.0,213.0,230.0,2.22,32437.0,1408.0,102.0
SLICL,10/2/2013,230.0,237.0,232.0,237.0,3.04,674.0,1408.0,102.0
SLICL,10/3/2013,237.0,240.0,233.0,234.0,-1.27,5934.0,1408.0,102.0
SLICL,10/6/2013,234.0,241.0,232.0,238.0,1.71,2808.0,1408.0,102.0
SLICL,10/7/2013,238.0,245.0,238.0,245.0,2.94,3870.0,1408.0,102.0
SLICL,10/8/2013,245.0,258.0,245.0,250.0,2.04,2704.0,1408.0,102.0
SLICL,10/9/2013,250.0,255.0,242.0,242.0,-3.2,2326.0,1408.0,102.0
SLICL,10/10/2013,242.0,244.0,244.0,244.0,0.83,45.0,1408.0,102.0
SLICL,10/17/2013,244.0,248.0,248.0,248.0,1.64,30.0,1408.0,102.0
SLICL,10/20/2013,248.0,244.0,244.0,244.0,-1.61,1064.0,1408.0,102.0
SLICL,10/21/2013,244.0,252.0,240.0,240.0,-1.64,297.0,1408.0,102.0
SLICL,10/22/2013,240.0,260.0,244.0,260.0,8.33,2214.0,1408.0,102.0
SLICL,10/23/2013,260.0,272.0,245.0,270.0,3.85,16644.0,1408.0,102.0
SLICL,10/24/2013,270.0,273.0,263.0,273.0,1.11,7508.0,1408.0,102.0
SLICL,10/27/2013,273.0,268.0,263.0,264.0,-3.3,5599.0,1408.0,102.0
SLICL,10/28/2013,264.0,269.0,265.0,268.0,1.52,2556.0,1408.0,102.0
SLICL,10/29/2013,268.0,268.0,265.0,268.0,0.0,337.0,1408.0,102.0
SLICL,10/30/2013,268.0,273.0,266.0,270.0,0.75,1692.0,1408.0,102.0
SLICL,10/31/2013,270.0,268.0,263.0,268.0,-0.74,2398.0,1408.0,102.0
SLICL,11/10/2013,268.0,274.0,268.0,274.0,2.24,252.0,1408.0,102.0
SLICL,11/11/2013,274.0,275.0,274.0,275.0,0.36,907.0,1408.0,102.0
SLICL,11/12/2013,275.0,280.0,275.0,280.0,1.82,246.0,1408.0,102.0
SLICL,11/13/2013,280.0,295.0,280.0,280.0,0.0,24777.0,1408.0,102.0
SLICL,11/14/2013,280.0,308.0,285.0,308.0,10.0,14309.0,1408.0,102.0
SLICL,11/21/2013,308.0,326.0,314.0,326.0,5.84,1704.0,1408.0,102.0
SLICL,11/24/2013,326.0,358.0,332.0,358.0,9.82,1592.0,1408.0,102.0
SLICL,11/25/2013,358.0,375.0,353.0,375.0,4.75,3823.0,1408.0,102.0
SLICL,11/26/2013,375.0,412.0,375.0,412.0,9.87,21217.0,1408.0,102.0
SLICL,11/27/2013,412.0,453.0,412.0,433.0,5.1,11225.0,1408.0,102.0
SLICL,11/28/2013,433.0,450.0,410.0,440.0,1.62,26126.0,1408.0,102.0
SLICL,12/1/2013,440.0,447.0,437.0,439.0,-0.23,5523.0,1408.0,102.0
SLICL,12/2/2013,439.0,455.0,439.0,450.0,2.51,11941.0,1408.0,102.0
SLICL,12/3/2013,450.0,495.0,445.0,495.0,10.0,17146.0,1408.0,102.0
SLICL,12/4/2013,495.0,544.0,495.0,532.0,7.47,32423.0,1408.0,102.0
SLICL,12/5/2013,532.0,542.0,479.0,479.0,-9.96,7653.0,1408.0,102.0
SLICL,12/8/2013,479.0,474.0,474.0,474.0,-1.04,91.0,1408.0,102.0
SLICL,12/9/2013,474.0,465.0,427.0,427.0,-9.92,2352.0,1408.0,102.0
SLICL,12/10/2013,427.0,419.0,385.0,403.0,-5.62,15136.0,1408.0,102.0
SLICL,12/11/2013,403.0,400.0,381.0,391.0,-2.98,4419.0,1408.0,102.0
SLICL,12/12/2013,391.0,411.0,384.0,410.0,4.86,3810.0,1408.0,102.0
SLICL,12/15/2013,410.0,402.0,390.0,390.0,-4.88,2738.0,1408.0,102.0
SLICL,12/16/2013,390.0,418.0,383.0,418.0,7.18,1456.0,1408.0,102.0
SLICL,12/18/2013,418.0,453.0,426.0,453.0,8.37,2376.0,1408.0,102.0
SLICL,12/19/2013,453.0,455.0,435.0,443.0,-2.21,4766.0,1408.0,102.0
SLICL,12/22/2013,443.0,439.0,421.0,421.0,-4.97,2153.0,1408.0,102.0
SLICL,12/23/2013,421.0,413.0,401.0,401.0,-4.75,3044.0,1408.0,102.0
SLICL,12/24/2013,401.0,418.0,395.0,418.0,4.24,5624.0,1408.0,102.0
SLICL,12/26/2013,418.0,442.0,426.0,431.0,3.11,8360.0,1408.0,102.0
SLICL,12/29/2013,431.0,423.0,401.0,416.0,-3.48,9429.0,1408.0,102.0
SLICL,12/31/2013,416.0,419.0,401.0,415.0,-0.24,3612.0,1408.0,102.0
SLICL,1/1/2014,415.0,412.0,387.0,387.0,-6.75,7841.0,1408.0,102.0
SLICL,1/2/2014,387.0,401.0,375.0,400.0,3.36,2642.0,1408.0,102.0
SLICL,1/5/2014,400.0,402.0,393.0,402.0,0.5,649.0,1408.0,102.0
SLICL,1/6/2014,402.0,404.0,396.0,396.0,-1.49,270.0,1408.0,102.0
SLICL,1/7/2014,396.0,401.0,376.0,401.0,1.26,2298.0,1408.0,102.0
SLICL,1/8/2014,401.0,409.0,393.0,401.0,0.0,669.0,1408.0,102.0
SLICL,1/9/2014,401.0,405.0,400.0,403.0,0.5,395.0,1408.0,102.0
SLICL,1/12/2014,403.0,434.0,395.0,434.0,7.69,2282.0,1408.0,102.0
SLICL,1/13/2014,434.0,448.0,432.0,440.0,1.38,4735.0,1408.0,102.0
SLICL,1/14/2014,440.0,448.0,400.0,448.0,1.82,3585.0,1408.0,102.0
SLICL,1/16/2014,448.0,444.0,429.0,431.0,-3.79,1689.0,1408.0,102.0
SLICL,1/19/2014,431.0,460.0,423.0,453.0,5.1,6231.0,1408.0,102.0
SLICL,1/20/2014,453.0,456.0,433.0,433.0,-4.42,2055.0,1408.0,102.0
SLICL,1/21/2014,433.0,426.0,410.0,410.0,-5.31,3856.0,1408.0,102.0
SLICL,1/22/2014,410.0,426.0,402.0,426.0,3.9,5544.0,1408.0,102.0
SLICL,1/23/2014,426.0,432.0,418.0,430.0,0.94,1201.0,1408.0,102.0
SLICL,1/26/2014,430.0,424.0,412.0,420.0,-2.33,797.0,1408.0,102.0
SLICL,1/27/2014,420.0,428.0,413.0,423.0,0.71,1257.0,1408.0,102.0
SLICL,1/28/2014,423.0,428.0,400.0,425.0,0.47,1040.0,1408.0,102.0
SLICL,1/29/2014,425.0,426.0,409.0,412.0,-3.06,1163.0,1408.0,102.0
SLICL,2/2/2014,412.0,415.0,404.0,415.0,0.73,3364.0,1408.0,102.0
SLICL,2/3/2014,415.0,415.0,407.0,409.0,-1.45,1509.0,1408.0,102.0
SLICL,2/4/2014,409.0,420.0,415.0,420.0,2.69,933.0,1408.0,102.0
SLICL,2/6/2014,412.0,420.0,411.0,420.0,0.0,707.0,1408.0,102.0
SLICL,2/9/2014,420.0,417.0,412.0,412.0,-1.9,482.0,1408.0,102.0
SLICL,2/10/2014,412.0,428.0,417.0,417.0,1.21,551.0,1408.0,102.0
SLICL,2/11/2014,417.0,423.0,415.0,415.0,-0.48,590.0,1408.0,102.0
SLICL,2/12/2014,415.0,431.0,407.0,430.0,3.61,1791.0,1408.0,102.0
SLICL,2/13/2014,430.0,445.0,415.0,422.0,-1.86,2462.0,1408.0,102.0
SLICL,2/16/2014,422.0,433.0,412.0,430.0,1.9,3876.0,1408.0,102.0
SLICL,2/17/2014,430.0,437.0,425.0,437.0,1.63,2684.0,1408.0,102.0
SLICL,2/18/2014,437.0,480.0,430.0,480.0,9.84,26507.0,1408.0,102.0
SLICL,2/20/2014,480.0,527.0,489.0,517.0,7.71,13471.0,1408.0,102.0
SLICL,2/23/2014,517.0,516.0,471.0,480.0,-7.16,9957.0,1408.0,102.0
SLICL,2/24/2014,480.0,500.0,465.0,465.0,-3.12,6078.0,1408.0,102.0
SLICL,2/25/2014,465.0,477.0,447.0,477.0,2.58,8738.0,1408.0,102.0
SLICL,2/26/2014,477.0,476.0,452.0,454.0,-4.82,1591.0,1408.0,102.0
SLICL,3/3/2014,454.0,450.0,432.0,450.0,-0.88,2020.0,1408.0,102.0
SLICL,3/4/2014,450.0,456.0,432.0,456.0,1.33,2608.0,1408.0,102.0
SLICL,3/5/2014,456.0,466.0,447.0,464.0,1.75,1831.0,1408.0,102.0
SLICL,3/6/2014,464.0,455.0,445.0,445.0,-4.09,439.0,1408.0,102.0
SLICL,3/9/2014,445.0,441.0,424.0,426.0,-4.27,2670.0,1408.0,102.0
SLICL,3/10/2014,426.0,434.0,425.0,430.0,0.94,815.0,1408.0,102.0
SLICL,3/11/2014,430.0,440.0,430.0,440.0,2.33,1249.0,1408.0,102.0
SLICL,3/12/2014,440.0,435.0,428.0,428.0,-2.73,2976.0,1408.0,102.0
SLICL,3/13/2014,428.0,440.0,430.0,440.0,2.8,1038.0,1408.0,102.0
SLICL,3/17/2014,440.0,432.0,410.0,416.0,-5.45,660.0,1408.0,102.0
SLICL,3/18/2014,416.0,410.0,408.0,408.0,-1.92,227.0,1408.0,102.0
SLICL,3/19/2014,408.0,419.0,400.0,414.0,1.47,2295.0,1408.0,102.0
SLICL,3/20/2014,414.0,420.0,406.0,413.0,-0.24,713.0,1408.0,102.0
SLICL,3/23/2014,413.0,421.0,410.0,421.0,1.94,311.0,1408.0,102.0
SLICL,3/24/2014,421.0,425.0,410.0,425.0,0.95,1231.0,1408.0,102.0
SLICL,3/25/2014,425.0,430.0,420.0,427.0,0.47,1446.0,1408.0,102.0
SLICL,3/26/2014,427.0,429.0,413.0,423.0,-0.94,1020.0,1408.0,102.0
SLICL,3/27/2014,423.0,449.0,423.0,426.0,0.71,2054.0,1408.0,102.0
SLICL,3/31/2014,426.0,445.0,426.0,440.0,3.29,5933.0,1408.0,102.0
SLICL,4/1/2014,440.0,465.0,440.0,465.0,5.68,1520.0,1408.0,102.0
SLICL,4/2/2014,465.0,470.0,458.0,470.0,1.08,1796.0,1408.0,102.0
SLICL,4/3/2014,470.0,470.0,450.0,450.0,-4.26,981.0,1408.0,102.0
SLICL,4/6/2014,450.0,450.0,421.0,421.0,-6.44,533.0,1408.0,102.0
SLICL,4/7/2014,421.0,445.0,425.0,445.0,5.7,4293.0,1408.0,102.0
SLICL,4/9/2014,445.0,467.0,445.0,465.0,4.49,4970.0,1408.0,102.0
SLICL,4/10/2014,465.0,498.0,464.0,495.0,6.45,11707.0,1408.0,102.0
SLICL,4/13/2014,495.0,508.0,499.0,500.0,1.01,24733.0,1408.0,102.0
SLICL,4/15/2014,500.0,508.0,485.0,500.0,0.0,5618.0,1408.0,102.0
SLICL,4/16/2014,500.0,505.0,486.0,490.0,-2.0,8686.0,1408.0,102.0
SLICL,4/17/2014,490.0,496.0,489.0,490.0,0.0,1847.0,1408.0,102.0
SLICL,4/20/2014,490.0,500.0,490.0,495.0,1.02,3349.0,1408.0,102.0
SLICL,4/21/2014,495.0,500.0,490.0,497.0,0.4,9322.0,1408.0,102.0
SLICL,4/22/2014,497.0,510.0,495.0,508.0,2.21,8448.0,1408.0,102.0
SLICL,4/23/2014,508.0,529.0,510.0,528.0,3.94,12324.0,1408.0,102.0
SLICL,4/27/2014,528.0,535.0,524.0,529.0,0.19,5034.0,1408.0,102.0
SLICL,4/28/2014,529.0,548.0,539.0,545.0,3.02,7491.0,1408.0,102.0
SLICL,4/29/2014,545.0,580.0,545.0,574.0,5.32,7277.0,1408.0,102.0
SLICL,4/30/2014,574.0,617.0,570.0,605.0,5.4,14989.0,1408.0,102.0
SLICL,5/4/2014,605.0,665.0,613.0,665.0,9.92,17394.0,1408.0,102.0
SLICL,5/5/2014,665.0,731.0,599.0,630.0,-5.26,15959.0,1408.0,102.0
SLICL,5/6/2014,630.0,642.0,567.0,642.0,1.9,8082.0,1408.0,102.0
SLICL,5/7/2014,642.0,644.0,601.0,615.0,-4.21,4530.0,1408.0,102.0
SLICL,5/8/2014,615.0,606.0,584.0,586.0,-4.72,3998.0,1408.0,102.0
SLICL,5/11/2014,586.0,586.0,560.0,586.0,0.0,5278.0,1408.0,102.0
SLICL,5/12/2014,586.0,585.0,565.0,573.0,-2.22,6738.0,1408.0,102.0
SLICL,5/13/2014,573.0,612.0,570.0,612.0,6.81,4263.0,1408.0,102.0
SLICL,5/15/2014,612.0,612.0,584.0,605.0,-1.14,6328.0,1408.0,102.0
SLICL,5/18/2014,605.0,593.0,570.0,570.0,-5.79,3239.0,1408.0,102.0
SLICL,5/19/2014,570.0,574.0,550.0,574.0,0.7,6228.0,1408.0,102.0
SLICL,5/20/2014,574.0,575.0,566.0,569.0,-0.87,1492.0,1408.0,102.0
SLICL,5/21/2014,569.0,569.0,564.0,564.0,-0.88,2706.0,1408.0,102.0
SLICL,5/22/2014,564.0,573.0,556.0,573.0,1.6,2058.0,1408.0,102.0
SLICL,5/25/2014,573.0,575.0,572.0,574.0,0.17,1229.0,1408.0,102.0
SLICL,5/26/2014,574.0,566.0,549.0,560.0,-2.44,2015.0,1408.0,102.0
SLICL,5/27/2014,560.0,555.0,547.0,552.0,-1.43,547.0,1408.0,102.0
SLICL,5/28/2014,552.0,574.0,563.0,563.0,1.99,1605.0,1408.0,102.0
SLICL,6/1/2014,563.0,560.0,542.0,545.0,-3.2,4634.0,1408.0,102.0
SLICL,6/2/2014,545.0,560.0,545.0,545.0,0.0,3763.0,1408.0,102.0
SLICL,6/3/2014,545.0,561.0,547.0,551.0,1.1,4918.0,1408.0,102.0
SLICL,6/4/2014,551.0,556.0,545.0,556.0,0.91,4385.0,1408.0,102.0
SLICL,6/5/2014,556.0,548.0,545.0,545.0,-1.98,98.0,1408.0,102.0
SLICL,6/8/2014,545.0,536.0,525.0,530.0,-2.75,3439.0,1408.0,102.0
SLICL,6/9/2014,530.0,540.0,520.0,522.0,-1.51,2412.0,1408.0,102.0
SLICL,6/10/2014,522.0,532.0,520.0,520.0,-0.38,3397.0,1408.0,102.0
SLICL,6/11/2014,520.0,516.0,510.0,510.0,-1.92,2295.0,1408.0,102.0
SLICL,6/12/2014,510.0,520.0,501.0,520.0,1.96,3676.0,1408.0,102.0
SLICL,6/15/2014,520.0,545.0,506.0,545.0,4.81,2734.0,1408.0,102.0
SLICL,6/16/2014,545.0,558.0,545.0,550.0,0.92,6783.0,1408.0,102.0
SLICL,6/17/2014,550.0,569.0,550.0,561.0,2.0,7143.0,1408.0,102.0
SLICL,6/18/2014,561.0,586.0,565.0,570.0,1.6,5190.0,1408.0,102.0
SLICL,6/19/2014,570.0,574.0,563.0,569.0,-0.18,4302.0,1408.0,102.0
SLICL,6/23/2014,569.0,579.0,540.0,555.0,-2.46,2351.0,1408.0,102.0
SLICL,6/24/2014,555.0,565.0,533.0,560.0,0.9,10858.0,1408.0,102.0
SLICL,6/25/2014,560.0,571.0,530.0,550.0,-1.79,58784.0,1408.0,102.0
SLICL,6/26/2014,550.0,604.0,530.0,591.0,7.45,24533.0,1408.0,102.0
SLICL,6/29/2014,591.0,614.0,569.0,604.0,2.2,11009.0,1408.0,102.0
SLICL,6/30/2014,604.0,635.0,611.0,630.0,4.3,5754.0,1408.0,102.0
SLICL,7/1/2014,630.0,687.0,640.0,679.0,7.78,24453.0,1408.0,102.0
SLICL,7/2/2014,679.0,705.0,685.0,692.0,1.91,25162.0,1408.0,102.0
SLICL,7/3/2014,692.0,690.0,650.0,650.0,-6.07,8256.0,1408.0,102.0
SLICL,7/6/2014,650.0,710.0,640.0,702.0,8.0,22685.0,1408.0,102.0
SLICL,7/7/2014,702.0,754.0,705.0,740.0,5.41,13787.0,1408.0,102.0
SLICL,7/8/2014,740.0,766.0,726.0,745.0,0.68,23547.0,1408.0,102.0
SLICL,7/9/2014,745.0,744.0,700.0,744.0,-0.13,10602.0,1408.0,102.0
SLICL,7/10/2014,744.0,749.0,701.0,749.0,0.67,5149.0,1408.0,102.0
SLICL,7/13/2014,749.0,763.0,725.0,740.0,-1.2,10581.0,1408.0,102.0
SLICL,7/14/2014,740.0,738.0,720.0,720.0,-2.7,8270.0,1408.0,102.0
SLICL,7/15/2014,720.0,753.0,720.0,730.0,1.39,28506.0,1408.0,102.0
SLICL,7/16/2014,730.0,775.0,730.0,750.0,2.74,3700.0,1408.0,102.0
SLICL,7/17/2014,750.0,792.0,745.0,769.0,2.53,6660.0,1408.0,102.0
SLICL,7/20/2014,769.0,799.0,766.0,781.0,1.56,13132.0,1408.0,102.0
SLICL,7/21/2014,781.0,805.0,781.0,792.0,1.41,4583.0,1408.0,102.0
SLICL,7/22/2014,792.0,791.0,760.0,777.0,-1.89,4705.0,1408.0,102.0
SLICL,7/23/2014,777.0,795.0,775.0,795.0,2.32,3215.0,1408.0,102.0
SLICL,7/24/2014,795.0,790.0,771.0,772.0,-2.89,3778.0,1408.0,102.0
SLICL,7/27/2014,772.0,780.0,750.0,755.0,-2.2,804.0,1408.0,102.0
SLICL,7/28/2014,755.0,770.0,750.0,770.0,1.99,593.0,1408.0,102.0
SLICL,7/30/2014,770.0,765.0,737.0,752.0,-2.34,3180.0,1408.0,102.0
SLICL,7/31/2014,752.0,748.0,735.0,740.0,-1.6,4985.0,1408.0,102.0
SLICL,8/3/2014,740.0,741.0,720.0,732.0,-1.08,3980.0,1408.0,102.0
SLICL,8/4/2014,732.0,728.0,715.0,725.0,-0.96,1985.0,1408.0,102.0
SLICL,8/5/2014,725.0,739.0,725.0,725.0,0.0,1979.0,1408.0,102.0
SLICL,8/6/2014,725.0,734.0,711.0,715.0,-1.38,3514.0,1408.0,102.0
SLICL,8/7/2014,715.0,729.0,700.0,729.0,1.96,5306.0,1408.0,102.0
SLICL,8/12/2014,729.0,718.0,704.0,704.0,-3.43,3096.0,1408.0,102.0
SLICL,8/13/2014,704.0,728.0,695.0,716.0,1.7,3641.0,1408.0,102.0
SLICL,8/14/2014,716.0,725.0,706.0,710.0,-0.84,2091.0,1408.0,102.0
SLICL,8/18/2014,710.0,710.0,695.0,695.0,-2.11,4293.0,1408.0,102.0
SLICL,8/19/2014,695.0,710.0,700.0,708.0,1.87,2947.0,1408.0,102.0
SLICL,8/20/2014,708.0,708.0,669.0,669.0,-5.51,7522.0,1408.0,102.0
SLICL,8/21/2014,669.0,656.0,605.0,630.0,-5.83,4076.0,1408.0,102.0
SLICL,8/24/2014,630.0,630.0,596.0,596.0,-5.4,823.0,1408.0,102.0
SLICL,8/25/2014,596.0,585.0,555.0,566.0,-5.03,12754.0,1408.0,102.0
SLICL,8/26/2014,566.0,622.0,575.0,575.0,1.59,1969.0,1408.0,102.0
SLICL,8/27/2014,575.0,632.0,586.0,632.0,9.91,1258.0,1408.0,102.0
SLICL,8/28/2014,632.0,693.0,644.0,671.0,6.17,7444.0,1408.0,102.0
SLICL,8/31/2014,671.0,684.0,637.0,637.0,-5.07,1318.0,1408.0,102.0
SLICL,9/1/2014,637.0,630.0,618.0,630.0,-1.1,1810.0,1408.0,102.0
SLICL,9/3/2014,630.0,642.0,618.0,620.0,-1.59,427.0,1408.0,102.0
SLICL,9/4/2014,620.0,609.0,596.0,609.0,-1.77,2068.0,1408.0,102.0
SLICL,9/7/2014,609.0,597.0,551.0,551.0,-9.52,3472.0,1408.0,102.0
SLICL,9/9/2014,551.0,606.0,562.0,606.0,9.98,6139.0,1408.0,102.0
SLICL,9/10/2014,606.0,630.0,611.0,611.0,0.83,5512.0,1408.0,102.0
SLICL,9/11/2014,611.0,611.0,599.0,611.0,0.0,1358.0,1408.0,102.0
SLICL,9/14/2014,611.0,605.0,600.0,605.0,-0.98,670.0,1408.0,102.0
SLICL,9/15/2014,605.0,610.0,600.0,600.0,-0.83,247.0,1408.0,102.0
SLICL,9/16/2014,600.0,609.0,595.0,609.0,1.5,1335.0,1408.0,102.0
SLICL,9/17/2014,609.0,612.0,597.0,610.0,0.16,4084.0,1408.0,102.0
SLICL,9/18/2014,610.0,615.0,587.0,615.0,0.82,3330.0,1408.0,102.0
SLICL,9/21/2014,615.0,610.0,599.0,610.0,-0.81,1650.0,1408.0,102.0
SLICL,9/22/2014,610.0,608.0,583.0,586.0,-3.93,611.0,1408.0,102.0
SLICL,9/23/2014,586.0,625.0,597.0,625.0,6.66,6689.0,1408.0,102.0
SLICL,9/24/2014,625.0,665.0,629.0,645.0,3.2,1088.0,1408.0,102.0
SLICL,9/28/2014,645.0,689.0,633.0,689.0,6.82,6996.0,1408.0,102.0
SLICL,9/29/2014,689.0,694.0,675.0,694.0,0.73,11147.0,1408.0,102.0
SLICL,9/30/2014,694.0,690.0,665.0,670.0,-3.46,3967.0,1408.0,102.0
SLICL,10/8/2014,670.0,657.0,645.0,645.0,-3.73,140.0,1408.0,102.0
SLICL,10/9/2014,645.0,652.0,609.0,652.0,1.09,869.0,1408.0,102.0
SLICL,10/12/2014,652.0,717.0,638.0,703.0,7.82,477.0,1408.0,102.0
SLICL,10/13/2014,703.0,711.0,689.0,711.0,1.14,2227.0,1408.0,102.0
SLICL,10/14/2014,711.0,697.0,651.0,668.0,-6.05,1476.0,1408.0,102.0
SLICL,10/15/2014,668.0,675.0,659.0,673.0,0.75,6470.0,1408.0,102.0
SLICL,10/16/2014,673.0,677.0,660.0,666.0,-1.04,8824.0,1408.0,102.0
SLICL,10/19/2014,666.0,686.0,661.0,686.0,3.0,6861.0,1408.0,102.0
SLICL,10/20/2014,686.0,686.0,673.0,682.0,-0.58,5651.0,1408.0,102.0
SLICL,10/21/2014,682.0,678.0,666.0,675.0,-1.03,1933.0,1408.0,102.0
SLICL,10/22/2014,675.0,714.0,673.0,700.0,3.7,12879.0,1408.0,102.0
SLICL,10/26/2014,700.0,718.0,692.0,718.0,2.57,7001.0,1408.0,102.0
SLICL,10/27/2014,718.0,746.0,700.0,715.0,-0.42,9133.0,1408.0,102.0
SLICL,10/28/2014,715.0,715.0,699.0,711.0,-0.56,3107.0,1408.0,102.0
SLICL,10/30/2014,711.0,700.0,684.0,700.0,-1.55,4580.0,1408.0,102.0
SLICL,11/2/2014,700.0,690.0,680.0,680.0,-2.86,1268.0,1408.0,102.0
SLICL,11/3/2014,680.0,675.0,664.0,675.0,-0.74,5819.0,1408.0,102.0
SLICL,11/4/2014,675.0,710.0,662.0,710.0,5.19,872.0,1408.0,102.0
SLICL,11/5/2014,710.0,710.0,670.0,670.0,-5.63,7907.0,1408.0,102.0
SLICL,11/6/2014,670.0,693.0,665.0,675.0,0.75,6766.0,1408.0,102.0
SLICL,11/9/2014,675.0,670.0,655.0,660.0,-2.22,943.0,1408.0,102.0
SLICL,11/10/2014,660.0,657.0,650.0,657.0,-0.45,2868.0,1408.0,102.0
SLICL,11/11/2014,657.0,675.0,645.0,667.0,1.52,7119.0,1408.0,102.0
SLICL,11/12/2014,667.0,676.0,663.0,667.0,0.0,2848.0,1408.0,102.0
SLICL,11/13/2014,667.0,669.0,656.0,660.0,-1.05,1560.0,1408.0,102.0
SLICL,11/16/2014,660.0,660.0,649.0,649.0,-1.67,102.0,1408.0,102.0
SLICL,11/17/2014,649.0,641.0,618.0,640.0,-1.39,4182.0,1408.0,102.0
SLICL,11/18/2014,640.0,651.0,609.0,625.0,-2.34,3225.0,1408.0,102.0
SLICL,11/19/2014,625.0,645.0,601.0,630.0,0.8,3416.0,1408.0,102.0
SLICL,11/20/2014,630.0,650.0,632.0,643.0,2.06,3342.0,1408.0,102.0
SLICL,11/23/2014,643.0,691.0,655.0,691.0,7.47,3097.0,1408.0,102.0
SLICL,11/24/2014,691.0,691.0,675.0,675.0,-2.32,118.0,1408.0,102.0
SLICL,11/25/2014,675.0,662.0,635.0,640.0,-5.19,2582.0,1408.0,102.0
SLICL,11/30/2014,640.0,645.0,627.0,627.0,-2.03,2702.0,1408.0,102.0
SLICL,12/1/2014,627.0,635.0,621.0,626.0,-0.16,964.0,1408.0,102.0
SLICL,12/2/2014,626.0,630.0,611.0,626.0,0.0,4131.0,1408.0,102.0
SLICL,12/3/2014,626.0,638.0,619.0,626.0,0.0,2566.0,1408.0,102.0
SLICL,12/4/2014,626.0,640.0,626.0,628.0,0.32,7847.0,1408.0,102.0
SLICL,12/7/2014,628.0,635.0,616.0,635.0,1.11,1261.0,1408.0,102.0
SLICL,12/8/2014,635.0,635.0,621.0,625.0,-1.57,878.0,1408.0,102.0
SLICL,12/9/2014,625.0,628.0,620.0,627.0,0.32,2103.0,1408.0,102.0
SLICL,12/10/2014,627.0,636.0,616.0,636.0,1.44,3910.0,1408.0,102.0
SLICL,12/11/2014,636.0,644.0,626.0,644.0,1.26,1481.0,1408.0,102.0
SLICL,12/14/2014,644.0,668.0,632.0,657.0,2.02,1887.0,1408.0,102.0
SLICL,12/15/2014,657.0,674.0,647.0,650.0,-1.07,1834.0,1408.0,102.0
SLICL,12/16/2014,650.0,640.0,637.0,640.0,-1.54,624.0,1408.0,102.0
SLICL,12/17/2014,640.0,631.0,629.0,629.0,-1.72,123.0,1408.0,102.0
SLICL,12/18/2014,629.0,641.0,617.0,641.0,1.91,1188.0,1408.0,102.0
SLICL,12/21/2014,641.0,629.0,620.0,625.0,-2.5,144.0,1408.0,102.0
SLICL,12/22/2014,625.0,630.0,630.0,630.0,0.8,50.0,1408.0,102.0
SLICL,12/23/2014,630.0,625.0,611.0,625.0,-0.79,2927.0,1408.0,102.0
SLICL,12/24/2014,625.0,637.0,625.0,625.0,0.0,637.0,1408.0,102.0
SLICL,12/28/2014,625.0,651.0,637.0,640.0,2.4,882.0,1408.0,102.0
SLICL,12/29/2014,640.0,630.0,630.0,630.0,-1.56,97.0,1408.0,102.0
SLICL,12/31/2014,630.0,622.0,618.0,622.0,-1.27,1045.0,1408.0,102.0
SLICL,1/1/2015,622.0,642.0,625.0,635.0,2.09,550.0,1408.0,102.0
SLICL,1/4/2015,635.0,640.0,632.0,640.0,0.79,2008.0,1408.0,102.0
SLICL,1/5/2015,640.0,655.0,640.0,640.0,0.0,3828.0,1408.0,102.0
SLICL,1/6/2015,640.0,644.0,628.0,632.0,-1.25,1802.0,1408.0,102.0
SLICL,1/7/2015,632.0,635.0,620.0,633.0,0.16,2399.0,1408.0,102.0
SLICL,1/8/2015,633.0,657.0,636.0,640.0,1.11,2394.0,1408.0,102.0
SLICL,1/11/2015,640.0,645.0,640.0,640.0,0.0,1342.0,1408.0,102.0
SLICL,1/12/2015,640.0,640.0,635.0,639.0,-0.16,1136.0,1408.0,102.0
SLICL,1/13/2015,639.0,663.0,622.0,658.0,2.97,1800.0,1408.0,102.0
SLICL,1/14/2015,658.0,670.0,648.0,648.0,-1.52,2047.0,1408.0,102.0
SLICL,1/18/2015,648.0,667.0,640.0,658.0,1.54,1780.0,1408.0,102.0
SLICL,1/19/2015,658.0,678.0,660.0,660.0,0.3,1313.0,1408.0,102.0
SLICL,1/20/2015,660.0,665.0,635.0,648.0,-1.82,5010.0,1408.0,102.0
SLICL,1/22/2015,648.0,650.0,636.0,650.0,0.31,396.0,1408.0,102.0
SLICL,1/25/2015,650.0,658.0,652.0,657.0,1.08,1262.0,1408.0,102.0
SLICL,1/26/2015,657.0,662.0,650.0,655.0,-0.3,2197.0,1408.0,102.0
SLICL,1/27/2015,655.0,661.0,651.0,659.0,0.61,2205.0,1408.0,102.0
SLICL,1/28/2015,659.0,667.0,650.0,660.0,0.15,2885.0,1408.0,102.0
SLICL,1/29/2015,660.0,665.0,647.0,647.0,-1.97,1031.0,1408.0,102.0
SLICL,2/1/2015,647.0,658.0,644.0,645.0,-0.31,2269.0,1408.0,102.0
SLICL,2/2/2015,645.0,657.0,642.0,644.0,-0.16,2201.0,1408.0,102.0
SLICL,2/3/2015,644.0,645.0,640.0,640.0,-0.62,986.0,1408.0,102.0
SLICL,2/4/2015,640.0,640.0,630.0,631.0,-1.41,1237.0,1408.0,102.0
SLICL,2/5/2015,631.0,642.0,625.0,633.0,0.32,1296.0,1408.0,102.0
SLICL,2/8/2015,633.0,645.0,633.0,640.0,1.11,2363.0,1408.0,102.0
SLICL,2/9/2015,640.0,646.0,630.0,634.0,-0.94,2899.0,1408.0,102.0
SLICL,2/10/2015,634.0,641.0,625.0,636.0,0.32,1746.0,1408.0,102.0
SLICL,2/11/2015,636.0,642.0,640.0,640.0,0.63,708.0,1408.0,102.0
SLICL,2/12/2015,640.0,645.0,639.0,645.0,0.78,939.0,1408.0,102.0
SLICL,2/15/2015,645.0,650.0,635.0,650.0,0.78,3136.0,1408.0,102.0
SLICL,2/16/2015,650.0,655.0,639.0,639.0,-1.69,1956.0,1408.0,102.0
SLICL,2/18/2015,639.0,647.0,642.0,647.0,1.25,1319.0,1408.0,102.0
SLICL,2/22/2015,647.0,635.0,623.0,625.0,-3.4,841.0,1408.0,102.0
SLICL,2/23/2015,625.0,630.0,611.0,630.0,0.8,1590.0,1408.0,102.0
SLICL,2/24/2015,630.0,631.0,621.0,631.0,0.16,658.0,1408.0,102.0
SLICL,2/25/2015,631.0,629.0,621.0,627.0,-0.63,276.0,1408.0,102.0
SLICL,2/26/2015,627.0,630.0,630.0,630.0,0.48,287.0,1408.0,102.0
SLICL,3/1/2015,630.0,635.0,630.0,633.0,0.48,1450.0,1408.0,102.0
SLICL,3/2/2015,633.0,646.0,630.0,646.0,2.05,132.0,1408.0,102.0
SLICL,3/3/2015,646.0,645.0,632.0,641.0,-0.77,3304.0,1408.0,102.0
SLICL,3/4/2015,641.0,644.0,632.0,637.0,-0.62,11499.0,1408.0,102.0
SLICL,3/9/2015,637.0,651.0,642.0,645.0,1.26,2446.0,1408.0,102.0
SLICL,3/10/2015,645.0,648.0,643.0,648.0,0.47,836.0,1408.0,102.0
SLICL,3/11/2015,648.0,640.0,635.0,640.0,-1.23,2097.0,1408.0,102.0
SLICL,3/12/2015,640.0,630.0,628.0,630.0,-1.56,46.0,1408.0,102.0
SLICL,3/16/2015,630.0,620.0,615.0,615.0,-2.38,128.0,1408.0,102.0
SLICL,3/17/2015,615.0,625.0,603.0,625.0,1.63,476.0,1408.0,102.0
SLICL,3/18/2015,625.0,620.0,620.0,620.0,-0.8,40.0,1408.0,102.0
SLICL,3/19/2015,620.0,625.0,620.0,625.0,0.81,332.0,1408.0,102.0
SLICL,3/22/2015,625.0,625.0,615.0,620.0,-0.8,1965.0,1408.0,102.0
SLICL,3/23/2015,620.0,616.0,616.0,616.0,-0.65,192.0,1408.0,102.0
SLICL,3/24/2015,616.0,611.0,610.0,611.0,-0.81,340.0,1408.0,102.0
SLICL,3/25/2015,611.0,620.0,600.0,600.0,-1.8,1730.0,1408.0,102.0
SLICL,3/26/2015,600.0,605.0,600.0,600.0,0.0,1657.0,1408.0,102.0
SLICL,3/29/2015,600.0,608.0,600.0,608.0,1.33,1013.0,1408.0,102.0
SLICL,3/30/2015,608.0,612.0,596.0,612.0,0.66,1572.0,1408.0,102.0
SLICL,3/31/2015,612.0,612.0,604.0,612.0,0.0,1993.0,1408.0,102.0
SLICL,4/1/2015,612.0,615.0,595.0,595.0,-2.78,1727.0,1408.0,102.0
SLICL,4/2/2015,595.0,615.0,606.0,607.0,2.02,1182.0,1408.0,102.0
SLICL,4/5/2015,607.0,604.0,595.0,598.0,-1.48,573.0,1408.0,102.0
SLICL,4/6/2015,598.0,598.0,585.0,598.0,0.0,1637.0,1408.0,102.0
SLICL,4/7/2015,598.0,600.0,591.0,600.0,0.33,692.0,1408.0,102.0
SLICL,4/8/2015,600.0,606.0,595.0,604.0,0.67,577.0,1408.0,102.0
SLICL,4/9/2015,604.0,604.0,595.0,602.0,-0.33,970.0,1408.0,102.0
SLICL,4/12/2015,602.0,604.0,604.0,604.0,0.33,137.0,1408.0,102.0
SLICL,4/13/2015,604.0,600.0,600.0,600.0,-0.66,500.0,1408.0,102.0
SLICL,4/15/2015,600.0,593.0,588.0,588.0,-2.0,90.0,1408.0,102.0
SLICL,4/19/2015,588.0,594.0,582.0,594.0,1.02,592.0,1408.0,102.0
SLICL,4/20/2015,594.0,590.0,590.0,590.0,-0.67,333.0,1408.0,102.0
SLICL,4/21/2015,590.0,600.0,600.0,600.0,1.69,34.0,1408.0,102.0
SLICL,4/22/2015,600.0,592.0,580.0,592.0,-1.33,975.0,1408.0,102.0
SLICL,4/23/2015,592.0,581.0,580.0,581.0,-1.86,751.0,1408.0,102.0
SLICL,5/26/2015,581.0,570.0,523.0,523.0,-9.98,173.0,1408.0,102.0
SLICL,5/27/2015,523.0,513.0,475.0,475.0,-9.18,145.0,1408.0,102.0
SLICL,5/28/2015,475.0,466.0,432.0,466.0,-1.89,1916.0,1408.0,102.0
SLICL,5/31/2015,466.0,512.0,470.0,512.0,9.87,1077.0,1408.0,102.0
SLICL,6/1/2015,512.0,522.0,502.0,522.0,1.95,835.0,1408.0,102.0
SLICL,6/2/2015,522.0,553.0,513.0,553.0,5.94,762.0,1408.0,102.0
SLICL,6/3/2015,553.0,603.0,564.0,581.0,5.06,981.0,1408.0,102.0
SLICL,6/4/2015,581.0,591.0,561.0,562.0,-3.27,2167.0,1408.0,102.0
SLICL,6/7/2015,562.0,596.0,565.0,575.0,2.31,1545.0,1408.0,102.0
SLICL,6/8/2015,575.0,595.0,573.0,574.0,-0.17,1399.0,1408.0,102.0
SLICL,6/9/2015,574.0,607.0,585.0,590.0,2.79,787.0,1408.0,102.0
SLICL,6/10/2015,590.0,594.0,585.0,585.0,-0.85,375.0,1408.0,102.0
SLICL,6/11/2015,585.0,590.0,565.0,565.0,-3.42,405.0,1408.0,102.0
SLICL,6/14/2015,565.0,555.0,543.0,550.0,-2.65,1314.0,1408.0,102.0
SLICL,6/15/2015,550.0,561.0,561.0,561.0,2.0,35.0,1408.0,102.0
SLICL,6/16/2015,561.0,570.0,551.0,570.0,1.6,5432.0,1408.0,102.0
SLICL,6/17/2015,570.0,560.0,553.0,553.0,-2.98,73.0,1408.0,102.0
SLICL,6/18/2015,553.0,553.0,550.0,553.0,0.0,97.0,1408.0,102.0
SLICL,6/21/2015,553.0,543.0,535.0,543.0,-1.81,131.0,1408.0,102.0
SLICL,6/22/2015,543.0,566.0,545.0,565.0,4.05,752.0,1408.0,102.0
SLICL,6/23/2015,565.0,612.0,576.0,605.0,7.08,4542.0,1408.0,102.0
SLICL,6/24/2015,605.0,595.0,590.0,590.0,-2.48,579.0,1408.0,102.0
SLICL,6/25/2015,590.0,591.0,580.0,591.0,0.17,2030.0,1408.0,102.0
SLICL,6/28/2015,591.0,620.0,591.0,619.0,4.74,2376.0,1408.0,102.0
SLICL,6/29/2015,619.0,666.0,631.0,658.0,6.3,10777.0,1408.0,102.0
SLICL,6/30/2015,658.0,675.0,655.0,675.0,2.58,13667.0,1408.0,102.0
SLICL,7/1/2015,675.0,701.0,674.0,677.0,0.3,6677.0,1408.0,102.0
SLICL,7/2/2015,677.0,678.0,664.0,673.0,-0.59,8092.0,1408.0,102.0
SLICL,7/5/2015,673.0,676.0,665.0,670.0,-0.45,5477.0,1408.0,102.0
SLICL,7/6/2015,670.0,681.0,665.0,665.0,-0.75,2438.0,1408.0,102.0
SLICL,7/7/2015,665.0,675.0,664.0,675.0,1.5,2457.0,1408.0,102.0
SLICL,7/8/2015,675.0,673.0,665.0,673.0,-0.3,2608.0,1408.0,102.0
SLICL,7/9/2015,673.0,686.0,672.0,679.0,0.89,4608.0,1408.0,102.0
SLICL,7/12/2015,679.0,686.0,675.0,685.0,0.88,4564.0,1408.0,102.0
SLICL,7/13/2015,685.0,687.0,682.0,687.0,0.29,4245.0,1408.0,102.0
SLICL,7/14/2015,687.0,690.0,675.0,690.0,0.44,1768.0,1408.0,102.0
SLICL,7/15/2015,690.0,705.0,665.0,700.0,1.45,21086.0,1408.0,102.0
SLICL,7/16/2015,700.0,725.0,700.0,709.0,1.29,13061.0,1408.0,102.0
SLICL,7/22/2015,709.0,724.0,696.0,712.0,0.42,6041.0,1408.0,102.0
SLICL,7/23/2015,712.0,720.0,698.0,720.0,1.12,13411.0,1408.0,102.0
SLICL,7/26/2015,720.0,734.0,734.0,734.0,1.94,700.0,1408.0,102.0
SLICL,7/27/2015,734.0,730.0,702.0,717.0,-2.32,5096.0,1408.0,102.0
SLICL,7/28/2015,717.0,730.0,703.0,730.0,1.81,5037.0,1408.0,102.0
SLICL,7/29/2015,730.0,716.0,690.0,700.0,-4.11,1656.0,1408.0,102.0
SLICL,7/30/2015,700.0,710.0,685.0,710.0,1.43,1936.0,1408.0,102.0
SLICL,8/2/2015,710.0,700.0,700.0,700.0,-1.41,395.0,1408.0,102.0
SLICL,8/3/2015,700.0,700.0,677.0,700.0,0.0,2738.0,1408.0,102.0
SLICL,8/4/2015,700.0,702.0,686.0,702.0,0.29,4235.0,1408.0,102.0
SLICL,8/5/2015,702.0,705.0,690.0,705.0,0.43,984.0,1408.0,102.0
SLICL,8/6/2015,705.0,718.0,705.0,706.0,0.14,2957.0,1408.0,102.0
SLICL,8/9/2015,706.0,720.0,705.0,710.0,0.57,1012.0,1408.0,102.0
SLICL,8/10/2015,710.0,705.0,690.0,690.0,-2.82,5289.0,1408.0,102.0
SLICL,8/11/2015,690.0,678.0,677.0,678.0,-1.74,507.0,1408.0,102.0
SLICL,8/12/2015,678.0,690.0,665.0,680.0,0.29,5079.0,1408.0,102.0
SLICL,8/13/2015,680.0,680.0,673.0,680.0,0.0,1000.0,1408.0,102.0
SLICL,8/16/2015,680.0,685.0,680.0,680.0,0.0,729.0,1408.0,102.0
SLICL,8/17/2015,680.0,680.0,667.0,667.0,-1.91,1242.0,1408.0,102.0
SLICL,8/18/2015,667.0,680.0,665.0,669.0,0.3,1204.0,1408.0,102.0
SLICL,8/19/2015,669.0,688.0,663.0,688.0,2.84,2256.0,1408.0,102.0
SLICL,8/20/2015,688.0,710.0,671.0,673.0,-2.18,2122.0,1408.0,102.0
SLICL,8/23/2015,673.0,710.0,655.0,710.0,5.5,9895.0,1408.0,102.0
SLICL,8/24/2015,710.0,739.0,698.0,720.0,1.41,8572.0,1408.0,102.0
SLICL,8/25/2015,720.0,714.0,690.0,712.0,-1.11,3779.0,1408.0,102.0
SLICL,8/26/2015,712.0,712.0,700.0,709.0,-0.42,3334.0,1408.0,102.0
SLICL,8/27/2015,709.0,779.0,720.0,779.0,9.87,14160.0,1408.0,102.0
SLICL,8/31/2015,779.0,851.0,785.0,851.0,9.24,12887.0,1408.0,102.0
SLICL,9/1/2015,851.0,865.0,775.0,791.0,-7.05,10567.0,1408.0,102.0
SLICL,9/2/2015,791.0,795.0,745.0,759.0,-4.05,4159.0,1408.0,102.0
SLICL,9/3/2015,759.0,750.0,735.0,736.0,-3.03,2791.0,1408.0,102.0
SLICL,9/6/2015,736.0,750.0,722.0,748.0,1.63,2742.0,1408.0,102.0
SLICL,9/7/2015,748.0,746.0,732.0,733.0,-2.01,3007.0,1408.0,102.0
SLICL,9/8/2015,733.0,760.0,739.0,739.0,0.82,2248.0,1408.0,102.0
SLICL,9/9/2015,739.0,750.0,727.0,750.0,1.49,949.0,1408.0,102.0
SLICL,9/10/2015,750.0,750.0,720.0,750.0,0.0,3687.0,1408.0,102.0
SLICL,9/13/2015,750.0,825.0,765.0,780.0,4.0,23012.0,1408.0,102.0
SLICL,9/14/2015,780.0,805.0,760.0,770.0,-1.28,5432.0,1408.0,102.0
SLICL,9/15/2015,770.0,785.0,766.0,770.0,0.0,2284.0,1408.0,102.0
SLICL,9/16/2015,770.0,757.0,756.0,756.0,-1.82,87.0,1408.0,102.0
SLICL,9/17/2015,756.0,754.0,740.0,750.0,-0.79,2779.0,1408.0,102.0
SLICL,9/22/2015,750.0,740.0,730.0,730.0,-2.67,672.0,1408.0,102.0
SLICL,9/23/2015,730.0,740.0,720.0,726.0,-0.55,1621.0,1408.0,102.0
SLICL,9/24/2015,726.0,726.0,714.0,726.0,0.0,693.0,1408.0,102.0
SLICL,9/28/2015,726.0,713.0,710.0,710.0,-2.2,350.0,1408.0,102.0
SLICL,9/29/2015,710.0,725.0,710.0,725.0,2.11,517.0,1408.0,102.0
SLICL,9/30/2015,725.0,720.0,711.0,711.0,-1.93,84.0,1408.0,102.0
SLICL,10/1/2015,711.0,715.0,705.0,706.0,-0.7,420.0,1408.0,102.0
SLICL,10/4/2015,706.0,702.0,700.0,700.0,-0.85,1396.0,1408.0,102.0
SLICL,10/5/2015,700.0,728.0,707.0,707.0,1.0,619.0,1408.0,102.0
SLICL,10/6/2015,707.0,705.0,705.0,705.0,-0.28,90.0,1408.0,102.0
SLICL,10/7/2015,705.0,700.0,699.0,699.0,-0.85,899.0,1408.0,102.0
SLICL,10/8/2015,699.0,703.0,680.0,694.0,-0.72,851.0,1408.0,102.0
SLICL,10/11/2015,694.0,695.0,687.0,687.0,-1.01,678.0,1408.0,102.0
SLICL,10/14/2015,687.0,687.0,687.0,687.0,0.0,337.0,1408.0,102.0
SLICL,10/15/2015,687.0,674.0,674.0,674.0,-1.89,400.0,1408.0,102.0
SLICL,10/18/2015,674.0,674.0,674.0,674.0,0.0,30.0,1408.0,102.0
SLICL,10/19/2015,674.0,687.0,687.0,687.0,1.93,42.0,1408.0,102.0
SLICL,10/28/2015,687.0,700.0,700.0,700.0,1.89,118.0,1408.0,102.0
SLICL,10/29/2015,700.0,700.0,686.0,686.0,-2.0,171.0,1408.0,102.0
SLICL,11/1/2015,686.0,673.0,673.0,673.0,-1.9,1000.0,1408.0,102.0
SLICL,11/2/2015,673.0,674.0,671.0,674.0,0.15,1608.0,1408.0,102.0
SLICL,11/3/2015,674.0,661.0,648.0,655.0,-2.82,368.0,1408.0,102.0
SLICL,11/4/2015,655.0,660.0,649.0,649.0,-0.92,1189.0,1408.0,102.0
SLICL,11/5/2015,649.0,642.0,640.0,642.0,-1.08,344.0,1408.0,102.0
SLICL,11/9/2015,642.0,667.0,645.0,667.0,3.89,1100.0,1408.0,102.0
SLICL,11/10/2015,667.0,655.0,655.0,655.0,-1.8,34.0,1408.0,102.0
SLICL,11/15/2015,655.0,650.0,650.0,650.0,-0.76,237.0,1408.0,102.0
SLICL,11/16/2015,650.0,645.0,633.0,633.0,-2.62,1421.0,1408.0,102.0
SLICL,11/19/2015,633.0,631.0,630.0,631.0,-0.32,280.0,1408.0,102.0
SLICL,11/22/2015,631.0,625.0,620.0,625.0,-0.95,1570.0,1408.0,102.0
SLICL,11/23/2015,625.0,620.0,620.0,620.0,-0.8,30.0,1408.0,102.0
SLICL,11/24/2015,620.0,611.0,609.0,611.0,-1.45,210.0,1408.0,102.0
SLICL,11/25/2015,611.0,613.0,601.0,613.0,0.33,76.0,1408.0,102.0
SLICL,11/26/2015,613.0,615.0,615.0,615.0,0.33,111.0,1408.0,102.0
SLICL,11/29/2015,615.0,615.0,603.0,606.0,-1.46,1021.0,1408.0,102.0
SLICL,11/30/2015,606.0,630.0,609.0,615.0,1.49,911.0,1408.0,102.0
SLICL,12/1/2015,615.0,639.0,627.0,639.0,3.9,187.0,1408.0,102.0
SLICL,12/3/2015,639.0,651.0,639.0,651.0,1.88,1624.0,1408.0,102.0
SLICL,12/6/2015,651.0,638.0,638.0,638.0,-2.0,634.0,1408.0,102.0
SLICL,12/7/2015,638.0,673.0,640.0,673.0,5.49,2293.0,1408.0,102.0
SLICL,12/8/2015,673.0,663.0,638.0,663.0,-1.49,398.0,1408.0,102.0
SLICL,12/9/2015,663.0,705.0,650.0,700.0,5.58,2722.0,1408.0,102.0
SLICL,12/10/2015,700.0,700.0,670.0,680.0,-2.86,1835.0,1408.0,102.0
SLICL,12/13/2015,680.0,691.0,665.0,680.0,0.0,1789.0,1408.0,102.0
SLICL,12/14/2015,680.0,706.0,693.0,706.0,3.82,172.0,1408.0,102.0
SLICL,12/15/2015,706.0,776.0,720.0,776.0,9.92,4230.0,1408.0,102.0
SLICL,12/16/2015,776.0,805.0,761.0,762.0,-1.8,4909.0,1408.0,102.0
SLICL,12/17/2015,762.0,777.0,776.0,777.0,1.97,150.0,1408.0,102.0
SLICL,12/20/2015,777.0,762.0,762.0,762.0,-1.93,50.0,1408.0,102.0
SLICL,12/22/2015,762.0,750.0,750.0,750.0,-1.57,200.0,1408.0,102.0
SLICL,12/23/2015,750.0,735.0,735.0,735.0,-2.0,500.0,1408.0,102.0
SLICL,12/24/2015,735.0,778.0,749.0,778.0,5.85,350.0,1408.0,102.0
SLICL,12/27/2015,778.0,793.0,778.0,778.0,0.0,1100.0,1408.0,102.0
SLICL,12/28/2015,778.0,780.0,755.0,755.0,-2.96,972.0,1408.0,102.0
SLICL,12/29/2015,755.0,775.0,760.0,775.0,2.65,152.0,1408.0,102.0
SLICL,12/31/2015,775.0,795.0,768.0,772.0,-0.39,5712.0,1408.0,102.0
SLICL,1/3/2016,772.0,810.0,770.0,804.0,4.15,7535.0,1408.0,102.0
SLICL,1/4/2016,804.0,826.0,773.0,790.0,-1.74,5354.0,1408.0,102.0
SLICL,1/5/2016,790.0,775.0,747.0,747.0,-5.44,2979.0,1408.0,102.0
SLICL,1/6/2016,747.0,776.0,761.0,761.0,1.87,298.0,1408.0,102.0
SLICL,1/7/2016,761.0,791.0,776.0,780.0,2.5,1584.0,1408.0,102.0
SLICL,1/10/2016,780.0,795.0,775.0,775.0,-0.64,1735.0,1408.0,102.0
SLICL,1/11/2016,775.0,775.0,760.0,770.0,-0.65,12136.0,1408.0,102.0
SLICL,1/12/2016,770.0,775.0,769.0,775.0,0.65,1561.0,1408.0,102.0
SLICL,1/13/2016,775.0,779.0,765.0,779.0,0.52,1300.0,1408.0,102.0
SLICL,1/14/2016,779.0,790.0,775.0,775.0,-0.51,3204.0,1408.0,102.0
SLICL,1/17/2016,775.0,790.0,775.0,788.0,1.68,842.0,1408.0,102.0
SLICL,1/18/2016,788.0,795.0,771.0,780.0,-1.02,2783.0,1408.0,102.0
SLICL,1/19/2016,780.0,779.0,770.0,779.0,-0.13,361.0,1408.0,102.0
SLICL,1/20/2016,779.0,780.0,775.0,780.0,0.13,224.0,1408.0,102.0
SLICL,1/21/2016,780.0,770.0,768.0,770.0,-1.28,324.0,1408.0,102.0
SLICL,1/24/2016,770.0,773.0,768.0,773.0,0.39,2133.0,1408.0,102.0
SLICL,1/25/2016,773.0,773.0,764.0,764.0,-1.16,2290.0,1408.0,102.0
SLICL,1/26/2016,764.0,775.0,761.0,775.0,1.44,2011.0,1408.0,102.0
SLICL,1/27/2016,775.0,780.0,770.0,775.0,0.0,2524.0,1408.0,102.0
SLICL,1/28/2016,775.0,763.0,760.0,762.0,-1.68,233.0,1408.0,102.0
SLICL,1/31/2016,762.0,765.0,764.0,764.0,0.26,300.0,1408.0,102.0
SLICL,2/1/2016,764.0,774.0,770.0,773.0,1.18,1589.0,1408.0,102.0
SLICL,2/2/2016,773.0,787.0,785.0,786.0,1.68,913.0,1408.0,102.0
SLICL,2/3/2016,786.0,786.0,774.0,785.0,-0.13,2366.0,1408.0,102.0
SLICL,2/4/2016,785.0,785.0,774.0,785.0,0.0,947.0,1408.0,102.0
SLICL,2/7/2016,785.0,800.0,771.0,782.0,-0.38,2382.0,1408.0,102.0
SLICL,2/8/2016,782.0,804.0,786.0,791.0,1.15,4453.0,1408.0,102.0
SLICL,2/11/2016,791.0,806.0,800.0,805.0,1.77,5547.0,1408.0,102.0
SLICL,2/14/2016,805.0,821.0,800.0,805.0,0.0,6294.0,1408.0,102.0
SLICL,2/15/2016,805.0,800.0,790.0,800.0,-0.62,1326.0,1408.0,102.0
SLICL,2/16/2016,800.0,810.0,800.0,810.0,1.25,1407.0,1408.0,102.0
SLICL,2/17/2016,810.0,807.0,800.0,800.0,-1.23,1012.0,1408.0,102.0
SLICL,2/18/2016,800.0,804.0,785.0,787.0,-1.62,2806.0,1408.0,102.0
SLICL,2/21/2016,787.0,800.0,777.0,790.0,0.38,1688.0,1408.0,102.0
SLICL,2/22/2016,790.0,795.0,775.0,781.0,-1.14,2024.0,1408.0,102.0
SLICL,2/23/2016,781.0,780.0,780.0,780.0,-0.13,300.0,1408.0,102.0
SLICL,2/24/2016,780.0,795.0,795.0,795.0,1.92,40.0,1408.0,102.0
SLICL,2/28/2016,795.0,780.0,780.0,780.0,-1.89,50.0,1408.0,102.0
SLICL,2/29/2016,780.0,775.0,760.0,775.0,-0.64,1914.0,1408.0,102.0
SLICL,3/1/2016,775.0,790.0,770.0,778.0,0.39,6092.0,1408.0,102.0
SLICL,3/2/2016,778.0,785.0,770.0,773.0,-0.64,3369.0,1408.0,102.0
SLICL,3/3/2016,773.0,785.0,775.0,780.0,0.91,8500.0,1408.0,102.0
SLICL,3/6/2016,780.0,810.0,786.0,789.0,1.15,6253.0,1408.0,102.0
SLICL,3/10/2016,789.0,867.0,804.0,867.0,9.89,18240.0,1408.0,102.0
SLICL,3/13/2016,867.0,870.0,825.0,840.0,-3.11,6325.0,1408.0,102.0
SLICL,3/14/2016,840.0,845.0,830.0,830.0,-1.19,6067.0,1408.0,102.0
SLICL,3/15/2016,830.0,846.0,820.0,840.0,1.2,2689.0,1408.0,102.0
SLICL,3/16/2016,840.0,896.0,841.0,895.0,6.55,12443.0,1408.0,102.0
SLICL,3/17/2016,895.0,900.0,889.0,896.0,0.11,8543.0,1408.0,102.0
SLICL,3/20/2016,896.0,915.0,899.0,910.0,1.56,5232.0,1408.0,102.0
SLICL,3/21/2016,910.0,915.0,896.0,908.0,-0.22,12341.0,1408.0,102.0
SLICL,3/23/2016,908.0,915.0,900.0,900.0,-0.88,9053.0,1408.0,102.0
SLICL,3/24/2016,900.0,921.0,893.0,921.0,2.33,18612.0,1408.0,102.0
SLICL,3/27/2016,921.0,930.0,900.0,900.0,-2.28,4075.0,1408.0,102.0
SLICL,3/28/2016,900.0,912.0,875.0,900.0,0.0,2311.0,1408.0,102.0
SLICL,3/29/2016,900.0,922.0,882.0,900.0,0.0,8473.0,1408.0,102.0
SLICL,3/30/2016,900.0,905.0,883.0,883.0,-1.89,989.0,1408.0,102.0
SLICL,3/31/2016,883.0,883.0,872.0,872.0,-1.25,741.0,1408.0,102.0
SLICL,4/3/2016,872.0,873.0,838.0,873.0,0.11,3428.0,1408.0,102.0
SLICL,4/4/2016,873.0,890.0,860.0,890.0,1.95,3018.0,1408.0,102.0
SLICL,4/5/2016,890.0,905.0,890.0,890.0,0.0,5467.0,1408.0,102.0
SLICL,4/6/2016,890.0,905.0,890.0,890.0,0.0,957.0,1408.0,102.0
SLICL,4/10/2016,890.0,907.0,876.0,876.0,-1.57,541.0,1408.0,102.0
SLICL,4/14/2016,876.0,862.0,855.0,860.0,-1.83,1615.0,1408.0,102.0
SLICL,4/17/2016,860.0,870.0,862.0,865.0,0.58,1279.0,1408.0,102.0
SLICL,4/18/2016,865.0,905.0,865.0,905.0,4.62,853.0,1408.0,102.0
SLICL,4/19/2016,905.0,890.0,887.0,890.0,-1.66,8546.0,1408.0,102.0
SLICL,4/20/2016,890.0,889.0,874.0,874.0,-1.8,257.0,1408.0,102.0
SLICL,4/21/2016,874.0,870.0,870.0,870.0,-0.46,153.0,1408.0,102.0
SLICL,4/24/2016,870.0,878.0,861.0,861.0,-1.03,1240.0,1408.0,102.0
SLICL,4/25/2016,861.0,874.0,857.0,869.0,0.93,1521.0,1408.0,102.0
SLICL,4/26/2016,869.0,878.0,865.0,865.0,-0.46,3057.0,1408.0,102.0
SLICL,4/27/2016,865.0,870.0,853.0,858.0,-0.81,1490.0,1408.0,102.0
SLICL,4/28/2016,858.0,865.0,850.0,856.0,-0.23,3790.0,1408.0,102.0
SLICL,5/2/2016,856.0,870.0,856.0,858.0,0.23,1825.0,1408.0,102.0
SLICL,5/3/2016,858.0,870.0,851.0,851.0,-0.82,3595.0,1408.0,102.0
SLICL,5/4/2016,851.0,880.0,860.0,880.0,3.41,566.0,1408.0,102.0
SLICL,5/5/2016,880.0,865.0,852.0,852.0,-3.18,5179.0,1408.0,102.0
SLICL,5/8/2016,852.0,865.0,850.0,860.0,0.94,1085.0,1408.0,102.0
SLICL,5/9/2016,860.0,870.0,860.0,865.0,0.58,3543.0,1408.0,102.0
SLICL,5/10/2016,865.0,900.0,855.0,900.0,4.05,4853.0,1408.0,102.0
SLICL,5/11/2016,900.0,905.0,880.0,887.0,-1.44,4781.0,1408.0,102.0
SLICL,5/12/2016,887.0,892.0,875.0,885.0,-0.23,5995.0,1408.0,102.0
SLICL,5/15/2016,885.0,880.0,868.0,871.0,-1.58,756.0,1408.0,102.0
SLICL,5/16/2016,871.0,875.0,868.0,871.0,0.0,2100.0,1408.0,102.0
SLICL,5/17/2016,871.0,890.0,876.0,890.0,2.18,471.0,1408.0,102.0
SLICL,5/18/2016,890.0,908.0,900.0,904.0,1.57,5959.0,1408.0,102.0
SLICL,5/19/2016,904.0,925.0,882.0,901.0,-0.33,3692.0,1408.0,102.0
SLICL,5/22/2016,901.0,945.0,900.0,942.0,4.55,8921.0,1408.0,102.0
SLICL,5/23/2016,942.0,974.0,925.0,945.0,0.32,9432.0,1408.0,102.0
SLICL,5/24/2016,945.0,953.0,927.0,947.0,0.21,5630.0,1408.0,102.0
SLICL,5/25/2016,947.0,942.0,930.0,930.0,-1.8,1316.0,1408.0,102.0
SLICL,5/26/2016,930.0,939.0,912.0,925.0,-0.54,1121.0,1408.0,102.0
SLICL,5/29/2016,925.0,961.0,920.0,936.0,1.19,6404.0,1408.0,102.0
SLICL,5/30/2016,936.0,954.0,922.0,930.0,-0.64,8331.0,1408.0,102.0
SLICL,5/31/2016,930.0,930.0,921.0,925.0,-0.54,1754.0,1408.0,102.0
SLICL,6/1/2016,925.0,925.0,915.0,920.0,-0.54,4909.0,1408.0,102.0
SLICL,6/2/2016,920.0,924.0,901.0,923.0,0.33,1456.0,1408.0,102.0
SLICL,6/5/2016,923.0,914.0,870.0,870.0,-5.74,2060.0,1408.0,102.0
SLICL,6/6/2016,870.0,900.0,887.0,900.0,3.45,1385.0,1408.0,102.0
SLICL,6/7/2016,900.0,902.0,873.0,890.0,-1.11,515.0,1408.0,102.0
SLICL,6/8/2016,890.0,928.0,892.0,920.0,3.37,4309.0,1408.0,102.0
SLICL,6/9/2016,920.0,1012.0,930.0,1012.0,10.0,38971.0,1408.0,102.0
SLICL,6/12/2016,1012.0,1100.0,970.0,1065.0,5.24,22695.0,1408.0,102.0
SLICL,6/13/2016,1065.0,1130.0,1050.0,1060.0,-0.47,12583.0,1408.0,102.0
SLICL,6/14/2016,1060.0,1085.0,1060.0,1060.0,0.0,6147.0,1408.0,102.0
SLICL,6/15/2016,1060.0,1140.0,1070.0,1135.0,7.08,20039.0,1408.0,102.0
SLICL,6/16/2016,1135.0,1248.0,1157.0,1248.0,9.96,36617.0,1408.0,102.0
SLICL,6/19/2016,1248.0,1285.0,1176.0,1220.0,-2.24,26907.0,1408.0,102.0
SLICL,6/20/2016,1220.0,1220.0,1127.0,1135.0,-6.97,9748.0,1408.0,102.0
SLICL,6/21/2016,1135.0,1229.0,1134.0,1229.0,8.28,19041.0,1408.0,102.0
SLICL,6/22/2016,1229.0,1277.0,1230.0,1265.0,2.93,13743.0,1408.0,102.0
SLICL,6/23/2016,1265.0,1300.0,1216.0,1230.0,-2.77,12924.0,1408.0,102.0
SLICL,6/26/2016,1230.0,1353.0,1254.0,1275.0,3.66,22804.0,1408.0,102.0
SLICL,6/27/2016,1275.0,1295.0,1240.0,1258.0,-1.33,13688.0,1408.0,102.0
SLICL,6/28/2016,1258.0,1265.0,1210.0,1225.0,-2.62,11089.0,1408.0,102.0
SLICL,6/29/2016,1225.0,1264.0,1225.0,1252.0,2.2,5774.0,1408.0,102.0
SLICL,6/30/2016,1252.0,1269.0,1221.0,1225.0,-2.16,8392.0,1408.0,102.0
SLICL,7/3/2016,1225.0,1231.0,1200.0,1203.0,-1.8,6139.0,1408.0,102.0
SLICL,7/4/2016,1203.0,1214.0,1170.0,1200.0,-0.25,7150.0,1408.0,102.0
SLICL,7/5/2016,1200.0,1320.0,1215.0,1300.0,8.33,25231.0,1408.0,102.0
SLICL,7/6/2016,1300.0,1340.0,1275.0,1286.0,-1.08,20066.0,1408.0,102.0
SLICL,7/10/2016,1286.0,1293.0,1242.0,1251.0,-2.72,16033.0,1408.0,102.0
SLICL,7/11/2016,1251.0,1261.0,1181.0,1184.0,-5.36,26261.0,1408.0,102.0
SLICL,7/12/2016,967.0,1010.0,931.0,971.0,-17.99,5364.0,1408.0,102.0
SLICL,7/13/2016,971.0,960.0,940.0,940.0,-3.19,1764.0,1408.0,102.0
SLICL,7/14/2016,940.0,950.0,940.0,940.0,0.0,3309.0,1408.0,102.0
SLICL,7/17/2016,940.0,945.0,945.0,945.0,0.53,50.0,1408.0,102.0
SLICL,7/18/2016,945.0,1030.0,939.0,1026.0,8.57,4556.0,1408.0,102.0
SLICL,7/19/2016,1026.0,1032.0,990.0,990.0,-3.51,8424.0,1408.0,102.0
SLICL,7/20/2016,990.0,1014.0,952.0,990.0,0.0,2602.0,1408.0,102.0
SLICL,7/21/2016,990.0,999.0,951.0,999.0,0.91,5100.0,1408.0,102.0
SLICL,7/25/2016,999.0,1000.0,990.0,1000.0,0.1,1118.0,1408.0,102.0
SLICL,7/26/2016,1000.0,1000.0,971.0,971.0,-2.9,1398.0,1408.0,102.0
SLICL,7/27/2016,971.0,986.0,952.0,986.0,1.54,4272.0,1408.0,102.0
SLICL,7/28/2016,986.0,990.0,975.0,975.0,-1.12,5754.0,1408.0,102.0
SLICL,7/31/2016,975.0,1009.0,980.0,999.0,2.46,8768.0,1408.0,102.0
SLICL,8/1/2016,999.0,991.0,980.0,985.0,-1.4,2600.0,1408.0,102.0
SLICL,8/2/2016,985.0,985.0,930.0,930.0,-5.58,245.0,1408.0,102.0
SLICL,8/3/2016,930.0,950.0,913.0,950.0,2.15,2182.0,1408.0,102.0
SLICL,8/4/2016,950.0,940.0,920.0,921.0,-3.05,5809.0,1408.0,102.0
SLICL,8/7/2016,921.0,960.0,925.0,925.0,0.43,4265.0,1408.0,102.0
SLICL,8/8/2016,925.0,907.0,889.0,889.0,-3.89,200.0,1408.0,102.0
SLICL,8/10/2016,889.0,920.0,885.0,885.0,-0.45,6044.0,1408.0,102.0
SLICL,8/11/2016,885.0,890.0,875.0,885.0,0.0,691.0,1408.0,102.0
SLICL,8/14/2016,885.0,883.0,846.0,846.0,-4.41,968.0,1408.0,102.0
SLICL,8/15/2016,846.0,846.0,819.0,820.0,-3.07,2873.0,1408.0,102.0
SLICL,8/16/2016,820.0,830.0,804.0,830.0,1.22,2259.0,1408.0,102.0
SLICL,8/17/2016,830.0,875.0,815.0,846.0,1.93,1039.0,1408.0,102.0
SLICL,8/21/2016,846.0,842.0,835.0,835.0,-1.3,2050.0,1408.0,102.0
SLICL,8/22/2016,835.0,850.0,817.0,817.0,-2.16,2428.0,1408.0,102.0
SLICL,8/23/2016,817.0,815.0,800.0,800.0,-2.08,1289.0,1408.0,102.0
SLICL,8/24/2016,800.0,880.0,816.0,880.0,10.0,4345.0,1408.0,102.0
SLICL,8/28/2016,880.0,950.0,880.0,944.0,7.27,7789.0,1408.0,102.0
SLICL,8/29/2016,944.0,950.0,922.0,922.0,-2.33,5063.0,1408.0,102.0
SLICL,8/30/2016,922.0,927.0,915.0,921.0,-0.11,1440.0,1408.0,102.0
SLICL,8/31/2016,921.0,930.0,915.0,930.0,0.98,1486.0,1408.0,102.0
SLICL,9/1/2016,930.0,930.0,913.0,930.0,0.0,418.0,1408.0,102.0
SLICL,9/3/2016,930.0,915.0,900.0,900.0,-3.23,95.0,1408.0,102.0
SLICL,9/4/2016,930.0,915.0,900.0,900.0,0.0,95.0,1408.0,102.0
SLICL,9/5/2016,900.0,890.0,870.0,870.0,-3.33,1925.0,1408.0,102.0
SLICL,9/6/2016,870.0,940.0,887.0,908.0,4.37,11309.0,1408.0,102.0
SLICL,9/7/2016,908.0,920.0,908.0,908.0,0.0,1884.0,1408.0,102.0
SLICL,9/8/2016,908.0,938.0,920.0,935.0,2.97,4259.0,1408.0,102.0
SLICL,9/11/2016,935.0,953.0,917.0,935.0,0.0,2368.0,1408.0,102.0
SLICL,9/12/2016,935.0,954.0,935.0,950.0,1.6,3125.0,1408.0,102.0
SLICL,9/14/2016,950.0,969.0,936.0,954.0,0.42,2722.0,1408.0,102.0
SLICL,9/18/2016,954.0,950.0,918.0,935.0,-1.99,1515.0,1408.0,102.0
SLICL,9/20/2016,935.0,925.0,890.0,912.0,-2.46,2754.0,1408.0,102.0
SLICL,9/21/2016,912.0,910.0,875.0,896.0,-1.75,937.0,1408.0,102.0
SLICL,9/22/2016,896.0,910.0,890.0,900.0,0.45,2532.0,1408.0,102.0
SLICL,9/25/2016,900.0,899.0,879.0,880.0,-2.22,380.0,1408.0,102.0
SLICL,9/26/2016,880.0,902.0,870.0,895.0,1.7,2565.0,1408.0,102.0
SLICL,9/27/2016,895.0,900.0,885.0,900.0,0.56,369.0,1408.0,102.0
SLICL,9/28/2016,900.0,895.0,885.0,885.0,-1.67,792.0,1408.0,102.0
SLICL,9/29/2016,885.0,895.0,870.0,890.0,0.56,1658.0,1408.0,102.0
SLICL,10/2/2016,890.0,890.0,884.0,890.0,0.0,1854.0,1408.0,102.0
SLICL,10/3/2016,890.0,900.0,900.0,900.0,1.12,75.0,1408.0,102.0
SLICL,10/4/2016,900.0,930.0,886.0,920.0,2.22,2754.0,1408.0,102.0
SLICL,10/5/2016,920.0,902.0,885.0,902.0,-1.96,1000.0,1408.0,102.0
SLICL,10/6/2016,902.0,910.0,891.0,910.0,0.89,2740.0,1408.0,102.0
SLICL,10/16/2016,910.0,909.0,892.0,900.0,-1.1,350.0,1408.0,102.0
SLICL,10/17/2016,900.0,917.0,898.0,917.0,1.89,519.0,1408.0,102.0
SLICL,10/18/2016,917.0,915.0,900.0,909.0,-0.87,897.0,1408.0,102.0
SLICL,10/19/2016,910.0,910.0,885.0,885.0,-2.64,1121.0,1408.0,102.0
SLICL,10/20/2016,885.0,910.0,895.0,900.0,1.69,1746.0,1408.0,102.0
SLICL,10/23/2016,900.0,901.0,899.0,900.0,0.0,1084.0,1408.0,102.0
SLICL,10/24/2016,900.0,900.0,877.0,880.0,-2.22,3339.0,1408.0,102.0
SLICL,10/25/2016,880.0,880.0,880.0,880.0,0.0,1024.0,1408.0,102.0
SLICL,10/26/2016,880.0,897.0,863.0,895.0,1.7,917.0,1408.0,102.0
SLICL,10/27/2016,895.0,900.0,892.0,894.0,-0.11,710.0,1408.0,102.0
SLICL,11/3/2016,894.0,900.0,898.0,900.0,0.67,610.0,1408.0,102.0
SLICL,11/7/2016,900.0,910.0,882.0,900.0,0.0,2425.0,1408.0,102.0
SLICL,11/8/2016,900.0,890.0,873.0,885.0,-1.67,1610.0,1408.0,102.0
SLICL,11/9/2016,885.0,885.0,880.0,885.0,0.0,385.0,1408.0,102.0
SLICL,11/10/2016,885.0,881.0,863.0,863.0,-2.49,334.0,1408.0,102.0
SLICL,11/13/2016,863.0,870.0,853.0,853.0,-1.16,792.0,1408.0,102.0
SLICL,11/14/2016,853.0,877.0,860.0,875.0,2.58,2558.0,1408.0,102.0
SLICL,11/15/2016,875.0,892.0,880.0,880.0,0.57,1046.0,1408.0,102.0
SLICL,11/16/2016,880.0,894.0,881.0,889.0,1.02,2675.0,1408.0,102.0
SLICL,11/17/2016,889.0,873.0,866.0,867.0,-2.47,895.0,1408.0,102.0
SLICL,11/20/2016,867.0,850.0,820.0,835.0,-3.69,700.0,1408.0,102.0
SLICL,11/21/2016,835.0,851.0,825.0,840.0,0.6,1261.0,1408.0,102.0
SLICL,11/22/2016,840.0,840.0,827.0,827.0,-1.55,173.0,1408.0,102.0
SLICL,11/23/2016,827.0,825.0,745.0,746.0,-9.79,3995.0,1408.0,102.0
SLICL,11/24/2016,746.0,775.0,705.0,721.0,-3.35,8138.0,1408.0,102.0
SLICL,11/27/2016,721.0,713.0,693.0,693.0,-3.88,995.0,1408.0,102.0
SLICL,11/28/2016,693.0,762.0,680.0,749.0,8.08,6785.0,1408.0,102.0
SLICL,11/29/2016,749.0,780.0,720.0,780.0,4.14,2332.0,1408.0,102.0
SLICL,11/30/2016,780.0,834.0,774.0,834.0,6.92,5271.0,1408.0,102.0
SLICL,12/1/2016,834.0,855.0,810.0,810.0,-2.88,4020.0,1408.0,102.0
SLICL,12/4/2016,810.0,816.0,778.0,780.0,-3.7,3750.0,1408.0,102.0
SLICL,12/5/2016,780.0,780.0,765.0,765.0,-1.92,550.0,1408.0,102.0
SLICL,12/6/2016,765.0,780.0,735.0,760.0,-0.65,4407.0,1408.0,102.0
SLICL,12/7/2016,760.0,785.0,760.0,760.0,0.0,1380.0,1408.0,102.0
SLICL,12/8/2016,760.0,765.0,750.0,760.0,0.0,892.0,1408.0,102.0
SLICL,12/11/2016,760.0,760.0,732.0,735.0,-3.29,1511.0,1408.0,102.0
SLICL,12/12/2016,735.0,735.0,706.0,710.0,-3.4,3472.0,1408.0,102.0
SLICL,12/14/2016,710.0,715.0,705.0,715.0,0.7,2144.0,1408.0,102.0
SLICL,12/15/2016,715.0,758.0,705.0,758.0,6.01,1500.0,1408.0,102.0
SLICL,12/18/2016,758.0,772.0,740.0,750.0,-1.06,1371.0,1408.0,102.0
SLICL,12/19/2016,750.0,735.0,731.0,731.0,-2.53,442.0,1408.0,102.0
SLICL,12/20/2016,731.0,721.0,721.0,721.0,-1.37,200.0,1408.0,102.0
SLICL,12/21/2016,721.0,735.0,710.0,710.0,-1.53,980.0,1408.0,102.0
SLICL,12/22/2016,710.0,720.0,708.0,708.0,-0.28,1050.0,1408.0,102.0
SLICL,12/26/2016,708.0,694.0,668.0,668.0,-5.65,1010.0,1408.0,102.0
SLICL,12/27/2016,668.0,680.0,657.0,657.0,-1.65,3925.0,1408.0,102.0
SLICL,12/28/2016,657.0,680.0,663.0,667.0,1.52,1600.0,1408.0,102.0
SLICL,12/29/2016,667.0,720.0,654.0,692.0,3.75,4538.0,1408.0,102.0
SLICL,1/1/2017,692.0,718.0,692.0,704.0,1.73,3330.0,1408.0,102.0
SLICL,1/2/2017,704.0,730.0,700.0,730.0,3.69,1397.0,1408.0,102.0
SLICL,1/3/2017,730.0,716.0,691.0,691.0,-5.34,889.0,1408.0,102.0
SLICL,1/4/2017,691.0,714.0,700.0,700.0,1.3,1500.0,1408.0,102.0
SLICL,1/5/2017,700.0,695.0,690.0,690.0,-1.43,192.0,1408.0,102.0
SLICL,1/8/2017,690.0,700.0,670.0,680.0,-1.45,3762.0,1408.0,102.0
SLICL,1/9/2017,680.0,685.0,673.0,685.0,0.74,1599.0,1408.0,102.0
SLICL,1/10/2017,685.0,710.0,698.0,710.0,3.65,320.0,1408.0,102.0
SLICL,1/11/2017,710.0,725.0,684.0,684.0,-3.66,840.0,1408.0,102.0
SLICL,1/12/2017,684.0,701.0,692.0,692.0,1.17,1211.0,1408.0,102.0
SLICL,1/15/2017,692.0,701.0,700.0,701.0,1.3,558.0,1408.0,102.0
SLICL,1/16/2017,701.0,695.0,690.0,690.0,-1.57,450.0,1408.0,102.0
SLICL,1/17/2017,690.0,695.0,684.0,685.0,-0.72,1467.0,1408.0,102.0
SLICL,1/18/2017,685.0,681.0,680.0,681.0,-0.58,132.0,1408.0,102.0
SLICL,1/19/2017,681.0,690.0,670.0,670.0,-1.62,3076.0,1408.0,102.0
SLICL,1/22/2017,670.0,681.0,676.0,676.0,0.9,300.0,1408.0,102.0
SLICL,1/23/2017,676.0,679.0,666.0,678.0,0.3,253.0,1408.0,102.0
SLICL,1/24/2017,678.0,691.0,660.0,660.0,-2.65,366.0,1408.0,102.0
SLICL,1/25/2017,660.0,660.0,636.0,636.0,-3.64,7225.0,1408.0,102.0
SLICL,1/26/2017,636.0,640.0,621.0,625.0,-1.73,4400.0,1408.0,102.0
SLICL,1/30/2017,625.0,615.0,603.0,603.0,-3.52,134.0,1408.0,102.0
SLICL,1/31/2017,603.0,610.0,565.0,575.0,-4.64,7223.0,1408.0,102.0
SLICL,2/1/2017,575.0,622.0,585.0,622.0,8.17,3823.0,1408.0,102.0
SLICL,2/2/2017,622.0,635.0,615.0,617.0,-0.8,3400.0,1408.0,102.0
SLICL,2/5/2017,617.0,605.0,560.0,570.0,-7.62,3710.0,1408.0,102.0
SLICL,2/6/2017,570.0,570.0,558.0,558.0,-2.11,1245.0,1408.0,102.0
SLICL,2/7/2017,558.0,561.0,528.0,561.0,0.54,1656.0,1408.0,102.0
SLICL,2/8/2017,561.0,550.0,505.0,525.0,-6.42,2448.0,1408.0,102.0
SLICL,2/9/2017,525.0,515.0,480.0,480.0,-8.57,5270.0,1408.0,102.0
SLICL,2/12/2017,480.0,475.0,432.0,440.0,-8.33,5809.0,1408.0,102.0
SLICL,2/13/2017,440.0,448.0,396.0,448.0,1.82,6443.0,1408.0,102.0
SLICL,2/14/2017,448.0,482.0,435.0,445.0,-0.67,5432.0,1408.0,102.0
SLICL,2/15/2017,445.0,489.0,453.0,489.0,9.89,8623.0,1408.0,102.0
SLICL,2/16/2017,489.0,533.0,485.0,532.0,8.79,9071.0,1408.0,102.0
SLICL,2/19/2017,532.0,577.0,512.0,577.0,8.46,9571.0,1408.0,102.0
SLICL,2/20/2017,577.0,629.0,566.0,591.0,2.43,19527.0,1408.0,102.0
SLICL,2/21/2017,591.0,625.0,570.0,581.0,-1.69,12305.0,1408.0,102.0
SLICL,2/22/2017,581.0,592.0,553.0,553.0,-4.82,3057.0,1408.0,102.0
SLICL,2/23/2017,553.0,571.0,533.0,556.0,0.54,3927.0,1408.0,102.0
SLICL,2/26/2017,556.0,555.0,540.0,540.0,-2.88,496.0,1408.0,102.0
SLICL,2/28/2017,540.0,535.0,505.0,525.0,-2.78,3700.0,1408.0,102.0
SLICL,3/1/2017,525.0,554.0,529.0,549.0,4.57,7066.0,1408.0,102.0
SLICL,3/2/2017,549.0,565.0,540.0,556.0,1.28,3074.0,1408.0,102.0
SLICL,3/5/2017,556.0,599.0,560.0,581.0,4.5,6543.0,1408.0,102.0
SLICL,3/6/2017,581.0,605.0,570.0,570.0,-1.89,4624.0,1408.0,102.0
SLICL,3/7/2017,570.0,574.0,550.0,550.0,-3.51,2915.0,1408.0,102.0
SLICL,3/9/2017,550.0,585.0,559.0,571.0,3.82,2441.0,1408.0,102.0
SLICL,3/13/2017,571.0,590.0,571.0,590.0,3.33,2817.0,1408.0,102.0
SLICL,3/14/2017,590.0,590.0,569.0,569.0,-3.56,1600.0,1408.0,102.0
SLICL,3/15/2017,569.0,580.0,560.0,575.0,1.05,1646.0,1408.0,102.0
SLICL,3/16/2017,575.0,580.0,565.0,572.0,-0.52,1695.0,1408.0,102.0
SLICL,3/19/2017,572.0,607.0,572.0,595.0,4.02,4595.0,1408.0,102.0
SLICL,3/20/2017,595.0,654.0,600.0,654.0,9.92,18794.0,1408.0,102.0
SLICL,3/21/2017,654.0,692.0,633.0,689.0,5.35,28120.0,1408.0,102.0
SLICL,3/22/2017,689.0,720.0,676.0,684.0,-0.73,16313.0,1408.0,102.0
SLICL,3/23/2017,684.0,707.0,671.0,698.0,2.05,12296.0,1408.0,102.0
SLICL,3/26/2017,698.0,758.0,690.0,747.0,7.02,15197.0,1408.0,102.0
SLICL,3/28/2017,747.0,821.0,761.0,821.0,9.91,12762.0,1408.0,102.0
SLICL,3/29/2017,821.0,886.0,822.0,830.0,1.1,32134.0,1408.0,102.0
SLICL,3/30/2017,830.0,878.0,800.0,838.0,0.96,13261.0,1408.0,102.0
SLICL,4/2/2017,838.0,921.0,854.0,921.0,9.9,250.0,1408.0,102.0
SLICL,4/3/2017,921.0,1013.0,939.0,1000.0,8.58,29848.0,1408.0,102.0
SLICL,4/4/2017,1000.0,1059.0,980.0,1030.0,3.0,38231.0,1408.0,102.0
SLICL,4/6/2017,1030.0,1133.0,1010.0,1133.0,10.0,74408.0,1408.0,102.0
SLICL,4/9/2017,1133.0,1200.0,1112.0,1112.0,-1.85,51920.0,1408.0,102.0
SLICL,4/10/2017,1059.0,1164.0,1041.0,1164.0,4.68,22278.0,1408.0,102.0
SLICL,4/11/2017,1164.0,1280.0,1187.0,1280.0,9.97,31662.0,1408.0,102.0
SLICL,4/12/2017,1280.0,1408.0,1284.0,1284.0,0.31,74682.0,1408.0,102.0
SLICL,4/13/2017,1284.0,1380.0,1210.0,1335.0,3.97,43526.0,1408.0,102.0
SLICL,4/16/2017,1335.0,1335.0,1211.0,1216.0,-8.91,20159.0,1408.0,102.0
SLICL,4/18/2017,1216.0,1268.0,1100.0,1219.0,0.25,30646.0,1408.0,102.0
SLICL,4/19/2017,1219.0,1314.0,1200.0,1314.0,7.79,17950.0,1408.0,102.0
SLICL,4/20/2017,1314.0,1392.0,1250.0,1300.0,-1.07,19253.0,1408.0,102.0
SLICL,4/23/2017,1300.0,1406.0,1315.0,1340.0,3.08,36797.0,1408.0,102.0
SLICL,4/24/2017,1340.0,1340.0,1300.0,1311.0,-2.16,18033.0,1408.0,102.0
SLICL,4/25/2017,1311.0,1323.0,1274.0,1315.0,0.31,20783.0,1408.0,102.0
SLICL,4/26/2017,1315.0,1335.0,1280.0,1283.0,-2.43,8824.0,1408.0,102.0
SLICL,4/27/2017,1283.0,1362.0,1270.0,1304.0,1.64,31568.0,1408.0,102.0
SLICL,4/30/2017,1304.0,1300.0,1262.0,1299.0,-0.38,22199.0,1408.0,102.0
SLICL,5/2/2017,1299.0,1305.0,1260.0,1285.0,-1.08,11328.0,1408.0,102.0
SLICL,5/3/2017,1285.0,1314.0,1280.0,1295.0,0.78,9513.0,1408.0,102.0
SLICL,5/4/2017,1295.0,1285.0,1265.0,1265.0,-2.32,1920.0,1408.0,102.0
SLICL,5/7/2017,1265.0,1255.0,1189.0,1225.0,-3.16,5713.0,1408.0,102.0
SLICL,5/8/2017,1225.0,1245.0,1182.0,1235.0,0.82,6073.0,1408.0,102.0
SLICL,5/9/2017,1235.0,1255.0,1221.0,1246.0,0.89,1887.0,1408.0,102.0
SLICL,5/11/2017,1246.0,1260.0,1226.0,1237.0,-0.72,2661.0,1408.0,102.0
SLICL,5/15/2017,1237.0,1285.0,1232.0,1255.0,1.46,2571.0,1408.0,102.0
SLICL,5/16/2017,1255.0,1259.0,1234.0,1234.0,-1.67,873.0,1408.0,102.0
SLICL,5/17/2017,1234.0,1259.0,1211.0,1225.0,-0.73,1483.0,1408.0,102.0
SLICL,5/18/2017,1225.0,1232.0,1217.0,1232.0,0.57,3070.0,1408.0,102.0
SLICL,5/21/2017,1232.0,1220.0,1210.0,1215.0,-1.38,2607.0,1408.0,102.0
SLICL,5/22/2017,1215.0,1210.0,1175.0,1186.0,-2.39,1530.0,1408.0,102.0
SLICL,5/23/2017,1186.0,1234.0,1190.0,1200.0,1.18,4295.0,1408.0,102.0
SLICL,5/24/2017,1200.0,1215.0,1190.0,1215.0,1.25,4452.0,1408.0,102.0
SLICL,5/28/2017,1215.0,1235.0,1193.0,1193.0,-1.81,1430.0,1408.0,102.0
SLICL,5/30/2017,1193.0,1190.0,1160.0,1160.0,-2.77,1334.0,1408.0,102.0
SLICL,5/31/2017,1160.0,1199.0,1115.0,1185.0,2.16,6506.0,1408.0,102.0
SLICL,6/1/2017,1185.0,1205.0,1160.0,1170.0,-1.27,3927.0,1408.0,102.0
SLICL,6/4/2017,1170.0,1170.0,1140.0,1150.0,-1.71,2100.0,1408.0,102.0
SLICL,6/5/2017,1150.0,1180.0,1142.0,1160.0,0.87,1401.0,1408.0,102.0
SLICL,6/6/2017,1160.0,1206.0,1160.0,1195.0,3.02,5512.0,1408.0,102.0
SLICL,6/7/2017,1195.0,1201.0,1163.0,1163.0,-2.68,1920.0,1408.0,102.0
SLICL,6/8/2017,1163.0,1162.0,1151.0,1151.0,-1.03,1694.0,1408.0,102.0
SLICL,6/11/2017,1151.0,1155.0,1109.0,1109.0,-3.65,2862.0,1408.0,102.0
SLICL,6/12/2017,1109.0,1135.0,1090.0,1096.0,-1.17,3299.0,1408.0,102.0
SLICL,6/13/2017,1096.0,1095.0,1076.0,1084.0,-1.09,3413.0,1408.0,102.0
SLICL,6/14/2017,1084.0,1100.0,1079.0,1085.0,0.09,1334.0,1408.0,102.0
SLICL,6/15/2017,1085.0,1110.0,1075.0,1090.0,0.46,3986.0,1408.0,102.0
SLICL,6/18/2017,1090.0,1145.0,1100.0,1107.0,1.56,7739.0,1408.0,102.0
SLICL,6/19/2017,1107.0,1107.0,1085.0,1104.0,-0.27,11286.0,1408.0,102.0
SLICL,6/20/2017,1104.0,1104.0,1067.0,1089.0,-1.36,2734.0,1408.0,102.0
SLICL,6/21/2017,1089.0,1100.0,1080.0,1080.0,-0.83,437.0,1408.0,102.0
SLICL,6/22/2017,1080.0,1087.0,1069.0,1075.0,-0.46,5976.0,1408.0,102.0
SLICL,6/25/2017,1075.0,1095.0,1075.0,1082.0,0.65,2433.0,1408.0,102.0
SLICL,6/27/2017,1082.0,1079.0,1060.0,1060.0,-2.03,2534.0,1408.0,102.0
SLICL,6/28/2017,1060.0,1050.0,1040.0,1040.0,-1.89,1640.0,1408.0,102.0
SLICL,7/2/2017,1040.0,1030.0,1000.0,1013.0,-2.6,1855.0,1408.0,102.0
SLICL,7/3/2017,1013.0,1015.0,1000.0,1001.0,-1.18,3210.0,1408.0,102.0
SLICL,7/4/2017,1001.0,999.0,990.0,998.0,-0.3,714.0,1408.0,102.0
SLICL,7/5/2017,998.0,990.0,988.0,989.0,-0.9,2235.0,1408.0,102.0
SLICL,7/6/2017,989.0,1045.0,1000.0,1044.0,5.56,9951.0,1408.0,102.0
SLICL,7/9/2017,1044.0,1085.0,1000.0,1035.0,-0.86,3875.0,1408.0,102.0
SLICL,7/10/2017,1035.0,1040.0,1000.0,1034.0,-0.1,4156.0,1408.0,102.0
SLICL,7/11/2017,1034.0,1095.0,1040.0,1095.0,5.9,7266.0,1408.0,102.0
SLICL,7/12/2017,1095.0,1122.0,1055.0,1122.0,2.47,12480.0,1408.0,102.0
SLICL,7/13/2017,1122.0,1125.0,1069.0,1070.0,-4.63,974.0,1408.0,102.0
SLICL,7/16/2017,1070.0,1082.0,1075.0,1081.0,1.03,513.0,1408.0,102.0
SLICL,7/17/2017,1081.0,1150.0,1080.0,1135.0,5.0,4959.0,1408.0,102.0
SLICL,7/18/2017,1135.0,1209.0,1148.0,1190.0,4.85,15487.0,1408.0,102.0
SLICL,7/19/2017,1190.0,1220.0,1176.0,1176.0,-1.18,4675.0,1408.0,102.0
SLICL,7/20/2017,1176.0,1200.0,1160.0,1190.0,1.19,6832.0,1408.0,102.0
SLICL,7/23/2017,1190.0,1260.0,1197.0,1249.0,4.96,13910.0,1408.0,102.0
SLICL,7/24/2017,1249.0,1259.0,1224.0,1230.0,-1.52,6903.0,1408.0,102.0
SLICL,7/25/2017,1230.0,1269.0,1225.0,1269.0,3.17,7451.0,1408.0,102.0
SLICL,7/26/2017,1269.0,1300.0,1260.0,1300.0,2.44,11227.0,1408.0,102.0
SLICL,7/27/2017,1300.0,1322.0,1236.0,1250.0,-3.85,10364.0,1408.0,102.0
SLICL,7/30/2017,1250.0,1270.0,1220.0,1250.0,0.0,5969.0,1408.0,102.0
SLICL,7/31/2017,1250.0,1250.0,1230.0,1240.0,-0.8,2111.0,1408.0,102.0
SLICL,8/1/2017,1240.0,1235.0,1205.0,1220.0,-1.61,2922.0,1408.0,102.0
SLICL,8/2/2017,1220.0,1215.0,1200.0,1200.0,-1.64,5714.0,1408.0,102.0
SLICL,8/3/2017,1200.0,1204.0,1195.0,1195.0,-0.42,2146.0,1408.0,102.0
SLICL,8/6/2017,1195.0,1188.0,1175.0,1176.0,-1.59,5383.0,1408.0,102.0
SLICL,8/7/2017,1176.0,1170.0,1156.0,1165.0,-0.94,1580.0,1408.0,102.0
SLICL,8/9/2017,1165.0,1195.0,1172.0,1184.0,1.63,3863.0,1408.0,102.0
SLICL,8/10/2017,1184.0,1200.0,1165.0,1166.0,-1.52,3468.0,1408.0,102.0
SLICL,8/13/2017,1166.0,1180.0,1143.0,1170.0,0.34,1299.0,1408.0,102.0
SLICL,8/15/2017,1170.0,1180.0,1150.0,1160.0,-0.85,2996.0,1408.0,102.0
SLICL,8/16/2017,1160.0,1188.0,1153.0,1165.0,0.43,4994.0,1408.0,102.0
SLICL,8/17/2017,1165.0,1165.0,1150.0,1156.0,-0.77,3438.0,1408.0,102.0
SLICL,8/20/2017,1156.0,1191.0,1165.0,1176.0,1.73,6927.0,1408.0,102.0
SLICL,8/21/2017,1176.0,1185.0,1157.0,1157.0,-1.62,6309.0,1408.0,102.0
SLICL,8/22/2017,1157.0,1180.0,1154.0,1160.0,0.26,5525.0,1408.0,102.0
SLICL,8/23/2017,1160.0,1181.0,1158.0,1168.0,0.69,4637.0,1408.0,102.0
SLICL,8/24/2017,1168.0,1180.0,1166.0,1175.0,0.6,8227.0,1408.0,102.0
SLICL,8/27/2017,1068.0,1090.0,1050.0,1050.0,-10.64,1787.0,1408.0,102.0
SLICL,8/28/2017,1050.0,1059.0,1032.0,1059.0,0.86,1915.0,1408.0,102.0
SLICL,8/30/2017,1059.0,1040.0,1021.0,1030.0,-2.74,1397.0,1408.0,102.0
SLICL,8/31/2017,1030.0,1024.0,996.0,1004.0,-2.52,2307.0,1408.0,102.0
SLICL,9/4/2017,1004.0,1020.0,966.0,990.0,-1.39,4885.0,1408.0,102.0
SLICL,9/6/2017,990.0,1020.0,990.0,1010.0,2.02,2728.0,1408.0,102.0
SLICL,9/7/2017,1010.0,1010.0,985.0,985.0,-2.48,4531.0,1408.0,102.0
SLICL,9/10/2017,985.0,975.0,945.0,945.0,-4.06,4912.0,1408.0,102.0
SLICL,9/11/2017,945.0,962.0,947.0,947.0,0.21,2182.0,1408.0,102.0
SLICL,9/12/2017,947.0,960.0,943.0,946.0,-0.11,2512.0,1408.0,102.0
SLICL,9/13/2017,946.0,965.0,950.0,950.0,0.42,705.0,1408.0,102.0
SLICL,9/14/2017,950.0,988.0,965.0,985.0,3.68,4464.0,1408.0,102.0
SLICL,9/17/2017,985.0,1005.0,980.0,987.0,0.2,3924.0,1408.0,102.0
SLICL,9/18/2017,987.0,994.0,981.0,981.0,-0.61,1096.0,1408.0,102.0
SLICL,9/20/2017,981.0,985.0,962.0,965.0,-1.63,1289.0,1408.0,102.0
SLICL,9/24/2017,965.0,965.0,935.0,940.0,-2.59,2130.0,1408.0,102.0
SLICL,9/25/2017,940.0,958.0,940.0,950.0,1.06,4804.0,1408.0,102.0
SLICL,9/26/2017,950.0,970.0,950.0,970.0,2.11,3225.0,1408.0,102.0
SLICL,10/3/2017,970.0,995.0,971.0,977.0,0.72,510.0,1408.0,102.0
SLICL,10/4/2017,977.0,1000.0,960.0,999.0,2.25,1028.0,1408.0,102.0
SLICL,10/8/2017,999.0,980.0,927.0,961.0,-3.8,477.0,1408.0,102.0
SLICL,10/9/2017,961.0,965.0,950.0,960.0,-0.1,1071.0,1408.0,102.0
SLICL,10/10/2017,960.0,969.0,950.0,955.0,-0.52,335.0,1408.0,102.0
SLICL,10/11/2017,955.0,974.0,951.0,970.0,1.57,713.0,1408.0,102.0
SLICL,10/12/2017,970.0,960.0,941.0,941.0,-2.99,650.0,1408.0,102.0
SLICL,10/15/2017,941.0,949.0,931.0,949.0,0.85,322.0,1408.0,102.0
SLICL,10/16/2017,949.0,1020.0,967.0,1020.0,7.48,653.0,1408.0,102.0
SLICL,10/17/2017,1020.0,1039.0,970.0,1039.0,1.86,2831.0,1408.0,102.0
SLICL,10/18/2017,1039.0,1079.0,1003.0,1079.0,3.85,4043.0,1408.0,102.0
SLICL,10/22/2017,1079.0,1095.0,1058.0,1084.0,0.46,3338.0,1408.0,102.0
SLICL,10/23/2017,1084.0,1102.0,1070.0,1070.0,-1.29,40.0,1408.0,102.0
SLICL,10/24/2017,1070.0,1069.0,1033.0,1045.0,-2.34,1427.0,1408.0,102.0
SLICL,10/25/2017,1045.0,1049.0,1021.0,1041.0,-0.38,2150.0,1408.0,102.0
SLICL,10/29/2017,1041.0,1035.0,1021.0,1021.0,-1.92,1004.0,1408.0,102.0
SLICL,10/30/2017,1021.0,1018.0,1001.0,1006.0,-1.47,2359.0,1408.0,102.0
SLICL,10/31/2017,1006.0,1000.0,1000.0,1000.0,-0.6,140.0,1408.0,102.0
SLICL,11/1/2017,1000.0,995.0,980.0,995.0,-0.5,2308.0,1408.0,102.0
SLICL,11/2/2017,995.0,995.0,971.0,980.0,-1.51,936.0,1408.0,102.0
SLICL,11/5/2017,980.0,999.0,940.0,968.0,-1.22,2903.0,1408.0,102.0
SLICL,11/6/2017,968.0,1000.0,970.0,988.0,2.07,3621.0,1408.0,102.0
SLICL,11/7/2017,988.0,1020.0,969.0,977.0,-1.11,3270.0,1408.0,102.0
SLICL,11/8/2017,977.0,969.0,942.0,960.0,-1.74,3831.0,1408.0,102.0
SLICL,11/9/2017,960.0,990.0,943.0,956.0,-0.42,758.0,1408.0,102.0
SLICL,11/12/2017,956.0,979.0,964.0,979.0,2.41,1825.0,1408.0,102.0
SLICL,11/13/2017,979.0,1005.0,976.0,985.0,0.61,2116.0,1408.0,102.0
SLICL,11/14/2017,985.0,1005.0,983.0,1000.0,1.52,2550.0,1408.0,102.0
SLICL,11/15/2017,1000.0,1000.0,980.0,980.0,-2.0,6011.0,1408.0,102.0
SLICL,11/16/2017,980.0,980.0,975.0,975.0,-0.51,1220.0,1408.0,102.0
SLICL,11/19/2017,975.0,994.0,951.0,965.0,-1.03,1940.0,1408.0,102.0
SLICL,11/20/2017,965.0,970.0,960.0,970.0,0.52,982.0,1408.0,102.0
SLICL,11/21/2017,970.0,985.0,955.0,970.0,0.0,4593.0,1408.0,102.0
SLICL,11/22/2017,970.0,970.0,960.0,970.0,0.0,1207.0,1408.0,102.0
SLICL,11/23/2017,970.0,975.0,962.0,970.0,0.0,4581.0,1408.0,102.0
SLICL,11/26/2017,970.0,976.0,962.0,968.0,-0.21,5800.0,1408.0,102.0
SLICL,11/27/2017,968.0,985.0,964.0,964.0,-0.41,3422.0,1408.0,102.0
SLICL,11/28/2017,964.0,999.0,970.0,999.0,3.63,7840.0,1408.0,102.0
SLICL,11/29/2017,999.0,1020.0,994.0,1010.0,1.1,7914.0,1408.0,102.0
SLICL,11/30/2017,1010.0,1045.0,990.0,1014.0,0.4,9645.0,1408.0,102.0
SLICL,12/4/2017,1014.0,1025.0,1005.0,1015.0,0.1,5225.0,1408.0,102.0
SLICL,12/5/2017,1015.0,1020.0,1001.0,1005.0,-0.99,4131.0,1408.0,102.0
SLICL,12/6/2017,1005.0,1038.0,1015.0,1038.0,3.28,5990.0,1408.0,102.0
SLICL,12/10/2017,1038.0,1060.0,1031.0,1031.0,-0.67,13049.0,1408.0,102.0
SLICL,12/11/2017,1031.0,1034.0,1017.0,1034.0,0.29,697.0,1408.0,102.0
SLICL,12/12/2017,1034.0,1020.0,1000.0,1005.0,-2.8,2265.0,1408.0,102.0
SLICL,12/13/2017,1005.0,1020.0,1000.0,1020.0,1.49,1181.0,1408.0,102.0
SLICL,12/14/2017,1020.0,1025.0,1006.0,1015.0,-0.49,1642.0,1408.0,102.0
SLICL,12/17/2017,1015.0,1010.0,997.0,997.0,-1.77,3110.0,1408.0,102.0
SLICL,12/18/2017,997.0,1005.0,1000.0,1000.0,0.3,2009.0,1408.0,102.0
SLICL,12/19/2017,1000.0,995.0,988.0,990.0,-1.0,779.0,1408.0,102.0
SLICL,12/20/2017,990.0,1008.0,980.0,981.0,-0.91,2970.0,1408.0,102.0
SLICL,12/21/2017,981.0,987.0,980.0,987.0,0.61,855.0,1408.0,102.0
SLICL,12/24/2017,987.0,993.0,970.0,970.0,-1.72,1181.0,1408.0,102.0
SLICL,12/26/2017,970.0,970.0,951.0,954.0,-1.65,2013.0,1408.0,102.0
SLICL,12/27/2017,954.0,956.0,928.0,932.0,-2.31,6128.0,1408.0,102.0
SLICL,12/28/2017,932.0,945.0,914.0,940.0,0.86,3228.0,1408.0,102.0
SLICL,12/31/2017,940.0,958.0,922.0,926.0,-1.49,905.0,1408.0,102.0
SLICL,1/1/2018,926.0,970.0,917.0,970.0,4.75,3026.0,1408.0,102.0
SLICL,1/2/2018,970.0,975.0,955.0,959.0,-1.13,2181.0,1408.0,102.0
SLICL,1/3/2018,959.0,965.0,925.0,925.0,-3.55,1724.0,1408.0,102.0
SLICL,1/4/2018,925.0,940.0,922.0,940.0,1.62,3905.0,1408.0,102.0
SLICL,1/7/2018,940.0,944.0,931.0,944.0,0.43,1669.0,1408.0,102.0
SLICL,1/8/2018,944.0,962.0,940.0,960.0,1.69,4215.0,1408.0,102.0
SLICL,1/9/2018,960.0,974.0,955.0,964.0,0.42,2130.0,1408.0,102.0
SLICL,1/10/2018,964.0,960.0,937.0,939.0,-2.59,2334.0,1408.0,102.0
SLICL,1/14/2018,939.0,940.0,935.0,935.0,-0.43,320.0,1408.0,102.0
SLICL,1/16/2018,935.0,928.0,918.0,918.0,-1.82,850.0,1408.0,102.0
SLICL,1/17/2018,918.0,927.0,900.0,909.0,-0.98,1312.0,1408.0,102.0
SLICL,1/21/2018,909.0,920.0,901.0,916.0,0.77,1893.0,1408.0,102.0
SLICL,1/22/2018,916.0,910.0,907.0,908.0,-0.87,987.0,1408.0,102.0
SLICL,1/23/2018,908.0,905.0,890.0,900.0,-0.88,4213.0,1408.0,102.0
SLICL,1/24/2018,900.0,909.0,900.0,901.0,0.11,250.0,1408.0,102.0
SLICL,1/25/2018,901.0,924.0,901.0,922.0,2.33,7278.0,1408.0,102.0
SLICL,1/28/2018,922.0,932.0,920.0,925.0,0.33,4738.0,1408.0,102.0
SLICL,1/29/2018,925.0,925.0,915.0,915.0,-1.08,185.0,1408.0,102.0
SLICL,1/31/2018,915.0,921.0,908.0,921.0,0.66,2955.0,1408.0,102.0
SLICL,2/1/2018,921.0,926.0,918.0,924.0,0.33,1128.0,1408.0,102.0
SLICL,2/4/2018,924.0,940.0,907.0,925.0,0.11,1066.0,1408.0,102.0
SLICL,2/5/2018,925.0,915.0,900.0,914.0,-1.19,5102.0,1408.0,102.0
SLICL,2/6/2018,914.0,914.0,900.0,901.0,-1.42,1159.0,1408.0,102.0
SLICL,2/7/2018,901.0,898.0,885.0,898.0,-0.33,742.0,1408.0,102.0
SLICL,2/8/2018,898.0,901.0,885.0,900.0,0.22,2331.0,1408.0,102.0
SLICL,2/11/2018,900.0,915.0,887.0,891.0,-1.0,1927.0,1408.0,102.0
SLICL,2/12/2018,891.0,887.0,874.0,874.0,-1.91,1495.0,1408.0,102.0
SLICL,2/14/2018,874.0,890.0,880.0,890.0,1.83,775.0,1408.0,102.0
SLICL,2/15/2018,890.0,928.0,900.0,916.0,2.92,3792.0,1408.0,102.0
SLICL,2/18/2018,920.0,932.0,900.0,903.0,-1.42,2445.0,1408.0,102.0
SLICL,2/20/2018,905.0,905.0,888.0,888.0,-1.66,520.0,1408.0,102.0
SLICL,2/21/2018,890.0,900.0,890.0,900.0,1.35,181.0,1408.0,102.0
SLICL,2/22/2018,900.0,906.0,885.0,886.0,-1.56,1335.0,1408.0,102.0
SLICL,2/25/2018,885.0,885.0,850.0,850.0,-4.06,1309.0,1408.0,102.0
SLICL,2/26/2018,834.0,845.0,830.0,832.0,-2.12,1353.0,1408.0,102.0
SLICL,2/27/2018,845.0,848.0,832.0,833.0,0.12,2384.0,1408.0,102.0
SLICL,2/28/2018,848.0,848.0,785.0,800.0,-3.96,2348.0,1408.0,102.0
SLICL,3/4/2018,814.0,814.0,730.0,765.0,-4.37,2646.0,1408.0,102.0
SLICL,3/5/2018,765.0,775.0,735.0,735.0,-3.92,2321.0,1408.0,102.0
SLICL,3/6/2018,722.0,749.0,702.0,729.0,-0.82,1598.0,1408.0,102.0
SLICL,3/7/2018,740.0,768.0,740.0,760.0,4.25,2080.0,1408.0,102.0
SLICL,3/11/2018,770.0,770.0,710.0,711.0,-6.45,2524.0,1408.0,102.0
SLICL,3/12/2018,711.0,723.0,699.0,723.0,1.69,703.0,1408.0,102.0
SLICL,3/13/2018,720.0,734.0,710.0,734.0,1.52,1069.0,1408.0,102.0
SLICL,3/14/2018,722.0,742.0,720.0,742.0,1.09,315.0,1408.0,102.0
SLICL,3/15/2018,730.0,744.0,727.0,741.0,-0.13,1063.0,1408.0,102.0
SLICL,3/18/2018,742.0,742.0,710.0,710.0,-4.18,1602.0,1408.0,102.0
SLICL,3/19/2018,715.0,729.0,715.0,720.0,1.41,682.0,1408.0,102.0
SLICL,3/20/2018,720.0,720.0,703.0,719.0,-0.14,1734.0,1408.0,102.0
SLICL,3/21/2018,705.0,705.0,691.0,691.0,-3.89,2104.0,1408.0,102.0
SLICL,3/22/2018,681.0,703.0,636.0,660.0,-4.49,5696.0,1408.0,102.0
SLICL,3/26/2018,647.0,647.0,617.0,617.0,-6.52,6062.0,1408.0,102.0
SLICL,3/27/2018,622.0,671.0,589.0,665.0,7.78,3357.0,1408.0,102.0
SLICL,3/28/2018,666.0,672.0,641.0,642.0,-3.46,2834.0,1408.0,102.0
SLICL,3/29/2018,635.0,674.0,635.0,670.0,4.36,2870.0,1408.0,102.0
SLICL,4/1/2018,657.0,657.0,635.0,645.0,-3.73,2387.0,1408.0,102.0
SLICL,4/2/2018,640.0,647.0,635.0,640.0,-0.78,1842.0,1408.0,102.0
SLICL,4/3/2018,640.0,668.0,640.0,667.0,4.22,3093.0,1408.0,102.0
SLICL,4/4/2018,680.0,713.0,679.0,699.0,4.8,2754.0,1408.0,102.0
SLICL,4/5/2018,705.0,736.0,690.0,736.0,5.29,8394.0,1408.0,102.0
SLICL,4/8/2018,730.0,809.0,725.0,768.0,4.35,10211.0,1408.0,102.0
SLICL,4/9/2018,783.0,813.0,759.0,770.0,0.26,12241.0,1408.0,102.0
SLICL,4/10/2018,770.0,800.0,747.0,777.0,0.91,10978.0,1408.0,102.0
SLICL,4/11/2018,777.0,805.0,775.0,794.0,2.19,9702.0,1408.0,102.0
SLICL,4/12/2018,809.0,850.0,805.0,840.0,5.79,17948.0,1408.0,102.0
SLICL,4/15/2018,850.0,860.0,828.0,860.0,2.38,11756.0,1408.0,102.0
SLICL,4/16/2018,850.0,918.0,850.0,918.0,6.74,19494.0,1408.0,102.0
SLICL,4/17/2018,930.0,957.0,910.0,950.0,3.49,64496.0,1408.0,102.0
SLICL,4/18/2018,695.0,777.0,695.0,777.0,-18.21,36118.0,1408.0,102.0
SLICL,4/19/2018,783.0,789.0,736.0,736.0,-5.28,12538.0,1408.0,102.0
SLICL,4/22/2018,750.0,775.0,737.0,773.0,5.03,11290.0,1408.0,102.0
SLICL,4/23/2018,788.0,788.0,728.0,740.0,-4.27,13092.0,1408.0,102.0
SLICL,4/24/2018,754.0,757.0,725.0,749.0,1.22,10076.0,1408.0,102.0
SLICL,4/25/2018,736.0,754.0,735.0,740.0,-1.2,12924.0,1408.0,102.0
SLICL,4/26/2018,741.0,741.0,710.0,710.0,-4.05,10253.0,1408.0,102.0
SLICL,4/29/2018,724.0,734.0,696.0,706.0,-0.56,5853.0,1408.0,102.0
SLICL,5/2/2018,706.0,720.0,697.0,720.0,1.98,5261.0,1408.0,102.0
SLICL,5/3/2018,734.0,755.0,720.0,730.0,1.39,7800.0,1408.0,102.0
SLICL,5/6/2018,731.0,731.0,716.0,717.0,-1.78,3087.0,1408.0,102.0
SLICL,5/7/2018,715.0,720.0,705.0,715.0,-0.28,5217.0,1408.0,102.0
SLICL,5/8/2018,723.0,724.0,715.0,724.0,1.26,1985.0,1408.0,102.0
SLICL,5/9/2018,738.0,740.0,724.0,740.0,2.21,2315.0,1408.0,102.0
SLICL,5/10/2018,745.0,745.0,722.0,733.0,-0.95,1737.0,1408.0,102.0
SLICL,5/14/2018,735.0,735.0,716.0,718.0,-2.05,516.0,1408.0,102.0
SLICL,5/15/2018,718.0,718.0,711.0,711.0,-0.97,432.0,1408.0,102.0
SLICL,5/16/2018,715.0,715.0,715.0,715.0,0.56,20.0,1408.0,102.0
SLICL,5/17/2018,719.0,720.0,712.0,712.0,-0.42,1227.0,1408.0,102.0
SLICL,5/20/2018,726.0,727.0,713.0,719.0,0.98,3920.0,1408.0,102.0
SLICL,5/21/2018,728.0,728.0,711.0,724.0,0.7,854.0,1408.0,102.0
SLICL,5/22/2018,712.0,715.0,705.0,715.0,-1.24,1926.0,1408.0,102.0
SLICL,5/23/2018,709.0,714.0,704.0,704.0,-1.54,2500.0,1408.0,102.0
SLICL,5/24/2018,715.0,715.0,702.0,705.0,0.14,1913.0,1408.0,102.0
SLICL,5/27/2018,700.0,702.0,691.0,696.0,-1.28,2520.0,1408.0,102.0
SLICL,5/28/2018,705.0,723.0,701.0,723.0,3.88,1695.0,1408.0,102.0
SLICL,5/29/2018,723.0,737.0,712.0,730.0,0.97,3840.0,1408.0,102.0
SLICL,5/30/2018,725.0,740.0,717.0,725.0,-0.68,5353.0,1408.0,102.0
SLICL,5/31/2018,730.0,730.0,709.0,709.0,-2.21,1782.0,1408.0,102.0
SLICL,6/3/2018,695.0,705.0,675.0,686.0,-3.24,5872.0,1408.0,102.0
SLICL,6/4/2018,681.0,694.0,670.0,676.0,-1.46,2679.0,1408.0,102.0
SLICL,6/6/2018,689.0,730.0,689.0,700.0,3.55,1024.0,1408.0,102.0
SLICL,6/7/2018,695.0,695.0,662.0,671.0,-4.14,4792.0,1408.0,102.0
SLICL,6/10/2018,670.0,670.0,645.0,648.0,-3.43,2979.0,1408.0,102.0
SLICL,6/11/2018,654.0,679.0,654.0,655.0,1.08,7105.0,1408.0,102.0
SLICL,6/12/2018,665.0,670.0,660.0,660.0,0.76,1594.0,1408.0,102.0
SLICL,6/13/2018,660.0,684.0,660.0,675.0,2.27,452.0,1408.0,102.0
SLICL,6/14/2018,670.0,680.0,660.0,674.0,-0.15,1584.0,1408.0,102.0
SLICL,6/17/2018,661.0,680.0,661.0,661.0,-1.93,1599.0,1408.0,102.0
SLICL,6/18/2018,654.0,665.0,653.0,665.0,0.61,526.0,1408.0,102.0
SLICL,6/19/2018,677.0,677.0,653.0,653.0,-1.8,883.0,1408.0,102.0
SLICL,6/20/2018,666.0,679.0,659.0,659.0,0.92,250.0,1408.0,102.0
SLICL,6/21/2018,648.0,663.0,648.0,652.0,-1.06,1728.0,1408.0,102.0
SLICL,6/24/2018,665.0,691.0,665.0,679.0,4.14,4780.0,1408.0,102.0
SLICL,6/25/2018,680.0,688.0,665.0,665.0,-2.06,4913.0,1408.0,102.0
SLICL,6/26/2018,661.0,678.0,648.0,648.0,-2.56,3648.0,1408.0,102.0
SLICL,6/27/2018,660.0,660.0,650.0,650.0,0.31,2726.0,1408.0,102.0
SLICL,6/28/2018,663.0,673.0,645.0,650.0,0.0,3656.0,1408.0,102.0
SLICL,7/1/2018,580.0,580.0,570.0,570.0,-12.31,642.0,1408.0,102.0
SLICL,7/2/2018,570.0,570.0,548.0,560.0,-1.75,3064.0,1408.0,102.0
SLICL,7/3/2018,559.0,559.0,548.0,558.0,-0.36,5049.0,1408.0,102.0
SLICL,7/4/2018,560.0,560.0,547.0,551.0,-1.25,912.0,1408.0,102.0
SLICL,7/5/2018,562.0,593.0,562.0,593.0,7.62,4466.0,1408.0,102.0
SLICL,7/8/2018,604.0,628.0,595.0,610.0,2.87,6148.0,1408.0,102.0
SLICL,7/9/2018,620.0,620.0,581.0,581.0,-4.75,3717.0,1408.0,102.0
SLICL,7/10/2018,581.0,613.0,570.0,590.0,1.55,4587.0,1408.0,102.0
SLICL,7/11/2018,582.0,605.0,582.0,590.0,0.0,5613.0,1408.0,102.0
SLICL,7/12/2018,600.0,605.0,560.0,571.0,-3.22,4834.0,1408.0,102.0
SLICL,7/15/2018,572.0,581.0,572.0,581.0,1.75,1337.0,1408.0,102.0
SLICL,7/16/2018,592.0,600.0,585.0,600.0,3.27,2205.0,1408.0,102.0
SLICL,7/17/2018,612.0,613.0,597.0,597.0,-0.5,1738.0,1408.0,102.0
SLICL,7/18/2018,595.0,595.0,595.0,595.0,-0.34,250.0,1408.0,102.0
SLICL,7/19/2018,589.0,590.0,576.0,581.0,-2.35,2182.0,1408.0,102.0
SLICL,7/22/2018,588.0,588.0,561.0,562.0,-3.27,968.0,1408.0,102.0
SLICL,7/23/2018,570.0,581.0,570.0,581.0,3.38,1688.0,1408.0,102.0
SLICL,7/24/2018,592.0,600.0,581.0,586.0,0.86,3539.0,1408.0,102.0
SLICL,7/25/2018,586.0,586.0,577.0,580.0,-1.02,1786.0,1408.0,102.0
SLICL,7/26/2018,576.0,578.0,570.0,571.0,-1.55,1504.0,1408.0,102.0
SLICL,7/29/2018,571.0,578.0,565.0,578.0,1.23,1231.0,1408.0,102.0
SLICL,7/30/2018,580.0,580.0,567.0,571.0,-1.21,1135.0,1408.0,102.0
SLICL,7/31/2018,571.0,571.0,552.0,552.0,-3.33,1675.0,1408.0,102.0
SLICL,8/1/2018,546.0,567.0,546.0,552.0,0.0,1591.0,1408.0,102.0
SLICL,8/2/2018,555.0,559.0,552.0,559.0,1.27,3550.0,1408.0,102.0
SLICL,8/5/2018,552.0,558.0,552.0,552.0,-1.25,2004.0,1408.0,102.0
SLICL,8/6/2018,560.0,560.0,550.0,550.0,-0.36,260.0,1408.0,102.0
SLICL,8/7/2018,556.0,556.0,547.0,547.0,-0.55,430.0,1408.0,102.0
SLICL,8/8/2018,550.0,551.0,542.0,546.0,-0.18,1388.0,1408.0,102.0
SLICL,8/9/2018,555.0,555.0,536.0,543.0,-0.55,1005.0,1408.0,102.0
SLICL,8/12/2018,534.0,534.0,525.0,532.0,-2.03,1680.0,1408.0,102.0
SLICL,8/13/2018,530.0,540.0,528.0,535.0,0.56,1179.0,1408.0,102.0
SLICL,8/14/2018,526.0,535.0,526.0,535.0,0.0,233.0,1408.0,102.0
SLICL,8/15/2018,536.0,555.0,535.0,546.0,2.06,1283.0,1408.0,102.0
SLICL,8/16/2018,545.0,560.0,540.0,552.0,1.1,1503.0,1408.0,102.0
SLICL,8/19/2018,545.0,546.0,531.0,540.0,-2.17,956.0,1408.0,102.0
SLICL,8/20/2018,532.0,540.0,532.0,538.0,-0.37,1596.0,1408.0,102.0
SLICL,8/21/2018,548.0,548.0,542.0,542.0,0.74,580.0,1408.0,102.0
SLICL,8/22/2018,535.0,540.0,535.0,535.0,-1.29,904.0,1408.0,102.0
SLICL,8/23/2018,526.0,540.0,526.0,533.0,-0.37,1376.0,1408.0,102.0
SLICL,8/26/2018,530.0,531.0,530.0,531.0,-0.38,735.0,1408.0,102.0
SLICL,8/28/2018,525.0,540.0,525.0,530.0,-0.19,612.0,1408.0,102.0
SLICL,8/29/2018,528.0,533.0,526.0,529.0,-0.19,1295.0,1408.0,102.0
SLICL,8/30/2018,527.0,527.0,527.0,527.0,-0.38,2120.0,1408.0,102.0
SLICL,9/2/2018,517.0,527.0,517.0,527.0,0.0,2337.0,1408.0,102.0
SLICL,9/3/2018,530.0,550.0,530.0,538.0,2.09,1483.0,1408.0,102.0
SLICL,9/4/2018,540.0,545.0,530.0,540.0,0.37,2655.0,1408.0,102.0
SLICL,9/5/2018,533.0,554.0,523.0,554.0,2.59,12497.0,1408.0,102.0
SLICL,9/6/2018,546.0,558.0,533.0,533.0,-3.79,9440.0,1408.0,102.0
SLICL,9/9/2018,530.0,532.0,527.0,527.0,-1.13,974.0,1408.0,102.0
SLICL,9/10/2018,526.0,530.0,523.0,526.0,-0.19,1754.0,1408.0,102.0
SLICL,9/11/2018,530.0,538.0,528.0,529.0,0.57,1649.0,1408.0,102.0
SLICL,9/12/2018,529.0,534.0,526.0,530.0,0.19,1320.0,1408.0,102.0
SLICL,9/13/2018,539.0,550.0,527.0,531.0,0.19,6646.0,1408.0,102.0
SLICL,9/16/2018,532.0,556.0,532.0,538.0,1.32,5085.0,1408.0,102.0
SLICL,9/17/2018,544.0,566.0,534.0,555.0,3.16,6797.0,1408.0,102.0
SLICL,9/18/2018,544.0,577.0,544.0,561.0,1.08,11084.0,1408.0,102.0
SLICL,9/20/2018,553.0,565.0,550.0,550.0,-1.96,5260.0,1408.0,102.0
SLICL,9/23/2018,550.0,550.0,543.0,543.0,-1.27,2428.0,1408.0,102.0
SLICL,9/25/2018,543.0,561.0,541.0,550.0,1.29,3974.0,1408.0,102.0
SLICL,9/26/2018,555.0,562.0,546.0,550.0,0.0,4497.0,1408.0,102.0
SLICL,9/27/2018,546.0,549.0,543.0,544.0,-1.09,1737.0,1408.0,102.0
SLICL,9/30/2018,541.0,541.0,532.0,532.0,-2.21,2723.0,1408.0,102.0
SLICL,10/1/2018,534.0,538.0,520.0,520.0,-2.26,6431.0,1408.0,102.0
SLICL,10/2/2018,530.0,531.0,521.0,523.0,0.58,10415.0,1408.0,102.0
SLICL,10/3/2018,523.0,524.0,518.0,520.0,-0.57,4511.0,1408.0,102.0
SLICL,10/4/2018,520.0,524.0,516.0,516.0,-0.77,10239.0,1408.0,102.0
SLICL,10/7/2018,512.0,515.0,508.0,508.0,-1.55,3888.0,1408.0,102.0
SLICL,10/8/2018,508.0,516.0,508.0,510.0,0.39,6199.0,1408.0,102.0
SLICL,10/9/2018,520.0,531.0,515.0,517.0,1.37,6441.0,1408.0,102.0
SLICL,10/10/2018,512.0,522.0,512.0,520.0,0.58,1711.0,1408.0,102.0
SLICL,10/11/2018,525.0,525.0,521.0,521.0,0.19,3602.0,1408.0,102.0
SLICL,10/14/2018,530.0,534.0,521.0,530.0,1.73,2146.0,1408.0,102.0
SLICL,10/15/2018,534.0,535.0,521.0,530.0,0.0,2057.0,1408.0,102.0
SLICL,10/21/2018,528.0,528.0,522.0,522.0,-1.51,906.0,1408.0,102.0
SLICL,10/22/2018,520.0,520.0,520.0,520.0,-0.38,525.0,1408.0,102.0
SLICL,10/23/2018,520.0,520.0,512.0,515.0,-0.96,389.0,1408.0,102.0
SLICL,10/24/2018,515.0,516.0,511.0,516.0,0.19,2282.0,1408.0,102.0
SLICL,10/25/2018,515.0,520.0,510.0,510.0,-1.16,6534.0,1408.0,102.0
SLICL,10/28/2018,510.0,510.0,505.0,505.0,-0.98,3772.0,1408.0,102.0
SLICL,10/29/2018,502.0,506.0,502.0,503.0,-0.4,3654.0,1408.0,102.0
SLICL,10/30/2018,512.0,512.0,504.0,510.0,1.39,4041.0,1408.0,102.0
SLICL,10/31/2018,510.0,510.0,506.0,506.0,-0.78,1290.0,1408.0,102.0
SLICL,11/1/2018,506.0,508.0,503.0,505.0,-0.2,2602.0,1408.0,102.0
SLICL,11/4/2018,500.0,505.0,497.0,497.0,-1.58,2277.0,1408.0,102.0
SLICL,11/5/2018,500.0,511.0,500.0,511.0,2.82,1452.0,1408.0,102.0
SLICL,11/6/2018,511.0,511.0,497.0,511.0,0.0,271.0,1408.0,102.0
SLICL,11/11/2018,511.0,511.0,500.0,502.0,-1.76,1281.0,1408.0,102.0
SLICL,11/12/2018,494.0,502.0,492.0,495.0,-1.39,1041.0,1408.0,102.0
SLICL,11/13/2018,504.0,510.0,495.0,505.0,2.02,1948.0,1408.0,102.0
SLICL,11/14/2018,510.0,510.0,501.0,505.0,0.0,3061.0,1408.0,102.0
SLICL,11/15/2018,500.0,503.0,498.0,500.0,-0.99,2163.0,1408.0,102.0
SLICL,11/18/2018,500.0,505.0,496.0,497.0,-0.6,2539.0,1408.0,102.0
SLICL,11/19/2018,500.0,502.0,497.0,499.0,0.4,3130.0,1408.0,102.0
SLICL,11/20/2018,500.0,500.0,497.0,497.0,-0.4,713.0,1408.0,102.0
SLICL,11/21/2018,491.0,499.0,490.0,492.0,-1.01,3639.0,1408.0,102.0
SLICL,11/22/2018,492.0,495.0,491.0,492.0,0.0,665.0,1408.0,102.0
SLICL,11/25/2018,484.0,484.0,475.0,475.0,-3.46,2604.0,1408.0,102.0
SLICL,11/26/2018,466.0,467.0,457.0,457.0,-3.79,3857.0,1408.0,102.0
SLICL,11/27/2018,459.0,467.0,456.0,456.0,-0.22,3026.0,1408.0,102.0
SLICL,11/28/2018,460.0,460.0,450.0,455.0,-0.22,1781.0,1408.0,102.0
SLICL,11/29/2018,451.0,452.0,438.0,450.0,-1.1,3066.0,1408.0,102.0
SLICL,12/2/2018,453.0,453.0,428.0,436.0,-3.11,8271.0,1408.0,102.0
SLICL,12/3/2018,437.0,462.0,437.0,441.0,1.15,3488.0,1408.0,102.0
SLICL,12/4/2018,442.0,445.0,437.0,441.0,0.0,6284.0,1408.0,102.0
SLICL,12/5/2018,440.0,440.0,431.0,433.0,-1.81,3466.0,1408.0,102.0
SLICL,12/6/2018,425.0,465.0,425.0,450.0,3.93,2759.0,1408.0,102.0
SLICL,12/9/2018,452.0,452.0,441.0,452.0,0.44,1255.0,1408.0,102.0
SLICL,12/10/2018,455.0,474.0,455.0,469.0,3.76,3764.0,1408.0,102.0
SLICL,12/11/2018,471.0,471.0,464.0,466.0,-0.64,1011.0,1408.0,102.0
SLICL,12/12/2018,465.0,465.0,457.0,460.0,-1.29,2865.0,1408.0,102.0
SLICL,12/13/2018,460.0,472.0,455.0,465.0,1.09,2811.0,1408.0,102.0
SLICL,12/16/2018,474.0,489.0,474.0,485.0,4.3,3236.0,1408.0,102.0
SLICL,12/17/2018,490.0,525.0,490.0,524.0,8.04,5707.0,1408.0,102.0
SLICL,12/18/2018,525.0,545.0,500.0,505.0,-3.63,5802.0,1408.0,102.0
SLICL,12/19/2018,495.0,520.0,488.0,515.0,1.98,8204.0,1408.0,102.0
SLICL,12/20/2018,525.0,525.0,511.0,517.0,0.39,6334.0,1408.0,102.0
SLICL,12/23/2018,527.0,560.0,518.0,555.0,7.35,16319.0,1408.0,102.0
SLICL,12/24/2018,565.0,577.0,544.0,564.0,1.62,21152.0,1408.0,102.0
SLICL,12/25/2018,553.0,560.0,544.0,559.0,-0.89,6046.0,1408.0,102.0
SLICL,12/26/2018,565.0,600.0,563.0,599.0,7.16,26811.0,1408.0,102.0
SLICL,12/27/2018,609.0,614.0,581.0,593.0,-1.0,37045.0,1408.0,102.0
SLICL,12/30/2018,603.0,604.0,583.0,583.0,-1.69,12880.0,1408.0,102.0
SLICL,12/31/2018,583.0,589.0,572.0,572.0,-1.89,13971.0,1408.0,102.0
SLICL,1/1/2019,580.0,581.0,560.0,570.0,-0.35,6373.0,1408.0,102.0
SLICL,1/2/2019,570.0,570.0,555.0,558.0,-2.11,3530.0,1408.0,102.0
SLICL,1/3/2019,564.0,575.0,555.0,556.0,-0.36,3648.0,1408.0,102.0
SLICL,1/6/2019,567.0,567.0,549.0,551.0,-0.9,5741.0,1408.0,102.0
SLICL,1/7/2019,562.0,572.0,555.0,572.0,3.81,7074.0,1408.0,102.0
SLICL,1/8/2019,565.0,570.0,556.0,566.0,-1.05,4573.0,1408.0,102.0
SLICL,1/9/2019,570.0,573.0,559.0,562.0,-0.71,5626.0,1408.0,102.0
SLICL,1/10/2019,562.0,567.0,558.0,565.0,0.53,1050.0,1408.0,102.0
SLICL,1/13/2019,565.0,566.0,555.0,562.0,-0.53,4817.0,1408.0,102.0
SLICL,1/14/2019,560.0,560.0,553.0,553.0,-1.6,1919.0,1408.0,102.0
SLICL,1/15/2019,564.0,584.0,564.0,583.0,5.42,8467.0,1408.0,102.0
SLICL,1/16/2019,582.0,588.0,566.0,566.0,-2.92,10810.0,1408.0,102.0
SLICL,1/17/2019,575.0,575.0,556.0,556.0,-1.77,3079.0,1408.0,102.0
SLICL,1/20/2019,553.0,559.0,551.0,557.0,0.18,1284.0,1408.0,102.0
SLICL,1/21/2019,563.0,563.0,549.0,557.0,0.0,6701.0,1408.0,102.0
SLICL,1/22/2019,556.0,560.0,553.0,553.0,-0.72,2692.0,1408.0,102.0
SLICL,1/23/2019,552.0,563.0,552.0,560.0,1.27,3424.0,1408.0,102.0
SLICL,1/24/2019,558.0,560.0,556.0,556.0,-0.71,4529.0,1408.0,102.0
SLICL,1/27/2019,548.0,550.0,540.0,547.0,-1.62,13975.0,1408.0,102.0
SLICL,1/28/2019,542.0,554.0,538.0,554.0,1.28,3768.0,1408.0,102.0
SLICL,1/29/2019,554.0,554.0,550.0,552.0,-0.36,4161.0,1408.0,102.0
SLICL,1/30/2019,559.0,559.0,544.0,545.0,-1.27,3813.0,1408.0,102.0
SLICL,1/31/2019,544.0,550.0,543.0,550.0,0.92,1043.0,1408.0,102.0
SLICL,2/3/2019,548.0,549.0,541.0,543.0,-1.27,4042.0,1408.0,102.0
SLICL,2/4/2019,543.0,545.0,534.0,534.0,-1.66,12584.0,1408.0,102.0
SLICL,2/5/2019,529.0,546.0,529.0,540.0,1.12,882.0,1408.0,102.0
SLICL,2/6/2019,535.0,538.0,531.0,532.0,-1.48,1828.0,1408.0,102.0
SLICL,2/7/2019,530.0,540.0,524.0,532.0,0.0,1637.0,1408.0,102.0
SLICL,2/10/2019,540.0,540.0,510.0,513.0,-3.57,695.0,1408.0,102.0
SLICL,2/11/2019,520.0,529.0,520.0,524.0,2.14,3381.0,1408.0,102.0
SLICL,2/12/2019,525.0,525.0,511.0,512.0,-2.29,3020.0,1408.0,102.0
SLICL,2/13/2019,510.0,522.0,510.0,510.0,-0.39,3566.0,1408.0,102.0
SLICL,2/14/2019,511.0,520.0,507.0,507.0,-0.59,4270.0,1408.0,102.0
SLICL,2/17/2019,510.0,520.0,501.0,512.0,0.99,4362.0,1408.0,102.0
SLICL,2/18/2019,505.0,510.0,504.0,506.0,-1.17,865.0,1408.0,102.0
SLICL,2/19/2019,515.0,544.0,509.0,544.0,7.51,2844.0,1408.0,102.0
SLICL,2/20/2019,534.0,534.0,519.0,519.0,-4.6,3066.0,1408.0,102.0
SLICL,2/21/2019,524.0,529.0,516.0,529.0,1.93,2198.0,1408.0,102.0
SLICL,2/24/2019,530.0,530.0,519.0,519.0,-1.89,1367.0,1408.0,102.0
SLICL,2/25/2019,511.0,527.0,511.0,526.0,1.35,9926.0,1408.0,102.0
SLICL,2/26/2019,517.0,520.0,515.0,515.0,-2.09,2654.0,1408.0,102.0
SLICL,2/27/2019,518.0,526.0,512.0,513.0,-0.39,8357.0,1408.0,102.0
SLICL,3/3/2019,513.0,517.0,513.0,513.0,0.0,1360.0,1408.0,102.0
SLICL,3/5/2019,513.0,518.0,509.0,515.0,0.39,3785.0,1408.0,102.0
SLICL,3/6/2019,510.0,523.0,510.0,523.0,1.55,4248.0,1408.0,102.0
SLICL,3/7/2019,533.0,538.0,515.0,535.0,2.29,5286.0,1408.0,102.0
SLICL,3/10/2019,537.0,537.0,526.0,536.0,0.19,160.0,1408.0,102.0
SLICL,3/11/2019,531.0,540.0,526.0,540.0,0.75,6244.0,1408.0,102.0
SLICL,3/12/2019,540.0,550.0,540.0,545.0,0.93,6047.0,1408.0,102.0
SLICL,3/13/2019,540.0,550.0,536.0,536.0,-1.65,5441.0,1408.0,102.0
SLICL,3/14/2019,527.0,545.0,527.0,540.0,0.75,1881.0,1408.0,102.0
SLICL,3/17/2019,550.0,550.0,537.0,540.0,0.0,2265.0,1408.0,102.0
SLICL,3/18/2019,549.0,549.0,532.0,534.0,-1.11,1169.0,1408.0,102.0
SLICL,3/19/2019,535.0,535.0,526.0,526.0,-1.5,842.0,1408.0,102.0
SLICL,3/21/2019,519.0,522.0,515.0,522.0,-0.76,3038.0,1408.0,102.0
SLICL,3/24/2019,512.0,525.0,512.0,521.0,-0.19,1096.0,1408.0,102.0
SLICL,3/25/2019,524.0,530.0,521.0,525.0,0.77,3353.0,1408.0,102.0
SLICL,3/26/2019,522.0,525.0,517.0,517.0,-1.52,8177.0,1408.0,102.0
SLICL,3/27/2019,520.0,520.0,520.0,520.0,0.58,143.0,1408.0,102.0
SLICL,3/28/2019,520.0,526.0,518.0,524.0,0.77,3735.0,1408.0,102.0
SLICL,3/31/2019,518.0,521.0,518.0,518.0,-1.15,1150.0,1408.0,102.0
SLICL,4/1/2019,516.0,523.0,516.0,518.0,0.0,3972.0,1408.0,102.0
SLICL,4/2/2019,520.0,525.0,519.0,521.0,0.58,2013.0,1408.0,102.0
SLICL,4/3/2019,529.0,535.0,525.0,526.0,0.96,1769.0,1408.0,102.0
SLICL,4/4/2019,525.0,526.0,523.0,523.0,-0.57,227.0,1408.0,102.0
SLICL,4/7/2019,523.0,530.0,518.0,530.0,1.34,2069.0,1408.0,102.0
SLICL,4/8/2019,530.0,566.0,530.0,543.0,2.45,7533.0,1408.0,102.0
SLICL,4/9/2019,552.0,552.0,530.0,530.0,-2.39,4351.0,1408.0,102.0
SLICL,4/10/2019,523.0,536.0,523.0,535.0,0.94,1630.0,1408.0,102.0
SLICL,4/11/2019,527.0,535.0,525.0,525.0,-1.87,2524.0,1408.0,102.0
SLICL,4/15/2019,531.0,535.0,527.0,527.0,0.38,1168.0,1408.0,102.0
SLICL,4/16/2019,527.0,540.0,527.0,540.0,2.47,1854.0,1408.0,102.0
SLICL,4/17/2019,550.0,561.0,543.0,554.0,2.59,13433.0,1408.0,102.0
SLICL,4/18/2019,547.0,553.0,544.0,550.0,-0.72,3720.0,1408.0,102.0
SLICL,4/21/2019,560.0,560.0,540.0,542.0,-1.45,2087.0,1408.0,102.0
SLICL,4/22/2019,536.0,565.0,535.0,543.0,0.18,16148.0,1408.0,102.0
SLICL,4/23/2019,550.0,550.0,542.0,547.0,0.74,3850.0,1408.0,102.0
SLICL,4/24/2019,547.0,549.0,540.0,542.0,-0.91,2166.0,1408.0,102.0
SLICL,4/25/2019,550.0,560.0,542.0,549.0,1.29,8774.0,1408.0,102.0
SLICL,4/28/2019,559.0,603.0,559.0,603.0,9.84,46380.0,1408.0,102.0
SLICL,4/29/2019,600.0,610.0,578.0,581.0,-3.65,24761.0,1408.0,102.0
SLICL,4/30/2019,592.0,592.0,565.0,573.0,-1.38,8055.0,1408.0,102.0
SLICL,5/2/2019,584.0,584.0,562.0,578.0,0.87,4998.0,1408.0,102.0
SLICL,5/5/2019,575.0,575.0,565.0,565.0,-2.25,5533.0,1408.0,102.0
SLICL,5/6/2019,565.0,580.0,550.0,580.0,2.65,4415.0,1408.0,102.0
SLICL,5/7/2019,580.0,585.0,570.0,584.0,0.69,2580.0,1408.0,102.0
SLICL,5/8/2019,588.0,588.0,566.0,567.0,-2.91,2286.0,1408.0,102.0
SLICL,5/9/2019,570.0,585.0,566.0,575.0,1.41,3134.0,1408.0,102.0
SLICL,5/12/2019,586.0,607.0,580.0,607.0,5.57,44012.0,1408.0,102.0
SLICL,5/13/2019,615.0,615.0,584.0,596.0,-1.81,21302.0,1408.0,102.0
SLICL,5/14/2019,607.0,619.0,598.0,609.0,2.18,27716.0,1408.0,102.0
SLICL,5/15/2019,615.0,615.0,600.0,608.0,-0.16,16487.0,1408.0,102.0
SLICL,5/16/2019,608.0,609.0,599.0,608.0,0.0,16403.0,1408.0,102.0
SLICL,5/19/2019,602.0,605.0,597.0,603.0,-0.82,13426.0,1408.0,102.0
SLICL,5/20/2019,600.0,600.0,585.0,590.0,-2.16,13945.0,1408.0,102.0
SLICL,5/21/2019,592.0,592.0,589.0,591.0,0.17,5312.0,1408.0,102.0
SLICL,5/22/2019,595.0,602.0,585.0,585.0,-1.02,8739.0,1408.0,102.0
SLICL,5/23/2019,596.0,600.0,586.0,586.0,0.17,11805.0,1408.0,102.0
SLICL,5/26/2019,590.0,595.0,585.0,585.0,-0.17,6823.0,1408.0,102.0
SLICL,5/27/2019,580.0,587.0,580.0,582.0,-0.51,1311.0,1408.0,102.0
SLICL,5/28/2019,590.0,590.0,586.0,586.0,0.69,2398.0,1408.0,102.0
SLICL,5/29/2019,590.0,590.0,586.0,587.0,0.17,786.0,1408.0,102.0
SLICL,5/30/2019,598.0,603.0,587.0,587.0,0.0,7176.0,1408.0,102.0
SLICL,6/2/2019,585.0,593.0,581.0,584.0,-0.51,9325.0,1408.0,102.0
SLICL,6/3/2019,581.0,586.0,577.0,577.0,-1.2,7058.0,1408.0,102.0
SLICL,6/4/2019,583.0,585.0,575.0,575.0,-0.35,6567.0,1408.0,102.0
SLICL,6/6/2019,575.0,575.0,565.0,567.0,-1.39,10717.0,1408.0,102.0
SLICL,6/10/2019,570.0,570.0,555.0,560.0,-1.23,24663.0,1408.0,102.0
SLICL,6/11/2019,500.0,500.0,484.0,484.0,-13.57,7089.0,1408.0,102.0
SLICL,6/12/2019,480.0,480.0,466.0,468.0,-3.31,5734.0,1408.0,102.0
SLICL,6/13/2019,470.0,470.0,460.0,460.0,-1.71,9103.0,1408.0,102.0
SLICL,6/16/2019,456.0,460.0,449.0,452.0,-1.74,6924.0,1408.0,102.0
SLICL,6/17/2019,474.0,474.0,449.0,449.0,-0.66,2951.0,1408.0,102.0
SLICL,6/18/2019,455.0,460.0,455.0,458.0,2.0,6193.0,1408.0,102.0
SLICL,6/19/2019,465.0,474.0,461.0,462.0,0.87,2642.0,1408.0,102.0
SLICL,6/20/2019,461.0,462.0,455.0,456.0,-1.3,5302.0,1408.0,102.0
SLICL,6/23/2019,455.0,456.0,450.0,456.0,0.0,4027.0,1408.0,102.0
SLICL,6/24/2019,448.0,461.0,448.0,460.0,0.88,1055.0,1408.0,102.0
SLICL,6/25/2019,465.0,465.0,460.0,460.0,0.0,2989.0,1408.0,102.0
SLICL,6/26/2019,456.0,461.0,453.0,460.0,0.0,2814.0,1408.0,102.0
SLICL,6/27/2019,457.0,468.0,450.0,450.0,-2.17,5020.0,1408.0,102.0
SLICL,6/30/2019,450.0,455.0,450.0,450.0,0.0,438.0,1408.0,102.0
SLICL,7/1/2019,451.0,451.0,442.0,442.0,-1.78,3115.0,1408.0,102.0
SLICL,7/2/2019,442.0,473.0,442.0,473.0,7.01,1927.0,1408.0,102.0
SLICL,7/3/2019,465.0,477.0,450.0,470.0,-0.63,5924.0,1408.0,102.0
SLICL,7/4/2019,470.0,470.0,462.0,463.0,-1.49,5149.0,1408.0,102.0
SLICL,7/7/2019,460.0,460.0,457.0,457.0,-1.3,1875.0,1408.0,102.0
SLICL,7/8/2019,457.0,459.0,456.0,457.0,0.0,538.0,1408.0,102.0
SLICL,7/9/2019,465.0,465.0,453.0,453.0,-0.88,2065.0,1408.0,102.0
SLICL,7/10/2019,453.0,460.0,452.0,458.0,1.1,2414.0,1408.0,102.0
SLICL,7/11/2019,467.0,467.0,449.0,458.0,0.0,3528.0,1408.0,102.0
SLICL,7/14/2019,467.0,467.0,455.0,455.0,-0.66,1435.0,1408.0,102.0
SLICL,7/15/2019,456.0,465.0,456.0,458.0,0.66,2042.0,1408.0,102.0
SLICL,7/16/2019,480.0,480.0,456.0,456.0,-0.44,792.0,1408.0,102.0
SLICL,7/17/2019,460.0,465.0,457.0,464.0,1.75,3036.0,1408.0,102.0
SLICL,7/18/2019,467.0,467.0,461.0,466.0,0.43,1699.0,1408.0,102.0
SLICL,7/21/2019,465.0,465.0,456.0,464.0,-0.43,1713.0,1408.0,102.0
SLICL,7/22/2019,460.0,462.0,460.0,460.0,-0.86,1038.0,1408.0,102.0
SLICL,7/23/2019,461.0,465.0,459.0,465.0,1.09,563.0,1408.0,102.0
SLICL,7/24/2019,466.0,470.0,460.0,470.0,1.08,11618.0,1408.0,102.0
SLICL,7/25/2019,492.0,492.0,462.0,464.0,-1.28,3081.0,1408.0,102.0
SLICL,7/28/2019,455.0,459.0,450.0,450.0,-3.02,9908.0,1408.0,102.0
SLICL,7/29/2019,450.0,455.0,444.0,450.0,0.0,7456.0,1408.0,102.0
SLICL,7/30/2019,459.0,459.0,445.0,445.0,-1.11,2831.0,1408.0,102.0
SLICL,7/31/2019,445.0,455.0,445.0,455.0,2.25,2552.0,1408.0,102.0
SLICL,8/1/2019,455.0,456.0,448.0,455.0,0.0,2130.0,1408.0,102.0
SLICL,8/4/2019,456.0,456.0,450.0,451.0,-0.88,4953.0,1408.0,102.0
SLICL,8/5/2019,455.0,470.0,449.0,458.0,1.55,21179.0,1408.0,102.0
SLICL,8/6/2019,465.0,466.0,459.0,464.0,1.31,10049.0,1408.0,102.0
SLICL,8/7/2019,464.0,465.0,460.0,463.0,-0.22,5292.0,1408.0,102.0
SLICL,8/8/2019,464.0,464.0,453.0,455.0,-1.73,6872.0,1408.0,102.0
SLICL,8/11/2019,460.0,463.0,452.0,452.0,-0.66,9117.0,1408.0,102.0
SLICL,8/12/2019,460.0,460.0,450.0,452.0,0.0,11659.0,1408.0,102.0
SLICL,8/13/2019,446.0,457.0,446.0,451.0,-0.22,21092.0,1408.0,102.0
SLICL,8/14/2019,311.0,312.0,299.0,300.0,-33.48,7889.0,1408.0,102.0
SLICL,8/15/2019,300.0,303.0,300.0,302.0,0.67,1855.0,1408.0,102.0
SLICL,8/18/2019,307.0,308.0,302.0,302.0,0.0,5634.0,1408.0,102.0
SLICL,8/19/2019,303.0,303.0,298.0,302.0,0.0,5456.0,1408.0,102.0
SLICL,8/20/2019,301.0,301.0,299.0,299.0,-0.99,1115.0,1408.0,102.0
SLICL,8/21/2019,300.0,301.0,295.0,300.0,0.33,1749.0,1408.0,102.0
SLICL,8/22/2019,302.0,302.0,295.0,296.0,-1.33,624.0,1408.0,102.0
SLICL,8/25/2019,295.0,295.0,288.0,291.0,-1.69,3524.0,1408.0,102.0
SLICL,8/26/2019,290.0,290.0,287.0,287.0,-1.37,4343.0,1408.0,102.0
SLICL,8/27/2019,292.0,297.0,291.0,291.0,1.39,1124.0,1408.0,102.0
SLICL,8/28/2019,290.0,290.0,288.0,288.0,-1.03,1513.0,1408.0,102.0
SLICL,8/29/2019,286.0,288.0,283.0,284.0,-1.39,3502.0,1408.0,102.0
SLICL,9/1/2019,285.0,286.0,278.0,278.0,-2.11,3697.0,1408.0,102.0
SLICL,9/2/2019,276.0,276.0,270.0,274.0,-1.44,5532.0,1408.0,102.0
SLICL,9/3/2019,275.0,297.0,270.0,297.0,8.39,8514.0,1408.0,102.0
SLICL,9/4/2019,292.0,309.0,280.0,295.0,-0.67,15057.0,1408.0,102.0
SLICL,9/5/2019,292.0,296.0,289.0,292.0,-1.02,7623.0,1408.0,102.0
SLICL,9/8/2019,290.0,290.0,283.0,290.0,-0.68,3497.0,1408.0,102.0
SLICL,9/9/2019,286.0,286.0,280.0,281.0,-3.1,4520.0,1408.0,102.0
SLICL,9/10/2019,282.0,287.0,279.0,285.0,1.42,3283.0,1408.0,102.0
SLICL,9/11/2019,280.0,283.0,272.0,280.0,-1.75,3432.0,1408.0,102.0
SLICL,9/12/2019,275.0,280.0,273.0,273.0,-2.5,3839.0,1408.0,102.0
SLICL,9/15/2019,271.0,272.0,265.0,269.0,-1.47,5928.0,1408.0,102.0
SLICL,9/16/2019,264.0,264.0,256.0,258.0,-4.09,9219.0,1408.0,102.0
SLICL,9/17/2019,263.0,272.0,263.0,271.0,5.04,10127.0,1408.0,102.0
SLICL,9/18/2019,274.0,295.0,272.0,295.0,8.86,9805.0,1408.0,102.0
SLICL,9/19/2019,298.0,298.0,280.0,286.0,-3.05,5390.0,1408.0,102.0
SLICL,9/22/2019,279.0,279.0,265.0,265.0,-7.34,5425.0,1408.0,102.0
SLICL,9/23/2019,270.0,278.0,270.0,273.0,3.02,2213.0,1408.0,102.0
SLICL,9/24/2019,271.0,273.0,268.0,268.0,-1.83,2785.0,1408.0,102.0
SLICL,9/25/2019,272.0,273.0,263.0,266.0,-0.75,4795.0,1408.0,102.0
SLICL,9/26/2019,262.0,266.0,258.0,263.0,-1.13,2620.0,1408.0,102.0
SLICL,9/29/2019,263.0,265.0,258.0,265.0,0.76,3339.0,1408.0,102.0
SLICL,9/30/2019,265.0,273.0,263.0,273.0,3.02,3920.0,1408.0,102.0
SLICL,10/1/2019,269.0,280.0,269.0,277.0,1.47,1949.0,1408.0,102.0
SLICL,10/2/2019,281.0,282.0,263.0,263.0,-5.05,973.0,1408.0,102.0
SLICL,10/3/2019,268.0,270.0,265.0,268.0,1.9,1566.0,1408.0,102.0
SLICL,10/10/2019,265.0,267.0,265.0,265.0,-1.12,810.0,1408.0,102.0
SLICL,10/14/2019,260.0,265.0,256.0,265.0,0.0,1533.0,1408.0,102.0
SLICL,10/15/2019,264.0,273.0,263.0,273.0,3.02,2162.0,1408.0,102.0
SLICL,10/16/2019,268.0,269.0,268.0,268.0,-1.83,2777.0,1408.0,102.0
SLICL,10/17/2019,265.0,265.0,258.0,258.0,-3.73,8570.0,1408.0,102.0
SLICL,10/20/2019,259.0,264.0,258.0,258.0,0.0,7731.0,1408.0,102.0
SLICL,10/21/2019,263.0,273.0,259.0,260.0,0.78,1330.0,1408.0,102.0
SLICL,10/22/2019,265.0,269.0,260.0,269.0,3.46,401.0,1408.0,102.0
SLICL,10/23/2019,265.0,269.0,261.0,269.0,0.0,2613.0,1408.0,102.0
SLICL,10/24/2019,266.0,269.0,265.0,265.0,-1.49,1301.0,1408.0,102.0
SLICL,10/31/2019,260.0,262.0,260.0,262.0,-1.13,968.0,1408.0,102.0
SLICL,11/3/2019,257.0,260.0,254.0,258.0,-1.53,1936.0,1408.0,102.0
SLICL,11/4/2019,256.0,260.0,256.0,260.0,0.78,3756.0,1408.0,102.0
SLICL,11/5/2019,260.0,265.0,256.0,258.0,-0.77,1313.0,1408.0,102.0
SLICL,11/6/2019,257.0,264.0,256.0,256.0,-0.78,2806.0,1408.0,102.0
SLICL,11/7/2019,256.0,261.0,256.0,256.0,0.0,1761.0,1408.0,102.0
SLICL,11/10/2019,255.0,259.0,254.0,255.0,-0.39,2543.0,1408.0,102.0
SLICL,11/11/2019,252.0,261.0,252.0,261.0,2.35,2938.0,1408.0,102.0
SLICL,11/12/2019,260.0,260.0,253.0,254.0,-2.68,1652.0,1408.0,102.0
SLICL,11/13/2019,255.0,257.0,255.0,257.0,1.18,1034.0,1408.0,102.0
SLICL,11/14/2019,257.0,258.0,255.0,256.0,-0.39,1511.0,1408.0,102.0
SLICL,11/17/2019,256.0,261.0,256.0,260.0,1.56,2820.0,1408.0,102.0
SLICL,11/18/2019,256.0,258.0,256.0,258.0,-0.77,529.0,1408.0,102.0
SLICL,11/19/2019,255.0,260.0,255.0,256.0,-0.78,383.0,1408.0,102.0
SLICL,11/20/2019,258.0,261.0,254.0,256.0,0.0,1448.0,1408.0,102.0
SLICL,11/21/2019,253.0,253.0,250.0,253.0,-1.17,1540.0,1408.0,102.0
SLICL,11/24/2019,254.0,254.0,245.0,251.0,-0.79,1932.0,1408.0,102.0
SLICL,11/25/2019,246.0,250.0,242.0,245.0,-2.39,4483.0,1408.0,102.0
SLICL,11/26/2019,245.0,245.0,240.0,240.0,-2.04,2999.0,1408.0,102.0
SLICL,11/27/2019,237.0,251.0,237.0,247.0,2.92,2182.0,1408.0,102.0
SLICL,11/28/2019,247.0,250.0,245.0,249.0,0.81,3339.0,1408.0,102.0
SLICL,12/1/2019,245.0,248.0,240.0,240.0,-3.61,3083.0,1408.0,102.0
SLICL,12/2/2019,244.0,249.0,243.0,246.0,2.5,1977.0,1408.0,102.0
SLICL,12/3/2019,249.0,250.0,245.0,249.0,1.22,2136.0,1408.0,102.0
SLICL,12/4/2019,249.0,265.0,248.0,260.0,4.42,9208.0,1408.0,102.0
SLICL,12/5/2019,263.0,275.0,260.0,264.0,1.54,8383.0,1408.0,102.0
SLICL,12/8/2019,260.0,267.0,259.0,266.0,0.76,4368.0,1408.0,102.0
SLICL,12/9/2019,264.0,281.0,264.0,275.0,3.38,19986.0,1408.0,102.0
SLICL,12/10/2019,280.0,284.0,270.0,278.0,1.09,9336.0,1408.0,102.0
SLICL,12/11/2019,275.0,290.0,275.0,281.0,1.08,5949.0,1408.0,102.0
SLICL,12/12/2019,285.0,309.0,280.0,309.0,9.96,46388.0,1408.0,102.0
SLICL,12/15/2019,314.0,320.0,290.0,300.0,-2.91,39356.0,1408.0,102.0
SLICL,12/16/2019,294.0,304.0,285.0,288.0,-4.0,13300.0,1408.0,102.0
SLICL,12/17/2019,283.0,300.0,283.0,293.0,1.74,14909.0,1408.0,102.0
SLICL,12/18/2019,298.0,302.0,282.0,290.0,-1.02,6730.0,1408.0,102.0
SLICL,12/19/2019,290.0,290.0,280.0,283.0,-2.41,11455.0,1408.0,102.0
SLICL,12/22/2019,280.0,284.0,270.0,279.0,-1.41,44391.0,1408.0,102.0
SLICL,12/23/2019,284.0,298.0,276.0,294.0,5.38,37622.0,1408.0,102.0
SLICL,12/24/2019,299.0,304.0,287.0,291.0,-1.02,27221.0,1408.0,102.0
SLICL,12/25/2019,287.0,302.0,286.0,293.0,0.69,27006.0,1408.0,102.0
SLICL,12/26/2019,296.0,299.0,291.0,297.0,1.37,24241.0,1408.0,102.0
SLICL,12/29/2019,297.0,300.0,293.0,296.0,-0.34,16705.0,1408.0,102.0
SLICL,12/30/2019,301.0,312.0,295.0,307.0,3.72,70817.0,1408.0,102.0
SLICL,12/31/2019,322.0,322.0,302.0,308.0,0.33,42100.0,1408.0,102.0
SLICL,1/1/2020,323.0,323.0,306.0,308.0,0.0,14740.0,1408.0,102.0
SLICL,1/2/2020,303.0,309.0,303.0,305.0,-0.97,12887.0,1408.0,102.0
SLICL,1/5/2020,307.0,311.0,305.0,309.0,1.31,25581.0,1408.0,102.0
SLICL,1/6/2020,310.0,315.0,307.0,309.0,0.0,11282.0,1408.0,102.0
SLICL,1/7/2020,305.0,321.0,305.0,312.0,0.97,19870.0,1408.0,102.0
SLICL,1/8/2020,310.0,318.0,308.0,311.0,-0.32,17180.0,1408.0,102.0
SLICL,1/9/2020,311.0,314.0,309.0,310.0,-0.32,18490.0,1408.0,102.0
SLICL,1/12/2020,315.0,341.0,315.0,341.0,10.0,66020.0,1408.0,102.0
SLICL,1/13/2020,347.0,359.0,329.0,345.0,1.17,79857.0,1408.0,102.0
SLICL,1/14/2020,339.0,350.0,332.0,340.0,-1.45,36880.0,1408.0,102.0
SLICL,1/15/2020,334.0,352.0,334.0,341.0,0.29,20747.0,1408.0,102.0
SLICL,1/16/2020,347.0,356.0,340.0,349.0,2.35,42861.0,1408.0,102.0
SLICL,1/19/2020,343.0,383.0,343.0,383.0,9.74,71668.0,1408.0,102.0
SLICL,1/20/2020,390.0,408.0,378.0,393.0,2.61,138583.0,1408.0,102.0
SLICL,1/21/2020,400.0,426.0,380.0,401.0,2.04,115090.0,1408.0,102.0
SLICL,1/22/2020,405.0,434.0,400.0,422.0,5.24,184231.0,1408.0,102.0
SLICL,1/23/2020,421.0,440.0,415.0,419.0,-0.71,90932.0,1408.0,102.0
SLICL,1/26/2020,420.0,422.0,401.0,407.0,-2.86,55504.0,1408.0,102.0
SLICL,1/27/2020,410.0,419.0,394.0,419.0,2.95,57403.0,1408.0,102.0
SLICL,1/28/2020,427.0,438.0,420.0,430.0,2.63,87722.0,1408.0,102.0
SLICL,1/29/2020,422.0,435.0,422.0,426.0,-0.93,44812.0,1408.0,102.0
SLICL,1/30/2020,433.0,468.0,430.0,468.0,9.86,247838.0,1408.0,102.0
SLICL,2/2/2020,477.0,499.0,464.0,470.0,0.43,211108.0,1408.0,102.0
SLICL,2/3/2020,475.0,476.0,454.0,467.0,-0.64,72952.0,1408.0,102.0
SLICL,2/4/2020,465.0,481.0,458.0,464.0,-0.64,73014.0,1408.0,102.0
SLICL,2/5/2020,464.0,466.0,458.0,463.0,-0.22,55665.0,1408.0,102.0
SLICL,2/6/2020,470.0,470.0,458.0,465.0,0.43,54031.0,1408.0,102.0
SLICL,2/9/2020,468.0,468.0,444.0,450.0,-3.23,45792.0,1408.0,102.0
SLICL,2/10/2020,457.0,459.0,444.0,454.0,0.89,44500.0,1408.0,102.0
SLICL,2/11/2020,463.0,478.0,461.0,462.0,1.76,52799.0,1408.0,102.0
SLICL,2/12/2020,470.0,474.0,465.0,468.0,1.3,45081.0,1408.0,102.0
SLICL,2/13/2020,477.0,480.0,469.0,471.0,0.64,67730.0,1408.0,102.0
SLICL,2/16/2020,480.0,500.0,475.0,500.0,6.16,141700.0,1408.0,102.0
SLICL,2/17/2020,510.0,528.0,490.0,506.0,1.2,111367.0,1408.0,102.0
SLICL,2/18/2020,508.0,516.0,485.0,498.0,-1.58,76659.0,1408.0,102.0
SLICL,2/19/2020,498.0,506.0,476.0,498.0,0.0,29874.0,1408.0,102.0
SLICL,2/20/2020,500.0,525.0,495.0,525.0,5.42,95765.0,1408.0,102.0
SLICL,2/23/2020,528.0,540.0,514.0,524.0,-0.19,97600.0,1408.0,102.0
SLICL,2/24/2020,531.0,541.0,507.0,510.0,-2.67,44526.0,1408.0,102.0
SLICL,2/25/2020,500.0,561.0,500.0,553.0,8.43,103919.0,1408.0,102.0
SLICL,2/26/2020,564.0,580.0,549.0,565.0,2.17,123628.0,1408.0,102.0
SLICL,2/27/2020,554.0,574.0,527.0,553.0,-2.12,112783.0,1408.0,102.0
SLICL,3/1/2020,580.0,580.0,522.0,524.0,-5.24,69570.0,1408.0,102.0
SLICL,3/2/2020,550.0,550.0,473.0,473.0,-9.73,44539.0,1408.0,102.0
SLICL,3/3/2020,496.0,520.0,437.0,492.0,4.02,83413.0,1408.0,102.0
SLICL,3/4/2020,501.0,509.0,461.0,467.0,-5.08,58839.0,1408.0,102.0
SLICL,3/5/2020,460.0,489.0,442.0,466.0,-0.21,49998.0,1408.0,102.0
SLICL,3/10/2020,457.0,457.0,421.0,428.0,-8.15,20311.0,1408.0,102.0
SLICL,3/11/2020,435.0,463.0,421.0,463.0,8.18,42498.0,1408.0,102.0
SLICL,3/12/2020,472.0,479.0,438.0,444.0,-4.1,52077.0,1408.0,102.0
SLICL,3/15/2020,436.0,441.0,400.0,401.0,-9.68,81362.0,1408.0,102.0
SLICL,3/16/2020,393.0,416.0,388.0,408.0,1.75,58797.0,1408.0,102.0
SLICL,3/17/2020,400.0,402.0,375.0,376.0,-7.84,33330.0,1408.0,102.0
SLICL,3/18/2020,383.0,396.0,350.0,374.0,-0.53,38811.0,1408.0,102.0
SLICL,3/19/2020,367.0,390.0,346.0,372.0,-0.53,54658.0,1408.0,102.0
SLICL,3/22/2020,365.0,399.0,365.0,377.0,1.34,2270.0,1408.0,102.0
SLICL,5/12/2020,370.0,370.0,366.0,366.0,-2.92,120.0,1408.0,102.0
SLICL,6/29/2020,359.0,359.0,335.0,360.0,-1.64,13566.0,1408.0,102.0
SLICL,6/30/2020,360.0,396.0,360.0,396.0,10.0,4146.0,1408.0,102.0
SLICL,7/1/2020,403.0,435.0,403.0,435.0,9.85,4085.0,1408.0,102.0
SLICL,7/2/2020,443.0,443.0,395.0,395.0,-9.2,6490.0,1408.0,102.0
SLICL,7/5/2020,388.0,425.0,381.0,398.0,0.76,30550.0,1408.0,102.0
SLICL,7/6/2020,392.0,430.0,392.0,430.0,8.04,51033.0,1408.0,102.0
SLICL,7/7/2020,435.0,461.0,435.0,445.0,3.49,45829.0,1408.0,102.0
SLICL,7/8/2020,447.0,460.0,426.0,450.0,1.12,31500.0,1408.0,102.0
SLICL,7/9/2020,450.0,460.0,430.0,453.0,0.67,37937.0,1408.0,102.0
SLICL,7/12/2020,455.0,463.0,444.0,455.0,0.44,39576.0,1408.0,102.0
SLICL,7/13/2020,462.0,464.0,454.0,456.0,0.22,19575.0,1408.0,102.0
SLICL,7/14/2020,452.0,460.0,447.0,451.0,-1.1,22808.0,1408.0,102.0
SLICL,7/15/2020,460.0,460.0,447.0,448.0,-0.67,18148.0,1408.0,102.0
SLICL,7/16/2020,452.0,460.0,449.0,450.0,0.45,13439.0,1408.0,102.0
SLICL,7/19/2020,459.0,468.0,459.0,468.0,4.0,2610.0,1408.0,102.0
SLICL,7/20/2020,491.0,514.0,462.0,469.0,0.21,40704.0,1408.0,102.0
SLICL,7/21/2020,472.0,472.0,456.0,456.0,-2.77,25300.0,1408.0,102.0
SLICL,7/22/2020,465.0,465.0,441.0,448.0,-1.75,26203.0,1408.0,102.0
SLICL,7/23/2020,456.0,460.0,445.0,458.0,2.23,30265.0,1408.0,102.0
SLICL,7/26/2020,459.0,477.0,459.0,477.0,4.15,52114.0,1408.0,102.0
SLICL,7/27/2020,486.0,488.0,463.0,466.0,-2.31,29450.0,1408.0,102.0
SLICL,7/28/2020,461.0,470.0,454.0,462.0,-0.86,32887.0,1408.0,102.0
SLICL,7/29/2020,455.0,456.0,443.0,446.0,-3.46,44859.0,1408.0,102.0
SLICL,7/30/2020,450.0,459.0,445.0,450.0,0.9,24874.0,1408.0,102.0
SLICL,8/2/2020,450.0,450.0,427.0,430.0,-4.44,32771.0,1408.0,102.0
SLICL,8/3/2020,423.0,445.0,418.0,440.0,2.33,21212.0,1408.0,102.0
SLICL,8/5/2020,432.0,435.0,421.0,424.0,-3.64,28822.0,1408.0,102.0
SLICL,8/6/2020,424.0,432.0,419.0,428.0,0.94,23060.0,1408.0,102.0
SLICL,8/9/2020,423.0,438.0,419.0,437.0,2.1,22948.0,1408.0,102.0
SLICL,8/10/2020,444.0,459.0,437.0,455.0,4.12,45756.0,1408.0,102.0
SLICL,8/11/2020,475.0,475.0,447.0,455.0,0.0,23071.0,1408.0,102.0
SLICL,8/12/2020,464.0,464.0,449.0,460.0,1.1,21557.0,1408.0,102.0
SLICL,8/13/2020,451.0,459.0,445.0,448.0,-2.61,23382.0,1408.0,102.0
SLICL,8/16/2020,451.0,459.0,440.0,452.0,0.89,31032.0,1408.0,102.0
SLICL,8/17/2020,456.0,460.0,452.0,460.0,1.77,23967.0,1408.0,102.0
SLICL,8/18/2020,466.0,468.0,455.0,464.0,0.87,25501.0,1408.0,102.0
SLICL,8/19/2020,456.0,460.0,447.0,450.0,-3.02,22990.0,1408.0,102.0
SLICL,8/20/2020,448.0,459.0,448.0,456.0,1.33,8536.0,1408.0,102.0
SLICL,8/23/2020,464.0,470.0,450.0,470.0,3.07,52427.0,1408.0,102.0
SLICL,8/24/2020,493.0,494.0,475.0,491.0,4.47,114285.0,1408.0,102.0
SLICL,8/25/2020,515.0,530.0,489.0,520.0,5.91,165376.0,1408.0,102.0
SLICL,8/26/2020,525.0,550.0,525.0,538.0,3.46,152818.0,1408.0,102.0
SLICL,8/27/2020,538.0,550.0,528.0,546.0,1.49,127545.0,1408.0,102.0
SLICL,8/30/2020,546.0,565.0,526.0,564.0,3.3,95338.0,1408.0,102.0
SLICL,8/31/2020,565.0,602.0,565.0,581.0,3.01,219209.0,1408.0,102.0
SLICL,9/2/2020,592.0,605.0,559.0,561.0,-3.44,147398.0,1408.0,102.0
SLICL,9/3/2020,561.0,580.0,553.0,572.0,1.96,107930.0,1408.0,102.0
SLICL,9/6/2020,590.0,600.0,567.0,574.0,0.35,75681.0,1408.0,102.0
SLICL,9/7/2020,566.0,575.0,561.0,566.0,-1.39,49126.0,1408.0,102.0
SLICL,9/8/2020,563.0,580.0,560.0,576.0,1.77,62621.0,1408.0,102.0
SLICL,9/9/2020,548.0,616.0,548.0,615.0,6.77,205886.0,1408.0,102.0
SLICL,9/10/2020,627.0,645.0,625.0,641.0,4.23,139399.0,1408.0,102.0
SLICL,9/13/2020,650.0,655.0,634.0,642.0,0.16,101975.0,1408.0,102.0
SLICL,9/14/2020,640.0,650.0,625.0,631.0,-1.71,130253.0,1408.0,102.0
SLICL,9/15/2020,624.0,637.0,611.0,631.0,0.0,82817.0,1408.0,102.0
SLICL,9/16/2020,635.0,644.0,625.0,642.0,1.74,86723.0,1408.0,102.0
SLICL,9/17/2020,654.0,654.0,638.0,642.0,0.0,75361.0,1408.0,102.0
SLICL,9/20/2020,640.0,642.0,626.0,627.0,-2.34,35934.0,1408.0,102.0
SLICL,9/21/2020,624.0,635.0,620.0,623.0,-0.64,52043.0,1408.0,102.0
SLICL,9/22/2020,635.0,635.0,610.0,615.0,-1.28,69222.0,1408.0,102.0
SLICL,9/23/2020,610.0,625.0,608.0,623.0,1.3,39174.0,1408.0,102.0
SLICL,9/24/2020,628.0,628.0,616.0,623.0,0.0,24673.0,1408.0,102.0
SLICL,9/27/2020,624.0,634.0,610.0,617.0,-0.96,20309.0,1408.0,102.0
SLICL,9/28/2020,615.0,615.0,610.0,613.0,-0.65,18683.0,1408.0,102.0
SLICL,9/29/2020,605.0,612.0,600.0,601.0,-1.96,38564.0,1408.0,102.0
SLICL,9/30/2020,599.0,612.0,596.0,608.0,1.16,48975.0,1408.0,102.0
SLICL,10/1/2020,605.0,628.0,605.0,624.0,2.63,53806.0,1408.0,102.0
SLICL,10/4/2020,625.0,636.0,619.0,619.0,-0.8,23408.0,1408.0,102.0
SLICL,10/5/2020,623.0,630.0,618.0,622.0,0.48,33770.0,1408.0,102.0
SLICL,10/6/2020,620.0,621.0,612.0,618.0,-0.64,13911.0,1408.0,102.0
SLICL,10/7/2020,624.0,624.0,616.0,619.0,0.16,17403.0,1408.0,102.0
SLICL,10/8/2020,645.0,645.0,610.0,613.0,-0.97,29792.0,1408.0,102.0
SLICL,10/11/2020,610.0,623.0,607.0,610.0,-0.49,19290.0,1408.0,102.0
SLICL,10/12/2020,601.0,610.0,600.0,608.0,-0.33,15343.0,1408.0,102.0
SLICL,10/13/2020,605.0,610.0,605.0,606.0,-0.33,12929.0,1408.0,102.0
SLICL,10/14/2020,601.0,610.0,601.0,606.0,0.0,15282.0,1408.0,102.0
SLICL,10/15/2020,617.0,617.0,601.0,602.0,-0.66,24517.0,1408.0,102.0
SLICL,10/18/2020,609.0,609.0,595.0,596.0,-1.0,26865.0,1408.0,102.0
SLICL,10/19/2020,606.0,606.0,597.0,601.0,0.84,14318.0,1408.0,102.0
SLICL,10/20/2020,595.0,627.0,595.0,614.0,2.16,25565.0,1408.0,102.0
SLICL,10/21/2020,624.0,630.0,616.0,624.0,1.63,21844.0,1408.0,102.0
SLICL,10/22/2020,630.0,630.0,615.0,615.0,-1.44,18362.0,1408.0,102.0
SLICL,10/28/2020,612.0,623.0,612.0,620.0,0.81,9300.0,1408.0,102.0
SLICL,10/29/2020,650.0,650.0,616.0,618.0,-0.32,16949.0,1408.0,102.0
SLICL,11/1/2020,648.0,648.0,612.0,616.0,-0.32,16917.0,1408.0,102.0
SLICL,11/2/2020,627.0,627.0,616.0,620.0,0.65,21737.0,1408.0,102.0
SLICL,11/3/2020,622.0,632.0,622.0,629.0,1.45,43058.0,1408.0,102.0
SLICL,11/4/2020,633.0,635.0,621.0,632.0,0.48,48373.0,1408.0,102.0
SLICL,11/5/2020,640.0,640.0,629.0,632.0,0.0,50652.0,1408.0,102.0
SLICL,11/8/2020,645.0,645.0,629.0,634.0,0.32,34523.0,1408.0,102.0
SLICL,11/9/2020,635.0,643.0,630.0,632.0,-0.32,59739.0,1408.0,102.0
SLICL,11/10/2020,640.0,664.0,634.0,662.0,4.75,160883.0,1408.0,102.0
SLICL,11/11/2020,675.0,675.0,644.0,650.0,-1.81,154174.0,1408.0,102.0
SLICL,11/12/2020,650.0,653.0,641.0,645.0,-0.77,63423.0,1408.0,102.0
SLICL,11/18/2020,652.0,680.0,644.0,680.0,5.43,91513.0,1408.0,102.0
SLICL,11/19/2020,685.0,700.0,680.0,693.0,1.91,109171.0,1408.0,102.0
SLICL,11/22/2020,706.0,710.0,662.0,668.0,-3.61,96202.0,1408.0,102.0
SLICL,11/23/2020,675.0,675.0,642.0,656.0,-1.8,35730.0,1408.0,102.0
SLICL,11/24/2020,664.0,670.0,653.0,668.0,1.83,43656.0,1408.0,102.0
SLICL,11/25/2020,680.0,695.0,675.0,680.0,1.8,83534.0,1408.0,102.0
SLICL,11/26/2020,682.0,682.0,657.0,663.0,-2.5,55169.0,1408.0,102.0
SLICL,11/29/2020,651.0,663.0,651.0,660.0,-0.45,63725.0,1408.0,102.0
SLICL,11/30/2020,672.0,699.0,661.0,695.0,5.3,113454.0,1408.0,102.0
SLICL,12/1/2020,690.0,710.0,682.0,694.0,-0.14,84429.0,1408.0,102.0
SLICL,12/2/2020,707.0,747.0,695.0,747.0,7.64,172246.0,1408.0,102.0
SLICL,12/3/2020,755.0,765.0,713.0,730.0,-2.28,88954.0,1408.0,102.0
SLICL,12/6/2020,740.0,740.0,673.0,673.0,-7.81,75776.0,1408.0,102.0
SLICL,12/7/2020,670.0,710.0,666.0,703.0,4.46,80930.0,1408.0,102.0
SLICL,12/8/2020,738.0,738.0,695.0,703.0,0.0,66940.0,1408.0,102.0
SLICL,12/9/2020,690.0,699.0,680.0,688.0,-2.13,42425.0,1408.0,102.0
SLICL,12/10/2020,687.0,700.0,682.0,690.0,0.29,27447.0,1408.0,102.0
SLICL,12/13/2020,724.0,724.0,673.0,702.0,1.74,36423.0,1408.0,102.0
SLICL,12/14/2020,710.0,747.0,710.0,741.0,5.56,98345.0,1408.0,102.0
SLICL,12/15/2020,778.0,778.0,736.0,740.0,-0.13,85313.0,1408.0,102.0
SLICL,12/16/2020,777.0,777.0,725.0,740.0,0.0,46480.0,1408.0,102.0
SLICL,12/17/2020,730.0,747.0,716.0,735.0,-0.68,83159.0,1408.0,102.0
SLICL,12/20/2020,732.0,740.0,700.0,702.0,-4.49,136288.0,1408.0,102.0
SLICL,12/21/2020,689.0,723.0,676.0,717.0,2.14,76721.0,1408.0,102.0
SLICL,12/22/2020,750.0,750.0,717.0,739.0,3.07,48081.0,1408.0,102.0
SLICL,12/23/2020,725.0,770.0,725.0,750.0,1.49,114391.0,1408.0,102.0
SLICL,12/24/2020,755.0,755.0,721.0,735.0,-2.0,47178.0,1408.0,102.0
SLICL,12/27/2020,725.0,730.0,711.0,719.0,-2.18,37660.0,1408.0,102.0
SLICL,12/28/2020,711.0,732.0,709.0,720.0,0.14,26289.0,1408.0,102.0
SLICL,12/29/2020,713.0,723.0,712.0,718.0,-0.28,24591.0,1408.0,102.0
SLICL,12/30/2020,725.0,725.0,709.0,713.0,-0.7,26826.0,1408.0,102.0
SLICL,12/31/2020,714.0,723.0,702.0,708.0,-0.7,63585.0,1408.0,102.0
SLICL,1/3/2021,700.0,701.0,683.0,699.0,-1.27,48408.0,1408.0,102.0
SLICL,1/4/2021,710.0,710.0,686.0,686.0,-1.86,35092.0,1408.0,102.0
SLICL,1/5/2021,697.0,705.0,685.0,691.0,0.73,24325.0,1408.0,102.0
SLICL,1/6/2021,700.0,700.0,686.0,690.0,-0.14,20175.0,1408.0,102.0
SLICL,1/7/2021,690.0,705.0,690.0,700.0,1.45,35646.0,1408.0,102.0
SLICL,1/10/2021,695.0,714.0,695.0,700.0,0.0,16853.0,1408.0,102.0
SLICL,1/11/2021,735.0,749.0,700.0,720.0,2.86,32526.0,1408.0,102.0
SLICL,1/12/2021,734.0,741.0,719.0,741.0,2.92,100939.0,1408.0,102.0
SLICL,1/13/2021,755.0,769.0,744.0,746.0,0.67,84667.0,1408.0,102.0
SLICL,1/17/2021,740.0,770.0,740.0,770.0,3.22,99541.0,1408.0,102.0
SLICL,1/18/2021,781.0,834.0,781.0,824.0,7.01,157505.0,1408.0,102.0
SLICL,1/19/2021,830.0,847.0,808.0,810.0,-1.7,59736.0,1408.0,102.0
SLICL,1/20/2021,850.0,850.0,807.0,820.0,1.23,46999.0,1408.0,102.0
SLICL,1/21/2021,861.0,861.0,816.0,824.0,0.49,65529.0,1408.0,102.0
SLICL,1/24/2021,840.0,870.0,833.0,855.0,3.76,108518.0,1408.0,102.0
SLICL,1/25/2021,897.0,897.0,835.0,843.0,-1.4,78098.0,1408.0,102.0
SLICL,1/26/2021,855.0,859.0,826.0,836.0,-0.83,58467.0,1408.0,102.0
SLICL,1/27/2021,839.0,855.0,824.0,849.0,1.56,75785.0,1408.0,102.0
SLICL,1/28/2021,860.0,878.0,857.0,862.0,1.53,91714.0,1408.0,102.0
SLICL,1/31/2021,865.0,879.0,843.0,843.0,-2.2,83220.0,1408.0,102.0
SLICL,2/1/2021,859.0,860.0,842.0,848.0,0.59,43868.0,1408.0,102.0
SLICL,2/2/2021,860.0,894.0,860.0,889.0,4.83,84578.0,1408.0,102.0
SLICL,2/3/2021,906.0,939.0,875.0,889.0,0.0,73029.0,1408.0,102.0
SLICL,2/4/2021,933.0,933.0,873.0,889.0,0.0,34505.0,1408.0,102.0
SLICL,2/7/2021,903.0,936.0,893.0,931.0,4.72,99434.0,1408.0,102.0
SLICL,2/8/2021,940.0,955.0,913.0,920.0,-1.18,93319.0,1408.0,102.0
SLICL,2/9/2021,915.0,920.0,887.0,895.0,-2.72,56815.0,1408.0,102.0
SLICL,2/10/2021,912.0,912.0,884.0,889.0,-0.67,41087.0,1408.0,102.0
SLICL,2/11/2021,890.0,899.0,875.0,881.0,-0.9,40325.0,1408.0,102.0
SLICL,2/14/2021,875.0,885.0,862.0,870.0,-1.25,25333.0,1408.0,102.0
SLICL,2/15/2021,880.0,915.0,880.0,910.0,4.6,74253.0,1408.0,102.0
SLICL,2/16/2021,921.0,928.0,890.0,903.0,-0.77,56406.0,1408.0,102.0
SLICL,2/17/2021,900.0,913.0,885.0,910.0,0.78,41538.0,1408.0,102.0
SLICL,2/18/2021,913.0,913.0,889.0,892.0,-1.98,28004.0,1408.0,102.0
SLICL,2/21/2021,890.0,900.0,872.0,874.0,-2.02,33451.0,1408.0,102.0
SLICL,2/22/2021,878.0,880.0,844.0,852.0,-2.52,45709.0,1408.0,102.0
SLICL,2/23/2021,843.0,865.0,819.0,865.0,1.53,71503.0,1408.0,102.0
SLICL,2/24/2021,876.0,892.0,851.0,869.0,0.46,45422.0,1408.0,102.0
SLICL,2/25/2021,871.0,880.0,841.0,860.0,-1.04,29029.0,1408.0,102.0
SLICL,2/28/2021,845.0,845.0,817.0,817.0,-5.0,57450.0,1408.0,102.0
SLICL,3/1/2021,817.0,835.0,801.0,827.0,1.22,46960.0,1408.0,102.0
SLICL,3/2/2021,820.0,830.0,790.0,800.0,-3.26,46528.0,1408.0,102.0
SLICL,3/3/2021,798.0,798.0,769.0,776.0,-3.0,47988.0,1408.0,102.0
SLICL,3/4/2021,791.0,819.0,786.0,814.0,4.9,23815.0,1408.0,102.0
SLICL,3/7/2021,816.0,820.0,799.0,805.0,-1.11,16702.0,1408.0,102.0
SLICL,3/9/2021,800.0,805.0,785.0,786.0,-2.36,11510.0,1408.0,102.0
SLICL,3/10/2021,786.0,813.0,772.0,790.0,0.51,14860.0,1408.0,102.0
SLICL,3/14/2021,790.0,790.0,758.0,764.0,-3.29,14234.0,1408.0,102.0
SLICL,3/15/2021,750.0,780.0,735.0,748.0,-2.09,25728.0,1408.0,102.0
SLICL,3/16/2021,755.0,768.0,741.0,746.0,-0.27,14173.0,1408.0,102.0
SLICL,3/17/2021,760.0,788.0,750.0,780.0,4.56,27337.0,1408.0,102.0
SLICL,3/18/2021,780.0,804.0,780.0,800.0,2.56,22661.0,1408.0,102.0
SLICL,3/21/2021,800.0,835.0,798.0,832.0,4.0,35378.0,1408.0,102.0
SLICL,3/22/2021,848.0,860.0,805.0,809.0,-2.76,24329.0,1408.0,102.0
SLICL,3/23/2021,812.0,815.0,796.0,805.0,-0.49,10890.0,1408.0,102.0
SLICL,3/24/2021,821.0,821.0,807.0,811.0,0.75,15422.0,1408.0,102.0
SLICL,3/25/2021,820.0,827.0,804.0,804.0,-0.86,20924.0,1408.0,102.0
SLICL,3/29/2021,800.0,804.0,798.0,802.0,-0.25,6420.0,1408.0,102.0
SLICL,3/30/2021,803.0,812.0,801.0,805.0,0.37,26903.0,1408.0,102.0
SLICL,3/31/2021,820.0,842.0,809.0,835.0,3.73,39415.0,1408.0,102.0
SLICL,4/1/2021,876.0,876.0,829.0,835.0,0.0,43930.0,1408.0,102.0
SLICL,4/4/2021,851.0,855.0,840.0,850.0,1.8,58419.0,1408.0,102.0
SLICL,4/5/2021,858.0,858.0,840.0,843.0,-0.82,41860.0,1408.0,102.0
SLICL,4/6/2021,845.0,845.0,831.0,835.0,-0.95,16368.0,1408.0,102.0
SLICL,4/7/2021,848.0,848.0,835.0,839.0,0.48,40995.0,1408.0,102.0
SLICL,4/8/2021,825.0,849.0,825.0,841.0,0.24,53437.0,1408.0,102.0
SLICL,4/12/2021,842.0,842.0,828.0,838.0,-0.36,34081.0,1408.0,102.0
SLICL,4/13/2021,850.0,854.0,835.0,839.0,0.12,43554.0,1408.0,102.0
SLICL,4/15/2021,840.0,870.0,840.0,856.0,2.03,45187.0,1408.0,102.0
SLICL,4/18/2021,864.0,881.0,842.0,850.0,-0.7,44474.0,1408.0,102.0
SLICL,4/19/2021,850.0,865.0,839.0,844.0,-0.71,34493.0,1408.0,102.0
SLICL,4/20/2021,844.0,850.0,834.0,842.0,-0.24,15244.0,1408.0,102.0
SLICL,4/21/2021,842.0,842.0,821.0,830.0,-1.43,21123.0,1408.0,102.0
SLICL,4/22/2021,871.0,871.0,814.0,829.0,-0.12,24923.0,1408.0,102.0
SLICL,4/25/2021,830.0,830.0,800.0,813.0,-1.93,33977.0,1408.0,102.0
SLICL,4/26/2021,853.0,853.0,788.0,798.0,-1.85,27160.0,1408.0,102.0
SLICL,4/27/2021,805.0,830.0,805.0,830.0,4.01,18702.0,1408.0,102.0
SLICL,4/28/2021,830.0,830.0,799.0,814.0,-1.93,6976.0,1408.0,102.0
SLICL,4/29/2021,805.0,828.0,802.0,824.0,1.23,11175.0,1408.0,102.0
SLICL,5/2/2021,820.0,855.0,820.0,849.0,3.03,40470.0,1408.0,102.0
SLICL,5/3/2021,860.0,882.0,844.0,850.0,0.12,36101.0,1408.0,102.0
SLICL,5/4/2021,850.0,855.0,843.0,846.0,-0.47,13003.0,1408.0,102.0
SLICL,5/5/2021,845.0,849.0,835.0,838.0,-0.95,14333.0,1408.0,102.0
SLICL,5/6/2021,831.0,849.0,819.0,825.0,-1.55,17133.0,1408.0,102.0
SLICL,5/9/2021,824.0,833.0,813.0,819.0,-0.73,12052.0,1408.0,102.0
SLICL,5/10/2021,819.0,834.0,819.0,834.0,1.83,26803.0,1408.0,102.0
SLICL,5/11/2021,843.0,850.0,836.0,843.0,1.08,33036.0,1408.0,102.0
SLICL,5/12/2021,845.0,848.0,835.0,840.0,-0.36,18000.0,1408.0,102.0
SLICL,5/13/2021,845.0,856.0,840.0,850.0,1.19,40395.0,1408.0,102.0
SLICL,5/16/2021,861.0,897.0,855.0,889.0,4.59,110847.0,1408.0,102.0
SLICL,5/17/2021,899.0,927.0,893.0,895.0,0.67,152265.0,1408.0,102.0
SLICL,5/18/2021,939.0,939.0,898.0,915.0,2.23,109270.0,1408.0,102.0
SLICL,5/19/2021,929.0,940.0,907.0,908.0,-0.77,87678.0,1408.0,102.0
SLICL,5/20/2021,925.0,925.0,897.0,904.0,-0.44,48490.0,1408.0,102.0
SLICL,5/23/2021,900.0,977.0,883.0,956.0,5.75,167922.0,1408.0,102.0
SLICL,5/24/2021,995.0,1003.0,975.0,998.0,4.39,250543.0,1408.0,102.0
SLICL,5/25/2021,1015.0,1089.0,995.0,1053.0,5.51,281716.0,1408.0,102.0
SLICL,5/27/2021,1025.0,1080.0,1005.0,1034.0,-1.8,153404.0,1408.0,102.0
SLICL,5/30/2021,1051.0,1051.0,1012.0,1025.0,-0.87,182328.0,1408.0,102.0
SLICL,5/31/2021,1025.0,1039.0,982.0,988.0,-3.61,108340.0,1408.0,102.0
SLICL,6/1/2021,988.0,991.0,950.0,973.0,-1.52,121747.0,1408.0,102.0
SLICL,6/2/2021,925.0,1014.0,925.0,998.0,2.57,86066.0,1408.0,102.0
SLICL,6/3/2021,1015.0,1029.0,1001.0,1007.0,0.9,82110.0,1408.0,102.0
SLICL,6/6/2021,960.0,1017.0,960.0,1000.0,-0.7,73501.0,1408.0,102.0
SLICL,6/7/2021,1000.0,1005.0,989.0,993.0,-0.7,33537.0,1408.0,102.0
SLICL,6/8/2021,1008.0,1045.0,993.0,1044.0,5.14,116365.0,1408.0,102.0
SLICL,6/9/2021,1090.0,1091.0,1032.0,1042.0,-0.19,141160.0,1408.0,102.0
SLICL,6/10/2021,1061.0,1082.0,1023.0,1023.0,-1.82,59432.0,1408.0,102.0
SLICL,6/13/2021,1040.0,1040.0,1005.0,1019.0,-0.39,54767.0,1408.0,102.0
SLICL,6/14/2021,1022.0,1030.0,1010.0,1015.0,-0.39,48858.0,1408.0,102.0
SLICL,6/15/2021,1035.0,1039.0,1001.0,1007.0,-0.79,60467.0,1408.0,102.0
SLICL,6/16/2021,995.0,1014.0,986.0,999.0,-0.79,47429.0,1408.0,102.0
SLICL,6/17/2021,1009.0,1018.0,980.0,999.0,0.0,44328.0,1408.0,102.0
SLICL,6/20/2021,997.0,1007.0,969.0,971.0,-2.8,41963.0,1408.0,102.0
SLICL,6/21/2021,971.0,978.0,935.0,945.0,-2.68,71100.0,1408.0,102.0
SLICL,6/22/2021,955.0,979.0,940.0,979.0,3.6,33928.0,1408.0,102.0
SLICL,6/23/2021,998.0,998.0,944.0,945.0,-3.47,31800.0,1408.0,102.0
SLICL,6/24/2021,945.0,953.0,935.0,936.0,-0.95,32803.0,1408.0,102.0
SLICL,6/27/2021,940.0,947.0,929.0,932.0,-0.43,19546.0,1408.0,102.0
SLICL,6/28/2021,932.0,946.0,920.0,924.0,-0.86,28418.0,1408.0,102.0
SLICL,6/29/2021,920.0,936.0,904.0,909.0,-1.62,19194.0,1408.0,102.0
SLICL,6/30/2021,901.0,907.0,887.0,895.0,-1.54,29801.0,1408.0,102.0
SLICL,7/1/2021,912.0,925.0,900.0,914.0,2.12,35573.0,1408.0,102.0
SLICL,7/4/2021,915.0,920.0,906.0,907.0,-0.77,17369.0,1408.0,102.0
SLICL,7/5/2021,903.0,910.0,891.0,893.0,-1.54,25037.0,1408.0,102.0
SLICL,7/6/2021,895.0,905.0,890.0,892.0,-0.11,49375.0,1408.0,102.0
SLICL,7/7/2021,895.0,899.0,890.0,891.0,-0.11,21575.0,1408.0,102.0
SLICL,7/8/2021,891.0,910.0,886.0,895.0,0.45,28324.0,1408.0,102.0
SLICL,7/11/2021,901.0,950.0,901.0,950.0,6.15,24380.0,1408.0,102.0
SLICL,7/12/2021,968.0,968.0,918.0,927.0,-2.42,44207.0,1408.0,102.0
SLICL,7/13/2021,920.0,936.0,920.0,927.0,0.0,15410.0,1408.0,102.0
SLICL,7/14/2021,922.0,927.0,920.0,921.0,-0.65,61633.0,1408.0,102.0
SLICL,7/15/2021,925.0,930.0,920.0,922.0,0.11,15948.0,1408.0,102.0
SLICL,7/18/2021,926.0,963.0,926.0,963.0,4.45,24382.0,1408.0,102.0
SLICL,7/19/2021,982.0,985.0,961.0,965.0,0.21,27130.0,1408.0,102.0
SLICL,7/20/2021,945.7,978.0,945.7,957.0,-0.83,15551.0,1408.0,102.0
SLICL,7/22/2021,963.0,966.0,945.0,952.0,-0.52,24746.0,1408.0,102.0
SLICL,7/25/2021,955.0,960.0,946.0,947.0,-0.53,22398.0,1408.0,102.0
SLICL,7/26/2021,948.0,960.0,945.0,955.0,0.84,22424.0,1408.0,102.0
SLICL,7/27/2021,962.0,985.0,955.0,985.0,3.14,40889.0,1408.0,102.0
SLICL,7/28/2021,1000.0,1015.0,991.0,997.0,1.22,59052.0,1408.0,102.0
SLICL,7/29/2021,1010.0,1018.0,990.0,991.0,-0.6,55435.0,1408.0,102.0
SLICL,8/1/2021,991.0,995.0,981.0,985.0,-0.61,20876.0,1408.0,102.0
SLICL,8/2/2021,985.0,985.0,970.0,978.0,-0.71,17115.0,1408.0,102.0
SLICL,8/3/2021,978.0,989.7,969.0,986.0,0.82,21796.0,1408.0,102.0
SLICL,8/4/2021,990.0,1012.0,982.2,994.0,0.81,186486.0,1408.0,102.0
SLICL,8/5/2021,1013.0,1013.0,995.0,995.0,0.1,49266.0,1408.0,102.0
SLICL,8/8/2021,980.1,1000.0,974.0,978.0,-1.71,57517.0,1408.0,102.0
SLICL,8/9/2021,994.0,994.0,971.0,974.0,-0.41,67313.0,1408.0,102.0
SLICL,8/10/2021,980.0,998.0,967.0,990.0,1.64,68741.0,1408.0,102.0
SLICL,8/11/2021,1005.0,1029.0,985.2,985.9,-0.41,60755.0,1408.0,102.0
SLICL,8/12/2021,1005.6,1005.6,977.0,980.0,-0.6,65990.0,1408.0,102.0
SLICL,8/15/2021,971.0,1000.0,955.0,965.0,-1.53,53561.0,1408.0,102.0
SLICL,8/16/2021,955.0,970.0,949.0,950.0,-1.55,38200.0,1408.0,102.0
SLICL,8/17/2021,965.0,965.0,931.4,939.0,-1.16,62042.0,1408.0,102.0
SLICL,8/18/2021,942.0,960.0,925.0,957.0,1.92,112527.0,1408.0,102.0
SLICL,8/19/2021,975.0,1025.0,975.0,999.0,4.39,219937.0,1408.0,102.0
SLICL,8/24/2021,1018.9,1039.0,990.0,999.0,0.0,176280.0,1408.0,102.0
SLICL,8/25/2021,1000.0,1000.0,954.0,961.0,-3.8,77885.0,1408.0,102.0
SLICL,8/26/2021,942.0,980.0,942.0,951.0,-1.04,48785.0,1408.0,102.0
SLICL,8/29/2021,960.0,960.0,919.0,920.0,-3.26,59986.0,1408.0,102.0
SLICL,8/31/2021,922.0,929.0,902.0,902.0,-1.96,63146.0,1408.0,102.0
SLICL,9/1/2021,920.0,920.0,895.0,895.0,-0.78,70409.0,1408.0,102.0
SLICL,9/2/2021,912.0,918.0,887.0,887.0,-0.89,59403.0,1408.0,102.0
SLICL,9/5/2021,887.0,887.0,836.0,846.0,-4.62,62081.0,1408.0,102.0
SLICL,9/6/2021,862.8,907.0,846.0,907.0,7.21,45327.0,1408.0,102.0
SLICL,9/7/2021,908.0,908.0,879.5,884.0,-2.54,28740.0,1408.0,102.0
SLICL,9/8/2021,880.0,880.0,855.1,856.0,-3.17,37178.0,1408.0,102.0
SLICL,9/9/2021,860.0,885.0,840.0,855.0,-0.12,28655.0,1408.0,102.0
SLICL,9/12/2021,860.0,879.0,850.0,875.0,2.34,27301.0,1408.0,102.0
SLICL,9/13/2021,892.5,899.0,884.0,885.2,1.17,16827.0,1408.0,102.0
SLICL,9/14/2021,900.0,900.0,860.7,866.0,-2.17,12329.0,1408.0,102.0
SLICL,9/15/2021,877.0,877.0,850.0,853.0,-1.5,21633.0,1408.0,102.0
SLICL,9/16/2021,836.0,850.0,815.0,820.1,-3.86,44959.0,1408.0,102.0
SLICL,9/20/2021,815.0,815.1,791.0,794.0,-3.18,41025.0,1408.0,102.0
SLICL,9/21/2021,785.0,840.0,751.0,800.0,0.76,44497.0,1408.0,102.0
SLICL,9/22/2021,816.0,848.0,815.5,825.0,3.12,20944.0,1408.0,102.0
SLICL,9/23/2021,835.0,839.0,812.0,812.0,-1.58,27176.0,1408.0,102.0
SLICL,9/26/2021,828.2,828.2,789.0,795.5,-2.03,28329.0,1408.0,102.0
SLICL,9/27/2021,811.0,811.0,766.0,772.0,-2.95,23222.0,1408.0,102.0
SLICL,9/28/2021,756.6,801.1,740.0,742.0,-3.89,23853.0,1408.0,102.0
SLICL,9/29/2021,756.8,765.0,718.0,755.0,1.75,20812.0,1408.0,102.0
SLICL,9/30/2021,739.9,772.0,739.9,763.0,1.06,16990.0,1408.0,102.0
SLICL,10/3/2021,750.7,778.2,747.0,747.0,-2.1,11505.0,1408.0,102.0
SLICL,10/4/2021,742.0,797.0,740.0,748.0,0.13,21333.0,1408.0,102.0
SLICL,10/5/2021,762.0,774.0,752.0,770.0,2.94,13119.0,1408.0,102.0
SLICL,10/6/2021,775.1,816.0,771.1,801.0,4.03,17961.0,1408.0,102.0
SLICL,10/10/2021,801.2,821.0,788.0,800.0,-0.12,31138.0,1408.0,102.0
SLICL,10/11/2021,784.1,800.0,777.0,790.0,-1.25,13348.0,1408.0,102.0
SLICL,10/17/2021,800.0,816.0,795.0,810.0,2.53,7017.0,1408.0,102.0
SLICL,10/18/2021,796.0,800.0,773.0,773.0,-4.57,17845.0,1408.0,102.0
SLICL,10/19/2021,765.0,775.0,736.0,750.0,-2.98,17726.0,1408.0,102.0
SLICL,10/20/2021,765.0,774.0,758.0,762.0,1.6,7449.0,1408.0,102.0
SLICL,10/21/2021,763.0,763.0,739.0,740.2,-2.86,12020.0,1408.0,102.0
SLICL,10/24/2021,755.0,770.1,748.0,750.0,1.32,7021.0,1408.0,102.0
SLICL,10/25/2021,740.0,789.0,736.0,789.0,5.2,17306.0,1408.0,102.0
SLICL,10/26/2021,804.7,835.0,804.7,835.0,5.83,26279.0,1408.0,102.0
SLICL,10/27/2021,835.0,880.0,817.0,858.0,2.75,41775.0,1408.0,102.0
SLICL,10/28/2021,852.0,867.0,845.0,862.0,0.47,28477.0,1408.0,102.0
SLICL,10/31/2021,879.0,900.0,866.0,891.0,3.36,41802.0,1408.0,102.0
SLICL,11/1/2021,873.2,907.0,860.0,866.0,-2.81,26496.0,1408.0,102.0
SLICL,11/2/2021,858.0,887.4,855.0,885.0,2.19,20333.0,1408.0,102.0
SLICL,11/3/2021,902.7,902.7,870.2,871.0,-1.58,13398.0,1408.0,102.0
SLICL,11/8/2021,883.0,883.0,850.7,860.0,-1.26,4157.0,1408.0,102.0
SLICL,11/9/2021,845.0,847.0,818.0,823.0,-4.3,16540.0,1408.0,102.0
SLICL,11/11/2021,807.0,826.0,792.0,800.0,-2.79,11935.0,1408.0,102.0
SLICL,11/14/2021,788.0,803.0,784.0,794.9,-0.64,9753.0,1408.0,102.0
SLICL,11/15/2021,808.0,823.0,797.0,799.0,0.52,12809.0,1408.0,102.0
SLICL,11/16/2021,803.5,845.0,802.1,844.0,5.63,15506.0,1408.0,102.0
SLICL,11/17/2021,860.0,872.9,837.5,838.0,-0.71,13234.0,1408.0,102.0
SLICL,11/18/2021,837.0,837.0,822.0,822.5,-1.85,12039.0,1408.0,102.0
SLICL,11/21/2021,837.0,837.0,822.0,826.0,0.43,7620.0,1408.0,102.0
SLICL,11/22/2021,823.0,835.0,798.8,814.0,-1.45,25744.0,1408.0,102.0
SLICL,11/23/2021,815.0,824.0,793.0,795.3,-2.3,14713.0,1408.0,102.0
SLICL,11/24/2021,790.0,803.0,783.1,790.0,-0.67,17673.0,1408.0,102.0
SLICL,11/25/2021,805.8,805.8,791.0,797.0,0.89,20352.0,1408.0,102.0
SLICL,11/28/2021,790.0,794.0,765.0,772.0,-3.14,20974.0,1408.0,102.0
SLICL,11/29/2021,770.0,787.3,743.9,760.0,-1.55,18049.0,1408.0,102.0
SLICL,11/30/2021,760.0,760.0,745.5,751.0,-1.18,8639.0,1408.0,102.0
SLICL,12/1/2021,756.0,771.0,754.0,769.0,2.4,18053.0,1408.0,102.0
SLICL,12/2/2021,760.1,764.8,740.1,741.0,-3.64,11407.0,1408.0,102.0
SLICL,12/5/2021,740.0,745.0,720.5,725.1,-2.15,12018.0,1408.0,102.0
SLICL,12/6/2021,725.0,738.0,710.5,725.0,-0.01,17992.0,1408.0,102.0
SLICL,12/7/2021,739.0,748.9,715.6,717.0,-1.1,14418.0,1408.0,102.0
SLICL,12/8/2021,710.0,716.1,696.0,698.0,-2.65,12735.0,1408.0,102.0
SLICL,12/9/2021,696.0,699.0,690.0,693.0,-0.72,13153.0,1408.0,102.0
SLICL,12/12/2021,700.0,700.0,665.0,666.0,-3.9,22041.0,1408.0,102.0
SLICL,12/13/2021,653.0,660.0,617.4,625.0,-6.16,51213.0,1408.0,102.0
SLICL,12/14/2021,637.5,660.0,630.0,660.0,5.6,15421.0,1408.0,102.0
SLICL,12/15/2021,673.2,688.0,647.0,664.0,0.61,30930.0,1408.0,102.0
SLICL,12/16/2021,653.0,661.0,640.0,640.2,-3.58,15963.0,1408.0,102.0
SLICL,12/20/2021,642.0,651.0,631.0,649.9,1.52,12918.0,1408.0,102.0
SLICL,12/21/2021,662.0,665.0,650.0,661.0,1.71,18314.0,1408.0,102.0
SLICL,12/22/2021,674.2,692.7,662.0,691.0,4.54,29786.0,1408.0,102.0
SLICL,12/23/2021,704.0,726.2,697.0,720.0,4.2,62307.0,1408.0,102.0
SLICL,12/26/2021,650.0,702.7,646.0,702.7,-2.4,79829.0,1408.0,102.0
SLICL,12/27/2021,716.7,717.0,650.1,660.0,-6.08,56090.0,1408.0,102.0
SLICL,12/28/2021,647.0,673.0,646.0,666.9,1.05,34206.0,1408.0,102.0
SLICL,12/29/2021,669.0,690.0,661.0,678.0,1.66,14777.0,1408.0,102.0
SLICL,1/2/2022,678.0,741.0,675.0,741.0,9.29,51074.0,1408.0,102.0
SLICL,1/3/2022,755.8,755.8,722.6,726.1,-2.01,48052.0,1408.0,102.0
SLICL,1/4/2022,720.0,739.0,715.1,725.0,-0.15,21099.0,1408.0,102.0
SLICL,1/5/2022,738.0,738.0,706.0,714.9,-1.39,34178.0,1408.0,102.0
SLICL,1/6/2022,702.0,727.0,702.0,727.0,1.69,16113.0,1408.0,102.0
SLICL,1/9/2022,732.0,753.0,732.0,745.0,2.48,38918.0,1408.0,102.0
SLICL,1/10/2022,755.0,774.7,740.0,771.9,3.61,47377.0,1408.0,102.0
SLICL,1/11/2022,785.0,805.0,756.0,790.0,2.34,57076.0,1408.0,102.0
SLICL,1/12/2022,790.0,804.0,758.0,760.0,-3.8,36573.0,1408.0,102.0
SLICL,1/13/2022,775.0,793.0,755.1,786.1,3.43,20510.0,1408.0,102.0
SLICL,1/16/2022,801.0,821.0,795.0,821.0,4.44,46745.0,1408.0,102.0
SLICL,1/17/2022,826.0,853.0,811.1,845.0,2.92,92110.0,1408.0,102.0
SLICL,1/18/2022,851.0,865.0,840.0,847.9,0.34,107870.0,1408.0,102.0
SLICL,1/19/2022,849.0,880.9,839.0,860.0,1.43,162485.0,1408.0,102.0
SLICL,1/20/2022,848.0,875.0,848.0,873.0,1.51,66799.0,1408.0,102.0
SLICL,1/23/2022,874.0,885.0,848.0,852.0,-2.41,64608.0,1408.0,102.0
SLICL,1/24/2022,845.1,850.0,801.0,814.0,-4.46,102321.0,1408.0,102.0
SLICL,1/25/2022,810.0,830.0,801.1,807.2,-0.84,46379.0,1408.0,102.0
SLICL,1/26/2022,800.0,813.0,786.1,788.2,-2.35,29468.0,1408.0,102.0
SLICL,1/27/2022,801.0,806.0,783.1,790.0,0.23,23471.0,1408.0,102.0
SLICL,1/30/2022,805.8,826.2,805.8,819.0,3.67,26461.0,1408.0,102.0
SLICL,1/31/2022,820.0,820.0,808.0,812.0,-0.85,13926.0,1408.0,102.0
SLICL,2/1/2022,801.0,824.0,785.0,817.0,0.62,14673.0,1408.0,102.0
SLICL,2/3/2022,825.0,829.0,813.0,814.0,-0.37,18548.0,1408.0,102.0
SLICL,2/6/2022,811.0,819.0,782.0,791.1,-2.81,16944.0,1408.0,102.0
SLICL,2/7/2022,800.0,816.0,799.0,804.0,1.63,23829.0,1408.0,102.0
SLICL,2/8/2022,820.0,826.0,790.0,790.3,-1.7,22430.0,1408.0,102.0
SLICL,2/9/2022,785.0,795.0,770.0,775.0,-1.94,15373.0,1408.0,102.0
SLICL,2/10/2022,771.3,790.0,771.0,785.0,1.29,13876.0,1408.0,102.0
SLICL,2/13/2022,769.3,774.7,741.0,762.0,-2.93,24185.0,1408.0,102.0
SLICL,2/14/2022,774.0,774.0,746.0,752.5,-1.25,28255.0,1408.0,102.0
SLICL,2/15/2022,754.0,776.0,741.2,768.0,2.06,19063.0,1408.0,102.0
SLICL,2/16/2022,760.0,774.9,744.8,753.0,-1.95,6640.0,1408.0,102.0
SLICL,2/17/2022,760.0,765.0,753.0,753.1,0.01,11490.0,1408.0,102.0
SLICL,2/20/2022,738.1,753.0,731.1,741.0,-1.61,18000.0,1408.0,102.0
SLICL,2/21/2022,750.0,750.0,736.1,740.0,-0.13,6546.0,1408.0,102.0
SLICL,2/22/2022,749.0,758.0,735.0,740.0,0.0,7323.0,1408.0,102.0
SLICL,2/23/2022,750.0,750.0,727.0,737.0,-0.41,7014.0,1408.0,102.0
SLICL,2/24/2022,725.0,727.0,705.0,706.0,-4.21,18907.0,1408.0,102.0
SLICL,2/27/2022,705.0,710.0,701.0,701.0,-0.71,11975.0,1408.0,102.0
SLICL,2/28/2022,708.0,708.0,675.0,676.3,-3.52,32313.0,1408.0,102.0
SLICL,3/2/2022,678.0,678.0,645.0,647.0,-4.33,25023.0,1408.0,102.0
SLICL,3/6/2022,650.0,657.0,630.0,635.0,-1.85,33303.0,1408.0,102.0
SLICL,3/7/2022,625.2,644.8,623.0,626.0,-1.42,21547.0,1408.0,102.0
SLICL,3/9/2022,626.0,630.0,612.0,615.0,-1.76,24766.0,1408.0,102.0
SLICL,3/10/2022,627.3,639.8,605.2,634.0,3.09,33958.0,1408.0,102.0
SLICL,3/13/2022,646.6,696.4,645.0,696.4,9.84,33687.0,1408.0,102.0
SLICL,3/14/2022,703.9,725.0,685.0,713.0,2.38,28547.0,1408.0,102.0
SLICL,3/15/2022,724.0,735.0,706.0,733.0,2.81,90958.0,1408.0,102.0
SLICL,3/16/2022,739.0,739.0,720.5,723.0,-1.36,55034.0,1408.0,102.0
SLICL,3/20/2022,730.0,730.0,700.0,704.0,-2.63,33203.0,1408.0,102.0
SLICL,3/21/2022,714.9,714.9,696.0,710.0,0.85,40769.0,1408.0,102.0
SLICL,3/22/2022,719.0,727.0,705.0,720.0,1.41,37468.0,1408.0,102.0
SLICL,3/23/2022,720.0,732.3,710.2,730.0,1.39,30226.0,1408.0,102.0
SLICL,3/24/2022,731.0,765.0,720.0,760.0,4.11,108251.0,1408.0,102.0
SLICL,3/27/2022,775.2,806.5,734.0,739.0,-2.76,210335.0,1408.0,102.0
SLICL,3/28/2022,751.0,751.0,710.0,716.0,-3.11,62950.0,1408.0,102.0
SLICL,3/29/2022,720.0,727.0,708.2,715.0,-0.14,28929.0,1408.0,102.0
SLICL,3/30/2022,706.0,745.0,701.0,744.9,4.18,33837.0,1408.0,102.0
SLICL,3/31/2022,740.0,751.0,719.0,736.9,-1.07,30335.0,1408.0,102.0
SLICL,4/3/2022,725.0,727.5,697.0,700.0,-5.01,137869.0,1408.0,102.0
SLICL,4/4/2022,714.0,714.0,696.2,705.0,0.71,66147.0,1408.0,102.0
SLICL,4/5/2022,705.0,710.0,670.0,687.0,-2.55,113929.0,1408.0,102.0
SLICL,4/6/2022,681.0,697.0,673.3,689.5,0.36,47886.0,1408.0,102.0
SLICL,4/7/2022,680.1,710.0,680.1,701.0,1.67,56180.0,1408.0,102.0
SLICL,4/11/2022,710.0,720.0,678.0,682.0,-2.71,87619.0,1408.0,102.0
SLICL,4/12/2022,695.0,695.0,661.0,661.0,-3.08,31042.0,1408.0,102.0
SLICL,4/13/2022,660.0,673.0,655.0,663.0,0.3,23925.0,1408.0,102.0
SLICL,4/17/2022,672.0,672.0,633.1,644.0,-2.87,29566.0,1408.0,102.0
SLICL,4/18/2022,644.0,649.0,625.0,626.0,-2.8,21807.0,1408.0,102.0
SLICL,4/19/2022,627.0,640.0,605.0,636.0,1.6,27683.0,1408.0,102.0
SLICL,4/20/2022,636.0,636.0,603.0,613.9,-3.47,28942.0,1408.0,102.0
SLICL,4/21/2022,624.0,626.0,600.0,620.0,0.99,77410.0,1408.0,102.0
SLICL,4/24/2022,620.0,659.0,618.4,647.0,4.35,63851.0,1408.0,102.0
SLICL,4/25/2022,657.0,659.0,637.0,637.0,-1.55,39442.0,1408.0,102.0
SLICL,4/26/2022,640.0,644.9,629.1,634.0,-0.47,15363.0,1408.0,102.0
SLICL,4/27/2022,637.0,639.9,625.5,634.9,0.14,15243.0,1408.0,102.0
SLICL,4/28/2022,635.0,636.0,621.1,625.0,-1.56,17743.0,1408.0,102.0
SLICL,5/2/2022,637.5,650.2,607.0,607.0,-2.88,22791.0,1408.0,102.0
SLICL,5/4/2022,600.0,619.0,593.0,593.0,-2.31,28921.0,1408.0,102.0
SLICL,5/5/2022,604.0,604.0,580.0,582.0,-1.85,142443.0,1408.0,102.0
SLICL,5/8/2022,577.0,588.0,570.5,585.0,0.52,30418.0,1408.0,102.0
SLICL,5/9/2022,595.0,595.0,583.1,585.0,0.0,22701.0,1408.0,102.0
SLICL,5/10/2022,585.0,598.9,585.0,591.0,1.03,8286.0,1408.0,102.0
SLICL,5/11/2022,593.0,611.0,592.1,609.0,3.05,27245.0,1408.0,102.0
SLICL,5/12/2022,609.0,609.0,585.0,590.0,-3.12,37022.0,1408.0,102.0
SLICL,5/17/2022,579.0,579.0,531.0,538.0,-8.81,101598.0,1408.0,102.0
SLICL,5/18/2022,542.0,542.0,515.0,515.0,-4.28,60174.0,1408.0,102.0
SLICL,5/19/2022,517.0,522.0,486.0,494.0,-4.08,55779.0,1408.0,102.0
SLICL,5/20/2022,494.0,496.0,482.6,485.0,-1.82,37921.0,1408.0,102.0
SLICL,5/23/2022,489.0,494.0,460.0,463.0,-4.54,54159.0,1408.0,102.0
SLICL,5/24/2022,471.9,472.5,454.0,466.0,0.65,34994.0,1408.0,102.0
SLICL,5/25/2022,475.0,486.5,467.0,479.9,2.98,25496.0,1408.0,102.0
SLICL,5/26/2022,478.0,485.0,469.1,480.0,0.02,36219.0,1408.0,102.0
SLICL,5/27/2022,480.0,484.0,460.9,470.0,-2.08,39731.0,1408.0,102.0
SLICL,5/30/2022,479.0,479.0,455.0,459.0,-2.34,20085.0,1408.0,102.0
SLICL,5/31/2022,452.0,466.9,446.0,450.0,-1.96,24449.0,1408.0,102.0
SLICL,6/1/2022,456.0,456.8,432.5,432.5,-3.89,32366.0,1408.0,102.0
SLICL,6/2/2022,440.0,440.0,425.2,433.8,0.3,15973.0,1408.0,102.0
SLICL,6/3/2022,431.0,442.0,425.0,435.0,0.28,24140.0,1408.0,102.0
SLICL,6/6/2022,436.0,440.0,430.0,436.9,0.44,17968.0,1408.0,102.0
SLICL,6/7/2022,433.9,437.7,423.0,430.0,-1.58,14307.0,1408.0,102.0
SLICL,6/8/2022,435.0,445.1,430.0,441.0,2.56,39055.0,1408.0,102.0
SLICL,6/9/2022,448.9,448.9,426.0,433.9,-1.61,35482.0,1408.0,102.0
SLICL,6/10/2022,426.0,428.2,418.0,426.0,-1.82,26471.0,1408.0,102.0
SLICL,6/13/2022,422.0,423.0,412.0,413.0,-3.05,19467.0,1408.0,102.0
SLICL,6/14/2022,418.0,418.0,394.0,400.0,-3.15,39962.0,1408.0,102.0
SLICL,6/15/2022,392.5,400.0,385.0,400.0,0.0,24654.0,1408.0,102.0
SLICL,6/16/2022,405.0,405.0,395.1,404.0,1.0,15996.0,1408.0,102.0
SLICL,6/17/2022,400.0,407.0,390.0,405.0,0.25,14920.0,1408.0,102.0
SLICL,6/19/2022,410.0,413.1,381.3,385.0,-4.94,17742.0,1408.0,102.0
SLICL,6/20/2022,380.1,380.1,367.5,368.2,-4.36,28253.0,1408.0,102.0
SLICL,6/21/2022,375.0,387.0,373.0,384.0,4.29,27584.0,1408.0,102.0
SLICL,6/22/2022,378.0,382.0,364.0,364.0,-5.21,47317.0,1408.0,102.0
SLICL,6/23/2022,361.0,363.0,351.0,361.0,-0.82,21697.0,1408.0,102.0
SLICL,6/24/2022,368.2,380.4,355.0,366.0,1.39,19017.0,1408.0,102.0
SLICL,6/26/2022,373.0,389.9,365.0,387.0,5.74,72644.0,1408.0,102.0
SMATA,12/21/2025,805.0,805.0,790.5,793.0,,4102.0,955.0,665.1
SMATA,12/22/2025,782.0,791.0,782.0,786.0,-0.88,6234.0,955.0,665.1
SMATA,12/23/2025,789.0,794.8,788.0,790.5,0.57,2692.0,955.0,665.1
SMATA,12/24/2025,792.0,797.9,790.0,794.4,0.49,5395.0,955.0,665.1
SMATA,12/28/2025,792.0,816.0,792.0,812.0,2.22,5985.0,955.0,665.1
SMATA,12/29/2025,806.1,815.0,805.0,805.0,-0.86,2393.0,955.0,665.1
SMATA,12/31/2025,806.0,818.9,800.2,800.7,-0.53,5608.0,955.0,665.1
SMATA,1/1/2026,805.0,806.9,795.4,803.0,0.29,3621.0,955.0,665.1
SMATA,1/4/2026,770.0,790.0,765.0,775.0,-3.49,5836.0,955.0,665.1
SMATA,1/5/2026,770.1,787.0,770.1,780.1,0.66,10048.0,955.0,665.1
SMATA,1/6/2026,795.0,795.7,780.0,785.9,0.74,5871.0,955.0,665.1
SMATA,1/7/2026,785.0,790.0,780.0,781.5,-0.56,4073.0,955.0,665.1
SMATA,1/8/2026,781.5,794.9,775.0,785.0,0.45,3553.0,955.0,665.1
SMATA,1/12/2026,790.0,790.0,775.0,777.1,-1.01,4412.0,955.0,665.1
SMATA,1/13/2026,777.0,781.0,770.0,773.0,-0.53,5808.0,955.0,665.1
SMATA,1/14/2026,770.0,790.0,770.0,775.0,0.26,5051.0,955.0,665.1
SMATA,1/18/2026,790.0,815.0,790.0,796.0,2.71,19361.0,955.0,665.1
SMATA,1/20/2026,811.9,820.0,805.0,805.6,1.21,8755.0,955.0,665.1
SMATA,1/21/2026,821.6,821.7,800.0,802.0,-0.45,9092.0,955.0,665.1
SMATA,1/22/2026,801.0,809.0,795.0,809.0,0.87,6496.0,955.0,665.1
SMATA,1/25/2026,809.2,832.0,809.2,826.3,2.14,15244.0,955.0,665.1
SMATA,1/26/2026,832.0,839.0,810.0,821.0,-0.64,23743.0,955.0,665.1
SMATA,1/27/2026,812.0,820.0,805.0,806.0,-1.83,15954.0,955.0,665.1
SMATA,1/28/2026,800.0,805.0,796.0,801.0,-0.62,9408.0,955.0,665.1
SMATA,1/29/2026,797.0,810.0,797.0,802.0,0.12,8316.0,955.0,665.1
SMATA,2/1/2026,794.1,802.0,792.0,793.3,-1.08,4513.0,955.0,665.1
SMATA,2/2/2026,798.0,798.0,785.1,786.1,-0.91,7425.0,955.0,665.1
SMATA,2/3/2026,800.0,801.5,786.0,788.1,0.25,6187.0,955.0,665.1
SMATA,2/4/2026,798.0,802.0,786.1,790.2,0.27,2211.0,955.0,665.1
SMATA,2/5/2026,790.2,800.0,785.0,796.0,0.73,7192.0,955.0,665.1
SMATA,2/8/2026,811.0,811.0,785.0,800.0,0.5,8420.0,955.0,665.1
SMATA,2/9/2026,787.1,798.0,780.0,780.0,-2.5,10910.0,955.0,665.1
SMATA,2/10/2026,780.0,783.7,775.1,780.0,0.0,5571.0,955.0,665.1
SMATA,2/11/2026,795.6,795.6,773.0,782.0,0.26,6119.0,955.0,665.1
SMATA,2/12/2026,775.0,790.0,775.0,781.0,-0.13,4153.0,955.0,665.1
SMATA,2/16/2026,776.1,782.0,776.0,778.0,-0.38,5621.0,955.0,665.1
SMATA,2/17/2026,776.0,786.9,776.0,780.0,0.26,8172.0,955.0,665.1
SMATA,2/22/2026,775.0,780.0,772.1,772.2,-1.0,5450.0,955.0,665.1
SMATA,2/23/2026,780.0,780.0,769.0,770.3,-0.25,4195.0,955.0,665.1
SMATA,2/24/2026,770.0,776.0,770.0,771.2,0.12,4593.0,955.0,665.1
SMATA,2/25/2026,775.0,780.0,772.4,778.5,0.95,2824.0,955.0,665.1
SMATA,2/26/2026,779.2,784.9,771.9,784.9,0.82,1963.0,955.0,665.1
SMATA,2/27/2026,779.2,784.9,771.9,784.9,0.0,1963.0,955.0,665.1
SMATA,2/28/2026,779.2,784.9,771.9,784.9,0.0,1963.0,955.0,665.1
SMATA,3/2/2026,775.0,795.0,760.0,790.1,0.66,5435.0,955.0,665.1
SMATA,3/3/2026,805.9,805.9,785.2,799.9,1.24,12167.0,955.0,665.1
SMATA,3/4/2026,805.9,805.9,785.2,799.9,0.0,12167.0,955.0,665.1
SMATA,3/5/2026,805.9,805.9,785.2,799.9,0.0,12167.0,955.0,665.1
SMATA,3/6/2026,805.9,805.9,785.2,799.9,0.0,12167.0,955.0,665.1
SMATA,3/7/2026,805.9,805.9,785.2,799.9,0.0,12167.0,955.0,665.1
SMATA,3/8/2026,805.9,805.9,785.2,799.9,0.0,12167.0,955.0,665.1
SMATA,3/9/2026,815.0,852.7,815.0,852.7,6.6,300.0,955.0,665.1
SMATA,3/10/2026,869.0,869.6,808.8,834.9,-2.09,19521.0,955.0,665.1
SMATA,3/11/2026,820.0,835.0,810.0,814.0,-2.5,9125.0,955.0,665.1
SMATA,3/12/2026,812.0,836.4,810.0,818.1,0.5,17352.0,955.0,665.1
SMATA,3/13/2026,812.0,836.4,810.0,818.1,0.0,17352.0,955.0,665.1
SMATA,3/14/2026,812.0,836.4,810.0,818.1,0.0,17352.0,955.0,665.1
SMATA,3/15/2026,820.5,834.0,812.0,831.8,1.67,10337.0,955.0,665.1
SMATA,3/16/2026,844.0,845.0,810.1,815.0,-2.02,6267.0,955.0,665.1
SMATA,3/17/2026,800.2,820.0,800.2,811.3,-0.45,8215.0,955.0,665.1
SMATA,3/18/2026,800.2,820.0,800.2,811.3,0.0,8215.0,955.0,665.1
SMATA,3/19/2026,827.0,839.0,815.0,827.9,2.05,15860.0,955.0,665.1
SMATA,3/20/2026,827.0,839.0,815.0,827.9,0.0,15860.0,955.0,665.1
SMATA,3/21/2026,827.0,839.0,815.0,827.9,0.0,15860.0,955.0,665.1
SMATA,3/22/2026,825.0,885.0,825.0,882.0,6.53,59311.0,955.0,665.1
SMATA,3/23/2026,882.0,896.0,870.0,896.0,1.59,26498.0,955.0,665.1
SMATA,3/24/2026,892.0,909.9,885.0,896.4,0.04,9164.0,955.0,665.1
SMATA,3/25/2026,896.0,896.0,849.7,866.5,-3.34,22859.0,955.0,665.1
SMATA,3/26/2026,851.1,865.0,849.0,865.0,1.63,11250.0,955.0,665.1
SMATA,3/29/2026,882.3,882.3,824.2,830.0,-5.93,25033.0,955.0,665.1
SMATA,3/30/2026,820.0,839.9,812.0,815.0,-0.61,8632.0,955.0,665.1
SMATA,3/31/2026,827.0,827.0,801.0,822.0,-0.6,7148.0,955.0,665.1
SMATA,4/1/2026,822.0,823.9,799.1,799.1,-2.79,10969.0,955.0,665.1
SMATA,4/2/2026,790.1,808.0,776.0,792.0,0.24,12286.0,955.0,665.1
SMATA,4/5/2026,807.8,807.8,765.1,771.0,-4.56,16056.0,955.0,665.1
SMATA,4/6/2026,775.0,795.0,770.0,788.0,1.68,12333.0,955.0,665.1
SMATA,4/7/2026,795.0,796.0,780.1,783.0,-1.51,6177.0,955.0,665.1
SMATA,4/8/2026,785.0,798.0,785.0,795.0,1.27,6000.0,955.0,665.1
SMATA,4/9/2026,808.0,814.7,793.0,809.0,0.12,5179.0,955.0,665.1
SMATA,4/10/2026,810.0,810.0,791.5,791.5,-2.28,7155.0,955.0,665.1
SMATA,4/13/2026,790.0,799.0,786.1,788.0,-0.25,3629.0,955.0,665.1
SMATA,4/15/2026,803.0,804.0,790.1,800.0,-0.37,5075.0,955.0,665.1
SMATA,4/16/2026,786.9,800.0,786.9,791.0,0.52,1718.0,955.0,665.1
SMATA,4/17/2026,781.1,795.0,781.1,792.0,1.4,3499.0,955.0,665.1
SMATA,4/20/2026,824.9,824.9,780.1,788.1,-4.46,3959.0,955.0,665.1
SMATA,4/21/2026,780.0,800.0,780.0,785.0,0.64,3576.0,955.0,665.1
SMATA,4/22/2026,780.1,785.0,776.3,777.2,-0.37,4921.0,955.0,665.1
SMATA,4/23/2026,778.0,789.0,770.0,778.0,0.0,3014.0,955.0,665.1
SMATA,4/24/2026,770.0,777.9,768.1,772.0,0.26,5797.0,955.0,665.1
SMATA,4/27/2026,772.0,784.8,770.0,776.9,0.63,4916.0,955.0,665.1
SMATA,4/28/2026,776.9,780.0,766.0,766.0,-1.4,7558.0,955.0,665.1
SMATA,4/29/2026,766.0,775.0,760.0,760.0,-0.78,11044.0,955.0,665.1
SMATA,4/30/2026,750.1,767.0,750.1,755.0,0.65,4213.0,955.0,665.1
SMATA,5/4/2026,745.1,755.0,745.1,752.9,1.05,4749.0,955.0,665.1
SMATA,5/5/2026,755.0,767.0,750.1,766.0,1.46,2829.0,955.0,665.1
SMATA,5/6/2026,770.0,771.0,761.0,762.0,-1.04,1202.0,955.0,665.1
SMATA,5/7/2026,760.0,767.0,750.0,761.0,0.13,3978.0,955.0,665.1
SMATA,5/8/2026,761.0,782.0,761.0,775.0,1.84,3516.0,955.0,665.1
SMATA,5/11/2026,787.0,790.0,775.0,778.6,-1.07,2393.0,955.0,665.1
SMATA,5/12/2026,793.0,799.0,766.1,777.0,-2.02,3573.0,955.0,665.1
SMATA,5/13/2026,777.0,780.0,765.0,768.1,-1.15,2386.0,955.0,665.1
SMATA,5/14/2026,760.0,768.9,752.0,768.9,1.17,3089.0,955.0,665.1
SMATA,5/15/2026,750.1,770.0,750.1,767.4,2.31,3496.0,955.0,665.1
SMATA,5/18/2026,767.4,767.4,759.0,760.0,-0.96,4492.0,955.0,665.1
SMATA,5/19/2026,760.0,765.0,760.0,763.9,0.51,2051.0,955.0,665.1
SMATA,5/20/2026,763.0,768.9,760.0,765.0,0.26,3249.0,955.0,665.1
SMATA,5/21/2026,765.0,773.7,765.0,768.0,0.39,997.0,955.0,665.1
SMATA,5/22/2026,768.9,775.0,756.0,770.0,0.14,2915.0,955.0,665.1
SMATA,5/25/2026,770.0,775.0,765.0,775.0,0.65,5643.0,955.0,665.1
SMATA,5/26/2026,775.0,782.0,765.0,782.0,0.9,2649.0,955.0,665.1
SMATA,5/27/2026,795.0,795.0,770.0,773.0,-2.77,5730.0,955.0,665.1
SMATA,6/1/2026,780.1,780.1,760.4,764.0,-2.06,2941.0,955.0,665.1
SMATA,6/2/2026,765.1,770.0,763.1,769.9,0.63,3604.0,955.0,665.1
SMATA,6/3/2026,769.9,780.0,769.9,777.0,0.92,4665.0,955.0,665.1
SMATA,6/4/2026,780.0,784.9,777.0,779.0,-0.13,5095.0,955.0,665.1
SMATA,6/5/2026,777.7,780.0,773.1,779.6,0.24,4232.0,955.0,665.1
SMATA,6/8/2026,771.5,780.0,771.5,779.9,1.09,3335.0,955.0,665.1
SMATA,6/9/2026,773.0,773.0,760.2,770.0,-0.39,6599.0,955.0,665.1
SMATA,6/10/2026,770.0,774.9,765.4,773.8,0.49,2890.0,955.0,665.1
SMATA,6/11/2026,757.1,775.0,756.0,768.6,1.52,1458.0,955.0,665.1
SMATA,6/12/2026,760.5,775.0,760.5,769.0,1.12,1136.0,955.0,665.1
SMATA,6/15/2026,780.0,785.0,763.0,763.2,-2.15,2124.0,955.0,665.1
SMATA,6/16/2026,763.2,765.0,761.1,761.6,-0.21,1635.0,955.0,665.1
SMATA,6/17/2026,750.1,768.0,750.0,764.0,1.85,2949.0,955.0,665.1
SMATA,6/18/2026,769.9,769.9,762.1,763.0,-0.9,891.0,955.0,665.1
SMATA,6/19/2026,757.0,766.9,757.0,760.0,0.4,2310.0,955.0,665.1
SMATA,6/22/2026,760.0,771.9,754.3,760.0,0.0,3346.0,955.0,665.1
SMATA,6/23/2026,752.3,770.5,752.3,757.0,0.62,3007.0,955.0,665.1
SMATA,6/24/2026,750.2,763.9,749.0,753.3,0.41,3523.0,955.0,665.1
SMATA,6/26/2026,751.0,755.0,745.2,750.0,-0.13,3960.0,955.0,665.1
SMATA,6/29/2026,749.0,754.9,745.0,750.0,0.13,2647.0,955.0,665.1
SMATA,6/30/2026,750.0,750.0,743.0,743.0,-0.93,1358.0,955.0,665.1
SMATA,7/1/2026,735.0,755.0,735.0,755.0,2.72,1702.0,955.0,665.1
SMATA,7/2/2026,759.9,760.0,743.0,753.0,-0.91,944.0,955.0,665.1
SMATA,7/3/2026,760.0,760.0,749.0,749.0,-1.45,2391.0,955.0,665.1
SMATA,7/6/2026,749.0,750.0,744.0,744.0,-0.67,758.0,955.0,665.1
SMATA,7/7/2026,750.0,750.0,742.5,746.2,-0.51,1307.0,955.0,665.1
SMATA,7/8/2026,747.0,752.0,742.0,743.0,-0.54,1542.0,955.0,665.1
SMATA,7/9/2026,760.0,760.0,734.0,734.0,-3.42,1945.0,955.0,665.1
SMATA,7/10/2026,734.0,740.0,734.0,736.0,0.27,850.0,955.0,665.1
SMATA,7/13/2026,730.0,733.0,730.0,732.0,0.27,2347.0,955.0,665.1
SMATA,7/14/2026,727.0,730.0,713.5,730.0,0.41,2620.0,955.0,665.1
SMATA,7/15/2026,716.1,743.9,716.1,726.2,1.41,1380.0,955.0,665.1
SMATA,7/16/2026,720.0,739.0,720.0,730.0,1.39,1828.0,955.0,665.1
SMATA,7/17/2026,729.0,773.0,729.0,754.9,3.55,2137.0,955.0,665.1
SMATA,7/20/2026,760.0,763.0,755.0,761.0,0.13,2029.0,955.0,665.1
SMATA,7/21/2026,775.0,776.9,753.0,760.5,-1.87,2083.0,955.0,665.1
SMATA,7/22/2026,748.2,766.9,748.2,751.1,0.39,446.0,955.0,665.1
SMATA,7/23/2026,740.0,759.7,740.0,759.7,2.66,572.0,955.0,665.1
SMATA,7/24/2026,741.0,769.0,741.0,754.0,1.75,2237.0,955.0,665.1
SMATA,7/27/2026,754.0,760.0,735.1,742.0,-1.59,2471.0,955.0,665.1
SMATA,7/28/2026,742.0,750.0,742.0,742.0,0.0,544.0,955.0,665.1
SMATA,7/29/2026,720.1,748.9,720.1,740.0,2.76,525.0,955.0,665.1
SMATA,7/30/2026,740.0,753.0,728.0,740.0,0.0,2496.0,955.0,665.1
SMATA,7/31/2026,732.0,737.5,721.0,731.0,-0.14,3028.0,955.0,665.1
SMATA,8/3/2026,731.0,740.0,731.0,735.0,0.55,1732.0,955.0,665.1
SMATA,8/4/2026,735.0,738.0,730.0,731.0,-0.54,1015.0,955.0,665.1
SMATA,8/5/2026,720.0,749.0,720.0,730.0,1.39,1225.0,955.0,665.1
SMATA,8/6/2026,721.2,744.9,721.2,732.0,1.5,468.0,955.0,665.1
SMATA,8/7/2026,725.5,732.0,725.5,728.0,0.34,1029.0,955.0,665.1
SMATA,8/10/2026,728.0,730.0,721.0,730.0,0.27,1719.0,955.0,665.1
SMATA,8/11/2026,730.0,730.0,721.0,729.0,-0.14,775.0,955.0,665.1
SMATA,8/12/2026,720.6,732.9,720.6,724.5,0.54,799.0,955.0,665.1
SMATA,8/13/2026,720.1,728.0,717.1,728.0,1.1,1879.0,955.0,665.1
SMATA,8/14/2026,728.0,735.0,722.0,722.0,-0.82,927.0,955.0,665.1
SMATA,8/17/2026,725.0,730.0,717.1,724.0,-0.14,1105.0,955.0,665.1
SMATA,8/18/2026,715.0,729.9,704.0,710.0,-0.7,5191.0,955.0,665.1
SMATA,8/19/2026,711.0,711.0,707.0,710.0,-0.14,2851.0,955.0,665.1
SMATA,8/20/2026,710.0,712.0,700.0,710.0,0.0,3643.0,955.0,665.1
SMATA,8/21/2026,712.0,712.0,702.1,705.0,-0.98,1898.0,955.0,665.1
SMATA,8/24/2026,705.4,710.0,700.0,700.1,-0.75,3605.0,955.0,665.1
SMATA,8/25/2026,690.1,700.0,687.0,687.0,-0.45,3980.0,955.0,665.1
SMATA,8/26/2026,700.0,707.6,689.1,690.0,-1.43,3485.0,955.0,665.1
SMATA,8/27/2026,685.1,699.6,670.0,695.0,1.45,2766.0,955.0,665.1
SMATA,8/31/2026,680.0,685.0,665.1,675.0,-0.74,2353.0,955.0,665.1
SMATA,9/1/2026,675.0,686.0,675.0,680.0,0.74,1119.0,955.0,665.1
SMATA,9/2/2026,675.0,688.0,675.0,683.0,1.19,421.0,955.0,665.1
SMATA,9/3/2026,685.0,685.0,680.0,682.0,-0.44,1340.0,955.0,665.1
SMATA,9/7/2026,690.0,695.0,686.0,695.0,0.72,2294.0,955.0,665.1
SMATA,9/9/2026,700.0,700.0,690.0,691.0,-1.29,949.0,955.0,665.1
SMATA,9/10/2026,674.1,690.0,674.1,685.0,1.62,1017.0,955.0,665.1
SMATA,9/11/2026,688.0,696.0,683.0,694.0,0.87,654.0,955.0,665.1
SMATA,9/14/2026,694.0,714.0,694.0,701.0,1.01,891.0,955.0,665.1
SMATA,9/15/2026,735.0,735.0,705.2,724.0,-1.5,4105.0,955.0,665.1
SMATA,9/16/2026,725.0,725.0,706.2,710.0,-2.07,1243.0,955.0,665.1
SMATA,9/17/2026,711.0,712.1,705.5,711.0,0.0,535.0,955.0,665.1
SMATA,9/18/2026,715.0,718.4,706.3,711.6,-0.48,157.0,955.0,665.1
SMATA,9/22/2026,709.0,720.0,693.1,712.0,0.42,2234.0,955.0,665.1
SMATA,9/23/2026,709.0,709.0,695.0,695.0,-1.97,1852.0,955.0,665.1
SMATA,9/24/2026,695.0,700.0,690.1,700.0,0.72,1064.0,955.0,665.1
SMATA,9/28/2026,698.5,700.0,680.0,680.0,-2.65,4609.0,955.0,665.1
SMATA,9/29/2026,681.0,690.0,680.0,0.0,-100.0,1714.0,955.0,665.1
SMATA,9/30/2026,688.0,688.0,680.7,683.0,-0.73,204.0,955.0,665.1
SMATA,10/1/2026,673.0,685.0,673.0,685.0,1.78,2293.0,955.0,665.1
SMATA,10/2/2026,675.1,686.9,675.1,679.9,0.71,2756.0,955.0,665.1
SMATAP,4/29/2026,421.0,421.0,421.0,421.0,0.0,2000.0,593.0,441.0
SMB,12/21/2025,1980.0,1990.0,1950.1,1952.0,,3843.0,2310.3,1699.0
SMB,12/22/2025,1945.0,1950.0,1925.0,1926.0,-1.33,1947.0,2310.3,1699.0
SMB,12/23/2025,1902.0,1935.0,1891.5,1935.0,0.47,1348.0,2310.3,1699.0
SMB,12/24/2025,1935.0,1935.0,1900.0,1900.0,-1.81,2036.0,2310.3,1699.0
SMB,12/28/2025,1900.0,1910.0,1886.5,1891.0,-0.47,3550.0,2310.3,1699.0
SMB,12/29/2025,1928.0,1928.0,1882.2,1886.0,-0.26,2892.0,2310.3,1699.0
SMB,12/31/2025,1756.8,1791.9,1740.0,1740.0,-7.74,2930.0,2310.3,1699.0
SMB,1/1/2026,1740.0,1760.0,1740.0,1745.0,0.29,1269.0,2310.3,1699.0
SMB,1/4/2026,1745.0,1760.0,1710.1,1750.0,0.29,1809.0,2310.3,1699.0
SMB,1/5/2026,1750.1,1799.0,1750.0,1799.0,2.8,2320.0,2310.3,1699.0
SMB,1/6/2026,1834.0,1834.0,1785.0,1813.0,0.78,6591.0,2310.3,1699.0
SMB,1/7/2026,1800.0,1810.0,1785.0,1790.0,-1.27,1335.0,2310.3,1699.0
SMB,1/8/2026,1800.0,1817.0,1790.0,1790.0,0.0,2713.0,2310.3,1699.0
SMB,1/12/2026,1770.0,1805.0,1740.0,1780.0,-0.56,1529.0,2310.3,1699.0
SMB,1/13/2026,1751.2,1784.9,1745.0,1784.9,0.28,1556.0,2310.3,1699.0
SMB,1/14/2026,1755.0,1790.0,1755.0,1783.0,-0.11,782.0,2310.3,1699.0
SMB,1/18/2026,1800.0,1815.0,1781.2,1797.0,0.79,1574.0,2310.3,1699.0
SMB,1/20/2026,1810.0,1875.0,1805.5,1858.0,3.39,3876.0,2310.3,1699.0
SMB,1/21/2026,1860.0,1879.9,1840.0,1859.9,0.1,1545.0,2310.3,1699.0
SMB,1/22/2026,1860.0,1878.0,1851.0,1864.0,0.22,1019.0,2310.3,1699.0
SMB,1/25/2026,1835.0,1914.0,1835.0,1914.0,2.68,3144.0,2310.3,1699.0
SMB,1/26/2026,1940.0,1949.0,1900.1,1940.0,1.36,1012.0,2310.3,1699.0
SMB,1/27/2026,1975.0,2134.0,1975.0,2033.0,4.79,9747.0,2310.3,1699.0
SMB,1/28/2026,2000.0,2029.0,1980.0,2000.0,-1.62,4063.0,2310.3,1699.0
SMB,1/29/2026,2000.0,2040.0,1951.0,1951.0,-2.45,2875.0,2310.3,1699.0
SMB,2/1/2026,1943.0,1943.0,1900.0,1900.1,-2.61,2531.0,2310.3,1699.0
SMB,2/2/2026,1904.0,1905.0,1866.0,1871.0,-1.53,2171.0,2310.3,1699.0
SMB,2/3/2026,1871.0,1918.0,1860.0,1917.0,2.46,2349.0,2310.3,1699.0
SMB,2/4/2026,1946.0,1946.0,1907.2,1928.0,0.57,691.0,2310.3,1699.0
SMB,2/5/2026,1924.0,1924.9,1896.1,1903.0,-1.3,575.0,2310.3,1699.0
SMB,2/8/2026,1911.0,1919.0,1900.0,1903.0,0.0,1205.0,2310.3,1699.0
SMB,2/9/2026,1895.0,1897.0,1882.0,1885.0,-0.95,971.0,2310.3,1699.0
SMB,2/10/2026,1850.2,1888.4,1850.2,1888.0,0.16,494.0,2310.3,1699.0
SMB,2/11/2026,1910.0,1910.0,1880.1,1881.0,-0.37,666.0,2310.3,1699.0
SMB,2/12/2026,1900.0,1900.0,1860.2,1890.0,0.48,1114.0,2310.3,1699.0
SMB,2/16/2026,1890.0,1890.0,1862.0,1865.1,-1.32,332.0,2310.3,1699.0
SMB,2/17/2026,1865.0,1865.0,1840.0,1840.0,-1.35,2468.0,2310.3,1699.0
SMB,2/22/2026,1830.0,1835.0,1806.0,1835.0,-0.27,947.0,2310.3,1699.0
SMB,2/23/2026,1871.7,1947.0,1804.0,1947.0,6.1,2772.0,2310.3,1699.0
SMB,2/24/2026,1908.1,2024.0,1832.6,1998.0,2.62,3851.0,2310.3,1699.0
SMB,2/25/2026,1985.0,2001.0,1906.4,1964.0,-1.7,2829.0,2310.3,1699.0
SMB,2/26/2026,1924.8,1940.0,1900.0,1920.0,-2.24,1920.0,2310.3,1699.0
SMB,2/27/2026,1924.8,1940.0,1900.0,1920.0,0.0,1920.0,2310.3,1699.0
SMB,2/28/2026,1924.8,1940.0,1900.0,1920.0,0.0,1920.0,2310.3,1699.0
SMB,3/2/2026,1903.0,1903.0,1850.0,1900.0,-1.04,1583.0,2310.3,1699.0
SMB,3/3/2026,1866.0,1912.9,1865.0,1912.9,0.68,1422.0,2310.3,1699.0
SMB,3/4/2026,1866.0,1912.9,1865.0,1912.9,0.0,1422.0,2310.3,1699.0
SMB,3/5/2026,1866.0,1912.9,1865.0,1912.9,0.0,1422.0,2310.3,1699.0
SMB,3/6/2026,1866.0,1912.9,1865.0,1912.9,0.0,1422.0,2310.3,1699.0
SMB,3/7/2026,1866.0,1912.9,1865.0,1912.9,0.0,1422.0,2310.3,1699.0
SMB,3/8/2026,1866.0,1912.9,1865.0,1912.9,0.0,1422.0,2310.3,1699.0
SMB,3/9/2026,1951.1,1990.1,1951.1,1990.1,4.04,277.0,2310.3,1699.0
SMB,3/10/2026,2029.9,2029.9,1950.0,1980.0,-0.51,3922.0,2310.3,1699.0
SMB,3/11/2026,1980.0,1980.0,1940.4,1959.0,-1.06,652.0,2310.3,1699.0
SMB,3/12/2026,1920.0,1950.0,1920.0,1922.2,-1.88,1730.0,2310.3,1699.0
SMB,3/13/2026,1920.0,1950.0,1920.0,1922.2,0.0,1730.0,2310.3,1699.0
SMB,3/14/2026,1920.0,1950.0,1920.0,1922.2,0.0,1730.0,2310.3,1699.0
SMB,3/15/2026,1921.0,1921.0,1870.0,1890.0,-1.68,2007.0,2310.3,1699.0
SMB,3/16/2026,1890.0,1905.0,1870.0,1904.9,0.79,1769.0,2310.3,1699.0
SMB,3/17/2026,1876.3,1905.0,1876.3,1900.0,-0.26,346.0,2310.3,1699.0
SMB,3/18/2026,1876.3,1905.0,1876.3,1900.0,0.0,346.0,2310.3,1699.0
SMB,3/19/2026,1880.0,1924.0,1880.0,1921.9,1.15,3562.0,2310.3,1699.0
SMB,3/20/2026,1880.0,1924.0,1880.0,1921.9,0.0,3562.0,2310.3,1699.0
SMB,3/21/2026,1880.0,1924.0,1880.0,1921.9,0.0,3562.0,2310.3,1699.0
SMB,3/22/2026,1925.0,1980.0,1924.0,1969.0,2.45,5014.0,2310.3,1699.0
SMB,3/23/2026,1970.0,1980.0,1930.1,1968.0,-0.05,4079.0,2310.3,1699.0
SMB,3/24/2026,1951.1,1964.0,1929.0,1964.0,-0.2,1604.0,2310.3,1699.0
SMB,3/25/2026,1964.0,1964.0,1925.0,1930.0,-1.73,1329.0,2310.3,1699.0
SMB,3/26/2026,1930.0,1965.0,1930.0,1950.0,1.04,2306.0,2310.3,1699.0
SMB,3/29/2026,1950.0,1950.0,1890.0,1890.2,-3.07,1475.0,2310.3,1699.0
SMB,3/30/2026,1890.2,1920.0,1880.0,1880.0,-0.54,843.0,2310.3,1699.0
SMB,3/31/2026,1860.0,1884.0,1851.0,1884.0,1.29,1292.0,2310.3,1699.0
SMB,4/1/2026,1855.0,1882.0,1819.0,1882.0,1.46,2049.0,2310.3,1699.0
SMB,4/2/2026,1846.0,1880.0,1820.0,1839.9,-0.33,1340.0,2310.3,1699.0
SMB,4/5/2026,1835.0,1838.0,1741.0,1838.0,0.16,1998.0,2310.3,1699.0
SMB,4/6/2026,1801.3,1850.0,1801.3,1840.0,2.15,1199.0,2310.3,1699.0
SMB,4/7/2026,1817.0,1839.9,1800.0,1800.0,-0.94,555.0,2310.3,1699.0
SMB,4/8/2026,1801.0,1835.0,1780.0,1805.0,0.22,1422.0,2310.3,1699.0
SMB,4/9/2026,1802.2,1845.0,1802.2,1829.0,1.49,601.0,2310.3,1699.0
SMB,4/10/2026,1829.0,1837.0,1811.5,1836.0,0.38,407.0,2310.3,1699.0
SMB,4/13/2026,1836.0,1836.0,1803.6,1811.0,-1.36,486.0,2310.3,1699.0
SMB,4/15/2026,1806.0,1838.0,1806.0,1821.3,0.85,438.0,2310.3,1699.0
SMB,4/16/2026,1801.0,1844.0,1798.2,1798.2,-0.16,1424.0,2310.3,1699.0
SMB,4/17/2026,1798.2,1833.5,1796.0,1796.0,-0.12,700.0,2310.3,1699.0
SMB,4/20/2026,1800.0,1800.0,1770.0,1785.0,-0.83,573.0,2310.3,1699.0
SMB,4/21/2026,1770.0,1850.0,1770.0,1800.0,1.69,2024.0,2310.3,1699.0
SMB,4/22/2026,1830.0,1830.0,1750.0,1775.0,-3.01,238.0,2310.3,1699.0
SMB,4/23/2026,1814.0,1814.0,1740.0,1750.0,-3.53,1038.0,2310.3,1699.0
SMB,4/24/2026,1750.0,1780.0,1721.0,1750.0,0.0,795.0,2310.3,1699.0
SMB,4/27/2026,1750.0,1780.0,1739.0,1752.0,0.11,913.0,2310.3,1699.0
SMB,4/28/2026,1752.0,1768.0,1741.0,1768.0,0.91,323.0,2310.3,1699.0
SMB,4/29/2026,1768.0,1772.0,1725.0,1730.0,-2.15,1254.0,2310.3,1699.0
SMB,4/30/2026,1700.0,1720.1,1700.0,1718.0,1.06,340.0,2310.3,1699.0
SMB,5/4/2026,1720.0,1767.0,1704.4,1704.4,-0.91,546.0,2310.3,1699.0
SMB,5/5/2026,1699.0,1755.1,1699.0,1743.0,2.59,1031.0,2310.3,1699.0
SMB,5/6/2026,1725.0,1750.0,1725.0,1750.0,1.45,372.0,2310.3,1699.0
SMB,5/7/2026,1700.0,1735.0,1700.0,1725.2,1.48,710.0,2310.3,1699.0
SMB,5/8/2026,1720.0,1749.8,1720.0,1749.0,1.69,488.0,2310.3,1699.0
SMB,5/11/2026,1761.0,1778.0,1750.0,1769.0,0.45,854.0,2310.3,1699.0
SMB,5/12/2026,1761.0,1789.0,1740.0,1740.0,-1.19,738.0,2310.3,1699.0
SMB,5/13/2026,1726.0,1726.0,1703.0,1721.0,-0.29,767.0,2310.3,1699.0
SMB,5/14/2026,1721.0,1755.0,1721.0,1755.0,1.98,188.0,2310.3,1699.0
SMB,5/15/2026,1755.0,1755.0,1730.1,1755.0,0.0,510.0,2310.3,1699.0
SMB,5/18/2026,1755.0,1760.0,1732.0,1750.0,-0.28,443.0,2310.3,1699.0
SMB,5/19/2026,1750.0,1750.0,1734.0,1740.0,-0.57,312.0,2310.3,1699.0
SMB,5/20/2026,1740.0,1782.0,1738.0,1752.0,0.69,1139.0,2310.3,1699.0
SMB,5/21/2026,1752.0,1757.0,1737.1,1737.1,-0.85,842.0,2310.3,1699.0
SMB,5/22/2026,1740.0,1771.0,1740.0,1741.0,0.06,244.0,2310.3,1699.0
SMB,5/25/2026,1788.0,1790.0,1751.0,1762.0,-1.45,605.0,2310.3,1699.0
SMB,5/26/2026,1752.0,1778.0,1745.0,1746.0,-0.34,493.0,2310.3,1699.0
SMB,5/27/2026,1746.0,1776.0,1746.0,1749.0,0.17,424.0,2310.3,1699.0
SMB,6/1/2026,1792.0,1792.0,1700.0,1702.0,-5.02,2609.0,2310.3,1699.0
SMB,6/2/2026,1702.0,1760.0,1702.0,1725.0,1.35,777.0,2310.3,1699.0
SMB,6/3/2026,1711.0,1748.0,1710.0,1730.0,1.11,416.0,2310.3,1699.0
SMB,6/4/2026,1725.0,1768.2,1722.0,1745.0,1.16,1181.0,2310.3,1699.0
SMB,6/5/2026,1760.0,1760.0,1735.1,1750.0,-0.57,1146.0,2310.3,1699.0
SMB,6/8/2026,1736.0,1749.0,1736.0,1740.0,0.23,662.0,2310.3,1699.0
SMB,6/9/2026,1740.0,1740.0,1722.0,1735.0,-0.29,1218.0,2310.3,1699.0
SMB,6/10/2026,1730.0,1740.0,1730.0,1730.0,0.0,322.0,2310.3,1699.0
SMB,6/11/2026,1759.9,1759.9,1725.0,1725.0,-1.98,258.0,2310.3,1699.0
SMB,6/12/2026,1715.1,1730.0,1715.1,1730.0,0.87,336.0,2310.3,1699.0
SMB,6/15/2026,1716.0,1722.0,1715.0,1715.0,-0.06,726.0,2310.3,1699.0
SMB,6/16/2026,1711.0,1725.0,1711.0,1720.0,0.53,379.0,2310.3,1699.0
SMB,6/17/2026,1720.0,1734.0,1715.0,1725.0,0.29,278.0,2310.3,1699.0
SMB,6/18/2026,1715.0,1775.0,1713.0,1751.0,2.1,3369.0,2310.3,1699.0
SMB,6/19/2026,1750.0,1930.0,1750.0,1910.0,9.14,17489.0,2310.3,1699.0
SMB,6/22/2026,1900.0,1990.0,1872.0,1886.1,-0.73,8420.0,2310.3,1699.0
SMB,6/23/2026,1900.0,1900.0,1832.0,1850.0,-2.63,2723.0,2310.3,1699.0
SMB,6/24/2026,1850.0,2041.9,1850.0,1959.0,5.89,12201.0,2310.3,1699.0
SMB,6/26/2026,1940.2,1945.0,1901.0,1930.0,-0.53,2529.0,2310.3,1699.0
SMB,6/29/2026,1940.0,1987.0,1915.0,1955.2,0.78,8387.0,2310.3,1699.0
SMB,6/30/2026,1860.7,2031.0,1860.7,1984.0,6.63,9919.0,2310.3,1699.0
SMB,7/1/2026,1983.9,2059.0,1983.9,2054.0,3.53,8874.0,2310.3,1699.0
SMB,7/2/2026,2001.0,2070.0,1990.2,2008.0,0.35,9043.0,2310.3,1699.0
SMB,7/3/2026,2008.0,2008.0,1963.4,1970.0,-1.89,3231.0,2310.3,1699.0
SMB,7/6/2026,1962.0,1970.0,1920.0,1921.0,-2.09,4014.0,2310.3,1699.0
SMB,7/7/2026,1930.1,1939.0,1910.0,1930.0,-0.01,1616.0,2310.3,1699.0
SMB,7/8/2026,1880.2,1892.0,1802.0,1808.0,-3.84,3745.0,2310.3,1699.0
SMB,7/9/2026,1810.0,1909.9,1805.0,1822.0,0.66,2096.0,2310.3,1699.0
SMB,7/10/2026,1730.9,1870.0,1730.9,1854.0,7.11,1107.0,2310.3,1699.0
SMB,7/13/2026,1854.0,1854.0,1799.1,1800.0,-2.91,1557.0,2310.3,1699.0
SMB,7/14/2026,1775.0,1823.2,1768.3,1784.3,0.52,2043.0,2310.3,1699.0
SMB,7/15/2026,1837.7,1837.8,1782.7,1794.0,-2.38,1191.0,2310.3,1699.0
SMB,7/16/2026,1800.0,1887.0,1800.0,1827.0,1.5,3704.0,2310.3,1699.0
SMB,7/17/2026,1869.0,1928.9,1851.1,1890.0,1.12,2351.0,2310.3,1699.0
SMB,7/20/2026,1947.0,1947.0,1867.2,1900.0,-2.41,3048.0,2310.3,1699.0
SMB,7/21/2026,1900.0,1900.0,1853.0,1890.0,-0.53,559.0,2310.3,1699.0
SMB,7/22/2026,1895.0,1895.0,1811.0,1844.1,-2.69,1353.0,2310.3,1699.0
SMB,7/23/2026,1878.8,1878.8,1822.0,1848.0,-1.64,2058.0,2310.3,1699.0
SMB,7/24/2026,1850.0,1915.0,1848.0,1915.0,3.51,4959.0,2310.3,1699.0
SMB,7/27/2026,1915.0,1915.0,1860.0,1860.0,-2.87,1626.0,2310.3,1699.0
SMB,7/28/2026,1860.0,1860.0,1835.0,1835.0,-1.34,1391.0,2310.3,1699.0
SMB,7/29/2026,1816.1,1849.9,1816.0,1849.9,1.86,952.0,2310.3,1699.0
SMB,7/30/2026,1840.0,1840.0,1811.0,1816.0,-1.3,750.0,2310.3,1699.0
SMB,7/31/2026,1817.1,1847.9,1817.1,1835.0,0.99,1046.0,2310.3,1699.0
SMB,8/3/2026,1860.0,1860.0,1836.0,1845.0,-0.81,176.0,2310.3,1699.0
SMB,8/4/2026,1835.1,1839.0,1806.1,1839.0,0.21,851.0,2310.3,1699.0
SMB,8/5/2026,1820.0,1820.0,1785.0,1785.0,-1.92,1215.0,2310.3,1699.0
SMB,8/6/2026,1800.0,1810.0,1799.9,1800.0,0.0,902.0,2310.3,1699.0
SMB,8/7/2026,1830.0,1860.0,1810.0,1820.0,-0.55,889.0,2310.3,1699.0
SMB,8/10/2026,1820.0,1854.0,1812.0,1848.0,1.54,1003.0,2310.3,1699.0
SMB,8/11/2026,1825.0,1855.7,1810.0,1855.7,1.68,1579.0,2310.3,1699.0
SMB,8/12/2026,1855.7,1855.7,1807.0,1807.0,-2.62,146.0,2310.3,1699.0
SMB,8/13/2026,1893.3,1893.3,1795.4,1822.0,-3.77,1325.0,2310.3,1699.0
SMB,8/14/2026,1800.0,1827.9,1800.0,1827.9,1.55,380.0,2310.3,1699.0
SMB,8/17/2026,1810.0,1811.0,1801.0,1801.0,-0.5,327.0,2310.3,1699.0
SMB,8/18/2026,1830.0,1830.0,1722.9,1722.9,-5.85,2754.0,2310.3,1699.0
SMB,8/19/2026,1721.0,1770.0,1721.0,1737.0,0.93,997.0,2310.3,1699.0
SMB,8/20/2026,1730.0,1769.9,1703.0,1759.0,1.68,311.0,2310.3,1699.0
SMB,8/21/2026,1755.0,1788.0,1750.1,1760.0,0.28,502.0,2310.3,1699.0
SMB,8/24/2026,1733.0,1770.0,1733.0,1758.0,1.44,612.0,2310.3,1699.0
SMB,8/25/2026,1748.0,1759.0,1745.0,1759.0,0.63,230.0,2310.3,1699.0
SMB,8/26/2026,1770.0,1770.0,1735.0,1735.0,-1.98,505.0,2310.3,1699.0
SMB,8/27/2026,1702.0,1760.0,1701.0,1745.0,2.53,633.0,2310.3,1699.0
SMB,8/31/2026,1710.0,1749.0,1705.1,1722.0,0.7,525.0,2310.3,1699.0
SMB,9/1/2026,1712.1,1750.0,1712.0,1720.0,0.46,507.0,2310.3,1699.0
SMB,9/2/2026,1711.5,1742.0,1711.5,1718.0,0.38,265.0,2310.3,1699.0
SMB,9/3/2026,1740.0,1740.0,1715.0,1718.1,-1.26,421.0,2310.3,1699.0
SMB,9/7/2026,1750.0,1795.0,1717.0,1785.0,2.0,961.0,2310.3,1699.0
SMB,9/9/2026,1813.0,1813.0,1750.1,1752.1,-3.36,206.0,2310.3,1699.0
SMB,9/10/2026,1725.0,1750.0,1725.0,1750.0,1.45,1188.0,2310.3,1699.0
SMB,9/11/2026,1777.0,1777.0,1742.0,1742.0,-1.97,192.0,2310.3,1699.0
SMB,9/14/2026,1769.8,1818.0,1769.8,1800.0,1.71,764.0,2310.3,1699.0
SMB,9/15/2026,1888.0,1888.0,1800.1,1830.0,-3.07,808.0,2310.3,1699.0
SMB,9/16/2026,1830.0,1830.0,1805.0,1830.0,0.0,1125.0,2310.3,1699.0
SMB,9/17/2026,1848.5,1848.5,1815.0,1815.0,-1.81,375.0,2310.3,1699.0
SMB,9/18/2026,1800.0,1845.0,1800.0,1845.0,2.5,793.0,2310.3,1699.0
SMB,9/22/2026,1845.0,1845.0,1832.0,1845.0,0.0,850.0,2310.3,1699.0
SMB,9/23/2026,1845.0,1859.0,1820.0,1859.0,0.76,958.0,2310.3,1699.0
SMB,9/24/2026,1820.1,1870.0,1820.0,1864.0,2.41,357.0,2310.3,1699.0
SMB,9/28/2026,1810.1,1839.9,1810.1,1829.0,1.04,122.0,2310.3,1699.0
SMB,9/29/2026,1840.0,1840.1,1830.0,0.0,-100.0,904.0,2310.3,1699.0
SMB,9/30/2026,1850.0,1850.1,1826.1,1831.0,-1.03,1500.0,2310.3,1699.0
SMB,10/1/2026,1844.5,1845.0,1801.0,1801.0,-2.36,526.0,2310.3,1699.0
SMB,10/2/2026,1845.0,1845.0,1731.5,1825.0,-1.08,974.0,2310.3,1699.0
SMBPO,7/16/2026,986.0,986.0,986.0,986.0,0.0,7661.0,750.0,750.0
SMFBS,12/21/2025,1700.0,1710.0,1679.0,1700.0,,1052.0,1808.0,1285.0
SMFBS,12/22/2025,1680.0,1710.0,1680.0,1710.0,0.59,674.0,1808.0,1285.0
SMFBS,12/23/2025,1689.0,1700.5,1655.0,1695.0,-0.88,592.0,1808.0,1285.0
SMFBS,12/24/2025,1695.0,1700.0,1675.0,1675.0,-1.18,264.0,1808.0,1285.0
SMFBS,12/28/2025,1700.0,1728.9,1667.0,1728.9,3.22,1135.0,1808.0,1285.0
SMFBS,12/29/2025,1762.0,1762.0,1639.0,1753.0,1.39,943.0,1808.0,1285.0
SMFBS,12/31/2025,1718.0,1718.0,1684.0,1684.0,-3.94,857.0,1808.0,1285.0
SMFBS,1/1/2026,1684.0,1700.0,1659.1,1700.0,0.95,651.0,1808.0,1285.0
SMFBS,1/4/2026,1670.0,1670.0,1640.0,1640.0,-3.53,1332.0,1808.0,1285.0
SMFBS,1/5/2026,1640.0,1670.0,1639.0,1640.0,0.0,1589.0,1808.0,1285.0
SMFBS,1/6/2026,1640.0,1688.1,1640.0,1656.0,0.98,1359.0,1808.0,1285.0
SMFBS,1/7/2026,1685.0,1689.0,1611.0,1668.0,0.72,1612.0,1808.0,1285.0
SMFBS,1/8/2026,1668.0,1698.0,1645.0,1698.0,1.8,556.0,1808.0,1285.0
SMFBS,1/12/2026,1700.0,1700.0,1635.7,1635.9,-3.66,2506.0,1808.0,1285.0
SMFBS,1/13/2026,1635.9,1668.0,1616.0,1616.0,-1.22,230.0,1808.0,1285.0
SMFBS,1/14/2026,1647.8,1680.0,1602.0,1680.0,3.96,3040.0,1808.0,1285.0
SMFBS,1/18/2026,1713.0,1770.0,1705.2,1751.0,4.23,3747.0,1808.0,1285.0
SMFBS,1/20/2026,1765.0,1770.0,1731.0,1770.0,1.09,1555.0,1808.0,1285.0
SMFBS,1/21/2026,1750.0,1750.0,1716.0,1740.0,-1.69,393.0,1808.0,1285.0
SMFBS,1/22/2026,1707.0,1740.0,1672.1,1740.0,0.0,3681.0,1808.0,1285.0
SMFBS,1/25/2026,1710.0,1742.9,1690.0,1742.9,0.17,1893.0,1808.0,1285.0
SMFBS,1/26/2026,1725.0,1725.0,1679.0,1714.0,-1.66,1737.0,1808.0,1285.0
SMFBS,1/27/2026,1696.0,1709.0,1675.0,1700.0,-0.82,3232.0,1808.0,1285.0
SMFBS,1/28/2026,1734.0,1734.0,1648.0,1694.7,-0.31,1195.0,1808.0,1285.0
SMFBS,1/29/2026,1694.7,1694.7,1631.0,1673.8,-1.23,972.0,1808.0,1285.0
SMFBS,2/1/2026,1641.1,1669.0,1610.0,1669.0,-0.29,356.0,1808.0,1285.0
SMFBS,2/2/2026,1635.8,1667.9,1615.1,1666.9,-0.13,458.0,1808.0,1285.0
SMFBS,2/3/2026,1633.6,1690.0,1610.0,1690.0,1.39,164.0,1808.0,1285.0
SMFBS,2/4/2026,1690.0,1690.0,1660.0,1679.9,-0.6,137.0,1808.0,1285.0
SMFBS,2/5/2026,1679.9,1679.9,1650.0,1679.0,-0.05,169.0,1808.0,1285.0
SMFBS,2/8/2026,1645.5,1654.0,1645.0,1645.0,-2.03,437.0,1808.0,1285.0
SMFBS,2/9/2026,1645.0,1645.0,1630.0,1630.0,-0.91,254.0,1808.0,1285.0
SMFBS,2/10/2026,1625.0,1631.0,1598.0,1625.0,-0.31,1844.0,1808.0,1285.0
SMFBS,2/11/2026,1606.5,1630.0,1603.0,1630.0,0.31,265.0,1808.0,1285.0
SMFBS,2/12/2026,1600.0,1629.9,1590.0,1629.9,-0.01,875.0,1808.0,1285.0
SMFBS,2/16/2026,1602.0,1635.0,1601.0,1635.0,0.31,944.0,1808.0,1285.0
SMFBS,2/17/2026,1610.0,1667.7,1583.0,1667.7,2.0,2610.0,1808.0,1285.0
SMFBS,2/22/2026,1688.0,1725.0,1600.0,1639.9,-1.67,1565.0,1808.0,1285.0
SMFBS,2/23/2026,1610.0,1640.8,1600.0,1608.0,-1.95,120.0,1808.0,1285.0
SMFBS,2/24/2026,1589.2,1669.9,1589.1,1669.9,3.85,995.0,1808.0,1285.0
SMFBS,2/25/2026,1636.6,1652.0,1617.2,1652.0,-1.07,610.0,1808.0,1285.0
SMFBS,2/26/2026,1670.0,1670.0,1632.0,1654.0,0.12,6517.0,1808.0,1285.0
SMFBS,2/27/2026,1670.0,1670.0,1632.0,1654.0,0.0,6517.0,1808.0,1285.0
SMFBS,2/28/2026,1670.0,1670.0,1632.0,1654.0,0.0,6517.0,1808.0,1285.0
SMFBS,3/2/2026,1654.0,1665.0,1646.1,1665.0,0.67,1782.0,1808.0,1285.0
SMFBS,3/3/2026,1665.0,1684.0,1631.8,1684.0,1.14,1415.0,1808.0,1285.0
SMFBS,3/4/2026,1665.0,1684.0,1631.8,1684.0,0.0,1415.0,1808.0,1285.0
SMFBS,3/5/2026,1665.0,1684.0,1631.8,1684.0,0.0,1415.0,1808.0,1285.0
SMFBS,3/6/2026,1665.0,1684.0,1631.8,1684.0,0.0,1415.0,1808.0,1285.0
SMFBS,3/7/2026,1665.0,1684.0,1631.8,1684.0,0.0,1415.0,1808.0,1285.0
SMFBS,3/8/2026,1665.0,1684.0,1631.8,1684.0,0.0,1415.0,1808.0,1285.0
SMFBS,3/9/2026,1717.6,1717.6,1717.6,1717.6,2.0,20.0,1808.0,1285.0
SMFBS,3/10/2026,1751.9,1751.9,1640.0,1697.0,-1.2,4739.0,1808.0,1285.0
SMFBS,3/11/2026,1665.1,1683.0,1620.1,1683.0,-0.82,2877.0,1808.0,1285.0
SMFBS,3/12/2026,1700.0,1700.0,1635.1,1660.0,-1.37,1229.0,1808.0,1285.0
SMFBS,3/13/2026,1700.0,1700.0,1635.1,1660.0,0.0,1229.0,1808.0,1285.0
SMFBS,3/14/2026,1700.0,1700.0,1635.1,1660.0,0.0,1229.0,1808.0,1285.0
SMFBS,3/15/2026,1660.1,1669.8,1638.0,1669.8,0.59,2688.0,1808.0,1285.0
SMFBS,3/16/2026,1648.3,1673.0,1648.3,1673.0,0.19,670.0,1808.0,1285.0
SMFBS,3/17/2026,1664.0,1664.0,1649.1,1664.0,-0.54,461.0,1808.0,1285.0
SMFBS,3/18/2026,1664.0,1664.0,1649.1,1664.0,0.0,461.0,1808.0,1285.0
SMFBS,3/19/2026,1664.0,1678.0,1647.0,1678.0,0.84,1594.0,1808.0,1285.0
SMFBS,3/20/2026,1664.0,1678.0,1647.0,1678.0,0.0,1594.0,1808.0,1285.0
SMFBS,3/21/2026,1664.0,1678.0,1647.0,1678.0,0.0,1594.0,1808.0,1285.0
SMFBS,3/22/2026,1700.0,1745.0,1666.0,1745.0,3.99,6492.0,1808.0,1285.0
SMFBS,3/23/2026,1779.0,1779.9,1712.3,1732.9,-0.69,2767.0,1808.0,1285.0
SMFBS,3/24/2026,1698.3,1763.7,1698.3,1730.0,-0.17,1334.0,1808.0,1285.0
SMFBS,3/25/2026,1706.0,1714.1,1706.0,1711.2,-1.09,667.0,1808.0,1285.0
SMFBS,3/26/2026,1745.4,1745.4,1678.0,1720.0,-1.46,2567.0,1808.0,1285.0
SMFBS,3/29/2026,1722.0,1722.0,1670.1,1682.9,-2.27,2040.0,1808.0,1285.0
SMFBS,3/30/2026,1713.0,1713.0,1650.0,1679.0,-1.98,3303.0,1808.0,1285.0
SMFBS,3/31/2026,1704.0,1704.0,1646.0,1696.0,-0.47,3557.0,1808.0,1285.0
SMFBS,4/1/2026,1668.0,1700.3,1667.0,1669.0,0.06,393.0,1808.0,1285.0
SMFBS,4/2/2026,1651.1,1704.9,1650.0,1703.0,3.14,6399.0,1808.0,1285.0
SMFBS,4/5/2026,1681.0,1681.0,1646.1,1660.0,-1.25,4573.0,1808.0,1285.0
SMFBS,4/6/2026,1689.0,1700.0,1670.0,1698.9,0.59,3148.0,1808.0,1285.0
SMFBS,4/7/2026,1699.9,1700.0,1680.1,1683.1,-0.99,2055.0,1808.0,1285.0
SMFBS,4/8/2026,1650.1,1719.0,1650.1,1706.0,3.39,1635.0,1808.0,1285.0
SMFBS,4/9/2026,1708.0,1747.0,1700.0,1747.0,2.28,2921.0,1808.0,1285.0
SMFBS,4/10/2026,1717.1,1735.0,1713.0,1735.0,1.04,3005.0,1808.0,1285.0
SMFBS,4/13/2026,1703.1,1736.0,1702.0,1734.0,1.81,344.0,1808.0,1285.0
SMFBS,4/15/2026,1730.0,1730.0,1705.0,1708.0,-1.27,1287.0,1808.0,1285.0
SMFBS,4/16/2026,1674.3,1720.0,1674.3,1698.8,1.46,1216.0,1808.0,1285.0
SMFBS,4/17/2026,1698.8,1699.0,1666.0,1699.0,0.01,765.0,1808.0,1285.0
SMFBS,4/20/2026,1652.1,1705.0,1652.1,1699.9,2.89,197.0,1808.0,1285.0
SMFBS,4/21/2026,1675.0,1700.0,1675.0,1681.0,0.36,450.0,1808.0,1285.0
SMFBS,4/22/2026,1729.0,1729.0,1650.0,1698.0,-1.79,1515.0,1808.0,1285.0
SMFBS,4/23/2026,1698.0,1698.0,1698.0,1698.0,0.0,5.0,1808.0,1285.0
SMFBS,4/24/2026,1698.0,1680.0,1650.0,1680.0,-1.06,393.0,1808.0,1285.0
SMFBS,4/27/2026,1680.0,1689.8,1642.1,1689.8,0.58,210.0,1808.0,1285.0
SMFBS,4/28/2026,1689.8,1685.0,1650.0,1685.0,-0.28,682.0,1808.0,1285.0
SMFBS,4/29/2026,1685.0,1685.0,1642.5,1643.0,-2.49,73.0,1808.0,1285.0
SMFBS,4/30/2026,1681.0,1681.0,1601.2,1611.5,-4.13,1414.0,1808.0,1285.0
SMFBS,5/4/2026,1611.5,1611.5,1596.0,1596.0,-0.96,128.0,1808.0,1285.0
SMFBS,5/5/2026,1596.0,1596.0,1580.0,1580.0,-1.0,32.0,1808.0,1285.0
SMFBS,5/6/2026,1627.0,1630.0,1595.0,1595.0,-1.97,250.0,1808.0,1285.0
SMFBS,5/7/2026,1565.0,1639.0,1565.0,1639.0,4.73,45.0,1808.0,1285.0
SMFBS,5/8/2026,1559.6,1635.0,1513.0,1628.9,4.44,4339.0,1808.0,1285.0
SMFBS,5/11/2026,1600.0,1630.0,1580.1,1624.9,1.56,1974.0,1808.0,1285.0
SMFBS,5/12/2026,1590.0,1591.0,1499.0,1590.0,0.0,5393.0,1808.0,1285.0
SMFBS,5/13/2026,1553.0,1582.0,1525.0,1555.0,0.13,685.0,1808.0,1285.0
SMFBS,5/14/2026,1555.0,1555.0,1554.0,1554.0,-0.06,12.0,1808.0,1285.0
SMFBS,5/15/2026,1512.0,1555.0,1512.0,1554.0,2.78,331.0,1808.0,1285.0
SMFBS,5/18/2026,1550.0,1560.0,1522.0,1525.0,-1.61,675.0,1808.0,1285.0
SMFBS,5/19/2026,1525.0,1525.0,1525.0,1525.0,0.0,108.0,1808.0,1285.0
SMFBS,5/20/2026,1525.0,1525.0,1515.0,1515.2,-0.64,175.0,1808.0,1285.0
SMFBS,5/21/2026,1521.0,1570.0,1520.0,1570.0,3.22,78.0,1808.0,1285.0
SMFBS,5/22/2026,1525.0,1535.0,1525.0,1535.0,0.66,151.0,1808.0,1285.0
SMFBS,5/25/2026,1513.3,1530.0,1502.0,1530.0,1.1,1763.0,1808.0,1285.0
SMFBS,5/26/2026,1515.1,1515.1,1500.0,1510.0,-0.34,777.0,1808.0,1285.0
SMFBS,5/27/2026,1510.0,1520.1,1510.0,1520.0,0.66,490.0,1808.0,1285.0
SMFBS,6/1/2026,1505.0,1519.0,1501.0,1519.0,0.93,348.0,1808.0,1285.0
SMFBS,6/2/2026,1502.0,1510.0,1495.1,1504.0,0.13,146.0,1808.0,1285.0
SMFBS,6/3/2026,1505.0,1519.0,1501.0,1514.0,0.6,345.0,1808.0,1285.0
SMFBS,6/4/2026,1534.0,1605.0,1515.0,1535.0,0.07,814.0,1808.0,1285.0
SMFBS,6/5/2026,1535.0,1549.9,1511.0,1520.0,-0.98,711.0,1808.0,1285.0
SMFBS,6/8/2026,1503.0,1539.9,1486.0,1539.9,2.46,986.0,1808.0,1285.0
SMFBS,6/9/2026,1539.9,1539.9,1494.0,1527.0,-0.84,235.0,1808.0,1285.0
SMFBS,6/10/2026,1527.0,1533.0,1500.0,1533.0,0.39,94.0,1808.0,1285.0
SMFBS,6/11/2026,1534.8,1534.8,1488.0,1527.0,-0.51,358.0,1808.0,1285.0
SMFBS,6/12/2026,1491.0,1505.0,1482.0,1503.9,0.87,277.0,1808.0,1285.0
SMFBS,6/15/2026,1481.2,1507.0,1481.2,1498.8,1.19,113.0,1808.0,1285.0
SMFBS,6/16/2026,1483.0,1502.0,1476.0,1501.9,1.27,477.0,1808.0,1285.0
SMFBS,6/17/2026,1501.9,1501.9,1475.0,1497.0,-0.33,59.0,1808.0,1285.0
SMFBS,6/18/2026,1505.0,1505.0,1461.1,1486.0,-1.26,854.0,1808.0,1285.0
SMFBS,6/19/2026,1460.1,1496.0,1445.0,1489.0,1.98,891.0,1808.0,1285.0
SMFBS,6/22/2026,1489.0,1565.6,1466.0,1559.0,4.7,1172.0,1808.0,1285.0
SMFBS,6/23/2026,1512.3,1535.3,1512.3,1535.3,1.52,72.0,1808.0,1285.0
SMFBS,6/24/2026,1501.2,1525.0,1500.0,1525.0,1.59,258.0,1808.0,1285.0
SMFBS,6/26/2026,1518.0,1544.0,1518.0,1544.0,1.71,100.0,1808.0,1285.0
SMFBS,6/29/2026,1498.0,1498.0,1454.0,1454.0,-2.94,173.0,1808.0,1285.0
SMFBS,6/30/2026,1470.0,1643.8,1470.0,1611.0,9.59,15796.0,1808.0,1285.0
SMFBS,7/1/2026,1614.0,1693.3,1614.0,1682.0,4.21,9144.0,1808.0,1285.0
SMFBS,7/2/2026,1682.0,1682.0,1640.0,1670.0,-0.71,6190.0,1808.0,1285.0
SMFBS,7/3/2026,1650.0,1688.0,1625.0,1651.1,0.07,8375.0,1808.0,1285.0
SMFBS,7/6/2026,1698.0,1698.0,1630.0,1644.0,-3.18,6697.0,1808.0,1285.0
SMFBS,7/7/2026,1620.5,1644.0,1600.0,1644.0,1.45,448.0,1808.0,1285.0
SMFBS,7/8/2026,1700.0,1700.0,1581.0,1597.9,-6.01,5309.0,1808.0,1285.0
SMFBS,7/9/2026,1650.0,1650.0,1535.0,1589.9,-3.64,1719.0,1808.0,1285.0
SMFBS,7/10/2026,1619.9,1619.9,1560.0,1568.0,-3.2,232.0,1808.0,1285.0
SMFBS,7/13/2026,1646.4,1646.4,1420.0,1580.0,-4.03,3061.0,1808.0,1285.0
SMFBS,7/14/2026,1635.3,1635.3,1485.0,1529.0,-6.5,1009.0,1808.0,1285.0
SMFBS,7/15/2026,1529.0,1549.0,1484.0,1520.0,-0.59,538.0,1808.0,1285.0
SMFBS,7/16/2026,1520.0,1520.0,1455.0,1480.0,-2.63,2147.0,1808.0,1285.0
SMFBS,7/17/2026,1524.4,1570.0,1507.0,1565.0,2.66,879.0,1808.0,1285.0
SMFBS,7/20/2026,1643.2,1643.2,1526.0,1555.0,-5.37,532.0,1808.0,1285.0
SMFBS,7/21/2026,1555.0,1560.0,1520.0,1543.9,-0.71,820.0,1808.0,1285.0
SMFBS,7/22/2026,1621.0,1621.0,1526.0,1575.0,-2.84,845.0,1808.0,1285.0
SMFBS,7/23/2026,1567.0,1578.9,1550.0,1578.0,0.7,735.0,1808.0,1285.0
SMFBS,7/24/2026,1535.0,1600.0,1532.0,1554.0,1.24,3316.0,1808.0,1285.0
SMFBS,7/27/2026,1545.1,1560.0,1533.0,1560.0,0.96,1085.0,1808.0,1285.0
SMFBS,7/28/2026,1560.0,1560.0,1521.0,1521.0,-2.5,164.0,1808.0,1285.0
SMFBS,7/29/2026,1515.2,1536.9,1515.0,1536.9,1.43,326.0,1808.0,1285.0
SMFBS,7/30/2026,1537.0,1537.0,1500.0,1500.0,-2.41,458.0,1808.0,1285.0
SMFBS,7/31/2026,1500.0,1539.0,1490.0,1539.0,2.6,357.0,1808.0,1285.0
SMFBS,8/3/2026,1525.0,1544.0,1502.0,1544.0,1.25,299.0,1808.0,1285.0
SMFBS,8/4/2026,1544.0,1544.0,1506.0,1506.0,-2.46,221.0,1808.0,1285.0
SMFBS,8/5/2026,1581.0,1581.0,1488.1,1535.0,-2.91,643.0,1808.0,1285.0
SMFBS,8/6/2026,1535.0,1535.0,1497.1,1525.0,-0.65,390.0,1808.0,1285.0
SMFBS,8/7/2026,1585.0,1585.0,1493.1,1493.1,-5.8,374.0,1808.0,1285.0
SMFBS,8/10/2026,1493.1,1500.0,1493.1,1500.0,0.46,106.0,1808.0,1285.0
SMFBS,8/11/2026,1538.0,1544.0,1526.0,1527.0,-0.72,607.0,1808.0,1285.0
SMFBS,8/12/2026,1603.3,1603.3,1464.7,1499.0,-6.51,660.0,1808.0,1285.0
SMFBS,8/13/2026,1485.0,1485.0,1435.0,1450.0,-2.36,2224.0,1808.0,1285.0
SMFBS,8/14/2026,1522.0,1522.0,1466.0,1477.0,-2.96,234.0,1808.0,1285.0
SMFBS,8/17/2026,1550.8,1550.8,1422.1,1422.1,-8.3,1037.0,1808.0,1285.0
SMFBS,8/18/2026,1422.1,1457.0,1415.0,1457.0,2.45,543.0,1808.0,1285.0
SMFBS,8/19/2026,1423.0,1443.0,1420.6,1443.0,1.41,493.0,1808.0,1285.0
SMFBS,8/20/2026,1477.0,1486.0,1422.0,1422.0,-3.72,384.0,1808.0,1285.0
SMFBS,8/21/2026,1426.0,1426.0,1402.0,1408.0,-1.26,1157.0,1808.0,1285.0
SMFBS,8/24/2026,1408.0,1408.0,1378.2,1378.2,-2.12,983.0,1808.0,1285.0
SMFBS,8/25/2026,1418.0,1459.0,1400.1,1400.1,-1.26,1254.0,1808.0,1285.0
SMFBS,8/26/2026,1335.0,1439.0,1335.0,1430.0,7.12,113.0,1808.0,1285.0
SMFBS,8/27/2026,1390.0,1392.0,1351.1,1369.0,-1.51,425.0,1808.0,1285.0
SMFBS,8/31/2026,1305.0,1394.0,1305.0,1319.0,1.07,122.0,1808.0,1285.0
SMFBS,9/1/2026,1285.0,1390.0,1285.0,1355.7,5.5,153.0,1808.0,1285.0
SMFBS,9/2/2026,1355.0,1394.0,1345.0,1394.0,2.88,278.0,1808.0,1285.0
SMFBS,9/3/2026,1398.0,1398.0,1333.0,1333.0,-4.65,403.0,1808.0,1285.0
SMFBS,9/7/2026,1312.0,1361.7,1312.0,1345.0,2.52,77.0,1808.0,1285.0
SMFBS,9/9/2026,1307.0,1380.0,1306.1,1380.0,5.59,143.0,1808.0,1285.0
SMFBS,9/10/2026,1338.6,1388.0,1338.0,1388.0,3.69,289.0,1808.0,1285.0
SMFBS,9/11/2026,1355.7,1428.0,1355.0,1399.0,3.19,154.0,1808.0,1285.0
SMFBS,9/14/2026,1358.1,1438.8,1350.0,1401.0,3.16,1153.0,1808.0,1285.0
SMFBS,9/15/2026,1443.0,1443.0,1400.1,1441.0,-0.14,256.0,1808.0,1285.0
SMFBS,9/16/2026,1398.0,1400.0,1366.0,1375.0,-1.65,302.0,1808.0,1285.0
SMFBS,9/17/2026,1400.0,1400.1,1400.0,1400.0,0.0,225.0,1808.0,1285.0
SMFBS,9/18/2026,1399.9,1430.0,1375.0,1430.0,2.15,1344.0,1808.0,1285.0
SMFBS,9/22/2026,1400.0,1425.0,1393.0,1420.0,1.43,1007.0,1808.0,1285.0
SMFBS,9/23/2026,1412.4,1429.0,1401.0,1417.0,0.33,745.0,1808.0,1285.0
SMFBS,9/24/2026,1480.0,1480.0,1360.0,1395.0,-5.74,178.0,1808.0,1285.0
SMFBS,9/28/2026,1395.0,1395.0,1369.0,1369.0,-1.86,146.0,1808.0,1285.0
SMFBS,9/29/2026,1350.0,1369.0,1330.0,0.0,-100.0,99.0,1808.0,1285.0
SMFBS,9/30/2026,1380.0,1405.0,1371.0,1405.0,1.81,52.0,1808.0,1285.0
SMFBS,10/1/2026,1371.0,1412.0,1330.1,1330.1,-2.98,406.0,1808.0,1285.0
SMFBS,10/2/2026,1370.0,1370.0,1340.0,1343.0,-1.97,171.0,1808.0,1285.0
SMH,12/21/2025,748.5,756.0,742.2,755.0,,570.0,1024.8,482.6
SMH,12/22/2025,742.1,750.0,742.1,749.9,-0.68,1188.0,1024.8,482.6
SMH,12/23/2025,741.1,755.0,736.0,746.9,-0.4,555.0,1024.8,482.6
SMH,12/24/2025,735.0,735.6,721.2,734.5,-1.66,1906.0,1024.8,482.6
SMH,12/28/2025,721.0,735.0,720.2,731.0,-0.48,1391.0,1024.8,482.6
SMH,12/29/2025,732.0,740.0,700.0,720.0,-1.5,4947.0,1024.8,482.6
SMH,12/31/2025,708.1,715.0,696.0,707.9,-1.68,5760.0,1024.8,482.6
SMH,1/1/2026,705.0,710.0,693.8,710.0,0.3,2187.0,1024.8,482.6
SMH,1/4/2026,696.1,714.8,690.0,703.0,-0.99,3839.0,1024.8,482.6
SMH,1/5/2026,691.1,714.0,691.1,708.0,0.71,2485.0,1024.8,482.6
SMH,1/6/2026,710.0,717.0,700.4,710.0,0.28,2575.0,1024.8,482.6
SMH,1/7/2026,719.0,745.0,705.2,725.1,2.13,6874.0,1024.8,482.6
SMH,1/8/2026,738.0,738.0,716.1,728.0,0.4,3326.0,1024.8,482.6
SMH,1/12/2026,740.0,740.0,713.7,725.0,-0.41,2724.0,1024.8,482.6
SMH,1/13/2026,711.0,735.0,685.1,722.0,-0.41,21076.0,1024.8,482.6
SMH,1/14/2026,712.0,731.8,712.0,716.0,-0.83,3485.0,1024.8,482.6
SMH,1/18/2026,730.0,770.0,702.0,730.0,1.96,21157.0,1024.8,482.6
SMH,1/20/2026,740.0,749.0,720.2,733.0,0.41,2776.0,1024.8,482.6
SMH,1/21/2026,745.0,745.0,720.7,728.0,-0.68,2136.0,1024.8,482.6
SMH,1/22/2026,739.0,739.0,719.0,728.0,0.0,1326.0,1024.8,482.6
SMH,1/25/2026,728.0,732.0,718.9,725.0,-0.41,3316.0,1024.8,482.6
SMH,1/26/2026,725.0,725.0,720.0,722.0,-0.41,2754.0,1024.8,482.6
SMH,1/27/2026,716.0,769.0,716.0,750.0,3.88,13637.0,1024.8,482.6
SMH,1/28/2026,754.9,758.0,738.0,753.0,0.4,4219.0,1024.8,482.6
SMH,1/29/2026,753.0,765.0,731.0,747.9,-0.68,1215.0,1024.8,482.6
SMH,2/1/2026,733.0,733.0,719.4,720.0,-3.73,2000.0,1024.8,482.6
SMH,2/2/2026,720.0,724.5,695.0,710.0,-1.39,4845.0,1024.8,482.6
SMH,2/3/2026,723.8,723.8,696.3,700.0,-1.41,2485.0,1024.8,482.6
SMH,2/4/2026,714.0,770.0,714.0,770.0,10.0,4498.0,1024.8,482.6
SMH,2/5/2026,785.4,847.0,785.4,847.0,10.0,2768.0,1024.8,482.6
SMH,2/8/2026,863.9,931.7,863.9,931.7,10.0,10231.0,1024.8,482.6
SMH,2/9/2026,950.3,1024.8,861.0,890.0,-4.48,36942.0,1024.8,482.6
SMH,2/10/2026,907.2,907.2,875.0,892.0,0.22,8940.0,1024.8,482.6
SMH,2/11/2026,900.0,900.0,811.0,835.0,-6.39,16377.0,1024.8,482.6
SMH,2/12/2026,834.0,849.0,818.0,823.3,-1.4,6435.0,1024.8,482.6
SMH,2/16/2026,806.9,835.0,800.0,812.3,-1.34,7139.0,1024.8,482.6
SMH,2/17/2026,796.1,796.1,731.1,731.1,-10.0,86038.0,1024.8,482.6
SMH,2/22/2026,716.5,716.5,689.0,699.9,-4.27,118791.0,1024.8,482.6
SMH,2/23/2026,701.0,711.0,698.5,699.0,-0.13,94675.0,1024.8,482.6
SMH,2/24/2026,712.8,727.0,703.0,710.0,1.57,135815.0,1024.8,482.6
SMH,2/25/2026,603.0,650.7,603.0,646.0,-9.01,61139.0,1024.8,482.6
SMH,2/26/2026,646.0,671.0,618.0,625.0,-3.25,34375.0,1024.8,482.6
SMH,2/27/2026,646.0,671.0,618.0,625.0,0.0,34375.0,1024.8,482.6
SMH,2/28/2026,646.0,671.0,618.0,625.0,0.0,34375.0,1024.8,482.6
SMH,3/2/2026,612.5,626.0,612.5,626.0,0.16,9111.0,1024.8,482.6
SMH,3/3/2026,627.0,635.0,622.3,635.0,1.44,10407.0,1024.8,482.6
SMH,3/4/2026,627.0,635.0,622.3,635.0,0.0,10407.0,1024.8,482.6
SMH,3/5/2026,627.0,635.0,622.3,635.0,0.0,10407.0,1024.8,482.6
SMH,3/6/2026,627.0,635.0,622.3,635.0,0.0,10407.0,1024.8,482.6
SMH,3/7/2026,627.0,635.0,622.3,635.0,0.0,10407.0,1024.8,482.6
SMH,3/8/2026,627.0,635.0,622.3,635.0,0.0,10407.0,1024.8,482.6
SMH,3/9/2026,647.0,660.0,647.0,660.0,3.94,150.0,1024.8,482.6
SMH,3/10/2026,673.2,686.2,652.0,660.0,0.0,56694.0,1024.8,482.6
SMH,3/11/2026,667.0,667.0,615.5,647.0,-1.97,78314.0,1024.8,482.6
SMH,3/12/2026,652.0,657.0,614.5,639.0,-1.24,119637.0,1024.8,482.6
SMH,3/13/2026,652.0,657.0,614.5,639.0,0.0,119637.0,1024.8,482.6
SMH,3/14/2026,652.0,657.0,614.5,639.0,0.0,119637.0,1024.8,482.6
SMH,3/15/2026,645.0,650.0,636.0,637.1,-0.3,26341.0,1024.8,482.6
SMH,3/16/2026,639.0,639.0,630.0,632.0,-0.8,17732.0,1024.8,482.6
SMH,3/17/2026,620.0,638.0,620.0,630.0,-0.32,23583.0,1024.8,482.6
SMH,3/18/2026,620.0,638.0,620.0,630.0,0.0,23583.0,1024.8,482.6
SMH,3/19/2026,638.0,642.0,630.0,640.0,1.59,54899.0,1024.8,482.6
SMH,3/20/2026,638.0,642.0,630.0,640.0,0.0,54899.0,1024.8,482.6
SMH,3/21/2026,638.0,642.0,630.0,640.0,0.0,54899.0,1024.8,482.6
SMH,3/22/2026,642.0,645.0,634.0,638.0,-0.31,46839.0,1024.8,482.6
SMH,3/23/2026,642.0,642.0,630.0,638.0,0.0,25743.0,1024.8,482.6
SMH,3/24/2026,638.5,643.0,635.0,642.0,0.63,45818.0,1024.8,482.6
SMH,3/25/2026,646.0,654.6,639.2,640.3,-0.26,60014.0,1024.8,482.6
SMH,3/26/2026,640.5,647.0,635.0,643.0,0.39,33419.0,1024.8,482.6
SMH,3/29/2026,640.0,655.0,631.0,631.5,-1.33,21528.0,1024.8,482.6
SMH,3/30/2026,631.0,634.5,620.0,621.0,-1.58,21687.0,1024.8,482.6
SMH,3/31/2026,623.0,629.0,616.0,627.0,0.64,19130.0,1024.8,482.6
SMH,4/1/2026,627.1,627.1,611.0,611.0,-2.57,12497.0,1024.8,482.6
SMH,4/2/2026,607.1,618.0,601.0,608.0,0.15,19073.0,1024.8,482.6
SMH,4/5/2026,620.1,620.1,590.0,593.9,-4.23,25795.0,1024.8,482.6
SMH,4/6/2026,586.2,614.9,583.0,611.0,4.23,9392.0,1024.8,482.6
SMH,4/7/2026,615.0,620.0,604.0,604.0,-1.79,7703.0,1024.8,482.6
SMH,4/8/2026,607.0,614.0,605.0,611.0,0.66,5138.0,1024.8,482.6
SMH,4/9/2026,610.0,617.8,609.0,615.9,0.97,10846.0,1024.8,482.6
SMH,4/10/2026,616.0,616.0,605.0,610.0,-0.97,9502.0,1024.8,482.6
SMH,4/13/2026,603.5,615.0,600.0,600.0,-0.58,26482.0,1024.8,482.6
SMH,4/15/2026,605.0,614.0,600.0,606.2,0.2,54333.0,1024.8,482.6
SMH,4/16/2026,606.5,614.4,600.0,605.0,-0.25,22666.0,1024.8,482.6
SMH,4/17/2026,613.0,613.0,598.5,598.8,-2.32,20245.0,1024.8,482.6
SMH,4/20/2026,612.0,612.0,588.0,594.0,-2.94,18697.0,1024.8,482.6
SMH,4/21/2026,623.0,623.0,590.0,596.0,-4.33,12487.0,1024.8,482.6
SMH,4/22/2026,593.0,610.0,585.0,592.9,-0.02,17301.0,1024.8,482.6
SMH,4/23/2026,595.0,605.0,582.0,588.0,-1.18,7740.0,1024.8,482.6
SMH,4/24/2026,590.0,599.9,571.0,577.0,-2.2,27748.0,1024.8,482.6
SMH,4/27/2026,577.0,594.3,572.2,572.2,-0.83,19917.0,1024.8,482.6
SMH,4/28/2026,572.2,589.0,566.0,568.0,-0.73,8504.0,1024.8,482.6
SMH,4/29/2026,568.0,585.0,550.0,552.1,-2.8,26585.0,1024.8,482.6
SMH,4/30/2026,567.0,567.0,549.2,559.0,-1.41,11735.0,1024.8,482.6
SMH,5/4/2026,570.0,570.0,546.1,548.0,-3.86,13031.0,1024.8,482.6
SMH,5/5/2026,541.1,564.0,541.0,562.0,3.86,9480.0,1024.8,482.6
SMH,5/6/2026,553.0,572.9,550.0,566.0,2.35,3496.0,1024.8,482.6
SMH,5/7/2026,573.0,573.0,562.1,568.0,-0.87,2875.0,1024.8,482.6
SMH,5/8/2026,575.0,575.0,563.0,572.1,-0.5,3835.0,1024.8,482.6
SMH,5/11/2026,582.0,585.0,576.0,582.0,0.0,8041.0,1024.8,482.6
SMH,5/12/2026,590.0,592.0,578.1,578.1,-2.02,9094.0,1024.8,482.6
SMH,5/13/2026,577.0,577.0,565.0,565.0,-2.08,5604.0,1024.8,482.6
SMH,5/14/2026,581.9,598.0,561.6,579.0,-0.5,4856.0,1024.8,482.6
SMH,5/15/2026,567.1,580.0,567.1,576.5,1.66,2316.0,1024.8,482.6
SMH,5/18/2026,576.5,592.0,572.5,584.0,1.3,13879.0,1024.8,482.6
SMH,5/19/2026,579.0,600.0,578.1,596.0,2.94,9387.0,1024.8,482.6
SMH,5/20/2026,599.9,599.9,590.0,597.5,-0.4,3879.0,1024.8,482.6
SMH,5/21/2026,599.0,604.0,586.0,588.4,-1.77,2403.0,1024.8,482.6
SMH,5/22/2026,600.0,600.0,575.0,594.0,-1.0,4075.0,1024.8,482.6
SMH,5/25/2026,594.0,600.0,585.2,597.2,0.54,8992.0,1024.8,482.6
SMH,5/26/2026,600.0,606.0,593.0,601.7,0.28,12535.0,1024.8,482.6
SMH,5/27/2026,604.0,608.0,600.0,602.0,-0.33,13224.0,1024.8,482.6
SMH,6/1/2026,602.0,605.0,590.0,592.0,-1.66,6959.0,1024.8,482.6
SMH,6/2/2026,586.0,600.0,586.0,600.0,2.39,5772.0,1024.8,482.6
SMH,6/3/2026,591.1,600.0,587.0,592.0,0.15,3827.0,1024.8,482.6
SMH,6/4/2026,587.0,594.9,582.1,588.0,0.17,4779.0,1024.8,482.6
SMH,6/5/2026,615.0,615.0,578.8,585.3,-4.83,10247.0,1024.8,482.6
SMH,6/8/2026,591.6,591.6,572.0,579.0,-2.13,10591.0,1024.8,482.6
SMH,6/9/2026,587.5,587.5,563.0,579.0,-1.45,8966.0,1024.8,482.6
SMH,6/10/2026,583.5,583.5,568.1,570.0,-2.31,4556.0,1024.8,482.6
SMH,6/11/2026,568.1,577.0,568.1,569.5,0.25,1469.0,1024.8,482.6
SMH,6/12/2026,577.0,577.0,565.1,572.0,-0.87,6922.0,1024.8,482.6
SMH,6/15/2026,567.0,572.0,565.0,565.0,-0.35,3806.0,1024.8,482.6
SMH,6/16/2026,565.0,580.0,560.5,580.0,2.65,10444.0,1024.8,482.6
SMH,6/17/2026,565.1,579.0,562.6,574.5,1.66,21727.0,1024.8,482.6
SMH,6/18/2026,575.0,575.0,566.3,570.0,-0.87,3014.0,1024.8,482.6
SMH,6/19/2026,577.0,577.0,565.0,571.5,-0.95,2812.0,1024.8,482.6
SMH,6/22/2026,566.0,572.0,566.0,570.0,0.71,2240.0,1024.8,482.6
SMH,6/23/2026,578.0,578.0,560.0,560.0,-3.11,3860.0,1024.8,482.6
SMH,6/24/2026,560.0,562.0,554.0,562.0,0.36,4092.0,1024.8,482.6
SMH,6/26/2026,554.0,560.0,545.0,545.0,-1.62,5188.0,1024.8,482.6
SMH,6/29/2026,547.0,565.0,545.1,545.1,-0.35,2130.0,1024.8,482.6
SMH,6/30/2026,545.1,553.0,521.1,521.7,-4.29,20317.0,1024.8,482.6
SMH,7/1/2026,530.0,544.5,520.0,536.0,1.13,9401.0,1024.8,482.6
SMH,7/2/2026,543.9,544.0,524.0,531.0,-2.37,5724.0,1024.8,482.6
SMH,7/3/2026,536.0,542.4,531.0,531.0,-0.93,7404.0,1024.8,482.6
SMH,7/6/2026,540.0,540.0,521.5,522.0,-3.33,3982.0,1024.8,482.6
SMH,7/7/2026,521.1,524.0,519.0,523.0,0.36,9468.0,1024.8,482.6
SMH,7/8/2026,520.0,520.0,513.8,514.0,-1.15,8555.0,1024.8,482.6
SMH,7/9/2026,513.0,514.0,500.1,508.2,-0.94,4815.0,1024.8,482.6
SMH,7/10/2026,508.2,515.0,497.0,497.0,-2.2,9549.0,1024.8,482.6
SMH,7/13/2026,498.0,499.0,490.0,490.0,-1.61,13845.0,1024.8,482.6
SMH,7/14/2026,489.0,499.9,482.6,497.0,1.64,8245.0,1024.8,482.6
SMH,7/15/2026,490.5,510.0,490.2,502.0,2.34,7303.0,1024.8,482.6
SMH,7/16/2026,507.0,508.0,495.0,504.8,-0.43,8435.0,1024.8,482.6
SMH,7/17/2026,509.0,518.0,500.0,512.0,0.59,36777.0,1024.8,482.6
SMH,7/20/2026,518.0,520.0,512.0,513.2,-0.93,35811.0,1024.8,482.6
SMH,7/21/2026,519.0,541.7,510.0,521.9,0.56,75905.0,1024.8,482.6
SMH,7/22/2026,518.0,523.0,510.0,514.0,-0.77,12605.0,1024.8,482.6
SMH,7/23/2026,515.0,516.0,509.0,514.9,-0.02,22173.0,1024.8,482.6
SMH,7/24/2026,511.1,519.0,511.1,517.1,1.17,31697.0,1024.8,482.6
SMH,7/27/2026,517.1,519.7,508.0,510.0,-1.37,15979.0,1024.8,482.6
SMH,7/28/2026,506.0,514.0,501.0,511.0,0.99,6534.0,1024.8,482.6
SMH,7/29/2026,506.0,510.0,506.0,506.0,0.0,4422.0,1024.8,482.6
SMH,7/30/2026,507.0,510.0,500.0,502.9,-0.81,8196.0,1024.8,482.6
SMH,7/31/2026,515.0,515.0,497.0,498.0,-3.3,13751.0,1024.8,482.6
SMH,8/3/2026,509.9,510.9,505.0,505.5,-0.86,15962.0,1024.8,482.6
SMH,8/4/2026,503.0,506.0,499.1,500.0,-0.6,11461.0,1024.8,482.6
SMH,8/5/2026,497.1,515.0,497.1,514.0,3.4,10011.0,1024.8,482.6
SMH,8/6/2026,512.0,516.0,501.0,509.0,-0.59,10300.0,1024.8,482.6
SMH,8/7/2026,534.0,534.0,505.3,506.0,-5.24,6919.0,1024.8,482.6
SMH,8/10/2026,503.7,508.0,498.0,507.0,0.66,9191.0,1024.8,482.6
SMH,8/11/2026,514.0,514.0,508.0,511.9,-0.41,4007.0,1024.8,482.6
SMH,8/12/2026,512.0,516.0,505.0,509.4,-0.51,7468.0,1024.8,482.6
SMH,8/13/2026,507.5,511.0,506.0,510.0,0.49,3808.0,1024.8,482.6
SMH,8/14/2026,510.0,515.0,507.2,512.0,0.39,7123.0,1024.8,482.6
SMH,8/17/2026,515.9,516.0,507.3,507.6,-1.61,3094.0,1024.8,482.6
SMH,8/18/2026,506.1,511.0,505.0,505.0,-0.22,6861.0,1024.8,482.6
SMH,8/19/2026,505.0,509.9,502.2,502.2,-0.55,4138.0,1024.8,482.6
SMH,8/20/2026,502.2,516.0,501.0,514.0,2.35,15544.0,1024.8,482.6
SMH,8/21/2026,514.0,514.0,508.0,510.2,-0.74,5099.0,1024.8,482.6
SMH,8/24/2026,505.1,512.9,505.1,508.0,0.57,2904.0,1024.8,482.6
SMH,8/25/2026,512.0,515.0,503.0,504.5,-1.46,7516.0,1024.8,482.6
SMH,8/26/2026,500.0,504.0,497.0,497.0,-0.6,8848.0,1024.8,482.6
SMH,8/27/2026,495.0,502.9,486.0,500.0,1.01,8984.0,1024.8,482.6
SMH,8/31/2026,491.0,500.0,490.0,490.0,-0.2,8607.0,1024.8,482.6
SMH,9/1/2026,498.0,498.0,488.0,493.0,-1.0,4643.0,1024.8,482.6
SMH,9/2/2026,490.3,497.0,489.1,492.1,0.37,7138.0,1024.8,482.6
SMH,9/3/2026,495.9,500.0,492.5,499.0,0.63,5945.0,1024.8,482.6
SMH,9/7/2026,503.0,510.0,496.0,509.3,1.25,7260.0,1024.8,482.6
SMH,9/9/2026,507.0,510.0,500.2,502.0,-0.99,3170.0,1024.8,482.6
SMH,9/10/2026,527.1,527.1,490.0,495.4,-6.01,5622.0,1024.8,482.6
SMH,9/11/2026,490.0,503.9,490.0,502.0,2.45,4442.0,1024.8,482.6
SMH,9/14/2026,502.0,529.0,495.0,523.1,4.2,31259.0,1024.8,482.6
SMH,9/15/2026,534.0,540.0,522.9,529.9,-0.77,16250.0,1024.8,482.6
SMH,9/16/2026,528.9,529.0,518.1,519.0,-1.87,8130.0,1024.8,482.6
SMH,9/17/2026,529.0,529.0,518.1,518.4,-2.0,9145.0,1024.8,482.6
SMH,9/18/2026,518.0,524.0,518.0,522.0,0.77,7271.0,1024.8,482.6
SMH,9/22/2026,528.0,532.8,520.0,523.0,-0.95,8131.0,1024.8,482.6
SMH,9/23/2026,520.1,524.0,510.2,511.0,-1.75,8347.0,1024.8,482.6
SMH,9/24/2026,511.5,518.0,511.0,518.0,1.27,11196.0,1024.8,482.6
SMH,9/28/2026,512.0,526.9,503.3,508.0,-0.78,6188.0,1024.8,482.6
SMH,9/29/2026,519.0,519.0,500.4,0.0,-100.0,1494.0,1024.8,482.6
SMH,9/30/2026,519.9,519.9,503.0,504.0,-3.06,7769.0,1024.8,482.6
SMH,10/1/2026,502.0,515.0,502.0,508.4,1.27,6528.0,1024.8,482.6
SMH,10/2/2026,505.0,530.4,505.0,513.0,1.58,19652.0,1024.8,482.6
SMHL,12/21/2025,672.0,680.0,639.3,642.0,,34495.0,897.0,443.0
SMHL,12/22/2025,630.1,680.1,617.5,638.0,-0.62,46035.0,897.0,443.0
SMHL,12/23/2025,625.3,689.0,625.3,628.1,-1.55,32533.0,897.0,443.0
SMHL,12/24/2025,615.6,666.4,605.2,605.2,-3.65,24968.0,897.0,443.0
SMHL,12/28/2025,616.9,616.9,599.8,601.0,-0.69,51187.0,897.0,443.0
SMHL,12/29/2025,612.0,637.5,578.0,578.0,-3.83,20755.0,897.0,443.0
SMHL,12/31/2025,588.0,588.0,560.0,565.9,-2.09,22896.0,897.0,443.0
SMHL,1/1/2026,560.0,571.2,548.8,560.0,-1.04,43833.0,897.0,443.0
SMHL,1/4/2026,551.0,560.0,537.9,552.9,-1.27,21146.0,897.0,443.0
SMHL,1/5/2026,541.9,586.0,541.9,563.9,1.99,86244.0,897.0,443.0
SMHL,1/6/2026,564.0,564.0,549.0,558.8,-0.9,28386.0,897.0,443.0
SMHL,1/7/2026,559.0,560.0,520.0,539.0,-3.54,32376.0,897.0,443.0
SMHL,1/8/2026,539.0,539.0,510.6,518.0,-3.9,46337.0,897.0,443.0
SMHL,1/12/2026,525.0,525.0,490.1,496.0,-4.25,52785.0,897.0,443.0
SMHL,1/13/2026,497.0,541.0,492.0,541.0,9.07,81184.0,897.0,443.0
SMHL,1/14/2026,550.0,595.1,540.9,594.8,9.94,108566.0,897.0,443.0
SMHL,1/18/2026,593.0,612.0,567.1,583.0,-1.98,81480.0,897.0,443.0
SMHL,1/20/2026,583.0,590.0,555.0,563.0,-3.43,61370.0,897.0,443.0
SMHL,1/21/2026,563.0,574.0,546.0,554.9,-1.44,40898.0,897.0,443.0
SMHL,1/22/2026,560.0,560.0,535.0,546.0,-1.6,40082.0,897.0,443.0
SMHL,1/25/2026,536.0,581.0,532.0,565.0,3.48,61125.0,897.0,443.0
SMHL,1/26/2026,570.0,570.0,542.0,553.0,-2.12,32851.0,897.0,443.0
SMHL,1/27/2026,555.0,555.0,530.0,530.0,-4.16,40227.0,897.0,443.0
SMHL,1/28/2026,525.3,537.0,517.0,536.0,1.13,30799.0,897.0,443.0
SMHL,1/29/2026,545.0,545.0,522.0,525.0,-2.05,29875.0,897.0,443.0
SMHL,2/1/2026,535.5,540.0,519.0,519.0,-1.14,23198.0,897.0,443.0
SMHL,2/2/2026,520.0,521.0,505.0,508.0,-2.12,30752.0,897.0,443.0
SMHL,2/3/2026,512.9,512.9,495.0,499.0,-1.77,36994.0,897.0,443.0
SMHL,2/4/2026,508.0,548.9,508.0,548.9,10.0,75980.0,897.0,443.0
SMHL,2/5/2026,538.0,538.0,494.1,494.1,-9.98,356268.0,897.0,443.0
SMHL,2/8/2026,484.3,500.0,444.7,486.0,-1.64,1180165.0,897.0,443.0
SMHL,2/9/2026,495.7,496.0,478.0,489.8,0.78,204971.0,897.0,443.0
SMHL,2/10/2026,490.0,490.0,456.0,468.9,-4.27,219767.0,897.0,443.0
SMHL,2/11/2026,459.6,469.0,451.0,461.0,-1.68,227074.0,897.0,443.0
SMHL,2/12/2026,469.7,469.8,455.4,464.0,0.65,101605.0,897.0,443.0
SMHL,2/16/2026,467.0,469.9,453.1,456.1,-1.7,144604.0,897.0,443.0
SMHL,2/17/2026,456.1,459.0,443.0,445.0,-2.43,187803.0,897.0,443.0
SMHL,2/22/2026,443.2,474.0,443.1,463.5,4.16,168919.0,897.0,443.0
SMHL,2/23/2026,465.0,465.0,451.0,451.1,-2.68,190995.0,897.0,443.0
SMHL,2/24/2026,460.1,463.0,450.2,459.3,1.82,169517.0,897.0,443.0
SMHL,2/25/2026,464.0,467.0,459.0,463.4,0.89,116834.0,897.0,443.0
SMHL,2/26/2026,472.0,472.0,457.0,461.5,-0.41,81997.0,897.0,443.0
SMHL,2/27/2026,472.0,472.0,457.0,461.5,0.0,81997.0,897.0,443.0
SMHL,2/28/2026,472.0,472.0,457.0,461.5,0.0,81997.0,897.0,443.0
SMHL,3/2/2026,461.5,464.7,452.3,461.0,-0.11,99906.0,897.0,443.0
SMHL,3/3/2026,455.0,468.9,455.0,468.5,1.63,151488.0,897.0,443.0
SMHL,3/4/2026,455.0,468.9,455.0,468.5,0.0,151488.0,897.0,443.0
SMHL,3/5/2026,455.0,468.9,455.0,468.5,0.0,151488.0,897.0,443.0
SMHL,3/6/2026,455.0,468.9,455.0,468.5,0.0,151488.0,897.0,443.0
SMHL,3/7/2026,455.0,468.9,455.0,468.5,0.0,151488.0,897.0,443.0
SMHL,3/8/2026,455.0,468.9,455.0,468.5,0.0,151488.0,897.0,443.0
SMHL,3/9/2026,477.8,515.0,477.8,509.0,8.64,20969.0,897.0,443.0
SMHL,3/10/2026,512.0,514.0,482.0,495.0,-2.75,491459.0,897.0,443.0
SMHL,3/11/2026,500.0,518.0,493.6,513.8,3.8,633879.0,897.0,443.0
SMHL,3/12/2026,520.0,530.0,513.8,527.0,2.57,272911.0,897.0,443.0
SMHL,3/13/2026,520.0,530.0,513.8,527.0,0.0,272911.0,897.0,443.0
SMHL,3/14/2026,520.0,530.0,513.8,527.0,0.0,272911.0,897.0,443.0
SMHL,3/15/2026,530.0,535.0,515.5,525.0,-0.38,316929.0,897.0,443.0
SMHL,3/16/2026,527.0,527.0,515.0,516.0,-1.71,268843.0,897.0,443.0
SMHL,3/17/2026,516.5,530.0,511.0,527.0,2.13,237742.0,897.0,443.0
SMHL,3/18/2026,516.5,530.0,511.0,527.0,0.0,237742.0,897.0,443.0
SMHL,3/19/2026,529.0,552.5,527.0,545.2,3.45,519901.0,897.0,443.0
SMHL,3/20/2026,529.0,552.5,527.0,545.2,0.0,519901.0,897.0,443.0
SMHL,3/21/2026,529.0,552.5,527.0,545.2,0.0,519901.0,897.0,443.0
SMHL,3/22/2026,550.0,550.0,526.0,528.0,-3.15,506739.0,897.0,443.0
SMHL,3/23/2026,528.0,540.0,525.0,530.3,0.44,234098.0,897.0,443.0
SMHL,3/24/2026,535.0,548.2,535.0,545.1,2.79,258888.0,897.0,443.0
SMHL,3/25/2026,550.0,575.0,505.0,556.2,2.04,866401.0,897.0,443.0
SMHL,3/26/2026,557.0,557.0,545.2,553.3,-0.66,172033.0,897.0,443.0
SMHL,3/29/2026,554.0,554.0,529.0,530.8,-4.19,188571.0,897.0,443.0
SMHL,3/30/2026,520.2,539.8,514.5,515.0,-1.0,153363.0,897.0,443.0
SMHL,3/31/2026,519.0,529.0,502.0,519.0,0.0,244340.0,897.0,443.0
SMHL,4/1/2026,520.0,520.0,501.0,511.0,-1.73,277222.0,897.0,443.0
SMHL,4/2/2026,521.0,521.0,501.0,508.0,-2.5,140125.0,897.0,443.0
SMHL,4/5/2026,501.1,501.1,478.0,482.0,-3.81,186737.0,897.0,443.0
SMHL,4/6/2026,482.0,515.0,477.3,505.0,4.77,130009.0,897.0,443.0
SMHL,4/7/2026,510.0,514.0,493.1,493.1,-3.31,75285.0,897.0,443.0
SMHL,4/8/2026,499.8,508.0,499.0,504.9,1.02,92869.0,897.0,443.0
SMHL,4/9/2026,512.0,512.5,501.0,509.0,-0.59,109179.0,897.0,443.0
SMHL,4/10/2026,515.0,515.9,502.5,505.0,-1.94,105971.0,897.0,443.0
SMHL,4/13/2026,510.0,511.0,504.0,505.0,-0.98,86610.0,897.0,443.0
SMHL,4/15/2026,511.0,523.0,505.3,522.0,2.15,116007.0,897.0,443.0
SMHL,4/16/2026,522.0,523.0,513.1,522.0,0.0,109803.0,897.0,443.0
SMHL,4/17/2026,518.0,525.0,517.0,523.0,0.97,102699.0,897.0,443.0
SMHL,4/20/2026,540.0,540.0,513.5,516.0,-4.44,75926.0,897.0,443.0
SMHL,4/21/2026,513.1,520.0,505.0,511.0,-0.41,65309.0,897.0,443.0
SMHL,4/22/2026,511.0,511.0,495.7,506.2,-0.94,80634.0,897.0,443.0
SMHL,4/23/2026,507.0,515.0,501.5,505.0,-0.39,39120.0,897.0,443.0
SMHL,4/24/2026,505.0,506.9,491.0,506.0,0.2,43126.0,897.0,443.0
SMHL,4/27/2026,506.0,514.0,501.0,501.2,-0.95,20060.0,897.0,443.0
SMHL,4/28/2026,501.2,505.0,496.1,498.0,-0.64,47427.0,897.0,443.0
SMHL,4/29/2026,498.0,501.0,490.0,490.5,-1.51,54178.0,897.0,443.0
SMHL,4/30/2026,487.0,494.0,486.1,486.3,-0.14,44961.0,897.0,443.0
SMHL,5/4/2026,486.4,498.0,482.0,487.0,0.12,35117.0,897.0,443.0
SMHL,5/5/2026,480.0,498.0,480.0,496.0,3.33,30971.0,897.0,443.0
SMHL,5/6/2026,501.0,505.0,491.9,497.0,-0.8,41365.0,897.0,443.0
SMHL,5/7/2026,496.0,499.9,490.0,494.9,-0.22,12771.0,897.0,443.0
SMHL,5/8/2026,493.1,499.9,490.0,497.6,0.91,24032.0,897.0,443.0
SMHL,5/11/2026,500.3,511.9,498.1,511.4,2.22,32273.0,897.0,443.0
SMHL,5/12/2026,512.0,515.0,496.2,496.5,-3.03,52907.0,897.0,443.0
SMHL,5/13/2026,521.3,521.3,491.5,496.0,-4.85,18615.0,897.0,443.0
SMHL,5/14/2026,485.6,499.3,485.1,494.0,1.73,69753.0,897.0,443.0
SMHL,5/15/2026,495.0,499.0,490.0,494.0,-0.2,35288.0,897.0,443.0
SMHL,5/18/2026,494.0,499.9,492.0,495.0,0.2,26747.0,897.0,443.0
SMHL,5/19/2026,495.0,500.7,490.3,497.0,0.4,22028.0,897.0,443.0
SMHL,5/20/2026,492.1,504.0,492.1,501.3,1.87,33445.0,897.0,443.0
SMHL,5/21/2026,501.6,503.0,494.4,495.0,-1.32,60239.0,897.0,443.0
SMHL,5/22/2026,497.0,500.0,493.2,499.0,0.4,30304.0,897.0,443.0
SMHL,5/25/2026,500.1,508.0,500.1,504.2,0.82,38419.0,897.0,443.0
SMHL,5/26/2026,504.6,508.0,503.0,505.0,0.08,83084.0,897.0,443.0
SMHL,5/27/2026,506.0,519.8,505.0,510.0,0.79,81252.0,897.0,443.0
SMHL,6/1/2026,510.0,515.0,500.0,504.9,-1.0,36963.0,897.0,443.0
SMHL,6/2/2026,502.6,506.0,500.1,504.0,0.28,25803.0,897.0,443.0
SMHL,6/3/2026,504.0,507.0,503.0,504.0,0.0,21029.0,897.0,443.0
SMHL,6/4/2026,504.0,509.0,500.0,504.0,0.0,28399.0,897.0,443.0
SMHL,6/5/2026,504.0,505.0,500.0,501.0,-0.6,32616.0,897.0,443.0
SMHL,6/8/2026,500.0,500.0,495.0,496.0,-0.8,26074.0,897.0,443.0
SMHL,6/9/2026,496.0,499.9,490.2,498.0,0.4,33417.0,897.0,443.0
SMHL,6/10/2026,500.0,505.8,494.0,494.0,-1.2,22137.0,897.0,443.0
SMHL,6/11/2026,493.1,507.8,491.6,492.1,-0.2,27938.0,897.0,443.0
SMHL,6/12/2026,503.8,503.8,488.0,494.0,-1.95,35767.0,897.0,443.0
SMHL,6/15/2026,488.7,499.9,488.7,494.0,1.08,14548.0,897.0,443.0
SMHL,6/16/2026,491.1,497.8,480.1,492.7,0.33,31734.0,897.0,443.0
SMHL,6/17/2026,469.0,499.8,469.0,492.3,4.97,23250.0,897.0,443.0
SMHL,6/18/2026,495.0,495.0,488.0,492.9,-0.42,22120.0,897.0,443.0
SMHL,6/19/2026,495.0,496.8,485.2,486.0,-1.82,13804.0,897.0,443.0
SMHL,6/22/2026,495.0,495.0,485.1,486.0,-1.82,14094.0,897.0,443.0
SMHL,6/23/2026,490.0,490.0,480.0,481.0,-1.84,29393.0,897.0,443.0
SMHL,6/24/2026,475.0,488.0,470.7,475.0,0.0,24205.0,897.0,443.0
SMHL,6/26/2026,486.4,486.4,470.0,472.9,-2.78,30264.0,897.0,443.0
SMHL,6/29/2026,466.4,475.0,466.4,470.0,0.77,15336.0,897.0,443.0
SMHL,6/30/2026,470.0,473.0,466.0,469.0,-0.21,16069.0,897.0,443.0
SMHL,7/1/2026,458.1,477.8,458.1,475.0,3.69,11823.0,897.0,443.0
SMHL,7/2/2026,475.0,475.0,466.1,473.8,-0.25,9989.0,897.0,443.0
SMHL,7/3/2026,469.1,475.0,469.1,472.0,0.62,15617.0,897.0,443.0
SMHL,7/6/2026,470.0,470.0,465.0,465.0,-1.06,12898.0,897.0,443.0
SMHL,7/7/2026,465.0,480.9,465.0,479.0,3.01,57575.0,897.0,443.0
SMHL,7/8/2026,479.0,479.0,468.3,473.0,-1.25,26066.0,897.0,443.0
SMHL,7/9/2026,466.1,472.0,466.1,470.0,0.84,52642.0,897.0,443.0
SMHL,7/10/2026,470.0,475.0,460.0,460.0,-2.13,34062.0,897.0,443.0
SMHL,7/13/2026,460.0,478.4,452.0,455.0,-1.09,69229.0,897.0,443.0
SMHL,7/14/2026,455.0,473.0,452.1,466.2,2.46,22459.0,897.0,443.0
SMHL,7/15/2026,474.9,474.9,465.0,472.9,-0.42,15425.0,897.0,443.0
SMHL,7/16/2026,474.0,485.0,468.0,485.0,2.32,68832.0,897.0,443.0
SMHL,7/17/2026,485.0,498.0,480.0,492.0,1.44,43806.0,897.0,443.0
SMHL,7/20/2026,495.0,500.0,485.0,497.0,0.4,30292.0,897.0,443.0
SMHL,7/21/2026,498.5,500.0,487.6,491.0,-1.5,34365.0,897.0,443.0
SMHL,7/22/2026,491.0,491.0,482.6,484.5,-1.32,19125.0,897.0,443.0
SMHL,7/23/2026,481.1,490.0,481.1,488.0,1.43,24159.0,897.0,443.0
SMHL,7/24/2026,495.0,498.9,488.0,490.0,-1.01,38221.0,897.0,443.0
SMHL,7/27/2026,487.0,491.0,483.0,486.5,-0.1,85568.0,897.0,443.0
SMHL,7/28/2026,482.2,502.0,482.1,499.9,3.67,125870.0,897.0,443.0
SMHL,7/29/2026,500.0,507.0,492.5,498.0,-0.4,108803.0,897.0,443.0
SMHL,7/30/2026,510.0,510.0,495.1,496.0,-2.75,92151.0,897.0,443.0
SMHL,7/31/2026,493.0,498.9,489.0,498.9,1.2,42099.0,897.0,443.0
SMHL,8/3/2026,507.0,507.0,491.2,492.0,-2.96,39945.0,897.0,443.0
SMHL,8/4/2026,490.2,496.0,490.2,493.0,0.57,61525.0,897.0,443.0
SMHL,8/5/2026,493.0,498.7,491.0,497.0,0.81,23996.0,897.0,443.0
SMHL,8/6/2026,500.0,507.0,493.0,493.1,-1.38,62515.0,897.0,443.0
SMHL,8/7/2026,499.0,499.0,492.1,494.0,-1.0,19476.0,897.0,443.0
SMHL,8/10/2026,494.0,495.0,492.7,493.0,-0.2,34085.0,897.0,443.0
SMHL,8/11/2026,493.0,501.0,492.7,494.0,0.2,29826.0,897.0,443.0
SMHL,8/12/2026,496.0,496.0,489.0,492.9,-0.63,48400.0,897.0,443.0
SMHL,8/13/2026,492.9,497.9,490.4,496.0,0.63,23987.0,897.0,443.0
SMHL,8/14/2026,499.0,499.0,492.0,496.0,-0.6,19492.0,897.0,443.0
SMHL,8/17/2026,494.0,501.0,491.3,498.8,0.97,69353.0,897.0,443.0
SMHL,8/18/2026,500.0,502.9,495.0,495.3,-0.94,68336.0,897.0,443.0
SMHL,8/19/2026,498.0,503.9,491.0,502.0,0.8,40719.0,897.0,443.0
SMHL,8/20/2026,502.0,523.8,498.1,522.9,4.16,314263.0,897.0,443.0
SMHL,8/21/2026,523.0,531.0,515.5,517.0,-1.15,167377.0,897.0,443.0
SMHL,8/24/2026,500.0,525.0,500.0,513.0,2.6,52583.0,897.0,443.0
SMHL,8/25/2026,520.0,532.0,514.0,524.8,0.92,246169.0,897.0,443.0
SMHL,8/26/2026,526.0,529.8,510.3,518.0,-1.52,171944.0,897.0,443.0
SMHL,8/27/2026,518.0,526.9,510.0,525.0,1.35,76086.0,897.0,443.0
SMHL,8/31/2026,525.0,527.9,520.0,525.0,0.0,92542.0,897.0,443.0
SMHL,9/1/2026,520.0,527.8,515.0,527.0,1.35,75453.0,897.0,443.0
SMHL,9/2/2026,525.0,539.9,525.0,538.0,2.48,161690.0,897.0,443.0
SMHL,9/3/2026,545.0,545.0,527.0,527.0,-3.3,167364.0,897.0,443.0
SMHL,9/7/2026,520.0,542.0,520.0,527.0,1.35,191907.0,897.0,443.0
SMHL,9/9/2026,460.0,474.9,460.0,467.0,1.52,91714.0,897.0,443.0
SMHL,9/10/2026,467.1,468.0,459.0,459.0,-1.73,78881.0,897.0,443.0
SMHL,9/11/2026,445.0,465.0,445.0,462.0,3.82,53069.0,897.0,443.0
SMHL,9/14/2026,462.0,467.5,458.2,460.0,-0.43,52377.0,897.0,443.0
SMHL,9/15/2026,470.0,483.0,464.0,465.0,-1.06,90419.0,897.0,443.0
SMHL,9/16/2026,472.0,472.0,462.0,462.7,-1.97,33204.0,897.0,443.0
SMHL,9/17/2026,465.0,470.0,462.0,467.5,0.54,56307.0,897.0,443.0
SMHL,9/18/2026,466.4,473.5,462.0,470.9,0.96,52408.0,897.0,443.0
SMHL,9/22/2026,470.0,476.9,467.6,473.5,0.74,37766.0,897.0,443.0
SMHL,9/23/2026,469.0,476.0,465.1,468.0,-0.21,69484.0,897.0,443.0
SMHL,9/24/2026,465.0,472.4,465.0,470.0,1.08,25419.0,897.0,443.0
SMHL,9/28/2026,469.0,483.0,464.0,464.7,-0.92,29214.0,897.0,443.0
SMHL,9/29/2026,469.0,469.0,463.1,0.0,-100.0,23311.0,897.0,443.0
SMHL,9/30/2026,467.0,470.0,465.0,466.0,-0.21,33593.0,897.0,443.0
SMHL,10/1/2026,469.0,472.9,466.2,470.4,0.3,42858.0,897.0,443.0
SMHL,10/2/2026,471.0,477.9,471.0,477.7,1.42,45700.0,897.0,443.0
SMJC,12/21/2025,494.0,504.0,493.9,495.1,,5931.0,563.0,393.0
SMJC,12/22/2025,492.0,493.0,489.0,490.0,-1.03,6620.0,563.0,393.0
SMJC,12/23/2025,499.8,509.0,481.0,485.0,-1.02,13747.0,563.0,393.0
SMJC,12/24/2025,481.0,499.0,481.0,489.7,0.97,4422.0,563.0,393.0
SMJC,12/28/2025,490.0,505.9,486.5,499.6,2.02,11183.0,563.0,393.0
SMJC,12/29/2025,494.1,502.0,494.1,500.0,0.08,8247.0,563.0,393.0
SMJC,12/31/2025,510.0,510.0,489.2,494.3,-1.14,9972.0,563.0,393.0
SMJC,1/1/2026,502.0,502.0,485.1,492.0,-0.47,11095.0,563.0,393.0
SMJC,1/4/2026,485.0,495.0,485.0,488.0,-0.81,3910.0,563.0,393.0
SMJC,1/5/2026,481.0,496.0,479.0,495.0,1.43,16338.0,563.0,393.0
SMJC,1/6/2026,486.1,499.0,486.1,496.8,0.36,5394.0,563.0,393.0
SMJC,1/7/2026,486.9,515.0,486.9,488.6,-1.65,7901.0,563.0,393.0
SMJC,1/8/2026,489.0,497.0,486.2,486.2,-0.49,9741.0,563.0,393.0
SMJC,1/12/2026,485.0,490.1,480.1,484.0,-0.45,10716.0,563.0,393.0
SMJC,1/13/2026,484.0,490.0,480.0,487.4,0.7,6641.0,563.0,393.0
SMJC,1/14/2026,483.0,494.0,483.0,494.0,1.35,11196.0,563.0,393.0
SMJC,1/18/2026,487.0,498.0,485.0,492.0,-0.4,8922.0,563.0,393.0
SMJC,1/20/2026,501.8,504.9,490.1,497.0,1.02,17748.0,563.0,393.0
SMJC,1/21/2026,497.0,505.0,481.2,500.0,0.6,34825.0,563.0,393.0
SMJC,1/22/2026,509.9,509.9,492.1,497.0,-0.6,7308.0,563.0,393.0
SMJC,1/25/2026,504.0,505.8,490.3,504.0,1.41,22128.0,563.0,393.0
SMJC,1/26/2026,500.0,507.0,494.0,500.0,-0.79,17518.0,563.0,393.0
SMJC,1/27/2026,500.0,508.0,492.0,494.0,-1.2,23964.0,563.0,393.0
SMJC,1/28/2026,487.2,500.0,487.2,495.0,0.2,20209.0,563.0,393.0
SMJC,1/29/2026,492.2,508.0,492.2,493.6,-0.28,26928.0,563.0,393.0
SMJC,2/1/2026,493.6,505.0,488.0,498.7,1.03,18166.0,563.0,393.0
SMJC,2/2/2026,498.0,500.0,491.0,495.0,-0.74,4966.0,563.0,393.0
SMJC,2/3/2026,492.0,502.8,491.0,497.0,0.4,25799.0,563.0,393.0
SMJC,2/4/2026,502.0,530.0,498.0,517.0,4.02,67002.0,563.0,393.0
SMJC,2/5/2026,527.3,527.5,517.5,520.0,0.58,25207.0,563.0,393.0
SMJC,2/8/2026,520.0,529.0,498.1,502.0,-3.46,27555.0,563.0,393.0
SMJC,2/9/2026,496.1,502.9,490.1,492.0,-1.99,16209.0,563.0,393.0
SMJC,2/10/2026,492.0,495.0,484.0,490.0,-0.41,20426.0,563.0,393.0
SMJC,2/11/2026,499.0,499.0,483.0,483.0,-1.43,24152.0,563.0,393.0
SMJC,2/12/2026,481.1,499.0,481.1,486.0,0.62,16816.0,563.0,393.0
SMJC,2/16/2026,481.0,502.0,481.0,490.0,0.82,16871.0,563.0,393.0
SMJC,2/17/2026,486.1,493.0,485.1,485.1,-1.0,11732.0,563.0,393.0
SMJC,2/22/2026,482.0,485.1,478.5,479.0,-1.26,11095.0,563.0,393.0
SMJC,2/23/2026,472.0,510.0,472.0,475.1,-0.81,23623.0,563.0,393.0
SMJC,2/24/2026,473.0,483.0,472.0,473.4,-0.36,12177.0,563.0,393.0
SMJC,2/25/2026,482.8,484.0,470.0,470.0,-0.72,12015.0,563.0,393.0
SMJC,2/26/2026,470.0,475.0,470.0,475.0,1.06,3398.0,563.0,393.0
SMJC,2/27/2026,470.0,475.0,470.0,475.0,0.0,3398.0,563.0,393.0
SMJC,2/28/2026,470.0,475.0,470.0,475.0,0.0,3398.0,563.0,393.0
SMJC,3/2/2026,468.5,476.0,464.0,468.0,-1.47,23911.0,563.0,393.0
SMJC,3/3/2026,467.0,476.0,467.0,474.0,1.28,7138.0,563.0,393.0
SMJC,3/4/2026,467.0,476.0,467.0,474.0,0.0,7138.0,563.0,393.0
SMJC,3/5/2026,467.0,476.0,467.0,474.0,0.0,7138.0,563.0,393.0
SMJC,3/6/2026,467.0,476.0,467.0,474.0,0.0,7138.0,563.0,393.0
SMJC,3/7/2026,467.0,476.0,467.0,474.0,0.0,7138.0,563.0,393.0
SMJC,3/8/2026,467.0,476.0,467.0,474.0,0.0,7138.0,563.0,393.0
SMJC,3/9/2026,483.4,493.0,483.4,493.0,4.01,20.0,563.0,393.0
SMJC,3/10/2026,502.8,512.8,484.1,499.0,1.22,47135.0,563.0,393.0
SMJC,3/11/2026,504.5,504.5,497.0,499.0,0.0,26115.0,563.0,393.0
SMJC,3/12/2026,495.1,504.0,489.1,490.1,-1.78,29778.0,563.0,393.0
SMJC,3/13/2026,495.1,504.0,489.1,490.1,0.0,29778.0,563.0,393.0
SMJC,3/14/2026,495.1,504.0,489.1,490.1,0.0,29778.0,563.0,393.0
SMJC,3/15/2026,491.1,509.0,486.0,494.0,0.8,26842.0,563.0,393.0
SMJC,3/16/2026,503.0,503.0,486.1,493.0,-0.2,9482.0,563.0,393.0
SMJC,3/17/2026,488.0,502.8,478.4,498.5,1.12,69986.0,563.0,393.0
SMJC,3/18/2026,488.0,502.8,478.4,498.5,0.0,69986.0,563.0,393.0
SMJC,3/19/2026,508.4,508.4,493.0,494.0,-0.9,50045.0,563.0,393.0
SMJC,3/20/2026,508.4,508.4,493.0,494.0,0.0,50045.0,563.0,393.0
SMJC,3/21/2026,508.4,508.4,493.0,494.0,0.0,50045.0,563.0,393.0
SMJC,3/22/2026,484.7,499.0,484.7,489.0,-1.01,31599.0,563.0,393.0
SMJC,3/23/2026,489.0,490.0,482.0,484.0,-1.02,38380.0,563.0,393.0
SMJC,3/24/2026,486.0,512.0,486.0,508.1,4.98,70356.0,563.0,393.0
SMJC,3/25/2026,510.0,511.0,501.0,505.0,-0.61,39697.0,563.0,393.0
SMJC,3/26/2026,496.1,506.0,496.1,503.0,1.39,41334.0,563.0,393.0
SMJC,3/29/2026,510.0,510.0,490.0,491.0,-3.73,33347.0,563.0,393.0
SMJC,3/30/2026,491.0,515.0,483.5,493.2,0.45,48911.0,563.0,393.0
SMJC,3/31/2026,483.4,510.0,483.4,492.7,1.92,172480.0,563.0,393.0
SMJC,4/1/2026,492.7,502.5,485.0,488.2,-0.91,72143.0,563.0,393.0
SMJC,4/2/2026,495.4,495.4,483.1,485.9,-1.92,27837.0,563.0,393.0
SMJC,4/5/2026,481.0,487.0,465.0,467.0,-2.91,51595.0,563.0,393.0
SMJC,4/6/2026,476.3,488.5,461.0,482.0,1.2,46883.0,563.0,393.0
SMJC,4/7/2026,490.9,490.9,472.6,480.0,-2.22,34298.0,563.0,393.0
SMJC,4/8/2026,475.0,484.0,475.0,481.0,1.26,35220.0,563.0,393.0
SMJC,4/9/2026,490.6,496.5,479.4,490.0,-0.12,65344.0,563.0,393.0
SMJC,4/10/2026,499.8,515.0,483.0,501.9,0.42,91370.0,563.0,393.0
SMJC,4/13/2026,511.9,511.9,495.1,499.4,-2.44,34014.0,563.0,393.0
SMJC,4/15/2026,495.0,502.0,490.1,498.5,0.71,30987.0,563.0,393.0
SMJC,4/16/2026,498.0,498.0,482.4,488.7,-1.87,30600.0,563.0,393.0
SMJC,4/17/2026,492.0,492.0,480.1,481.1,-2.22,22346.0,563.0,393.0
SMJC,4/20/2026,476.1,482.0,468.2,470.0,-1.28,71050.0,563.0,393.0
SMJC,4/21/2026,470.0,476.0,465.0,466.0,-0.85,23143.0,563.0,393.0
SMJC,4/22/2026,464.0,477.9,460.0,476.0,2.59,17113.0,563.0,393.0
SMJC,4/23/2026,476.0,476.0,466.5,469.8,-1.3,8869.0,563.0,393.0
SMJC,4/24/2026,470.0,472.0,460.2,468.0,-0.43,15506.0,563.0,393.0
SMJC,4/27/2026,468.0,475.0,464.0,467.0,-0.21,14566.0,563.0,393.0
SMJC,4/28/2026,465.0,474.9,465.0,467.0,0.43,5063.0,563.0,393.0
SMJC,4/29/2026,467.0,467.0,459.0,460.0,-1.5,18014.0,563.0,393.0
SMJC,4/30/2026,460.0,471.4,447.2,454.0,-1.3,23274.0,563.0,393.0
SMJC,5/4/2026,454.0,454.0,431.3,439.0,-3.3,29846.0,563.0,393.0
SMJC,5/5/2026,435.0,440.0,430.0,439.0,0.92,10936.0,563.0,393.0
SMJC,5/6/2026,435.0,444.0,435.0,437.5,0.57,5343.0,563.0,393.0
SMJC,5/7/2026,443.0,443.9,431.0,435.0,-1.81,5839.0,563.0,393.0
SMJC,5/8/2026,431.2,445.0,431.1,440.0,2.04,13395.0,563.0,393.0
SMJC,5/11/2026,450.0,454.0,445.1,453.0,0.67,23354.0,563.0,393.0
SMJC,5/12/2026,448.0,465.0,447.0,455.0,1.56,24187.0,563.0,393.0
SMJC,5/13/2026,452.0,457.0,437.2,454.0,0.44,11001.0,563.0,393.0
SMJC,5/14/2026,455.0,455.0,447.1,451.0,-0.88,13282.0,563.0,393.0
SMJC,5/15/2026,452.0,460.0,451.0,458.0,1.33,16217.0,563.0,393.0
SMJC,5/18/2026,460.0,478.0,458.0,473.0,2.83,59445.0,563.0,393.0
SMJC,5/19/2026,473.0,475.0,465.0,471.0,-0.42,18885.0,563.0,393.0
SMJC,5/20/2026,465.1,489.0,460.1,488.8,5.1,81007.0,563.0,393.0
SMJC,5/21/2026,464.4,491.0,464.4,485.0,4.44,63602.0,563.0,393.0
SMJC,5/22/2026,460.8,490.0,460.8,487.9,5.88,45029.0,563.0,393.0
SMJC,5/25/2026,463.6,499.0,463.6,490.2,5.74,56992.0,563.0,393.0
SMJC,5/26/2026,465.7,563.0,465.7,488.0,4.79,98560.0,563.0,393.0
SMJC,5/27/2026,480.0,480.0,470.0,474.0,-1.25,40229.0,563.0,393.0
SMJC,6/1/2026,497.7,497.7,461.5,465.0,-6.57,15141.0,563.0,393.0
SMJC,6/2/2026,465.0,470.0,458.6,465.0,0.0,14116.0,563.0,393.0
SMJC,6/3/2026,488.2,488.2,459.4,472.0,-3.32,121646.0,563.0,393.0
SMJC,6/4/2026,495.6,495.6,458.1,475.0,-4.16,30874.0,563.0,393.0
SMJC,6/5/2026,475.0,485.0,470.7,475.0,0.0,50830.0,563.0,393.0
SMJC,6/8/2026,475.0,479.9,463.1,465.1,-2.08,11866.0,563.0,393.0
SMJC,6/9/2026,466.0,475.0,455.0,466.0,0.0,21012.0,563.0,393.0
SMJC,6/10/2026,474.9,474.9,459.1,465.0,-2.08,20845.0,563.0,393.0
SMJC,6/11/2026,465.0,518.0,456.0,456.2,-1.89,19479.0,563.0,393.0
SMJC,6/12/2026,457.1,465.8,453.0,453.0,-0.9,11149.0,563.0,393.0
SMJC,6/15/2026,453.0,455.1,453.0,454.0,0.22,6596.0,563.0,393.0
SMJC,6/16/2026,452.2,459.9,447.1,452.0,-0.04,10938.0,563.0,393.0
SMJC,6/17/2026,453.1,465.0,450.5,460.0,1.52,25609.0,563.0,393.0
SMJC,6/18/2026,460.0,468.0,453.0,454.1,-1.28,14800.0,563.0,393.0
SMJC,6/19/2026,455.0,455.0,451.0,452.0,-0.66,6306.0,563.0,393.0
SMJC,6/22/2026,452.0,476.5,450.0,475.0,5.09,67876.0,563.0,393.0
SMJC,6/23/2026,498.7,498.7,460.0,460.0,-7.76,11725.0,563.0,393.0
SMJC,6/24/2026,437.0,463.0,437.0,455.0,4.12,20456.0,563.0,393.0
SMJC,6/26/2026,455.0,460.0,450.0,450.0,-1.1,12906.0,563.0,393.0
SMJC,6/29/2026,450.0,450.0,445.0,445.0,-1.11,7693.0,563.0,393.0
SMJC,6/30/2026,455.0,455.0,441.1,441.1,-3.05,9934.0,563.0,393.0
SMJC,7/1/2026,445.5,458.0,445.0,450.0,1.01,9162.0,563.0,393.0
SMJC,7/2/2026,472.4,472.4,442.4,453.0,-4.11,13738.0,563.0,393.0
SMJC,7/3/2026,455.0,455.0,439.5,455.0,0.0,30998.0,563.0,393.0
SMJC,7/6/2026,450.0,455.0,446.0,447.0,-0.67,9906.0,563.0,393.0
SMJC,7/7/2026,444.0,451.0,444.0,448.0,0.9,18170.0,563.0,393.0
SMJC,7/8/2026,445.0,452.0,435.0,447.0,0.45,11914.0,563.0,393.0
SMJC,7/9/2026,447.0,501.0,432.0,440.0,-1.57,8475.0,563.0,393.0
SMJC,7/10/2026,440.0,449.8,430.5,437.0,-0.68,13024.0,563.0,393.0
SMJC,7/13/2026,440.1,440.1,426.0,429.9,-2.32,10403.0,563.0,393.0
SMJC,7/14/2026,425.0,436.0,422.1,436.0,2.59,6399.0,563.0,393.0
SMJC,7/15/2026,425.0,440.0,425.0,440.0,3.53,7898.0,563.0,393.0
SMJC,7/16/2026,439.9,447.8,426.3,426.3,-3.09,20465.0,563.0,393.0
SMJC,7/17/2026,428.1,449.0,428.1,449.0,4.88,10557.0,563.0,393.0
SMJC,7/20/2026,449.9,458.9,441.0,452.0,0.47,17260.0,563.0,393.0
SMJC,7/21/2026,429.4,455.4,429.4,450.0,4.8,11674.0,563.0,393.0
SMJC,7/22/2026,439.1,450.0,439.0,449.8,2.44,21736.0,563.0,393.0
SMJC,7/23/2026,438.0,447.0,435.0,440.0,0.46,9714.0,563.0,393.0
SMJC,7/24/2026,448.5,474.8,441.1,470.0,4.79,99658.0,563.0,393.0
SMJC,7/27/2026,473.9,479.9,454.0,458.9,-3.17,33299.0,563.0,393.0
SMJC,7/28/2026,452.0,464.8,447.0,460.0,1.77,18320.0,563.0,393.0
SMJC,7/29/2026,461.0,461.0,444.0,444.6,-3.56,19125.0,563.0,393.0
SMJC,7/30/2026,444.6,457.0,441.1,442.0,-0.58,7500.0,563.0,393.0
SMJC,7/31/2026,438.1,446.6,438.1,444.0,1.35,4112.0,563.0,393.0
SMJC,8/3/2026,445.0,448.5,440.0,446.8,0.4,11665.0,563.0,393.0
SMJC,8/4/2026,440.1,442.1,438.2,439.0,-0.25,19614.0,563.0,393.0
SMJC,8/5/2026,460.0,460.0,438.0,440.0,-4.35,8526.0,563.0,393.0
SMJC,8/6/2026,418.0,452.0,418.0,449.9,7.63,17151.0,563.0,393.0
SMJC,8/7/2026,467.0,467.0,448.3,458.0,-1.93,212329.0,563.0,393.0
SMJC,8/10/2026,450.0,450.0,441.2,445.0,-1.11,23287.0,563.0,393.0
SMJC,8/11/2026,445.0,449.0,438.0,444.9,-0.02,23322.0,563.0,393.0
SMJC,8/12/2026,450.0,450.0,435.0,442.0,-1.78,9512.0,563.0,393.0
SMJC,8/13/2026,435.0,442.0,432.0,438.0,0.69,23536.0,563.0,393.0
SMJC,8/14/2026,435.2,441.0,432.2,432.2,-0.69,12656.0,563.0,393.0
SMJC,8/17/2026,432.0,480.0,430.0,480.0,11.11,18925.0,563.0,393.0
SMJC,8/18/2026,456.0,456.0,426.8,429.0,-5.92,32969.0,563.0,393.0
SMJC,8/19/2026,435.0,435.0,425.5,430.9,-0.94,8778.0,563.0,393.0
SMJC,8/20/2026,428.0,431.0,428.0,428.1,0.02,8558.0,563.0,393.0
SMJC,8/21/2026,428.1,444.9,428.1,437.0,2.08,15290.0,563.0,393.0
SMJC,8/24/2026,429.0,435.0,424.0,435.0,1.4,10561.0,563.0,393.0
SMJC,8/25/2026,425.0,438.2,425.0,430.0,1.18,9405.0,563.0,393.0
SMJC,8/26/2026,435.0,440.0,417.0,419.9,-3.47,20913.0,563.0,393.0
SMJC,8/27/2026,411.0,423.0,411.0,419.0,1.95,7841.0,563.0,393.0
SMJC,8/31/2026,411.2,415.0,394.1,400.0,-2.72,15436.0,563.0,393.0
SMJC,9/1/2026,393.0,410.0,393.0,400.0,1.78,5356.0,563.0,393.0
SMJC,9/2/2026,400.0,409.9,400.0,406.0,1.5,5764.0,563.0,393.0
SMJC,9/3/2026,406.0,410.0,398.1,405.0,-0.25,7472.0,563.0,393.0
SMJC,9/7/2026,405.0,407.0,399.8,403.0,-0.49,14325.0,563.0,393.0
SMJC,9/9/2026,401.1,404.1,400.0,404.0,0.72,9185.0,563.0,393.0
SMJC,9/10/2026,398.0,404.0,397.3,403.9,1.48,2956.0,563.0,393.0
SMJC,9/11/2026,396.0,409.0,396.0,405.0,2.27,8309.0,563.0,393.0
SMJC,9/14/2026,400.5,414.8,400.5,412.3,2.95,9267.0,563.0,393.0
SMJC,9/15/2026,432.0,435.0,412.0,432.0,0.0,35593.0,563.0,393.0
SMJC,9/16/2026,420.3,427.0,414.0,422.0,0.4,13023.0,563.0,393.0
SMJC,9/17/2026,425.0,425.0,414.0,419.9,-1.2,13704.0,563.0,393.0
SMJC,9/18/2026,420.0,429.9,412.0,425.0,1.19,48632.0,563.0,393.0
SMJC,9/22/2026,425.0,433.8,418.0,420.9,-0.96,18190.0,563.0,393.0
SMJC,9/23/2026,420.0,423.0,406.0,411.9,-1.93,12532.0,563.0,393.0
SMJC,9/24/2026,418.0,418.0,407.7,412.0,-1.44,2977.0,563.0,393.0
SMJC,9/28/2026,407.0,412.0,403.2,403.2,-0.93,12764.0,563.0,393.0
SMJC,9/29/2026,403.0,411.8,400.0,0.0,-100.0,4952.0,563.0,393.0
SMJC,9/30/2026,400.3,409.9,400.3,403.0,0.67,7835.0,563.0,393.0
SMJC,10/1/2026,405.0,409.0,400.0,404.5,-0.12,12138.0,563.0,393.0
SMJC,10/2/2026,402.0,404.5,398.6,404.5,0.62,11926.0,563.0,393.0
SMPDA,12/21/2025,891.0,896.9,882.1,895.0,,2645.0,1064.0,707.0
SMPDA,12/22/2025,878.0,883.0,878.0,880.0,-1.68,2190.0,1064.0,707.0
SMPDA,12/23/2025,871.0,887.0,870.1,887.0,0.8,2953.0,1064.0,707.0
SMPDA,12/24/2025,887.0,894.9,871.4,873.1,-1.57,2787.0,1064.0,707.0
SMPDA,12/28/2025,890.0,899.0,878.0,894.0,2.39,5156.0,1064.0,707.0
SMPDA,12/29/2025,883.1,889.5,877.0,889.5,-0.5,4138.0,1064.0,707.0
SMPDA,12/31/2025,887.0,895.0,875.0,889.0,-0.06,2562.0,1064.0,707.0
SMPDA,1/1/2026,874.0,885.0,874.0,884.0,-0.56,1953.0,1064.0,707.0
SMPDA,1/4/2026,880.0,880.0,868.2,869.0,-1.7,5415.0,1064.0,707.0
SMPDA,1/5/2026,865.0,879.8,865.0,876.0,0.81,6680.0,1064.0,707.0
SMPDA,1/6/2026,892.9,905.0,866.0,883.2,0.82,5239.0,1064.0,707.0
SMPDA,1/7/2026,870.0,895.0,870.0,882.0,-0.14,7131.0,1064.0,707.0
SMPDA,1/8/2026,898.9,898.9,865.0,879.0,-0.34,2291.0,1064.0,707.0
SMPDA,1/12/2026,872.0,885.0,868.0,878.0,-0.11,6057.0,1064.0,707.0
SMPDA,1/13/2026,870.0,883.8,852.1,873.0,-0.57,6188.0,1064.0,707.0
SMPDA,1/14/2026,862.2,870.0,850.0,867.0,-0.69,20054.0,1064.0,707.0
SMPDA,1/18/2026,876.0,890.0,870.0,880.3,1.53,6824.0,1064.0,707.0
SMPDA,1/20/2026,870.0,905.1,870.0,899.8,2.22,5254.0,1064.0,707.0
SMPDA,1/21/2026,910.9,910.9,885.2,891.0,-0.98,2834.0,1064.0,707.0
SMPDA,1/22/2026,896.0,896.0,881.2,891.9,0.1,5986.0,1064.0,707.0
SMPDA,1/25/2026,904.0,907.0,889.0,907.0,1.69,9357.0,1064.0,707.0
SMPDA,1/26/2026,906.1,922.0,901.0,922.0,1.65,13169.0,1064.0,707.0
SMPDA,1/27/2026,922.0,930.0,892.1,899.0,-2.49,15773.0,1064.0,707.0
SMPDA,1/28/2026,882.1,915.0,882.1,894.1,-0.55,3816.0,1064.0,707.0
SMPDA,1/29/2026,890.0,904.7,877.3,885.0,-1.02,10281.0,1064.0,707.0
SMPDA,2/1/2026,880.0,890.9,880.0,890.9,0.67,4345.0,1064.0,707.0
SMPDA,2/2/2026,889.9,895.0,885.3,886.0,-0.55,3074.0,1064.0,707.0
SMPDA,2/3/2026,885.2,889.0,880.0,885.0,-0.11,3274.0,1064.0,707.0
SMPDA,2/4/2026,877.1,888.0,875.1,880.0,-0.56,2189.0,1064.0,707.0
SMPDA,2/5/2026,886.9,886.9,876.5,877.0,-0.34,2683.0,1064.0,707.0
SMPDA,2/8/2026,885.0,890.0,878.0,880.0,0.34,3554.0,1064.0,707.0
SMPDA,2/9/2026,876.0,881.0,873.0,874.5,-0.62,1093.0,1064.0,707.0
SMPDA,2/10/2026,878.6,890.0,865.0,865.0,-1.09,1961.0,1064.0,707.0
SMPDA,2/11/2026,882.3,899.9,862.4,870.0,0.58,3017.0,1064.0,707.0
SMPDA,2/12/2026,879.9,882.0,863.1,870.0,0.0,3505.0,1064.0,707.0
SMPDA,2/16/2026,866.0,870.0,861.1,867.0,-0.34,2071.0,1064.0,707.0
SMPDA,2/17/2026,860.5,872.0,858.0,860.0,-0.81,7195.0,1064.0,707.0
SMPDA,2/22/2026,857.0,866.9,852.0,863.7,0.43,3858.0,1064.0,707.0
SMPDA,2/23/2026,861.0,868.0,860.0,862.3,-0.16,3816.0,1064.0,707.0
SMPDA,2/24/2026,855.3,872.0,855.3,866.9,0.53,1671.0,1064.0,707.0
SMPDA,2/25/2026,861.2,875.0,860.0,875.0,0.93,2541.0,1064.0,707.0
SMPDA,2/26/2026,861.8,875.9,861.8,874.0,-0.11,1125.0,1064.0,707.0
SMPDA,2/27/2026,861.8,875.9,861.8,874.0,0.0,1125.0,1064.0,707.0
SMPDA,2/28/2026,861.8,875.9,861.8,874.0,0.0,1125.0,1064.0,707.0
SMPDA,3/2/2026,857.0,872.0,856.0,871.9,-0.24,2434.0,1064.0,707.0
SMPDA,3/3/2026,881.9,882.9,873.0,875.0,0.36,3610.0,1064.0,707.0
SMPDA,3/4/2026,881.9,882.9,873.0,875.0,0.0,3610.0,1064.0,707.0
SMPDA,3/5/2026,881.9,882.9,873.0,875.0,0.0,3610.0,1064.0,707.0
SMPDA,3/6/2026,881.9,882.9,873.0,875.0,0.0,3610.0,1064.0,707.0
SMPDA,3/7/2026,881.9,882.9,873.0,875.0,0.0,3610.0,1064.0,707.0
SMPDA,3/8/2026,881.9,882.9,873.0,875.0,0.0,3610.0,1064.0,707.0
SMPDA,3/9/2026,892.5,910.3,892.5,910.3,4.03,20.0,1064.0,707.0
SMPDA,3/10/2026,928.0,928.0,893.3,903.0,-0.8,6327.0,1064.0,707.0
SMPDA,3/11/2026,885.0,912.0,885.0,886.0,-1.88,5476.0,1064.0,707.0
SMPDA,3/12/2026,894.7,899.1,887.0,890.0,0.45,7352.0,1064.0,707.0
SMPDA,3/13/2026,894.7,899.1,887.0,890.0,0.0,7352.0,1064.0,707.0
SMPDA,3/14/2026,894.7,899.1,887.0,890.0,0.0,7352.0,1064.0,707.0
SMPDA,3/15/2026,877.1,902.0,877.1,899.9,1.11,6162.0,1064.0,707.0
SMPDA,3/16/2026,882.0,900.0,882.0,883.0,-1.88,5290.0,1064.0,707.0
SMPDA,3/17/2026,876.0,891.4,871.0,891.4,0.95,5817.0,1064.0,707.0
SMPDA,3/18/2026,876.0,891.4,871.0,891.4,0.0,5817.0,1064.0,707.0
SMPDA,3/19/2026,894.9,904.0,885.0,900.0,0.96,10331.0,1064.0,707.0
SMPDA,3/20/2026,894.9,904.0,885.0,900.0,0.0,10331.0,1064.0,707.0
SMPDA,3/21/2026,894.9,904.0,885.0,900.0,0.0,10331.0,1064.0,707.0
SMPDA,3/22/2026,908.0,940.0,907.0,939.0,4.33,35213.0,1064.0,707.0
SMPDA,3/23/2026,949.0,949.0,925.0,935.0,-0.43,9163.0,1064.0,707.0
SMPDA,3/24/2026,935.0,937.0,923.0,932.0,-0.32,7974.0,1064.0,707.0
SMPDA,3/25/2026,921.1,925.6,902.6,905.0,-2.9,16471.0,1064.0,707.0
SMPDA,3/26/2026,891.1,915.0,891.1,913.0,2.46,5238.0,1064.0,707.0
SMPDA,3/29/2026,931.2,931.2,898.0,898.0,-3.57,9224.0,1064.0,707.0
SMPDA,3/30/2026,881.1,895.0,881.1,885.0,0.44,5403.0,1064.0,707.0
SMPDA,3/31/2026,885.0,896.0,857.5,890.0,0.56,8089.0,1064.0,707.0
SMPDA,4/1/2026,873.0,900.0,861.3,863.3,-1.11,8570.0,1064.0,707.0
SMPDA,4/2/2026,860.0,878.0,856.0,871.9,1.38,2728.0,1064.0,707.0
SMPDA,4/5/2026,889.0,889.0,840.0,840.0,-5.51,9840.0,1064.0,707.0
SMPDA,4/6/2026,856.8,872.0,838.0,864.0,0.84,6501.0,1064.0,707.0
SMPDA,4/7/2026,880.0,880.0,855.1,860.0,-2.27,1825.0,1064.0,707.0
SMPDA,4/8/2026,874.0,877.2,862.0,873.8,-0.02,4601.0,1064.0,707.0
SMPDA,4/9/2026,889.0,889.0,860.0,879.0,-1.12,2971.0,1064.0,707.0
SMPDA,4/10/2026,893.0,893.0,865.0,878.9,-1.58,3127.0,1064.0,707.0
SMPDA,4/13/2026,870.1,875.0,855.0,860.0,-1.16,3757.0,1064.0,707.0
SMPDA,4/15/2026,876.0,889.0,870.0,871.0,-0.57,1621.0,1064.0,707.0
SMPDA,4/16/2026,885.0,885.0,863.0,870.0,-1.69,2559.0,1064.0,707.0
SMPDA,4/17/2026,855.0,882.0,855.0,875.0,2.34,1361.0,1064.0,707.0
SMPDA,4/20/2026,850.3,900.0,850.3,883.0,3.85,1780.0,1064.0,707.0
SMPDA,4/21/2026,899.0,899.0,858.0,872.0,-3.0,1095.0,1064.0,707.0
SMPDA,4/22/2026,846.0,883.0,821.0,865.0,2.25,3662.0,1064.0,707.0
SMPDA,4/23/2026,887.0,887.0,847.5,855.0,-3.61,441.0,1064.0,707.0
SMPDA,4/24/2026,871.0,871.0,833.7,853.0,-2.07,2807.0,1064.0,707.0
SMPDA,4/27/2026,853.0,862.0,840.0,847.1,-0.69,2547.0,1064.0,707.0
SMPDA,4/28/2026,847.1,892.0,846.0,846.3,-0.09,3205.0,1064.0,707.0
SMPDA,4/29/2026,846.3,859.0,821.1,838.0,-0.98,3412.0,1064.0,707.0
SMPDA,4/30/2026,838.0,848.9,825.4,844.9,0.82,674.0,1064.0,707.0
SMPDA,5/4/2026,869.0,869.0,825.5,829.0,-4.6,2336.0,1064.0,707.0
SMPDA,5/5/2026,846.0,846.0,825.0,838.0,-0.95,1976.0,1064.0,707.0
SMPDA,5/6/2026,849.0,849.0,825.0,836.8,-1.44,1904.0,1064.0,707.0
SMPDA,5/7/2026,829.1,843.0,829.0,840.0,1.31,388.0,1064.0,707.0
SMPDA,5/8/2026,835.0,847.0,830.0,840.0,0.6,1360.0,1064.0,707.0
SMPDA,5/11/2026,830.1,890.0,830.1,850.0,2.4,2511.0,1064.0,707.0
SMPDA,5/12/2026,874.0,874.0,839.0,845.0,-3.32,1324.0,1064.0,707.0
SMPDA,5/13/2026,869.9,869.9,836.0,848.0,-2.52,523.0,1064.0,707.0
SMPDA,5/14/2026,848.0,849.7,825.0,843.0,-0.59,901.0,1064.0,707.0
SMPDA,5/15/2026,858.0,858.0,832.5,845.0,-1.52,1216.0,1064.0,707.0
SMPDA,5/18/2026,826.0,844.9,826.0,839.0,1.57,523.0,1064.0,707.0
SMPDA,5/19/2026,840.0,840.0,830.5,834.9,-0.61,902.0,1064.0,707.0
SMPDA,5/20/2026,834.9,842.0,830.2,842.0,0.85,1656.0,1064.0,707.0
SMPDA,5/21/2026,830.2,840.0,830.2,837.7,0.9,553.0,1064.0,707.0
SMPDA,5/22/2026,855.0,855.0,834.1,838.0,-1.99,4156.0,1064.0,707.0
SMPDA,5/25/2026,838.0,854.0,838.0,843.0,0.6,1634.0,1064.0,707.0
SMPDA,5/26/2026,855.0,855.0,835.0,846.0,-1.05,1332.0,1064.0,707.0
SMPDA,5/27/2026,840.0,845.0,833.2,845.0,0.6,2676.0,1064.0,707.0
SMPDA,6/1/2026,849.0,849.0,835.0,844.9,-0.48,384.0,1064.0,707.0
SMPDA,6/2/2026,855.0,855.0,821.0,831.0,-2.81,1650.0,1064.0,707.0
SMPDA,6/3/2026,855.0,855.0,829.4,839.0,-1.87,2119.0,1064.0,707.0
SMPDA,6/4/2026,840.0,845.0,836.0,838.0,-0.24,2087.0,1064.0,707.0
SMPDA,6/5/2026,838.0,841.0,831.2,833.0,-0.6,1949.0,1064.0,707.0
SMPDA,6/8/2026,831.0,844.0,829.0,834.9,0.47,1877.0,1064.0,707.0
SMPDA,6/9/2026,822.0,840.0,820.0,840.0,2.19,4820.0,1064.0,707.0
SMPDA,6/10/2026,857.0,857.0,810.0,833.0,-2.8,1599.0,1064.0,707.0
SMPDA,6/11/2026,844.0,844.0,828.2,828.2,-1.87,418.0,1064.0,707.0
SMPDA,6/12/2026,844.0,844.0,824.1,835.0,-1.07,1750.0,1064.0,707.0
SMPDA,6/15/2026,824.1,847.0,824.1,830.0,0.72,635.0,1064.0,707.0
SMPDA,6/16/2026,827.5,842.0,827.0,833.0,0.66,1526.0,1064.0,707.0
SMPDA,6/17/2026,874.6,874.6,820.0,838.0,-4.18,1487.0,1064.0,707.0
SMPDA,6/18/2026,838.0,838.0,822.2,822.2,-1.89,1954.0,1064.0,707.0
SMPDA,6/19/2026,838.0,838.0,801.0,814.9,-2.76,3798.0,1064.0,707.0
SMPDA,6/22/2026,832.0,833.0,810.2,813.9,-2.18,1911.0,1064.0,707.0
SMPDA,6/23/2026,801.6,819.0,800.0,819.0,2.17,1074.0,1064.0,707.0
SMPDA,6/24/2026,801.0,823.0,801.0,812.0,1.37,964.0,1064.0,707.0
SMPDA,6/26/2026,829.0,829.0,804.0,807.0,-2.65,2914.0,1064.0,707.0
SMPDA,6/29/2026,814.0,814.0,789.6,806.0,-0.98,1339.0,1064.0,707.0
SMPDA,6/30/2026,786.1,800.0,786.1,794.0,1.0,1803.0,1064.0,707.0
SMPDA,7/1/2026,772.0,809.9,772.0,793.0,2.72,1219.0,1064.0,707.0
SMPDA,7/2/2026,816.0,840.0,789.0,801.0,-1.84,1018.0,1064.0,707.0
SMPDA,7/3/2026,785.0,812.0,785.0,795.0,1.27,1212.0,1064.0,707.0
SMPDA,7/6/2026,804.0,804.0,775.0,780.0,-2.99,918.0,1064.0,707.0
SMPDA,7/7/2026,780.0,800.0,777.3,789.9,1.27,1291.0,1064.0,707.0
SMPDA,7/8/2026,777.0,810.0,772.0,782.0,0.64,1153.0,1064.0,707.0
SMPDA,7/9/2026,803.0,803.0,771.0,785.0,-2.24,1126.0,1064.0,707.0
SMPDA,7/10/2026,765.0,784.0,765.0,772.0,0.92,747.0,1064.0,707.0
SMPDA,7/13/2026,752.0,788.0,747.1,748.9,-0.41,1810.0,1064.0,707.0
SMPDA,7/14/2026,735.2,750.0,730.0,749.0,1.88,3875.0,1064.0,707.0
SMPDA,7/15/2026,770.0,770.0,739.9,740.0,-3.9,1853.0,1064.0,707.0
SMPDA,7/16/2026,755.0,755.0,733.1,748.9,-0.81,1270.0,1064.0,707.0
SMPDA,7/17/2026,735.0,780.0,735.0,780.0,6.12,2093.0,1064.0,707.0
SMPDA,7/20/2026,803.0,804.0,781.0,795.0,-1.0,1646.0,1064.0,707.0
SMPDA,7/21/2026,775.0,814.0,772.0,800.0,3.23,1767.0,1064.0,707.0
SMPDA,7/22/2026,800.0,805.0,781.1,792.0,-1.0,716.0,1064.0,707.0
SMPDA,7/23/2026,800.0,800.0,777.0,785.0,-1.88,415.0,1064.0,707.0
SMPDA,7/24/2026,785.0,794.0,775.2,794.0,1.15,971.0,1064.0,707.0
SMPDA,7/27/2026,773.0,789.0,755.0,760.5,-1.62,1588.0,1064.0,707.0
SMPDA,7/28/2026,783.0,830.0,750.0,766.8,-2.07,1190.0,1064.0,707.0
SMPDA,7/29/2026,757.1,779.0,757.0,770.0,1.7,523.0,1064.0,707.0
SMPDA,7/30/2026,770.0,780.0,760.0,768.9,-0.14,450.0,1064.0,707.0
SMPDA,7/31/2026,759.0,769.0,750.1,762.0,0.4,677.0,1064.0,707.0
SMPDA,8/3/2026,775.0,775.0,745.0,760.0,-1.94,1063.0,1064.0,707.0
SMPDA,8/4/2026,750.3,769.9,745.1,769.9,2.61,1885.0,1064.0,707.0
SMPDA,8/5/2026,747.0,766.5,747.0,755.0,1.07,2254.0,1064.0,707.0
SMPDA,8/6/2026,775.0,775.0,750.0,750.0,-3.23,2936.0,1064.0,707.0
SMPDA,8/7/2026,755.0,755.0,743.5,745.0,-1.32,564.0,1064.0,707.0
SMPDA,8/10/2026,767.3,767.3,743.2,750.0,-2.25,830.0,1064.0,707.0
SMPDA,8/11/2026,750.0,760.0,740.0,749.9,-0.01,1220.0,1064.0,707.0
SMPDA,8/12/2026,748.0,748.0,739.0,746.0,-0.27,833.0,1064.0,707.0
SMPDA,8/13/2026,746.0,764.9,745.1,749.9,0.52,780.0,1064.0,707.0
SMPDA,8/14/2026,760.0,760.0,747.0,753.0,-0.92,956.0,1064.0,707.0
SMPDA,8/17/2026,741.6,750.0,741.6,748.0,0.86,1791.0,1064.0,707.0
SMPDA,8/18/2026,735.1,737.1,731.5,735.0,-0.01,2050.0,1064.0,707.0
SMPDA,8/19/2026,740.0,741.0,733.0,738.0,-0.27,1146.0,1064.0,707.0
SMPDA,8/20/2026,730.6,749.9,730.6,749.9,2.64,937.0,1064.0,707.0
SMPDA,8/21/2026,745.0,750.0,736.1,747.9,0.39,1756.0,1064.0,707.0
SMPDA,8/24/2026,736.0,747.9,731.6,735.0,-0.14,2188.0,1064.0,707.0
SMPDA,8/25/2026,730.1,745.0,730.1,735.0,0.67,1382.0,1064.0,707.0
SMPDA,8/26/2026,735.0,741.0,731.0,733.0,-0.27,803.0,1064.0,707.0
SMPDA,8/27/2026,712.1,745.0,712.1,740.0,3.92,898.0,1064.0,707.0
SMPDA,8/31/2026,735.0,735.0,720.0,729.0,-0.82,1161.0,1064.0,707.0
SMPDA,9/1/2026,730.0,731.1,725.0,725.0,-0.68,1211.0,1064.0,707.0
SMPDA,9/2/2026,720.1,729.0,720.0,720.0,-0.01,992.0,1064.0,707.0
SMPDA,9/3/2026,729.0,729.0,707.3,720.0,-1.23,519.0,1064.0,707.0
SMPDA,9/7/2026,710.0,721.7,710.0,721.0,1.55,1222.0,1064.0,707.0
SMPDA,9/9/2026,710.7,725.0,710.7,725.0,2.01,1654.0,1064.0,707.0
SMPDA,9/10/2026,725.0,725.0,715.0,720.0,-0.69,221.0,1064.0,707.0
SMPDA,9/11/2026,707.0,735.0,707.0,733.0,3.68,969.0,1064.0,707.0
SMPDA,9/14/2026,730.0,742.9,713.0,742.0,1.64,2184.0,1064.0,707.0
SMPDA,9/15/2026,778.0,778.0,742.0,750.0,-3.6,1189.0,1064.0,707.0
SMPDA,9/16/2026,736.0,759.9,736.0,743.0,0.95,334.0,1064.0,707.0
SMPDA,9/17/2026,745.0,759.0,745.0,750.0,0.67,943.0,1064.0,707.0
SMPDA,9/18/2026,750.0,755.0,745.0,755.0,0.67,2190.0,1064.0,707.0
SMPDA,9/22/2026,760.0,769.9,755.1,757.0,-0.39,1383.0,1064.0,707.0
SMPDA,9/23/2026,755.0,755.0,741.0,748.0,-0.93,436.0,1064.0,707.0
SMPDA,9/24/2026,740.0,750.0,727.0,750.0,1.35,908.0,1064.0,707.0
SMPDA,9/28/2026,750.0,750.0,735.0,735.0,-2.0,197.0,1064.0,707.0
SMPDA,9/29/2026,730.0,732.5,715.0,0.0,-100.0,1812.0,1064.0,707.0
SMPDA,9/30/2026,721.0,732.2,715.0,732.2,1.55,2074.0,1064.0,707.0
SMPDA,10/1/2026,732.2,733.0,722.1,722.1,-1.38,1072.0,1064.0,707.0
SMPDA,10/2/2026,722.0,729.8,720.6,722.0,0.0,279.0,1064.0,707.0
SMPDAP,9/17/2026,396.0,396.0,396.0,396.0,0.0,3000.0,518.0,396.0
SNLI,12/21/2025,515.0,515.2,506.5,508.0,,223773.0,528.3,375.0
SNLI,12/22/2025,507.0,508.9,503.8,506.0,-0.39,163548.0,528.3,375.0
SNLI,12/23/2025,505.3,509.5,499.0,503.0,-0.59,94108.0,528.3,375.0
SNLI,12/24/2025,503.6,507.0,501.0,504.0,0.2,65340.0,528.3,375.0
SNLI,12/28/2025,514.0,514.5,508.0,514.0,1.98,167972.0,528.3,375.0
SNLI,12/29/2025,495.0,495.0,471.0,474.0,-7.78,74967.0,528.3,375.0
SNLI,12/31/2025,471.0,475.9,470.1,473.8,-0.04,45337.0,528.3,375.0
SNLI,1/1/2026,480.0,480.0,467.5,468.0,-1.22,38828.0,528.3,375.0
SNLI,1/4/2026,467.0,468.0,461.5,465.1,-0.62,31139.0,528.3,375.0
SNLI,1/5/2026,464.0,467.9,462.0,462.6,-0.54,48089.0,528.3,375.0
SNLI,1/6/2026,465.0,470.9,461.2,468.0,1.17,27327.0,528.3,375.0
SNLI,1/7/2026,465.0,473.0,464.0,472.0,0.85,26857.0,528.3,375.0
SNLI,1/8/2026,468.0,475.9,465.5,475.0,0.64,39066.0,528.3,375.0
SNLI,1/12/2026,475.0,478.0,470.0,472.0,-0.63,38142.0,528.3,375.0
SNLI,1/13/2026,468.0,479.4,468.0,475.3,0.7,42633.0,528.3,375.0
SNLI,1/14/2026,470.0,481.9,470.0,474.2,-0.23,20313.0,528.3,375.0
SNLI,1/18/2026,470.0,514.0,470.0,478.1,0.82,40848.0,528.3,375.0
SNLI,1/20/2026,486.0,494.6,482.2,489.5,2.38,57628.0,528.3,375.0
SNLI,1/21/2026,491.0,491.0,485.4,486.3,-0.65,33197.0,528.3,375.0
SNLI,1/22/2026,486.0,486.0,480.3,482.0,-0.88,35049.0,528.3,375.0
SNLI,1/25/2026,480.3,491.5,480.2,491.3,1.93,48593.0,528.3,375.0
SNLI,1/26/2026,490.0,495.0,484.0,487.0,-0.88,46102.0,528.3,375.0
SNLI,1/27/2026,489.0,490.0,475.6,477.0,-2.05,45447.0,528.3,375.0
SNLI,1/28/2026,477.0,480.0,471.0,474.2,-0.59,34572.0,528.3,375.0
SNLI,1/29/2026,474.0,478.0,471.5,472.3,-0.4,19909.0,528.3,375.0
SNLI,2/1/2026,471.0,473.6,469.0,470.0,-0.49,24720.0,528.3,375.0
SNLI,2/2/2026,478.9,478.9,467.2,468.1,-0.4,28152.0,528.3,375.0
SNLI,2/3/2026,468.0,470.0,465.2,466.0,-0.45,15320.0,528.3,375.0
SNLI,2/4/2026,464.0,468.0,463.0,464.0,-0.43,19975.0,528.3,375.0
SNLI,2/5/2026,464.0,470.0,463.0,467.0,0.65,28977.0,528.3,375.0
SNLI,2/8/2026,470.0,474.0,465.1,465.1,-0.41,26966.0,528.3,375.0
SNLI,2/9/2026,463.0,466.0,460.0,461.9,-0.69,28368.0,528.3,375.0
SNLI,2/10/2026,460.0,463.0,458.0,460.0,-0.41,19837.0,528.3,375.0
SNLI,2/11/2026,468.9,468.9,457.9,457.9,-0.46,14095.0,528.3,375.0
SNLI,2/12/2026,460.0,461.0,453.5,456.9,-0.22,22789.0,528.3,375.0
SNLI,2/16/2026,451.1,460.0,451.1,453.5,-0.74,17707.0,528.3,375.0
SNLI,2/17/2026,451.2,459.0,451.2,452.0,-0.33,15926.0,528.3,375.0
SNLI,2/22/2026,451.0,452.0,447.1,448.0,-0.88,25826.0,528.3,375.0
SNLI,2/23/2026,448.0,450.0,444.0,444.0,-0.89,26744.0,528.3,375.0
SNLI,2/24/2026,450.0,453.0,444.0,449.5,1.24,19032.0,528.3,375.0
SNLI,2/25/2026,446.0,463.9,445.3,462.0,2.78,19376.0,528.3,375.0
SNLI,2/26/2026,462.0,466.5,456.0,462.0,0.0,12124.0,528.3,375.0
SNLI,2/27/2026,462.0,466.5,456.0,462.0,0.0,12124.0,528.3,375.0
SNLI,2/28/2026,462.0,466.5,456.0,462.0,0.0,12124.0,528.3,375.0
SNLI,3/2/2026,452.8,468.0,452.8,464.0,0.43,10457.0,528.3,375.0
SNLI,3/3/2026,460.0,473.0,460.0,469.9,1.27,14309.0,528.3,375.0
SNLI,3/4/2026,460.0,473.0,460.0,469.9,0.0,14309.0,528.3,375.0
SNLI,3/5/2026,460.0,473.0,460.0,469.9,0.0,14309.0,528.3,375.0
SNLI,3/6/2026,460.0,473.0,460.0,469.9,0.0,14309.0,528.3,375.0
SNLI,3/7/2026,460.0,473.0,460.0,469.9,0.0,14309.0,528.3,375.0
SNLI,3/8/2026,460.0,473.0,460.0,469.9,0.0,14309.0,528.3,375.0
SNLI,3/9/2026,479.2,495.0,479.2,495.0,5.34,735.0,528.3,375.0
SNLI,3/10/2026,500.0,503.5,480.2,500.0,1.01,113710.0,528.3,375.0
SNLI,3/11/2026,500.0,500.0,485.1,488.0,-2.4,56945.0,528.3,375.0
SNLI,3/12/2026,485.0,493.0,478.7,490.0,0.41,37695.0,528.3,375.0
SNLI,3/13/2026,485.0,493.0,478.7,490.0,0.0,37695.0,528.3,375.0
SNLI,3/14/2026,485.0,493.0,478.7,490.0,0.0,37695.0,528.3,375.0
SNLI,3/15/2026,499.0,499.0,482.0,485.0,-1.02,26085.0,528.3,375.0
SNLI,3/16/2026,475.3,485.0,475.3,477.1,-1.63,30867.0,528.3,375.0
SNLI,3/17/2026,476.5,482.0,471.1,479.1,0.42,26006.0,528.3,375.0
SNLI,3/18/2026,476.5,482.0,471.1,479.1,0.0,26006.0,528.3,375.0
SNLI,3/19/2026,479.0,495.0,479.0,489.0,2.07,68796.0,528.3,375.0
SNLI,3/20/2026,479.0,495.0,479.0,489.0,0.0,68796.0,528.3,375.0
SNLI,3/21/2026,479.0,495.0,479.0,489.0,0.0,68796.0,528.3,375.0
SNLI,3/22/2026,494.0,501.3,489.0,499.5,2.15,97141.0,528.3,375.0
SNLI,3/23/2026,500.1,506.0,495.0,502.0,0.5,63531.0,528.3,375.0
SNLI,3/24/2026,500.0,504.0,495.0,502.0,0.0,60795.0,528.3,375.0
SNLI,3/25/2026,502.0,502.0,492.4,495.0,-1.39,34540.0,528.3,375.0
SNLI,3/26/2026,498.8,498.9,487.0,490.6,-1.64,30375.0,528.3,375.0
SNLI,3/29/2026,490.0,490.0,477.0,477.0,-2.65,54188.0,528.3,375.0
SNLI,3/30/2026,486.5,486.5,467.2,467.3,-3.95,36255.0,528.3,375.0
SNLI,3/31/2026,465.0,468.8,457.1,466.0,0.22,60950.0,528.3,375.0
SNLI,4/1/2026,466.0,472.0,457.5,458.0,-1.72,43520.0,528.3,375.0
SNLI,4/2/2026,455.1,464.5,455.1,460.1,1.1,23184.0,528.3,375.0
SNLI,4/5/2026,455.0,455.0,445.0,445.2,-2.15,58741.0,528.3,375.0
SNLI,4/6/2026,450.0,466.0,440.0,460.0,2.22,24439.0,528.3,375.0
SNLI,4/7/2026,469.0,469.2,455.0,458.0,-2.35,17691.0,528.3,375.0
SNLI,4/8/2026,456.0,467.1,456.0,465.0,1.97,22560.0,528.3,375.0
SNLI,4/9/2026,465.0,473.0,461.1,467.9,0.62,16014.0,528.3,375.0
SNLI,4/10/2026,475.0,475.0,461.3,464.0,-2.32,33642.0,528.3,375.0
SNLI,4/13/2026,466.0,466.0,457.1,458.2,-1.67,18982.0,528.3,375.0
SNLI,4/15/2026,450.9,465.0,450.9,462.1,2.48,16999.0,528.3,375.0
SNLI,4/16/2026,462.1,465.0,456.0,463.9,0.39,31818.0,528.3,375.0
SNLI,4/17/2026,461.0,468.0,458.5,460.8,-0.04,14263.0,528.3,375.0
SNLI,4/20/2026,460.8,465.0,455.1,458.2,-0.56,10786.0,528.3,375.0
SNLI,4/21/2026,458.2,463.9,456.2,456.3,-0.41,8140.0,528.3,375.0
SNLI,4/22/2026,455.0,464.0,452.3,456.0,0.22,18782.0,528.3,375.0
SNLI,4/23/2026,456.0,459.8,452.0,454.0,-0.44,9643.0,528.3,375.0
SNLI,4/24/2026,453.0,454.0,450.1,453.0,0.0,13590.0,528.3,375.0
SNLI,4/27/2026,453.0,456.5,450.1,453.0,0.0,17341.0,528.3,375.0
SNLI,4/28/2026,453.0,457.8,451.0,454.9,0.42,13256.0,528.3,375.0
SNLI,4/29/2026,454.9,455.0,450.3,452.0,-0.64,5230.0,528.3,375.0
SNLI,4/30/2026,452.0,453.9,446.0,452.5,0.11,7756.0,528.3,375.0
SNLI,5/4/2026,450.0,450.0,447.0,447.0,-0.67,8856.0,528.3,375.0
SNLI,5/5/2026,445.0,455.0,445.0,447.0,0.45,10123.0,528.3,375.0
SNLI,5/6/2026,447.0,449.0,444.9,446.0,-0.22,18651.0,528.3,375.0
SNLI,5/7/2026,445.0,449.9,445.0,448.0,0.67,7046.0,528.3,375.0
SNLI,5/8/2026,448.0,449.0,445.0,448.5,0.11,7252.0,528.3,375.0
SNLI,5/11/2026,447.4,455.7,447.4,455.3,1.77,11924.0,528.3,375.0
SNLI,5/12/2026,458.0,458.0,450.1,453.0,-1.09,8789.0,528.3,375.0
SNLI,5/13/2026,447.0,450.9,446.2,450.0,0.67,8788.0,528.3,375.0
SNLI,5/14/2026,447.0,450.0,446.0,449.0,0.45,6599.0,528.3,375.0
SNLI,5/15/2026,445.1,450.0,445.0,448.0,0.65,5968.0,528.3,375.0
SNLI,5/18/2026,448.0,448.5,445.2,446.0,-0.45,17233.0,528.3,375.0
SNLI,5/19/2026,444.5,453.9,444.5,445.2,0.16,7287.0,528.3,375.0
SNLI,5/20/2026,440.1,450.0,440.1,449.0,2.02,12588.0,528.3,375.0
SNLI,5/21/2026,449.0,453.0,448.0,449.8,0.18,6974.0,528.3,375.0
SNLI,5/22/2026,450.0,450.0,443.0,447.0,-0.67,10908.0,528.3,375.0
SNLI,5/25/2026,455.0,455.0,447.5,451.0,-0.88,23128.0,528.3,375.0
SNLI,5/26/2026,450.0,456.0,449.1,452.0,0.44,5464.0,528.3,375.0
SNLI,5/27/2026,455.0,459.9,450.6,456.8,0.4,19993.0,528.3,375.0
SNLI,6/1/2026,457.0,464.9,453.0,456.5,-0.11,27334.0,528.3,375.0
SNLI,6/2/2026,451.1,458.0,451.0,453.0,0.42,5595.0,528.3,375.0
SNLI,6/3/2026,453.0,468.1,453.0,463.2,2.25,64561.0,528.3,375.0
SNLI,6/4/2026,463.0,467.0,457.4,460.4,-0.56,18703.0,528.3,375.0
SNLI,6/5/2026,458.0,461.0,452.0,454.0,-0.87,12193.0,528.3,375.0
SNLI,6/8/2026,450.3,453.0,450.3,451.0,0.16,18222.0,528.3,375.0
SNLI,6/9/2026,450.3,452.0,447.0,447.7,-0.58,25704.0,528.3,375.0
SNLI,6/10/2026,447.0,452.8,447.0,450.0,0.67,10953.0,528.3,375.0
SNLI,6/11/2026,450.0,452.8,447.2,450.0,0.0,11346.0,528.3,375.0
SNLI,6/12/2026,446.0,450.0,446.0,447.2,0.27,12310.0,528.3,375.0
SNLI,6/15/2026,447.0,450.1,447.0,448.0,0.22,10124.0,528.3,375.0
SNLI,6/16/2026,445.0,448.0,445.0,445.5,0.11,11061.0,528.3,375.0
SNLI,6/17/2026,445.4,449.0,445.4,446.5,0.25,9453.0,528.3,375.0
SNLI,6/18/2026,449.0,449.0,444.0,444.1,-1.09,26602.0,528.3,375.0
SNLI,6/19/2026,448.0,449.9,442.1,443.8,-0.94,13935.0,528.3,375.0
SNLI,6/22/2026,443.0,447.8,442.2,444.4,0.32,11253.0,528.3,375.0
SNLI,6/23/2026,443.0,444.0,441.0,441.5,-0.34,9635.0,528.3,375.0
SNLI,6/24/2026,441.6,442.0,435.0,439.3,-0.52,14283.0,528.3,375.0
SNLI,6/26/2026,433.3,439.8,433.3,438.0,1.08,10082.0,528.3,375.0
SNLI,6/29/2026,436.0,438.0,433.5,434.0,-0.46,11496.0,528.3,375.0
SNLI,6/30/2026,430.1,434.0,430.1,431.5,0.33,9408.0,528.3,375.0
SNLI,7/1/2026,430.1,442.0,430.1,440.6,2.44,9044.0,528.3,375.0
SNLI,7/2/2026,440.0,440.8,437.1,438.3,-0.39,9847.0,528.3,375.0
SNLI,7/3/2026,435.3,445.0,435.2,439.0,0.85,11316.0,528.3,375.0
SNLI,7/6/2026,440.0,440.0,433.0,433.1,-1.57,5255.0,528.3,375.0
SNLI,7/7/2026,446.0,446.0,432.0,433.8,-2.74,7392.0,528.3,375.0
SNLI,7/8/2026,431.0,434.0,424.0,427.5,-0.81,15909.0,528.3,375.0
SNLI,7/9/2026,427.5,430.0,423.0,423.1,-1.03,9490.0,528.3,375.0
SNLI,7/10/2026,421.0,432.0,421.0,425.0,0.95,6562.0,528.3,375.0
SNLI,7/13/2026,422.0,424.9,418.2,422.0,0.0,7977.0,528.3,375.0
SNLI,7/14/2026,420.0,426.0,415.0,422.0,0.48,9739.0,528.3,375.0
SNLI,7/15/2026,416.0,430.0,416.0,424.0,1.92,4205.0,528.3,375.0
SNLI,7/16/2026,419.0,427.0,419.0,422.1,0.74,4151.0,528.3,375.0
SNLI,7/17/2026,423.0,436.0,423.0,436.0,3.07,7675.0,528.3,375.0
SNLI,7/20/2026,433.0,450.0,433.0,442.5,2.19,8954.0,528.3,375.0
SNLI,7/21/2026,442.5,450.0,432.0,445.0,0.56,16324.0,528.3,375.0
SNLI,7/22/2026,433.1,445.0,433.1,440.0,1.59,3703.0,528.3,375.0
SNLI,7/23/2026,435.0,440.0,433.5,438.1,0.71,6454.0,528.3,375.0
SNLI,7/24/2026,438.1,447.0,436.1,441.0,0.66,5147.0,528.3,375.0
SNLI,7/27/2026,433.0,445.0,433.0,437.0,0.92,7308.0,528.3,375.0
SNLI,7/28/2026,436.0,438.0,430.0,431.7,-0.99,15476.0,528.3,375.0
SNLI,7/29/2026,430.0,439.0,430.0,430.1,0.02,5050.0,528.3,375.0
SNLI,7/30/2026,430.1,434.0,427.0,428.0,-0.49,5359.0,528.3,375.0
SNLI,7/31/2026,428.0,428.0,425.0,428.0,0.0,4394.0,528.3,375.0
SNLI,8/3/2026,428.0,430.0,424.1,424.1,-0.91,14043.0,528.3,375.0
SNLI,8/4/2026,424.5,424.5,419.5,420.0,-1.06,16678.0,528.3,375.0
SNLI,8/5/2026,419.0,422.0,418.2,419.0,0.0,10385.0,528.3,375.0
SNLI,8/6/2026,419.0,420.0,415.3,415.3,-0.88,15725.0,528.3,375.0
SNLI,8/7/2026,416.0,416.1,413.0,414.0,-0.48,11773.0,528.3,375.0
SNLI,8/10/2026,414.0,415.0,411.1,412.0,-0.48,11302.0,528.3,375.0
SNLI,8/11/2026,410.0,416.0,410.0,412.0,0.49,11999.0,528.3,375.0
SNLI,8/12/2026,412.0,412.0,406.0,409.0,-0.73,20127.0,528.3,375.0
SNLI,8/13/2026,410.0,412.0,406.0,408.7,-0.32,19401.0,528.3,375.0
SNLI,8/14/2026,410.0,417.0,410.0,411.0,0.24,11916.0,528.3,375.0
SNLI,8/17/2026,412.0,414.0,407.0,408.3,-0.9,8967.0,528.3,375.0
SNLI,8/18/2026,408.3,410.0,405.6,407.9,-0.1,7110.0,528.3,375.0
SNLI,8/19/2026,387.6,406.8,387.6,404.1,4.26,9407.0,528.3,375.0
SNLI,8/20/2026,404.0,405.0,398.2,400.4,-0.89,20441.0,528.3,375.0
SNLI,8/21/2026,402.0,403.0,400.0,401.0,-0.25,7044.0,528.3,375.0
SNLI,8/24/2026,400.1,402.0,396.2,398.0,-0.52,6030.0,528.3,375.0
SNLI,8/25/2026,396.1,398.0,394.9,395.1,-0.25,12085.0,528.3,375.0
SNLI,8/26/2026,395.0,395.0,379.1,379.8,-3.85,40370.0,528.3,375.0
SNLI,8/27/2026,376.0,395.0,376.0,390.0,3.72,9361.0,528.3,375.0
SNLI,8/31/2026,380.0,391.0,375.0,387.6,2.0,10890.0,528.3,375.0
SNLI,9/1/2026,382.2,393.0,382.2,387.6,1.41,9077.0,528.3,375.0
SNLI,9/2/2026,385.0,390.0,383.0,388.0,0.78,7412.0,528.3,375.0
SNLI,9/3/2026,380.0,391.0,380.0,386.3,1.66,11828.0,528.3,375.0
SNLI,9/7/2026,375.0,390.0,375.0,389.0,3.73,12332.0,528.3,375.0
SNLI,9/9/2026,389.0,389.0,384.0,385.0,-1.03,19369.0,528.3,375.0
SNLI,9/10/2026,380.0,385.9,380.0,381.0,0.26,11836.0,528.3,375.0
SNLI,9/11/2026,383.4,391.9,382.0,391.9,2.22,13099.0,528.3,375.0
SNLI,9/14/2026,392.0,401.0,390.0,396.8,1.22,29251.0,528.3,375.0
SNLI,9/15/2026,410.0,420.0,397.0,407.0,-0.73,31361.0,528.3,375.0
SNLI,9/16/2026,427.3,427.3,401.1,401.1,-6.13,20299.0,528.3,375.0
SNLI,9/17/2026,401.0,411.0,401.0,408.0,1.75,22761.0,528.3,375.0
SNLI,9/18/2026,408.0,422.0,405.0,419.0,2.7,33694.0,528.3,375.0
SNLI,9/22/2026,439.9,439.9,413.1,427.5,-2.82,29801.0,528.3,375.0
SNLI,9/23/2026,448.8,448.8,416.0,417.0,-7.09,17680.0,528.3,375.0
SNLI,9/24/2026,420.0,421.0,411.0,421.0,0.24,16865.0,528.3,375.0
SNLI,9/28/2026,421.0,425.0,411.0,416.9,-0.97,31824.0,528.3,375.0
SNLI,9/29/2026,437.7,437.7,411.9,0.0,-100.0,9781.0,528.3,375.0
SNLI,9/30/2026,412.0,415.0,408.2,413.0,0.24,12282.0,528.3,375.0
SNLI,10/1/2026,433.6,433.6,406.5,412.7,-4.82,13138.0,528.3,375.0
SNLI,10/2/2026,415.0,415.0,407.0,410.0,-1.2,7568.0,528.3,375.0
SNMAPO,2/26/2026,180.0,180.0,180.0,180.0,,339484.0,180.0,167.0
SNMAPO,2/27/2026,180.0,180.0,180.0,180.0,0.0,339484.0,180.0,167.0
SNMAPO,2/28/2026,180.0,180.0,180.0,180.0,0.0,339484.0,180.0,167.0
SNMAPO,3/1/2026,180.0,180.0,180.0,180.0,0.0,339484.0,180.0,167.0
SNMAPO,4/9/2026,180.0,180.0,180.0,180.0,0.0,8499.0,180.0,167.0
SNORL,6/26/2026,298.7,343.5,298.7,343.5,15.0,70.0,1057.0,298.7
SNORL,6/29/2026,353.8,395.0,353.8,395.0,11.64,60.0,1057.0,298.7
SNORL,6/30/2026,411.9,454.2,411.9,454.2,10.27,90.0,1057.0,298.7
SNORL,7/1/2026,467.8,522.3,467.8,522.3,11.65,130.0,1057.0,298.7
SNORL,7/2/2026,537.9,600.6,537.9,600.6,11.66,180.0,1057.0,298.7
SNORL,7/3/2026,618.6,690.6,618.6,690.6,11.64,920.0,1057.0,298.7
SNORL,7/6/2026,725.1,794.1,725.1,794.1,9.52,12640.0,1057.0,298.7
SNORL,7/7/2026,833.8,833.8,700.0,753.4,-9.64,81130.0,1057.0,298.7
SNORL,7/8/2026,750.0,810.0,727.4,786.5,4.87,31280.0,1057.0,298.7
SNORL,7/9/2026,770.0,904.4,770.0,879.0,14.16,29352.0,1057.0,298.7
SNORL,7/10/2026,881.0,881.0,810.0,820.0,-6.92,38755.0,1057.0,298.7
SNORL,7/13/2026,810.0,815.0,777.0,780.0,-3.7,28359.0,1057.0,298.7
SNORL,7/14/2026,770.0,794.9,745.0,769.0,-0.13,26377.0,1057.0,298.7
SNORL,7/15/2026,769.0,790.0,763.0,771.0,0.26,12249.0,1057.0,298.7
SNORL,7/16/2026,771.0,784.9,769.0,779.0,1.04,16511.0,1057.0,298.7
SNORL,7/17/2026,779.1,815.0,779.1,803.0,3.07,25341.0,1057.0,298.7
SNORL,7/20/2026,810.0,835.0,792.1,830.0,2.47,26070.0,1057.0,298.7
SNORL,7/21/2026,850.0,903.0,807.0,880.0,3.53,45822.0,1057.0,298.7
SNORL,7/22/2026,860.0,884.9,840.1,875.0,1.74,24582.0,1057.0,298.7
SNORL,7/23/2026,851.0,1006.2,851.0,995.0,16.92,44496.0,1057.0,298.7
SNORL,7/24/2026,989.0,1017.1,970.0,979.0,-1.01,41940.0,1057.0,298.7
SNORL,7/27/2026,979.0,1010.0,907.0,910.0,-7.05,34165.0,1057.0,298.7
SNORL,7/28/2026,893.5,955.0,887.0,926.0,3.64,43061.0,1057.0,298.7
SNORL,7/29/2026,925.0,975.0,925.0,971.4,5.02,36032.0,1057.0,298.7
SNORL,7/30/2026,972.0,985.0,935.0,938.0,-3.5,31452.0,1057.0,298.7
SNORL,7/31/2026,925.0,996.0,912.0,926.1,0.12,23492.0,1057.0,298.7
SNORL,8/3/2026,925.0,989.8,921.0,944.0,2.05,39699.0,1057.0,298.7
SNORL,8/4/2026,901.2,953.0,901.2,929.9,3.18,13212.0,1057.0,298.7
SNORL,8/5/2026,911.0,946.0,910.0,928.0,1.87,14428.0,1057.0,298.7
SNORL,8/6/2026,916.0,925.0,880.6,881.6,-3.76,20417.0,1057.0,298.7
SNORL,8/7/2026,837.6,921.0,837.6,906.0,8.17,22802.0,1057.0,298.7
SNORL,8/10/2026,951.3,951.3,920.0,926.1,-2.65,48245.0,1057.0,298.7
SNORL,8/11/2026,879.8,945.0,879.8,914.9,3.99,19214.0,1057.0,298.7
SNORL,8/12/2026,901.1,920.0,890.1,903.0,0.21,8916.0,1057.0,298.7
SNORL,8/13/2026,895.0,909.0,885.6,898.0,0.34,12482.0,1057.0,298.7
SNORL,8/14/2026,880.0,905.9,880.0,895.0,1.7,5560.0,1057.0,298.7
SNORL,8/17/2026,894.0,917.0,890.4,910.0,1.79,30927.0,1057.0,298.7
SNORL,8/18/2026,900.0,915.0,900.0,914.0,1.56,18187.0,1057.0,298.7
SNORL,8/19/2026,903.0,929.5,903.0,915.0,1.33,18899.0,1057.0,298.7
SNORL,8/20/2026,900.0,914.0,891.2,909.0,1.0,7387.0,1057.0,298.7
SNORL,8/21/2026,890.0,904.9,885.5,886.0,-0.45,12290.0,1057.0,298.7
SNORL,8/24/2026,886.0,897.0,871.0,882.0,-0.45,10345.0,1057.0,298.7
SNORL,8/25/2026,882.0,914.0,870.1,910.0,3.17,31859.0,1057.0,298.7
SNORL,8/26/2026,900.0,910.0,870.0,889.9,-1.12,14233.0,1057.0,298.7
SNORL,8/27/2026,865.2,890.0,851.2,866.0,0.09,7877.0,1057.0,298.7
SNORL,8/31/2026,860.1,864.9,840.0,850.1,-1.16,11040.0,1057.0,298.7
SNORL,9/1/2026,850.1,871.0,846.5,862.9,1.51,16564.0,1057.0,298.7
SNORL,9/2/2026,851.0,864.0,850.0,864.0,1.53,7340.0,1057.0,298.7
SNORL,9/3/2026,855.1,879.9,852.0,879.0,2.79,9438.0,1057.0,298.7
SNORL,9/7/2026,870.0,885.0,861.1,878.0,0.92,17285.0,1057.0,298.7
SNORL,9/9/2026,878.0,885.0,860.0,880.0,0.23,11314.0,1057.0,298.7
SNORL,9/10/2026,880.0,895.0,870.0,883.0,0.34,21745.0,1057.0,298.7
SNORL,9/11/2026,868.2,894.0,868.2,889.0,2.4,21233.0,1057.0,298.7
SNORL,9/14/2026,866.2,891.6,865.0,870.0,0.44,19019.0,1057.0,298.7
SNORL,9/15/2026,913.0,919.9,870.0,894.9,-1.98,41026.0,1057.0,298.7
SNORL,9/16/2026,894.9,929.0,890.0,919.9,2.79,38566.0,1057.0,298.7
SNORL,9/17/2026,921.0,939.8,912.1,930.0,0.98,26169.0,1057.0,298.7
SNORL,9/18/2026,925.1,1057.0,918.2,1057.0,14.26,76529.0,1057.0,298.7
SNORL,9/22/2026,1004.2,1004.2,937.0,970.0,-3.41,46885.0,1057.0,298.7
SNORL,9/23/2026,960.0,973.0,930.0,945.0,-1.56,40152.0,1057.0,298.7
SNORL,9/24/2026,888.0,930.0,862.0,899.0,1.24,41321.0,1057.0,298.7
SNORL,9/28/2026,882.0,899.0,861.0,868.0,-1.59,9789.0,1057.0,298.7
SNORL,9/29/2026,853.0,874.9,853.0,0.0,-100.0,3475.0,1057.0,298.7
SNORL,9/30/2026,856.3,937.0,854.4,879.0,2.65,21480.0,1057.0,298.7
SNORL,10/1/2026,853.0,870.0,828.0,843.9,-1.07,22348.0,1057.0,298.7
SNORL,10/2/2026,820.0,853.0,814.0,818.0,-0.24,15484.0,1057.0,298.7
SOHL,3/15/2026,300.0,330.0,300.0,330.0,,860.0,875.5,300.0
SOHL,3/16/2026,336.6,363.0,336.6,363.0,10.0,790.0,875.5,300.0
SOHL,3/17/2026,367.7,399.3,367.7,399.3,10.0,840.0,875.5,300.0
SOHL,3/18/2026,367.7,399.3,367.7,399.3,0.0,840.0,875.5,300.0
SOHL,3/19/2026,405.5,439.2,405.5,439.2,9.99,1850.0,875.5,300.0
SOHL,3/20/2026,405.5,439.2,405.5,439.2,0.0,1850.0,875.5,300.0
SOHL,3/21/2026,405.5,439.2,405.5,439.2,0.0,1850.0,875.5,300.0
SOHL,3/22/2026,447.0,483.1,447.0,483.1,10.0,3690.0,875.5,300.0
SOHL,3/23/2026,492.7,531.4,492.7,531.4,10.0,10180.0,875.5,300.0
SOHL,3/24/2026,542.0,584.5,542.0,584.5,9.99,9590.0,875.5,300.0
SOHL,3/25/2026,596.1,642.9,596.1,642.9,9.99,22360.0,875.5,300.0
SOHL,3/26/2026,655.7,707.1,655.7,707.1,7.84,236950.0,875.5,300.0
SOHL,3/29/2026,721.2,777.8,652.0,732.0,1.5,661803.0,875.5,300.0
SOHL,3/30/2026,745.0,745.0,665.0,675.0,-9.4,404031.0,875.5,300.0
SOHL,3/31/2026,675.0,716.0,629.0,691.1,2.39,279142.0,875.5,300.0
SOHL,4/1/2026,700.0,700.0,655.7,666.0,-4.86,130296.0,875.5,300.0
SOHL,4/2/2026,656.0,687.0,640.1,660.5,0.69,117989.0,875.5,300.0
SOHL,4/5/2026,660.5,660.5,600.5,603.9,-8.57,187035.0,875.5,300.0
SOHL,4/6/2026,603.9,627.0,592.0,622.0,3.0,125001.0,875.5,300.0
SOHL,4/7/2026,622.0,634.1,609.6,622.0,0.0,77730.0,875.5,300.0
SOHL,4/8/2026,625.0,684.2,618.1,684.2,9.47,250400.0,875.5,300.0
SOHL,4/9/2026,697.8,752.6,685.0,752.6,7.85,384690.0,875.5,300.0
SOHL,4/10/2026,767.6,800.0,765.0,769.0,0.18,469480.0,875.5,300.0
SOHL,4/13/2026,770.0,787.0,735.0,752.1,-2.32,384582.0,875.5,300.0
SOHL,4/15/2026,750.0,827.0,750.0,817.0,8.93,517281.0,875.5,300.0
SOHL,4/16/2026,817.0,820.0,785.0,810.2,-0.83,403251.0,875.5,300.0
SOHL,4/17/2026,809.5,852.0,790.0,847.0,4.63,455168.0,875.5,300.0
SOHL,4/20/2026,850.0,875.5,825.1,849.0,-0.12,350008.0,875.5,300.0
SOHL,4/21/2026,849.0,860.0,792.1,800.0,-5.77,448273.0,875.5,300.0
SOHL,4/22/2026,800.0,816.7,762.6,795.0,-0.62,405236.0,875.5,300.0
SOHL,4/23/2026,795.0,825.0,776.0,795.0,0.0,324344.0,875.5,300.0
SOHL,4/24/2026,795.0,820.9,777.0,814.9,2.5,294511.0,875.5,300.0
SOHL,4/27/2026,815.0,825.0,796.0,799.0,-1.96,295122.0,875.5,300.0
SOHL,4/28/2026,799.0,807.9,754.0,760.0,-4.88,363152.0,875.5,300.0
SOHL,4/29/2026,760.0,798.0,722.0,741.0,-2.5,241567.0,875.5,300.0
SOHL,4/30/2026,741.0,741.0,691.0,710.0,-4.18,194162.0,875.5,300.0
SOHL,5/4/2026,710.0,720.0,661.1,668.0,-5.92,129243.0,875.5,300.0
SOHL,5/5/2026,668.0,726.0,660.0,718.5,7.56,336179.0,875.5,300.0
SOHL,5/6/2026,718.5,736.0,705.0,711.0,-1.04,305806.0,875.5,300.0
SOHL,5/7/2026,744.0,744.0,695.2,709.9,-4.58,121069.0,875.5,300.0
SOHL,5/8/2026,707.0,720.0,705.0,719.0,1.7,168353.0,875.5,300.0
SOHL,5/11/2026,719.0,739.9,715.0,721.0,0.28,192377.0,875.5,300.0
SOHL,5/12/2026,721.0,728.0,689.0,692.9,-3.9,189636.0,875.5,300.0
SOHL,5/13/2026,681.0,700.0,680.0,700.0,2.79,121357.0,875.5,300.0
SOHL,5/14/2026,700.0,709.0,686.0,692.0,-1.14,71795.0,875.5,300.0
SOHL,5/15/2026,692.0,706.1,685.0,691.7,-0.04,117601.0,875.5,300.0
SOHL,5/18/2026,660.0,693.0,660.0,685.0,3.79,84454.0,875.5,300.0
SOHL,5/19/2026,675.0,688.0,670.0,670.0,-0.74,85219.0,875.5,300.0
SOHL,5/20/2026,636.5,699.0,636.5,691.0,8.56,106083.0,875.5,300.0
SOHL,5/21/2026,695.0,698.0,680.1,685.0,-1.44,76299.0,875.5,300.0
SOHL,5/22/2026,700.0,700.0,675.1,688.0,-1.71,144158.0,875.5,300.0
SOHL,5/25/2026,685.0,711.0,685.0,700.5,2.26,175599.0,875.5,300.0
SOHL,5/26/2026,699.0,708.0,690.3,692.8,-0.89,115317.0,875.5,300.0
SOHL,5/27/2026,690.0,699.0,675.0,676.0,-2.03,203385.0,875.5,300.0
SOHL,6/1/2026,670.0,693.0,655.0,660.0,-1.49,126440.0,875.5,300.0
SOHL,6/2/2026,654.0,679.9,651.0,669.0,2.29,134779.0,875.5,300.0
SOHL,6/3/2026,650.0,675.0,650.0,669.8,3.05,72638.0,875.5,300.0
SOHL,6/4/2026,665.0,668.9,655.0,660.0,-0.75,71943.0,875.5,300.0
SOHL,6/5/2026,655.09,661.0,653.0,655.0,-0.01,107890.0,875.5,300.0
SOHL,6/8/2026,655.0,665.1,641.0,642.0,-1.98,79755.0,875.5,300.0
SOHL,6/9/2026,640.1,664.0,627.8,629.0,-1.73,113334.0,875.5,300.0
SOHL,6/10/2026,660.4,660.4,626.0,649.7,-1.62,112204.0,875.5,300.0
SOHL,6/11/2026,635.0,654.0,635.0,645.0,1.57,61599.0,875.5,300.0
SOHL,6/12/2026,639.0,653.8,635.0,641.0,0.31,60673.0,875.5,300.0
SOHL,6/15/2026,630.0,649.9,630.0,634.9,0.78,63114.0,875.5,300.0
SOHL,6/16/2026,666.6,666.6,628.8,635.9,-4.61,50127.0,875.5,300.0
SOHL,6/17/2026,640.0,645.0,632.0,639.0,-0.16,52703.0,875.5,300.0
SOHL,6/18/2026,639.0,645.0,631.4,640.9,0.3,45198.0,875.5,300.0
SOHL,6/19/2026,609.0,661.2,609.0,655.3,7.6,133448.0,875.5,300.0
SOHL,6/22/2026,630.0,658.0,630.0,649.0,3.02,85505.0,875.5,300.0
SOHL,6/23/2026,640.0,645.0,629.6,631.4,-1.34,69366.0,875.5,300.0
SOHL,6/24/2026,631.0,632.0,607.0,617.0,-2.22,105967.0,875.5,300.0
SOHL,6/26/2026,612.0,627.0,609.1,627.0,2.45,54287.0,875.5,300.0
SOHL,6/29/2026,658.0,658.0,614.0,625.0,-5.02,56202.0,875.5,300.0
SOHL,6/30/2026,618.0,625.0,612.1,612.1,-0.95,47290.0,875.5,300.0
SOHL,7/1/2026,610.0,632.0,610.0,624.0,2.3,72848.0,875.5,300.0
SOHL,7/2/2026,612.1,636.0,610.1,617.8,0.93,19463.0,875.5,300.0
SOHL,7/3/2026,615.0,621.0,610.0,610.0,-0.81,43111.0,875.5,300.0
SOHL,7/6/2026,610.0,616.0,600.0,603.1,-1.13,55530.0,875.5,300.0
SOHL,7/7/2026,603.1,610.0,597.0,604.8,0.28,43835.0,875.5,300.0
SOHL,7/8/2026,575.0,600.0,575.0,582.0,1.22,52845.0,875.5,300.0
SOHL,7/9/2026,577.0,585.0,561.0,570.0,-1.21,74396.0,875.5,300.0
SOHL,7/10/2026,560.0,576.0,549.9,553.6,-1.14,45294.0,875.5,300.0
SOHL,7/13/2026,526.0,553.6,525.2,528.0,0.38,66804.0,875.5,300.0
SOHL,7/14/2026,501.6,538.0,501.6,530.0,5.66,49488.0,875.5,300.0
SOHL,7/15/2026,530.0,540.0,521.0,523.4,-1.25,43571.0,875.5,300.0
SOHL,7/16/2026,520.0,531.8,500.0,509.0,-2.12,107520.0,875.5,300.0
SOHL,7/17/2026,500.1,546.0,500.1,544.0,8.78,66962.0,875.5,300.0
SOHL,7/20/2026,544.0,602.0,534.0,596.0,9.56,130044.0,875.5,300.0
SOHL,7/21/2026,570.0,615.0,570.0,592.0,3.86,135872.0,875.5,300.0
SOHL,7/22/2026,600.0,600.0,575.0,584.0,-2.67,64375.0,875.5,300.0
SOHL,7/23/2026,584.0,627.2,571.0,623.0,6.68,284258.0,875.5,300.0
SOHL,7/24/2026,627.0,633.4,599.0,605.0,-3.51,135996.0,875.5,300.0
SOHL,7/27/2026,600.0,618.0,581.1,591.0,-1.5,94026.0,875.5,300.0
SOHL,7/28/2026,561.5,619.0,561.5,606.3,7.98,318237.0,875.5,300.0
SOHL,7/29/2026,605.0,614.0,589.0,593.7,-1.87,73945.0,875.5,300.0
SOHL,7/30/2026,564.1,600.0,564.1,571.0,1.22,143962.0,875.5,300.0
SOHL,7/31/2026,571.0,589.4,566.2,583.9,2.26,179906.0,875.5,300.0
SOHL,8/3/2026,583.9,595.0,571.1,577.0,-1.18,77231.0,875.5,300.0
SOHL,8/4/2026,570.0,588.0,567.0,585.0,2.63,108738.0,875.5,300.0
SOHL,8/5/2026,585.0,672.7,576.5,672.7,14.99,909305.0,875.5,300.0
SOHL,8/6/2026,672.7,702.0,656.0,662.0,-1.59,350719.0,875.5,300.0
SOHL,8/7/2026,662.0,720.0,646.7,688.0,3.93,578177.0,875.5,300.0
SOHL,8/10/2026,688.0,724.4,688.0,711.0,3.34,651181.0,875.5,300.0
SOHL,8/11/2026,680.0,725.0,680.0,695.0,2.21,632667.0,875.5,300.0
SOHL,8/12/2026,670.0,700.2,670.0,690.0,2.99,319127.0,875.5,300.0
SOHL,8/13/2026,690.0,702.0,678.3,680.0,-1.45,228872.0,875.5,300.0
SOHL,8/14/2026,670.0,686.0,670.0,671.0,0.15,158405.0,875.5,300.0
SOHL,8/17/2026,671.0,709.0,660.0,709.0,5.66,554842.0,875.5,300.0
SOHL,8/18/2026,700.0,725.0,683.0,687.8,-1.74,553373.0,875.5,300.0
SOHL,8/19/2026,687.8,689.0,674.0,682.1,-0.83,247607.0,875.5,300.0
SOHL,8/20/2026,682.1,702.0,674.1,699.0,2.48,333263.0,875.5,300.0
SOHL,8/21/2026,680.0,707.0,680.0,686.0,0.88,352814.0,875.5,300.0
SOHL,8/24/2026,685.0,690.0,671.5,678.9,-0.89,175007.0,875.5,300.0
SOHL,8/25/2026,680.0,690.0,673.2,679.0,-0.15,202485.0,875.5,300.0
SOHL,8/26/2026,670.0,683.0,650.3,663.9,-0.91,238817.0,875.5,300.0
SOHL,8/27/2026,655.4,674.0,652.1,660.0,0.7,160615.0,875.5,300.0
SOHL,8/31/2026,660.0,664.8,645.9,648.0,-1.82,75473.0,875.5,300.0
SOHL,9/1/2026,640.4,665.0,640.4,659.0,2.9,210674.0,875.5,300.0
SOHL,9/2/2026,655.0,665.0,651.0,663.0,1.22,184091.0,875.5,300.0
SOHL,9/3/2026,650.0,672.9,650.0,650.5,0.08,194626.0,875.5,300.0
SOHL,9/7/2026,655.0,667.3,650.7,654.0,-0.15,246562.0,875.5,300.0
SOHL,9/9/2026,660.0,662.9,643.3,650.0,-1.52,222845.0,875.5,300.0
SOHL,9/10/2026,649.0,653.0,630.1,640.0,-1.39,128482.0,875.5,300.0
SOHL,9/11/2026,640.0,654.0,630.0,654.0,2.19,193154.0,875.5,300.0
SOHL,9/14/2026,650.0,665.0,649.0,655.0,0.77,157371.0,875.5,300.0
SOHL,9/15/2026,660.0,674.0,648.2,654.0,-0.91,246236.0,875.5,300.0
SOHL,9/16/2026,660.0,660.0,648.0,653.0,-1.06,231110.0,875.5,300.0
SOHL,9/17/2026,650.0,677.0,650.0,671.0,3.23,356147.0,875.5,300.0
SOHL,9/18/2026,671.0,679.8,662.0,665.0,-0.89,216152.0,875.5,300.0
SOHL,9/22/2026,663.0,671.0,653.0,657.9,-0.77,214249.0,875.5,300.0
SOHL,9/23/2026,656.0,665.0,640.5,643.1,-1.97,196489.0,875.5,300.0
SOHL,9/24/2026,645.0,649.0,636.8,645.0,0.0,83564.0,875.5,300.0
SOHL,9/28/2026,630.0,650.0,630.0,637.8,1.24,134524.0,875.5,300.0
SOHL,9/29/2026,631.1,643.0,631.1,0.0,-100.0,48551.0,875.5,300.0
SOHL,9/30/2026,630.1,648.0,630.0,638.0,1.25,124458.0,875.5,300.0
SOHL,10/1/2026,638.0,640.0,618.2,630.0,-1.25,138798.0,875.5,300.0
SOHL,10/2/2026,630.0,630.0,616.0,620.0,-1.59,80114.0,875.5,300.0
SONA,12/21/2025,420.1,420.1,416.0,418.0,,24090.0,510.0,380.0
SONA,12/22/2025,417.0,418.9,415.0,415.2,-0.67,22530.0,510.0,380.0
SONA,12/23/2025,410.1,417.0,410.1,412.5,-0.65,17959.0,510.0,380.0
SONA,12/24/2025,412.5,419.0,412.5,414.8,0.56,25341.0,510.0,380.0
SONA,12/28/2025,414.8,429.0,414.8,428.0,3.18,47913.0,510.0,380.0
SONA,12/29/2025,425.8,430.0,422.5,422.6,-1.26,25091.0,510.0,380.0
SONA,12/31/2025,422.8,430.0,422.8,426.0,0.8,36506.0,510.0,380.0
SONA,1/1/2026,426.1,427.0,420.1,421.4,-1.08,18285.0,510.0,380.0
SONA,1/4/2026,418.4,426.0,418.4,421.0,-0.09,29265.0,510.0,380.0
SONA,1/5/2026,420.1,446.0,420.1,437.6,3.94,124068.0,510.0,380.0
SONA,1/6/2026,438.0,446.3,431.5,436.0,-0.37,52973.0,510.0,380.0
SONA,1/7/2026,435.0,440.0,428.2,431.0,-1.15,29190.0,510.0,380.0
SONA,1/8/2026,436.0,439.0,424.0,428.0,-0.7,33393.0,510.0,380.0
SONA,1/12/2026,426.2,445.0,426.2,431.4,0.79,35648.0,510.0,380.0
SONA,1/13/2026,429.1,440.0,425.0,427.9,-0.81,40248.0,510.0,380.0
SONA,1/14/2026,424.0,436.0,424.0,427.0,-0.21,31388.0,510.0,380.0
SONA,1/18/2026,427.0,438.0,427.0,435.0,1.87,33035.0,510.0,380.0
SONA,1/20/2026,440.0,449.9,440.0,443.5,1.95,70705.0,510.0,380.0
SONA,1/21/2026,445.0,448.0,434.7,436.0,-1.69,42471.0,510.0,380.0
SONA,1/22/2026,431.1,440.8,431.1,436.0,0.0,49348.0,510.0,380.0
SONA,1/25/2026,436.0,454.0,436.0,449.0,2.98,138539.0,510.0,380.0
SONA,1/26/2026,455.0,458.8,445.0,445.5,-0.78,115995.0,510.0,380.0
SONA,1/27/2026,445.0,450.0,437.0,439.7,-1.3,74963.0,510.0,380.0
SONA,1/28/2026,436.1,444.0,434.0,441.0,0.3,45231.0,510.0,380.0
SONA,1/29/2026,446.0,448.1,435.1,436.1,-1.11,64836.0,510.0,380.0
SONA,2/1/2026,440.0,440.0,431.5,434.0,-0.48,33029.0,510.0,380.0
SONA,2/2/2026,426.0,440.0,426.0,435.0,0.23,40470.0,510.0,380.0
SONA,2/3/2026,432.0,439.0,430.2,433.7,-0.3,31700.0,510.0,380.0
SONA,2/4/2026,430.0,439.0,428.3,431.0,-0.62,30433.0,510.0,380.0
SONA,2/5/2026,430.0,437.0,430.0,437.0,1.39,33945.0,510.0,380.0
SONA,2/8/2026,435.0,445.0,433.0,433.0,-0.92,36232.0,510.0,380.0
SONA,2/9/2026,431.0,432.9,424.4,425.2,-1.8,66225.0,510.0,380.0
SONA,2/10/2026,427.0,430.0,421.2,421.5,-0.87,37949.0,510.0,380.0
SONA,2/11/2026,425.0,429.9,423.6,428.9,1.76,17957.0,510.0,380.0
SONA,2/12/2026,423.0,432.0,422.0,429.0,0.02,43780.0,510.0,380.0
SONA,2/16/2026,430.0,430.0,424.0,428.0,-0.23,29119.0,510.0,380.0
SONA,2/17/2026,423.2,429.0,421.1,421.6,-1.5,22409.0,510.0,380.0
SONA,2/22/2026,421.0,425.0,418.0,418.2,-0.81,26780.0,510.0,380.0
SONA,2/23/2026,426.5,426.5,415.2,416.1,-0.5,21473.0,510.0,380.0
SONA,2/24/2026,414.0,423.0,414.0,421.0,1.18,22141.0,510.0,380.0
SONA,2/25/2026,415.0,425.0,415.0,422.0,0.24,9997.0,510.0,380.0
SONA,2/26/2026,422.0,426.0,420.2,425.9,0.92,14829.0,510.0,380.0
SONA,2/27/2026,422.0,426.0,420.2,425.9,0.0,14829.0,510.0,380.0
SONA,2/28/2026,422.0,426.0,420.2,425.9,0.0,14829.0,510.0,380.0
SONA,3/2/2026,419.0,434.0,418.2,431.0,1.2,23303.0,510.0,380.0
SONA,3/3/2026,431.0,438.8,429.0,436.0,1.16,21060.0,510.0,380.0
SONA,3/4/2026,431.0,438.8,429.0,436.0,0.0,21060.0,510.0,380.0
SONA,3/5/2026,431.0,438.8,429.0,436.0,0.0,21060.0,510.0,380.0
SONA,3/6/2026,431.0,438.8,429.0,436.0,0.0,21060.0,510.0,380.0
SONA,3/7/2026,431.0,438.8,429.0,436.0,0.0,21060.0,510.0,380.0
SONA,3/8/2026,431.0,438.8,429.0,436.0,0.0,21060.0,510.0,380.0
SONA,3/9/2026,444.7,471.7,444.7,465.0,6.65,920.0,510.0,380.0
SONA,3/10/2026,465.0,468.0,444.3,451.0,-3.01,165208.0,510.0,380.0
SONA,3/11/2026,451.0,462.0,445.0,446.9,-0.91,69297.0,510.0,380.0
SONA,3/12/2026,445.0,455.9,444.0,452.4,1.23,59002.0,510.0,380.0
SONA,3/13/2026,445.0,455.9,444.0,452.4,0.0,59002.0,510.0,380.0
SONA,3/14/2026,445.0,455.9,444.0,452.4,0.0,59002.0,510.0,380.0
SONA,3/15/2026,455.0,459.9,448.0,457.1,1.04,65856.0,510.0,380.0
SONA,3/16/2026,460.0,468.1,455.0,458.0,0.2,159549.0,510.0,380.0
SONA,3/17/2026,459.0,460.0,451.0,456.0,-0.44,68128.0,510.0,380.0
SONA,3/18/2026,459.0,460.0,451.0,456.0,0.0,68128.0,510.0,380.0
SONA,3/19/2026,465.1,475.0,456.0,473.9,3.93,147325.0,510.0,380.0
SONA,3/20/2026,465.1,475.0,456.0,473.9,0.0,147325.0,510.0,380.0
SONA,3/21/2026,465.1,475.0,456.0,473.9,0.0,147325.0,510.0,380.0
SONA,3/22/2026,483.3,501.5,475.6,493.9,4.22,351739.0,510.0,380.0
SONA,3/23/2026,496.0,506.7,485.3,502.4,1.72,246213.0,510.0,380.0
SONA,3/24/2026,510.0,510.0,491.9,498.0,-0.88,142793.0,510.0,380.0
SONA,3/25/2026,498.0,498.0,481.0,482.0,-3.21,145267.0,510.0,380.0
SONA,3/26/2026,482.0,487.5,473.5,484.4,0.5,134416.0,510.0,380.0
SONA,3/29/2026,490.0,490.0,463.1,466.0,-4.9,158650.0,510.0,380.0
SONA,3/30/2026,460.0,473.0,447.0,452.0,-1.74,124768.0,510.0,380.0
SONA,3/31/2026,448.0,465.0,448.0,462.0,3.12,82118.0,510.0,380.0
SONA,4/1/2026,460.0,461.8,444.1,447.0,-2.83,123219.0,510.0,380.0
SONA,4/2/2026,440.2,454.5,438.2,442.0,0.41,78530.0,510.0,380.0
SONA,4/5/2026,436.2,444.0,423.6,425.5,-2.45,138532.0,510.0,380.0
SONA,4/6/2026,422.0,448.0,422.0,442.2,4.79,75849.0,510.0,380.0
SONA,4/7/2026,448.0,450.0,435.0,435.2,-2.86,46921.0,510.0,380.0
SONA,4/8/2026,435.0,465.0,435.0,459.0,5.52,57550.0,510.0,380.0
SONA,4/9/2026,459.0,467.0,452.1,460.0,0.22,71280.0,510.0,380.0
SONA,4/10/2026,460.0,464.0,452.3,460.3,0.07,110798.0,510.0,380.0
SONA,4/13/2026,451.5,465.3,451.1,457.0,1.22,69791.0,510.0,380.0
SONA,4/15/2026,466.0,478.0,458.1,471.9,1.27,134381.0,510.0,380.0
SONA,4/16/2026,472.0,472.0,457.1,461.0,-2.33,89730.0,510.0,380.0
SONA,4/17/2026,455.0,463.5,450.1,461.9,1.52,50734.0,510.0,380.0
SONA,4/20/2026,484.9,484.9,450.0,454.0,-6.37,23636.0,510.0,380.0
SONA,4/21/2026,448.0,460.0,445.0,446.0,-0.45,35544.0,510.0,380.0
SONA,4/22/2026,442.4,454.0,436.0,447.9,1.24,43491.0,510.0,380.0
SONA,4/23/2026,449.0,449.0,437.0,440.0,-2.0,32964.0,510.0,380.0
SONA,4/24/2026,427.0,440.0,427.0,440.0,3.04,29014.0,510.0,380.0
SONA,4/27/2026,440.0,449.0,437.1,442.1,0.48,23581.0,510.0,380.0
SONA,4/28/2026,442.1,448.0,435.0,437.0,-1.15,42099.0,510.0,380.0
SONA,4/29/2026,437.0,436.0,431.2,433.0,-0.92,16103.0,510.0,380.0
SONA,4/30/2026,431.1,436.9,424.0,433.0,0.44,40142.0,510.0,380.0
SONA,5/4/2026,430.0,433.0,425.5,427.0,-0.7,15227.0,510.0,380.0
SONA,5/5/2026,422.0,435.0,421.0,431.5,2.25,17810.0,510.0,380.0
SONA,5/6/2026,431.0,434.7,426.8,430.0,-0.23,10015.0,510.0,380.0
SONA,5/7/2026,426.3,433.9,426.3,433.0,1.57,9357.0,510.0,380.0
SONA,5/8/2026,433.0,440.0,430.0,437.1,0.95,15685.0,510.0,380.0
SONA,5/11/2026,440.2,444.1,436.1,443.9,0.84,22489.0,510.0,380.0
SONA,5/12/2026,445.0,446.0,434.3,436.9,-1.82,27414.0,510.0,380.0
SONA,5/13/2026,440.0,442.0,431.4,442.0,0.45,20434.0,510.0,380.0
SONA,5/14/2026,464.1,464.1,437.7,440.4,-5.11,11300.0,510.0,380.0
SONA,5/15/2026,437.2,444.0,437.0,439.1,0.43,14779.0,510.0,380.0
SONA,5/18/2026,444.0,444.1,437.3,439.1,-1.1,24558.0,510.0,380.0
SONA,5/19/2026,435.6,447.0,435.6,443.0,1.7,25268.0,510.0,380.0
SONA,5/20/2026,443.0,453.4,441.1,452.0,2.03,35169.0,510.0,380.0
SONA,5/21/2026,446.0,458.9,446.0,450.0,0.9,46158.0,510.0,380.0
SONA,5/22/2026,472.5,472.5,445.0,462.0,-2.22,45059.0,510.0,380.0
SONA,5/25/2026,475.0,475.0,455.1,469.0,-1.26,66228.0,510.0,380.0
SONA,5/26/2026,457.1,470.0,457.1,467.0,2.17,41145.0,510.0,380.0
SONA,5/27/2026,445.0,471.9,445.0,463.1,4.07,49677.0,510.0,380.0
SONA,6/1/2026,451.0,460.9,447.0,449.2,-0.4,43057.0,510.0,380.0
SONA,6/2/2026,445.0,452.4,445.0,447.0,0.45,23475.0,510.0,380.0
SONA,6/3/2026,444.0,455.0,444.0,449.0,1.13,23712.0,510.0,380.0
SONA,6/4/2026,449.0,454.0,443.1,444.0,-1.11,26213.0,510.0,380.0
SONA,6/5/2026,440.0,451.0,432.0,448.0,1.82,66955.0,510.0,380.0
SONA,6/8/2026,448.0,448.4,435.1,438.0,-2.23,23572.0,510.0,380.0
SONA,6/9/2026,437.0,444.6,433.0,440.0,0.69,37215.0,510.0,380.0
SONA,6/10/2026,440.0,447.0,437.0,438.2,-0.41,11280.0,510.0,380.0
SONA,6/11/2026,438.0,440.0,434.1,435.0,-0.68,21949.0,510.0,380.0
SONA,6/12/2026,456.7,456.7,433.0,437.0,-4.31,24294.0,510.0,380.0
SONA,6/15/2026,434.1,441.0,434.1,436.1,0.46,29582.0,510.0,380.0
SONA,6/16/2026,456.0,456.0,428.0,434.2,-4.78,45537.0,510.0,380.0
SONA,6/17/2026,455.9,455.9,429.4,431.0,-5.46,22786.0,510.0,380.0
SONA,6/18/2026,430.0,437.0,428.2,429.3,-0.16,15724.0,510.0,380.0
SONA,6/19/2026,430.1,436.9,427.0,429.9,-0.05,15493.0,510.0,380.0
SONA,6/22/2026,408.4,430.2,408.4,426.1,4.33,16617.0,510.0,380.0
SONA,6/23/2026,447.4,447.4,421.0,421.0,-5.9,23040.0,510.0,380.0
SONA,6/24/2026,421.0,424.0,416.0,424.0,0.71,18897.0,510.0,380.0
SONA,6/26/2026,424.0,424.0,419.0,420.0,-0.94,12008.0,510.0,380.0
SONA,6/29/2026,421.0,425.0,419.0,419.0,-0.48,12403.0,510.0,380.0
SONA,6/30/2026,416.1,420.0,415.2,416.1,0.0,11325.0,510.0,380.0
SONA,7/1/2026,416.0,430.0,415.0,430.0,3.37,9964.0,510.0,380.0
SONA,7/2/2026,451.5,451.5,422.0,425.2,-5.83,5112.0,510.0,380.0
SONA,7/3/2026,422.0,431.0,422.0,423.0,0.24,15593.0,510.0,380.0
SONA,7/6/2026,423.0,425.0,417.0,417.5,-1.3,15241.0,510.0,380.0
SONA,7/7/2026,417.2,424.0,417.2,420.0,0.67,8814.0,510.0,380.0
SONA,7/8/2026,418.0,419.0,413.0,414.6,-0.81,28253.0,510.0,380.0
SONA,7/9/2026,411.0,414.9,406.0,406.3,-1.14,35598.0,510.0,380.0
SONA,7/10/2026,407.0,419.0,407.0,409.0,0.49,14322.0,510.0,380.0
SONA,7/13/2026,405.2,410.0,400.1,400.1,-1.26,26467.0,510.0,380.0
SONA,7/14/2026,399.0,408.0,399.0,400.0,0.25,29034.0,510.0,380.0
SONA,7/15/2026,404.0,412.0,401.0,407.0,0.74,13686.0,510.0,380.0
SONA,7/16/2026,401.0,408.0,401.0,401.3,0.07,11930.0,510.0,380.0
SONA,7/17/2026,401.5,419.9,401.5,417.1,3.89,23789.0,510.0,380.0
SONA,7/20/2026,418.0,427.4,418.0,425.0,1.67,25975.0,510.0,380.0
SONA,7/21/2026,424.0,428.0,418.0,425.0,0.24,22728.0,510.0,380.0
SONA,7/22/2026,417.0,423.0,417.0,419.1,0.5,14123.0,510.0,380.0
SONA,7/23/2026,419.1,423.0,415.1,422.0,0.69,16385.0,510.0,380.0
SONA,7/24/2026,422.0,428.0,415.0,419.9,-0.5,18074.0,510.0,380.0
SONA,7/27/2026,419.5,421.0,413.6,413.6,-1.41,19252.0,510.0,380.0
SONA,7/28/2026,410.0,413.0,409.0,410.0,0.0,12499.0,510.0,380.0
SONA,7/29/2026,407.2,419.9,407.2,407.7,0.12,15755.0,510.0,380.0
SONA,7/30/2026,428.0,428.0,405.0,408.8,-4.49,17828.0,510.0,380.0
SONA,7/31/2026,405.0,410.0,404.0,410.0,1.23,14952.0,510.0,380.0
SONA,8/3/2026,408.0,416.9,401.0,405.0,-0.74,15492.0,510.0,380.0
SONA,8/4/2026,400.0,408.0,400.0,405.0,1.25,26355.0,510.0,380.0
SONA,8/5/2026,405.0,410.0,403.0,405.0,0.0,21536.0,510.0,380.0
SONA,8/6/2026,403.0,406.0,400.0,403.0,0.0,18577.0,510.0,380.0
SONA,8/7/2026,401.2,409.0,401.1,408.0,1.69,23274.0,510.0,380.0
SONA,8/10/2026,405.0,408.0,403.0,407.0,0.49,8324.0,510.0,380.0
SONA,8/11/2026,403.0,407.0,402.0,403.1,0.02,13067.0,510.0,380.0
SONA,8/12/2026,405.0,406.0,402.0,402.4,-0.64,12928.0,510.0,380.0
SONA,8/13/2026,402.0,406.0,402.0,406.0,1.0,15164.0,510.0,380.0
SONA,8/14/2026,401.0,405.9,401.0,403.0,0.5,9083.0,510.0,380.0
SONA,8/17/2026,403.0,405.0,400.0,400.5,-0.62,17974.0,510.0,380.0
SONA,8/18/2026,405.0,405.0,399.0,401.1,-0.96,22513.0,510.0,380.0
SONA,8/19/2026,402.0,403.0,399.0,400.0,-0.5,20212.0,510.0,380.0
SONA,8/20/2026,400.0,402.9,398.0,399.1,-0.22,24184.0,510.0,380.0
SONA,8/21/2026,399.1,404.0,398.0,398.0,-0.28,21349.0,510.0,380.0
SONA,8/24/2026,398.0,403.0,392.0,392.1,-1.48,28905.0,510.0,380.0
SONA,8/25/2026,389.0,395.0,385.1,385.1,-1.0,41551.0,510.0,380.0
SONA,8/26/2026,386.2,395.8,385.0,388.4,0.57,34358.0,510.0,380.0
SONA,8/27/2026,387.0,418.8,387.0,408.0,5.43,154353.0,510.0,380.0
SONA,8/31/2026,415.0,425.0,403.0,416.9,0.46,188835.0,510.0,380.0
SONA,9/1/2026,416.1,419.9,404.0,407.0,-2.19,62300.0,510.0,380.0
SONA,9/2/2026,407.0,411.0,404.0,410.0,0.74,31693.0,510.0,380.0
SONA,9/3/2026,415.0,415.0,404.0,404.0,-2.65,23807.0,510.0,380.0
SONA,9/7/2026,400.0,405.9,397.0,398.0,-0.5,107843.0,510.0,380.0
SONA,9/9/2026,380.0,406.9,380.0,395.0,3.95,33696.0,510.0,380.0
SONA,9/10/2026,395.0,397.4,387.0,387.0,-2.03,41481.0,510.0,380.0
SONA,9/11/2026,406.3,406.3,387.0,391.7,-3.59,30121.0,510.0,380.0
SONA,9/14/2026,392.0,400.0,392.0,397.0,1.28,20645.0,510.0,380.0
SONA,9/15/2026,409.0,417.0,400.0,405.5,-0.86,100002.0,510.0,380.0
SONA,9/16/2026,406.0,407.0,400.0,401.9,-1.01,36302.0,510.0,380.0
SONA,9/17/2026,403.0,409.0,402.6,403.0,0.0,38707.0,510.0,380.0
SONA,9/18/2026,400.0,406.0,400.0,405.0,1.25,48589.0,510.0,380.0
SONA,9/22/2026,405.0,407.7,401.0,404.0,-0.25,44600.0,510.0,380.0
SONA,9/23/2026,404.0,406.0,400.5,404.0,0.0,71748.0,510.0,380.0
SONA,9/24/2026,383.8,434.9,383.8,434.9,13.31,435148.0,510.0,380.0
SONA,9/28/2026,435.0,440.0,418.6,427.0,-1.84,204241.0,510.0,380.0
SONA,9/29/2026,420.0,425.0,416.1,0.0,-100.0,47329.0,510.0,380.0
SONA,9/30/2026,418.9,425.0,415.0,420.0,0.26,187457.0,510.0,380.0
SONA,10/1/2026,420.0,424.4,417.0,420.0,0.0,157977.0,510.0,380.0
SONA,10/2/2026,419.0,422.6,418.0,418.9,-0.02,123676.0,510.0,380.0
SOPL,6/8/2026,276.5,304.1,276.5,304.1,9.98,390.0,1217.0,276.5
SOPL,6/9/2026,306.8,349.7,306.8,349.7,13.98,200.0,1217.0,276.5
SOPL,6/10/2026,351.5,402.1,351.5,402.1,14.4,340.0,1217.0,276.5
SOPL,6/11/2026,422.2,462.4,422.2,462.4,9.52,300.0,1217.0,276.5
SOPL,6/12/2026,471.3,531.7,471.3,531.7,12.82,380.0,1217.0,276.5
SOPL,6/15/2026,550.0,611.4,550.0,611.4,11.16,610.0,1217.0,276.5
SOPL,6/16/2026,629.5,703.1,629.5,703.1,11.69,780.0,1217.0,276.5
SOPL,6/17/2026,724.1,808.5,724.1,808.5,11.66,860.0,1217.0,276.5
SOPL,6/18/2026,848.0,929.7,848.0,929.7,9.63,1730.0,1217.0,276.5
SOPL,6/19/2026,950.0,1069.1,950.0,1060.0,11.58,190900.0,1217.0,276.5
SOPL,6/22/2026,1060.0,1217.0,990.0,1120.0,5.66,354195.0,1217.0,276.5
SOPL,6/23/2026,1120.0,1140.1,1033.1,1041.0,-7.05,178175.0,1217.0,276.5
SOPL,6/24/2026,1041.0,1041.0,981.1,988.4,-5.05,172660.0,1217.0,276.5
SOPL,6/26/2026,920.0,985.0,920.0,927.0,0.76,102340.0,1217.0,276.5
SOPL,6/29/2026,920.0,921.0,885.1,885.3,-3.77,98158.0,1217.0,276.5
SOPL,6/30/2026,850.0,885.3,830.0,833.1,-1.99,95026.0,1217.0,276.5
SOPL,7/1/2026,833.0,885.0,810.5,885.0,6.24,69314.0,1217.0,276.5
SOPL,7/2/2026,885.0,896.1,851.0,865.0,-2.26,48210.0,1217.0,276.5
SOPL,7/3/2026,865.0,900.0,857.1,881.0,1.85,57306.0,1217.0,276.5
SOPL,7/6/2026,875.0,885.0,850.0,852.0,-2.63,46845.0,1217.0,276.5
SOPL,7/7/2026,835.1,870.0,835.1,855.0,2.38,38411.0,1217.0,276.5
SOPL,7/8/2026,855.0,855.0,810.0,827.0,-3.27,48156.0,1217.0,276.5
SOPL,7/9/2026,827.0,850.0,792.5,792.6,-4.16,39702.0,1217.0,276.5
SOPL,7/10/2026,792.6,815.0,781.2,790.0,-0.33,33604.0,1217.0,276.5
SOPL,7/13/2026,790.0,809.0,750.0,751.0,-4.94,49560.0,1217.0,276.5
SOPL,7/14/2026,750.0,789.0,745.0,765.0,2.0,45784.0,1217.0,276.5
SOPL,7/15/2026,765.0,790.0,765.0,771.0,0.78,36729.0,1217.0,276.5
SOPL,7/16/2026,732.5,799.0,732.5,780.0,6.48,51223.0,1217.0,276.5
SOPL,7/17/2026,780.0,835.0,780.0,823.1,5.53,56949.0,1217.0,276.5
SOPL,7/20/2026,823.1,850.0,820.0,848.0,3.03,49405.0,1217.0,276.5
SOPL,7/21/2026,848.0,879.6,833.2,845.0,-0.35,70713.0,1217.0,276.5
SOPL,7/22/2026,845.0,861.1,835.0,842.1,-0.34,41452.0,1217.0,276.5
SOPL,7/23/2026,833.0,915.0,833.0,905.0,8.64,82670.0,1217.0,276.5
SOPL,7/24/2026,905.0,948.0,893.0,893.0,-1.33,93889.0,1217.0,276.5
SOPL,7/27/2026,893.0,913.0,845.2,858.9,-3.82,79971.0,1217.0,276.5
SOPL,7/28/2026,901.0,901.0,836.1,848.0,-5.88,45383.0,1217.0,276.5
SOPL,7/29/2026,848.0,869.0,834.0,836.0,-1.42,28683.0,1217.0,276.5
SOPL,7/30/2026,794.2,852.0,794.2,825.0,3.88,59270.0,1217.0,276.5
SOPL,7/31/2026,783.8,840.0,783.8,827.0,5.51,31094.0,1217.0,276.5
SOPL,8/3/2026,825.0,850.9,820.0,823.1,-0.23,28239.0,1217.0,276.5
SOPL,8/4/2026,820.0,830.0,806.3,808.0,-1.46,32485.0,1217.0,276.5
SOPL,8/5/2026,810.0,825.0,807.2,815.0,0.62,23188.0,1217.0,276.5
SOPL,8/6/2026,807.2,826.0,800.0,800.0,-0.89,36365.0,1217.0,276.5
SOPL,8/7/2026,760.0,810.0,760.0,792.0,4.21,33277.0,1217.0,276.5
SOPL,8/10/2026,792.0,804.0,790.0,796.0,0.51,18146.0,1217.0,276.5
SOPL,8/11/2026,792.0,824.0,790.2,814.0,2.78,34655.0,1217.0,276.5
SOPL,8/12/2026,810.0,820.0,800.1,801.1,-1.1,21064.0,1217.0,276.5
SOPL,8/13/2026,800.0,814.0,796.2,805.0,0.62,20489.0,1217.0,276.5
SOPL,8/14/2026,800.0,805.6,796.0,796.0,-0.5,21037.0,1217.0,276.5
SOPL,8/17/2026,790.0,800.8,790.0,795.0,0.63,30604.0,1217.0,276.5
SOPL,8/18/2026,810.0,810.0,781.0,783.0,-3.33,40742.0,1217.0,276.5
SOPL,8/19/2026,780.0,785.0,775.2,780.0,0.0,19566.0,1217.0,276.5
SOPL,8/20/2026,775.0,785.0,765.2,776.0,0.13,27619.0,1217.0,276.5
SOPL,8/21/2026,776.0,800.0,765.1,769.4,-0.85,29006.0,1217.0,276.5
SOPL,8/24/2026,760.0,774.9,753.0,754.1,-0.78,24219.0,1217.0,276.5
SOPL,8/25/2026,750.0,767.2,745.0,748.0,-0.27,24448.0,1217.0,276.5
SOPL,8/26/2026,748.0,748.0,727.1,729.0,-2.54,25470.0,1217.0,276.5
SOPL,8/27/2026,717.0,758.0,705.0,758.0,5.72,35623.0,1217.0,276.5
SOPL,8/31/2026,758.0,758.0,733.0,736.0,-2.9,19391.0,1217.0,276.5
SOPL,9/1/2026,736.0,750.0,723.0,731.2,-0.65,16544.0,1217.0,276.5
SOPL,9/2/2026,731.0,739.0,728.0,734.0,0.41,15417.0,1217.0,276.5
SOPL,9/3/2026,728.0,733.9,720.2,725.0,-0.41,26050.0,1217.0,276.5
SOPL,9/7/2026,720.0,748.9,720.0,738.0,2.5,27444.0,1217.0,276.5
SOPL,9/9/2026,738.0,752.0,728.0,731.0,-0.95,24640.0,1217.0,276.5
SOPL,9/10/2026,725.1,733.0,725.1,726.7,0.22,15554.0,1217.0,276.5
SOPL,9/11/2026,720.0,745.0,720.0,740.0,2.78,14843.0,1217.0,276.5
SOPL,9/14/2026,740.0,759.9,740.0,754.9,2.01,23277.0,1217.0,276.5
SOPL,9/15/2026,792.0,793.0,756.0,768.0,-3.03,37061.0,1217.0,276.5
SOPL,9/16/2026,765.0,777.0,751.0,760.0,-0.65,24460.0,1217.0,276.5
SOPL,9/17/2026,760.0,768.0,754.0,754.0,-0.79,18981.0,1217.0,276.5
SOPL,9/18/2026,717.0,762.0,717.0,754.0,5.16,27626.0,1217.0,276.5
SOPL,9/22/2026,750.0,757.9,741.0,748.9,-0.15,24223.0,1217.0,276.5
SOPL,9/23/2026,745.0,745.0,730.1,734.9,-1.36,18270.0,1217.0,276.5
SOPL,9/24/2026,727.0,745.0,727.0,735.0,1.1,23133.0,1217.0,276.5
SOPL,9/28/2026,728.5,743.0,722.0,730.0,0.21,17113.0,1217.0,276.5
SOPL,9/29/2026,723.0,729.0,716.4,0.0,-100.0,10688.0,1217.0,276.5
SOPL,9/30/2026,714.0,719.9,689.0,690.0,-3.36,48619.0,1217.0,276.5
SOPL,10/1/2026,683.0,699.9,653.0,662.1,-3.06,57350.0,1217.0,276.5
SOPL,10/2/2026,662.1,675.0,651.3,653.6,-1.28,20428.0,1217.0,276.5
SPC,12/8/2021,467.0,467.0,427.5,441.0,,8150.0,577.0,361.7
SPC,12/9/2021,432.3,440.0,418.5,425.0,-3.63,5381.0,577.0,361.7
SPC,12/12/2021,415.0,415.0,393.0,393.0,-7.53,5492.0,577.0,361.7
SPC,12/13/2021,386.0,386.0,354.0,367.0,-6.62,2565.0,577.0,361.7
SPC,12/14/2021,369.0,403.7,369.0,403.7,10.0,2640.0,577.0,361.7
SPC,12/15/2021,411.7,444.0,406.8,444.0,9.98,9896.0,577.0,361.7
SPC,12/16/2021,452.8,478.0,413.0,433.2,-2.43,4185.0,577.0,361.7
SPC,12/20/2021,431.0,433.0,403.0,426.8,-1.48,3300.0,577.0,361.7
SPC,12/21/2021,420.0,434.0,416.0,425.0,-0.42,2925.0,577.0,361.7
SPC,12/22/2021,425.0,458.0,425.0,458.0,7.76,2975.0,577.0,361.7
SPC,12/23/2021,448.9,483.9,432.0,436.0,-4.8,3053.0,577.0,361.7
SPC,12/26/2021,428.0,469.2,425.0,469.2,7.61,7185.0,577.0,361.7
SPC,12/27/2021,460.0,500.0,437.0,497.0,5.92,6118.0,577.0,361.7
SPC,12/28/2021,488.0,488.0,452.0,467.0,-6.04,1750.0,577.0,361.7
SPC,12/29/2021,457.7,457.7,442.0,457.0,-2.14,2218.0,577.0,361.7
SPC,1/2/2022,448.0,456.0,436.1,450.0,-1.53,5566.0,577.0,361.7
SPC,1/3/2022,444.0,452.8,431.2,444.0,-1.33,2658.0,577.0,361.7
SPC,1/4/2022,440.0,450.0,438.1,440.0,-0.9,2795.0,577.0,361.7
SPC,1/5/2022,433.0,461.0,433.0,449.0,2.05,6134.0,577.0,361.7
SPC,1/6/2022,441.0,460.0,433.2,460.0,2.45,4320.0,577.0,361.7
SPC,1/9/2022,460.1,478.0,459.0,477.0,3.7,6378.0,577.0,361.7
SPC,1/10/2022,478.0,487.5,460.6,482.5,1.15,5537.0,577.0,361.7
SPC,1/11/2022,483.0,494.0,473.0,490.0,1.55,4209.0,577.0,361.7
SPC,1/12/2022,490.0,529.0,481.3,516.0,5.31,15164.0,577.0,361.7
SPC,1/13/2022,522.9,530.0,506.0,526.0,1.94,6682.0,577.0,361.7
SPC,1/16/2022,526.0,560.0,526.0,554.0,5.32,12203.0,577.0,361.7
SPC,1/17/2022,545.0,593.0,545.0,593.0,7.04,16925.0,577.0,361.7
SPC,1/18/2022,590.0,649.3,584.0,649.3,9.49,18009.0,577.0,361.7
SPC,1/19/2022,640.0,714.0,615.0,714.0,9.96,17399.0,577.0,361.7
SPC,1/20/2022,700.0,745.0,672.3,732.0,2.52,20034.0,577.0,361.7
SPC,1/23/2022,735.0,735.0,670.0,683.0,-6.69,30393.0,577.0,361.7
SPC,1/24/2022,669.4,669.4,625.0,636.0,-6.88,14888.0,577.0,361.7
SPC,1/25/2022,624.0,661.6,613.0,661.6,4.03,6585.0,577.0,361.7
SPC,1/26/2022,648.4,663.0,632.3,663.0,0.21,6553.0,577.0,361.7
SPC,1/27/2022,649.8,703.0,640.0,660.0,-0.45,10443.0,577.0,361.7
SPC,1/30/2022,673.2,694.0,661.0,693.0,5.0,8330.0,577.0,361.7
SPC,1/31/2022,690.0,690.0,670.0,679.0,-2.02,3110.0,577.0,361.7
SPC,2/1/2022,679.0,684.0,665.5,679.0,0.0,5765.0,577.0,361.7
SPC,2/3/2022,669.0,692.0,669.0,676.0,-0.44,11682.0,577.0,361.7
SPC,2/6/2022,663.0,682.0,655.1,678.9,0.43,5574.0,577.0,361.7
SPC,2/7/2022,665.4,689.9,652.2,670.0,-1.31,5667.0,577.0,361.7
SPC,2/8/2022,670.0,694.0,644.1,655.0,-2.24,5065.0,577.0,361.7
SPC,2/9/2022,642.1,655.0,631.0,637.1,-2.73,2489.0,577.0,361.7
SPC,2/10/2022,635.0,687.0,613.0,630.0,-1.11,3603.0,577.0,361.7
SPC,2/13/2022,617.4,618.0,586.1,586.1,-6.97,3636.0,577.0,361.7
SPC,2/14/2022,586.1,606.0,581.0,586.1,0.0,2282.0,577.0,361.7
SPC,2/15/2022,575.0,624.0,575.0,617.0,5.27,2043.0,577.0,361.7
SPC,2/16/2022,611.0,633.4,586.9,630.0,2.11,3125.0,577.0,361.7
SPC,2/17/2022,617.4,672.0,601.0,656.0,4.13,15457.0,577.0,361.7
SPC,2/20/2022,642.9,707.9,618.4,699.0,6.55,32617.0,577.0,361.7
SPC,2/21/2022,705.0,757.0,672.3,728.0,4.15,23773.0,577.0,361.7
SPC,2/22/2022,713.5,792.0,713.5,790.0,8.52,20831.0,577.0,361.7
SPC,2/23/2022,774.2,845.5,759.0,844.0,6.84,17548.0,577.0,361.7
SPC,2/24/2022,827.2,827.2,781.0,819.9,-2.86,17692.0,577.0,361.7
SPC,2/27/2022,803.6,819.7,783.0,790.0,-3.65,20786.0,577.0,361.7
SPC,2/28/2022,790.0,790.0,711.0,711.0,-10.0,27251.0,577.0,361.7
SPC,3/2/2022,696.8,725.0,656.0,670.0,-5.77,11831.0,577.0,361.7
SPC,3/6/2022,656.6,709.5,656.6,700.0,4.48,26762.0,577.0,361.7
SPC,3/7/2022,686.7,728.0,670.0,680.0,-2.86,7425.0,577.0,361.7
SPC,3/9/2022,693.6,693.6,667.0,669.0,-1.62,9385.0,577.0,361.7
SPC,3/10/2022,655.8,687.0,655.8,687.0,2.69,9419.0,577.0,361.7
SPC,3/13/2022,700.2,719.0,680.1,719.0,4.66,18353.0,577.0,361.7
SPC,3/14/2022,730.0,730.0,687.1,705.0,-1.95,3191.0,577.0,361.7
SPC,3/15/2022,691.0,705.0,690.0,692.2,-1.82,11538.0,577.0,361.7
SPC,3/16/2022,691.0,699.0,680.0,693.6,0.2,12341.0,577.0,361.7
SPC,3/20/2022,680.0,690.0,673.1,682.0,-1.67,5372.0,577.0,361.7
SPC,3/21/2022,670.0,697.6,658.0,681.0,-0.15,17135.0,577.0,361.7
SPC,3/22/2022,670.0,685.0,663.0,673.0,-1.17,3350.0,577.0,361.7
SPC,3/23/2022,659.6,671.0,652.0,660.9,-1.8,11456.0,577.0,361.7
SPC,3/24/2022,650.0,660.9,630.2,630.2,-4.65,9005.0,577.0,361.7
SPC,3/27/2022,618.0,637.0,615.0,630.0,-0.03,4530.0,577.0,361.7
SPC,3/28/2022,620.0,628.0,602.1,620.0,-1.59,6717.0,577.0,361.7
SPC,3/29/2022,610.0,630.0,598.0,610.0,-1.61,4635.0,577.0,361.7
SPC,3/30/2022,600.0,670.0,600.0,670.0,9.84,8797.0,577.0,361.7
SPC,3/31/2022,670.0,688.9,633.1,644.0,-3.88,20000.0,577.0,361.7
SPC,4/3/2022,631.2,631.2,603.0,616.0,-4.35,6290.0,577.0,361.7
SPC,4/4/2022,616.0,617.0,596.0,610.0,-0.97,6510.0,577.0,361.7
SPC,4/5/2022,597.8,599.0,579.0,587.1,-3.75,7872.0,577.0,361.7
SPC,4/6/2022,579.0,597.0,565.0,580.0,-1.21,6103.0,577.0,361.7
SPC,4/7/2022,570.0,625.0,570.0,585.2,0.9,9511.0,577.0,361.7
SPC,4/11/2022,585.0,596.7,560.0,560.0,-4.31,5347.0,577.0,361.7
SPC,4/12/2022,548.8,584.4,535.2,547.0,-2.32,3855.0,577.0,361.7
SPC,4/13/2022,554.0,574.0,521.0,562.0,2.74,4757.0,577.0,361.7
SPC,4/17/2022,563.0,563.0,525.0,530.0,-5.69,2545.0,577.0,361.7
SPC,4/18/2022,521.0,521.0,496.0,513.0,-3.21,2957.0,577.0,361.7
SPC,4/19/2022,513.0,530.2,485.0,512.0,-0.19,2929.0,577.0,361.7
SPC,4/20/2022,502.1,502.1,481.0,491.8,-3.95,4872.0,577.0,361.7
SPC,4/21/2022,500.9,500.9,460.0,495.0,0.65,2984.0,577.0,361.7
SPC,4/24/2022,502.8,542.5,476.1,536.0,8.28,9545.0,577.0,361.7
SPC,4/25/2022,527.0,546.4,511.0,512.1,-4.46,5585.0,577.0,361.7
SPC,4/26/2022,512.1,517.1,495.1,506.0,-1.19,3690.0,577.0,361.7
SPC,4/27/2022,496.0,514.0,495.0,500.0,-1.19,2235.0,577.0,361.7
SPC,4/28/2022,500.0,520.2,490.0,490.0,-2.0,4249.0,577.0,361.7
SPC,5/2/2022,481.0,484.0,466.1,466.1,-4.88,3222.0,577.0,361.7
SPC,5/4/2022,456.8,475.0,452.8,452.8,-2.85,934.0,577.0,361.7
SPC,5/5/2022,455.0,455.0,425.0,432.0,-4.59,4767.0,577.0,361.7
SPC,5/8/2022,423.4,447.0,415.0,447.0,3.47,1865.0,577.0,361.7
SPC,5/9/2022,454.9,456.0,439.0,444.0,-0.67,1420.0,577.0,361.7
SPC,5/10/2022,452.8,470.0,444.0,470.0,5.86,2535.0,577.0,361.7
SPC,5/11/2022,460.6,508.5,460.6,498.9,6.15,2461.0,577.0,361.7
SPC,5/12/2022,500.0,514.9,480.2,482.3,-3.33,7895.0,577.0,361.7
SPC,5/17/2022,473.0,473.0,455.8,455.8,-5.49,3655.0,577.0,361.7
SPC,5/18/2022,464.0,480.0,437.9,480.0,5.31,1457.0,577.0,361.7
SPC,5/19/2022,470.4,489.6,451.9,466.0,-2.92,2056.0,577.0,361.7
SPC,5/20/2022,456.8,465.0,441.1,460.9,-1.09,1215.0,577.0,361.7
SPC,5/23/2022,451.7,451.7,439.1,443.0,-3.88,945.0,577.0,361.7
SPC,5/24/2022,445.0,455.1,437.5,450.0,1.58,255.0,577.0,361.7
SPC,5/25/2022,441.4,464.0,441.3,463.0,2.89,2246.0,577.0,361.7
SPC,5/26/2022,454.0,472.2,450.0,463.0,0.0,605.0,577.0,361.7
SPC,5/27/2022,454.0,456.0,442.1,449.0,-3.02,2217.0,577.0,361.7
SPC,5/30/2022,455.0,455.0,431.5,440.0,-2.0,2815.0,577.0,361.7
SPC,5/31/2022,431.2,457.7,425.0,457.7,4.02,1239.0,577.0,361.7
SPC,6/1/2022,448.6,457.5,428.1,453.0,-1.03,4601.0,577.0,361.7
SPC,6/2/2022,459.0,459.5,432.0,459.5,1.43,836.0,577.0,361.7
SPC,6/3/2022,467.9,467.9,425.0,446.7,-2.79,2413.0,577.0,361.7
SPC,6/6/2022,437.9,446.0,431.3,444.0,-0.6,400.0,577.0,361.7
SPC,6/7/2022,443.0,443.0,429.0,430.0,-3.15,330.0,577.0,361.7
SPC,6/8/2022,437.0,454.0,422.1,453.0,5.35,2171.0,577.0,361.7
SPC,6/9/2022,453.0,454.0,425.0,435.0,-3.97,3088.0,577.0,361.7
SPC,6/10/2022,443.0,451.8,427.2,442.8,1.79,4380.0,577.0,361.7
SPC,6/13/2022,451.5,451.5,430.0,440.0,-0.63,360.0,577.0,361.7
SPC,6/14/2022,431.2,436.0,420.0,436.0,-0.91,4030.0,577.0,361.7
SPC,6/15/2022,427.5,435.0,419.1,433.0,-0.69,440.0,577.0,361.7
SPC,6/16/2022,425.0,441.5,425.0,431.0,-0.46,1990.0,577.0,361.7
SPC,6/17/2022,430.0,438.4,423.0,438.4,1.72,340.0,577.0,361.7
SPC,6/19/2022,430.0,437.9,416.4,430.0,-1.92,918.0,577.0,361.7
SPC,6/20/2022,421.4,421.4,394.0,400.0,-6.98,2111.0,577.0,361.7
SPC,6/21/2022,392.0,413.0,392.0,413.0,3.25,1030.0,577.0,361.7
SPC,6/22/2022,404.8,404.8,391.0,400.0,-3.15,434.0,577.0,361.7
SPC,6/23/2022,392.0,392.0,360.0,366.0,-8.5,2337.0,577.0,361.7
SPC,6/24/2022,358.7,373.3,338.2,363.0,-0.82,1896.0,577.0,361.7
SPC,6/26/2022,370.0,392.5,365.0,392.0,7.99,1855.0,577.0,361.7
SPC,6/27/2022,384.2,397.8,380.0,388.0,-1.02,3741.0,577.0,361.7
SPC,6/28/2022,381.0,381.0,367.5,380.0,-2.06,300.0,577.0,361.7
SPC,6/29/2022,372.4,397.8,372.4,392.7,3.34,1815.0,577.0,361.7
SPC,6/30/2022,400.0,422.0,395.0,421.5,7.33,2835.0,577.0,361.7
SPC,7/1/2022,414.0,439.2,413.3,419.0,-0.59,2930.0,577.0,361.7
SPC,7/3/2022,415.0,447.3,413.0,442.9,5.7,1140.0,577.0,361.7
SPC,7/4/2022,445.0,486.0,425.0,477.0,7.7,7733.0,577.0,361.7
SPC,7/5/2022,467.5,467.5,444.0,461.0,-3.35,3419.0,577.0,361.7
SPC,7/6/2022,451.8,460.0,423.2,453.9,-1.54,3900.0,577.0,361.7
SPC,7/7/2022,460.0,468.8,442.0,447.9,-1.32,555.0,577.0,361.7
SPC,7/8/2022,439.0,475.0,424.3,451.9,0.89,2954.0,577.0,361.7
SPC,7/11/2022,445.0,445.0,407.0,420.0,-7.06,2679.0,577.0,361.7
SPC,7/12/2022,411.6,431.0,411.6,430.0,2.38,5242.0,577.0,361.7
SPC,7/13/2022,421.5,438.2,414.0,436.0,1.4,7337.0,577.0,361.7
SPC,7/14/2022,444.0,461.0,421.3,438.0,0.46,2030.0,577.0,361.7
SPC,7/15/2022,429.3,438.9,421.0,428.1,-2.26,345.0,577.0,361.7
SPC,7/17/2022,420.0,428.5,418.0,427.0,-0.26,4480.0,577.0,361.7
SPC,7/18/2022,420.0,436.5,415.0,421.0,-1.41,1701.0,577.0,361.7
SPC,7/19/2022,412.6,436.0,405.1,421.0,0.0,1665.0,577.0,361.7
SPC,7/20/2022,415.0,437.0,414.0,414.6,-1.52,3220.0,577.0,361.7
SPC,7/21/2022,407.1,431.0,407.1,418.0,0.82,1132.0,577.0,361.7
SPC,7/22/2022,416.0,426.3,403.0,415.9,-0.5,2362.0,577.0,361.7
SPC,7/24/2022,420.0,430.0,410.0,430.0,3.39,3759.0,577.0,361.7
SPC,7/25/2022,438.0,468.1,432.0,466.0,8.37,6360.0,577.0,361.7
SPC,7/26/2022,456.7,489.6,447.7,478.0,2.58,15155.0,577.0,361.7
SPC,7/27/2022,469.0,489.6,460.8,489.6,2.43,6445.0,577.0,361.7
SPC,7/28/2022,479.9,525.0,479.9,490.0,0.08,13957.0,577.0,361.7
SPC,7/29/2022,482.1,506.8,472.5,498.0,1.63,7387.0,577.0,361.7
SPC,7/31/2022,507.9,519.9,501.0,515.0,3.41,10100.0,577.0,361.7
SPC,8/1/2022,524.0,524.0,495.2,509.0,-1.17,9854.0,577.0,361.7
SPC,8/2/2022,498.9,559.8,498.9,559.8,9.98,28781.0,577.0,361.7
SPC,8/3/2022,560.0,615.7,560.0,615.7,9.99,23572.0,577.0,361.7
SPC,8/4/2022,603.4,664.0,580.2,648.9,5.39,17421.0,577.0,361.7
SPC,8/5/2022,636.0,636.0,584.2,612.0,-5.69,17952.0,577.0,361.7
SPC,8/7/2022,600.0,649.3,577.1,591.0,-3.43,27559.0,577.0,361.7
SPC,8/8/2022,602.8,620.0,580.1,603.0,2.03,13459.0,577.0,361.7
SPC,8/9/2022,603.0,603.0,553.0,569.0,-5.64,11242.0,577.0,361.7
SPC,8/10/2022,558.0,569.1,548.0,552.0,-2.99,10493.0,577.0,361.7
SPC,8/11/2022,563.0,563.0,525.1,525.1,-4.87,11079.0,577.0,361.7
SPC,8/14/2022,516.0,537.9,515.0,537.9,2.44,5270.0,577.0,361.7
SPC,8/15/2022,528.1,585.0,518.0,576.0,7.08,11770.0,577.0,361.7
SPC,8/16/2022,564.5,584.0,540.0,560.0,-2.78,7677.0,577.0,361.7
SPC,8/17/2022,548.8,554.0,528.0,531.2,-5.14,8126.0,577.0,361.7
SPC,8/18/2022,538.0,556.0,525.4,536.0,0.9,11065.0,577.0,361.7
SPC,8/21/2022,545.0,545.0,527.0,530.0,-1.12,3573.0,577.0,361.7
SPC,8/22/2022,530.0,560.0,520.0,560.0,5.66,4322.0,577.0,361.7
SPC,8/23/2022,548.8,548.8,535.0,538.0,-3.93,4130.0,577.0,361.7
SPC,8/24/2022,528.1,543.0,527.0,534.9,-0.58,3930.0,577.0,361.7
SPC,8/25/2022,525.2,535.0,515.8,519.0,-2.97,4691.0,577.0,361.7
SPC,8/26/2022,509.3,513.9,500.3,506.1,-2.49,3425.0,577.0,361.7
SPC,8/28/2022,500.0,516.0,486.0,486.0,-3.97,3743.0,577.0,361.7
SPC,8/29/2022,486.0,496.0,467.7,485.0,-0.21,2055.0,577.0,361.7
SPC,8/30/2022,485.0,514.5,470.5,470.5,-2.99,2455.0,577.0,361.7
SPC,8/31/2022,470.0,497.0,460.0,464.0,-1.38,3304.0,577.0,361.7
SPC,9/1/2022,464.0,470.0,451.0,455.0,-1.94,1526.0,577.0,361.7
SPC,9/2/2022,464.0,482.6,451.0,460.0,1.1,720.0,577.0,361.7
SPC,9/4/2022,455.0,470.0,455.0,455.0,-1.09,1530.0,577.0,361.7
SPC,9/5/2022,455.0,468.0,450.2,460.0,1.1,3881.0,577.0,361.7
SPC,9/6/2022,454.1,456.9,446.0,446.0,-3.04,1167.0,577.0,361.7
SPC,9/7/2022,440.0,459.0,440.0,458.0,2.69,2285.0,577.0,361.7
SPC,9/8/2022,456.0,469.2,446.9,460.0,0.44,4677.0,577.0,361.7
SPC,9/11/2022,451.0,469.0,450.0,459.8,-0.04,870.0,577.0,361.7
SPC,9/12/2022,450.7,455.0,441.7,455.0,-1.04,2869.0,577.0,361.7
SPC,9/13/2022,454.9,464.1,450.0,450.0,-1.1,2697.0,577.0,361.7
SPC,9/14/2022,446.0,475.0,446.0,472.0,4.89,3977.0,577.0,361.7
SPC,9/15/2022,474.0,475.0,452.0,454.0,-3.81,7364.0,577.0,361.7
SPC,9/16/2022,445.1,463.0,441.0,456.0,0.44,2692.0,577.0,361.7
SPC,9/18/2022,449.3,458.0,443.1,443.1,-2.83,4946.0,577.0,361.7
SPC,9/20/2022,442.0,453.9,436.0,439.0,-0.93,9186.0,577.0,361.7
SPC,9/21/2022,435.0,482.9,433.5,482.9,10.0,16304.0,577.0,361.7
SPC,9/22/2022,473.3,531.1,461.1,531.1,9.98,14284.0,577.0,361.7
SPC,9/25/2022,521.0,552.0,484.0,508.8,-4.2,17587.0,577.0,361.7
SPC,9/27/2022,498.7,539.0,475.0,485.0,-4.68,9872.0,577.0,361.7
SPC,9/28/2022,475.3,504.0,450.0,504.0,3.92,4586.0,577.0,361.7
SPC,9/29/2022,494.0,494.0,453.6,464.0,-7.94,25501.0,577.0,361.7
SPC,10/9/2022,454.9,472.9,450.0,467.0,0.65,5100.0,577.0,361.7
SPC,10/10/2022,458.0,476.3,450.0,458.0,-1.93,1960.0,577.0,361.7
SPC,10/11/2022,448.9,450.0,439.0,441.0,-3.71,3048.0,577.0,361.7
SPC,10/12/2022,441.0,455.8,433.0,440.1,-0.2,2703.0,577.0,361.7
SPC,10/13/2022,448.0,448.0,431.0,435.0,-1.16,2980.0,577.0,361.7
SPC,10/16/2022,430.0,430.0,413.6,421.0,-3.22,3010.0,577.0,361.7
SPC,10/17/2022,421.0,424.0,413.0,424.0,0.71,1072.0,577.0,361.7
SPC,10/19/2022,417.0,417.0,392.0,398.0,-6.13,5935.0,577.0,361.7
SPC,10/20/2022,395.0,402.7,384.9,399.0,0.25,700.0,577.0,361.7
SPC,10/23/2022,392.0,404.9,390.0,399.9,0.23,1982.0,577.0,361.7
SPC,10/31/2022,400.0,400.0,387.0,396.0,-0.98,888.0,577.0,361.7
SPC,11/1/2022,398.9,422.0,396.0,416.0,5.05,5709.0,577.0,361.7
SPC,11/2/2022,409.0,432.0,409.0,419.0,0.72,5621.0,577.0,361.7
SPC,11/3/2022,412.0,424.8,405.0,405.0,-3.34,2578.0,577.0,361.7
SPC,11/6/2022,410.0,420.0,406.0,415.3,2.54,1210.0,577.0,361.7
SPC,11/7/2022,416.0,427.0,410.0,415.0,-0.07,5182.0,577.0,361.7
SPC,11/8/2022,408.0,419.0,403.0,411.0,-0.96,2250.0,577.0,361.7
SPC,11/9/2022,402.8,405.0,394.8,396.0,-3.65,2246.0,577.0,361.7
SPC,11/10/2022,396.0,396.0,384.9,390.0,-1.52,5255.0,577.0,361.7
SPC,11/13/2022,390.0,392.0,375.5,385.1,-1.26,1137.0,577.0,361.7
SPC,11/14/2022,377.5,400.5,377.5,399.0,3.61,2243.0,577.0,361.7
SPC,11/15/2022,392.2,410.0,386.0,394.0,-1.25,5013.0,577.0,361.7
SPC,11/16/2022,401.6,409.0,397.0,405.0,2.79,3929.0,577.0,361.7
SPC,11/17/2022,405.0,428.0,405.0,428.0,5.68,7173.0,577.0,361.7
SPC,11/22/2022,430.0,430.0,411.7,414.0,-3.27,3192.0,577.0,361.7
SPC,11/23/2022,405.9,414.0,404.0,404.0,-2.42,2475.0,577.0,361.7
SPC,11/24/2022,396.0,413.0,396.0,409.6,1.39,1620.0,577.0,361.7
SPC,11/27/2022,401.5,428.0,401.5,410.0,0.1,4980.0,577.0,361.7
SPC,11/28/2022,415.0,415.0,405.0,411.0,0.24,3158.0,577.0,361.7
SPC,11/29/2022,402.8,418.0,396.1,417.0,1.46,2005.0,577.0,361.7
SPC,11/30/2022,409.0,415.0,407.1,415.0,-0.48,1999.0,577.0,361.7
SPC,12/1/2022,407.0,420.0,400.0,418.0,0.72,1490.0,577.0,361.7
SPC,12/4/2022,409.7,420.0,409.7,411.0,-1.67,1540.0,577.0,361.7
SPC,12/5/2022,404.0,412.0,403.0,409.9,-0.27,1024.0,577.0,361.7
SPC,12/6/2022,408.0,408.0,398.0,400.0,-2.42,1455.0,577.0,361.7
SPC,12/7/2022,392.0,405.0,392.0,393.0,-1.75,1870.0,577.0,361.7
SPC,12/18/2022,385.3,392.0,371.1,378.0,-3.82,4465.0,577.0,361.7
SPC,12/19/2022,383.0,383.0,370.0,375.0,-0.79,2067.0,577.0,361.7
SPC,12/20/2022,368.0,380.0,368.0,375.0,0.0,1086.0,577.0,361.7
SPC,12/21/2022,368.0,380.0,368.0,370.0,-1.33,1270.0,577.0,361.7
SPC,12/22/2022,362.7,382.5,362.0,362.0,-2.16,3043.0,577.0,361.7
SPC,12/26/2022,369.2,388.0,367.2,387.3,6.99,2265.0,577.0,361.7
SPC,12/27/2022,395.0,412.0,391.0,411.0,6.12,4841.0,577.0,361.7
SPC,12/28/2022,402.8,416.1,395.0,412.0,0.24,3167.0,577.0,361.7
SPC,12/29/2022,403.8,428.0,395.8,428.0,3.88,5340.0,577.0,361.7
SPC,1/1/2023,432.0,439.9,412.0,424.0,-0.93,9233.0,577.0,361.7
SPC,1/2/2023,415.8,430.0,415.8,430.0,1.42,6248.0,577.0,361.7
SPC,1/3/2023,438.5,438.5,421.5,423.0,-1.63,8584.0,577.0,361.7
SPC,1/4/2023,423.0,463.0,421.0,459.0,8.51,10879.0,577.0,361.7
SPC,1/5/2023,459.0,468.1,445.0,463.0,0.87,5099.0,577.0,361.7
SPC,1/8/2023,466.0,475.0,454.0,456.6,-1.38,7873.0,577.0,361.7
SPC,1/9/2023,462.0,474.0,454.0,474.0,3.81,7858.0,577.0,361.7
SPC,1/10/2023,483.4,499.0,449.0,466.1,-1.67,14543.0,577.0,361.7
SPC,1/12/2023,461.0,474.3,431.2,439.0,-5.81,9140.0,577.0,361.7
SPC,1/17/2023,439.0,474.0,430.3,457.0,4.1,8498.0,577.0,361.7
SPC,1/18/2023,460.0,474.8,452.5,452.5,-0.98,7049.0,577.0,361.7
SPC,1/19/2023,445.0,463.0,440.0,458.0,1.22,4715.0,577.0,361.7
SPC,1/23/2023,458.0,467.0,448.9,454.0,-0.87,8749.0,577.0,361.7
SPC,1/24/2023,456.0,456.0,440.1,452.8,-0.26,2485.0,577.0,361.7
SPC,1/25/2023,450.0,471.0,447.1,465.0,2.69,6680.0,577.0,361.7
SPC,1/26/2023,468.0,489.0,465.0,475.0,2.15,7442.0,577.0,361.7
SPC,1/29/2023,466.0,500.0,465.0,497.0,4.63,18719.0,577.0,361.7
SPC,1/30/2023,490.0,490.0,468.7,471.5,-5.13,6252.0,577.0,361.7
SPC,1/31/2023,465.0,480.0,457.1,464.0,-1.59,7554.0,577.0,361.7
SPC,2/1/2023,457.1,476.0,457.1,467.2,0.69,3945.0,577.0,361.7
SPC,2/2/2023,465.0,473.0,460.1,467.9,0.15,3420.0,577.0,361.7
SPC,2/5/2023,458.7,470.0,449.8,464.0,-0.83,2724.0,577.0,361.7
SPC,2/6/2023,460.0,460.0,451.6,457.0,-1.51,3139.0,577.0,361.7
SPC,2/7/2023,449.1,474.7,449.1,473.0,3.5,1706.0,577.0,361.7
SPC,2/8/2023,464.0,495.0,464.0,479.0,1.27,4856.0,577.0,361.7
SPC,2/9/2023,474.0,480.0,469.1,469.5,-1.98,5663.0,577.0,361.7
SPC,2/12/2023,460.2,509.0,442.1,487.0,3.73,27047.0,577.0,361.7
SPC,2/14/2023,488.5,520.2,488.5,508.8,4.48,17773.0,577.0,361.7
SPC,2/15/2023,499.0,527.0,497.1,504.0,-0.94,5712.0,577.0,361.7
SPC,2/16/2023,502.0,533.0,478.0,485.0,-3.77,7688.0,577.0,361.7
SPC,2/20/2023,494.0,494.0,467.5,478.4,-1.36,2995.0,577.0,361.7
SPC,2/22/2023,470.0,495.0,470.0,480.1,0.36,5328.0,577.0,361.7
SPC,2/23/2023,485.0,503.7,468.1,503.0,4.77,10127.0,577.0,361.7
SPC,2/26/2023,495.0,530.4,476.0,530.4,5.45,22928.0,577.0,361.7
SPC,2/27/2023,519.8,583.4,515.0,580.0,9.35,20866.0,577.0,361.7
SPC,2/28/2023,568.4,568.4,547.0,558.0,-3.79,15550.0,577.0,361.7
SPC,3/1/2023,568.8,568.8,529.7,550.0,-1.43,7069.0,577.0,361.7
SPC,3/2/2023,539.0,571.0,515.6,570.0,3.64,9523.0,577.0,361.7
SPC,3/5/2023,558.6,558.6,513.0,513.0,-10.0,13276.0,577.0,361.7
SPC,3/7/2023,523.2,530.4,495.0,500.0,-2.53,3471.0,577.0,361.7
SPC,3/9/2023,501.0,527.9,500.0,517.0,3.4,4196.0,577.0,361.7
SPC,3/12/2023,527.3,535.0,501.1,509.0,-1.55,10954.0,577.0,361.7
SPC,3/13/2023,501.1,515.0,501.1,512.0,0.59,3515.0,577.0,361.7
SPC,3/14/2023,503.0,519.5,502.0,508.9,-0.61,8175.0,577.0,361.7
SPC,3/15/2023,511.0,511.0,491.7,499.8,-1.79,7178.0,577.0,361.7
SPC,3/16/2023,490.2,507.0,480.4,491.0,-1.76,11184.0,577.0,361.7
SPC,3/19/2023,482.0,520.0,482.0,488.0,-0.61,3166.0,577.0,361.7
SPC,3/20/2023,497.0,499.8,483.2,494.7,1.37,2770.0,577.0,361.7
SPC,3/22/2023,503.0,503.0,479.0,480.2,-2.93,4933.0,577.0,361.7
SPC,3/23/2023,471.3,488.8,464.0,464.0,-3.37,4573.0,577.0,361.7
SPC,3/26/2023,469.0,493.0,460.1,470.0,1.29,4216.0,577.0,361.7
SPC,3/27/2023,460.6,493.3,460.6,479.2,1.96,7886.0,577.0,361.7
SPC,3/28/2023,470.0,490.0,470.0,483.9,0.98,10535.0,577.0,361.7
SPC,3/29/2023,474.5,493.4,474.5,482.0,-0.39,6139.0,577.0,361.7
SPC,3/30/2023,472.4,488.0,472.4,474.9,-1.47,2890.0,577.0,361.7
SPC,4/2/2023,466.0,479.4,455.0,468.0,-1.45,4194.0,577.0,361.7
SPC,4/3/2023,470.0,470.0,449.0,457.0,-2.35,2678.0,577.0,361.7
SPC,4/4/2023,448.0,458.7,448.0,456.0,-0.22,960.0,577.0,361.7
SPC,4/5/2023,457.0,465.0,448.1,462.9,1.51,2360.0,577.0,361.7
SPC,4/6/2023,458.0,470.0,428.5,428.5,-7.43,7205.0,577.0,361.7
SPC,4/9/2023,437.0,445.0,433.1,435.0,1.52,1290.0,577.0,361.7
SPC,4/10/2023,435.0,445.0,431.6,442.7,1.77,3990.0,577.0,361.7
SPC,4/11/2023,445.0,458.9,438.0,450.0,1.65,811.0,577.0,361.7
SPC,4/12/2023,441.1,479.0,441.1,479.0,6.44,7063.0,577.0,361.7
SPC,4/13/2023,469.5,472.9,458.0,458.0,-4.38,2248.0,577.0,361.7
SPC,4/16/2023,467.0,470.0,453.0,455.0,-0.66,5484.0,577.0,361.7
SPC,4/17/2023,446.1,478.5,446.1,477.7,4.99,5654.0,577.0,361.7
SPC,4/18/2023,468.2,470.1,462.0,470.1,-1.59,2051.0,577.0,361.7
SPC,4/19/2023,461.0,508.0,461.0,508.0,8.06,3028.0,577.0,361.7
SPC,4/20/2023,498.0,498.0,463.9,466.0,-8.27,5411.0,577.0,361.7
SPC,4/23/2023,466.0,466.0,452.1,453.0,-2.79,3558.0,577.0,361.7
SPC,4/24/2023,444.1,460.0,444.1,460.0,1.55,2064.0,577.0,361.7
SPC,4/25/2023,450.9,487.0,450.8,455.0,-1.09,3175.0,577.0,361.7
SPC,4/26/2023,455.0,455.0,442.2,443.0,-2.64,4379.0,577.0,361.7
SPC,4/27/2023,443.0,445.0,436.0,436.0,-1.58,1870.0,577.0,361.7
SPC,4/30/2023,428.3,445.0,428.3,445.0,2.06,1200.0,577.0,361.7
SPC,5/2/2023,436.5,444.0,436.5,444.0,-0.22,2620.0,577.0,361.7
SPC,5/3/2023,435.2,439.0,431.0,435.0,-2.03,2899.0,577.0,361.7
SPC,5/4/2023,428.1,440.0,428.1,435.1,0.02,2955.0,577.0,361.7
SPC,5/7/2023,435.0,443.8,419.0,422.2,-2.96,2995.0,577.0,361.7
SPC,5/8/2023,420.0,439.0,413.8,417.1,-1.21,1195.0,577.0,361.7
SPC,5/9/2023,415.0,450.8,410.0,414.9,-0.53,6587.0,577.0,361.7
SPC,5/10/2023,407.0,418.0,402.1,410.0,-1.18,7051.0,577.0,361.7
SPC,5/11/2023,410.0,410.0,397.0,402.7,-1.78,1085.0,577.0,361.7
SPC,5/14/2023,410.0,410.0,390.0,391.3,-2.83,1770.0,577.0,361.7
SPC,5/15/2023,391.0,398.0,386.0,390.0,-0.33,1164.0,577.0,361.7
SPC,5/16/2023,384.0,404.9,383.0,404.0,3.59,1200.0,577.0,361.7
SPC,5/17/2023,410.0,410.0,393.8,401.9,-0.52,2182.0,577.0,361.7
SPC,5/18/2023,394.0,419.0,394.0,410.1,2.04,6864.0,577.0,361.7
SPC,5/21/2023,411.0,426.0,396.0,410.0,-0.02,3785.0,577.0,361.7
SPC,5/22/2023,401.8,420.0,401.8,413.0,0.73,3567.0,577.0,361.7
SPC,5/23/2023,410.0,429.0,410.0,424.3,2.74,2582.0,577.0,361.7
SPC,5/24/2023,425.0,428.0,411.6,428.0,0.87,2110.0,577.0,361.7
SPC,5/28/2023,419.5,436.5,413.6,420.0,-1.87,1574.0,577.0,361.7
SPC,5/30/2023,412.0,412.0,389.0,396.0,-5.71,4636.0,577.0,361.7
SPC,5/31/2023,388.1,396.0,383.0,395.0,-0.25,2015.0,577.0,361.7
SPC,6/1/2023,390.0,401.0,386.1,399.1,1.04,6285.0,577.0,361.7
SPC,6/4/2023,399.8,415.0,391.3,415.0,3.98,2843.0,577.0,361.7
SPC,6/5/2023,410.0,419.0,398.0,408.0,-1.69,1825.0,577.0,361.7
SPC,6/6/2023,399.9,417.0,399.9,416.0,1.96,3023.0,577.0,361.7
SPC,6/7/2023,420.0,424.0,410.0,414.5,-0.36,2877.0,577.0,361.7
SPC,6/8/2023,407.3,420.0,407.3,417.9,0.82,942.0,577.0,361.7
SPC,6/11/2023,409.6,430.0,409.6,427.9,2.39,3382.0,577.0,361.7
SPC,6/12/2023,420.0,433.8,420.0,426.4,-0.35,3329.0,577.0,361.7
SPC,6/13/2023,418.1,450.1,418.1,434.3,1.85,6884.0,577.0,361.7
SPC,6/14/2023,442.8,460.6,431.3,432.8,-0.35,5552.0,577.0,361.7
SPC,6/15/2023,441.4,444.9,428.5,430.0,-0.65,4795.0,577.0,361.7
SPC,6/18/2023,425.0,438.0,424.0,434.0,0.93,3322.0,577.0,361.7
SPC,6/19/2023,433.0,434.0,425.3,428.0,-1.38,3934.0,577.0,361.7
SPC,6/20/2023,420.1,435.0,420.1,427.0,-0.23,1569.0,577.0,361.7
SPC,6/21/2023,419.0,428.4,417.1,417.1,-2.32,3127.0,577.0,361.7
SPC,6/22/2023,409.2,441.0,401.8,406.0,-2.66,3650.0,577.0,361.7
SPC,6/25/2023,397.9,446.6,391.2,446.6,10.0,13506.0,577.0,361.7
SPC,6/26/2023,447.0,462.5,438.3,462.5,3.56,7608.0,577.0,361.7
SPC,6/27/2023,462.5,463.0,438.5,463.0,0.11,5521.0,577.0,361.7
SPC,6/28/2023,455.0,459.0,437.0,459.0,-0.86,5113.0,577.0,361.7
SPC,7/2/2023,467.0,467.0,435.0,439.8,-4.18,1269.0,577.0,361.7
SPC,7/3/2023,439.8,448.0,425.0,425.1,-3.34,3421.0,577.0,361.7
SPC,7/4/2023,425.0,430.0,417.0,424.5,-0.14,2194.0,577.0,361.7
SPC,7/5/2023,416.8,425.0,410.0,411.3,-3.11,888.0,577.0,361.7
SPC,7/6/2023,405.0,447.9,388.0,433.1,5.3,7908.0,577.0,361.7
SPC,7/9/2023,425.0,425.0,412.6,420.8,-2.84,1231.0,577.0,361.7
SPC,7/10/2023,414.0,415.0,406.0,406.0,-3.52,2580.0,577.0,361.7
SPC,7/11/2023,414.1,414.1,398.0,398.0,-1.97,4600.0,577.0,361.7
SPC,7/12/2023,404.0,424.3,400.9,423.0,6.28,3535.0,577.0,361.7
SPC,7/13/2023,431.0,431.0,408.0,415.0,-1.89,2386.0,577.0,361.7
SPC,7/16/2023,406.7,422.0,398.7,403.5,-2.77,370.0,577.0,361.7
SPC,7/17/2023,396.2,417.0,395.5,408.0,1.12,940.0,577.0,361.7
SPC,7/18/2023,400.1,423.3,400.1,423.3,3.75,580.0,577.0,361.7
SPC,7/19/2023,421.0,421.0,406.8,407.1,-3.83,1539.0,577.0,361.7
SPC,7/20/2023,405.0,415.0,401.0,410.0,0.71,2503.0,577.0,361.7
SPC,7/23/2023,402.0,418.0,402.0,412.0,0.49,540.0,577.0,361.7
SPC,7/24/2023,407.5,415.0,407.5,415.0,0.73,1491.0,577.0,361.7
SPC,7/25/2023,407.0,420.0,407.0,420.0,1.2,615.0,577.0,361.7
SPC,7/26/2023,423.0,423.0,408.0,416.0,-0.95,845.0,577.0,361.7
SPC,7/27/2023,408.0,411.0,402.0,402.0,-3.37,997.0,577.0,361.7
SPC,7/30/2023,402.0,410.5,393.0,399.9,-0.52,5720.0,577.0,361.7
SPC,7/31/2023,399.9,408.0,393.1,400.0,0.03,1067.0,577.0,361.7
SPC,8/1/2023,393.0,400.0,390.0,396.9,-0.78,1834.0,577.0,361.7
SPC,8/2/2023,390.0,397.0,390.0,390.1,-1.71,1042.0,577.0,361.7
SPC,8/3/2023,385.1,395.0,385.1,394.0,1.0,773.0,577.0,361.7
SPC,8/6/2023,390.0,390.0,377.0,377.0,-4.31,2010.0,577.0,361.7
SPC,8/7/2023,370.1,383.5,370.0,380.0,0.8,1545.0,577.0,361.7
SPC,8/8/2023,375.0,375.0,372.4,375.0,-1.32,1085.0,577.0,361.7
SPC,8/9/2023,375.0,380.0,370.0,380.0,1.33,520.0,577.0,361.7
SPC,8/10/2023,373.0,390.0,373.0,382.5,0.66,390.0,577.0,361.7
SPC,8/13/2023,375.0,382.0,375.0,380.2,-0.6,1265.0,577.0,361.7
SPC,8/14/2023,380.0,398.0,375.0,386.0,1.53,639.0,577.0,361.7
SPC,8/15/2023,378.3,380.0,378.0,378.0,-2.07,1125.0,577.0,361.7
SPC,8/16/2023,370.5,372.0,366.0,370.0,-2.12,1185.0,577.0,361.7
SPC,8/17/2023,370.0,389.0,367.3,375.0,1.35,1430.0,577.0,361.7
SPC,8/20/2023,367.6,370.0,363.0,367.0,-2.13,374.0,577.0,361.7
SPC,8/21/2023,373.9,403.2,360.1,386.0,5.18,442.0,577.0,361.7
SPC,8/22/2023,378.3,385.0,364.1,383.0,-0.78,830.0,577.0,361.7
SPC,8/23/2023,390.0,390.0,371.1,389.6,1.72,556.0,577.0,361.7
SPC,8/24/2023,381.9,383.0,370.4,376.8,-3.29,375.0,577.0,361.7
SPC,8/27/2023,369.3,386.0,363.2,386.0,2.44,750.0,577.0,361.7
SPC,8/28/2023,393.0,393.0,393.0,393.0,1.81,10.0,577.0,361.7
SPC,8/29/2023,385.2,385.2,372.4,374.0,-4.83,687.0,577.0,361.7
SPC,8/30/2023,366.7,374.0,366.7,374.0,0.0,360.0,577.0,361.7
SPC,9/3/2023,366.6,372.2,347.0,347.0,-7.22,4820.0,577.0,361.7
SPC,9/4/2023,347.0,353.9,333.4,340.0,-2.02,1485.0,577.0,361.7
SPC,9/5/2023,336.0,361.9,336.0,339.1,-0.26,412.0,577.0,361.7
SPC,9/7/2023,335.0,340.0,316.0,330.0,-2.68,3310.0,577.0,361.7
SPC,9/10/2023,330.0,335.0,321.0,330.0,0.0,830.0,577.0,361.7
SPC,9/11/2023,330.0,337.5,324.0,330.0,0.0,600.0,577.0,361.7
SPC,9/12/2023,330.0,357.1,325.0,355.0,7.58,1735.0,577.0,361.7
SPC,9/13/2023,354.0,354.8,330.7,354.8,-0.06,1530.0,577.0,361.7
SPC,9/17/2023,347.8,347.8,335.0,337.0,-5.02,866.0,577.0,361.7
SPC,9/18/2023,343.0,349.7,335.6,338.0,0.3,481.0,577.0,361.7
SPC,9/19/2023,335.0,350.0,328.5,350.0,3.55,975.0,577.0,361.7
SPC,9/21/2023,357.0,368.0,350.0,363.0,3.71,2206.0,577.0,361.7
SPC,9/24/2023,368.9,370.0,347.9,370.0,1.93,1925.0,577.0,361.7
SPC,9/25/2023,370.0,407.0,361.8,402.1,8.68,12393.0,577.0,361.7
SPC,9/26/2023,400.0,430.6,392.0,430.0,6.94,3144.0,577.0,361.7
SPC,9/27/2023,422.0,422.0,393.0,408.0,-5.12,2055.0,577.0,361.7
SPC,10/1/2023,399.9,399.9,381.0,383.0,-6.13,2235.0,577.0,361.7
SPC,10/2/2023,383.0,396.0,376.0,396.0,3.39,1450.0,577.0,361.7
SPC,10/3/2023,388.4,395.0,380.5,384.1,-3.01,1601.0,577.0,361.7
SPC,10/4/2023,384.0,422.0,384.0,400.0,4.14,1800.0,577.0,361.7
SPC,10/5/2023,392.0,399.8,380.0,385.0,-3.75,1743.0,577.0,361.7
SPC,10/8/2023,377.4,379.0,371.0,379.0,-1.56,1942.0,577.0,361.7
SPC,10/9/2023,378.0,401.5,378.0,389.0,2.64,2670.0,577.0,361.7
SPC,10/10/2023,383.0,386.0,378.0,385.8,-0.82,790.0,577.0,361.7
SPC,10/11/2023,385.8,392.0,378.3,390.0,1.09,1725.0,577.0,361.7
SPC,10/12/2023,390.0,390.0,361.0,366.6,-6.0,910.0,577.0,361.7
SPC,10/16/2023,360.2,363.0,353.0,353.0,-3.71,665.0,577.0,361.7
SPC,10/17/2023,346.1,367.0,346.1,357.1,1.16,460.0,577.0,361.7
SPC,10/18/2023,364.0,371.0,356.8,363.7,1.85,861.0,577.0,361.7
SPC,10/19/2023,360.0,368.0,349.4,349.4,-3.93,800.0,577.0,361.7
SPC,10/29/2023,356.0,363.1,342.6,360.0,3.03,661.0,577.0,361.7
SPC,10/30/2023,352.8,353.0,346.2,348.0,-3.33,274.0,577.0,361.7
SPC,10/31/2023,342.0,367.9,342.0,354.0,1.72,1250.0,577.0,361.7
SPC,11/1/2023,348.0,353.0,348.0,353.0,-0.28,130.0,577.0,361.7
SPC,11/2/2023,346.3,350.0,336.0,336.0,-4.82,2935.0,577.0,361.7
SPC,11/5/2023,336.0,342.7,330.0,337.1,0.33,447.0,577.0,361.7
SPC,11/6/2023,340.0,351.9,307.8,350.0,3.83,14647.0,577.0,361.7
SPC,11/7/2023,357.0,359.9,352.8,352.8,0.8,50.0,577.0,361.7
SPC,11/8/2023,345.8,345.8,332.2,333.3,-5.53,997.0,577.0,361.7
SPC,11/9/2023,339.9,352.9,320.0,326.7,-1.98,3382.0,577.0,361.7
SPC,11/20/2023,321.0,335.0,321.0,332.0,1.62,555.0,577.0,361.7
SPC,11/21/2023,326.0,330.0,326.0,327.1,-1.48,880.0,577.0,361.7
SPC,11/22/2023,322.1,344.0,322.1,340.0,3.94,670.0,577.0,361.7
SPC,11/23/2023,335.0,354.9,335.0,354.9,4.38,2124.0,577.0,361.7
SPC,11/26/2023,347.9,364.1,345.0,364.1,2.59,2059.0,577.0,361.7
SPC,11/27/2023,364.0,364.0,349.0,359.0,-1.4,898.0,577.0,361.7
SPC,11/28/2023,366.1,380.0,345.6,351.2,-2.17,1849.0,577.0,361.7
SPC,11/29/2023,358.0,371.0,340.2,340.2,-3.13,2815.0,577.0,361.7
SPC,11/30/2023,340.0,359.0,334.5,340.0,-0.06,1452.0,577.0,361.7
SPC,12/3/2023,335.0,353.7,335.0,341.1,0.32,390.0,577.0,361.7
SPC,12/4/2023,341.1,358.0,341.1,347.0,1.73,2280.0,577.0,361.7
SPC,12/5/2023,347.0,350.0,336.0,339.3,-2.22,2457.0,577.0,361.7
SPC,12/6/2023,334.0,346.0,334.0,340.0,0.21,390.0,577.0,361.7
SPC,12/7/2023,335.0,350.0,335.0,345.0,1.47,2950.0,577.0,361.7
SPC,12/10/2023,351.9,358.9,351.9,358.9,4.03,20.0,577.0,361.7
SPC,12/11/2023,366.0,379.0,358.0,378.0,5.32,5203.0,577.0,361.7
SPC,12/12/2023,370.5,399.0,370.5,387.0,2.38,3252.0,577.0,361.7
SPC,12/13/2023,394.7,404.9,379.3,393.0,1.55,4865.0,577.0,361.7
SPC,12/14/2023,400.8,400.8,381.3,392.5,-0.13,3821.0,577.0,361.7
SPC,12/17/2023,385.0,411.5,377.5,411.0,4.71,6795.0,577.0,361.7
SPC,12/18/2023,403.3,417.8,398.1,410.0,-0.24,6869.0,577.0,361.7
SPC,12/19/2023,402.0,405.0,395.4,405.0,-1.22,3777.0,577.0,361.7
SPC,12/20/2023,405.0,416.0,396.9,405.0,0.0,9420.0,577.0,361.7
SPC,12/21/2023,397.0,433.8,397.0,425.0,4.94,21407.0,577.0,361.7
SPC,12/24/2023,433.0,467.5,433.0,467.5,10.0,42133.0,577.0,361.7
SPC,12/27/2023,476.2,501.0,476.2,500.0,6.95,38107.0,577.0,361.7
SPC,12/28/2023,490.0,524.0,480.2,493.0,-1.4,25503.0,577.0,361.7
SPC,1/1/2024,483.2,500.0,464.6,474.0,-3.85,8800.0,577.0,361.7
SPC,1/2/2024,464.6,481.0,460.0,463.0,-2.32,15741.0,577.0,361.7
SPC,1/3/2024,453.8,481.6,450.0,462.0,-0.22,4073.0,577.0,361.7
SPC,1/4/2024,463.0,497.0,462.0,495.0,7.14,18922.0,577.0,361.7
SPC,1/7/2024,485.1,504.0,478.0,479.0,-3.23,6520.0,577.0,361.7
SPC,1/8/2024,488.0,526.9,488.0,526.5,9.92,27675.0,577.0,361.7
SPC,1/9/2024,537.0,537.0,501.2,510.0,-3.13,17311.0,577.0,361.7
SPC,1/10/2024,510.0,515.0,490.0,490.0,-3.92,11990.0,577.0,361.7
SPC,1/11/2024,480.2,498.0,480.2,489.0,-0.2,13204.0,577.0,361.7
SPC,1/14/2024,498.7,510.0,488.8,500.0,2.25,17872.0,577.0,361.7
SPC,1/16/2024,505.0,519.8,490.0,500.0,0.0,9943.0,577.0,361.7
SPC,1/17/2024,500.0,545.0,493.0,519.0,3.8,35275.0,577.0,361.7
SPC,1/18/2024,508.7,522.0,501.0,515.0,-0.77,15199.0,577.0,361.7
SPC,1/21/2024,504.7,520.0,500.1,505.0,-1.94,13471.0,577.0,361.7
SPC,1/22/2024,505.0,505.0,480.2,490.0,-2.97,7073.0,577.0,361.7
SPC,1/23/2024,499.0,499.0,470.4,478.0,-2.45,5633.0,577.0,361.7
SPC,1/24/2024,487.0,510.9,480.1,484.5,1.36,9321.0,577.0,361.7
SPC,1/25/2024,494.0,532.9,494.0,532.9,9.99,39547.0,577.0,361.7
SPC,1/28/2024,543.5,586.1,543.5,586.1,9.98,25552.0,577.0,361.7
SPC,1/29/2024,597.8,621.0,569.4,590.0,0.67,38829.0,577.0,361.7
SPC,1/30/2024,578.2,630.0,573.1,628.0,6.44,45581.0,577.0,361.7
SPC,1/31/2024,627.0,690.0,600.0,690.0,9.87,29013.0,577.0,361.7
SPC,2/1/2024,676.2,716.7,621.0,625.0,-9.42,50411.0,577.0,361.7
SPC,2/4/2024,612.5,649.0,600.3,640.0,2.4,24019.0,577.0,361.7
SPC,2/5/2024,652.7,692.0,603.1,685.0,7.03,32733.0,577.0,361.7
SPC,2/6/2024,698.7,698.7,616.5,616.5,-10.0,48581.0,577.0,361.7
SPC,2/7/2024,606.0,653.0,582.1,609.0,-1.22,13280.0,577.0,361.7
SPC,2/8/2024,620.0,620.0,578.0,617.0,1.31,8426.0,577.0,361.7
SPC,2/11/2024,604.7,666.0,602.2,620.0,0.49,23222.0,577.0,361.7
SPC,2/12/2024,608.2,656.0,608.2,654.0,5.48,30366.0,577.0,361.7
SPC,2/13/2024,641.0,684.0,617.0,684.0,4.59,44046.0,577.0,361.7
SPC,2/14/2024,670.4,725.0,632.0,695.0,1.61,32039.0,577.0,361.7
SPC,2/15/2024,681.1,715.0,655.0,710.0,2.16,21481.0,577.0,361.7
SPC,2/18/2024,695.8,766.0,642.0,651.7,-8.21,42660.0,577.0,361.7
SPC,2/20/2024,651.7,651.7,608.0,624.0,-4.25,17088.0,577.0,361.7
SPC,2/21/2024,636.4,636.4,607.9,619.0,-0.8,9441.0,577.0,361.7
SPC,2/22/2024,607.0,680.0,597.0,680.0,9.85,19817.0,577.0,361.7
SPC,2/25/2024,666.4,666.4,612.0,615.0,-9.56,9542.0,577.0,361.7
SPC,2/26/2024,608.0,615.0,585.0,605.0,-1.63,14129.0,577.0,361.7
SPC,2/27/2024,612.9,661.0,592.9,661.0,9.26,6145.0,577.0,361.7
SPC,2/28/2024,647.8,647.8,599.0,617.0,-6.66,8254.0,577.0,361.7
SPC,2/29/2024,604.7,616.0,585.0,586.4,-4.96,8418.0,577.0,361.7
SPC,3/3/2024,574.7,598.1,564.0,566.0,-3.48,5814.0,577.0,361.7
SPC,3/4/2024,577.3,622.6,577.3,620.0,9.54,790.0,577.0,361.7
SPC,3/5/2024,632.4,645.0,574.0,582.2,-6.1,14366.0,577.0,361.7
SPC,3/6/2024,570.6,617.9,570.6,617.0,5.98,22574.0,577.0,361.7
SPC,3/7/2024,605.0,666.0,585.0,586.0,-5.02,18022.0,577.0,361.7
SPC,3/10/2024,597.7,621.0,585.1,587.0,0.17,25014.0,577.0,361.7
SPC,3/12/2024,598.7,622.0,576.0,581.0,-1.02,14371.0,577.0,361.7
SPC,3/13/2024,592.6,592.6,567.0,578.2,-0.48,6739.0,577.0,361.7
SPC,3/14/2024,585.0,585.0,563.1,570.0,-1.42,16049.0,577.0,361.7
SPC,3/17/2024,570.0,575.0,560.0,560.0,-1.75,8358.0,577.0,361.7
SPC,3/18/2024,571.2,571.2,552.0,557.0,-0.54,7964.0,577.0,361.7
SPC,3/19/2024,558.0,568.0,556.0,558.0,0.18,1615.0,577.0,361.7
SPC,3/20/2024,569.0,569.1,547.2,549.0,-1.61,10936.0,577.0,361.7
SPC,3/21/2024,559.0,559.0,540.0,540.0,-1.64,5553.0,577.0,361.7
SPC,3/25/2024,530.0,560.0,528.4,560.0,3.7,6952.0,577.0,361.7
SPC,3/26/2024,555.0,560.0,532.0,551.0,-1.61,10806.0,577.0,361.7
SPC,3/27/2024,545.0,550.0,535.0,545.0,-1.09,5511.0,577.0,361.7
SPC,3/28/2024,538.0,589.0,530.0,589.0,8.07,5249.0,577.0,361.7
SPC,3/31/2024,590.0,590.0,546.0,565.0,-4.07,11551.0,577.0,361.7
SPC,4/1/2024,553.7,565.0,542.7,545.3,-3.49,4393.0,577.0,361.7
SPC,4/2/2024,538.0,556.1,538.0,543.9,-0.26,2793.0,577.0,361.7
SPC,4/3/2024,539.0,547.1,536.0,536.0,-1.45,1955.0,577.0,361.7
SPC,4/4/2024,540.0,546.7,529.0,530.0,-1.12,5460.0,577.0,361.7
SPC,4/7/2024,535.0,545.0,531.2,540.0,1.89,3336.0,577.0,361.7
SPC,4/9/2024,540.0,550.6,537.0,539.0,-0.19,2298.0,577.0,361.7
SPC,4/10/2024,549.0,555.0,539.0,544.0,0.93,5797.0,577.0,361.7
SPC,4/14/2024,544.0,553.8,535.1,535.1,-1.64,1788.0,577.0,361.7
SPC,4/15/2024,526.0,536.0,526.0,530.0,-0.95,2230.0,577.0,361.7
SPC,4/16/2024,522.2,534.0,522.2,526.0,-0.75,1110.0,577.0,361.7
SPC,4/18/2024,522.0,528.0,517.0,517.0,-1.71,1390.0,577.0,361.7
SPC,4/21/2024,520.0,566.0,510.0,538.0,4.06,4116.0,577.0,361.7
SPC,4/22/2024,527.3,529.0,519.2,520.0,-3.35,3667.0,577.0,361.7
SPC,4/24/2024,520.0,525.0,511.0,515.0,-0.96,868.0,577.0,361.7
SPC,4/25/2024,525.0,535.7,509.9,511.0,-0.78,2265.0,577.0,361.7
SPC,4/28/2024,508.0,522.0,508.0,513.0,0.39,1405.0,577.0,361.7
SPC,4/29/2024,510.0,523.2,510.0,510.0,-0.58,756.0,577.0,361.7
SPC,4/30/2024,505.0,520.0,505.0,519.0,1.76,1370.0,577.0,361.7
SPC,5/2/2024,518.0,519.9,511.0,512.0,-1.35,3130.0,577.0,361.7
SPC,5/5/2024,503.1,511.0,494.0,500.0,-2.34,4859.0,577.0,361.7
SPC,5/6/2024,494.0,494.0,484.0,484.0,-3.2,4393.0,577.0,361.7
SPC,5/7/2024,483.0,493.6,480.0,489.6,1.16,990.0,577.0,361.7
SPC,5/8/2024,479.9,492.9,470.5,475.0,-2.98,3535.0,577.0,361.7
SPC,5/9/2024,466.1,483.0,466.0,470.0,-1.05,2835.0,577.0,361.7
SPC,5/12/2024,470.0,495.0,464.0,485.0,3.19,2749.0,577.0,361.7
SPC,5/13/2024,485.0,502.0,485.0,486.0,0.21,1406.0,577.0,361.7
SPC,5/14/2024,494.9,514.0,485.2,514.0,5.76,5109.0,577.0,361.7
SPC,5/15/2024,515.0,535.5,506.0,515.0,0.19,5015.0,577.0,361.7
SPC,5/16/2024,505.0,515.0,505.0,510.9,-0.8,4870.0,577.0,361.7
SPC,5/19/2024,521.0,531.0,500.0,528.0,3.35,4460.0,577.0,361.7
SPC,5/20/2024,530.0,535.0,514.6,525.0,-0.57,3329.0,577.0,361.7
SPC,5/21/2024,532.0,561.0,525.1,550.8,4.91,10961.0,577.0,361.7
SPC,5/22/2024,560.0,560.0,523.0,543.0,-1.42,4182.0,577.0,361.7
SPC,5/26/2024,532.2,539.0,511.2,523.0,-3.68,5198.0,577.0,361.7
SPC,5/27/2024,514.0,530.0,514.0,524.0,0.19,1951.0,577.0,361.7
SPC,5/29/2024,534.4,545.0,516.2,528.0,0.76,3316.0,577.0,361.7
SPC,5/30/2024,518.1,549.6,516.3,516.6,-2.16,3902.0,577.0,361.7
SPC,6/2/2024,516.0,549.0,507.3,529.0,2.4,2627.0,577.0,361.7
SPC,6/3/2024,528.0,538.1,515.7,523.0,-1.13,2567.0,577.0,361.7
SPC,6/4/2024,520.1,530.0,520.1,525.0,0.38,3386.0,577.0,361.7
SPC,6/5/2024,515.0,535.0,515.0,515.0,-1.9,960.0,577.0,361.7
SPC,6/6/2024,511.0,551.0,511.0,539.9,4.83,8941.0,577.0,361.7
SPC,6/9/2024,529.2,593.8,529.2,590.0,9.28,42447.0,577.0,361.7
SPC,6/10/2024,601.0,637.0,579.0,637.0,7.97,19590.0,577.0,361.7
SPC,6/11/2024,624.3,624.3,600.0,600.0,-5.81,9085.0,577.0,361.7
SPC,6/12/2024,598.0,599.0,567.1,587.9,-2.02,13910.0,577.0,361.7
SPC,6/13/2024,578.5,590.2,570.0,589.0,0.19,10325.0,577.0,361.7
SPC,6/16/2024,581.0,590.0,566.0,580.0,-1.53,6207.0,577.0,361.7
SPC,6/18/2024,571.0,587.0,563.1,563.1,-2.91,4570.0,577.0,361.7
SPC,6/19/2024,574.0,608.6,562.0,608.6,8.08,4562.0,577.0,361.7
SPC,6/20/2024,600.0,600.0,571.0,583.0,-4.21,7834.0,577.0,361.7
SPC,6/23/2024,593.0,593.0,565.0,575.0,-1.37,1800.0,577.0,361.7
SPC,6/24/2024,564.0,597.7,561.0,575.0,0.0,2096.0,577.0,361.7
SPC,6/25/2024,570.0,590.0,570.0,584.0,1.57,7903.0,577.0,361.7
SPC,6/26/2024,581.0,587.0,559.1,560.0,-4.11,6732.0,577.0,361.7
SPC,6/27/2024,569.9,580.0,547.9,568.8,1.57,5564.0,577.0,361.7
SPC,6/30/2024,557.5,572.0,551.0,551.0,-3.13,1498.0,577.0,361.7
SPC,7/1/2024,560.0,568.0,550.0,553.1,0.38,2419.0,577.0,361.7
SPC,7/2/2024,564.1,608.0,554.0,581.0,5.04,5323.0,577.0,361.7
SPC,7/3/2024,570.0,579.0,560.0,567.5,-2.32,1672.0,577.0,361.7
SPC,7/4/2024,570.0,575.0,559.0,559.0,-1.5,3236.0,577.0,361.7
SPC,7/7/2024,553.0,569.0,553.0,564.9,1.06,2060.0,577.0,361.7
SPC,7/8/2024,574.0,574.0,563.1,572.0,1.26,2791.0,577.0,361.7
SPC,7/9/2024,575.0,575.0,560.0,572.0,0.0,6604.0,577.0,361.7
SPC,7/10/2024,571.9,573.0,565.1,570.0,-0.35,5342.0,577.0,361.7
SPC,7/11/2024,580.0,580.6,566.0,576.0,1.05,7895.0,577.0,361.7
SPC,7/14/2024,587.5,623.4,576.0,623.4,8.23,6357.0,577.0,361.7
SPC,7/15/2024,611.0,611.0,580.0,588.0,-5.68,8076.0,577.0,361.7
SPC,7/16/2024,584.0,616.0,584.0,614.0,4.42,22709.0,577.0,361.7
SPC,7/17/2024,615.0,626.0,601.8,611.0,-0.49,17769.0,577.0,361.7
SPC,7/18/2024,623.0,623.2,601.0,614.8,0.62,14322.0,577.0,361.7
SPC,7/21/2024,620.0,627.0,598.1,609.0,-0.94,15188.0,577.0,361.7
SPC,7/22/2024,601.0,609.0,594.1,604.9,-0.67,8582.0,577.0,361.7
SPC,7/23/2024,609.0,615.0,569.5,606.0,0.18,17666.0,577.0,361.7
SPC,7/24/2024,610.0,622.2,600.0,610.0,0.66,17139.0,577.0,361.7
SPC,7/25/2024,610.0,613.9,600.0,608.0,-0.33,6778.0,577.0,361.7
SPC,7/28/2024,620.0,630.0,593.0,595.0,-2.14,7728.0,577.0,361.7
SPC,7/29/2024,595.0,617.0,585.0,594.0,-0.17,9622.0,577.0,361.7
SPC,7/30/2024,605.0,610.8,586.0,599.0,0.84,11169.0,577.0,361.7
SPC,7/31/2024,609.0,613.0,602.2,605.0,1.0,10604.0,577.0,361.7
SPC,8/1/2024,610.0,665.0,605.5,649.0,7.27,44119.0,577.0,361.7
SPC,8/5/2024,661.9,682.0,655.0,680.0,4.78,31852.0,577.0,361.7
SPC,8/6/2024,680.0,690.0,616.0,623.0,-8.38,20378.0,577.0,361.7
SPC,8/7/2024,623.0,650.0,615.0,645.0,3.53,11299.0,577.0,361.7
SPC,8/8/2024,657.9,657.9,618.0,620.0,-3.88,11116.0,577.0,361.7
SPC,8/11/2024,632.4,668.0,620.0,660.0,6.45,20843.0,577.0,361.7
SPC,8/12/2024,660.0,680.0,649.5,654.5,-0.83,21385.0,577.0,361.7
SPC,8/13/2024,655.0,704.9,650.0,694.9,6.17,22828.0,577.0,361.7
SPC,8/14/2024,681.2,722.0,668.0,687.0,-1.14,15902.0,577.0,361.7
SPC,8/15/2024,687.0,687.0,660.0,661.1,-3.77,18880.0,577.0,361.7
SPC,8/18/2024,661.1,661.1,623.1,646.0,-2.28,13321.0,577.0,361.7
SPC,8/21/2024,657.9,658.0,621.0,642.5,-0.54,5963.0,577.0,361.7
SPC,8/22/2024,632.0,642.2,612.5,630.0,-1.95,12379.0,577.0,361.7
SPC,8/25/2024,642.6,642.6,611.0,612.1,-2.84,7612.0,577.0,361.7
SPC,8/27/2024,611.9,616.0,583.2,594.8,-2.83,8897.0,577.0,361.7
SPC,8/28/2024,597.0,604.9,575.0,585.0,-1.65,9372.0,577.0,361.7
SPC,8/29/2024,577.0,596.0,576.2,577.0,-1.37,3204.0,577.0,361.7
SPC,9/1/2024,568.0,611.0,566.9,611.0,5.89,4254.0,577.0,361.7
SPC,9/2/2024,599.0,640.0,575.5,633.0,3.6,7893.0,577.0,361.7
SPC,9/3/2024,634.0,644.8,610.0,612.0,-3.32,4282.0,577.0,361.7
SPC,9/4/2024,601.0,610.0,574.3,585.0,-4.41,6369.0,577.0,361.7
SPC,9/5/2024,575.0,587.5,575.0,578.2,-1.16,1663.0,577.0,361.7
SPC,9/8/2024,589.3,589.3,550.1,558.5,-3.41,6640.0,577.0,361.7
SPC,9/9/2024,548.0,595.1,548.0,550.1,-1.5,2853.0,577.0,361.7
SPC,9/10/2024,560.0,577.9,552.0,557.0,1.25,4104.0,577.0,361.7
SPC,9/11/2024,568.1,579.0,535.0,545.0,-2.15,2670.0,577.0,361.7
SPC,9/12/2024,535.1,565.0,534.4,565.0,3.67,4054.0,577.0,361.7
SPC,9/15/2024,574.0,599.0,552.0,575.0,1.77,11588.0,577.0,361.7
SPC,9/16/2024,570.0,575.2,549.4,549.4,-4.45,3881.0,577.0,361.7
SPC,9/18/2024,549.0,557.0,540.3,557.0,1.38,4176.0,577.0,361.7
SPC,9/22/2024,567.0,578.0,548.9,550.6,-1.15,1203.0,577.0,361.7
SPC,9/23/2024,550.0,565.0,550.0,565.0,2.62,5699.0,577.0,361.7
SPC,9/24/2024,556.0,563.0,550.0,550.0,-2.65,3883.0,577.0,361.7
SPC,9/25/2024,539.1,557.0,530.3,553.5,0.64,3058.0,577.0,361.7
SPC,9/26/2024,553.0,553.0,535.0,540.0,-2.44,1948.0,577.0,361.7
SPC,9/29/2024,530.0,540.0,519.2,519.3,-3.83,3001.0,577.0,361.7
SPC,9/30/2024,510.0,512.0,502.0,506.0,-2.56,2485.0,577.0,361.7
SPC,10/1/2024,515.0,529.0,510.0,527.0,4.15,7147.0,577.0,361.7
SPC,10/2/2024,517.0,533.9,500.0,510.0,-3.23,5252.0,577.0,361.7
SPC,10/6/2024,518.0,518.0,508.0,518.0,1.57,2505.0,577.0,361.7
SPC,10/7/2024,526.0,550.0,520.0,536.0,3.47,3323.0,577.0,361.7
SPC,10/8/2024,536.0,536.0,520.0,529.9,-1.14,2229.0,577.0,361.7
SPC,10/9/2024,529.0,530.0,519.6,530.0,0.02,2640.0,577.0,361.7
SPC,10/15/2024,524.1,540.0,523.0,534.0,0.75,4138.0,577.0,361.7
SPC,10/16/2024,535.0,540.0,528.0,539.0,0.94,1506.0,577.0,361.7
SPC,10/17/2024,547.0,548.0,530.6,532.0,-1.3,6389.0,577.0,361.7
SPC,10/20/2024,523.1,528.8,515.5,518.1,-2.61,2596.0,577.0,361.7
SPC,10/21/2024,510.0,510.1,502.0,506.9,-2.16,2362.0,577.0,361.7
SPC,10/22/2024,500.3,515.0,500.2,515.0,1.6,2205.0,577.0,361.7
SPC,10/23/2024,515.0,529.9,515.0,520.0,0.97,1215.0,577.0,361.7
SPC,10/24/2024,510.0,520.0,507.0,515.0,-0.96,2646.0,577.0,361.7
SPC,10/27/2024,504.7,524.0,500.6,518.0,0.58,3699.0,577.0,361.7
SPC,10/28/2024,508.3,522.0,508.3,521.8,0.73,2213.0,577.0,361.7
SPC,10/29/2024,531.9,531.9,515.0,522.3,0.1,7370.0,577.0,361.7
SPC,10/30/2024,531.7,533.9,518.0,524.0,0.33,6471.0,577.0,361.7
SPC,11/5/2024,513.6,513.6,471.7,490.0,-6.49,188034.0,577.0,361.7
SPC,11/6/2024,480.5,515.0,480.5,498.0,1.63,61045.0,577.0,361.7
SPC,11/10/2024,505.0,525.0,494.0,518.0,4.02,154304.0,577.0,361.7
SPC,11/11/2024,518.0,556.0,518.0,539.0,4.05,164467.0,577.0,361.7
SPC,11/12/2024,539.0,545.0,529.0,532.0,-1.3,72927.0,577.0,361.7
SPC,11/13/2024,530.0,538.0,523.1,525.0,-1.32,49988.0,577.0,361.7
SPC,11/14/2024,535.0,565.0,528.4,565.0,7.62,188067.0,577.0,361.7
SPC,11/17/2024,570.0,595.0,570.0,582.0,3.01,108263.0,577.0,361.7
SPC,11/19/2024,586.0,591.0,550.0,550.2,-5.46,107374.0,577.0,361.7
SPC,11/20/2024,560.9,560.9,546.0,554.0,0.69,60296.0,577.0,361.7
SPC,11/21/2024,564.0,564.9,535.0,536.0,-3.25,72405.0,577.0,361.7
SPC,11/24/2024,536.0,546.0,527.1,529.0,-1.31,34274.0,577.0,361.7
SPC,11/25/2024,539.0,539.0,522.0,534.7,1.08,36773.0,577.0,361.7
SPC,11/26/2024,540.0,555.0,534.0,554.0,3.61,119428.0,577.0,361.7
SPC,11/27/2024,565.0,575.0,554.0,572.6,3.36,93081.0,577.0,361.7
SPC,11/28/2024,572.6,579.9,551.2,552.0,-3.6,49656.0,577.0,361.7
SPC,12/1/2024,552.0,558.0,535.0,544.0,-1.45,37647.0,577.0,361.7
SPC,12/2/2024,545.0,558.0,545.0,545.0,0.18,53483.0,577.0,361.7
SPC,12/3/2024,550.0,560.0,546.0,553.0,1.47,31935.0,577.0,361.7
SPC,12/4/2024,548.0,570.0,548.0,553.0,0.0,43203.0,577.0,361.7
SPC,12/5/2024,552.9,557.0,535.0,537.1,-2.88,38565.0,577.0,361.7
SPC,12/8/2024,527.2,546.9,519.0,525.0,-2.25,35360.0,577.0,361.7
SPC,12/9/2024,535.0,535.0,515.0,528.0,0.57,35508.0,577.0,361.7
SPC,12/10/2024,537.5,537.5,519.0,524.4,-0.68,17666.0,577.0,361.7
SPC,12/11/2024,525.0,560.0,518.0,558.7,6.54,56237.0,577.0,361.7
SPC,12/12/2024,559.0,562.0,539.6,544.0,-2.63,62398.0,577.0,361.7
SPC,12/16/2024,544.0,545.8,522.4,528.0,-2.94,40381.0,577.0,361.7
SPC,12/17/2024,528.0,549.0,523.0,532.0,0.76,40481.0,577.0,361.7
SPC,12/18/2024,522.0,542.5,515.0,520.0,-2.26,38460.0,577.0,361.7
SPC,12/19/2024,525.0,529.9,510.1,513.0,-1.35,31552.0,577.0,361.7
SPC,12/22/2024,523.0,523.0,507.0,514.9,0.37,13534.0,577.0,361.7
SPC,12/23/2024,514.0,528.0,511.0,528.0,2.54,35252.0,577.0,361.7
SPC,12/24/2024,532.0,535.0,518.0,518.9,-1.72,37302.0,577.0,361.7
SPC,12/26/2024,528.9,528.9,512.1,518.0,-0.17,26197.0,577.0,361.7
SPC,12/29/2024,515.0,520.0,500.0,508.8,-1.78,34549.0,577.0,361.7
SPC,12/31/2024,500.1,510.0,480.0,486.0,-4.48,32411.0,577.0,361.7
SPC,1/1/2025,494.5,500.8,483.0,495.0,1.85,21048.0,577.0,361.7
SPC,1/2/2025,499.0,500.0,485.0,495.0,0.0,17431.0,577.0,361.7
SPC,1/5/2025,495.0,519.0,491.1,508.9,2.81,37160.0,577.0,361.7
SPC,1/6/2025,515.0,525.0,511.6,524.0,2.97,35527.0,577.0,361.7
SPC,1/7/2025,515.0,533.0,515.0,520.9,-0.59,49630.0,577.0,361.7
SPC,1/8/2025,520.0,529.0,518.0,524.7,0.73,39737.0,577.0,361.7
SPC,1/9/2025,532.0,544.9,522.0,539.0,2.73,70439.0,577.0,361.7
SPC,1/12/2025,549.0,549.0,521.0,524.0,-2.78,28979.0,577.0,361.7
SPC,1/13/2025,521.0,527.9,512.0,516.0,-1.53,31816.0,577.0,361.7
SPC,1/15/2025,519.0,530.0,519.0,524.0,1.55,20297.0,577.0,361.7
SPC,1/16/2025,534.4,539.0,523.0,538.8,2.82,64629.0,577.0,361.7
SPC,1/19/2025,538.8,585.0,531.1,579.0,7.46,229660.0,577.0,361.7
SPC,1/20/2025,590.0,600.0,575.4,578.0,-0.17,171207.0,577.0,361.7
SPC,1/21/2025,588.0,588.0,563.1,566.9,-1.92,63699.0,577.0,361.7
SPC,1/22/2025,565.0,583.0,560.0,572.0,0.9,107573.0,577.0,361.7
SPC,1/23/2025,579.0,580.0,562.1,564.0,-1.4,68256.0,577.0,361.7
SPC,1/26/2025,553.0,583.9,553.0,577.0,2.3,125359.0,577.0,361.7
SPC,1/27/2025,586.0,607.9,578.0,598.0,3.64,214169.0,577.0,361.7
SPC,1/28/2025,605.0,632.0,605.0,627.0,4.85,186334.0,577.0,361.7
SPC,2/2/2025,639.5,652.1,615.0,618.9,-1.29,179777.0,577.0,361.7
SPC,2/3/2025,625.0,670.0,625.0,661.0,6.8,333843.0,577.0,361.7
SPC,2/4/2025,647.8,700.0,647.8,695.0,5.14,241051.0,577.0,361.7
SPC,2/5/2025,708.9,722.0,685.1,715.1,2.89,222605.0,577.0,361.7
SPC,2/6/2025,715.1,716.0,681.0,685.2,-4.18,223588.0,577.0,361.7
SPC,2/9/2025,698.9,698.9,658.0,660.4,-3.62,188857.0,577.0,361.7
SPC,2/10/2025,672.0,680.0,658.8,670.0,1.45,139369.0,577.0,361.7
SPC,2/11/2025,671.0,694.0,671.0,688.9,2.82,124594.0,577.0,361.7
SPC,2/12/2025,681.0,694.6,665.0,670.0,-2.74,172084.0,577.0,361.7
SPC,2/13/2025,679.7,679.7,661.0,661.0,-1.34,116182.0,577.0,361.7
SPC,2/16/2025,674.0,674.0,655.0,655.1,-0.89,94530.0,577.0,361.7
SPC,2/17/2025,667.6,667.6,639.0,642.0,-2.0,132283.0,577.0,361.7
SPC,2/18/2025,650.0,660.0,636.0,636.2,-0.9,135703.0,577.0,361.7
SPC,2/20/2025,640.0,641.0,628.0,630.0,-0.97,76465.0,577.0,361.7
SPC,2/23/2025,622.0,636.9,615.0,621.0,-1.43,80024.0,577.0,361.7
SPC,2/24/2025,620.0,633.0,620.0,625.0,0.64,88819.0,577.0,361.7
SPC,2/25/2025,626.9,639.9,624.0,631.0,0.96,71828.0,577.0,361.7
SPC,2/27/2025,632.0,640.0,620.0,624.0,-1.11,73906.0,577.0,361.7
SPC,3/2/2025,627.0,634.0,623.0,623.0,-0.16,64137.0,577.0,361.7
SPC,3/3/2025,634.0,635.4,614.0,623.0,0.0,80813.0,577.0,361.7
SPC,3/4/2025,614.1,627.9,605.0,610.0,-2.09,77024.0,577.0,361.7
SPC,3/5/2025,603.0,615.0,598.1,604.2,-0.95,57538.0,577.0,361.7
SPC,3/6/2025,610.0,641.0,600.0,620.0,2.62,60491.0,577.0,361.7
SPC,3/9/2025,611.0,628.0,598.9,601.2,-3.03,39857.0,577.0,361.7
SPC,3/10/2025,599.0,611.0,585.0,588.0,-2.2,44950.0,577.0,361.7
SPC,3/11/2025,587.0,591.0,572.0,575.0,-2.21,37170.0,577.0,361.7
SPC,3/12/2025,574.0,580.0,570.0,572.0,-0.52,31620.0,577.0,361.7
SPC,3/16/2025,575.0,590.0,570.1,574.0,0.35,42690.0,577.0,361.7
SPC,3/17/2025,571.4,583.4,563.0,563.0,-1.92,33734.0,577.0,361.7
SPC,3/18/2025,560.0,582.0,556.0,559.0,-0.71,28446.0,577.0,361.7
SPC,3/19/2025,560.1,568.0,541.0,548.9,-1.81,39438.0,577.0,361.7
SPC,3/20/2025,545.0,550.0,534.1,543.24,-1.03,34935.0,577.0,361.7
SPC,3/23/2025,545.0,550.0,515.0,517.77,-4.69,35778.0,577.0,361.7
SPC,3/24/2025,516.0,535.8,510.1,526.08,1.6,33378.0,577.0,361.7
SPC,3/25/2025,520.0,527.3,506.0,508.09,-3.42,24503.0,577.0,361.7
SPC,3/26/2025,510.0,523.9,502.0,517.75,1.9,26454.0,577.0,361.7
SPC,3/27/2025,518.0,528.0,511.1,524.02,1.21,28504.0,577.0,361.7
SPC,3/30/2025,524.0,567.0,524.0,554.42,5.8,75115.0,577.0,361.7
SPC,4/1/2025,555.0,560.0,535.0,540.69,-2.48,37558.0,577.0,361.7
SPC,4/2/2025,548.8,555.0,540.0,541.53,0.16,25051.0,577.0,361.7
SPC,4/3/2025,542.0,556.9,538.0,539.24,-0.42,43210.0,577.0,361.7
SPC,4/7/2025,540.0,540.0,523.0,524.82,-2.67,28270.0,577.0,361.7
SPC,4/8/2025,517.1,529.0,510.0,523.55,-0.24,30548.0,577.0,361.7
SPC,4/9/2025,533.0,533.0,515.5,518.97,-0.87,18985.0,577.0,361.7
SPC,4/10/2025,510.0,535.0,510.0,518.37,-0.12,40710.0,577.0,361.7
SPC,4/13/2025,520.0,530.0,512.0,516.96,-0.27,29896.0,577.0,361.7
SPC,4/15/2025,516.1,539.9,516.1,536.42,3.76,46198.0,577.0,361.7
SPC,4/16/2025,545.0,554.0,536.0,544.51,1.51,33328.0,577.0,361.7
SPC,4/17/2025,543.0,565.0,542.09,553.64,1.68,52667.0,577.0,361.7
SPC,4/20/2025,547.0,560.0,535.0,537.85,-2.85,41774.0,577.0,361.7
SPC,4/21/2025,536.0,565.0,536.0,558.55,3.85,49858.0,577.0,361.7
SPC,4/22/2025,555.0,584.4,554.0,570.57,2.15,116903.0,577.0,361.7
SPC,4/23/2025,579.0,579.0,548.0,552.22,-3.22,39450.0,577.0,361.7
SPC,4/24/2025,541.2,570.0,541.2,547.56,-0.84,32151.0,577.0,361.7
SPC,4/27/2025,558.0,559.0,531.0,534.37,-2.41,69564.0,577.0,361.7
SPC,4/28/2025,535.0,545.0,520.0,524.6,-1.83,26643.0,577.0,361.7
SPC,4/29/2025,525.0,535.0,518.0,518.96,-1.08,23560.0,577.0,361.7
SPC,4/30/2025,519.0,532.0,519.0,520.94,0.38,35115.0,577.0,361.7
SPC,5/4/2025,530.0,542.6,524.0,534.18,2.54,27559.0,577.0,361.7
SPC,5/5/2025,540.0,544.8,531.0,532.18,-0.37,28527.0,577.0,361.7
SPC,5/6/2025,537.8,537.8,523.4,525.84,-1.19,25111.0,577.0,361.7
SPC,5/7/2025,536.0,550.0,522.0,538.58,2.42,33961.0,577.0,361.7
SPC,5/8/2025,532.0,545.0,530.5,534.24,-0.81,28204.0,577.0,361.7
SPC,5/11/2025,544.0,544.0,526.0,526.92,-1.37,21076.0,577.0,361.7
SPC,5/13/2025,517.0,538.0,517.0,533.13,1.18,37294.0,577.0,361.7
SPC,5/14/2025,523.0,535.0,523.0,525.19,-1.49,18069.0,577.0,361.7
SPC,5/15/2025,521.1,530.0,519.7,520.29,-0.93,17966.0,577.0,361.7
SPC,5/18/2025,529.5,529.5,510.0,511.77,-1.64,17937.0,577.0,361.7
SPC,5/19/2025,510.0,522.3,510.0,515.04,0.64,13236.0,577.0,361.7
SPC,5/20/2025,519.9,541.0,511.0,533.68,3.62,23780.0,577.0,361.7
SPC,5/21/2025,544.0,553.0,521.8,523.08,-1.99,17504.0,577.0,361.7
SPC,5/22/2025,531.8,531.8,512.0,512.56,-2.01,21038.0,577.0,361.7
SPC,5/25/2025,513.0,516.0,505.1,507.91,-0.91,19550.0,577.0,361.7
SPC,5/26/2025,515.0,525.0,505.0,506.38,-0.3,23645.0,577.0,361.7
SPC,5/27/2025,506.0,510.0,504.1,505.34,-0.21,11052.0,577.0,361.7
SPC,5/28/2025,505.1,515.0,502.0,508.71,0.67,23437.0,577.0,361.7
SPC,6/2/2025,515.2,525.5,499.0,501.3,-1.46,20940.0,577.0,361.7
SPC,6/3/2025,501.3,508.0,495.0,496.41,-0.98,14543.0,577.0,361.7
SPC,6/4/2025,496.0,503.0,493.0,494.07,-0.47,14290.0,577.0,361.7
SPC,6/5/2025,502.0,509.0,491.0,498.35,0.87,14998.0,577.0,361.7
SPC,6/8/2025,490.0,507.9,490.0,501.76,0.68,21843.0,577.0,361.7
SPC,6/9/2025,492.5,525.0,492.5,511.8,2.0,26232.0,577.0,361.7
SPC,6/10/2025,501.6,520.0,501.6,515.07,0.64,24364.0,577.0,361.7
SPC,6/11/2025,515.0,520.0,500.9,511.79,-0.64,19268.0,577.0,361.7
SPC,6/12/2025,514.9,518.0,501.1,504.51,-1.42,24227.0,577.0,361.7
SPC,6/15/2025,503.0,512.0,500.1,503.45,-0.21,17756.0,577.0,361.7
SPC,6/16/2025,500.1,515.0,500.0,507.71,0.85,37350.0,577.0,361.7
SPC,6/17/2025,503.0,512.0,500.0,503.54,-0.82,11391.0,577.0,361.7
SPC,6/18/2025,500.0,512.0,500.0,507.01,0.69,15927.0,577.0,361.7
SPC,6/19/2025,502.0,508.0,495.0,495.75,-2.22,31595.0,577.0,361.7
SPC,6/22/2025,490.9,500.6,488.1,489.68,-1.22,10579.0,577.0,361.7
SPC,6/23/2025,489.0,492.0,485.0,486.91,-0.57,7119.0,577.0,361.7
SPC,6/24/2025,495.0,495.0,485.1,486.15,-0.16,18391.0,577.0,361.7
SPC,6/25/2025,486.0,500.0,485.0,496.76,2.18,24555.0,577.0,361.7
SPC,6/26/2025,500.0,530.0,500.0,521.5,4.98,97446.0,577.0,361.7
SPC,6/29/2025,531.9,531.9,513.5,517.98,-0.67,29780.0,577.0,361.7
SPC,6/30/2025,528.0,528.0,510.0,512.89,-0.98,37359.0,577.0,361.7
SPC,7/1/2025,522.0,525.0,507.7,521.88,1.75,39187.0,577.0,361.7
SPC,7/2/2025,511.5,574.0,511.5,549.69,5.33,107045.0,577.0,361.7
SPC,7/3/2025,538.7,558.9,535.0,537.67,-2.19,39440.0,577.0,361.7
SPC,7/6/2025,528.0,538.5,515.2,519.18,-3.44,32044.0,577.0,361.7
SPC,7/7/2025,515.1,523.7,511.0,511.3,-1.52,14966.0,577.0,361.7
SPC,7/8/2025,521.5,521.5,505.0,512.33,0.2,13727.0,577.0,361.7
SPC,7/9/2025,509.0,520.0,509.0,515.66,0.65,11309.0,577.0,361.7
SPC,7/10/2025,525.0,525.0,508.0,510.0,-1.1,27135.0,577.0,361.7
SPC,7/13/2025,520.0,530.4,508.0,509.16,-0.16,26590.0,577.0,361.7
SPC,7/14/2025,513.0,513.9,505.0,506.7,-0.48,15137.0,577.0,361.7
SPC,7/15/2025,513.8,520.0,507.0,513.38,1.32,32702.0,577.0,361.7
SPC,7/16/2025,522.0,550.0,509.0,538.17,4.83,63416.0,577.0,361.7
SPC,7/17/2025,548.0,552.0,535.0,548.16,1.86,65331.0,577.0,361.7
SPC,7/20/2025,550.0,556.0,532.0,538.97,-1.68,67620.0,577.0,361.7
SPC,7/21/2025,543.0,544.0,530.3,532.22,-1.25,37515.0,577.0,361.7
SPC,7/22/2025,534.2,549.8,534.2,540.17,1.49,45589.0,577.0,361.7
SPC,7/23/2025,542.0,585.0,542.0,571.76,5.85,193893.0,577.0,361.7
SPC,7/24/2025,571.6,586.0,567.0,572.6,0.15,82341.0,577.0,361.7
SPC,7/27/2025,584.0,584.0,550.1,554.54,-3.15,79325.0,577.0,361.7
SPC,7/28/2025,547.0,582.0,545.0,569.27,2.66,61954.0,577.0,361.7
SPC,7/29/2025,580.0,591.0,563.5,565.4,-0.68,67273.0,577.0,361.7
SPC,7/30/2025,576.0,576.0,553.4,554.51,-1.93,50473.0,577.0,361.7
SPC,7/31/2025,550.0,570.0,550.0,552.5,-0.36,60629.0,577.0,361.7
SPC,8/3/2025,541.5,555.0,541.0,541.97,-1.91,36689.0,577.0,361.7
SPC,8/4/2025,531.2,552.6,531.2,547.41,1.0,29411.0,577.0,361.7
SPC,8/5/2025,558.3,558.3,532.3,535.41,-2.19,30304.0,577.0,361.7
SPC,8/6/2025,535.0,545.0,532.0,535.68,0.05,16992.0,577.0,361.7
SPC,8/7/2025,535.0,549.9,528.4,535.86,0.03,39793.0,577.0,361.7
SPC,8/11/2025,530.1,540.7,525.5,527.05,-1.64,28221.0,577.0,361.7
SPC,8/12/2025,527.0,538.8,527.0,534.52,1.42,38877.0,577.0,361.7
SPC,8/13/2025,523.9,547.1,523.9,533.27,-0.23,27991.0,577.0,361.7
SPC,8/14/2025,543.0,543.0,530.2,537.36,0.77,36872.0,577.0,361.7
SPC,8/17/2025,531.1,548.1,531.1,541.23,0.72,28150.0,577.0,361.7
SPC,8/18/2025,530.5,555.0,530.5,552.93,2.16,34534.0,577.0,361.7
SPC,8/19/2025,541.9,561.9,541.9,544.95,-1.44,21433.0,577.0,361.7
SPC,8/20/2025,542.3,543.1,533.0,534.49,-1.92,19516.0,577.0,361.7
SPC,8/21/2025,530.0,539.0,530.0,530.68,-0.71,11300.0,577.0,361.7
SPC,8/24/2025,530.0,540.0,524.1,527.44,-0.61,15769.0,577.0,361.7
SPC,8/25/2025,537.4,537.4,524.0,526.42,-0.19,13722.0,577.0,361.7
SPC,8/26/2025,526.1,530.0,520.0,526.6,0.03,18054.0,577.0,361.7
SPC,8/27/2025,520.0,535.0,520.0,532.73,1.16,17594.0,577.0,361.7
SPC,8/28/2025,530.0,537.2,518.2,520.71,-2.26,19058.0,577.0,361.7
SPC,8/31/2025,513.4,521.4,513.4,514.19,-1.25,15507.0,577.0,361.7
SPC,9/1/2025,504.0,524.0,504.0,512.92,-0.25,8313.0,577.0,361.7
SPC,9/2/2025,515.0,515.0,505.0,505.76,-1.4,12393.0,577.0,361.7
SPC,9/3/2025,500.1,507.0,500.0,500.51,-1.04,13806.0,577.0,361.7
SPC,9/4/2025,496.2,509.6,495.0,503.62,0.62,19692.0,577.0,361.7
SPC,9/7/2025,503.0,509.0,498.0,504.24,0.12,12488.0,577.0,361.7
SPC,9/8/2025,504.24,509.8,498.0,498.78,-1.08,9893.0,577.0,361.7
SPC,9/18/2025,488.9,488.9,479.2,479.2,-3.93,433.0,577.0,361.7
SPC,9/21/2025,482.0,507.1,463.7,495.73,3.45,17696.0,577.0,361.7
SPC,9/23/2025,503.9,514.5,496.0,508.0,2.48,11282.0,577.0,361.7
SPC,9/24/2025,500.0,524.0,500.0,514.0,1.18,17636.0,577.0,361.7
SPC,9/25/2025,511.0,519.0,511.0,511.1,-0.56,7362.0,577.0,361.7
SPC,9/28/2025,511.0,515.0,511.0,513.3,0.43,3881.0,577.0,361.7
SPC,10/7/2025,503.1,510.0,482.1,485.1,-5.49,30399.0,577.0,361.7
SPC,10/8/2025,494.0,494.0,465.0,476.9,-1.69,17195.0,577.0,361.7
SPC,10/9/2025,486.4,499.9,474.0,478.0,0.23,8077.0,577.0,361.7
SPC,10/12/2025,470.0,475.0,451.0,460.0,-3.77,11107.0,577.0,361.7
SPC,10/13/2025,452.0,473.0,452.0,465.0,1.09,5891.0,577.0,361.7
SPC,10/14/2025,460.0,470.0,456.0,456.0,-1.94,5457.0,577.0,361.7
SPC,10/15/2025,447.1,467.9,447.1,458.0,0.44,5615.0,577.0,361.7
SPC,10/16/2025,452.2,456.0,441.0,444.0,-3.06,2644.0,577.0,361.7
SPC,10/19/2025,452.0,458.7,445.0,445.0,0.23,2573.0,577.0,361.7
SPC,10/26/2025,453.9,454.0,443.0,443.0,-0.45,1904.0,577.0,361.7
SPC,10/28/2025,451.8,473.9,450.0,472.9,6.75,7040.0,577.0,361.7
SPC,10/29/2025,480.0,480.0,462.1,469.9,-0.63,4377.0,577.0,361.7
SPC,10/30/2025,461.0,475.0,461.0,470.6,0.15,2579.0,577.0,361.7
SPC,11/2/2025,480.0,490.0,475.0,480.0,2.0,14513.0,577.0,361.7
SPC,11/3/2025,475.0,488.9,475.0,476.5,-0.73,5139.0,577.0,361.7
SPC,11/4/2025,471.2,478.0,466.0,470.0,-1.36,4888.0,577.0,361.7
SPC,11/5/2025,475.0,475.0,456.0,461.2,-1.87,8371.0,577.0,361.7
SPC,11/6/2025,470.4,474.0,457.0,457.0,-0.91,7790.0,577.0,361.7
SPC,11/9/2025,455.0,466.1,455.0,455.2,-0.39,5285.0,577.0,361.7
SPC,11/10/2025,450.6,464.3,446.2,455.0,-0.04,9327.0,577.0,361.7
SPC,11/11/2025,464.0,464.0,447.0,455.0,0.0,9544.0,577.0,361.7
SPC,11/12/2025,461.0,461.0,446.0,454.0,-0.22,4223.0,577.0,361.7
SPC,11/13/2025,458.8,458.8,448.3,451.0,-0.66,6558.0,577.0,361.7
SPC,11/16/2025,456.9,459.0,446.2,457.7,1.49,2541.0,577.0,361.7
SPC,11/17/2025,454.0,460.0,450.0,455.5,-0.48,5675.0,577.0,361.7
SPC,11/18/2025,461.0,469.0,460.0,465.0,2.09,10443.0,577.0,361.7
SPC,11/19/2025,471.7,472.8,457.1,464.9,-0.02,5861.0,577.0,361.7
SPC,11/20/2025,470.0,483.0,466.0,482.0,3.68,26185.0,577.0,361.7
SPC,11/23/2025,472.4,495.0,472.4,492.0,2.07,32463.0,577.0,361.7
SPC,11/24/2025,489.0,501.0,483.1,487.0,-1.02,9556.0,577.0,361.7
SPC,11/25/2025,487.0,495.0,477.3,491.8,0.99,11771.0,577.0,361.7
SPC,11/26/2025,499.9,501.5,476.0,494.0,0.45,11427.0,577.0,361.7
SPC,11/27/2025,497.9,497.9,488.0,489.0,-1.01,8983.0,577.0,361.7
SPC,11/30/2025,488.0,490.0,481.3,490.0,0.2,28235.0,577.0,361.7
SPC,12/1/2025,481.1,503.0,481.1,496.0,1.22,19171.0,577.0,361.7
SPC,12/2/2025,500.0,513.0,496.0,504.5,1.71,17265.0,577.0,361.7
SPC,12/3/2025,504.5,509.0,490.0,490.1,-2.85,33879.0,577.0,361.7
SPC,12/7/2025,488.1,494.9,480.4,490.0,-0.02,9115.0,577.0,361.7
SPC,12/8/2025,484.0,494.0,483.0,489.8,-0.04,7532.0,577.0,361.7
SPC,12/9/2025,481.1,495.0,481.1,490.0,0.04,8627.0,577.0,361.7
SPC,12/10/2025,485.6,499.8,485.0,485.0,-1.02,13087.0,577.0,361.7
SPC,12/11/2025,480.0,498.0,480.0,489.0,0.82,7179.0,577.0,361.7
SPC,12/14/2025,486.0,493.5,480.1,480.1,-1.82,13002.0,577.0,361.7
SPC,12/15/2025,489.0,494.9,477.6,483.9,0.79,12836.0,577.0,361.7
SPC,12/16/2025,485.0,500.0,484.3,485.2,0.27,18490.0,577.0,361.7
SPC,12/17/2025,475.5,512.0,475.5,506.0,4.29,41484.0,577.0,361.7
SPC,12/18/2025,495.9,523.0,495.9,511.9,1.17,47594.0,577.0,361.7
SPC,12/21/2025,522.1,537.0,510.0,533.0,4.12,100708.0,577.0,361.7
SPC,12/22/2025,522.4,540.0,510.2,511.0,-4.13,57902.0,577.0,361.7
SPC,12/23/2025,515.0,529.2,509.2,522.0,2.15,52384.0,577.0,361.7
SPC,12/24/2025,522.0,538.5,516.2,530.4,1.61,44788.0,577.0,361.7
SPC,12/28/2025,539.0,539.0,522.0,533.1,0.51,38343.0,577.0,361.7
SPC,12/29/2025,523.0,539.0,520.9,524.0,-1.71,21575.0,577.0,361.7
SPC,12/31/2025,521.1,534.0,515.4,533.0,1.72,38081.0,577.0,361.7
SPC,1/1/2026,526.1,539.0,525.0,533.0,0.0,33703.0,577.0,361.7
SPC,1/4/2026,533.0,533.0,524.1,524.1,-1.67,15539.0,577.0,361.7
SPC,1/5/2026,527.0,570.0,522.6,554.9,5.88,104779.0,577.0,361.7
SPC,1/6/2026,554.0,565.0,540.1,540.1,-2.67,30837.0,577.0,361.7
SPC,1/7/2026,550.0,550.0,527.3,535.0,-0.94,36606.0,577.0,361.7
SPC,1/8/2026,528.0,543.9,528.0,532.9,-0.39,18212.0,577.0,361.7
SPC,1/12/2026,522.5,543.5,522.5,534.0,0.21,21408.0,577.0,361.7
SPC,1/13/2026,544.4,544.4,525.0,529.3,-0.88,22581.0,577.0,361.7
SPC,1/14/2026,524.0,545.0,524.0,544.0,2.78,40725.0,577.0,361.7
SPC,1/18/2026,545.0,577.0,539.0,561.0,3.12,96171.0,577.0,361.7
SPC,1/20/2026,565.0,574.0,542.0,545.2,-2.82,59483.0,577.0,361.7
SPC,1/21/2026,545.0,556.0,535.5,537.0,-1.5,39093.0,577.0,361.7
SPC,1/22/2026,526.3,568.0,526.3,540.0,0.56,29436.0,577.0,361.7
SPC,1/25/2026,530.0,560.0,530.0,540.9,0.17,74004.0,577.0,361.7
SPC,1/26/2026,540.0,544.0,525.0,533.0,-1.46,55973.0,577.0,361.7
SPC,1/27/2026,522.4,540.0,515.1,528.0,-0.94,58207.0,577.0,361.7
SPC,1/28/2026,519.0,536.0,519.0,522.0,-1.14,34461.0,577.0,361.7
SPC,1/29/2026,532.0,535.0,520.0,525.6,0.69,53055.0,577.0,361.7
SPC,2/1/2026,535.0,535.0,510.1,520.0,-1.07,26086.0,577.0,361.7
SPC,2/2/2026,527.0,527.0,505.8,517.9,-0.4,27541.0,577.0,361.7
SPC,2/3/2026,520.0,530.0,515.0,517.0,-0.17,21348.0,577.0,361.7
SPC,2/4/2026,525.8,525.8,515.2,519.0,0.39,12635.0,577.0,361.7
SPC,2/5/2026,515.1,538.0,515.1,527.3,1.6,26587.0,577.0,361.7
SPC,2/8/2026,533.0,533.0,516.0,518.0,-1.76,23177.0,577.0,361.7
SPC,2/9/2026,525.0,525.0,511.0,513.1,-0.95,12636.0,577.0,361.7
SPC,2/10/2026,522.0,522.0,500.0,504.0,-1.77,31161.0,577.0,361.7
SPC,2/11/2026,514.0,514.0,503.1,508.0,0.79,13768.0,577.0,361.7
SPC,2/12/2026,512.3,529.0,505.0,509.0,0.2,28490.0,577.0,361.7
SPC,2/16/2026,509.0,517.0,503.0,503.4,-1.1,11291.0,577.0,361.7
SPC,2/17/2026,500.0,510.9,492.0,499.0,-0.87,22428.0,577.0,361.7
SPC,2/22/2026,491.2,494.0,484.0,486.0,-2.61,12832.0,577.0,361.7
SPC,2/23/2026,486.0,495.0,477.1,480.9,-1.05,12641.0,577.0,361.7
SPC,2/24/2026,477.3,498.0,477.3,485.3,0.91,15826.0,577.0,361.7
SPC,2/25/2026,490.0,499.9,489.0,493.0,1.59,11008.0,577.0,361.7
SPC,2/26/2026,493.0,499.0,490.2,493.9,0.18,4847.0,577.0,361.7
SPC,2/27/2026,493.0,499.0,490.2,493.9,0.0,4847.0,577.0,361.7
SPC,2/28/2026,493.0,499.0,490.2,493.9,0.0,4847.0,577.0,361.7
SPC,3/2/2026,484.2,496.6,484.2,490.0,-0.79,6334.0,577.0,361.7
SPC,3/3/2026,488.0,502.5,488.0,500.5,2.14,14090.0,577.0,361.7
SPC,3/4/2026,488.0,502.5,488.0,500.5,0.0,14090.0,577.0,361.7
SPC,3/5/2026,488.0,502.5,488.0,500.5,0.0,14090.0,577.0,361.7
SPC,3/6/2026,488.0,502.5,488.0,500.5,0.0,14090.0,577.0,361.7
SPC,3/7/2026,488.0,502.5,488.0,500.5,0.0,14090.0,577.0,361.7
SPC,3/8/2026,488.0,502.5,488.0,500.5,0.0,14090.0,577.0,361.7
SPC,3/9/2026,510.5,530.0,510.5,530.0,5.89,187.0,577.0,361.7
SPC,3/10/2026,536.0,536.0,506.0,518.9,-2.09,24854.0,577.0,361.7
SPC,3/11/2026,529.0,529.0,505.0,511.0,-1.52,13920.0,577.0,361.7
SPC,3/12/2026,515.0,518.9,507.0,513.8,0.55,12778.0,577.0,361.7
SPC,3/13/2026,515.0,518.9,507.0,513.8,0.0,12778.0,577.0,361.7
SPC,3/14/2026,515.0,518.9,507.0,513.8,0.0,12778.0,577.0,361.7
SPC,3/15/2026,524.0,529.0,513.7,518.0,0.82,46449.0,577.0,361.7
SPC,3/16/2026,507.7,534.0,507.7,524.0,1.16,34219.0,577.0,361.7
SPC,3/17/2026,513.6,530.0,513.6,524.8,0.15,12860.0,577.0,361.7
SPC,3/18/2026,513.6,530.0,513.6,524.8,0.0,12860.0,577.0,361.7
SPC,3/19/2026,530.0,534.0,520.0,526.0,0.23,49699.0,577.0,361.7
SPC,3/20/2026,530.0,534.0,520.0,526.0,0.0,49699.0,577.0,361.7
SPC,3/21/2026,530.0,534.0,520.0,526.0,0.0,49699.0,577.0,361.7
SPC,3/22/2026,532.0,535.9,518.0,527.0,0.19,37845.0,577.0,361.7
SPC,3/23/2026,527.0,527.0,518.0,522.0,-0.95,15769.0,577.0,361.7
SPC,3/24/2026,527.0,527.0,521.0,525.0,0.57,28525.0,577.0,361.7
SPC,3/25/2026,530.0,530.0,515.1,515.1,-1.89,9333.0,577.0,361.7
SPC,3/26/2026,522.0,566.0,510.3,520.9,-0.21,20383.0,577.0,361.7
SPC,3/29/2026,529.9,529.9,494.0,494.0,-6.77,20090.0,577.0,361.7
SPC,3/30/2026,494.0,515.0,492.1,505.0,2.23,16472.0,577.0,361.7
SPC,3/31/2026,495.0,514.9,490.0,510.0,3.03,11752.0,577.0,361.7
SPC,4/1/2026,500.0,504.0,486.9,488.0,-2.4,11676.0,577.0,361.7
SPC,4/2/2026,485.0,494.0,480.1,489.0,0.82,11455.0,577.0,361.7
SPC,4/5/2026,495.0,495.0,461.0,464.0,-6.26,27189.0,577.0,361.7
SPC,4/6/2026,473.0,488.5,467.0,477.0,0.85,27283.0,577.0,361.7
SPC,4/7/2026,475.2,490.0,475.2,480.0,1.01,7791.0,577.0,361.7
SPC,4/8/2026,480.3,493.5,477.5,493.5,2.75,15485.0,577.0,361.7
SPC,4/9/2026,499.9,504.8,490.0,504.8,0.98,12766.0,577.0,361.7
SPC,4/10/2026,495.0,508.9,483.0,497.0,0.4,11753.0,577.0,361.7
SPC,4/13/2026,487.3,505.0,487.3,497.0,1.99,5331.0,577.0,361.7
SPC,4/15/2026,505.9,506.7,490.2,501.0,-0.97,10160.0,577.0,361.7
SPC,4/16/2026,493.1,506.9,473.1,486.0,-1.44,39126.0,577.0,361.7
SPC,4/17/2026,492.0,494.4,467.7,487.7,-0.87,17405.0,577.0,361.7
SPC,4/20/2026,500.0,500.0,456.0,485.0,-3.0,3821.0,577.0,361.7
SPC,4/21/2026,509.2,509.2,467.1,469.3,-7.84,21633.0,577.0,361.7
SPC,4/22/2026,492.7,492.7,460.0,480.0,-2.58,17401.0,577.0,361.7
SPC,4/23/2026,488.9,488.9,465.0,470.0,-3.87,31317.0,577.0,361.7
SPC,4/24/2026,470.0,470.0,463.0,467.9,-0.45,9854.0,577.0,361.7
SPC,4/27/2026,467.9,481.0,465.0,470.0,0.45,8227.0,577.0,361.7
SPC,4/28/2026,470.0,482.0,467.6,470.0,0.0,3530.0,577.0,361.7
SPC,4/29/2026,470.0,480.0,456.1,465.0,-1.06,11576.0,577.0,361.7
SPC,4/30/2026,472.9,472.9,456.0,463.3,-2.03,8066.0,577.0,361.7
SPC,5/4/2026,477.1,477.1,457.2,457.2,-4.17,5739.0,577.0,361.7
SPC,5/5/2026,466.8,466.8,452.8,455.1,-2.51,4223.0,577.0,361.7
SPC,5/6/2026,465.9,465.9,453.1,456.9,-1.93,3186.0,577.0,361.7
SPC,5/7/2026,455.0,460.0,452.0,455.0,0.0,4273.0,577.0,361.7
SPC,5/8/2026,468.6,468.6,453.0,459.5,-1.94,2496.0,577.0,361.7
SPC,5/11/2026,482.4,482.4,461.0,470.0,-2.57,5296.0,577.0,361.7
SPC,5/12/2026,470.0,476.5,463.1,466.0,-0.85,2336.0,577.0,361.7
SPC,5/13/2026,460.0,467.9,458.0,467.9,1.72,4570.0,577.0,361.7
SPC,5/14/2026,456.0,465.0,455.0,463.9,1.73,5114.0,577.0,361.7
SPC,5/15/2026,487.0,487.0,450.0,452.0,-7.19,5245.0,577.0,361.7
SPC,5/18/2026,452.1,455.0,445.0,451.9,-0.04,5068.0,577.0,361.7
SPC,5/19/2026,451.9,454.0,448.0,449.2,-0.6,5409.0,577.0,361.7
SPC,5/20/2026,447.0,459.0,447.0,456.0,2.01,2815.0,577.0,361.7
SPC,5/21/2026,454.1,462.5,454.1,457.2,0.68,1357.0,577.0,361.7
SPC,5/22/2026,455.0,470.0,455.0,458.2,0.7,7281.0,577.0,361.7
SPC,5/25/2026,455.2,478.5,455.2,469.0,3.03,4692.0,577.0,361.7
SPC,5/26/2026,469.0,469.0,463.0,467.0,-0.43,1899.0,577.0,361.7
SPC,5/27/2026,462.0,474.0,462.0,468.8,1.47,6865.0,577.0,361.7
SPC,6/1/2026,479.7,479.7,456.0,456.0,-4.94,9611.0,577.0,361.7
SPC,6/2/2026,449.0,464.8,449.0,462.9,3.1,2905.0,577.0,361.7
SPC,6/3/2026,462.0,470.0,457.0,465.0,0.65,9517.0,577.0,361.7
SPC,6/4/2026,470.0,470.0,458.1,461.0,-1.91,6573.0,577.0,361.7
SPC,6/5/2026,457.1,465.0,446.5,459.9,0.61,14607.0,577.0,361.7
SPC,6/8/2026,452.0,462.0,452.0,456.0,0.88,3714.0,577.0,361.7
SPC,6/9/2026,453.0,460.9,452.1,459.0,1.32,8336.0,577.0,361.7
SPC,6/10/2026,460.0,468.0,455.5,457.0,-0.65,1999.0,577.0,361.7
SPC,6/11/2026,452.0,458.0,452.0,455.5,0.77,1668.0,577.0,361.7
SPC,6/12/2026,453.0,463.0,450.0,459.8,1.5,5638.0,577.0,361.7
SPC,6/15/2026,450.4,455.0,450.4,455.0,1.02,2311.0,577.0,361.7
SPC,6/16/2026,452.0,459.9,450.1,454.9,0.64,5019.0,577.0,361.7
SPC,6/17/2026,455.0,459.9,450.1,450.7,-0.95,6446.0,577.0,361.7
SPC,6/18/2026,450.0,470.0,446.5,455.0,1.11,1169.0,577.0,361.7
SPC,6/19/2026,464.0,464.0,451.0,452.3,-2.52,1047.0,577.0,361.7
SPC,6/22/2026,451.0,459.9,447.5,448.0,-0.67,7955.0,577.0,361.7
SPC,6/23/2026,447.0,449.9,439.1,445.0,-0.45,4321.0,577.0,361.7
SPC,6/24/2026,438.0,448.0,435.0,438.0,0.0,6831.0,577.0,361.7
SPC,6/26/2026,448.0,461.4,415.0,428.0,-4.46,9345.0,577.0,361.7
SPC,6/29/2026,420.0,420.0,413.1,415.0,-1.19,3389.0,577.0,361.7
SPC,6/30/2026,420.0,420.0,405.0,411.0,-2.14,4699.0,577.0,361.7
SPC,7/1/2026,420.0,431.8,413.6,420.0,0.0,1355.0,577.0,361.7
SPC,7/2/2026,415.0,424.0,407.4,417.0,0.48,1139.0,577.0,361.7
SPC,7/3/2026,410.0,420.1,410.0,416.0,1.46,4014.0,577.0,361.7
SPC,7/6/2026,410.1,421.8,410.0,410.0,-0.02,3743.0,577.0,361.7
SPC,7/7/2026,415.0,418.9,409.0,418.0,0.72,3415.0,577.0,361.7
SPC,7/8/2026,420.0,425.0,411.0,422.3,0.55,6404.0,577.0,361.7
SPC,7/9/2026,420.0,423.0,415.1,420.0,0.0,1969.0,577.0,361.7
SPC,7/10/2026,400.0,427.8,400.0,420.0,5.0,752.0,577.0,361.7
SPC,7/13/2026,412.0,419.0,410.1,415.0,0.73,1000.0,577.0,361.7
SPC,7/14/2026,420.0,420.0,408.0,420.0,0.0,5399.0,577.0,361.7
SPC,7/15/2026,408.0,420.0,408.0,420.0,2.94,2500.0,577.0,361.7
SPC,7/16/2026,410.1,420.9,410.1,420.9,2.63,1085.0,577.0,361.7
SPC,7/17/2026,425.9,438.0,420.0,435.0,2.14,7389.0,577.0,361.7
SPC,7/20/2026,446.0,446.0,425.8,439.8,-1.39,5615.0,577.0,361.7
SPC,7/21/2026,417.9,447.0,417.9,436.3,4.4,5319.0,577.0,361.7
SPC,7/22/2026,425.4,434.7,425.4,434.7,2.19,2086.0,577.0,361.7
SPC,7/23/2026,425.5,434.0,425.5,430.0,1.06,3060.0,577.0,361.7
SPC,7/24/2026,430.0,432.0,421.0,426.0,-0.93,5197.0,577.0,361.7
SPC,7/27/2026,424.0,432.9,418.0,418.0,-1.42,3709.0,577.0,361.7
SPC,7/28/2026,410.5,425.4,410.5,420.0,2.31,3222.0,577.0,361.7
SPC,7/29/2026,420.0,424.8,412.5,417.1,-0.69,2099.0,577.0,361.7
SPC,7/30/2026,427.9,427.9,411.1,415.0,-3.01,2448.0,577.0,361.7
SPC,7/31/2026,412.0,422.0,407.0,421.0,2.18,8408.0,577.0,361.7
SPC,8/3/2026,419.0,432.0,419.0,427.0,1.91,4720.0,577.0,361.7
SPC,8/4/2026,419.0,427.0,419.0,424.9,1.41,1311.0,577.0,361.7
SPC,8/5/2026,416.0,422.8,416.0,422.7,1.61,3826.0,577.0,361.7
SPC,8/6/2026,422.0,422.0,415.0,420.0,-0.47,3894.0,577.0,361.7
SPC,8/7/2026,411.0,421.7,410.1,419.0,1.95,3743.0,577.0,361.7
SPC,8/10/2026,411.0,422.0,411.0,418.0,1.7,970.0,577.0,361.7
SPC,8/11/2026,417.0,420.0,412.0,416.2,-0.19,3944.0,577.0,361.7
SPC,8/12/2026,414.0,417.8,410.0,417.8,0.92,1106.0,577.0,361.7
SPC,8/13/2026,411.1,420.0,411.1,418.0,1.68,1214.0,577.0,361.7
SPC,8/14/2026,415.0,418.5,411.3,418.5,0.84,1359.0,577.0,361.7
SPC,8/17/2026,407.4,414.0,407.2,414.0,1.62,2260.0,577.0,361.7
SPC,8/18/2026,414.0,415.0,408.0,409.2,-1.16,3444.0,577.0,361.7
SPC,8/19/2026,401.0,418.8,401.0,417.0,3.99,5275.0,577.0,361.7
SPC,8/20/2026,414.0,420.0,409.0,416.6,0.63,4467.0,577.0,361.7
SPC,8/21/2026,411.0,416.0,404.4,414.0,0.73,5713.0,577.0,361.7
SPC,8/24/2026,408.1,414.0,400.0,408.0,-0.02,7322.0,577.0,361.7
SPC,8/25/2026,411.0,411.0,399.5,404.9,-1.48,6767.0,577.0,361.7
SPC,8/26/2026,404.9,405.0,390.1,399.0,-1.46,4377.0,577.0,361.7
SPC,8/27/2026,390.0,400.0,372.0,397.0,1.79,7096.0,577.0,361.7
SPC,8/31/2026,408.8,408.9,377.0,382.0,-6.56,9991.0,577.0,361.7
SPC,9/1/2026,382.0,386.0,376.0,385.0,0.79,2505.0,577.0,361.7
SPC,9/2/2026,377.0,398.0,376.7,397.0,5.31,4207.0,577.0,361.7
SPC,9/3/2026,408.9,408.9,390.0,397.9,-2.69,1285.0,577.0,361.7
SPC,9/7/2026,390.0,406.9,390.0,398.0,2.05,6974.0,577.0,361.7
SPC,9/9/2026,417.9,417.9,385.0,390.0,-6.68,5462.0,577.0,361.7
SPC,9/10/2026,385.1,401.0,380.2,380.7,-1.14,2100.0,577.0,361.7
SPC,9/11/2026,361.7,390.0,361.7,390.0,7.82,5731.0,577.0,361.7
SPC,9/14/2026,409.0,409.0,376.2,397.7,-2.76,3092.0,577.0,361.7
SPC,9/15/2026,417.5,429.0,390.1,400.0,-4.19,18596.0,577.0,361.7
SPC,9/16/2026,410.0,410.0,392.0,392.3,-4.32,8200.0,577.0,361.7
SPC,9/17/2026,377.0,420.0,377.0,406.0,7.69,4717.0,577.0,361.7
SPC,9/18/2026,400.0,411.7,400.0,408.1,2.03,6634.0,577.0,361.7
SPC,9/22/2026,411.0,418.0,402.0,408.0,-0.73,6320.0,577.0,361.7
SPC,9/23/2026,402.6,405.0,397.0,405.0,0.6,5925.0,577.0,361.7
SPC,9/24/2026,403.0,403.0,395.0,397.1,-1.46,3068.0,577.0,361.7
SPC,9/28/2026,390.5,399.9,388.0,391.0,0.13,5866.0,577.0,361.7
SPC,9/29/2026,400.0,400.0,385.0,0.0,-100.0,1179.0,577.0,361.7
SPC,9/30/2026,381.0,396.0,381.0,392.9,3.12,3026.0,577.0,361.7
SPC,10/1/2026,393.0,395.0,365.0,388.6,-1.12,11553.0,577.0,361.7
SPC,10/2/2026,386.0,394.9,380.0,380.1,-1.53,10014.0,577.0,361.7
SPDL,6/4/2017,298.0,299.0,286.0,297.0,,4147.0,474.0,326.0
SPDL,6/5/2017,297.0,302.0,288.0,291.0,-2.02,6799.0,474.0,326.0
SPDL,6/6/2017,291.0,296.0,280.0,292.0,0.34,18296.0,474.0,326.0
SPDL,6/7/2017,292.0,291.0,278.0,280.0,-4.11,18642.0,474.0,326.0
SPDL,6/8/2017,280.0,285.0,272.0,282.0,0.71,7726.0,474.0,326.0
SPDL,6/11/2017,282.0,287.0,269.0,272.0,-3.55,3025.0,474.0,326.0
SPDL,6/12/2017,272.0,277.0,264.0,270.0,-0.74,3103.0,474.0,326.0
SPDL,6/13/2017,270.0,272.0,258.0,261.0,-3.33,5396.0,474.0,326.0
SPDL,6/14/2017,261.0,275.0,253.0,275.0,5.36,5417.0,474.0,326.0
SPDL,6/15/2017,275.0,275.0,266.0,266.0,-3.27,5306.0,474.0,326.0
SPDL,6/18/2017,266.0,265.0,256.0,260.0,-2.26,2859.0,474.0,326.0
SPDL,6/19/2017,260.0,267.0,247.0,255.0,-1.92,6232.0,474.0,326.0
SPDL,6/20/2017,255.0,260.0,245.0,260.0,1.96,2615.0,474.0,326.0
SPDL,6/21/2017,260.0,265.0,249.0,265.0,1.92,2045.0,474.0,326.0
SPDL,6/22/2017,265.0,270.0,255.0,267.0,0.75,1747.0,474.0,326.0
SPDL,6/25/2017,267.0,270.0,253.0,258.0,-3.37,3245.0,474.0,326.0
SPDL,6/27/2017,258.0,260.0,249.0,255.0,-1.16,2025.0,474.0,326.0
SPDL,6/28/2017,255.0,256.0,250.0,253.0,-0.78,1953.0,474.0,326.0
SPDL,7/2/2017,253.0,250.0,242.0,246.0,-2.77,3408.0,474.0,326.0
SPDL,7/3/2017,246.0,250.0,241.0,241.0,-2.03,4484.0,474.0,326.0
SPDL,7/4/2017,241.0,245.0,238.0,238.0,-1.24,1526.0,474.0,326.0
SPDL,7/5/2017,238.0,246.0,236.0,242.0,1.68,1250.0,474.0,326.0
SPDL,7/6/2017,242.0,255.0,238.0,255.0,5.37,1462.0,474.0,326.0
SPDL,7/9/2017,255.0,260.0,250.0,260.0,1.96,4474.0,474.0,326.0
SPDL,7/10/2017,260.0,260.0,248.0,250.0,-3.85,7216.0,474.0,326.0
SPDL,7/11/2017,250.0,255.0,246.0,250.0,0.0,2555.0,474.0,326.0
SPDL,7/12/2017,250.0,250.0,245.0,250.0,0.0,1985.0,474.0,326.0
SPDL,7/13/2017,250.0,250.0,238.0,243.0,-2.8,3924.0,474.0,326.0
SPDL,7/16/2017,243.0,244.0,239.0,241.0,-0.82,359.0,474.0,326.0
SPDL,7/17/2017,241.0,257.0,238.0,257.0,6.64,3747.0,474.0,326.0
SPDL,7/18/2017,257.0,272.0,241.0,272.0,5.84,2191.0,474.0,326.0
SPDL,7/20/2017,272.0,267.0,248.0,254.0,-6.62,7991.0,474.0,326.0
SPDL,7/23/2017,254.0,249.0,243.0,246.0,-3.15,1556.0,474.0,326.0
SPDL,7/24/2017,246.0,250.0,242.0,250.0,1.63,5596.0,474.0,326.0
SPDL,7/25/2017,250.0,245.0,233.0,240.0,-4.0,8800.0,474.0,326.0
SPDL,7/26/2017,240.0,252.0,240.0,240.0,0.0,2062.0,474.0,326.0
SPDL,7/27/2017,240.0,244.0,234.0,240.0,0.0,1427.0,474.0,326.0
SPDL,7/30/2017,240.0,247.0,232.0,243.0,1.25,3011.0,474.0,326.0
SPDL,7/31/2017,243.0,239.0,231.0,234.0,-3.7,767.0,474.0,326.0
SPDL,8/1/2017,234.0,241.0,231.0,237.0,1.28,1307.0,474.0,326.0
SPDL,8/2/2017,237.0,245.0,231.0,245.0,3.38,2560.0,474.0,326.0
SPDL,8/3/2017,245.0,245.0,231.0,245.0,0.0,3579.0,474.0,326.0
SPDL,8/6/2017,245.0,241.0,229.0,229.0,-6.53,5604.0,474.0,326.0
SPDL,8/7/2017,229.0,227.0,221.0,224.0,-2.18,5932.0,474.0,326.0
SPDL,8/9/2017,224.0,223.0,213.0,214.0,-4.46,4429.0,474.0,326.0
SPDL,8/10/2017,214.0,213.0,209.0,212.0,-0.93,4095.0,474.0,326.0
SPDL,8/13/2017,212.0,210.0,202.0,207.0,-2.36,720.0,474.0,326.0
SPDL,8/15/2017,207.0,207.0,199.0,199.0,-3.86,4253.0,474.0,326.0
SPDL,8/16/2017,199.0,204.0,199.0,203.0,2.01,5058.0,474.0,326.0
SPDL,8/17/2017,203.0,200.0,193.0,193.0,-4.93,3813.0,474.0,326.0
SPDL,8/20/2017,193.0,195.0,190.0,193.0,0.0,3083.0,474.0,326.0
SPDL,8/21/2017,193.0,196.0,191.0,193.0,0.0,1275.0,474.0,326.0
SPDL,8/22/2017,193.0,200.0,185.0,195.0,1.04,3573.0,474.0,326.0
SPDL,8/23/2017,195.0,198.0,191.0,198.0,1.54,7952.0,474.0,326.0
SPDL,8/24/2017,198.0,195.0,190.0,190.0,-4.04,1818.0,474.0,326.0
SPDL,8/27/2017,190.0,199.0,187.0,199.0,4.74,2071.0,474.0,326.0
SPDL,8/28/2017,199.0,196.0,187.0,190.0,-4.52,1846.0,474.0,326.0
SPDL,8/30/2017,190.0,195.0,186.0,187.0,-1.58,906.0,474.0,326.0
SPDL,8/31/2017,187.0,187.0,177.0,178.0,-4.81,1179.0,474.0,326.0
SPDL,9/4/2017,178.0,178.0,164.0,168.0,-5.62,2177.0,474.0,326.0
SPDL,9/6/2017,168.0,173.0,164.0,167.0,-0.6,2252.0,474.0,326.0
SPDL,9/7/2017,167.0,170.0,163.0,165.0,-1.2,1202.0,474.0,326.0
SPDL,9/10/2017,165.0,162.0,150.0,156.0,-5.45,10680.0,474.0,326.0
SPDL,9/11/2017,156.0,160.0,154.0,158.0,1.28,1232.0,474.0,326.0
SPDL,9/12/2017,158.0,165.0,157.0,165.0,4.43,1873.0,474.0,326.0
SPDL,9/13/2017,165.0,171.0,161.0,168.0,1.82,479.0,474.0,326.0
SPDL,9/14/2017,168.0,169.0,161.0,169.0,0.6,1192.0,474.0,326.0
SPDL,9/17/2017,169.0,169.0,160.0,166.0,-1.78,1094.0,474.0,326.0
SPDL,9/18/2017,166.0,166.0,157.0,160.0,-3.61,1364.0,474.0,326.0
SPDL,9/20/2017,160.0,168.0,153.0,168.0,5.0,2268.0,474.0,326.0
SPDL,9/24/2017,168.0,170.0,165.0,167.0,-0.6,9458.0,474.0,326.0
SPDL,9/25/2017,167.0,167.0,167.0,167.0,0.0,15.0,474.0,326.0
SPDL,9/26/2017,167.0,170.0,161.0,162.0,-2.99,130.0,474.0,326.0
SPDL,10/3/2017,162.0,160.0,160.0,160.0,-1.23,293.0,474.0,326.0
SPDL,10/4/2017,160.0,169.0,160.0,169.0,5.62,1044.0,474.0,326.0
SPDL,10/8/2017,169.0,166.0,160.0,166.0,-1.78,8885.0,474.0,326.0
SPDL,10/9/2017,166.0,167.0,163.0,163.0,-1.81,125.0,474.0,326.0
SPDL,10/10/2017,163.0,163.0,157.0,162.0,-0.61,179.0,474.0,326.0
SPDL,10/11/2017,162.0,162.0,156.0,162.0,0.0,150.0,474.0,326.0
SPDL,10/12/2017,162.0,164.0,162.0,162.0,0.0,130.0,474.0,326.0
SPDL,10/15/2017,162.0,164.0,162.0,162.0,0.0,332.0,474.0,326.0
SPDL,10/16/2017,162.0,168.0,161.0,168.0,3.7,398.0,474.0,326.0
SPDL,10/17/2017,168.0,169.0,162.0,162.0,-3.57,415.0,474.0,326.0
SPDL,10/18/2017,162.0,162.0,157.0,162.0,0.0,206.0,474.0,326.0
SPDL,10/22/2017,162.0,162.0,159.0,159.0,-1.85,239.0,474.0,326.0
SPDL,10/23/2017,159.0,165.0,160.0,165.0,3.77,295.0,474.0,326.0
SPDL,10/24/2017,165.0,163.0,160.0,163.0,-1.21,265.0,474.0,326.0
SPDL,10/25/2017,163.0,166.0,161.0,161.0,-1.23,335.0,474.0,326.0
SPDL,10/29/2017,161.0,165.0,159.0,159.0,-1.24,342.0,474.0,326.0
SPDL,10/30/2017,159.0,162.0,157.0,162.0,1.89,95.0,474.0,326.0
SPDL,10/31/2017,162.0,166.0,158.0,161.0,-0.62,969.0,474.0,326.0
SPDL,11/1/2017,161.0,165.0,158.0,159.0,-1.24,1777.0,474.0,326.0
SPDL,11/2/2017,159.0,160.0,156.0,160.0,0.63,546.0,474.0,326.0
SPDL,11/5/2017,160.0,160.0,156.0,160.0,0.0,1277.0,474.0,326.0
SPDL,11/6/2017,160.0,160.0,154.0,157.0,-1.88,754.0,474.0,326.0
SPDL,11/7/2017,157.0,160.0,154.0,159.0,1.27,805.0,474.0,326.0
SPDL,11/8/2017,159.0,159.0,156.0,159.0,0.0,238.0,474.0,326.0
SPDL,11/9/2017,159.0,160.0,151.0,154.0,-3.14,601.0,474.0,326.0
SPDL,11/12/2017,154.0,155.0,151.0,154.0,0.0,1690.0,474.0,326.0
SPDL,11/13/2017,154.0,165.0,152.0,165.0,7.14,1185.0,474.0,326.0
SPDL,11/14/2017,165.0,170.0,164.0,164.0,-0.61,2315.0,474.0,326.0
SPDL,11/15/2017,164.0,162.0,160.0,160.0,-2.44,1307.0,474.0,326.0
SPDL,11/16/2017,160.0,161.0,154.0,155.0,-3.12,1701.0,474.0,326.0
SPDL,11/19/2017,155.0,156.0,149.0,154.0,-0.65,3157.0,474.0,326.0
SPDL,11/20/2017,154.0,153.0,147.0,147.0,-4.55,6626.0,474.0,326.0
SPDL,11/21/2017,147.0,153.0,145.0,153.0,4.08,4060.0,474.0,326.0
SPDL,11/22/2017,153.0,154.0,150.0,150.0,-1.96,960.0,474.0,326.0
SPDL,11/23/2017,150.0,163.0,150.0,163.0,8.67,13935.0,474.0,326.0
SPDL,11/26/2017,163.0,172.0,158.0,172.0,5.52,3801.0,474.0,326.0
SPDL,11/27/2017,172.0,170.0,160.0,166.0,-3.49,2848.0,474.0,326.0
SPDL,11/28/2017,166.0,169.0,161.0,164.0,-1.2,1950.0,474.0,326.0
SPDL,11/29/2017,164.0,173.0,159.0,172.0,4.88,10954.0,474.0,326.0
SPDL,11/30/2017,172.0,169.0,163.0,168.0,-2.33,8153.0,474.0,326.0
SPDL,12/4/2017,168.0,174.0,165.0,173.0,2.98,2637.0,474.0,326.0
SPDL,12/5/2017,173.0,184.0,170.0,182.0,5.2,9552.0,474.0,326.0
SPDL,12/6/2017,182.0,195.0,179.0,194.0,6.59,9024.0,474.0,326.0
SPDL,12/10/2017,194.0,194.0,179.0,194.0,0.0,3164.0,474.0,326.0
SPDL,12/11/2017,194.0,195.0,181.0,187.0,-3.61,1570.0,474.0,326.0
SPDL,12/12/2017,187.0,188.0,180.0,188.0,0.53,1912.0,474.0,326.0
SPDL,12/13/2017,188.0,189.0,177.0,188.0,0.0,2332.0,474.0,326.0
SPDL,12/14/2017,188.0,192.0,182.0,192.0,2.13,1291.0,474.0,326.0
SPDL,12/17/2017,192.0,198.0,182.0,182.0,-5.21,564.0,474.0,326.0
SPDL,12/18/2017,182.0,184.0,176.0,184.0,1.1,8867.0,474.0,326.0
SPDL,12/19/2017,184.0,181.0,172.0,173.0,-5.98,489.0,474.0,326.0
SPDL,12/20/2017,173.0,178.0,171.0,178.0,2.89,340.0,474.0,326.0
SPDL,12/21/2017,178.0,175.0,169.0,170.0,-4.49,4300.0,474.0,326.0
SPDL,12/24/2017,170.0,176.0,170.0,171.0,0.59,1447.0,474.0,326.0
SPDL,12/26/2017,171.0,172.0,167.0,171.0,0.0,925.0,474.0,326.0
SPDL,12/27/2017,171.0,171.0,164.0,165.0,-3.51,1149.0,474.0,326.0
SPDL,12/28/2017,165.0,165.0,159.0,165.0,0.0,1693.0,474.0,326.0
SPDL,12/31/2017,165.0,165.0,159.0,165.0,0.0,1052.0,474.0,326.0
SPDL,1/1/2018,165.0,167.0,162.0,164.0,-0.61,1675.0,474.0,326.0
SPDL,1/2/2018,164.0,168.0,161.0,164.0,0.0,1321.0,474.0,326.0
SPDL,1/3/2018,164.0,165.0,158.0,161.0,-1.83,407.0,474.0,326.0
SPDL,1/4/2018,161.0,169.0,158.0,162.0,0.62,1380.0,474.0,326.0
SPDL,1/7/2018,162.0,169.0,163.0,169.0,4.32,185.0,474.0,326.0
SPDL,1/8/2018,169.0,169.0,165.0,166.0,-1.78,885.0,474.0,326.0
SPDL,1/9/2018,166.0,174.0,165.0,172.0,3.61,4641.0,474.0,326.0
SPDL,1/10/2018,172.0,171.0,169.0,169.0,-1.74,640.0,474.0,326.0
SPDL,1/14/2018,169.0,167.0,164.0,164.0,-2.96,296.0,474.0,326.0
SPDL,1/16/2018,164.0,162.0,160.0,161.0,-1.83,480.0,474.0,326.0
SPDL,1/17/2018,161.0,161.0,154.0,161.0,0.0,325.0,474.0,326.0
SPDL,1/21/2018,161.0,161.0,158.0,158.0,-1.86,1142.0,474.0,326.0
SPDL,1/22/2018,158.0,160.0,159.0,159.0,0.63,25.0,474.0,326.0
SPDL,1/23/2018,159.0,159.0,156.0,156.0,-1.89,678.0,474.0,326.0
SPDL,1/24/2018,156.0,163.0,155.0,163.0,4.49,2534.0,474.0,326.0
SPDL,1/25/2018,163.0,165.0,159.0,159.0,-2.45,346.0,474.0,326.0
SPDL,1/28/2018,159.0,165.0,156.0,160.0,0.63,1054.0,474.0,326.0
SPDL,1/29/2018,160.0,160.0,156.0,156.0,-2.5,475.0,474.0,326.0
SPDL,1/31/2018,156.0,159.0,154.0,157.0,0.64,471.0,474.0,326.0
SPDL,2/1/2018,157.0,160.0,154.0,157.0,0.0,148.0,474.0,326.0
SPDL,2/4/2018,157.0,158.0,154.0,157.0,0.0,180.0,474.0,326.0
SPDL,2/5/2018,157.0,160.0,154.0,157.0,0.0,2486.0,474.0,326.0
SPDL,2/6/2018,157.0,157.0,151.0,151.0,-3.82,2083.0,474.0,326.0
SPDL,2/7/2018,151.0,153.0,148.0,150.0,-0.66,985.0,474.0,326.0
SPDL,2/8/2018,150.0,153.0,149.0,153.0,2.0,243.0,474.0,326.0
SPDL,2/11/2018,153.0,157.0,151.0,154.0,0.65,620.0,474.0,326.0
SPDL,2/12/2018,154.0,152.0,149.0,151.0,-1.95,344.0,474.0,326.0
SPDL,2/14/2018,151.0,158.0,152.0,158.0,4.64,845.0,474.0,326.0
SPDL,2/15/2018,158.0,156.0,156.0,156.0,-1.27,128.0,474.0,326.0
SPDL,2/18/2018,156.0,156.0,152.0,153.0,-1.92,4331.0,474.0,326.0
SPDL,2/20/2018,155.0,155.0,150.0,150.0,-1.96,1618.0,474.0,326.0
SPDL,2/21/2018,148.0,153.0,148.0,150.0,0.0,1368.0,474.0,326.0
SPDL,2/22/2018,149.0,153.0,149.0,150.0,0.0,7887.0,474.0,326.0
SPDL,2/25/2018,147.0,154.0,147.0,153.0,2.0,573.0,474.0,326.0
SPDL,2/26/2018,150.0,153.0,145.0,145.0,-5.23,4141.0,474.0,326.0
SPDL,2/27/2018,145.0,147.0,141.0,144.0,-0.69,693.0,474.0,326.0
SPDL,2/28/2018,144.0,145.0,140.0,140.0,-2.78,2180.0,474.0,326.0
SPDL,3/4/2018,138.0,138.0,135.0,135.0,-3.57,850.0,474.0,326.0
SPDL,3/5/2018,137.0,139.0,130.0,130.0,-3.7,5750.0,474.0,326.0
SPDL,3/6/2018,128.0,139.0,128.0,137.0,5.38,3702.0,474.0,326.0
SPDL,3/7/2018,137.0,146.0,135.0,146.0,6.57,2380.0,474.0,326.0
SPDL,3/11/2018,145.0,145.0,135.0,140.0,-4.11,1083.0,474.0,326.0
SPDL,3/12/2018,138.0,138.0,133.0,135.0,-3.57,1664.0,474.0,326.0
SPDL,3/13/2018,133.0,135.0,133.0,135.0,0.0,193.0,474.0,326.0
SPDL,3/14/2018,134.0,137.0,134.0,137.0,1.48,94.0,474.0,326.0
SPDL,3/15/2018,137.0,139.0,137.0,137.0,0.0,65.0,474.0,326.0
SPDL,3/18/2018,136.0,140.0,135.0,135.0,-1.46,2026.0,474.0,326.0
SPDL,3/19/2018,135.0,137.0,135.0,136.0,0.74,783.0,474.0,326.0
SPDL,3/20/2018,136.0,136.0,130.0,130.0,-4.41,3668.0,474.0,326.0
SPDL,3/21/2018,129.0,130.0,128.0,128.0,-1.54,1995.0,474.0,326.0
SPDL,3/22/2018,130.0,132.0,130.0,130.0,1.56,3398.0,474.0,326.0
SPDL,3/26/2018,128.0,129.0,123.0,124.0,-4.62,4766.0,474.0,326.0
SPDL,3/27/2018,122.0,124.0,122.0,124.0,0.0,817.0,474.0,326.0
SPDL,3/28/2018,124.0,132.0,124.0,132.0,6.45,235.0,474.0,326.0
SPDL,3/29/2018,130.0,136.0,128.0,136.0,3.03,1505.0,474.0,326.0
SPDL,4/1/2018,134.0,134.0,127.0,129.0,-5.15,1171.0,474.0,326.0
SPDL,4/2/2018,127.0,131.0,127.0,129.0,0.0,556.0,474.0,326.0
SPDL,4/3/2018,131.0,132.0,131.0,132.0,2.33,864.0,474.0,326.0
SPDL,4/4/2018,133.0,133.0,131.0,132.0,0.0,1450.0,474.0,326.0
SPDL,4/5/2018,132.0,136.0,131.0,133.0,0.76,3096.0,474.0,326.0
SPDL,4/8/2018,131.0,141.0,131.0,139.0,4.51,1294.0,474.0,326.0
SPDL,4/9/2018,139.0,141.0,136.0,136.0,-2.16,3022.0,474.0,326.0
SPDL,4/10/2018,138.0,138.0,136.0,136.0,0.0,419.0,474.0,326.0
SPDL,4/11/2018,134.0,138.0,133.0,133.0,-2.21,140.0,474.0,326.0
SPDL,4/12/2018,131.0,136.0,131.0,136.0,2.26,902.0,474.0,326.0
SPDL,4/15/2018,134.0,134.0,133.0,133.0,-2.21,63.0,474.0,326.0
SPDL,4/16/2018,133.0,135.0,131.0,133.0,0.0,253.0,474.0,326.0
SPDL,4/17/2018,135.0,139.0,135.0,136.0,2.26,637.0,474.0,326.0
SPDL,4/18/2018,134.0,149.0,134.0,149.0,9.56,4596.0,474.0,326.0
SPDL,4/19/2018,151.0,157.0,146.0,157.0,5.37,2673.0,474.0,326.0
SPDL,4/22/2018,160.0,162.0,150.0,154.0,-1.91,593.0,474.0,326.0
SPDL,4/23/2018,154.0,155.0,145.0,147.0,-4.55,6833.0,474.0,326.0
SPDL,4/24/2018,147.0,147.0,140.0,140.0,-4.76,881.0,474.0,326.0
SPDL,4/25/2018,140.0,142.0,136.0,136.0,-2.86,2800.0,474.0,326.0
SPDL,4/26/2018,135.0,138.0,135.0,136.0,0.0,303.0,474.0,326.0
SPDL,4/29/2018,135.0,138.0,135.0,138.0,1.47,580.0,474.0,326.0
SPDL,5/2/2018,136.0,137.0,135.0,136.0,-1.45,1394.0,474.0,326.0
SPDL,5/3/2018,137.0,140.0,136.0,140.0,2.94,668.0,474.0,326.0
SPDL,5/6/2018,141.0,143.0,139.0,141.0,0.71,1130.0,474.0,326.0
SPDL,5/7/2018,139.0,144.0,139.0,141.0,0.0,998.0,474.0,326.0
SPDL,5/8/2018,143.0,144.0,140.0,142.0,0.71,2084.0,474.0,326.0
SPDL,5/9/2018,140.0,144.0,138.0,144.0,1.41,511.0,474.0,326.0
SPDL,5/10/2018,145.0,145.0,136.0,139.0,-3.47,900.0,474.0,326.0
SPDL,5/14/2018,137.0,137.0,135.0,135.0,-2.88,1046.0,474.0,326.0
SPDL,5/15/2018,135.0,135.0,135.0,135.0,0.0,60.0,474.0,326.0
SPDL,5/16/2018,134.0,136.0,134.0,136.0,0.74,131.0,474.0,326.0
SPDL,5/17/2018,134.0,135.0,134.0,135.0,-0.74,60.0,474.0,326.0
SPDL,5/20/2018,137.0,137.0,134.0,134.0,-0.74,1546.0,474.0,326.0
SPDL,5/21/2018,134.0,136.0,134.0,134.0,0.0,370.0,474.0,326.0
SPDL,5/22/2018,135.0,135.0,134.0,134.0,0.0,199.0,474.0,326.0
SPDL,5/23/2018,133.0,136.0,133.0,135.0,0.75,90.0,474.0,326.0
SPDL,5/24/2018,137.0,137.0,135.0,135.0,0.0,1181.0,474.0,326.0
SPDL,5/27/2018,133.0,133.0,129.0,129.0,-4.44,143.0,474.0,326.0
SPDL,5/28/2018,131.0,137.0,131.0,135.0,4.65,590.0,474.0,326.0
SPDL,5/29/2018,135.0,137.0,135.0,135.0,0.0,622.0,474.0,326.0
SPDL,5/30/2018,133.0,135.0,133.0,133.0,-1.48,587.0,474.0,326.0
SPDL,5/31/2018,132.0,134.0,131.0,134.0,0.75,636.0,474.0,326.0
SPDL,6/3/2018,132.0,132.0,130.0,132.0,-1.49,583.0,474.0,326.0
SPDL,6/4/2018,130.0,130.0,124.0,126.0,-4.55,438.0,474.0,326.0
SPDL,6/6/2018,126.0,128.0,126.0,128.0,1.59,65.0,474.0,326.0
SPDL,6/7/2018,126.0,133.0,126.0,131.0,2.34,1133.0,474.0,326.0
SPDL,6/10/2018,130.0,132.0,129.0,132.0,0.76,1058.0,474.0,326.0
SPDL,6/11/2018,132.0,132.0,129.0,129.0,-2.27,3891.0,474.0,326.0
SPDL,6/12/2018,130.0,130.0,129.0,130.0,0.78,1024.0,474.0,326.0
SPDL,6/13/2018,131.0,131.0,128.0,128.0,-1.54,769.0,474.0,326.0
SPDL,6/14/2018,129.0,132.0,127.0,131.0,2.34,779.0,474.0,326.0
SPDL,6/17/2018,129.0,131.0,128.0,128.0,-2.29,265.0,474.0,326.0
SPDL,6/18/2018,126.0,132.0,126.0,132.0,3.12,214.0,474.0,326.0
SPDL,6/19/2018,131.0,131.0,128.0,128.0,-3.03,400.0,474.0,326.0
SPDL,6/20/2018,127.0,128.0,126.0,128.0,0.0,67.0,474.0,326.0
SPDL,6/21/2018,126.0,126.0,126.0,126.0,-1.56,188.0,474.0,326.0
SPDL,6/24/2018,124.0,127.0,124.0,125.0,-0.79,214.0,474.0,326.0
SPDL,6/25/2018,126.0,130.0,125.0,129.0,3.2,635.0,474.0,326.0
SPDL,6/26/2018,129.0,129.0,124.0,124.0,-3.88,765.0,474.0,326.0
SPDL,6/27/2018,124.0,128.0,124.0,127.0,2.42,180.0,474.0,326.0
SPDL,6/28/2018,126.0,128.0,125.0,125.0,-1.57,490.0,474.0,326.0
SPDL,7/1/2018,126.0,129.0,123.0,129.0,3.2,619.0,474.0,326.0
SPDL,7/2/2018,130.0,130.0,123.0,123.0,-4.65,1256.0,474.0,326.0
SPDL,7/3/2018,123.0,126.0,123.0,124.0,0.81,433.0,474.0,326.0
SPDL,7/4/2018,124.0,125.0,123.0,125.0,0.81,880.0,474.0,326.0
SPDL,7/5/2018,126.0,127.0,124.0,125.0,0.0,428.0,474.0,326.0
SPDL,7/8/2018,127.0,129.0,125.0,128.0,2.4,245.0,474.0,326.0
SPDL,7/9/2018,129.0,129.0,123.0,123.0,-3.91,155.0,474.0,326.0
SPDL,7/10/2018,124.0,125.0,123.0,125.0,1.63,267.0,474.0,326.0
SPDL,7/11/2018,125.0,126.0,123.0,126.0,0.8,182.0,474.0,326.0
SPDL,7/12/2018,128.0,128.0,125.0,125.0,-0.79,423.0,474.0,326.0
SPDL,7/15/2018,125.0,125.0,119.0,123.0,-1.6,1918.0,474.0,326.0
SPDL,7/16/2018,121.0,124.0,121.0,124.0,0.81,80.0,474.0,326.0
SPDL,7/17/2018,126.0,126.0,125.0,125.0,0.81,80.0,474.0,326.0
SPDL,7/18/2018,125.0,128.0,124.0,127.0,1.6,100.0,474.0,326.0
SPDL,7/19/2018,125.0,125.0,120.0,120.0,-5.51,76.0,474.0,326.0
SPDL,7/22/2018,120.0,122.0,120.0,120.0,0.0,287.0,474.0,326.0
SPDL,7/23/2018,118.0,121.0,118.0,121.0,0.83,265.0,474.0,326.0
SPDL,7/24/2018,121.0,124.0,120.0,121.0,0.0,440.0,474.0,326.0
SPDL,7/25/2018,119.0,120.0,119.0,120.0,-0.83,455.0,474.0,326.0
SPDL,7/26/2018,118.0,119.0,118.0,119.0,-0.83,125.0,474.0,326.0
SPDL,7/29/2018,118.0,118.0,118.0,118.0,-0.84,25.0,474.0,326.0
SPDL,7/30/2018,117.0,119.0,117.0,118.0,0.0,159.0,474.0,326.0
SPDL,7/31/2018,116.0,119.0,116.0,117.0,-0.85,898.0,474.0,326.0
SPDL,8/1/2018,116.0,116.0,115.0,115.0,-1.71,115.0,474.0,326.0
SPDL,8/2/2018,116.0,116.0,115.0,116.0,0.87,547.0,474.0,326.0
SPDL,8/5/2018,115.0,117.0,115.0,115.0,-0.86,235.0,474.0,326.0
SPDL,8/6/2018,113.0,118.0,113.0,116.0,0.87,288.0,474.0,326.0
SPDL,8/7/2018,116.0,117.0,112.0,112.0,-3.45,991.0,474.0,326.0
SPDL,8/8/2018,112.0,114.0,112.0,113.0,0.89,192.0,474.0,326.0
SPDL,8/9/2018,111.0,112.0,110.0,110.0,-2.65,333.0,474.0,326.0
SPDL,8/12/2018,109.0,111.0,109.0,111.0,0.91,1731.0,474.0,326.0
SPDL,8/13/2018,110.0,110.0,110.0,110.0,-0.9,29.0,474.0,326.0
SPDL,8/14/2018,110.0,112.0,110.0,112.0,1.82,105.0,474.0,326.0
SPDL,8/15/2018,110.0,114.0,110.0,112.0,0.0,520.0,474.0,326.0
SPDL,8/16/2018,110.0,118.0,110.0,116.0,3.57,3063.0,474.0,326.0
SPDL,8/19/2018,116.0,116.0,113.0,116.0,0.0,979.0,474.0,326.0
SPDL,8/20/2018,116.0,116.0,112.0,112.0,-3.45,85.0,474.0,326.0
SPDL,8/21/2018,110.0,112.0,110.0,110.0,-1.79,170.0,474.0,326.0
SPDL,8/22/2018,109.0,110.0,107.0,109.0,-0.91,750.0,474.0,326.0
SPDL,8/23/2018,108.0,108.0,107.0,108.0,-0.92,45.0,474.0,326.0
SPDL,8/26/2018,106.0,108.0,106.0,108.0,0.0,100.0,474.0,326.0
SPDL,8/28/2018,108.0,108.0,107.0,108.0,0.0,680.0,474.0,326.0
SPDL,8/29/2018,106.0,108.0,104.0,107.0,-0.93,334.0,474.0,326.0
SPDL,8/30/2018,109.0,111.0,107.0,107.0,0.0,496.0,474.0,326.0
SPDL,9/2/2018,105.0,106.0,105.0,106.0,-0.93,828.0,474.0,326.0
SPDL,9/3/2018,107.0,109.0,107.0,109.0,2.83,233.0,474.0,326.0
SPDL,9/4/2018,108.0,111.0,107.0,111.0,1.83,287.0,474.0,326.0
SPDL,9/5/2018,109.0,112.0,108.0,112.0,0.9,573.0,474.0,326.0
SPDL,9/6/2018,111.0,112.0,109.0,109.0,-2.68,894.0,474.0,326.0
SPDL,9/9/2018,111.0,111.0,105.0,108.0,-0.92,664.0,474.0,326.0
SPDL,9/10/2018,108.0,111.0,106.0,108.0,0.0,1362.0,474.0,326.0
SPDL,9/11/2018,108.0,108.0,108.0,108.0,0.0,10.0,474.0,326.0
SPDL,9/12/2018,110.0,110.0,110.0,110.0,1.85,25.0,474.0,326.0
SPDL,9/13/2018,108.0,109.0,105.0,107.0,-2.73,2001.0,474.0,326.0
SPDL,9/16/2018,105.0,109.0,105.0,109.0,1.87,222.0,474.0,326.0
SPDL,9/17/2018,113.0,113.0,111.0,113.0,3.67,20.0,474.0,326.0
SPDL,9/18/2018,111.0,119.0,111.0,119.0,5.31,2243.0,474.0,326.0
SPDL,9/20/2018,117.0,117.0,112.0,112.0,-5.88,779.0,474.0,326.0
SPDL,9/23/2018,110.0,114.0,109.0,114.0,1.79,1422.0,474.0,326.0
SPDL,9/25/2018,116.0,116.0,110.0,110.0,-3.51,225.0,474.0,326.0
SPDL,9/26/2018,108.0,112.0,108.0,111.0,0.91,1024.0,474.0,326.0
SPDL,9/27/2018,109.0,112.0,109.0,112.0,0.9,270.0,474.0,326.0
SPDL,9/30/2018,111.0,111.0,108.0,109.0,-2.68,770.0,474.0,326.0
SPDL,10/1/2018,108.0,113.0,108.0,112.0,2.75,1102.0,474.0,326.0
SPDL,10/2/2018,110.0,110.0,109.0,110.0,-1.79,483.0,474.0,326.0
SPDL,10/3/2018,109.0,109.0,109.0,109.0,-0.91,302.0,474.0,326.0
SPDL,10/4/2018,109.0,110.0,107.0,110.0,0.92,796.0,474.0,326.0
SPDL,10/7/2018,108.0,110.0,108.0,110.0,0.0,45.0,474.0,326.0
SPDL,10/8/2018,108.0,108.0,108.0,108.0,-1.82,25.0,474.0,326.0
SPDL,10/9/2018,107.0,108.0,106.0,107.0,-0.93,1007.0,474.0,326.0
SPDL,10/10/2018,109.0,109.0,103.0,106.0,-0.93,925.0,474.0,326.0
SPDL,10/11/2018,105.0,108.0,105.0,107.0,0.94,233.0,474.0,326.0
SPDL,10/14/2018,109.0,111.0,109.0,111.0,3.74,75.0,474.0,326.0
SPDL,10/15/2018,111.0,111.0,110.0,110.0,-0.9,125.0,474.0,326.0
SPDL,10/21/2018,108.0,110.0,108.0,110.0,0.0,70.0,474.0,326.0
SPDL,10/22/2018,109.0,110.0,108.0,108.0,-1.82,55.0,474.0,326.0
SPDL,10/23/2018,107.0,108.0,107.0,108.0,0.0,575.0,474.0,326.0
SPDL,10/24/2018,108.0,108.0,104.0,106.0,-1.85,219.0,474.0,326.0
SPDL,10/25/2018,104.0,106.0,104.0,106.0,0.0,339.0,474.0,326.0
SPDL,10/28/2018,106.0,106.0,101.0,105.0,-0.94,120.0,474.0,326.0
SPDL,10/29/2018,103.0,104.0,101.0,102.0,-2.86,1405.0,474.0,326.0
SPDL,10/30/2018,102.0,105.0,102.0,103.0,0.98,167.0,474.0,326.0
SPDL,10/31/2018,103.0,105.0,103.0,103.0,0.0,258.0,474.0,326.0
SPDL,11/4/2018,101.0,101.0,99.0,100.0,-2.91,458.0,474.0,326.0
SPDL,11/5/2018,100.0,101.0,100.0,101.0,1.0,25.0,474.0,326.0
SPDL,11/12/2018,102.0,102.0,100.0,100.0,-0.99,30.0,474.0,326.0
SPDL,11/13/2018,101.0,102.0,100.0,100.0,0.0,551.0,474.0,326.0
SPDL,11/14/2018,99.0,101.0,99.0,100.0,0.0,135.0,474.0,326.0
SPDL,11/15/2018,100.0,102.0,100.0,100.0,0.0,443.0,474.0,326.0
SPDL,11/18/2018,99.0,99.0,100.0,100.0,0.0,295.0,474.0,326.0
SPDL,11/19/2018,98.0,101.0,98.0,101.0,1.0,50.0,474.0,326.0
SPDL,11/20/2018,101.0,101.0,101.0,101.0,0.0,98.0,474.0,326.0
SPDL,11/21/2018,101.0,101.0,101.0,101.0,0.0,616.0,474.0,326.0
SPDL,11/22/2018,99.0,103.0,98.0,103.0,1.98,1545.0,474.0,326.0
SPDL,11/25/2018,101.0,101.0,99.0,99.0,-3.88,210.0,474.0,326.0
SPDL,11/26/2018,98.0,99.0,97.0,98.0,-1.01,808.0,474.0,326.0
SPDL,11/27/2018,97.0,98.0,97.0,97.0,-1.02,329.0,474.0,326.0
SPDL,11/28/2018,96.0,98.0,96.0,98.0,1.03,60.0,474.0,326.0
SPDL,11/29/2018,97.0,98.0,97.0,98.0,0.0,75.0,474.0,326.0
SPDL,12/2/2018,97.0,98.0,96.0,96.0,-2.04,646.0,474.0,326.0
SPDL,12/3/2018,97.0,98.0,96.0,96.0,0.0,2270.0,474.0,326.0
SPDL,12/4/2018,96.0,99.0,96.0,99.0,3.12,195.0,474.0,326.0
SPDL,12/5/2018,99.0,100.0,98.0,98.0,-1.01,1774.0,474.0,326.0
SPDL,12/6/2018,97.0,99.0,97.0,99.0,1.02,1450.0,474.0,326.0
SPDL,12/9/2018,98.0,100.0,98.0,98.0,-1.01,385.0,474.0,326.0
SPDL,12/10/2018,97.0,98.0,96.0,96.0,-2.04,2295.0,474.0,326.0
SPDL,12/11/2018,96.0,97.0,96.0,96.0,0.0,600.0,474.0,326.0
SPDL,12/12/2018,95.0,97.0,95.0,97.0,1.04,70.0,474.0,326.0
SPDL,12/16/2018,97.0,97.0,95.0,95.0,-2.06,865.0,474.0,326.0
SPDL,12/17/2018,94.0,95.0,94.0,94.0,-1.05,585.0,474.0,326.0
SPDL,12/18/2018,95.0,97.0,95.0,97.0,3.19,505.0,474.0,326.0
SPDL,12/19/2018,97.0,97.0,97.0,97.0,0.0,90.0,474.0,326.0
SPDL,12/20/2018,98.0,99.0,98.0,98.0,1.03,160.0,474.0,326.0
SPDL,12/23/2018,98.0,98.0,97.0,97.0,-1.02,322.0,474.0,326.0
SPDL,12/24/2018,96.0,96.0,96.0,96.0,-1.03,35.0,474.0,326.0
SPDL,12/25/2018,96.0,96.0,95.0,95.0,-1.04,701.0,474.0,326.0
SPDL,12/26/2018,95.0,96.0,95.0,96.0,1.05,546.0,474.0,326.0
SPDL,12/27/2018,95.0,95.0,93.0,94.0,-2.08,1847.0,474.0,326.0
SPDL,12/30/2018,93.0,94.0,93.0,94.0,0.0,311.0,474.0,326.0
SPDL,1/1/2019,94.0,94.0,93.0,94.0,0.0,557.0,474.0,326.0
SPDL,1/2/2019,93.0,95.0,93.0,94.0,0.0,956.0,474.0,326.0
SPDL,1/3/2019,93.0,94.0,92.0,93.0,-1.06,2155.0,474.0,326.0
SPDL,1/6/2019,92.0,93.0,92.0,92.0,-1.08,248.0,474.0,326.0
SPDL,1/7/2019,92.0,98.0,92.0,98.0,6.52,214.0,474.0,326.0
SPDL,1/8/2019,98.0,98.0,98.0,98.0,0.0,15.0,474.0,326.0
SPDL,1/10/2019,97.0,97.0,92.0,93.0,-5.1,2862.0,474.0,326.0
SPDL,1/13/2019,93.0,93.0,93.0,93.0,0.0,10.0,474.0,326.0
SPDL,1/14/2019,92.0,94.0,92.0,93.0,0.0,120.0,474.0,326.0
SPDL,1/15/2019,92.0,93.0,92.0,93.0,0.0,109.0,474.0,326.0
SPDL,1/16/2019,94.0,95.0,94.0,95.0,2.15,115.0,474.0,326.0
SPDL,1/17/2019,94.0,95.0,93.0,93.0,-2.11,490.0,474.0,326.0
SPDL,1/20/2019,92.0,92.0,92.0,92.0,-1.08,10.0,474.0,326.0
SPDL,1/21/2019,92.0,93.0,92.0,93.0,1.09,275.0,474.0,326.0
SPDL,1/22/2019,93.0,93.0,92.0,92.0,-1.08,247.0,474.0,326.0
SPDL,1/23/2019,91.0,92.0,91.0,92.0,0.0,155.0,474.0,326.0
SPDL,1/24/2019,92.0,93.0,92.0,93.0,1.09,426.0,474.0,326.0
SPDL,1/27/2019,92.0,93.0,92.0,92.0,-1.08,621.0,474.0,326.0
SPDL,1/28/2019,92.0,93.0,92.0,93.0,1.09,129.0,474.0,326.0
SPDL,1/29/2019,92.0,92.0,92.0,92.0,-1.08,335.0,474.0,326.0
SPDL,1/30/2019,92.0,93.0,92.0,93.0,1.09,130.0,474.0,326.0
SPDL,1/31/2019,92.0,95.0,92.0,95.0,2.15,426.0,474.0,326.0
SPDL,2/3/2019,94.0,94.0,94.0,94.0,-1.05,93.0,474.0,326.0
SPDL,2/4/2019,93.0,93.0,91.0,91.0,-3.19,1127.0,474.0,326.0
SPDL,2/5/2019,91.0,92.0,91.0,92.0,1.1,60.0,474.0,326.0
SPDL,2/6/2019,91.0,95.0,91.0,91.0,-1.09,946.0,474.0,326.0
SPDL,2/7/2019,91.0,91.0,91.0,91.0,0.0,198.0,474.0,326.0
SPDL,2/10/2019,91.0,92.0,91.0,91.0,0.0,286.0,474.0,326.0
SPDL,2/11/2019,91.0,91.0,90.0,91.0,0.0,1925.0,474.0,326.0
SPDL,2/12/2019,90.0,91.0,87.0,89.0,-2.2,1388.0,474.0,326.0
SPDL,2/13/2019,88.0,89.0,88.0,88.0,-1.12,1295.0,474.0,326.0
SPDL,2/14/2019,87.0,89.0,87.0,89.0,1.14,2223.0,474.0,326.0
SPDL,2/17/2019,88.0,90.0,87.0,88.0,-1.12,571.0,474.0,326.0
SPDL,2/18/2019,88.0,88.0,87.0,87.0,-1.14,946.0,474.0,326.0
SPDL,2/19/2019,87.0,87.0,86.0,86.0,-1.15,1768.0,474.0,326.0
SPDL,2/20/2019,86.0,87.0,86.0,87.0,1.16,907.0,474.0,326.0
SPDL,2/21/2019,86.0,87.0,86.0,87.0,0.0,135.0,474.0,326.0
SPDL,2/24/2019,87.0,88.0,87.0,87.0,0.0,1423.0,474.0,326.0
SPDL,2/25/2019,87.0,88.0,87.0,88.0,1.15,787.0,474.0,326.0
SPDL,2/26/2019,87.0,88.0,87.0,87.0,-1.14,675.0,474.0,326.0
SPDL,2/27/2019,88.0,89.0,88.0,88.0,1.15,348.0,474.0,326.0
SPDL,3/3/2019,88.0,88.0,87.0,87.0,-1.14,1293.0,474.0,326.0
SPDL,3/5/2019,88.0,91.0,87.0,88.0,1.15,904.0,474.0,326.0
SPDL,3/6/2019,88.0,92.0,88.0,90.0,2.27,651.0,474.0,326.0
SPDL,3/7/2019,89.0,92.0,89.0,91.0,1.11,336.0,474.0,326.0
SPDL,3/10/2019,90.0,91.0,89.0,91.0,0.0,175.0,474.0,326.0
SPDL,3/11/2019,92.0,93.0,90.0,90.0,-1.1,662.0,474.0,326.0
SPDL,3/12/2019,91.0,99.0,91.0,99.0,10.0,4177.0,474.0,326.0
SPDL,3/13/2019,100.0,108.0,97.0,102.0,3.03,2722.0,474.0,326.0
SPDL,3/14/2019,100.0,111.0,99.0,106.0,3.92,4737.0,474.0,326.0
SPDL,3/17/2019,106.0,107.0,103.0,103.0,-2.83,2278.0,474.0,326.0
SPDL,3/18/2019,101.0,105.0,101.0,103.0,0.0,408.0,474.0,326.0
SPDL,3/19/2019,101.0,102.0,101.0,101.0,-1.94,964.0,474.0,326.0
SPDL,3/21/2019,100.0,102.0,100.0,102.0,0.99,301.0,474.0,326.0
SPDL,3/24/2019,102.0,103.0,100.0,102.0,0.0,1334.0,474.0,326.0
SPDL,3/25/2019,101.0,106.0,100.0,105.0,2.94,1988.0,474.0,326.0
SPDL,3/26/2019,103.0,106.0,101.0,106.0,0.95,434.0,474.0,326.0
SPDL,3/27/2019,104.0,107.0,104.0,107.0,0.94,430.0,474.0,326.0
SPDL,3/28/2019,105.0,105.0,101.0,101.0,-5.61,45.0,474.0,326.0
SPDL,3/31/2019,101.0,106.0,101.0,104.0,2.97,1644.0,474.0,326.0
SPDL,4/1/2019,105.0,107.0,103.0,103.0,-0.96,1579.0,474.0,326.0
SPDL,4/2/2019,101.0,103.0,101.0,101.0,-1.94,190.0,474.0,326.0
SPDL,4/3/2019,103.0,105.0,101.0,101.0,0.0,4725.0,474.0,326.0
SPDL,4/4/2019,103.0,104.0,100.0,102.0,0.99,2684.0,474.0,326.0
SPDL,4/7/2019,104.0,106.0,102.0,102.0,0.0,1306.0,474.0,326.0
SPDL,4/8/2019,100.0,103.0,100.0,101.0,-0.98,249.0,474.0,326.0
SPDL,4/9/2019,99.0,101.0,99.0,100.0,-0.99,167.0,474.0,326.0
SPDL,4/10/2019,101.0,101.0,99.0,101.0,1.0,588.0,474.0,326.0
SPDL,4/11/2019,100.0,101.0,99.0,100.0,-0.99,1725.0,474.0,326.0
SPDL,4/15/2019,98.0,105.0,98.0,105.0,5.0,40.0,474.0,326.0
SPDL,4/16/2019,98.0,103.0,98.0,103.0,-1.9,85.0,474.0,326.0
SPDL,4/23/2019,101.0,101.0,99.0,99.0,-3.88,57.0,474.0,326.0
SPDL,4/24/2019,98.0,100.0,97.0,99.0,0.0,595.0,474.0,326.0
SPDL,4/25/2019,98.0,98.0,95.0,97.0,-2.02,457.0,474.0,326.0
SPDL,4/28/2019,96.0,106.0,96.0,106.0,9.28,885.0,474.0,326.0
SPDL,4/30/2019,104.0,106.0,104.0,106.0,0.0,401.0,474.0,326.0
SPDL,5/6/2019,104.0,104.0,104.0,104.0,-1.89,10.0,474.0,326.0
SPDL,5/9/2019,97.0,102.0,97.0,102.0,-1.92,65.0,474.0,326.0
SPDL,5/12/2019,100.0,100.0,97.0,97.0,-4.9,463.0,474.0,326.0
SPDL,5/13/2019,96.0,96.0,95.0,96.0,-1.03,163.0,474.0,326.0
SPDL,5/14/2019,95.0,96.0,93.0,93.0,-3.12,418.0,474.0,326.0
SPDL,5/15/2019,92.0,93.0,90.0,91.0,-2.15,1778.0,474.0,326.0
SPDL,5/16/2019,91.0,92.0,91.0,92.0,1.1,761.0,474.0,326.0
SPDL,5/19/2019,93.0,94.0,92.0,94.0,2.17,619.0,474.0,326.0
SPDL,5/20/2019,93.0,94.0,92.0,93.0,-1.06,811.0,474.0,326.0
SPDL,5/21/2019,97.0,99.0,96.0,97.0,4.3,1445.0,474.0,326.0
SPDL,5/22/2019,96.0,102.0,92.0,100.0,3.09,6805.0,474.0,326.0
SPDL,5/23/2019,100.0,100.0,100.0,100.0,0.0,16.0,474.0,326.0
SPDL,5/27/2019,98.0,98.0,91.0,92.0,-8.0,2165.0,474.0,326.0
SPDL,5/28/2019,93.0,95.0,93.0,95.0,3.26,1496.0,474.0,326.0
SPDL,5/29/2019,94.0,100.0,94.0,98.0,3.16,226.0,474.0,326.0
SPDL,5/30/2019,98.0,98.0,94.0,94.0,-4.08,760.0,474.0,326.0
SPDL,6/2/2019,93.0,95.0,92.0,94.0,0.0,200.0,474.0,326.0
SPDL,6/3/2019,94.0,94.0,94.0,94.0,0.0,5041.0,474.0,326.0
SPDL,6/4/2019,93.0,93.0,91.0,92.0,-2.13,2100.0,474.0,326.0
SPDL,6/6/2019,93.0,93.0,91.0,91.0,-1.09,152.0,474.0,326.0
SPDL,6/10/2019,91.0,92.0,90.0,91.0,0.0,1110.0,474.0,326.0
SPDL,6/11/2019,90.0,98.0,90.0,98.0,7.69,3517.0,474.0,326.0
SPDL,6/12/2019,99.0,100.0,97.0,100.0,2.04,6344.0,474.0,326.0
SPDL,6/13/2019,100.0,100.0,100.0,100.0,0.0,1000.0,474.0,326.0
SPDL,6/16/2019,100.0,100.0,98.0,98.0,-2.0,85.0,474.0,326.0
SPDL,6/17/2019,97.0,97.0,95.0,95.0,-3.06,40.0,474.0,326.0
SPDL,6/18/2019,95.0,96.0,95.0,96.0,1.05,267.0,474.0,326.0
SPDL,6/19/2019,95.0,96.0,94.0,96.0,0.0,5588.0,474.0,326.0
SPDL,6/20/2019,95.0,95.0,95.0,95.0,-1.04,60.0,474.0,326.0
SPDL,6/23/2019,94.0,94.0,92.0,92.0,-3.16,119.0,474.0,326.0
SPDL,6/24/2019,92.0,92.0,92.0,92.0,0.0,113.0,474.0,326.0
SPDL,6/25/2019,91.0,93.0,91.0,92.0,0.0,204.0,474.0,326.0
SPDL,6/26/2019,91.0,91.0,91.0,91.0,-1.09,281.0,474.0,326.0
SPDL,6/27/2019,90.0,92.0,90.0,91.0,0.0,209.0,474.0,326.0
SPDL,6/30/2019,90.0,92.0,90.0,92.0,1.1,310.0,474.0,326.0
SPDL,7/1/2019,93.0,93.0,90.0,90.0,-2.17,114.0,474.0,326.0
SPDL,7/2/2019,91.0,91.0,90.0,91.0,1.11,427.0,474.0,326.0
SPDL,7/3/2019,90.0,92.0,90.0,92.0,1.1,148.0,474.0,326.0
SPDL,7/4/2019,91.0,91.0,90.0,90.0,-2.17,124.0,474.0,326.0
SPDL,7/7/2019,89.0,91.0,89.0,89.0,-1.11,297.0,474.0,326.0
SPDL,7/8/2019,89.0,94.0,88.0,92.0,3.37,2369.0,474.0,326.0
SPDL,7/9/2019,92.0,93.0,91.0,92.0,0.0,131.0,474.0,326.0
SPDL,7/10/2019,91.0,92.0,89.0,92.0,0.0,1559.0,474.0,326.0
SPDL,7/11/2019,92.0,92.0,90.0,91.0,-1.09,390.0,474.0,326.0
SPDL,7/14/2019,90.0,90.0,90.0,90.0,-1.1,170.0,474.0,326.0
SPDL,7/15/2019,90.0,90.0,90.0,90.0,0.0,39.0,474.0,326.0
SPDL,7/16/2019,89.0,91.0,89.0,90.0,0.0,330.0,474.0,326.0
SPDL,7/17/2019,89.0,92.0,89.0,92.0,2.22,1397.0,474.0,326.0
SPDL,7/21/2019,91.0,91.0,91.0,91.0,-1.09,98.0,474.0,326.0
SPDL,7/22/2019,90.0,91.0,89.0,90.0,-1.1,595.0,474.0,326.0
SPDL,7/23/2019,91.0,92.0,90.0,92.0,2.22,166.0,474.0,326.0
SPDL,7/24/2019,91.0,92.0,91.0,92.0,0.0,74.0,474.0,326.0
SPDL,7/25/2019,91.0,92.0,91.0,91.0,-1.09,685.0,474.0,326.0
SPDL,7/29/2019,90.0,90.0,88.0,88.0,-3.3,1117.0,474.0,326.0
SPDL,7/30/2019,88.0,88.0,87.0,87.0,-1.14,87.0,474.0,326.0
SPDL,7/31/2019,86.0,86.0,86.0,86.0,-1.15,15.0,474.0,326.0
SPDL,8/1/2019,85.0,87.0,85.0,87.0,1.16,588.0,474.0,326.0
SPDL,8/4/2019,86.0,87.0,86.0,87.0,0.0,470.0,474.0,326.0
SPDL,8/5/2019,86.0,87.0,86.0,86.0,-1.15,174.0,474.0,326.0
SPDL,8/6/2019,87.0,87.0,87.0,87.0,1.16,30.0,474.0,326.0
SPDL,8/7/2019,86.0,86.0,85.0,86.0,-1.15,3132.0,474.0,326.0
SPDL,8/8/2019,85.0,86.0,85.0,86.0,0.0,358.0,474.0,326.0
SPDL,8/11/2019,85.0,86.0,85.0,86.0,0.0,136.0,474.0,326.0
SPDL,8/12/2019,85.0,85.0,85.0,85.0,-1.16,522.0,474.0,326.0
SPDL,8/13/2019,86.0,87.0,86.0,86.0,1.18,87.0,474.0,326.0
SPDL,8/14/2019,86.0,87.0,86.0,86.0,0.0,95.0,474.0,326.0
SPDL,8/15/2019,86.0,86.0,86.0,86.0,0.0,87.0,474.0,326.0
SPDL,8/18/2019,85.0,85.0,84.0,84.0,-2.33,479.0,474.0,326.0
SPDL,8/19/2019,84.0,85.0,84.0,84.0,0.0,528.0,474.0,326.0
SPDL,8/20/2019,84.0,84.0,81.0,81.0,-3.57,1769.0,474.0,326.0
SPDL,8/21/2019,81.0,82.0,81.0,82.0,1.23,59.0,474.0,326.0
SPDL,8/22/2019,83.0,83.0,82.0,82.0,0.0,64.0,474.0,326.0
SPDL,8/25/2019,82.0,82.0,81.0,81.0,-1.22,222.0,474.0,326.0
SPDL,8/26/2019,81.0,82.0,81.0,82.0,1.23,214.0,474.0,326.0
SPDL,8/27/2019,81.0,83.0,80.0,80.0,-2.44,2126.0,474.0,326.0
SPDL,8/28/2019,80.0,80.0,78.0,78.0,-2.5,346.0,474.0,326.0
SPDL,8/29/2019,78.0,78.0,77.0,78.0,0.0,248.0,474.0,326.0
SPDL,9/1/2019,77.0,77.0,75.0,75.0,-3.85,398.0,474.0,326.0
SPDL,9/2/2019,74.0,74.0,71.0,71.0,-5.33,149.0,474.0,326.0
SPDL,9/3/2019,70.0,71.0,68.0,71.0,0.0,2502.0,474.0,326.0
SPDL,9/4/2019,72.0,72.0,71.0,71.0,0.0,149.0,474.0,326.0
SPDL,9/8/2019,70.0,70.0,68.0,70.0,-1.41,319.0,474.0,326.0
SPDL,9/9/2019,70.0,71.0,69.0,70.0,0.0,65.0,474.0,326.0
SPDL,9/10/2019,71.0,71.0,67.0,70.0,0.0,570.0,474.0,326.0
SPDL,9/11/2019,69.0,69.0,68.0,68.0,-2.86,119.0,474.0,326.0
SPDL,9/12/2019,67.0,68.0,66.0,68.0,0.0,71.0,474.0,326.0
SPDL,9/15/2019,67.0,67.0,65.0,66.0,-2.94,1095.0,474.0,326.0
SPDL,9/16/2019,65.0,65.0,62.0,62.0,-6.06,450.0,474.0,326.0
SPDL,9/17/2019,63.0,65.0,62.0,65.0,4.84,390.0,474.0,326.0
SPDL,9/18/2019,66.0,70.0,66.0,70.0,7.69,2547.0,474.0,326.0
SPDL,9/19/2019,70.0,72.0,70.0,71.0,1.43,2248.0,474.0,326.0
SPDL,9/22/2019,71.0,71.0,68.0,70.0,-1.41,72.0,474.0,326.0
SPDL,9/23/2019,70.0,70.0,70.0,70.0,0.0,456.0,474.0,326.0
SPDL,9/24/2019,70.0,70.0,69.0,69.0,-1.43,95.0,474.0,326.0
SPDL,9/25/2019,69.0,69.0,67.0,67.0,-2.9,1170.0,474.0,326.0
SPDL,9/26/2019,67.0,73.0,66.0,72.0,7.46,1580.0,474.0,326.0
SPDL,9/29/2019,71.0,72.0,66.0,72.0,0.0,2457.0,474.0,326.0
SPDL,9/30/2019,71.0,73.0,69.0,73.0,1.39,827.0,474.0,326.0
SPDL,10/1/2019,74.0,78.0,72.0,78.0,6.85,2358.0,474.0,326.0
SPDL,10/2/2019,77.0,77.0,76.0,76.0,-2.56,125.0,474.0,326.0
SPDL,10/3/2019,77.0,77.0,77.0,77.0,1.32,60.0,474.0,326.0
SPDL,10/10/2019,77.0,77.0,77.0,77.0,0.0,100.0,474.0,326.0
SPDL,10/14/2019,76.0,76.0,72.0,72.0,-6.49,410.0,474.0,326.0
SPDL,10/15/2019,73.0,76.0,73.0,75.0,4.17,650.0,474.0,326.0
SPDL,10/17/2019,74.0,75.0,74.0,75.0,0.0,2849.0,474.0,326.0
SPDL,10/20/2019,76.0,77.0,71.0,71.0,-5.33,640.0,474.0,326.0
SPDL,10/21/2019,72.0,78.0,71.0,72.0,1.41,3724.0,474.0,326.0
SPDL,10/22/2019,73.0,73.0,72.0,72.0,0.0,65.0,474.0,326.0
SPDL,10/23/2019,72.0,76.0,72.0,76.0,5.56,129.0,474.0,326.0
SPDL,10/24/2019,77.0,82.0,77.0,81.0,6.58,2671.0,474.0,326.0
SPDL,10/31/2019,81.0,82.0,81.0,81.0,0.0,160.0,474.0,326.0
SPDL,11/4/2019,80.0,80.0,80.0,80.0,-1.23,50.0,474.0,326.0
SPDL,11/5/2019,81.0,81.0,72.0,72.0,-10.0,2040.0,474.0,326.0
SPDL,11/6/2019,73.0,77.0,73.0,75.0,4.17,821.0,474.0,326.0
SPDL,11/7/2019,72.0,73.0,72.0,72.0,-4.0,658.0,474.0,326.0
SPDL,11/10/2019,72.0,74.0,72.0,73.0,1.39,2070.0,474.0,326.0
SPDL,11/11/2019,73.0,76.0,73.0,76.0,4.11,57.0,474.0,326.0
SPDL,11/12/2019,77.0,78.0,72.0,73.0,-3.95,490.0,474.0,326.0
SPDL,11/13/2019,72.0,73.0,72.0,72.0,-1.37,538.0,474.0,326.0
SPDL,11/14/2019,72.0,74.0,72.0,73.0,1.39,1226.0,474.0,326.0
SPDL,11/17/2019,74.0,77.0,74.0,77.0,5.48,1138.0,474.0,326.0
SPDL,11/18/2019,78.0,82.0,78.0,81.0,5.19,693.0,474.0,326.0
SPDL,11/19/2019,82.0,83.0,80.0,81.0,0.0,4666.0,474.0,326.0
SPDL,11/20/2019,82.0,86.0,81.0,85.0,4.94,15882.0,474.0,326.0
SPDL,11/21/2019,84.0,84.0,83.0,84.0,-1.18,101.0,474.0,326.0
SPDL,11/24/2019,83.0,83.0,83.0,83.0,-1.19,25.0,474.0,326.0
SPDL,11/25/2019,84.0,87.0,83.0,87.0,4.82,569.0,474.0,326.0
SPDL,11/26/2019,83.0,84.0,82.0,84.0,-3.45,2016.0,474.0,326.0
SPDL,11/27/2019,84.0,84.0,82.0,83.0,-1.19,17329.0,474.0,326.0
SPDL,11/28/2019,82.0,83.0,78.0,82.0,-1.2,2452.0,474.0,326.0
SPDL,12/1/2019,81.0,83.0,81.0,83.0,1.22,81.0,474.0,326.0
SPDL,12/2/2019,82.0,82.0,79.0,79.0,-4.82,5497.0,474.0,326.0
SPDL,12/3/2019,79.0,83.0,78.0,83.0,5.06,6195.0,474.0,326.0
SPDL,12/4/2019,82.0,84.0,82.0,84.0,1.2,2916.0,474.0,326.0
SPDL,12/5/2019,85.0,87.0,85.0,87.0,3.57,2124.0,474.0,326.0
SPDL,12/8/2019,86.0,87.0,85.0,85.0,-2.3,665.0,474.0,326.0
SPDL,12/9/2019,86.0,90.0,85.0,90.0,5.88,431.0,474.0,326.0
SPDL,12/10/2019,91.0,91.0,87.0,91.0,1.11,2065.0,474.0,326.0
SPDL,12/11/2019,90.0,93.0,89.0,90.0,-1.1,2002.0,474.0,326.0
SPDL,12/12/2019,91.0,96.0,91.0,95.0,5.56,2078.0,474.0,326.0
SPDL,12/15/2019,99.0,99.0,99.0,99.0,4.21,50.0,474.0,326.0
SPDL,12/17/2019,98.0,98.0,96.0,96.0,-3.03,30.0,474.0,326.0
SPDL,12/18/2019,95.0,95.0,91.0,91.0,-5.21,4833.0,474.0,326.0
SPDL,12/19/2019,90.0,90.0,85.0,90.0,-1.1,628.0,474.0,326.0
SPDL,12/22/2019,89.0,89.0,85.0,85.0,-5.56,60.0,474.0,326.0
SPDL,12/23/2019,86.0,89.0,85.0,87.0,2.35,3095.0,474.0,326.0
SPDL,12/24/2019,86.0,86.0,86.0,86.0,-1.15,10.0,474.0,326.0
SPDL,12/25/2019,85.0,86.0,84.0,86.0,0.0,1165.0,474.0,326.0
SPDL,12/26/2019,85.0,88.0,85.0,88.0,2.33,1355.0,474.0,326.0
SPDL,12/29/2019,87.0,87.0,86.0,87.0,-1.14,614.0,474.0,326.0
SPDL,12/30/2019,86.0,88.0,86.0,88.0,1.15,2858.0,474.0,326.0
SPDL,12/31/2019,87.0,87.0,86.0,86.0,-2.27,164.0,474.0,326.0
SPDL,1/1/2020,85.0,91.0,83.0,90.0,4.65,2828.0,474.0,326.0
SPDL,1/2/2020,90.0,91.0,89.0,89.0,-1.11,70.0,474.0,326.0
SPDL,1/5/2020,88.0,95.0,88.0,95.0,6.74,823.0,474.0,326.0
SPDL,1/6/2020,94.0,97.0,94.0,97.0,2.11,760.0,474.0,326.0
SPDL,1/7/2020,96.0,96.0,95.0,95.0,-2.06,20.0,474.0,326.0
SPDL,1/8/2020,95.0,95.0,95.0,95.0,0.0,15.0,474.0,326.0
SPDL,1/9/2020,99.0,99.0,96.0,96.0,1.05,30.0,474.0,326.0
SPDL,1/12/2020,95.0,96.0,94.0,94.0,-2.08,719.0,474.0,326.0
SPDL,1/13/2020,93.0,95.0,92.0,93.0,-1.06,2717.0,474.0,326.0
SPDL,1/14/2020,93.0,97.0,93.0,97.0,4.3,365.0,474.0,326.0
SPDL,1/15/2020,96.0,98.0,96.0,97.0,0.0,1374.0,474.0,326.0
SPDL,1/16/2020,97.0,99.0,100.0,104.0,7.22,3450.0,474.0,326.0
SPDL,1/19/2020,102.0,99.0,100.0,104.0,0.0,1741.0,474.0,326.0
SPDL,1/20/2020,104.0,106.0,104.0,106.0,1.92,30.0,474.0,326.0
SPDL,1/21/2020,104.0,104.0,96.0,100.0,-5.66,6858.0,474.0,326.0
SPDL,1/22/2020,99.0,102.0,94.0,95.0,-5.0,17686.0,474.0,326.0
SPDL,1/23/2020,95.0,104.0,95.0,104.0,9.47,5723.0,474.0,326.0
SPDL,1/26/2020,102.0,102.0,98.0,100.0,-3.85,1534.0,474.0,326.0
SPDL,1/27/2020,102.0,99.0,100.0,102.0,2.0,4346.0,474.0,326.0
SPDL,1/28/2020,100.0,99.0,100.0,100.0,-1.96,3012.0,474.0,326.0
SPDL,1/29/2020,99.0,99.0,100.0,102.0,2.0,4437.0,474.0,326.0
SPDL,1/30/2020,101.0,106.0,99.0,106.0,3.92,4052.0,474.0,326.0
SPDL,2/2/2020,104.0,105.0,101.0,101.0,-4.72,4114.0,474.0,326.0
SPDL,2/3/2020,101.0,105.0,100.0,100.0,-0.99,1699.0,474.0,326.0
SPDL,2/4/2020,102.0,103.0,101.0,101.0,1.0,3730.0,474.0,326.0
SPDL,2/5/2020,100.0,100.0,100.0,100.0,-0.99,564.0,474.0,326.0
SPDL,2/6/2020,100.0,100.0,100.0,100.0,0.0,1178.0,474.0,326.0
SPDL,2/9/2020,100.0,100.0,100.0,100.0,0.0,587.0,474.0,326.0
SPDL,2/10/2020,98.0,99.0,97.0,98.0,-2.0,895.0,474.0,326.0
SPDL,2/11/2020,99.0,100.0,98.0,98.0,0.0,1611.0,474.0,326.0
SPDL,2/12/2020,97.0,99.0,96.0,97.0,-1.02,1326.0,474.0,326.0
SPDL,2/13/2020,96.0,106.0,96.0,99.0,2.06,2814.0,474.0,326.0
SPDL,2/16/2020,98.0,104.0,98.0,103.0,4.04,6536.0,474.0,326.0
SPDL,2/17/2020,101.0,105.0,101.0,103.0,0.0,7231.0,474.0,326.0
SPDL,2/18/2020,104.0,106.0,98.0,100.0,-2.91,9427.0,474.0,326.0
SPDL,2/19/2020,98.0,103.0,98.0,102.0,2.0,6347.0,474.0,326.0
SPDL,2/20/2020,104.0,110.0,104.0,105.0,2.94,12842.0,474.0,326.0
SPDL,2/23/2020,107.0,115.0,107.0,111.0,5.71,7581.0,474.0,326.0
SPDL,2/24/2020,110.0,110.0,105.0,106.0,-4.5,10749.0,474.0,326.0
SPDL,2/25/2020,104.0,116.0,104.0,115.0,8.49,19438.0,474.0,326.0
SPDL,2/26/2020,117.0,123.0,115.0,123.0,6.96,15320.0,474.0,326.0
SPDL,2/27/2020,123.0,123.0,113.0,115.0,-6.5,2742.0,474.0,326.0
SPDL,3/1/2020,115.0,115.0,107.0,111.0,-3.48,15942.0,474.0,326.0
SPDL,3/2/2020,109.0,109.0,103.0,103.0,-7.21,3799.0,474.0,326.0
SPDL,3/3/2020,101.0,106.0,99.0,103.0,0.0,19431.0,474.0,326.0
SPDL,3/4/2020,102.0,104.0,100.0,101.0,-1.94,18641.0,474.0,326.0
SPDL,3/5/2020,99.0,103.0,99.0,100.0,-0.99,3107.0,474.0,326.0
SPDL,3/10/2020,101.0,101.0,99.0,99.0,-1.0,385.0,474.0,326.0
SPDL,3/11/2020,98.0,101.0,98.0,101.0,2.02,5562.0,474.0,326.0
SPDL,3/12/2020,99.0,100.0,98.0,98.0,-2.97,9318.0,474.0,326.0
SPDL,3/15/2020,97.0,100.0,97.0,98.0,0.0,6189.0,474.0,326.0
SPDL,3/16/2020,97.0,99.0,97.0,98.0,0.0,4454.0,474.0,326.0
SPDL,3/17/2020,98.0,99.0,92.0,92.0,-6.12,4897.0,474.0,326.0
SPDL,3/18/2020,92.0,92.0,91.0,92.0,0.0,3371.0,474.0,326.0
SPDL,3/19/2020,91.0,94.0,90.0,92.0,0.0,2827.0,474.0,326.0
SPDL,5/12/2020,91.0,91.0,90.0,91.0,-1.09,300.0,474.0,326.0
SPDL,5/13/2020,90.0,90.0,90.0,90.0,-1.1,200.0,474.0,326.0
SPDL,6/29/2020,89.0,93.0,89.0,95.0,5.56,229.0,474.0,326.0
SPDL,6/30/2020,96.0,98.0,96.0,98.0,3.16,42.0,474.0,326.0
SPDL,7/2/2020,99.0,99.0,98.0,98.0,0.0,43.0,474.0,326.0
SPDL,7/5/2020,99.0,106.0,98.0,106.0,8.16,1267.0,474.0,326.0
SPDL,7/6/2020,104.0,104.0,100.0,104.0,-1.89,828.0,474.0,326.0
SPDL,7/7/2020,105.0,105.0,100.0,102.0,-1.92,4496.0,474.0,326.0
SPDL,7/8/2020,100.0,102.0,99.0,100.0,-1.96,1224.0,474.0,326.0
SPDL,7/9/2020,98.0,102.0,98.0,101.0,1.0,416.0,474.0,326.0
SPDL,7/12/2020,102.0,104.0,102.0,102.0,0.99,1937.0,474.0,326.0
SPDL,7/13/2020,101.0,103.0,100.0,103.0,0.98,1474.0,474.0,326.0
SPDL,7/14/2020,101.0,102.0,100.0,100.0,-2.91,627.0,474.0,326.0
SPDL,7/15/2020,100.0,101.0,98.0,98.0,-2.0,2716.0,474.0,326.0
SPDL,7/16/2020,98.0,100.0,97.0,97.0,-1.02,10619.0,474.0,326.0
SPDL,7/19/2020,101.0,105.0,101.0,105.0,8.25,73.0,474.0,326.0
SPDL,7/20/2020,110.0,112.0,105.0,109.0,3.81,6217.0,474.0,326.0
SPDL,7/21/2020,107.0,107.0,101.0,107.0,-1.83,378.0,474.0,326.0
SPDL,7/22/2020,105.0,105.0,98.0,100.0,-6.54,7814.0,474.0,326.0
SPDL,7/23/2020,98.0,101.0,97.0,101.0,1.0,15296.0,474.0,326.0
SPDL,7/26/2020,102.0,103.0,98.0,103.0,1.98,14055.0,474.0,326.0
SPDL,7/27/2020,101.0,99.0,100.0,100.0,-2.91,3379.0,474.0,326.0
SPDL,7/28/2020,95.0,99.0,100.0,99.0,-1.0,3093.0,474.0,326.0
SPDL,7/29/2020,98.0,102.0,98.0,100.0,1.01,4726.0,474.0,326.0
SPDL,7/30/2020,100.0,106.0,100.0,102.0,2.0,12418.0,474.0,326.0
SPDL,8/2/2020,101.0,101.0,97.0,97.0,-4.9,26563.0,474.0,326.0
SPDL,8/3/2020,98.0,99.0,97.0,97.0,0.0,7454.0,474.0,326.0
SPDL,8/5/2020,96.0,99.0,100.0,98.0,1.03,9390.0,474.0,326.0
SPDL,8/6/2020,97.0,99.0,97.0,98.0,0.0,2795.0,474.0,326.0
SPDL,8/9/2020,98.0,99.0,97.0,98.0,0.0,2945.0,474.0,326.0
SPDL,8/10/2020,97.0,99.0,100.0,99.0,1.02,12528.0,474.0,326.0
SPDL,8/11/2020,98.0,98.0,95.0,98.0,-1.01,20821.0,474.0,326.0
SPDL,8/12/2020,97.0,98.0,97.0,97.0,-1.02,3439.0,474.0,326.0
SPDL,8/13/2020,98.0,99.0,96.0,97.0,0.0,18127.0,474.0,326.0
SPDL,8/16/2020,98.0,106.0,98.0,105.0,8.25,101654.0,474.0,326.0
SPDL,8/17/2020,107.0,107.0,103.0,104.0,-0.95,5143.0,474.0,326.0
SPDL,8/18/2020,105.0,107.0,103.0,104.0,0.0,14715.0,474.0,326.0
SPDL,8/19/2020,103.0,106.0,103.0,106.0,1.92,9439.0,474.0,326.0
SPDL,8/20/2020,107.0,108.0,105.0,106.0,0.0,20984.0,474.0,326.0
SPDL,8/23/2020,111.0,111.0,103.0,108.0,1.89,22520.0,474.0,326.0
SPDL,8/24/2020,109.0,116.0,107.0,113.0,4.63,49549.0,474.0,326.0
SPDL,8/25/2020,112.0,114.0,110.0,112.0,-0.88,17631.0,474.0,326.0
SPDL,8/26/2020,112.0,112.0,110.0,111.0,-0.89,17017.0,474.0,326.0
SPDL,8/27/2020,110.0,112.0,110.0,110.0,-0.9,5822.0,474.0,326.0
SPDL,8/30/2020,112.0,115.0,111.0,114.0,3.64,31490.0,474.0,326.0
SPDL,8/31/2020,116.0,125.0,115.0,125.0,9.65,73237.0,474.0,326.0
SPDL,9/2/2020,131.0,137.0,131.0,137.0,9.6,57285.0,474.0,326.0
SPDL,9/3/2020,143.0,147.0,131.0,133.0,-2.92,41086.0,474.0,326.0
SPDL,9/6/2020,139.0,144.0,128.0,134.0,0.75,86068.0,474.0,326.0
SPDL,9/7/2020,134.0,136.0,128.0,132.0,-1.49,21802.0,474.0,326.0
SPDL,9/8/2020,130.0,134.0,129.0,130.0,-1.52,21449.0,474.0,326.0
SPDL,9/9/2020,136.0,136.0,129.0,133.0,2.31,19748.0,474.0,326.0
SPDL,9/10/2020,131.0,131.0,128.0,131.0,-1.5,18397.0,474.0,326.0
SPDL,9/13/2020,130.0,144.0,130.0,141.0,7.63,27961.0,474.0,326.0
SPDL,9/14/2020,141.0,155.0,141.0,154.0,9.22,106708.0,474.0,326.0
SPDL,9/15/2020,157.0,163.0,149.0,150.0,-2.6,107309.0,474.0,326.0
SPDL,9/16/2020,149.0,165.0,148.0,165.0,10.0,82027.0,474.0,326.0
SPDL,9/17/2020,173.0,181.0,169.0,181.0,9.7,85264.0,474.0,326.0
SPDL,9/20/2020,190.0,199.0,172.0,180.0,-0.55,112759.0,474.0,326.0
SPDL,9/21/2020,180.0,186.0,165.0,184.0,2.22,89421.0,474.0,326.0
SPDL,9/22/2020,184.0,185.0,178.0,180.0,-2.17,54089.0,474.0,326.0
SPDL,9/23/2020,182.0,188.0,175.0,186.0,3.33,117055.0,474.0,326.0
SPDL,9/24/2020,184.0,204.0,184.0,204.0,9.68,126112.0,474.0,326.0
SPDL,9/27/2020,204.0,224.0,192.0,207.0,1.47,93202.0,474.0,326.0
SPDL,9/28/2020,208.0,208.0,195.0,202.0,-2.42,54657.0,474.0,326.0
SPDL,9/29/2020,198.0,212.0,192.0,212.0,4.95,100870.0,474.0,326.0
SPDL,9/30/2020,210.0,214.0,206.0,212.0,0.0,97684.0,474.0,326.0
SPDL,10/1/2020,216.0,216.0,205.0,208.0,-1.89,113722.0,474.0,326.0
SPDL,10/4/2020,212.0,212.0,197.0,208.0,0.0,110370.0,474.0,326.0
SPDL,10/5/2020,204.0,227.0,204.0,218.0,4.81,100424.0,474.0,326.0
SPDL,10/6/2020,220.0,239.0,220.0,232.0,6.42,136728.0,474.0,326.0
SPDL,10/7/2020,236.0,252.0,232.0,240.0,3.45,91249.0,474.0,326.0
SPDL,10/8/2020,244.0,248.0,223.0,223.0,-7.08,105942.0,474.0,326.0
SPDL,10/11/2020,234.0,234.0,214.0,220.0,-1.35,87047.0,474.0,326.0
SPDL,10/12/2020,217.0,226.0,214.0,219.0,-0.45,43854.0,474.0,326.0
SPDL,10/13/2020,216.0,222.0,209.0,211.0,-3.65,40156.0,474.0,326.0
SPDL,10/14/2020,207.0,221.0,206.0,211.0,0.0,42006.0,474.0,326.0
SPDL,10/15/2020,211.0,222.0,209.0,212.0,0.47,19078.0,474.0,326.0
SPDL,10/18/2020,210.0,218.0,209.0,215.0,1.42,33382.0,474.0,326.0
SPDL,10/19/2020,215.0,228.0,215.0,226.0,5.12,31064.0,474.0,326.0
SPDL,10/20/2020,228.0,233.0,223.0,230.0,1.77,64957.0,474.0,326.0
SPDL,10/21/2020,230.0,232.0,225.0,227.0,-1.3,41527.0,474.0,326.0
SPDL,10/22/2020,238.0,238.0,225.0,227.0,0.0,13753.0,474.0,326.0
SPDL,10/28/2020,224.0,226.0,223.0,226.0,-0.44,27254.0,474.0,326.0
SPDL,10/29/2020,223.0,232.0,223.0,228.0,0.88,32667.0,474.0,326.0
SPDL,11/1/2020,232.0,238.0,225.0,233.0,2.19,54854.0,474.0,326.0
SPDL,11/2/2020,231.0,232.0,229.0,229.0,-1.72,25656.0,474.0,326.0
SPDL,11/3/2020,228.0,230.0,227.0,227.0,-0.87,38002.0,474.0,326.0
SPDL,11/4/2020,225.0,233.0,225.0,230.0,1.32,41015.0,474.0,326.0
SPDL,11/5/2020,230.0,238.0,230.0,236.0,2.61,66246.0,474.0,326.0
SPDL,11/8/2020,240.0,244.0,237.0,244.0,3.39,111685.0,474.0,326.0
SPDL,11/9/2020,244.0,245.0,235.0,236.0,-3.28,36691.0,474.0,326.0
SPDL,11/10/2020,232.0,244.0,232.0,236.0,0.0,35168.0,474.0,326.0
SPDL,11/11/2020,235.0,239.0,235.0,235.0,-0.42,14564.0,474.0,326.0
SPDL,11/12/2020,233.0,236.0,230.0,230.0,-2.13,24185.0,474.0,326.0
SPDL,11/18/2020,227.0,234.0,220.0,230.0,0.0,85859.0,474.0,326.0
SPDL,11/19/2020,234.0,249.0,234.0,242.0,5.22,104093.0,474.0,326.0
SPDL,11/22/2020,242.0,246.0,233.0,237.0,-2.07,59544.0,474.0,326.0
SPDL,11/23/2020,235.0,244.0,234.0,234.0,-1.27,37996.0,474.0,326.0
SPDL,11/24/2020,238.0,244.0,231.0,240.0,2.56,107082.0,474.0,326.0
SPDL,11/25/2020,240.0,247.0,232.0,235.0,-2.08,63266.0,474.0,326.0
SPDL,11/26/2020,246.0,246.0,229.0,229.0,-2.55,89800.0,474.0,326.0
SPDL,11/29/2020,229.0,245.0,229.0,233.0,1.75,50286.0,474.0,326.0
SPDL,11/30/2020,236.0,245.0,233.0,245.0,5.15,63174.0,474.0,326.0
SPDL,12/1/2020,249.0,257.0,243.0,254.0,3.67,212089.0,474.0,326.0
SPDL,12/2/2020,254.0,265.0,247.0,251.0,-1.18,125641.0,474.0,326.0
SPDL,12/3/2020,255.0,255.0,247.0,249.0,-0.8,48674.0,474.0,326.0
SPDL,12/6/2020,247.0,247.0,235.0,235.0,-5.62,51578.0,474.0,326.0
SPDL,12/7/2020,233.0,244.0,231.0,241.0,2.55,57377.0,474.0,326.0
SPDL,12/8/2020,244.0,255.0,237.0,240.0,-0.41,86140.0,474.0,326.0
SPDL,12/9/2020,244.0,252.0,234.0,235.0,-2.08,93058.0,474.0,326.0
SPDL,12/10/2020,233.0,243.0,231.0,231.0,-1.7,91586.0,474.0,326.0
SPDL,12/13/2020,231.0,239.0,230.0,235.0,1.73,51177.0,474.0,326.0
SPDL,12/14/2020,239.0,244.0,235.0,239.0,1.7,38185.0,474.0,326.0
SPDL,12/15/2020,230.0,242.0,230.0,233.0,-2.51,54653.0,474.0,326.0
SPDL,12/16/2020,229.0,235.0,224.0,229.0,-1.72,40355.0,474.0,326.0
SPDL,12/17/2020,226.0,229.0,221.0,221.0,-3.49,53032.0,474.0,326.0
SPDL,12/20/2020,220.0,223.0,204.0,205.0,-7.24,47707.0,474.0,326.0
SPDL,12/21/2020,204.0,220.0,197.0,208.0,1.46,45668.0,474.0,326.0
SPDL,12/22/2020,204.0,216.0,204.0,210.0,0.96,29957.0,474.0,326.0
SPDL,12/23/2020,214.0,222.0,211.0,215.0,2.38,13253.0,474.0,326.0
SPDL,12/24/2020,205.0,220.0,205.0,217.0,0.93,20895.0,474.0,326.0
SPDL,12/27/2020,203.0,207.0,200.0,200.0,-7.83,95961.0,474.0,326.0
SPDL,12/28/2020,204.0,206.0,195.0,198.0,-1.0,73847.0,474.0,326.0
SPDL,12/29/2020,199.0,207.0,195.0,195.0,-1.52,39670.0,474.0,326.0
SPDL,12/30/2020,198.0,200.0,195.0,197.0,1.03,7476.0,474.0,326.0
SPDL,12/31/2020,195.0,216.0,195.0,206.0,4.57,42125.0,474.0,326.0
SPDL,1/3/2021,209.0,218.0,208.0,210.0,1.94,24058.0,474.0,326.0
SPDL,1/4/2021,210.0,217.0,207.0,215.0,2.38,19848.0,474.0,326.0
SPDL,1/5/2021,219.0,227.0,211.0,225.0,4.65,150811.0,474.0,326.0
SPDL,1/6/2021,229.0,230.0,219.0,219.0,-2.67,43225.0,474.0,326.0
SPDL,1/7/2021,223.0,224.0,215.0,219.0,0.0,24102.0,474.0,326.0
SPDL,1/10/2021,216.0,225.0,213.0,218.0,-0.46,18980.0,474.0,326.0
SPDL,1/11/2021,222.0,222.0,215.0,217.0,-0.46,36790.0,474.0,326.0
SPDL,1/12/2021,214.0,223.0,214.0,218.0,0.46,8773.0,474.0,326.0
SPDL,1/13/2021,218.0,228.0,218.0,223.0,2.29,48779.0,474.0,326.0
SPDL,1/17/2021,223.0,229.0,223.0,228.0,2.24,46318.0,474.0,326.0
SPDL,1/18/2021,228.0,229.0,225.0,227.0,-0.44,16967.0,474.0,326.0
SPDL,1/19/2021,227.0,230.0,222.0,223.0,-1.76,37220.0,474.0,326.0
SPDL,1/20/2021,223.0,227.0,220.0,226.0,1.35,39369.0,474.0,326.0
SPDL,1/21/2021,216.0,239.0,216.0,238.0,5.31,96503.0,474.0,326.0
SPDL,1/24/2021,238.0,241.0,231.0,236.0,-0.84,70892.0,474.0,326.0
SPDL,1/25/2021,235.0,240.0,228.0,230.0,-2.54,88362.0,474.0,326.0
SPDL,1/26/2021,233.0,243.0,230.0,235.0,2.17,48780.0,474.0,326.0
SPDL,1/27/2021,235.0,258.0,231.0,247.0,5.11,136268.0,474.0,326.0
SPDL,1/28/2021,250.0,259.0,239.0,240.0,-2.83,200664.0,474.0,326.0
SPDL,1/31/2021,241.0,242.0,236.0,238.0,-0.83,66949.0,474.0,326.0
SPDL,2/1/2021,242.0,246.0,238.0,239.0,0.42,35333.0,474.0,326.0
SPDL,2/2/2021,243.0,247.0,236.0,244.0,2.09,49972.0,474.0,326.0
SPDL,2/3/2021,256.0,265.0,245.0,253.0,3.69,206081.0,474.0,326.0
SPDL,2/4/2021,265.0,278.0,248.0,278.0,9.88,336039.0,474.0,326.0
SPDL,2/7/2021,291.0,305.0,290.0,305.0,9.71,277700.0,474.0,326.0
SPDL,2/8/2021,320.0,320.0,291.0,296.0,-2.95,113434.0,474.0,326.0
SPDL,2/9/2021,296.0,300.0,280.0,293.0,-1.01,151259.0,474.0,326.0
SPDL,2/10/2021,307.0,307.0,285.0,288.0,-1.71,59199.0,474.0,326.0
SPDL,2/11/2021,288.0,297.0,279.0,280.0,-2.78,76982.0,474.0,326.0
SPDL,2/14/2021,294.0,294.0,267.0,273.0,-2.5,102882.0,474.0,326.0
SPDL,2/15/2021,278.0,297.0,278.0,294.0,7.69,118395.0,474.0,326.0
SPDL,2/16/2021,298.0,299.0,279.0,284.0,-3.4,89060.0,474.0,326.0
SPDL,2/17/2021,280.0,285.0,276.0,285.0,0.35,48760.0,474.0,326.0
SPDL,2/18/2021,286.0,286.0,280.0,281.0,-1.4,31284.0,474.0,326.0
SPDL,2/21/2021,295.0,295.0,274.0,285.0,1.42,95254.0,474.0,326.0
SPDL,2/22/2021,290.0,295.0,277.0,277.0,-2.81,51681.0,474.0,326.0
SPDL,2/23/2021,290.0,290.0,267.0,278.0,0.36,42045.0,474.0,326.0
SPDL,2/24/2021,291.0,291.0,271.0,277.0,-0.36,34813.0,474.0,326.0
SPDL,2/25/2021,272.0,277.0,268.0,268.0,-3.25,28524.0,474.0,326.0
SPDL,2/28/2021,273.0,273.0,257.0,258.0,-3.73,34679.0,474.0,326.0
SPDL,3/1/2021,258.0,278.0,255.0,264.0,2.33,16541.0,474.0,326.0
SPDL,3/2/2021,262.0,262.0,246.0,247.0,-6.44,66378.0,474.0,326.0
SPDL,3/3/2021,245.0,258.0,245.0,255.0,3.24,61677.0,474.0,326.0
SPDL,3/4/2021,251.0,274.0,251.0,272.0,6.67,45982.0,474.0,326.0
SPDL,3/7/2021,277.0,277.0,263.0,265.0,-2.57,20349.0,474.0,326.0
SPDL,3/9/2021,260.0,287.0,260.0,273.0,3.02,103727.0,474.0,326.0
SPDL,3/10/2021,269.0,281.0,269.0,274.0,0.37,35416.0,474.0,326.0
SPDL,3/14/2021,272.0,276.0,261.0,266.0,-2.92,21533.0,474.0,326.0
SPDL,3/15/2021,266.0,276.0,256.0,262.0,-1.5,33845.0,474.0,326.0
SPDL,3/16/2021,263.0,265.0,257.0,263.0,0.38,17496.0,474.0,326.0
SPDL,3/17/2021,258.0,270.0,258.0,270.0,2.66,39153.0,474.0,326.0
SPDL,3/18/2021,283.0,283.0,265.0,266.0,-1.48,31237.0,474.0,326.0
SPDL,3/21/2021,279.0,279.0,260.0,265.0,-0.38,22639.0,474.0,326.0
SPDL,3/22/2021,260.0,277.0,260.0,265.0,0.0,27237.0,474.0,326.0
SPDL,3/23/2021,261.0,279.0,261.0,274.0,3.4,53400.0,474.0,326.0
SPDL,3/24/2021,274.0,285.0,273.0,275.0,0.36,98559.0,474.0,326.0
SPDL,3/25/2021,280.0,280.0,265.0,267.0,-2.91,43438.0,474.0,326.0
SPDL,3/29/2021,258.0,278.0,258.0,268.0,0.37,25773.0,474.0,326.0
SPDL,3/30/2021,273.0,278.0,265.0,273.0,1.87,14966.0,474.0,326.0
SPDL,3/31/2021,270.0,278.0,265.0,269.0,-1.47,27160.0,474.0,326.0
SPDL,4/1/2021,271.0,285.0,269.0,274.0,1.86,51031.0,474.0,326.0
SPDL,4/4/2021,272.0,285.0,272.0,280.0,2.19,63992.0,474.0,326.0
SPDL,4/5/2021,278.0,281.0,274.0,276.0,-1.43,33238.0,474.0,326.0
SPDL,4/6/2021,272.0,295.0,268.0,286.0,3.62,137005.0,474.0,326.0
SPDL,4/7/2021,287.0,292.0,279.0,279.0,-2.45,59279.0,474.0,326.0
SPDL,4/8/2021,283.0,283.0,271.0,274.0,-1.79,47845.0,474.0,326.0
SPDL,4/12/2021,271.0,278.0,269.0,271.0,-1.09,38104.0,474.0,326.0
SPDL,4/13/2021,270.0,276.0,270.0,274.0,1.11,32367.0,474.0,326.0
SPDL,4/15/2021,287.0,287.0,272.0,274.0,0.0,49922.0,474.0,326.0
SPDL,4/18/2021,279.0,282.0,272.0,275.0,0.36,52222.0,474.0,326.0
SPDL,4/19/2021,274.0,280.0,269.0,273.0,-0.73,44529.0,474.0,326.0
SPDL,4/20/2021,277.0,280.0,271.0,280.0,2.56,48695.0,474.0,326.0
SPDL,4/21/2021,284.0,286.0,277.0,280.0,0.0,131755.0,474.0,326.0
SPDL,4/22/2021,280.0,288.0,279.0,287.0,2.5,82530.0,474.0,326.0
SPDL,4/25/2021,290.0,290.0,271.0,277.0,-3.48,88394.0,474.0,326.0
SPDL,4/26/2021,272.0,274.0,261.0,263.0,-5.05,68119.0,474.0,326.0
SPDL,4/27/2021,258.0,273.0,258.0,272.0,3.42,44891.0,474.0,326.0
SPDL,4/28/2021,278.0,278.0,269.0,270.0,-0.74,16753.0,474.0,326.0
SPDL,4/29/2021,270.0,284.0,270.0,280.0,3.7,76124.0,474.0,326.0
SPDL,5/2/2021,284.0,300.0,280.0,299.0,6.79,318769.0,474.0,326.0
SPDL,5/3/2021,313.0,313.0,290.0,294.0,-1.67,197335.0,474.0,326.0
SPDL,5/4/2021,297.0,323.0,291.0,318.0,8.16,329187.0,474.0,326.0
SPDL,5/5/2021,325.0,344.0,315.0,323.0,1.57,227303.0,474.0,326.0
SPDL,5/6/2021,339.0,339.0,308.0,308.0,-4.64,318939.0,474.0,326.0
SPDL,5/9/2021,310.0,321.0,301.0,313.0,1.62,181547.0,474.0,326.0
SPDL,5/10/2021,318.0,332.0,309.0,325.0,3.83,209861.0,474.0,326.0
SPDL,5/11/2021,330.0,342.0,325.0,338.0,4.0,288852.0,474.0,326.0
SPDL,5/12/2021,345.0,347.0,333.0,339.0,0.3,222444.0,474.0,326.0
SPDL,5/13/2021,349.0,349.0,338.0,344.0,1.47,204117.0,474.0,326.0
SPDL,5/16/2021,361.0,361.0,336.0,340.0,-1.16,195570.0,474.0,326.0
SPDL,5/17/2021,335.0,365.0,335.0,356.0,4.71,229314.0,474.0,326.0
SPDL,5/18/2021,363.0,391.0,363.0,391.0,9.83,489911.0,474.0,326.0
SPDL,5/19/2021,400.0,416.0,375.0,385.0,-1.53,258698.0,474.0,326.0
SPDL,5/20/2021,400.0,400.0,374.0,377.0,-2.08,214747.0,474.0,326.0
SPDL,5/23/2021,375.0,414.0,364.0,414.0,9.81,508135.0,474.0,326.0
SPDL,5/24/2021,434.0,434.0,403.0,407.0,-1.69,257291.0,474.0,326.0
SPDL,5/25/2021,415.0,428.0,406.0,423.0,3.93,189043.0,474.0,326.0
SPDL,5/27/2021,420.0,465.0,404.0,449.0,6.15,340911.0,474.0,326.0
SPDL,5/30/2021,471.0,471.0,423.0,431.0,-4.01,381875.0,474.0,326.0
SPDL,5/31/2021,431.0,451.0,402.0,405.0,-6.03,254624.0,474.0,326.0
SPDL,6/1/2021,406.0,423.0,392.0,408.0,0.74,146313.0,474.0,326.0
SPDL,6/2/2021,415.0,439.0,399.0,429.0,5.15,171032.0,474.0,326.0
SPDL,6/3/2021,435.0,443.0,411.0,414.0,-3.5,164034.0,474.0,326.0
SPDL,6/6/2021,409.0,419.0,403.0,405.0,-2.17,92978.0,474.0,326.0
SPDL,6/7/2021,405.0,426.0,405.0,421.0,3.95,109984.0,474.0,326.0
SPDL,6/8/2021,434.0,455.0,425.0,428.0,1.66,210875.0,474.0,326.0
SPDL,6/9/2021,432.0,464.0,429.0,445.0,3.97,340734.0,474.0,326.0
SPDL,6/10/2021,450.0,487.0,447.0,476.0,6.97,289012.0,474.0,326.0
SPDL,6/13/2021,480.0,504.0,470.0,497.0,4.41,290999.0,474.0,326.0
SPDL,6/14/2021,521.0,521.0,462.0,479.0,-3.62,246227.0,474.0,326.0
SPDL,6/15/2021,497.0,497.0,454.0,456.0,-4.8,160264.0,474.0,326.0
SPDL,6/16/2021,435.0,471.0,416.0,460.0,0.88,289713.0,474.0,326.0
SPDL,6/17/2021,470.0,470.0,432.0,460.0,0.0,111602.0,474.0,326.0
SPDL,6/20/2021,465.0,468.0,420.0,430.0,-6.52,132655.0,474.0,326.0
SPDL,6/21/2021,430.0,435.0,396.0,398.0,-7.44,136359.0,474.0,326.0
SPDL,6/22/2021,405.0,437.0,392.0,437.0,9.8,132352.0,474.0,326.0
SPDL,6/23/2021,442.0,455.0,417.0,421.0,-3.66,88774.0,474.0,326.0
SPDL,6/24/2021,418.0,430.0,412.0,414.0,-1.66,56524.0,474.0,326.0
SPDL,6/27/2021,420.0,428.0,410.0,412.0,-0.48,34520.0,474.0,326.0
SPDL,6/28/2021,420.0,428.0,404.0,410.0,-0.49,96794.0,474.0,326.0
SPDL,6/29/2021,415.0,415.0,385.0,394.0,-3.9,58368.0,474.0,326.0
SPDL,6/30/2021,390.0,401.0,375.0,398.0,1.02,105391.0,474.0,326.0
SPDL,7/1/2021,392.0,414.0,391.0,405.0,1.76,60563.0,474.0,326.0
SPDL,7/4/2021,385.0,416.0,385.0,406.0,0.25,56910.0,474.0,326.0
SPDL,7/5/2021,386.0,410.0,386.0,399.0,-1.72,37904.0,474.0,326.0
SPDL,7/6/2021,392.0,407.0,392.0,396.0,-0.75,20691.0,474.0,326.0
SPDL,7/7/2021,400.0,404.0,387.0,398.0,0.51,35476.0,474.0,326.0
SPDL,7/8/2021,398.0,407.0,392.0,402.0,1.01,32507.0,474.0,326.0
SPDL,7/11/2021,422.0,424.0,405.0,422.0,4.98,57601.0,474.0,326.0
SPDL,7/12/2021,401.0,433.0,401.0,408.0,-3.32,74610.0,474.0,326.0
SPDL,7/13/2021,400.0,422.0,400.0,413.0,1.23,35126.0,474.0,326.0
SPDL,7/14/2021,415.0,441.0,409.0,434.0,5.08,89968.0,474.0,326.0
SPDL,7/15/2021,440.0,459.0,440.0,449.0,3.46,170902.0,474.0,326.0
SPDL,7/18/2021,457.0,470.0,450.0,468.0,4.23,224897.0,474.0,326.0
SPDL,7/19/2021,474.0,514.8,469.0,514.8,10.0,578943.0,474.0,326.0
SPDL,7/20/2021,520.0,545.0,505.0,518.0,0.62,234940.0,474.0,326.0
SPDL,7/22/2021,526.0,539.0,509.0,520.0,0.39,238223.0,474.0,326.0
SPDL,7/25/2021,519.0,545.0,519.0,544.0,4.62,283275.0,474.0,326.0
SPDL,7/26/2021,554.0,570.0,535.0,539.0,-0.92,215755.0,474.0,326.0
SPDL,7/27/2021,545.0,592.9,535.0,590.0,9.46,345960.0,474.0,326.0
SPDL,7/28/2021,601.0,615.0,585.1,592.0,0.34,432300.0,474.0,326.0
SPDL,7/29/2021,599.0,605.0,580.2,605.0,2.2,250657.0,474.0,326.0
SPDL,8/1/2021,617.1,665.5,605.0,665.5,10.0,495758.0,474.0,326.0
SPDL,8/2/2021,678.8,692.0,650.0,656.0,-1.43,331828.0,474.0,326.0
SPDL,8/3/2021,656.0,706.0,646.0,704.0,7.32,331444.0,474.0,326.0
SPDL,8/4/2021,700.0,745.0,680.0,705.0,0.14,389539.0,474.0,326.0
SPDL,8/5/2021,711.1,725.0,686.0,690.0,-2.13,316268.0,474.0,326.0
SPDL,8/8/2021,703.8,759.0,690.0,749.0,8.55,394431.0,474.0,326.0
SPDL,8/9/2021,763.9,823.9,760.0,765.0,2.14,645881.0,474.0,326.0
SPDL,8/10/2021,780.0,795.0,725.0,729.0,-4.71,350404.0,474.0,326.0
SPDL,8/11/2021,743.0,767.9,734.0,748.0,2.61,257327.0,474.0,326.0
SPDL,8/12/2021,760.0,770.0,734.0,739.0,-1.2,248220.0,474.0,326.0
SPDL,8/15/2021,725.0,745.0,690.0,724.0,-2.03,163960.0,474.0,326.0
SPDL,8/16/2021,738.4,753.0,709.6,712.0,-1.66,94189.0,474.0,326.0
SPDL,8/17/2021,725.0,765.0,698.0,725.0,1.83,139072.0,474.0,326.0
SPDL,8/18/2021,739.5,753.0,711.0,717.9,-0.98,122625.0,474.0,326.0
SPDL,8/19/2021,732.2,732.2,690.0,697.0,-2.91,200570.0,474.0,326.0
SPDL,8/24/2021,634.0,634.0,570.6,570.6,-18.13,124947.0,474.0,326.0
SPDL,8/25/2021,560.0,599.9,529.2,559.0,-2.03,116876.0,474.0,326.0
SPDL,8/26/2021,570.0,614.9,568.0,614.0,9.84,123921.0,474.0,326.0
SPDL,8/29/2021,626.2,650.0,602.0,613.0,-0.16,73961.0,474.0,326.0
SPDL,8/31/2021,625.2,625.2,580.0,586.0,-4.4,87767.0,474.0,326.0
SPDL,9/1/2021,586.0,597.0,575.0,575.2,-1.84,51493.0,474.0,326.0
SPDL,9/2/2021,580.0,586.7,543.0,550.0,-4.38,40677.0,474.0,326.0
SPDL,9/5/2021,539.0,549.0,495.0,503.0,-8.55,70761.0,474.0,326.0
SPDL,9/6/2021,493.0,553.3,483.0,553.3,10.0,71725.0,474.0,326.0
SPDL,9/7/2021,560.0,582.0,542.5,553.0,-0.05,42555.0,474.0,326.0
SPDL,9/8/2021,542.0,559.0,540.0,541.0,-2.17,27584.0,474.0,326.0
SPDL,9/9/2021,550.0,570.0,548.0,562.0,3.88,51995.0,474.0,326.0
SPDL,9/12/2021,573.0,618.0,573.0,617.0,9.79,119503.0,474.0,326.0
SPDL,9/13/2021,629.3,632.4,596.0,604.0,-2.11,58984.0,474.0,326.0
SPDL,9/14/2021,608.0,612.0,590.0,594.0,-1.66,32706.0,474.0,326.0
SPDL,9/15/2021,588.0,597.0,568.0,575.0,-3.2,49527.0,474.0,326.0
SPDL,9/16/2021,570.0,570.0,532.2,539.0,-6.26,74158.0,474.0,326.0
SPDL,9/20/2021,539.0,539.0,496.0,498.0,-7.61,62350.0,474.0,326.0
SPDL,9/21/2021,489.2,525.1,462.0,499.0,0.2,68013.0,474.0,326.0
SPDL,9/22/2021,508.9,545.0,508.9,533.0,6.81,36785.0,474.0,326.0
SPDL,9/23/2021,543.0,543.6,509.0,514.0,-3.56,52322.0,474.0,326.0
SPDL,9/26/2021,510.0,515.0,480.2,485.0,-5.64,47984.0,474.0,326.0
SPDL,9/27/2021,477.0,510.0,453.0,454.0,-6.39,54862.0,474.0,326.0
SPDL,9/28/2021,447.0,468.0,409.0,415.0,-8.59,79494.0,474.0,326.0
SPDL,9/29/2021,415.0,455.6,395.0,443.7,6.92,76235.0,474.0,326.0
SPDL,9/30/2021,451.0,453.0,419.0,423.0,-4.67,30807.0,474.0,326.0
SPDL,10/3/2021,415.0,420.0,394.1,395.0,-6.62,55792.0,474.0,326.0
SPDL,10/4/2021,387.2,410.0,379.0,407.0,3.04,43032.0,474.0,326.0
SPDL,10/5/2021,411.9,423.4,406.0,421.0,3.44,40786.0,474.0,326.0
SPDL,10/6/2021,429.0,433.0,416.0,420.0,-0.24,38121.0,474.0,326.0
SPDL,10/10/2021,428.0,429.0,406.0,409.8,-2.43,32380.0,474.0,326.0
SPDL,10/11/2021,406.0,411.0,395.0,410.0,0.05,17288.0,474.0,326.0
SPDL,10/17/2021,411.0,415.0,403.0,410.0,0.0,4305.0,474.0,326.0
SPDL,10/18/2021,418.0,418.0,385.0,388.0,-5.37,22086.0,474.0,326.0
SPDL,10/19/2021,380.3,383.0,352.0,363.0,-6.44,54307.0,474.0,326.0
SPDL,10/20/2021,370.2,384.0,370.2,380.0,4.68,28279.0,474.0,326.0
SPDL,10/21/2021,387.6,395.0,375.0,381.0,0.26,15706.0,474.0,326.0
SPDL,10/24/2021,383.0,403.0,372.4,396.0,3.94,34547.0,474.0,326.0
SPDL,10/25/2021,403.0,435.6,403.0,435.6,10.0,100418.0,474.0,326.0
SPDL,10/26/2021,444.3,479.1,443.0,479.1,9.99,103988.0,474.0,326.0
SPDL,10/27/2021,488.6,504.9,462.5,481.0,0.4,81890.0,474.0,326.0
SPDL,10/28/2021,481.0,500.0,463.0,497.1,3.35,85654.0,474.0,326.0
SPDL,10/31/2021,506.0,543.0,495.0,542.0,9.03,99725.0,474.0,326.0
SPDL,11/1/2021,552.0,571.0,510.0,523.0,-3.51,89357.0,474.0,326.0
SPDL,11/2/2021,513.1,541.0,503.0,530.0,1.34,66597.0,474.0,326.0
SPDL,11/3/2021,540.0,554.0,530.0,535.0,0.94,54967.0,474.0,326.0
SPDL,11/8/2021,526.0,550.0,518.1,522.0,-2.43,52567.0,474.0,326.0
SPDL,11/9/2021,512.1,522.0,485.0,495.0,-5.17,102046.0,474.0,326.0
SPDL,11/11/2021,504.9,504.9,457.7,465.0,-6.06,85823.0,474.0,326.0
SPDL,11/14/2021,457.1,487.5,456.0,465.5,0.11,65446.0,474.0,326.0
SPDL,11/15/2021,474.8,493.0,467.0,484.9,4.17,77463.0,474.0,326.0
SPDL,11/16/2021,494.5,515.0,485.0,512.0,5.59,122674.0,474.0,326.0
SPDL,11/17/2021,501.8,526.0,501.8,515.0,0.59,102927.0,474.0,326.0
SPDL,11/18/2021,509.0,519.0,493.0,497.2,-3.46,79705.0,474.0,326.0
SPDL,11/21/2021,487.3,508.9,487.3,496.0,-0.24,43218.0,474.0,326.0
SPDL,11/22/2021,505.0,512.0,492.2,498.0,0.4,50364.0,474.0,326.0
SPDL,11/23/2021,490.0,499.0,476.0,482.0,-3.21,48893.0,474.0,326.0
SPDL,11/24/2021,474.0,498.7,468.0,489.0,1.45,64171.0,474.0,326.0
SPDL,11/25/2021,479.3,507.0,478.3,481.0,-1.64,27267.0,474.0,326.0
SPDL,11/28/2021,472.0,480.0,453.4,455.0,-5.41,73355.0,474.0,326.0
SPDL,11/29/2021,445.9,472.0,444.0,453.9,-0.24,55811.0,474.0,326.0
SPDL,11/30/2021,462.9,472.0,446.0,462.0,1.78,39028.0,474.0,326.0
SPDL,12/1/2021,470.9,479.0,461.0,466.0,0.87,39522.0,474.0,326.0
SPDL,12/2/2021,460.0,472.0,439.3,444.0,-4.72,48756.0,474.0,326.0
SPDL,12/5/2021,446.0,446.0,421.0,424.0,-4.5,62454.0,474.0,326.0
SPDL,12/6/2021,420.0,454.0,402.0,445.0,4.95,89251.0,474.0,326.0
SPDL,12/7/2021,453.9,459.0,414.0,417.0,-6.29,49740.0,474.0,326.0
SPDL,12/8/2021,425.0,430.0,399.0,400.0,-4.08,74343.0,474.0,326.0
SPDL,12/9/2021,400.0,418.2,394.0,418.2,4.55,57012.0,474.0,326.0
SPDL,12/12/2021,410.0,410.0,386.1,388.0,-7.22,75447.0,474.0,326.0
SPDL,12/13/2021,381.0,395.0,360.0,364.1,-6.16,52353.0,474.0,326.0
SPDL,12/14/2021,371.0,400.5,365.0,400.5,10.0,32679.0,474.0,326.0
SPDL,12/15/2021,408.5,432.0,392.1,400.0,-0.12,72242.0,474.0,326.0
SPDL,12/16/2021,407.0,408.0,378.0,380.0,-5.0,37132.0,474.0,326.0
SPDL,12/20/2021,387.6,387.6,372.5,375.9,-1.08,35199.0,474.0,326.0
SPDL,12/21/2021,380.0,400.0,380.0,399.0,6.15,45361.0,474.0,326.0
SPDL,12/22/2021,405.0,430.0,400.0,429.0,7.52,63735.0,474.0,326.0
SPDL,12/23/2021,435.0,442.0,418.0,418.1,-2.54,51662.0,474.0,326.0
SPDL,12/26/2021,418.2,425.9,414.0,415.0,-0.74,50995.0,474.0,326.0
SPDL,12/27/2021,421.9,422.0,392.0,398.0,-4.1,53295.0,474.0,326.0
SPDL,12/28/2021,390.1,407.9,385.0,397.0,-0.25,37367.0,474.0,326.0
SPDL,12/29/2021,403.0,403.0,390.0,396.0,-0.25,19705.0,474.0,326.0
SPDL,1/2/2022,397.0,402.5,390.0,401.0,1.26,22742.0,474.0,326.0
SPDL,1/3/2022,401.0,408.9,395.0,401.9,0.22,32334.0,474.0,326.0
SPDL,1/4/2022,408.9,411.0,395.0,408.8,1.72,34763.0,474.0,326.0
SPDL,1/5/2022,410.1,430.0,407.1,418.6,2.4,88887.0,474.0,326.0
SPDL,1/6/2022,410.4,440.0,410.4,438.0,4.63,88984.0,474.0,326.0
SPDL,1/9/2022,446.7,471.0,446.0,465.9,6.37,126171.0,474.0,326.0
SPDL,1/10/2022,475.2,483.0,455.0,464.0,-0.41,114789.0,474.0,326.0
SPDL,1/11/2022,466.1,486.0,461.0,477.0,2.8,71521.0,474.0,326.0
SPDL,1/12/2022,485.0,495.0,461.1,469.0,-1.68,158461.0,474.0,326.0
SPDL,1/13/2022,460.1,493.0,460.1,488.0,4.05,104544.0,474.0,326.0
SPDL,1/16/2022,497.0,512.0,491.0,499.9,2.44,155149.0,474.0,326.0
SPDL,1/17/2022,505.0,525.0,487.0,517.0,3.42,171643.0,474.0,326.0
SPDL,1/18/2022,524.0,530.0,499.0,502.0,-2.9,179475.0,474.0,326.0
SPDL,1/19/2022,510.0,512.0,490.0,494.0,-1.59,97323.0,474.0,326.0
SPDL,1/20/2022,488.1,514.0,488.1,514.0,4.05,102960.0,474.0,326.0
SPDL,1/23/2022,522.0,524.0,495.0,498.0,-3.11,110279.0,474.0,326.0
SPDL,1/24/2022,498.0,498.0,465.0,465.0,-6.63,147611.0,474.0,326.0
SPDL,1/25/2022,474.2,485.1,457.7,470.0,1.08,90104.0,474.0,326.0
SPDL,1/26/2022,465.0,478.0,450.0,458.1,-2.53,82329.0,474.0,326.0
SPDL,1/27/2022,449.0,469.0,449.0,459.0,0.2,46075.0,474.0,326.0
SPDL,1/30/2022,468.1,495.0,468.1,493.0,7.41,140689.0,474.0,326.0
SPDL,1/31/2022,500.0,501.9,481.0,485.5,-1.52,72564.0,474.0,326.0
SPDL,2/1/2022,481.0,509.0,480.0,503.1,3.63,167330.0,474.0,326.0
SPDL,2/3/2022,513.0,525.3,509.0,520.0,3.36,330339.0,474.0,326.0
SPDL,2/6/2022,520.0,534.0,510.0,529.9,1.9,290432.0,474.0,326.0
SPDL,2/7/2022,530.0,549.0,519.4,528.0,-0.36,193688.0,474.0,326.0
SPDL,2/8/2022,538.5,555.0,511.0,516.0,-2.27,182095.0,474.0,326.0
SPDL,2/9/2022,511.0,515.0,502.0,506.0,-1.94,83263.0,474.0,326.0
SPDL,2/10/2022,510.0,512.0,499.0,500.0,-1.19,48933.0,474.0,326.0
SPDL,2/13/2022,490.9,490.9,467.1,468.0,-6.4,156256.0,474.0,326.0
SPDL,2/14/2022,471.0,482.9,460.0,468.0,0.0,68108.0,474.0,326.0
SPDL,2/15/2022,477.0,506.0,472.0,503.0,7.48,63964.0,474.0,326.0
SPDL,2/16/2022,510.0,512.0,482.0,488.0,-2.98,74938.0,474.0,326.0
SPDL,2/17/2022,489.0,497.0,479.3,486.0,-0.41,42175.0,474.0,326.0
SPDL,2/20/2022,476.3,500.0,466.8,484.0,-0.41,81206.0,474.0,326.0
SPDL,2/21/2022,492.9,499.0,485.5,493.0,1.86,50955.0,474.0,326.0
SPDL,2/22/2022,500.0,509.0,493.0,498.0,1.01,71083.0,474.0,326.0
SPDL,2/23/2022,500.0,508.0,491.0,502.0,0.8,82727.0,474.0,326.0
SPDL,2/24/2022,496.0,499.0,480.0,481.1,-4.16,62275.0,474.0,326.0
SPDL,2/27/2022,483.0,500.0,483.0,487.9,1.41,44706.0,474.0,326.0
SPDL,2/28/2022,497.6,505.0,466.0,470.0,-3.67,69929.0,474.0,326.0
SPDL,3/2/2022,465.0,469.0,450.0,453.0,-3.62,69001.0,474.0,326.0
SPDL,3/6/2022,462.0,469.0,445.0,449.0,-0.88,32409.0,474.0,326.0
SPDL,3/7/2022,445.0,456.0,438.0,441.0,-1.78,32386.0,474.0,326.0
SPDL,3/9/2022,448.0,448.0,418.0,425.0,-3.63,34515.0,474.0,326.0
SPDL,3/10/2022,432.0,453.0,418.0,450.0,5.88,96183.0,474.0,326.0
SPDL,3/13/2022,459.0,467.0,450.0,462.0,2.67,62305.0,474.0,326.0
SPDL,3/14/2022,465.0,466.0,450.0,454.0,-1.73,18706.0,474.0,326.0
SPDL,3/15/2022,462.7,462.7,444.0,456.0,0.44,61077.0,474.0,326.0
SPDL,3/16/2022,447.6,453.0,444.0,444.0,-2.63,24483.0,474.0,326.0
SPDL,3/20/2022,444.0,459.0,444.0,449.5,1.24,38622.0,474.0,326.0
SPDL,3/21/2022,457.0,468.0,443.0,467.7,4.05,56603.0,474.0,326.0
SPDL,3/22/2022,460.1,474.0,458.4,461.0,-1.43,34871.0,474.0,326.0
SPDL,3/23/2022,457.0,461.0,452.0,454.0,-1.52,12938.0,474.0,326.0
SPDL,3/24/2022,463.0,463.0,436.1,436.1,-3.94,37591.0,474.0,326.0
SPDL,3/27/2022,444.0,444.0,414.0,420.0,-3.69,52381.0,474.0,326.0
SPDL,3/28/2022,420.0,427.0,411.6,413.9,-1.45,27052.0,474.0,326.0
SPDL,3/29/2022,421.0,421.0,405.0,408.2,-1.38,48959.0,474.0,326.0
SPDL,3/30/2022,409.0,425.0,406.0,424.9,4.09,27218.0,474.0,326.0
SPDL,3/31/2022,425.1,425.2,411.0,412.5,-2.92,17800.0,474.0,326.0
SPDL,4/3/2022,415.0,415.0,401.8,404.9,-1.84,17273.0,474.0,326.0
SPDL,4/4/2022,405.0,413.0,399.0,401.0,-0.96,25614.0,474.0,326.0
SPDL,4/5/2022,398.0,399.0,388.0,396.0,-1.25,33314.0,474.0,326.0
SPDL,4/6/2022,391.0,401.0,390.0,395.0,-0.25,16035.0,474.0,326.0
SPDL,4/7/2022,392.0,408.0,392.0,398.1,0.78,37512.0,474.0,326.0
SPDL,4/11/2022,406.0,414.0,390.0,390.0,-2.03,29179.0,474.0,326.0
SPDL,4/12/2022,390.0,391.0,377.0,382.9,-1.82,24829.0,474.0,326.0
SPDL,4/13/2022,382.9,390.4,375.0,386.2,0.86,20303.0,474.0,326.0
SPDL,4/17/2022,393.8,401.0,373.0,375.0,-2.9,12070.0,474.0,326.0
SPDL,4/18/2022,368.0,374.9,356.0,360.0,-4.0,23365.0,474.0,326.0
SPDL,4/19/2022,356.0,367.6,350.0,363.0,0.83,18791.0,474.0,326.0
SPDL,4/20/2022,360.0,365.0,343.0,347.0,-4.41,49158.0,474.0,326.0
SPDL,4/21/2022,342.3,360.0,336.2,349.0,0.58,18596.0,474.0,326.0
SPDL,4/24/2022,355.0,383.9,345.1,380.9,9.14,54194.0,474.0,326.0
SPDL,4/25/2022,388.0,395.0,366.0,370.0,-2.86,39227.0,474.0,326.0
SPDL,4/26/2022,370.0,373.0,357.7,363.0,-1.89,13512.0,474.0,326.0
SPDL,4/27/2022,365.0,370.0,353.1,367.0,1.1,19789.0,474.0,326.0
SPDL,4/28/2022,368.0,374.0,361.0,361.0,-1.63,43686.0,474.0,326.0
SPDL,5/2/2022,354.1,356.0,343.0,346.0,-4.16,26298.0,474.0,326.0
SPDL,5/4/2022,346.0,348.8,333.1,333.5,-3.61,31891.0,474.0,326.0
SPDL,5/5/2022,327.0,338.0,323.4,330.0,-1.05,21933.0,474.0,326.0
SPDL,5/8/2022,329.5,349.8,325.3,349.8,6.0,21176.0,474.0,326.0
SPDL,5/9/2022,350.0,357.0,337.0,346.0,-1.09,25253.0,474.0,326.0
SPDL,5/10/2022,352.8,373.0,345.0,370.0,6.94,52492.0,474.0,326.0
SPDL,5/11/2022,377.4,407.0,377.0,407.0,10.0,106541.0,474.0,326.0
SPDL,5/12/2022,415.0,423.0,396.0,400.0,-1.72,58071.0,474.0,326.0
SPDL,5/17/2022,392.0,394.0,365.6,372.0,-7.0,60552.0,474.0,326.0
SPDL,5/18/2022,366.0,396.0,352.8,394.0,5.91,57366.0,474.0,326.0
SPDL,5/19/2022,398.0,399.9,372.4,383.1,-2.77,43748.0,474.0,326.0
SPDL,5/20/2022,376.0,392.0,375.5,385.0,0.5,29335.0,474.0,326.0
SPDL,5/23/2022,378.0,378.0,365.0,369.1,-4.13,32572.0,474.0,326.0
SPDL,5/24/2022,376.0,383.0,363.1,375.1,1.63,34006.0,474.0,326.0
SPDL,5/25/2022,381.9,389.0,370.3,380.0,1.31,26092.0,474.0,326.0
SPDL,5/26/2022,385.0,386.0,374.0,375.2,-1.26,22783.0,474.0,326.0
SPDL,5/27/2022,380.0,380.0,368.0,372.0,-0.85,20848.0,474.0,326.0
SPDL,5/30/2022,370.0,370.0,357.0,358.0,-3.76,35767.0,474.0,326.0
SPDL,5/31/2022,351.0,364.0,351.0,352.6,-1.51,27336.0,474.0,326.0
SPDL,6/1/2022,352.6,365.1,352.6,359.0,1.82,17047.0,474.0,326.0
SPDL,6/2/2022,366.0,372.0,358.0,364.0,1.39,18443.0,474.0,326.0
SPDL,6/3/2022,364.0,364.0,351.0,355.0,-2.47,28640.0,474.0,326.0
SPDL,6/6/2022,362.0,365.0,350.1,357.0,0.56,19643.0,474.0,326.0
SPDL,6/7/2022,352.2,357.0,346.2,349.0,-2.24,21379.0,474.0,326.0
SPDL,6/8/2022,355.0,372.0,346.0,364.0,4.3,21977.0,474.0,326.0
SPDL,6/9/2022,362.0,371.2,353.0,355.0,-2.47,25844.0,474.0,326.0
SPDL,6/10/2022,355.0,359.0,351.0,353.9,-0.31,15612.0,474.0,326.0
SPDL,6/13/2022,354.0,358.0,348.0,350.0,-1.1,4774.0,474.0,326.0
SPDL,6/14/2022,345.3,348.8,336.1,339.0,-3.14,26673.0,474.0,326.0
SPDL,6/15/2022,335.0,340.0,330.0,340.0,0.29,23204.0,474.0,326.0
SPDL,6/16/2022,340.1,346.0,335.0,340.0,0.0,21734.0,474.0,326.0
SPDL,6/17/2022,344.0,344.0,331.3,332.0,-2.35,3343.0,474.0,326.0
SPDL,6/19/2022,335.0,335.0,310.0,313.0,-5.72,28506.0,474.0,326.0
SPDL,6/20/2022,307.1,309.0,295.0,297.8,-4.86,35264.0,474.0,326.0
SPDL,6/21/2022,303.7,320.0,300.0,312.7,5.0,23843.0,474.0,326.0
SPDL,6/22/2022,307.2,313.0,301.0,301.0,-3.74,13033.0,474.0,326.0
SPDL,6/23/2022,295.2,295.2,275.0,284.0,-5.65,25722.0,474.0,326.0
SPDL,6/24/2022,279.0,298.5,265.0,293.0,3.17,21010.0,474.0,326.0
SPDL,6/26/2022,298.8,322.3,292.0,322.3,10.0,62644.0,474.0,326.0
SPDL,6/27/2022,328.0,333.0,307.0,307.0,-4.75,57446.0,474.0,326.0
SPDL,6/28/2022,302.0,313.0,302.0,307.0,0.0,26895.0,474.0,326.0
SPDL,6/29/2022,308.0,331.0,308.0,326.0,6.19,52744.0,474.0,326.0
SPDL,6/30/2022,330.0,352.0,322.2,345.0,5.83,44882.0,474.0,326.0
SPDL,7/1/2022,348.0,351.0,332.3,338.0,-2.03,29264.0,474.0,326.0
SPDL,7/3/2022,331.5,358.0,331.5,353.0,4.44,53111.0,474.0,326.0
SPDL,7/4/2022,354.0,370.0,343.0,353.9,0.25,115833.0,474.0,326.0
SPDL,7/5/2022,346.9,360.0,340.1,348.0,-1.67,96676.0,474.0,326.0
SPDL,7/6/2022,344.2,367.0,336.2,359.0,3.16,52353.0,474.0,326.0
SPDL,7/7/2022,362.0,372.0,350.0,353.0,-1.67,70028.0,474.0,326.0
SPDL,7/8/2022,359.0,359.0,338.0,339.0,-3.97,29032.0,474.0,326.0
SPDL,7/11/2022,333.0,333.0,315.2,316.0,-6.78,53731.0,474.0,326.0
SPDL,7/12/2022,322.0,328.0,311.0,318.0,0.63,29509.0,474.0,326.0
SPDL,7/13/2022,324.0,343.0,324.0,343.0,7.86,53350.0,474.0,326.0
SPDL,7/14/2022,348.0,349.9,337.0,343.0,0.0,38793.0,474.0,326.0
SPDL,7/15/2022,341.0,344.0,331.0,335.0,-2.33,29001.0,474.0,326.0
SPDL,7/17/2022,330.0,344.8,328.0,337.2,0.66,20477.0,474.0,326.0
SPDL,7/18/2022,343.0,343.0,334.0,340.0,0.83,17028.0,474.0,326.0
SPDL,7/19/2022,345.9,346.8,338.0,339.0,-0.29,22226.0,474.0,326.0
SPDL,7/20/2022,339.0,345.7,337.0,342.9,1.15,18300.0,474.0,326.0
SPDL,7/21/2022,337.1,342.0,333.3,335.0,-2.3,35223.0,474.0,326.0
SPDL,7/22/2022,340.0,340.0,327.0,327.2,-2.33,13389.0,474.0,326.0
SPDL,7/24/2022,333.0,345.7,328.0,344.0,5.13,38662.0,474.0,326.0
SPDL,7/25/2022,350.0,362.0,342.0,361.0,4.94,76879.0,474.0,326.0
SPDL,7/26/2022,358.0,366.0,347.9,351.0,-2.77,91795.0,474.0,326.0
SPDL,7/27/2022,349.0,370.0,348.0,367.0,4.56,56983.0,474.0,326.0
SPDL,7/28/2022,374.0,386.0,365.0,370.0,0.82,127761.0,474.0,326.0
SPDL,7/29/2022,364.0,374.0,364.0,369.1,-0.24,35574.0,474.0,326.0
SPDL,7/31/2022,376.0,377.0,363.0,368.4,-0.19,37259.0,474.0,326.0
SPDL,8/1/2022,368.0,382.5,362.0,374.0,1.52,66341.0,474.0,326.0
SPDL,8/2/2022,373.8,381.4,364.0,369.0,-1.34,48583.0,474.0,326.0
SPDL,8/3/2022,376.0,386.0,375.0,375.1,1.65,57415.0,474.0,326.0
SPDL,8/4/2022,382.6,382.6,363.0,363.0,-3.23,44919.0,474.0,326.0
SPDL,8/5/2022,357.0,365.0,350.0,356.0,-1.93,41114.0,474.0,326.0
SPDL,8/7/2022,356.5,364.0,355.0,363.0,1.97,30510.0,474.0,326.0
SPDL,8/8/2022,369.0,369.0,350.0,350.1,-3.55,43715.0,474.0,326.0
SPDL,8/9/2022,344.1,351.0,334.0,334.0,-4.6,42720.0,474.0,326.0
SPDL,8/10/2022,328.0,340.0,328.0,335.0,0.3,34185.0,474.0,326.0
SPDL,8/11/2022,331.0,341.0,327.0,329.0,-1.79,19739.0,474.0,326.0
SPDL,8/14/2022,326.0,335.0,323.0,330.0,0.3,20419.0,474.0,326.0
SPDL,8/15/2022,334.0,346.0,334.0,346.0,4.85,32856.0,474.0,326.0
SPDL,8/16/2022,346.0,351.1,327.5,336.0,-2.89,45304.0,474.0,326.0
SPDL,8/17/2022,333.0,341.9,329.3,333.0,-0.89,24210.0,474.0,326.0
SPDL,8/18/2022,328.1,341.4,328.1,337.4,1.32,24493.0,474.0,326.0
SPDL,8/21/2022,337.5,342.0,328.0,334.0,-1.01,24742.0,474.0,326.0
SPDL,8/22/2022,327.5,338.0,322.0,331.0,-0.9,21094.0,474.0,326.0
SPDL,8/23/2022,325.1,337.5,325.1,329.9,-0.33,12825.0,474.0,326.0
SPDL,8/24/2022,325.4,337.0,325.4,337.0,2.15,27354.0,474.0,326.0
SPDL,8/25/2022,343.7,343.7,325.0,330.0,-2.08,42557.0,474.0,326.0
SPDL,8/26/2022,324.1,327.0,320.1,321.0,-2.73,11401.0,474.0,326.0
SPDL,8/28/2022,322.0,322.0,307.0,307.0,-4.36,44008.0,474.0,326.0
SPDL,8/29/2022,313.0,313.0,303.1,304.5,-0.81,14534.0,474.0,326.0
SPDL,8/30/2022,310.0,316.0,304.1,306.0,0.49,16756.0,474.0,326.0
SPDL,8/31/2022,306.0,306.0,300.1,300.1,-1.93,9381.0,474.0,326.0
SPDL,9/1/2022,301.0,308.9,292.7,302.0,0.63,24839.0,474.0,326.0
SPDL,9/2/2022,303.0,306.0,296.2,299.0,-0.99,7357.0,474.0,326.0
SPDL,9/4/2022,301.0,304.9,298.2,299.0,0.0,12537.0,474.0,326.0
SPDL,9/5/2022,304.9,304.9,297.1,300.0,0.33,9009.0,474.0,326.0
SPDL,9/6/2022,305.0,305.0,284.5,290.0,-3.33,40808.0,474.0,326.0
SPDL,9/7/2022,295.0,295.0,285.0,290.0,0.0,15081.0,474.0,326.0
SPDL,9/8/2022,286.0,296.8,285.0,295.0,1.72,10641.0,474.0,326.0
SPDL,9/11/2022,290.1,296.0,285.0,285.0,-3.39,10532.0,474.0,326.0
SPDL,9/12/2022,285.0,289.0,276.0,285.0,0.0,10136.0,474.0,326.0
SPDL,9/13/2022,285.0,295.0,283.0,290.0,1.75,19578.0,474.0,326.0
SPDL,9/14/2022,294.0,303.0,290.0,302.0,4.14,33508.0,474.0,326.0
SPDL,9/15/2022,304.0,304.0,280.3,287.5,-4.8,25924.0,474.0,326.0
SPDL,9/16/2022,281.8,286.0,275.0,281.0,-2.26,14000.0,474.0,326.0
SPDL,9/18/2022,276.1,279.0,268.0,272.0,-3.2,25757.0,474.0,326.0
SPDL,9/20/2022,268.0,270.7,255.0,255.1,-6.21,44267.0,474.0,326.0
SPDL,9/21/2022,255.0,265.2,254.8,263.0,3.1,16755.0,474.0,326.0
SPDL,9/22/2022,262.0,264.0,255.0,259.8,-1.22,7039.0,474.0,326.0
SPDL,9/25/2022,256.0,256.0,249.3,250.9,-3.43,11499.0,474.0,326.0
SPDL,9/27/2022,254.0,255.9,249.1,253.0,0.84,11454.0,474.0,326.0
SPDL,9/28/2022,255.0,256.6,248.1,248.1,-1.94,8107.0,474.0,326.0
SPDL,9/29/2022,244.3,253.0,244.3,252.0,1.57,8213.0,474.0,326.0
SPDL,10/9/2022,256.8,257.0,252.0,257.0,1.98,6578.0,474.0,326.0
SPDL,10/10/2022,255.0,257.0,248.2,252.0,-1.95,14126.0,474.0,326.0
SPDL,10/11/2022,247.3,250.0,246.0,248.0,-1.59,2765.0,474.0,326.0
SPDL,10/12/2022,244.0,255.0,243.1,255.0,2.82,6014.0,474.0,326.0
SPDL,10/13/2022,255.0,257.0,250.0,251.0,-1.57,5953.0,474.0,326.0
SPDL,10/16/2022,252.0,252.0,246.0,251.3,0.12,3698.0,474.0,326.0
SPDL,10/17/2022,246.3,251.3,244.0,248.0,-1.31,5338.0,474.0,326.0
SPDL,10/19/2022,251.0,252.0,234.0,237.3,-4.31,13632.0,474.0,326.0
SPDL,10/20/2022,237.0,241.9,235.0,241.9,1.94,3357.0,474.0,326.0
SPDL,10/23/2022,245.0,245.0,239.0,242.0,0.04,4235.0,474.0,326.0
SPDL,10/31/2022,243.9,244.0,234.3,242.7,0.29,5784.0,474.0,326.0
SPDL,11/1/2022,238.0,258.0,237.9,258.0,6.3,17671.0,474.0,326.0
SPDL,11/2/2022,258.0,273.5,252.0,259.0,0.39,35983.0,474.0,326.0
SPDL,11/3/2022,260.0,260.0,251.0,254.0,-1.93,19523.0,474.0,326.0
SPDL,11/6/2022,249.0,266.3,245.6,262.0,3.15,39685.0,474.0,326.0
SPDL,11/7/2022,264.5,271.0,259.6,261.0,-0.38,64524.0,474.0,326.0
SPDL,11/8/2022,263.0,263.0,256.8,256.8,-1.61,9563.0,474.0,326.0
SPDL,11/9/2022,256.0,256.0,245.2,253.0,-1.48,33874.0,474.0,326.0
SPDL,11/10/2022,253.0,254.0,240.0,244.9,-3.2,11060.0,474.0,326.0
SPDL,11/13/2022,241.0,246.8,238.0,240.1,-1.96,5307.0,474.0,326.0
SPDL,11/14/2022,237.0,247.9,237.0,247.9,3.25,13744.0,474.0,326.0
SPDL,11/15/2022,248.0,257.0,243.1,247.0,-0.36,15335.0,474.0,326.0
SPDL,11/16/2022,251.9,258.0,243.1,254.0,2.83,35843.0,474.0,326.0
SPDL,11/17/2022,258.9,267.0,254.0,266.4,4.88,47622.0,474.0,326.0
SPDL,11/22/2022,267.0,270.9,257.5,263.0,-1.28,33088.0,474.0,326.0
SPDL,11/23/2022,261.0,261.0,253.9,258.0,-1.9,8791.0,474.0,326.0
SPDL,11/24/2022,255.0,270.9,255.0,270.0,4.65,47063.0,474.0,326.0
SPDL,11/27/2022,275.0,285.4,267.0,285.4,5.7,40240.0,474.0,326.0
SPDL,11/28/2022,288.9,288.9,271.0,272.4,-4.56,42169.0,474.0,326.0
SPDL,11/29/2022,276.0,280.0,268.1,278.0,2.06,20525.0,474.0,326.0
SPDL,11/30/2022,278.0,281.0,274.0,277.0,-0.36,18474.0,474.0,326.0
SPDL,12/1/2022,272.6,285.0,272.5,282.0,1.81,34035.0,474.0,326.0
SPDL,12/4/2022,279.5,282.0,273.0,275.2,-2.41,26998.0,474.0,326.0
SPDL,12/5/2022,275.0,275.0,264.1,266.0,-3.34,29668.0,474.0,326.0
SPDL,12/6/2022,266.0,270.0,263.0,265.0,-0.38,23651.0,474.0,326.0
SPDL,12/7/2022,265.0,267.0,263.0,264.1,-0.34,11428.0,474.0,326.0
SPDL,12/11/2022,260.0,264.0,257.0,260.6,-1.33,22526.0,474.0,326.0
SPDL,12/12/2022,257.1,265.0,256.0,264.5,1.5,11040.0,474.0,326.0
SPDL,12/13/2022,267.8,268.0,261.5,263.0,-0.57,7911.0,474.0,326.0
SPDL,12/14/2022,258.1,265.0,258.0,263.0,0.0,9188.0,474.0,326.0
SPDL,12/15/2022,258.0,261.0,257.5,258.9,-1.56,8760.0,474.0,326.0
SPDL,12/18/2022,259.9,259.9,249.5,255.0,-1.51,8580.0,474.0,326.0
SPDL,12/19/2022,250.0,255.0,250.0,252.0,-1.18,9249.0,474.0,326.0
SPDL,12/20/2022,255.9,257.0,253.0,257.0,1.98,8929.0,474.0,326.0
SPDL,12/21/2022,254.1,256.0,248.0,248.0,-3.5,9072.0,474.0,326.0
SPDL,12/22/2022,252.0,254.0,247.2,250.0,0.81,9117.0,474.0,326.0
SPDL,12/26/2022,254.0,267.0,254.0,266.9,6.76,42504.0,474.0,326.0
SPDL,12/27/2022,272.0,280.0,267.0,274.0,2.66,75728.0,474.0,326.0
SPDL,12/28/2022,279.4,279.4,264.2,272.7,-0.47,32182.0,474.0,326.0
SPDL,12/29/2022,274.0,284.3,270.0,284.3,4.25,79401.0,474.0,326.0
SPDL,1/1/2023,288.0,298.0,280.0,287.0,0.95,57680.0,474.0,326.0
SPDL,1/2/2023,289.0,296.8,278.0,290.0,1.05,37718.0,474.0,326.0
SPDL,1/3/2023,295.8,306.0,284.0,295.0,1.72,90534.0,474.0,326.0
SPDL,1/4/2023,293.0,310.0,293.0,308.0,4.41,76612.0,474.0,326.0
SPDL,1/5/2023,314.1,318.0,302.0,310.0,0.65,82495.0,474.0,326.0
SPDL,1/8/2023,311.0,331.0,305.0,322.0,3.87,118027.0,474.0,326.0
SPDL,1/9/2023,316.1,344.0,316.0,342.0,6.21,92760.0,474.0,326.0
SPDL,1/10/2023,348.8,359.9,331.0,331.5,-3.07,111391.0,474.0,326.0
SPDL,1/12/2023,338.1,355.9,316.2,316.2,-4.62,114644.0,474.0,326.0
SPDL,1/17/2023,322.0,338.0,315.6,332.0,5.0,130270.0,474.0,326.0
SPDL,1/18/2023,338.6,349.0,327.0,334.0,0.6,95159.0,474.0,326.0
SPDL,1/19/2023,335.9,340.0,330.0,336.0,0.6,48077.0,474.0,326.0
SPDL,1/23/2023,336.0,345.0,325.0,328.2,-2.32,62261.0,474.0,326.0
SPDL,1/24/2023,323.0,335.0,320.5,334.0,1.77,38844.0,474.0,326.0
SPDL,1/25/2023,334.0,344.7,331.0,336.0,0.6,49517.0,474.0,326.0
SPDL,1/26/2023,340.0,345.0,336.0,336.5,0.15,57048.0,474.0,326.0
SPDL,1/29/2023,333.0,349.8,330.0,338.5,0.59,57277.0,474.0,326.0
SPDL,1/30/2023,345.0,349.9,331.4,331.5,-2.07,87111.0,474.0,326.0
SPDL,1/31/2023,330.2,337.1,325.5,325.6,-1.78,52124.0,474.0,326.0
SPDL,2/1/2023,332.0,336.0,329.0,332.9,2.24,53541.0,474.0,326.0
SPDL,2/2/2023,339.5,339.5,324.0,327.7,-1.56,24167.0,474.0,326.0
SPDL,2/5/2023,326.0,333.6,324.0,327.0,-0.21,18916.0,474.0,326.0
SPDL,2/6/2023,330.0,330.0,324.0,326.9,-0.03,6845.0,474.0,326.0
SPDL,2/7/2023,333.0,343.0,327.1,343.0,4.93,79658.0,474.0,326.0
SPDL,2/8/2023,349.7,349.8,335.0,338.0,-1.46,59760.0,474.0,326.0
SPDL,2/9/2023,333.1,341.6,332.3,334.0,-1.18,57548.0,474.0,326.0
SPDL,2/12/2023,331.0,331.6,316.0,322.9,-3.32,71131.0,474.0,326.0
SPDL,2/14/2023,318.0,324.0,316.5,319.9,-0.93,21229.0,474.0,326.0
SPDL,2/15/2023,318.3,324.5,314.1,319.0,-0.28,16620.0,474.0,326.0
SPDL,2/16/2023,315.0,320.0,305.0,305.3,-4.29,26687.0,474.0,326.0
SPDL,2/20/2023,306.0,309.9,300.5,304.5,-0.26,22805.0,474.0,326.0
SPDL,2/22/2023,310.0,324.0,308.0,321.0,5.42,22072.0,474.0,326.0
SPDL,2/23/2023,315.0,315.0,308.7,312.0,-2.8,26053.0,474.0,326.0
SPDL,2/26/2023,306.0,313.0,301.0,306.7,-1.7,35592.0,474.0,326.0
SPDL,2/27/2023,312.8,317.0,293.1,309.0,0.75,29050.0,474.0,326.0
SPDL,2/28/2023,309.0,316.0,307.0,310.1,0.36,24884.0,474.0,326.0
SPDL,3/1/2023,315.0,315.0,302.6,305.0,-1.64,10759.0,474.0,326.0
SPDL,3/2/2023,300.2,305.0,298.0,298.0,-2.3,17846.0,474.0,326.0
SPDL,3/5/2023,298.0,303.9,293.0,293.0,-1.68,18129.0,474.0,326.0
SPDL,3/7/2023,298.8,303.8,295.1,298.9,2.01,7253.0,474.0,326.0
SPDL,3/9/2023,304.0,312.0,304.0,312.0,4.38,18515.0,474.0,326.0
SPDL,3/12/2023,318.0,323.9,305.0,308.5,-1.12,17164.0,474.0,326.0
SPDL,3/13/2023,304.2,309.0,304.2,308.5,0.0,8651.0,474.0,326.0
SPDL,3/14/2023,312.0,312.0,306.0,309.0,0.16,6927.0,474.0,326.0
SPDL,3/15/2023,314.8,314.8,303.8,304.8,-1.36,5561.0,474.0,326.0
SPDL,3/16/2023,309.0,309.0,302.0,304.0,-0.26,11720.0,474.0,326.0
SPDL,3/19/2023,308.0,310.0,300.0,308.4,1.45,10490.0,474.0,326.0
SPDL,3/20/2023,311.9,314.0,308.4,314.0,1.82,10490.0,474.0,326.0
SPDL,3/22/2023,315.0,315.0,307.0,307.0,-2.23,9479.0,474.0,326.0
SPDL,3/23/2023,310.0,310.0,300.0,305.0,-0.65,10394.0,474.0,326.0
SPDL,3/26/2023,310.5,310.5,295.0,300.0,-1.64,16035.0,474.0,326.0
SPDL,3/27/2023,300.0,309.9,295.0,306.9,2.3,37930.0,474.0,326.0
SPDL,3/28/2023,311.9,312.0,304.0,306.7,-0.07,16218.0,474.0,326.0
SPDL,3/29/2023,306.0,306.5,303.0,304.1,-0.85,6408.0,474.0,326.0
SPDL,3/30/2023,305.0,310.0,300.0,304.0,-0.03,14787.0,474.0,326.0
SPDL,4/2/2023,309.5,310.0,299.1,303.0,-0.33,6532.0,474.0,326.0
SPDL,4/3/2023,304.4,304.4,294.0,297.4,-1.85,10638.0,474.0,326.0
SPDL,4/4/2023,301.9,301.9,295.0,295.0,-0.81,9720.0,474.0,326.0
SPDL,4/5/2023,300.5,300.5,294.0,297.0,0.68,7852.0,474.0,326.0
SPDL,4/6/2023,297.0,298.0,292.6,295.0,-0.67,6895.0,474.0,326.0
SPDL,4/9/2023,291.0,293.0,286.0,290.0,-1.69,13110.0,474.0,326.0
SPDL,4/10/2023,293.9,293.9,288.2,292.0,0.69,4905.0,474.0,326.0
SPDL,4/11/2023,289.1,301.0,289.1,296.1,1.4,5104.0,474.0,326.0
SPDL,4/12/2023,302.0,314.0,302.0,314.0,6.05,12207.0,474.0,326.0
SPDL,4/13/2023,311.0,318.9,305.2,308.0,-1.91,10869.0,474.0,326.0
SPDL,4/16/2023,307.0,314.0,302.0,306.9,-0.36,9183.0,474.0,326.0
SPDL,4/17/2023,302.2,307.0,300.0,302.0,-1.6,4052.0,474.0,326.0
SPDL,4/18/2023,299.0,302.0,298.3,298.5,-1.16,2985.0,474.0,326.0
SPDL,4/19/2023,304.0,304.0,299.0,303.0,1.51,16034.0,474.0,326.0
SPDL,4/20/2023,303.2,303.2,295.0,298.0,-1.65,21798.0,474.0,326.0
SPDL,4/23/2023,292.2,295.0,286.5,291.0,-2.35,15840.0,474.0,326.0
SPDL,4/24/2023,288.5,301.9,285.2,295.0,1.37,5099.0,474.0,326.0
SPDL,4/25/2023,292.0,299.7,290.0,299.0,1.36,4684.0,474.0,326.0
SPDL,4/26/2023,304.0,304.0,294.0,296.8,-0.74,6381.0,474.0,326.0
SPDL,4/27/2023,296.0,296.0,290.0,293.0,-1.28,4043.0,474.0,326.0
SPDL,4/30/2023,290.0,298.0,286.0,286.9,-2.08,5749.0,474.0,326.0
SPDL,5/2/2023,287.0,287.0,282.0,285.0,-0.66,8929.0,474.0,326.0
SPDL,5/3/2023,280.0,285.6,278.0,279.9,-1.79,6992.0,474.0,326.0
SPDL,5/4/2023,278.1,285.6,275.2,285.0,1.82,2100.0,474.0,326.0
SPDL,5/7/2023,285.0,285.0,275.0,277.0,-2.81,2886.0,474.0,326.0
SPDL,5/8/2023,272.3,277.0,268.6,273.0,-1.44,6106.0,474.0,326.0
SPDL,5/9/2023,274.0,280.4,268.6,276.0,1.1,4191.0,474.0,326.0
SPDL,5/10/2023,272.2,274.9,266.0,271.9,-1.49,3508.0,474.0,326.0
SPDL,5/11/2023,275.0,277.0,267.0,270.0,-0.7,3249.0,474.0,326.0
SPDL,5/14/2023,275.4,275.4,260.0,262.0,-2.96,6997.0,474.0,326.0
SPDL,5/15/2023,257.2,265.0,257.2,262.0,0.0,5384.0,474.0,326.0
SPDL,5/16/2023,257.0,271.0,257.0,270.2,3.13,2502.0,474.0,326.0
SPDL,5/17/2023,274.9,275.6,268.0,275.0,1.78,8361.0,474.0,326.0
SPDL,5/18/2023,275.0,290.0,275.0,290.0,5.45,12983.0,474.0,326.0
SPDL,5/21/2023,294.9,294.9,274.4,285.0,-1.72,12046.0,474.0,326.0
SPDL,5/22/2023,279.3,284.0,274.1,283.5,-0.53,5415.0,474.0,326.0
SPDL,5/23/2023,289.0,295.0,288.0,290.0,2.29,19955.0,474.0,326.0
SPDL,5/24/2023,291.0,293.5,284.3,285.0,-1.72,13647.0,474.0,326.0
SPDL,5/28/2023,290.6,291.0,279.3,281.0,-1.4,10559.0,474.0,326.0
SPDL,5/30/2023,286.6,286.6,273.0,274.3,-2.38,8258.0,474.0,326.0
SPDL,5/31/2023,268.9,279.5,263.6,268.0,-2.3,28353.0,474.0,326.0
SPDL,6/1/2023,273.0,276.0,263.0,269.9,0.71,12640.0,474.0,326.0
SPDL,6/4/2023,272.0,292.0,272.0,282.0,4.48,9266.0,474.0,326.0
SPDL,6/5/2023,287.6,290.0,277.0,282.0,0.0,52712.0,474.0,326.0
SPDL,6/6/2023,277.5,291.0,277.5,291.0,3.19,18220.0,474.0,326.0
SPDL,6/7/2023,296.0,300.0,285.0,290.0,-0.34,24381.0,474.0,326.0
SPDL,6/8/2023,294.7,294.7,284.0,284.0,-2.07,13516.0,474.0,326.0
SPDL,6/11/2023,289.5,295.3,286.0,290.0,2.11,13648.0,474.0,326.0
SPDL,6/12/2023,295.0,295.0,286.0,289.9,-0.03,23822.0,474.0,326.0
SPDL,6/13/2023,293.0,299.9,285.0,298.7,3.04,25335.0,474.0,326.0
SPDL,6/14/2023,302.9,304.6,289.5,289.5,-3.08,35267.0,474.0,326.0
SPDL,6/15/2023,290.0,299.7,285.2,289.9,0.14,29242.0,474.0,326.0
SPDL,6/18/2023,290.0,297.0,290.0,293.0,1.07,18567.0,474.0,326.0
SPDL,6/19/2023,298.8,298.8,291.0,294.0,0.34,29421.0,474.0,326.0
SPDL,6/20/2023,299.0,299.9,285.0,289.8,-1.43,25940.0,474.0,326.0
SPDL,6/21/2023,285.2,292.0,280.0,282.0,-2.69,15164.0,474.0,326.0
SPDL,6/22/2023,279.0,293.0,275.7,278.0,-1.42,16717.0,474.0,326.0
SPDL,6/25/2023,282.0,284.9,270.0,284.9,2.48,52754.0,474.0,326.0
SPDL,6/26/2023,285.0,291.3,277.0,277.0,-2.77,28852.0,474.0,326.0
SPDL,6/27/2023,282.0,292.0,277.7,285.0,2.89,23613.0,474.0,326.0
SPDL,6/28/2023,289.5,290.0,270.0,270.0,-5.26,12191.0,474.0,326.0
SPDL,7/2/2023,275.0,280.0,263.8,268.0,-0.74,20365.0,474.0,326.0
SPDL,7/3/2023,268.0,271.0,263.7,266.0,-0.75,11820.0,474.0,326.0
SPDL,7/4/2023,271.0,271.0,263.2,266.0,0.0,10714.0,474.0,326.0
SPDL,7/5/2023,262.0,270.0,259.0,260.0,-2.26,9128.0,474.0,326.0
SPDL,7/6/2023,260.0,262.0,248.0,248.0,-4.62,23969.0,474.0,326.0
SPDL,7/9/2023,252.9,263.0,245.0,245.2,-1.13,42410.0,474.0,326.0
SPDL,7/10/2023,250.0,257.0,243.1,243.1,-0.86,50652.0,474.0,326.0
SPDL,7/11/2023,245.0,249.9,238.0,240.9,-0.9,24328.0,474.0,326.0
SPDL,7/12/2023,245.0,262.0,242.5,259.9,7.89,35471.0,474.0,326.0
SPDL,7/13/2023,260.0,265.0,253.0,253.0,-2.65,37502.0,474.0,326.0
SPDL,7/16/2023,253.0,254.5,250.0,250.1,-1.15,11513.0,474.0,326.0
SPDL,7/17/2023,250.0,258.5,250.0,258.4,3.32,16805.0,474.0,326.0
SPDL,7/18/2023,258.0,268.1,257.0,262.9,1.74,24352.0,474.0,326.0
SPDL,7/19/2023,258.0,265.0,257.7,260.0,-1.1,18347.0,474.0,326.0
SPDL,7/20/2023,265.0,265.0,256.0,256.0,-1.54,67850.0,474.0,326.0
SPDL,7/23/2023,261.1,263.0,256.0,260.9,1.91,65535.0,474.0,326.0
SPDL,7/24/2023,260.1,270.0,259.0,261.9,0.38,38116.0,474.0,326.0
SPDL,7/25/2023,267.0,267.0,259.2,261.9,0.0,22588.0,474.0,326.0
SPDL,7/26/2023,261.0,265.1,253.0,254.8,-2.71,31427.0,474.0,326.0
SPDL,7/27/2023,258.4,260.0,253.0,255.0,0.08,89046.0,474.0,326.0
SPDL,7/30/2023,207.0,210.8,205.0,207.0,-18.82,37361.0,474.0,326.0
SPDL,7/31/2023,205.0,208.4,202.1,204.0,-1.45,28647.0,474.0,326.0
SPDL,8/1/2023,202.1,207.8,197.1,198.7,-2.6,22557.0,474.0,326.0
SPDL,8/2/2023,195.0,199.9,195.0,197.2,-0.75,9939.0,474.0,326.0
SPDL,8/3/2023,200.0,201.1,196.0,196.0,-0.61,15009.0,474.0,326.0
SPDL,8/6/2023,198.8,198.8,187.0,189.0,-3.57,12717.0,474.0,326.0
SPDL,8/7/2023,188.0,195.0,185.5,192.0,1.59,15544.0,474.0,326.0
SPDL,8/8/2023,195.0,195.0,184.0,187.0,-2.6,13694.0,474.0,326.0
SPDL,8/9/2023,190.0,191.0,184.0,191.0,2.14,5983.0,474.0,326.0
SPDL,8/10/2023,194.4,198.5,185.1,185.1,-3.09,14637.0,474.0,326.0
SPDL,8/13/2023,187.0,194.5,187.0,190.9,3.13,12222.0,474.0,326.0
SPDL,8/14/2023,193.0,193.0,186.0,189.9,-0.52,13095.0,474.0,326.0
SPDL,8/15/2023,189.0,189.0,182.1,187.5,-1.26,12411.0,474.0,326.0
SPDL,8/16/2023,184.0,186.6,180.4,186.6,-0.48,6421.0,474.0,326.0
SPDL,8/17/2023,187.0,187.0,181.6,182.9,-1.98,8972.0,474.0,326.0
SPDL,8/20/2023,180.2,182.0,175.3,180.0,-1.59,21405.0,474.0,326.0
SPDL,8/21/2023,176.5,178.0,170.0,173.0,-3.89,15692.0,474.0,326.0
SPDL,8/22/2023,170.2,176.4,170.2,176.4,1.97,5889.0,474.0,326.0
SPDL,8/23/2023,177.9,184.9,177.0,184.8,4.76,8114.0,474.0,326.0
SPDL,8/24/2023,181.2,186.0,177.4,179.9,-2.65,7267.0,474.0,326.0
SPDL,8/27/2023,182.0,182.0,174.0,177.9,-1.11,4697.0,474.0,326.0
SPDL,8/28/2023,177.9,179.8,174.0,175.0,-1.63,4903.0,474.0,326.0
SPDL,8/29/2023,175.0,177.0,171.8,175.0,0.0,8436.0,474.0,326.0
SPDL,8/30/2023,172.5,174.5,171.5,174.5,-0.29,5124.0,474.0,326.0
SPDL,9/3/2023,172.0,175.0,167.0,169.8,-2.69,9710.0,474.0,326.0
SPDL,9/4/2023,171.8,171.8,164.0,166.0,-2.24,11047.0,474.0,326.0
SPDL,9/5/2023,166.0,166.0,161.1,163.9,-1.27,5562.0,474.0,326.0
SPDL,9/7/2023,161.0,166.0,161.0,163.1,-0.49,12365.0,474.0,326.0
SPDL,9/10/2023,162.0,166.3,160.1,163.5,0.25,10128.0,474.0,326.0
SPDL,9/11/2023,163.0,169.8,161.0,165.0,0.92,10429.0,474.0,326.0
SPDL,9/12/2023,168.0,168.0,164.0,164.0,-0.61,10952.0,474.0,326.0
SPDL,9/13/2023,166.9,177.3,164.0,175.0,6.71,13522.0,474.0,326.0
SPDL,9/17/2023,176.0,178.0,167.5,171.9,-1.77,15916.0,474.0,326.0
SPDL,9/18/2023,175.0,177.8,172.0,174.0,1.22,4304.0,474.0,326.0
SPDL,9/19/2023,177.4,184.0,174.0,183.0,5.17,15988.0,474.0,326.0
SPDL,9/21/2023,186.6,196.0,181.5,191.0,4.37,36696.0,474.0,326.0
SPDL,9/24/2023,193.0,197.7,186.0,188.0,-1.57,31230.0,474.0,326.0
SPDL,9/25/2023,191.6,193.1,185.0,188.0,0.0,14467.0,474.0,326.0
SPDL,9/26/2023,191.7,196.0,191.1,193.0,2.66,26225.0,474.0,326.0
SPDL,9/27/2023,193.3,194.0,189.2,191.3,-0.88,17674.0,474.0,326.0
SPDL,10/1/2023,188.0,188.0,180.4,184.5,-3.55,12782.0,474.0,326.0
SPDL,10/2/2023,181.0,189.9,180.2,186.0,0.81,8313.0,474.0,326.0
SPDL,10/3/2023,186.0,186.0,179.0,180.0,-3.23,8578.0,474.0,326.0
SPDL,10/4/2023,182.9,190.0,182.9,186.8,3.78,8252.0,474.0,326.0
SPDL,10/5/2023,183.9,187.0,183.0,183.0,-2.03,3562.0,474.0,326.0
SPDL,10/8/2023,186.6,186.6,177.0,177.0,-3.28,15730.0,474.0,326.0
SPDL,10/9/2023,177.0,180.0,175.3,176.0,-0.56,4946.0,474.0,326.0
SPDL,10/10/2023,176.0,176.0,169.0,169.0,-3.98,11784.0,474.0,326.0
SPDL,10/11/2023,172.3,175.0,169.0,169.0,0.0,5308.0,474.0,326.0
SPDL,10/12/2023,172.3,172.3,165.1,167.8,-0.71,11242.0,474.0,326.0
SPDL,10/16/2023,167.4,170.5,164.5,167.0,-0.48,9977.0,474.0,326.0
SPDL,10/17/2023,170.3,172.9,161.7,162.0,-2.99,25536.0,474.0,326.0
SPDL,10/18/2023,165.2,171.2,161.5,169.0,4.32,8004.0,474.0,326.0
SPDL,10/19/2023,172.0,172.0,167.0,168.0,-0.59,7108.0,474.0,326.0
SPDL,10/29/2023,171.0,171.0,165.0,167.0,-0.6,2493.0,474.0,326.0
SPDL,10/30/2023,170.0,170.0,163.9,168.5,0.9,1393.0,474.0,326.0
SPDL,10/31/2023,170.0,170.0,163.0,165.5,-1.78,1280.0,474.0,326.0
SPDL,11/1/2023,168.8,168.8,161.7,165.0,-0.3,1934.0,474.0,326.0
SPDL,11/2/2023,164.5,164.5,161.7,164.0,-0.61,3138.0,474.0,326.0
SPDL,11/5/2023,160.9,162.0,160.0,160.0,-2.44,9336.0,474.0,326.0
SPDL,11/6/2023,163.0,166.6,163.0,165.0,3.12,12689.0,474.0,326.0
SPDL,11/7/2023,167.0,167.5,161.7,165.2,0.12,4793.0,474.0,326.0
SPDL,11/8/2023,165.0,166.0,164.8,166.0,0.48,1372.0,474.0,326.0
SPDL,11/9/2023,162.7,166.3,162.7,165.0,-0.6,3499.0,474.0,326.0
SPDL,11/20/2023,168.3,171.6,163.7,168.9,2.36,4057.0,474.0,326.0
SPDL,11/21/2023,165.6,165.6,162.3,163.0,-3.49,7891.0,474.0,326.0
SPDL,11/22/2023,165.0,168.0,163.0,168.0,3.07,3329.0,474.0,326.0
SPDL,11/23/2023,168.0,170.8,166.5,170.3,1.37,8283.0,474.0,326.0
SPDL,11/26/2023,171.9,184.0,171.5,184.0,8.04,16510.0,474.0,326.0
SPDL,11/27/2023,187.6,187.6,180.0,181.9,-1.14,14219.0,474.0,326.0
SPDL,11/28/2023,179.3,183.0,178.7,178.7,-1.76,5626.0,474.0,326.0
SPDL,11/29/2023,182.2,182.2,176.1,178.8,0.06,4634.0,474.0,326.0
SPDL,11/30/2023,176.3,176.3,173.5,173.5,-2.96,13686.0,474.0,326.0
SPDL,12/3/2023,170.2,172.4,169.0,172.4,-0.63,2848.0,474.0,326.0
SPDL,12/4/2023,170.0,175.0,170.0,171.0,-0.81,7358.0,474.0,326.0
SPDL,12/5/2023,173.0,176.4,167.9,167.9,-1.81,3740.0,474.0,326.0
SPDL,12/6/2023,168.0,171.2,165.1,171.2,1.97,7836.0,474.0,326.0
SPDL,12/7/2023,172.0,173.0,169.6,172.0,0.47,5292.0,474.0,326.0
SPDL,12/10/2023,175.4,186.0,175.4,186.0,8.14,1800.0,474.0,326.0
SPDL,12/11/2023,185.0,185.0,174.5,180.0,-3.23,119951.0,474.0,326.0
SPDL,12/12/2023,180.0,192.9,176.5,192.0,6.67,104120.0,474.0,326.0
SPDL,12/13/2023,195.8,204.0,190.2,200.0,4.17,111090.0,474.0,326.0
SPDL,12/14/2023,197.0,206.0,195.2,198.4,-0.8,81201.0,474.0,326.0
SPDL,12/17/2023,194.5,217.0,192.1,217.0,9.38,236167.0,474.0,326.0
SPDL,12/18/2023,221.3,225.7,209.0,215.0,-0.92,172438.0,474.0,326.0
SPDL,12/19/2023,218.0,220.0,206.8,214.9,-0.05,60473.0,474.0,326.0
SPDL,12/20/2023,219.1,223.0,211.1,217.0,0.98,149638.0,474.0,326.0
SPDL,12/21/2023,221.0,234.0,213.0,222.1,2.35,184067.0,474.0,326.0
SPDL,12/24/2023,225.0,242.3,218.1,227.5,2.43,219856.0,474.0,326.0
SPDL,12/27/2023,227.5,239.0,222.4,225.0,-1.1,163821.0,474.0,326.0
SPDL,12/28/2023,229.5,233.9,220.6,225.0,0.0,59928.0,474.0,326.0
SPDL,1/1/2024,229.5,229.5,212.0,217.0,-3.56,79168.0,474.0,326.0
SPDL,1/2/2024,219.0,219.0,201.0,208.0,-4.15,77682.0,474.0,326.0
SPDL,1/3/2024,212.0,217.1,207.8,217.0,4.33,66262.0,474.0,326.0
SPDL,1/4/2024,221.3,234.6,217.7,224.5,3.46,300866.0,474.0,326.0
SPDL,1/7/2024,228.9,246.9,228.9,245.0,9.13,491109.0,474.0,326.0
SPDL,1/8/2024,249.9,260.0,238.0,258.0,5.31,181103.0,474.0,326.0
SPDL,1/9/2024,260.0,260.1,243.6,245.0,-5.04,136231.0,474.0,326.0
SPDL,1/10/2024,245.0,252.5,242.0,242.0,-1.22,87133.0,474.0,326.0
SPDL,1/11/2024,240.0,253.7,240.0,249.2,2.98,246351.0,474.0,326.0
SPDL,1/14/2024,249.2,264.1,249.2,258.0,3.53,205639.0,474.0,326.0
SPDL,1/16/2024,260.0,277.0,255.1,269.9,4.61,268216.0,474.0,326.0
SPDL,1/17/2024,270.0,275.0,253.0,254.0,-5.89,260405.0,474.0,326.0
SPDL,1/18/2024,254.0,279.4,249.5,279.4,10.0,369070.0,474.0,326.0
SPDL,1/21/2024,284.0,299.8,277.0,283.2,1.36,366276.0,474.0,326.0
SPDL,1/22/2024,283.5,286.7,260.0,270.0,-4.66,222871.0,474.0,326.0
SPDL,1/23/2024,273.0,276.0,267.1,269.5,-0.19,161816.0,474.0,326.0
SPDL,1/24/2024,270.1,274.8,257.1,261.0,-3.15,90971.0,474.0,326.0
SPDL,1/25/2024,266.0,267.0,256.0,259.0,-0.77,81584.0,474.0,326.0
SPDL,1/28/2024,264.0,266.0,256.2,264.0,1.93,99335.0,474.0,326.0
SPDL,1/29/2024,269.0,269.0,262.0,264.9,0.34,95527.0,474.0,326.0
SPDL,1/30/2024,270.0,290.7,268.0,288.0,8.72,329828.0,474.0,326.0
SPDL,1/31/2024,293.7,297.0,278.4,281.0,-2.43,279233.0,474.0,326.0
SPDL,2/1/2024,280.0,284.9,272.1,274.0,-2.49,123047.0,474.0,326.0
SPDL,2/4/2024,268.6,277.0,266.1,274.9,0.33,78287.0,474.0,326.0
SPDL,2/5/2024,275.0,280.0,273.0,274.9,0.0,45667.0,474.0,326.0
SPDL,2/6/2024,278.0,281.0,273.0,277.3,0.87,61375.0,474.0,326.0
SPDL,2/7/2024,282.8,285.0,278.0,279.0,0.61,65640.0,474.0,326.0
SPDL,2/8/2024,281.0,282.0,277.5,280.0,0.36,73398.0,474.0,326.0
SPDL,2/11/2024,284.9,287.0,276.0,279.9,-0.04,94258.0,474.0,326.0
SPDL,2/12/2024,280.0,283.5,276.1,280.0,0.04,62855.0,474.0,326.0
SPDL,2/13/2024,277.2,282.0,271.0,277.0,-1.07,119037.0,474.0,326.0
SPDL,2/14/2024,275.0,276.0,270.0,271.8,-1.88,58746.0,474.0,326.0
SPDL,2/15/2024,271.9,281.5,271.9,273.7,0.7,132545.0,474.0,326.0
SPDL,2/18/2024,274.0,275.0,266.0,266.1,-2.78,64794.0,474.0,326.0
SPDL,2/20/2024,266.0,271.0,261.9,262.8,-1.24,47072.0,474.0,326.0
SPDL,2/21/2024,265.0,272.0,260.4,264.0,0.46,33340.0,474.0,326.0
SPDL,2/22/2024,267.9,267.9,256.0,259.0,-1.89,64883.0,474.0,326.0
SPDL,2/25/2024,256.0,258.9,246.5,247.1,-4.59,50945.0,474.0,326.0
SPDL,2/26/2024,244.0,257.0,244.0,251.0,1.58,34070.0,474.0,326.0
SPDL,2/27/2024,256.0,265.0,246.1,255.0,1.59,33284.0,474.0,326.0
SPDL,2/28/2024,251.2,258.0,250.1,252.9,-0.82,19832.0,474.0,326.0
SPDL,2/29/2024,248.5,252.8,243.0,244.8,-3.2,46825.0,474.0,326.0
SPDL,3/3/2024,240.1,247.0,239.0,242.5,-0.94,34393.0,474.0,326.0
SPDL,3/4/2024,247.3,257.2,247.3,257.2,6.06,60.0,474.0,326.0
SPDL,3/5/2024,262.3,263.0,250.0,252.7,-1.75,46472.0,474.0,326.0
SPDL,3/6/2024,257.7,258.0,244.0,254.0,0.51,55288.0,474.0,326.0
SPDL,3/7/2024,259.0,264.0,253.0,255.0,0.39,27674.0,474.0,326.0
SPDL,3/10/2024,260.1,263.9,253.0,254.0,-0.39,22660.0,474.0,326.0
SPDL,3/12/2024,259.0,264.1,255.0,263.8,3.86,57425.0,474.0,326.0
SPDL,3/13/2024,269.0,269.0,259.0,260.1,-1.4,43511.0,474.0,326.0
SPDL,3/14/2024,257.7,263.9,255.3,257.1,-1.15,19303.0,474.0,326.0
SPDL,3/17/2024,260.0,260.0,252.6,253.0,-1.59,17104.0,474.0,326.0
SPDL,3/18/2024,258.0,258.0,249.0,250.0,-1.19,28690.0,474.0,326.0
SPDL,3/19/2024,254.0,256.0,250.0,250.0,0.0,19637.0,474.0,326.0
SPDL,3/20/2024,255.0,255.0,247.3,248.1,-0.76,19154.0,474.0,326.0
SPDL,3/21/2024,249.0,249.0,244.0,245.0,-1.25,29131.0,474.0,326.0
SPDL,3/25/2024,245.0,245.7,240.0,241.0,-1.63,31556.0,474.0,326.0
SPDL,3/26/2024,243.0,248.8,241.0,248.0,2.9,22617.0,474.0,326.0
SPDL,3/27/2024,251.9,251.9,237.3,243.9,-1.65,25438.0,474.0,326.0
SPDL,3/28/2024,240.0,245.8,236.0,245.0,0.45,36774.0,474.0,326.0
SPDL,3/31/2024,241.0,254.0,240.1,245.0,0.0,28262.0,474.0,326.0
SPDL,4/1/2024,242.0,244.0,238.3,238.6,-2.61,19948.0,474.0,326.0
SPDL,4/2/2024,238.0,245.0,236.1,238.6,0.0,19682.0,474.0,326.0
SPDL,4/3/2024,241.9,241.9,233.3,233.3,-2.22,17024.0,474.0,326.0
SPDL,4/4/2024,230.0,239.0,229.1,231.0,-0.99,23362.0,474.0,326.0
SPDL,4/7/2024,235.6,240.3,230.9,236.0,2.16,23539.0,474.0,326.0
SPDL,4/9/2024,240.5,249.0,235.4,237.0,0.42,24303.0,474.0,326.0
SPDL,4/10/2024,241.0,241.4,235.0,235.0,-0.84,26988.0,474.0,326.0
SPDL,4/14/2024,231.1,240.5,231.1,236.5,0.64,13739.0,474.0,326.0
SPDL,4/15/2024,232.5,240.4,232.5,239.0,1.06,19442.0,474.0,326.0
SPDL,4/16/2024,235.6,239.4,232.0,234.5,-1.88,15528.0,474.0,326.0
SPDL,4/18/2024,230.0,230.5,226.0,229.0,-2.35,16469.0,474.0,326.0
SPDL,4/21/2024,226.1,237.1,226.0,236.8,3.41,25057.0,474.0,326.0
SPDL,4/22/2024,241.0,241.4,229.0,231.0,-2.45,7950.0,474.0,326.0
SPDL,4/24/2024,228.1,234.0,227.0,229.0,-0.87,10553.0,474.0,326.0
SPDL,4/25/2024,233.5,237.8,222.0,229.0,0.0,23247.0,474.0,326.0
SPDL,4/28/2024,233.0,233.0,226.1,227.7,-0.57,10682.0,474.0,326.0
SPDL,4/29/2024,232.0,232.0,224.1,224.1,-1.58,20094.0,474.0,326.0
SPDL,4/30/2024,220.2,239.0,220.2,232.9,3.93,31675.0,474.0,326.0
SPDL,5/2/2024,237.0,237.0,228.0,230.0,-1.25,21602.0,474.0,326.0
SPDL,5/5/2024,225.6,234.7,225.1,228.9,-0.48,35126.0,474.0,326.0
SPDL,5/6/2024,233.0,233.0,225.0,226.5,-1.05,19702.0,474.0,326.0
SPDL,5/7/2024,231.0,233.1,226.0,227.0,0.22,11986.0,474.0,326.0
SPDL,5/8/2024,231.5,231.5,225.0,228.0,0.44,12050.0,474.0,326.0
SPDL,5/9/2024,232.5,232.5,225.0,228.0,0.0,28482.0,474.0,326.0
SPDL,5/12/2024,232.5,246.0,224.1,232.7,2.06,45317.0,474.0,326.0
SPDL,5/13/2024,230.0,253.6,225.0,229.7,-1.29,8357.0,474.0,326.0
SPDL,5/14/2024,226.4,239.9,226.4,239.0,4.05,40366.0,474.0,326.0
SPDL,5/15/2024,236.0,245.0,233.4,239.0,0.0,24742.0,474.0,326.0
SPDL,5/16/2024,235.0,239.7,233.0,234.1,-2.05,9655.0,474.0,326.0
SPDL,5/19/2024,237.9,241.7,230.0,236.9,1.2,35452.0,474.0,326.0
SPDL,5/20/2024,241.5,244.0,238.0,239.9,1.27,48028.0,474.0,326.0
SPDL,5/21/2024,236.0,248.7,236.0,244.3,1.83,59340.0,474.0,326.0
SPDL,5/22/2024,248.0,251.0,242.2,244.0,-0.12,67991.0,474.0,326.0
SPDL,5/26/2024,240.0,244.9,237.2,240.9,-1.27,36952.0,474.0,326.0
SPDL,5/27/2024,245.7,245.7,238.2,245.0,1.7,34202.0,474.0,326.0
SPDL,5/29/2024,249.9,249.9,237.4,237.8,-2.94,24309.0,474.0,326.0
SPDL,5/30/2024,242.5,242.5,233.0,235.0,-1.18,46490.0,474.0,326.0
SPDL,6/2/2024,231.0,238.9,231.0,234.0,-0.43,26042.0,474.0,326.0
SPDL,6/3/2024,238.5,240.0,231.0,236.0,0.85,19517.0,474.0,326.0
SPDL,6/4/2024,234.0,236.0,231.4,233.8,-0.93,16982.0,474.0,326.0
SPDL,6/5/2024,230.4,234.0,229.0,231.9,-0.81,25644.0,474.0,326.0
SPDL,6/6/2024,229.0,231.9,227.8,230.0,-0.82,11707.0,474.0,326.0
SPDL,6/9/2024,230.0,244.0,228.7,242.0,5.22,54048.0,474.0,326.0
SPDL,6/10/2024,238.0,247.0,238.0,243.5,0.62,86305.0,474.0,326.0
SPDL,6/11/2024,240.0,256.7,240.0,251.0,3.08,127225.0,474.0,326.0
SPDL,6/12/2024,255.9,258.0,247.0,249.9,-0.44,121098.0,474.0,326.0
SPDL,6/13/2024,254.0,254.0,245.5,252.0,0.84,79235.0,474.0,326.0
SPDL,6/16/2024,256.0,259.9,250.0,252.0,0.0,97460.0,474.0,326.0
SPDL,6/18/2024,247.0,253.0,244.0,247.0,-1.98,47553.0,474.0,326.0
SPDL,6/19/2024,244.0,255.0,244.0,250.0,1.21,52663.0,474.0,326.0
SPDL,6/20/2024,245.0,269.0,245.0,258.9,3.56,49090.0,474.0,326.0
SPDL,6/23/2024,253.8,268.0,240.0,249.6,-3.59,74549.0,474.0,326.0
SPDL,6/24/2024,245.0,254.5,242.1,245.0,-1.84,34922.0,474.0,326.0
SPDL,6/25/2024,243.0,247.8,241.5,242.0,-1.22,29140.0,474.0,326.0
SPDL,6/26/2024,246.6,246.6,237.4,237.4,-1.9,31549.0,474.0,326.0
SPDL,6/27/2024,232.8,242.3,232.8,238.5,0.46,23122.0,474.0,326.0
SPDL,6/30/2024,235.0,241.0,230.5,235.0,-1.47,40809.0,474.0,326.0
SPDL,7/1/2024,237.6,238.0,232.0,234.0,-0.43,20132.0,474.0,326.0
SPDL,7/2/2024,238.6,256.8,238.0,240.0,2.56,41240.0,474.0,326.0
SPDL,7/3/2024,238.0,242.7,235.0,241.0,0.42,20390.0,474.0,326.0
SPDL,7/4/2024,244.9,245.8,235.2,237.0,-1.66,68023.0,474.0,326.0
SPDL,7/7/2024,241.0,241.9,236.0,239.0,0.84,40264.0,474.0,326.0
SPDL,7/8/2024,242.0,242.0,236.1,236.5,-1.05,13231.0,474.0,326.0
SPDL,7/9/2024,239.3,242.0,235.0,240.0,1.48,37718.0,474.0,326.0
SPDL,7/10/2024,239.1,245.0,239.0,241.0,0.42,72726.0,474.0,326.0
SPDL,7/11/2024,244.7,253.9,241.1,253.9,5.35,86135.0,474.0,326.0
SPDL,7/14/2024,258.0,264.0,250.0,259.0,2.01,57797.0,474.0,326.0
SPDL,7/15/2024,264.1,264.1,252.5,254.9,-1.58,73276.0,474.0,326.0
SPDL,7/16/2024,259.9,274.9,252.0,273.0,7.1,234693.0,474.0,326.0
SPDL,7/17/2024,273.0,285.0,272.0,279.0,2.2,247684.0,474.0,326.0
SPDL,7/18/2024,280.0,284.9,271.0,274.0,-1.79,167471.0,474.0,326.0
SPDL,7/21/2024,274.0,294.0,270.0,285.0,4.01,220287.0,474.0,326.0
SPDL,7/22/2024,285.0,299.5,284.0,297.9,4.53,294743.0,474.0,326.0
SPDL,7/23/2024,300.0,310.0,294.0,310.0,4.06,297312.0,474.0,326.0
SPDL,7/24/2024,316.2,316.2,294.0,299.1,-3.52,186043.0,474.0,326.0
SPDL,7/25/2024,295.0,303.0,288.2,295.3,-1.27,165082.0,474.0,326.0
SPDL,7/28/2024,300.0,313.0,291.0,298.9,1.22,174330.0,474.0,326.0
SPDL,7/29/2024,300.0,312.0,294.1,307.0,2.71,322145.0,474.0,326.0
SPDL,7/30/2024,307.0,334.0,304.0,332.0,8.14,323317.0,474.0,326.0
SPDL,7/31/2024,336.0,364.1,336.0,343.0,3.31,307551.0,474.0,326.0
SPDL,8/1/2024,340.5,345.0,323.0,324.4,-5.42,331202.0,474.0,326.0
SPDL,8/5/2024,324.0,340.0,318.0,334.0,2.96,285319.0,474.0,326.0
SPDL,8/6/2024,330.0,346.8,305.1,308.0,-7.78,303042.0,474.0,326.0
SPDL,8/7/2024,310.0,329.8,309.0,328.0,6.49,156919.0,474.0,326.0
SPDL,8/8/2024,334.3,336.5,320.0,321.0,-2.13,204244.0,474.0,326.0
SPDL,8/11/2024,327.4,343.6,327.0,339.8,5.86,278908.0,474.0,326.0
SPDL,8/12/2024,346.5,358.0,338.1,358.0,5.36,334682.0,474.0,326.0
SPDL,8/13/2024,365.0,365.1,340.0,350.0,-2.23,215363.0,474.0,326.0
SPDL,8/14/2024,357.0,359.8,338.0,356.1,1.74,214455.0,474.0,326.0
SPDL,8/15/2024,363.0,389.0,355.0,373.0,4.75,467787.0,474.0,326.0
SPDL,8/18/2024,375.0,380.0,343.1,354.0,-5.09,298785.0,474.0,326.0
SPDL,8/21/2024,360.9,368.0,350.0,358.0,1.13,184079.0,474.0,326.0
SPDL,8/22/2024,363.9,365.0,350.0,364.0,1.68,164286.0,474.0,326.0
SPDL,8/25/2024,365.0,365.0,344.0,346.0,-4.95,166246.0,474.0,326.0
SPDL,8/27/2024,340.1,349.0,320.0,323.0,-6.65,178579.0,474.0,326.0
SPDL,8/28/2024,329.0,338.7,318.6,323.0,0.0,271270.0,474.0,326.0
SPDL,8/29/2024,329.4,330.0,316.7,320.0,-0.93,146268.0,474.0,326.0
SPDL,9/1/2024,326.0,326.0,309.0,313.0,-2.19,127536.0,474.0,326.0
SPDL,9/2/2024,315.0,332.0,309.0,330.0,5.43,129471.0,474.0,326.0
SPDL,9/3/2024,335.0,338.5,322.5,332.0,0.61,173073.0,474.0,326.0
SPDL,9/4/2024,330.0,334.9,315.1,320.0,-3.61,164921.0,474.0,326.0
SPDL,9/5/2024,313.7,321.0,310.0,316.0,-1.25,83812.0,474.0,326.0
SPDL,9/8/2024,322.0,322.3,310.0,313.0,-0.95,81368.0,474.0,326.0
SPDL,9/9/2024,308.5,313.0,302.1,305.0,-2.56,76341.0,474.0,326.0
SPDL,9/10/2024,310.0,316.0,298.1,299.0,-1.97,70335.0,474.0,326.0
SPDL,9/11/2024,296.0,312.0,291.1,293.0,-2.01,51785.0,474.0,326.0
SPDL,9/12/2024,293.0,310.0,291.0,307.0,4.78,70604.0,474.0,326.0
SPDL,9/15/2024,309.0,313.5,296.0,300.0,-2.28,129677.0,474.0,326.0
SPDL,9/16/2024,294.0,300.0,291.0,293.0,-2.33,52914.0,474.0,326.0
SPDL,9/18/2024,298.8,298.8,289.0,291.3,-0.58,54539.0,474.0,326.0
SPDL,9/22/2024,297.1,300.0,288.0,292.0,0.24,19058.0,474.0,326.0
SPDL,9/23/2024,290.0,290.0,280.0,280.7,-3.87,56240.0,474.0,326.0
SPDL,9/24/2024,280.0,285.0,260.0,262.1,-6.63,61108.0,474.0,326.0
SPDL,9/25/2024,267.3,282.5,260.0,282.5,7.78,86566.0,474.0,326.0
SPDL,9/26/2024,282.0,286.5,266.6,270.0,-4.42,60899.0,474.0,326.0
SPDL,9/29/2024,269.0,273.0,262.0,265.0,-1.85,37494.0,474.0,326.0
SPDL,9/30/2024,266.1,275.0,266.0,274.9,3.74,40961.0,474.0,326.0
SPDL,10/1/2024,279.9,298.0,275.0,297.0,8.04,110855.0,474.0,326.0
SPDL,10/2/2024,292.0,301.0,285.4,295.0,-0.67,96032.0,474.0,326.0
SPDL,10/6/2024,295.0,319.0,289.3,319.0,8.14,89828.0,474.0,326.0
SPDL,10/7/2024,319.0,323.9,313.0,313.0,-1.88,87837.0,474.0,326.0
SPDL,10/8/2024,309.0,313.2,303.0,303.1,-3.16,67753.0,474.0,326.0
SPDL,10/9/2024,304.0,309.0,301.0,305.0,0.63,66405.0,474.0,326.0
SPDL,10/15/2024,311.1,316.2,304.5,306.2,0.39,12290.0,474.0,326.0
SPDL,10/16/2024,312.3,315.0,310.7,311.1,1.6,30545.0,474.0,326.0
SPDL,10/17/2024,315.0,319.0,307.0,310.0,-0.35,80800.0,474.0,326.0
SPDL,10/20/2024,305.0,317.1,304.0,308.9,-0.35,171619.0,474.0,326.0
SPDL,10/21/2024,304.0,310.9,298.0,299.9,-2.91,66248.0,474.0,326.0
SPDL,10/22/2024,296.0,309.0,295.0,305.0,1.7,30201.0,474.0,326.0
SPDL,10/23/2024,310.0,311.0,302.0,310.0,1.64,76994.0,474.0,326.0
SPDL,10/24/2024,310.0,310.0,304.0,310.0,0.0,48043.0,474.0,326.0
SPDL,10/27/2024,310.0,310.9,306.5,310.0,0.0,60326.0,474.0,326.0
SPDL,10/28/2024,307.0,317.0,307.0,315.8,1.87,131682.0,474.0,326.0
SPDL,10/29/2024,316.5,322.0,315.2,317.9,0.66,175102.0,474.0,326.0
SPDL,10/30/2024,324.2,326.0,314.0,319.0,0.35,93343.0,474.0,326.0
SPDL,11/5/2024,320.0,324.0,316.0,318.0,-0.31,79389.0,474.0,326.0
SPDL,11/6/2024,324.3,335.0,317.0,334.0,5.03,302231.0,474.0,326.0
SPDL,11/10/2024,340.6,344.0,334.0,340.0,1.8,170678.0,474.0,326.0
SPDL,11/11/2024,335.0,343.0,322.6,328.1,-3.5,296145.0,474.0,326.0
SPDL,11/12/2024,327.2,333.7,323.0,325.0,-0.94,78650.0,474.0,326.0
SPDL,11/13/2024,325.1,328.5,321.0,325.0,0.0,57778.0,474.0,326.0
SPDL,11/14/2024,325.0,338.0,322.0,334.0,2.77,156719.0,474.0,326.0
SPDL,11/17/2024,340.0,347.0,329.0,329.0,-1.5,153634.0,474.0,326.0
SPDL,11/19/2024,330.0,330.0,314.1,316.0,-3.95,134758.0,474.0,326.0
SPDL,11/20/2024,319.8,322.5,316.0,318.9,0.92,69510.0,474.0,326.0
SPDL,11/21/2024,324.0,325.0,312.9,312.9,-1.88,69155.0,474.0,326.0
SPDL,11/24/2024,316.0,317.0,307.7,308.0,-1.57,45029.0,474.0,326.0
SPDL,11/25/2024,314.0,314.0,308.1,309.1,0.36,50340.0,474.0,326.0
SPDL,11/26/2024,315.0,321.0,310.2,318.3,2.98,53199.0,474.0,326.0
SPDL,11/27/2024,324.6,328.5,319.0,327.9,3.02,64159.0,474.0,326.0
SPDL,11/28/2024,334.4,334.4,320.0,322.7,-1.59,53080.0,474.0,326.0
SPDL,12/1/2024,323.0,324.3,308.0,319.9,-0.87,72720.0,474.0,326.0
SPDL,12/2/2024,324.9,331.0,320.0,320.0,0.03,87513.0,474.0,326.0
SPDL,12/3/2024,326.0,329.1,320.0,323.0,0.94,64183.0,474.0,326.0
SPDL,12/4/2024,327.9,340.0,320.0,332.5,2.94,249053.0,474.0,326.0
SPDL,12/5/2024,338.0,338.0,323.4,326.0,-1.95,175429.0,474.0,326.0
SPDL,12/8/2024,329.8,331.0,318.0,323.0,-0.92,90889.0,474.0,326.0
SPDL,12/9/2024,329.4,329.4,323.0,325.4,0.74,60610.0,474.0,326.0
SPDL,12/10/2024,321.0,328.9,321.0,323.2,-0.68,44312.0,474.0,326.0
SPDL,12/11/2024,317.1,337.1,317.1,334.1,3.37,158567.0,474.0,326.0
SPDL,12/12/2024,337.0,343.2,332.0,334.9,0.24,174021.0,474.0,326.0
SPDL,12/16/2024,330.0,332.5,323.1,324.4,-3.14,93933.0,474.0,326.0
SPDL,12/17/2024,320.0,330.6,309.0,324.0,-0.12,59067.0,474.0,326.0
SPDL,12/18/2024,320.1,327.7,320.1,323.5,-0.15,54786.0,474.0,326.0
SPDL,12/19/2024,329.9,329.9,317.0,317.1,-1.98,87900.0,474.0,326.0
SPDL,12/22/2024,311.0,329.0,311.0,317.0,-0.03,51508.0,474.0,326.0
SPDL,12/23/2024,323.0,329.0,318.5,325.9,2.81,48871.0,474.0,326.0
SPDL,12/24/2024,332.4,334.0,325.8,334.0,2.49,102644.0,474.0,326.0
SPDL,12/26/2024,334.0,334.0,327.0,330.0,-1.2,75284.0,474.0,326.0
SPDL,12/29/2024,335.0,335.0,320.3,322.9,-2.15,48068.0,474.0,326.0
SPDL,12/31/2024,319.0,321.0,311.6,316.0,-2.14,47926.0,474.0,326.0
SPDL,1/1/2025,320.1,323.0,317.5,319.1,0.98,21448.0,474.0,326.0
SPDL,1/2/2025,325.0,330.0,318.6,325.1,1.88,45923.0,474.0,326.0
SPDL,1/5/2025,328.0,333.0,325.1,331.0,1.81,75652.0,474.0,326.0
SPDL,1/6/2025,337.0,338.0,328.3,338.0,2.11,149810.0,474.0,326.0
SPDL,1/7/2025,344.7,344.7,331.0,335.0,-0.89,109067.0,474.0,326.0
SPDL,1/8/2025,340.0,341.0,332.1,339.0,1.19,112029.0,474.0,326.0
SPDL,1/9/2025,339.0,369.0,336.5,358.0,5.6,806194.0,474.0,326.0
SPDL,1/12/2025,365.0,365.0,340.1,342.7,-4.27,216295.0,474.0,326.0
SPDL,1/13/2025,349.5,349.5,332.0,333.0,-2.83,199800.0,474.0,326.0
SPDL,1/15/2025,338.8,338.9,326.5,327.5,-1.65,108089.0,474.0,326.0
SPDL,1/16/2025,331.9,334.5,322.0,325.7,-0.55,94215.0,474.0,326.0
SPDL,1/19/2025,332.0,335.0,322.0,335.0,2.86,81148.0,474.0,326.0
SPDL,1/20/2025,338.9,338.9,331.1,332.9,-0.63,84791.0,474.0,326.0
SPDL,1/21/2025,330.1,335.0,325.5,326.5,-1.92,66470.0,474.0,326.0
SPDL,1/22/2025,333.0,336.0,327.2,335.0,2.6,101854.0,474.0,326.0
SPDL,1/23/2025,338.0,343.9,334.5,336.1,0.33,175164.0,474.0,326.0
SPDL,1/26/2025,335.2,346.8,335.2,338.0,0.57,158467.0,474.0,326.0
SPDL,1/27/2025,344.0,350.8,338.0,340.0,0.59,228566.0,474.0,326.0
SPDL,1/28/2025,344.9,351.0,343.0,345.0,1.47,167367.0,474.0,326.0
SPDL,2/2/2025,350.9,357.0,339.0,348.0,0.87,245001.0,474.0,326.0
SPDL,2/3/2025,353.9,354.0,340.0,344.0,-1.15,215028.0,474.0,326.0
SPDL,2/4/2025,347.0,355.0,340.3,347.0,0.87,172731.0,474.0,326.0
SPDL,2/5/2025,348.0,369.0,348.0,364.0,4.9,612997.0,474.0,326.0
SPDL,2/6/2025,370.0,378.0,364.0,366.0,0.55,383545.0,474.0,326.0
SPDL,2/9/2025,370.0,373.0,357.5,362.8,-0.87,260447.0,474.0,326.0
SPDL,2/10/2025,357.0,364.0,352.2,355.9,-1.9,211156.0,474.0,326.0
SPDL,2/11/2025,355.0,377.2,355.0,371.0,4.24,352084.0,474.0,326.0
SPDL,2/12/2025,378.0,387.0,370.5,374.5,0.94,419100.0,474.0,326.0
SPDL,2/13/2025,373.0,381.9,372.5,376.0,0.4,282767.0,474.0,326.0
SPDL,2/16/2025,373.0,380.0,369.0,371.0,-1.33,225743.0,474.0,326.0
SPDL,2/17/2025,373.0,376.5,365.2,366.9,-1.11,147977.0,474.0,326.0
SPDL,2/18/2025,370.0,370.0,358.2,363.0,-1.06,151757.0,474.0,326.0
SPDL,2/20/2025,369.9,369.9,355.3,356.0,-1.93,117045.0,474.0,326.0
SPDL,2/23/2025,350.1,366.0,345.0,354.4,-0.45,146408.0,474.0,326.0
SPDL,2/24/2025,359.0,364.0,352.2,353.7,-0.2,110697.0,474.0,326.0
SPDL,2/25/2025,359.0,359.0,350.2,353.9,0.06,85709.0,474.0,326.0
SPDL,2/27/2025,360.0,367.0,353.1,362.0,2.29,140091.0,474.0,326.0
SPDL,3/2/2025,365.0,370.0,359.0,367.0,1.38,115672.0,474.0,326.0
SPDL,3/3/2025,371.9,373.9,355.3,358.9,-2.21,116970.0,474.0,326.0
SPDL,3/4/2025,351.8,366.9,351.8,358.0,-0.25,137341.0,474.0,326.0
SPDL,3/5/2025,359.1,362.9,352.3,354.0,-1.12,98280.0,474.0,326.0
SPDL,3/6/2025,359.8,359.8,350.0,352.9,-0.31,80991.0,474.0,326.0
SPDL,3/9/2025,356.9,359.0,345.1,346.0,-1.96,89983.0,474.0,326.0
SPDL,3/10/2025,348.0,352.0,340.7,343.0,-0.87,58814.0,474.0,326.0
SPDL,3/11/2025,340.0,348.0,334.7,334.9,-2.36,95924.0,474.0,326.0
SPDL,3/12/2025,339.8,354.9,338.0,339.5,1.37,109972.0,474.0,326.0
SPDL,3/16/2025,340.0,344.0,334.0,339.9,0.12,52204.0,474.0,326.0
SPDL,3/17/2025,339.0,342.9,335.0,335.0,-1.44,31253.0,474.0,326.0
SPDL,3/18/2025,340.0,340.0,331.0,332.0,-0.9,34998.0,474.0,326.0
SPDL,3/19/2025,329.0,335.0,328.1,332.4,0.12,72485.0,474.0,326.0
SPDL,3/20/2025,339.0,339.0,326.0,333.82,0.43,48072.0,474.0,326.0
SPDL,3/23/2025,340.0,340.0,322.0,323.7,-3.03,75464.0,474.0,326.0
SPDL,3/24/2025,322.1,331.9,315.7,326.09,0.74,56506.0,474.0,326.0
SPDL,3/25/2025,324.0,325.0,314.0,315.52,-3.24,59031.0,474.0,326.0
SPDL,3/26/2025,315.0,324.0,313.1,319.92,1.39,44915.0,474.0,326.0
SPDL,3/27/2025,320.0,325.0,308.9,319.6,-0.1,60307.0,474.0,326.0
SPDL,3/30/2025,320.1,334.0,320.1,325.43,1.82,88882.0,474.0,326.0
SPDL,4/1/2025,327.0,328.0,320.1,321.8,-1.12,38110.0,474.0,326.0
SPDL,4/2/2025,320.0,326.9,320.0,323.74,0.6,44906.0,474.0,326.0
SPDL,4/3/2025,324.0,332.0,324.0,325.49,0.54,73855.0,474.0,326.0
SPDL,4/7/2025,325.0,330.0,320.4,324.66,-0.26,64695.0,474.0,326.0
SPDL,4/8/2025,319.0,324.0,315.0,322.12,-0.78,41989.0,474.0,326.0
SPDL,4/9/2025,322.0,332.0,319.0,320.04,-0.65,59205.0,474.0,326.0
SPDL,4/10/2025,326.4,328.0,320.5,325.52,1.71,62280.0,474.0,326.0
SPDL,4/13/2025,331.0,334.8,325.0,329.28,1.16,65683.0,474.0,326.0
SPDL,4/15/2025,335.0,340.4,324.2,335.66,1.94,86165.0,474.0,326.0
SPDL,4/16/2025,340.0,347.8,331.0,345.35,2.89,105624.0,474.0,326.0
SPDL,4/17/2025,348.9,353.0,340.0,342.47,-0.83,114764.0,474.0,326.0
SPDL,4/20/2025,342.0,345.0,337.0,342.83,0.11,88291.0,474.0,326.0
SPDL,4/21/2025,343.9,360.0,342.0,357.37,4.24,265023.0,474.0,326.0
SPDL,4/22/2025,363.0,364.4,348.0,348.65,-2.44,131911.0,474.0,326.0
SPDL,4/23/2025,345.0,348.0,335.3,340.46,-2.35,75294.0,474.0,326.0
SPDL,4/24/2025,347.0,349.0,332.2,346.39,1.74,118011.0,474.0,326.0
SPDL,4/27/2025,352.0,355.9,341.2,345.61,-0.23,146740.0,474.0,326.0
SPDL,4/28/2025,346.0,356.0,342.1,343.73,-0.54,103385.0,474.0,326.0
SPDL,4/29/2025,349.9,359.0,345.0,354.51,3.14,300172.0,474.0,326.0
SPDL,4/30/2025,348.0,389.0,348.0,384.15,8.36,679566.0,474.0,326.0
SPDL,5/4/2025,391.8,409.8,386.7,392.47,2.17,675678.0,474.0,326.0
SPDL,5/5/2025,400.0,400.0,377.3,390.6,-0.48,399182.0,474.0,326.0
SPDL,5/6/2025,383.1,410.0,383.1,406.0,3.94,434214.0,474.0,326.0
SPDL,5/7/2025,406.3,412.9,396.0,398.43,-1.86,404169.0,474.0,326.0
SPDL,5/8/2025,391.6,419.9,391.6,403.33,1.23,488684.0,474.0,326.0
SPDL,5/11/2025,396.1,412.0,380.0,383.43,-4.93,335696.0,474.0,326.0
SPDL,5/13/2025,383.0,399.0,383.0,390.46,1.83,299367.0,474.0,326.0
SPDL,5/14/2025,396.1,396.1,372.0,375.43,-3.85,244954.0,474.0,326.0
SPDL,5/15/2025,370.0,383.5,364.0,367.46,-2.12,221206.0,474.0,326.0
SPDL,5/18/2025,368.0,374.0,346.2,352.35,-4.11,225267.0,474.0,326.0
SPDL,5/19/2025,346.0,370.0,346.0,358.91,1.86,131019.0,474.0,326.0
SPDL,5/20/2025,352.1,376.0,352.0,372.04,3.66,118257.0,474.0,326.0
SPDL,5/21/2025,379.4,397.0,363.2,364.47,-2.03,228953.0,474.0,326.0
SPDL,5/22/2025,365.0,371.5,355.0,356.51,-2.18,129969.0,474.0,326.0
SPDL,5/25/2025,352.0,366.0,352.0,357.08,0.16,91209.0,474.0,326.0
SPDL,5/26/2025,364.2,371.4,355.0,356.36,-0.2,146855.0,474.0,326.0
SPDL,5/27/2025,353.1,369.0,352.1,360.64,1.2,130013.0,474.0,326.0
SPDL,5/28/2025,353.5,377.0,353.5,370.94,2.86,183864.0,474.0,326.0
SPDL,6/2/2025,378.3,384.0,365.5,366.11,-1.3,93333.0,474.0,326.0
SPDL,6/3/2025,365.0,367.0,357.0,358.21,-2.16,102557.0,474.0,326.0
SPDL,6/4/2025,358.0,362.0,352.4,354.68,-0.99,78375.0,474.0,326.0
SPDL,6/5/2025,355.0,371.0,353.1,364.45,2.75,106150.0,474.0,326.0
SPDL,6/8/2025,368.0,393.0,367.0,386.98,6.18,370682.0,474.0,326.0
SPDL,6/9/2025,390.0,394.0,378.4,390.77,0.98,192702.0,474.0,326.0
SPDL,6/10/2025,398.5,406.4,385.3,389.67,-0.28,375635.0,474.0,326.0
SPDL,6/11/2025,397.4,428.6,389.0,428.6,9.99,795464.0,474.0,326.0
SPDL,6/12/2025,435.0,458.0,428.0,434.61,1.4,636013.0,474.0,326.0
SPDL,6/15/2025,429.9,448.8,429.9,438.23,0.83,744753.0,474.0,326.0
SPDL,6/16/2025,438.0,445.0,415.0,417.04,-4.84,585762.0,474.0,326.0
SPDL,6/17/2025,419.0,429.8,410.1,427.93,2.61,270573.0,474.0,326.0
SPDL,6/18/2025,420.0,458.0,420.0,455.24,6.38,612784.0,474.0,326.0
SPDL,6/19/2025,464.3,465.0,435.0,437.63,-3.87,591161.0,474.0,326.0
SPDL,6/22/2025,435.0,443.0,416.5,417.59,-4.58,353789.0,474.0,326.0
SPDL,6/23/2025,409.3,427.3,409.3,421.02,0.82,208159.0,474.0,326.0
SPDL,6/24/2025,413.0,433.5,412.6,413.89,-1.69,199186.0,474.0,326.0
SPDL,6/25/2025,408.0,430.0,408.0,421.66,1.88,240492.0,474.0,326.0
SPDL,6/26/2025,414.0,433.0,413.0,414.09,-1.8,237011.0,474.0,326.0
SPDL,6/29/2025,407.5,419.5,407.5,410.41,-0.89,161764.0,474.0,326.0
SPDL,6/30/2025,408.0,418.9,407.0,408.9,-0.37,165401.0,474.0,326.0
SPDL,7/1/2025,416.8,430.0,409.0,427.82,4.63,304714.0,474.0,326.0
SPDL,7/2/2025,422.0,438.6,419.1,423.79,-0.94,303209.0,474.0,326.0
SPDL,7/3/2025,418.0,429.5,410.0,411.21,-2.97,184791.0,474.0,326.0
SPDL,7/6/2025,406.0,414.0,397.0,398.76,-3.03,225873.0,474.0,326.0
SPDL,7/7/2025,391.0,407.9,391.0,395.43,-0.84,127056.0,474.0,326.0
SPDL,7/8/2025,400.0,405.0,387.0,397.54,0.53,95863.0,474.0,326.0
SPDL,7/9/2025,405.0,416.0,397.2,408.02,2.64,161581.0,474.0,326.0
SPDL,7/10/2025,416.1,416.1,397.0,399.57,-2.07,209843.0,474.0,326.0
SPDL,7/13/2025,407.5,415.0,392.3,395.16,-1.1,168588.0,474.0,326.0
SPDL,7/14/2025,387.3,416.0,387.3,411.44,4.12,212737.0,474.0,326.0
SPDL,7/15/2025,404.7,422.2,404.7,420.36,2.17,163606.0,474.0,326.0
SPDL,7/16/2025,412.0,433.0,412.0,417.51,-0.68,198538.0,474.0,326.0
SPDL,7/17/2025,410.0,438.0,410.0,428.53,2.64,238043.0,474.0,326.0
SPDL,7/20/2025,437.1,437.1,419.1,421.77,-1.58,272076.0,474.0,326.0
SPDL,7/21/2025,426.0,426.0,418.0,421.95,0.04,198935.0,474.0,326.0
SPDL,7/22/2025,421.9,435.0,420.0,422.5,0.13,204295.0,474.0,326.0
SPDL,7/23/2025,430.9,430.9,420.0,424.02,0.36,184176.0,474.0,326.0
SPDL,7/24/2025,432.0,444.9,422.0,438.0,3.3,384733.0,474.0,326.0
SPDL,7/27/2025,444.9,456.5,435.0,435.9,-0.48,440087.0,474.0,326.0
SPDL,7/28/2025,427.2,443.1,427.2,438.0,0.48,230952.0,474.0,326.0
SPDL,7/29/2025,429.3,450.0,429.3,432.0,-1.37,154177.0,474.0,326.0
SPDL,7/30/2025,427.6,434.0,414.6,416.43,-3.6,191823.0,474.0,326.0
SPDL,7/31/2025,416.1,421.6,410.0,410.49,-1.43,158705.0,474.0,326.0
SPDL,8/3/2025,410.0,417.0,408.3,413.32,0.69,113208.0,474.0,326.0
SPDL,8/4/2025,415.0,418.0,407.0,410.77,-0.62,125497.0,474.0,326.0
SPDL,8/5/2025,416.9,416.9,404.0,404.58,-1.51,75615.0,474.0,326.0
SPDL,8/6/2025,405.0,415.0,401.0,408.29,0.92,68236.0,474.0,326.0
SPDL,8/7/2025,415.9,415.9,405.0,409.82,0.37,79582.0,474.0,326.0
SPDL,8/11/2025,417.9,417.9,400.0,404.66,-1.26,116853.0,474.0,326.0
SPDL,8/12/2025,400.0,407.9,398.2,401.81,-0.7,82676.0,474.0,326.0
SPDL,8/13/2025,409.8,414.5,402.1,406.8,1.24,68834.0,474.0,326.0
SPDL,8/14/2025,404.0,410.0,404.0,406.46,-0.08,63676.0,474.0,326.0
SPDL,8/17/2025,407.0,413.2,400.1,401.07,-1.33,87165.0,474.0,326.0
SPDL,8/18/2025,405.0,408.0,400.0,403.75,0.67,46970.0,474.0,326.0
SPDL,8/19/2025,396.0,410.0,396.0,404.52,0.19,42538.0,474.0,326.0
SPDL,8/20/2025,401.4,407.8,400.3,401.19,-0.82,39967.0,474.0,326.0
SPDL,8/21/2025,402.0,404.0,396.1,397.56,-0.9,65148.0,474.0,326.0
SPDL,8/24/2025,397.0,401.0,391.5,392.98,-1.15,53699.0,474.0,326.0
SPDL,8/25/2025,390.0,399.8,388.3,395.49,0.64,45788.0,474.0,326.0
SPDL,8/26/2025,395.5,399.0,393.0,394.67,-0.21,32807.0,474.0,326.0
SPDL,8/27/2025,395.0,414.0,395.0,412.37,4.48,78873.0,474.0,326.0
SPDL,8/28/2025,404.2,420.0,398.0,400.03,-2.99,133784.0,474.0,326.0
SPDL,8/31/2025,400.0,404.9,395.0,396.21,-0.95,69328.0,474.0,326.0
SPDL,9/1/2025,396.0,401.0,393.2,395.96,-0.06,47971.0,474.0,326.0
SPDL,9/2/2025,403.0,403.0,391.0,391.14,-1.22,45915.0,474.0,326.0
SPDL,9/3/2025,390.0,403.6,390.0,393.0,0.48,57621.0,474.0,326.0
SPDL,9/4/2025,394.0,399.0,393.0,396.67,0.93,102347.0,474.0,326.0
SPDL,9/7/2025,394.1,404.0,394.0,396.1,-0.14,38060.0,474.0,326.0
SPDL,9/8/2025,396.0,408.0,396.0,402.65,1.65,173738.0,474.0,326.0
SPDL,9/18/2025,395.0,395.0,362.4,362.4,-10.0,9385.0,474.0,326.0
SPDL,9/21/2025,362.4,395.6,362.4,392.26,8.24,142092.0,474.0,326.0
SPDL,9/23/2025,398.0,400.9,389.1,397.0,1.21,60954.0,474.0,326.0
SPDL,9/24/2025,397.5,399.0,386.3,390.5,-1.64,59096.0,474.0,326.0
SPDL,9/25/2025,384.0,393.0,384.0,388.5,-0.51,52319.0,474.0,326.0
SPDL,9/28/2025,394.9,404.9,390.0,402.0,3.47,105654.0,474.0,326.0
SPDL,10/7/2025,399.0,420.0,398.1,413.9,2.96,292100.0,474.0,326.0
SPDL,10/8/2025,416.0,427.9,412.7,420.0,1.47,535359.0,474.0,326.0
SPDL,10/9/2025,428.0,436.0,416.0,417.0,-0.71,253942.0,474.0,326.0
SPDL,10/12/2025,412.0,417.0,385.0,387.0,-7.19,261681.0,474.0,326.0
SPDL,10/13/2025,387.0,399.0,382.0,397.0,2.58,147353.0,474.0,326.0
SPDL,10/14/2025,404.0,404.0,384.2,386.8,-2.57,90428.0,474.0,326.0
SPDL,10/15/2025,394.5,394.5,377.0,377.0,-2.53,115271.0,474.0,326.0
SPDL,10/16/2025,377.0,384.0,367.0,367.0,-2.65,95746.0,474.0,326.0
SPDL,10/19/2025,372.0,381.9,370.0,378.3,3.08,80083.0,474.0,326.0
SPDL,10/26/2025,383.0,387.0,375.0,387.0,2.3,45782.0,474.0,326.0
SPDL,10/28/2025,387.0,404.8,387.0,401.9,3.85,126971.0,474.0,326.0
SPDL,10/29/2025,394.5,407.0,388.0,389.0,-3.21,193729.0,474.0,326.0
SPDL,10/30/2025,396.7,412.0,388.2,412.0,5.91,248573.0,474.0,326.0
SPDL,11/2/2025,404.0,434.0,404.0,423.0,2.67,473402.0,474.0,326.0
SPDL,11/3/2025,423.0,438.0,422.1,437.0,3.31,562831.0,474.0,326.0
SPDL,11/4/2025,428.3,444.0,418.0,423.9,-3.0,257687.0,474.0,326.0
SPDL,11/5/2025,420.0,428.0,413.1,427.9,0.94,247164.0,474.0,326.0
SPDL,11/6/2025,422.0,432.0,417.0,418.0,-2.31,277371.0,474.0,326.0
SPDL,11/9/2025,412.0,417.0,403.0,404.7,-3.18,253281.0,474.0,326.0
SPDL,11/10/2025,405.0,420.0,400.1,419.7,3.71,262829.0,474.0,326.0
SPDL,11/11/2025,428.0,428.0,417.1,417.1,-0.62,225839.0,474.0,326.0
SPDL,11/12/2025,409.0,420.0,405.0,406.0,-2.66,136502.0,474.0,326.0
SPDL,11/13/2025,408.0,417.0,407.0,412.4,1.58,104229.0,474.0,326.0
SPDL,11/16/2025,416.4,416.4,401.0,404.9,-1.82,146537.0,474.0,326.0
SPDL,11/17/2025,398.0,416.0,398.0,412.0,1.75,161026.0,474.0,326.0
SPDL,11/18/2025,418.3,452.0,404.0,419.9,1.92,236605.0,474.0,326.0
SPDL,11/19/2025,422.0,424.9,416.1,421.0,0.26,258323.0,474.0,326.0
SPDL,11/20/2025,413.0,453.0,413.0,419.7,-0.31,158000.0,474.0,326.0
SPDL,11/23/2025,425.0,431.0,421.0,430.0,2.45,286980.0,474.0,326.0
SPDL,11/24/2025,438.6,438.6,426.0,429.9,-0.02,286046.0,474.0,326.0
SPDL,11/25/2025,433.0,435.0,424.1,429.0,-0.21,153585.0,474.0,326.0
SPDL,11/26/2025,421.0,430.0,419.0,425.0,-0.93,153648.0,474.0,326.0
SPDL,11/27/2025,433.5,433.5,417.0,429.0,0.94,319081.0,474.0,326.0
SPDL,11/30/2025,437.5,437.5,416.0,418.0,-2.56,195374.0,474.0,326.0
SPDL,12/1/2025,426.3,426.3,410.0,415.2,-0.67,136395.0,474.0,326.0
SPDL,12/2/2025,406.9,428.0,406.9,423.0,1.88,144787.0,474.0,326.0
SPDL,12/3/2025,414.6,429.0,414.6,421.0,-0.47,108976.0,474.0,326.0
SPDL,12/7/2025,428.0,428.0,415.0,419.9,-0.26,78699.0,474.0,326.0
SPDL,12/8/2025,415.0,423.0,414.3,418.0,-0.45,106023.0,474.0,326.0
SPDL,12/9/2025,409.7,423.9,409.7,419.0,0.24,101424.0,474.0,326.0
SPDL,12/10/2025,410.7,426.0,410.7,415.5,-0.84,58915.0,474.0,326.0
SPDL,12/11/2025,423.8,423.8,411.0,418.9,0.82,118250.0,474.0,326.0
SPDL,12/14/2025,425.0,425.0,410.1,411.0,-1.89,42477.0,474.0,326.0
SPDL,12/15/2025,412.0,412.0,407.5,410.0,-0.24,71333.0,474.0,326.0
SPDL,12/16/2025,405.0,415.0,405.0,412.0,0.49,80339.0,474.0,326.0
SPDL,12/17/2025,403.8,424.3,403.8,417.5,1.33,130702.0,474.0,326.0
SPDL,12/18/2025,423.5,423.5,413.4,414.8,-0.65,66953.0,474.0,326.0
SPDL,12/21/2025,415.1,419.9,413.0,415.8,0.24,141734.0,474.0,326.0
SPDL,12/22/2025,421.0,421.0,411.0,416.8,0.24,85444.0,474.0,326.0
SPDL,12/23/2025,419.4,419.4,414.0,416.0,-0.19,36044.0,474.0,326.0
SPDL,12/24/2025,417.9,420.0,415.0,416.9,0.22,89560.0,474.0,326.0
SPDL,12/28/2025,423.0,432.0,419.0,430.2,3.19,532395.0,474.0,326.0
SPDL,12/29/2025,398.9,405.0,392.5,393.0,-8.65,170727.0,474.0,326.0
SPDL,12/31/2025,399.2,399.2,388.2,388.2,-1.22,57045.0,474.0,326.0
SPDL,1/1/2026,385.0,388.0,382.0,383.0,-1.34,91375.0,474.0,326.0
SPDL,1/4/2026,384.9,384.9,380.3,383.9,0.23,48961.0,474.0,326.0
SPDL,1/5/2026,383.0,392.6,382.0,388.3,1.15,64846.0,474.0,326.0
SPDL,1/6/2026,396.0,396.0,383.2,385.0,-0.85,63846.0,474.0,326.0
SPDL,1/7/2026,392.7,392.7,381.6,383.9,-0.29,40374.0,474.0,326.0
SPDL,1/8/2026,383.0,383.1,379.1,382.9,-0.26,69376.0,474.0,326.0
SPDL,1/12/2026,388.5,389.0,380.0,384.0,0.29,56625.0,474.0,326.0
SPDL,1/13/2026,376.4,390.0,376.4,388.0,1.04,57957.0,474.0,326.0
SPDL,1/14/2026,380.3,393.0,380.3,387.8,-0.05,88704.0,474.0,326.0
SPDL,1/18/2026,380.1,392.8,380.1,386.0,-0.46,64257.0,474.0,326.0
SPDL,1/20/2026,393.7,398.0,388.0,392.0,1.55,92987.0,474.0,326.0
SPDL,1/21/2026,384.2,397.6,384.2,392.0,0.0,67168.0,474.0,326.0
SPDL,1/22/2026,399.8,399.8,389.0,391.0,-0.26,140393.0,474.0,326.0
SPDL,1/25/2026,396.0,405.0,396.0,399.0,2.05,148075.0,474.0,326.0
SPDL,1/26/2026,399.0,436.0,395.0,423.0,6.02,474705.0,474.0,326.0
SPDL,1/27/2026,426.0,439.0,415.0,420.0,-0.71,326568.0,474.0,326.0
SPDL,1/28/2026,415.2,425.0,410.0,416.8,-0.76,215138.0,474.0,326.0
SPDL,1/29/2026,413.7,431.0,412.0,422.9,1.46,228522.0,474.0,326.0
SPDL,2/1/2026,417.0,422.0,412.6,414.9,-1.89,78486.0,474.0,326.0
SPDL,2/2/2026,419.0,419.0,404.0,404.0,-2.63,183719.0,474.0,326.0
SPDL,2/3/2026,403.0,414.0,399.0,403.0,-0.25,191733.0,474.0,326.0
SPDL,2/4/2026,395.0,410.0,395.0,407.9,1.22,173734.0,474.0,326.0
SPDL,2/5/2026,413.8,415.0,406.0,410.8,0.71,137365.0,474.0,326.0
SPDL,2/8/2026,402.6,421.0,402.6,408.0,-0.68,90951.0,474.0,326.0
SPDL,2/9/2026,414.9,414.9,400.0,412.0,0.98,102598.0,474.0,326.0
SPDL,2/10/2026,403.8,419.0,400.0,403.7,-2.01,98469.0,474.0,326.0
SPDL,2/11/2026,411.7,411.7,400.0,400.0,-0.92,95122.0,474.0,326.0
SPDL,2/12/2026,408.0,412.0,401.0,407.9,1.97,99555.0,474.0,326.0
SPDL,2/16/2026,410.0,414.0,399.8,401.9,-1.47,70473.0,474.0,326.0
SPDL,2/17/2026,394.1,404.1,394.1,401.9,0.0,101821.0,474.0,326.0
SPDL,2/22/2026,400.0,400.0,394.0,400.0,-0.47,93167.0,474.0,326.0
SPDL,2/23/2026,408.0,408.0,392.3,408.0,2.0,83486.0,474.0,326.0
SPDL,2/24/2026,400.0,410.0,399.0,400.3,-1.89,87164.0,474.0,326.0
SPDL,2/25/2026,407.0,407.0,396.0,399.0,-0.32,56573.0,474.0,326.0
SPDL,2/26/2026,398.0,403.9,395.0,395.0,-1.0,28768.0,474.0,326.0
SPDL,2/27/2026,398.0,403.9,395.0,395.0,0.0,28768.0,474.0,326.0
SPDL,2/28/2026,398.0,403.9,395.0,395.0,0.0,28768.0,474.0,326.0
SPDL,3/2/2026,389.1,400.0,389.1,400.0,1.27,17218.0,474.0,326.0
SPDL,3/3/2026,404.0,404.8,399.5,403.0,0.75,59635.0,474.0,326.0
SPDL,3/4/2026,404.0,404.8,399.5,403.0,0.0,59635.0,474.0,326.0
SPDL,3/5/2026,404.0,404.8,399.5,403.0,0.0,59635.0,474.0,326.0
SPDL,3/6/2026,404.0,404.8,399.5,403.0,0.0,59635.0,474.0,326.0
SPDL,3/7/2026,404.0,404.8,399.5,403.0,0.0,59635.0,474.0,326.0
SPDL,3/8/2026,404.0,404.8,399.5,403.0,0.0,59635.0,474.0,326.0
SPDL,3/9/2026,411.0,434.5,411.0,430.0,6.7,865.0,474.0,326.0
SPDL,3/10/2026,438.0,438.0,408.1,416.0,-3.26,157238.0,474.0,326.0
SPDL,3/11/2026,417.0,453.9,413.6,429.5,3.25,350009.0,474.0,326.0
SPDL,3/12/2026,436.5,446.0,432.2,436.8,1.7,322188.0,474.0,326.0
SPDL,3/13/2026,436.5,446.0,432.2,436.8,0.0,322188.0,474.0,326.0
SPDL,3/14/2026,436.5,446.0,432.2,436.8,0.0,322188.0,474.0,326.0
SPDL,3/15/2026,445.0,445.0,428.1,435.0,-0.41,209219.0,474.0,326.0
SPDL,3/16/2026,426.3,443.4,426.3,433.0,-0.46,373357.0,474.0,326.0
SPDL,3/17/2026,430.0,454.7,430.0,450.1,3.95,523881.0,474.0,326.0
SPDL,3/18/2026,430.0,454.7,430.0,450.1,0.0,523881.0,474.0,326.0
SPDL,3/19/2026,452.0,458.0,443.0,444.0,-1.36,387433.0,474.0,326.0
SPDL,3/20/2026,452.0,458.0,443.0,444.0,0.0,387433.0,474.0,326.0
SPDL,3/21/2026,452.0,458.0,443.0,444.0,0.0,387433.0,474.0,326.0
SPDL,3/22/2026,435.2,474.0,435.2,457.0,2.93,695977.0,474.0,326.0
SPDL,3/23/2026,458.6,467.0,450.9,463.0,1.31,358312.0,474.0,326.0
SPDL,3/24/2026,453.8,470.0,453.8,463.0,0.0,379475.0,474.0,326.0
SPDL,3/25/2026,464.0,468.0,446.0,450.0,-2.81,313809.0,474.0,326.0
SPDL,3/26/2026,450.0,473.0,442.2,455.1,1.13,194971.0,474.0,326.0
SPDL,3/29/2026,460.0,460.0,436.0,439.0,-4.57,193481.0,474.0,326.0
SPDL,3/30/2026,436.2,447.5,426.0,430.0,-1.42,165507.0,474.0,326.0
SPDL,3/31/2026,438.6,438.6,416.0,430.9,-1.76,122558.0,474.0,326.0
SPDL,4/1/2026,438.0,438.0,409.0,415.0,-5.25,184203.0,474.0,326.0
SPDL,4/2/2026,408.0,421.9,406.7,411.0,0.74,89923.0,474.0,326.0
SPDL,4/5/2026,405.1,410.0,385.1,398.8,-1.56,177693.0,474.0,326.0
SPDL,4/6/2026,399.0,418.9,394.0,418.9,4.99,143879.0,474.0,326.0
SPDL,4/7/2026,420.0,422.0,406.7,409.0,-2.62,76335.0,474.0,326.0
SPDL,4/8/2026,416.9,418.0,408.0,414.0,-0.7,72587.0,474.0,326.0
SPDL,4/9/2026,419.5,429.0,413.0,425.0,1.31,159709.0,474.0,326.0
SPDL,4/10/2026,425.0,428.0,417.0,418.8,-1.46,100991.0,474.0,326.0
SPDL,4/13/2026,427.1,427.1,414.1,425.0,-0.49,85380.0,474.0,326.0
SPDL,4/15/2026,427.9,435.0,423.4,427.0,-0.21,98096.0,474.0,326.0
SPDL,4/16/2026,435.5,435.5,411.0,412.0,-5.4,90600.0,474.0,326.0
SPDL,4/17/2026,415.0,418.8,411.0,413.2,-0.43,61906.0,474.0,326.0
SPDL,4/20/2026,423.0,425.5,408.1,410.9,-2.86,50738.0,474.0,326.0
SPDL,4/21/2026,431.4,431.4,399.7,403.2,-6.54,75085.0,474.0,326.0
SPDL,4/22/2026,404.0,412.0,396.0,409.7,1.41,66229.0,474.0,326.0
SPDL,4/23/2026,430.1,430.1,399.6,401.0,-6.77,44777.0,474.0,326.0
SPDL,4/24/2026,398.2,407.7,390.0,407.7,2.39,56994.0,474.0,326.0
SPDL,4/27/2026,396.0,413.0,396.0,408.0,3.03,42855.0,474.0,326.0
SPDL,4/28/2026,408.0,406.3,396.0,399.0,-2.21,64356.0,474.0,326.0
SPDL,4/29/2026,399.0,402.0,392.0,393.0,-1.5,21687.0,474.0,326.0
SPDL,4/30/2026,392.0,401.4,386.2,394.0,0.51,61161.0,474.0,326.0
SPDL,5/4/2026,400.0,400.0,389.1,390.0,-2.5,16619.0,474.0,326.0
SPDL,5/5/2026,392.0,397.0,387.0,393.9,0.48,24582.0,474.0,326.0
SPDL,5/6/2026,395.0,397.0,392.7,394.0,-0.25,36564.0,474.0,326.0
SPDL,5/7/2026,397.2,397.2,391.0,395.9,-0.33,19480.0,474.0,326.0
SPDL,5/8/2026,415.6,415.6,393.5,404.5,-2.67,58267.0,474.0,326.0
SPDL,5/11/2026,409.0,414.2,402.1,409.0,0.0,42613.0,474.0,326.0
SPDL,5/12/2026,417.0,417.0,400.0,403.5,-3.24,53629.0,474.0,326.0
SPDL,5/13/2026,405.0,405.0,398.3,400.0,-1.23,22511.0,474.0,326.0
SPDL,5/14/2026,420.0,420.0,396.8,400.0,-4.76,24525.0,474.0,326.0
SPDL,5/15/2026,420.0,420.0,398.1,401.0,-4.52,39993.0,474.0,326.0
SPDL,5/18/2026,404.0,404.0,400.0,401.7,-0.57,17353.0,474.0,326.0
SPDL,5/19/2026,402.0,405.0,398.4,404.0,0.5,26582.0,474.0,326.0
SPDL,5/20/2026,424.2,424.2,397.0,409.5,-3.47,45612.0,474.0,326.0
SPDL,5/21/2026,429.9,429.9,400.0,407.6,-5.19,109479.0,474.0,326.0
SPDL,5/22/2026,410.0,410.0,401.4,407.0,-0.73,33894.0,474.0,326.0
SPDL,5/25/2026,427.0,427.0,408.1,411.0,-3.75,54833.0,474.0,326.0
SPDL,5/26/2026,413.8,414.0,403.1,406.8,-1.69,60503.0,474.0,326.0
SPDL,5/27/2026,405.0,408.6,403.5,406.0,0.25,47517.0,474.0,326.0
SPDL,6/1/2026,426.3,426.3,400.0,403.0,-5.47,20927.0,474.0,326.0
SPDL,6/2/2026,408.0,408.0,398.5,404.0,-0.98,57248.0,474.0,326.0
SPDL,6/3/2026,404.0,410.0,402.0,409.5,1.36,63536.0,474.0,326.0
SPDL,6/4/2026,390.0,410.9,390.0,401.0,2.82,67909.0,474.0,326.0
SPDL,6/5/2026,405.0,405.0,395.7,398.3,-1.65,45051.0,474.0,326.0
SPDL,6/8/2026,418.0,418.0,394.0,396.9,-5.05,20571.0,474.0,326.0
SPDL,6/9/2026,396.9,400.0,391.1,399.8,0.73,14933.0,474.0,326.0
SPDL,6/10/2026,399.9,404.0,394.2,396.9,-0.75,33479.0,474.0,326.0
SPDL,6/11/2026,403.0,403.0,393.3,397.9,-1.27,25122.0,474.0,326.0
SPDL,6/12/2026,417.0,417.0,392.5,393.6,-5.61,15738.0,474.0,326.0
SPDL,6/15/2026,400.0,400.0,388.5,392.0,-2.0,34179.0,474.0,326.0
SPDL,6/16/2026,411.6,411.6,388.0,388.3,-5.66,24132.0,474.0,326.0
SPDL,6/17/2026,407.0,407.0,387.2,390.0,-4.18,25243.0,474.0,326.0
SPDL,6/18/2026,409.5,409.5,386.4,387.0,-5.49,17351.0,474.0,326.0
SPDL,6/19/2026,390.0,390.0,385.0,389.0,-0.26,11285.0,474.0,326.0
SPDL,6/22/2026,389.0,394.0,387.2,392.0,0.77,36884.0,474.0,326.0
SPDL,6/23/2026,387.0,390.0,380.0,380.0,-1.81,62513.0,474.0,326.0
SPDL,6/24/2026,399.0,399.0,365.1,373.9,-6.29,46128.0,474.0,326.0
SPDL,6/26/2026,374.5,374.5,360.0,362.5,-3.2,35362.0,474.0,326.0
SPDL,6/29/2026,370.0,370.0,360.0,363.0,-1.89,10438.0,474.0,326.0
SPDL,6/30/2026,356.6,363.0,354.8,357.0,0.11,32023.0,474.0,326.0
SPDL,7/1/2026,362.0,371.9,359.9,368.6,1.82,21140.0,474.0,326.0
SPDL,7/2/2026,387.0,387.0,360.5,368.0,-4.91,8083.0,474.0,326.0
SPDL,7/3/2026,386.4,400.0,365.0,372.0,-3.73,47415.0,474.0,326.0
SPDL,7/6/2026,383.0,383.0,361.2,367.9,-3.94,36969.0,474.0,326.0
SPDL,7/7/2026,377.0,383.0,365.7,376.0,-0.27,43346.0,474.0,326.0
SPDL,7/8/2026,386.0,386.0,366.0,375.1,-2.82,17802.0,474.0,326.0
SPDL,7/9/2026,365.8,374.0,361.5,369.9,1.12,18187.0,474.0,326.0
SPDL,7/10/2026,370.0,370.0,363.0,367.9,-0.57,15833.0,474.0,326.0
SPDL,7/13/2026,365.0,367.0,356.9,360.0,-1.37,18675.0,474.0,326.0
SPDL,7/14/2026,364.0,370.0,355.0,359.2,-1.32,22838.0,474.0,326.0
SPDL,7/15/2026,369.0,369.0,353.1,361.0,-2.17,27047.0,474.0,326.0
SPDL,7/16/2026,367.0,382.9,355.3,382.9,4.33,62421.0,474.0,326.0
SPDL,7/17/2026,372.0,401.0,372.0,394.7,6.1,117709.0,474.0,326.0
SPDL,7/20/2026,394.7,406.0,372.0,393.3,-0.35,37456.0,474.0,326.0
SPDL,7/21/2026,412.9,412.9,389.0,402.0,-2.64,140886.0,474.0,326.0
SPDL,7/22/2026,398.0,411.0,392.1,399.9,0.48,130096.0,474.0,326.0
SPDL,7/23/2026,380.0,398.8,380.0,396.0,4.21,76025.0,474.0,326.0
SPDL,7/24/2026,392.0,399.9,384.0,389.0,-0.77,91184.0,474.0,326.0
SPDL,7/27/2026,396.5,396.5,376.1,383.0,-3.4,44293.0,474.0,326.0
SPDL,7/28/2026,402.0,402.0,372.3,378.0,-5.97,94930.0,474.0,326.0
SPDL,7/29/2026,384.0,395.0,369.0,385.0,0.26,112049.0,474.0,326.0
SPDL,7/30/2026,376.0,385.0,370.0,374.9,-0.29,25621.0,474.0,326.0
SPDL,7/31/2026,370.1,374.0,365.2,372.1,0.54,34892.0,474.0,326.0
SPDL,8/3/2026,375.0,376.6,365.0,365.0,-2.67,94413.0,474.0,326.0
SPDL,8/4/2026,365.2,370.0,356.1,356.1,-2.49,66102.0,474.0,326.0
SPDL,8/5/2026,362.0,374.9,361.2,371.0,2.49,98435.0,474.0,326.0
SPDL,8/6/2026,389.0,389.0,362.1,362.4,-6.84,34094.0,474.0,326.0
SPDL,8/7/2026,345.0,369.9,345.0,368.0,6.67,27048.0,474.0,326.0
SPDL,8/10/2026,358.0,375.0,358.0,372.0,3.91,54800.0,474.0,326.0
SPDL,8/11/2026,368.0,379.8,368.0,379.8,3.21,47077.0,474.0,326.0
SPDL,8/12/2026,360.9,381.0,360.9,370.5,2.66,31236.0,474.0,326.0
SPDL,8/13/2026,377.9,378.0,370.1,375.0,-0.77,54290.0,474.0,326.0
SPDL,8/14/2026,377.0,377.0,368.2,372.0,-1.33,25744.0,474.0,326.0
SPDL,8/17/2026,367.0,370.0,364.0,368.0,0.27,16229.0,474.0,326.0
SPDL,8/18/2026,386.0,386.0,363.4,364.5,-5.57,17086.0,474.0,326.0
SPDL,8/19/2026,360.5,367.0,360.1,366.9,1.78,13337.0,474.0,326.0
SPDL,8/20/2026,360.2,365.0,360.2,365.0,1.33,23274.0,474.0,326.0
SPDL,8/21/2026,365.0,367.0,359.5,361.0,-1.1,38965.0,474.0,326.0
SPDL,8/24/2026,379.0,379.0,358.2,360.0,-5.01,25694.0,474.0,326.0
SPDL,8/25/2026,352.0,362.0,352.0,359.5,2.13,15058.0,474.0,326.0
SPDL,8/26/2026,358.1,358.1,351.0,352.0,-1.7,24777.0,474.0,326.0
SPDL,8/27/2026,345.4,355.0,345.3,353.0,2.2,23695.0,474.0,326.0
SPDL,8/31/2026,359.8,359.9,345.1,349.7,-2.81,32622.0,474.0,326.0
SPDL,9/1/2026,340.3,350.0,340.3,349.5,2.7,15860.0,474.0,326.0
SPDL,9/2/2026,345.0,345.9,339.8,345.0,0.0,23918.0,474.0,326.0
SPDL,9/3/2026,350.0,350.0,341.3,348.9,-0.31,11031.0,474.0,326.0
SPDL,9/7/2026,342.2,355.3,342.2,346.0,1.11,16760.0,474.0,326.0
SPDL,9/9/2026,354.9,354.9,342.0,345.0,-2.79,12009.0,474.0,326.0
SPDL,9/10/2026,362.2,362.2,326.0,341.0,-5.85,32989.0,474.0,326.0
SPDL,9/11/2026,336.0,346.0,336.0,345.0,2.68,18850.0,474.0,326.0
SPDL,9/14/2026,353.0,353.0,349.9,352.5,-0.14,26686.0,474.0,326.0
SPDL,9/15/2026,370.0,390.0,359.0,370.0,0.0,98941.0,474.0,326.0
SPDL,9/16/2026,363.0,373.0,362.1,368.0,1.38,33148.0,474.0,326.0
SPDL,9/17/2026,373.9,373.9,362.0,363.0,-2.92,28869.0,474.0,326.0
SPDL,9/18/2026,363.0,366.5,361.4,362.0,-0.28,11488.0,474.0,326.0
SPDL,9/22/2026,380.1,380.1,361.8,366.0,-3.71,22208.0,474.0,326.0
SPDL,9/23/2026,349.0,369.0,349.0,356.0,2.01,20762.0,474.0,326.0
SPDL,9/24/2026,356.0,359.0,352.0,358.9,0.81,16491.0,474.0,326.0
SPDL,9/28/2026,358.9,358.9,346.6,352.0,-1.92,31053.0,474.0,326.0
SPDL,9/29/2026,335.0,355.0,335.0,0.0,-100.0,21159.0,474.0,326.0
SPDL,9/30/2026,347.0,350.0,342.0,345.0,-0.58,22965.0,474.0,326.0
SPDL,10/1/2026,362.2,362.2,343.1,347.8,-3.98,25878.0,474.0,326.0
SPDL,10/2/2026,345.0,349.6,342.1,345.1,0.03,50308.0,474.0,326.0
SPHL,12/21/2025,561.0,561.0,540.0,545.0,,9069.0,708.0,474.0
SPHL,12/22/2025,555.9,555.9,542.0,545.0,0.0,22470.0,708.0,474.0
SPHL,12/23/2025,542.0,579.0,542.0,577.5,5.96,69151.0,708.0,474.0
SPHL,12/24/2025,580.0,588.0,565.0,566.0,-1.99,12359.0,708.0,474.0
SPHL,12/28/2025,567.0,585.0,551.0,580.0,2.47,46843.0,708.0,474.0
SPHL,12/29/2025,575.0,585.0,563.0,566.9,-2.26,23705.0,708.0,474.0
SPHL,12/31/2025,558.0,575.0,553.0,560.0,-1.22,23235.0,708.0,474.0
SPHL,1/1/2026,569.9,569.9,540.7,543.0,-3.04,22865.0,708.0,474.0
SPHL,1/4/2026,542.5,558.0,540.1,558.0,2.76,12698.0,708.0,474.0
SPHL,1/5/2026,567.0,569.0,547.5,565.0,1.25,25154.0,708.0,474.0
SPHL,1/6/2026,570.0,585.0,568.0,574.9,1.75,34598.0,708.0,474.0
SPHL,1/7/2026,575.0,603.9,575.0,590.0,2.63,50938.0,708.0,474.0
SPHL,1/8/2026,594.5,596.0,585.6,594.5,0.76,24382.0,708.0,474.0
SPHL,1/12/2026,595.0,595.0,575.0,579.0,-2.61,22560.0,708.0,474.0
SPHL,1/13/2026,579.0,588.8,566.9,578.3,-0.12,12893.0,708.0,474.0
SPHL,1/14/2026,575.0,578.0,561.0,573.0,-0.92,14740.0,708.0,474.0
SPHL,1/18/2026,570.0,581.0,565.0,569.0,-0.7,9666.0,708.0,474.0
SPHL,1/20/2026,580.0,580.0,569.0,575.0,1.05,14959.0,708.0,474.0
SPHL,1/21/2026,570.0,581.0,567.1,568.7,-1.1,9615.0,708.0,474.0
SPHL,1/22/2026,563.0,578.0,563.0,574.0,0.93,15772.0,708.0,474.0
SPHL,1/25/2026,580.0,587.9,571.2,581.0,1.22,23193.0,708.0,474.0
SPHL,1/26/2026,579.0,586.0,572.0,575.0,-1.03,18157.0,708.0,474.0
SPHL,1/27/2026,580.0,591.0,565.0,577.0,0.35,24854.0,708.0,474.0
SPHL,1/28/2026,566.0,619.0,566.0,618.0,7.11,45668.0,708.0,474.0
SPHL,1/29/2026,630.0,630.3,599.0,600.1,-2.9,44646.0,708.0,474.0
SPHL,2/1/2026,589.0,600.0,576.5,580.0,-3.35,18568.0,708.0,474.0
SPHL,2/2/2026,580.0,590.0,574.4,576.1,-0.67,10765.0,708.0,474.0
SPHL,2/3/2026,577.0,596.3,572.0,579.9,0.66,17860.0,708.0,474.0
SPHL,2/4/2026,580.0,595.0,579.0,585.0,0.88,13734.0,708.0,474.0
SPHL,2/5/2026,596.7,596.7,582.0,587.0,0.34,16161.0,708.0,474.0
SPHL,2/8/2026,597.7,598.0,578.0,578.9,-1.38,6010.0,708.0,474.0
SPHL,2/9/2026,572.5,583.4,572.0,574.3,-0.79,7350.0,708.0,474.0
SPHL,2/10/2026,583.0,584.0,563.0,565.0,-1.62,10317.0,708.0,474.0
SPHL,2/11/2026,570.0,572.0,562.0,564.0,-0.18,6733.0,708.0,474.0
SPHL,2/12/2026,555.0,573.4,550.0,555.0,-1.6,23900.0,708.0,474.0
SPHL,2/16/2026,566.0,566.0,548.8,555.0,0.0,14410.0,708.0,474.0
SPHL,2/17/2026,549.0,558.5,524.0,542.0,-2.34,13470.0,708.0,474.0
SPHL,2/22/2026,538.0,538.0,530.0,530.1,-2.2,7460.0,708.0,474.0
SPHL,2/23/2026,540.0,540.0,525.0,533.8,0.7,3383.0,708.0,474.0
SPHL,2/24/2026,535.0,536.4,531.0,536.0,0.41,2086.0,708.0,474.0
SPHL,2/25/2026,531.1,540.5,531.0,535.0,-0.19,4206.0,708.0,474.0
SPHL,2/26/2026,540.0,540.0,532.0,534.5,-0.09,5040.0,708.0,474.0
SPHL,2/27/2026,540.0,540.0,532.0,534.5,0.0,5040.0,708.0,474.0
SPHL,2/28/2026,540.0,540.0,532.0,534.5,0.0,5040.0,708.0,474.0
SPHL,3/2/2026,534.0,542.0,532.0,540.0,1.03,5792.0,708.0,474.0
SPHL,3/3/2026,537.0,552.9,537.0,550.0,1.85,6488.0,708.0,474.0
SPHL,3/4/2026,537.0,552.9,537.0,550.0,0.0,6488.0,708.0,474.0
SPHL,3/5/2026,537.0,552.9,537.0,550.0,0.0,6488.0,708.0,474.0
SPHL,3/6/2026,537.0,552.9,537.0,550.0,0.0,6488.0,708.0,474.0
SPHL,3/7/2026,537.0,552.9,537.0,550.0,0.0,6488.0,708.0,474.0
SPHL,3/8/2026,537.0,552.9,537.0,550.0,0.0,6488.0,708.0,474.0
SPHL,3/9/2026,561.0,561.0,561.0,561.0,2.0,10.0,708.0,474.0
SPHL,3/10/2026,572.2,583.6,560.0,563.5,0.45,33932.0,708.0,474.0
SPHL,3/11/2026,573.0,575.0,565.0,569.0,0.98,13384.0,708.0,474.0
SPHL,3/12/2026,573.9,574.0,560.0,571.9,0.51,14879.0,708.0,474.0
SPHL,3/13/2026,573.9,574.0,560.0,571.9,0.0,14879.0,708.0,474.0
SPHL,3/14/2026,573.9,574.0,560.0,571.9,0.0,14879.0,708.0,474.0
SPHL,3/15/2026,564.5,575.5,564.5,566.3,-0.98,8812.0,708.0,474.0
SPHL,3/16/2026,560.2,575.0,560.2,569.9,0.64,10686.0,708.0,474.0
SPHL,3/17/2026,575.0,586.5,564.0,579.8,1.74,17865.0,708.0,474.0
SPHL,3/18/2026,575.0,586.5,564.0,579.8,0.0,17865.0,708.0,474.0
SPHL,3/19/2026,585.0,602.9,575.0,580.0,0.03,32734.0,708.0,474.0
SPHL,3/20/2026,585.0,602.9,575.0,580.0,0.0,32734.0,708.0,474.0
SPHL,3/21/2026,585.0,602.9,575.0,580.0,0.0,32734.0,708.0,474.0
SPHL,3/22/2026,590.0,590.0,564.0,570.0,-1.72,20740.0,708.0,474.0
SPHL,3/23/2026,568.2,578.0,565.1,571.9,0.33,9540.0,708.0,474.0
SPHL,3/24/2026,560.5,580.0,560.5,575.9,0.7,13378.0,708.0,474.0
SPHL,3/25/2026,575.0,581.9,566.4,566.4,-1.65,8538.0,708.0,474.0
SPHL,3/26/2026,566.4,573.0,566.1,568.0,0.28,8256.0,708.0,474.0
SPHL,3/29/2026,568.0,573.0,550.0,553.0,-2.64,14449.0,708.0,474.0
SPHL,3/30/2026,547.0,562.0,545.0,550.0,0.55,10203.0,708.0,474.0
SPHL,3/31/2026,561.0,561.0,544.5,554.1,-1.23,5238.0,708.0,474.0
SPHL,4/1/2026,550.0,550.0,535.0,543.9,-1.11,7687.0,708.0,474.0
SPHL,4/2/2026,534.1,543.8,524.0,542.0,1.48,6051.0,708.0,474.0
SPHL,4/5/2026,533.0,533.0,508.0,510.0,-4.32,8221.0,708.0,474.0
SPHL,4/6/2026,505.0,535.5,500.0,525.0,3.96,8487.0,708.0,474.0
SPHL,4/7/2026,517.0,535.5,517.0,518.0,0.19,6483.0,708.0,474.0
SPHL,4/8/2026,510.1,539.0,510.1,539.0,5.67,7540.0,708.0,474.0
SPHL,4/9/2026,548.9,548.9,530.0,545.0,-0.71,5161.0,708.0,474.0
SPHL,4/10/2026,535.0,539.0,530.0,538.5,0.65,4579.0,708.0,474.0
SPHL,4/13/2026,528.1,551.9,528.1,534.0,1.12,7198.0,708.0,474.0
SPHL,4/15/2026,544.6,547.0,536.1,537.5,-1.3,5953.0,708.0,474.0
SPHL,4/16/2026,529.0,547.0,529.0,531.0,0.38,1731.0,708.0,474.0
SPHL,4/17/2026,525.0,541.0,520.0,539.5,2.76,4825.0,708.0,474.0
SPHL,4/20/2026,526.0,533.0,526.0,530.0,0.76,1810.0,708.0,474.0
SPHL,4/21/2026,540.0,543.6,521.0,522.3,-3.28,5180.0,708.0,474.0
SPHL,4/22/2026,537.0,537.0,517.3,524.0,-2.42,4054.0,708.0,474.0
SPHL,4/23/2026,517.5,529.0,517.4,527.9,2.01,2160.0,708.0,474.0
SPHL,4/24/2026,527.9,527.0,513.7,527.0,-0.17,500.0,708.0,474.0
SPHL,4/27/2026,527.0,530.0,514.0,520.0,-1.33,3928.0,708.0,474.0
SPHL,4/28/2026,520.0,523.0,515.0,523.0,0.58,2750.0,708.0,474.0
SPHL,4/29/2026,497.4,519.9,497.4,515.0,3.54,2254.0,708.0,474.0
SPHL,4/30/2026,503.1,517.0,503.1,516.5,2.66,1217.0,708.0,474.0
SPHL,5/4/2026,510.0,515.9,509.0,509.0,-0.2,1744.0,708.0,474.0
SPHL,5/5/2026,500.1,515.0,500.0,504.0,0.78,5022.0,708.0,474.0
SPHL,5/6/2026,519.0,519.0,498.1,504.0,-2.89,2389.0,708.0,474.0
SPHL,5/7/2026,519.1,519.1,504.0,505.5,-2.62,1933.0,708.0,474.0
SPHL,5/8/2026,516.0,516.0,502.1,512.0,-0.78,875.0,708.0,474.0
SPHL,5/11/2026,523.5,523.5,510.0,519.0,-0.86,1987.0,708.0,474.0
SPHL,5/12/2026,530.0,530.0,504.1,504.1,-4.89,2116.0,708.0,474.0
SPHL,5/13/2026,510.0,517.9,505.0,514.0,0.78,1884.0,708.0,474.0
SPHL,5/14/2026,519.0,519.0,502.3,502.3,-3.22,1061.0,708.0,474.0
SPHL,5/15/2026,517.3,577.0,504.0,507.1,-1.97,2442.0,708.0,474.0
SPHL,5/18/2026,507.0,512.0,499.0,499.2,-1.54,6210.0,708.0,474.0
SPHL,5/19/2026,500.2,514.7,500.1,509.9,1.94,2336.0,708.0,474.0
SPHL,5/20/2026,495.0,517.8,495.0,517.0,4.44,13431.0,708.0,474.0
SPHL,5/21/2026,492.0,568.0,492.0,515.0,4.67,4477.0,708.0,474.0
SPHL,5/22/2026,500.1,525.0,500.1,525.0,4.98,8215.0,708.0,474.0
SPHL,5/25/2026,500.0,543.0,500.0,533.9,6.78,8585.0,708.0,474.0
SPHL,5/26/2026,508.0,559.8,508.0,547.1,7.7,34218.0,708.0,474.0
SPHL,5/27/2026,520.0,567.0,520.0,547.0,5.19,7082.0,708.0,474.0
SPHL,6/1/2026,543.0,547.9,531.5,544.0,0.18,18151.0,708.0,474.0
SPHL,6/2/2026,540.0,582.0,532.0,578.9,7.2,25949.0,708.0,474.0
SPHL,6/3/2026,567.0,625.0,562.0,619.7,9.29,94653.0,708.0,474.0
SPHL,6/4/2026,613.0,646.0,613.0,630.0,2.77,80156.0,708.0,474.0
SPHL,6/5/2026,600.0,708.0,595.0,632.0,5.33,84628.0,708.0,474.0
SPHL,6/8/2026,613.0,668.0,582.0,594.0,-3.1,15298.0,708.0,474.0
SPHL,6/9/2026,585.0,602.0,571.2,602.0,2.91,13157.0,708.0,474.0
SPHL,6/10/2026,590.0,600.0,579.0,592.0,0.34,15510.0,708.0,474.0
SPHL,6/11/2026,582.0,615.0,580.1,609.9,4.79,66593.0,708.0,474.0
SPHL,6/12/2026,587.0,652.0,586.4,603.9,2.88,27471.0,708.0,474.0
SPHL,6/15/2026,590.0,634.9,574.0,633.0,7.29,62512.0,708.0,474.0
SPHL,6/16/2026,620.0,625.0,602.0,602.0,-2.9,70422.0,708.0,474.0
SPHL,6/17/2026,585.0,614.9,585.0,606.0,3.59,25498.0,708.0,474.0
SPHL,6/18/2026,588.4,606.0,582.2,599.7,1.92,24694.0,708.0,474.0
SPHL,6/19/2026,585.0,602.5,571.0,599.8,2.53,18271.0,708.0,474.0
SPHL,6/22/2026,585.0,600.0,570.2,590.0,0.85,4809.0,708.0,474.0
SPHL,6/23/2026,575.0,585.9,570.1,580.0,0.87,10551.0,708.0,474.0
SPHL,6/24/2026,551.0,581.7,535.0,581.0,5.44,18082.0,708.0,474.0
SPHL,6/26/2026,570.0,575.0,555.0,569.7,-0.05,7074.0,708.0,474.0
SPHL,6/29/2026,579.0,579.0,545.1,563.0,-2.76,4978.0,708.0,474.0
SPHL,6/30/2026,585.0,585.0,540.0,577.0,-1.37,8800.0,708.0,474.0
SPHL,7/1/2026,560.0,594.0,548.2,577.0,3.04,25095.0,708.0,474.0
SPHL,7/2/2026,560.0,576.0,560.0,570.0,1.79,5667.0,708.0,474.0
SPHL,7/3/2026,555.0,586.0,555.0,573.0,3.24,11542.0,708.0,474.0
SPHL,7/6/2026,601.6,601.6,532.8,560.0,-6.91,6586.0,708.0,474.0
SPHL,7/7/2026,551.0,560.0,545.0,546.3,-0.85,2120.0,708.0,474.0
SPHL,7/8/2026,550.0,559.0,535.0,554.9,0.89,12168.0,708.0,474.0
SPHL,7/9/2026,545.0,550.0,530.0,545.9,0.17,3068.0,708.0,474.0
SPHL,7/10/2026,540.0,549.9,500.0,546.0,1.11,2284.0,708.0,474.0
SPHL,7/13/2026,540.0,541.0,525.0,534.8,-0.96,3561.0,708.0,474.0
SPHL,7/14/2026,520.0,544.9,519.0,534.0,2.69,17583.0,708.0,474.0
SPHL,7/15/2026,526.0,544.0,513.0,530.0,0.76,4451.0,708.0,474.0
SPHL,7/16/2026,515.4,593.0,490.0,575.3,11.62,12638.0,708.0,474.0
SPHL,7/17/2026,547.0,592.0,515.0,560.8,2.52,11799.0,708.0,474.0
SPHL,7/20/2026,550.0,554.0,537.0,554.0,0.73,6374.0,708.0,474.0
SPHL,7/21/2026,550.0,552.0,536.1,545.0,-0.91,9824.0,708.0,474.0
SPHL,7/22/2026,535.0,546.0,527.0,546.0,2.06,5232.0,708.0,474.0
SPHL,7/23/2026,520.0,558.0,520.0,553.7,6.48,12034.0,708.0,474.0
SPHL,7/24/2026,538.3,556.0,530.0,544.0,1.06,7475.0,708.0,474.0
SPHL,7/27/2026,533.0,545.0,522.0,535.0,0.38,4940.0,708.0,474.0
SPHL,7/28/2026,520.1,540.0,520.1,536.9,3.23,18969.0,708.0,474.0
SPHL,7/29/2026,522.5,543.0,522.5,528.0,1.05,1446.0,708.0,474.0
SPHL,7/30/2026,520.1,556.2,520.1,536.0,3.06,2890.0,708.0,474.0
SPHL,7/31/2026,520.0,565.0,515.0,539.6,3.77,5770.0,708.0,474.0
SPHL,8/3/2026,525.0,548.0,520.0,539.5,2.76,5739.0,708.0,474.0
SPHL,8/4/2026,522.0,590.0,522.0,539.0,3.26,4028.0,708.0,474.0
SPHL,8/5/2026,523.0,538.0,523.0,533.0,1.91,4656.0,708.0,474.0
SPHL,8/6/2026,522.1,532.0,520.0,520.0,-0.4,2656.0,708.0,474.0
SPHL,8/7/2026,520.0,524.9,511.0,524.0,0.77,8181.0,708.0,474.0
SPHL,8/10/2026,510.0,526.8,510.0,520.0,1.96,1328.0,708.0,474.0
SPHL,8/11/2026,506.0,524.0,506.0,521.7,3.1,6183.0,708.0,474.0
SPHL,8/12/2026,517.0,522.9,510.5,519.9,0.56,3101.0,708.0,474.0
SPHL,8/13/2026,520.0,534.9,511.0,530.7,2.06,11100.0,708.0,474.0
SPHL,8/14/2026,520.0,539.0,520.0,532.0,2.31,3126.0,708.0,474.0
SPHL,8/17/2026,558.0,558.0,519.0,526.5,-5.65,5327.0,708.0,474.0
SPHL,8/18/2026,513.1,533.9,513.0,524.0,2.12,8452.0,708.0,474.0
SPHL,8/19/2026,535.0,535.0,505.0,515.0,-3.74,3294.0,708.0,474.0
SPHL,8/20/2026,500.0,545.0,500.0,530.9,6.18,10386.0,708.0,474.0
SPHL,8/21/2026,515.0,529.0,515.0,527.9,2.5,3907.0,708.0,474.0
SPHL,8/24/2026,515.0,572.0,510.0,561.0,8.93,10568.0,708.0,474.0
SPHL,8/25/2026,533.0,600.0,505.0,580.0,8.82,15160.0,708.0,474.0
SPHL,8/26/2026,551.0,579.0,512.0,522.0,-5.26,12515.0,708.0,474.0
SPHL,8/27/2026,512.0,537.0,508.0,523.0,2.15,2683.0,708.0,474.0
SPHL,8/31/2026,510.0,540.0,495.0,540.0,5.88,8262.0,708.0,474.0
SPHL,9/1/2026,513.0,537.0,490.0,521.0,1.56,15036.0,708.0,474.0
SPHL,9/2/2026,510.0,524.0,501.6,517.0,1.37,2915.0,708.0,474.0
SPHL,9/3/2026,515.0,522.0,505.6,518.0,0.58,13060.0,708.0,474.0
SPHL,9/7/2026,505.5,519.8,505.0,514.0,1.68,4307.0,708.0,474.0
SPHL,9/9/2026,525.0,525.0,487.8,514.0,-2.1,5226.0,708.0,474.0
SPHL,9/10/2026,502.6,513.4,502.6,513.4,2.15,2907.0,708.0,474.0
SPHL,9/11/2026,500.0,519.7,500.0,516.0,3.2,13535.0,708.0,474.0
SPHL,9/14/2026,500.0,528.7,500.0,524.9,4.98,7453.0,708.0,474.0
SPHL,9/15/2026,551.0,551.0,516.0,526.9,-4.37,7655.0,708.0,474.0
SPHL,9/16/2026,521.0,524.9,509.0,515.0,-1.15,6691.0,708.0,474.0
SPHL,9/17/2026,505.0,521.0,500.0,515.9,2.16,3519.0,708.0,474.0
SPHL,9/18/2026,505.0,515.0,505.0,513.9,1.76,5485.0,708.0,474.0
SPHL,9/22/2026,505.5,520.0,505.5,512.1,1.31,6647.0,708.0,474.0
SPHL,9/23/2026,505.6,516.9,505.6,513.9,1.64,9536.0,708.0,474.0
SPHL,9/24/2026,507.2,515.9,503.0,512.0,0.95,9770.0,708.0,474.0
SPHL,9/28/2026,503.0,508.0,486.0,501.0,-0.4,24460.0,708.0,474.0
SPHL,9/29/2026,488.0,497.9,474.0,0.0,-100.0,12367.0,708.0,474.0
SPHL,9/30/2026,508.3,580.0,493.1,580.0,14.11,29647.0,708.0,474.0
SPHL,10/1/2026,551.0,565.0,510.0,524.0,-4.9,21299.0,708.0,474.0
SPHL,10/2/2026,515.0,516.0,505.0,513.0,-0.39,6915.0,708.0,474.0
SPIL,12/21/2025,747.6,747.6,725.0,734.9,,11397.0,770.7,560.1
SPIL,12/22/2025,735.0,738.0,721.2,736.0,0.15,4279.0,770.7,560.1
SPIL,12/23/2025,735.0,739.0,735.0,737.2,0.16,6632.0,770.7,560.1
SPIL,12/24/2025,733.0,742.9,725.2,740.0,0.38,9018.0,770.7,560.1
SPIL,12/28/2025,740.0,752.9,740.0,752.0,1.62,19251.0,770.7,560.1
SPIL,12/29/2025,759.0,760.6,749.1,751.6,-0.05,20577.0,770.7,560.1
SPIL,12/31/2025,754.0,760.0,752.1,758.0,0.85,29115.0,770.7,560.1
SPIL,1/1/2026,760.0,770.7,752.2,759.0,0.13,86592.0,770.7,560.1
SPIL,1/4/2026,743.9,743.9,707.1,729.0,-3.95,12685.0,770.7,560.1
SPIL,1/5/2026,716.0,719.1,702.0,717.0,-1.65,15547.0,770.7,560.1
SPIL,1/6/2026,730.8,730.8,708.0,714.5,-0.35,8594.0,770.7,560.1
SPIL,1/7/2026,710.0,718.0,708.2,713.0,-0.21,9076.0,770.7,560.1
SPIL,1/8/2026,713.0,713.0,700.1,711.0,-0.28,4475.0,770.7,560.1
SPIL,1/12/2026,705.0,715.0,705.0,714.6,0.51,4718.0,770.7,560.1
SPIL,1/13/2026,716.8,716.8,705.0,716.8,0.31,5862.0,770.7,560.1
SPIL,1/14/2026,710.5,719.9,710.5,717.0,0.03,4304.0,770.7,560.1
SPIL,1/18/2026,724.7,724.7,712.0,720.0,0.42,5354.0,770.7,560.1
SPIL,1/20/2026,720.0,763.0,715.0,739.4,2.69,19976.0,770.7,560.1
SPIL,1/21/2026,726.0,740.0,725.0,736.0,-0.46,10688.0,770.7,560.1
SPIL,1/22/2026,744.5,744.5,720.3,739.0,0.41,11589.0,770.7,560.1
SPIL,1/25/2026,741.0,745.0,724.4,739.8,0.11,28358.0,770.7,560.1
SPIL,1/26/2026,736.1,748.0,734.1,736.0,-0.51,18842.0,770.7,560.1
SPIL,1/27/2026,730.0,730.0,710.8,719.0,-2.31,15749.0,770.7,560.1
SPIL,1/28/2026,733.3,733.3,712.0,722.0,0.42,5626.0,770.7,560.1
SPIL,1/29/2026,736.4,736.4,712.0,713.0,-1.25,10976.0,770.7,560.1
SPIL,2/1/2026,716.0,716.0,705.0,713.0,0.0,4589.0,770.7,560.1
SPIL,2/2/2026,705.2,714.0,705.1,706.0,-0.98,2277.0,770.7,560.1
SPIL,2/3/2026,706.0,710.0,702.5,709.0,0.42,2758.0,770.7,560.1
SPIL,2/4/2026,715.0,723.0,710.2,711.3,0.32,1421.0,770.7,560.1
SPIL,2/5/2026,706.0,712.8,700.0,711.0,-0.04,4862.0,770.7,560.1
SPIL,2/8/2026,704.0,725.0,702.5,715.0,0.56,8954.0,770.7,560.1
SPIL,2/9/2026,704.0,710.0,690.0,700.0,-2.1,18888.0,770.7,560.1
SPIL,2/10/2026,688.0,704.8,686.1,686.1,-1.99,8166.0,770.7,560.1
SPIL,2/11/2026,699.8,712.0,680.0,689.0,0.42,4874.0,770.7,560.1
SPIL,2/12/2026,680.0,698.7,680.0,694.9,0.86,3762.0,770.7,560.1
SPIL,2/16/2026,696.0,696.0,682.1,689.7,-0.75,2859.0,770.7,560.1
SPIL,2/17/2026,690.0,690.0,678.0,686.9,-0.41,2984.0,770.7,560.1
SPIL,2/22/2026,680.0,695.0,680.0,685.0,-0.28,4041.0,770.7,560.1
SPIL,2/23/2026,687.0,687.0,679.9,680.0,-0.73,6653.0,770.7,560.1
SPIL,2/24/2026,680.0,680.0,670.5,679.1,-0.13,3455.0,770.7,560.1
SPIL,2/25/2026,692.0,704.0,675.0,682.0,0.43,7712.0,770.7,560.1
SPIL,2/26/2026,668.7,724.2,668.6,701.0,2.79,8555.0,770.7,560.1
SPIL,2/27/2026,668.7,724.2,668.6,701.0,0.0,8555.0,770.7,560.1
SPIL,2/28/2026,668.7,724.2,668.6,701.0,0.0,8555.0,770.7,560.1
SPIL,3/2/2026,687.0,711.0,687.0,701.0,0.0,4617.0,770.7,560.1
SPIL,3/3/2026,690.0,711.0,690.0,710.0,1.28,3514.0,770.7,560.1
SPIL,3/4/2026,690.0,711.0,690.0,710.0,0.0,3514.0,770.7,560.1
SPIL,3/5/2026,690.0,711.0,690.0,710.0,0.0,3514.0,770.7,560.1
SPIL,3/6/2026,690.0,711.0,690.0,710.0,0.0,3514.0,770.7,560.1
SPIL,3/7/2026,690.0,711.0,690.0,710.0,0.0,3514.0,770.7,560.1
SPIL,3/8/2026,690.0,711.0,690.0,710.0,0.0,3514.0,770.7,560.1
SPIL,3/9/2026,724.2,753.3,724.2,753.3,6.1,141.0,770.7,560.1
SPIL,3/10/2026,768.3,768.3,718.0,736.0,-2.3,18425.0,770.7,560.1
SPIL,3/11/2026,739.0,740.0,730.1,730.2,-0.79,9198.0,770.7,560.1
SPIL,3/12/2026,716.0,733.8,716.0,731.0,0.11,4479.0,770.7,560.1
SPIL,3/13/2026,716.0,733.8,716.0,731.0,0.0,4479.0,770.7,560.1
SPIL,3/14/2026,716.0,733.8,716.0,731.0,0.0,4479.0,770.7,560.1
SPIL,3/15/2026,738.0,740.0,721.0,733.0,0.27,9729.0,770.7,560.1
SPIL,3/16/2026,725.1,730.0,719.0,725.0,-1.09,2456.0,770.7,560.1
SPIL,3/17/2026,725.0,725.0,715.0,724.0,-0.14,1456.0,770.7,560.1
SPIL,3/18/2026,725.0,725.0,715.0,724.0,0.0,1456.0,770.7,560.1
SPIL,3/19/2026,725.1,733.9,725.0,733.0,1.24,13027.0,770.7,560.1
SPIL,3/20/2026,725.1,733.9,725.0,733.0,0.0,13027.0,770.7,560.1
SPIL,3/21/2026,725.1,733.9,725.0,733.0,0.0,13027.0,770.7,560.1
SPIL,3/22/2026,741.0,747.5,739.0,747.0,1.91,46437.0,770.7,560.1
SPIL,3/23/2026,749.0,749.0,737.4,745.0,-0.27,5508.0,770.7,560.1
SPIL,3/24/2026,749.0,750.0,740.0,749.0,0.54,8470.0,770.7,560.1
SPIL,3/25/2026,745.0,763.9,735.0,750.0,0.13,28231.0,770.7,560.1
SPIL,3/26/2026,748.0,750.0,741.1,750.0,0.27,15181.0,770.7,560.1
SPIL,3/29/2026,750.0,752.0,734.0,750.0,0.0,20069.0,770.7,560.1
SPIL,3/30/2026,745.0,750.0,720.6,730.0,-2.01,12386.0,770.7,560.1
SPIL,3/31/2026,720.1,736.9,720.1,736.9,2.33,6001.0,770.7,560.1
SPIL,4/1/2026,735.0,735.0,707.6,715.0,-2.72,13227.0,770.7,560.1
SPIL,4/2/2026,705.0,718.0,700.0,706.0,0.14,6538.0,770.7,560.1
SPIL,4/5/2026,692.0,700.0,680.0,695.0,0.43,12264.0,770.7,560.1
SPIL,4/6/2026,685.0,715.0,685.0,711.0,3.8,13578.0,770.7,560.1
SPIL,4/7/2026,711.0,717.0,696.8,704.9,-0.86,4895.0,770.7,560.1
SPIL,4/8/2026,716.0,716.0,704.4,709.0,-0.98,3865.0,770.7,560.1
SPIL,4/9/2026,709.0,718.5,709.0,715.0,0.85,2592.0,770.7,560.1
SPIL,4/10/2026,710.0,720.0,710.0,720.0,1.41,27156.0,770.7,560.1
SPIL,4/13/2026,705.7,754.0,705.7,754.0,6.84,5842.0,770.7,560.1
SPIL,4/15/2026,765.0,765.0,712.0,750.7,-1.87,10095.0,770.7,560.1
SPIL,4/16/2026,748.3,748.3,721.0,723.0,-3.38,8398.0,770.7,560.1
SPIL,4/17/2026,723.0,727.0,712.2,716.0,-0.97,972.0,770.7,560.1
SPIL,4/20/2026,715.0,730.0,710.1,710.1,-0.69,1924.0,770.7,560.1
SPIL,4/21/2026,731.4,752.0,705.0,710.0,-2.93,1439.0,770.7,560.1
SPIL,4/22/2026,745.5,745.5,696.0,719.0,-3.55,28511.0,770.7,560.1
SPIL,4/23/2026,717.0,719.0,700.1,718.0,0.14,5162.0,770.7,560.1
SPIL,4/24/2026,705.0,711.0,705.0,710.0,0.71,6600.0,770.7,560.1
SPIL,4/27/2026,745.5,745.5,707.2,709.0,-4.9,1532.0,770.7,560.1
SPIL,4/28/2026,709.0,720.0,707.1,720.0,1.55,1406.0,770.7,560.1
SPIL,4/29/2026,720.0,712.0,705.0,711.5,-1.18,10038.0,770.7,560.1
SPIL,4/30/2026,707.0,707.0,698.0,701.0,-0.85,2038.0,770.7,560.1
SPIL,5/4/2026,695.0,715.0,693.6,694.2,-0.12,5661.0,770.7,560.1
SPIL,5/5/2026,677.0,700.0,677.0,700.0,3.4,3612.0,770.7,560.1
SPIL,5/6/2026,700.0,703.0,700.0,703.0,0.43,487.0,770.7,560.1
SPIL,5/7/2026,724.0,724.0,695.0,695.0,-4.01,2591.0,770.7,560.1
SPIL,5/8/2026,685.0,715.0,685.0,705.9,3.05,5262.0,770.7,560.1
SPIL,5/11/2026,685.1,715.0,685.1,715.0,4.36,6289.0,770.7,560.1
SPIL,5/12/2026,696.1,716.0,696.0,716.0,2.86,3036.0,770.7,560.1
SPIL,5/13/2026,716.0,716.0,695.3,714.0,-0.28,5837.0,770.7,560.1
SPIL,5/14/2026,700.0,727.5,696.0,710.1,1.44,3106.0,770.7,560.1
SPIL,5/15/2026,702.0,718.9,700.2,709.9,1.13,5904.0,770.7,560.1
SPIL,5/18/2026,720.0,720.0,699.0,700.6,-2.69,790.0,770.7,560.1
SPIL,5/19/2026,702.0,709.9,702.0,708.0,0.85,595.0,770.7,560.1
SPIL,5/20/2026,700.0,713.4,700.0,706.0,0.86,4313.0,770.7,560.1
SPIL,5/21/2026,701.0,710.0,700.0,701.0,0.0,6922.0,770.7,560.1
SPIL,5/22/2026,701.0,710.0,698.0,709.8,1.26,558.0,770.7,560.1
SPIL,5/25/2026,707.2,715.9,707.2,715.9,1.23,6148.0,770.7,560.1
SPIL,5/26/2026,706.1,721.0,706.1,718.5,1.76,2916.0,770.7,560.1
SPIL,5/27/2026,718.5,724.0,714.0,720.0,0.21,4061.0,770.7,560.1
SPIL,6/1/2026,700.0,764.0,700.0,724.0,3.43,6721.0,770.7,560.1
SPIL,6/2/2026,687.8,740.0,687.8,724.0,5.26,15328.0,770.7,560.1
SPIL,6/3/2026,745.0,760.0,730.0,745.1,0.01,32211.0,770.7,560.1
SPIL,6/4/2026,730.1,761.9,730.1,736.0,0.81,8177.0,770.7,560.1
SPIL,6/5/2026,700.0,750.0,700.0,740.7,5.81,6116.0,770.7,560.1
SPIL,6/8/2026,735.5,744.0,720.0,736.9,0.19,9788.0,770.7,560.1
SPIL,6/9/2026,730.0,735.0,715.2,734.6,0.63,12224.0,770.7,560.1
SPIL,6/10/2026,734.6,734.6,717.0,734.4,-0.03,5321.0,770.7,560.1
SPIL,6/11/2026,714.1,735.5,714.1,730.0,2.23,4068.0,770.7,560.1
SPIL,6/12/2026,739.0,739.0,717.3,730.0,-1.22,3877.0,770.7,560.1
SPIL,6/15/2026,744.0,744.0,715.0,731.7,-1.65,3023.0,770.7,560.1
SPIL,6/16/2026,710.0,730.0,710.0,725.0,2.11,8484.0,770.7,560.1
SPIL,6/17/2026,711.8,725.0,711.8,724.4,1.77,1027.0,770.7,560.1
SPIL,6/18/2026,724.4,725.0,708.1,716.4,-1.1,1517.0,770.7,560.1
SPIL,6/19/2026,712.1,728.9,712.1,722.0,1.39,629.0,770.7,560.1
SPIL,6/22/2026,722.0,725.0,711.0,711.6,-1.44,3340.0,770.7,560.1
SPIL,6/23/2026,730.0,730.0,710.0,710.3,-2.7,777.0,770.7,560.1
SPIL,6/24/2026,694.1,713.9,694.1,708.9,2.13,2230.0,770.7,560.1
SPIL,6/26/2026,704.0,706.0,700.0,705.0,0.14,2552.0,770.7,560.1
SPIL,6/29/2026,693.5,699.9,664.0,685.1,-1.21,7502.0,770.7,560.1
SPIL,6/30/2026,681.0,689.0,679.0,685.0,0.59,2790.0,770.7,560.1
SPIL,7/1/2026,699.0,700.0,683.1,700.0,0.14,2284.0,770.7,560.1
SPIL,7/2/2026,713.8,713.8,681.0,691.0,-3.19,2712.0,770.7,560.1
SPIL,7/3/2026,682.0,699.0,682.0,695.0,1.91,1588.0,770.7,560.1
SPIL,7/6/2026,675.0,695.0,675.0,690.0,2.22,8180.0,770.7,560.1
SPIL,7/7/2026,690.0,693.9,685.2,693.9,0.57,7589.0,770.7,560.1
SPIL,7/8/2026,688.9,695.0,680.2,689.0,0.01,4704.0,770.7,560.1
SPIL,7/9/2026,688.0,694.0,685.1,694.0,0.87,6962.0,770.7,560.1
SPIL,7/10/2026,694.0,694.0,685.0,686.5,-1.08,787.0,770.7,560.1
SPIL,7/13/2026,685.0,689.8,685.0,689.8,0.7,11675.0,770.7,560.1
SPIL,7/14/2026,685.0,698.8,680.1,684.1,-0.13,12308.0,770.7,560.1
SPIL,7/15/2026,684.0,700.0,677.1,700.0,2.34,15422.0,770.7,560.1
SPIL,7/16/2026,690.1,741.0,682.5,741.0,7.38,7889.0,770.7,560.1
SPIL,7/17/2026,719.0,730.0,705.0,725.0,0.83,448.0,770.7,560.1
SPIL,7/20/2026,710.0,724.0,705.0,724.0,1.97,4367.0,770.7,560.1
SPIL,7/21/2026,725.0,725.0,711.0,715.0,-1.38,2068.0,770.7,560.1
SPIL,7/22/2026,715.0,720.0,700.1,715.0,0.0,12469.0,770.7,560.1
SPIL,7/23/2026,715.0,715.0,707.0,710.0,-0.7,533.0,770.7,560.1
SPIL,7/24/2026,703.0,714.4,703.0,710.0,1.0,2443.0,770.7,560.1
SPIL,7/27/2026,704.5,711.0,704.0,705.0,0.07,5332.0,770.7,560.1
SPIL,7/28/2026,710.0,718.0,684.3,718.0,1.13,3006.0,770.7,560.1
SPIL,7/29/2026,697.0,760.1,680.0,700.0,0.43,17007.0,770.7,560.1
SPIL,7/30/2026,699.0,704.0,690.0,700.0,0.14,2709.0,770.7,560.1
SPIL,7/31/2026,690.0,707.0,685.3,705.9,2.3,597.0,770.7,560.1
SPIL,8/3/2026,715.0,720.0,699.0,700.0,-2.1,883.0,770.7,560.1
SPIL,8/4/2026,683.4,695.0,683.4,695.0,1.7,7943.0,770.7,560.1
SPIL,8/5/2026,695.0,695.0,687.7,693.9,-0.16,653.0,770.7,560.1
SPIL,8/6/2026,682.1,697.0,680.0,687.0,0.72,1689.0,770.7,560.1
SPIL,8/7/2026,685.1,690.0,685.0,690.0,0.72,7183.0,770.7,560.1
SPIL,8/10/2026,685.0,686.0,685.0,685.5,0.07,358.0,770.7,560.1
SPIL,8/11/2026,674.0,695.0,674.0,683.1,1.35,7935.0,770.7,560.1
SPIL,8/12/2026,677.0,694.0,677.0,694.0,2.51,3464.0,770.7,560.1
SPIL,8/13/2026,690.0,697.8,682.1,697.8,1.13,882.0,770.7,560.1
SPIL,8/14/2026,680.5,697.0,680.5,696.6,2.37,1870.0,770.7,560.1
SPIL,8/17/2026,681.2,685.5,681.2,685.1,0.57,1359.0,770.7,560.1
SPIL,8/18/2026,719.3,719.3,678.0,681.0,-5.32,2964.0,770.7,560.1
SPIL,8/19/2026,681.0,681.0,675.4,680.0,-0.15,4772.0,770.7,560.1
SPIL,8/20/2026,714.0,728.2,678.0,685.0,-4.06,4999.0,770.7,560.1
SPIL,8/21/2026,685.0,685.0,678.0,678.0,-1.02,2652.0,770.7,560.1
SPIL,8/24/2026,676.0,676.0,666.0,666.1,-1.46,5703.0,770.7,560.1
SPIL,8/25/2026,662.1,667.0,662.0,666.0,0.59,7794.0,770.7,560.1
SPIL,8/26/2026,666.0,666.0,635.1,640.0,-3.9,10013.0,770.7,560.1
SPIL,8/27/2026,625.0,625.0,606.3,625.0,0.0,8797.0,770.7,560.1
SPIL,8/31/2026,611.1,613.0,580.1,588.0,-3.78,15057.0,770.7,560.1
SPIL,9/1/2026,571.1,600.0,571.0,596.0,4.36,3717.0,770.7,560.1
SPIL,9/2/2026,580.0,604.6,570.0,604.4,4.21,4155.0,770.7,560.1
SPIL,9/3/2026,605.0,605.0,595.0,595.3,-1.6,1456.0,770.7,560.1
SPIL,9/7/2026,590.0,600.0,588.2,599.9,1.68,9818.0,770.7,560.1
SPIL,9/9/2026,600.0,600.0,588.0,588.0,-2.0,2693.0,770.7,560.1
SPIL,9/10/2026,588.0,588.0,573.0,577.0,-1.87,1600.0,770.7,560.1
SPIL,9/11/2026,577.0,577.0,560.1,577.0,0.0,2640.0,770.7,560.1
SPIL,9/14/2026,577.0,609.7,571.1,604.0,4.68,1931.0,770.7,560.1
SPIL,9/15/2026,622.0,653.0,620.0,639.0,2.73,45256.0,770.7,560.1
SPIL,9/16/2026,640.0,640.0,623.7,635.4,-0.72,1908.0,770.7,560.1
SPIL,9/17/2026,622.2,636.0,622.2,635.0,2.06,4328.0,770.7,560.1
SPIL,9/18/2026,649.0,649.0,616.0,635.0,-2.16,3755.0,770.7,560.1
SPIL,9/22/2026,625.1,644.8,625.1,633.0,1.26,1240.0,770.7,560.1
SPIL,9/23/2026,629.0,630.0,625.0,630.0,0.16,1424.0,770.7,560.1
SPIL,9/24/2026,635.7,635.7,614.0,623.0,-2.0,2347.0,770.7,560.1
SPIL,9/28/2026,613.0,619.0,610.0,610.1,-0.47,4222.0,770.7,560.1
SPIL,9/29/2026,602.1,620.0,602.1,0.0,-100.0,826.0,770.7,560.1
SPIL,9/30/2026,603.0,620.8,603.0,609.0,1.0,2618.0,770.7,560.1
SPIL,10/1/2026,605.4,617.0,605.0,608.0,0.43,3641.0,770.7,560.1
SPIL,10/2/2026,625.0,625.0,610.2,610.2,-2.37,3979.0,770.7,560.1
SPL,12/21/2025,835.0,836.5,820.0,820.0,,2508.0,984.6,570.0
SPL,12/22/2025,817.0,847.0,817.0,825.1,0.62,1700.0,984.6,570.0
SPL,12/23/2025,825.1,825.1,818.2,820.3,-0.58,1090.0,984.6,570.0
SPL,12/24/2025,819.5,823.0,819.5,821.2,0.11,1090.0,984.6,570.0
SPL,12/28/2025,837.6,859.0,815.0,848.0,3.26,7564.0,984.6,570.0
SPL,12/29/2025,850.0,854.8,838.1,853.0,0.59,979.0,984.6,570.0
SPL,12/31/2025,840.0,850.0,834.0,835.0,-2.11,220.0,984.6,570.0
SPL,1/1/2026,820.2,839.2,820.2,827.0,-0.96,1701.0,984.6,570.0
SPL,1/4/2026,815.0,821.0,802.1,812.0,-1.81,2290.0,984.6,570.0
SPL,1/5/2026,798.4,822.9,798.3,819.0,0.86,1369.0,984.6,570.0
SPL,1/6/2026,803.0,863.1,803.0,823.0,0.49,4000.0,984.6,570.0
SPL,1/7/2026,807.0,870.0,807.0,845.0,2.67,3174.0,984.6,570.0
SPL,1/8/2026,828.7,900.0,828.7,867.1,2.62,4349.0,984.6,570.0
SPL,1/12/2026,850.5,864.0,840.3,848.2,-2.18,1519.0,984.6,570.0
SPL,1/13/2026,836.6,854.0,836.3,845.0,-0.38,1142.0,984.6,570.0
SPL,1/14/2026,828.1,875.0,815.1,856.9,1.41,2902.0,984.6,570.0
SPL,1/18/2026,840.5,858.0,840.5,850.1,-0.79,670.0,984.6,570.0
SPL,1/20/2026,834.5,851.1,834.5,848.0,-0.25,1779.0,984.6,570.0
SPL,1/21/2026,831.5,869.5,831.5,869.5,2.54,4642.0,984.6,570.0
SPL,1/22/2026,852.2,917.0,852.2,893.5,2.76,7793.0,984.6,570.0
SPL,1/25/2026,876.4,929.0,840.5,890.0,-0.39,7020.0,984.6,570.0
SPL,1/26/2026,872.2,961.0,855.0,918.0,3.15,11111.0,984.6,570.0
SPL,1/27/2026,901.5,901.5,866.7,880.0,-4.14,2640.0,984.6,570.0
SPL,1/28/2026,863.1,865.0,850.0,862.0,-2.05,1676.0,984.6,570.0
SPL,1/29/2026,846.0,913.0,845.0,913.0,5.92,5061.0,984.6,570.0
SPL,2/1/2026,896.3,896.3,844.3,862.0,-5.59,3834.0,984.6,570.0
SPL,2/2/2026,845.5,865.0,829.0,850.4,-1.35,3866.0,984.6,570.0
SPL,2/3/2026,834.3,863.0,834.3,849.8,-0.07,2539.0,984.6,570.0
SPL,2/4/2026,833.0,861.8,833.0,860.0,1.2,3875.0,984.6,570.0
SPL,2/5/2026,872.8,874.0,852.0,866.0,0.7,1497.0,984.6,570.0
SPL,2/8/2026,866.0,880.0,852.3,854.0,-1.39,7956.0,984.6,570.0
SPL,2/9/2026,865.0,867.0,810.0,860.0,0.7,10492.0,984.6,570.0
SPL,2/10/2026,845.0,918.0,774.0,853.0,-0.81,40488.0,984.6,570.0
SPL,2/11/2026,860.0,860.0,800.0,800.0,-6.21,7612.0,984.6,570.0
SPL,2/12/2026,796.0,810.0,769.0,799.0,-0.12,22771.0,984.6,570.0
SPL,2/16/2026,790.0,790.0,771.1,773.0,-3.25,12282.0,984.6,570.0
SPL,2/17/2026,770.1,770.5,750.6,751.0,-2.85,32596.0,984.6,570.0
SPL,2/22/2026,741.0,768.0,725.1,739.0,-1.6,11734.0,984.6,570.0
SPL,2/23/2026,725.1,735.0,715.0,715.6,-3.17,8795.0,984.6,570.0
SPL,2/24/2026,702.0,730.0,696.3,725.0,1.31,16316.0,984.6,570.0
SPL,2/25/2026,738.5,749.0,726.0,743.8,2.59,2606.0,984.6,570.0
SPL,2/26/2026,735.0,735.0,722.0,732.0,-1.59,3057.0,984.6,570.0
SPL,2/27/2026,735.0,735.0,722.0,732.0,0.0,3057.0,984.6,570.0
SPL,2/28/2026,735.0,735.0,722.0,732.0,0.0,3057.0,984.6,570.0
SPL,3/2/2026,718.1,739.0,705.1,726.0,-0.82,1615.0,984.6,570.0
SPL,3/3/2026,726.0,753.0,707.6,707.6,-2.53,9449.0,984.6,570.0
SPL,3/4/2026,726.0,753.0,707.6,707.6,0.0,9449.0,984.6,570.0
SPL,3/5/2026,726.0,753.0,707.6,707.6,0.0,9449.0,984.6,570.0
SPL,3/6/2026,726.0,753.0,707.6,707.6,0.0,9449.0,984.6,570.0
SPL,3/7/2026,726.0,753.0,707.6,707.6,0.0,9449.0,984.6,570.0
SPL,3/8/2026,726.0,753.0,707.6,707.6,0.0,9449.0,984.6,570.0
SPL,3/9/2026,721.0,778.0,721.0,778.0,9.95,50.0,984.6,570.0
SPL,3/10/2026,779.0,779.0,736.7,745.0,-4.24,34131.0,984.6,570.0
SPL,3/11/2026,731.8,775.0,731.8,749.0,0.54,9305.0,984.6,570.0
SPL,3/12/2026,736.2,750.0,736.2,746.1,-0.39,10173.0,984.6,570.0
SPL,3/13/2026,736.2,750.0,736.2,746.1,0.0,10173.0,984.6,570.0
SPL,3/14/2026,736.2,750.0,736.2,746.1,0.0,10173.0,984.6,570.0
SPL,3/15/2026,741.0,750.0,735.0,736.0,-1.35,9733.0,984.6,570.0
SPL,3/16/2026,737.1,754.0,737.1,752.9,2.3,18162.0,984.6,570.0
SPL,3/17/2026,750.0,764.6,737.0,745.0,-1.05,16031.0,984.6,570.0
SPL,3/18/2026,750.0,764.6,737.0,745.0,0.0,16031.0,984.6,570.0
SPL,3/19/2026,732.0,773.0,732.0,754.0,1.21,39953.0,984.6,570.0
SPL,3/20/2026,732.0,773.0,732.0,754.0,0.0,39953.0,984.6,570.0
SPL,3/21/2026,732.0,773.0,732.0,754.0,0.0,39953.0,984.6,570.0
SPL,3/22/2026,758.0,769.0,755.0,760.0,0.8,15749.0,984.6,570.0
SPL,3/23/2026,757.3,763.8,748.0,756.0,-0.53,11849.0,984.6,570.0
SPL,3/24/2026,743.0,770.0,743.0,757.0,0.13,12381.0,984.6,570.0
SPL,3/25/2026,753.0,765.0,745.9,760.9,0.52,22959.0,984.6,570.0
SPL,3/26/2026,750.0,805.0,747.1,805.0,7.33,21752.0,984.6,570.0
SPL,3/29/2026,805.0,805.0,757.0,766.0,-4.84,31111.0,984.6,570.0
SPL,3/30/2026,760.0,772.9,746.0,752.0,-1.05,11949.0,984.6,570.0
SPL,3/31/2026,767.0,767.0,737.0,748.0,-2.48,10796.0,984.6,570.0
SPL,4/1/2026,740.2,751.8,720.0,723.0,-2.32,14123.0,984.6,570.0
SPL,4/2/2026,719.0,733.0,714.0,726.0,0.97,7507.0,984.6,570.0
SPL,4/5/2026,716.1,717.0,670.4,670.4,-6.38,9565.0,984.6,570.0
SPL,4/6/2026,680.0,711.0,680.0,705.0,3.68,10931.0,984.6,570.0
SPL,4/7/2026,717.0,722.9,700.0,705.9,-1.55,5188.0,984.6,570.0
SPL,4/8/2026,710.0,723.4,700.3,723.4,1.89,8954.0,984.6,570.0
SPL,4/9/2026,715.0,730.0,715.0,726.9,1.66,4578.0,984.6,570.0
SPL,4/10/2026,719.0,728.1,715.0,724.9,0.82,3075.0,984.6,570.0
SPL,4/13/2026,711.0,745.4,711.0,725.0,1.97,3950.0,984.6,570.0
SPL,4/15/2026,725.0,749.0,721.1,739.0,1.93,4780.0,984.6,570.0
SPL,4/16/2026,750.0,750.0,711.6,723.0,-3.6,3665.0,984.6,570.0
SPL,4/17/2026,709.2,729.0,709.2,729.0,2.79,5359.0,984.6,570.0
SPL,4/20/2026,711.0,731.0,711.0,721.0,1.41,1988.0,984.6,570.0
SPL,4/21/2026,712.0,721.0,704.0,717.0,0.7,3900.0,984.6,570.0
SPL,4/22/2026,717.0,717.0,700.0,711.0,-0.84,3879.0,984.6,570.0
SPL,4/23/2026,710.0,740.0,705.1,721.0,1.55,7681.0,984.6,570.0
SPL,4/24/2026,685.0,739.0,685.0,710.2,3.68,4458.0,984.6,570.0
SPL,4/27/2026,710.2,746.7,705.2,734.0,3.35,12449.0,984.6,570.0
SPL,4/28/2026,730.0,733.0,717.0,724.0,-0.82,1641.0,984.6,570.0
SPL,4/29/2026,724.0,722.9,710.0,719.0,-0.69,856.0,984.6,570.0
SPL,4/30/2026,700.1,719.0,700.1,710.0,1.41,1272.0,984.6,570.0
SPL,5/4/2026,702.1,712.0,693.2,694.0,-1.15,4440.0,984.6,570.0
SPL,5/5/2026,686.1,709.9,686.1,703.0,2.46,2493.0,984.6,570.0
SPL,5/6/2026,684.0,704.4,684.0,696.0,1.75,626.0,984.6,570.0
SPL,5/7/2026,696.0,700.0,680.0,697.0,0.14,2832.0,984.6,570.0
SPL,5/8/2026,700.0,705.0,696.1,700.0,0.0,2660.0,984.6,570.0
SPL,5/11/2026,703.0,714.0,703.0,714.0,1.56,1135.0,984.6,570.0
SPL,5/12/2026,703.1,731.0,703.1,705.0,0.27,1280.0,984.6,570.0
SPL,5/13/2026,686.0,726.0,686.0,726.0,5.83,2834.0,984.6,570.0
SPL,5/14/2026,710.0,718.0,704.5,718.0,1.13,1566.0,984.6,570.0
SPL,5/15/2026,706.0,714.9,704.0,704.0,-0.28,1111.0,984.6,570.0
SPL,5/18/2026,695.5,712.0,695.5,710.0,2.08,2135.0,984.6,570.0
SPL,5/19/2026,710.0,710.0,700.0,700.2,-1.38,4570.0,984.6,570.0
SPL,5/20/2026,720.0,720.0,698.6,706.0,-1.94,14389.0,984.6,570.0
SPL,5/21/2026,699.0,708.0,690.1,708.0,1.29,1844.0,984.6,570.0
SPL,5/22/2026,695.0,709.0,692.3,708.0,1.87,260.0,984.6,570.0
SPL,5/25/2026,705.0,725.0,686.8,718.0,1.84,5149.0,984.6,570.0
SPL,5/26/2026,718.0,718.0,708.2,710.0,-1.11,940.0,984.6,570.0
SPL,5/27/2026,696.0,720.0,696.0,714.0,2.59,1279.0,984.6,570.0
SPL,6/1/2026,700.2,708.9,700.2,708.9,1.24,876.0,984.6,570.0
SPL,6/2/2026,707.0,707.0,698.5,700.9,-0.86,2744.0,984.6,570.0
SPL,6/3/2026,715.0,718.7,701.2,709.0,-0.84,735.0,984.6,570.0
SPL,6/4/2026,705.0,713.5,700.4,700.4,-0.65,973.0,984.6,570.0
SPL,6/5/2026,691.3,720.0,691.3,711.0,2.85,1220.0,984.6,570.0
SPL,6/8/2026,691.0,710.0,680.2,707.9,2.45,5454.0,984.6,570.0
SPL,6/9/2026,688.8,707.5,688.8,700.0,1.63,4875.0,984.6,570.0
SPL,6/10/2026,700.0,712.0,696.0,707.0,1.0,370.0,984.6,570.0
SPL,6/11/2026,700.0,719.9,698.0,704.9,0.7,230.0,984.6,570.0
SPL,6/12/2026,694.0,705.0,694.0,700.0,0.86,1495.0,984.6,570.0
SPL,6/15/2026,688.7,706.5,686.0,690.0,0.19,2055.0,984.6,570.0
SPL,6/16/2026,700.0,700.0,679.9,699.0,-0.14,2822.0,984.6,570.0
SPL,6/17/2026,665.1,702.4,665.1,699.0,5.1,1637.0,984.6,570.0
SPL,6/18/2026,712.0,712.0,681.0,699.0,-1.83,564.0,984.6,570.0
SPL,6/19/2026,710.0,712.0,692.0,693.9,-2.27,934.0,984.6,570.0
SPL,6/22/2026,665.2,700.0,665.2,688.8,3.55,1130.0,984.6,570.0
SPL,6/23/2026,673.0,689.0,671.2,689.0,2.38,1105.0,984.6,570.0
SPL,6/24/2026,671.0,679.0,651.0,679.0,1.19,1900.0,984.6,570.0
SPL,6/26/2026,670.0,670.0,660.0,665.0,-0.75,494.0,984.6,570.0
SPL,6/29/2026,650.1,667.0,645.1,665.9,2.43,1539.0,984.6,570.0
SPL,6/30/2026,655.0,670.0,650.0,670.0,2.29,935.0,984.6,570.0
SPL,7/1/2026,670.0,681.9,652.0,665.0,-0.75,630.0,984.6,570.0
SPL,7/2/2026,675.0,675.0,650.0,668.0,-1.04,924.0,984.6,570.0
SPL,7/3/2026,652.0,664.0,652.0,662.0,1.53,1996.0,984.6,570.0
SPL,7/6/2026,652.1,660.0,650.0,659.0,1.06,2330.0,984.6,570.0
SPL,7/7/2026,673.0,673.0,649.0,664.0,-1.34,1550.0,984.6,570.0
SPL,7/8/2026,697.1,697.1,645.2,665.0,-4.6,1027.0,984.6,570.0
SPL,7/9/2026,655.0,669.0,655.0,659.0,0.61,1875.0,984.6,570.0
SPL,7/10/2026,650.0,659.0,643.1,651.0,0.15,762.0,984.6,570.0
SPL,7/13/2026,669.9,670.0,632.0,649.8,-3.0,19435.0,984.6,570.0
SPL,7/14/2026,630.4,649.0,630.4,641.1,1.7,1488.0,984.6,570.0
SPL,7/15/2026,637.3,660.0,637.2,650.0,1.99,5000.0,984.6,570.0
SPL,7/16/2026,618.0,711.0,618.0,662.0,7.12,6146.0,984.6,570.0
SPL,7/17/2026,673.0,679.9,652.2,674.0,0.15,1282.0,984.6,570.0
SPL,7/20/2026,692.0,692.0,641.2,684.0,-1.16,3997.0,984.6,570.0
SPL,7/21/2026,695.0,695.0,666.0,679.0,-2.3,2290.0,984.6,570.0
SPL,7/22/2026,660.3,677.9,660.0,677.9,2.67,3050.0,984.6,570.0
SPL,7/23/2026,677.0,680.0,660.0,680.0,0.44,4550.0,984.6,570.0
SPL,7/24/2026,678.0,679.8,663.2,675.0,-0.44,1481.0,984.6,570.0
SPL,7/27/2026,665.0,676.0,650.0,665.0,0.0,4535.0,984.6,570.0
SPL,7/28/2026,665.0,678.9,650.6,678.9,2.09,500.0,984.6,570.0
SPL,7/29/2026,658.7,678.9,640.9,650.0,-1.32,5481.0,984.6,570.0
SPL,7/30/2026,661.0,664.0,650.0,664.0,0.45,940.0,984.6,570.0
SPL,7/31/2026,651.0,663.8,651.0,663.4,1.9,1940.0,984.6,570.0
SPL,8/3/2026,675.0,675.0,650.0,659.9,-2.24,710.0,984.6,570.0
SPL,8/4/2026,651.2,657.9,642.1,657.9,1.03,2022.0,984.6,570.0
SPL,8/5/2026,650.0,666.9,650.0,662.0,1.85,339.0,984.6,570.0
SPL,8/6/2026,680.0,680.0,645.0,663.0,-2.5,700.0,984.6,570.0
SPL,8/7/2026,647.0,670.0,645.0,652.0,0.77,2378.0,984.6,570.0
SPL,8/10/2026,632.6,651.9,632.6,638.3,0.9,1010.0,984.6,570.0
SPL,8/11/2026,606.4,653.0,606.4,636.1,4.9,1020.0,984.6,570.0
SPL,8/12/2026,630.0,640.0,630.0,640.0,1.59,380.0,984.6,570.0
SPL,8/13/2026,637.0,658.0,637.0,638.6,0.25,145.0,984.6,570.0
SPL,8/14/2026,630.0,658.0,630.0,658.0,4.44,2860.0,984.6,570.0
SPL,8/17/2026,640.0,657.5,640.0,656.5,2.58,1022.0,984.6,570.0
SPL,8/18/2026,688.8,688.8,648.3,650.0,-5.63,230.0,984.6,570.0
SPL,8/19/2026,633.2,663.0,621.2,659.0,4.07,1360.0,984.6,570.0
SPL,8/20/2026,641.0,651.9,625.2,651.9,1.7,1275.0,984.6,570.0
SPL,8/21/2026,667.9,667.9,635.2,648.8,-2.86,359.0,984.6,570.0
SPL,8/24/2026,618.2,645.0,618.2,638.0,3.2,1706.0,984.6,570.0
SPL,8/25/2026,640.0,640.0,629.0,630.0,-1.56,580.0,984.6,570.0
SPL,8/26/2026,623.0,648.9,598.0,648.9,4.16,3509.0,984.6,570.0
SPL,8/27/2026,665.0,665.0,611.2,640.9,-3.62,1595.0,984.6,570.0
SPL,8/31/2026,621.7,621.7,603.1,619.9,-0.29,1204.0,984.6,570.0
SPL,9/1/2026,638.0,638.0,590.0,638.0,0.0,3016.0,984.6,570.0
SPL,9/2/2026,669.9,669.9,594.0,664.0,-0.88,2870.0,984.6,570.0
SPL,9/3/2026,645.0,645.0,622.0,640.0,-0.78,4541.0,984.6,570.0
SPL,9/7/2026,610.0,633.0,610.0,615.6,0.92,1839.0,984.6,570.0
SPL,9/9/2026,597.2,655.0,594.0,655.0,9.68,1820.0,984.6,570.0
SPL,9/10/2026,687.7,687.7,603.6,621.0,-9.7,1624.0,984.6,570.0
SPL,9/11/2026,604.0,639.0,604.0,639.0,5.79,1234.0,984.6,570.0
SPL,9/14/2026,624.7,631.3,608.1,631.3,1.06,1790.0,984.6,570.0
SPL,9/15/2026,662.0,662.0,617.0,624.2,-5.71,1793.0,984.6,570.0
SPL,9/16/2026,595.0,631.0,595.0,622.9,4.69,2949.0,984.6,570.0
SPL,9/17/2026,654.0,654.0,585.1,619.0,-5.35,27892.0,984.6,570.0
SPL,9/18/2026,602.1,618.0,599.5,612.2,1.68,6250.0,984.6,570.0
SPL,9/22/2026,605.0,618.6,590.0,618.3,2.2,4011.0,984.6,570.0
SPL,9/23/2026,615.0,615.0,590.1,602.9,-1.97,3597.0,984.6,570.0
SPL,9/24/2026,609.0,609.0,590.8,595.0,-2.3,2190.0,984.6,570.0
SPL,9/28/2026,595.0,595.0,580.0,590.0,-0.84,2120.0,984.6,570.0
SPL,9/29/2026,600.0,600.0,570.0,0.0,-100.0,3956.0,984.6,570.0
SPL,9/30/2026,571.0,588.0,571.0,588.0,2.98,687.0,984.6,570.0
SPL,10/1/2026,571.1,592.0,571.1,591.8,3.62,2080.0,984.6,570.0
SPL,10/2/2026,575.1,608.9,575.0,580.0,0.85,1932.0,984.6,570.0
SRBL,5/23/2011,134.0,137.0,128.0,129.0,,1146.0,1024.0,112.0
SRBL,5/24/2011,129.0,133.0,130.0,133.0,3.1,319.0,1024.0,112.0
SRBL,5/25/2011,133.0,135.0,129.0,133.0,0.0,868.0,1024.0,112.0
SRBL,5/26/2011,133.0,133.0,131.0,133.0,0.0,395.0,1024.0,112.0
SRBL,5/30/2011,133.0,137.0,131.0,131.0,-1.5,1674.0,1024.0,112.0
SRBL,5/31/2011,131.0,135.0,128.0,132.0,0.76,1532.0,1024.0,112.0
SRBL,6/1/2011,132.0,130.0,127.0,127.0,-3.79,1078.0,1024.0,112.0
SRBL,6/2/2011,127.0,127.0,122.0,123.0,-3.15,2671.0,1024.0,112.0
SRBL,6/5/2011,123.0,128.0,123.0,128.0,4.07,1366.0,1024.0,112.0
SRBL,6/6/2011,128.0,126.0,121.0,121.0,-5.47,632.0,1024.0,112.0
SRBL,6/7/2011,121.0,119.0,114.0,117.0,-3.31,908.0,1024.0,112.0
SRBL,6/8/2011,117.0,120.0,116.0,118.0,0.85,1818.0,1024.0,112.0
SRBL,6/9/2011,118.0,122.0,116.0,120.0,1.69,1754.0,1024.0,112.0
SRBL,6/12/2011,120.0,122.0,118.0,119.0,-0.83,2492.0,1024.0,112.0
SRBL,6/13/2011,119.0,124.0,120.0,121.0,1.68,823.0,1024.0,112.0
SRBL,6/14/2011,121.0,120.0,116.0,116.0,-4.13,221.0,1024.0,112.0
SRBL,6/15/2011,116.0,115.0,112.0,115.0,-0.86,1241.0,1024.0,112.0
SRBL,6/16/2011,115.0,119.0,113.0,119.0,3.48,1282.0,1024.0,112.0
SRBL,6/19/2011,119.0,127.0,119.0,127.0,6.72,1447.0,1024.0,112.0
SRBL,6/20/2011,119.0,127.0,119.0,127.0,0.0,1447.0,1024.0,112.0
SRBL,6/21/2011,139.0,152.0,145.0,152.0,19.69,1708.0,1024.0,112.0
SRBL,6/23/2011,152.0,167.0,152.0,167.0,9.87,4237.0,1024.0,112.0
SRBL,6/26/2011,167.0,183.0,156.0,156.0,-6.59,2701.0,1024.0,112.0
SRBL,6/27/2011,156.0,153.0,141.0,141.0,-9.62,325.0,1024.0,112.0
SRBL,6/29/2011,141.0,139.0,127.0,135.0,-4.26,4078.0,1024.0,112.0
SRBL,6/30/2011,135.0,144.0,136.0,142.0,5.19,6823.0,1024.0,112.0
SRBL,7/3/2011,142.0,142.0,134.0,135.0,-4.93,1055.0,1024.0,112.0
SRBL,7/4/2011,135.0,137.0,135.0,135.0,0.0,811.0,1024.0,112.0
SRBL,7/5/2011,135.0,139.0,136.0,139.0,2.96,347.0,1024.0,112.0
SRBL,7/6/2011,139.0,152.0,139.0,152.0,9.35,1920.0,1024.0,112.0
SRBL,7/7/2011,152.0,156.0,139.0,156.0,2.63,1282.0,1024.0,112.0
SRBL,7/10/2011,156.0,156.0,147.0,156.0,0.0,2114.0,1024.0,112.0
SRBL,7/11/2011,156.0,158.0,150.0,153.0,-1.92,1222.0,1024.0,112.0
SRBL,7/12/2011,153.0,162.0,152.0,157.0,2.61,1318.0,1024.0,112.0
SRBL,7/13/2011,157.0,167.0,160.0,160.0,1.91,1401.0,1024.0,112.0
SRBL,7/14/2011,160.0,168.0,163.0,163.0,1.88,1129.0,1024.0,112.0
SRBL,7/17/2011,163.0,169.0,166.0,169.0,3.68,50.0,1024.0,112.0
SRBL,7/18/2011,169.0,175.0,154.0,157.0,-7.1,2874.0,1024.0,112.0
SRBL,7/19/2011,157.0,165.0,155.0,162.0,3.18,887.0,1024.0,112.0
SRBL,7/20/2011,162.0,163.0,158.0,162.0,0.0,2085.0,1024.0,112.0
SRBL,7/21/2011,162.0,174.0,162.0,170.0,4.94,2279.0,1024.0,112.0
SRBL,7/24/2011,170.0,170.0,157.0,157.0,-7.65,701.0,1024.0,112.0
SRBL,7/25/2011,157.0,155.0,149.0,151.0,-3.82,808.0,1024.0,112.0
SRBL,7/26/2011,151.0,150.0,147.0,150.0,-0.66,392.0,1024.0,112.0
SRBL,7/27/2011,150.0,159.0,150.0,156.0,4.0,414.0,1024.0,112.0
SRBL,7/28/2011,156.0,161.0,155.0,156.0,0.0,1483.0,1024.0,112.0
SRBL,7/31/2011,156.0,155.0,150.0,155.0,-0.64,931.0,1024.0,112.0
SRBL,8/1/2011,155.0,152.0,146.0,148.0,-4.52,1320.0,1024.0,112.0
SRBL,8/2/2011,148.0,152.0,146.0,152.0,2.7,699.0,1024.0,112.0
SRBL,8/3/2011,152.0,154.0,150.0,150.0,-1.32,696.0,1024.0,112.0
SRBL,8/4/2011,150.0,154.0,150.0,152.0,1.33,1333.0,1024.0,112.0
SRBL,8/7/2011,152.0,149.0,142.0,142.0,-6.58,3882.0,1024.0,112.0
SRBL,8/8/2011,142.0,144.0,143.0,143.0,0.7,130.0,1024.0,112.0
SRBL,8/9/2011,143.0,143.0,139.0,143.0,0.0,1355.0,1024.0,112.0
SRBL,8/10/2011,143.0,150.0,144.0,150.0,4.9,802.0,1024.0,112.0
SRBL,8/11/2011,150.0,150.0,143.0,150.0,0.0,1047.0,1024.0,112.0
SRBL,8/15/2011,150.0,147.0,140.0,140.0,-6.67,719.0,1024.0,112.0
SRBL,8/16/2011,140.0,146.0,140.0,146.0,4.29,1717.0,1024.0,112.0
SRBL,8/17/2011,146.0,148.0,145.0,145.0,-0.68,579.0,1024.0,112.0
SRBL,8/18/2011,145.0,147.0,143.0,147.0,1.38,717.0,1024.0,112.0
SRBL,8/22/2011,147.0,147.0,147.0,147.0,0.0,144.0,1024.0,112.0
SRBL,8/23/2011,147.0,147.0,144.0,145.0,-1.36,521.0,1024.0,112.0
SRBL,8/24/2011,145.0,145.0,143.0,144.0,-0.69,1205.0,1024.0,112.0
SRBL,8/25/2011,144.0,142.0,140.0,142.0,-1.39,489.0,1024.0,112.0
SRBL,8/28/2011,142.0,141.0,138.0,138.0,-2.82,912.0,1024.0,112.0
SRBL,8/29/2011,138.0,143.0,136.0,143.0,3.62,926.0,1024.0,112.0
SRBL,8/30/2011,143.0,145.0,141.0,141.0,-1.4,307.0,1024.0,112.0
SRBL,9/1/2011,141.0,146.0,139.0,146.0,3.55,1270.0,1024.0,112.0
SRBL,9/4/2011,146.0,144.0,143.0,143.0,-2.05,250.0,1024.0,112.0
SRBL,9/5/2011,143.0,141.0,137.0,137.0,-4.2,4577.0,1024.0,112.0
SRBL,9/6/2011,137.0,139.0,137.0,137.0,0.0,626.0,1024.0,112.0
SRBL,9/7/2011,137.0,141.0,137.0,140.0,2.19,694.0,1024.0,112.0
SRBL,9/8/2011,140.0,140.0,138.0,140.0,0.0,263.0,1024.0,112.0
SRBL,9/12/2011,140.0,140.0,134.0,136.0,-2.86,971.0,1024.0,112.0
SRBL,9/13/2011,136.0,136.0,135.0,135.0,-0.74,275.0,1024.0,112.0
SRBL,9/14/2011,135.0,138.0,130.0,135.0,0.0,1578.0,1024.0,112.0
SRBL,9/15/2011,135.0,137.0,133.0,137.0,1.48,841.0,1024.0,112.0
SRBL,9/18/2011,137.0,136.0,134.0,134.0,-2.19,262.0,1024.0,112.0
SRBL,9/19/2011,134.0,135.0,132.0,135.0,0.75,320.0,1024.0,112.0
SRBL,9/20/2011,135.0,138.0,135.0,138.0,2.22,239.0,1024.0,112.0
SRBL,9/21/2011,138.0,140.0,137.0,140.0,1.45,403.0,1024.0,112.0
SRBL,9/22/2011,140.0,148.0,138.0,148.0,5.71,889.0,1024.0,112.0
SRBL,9/25/2011,148.0,150.0,145.0,145.0,-2.03,669.0,1024.0,112.0
SRBL,9/26/2011,145.0,145.0,136.0,143.0,-1.38,1252.0,1024.0,112.0
SRBL,9/27/2011,143.0,141.0,138.0,140.0,-2.1,1251.0,1024.0,112.0
SRBL,9/29/2011,140.0,138.0,136.0,138.0,-1.43,150.0,1024.0,112.0
SRBL,10/2/2011,138.0,142.0,140.0,142.0,2.9,272.0,1024.0,112.0
SRBL,10/10/2011,142.0,143.0,141.0,143.0,0.7,108.0,1024.0,112.0
SRBL,10/12/2011,143.0,145.0,139.0,139.0,-2.8,160.0,1024.0,112.0
SRBL,10/13/2011,139.0,145.0,137.0,141.0,1.44,1039.0,1024.0,112.0
SRBL,10/16/2011,141.0,140.0,137.0,140.0,-0.71,1045.0,1024.0,112.0
SRBL,10/17/2011,140.0,144.0,140.0,144.0,2.86,1508.0,1024.0,112.0
SRBL,10/18/2011,144.0,145.0,140.0,140.0,-2.78,2549.0,1024.0,112.0
SRBL,10/19/2011,140.0,143.0,139.0,140.0,0.0,1477.0,1024.0,112.0
SRBL,10/20/2011,140.0,140.0,138.0,140.0,0.0,197.0,1024.0,112.0
SRBL,10/23/2011,140.0,142.0,135.0,142.0,1.43,4198.0,1024.0,112.0
SRBL,10/24/2011,142.0,140.0,136.0,140.0,-1.41,496.0,1024.0,112.0
SRBL,10/25/2011,140.0,140.0,137.0,138.0,-1.43,888.0,1024.0,112.0
SRBL,10/30/2011,138.0,139.0,137.0,139.0,0.72,102.0,1024.0,112.0
SRBL,10/31/2011,139.0,143.0,137.0,143.0,2.88,938.0,1024.0,112.0
SRBL,11/2/2011,143.0,145.0,145.0,145.0,1.4,20.0,1024.0,112.0
SRBL,11/3/2011,145.0,159.0,143.0,144.0,-0.69,2496.0,1024.0,112.0
SRBL,11/6/2011,144.0,150.0,143.0,145.0,0.69,1043.0,1024.0,112.0
SRBL,11/8/2011,145.0,143.0,139.0,142.0,-2.07,1193.0,1024.0,112.0
SRBL,11/9/2011,142.0,142.0,137.0,137.0,-3.52,1921.0,1024.0,112.0
SRBL,11/10/2011,137.0,141.0,137.0,138.0,0.73,6118.0,1024.0,112.0
SRBL,11/13/2011,138.0,138.0,136.0,138.0,0.0,2096.0,1024.0,112.0
SRBL,11/14/2011,138.0,138.0,137.0,137.0,-0.72,265.0,1024.0,112.0
SRBL,11/15/2011,137.0,138.0,135.0,136.0,-0.73,657.0,1024.0,112.0
SRBL,11/16/2011,136.0,137.0,134.0,137.0,0.74,770.0,1024.0,112.0
SRBL,11/17/2011,137.0,139.0,137.0,138.0,0.73,5903.0,1024.0,112.0
SRBL,11/20/2011,138.0,142.0,137.0,138.0,0.0,1695.0,1024.0,112.0
SRBL,11/21/2011,138.0,144.0,137.0,140.0,1.45,10919.0,1024.0,112.0
SRBL,11/22/2011,140.0,138.0,138.0,138.0,-1.43,94.0,1024.0,112.0
SRBL,11/23/2011,138.0,142.0,136.0,142.0,2.9,1959.0,1024.0,112.0
SRBL,11/24/2011,142.0,141.0,138.0,138.0,-2.82,431.0,1024.0,112.0
SRBL,11/27/2011,138.0,138.0,136.0,137.0,-0.72,1053.0,1024.0,112.0
SRBL,11/28/2011,137.0,139.0,132.0,132.0,-3.65,561.0,1024.0,112.0
SRBL,12/1/2011,134.0,134.0,132.0,134.0,1.52,289.0,1024.0,112.0
SRBL,12/4/2011,134.0,136.0,135.0,136.0,1.49,282.0,1024.0,112.0
SRBL,12/5/2011,136.0,135.0,134.0,135.0,-0.74,600.0,1024.0,112.0
SRBL,12/6/2011,135.0,136.0,134.0,136.0,0.74,339.0,1024.0,112.0
SRBL,12/7/2011,136.0,140.0,135.0,135.0,-0.74,336.0,1024.0,112.0
SRBL,12/8/2011,135.0,135.0,133.0,134.0,-0.74,1960.0,1024.0,112.0
SRBL,12/11/2011,134.0,134.0,132.0,134.0,0.0,761.0,1024.0,112.0
SRBL,12/12/2011,134.0,132.0,128.0,130.0,-2.99,382.0,1024.0,112.0
SRBL,12/13/2011,130.0,128.0,126.0,127.0,-2.31,760.0,1024.0,112.0
SRBL,12/14/2011,127.0,128.0,126.0,127.0,0.0,1515.0,1024.0,112.0
SRBL,12/15/2011,127.0,131.0,126.0,130.0,2.36,1168.0,1024.0,112.0
SRBL,12/18/2011,130.0,132.0,129.0,132.0,1.54,1349.0,1024.0,112.0
SRBL,12/19/2011,132.0,134.0,132.0,132.0,0.0,303.0,1024.0,112.0
SRBL,12/21/2011,132.0,130.0,126.0,128.0,-3.03,416.0,1024.0,112.0
SRBL,12/22/2011,128.0,127.0,124.0,126.0,-1.56,3856.0,1024.0,112.0
SRBL,12/26/2011,126.0,125.0,121.0,123.0,-2.38,424.0,1024.0,112.0
SRBL,12/27/2011,123.0,126.0,123.0,125.0,1.63,689.0,1024.0,112.0
SRBL,12/28/2011,125.0,125.0,123.0,123.0,-1.6,1855.0,1024.0,112.0
SRBL,12/29/2011,123.0,126.0,122.0,126.0,2.44,2036.0,1024.0,112.0
SRBL,1/1/2012,126.0,129.0,125.0,129.0,2.38,883.0,1024.0,112.0
SRBL,1/2/2012,129.0,141.0,129.0,136.0,5.43,2136.0,1024.0,112.0
SRBL,1/3/2012,136.0,140.0,134.0,134.0,-1.47,436.0,1024.0,112.0
SRBL,1/4/2012,134.0,135.0,128.0,131.0,-2.24,779.0,1024.0,112.0
SRBL,1/5/2012,131.0,132.0,130.0,132.0,0.76,670.0,1024.0,112.0
SRBL,1/8/2012,132.0,131.0,127.0,130.0,-1.52,1360.0,1024.0,112.0
SRBL,1/9/2012,130.0,133.0,130.0,130.0,0.0,351.0,1024.0,112.0
SRBL,1/10/2012,132.0,132.0,129.0,129.0,-0.77,309.0,1024.0,112.0
SRBL,1/11/2012,129.0,131.0,126.0,127.0,-1.55,1863.0,1024.0,112.0
SRBL,1/12/2012,127.0,129.0,125.0,129.0,1.57,370.0,1024.0,112.0
SRBL,1/16/2012,129.0,130.0,126.0,126.0,-2.33,1961.0,1024.0,112.0
SRBL,1/17/2012,126.0,128.0,125.0,128.0,1.59,1289.0,1024.0,112.0
SRBL,1/18/2012,128.0,130.0,126.0,128.0,0.0,516.0,1024.0,112.0
SRBL,1/19/2012,128.0,129.0,125.0,129.0,0.78,300.0,1024.0,112.0
SRBL,1/22/2012,129.0,132.0,127.0,128.0,-0.78,600.0,1024.0,112.0
SRBL,1/23/2012,128.0,129.0,127.0,129.0,0.78,161.0,1024.0,112.0
SRBL,1/25/2012,129.0,129.0,125.0,127.0,-1.55,367.0,1024.0,112.0
SRBL,1/26/2012,127.0,130.0,125.0,127.0,0.0,735.0,1024.0,112.0
SRBL,1/29/2012,127.0,130.0,124.0,125.0,-1.57,835.0,1024.0,112.0
SRBL,1/31/2012,125.0,127.0,124.0,125.0,0.0,1382.0,1024.0,112.0
SRBL,2/1/2012,125.0,127.0,123.0,127.0,1.6,261.0,1024.0,112.0
SRBL,2/2/2012,127.0,129.0,129.0,129.0,1.57,80.0,1024.0,112.0
SRBL,2/5/2012,129.0,129.0,123.0,125.0,-3.1,977.0,1024.0,112.0
SRBL,2/6/2012,125.0,129.0,124.0,125.0,0.0,1162.0,1024.0,112.0
SRBL,2/7/2012,125.0,129.0,124.0,124.0,-0.8,1004.0,1024.0,112.0
SRBL,2/8/2012,124.0,127.0,124.0,124.0,0.0,490.0,1024.0,112.0
SRBL,2/9/2012,124.0,125.0,125.0,125.0,0.81,386.0,1024.0,112.0
SRBL,2/12/2012,125.0,127.0,124.0,126.0,0.8,260.0,1024.0,112.0
SRBL,2/13/2012,126.0,125.0,124.0,125.0,-0.79,322.0,1024.0,112.0
SRBL,2/14/2012,125.0,126.0,123.0,124.0,-0.8,1129.0,1024.0,112.0
SRBL,2/15/2012,124.0,125.0,123.0,123.0,-0.81,548.0,1024.0,112.0
SRBL,2/16/2012,123.0,125.0,121.0,121.0,-1.63,952.0,1024.0,112.0
SRBL,2/21/2012,121.0,122.0,120.0,122.0,0.83,447.0,1024.0,112.0
SRBL,2/23/2012,122.0,122.0,118.0,120.0,-1.64,1804.0,1024.0,112.0
SRBL,2/26/2012,120.0,124.0,120.0,121.0,0.83,1708.0,1024.0,112.0
SRBL,2/27/2012,121.0,122.0,120.0,122.0,0.83,2873.0,1024.0,112.0
SRBL,2/28/2012,122.0,125.0,120.0,125.0,2.46,4982.0,1024.0,112.0
SRBL,2/29/2012,125.0,125.0,122.0,122.0,-2.4,1203.0,1024.0,112.0
SRBL,3/1/2012,122.0,127.0,124.0,125.0,2.46,1288.0,1024.0,112.0
SRBL,3/4/2012,125.0,125.0,121.0,124.0,-0.8,1927.0,1024.0,112.0
SRBL,3/5/2012,124.0,125.0,123.0,125.0,0.81,1338.0,1024.0,112.0
SRBL,3/6/2012,125.0,126.0,124.0,125.0,0.0,1677.0,1024.0,112.0
SRBL,3/11/2012,125.0,125.0,123.0,124.0,-0.8,1225.0,1024.0,112.0
SRBL,3/12/2012,124.0,125.0,123.0,123.0,-0.81,848.0,1024.0,112.0
SRBL,3/13/2012,123.0,127.0,121.0,124.0,0.81,778.0,1024.0,112.0
SRBL,3/14/2012,124.0,125.0,118.0,125.0,0.81,1028.0,1024.0,112.0
SRBL,3/15/2012,125.0,123.0,117.0,123.0,-1.6,257.0,1024.0,112.0
SRBL,3/18/2012,123.0,123.0,120.0,120.0,-2.44,830.0,1024.0,112.0
SRBL,3/19/2012,120.0,122.0,118.0,118.0,-1.67,1816.0,1024.0,112.0
SRBL,3/20/2012,118.0,120.0,118.0,118.0,0.0,419.0,1024.0,112.0
SRBL,3/21/2012,118.0,120.0,119.0,120.0,1.69,561.0,1024.0,112.0
SRBL,3/25/2012,120.0,121.0,118.0,119.0,-0.83,1311.0,1024.0,112.0
SRBL,3/26/2012,119.0,120.0,118.0,118.0,-0.84,903.0,1024.0,112.0
SRBL,3/27/2012,118.0,118.0,115.0,115.0,-2.54,906.0,1024.0,112.0
SRBL,3/28/2012,115.0,121.0,115.0,119.0,3.48,1227.0,1024.0,112.0
SRBL,3/29/2012,119.0,120.0,116.0,118.0,-0.84,1639.0,1024.0,112.0
SRBL,4/1/2012,118.0,117.0,115.0,117.0,-0.85,1645.0,1024.0,112.0
SRBL,4/2/2012,117.0,120.0,116.0,118.0,0.85,1159.0,1024.0,112.0
SRBL,4/3/2012,118.0,122.0,120.0,121.0,2.54,1182.0,1024.0,112.0
SRBL,4/4/2012,121.0,123.0,118.0,118.0,-2.48,1367.0,1024.0,112.0
SRBL,4/5/2012,118.0,120.0,119.0,119.0,0.85,436.0,1024.0,112.0
SRBL,4/8/2012,119.0,124.0,118.0,124.0,4.2,422.0,1024.0,112.0
SRBL,4/9/2012,124.0,128.0,122.0,123.0,-0.81,807.0,1024.0,112.0
SRBL,4/10/2012,123.0,126.0,120.0,122.0,-0.81,1315.0,1024.0,112.0
SRBL,4/11/2012,122.0,128.0,122.0,125.0,2.46,1618.0,1024.0,112.0
SRBL,4/12/2012,125.0,137.0,125.0,134.0,7.2,3036.0,1024.0,112.0
SRBL,4/15/2012,134.0,146.0,136.0,146.0,8.96,3256.0,1024.0,112.0
SRBL,4/16/2012,146.0,160.0,148.0,160.0,9.59,196.0,1024.0,112.0
SRBL,4/17/2012,160.0,166.0,163.0,165.0,3.12,2372.0,1024.0,112.0
SRBL,4/18/2012,165.0,165.0,153.0,154.0,-6.67,8166.0,1024.0,112.0
SRBL,4/19/2012,154.0,169.0,149.0,151.0,-1.95,5237.0,1024.0,112.0
SRBL,4/22/2012,151.0,165.0,148.0,165.0,9.27,6434.0,1024.0,112.0
SRBL,4/24/2012,165.0,181.0,162.0,181.0,9.7,2326.0,1024.0,112.0
SRBL,4/25/2012,181.0,199.0,184.0,199.0,9.94,295.0,1024.0,112.0
SRBL,4/26/2012,199.0,205.0,181.0,203.0,2.01,18252.0,1024.0,112.0
SRBL,4/29/2012,203.0,203.0,183.0,187.0,-7.88,7188.0,1024.0,112.0
SRBL,4/30/2012,187.0,184.0,172.0,178.0,-4.81,2937.0,1024.0,112.0
SRBL,5/2/2012,178.0,175.0,166.0,166.0,-6.74,369.0,1024.0,112.0
SRBL,5/3/2012,166.0,182.0,169.0,182.0,9.64,915.0,1024.0,112.0
SRBL,5/7/2012,182.0,198.0,185.0,198.0,8.79,2564.0,1024.0,112.0
SRBL,5/8/2012,198.0,207.0,190.0,190.0,-4.04,7466.0,1024.0,112.0
SRBL,5/9/2012,190.0,188.0,177.0,178.0,-6.32,5114.0,1024.0,112.0
SRBL,5/10/2012,178.0,175.0,168.0,169.0,-5.06,8239.0,1024.0,112.0
SRBL,5/13/2012,169.0,166.0,153.0,156.0,-7.69,3153.0,1024.0,112.0
SRBL,5/14/2012,156.0,153.0,143.0,147.0,-5.77,3742.0,1024.0,112.0
SRBL,5/15/2012,147.0,161.0,149.0,161.0,9.52,840.0,1024.0,112.0
SRBL,5/16/2012,161.0,164.0,161.0,164.0,1.86,9363.0,1024.0,112.0
SRBL,5/17/2012,164.0,179.0,165.0,170.0,3.66,9322.0,1024.0,112.0
SRBL,5/20/2012,170.0,173.0,158.0,170.0,0.0,4373.0,1024.0,112.0
SRBL,5/21/2012,170.0,173.0,161.0,173.0,1.76,5609.0,1024.0,112.0
SRBL,5/22/2012,173.0,170.0,163.0,165.0,-4.62,5518.0,1024.0,112.0
SRBL,5/23/2012,165.0,162.0,150.0,150.0,-9.09,1599.0,1024.0,112.0
SRBL,5/24/2012,150.0,162.0,150.0,159.0,6.0,3472.0,1024.0,112.0
SRBL,5/27/2012,159.0,172.0,162.0,171.0,7.55,2682.0,1024.0,112.0
SRBL,6/3/2012,171.0,168.0,154.0,158.0,-7.6,5560.0,1024.0,112.0
SRBL,6/4/2012,158.0,161.0,149.0,149.0,-5.7,4150.0,1024.0,112.0
SRBL,6/5/2012,149.0,150.0,139.0,142.0,-4.7,4170.0,1024.0,112.0
SRBL,6/6/2012,142.0,140.0,135.0,138.0,-2.82,2129.0,1024.0,112.0
SRBL,6/7/2012,138.0,145.0,136.0,137.0,-0.72,3137.0,1024.0,112.0
SRBL,6/10/2012,137.0,137.0,135.0,136.0,-0.73,928.0,1024.0,112.0
SRBL,6/11/2012,136.0,140.0,136.0,137.0,0.74,2180.0,1024.0,112.0
SRBL,6/12/2012,137.0,141.0,137.0,140.0,2.19,744.0,1024.0,112.0
SRBL,6/13/2012,140.0,140.0,136.0,140.0,0.0,4286.0,1024.0,112.0
SRBL,6/14/2012,140.0,142.0,136.0,137.0,-2.14,913.0,1024.0,112.0
SRBL,6/17/2012,137.0,143.0,134.0,138.0,0.73,2938.0,1024.0,112.0
SRBL,6/18/2012,138.0,139.0,134.0,138.0,0.0,1148.0,1024.0,112.0
SRBL,6/19/2012,138.0,138.0,134.0,138.0,0.0,1016.0,1024.0,112.0
SRBL,6/20/2012,138.0,140.0,136.0,138.0,0.0,1950.0,1024.0,112.0
SRBL,6/21/2012,138.0,141.0,138.0,140.0,1.45,823.0,1024.0,112.0
SRBL,6/25/2012,140.0,147.0,138.0,147.0,5.0,1487.0,1024.0,112.0
SRBL,6/26/2012,147.0,145.0,139.0,139.0,-5.44,222.0,1024.0,112.0
SRBL,6/27/2012,139.0,144.0,137.0,144.0,3.6,2765.0,1024.0,112.0
SRBL,6/28/2012,144.0,148.0,140.0,142.0,-1.39,986.0,1024.0,112.0
SRBL,7/1/2012,142.0,144.0,140.0,142.0,0.0,1679.0,1024.0,112.0
SRBL,7/2/2012,142.0,143.0,139.0,143.0,0.7,2215.0,1024.0,112.0
SRBL,7/3/2012,143.0,144.0,140.0,143.0,0.0,920.0,1024.0,112.0
SRBL,7/4/2012,143.0,145.0,143.0,145.0,1.4,1688.0,1024.0,112.0
SRBL,7/5/2012,145.0,146.0,145.0,145.0,0.0,863.0,1024.0,112.0
SRBL,7/8/2012,145.0,146.0,143.0,145.0,0.0,1386.0,1024.0,112.0
SRBL,7/9/2012,145.0,148.0,144.0,146.0,0.69,2305.0,1024.0,112.0
SRBL,7/10/2012,146.0,148.0,144.0,147.0,0.68,2969.0,1024.0,112.0
SRBL,7/11/2012,147.0,150.0,145.0,146.0,-0.68,954.0,1024.0,112.0
SRBL,7/12/2012,146.0,146.0,142.0,143.0,-2.05,1901.0,1024.0,112.0
SRBL,7/15/2012,143.0,146.0,145.0,145.0,1.4,217.0,1024.0,112.0
SRBL,7/16/2012,145.0,149.0,145.0,146.0,0.69,1068.0,1024.0,112.0
SRBL,7/17/2012,146.0,149.0,144.0,149.0,2.05,2199.0,1024.0,112.0
SRBL,7/18/2012,149.0,149.0,145.0,149.0,0.0,4353.0,1024.0,112.0
SRBL,7/19/2012,149.0,157.0,147.0,153.0,2.68,2283.0,1024.0,112.0
SRBL,7/22/2012,153.0,164.0,151.0,157.0,2.61,2081.0,1024.0,112.0
SRBL,7/23/2012,157.0,165.0,158.0,162.0,3.18,3709.0,1024.0,112.0
SRBL,7/24/2012,162.0,164.0,151.0,158.0,-2.47,2178.0,1024.0,112.0
SRBL,7/25/2012,158.0,162.0,155.0,157.0,-0.63,2035.0,1024.0,112.0
SRBL,7/26/2012,157.0,158.0,150.0,152.0,-3.18,1758.0,1024.0,112.0
SRBL,7/29/2012,152.0,153.0,148.0,151.0,-0.66,2003.0,1024.0,112.0
SRBL,7/30/2012,151.0,155.0,149.0,151.0,0.0,4194.0,1024.0,112.0
SRBL,7/31/2012,151.0,154.0,151.0,153.0,1.32,2779.0,1024.0,112.0
SRBL,8/1/2012,153.0,152.0,148.0,149.0,-2.61,2072.0,1024.0,112.0
SRBL,8/5/2012,149.0,152.0,147.0,150.0,0.67,1521.0,1024.0,112.0
SRBL,8/6/2012,150.0,154.0,149.0,154.0,2.67,2166.0,1024.0,112.0
SRBL,8/7/2012,154.0,157.0,149.0,153.0,-0.65,4520.0,1024.0,112.0
SRBL,8/8/2012,153.0,154.0,150.0,152.0,-0.65,3571.0,1024.0,112.0
SRBL,8/12/2012,152.0,153.0,149.0,151.0,-0.66,4759.0,1024.0,112.0
SRBL,8/13/2012,151.0,150.0,148.0,149.0,-1.32,1827.0,1024.0,112.0
SRBL,8/14/2012,149.0,155.0,144.0,144.0,-3.36,3366.0,1024.0,112.0
SRBL,8/15/2012,144.0,143.0,140.0,141.0,-2.08,1150.0,1024.0,112.0
SRBL,8/16/2012,141.0,148.0,140.0,148.0,4.96,1407.0,1024.0,112.0
SRBL,8/19/2012,148.0,150.0,145.0,145.0,-2.03,768.0,1024.0,112.0
SRBL,8/21/2012,145.0,144.0,141.0,144.0,-0.69,2490.0,1024.0,112.0
SRBL,8/22/2012,144.0,144.0,141.0,141.0,-2.08,1745.0,1024.0,112.0
SRBL,8/23/2012,141.0,143.0,139.0,141.0,0.0,4054.0,1024.0,112.0
SRBL,8/26/2012,141.0,145.0,143.0,145.0,2.84,52.0,1024.0,112.0
SRBL,8/27/2012,145.0,147.0,142.0,143.0,-1.38,1878.0,1024.0,112.0
SRBL,8/28/2012,143.0,149.0,145.0,147.0,2.8,1643.0,1024.0,112.0
SRBL,8/29/2012,147.0,149.0,143.0,147.0,0.0,2046.0,1024.0,112.0
SRBL,8/30/2012,147.0,147.0,144.0,146.0,-0.68,3629.0,1024.0,112.0
SRBL,9/2/2012,146.0,150.0,145.0,150.0,2.74,1173.0,1024.0,112.0
SRBL,9/3/2012,150.0,151.0,146.0,151.0,0.67,1333.0,1024.0,112.0
SRBL,9/4/2012,151.0,149.0,144.0,147.0,-2.65,1190.0,1024.0,112.0
SRBL,9/5/2012,147.0,145.0,141.0,143.0,-2.72,2546.0,1024.0,112.0
SRBL,9/6/2012,143.0,145.0,143.0,143.0,0.0,1021.0,1024.0,112.0
SRBL,9/9/2012,143.0,147.0,143.0,145.0,1.4,1157.0,1024.0,112.0
SRBL,9/10/2012,145.0,147.0,143.0,145.0,0.0,1623.0,1024.0,112.0
SRBL,9/11/2012,145.0,147.0,145.0,145.0,0.0,535.0,1024.0,112.0
SRBL,9/12/2012,145.0,146.0,143.0,145.0,0.0,1472.0,1024.0,112.0
SRBL,9/13/2012,145.0,147.0,144.0,145.0,0.0,1085.0,1024.0,112.0
SRBL,9/16/2012,145.0,146.0,145.0,145.0,0.0,1700.0,1024.0,112.0
SRBL,9/17/2012,145.0,151.0,147.0,149.0,2.76,1192.0,1024.0,112.0
SRBL,9/18/2012,149.0,154.0,149.0,152.0,2.01,1569.0,1024.0,112.0
SRBL,9/19/2012,152.0,151.0,147.0,151.0,-0.66,1242.0,1024.0,112.0
SRBL,9/20/2012,151.0,148.0,146.0,147.0,-2.65,1160.0,1024.0,112.0
SRBL,9/23/2012,147.0,146.0,142.0,144.0,-2.04,1936.0,1024.0,112.0
SRBL,9/24/2012,144.0,144.0,142.0,142.0,-1.39,2206.0,1024.0,112.0
SRBL,9/25/2012,142.0,142.0,140.0,141.0,-0.7,784.0,1024.0,112.0
SRBL,9/26/2012,141.0,142.0,140.0,141.0,0.0,1136.0,1024.0,112.0
SRBL,9/30/2012,142.0,141.0,136.0,140.0,-0.71,2869.0,1024.0,112.0
SRBL,10/1/2012,140.0,141.0,140.0,140.0,0.0,1036.0,1024.0,112.0
SRBL,10/2/2012,140.0,141.0,139.0,140.0,0.0,517.0,1024.0,112.0
SRBL,10/3/2012,140.0,140.0,138.0,139.0,-0.71,919.0,1024.0,112.0
SRBL,10/4/2012,139.0,143.0,139.0,141.0,1.44,1267.0,1024.0,112.0
SRBL,10/7/2012,141.0,145.0,140.0,145.0,2.84,323.0,1024.0,112.0
SRBL,10/8/2012,145.0,145.0,141.0,143.0,-1.38,1244.0,1024.0,112.0
SRBL,10/9/2012,143.0,143.0,139.0,139.0,-2.8,2703.0,1024.0,112.0
SRBL,10/10/2012,139.0,141.0,138.0,141.0,1.44,3997.0,1024.0,112.0
SRBL,10/11/2012,141.0,143.0,139.0,139.0,-1.42,810.0,1024.0,112.0
SRBL,10/14/2012,139.0,143.0,139.0,142.0,2.16,1424.0,1024.0,112.0
SRBL,10/15/2012,142.0,144.0,141.0,144.0,1.41,1566.0,1024.0,112.0
SRBL,10/17/2012,144.0,149.0,145.0,148.0,2.78,1054.0,1024.0,112.0
SRBL,10/18/2012,148.0,153.0,148.0,153.0,3.38,6629.0,1024.0,112.0
SRBL,10/30/2012,153.0,156.0,151.0,152.0,-0.65,993.0,1024.0,112.0
SRBL,10/31/2012,152.0,163.0,154.0,157.0,3.29,2894.0,1024.0,112.0
SRBL,11/1/2012,157.0,160.0,153.0,160.0,1.91,7678.0,1024.0,112.0
SRBL,11/4/2012,160.0,160.0,155.0,158.0,-1.25,3135.0,1024.0,112.0
SRBL,11/5/2012,158.0,172.0,159.0,163.0,3.16,5440.0,1024.0,112.0
SRBL,11/6/2012,163.0,169.0,158.0,165.0,1.23,4727.0,1024.0,112.0
SRBL,11/7/2012,165.0,175.0,162.0,175.0,6.06,9550.0,1024.0,112.0
SRBL,11/8/2012,175.0,182.0,170.0,173.0,-1.14,6072.0,1024.0,112.0
SRBL,11/11/2012,173.0,176.0,160.0,168.0,-2.89,1800.0,1024.0,112.0
SRBL,11/12/2012,168.0,173.0,160.0,173.0,2.98,3873.0,1024.0,112.0
SRBL,11/18/2012,173.0,184.0,166.0,177.0,2.31,2263.0,1024.0,112.0
SRBL,11/20/2012,177.0,192.0,178.0,183.0,3.39,11282.0,1024.0,112.0
SRBL,11/21/2012,183.0,183.0,171.0,180.0,-1.64,8484.0,1024.0,112.0
SRBL,11/22/2012,180.0,182.0,174.0,179.0,-0.56,8316.0,1024.0,112.0
SRBL,11/25/2012,179.0,183.0,176.0,176.0,-1.68,6183.0,1024.0,112.0
SRBL,11/26/2012,176.0,182.0,170.0,180.0,2.27,2918.0,1024.0,112.0
SRBL,11/27/2012,180.0,179.0,174.0,176.0,-2.22,2512.0,1024.0,112.0
SRBL,11/28/2012,176.0,177.0,174.0,175.0,-0.57,1427.0,1024.0,112.0
SRBL,11/29/2012,175.0,175.0,172.0,174.0,-0.57,2743.0,1024.0,112.0
SRBL,12/2/2012,174.0,176.0,167.0,169.0,-2.87,5551.0,1024.0,112.0
SRBL,12/3/2012,169.0,172.0,164.0,167.0,-1.18,1817.0,1024.0,112.0
SRBL,12/4/2012,167.0,179.0,170.0,173.0,3.59,5190.0,1024.0,112.0
SRBL,12/5/2012,173.0,184.0,176.0,179.0,3.47,2225.0,1024.0,112.0
SRBL,12/6/2012,179.0,178.0,173.0,178.0,-0.56,5091.0,1024.0,112.0
SRBL,12/9/2012,178.0,175.0,167.0,172.0,-3.37,2279.0,1024.0,112.0
SRBL,12/10/2012,172.0,174.0,167.0,174.0,1.16,2116.0,1024.0,112.0
SRBL,12/11/2012,174.0,174.0,168.0,171.0,-1.72,1682.0,1024.0,112.0
SRBL,12/12/2012,171.0,175.0,171.0,175.0,2.34,2176.0,1024.0,112.0
SRBL,12/13/2012,175.0,180.0,170.0,177.0,1.14,3834.0,1024.0,112.0
SRBL,12/16/2012,177.0,186.0,174.0,184.0,3.95,6109.0,1024.0,112.0
SRBL,12/17/2012,184.0,195.0,186.0,190.0,3.26,11415.0,1024.0,112.0
SRBL,12/18/2012,190.0,188.0,184.0,187.0,-1.58,5820.0,1024.0,112.0
SRBL,12/19/2012,187.0,195.0,185.0,195.0,4.28,17738.0,1024.0,112.0
SRBL,12/20/2012,195.0,200.0,187.0,198.0,1.54,11655.0,1024.0,112.0
SRBL,12/23/2012,198.0,198.0,190.0,198.0,0.0,14659.0,1024.0,112.0
SRBL,12/24/2012,198.0,210.0,195.0,207.0,4.55,4981.0,1024.0,112.0
SRBL,12/26/2012,207.0,218.0,203.0,215.0,3.86,6525.0,1024.0,112.0
SRBL,12/27/2012,215.0,219.0,209.0,211.0,-1.86,7029.0,1024.0,112.0
SRBL,12/31/2012,211.0,207.0,196.0,202.0,-4.27,2175.0,1024.0,112.0
SRBL,1/1/2013,202.0,202.0,193.0,199.0,-1.49,4727.0,1024.0,112.0
SRBL,1/2/2013,199.0,200.0,190.0,198.0,-0.5,5375.0,1024.0,112.0
SRBL,1/3/2013,198.0,201.0,197.0,200.0,1.01,3917.0,1024.0,112.0
SRBL,1/6/2013,200.0,196.0,190.0,192.0,-4.0,1213.0,1024.0,112.0
SRBL,1/7/2013,192.0,192.0,188.0,189.0,-1.56,3094.0,1024.0,112.0
SRBL,1/8/2013,189.0,191.0,187.0,191.0,1.06,188.0,1024.0,112.0
SRBL,1/9/2013,191.0,192.0,184.0,188.0,-1.57,3656.0,1024.0,112.0
SRBL,1/10/2013,188.0,191.0,188.0,191.0,1.6,2111.0,1024.0,112.0
SRBL,1/13/2013,191.0,191.0,188.0,190.0,-0.52,1558.0,1024.0,112.0
SRBL,1/15/2013,190.0,193.0,187.0,189.0,-0.53,1635.0,1024.0,112.0
SRBL,1/16/2013,189.0,189.0,187.0,188.0,-0.53,1078.0,1024.0,112.0
SRBL,1/17/2013,188.0,187.0,182.0,185.0,-1.6,4754.0,1024.0,112.0
SRBL,1/20/2013,185.0,182.0,174.0,174.0,-5.95,612.0,1024.0,112.0
SRBL,1/21/2013,174.0,183.0,171.0,180.0,3.45,2246.0,1024.0,112.0
SRBL,1/22/2013,180.0,183.0,179.0,183.0,1.67,729.0,1024.0,112.0
SRBL,1/23/2013,183.0,181.0,179.0,180.0,-1.64,1598.0,1024.0,112.0
SRBL,1/24/2013,180.0,180.0,175.0,180.0,0.0,2154.0,1024.0,112.0
SRBL,1/27/2013,180.0,180.0,175.0,180.0,0.0,5900.0,1024.0,112.0
SRBL,1/28/2013,180.0,179.0,175.0,177.0,-1.67,2922.0,1024.0,112.0
SRBL,1/30/2013,177.0,182.0,177.0,180.0,1.69,2640.0,1024.0,112.0
SRBL,1/31/2013,180.0,182.0,178.0,180.0,0.0,862.0,1024.0,112.0
SRBL,2/3/2013,180.0,188.0,179.0,180.0,0.0,2809.0,1024.0,112.0
SRBL,2/4/2013,180.0,183.0,180.0,183.0,1.67,1475.0,1024.0,112.0
SRBL,2/5/2013,183.0,184.0,179.0,184.0,0.55,708.0,1024.0,112.0
SRBL,2/6/2013,184.0,185.0,181.0,184.0,0.0,1694.0,1024.0,112.0
SRBL,2/7/2013,184.0,186.0,183.0,185.0,0.54,1325.0,1024.0,112.0
SRBL,2/10/2013,185.0,202.0,188.0,202.0,9.19,7260.0,1024.0,112.0
SRBL,2/12/2013,202.0,222.0,206.0,222.0,9.9,11370.0,1024.0,112.0
SRBL,2/13/2013,222.0,223.0,209.0,218.0,-1.8,9739.0,1024.0,112.0
SRBL,2/14/2013,218.0,228.0,215.0,225.0,3.21,7071.0,1024.0,112.0
SRBL,2/17/2013,225.0,241.0,229.0,241.0,7.11,703.0,1024.0,112.0
SRBL,2/19/2013,241.0,253.0,232.0,234.0,-2.9,10719.0,1024.0,112.0
SRBL,2/20/2013,234.0,232.0,218.0,226.0,-3.42,4433.0,1024.0,112.0
SRBL,2/21/2013,226.0,239.0,221.0,236.0,4.42,5063.0,1024.0,112.0
SRBL,2/24/2013,236.0,232.0,224.0,230.0,-2.54,2101.0,1024.0,112.0
SRBL,2/25/2013,230.0,239.0,226.0,235.0,2.17,5898.0,1024.0,112.0
SRBL,2/26/2013,235.0,244.0,231.0,239.0,1.7,2964.0,1024.0,112.0
SRBL,2/27/2013,239.0,236.0,231.0,235.0,-1.67,2468.0,1024.0,112.0
SRBL,2/28/2013,235.0,238.0,232.0,235.0,0.0,1366.0,1024.0,112.0
SRBL,3/3/2013,235.0,235.0,228.0,232.0,-1.28,2414.0,1024.0,112.0
SRBL,3/4/2013,232.0,238.0,233.0,236.0,1.72,5302.0,1024.0,112.0
SRBL,3/5/2013,236.0,232.0,226.0,231.0,-2.12,2618.0,1024.0,112.0
SRBL,3/6/2013,231.0,240.0,231.0,235.0,1.73,4254.0,1024.0,112.0
SRBL,3/7/2013,235.0,239.0,233.0,236.0,0.43,3080.0,1024.0,112.0
SRBL,3/11/2013,236.0,234.0,229.0,234.0,-0.85,2911.0,1024.0,112.0
SRBL,3/13/2013,234.0,241.0,233.0,238.0,1.71,6332.0,1024.0,112.0
SRBL,3/14/2013,238.0,246.0,236.0,236.0,-0.84,2889.0,1024.0,112.0
SRBL,3/17/2013,236.0,236.0,229.0,232.0,-1.69,5555.0,1024.0,112.0
SRBL,3/18/2013,232.0,232.0,225.0,231.0,-0.43,16207.0,1024.0,112.0
SRBL,3/19/2013,231.0,240.0,230.0,234.0,1.3,4020.0,1024.0,112.0
SRBL,3/20/2013,234.0,231.0,227.0,231.0,-1.28,2859.0,1024.0,112.0
SRBL,3/21/2013,231.0,233.0,226.0,230.0,-0.43,3655.0,1024.0,112.0
SRBL,3/24/2013,230.0,230.0,216.0,221.0,-3.91,4423.0,1024.0,112.0
SRBL,3/25/2013,221.0,226.0,220.0,225.0,1.81,3506.0,1024.0,112.0
SRBL,3/27/2013,225.0,223.0,221.0,222.0,-1.33,2446.0,1024.0,112.0
SRBL,3/28/2013,222.0,226.0,219.0,223.0,0.45,3793.0,1024.0,112.0
SRBL,3/31/2013,223.0,220.0,214.0,214.0,-4.04,4750.0,1024.0,112.0
SRBL,4/1/2013,214.0,219.0,210.0,219.0,2.34,13979.0,1024.0,112.0
SRBL,4/2/2013,219.0,233.0,222.0,230.0,5.02,9189.0,1024.0,112.0
SRBL,4/3/2013,230.0,227.0,222.0,223.0,-3.04,2438.0,1024.0,112.0
SRBL,4/4/2013,223.0,227.0,222.0,224.0,0.45,6370.0,1024.0,112.0
SRBL,4/7/2013,224.0,227.0,219.0,226.0,0.89,2459.0,1024.0,112.0
SRBL,4/8/2013,226.0,229.0,224.0,226.0,0.0,3881.0,1024.0,112.0
SRBL,4/9/2013,226.0,232.0,224.0,231.0,2.21,4186.0,1024.0,112.0
SRBL,4/11/2013,231.0,235.0,230.0,233.0,0.87,3966.0,1024.0,112.0
SRBL,4/15/2013,233.0,237.0,230.0,230.0,-1.29,4293.0,1024.0,112.0
SRBL,4/16/2013,230.0,232.0,226.0,229.0,-0.43,3771.0,1024.0,112.0
SRBL,4/17/2013,229.0,234.0,226.0,230.0,0.44,5934.0,1024.0,112.0
SRBL,4/18/2013,230.0,230.0,225.0,228.0,-0.87,2597.0,1024.0,112.0
SRBL,4/21/2013,228.0,227.0,217.0,220.0,-3.51,6400.0,1024.0,112.0
SRBL,4/22/2013,220.0,220.0,212.0,216.0,-1.82,3442.0,1024.0,112.0
SRBL,4/23/2013,216.0,224.0,212.0,220.0,1.85,5361.0,1024.0,112.0
SRBL,4/25/2013,220.0,222.0,216.0,219.0,-0.45,2136.0,1024.0,112.0
SRBL,4/28/2013,219.0,217.0,215.0,216.0,-1.37,4764.0,1024.0,112.0
SRBL,4/29/2013,216.0,218.0,214.0,216.0,0.0,3664.0,1024.0,112.0
SRBL,4/30/2013,216.0,217.0,213.0,217.0,0.46,1623.0,1024.0,112.0
SRBL,5/2/2013,217.0,217.0,208.0,217.0,0.0,3352.0,1024.0,112.0
SRBL,5/5/2013,217.0,213.0,207.0,207.0,-4.61,4748.0,1024.0,112.0
SRBL,5/6/2013,207.0,214.0,200.0,211.0,1.93,5118.0,1024.0,112.0
SRBL,5/7/2013,211.0,224.0,208.0,218.0,3.32,4285.0,1024.0,112.0
SRBL,5/8/2013,218.0,218.0,210.0,211.0,-3.21,4316.0,1024.0,112.0
SRBL,5/9/2013,211.0,213.0,209.0,210.0,-0.47,2254.0,1024.0,112.0
SRBL,5/12/2013,210.0,212.0,207.0,209.0,-0.48,1549.0,1024.0,112.0
SRBL,5/13/2013,209.0,212.0,206.0,212.0,1.44,3727.0,1024.0,112.0
SRBL,5/14/2013,212.0,218.0,210.0,214.0,0.94,3514.0,1024.0,112.0
SRBL,5/15/2013,214.0,224.0,211.0,220.0,2.8,2861.0,1024.0,112.0
SRBL,5/16/2013,220.0,222.0,214.0,222.0,0.91,4839.0,1024.0,112.0
SRBL,5/19/2013,222.0,219.0,215.0,219.0,-1.35,3008.0,1024.0,112.0
SRBL,5/20/2013,219.0,220.0,215.0,218.0,-0.46,5146.0,1024.0,112.0
SRBL,5/21/2013,218.0,220.0,216.0,220.0,0.92,2817.0,1024.0,112.0
SRBL,5/22/2013,220.0,220.0,218.0,220.0,0.0,1903.0,1024.0,112.0
SRBL,5/23/2013,220.0,219.0,215.0,218.0,-0.91,6934.0,1024.0,112.0
SRBL,5/26/2013,218.0,220.0,216.0,220.0,0.92,5999.0,1024.0,112.0
SRBL,5/27/2013,220.0,223.0,216.0,222.0,0.91,5015.0,1024.0,112.0
SRBL,5/28/2013,222.0,223.0,220.0,221.0,-0.45,1992.0,1024.0,112.0
SRBL,5/30/2013,221.0,221.0,215.0,218.0,-1.36,846.0,1024.0,112.0
SRBL,6/2/2013,218.0,219.0,213.0,217.0,-0.46,4303.0,1024.0,112.0
SRBL,6/3/2013,217.0,218.0,214.0,216.0,-0.46,1984.0,1024.0,112.0
SRBL,6/4/2013,216.0,217.0,213.0,217.0,0.46,2952.0,1024.0,112.0
SRBL,6/5/2013,217.0,218.0,216.0,217.0,0.0,967.0,1024.0,112.0
SRBL,6/6/2013,217.0,219.0,214.0,219.0,0.92,1434.0,1024.0,112.0
SRBL,6/9/2013,219.0,219.0,216.0,219.0,0.0,1151.0,1024.0,112.0
SRBL,6/10/2013,219.0,217.0,215.0,216.0,-1.37,1596.0,1024.0,112.0
SRBL,6/11/2013,216.0,217.0,215.0,217.0,0.46,871.0,1024.0,112.0
SRBL,6/12/2013,217.0,218.0,216.0,218.0,0.46,3380.0,1024.0,112.0
SRBL,6/13/2013,218.0,218.0,214.0,217.0,-0.46,2577.0,1024.0,112.0
SRBL,6/16/2013,217.0,220.0,215.0,217.0,0.0,2960.0,1024.0,112.0
SRBL,6/17/2013,217.0,217.0,215.0,215.0,-0.92,2082.0,1024.0,112.0
SRBL,6/18/2013,215.0,219.0,213.0,213.0,-0.93,1016.0,1024.0,112.0
SRBL,6/19/2013,213.0,213.0,205.0,213.0,0.0,1267.0,1024.0,112.0
SRBL,6/20/2013,213.0,212.0,211.0,211.0,-0.94,978.0,1024.0,112.0
SRBL,6/23/2013,211.0,212.0,207.0,212.0,0.47,4035.0,1024.0,112.0
SRBL,6/24/2013,212.0,213.0,210.0,213.0,0.47,1401.0,1024.0,112.0
SRBL,6/25/2013,213.0,220.0,211.0,217.0,1.88,5297.0,1024.0,112.0
SRBL,6/26/2013,217.0,225.0,217.0,222.0,2.3,2793.0,1024.0,112.0
SRBL,6/27/2013,222.0,218.0,214.0,218.0,-1.8,1682.0,1024.0,112.0
SRBL,6/30/2013,218.0,218.0,215.0,218.0,0.0,878.0,1024.0,112.0
SRBL,7/1/2013,218.0,217.0,215.0,215.0,-1.38,931.0,1024.0,112.0
SRBL,7/2/2013,215.0,218.0,214.0,216.0,0.47,2125.0,1024.0,112.0
SRBL,7/3/2013,216.0,216.0,214.0,216.0,0.0,881.0,1024.0,112.0
SRBL,7/4/2013,216.0,217.0,214.0,216.0,0.0,2347.0,1024.0,112.0
SRBL,7/7/2013,216.0,216.0,214.0,214.0,-0.93,3276.0,1024.0,112.0
SRBL,7/8/2013,214.0,219.0,214.0,218.0,1.87,2180.0,1024.0,112.0
SRBL,7/9/2013,218.0,223.0,214.0,221.0,1.38,1808.0,1024.0,112.0
SRBL,7/10/2013,221.0,223.0,220.0,221.0,0.0,1132.0,1024.0,112.0
SRBL,7/11/2013,221.0,225.0,216.0,217.0,-1.81,970.0,1024.0,112.0
SRBL,7/14/2013,217.0,222.0,217.0,218.0,0.46,375.0,1024.0,112.0
SRBL,7/15/2013,218.0,231.0,219.0,231.0,5.96,440.0,1024.0,112.0
SRBL,7/18/2013,231.0,227.0,220.0,227.0,-1.73,1976.0,1024.0,112.0
SRBL,7/21/2013,227.0,240.0,226.0,235.0,3.52,11352.0,1024.0,112.0
SRBL,7/22/2013,235.0,235.0,225.0,232.0,-1.28,4529.0,1024.0,112.0
SRBL,7/23/2013,232.0,233.0,226.0,233.0,0.43,4616.0,1024.0,112.0
SRBL,7/24/2013,233.0,237.0,229.0,231.0,-0.86,5806.0,1024.0,112.0
SRBL,7/25/2013,231.0,230.0,228.0,230.0,-0.43,3738.0,1024.0,112.0
SRBL,7/28/2013,230.0,234.0,229.0,234.0,1.74,7209.0,1024.0,112.0
SRBL,7/29/2013,234.0,239.0,233.0,238.0,1.71,12983.0,1024.0,112.0
SRBL,7/30/2013,238.0,238.0,234.0,237.0,-0.42,7232.0,1024.0,112.0
SRBL,7/31/2013,237.0,243.0,235.0,240.0,1.27,17803.0,1024.0,112.0
SRBL,8/1/2013,240.0,240.0,235.0,236.0,-1.67,10952.0,1024.0,112.0
SRBL,8/4/2013,236.0,247.0,238.0,241.0,2.12,25977.0,1024.0,112.0
SRBL,8/5/2013,241.0,240.0,234.0,234.0,-2.9,5445.0,1024.0,112.0
SRBL,8/6/2013,234.0,238.0,226.0,236.0,0.85,6657.0,1024.0,112.0
SRBL,8/7/2013,236.0,234.0,229.0,233.0,-1.27,4775.0,1024.0,112.0
SRBL,8/8/2013,233.0,233.0,228.0,232.0,-0.43,4079.0,1024.0,112.0
SRBL,8/11/2013,232.0,232.0,228.0,231.0,-0.43,10173.0,1024.0,112.0
SRBL,8/12/2013,231.0,230.0,226.0,227.0,-1.73,1763.0,1024.0,112.0
SRBL,8/13/2013,227.0,228.0,223.0,225.0,-0.88,5022.0,1024.0,112.0
SRBL,8/14/2013,225.0,227.0,223.0,226.0,0.44,1749.0,1024.0,112.0
SRBL,8/15/2013,226.0,226.0,222.0,223.0,-1.33,2287.0,1024.0,112.0
SRBL,8/18/2013,223.0,232.0,222.0,228.0,2.24,2724.0,1024.0,112.0
SRBL,8/19/2013,228.0,235.0,227.0,235.0,3.07,3677.0,1024.0,112.0
SRBL,8/20/2013,235.0,239.0,230.0,235.0,0.0,3457.0,1024.0,112.0
SRBL,8/25/2013,235.0,235.0,230.0,231.0,-1.7,3516.0,1024.0,112.0
SRBL,8/26/2013,231.0,232.0,229.0,232.0,0.43,4299.0,1024.0,112.0
SRBL,8/27/2013,232.0,235.0,230.0,233.0,0.43,4618.0,1024.0,112.0
SRBL,8/29/2013,233.0,235.0,230.0,235.0,0.86,7604.0,1024.0,112.0
SRBL,9/1/2013,235.0,231.0,226.0,230.0,-2.13,3701.0,1024.0,112.0
SRBL,9/2/2013,230.0,234.0,228.0,234.0,1.74,2484.0,1024.0,112.0
SRBL,9/3/2013,234.0,230.0,226.0,227.0,-2.99,5937.0,1024.0,112.0
SRBL,9/4/2013,227.0,229.0,226.0,227.0,0.0,1893.0,1024.0,112.0
SRBL,9/5/2013,227.0,235.0,225.0,235.0,3.52,5262.0,1024.0,112.0
SRBL,9/8/2013,235.0,238.0,228.0,230.0,-2.13,2443.0,1024.0,112.0
SRBL,9/9/2013,230.0,240.0,229.0,240.0,4.35,4015.0,1024.0,112.0
SRBL,9/10/2013,240.0,236.0,226.0,230.0,-4.17,2496.0,1024.0,112.0
SRBL,9/11/2013,230.0,231.0,226.0,228.0,-0.87,5744.0,1024.0,112.0
SRBL,9/12/2013,228.0,230.0,227.0,229.0,0.44,3518.0,1024.0,112.0
SRBL,9/15/2013,229.0,230.0,225.0,230.0,0.44,3687.0,1024.0,112.0
SRBL,9/16/2013,230.0,231.0,224.0,230.0,0.0,2616.0,1024.0,112.0
SRBL,9/17/2013,230.0,230.0,227.0,230.0,0.0,4122.0,1024.0,112.0
SRBL,9/19/2013,230.0,231.0,226.0,230.0,0.0,4486.0,1024.0,112.0
SRBL,9/22/2013,230.0,231.0,223.0,227.0,-1.3,2313.0,1024.0,112.0
SRBL,9/23/2013,227.0,230.0,223.0,228.0,0.44,3676.0,1024.0,112.0
SRBL,9/24/2013,228.0,229.0,226.0,228.0,0.0,2526.0,1024.0,112.0
SRBL,9/25/2013,228.0,229.0,225.0,225.0,-1.32,1709.0,1024.0,112.0
SRBL,9/26/2013,225.0,226.0,222.0,222.0,-1.33,2334.0,1024.0,112.0
SRBL,9/29/2013,222.0,224.0,220.0,224.0,0.9,1424.0,1024.0,112.0
SRBL,9/30/2013,224.0,225.0,222.0,223.0,-0.45,1415.0,1024.0,112.0
SRBL,10/1/2013,223.0,227.0,222.0,227.0,1.79,1440.0,1024.0,112.0
SRBL,10/2/2013,227.0,226.0,223.0,223.0,-1.76,1027.0,1024.0,112.0
SRBL,10/3/2013,223.0,231.0,221.0,231.0,3.59,2455.0,1024.0,112.0
SRBL,10/6/2013,231.0,230.0,223.0,230.0,-0.43,1424.0,1024.0,112.0
SRBL,10/7/2013,230.0,230.0,226.0,230.0,0.0,1315.0,1024.0,112.0
SRBL,10/8/2013,230.0,234.0,228.0,228.0,-0.87,789.0,1024.0,112.0
SRBL,10/9/2013,228.0,233.0,227.0,230.0,0.88,748.0,1024.0,112.0
SRBL,10/10/2013,230.0,232.0,228.0,232.0,0.87,458.0,1024.0,112.0
SRBL,10/17/2013,232.0,235.0,230.0,232.0,0.0,1776.0,1024.0,112.0
SRBL,10/20/2013,232.0,243.0,235.0,239.0,3.02,10527.0,1024.0,112.0
SRBL,10/21/2013,239.0,243.0,234.0,241.0,0.84,6369.0,1024.0,112.0
SRBL,10/22/2013,241.0,238.0,229.0,229.0,-4.98,11700.0,1024.0,112.0
SRBL,10/23/2013,229.0,232.0,226.0,228.0,-0.44,8362.0,1024.0,112.0
SRBL,10/24/2013,228.0,240.0,226.0,240.0,5.26,10661.0,1024.0,112.0
SRBL,10/27/2013,240.0,238.0,222.0,225.0,-6.25,1128.0,1024.0,112.0
SRBL,10/28/2013,225.0,228.0,225.0,226.0,0.44,2644.0,1024.0,112.0
SRBL,10/29/2013,226.0,228.0,222.0,226.0,0.0,6908.0,1024.0,112.0
SRBL,10/30/2013,226.0,230.0,225.0,228.0,0.88,4073.0,1024.0,112.0
SRBL,10/31/2013,228.0,228.0,225.0,226.0,-0.88,4851.0,1024.0,112.0
SRBL,11/6/2013,226.0,231.0,228.0,231.0,2.21,750.0,1024.0,112.0
SRBL,11/7/2013,231.0,234.0,228.0,230.0,-0.43,3208.0,1024.0,112.0
SRBL,11/10/2013,230.0,238.0,230.0,237.0,3.04,3973.0,1024.0,112.0
SRBL,11/11/2013,237.0,250.0,233.0,250.0,5.49,12642.0,1024.0,112.0
SRBL,11/12/2013,250.0,270.0,251.0,263.0,5.2,28736.0,1024.0,112.0
SRBL,11/13/2013,263.0,272.0,264.0,269.0,2.28,17106.0,1024.0,112.0
SRBL,11/14/2013,269.0,268.0,260.0,261.0,-2.97,14841.0,1024.0,112.0
SRBL,11/24/2013,261.0,287.0,266.0,287.0,9.96,4844.0,1024.0,112.0
SRBL,11/25/2013,287.0,295.0,285.0,293.0,2.09,26329.0,1024.0,112.0
SRBL,11/26/2013,293.0,303.0,293.0,293.0,0.0,25521.0,1024.0,112.0
SRBL,11/27/2013,293.0,298.0,285.0,294.0,0.34,15446.0,1024.0,112.0
SRBL,11/28/2013,294.0,299.0,292.0,296.0,0.68,12565.0,1024.0,112.0
SRBL,12/1/2013,296.0,307.0,289.0,302.0,2.03,11272.0,1024.0,112.0
SRBL,12/2/2013,302.0,325.0,296.0,317.0,4.97,9309.0,1024.0,112.0
SRBL,12/3/2013,317.0,343.0,320.0,330.0,4.1,4383.0,1024.0,112.0
SRBL,12/4/2013,330.0,363.0,326.0,360.0,9.09,20487.0,1024.0,112.0
SRBL,12/5/2013,360.0,396.0,358.0,362.0,0.56,17111.0,1024.0,112.0
SRBL,12/8/2013,362.0,369.0,340.0,362.0,0.0,16602.0,1024.0,112.0
SRBL,12/9/2013,362.0,364.0,355.0,360.0,-0.55,3692.0,1024.0,112.0
SRBL,12/10/2013,358.0,357.0,345.0,355.0,-1.39,9308.0,1024.0,112.0
SRBL,12/11/2013,355.0,371.0,350.0,362.0,1.97,8414.0,1024.0,112.0
SRBL,12/12/2013,362.0,375.0,365.0,371.0,2.49,9257.0,1024.0,112.0
SRBL,12/15/2013,371.0,396.0,361.0,384.0,3.5,14121.0,1024.0,112.0
SRBL,12/16/2013,384.0,422.0,390.0,422.0,9.9,4761.0,1024.0,112.0
SRBL,12/18/2013,422.0,454.0,428.0,446.0,5.69,7473.0,1024.0,112.0
SRBL,12/19/2013,446.0,460.0,402.0,455.0,2.02,33706.0,1024.0,112.0
SRBL,12/22/2013,455.0,455.0,422.0,438.0,-3.74,15136.0,1024.0,112.0
SRBL,12/23/2013,420.0,436.0,398.0,399.0,-8.9,12585.0,1024.0,112.0
SRBL,12/24/2013,399.0,420.0,375.0,409.0,2.51,14618.0,1024.0,112.0
SRBL,12/26/2013,410.0,435.0,402.0,413.0,0.98,8589.0,1024.0,112.0
SRBL,12/29/2013,413.0,410.0,400.0,406.0,-1.69,20146.0,1024.0,112.0
SRBL,12/31/2013,406.0,406.0,400.0,400.0,-1.48,9305.0,1024.0,112.0
SRBL,1/1/2014,400.0,392.0,378.0,388.0,-3.0,4426.0,1024.0,112.0
SRBL,1/2/2014,388.0,410.0,369.0,400.0,3.09,6843.0,1024.0,112.0
SRBL,1/5/2014,400.0,399.0,379.0,391.0,-2.25,6910.0,1024.0,112.0
SRBL,1/6/2014,391.0,399.0,386.0,399.0,2.05,8912.0,1024.0,112.0
SRBL,1/7/2014,399.0,433.0,388.0,430.0,7.77,14941.0,1024.0,112.0
SRBL,1/8/2014,430.0,438.0,420.0,421.0,-2.09,8920.0,1024.0,112.0
SRBL,1/9/2014,421.0,446.0,429.0,437.0,3.8,42550.0,1024.0,112.0
SRBL,1/12/2014,437.0,454.0,437.0,448.0,2.52,16388.0,1024.0,112.0
SRBL,1/13/2014,448.0,455.0,449.0,450.0,0.45,22618.0,1024.0,112.0
SRBL,1/14/2014,450.0,453.0,443.0,445.0,-1.11,13815.0,1024.0,112.0
SRBL,1/16/2014,445.0,465.0,445.0,460.0,3.37,23340.0,1024.0,112.0
SRBL,1/19/2014,460.0,460.0,450.0,460.0,0.0,9065.0,1024.0,112.0
SRBL,1/20/2014,460.0,463.0,450.0,452.0,-1.74,9018.0,1024.0,112.0
SRBL,1/21/2014,452.0,455.0,441.0,450.0,-0.44,5156.0,1024.0,112.0
SRBL,1/22/2014,450.0,451.0,433.0,450.0,0.0,10108.0,1024.0,112.0
SRBL,1/23/2014,450.0,451.0,440.0,444.0,-1.33,3738.0,1024.0,112.0
SRBL,1/26/2014,444.0,445.0,431.0,441.0,-0.68,7810.0,1024.0,112.0
SRBL,1/27/2014,441.0,441.0,430.0,438.0,-0.68,2535.0,1024.0,112.0
SRBL,1/28/2014,438.0,449.0,425.0,441.0,0.68,11532.0,1024.0,112.0
SRBL,1/29/2014,441.0,442.0,433.0,438.0,-0.68,6995.0,1024.0,112.0
SRBL,2/2/2014,438.0,435.0,419.0,427.0,-2.51,2736.0,1024.0,112.0
SRBL,2/3/2014,427.0,431.0,420.0,431.0,0.94,6652.0,1024.0,112.0
SRBL,2/4/2014,431.0,435.0,416.0,430.0,-0.23,2641.0,1024.0,112.0
SRBL,2/6/2014,441.0,449.0,436.0,449.0,4.42,6751.0,1024.0,112.0
SRBL,2/9/2014,449.0,442.0,430.0,437.0,-2.67,4092.0,1024.0,112.0
SRBL,2/10/2014,437.0,460.0,440.0,440.0,0.69,13524.0,1024.0,112.0
SRBL,2/11/2014,440.0,457.0,435.0,453.0,2.95,14861.0,1024.0,112.0
SRBL,2/12/2014,453.0,460.0,441.0,460.0,1.55,9537.0,1024.0,112.0
SRBL,2/13/2014,460.0,460.0,451.0,451.0,-1.96,6135.0,1024.0,112.0
SRBL,2/16/2014,451.0,450.0,441.0,450.0,-0.22,4001.0,1024.0,112.0
SRBL,2/17/2014,450.0,450.0,443.0,445.0,-1.11,4002.0,1024.0,112.0
SRBL,2/18/2014,445.0,460.0,445.0,454.0,2.02,8392.0,1024.0,112.0
SRBL,2/20/2014,454.0,463.0,455.0,460.0,1.32,3514.0,1024.0,112.0
SRBL,2/23/2014,460.0,468.0,450.0,465.0,1.09,9956.0,1024.0,112.0
SRBL,2/24/2014,465.0,482.0,461.0,462.0,-0.65,14496.0,1024.0,112.0
SRBL,2/25/2014,462.0,476.0,450.0,476.0,3.03,8964.0,1024.0,112.0
SRBL,2/26/2014,476.0,483.0,459.0,465.0,-2.31,6866.0,1024.0,112.0
SRBL,3/3/2014,465.0,464.0,454.0,462.0,-0.65,13675.0,1024.0,112.0
SRBL,3/4/2014,462.0,460.0,441.0,452.0,-2.16,15492.0,1024.0,112.0
SRBL,3/5/2014,452.0,462.0,446.0,462.0,2.21,7307.0,1024.0,112.0
SRBL,3/6/2014,462.0,463.0,449.0,461.0,-0.22,10045.0,1024.0,112.0
SRBL,3/9/2014,461.0,461.0,445.0,454.0,-1.52,4774.0,1024.0,112.0
SRBL,3/10/2014,454.0,450.0,445.0,448.0,-1.32,2332.0,1024.0,112.0
SRBL,3/11/2014,448.0,444.0,434.0,435.0,-2.9,5095.0,1024.0,112.0
SRBL,3/12/2014,435.0,438.0,430.0,432.0,-0.69,3439.0,1024.0,112.0
SRBL,3/13/2014,432.0,442.0,424.0,440.0,1.85,4910.0,1024.0,112.0
SRBL,3/17/2014,440.0,432.0,417.0,424.0,-3.64,3081.0,1024.0,112.0
SRBL,3/18/2014,424.0,423.0,414.0,421.0,-0.71,6840.0,1024.0,112.0
SRBL,3/19/2014,421.0,436.0,413.0,427.0,1.43,6833.0,1024.0,112.0
SRBL,3/20/2014,427.0,438.0,425.0,434.0,1.64,4001.0,1024.0,112.0
SRBL,3/23/2014,434.0,430.0,423.0,427.0,-1.61,3835.0,1024.0,112.0
SRBL,3/24/2014,427.0,437.0,426.0,432.0,1.17,2324.0,1024.0,112.0
SRBL,3/25/2014,432.0,439.0,427.0,439.0,1.62,1571.0,1024.0,112.0
SRBL,3/26/2014,439.0,435.0,428.0,435.0,-0.91,2660.0,1024.0,112.0
SRBL,3/27/2014,435.0,433.0,426.0,431.0,-0.92,2484.0,1024.0,112.0
SRBL,3/31/2014,423.0,434.0,423.0,430.0,-0.23,4415.0,1024.0,112.0
SRBL,4/1/2014,430.0,460.0,429.0,460.0,6.98,5433.0,1024.0,112.0
SRBL,4/2/2014,460.0,484.0,456.0,465.0,1.09,20392.0,1024.0,112.0
SRBL,4/3/2014,465.0,474.0,455.0,460.0,-1.08,20011.0,1024.0,112.0
SRBL,4/6/2014,460.0,468.0,455.0,460.0,0.0,13237.0,1024.0,112.0
SRBL,4/7/2014,460.0,461.0,445.0,457.0,-0.65,7461.0,1024.0,112.0
SRBL,4/9/2014,457.0,460.0,449.0,452.0,-1.09,20986.0,1024.0,112.0
SRBL,4/13/2014,407.0,425.0,408.0,408.0,-9.73,575.0,1024.0,112.0
SRBL,4/15/2014,408.0,420.0,405.0,407.0,-0.25,907.0,1024.0,112.0
SRBL,4/16/2014,407.0,405.0,400.0,401.0,-1.47,2486.0,1024.0,112.0
SRBL,4/17/2014,401.0,402.0,393.0,401.0,0.0,2164.0,1024.0,112.0
SRBL,4/20/2014,401.0,400.0,390.0,395.0,-1.5,1802.0,1024.0,112.0
SRBL,4/21/2014,395.0,396.0,386.0,396.0,0.25,2032.0,1024.0,112.0
SRBL,4/22/2014,396.0,402.0,395.0,402.0,1.52,1896.0,1024.0,112.0
SRBL,4/23/2014,402.0,401.0,392.0,392.0,-2.49,1939.0,1024.0,112.0
SRBL,4/27/2014,392.0,391.0,386.0,390.0,-0.51,998.0,1024.0,112.0
SRBL,4/28/2014,390.0,391.0,385.0,385.0,-1.28,836.0,1024.0,112.0
SRBL,4/29/2014,385.0,387.0,371.0,379.0,-1.56,3315.0,1024.0,112.0
SRBL,4/30/2014,379.0,385.0,374.0,380.0,0.26,2128.0,1024.0,112.0
SRBL,5/4/2014,380.0,395.0,375.0,377.0,-0.79,3148.0,1024.0,112.0
SRBL,5/5/2014,377.0,392.0,384.0,391.0,3.71,1025.0,1024.0,112.0
SRBL,5/6/2014,391.0,409.0,393.0,401.0,2.56,7344.0,1024.0,112.0
SRBL,5/7/2014,401.0,415.0,407.0,415.0,3.49,2693.0,1024.0,112.0
SRBL,5/8/2014,415.0,407.0,393.0,394.0,-5.06,1473.0,1024.0,112.0
SRBL,5/11/2014,394.0,401.0,393.0,395.0,0.25,970.0,1024.0,112.0
SRBL,5/12/2014,395.0,400.0,393.0,400.0,1.27,1152.0,1024.0,112.0
SRBL,5/13/2014,400.0,403.0,395.0,400.0,0.0,2321.0,1024.0,112.0
SRBL,5/15/2014,400.0,407.0,392.0,395.0,-1.25,1993.0,1024.0,112.0
SRBL,5/18/2014,395.0,395.0,390.0,390.0,-1.27,851.0,1024.0,112.0
SRBL,5/19/2014,390.0,395.0,382.0,395.0,1.28,1769.0,1024.0,112.0
SRBL,5/20/2014,395.0,397.0,390.0,395.0,0.0,644.0,1024.0,112.0
SRBL,5/21/2014,395.0,395.0,385.0,395.0,0.0,1073.0,1024.0,112.0
SRBL,5/22/2014,395.0,398.0,392.0,395.0,0.0,2148.0,1024.0,112.0
SRBL,5/25/2014,395.0,400.0,395.0,400.0,1.27,1292.0,1024.0,112.0
SRBL,5/26/2014,400.0,400.0,393.0,395.0,-1.25,570.0,1024.0,112.0
SRBL,5/27/2014,395.0,398.0,390.0,390.0,-1.27,1185.0,1024.0,112.0
SRBL,5/28/2014,390.0,400.0,393.0,395.0,1.28,616.0,1024.0,112.0
SRBL,6/1/2014,395.0,402.0,394.0,394.0,-0.25,3716.0,1024.0,112.0
SRBL,6/2/2014,394.0,405.0,393.0,400.0,1.52,4297.0,1024.0,112.0
SRBL,6/3/2014,400.0,413.0,392.0,407.0,1.75,3798.0,1024.0,112.0
SRBL,6/4/2014,407.0,410.0,401.0,403.0,-0.98,2262.0,1024.0,112.0
SRBL,6/5/2014,403.0,413.0,406.0,409.0,1.49,2276.0,1024.0,112.0
SRBL,6/8/2014,409.0,408.0,401.0,401.0,-1.96,1458.0,1024.0,112.0
SRBL,6/9/2014,401.0,415.0,402.0,407.0,1.5,2970.0,1024.0,112.0
SRBL,6/10/2014,407.0,417.0,408.0,413.0,1.47,9649.0,1024.0,112.0
SRBL,6/11/2014,413.0,426.0,416.0,418.0,1.21,8965.0,1024.0,112.0
SRBL,6/12/2014,418.0,425.0,418.0,425.0,1.67,4963.0,1024.0,112.0
SRBL,6/15/2014,425.0,444.0,420.0,435.0,2.35,4825.0,1024.0,112.0
SRBL,6/16/2014,435.0,455.0,435.0,447.0,2.76,6424.0,1024.0,112.0
SRBL,6/17/2014,447.0,455.0,437.0,445.0,-0.45,3150.0,1024.0,112.0
SRBL,6/18/2014,445.0,451.0,430.0,432.0,-2.92,4147.0,1024.0,112.0
SRBL,6/19/2014,432.0,435.0,428.0,430.0,-0.46,1193.0,1024.0,112.0
SRBL,6/23/2014,430.0,423.0,415.0,418.0,-2.79,864.0,1024.0,112.0
SRBL,6/24/2014,418.0,430.0,415.0,428.0,2.39,3534.0,1024.0,112.0
SRBL,6/25/2014,428.0,437.0,426.0,432.0,0.93,2285.0,1024.0,112.0
SRBL,6/26/2014,432.0,440.0,430.0,435.0,0.69,4367.0,1024.0,112.0
SRBL,6/29/2014,435.0,440.0,432.0,434.0,-0.23,8899.0,1024.0,112.0
SRBL,6/30/2014,434.0,442.0,434.0,435.0,0.23,3554.0,1024.0,112.0
SRBL,7/1/2014,435.0,439.0,430.0,433.0,-0.46,1251.0,1024.0,112.0
SRBL,7/2/2014,433.0,448.0,432.0,445.0,2.77,7473.0,1024.0,112.0
SRBL,7/3/2014,445.0,453.0,428.0,428.0,-3.82,22634.0,1024.0,112.0
SRBL,7/6/2014,428.0,435.0,428.0,434.0,1.4,5051.0,1024.0,112.0
SRBL,7/7/2014,434.0,458.0,435.0,458.0,5.53,6768.0,1024.0,112.0
SRBL,7/8/2014,458.0,503.0,447.0,503.0,9.83,31593.0,1024.0,112.0
SRBL,7/9/2014,503.0,500.0,485.0,500.0,-0.6,6100.0,1024.0,112.0
SRBL,7/10/2014,500.0,508.0,483.0,508.0,1.6,25781.0,1024.0,112.0
SRBL,7/13/2014,508.0,538.0,500.0,503.0,-0.98,12210.0,1024.0,112.0
SRBL,7/14/2014,503.0,510.0,495.0,510.0,1.39,6811.0,1024.0,112.0
SRBL,7/15/2014,510.0,508.0,500.0,508.0,-0.39,5986.0,1024.0,112.0
SRBL,7/16/2014,508.0,515.0,500.0,510.0,0.39,5738.0,1024.0,112.0
SRBL,7/17/2014,510.0,512.0,505.0,508.0,-0.39,6400.0,1024.0,112.0
SRBL,7/20/2014,508.0,520.0,499.0,511.0,0.59,14768.0,1024.0,112.0
SRBL,7/21/2014,511.0,520.0,501.0,510.0,-0.2,17513.0,1024.0,112.0
SRBL,7/22/2014,510.0,500.0,486.0,499.0,-2.16,13657.0,1024.0,112.0
SRBL,7/23/2014,499.0,508.0,495.0,500.0,0.2,13168.0,1024.0,112.0
SRBL,7/24/2014,500.0,505.0,495.0,503.0,0.6,7611.0,1024.0,112.0
SRBL,7/27/2014,503.0,506.0,500.0,506.0,0.6,2490.0,1024.0,112.0
SRBL,7/28/2014,506.0,506.0,490.0,490.0,-3.16,5407.0,1024.0,112.0
SRBL,7/30/2014,490.0,500.0,485.0,492.0,0.41,5039.0,1024.0,112.0
SRBL,7/31/2014,492.0,495.0,482.0,487.0,-1.02,5227.0,1024.0,112.0
SRBL,8/3/2014,487.0,486.0,476.0,476.0,-2.26,4084.0,1024.0,112.0
SRBL,8/4/2014,476.0,480.0,474.0,480.0,0.84,4593.0,1024.0,112.0
SRBL,8/5/2014,480.0,499.0,471.0,485.0,1.04,13000.0,1024.0,112.0
SRBL,8/6/2014,485.0,490.0,475.0,479.0,-1.24,7378.0,1024.0,112.0
SRBL,8/7/2014,479.0,475.0,456.0,475.0,-0.84,2873.0,1024.0,112.0
SRBL,8/12/2014,475.0,480.0,468.0,468.0,-1.47,3760.0,1024.0,112.0
SRBL,8/13/2014,468.0,475.0,465.0,465.0,-0.64,6748.0,1024.0,112.0
SRBL,8/14/2014,465.0,465.0,460.0,465.0,0.0,2704.0,1024.0,112.0
SRBL,8/18/2014,465.0,464.0,431.0,438.0,-5.81,3315.0,1024.0,112.0
SRBL,8/19/2014,438.0,448.0,427.0,430.0,-1.83,9518.0,1024.0,112.0
SRBL,8/20/2014,430.0,433.0,420.0,421.0,-2.09,5108.0,1024.0,112.0
SRBL,8/21/2014,421.0,433.0,391.0,421.0,0.0,10084.0,1024.0,112.0
SRBL,8/24/2014,421.0,430.0,414.0,421.0,0.0,5130.0,1024.0,112.0
SRBL,8/25/2014,421.0,425.0,393.0,407.0,-3.33,6035.0,1024.0,112.0
SRBL,8/26/2014,407.0,419.0,390.0,390.0,-4.18,6028.0,1024.0,112.0
SRBL,8/27/2014,390.0,429.0,397.0,425.0,8.97,8209.0,1024.0,112.0
SRBL,8/28/2014,425.0,423.0,393.0,401.0,-5.65,30488.0,1024.0,112.0
SRBL,8/31/2014,401.0,400.0,392.0,400.0,-0.25,10169.0,1024.0,112.0
SRBL,9/1/2014,400.0,408.0,378.0,408.0,2.0,16003.0,1024.0,112.0
SRBL,9/3/2014,408.0,409.0,391.0,402.0,-1.47,6624.0,1024.0,112.0
SRBL,9/4/2014,402.0,394.0,380.0,385.0,-4.23,4867.0,1024.0,112.0
SRBL,9/7/2014,385.0,381.0,366.0,366.0,-4.94,1407.0,1024.0,112.0
SRBL,9/9/2014,366.0,392.0,365.0,392.0,7.1,7289.0,1024.0,112.0
SRBL,9/10/2014,392.0,406.0,376.0,376.0,-4.08,2190.0,1024.0,112.0
SRBL,9/11/2014,376.0,375.0,356.0,371.0,-1.33,2580.0,1024.0,112.0
SRBL,9/14/2014,371.0,375.0,358.0,375.0,1.08,2959.0,1024.0,112.0
SRBL,9/15/2014,375.0,381.0,365.0,376.0,0.27,9714.0,1024.0,112.0
SRBL,9/16/2014,376.0,380.0,366.0,377.0,0.27,9296.0,1024.0,112.0
SRBL,9/17/2014,377.0,377.0,372.0,372.0,-1.33,6918.0,1024.0,112.0
SRBL,9/18/2014,372.0,365.0,355.0,365.0,-1.88,2786.0,1024.0,112.0
SRBL,9/21/2014,365.0,365.0,342.0,358.0,-1.92,2288.0,1024.0,112.0
SRBL,9/22/2014,358.0,361.0,348.0,361.0,0.84,2780.0,1024.0,112.0
SRBL,9/23/2014,361.0,375.0,351.0,370.0,2.49,3623.0,1024.0,112.0
SRBL,9/24/2014,370.0,378.0,363.0,375.0,1.35,6286.0,1024.0,112.0
SRBL,9/28/2014,375.0,381.0,373.0,375.0,0.0,18930.0,1024.0,112.0
SRBL,9/29/2014,375.0,386.0,375.0,384.0,2.4,24108.0,1024.0,112.0
SRBL,9/30/2014,384.0,397.0,380.0,381.0,-0.78,3325.0,1024.0,112.0
SRBL,10/8/2014,381.0,374.0,367.0,370.0,-2.89,413.0,1024.0,112.0
SRBL,10/9/2014,370.0,389.0,360.0,382.0,3.24,1063.0,1024.0,112.0
SRBL,10/12/2014,382.0,379.0,372.0,375.0,-1.83,813.0,1024.0,112.0
SRBL,10/13/2014,375.0,380.0,370.0,380.0,1.33,2246.0,1024.0,112.0
SRBL,10/14/2014,380.0,382.0,370.0,381.0,0.26,3136.0,1024.0,112.0
SRBL,10/15/2014,381.0,390.0,372.0,390.0,2.36,4361.0,1024.0,112.0
SRBL,10/16/2014,390.0,393.0,379.0,390.0,0.0,3317.0,1024.0,112.0
SRBL,10/19/2014,390.0,388.0,380.0,387.0,-0.77,654.0,1024.0,112.0
SRBL,10/20/2014,387.0,387.0,377.0,377.0,-2.58,4080.0,1024.0,112.0
SRBL,10/21/2014,377.0,390.0,375.0,390.0,3.45,1195.0,1024.0,112.0
SRBL,10/22/2014,390.0,390.0,376.0,385.0,-1.28,2065.0,1024.0,112.0
SRBL,10/26/2014,385.0,386.0,386.0,386.0,0.26,202.0,1024.0,112.0
SRBL,10/27/2014,386.0,387.0,383.0,387.0,0.26,1307.0,1024.0,112.0
SRBL,10/28/2014,387.0,390.0,382.0,390.0,0.78,6206.0,1024.0,112.0
SRBL,10/30/2014,390.0,397.0,385.0,390.0,0.0,3684.0,1024.0,112.0
SRBL,11/2/2014,390.0,386.0,377.0,381.0,-2.31,4188.0,1024.0,112.0
SRBL,11/3/2014,381.0,387.0,372.0,372.0,-2.36,1206.0,1024.0,112.0
SRBL,11/4/2014,372.0,377.0,365.0,372.0,0.0,8237.0,1024.0,112.0
SRBL,11/5/2014,372.0,385.0,366.0,380.0,2.15,2663.0,1024.0,112.0
SRBL,11/6/2014,380.0,382.0,369.0,377.0,-0.79,3136.0,1024.0,112.0
SRBL,11/9/2014,377.0,377.0,370.0,375.0,-0.53,3550.0,1024.0,112.0
SRBL,11/10/2014,375.0,379.0,368.0,372.0,-0.8,3495.0,1024.0,112.0
SRBL,11/11/2014,372.0,379.0,357.0,377.0,1.34,1927.0,1024.0,112.0
SRBL,11/12/2014,377.0,380.0,372.0,374.0,-0.8,5257.0,1024.0,112.0
SRBL,11/13/2014,374.0,378.0,365.0,368.0,-1.6,8451.0,1024.0,112.0
SRBL,11/16/2014,368.0,372.0,351.0,352.0,-4.35,1943.0,1024.0,112.0
SRBL,11/17/2014,352.0,356.0,336.0,337.0,-4.26,4097.0,1024.0,112.0
SRBL,11/18/2014,337.0,358.0,319.0,358.0,6.23,5107.0,1024.0,112.0
SRBL,11/19/2014,358.0,362.0,346.0,346.0,-3.35,2072.0,1024.0,112.0
SRBL,11/20/2014,346.0,363.0,342.0,353.0,2.02,1112.0,1024.0,112.0
SRBL,11/23/2014,353.0,375.0,354.0,360.0,1.98,4181.0,1024.0,112.0
SRBL,11/24/2014,360.0,360.0,351.0,352.0,-2.22,2331.0,1024.0,112.0
SRBL,11/25/2014,352.0,359.0,350.0,359.0,1.99,2869.0,1024.0,112.0
SRBL,11/30/2014,359.0,355.0,348.0,348.0,-3.06,252.0,1024.0,112.0
SRBL,12/1/2014,348.0,355.0,345.0,350.0,0.57,3389.0,1024.0,112.0
SRBL,12/2/2014,350.0,354.0,346.0,354.0,1.14,2614.0,1024.0,112.0
SRBL,12/3/2014,354.0,380.0,352.0,353.0,-0.28,3675.0,1024.0,112.0
SRBL,12/4/2014,353.0,365.0,356.0,358.0,1.42,2096.0,1024.0,112.0
SRBL,12/7/2014,358.0,368.0,355.0,368.0,2.79,2720.0,1024.0,112.0
SRBL,12/8/2014,368.0,368.0,360.0,361.0,-1.9,1706.0,1024.0,112.0
SRBL,12/9/2014,361.0,366.0,359.0,365.0,1.11,1655.0,1024.0,112.0
SRBL,12/10/2014,365.0,377.0,362.0,362.0,-0.82,3052.0,1024.0,112.0
SRBL,12/11/2014,362.0,390.0,365.0,390.0,7.73,2999.0,1024.0,112.0
SRBL,12/14/2014,390.0,415.0,388.0,410.0,5.13,10622.0,1024.0,112.0
SRBL,12/15/2014,410.0,415.0,392.0,405.0,-1.22,4644.0,1024.0,112.0
SRBL,12/16/2014,405.0,400.0,390.0,393.0,-2.96,7225.0,1024.0,112.0
SRBL,12/17/2014,393.0,399.0,381.0,395.0,0.51,3372.0,1024.0,112.0
SRBL,12/18/2014,395.0,397.0,384.0,392.0,-0.76,7712.0,1024.0,112.0
SRBL,12/21/2014,392.0,390.0,380.0,385.0,-1.79,1537.0,1024.0,112.0
SRBL,12/22/2014,385.0,381.0,377.0,377.0,-2.08,3845.0,1024.0,112.0
SRBL,12/23/2014,377.0,383.0,372.0,379.0,0.53,2836.0,1024.0,112.0
SRBL,12/24/2014,379.0,393.0,374.0,382.0,0.79,7588.0,1024.0,112.0
SRBL,12/28/2014,382.0,408.0,388.0,400.0,4.71,24452.0,1024.0,112.0
SRBL,12/29/2014,400.0,406.0,388.0,399.0,-0.25,12586.0,1024.0,112.0
SRBL,12/31/2014,399.0,403.0,390.0,400.0,0.25,7949.0,1024.0,112.0
SRBL,1/1/2015,400.0,406.0,395.0,402.0,0.5,5381.0,1024.0,112.0
SRBL,1/4/2015,402.0,412.0,401.0,412.0,2.49,18479.0,1024.0,112.0
SRBL,1/5/2015,412.0,419.0,402.0,407.0,-1.21,10197.0,1024.0,112.0
SRBL,1/6/2015,407.0,413.0,400.0,412.0,1.23,11653.0,1024.0,112.0
SRBL,1/7/2015,412.0,415.0,403.0,415.0,0.73,5783.0,1024.0,112.0
SRBL,1/8/2015,415.0,421.0,406.0,413.0,-0.48,5723.0,1024.0,112.0
SRBL,1/11/2015,413.0,414.0,408.0,408.0,-1.21,8117.0,1024.0,112.0
SRBL,1/12/2015,408.0,415.0,403.0,412.0,0.98,2959.0,1024.0,112.0
SRBL,1/13/2015,412.0,410.0,406.0,408.0,-0.97,2903.0,1024.0,112.0
SRBL,1/14/2015,408.0,413.0,409.0,410.0,0.49,5505.0,1024.0,112.0
SRBL,1/18/2015,410.0,425.0,410.0,411.0,0.24,10244.0,1024.0,112.0
SRBL,1/19/2015,411.0,434.0,414.0,416.0,1.22,7844.0,1024.0,112.0
SRBL,1/20/2015,416.0,415.0,402.0,409.0,-1.68,2968.0,1024.0,112.0
SRBL,1/22/2015,409.0,410.0,398.0,408.0,-0.24,3087.0,1024.0,112.0
SRBL,1/25/2015,408.0,410.0,400.0,410.0,0.49,2839.0,1024.0,112.0
SRBL,1/26/2015,410.0,415.0,401.0,402.0,-1.95,3444.0,1024.0,112.0
SRBL,1/27/2015,402.0,418.0,400.0,418.0,3.98,3743.0,1024.0,112.0
SRBL,1/28/2015,418.0,420.0,413.0,420.0,0.48,3424.0,1024.0,112.0
SRBL,1/29/2015,420.0,421.0,405.0,416.0,-0.95,6624.0,1024.0,112.0
SRBL,2/1/2015,416.0,417.0,406.0,416.0,0.0,6488.0,1024.0,112.0
SRBL,2/2/2015,416.0,417.0,413.0,416.0,0.0,5224.0,1024.0,112.0
SRBL,2/3/2015,416.0,427.0,416.0,423.0,1.68,20880.0,1024.0,112.0
SRBL,2/4/2015,423.0,424.0,417.0,420.0,-0.71,3956.0,1024.0,112.0
SRBL,2/5/2015,420.0,420.0,408.0,416.0,-0.95,3722.0,1024.0,112.0
SRBL,2/8/2015,416.0,417.0,408.0,416.0,0.0,2862.0,1024.0,112.0
SRBL,2/9/2015,416.0,435.0,417.0,424.0,1.92,11438.0,1024.0,112.0
SRBL,2/10/2015,424.0,428.0,417.0,422.0,-0.47,8220.0,1024.0,112.0
SRBL,2/11/2015,422.0,429.0,422.0,425.0,0.71,20374.0,1024.0,112.0
SRBL,2/12/2015,425.0,429.0,422.0,429.0,0.94,14800.0,1024.0,112.0
SRBL,2/15/2015,429.0,436.0,422.0,436.0,1.63,34901.0,1024.0,112.0
SRBL,2/16/2015,436.0,435.0,425.0,430.0,-1.38,26450.0,1024.0,112.0
SRBL,2/18/2015,400.0,419.0,405.0,406.0,-5.58,1057.0,1024.0,112.0
SRBL,2/22/2015,406.0,406.0,391.0,399.0,-1.72,2749.0,1024.0,112.0
SRBL,2/23/2015,399.0,397.0,391.0,397.0,-0.5,1616.0,1024.0,112.0
SRBL,2/24/2015,397.0,401.0,397.0,399.0,0.5,5848.0,1024.0,112.0
SRBL,2/25/2015,399.0,402.0,391.0,402.0,0.75,1533.0,1024.0,112.0
SRBL,2/26/2015,402.0,402.0,396.0,398.0,-1.0,1445.0,1024.0,112.0
SRBL,3/1/2015,398.0,393.0,390.0,392.0,-1.51,1712.0,1024.0,112.0
SRBL,3/2/2015,392.0,400.0,394.0,400.0,2.04,1677.0,1024.0,112.0
SRBL,3/3/2015,400.0,406.0,403.0,406.0,1.5,832.0,1024.0,112.0
SRBL,3/4/2015,406.0,408.0,400.0,405.0,-0.25,3172.0,1024.0,112.0
SRBL,3/9/2015,405.0,413.0,402.0,404.0,-0.25,767.0,1024.0,112.0
SRBL,3/10/2015,404.0,413.0,400.0,413.0,2.23,2544.0,1024.0,112.0
SRBL,3/11/2015,413.0,415.0,408.0,415.0,0.48,3071.0,1024.0,112.0
SRBL,3/12/2015,415.0,417.0,411.0,417.0,0.48,2018.0,1024.0,112.0
SRBL,3/15/2015,417.0,410.0,403.0,405.0,-2.88,2079.0,1024.0,112.0
SRBL,3/16/2015,405.0,413.0,400.0,400.0,-1.23,1728.0,1024.0,112.0
SRBL,3/17/2015,400.0,406.0,400.0,400.0,0.0,12532.0,1024.0,112.0
SRBL,3/18/2015,400.0,406.0,396.0,400.0,0.0,6527.0,1024.0,112.0
SRBL,3/19/2015,400.0,407.0,398.0,407.0,1.75,12529.0,1024.0,112.0
SRBL,3/22/2015,407.0,407.0,396.0,400.0,-1.72,3921.0,1024.0,112.0
SRBL,3/23/2015,400.0,395.0,390.0,394.0,-1.5,6104.0,1024.0,112.0
SRBL,3/24/2015,394.0,394.0,388.0,394.0,0.0,1300.0,1024.0,112.0
SRBL,3/25/2015,394.0,394.0,385.0,389.0,-1.27,2473.0,1024.0,112.0
SRBL,3/26/2015,389.0,388.0,382.0,388.0,-0.26,2154.0,1024.0,112.0
SRBL,3/29/2015,388.0,388.0,382.0,383.0,-1.29,725.0,1024.0,112.0
SRBL,3/30/2015,383.0,390.0,380.0,386.0,0.78,9026.0,1024.0,112.0
SRBL,3/31/2015,386.0,393.0,380.0,388.0,0.52,3329.0,1024.0,112.0
SRBL,4/1/2015,388.0,391.0,384.0,384.0,-1.03,2190.0,1024.0,112.0
SRBL,4/2/2015,384.0,391.0,384.0,384.0,0.0,7164.0,1024.0,112.0
SRBL,4/5/2015,384.0,386.0,375.0,377.0,-1.82,1326.0,1024.0,112.0
SRBL,4/6/2015,377.0,377.0,372.0,373.0,-1.06,2167.0,1024.0,112.0
SRBL,4/7/2015,373.0,383.0,373.0,383.0,2.68,489.0,1024.0,112.0
SRBL,4/8/2015,383.0,395.0,385.0,394.0,2.87,2491.0,1024.0,112.0
SRBL,4/9/2015,394.0,405.0,392.0,403.0,2.28,9710.0,1024.0,112.0
SRBL,4/12/2015,403.0,408.0,400.0,400.0,-0.74,3904.0,1024.0,112.0
SRBL,4/13/2015,400.0,400.0,391.0,400.0,0.0,1829.0,1024.0,112.0
SRBL,4/15/2015,400.0,395.0,388.0,395.0,-1.25,3295.0,1024.0,112.0
SRBL,4/16/2015,395.0,408.0,392.0,405.0,2.53,6073.0,1024.0,112.0
SRBL,4/19/2015,405.0,410.0,402.0,405.0,0.0,4950.0,1024.0,112.0
SRBL,4/20/2015,405.0,415.0,407.0,412.0,1.73,8122.0,1024.0,112.0
SRBL,4/21/2015,412.0,419.0,409.0,416.0,0.97,9218.0,1024.0,112.0
SRBL,4/22/2015,416.0,421.0,401.0,401.0,-3.61,16172.0,1024.0,112.0
SRBL,4/23/2015,401.0,411.0,396.0,402.0,0.25,4657.0,1024.0,112.0
SRBL,5/24/2015,402.0,394.0,362.0,362.0,-9.95,470.0,1024.0,112.0
SRBL,5/25/2015,362.0,355.0,326.0,326.0,-9.94,349.0,1024.0,112.0
SRBL,5/26/2015,326.0,345.0,320.0,327.0,0.31,2754.0,1024.0,112.0
SRBL,5/27/2015,327.0,327.0,317.0,323.0,-1.22,5300.0,1024.0,112.0
SRBL,5/28/2015,323.0,339.0,318.0,331.0,2.48,5340.0,1024.0,112.0
SRBL,5/31/2015,331.0,364.0,337.0,364.0,9.97,627.0,1024.0,112.0
SRBL,6/1/2015,364.0,390.0,371.0,388.0,6.59,4679.0,1024.0,112.0
SRBL,6/2/2015,388.0,385.0,380.0,380.0,-2.06,1097.0,1024.0,112.0
SRBL,6/3/2015,380.0,409.0,387.0,409.0,7.63,2043.0,1024.0,112.0
SRBL,6/4/2015,409.0,410.0,390.0,393.0,-3.91,1759.0,1024.0,112.0
SRBL,6/7/2015,393.0,405.0,394.0,400.0,1.78,1067.0,1024.0,112.0
SRBL,6/8/2015,400.0,415.0,400.0,409.0,2.25,4179.0,1024.0,112.0
SRBL,6/9/2015,409.0,449.0,417.0,421.0,2.93,9897.0,1024.0,112.0
SRBL,6/10/2015,421.0,420.0,415.0,415.0,-1.43,2706.0,1024.0,112.0
SRBL,6/11/2015,415.0,422.0,407.0,407.0,-1.93,1422.0,1024.0,112.0
SRBL,6/14/2015,407.0,400.0,392.0,392.0,-3.69,873.0,1024.0,112.0
SRBL,6/15/2015,392.0,405.0,390.0,405.0,3.32,1372.0,1024.0,112.0
SRBL,6/16/2015,405.0,413.0,407.0,412.0,1.73,2549.0,1024.0,112.0
SRBL,6/17/2015,412.0,417.0,410.0,410.0,-0.49,4243.0,1024.0,112.0
SRBL,6/18/2015,410.0,410.0,402.0,405.0,-1.22,2060.0,1024.0,112.0
SRBL,6/21/2015,405.0,402.0,400.0,400.0,-1.23,1945.0,1024.0,112.0
SRBL,6/22/2015,400.0,410.0,400.0,410.0,2.5,5906.0,1024.0,112.0
SRBL,6/23/2015,410.0,413.0,402.0,413.0,0.73,5653.0,1024.0,112.0
SRBL,6/24/2015,413.0,414.0,411.0,414.0,0.24,2518.0,1024.0,112.0
SRBL,6/25/2015,414.0,416.0,410.0,414.0,0.0,3813.0,1024.0,112.0
SRBL,6/28/2015,414.0,418.0,412.0,418.0,0.97,7130.0,1024.0,112.0
SRBL,6/29/2015,418.0,425.0,414.0,415.0,-0.72,5685.0,1024.0,112.0
SRBL,6/30/2015,415.0,416.0,409.0,416.0,0.24,2959.0,1024.0,112.0
SRBL,7/1/2015,416.0,413.0,410.0,410.0,-1.44,2810.0,1024.0,112.0
SRBL,7/2/2015,410.0,410.0,405.0,406.0,-0.98,6807.0,1024.0,112.0
SRBL,7/5/2015,406.0,410.0,405.0,407.0,0.25,16304.0,1024.0,112.0
SRBL,7/6/2015,407.0,415.0,407.0,413.0,1.47,2007.0,1024.0,112.0
SRBL,7/7/2015,413.0,418.0,408.0,418.0,1.21,1756.0,1024.0,112.0
SRBL,7/8/2015,418.0,413.0,410.0,412.0,-1.44,1469.0,1024.0,112.0
SRBL,7/9/2015,412.0,412.0,410.0,411.0,-0.24,831.0,1024.0,112.0
SRBL,7/12/2015,411.0,415.0,395.0,415.0,0.97,7876.0,1024.0,112.0
SRBL,7/13/2015,415.0,414.0,410.0,410.0,-1.2,2497.0,1024.0,112.0
SRBL,7/14/2015,410.0,418.0,410.0,414.0,0.98,1836.0,1024.0,112.0
SRBL,7/15/2015,414.0,413.0,412.0,413.0,-0.24,906.0,1024.0,112.0
SRBL,7/16/2015,413.0,413.0,405.0,410.0,-0.73,1775.0,1024.0,112.0
SRBL,7/22/2015,410.0,436.0,411.0,431.0,5.12,7719.0,1024.0,112.0
SRBL,7/23/2015,431.0,470.0,439.0,470.0,9.05,14663.0,1024.0,112.0
SRBL,7/26/2015,470.0,517.0,479.0,517.0,10.0,8270.0,1024.0,112.0
SRBL,7/27/2015,517.0,527.0,466.0,466.0,-9.86,10115.0,1024.0,112.0
SRBL,7/28/2015,466.0,470.0,450.0,455.0,-2.36,9316.0,1024.0,112.0
SRBL,7/29/2015,455.0,454.0,446.0,454.0,-0.22,2973.0,1024.0,112.0
SRBL,7/30/2015,454.0,470.0,447.0,455.0,0.22,4603.0,1024.0,112.0
SRBL,8/2/2015,455.0,455.0,450.0,455.0,0.0,4130.0,1024.0,112.0
SRBL,8/3/2015,455.0,463.0,442.0,461.0,1.32,5949.0,1024.0,112.0
SRBL,8/4/2015,461.0,461.0,452.0,456.0,-1.08,7588.0,1024.0,112.0
SRBL,8/5/2015,456.0,465.0,450.0,462.0,1.32,5584.0,1024.0,112.0
SRBL,8/6/2015,462.0,470.0,463.0,469.0,1.52,2605.0,1024.0,112.0
SRBL,8/9/2015,469.0,487.0,443.0,455.0,-2.99,14681.0,1024.0,112.0
SRBL,8/10/2015,455.0,464.0,451.0,455.0,0.0,8565.0,1024.0,112.0
SRBL,8/11/2015,455.0,455.0,450.0,452.0,-0.66,3150.0,1024.0,112.0
SRBL,8/12/2015,452.0,455.0,442.0,455.0,0.66,5538.0,1024.0,112.0
SRBL,8/13/2015,455.0,463.0,456.0,462.0,1.54,4518.0,1024.0,112.0
SRBL,8/16/2015,462.0,498.0,471.0,495.0,7.14,1941.0,1024.0,112.0
SRBL,8/17/2015,495.0,519.0,469.0,500.0,1.01,41815.0,1024.0,112.0
SRBL,8/18/2015,500.0,520.0,485.0,487.0,-2.6,31324.0,1024.0,112.0
SRBL,8/19/2015,487.0,520.0,491.0,518.0,6.37,54891.0,1024.0,112.0
SRBL,8/20/2015,518.0,560.0,518.0,519.0,0.19,36747.0,1024.0,112.0
SRBL,8/23/2015,519.0,527.0,493.0,525.0,1.16,19115.0,1024.0,112.0
SRBL,8/24/2015,525.0,540.0,515.0,524.0,-0.19,38078.0,1024.0,112.0
SRBL,8/25/2015,524.0,521.0,503.0,515.0,-1.72,7680.0,1024.0,112.0
SRBL,8/26/2015,515.0,530.0,515.0,530.0,2.91,28679.0,1024.0,112.0
SRBL,8/27/2015,530.0,533.0,515.0,525.0,-0.94,19832.0,1024.0,112.0
SRBL,8/31/2015,525.0,530.0,520.0,520.0,-0.95,6968.0,1024.0,112.0
SRBL,9/1/2015,520.0,523.0,515.0,518.0,-0.38,7779.0,1024.0,112.0
SRBL,9/2/2015,518.0,515.0,506.0,507.0,-2.12,7127.0,1024.0,112.0
SRBL,9/3/2015,507.0,516.0,505.0,508.0,0.2,6396.0,1024.0,112.0
SRBL,9/6/2015,508.0,512.0,489.0,511.0,0.59,9527.0,1024.0,112.0
SRBL,9/7/2015,511.0,515.0,507.0,512.0,0.2,2964.0,1024.0,112.0
SRBL,9/8/2015,512.0,514.0,507.0,510.0,-0.39,4978.0,1024.0,112.0
SRBL,9/9/2015,510.0,514.0,507.0,514.0,0.78,6157.0,1024.0,112.0
SRBL,9/10/2015,514.0,510.0,505.0,505.0,-1.75,4138.0,1024.0,112.0
SRBL,9/13/2015,505.0,520.0,502.0,515.0,1.98,5870.0,1024.0,112.0
SRBL,9/14/2015,515.0,535.0,513.0,515.0,0.0,6493.0,1024.0,112.0
SRBL,9/15/2015,515.0,530.0,517.0,530.0,2.91,17158.0,1024.0,112.0
SRBL,9/16/2015,530.0,535.0,521.0,530.0,0.0,44281.0,1024.0,112.0
SRBL,9/17/2015,530.0,545.0,522.0,540.0,1.89,32702.0,1024.0,112.0
SRBL,9/22/2015,540.0,531.0,510.0,510.0,-5.56,23755.0,1024.0,112.0
SRBL,9/23/2015,510.0,535.0,516.0,530.0,3.92,9102.0,1024.0,112.0
SRBL,9/24/2015,530.0,538.0,520.0,538.0,1.51,21177.0,1024.0,112.0
SRBL,9/28/2015,538.0,541.0,518.0,534.0,-0.74,21401.0,1024.0,112.0
SRBL,9/29/2015,534.0,546.0,538.0,546.0,2.25,15348.0,1024.0,112.0
SRBL,9/30/2015,546.0,555.0,545.0,555.0,1.65,23477.0,1024.0,112.0
SRBL,10/1/2015,555.0,560.0,540.0,550.0,-0.9,10707.0,1024.0,112.0
SRBL,10/4/2015,550.0,552.0,535.0,540.0,-1.82,30310.0,1024.0,112.0
SRBL,10/5/2015,540.0,539.0,531.0,536.0,-0.74,3485.0,1024.0,112.0
SRBL,10/6/2015,536.0,533.0,523.0,525.0,-2.05,7303.0,1024.0,112.0
SRBL,10/7/2015,525.0,531.0,520.0,529.0,0.76,6169.0,1024.0,112.0
SRBL,10/8/2015,529.0,530.0,520.0,530.0,0.19,15956.0,1024.0,112.0
SRBL,10/11/2015,530.0,538.0,515.0,515.0,-2.83,10378.0,1024.0,112.0
SRBL,10/14/2015,515.0,525.0,511.0,522.0,1.36,2860.0,1024.0,112.0
SRBL,10/15/2015,522.0,525.0,519.0,519.0,-0.57,4301.0,1024.0,112.0
SRBL,10/18/2015,519.0,528.0,515.0,516.0,-0.58,24132.0,1024.0,112.0
SRBL,10/19/2015,516.0,522.0,515.0,519.0,0.58,11227.0,1024.0,112.0
SRBL,10/25/2015,519.0,519.0,516.0,516.0,-0.58,3620.0,1024.0,112.0
SRBL,10/27/2015,516.0,508.0,490.0,490.0,-5.04,11266.0,1024.0,112.0
SRBL,10/28/2015,403.0,409.0,390.0,409.0,-16.53,1012.0,1024.0,112.0
SRBL,10/29/2015,409.0,410.0,395.0,400.0,-2.2,3023.0,1024.0,112.0
SRBL,11/1/2015,400.0,392.0,385.0,385.0,-3.75,1850.0,1024.0,112.0
SRBL,11/2/2015,385.0,387.0,380.0,382.0,-0.78,3665.0,1024.0,112.0
SRBL,11/3/2015,382.0,378.0,365.0,370.0,-3.14,2203.0,1024.0,112.0
SRBL,11/4/2015,370.0,382.0,364.0,382.0,3.24,494.0,1024.0,112.0
SRBL,11/5/2015,382.0,380.0,370.0,372.0,-2.62,3289.0,1024.0,112.0
SRBL,11/8/2015,372.0,372.0,370.0,372.0,0.0,1064.0,1024.0,112.0
SRBL,11/9/2015,372.0,389.0,379.0,389.0,4.57,1028.0,1024.0,112.0
SRBL,11/10/2015,389.0,386.0,380.0,384.0,-1.29,1257.0,1024.0,112.0
SRBL,11/15/2015,384.0,382.0,382.0,382.0,-0.52,884.0,1024.0,112.0
SRBL,11/16/2015,382.0,380.0,375.0,378.0,-1.05,1486.0,1024.0,112.0
SRBL,11/18/2015,378.0,393.0,375.0,380.0,0.53,2720.0,1024.0,112.0
SRBL,11/19/2015,380.0,380.0,373.0,380.0,0.0,1257.0,1024.0,112.0
SRBL,11/22/2015,380.0,378.0,360.0,363.0,-4.47,3804.0,1024.0,112.0
SRBL,11/23/2015,363.0,377.0,356.0,377.0,3.86,1868.0,1024.0,112.0
SRBL,11/24/2015,377.0,380.0,370.0,370.0,-1.86,1090.0,1024.0,112.0
SRBL,11/25/2015,370.0,370.0,360.0,360.0,-2.7,1037.0,1024.0,112.0
SRBL,11/26/2015,360.0,353.0,343.0,348.0,-3.33,2682.0,1024.0,112.0
SRBL,11/29/2015,348.0,342.0,331.0,334.0,-4.02,5810.0,1024.0,112.0
SRBL,11/30/2015,334.0,345.0,340.0,343.0,2.69,3608.0,1024.0,112.0
SRBL,12/1/2015,343.0,367.0,349.0,365.0,6.41,1752.0,1024.0,112.0
SRBL,12/2/2015,365.0,365.0,350.0,365.0,0.0,4633.0,1024.0,112.0
SRBL,12/3/2015,365.0,370.0,360.0,365.0,0.0,1122.0,1024.0,112.0
SRBL,12/6/2015,365.0,385.0,370.0,385.0,5.48,10208.0,1024.0,112.0
SRBL,12/7/2015,385.0,382.0,370.0,376.0,-2.34,4204.0,1024.0,112.0
SRBL,12/8/2015,376.0,387.0,378.0,387.0,2.93,6494.0,1024.0,112.0
SRBL,12/9/2015,387.0,400.0,392.0,399.0,3.1,12046.0,1024.0,112.0
SRBL,12/10/2015,399.0,400.0,392.0,400.0,0.25,2156.0,1024.0,112.0
SRBL,12/13/2015,400.0,409.0,395.0,400.0,0.0,18847.0,1024.0,112.0
SRBL,12/14/2015,400.0,400.0,397.0,397.0,-0.75,1247.0,1024.0,112.0
SRBL,12/15/2015,397.0,400.0,392.0,395.0,-0.5,985.0,1024.0,112.0
SRBL,12/16/2015,395.0,395.0,390.0,395.0,0.0,1225.0,1024.0,112.0
SRBL,12/17/2015,395.0,395.0,390.0,390.0,-1.27,3150.0,1024.0,112.0
SRBL,12/20/2015,390.0,389.0,385.0,385.0,-1.28,2696.0,1024.0,112.0
SRBL,12/21/2015,385.0,392.0,380.0,390.0,1.3,4315.0,1024.0,112.0
SRBL,12/22/2015,390.0,400.0,390.0,400.0,2.56,2707.0,1024.0,112.0
SRBL,12/23/2015,400.0,402.0,395.0,399.0,-0.25,5405.0,1024.0,112.0
SRBL,12/24/2015,399.0,408.0,397.0,408.0,2.26,9056.0,1024.0,112.0
SRBL,12/27/2015,408.0,403.0,400.0,403.0,-1.23,3530.0,1024.0,112.0
SRBL,12/28/2015,403.0,400.0,395.0,395.0,-1.99,2883.0,1024.0,112.0
SRBL,12/29/2015,395.0,416.0,398.0,408.0,3.29,1910.0,1024.0,112.0
SRBL,12/31/2015,408.0,405.0,397.0,404.0,-0.98,2519.0,1024.0,112.0
SRBL,1/3/2016,404.0,420.0,411.0,412.0,1.98,6420.0,1024.0,112.0
SRBL,1/4/2016,412.0,415.0,408.0,415.0,0.73,2162.0,1024.0,112.0
SRBL,1/5/2016,415.0,415.0,406.0,406.0,-2.17,4706.0,1024.0,112.0
SRBL,1/6/2016,406.0,410.0,400.0,410.0,0.99,3830.0,1024.0,112.0
SRBL,1/7/2016,410.0,418.0,410.0,412.0,0.49,11717.0,1024.0,112.0
SRBL,1/10/2016,371.0,375.0,358.0,360.0,-12.62,47846.0,1024.0,112.0
SRBL,1/12/2016,360.0,384.0,361.0,380.0,5.56,4868.0,1024.0,112.0
SRBL,1/13/2016,380.0,385.0,374.0,374.0,-1.58,775.0,1024.0,112.0
SRBL,1/14/2016,374.0,389.0,371.0,389.0,4.01,3861.0,1024.0,112.0
SRBL,1/17/2016,389.0,407.0,382.0,400.0,2.83,8357.0,1024.0,112.0
SRBL,1/18/2016,400.0,404.0,396.0,404.0,1.0,27150.0,1024.0,112.0
SRBL,1/19/2016,404.0,426.0,398.0,424.0,4.95,21010.0,1024.0,112.0
SRBL,1/20/2016,424.0,431.0,421.0,427.0,0.71,14549.0,1024.0,112.0
SRBL,1/21/2016,427.0,430.0,420.0,430.0,0.7,25270.0,1024.0,112.0
SRBL,1/24/2016,430.0,443.0,433.0,441.0,2.56,30703.0,1024.0,112.0
SRBL,1/25/2016,441.0,456.0,439.0,439.0,-0.45,16233.0,1024.0,112.0
SRBL,1/26/2016,439.0,436.0,427.0,427.0,-2.73,7499.0,1024.0,112.0
SRBL,1/27/2016,427.0,435.0,427.0,430.0,0.7,31789.0,1024.0,112.0
SRBL,1/28/2016,430.0,434.0,429.0,429.0,-0.23,10300.0,1024.0,112.0
SRBL,1/31/2016,429.0,436.0,424.0,435.0,1.4,9917.0,1024.0,112.0
SRBL,2/1/2016,435.0,438.0,430.0,438.0,0.69,17193.0,1024.0,112.0
SRBL,2/2/2016,438.0,446.0,435.0,440.0,0.46,21191.0,1024.0,112.0
SRBL,2/3/2016,440.0,445.0,436.0,439.0,-0.23,2880.0,1024.0,112.0
SRBL,2/4/2016,439.0,444.0,431.0,435.0,-0.91,7276.0,1024.0,112.0
SRBL,2/7/2016,435.0,442.0,426.0,435.0,0.0,7667.0,1024.0,112.0
SRBL,2/8/2016,435.0,438.0,428.0,435.0,0.0,22104.0,1024.0,112.0
SRBL,2/11/2016,435.0,438.0,426.0,431.0,-0.92,5506.0,1024.0,112.0
SRBL,2/14/2016,431.0,439.0,426.0,427.0,-0.93,9153.0,1024.0,112.0
SRBL,2/15/2016,427.0,438.0,417.0,438.0,2.58,13227.0,1024.0,112.0
SRBL,2/16/2016,438.0,441.0,436.0,437.0,-0.23,5849.0,1024.0,112.0
SRBL,2/17/2016,437.0,441.0,434.0,440.0,0.69,24537.0,1024.0,112.0
SRBL,2/18/2016,440.0,480.0,440.0,477.0,8.41,145350.0,1024.0,112.0
SRBL,2/21/2016,477.0,500.0,477.0,484.0,1.47,89018.0,1024.0,112.0
SRBL,2/22/2016,484.0,489.0,475.0,480.0,-0.83,32644.0,1024.0,112.0
SRBL,2/23/2016,480.0,480.0,468.0,470.0,-2.08,7086.0,1024.0,112.0
SRBL,2/24/2016,470.0,468.0,452.0,462.0,-1.7,4045.0,1024.0,112.0
SRBL,2/25/2016,462.0,468.0,442.0,464.0,0.43,7208.0,1024.0,112.0
SRBL,2/28/2016,464.0,464.0,455.0,463.0,-0.22,6644.0,1024.0,112.0
SRBL,2/29/2016,463.0,458.0,451.0,451.0,-2.59,6505.0,1024.0,112.0
SRBL,3/1/2016,451.0,464.0,442.0,461.0,2.22,13479.0,1024.0,112.0
SRBL,3/2/2016,461.0,462.0,455.0,460.0,-0.22,9886.0,1024.0,112.0
SRBL,3/3/2016,460.0,464.0,455.0,462.0,0.43,5385.0,1024.0,112.0
SRBL,3/6/2016,462.0,465.0,450.0,465.0,0.65,15072.0,1024.0,112.0
SRBL,3/10/2016,465.0,465.0,460.0,461.0,-0.86,8051.0,1024.0,112.0
SRBL,3/13/2016,461.0,460.0,450.0,460.0,-0.22,7520.0,1024.0,112.0
SRBL,3/14/2016,460.0,464.0,452.0,464.0,0.87,5116.0,1024.0,112.0
SRBL,3/15/2016,464.0,464.0,456.0,456.0,-1.72,7742.0,1024.0,112.0
SRBL,3/16/2016,456.0,465.0,448.0,465.0,1.97,7794.0,1024.0,112.0
SRBL,3/17/2016,465.0,470.0,464.0,464.0,-0.22,8100.0,1024.0,112.0
SRBL,3/20/2016,464.0,480.0,464.0,479.0,3.23,13890.0,1024.0,112.0
SRBL,3/21/2016,479.0,480.0,472.0,475.0,-0.84,5001.0,1024.0,112.0
SRBL,3/23/2016,475.0,487.0,468.0,487.0,2.53,37788.0,1024.0,112.0
SRBL,3/24/2016,487.0,500.0,487.0,495.0,1.64,37087.0,1024.0,112.0
SRBL,3/27/2016,495.0,500.0,489.0,499.0,0.81,13633.0,1024.0,112.0
SRBL,3/28/2016,499.0,500.0,490.0,495.0,-0.8,21795.0,1024.0,112.0
SRBL,3/29/2016,495.0,500.0,477.0,493.0,-0.4,18264.0,1024.0,112.0
SRBL,3/30/2016,493.0,490.0,484.0,485.0,-1.62,8011.0,1024.0,112.0
SRBL,3/31/2016,485.0,490.0,482.0,485.0,0.0,14561.0,1024.0,112.0
SRBL,4/3/2016,485.0,492.0,479.0,492.0,1.44,12877.0,1024.0,112.0
SRBL,4/4/2016,492.0,506.0,490.0,503.0,2.24,22270.0,1024.0,112.0
SRBL,4/5/2016,503.0,526.0,510.0,524.0,4.17,47495.0,1024.0,112.0
SRBL,4/6/2016,524.0,535.0,525.0,530.0,1.15,38985.0,1024.0,112.0
SRBL,4/10/2016,530.0,545.0,526.0,545.0,2.83,25977.0,1024.0,112.0
SRBL,4/11/2016,545.0,550.0,534.0,542.0,-0.55,13080.0,1024.0,112.0
SRBL,4/12/2016,542.0,552.0,540.0,550.0,1.48,16226.0,1024.0,112.0
SRBL,4/14/2016,550.0,568.0,543.0,568.0,3.27,13819.0,1024.0,112.0
SRBL,4/17/2016,568.0,577.0,560.0,570.0,0.35,5768.0,1024.0,112.0
SRBL,4/18/2016,570.0,571.0,558.0,558.0,-2.11,12855.0,1024.0,112.0
SRBL,4/19/2016,558.0,569.0,558.0,565.0,1.25,16971.0,1024.0,112.0
SRBL,4/20/2016,565.0,595.0,570.0,592.0,4.78,36037.0,1024.0,112.0
SRBL,4/21/2016,592.0,590.0,582.0,584.0,-1.35,33166.0,1024.0,112.0
SRBL,4/24/2016,584.0,590.0,577.0,580.0,-0.68,21029.0,1024.0,112.0
SRBL,4/25/2016,580.0,591.0,570.0,590.0,1.72,34894.0,1024.0,112.0
SRBL,4/26/2016,590.0,600.0,585.0,589.0,-0.17,9790.0,1024.0,112.0
SRBL,4/27/2016,589.0,598.0,570.0,589.0,0.0,16605.0,1024.0,112.0
SRBL,4/28/2016,589.0,590.0,580.0,585.0,-0.68,6859.0,1024.0,112.0
SRBL,5/2/2016,585.0,587.0,580.0,580.0,-0.85,6128.0,1024.0,112.0
SRBL,5/3/2016,580.0,581.0,569.0,575.0,-0.86,12942.0,1024.0,112.0
SRBL,5/4/2016,575.0,580.0,568.0,572.0,-0.52,19689.0,1024.0,112.0
SRBL,5/5/2016,572.0,577.0,564.0,576.0,0.7,18670.0,1024.0,112.0
SRBL,5/8/2016,576.0,596.0,580.0,591.0,2.6,20270.0,1024.0,112.0
SRBL,5/9/2016,591.0,610.0,590.0,600.0,1.52,22037.0,1024.0,112.0
SRBL,5/10/2016,600.0,601.0,586.0,590.0,-1.67,13376.0,1024.0,112.0
SRBL,5/11/2016,590.0,586.0,575.0,585.0,-0.85,8000.0,1024.0,112.0
SRBL,5/12/2016,585.0,591.0,583.0,585.0,0.0,3671.0,1024.0,112.0
SRBL,5/15/2016,585.0,586.0,582.0,582.0,-0.51,3403.0,1024.0,112.0
SRBL,5/16/2016,582.0,592.0,579.0,592.0,1.72,6879.0,1024.0,112.0
SRBL,5/17/2016,592.0,600.0,587.0,590.0,-0.34,13661.0,1024.0,112.0
SRBL,5/18/2016,590.0,600.0,588.0,594.0,0.68,13203.0,1024.0,112.0
SRBL,5/19/2016,594.0,600.0,580.0,594.0,0.0,11597.0,1024.0,112.0
SRBL,5/22/2016,594.0,615.0,594.0,615.0,3.54,21275.0,1024.0,112.0
SRBL,5/23/2016,615.0,637.0,607.0,630.0,2.44,20933.0,1024.0,112.0
SRBL,5/24/2016,630.0,663.0,632.0,663.0,5.24,24148.0,1024.0,112.0
SRBL,5/25/2016,663.0,663.0,630.0,630.0,-4.98,56103.0,1024.0,112.0
SRBL,5/26/2016,630.0,635.0,603.0,625.0,-0.79,65599.0,1024.0,112.0
SRBL,5/29/2016,625.0,639.0,614.0,620.0,-0.8,52226.0,1024.0,112.0
SRBL,5/30/2016,620.0,626.0,617.0,617.0,-0.48,19035.0,1024.0,112.0
SRBL,5/31/2016,617.0,620.0,605.0,612.0,-0.81,27486.0,1024.0,112.0
SRBL,6/1/2016,612.0,620.0,611.0,617.0,0.82,66916.0,1024.0,112.0
SRBL,6/2/2016,617.0,635.0,611.0,630.0,2.11,62934.0,1024.0,112.0
SRBL,6/5/2016,630.0,621.0,604.0,607.0,-3.65,45465.0,1024.0,112.0
SRBL,6/6/2016,607.0,625.0,606.0,625.0,2.97,23944.0,1024.0,112.0
SRBL,6/7/2016,625.0,646.0,631.0,643.0,2.88,35529.0,1024.0,112.0
SRBL,6/8/2016,643.0,652.0,640.0,648.0,0.78,31032.0,1024.0,112.0
SRBL,6/9/2016,648.0,650.0,640.0,645.0,-0.46,21961.0,1024.0,112.0
SRBL,6/12/2016,645.0,650.0,637.0,640.0,-0.78,30867.0,1024.0,112.0
SRBL,6/13/2016,640.0,660.0,636.0,644.0,0.63,20994.0,1024.0,112.0
SRBL,6/14/2016,644.0,654.0,645.0,650.0,0.93,24283.0,1024.0,112.0
SRBL,6/15/2016,650.0,652.0,638.0,645.0,-0.77,16492.0,1024.0,112.0
SRBL,6/16/2016,645.0,656.0,642.0,645.0,0.0,25252.0,1024.0,112.0
SRBL,6/19/2016,645.0,658.0,623.0,639.0,-0.93,16337.0,1024.0,112.0
SRBL,6/20/2016,639.0,650.0,635.0,643.0,0.63,11139.0,1024.0,112.0
SRBL,6/21/2016,643.0,660.0,635.0,659.0,2.49,27312.0,1024.0,112.0
SRBL,6/22/2016,659.0,682.0,653.0,660.0,0.15,46840.0,1024.0,112.0
SRBL,6/23/2016,660.0,678.0,652.0,665.0,0.76,15500.0,1024.0,112.0
SRBL,6/26/2016,665.0,685.0,665.0,683.0,2.71,34220.0,1024.0,112.0
SRBL,6/27/2016,683.0,729.0,682.0,729.0,6.73,65714.0,1024.0,112.0
SRBL,6/28/2016,729.0,740.0,710.0,715.0,-1.92,57085.0,1024.0,112.0
SRBL,6/29/2016,715.0,722.0,710.0,718.0,0.42,32457.0,1024.0,112.0
SRBL,6/30/2016,718.0,730.0,710.0,720.0,0.28,27403.0,1024.0,112.0
SRBL,7/3/2016,720.0,721.0,704.0,715.0,-0.69,13940.0,1024.0,112.0
SRBL,7/4/2016,715.0,720.0,701.0,711.0,-0.56,19537.0,1024.0,112.0
SRBL,7/5/2016,711.0,724.0,686.0,710.0,-0.14,25476.0,1024.0,112.0
SRBL,7/6/2016,710.0,722.0,708.0,722.0,1.69,29435.0,1024.0,112.0
SRBL,7/10/2016,722.0,747.0,722.0,738.0,2.22,31268.0,1024.0,112.0
SRBL,7/11/2016,738.0,748.0,724.0,734.0,-0.54,23303.0,1024.0,112.0
SRBL,7/12/2016,734.0,745.0,715.0,730.0,-0.54,24536.0,1024.0,112.0
SRBL,7/13/2016,730.0,730.0,702.0,725.0,-0.68,20679.0,1024.0,112.0
SRBL,7/14/2016,725.0,748.0,730.0,748.0,3.17,16340.0,1024.0,112.0
SRBL,7/17/2016,748.0,800.0,761.0,795.0,6.28,58405.0,1024.0,112.0
SRBL,7/18/2016,795.0,820.0,790.0,798.0,0.38,29843.0,1024.0,112.0
SRBL,7/19/2016,798.0,843.0,770.0,838.0,5.01,59754.0,1024.0,112.0
SRBL,7/20/2016,838.0,868.0,829.0,840.0,0.24,49309.0,1024.0,112.0
SRBL,7/21/2016,840.0,854.0,810.0,843.0,0.36,49432.0,1024.0,112.0
SRBL,7/25/2016,843.0,900.0,840.0,890.0,5.58,61488.0,1024.0,112.0
SRBL,7/26/2016,890.0,925.0,881.0,897.0,0.79,55807.0,1024.0,112.0
SRBL,7/27/2016,897.0,900.0,870.0,880.0,-1.9,39503.0,1024.0,112.0
SRBL,7/28/2016,880.0,892.0,855.0,870.0,-1.14,30043.0,1024.0,112.0
SRBL,7/31/2016,870.0,870.0,850.0,855.0,-1.72,58643.0,1024.0,112.0
SRBL,8/1/2016,855.0,865.0,831.0,855.0,0.0,34675.0,1024.0,112.0
SRBL,8/2/2016,855.0,858.0,831.0,831.0,-2.81,28264.0,1024.0,112.0
SRBL,8/3/2016,831.0,849.0,802.0,836.0,0.6,21495.0,1024.0,112.0
SRBL,8/4/2016,836.0,835.0,807.0,815.0,-2.51,36404.0,1024.0,112.0
SRBL,8/7/2016,815.0,842.0,810.0,812.0,-0.37,43162.0,1024.0,112.0
SRBL,8/8/2016,812.0,810.0,760.0,770.0,-5.17,21737.0,1024.0,112.0
SRBL,8/9/2016,770.0,832.0,785.0,830.0,7.79,9521.0,1024.0,112.0
SRBL,8/10/2016,830.0,862.0,790.0,832.0,0.24,66714.0,1024.0,112.0
SRBL,8/11/2016,832.0,835.0,818.0,826.0,-0.72,18941.0,1024.0,112.0
SRBL,8/14/2016,826.0,821.0,792.0,792.0,-4.12,24860.0,1024.0,112.0
SRBL,8/15/2016,792.0,820.0,765.0,791.0,-0.13,28731.0,1024.0,112.0
SRBL,8/16/2016,791.0,810.0,776.0,808.0,2.15,16667.0,1024.0,112.0
SRBL,8/17/2016,808.0,819.0,800.0,809.0,0.12,17396.0,1024.0,112.0
SRBL,8/21/2016,809.0,809.0,793.0,794.0,-1.85,6790.0,1024.0,112.0
SRBL,8/22/2016,794.0,790.0,775.0,780.0,-1.76,6660.0,1024.0,112.0
SRBL,8/23/2016,780.0,790.0,764.0,780.0,0.0,14877.0,1024.0,112.0
SRBL,8/24/2016,780.0,795.0,776.0,795.0,1.92,10074.0,1024.0,112.0
SRBL,8/28/2016,795.0,815.0,790.0,810.0,1.89,10253.0,1024.0,112.0
SRBL,8/29/2016,810.0,832.0,810.0,830.0,2.47,18056.0,1024.0,112.0
SRBL,8/30/2016,830.0,865.0,825.0,856.0,3.13,45364.0,1024.0,112.0
SRBL,8/31/2016,856.0,873.0,851.0,869.0,1.52,21328.0,1024.0,112.0
SRBL,9/1/2016,869.0,886.0,870.0,878.0,1.04,48153.0,1024.0,112.0
SRBL,9/3/2016,878.0,911.0,880.0,905.0,3.08,50413.0,1024.0,112.0
SRBL,9/4/2016,878.0,911.0,880.0,905.0,0.0,50413.0,1024.0,112.0
SRBL,9/5/2016,905.0,945.0,908.0,940.0,3.87,98869.0,1024.0,112.0
SRBL,9/6/2016,940.0,973.0,926.0,950.0,1.06,157479.0,1024.0,112.0
SRBL,9/7/2016,950.0,960.0,918.0,945.0,-0.53,75998.0,1024.0,112.0
SRBL,9/8/2016,945.0,960.0,940.0,958.0,1.38,106756.0,1024.0,112.0
SRBL,9/11/2016,958.0,962.0,946.0,952.0,-0.63,44001.0,1024.0,112.0
SRBL,9/12/2016,952.0,988.0,952.0,988.0,3.78,69222.0,1024.0,112.0
SRBL,9/14/2016,988.0,988.0,960.0,985.0,-0.3,70657.0,1024.0,112.0
SRBL,9/18/2016,985.0,1024.0,956.0,963.0,-2.23,163597.0,1024.0,112.0
SRBL,9/20/2016,963.0,962.0,935.0,940.0,-2.39,46048.0,1024.0,112.0
SRBL,9/21/2016,940.0,943.0,919.0,929.0,-1.17,61769.0,1024.0,112.0
SRBL,9/22/2016,929.0,930.0,910.0,910.0,-2.05,25375.0,1024.0,112.0
SRBL,9/25/2016,910.0,910.0,870.0,883.0,-2.97,40977.0,1024.0,112.0
SRBL,9/26/2016,883.0,908.0,880.0,896.0,1.47,47059.0,1024.0,112.0
SRBL,9/27/2016,896.0,910.0,891.0,896.0,0.0,40113.0,1024.0,112.0
SRBL,9/28/2016,896.0,899.0,880.0,897.0,0.11,28795.0,1024.0,112.0
SRBL,9/29/2016,897.0,900.0,875.0,885.0,-1.34,48850.0,1024.0,112.0
SRBL,10/2/2016,885.0,897.0,877.0,877.0,-0.9,107169.0,1024.0,112.0
SRBL,10/3/2016,658.0,653.0,620.0,637.0,-27.37,16119.0,1024.0,112.0
SRBL,10/4/2016,637.0,649.0,628.0,629.0,-1.26,6719.0,1024.0,112.0
SRBL,10/5/2016,629.0,646.0,630.0,640.0,1.75,3509.0,1024.0,112.0
SRBL,10/6/2016,640.0,648.0,637.0,648.0,1.25,6651.0,1024.0,112.0
SRBL,10/16/2016,648.0,640.0,630.0,639.0,-1.39,1176.0,1024.0,112.0
SRBL,10/17/2016,639.0,634.0,620.0,628.0,-1.72,6503.0,1024.0,112.0
SRBL,10/18/2016,628.0,630.0,613.0,630.0,0.32,6863.0,1024.0,112.0
SRBL,10/19/2016,630.0,630.0,623.0,623.0,-1.11,5811.0,1024.0,112.0
SRBL,10/20/2016,623.0,629.0,623.0,628.0,0.8,4534.0,1024.0,112.0
SRBL,10/23/2016,628.0,640.0,620.0,625.0,-0.48,8108.0,1024.0,112.0
SRBL,10/24/2016,625.0,626.0,604.0,626.0,0.16,9048.0,1024.0,112.0
SRBL,10/25/2016,626.0,626.0,614.0,614.0,-1.92,4098.0,1024.0,112.0
SRBL,10/26/2016,614.0,614.0,600.0,606.0,-1.3,5115.0,1024.0,112.0
SRBL,10/27/2016,606.0,615.0,604.0,605.0,-0.17,2624.0,1024.0,112.0
SRBL,11/3/2016,605.0,601.0,598.0,598.0,-1.16,3847.0,1024.0,112.0
SRBL,11/7/2016,598.0,603.0,580.0,585.0,-2.17,3610.0,1024.0,112.0
SRBL,11/8/2016,585.0,585.0,571.0,571.0,-2.39,5419.0,1024.0,112.0
SRBL,11/9/2016,571.0,581.0,539.0,550.0,-3.68,8139.0,1024.0,112.0
SRBL,11/10/2016,550.0,565.0,543.0,552.0,0.36,12546.0,1024.0,112.0
SRBL,11/13/2016,552.0,560.0,549.0,552.0,0.0,9367.0,1024.0,112.0
SRBL,11/14/2016,552.0,558.0,539.0,540.0,-2.17,10637.0,1024.0,112.0
SRBL,11/15/2016,540.0,550.0,535.0,540.0,0.0,8574.0,1024.0,112.0
SRBL,11/16/2016,540.0,540.0,535.0,539.0,-0.19,3692.0,1024.0,112.0
SRBL,11/17/2016,539.0,531.0,510.0,510.0,-5.38,8255.0,1024.0,112.0
SRBL,11/20/2016,510.0,515.0,485.0,488.0,-4.31,18379.0,1024.0,112.0
SRBL,11/21/2016,488.0,511.0,480.0,496.0,1.64,13903.0,1024.0,112.0
SRBL,11/22/2016,496.0,504.0,487.0,492.0,-0.81,33826.0,1024.0,112.0
SRBL,11/23/2016,492.0,495.0,476.0,479.0,-2.64,12975.0,1024.0,112.0
SRBL,11/24/2016,479.0,497.0,455.0,475.0,-0.84,18495.0,1024.0,112.0
SRBL,11/27/2016,475.0,475.0,451.0,460.0,-3.16,10741.0,1024.0,112.0
SRBL,11/28/2016,460.0,505.0,442.0,483.0,5.0,18989.0,1024.0,112.0
SRBL,11/29/2016,483.0,507.0,467.0,502.0,3.93,19534.0,1024.0,112.0
SRBL,11/30/2016,502.0,538.0,505.0,525.0,4.58,15629.0,1024.0,112.0
SRBL,12/1/2016,525.0,540.0,510.0,520.0,-0.95,13358.0,1024.0,112.0
SRBL,12/4/2016,520.0,525.0,510.0,514.0,-1.15,5050.0,1024.0,112.0
SRBL,12/5/2016,514.0,514.0,495.0,500.0,-2.72,6174.0,1024.0,112.0
SRBL,12/6/2016,500.0,510.0,495.0,496.0,-0.8,19231.0,1024.0,112.0
SRBL,12/7/2016,496.0,505.0,496.0,505.0,1.81,4426.0,1024.0,112.0
SRBL,12/8/2016,505.0,510.0,500.0,505.0,0.0,6764.0,1024.0,112.0
SRBL,12/11/2016,505.0,510.0,496.0,501.0,-0.79,3186.0,1024.0,112.0
SRBL,12/12/2016,501.0,500.0,487.0,495.0,-1.2,5447.0,1024.0,112.0
SRBL,12/14/2016,495.0,510.0,486.0,504.0,1.82,8567.0,1024.0,112.0
SRBL,12/15/2016,504.0,510.0,505.0,507.0,0.6,2652.0,1024.0,112.0
SRBL,12/18/2016,507.0,505.0,495.0,501.0,-1.18,17095.0,1024.0,112.0
SRBL,12/19/2016,501.0,506.0,498.0,502.0,0.2,7370.0,1024.0,112.0
SRBL,12/20/2016,502.0,497.0,492.0,493.0,-1.79,3197.0,1024.0,112.0
SRBL,12/21/2016,493.0,495.0,485.0,490.0,-0.61,6435.0,1024.0,112.0
SRBL,12/22/2016,490.0,494.0,488.0,492.0,0.41,4076.0,1024.0,112.0
SRBL,12/26/2016,492.0,493.0,483.0,486.0,-1.22,5314.0,1024.0,112.0
SRBL,12/27/2016,486.0,493.0,463.0,475.0,-2.26,11594.0,1024.0,112.0
SRBL,12/28/2016,475.0,486.0,475.0,480.0,1.05,5296.0,1024.0,112.0
SRBL,12/29/2016,480.0,494.0,476.0,486.0,1.25,11185.0,1024.0,112.0
SRBL,1/1/2017,486.0,500.0,489.0,490.0,0.82,5823.0,1024.0,112.0
SRBL,1/2/2017,490.0,498.0,484.0,495.0,1.02,5752.0,1024.0,112.0
SRBL,1/3/2017,495.0,499.0,482.0,485.0,-2.02,3407.0,1024.0,112.0
SRBL,1/4/2017,485.0,491.0,480.0,489.0,0.82,6482.0,1024.0,112.0
SRBL,1/5/2017,489.0,492.0,480.0,489.0,0.0,7441.0,1024.0,112.0
SRBL,1/8/2017,489.0,492.0,480.0,488.0,-0.2,1845.0,1024.0,112.0
SRBL,1/9/2017,488.0,495.0,480.0,486.0,-0.41,3717.0,1024.0,112.0
SRBL,1/10/2017,486.0,494.0,486.0,490.0,0.82,3870.0,1024.0,112.0
SRBL,1/11/2017,490.0,496.0,489.0,489.0,-0.2,2093.0,1024.0,112.0
SRBL,1/12/2017,489.0,498.0,490.0,492.0,0.61,2395.0,1024.0,112.0
SRBL,1/15/2017,492.0,501.0,482.0,482.0,-2.03,2724.0,1024.0,112.0
SRBL,1/16/2017,482.0,483.0,479.0,480.0,-0.41,2784.0,1024.0,112.0
SRBL,1/17/2017,480.0,489.0,472.0,489.0,1.88,397.0,1024.0,112.0
SRBL,1/18/2017,489.0,493.0,490.0,490.0,0.2,1298.0,1024.0,112.0
SRBL,1/19/2017,490.0,490.0,483.0,483.0,-1.43,2298.0,1024.0,112.0
SRBL,1/22/2017,483.0,489.0,480.0,489.0,1.24,822.0,1024.0,112.0
SRBL,1/23/2017,489.0,505.0,482.0,483.0,-1.23,18331.0,1024.0,112.0
SRBL,1/24/2017,483.0,492.0,469.0,469.0,-2.9,7633.0,1024.0,112.0
SRBL,1/25/2017,469.0,474.0,447.0,454.0,-3.2,4161.0,1024.0,112.0
SRBL,1/26/2017,454.0,460.0,435.0,447.0,-1.54,8656.0,1024.0,112.0
SRBL,1/30/2017,447.0,447.0,421.0,424.0,-5.15,7780.0,1024.0,112.0
SRBL,1/31/2017,424.0,438.0,416.0,438.0,3.3,5510.0,1024.0,112.0
SRBL,2/1/2017,438.0,460.0,427.0,460.0,5.02,3051.0,1024.0,112.0
SRBL,2/2/2017,460.0,468.0,450.0,450.0,-2.17,2744.0,1024.0,112.0
SRBL,2/5/2017,450.0,452.0,430.0,430.0,-4.44,10936.0,1024.0,112.0
SRBL,2/6/2017,430.0,433.0,419.0,427.0,-0.7,8677.0,1024.0,112.0
SRBL,2/7/2017,427.0,435.0,425.0,428.0,0.23,1676.0,1024.0,112.0
SRBL,2/8/2017,428.0,425.0,414.0,418.0,-2.34,6033.0,1024.0,112.0
SRBL,2/9/2017,418.0,425.0,408.0,415.0,-0.72,5252.0,1024.0,112.0
SRBL,2/12/2017,415.0,416.0,400.0,401.0,-3.37,7745.0,1024.0,112.0
SRBL,2/13/2017,401.0,412.0,392.0,410.0,2.24,6648.0,1024.0,112.0
SRBL,2/14/2017,410.0,414.0,398.0,407.0,-0.73,5611.0,1024.0,112.0
SRBL,2/15/2017,407.0,420.0,401.0,415.0,1.97,16286.0,1024.0,112.0
SRBL,2/16/2017,415.0,435.0,412.0,435.0,4.82,30083.0,1024.0,112.0
SRBL,2/19/2017,435.0,445.0,423.0,435.0,0.0,6359.0,1024.0,112.0
SRBL,2/20/2017,435.0,445.0,424.0,426.0,-2.07,7815.0,1024.0,112.0
SRBL,2/21/2017,426.0,442.0,412.0,416.0,-2.35,11034.0,1024.0,112.0
SRBL,2/22/2017,416.0,428.0,412.0,419.0,0.72,2116.0,1024.0,112.0
SRBL,2/23/2017,419.0,419.0,405.0,410.0,-2.15,13947.0,1024.0,112.0
SRBL,2/26/2017,410.0,411.0,400.0,400.0,-2.44,7976.0,1024.0,112.0
SRBL,2/28/2017,400.0,400.0,395.0,400.0,0.0,3302.0,1024.0,112.0
SRBL,3/1/2017,400.0,400.0,392.0,399.0,-0.25,2749.0,1024.0,112.0
SRBL,3/2/2017,399.0,401.0,397.0,397.0,-0.5,4920.0,1024.0,112.0
SRBL,3/5/2017,397.0,415.0,399.0,408.0,2.77,2409.0,1024.0,112.0
SRBL,3/6/2017,408.0,416.0,402.0,402.0,-1.47,10956.0,1024.0,112.0
SRBL,3/7/2017,402.0,402.0,396.0,400.0,-0.5,3467.0,1024.0,112.0
SRBL,3/9/2017,400.0,404.0,400.0,400.0,0.0,4051.0,1024.0,112.0
SRBL,3/13/2017,400.0,416.0,400.0,416.0,4.0,5137.0,1024.0,112.0
SRBL,3/14/2017,416.0,416.0,405.0,409.0,-1.68,2985.0,1024.0,112.0
SRBL,3/15/2017,409.0,410.0,406.0,408.0,-0.24,3230.0,1024.0,112.0
SRBL,3/16/2017,408.0,416.0,402.0,406.0,-0.49,2864.0,1024.0,112.0
SRBL,3/19/2017,406.0,412.0,398.0,408.0,0.49,7325.0,1024.0,112.0
SRBL,3/20/2017,408.0,430.0,408.0,430.0,5.39,7551.0,1024.0,112.0
SRBL,3/21/2017,430.0,446.0,416.0,446.0,3.72,14692.0,1024.0,112.0
SRBL,3/22/2017,446.0,463.0,439.0,439.0,-1.57,17841.0,1024.0,112.0
SRBL,3/23/2017,439.0,468.0,445.0,468.0,6.61,59695.0,1024.0,112.0
SRBL,3/26/2017,468.0,490.0,468.0,479.0,2.35,37089.0,1024.0,112.0
SRBL,3/28/2017,479.0,510.0,487.0,505.0,5.43,23642.0,1024.0,112.0
SRBL,3/29/2017,505.0,539.0,495.0,500.0,-0.99,24960.0,1024.0,112.0
SRBL,3/30/2017,500.0,503.0,475.0,499.0,-0.2,27694.0,1024.0,112.0
SRBL,4/2/2017,499.0,548.0,508.0,548.0,9.82,25366.0,1024.0,112.0
SRBL,4/3/2017,548.0,591.0,522.0,522.0,-4.74,51843.0,1024.0,112.0
SRBL,4/4/2017,522.0,570.0,520.0,559.0,7.09,85556.0,1024.0,112.0
SRBL,4/6/2017,559.0,581.0,550.0,567.0,1.43,110191.0,1024.0,112.0
SRBL,4/9/2017,567.0,578.0,555.0,573.0,1.06,56573.0,1024.0,112.0
SRBL,4/10/2017,573.0,576.0,568.0,576.0,0.52,31447.0,1024.0,112.0
SRBL,4/11/2017,576.0,605.0,580.0,581.0,0.87,89533.0,1024.0,112.0
SRBL,4/12/2017,581.0,603.0,570.0,580.0,-0.17,85715.0,1024.0,112.0
SRBL,4/13/2017,580.0,580.0,561.0,570.0,-1.72,56527.0,1024.0,112.0
SRBL,4/16/2017,570.0,592.0,550.0,550.0,-3.51,43896.0,1024.0,112.0
SRBL,4/18/2017,550.0,550.0,530.0,540.0,-1.82,62737.0,1024.0,112.0
SRBL,4/19/2017,540.0,560.0,540.0,560.0,3.7,45056.0,1024.0,112.0
SRBL,4/20/2017,560.0,576.0,555.0,557.0,-0.54,55980.0,1024.0,112.0
SRBL,4/23/2017,557.0,596.0,555.0,562.0,0.9,55671.0,1024.0,112.0
SRBL,4/24/2017,562.0,565.0,549.0,549.0,-2.31,27489.0,1024.0,112.0
SRBL,4/25/2017,549.0,555.0,544.0,550.0,0.18,18951.0,1024.0,112.0
SRBL,4/26/2017,550.0,550.0,540.0,542.0,-1.45,41064.0,1024.0,112.0
SRBL,4/27/2017,542.0,552.0,534.0,550.0,1.48,27173.0,1024.0,112.0
SRBL,4/30/2017,550.0,560.0,541.0,550.0,0.0,41319.0,1024.0,112.0
SRBL,5/2/2017,550.0,554.0,540.0,549.0,-0.18,16374.0,1024.0,112.0
SRBL,5/3/2017,549.0,568.0,544.0,550.0,0.18,27717.0,1024.0,112.0
SRBL,5/4/2017,550.0,550.0,539.0,541.0,-1.64,26980.0,1024.0,112.0
SRBL,5/7/2017,541.0,547.0,527.0,528.0,-2.4,42764.0,1024.0,112.0
SRBL,5/8/2017,528.0,537.0,527.0,535.0,1.33,31426.0,1024.0,112.0
SRBL,5/9/2017,535.0,541.0,525.0,530.0,-0.93,42312.0,1024.0,112.0
SRBL,5/11/2017,530.0,539.0,525.0,529.0,-0.19,141662.0,1024.0,112.0
SRBL,5/15/2017,430.0,440.0,431.0,432.0,-18.34,11802.0,1024.0,112.0
SRBL,5/16/2017,432.0,430.0,419.0,423.0,-2.08,22982.0,1024.0,112.0
SRBL,5/17/2017,423.0,432.0,415.0,422.0,-0.24,7404.0,1024.0,112.0
SRBL,5/18/2017,422.0,430.0,418.0,419.0,-0.71,21076.0,1024.0,112.0
SRBL,5/21/2017,419.0,424.0,408.0,408.0,-2.63,12829.0,1024.0,112.0
SRBL,5/22/2017,408.0,405.0,401.0,401.0,-1.72,7305.0,1024.0,112.0
SRBL,5/23/2017,401.0,409.0,400.0,403.0,0.5,11869.0,1024.0,112.0
SRBL,5/24/2017,403.0,410.0,395.0,408.0,1.24,22467.0,1024.0,112.0
SRBL,5/28/2017,408.0,407.0,396.0,400.0,-1.96,11486.0,1024.0,112.0
SRBL,5/30/2017,400.0,405.0,393.0,395.0,-1.25,9174.0,1024.0,112.0
SRBL,5/31/2017,395.0,407.0,395.0,402.0,1.77,8306.0,1024.0,112.0
SRBL,6/1/2017,402.0,403.0,395.0,395.0,-1.74,6994.0,1024.0,112.0
SRBL,6/4/2017,395.0,398.0,385.0,385.0,-2.53,24395.0,1024.0,112.0
SRBL,6/5/2017,385.0,400.0,387.0,391.0,1.56,24756.0,1024.0,112.0
SRBL,6/6/2017,391.0,410.0,395.0,408.0,4.35,16814.0,1024.0,112.0
SRBL,6/7/2017,408.0,418.0,392.0,396.0,-2.94,117397.0,1024.0,112.0
SRBL,6/8/2017,396.0,399.0,390.0,398.0,0.51,11776.0,1024.0,112.0
SRBL,6/11/2017,398.0,398.0,385.0,385.0,-3.27,10120.0,1024.0,112.0
SRBL,6/12/2017,385.0,394.0,379.0,387.0,0.52,4234.0,1024.0,112.0
SRBL,6/13/2017,387.0,395.0,382.0,389.0,0.52,10620.0,1024.0,112.0
SRBL,6/14/2017,389.0,388.0,384.0,386.0,-0.77,5811.0,1024.0,112.0
SRBL,6/15/2017,386.0,400.0,375.0,385.0,-0.26,10958.0,1024.0,112.0
SRBL,6/18/2017,385.0,387.0,378.0,380.0,-1.3,8985.0,1024.0,112.0
SRBL,6/19/2017,380.0,380.0,369.0,369.0,-2.89,18466.0,1024.0,112.0
SRBL,6/20/2017,369.0,386.0,363.0,372.0,0.81,10621.0,1024.0,112.0
SRBL,6/21/2017,372.0,377.0,366.0,376.0,1.08,10698.0,1024.0,112.0
SRBL,6/22/2017,376.0,379.0,372.0,377.0,0.27,14431.0,1024.0,112.0
SRBL,6/25/2017,377.0,380.0,375.0,377.0,0.0,28820.0,1024.0,112.0
SRBL,6/27/2017,377.0,380.0,370.0,377.0,0.0,28029.0,1024.0,112.0
SRBL,6/28/2017,377.0,384.0,375.0,375.0,-0.53,13232.0,1024.0,112.0
SRBL,7/2/2017,375.0,378.0,370.0,375.0,0.0,6947.0,1024.0,112.0
SRBL,7/3/2017,375.0,375.0,368.0,369.0,-1.6,5526.0,1024.0,112.0
SRBL,7/4/2017,369.0,370.0,363.0,368.0,-0.27,8514.0,1024.0,112.0
SRBL,7/5/2017,368.0,380.0,363.0,380.0,3.26,11013.0,1024.0,112.0
SRBL,7/6/2017,380.0,395.0,385.0,390.0,2.63,13761.0,1024.0,112.0
SRBL,7/9/2017,390.0,404.0,380.0,399.0,2.31,22374.0,1024.0,112.0
SRBL,7/10/2017,399.0,402.0,392.0,397.0,-0.5,46932.0,1024.0,112.0
SRBL,7/11/2017,397.0,400.0,385.0,400.0,0.76,50530.0,1024.0,112.0
SRBL,7/12/2017,400.0,399.0,392.0,397.0,-0.75,8163.0,1024.0,112.0
SRBL,7/13/2017,397.0,396.0,389.0,396.0,-0.25,5884.0,1024.0,112.0
SRBL,7/16/2017,396.0,400.0,386.0,391.0,-1.26,6197.0,1024.0,112.0
SRBL,7/17/2017,391.0,396.0,385.0,393.0,0.51,3274.0,1024.0,112.0
SRBL,7/18/2017,393.0,403.0,392.0,402.0,2.29,21110.0,1024.0,112.0
SRBL,7/19/2017,402.0,408.0,399.0,400.0,-0.5,13540.0,1024.0,112.0
SRBL,7/20/2017,400.0,402.0,395.0,397.0,-0.75,10230.0,1024.0,112.0
SRBL,7/23/2017,397.0,400.0,392.0,392.0,-1.26,9975.0,1024.0,112.0
SRBL,7/24/2017,392.0,390.0,384.0,390.0,-0.51,4503.0,1024.0,112.0
SRBL,7/25/2017,390.0,392.0,380.0,390.0,0.0,11694.0,1024.0,112.0
SRBL,7/26/2017,390.0,397.0,386.0,387.0,-0.77,5230.0,1024.0,112.0
SRBL,7/27/2017,387.0,388.0,376.0,384.0,-0.78,12397.0,1024.0,112.0
SRBL,7/30/2017,384.0,385.0,377.0,377.0,-1.82,18445.0,1024.0,112.0
SRBL,7/31/2017,377.0,390.0,380.0,381.0,1.06,15299.0,1024.0,112.0
SRBL,8/1/2017,381.0,395.0,384.0,391.0,2.62,12125.0,1024.0,112.0
SRBL,8/2/2017,391.0,395.0,385.0,393.0,0.51,10131.0,1024.0,112.0
SRBL,8/3/2017,393.0,391.0,385.0,391.0,-0.51,9869.0,1024.0,112.0
SRBL,8/6/2017,391.0,390.0,385.0,390.0,-0.26,5397.0,1024.0,112.0
SRBL,8/7/2017,390.0,392.0,384.0,388.0,-0.51,7628.0,1024.0,112.0
SRBL,8/9/2017,388.0,389.0,376.0,382.0,-1.55,9743.0,1024.0,112.0
SRBL,8/10/2017,382.0,383.0,371.0,375.0,-1.83,14141.0,1024.0,112.0
SRBL,8/13/2017,375.0,376.0,368.0,369.0,-1.6,6669.0,1024.0,112.0
SRBL,8/15/2017,369.0,375.0,360.0,372.0,0.81,7499.0,1024.0,112.0
SRBL,8/16/2017,372.0,378.0,365.0,368.0,-1.08,10523.0,1024.0,112.0
SRBL,8/17/2017,368.0,370.0,364.0,367.0,-0.27,6494.0,1024.0,112.0
SRBL,8/20/2017,367.0,377.0,353.0,360.0,-1.91,32295.0,1024.0,112.0
SRBL,8/21/2017,360.0,367.0,355.0,358.0,-0.56,3333.0,1024.0,112.0
SRBL,8/22/2017,358.0,366.0,355.0,365.0,1.96,8085.0,1024.0,112.0
SRBL,8/23/2017,365.0,366.0,358.0,358.0,-1.92,4073.0,1024.0,112.0
SRBL,8/24/2017,358.0,361.0,353.0,357.0,-0.28,3407.0,1024.0,112.0
SRBL,8/27/2017,357.0,365.0,355.0,364.0,1.96,8394.0,1024.0,112.0
SRBL,8/28/2017,364.0,365.0,353.0,355.0,-2.47,7862.0,1024.0,112.0
SRBL,8/30/2017,355.0,356.0,340.0,346.0,-2.54,14172.0,1024.0,112.0
SRBL,8/31/2017,346.0,342.0,333.0,337.0,-2.6,23875.0,1024.0,112.0
SRBL,9/4/2017,337.0,339.0,331.0,337.0,0.0,11335.0,1024.0,112.0
SRBL,9/6/2017,337.0,342.0,330.0,335.0,-0.59,9811.0,1024.0,112.0
SRBL,9/7/2017,335.0,338.0,329.0,332.0,-0.9,5281.0,1024.0,112.0
SRBL,9/10/2017,332.0,326.0,315.0,318.0,-4.22,18709.0,1024.0,112.0
SRBL,9/11/2017,318.0,325.0,314.0,322.0,1.26,12572.0,1024.0,112.0
SRBL,9/12/2017,322.0,326.0,315.0,326.0,1.24,4613.0,1024.0,112.0
SRBL,9/13/2017,326.0,330.0,321.0,328.0,0.61,6104.0,1024.0,112.0
SRBL,9/14/2017,328.0,342.0,330.0,342.0,4.27,12736.0,1024.0,112.0
SRBL,9/17/2017,342.0,350.0,324.0,350.0,2.34,22317.0,1024.0,112.0
SRBL,9/18/2017,350.0,357.0,338.0,338.0,-3.43,13035.0,1024.0,112.0
SRBL,9/20/2017,338.0,340.0,330.0,337.0,-0.3,9730.0,1024.0,112.0
SRBL,9/24/2017,337.0,336.0,326.0,331.0,-1.78,16580.0,1024.0,112.0
SRBL,9/25/2017,331.0,333.0,322.0,322.0,-2.72,15155.0,1024.0,112.0
SRBL,9/26/2017,322.0,333.0,318.0,320.0,-0.62,20423.0,1024.0,112.0
SRBL,10/3/2017,320.0,324.0,320.0,320.0,0.0,5423.0,1024.0,112.0
SRBL,10/4/2017,320.0,324.0,317.0,317.0,-0.94,8686.0,1024.0,112.0
SRBL,10/8/2017,317.0,318.0,309.0,318.0,0.32,21145.0,1024.0,112.0
SRBL,10/9/2017,318.0,318.0,313.0,315.0,-0.94,7804.0,1024.0,112.0
SRBL,10/10/2017,315.0,321.0,313.0,320.0,1.59,13748.0,1024.0,112.0
SRBL,10/11/2017,320.0,320.0,314.0,317.0,-0.94,10197.0,1024.0,112.0
SRBL,10/12/2017,317.0,317.0,315.0,316.0,-0.32,9993.0,1024.0,112.0
SRBL,10/15/2017,316.0,324.0,315.0,324.0,2.53,15059.0,1024.0,112.0
SRBL,10/16/2017,324.0,348.0,325.0,348.0,7.41,15340.0,1024.0,112.0
SRBL,10/17/2017,348.0,350.0,327.0,331.0,-4.89,31304.0,1024.0,112.0
SRBL,10/18/2017,331.0,344.0,330.0,344.0,3.93,16192.0,1024.0,112.0
SRBL,10/22/2017,344.0,357.0,350.0,354.0,2.91,25593.0,1024.0,112.0
SRBL,10/23/2017,354.0,353.0,347.0,350.0,-1.13,31410.0,1024.0,112.0
SRBL,10/24/2017,350.0,352.0,342.0,347.0,-0.86,25976.0,1024.0,112.0
SRBL,10/25/2017,347.0,348.0,342.0,342.0,-1.44,27470.0,1024.0,112.0
SRBL,10/29/2017,342.0,351.0,335.0,336.0,-1.75,52465.0,1024.0,112.0
SRBL,10/30/2017,292.0,293.0,283.0,292.0,-13.1,9734.0,1024.0,112.0
SRBL,10/31/2017,292.0,293.0,287.0,291.0,-0.34,8961.0,1024.0,112.0
SRBL,11/1/2017,291.0,294.0,286.0,294.0,1.03,9105.0,1024.0,112.0
SRBL,11/2/2017,294.0,292.0,285.0,290.0,-1.36,15026.0,1024.0,112.0
SRBL,11/5/2017,290.0,290.0,271.0,275.0,-5.17,62663.0,1024.0,112.0
SRBL,11/6/2017,275.0,278.0,270.0,273.0,-0.73,38318.0,1024.0,112.0
SRBL,11/7/2017,273.0,281.0,270.0,270.0,-1.1,25331.0,1024.0,112.0
SRBL,11/8/2017,270.0,273.0,264.0,269.0,-0.37,15193.0,1024.0,112.0
SRBL,11/9/2017,269.0,273.0,266.0,269.0,0.0,20260.0,1024.0,112.0
SRBL,11/12/2017,269.0,274.0,265.0,270.0,0.37,16994.0,1024.0,112.0
SRBL,11/13/2017,270.0,277.0,265.0,277.0,2.59,18836.0,1024.0,112.0
SRBL,11/14/2017,277.0,285.0,275.0,281.0,1.44,32880.0,1024.0,112.0
SRBL,11/15/2017,281.0,284.0,277.0,280.0,-0.36,15075.0,1024.0,112.0
SRBL,11/16/2017,280.0,278.0,273.0,273.0,-2.5,12891.0,1024.0,112.0
SRBL,11/19/2017,273.0,273.0,266.0,267.0,-2.2,11362.0,1024.0,112.0
SRBL,11/20/2017,267.0,270.0,267.0,269.0,0.75,5495.0,1024.0,112.0
SRBL,11/21/2017,269.0,271.0,266.0,268.0,-0.37,13772.0,1024.0,112.0
SRBL,11/22/2017,268.0,275.0,267.0,270.0,0.75,11350.0,1024.0,112.0
SRBL,11/23/2017,270.0,275.0,271.0,274.0,1.48,9752.0,1024.0,112.0
SRBL,11/26/2017,274.0,280.0,275.0,276.0,0.73,10773.0,1024.0,112.0
SRBL,11/27/2017,276.0,285.0,276.0,276.0,0.0,19551.0,1024.0,112.0
SRBL,11/28/2017,276.0,278.0,275.0,276.0,0.0,7838.0,1024.0,112.0
SRBL,11/29/2017,276.0,286.0,276.0,282.0,2.17,14716.0,1024.0,112.0
SRBL,11/30/2017,282.0,284.0,278.0,283.0,0.35,8838.0,1024.0,112.0
SRBL,12/4/2017,283.0,284.0,272.0,280.0,-1.06,11716.0,1024.0,112.0
SRBL,12/5/2017,280.0,280.0,277.0,279.0,-0.36,7918.0,1024.0,112.0
SRBL,12/6/2017,279.0,284.0,278.0,279.0,0.0,6862.0,1024.0,112.0
SRBL,12/10/2017,279.0,289.0,274.0,274.0,-1.79,14655.0,1024.0,112.0
SRBL,12/11/2017,274.0,276.0,270.0,276.0,0.73,7024.0,1024.0,112.0
SRBL,12/12/2017,276.0,276.0,273.0,275.0,-0.36,5194.0,1024.0,112.0
SRBL,12/13/2017,275.0,277.0,271.0,277.0,0.73,8570.0,1024.0,112.0
SRBL,12/14/2017,277.0,280.0,276.0,276.0,-0.36,2962.0,1024.0,112.0
SRBL,12/17/2017,276.0,277.0,272.0,272.0,-1.45,7628.0,1024.0,112.0
SRBL,12/18/2017,272.0,278.0,272.0,274.0,0.74,14671.0,1024.0,112.0
SRBL,12/19/2017,274.0,279.0,272.0,273.0,-0.36,7464.0,1024.0,112.0
SRBL,12/20/2017,273.0,274.0,271.0,272.0,-0.37,12678.0,1024.0,112.0
SRBL,12/21/2017,272.0,277.0,268.0,269.0,-1.1,10120.0,1024.0,112.0
SRBL,12/24/2017,269.0,275.0,268.0,269.0,0.0,14018.0,1024.0,112.0
SRBL,12/26/2017,269.0,270.0,265.0,266.0,-1.12,9796.0,1024.0,112.0
SRBL,12/27/2017,266.0,267.0,258.0,261.0,-1.88,11116.0,1024.0,112.0
SRBL,12/28/2017,261.0,263.0,258.0,258.0,-1.15,9645.0,1024.0,112.0
SRBL,12/31/2017,258.0,260.0,250.0,258.0,0.0,8744.0,1024.0,112.0
SRBL,1/1/2018,258.0,270.0,258.0,267.0,3.49,15837.0,1024.0,112.0
SRBL,1/2/2018,267.0,270.0,265.0,266.0,-0.37,25306.0,1024.0,112.0
SRBL,1/3/2018,266.0,265.0,260.0,263.0,-1.13,6170.0,1024.0,112.0
SRBL,1/4/2018,263.0,266.0,262.0,264.0,0.38,5152.0,1024.0,112.0
SRBL,1/7/2018,264.0,266.0,260.0,260.0,-1.52,15574.0,1024.0,112.0
SRBL,1/8/2018,260.0,269.0,261.0,263.0,1.15,5635.0,1024.0,112.0
SRBL,1/9/2018,263.0,271.0,261.0,268.0,1.9,9460.0,1024.0,112.0
SRBL,1/10/2018,268.0,269.0,264.0,264.0,-1.49,8157.0,1024.0,112.0
SRBL,1/14/2018,264.0,264.0,260.0,263.0,-0.38,6673.0,1024.0,112.0
SRBL,1/16/2018,263.0,265.0,261.0,262.0,-0.38,4003.0,1024.0,112.0
SRBL,1/17/2018,262.0,262.0,258.0,262.0,0.0,4108.0,1024.0,112.0
SRBL,1/21/2018,262.0,262.0,260.0,260.0,-0.76,1786.0,1024.0,112.0
SRBL,1/22/2018,260.0,262.0,258.0,262.0,0.77,3432.0,1024.0,112.0
SRBL,1/23/2018,262.0,265.0,260.0,262.0,0.0,3809.0,1024.0,112.0
SRBL,1/24/2018,262.0,263.0,259.0,261.0,-0.38,4087.0,1024.0,112.0
SRBL,1/25/2018,261.0,263.0,259.0,262.0,0.38,5613.0,1024.0,112.0
SRBL,1/28/2018,262.0,265.0,260.0,261.0,-0.38,5971.0,1024.0,112.0
SRBL,1/29/2018,261.0,261.0,258.0,260.0,-0.38,3540.0,1024.0,112.0
SRBL,1/31/2018,260.0,262.0,256.0,262.0,0.77,3470.0,1024.0,112.0
SRBL,2/1/2018,262.0,265.0,260.0,260.0,-0.76,5859.0,1024.0,112.0
SRBL,2/4/2018,260.0,265.0,260.0,260.0,0.0,12473.0,1024.0,112.0
SRBL,2/5/2018,260.0,261.0,258.0,260.0,0.0,5137.0,1024.0,112.0
SRBL,2/6/2018,260.0,260.0,258.0,258.0,-0.77,4507.0,1024.0,112.0
SRBL,2/7/2018,258.0,258.0,255.0,255.0,-1.16,2056.0,1024.0,112.0
SRBL,2/8/2018,255.0,260.0,255.0,260.0,1.96,4532.0,1024.0,112.0
SRBL,2/11/2018,260.0,262.0,256.0,257.0,-1.15,4018.0,1024.0,112.0
SRBL,2/12/2018,257.0,257.0,254.0,256.0,-0.39,2325.0,1024.0,112.0
SRBL,2/14/2018,256.0,259.0,254.0,257.0,0.39,9118.0,1024.0,112.0
SRBL,2/15/2018,257.0,267.0,259.0,267.0,3.89,14837.0,1024.0,112.0
SRBL,2/18/2018,271.0,272.0,261.0,264.0,-1.12,13643.0,1024.0,112.0
SRBL,2/20/2018,268.0,268.0,258.0,259.0,-1.89,5147.0,1024.0,112.0
SRBL,2/21/2018,260.0,260.0,256.0,260.0,0.39,1651.0,1024.0,112.0
SRBL,2/22/2018,261.0,261.0,256.0,257.0,-1.15,4285.0,1024.0,112.0
SRBL,2/25/2018,256.0,259.0,256.0,258.0,0.39,3227.0,1024.0,112.0
SRBL,2/26/2018,256.0,256.0,255.0,256.0,-0.78,8276.0,1024.0,112.0
SRBL,2/27/2018,252.0,261.0,252.0,258.0,0.78,8446.0,1024.0,112.0
SRBL,2/28/2018,262.0,262.0,254.0,254.0,-1.55,5779.0,1024.0,112.0
SRBL,3/4/2018,250.0,250.0,241.0,247.0,-2.76,12708.0,1024.0,112.0
SRBL,3/5/2018,251.0,254.0,243.0,243.0,-1.62,6508.0,1024.0,112.0
SRBL,3/6/2018,240.0,248.0,240.0,245.0,0.82,7574.0,1024.0,112.0
SRBL,3/7/2018,245.0,249.0,240.0,249.0,1.63,28942.0,1024.0,112.0
SRBL,3/11/2018,250.0,250.0,241.0,244.0,-2.01,5865.0,1024.0,112.0
SRBL,3/12/2018,242.0,247.0,241.0,242.0,-0.82,20615.0,1024.0,112.0
SRBL,3/13/2018,244.0,249.0,242.0,247.0,2.07,11284.0,1024.0,112.0
SRBL,3/14/2018,248.0,248.0,243.0,245.0,-0.81,10772.0,1024.0,112.0
SRBL,3/15/2018,243.0,247.0,243.0,244.0,-0.41,5341.0,1024.0,112.0
SRBL,3/18/2018,243.0,247.0,241.0,242.0,-0.82,7011.0,1024.0,112.0
SRBL,3/19/2018,241.0,246.0,240.0,246.0,1.65,6604.0,1024.0,112.0
SRBL,3/20/2018,245.0,245.0,239.0,242.0,-1.63,8252.0,1024.0,112.0
SRBL,3/21/2018,242.0,242.0,231.0,231.0,-4.55,10072.0,1024.0,112.0
SRBL,3/22/2018,228.0,235.0,225.0,231.0,0.0,8495.0,1024.0,112.0
SRBL,3/26/2018,227.0,227.0,219.0,225.0,-2.6,10899.0,1024.0,112.0
SRBL,3/27/2018,225.0,235.0,215.0,233.0,3.56,8735.0,1024.0,112.0
SRBL,3/28/2018,235.0,236.0,228.0,230.0,-1.29,5982.0,1024.0,112.0
SRBL,3/29/2018,230.0,239.0,227.0,236.0,2.61,13394.0,1024.0,112.0
SRBL,4/1/2018,237.0,237.0,227.0,233.0,-1.27,7157.0,1024.0,112.0
SRBL,4/2/2018,233.0,234.0,229.0,231.0,-0.86,12797.0,1024.0,112.0
SRBL,4/3/2018,233.0,234.0,230.0,231.0,0.0,7144.0,1024.0,112.0
SRBL,4/4/2018,231.0,240.0,231.0,236.0,2.16,3350.0,1024.0,112.0
SRBL,4/5/2018,240.0,248.0,232.0,248.0,5.08,14515.0,1024.0,112.0
SRBL,4/8/2018,248.0,262.0,237.0,254.0,2.42,31543.0,1024.0,112.0
SRBL,4/9/2018,259.0,259.0,242.0,250.0,-1.57,13562.0,1024.0,112.0
SRBL,4/10/2018,245.0,250.0,241.0,241.0,-3.6,6833.0,1024.0,112.0
SRBL,4/11/2018,240.0,243.0,239.0,241.0,0.0,6501.0,1024.0,112.0
SRBL,4/12/2018,240.0,246.0,240.0,244.0,1.24,15421.0,1024.0,112.0
SRBL,4/15/2018,243.0,243.0,237.0,240.0,-1.64,7720.0,1024.0,112.0
SRBL,4/16/2018,244.0,248.0,238.0,239.0,-0.42,16692.0,1024.0,112.0
SRBL,4/17/2018,239.0,249.0,239.0,246.0,2.93,20346.0,1024.0,112.0
SRBL,4/18/2018,249.0,266.0,245.0,255.0,3.66,19620.0,1024.0,112.0
SRBL,4/19/2018,260.0,271.0,256.0,267.0,4.71,52173.0,1024.0,112.0
SRBL,4/22/2018,272.0,280.0,268.0,279.0,4.49,29493.0,1024.0,112.0
SRBL,4/23/2018,281.0,281.0,263.0,270.0,-3.23,26881.0,1024.0,112.0
SRBL,4/24/2018,265.0,268.0,259.0,259.0,-4.07,13866.0,1024.0,112.0
SRBL,4/25/2018,260.0,260.0,255.0,256.0,-1.16,7874.0,1024.0,112.0
SRBL,4/26/2018,254.0,257.0,251.0,253.0,-1.17,6180.0,1024.0,112.0
SRBL,4/29/2018,250.0,252.0,248.0,250.0,-1.19,11046.0,1024.0,112.0
SRBL,5/2/2018,245.0,249.0,243.0,247.0,-1.2,9541.0,1024.0,112.0
SRBL,5/3/2018,244.0,259.0,244.0,251.0,1.62,7670.0,1024.0,112.0
SRBL,5/6/2018,254.0,254.0,247.0,251.0,0.0,10959.0,1024.0,112.0
SRBL,5/7/2018,247.0,251.0,247.0,250.0,-0.4,10215.0,1024.0,112.0
SRBL,5/8/2018,250.0,250.0,248.0,250.0,0.0,3871.0,1024.0,112.0
SRBL,5/9/2018,250.0,252.0,245.0,248.0,-0.8,23374.0,1024.0,112.0
SRBL,5/10/2018,248.0,249.0,245.0,247.0,-0.4,5719.0,1024.0,112.0
SRBL,5/14/2018,245.0,246.0,243.0,243.0,-1.62,5631.0,1024.0,112.0
SRBL,5/15/2018,242.0,242.0,241.0,241.0,-0.82,1992.0,1024.0,112.0
SRBL,5/16/2018,238.0,246.0,238.0,243.0,0.83,1959.0,1024.0,112.0
SRBL,5/17/2018,245.0,247.0,243.0,244.0,0.41,5053.0,1024.0,112.0
SRBL,5/20/2018,247.0,248.0,243.0,244.0,0.0,11329.0,1024.0,112.0
SRBL,5/21/2018,245.0,245.0,241.0,245.0,0.41,6761.0,1024.0,112.0
SRBL,5/22/2018,242.0,245.0,241.0,244.0,-0.41,10338.0,1024.0,112.0
SRBL,5/23/2018,241.0,244.0,241.0,242.0,-0.82,5580.0,1024.0,112.0
SRBL,5/24/2018,240.0,244.0,239.0,239.0,-1.24,9410.0,1024.0,112.0
SRBL,5/27/2018,235.0,237.0,233.0,235.0,-1.67,5788.0,1024.0,112.0
SRBL,5/28/2018,235.0,246.0,233.0,246.0,4.68,9318.0,1024.0,112.0
SRBL,5/29/2018,243.0,245.0,238.0,245.0,-0.41,4944.0,1024.0,112.0
SRBL,5/30/2018,241.0,248.0,238.0,241.0,-1.63,5619.0,1024.0,112.0
SRBL,5/31/2018,241.0,242.0,239.0,239.0,-0.83,2221.0,1024.0,112.0
SRBL,6/3/2018,236.0,236.0,230.0,234.0,-2.09,18145.0,1024.0,112.0
SRBL,6/4/2018,230.0,233.0,225.0,228.0,-2.56,24055.0,1024.0,112.0
SRBL,6/6/2018,231.0,239.0,228.0,230.0,0.88,12344.0,1024.0,112.0
SRBL,6/7/2018,234.0,234.0,227.0,228.0,-0.87,25374.0,1024.0,112.0
SRBL,6/10/2018,228.0,229.0,225.0,227.0,-0.44,6351.0,1024.0,112.0
SRBL,6/11/2018,224.0,233.0,223.0,225.0,-0.88,11675.0,1024.0,112.0
SRBL,6/12/2018,221.0,229.0,221.0,226.0,0.44,13940.0,1024.0,112.0
SRBL,6/13/2018,230.0,229.0,223.0,224.0,-0.88,25521.0,1024.0,112.0
SRBL,6/14/2018,224.0,231.0,220.0,225.0,0.45,22382.0,1024.0,112.0
SRBL,6/17/2018,223.0,223.0,221.0,222.0,-1.33,4073.0,1024.0,112.0
SRBL,6/18/2018,221.0,224.0,221.0,223.0,0.45,6057.0,1024.0,112.0
SRBL,6/19/2018,220.0,225.0,220.0,221.0,-0.9,5516.0,1024.0,112.0
SRBL,6/20/2018,224.0,224.0,218.0,218.0,-1.36,10459.0,1024.0,112.0
SRBL,6/21/2018,219.0,226.0,218.0,224.0,2.75,1857.0,1024.0,112.0
SRBL,6/24/2018,222.0,226.0,222.0,225.0,0.45,3054.0,1024.0,112.0
SRBL,6/25/2018,221.0,223.0,220.0,221.0,-1.78,2998.0,1024.0,112.0
SRBL,6/26/2018,219.0,222.0,218.0,220.0,-0.45,4844.0,1024.0,112.0
SRBL,6/27/2018,219.0,224.0,218.0,223.0,1.36,4509.0,1024.0,112.0
SRBL,6/28/2018,224.0,226.0,222.0,223.0,0.0,5274.0,1024.0,112.0
SRBL,7/1/2018,222.0,223.0,218.0,218.0,-2.24,3939.0,1024.0,112.0
SRBL,7/2/2018,217.0,221.0,217.0,220.0,0.92,3965.0,1024.0,112.0
SRBL,7/3/2018,216.0,224.0,216.0,220.0,0.0,6286.0,1024.0,112.0
SRBL,7/4/2018,220.0,226.0,219.0,222.0,0.91,5287.0,1024.0,112.0
SRBL,7/5/2018,222.0,229.0,221.0,226.0,1.8,18453.0,1024.0,112.0
SRBL,7/8/2018,225.0,230.0,222.0,224.0,-0.88,9521.0,1024.0,112.0
SRBL,7/9/2018,224.0,224.0,218.0,220.0,-1.79,31969.0,1024.0,112.0
SRBL,7/10/2018,223.0,224.0,220.0,224.0,1.82,8212.0,1024.0,112.0
SRBL,7/11/2018,228.0,230.0,221.0,221.0,-1.34,3793.0,1024.0,112.0
SRBL,7/12/2018,221.0,225.0,217.0,218.0,-1.36,10892.0,1024.0,112.0
SRBL,7/15/2018,218.0,225.0,217.0,220.0,0.92,7292.0,1024.0,112.0
SRBL,7/16/2018,218.0,230.0,218.0,230.0,4.55,5141.0,1024.0,112.0
SRBL,7/17/2018,227.0,227.0,221.0,223.0,-3.04,7237.0,1024.0,112.0
SRBL,7/18/2018,222.0,225.0,219.0,224.0,0.45,10415.0,1024.0,112.0
SRBL,7/19/2018,227.0,227.0,220.0,221.0,-1.34,7194.0,1024.0,112.0
SRBL,7/22/2018,222.0,222.0,218.0,218.0,-1.36,11430.0,1024.0,112.0
SRBL,7/23/2018,218.0,222.0,218.0,222.0,1.83,4533.0,1024.0,112.0
SRBL,7/24/2018,222.0,224.0,219.0,222.0,0.0,6565.0,1024.0,112.0
SRBL,7/25/2018,220.0,221.0,218.0,219.0,-1.35,6468.0,1024.0,112.0
SRBL,7/26/2018,217.0,220.0,217.0,219.0,0.0,8638.0,1024.0,112.0
SRBL,7/29/2018,218.0,220.0,218.0,218.0,-0.46,4812.0,1024.0,112.0
SRBL,7/30/2018,219.0,222.0,218.0,219.0,0.46,3047.0,1024.0,112.0
SRBL,7/31/2018,220.0,222.0,216.0,222.0,1.37,4529.0,1024.0,112.0
SRBL,8/1/2018,220.0,220.0,218.0,220.0,-0.9,2973.0,1024.0,112.0
SRBL,8/2/2018,217.0,220.0,217.0,217.0,-1.36,5625.0,1024.0,112.0
SRBL,8/5/2018,217.0,219.0,216.0,217.0,0.0,3107.0,1024.0,112.0
SRBL,8/6/2018,217.0,218.0,216.0,217.0,0.0,2990.0,1024.0,112.0
SRBL,8/7/2018,219.0,219.0,216.0,218.0,0.46,2217.0,1024.0,112.0
SRBL,8/8/2018,219.0,219.0,215.0,215.0,-1.38,9041.0,1024.0,112.0
SRBL,8/9/2018,215.0,218.0,215.0,216.0,0.47,2869.0,1024.0,112.0
SRBL,8/12/2018,215.0,216.0,214.0,215.0,-0.46,9292.0,1024.0,112.0
SRBL,8/13/2018,213.0,220.0,213.0,220.0,2.33,3115.0,1024.0,112.0
SRBL,8/14/2018,218.0,219.0,217.0,219.0,-0.45,2631.0,1024.0,112.0
SRBL,8/15/2018,217.0,224.0,217.0,224.0,2.28,7495.0,1024.0,112.0
SRBL,8/16/2018,223.0,230.0,223.0,225.0,0.45,10431.0,1024.0,112.0
SRBL,8/19/2018,225.0,226.0,220.0,220.0,-2.22,5311.0,1024.0,112.0
SRBL,8/20/2018,217.0,220.0,215.0,217.0,-1.36,18527.0,1024.0,112.0
SRBL,8/21/2018,218.0,218.0,216.0,216.0,-0.46,5571.0,1024.0,112.0
SRBL,8/22/2018,217.0,218.0,216.0,217.0,0.46,3099.0,1024.0,112.0
SRBL,8/23/2018,216.0,217.0,214.0,216.0,-0.46,9006.0,1024.0,112.0
SRBL,8/26/2018,216.0,219.0,215.0,216.0,0.0,743.0,1024.0,112.0
SRBL,8/28/2018,216.0,216.0,214.0,215.0,-0.46,4742.0,1024.0,112.0
SRBL,8/29/2018,217.0,217.0,214.0,215.0,0.0,8346.0,1024.0,112.0
SRBL,8/30/2018,216.0,220.0,214.0,220.0,2.33,14300.0,1024.0,112.0
SRBL,9/2/2018,220.0,230.0,220.0,228.0,3.64,34574.0,1024.0,112.0
SRBL,9/3/2018,229.0,232.0,226.0,230.0,0.88,35986.0,1024.0,112.0
SRBL,9/4/2018,230.0,233.0,224.0,230.0,0.0,17448.0,1024.0,112.0
SRBL,9/5/2018,233.0,247.0,229.0,239.0,3.91,56115.0,1024.0,112.0
SRBL,9/6/2018,242.0,242.0,233.0,235.0,-1.67,29308.0,1024.0,112.0
SRBL,9/9/2018,232.0,235.0,229.0,229.0,-2.55,7308.0,1024.0,112.0
SRBL,9/10/2018,230.0,234.0,228.0,230.0,0.44,8867.0,1024.0,112.0
SRBL,9/11/2018,230.0,234.0,229.0,232.0,0.87,36237.0,1024.0,112.0
SRBL,9/12/2018,230.0,236.0,230.0,235.0,1.29,10531.0,1024.0,112.0
SRBL,9/13/2018,239.0,242.0,237.0,240.0,2.13,27060.0,1024.0,112.0
SRBL,9/16/2018,244.0,253.0,242.0,246.0,2.5,53257.0,1024.0,112.0
SRBL,9/17/2018,246.0,249.0,241.0,244.0,-0.81,19113.0,1024.0,112.0
SRBL,9/18/2018,243.0,245.0,242.0,244.0,0.0,3091.0,1024.0,112.0
SRBL,9/20/2018,240.0,246.0,240.0,244.0,0.0,8105.0,1024.0,112.0
SRBL,9/23/2018,248.0,249.0,242.0,245.0,0.41,17697.0,1024.0,112.0
SRBL,9/25/2018,246.0,269.0,246.0,268.0,9.39,98064.0,1024.0,112.0
SRBL,9/26/2018,264.0,270.0,258.0,262.0,-2.24,64702.0,1024.0,112.0
SRBL,9/27/2018,263.0,263.0,255.0,255.0,-2.67,29239.0,1024.0,112.0
SRBL,9/30/2018,250.0,255.0,250.0,254.0,-0.39,19793.0,1024.0,112.0
SRBL,10/1/2018,254.0,254.0,246.0,246.0,-3.15,35593.0,1024.0,112.0
SRBL,10/2/2018,245.0,250.0,245.0,248.0,0.81,20809.0,1024.0,112.0
SRBL,10/3/2018,245.0,248.0,243.0,246.0,-0.81,15549.0,1024.0,112.0
SRBL,10/4/2018,249.0,249.0,240.0,241.0,-2.03,20565.0,1024.0,112.0
SRBL,10/7/2018,237.0,239.0,235.0,237.0,-1.66,10394.0,1024.0,112.0
SRBL,10/8/2018,235.0,242.0,235.0,242.0,2.11,6435.0,1024.0,112.0
SRBL,10/9/2018,245.0,245.0,239.0,240.0,-0.83,6543.0,1024.0,112.0
SRBL,10/10/2018,236.0,240.0,236.0,237.0,-1.25,4693.0,1024.0,112.0
SRBL,10/11/2018,237.0,243.0,235.0,241.0,1.69,2702.0,1024.0,112.0
SRBL,10/14/2018,245.0,248.0,241.0,247.0,2.49,8698.0,1024.0,112.0
SRBL,10/15/2018,247.0,250.0,244.0,245.0,-0.81,9714.0,1024.0,112.0
SRBL,10/21/2018,249.0,250.0,249.0,249.0,1.63,429.0,1024.0,112.0
SRBL,10/22/2018,245.0,248.0,245.0,248.0,-0.4,4017.0,1024.0,112.0
SRBL,10/23/2018,250.0,250.0,244.0,247.0,-0.4,2152.0,1024.0,112.0
SRBL,10/24/2018,247.0,248.0,243.0,247.0,0.0,4446.0,1024.0,112.0
SRBL,10/25/2018,245.0,249.0,244.0,244.0,-1.21,10318.0,1024.0,112.0
SRBL,10/28/2018,245.0,245.0,240.0,240.0,-1.64,8481.0,1024.0,112.0
SRBL,10/29/2018,237.0,240.0,237.0,238.0,-0.83,3873.0,1024.0,112.0
SRBL,10/30/2018,236.0,244.0,236.0,240.0,0.84,4931.0,1024.0,112.0
SRBL,10/31/2018,240.0,241.0,239.0,240.0,0.0,6400.0,1024.0,112.0
SRBL,11/1/2018,239.0,241.0,237.0,241.0,0.42,5209.0,1024.0,112.0
SRBL,11/4/2018,238.0,238.0,235.0,235.0,-2.49,9019.0,1024.0,112.0
SRBL,11/5/2018,232.0,238.0,232.0,237.0,0.85,6505.0,1024.0,112.0
SRBL,11/6/2018,237.0,238.0,234.0,239.0,0.84,386.0,1024.0,112.0
SRBL,11/11/2018,239.0,239.0,235.0,237.0,-0.84,2383.0,1024.0,112.0
SRBL,11/12/2018,237.0,237.0,235.0,235.0,-0.84,3611.0,1024.0,112.0
SRBL,11/13/2018,234.0,240.0,234.0,238.0,1.28,3102.0,1024.0,112.0
SRBL,11/14/2018,240.0,240.0,235.0,237.0,-0.42,6195.0,1024.0,112.0
SRBL,11/15/2018,240.0,240.0,233.0,234.0,-1.27,3767.0,1024.0,112.0
SRBL,11/18/2018,235.0,235.0,229.0,232.0,-0.85,5487.0,1024.0,112.0
SRBL,11/19/2018,232.0,233.0,229.0,230.0,-0.86,4633.0,1024.0,112.0
SRBL,11/20/2018,229.0,230.0,227.0,227.0,-1.3,2773.0,1024.0,112.0
SRBL,11/21/2018,225.0,229.0,225.0,228.0,0.44,2097.0,1024.0,112.0
SRBL,11/22/2018,227.0,228.0,227.0,227.0,-0.44,2080.0,1024.0,112.0
SRBL,11/25/2018,227.0,228.0,218.0,218.0,-3.96,11162.0,1024.0,112.0
SRBL,11/26/2018,216.0,224.0,216.0,217.0,-0.46,11223.0,1024.0,112.0
SRBL,11/27/2018,217.0,223.0,217.0,223.0,2.76,3131.0,1024.0,112.0
SRBL,11/28/2018,221.0,223.0,220.0,222.0,-0.45,3047.0,1024.0,112.0
SRBL,11/29/2018,221.0,222.0,219.0,220.0,-0.9,7304.0,1024.0,112.0
SRBL,12/2/2018,216.0,217.0,212.0,215.0,-2.27,26893.0,1024.0,112.0
SRBL,12/3/2018,217.0,219.0,217.0,217.0,0.93,8596.0,1024.0,112.0
SRBL,12/4/2018,215.0,225.0,214.0,225.0,3.69,4566.0,1024.0,112.0
SRBL,12/5/2018,223.0,223.0,214.0,217.0,-3.56,11328.0,1024.0,112.0
SRBL,12/6/2018,214.0,219.0,214.0,216.0,-0.46,7227.0,1024.0,112.0
SRBL,12/9/2018,217.0,220.0,214.0,220.0,1.85,8339.0,1024.0,112.0
SRBL,12/10/2018,220.0,224.0,220.0,221.0,0.45,11647.0,1024.0,112.0
SRBL,12/11/2018,220.0,223.0,219.0,220.0,-0.45,4039.0,1024.0,112.0
SRBL,12/12/2018,217.0,218.0,215.0,218.0,-0.91,2682.0,1024.0,112.0
SRBL,12/13/2018,218.0,222.0,218.0,222.0,1.83,1242.0,1024.0,112.0
SRBL,12/16/2018,224.0,228.0,222.0,223.0,0.45,9875.0,1024.0,112.0
SRBL,12/17/2018,222.0,226.0,220.0,226.0,1.35,5724.0,1024.0,112.0
SRBL,12/18/2018,223.0,223.0,220.0,220.0,-2.65,10939.0,1024.0,112.0
SRBL,12/19/2018,220.0,222.0,217.0,220.0,0.0,3560.0,1024.0,112.0
SRBL,12/20/2018,220.0,222.0,219.0,220.0,0.0,5723.0,1024.0,112.0
SRBL,12/23/2018,224.0,233.0,224.0,232.0,5.45,25605.0,1024.0,112.0
SRBL,12/24/2018,235.0,235.0,227.0,230.0,-0.86,14341.0,1024.0,112.0
SRBL,12/25/2018,226.0,227.0,222.0,227.0,-1.3,6714.0,1024.0,112.0
SRBL,12/26/2018,227.0,237.0,226.0,237.0,4.41,40711.0,1024.0,112.0
SRBL,12/27/2018,233.0,233.0,223.0,224.0,-5.49,12845.0,1024.0,112.0
SRBL,12/30/2018,222.0,222.0,217.0,217.0,-3.12,3941.0,1024.0,112.0
SRBL,12/31/2018,217.0,219.0,215.0,215.0,-0.92,1988.0,1024.0,112.0
SRBL,1/1/2019,216.0,217.0,212.0,217.0,0.93,11664.0,1024.0,112.0
SRBL,1/2/2019,217.0,217.0,214.0,214.0,-1.38,7134.0,1024.0,112.0
SRBL,1/3/2019,215.0,216.0,214.0,215.0,0.47,5932.0,1024.0,112.0
SRBL,1/6/2019,214.0,215.0,211.0,215.0,0.0,22223.0,1024.0,112.0
SRBL,1/7/2019,215.0,217.0,214.0,215.0,0.0,8359.0,1024.0,112.0
SRBL,1/8/2019,214.0,216.0,213.0,216.0,0.47,5299.0,1024.0,112.0
SRBL,1/9/2019,216.0,218.0,215.0,218.0,0.93,10661.0,1024.0,112.0
SRBL,1/10/2019,221.0,222.0,213.0,216.0,-0.92,19918.0,1024.0,112.0
SRBL,1/13/2019,219.0,219.0,214.0,215.0,-0.46,15652.0,1024.0,112.0
SRBL,1/14/2019,216.0,216.0,214.0,215.0,0.0,5769.0,1024.0,112.0
SRBL,1/15/2019,215.0,217.0,215.0,217.0,0.93,8126.0,1024.0,112.0
SRBL,1/16/2019,214.0,217.0,214.0,216.0,-0.46,4774.0,1024.0,112.0
SRBL,1/17/2019,215.0,218.0,214.0,215.0,-0.46,1119.0,1024.0,112.0
SRBL,1/20/2019,215.0,215.0,214.0,215.0,0.0,1148.0,1024.0,112.0
SRBL,1/21/2019,214.0,214.0,213.0,214.0,-0.47,8444.0,1024.0,112.0
SRBL,1/22/2019,212.0,215.0,211.0,214.0,0.0,2695.0,1024.0,112.0
SRBL,1/23/2019,214.0,215.0,213.0,213.0,-0.47,7973.0,1024.0,112.0
SRBL,1/24/2019,215.0,215.0,213.0,214.0,0.47,10897.0,1024.0,112.0
SRBL,1/27/2019,217.0,218.0,210.0,212.0,-0.93,11274.0,1024.0,112.0
SRBL,1/28/2019,212.0,212.0,209.0,212.0,0.0,3172.0,1024.0,112.0
SRBL,1/29/2019,210.0,211.0,209.0,210.0,-0.94,8299.0,1024.0,112.0
SRBL,1/30/2019,211.0,216.0,211.0,212.0,0.95,5590.0,1024.0,112.0
SRBL,1/31/2019,214.0,214.0,211.0,212.0,0.0,2661.0,1024.0,112.0
SRBL,2/3/2019,213.0,213.0,209.0,211.0,-0.47,9312.0,1024.0,112.0
SRBL,2/4/2019,210.0,211.0,209.0,209.0,-0.95,6425.0,1024.0,112.0
SRBL,2/5/2019,210.0,214.0,208.0,209.0,0.0,7016.0,1024.0,112.0
SRBL,2/6/2019,208.0,210.0,208.0,210.0,0.48,4435.0,1024.0,112.0
SRBL,2/7/2019,210.0,210.0,208.0,210.0,0.0,3075.0,1024.0,112.0
SRBL,2/10/2019,209.0,210.0,207.0,210.0,0.0,9414.0,1024.0,112.0
SRBL,2/11/2019,207.0,210.0,206.0,210.0,0.0,12252.0,1024.0,112.0
SRBL,2/12/2019,211.0,211.0,205.0,208.0,-0.95,28746.0,1024.0,112.0
SRBL,2/13/2019,212.0,212.0,205.0,206.0,-0.96,17435.0,1024.0,112.0
SRBL,2/14/2019,206.0,210.0,205.0,205.0,-0.49,5208.0,1024.0,112.0
SRBL,2/17/2019,207.0,212.0,204.0,207.0,0.98,3913.0,1024.0,112.0
SRBL,2/18/2019,208.0,208.0,204.0,205.0,-0.97,5919.0,1024.0,112.0
SRBL,2/19/2019,207.0,210.0,204.0,210.0,2.44,28300.0,1024.0,112.0
SRBL,2/20/2019,207.0,209.0,204.0,209.0,-0.48,4644.0,1024.0,112.0
SRBL,2/21/2019,208.0,212.0,206.0,209.0,0.0,2409.0,1024.0,112.0
SRBL,2/24/2019,206.0,206.0,203.0,204.0,-2.39,7388.0,1024.0,112.0
SRBL,2/25/2019,205.0,208.0,203.0,206.0,0.98,4252.0,1024.0,112.0
SRBL,2/26/2019,206.0,206.0,203.0,205.0,-0.49,3270.0,1024.0,112.0
SRBL,2/27/2019,205.0,207.0,205.0,206.0,0.49,5191.0,1024.0,112.0
SRBL,3/3/2019,206.0,206.0,205.0,206.0,0.0,9145.0,1024.0,112.0
SRBL,3/5/2019,205.0,207.0,203.0,206.0,0.0,10901.0,1024.0,112.0
SRBL,3/6/2019,210.0,210.0,206.0,209.0,1.46,4262.0,1024.0,112.0
SRBL,3/7/2019,207.0,214.0,206.0,214.0,2.39,19966.0,1024.0,112.0
SRBL,3/10/2019,213.0,213.0,209.0,213.0,-0.47,5592.0,1024.0,112.0
SRBL,3/11/2019,213.0,221.0,211.0,221.0,3.76,33514.0,1024.0,112.0
SRBL,3/12/2019,222.0,226.0,217.0,222.0,0.45,23492.0,1024.0,112.0
SRBL,3/13/2019,222.0,227.0,217.0,220.0,-0.9,21346.0,1024.0,112.0
SRBL,3/14/2019,217.0,223.0,217.0,222.0,0.91,13802.0,1024.0,112.0
SRBL,3/17/2019,220.0,223.0,217.0,223.0,0.45,27658.0,1024.0,112.0
SRBL,3/18/2019,223.0,223.0,217.0,219.0,-1.79,12196.0,1024.0,112.0
SRBL,3/19/2019,218.0,219.0,216.0,216.0,-1.37,7727.0,1024.0,112.0
SRBL,3/21/2019,215.0,217.0,214.0,215.0,-0.46,15340.0,1024.0,112.0
SRBL,3/24/2019,214.0,216.0,213.0,216.0,0.47,9430.0,1024.0,112.0
SRBL,3/25/2019,216.0,217.0,216.0,217.0,0.46,5061.0,1024.0,112.0
SRBL,3/26/2019,217.0,217.0,216.0,216.0,-0.46,4636.0,1024.0,112.0
SRBL,3/27/2019,216.0,217.0,215.0,216.0,0.0,7456.0,1024.0,112.0
SRBL,3/28/2019,216.0,218.0,215.0,216.0,0.0,19002.0,1024.0,112.0
SRBL,3/31/2019,217.0,219.0,215.0,217.0,0.46,17204.0,1024.0,112.0
SRBL,4/1/2019,219.0,227.0,218.0,225.0,3.69,26328.0,1024.0,112.0
SRBL,4/2/2019,225.0,230.0,225.0,229.0,1.78,53277.0,1024.0,112.0
SRBL,4/3/2019,225.0,231.0,224.0,229.0,0.0,57912.0,1024.0,112.0
SRBL,4/4/2019,229.0,231.0,227.0,229.0,0.0,13360.0,1024.0,112.0
SRBL,4/7/2019,229.0,240.0,226.0,239.0,4.37,48271.0,1024.0,112.0
SRBL,4/8/2019,235.0,240.0,235.0,238.0,-0.42,96375.0,1024.0,112.0
SRBL,4/9/2019,242.0,242.0,231.0,236.0,-0.84,26224.0,1024.0,112.0
SRBL,4/10/2019,239.0,240.0,231.0,236.0,0.0,28333.0,1024.0,112.0
SRBL,4/11/2019,236.0,237.0,235.0,235.0,-0.42,14637.0,1024.0,112.0
SRBL,4/15/2019,235.0,236.0,232.0,236.0,0.43,7394.0,1024.0,112.0
SRBL,4/16/2019,234.0,243.0,234.0,243.0,2.97,35849.0,1024.0,112.0
SRBL,4/17/2019,245.0,248.0,242.0,245.0,0.82,68334.0,1024.0,112.0
SRBL,4/18/2019,249.0,256.0,246.0,256.0,4.49,58630.0,1024.0,112.0
SRBL,4/21/2019,260.0,261.0,251.0,260.0,1.56,37441.0,1024.0,112.0
SRBL,4/22/2019,264.0,264.0,250.0,252.0,-3.08,34554.0,1024.0,112.0
SRBL,4/23/2019,250.0,253.0,248.0,253.0,0.4,26046.0,1024.0,112.0
SRBL,4/24/2019,252.0,264.0,251.0,263.0,3.95,34217.0,1024.0,112.0
SRBL,4/25/2019,267.0,276.0,261.0,272.0,3.42,79374.0,1024.0,112.0
SRBL,4/28/2019,276.0,277.0,261.0,261.0,-4.04,25660.0,1024.0,112.0
SRBL,4/29/2019,261.0,265.0,257.0,258.0,-1.15,34987.0,1024.0,112.0
SRBL,4/30/2019,262.0,268.0,259.0,262.0,1.55,27222.0,1024.0,112.0
SRBL,5/2/2019,259.0,260.0,256.0,256.0,-2.29,18819.0,1024.0,112.0
SRBL,5/5/2019,258.0,258.0,251.0,251.0,-1.95,24022.0,1024.0,112.0
SRBL,5/6/2019,250.0,260.0,250.0,260.0,3.59,28881.0,1024.0,112.0
SRBL,5/7/2019,263.0,264.0,256.0,259.0,-0.38,22582.0,1024.0,112.0
SRBL,5/8/2019,255.0,260.0,254.0,256.0,-1.16,10344.0,1024.0,112.0
SRBL,5/9/2019,255.0,255.0,252.0,253.0,-1.17,12919.0,1024.0,112.0
SRBL,5/12/2019,253.0,256.0,249.0,252.0,-0.4,8784.0,1024.0,112.0
SRBL,5/13/2019,254.0,257.0,252.0,255.0,1.19,11084.0,1024.0,112.0
SRBL,5/14/2019,256.0,262.0,256.0,259.0,1.57,22409.0,1024.0,112.0
SRBL,5/15/2019,260.0,263.0,258.0,258.0,-0.39,50837.0,1024.0,112.0
SRBL,5/16/2019,256.0,261.0,256.0,258.0,0.0,14328.0,1024.0,112.0
SRBL,5/19/2019,258.0,259.0,255.0,258.0,0.0,6877.0,1024.0,112.0
SRBL,5/20/2019,255.0,262.0,255.0,260.0,0.78,28735.0,1024.0,112.0
SRBL,5/21/2019,260.0,262.0,257.0,259.0,-0.38,24203.0,1024.0,112.0
SRBL,5/22/2019,261.0,261.0,258.0,260.0,0.39,12840.0,1024.0,112.0
SRBL,5/23/2019,262.0,262.0,257.0,258.0,-0.77,12981.0,1024.0,112.0
SRBL,5/26/2019,260.0,261.0,256.0,257.0,-0.39,7119.0,1024.0,112.0
SRBL,5/27/2019,253.0,256.0,253.0,254.0,-1.17,20440.0,1024.0,112.0
SRBL,5/28/2019,255.0,258.0,255.0,256.0,0.79,8158.0,1024.0,112.0
SRBL,5/29/2019,256.0,261.0,256.0,258.0,0.78,5944.0,1024.0,112.0
SRBL,5/30/2019,263.0,271.0,260.0,261.0,1.16,54518.0,1024.0,112.0
SRBL,6/2/2019,256.0,261.0,256.0,257.0,-1.53,9144.0,1024.0,112.0
SRBL,6/3/2019,261.0,261.0,253.0,253.0,-1.56,16404.0,1024.0,112.0
SRBL,6/4/2019,254.0,258.0,253.0,253.0,0.0,7045.0,1024.0,112.0
SRBL,6/6/2019,253.0,255.0,253.0,254.0,0.4,4723.0,1024.0,112.0
SRBL,6/10/2019,255.0,255.0,254.0,254.0,0.0,10550.0,1024.0,112.0
SRBL,6/11/2019,256.0,256.0,254.0,254.0,0.0,8195.0,1024.0,112.0
SRBL,6/12/2019,256.0,256.0,253.0,254.0,0.0,3088.0,1024.0,112.0
SRBL,6/13/2019,253.0,256.0,252.0,252.0,-0.79,10387.0,1024.0,112.0
SRBL,6/16/2019,252.0,255.0,250.0,250.0,-0.79,14885.0,1024.0,112.0
SRBL,6/17/2019,254.0,254.0,250.0,252.0,0.8,10325.0,1024.0,112.0
SRBL,6/18/2019,250.0,254.0,250.0,253.0,0.4,8318.0,1024.0,112.0
SRBL,6/19/2019,251.0,252.0,250.0,251.0,-0.79,11715.0,1024.0,112.0
SRBL,6/20/2019,251.0,253.0,250.0,251.0,0.0,5844.0,1024.0,112.0
SRBL,6/23/2019,251.0,254.0,250.0,251.0,0.0,9630.0,1024.0,112.0
SRBL,6/24/2019,250.0,252.0,250.0,251.0,0.0,4121.0,1024.0,112.0
SRBL,6/25/2019,252.0,254.0,251.0,252.0,0.4,6666.0,1024.0,112.0
SRBL,6/26/2019,250.0,252.0,250.0,252.0,0.0,2134.0,1024.0,112.0
SRBL,6/27/2019,252.0,255.0,251.0,252.0,0.0,8987.0,1024.0,112.0
SRBL,6/30/2019,252.0,252.0,248.0,248.0,-1.59,12613.0,1024.0,112.0
SRBL,7/1/2019,248.0,249.0,245.0,246.0,-0.81,12202.0,1024.0,112.0
SRBL,7/2/2019,246.0,252.0,246.0,252.0,2.44,7100.0,1024.0,112.0
SRBL,7/3/2019,251.0,257.0,251.0,256.0,1.59,10755.0,1024.0,112.0
SRBL,7/4/2019,256.0,258.0,254.0,254.0,-0.78,9605.0,1024.0,112.0
SRBL,7/7/2019,252.0,252.0,249.0,249.0,-1.97,12122.0,1024.0,112.0
SRBL,7/8/2019,250.0,250.0,246.0,246.0,-1.2,15733.0,1024.0,112.0
SRBL,7/9/2019,245.0,258.0,245.0,252.0,2.44,15566.0,1024.0,112.0
SRBL,7/10/2019,250.0,252.0,250.0,252.0,0.0,12701.0,1024.0,112.0
SRBL,7/11/2019,252.0,252.0,249.0,249.0,-1.19,31436.0,1024.0,112.0
SRBL,7/14/2019,250.0,252.0,248.0,249.0,0.0,9196.0,1024.0,112.0
SRBL,7/15/2019,249.0,251.0,248.0,251.0,0.8,4594.0,1024.0,112.0
SRBL,7/16/2019,263.0,263.0,248.0,248.0,-1.2,14616.0,1024.0,112.0
SRBL,7/17/2019,245.0,255.0,245.0,255.0,2.82,9924.0,1024.0,112.0
SRBL,7/18/2019,255.0,258.0,255.0,256.0,0.39,7303.0,1024.0,112.0
SRBL,7/21/2019,258.0,259.0,252.0,256.0,0.0,5183.0,1024.0,112.0
SRBL,7/22/2019,255.0,256.0,254.0,255.0,-0.39,6616.0,1024.0,112.0
SRBL,7/23/2019,258.0,258.0,254.0,258.0,1.18,12104.0,1024.0,112.0
SRBL,7/24/2019,256.0,260.0,256.0,258.0,0.0,5727.0,1024.0,112.0
SRBL,7/25/2019,254.0,259.0,254.0,255.0,-1.16,4983.0,1024.0,112.0
SRBL,7/28/2019,255.0,255.0,247.0,247.0,-3.14,22445.0,1024.0,112.0
SRBL,7/29/2019,250.0,251.0,248.0,248.0,0.4,7477.0,1024.0,112.0
SRBL,7/30/2019,250.0,250.0,249.0,250.0,0.81,1812.0,1024.0,112.0
SRBL,7/31/2019,248.0,253.0,248.0,252.0,0.8,6066.0,1024.0,112.0
SRBL,8/1/2019,252.0,252.0,249.0,249.0,-1.19,11423.0,1024.0,112.0
SRBL,8/4/2019,249.0,250.0,247.0,248.0,-0.4,12866.0,1024.0,112.0
SRBL,8/5/2019,247.0,249.0,247.0,249.0,0.4,1745.0,1024.0,112.0
SRBL,8/6/2019,249.0,249.0,245.0,245.0,-1.61,13490.0,1024.0,112.0
SRBL,8/7/2019,244.0,247.0,244.0,245.0,0.0,6565.0,1024.0,112.0
SRBL,8/8/2019,245.0,246.0,242.0,242.0,-1.22,3678.0,1024.0,112.0
SRBL,8/11/2019,239.0,242.0,239.0,241.0,-0.41,14010.0,1024.0,112.0
SRBL,8/12/2019,240.0,245.0,239.0,241.0,0.0,11588.0,1024.0,112.0
SRBL,8/13/2019,243.0,244.0,239.0,244.0,1.24,2805.0,1024.0,112.0
SRBL,8/14/2019,242.0,242.0,235.0,237.0,-2.87,12848.0,1024.0,112.0
SRBL,8/15/2019,238.0,238.0,232.0,233.0,-1.69,12750.0,1024.0,112.0
SRBL,8/18/2019,235.0,237.0,230.0,233.0,0.0,13554.0,1024.0,112.0
SRBL,8/19/2019,234.0,239.0,231.0,237.0,1.72,7999.0,1024.0,112.0
SRBL,8/20/2019,233.0,235.0,231.0,232.0,-2.11,3410.0,1024.0,112.0
SRBL,8/21/2019,232.0,234.0,232.0,232.0,0.0,3650.0,1024.0,112.0
SRBL,8/22/2019,232.0,235.0,232.0,235.0,1.29,5572.0,1024.0,112.0
SRBL,8/25/2019,231.0,233.0,229.0,231.0,-1.7,10203.0,1024.0,112.0
SRBL,8/26/2019,229.0,231.0,228.0,230.0,-0.43,5236.0,1024.0,112.0
SRBL,8/27/2019,230.0,234.0,230.0,232.0,0.87,4036.0,1024.0,112.0
SRBL,8/28/2019,231.0,232.0,229.0,229.0,-1.29,8799.0,1024.0,112.0
SRBL,8/29/2019,230.0,235.0,227.0,230.0,0.44,7258.0,1024.0,112.0
SRBL,9/1/2019,234.0,234.0,230.0,230.0,0.0,7458.0,1024.0,112.0
SRBL,9/2/2019,230.0,230.0,226.0,230.0,0.0,13060.0,1024.0,112.0
SRBL,9/3/2019,226.0,236.0,223.0,236.0,2.61,15988.0,1024.0,112.0
SRBL,9/4/2019,233.0,241.0,230.0,240.0,1.69,8694.0,1024.0,112.0
SRBL,9/5/2019,237.0,240.0,233.0,238.0,-0.83,8911.0,1024.0,112.0
SRBL,9/8/2019,236.0,236.0,232.0,232.0,-2.52,7186.0,1024.0,112.0
SRBL,9/9/2019,230.0,231.0,228.0,231.0,-0.43,13450.0,1024.0,112.0
SRBL,9/10/2019,227.0,230.0,227.0,230.0,-0.43,3565.0,1024.0,112.0
SRBL,9/11/2019,234.0,234.0,227.0,230.0,0.0,8749.0,1024.0,112.0
SRBL,9/12/2019,230.0,230.0,227.0,228.0,-0.87,4295.0,1024.0,112.0
SRBL,9/15/2019,229.0,229.0,224.0,224.0,-1.75,7268.0,1024.0,112.0
SRBL,9/16/2019,223.0,225.0,220.0,222.0,-0.89,10746.0,1024.0,112.0
SRBL,9/17/2019,222.0,234.0,222.0,229.0,3.15,11279.0,1024.0,112.0
SRBL,9/18/2019,233.0,245.0,233.0,244.0,6.55,65746.0,1024.0,112.0
SRBL,9/19/2019,245.0,247.0,240.0,242.0,-0.82,7323.0,1024.0,112.0
SRBL,9/22/2019,240.0,240.0,235.0,235.0,-2.89,10729.0,1024.0,112.0
SRBL,9/23/2019,232.0,239.0,232.0,235.0,0.0,21068.0,1024.0,112.0
SRBL,9/24/2019,233.0,234.0,232.0,233.0,-0.85,6018.0,1024.0,112.0
SRBL,9/25/2019,233.0,233.0,232.0,232.0,-0.43,13382.0,1024.0,112.0
SRBL,9/26/2019,230.0,232.0,229.0,231.0,-0.43,13865.0,1024.0,112.0
SRBL,9/29/2019,231.0,231.0,229.0,229.0,-0.87,9085.0,1024.0,112.0
SRBL,9/30/2019,229.0,231.0,229.0,231.0,0.87,93265.0,1024.0,112.0
SRBL,10/1/2019,230.0,238.0,230.0,238.0,3.03,10906.0,1024.0,112.0
SRBL,10/2/2019,234.0,236.0,233.0,233.0,-2.1,11102.0,1024.0,112.0
SRBL,10/3/2019,232.0,237.0,232.0,235.0,0.86,5256.0,1024.0,112.0
SRBL,10/10/2019,237.0,241.0,237.0,240.0,2.13,5527.0,1024.0,112.0
SRBL,10/14/2019,240.0,240.0,236.0,236.0,-1.67,5830.0,1024.0,112.0
SRBL,10/15/2019,234.0,240.0,234.0,239.0,1.27,6332.0,1024.0,112.0
SRBL,10/16/2019,239.0,239.0,238.0,239.0,0.0,7555.0,1024.0,112.0
SRBL,10/17/2019,239.0,240.0,238.0,239.0,0.0,46062.0,1024.0,112.0
SRBL,10/20/2019,213.0,213.0,209.0,211.0,-11.72,14948.0,1024.0,112.0
SRBL,10/21/2019,211.0,217.0,208.0,213.0,0.95,5712.0,1024.0,112.0
SRBL,10/22/2019,216.0,216.0,209.0,213.0,0.0,4180.0,1024.0,112.0
SRBL,10/23/2019,211.0,213.0,211.0,213.0,0.0,3043.0,1024.0,112.0
SRBL,10/24/2019,214.0,214.0,213.0,213.0,0.0,7630.0,1024.0,112.0
SRBL,10/31/2019,214.0,214.0,212.0,213.0,0.0,6403.0,1024.0,112.0
SRBL,11/3/2019,210.0,210.0,207.0,207.0,-2.82,11020.0,1024.0,112.0
SRBL,11/4/2019,207.0,209.0,207.0,209.0,0.97,8480.0,1024.0,112.0
SRBL,11/5/2019,210.0,212.0,208.0,208.0,-0.48,8243.0,1024.0,112.0
SRBL,11/6/2019,208.0,209.0,207.0,207.0,-0.48,9474.0,1024.0,112.0
SRBL,11/7/2019,207.0,207.0,204.0,204.0,-1.45,8960.0,1024.0,112.0
SRBL,11/10/2019,208.0,210.0,206.0,207.0,1.47,10134.0,1024.0,112.0
SRBL,11/11/2019,208.0,213.0,207.0,212.0,2.42,8866.0,1024.0,112.0
SRBL,11/12/2019,212.0,213.0,211.0,212.0,0.0,8667.0,1024.0,112.0
SRBL,11/13/2019,212.0,213.0,211.0,212.0,0.0,6118.0,1024.0,112.0
SRBL,11/14/2019,211.0,213.0,210.0,210.0,-0.94,6157.0,1024.0,112.0
SRBL,11/17/2019,211.0,212.0,210.0,211.0,0.48,9373.0,1024.0,112.0
SRBL,11/18/2019,215.0,215.0,212.0,212.0,0.47,1791.0,1024.0,112.0
SRBL,11/19/2019,210.0,213.0,210.0,213.0,0.47,3563.0,1024.0,112.0
SRBL,11/20/2019,213.0,214.0,211.0,211.0,-0.94,30738.0,1024.0,112.0
SRBL,11/21/2019,210.0,210.0,209.0,209.0,-0.95,4368.0,1024.0,112.0
SRBL,11/24/2019,206.0,208.0,206.0,207.0,-0.96,6375.0,1024.0,112.0
SRBL,11/25/2019,206.0,209.0,206.0,209.0,0.97,3469.0,1024.0,112.0
SRBL,11/26/2019,208.0,209.0,208.0,208.0,-0.48,6619.0,1024.0,112.0
SRBL,11/27/2019,209.0,210.0,208.0,210.0,0.96,3833.0,1024.0,112.0
SRBL,11/28/2019,210.0,212.0,210.0,210.0,0.0,2481.0,1024.0,112.0
SRBL,12/1/2019,208.0,212.0,208.0,212.0,0.95,9732.0,1024.0,112.0
SRBL,12/2/2019,212.0,215.0,211.0,213.0,0.47,7963.0,1024.0,112.0
SRBL,12/3/2019,212.0,213.0,212.0,213.0,0.0,3786.0,1024.0,112.0
SRBL,12/4/2019,213.0,214.0,213.0,214.0,0.47,10649.0,1024.0,112.0
SRBL,12/5/2019,214.0,216.0,214.0,216.0,0.93,5486.0,1024.0,112.0
SRBL,12/8/2019,214.0,216.0,213.0,215.0,-0.46,7059.0,1024.0,112.0
SRBL,12/9/2019,214.0,222.0,214.0,220.0,2.33,7904.0,1024.0,112.0
SRBL,12/10/2019,222.0,224.0,217.0,218.0,-0.91,8303.0,1024.0,112.0
SRBL,12/11/2019,218.0,220.0,217.0,219.0,0.46,14090.0,1024.0,112.0
SRBL,12/12/2019,218.0,221.0,218.0,218.0,-0.46,8426.0,1024.0,112.0
SRBL,12/15/2019,220.0,224.0,220.0,221.0,1.38,21382.0,1024.0,112.0
SRBL,12/16/2019,224.0,224.0,217.0,217.0,-1.81,7869.0,1024.0,112.0
SRBL,12/17/2019,217.0,219.0,216.0,217.0,0.0,5391.0,1024.0,112.0
SRBL,12/18/2019,217.0,217.0,216.0,217.0,0.0,4471.0,1024.0,112.0
SRBL,12/19/2019,215.0,216.0,215.0,216.0,-0.46,4042.0,1024.0,112.0
SRBL,12/22/2019,215.0,217.0,215.0,215.0,-0.46,1988.0,1024.0,112.0
SRBL,12/23/2019,214.0,218.0,214.0,216.0,0.47,8173.0,1024.0,112.0
SRBL,12/24/2019,216.0,218.0,216.0,217.0,0.46,7418.0,1024.0,112.0
SRBL,12/25/2019,217.0,217.0,216.0,217.0,0.0,6322.0,1024.0,112.0
SRBL,12/26/2019,216.0,217.0,216.0,217.0,0.0,4924.0,1024.0,112.0
SRBL,12/29/2019,217.0,217.0,215.0,215.0,-0.92,6809.0,1024.0,112.0
SRBL,12/30/2019,216.0,216.0,215.0,216.0,0.47,6432.0,1024.0,112.0
SRBL,12/31/2019,216.0,220.0,215.0,215.0,-0.46,10935.0,1024.0,112.0
SRBL,1/1/2020,215.0,217.0,215.0,215.0,0.0,8708.0,1024.0,112.0
SRBL,1/2/2020,215.0,217.0,214.0,215.0,0.0,10599.0,1024.0,112.0
SRBL,1/5/2020,217.0,222.0,217.0,218.0,1.4,6433.0,1024.0,112.0
SRBL,1/6/2020,222.0,231.0,220.0,229.0,5.05,26307.0,1024.0,112.0
SRBL,1/7/2020,233.0,237.0,227.0,234.0,2.18,21792.0,1024.0,112.0
SRBL,1/8/2020,232.0,234.0,227.0,227.0,-2.99,26538.0,1024.0,112.0
SRBL,1/9/2020,225.0,227.0,224.0,225.0,-0.88,8299.0,1024.0,112.0
SRBL,1/12/2020,225.0,244.0,225.0,239.0,6.22,30856.0,1024.0,112.0
SRBL,1/13/2020,243.0,243.0,236.0,240.0,0.42,40333.0,1024.0,112.0
SRBL,1/14/2020,240.0,240.0,236.0,236.0,-1.67,18111.0,1024.0,112.0
SRBL,1/15/2020,236.0,245.0,236.0,242.0,2.54,28649.0,1024.0,112.0
SRBL,1/16/2020,245.0,248.0,240.0,240.0,-0.83,62030.0,1024.0,112.0
SRBL,1/19/2020,244.0,251.0,244.0,247.0,2.92,60525.0,1024.0,112.0
SRBL,1/20/2020,251.0,251.0,239.0,241.0,-2.43,39589.0,1024.0,112.0
SRBL,1/21/2020,237.0,245.0,237.0,244.0,1.24,17442.0,1024.0,112.0
SRBL,1/22/2020,240.0,242.0,240.0,242.0,-0.82,5972.0,1024.0,112.0
SRBL,1/23/2020,241.0,241.0,235.0,235.0,-2.89,16391.0,1024.0,112.0
SRBL,1/26/2020,231.0,235.0,227.0,232.0,-1.28,17360.0,1024.0,112.0
SRBL,1/27/2020,232.0,237.0,231.0,236.0,1.72,4106.0,1024.0,112.0
SRBL,1/28/2020,240.0,243.0,233.0,233.0,-1.27,20782.0,1024.0,112.0
SRBL,1/29/2020,235.0,238.0,233.0,235.0,0.86,11726.0,1024.0,112.0
SRBL,1/30/2020,236.0,248.0,236.0,248.0,5.53,35032.0,1024.0,112.0
SRBL,2/2/2020,250.0,258.0,248.0,257.0,3.63,86546.0,1024.0,112.0
SRBL,2/3/2020,262.0,262.0,253.0,254.0,-1.17,51359.0,1024.0,112.0
SRBL,2/4/2020,253.0,255.0,249.0,249.0,-1.97,25252.0,1024.0,112.0
SRBL,2/5/2020,246.0,252.0,246.0,252.0,1.2,8374.0,1024.0,112.0
SRBL,2/6/2020,252.0,252.0,244.0,247.0,-1.98,33763.0,1024.0,112.0
SRBL,2/9/2020,250.0,250.0,241.0,241.0,-2.43,23182.0,1024.0,112.0
SRBL,2/10/2020,242.0,250.0,241.0,248.0,2.9,9422.0,1024.0,112.0
SRBL,2/11/2020,252.0,256.0,247.0,250.0,0.81,28517.0,1024.0,112.0
SRBL,2/12/2020,248.0,249.0,244.0,247.0,-1.2,17821.0,1024.0,112.0
SRBL,2/13/2020,246.0,247.0,243.0,244.0,-1.21,17654.0,1024.0,112.0
SRBL,2/16/2020,243.0,247.0,242.0,247.0,1.23,34649.0,1024.0,112.0
SRBL,2/17/2020,250.0,258.0,248.0,256.0,3.64,83125.0,1024.0,112.0
SRBL,2/18/2020,261.0,265.0,255.0,256.0,0.0,83458.0,1024.0,112.0
SRBL,2/19/2020,256.0,258.0,252.0,255.0,-0.39,34505.0,1024.0,112.0
SRBL,2/20/2020,254.0,259.0,254.0,257.0,0.78,20575.0,1024.0,112.0
SRBL,2/23/2020,260.0,281.0,258.0,275.0,7.0,94068.0,1024.0,112.0
SRBL,2/24/2020,280.0,285.0,270.0,273.0,-0.73,115383.0,1024.0,112.0
SRBL,2/25/2020,268.0,279.0,268.0,274.0,0.37,35101.0,1024.0,112.0
SRBL,2/26/2020,272.0,286.0,272.0,285.0,4.01,66433.0,1024.0,112.0
SRBL,2/27/2020,280.0,312.0,280.0,299.0,4.91,163041.0,1024.0,112.0
SRBL,3/1/2020,304.0,316.0,297.0,299.0,0.0,137793.0,1024.0,112.0
SRBL,3/2/2020,295.0,295.0,275.0,276.0,-7.69,109073.0,1024.0,112.0
SRBL,3/3/2020,276.0,287.0,261.0,275.0,-0.36,125225.0,1024.0,112.0
SRBL,3/4/2020,275.0,278.0,255.0,260.0,-5.45,78368.0,1024.0,112.0
SRBL,3/5/2020,256.0,267.0,256.0,262.0,0.77,88257.0,1024.0,112.0
SRBL,3/10/2020,260.0,260.0,249.0,251.0,-4.2,52411.0,1024.0,112.0
SRBL,3/11/2020,250.0,267.0,250.0,266.0,5.98,48760.0,1024.0,112.0
SRBL,3/12/2020,266.0,266.0,252.0,255.0,-4.14,73521.0,1024.0,112.0
SRBL,3/15/2020,252.0,253.0,234.0,234.0,-8.24,72565.0,1024.0,112.0
SRBL,3/16/2020,232.0,246.0,232.0,239.0,2.14,31397.0,1024.0,112.0
SRBL,3/17/2020,236.0,238.0,233.0,234.0,-2.09,34248.0,1024.0,112.0
SRBL,3/18/2020,232.0,239.0,230.0,234.0,0.0,53395.0,1024.0,112.0
SRBL,3/19/2020,230.0,243.0,228.0,240.0,2.56,131936.0,1024.0,112.0
SRBL,3/22/2020,236.0,236.0,230.0,233.0,-2.92,4902.0,1024.0,112.0
SRBL,5/12/2020,229.0,229.0,227.0,227.0,-2.58,100.0,1024.0,112.0
SRBL,5/13/2020,223.0,223.0,221.0,221.0,-2.64,70.0,1024.0,112.0
SRBL,6/29/2020,217.0,217.0,201.0,214.0,-3.17,20904.0,1024.0,112.0
SRBL,6/30/2020,215.0,224.0,215.0,220.0,2.8,3799.0,1024.0,112.0
SRBL,7/1/2020,224.0,236.0,224.0,235.0,6.82,2387.0,1024.0,112.0
SRBL,7/2/2020,239.0,245.0,214.0,223.0,-5.11,8360.0,1024.0,112.0
SRBL,7/5/2020,223.0,225.0,211.0,213.0,-4.48,13907.0,1024.0,112.0
SRBL,7/6/2020,209.0,220.0,209.0,220.0,3.29,17399.0,1024.0,112.0
SRBL,7/7/2020,224.0,232.0,220.0,228.0,3.64,11529.0,1024.0,112.0
SRBL,7/8/2020,224.0,232.0,221.0,229.0,0.44,10795.0,1024.0,112.0
SRBL,7/9/2020,225.0,232.0,224.0,226.0,-1.31,11042.0,1024.0,112.0
SRBL,7/12/2020,225.0,227.0,222.0,227.0,0.44,17973.0,1024.0,112.0
SRBL,7/13/2020,227.0,230.0,224.0,226.0,-0.44,19398.0,1024.0,112.0
SRBL,7/14/2020,225.0,229.0,223.0,227.0,0.44,10613.0,1024.0,112.0
SRBL,7/15/2020,228.0,235.0,227.0,234.0,3.08,34942.0,1024.0,112.0
SRBL,7/16/2020,235.0,241.0,227.0,239.0,2.14,22612.0,1024.0,112.0
SRBL,7/19/2020,243.0,251.0,243.0,251.0,5.02,40.0,1024.0,112.0
SRBL,7/20/2020,255.0,276.0,250.0,261.0,3.98,110098.0,1024.0,112.0
SRBL,7/21/2020,262.0,265.0,255.0,255.0,-2.3,44778.0,1024.0,112.0
SRBL,7/22/2020,258.0,260.0,250.0,250.0,-1.96,26690.0,1024.0,112.0
SRBL,7/23/2020,246.0,249.0,245.0,249.0,-0.4,26260.0,1024.0,112.0
SRBL,7/26/2020,248.0,252.0,244.0,249.0,0.0,50824.0,1024.0,112.0
SRBL,7/27/2020,250.0,252.0,243.0,245.0,-1.61,21246.0,1024.0,112.0
SRBL,7/28/2020,245.0,254.0,243.0,245.0,0.0,28291.0,1024.0,112.0
SRBL,7/29/2020,244.0,245.0,241.0,243.0,-0.82,23988.0,1024.0,112.0
SRBL,7/30/2020,240.0,246.0,237.0,243.0,0.0,29600.0,1024.0,112.0
SRBL,8/2/2020,240.0,243.0,235.0,235.0,-3.29,43458.0,1024.0,112.0
SRBL,8/3/2020,233.0,244.0,233.0,237.0,0.85,16578.0,1024.0,112.0
SRBL,8/5/2020,235.0,236.0,230.0,233.0,-1.69,24549.0,1024.0,112.0
SRBL,8/6/2020,232.0,234.0,230.0,233.0,0.0,17585.0,1024.0,112.0
SRBL,8/9/2020,232.0,234.0,229.0,233.0,0.0,15949.0,1024.0,112.0
SRBL,8/10/2020,233.0,238.0,231.0,238.0,2.15,25150.0,1024.0,112.0
SRBL,8/11/2020,242.0,242.0,236.0,237.0,-0.42,12391.0,1024.0,112.0
SRBL,8/12/2020,233.0,238.0,233.0,238.0,0.42,26254.0,1024.0,112.0
SRBL,8/13/2020,234.0,237.0,233.0,233.0,-2.1,10145.0,1024.0,112.0
SRBL,8/16/2020,229.0,231.0,224.0,225.0,-3.43,28417.0,1024.0,112.0
SRBL,8/17/2020,226.0,228.0,223.0,228.0,1.33,11675.0,1024.0,112.0
SRBL,8/18/2020,228.0,230.0,226.0,226.0,-0.88,14096.0,1024.0,112.0
SRBL,8/19/2020,224.0,226.0,223.0,223.0,-1.33,15024.0,1024.0,112.0
SRBL,8/20/2020,223.0,229.0,223.0,225.0,0.9,4867.0,1024.0,112.0
SRBL,8/23/2020,225.0,227.0,224.0,224.0,-0.44,16951.0,1024.0,112.0
SRBL,8/24/2020,224.0,231.0,224.0,229.0,2.23,21168.0,1024.0,112.0
SRBL,8/25/2020,233.0,236.0,227.0,230.0,0.44,10410.0,1024.0,112.0
SRBL,8/26/2020,233.0,237.0,231.0,234.0,1.74,41731.0,1024.0,112.0
SRBL,8/27/2020,238.0,238.0,230.0,233.0,-0.43,31752.0,1024.0,112.0
SRBL,8/30/2020,231.0,232.0,228.0,228.0,-2.15,21005.0,1024.0,112.0
SRBL,8/31/2020,228.0,236.0,227.0,230.0,0.88,51660.0,1024.0,112.0
SRBL,9/2/2020,234.0,238.0,230.0,234.0,1.74,73674.0,1024.0,112.0
SRBL,9/3/2020,232.0,235.0,232.0,232.0,-0.85,17952.0,1024.0,112.0
SRBL,9/6/2020,236.0,240.0,232.0,232.0,0.0,44881.0,1024.0,112.0
SRBL,9/7/2020,232.0,232.0,228.0,229.0,-1.29,17636.0,1024.0,112.0
SRBL,9/8/2020,228.0,231.0,227.0,231.0,0.87,19110.0,1024.0,112.0
SRBL,9/9/2020,233.0,233.0,224.0,229.0,-0.87,39761.0,1024.0,112.0
SRBL,9/10/2020,230.0,233.0,226.0,229.0,0.0,13752.0,1024.0,112.0
SRBL,9/13/2020,226.0,230.0,226.0,228.0,-0.44,44319.0,1024.0,112.0
SRBL,9/14/2020,239.0,239.0,232.0,236.0,3.51,58380.0,1024.0,112.0
SRBL,9/15/2020,247.0,247.0,235.0,236.0,0.0,50091.0,1024.0,112.0
SRBL,9/16/2020,232.0,236.0,232.0,233.0,-1.27,25682.0,1024.0,112.0
SRBL,9/17/2020,244.0,244.0,229.0,240.0,3.0,76121.0,1024.0,112.0
SRBL,9/20/2020,250.0,250.0,237.0,248.0,3.33,82776.0,1024.0,112.0
SRBL,9/21/2020,245.0,250.0,242.0,247.0,-0.4,82940.0,1024.0,112.0
SRBL,9/22/2020,259.0,259.0,239.0,240.0,-2.83,39602.0,1024.0,112.0
SRBL,9/23/2020,252.0,252.0,235.0,239.0,-0.42,68378.0,1024.0,112.0
SRBL,9/24/2020,235.0,242.0,235.0,239.0,0.0,24807.0,1024.0,112.0
SRBL,9/27/2020,239.0,247.0,236.0,241.0,0.84,42111.0,1024.0,112.0
SRBL,9/28/2020,241.0,245.0,240.0,240.0,-0.41,15513.0,1024.0,112.0
SRBL,9/29/2020,237.0,240.0,237.0,237.0,-1.25,31590.0,1024.0,112.0
SRBL,9/30/2020,237.0,240.0,235.0,239.0,0.84,32864.0,1024.0,112.0
SRBL,10/1/2020,238.0,246.0,237.0,245.0,2.51,88944.0,1024.0,112.0
SRBL,10/4/2020,248.0,254.0,247.0,254.0,3.67,129315.0,1024.0,112.0
SRBL,10/5/2020,251.0,257.0,250.0,251.0,-1.18,51437.0,1024.0,112.0
SRBL,10/6/2020,251.0,251.0,245.0,248.0,-1.2,41076.0,1024.0,112.0
SRBL,10/7/2020,245.0,250.0,245.0,248.0,0.0,34898.0,1024.0,112.0
SRBL,10/8/2020,250.0,251.0,247.0,247.0,-0.4,34073.0,1024.0,112.0
SRBL,10/11/2020,247.0,248.0,244.0,244.0,-1.21,26644.0,1024.0,112.0
SRBL,10/12/2020,240.0,245.0,240.0,245.0,0.41,19894.0,1024.0,112.0
SRBL,10/13/2020,245.0,245.0,242.0,242.0,-1.22,17280.0,1024.0,112.0
SRBL,10/14/2020,240.0,244.0,238.0,240.0,-0.83,26448.0,1024.0,112.0
SRBL,10/15/2020,244.0,248.0,240.0,241.0,0.42,14914.0,1024.0,112.0
SRBL,10/18/2020,242.0,244.0,239.0,240.0,-0.41,13757.0,1024.0,112.0
SRBL,10/19/2020,240.0,242.0,240.0,240.0,0.0,9045.0,1024.0,112.0
SRBL,10/20/2020,241.0,243.0,240.0,242.0,0.83,23075.0,1024.0,112.0
SRBL,10/21/2020,244.0,248.0,243.0,248.0,2.48,17508.0,1024.0,112.0
SRBL,10/22/2020,252.0,252.0,248.0,251.0,1.21,51916.0,1024.0,112.0
SRBL,10/28/2020,256.0,270.0,253.0,270.0,7.57,225193.0,1024.0,112.0
SRBL,10/29/2020,270.0,278.0,265.0,269.0,-0.37,174532.0,1024.0,112.0
SRBL,11/1/2020,269.0,269.0,260.0,260.0,-3.35,86907.0,1024.0,112.0
SRBL,11/2/2020,262.0,263.0,257.0,259.0,-0.38,33555.0,1024.0,112.0
SRBL,11/3/2020,259.0,262.0,258.0,260.0,0.39,35486.0,1024.0,112.0
SRBL,11/4/2020,255.0,261.0,255.0,260.0,0.0,35016.0,1024.0,112.0
SRBL,11/5/2020,260.0,260.0,257.0,258.0,-0.77,35120.0,1024.0,112.0
SRBL,11/8/2020,258.0,260.0,255.0,258.0,0.0,48066.0,1024.0,112.0
SRBL,11/9/2020,257.0,257.0,255.0,255.0,-1.16,42299.0,1024.0,112.0
SRBL,11/10/2020,260.0,260.0,255.0,255.0,0.0,46608.0,1024.0,112.0
SRBL,11/11/2020,255.0,261.0,255.0,258.0,1.18,57996.0,1024.0,112.0
SRBL,11/12/2020,257.0,262.0,257.0,259.0,0.39,54420.0,1024.0,112.0
SRBL,11/18/2020,254.0,255.0,248.0,253.0,-2.32,56401.0,1024.0,112.0
SRBL,11/19/2020,250.0,255.0,249.0,251.0,-0.79,75324.0,1024.0,112.0
SRBL,11/22/2020,256.0,264.0,251.0,256.0,1.99,126039.0,1024.0,112.0
SRBL,11/23/2020,252.0,256.0,249.0,249.0,-2.73,150990.0,1024.0,112.0
SRBL,11/24/2020,248.0,252.0,245.0,247.0,-0.8,100384.0,1024.0,112.0
SRBL,11/25/2020,250.0,251.0,246.0,248.0,0.4,86069.0,1024.0,112.0
SRBL,11/26/2020,252.0,258.0,249.0,252.0,1.61,136856.0,1024.0,112.0
SRBL,11/29/2020,257.0,277.0,257.0,277.0,9.92,380013.0,1024.0,112.0
SRBL,11/30/2020,290.0,290.0,274.0,277.0,0.0,255869.0,1024.0,112.0
SRBL,12/1/2020,280.0,280.0,263.0,268.0,-3.25,113964.0,1024.0,112.0
SRBL,12/2/2020,265.0,270.0,263.0,265.0,-1.12,89932.0,1024.0,112.0
SRBL,12/3/2020,270.0,270.0,260.0,261.0,-1.51,75633.0,1024.0,112.0
SRBL,12/6/2020,261.0,261.0,250.0,250.0,-4.21,124314.0,1024.0,112.0
SRBL,12/7/2020,260.0,260.0,247.0,260.0,4.0,71324.0,1024.0,112.0
SRBL,12/8/2020,273.0,273.0,252.0,255.0,-1.92,69095.0,1024.0,112.0
SRBL,12/9/2020,250.0,256.0,250.0,252.0,-1.18,55268.0,1024.0,112.0
SRBL,12/10/2020,248.0,255.0,248.0,254.0,0.79,52539.0,1024.0,112.0
SRBL,12/13/2020,257.0,261.0,252.0,260.0,2.36,91619.0,1024.0,112.0
SRBL,12/14/2020,261.0,265.0,260.0,263.0,1.15,74625.0,1024.0,112.0
SRBL,12/15/2020,276.0,276.0,259.0,262.0,-0.38,72474.0,1024.0,112.0
SRBL,12/16/2020,275.0,275.0,258.0,262.0,0.0,69905.0,1024.0,112.0
SRBL,12/17/2020,262.0,268.0,258.0,262.0,0.0,130403.0,1024.0,112.0
SRBL,12/20/2020,258.0,262.0,248.0,251.0,-4.2,61644.0,1024.0,112.0
SRBL,12/21/2020,246.0,260.0,245.0,253.0,0.8,108330.0,1024.0,112.0
SRBL,12/22/2020,245.0,250.0,238.0,243.0,-3.95,90032.0,1024.0,112.0
SRBL,12/23/2020,247.0,251.0,242.0,245.0,0.82,70405.0,1024.0,112.0
SRBL,12/24/2020,241.0,249.0,239.0,240.0,-2.04,68602.0,1024.0,112.0
SRBL,12/27/2020,240.0,242.0,239.0,240.0,0.0,39274.0,1024.0,112.0
SRBL,12/28/2020,238.0,241.0,236.0,240.0,0.0,30172.0,1024.0,112.0
SRBL,12/29/2020,238.0,242.0,237.0,239.0,-0.42,35213.0,1024.0,112.0
SRBL,12/30/2020,239.0,241.0,235.0,239.0,0.0,41928.0,1024.0,112.0
SRBL,12/31/2020,235.0,252.0,235.0,244.0,2.09,75393.0,1024.0,112.0
SRBL,1/3/2021,244.0,260.0,244.0,257.0,5.33,104320.0,1024.0,112.0
SRBL,1/4/2021,261.0,262.0,254.0,255.0,-0.78,87852.0,1024.0,112.0
SRBL,1/5/2021,252.0,255.0,251.0,251.0,-1.57,31652.0,1024.0,112.0
SRBL,1/6/2021,250.0,259.0,250.0,254.0,1.2,76180.0,1024.0,112.0
SRBL,1/7/2021,266.0,266.0,256.0,258.0,1.57,87750.0,1024.0,112.0
SRBL,1/10/2021,262.0,270.0,258.0,269.0,4.26,173893.0,1024.0,112.0
SRBL,1/11/2021,282.0,282.0,268.0,270.0,0.37,160855.0,1024.0,112.0
SRBL,1/12/2021,267.0,272.0,267.0,272.0,0.74,47140.0,1024.0,112.0
SRBL,1/13/2021,275.0,275.0,269.0,270.0,-0.74,71471.0,1024.0,112.0
SRBL,1/17/2021,273.0,273.0,266.0,270.0,0.0,336960.0,1024.0,112.0
SRBL,1/18/2021,275.0,280.0,274.0,276.0,2.22,111892.0,1024.0,112.0
SRBL,1/19/2021,276.0,281.0,271.0,275.0,-0.36,72094.0,1024.0,112.0
SRBL,1/20/2021,271.0,282.0,270.0,281.0,2.18,139102.0,1024.0,112.0
SRBL,1/21/2021,280.0,282.0,276.0,279.0,-0.71,87261.0,1024.0,112.0
SRBL,1/24/2021,280.0,287.0,275.0,284.0,1.79,213958.0,1024.0,112.0
SRBL,1/25/2021,289.0,304.0,285.0,300.0,5.63,293989.0,1024.0,112.0
SRBL,1/26/2021,300.0,309.0,295.0,304.0,1.33,510650.0,1024.0,112.0
SRBL,1/27/2021,304.0,304.0,294.0,296.0,-2.63,201767.0,1024.0,112.0
SRBL,1/28/2021,296.0,296.0,283.0,285.0,-3.72,122892.0,1024.0,112.0
SRBL,1/31/2021,285.0,285.0,272.0,276.0,-3.16,128136.0,1024.0,112.0
SRBL,2/1/2021,276.0,281.0,275.0,281.0,1.81,149974.0,1024.0,112.0
SRBL,2/2/2021,284.0,291.0,282.0,289.0,2.85,185690.0,1024.0,112.0
SRBL,2/3/2021,289.0,300.0,287.0,289.0,0.0,178268.0,1024.0,112.0
SRBL,2/4/2021,303.0,303.0,285.0,290.0,0.35,64129.0,1024.0,112.0
SRBL,2/7/2021,294.0,300.0,291.0,296.0,2.07,158989.0,1024.0,112.0
SRBL,2/8/2021,297.0,323.0,294.0,321.0,8.45,369897.0,1024.0,112.0
SRBL,2/9/2021,321.0,325.0,308.0,311.0,-3.12,136652.0,1024.0,112.0
SRBL,2/10/2021,311.0,327.0,302.0,324.0,4.18,391448.0,1024.0,112.0
SRBL,2/11/2021,326.0,334.0,320.0,327.0,0.93,370334.0,1024.0,112.0
SRBL,2/14/2021,328.0,328.0,317.0,319.0,-2.45,149473.0,1024.0,112.0
SRBL,2/15/2021,325.0,326.0,316.0,323.0,1.25,132946.0,1024.0,112.0
SRBL,2/16/2021,325.0,337.0,320.0,328.0,1.55,198657.0,1024.0,112.0
SRBL,2/17/2021,315.0,353.0,315.0,352.0,7.32,410606.0,1024.0,112.0
SRBL,2/18/2021,340.0,367.0,340.0,349.0,-0.85,380283.0,1024.0,112.0
SRBL,2/21/2021,352.0,355.0,335.0,338.0,-3.15,202736.0,1024.0,112.0
SRBL,2/22/2021,354.0,354.0,321.0,324.0,-4.14,204470.0,1024.0,112.0
SRBL,2/23/2021,319.0,324.0,305.0,322.0,-0.62,145101.0,1024.0,112.0
SRBL,2/24/2021,326.0,332.0,316.0,324.0,0.62,124403.0,1024.0,112.0
SRBL,2/25/2021,312.0,331.0,312.0,315.0,-2.78,148035.0,1024.0,112.0
SRBL,2/28/2021,310.0,310.0,304.0,305.0,-3.17,163837.0,1024.0,112.0
SRBL,3/1/2021,320.0,320.0,300.0,309.0,1.31,101081.0,1024.0,112.0
SRBL,3/2/2021,315.0,315.0,298.0,301.0,-2.59,284128.0,1024.0,112.0
SRBL,3/3/2021,301.0,304.0,290.0,299.0,-0.66,84315.0,1024.0,112.0
SRBL,3/4/2021,294.0,320.0,294.0,318.0,6.35,90028.0,1024.0,112.0
SRBL,3/7/2021,313.0,318.0,307.0,308.0,-3.14,52394.0,1024.0,112.0
SRBL,3/9/2021,305.0,310.0,303.0,304.0,-1.3,45537.0,1024.0,112.0
SRBL,3/10/2021,299.0,307.0,299.0,304.0,0.0,43359.0,1024.0,112.0
SRBL,3/14/2021,294.0,309.0,294.0,296.0,-2.63,54735.0,1024.0,112.0
SRBL,3/15/2021,284.0,312.0,284.0,298.0,0.68,42501.0,1024.0,112.0
SRBL,3/16/2021,312.0,312.0,295.0,302.0,1.34,39944.0,1024.0,112.0
SRBL,3/17/2021,317.0,317.0,297.0,305.0,0.99,45549.0,1024.0,112.0
SRBL,3/18/2021,320.0,320.0,302.0,312.0,2.3,51277.0,1024.0,112.0
SRBL,3/21/2021,327.0,327.0,308.0,314.0,0.64,67384.0,1024.0,112.0
SRBL,3/22/2021,329.0,329.0,308.0,310.0,-1.27,71488.0,1024.0,112.0
SRBL,3/23/2021,325.0,325.0,306.0,307.0,-0.97,53670.0,1024.0,112.0
SRBL,3/24/2021,310.0,317.0,310.0,316.0,2.93,69614.0,1024.0,112.0
SRBL,3/25/2021,316.0,316.0,309.0,310.0,-1.9,75674.0,1024.0,112.0
SRBL,3/29/2021,308.0,310.0,304.0,308.0,-0.65,25122.0,1024.0,112.0
SRBL,3/30/2021,308.0,310.0,306.0,310.0,0.65,41337.0,1024.0,112.0
SRBL,3/31/2021,310.0,317.0,310.0,317.0,2.26,63024.0,1024.0,112.0
SRBL,4/1/2021,320.0,322.0,313.0,318.0,0.32,85469.0,1024.0,112.0
SRBL,4/4/2021,332.0,332.0,316.0,317.0,-0.31,56037.0,1024.0,112.0
SRBL,4/5/2021,316.0,320.0,313.0,314.0,-0.95,39487.0,1024.0,112.0
SRBL,4/6/2021,311.0,315.0,310.0,314.0,0.0,41929.0,1024.0,112.0
SRBL,4/7/2021,313.0,315.0,311.0,312.0,-0.64,44258.0,1024.0,112.0
SRBL,4/8/2021,310.0,318.0,309.0,314.0,0.64,81613.0,1024.0,112.0
SRBL,4/12/2021,316.0,320.0,313.0,318.0,1.27,70604.0,1024.0,112.0
SRBL,4/13/2021,320.0,326.0,318.0,326.0,2.52,120076.0,1024.0,112.0
SRBL,4/15/2021,333.0,337.0,326.0,330.0,1.23,200978.0,1024.0,112.0
SRBL,4/18/2021,340.0,340.0,324.0,325.0,-1.52,85846.0,1024.0,112.0
SRBL,4/19/2021,325.0,325.0,315.0,318.0,-2.15,69000.0,1024.0,112.0
SRBL,4/20/2021,315.0,320.0,312.0,318.0,0.0,104141.0,1024.0,112.0
SRBL,4/21/2021,319.0,319.0,310.0,312.0,-1.89,60368.0,1024.0,112.0
SRBL,4/22/2021,312.0,317.0,307.0,313.0,0.32,64524.0,1024.0,112.0
SRBL,4/25/2021,314.0,315.0,302.0,306.0,-2.24,99960.0,1024.0,112.0
SRBL,4/26/2021,300.0,306.0,296.0,296.0,-3.27,72139.0,1024.0,112.0
SRBL,4/27/2021,293.0,307.0,291.0,304.0,2.7,80233.0,1024.0,112.0
SRBL,4/28/2021,319.0,319.0,296.0,297.0,-2.3,77014.0,1024.0,112.0
SRBL,4/29/2021,299.0,302.0,297.0,302.0,1.68,45475.0,1024.0,112.0
SRBL,5/2/2021,308.0,308.0,297.0,305.0,0.99,65797.0,1024.0,112.0
SRBL,5/3/2021,310.0,310.0,300.0,304.0,-0.33,50689.0,1024.0,112.0
SRBL,5/4/2021,307.0,308.0,299.0,303.0,-0.33,37129.0,1024.0,112.0
SRBL,5/5/2021,301.0,302.0,299.0,300.0,-0.99,44980.0,1024.0,112.0
SRBL,5/6/2021,300.0,306.0,297.0,304.0,1.33,101336.0,1024.0,112.0
SRBL,5/9/2021,319.0,319.0,299.0,312.0,2.63,247066.0,1024.0,112.0
SRBL,5/10/2021,297.0,314.0,297.0,310.0,-0.64,41106.0,1024.0,112.0
SRBL,5/11/2021,312.0,315.0,308.0,310.0,0.0,70367.0,1024.0,112.0
SRBL,5/12/2021,316.0,316.0,307.0,308.0,-0.65,48937.0,1024.0,112.0
SRBL,5/13/2021,310.0,310.0,307.0,309.0,0.32,55090.0,1024.0,112.0
SRBL,5/16/2021,311.0,318.0,309.0,316.0,2.27,173986.0,1024.0,112.0
SRBL,5/17/2021,318.0,322.0,315.0,317.0,0.32,62291.0,1024.0,112.0
SRBL,5/18/2021,318.0,319.0,314.0,319.0,0.63,95345.0,1024.0,112.0
SRBL,5/19/2021,319.0,327.0,317.0,322.0,0.94,217501.0,1024.0,112.0
SRBL,5/20/2021,332.0,334.0,325.0,333.0,3.42,296455.0,1024.0,112.0
SRBL,5/23/2021,334.0,340.0,321.0,339.0,1.8,309306.0,1024.0,112.0
SRBL,5/24/2021,345.0,346.0,330.0,338.0,-0.29,249876.0,1024.0,112.0
SRBL,5/25/2021,325.0,343.0,325.0,332.0,-1.78,151139.0,1024.0,112.0
SRBL,5/27/2021,328.0,335.0,319.0,330.0,-0.6,135046.0,1024.0,112.0
SRBL,5/30/2021,346.0,346.0,324.0,337.0,2.12,193996.0,1024.0,112.0
SRBL,5/31/2021,340.0,346.0,330.0,330.0,-2.08,198341.0,1024.0,112.0
SRBL,6/1/2021,336.0,336.0,325.0,327.0,-0.91,97365.0,1024.0,112.0
SRBL,6/2/2021,343.0,343.0,326.0,330.0,0.92,142165.0,1024.0,112.0
SRBL,6/3/2021,346.0,352.0,331.0,347.0,5.15,537886.0,1024.0,112.0
SRBL,6/6/2021,360.0,378.0,355.0,369.0,6.34,495061.0,1024.0,112.0
SRBL,6/7/2021,380.0,380.0,354.0,359.0,-2.71,416133.0,1024.0,112.0
SRBL,6/8/2021,345.0,381.0,345.0,373.0,3.9,463906.0,1024.0,112.0
SRBL,6/9/2021,380.0,382.0,366.0,368.0,-1.34,186579.0,1024.0,112.0
SRBL,6/10/2021,369.0,372.0,357.0,362.0,-1.63,205582.0,1024.0,112.0
SRBL,6/13/2021,362.0,376.0,358.0,373.0,3.04,315677.0,1024.0,112.0
SRBL,6/14/2021,380.0,398.0,373.0,395.0,5.9,786500.0,1024.0,112.0
SRBL,6/15/2021,400.0,406.0,388.0,391.0,-1.01,441344.0,1024.0,112.0
SRBL,6/16/2021,391.0,396.0,378.0,385.0,-1.53,267190.0,1024.0,112.0
SRBL,6/17/2021,404.0,404.0,375.0,382.0,-0.78,327370.0,1024.0,112.0
SRBL,6/20/2021,375.0,380.0,363.0,367.0,-3.93,309130.0,1024.0,112.0
SRBL,6/21/2021,374.0,374.0,355.0,358.0,-2.45,230934.0,1024.0,112.0
SRBL,6/22/2021,360.0,369.0,355.0,369.0,3.07,205530.0,1024.0,112.0
SRBL,6/23/2021,368.0,375.0,358.0,359.0,-2.71,151777.0,1024.0,112.0
SRBL,6/24/2021,360.0,361.0,353.0,357.0,-0.56,106033.0,1024.0,112.0
SRBL,6/27/2021,359.0,375.0,352.0,365.0,2.24,189899.0,1024.0,112.0
SRBL,6/28/2021,367.0,374.0,365.0,366.0,0.27,100861.0,1024.0,112.0
SRBL,6/29/2021,369.0,372.0,358.0,360.0,-1.64,77930.0,1024.0,112.0
SRBL,6/30/2021,357.0,360.0,351.0,359.0,-0.28,81873.0,1024.0,112.0
SRBL,7/1/2021,360.0,365.0,359.0,362.0,0.84,84366.0,1024.0,112.0
SRBL,7/4/2021,366.0,366.0,358.0,359.0,-0.83,97416.0,1024.0,112.0
SRBL,7/5/2021,356.0,360.0,353.0,356.0,-0.84,85658.0,1024.0,112.0
SRBL,7/6/2021,373.0,373.0,354.0,358.0,0.56,90289.0,1024.0,112.0
SRBL,7/7/2021,375.0,375.0,354.0,356.0,-0.56,53190.0,1024.0,112.0
SRBL,7/8/2021,354.0,360.0,354.0,358.0,0.56,57125.0,1024.0,112.0
SRBL,7/11/2021,358.0,370.0,358.0,369.0,3.07,101885.0,1024.0,112.0
SRBL,7/12/2021,374.0,374.0,361.0,361.0,-2.17,116347.0,1024.0,112.0
SRBL,7/13/2021,361.0,368.0,358.0,365.0,1.11,270508.0,1024.0,112.0
SRBL,7/14/2021,365.0,366.0,360.0,361.0,-1.1,59916.0,1024.0,112.0
SRBL,7/15/2021,360.0,367.0,356.0,363.0,0.55,142538.0,1024.0,112.0
SRBL,7/18/2021,368.0,383.0,366.0,380.0,4.68,283480.0,1024.0,112.0
SRBL,7/19/2021,385.0,393.0,378.0,379.0,-0.26,231305.0,1024.0,112.0
SRBL,7/20/2021,384.9,384.9,374.0,376.0,-0.79,156737.0,1024.0,112.0
SRBL,7/22/2021,378.0,390.0,375.0,389.0,3.46,348172.0,1024.0,112.0
SRBL,7/25/2021,396.7,410.0,393.0,410.0,5.4,558543.0,1024.0,112.0
SRBL,7/26/2021,418.2,418.2,393.0,394.0,-3.9,520728.0,1024.0,112.0
SRBL,7/27/2021,390.0,400.0,380.0,395.0,0.25,298622.0,1024.0,112.0
SRBL,7/28/2021,395.0,399.0,390.0,392.1,-0.73,114726.0,1024.0,112.0
SRBL,7/29/2021,393.0,394.5,387.0,388.1,-1.02,98368.0,1024.0,112.0
SRBL,8/1/2021,388.1,391.0,385.0,389.0,0.23,120447.0,1024.0,112.0
SRBL,8/2/2021,390.0,391.0,384.0,386.0,-0.77,95782.0,1024.0,112.0
SRBL,8/3/2021,390.0,390.0,380.0,384.5,-0.39,82584.0,1024.0,112.0
SRBL,8/4/2021,387.0,388.1,383.0,383.5,-0.26,93944.0,1024.0,112.0
SRBL,8/5/2021,390.0,390.0,378.0,384.0,0.13,206959.0,1024.0,112.0
SRBL,8/8/2021,388.0,389.0,382.2,384.0,0.0,111467.0,1024.0,112.0
SRBL,8/9/2021,384.0,384.0,380.0,381.2,-0.73,118743.0,1024.0,112.0
SRBL,8/10/2021,382.0,398.0,375.3,391.6,2.73,208977.0,1024.0,112.0
SRBL,8/11/2021,392.0,397.0,384.0,385.1,-1.66,179313.0,1024.0,112.0
SRBL,8/12/2021,390.0,395.0,385.0,390.0,1.27,180591.0,1024.0,112.0
SRBL,8/15/2021,390.0,396.0,380.0,386.0,-1.03,189591.0,1024.0,112.0
SRBL,8/16/2021,387.0,388.5,378.3,383.0,-0.78,121637.0,1024.0,112.0
SRBL,8/17/2021,383.0,386.0,375.1,375.1,-2.06,140251.0,1024.0,112.0
SRBL,8/18/2021,379.0,391.9,370.1,382.0,1.84,206338.0,1024.0,112.0
SRBL,8/19/2021,383.0,388.9,375.2,375.3,-1.75,151996.0,1024.0,112.0
SRBL,8/24/2021,381.9,382.0,373.0,374.0,-0.35,97106.0,1024.0,112.0
SRBL,8/25/2021,370.0,375.0,362.7,363.6,-2.78,94460.0,1024.0,112.0
SRBL,8/26/2021,367.0,370.0,362.0,363.0,-0.17,92551.0,1024.0,112.0
SRBL,8/29/2021,363.0,367.0,355.8,359.9,-0.85,115611.0,1024.0,112.0
SRBL,8/31/2021,355.0,362.0,350.1,355.0,-1.36,128261.0,1024.0,112.0
SRBL,9/1/2021,355.0,365.0,350.2,356.0,0.28,95812.0,1024.0,112.0
SRBL,9/2/2021,357.0,358.0,350.0,352.0,-1.12,111510.0,1024.0,112.0
SRBL,9/5/2021,358.0,358.0,331.3,341.0,-3.12,111026.0,1024.0,112.0
SRBL,9/6/2021,344.0,358.0,339.0,356.1,4.43,94157.0,1024.0,112.0
SRBL,9/7/2021,359.0,359.0,345.0,346.9,-2.58,49681.0,1024.0,112.0
SRBL,9/8/2021,349.0,349.9,336.2,337.0,-2.85,61810.0,1024.0,112.0
SRBL,9/9/2021,340.0,343.0,336.0,337.2,0.06,54649.0,1024.0,112.0
SRBL,9/12/2021,337.0,344.7,336.0,341.5,1.28,86223.0,1024.0,112.0
SRBL,9/13/2021,346.0,353.0,341.0,346.5,1.46,93084.0,1024.0,112.0
SRBL,9/14/2021,346.0,351.9,342.0,344.0,-0.72,55925.0,1024.0,112.0
SRBL,9/15/2021,345.0,345.0,340.0,340.2,-1.1,41878.0,1024.0,112.0
SRBL,9/16/2021,340.0,340.0,329.0,330.1,-2.97,100938.0,1024.0,112.0
SRBL,9/20/2021,328.0,328.0,316.0,317.0,-3.97,87332.0,1024.0,112.0
SRBL,9/21/2021,320.0,326.0,312.0,319.0,0.63,89512.0,1024.0,112.0
SRBL,9/22/2021,325.0,340.0,321.0,336.5,5.49,78447.0,1024.0,112.0
SRBL,9/23/2021,343.2,360.0,337.0,343.0,1.93,236985.0,1024.0,112.0
SRBL,9/26/2021,349.8,358.0,338.4,343.0,0.0,149330.0,1024.0,112.0
SRBL,9/27/2021,338.0,339.0,328.4,330.3,-3.7,101050.0,1024.0,112.0
SRBL,9/28/2021,330.0,334.9,320.1,322.0,-2.51,113951.0,1024.0,112.0
SRBL,9/29/2021,326.0,327.9,316.5,324.9,0.9,90691.0,1024.0,112.0
SRBL,9/30/2021,330.0,330.0,315.0,317.0,-2.43,50157.0,1024.0,112.0
SRBL,10/3/2021,323.3,323.3,305.5,307.0,-3.15,56453.0,1024.0,112.0
SRBL,10/4/2021,303.0,312.9,302.0,311.0,1.3,51847.0,1024.0,112.0
SRBL,10/5/2021,307.0,317.0,307.0,315.0,1.29,31240.0,1024.0,112.0
SRBL,10/6/2021,320.8,320.8,311.1,317.0,0.63,55036.0,1024.0,112.0
SRBL,10/10/2021,323.0,323.0,310.3,313.0,-1.26,53243.0,1024.0,112.0
SRBL,10/11/2021,313.0,314.5,306.1,312.0,-0.32,36248.0,1024.0,112.0
SRBL,10/17/2021,315.0,315.0,308.5,312.0,0.0,24557.0,1024.0,112.0
SRBL,10/18/2021,307.0,310.0,301.0,304.0,-2.56,47461.0,1024.0,112.0
SRBL,10/19/2021,299.0,303.0,290.0,296.0,-2.63,58886.0,1024.0,112.0
SRBL,10/20/2021,301.9,311.0,300.1,303.0,2.36,62449.0,1024.0,112.0
SRBL,10/21/2021,305.0,306.0,298.0,298.5,-1.49,25914.0,1024.0,112.0
SRBL,10/24/2021,295.0,301.0,295.0,299.0,0.17,84900.0,1024.0,112.0
SRBL,10/25/2021,300.0,309.0,297.0,309.0,3.34,62668.0,1024.0,112.0
SRBL,10/26/2021,313.0,322.0,310.0,319.9,3.53,99611.0,1024.0,112.0
SRBL,10/27/2021,320.0,321.0,309.0,315.0,-1.53,111297.0,1024.0,112.0
SRBL,10/28/2021,314.0,317.9,310.0,314.0,-0.32,79417.0,1024.0,112.0
SRBL,10/31/2021,311.0,316.0,311.0,312.0,-0.64,78491.0,1024.0,112.0
SRBL,11/1/2021,318.2,318.2,310.0,313.9,0.61,75638.0,1024.0,112.0
SRBL,11/2/2021,307.7,319.2,307.7,319.2,1.69,51231.0,1024.0,112.0
SRBL,11/3/2021,316.0,318.8,313.0,316.0,-1.0,53872.0,1024.0,112.0
SRBL,11/8/2021,315.0,315.0,309.9,311.0,-1.58,36503.0,1024.0,112.0
SRBL,11/9/2021,304.8,305.0,292.0,293.0,-5.79,215064.0,1024.0,112.0
SRBL,11/11/2021,290.1,295.0,287.0,287.1,-2.01,129095.0,1024.0,112.0
SRBL,11/14/2021,287.1,290.0,278.0,288.0,0.31,39691.0,1024.0,112.0
SRBL,11/15/2021,286.0,291.9,286.0,288.4,0.14,38929.0,1024.0,112.0
SRBL,11/16/2021,292.0,297.8,287.0,297.0,2.98,57615.0,1024.0,112.0
SRBL,11/17/2021,301.0,301.0,291.1,295.0,-0.67,62154.0,1024.0,112.0
SRBL,11/18/2021,290.0,295.0,289.1,292.0,-1.02,33589.0,1024.0,112.0
SRBL,11/21/2021,292.0,292.0,287.7,287.9,-1.4,27857.0,1024.0,112.0
SRBL,11/22/2021,291.0,293.0,287.1,288.0,0.03,34054.0,1024.0,112.0
SRBL,11/23/2021,288.1,293.0,288.0,291.0,1.04,89647.0,1024.0,112.0
SRBL,11/24/2021,291.0,300.0,286.2,294.0,1.03,57165.0,1024.0,112.0
SRBL,11/25/2021,299.0,301.0,290.7,295.0,0.34,52551.0,1024.0,112.0
SRBL,11/28/2021,290.0,301.7,289.0,295.9,0.31,69286.0,1024.0,112.0
SRBL,11/29/2021,297.0,297.5,291.0,291.1,-1.62,42751.0,1024.0,112.0
SRBL,11/30/2021,286.0,295.0,286.0,293.0,0.65,51807.0,1024.0,112.0
SRBL,12/1/2021,295.0,297.0,289.5,291.0,-0.68,79180.0,1024.0,112.0
SRBL,12/2/2021,286.7,292.1,286.7,291.0,0.0,42061.0,1024.0,112.0
SRBL,12/5/2021,286.6,289.0,281.0,284.9,-2.1,84214.0,1024.0,112.0
SRBL,12/6/2021,280.0,287.9,274.4,286.0,0.39,61508.0,1024.0,112.0
SRBL,12/7/2021,285.0,288.7,282.7,282.7,-1.15,29756.0,1024.0,112.0
SRBL,12/8/2021,287.8,287.8,275.5,280.0,-0.96,40424.0,1024.0,112.0
SRBL,12/9/2021,275.0,285.9,274.4,280.5,0.18,94109.0,1024.0,112.0
SRBL,12/12/2021,283.0,283.0,272.0,274.0,-2.32,83851.0,1024.0,112.0
SRBL,12/13/2021,270.0,273.2,265.0,267.1,-2.52,74621.0,1024.0,112.0
SRBL,12/14/2021,272.0,276.9,267.0,274.0,2.58,11765.0,1024.0,112.0
SRBL,12/15/2021,279.0,279.0,268.0,268.1,-2.15,30981.0,1024.0,112.0
SRBL,12/16/2021,272.0,275.0,268.2,271.0,1.08,105750.0,1024.0,112.0
SRBL,12/20/2021,259.1,260.0,250.0,256.1,-5.5,35371.0,1024.0,112.0
SRBL,12/21/2021,260.0,267.0,257.5,266.9,4.22,29266.0,1024.0,112.0
SRBL,12/22/2021,272.2,276.0,266.8,274.0,2.66,58272.0,1024.0,112.0
SRBL,12/23/2021,279.4,279.4,268.1,272.0,-0.73,47171.0,1024.0,112.0
SRBL,12/26/2021,272.0,278.5,272.0,275.0,1.1,35820.0,1024.0,112.0
SRBL,12/27/2021,277.0,277.0,266.0,268.0,-2.55,44689.0,1024.0,112.0
SRBL,12/28/2021,263.1,270.0,263.0,269.0,0.37,18129.0,1024.0,112.0
SRBL,12/29/2021,269.0,272.0,265.0,272.0,1.12,17665.0,1024.0,112.0
SRBL,1/2/2022,277.4,278.7,270.0,278.7,2.46,26768.0,1024.0,112.0
SRBL,1/3/2022,276.0,287.0,275.0,284.2,1.97,70852.0,1024.0,112.0
SRBL,1/4/2022,280.0,297.1,280.0,297.0,4.5,67962.0,1024.0,112.0
SRBL,1/5/2022,297.0,297.0,285.2,290.0,-2.36,53827.0,1024.0,112.0
SRBL,1/6/2022,292.0,296.0,287.0,295.0,1.72,35954.0,1024.0,112.0
SRBL,1/9/2022,299.9,307.0,295.0,304.9,3.36,74422.0,1024.0,112.0
SRBL,1/10/2022,307.0,307.0,296.0,301.0,-1.28,44904.0,1024.0,112.0
SRBL,1/11/2022,300.0,303.0,295.0,300.9,-0.03,31100.0,1024.0,112.0
SRBL,1/12/2022,297.0,303.0,294.0,294.3,-2.19,46528.0,1024.0,112.0
SRBL,1/13/2022,288.5,306.0,288.5,300.0,1.94,41879.0,1024.0,112.0
SRBL,1/16/2022,300.1,305.0,298.9,300.0,0.0,92493.0,1024.0,112.0
SRBL,1/17/2022,303.0,308.0,300.3,306.0,2.0,59197.0,1024.0,112.0
SRBL,1/18/2022,309.0,319.0,300.6,309.0,0.98,171346.0,1024.0,112.0
SRBL,1/19/2022,315.1,315.1,306.3,309.0,0.0,58413.0,1024.0,112.0
SRBL,1/20/2022,307.0,310.0,303.2,306.0,-0.97,46054.0,1024.0,112.0
SRBL,1/23/2022,310.0,310.0,300.0,303.0,-0.98,116654.0,1024.0,112.0
SRBL,1/24/2022,309.0,309.0,290.0,290.9,-3.99,118457.0,1024.0,112.0
SRBL,1/25/2022,296.7,296.7,285.0,287.5,-1.17,33100.0,1024.0,112.0
SRBL,1/26/2022,285.0,289.0,283.3,283.9,-1.25,37769.0,1024.0,112.0
SRBL,1/27/2022,280.2,289.0,280.2,281.1,-0.99,39875.0,1024.0,112.0
SRBL,1/30/2022,286.7,297.0,286.0,288.9,2.77,45005.0,1024.0,112.0
SRBL,1/31/2022,285.0,290.0,284.2,285.0,-1.35,24193.0,1024.0,112.0
SRBL,2/1/2022,285.0,290.0,284.0,289.9,1.72,28681.0,1024.0,112.0
SRBL,2/3/2022,290.0,295.0,287.2,287.2,-0.93,42612.0,1024.0,112.0
SRBL,2/6/2022,288.9,288.9,281.1,284.0,-1.11,22615.0,1024.0,112.0
SRBL,2/7/2022,285.0,285.0,280.3,284.0,0.0,29409.0,1024.0,112.0
SRBL,2/8/2022,287.0,294.0,281.2,282.1,-0.67,28077.0,1024.0,112.0
SRBL,2/9/2022,280.5,283.0,278.4,280.0,-0.74,13629.0,1024.0,112.0
SRBL,2/10/2022,283.9,284.0,278.0,278.2,-0.64,18591.0,1024.0,112.0
SRBL,2/13/2022,274.0,275.0,268.0,271.9,-2.26,54846.0,1024.0,112.0
SRBL,2/14/2022,272.0,275.0,266.0,271.0,-0.33,25942.0,1024.0,112.0
SRBL,2/15/2022,269.0,274.4,267.2,274.4,1.25,27675.0,1024.0,112.0
SRBL,2/16/2022,274.0,276.8,269.0,272.5,-0.69,13318.0,1024.0,112.0
SRBL,2/17/2022,271.0,275.0,270.0,270.0,-0.92,14685.0,1024.0,112.0
SRBL,2/20/2022,269.0,269.0,261.4,264.9,-1.89,29935.0,1024.0,112.0
SRBL,2/21/2022,267.0,270.0,260.0,265.4,0.19,41952.0,1024.0,112.0
SRBL,2/22/2022,266.0,274.0,263.1,270.0,1.73,44680.0,1024.0,112.0
SRBL,2/23/2022,272.7,272.7,266.3,267.0,-1.11,19831.0,1024.0,112.0
SRBL,2/24/2022,265.0,265.0,258.0,259.1,-2.96,39372.0,1024.0,112.0
SRBL,2/27/2022,258.0,262.0,258.0,260.0,0.35,29096.0,1024.0,112.0
SRBL,2/28/2022,263.0,263.0,255.0,256.9,-1.19,22972.0,1024.0,112.0
SRBL,3/2/2022,257.1,257.1,250.2,252.5,-1.71,41583.0,1024.0,112.0
SRBL,3/6/2022,255.0,255.0,250.3,251.0,-0.59,15105.0,1024.0,112.0
SRBL,3/7/2022,253.0,255.0,250.0,252.0,0.4,14129.0,1024.0,112.0
SRBL,3/9/2022,252.0,252.0,248.0,248.0,-1.59,26043.0,1024.0,112.0
SRBL,3/10/2022,246.6,254.0,245.1,253.0,2.02,26571.0,1024.0,112.0
SRBL,3/13/2022,256.0,262.5,254.0,261.0,3.16,29375.0,1024.0,112.0
SRBL,3/14/2022,263.9,264.0,260.0,263.5,0.96,9902.0,1024.0,112.0
SRBL,3/15/2022,263.5,263.5,258.3,261.0,-0.95,37082.0,1024.0,112.0
SRBL,3/16/2022,261.0,263.0,257.0,258.5,-0.96,31888.0,1024.0,112.0
SRBL,3/20/2022,253.4,262.5,253.4,259.7,0.46,16043.0,1024.0,112.0
SRBL,3/21/2022,262.0,263.0,257.0,262.0,0.89,14569.0,1024.0,112.0
SRBL,3/22/2022,262.0,272.0,260.1,266.9,1.87,45853.0,1024.0,112.0
SRBL,3/23/2022,265.0,266.9,262.3,262.6,-1.61,12655.0,1024.0,112.0
SRBL,3/24/2022,262.6,264.4,258.1,258.1,-1.71,25763.0,1024.0,112.0
SRBL,3/27/2022,258.0,259.1,254.0,255.0,-1.2,36223.0,1024.0,112.0
SRBL,3/28/2022,251.0,255.3,250.3,253.9,-0.43,25563.0,1024.0,112.0
SRBL,3/29/2022,255.0,255.0,249.0,251.9,-0.79,12244.0,1024.0,112.0
SRBL,3/30/2022,250.0,254.0,249.5,252.0,0.04,15902.0,1024.0,112.0
SRBL,3/31/2022,255.0,255.0,250.2,251.0,-0.4,16248.0,1024.0,112.0
SRBL,4/3/2022,250.0,254.0,248.0,250.9,-0.04,14570.0,1024.0,112.0
SRBL,4/4/2022,255.9,255.9,246.2,249.0,-0.76,11373.0,1024.0,112.0
SRBL,4/5/2022,253.9,253.9,242.0,246.0,-1.2,26395.0,1024.0,112.0
SRBL,4/6/2022,242.0,246.0,239.0,241.4,-1.87,11223.0,1024.0,112.0
SRBL,4/7/2022,241.0,245.0,240.0,245.0,1.49,17690.0,1024.0,112.0
SRBL,4/11/2022,248.0,251.0,240.3,240.5,-1.84,22861.0,1024.0,112.0
SRBL,4/12/2022,238.0,241.0,237.0,241.0,0.21,14174.0,1024.0,112.0
SRBL,4/13/2022,242.0,250.7,236.0,250.7,4.02,24962.0,1024.0,112.0
SRBL,4/17/2022,255.7,255.7,242.9,244.0,-2.67,14287.0,1024.0,112.0
SRBL,4/18/2022,241.1,242.9,235.5,239.0,-2.05,12137.0,1024.0,112.0
SRBL,4/19/2022,236.0,240.0,232.1,238.0,-0.42,14181.0,1024.0,112.0
SRBL,4/20/2022,242.7,242.7,236.4,236.4,-0.67,27474.0,1024.0,112.0
SRBL,4/21/2022,232.0,236.6,231.0,233.0,-1.44,14267.0,1024.0,112.0
SRBL,4/24/2022,235.0,245.0,233.1,240.0,3.0,15442.0,1024.0,112.0
SRBL,4/25/2022,240.0,242.0,237.0,238.0,-0.83,5984.0,1024.0,112.0
SRBL,4/26/2022,238.0,240.0,234.0,239.7,0.71,9418.0,1024.0,112.0
SRBL,4/27/2022,235.0,240.7,231.1,239.0,-0.29,7071.0,1024.0,112.0
SRBL,4/28/2022,235.1,239.0,235.1,236.4,-1.09,12598.0,1024.0,112.0
SRBL,5/2/2022,239.9,239.9,232.5,232.5,-1.65,19247.0,1024.0,112.0
SRBL,5/4/2022,230.1,235.0,230.0,233.0,0.22,10866.0,1024.0,112.0
SRBL,5/5/2022,230.1,234.0,227.0,229.0,-1.72,37315.0,1024.0,112.0
SRBL,5/8/2022,227.1,230.0,226.0,230.0,0.44,13262.0,1024.0,112.0
SRBL,5/9/2022,232.0,234.0,230.1,232.1,0.91,10820.0,1024.0,112.0
SRBL,5/10/2022,235.0,238.0,234.0,237.9,2.5,31991.0,1024.0,112.0
SRBL,5/11/2022,241.0,241.0,237.0,239.9,0.84,17617.0,1024.0,112.0
SRBL,5/12/2022,242.0,242.0,237.0,238.6,-0.54,12253.0,1024.0,112.0
SRBL,5/17/2022,238.6,243.0,230.0,234.0,-1.93,9223.0,1024.0,112.0
SRBL,5/18/2022,235.0,235.0,228.1,233.7,-0.13,7362.0,1024.0,112.0
SRBL,5/19/2022,235.0,235.0,230.1,232.0,-0.73,6525.0,1024.0,112.0
SRBL,5/20/2022,227.5,232.8,227.5,231.5,-0.22,16528.0,1024.0,112.0
SRBL,5/23/2022,232.0,232.0,225.5,225.5,-2.59,16942.0,1024.0,112.0
SRBL,5/24/2022,228.0,230.0,226.0,229.0,1.55,11635.0,1024.0,112.0
SRBL,5/25/2022,233.5,233.5,229.0,231.0,0.87,16702.0,1024.0,112.0
SRBL,5/26/2022,235.6,235.6,229.3,235.0,1.73,9452.0,1024.0,112.0
SRBL,5/27/2022,236.0,236.0,229.0,233.0,-0.85,14546.0,1024.0,112.0
SRBL,5/30/2022,237.6,237.6,228.0,229.0,-1.72,25715.0,1024.0,112.0
SRBL,5/31/2022,226.0,232.4,226.0,229.0,0.0,17097.0,1024.0,112.0
SRBL,6/1/2022,225.0,230.0,225.0,230.0,0.44,6956.0,1024.0,112.0
SRBL,6/2/2022,230.1,230.6,227.0,227.5,-1.09,8340.0,1024.0,112.0
SRBL,6/3/2022,232.0,232.0,222.0,222.0,-2.42,11952.0,1024.0,112.0
SRBL,6/6/2022,223.9,224.0,216.0,220.0,-0.9,6177.0,1024.0,112.0
SRBL,6/7/2022,218.0,219.9,208.8,210.1,-4.5,81323.0,1024.0,112.0
SRBL,6/8/2022,210.1,218.7,210.0,218.0,3.76,12439.0,1024.0,112.0
SRBL,6/9/2022,222.3,222.3,214.0,215.0,-1.38,15047.0,1024.0,112.0
SRBL,6/10/2022,219.3,219.3,210.0,212.0,-1.4,8710.0,1024.0,112.0
SRBL,6/13/2022,216.2,216.2,209.0,211.0,-0.47,5894.0,1024.0,112.0
SRBL,6/14/2022,211.0,212.8,207.8,208.2,-1.33,12461.0,1024.0,112.0
SRBL,6/15/2022,212.3,212.3,202.8,207.2,-0.48,21746.0,1024.0,112.0
SRBL,6/16/2022,204.0,217.0,204.0,208.3,0.53,11409.0,1024.0,112.0
SRBL,6/17/2022,208.1,212.0,208.1,210.1,0.86,49505.0,1024.0,112.0
SRBL,6/19/2022,210.0,210.1,206.0,206.0,-1.95,21849.0,1024.0,112.0
SRBL,6/20/2022,206.0,209.0,200.0,201.0,-2.43,51596.0,1024.0,112.0
SRBL,6/21/2022,204.0,207.5,203.0,207.5,3.23,11746.0,1024.0,112.0
SRBL,6/22/2022,204.0,206.0,201.0,203.0,-2.17,45001.0,1024.0,112.0
SRBL,6/23/2022,200.0,204.0,198.0,198.0,-2.46,39322.0,1024.0,112.0
SRBL,6/24/2022,201.0,203.0,195.4,200.0,1.01,11131.0,1024.0,112.0
SRBL,6/26/2022,204.0,207.0,202.7,205.0,2.5,37089.0,1024.0,112.0
SRBL,6/27/2022,209.1,209.1,201.3,203.0,-0.98,31553.0,1024.0,112.0
SRBL,6/28/2022,203.0,205.0,201.0,203.0,0.0,5708.0,1024.0,112.0
SRBL,6/29/2022,203.0,205.0,201.0,203.0,0.0,18152.0,1024.0,112.0
SRBL,6/30/2022,201.0,210.0,200.7,207.0,1.97,42165.0,1024.0,112.0
SRBL,7/1/2022,207.0,208.0,199.0,205.0,-0.97,59978.0,1024.0,112.0
SRBL,7/3/2022,208.0,208.0,200.0,203.0,-0.98,40464.0,1024.0,112.0
SRBL,7/4/2022,207.0,209.0,201.0,202.0,-0.49,57882.0,1024.0,112.0
SRBL,7/5/2022,203.0,206.0,198.5,200.0,-0.99,33951.0,1024.0,112.0
SRBL,7/6/2022,200.1,202.7,198.4,202.7,1.35,18335.0,1024.0,112.0
SRBL,7/7/2022,204.0,204.0,199.0,199.5,-1.58,25159.0,1024.0,112.0
SRBL,7/8/2022,199.5,203.4,198.0,198.4,-0.55,22690.0,1024.0,112.0
SRBL,7/11/2022,196.1,198.0,194.0,196.0,-1.21,22473.0,1024.0,112.0
SRBL,7/12/2022,198.0,198.0,191.0,194.0,-1.02,39791.0,1024.0,112.0
SRBL,7/13/2022,195.0,198.1,192.0,196.2,1.13,33463.0,1024.0,112.0
SRBL,7/14/2022,200.1,203.0,196.4,201.0,2.45,138870.0,1024.0,112.0
SRBL,7/15/2022,201.0,207.0,200.0,207.0,2.99,57403.0,1024.0,112.0
SRBL,7/17/2022,207.0,209.0,199.4,206.9,-0.05,25786.0,1024.0,112.0
SRBL,7/18/2022,207.0,207.0,203.5,207.0,0.05,16122.0,1024.0,112.0
SRBL,7/19/2022,207.0,209.9,205.7,205.8,-0.58,20703.0,1024.0,112.0
SRBL,7/20/2022,203.0,207.0,203.0,206.7,0.44,11103.0,1024.0,112.0
SRBL,7/21/2022,203.0,211.0,203.0,208.0,0.63,71429.0,1024.0,112.0
SRBL,7/22/2022,204.0,207.5,203.0,203.9,-1.97,75073.0,1024.0,112.0
SRBL,7/24/2022,207.9,216.0,207.5,213.0,4.46,171701.0,1024.0,112.0
SRBL,7/25/2022,215.0,219.0,214.0,219.0,2.82,117489.0,1024.0,112.0
SRBL,7/26/2022,218.7,218.7,211.5,213.0,-2.74,153676.0,1024.0,112.0
SRBL,7/27/2022,213.0,215.0,208.0,210.5,-1.17,46386.0,1024.0,112.0
SRBL,7/28/2022,211.0,214.0,209.8,210.0,-0.24,70471.0,1024.0,112.0
SRBL,7/29/2022,210.0,211.0,208.1,210.7,0.33,21074.0,1024.0,112.0
SRBL,7/31/2022,214.0,222.3,212.5,222.3,5.51,90619.0,1024.0,112.0
SRBL,8/1/2022,224.0,226.5,219.1,223.0,0.31,105063.0,1024.0,112.0
SRBL,8/2/2022,222.0,223.0,219.0,222.1,-0.4,31011.0,1024.0,112.0
SRBL,8/3/2022,224.0,226.0,217.0,217.5,-2.07,123420.0,1024.0,112.0
SRBL,8/4/2022,216.1,217.0,213.0,214.0,-1.61,25941.0,1024.0,112.0
SRBL,8/5/2022,212.1,212.1,209.9,209.9,-1.92,31780.0,1024.0,112.0
SRBL,8/7/2022,209.0,213.0,208.5,209.5,-0.19,37731.0,1024.0,112.0
SRBL,8/8/2022,210.0,211.9,208.3,210.0,0.24,32095.0,1024.0,112.0
SRBL,8/9/2022,210.0,210.2,206.1,209.0,-0.48,17128.0,1024.0,112.0
SRBL,8/10/2022,209.0,210.8,206.0,209.2,0.1,48857.0,1024.0,112.0
SRBL,8/11/2022,207.0,210.0,206.0,207.0,-1.05,19601.0,1024.0,112.0
SRBL,8/14/2022,207.0,210.0,206.0,206.0,-0.48,38481.0,1024.0,112.0
SRBL,8/15/2022,206.0,209.0,205.0,208.6,1.26,21400.0,1024.0,112.0
SRBL,8/16/2022,210.0,211.0,206.7,209.0,0.19,26926.0,1024.0,112.0
SRBL,8/17/2022,209.0,210.0,207.0,208.0,-0.48,18202.0,1024.0,112.0
SRBL,8/18/2022,207.2,209.0,207.0,207.5,-0.24,29877.0,1024.0,112.0
SRBL,8/21/2022,207.0,211.0,206.0,208.0,0.24,15738.0,1024.0,112.0
SRBL,8/22/2022,206.1,209.0,206.0,207.7,-0.14,29526.0,1024.0,112.0
SRBL,8/23/2022,207.0,210.0,207.0,208.5,0.39,26183.0,1024.0,112.0
SRBL,8/24/2022,210.0,210.0,208.1,209.2,0.34,29351.0,1024.0,112.0
SRBL,8/25/2022,209.0,209.9,208.1,209.0,-0.1,29138.0,1024.0,112.0
SRBL,8/26/2022,208.0,208.0,205.7,205.9,-1.48,18926.0,1024.0,112.0
SRBL,8/28/2022,205.0,207.0,203.6,203.6,-1.12,39672.0,1024.0,112.0
SRBL,8/29/2022,205.0,208.5,204.0,208.5,2.41,33153.0,1024.0,112.0
SRBL,8/30/2022,209.8,209.8,206.5,207.4,-0.53,14940.0,1024.0,112.0
SRBL,8/31/2022,207.0,210.0,207.0,209.0,0.77,45163.0,1024.0,112.0
SRBL,9/1/2022,209.0,213.0,208.0,210.5,0.72,35247.0,1024.0,112.0
SRBL,9/2/2022,211.0,211.0,205.8,209.0,-0.71,31792.0,1024.0,112.0
SRBL,9/4/2022,210.7,210.7,205.1,207.0,-0.96,23429.0,1024.0,112.0
SRBL,9/5/2022,206.7,207.0,206.0,207.0,0.0,18012.0,1024.0,112.0
SRBL,9/6/2022,208.0,208.0,204.0,204.9,-1.01,16817.0,1024.0,112.0
SRBL,9/7/2022,206.0,206.0,203.0,204.7,-0.1,11421.0,1024.0,112.0
SRBL,9/8/2022,203.0,204.0,202.5,203.2,-0.73,10879.0,1024.0,112.0
SRBL,9/11/2022,201.4,205.0,201.4,203.0,-0.1,12440.0,1024.0,112.0
SRBL,9/12/2022,202.0,202.0,200.9,202.0,-0.49,7090.0,1024.0,112.0
SRBL,9/13/2022,200.9,205.0,197.3,204.0,0.99,39735.0,1024.0,112.0
SRBL,9/14/2022,205.9,206.7,204.0,205.9,0.93,20062.0,1024.0,112.0
SRBL,9/15/2022,203.0,204.0,198.0,198.5,-3.59,30066.0,1024.0,112.0
SRBL,9/16/2022,198.0,198.0,196.0,197.1,-0.71,6715.0,1024.0,112.0
SRBL,9/18/2022,195.1,197.0,194.0,196.5,-0.3,18783.0,1024.0,112.0
SRBL,9/20/2022,198.0,198.0,192.0,193.1,-1.73,37085.0,1024.0,112.0
SRBL,9/21/2022,194.0,195.0,191.0,194.0,0.47,21163.0,1024.0,112.0
SRBL,9/22/2022,194.0,194.5,191.0,193.0,-0.52,9885.0,1024.0,112.0
SRBL,9/25/2022,193.0,193.0,189.4,191.0,-1.04,23370.0,1024.0,112.0
SRBL,9/27/2022,191.0,193.0,190.0,192.1,0.58,12235.0,1024.0,112.0
SRBL,9/28/2022,195.0,195.0,190.0,193.0,0.47,15838.0,1024.0,112.0
SRBL,9/29/2022,193.0,195.7,192.0,195.7,1.4,16352.0,1024.0,112.0
SRBL,10/9/2022,198.0,202.0,194.0,200.1,2.25,15336.0,1024.0,112.0
SRBL,10/10/2022,201.0,201.0,195.0,196.0,-2.05,12998.0,1024.0,112.0
SRBL,10/11/2022,195.0,197.0,193.2,196.0,0.0,10299.0,1024.0,112.0
SRBL,10/12/2022,198.9,198.9,193.1,195.0,-0.51,14117.0,1024.0,112.0
SRBL,10/13/2022,198.0,198.8,195.0,197.5,1.28,17403.0,1024.0,112.0
SRBL,10/16/2022,196.0,202.3,195.4,202.3,2.43,15062.0,1024.0,112.0
SRBL,10/17/2022,202.0,206.0,200.0,204.0,0.84,16593.0,1024.0,112.0
SRBL,10/19/2022,203.0,203.0,198.2,200.0,-1.96,12762.0,1024.0,112.0
SRBL,10/20/2022,200.0,201.7,199.3,201.7,0.85,12068.0,1024.0,112.0
SRBL,10/23/2022,200.3,204.0,199.0,204.0,1.14,8906.0,1024.0,112.0
SRBL,10/31/2022,200.0,200.0,193.0,199.0,-2.45,31094.0,1024.0,112.0
SRBL,11/1/2022,200.0,206.0,199.0,203.5,2.26,32542.0,1024.0,112.0
SRBL,11/2/2022,205.0,205.8,202.6,204.6,0.54,23788.0,1024.0,112.0
SRBL,11/3/2022,202.5,204.0,199.0,200.0,-2.25,18226.0,1024.0,112.0
SRBL,11/6/2022,203.0,207.0,199.1,203.0,1.5,20536.0,1024.0,112.0
SRBL,11/7/2022,203.1,203.9,200.0,201.0,-0.99,24144.0,1024.0,112.0
SRBL,11/8/2022,200.0,202.0,199.5,202.0,0.5,15969.0,1024.0,112.0
SRBL,11/9/2022,202.0,202.0,198.0,198.0,-1.98,17378.0,1024.0,112.0
SRBL,11/10/2022,196.7,200.0,196.1,196.5,-0.76,20543.0,1024.0,112.0
SRBL,11/13/2022,196.5,197.9,194.0,196.0,-0.25,9244.0,1024.0,112.0
SRBL,11/14/2022,194.2,198.0,194.2,195.2,-0.41,2357.0,1024.0,112.0
SRBL,11/15/2022,195.2,198.0,195.0,195.0,-0.1,13310.0,1024.0,112.0
SRBL,11/16/2022,195.0,196.0,194.2,195.4,0.21,8135.0,1024.0,112.0
SRBL,11/17/2022,197.0,199.0,193.1,199.0,1.84,20029.0,1024.0,112.0
SRBL,11/22/2022,200.0,200.0,196.1,197.5,-0.75,2929.0,1024.0,112.0
SRBL,11/23/2022,194.1,198.0,194.1,197.0,-0.25,3029.0,1024.0,112.0
SRBL,11/24/2022,195.0,198.9,195.0,197.3,0.15,5657.0,1024.0,112.0
SRBL,11/27/2022,195.0,198.0,194.1,196.9,-0.2,28503.0,1024.0,112.0
SRBL,11/28/2022,195.3,197.5,195.3,197.5,0.3,8658.0,1024.0,112.0
SRBL,11/29/2022,196.0,198.0,193.2,193.2,-2.18,12447.0,1024.0,112.0
SRBL,11/30/2022,195.0,195.0,192.1,194.5,0.67,3645.0,1024.0,112.0
SRBL,12/1/2022,193.0,195.0,191.8,195.0,0.26,8596.0,1024.0,112.0
SRBL,12/4/2022,193.0,196.8,192.2,194.5,-0.26,9175.0,1024.0,112.0
SRBL,12/5/2022,195.0,195.9,191.3,192.0,-1.29,10271.0,1024.0,112.0
SRBL,12/6/2022,191.2,193.4,191.2,191.2,-0.42,5742.0,1024.0,112.0
SRBL,12/7/2022,191.2,191.2,190.0,190.0,-0.63,15611.0,1024.0,112.0
SRBL,12/11/2022,190.0,190.0,187.0,187.0,-1.58,17593.0,1024.0,112.0
SRBL,12/12/2022,184.5,187.0,182.0,184.5,-1.34,31694.0,1024.0,112.0
SRBL,12/13/2022,183.0,186.0,183.0,186.0,0.81,12567.0,1024.0,112.0
SRBL,12/14/2022,185.0,186.0,183.0,183.3,-1.45,4370.0,1024.0,112.0
SRBL,12/15/2022,183.0,185.0,182.3,183.9,0.33,17799.0,1024.0,112.0
SRBL,12/18/2022,182.0,184.0,180.0,180.9,-1.63,14709.0,1024.0,112.0
SRBL,12/19/2022,181.0,183.4,179.0,180.9,0.0,20978.0,1024.0,112.0
SRBL,12/20/2022,183.0,184.5,179.3,179.3,-0.88,20001.0,1024.0,112.0
SRBL,12/21/2022,179.0,182.4,177.1,180.3,0.56,13258.0,1024.0,112.0
SRBL,12/22/2022,179.0,181.5,178.2,181.0,0.39,25209.0,1024.0,112.0
SRBL,12/26/2022,183.6,183.6,179.2,183.5,1.38,39525.0,1024.0,112.0
SRBL,12/27/2022,185.0,196.8,185.0,192.0,4.63,44838.0,1024.0,112.0
SRBL,12/28/2022,190.0,192.5,186.3,189.0,-1.56,45256.0,1024.0,112.0
SRBL,12/29/2022,187.5,199.8,187.5,194.0,2.65,41132.0,1024.0,112.0
SRBL,1/1/2023,194.0,201.0,193.2,198.0,2.06,61488.0,1024.0,112.0
SRBL,1/2/2023,199.0,202.0,194.1,198.1,0.05,37996.0,1024.0,112.0
SRBL,1/3/2023,200.0,200.0,197.0,198.8,0.35,33191.0,1024.0,112.0
SRBL,1/4/2023,198.5,201.0,195.2,201.0,1.11,57779.0,1024.0,112.0
SRBL,1/5/2023,200.0,202.0,198.0,199.1,-0.95,31921.0,1024.0,112.0
SRBL,1/8/2023,199.1,200.8,197.0,197.0,-1.05,45611.0,1024.0,112.0
SRBL,1/9/2023,197.0,202.0,195.1,202.0,2.54,116540.0,1024.0,112.0
SRBL,1/10/2023,204.9,216.8,202.0,207.0,2.48,168739.0,1024.0,112.0
SRBL,1/12/2023,210.1,211.0,201.9,203.0,-1.93,54493.0,1024.0,112.0
SRBL,1/17/2023,206.0,206.0,198.0,203.0,0.0,35238.0,1024.0,112.0
SRBL,1/18/2023,206.9,206.9,199.0,200.0,-1.48,42656.0,1024.0,112.0
SRBL,1/19/2023,201.0,203.6,198.0,200.1,0.05,49083.0,1024.0,112.0
SRBL,1/23/2023,203.0,204.0,200.1,201.0,0.45,30777.0,1024.0,112.0
SRBL,1/24/2023,201.0,201.0,198.1,199.2,-0.9,20294.0,1024.0,112.0
SRBL,1/25/2023,200.0,202.0,198.3,200.0,0.4,28815.0,1024.0,112.0
SRBL,1/26/2023,201.0,201.0,197.5,197.5,-1.25,16425.0,1024.0,112.0
SRBL,1/29/2023,197.5,200.0,195.0,197.0,-0.25,15774.0,1024.0,112.0
SRBL,1/30/2023,196.5,196.5,192.7,193.0,-2.03,35591.0,1024.0,112.0
SRBL,1/31/2023,193.0,195.0,190.6,191.5,-0.78,27756.0,1024.0,112.0
SRBL,2/1/2023,194.3,194.3,190.2,190.2,-0.68,25870.0,1024.0,112.0
SRBL,2/2/2023,191.7,192.0,188.6,188.6,-0.84,31860.0,1024.0,112.0
SRBL,2/5/2023,190.0,196.0,189.1,190.0,0.74,37796.0,1024.0,112.0
SRBL,2/6/2023,192.8,194.5,190.1,194.0,2.11,20798.0,1024.0,112.0
SRBL,2/7/2023,195.0,199.7,194.2,199.0,2.58,27802.0,1024.0,112.0
SRBL,2/8/2023,200.0,202.9,196.0,196.0,-1.51,18364.0,1024.0,112.0
SRBL,2/9/2023,196.1,199.5,195.6,196.5,0.26,15433.0,1024.0,112.0
SRBL,2/12/2023,195.0,196.8,193.0,193.0,-1.78,11366.0,1024.0,112.0
SRBL,2/14/2023,190.1,193.0,190.0,190.5,-1.3,39141.0,1024.0,112.0
SRBL,2/15/2023,188.3,191.5,188.0,188.3,-1.15,22241.0,1024.0,112.0
SRBL,2/16/2023,188.5,190.0,187.2,187.5,-0.42,18060.0,1024.0,112.0
SRBL,2/20/2023,187.7,190.0,186.5,189.8,1.23,21821.0,1024.0,112.0
SRBL,2/22/2023,186.1,192.0,186.1,190.0,0.11,9449.0,1024.0,112.0
SRBL,2/23/2023,188.2,190.0,188.0,190.0,0.0,70432.0,1024.0,112.0
SRBL,2/26/2023,187.4,189.0,185.0,187.2,-1.47,10945.0,1024.0,112.0
SRBL,2/27/2023,184.0,189.9,184.0,186.5,-0.37,31901.0,1024.0,112.0
SRBL,2/28/2023,184.1,190.0,184.1,187.0,0.27,8267.0,1024.0,112.0
SRBL,3/1/2023,186.0,190.0,185.6,187.0,0.0,17201.0,1024.0,112.0
SRBL,3/2/2023,187.5,188.7,183.8,184.0,-1.6,19642.0,1024.0,112.0
SRBL,3/5/2023,184.0,184.0,182.0,183.0,-0.54,12689.0,1024.0,112.0
SRBL,3/7/2023,181.0,184.6,181.0,182.4,-0.33,10128.0,1024.0,112.0
SRBL,3/9/2023,183.0,186.0,182.0,186.0,1.97,14534.0,1024.0,112.0
SRBL,3/12/2023,188.0,188.0,183.1,184.0,-1.08,17157.0,1024.0,112.0
SRBL,3/13/2023,183.2,183.5,181.0,183.0,-0.54,20381.0,1024.0,112.0
SRBL,3/14/2023,181.1,186.5,181.1,181.9,-0.6,19622.0,1024.0,112.0
SRBL,3/15/2023,182.0,183.8,181.2,182.9,0.55,10534.0,1024.0,112.0
SRBL,3/16/2023,182.9,183.5,180.0,183.0,0.05,16527.0,1024.0,112.0
SRBL,3/19/2023,181.0,183.9,181.0,183.0,0.0,5588.0,1024.0,112.0
SRBL,3/20/2023,183.0,184.6,181.0,182.9,-0.05,7956.0,1024.0,112.0
SRBL,3/22/2023,181.5,184.0,178.2,179.0,-2.13,24192.0,1024.0,112.0
SRBL,3/23/2023,179.0,187.2,177.1,181.0,1.12,14349.0,1024.0,112.0
SRBL,3/26/2023,180.2,183.6,178.0,180.1,-0.5,24440.0,1024.0,112.0
SRBL,3/27/2023,178.0,180.5,176.7,177.1,-1.67,19097.0,1024.0,112.0
SRBL,3/28/2023,179.6,182.6,179.6,181.4,2.43,17803.0,1024.0,112.0
SRBL,3/29/2023,178.4,180.9,178.0,179.1,-1.27,13782.0,1024.0,112.0
SRBL,3/30/2023,181.5,181.5,177.9,178.0,-0.61,12017.0,1024.0,112.0
SRBL,4/2/2023,180.0,180.5,177.0,178.0,0.0,10037.0,1024.0,112.0
SRBL,4/3/2023,180.0,180.0,175.5,175.6,-1.35,12649.0,1024.0,112.0
SRBL,4/4/2023,176.0,176.0,174.1,174.1,-0.85,14545.0,1024.0,112.0
SRBL,4/5/2023,173.6,177.5,173.6,176.0,1.09,18435.0,1024.0,112.0
SRBL,4/6/2023,175.4,177.0,175.4,177.0,0.57,10857.0,1024.0,112.0
SRBL,4/9/2023,177.0,177.0,174.2,175.6,-0.79,7024.0,1024.0,112.0
SRBL,4/10/2023,174.0,178.0,174.0,176.0,0.23,18918.0,1024.0,112.0
SRBL,4/11/2023,179.1,183.0,174.1,182.5,3.69,33069.0,1024.0,112.0
SRBL,4/12/2023,185.0,199.6,184.0,195.9,7.34,53653.0,1024.0,112.0
SRBL,4/13/2023,194.0,195.9,188.1,189.9,-3.06,20730.0,1024.0,112.0
SRBL,4/16/2023,190.0,190.0,185.0,188.0,-1.0,6279.0,1024.0,112.0
SRBL,4/17/2023,186.0,186.8,182.4,185.0,-1.6,13805.0,1024.0,112.0
SRBL,4/18/2023,184.0,187.2,181.4,185.0,0.0,14948.0,1024.0,112.0
SRBL,4/19/2023,185.0,186.0,183.1,183.5,-0.81,11480.0,1024.0,112.0
SRBL,4/20/2023,186.0,186.0,182.0,183.0,-0.27,18835.0,1024.0,112.0
SRBL,4/23/2023,182.0,183.0,180.1,180.2,-1.53,18066.0,1024.0,112.0
SRBL,4/24/2023,179.0,182.8,178.0,181.0,0.44,12666.0,1024.0,112.0
SRBL,4/25/2023,181.1,184.1,180.5,183.0,1.1,10017.0,1024.0,112.0
SRBL,4/26/2023,180.5,184.7,180.5,183.0,0.0,12726.0,1024.0,112.0
SRBL,4/27/2023,180.5,183.7,180.1,181.1,-1.04,8704.0,1024.0,112.0
SRBL,4/30/2023,181.5,183.0,179.0,180.0,-0.61,21406.0,1024.0,112.0
SRBL,5/2/2023,180.0,181.7,178.1,181.7,0.94,16038.0,1024.0,112.0
SRBL,5/3/2023,181.0,183.5,180.0,181.0,-0.39,17117.0,1024.0,112.0
SRBL,5/4/2023,183.0,183.0,178.0,179.2,-0.99,21904.0,1024.0,112.0
SRBL,5/7/2023,178.1,180.3,175.9,176.3,-1.62,31240.0,1024.0,112.0
SRBL,5/8/2023,175.4,181.5,175.4,178.5,1.25,9053.0,1024.0,112.0
SRBL,5/9/2023,182.0,182.0,176.6,181.5,1.68,13632.0,1024.0,112.0
SRBL,5/10/2023,183.9,183.9,178.1,179.0,-1.38,8109.0,1024.0,112.0
SRBL,5/11/2023,176.0,179.0,176.0,177.3,-0.95,13701.0,1024.0,112.0
SRBL,5/14/2023,179.0,179.0,176.4,176.7,-0.34,11322.0,1024.0,112.0
SRBL,5/15/2023,175.5,178.0,175.4,177.0,0.17,5085.0,1024.0,112.0
SRBL,5/16/2023,175.0,180.0,175.0,177.8,0.45,6183.0,1024.0,112.0
SRBL,5/17/2023,179.0,180.1,177.0,180.1,1.29,13159.0,1024.0,112.0
SRBL,5/18/2023,178.3,182.8,178.3,180.3,0.11,12931.0,1024.0,112.0
SRBL,5/21/2023,182.0,183.9,180.4,180.9,0.33,22394.0,1024.0,112.0
SRBL,5/22/2023,180.0,181.0,179.2,181.0,0.06,10111.0,1024.0,112.0
SRBL,5/23/2023,181.0,183.9,180.0,183.9,1.6,63326.0,1024.0,112.0
SRBL,5/24/2023,184.0,184.0,180.4,183.5,-0.22,20912.0,1024.0,112.0
SRBL,5/28/2023,181.3,184.6,180.1,182.1,-0.76,35023.0,1024.0,112.0
SRBL,5/30/2023,180.0,180.0,176.0,179.5,-1.43,15539.0,1024.0,112.0
SRBL,5/31/2023,178.0,180.9,175.0,176.0,-1.95,38554.0,1024.0,112.0
SRBL,6/1/2023,175.0,180.8,174.0,175.5,-0.28,43327.0,1024.0,112.0
SRBL,6/4/2023,173.8,182.2,173.8,178.0,1.42,49586.0,1024.0,112.0
SRBL,6/5/2023,180.0,181.0,176.5,177.9,-0.06,12828.0,1024.0,112.0
SRBL,6/6/2023,177.9,178.0,174.9,176.6,-0.73,13768.0,1024.0,112.0
SRBL,6/7/2023,178.5,179.0,175.6,178.0,0.79,28317.0,1024.0,112.0
SRBL,6/8/2023,179.0,179.0,174.0,174.6,-1.91,64974.0,1024.0,112.0
SRBL,6/11/2023,177.7,179.0,174.6,175.2,0.34,14180.0,1024.0,112.0
SRBL,6/12/2023,177.0,179.0,175.6,178.0,1.6,21070.0,1024.0,112.0
SRBL,6/13/2023,176.0,179.0,175.0,178.0,0.0,58852.0,1024.0,112.0
SRBL,6/14/2023,179.0,183.0,175.5,178.0,0.0,56231.0,1024.0,112.0
SRBL,6/15/2023,180.0,180.0,178.0,178.0,0.0,11653.0,1024.0,112.0
SRBL,6/18/2023,178.0,178.9,176.2,177.4,-0.34,33211.0,1024.0,112.0
SRBL,6/19/2023,176.2,178.5,176.0,176.0,-0.79,23120.0,1024.0,112.0
SRBL,6/20/2023,175.1,177.9,175.0,175.2,-0.45,19015.0,1024.0,112.0
SRBL,6/21/2023,175.0,176.0,172.0,172.9,-1.31,39595.0,1024.0,112.0
SRBL,6/22/2023,173.0,174.5,171.0,172.0,-0.52,37112.0,1024.0,112.0
SRBL,6/25/2023,170.0,173.4,170.0,173.4,0.81,30359.0,1024.0,112.0
SRBL,6/26/2023,173.0,175.0,171.9,172.4,-0.58,29384.0,1024.0,112.0
SRBL,6/27/2023,171.1,183.1,171.1,177.4,2.9,93479.0,1024.0,112.0
SRBL,6/28/2023,179.0,189.0,178.2,180.0,1.47,63403.0,1024.0,112.0
SRBL,7/2/2023,181.0,181.0,172.6,174.0,-3.33,44584.0,1024.0,112.0
SRBL,7/3/2023,172.0,175.9,171.2,174.0,0.0,35236.0,1024.0,112.0
SRBL,7/4/2023,175.0,175.0,171.0,173.8,-0.11,40888.0,1024.0,112.0
SRBL,7/5/2023,172.0,173.6,170.4,172.0,-1.04,34022.0,1024.0,112.0
SRBL,7/6/2023,172.0,175.0,167.7,168.0,-2.33,66268.0,1024.0,112.0
SRBL,7/9/2023,170.0,174.9,168.2,170.0,1.19,32658.0,1024.0,112.0
SRBL,7/10/2023,170.0,173.0,170.0,171.5,0.88,27052.0,1024.0,112.0
SRBL,7/11/2023,172.0,172.0,167.7,170.5,-0.58,75841.0,1024.0,112.0
SRBL,7/12/2023,173.0,173.0,168.1,168.1,-1.41,52888.0,1024.0,112.0
SRBL,7/13/2023,170.0,175.0,170.0,173.1,2.97,44618.0,1024.0,112.0
SRBLD83,1/1/2026,1101.6,1123.6,1101.6,1123.6,,95.0,1125.0,1006.1
SRBLD83,1/4/2026,1120.0,1120.0,1120.0,1120.0,-0.32,10.0,1125.0,1006.1
SRBLD83,1/7/2026,1125.0,1125.0,1125.0,1125.0,0.45,90.0,1125.0,1006.1
SRBLD83,1/8/2026,1105.0,1125.0,1105.0,1105.0,-1.78,155.0,1125.0,1006.1
SRBLD83,1/18/2026,1082.9,1082.9,1065.0,1065.0,-3.62,70.0,1125.0,1006.1
SRBLD83,1/22/2026,1048.5,1048.5,1048.5,1048.5,-1.55,25.0,1125.0,1006.1
SRBLD83,1/26/2026,1050.0,1050.0,1050.0,1050.0,0.14,50.0,1125.0,1006.1
SRBLD83,1/27/2026,1060.0,1060.0,1060.0,1060.0,0.95,50.0,1125.0,1006.1
SRBLD83,2/4/2026,1055.0,1055.0,1055.0,1055.0,-0.47,25.0,1125.0,1006.1
SRBLD83,2/11/2026,1075.0,1075.0,1075.0,1075.0,1.9,10.0,1125.0,1006.1
SRBLD83,2/16/2026,1075.0,1075.0,1075.0,1075.0,0.0,15.0,1125.0,1006.1
SRBLD83,3/15/2026,1054.0,1054.0,1054.0,1054.0,-1.95,40.0,1125.0,1006.1
SRBLD83,3/16/2026,1060.0,1060.0,1048.0,1048.0,-0.57,625.0,1125.0,1006.1
SRBLD83,3/19/2026,1049.1,1049.1,1049.0,1049.0,0.1,140.0,1125.0,1006.1
SRBLD83,3/20/2026,1049.1,1049.1,1049.0,1049.0,0.0,140.0,1125.0,1006.1
SRBLD83,3/21/2026,1049.1,1049.1,1049.0,1049.0,0.0,140.0,1125.0,1006.1
SRBLD83,3/23/2026,1049.1,1049.1,1042.0,1042.0,-0.67,250.0,1125.0,1006.1
SRBLD83,4/5/2026,1045.0,1045.0,1045.0,1045.0,0.0,25.0,1125.0,1006.1
SRBLD83,4/21/2026,1050.0,1050.0,1050.0,1050.0,0.0,25.0,1125.0,1006.1
SRBLD83,4/22/2026,1050.9,1050.9,1050.9,1050.9,0.0,25.0,1125.0,1006.1
SRBLD83,4/24/2026,1050.9,1051.9,1051.9,1051.9,0.1,25.0,1125.0,1006.1
SRBLD83,4/27/2026,1051.9,1046.9,1046.0,1046.0,-0.56,50.0,1125.0,1006.1
SRBLD83,4/30/2026,1048.2,1048.2,1048.2,1048.2,0.0,12.0,1125.0,1006.1
SRBLD83,5/8/2026,1079.6,1079.6,1079.6,1079.6,0.0,50.0,1125.0,1006.1
SRBLD83,6/8/2026,1051.0,1051.0,1051.0,1051.0,0.0,60000.0,1125.0,1006.1
SRBLD83,6/10/2026,1064.0,1064.0,1064.0,1064.0,0.0,60000.0,1125.0,1006.1
SRBLD83,7/1/2026,1075.0,1075.0,1075.0,1075.0,0.0,10.0,1125.0,1006.1
SRBLD83,7/2/2026,1075.0,1075.0,1060.7,1060.7,-1.33,25.0,1125.0,1006.1
SRBLD83,7/3/2026,1060.7,1060.7,1060.7,1091.9,2.94,5.0,1125.0,1006.1
SRBLD83,7/6/2026,1091.9,1091.9,1091.9,1099.0,0.65,5.0,1125.0,1006.1
SRBLD83,7/8/2026,1099.0,1099.0,1078.0,1078.0,-1.91,10026.0,1125.0,1006.1
SRBLD83,7/10/2026,1060.0,1060.0,1050.0,1052.1,-0.75,100000.0,1125.0,1006.1
SRBLD83,7/13/2026,1065.0,1082.0,1065.0,1082.0,1.6,80010.0,1125.0,1006.1
SRBLD83,7/14/2026,1082.0,1099.7,1067.0,1099.7,1.64,56850.0,1125.0,1006.1
SRBLD83,7/15/2026,1099.7,1099.7,1067.0,1099.0,-0.06,21010.0,1125.0,1006.1
SRBLD83,7/16/2026,1099.0,1099.0,1077.0,1098.9,-0.01,20217.0,1125.0,1006.1
SRBLD83,7/22/2026,1098.9,1098.9,1098.9,1059.9,-3.55,2.0,1125.0,1006.1
SRBLD83,7/23/2026,1044.9,1044.9,1044.9,1044.9,0.0,10.0,1125.0,1006.1
SRBLD83,7/24/2026,1024.2,1024.2,1024.2,1024.2,0.0,6400.0,1125.0,1006.1
SRBLD83,7/27/2026,1024.3,1024.3,1015.0,1015.0,-0.91,581.0,1125.0,1006.1
SRBLD83,8/3/2026,1011.0,1020.0,1010.0,1020.0,0.89,210.0,1125.0,1006.1
SRBLD83,8/4/2026,1020.0,1020.0,1020.0,1020.0,0.0,400.0,1125.0,1006.1
SRBLD83,8/5/2026,1008.1,1008.1,1008.1,1008.1,0.0,25.0,1125.0,1006.1
SRBLD83,8/6/2026,1015.0,1015.0,1015.0,1015.0,0.0,25.0,1125.0,1006.1
SRBLD83,8/25/2026,1015.0,1015.0,1015.0,1015.0,0.0,25.0,1125.0,1006.1
SRBLD83,8/26/2026,1025.0,1025.0,1025.0,1025.0,0.0,25.0,1125.0,1006.1
SRBLD83,9/2/2026,1008.6,1008.6,1006.1,1006.1,-0.25,300.0,1125.0,1006.1
SRBLD83,9/9/2026,1020.0,1020.0,1020.0,1020.0,0.0,300.0,1125.0,1006.1
SRBLD83,9/11/2026,1020.0,1020.0,1020.0,1020.0,0.0,25.0,1125.0,1006.1
SRBLD83,9/16/2026,1020.8,1020.8,1020.6,1020.6,-0.02,25.0,1125.0,1006.1
SRBLD83,9/22/2026,1025.0,1025.0,1025.0,1025.0,0.0,200.0,1125.0,1006.1
SRBLD83,9/28/2026,1038.0,1038.0,1038.0,1038.0,0.0,200.0,1125.0,1006.1
SRBLD83,10/1/2026,1025.0,1031.0,1025.0,1031.0,0.59,1000.0,1125.0,1006.1
SRLI,12/21/2025,400.0,407.0,394.6,396.0,,52094.0,437.7,348.0
SRLI,12/22/2025,396.0,398.0,394.0,395.9,-0.03,15742.0,437.7,348.0
SRLI,12/23/2025,395.0,398.8,392.4,398.0,0.53,37261.0,437.7,348.0
SRLI,12/24/2025,397.0,410.0,394.0,400.0,0.5,51006.0,437.7,348.0
SRLI,12/28/2025,396.4,399.0,388.0,399.0,-0.25,61304.0,437.7,348.0
SRLI,12/29/2025,396.0,397.0,393.1,394.0,-1.25,25291.0,437.7,348.0
SRLI,12/31/2025,393.0,400.0,393.0,395.0,0.25,34874.0,437.7,348.0
SRLI,1/1/2026,390.0,395.0,390.0,392.5,-0.63,28563.0,437.7,348.0
SRLI,1/4/2026,392.0,392.0,387.2,388.1,-1.12,20173.0,437.7,348.0
SRLI,1/5/2026,390.0,391.6,387.2,390.9,0.72,27095.0,437.7,348.0
SRLI,1/6/2026,390.9,396.8,390.9,392.3,0.36,20149.0,437.7,348.0
SRLI,1/7/2026,391.3,395.0,390.2,393.0,0.18,11887.0,437.7,348.0
SRLI,1/8/2026,390.1,395.0,390.1,395.0,0.51,18813.0,437.7,348.0
SRLI,1/12/2026,398.0,398.0,391.5,393.9,-0.28,16564.0,437.7,348.0
SRLI,1/13/2026,393.0,402.0,390.0,402.0,2.06,34726.0,437.7,348.0
SRLI,1/14/2026,395.2,401.0,395.2,399.9,-0.52,40921.0,437.7,348.0
SRLI,1/18/2026,404.0,404.0,398.0,400.5,0.15,19709.0,437.7,348.0
SRLI,1/20/2026,405.0,411.0,403.1,408.5,2.0,72604.0,437.7,348.0
SRLI,1/21/2026,412.9,413.2,406.1,406.2,-0.56,41409.0,437.7,348.0
SRLI,1/22/2026,405.0,406.5,403.2,406.4,0.05,20563.0,437.7,348.0
SRLI,1/25/2026,407.0,410.1,403.1,409.7,0.81,49708.0,437.7,348.0
SRLI,1/26/2026,409.7,414.9,403.6,405.0,-1.15,45204.0,437.7,348.0
SRLI,1/27/2026,402.0,408.7,396.4,397.0,-1.98,46702.0,437.7,348.0
SRLI,1/28/2026,397.3,400.0,394.2,396.0,-0.25,35720.0,437.7,348.0
SRLI,1/29/2026,394.0,401.0,393.8,394.0,-0.51,48106.0,437.7,348.0
SRLI,2/1/2026,391.7,395.0,391.7,392.2,-0.46,23638.0,437.7,348.0
SRLI,2/2/2026,384.4,397.4,384.4,392.4,0.05,22560.0,437.7,348.0
SRLI,2/3/2026,392.4,396.0,390.1,392.8,0.1,35652.0,437.7,348.0
SRLI,2/4/2026,390.0,397.4,390.0,390.3,-0.64,35067.0,437.7,348.0
SRLI,2/5/2026,390.4,396.0,390.1,394.0,0.95,20230.0,437.7,348.0
SRLI,2/8/2026,390.0,400.0,389.8,391.0,-0.76,35645.0,437.7,348.0
SRLI,2/9/2026,391.0,393.1,387.2,387.3,-0.95,30039.0,437.7,348.0
SRLI,2/10/2026,388.1,392.6,384.8,384.8,-0.65,47881.0,437.7,348.0
SRLI,2/11/2026,390.0,391.9,384.5,384.5,-0.08,25536.0,437.7,348.0
SRLI,2/12/2026,385.2,392.0,383.3,392.0,1.95,33106.0,437.7,348.0
SRLI,2/16/2026,392.0,392.0,388.0,388.8,-0.82,11959.0,437.7,348.0
SRLI,2/17/2026,390.0,393.0,384.0,384.5,-1.11,46627.0,437.7,348.0
SRLI,2/22/2026,383.2,388.0,383.2,384.0,-0.13,39461.0,437.7,348.0
SRLI,2/23/2026,389.0,389.0,383.3,385.1,0.29,21812.0,437.7,348.0
SRLI,2/24/2026,384.2,390.0,384.2,386.0,0.23,17677.0,437.7,348.0
SRLI,2/25/2026,384.0,399.9,384.0,393.4,1.92,29429.0,437.7,348.0
SRLI,2/26/2026,393.1,394.0,390.0,393.0,-0.1,10504.0,437.7,348.0
SRLI,2/27/2026,393.1,394.0,390.0,393.0,0.0,10504.0,437.7,348.0
SRLI,2/28/2026,393.1,394.0,390.0,393.0,0.0,10504.0,437.7,348.0
SRLI,3/2/2026,390.0,395.4,388.2,395.0,0.51,17223.0,437.7,348.0
SRLI,3/3/2026,395.0,397.9,390.0,396.2,0.3,24915.0,437.7,348.0
SRLI,3/4/2026,395.0,397.9,390.0,396.2,0.0,24915.0,437.7,348.0
SRLI,3/5/2026,395.0,397.9,390.0,396.2,0.0,24915.0,437.7,348.0
SRLI,3/6/2026,395.0,397.9,390.0,396.2,0.0,24915.0,437.7,348.0
SRLI,3/7/2026,395.0,397.9,390.0,396.2,0.0,24915.0,437.7,348.0
SRLI,3/8/2026,395.0,397.9,390.0,396.2,0.0,24915.0,437.7,348.0
SRLI,3/9/2026,404.1,420.3,404.1,420.0,6.01,2611.0,437.7,348.0
SRLI,3/10/2026,420.0,426.0,405.0,412.0,-1.9,133543.0,437.7,348.0
SRLI,3/11/2026,420.0,420.0,406.8,408.0,-0.97,35350.0,437.7,348.0
SRLI,3/12/2026,402.0,411.0,402.0,408.0,0.0,54362.0,437.7,348.0
SRLI,3/13/2026,402.0,411.0,402.0,408.0,0.0,54362.0,437.7,348.0
SRLI,3/14/2026,402.0,411.0,402.0,408.0,0.0,54362.0,437.7,348.0
SRLI,3/15/2026,409.0,413.0,406.0,409.0,0.25,51410.0,437.7,348.0
SRLI,3/16/2026,405.2,409.5,405.2,406.0,-0.73,29834.0,437.7,348.0
SRLI,3/17/2026,401.0,407.0,401.0,404.8,-0.3,43273.0,437.7,348.0
SRLI,3/18/2026,401.0,407.0,401.0,404.8,0.0,43273.0,437.7,348.0
SRLI,3/19/2026,404.9,421.0,404.9,416.9,2.99,110714.0,437.7,348.0
SRLI,3/20/2026,404.9,421.0,404.9,416.9,0.0,110714.0,437.7,348.0
SRLI,3/21/2026,404.9,421.0,404.9,416.9,0.0,110714.0,437.7,348.0
SRLI,3/22/2026,418.0,432.0,416.0,429.3,2.97,169740.0,437.7,348.0
SRLI,3/23/2026,430.0,437.7,425.0,430.0,0.16,93943.0,437.7,348.0
SRLI,3/24/2026,428.0,431.7,423.0,425.0,-1.16,41267.0,437.7,348.0
SRLI,3/25/2026,422.5,429.7,417.0,418.0,-1.65,51414.0,437.7,348.0
SRLI,3/26/2026,417.0,419.9,412.1,416.4,-0.14,58920.0,437.7,348.0
SRLI,3/29/2026,416.0,418.0,407.9,408.0,-1.92,48682.0,437.7,348.0
SRLI,3/30/2026,406.0,410.0,401.0,403.0,-0.74,49096.0,437.7,348.0
SRLI,3/31/2026,395.5,407.6,395.5,405.0,2.4,38224.0,437.7,348.0
SRLI,4/1/2026,405.0,405.0,395.0,397.0,-1.98,33699.0,437.7,348.0
SRLI,4/2/2026,395.0,400.0,389.3,396.0,0.25,24342.0,437.7,348.0
SRLI,4/5/2026,389.0,395.0,380.3,382.5,-1.67,83112.0,437.7,348.0
SRLI,4/6/2026,383.0,397.0,381.0,392.9,2.58,56453.0,437.7,348.0
SRLI,4/7/2026,393.0,397.9,390.0,392.0,-0.25,29784.0,437.7,348.0
SRLI,4/8/2026,398.0,398.0,391.0,397.9,-0.03,20621.0,437.7,348.0
SRLI,4/9/2026,398.0,404.0,393.2,401.0,0.75,33215.0,437.7,348.0
SRLI,4/10/2026,401.0,405.0,396.0,402.0,0.25,36369.0,437.7,348.0
SRLI,4/13/2026,402.0,405.9,400.0,400.2,-0.45,37872.0,437.7,348.0
SRLI,4/15/2026,404.9,404.9,398.0,401.9,-0.74,24809.0,437.7,348.0
SRLI,4/16/2026,395.5,402.5,395.5,396.0,0.13,18705.0,437.7,348.0
SRLI,4/17/2026,397.0,409.5,392.1,405.5,2.14,72521.0,437.7,348.0
SRLI,4/20/2026,405.0,405.5,396.0,402.0,-0.74,19081.0,437.7,348.0
SRLI,4/21/2026,401.9,406.8,396.0,396.3,-1.39,14469.0,437.7,348.0
SRLI,4/22/2026,391.0,396.0,380.3,396.0,1.28,16690.0,437.7,348.0
SRLI,4/23/2026,392.0,395.0,391.2,393.0,0.26,15147.0,437.7,348.0
SRLI,4/24/2026,390.0,392.0,387.0,390.5,0.13,16950.0,437.7,348.0
SRLI,4/27/2026,390.0,400.0,390.0,395.0,1.28,14107.0,437.7,348.0
SRLI,4/28/2026,395.0,399.9,391.5,394.0,-0.25,9012.0,437.7,348.0
SRLI,4/29/2026,394.0,392.0,387.1,391.0,-0.76,8117.0,437.7,348.0
SRLI,4/30/2026,385.3,393.7,385.3,390.0,1.22,10369.0,437.7,348.0
SRLI,5/4/2026,386.1,390.0,385.0,388.0,0.49,8627.0,437.7,348.0
SRLI,5/5/2026,388.0,392.0,385.3,388.0,0.0,17308.0,437.7,348.0
SRLI,5/6/2026,386.2,391.0,384.0,388.0,0.47,22044.0,437.7,348.0
SRLI,5/7/2026,385.1,390.0,385.1,387.0,0.49,14020.0,437.7,348.0
SRLI,5/8/2026,385.0,395.0,385.0,393.0,2.08,13165.0,437.7,348.0
SRLI,5/11/2026,395.0,395.0,390.0,395.0,0.0,21417.0,437.7,348.0
SRLI,5/12/2026,390.2,395.1,390.2,392.9,0.69,15558.0,437.7,348.0
SRLI,5/13/2026,390.0,392.0,387.4,391.0,0.26,9736.0,437.7,348.0
SRLI,5/14/2026,390.0,392.0,389.0,391.4,0.36,12514.0,437.7,348.0
SRLI,5/15/2026,386.2,393.7,386.2,389.0,0.73,12690.0,437.7,348.0
SRLI,5/18/2026,388.0,390.0,387.3,389.7,0.44,11969.0,437.7,348.0
SRLI,5/19/2026,387.2,391.8,387.2,387.8,0.15,10965.0,437.7,348.0
SRLI,5/20/2026,388.1,392.0,387.1,391.9,0.98,11843.0,437.7,348.0
SRLI,5/21/2026,389.5,392.0,389.5,391.0,0.39,8655.0,437.7,348.0
SRLI,5/22/2026,388.0,394.0,388.0,393.9,1.52,5754.0,437.7,348.0
SRLI,5/25/2026,389.3,397.5,389.3,396.0,1.72,21636.0,437.7,348.0
SRLI,5/26/2026,397.0,398.5,389.1,392.6,-1.11,102945.0,437.7,348.0
SRLI,5/27/2026,397.3,397.3,391.0,393.0,-1.08,27121.0,437.7,348.0
SRLI,6/1/2026,390.0,396.2,390.0,393.9,1.0,18486.0,437.7,348.0
SRLI,6/2/2026,390.0,397.0,390.0,397.0,1.79,21704.0,437.7,348.0
SRLI,6/3/2026,390.2,410.0,390.2,406.4,4.15,70732.0,437.7,348.0
SRLI,6/4/2026,406.4,406.4,398.5,399.9,-1.6,18538.0,437.7,348.0
SRLI,6/5/2026,395.4,410.0,395.2,410.0,3.69,29563.0,437.7,348.0
SRLI,6/8/2026,400.0,404.9,397.0,400.0,0.0,11474.0,437.7,348.0
SRLI,6/9/2026,395.1,402.8,395.1,402.8,1.95,23033.0,437.7,348.0
SRLI,6/10/2026,400.0,410.0,396.3,399.6,-0.1,35595.0,437.7,348.0
SRLI,6/11/2026,400.0,405.0,392.0,397.0,-0.75,19064.0,437.7,348.0
SRLI,6/12/2026,391.6,395.0,391.6,394.0,0.61,14409.0,437.7,348.0
SRLI,6/15/2026,413.7,413.7,383.0,392.6,-5.1,11057.0,437.7,348.0
SRLI,6/16/2026,391.0,395.0,390.2,391.0,0.0,11183.0,437.7,348.0
SRLI,6/17/2026,388.4,396.7,388.4,390.6,0.57,7142.0,437.7,348.0
SRLI,6/18/2026,390.0,393.0,389.3,390.0,0.0,12160.0,437.7,348.0
SRLI,6/19/2026,388.3,390.8,388.3,390.0,0.44,9109.0,437.7,348.0
SRLI,6/22/2026,390.0,390.1,388.3,389.2,-0.21,8225.0,437.7,348.0
SRLI,6/23/2026,386.3,388.0,386.3,387.9,0.41,6651.0,437.7,348.0
SRLI,6/24/2026,388.0,388.0,382.3,385.9,-0.54,22186.0,437.7,348.0
SRLI,6/26/2026,383.1,385.0,380.4,383.0,-0.03,18936.0,437.7,348.0
SRLI,6/29/2026,381.0,382.0,378.3,380.0,-0.26,15328.0,437.7,348.0
SRLI,6/30/2026,380.0,385.5,376.3,379.0,-0.26,13997.0,437.7,348.0
SRLI,7/1/2026,375.1,385.0,375.1,382.0,1.84,11926.0,437.7,348.0
SRLI,7/2/2026,379.1,380.5,377.7,380.4,0.34,8507.0,437.7,348.0
SRLI,7/3/2026,380.0,386.5,379.1,381.1,0.29,8865.0,437.7,348.0
SRLI,7/6/2026,380.0,382.0,376.4,378.9,-0.29,17040.0,437.7,348.0
SRLI,7/7/2026,375.5,381.5,375.5,381.5,1.6,18795.0,437.7,348.0
SRLI,7/8/2026,380.0,381.9,377.0,379.9,-0.03,12441.0,437.7,348.0
SRLI,7/9/2026,375.3,377.7,373.6,376.9,0.43,19247.0,437.7,348.0
SRLI,7/10/2026,376.9,382.5,375.0,376.9,0.0,22469.0,437.7,348.0
SRLI,7/13/2026,373.0,378.0,367.0,367.0,-1.61,38900.0,437.7,348.0
SRLI,7/14/2026,367.0,374.0,367.0,370.9,1.06,21876.0,437.7,348.0
SRLI,7/15/2026,366.5,380.0,366.5,373.0,1.77,13193.0,437.7,348.0
SRLI,7/16/2026,370.0,378.8,370.0,378.8,2.38,10384.0,437.7,348.0
SRLI,7/17/2026,375.0,386.9,374.3,386.9,3.17,11142.0,437.7,348.0
SRLI,7/20/2026,386.0,391.8,382.0,391.4,1.4,15067.0,437.7,348.0
SRLI,7/21/2026,394.9,394.9,386.5,390.0,-1.24,18697.0,437.7,348.0
SRLI,7/22/2026,385.3,389.0,385.0,386.7,0.36,5898.0,437.7,348.0
SRLI,7/23/2026,386.0,386.4,382.4,384.8,-0.31,15884.0,437.7,348.0
SRLI,7/24/2026,385.0,388.0,383.5,386.0,0.26,10494.0,437.7,348.0
SRLI,7/27/2026,381.0,390.0,381.0,385.0,1.05,23129.0,437.7,348.0
SRLI,7/28/2026,381.0,385.0,381.0,382.6,0.42,5804.0,437.7,348.0
SRLI,7/29/2026,380.5,384.9,380.5,381.2,0.18,7546.0,437.7,348.0
SRLI,7/30/2026,380.0,384.0,378.0,381.5,0.39,7432.0,437.7,348.0
SRLI,7/31/2026,381.5,381.5,376.1,379.4,-0.55,4482.0,437.7,348.0
SRLI,8/3/2026,379.4,383.0,379.4,381.9,0.66,10752.0,437.7,348.0
SRLI,8/4/2026,370.0,380.0,370.0,377.8,2.11,14032.0,437.7,348.0
SRLI,8/5/2026,375.0,377.5,375.0,376.0,0.27,9359.0,437.7,348.0
SRLI,8/6/2026,373.1,378.6,373.1,375.0,0.51,8668.0,437.7,348.0
SRLI,8/7/2026,372.0,374.0,370.0,374.0,0.54,17635.0,437.7,348.0
SRLI,8/10/2026,370.1,373.7,366.1,368.6,-0.41,36694.0,437.7,348.0
SRLI,8/11/2026,368.0,373.6,368.0,370.0,0.54,12977.0,437.7,348.0
SRLI,8/12/2026,368.0,370.0,366.3,370.0,0.54,5232.0,437.7,348.0
SRLI,8/13/2026,370.0,371.9,368.6,371.9,0.51,15966.0,437.7,348.0
SRLI,8/14/2026,369.1,372.8,369.1,370.5,0.38,5181.0,437.7,348.0
SRLI,8/17/2026,369.0,371.9,368.3,369.0,0.0,9155.0,437.7,348.0
SRLI,8/18/2026,366.3,369.7,366.3,366.5,0.05,10513.0,437.7,348.0
SRLI,8/19/2026,366.0,371.4,365.0,368.7,0.74,9087.0,437.7,348.0
SRLI,8/20/2026,369.0,369.0,365.1,367.1,-0.51,7112.0,437.7,348.0
SRLI,8/21/2026,366.0,369.8,366.0,368.5,0.68,9011.0,437.7,348.0
SRLI,8/24/2026,368.0,368.0,364.0,364.4,-0.98,13943.0,437.7,348.0
SRLI,8/25/2026,365.1,366.8,363.5,365.8,0.19,9916.0,437.7,348.0
SRLI,8/26/2026,364.1,364.1,355.3,357.0,-1.95,40937.0,437.7,348.0
SRLI,8/27/2026,352.1,359.7,352.1,357.3,1.48,12826.0,437.7,348.0
SRLI,8/31/2026,357.3,358.0,350.0,354.7,-0.73,20451.0,437.7,348.0
SRLI,9/1/2026,351.3,357.5,351.2,353.0,0.48,10317.0,437.7,348.0
SRLI,9/2/2026,351.0,356.0,348.0,353.5,0.71,21852.0,437.7,348.0
SRLI,9/3/2026,352.0,358.5,350.0,355.2,0.91,13933.0,437.7,348.0
SRLI,9/7/2026,366.0,366.0,349.6,355.0,-3.01,10669.0,437.7,348.0
SRLI,9/9/2026,351.4,357.9,351.4,355.0,1.02,5002.0,437.7,348.0
SRLI,9/10/2026,351.1,359.7,350.1,355.0,1.11,10321.0,437.7,348.0
SRLI,9/11/2026,355.0,357.0,350.8,357.0,0.56,7310.0,437.7,348.0
SRLI,9/14/2026,357.1,365.0,355.8,361.1,1.12,15666.0,437.7,348.0
SRLI,9/15/2026,379.0,379.0,365.4,371.5,-1.98,41888.0,437.7,348.0
SRLI,9/16/2026,365.1,372.0,365.0,369.0,1.07,20792.0,437.7,348.0
SRLI,9/17/2026,365.1,374.3,365.1,371.0,1.62,15831.0,437.7,348.0
SRLI,9/18/2026,368.2,379.0,368.2,376.0,2.12,51652.0,437.7,348.0
SRLI,9/22/2026,376.0,383.0,370.0,378.0,0.53,90509.0,437.7,348.0
SRLI,9/23/2026,396.9,396.9,365.6,368.0,-7.28,64729.0,437.7,348.0
SRLI,9/24/2026,367.0,373.9,363.2,373.8,1.85,26413.0,437.7,348.0
SRLI,9/28/2026,374.0,378.5,368.8,371.2,-0.75,39307.0,437.7,348.0
SRLI,9/29/2026,389.7,389.7,366.1,0.0,-100.0,32577.0,437.7,348.0
SRLI,9/30/2026,367.3,372.0,367.3,371.8,1.23,5762.0,437.7,348.0
SRLI,10/1/2026,368.0,372.9,368.0,369.1,0.3,8522.0,437.7,348.0
SRLI,10/2/2026,367.3,371.5,365.1,366.3,-0.27,10308.0,437.7,348.0
SRLIP,4/7/2026,215.0,215.0,215.0,215.0,0.0,43486.0,218.0,196.0
SRLIP,4/21/2026,210.0,210.0,210.0,210.0,0.0,71000.0,218.0,196.0
SRLIP,7/1/2026,208.0,208.0,208.0,208.0,0.0,88402.0,218.0,196.0
SRLIP,8/26/2026,197.6,197.6,197.6,197.6,0.0,27138.0,218.0,196.0
SRLIP,8/27/2026,197.6,197.6,197.6,197.6,0.0,910.0,218.0,196.0
SRLIP,10/1/2026,196.0,196.0,196.0,196.0,0.0,18199.0,218.0,196.0
SRLIP,10/2/2026,196.0,196.0,196.0,196.0,0.0,22749.0,218.0,196.0
SSHL,11/26/2020,171.0,182.0,163.0,165.0,,176095.0,251.0,151.0
SSHL,11/29/2020,167.0,170.0,160.0,164.0,-0.61,72630.0,251.0,151.0
SSHL,11/30/2020,164.0,171.0,159.0,169.0,3.05,85580.0,251.0,151.0
SSHL,12/1/2020,167.0,171.0,160.0,163.0,-3.55,69010.0,251.0,151.0
SSHL,12/2/2020,161.0,170.0,158.0,161.0,-1.23,57005.0,251.0,151.0
SSHL,12/3/2020,164.0,165.0,159.0,159.0,-1.24,71987.0,251.0,151.0
SSHL,12/6/2020,156.0,171.0,152.0,152.0,-4.4,49295.0,251.0,151.0
SSHL,12/7/2020,155.0,158.0,152.0,157.0,3.29,31125.0,251.0,151.0
SSHL,12/8/2020,160.0,163.0,156.0,159.0,1.27,47902.0,251.0,151.0
SSHL,12/9/2020,166.0,168.0,159.0,162.0,1.89,104746.0,251.0,151.0
SSHL,12/10/2020,160.0,165.0,157.0,162.0,0.0,36137.0,251.0,151.0
SSHL,12/13/2020,165.0,165.0,156.0,160.0,-1.23,62850.0,251.0,151.0
SSHL,12/14/2020,162.0,166.0,157.0,157.0,-1.88,34291.0,251.0,151.0
SSHL,12/15/2020,160.0,160.0,155.0,158.0,0.64,36110.0,251.0,151.0
SSHL,12/16/2020,155.0,159.0,153.0,155.0,-1.9,12840.0,251.0,151.0
SSHL,12/17/2020,153.0,155.0,148.0,153.0,-1.29,69225.0,251.0,151.0
SSHL,12/20/2020,150.0,155.0,140.0,142.0,-7.19,20990.0,251.0,151.0
SSHL,12/21/2020,140.0,148.0,129.0,139.0,-2.11,23675.0,251.0,151.0
SSHL,12/22/2020,145.0,152.0,143.0,147.0,5.76,22635.0,251.0,151.0
SSHL,12/23/2020,147.0,149.0,140.0,140.0,-4.76,20196.0,251.0,151.0
SSHL,12/24/2020,142.0,147.0,141.0,141.0,0.71,10750.0,251.0,151.0
SSHL,12/27/2020,141.0,145.0,141.0,142.0,0.71,10252.0,251.0,151.0
SSHL,12/28/2020,143.0,146.0,141.0,141.0,-0.7,5155.0,251.0,151.0
SSHL,12/29/2020,141.0,147.0,141.0,143.0,1.42,23640.0,251.0,151.0
SSHL,12/30/2020,145.0,150.0,141.0,146.0,2.1,34885.0,251.0,151.0
SSHL,12/31/2020,148.0,154.0,146.0,152.0,4.11,62785.0,251.0,151.0
SSHL,1/3/2021,152.0,155.0,147.0,147.0,-3.29,28170.0,251.0,151.0
SSHL,1/4/2021,149.0,153.0,147.0,147.0,0.0,36896.0,251.0,151.0
SSHL,1/5/2021,146.0,161.0,146.0,156.0,6.12,53023.0,251.0,151.0
SSHL,1/6/2021,163.0,163.0,152.0,154.0,-1.28,13107.0,251.0,151.0
SSHL,1/7/2021,154.0,155.0,149.0,152.0,-1.3,23570.0,251.0,151.0
SSHL,1/10/2021,155.0,156.0,147.0,149.0,-1.97,18678.0,251.0,151.0
SSHL,1/11/2021,150.0,154.0,147.0,147.0,-1.34,16040.0,251.0,151.0
SSHL,1/12/2021,145.0,154.0,145.0,150.0,2.04,25095.0,251.0,151.0
SSHL,1/13/2021,143.0,156.0,143.0,150.0,0.0,26253.0,251.0,151.0
SSHL,1/17/2021,150.0,150.0,147.0,147.0,-2.0,20853.0,251.0,151.0
SSHL,1/18/2021,147.0,150.0,147.0,147.0,0.0,18435.0,251.0,151.0
SSHL,1/19/2021,149.0,150.0,145.0,145.0,-1.36,26348.0,251.0,151.0
SSHL,1/20/2021,144.0,150.0,144.0,150.0,3.45,29909.0,251.0,151.0
SSHL,1/21/2021,150.0,159.0,146.0,158.0,5.33,118302.0,251.0,151.0
SSHL,1/24/2021,162.0,173.0,160.0,173.0,9.49,327084.0,251.0,151.0
SSHL,1/25/2021,181.0,190.0,170.0,182.0,5.2,317708.0,251.0,151.0
SSHL,1/26/2021,184.0,184.0,173.0,173.0,-4.95,106317.0,251.0,151.0
SSHL,1/27/2021,170.0,179.0,168.0,173.0,0.0,38962.0,251.0,151.0
SSHL,1/28/2021,176.0,176.0,165.0,166.0,-4.05,62688.0,251.0,151.0
SSHL,1/31/2021,167.0,167.0,160.0,163.0,-1.81,70179.0,251.0,151.0
SSHL,2/1/2021,165.0,169.0,163.0,165.0,1.23,49517.0,251.0,151.0
SSHL,2/2/2021,168.0,170.0,162.0,167.0,1.21,44598.0,251.0,151.0
SSHL,2/3/2021,170.0,173.0,161.0,165.0,-1.2,100257.0,251.0,151.0
SSHL,2/4/2021,168.0,171.0,164.0,170.0,3.03,81866.0,251.0,151.0
SSHL,2/7/2021,173.0,173.0,164.0,166.0,-2.35,124521.0,251.0,151.0
SSHL,2/8/2021,167.0,169.0,163.0,164.0,-1.2,65275.0,251.0,151.0
SSHL,2/9/2021,172.0,172.0,159.0,159.0,-3.05,71175.0,251.0,151.0
SSHL,2/10/2021,161.0,167.0,156.0,163.0,2.52,56308.0,251.0,151.0
SSHL,2/11/2021,161.0,165.0,160.0,162.0,-0.61,47230.0,251.0,151.0
SSHL,2/14/2021,165.0,165.0,158.0,160.0,-1.23,36982.0,251.0,151.0
SSHL,2/15/2021,167.0,167.0,160.0,162.0,1.25,55874.0,251.0,151.0
SSHL,2/16/2021,170.0,172.0,160.0,164.0,1.23,75654.0,251.0,151.0
SSHL,2/17/2021,164.0,173.0,163.0,171.0,4.27,142722.0,251.0,151.0
SSHL,2/18/2021,175.0,177.0,168.0,170.0,-0.58,104136.0,251.0,151.0
SSHL,2/21/2021,175.0,187.0,170.0,187.0,10.0,358581.0,251.0,151.0
SSHL,2/22/2021,196.0,205.0,196.0,205.0,9.63,139609.0,251.0,151.0
SSHL,2/23/2021,215.0,223.0,185.0,198.0,-3.41,343660.0,251.0,151.0
SSHL,2/24/2021,207.0,207.0,187.0,190.0,-4.04,154510.0,251.0,151.0
SSHL,2/25/2021,199.0,199.0,184.0,186.0,-2.11,50754.0,251.0,151.0
SSHL,2/28/2021,186.0,186.0,178.0,180.0,-3.23,92316.0,251.0,151.0
SSHL,3/1/2021,178.0,189.0,173.0,182.0,1.11,57873.0,251.0,151.0
SSHL,3/2/2021,181.0,185.0,175.0,179.0,-1.65,46619.0,251.0,151.0
SSHL,3/3/2021,178.0,179.0,170.0,173.0,-3.35,42817.0,251.0,151.0
SSHL,3/4/2021,176.0,186.0,174.0,182.0,5.2,58025.0,251.0,151.0
SSHL,3/7/2021,184.0,190.0,179.0,182.0,0.0,51492.0,251.0,151.0
SSHL,3/9/2021,183.0,185.0,179.0,184.0,1.1,60640.0,251.0,151.0
SSHL,3/10/2021,185.0,191.0,182.0,185.0,0.54,91273.0,251.0,151.0
SSHL,3/14/2021,188.0,188.0,180.0,183.0,-1.08,48257.0,251.0,151.0
SSHL,3/15/2021,183.0,187.0,179.0,183.0,0.0,47781.0,251.0,151.0
SSHL,3/16/2021,192.0,192.0,178.0,179.0,-2.19,35212.0,251.0,151.0
SSHL,3/17/2021,181.0,186.0,180.0,185.0,3.35,28475.0,251.0,151.0
SSHL,3/18/2021,194.0,203.0,191.0,198.0,7.03,258180.0,251.0,151.0
SSHL,3/21/2021,205.0,207.0,193.0,195.0,-1.52,96307.0,251.0,151.0
SSHL,3/22/2021,198.0,198.0,192.0,193.0,-1.03,88803.0,251.0,151.0
SSHL,3/23/2021,195.0,204.0,193.0,201.0,4.15,183460.0,251.0,151.0
SSHL,3/24/2021,205.0,219.0,200.0,213.0,5.97,233794.0,251.0,151.0
SSHL,3/25/2021,215.0,223.0,206.0,209.0,-1.88,109754.0,251.0,151.0
SSHL,3/29/2021,205.0,211.0,202.0,203.0,-2.87,90418.0,251.0,151.0
SSHL,3/30/2021,206.0,216.0,203.0,211.0,3.94,121032.0,251.0,151.0
SSHL,3/31/2021,213.0,216.0,208.0,209.0,-0.95,54658.0,251.0,151.0
SSHL,4/1/2021,219.0,219.0,206.0,209.0,0.0,103170.0,251.0,151.0
SSHL,4/4/2021,213.0,213.0,207.0,208.0,-0.48,88031.0,251.0,151.0
SSHL,4/5/2021,200.0,215.0,200.0,214.0,2.88,130198.0,251.0,151.0
SSHL,4/6/2021,214.0,235.0,211.0,235.0,9.81,271366.0,251.0,151.0
SSHL,4/7/2021,246.0,258.0,237.0,247.0,5.11,337063.0,251.0,151.0
SSHL,4/8/2021,255.0,256.0,240.0,243.0,-1.62,154562.0,251.0,151.0
SSHL,4/12/2021,245.0,246.0,231.0,236.0,-2.88,122476.0,251.0,151.0
SSHL,4/13/2021,236.0,240.0,230.0,235.0,-0.42,84437.0,251.0,151.0
SSHL,4/15/2021,246.0,246.0,231.0,234.0,-0.43,66407.0,251.0,151.0
SSHL,4/18/2021,238.0,242.0,230.0,231.0,-1.28,65061.0,251.0,151.0
SSHL,4/19/2021,228.0,238.0,228.0,230.0,-0.43,71167.0,251.0,151.0
SSHL,4/20/2021,233.0,236.0,229.0,231.0,0.43,57378.0,251.0,151.0
SSHL,4/21/2021,240.0,240.0,231.0,234.0,1.3,67197.0,251.0,151.0
SSHL,4/22/2021,231.0,235.0,230.0,234.0,0.0,49394.0,251.0,151.0
SSHL,4/25/2021,240.0,242.0,223.0,223.0,-4.7,96943.0,251.0,151.0
SSHL,4/26/2021,219.0,227.0,214.0,215.0,-3.59,90353.0,251.0,151.0
SSHL,4/27/2021,218.0,229.0,216.0,227.0,5.58,54183.0,251.0,151.0
SSHL,4/28/2021,230.0,233.0,223.0,227.0,0.0,35285.0,251.0,151.0
SSHL,4/29/2021,227.0,235.0,227.0,232.0,2.2,37218.0,251.0,151.0
SSHL,5/2/2021,236.0,236.0,229.0,233.0,0.43,52995.0,251.0,151.0
SSHL,5/3/2021,235.0,237.0,229.0,230.0,-1.29,59952.0,251.0,151.0
SSHL,5/4/2021,233.0,252.0,226.0,242.0,5.22,172918.0,251.0,151.0
SSHL,5/5/2021,245.0,254.0,242.0,249.0,2.89,141718.0,251.0,151.0
SSHL,5/6/2021,248.0,256.0,237.0,239.0,-4.02,125204.0,251.0,151.0
SSHL,5/9/2021,228.0,244.0,228.0,234.0,-2.09,45538.0,251.0,151.0
SSHL,5/10/2021,232.0,242.0,232.0,238.0,1.71,46415.0,251.0,151.0
SSHL,5/11/2021,228.0,245.0,228.0,240.0,0.84,37878.0,251.0,151.0
SSHL,5/12/2021,244.0,250.0,237.0,245.0,2.08,171245.0,251.0,151.0
SSHL,5/13/2021,257.0,257.0,246.0,251.0,2.45,187048.0,251.0,151.0
SSHL,5/16/2021,251.0,256.0,244.0,245.0,-2.39,117201.0,251.0,151.0
SSHL,5/17/2021,257.0,265.0,243.0,260.0,6.12,187710.0,251.0,151.0
SSHL,5/18/2021,267.0,286.0,260.0,286.0,10.0,342025.0,251.0,151.0
SSHL,5/19/2021,290.0,299.0,272.0,272.0,-4.9,189290.0,251.0,151.0
SSHL,5/20/2021,280.0,280.0,263.0,266.0,-2.21,130286.0,251.0,151.0
SSHL,5/23/2021,261.0,283.0,253.0,276.0,3.76,142748.0,251.0,151.0
SSHL,5/24/2021,280.0,286.0,272.0,276.0,0.0,175306.0,251.0,151.0
SSHL,5/25/2021,281.0,303.0,276.0,293.0,6.16,411162.0,251.0,151.0
SSHL,5/27/2021,290.0,322.0,288.0,322.0,9.9,327619.0,251.0,151.0
SSHL,5/30/2021,335.0,352.0,310.0,324.0,0.62,404927.0,251.0,151.0
SSHL,5/31/2021,340.0,340.0,299.0,302.0,-6.79,276653.0,251.0,151.0
SSHL,6/1/2021,317.0,317.0,291.0,299.0,-0.99,106165.0,251.0,151.0
SSHL,6/2/2021,285.0,328.0,285.0,314.0,5.02,182958.0,251.0,151.0
SSHL,6/3/2021,317.0,326.0,298.0,303.0,-3.5,128354.0,251.0,151.0
SSHL,6/6/2021,295.0,308.0,291.0,294.0,-2.97,111004.0,251.0,151.0
SSHL,6/7/2021,280.0,316.0,280.0,308.0,4.76,111949.0,251.0,151.0
SSHL,6/8/2021,293.0,335.0,293.0,331.0,7.47,312237.0,251.0,151.0
SSHL,6/9/2021,340.0,340.0,315.0,321.0,-3.02,140375.0,251.0,151.0
SSHL,6/10/2021,305.0,353.0,305.0,353.0,9.97,464287.0,251.0,151.0
SSHL,6/13/2021,365.0,388.0,350.0,388.0,9.92,369437.0,251.0,151.0
SSHL,6/14/2021,407.0,407.0,371.0,379.0,-2.32,270323.0,251.0,151.0
SSHL,6/15/2021,385.0,390.0,356.0,363.0,-4.22,214076.0,251.0,151.0
SSHL,6/16/2021,361.0,370.0,328.0,343.0,-5.51,174902.0,251.0,151.0
SSHL,6/17/2021,326.0,362.0,326.0,344.0,0.29,110454.0,251.0,151.0
SSHL,6/20/2021,327.0,360.0,321.0,335.0,-2.62,146080.0,251.0,151.0
SSHL,6/21/2021,336.0,353.0,314.0,316.0,-5.67,106452.0,251.0,151.0
SSHL,6/22/2021,331.0,347.0,303.0,347.0,9.81,99812.0,251.0,151.0
SSHL,6/23/2021,330.0,365.0,330.0,337.0,-2.88,113540.0,251.0,151.0
SSHL,6/24/2021,331.0,350.0,327.0,335.0,-0.59,73190.0,251.0,151.0
SSHL,6/27/2021,341.0,349.0,329.0,330.0,-1.49,53433.0,251.0,151.0
SSHL,6/28/2021,336.0,341.0,322.0,324.0,-1.82,38664.0,251.0,151.0
SSHL,6/29/2021,330.0,330.0,309.0,310.0,-4.32,42341.0,251.0,151.0
SSHL,6/30/2021,325.0,325.0,300.0,313.0,0.97,70569.0,251.0,151.0
SSHL,7/1/2021,319.0,334.0,314.0,318.0,1.6,43173.0,251.0,151.0
SSHL,7/4/2021,324.0,328.0,308.0,312.0,-1.89,43096.0,251.0,151.0
SSHL,7/5/2021,311.0,318.0,306.0,310.0,-0.64,28113.0,251.0,151.0
SSHL,7/6/2021,295.0,318.0,295.0,310.0,0.0,26020.0,251.0,151.0
SSHL,7/7/2021,304.0,310.0,297.0,299.0,-3.55,27630.0,251.0,151.0
SSHL,7/8/2021,296.0,310.0,296.0,302.0,1.0,25565.0,251.0,151.0
SSHL,7/11/2021,308.0,329.0,302.0,329.0,8.94,44854.0,251.0,151.0
SSHL,7/12/2021,335.0,341.0,313.0,315.0,-4.26,55152.0,251.0,151.0
SSHL,7/13/2021,310.0,324.0,310.0,318.0,0.95,19044.0,251.0,151.0
SSHL,7/14/2021,318.0,330.0,316.0,330.0,3.77,46390.0,251.0,151.0
SSHL,7/15/2021,336.0,347.0,328.0,338.0,2.42,89260.0,251.0,151.0
SSHL,7/18/2021,344.0,350.5,339.1,342.0,1.18,79800.0,251.0,151.0
SSHL,7/19/2021,348.0,350.0,336.0,340.0,-0.58,41349.0,251.0,151.0
SSHL,7/20/2021,333.2,352.0,333.2,347.0,2.06,122360.0,251.0,151.0
SSHL,7/22/2021,340.1,360.0,340.1,354.0,2.02,113212.0,251.0,151.0
SSHL,7/25/2021,354.0,379.0,348.0,376.9,6.47,159165.0,251.0,151.0
SSHL,7/26/2021,369.4,391.6,365.0,370.0,-1.83,152771.0,251.0,151.0
SSHL,7/27/2021,362.7,407.0,362.7,395.0,6.76,399344.0,251.0,151.0
SSHL,7/28/2021,402.9,427.0,385.0,390.0,-1.27,254832.0,251.0,151.0
SSHL,7/29/2021,390.0,399.8,376.0,398.0,2.05,180857.0,251.0,151.0
SSHL,8/1/2021,400.0,434.0,396.8,421.9,6.01,375758.0,251.0,151.0
SSHL,8/2/2021,430.0,438.6,412.0,417.0,-1.16,255411.0,251.0,151.0
SSHL,8/3/2021,425.3,433.8,408.7,432.0,3.6,165807.0,251.0,151.0
SSHL,8/4/2021,440.0,474.0,431.7,454.0,5.09,283801.0,251.0,151.0
SSHL,8/5/2021,455.0,455.0,429.0,431.0,-5.07,217102.0,251.0,151.0
SSHL,8/8/2021,431.0,470.0,423.1,464.0,7.66,312786.0,251.0,151.0
SSHL,8/9/2021,471.1,490.0,452.0,479.1,3.25,247591.0,251.0,151.0
SSHL,8/10/2021,488.6,524.0,468.0,472.0,-1.48,339827.0,251.0,151.0
SSHL,8/11/2021,472.0,500.4,472.0,490.0,3.81,235945.0,251.0,151.0
SSHL,8/12/2021,499.8,499.8,478.0,480.2,-2.0,206086.0,251.0,151.0
SSHL,8/15/2021,475.2,479.0,440.0,454.0,-5.46,178639.0,251.0,151.0
SSHL,8/16/2021,462.9,478.0,441.1,469.5,3.41,121657.0,251.0,151.0
SSHL,8/17/2021,474.0,511.0,474.0,505.0,7.56,217616.0,251.0,151.0
SSHL,8/18/2021,505.0,533.0,490.0,500.0,-0.99,231421.0,251.0,151.0
SSHL,8/19/2021,500.0,500.0,470.0,474.0,-5.2,126855.0,251.0,151.0
SSHL,8/24/2021,483.4,483.4,426.6,426.6,-10.0,166115.0,251.0,151.0
SSHL,8/25/2021,418.1,451.0,402.0,436.0,2.2,92238.0,251.0,151.0
SSHL,8/26/2021,444.0,479.6,431.2,463.0,6.19,110155.0,251.0,151.0
SSHL,8/29/2021,472.0,481.0,453.0,455.9,-1.53,119313.0,251.0,151.0
SSHL,8/31/2021,447.0,461.0,435.0,440.0,-3.49,73373.0,251.0,151.0
SSHL,9/1/2021,440.0,455.0,430.0,437.9,-0.48,47457.0,251.0,151.0
SSHL,9/2/2021,446.0,446.0,410.0,420.0,-4.09,63519.0,251.0,151.0
SSHL,9/5/2021,411.6,414.0,378.0,387.6,-7.71,89745.0,251.0,151.0
SSHL,9/6/2021,387.6,426.3,383.0,426.3,9.98,89699.0,251.0,151.0
SSHL,9/7/2021,434.8,440.0,405.0,420.0,-1.48,54780.0,251.0,151.0
SSHL,9/8/2021,412.0,427.0,405.0,410.0,-2.38,44142.0,251.0,151.0
SSHL,9/9/2021,418.0,444.0,411.2,429.0,4.63,114564.0,251.0,151.0
SSHL,9/12/2021,437.5,470.3,437.0,470.2,9.6,135298.0,251.0,151.0
SSHL,9/13/2021,479.6,480.0,449.0,451.9,-3.89,80586.0,251.0,151.0
SSHL,9/14/2021,446.0,455.0,440.0,444.0,-1.75,51108.0,251.0,151.0
SSHL,9/15/2021,450.9,450.9,430.0,430.0,-3.15,51872.0,251.0,151.0
SSHL,9/16/2021,422.0,430.0,402.1,412.0,-4.19,93005.0,251.0,151.0
SSHL,9/20/2021,413.5,422.0,385.0,389.0,-5.58,90872.0,251.0,151.0
SSHL,9/21/2021,382.0,419.0,363.0,399.0,2.57,61823.0,251.0,151.0
SSHL,9/22/2021,406.9,434.0,406.9,430.4,7.87,59848.0,251.0,151.0
SSHL,9/23/2021,439.0,440.0,408.0,410.3,-4.67,55346.0,251.0,151.0
SSHL,9/26/2021,410.0,410.0,384.2,389.0,-5.19,48968.0,251.0,151.0
SSHL,9/27/2021,396.7,404.6,373.0,373.0,-4.11,68292.0,251.0,151.0
SSHL,9/28/2021,370.0,395.0,339.0,339.0,-9.12,69573.0,251.0,151.0
SSHL,9/29/2021,345.0,368.0,325.0,356.0,5.01,53266.0,251.0,151.0
SSHL,9/30/2021,363.0,370.5,346.0,347.0,-2.53,26478.0,251.0,151.0
SSHL,10/3/2021,347.0,347.0,323.0,323.2,-6.86,29957.0,251.0,151.0
SSHL,10/4/2021,323.0,330.4,306.0,308.0,-4.7,39429.0,251.0,151.0
SSHL,10/5/2021,314.0,330.0,314.0,324.0,5.19,35925.0,251.0,151.0
SSHL,10/6/2021,330.4,344.0,323.7,342.0,5.56,27242.0,251.0,151.0
SSHL,10/10/2021,348.8,355.0,332.4,332.4,-2.81,24457.0,251.0,151.0
SSHL,10/11/2021,339.0,339.0,317.0,326.5,-1.77,12447.0,251.0,151.0
SSHL,10/17/2021,326.5,333.0,324.0,325.1,-0.43,3756.0,251.0,151.0
SSHL,10/18/2021,320.0,321.1,305.9,307.0,-5.57,19622.0,251.0,151.0
SSHL,10/19/2021,300.9,302.0,280.0,295.0,-3.91,52015.0,251.0,151.0
SSHL,10/20/2021,300.0,311.0,299.0,308.0,4.41,23403.0,251.0,151.0
SSHL,10/21/2021,309.0,311.0,295.0,295.0,-4.22,16041.0,251.0,151.0
SSHL,10/24/2021,295.0,310.0,295.0,308.0,4.41,30017.0,251.0,151.0
SSHL,10/25/2021,314.0,338.8,314.0,338.8,10.0,44256.0,251.0,151.0
SSHL,10/26/2021,345.5,372.6,345.5,372.6,9.98,49894.0,251.0,151.0
SSHL,10/27/2021,380.0,395.0,355.0,385.0,3.33,96648.0,251.0,151.0
SSHL,10/28/2021,387.0,410.0,370.0,399.0,3.64,63466.0,251.0,151.0
SSHL,10/31/2021,406.9,425.0,397.0,425.0,6.52,70088.0,251.0,151.0
SSHL,11/1/2021,423.0,426.9,404.0,408.0,-4.0,63428.0,251.0,151.0
SSHL,11/2/2021,408.0,415.0,396.0,409.0,0.25,36695.0,251.0,151.0
SSHL,11/3/2021,417.1,420.0,406.0,411.0,0.49,28222.0,251.0,151.0
SSHL,11/8/2021,419.2,419.2,397.0,397.0,-3.41,20948.0,251.0,151.0
SSHL,11/9/2021,391.0,402.9,368.0,379.0,-4.53,67620.0,251.0,151.0
SSHL,11/11/2021,371.5,371.5,344.1,351.0,-7.39,106044.0,251.0,151.0
SSHL,11/14/2021,350.0,362.0,337.2,345.0,-1.71,23468.0,251.0,151.0
SSHL,11/15/2021,345.0,379.0,345.0,375.0,8.7,47673.0,251.0,151.0
SSHL,11/16/2021,380.0,385.0,365.4,384.9,2.64,46546.0,251.0,151.0
SSHL,11/17/2021,390.9,400.0,380.0,382.5,-0.62,60375.0,251.0,151.0
SSHL,11/18/2021,375.0,384.0,364.0,365.2,-4.52,34446.0,251.0,151.0
SSHL,11/21/2021,357.9,385.0,357.9,380.5,4.19,37106.0,251.0,151.0
SSHL,11/22/2021,384.0,391.0,377.0,385.0,1.18,46709.0,251.0,151.0
SSHL,11/23/2021,390.0,392.6,366.0,375.0,-2.6,54577.0,251.0,151.0
SSHL,11/24/2021,367.5,392.0,361.0,380.0,1.33,47416.0,251.0,151.0
SSHL,11/25/2021,387.0,390.0,375.0,375.1,-1.29,18433.0,251.0,151.0
SSHL,11/28/2021,367.6,375.0,354.0,357.0,-4.83,41288.0,251.0,151.0
SSHL,11/29/2021,360.0,371.5,349.9,351.0,-1.68,25762.0,251.0,151.0
SSHL,11/30/2021,358.0,360.0,345.8,352.0,0.28,22972.0,251.0,151.0
SSHL,12/1/2021,359.0,366.1,356.0,363.0,3.12,18333.0,251.0,151.0
SSHL,12/2/2021,358.0,360.0,345.5,349.0,-3.86,34784.0,251.0,151.0
SSHL,12/5/2021,355.0,355.0,331.3,332.0,-4.87,28783.0,251.0,151.0
SSHL,12/6/2021,332.0,353.0,314.0,349.0,5.12,50681.0,251.0,151.0
SSHL,12/7/2021,355.9,363.0,333.5,334.0,-4.3,22374.0,251.0,151.0
SSHL,12/8/2021,334.0,339.0,318.0,320.0,-4.19,28273.0,251.0,151.0
SSHL,12/9/2021,315.1,332.0,314.1,325.0,1.56,17671.0,251.0,151.0
SSHL,12/12/2021,320.0,331.0,303.0,307.0,-5.54,29430.0,251.0,151.0
SSHL,12/13/2021,305.9,305.9,276.3,284.0,-7.49,58898.0,251.0,151.0
SSHL,12/14/2021,284.0,312.4,284.0,312.4,10.0,28871.0,251.0,151.0
SSHL,12/15/2021,318.0,339.0,310.0,318.8,2.05,64189.0,251.0,151.0
SSHL,12/16/2021,313.0,324.0,304.0,304.0,-4.64,22214.0,251.0,151.0
SSHL,12/20/2021,304.0,317.0,293.0,317.0,4.28,23317.0,251.0,151.0
SSHL,12/21/2021,311.0,325.0,305.3,321.9,1.55,22150.0,251.0,151.0
SSHL,12/22/2021,328.0,339.0,317.6,338.0,5.0,58889.0,251.0,151.0
SSHL,12/23/2021,331.3,346.8,328.1,329.0,-2.66,33403.0,251.0,151.0
SSHL,12/26/2021,330.0,338.0,323.4,326.8,-0.67,25905.0,251.0,151.0
SSHL,12/27/2021,322.0,329.5,304.0,306.0,-6.36,40975.0,251.0,151.0
SSHL,12/28/2021,312.1,312.1,294.0,309.0,0.98,34673.0,251.0,151.0
SSHL,12/29/2021,310.0,310.0,300.0,306.0,-0.97,28251.0,251.0,151.0
SSHL,1/2/2022,300.1,312.0,300.1,307.0,0.33,19434.0,251.0,151.0
SSHL,1/3/2022,313.0,313.0,302.0,306.0,-0.33,22487.0,251.0,151.0
SSHL,1/4/2022,301.0,314.0,300.4,314.0,2.61,42600.0,251.0,151.0
SSHL,1/5/2022,319.8,328.7,313.0,314.0,0.0,33052.0,251.0,151.0
SSHL,1/6/2022,314.0,320.0,312.0,317.0,0.96,31953.0,251.0,151.0
SSHL,1/9/2022,323.3,341.7,323.3,339.0,6.94,56329.0,251.0,151.0
SSHL,1/10/2022,345.0,351.1,331.6,340.0,0.29,66858.0,251.0,151.0
SSHL,1/11/2022,346.0,354.0,335.0,347.0,2.06,68459.0,251.0,151.0
SSHL,1/12/2022,352.0,367.9,338.0,344.0,-0.86,82596.0,251.0,151.0
SSHL,1/13/2022,343.0,377.0,339.0,375.0,9.01,93019.0,251.0,151.0
SSHL,1/16/2022,382.5,394.9,371.0,383.0,2.13,98681.0,251.0,151.0
SSHL,1/17/2022,382.0,399.0,368.1,397.0,3.66,89770.0,251.0,151.0
SSHL,1/18/2022,399.0,399.0,376.0,383.0,-3.53,79128.0,251.0,151.0
SSHL,1/19/2022,379.0,384.0,368.0,371.5,-3.0,66251.0,251.0,151.0
SSHL,1/20/2022,378.9,384.0,364.7,384.0,3.36,46192.0,251.0,151.0
SSHL,1/23/2022,388.0,400.0,375.0,378.1,-1.54,96882.0,251.0,151.0
SSHL,1/24/2022,375.0,375.0,351.0,362.9,-4.02,96145.0,251.0,151.0
SSHL,1/25/2022,356.0,370.9,349.0,355.0,-2.18,49299.0,251.0,151.0
SSHL,1/26/2022,362.0,362.0,341.0,345.1,-2.79,37418.0,251.0,151.0
SSHL,1/27/2022,350.0,360.0,342.0,345.0,-0.03,21635.0,251.0,151.0
SSHL,1/30/2022,351.9,379.5,351.9,379.5,10.0,66683.0,251.0,151.0
SSHL,1/31/2022,387.0,387.0,367.0,379.4,-0.03,48184.0,251.0,151.0
SSHL,2/1/2022,372.0,396.0,364.6,391.0,3.06,109641.0,251.0,151.0
SSHL,2/3/2022,398.8,414.1,383.0,386.9,-1.05,128938.0,251.0,151.0
SSHL,2/6/2022,380.0,392.7,375.0,392.0,1.32,99641.0,251.0,151.0
SSHL,2/7/2022,397.0,397.0,375.5,385.0,-1.79,44459.0,251.0,151.0
SSHL,2/8/2022,392.7,401.0,377.1,382.0,-0.78,68510.0,251.0,151.0
SSHL,2/9/2022,382.0,388.0,373.0,374.0,-2.09,20148.0,251.0,151.0
SSHL,2/10/2022,381.4,381.4,367.0,374.0,0.0,31225.0,251.0,151.0
SSHL,2/13/2022,366.6,366.6,345.0,345.0,-7.75,116944.0,251.0,151.0
SSHL,2/14/2022,351.9,356.8,345.0,350.0,1.45,42097.0,251.0,151.0
SSHL,2/15/2022,353.0,369.2,350.0,369.2,5.49,31329.0,251.0,151.0
SSHL,2/16/2022,376.0,376.4,354.1,355.0,-3.85,31799.0,251.0,151.0
SSHL,2/17/2022,356.0,366.0,350.0,353.9,-0.31,21839.0,251.0,151.0
SSHL,2/20/2022,348.0,366.0,340.1,356.0,0.59,40793.0,251.0,151.0
SSHL,2/21/2022,363.1,363.5,354.0,362.0,1.69,22100.0,251.0,151.0
SSHL,2/22/2022,368.9,376.2,360.0,372.0,2.76,61433.0,251.0,151.0
SSHL,2/23/2022,375.0,404.0,365.0,384.0,3.23,56533.0,251.0,151.0
SSHL,2/24/2022,379.0,391.6,361.0,390.0,1.56,70977.0,251.0,151.0
SSHL,2/27/2022,390.0,390.0,373.0,389.9,-0.03,80500.0,251.0,151.0
SSHL,2/28/2022,397.6,405.0,365.0,365.0,-6.39,105221.0,251.0,151.0
SSHL,3/2/2022,358.0,364.0,350.0,360.0,-1.37,38034.0,251.0,151.0
SSHL,3/6/2022,360.0,360.0,352.8,359.9,-0.03,32087.0,251.0,151.0
SSHL,3/7/2022,353.0,371.2,350.0,371.0,3.08,35232.0,251.0,151.0
SSHL,3/9/2022,363.6,380.0,349.9,374.0,0.81,44278.0,251.0,151.0
SSHL,3/10/2022,370.0,387.0,350.0,380.0,1.6,92731.0,251.0,151.0
SSHL,3/13/2022,384.0,391.0,368.0,388.0,2.11,79988.0,251.0,151.0
SSHL,3/14/2022,381.0,381.0,365.6,378.0,-2.58,9857.0,251.0,151.0
SSHL,3/15/2022,371.0,388.0,365.1,387.0,2.38,66025.0,251.0,151.0
SSHL,3/16/2022,379.3,385.0,368.0,375.0,-3.1,45071.0,251.0,151.0
SSHL,3/20/2022,382.0,382.0,362.6,362.6,-3.31,16504.0,251.0,151.0
SSHL,3/21/2022,362.0,376.0,356.2,370.0,2.04,17436.0,251.0,151.0
SSHL,3/22/2022,363.1,374.8,359.0,362.0,-2.16,18057.0,251.0,151.0
SSHL,3/23/2022,362.0,369.2,350.0,369.2,1.99,76439.0,251.0,151.0
SSHL,3/24/2022,362.0,367.0,355.0,367.0,-0.6,25454.0,251.0,151.0
SSHL,3/27/2022,374.0,374.0,350.0,350.0,-4.63,30497.0,251.0,151.0
SSHL,3/28/2022,350.0,353.0,332.5,350.0,0.0,43022.0,251.0,151.0
SSHL,3/29/2022,343.1,353.0,336.8,338.0,-3.43,16330.0,251.0,151.0
SSHL,3/30/2022,338.1,344.7,330.0,338.0,0.0,28834.0,251.0,151.0
SSHL,3/31/2022,344.0,344.0,330.0,337.0,-0.3,32204.0,251.0,151.0
SSHL,4/3/2022,335.0,335.0,322.0,330.0,-2.08,21588.0,251.0,151.0
SSHL,4/4/2022,329.0,329.8,319.2,320.0,-3.03,32553.0,251.0,151.0
SSHL,4/5/2022,326.0,326.0,305.0,314.0,-1.88,38732.0,251.0,151.0
SSHL,4/6/2022,308.0,326.6,301.2,312.5,-0.48,24414.0,251.0,151.0
SSHL,4/7/2022,318.0,330.0,309.0,311.0,-0.48,25571.0,251.0,151.0
SSHL,4/11/2022,317.2,323.0,293.0,296.9,-4.53,29453.0,251.0,151.0
SSHL,4/12/2022,302.0,304.0,279.3,300.0,1.04,38218.0,251.0,151.0
SSHL,4/13/2022,302.0,305.0,288.0,296.0,-1.33,21718.0,251.0,151.0
SSHL,4/17/2022,296.2,301.8,280.0,289.6,-2.16,17515.0,251.0,151.0
SSHL,4/18/2022,285.0,286.6,276.1,280.0,-3.31,15677.0,251.0,151.0
SSHL,4/19/2022,275.0,295.0,270.0,292.0,4.29,22442.0,251.0,151.0
SSHL,4/20/2022,286.2,286.2,273.0,281.5,-3.6,17578.0,251.0,151.0
SSHL,4/21/2022,276.0,286.9,271.0,284.3,0.99,18850.0,251.0,151.0
SSHL,4/24/2022,284.0,307.4,277.9,301.0,5.87,31932.0,251.0,151.0
SSHL,4/25/2022,300.0,307.0,286.2,298.0,-1.0,26529.0,251.0,151.0
SSHL,4/26/2022,293.0,306.0,284.3,299.0,0.34,15789.0,251.0,151.0
SSHL,4/27/2022,299.0,299.0,288.0,298.9,-0.03,7889.0,251.0,151.0
SSHL,4/28/2022,300.0,300.0,283.0,293.0,-1.97,17379.0,251.0,151.0
SSHL,5/2/2022,296.0,296.0,273.3,285.6,-2.53,17786.0,251.0,151.0
SSHL,5/4/2022,280.0,284.4,274.4,280.6,-1.75,9755.0,251.0,151.0
SSHL,5/5/2022,275.0,275.0,260.0,262.0,-6.63,13525.0,251.0,151.0
SSHL,5/8/2022,260.0,283.0,247.0,277.0,5.73,11087.0,251.0,151.0
SSHL,5/9/2022,271.5,292.3,260.8,276.0,-0.36,18869.0,251.0,151.0
SSHL,5/10/2022,272.0,286.6,270.0,284.0,2.9,30843.0,251.0,151.0
SSHL,5/11/2022,287.0,300.0,278.5,297.0,4.58,35649.0,251.0,151.0
SSHL,5/12/2022,297.5,300.0,285.4,285.5,-3.87,18732.0,251.0,151.0
SSHL,5/17/2022,279.8,280.0,265.1,270.0,-5.43,11293.0,251.0,151.0
SSHL,5/18/2022,264.6,293.0,257.2,275.0,1.85,18494.0,251.0,151.0
SSHL,5/19/2022,269.5,280.0,265.0,271.0,-1.45,27285.0,251.0,151.0
SSHL,5/20/2022,265.6,274.0,264.5,271.0,0.0,7791.0,251.0,151.0
SSHL,5/23/2022,266.0,266.0,254.0,260.7,-3.8,14920.0,251.0,151.0
SSHL,5/24/2022,265.0,274.5,259.7,269.7,3.45,11448.0,251.0,151.0
SSHL,5/25/2022,274.0,279.0,270.0,271.0,0.48,6842.0,251.0,151.0
SSHL,5/26/2022,265.6,278.0,265.6,275.4,1.62,14845.0,251.0,151.0
SSHL,5/27/2022,279.9,291.0,265.0,271.0,-1.6,5548.0,251.0,151.0
SSHL,5/30/2022,265.6,266.0,259.0,259.0,-4.43,12287.0,251.0,151.0
SSHL,5/31/2022,254.0,270.0,248.0,265.0,2.32,17703.0,251.0,151.0
SSHL,6/1/2022,264.1,270.0,249.9,264.0,-0.38,5070.0,251.0,151.0
SSHL,6/2/2022,258.8,265.0,256.0,260.0,-1.52,7575.0,251.0,151.0
SSHL,6/3/2022,254.8,259.8,254.8,256.0,-1.54,11592.0,251.0,151.0
SSHL,6/6/2022,250.9,260.0,250.9,254.0,-0.78,4656.0,251.0,151.0
SSHL,6/7/2022,249.1,252.1,242.1,248.0,-2.36,12122.0,251.0,151.0
SSHL,6/8/2022,243.1,263.9,236.0,256.0,3.23,18216.0,251.0,151.0
SSHL,6/9/2022,260.0,275.0,251.0,258.0,0.78,11008.0,251.0,151.0
SSHL,6/10/2022,252.9,257.0,248.0,250.2,-3.02,5691.0,251.0,151.0
SSHL,6/13/2022,252.0,252.0,245.2,247.5,-1.08,4210.0,251.0,151.0
SSHL,6/14/2022,243.0,243.1,238.2,242.8,-1.9,5009.0,251.0,151.0
SSHL,6/15/2022,238.0,241.0,233.1,240.0,-1.15,12416.0,251.0,151.0
SSHL,6/16/2022,235.2,246.0,230.5,239.0,-0.42,7184.0,251.0,151.0
SSHL,6/17/2022,234.3,247.7,231.3,241.0,0.84,1649.0,251.0,151.0
SSHL,6/19/2022,236.2,236.2,226.9,230.0,-4.56,11212.0,251.0,151.0
SSHL,6/20/2022,225.4,225.4,215.7,223.0,-3.04,17548.0,251.0,151.0
SSHL,6/21/2022,218.6,241.6,214.3,241.6,8.34,18865.0,251.0,151.0
SSHL,6/22/2022,246.4,251.0,220.0,251.0,3.89,15763.0,251.0,151.0
SSHL,6/23/2022,246.0,246.0,225.9,227.0,-9.56,13019.0,251.0,151.0
SSHL,6/24/2022,222.5,234.0,211.7,226.4,-0.26,25034.0,251.0,151.0
SSHL,6/26/2022,230.9,242.9,222.0,239.0,5.57,22158.0,251.0,151.0
SSHL,6/27/2022,243.0,253.0,220.5,226.0,-5.44,30650.0,251.0,151.0
SSHL,6/28/2022,230.5,230.5,220.0,220.0,-2.65,3515.0,251.0,151.0
SSHL,6/29/2022,224.4,230.0,215.6,227.9,3.59,10679.0,251.0,151.0
SSHL,6/30/2022,231.9,239.2,223.1,238.4,4.61,45838.0,251.0,151.0
SSHL,7/1/2022,239.0,243.7,229.0,233.5,-2.06,22224.0,251.0,151.0
SSHL,7/3/2022,233.0,251.4,230.9,239.0,2.36,31891.0,251.0,151.0
SSHL,7/4/2022,243.7,258.0,232.0,250.0,4.6,71809.0,251.0,151.0
SSHL,7/5/2022,255.0,255.0,234.0,236.0,-5.6,31962.0,251.0,151.0
SSHL,7/6/2022,231.3,237.0,226.7,232.1,-1.65,24470.0,251.0,151.0
SSHL,7/7/2022,236.7,244.0,224.0,224.0,-3.49,25915.0,251.0,151.0
SSHL,7/8/2022,220.0,234.0,218.1,218.2,-2.59,14618.0,251.0,151.0
SSHL,7/11/2022,218.0,218.0,201.9,206.8,-5.22,16346.0,251.0,151.0
SSHL,7/12/2022,210.9,223.0,203.0,214.2,3.58,21315.0,251.0,151.0
SSHL,7/13/2022,218.0,233.3,214.0,233.0,8.78,34450.0,251.0,151.0
SSHL,7/14/2022,233.0,242.0,222.0,229.0,-1.72,31749.0,251.0,151.0
SSHL,7/15/2022,230.0,233.4,217.0,222.0,-3.06,14398.0,251.0,151.0
SSHL,7/17/2022,225.0,225.0,218.0,218.2,-1.71,8500.0,251.0,151.0
SSHL,7/18/2022,220.0,221.0,217.0,219.0,0.37,21573.0,251.0,151.0
SSHL,7/19/2022,223.0,225.0,220.0,220.0,0.46,15686.0,251.0,151.0
SSHL,7/20/2022,224.0,224.0,216.0,218.0,-0.91,9316.0,251.0,151.0
SSHL,7/21/2022,220.0,226.7,213.7,215.0,-1.38,8380.0,251.0,151.0
SSHL,7/22/2022,219.3,219.3,209.0,210.0,-2.33,28458.0,251.0,151.0
SSHL,7/24/2022,210.0,222.0,210.0,221.0,5.24,38932.0,251.0,151.0
SSHL,7/25/2022,225.0,238.0,222.0,236.9,7.19,39292.0,251.0,151.0
SSHL,7/26/2022,241.6,241.6,226.0,228.4,-3.59,36807.0,251.0,151.0
SSHL,7/27/2022,223.9,245.5,223.9,245.4,7.44,80404.0,251.0,151.0
SSHL,7/28/2022,250.3,264.0,246.0,257.0,4.73,80362.0,251.0,151.0
SSHL,7/29/2022,262.1,265.0,248.0,256.0,-0.39,31137.0,251.0,151.0
SSHL,7/31/2022,257.0,266.2,255.0,261.1,1.99,53434.0,251.0,151.0
SSHL,8/1/2022,256.1,270.0,254.1,259.9,-0.46,55102.0,251.0,151.0
SSHL,8/2/2022,265.0,265.0,254.0,260.0,0.04,37656.0,251.0,151.0
SSHL,8/3/2022,265.0,275.0,257.0,268.0,3.08,78945.0,251.0,151.0
SSHL,8/4/2022,264.0,265.9,257.0,260.0,-2.99,40413.0,251.0,151.0
SSHL,8/5/2022,255.1,258.0,248.0,252.0,-3.08,32607.0,251.0,151.0
SSHL,8/7/2022,247.0,256.7,247.0,254.7,1.07,16006.0,251.0,151.0
SSHL,8/8/2022,249.7,260.0,247.1,249.0,-2.24,21749.0,251.0,151.0
SSHL,8/9/2022,244.1,253.8,235.2,238.0,-4.42,29988.0,251.0,151.0
SSHL,8/10/2022,233.3,245.0,228.8,236.1,-0.8,31255.0,251.0,151.0
SSHL,8/11/2022,240.8,243.7,227.0,232.1,-1.69,13878.0,251.0,151.0
SSHL,8/14/2022,232.0,235.0,228.0,228.0,-1.77,13820.0,251.0,151.0
SSHL,8/15/2022,225.0,245.0,225.0,244.9,7.41,40175.0,251.0,151.0
SSHL,8/16/2022,246.0,250.9,234.0,236.9,-3.27,22997.0,251.0,151.0
SSHL,8/17/2022,237.0,247.8,233.0,238.0,0.46,22657.0,251.0,151.0
SSHL,8/18/2022,235.1,245.0,235.1,245.0,2.94,25883.0,251.0,151.0
SSHL,8/21/2022,245.0,249.9,238.1,242.0,-1.22,10847.0,251.0,151.0
SSHL,8/22/2022,237.2,245.0,235.0,238.1,-1.61,12250.0,251.0,151.0
SSHL,8/23/2022,242.0,242.8,233.0,236.0,-0.88,12412.0,251.0,151.0
SSHL,8/24/2022,238.0,242.7,234.0,237.3,0.55,7892.0,251.0,151.0
SSHL,8/25/2022,232.6,240.0,229.0,230.0,-3.08,18114.0,251.0,151.0
SSHL,8/26/2022,229.0,230.0,220.0,223.0,-3.04,29642.0,251.0,151.0
SSHL,8/28/2022,219.0,223.0,214.0,214.5,-3.81,17376.0,251.0,151.0
SSHL,8/29/2022,212.0,217.0,209.8,211.7,-1.31,17435.0,251.0,151.0
SSHL,8/30/2022,215.0,217.9,210.1,212.0,0.14,11135.0,251.0,151.0
SSHL,8/31/2022,212.0,212.0,207.3,212.0,0.0,7015.0,251.0,151.0
SSHL,9/1/2022,208.1,215.0,205.0,208.0,-1.89,25412.0,251.0,151.0
SSHL,9/2/2022,211.0,212.0,205.0,209.0,0.48,5688.0,251.0,151.0
SSHL,9/4/2022,206.1,214.0,206.1,211.9,1.39,37468.0,251.0,151.0
SSHL,9/5/2022,216.1,216.1,208.0,208.3,-1.7,7840.0,251.0,151.0
SSHL,9/6/2022,211.9,212.0,200.0,204.0,-2.06,18468.0,251.0,151.0
SSHL,9/7/2022,208.0,208.0,200.1,202.3,-0.83,4461.0,251.0,151.0
SSHL,9/8/2022,205.0,209.7,200.6,206.0,1.83,15840.0,251.0,151.0
SSHL,9/11/2022,206.0,209.0,202.1,209.0,1.46,9152.0,251.0,151.0
SSHL,9/12/2022,213.1,213.1,201.0,201.5,-3.59,7891.0,251.0,151.0
SSHL,9/13/2022,205.5,211.1,198.1,203.0,0.74,16582.0,251.0,151.0
SSHL,9/14/2022,207.0,214.2,202.9,213.9,5.37,12906.0,251.0,151.0
SSHL,9/15/2022,215.0,216.5,201.0,203.9,-4.68,21349.0,251.0,151.0
SSHL,9/16/2022,202.0,211.1,196.0,199.0,-2.4,8189.0,251.0,151.0
SSHL,9/18/2022,202.0,202.0,191.6,201.9,1.46,16851.0,251.0,151.0
SSHL,9/20/2022,198.0,198.0,187.3,190.0,-5.89,9735.0,251.0,151.0
SSHL,9/21/2022,193.8,196.0,190.0,191.0,0.53,4195.0,251.0,151.0
SSHL,9/22/2022,194.0,194.0,184.4,186.0,-2.62,6949.0,251.0,151.0
SSHL,9/25/2022,182.5,186.0,177.9,185.0,-0.54,10314.0,251.0,151.0
SSHL,9/27/2022,181.4,187.0,181.4,185.0,0.0,8212.0,251.0,151.0
SSHL,9/28/2022,183.1,186.0,182.3,185.9,0.49,1652.0,251.0,151.0
SSHL,9/29/2022,184.0,185.9,180.0,181.0,-2.64,5988.0,251.0,151.0
SSHL,10/9/2022,180.0,190.9,180.0,190.9,5.47,3943.0,251.0,151.0
SSHL,10/10/2022,188.3,193.0,184.0,184.3,-3.46,7572.0,251.0,151.0
SSHL,10/11/2022,181.2,183.9,180.0,183.9,-0.22,4675.0,251.0,151.0
SSHL,10/12/2022,182.0,185.0,177.0,181.7,-1.2,11780.0,251.0,151.0
SSHL,10/13/2022,178.2,185.0,178.2,181.0,-0.39,4502.0,251.0,151.0
SSHL,10/16/2022,178.0,181.5,174.5,174.5,-3.59,4876.0,251.0,151.0
SSHL,10/17/2022,174.0,176.0,171.1,173.2,-0.74,5030.0,251.0,151.0
SSHL,10/19/2022,176.6,176.6,162.2,170.0,-1.85,12294.0,251.0,151.0
SSHL,10/20/2022,170.0,170.0,163.3,166.6,-2.0,7386.0,251.0,151.0
SSHL,10/23/2022,169.9,170.0,166.6,168.8,1.32,3280.0,251.0,151.0
SSHL,10/31/2022,170.0,170.0,165.0,168.3,-0.3,871.0,251.0,151.0
SSHL,11/1/2022,165.0,181.4,161.7,180.0,6.95,14189.0,251.0,151.0
SSHL,11/2/2022,182.0,186.8,177.0,183.1,1.72,14746.0,251.0,151.0
SSHL,11/3/2022,180.0,183.9,178.0,179.0,-2.24,9404.0,251.0,151.0
SSHL,11/6/2022,179.0,196.8,176.0,190.0,6.15,12255.0,251.0,151.0
SSHL,11/7/2022,190.1,200.0,188.0,190.0,0.0,26680.0,251.0,151.0
SSHL,11/8/2022,192.0,192.0,185.8,185.8,-2.21,6218.0,251.0,151.0
SSHL,11/9/2022,183.0,183.0,175.0,176.0,-5.27,16053.0,251.0,151.0
SSHL,11/10/2022,176.0,178.9,170.0,171.0,-2.84,9722.0,251.0,151.0
SSHL,11/13/2022,174.0,175.0,170.0,170.0,-0.58,7172.0,251.0,151.0
SSHL,11/14/2022,167.1,176.8,167.0,176.8,4.0,6035.0,251.0,151.0
SSHL,11/15/2022,178.0,179.0,172.0,175.0,-1.02,7431.0,251.0,151.0
SSHL,11/16/2022,177.0,179.9,172.1,175.0,0.0,8145.0,251.0,151.0
SSHL,11/17/2022,178.5,182.0,178.4,181.5,3.71,14244.0,251.0,151.0
SSHL,11/22/2022,185.1,190.0,181.3,183.0,0.83,18093.0,251.0,151.0
SSHL,11/23/2022,180.3,183.0,180.2,183.0,0.0,3598.0,251.0,151.0
SSHL,11/24/2022,183.0,186.0,180.0,185.0,1.09,5515.0,251.0,151.0
SSHL,11/27/2022,188.7,190.0,185.0,190.0,2.7,16291.0,251.0,151.0
SSHL,11/28/2022,193.8,196.4,184.4,186.5,-1.84,3600.0,251.0,151.0
SSHL,11/29/2022,183.0,189.7,182.8,189.7,1.72,6590.0,251.0,151.0
SSHL,11/30/2022,186.0,188.7,183.0,186.0,-1.95,4500.0,251.0,151.0
SSHL,12/1/2022,189.4,189.4,180.0,182.1,-2.1,17826.0,251.0,151.0
SSHL,12/4/2022,185.7,195.0,182.0,182.1,0.0,31989.0,251.0,151.0
SSHL,12/5/2022,182.1,185.0,177.1,177.1,-2.75,25962.0,251.0,151.0
SSHL,12/6/2022,176.0,180.5,176.0,179.5,1.36,5826.0,251.0,151.0
SSHL,12/7/2022,177.0,179.7,176.2,178.0,-0.84,6339.0,251.0,151.0
SSHL,12/11/2022,175.0,175.0,167.0,168.0,-5.62,47525.0,251.0,151.0
SSHL,12/12/2022,164.7,174.0,164.7,174.0,3.57,35992.0,251.0,151.0
SSHL,12/13/2022,175.0,175.0,168.6,172.0,-1.15,14286.0,251.0,151.0
SSHL,12/14/2022,169.1,172.0,169.0,171.0,-0.58,15273.0,251.0,151.0
SSHL,12/15/2022,168.0,168.4,166.0,166.0,-2.92,18147.0,251.0,151.0
SSHL,12/18/2022,167.0,167.0,156.8,159.9,-3.67,43814.0,251.0,151.0
SSHL,12/19/2022,162.0,163.0,155.1,156.0,-2.44,31991.0,251.0,151.0
SSHL,12/20/2022,159.1,163.0,159.0,162.0,3.85,24716.0,251.0,151.0
SSHL,12/21/2022,165.0,165.0,159.0,161.5,-0.31,11724.0,251.0,151.0
SSHL,12/22/2022,164.7,164.7,159.0,162.0,0.31,11794.0,251.0,151.0
SSHL,12/26/2022,165.0,178.0,163.0,178.0,9.88,69692.0,251.0,151.0
SSHL,12/27/2022,181.5,193.8,181.0,186.0,4.49,104093.0,251.0,151.0
SSHL,12/28/2022,188.0,193.4,180.1,184.3,-0.91,63091.0,251.0,151.0
SSHL,12/29/2022,181.1,193.5,181.1,193.0,4.72,92388.0,251.0,151.0
SSHL,1/1/2023,196.8,206.0,191.1,199.0,3.11,117260.0,251.0,151.0
SSHL,1/2/2023,195.1,205.0,191.0,202.0,1.51,115727.0,251.0,151.0
SSHL,1/3/2023,201.0,211.0,198.0,203.1,0.54,119633.0,251.0,151.0
SSHL,1/4/2023,204.0,217.0,201.0,216.9,6.79,84016.0,251.0,151.0
SSHL,1/5/2023,212.6,225.0,212.6,224.0,3.27,118886.0,251.0,151.0
SSHL,1/8/2023,219.6,229.0,218.0,221.0,-1.34,112901.0,251.0,151.0
SSHL,1/9/2023,225.0,239.0,220.0,239.0,8.14,144679.0,251.0,151.0
SSHL,1/10/2023,243.0,262.9,235.2,241.0,0.84,214484.0,251.0,151.0
SSHL,1/12/2023,245.0,254.8,228.7,229.0,-4.98,116556.0,251.0,151.0
SSHL,1/17/2023,233.0,249.0,224.0,249.0,8.73,156058.0,251.0,151.0
SSHL,1/18/2023,252.0,273.0,244.1,252.0,1.2,240598.0,251.0,151.0
SSHL,1/19/2023,257.0,260.1,249.9,253.5,0.6,109089.0,251.0,151.0
SSHL,1/23/2023,258.5,266.0,250.9,255.0,0.59,225201.0,251.0,151.0
SSHL,1/24/2023,255.0,278.0,253.0,278.0,9.02,389627.0,251.0,151.0
SSHL,1/25/2023,282.9,290.0,264.0,270.0,-2.88,158816.0,251.0,151.0
SSHL,1/26/2023,275.2,279.0,267.6,269.0,-0.37,140976.0,251.0,151.0
SSHL,1/29/2023,264.0,270.0,260.7,262.0,-2.6,142089.0,251.0,151.0
SSHL,1/30/2023,266.0,266.0,247.0,249.0,-4.96,167421.0,251.0,151.0
SSHL,1/31/2023,247.0,260.3,245.0,250.1,0.44,105229.0,251.0,151.0
SSHL,2/1/2023,250.0,259.0,249.0,255.1,2.0,69319.0,251.0,151.0
SSHL,2/2/2023,257.0,258.0,242.1,248.0,-2.78,91090.0,251.0,151.0
SSHL,2/5/2023,252.0,252.3,241.0,242.5,-2.22,63573.0,251.0,151.0
SSHL,2/6/2023,245.0,250.0,241.0,245.0,1.03,51085.0,251.0,151.0
SSHL,2/7/2023,249.9,265.0,245.1,265.0,8.16,173786.0,251.0,151.0
SSHL,2/8/2023,270.0,272.8,258.0,259.5,-2.08,139317.0,251.0,151.0
SSHL,2/9/2023,260.0,264.0,256.0,260.0,0.19,103733.0,251.0,151.0
SSHL,2/12/2023,255.0,257.0,245.0,248.0,-4.62,104375.0,251.0,151.0
SSHL,2/14/2023,245.0,249.8,242.1,244.0,-1.61,58153.0,251.0,151.0
SSHL,2/15/2023,248.0,250.0,240.0,240.5,-1.43,94520.0,251.0,151.0
SSHL,2/16/2023,244.0,245.0,234.0,236.0,-1.87,94293.0,251.0,151.0
SSHL,2/20/2023,233.0,238.8,227.0,230.0,-2.54,102291.0,251.0,151.0
SSHL,2/22/2023,234.6,246.0,231.3,244.9,6.48,137833.0,251.0,151.0
SSHL,2/23/2023,240.1,241.0,231.8,235.0,-4.04,69342.0,251.0,151.0
SSHL,2/26/2023,230.4,233.9,220.9,233.9,-0.47,138797.0,251.0,151.0
SSHL,2/27/2023,234.0,240.0,223.6,234.0,0.04,109934.0,251.0,151.0
SSHL,2/28/2023,235.0,240.7,227.0,234.8,0.34,86195.0,251.0,151.0
SSHL,3/1/2023,231.1,232.9,225.0,229.0,-2.47,62438.0,251.0,151.0
SSHL,3/2/2023,225.0,225.1,219.4,221.0,-3.49,110037.0,251.0,151.0
SSHL,3/5/2023,221.0,225.0,215.0,216.0,-2.26,75363.0,251.0,151.0
SSHL,3/7/2023,216.0,228.0,216.0,223.0,3.24,94624.0,251.0,151.0
SSHL,3/9/2023,226.9,242.0,224.5,242.0,8.52,146448.0,251.0,151.0
SSHL,3/12/2023,245.9,245.9,232.0,233.0,-3.72,110872.0,251.0,151.0
SSHL,3/13/2023,228.6,232.0,224.5,225.0,-3.43,80830.0,251.0,151.0
SSHL,3/14/2023,229.5,234.0,224.5,229.0,1.78,96924.0,251.0,151.0
SSHL,3/15/2023,232.9,233.5,226.0,229.0,0.0,50351.0,251.0,151.0
SSHL,3/16/2023,227.0,237.0,226.2,231.1,0.92,87613.0,251.0,151.0
SSHL,3/19/2023,231.0,239.0,230.1,231.0,-0.04,74509.0,251.0,151.0
SSHL,3/20/2023,228.1,236.8,228.1,235.9,2.12,55171.0,251.0,151.0
SSHL,3/22/2023,240.0,241.0,231.1,231.1,-2.03,59403.0,251.0,151.0
SSHL,3/23/2023,229.0,233.0,227.4,227.5,-1.56,49106.0,251.0,151.0
SSHL,3/26/2023,231.0,231.0,223.0,223.1,-1.93,60544.0,251.0,151.0
SSHL,3/27/2023,221.0,233.0,221.0,232.4,4.17,171726.0,251.0,151.0
SSHL,3/28/2023,235.0,238.4,231.0,233.0,0.26,67326.0,251.0,151.0
SSHL,3/29/2023,237.6,237.6,229.5,233.0,0.0,28581.0,251.0,151.0
SSHL,3/30/2023,232.0,236.0,227.4,230.0,-1.29,70796.0,251.0,151.0
SSHL,4/2/2023,234.0,237.0,224.5,226.5,-1.52,49630.0,251.0,151.0
SSHL,4/3/2023,230.0,230.0,222.2,225.4,-0.49,25537.0,251.0,151.0
SSHL,4/4/2023,226.0,228.9,223.0,223.8,-0.71,42687.0,251.0,151.0
SSHL,4/5/2023,224.0,227.0,223.0,225.2,0.63,33170.0,251.0,151.0
SSHL,4/6/2023,228.0,230.8,221.1,221.3,-1.73,55251.0,251.0,151.0
SSHL,4/9/2023,222.0,222.0,215.3,217.0,-1.94,91074.0,251.0,151.0
SSHL,4/10/2023,221.3,221.5,215.0,217.8,0.37,54126.0,251.0,151.0
SSHL,4/11/2023,221.0,221.5,214.9,218.0,0.09,97937.0,251.0,151.0
SSHL,4/12/2023,221.5,232.6,221.5,232.6,6.7,127713.0,251.0,151.0
SSHL,4/13/2023,236.8,237.0,225.2,228.0,-1.98,161804.0,251.0,151.0
SSHL,4/16/2023,227.0,230.0,224.0,226.5,-0.66,35501.0,251.0,151.0
SSHL,4/17/2023,224.3,226.0,220.0,220.0,-2.87,28184.0,251.0,151.0
SSHL,4/18/2023,223.9,223.9,218.5,220.0,0.0,25655.0,251.0,151.0
SSHL,4/19/2023,224.0,226.0,221.0,222.9,1.32,30202.0,251.0,151.0
SSHL,4/20/2023,222.1,225.0,219.0,219.0,-1.75,48038.0,251.0,151.0
SSHL,4/23/2023,217.3,219.7,214.5,216.0,-1.37,55058.0,251.0,151.0
SSHL,4/24/2023,216.0,220.0,215.0,218.0,0.93,21819.0,251.0,151.0
SSHL,4/25/2023,220.8,222.9,215.2,220.0,0.92,25598.0,251.0,151.0
SSHL,4/26/2023,224.4,224.4,216.9,217.0,-1.36,19144.0,251.0,151.0
SSHL,4/27/2023,215.6,219.8,214.8,217.3,0.14,36452.0,251.0,151.0
SSHL,4/30/2023,221.0,221.2,213.0,213.0,-1.98,63665.0,251.0,151.0
SSHL,5/2/2023,217.2,219.9,211.1,211.5,-0.7,29261.0,251.0,151.0
SSHL,5/3/2023,209.1,214.0,207.2,209.0,-1.18,11427.0,251.0,151.0
SSHL,5/4/2023,209.0,213.0,205.5,210.9,0.91,20361.0,251.0,151.0
SSHL,5/7/2023,209.0,209.0,202.0,204.0,-3.27,21177.0,251.0,151.0
SSHL,5/8/2023,205.0,205.0,190.6,191.0,-6.37,78808.0,251.0,151.0
SSHL,5/9/2023,191.0,202.8,188.0,197.1,3.19,56378.0,251.0,151.0
SSHL,5/10/2023,199.0,199.9,193.0,194.0,-1.57,17808.0,251.0,151.0
SSHL,5/11/2023,197.8,197.8,191.2,193.0,-0.52,31084.0,251.0,151.0
SSHL,5/14/2023,196.7,196.7,186.2,186.6,-3.32,49639.0,251.0,151.0
SSHL,5/15/2023,184.0,194.0,183.1,184.8,-0.96,36254.0,251.0,151.0
SSHL,5/16/2023,188.4,190.0,185.0,187.0,1.19,23973.0,251.0,151.0
SSHL,5/17/2023,187.1,194.2,187.0,194.2,3.85,36289.0,251.0,151.0
SSHL,5/18/2023,195.0,212.9,195.0,210.0,8.14,122322.0,251.0,151.0
SSHL,5/21/2023,210.0,215.0,205.9,208.3,-0.81,100445.0,251.0,151.0
SSHL,5/22/2023,210.0,211.0,202.0,208.0,-0.14,70806.0,251.0,151.0
SSHL,5/23/2023,209.0,216.5,209.0,214.2,2.98,73147.0,251.0,151.0
SSHL,5/24/2023,217.0,217.9,211.0,216.0,0.84,64163.0,251.0,151.0
SSHL,5/28/2023,217.0,221.0,209.8,211.9,-1.9,92060.0,251.0,151.0
SSHL,5/30/2023,212.0,214.9,202.0,202.1,-4.62,119380.0,251.0,151.0
SSHL,5/31/2023,200.0,205.0,191.0,192.0,-5.0,191599.0,251.0,151.0
SSHL,6/1/2023,195.8,203.8,192.0,199.8,4.06,82586.0,251.0,151.0
SSHL,6/4/2023,197.0,211.1,197.0,207.2,3.7,122685.0,251.0,151.0
SSHL,6/5/2023,210.0,211.0,203.3,204.0,-1.54,62689.0,251.0,151.0
SSHL,6/6/2023,205.0,209.7,203.0,207.0,1.47,101524.0,251.0,151.0
SSHL,6/7/2023,210.0,213.9,204.0,205.9,-0.53,138458.0,251.0,151.0
SSHL,6/8/2023,206.9,208.0,203.7,203.7,-1.07,47983.0,251.0,151.0
SSHL,6/11/2023,206.0,211.0,204.9,208.0,2.11,286884.0,251.0,151.0
SSHL,6/12/2023,211.9,217.3,205.7,212.0,1.92,449749.0,251.0,151.0
SSHL,6/13/2023,212.0,219.9,203.9,218.0,2.83,342363.0,251.0,151.0
SSHL,6/14/2023,222.3,222.3,212.3,213.1,-2.25,246821.0,251.0,151.0
SSHL,6/15/2023,210.0,217.0,210.0,212.9,-0.09,132394.0,251.0,151.0
SSHL,6/18/2023,216.3,216.3,209.0,213.0,0.05,267884.0,251.0,151.0
SSHL,6/19/2023,211.0,214.0,206.0,207.9,-2.39,230430.0,251.0,151.0
SSHL,6/20/2023,207.0,215.0,201.0,205.0,-1.39,564474.0,251.0,151.0
SSHL,6/21/2023,205.0,208.0,201.0,203.0,-0.98,167206.0,251.0,151.0
SSHL,6/22/2023,206.0,206.0,199.0,200.0,-1.48,137346.0,251.0,151.0
SSHL,6/25/2023,199.0,207.0,198.0,201.9,0.95,312761.0,251.0,151.0
SSHL,6/26/2023,205.9,212.0,198.9,198.9,-1.49,187561.0,251.0,151.0
SSHL,6/27/2023,202.8,205.0,198.0,200.0,0.55,160827.0,251.0,151.0
SSHL,6/28/2023,202.9,204.0,196.1,197.0,-1.5,135717.0,251.0,151.0
SSHL,7/2/2023,200.8,200.9,190.0,191.0,-3.05,167610.0,251.0,151.0
SSHL,7/3/2023,194.0,194.0,183.0,184.0,-3.66,135672.0,251.0,151.0
SSHL,7/4/2023,186.9,188.2,184.2,187.0,1.63,68247.0,251.0,151.0
SSHL,7/5/2023,186.0,189.5,181.5,182.6,-2.35,59629.0,251.0,151.0
SSHL,7/6/2023,185.0,185.0,179.0,180.0,-1.42,90749.0,251.0,151.0
SSHL,7/9/2023,182.0,184.6,178.0,179.0,-0.56,55165.0,251.0,151.0
SSHL,7/10/2023,182.0,184.6,174.3,174.6,-2.46,84687.0,251.0,151.0
SSHL,7/11/2023,175.0,178.0,169.0,170.0,-2.63,118575.0,251.0,151.0
SSHL,7/12/2023,166.6,187.0,163.3,187.0,10.0,183569.0,251.0,151.0
SSHL,7/13/2023,190.7,196.6,181.6,183.5,-1.87,137225.0,251.0,151.0
SSHL,7/16/2023,187.0,189.0,180.5,182.6,-0.49,71274.0,251.0,151.0
SSHL,7/17/2023,184.0,187.6,179.0,186.0,1.86,56574.0,251.0,151.0
SSHL,7/18/2023,188.0,189.6,183.0,183.4,-1.4,35530.0,251.0,151.0
SSHL,7/19/2023,181.4,186.0,180.0,182.0,-0.76,47665.0,251.0,151.0
SSHL,7/20/2023,184.0,189.9,182.2,186.0,2.2,70881.0,251.0,151.0
SSHL,7/23/2023,185.1,190.1,185.1,188.9,1.56,60448.0,251.0,151.0
SSHL,7/24/2023,188.4,195.0,185.2,186.4,-1.32,81223.0,251.0,151.0
SSHL,7/25/2023,186.1,190.0,185.7,189.0,1.39,56762.0,251.0,151.0
SSHL,7/26/2023,186.1,191.0,184.0,184.0,-2.65,34543.0,251.0,151.0
SSHL,7/27/2023,184.0,188.9,180.0,182.0,-1.09,39614.0,251.0,151.0
SSHL,7/30/2023,184.0,185.0,177.0,178.5,-1.92,34032.0,251.0,151.0
SSHL,7/31/2023,180.9,183.0,177.0,177.2,-0.73,31573.0,251.0,151.0
SSHL,8/1/2023,179.0,182.4,173.0,174.0,-1.81,38048.0,251.0,151.0
SSHL,8/2/2023,177.4,177.4,169.0,175.0,0.57,62747.0,251.0,151.0
SSHL,8/3/2023,177.0,177.0,171.5,173.0,-1.14,25498.0,251.0,151.0
SSHL,8/6/2023,174.0,174.0,167.1,168.0,-2.89,60079.0,251.0,151.0
SSHL,8/7/2023,167.0,173.0,165.0,167.0,-0.6,57935.0,251.0,151.0
SSHL,8/8/2023,164.0,169.8,163.0,163.9,-1.86,56279.0,251.0,151.0
SSHL,8/9/2023,163.9,167.1,161.7,166.3,1.46,48866.0,251.0,151.0
SSHL,8/10/2023,164.1,173.0,164.0,169.0,1.62,46157.0,251.0,151.0
SSHL,8/13/2023,167.2,171.3,166.1,166.1,-1.72,30763.0,251.0,151.0
SSHL,8/14/2023,166.0,169.3,163.6,163.9,-1.32,38311.0,251.0,151.0
SSHL,8/15/2023,165.0,167.0,160.3,161.0,-1.77,43320.0,251.0,151.0
SSHL,8/16/2023,158.1,161.1,157.0,158.0,-1.86,47064.0,251.0,151.0
SSHL,8/17/2023,159.0,162.1,157.0,157.0,-0.63,40702.0,251.0,151.0
SSHL,8/20/2023,158.0,160.0,155.1,155.7,-0.83,36540.0,251.0,151.0
SSHL,8/21/2023,153.39,159.8,153.39,154.9,-0.51,36839.0,251.0,151.0
SSHL,8/22/2023,153.3,157.0,150.2,155.1,0.13,49320.0,251.0,151.0
SSHL,8/23/2023,157.0,163.0,156.0,161.1,3.87,52064.0,251.0,151.0
SSHL,8/24/2023,158.0,164.9,152.9,154.0,-4.41,33116.0,251.0,151.0
SSHL,8/27/2023,153.0,154.6,150.0,151.3,-1.75,55062.0,251.0,151.0
SSHL,8/28/2023,152.0,154.0,150.0,151.0,-0.2,19559.0,251.0,151.0
SSHL,8/29/2023,148.5,153.0,148.5,150.8,-0.13,16038.0,251.0,151.0
SSHL,8/30/2023,153.0,156.0,148.0,150.3,-0.33,19542.0,251.0,151.0
SSHL,9/3/2023,151.0,151.0,143.1,143.6,-4.46,51964.0,251.0,151.0
SSHL,9/4/2023,145.0,147.9,142.2,144.9,0.91,18790.0,251.0,151.0
SSHL,9/5/2023,146.0,146.0,140.0,141.9,-2.07,23183.0,251.0,151.0
SSHL,9/7/2023,141.9,142.1,139.0,140.0,-1.34,33670.0,251.0,151.0
SSHL,9/10/2023,141.2,141.9,137.4,139.2,-0.57,39479.0,251.0,151.0
SSHL,9/11/2023,140.0,142.7,139.0,142.6,2.44,31385.0,251.0,151.0
SSHL,9/12/2023,144.0,144.0,137.4,139.0,-2.52,28940.0,251.0,151.0
SSHL,9/13/2023,141.7,144.7,139.0,144.6,4.03,37843.0,251.0,151.0
SSHL,9/17/2023,147.0,147.0,138.1,139.0,-3.87,25409.0,251.0,151.0
SSHL,9/18/2023,140.0,143.8,138.2,140.0,0.72,11880.0,251.0,151.0
SSHL,9/19/2023,140.0,149.0,139.0,148.8,6.29,49060.0,251.0,151.0
SSHL,9/21/2023,151.7,163.6,151.7,161.5,8.53,177501.0,251.0,151.0
SSHL,9/24/2023,161.0,170.0,155.0,157.0,-2.79,159551.0,251.0,151.0
SSHL,9/25/2023,159.0,163.0,155.0,158.0,0.64,47770.0,251.0,151.0
SSHL,9/26/2023,160.0,168.0,160.0,167.0,5.7,106023.0,251.0,151.0
SSHL,9/27/2023,168.0,170.0,157.8,162.8,-2.51,86487.0,251.0,151.0
SSHL,10/1/2023,166.0,166.0,153.9,154.0,-5.41,61718.0,251.0,151.0
SSHL,10/2/2023,156.0,158.9,151.0,156.6,1.69,74739.0,251.0,151.0
SSHL,10/3/2023,158.0,158.0,152.0,154.0,-1.66,45227.0,251.0,151.0
SSHL,10/4/2023,154.0,157.5,154.0,156.7,1.75,21568.0,251.0,151.0
SSHL,10/5/2023,157.2,157.2,151.1,153.0,-2.36,33143.0,251.0,151.0
SSHL,10/8/2023,153.1,157.0,147.9,150.0,-1.96,49327.0,251.0,151.0
SSHL,10/9/2023,148.0,154.0,147.0,150.0,0.0,22140.0,251.0,151.0
SSHL,10/10/2023,151.5,152.0,145.4,145.8,-2.8,17432.0,251.0,151.0
SSHL,10/11/2023,148.7,150.0,144.6,146.0,0.14,20625.0,251.0,151.0
SSHL,10/12/2023,147.9,150.0,141.0,142.0,-2.74,72711.0,251.0,151.0
SSHL,10/16/2023,141.1,145.6,138.9,140.0,-1.41,37010.0,251.0,151.0
SSHL,10/17/2023,141.0,145.9,137.5,140.0,0.0,41426.0,251.0,151.0
SSHL,10/18/2023,141.0,144.7,141.0,144.0,2.86,15570.0,251.0,151.0
SSHL,10/19/2023,142.0,146.7,138.4,143.0,-0.69,32496.0,251.0,151.0
SSHL,10/29/2023,144.0,144.0,139.0,139.5,-2.45,14652.0,251.0,151.0
SSHL,10/30/2023,140.0,142.2,138.1,142.2,1.94,35230.0,251.0,151.0
SSHL,10/31/2023,140.1,142.0,140.0,140.9,-0.91,12319.0,251.0,151.0
SSHL,11/1/2023,140.9,142.9,139.0,139.0,-1.35,10670.0,251.0,151.0
SSHL,11/2/2023,139.0,140.7,137.4,137.4,-1.15,16364.0,251.0,151.0
SSHL,11/5/2023,139.0,139.0,135.6,136.1,-0.95,14653.0,251.0,151.0
SSHL,11/6/2023,137.8,140.4,137.3,139.2,2.28,14085.0,251.0,151.0
SSHL,11/7/2023,140.9,141.9,138.0,138.0,-0.86,17902.0,251.0,151.0
SSHL,11/8/2023,138.1,140.7,136.2,140.4,1.74,10410.0,251.0,151.0
SSHL,11/9/2023,140.0,140.0,138.0,139.0,-1.0,7863.0,251.0,151.0
SSHL,11/20/2023,141.7,141.8,137.0,138.9,-0.07,25805.0,251.0,151.0
SSHL,11/21/2023,141.4,141.4,133.0,136.0,-2.09,17981.0,251.0,151.0
SSHL,11/22/2023,134.1,138.5,134.1,137.0,0.74,7718.0,251.0,151.0
SSHL,11/23/2023,136.1,143.0,134.0,136.5,-0.36,26056.0,251.0,151.0
SSHL,11/26/2023,138.0,147.9,138.0,144.8,6.08,37121.0,251.0,151.0
SSHL,11/27/2023,144.5,147.6,142.1,143.9,-0.62,41152.0,251.0,151.0
SSHL,11/28/2023,145.0,145.0,137.1,141.8,-1.46,27335.0,251.0,151.0
SSHL,11/29/2023,144.6,144.6,138.1,139.8,-1.41,14653.0,251.0,151.0
SSHL,11/30/2023,141.0,142.5,136.0,137.0,-2.0,13569.0,251.0,151.0
SSHL,12/3/2023,136.0,139.7,136.0,137.5,0.36,10492.0,251.0,151.0
SSHL,12/4/2023,139.0,141.0,135.7,138.0,0.36,13660.0,251.0,151.0
SSHL,12/5/2023,139.0,139.0,136.0,137.7,-0.22,14199.0,251.0,151.0
SSHL,12/6/2023,137.5,137.9,135.3,136.8,-0.65,5944.0,251.0,151.0
SSHL,12/7/2023,139.5,139.8,135.9,137.6,0.58,26386.0,251.0,151.0
SSHL,12/10/2023,139.0,150.8,139.0,150.5,9.38,9312.0,251.0,151.0
SSHL,12/11/2023,153.5,158.0,144.1,146.0,-2.99,80697.0,251.0,151.0
SSHL,12/12/2023,146.0,150.9,145.0,150.0,2.74,62099.0,251.0,151.0
SSHL,12/13/2023,153.0,160.0,150.0,152.9,1.93,94710.0,251.0,151.0
SSHL,12/14/2023,153.0,155.9,150.0,154.0,0.72,56090.0,251.0,151.0
SSHL,12/17/2023,151.0,169.4,148.0,169.4,10.0,207022.0,251.0,151.0
SSHL,12/18/2023,172.7,182.0,167.7,172.0,1.53,253490.0,251.0,151.0
SSHL,12/19/2023,173.0,179.5,166.7,177.0,2.91,143827.0,251.0,151.0
SSHL,12/20/2023,180.5,182.0,171.0,175.0,-1.13,147693.0,251.0,151.0
SSHL,12/21/2023,176.0,181.0,170.6,170.6,-2.51,128725.0,251.0,151.0
SSHL,12/24/2023,173.9,178.1,163.0,164.0,-3.87,152558.0,251.0,151.0
SSHL,12/27/2023,167.2,173.8,159.0,164.0,0.0,106648.0,251.0,151.0
SSHL,12/28/2023,166.0,166.9,160.1,162.0,-1.22,77698.0,251.0,151.0
SSHL,1/1/2024,165.0,167.9,159.0,159.0,-1.85,63834.0,251.0,151.0
SSHL,1/2/2024,160.0,162.0,152.5,155.0,-2.52,78690.0,251.0,151.0
SSHL,1/3/2024,157.0,162.0,153.4,162.0,4.52,104126.0,251.0,151.0
SSHL,1/4/2024,165.2,168.3,162.7,162.8,0.49,113501.0,251.0,151.0
SSHL,1/7/2024,166.0,168.5,161.7,163.9,0.68,114184.0,251.0,151.0
SSHL,1/8/2024,164.0,167.0,162.0,166.0,1.28,70190.0,251.0,151.0
SSHL,1/9/2024,168.8,176.0,166.1,168.0,1.2,208929.0,251.0,151.0
SSHL,1/10/2024,165.0,172.0,164.0,166.0,-1.19,76148.0,251.0,151.0
SSHL,1/11/2024,169.3,169.3,163.5,167.0,0.6,36021.0,251.0,151.0
SSHL,1/14/2024,170.3,180.0,169.0,175.0,4.79,127677.0,251.0,151.0
SSHL,1/16/2024,178.5,190.0,175.4,187.1,6.91,270641.0,251.0,151.0
SSHL,1/17/2024,190.8,194.6,177.1,178.7,-4.49,268480.0,251.0,151.0
SSHL,1/18/2024,175.3,187.6,174.0,177.8,-0.5,164467.0,251.0,151.0
SSHL,1/21/2024,181.3,194.0,181.3,191.0,7.42,524789.0,251.0,151.0
SSHL,1/22/2024,194.8,200.8,185.0,185.0,-3.14,243195.0,251.0,151.0
SSHL,1/23/2024,187.0,190.6,182.3,186.8,0.97,108435.0,251.0,151.0
SSHL,1/24/2024,190.0,190.5,180.0,181.0,-3.1,96634.0,251.0,151.0
SSHL,1/25/2024,183.9,184.6,177.0,181.0,0.0,95643.0,251.0,151.0
SSHL,1/28/2024,184.0,185.0,175.5,183.0,1.1,97548.0,251.0,151.0
SSHL,1/29/2024,186.5,186.8,181.0,182.0,-0.55,88466.0,251.0,151.0
SSHL,1/30/2024,185.6,192.5,184.0,191.8,5.38,209798.0,251.0,151.0
SSHL,1/31/2024,195.6,195.6,182.5,184.5,-3.81,139112.0,251.0,151.0
SSHL,2/1/2024,183.8,185.0,177.7,178.0,-3.52,129075.0,251.0,151.0
SSHL,2/4/2024,177.1,183.1,176.0,177.8,-0.11,73297.0,251.0,151.0
SSHL,2/5/2024,180.0,182.0,176.0,176.2,-0.9,57383.0,251.0,151.0
SSHL,2/6/2024,178.0,181.1,178.0,180.0,2.16,55845.0,251.0,151.0
SSHL,2/7/2024,183.0,183.0,178.4,180.0,0.0,55150.0,251.0,151.0
SSHL,2/8/2024,181.9,182.0,178.5,179.9,-0.06,69893.0,251.0,151.0
SSHL,2/11/2024,182.0,184.9,179.0,180.0,0.06,69051.0,251.0,151.0
SSHL,2/12/2024,180.0,187.2,179.0,186.8,3.78,111368.0,251.0,151.0
SSHL,2/13/2024,190.5,190.5,180.0,181.9,-2.62,101948.0,251.0,151.0
SSHL,2/14/2024,179.0,183.0,178.0,178.5,-1.87,78965.0,251.0,151.0
SSHL,2/15/2024,179.0,183.6,177.7,178.1,-0.22,74663.0,251.0,151.0
SSHL,2/18/2024,176.2,180.5,176.0,176.0,-1.18,68505.0,251.0,151.0
SSHL,2/20/2024,177.9,178.5,175.0,176.0,0.0,43875.0,251.0,151.0
SSHL,2/21/2024,178.0,179.0,172.7,174.0,-1.14,33250.0,251.0,151.0
SSHL,2/22/2024,176.0,176.0,167.1,169.9,-2.36,66978.0,251.0,151.0
SSHL,2/25/2024,169.0,171.0,160.8,160.8,-5.36,48649.0,251.0,151.0
SSHL,2/26/2024,160.0,167.9,160.0,164.2,2.11,54819.0,251.0,151.0
SSHL,2/27/2024,166.0,169.1,162.0,167.9,2.25,40095.0,251.0,151.0
SSHL,2/28/2024,170.8,170.8,165.0,166.2,-1.01,22030.0,251.0,151.0
SSHL,2/29/2024,169.0,169.5,159.0,160.0,-3.73,60824.0,251.0,151.0
SSHL,3/3/2024,160.0,163.2,158.0,160.0,0.0,29654.0,251.0,151.0
SSHL,3/4/2024,163.2,176.0,163.2,176.0,10.0,1070.0,251.0,151.0
SSHL,3/5/2024,179.5,179.5,168.8,169.8,-3.52,93605.0,251.0,151.0
SSHL,3/6/2024,170.0,174.4,165.0,170.0,0.12,49450.0,251.0,151.0
SSHL,3/7/2024,172.0,175.4,169.0,171.0,0.59,46174.0,251.0,151.0
SSHL,3/10/2024,173.0,174.4,171.0,171.6,0.35,27567.0,251.0,151.0
SSHL,3/12/2024,171.0,176.0,171.0,174.5,1.69,36290.0,251.0,151.0
SSHL,3/13/2024,177.9,177.9,171.0,173.0,-0.86,55830.0,251.0,151.0
SSHL,3/14/2024,175.0,176.4,170.0,170.0,-1.73,69333.0,251.0,151.0
SSHL,3/17/2024,169.0,172.0,168.0,168.1,-1.12,23314.0,251.0,151.0
SSHL,3/18/2024,168.1,171.3,168.1,168.2,0.06,19311.0,251.0,151.0
SSHL,3/19/2024,171.5,173.3,166.0,167.8,-0.24,31882.0,251.0,151.0
SSHL,3/20/2024,171.1,171.1,165.2,167.0,-0.48,21214.0,251.0,151.0
SSHL,3/21/2024,170.0,170.0,164.0,164.5,-1.5,24641.0,251.0,151.0
SSHL,3/25/2024,164.5,164.9,162.1,162.3,-1.34,26422.0,251.0,151.0
SSHL,3/26/2024,165.4,165.4,160.4,165.0,1.66,26790.0,251.0,151.0
SSHL,3/27/2024,165.0,167.7,163.0,164.0,-0.61,21835.0,251.0,151.0
SSHL,3/28/2024,164.0,166.0,161.2,165.0,0.61,21919.0,251.0,151.0
SSHL,3/31/2024,162.0,166.0,160.1,162.0,-1.82,13866.0,251.0,151.0
SSHL,4/1/2024,160.0,163.5,160.0,162.9,0.56,35458.0,251.0,151.0
SSHL,4/2/2024,160.0,165.9,160.0,161.0,-1.17,12702.0,251.0,151.0
SSHL,4/3/2024,161.0,163.0,159.4,159.5,-0.93,26319.0,251.0,151.0
SSHL,4/4/2024,162.0,162.0,159.0,159.5,0.0,31383.0,251.0,151.0
SSHL,4/7/2024,162.2,162.2,157.0,160.8,0.82,92206.0,251.0,151.0
SSHL,4/9/2024,163.0,164.0,160.0,161.6,0.5,39973.0,251.0,151.0
SSHL,4/10/2024,163.0,165.0,162.0,165.0,2.1,43133.0,251.0,151.0
SSHL,4/14/2024,166.0,167.9,164.0,165.0,0.0,20776.0,251.0,151.0
SSHL,4/15/2024,162.0,168.0,161.0,164.8,-0.12,15286.0,251.0,151.0
SSHL,4/16/2024,161.6,167.0,159.0,163.0,-1.09,4770.0,251.0,151.0
SSHL,4/18/2024,160.0,169.2,157.1,159.8,-1.96,30933.0,251.0,151.0
SSHL,4/21/2024,156.7,167.1,156.7,160.0,0.13,29073.0,251.0,151.0
SSHL,4/22/2024,163.2,163.2,157.1,159.0,-0.62,16988.0,251.0,151.0
SSHL,4/24/2024,158.3,162.0,157.0,161.0,1.26,9243.0,251.0,151.0
SSHL,4/25/2024,157.8,162.0,157.0,158.0,-1.86,14349.0,251.0,151.0
SSHL,4/28/2024,159.0,161.0,157.2,160.0,1.27,22057.0,251.0,151.0
SSHL,4/29/2024,157.0,164.0,154.0,161.6,1.0,20040.0,251.0,151.0
SSHL,4/30/2024,163.0,173.0,160.0,167.0,3.34,69384.0,251.0,151.0
SSHL,5/2/2024,167.0,170.9,164.9,167.4,0.24,30591.0,251.0,151.0
SSHL,5/5/2024,165.0,167.0,161.6,161.9,-3.29,16440.0,251.0,151.0
SSHL,5/6/2024,162.0,164.9,160.0,162.4,0.31,11397.0,251.0,151.0
SSHL,5/7/2024,161.0,164.0,160.4,162.0,-0.25,15752.0,251.0,151.0
SSHL,5/8/2024,158.9,162.0,158.5,158.6,-2.1,16827.0,251.0,151.0
SSHL,5/9/2024,156.0,163.0,156.0,158.5,-0.06,14760.0,251.0,151.0
SSHL,5/12/2024,161.0,161.0,156.2,160.0,0.95,11878.0,251.0,151.0
SSHL,5/13/2024,156.8,160.5,156.8,160.0,0.0,15549.0,251.0,151.0
SSHL,5/14/2024,160.0,165.0,159.0,164.0,2.5,53531.0,251.0,151.0
SSHL,5/15/2024,167.2,167.7,158.8,163.8,-0.12,33249.0,251.0,151.0
SSHL,5/16/2024,163.0,165.0,161.0,163.0,-0.49,25851.0,251.0,151.0
SSHL,5/19/2024,166.2,169.5,161.5,163.9,0.55,29402.0,251.0,151.0
SSHL,5/20/2024,163.9,167.0,163.0,165.0,0.67,46780.0,251.0,151.0
SSHL,5/21/2024,166.0,168.5,162.5,167.5,1.52,72222.0,251.0,151.0
SSHL,5/22/2024,167.5,170.6,166.8,167.0,-0.3,66098.0,251.0,151.0
SSHL,5/26/2024,170.0,170.0,166.1,167.0,0.0,54701.0,251.0,151.0
SSHL,5/27/2024,163.7,173.4,163.7,168.9,1.14,58759.0,251.0,151.0
SSHL,5/29/2024,172.2,172.2,163.2,165.0,-2.31,35999.0,251.0,151.0
SSHL,5/30/2024,165.0,167.8,160.0,162.0,-1.82,47450.0,251.0,151.0
SSHL,6/2/2024,162.1,165.2,160.0,161.0,-0.62,24624.0,251.0,151.0
SSHL,6/3/2024,161.5,162.0,158.5,161.9,0.56,29052.0,251.0,151.0
SSHL,6/4/2024,161.0,162.9,159.1,160.0,-1.17,31548.0,251.0,151.0
SSHL,6/5/2024,160.0,167.2,157.5,167.2,4.5,38604.0,251.0,151.0
SSHL,6/6/2024,169.0,169.0,160.0,162.0,-3.11,22189.0,251.0,151.0
SSHL,6/9/2024,163.0,163.0,158.1,160.0,-1.23,31939.0,251.0,151.0
SSHL,6/10/2024,160.0,165.0,158.7,162.8,1.75,33211.0,251.0,151.0
SSHL,6/11/2024,162.8,169.3,160.0,165.8,1.84,39960.0,251.0,151.0
SSHL,6/12/2024,169.0,169.0,164.0,167.0,0.72,45527.0,251.0,151.0
SSHL,6/13/2024,167.0,171.3,164.0,169.0,1.2,120427.0,251.0,151.0
SSHL,6/16/2024,172.3,184.6,170.0,182.8,8.17,409555.0,251.0,151.0
SSHL,6/18/2024,180.0,188.5,179.4,181.8,-0.55,209978.0,251.0,151.0
SSHL,6/19/2024,181.1,187.0,179.5,184.7,1.6,197474.0,251.0,151.0
SSHL,6/20/2024,183.0,183.0,176.6,177.0,-4.17,138219.0,251.0,151.0
SSHL,6/23/2024,179.0,179.0,173.3,173.6,-1.92,87826.0,251.0,151.0
SSHL,6/24/2024,174.0,185.6,172.5,185.6,6.91,182255.0,251.0,151.0
SSHL,6/25/2024,185.6,185.6,176.9,179.0,-3.56,129185.0,251.0,151.0
SSHL,6/26/2024,181.5,192.0,172.1,192.0,7.26,112857.0,251.0,151.0
SSHL,6/27/2024,195.8,195.8,174.0,177.0,-7.81,266587.0,251.0,151.0
SSHL,6/30/2024,174.0,176.9,167.4,168.7,-4.69,76698.0,251.0,151.0
SSHL,7/1/2024,167.0,171.3,166.0,170.8,1.24,55656.0,251.0,151.0
SSHL,7/2/2024,174.2,184.6,172.1,173.0,1.29,81920.0,251.0,151.0
SSHL,7/3/2024,169.8,174.8,167.0,170.0,-1.73,56660.0,251.0,151.0
SSHL,7/4/2024,173.4,173.4,168.2,172.2,1.29,58440.0,251.0,151.0
SSHL,7/7/2024,172.0,174.0,169.6,169.7,-1.45,48132.0,251.0,151.0
SSHL,7/8/2024,172.2,172.2,167.6,168.0,-1.0,31041.0,251.0,151.0
SSHL,7/9/2024,167.2,170.2,167.0,169.2,0.71,41329.0,251.0,151.0
SSHL,7/10/2024,168.0,174.3,168.0,172.5,1.95,59225.0,251.0,151.0
SSHL,7/11/2024,175.0,176.4,172.0,175.0,1.45,65767.0,251.0,151.0
SSHL,7/14/2024,178.5,182.0,175.0,181.0,3.43,101367.0,251.0,151.0
SSHL,7/15/2024,184.6,188.2,178.0,179.0,-1.1,108047.0,251.0,151.0
SSHL,7/16/2024,182.4,192.0,178.8,192.0,7.26,288355.0,251.0,151.0
SSHL,7/17/2024,194.8,197.7,187.1,194.6,1.35,213186.0,251.0,151.0
SSHL,7/18/2024,195.0,198.0,190.2,192.0,-1.34,199826.0,251.0,151.0
SSHL,7/21/2024,192.0,210.8,192.0,207.0,7.81,517317.0,251.0,151.0
SSHL,7/22/2024,211.1,214.0,200.1,211.0,1.93,329017.0,251.0,151.0
SSHL,7/23/2024,207.0,220.8,207.0,219.1,3.84,255082.0,251.0,151.0
SSHL,7/24/2024,214.8,222.5,208.6,212.0,-3.24,330880.0,251.0,151.0
SSHL,7/25/2024,216.2,216.2,202.8,206.0,-2.83,264193.0,251.0,151.0
SSHL,7/28/2024,210.1,218.4,202.9,210.0,1.94,197246.0,251.0,151.0
SSHL,7/29/2024,214.2,216.0,206.9,207.0,-1.43,258153.0,251.0,151.0
SSHL,7/30/2024,209.0,213.0,203.1,210.0,1.45,225046.0,251.0,151.0
SSHL,7/31/2024,213.1,226.0,211.0,218.0,3.81,416743.0,251.0,151.0
SSHL,8/1/2024,219.5,225.0,215.0,216.5,-0.69,250989.0,251.0,151.0
SSHL,8/5/2024,220.8,225.2,213.7,218.0,0.69,249096.0,251.0,151.0
SSHL,8/6/2024,221.9,223.9,205.0,206.0,-5.5,305430.0,251.0,151.0
SSHL,8/7/2024,206.0,215.2,202.6,213.1,3.45,185651.0,251.0,151.0
SSHL,8/8/2024,215.0,218.0,210.0,212.0,-0.52,239240.0,251.0,151.0
SSHL,8/11/2024,216.0,233.2,212.2,233.0,9.91,571229.0,251.0,151.0
SSHL,8/12/2024,237.6,252.0,235.0,249.0,6.87,466356.0,251.0,151.0
SSHL,8/13/2024,253.9,258.9,243.0,248.0,-0.4,330815.0,251.0,151.0
SSHL,8/14/2024,252.9,264.0,239.9,257.0,3.63,384226.0,251.0,151.0
SSHL,8/15/2024,262.0,278.4,260.0,275.6,7.24,505139.0,251.0,151.0
SSHL,8/18/2024,281.1,281.1,262.8,263.3,-4.46,472291.0,251.0,151.0
SSHL,8/21/2024,262.0,270.0,257.0,257.8,-2.09,248748.0,251.0,151.0
SSHL,8/22/2024,259.0,267.0,256.0,260.0,0.85,210580.0,251.0,151.0
SSHL,8/25/2024,260.0,268.0,249.9,250.0,-3.85,246179.0,251.0,151.0
SSHL,8/27/2024,246.1,253.0,229.0,231.3,-7.48,285334.0,251.0,151.0
SSHL,8/28/2024,235.9,247.0,231.5,235.0,1.6,204350.0,251.0,151.0
SSHL,8/29/2024,239.7,239.7,230.5,231.1,-1.66,121745.0,251.0,151.0
SSHL,9/1/2024,232.2,239.0,226.0,228.0,-1.34,94932.0,251.0,151.0
SSHL,9/2/2024,232.4,246.8,228.0,246.5,8.11,165160.0,251.0,151.0
SSHL,9/3/2024,250.0,254.0,245.0,248.9,0.97,178717.0,251.0,151.0
SSHL,9/4/2024,246.0,251.0,235.4,237.5,-4.58,166412.0,251.0,151.0
SSHL,9/5/2024,236.0,239.0,228.0,233.0,-1.89,131086.0,251.0,151.0
SSHL,9/8/2024,237.0,238.0,229.0,229.7,-1.42,61829.0,251.0,151.0
SSHL,9/9/2024,226.2,230.7,219.6,221.6,-3.53,109495.0,251.0,151.0
SSHL,9/10/2024,224.0,228.0,216.0,218.0,-1.62,97712.0,251.0,151.0
SSHL,9/11/2024,218.0,224.0,213.7,214.8,-1.47,72237.0,251.0,151.0
SSHL,9/12/2024,214.1,234.0,214.0,234.0,8.94,95685.0,251.0,151.0
SSHL,9/15/2024,238.0,240.0,223.0,224.0,-4.27,137309.0,251.0,151.0
SSHL,9/16/2024,224.0,224.0,216.1,218.0,-2.68,81048.0,251.0,151.0
SSHL,9/18/2024,222.3,222.3,213.1,216.2,-0.83,64052.0,251.0,151.0
SSHL,9/22/2024,220.5,229.0,215.9,217.0,0.37,75670.0,251.0,151.0
SSHL,9/23/2024,216.5,220.0,210.0,211.0,-2.76,85317.0,251.0,151.0
SSHL,9/24/2024,211.0,215.2,203.1,203.9,-3.36,78030.0,251.0,151.0
SSHL,9/25/2024,204.9,209.0,197.1,208.9,2.45,63925.0,251.0,151.0
SSHL,9/26/2024,210.0,213.9,201.0,204.5,-2.11,63783.0,251.0,151.0
SSHL,9/29/2024,203.0,206.8,196.0,203.0,-0.73,58938.0,251.0,151.0
SSHL,9/30/2024,205.0,205.0,200.0,204.3,0.64,25769.0,251.0,151.0
SSHL,10/1/2024,206.9,220.0,204.3,218.1,6.75,99308.0,251.0,151.0
SSHL,10/2/2024,221.9,223.9,209.0,212.0,-2.8,206681.0,251.0,151.0
SSHL,10/6/2024,208.1,218.0,208.1,215.0,1.42,47809.0,251.0,151.0
SSHL,10/7/2024,219.3,225.0,218.0,221.0,2.79,67220.0,251.0,151.0
SSHL,10/8/2024,220.0,224.9,216.0,216.3,-2.13,38082.0,251.0,151.0
SSHL,10/9/2024,219.0,221.0,214.0,216.9,0.28,94032.0,251.0,151.0
SSHL,10/15/2024,220.0,220.1,216.0,220.0,1.43,25053.0,251.0,151.0
SSHL,10/16/2024,224.0,230.3,220.1,229.7,4.41,87732.0,251.0,151.0
SSHL,10/17/2024,230.1,233.0,225.5,227.5,-0.96,90408.0,251.0,151.0
SSHL,10/20/2024,225.0,226.4,217.1,220.0,-3.3,119312.0,251.0,151.0
SSHL,10/21/2024,217.1,221.0,214.0,214.5,-2.5,70799.0,251.0,151.0
SSHL,10/22/2024,215.0,219.8,212.1,214.2,-0.14,176284.0,251.0,151.0
SSHL,10/23/2024,218.4,218.5,212.4,215.0,0.37,111585.0,251.0,151.0
SSHL,10/24/2024,216.0,217.0,214.0,214.5,-0.23,32781.0,251.0,151.0
SSHL,10/27/2024,216.0,218.0,212.1,216.0,0.7,74925.0,251.0,151.0
SSHL,10/28/2024,217.5,220.0,214.2,217.9,0.88,98710.0,251.0,151.0
SSHL,10/29/2024,219.8,224.4,219.0,223.9,2.75,120617.0,251.0,151.0
SSHL,10/30/2024,228.3,228.3,221.1,222.6,-0.58,53906.0,251.0,151.0
SSHL,11/5/2024,225.0,226.0,220.2,221.0,-0.72,28242.0,251.0,151.0
SSHL,11/6/2024,222.9,223.2,221.0,222.8,0.81,50024.0,251.0,151.0
SSHL,11/10/2024,224.0,242.5,220.5,241.0,8.17,533350.0,251.0,151.0
SSHL,11/11/2024,245.0,255.0,235.0,239.5,-0.62,197339.0,251.0,151.0
SSHL,11/12/2024,242.9,242.9,234.0,235.0,-1.88,77856.0,251.0,151.0
SSHL,11/13/2024,234.0,236.4,229.7,232.0,-1.28,180065.0,251.0,151.0
SSHL,11/14/2024,234.6,238.0,232.4,234.0,0.86,130049.0,251.0,151.0
SSHL,11/17/2024,238.6,243.5,237.0,237.0,1.28,161030.0,251.0,151.0
SSHL,11/19/2024,241.0,241.0,231.0,231.9,-2.15,140173.0,251.0,151.0
SSHL,11/20/2024,234.0,235.8,227.3,232.9,0.43,102050.0,251.0,151.0
SSHL,11/21/2024,236.0,236.6,226.2,226.2,-2.88,125759.0,251.0,151.0
SSHL,11/24/2024,229.0,230.6,225.0,226.0,-0.09,78491.0,251.0,151.0
SSHL,11/25/2024,229.0,229.0,225.0,226.9,0.4,55146.0,251.0,151.0
SSHL,11/26/2024,230.0,237.5,229.1,237.0,4.45,167710.0,251.0,151.0
SSHL,11/27/2024,237.0,241.7,237.0,239.0,0.84,117039.0,251.0,151.0
SSHL,11/28/2024,242.9,243.0,235.0,236.5,-1.05,102662.0,251.0,151.0
SSHL,12/1/2024,232.0,234.0,229.0,231.0,-2.33,133776.0,251.0,151.0
SSHL,12/2/2024,234.6,242.0,233.0,234.1,1.34,116308.0,251.0,151.0
SSHL,12/3/2024,238.4,257.5,231.0,253.1,8.12,669213.0,251.0,151.0
SSHL,12/4/2024,258.1,268.0,249.9,249.9,-1.26,322899.0,251.0,151.0
SSHL,12/5/2024,245.0,260.0,245.0,253.6,1.48,364502.0,251.0,151.0
SSHL,12/8/2024,255.9,257.7,242.0,244.1,-3.75,247281.0,251.0,151.0
SSHL,12/9/2024,245.0,253.0,242.0,245.3,0.49,155343.0,251.0,151.0
SSHL,12/10/2024,250.2,250.2,240.1,243.8,-0.61,117990.0,251.0,151.0
SSHL,12/11/2024,245.0,249.0,242.1,248.0,1.72,79824.0,251.0,151.0
SSHL,12/12/2024,249.9,251.0,240.3,241.0,-2.82,123383.0,251.0,151.0
SSHL,12/16/2024,240.0,240.8,234.5,234.5,-2.7,115593.0,251.0,151.0
SSHL,12/17/2024,234.1,238.9,232.4,233.9,-0.26,76010.0,251.0,151.0
SSHL,12/18/2024,238.5,238.5,230.0,232.0,-0.81,94496.0,251.0,151.0
SSHL,12/19/2024,229.1,236.0,228.0,229.9,-0.91,117551.0,251.0,151.0
SSHL,12/22/2024,232.5,234.4,227.0,230.0,0.04,58915.0,251.0,151.0
SSHL,12/23/2024,231.0,237.0,230.5,235.9,2.57,78025.0,251.0,151.0
SSHL,12/24/2024,238.5,239.4,231.2,231.2,-1.99,58154.0,251.0,151.0
SSHL,12/26/2024,232.9,233.5,231.0,231.5,0.13,66049.0,251.0,151.0
SSHL,12/29/2024,231.5,232.9,225.0,225.0,-2.81,84488.0,251.0,151.0
SSHL,12/31/2024,223.1,225.0,217.4,221.0,-1.78,104768.0,251.0,151.0
SSHL,1/1/2025,220.0,225.0,218.0,218.0,-1.36,70040.0,251.0,151.0
SSHL,1/2/2025,220.0,223.9,219.5,220.4,1.1,48699.0,251.0,151.0
SSHL,1/5/2025,222.0,227.0,220.3,223.5,1.41,68640.0,251.0,151.0
SSHL,1/6/2025,225.5,232.9,225.5,231.4,3.53,78908.0,251.0,151.0
SSHL,1/7/2025,226.8,236.0,226.8,230.0,-0.61,60458.0,251.0,151.0
SSHL,1/8/2025,233.0,234.0,229.5,232.9,1.26,68427.0,251.0,151.0
SSHL,1/9/2025,229.9,235.8,229.9,235.0,0.9,100587.0,251.0,151.0
SSHL,1/12/2025,234.0,238.0,231.1,231.2,-1.62,49791.0,251.0,151.0
SSHL,1/13/2025,232.0,233.0,227.5,228.4,-1.21,43748.0,251.0,151.0
SSHL,1/15/2025,224.1,231.9,224.1,225.3,-1.36,66816.0,251.0,151.0
SSHL,1/16/2025,228.8,229.0,222.7,224.0,-0.58,54750.0,251.0,151.0
SSHL,1/19/2025,219.6,228.0,219.6,225.8,0.8,65710.0,251.0,151.0
SSHL,1/20/2025,228.0,230.0,225.0,227.4,0.71,52581.0,251.0,151.0
SSHL,1/21/2025,229.6,229.6,225.0,225.9,-0.66,43176.0,251.0,151.0
SSHL,1/22/2025,230.4,233.9,223.7,233.0,3.14,75588.0,251.0,151.0
SSHL,1/23/2025,234.0,237.0,228.0,228.0,-2.15,56496.0,251.0,151.0
SSHL,1/26/2025,231.6,234.0,227.2,228.4,0.18,50633.0,251.0,151.0
SSHL,1/27/2025,232.9,236.0,227.8,229.0,0.26,82700.0,251.0,151.0
SSHL,1/28/2025,230.0,234.0,228.0,231.9,1.27,127358.0,251.0,151.0
SSHL,2/2/2025,234.5,242.0,233.0,238.0,2.63,135232.0,251.0,151.0
SSHL,2/3/2025,240.3,247.0,236.7,239.0,0.42,194670.0,251.0,151.0
SSHL,2/4/2025,243.7,243.7,237.0,239.0,0.0,80103.0,251.0,151.0
SSHL,2/5/2025,238.0,242.5,237.3,239.6,0.25,129862.0,251.0,151.0
SSHL,2/6/2025,238.3,243.0,237.0,239.0,-0.25,124571.0,251.0,151.0
SSHL,2/9/2025,242.0,243.5,235.0,236.1,-1.21,71880.0,251.0,151.0
SSHL,2/10/2025,240.0,240.0,233.0,233.6,-1.06,54948.0,251.0,151.0
SSHL,2/11/2025,233.6,237.0,233.0,233.5,-0.04,61634.0,251.0,151.0
SSHL,2/12/2025,236.0,236.0,231.4,232.0,-0.64,39835.0,251.0,151.0
SSHL,2/13/2025,235.0,235.0,230.0,231.0,-0.43,57125.0,251.0,151.0
SSHL,2/16/2025,234.0,244.8,229.4,236.1,2.21,106275.0,251.0,151.0
SSHL,2/17/2025,236.1,248.0,236.1,238.4,0.97,97141.0,251.0,151.0
SSHL,2/18/2025,240.0,241.0,233.0,234.5,-1.64,76651.0,251.0,151.0
SSHL,2/20/2025,233.0,234.0,230.0,232.0,-1.07,111681.0,251.0,151.0
SSHL,2/23/2025,227.5,231.9,223.0,228.5,-1.51,92559.0,251.0,151.0
SSHL,2/24/2025,232.0,242.0,228.6,235.0,2.84,74220.0,251.0,151.0
SSHL,2/25/2025,231.1,239.0,231.1,232.9,-0.89,73464.0,251.0,151.0
SSHL,2/27/2025,228.3,246.0,228.3,245.9,5.58,247403.0,251.0,151.0
SSHL,3/2/2025,250.8,253.5,242.5,252.0,2.48,265976.0,251.0,151.0
SSHL,3/3/2025,255.0,256.0,246.3,247.0,-1.98,306583.0,251.0,151.0
SSHL,3/4/2025,250.0,267.2,249.1,260.1,5.3,531770.0,251.0,151.0
SSHL,3/5/2025,263.0,265.0,251.0,252.0,-3.11,194596.0,251.0,151.0
SSHL,3/6/2025,254.0,257.8,249.0,257.0,1.98,180318.0,251.0,151.0
SSHL,3/9/2025,262.1,262.1,246.7,247.0,-3.89,154182.0,251.0,151.0
SSHL,3/10/2025,249.9,256.9,243.0,244.0,-1.21,105491.0,251.0,151.0
SSHL,3/11/2025,242.0,246.0,237.0,239.0,-2.05,114592.0,251.0,151.0
SSHL,3/12/2025,234.3,253.3,234.3,240.0,0.42,85323.0,251.0,151.0
SSHL,3/16/2025,244.8,244.8,232.6,236.5,-1.46,154839.0,251.0,151.0
SSHL,3/17/2025,241.2,241.2,232.0,233.3,-1.35,61816.0,251.0,151.0
SSHL,3/18/2025,237.9,247.4,230.0,236.0,1.16,42659.0,251.0,151.0
SSHL,3/19/2025,232.6,238.0,232.6,233.6,-1.02,39889.0,251.0,151.0
SSHL,3/20/2025,234.0,234.0,230.6,231.42,-0.93,74455.0,251.0,151.0
SSHL,3/23/2025,229.0,234.8,226.1,226.83,-1.98,106947.0,251.0,151.0
SSHL,3/24/2025,222.3,234.5,222.3,231.53,2.07,49388.0,251.0,151.0
SSHL,3/25/2025,227.0,230.0,223.1,225.0,-2.82,67313.0,251.0,151.0
SSHL,3/26/2025,222.0,229.0,222.0,227.87,1.28,48708.0,251.0,151.0
SSHL,3/27/2025,230.0,232.4,225.3,230.03,0.95,53965.0,251.0,151.0
SSHL,3/30/2025,231.8,238.7,231.0,233.79,1.63,95654.0,251.0,151.0
SSHL,4/1/2025,235.0,235.9,228.0,232.05,-0.74,61087.0,251.0,151.0
SSHL,4/2/2025,232.0,235.8,229.2,232.23,0.08,35147.0,251.0,151.0
SSHL,4/3/2025,234.8,234.9,229.7,230.23,-0.86,48453.0,251.0,151.0
SSHL,4/7/2025,232.0,233.0,226.4,228.76,-0.64,38803.0,251.0,151.0
SSHL,4/8/2025,228.2,230.0,226.0,229.29,0.23,38854.0,251.0,151.0
SSHL,4/9/2025,231.8,232.8,229.0,229.8,0.22,44252.0,251.0,151.0
SSHL,4/10/2025,231.9,235.0,229.0,232.01,0.96,72998.0,251.0,151.0
SSHL,4/13/2025,236.6,236.6,228.8,228.93,-1.33,27282.0,251.0,151.0
SSHL,4/15/2025,227.3,235.7,227.0,232.53,1.57,55502.0,251.0,151.0
SSHL,4/16/2025,233.0,252.8,223.6,246.12,5.84,490174.0,251.0,151.0
SSHL,4/17/2025,250.0,255.0,241.5,243.48,-1.07,148520.0,251.0,151.0
SSHL,4/20/2025,240.0,242.0,233.3,234.7,-3.61,121540.0,251.0,151.0
SSHL,4/21/2025,234.8,243.0,232.3,236.54,0.78,119687.0,251.0,151.0
SSHL,4/22/2025,231.9,253.0,212.9,242.37,2.46,907189.0,251.0,151.0
SSHL,4/23/2025,240.0,242.7,235.5,236.85,-2.28,66267.0,251.0,151.0
SSHL,4/24/2025,236.9,237.7,228.9,230.72,-2.59,181250.0,251.0,151.0
SSHL,4/27/2025,230.0,238.9,230.0,234.6,1.68,115671.0,251.0,151.0
SSHL,4/28/2025,235.0,242.5,231.5,231.6,-1.28,914926.0,251.0,151.0
SSHL,4/29/2025,233.0,236.1,230.1,230.26,-0.58,211399.0,251.0,151.0
SSHL,4/30/2025,225.8,239.9,225.7,237.4,3.1,275165.0,251.0,151.0
SSHL,5/4/2025,238.0,239.0,235.0,236.26,-0.48,114264.0,251.0,151.0
SSHL,5/5/2025,239.0,239.0,232.0,232.69,-1.51,64528.0,251.0,151.0
SSHL,5/6/2025,234.8,238.0,232.0,236.59,1.68,83423.0,251.0,151.0
SSHL,5/7/2025,234.1,246.0,234.0,245.23,3.65,226424.0,251.0,151.0
SSHL,5/8/2025,245.0,253.9,239.0,245.02,-0.09,254542.0,251.0,151.0
SSHL,5/11/2025,248.0,249.8,235.8,237.75,-2.97,134543.0,251.0,151.0
SSHL,5/13/2025,239.8,241.0,232.0,233.19,-1.92,124946.0,251.0,151.0
SSHL,5/14/2025,228.6,237.0,228.6,230.97,-0.95,76786.0,251.0,151.0
SSHL,5/15/2025,230.1,234.5,230.1,231.31,0.15,70663.0,251.0,151.0
SSHL,5/18/2025,229.0,234.0,229.0,230.58,-0.32,57563.0,251.0,151.0
SSHL,5/19/2025,234.0,237.0,230.4,231.7,0.49,65975.0,251.0,151.0
SSHL,5/20/2025,229.2,238.0,229.2,235.83,1.78,72101.0,251.0,151.0
SSHL,5/21/2025,240.5,248.9,233.0,233.28,-1.08,95072.0,251.0,151.0
SSHL,5/22/2025,232.5,236.6,232.1,233.29,0.0,123581.0,251.0,151.0
SSHL,5/25/2025,236.0,237.0,232.0,232.17,-0.48,43749.0,251.0,151.0
SSHL,5/26/2025,236.8,237.0,231.3,231.61,-0.24,32573.0,251.0,151.0
SSHL,5/27/2025,230.0,232.8,229.1,230.21,-0.6,59130.0,251.0,151.0
SSHL,5/28/2025,230.0,237.0,229.1,232.05,0.8,55879.0,251.0,151.0
SSHL,6/2/2025,236.6,236.6,230.2,230.87,-0.51,44952.0,251.0,151.0
SSHL,6/3/2025,231.0,233.5,230.0,230.42,-0.19,28859.0,251.0,151.0
SSHL,6/4/2025,228.0,232.0,228.0,228.32,-0.91,65727.0,251.0,151.0
SSHL,6/5/2025,223.8,230.0,223.8,227.59,-0.32,68542.0,251.0,151.0
SSHL,6/8/2025,230.0,230.9,227.1,228.14,0.24,48403.0,251.0,151.0
SSHL,6/9/2025,229.8,231.0,228.8,229.98,0.81,46831.0,251.0,151.0
SSHL,6/10/2025,230.1,234.9,230.1,231.96,0.86,60972.0,251.0,151.0
SSHL,6/11/2025,233.8,233.8,228.0,231.57,-0.17,69605.0,251.0,151.0
SSHL,6/12/2025,233.0,236.2,230.0,230.22,-0.58,78978.0,251.0,151.0
SSHL,6/15/2025,232.0,232.0,228.2,229.53,-0.3,63560.0,251.0,151.0
SSHL,6/16/2025,226.4,235.0,226.4,230.66,0.49,99203.0,251.0,151.0
SSHL,6/17/2025,233.0,233.0,228.0,229.41,-0.54,62739.0,251.0,151.0
SSHL,6/18/2025,231.0,240.8,228.3,235.69,2.74,126728.0,251.0,151.0
SSHL,6/19/2025,239.0,250.5,234.4,245.21,4.04,452647.0,251.0,151.0
SSHL,6/22/2025,245.0,250.0,235.5,236.14,-3.7,347727.0,251.0,151.0
SSHL,6/23/2025,235.1,246.6,233.4,244.99,3.75,452824.0,251.0,151.0
SSHL,6/24/2025,248.0,255.0,247.0,249.38,1.79,600966.0,251.0,151.0
SSHL,6/25/2025,254.0,254.0,245.5,248.22,-0.47,182205.0,251.0,151.0
SSHL,6/26/2025,249.0,257.9,245.7,248.13,-0.04,236032.0,251.0,151.0
SSHL,6/29/2025,248.1,251.0,241.2,241.81,-2.55,121973.0,251.0,151.0
SSHL,6/30/2025,244.0,244.0,239.0,239.3,-1.04,122509.0,251.0,151.0
SSHL,7/1/2025,242.0,244.0,239.7,243.54,1.77,86235.0,251.0,151.0
SSHL,7/2/2025,244.1,262.0,243.0,258.07,5.97,426306.0,251.0,151.0
SSHL,7/3/2025,263.2,276.0,260.1,271.45,5.18,710176.0,251.0,151.0
SSHL,7/6/2025,266.1,275.0,259.0,259.98,-4.23,328394.0,251.0,151.0
SSHL,7/7/2025,260.0,261.0,249.5,250.21,-3.76,260723.0,251.0,151.0
SSHL,7/8/2025,248.0,254.0,248.0,250.3,0.04,311496.0,251.0,151.0
SSHL,7/9/2025,250.0,257.0,250.0,251.62,0.53,108138.0,251.0,151.0
SSHL,7/10/2025,253.0,255.0,246.0,248.01,-1.43,198366.0,251.0,151.0
SSHL,7/13/2025,252.9,257.9,245.5,246.19,-0.73,161435.0,251.0,151.0
SSHL,7/14/2025,246.0,249.9,245.3,248.14,0.79,75605.0,251.0,151.0
SSHL,7/15/2025,250.0,256.0,249.0,255.35,2.91,127097.0,251.0,151.0
SSHL,7/16/2025,255.0,260.0,255.0,255.93,0.23,147030.0,251.0,151.0
SSHL,7/17/2025,261.0,265.0,256.0,263.69,3.03,299772.0,251.0,151.0
SSHL,7/20/2025,268.9,290.0,262.0,290.0,9.98,807781.0,251.0,151.0
SSHL,7/21/2025,295.8,313.8,295.8,299.63,3.32,1144218.0,251.0,151.0
SSHL,7/22/2025,305.0,305.6,288.0,294.59,-1.68,425635.0,251.0,151.0
SSHL,7/23/2025,300.0,300.0,288.0,294.74,0.05,546141.0,251.0,151.0
SSHL,7/24/2025,300.6,307.0,297.0,302.69,2.7,434153.0,251.0,151.0
SSHL,7/27/2025,308.7,308.7,298.0,299.73,-0.98,565416.0,251.0,151.0
SSHL,7/28/2025,300.0,302.0,292.0,297.3,-0.81,279702.0,251.0,151.0
SSHL,7/29/2025,291.4,303.0,291.4,293.68,-1.22,299143.0,251.0,151.0
SSHL,7/30/2025,299.5,299.5,290.2,290.83,-0.97,345855.0,251.0,151.0
SSHL,7/31/2025,295.8,296.6,285.0,285.65,-1.78,997158.0,251.0,151.0
SSHL,8/3/2025,196.6,212.1,196.6,212.1,-25.75,143453.0,251.0,151.0
SSHL,8/4/2025,216.3,224.4,204.0,206.74,-2.53,647781.0,251.0,151.0
SSHL,8/5/2025,210.8,210.8,202.1,202.88,-1.87,145597.0,251.0,151.0
SSHL,8/6/2025,205.0,205.0,200.0,201.34,-0.76,122079.0,251.0,151.0
SSHL,8/7/2025,202.0,204.0,200.0,201.42,0.04,119281.0,251.0,151.0
SSHL,8/11/2025,202.0,203.0,197.2,197.73,-1.83,177214.0,251.0,151.0
SSHL,8/12/2025,198.0,199.9,194.0,194.44,-1.66,136201.0,251.0,151.0
SSHL,8/13/2025,197.0,197.0,193.3,193.45,-0.51,76359.0,251.0,151.0
SSHL,8/14/2025,196.0,196.0,192.0,192.57,-0.45,75239.0,251.0,151.0
SSHL,8/17/2025,195.0,204.0,193.1,194.06,0.77,109364.0,251.0,151.0
SSHL,8/18/2025,191.1,196.0,191.1,194.78,0.37,59201.0,251.0,151.0
SSHL,8/19/2025,198.6,198.6,195.0,195.38,0.31,49206.0,251.0,151.0
SSHL,8/20/2025,199.2,199.2,193.5,194.64,-0.38,42757.0,251.0,151.0
SSHL,8/21/2025,193.2,195.5,192.5,192.76,-0.97,38237.0,251.0,151.0
SSHL,8/24/2025,194.0,194.0,189.8,190.2,-1.33,64634.0,251.0,151.0
SSHL,8/25/2025,190.0,192.0,187.6,189.38,-0.43,52959.0,251.0,151.0
SSHL,8/26/2025,190.0,191.0,188.0,188.41,-0.51,31734.0,251.0,151.0
SSHL,8/27/2025,186.1,192.7,186.1,191.73,1.76,69104.0,251.0,151.0
SSHL,8/28/2025,193.0,195.0,189.0,189.69,-1.06,58116.0,251.0,151.0
SSHL,8/31/2025,189.0,190.9,186.0,186.05,-1.92,49864.0,251.0,151.0
SSHL,9/1/2025,187.9,187.9,185.0,186.29,0.13,33891.0,251.0,151.0
SSHL,9/2/2025,190.0,190.0,185.0,185.09,-0.64,34314.0,251.0,151.0
SSHL,9/3/2025,186.0,186.0,182.3,182.64,-1.32,28810.0,251.0,151.0
SSHL,9/4/2025,182.5,182.5,176.4,179.33,-1.81,79220.0,251.0,151.0
SSHL,9/7/2025,179.0,179.0,174.0,175.08,-2.37,67105.0,251.0,151.0
SSHL,9/8/2025,176.5,177.4,173.0,173.88,-0.69,44868.0,251.0,151.0
SSHL,9/18/2025,170.5,170.5,158.5,158.5,-8.85,6734.0,251.0,151.0
SSHL,9/21/2025,156.0,174.3,156.0,174.3,9.97,210433.0,251.0,151.0
SSHL,9/23/2025,176.0,188.0,176.0,187.6,7.63,124695.0,251.0,151.0
SSHL,9/24/2025,187.0,190.0,180.5,183.8,-2.03,51474.0,251.0,151.0
SSHL,9/25/2025,181.3,183.5,177.4,181.1,-1.47,48362.0,251.0,151.0
SSHL,9/28/2025,183.0,186.0,180.0,182.0,0.5,36807.0,251.0,151.0
SSHL,10/7/2025,179.1,180.0,176.0,176.0,-3.3,57413.0,251.0,151.0
SSHL,10/8/2025,176.0,177.0,173.0,173.8,-1.25,36774.0,251.0,151.0
SSHL,10/9/2025,177.2,191.0,177.0,178.0,2.42,71177.0,251.0,151.0
SSHL,10/12/2025,176.0,176.0,171.0,173.1,-2.75,38373.0,251.0,151.0
SSHL,10/13/2025,173.5,178.8,170.0,177.9,2.77,47904.0,251.0,151.0
SSHL,10/14/2025,176.0,178.0,173.0,173.0,-2.75,24334.0,251.0,151.0
SSHL,10/15/2025,173.0,175.7,166.0,167.6,-3.12,100833.0,251.0,151.0
SSHL,10/16/2025,170.0,174.0,164.7,165.0,-1.55,66654.0,251.0,151.0
SSHL,10/19/2025,162.0,170.9,162.0,169.0,2.42,24158.0,251.0,151.0
SSHL,10/26/2025,166.2,168.0,165.8,167.7,-0.77,21654.0,251.0,151.0
SSHL,10/28/2025,169.0,173.0,169.0,173.0,3.16,42357.0,251.0,151.0
SSHL,10/29/2025,175.0,179.0,169.7,173.0,0.0,49848.0,251.0,151.0
SSHL,10/30/2025,175.9,175.9,168.5,173.0,0.0,66726.0,251.0,151.0
SSHL,11/2/2025,173.0,178.0,173.0,176.0,1.73,110310.0,251.0,151.0
SSHL,11/3/2025,179.0,179.4,175.5,178.0,1.14,70750.0,251.0,151.0
SSHL,11/4/2025,177.9,178.0,175.0,175.0,-1.69,44559.0,251.0,151.0
SSHL,11/5/2025,173.5,174.8,169.0,171.3,-2.11,87915.0,251.0,151.0
SSHL,11/6/2025,170.6,173.5,167.7,169.5,-1.05,95760.0,251.0,151.0
SSHL,11/9/2025,171.0,171.0,164.7,165.0,-2.65,79608.0,251.0,151.0
SSHL,11/10/2025,166.5,169.0,166.0,169.0,2.42,34573.0,251.0,151.0
SSHL,11/11/2025,169.0,172.0,166.1,168.2,-0.47,128400.0,251.0,151.0
SSHL,11/12/2025,168.2,169.7,164.0,167.0,-0.71,111779.0,251.0,151.0
SSHL,11/13/2025,168.0,168.0,165.2,165.7,-0.78,55511.0,251.0,151.0
SSHL,11/16/2025,167.0,167.9,165.0,165.0,-0.42,29669.0,251.0,151.0
SSHL,11/17/2025,166.5,166.8,164.2,165.0,0.0,51632.0,251.0,151.0
SSHL,11/18/2025,167.0,168.0,165.0,165.8,0.48,57510.0,251.0,151.0
SSHL,11/19/2025,167.0,168.0,164.7,165.0,-0.48,26537.0,251.0,151.0
SSHL,11/20/2025,165.0,166.0,162.6,164.6,-0.24,55043.0,251.0,151.0
SSHL,11/23/2025,165.9,168.9,165.9,168.0,2.07,100086.0,251.0,151.0
SSHL,11/24/2025,170.0,170.0,168.0,168.9,0.54,41371.0,251.0,151.0
SSHL,11/25/2025,171.0,171.0,166.0,167.0,-1.12,63473.0,251.0,151.0
SSHL,11/26/2025,165.1,168.5,165.1,167.1,0.06,78250.0,251.0,151.0
SSHL,11/27/2025,170.0,170.0,167.0,167.8,0.42,101498.0,251.0,151.0
SSHL,11/30/2025,168.0,169.0,165.0,166.0,-1.07,94151.0,251.0,151.0
SSHL,12/1/2025,162.7,168.8,162.7,165.8,-0.12,29907.0,251.0,151.0
SSHL,12/2/2025,163.0,168.0,163.0,165.8,0.0,54900.0,251.0,151.0
SSHL,12/3/2025,165.8,167.0,164.5,165.2,-0.36,42092.0,251.0,151.0
SSHL,12/7/2025,166.8,166.8,163.8,164.0,-0.73,40878.0,251.0,151.0
SSHL,12/8/2025,164.0,165.0,162.5,163.8,-0.12,45703.0,251.0,151.0
SSHL,12/9/2025,167.0,167.0,162.7,163.5,-0.18,30953.0,251.0,151.0
SSHL,12/10/2025,165.0,165.0,163.0,163.8,0.18,26229.0,251.0,151.0
SSHL,12/11/2025,164.0,164.0,162.5,163.9,0.06,21137.0,251.0,151.0
SSHL,12/14/2025,165.0,165.0,163.0,163.4,-0.31,28244.0,251.0,151.0
SSHL,12/15/2025,166.6,166.6,161.0,163.0,-0.24,27781.0,251.0,151.0
SSHL,12/16/2025,163.0,164.5,162.5,163.5,0.31,25838.0,251.0,151.0
SSHL,12/17/2025,166.5,166.5,162.1,163.0,-0.31,41320.0,251.0,151.0
SSHL,12/18/2025,166.0,166.0,160.5,160.9,-1.29,65233.0,251.0,151.0
SSHL,12/21/2025,157.7,157.7,151.6,155.0,-3.67,483593.0,251.0,151.0
SSHL,12/22/2025,155.0,156.0,152.1,153.0,-1.29,161306.0,251.0,151.0
SSHL,12/23/2025,153.1,154.0,151.0,152.9,-0.07,106642.0,251.0,151.0
SSHL,12/24/2025,153.5,153.9,151.0,151.5,-0.92,91410.0,251.0,151.0
SSHL,12/28/2025,153.0,157.8,152.0,157.0,3.63,240396.0,251.0,151.0
SSHL,12/29/2025,158.0,160.0,154.0,154.1,-1.85,146263.0,251.0,151.0
SSHL,12/31/2025,156.0,157.0,154.0,154.3,0.13,89995.0,251.0,151.0
SSHL,1/1/2026,154.4,155.5,152.5,152.7,-1.04,88979.0,251.0,151.0
SSHL,1/4/2026,152.3,154.5,151.5,152.1,-0.39,112178.0,251.0,151.0
SSHL,1/5/2026,153.6,153.6,151.2,153.0,0.59,103516.0,251.0,151.0
SSHL,1/6/2026,156.0,156.0,153.0,155.9,1.9,139567.0,251.0,151.0
SSHL,1/7/2026,155.9,158.8,153.8,155.1,-0.51,83605.0,251.0,151.0
SSHL,1/8/2026,158.0,162.5,153.0,160.5,3.48,559013.0,251.0,151.0
SSHL,1/12/2026,163.7,163.7,156.9,158.6,-1.18,161383.0,251.0,151.0
SSHL,1/13/2026,161.7,161.7,156.0,157.9,-0.44,173531.0,251.0,151.0
SSHL,1/14/2026,154.8,160.9,154.8,157.2,-0.44,105337.0,251.0,151.0
SSHL,1/18/2026,159.0,162.4,156.0,161.0,2.42,213721.0,251.0,151.0
SSHL,1/20/2026,164.2,167.9,163.0,165.1,2.55,365725.0,251.0,151.0
SSHL,1/21/2026,168.4,172.5,166.0,169.9,2.91,511870.0,251.0,151.0
SSHL,1/22/2026,172.0,175.4,169.0,175.4,3.24,413685.0,251.0,151.0
SSHL,1/25/2026,178.9,190.8,176.0,190.5,8.61,646926.0,251.0,151.0
SSHL,1/26/2026,194.0,194.3,181.6,185.6,-2.57,735020.0,251.0,151.0
SSHL,1/27/2026,187.0,188.8,176.2,177.9,-4.15,517211.0,251.0,151.0
SSHL,1/28/2026,181.4,181.8,174.4,179.5,0.9,331649.0,251.0,151.0
SSHL,1/29/2026,183.0,197.4,180.1,196.0,9.19,1949336.0,251.0,151.0
SSHL,2/1/2026,199.9,211.1,199.9,207.9,6.07,1515288.0,251.0,151.0
SSHL,2/2/2026,210.0,211.0,196.7,197.5,-5.0,791482.0,251.0,151.0
SSHL,2/3/2026,200.0,200.0,186.3,189.5,-4.05,802691.0,251.0,151.0
SSHL,2/4/2026,188.2,196.3,187.0,195.4,3.11,638909.0,251.0,151.0
SSHL,2/5/2026,195.0,205.0,193.0,200.0,2.35,879665.0,251.0,151.0
SSHL,2/8/2026,204.0,204.0,194.5,195.0,-2.5,648044.0,251.0,151.0
SSHL,2/9/2026,191.1,205.8,191.1,198.0,1.54,801093.0,251.0,151.0
SSHL,2/10/2026,200.0,204.9,196.4,197.0,-0.51,439894.0,251.0,151.0
SSHL,2/11/2026,199.0,201.0,194.2,197.5,0.25,334904.0,251.0,151.0
SSHL,2/12/2026,200.0,202.0,195.0,195.5,-1.01,550700.0,251.0,151.0
SSHL,2/16/2026,197.5,197.5,188.0,190.4,-2.61,408485.0,251.0,151.0
SSHL,2/17/2026,192.0,193.9,184.0,185.5,-2.57,453115.0,251.0,151.0
SSHL,2/22/2026,188.0,188.0,180.0,181.4,-2.21,201934.0,251.0,151.0
SSHL,2/23/2026,182.0,183.8,178.7,180.5,-0.5,246664.0,251.0,151.0
SSHL,2/24/2026,180.5,183.5,180.5,183.4,1.61,87060.0,251.0,151.0
SSHL,2/25/2026,183.6,189.0,183.0,188.0,2.51,156302.0,251.0,151.0
SSHL,2/26/2026,188.0,189.4,185.1,186.0,-1.06,123567.0,251.0,151.0
SSHL,2/27/2026,188.0,189.4,185.1,186.0,0.0,123567.0,251.0,151.0
SSHL,2/28/2026,188.0,189.4,185.1,186.0,0.0,123567.0,251.0,151.0
SSHL,3/2/2026,189.7,189.7,181.3,187.9,1.02,141859.0,251.0,151.0
SSHL,3/3/2026,191.6,194.8,188.0,194.0,3.25,243749.0,251.0,151.0
SSHL,3/4/2026,191.6,194.8,188.0,194.0,0.0,243749.0,251.0,151.0
SSHL,3/5/2026,191.6,194.8,188.0,194.0,0.0,243749.0,251.0,151.0
SSHL,3/6/2026,191.6,194.8,188.0,194.0,0.0,243749.0,251.0,151.0
SSHL,3/7/2026,191.6,194.8,188.0,194.0,0.0,243749.0,251.0,151.0
SSHL,3/8/2026,191.6,194.8,188.0,194.0,0.0,243749.0,251.0,151.0
SSHL,3/9/2026,197.8,213.4,197.8,213.4,10.0,17905.0,251.0,151.0
SSHL,3/10/2026,217.6,225.0,205.0,215.0,0.75,1741673.0,251.0,151.0
SSHL,3/11/2026,217.0,223.0,212.8,215.0,0.0,809513.0,251.0,151.0
SSHL,3/12/2026,219.3,233.0,214.1,229.8,6.88,1732032.0,251.0,151.0
SSHL,3/13/2026,219.3,233.0,214.1,229.8,0.0,1732032.0,251.0,151.0
SSHL,3/14/2026,219.3,233.0,214.1,229.8,0.0,1732032.0,251.0,151.0
SSHL,3/15/2026,234.0,234.0,223.0,226.9,-1.26,831253.0,251.0,151.0
SSHL,3/16/2026,230.0,230.0,219.7,220.9,-2.64,794133.0,251.0,151.0
SSHL,3/17/2026,222.0,239.0,216.0,238.8,8.1,1923074.0,251.0,151.0
SSHL,3/18/2026,222.0,239.0,216.0,238.8,0.0,1923074.0,251.0,151.0
SSHL,3/19/2026,243.5,250.0,240.0,242.0,1.34,1619903.0,251.0,151.0
SSHL,3/20/2026,243.5,250.0,240.0,242.0,0.0,1619903.0,251.0,151.0
SSHL,3/21/2026,243.5,250.0,240.0,242.0,0.0,1619903.0,251.0,151.0
SSHL,3/22/2026,237.2,251.0,235.0,243.0,0.41,1536660.0,251.0,151.0
SSHL,3/23/2026,243.0,247.0,237.0,241.4,-0.66,592579.0,251.0,151.0
SSHL,3/24/2026,243.0,246.0,238.8,239.8,-0.66,532829.0,251.0,151.0
SSHL,3/25/2026,235.1,244.8,235.1,237.1,-1.13,652839.0,251.0,151.0
SSHL,3/26/2026,235.0,244.0,235.0,243.9,3.79,503513.0,251.0,151.0
SSHL,3/29/2026,244.0,244.0,232.0,232.1,-4.88,740023.0,251.0,151.0
SSHL,3/30/2026,232.0,237.6,228.0,231.0,-0.43,798367.0,251.0,151.0
SSHL,3/31/2026,231.0,234.0,217.5,230.0,-0.43,892274.0,251.0,151.0
SSHL,4/1/2026,230.0,230.0,208.9,213.9,-7.0,634655.0,251.0,151.0
SSHL,4/2/2026,213.9,222.3,202.1,214.8,0.42,513194.0,251.0,151.0
SSHL,4/5/2026,215.0,215.0,198.0,199.0,-7.44,663308.0,251.0,151.0
SSHL,4/6/2026,197.0,218.9,197.0,218.0,10.66,740626.0,251.0,151.0
SSHL,4/7/2026,222.0,229.0,220.0,222.1,0.05,665457.0,251.0,151.0
SSHL,4/8/2026,224.5,226.0,220.5,223.1,-0.62,378248.0,251.0,151.0
SSHL,4/9/2026,224.9,229.0,220.6,227.3,1.07,504789.0,251.0,151.0
SSHL,4/10/2026,231.8,231.8,219.7,223.3,-3.67,568790.0,251.0,151.0
SSHL,4/13/2026,223.3,228.0,222.0,227.0,1.66,403448.0,251.0,151.0
SSHL,4/15/2026,230.0,239.7,228.3,235.2,2.26,1024815.0,251.0,151.0
SSHL,4/16/2026,238.0,239.0,227.0,228.0,-4.2,446270.0,251.0,151.0
SSHL,4/17/2026,228.0,232.0,222.2,229.3,0.57,437760.0,251.0,151.0
SSHL,4/20/2026,230.0,230.0,222.0,225.0,-2.17,220936.0,251.0,151.0
SSHL,4/21/2026,216.2,227.0,216.2,220.0,1.76,238571.0,251.0,151.0
SSHL,4/22/2026,231.0,231.0,213.0,221.9,-3.94,514472.0,251.0,151.0
SSHL,4/23/2026,222.0,225.3,217.0,218.5,-1.58,189785.0,251.0,151.0
SSHL,4/24/2026,218.5,221.5,215.0,219.4,0.41,183355.0,251.0,151.0
SSHL,4/27/2026,230.3,230.3,218.0,218.5,-5.12,118316.0,251.0,151.0
SSHL,4/28/2026,218.5,223.0,215.0,215.0,-1.6,204765.0,251.0,151.0
SSHL,4/29/2026,204.3,218.0,204.3,213.0,4.26,215377.0,251.0,151.0
SSHL,4/30/2026,213.0,215.0,208.1,212.0,-0.47,174304.0,251.0,151.0
SSHL,5/4/2026,210.1,214.7,206.6,207.0,-1.48,172064.0,251.0,151.0
SSHL,5/5/2026,209.9,215.0,205.2,211.3,0.67,224126.0,251.0,151.0
SSHL,5/6/2026,214.0,215.5,210.0,211.0,-1.4,137249.0,251.0,151.0
SSHL,5/7/2026,214.0,214.0,208.6,210.9,-1.45,50738.0,251.0,151.0
SSHL,5/8/2026,221.4,221.4,206.0,214.0,-3.34,122918.0,251.0,151.0
SSHL,5/11/2026,217.0,220.0,216.0,219.9,1.34,225403.0,251.0,151.0
SSHL,5/12/2026,230.8,230.8,214.0,214.0,-7.28,209751.0,251.0,151.0
SSHL,5/13/2026,215.0,217.0,212.0,214.0,-0.47,84462.0,251.0,151.0
SSHL,5/14/2026,214.0,219.0,212.0,213.0,-0.47,104033.0,251.0,151.0
SSHL,5/15/2026,213.0,216.0,211.0,212.5,-0.23,98974.0,251.0,151.0
SSHL,5/18/2026,212.6,215.0,211.0,212.0,-0.28,54029.0,251.0,151.0
SSHL,5/19/2026,211.0,214.4,210.5,210.5,-0.24,59770.0,251.0,151.0
SSHL,5/20/2026,210.5,217.8,210.5,217.2,3.18,166427.0,251.0,151.0
SSHL,5/21/2026,219.8,219.9,215.0,216.4,-1.55,101422.0,251.0,151.0
SSHL,5/22/2026,216.0,222.1,214.0,221.9,2.73,306906.0,251.0,151.0
SSHL,5/25/2026,220.0,228.8,220.0,225.5,2.5,331041.0,251.0,151.0
SSHL,5/26/2026,225.5,225.9,221.1,222.5,-1.33,111832.0,251.0,151.0
SSHL,5/27/2026,224.8,224.8,220.2,222.3,-1.11,162919.0,251.0,151.0
SSHL,6/1/2026,220.0,223.9,213.5,215.2,-2.18,153154.0,251.0,151.0
SSHL,6/2/2026,225.9,225.9,213.9,218.4,-3.32,117336.0,251.0,151.0
SSHL,6/3/2026,215.0,220.7,215.0,216.8,0.84,147761.0,251.0,151.0
SSHL,6/4/2026,216.0,217.0,214.1,215.6,-0.19,104003.0,251.0,151.0
SSHL,6/5/2026,215.0,216.0,213.4,214.0,-0.47,109902.0,251.0,151.0
SSHL,6/8/2026,216.3,216.5,212.0,212.7,-1.66,101778.0,251.0,151.0
SSHL,6/9/2026,213.0,215.9,208.0,213.6,0.28,158656.0,251.0,151.0
SSHL,6/10/2026,215.0,218.0,212.0,212.1,-1.35,46455.0,251.0,151.0
SSHL,6/11/2026,212.0,214.0,208.6,210.9,-0.52,88785.0,251.0,151.0
SSHL,6/12/2026,210.9,216.9,210.0,211.9,0.47,150799.0,251.0,151.0
SSHL,6/15/2026,222.4,222.4,210.8,212.0,-4.68,60648.0,251.0,151.0
SSHL,6/16/2026,214.8,215.0,209.0,210.0,-2.23,65639.0,251.0,151.0
SSHL,6/17/2026,211.1,214.0,209.5,209.5,-0.76,48081.0,251.0,151.0
SSHL,6/18/2026,209.5,212.0,208.0,208.5,-0.48,70770.0,251.0,151.0
SSHL,6/19/2026,212.0,212.0,206.0,206.0,-2.83,99303.0,251.0,151.0
SSHL,6/22/2026,196.0,210.1,196.0,206.0,5.1,68285.0,251.0,151.0
SSHL,6/23/2026,205.0,206.9,202.0,203.0,-0.98,103712.0,251.0,151.0
SSHL,6/24/2026,203.0,205.7,199.3,200.0,-1.48,160577.0,251.0,151.0
SSHL,6/26/2026,200.0,201.9,198.0,198.9,-0.55,69601.0,251.0,151.0
SSHL,6/29/2026,199.9,200.0,196.0,196.4,-1.75,59038.0,251.0,151.0
SSHL,6/30/2026,197.0,198.0,193.5,193.9,-1.57,77934.0,251.0,151.0
SSHL,7/1/2026,196.0,204.5,194.0,204.4,4.29,161143.0,251.0,151.0
SSHL,7/2/2026,203.0,205.8,198.5,201.1,-0.94,81816.0,251.0,151.0
SSHL,7/3/2026,200.0,203.9,199.1,200.0,0.0,102291.0,251.0,151.0
SSHL,7/6/2026,201.9,202.0,196.0,196.8,-2.53,67341.0,251.0,151.0
SSHL,7/7/2026,199.0,203.0,196.0,201.0,1.01,101125.0,251.0,151.0
SSHL,7/8/2026,211.0,211.0,196.0,197.5,-6.4,64288.0,251.0,151.0
SSHL,7/9/2026,198.0,198.9,195.0,195.5,-1.26,63363.0,251.0,151.0
SSHL,7/10/2026,195.5,199.0,195.0,195.0,-0.26,93126.0,251.0,151.0
SSHL,7/13/2026,195.0,198.8,192.0,192.2,-1.44,78046.0,251.0,151.0
SSHL,7/14/2026,185.0,200.0,185.0,195.0,5.41,103608.0,251.0,151.0
SSHL,7/15/2026,195.0,199.9,195.0,195.3,0.15,69210.0,251.0,151.0
SSHL,7/16/2026,190.0,198.9,189.0,194.9,2.58,74593.0,251.0,151.0
SSHL,7/17/2026,199.0,209.9,197.9,207.5,4.27,191735.0,251.0,151.0
SSHL,7/20/2026,207.0,215.0,203.0,213.0,2.9,161561.0,251.0,151.0
SSHL,7/21/2026,223.6,223.6,210.0,214.0,-4.29,178577.0,251.0,151.0
SSHL,7/22/2026,210.2,214.0,209.0,211.0,0.38,117892.0,251.0,151.0
SSHL,7/23/2026,211.0,212.0,207.9,211.7,0.33,91952.0,251.0,151.0
SSHL,7/24/2026,221.1,221.1,209.0,209.5,-5.25,92395.0,251.0,151.0
SSHL,7/27/2026,212.0,212.0,205.0,205.0,-3.3,83463.0,251.0,151.0
SSHL,7/28/2026,207.9,207.9,203.0,205.0,-1.39,105583.0,251.0,151.0
SSHL,7/29/2026,203.4,207.9,203.0,204.5,0.54,91386.0,251.0,151.0
SSHL,7/30/2026,205.0,206.8,201.5,203.0,-0.98,49737.0,251.0,151.0
SSHL,7/31/2026,203.5,206.0,202.3,205.0,0.74,93044.0,251.0,151.0
SSHL,8/3/2026,208.0,208.0,203.0,205.0,-1.44,72751.0,251.0,151.0
SSHL,8/4/2026,205.0,205.9,203.1,203.4,-0.78,58809.0,251.0,151.0
SSHL,8/5/2026,205.0,206.0,202.0,203.0,-0.98,74213.0,251.0,151.0
SSHL,8/6/2026,205.0,206.0,202.5,202.5,-1.22,71658.0,251.0,151.0
SSHL,8/7/2026,205.0,205.0,200.1,200.3,-2.29,78553.0,251.0,151.0
SSHL,8/10/2026,205.0,205.0,200.0,200.5,-2.2,57281.0,251.0,151.0
SSHL,8/11/2026,191.0,204.8,191.0,201.7,5.6,56990.0,251.0,151.0
SSHL,8/12/2026,200.0,203.7,199.6,200.0,0.0,53949.0,251.0,151.0
SSHL,8/13/2026,200.0,208.5,200.0,206.4,3.2,207956.0,251.0,151.0
SSHL,8/14/2026,197.0,208.5,197.0,204.6,3.86,82517.0,251.0,151.0
SSHL,8/17/2026,207.8,207.8,201.5,203.0,-2.31,43538.0,251.0,151.0
SSHL,8/18/2026,213.0,213.0,199.6,200.0,-6.1,109269.0,251.0,151.0
SSHL,8/19/2026,200.1,203.0,198.1,200.8,0.35,36822.0,251.0,151.0
SSHL,8/20/2026,200.0,201.0,198.4,200.0,0.0,56891.0,251.0,151.0
SSHL,8/21/2026,200.0,203.0,198.0,198.0,-1.0,77267.0,251.0,151.0
SSHL,8/24/2026,198.0,201.0,198.0,198.5,0.25,28237.0,251.0,151.0
SSHL,8/25/2026,200.0,200.9,196.5,196.8,-1.6,56951.0,251.0,151.0
SSHL,8/26/2026,196.8,198.9,192.1,193.1,-1.88,119667.0,251.0,151.0
SSHL,8/27/2026,192.0,196.9,186.7,194.0,1.04,101350.0,251.0,151.0
SSHL,8/31/2026,192.0,192.0,188.0,188.0,-2.08,80406.0,251.0,151.0
SSHL,9/1/2026,188.0,193.5,187.0,191.4,1.81,64040.0,251.0,151.0
SSHL,9/2/2026,191.0,194.8,191.0,193.3,1.2,34026.0,251.0,151.0
SSHL,9/3/2026,193.5,194.5,190.0,191.2,-1.19,49706.0,251.0,151.0
SSHL,9/7/2026,191.2,196.0,191.2,193.0,0.94,50337.0,251.0,151.0
SSHL,9/9/2026,193.0,195.0,191.0,191.0,-1.04,36669.0,251.0,151.0
SSHL,9/10/2026,181.5,201.0,181.5,200.4,10.41,184682.0,251.0,151.0
SSHL,9/11/2026,200.0,214.0,200.0,212.3,6.15,593275.0,251.0,151.0
SSHL,9/14/2026,213.0,217.0,206.0,207.0,-2.82,135130.0,251.0,151.0
SSHL,9/15/2026,215.0,217.3,208.6,208.8,-2.88,281037.0,251.0,151.0
SSHL,9/16/2026,198.4,217.4,198.4,212.0,6.85,561763.0,251.0,151.0
SSHL,9/17/2026,215.0,219.0,211.1,213.0,-0.93,182147.0,251.0,151.0
SSHL,9/18/2026,212.0,216.9,211.2,212.1,0.05,141204.0,251.0,151.0
SSHL,9/22/2026,201.6,216.9,201.6,213.8,6.05,227135.0,251.0,151.0
SSHL,9/23/2026,203.2,215.0,203.2,210.0,3.35,196695.0,251.0,151.0
SSHL,9/24/2026,207.2,209.9,205.2,207.1,-0.05,151367.0,251.0,151.0
SSHL,9/28/2026,196.8,212.0,196.8,205.6,4.47,133233.0,251.0,151.0
SSHL,9/29/2026,207.0,207.0,203.3,0.0,-100.0,49358.0,251.0,151.0
SSHL,9/30/2026,209.6,209.6,204.0,205.8,-1.81,114708.0,251.0,151.0
SSHL,10/1/2026,208.9,212.0,205.0,208.6,-0.14,215602.0,251.0,151.0
SSHL,10/2/2026,210.9,210.9,205.0,206.1,-2.28,98176.0,251.0,151.0
STC,12/21/2025,5312.1,5399.0,5312.1,5399.0,,1445.0,6335.9,4997.1
STC,12/22/2025,5390.0,5408.0,5351.0,5404.0,0.09,1516.0,6335.9,4997.1
STC,12/23/2025,5404.0,5430.0,5363.0,5400.0,-0.07,1919.0,6335.9,4997.1
STC,12/24/2025,5500.0,5500.0,5370.0,5405.0,0.09,1464.0,6335.9,4997.1
STC,12/28/2025,5485.0,5485.0,5430.0,5480.0,1.39,2661.0,6335.9,4997.1
STC,12/29/2025,5500.0,5543.0,5442.2,5514.0,0.62,3740.0,6335.9,4997.1
STC,12/31/2025,5555.0,5584.0,5480.0,5525.0,0.2,1555.0,6335.9,4997.1
STC,1/1/2026,5630.0,5630.0,5500.0,5525.0,0.0,1595.0,6335.9,4997.1
STC,1/4/2026,5535.0,5535.0,5425.0,5500.0,-0.45,2287.0,6335.9,4997.1
STC,1/5/2026,5460.0,5535.0,5460.0,5535.0,0.64,1221.0,6335.9,4997.1
STC,1/6/2026,5625.0,5625.0,5426.0,5520.0,-0.27,1745.0,6335.9,4997.1
STC,1/7/2026,5548.0,5550.0,5465.2,5498.0,-0.4,725.0,6335.9,4997.1
STC,1/8/2026,5589.0,5589.0,5480.0,5539.0,0.75,1269.0,6335.9,4997.1
STC,1/12/2026,5579.0,5580.0,5525.0,5580.0,0.74,3259.0,6335.9,4997.1
STC,1/13/2026,5550.0,5599.0,5540.0,5599.0,0.34,1362.0,6335.9,4997.1
STC,1/14/2026,5629.0,5629.0,5550.0,5595.9,-0.06,1813.0,6335.9,4997.1
STC,1/18/2026,5581.0,5609.0,5580.0,5606.0,0.18,972.0,6335.9,4997.1
STC,1/20/2026,5655.0,5655.0,5580.0,5610.0,0.07,1462.0,6335.9,4997.1
STC,1/21/2026,5678.0,5678.0,5575.0,5618.0,0.14,1433.0,6335.9,4997.1
STC,1/22/2026,5618.0,5640.0,5580.0,5580.0,-0.68,2564.0,6335.9,4997.1
STC,1/25/2026,5580.1,5680.0,5580.1,5610.0,0.54,2753.0,6335.9,4997.1
STC,1/26/2026,5699.0,5699.0,5586.0,5600.0,-0.18,1952.0,6335.9,4997.1
STC,1/27/2026,5600.0,5600.0,5550.0,5557.0,-0.77,2561.0,6335.9,4997.1
STC,1/28/2026,5598.0,5712.0,5525.0,5673.0,2.09,5210.0,6335.9,4997.1
STC,1/29/2026,5750.0,5750.0,5600.0,5650.0,-0.41,2343.0,6335.9,4997.1
STC,2/1/2026,5600.0,5650.0,5600.0,5640.0,-0.18,1592.0,6335.9,4997.1
STC,2/2/2026,5577.0,5640.0,5577.0,5605.0,-0.62,635.0,6335.9,4997.1
STC,2/3/2026,5571.1,5640.0,5571.1,5595.0,-0.18,1031.0,6335.9,4997.1
STC,2/4/2026,5595.0,5670.0,5551.0,5551.0,-0.79,1186.0,6335.9,4997.1
STC,2/5/2026,5575.0,5575.0,5520.1,5527.0,-0.43,2875.0,6335.9,4997.1
STC,2/8/2026,5527.0,5551.0,5462.0,5476.0,-0.92,4692.0,6335.9,4997.1
STC,2/9/2026,5480.0,5520.0,5415.0,5435.0,-0.75,539.0,6335.9,4997.1
STC,2/10/2026,5532.0,5532.0,5441.0,5441.0,0.11,915.0,6335.9,4997.1
STC,2/11/2026,5470.0,5535.0,5445.0,5500.0,1.08,976.0,6335.9,4997.1
STC,2/12/2026,5500.0,5575.0,5500.0,5550.0,0.91,2897.0,6335.9,4997.1
STC,2/16/2026,5620.0,5620.0,5540.0,5565.0,0.27,1302.0,6335.9,4997.1
STC,2/17/2026,5531.0,5560.0,5510.0,5549.0,-0.29,1397.0,6335.9,4997.1
STC,2/22/2026,5499.0,5594.0,5465.2,5594.0,0.81,985.0,6335.9,4997.1
STC,2/23/2026,5555.0,5700.0,5475.0,5575.0,-0.34,5730.0,6335.9,4997.1
STC,2/24/2026,5589.0,5642.0,5575.0,5640.0,1.17,2757.0,6335.9,4997.1
STC,2/25/2026,5689.0,6000.0,5650.0,5819.0,3.17,9792.0,6335.9,4997.1
STC,2/26/2026,5825.0,5954.0,5763.0,5954.0,2.32,6185.0,6335.9,4997.1
STC,2/27/2026,5825.0,5954.0,5763.0,5954.0,0.0,6185.0,6335.9,4997.1
STC,2/28/2026,5825.0,5954.0,5763.0,5954.0,0.0,6185.0,6335.9,4997.1
STC,3/2/2026,5835.0,6089.8,5835.0,6070.0,1.95,10656.0,6335.9,4997.1
STC,3/3/2026,6098.9,6134.8,6003.1,6090.0,0.33,2323.0,6335.9,4997.1
STC,3/4/2026,6098.9,6134.8,6003.1,6090.0,0.0,2323.0,6335.9,4997.1
STC,3/5/2026,6098.9,6134.8,6003.1,6090.0,0.0,2323.0,6335.9,4997.1
STC,3/6/2026,6098.9,6134.8,6003.1,6090.0,0.0,2323.0,6335.9,4997.1
STC,3/7/2026,6098.9,6134.8,6003.1,6090.0,0.0,2323.0,6335.9,4997.1
STC,3/8/2026,6098.9,6134.8,6003.1,6090.0,0.0,2323.0,6335.9,4997.1
STC,3/9/2026,6211.8,6335.9,6171.0,6294.0,3.35,138.0,6335.9,4997.1
STC,3/10/2026,6294.0,6295.0,6060.0,6204.9,-1.42,5582.0,6335.9,4997.1
STC,3/11/2026,6229.9,6229.9,6011.0,6087.2,-1.9,2651.0,6335.9,4997.1
STC,3/12/2026,6051.0,6150.4,6051.0,6057.0,-0.5,3247.0,6335.9,4997.1
STC,3/13/2026,6051.0,6150.4,6051.0,6057.0,0.0,3247.0,6335.9,4997.1
STC,3/14/2026,6051.0,6150.4,6051.0,6057.0,0.0,3247.0,6335.9,4997.1
STC,3/15/2026,6100.0,6140.0,6051.0,6140.0,1.37,1829.0,6335.9,4997.1
STC,3/16/2026,6100.0,6150.0,6052.1,6102.0,-0.62,864.0,6335.9,4997.1
STC,3/17/2026,6145.9,6165.9,6070.3,6150.0,0.79,1455.0,6335.9,4997.1
STC,3/18/2026,6145.9,6165.9,6070.3,6150.0,0.0,1455.0,6335.9,4997.1
STC,3/19/2026,6110.0,6150.0,6055.1,6061.2,-1.44,4738.0,6335.9,4997.1
STC,3/20/2026,6110.0,6150.0,6055.1,6061.2,0.0,4738.0,6335.9,4997.1
STC,3/21/2026,6110.0,6150.0,6055.1,6061.2,0.0,4738.0,6335.9,4997.1
STC,3/22/2026,6050.2,6150.0,6050.1,6072.0,0.18,3731.0,6335.9,4997.1
STC,3/23/2026,6003.0,6135.0,6001.0,6026.0,-0.76,3612.0,6335.9,4997.1
STC,3/24/2026,6050.0,6100.0,6027.0,6100.0,1.23,3670.0,6335.9,4997.1
STC,3/25/2026,6040.0,6100.0,6035.0,6100.0,0.0,3759.0,6335.9,4997.1
STC,3/26/2026,6100.0,6100.0,6032.0,6060.0,-0.66,511.0,6335.9,4997.1
STC,3/29/2026,6060.0,6060.0,5901.1,5905.0,-2.56,4432.0,6335.9,4997.1
STC,3/30/2026,5905.0,5980.0,5800.0,5800.0,-1.78,2178.0,6335.9,4997.1
STC,3/31/2026,5761.0,5850.0,5736.0,5850.0,1.54,1681.0,6335.9,4997.1
STC,4/1/2026,5967.0,5967.0,5750.0,5764.1,-3.4,6920.0,6335.9,4997.1
STC,4/2/2026,5701.0,5820.0,5689.0,5731.0,0.53,2799.0,6335.9,4997.1
STC,4/5/2026,5691.0,5697.0,5610.0,5610.0,-1.42,2079.0,6335.9,4997.1
STC,4/6/2026,5550.0,5700.0,5501.0,5688.0,2.49,4115.0,6335.9,4997.1
STC,4/7/2026,5574.3,5768.0,5574.3,5651.0,1.38,2751.0,6335.9,4997.1
STC,4/8/2026,5764.0,5764.0,5630.0,5700.0,-1.11,7170.0,6335.9,4997.1
STC,4/9/2026,5700.0,5848.0,5612.2,5818.9,2.09,1626.0,6335.9,4997.1
STC,4/10/2026,5765.0,5820.0,5740.0,5790.0,0.43,1533.0,6335.9,4997.1
STC,4/13/2026,5677.0,5795.0,5677.0,5720.0,0.76,2752.0,6335.9,4997.1
STC,4/15/2026,5720.0,5818.9,5720.0,5799.0,1.38,1301.0,6335.9,4997.1
STC,4/16/2026,5850.0,5940.0,5760.0,5850.0,0.0,2556.0,6335.9,4997.1
STC,4/17/2026,5800.1,5850.0,5774.3,5824.0,0.41,320.0,6335.9,4997.1
STC,4/20/2026,5710.0,5799.0,5710.0,5777.0,1.17,111.0,6335.9,4997.1
STC,4/21/2026,5845.0,5845.0,5712.0,5750.0,-1.63,714.0,6335.9,4997.1
STC,4/22/2026,5710.0,5795.0,5617.0,5700.0,-0.18,663.0,6335.9,4997.1
STC,4/23/2026,5650.0,5800.0,5550.0,5689.9,0.71,3909.0,6335.9,4997.1
STC,4/24/2026,5690.0,5770.0,5633.0,5770.0,1.41,9254.0,6335.9,4997.1
STC,4/27/2026,5770.0,5980.0,5770.0,5958.0,3.26,4522.0,6335.9,4997.1
STC,4/28/2026,5958.0,6001.0,5853.0,5937.0,-0.35,5329.0,6335.9,4997.1
STC,4/29/2026,5937.0,5985.0,5826.0,5895.0,-0.71,902.0,6335.9,4997.1
STC,4/30/2026,5850.0,5850.0,5740.0,5800.0,-0.85,501.0,6335.9,4997.1
STC,5/4/2026,5800.0,5800.0,5700.0,5700.0,-1.72,1278.0,6335.9,4997.1
STC,5/5/2026,5700.0,5782.4,5661.0,5755.0,0.96,340.0,6335.9,4997.1
STC,5/6/2026,5755.0,5780.0,5700.0,5779.0,0.42,320.0,6335.9,4997.1
STC,5/7/2026,5670.2,5750.0,5670.2,5750.0,1.41,202.0,6335.9,4997.1
STC,5/8/2026,5750.0,5800.0,5750.0,5800.0,0.87,392.0,6335.9,4997.1
STC,5/11/2026,5800.0,6064.0,5711.1,5887.0,1.5,1194.0,6335.9,4997.1
STC,5/12/2026,5890.0,5890.0,5756.0,5782.1,-1.83,123.0,6335.9,4997.1
STC,5/13/2026,5715.0,5955.5,5710.0,5925.0,3.67,2360.0,6335.9,4997.1
STC,5/14/2026,5925.0,6049.0,5874.1,5970.0,0.76,3149.0,6335.9,4997.1
STC,5/15/2026,5998.0,6000.0,5900.0,5984.0,-0.23,863.0,6335.9,4997.1
STC,5/18/2026,6048.9,6090.0,5920.0,5977.9,-1.17,2578.0,6335.9,4997.1
STC,5/19/2026,5994.0,5999.0,5903.1,5943.0,-0.85,754.0,6335.9,4997.1
STC,5/20/2026,5900.0,5960.0,5900.0,5960.0,1.02,674.0,6335.9,4997.1
STC,5/21/2026,5904.0,5960.0,5881.6,5960.0,0.95,1122.0,6335.9,4997.1
STC,5/22/2026,5960.0,5995.0,5860.0,5930.0,-0.5,205.0,6335.9,4997.1
STC,5/25/2026,5863.0,5958.0,5830.0,5958.0,1.62,964.0,6335.9,4997.1
STC,5/26/2026,5975.0,5975.0,5885.1,5939.9,-0.59,1740.0,6335.9,4997.1
STC,5/27/2026,5587.3,5658.9,5530.0,5569.0,-0.33,2908.0,6335.9,4997.1
STC,6/1/2026,5548.0,5560.1,5454.2,5497.9,-0.9,1142.0,6335.9,4997.1
STC,6/2/2026,5454.2,5510.0,5390.1,5510.0,1.02,777.0,6335.9,4997.1
STC,6/3/2026,5475.0,5519.8,5400.0,5485.0,0.18,735.0,6335.9,4997.1
STC,6/4/2026,5400.0,5539.0,5382.1,5499.5,1.84,826.0,6335.9,4997.1
STC,6/5/2026,5400.3,5450.0,5400.3,5450.0,0.92,550.0,6335.9,4997.1
STC,6/8/2026,5479.0,5479.0,5400.0,5438.0,-0.75,964.0,6335.9,4997.1
STC,6/9/2026,5438.0,5440.0,5376.1,5430.0,-0.15,825.0,6335.9,4997.1
STC,6/10/2026,5410.0,5425.0,5390.0,5420.0,0.18,1290.0,6335.9,4997.1
STC,6/11/2026,5444.0,5444.0,5365.0,5400.0,-0.81,230.0,6335.9,4997.1
STC,6/12/2026,5400.0,5400.0,5353.1,5397.0,-0.06,311.0,6335.9,4997.1
STC,6/15/2026,5350.0,5378.0,5305.0,5305.0,-0.84,574.0,6335.9,4997.1
STC,6/16/2026,5305.0,5305.1,5255.5,5257.0,-0.9,275.0,6335.9,4997.1
STC,6/17/2026,5257.0,5261.0,5252.1,5261.0,0.08,118.0,6335.9,4997.1
STC,6/18/2026,5280.0,5280.0,5230.2,5271.0,-0.17,180.0,6335.9,4997.1
STC,6/19/2026,5290.0,5325.0,5271.0,5325.0,0.66,250.0,6335.9,4997.1
STC,6/22/2026,5326.0,5368.0,5325.0,5368.0,0.79,51.0,6335.9,4997.1
STC,6/23/2026,5270.0,5368.0,5270.0,5360.0,1.71,50.0,6335.9,4997.1
STC,6/24/2026,5261.0,5261.0,5112.0,5250.0,-0.21,289.0,6335.9,4997.1
STC,6/26/2026,5154.0,5200.0,5154.0,5190.0,0.7,98.0,6335.9,4997.1
STC,6/29/2026,5190.0,5191.0,5160.0,5165.0,-0.48,418.0,6335.9,4997.1
STC,6/30/2026,5165.0,5200.0,5150.0,5199.0,0.66,483.0,6335.9,4997.1
STC,7/1/2026,5150.0,5235.0,5051.0,5235.0,1.65,2596.0,6335.9,4997.1
STC,7/2/2026,5235.0,5239.0,5100.0,5179.9,-1.05,1250.0,6335.9,4997.1
STC,7/3/2026,5162.1,5174.0,5100.0,5170.0,0.15,2478.0,6335.9,4997.1
STC,7/6/2026,5071.0,5198.0,5071.0,5177.0,2.09,1263.0,6335.9,4997.1
STC,7/7/2026,5177.0,5177.0,5071.2,5175.0,-0.04,2316.0,6335.9,4997.1
STC,7/8/2026,5100.0,5150.0,5050.0,5150.0,0.98,1686.0,6335.9,4997.1
STC,7/9/2026,5060.0,5190.0,5040.1,5190.0,2.57,2159.0,6335.9,4997.1
STC,7/10/2026,5179.0,5181.0,5040.0,5145.0,-0.66,1427.0,6335.9,4997.1
STC,7/13/2026,5150.0,5150.0,5050.0,5050.0,-1.94,1060.0,6335.9,4997.1
STC,7/14/2026,5052.0,5150.0,5000.1,5150.0,1.94,1487.0,6335.9,4997.1
STC,7/15/2026,5155.0,5170.0,5014.1,5170.0,0.29,5240.0,6335.9,4997.1
STC,7/16/2026,5100.0,5169.0,5100.0,5169.0,1.35,56.0,6335.9,4997.1
STC,7/17/2026,5249.0,5344.0,5200.0,5259.0,0.19,657.0,6335.9,4997.1
STC,7/20/2026,5279.0,5300.0,5251.0,5295.0,0.3,359.0,6335.9,4997.1
STC,7/21/2026,5378.0,5399.0,5250.0,5250.0,-2.38,481.0,6335.9,4997.1
STC,7/22/2026,5250.0,5250.0,5190.0,5200.0,-0.95,1220.0,6335.9,4997.1
STC,7/23/2026,5200.0,5201.0,5200.0,5200.0,0.0,1206.0,6335.9,4997.1
STC,7/24/2026,5102.0,5250.0,5102.0,5175.0,1.43,1310.0,6335.9,4997.1
STC,7/27/2026,5210.0,5210.0,5150.0,5200.0,-0.19,1345.0,6335.9,4997.1
STC,7/28/2026,5200.0,5200.0,5125.5,5200.0,0.0,3227.0,6335.9,4997.1
STC,7/29/2026,5130.0,5199.0,5130.0,5190.0,1.17,1491.0,6335.9,4997.1
STC,7/30/2026,5190.0,5190.0,5122.1,5189.0,-0.02,346.0,6335.9,4997.1
STC,7/31/2026,5200.0,5200.0,5150.0,5150.0,-0.96,289.0,6335.9,4997.1
STC,8/3/2026,5200.0,5200.0,5160.0,5160.0,-0.77,195.0,6335.9,4997.1
STC,8/4/2026,5160.0,5200.0,5150.0,5150.0,-0.19,221.0,6335.9,4997.1
STC,8/5/2026,5160.0,5200.0,5150.0,5200.0,0.78,230.0,6335.9,4997.1
STC,8/6/2026,5200.0,5200.0,5200.0,5200.0,0.0,20.0,6335.9,4997.1
STC,8/7/2026,5250.0,5250.0,5125.0,5180.0,-1.33,515.0,6335.9,4997.1
STC,8/10/2026,5170.0,5170.0,5150.0,5170.0,0.0,180.0,6335.9,4997.1
STC,8/11/2026,5151.0,5200.0,5135.0,5200.0,0.95,1402.0,6335.9,4997.1
STC,8/12/2026,5210.0,5210.0,5140.2,5200.0,-0.19,896.0,6335.9,4997.1
STC,8/13/2026,5271.0,5272.0,5200.0,5200.0,-1.35,40.0,6335.9,4997.1
STC,8/14/2026,5200.0,5231.0,5200.0,5200.0,0.0,767.0,6335.9,4997.1
STC,8/17/2026,5280.0,5290.0,5156.0,5170.0,-2.08,825.0,6335.9,4997.1
STC,8/18/2026,5300.0,5300.0,5150.0,5168.0,-2.49,615.0,6335.9,4997.1
STC,8/19/2026,5250.0,5250.0,5171.0,5200.0,-0.95,168.0,6335.9,4997.1
STC,8/20/2026,5106.1,5200.0,5100.0,5200.0,1.84,1097.0,6335.9,4997.1
STC,8/21/2026,5190.6,5190.6,5165.0,5184.0,-0.13,1348.0,6335.9,4997.1
STC,8/24/2026,5184.0,5195.0,5101.2,5195.0,0.21,404.0,6335.9,4997.1
STC,8/25/2026,5215.0,5215.0,5170.0,5170.0,-0.86,346.0,6335.9,4997.1
STC,8/26/2026,5170.0,5170.0,5112.1,5168.0,-0.04,296.0,6335.9,4997.1
STC,8/27/2026,5168.0,5190.0,5150.0,5170.0,0.04,256.0,6335.9,4997.1
STC,8/31/2026,5200.0,5300.0,5150.1,5168.0,-0.62,265.0,6335.9,4997.1
STC,9/1/2026,5175.0,5220.0,5165.1,5180.0,0.1,435.0,6335.9,4997.1
STC,9/2/2026,5180.0,5279.9,5180.0,5193.7,0.26,624.0,6335.9,4997.1
STC,9/3/2026,5269.0,5269.0,5200.0,5206.1,-1.19,1168.0,6335.9,4997.1
STC,9/7/2026,5288.0,5290.0,5161.1,5226.1,-1.17,1003.0,6335.9,4997.1
STC,9/9/2026,5225.0,5299.9,5225.0,5263.1,0.73,660.0,6335.9,4997.1
STC,9/10/2026,5305.0,5400.0,5265.1,5369.9,1.22,2518.0,6335.9,4997.1
STC,9/11/2026,5464.0,5627.0,5276.0,5400.1,-1.17,1615.0,6335.9,4997.1
STC,9/14/2026,5400.1,5450.0,5383.0,5450.0,0.92,871.0,6335.9,4997.1
STC,9/15/2026,5722.0,6000.0,5450.1,5500.0,-3.88,1793.0,6335.9,4997.1
STC,9/16/2026,5500.0,5540.0,5424.9,5540.0,0.73,1218.0,6335.9,4997.1
STC,9/17/2026,5590.0,5750.0,5500.0,5600.0,0.18,4828.0,6335.9,4997.1
STC,9/18/2026,5811.9,5811.9,5500.0,5650.0,-2.79,1699.0,6335.9,4997.1
STC,9/22/2026,5552.0,5630.0,5482.0,5590.0,0.68,7884.0,6335.9,4997.1
STC,9/23/2026,5600.0,5600.0,5499.0,5499.0,-1.8,6592.0,6335.9,4997.1
STC,9/24/2026,5412.0,5563.0,5412.0,5563.0,2.79,1185.0,6335.9,4997.1
STC,9/28/2026,5440.1,5594.0,5440.1,5577.0,2.52,1732.0,6335.9,4997.1
STC,9/29/2026,5477.0,5765.8,5477.0,0.0,-100.0,1796.0,6335.9,4997.1
STC,9/30/2026,5630.0,5650.0,5550.0,5625.0,-0.09,648.0,6335.9,4997.1
STC,10/1/2026,5555.5,5556.0,5555.5,5555.9,0.01,48.0,6335.9,4997.1
STC,10/2/2026,5278.2,5584.9,5278.2,5550.0,5.15,144.0,6335.9,4997.1
SWASTIK,12/21/2025,3159.0,3400.0,2860.2,2900.0,,44290.0,3400.0,391.7
SWASTIK,12/22/2025,2900.0,2900.0,2740.0,2740.1,-5.51,22540.0,3400.0,391.7
SWASTIK,12/23/2025,2690.0,3014.1,2690.0,2882.0,5.18,7680.0,3400.0,391.7
SWASTIK,12/24/2025,2890.0,2890.0,2806.8,2828.9,-1.84,4400.0,3400.0,391.7
SWASTIK,12/28/2025,2801.0,2828.9,2770.1,2781.0,-1.69,7650.0,3400.0,391.7
SWASTIK,12/29/2025,2833.0,2833.0,2730.0,2750.0,-1.11,5838.0,3400.0,391.7
SWASTIK,12/31/2025,2750.0,2800.0,2745.3,2764.0,0.51,5950.0,3400.0,391.7
SWASTIK,1/1/2026,2750.0,2830.0,2742.3,2770.0,0.22,5516.0,3400.0,391.7
SWASTIK,1/4/2026,2750.0,2933.8,2736.0,2879.0,3.94,9435.0,3400.0,391.7
SWASTIK,1/5/2026,2879.1,3139.0,2840.1,3088.9,7.29,11487.0,3400.0,391.7
SWASTIK,1/6/2026,3088.9,3195.0,2961.0,2999.0,-2.91,7992.0,3400.0,391.7
SWASTIK,1/7/2026,2942.0,3000.0,2870.0,2894.0,-3.5,7166.0,3400.0,391.7
SWASTIK,1/8/2026,2894.0,2929.5,2866.1,2886.0,-0.28,5527.0,3400.0,391.7
SWASTIK,1/12/2026,2886.0,2930.0,2851.0,2885.0,-0.03,4683.0,3400.0,391.7
SWASTIK,1/13/2026,2871.0,2920.0,2871.0,2890.0,0.17,5018.0,3400.0,391.7
SWASTIK,1/14/2026,2926.0,2927.9,2846.0,2846.0,-1.52,4876.0,3400.0,391.7
SWASTIK,1/18/2026,2900.0,2965.0,2867.0,2930.0,2.95,6876.0,3400.0,391.7
SWASTIK,1/20/2026,2988.6,3039.8,2968.0,3005.0,2.56,6691.0,3400.0,391.7
SWASTIK,1/21/2026,3005.0,3030.0,2945.1,2972.0,-1.1,5281.0,3400.0,391.7
SWASTIK,1/22/2026,2945.0,3000.0,2935.4,3000.0,0.94,4507.0,3400.0,391.7
SWASTIK,1/25/2026,3000.0,3299.9,3000.0,3270.1,9.0,9114.0,3400.0,391.7
SWASTIK,1/26/2026,3300.0,3300.0,3160.0,3180.0,-2.76,9085.0,3400.0,391.7
SWASTIK,1/27/2026,3240.0,3240.0,3032.0,3032.0,-4.65,9364.0,3400.0,391.7
SWASTIK,1/28/2026,3031.5,3089.0,3000.0,3070.0,1.25,5486.0,3400.0,391.7
SWASTIK,1/29/2026,3095.0,3110.0,3000.0,3031.0,-1.27,6008.0,3400.0,391.7
SWASTIK,2/1/2026,2972.0,3010.0,2950.0,2960.0,-2.34,3978.0,3400.0,391.7
SWASTIK,2/2/2026,2960.0,3050.0,2926.0,2999.0,1.32,4063.0,3400.0,391.7
SWASTIK,2/3/2026,2952.0,3050.0,2952.0,2990.0,-0.3,2726.0,3400.0,391.7
SWASTIK,2/4/2026,2988.0,3002.0,2960.0,2960.0,-1.0,3015.0,3400.0,391.7
SWASTIK,2/5/2026,2950.0,2994.9,2950.0,2987.0,0.91,3647.0,3400.0,391.7
SWASTIK,2/8/2026,2980.0,3020.0,2943.0,2943.0,-1.47,2713.0,3400.0,391.7
SWASTIK,2/9/2026,2885.2,2940.0,2880.0,2905.0,-1.29,3354.0,3400.0,391.7
SWASTIK,2/10/2026,2870.1,2915.0,2870.0,2880.0,-0.86,2394.0,3400.0,391.7
SWASTIK,2/11/2026,2937.5,2937.6,2862.0,2865.0,-0.52,1181.0,3400.0,391.7
SWASTIK,2/12/2026,2853.1,2905.0,2825.9,2870.0,0.17,2213.0,3400.0,391.7
SWASTIK,2/16/2026,2900.0,2900.0,2831.0,2840.0,-1.05,2135.0,3400.0,391.7
SWASTIK,2/17/2026,2831.1,2835.0,2788.0,2788.9,-1.8,3341.0,3400.0,391.7
SWASTIK,2/22/2026,2761.0,2790.0,2749.0,2751.0,-1.36,1686.0,3400.0,391.7
SWASTIK,2/23/2026,2760.0,2770.0,2730.1,2770.0,0.69,2289.0,3400.0,391.7
SWASTIK,2/24/2026,2800.0,2825.4,2760.0,2825.4,2.0,975.0,3400.0,391.7
SWASTIK,2/25/2026,2860.0,2889.9,2800.0,2865.0,1.4,1264.0,3400.0,391.7
SWASTIK,2/26/2026,2811.0,2830.0,2780.0,2790.0,-2.62,1275.0,3400.0,391.7
SWASTIK,2/27/2026,2811.0,2830.0,2780.0,2790.0,0.0,1275.0,3400.0,391.7
SWASTIK,2/28/2026,2811.0,2830.0,2780.0,2790.0,0.0,1275.0,3400.0,391.7
SWASTIK,3/2/2026,2752.0,2820.0,2752.0,2809.9,0.71,1629.0,3400.0,391.7
SWASTIK,3/3/2026,2809.0,2875.0,2809.0,2875.0,2.32,1535.0,3400.0,391.7
SWASTIK,3/4/2026,2809.0,2875.0,2809.0,2875.0,0.0,1535.0,3400.0,391.7
SWASTIK,3/5/2026,2809.0,2875.0,2809.0,2875.0,0.0,1535.0,3400.0,391.7
SWASTIK,3/6/2026,2809.0,2875.0,2809.0,2875.0,0.0,1535.0,3400.0,391.7
SWASTIK,3/7/2026,2809.0,2875.0,2809.0,2875.0,0.0,1535.0,3400.0,391.7
SWASTIK,3/8/2026,2809.0,2875.0,2809.0,2875.0,0.0,1535.0,3400.0,391.7
SWASTIK,3/9/2026,2932.5,3050.9,2932.5,3050.9,6.12,30.0,3400.0,391.7
SWASTIK,3/10/2026,3100.0,3100.0,2945.0,2987.0,-2.09,4895.0,3400.0,391.7
SWASTIK,3/11/2026,2955.1,3025.3,2941.0,2942.0,-1.51,1290.0,3400.0,391.7
SWASTIK,3/12/2026,2983.0,2983.0,2891.0,2892.4,-1.69,1894.0,3400.0,391.7
SWASTIK,3/13/2026,2983.0,2983.0,2891.0,2892.4,0.0,1894.0,3400.0,391.7
SWASTIK,3/14/2026,2983.0,2983.0,2891.0,2892.4,0.0,1894.0,3400.0,391.7
SWASTIK,3/15/2026,2870.0,2920.0,2845.0,2850.1,-1.46,2868.0,3400.0,391.7
SWASTIK,3/16/2026,2850.0,2900.0,2832.0,2837.0,-0.46,1394.0,3400.0,391.7
SWASTIK,3/17/2026,2821.0,2877.3,2800.2,2817.0,-0.7,1279.0,3400.0,391.7
SWASTIK,3/18/2026,2821.0,2877.3,2800.2,2817.0,0.0,1279.0,3400.0,391.7
SWASTIK,3/19/2026,2817.0,2890.0,2808.0,2862.0,1.6,1134.0,3400.0,391.7
SWASTIK,3/20/2026,2817.0,2890.0,2808.0,2862.0,0.0,1134.0,3400.0,391.7
SWASTIK,3/21/2026,2817.0,2890.0,2808.0,2862.0,0.0,1134.0,3400.0,391.7
SWASTIK,3/22/2026,2890.0,2969.0,2851.0,2943.0,2.83,2830.0,3400.0,391.7
SWASTIK,3/23/2026,2920.0,2956.0,2850.0,2862.1,-2.75,2610.0,3400.0,391.7
SWASTIK,3/24/2026,2860.0,2910.0,2850.0,2875.0,0.45,1834.0,3400.0,391.7
SWASTIK,3/25/2026,2908.0,2929.0,2850.0,2885.0,0.35,1591.0,3400.0,391.7
SWASTIK,3/26/2026,2850.0,2900.0,2850.0,2895.0,1.58,1011.0,3400.0,391.7
SWASTIK,3/29/2026,2852.0,2888.0,2781.0,2781.0,-2.49,4643.0,3400.0,391.7
SWASTIK,3/30/2026,2780.0,2828.0,2742.0,2750.0,-1.08,2433.0,3400.0,391.7
SWASTIK,3/31/2026,2752.0,2798.0,2750.0,2798.0,1.67,882.0,3400.0,391.7
SWASTIK,4/1/2026,2751.1,2765.0,2705.1,2710.0,-1.49,1780.0,3400.0,391.7
SWASTIK,4/2/2026,2700.1,2800.0,2700.0,2720.0,0.74,2218.0,3400.0,391.7
SWASTIK,4/5/2026,2670.0,2700.0,2500.0,2500.0,-6.37,5135.0,3400.0,391.7
SWASTIK,4/6/2026,2550.0,2651.0,2547.0,2600.0,1.96,1756.0,3400.0,391.7
SWASTIK,4/7/2026,2645.0,2645.0,2580.0,2595.0,-1.89,1764.0,3400.0,391.7
SWASTIK,4/8/2026,2620.0,2705.0,2600.0,2700.0,3.05,2392.0,3400.0,391.7
SWASTIK,4/9/2026,2700.0,2780.0,2700.0,2760.0,2.22,2137.0,3400.0,391.7
SWASTIK,4/10/2026,2711.0,2715.0,2670.0,2700.0,-0.41,1365.0,3400.0,391.7
SWASTIK,4/13/2026,2700.0,2700.0,2650.1,2658.0,-1.56,310.0,3400.0,391.7
SWASTIK,4/15/2026,2708.0,2708.0,2606.3,2679.9,-1.04,2101.0,3400.0,391.7
SWASTIK,4/16/2026,2630.0,2645.0,2602.0,2628.0,-0.08,1350.0,3400.0,391.7
SWASTIK,4/17/2026,2596.0,2600.0,2580.0,2595.0,-0.04,1410.0,3400.0,391.7
SWASTIK,4/20/2026,2556.1,2610.0,2556.1,2581.0,0.97,1910.0,3400.0,391.7
SWASTIK,4/21/2026,2550.0,2600.0,2550.0,2575.0,0.98,1244.0,3400.0,391.7
SWASTIK,4/22/2026,2702.9,2702.9,2543.3,2619.0,-3.1,1662.0,3400.0,391.7
SWASTIK,4/23/2026,2619.0,2619.0,2540.0,2545.0,-2.83,1408.0,3400.0,391.7
SWASTIK,4/24/2026,2545.0,2550.0,2500.0,2550.0,0.2,1075.0,3400.0,391.7
SWASTIK,4/27/2026,2550.0,2550.0,2510.3,2550.0,0.0,705.0,3400.0,391.7
SWASTIK,4/28/2026,2550.0,2585.0,2511.0,2517.0,-1.29,2393.0,3400.0,391.7
SWASTIK,4/29/2026,2517.0,2500.0,2454.2,2480.0,-1.47,1896.0,3400.0,391.7
SWASTIK,4/30/2026,2462.0,2462.0,2420.0,2455.0,-0.28,1278.0,3400.0,391.7
SWASTIK,5/4/2026,2407.0,2450.0,2407.0,2411.0,0.17,787.0,3400.0,391.7
SWASTIK,5/5/2026,2400.3,2469.9,2400.3,2450.0,2.07,669.0,3400.0,391.7
SWASTIK,5/6/2026,2450.0,2475.0,2440.0,2460.0,0.41,672.0,3400.0,391.7
SWASTIK,5/7/2026,2449.0,2450.0,2431.0,2435.3,-0.56,180.0,3400.0,391.7
SWASTIK,5/8/2026,2439.0,2495.0,2439.0,2485.0,1.89,1530.0,3400.0,391.7
SWASTIK,5/11/2026,2488.1,2500.0,2460.1,2499.0,0.44,2008.0,3400.0,391.7
SWASTIK,5/12/2026,2480.0,2490.0,2440.0,2441.0,-1.57,587.0,3400.0,391.7
SWASTIK,5/13/2026,2400.0,2440.0,2400.0,2414.0,0.58,337.0,3400.0,391.7
SWASTIK,5/14/2026,2406.0,2470.0,2396.0,2420.0,0.58,825.0,3400.0,391.7
SWASTIK,5/15/2026,2400.0,2420.0,2380.1,2385.1,-0.62,1135.0,3400.0,391.7
SWASTIK,5/18/2026,2448.9,2455.0,2341.0,2345.0,-4.24,710.0,3400.0,391.7
SWASTIK,5/19/2026,2344.0,2390.0,2326.8,2390.0,1.96,508.0,3400.0,391.7
SWASTIK,5/20/2026,2351.0,2400.0,2351.0,2399.9,2.08,715.0,3400.0,391.7
SWASTIK,5/21/2026,2401.0,2401.0,2355.1,2362.3,-1.61,320.0,3400.0,391.7
SWASTIK,5/22/2026,2360.1,2400.0,2300.1,2400.0,1.69,612.0,3400.0,391.7
SWASTIK,5/25/2026,2415.0,2473.9,2375.0,2449.0,1.41,1046.0,3400.0,391.7
SWASTIK,5/26/2026,2401.0,2408.0,2386.0,2400.0,-0.04,440.0,3400.0,391.7
SWASTIK,5/27/2026,2399.0,2420.0,2388.0,2390.0,-0.38,324.0,3400.0,391.7
SWASTIK,6/1/2026,2380.0,2390.0,2350.0,2390.0,0.42,550.0,3400.0,391.7
SWASTIK,6/2/2026,2318.3,2440.0,2318.3,2430.0,4.82,720.0,3400.0,391.7
SWASTIK,6/3/2026,2405.0,2405.0,2375.1,2375.1,-1.24,326.0,3400.0,391.7
SWASTIK,6/4/2026,2400.0,2400.0,2370.0,2372.0,-1.17,265.0,3400.0,391.7
SWASTIK,6/5/2026,2380.0,2385.0,2340.0,2379.0,-0.04,874.0,3400.0,391.7
SWASTIK,6/8/2026,2342.0,2355.0,2342.0,2346.0,0.17,396.0,3400.0,391.7
SWASTIK,6/9/2026,2302.1,2340.0,2302.1,2338.9,1.6,750.0,3400.0,391.7
SWASTIK,6/10/2026,2350.0,2350.0,2310.0,2320.0,-1.28,365.0,3400.0,391.7
SWASTIK,6/11/2026,2320.0,2350.0,2285.5,2285.5,-1.49,505.0,3400.0,391.7
SWASTIK,6/12/2026,2250.0,2300.0,2250.0,2279.0,1.29,1470.0,3400.0,391.7
SWASTIK,6/15/2026,2230.1,2265.0,2230.1,2264.9,1.56,460.0,3400.0,391.7
SWASTIK,6/16/2026,2250.0,2255.0,2218.4,2225.0,-1.11,450.0,3400.0,391.7
SWASTIK,6/17/2026,2200.0,2235.2,2200.0,2235.2,1.6,414.0,3400.0,391.7
SWASTIK,6/18/2026,2216.0,2230.0,2215.0,2230.0,0.63,311.0,3400.0,391.7
SWASTIK,6/19/2026,2210.0,2359.9,2210.0,2277.2,3.04,715.0,3400.0,391.7
SWASTIK,6/22/2026,2277.2,2322.0,2260.0,2277.0,-0.01,524.0,3400.0,391.7
SWASTIK,6/23/2026,2345.0,2345.0,2230.0,2255.0,-3.84,372.0,3400.0,391.7
SWASTIK,6/24/2026,2321.9,2321.9,2170.0,2200.0,-5.25,864.0,3400.0,391.7
SWASTIK,6/26/2026,2200.0,2210.0,2200.0,2201.0,0.05,253.0,3400.0,391.7
SWASTIK,6/29/2026,2180.0,2200.0,2116.0,2173.0,-0.32,918.0,3400.0,391.7
SWASTIK,6/30/2026,2173.0,2173.0,2060.0,2071.0,-4.69,1402.0,3400.0,391.7
SWASTIK,7/1/2026,2100.0,2135.0,2080.1,2102.0,0.1,895.0,3400.0,391.7
SWASTIK,7/2/2026,2050.0,2063.5,2040.0,2040.0,-0.49,1241.0,3400.0,391.7
SWASTIK,7/3/2026,2040.0,2097.0,2030.0,2060.0,0.98,438.0,3400.0,391.7
SWASTIK,7/6/2026,2105.0,2105.0,2035.3,2062.0,-2.04,596.0,3400.0,391.7
SWASTIK,7/7/2026,2062.0,2075.0,2050.0,2066.1,0.2,160.0,3400.0,391.7
SWASTIK,7/8/2026,2040.0,2061.0,2012.1,2057.9,0.88,567.0,3400.0,391.7
SWASTIK,7/9/2026,2050.0,2050.0,2000.0,2030.0,-0.98,587.0,3400.0,391.7
SWASTIK,7/10/2026,1970.1,2048.0,1970.1,2034.0,3.24,244.0,3400.0,391.7
SWASTIK,7/13/2026,1992.5,2000.0,1986.0,1986.0,-0.33,245.0,3400.0,391.7
SWASTIK,7/14/2026,2000.0,2000.0,1920.9,1980.0,-1.0,704.0,3400.0,391.7
SWASTIK,7/15/2026,1934.1,2000.0,1934.1,1997.0,3.25,573.0,3400.0,391.7
SWASTIK,7/16/2026,1950.2,2006.0,1950.2,1960.0,0.5,384.0,3400.0,391.7
SWASTIK,7/17/2026,1950.0,2075.0,1950.0,2075.0,6.41,578.0,3400.0,391.7
SWASTIK,7/20/2026,2090.0,2180.0,2090.0,2180.0,4.31,960.0,3400.0,391.7
SWASTIK,7/21/2026,2145.0,2205.0,2127.0,2142.0,-0.14,882.0,3400.0,391.7
SWASTIK,7/22/2026,2120.0,2164.0,2105.0,2105.0,-0.71,956.0,3400.0,391.7
SWASTIK,7/23/2026,2130.0,2130.0,2053.0,2098.0,-1.5,858.0,3400.0,391.7
SWASTIK,7/24/2026,2145.0,2154.9,2098.0,2098.0,-2.19,845.0,3400.0,391.7
SWASTIK,7/27/2026,2061.5,2132.0,2061.5,2098.0,1.77,857.0,3400.0,391.7
SWASTIK,7/28/2026,2056.0,2100.0,2000.0,2080.0,1.17,499.0,3400.0,391.7
SWASTIK,7/29/2026,2070.0,2099.0,2027.0,2031.0,-1.88,390.0,3400.0,391.7
SWASTIK,7/30/2026,2011.1,2045.0,2011.1,2011.1,0.0,430.0,3400.0,391.7
SWASTIK,7/31/2026,2023.0,2026.0,2005.0,2020.0,-0.15,170.0,3400.0,391.7
SWASTIK,8/3/2026,2052.0,2052.0,2026.3,2045.0,-0.34,580.0,3400.0,391.7
SWASTIK,8/4/2026,2070.0,2070.0,2011.1,2011.1,-2.85,240.0,3400.0,391.7
SWASTIK,8/5/2026,1985.0,2030.0,1985.0,2030.0,2.27,367.0,3400.0,391.7
SWASTIK,8/6/2026,2040.0,2049.0,2015.0,2025.0,-0.74,190.0,3400.0,391.7
SWASTIK,8/7/2026,2020.0,2040.0,2010.0,2040.0,0.99,441.0,3400.0,391.7
SWASTIK,8/10/2026,2010.0,2035.0,1986.0,2015.0,0.25,491.0,3400.0,391.7
SWASTIK,8/11/2026,2023.0,2023.0,1992.0,1999.0,-1.19,391.0,3400.0,391.7
SWASTIK,8/12/2026,1980.0,2015.0,1980.0,2015.0,1.77,345.0,3400.0,391.7
SWASTIK,8/13/2026,1980.0,2015.0,1975.0,2015.0,1.77,570.0,3400.0,391.7
SWASTIK,8/14/2026,1984.6,2000.0,1982.0,2000.0,0.78,195.0,3400.0,391.7
SWASTIK,8/17/2026,2000.0,2000.0,1950.0,1971.0,-1.45,455.0,3400.0,391.7
SWASTIK,8/18/2026,1950.0,1990.1,1950.0,1990.1,2.06,589.0,3400.0,391.7
SWASTIK,8/19/2026,1952.0,1989.9,1932.0,1988.9,1.89,670.0,3400.0,391.7
SWASTIK,8/20/2026,1946.0,1988.8,1905.1,1988.8,2.2,1146.0,3400.0,391.7
SWASTIK,8/21/2026,1988.0,1988.0,1951.4,1951.4,-1.84,220.0,3400.0,391.7
SWASTIK,8/24/2026,1910.1,2000.0,1910.1,1987.0,4.03,615.0,3400.0,391.7
SWASTIK,8/25/2026,1995.0,1999.0,1930.0,1930.2,-3.25,465.0,3400.0,391.7
SWASTIK,8/26/2026,1935.0,1993.0,1927.1,1940.0,0.26,622.0,3400.0,391.7
SWASTIK,8/27/2026,1901.1,1910.0,1892.0,1904.0,0.15,473.0,3400.0,391.7
SWASTIK,8/31/2026,1850.0,1904.0,1807.0,1859.9,0.54,666.0,3400.0,391.7
SWASTIK,9/1/2026,1810.0,1860.0,1810.0,1825.1,0.83,372.0,3400.0,391.7
SWASTIK,9/2/2026,1810.0,1839.8,1810.0,1839.8,1.65,160.0,3400.0,391.7
SWASTIK,9/3/2026,1804.0,1857.9,1799.9,1844.9,2.27,530.0,3400.0,391.7
SWASTIK,9/7/2026,1820.0,1859.0,1820.0,1859.0,2.14,360.0,3400.0,391.7
SWASTIK,9/9/2026,1821.0,1826.0,1820.0,1825.0,0.22,190.0,3400.0,391.7
SWASTIK,9/10/2026,1825.0,1825.0,1778.0,1800.9,-1.32,1298.0,3400.0,391.7
SWASTIK,9/11/2026,1785.0,1817.0,1772.1,1817.0,1.79,460.0,3400.0,391.7
SWASTIK,9/14/2026,1817.0,1840.0,1805.0,1815.0,-0.11,412.0,3400.0,391.7
SWASTIK,9/15/2026,1904.0,1961.1,1800.0,1854.0,-2.63,558.0,3400.0,391.7
SWASTIK,9/16/2026,1885.0,1885.0,1801.0,1801.0,-4.46,434.0,3400.0,391.7
SWASTIK,9/17/2026,1855.0,1855.0,1821.0,1840.0,-0.81,620.0,3400.0,391.7
SWASTIK,9/18/2026,1810.0,1845.0,1785.1,1845.0,1.93,482.0,3400.0,391.7
SWASTIK,9/22/2026,1883.0,1889.0,1823.6,1828.0,-2.92,366.0,3400.0,391.7
SWASTIK,9/23/2026,1820.0,1820.2,1817.0,1820.0,0.0,485.0,3400.0,391.7
SWASTIK,9/24/2026,1800.0,1816.5,1780.0,1815.1,0.84,305.0,3400.0,391.7
SWASTIK,9/28/2026,1840.0,1840.0,1800.1,1803.6,-1.98,300.0,3400.0,391.7
SWASTIK,9/29/2026,1803.0,1803.0,1769.0,1789.0,-0.78,589.0,3400.0,391.7
SWASTIK,9/30/2026,1766.0,1790.0,1760.3,1790.0,1.36,700.0,3400.0,391.7
SWASTIK,10/1/2026,1790.0,1790.0,1757.0,1761.0,-1.62,147.0,3400.0,391.7
SWASTIK,10/2/2026,1751.0,1798.5,1751.0,1777.0,1.48,276.0,3400.0,391.7
SWBBL,12/21/2025,775.0,785.0,770.7,785.0,,2439.0,848.0,630.5
SWBBL,12/22/2025,790.0,790.0,772.0,774.3,-1.36,1900.0,848.0,630.5
SWBBL,12/23/2025,784.0,784.0,768.4,773.0,-0.17,3193.0,848.0,630.5
SWBBL,12/24/2025,782.0,782.0,766.1,768.0,-0.65,9489.0,848.0,630.5
SWBBL,12/28/2025,738.0,738.0,727.4,736.0,-4.17,6105.0,848.0,630.5
SWBBL,12/29/2025,738.9,746.0,735.0,739.0,0.41,5168.0,848.0,630.5
SWBBL,12/31/2025,739.0,748.0,738.0,739.0,0.0,5158.0,848.0,630.5
SWBBL,1/1/2026,739.0,745.6,730.4,737.0,-0.27,3682.0,848.0,630.5
SWBBL,1/4/2026,751.0,751.0,730.0,739.0,0.27,4777.0,848.0,630.5
SWBBL,1/5/2026,728.0,742.0,728.0,739.0,0.0,1874.0,848.0,630.5
SWBBL,1/6/2026,743.9,745.0,736.0,739.4,0.05,5773.0,848.0,630.5
SWBBL,1/7/2026,740.0,745.0,735.0,736.0,-0.46,3229.0,848.0,630.5
SWBBL,1/8/2026,740.0,743.0,734.6,740.0,0.54,9578.0,848.0,630.5
SWBBL,1/12/2026,740.0,742.5,730.1,730.1,-1.34,7149.0,848.0,630.5
SWBBL,1/13/2026,728.5,735.0,726.1,735.0,0.67,4812.0,848.0,630.5
SWBBL,1/14/2026,730.0,736.0,724.8,734.0,-0.14,6329.0,848.0,630.5
SWBBL,1/18/2026,745.0,748.0,736.0,747.0,1.77,10907.0,848.0,630.5
SWBBL,1/20/2026,761.9,761.9,744.0,753.0,0.8,6455.0,848.0,630.5
SWBBL,1/21/2026,750.0,757.0,747.0,754.0,0.13,3290.0,848.0,630.5
SWBBL,1/22/2026,757.0,757.0,735.0,747.0,-0.93,9050.0,848.0,630.5
SWBBL,1/25/2026,756.0,761.0,747.0,761.0,1.87,15511.0,848.0,630.5
SWBBL,1/26/2026,765.0,775.0,761.0,770.0,1.18,10800.0,848.0,630.5
SWBBL,1/27/2026,778.0,778.0,748.0,762.0,-1.04,10981.0,848.0,630.5
SWBBL,1/28/2026,760.0,760.0,745.0,752.0,-1.31,9602.0,848.0,630.5
SWBBL,1/29/2026,743.1,753.0,743.1,752.0,0.0,8498.0,848.0,630.5
SWBBL,2/1/2026,740.0,756.9,740.0,745.0,-0.93,2916.0,848.0,630.5
SWBBL,2/2/2026,745.0,750.8,741.0,745.0,0.0,5963.0,848.0,630.5
SWBBL,2/3/2026,755.0,755.0,728.0,746.9,0.26,10877.0,848.0,630.5
SWBBL,2/4/2026,755.0,755.0,735.0,740.0,-0.92,3085.0,848.0,630.5
SWBBL,2/5/2026,735.0,746.0,735.0,740.0,0.0,6614.0,848.0,630.5
SWBBL,2/8/2026,732.0,785.0,732.0,736.0,-0.54,12341.0,848.0,630.5
SWBBL,2/9/2026,747.0,747.0,730.0,736.0,0.0,12456.0,848.0,630.5
SWBBL,2/10/2026,735.0,740.0,730.0,732.0,-0.54,6223.0,848.0,630.5
SWBBL,2/11/2026,743.0,743.0,730.0,734.0,0.27,10134.0,848.0,630.5
SWBBL,2/12/2026,735.0,736.5,726.0,732.9,-0.15,10683.0,848.0,630.5
SWBBL,2/16/2026,732.0,735.0,730.0,735.0,0.29,4310.0,848.0,630.5
SWBBL,2/17/2026,731.0,736.0,728.0,730.0,-0.68,6987.0,848.0,630.5
SWBBL,2/22/2026,740.9,740.9,725.0,725.2,-0.66,6218.0,848.0,630.5
SWBBL,2/23/2026,722.0,730.0,722.0,725.4,0.03,5593.0,848.0,630.5
SWBBL,2/24/2026,728.0,734.5,725.4,734.0,1.19,4345.0,848.0,630.5
SWBBL,2/25/2026,730.1,735.0,726.1,733.8,-0.03,6329.0,848.0,630.5
SWBBL,2/26/2026,740.0,740.0,729.0,729.0,-0.65,4687.0,848.0,630.5
SWBBL,2/27/2026,740.0,740.0,729.0,729.0,0.0,4687.0,848.0,630.5
SWBBL,2/28/2026,740.0,740.0,729.0,729.0,0.0,4687.0,848.0,630.5
SWBBL,3/2/2026,725.0,738.5,718.0,735.0,0.82,4455.0,848.0,630.5
SWBBL,3/3/2026,749.7,749.7,733.1,746.9,1.62,7517.0,848.0,630.5
SWBBL,3/4/2026,749.7,749.7,733.1,746.9,0.0,7517.0,848.0,630.5
SWBBL,3/5/2026,749.7,749.7,733.1,746.9,0.0,7517.0,848.0,630.5
SWBBL,3/6/2026,749.7,749.7,733.1,746.9,0.0,7517.0,848.0,630.5
SWBBL,3/7/2026,749.7,749.7,733.1,746.9,0.0,7517.0,848.0,630.5
SWBBL,3/8/2026,749.7,749.7,733.1,746.9,0.0,7517.0,848.0,630.5
SWBBL,3/9/2026,761.0,792.0,761.0,792.0,6.04,303.0,848.0,630.5
SWBBL,3/10/2026,792.0,792.0,763.0,777.0,-1.89,28888.0,848.0,630.5
SWBBL,3/11/2026,780.0,780.0,765.0,765.0,-1.54,8366.0,848.0,630.5
SWBBL,3/12/2026,755.0,775.0,755.0,773.5,1.11,7298.0,848.0,630.5
SWBBL,3/13/2026,755.0,775.0,755.0,773.5,0.0,7298.0,848.0,630.5
SWBBL,3/14/2026,755.0,775.0,755.0,773.5,0.0,7298.0,848.0,630.5
SWBBL,3/15/2026,788.0,788.0,761.0,770.0,-0.45,6471.0,848.0,630.5
SWBBL,3/16/2026,785.3,785.3,760.0,763.0,-0.91,7494.0,848.0,630.5
SWBBL,3/17/2026,778.0,778.0,756.0,757.0,-0.79,4913.0,848.0,630.5
SWBBL,3/18/2026,778.0,778.0,756.0,757.0,0.0,4913.0,848.0,630.5
SWBBL,3/19/2026,767.0,775.0,759.0,768.0,1.45,15488.0,848.0,630.5
SWBBL,3/20/2026,767.0,775.0,759.0,768.0,0.0,15488.0,848.0,630.5
SWBBL,3/21/2026,767.0,775.0,759.0,768.0,0.0,15488.0,848.0,630.5
SWBBL,3/22/2026,783.0,816.0,775.0,804.9,4.8,53245.0,848.0,630.5
SWBBL,3/23/2026,804.9,820.0,794.0,803.0,-0.24,26350.0,848.0,630.5
SWBBL,3/24/2026,819.0,819.0,795.1,805.0,0.25,13673.0,848.0,630.5
SWBBL,3/25/2026,805.0,805.0,790.0,790.0,-1.86,10844.0,848.0,630.5
SWBBL,3/26/2026,803.0,803.0,774.3,788.0,-1.87,10926.0,848.0,630.5
SWBBL,3/29/2026,772.3,793.0,765.0,772.0,-0.04,15886.0,848.0,630.5
SWBBL,3/30/2026,765.2,774.0,749.9,760.0,-0.68,19071.0,848.0,630.5
SWBBL,3/31/2026,768.5,770.0,751.2,763.9,-0.6,8531.0,848.0,630.5
SWBBL,4/1/2026,752.2,763.0,748.0,763.0,1.44,11529.0,848.0,630.5
SWBBL,4/2/2026,748.2,760.0,747.8,750.0,0.24,7343.0,848.0,630.5
SWBBL,4/5/2026,739.0,739.0,713.1,713.1,-3.5,15051.0,848.0,630.5
SWBBL,4/6/2026,715.0,740.5,711.0,730.0,2.1,14977.0,848.0,630.5
SWBBL,4/7/2026,740.0,740.0,726.3,727.2,-1.73,7623.0,848.0,630.5
SWBBL,4/8/2026,727.0,741.6,727.0,740.0,1.79,3559.0,848.0,630.5
SWBBL,4/9/2026,735.0,757.8,735.0,757.0,2.99,8723.0,848.0,630.5
SWBBL,4/10/2026,765.0,765.0,743.0,750.0,-1.96,4729.0,848.0,630.5
SWBBL,4/13/2026,747.0,747.0,738.1,738.1,-1.19,4597.0,848.0,630.5
SWBBL,4/15/2026,738.1,752.7,738.1,750.0,1.61,7616.0,848.0,630.5
SWBBL,4/16/2026,760.0,760.0,736.0,741.2,-2.47,5019.0,848.0,630.5
SWBBL,4/17/2026,737.0,753.9,730.0,751.0,1.9,3980.0,848.0,630.5
SWBBL,4/20/2026,750.0,750.0,741.5,744.9,-0.68,4091.0,848.0,630.5
SWBBL,4/21/2026,760.0,760.0,739.0,739.0,-2.76,6011.0,848.0,630.5
SWBBL,4/22/2026,731.0,745.0,728.1,744.8,1.89,10975.0,848.0,630.5
SWBBL,4/23/2026,760.0,760.0,731.0,735.0,-3.29,1630.0,848.0,630.5
SWBBL,4/24/2026,755.0,755.0,727.4,730.0,-3.31,2018.0,848.0,630.5
SWBBL,4/27/2026,752.0,752.0,725.0,730.0,-2.93,3597.0,848.0,630.5
SWBBL,4/28/2026,730.0,739.9,717.0,729.0,-0.14,5179.0,848.0,630.5
SWBBL,4/29/2026,729.0,727.0,720.0,725.0,-0.55,2689.0,848.0,630.5
SWBBL,4/30/2026,718.0,729.0,718.0,720.0,0.28,3126.0,848.0,630.5
SWBBL,5/4/2026,756.0,756.0,717.0,725.0,-4.1,4755.0,848.0,630.5
SWBBL,5/5/2026,722.0,733.0,720.0,724.9,0.4,1167.0,848.0,630.5
SWBBL,5/6/2026,724.0,724.0,718.1,722.0,-0.28,3990.0,848.0,630.5
SWBBL,5/7/2026,722.0,810.0,720.0,810.0,12.19,3932.0,848.0,630.5
SWBBL,5/8/2026,770.0,770.0,730.1,757.0,-1.69,36770.0,848.0,630.5
SWBBL,5/11/2026,794.8,794.8,741.5,760.0,-4.38,5667.0,848.0,630.5
SWBBL,5/12/2026,761.0,761.0,742.2,746.0,-1.97,2106.0,848.0,630.5
SWBBL,5/13/2026,783.3,783.3,738.0,746.0,-4.76,4753.0,848.0,630.5
SWBBL,5/14/2026,780.0,780.0,730.3,740.0,-5.13,4416.0,848.0,630.5
SWBBL,5/15/2026,727.0,744.0,727.0,740.0,1.79,1455.0,848.0,630.5
SWBBL,5/18/2026,777.0,777.0,735.1,736.5,-5.21,1255.0,848.0,630.5
SWBBL,5/19/2026,733.1,743.7,733.1,742.9,1.34,6095.0,848.0,630.5
SWBBL,5/20/2026,744.6,745.0,735.0,745.0,0.05,5331.0,848.0,630.5
SWBBL,5/21/2026,745.0,749.0,730.1,745.9,0.12,3461.0,848.0,630.5
SWBBL,5/22/2026,749.9,751.9,729.4,741.1,-1.17,4164.0,848.0,630.5
SWBBL,5/25/2026,778.1,778.1,746.0,753.9,-3.11,5582.0,848.0,630.5
SWBBL,5/26/2026,780.0,780.0,740.0,743.0,-4.74,4238.0,848.0,630.5
SWBBL,5/27/2026,780.0,780.0,741.5,748.0,-4.1,3812.0,848.0,630.5
SWBBL,6/1/2026,785.4,785.4,730.0,733.0,-6.67,18489.0,848.0,630.5
SWBBL,6/2/2026,745.0,745.0,730.0,737.0,-1.07,2309.0,848.0,630.5
SWBBL,6/3/2026,773.8,773.8,739.0,739.0,-4.5,6976.0,848.0,630.5
SWBBL,6/4/2026,741.0,746.0,736.0,744.9,0.53,4413.0,848.0,630.5
SWBBL,6/5/2026,744.0,744.0,736.0,743.9,-0.01,2142.0,848.0,630.5
SWBBL,6/8/2026,736.5,741.9,736.5,741.9,0.73,2659.0,848.0,630.5
SWBBL,6/9/2026,738.0,740.0,735.0,740.0,0.27,6079.0,848.0,630.5
SWBBL,6/10/2026,740.0,742.0,736.0,737.5,-0.34,1557.0,848.0,630.5
SWBBL,6/11/2026,734.0,740.0,732.0,739.9,0.8,4480.0,848.0,630.5
SWBBL,6/12/2026,745.0,745.0,733.2,737.9,-0.95,2867.0,848.0,630.5
SWBBL,6/15/2026,744.9,744.9,733.1,734.0,-1.46,1741.0,848.0,630.5
SWBBL,6/16/2026,732.0,739.0,730.0,735.0,0.41,3756.0,848.0,630.5
SWBBL,6/17/2026,727.0,739.0,726.0,735.0,1.1,2590.0,848.0,630.5
SWBBL,6/18/2026,733.0,735.0,725.0,734.0,0.14,7749.0,848.0,630.5
SWBBL,6/19/2026,770.7,770.7,728.2,740.0,-3.98,2331.0,848.0,630.5
SWBBL,6/22/2026,763.0,763.0,700.0,740.5,-2.95,290832.0,848.0,630.5
SWBBL,6/23/2026,743.3,745.0,725.0,731.0,-1.65,8829.0,848.0,630.5
SWBBL,6/24/2026,731.0,731.0,708.5,710.0,-2.87,23699.0,848.0,630.5
SWBBL,6/26/2026,693.0,705.0,693.0,701.0,1.15,13604.0,848.0,630.5
SWBBL,6/29/2026,667.0,705.9,667.0,698.0,4.65,2857.0,848.0,630.5
SWBBL,6/30/2026,690.2,699.0,690.0,697.7,1.09,5825.0,848.0,630.5
SWBBL,7/1/2026,697.5,704.9,690.0,702.0,0.65,19669.0,848.0,630.5
SWBBL,7/2/2026,693.1,697.9,685.0,697.8,0.68,13743.0,848.0,630.5
SWBBL,7/3/2026,697.8,705.9,684.2,684.2,-1.95,16081.0,848.0,630.5
SWBBL,7/6/2026,718.4,718.4,676.0,692.0,-3.67,7833.0,848.0,630.5
SWBBL,7/7/2026,680.0,694.9,680.0,688.0,1.18,14440.0,848.0,630.5
SWBBL,7/8/2026,680.0,685.0,670.0,683.9,0.57,11096.0,848.0,630.5
SWBBL,7/9/2026,670.0,690.0,655.0,669.9,-0.01,43664.0,848.0,630.5
SWBBL,7/10/2026,680.0,681.9,652.0,671.3,-1.28,19495.0,848.0,630.5
SWBBL,7/13/2026,662.1,666.0,655.0,660.0,-0.32,9075.0,848.0,630.5
SWBBL,7/14/2026,655.4,664.7,630.5,630.5,-3.8,140967.0,848.0,630.5
SWBBL,7/15/2026,643.0,659.5,642.0,650.0,1.09,12841.0,848.0,630.5
SWBBL,7/16/2026,651.0,668.0,642.1,643.0,-1.23,53284.0,848.0,630.5
SWBBL,7/17/2026,655.0,680.0,655.0,677.0,3.36,9522.0,848.0,630.5
SWBBL,7/20/2026,688.0,688.0,677.8,682.9,-0.74,18663.0,848.0,630.5
SWBBL,7/21/2026,690.0,702.8,681.0,688.0,-0.29,23136.0,848.0,630.5
SWBBL,7/22/2026,694.0,696.0,681.2,690.0,-0.58,17605.0,848.0,630.5
SWBBL,7/23/2026,676.0,694.0,676.0,693.0,2.51,65300.0,848.0,630.5
SWBBL,7/24/2026,658.4,703.0,658.4,693.0,5.26,13156.0,848.0,630.5
SWBBL,7/27/2026,675.0,694.0,675.0,689.0,2.07,8391.0,848.0,630.5
SWBBL,7/28/2026,668.5,695.0,668.5,688.0,2.92,17148.0,848.0,630.5
SWBBL,7/29/2026,669.2,691.0,669.2,680.0,1.61,3942.0,848.0,630.5
SWBBL,7/30/2026,685.0,685.0,671.1,673.0,-1.75,4763.0,848.0,630.5
SWBBL,7/31/2026,683.0,684.0,673.0,681.9,-0.16,3994.0,848.0,630.5
SWBBL,8/3/2026,682.0,689.9,676.0,685.0,0.44,7632.0,848.0,630.5
SWBBL,8/4/2026,685.0,685.0,667.4,681.9,-0.45,5629.0,848.0,630.5
SWBBL,8/5/2026,705.0,705.0,663.0,678.0,-3.83,9539.0,848.0,630.5
SWBBL,8/6/2026,711.9,711.9,669.1,673.0,-5.46,7175.0,848.0,630.5
SWBBL,8/7/2026,665.0,675.0,662.3,665.0,0.0,4356.0,848.0,630.5
SWBBL,8/10/2026,672.5,672.5,656.0,670.0,-0.37,8339.0,848.0,630.5
SWBBL,8/11/2026,672.0,679.9,661.0,670.0,-0.3,7694.0,848.0,630.5
SWBBL,8/12/2026,701.0,701.0,662.0,676.0,-3.57,1383.0,848.0,630.5
SWBBL,8/13/2026,663.0,678.7,663.0,672.0,1.36,3419.0,848.0,630.5
SWBBL,8/14/2026,690.0,690.0,669.0,674.2,-2.29,3891.0,848.0,630.5
SWBBL,8/17/2026,674.2,684.0,665.1,675.0,0.12,6584.0,848.0,630.5
SWBBL,8/18/2026,672.0,675.0,665.0,674.8,0.42,17952.0,848.0,630.5
SWBBL,8/19/2026,675.0,675.0,667.0,667.0,-1.19,15528.0,848.0,630.5
SWBBL,8/20/2026,670.0,674.0,665.6,672.4,0.36,4896.0,848.0,630.5
SWBBL,8/21/2026,673.0,677.0,667.0,672.9,-0.01,8320.0,848.0,630.5
SWBBL,8/24/2026,672.9,674.0,664.1,667.5,-0.8,11196.0,848.0,630.5
SWBBL,8/25/2026,666.0,670.5,665.0,670.5,0.68,3659.0,848.0,630.5
SWBBL,8/26/2026,664.0,668.0,660.5,667.0,0.45,5761.0,848.0,630.5
SWBBL,8/27/2026,690.0,690.0,655.0,668.0,-3.19,4617.0,848.0,630.5
SWBBL,8/31/2026,658.1,668.0,650.3,663.9,0.88,4323.0,848.0,630.5
SWBBL,9/1/2026,670.0,670.0,653.6,667.0,-0.45,10671.0,848.0,630.5
SWBBL,9/2/2026,667.0,667.0,660.1,664.0,-0.45,947.0,848.0,630.5
SWBBL,9/3/2026,670.0,676.0,665.3,670.0,0.0,5240.0,848.0,630.5
SWBBL,9/7/2026,670.0,682.0,670.0,677.0,1.04,6104.0,848.0,630.5
SWBBL,9/9/2026,679.0,681.0,674.4,675.0,-0.59,4724.0,848.0,630.5
SWBBL,9/10/2026,667.0,674.4,663.1,670.0,0.45,12246.0,848.0,630.5
SWBBL,9/11/2026,670.0,684.6,667.0,684.6,2.18,1673.0,848.0,630.5
SWBBL,9/14/2026,687.0,690.0,677.0,688.9,0.28,3042.0,848.0,630.5
SWBBL,9/15/2026,709.5,715.0,690.0,700.0,-1.34,13475.0,848.0,630.5
SWBBL,9/16/2026,709.0,709.0,693.5,699.0,-1.41,5672.0,848.0,630.5
SWBBL,9/17/2026,710.0,711.0,699.0,704.1,-0.83,5732.0,848.0,630.5
SWBBL,9/18/2026,696.0,720.0,695.2,709.5,1.94,13145.0,848.0,630.5
SWBBL,9/22/2026,724.0,724.0,695.1,707.0,-2.35,8780.0,848.0,630.5
SWBBL,9/23/2026,703.0,705.0,701.0,701.0,-0.28,3430.0,848.0,630.5
SWBBL,9/24/2026,710.0,710.0,701.0,703.3,-0.94,2366.0,848.0,630.5
SWBBL,9/28/2026,701.1,705.0,699.0,703.0,0.27,6449.0,848.0,630.5
SWBBL,9/29/2026,700.0,703.0,695.0,0.0,-100.0,4152.0,848.0,630.5
SWBBL,9/30/2026,695.1,708.0,695.1,700.0,0.7,4944.0,848.0,630.5
SWBBL,10/1/2026,697.3,703.0,695.1,695.1,-0.32,4871.0,848.0,630.5
SWBBL,10/2/2026,695.1,700.0,695.0,695.0,-0.01,3133.0,848.0,630.5
SWMF,12/21/2025,679.1,679.1,666.0,674.5,,7477.0,754.0,571.1
SWMF,12/22/2025,665.1,671.1,662.0,666.0,-1.26,2551.0,754.0,571.1
SWMF,12/23/2025,661.2,671.0,656.1,667.0,0.15,3300.0,754.0,571.1
SWMF,12/24/2025,655.0,673.0,653.8,667.9,0.13,1583.0,754.0,571.1
SWMF,12/28/2025,667.0,679.0,662.0,679.0,1.66,3908.0,754.0,571.1
SWMF,12/29/2025,691.0,691.0,667.0,680.0,0.15,2144.0,754.0,571.1
SWMF,12/31/2025,668.3,684.0,668.3,684.0,0.59,1831.0,754.0,571.1
SWMF,1/1/2026,681.0,685.0,668.0,673.0,-1.61,2636.0,754.0,571.1
SWMF,1/4/2026,673.0,675.0,662.0,673.5,0.07,3419.0,754.0,571.1
SWMF,1/5/2026,680.0,680.0,669.0,676.0,0.37,1560.0,754.0,571.1
SWMF,1/6/2026,669.0,695.0,664.1,678.8,0.41,1935.0,754.0,571.1
SWMF,1/7/2026,680.0,680.0,673.0,680.0,0.18,2698.0,754.0,571.1
SWMF,1/8/2026,666.4,680.0,666.4,676.1,-0.57,1898.0,754.0,571.1
SWMF,1/12/2026,668.0,680.0,665.0,676.8,0.1,3771.0,754.0,571.1
SWMF,1/13/2026,670.0,679.0,666.2,678.0,0.18,1545.0,754.0,571.1
SWMF,1/14/2026,666.0,675.0,664.5,675.0,-0.44,2698.0,754.0,571.1
SWMF,1/18/2026,683.0,686.2,677.6,685.0,1.48,3653.0,754.0,571.1
SWMF,1/20/2026,686.0,710.0,686.0,702.0,2.48,8298.0,754.0,571.1
SWMF,1/21/2026,713.9,713.9,694.0,695.0,-1.0,4455.0,754.0,571.1
SWMF,1/22/2026,681.1,700.0,671.1,699.0,0.58,3405.0,754.0,571.1
SWMF,1/25/2026,697.1,722.0,697.0,719.0,2.86,8796.0,754.0,571.1
SWMF,1/26/2026,707.1,721.2,706.0,708.0,-1.53,9798.0,754.0,571.1
SWMF,1/27/2026,708.0,714.0,690.0,690.1,-2.53,10563.0,754.0,571.1
SWMF,1/28/2026,680.1,697.9,680.1,695.0,0.71,2296.0,754.0,571.1
SWMF,1/29/2026,682.1,690.0,682.1,688.0,-1.01,2872.0,754.0,571.1
SWMF,2/1/2026,701.0,701.0,671.0,671.0,-2.47,8779.0,754.0,571.1
SWMF,2/2/2026,671.0,683.0,670.0,679.0,1.19,2611.0,754.0,571.1
SWMF,2/3/2026,671.1,681.9,668.1,680.0,0.15,6053.0,754.0,571.1
SWMF,2/4/2026,669.0,685.0,669.0,685.0,0.74,1305.0,754.0,571.1
SWMF,2/5/2026,673.0,681.0,669.0,676.0,-1.31,9541.0,754.0,571.1
SWMF,2/8/2026,677.1,686.0,673.0,673.0,-0.44,2968.0,754.0,571.1
SWMF,2/9/2026,672.0,673.0,651.7,670.0,-0.45,7994.0,754.0,571.1
SWMF,2/10/2026,662.0,672.0,660.0,660.2,-1.46,4621.0,754.0,571.1
SWMF,2/11/2026,670.0,670.0,659.0,659.0,-0.18,8121.0,754.0,571.1
SWMF,2/12/2026,650.2,676.0,650.2,675.0,2.43,6098.0,754.0,571.1
SWMF,2/16/2026,670.0,670.0,664.0,669.0,-0.89,2138.0,754.0,571.1
SWMF,2/17/2026,657.0,669.0,656.1,661.0,-1.2,2082.0,754.0,571.1
SWMF,2/22/2026,655.0,660.0,655.0,656.0,-0.76,1641.0,754.0,571.1
SWMF,2/23/2026,646.6,660.0,646.6,660.0,0.61,679.0,754.0,571.1
SWMF,2/24/2026,660.0,665.0,652.0,664.5,0.68,676.0,754.0,571.1
SWMF,2/25/2026,657.1,672.0,657.1,659.6,-0.74,2210.0,754.0,571.1
SWMF,2/26/2026,659.6,668.0,655.0,656.1,-0.53,1546.0,754.0,571.1
SWMF,2/27/2026,659.6,668.0,655.0,656.1,0.0,1546.0,754.0,571.1
SWMF,2/28/2026,659.6,668.0,655.0,656.1,0.0,1546.0,754.0,571.1
SWMF,3/2/2026,645.0,666.0,645.0,663.0,1.05,1083.0,754.0,571.1
SWMF,3/3/2026,663.0,673.8,660.0,670.0,1.06,2173.0,754.0,571.1
SWMF,3/4/2026,663.0,673.8,660.0,670.0,0.0,2173.0,754.0,571.1
SWMF,3/5/2026,663.0,673.8,660.0,670.0,0.0,2173.0,754.0,571.1
SWMF,3/6/2026,663.0,673.8,660.0,670.0,0.0,2173.0,754.0,571.1
SWMF,3/7/2026,663.0,673.8,660.0,670.0,0.0,2173.0,754.0,571.1
SWMF,3/8/2026,663.0,673.8,660.0,670.0,0.0,2173.0,754.0,571.1
SWMF,3/9/2026,683.0,683.0,683.0,683.0,1.94,200.0,754.0,571.1
SWMF,3/10/2026,696.0,710.0,686.0,698.4,2.25,21219.0,754.0,571.1
SWMF,3/11/2026,690.1,700.0,688.1,696.0,-0.34,4486.0,754.0,571.1
SWMF,3/12/2026,683.0,696.0,683.0,688.0,-1.15,7783.0,754.0,571.1
SWMF,3/13/2026,683.0,696.0,683.0,688.0,0.0,7783.0,754.0,571.1
SWMF,3/14/2026,683.0,696.0,683.0,688.0,0.0,7783.0,754.0,571.1
SWMF,3/15/2026,694.0,700.9,688.0,700.9,1.88,9064.0,754.0,571.1
SWMF,3/16/2026,690.1,700.0,690.1,694.0,-0.98,5751.0,754.0,571.1
SWMF,3/17/2026,681.0,694.0,681.0,694.0,0.0,4686.0,754.0,571.1
SWMF,3/18/2026,681.0,694.0,681.0,694.0,0.0,4686.0,754.0,571.1
SWMF,3/19/2026,685.1,707.9,685.1,704.0,1.44,13698.0,754.0,571.1
SWMF,3/20/2026,685.1,707.9,685.1,704.0,0.0,13698.0,754.0,571.1
SWMF,3/21/2026,685.1,707.9,685.1,704.0,0.0,13698.0,754.0,571.1
SWMF,3/22/2026,714.9,754.0,708.0,740.0,5.11,29535.0,754.0,571.1
SWMF,3/23/2026,747.0,747.9,720.1,727.0,-1.76,15913.0,754.0,571.1
SWMF,3/24/2026,741.5,741.5,718.0,735.5,1.17,13136.0,754.0,571.1
SWMF,3/25/2026,736.0,736.0,712.0,719.0,-2.24,15018.0,754.0,571.1
SWMF,3/26/2026,719.0,723.0,708.1,723.0,0.56,11547.0,754.0,571.1
SWMF,3/29/2026,711.1,723.1,696.0,703.0,-1.14,18245.0,754.0,571.1
SWMF,3/30/2026,690.1,706.0,685.0,693.0,0.42,8566.0,754.0,571.1
SWMF,3/31/2026,705.0,706.8,675.0,697.9,-1.01,8022.0,754.0,571.1
SWMF,4/1/2026,697.9,698.0,669.5,689.9,-1.15,8701.0,754.0,571.1
SWMF,4/2/2026,676.2,683.0,663.0,680.8,0.68,5030.0,754.0,571.1
SWMF,4/5/2026,668.0,668.0,650.0,659.0,-1.35,10645.0,754.0,571.1
SWMF,4/6/2026,669.0,678.0,660.0,678.0,1.35,9623.0,754.0,571.1
SWMF,4/7/2026,687.0,688.4,669.0,672.9,-2.05,2955.0,754.0,571.1
SWMF,4/8/2026,672.9,686.3,663.1,686.3,1.99,7296.0,754.0,571.1
SWMF,4/9/2026,673.1,698.0,673.0,697.8,3.67,3909.0,754.0,571.1
SWMF,4/10/2026,707.9,707.9,678.0,688.8,-2.7,1050.0,754.0,571.1
SWMF,4/13/2026,702.0,702.0,676.0,676.0,-3.7,5422.0,754.0,571.1
SWMF,4/15/2026,688.0,688.0,670.0,685.0,-0.44,11160.0,754.0,571.1
SWMF,4/16/2026,685.0,685.0,669.0,677.5,-1.09,4940.0,754.0,571.1
SWMF,4/17/2026,683.0,683.0,660.1,670.0,-1.9,4234.0,754.0,571.1
SWMF,4/20/2026,664.5,680.0,664.0,680.0,2.33,2335.0,754.0,571.1
SWMF,4/21/2026,681.0,681.0,666.0,667.3,-2.01,2358.0,754.0,571.1
SWMF,4/22/2026,667.3,670.0,660.4,670.0,0.4,7083.0,754.0,571.1
SWMF,4/23/2026,670.0,670.0,660.0,668.7,-0.19,3424.0,754.0,571.1
SWMF,4/24/2026,668.7,666.0,652.1,666.0,-0.4,2643.0,754.0,571.1
SWMF,4/27/2026,666.0,669.9,652.2,664.8,-0.18,1462.0,754.0,571.1
SWMF,4/28/2026,664.8,665.0,650.2,661.0,-0.57,1545.0,754.0,571.1
SWMF,4/29/2026,661.0,661.0,653.2,660.0,-0.15,1837.0,754.0,571.1
SWMF,4/30/2026,649.0,666.8,648.1,666.8,2.74,3412.0,754.0,571.1
SWMF,5/4/2026,647.0,659.0,647.0,655.9,1.38,2096.0,754.0,571.1
SWMF,5/5/2026,660.0,663.3,653.0,660.0,0.0,3450.0,754.0,571.1
SWMF,5/6/2026,653.3,659.0,653.2,653.2,-0.02,1165.0,754.0,571.1
SWMF,5/7/2026,663.5,663.5,646.0,656.0,-1.13,2370.0,754.0,571.1
SWMF,5/8/2026,656.0,666.0,655.0,663.0,1.07,3414.0,754.0,571.1
SWMF,5/11/2026,668.0,677.0,667.0,675.0,1.05,4633.0,754.0,571.1
SWMF,5/12/2026,668.0,670.0,661.5,665.0,-0.45,973.0,754.0,571.1
SWMF,5/13/2026,665.0,665.0,660.0,664.0,-0.15,1164.0,754.0,571.1
SWMF,5/14/2026,664.0,664.0,660.0,661.0,-0.45,823.0,754.0,571.1
SWMF,5/15/2026,658.0,660.0,656.0,658.0,0.0,1633.0,754.0,571.1
SWMF,5/18/2026,641.0,658.2,641.0,655.0,2.18,2240.0,754.0,571.1
SWMF,5/19/2026,646.2,662.5,646.2,662.5,2.52,1710.0,754.0,571.1
SWMF,5/20/2026,662.0,668.0,661.0,667.0,0.76,3113.0,754.0,571.1
SWMF,5/21/2026,660.0,665.0,660.0,665.0,0.76,782.0,754.0,571.1
SWMF,5/22/2026,668.0,669.6,663.0,669.1,0.16,2035.0,754.0,571.1
SWMF,5/25/2026,670.0,678.9,662.1,675.0,0.75,9326.0,754.0,571.1
SWMF,5/26/2026,665.0,676.0,662.0,670.0,0.75,2765.0,754.0,571.1
SWMF,5/27/2026,670.0,681.0,665.0,674.0,0.6,3538.0,754.0,571.1
SWMF,6/1/2026,653.8,671.0,651.0,665.0,1.71,2202.0,754.0,571.1
SWMF,6/2/2026,660.0,675.0,660.0,675.0,2.27,3088.0,754.0,571.1
SWMF,6/3/2026,674.0,674.9,665.0,674.8,0.12,2461.0,754.0,571.1
SWMF,6/4/2026,666.0,672.0,666.0,671.0,0.75,2377.0,754.0,571.1
SWMF,6/5/2026,664.1,665.0,663.0,665.0,0.14,1918.0,754.0,571.1
SWMF,6/8/2026,656.0,669.0,656.0,668.0,1.83,1243.0,754.0,571.1
SWMF,6/9/2026,656.0,669.0,651.0,664.0,1.22,3626.0,754.0,571.1
SWMF,6/10/2026,666.0,668.0,658.0,664.9,-0.17,2059.0,754.0,571.1
SWMF,6/11/2026,662.0,662.0,651.0,662.0,0.0,2331.0,754.0,571.1
SWMF,6/12/2026,652.0,661.7,652.0,661.7,1.49,1222.0,754.0,571.1
SWMF,6/15/2026,664.0,665.0,653.0,659.7,-0.65,3119.0,754.0,571.1
SWMF,6/16/2026,660.0,660.0,654.1,657.0,-0.45,563.0,754.0,571.1
SWMF,6/17/2026,657.0,660.0,650.0,659.0,0.3,1290.0,754.0,571.1
SWMF,6/18/2026,658.9,658.9,650.1,655.0,-0.59,1296.0,754.0,571.1
SWMF,6/19/2026,652.0,659.0,651.0,651.6,-0.06,1392.0,754.0,571.1
SWMF,6/22/2026,650.0,661.0,650.0,658.9,1.37,1928.0,754.0,571.1
SWMF,6/23/2026,648.0,655.0,640.1,649.0,0.15,2103.0,754.0,571.1
SWMF,6/24/2026,649.0,655.0,643.0,649.8,0.12,3827.0,754.0,571.1
SWMF,6/26/2026,648.5,648.5,637.0,640.0,-1.31,1250.0,754.0,571.1
SWMF,6/29/2026,625.6,634.0,625.6,629.0,0.54,2206.0,754.0,571.1
SWMF,6/30/2026,619.0,625.0,610.0,614.9,-0.66,5575.0,754.0,571.1
SWMF,7/1/2026,614.0,628.0,614.0,621.8,1.27,877.0,754.0,571.1
SWMF,7/2/2026,615.1,628.0,611.4,628.0,2.1,1581.0,754.0,571.1
SWMF,7/3/2026,620.0,627.0,617.0,627.0,1.13,2469.0,754.0,571.1
SWMF,7/6/2026,614.0,618.0,612.0,613.0,-0.16,1879.0,754.0,571.1
SWMF,7/7/2026,614.0,622.0,611.0,622.0,1.3,3164.0,754.0,571.1
SWMF,7/8/2026,610.0,620.0,607.1,619.8,1.61,2445.0,754.0,571.1
SWMF,7/9/2026,615.0,615.0,605.1,607.9,-1.15,2531.0,754.0,571.1
SWMF,7/10/2026,620.0,620.0,602.3,615.9,-0.66,1832.0,754.0,571.1
SWMF,7/13/2026,603.0,608.9,600.0,608.9,0.98,1412.0,754.0,571.1
SWMF,7/14/2026,608.9,613.7,591.0,612.4,0.57,2456.0,754.0,571.1
SWMF,7/15/2026,612.0,630.0,612.0,628.8,2.75,6442.0,754.0,571.1
SWMF,7/16/2026,629.0,629.0,610.0,618.0,-1.75,3436.0,754.0,571.1
SWMF,7/17/2026,629.0,641.9,622.0,638.0,1.43,6117.0,754.0,571.1
SWMF,7/20/2026,640.0,645.0,634.0,644.9,0.77,4457.0,754.0,571.1
SWMF,7/21/2026,647.0,648.8,632.0,644.9,-0.32,5096.0,754.0,571.1
SWMF,7/22/2026,643.0,643.0,626.0,639.0,-0.62,4912.0,754.0,571.1
SWMF,7/23/2026,629.0,638.9,629.0,638.9,1.57,2596.0,754.0,571.1
SWMF,7/24/2026,625.1,646.0,625.1,642.0,2.7,4913.0,754.0,571.1
SWMF,7/27/2026,635.0,635.0,630.1,631.0,-0.63,1176.0,754.0,571.1
SWMF,7/28/2026,627.2,635.0,626.0,635.0,1.24,2004.0,754.0,571.1
SWMF,7/29/2026,633.0,635.0,620.1,621.1,-1.88,2606.0,754.0,571.1
SWMF,7/30/2026,619.0,630.0,619.0,627.0,1.29,4664.0,754.0,571.1
SWMF,7/31/2026,616.0,629.0,615.4,617.0,0.16,3215.0,754.0,571.1
SWMF,8/3/2026,586.2,630.0,586.2,627.0,6.96,4624.0,754.0,571.1
SWMF,8/4/2026,619.0,620.0,590.3,619.0,0.0,4847.0,754.0,571.1
SWMF,8/5/2026,610.0,618.0,606.0,618.0,1.31,3820.0,754.0,571.1
SWMF,8/6/2026,605.2,615.0,605.2,610.0,0.79,3929.0,754.0,571.1
SWMF,8/7/2026,606.0,619.0,599.2,619.0,2.15,7161.0,754.0,571.1
SWMF,8/10/2026,603.5,619.0,603.5,619.0,2.57,738.0,754.0,571.1
SWMF,8/11/2026,649.9,649.9,604.1,612.0,-5.83,1348.0,754.0,571.1
SWMF,8/12/2026,606.0,615.0,605.2,615.0,1.49,2435.0,754.0,571.1
SWMF,8/13/2026,611.0,614.0,607.6,614.0,0.49,761.0,754.0,571.1
SWMF,8/14/2026,607.2,616.0,604.0,615.0,1.28,4552.0,754.0,571.1
SWMF,8/17/2026,610.0,610.0,605.3,605.3,-0.77,566.0,754.0,571.1
SWMF,8/18/2026,605.0,608.0,595.0,606.0,0.17,2126.0,754.0,571.1
SWMF,8/19/2026,600.1,603.8,593.1,603.8,0.62,7552.0,754.0,571.1
SWMF,8/20/2026,601.0,607.9,590.2,607.9,1.15,2678.0,754.0,571.1
SWMF,8/21/2026,593.0,609.7,592.0,604.0,1.85,2643.0,754.0,571.1
SWMF,8/24/2026,609.0,609.0,588.1,590.0,-3.12,4645.0,754.0,571.1
SWMF,8/25/2026,600.0,600.0,585.0,594.5,-0.92,1770.0,754.0,571.1
SWMF,8/26/2026,594.5,594.5,580.0,588.5,-1.01,1904.0,754.0,571.1
SWMF,8/27/2026,580.0,590.0,577.0,587.0,1.21,2162.0,754.0,571.1
SWMF,8/31/2026,578.5,580.0,574.0,580.0,0.26,1379.0,754.0,571.1
SWMF,9/1/2026,571.3,580.0,571.1,578.0,1.17,2960.0,754.0,571.1
SWMF,9/2/2026,579.0,581.5,576.0,581.5,0.43,1997.0,754.0,571.1
SWMF,9/3/2026,581.5,581.5,575.0,579.0,-0.43,1019.0,754.0,571.1
SWMF,9/7/2026,579.0,588.0,577.3,584.0,0.86,3348.0,754.0,571.1
SWMF,9/9/2026,584.0,585.0,575.0,584.0,0.0,1699.0,754.0,571.1
SWMF,9/10/2026,572.1,580.0,572.1,578.0,1.03,577.0,754.0,571.1
SWMF,9/11/2026,606.9,606.9,575.0,585.0,-3.61,1388.0,754.0,571.1
SWMF,9/14/2026,589.9,594.5,582.0,592.9,0.51,3420.0,754.0,571.1
SWMF,9/15/2026,610.0,610.0,590.3,604.0,-0.98,5361.0,754.0,571.1
SWMF,9/16/2026,600.0,603.9,590.0,590.0,-1.67,2563.0,754.0,571.1
SWMF,9/17/2026,591.1,600.0,590.7,596.0,0.83,4285.0,754.0,571.1
SWMF,9/18/2026,599.0,609.6,592.0,605.5,1.09,4613.0,754.0,571.1
SWMF,9/22/2026,605.5,623.6,605.5,622.0,2.73,5456.0,754.0,571.1
SWMF,9/23/2026,635.0,635.0,606.1,614.7,-3.2,3930.0,754.0,571.1
SWMF,9/24/2026,610.0,617.0,603.0,617.0,1.15,2654.0,754.0,571.1
SWMF,9/28/2026,605.0,617.0,605.0,612.7,1.27,3885.0,754.0,571.1
SWMF,9/29/2026,612.0,612.0,600.0,0.0,-100.0,1145.0,754.0,571.1
SWMF,9/30/2026,600.0,608.9,600.0,602.0,0.33,2989.0,754.0,571.1
SWMF,10/1/2026,600.9,608.0,596.5,607.8,1.15,2585.0,754.0,571.1
SWMF,10/2/2026,597.0,599.9,595.0,599.9,0.49,1110.0,754.0,571.1
SWMFPO,1/13/2026,382.0,382.0,382.0,382.0,,34750.0,399.0,250.0
SWMFPO,3/26/2026,382.0,382.0,382.0,382.0,0.0,7000.0,399.0,250.0
SWMFPO,4/1/2026,382.0,382.0,382.0,382.0,0.0,7342.0,399.0,250.0
SYPNL,12/21/2025,635.0,684.8,635.0,684.8,,1840.0,2255.9,319.8
SYPNL,12/22/2025,676.7,753.2,676.7,753.2,9.99,64350.0,2255.9,319.8
SYPNL,12/23/2025,768.2,816.0,766.0,806.0,7.01,391371.0,2255.9,319.8
SYPNL,12/24/2025,806.0,840.0,791.1,815.0,1.12,179261.0,2255.9,319.8
SYPNL,12/28/2025,798.7,805.0,781.7,800.0,-1.84,238510.0,2255.9,319.8
SYPNL,12/29/2025,800.0,880.0,800.0,880.0,10.0,271908.0,2255.9,319.8
SYPNL,12/31/2025,870.0,968.0,870.0,968.0,10.0,96982.0,2255.9,319.8
SYPNL,1/1/2026,987.0,1064.8,973.0,1056.0,9.09,226280.0,2255.9,319.8
SYPNL,1/4/2026,1034.9,1144.0,995.0,1121.0,6.16,290504.0,2255.9,319.8
SYPNL,1/5/2026,1098.6,1233.1,1098.6,1233.1,10.0,146092.0,2255.9,319.8
SYPNL,1/6/2026,1257.7,1356.4,1255.0,1300.0,5.43,188305.0,2255.9,319.8
SYPNL,1/7/2026,1326.0,1326.0,1190.0,1190.1,-8.45,217502.0,2255.9,319.8
SYPNL,1/8/2026,1190.0,1295.0,1169.0,1258.0,5.71,161155.0,2255.9,319.8
SYPNL,1/12/2026,1232.9,1383.8,1209.0,1383.8,10.0,318411.0,2255.9,319.8
SYPNL,1/13/2026,1411.4,1502.0,1377.9,1410.1,1.9,242010.0,2255.9,319.8
SYPNL,1/14/2026,1410.1,1439.9,1365.0,1385.0,-1.78,157437.0,2255.9,319.8
SYPNL,1/18/2026,1385.0,1500.0,1370.0,1480.0,6.86,258416.0,2255.9,319.8
SYPNL,1/20/2026,1509.5,1588.0,1509.5,1560.0,5.41,172385.0,2255.9,319.8
SYPNL,1/21/2026,1565.0,1588.0,1525.0,1555.0,-0.32,151540.0,2255.9,319.8
SYPNL,1/22/2026,1550.0,1710.5,1540.0,1710.5,10.0,202436.0,2255.9,319.8
SYPNL,1/25/2026,1744.7,1881.5,1744.7,1881.5,10.0,128089.0,2255.9,319.8
SYPNL,1/26/2026,1919.1,2069.6,1881.5,2069.6,10.0,251200.0,2255.9,319.8
SYPNL,1/27/2026,2110.0,2255.9,1881.0,2015.0,-2.64,274221.0,2255.9,319.8
SYPNL,1/28/2026,2055.3,2159.9,2022.7,2132.0,5.81,237756.0,2255.9,319.8
SYPNL,1/29/2026,2174.6,2210.0,1940.0,1940.0,-9.01,254144.0,2255.9,319.8
SYPNL,2/1/2026,1920.0,2010.0,1822.1,1846.1,-4.84,284858.0,2255.9,319.8
SYPNL,2/2/2026,1855.0,2030.7,1855.0,2030.7,10.0,194676.0,2255.9,319.8
SYPNL,2/3/2026,2071.3,2233.0,2071.3,2128.9,4.84,273987.0,2255.9,319.8
SYPNL,2/4/2026,2171.4,2171.4,2045.0,2075.0,-2.53,286844.0,2255.9,319.8
SYPNL,2/5/2026,2075.0,2150.0,2075.0,2115.0,1.93,255450.0,2255.9,319.8
SYPNL,2/8/2026,2115.0,2155.0,2019.1,2019.1,-4.53,202578.0,2255.9,319.8
SYPNL,2/9/2026,2020.0,2050.0,1900.0,1939.0,-3.97,273774.0,2255.9,319.8
SYPNL,2/10/2026,1939.0,2014.9,1918.0,1933.0,-0.31,162032.0,2255.9,319.8
SYPNL,2/11/2026,1933.0,2011.0,1896.0,1910.0,-1.19,143236.0,2255.9,319.8
SYPNL,2/12/2026,1948.0,1974.0,1852.0,1892.0,-0.94,229050.0,2255.9,319.8
SYPNL,2/16/2026,1892.0,1979.9,1892.0,1960.0,3.59,177335.0,2255.9,319.8
SYPNL,2/17/2026,1965.0,1980.0,1901.0,1906.0,-2.76,145770.0,2255.9,319.8
SYPNL,2/22/2026,1870.0,1938.0,1818.0,1822.0,-4.41,170423.0,2255.9,319.8
SYPNL,2/23/2026,1788.0,1887.0,1762.0,1770.0,-2.85,159678.0,2255.9,319.8
SYPNL,2/24/2026,1780.0,1875.0,1780.0,1871.1,5.71,207908.0,2255.9,319.8
SYPNL,2/25/2026,1845.0,1950.0,1845.0,1898.9,1.49,122755.0,2255.9,319.8
SYPNL,2/26/2026,1895.0,1916.0,1830.0,1855.0,-2.31,83064.0,2255.9,319.8
SYPNL,2/27/2026,1895.0,1916.0,1830.0,1855.0,0.0,83064.0,2255.9,319.8
SYPNL,2/28/2026,1895.0,1916.0,1830.0,1855.0,0.0,83064.0,2255.9,319.8
SYPNL,3/2/2026,1835.0,1860.0,1807.0,1840.4,-0.79,120554.0,2255.9,319.8
SYPNL,3/3/2026,1840.4,1895.0,1815.0,1885.0,2.42,132134.0,2255.9,319.8
SYPNL,3/4/2026,1840.4,1895.0,1815.0,1885.0,0.0,132134.0,2255.9,319.8
SYPNL,3/5/2026,1840.4,1895.0,1815.0,1885.0,0.0,132134.0,2255.9,319.8
SYPNL,3/6/2026,1840.4,1895.0,1815.0,1885.0,0.0,132134.0,2255.9,319.8
SYPNL,3/7/2026,1840.4,1895.0,1815.0,1885.0,0.0,132134.0,2255.9,319.8
SYPNL,3/8/2026,1840.4,1895.0,1815.0,1885.0,0.0,132134.0,2255.9,319.8
SYPNL,3/9/2026,1922.7,2040.0,1922.7,2030.0,7.69,14261.0,2255.9,319.8
SYPNL,3/10/2026,2060.0,2060.0,1930.6,1940.0,-4.43,206056.0,2255.9,319.8
SYPNL,3/11/2026,1902.0,1978.0,1883.0,1891.1,-2.52,142698.0,2255.9,319.8
SYPNL,3/12/2026,1891.1,1917.9,1840.0,1850.0,-2.17,158269.0,2255.9,319.8
SYPNL,3/13/2026,1891.1,1917.9,1840.0,1850.0,0.0,158269.0,2255.9,319.8
SYPNL,3/14/2026,1891.1,1917.9,1840.0,1850.0,0.0,158269.0,2255.9,319.8
SYPNL,3/15/2026,1850.0,1887.0,1825.0,1833.0,-0.92,82835.0,2255.9,319.8
SYPNL,3/16/2026,1833.0,1897.0,1812.0,1866.0,1.8,200933.0,2255.9,319.8
SYPNL,3/17/2026,1878.0,1889.9,1830.0,1838.1,-1.5,100790.0,2255.9,319.8
SYPNL,3/18/2026,1878.0,1889.9,1830.0,1838.1,0.0,100790.0,2255.9,319.8
SYPNL,3/19/2026,1838.0,1912.0,1802.0,1855.0,0.92,184387.0,2255.9,319.8
SYPNL,3/20/2026,1838.0,1912.0,1802.0,1855.0,0.0,184387.0,2255.9,319.8
SYPNL,3/21/2026,1838.0,1912.0,1802.0,1855.0,0.0,184387.0,2255.9,319.8
SYPNL,3/22/2026,1855.0,1897.0,1845.0,1865.0,0.54,193835.0,2255.9,319.8
SYPNL,3/23/2026,1827.7,1870.0,1827.7,1855.0,-0.54,120648.0,2255.9,319.8
SYPNL,3/24/2026,1855.0,1920.0,1840.0,1875.0,1.08,147624.0,2255.9,319.8
SYPNL,3/25/2026,1838.0,2031.0,1838.0,1940.0,3.47,231213.0,2255.9,319.8
SYPNL,3/26/2026,1940.0,2065.0,1940.0,2019.9,4.12,357168.0,2255.9,319.8
SYPNL,3/29/2026,2010.0,2020.0,1925.1,1926.1,-4.17,199954.0,2255.9,319.8
SYPNL,3/30/2026,1920.0,1960.0,1887.6,1893.0,-1.41,172198.0,2255.9,319.8
SYPNL,3/31/2026,1893.0,1916.0,1847.0,1899.9,0.36,199349.0,2255.9,319.8
SYPNL,4/1/2026,1871.0,1899.0,1830.0,1843.0,-1.5,144439.0,2255.9,319.8
SYPNL,4/2/2026,1806.2,1880.0,1806.2,1845.0,2.15,194397.0,2255.9,319.8
SYPNL,4/5/2026,1808.1,1830.0,1717.2,1759.0,-2.72,172225.0,2255.9,319.8
SYPNL,4/6/2026,1750.0,1845.0,1740.0,1820.0,4.0,148598.0,2255.9,319.8
SYPNL,4/7/2026,1820.0,1893.0,1810.0,1839.0,1.04,127619.0,2255.9,319.8
SYPNL,4/8/2026,1840.0,1903.0,1815.0,1901.0,3.32,251874.0,2255.9,319.8
SYPNL,4/9/2026,1864.0,1960.0,1864.0,1885.0,1.13,181302.0,2255.9,319.8
SYPNL,4/10/2026,1885.0,1922.0,1830.0,1849.0,-1.91,131213.0,2255.9,319.8
SYPNL,4/13/2026,1849.0,1860.0,1820.0,1841.0,-0.43,174910.0,2255.9,319.8
SYPNL,4/15/2026,1841.0,1865.0,1825.0,1844.0,0.16,111290.0,2255.9,319.8
SYPNL,4/16/2026,1830.0,1835.0,1765.0,1771.0,-3.22,287358.0,2255.9,319.8
SYPNL,4/17/2026,1775.0,1775.0,1721.0,1750.0,-1.41,132703.0,2255.9,319.8
SYPNL,4/20/2026,1750.0,1770.0,1715.4,1715.4,-1.98,75166.0,2255.9,319.8
SYPNL,4/21/2026,1715.4,1730.0,1670.0,1680.0,-2.06,105818.0,2255.9,319.8
SYPNL,4/22/2026,1680.0,1700.0,1589.0,1645.0,-2.08,165694.0,2255.9,319.8
SYPNL,4/23/2026,1700.0,1700.0,1590.0,1600.0,-5.88,66822.0,2255.9,319.8
SYPNL,4/24/2026,1600.0,1600.0,1552.1,1579.0,-1.31,92456.0,2255.9,319.8
SYPNL,4/27/2026,1655.0,1655.0,1580.0,1588.0,-4.05,37498.0,2255.9,319.8
SYPNL,4/28/2026,1585.0,1620.0,1515.0,1520.0,-4.1,87894.0,2255.9,319.8
SYPNL,4/29/2026,1520.0,1520.0,1435.0,1445.0,-4.93,102090.0,2255.9,319.8
SYPNL,4/30/2026,1462.0,1544.0,1378.0,1497.0,2.39,87391.0,2255.9,319.8
SYPNL,5/4/2026,1550.0,1550.0,1401.0,1408.0,-9.16,45235.0,2255.9,319.8
SYPNL,5/5/2026,1478.4,1478.4,1381.1,1411.1,-4.55,34777.0,2255.9,319.8
SYPNL,5/6/2026,1390.1,1447.0,1390.1,1404.0,1.0,41957.0,2255.9,319.8
SYPNL,5/7/2026,1333.8,1439.0,1333.8,1401.0,5.04,25074.0,2255.9,319.8
SYPNL,5/8/2026,1401.0,1489.9,1400.4,1465.0,4.57,67993.0,2255.9,319.8
SYPNL,5/11/2026,1480.0,1570.0,1471.0,1559.0,5.34,106255.0,2255.9,319.8
SYPNL,5/12/2026,1570.0,1589.0,1485.0,1490.0,-5.1,100159.0,2255.9,319.8
SYPNL,5/13/2026,1490.0,1565.6,1450.0,1558.9,4.62,183696.0,2255.9,319.8
SYPNL,5/14/2026,1563.0,1586.0,1520.0,1562.0,-0.06,118861.0,2255.9,319.8
SYPNL,5/15/2026,1620.0,1620.0,1520.1,1530.0,-5.56,55620.0,2255.9,319.8
SYPNL,5/18/2026,1530.0,1540.0,1467.0,1474.9,-3.6,47710.0,2255.9,319.8
SYPNL,5/19/2026,1500.0,1500.0,1450.1,1467.0,-2.2,54890.0,2255.9,319.8
SYPNL,5/20/2026,1467.0,1525.0,1467.0,1508.0,2.79,40099.0,2255.9,319.8
SYPNL,5/21/2026,1500.0,1533.0,1475.0,1485.0,-1.0,41564.0,2255.9,319.8
SYPNL,5/22/2026,1485.0,1520.0,1475.5,1507.9,1.54,53557.0,2255.9,319.8
SYPNL,5/25/2026,1459.0,1535.0,1459.0,1520.0,4.18,65193.0,2255.9,319.8
SYPNL,5/26/2026,1530.0,1539.0,1491.3,1495.0,-2.29,35370.0,2255.9,319.8
SYPNL,5/27/2026,1460.0,1510.0,1460.0,1490.0,2.05,50124.0,2255.9,319.8
SYPNL,6/1/2026,1480.0,1499.7,1451.0,1454.0,-1.76,58496.0,2255.9,319.8
SYPNL,6/2/2026,1454.0,1469.9,1415.0,1440.1,-0.96,56668.0,2255.9,319.8
SYPNL,6/3/2026,1440.1,1468.0,1430.0,1440.0,-0.01,40088.0,2255.9,319.8
SYPNL,6/4/2026,1430.0,1454.9,1400.0,1424.0,-0.42,29822.0,2255.9,319.8
SYPNL,6/5/2026,1352.8,1434.7,1352.8,1405.0,3.86,38626.0,2255.9,319.8
SYPNL,6/8/2026,1351.0,1429.0,1351.0,1385.0,2.52,44644.0,2255.9,319.8
SYPNL,6/9/2026,1403.0,1403.0,1360.2,1387.0,-1.14,38613.0,2255.9,319.8
SYPNL,6/10/2026,1387.0,1418.0,1380.1,1405.0,1.3,35428.0,2255.9,319.8
SYPNL,6/11/2026,1400.0,1428.0,1392.1,1398.0,-0.14,18258.0,2255.9,319.8
SYPNL,6/12/2026,1328.1,1433.0,1328.1,1405.0,5.79,36743.0,2255.9,319.8
SYPNL,6/15/2026,1475.0,1500.0,1390.0,1463.0,-0.81,142843.0,2255.9,319.8
SYPNL,6/16/2026,1389.9,1510.0,1389.9,1460.1,5.05,68568.0,2255.9,319.8
SYPNL,6/17/2026,1387.1,1500.0,1387.1,1448.0,4.39,37448.0,2255.9,319.8
SYPNL,6/18/2026,1375.6,1470.0,1375.6,1440.0,4.68,33697.0,2255.9,319.8
SYPNL,6/19/2026,1368.0,1465.0,1368.0,1444.0,5.56,40340.0,2255.9,319.8
SYPNL,6/22/2026,1371.8,1455.0,1371.8,1433.9,4.53,30269.0,2255.9,319.8
SYPNL,6/23/2026,1362.3,1425.0,1362.3,1380.0,1.3,45547.0,2255.9,319.8
SYPNL,6/24/2026,1311.0,1399.9,1311.0,1399.9,6.78,45410.0,2255.9,319.8
SYPNL,6/26/2026,1325.3,1412.9,1325.3,1367.0,3.15,27629.0,2255.9,319.8
SYPNL,6/29/2026,1367.0,1380.0,1338.0,1343.0,-1.76,37552.0,2255.9,319.8
SYPNL,6/30/2026,1350.0,1358.0,1334.0,1334.0,-1.19,25410.0,2255.9,319.8
SYPNL,7/1/2026,1267.3,1389.0,1267.3,1357.0,7.08,45120.0,2255.9,319.8
SYPNL,7/2/2026,1289.2,1397.0,1289.2,1355.0,5.1,14413.0,2255.9,319.8
SYPNL,7/3/2026,1355.0,1375.0,1345.0,1359.0,0.3,27554.0,2255.9,319.8
SYPNL,7/6/2026,1358.0,1383.7,1350.0,1351.0,-0.52,41930.0,2255.9,319.8
SYPNL,7/7/2026,1283.5,1374.8,1283.5,1367.5,6.54,28176.0,2255.9,319.8
SYPNL,7/8/2026,1300.0,1368.0,1300.0,1354.0,4.15,36378.0,2255.9,319.8
SYPNL,7/9/2026,1310.0,1371.0,1310.0,1340.0,2.29,44444.0,2255.9,319.8
SYPNL,7/10/2026,1300.0,1364.0,1300.0,1359.0,4.54,22494.0,2255.9,319.8
SYPNL,7/13/2026,1330.0,1357.0,1282.1,1289.0,-3.08,54123.0,2255.9,319.8
SYPNL,7/14/2026,1224.6,1330.0,1224.6,1277.0,4.28,46271.0,2255.9,319.8
SYPNL,7/15/2026,1301.0,1310.0,1262.0,1299.8,-0.09,31623.0,2255.9,319.8
SYPNL,7/16/2026,1282.0,1305.0,1226.1,1255.0,-2.11,37066.0,2255.9,319.8
SYPNL,7/17/2026,1192.3,1338.0,1192.3,1338.0,12.22,56308.0,2255.9,319.8
SYPNL,7/20/2026,1350.0,1411.0,1338.0,1397.5,3.52,108582.0,2255.9,319.8
SYPNL,7/21/2026,1327.7,1448.0,1327.7,1405.0,5.82,96349.0,2255.9,319.8
SYPNL,7/22/2026,1334.8,1430.0,1334.8,1408.9,5.55,69705.0,2255.9,319.8
SYPNL,7/23/2026,1400.0,1429.5,1385.2,1426.9,1.92,75287.0,2255.9,319.8
SYPNL,7/24/2026,1360.0,1463.0,1360.0,1424.0,4.71,75872.0,2255.9,319.8
SYPNL,7/27/2026,1352.8,1432.0,1352.8,1365.0,0.9,61654.0,2255.9,319.8
SYPNL,7/28/2026,1297.0,1392.0,1297.0,1360.0,4.86,42583.0,2255.9,319.8
SYPNL,7/29/2026,1350.0,1379.0,1333.0,1334.0,-1.19,28991.0,2255.9,319.8
SYPNL,7/30/2026,1335.0,1364.0,1310.0,1331.0,-0.3,30930.0,2255.9,319.8
SYPNL,7/31/2026,1264.5,1355.0,1264.5,1350.0,6.76,44453.0,2255.9,319.8
SYPNL,8/3/2026,1282.5,1375.0,1282.5,1342.1,4.65,52381.0,2255.9,319.8
SYPNL,8/4/2026,1381.0,1381.0,1315.0,1320.0,-4.42,21415.0,2255.9,319.8
SYPNL,8/5/2026,1254.0,1340.0,1254.0,1317.0,5.02,24063.0,2255.9,319.8
SYPNL,8/6/2026,1251.2,1350.0,1251.2,1280.0,2.3,61852.0,2255.9,319.8
SYPNL,8/7/2026,1242.0,1299.0,1242.0,1284.0,3.38,22646.0,2255.9,319.8
SYPNL,8/10/2026,1219.8,1350.0,1219.8,1334.0,9.36,48549.0,2255.9,319.8
SYPNL,8/11/2026,1277.0,1355.9,1277.0,1321.0,3.45,19605.0,2255.9,319.8
SYPNL,8/12/2026,1322.0,1330.0,1298.0,1298.0,-1.82,32019.0,2255.9,319.8
SYPNL,8/13/2026,1340.0,1340.0,1290.0,1300.0,-2.99,30086.0,2255.9,319.8
SYPNL,8/14/2026,1350.0,1350.0,1275.0,1293.0,-4.22,17666.0,2255.9,319.8
SYPNL,8/17/2026,1357.6,1357.6,1290.0,1296.0,-4.54,30705.0,2255.9,319.8
SYPNL,8/18/2026,1295.0,1306.9,1283.0,1290.0,-0.39,24651.0,2255.9,319.8
SYPNL,8/19/2026,1225.5,1300.0,1225.5,1271.0,3.71,29613.0,2255.9,319.8
SYPNL,8/20/2026,1207.5,1296.0,1207.5,1270.0,5.18,26575.0,2255.9,319.8
SYPNL,8/21/2026,1206.5,1299.0,1206.5,1260.0,4.43,20283.0,2255.9,319.8
SYPNL,8/24/2026,1197.0,1286.0,1197.0,1244.0,3.93,23267.0,2255.9,319.8
SYPNL,8/25/2026,1244.0,1260.0,1230.0,1241.9,-0.17,39000.0,2255.9,319.8
SYPNL,8/26/2026,1200.0,1239.0,1200.0,1220.0,1.67,27607.0,2255.9,319.8
SYPNL,8/27/2026,1220.0,1269.9,1200.0,1244.3,1.99,43645.0,2255.9,319.8
SYPNL,8/31/2026,1244.3,1319.0,1230.1,1293.0,3.91,85617.0,2255.9,319.8
SYPNL,9/1/2026,1293.0,1315.0,1260.0,1260.1,-2.54,31283.0,2255.9,319.8
SYPNL,9/2/2026,1197.1,1287.5,1197.1,1279.5,6.88,29110.0,2255.9,319.8
SYPNL,9/3/2026,1215.6,1311.0,1215.6,1281.0,5.38,58760.0,2255.9,319.8
SYPNL,9/7/2026,1345.0,1349.9,1250.0,1344.0,-0.07,101030.0,2255.9,319.8
SYPNL,9/9/2026,1335.0,1378.0,1321.0,1327.0,-0.6,75400.0,2255.9,319.8
SYPNL,9/10/2026,1260.7,1339.9,1260.7,1321.0,4.78,50817.0,2255.9,319.8
SYPNL,9/11/2026,1354.9,1354.9,1308.0,1311.0,-3.24,33320.0,2255.9,319.8
SYPNL,9/14/2026,1320.0,1338.0,1315.0,1315.0,-0.38,28294.0,2255.9,319.8
SYPNL,9/15/2026,1380.0,1380.0,1330.5,1337.0,-3.12,65873.0,2255.9,319.8
SYPNL,9/16/2026,1340.0,1343.0,1301.1,1318.0,-1.64,29873.0,2255.9,319.8
SYPNL,9/17/2026,1340.0,1356.0,1311.5,1315.0,-1.87,32453.0,2255.9,319.8
SYPNL,9/18/2026,1318.0,1330.0,1310.0,1311.0,-0.53,24836.0,2255.9,319.8
SYPNL,9/22/2026,1311.0,1337.0,1311.0,1320.0,0.69,31517.0,2255.9,319.8
SYPNL,9/23/2026,1319.0,1329.0,1300.0,1309.8,-0.7,28080.0,2255.9,319.8
SYPNL,9/24/2026,1305.0,1325.0,1300.0,1319.8,1.13,34230.0,2255.9,319.8
SYPNL,9/28/2026,1319.0,1350.0,1310.0,1333.0,1.06,88234.0,2255.9,319.8
SYPNL,9/29/2026,1395.0,1395.0,1322.1,0.0,-100.0,20231.0,2255.9,319.8
SYPNL,9/30/2026,1393.3,1393.3,1300.0,1350.0,-3.11,81025.0,2255.9,319.8
SYPNL,10/1/2026,1350.0,1399.9,1350.0,1374.0,1.78,102922.0,2255.9,319.8
SYPNL,10/2/2026,1340.0,1381.9,1333.0,1341.0,0.07,53383.0,2255.9,319.8
TAMOR,12/21/2025,470.2,470.2,451.0,453.4,,7275.0,558.0,396.4
TAMOR,12/22/2025,447.0,465.0,447.0,451.0,-0.53,8437.0,558.0,396.4
TAMOR,12/23/2025,447.0,454.0,446.9,454.0,0.67,8515.0,558.0,396.4
TAMOR,12/24/2025,460.0,460.0,442.1,444.2,-2.16,8927.0,558.0,396.4
TAMOR,12/28/2025,447.0,454.1,444.0,451.0,1.53,11743.0,558.0,396.4
TAMOR,12/29/2025,443.3,459.0,443.3,451.0,0.0,18719.0,558.0,396.4
TAMOR,12/31/2025,450.0,454.0,445.5,446.0,-1.11,16481.0,558.0,396.4
TAMOR,1/1/2026,441.6,448.0,441.6,444.0,-0.45,15772.0,558.0,396.4
TAMOR,1/4/2026,445.0,461.8,440.0,440.3,-0.83,25201.0,558.0,396.4
TAMOR,1/5/2026,437.0,460.1,437.0,460.1,4.5,18870.0,558.0,396.4
TAMOR,1/6/2026,455.1,460.0,450.0,454.0,-1.33,17777.0,558.0,396.4
TAMOR,1/7/2026,445.3,463.0,445.3,447.0,-1.54,10921.0,558.0,396.4
TAMOR,1/8/2026,440.2,450.0,440.2,448.0,0.22,7936.0,558.0,396.4
TAMOR,1/12/2026,444.0,454.0,440.0,443.0,-1.12,7182.0,558.0,396.4
TAMOR,1/13/2026,443.0,450.0,441.2,449.0,1.35,7504.0,558.0,396.4
TAMOR,1/14/2026,453.0,453.0,441.3,449.0,0.0,8540.0,558.0,396.4
TAMOR,1/18/2026,442.1,450.0,442.1,447.0,-0.45,12753.0,558.0,396.4
TAMOR,1/20/2026,444.2,455.9,443.2,454.9,1.77,28704.0,558.0,396.4
TAMOR,1/21/2026,463.0,463.0,448.2,449.1,-1.28,21147.0,558.0,396.4
TAMOR,1/22/2026,447.0,455.9,447.0,455.7,1.47,14409.0,558.0,396.4
TAMOR,1/25/2026,451.5,461.0,451.5,459.8,0.9,45903.0,558.0,396.4
TAMOR,1/26/2026,461.0,475.0,452.3,463.8,0.87,85376.0,558.0,396.4
TAMOR,1/27/2026,464.0,467.0,450.2,457.8,-1.29,34686.0,558.0,396.4
TAMOR,1/28/2026,451.2,465.0,449.2,463.0,1.14,29318.0,558.0,396.4
TAMOR,1/29/2026,454.0,469.0,453.0,458.0,-1.08,50065.0,558.0,396.4
TAMOR,2/1/2026,450.1,458.0,449.0,451.0,-1.53,13600.0,558.0,396.4
TAMOR,2/2/2026,446.0,454.0,446.0,447.2,-0.84,9267.0,558.0,396.4
TAMOR,2/3/2026,450.0,450.0,440.0,448.0,0.18,15505.0,558.0,396.4
TAMOR,2/4/2026,456.9,456.9,442.1,446.0,-0.45,14660.0,558.0,396.4
TAMOR,2/5/2026,445.0,449.9,443.0,448.0,0.45,18240.0,558.0,396.4
TAMOR,2/8/2026,448.0,455.0,446.0,448.0,0.0,25924.0,558.0,396.4
TAMOR,2/9/2026,442.4,448.0,442.3,444.0,-0.89,14182.0,558.0,396.4
TAMOR,2/10/2026,445.0,448.0,437.2,439.0,-1.13,16892.0,558.0,396.4
TAMOR,2/11/2026,445.9,445.9,435.1,435.3,-0.84,12822.0,558.0,396.4
TAMOR,2/12/2026,443.9,448.0,430.3,435.2,-0.02,34402.0,558.0,396.4
TAMOR,2/16/2026,440.0,440.0,428.1,428.1,-1.63,28230.0,558.0,396.4
TAMOR,2/17/2026,428.3,430.0,418.1,419.0,-2.13,26787.0,558.0,396.4
TAMOR,2/22/2026,411.0,425.0,411.0,413.1,-1.41,18372.0,558.0,396.4
TAMOR,2/23/2026,413.1,417.0,411.0,413.0,-0.02,19663.0,558.0,396.4
TAMOR,2/24/2026,411.0,416.0,409.0,416.0,0.73,9512.0,558.0,396.4
TAMOR,2/25/2026,415.0,418.0,411.0,414.0,-0.48,12095.0,558.0,396.4
TAMOR,2/26/2026,418.5,418.5,412.6,414.0,0.0,7752.0,558.0,396.4
TAMOR,2/27/2026,418.5,418.5,412.6,414.0,0.0,7752.0,558.0,396.4
TAMOR,2/28/2026,418.5,418.5,412.6,414.0,0.0,7752.0,558.0,396.4
TAMOR,3/2/2026,410.1,420.9,410.0,416.7,0.65,5892.0,558.0,396.4
TAMOR,3/3/2026,417.0,433.9,417.0,429.0,2.95,9331.0,558.0,396.4
TAMOR,3/4/2026,417.0,433.9,417.0,429.0,0.0,9331.0,558.0,396.4
TAMOR,3/5/2026,417.0,433.9,417.0,429.0,0.0,9331.0,558.0,396.4
TAMOR,3/6/2026,417.0,433.9,417.0,429.0,0.0,9331.0,558.0,396.4
TAMOR,3/7/2026,417.0,433.9,417.0,429.0,0.0,9331.0,558.0,396.4
TAMOR,3/8/2026,417.0,433.9,417.0,429.0,0.0,9331.0,558.0,396.4
TAMOR,3/9/2026,437.5,455.1,437.5,446.2,4.01,542.0,558.0,396.4
TAMOR,3/10/2026,455.0,455.0,433.0,440.0,-1.39,48603.0,558.0,396.4
TAMOR,3/11/2026,436.0,445.0,432.0,432.0,-1.82,22061.0,558.0,396.4
TAMOR,3/12/2026,426.2,436.0,426.2,432.1,0.02,26078.0,558.0,396.4
TAMOR,3/13/2026,426.2,436.0,426.2,432.1,0.0,26078.0,558.0,396.4
TAMOR,3/14/2026,426.2,436.0,426.2,432.1,0.0,26078.0,558.0,396.4
TAMOR,3/15/2026,433.0,438.0,427.0,429.0,-0.72,19525.0,558.0,396.4
TAMOR,3/16/2026,430.0,430.0,417.1,422.0,-1.63,40313.0,558.0,396.4
TAMOR,3/17/2026,414.0,426.3,413.6,424.0,0.47,35263.0,558.0,396.4
TAMOR,3/18/2026,414.0,426.3,413.6,424.0,0.0,35263.0,558.0,396.4
TAMOR,3/19/2026,422.0,430.0,418.0,421.0,-0.71,76200.0,558.0,396.4
TAMOR,3/20/2026,422.0,430.0,418.0,421.0,0.0,76200.0,558.0,396.4
TAMOR,3/21/2026,422.0,430.0,418.0,421.0,0.0,76200.0,558.0,396.4
TAMOR,3/22/2026,412.6,452.3,396.4,446.5,6.06,869740.0,558.0,396.4
TAMOR,3/23/2026,446.0,448.9,437.5,448.0,0.34,495103.0,558.0,396.4
TAMOR,3/24/2026,445.0,467.0,445.0,459.0,2.46,389316.0,558.0,396.4
TAMOR,3/25/2026,450.0,466.0,450.0,465.0,1.31,310103.0,558.0,396.4
TAMOR,3/26/2026,470.0,470.0,456.0,467.0,-0.64,271739.0,558.0,396.4
TAMOR,3/29/2026,470.0,472.0,455.0,460.0,-2.13,260759.0,558.0,396.4
TAMOR,3/30/2026,460.0,464.9,455.0,458.1,-0.41,160850.0,558.0,396.4
TAMOR,3/31/2026,459.0,462.0,446.0,458.0,-0.22,193642.0,558.0,396.4
TAMOR,4/1/2026,464.9,464.9,448.0,453.0,-2.56,200990.0,558.0,396.4
TAMOR,4/2/2026,446.1,456.0,441.0,448.2,0.47,115950.0,558.0,396.4
TAMOR,4/5/2026,441.2,444.0,431.3,435.0,-1.41,136660.0,558.0,396.4
TAMOR,4/6/2026,431.0,454.0,427.0,446.3,3.55,122567.0,558.0,396.4
TAMOR,4/7/2026,451.0,455.0,441.0,442.0,-2.0,87866.0,558.0,396.4
TAMOR,4/8/2026,442.0,450.1,441.0,444.1,0.48,64894.0,558.0,396.4
TAMOR,4/9/2026,449.0,455.9,442.2,447.1,-0.42,150848.0,558.0,396.4
TAMOR,4/10/2026,450.0,450.0,443.2,443.7,-1.4,103386.0,558.0,396.4
TAMOR,4/13/2026,452.5,459.0,449.0,454.0,0.33,97040.0,558.0,396.4
TAMOR,4/15/2026,463.0,463.0,450.0,453.0,-2.16,111264.0,558.0,396.4
TAMOR,4/16/2026,455.0,455.0,444.0,444.1,-2.4,84831.0,558.0,396.4
TAMOR,4/17/2026,450.0,452.0,444.0,446.0,-0.89,36152.0,558.0,396.4
TAMOR,4/20/2026,443.4,445.4,440.2,445.0,0.36,100310.0,558.0,396.4
TAMOR,4/21/2026,422.8,449.0,422.8,440.0,4.07,108087.0,558.0,396.4
TAMOR,4/22/2026,440.0,444.9,437.1,444.0,0.91,99782.0,558.0,396.4
TAMOR,4/23/2026,444.0,448.9,438.1,441.0,-0.68,30890.0,558.0,396.4
TAMOR,4/24/2026,454.2,454.2,436.1,439.3,-3.28,38977.0,558.0,396.4
TAMOR,4/27/2026,439.3,443.9,437.0,438.5,-0.18,53914.0,558.0,396.4
TAMOR,4/28/2026,438.5,446.8,438.5,443.0,1.03,86741.0,558.0,396.4
TAMOR,4/29/2026,465.0,465.0,436.5,439.0,-5.59,56543.0,558.0,396.4
TAMOR,4/30/2026,440.0,440.0,430.7,434.0,-1.36,50711.0,558.0,396.4
TAMOR,5/4/2026,434.0,440.0,430.4,431.1,-0.67,45091.0,558.0,396.4
TAMOR,5/5/2026,428.4,434.0,425.3,430.2,0.42,35565.0,558.0,396.4
TAMOR,5/6/2026,429.0,433.9,427.1,431.0,0.47,26090.0,558.0,396.4
TAMOR,5/7/2026,430.1,433.0,427.0,427.0,-0.72,33787.0,558.0,396.4
TAMOR,5/8/2026,427.0,434.0,426.4,433.7,1.57,33752.0,558.0,396.4
TAMOR,5/11/2026,433.0,443.0,432.1,440.5,1.73,55489.0,558.0,396.4
TAMOR,5/12/2026,430.0,442.0,430.0,437.9,1.84,21179.0,558.0,396.4
TAMOR,5/13/2026,436.0,442.0,430.3,441.2,1.19,34152.0,558.0,396.4
TAMOR,5/14/2026,444.0,454.0,438.1,451.0,1.58,82782.0,558.0,396.4
TAMOR,5/15/2026,451.0,456.9,445.0,447.1,-0.86,69975.0,558.0,396.4
TAMOR,5/18/2026,442.0,452.0,442.0,447.2,1.18,48554.0,558.0,396.4
TAMOR,5/19/2026,442.0,455.0,442.0,448.0,1.36,41772.0,558.0,396.4
TAMOR,5/20/2026,444.1,455.0,444.1,455.0,2.45,55107.0,558.0,396.4
TAMOR,5/21/2026,451.1,456.8,448.1,449.0,-0.47,47693.0,558.0,396.4
TAMOR,5/22/2026,444.1,455.0,444.0,455.0,2.45,56882.0,558.0,396.4
TAMOR,5/25/2026,456.0,465.0,450.1,461.9,1.29,134249.0,558.0,396.4
TAMOR,5/26/2026,461.0,478.0,460.5,476.0,3.25,200081.0,558.0,396.4
TAMOR,5/27/2026,476.0,489.8,475.0,484.0,1.68,123162.0,558.0,396.4
TAMOR,6/1/2026,508.2,508.2,462.3,466.0,-8.3,89177.0,558.0,396.4
TAMOR,6/2/2026,460.0,470.0,460.0,468.0,1.74,57798.0,558.0,396.4
TAMOR,6/3/2026,472.0,473.0,462.0,463.3,-1.84,55118.0,558.0,396.4
TAMOR,6/4/2026,460.2,470.0,460.0,470.0,2.13,45326.0,558.0,396.4
TAMOR,6/5/2026,470.0,470.0,461.0,464.0,-1.28,53854.0,558.0,396.4
TAMOR,6/8/2026,458.1,464.0,455.0,460.0,0.41,42385.0,558.0,396.4
TAMOR,6/9/2026,460.0,461.9,452.1,459.9,-0.02,40586.0,558.0,396.4
TAMOR,6/10/2026,468.0,468.0,453.8,459.0,-1.92,52330.0,558.0,396.4
TAMOR,6/11/2026,455.0,462.0,455.0,456.5,0.33,17926.0,558.0,396.4
TAMOR,6/12/2026,453.5,458.0,452.2,458.0,0.99,37499.0,558.0,396.4
TAMOR,6/15/2026,455.0,460.0,450.0,450.0,-1.1,39090.0,558.0,396.4
TAMOR,6/16/2026,450.0,451.8,447.0,450.6,0.13,37822.0,558.0,396.4
TAMOR,6/17/2026,451.0,455.0,450.0,452.4,0.31,10787.0,558.0,396.4
TAMOR,6/18/2026,449.0,455.0,449.0,450.9,0.42,78701.0,558.0,396.4
TAMOR,6/19/2026,449.0,458.0,445.0,452.9,0.87,51252.0,558.0,396.4
TAMOR,6/22/2026,462.4,464.9,450.0,453.0,-2.03,42549.0,558.0,396.4
TAMOR,6/23/2026,432.1,456.0,432.1,449.8,4.1,30768.0,558.0,396.4
TAMOR,6/24/2026,449.0,453.0,442.9,444.7,-0.96,29611.0,558.0,396.4
TAMOR,6/26/2026,444.1,446.9,444.1,445.0,0.2,11929.0,558.0,396.4
TAMOR,6/29/2026,443.0,443.0,441.0,441.4,-0.36,12687.0,558.0,396.4
TAMOR,6/30/2026,441.0,441.0,438.2,438.6,-0.54,36500.0,558.0,396.4
TAMOR,7/1/2026,435.7,446.9,435.7,446.0,2.36,12768.0,558.0,396.4
TAMOR,7/2/2026,442.2,446.0,442.2,444.0,0.41,20600.0,558.0,396.4
TAMOR,7/3/2026,446.0,450.0,440.5,440.5,-1.23,24496.0,558.0,396.4
TAMOR,7/6/2026,439.0,443.0,439.0,439.0,0.0,26105.0,558.0,396.4
TAMOR,7/7/2026,442.0,445.0,439.0,445.0,0.68,49043.0,558.0,396.4
TAMOR,7/8/2026,440.0,443.0,438.0,439.0,-0.23,24035.0,558.0,396.4
TAMOR,7/9/2026,439.0,441.2,435.3,439.2,0.05,11639.0,558.0,396.4
TAMOR,7/10/2026,439.1,446.0,437.0,439.0,-0.02,26113.0,558.0,396.4
TAMOR,7/13/2026,439.0,439.0,431.0,432.0,-1.59,25691.0,558.0,396.4
TAMOR,7/14/2026,430.1,450.1,430.1,435.1,1.16,17543.0,558.0,396.4
TAMOR,7/15/2026,431.3,444.0,431.3,436.5,1.21,8678.0,558.0,396.4
TAMOR,7/16/2026,458.3,458.3,432.0,437.0,-4.65,35199.0,558.0,396.4
TAMOR,7/17/2026,441.0,458.0,438.0,448.1,1.61,14552.0,558.0,396.4
TAMOR,7/20/2026,455.2,455.2,444.4,452.1,-0.68,21223.0,558.0,396.4
TAMOR,7/21/2026,456.0,460.0,452.1,454.0,-0.44,50356.0,558.0,396.4
TAMOR,7/22/2026,447.0,454.0,447.0,452.0,1.12,22745.0,558.0,396.4
TAMOR,7/23/2026,460.0,463.7,446.0,451.5,-1.85,24468.0,558.0,396.4
TAMOR,7/24/2026,451.0,456.0,450.0,452.6,0.35,27528.0,558.0,396.4
TAMOR,7/27/2026,451.0,455.0,448.6,451.0,0.0,43431.0,558.0,396.4
TAMOR,7/28/2026,450.0,459.0,448.7,456.0,1.33,26914.0,558.0,396.4
TAMOR,7/29/2026,451.0,457.0,449.1,453.9,0.64,24714.0,558.0,396.4
TAMOR,7/30/2026,449.2,456.9,448.1,451.0,0.4,34393.0,558.0,396.4
TAMOR,7/31/2026,448.1,453.0,445.0,449.3,0.27,27003.0,558.0,396.4
TAMOR,8/3/2026,449.0,455.0,449.0,449.5,0.11,28438.0,558.0,396.4
TAMOR,8/4/2026,428.6,458.0,428.6,449.2,4.81,34970.0,558.0,396.4
TAMOR,8/5/2026,446.0,453.0,446.0,453.0,1.57,12052.0,558.0,396.4
TAMOR,8/6/2026,448.2,454.9,445.1,450.0,0.4,23440.0,558.0,396.4
TAMOR,8/7/2026,446.0,449.9,445.1,445.1,-0.2,9540.0,558.0,396.4
TAMOR,8/10/2026,446.0,450.0,446.0,450.0,0.9,14927.0,558.0,396.4
TAMOR,8/11/2026,440.1,453.2,440.1,449.2,2.07,21063.0,558.0,396.4
TAMOR,8/12/2026,451.1,455.5,450.0,451.0,-0.02,46091.0,558.0,396.4
TAMOR,8/13/2026,451.1,454.8,450.0,453.0,0.42,19705.0,558.0,396.4
TAMOR,8/14/2026,453.0,457.9,453.0,457.0,0.88,34204.0,558.0,396.4
TAMOR,8/17/2026,456.0,470.0,455.3,469.0,2.85,126173.0,558.0,396.4
TAMOR,8/18/2026,470.0,470.0,455.0,455.0,-3.19,171974.0,558.0,396.4
TAMOR,8/19/2026,455.0,465.9,454.1,459.5,0.99,79851.0,558.0,396.4
TAMOR,8/20/2026,462.0,482.0,460.0,481.8,4.29,314336.0,558.0,396.4
TAMOR,8/21/2026,485.0,488.8,476.0,484.7,-0.06,270640.0,558.0,396.4
TAMOR,8/24/2026,483.0,483.9,472.2,478.0,-1.04,143846.0,558.0,396.4
TAMOR,8/25/2026,478.0,482.6,473.5,480.4,0.5,161614.0,558.0,396.4
TAMOR,8/26/2026,480.0,484.9,473.1,480.0,0.0,406065.0,558.0,396.4
TAMOR,8/27/2026,472.7,484.5,472.6,482.0,1.97,123358.0,558.0,396.4
TAMOR,8/31/2026,477.5,480.0,475.0,480.0,0.52,91097.0,558.0,396.4
TAMOR,9/1/2026,479.9,499.0,475.2,495.0,3.15,185492.0,558.0,396.4
TAMOR,9/2/2026,495.0,506.0,495.0,504.0,1.82,282709.0,558.0,396.4
TAMOR,9/3/2026,500.0,507.0,493.2,503.0,0.6,265982.0,558.0,396.4
TAMOR,9/7/2026,528.1,528.1,495.0,497.1,-5.87,112276.0,558.0,396.4
TAMOR,9/9/2026,496.0,500.0,490.1,493.1,-0.58,266955.0,558.0,396.4
TAMOR,9/10/2026,494.0,495.5,486.0,489.0,-1.01,150330.0,558.0,396.4
TAMOR,9/11/2026,488.5,497.0,488.1,497.0,1.74,148360.0,558.0,396.4
TAMOR,9/14/2026,498.0,517.5,498.0,516.9,3.8,398521.0,558.0,396.4
TAMOR,9/15/2026,525.0,539.0,517.0,527.0,0.38,332158.0,558.0,396.4
TAMOR,9/16/2026,526.0,535.0,522.0,526.1,0.02,227845.0,558.0,396.4
TAMOR,9/17/2026,528.0,536.9,528.0,533.0,0.95,199266.0,558.0,396.4
TAMOR,9/18/2026,533.0,550.0,533.0,547.9,2.8,386379.0,558.0,396.4
TAMOR,9/22/2026,542.0,550.0,531.6,533.0,-1.66,323001.0,558.0,396.4
TAMOR,9/23/2026,533.1,540.0,529.6,534.0,0.17,245926.0,558.0,396.4
TAMOR,9/24/2026,530.0,535.0,511.0,533.8,0.72,464282.0,558.0,396.4
TAMOR,9/28/2026,533.8,537.0,526.0,531.8,-0.37,152931.0,558.0,396.4
TAMOR,9/29/2026,558.0,558.0,525.0,0.0,-100.0,100252.0,558.0,396.4
TAMOR,9/30/2026,555.0,555.0,522.2,528.9,-4.7,92805.0,558.0,396.4
TAMOR,10/1/2026,520.0,530.0,520.0,526.7,1.29,87294.0,558.0,396.4
TAMOR,10/2/2026,511.0,533.0,511.0,530.0,3.72,126279.0,558.0,396.4
TPC,12/8/2021,515.1,518.0,499.0,509.0,,4730.0,450.0,270.1
TPC,12/9/2021,500.0,527.0,500.0,507.0,-0.39,3765.0,450.0,270.1
TPC,12/12/2021,497.0,497.0,461.3,489.9,-3.37,5500.0,450.0,270.1
TPC,12/13/2021,480.2,489.8,445.0,445.0,-9.17,3131.0,450.0,270.1
TPC,12/14/2021,445.0,489.5,437.0,489.5,10.0,2824.0,450.0,270.1
TPC,12/15/2021,499.2,510.0,451.5,480.5,-1.84,6477.0,450.0,270.1
TPC,12/16/2021,480.0,490.0,453.9,454.1,-5.49,3080.0,450.0,270.1
TPC,12/20/2021,453.9,453.9,420.0,430.0,-5.31,3160.0,450.0,270.1
TPC,12/21/2021,430.0,438.6,415.1,416.0,-3.26,7301.0,450.0,270.1
TPC,12/22/2021,424.0,452.0,424.0,443.0,6.49,6721.0,450.0,270.1
TPC,12/23/2021,440.0,459.0,425.4,430.0,-2.93,4101.0,450.0,270.1
TPC,12/26/2021,430.0,445.0,425.1,434.4,1.02,2611.0,450.0,270.1
TPC,12/27/2021,426.0,434.0,414.0,415.0,-4.47,3090.0,450.0,270.1
TPC,12/28/2021,407.0,431.0,404.0,419.0,0.96,3243.0,450.0,270.1
TPC,12/29/2021,410.7,422.0,405.0,415.0,-0.95,2891.0,450.0,270.1
TPC,1/2/2022,408.0,428.9,408.0,428.0,3.13,2170.0,450.0,270.1
TPC,1/3/2022,420.0,430.0,415.5,427.3,-0.16,2585.0,450.0,270.1
TPC,1/4/2022,425.0,430.0,408.1,426.0,-0.3,1800.0,450.0,270.1
TPC,1/5/2022,431.0,460.0,425.0,449.0,5.4,11440.0,450.0,270.1
TPC,1/6/2022,449.0,493.9,432.0,493.9,10.0,15247.0,450.0,270.1
TPC,1/9/2022,494.0,530.0,487.1,522.0,5.69,15407.0,450.0,270.1
TPC,1/10/2022,512.0,550.8,501.0,517.0,-0.96,7729.0,450.0,270.1
TPC,1/11/2022,517.0,525.0,505.0,519.0,0.39,6316.0,450.0,270.1
TPC,1/12/2022,515.0,518.0,495.0,496.0,-4.43,15279.0,450.0,270.1
TPC,1/13/2022,505.0,515.0,486.1,513.0,3.43,3810.0,450.0,270.1
TPC,1/16/2022,513.0,543.0,502.8,537.0,4.68,24382.0,450.0,270.1
TPC,1/17/2022,547.7,547.7,519.4,547.0,1.86,16720.0,450.0,270.1
TPC,1/18/2022,540.0,572.3,531.3,569.0,4.02,16461.0,450.0,270.1
TPC,1/19/2022,558.0,585.0,542.0,578.0,1.58,11092.0,450.0,270.1
TPC,1/20/2022,578.0,635.8,557.0,635.8,10.0,39442.0,450.0,270.1
TPC,1/23/2022,635.8,652.0,615.0,635.0,-0.13,24095.0,450.0,270.1
TPC,1/24/2022,635.0,645.0,573.3,599.0,-5.67,25768.0,450.0,270.1
TPC,1/25/2022,587.1,610.9,570.0,589.9,-1.52,11375.0,450.0,270.1
TPC,1/26/2022,585.0,600.0,550.0,582.0,-1.34,10531.0,450.0,270.1
TPC,1/27/2022,575.0,598.0,566.5,598.0,2.75,6338.0,450.0,270.1
TPC,1/30/2022,609.9,617.0,595.2,609.1,1.86,15837.0,450.0,270.1
TPC,1/31/2022,600.1,627.0,588.0,607.0,-0.34,11061.0,450.0,270.1
TPC,2/1/2022,605.0,620.0,596.0,611.0,0.66,10548.0,450.0,270.1
TPC,2/3/2022,613.0,663.0,613.0,635.0,3.93,26223.0,450.0,270.1
TPC,2/6/2022,630.0,635.0,605.0,607.0,-4.41,13698.0,450.0,270.1
TPC,2/7/2022,594.9,637.6,594.9,612.0,0.82,7990.0,450.0,270.1
TPC,2/8/2022,624.2,636.0,589.0,592.1,-3.25,10431.0,450.0,270.1
TPC,2/9/2022,592.1,603.2,576.2,594.0,0.32,3959.0,450.0,270.1
TPC,2/10/2022,584.0,591.6,570.0,584.6,-1.58,7840.0,450.0,270.1
TPC,2/13/2022,573.0,573.0,546.0,547.0,-6.43,8366.0,450.0,270.1
TPC,2/14/2022,536.1,560.0,536.1,552.0,0.91,2717.0,450.0,270.1
TPC,2/15/2022,541.1,600.0,541.1,600.0,8.7,5415.0,450.0,270.1
TPC,2/16/2022,600.0,600.0,570.0,587.0,-2.17,7512.0,450.0,270.1
TPC,2/17/2022,598.0,642.6,576.3,625.0,6.47,32814.0,450.0,270.1
TPC,2/20/2022,637.5,687.5,590.0,679.0,8.64,49835.0,450.0,270.1
TPC,2/21/2022,675.0,728.0,670.0,710.0,4.57,27533.0,450.0,270.1
TPC,2/22/2022,710.0,780.3,696.0,758.0,6.76,24134.0,450.0,270.1
TPC,2/23/2022,773.1,825.0,742.9,825.0,8.84,39640.0,450.0,270.1
TPC,2/24/2022,809.0,824.0,763.0,821.0,-0.48,26523.0,450.0,270.1
TPC,2/27/2022,805.0,812.0,785.0,788.0,-4.02,26449.0,450.0,270.1
TPC,2/28/2022,800.0,800.0,709.2,709.2,-10.0,25503.0,450.0,270.1
TPC,3/2/2022,695.1,700.0,641.3,670.0,-5.53,17737.0,450.0,270.1
TPC,3/6/2022,670.0,693.0,659.0,674.0,0.6,9810.0,450.0,270.1
TPC,3/7/2022,666.0,683.4,657.0,675.0,0.15,11784.0,450.0,270.1
TPC,3/9/2022,662.0,665.0,640.0,655.0,-2.96,5760.0,450.0,270.1
TPC,3/10/2022,643.0,669.0,628.0,665.0,1.53,22639.0,450.0,270.1
TPC,3/13/2022,678.3,690.0,651.0,663.0,-0.3,22443.0,450.0,270.1
TPC,3/14/2022,665.0,678.2,662.0,670.0,1.06,5475.0,450.0,270.1
TPC,3/15/2022,663.0,674.0,650.0,664.5,-0.82,12222.0,450.0,270.1
TPC,3/16/2022,652.0,668.0,645.1,653.0,-1.73,7436.0,450.0,270.1
TPC,3/20/2022,666.0,666.0,637.0,647.0,-0.92,5075.0,450.0,270.1
TPC,3/21/2022,647.0,667.0,635.0,656.0,1.39,5260.0,450.0,270.1
TPC,3/22/2022,650.0,665.0,642.0,642.0,-2.13,4745.0,450.0,270.1
TPC,3/23/2022,635.0,649.0,632.0,635.0,-1.09,3484.0,450.0,270.1
TPC,3/24/2022,628.0,635.0,615.0,624.0,-1.73,11904.0,450.0,270.1
TPC,3/27/2022,612.1,624.0,588.1,599.0,-4.01,5763.0,450.0,270.1
TPC,3/28/2022,588.0,605.0,588.0,597.0,-0.33,6347.0,450.0,270.1
TPC,3/29/2022,586.0,610.0,580.1,591.9,-0.85,4222.0,450.0,270.1
TPC,3/30/2022,582.0,630.0,582.0,630.0,6.44,9281.0,450.0,270.1
TPC,3/31/2022,617.6,629.0,600.0,610.0,-3.17,8470.0,450.0,270.1
TPC,4/3/2022,597.8,610.0,594.0,603.0,-1.15,4357.0,450.0,270.1
TPC,4/4/2022,591.0,604.9,580.0,599.0,-0.66,2295.0,450.0,270.1
TPC,4/5/2022,588.0,599.0,570.0,575.0,-4.01,6453.0,450.0,270.1
TPC,4/6/2022,565.0,579.0,545.1,567.0,-1.39,4751.0,450.0,270.1
TPC,4/7/2022,556.0,594.0,556.0,569.9,0.51,7998.0,450.0,270.1
TPC,4/11/2022,562.0,591.9,540.0,552.0,-3.14,6384.0,450.0,270.1
TPC,4/12/2022,550.0,550.0,520.5,525.0,-4.89,4800.0,450.0,270.1
TPC,4/13/2022,535.0,544.0,517.0,530.0,0.95,4768.0,450.0,270.1
TPC,4/17/2022,530.0,535.0,505.0,513.0,-3.21,3288.0,450.0,270.1
TPC,4/18/2022,503.0,510.0,474.0,499.8,-2.57,5165.0,450.0,270.1
TPC,4/19/2022,496.5,505.0,468.1,504.9,1.02,4383.0,450.0,270.1
TPC,4/20/2022,494.9,494.9,460.3,474.0,-6.12,4053.0,450.0,270.1
TPC,4/21/2022,480.0,482.9,447.0,469.9,-0.86,4278.0,450.0,270.1
TPC,4/24/2022,479.2,516.7,465.0,503.2,7.09,5851.0,450.0,270.1
TPC,4/25/2022,507.0,512.0,481.1,487.0,-3.22,4633.0,450.0,270.1
TPC,4/26/2022,487.0,496.7,477.4,482.0,-1.03,1936.0,450.0,270.1
TPC,4/27/2022,490.0,500.0,471.0,478.0,-0.83,5461.0,450.0,270.1
TPC,4/28/2022,485.0,495.0,465.1,469.0,-1.88,5587.0,450.0,270.1
TPC,5/2/2022,459.7,462.0,450.0,457.0,-2.56,3548.0,450.0,270.1
TPC,5/4/2022,457.0,457.0,432.1,440.0,-3.72,4950.0,450.0,270.1
TPC,5/5/2022,432.0,435.0,415.0,420.0,-4.55,4425.0,450.0,270.1
TPC,5/8/2022,411.6,434.0,404.0,427.0,1.67,2717.0,450.0,270.1
TPC,5/9/2022,424.0,447.9,420.0,447.9,4.89,5877.0,450.0,270.1
TPC,5/10/2022,439.0,469.0,426.0,463.0,3.37,4795.0,450.0,270.1
TPC,5/11/2022,454.0,484.0,442.0,484.0,4.54,5826.0,450.0,270.1
TPC,5/12/2022,474.4,514.0,458.0,514.0,6.2,10111.0,450.0,270.1
TPC,5/17/2022,504.0,504.0,462.6,480.0,-6.61,8240.0,450.0,270.1
TPC,5/18/2022,470.4,480.0,455.2,480.0,0.0,2411.0,450.0,270.1
TPC,5/19/2022,470.4,483.9,442.1,483.9,0.81,7254.0,450.0,270.1
TPC,5/20/2022,474.3,474.8,437.8,460.0,-4.94,3641.0,450.0,270.1
TPC,5/23/2022,469.0,469.0,435.0,435.0,-5.43,1825.0,450.0,270.1
TPC,5/24/2022,443.0,450.8,427.0,442.9,1.82,2638.0,450.0,270.1
TPC,5/25/2022,450.0,460.0,434.2,459.0,3.64,3977.0,450.0,270.1
TPC,5/26/2022,449.9,458.7,441.3,447.0,-2.61,1525.0,450.0,270.1
TPC,5/27/2022,438.1,464.0,435.0,442.0,-1.12,2870.0,450.0,270.1
TPC,5/30/2022,434.0,442.6,424.6,430.0,-2.71,510.0,450.0,270.1
TPC,5/31/2022,421.4,438.6,419.0,427.0,-0.7,3648.0,450.0,270.1
TPC,6/1/2022,430.0,435.0,413.0,432.1,1.19,1955.0,450.0,270.1
TPC,6/2/2022,438.0,438.0,420.8,423.1,-2.08,1443.0,450.0,270.1
TPC,6/3/2022,417.0,424.9,415.0,423.9,0.19,728.0,450.0,270.1
TPC,6/6/2022,420.0,435.9,415.5,420.1,-0.9,2474.0,450.0,270.1
TPC,6/7/2022,415.0,415.0,401.1,411.0,-2.17,1225.0,450.0,270.1
TPC,6/8/2022,411.0,449.8,407.0,449.8,9.44,3823.0,450.0,270.1
TPC,6/9/2022,449.0,454.8,427.0,448.0,-0.4,5145.0,450.0,270.1
TPC,6/10/2022,440.0,456.9,425.0,456.9,1.99,4087.0,450.0,270.1
TPC,6/13/2022,456.9,474.3,429.2,474.3,3.81,3295.0,450.0,270.1
TPC,6/14/2022,464.9,474.0,435.0,474.0,-0.06,6340.0,450.0,270.1
TPC,6/15/2022,465.0,465.0,426.6,451.0,-4.85,7708.0,450.0,270.1
TPC,6/16/2022,445.0,461.0,426.3,461.0,2.22,3131.0,450.0,270.1
TPC,6/17/2022,451.8,469.0,426.1,469.0,1.74,2235.0,450.0,270.1
TPC,6/20/2022,459.7,459.7,422.1,422.1,-10.0,9140.0,450.0,270.1
TPC,6/21/2022,413.7,451.8,397.4,410.0,-2.87,6389.0,450.0,270.1
TPC,6/22/2022,418.2,435.0,390.0,422.0,2.93,4783.0,450.0,270.1
TPC,6/23/2022,417.0,417.0,381.1,395.0,-6.4,2109.0,450.0,270.1
TPC,6/24/2022,387.1,423.0,358.0,414.6,4.96,5134.0,450.0,270.1
TPC,6/26/2022,408.0,436.5,393.0,436.5,5.28,8106.0,450.0,270.1
TPC,6/27/2022,436.5,436.5,405.0,405.0,-7.22,3535.0,450.0,270.1
TPC,6/28/2022,396.9,412.0,389.0,412.0,1.73,3595.0,450.0,270.1
TPC,6/29/2022,405.0,417.9,400.0,411.0,-0.24,3380.0,450.0,270.1
TPC,6/30/2022,417.0,424.0,406.0,418.9,1.92,3536.0,450.0,270.1
TPC,7/1/2022,421.0,436.5,415.0,423.9,1.19,4340.0,450.0,270.1
TPC,7/3/2022,424.0,459.0,410.0,459.0,8.28,10180.0,450.0,270.1
TPC,7/4/2022,459.0,499.2,436.1,440.0,-4.14,14283.0,450.0,270.1
TPC,7/5/2022,438.0,475.4,432.1,441.0,0.23,5210.0,450.0,270.1
TPC,7/6/2022,449.0,475.3,425.1,475.3,7.78,4863.0,450.0,270.1
TPC,7/7/2022,480.0,480.0,443.0,464.0,-2.38,7505.0,450.0,270.1
TPC,7/8/2022,455.0,463.9,437.0,444.9,-4.12,4395.0,450.0,270.1
TPC,7/11/2022,453.7,453.7,413.1,428.0,-3.8,4500.0,450.0,270.1
TPC,7/12/2022,420.0,427.0,413.0,416.3,-2.73,5000.0,450.0,270.1
TPC,7/13/2022,408.0,432.0,408.0,426.0,2.33,8786.0,450.0,270.1
TPC,7/14/2022,434.0,434.0,417.8,426.0,0.0,2016.0,450.0,270.1
TPC,7/15/2022,418.0,426.0,418.0,426.0,0.0,867.0,450.0,270.1
TPC,7/17/2022,418.2,436.0,418.1,431.4,1.27,3506.0,450.0,270.1
TPC,7/18/2022,428.0,431.0,420.0,427.1,-1.0,1338.0,450.0,270.1
TPC,7/19/2022,435.6,440.0,426.9,439.0,2.79,5789.0,450.0,270.1
TPC,7/20/2022,434.0,434.9,430.0,433.0,-1.37,2843.0,450.0,270.1
TPC,7/21/2022,425.1,433.0,420.0,424.0,-2.08,3641.0,450.0,270.1
TPC,7/22/2022,415.6,423.0,410.0,410.0,-3.3,2185.0,450.0,270.1
TPC,7/24/2022,418.2,433.0,412.0,433.0,5.61,2532.0,450.0,270.1
TPC,7/25/2022,430.0,453.0,430.0,452.8,4.57,7936.0,450.0,270.1
TPC,7/26/2022,460.0,477.0,443.8,460.0,1.59,21404.0,450.0,270.1
TPC,7/27/2022,458.4,493.0,450.0,490.0,6.52,13894.0,450.0,270.1
TPC,7/28/2022,483.0,510.0,472.0,490.0,0.0,10511.0,450.0,270.1
TPC,7/29/2022,480.3,499.5,471.2,483.0,-1.43,1900.0,450.0,270.1
TPC,7/31/2022,483.0,502.0,482.0,484.0,0.21,7800.0,450.0,270.1
TPC,8/1/2022,493.6,493.6,475.0,480.0,-0.83,5906.0,450.0,270.1
TPC,8/2/2022,478.0,501.0,473.0,498.0,3.75,14451.0,450.0,270.1
TPC,8/3/2022,500.0,547.7,500.0,518.0,4.02,18313.0,450.0,270.1
TPC,8/4/2022,521.0,540.0,510.0,514.0,-0.77,16843.0,450.0,270.1
TPC,8/5/2022,504.0,512.0,486.1,486.1,-5.43,10776.0,450.0,270.1
TPC,8/7/2022,495.8,534.7,485.2,533.0,9.65,26024.0,450.0,270.1
TPC,8/8/2022,533.0,553.0,514.0,518.0,-2.81,13422.0,450.0,270.1
TPC,8/9/2022,508.0,515.0,491.0,491.0,-5.21,7186.0,450.0,270.1
TPC,8/10/2022,483.1,493.0,473.0,490.0,-0.2,5093.0,450.0,270.1
TPC,8/11/2022,497.0,498.0,467.0,468.0,-4.49,11437.0,450.0,270.1
TPC,8/14/2022,459.1,477.0,448.0,448.0,-4.27,7586.0,450.0,270.1
TPC,8/15/2022,439.1,492.0,439.1,476.9,6.45,4597.0,450.0,270.1
TPC,8/16/2022,486.0,494.7,462.0,466.0,-2.29,8137.0,450.0,270.1
TPC,8/17/2022,460.0,494.0,459.0,465.0,-0.21,3280.0,450.0,270.1
TPC,8/18/2022,474.3,485.9,468.0,484.0,4.09,3251.0,450.0,270.1
TPC,8/21/2022,493.0,493.0,468.0,479.0,-1.03,4056.0,450.0,270.1
TPC,8/22/2022,470.0,483.4,460.6,480.0,0.21,572.0,450.0,270.1
TPC,8/23/2022,470.4,479.8,464.6,474.9,-1.06,1607.0,450.0,270.1
TPC,8/24/2022,470.0,479.0,462.1,469.0,-1.24,1172.0,450.0,270.1
TPC,8/25/2022,461.0,474.0,455.0,456.2,-2.73,2446.0,450.0,270.1
TPC,8/26/2022,451.0,460.0,438.0,447.0,-2.02,5435.0,450.0,270.1
TPC,8/28/2022,438.2,454.0,425.0,433.0,-3.13,3652.0,450.0,270.1
TPC,8/29/2022,425.0,441.0,422.0,426.0,-1.62,4996.0,450.0,270.1
TPC,8/30/2022,433.0,434.5,422.0,425.0,-0.23,3930.0,450.0,270.1
TPC,8/31/2022,430.0,430.0,415.1,416.0,-2.12,2781.0,450.0,270.1
TPC,9/1/2022,412.1,432.7,412.1,420.1,0.99,4395.0,450.0,270.1
TPC,9/2/2022,428.0,432.0,414.0,418.0,-0.5,8035.0,450.0,270.1
TPC,9/4/2022,425.0,426.3,412.2,420.0,0.48,7876.0,450.0,270.1
TPC,9/5/2022,411.6,424.0,411.6,415.6,-1.05,2015.0,450.0,270.1
TPC,9/6/2022,413.0,421.2,400.0,405.0,-2.55,5814.0,450.0,270.1
TPC,9/7/2022,397.0,410.0,397.0,407.0,0.49,1990.0,450.0,270.1
TPC,9/8/2022,401.0,422.0,401.0,419.0,2.95,2250.0,450.0,270.1
TPC,9/11/2022,410.7,419.1,402.7,412.0,-1.67,632.0,450.0,270.1
TPC,9/12/2022,406.0,413.4,405.0,409.9,-0.51,1905.0,450.0,270.1
TPC,9/13/2022,402.1,421.2,402.1,413.0,0.76,1430.0,450.0,270.1
TPC,9/14/2022,415.0,433.5,415.0,424.0,2.66,3543.0,450.0,270.1
TPC,9/15/2022,416.0,424.3,398.0,400.0,-5.66,10433.0,450.0,270.1
TPC,9/16/2022,392.0,400.0,385.1,397.7,-0.58,1899.0,450.0,270.1
TPC,9/18/2022,397.7,397.7,380.6,392.0,-1.43,2974.0,450.0,270.1
TPC,9/20/2022,384.2,399.5,370.3,399.5,1.91,861.0,450.0,270.1
TPC,9/21/2022,406.9,414.9,388.0,398.8,-0.18,2135.0,450.0,270.1
TPC,9/22/2022,391.0,395.0,382.2,382.2,-4.16,2495.0,450.0,270.1
TPC,9/25/2022,375.0,375.0,352.0,352.0,-7.9,4164.0,450.0,270.1
TPC,9/27/2022,346.0,366.0,346.0,361.0,2.56,2345.0,450.0,270.1
TPC,9/28/2022,354.0,367.0,351.0,351.0,-2.77,1100.0,450.0,270.1
TPC,9/29/2022,355.0,361.0,345.5,345.5,-1.57,2695.0,450.0,270.1
TPC,10/9/2022,345.1,365.0,345.1,356.7,3.24,1645.0,450.0,270.1
TPC,10/10/2022,360.0,360.0,323.0,343.0,-3.84,8286.0,450.0,270.1
TPC,10/11/2022,349.0,349.8,331.5,340.0,-0.87,490.0,450.0,270.1
TPC,10/12/2022,335.0,344.0,330.0,337.0,-0.88,1735.0,450.0,270.1
TPC,10/13/2022,335.2,346.8,330.0,334.0,-0.89,2519.0,450.0,270.1
TPC,10/16/2022,332.0,335.1,320.1,329.0,-1.5,1610.0,450.0,270.1
TPC,10/17/2022,335.0,335.0,325.0,327.0,-0.61,855.0,450.0,270.1
TPC,10/19/2022,320.5,324.9,314.3,324.9,-0.64,2145.0,450.0,270.1
TPC,10/20/2022,331.3,331.3,312.6,323.0,-0.58,2340.0,450.0,270.1
TPC,10/23/2022,316.6,322.9,311.0,322.9,-0.03,202.0,450.0,270.1
TPC,10/31/2022,317.0,325.0,310.2,321.0,-0.59,990.0,450.0,270.1
TPC,11/1/2022,322.0,340.0,314.6,339.8,5.86,4428.0,450.0,270.1
TPC,11/2/2022,340.0,353.7,335.0,350.0,3.0,4086.0,450.0,270.1
TPC,11/3/2022,345.0,353.0,338.0,353.0,0.86,1720.0,450.0,270.1
TPC,11/6/2022,346.0,359.5,340.0,359.5,1.84,1560.0,450.0,270.1
TPC,11/7/2022,366.0,367.1,345.0,350.0,-2.64,2925.0,450.0,270.1
TPC,11/8/2022,345.0,349.1,339.0,339.1,-3.11,2672.0,450.0,270.1
TPC,11/9/2022,334.0,339.6,328.3,335.0,-1.21,1709.0,450.0,270.1
TPC,11/10/2022,330.0,343.0,323.0,323.0,-3.58,1413.0,450.0,270.1
TPC,11/13/2022,320.0,327.0,316.3,316.3,-2.07,2428.0,450.0,270.1
TPC,11/14/2022,311.3,335.8,311.2,323.8,2.37,1532.0,450.0,270.1
TPC,11/15/2022,330.2,340.9,320.1,320.1,-1.14,3940.0,450.0,270.1
TPC,11/16/2022,325.0,337.6,325.0,335.0,4.65,4820.0,450.0,270.1
TPC,11/17/2022,341.0,353.8,337.1,347.2,3.64,4092.0,450.0,270.1
TPC,11/22/2022,354.0,354.1,336.3,343.0,-1.21,2826.0,450.0,270.1
TPC,11/23/2022,337.0,338.0,332.0,332.0,-3.21,734.0,450.0,270.1
TPC,11/24/2022,335.8,335.9,327.4,335.9,1.17,330.0,450.0,270.1
TPC,11/27/2022,330.2,346.8,330.2,346.8,3.25,360.0,450.0,270.1
TPC,11/28/2022,340.0,348.0,339.0,339.0,-2.25,1080.0,450.0,270.1
TPC,11/29/2022,333.0,340.0,329.1,336.0,-0.88,2368.0,450.0,270.1
TPC,11/30/2022,333.0,349.0,330.1,342.0,1.79,577.0,450.0,270.1
TPC,12/1/2022,340.0,342.0,328.0,337.1,-1.43,3979.0,450.0,270.1
TPC,12/4/2022,335.0,346.9,332.5,339.6,0.74,1866.0,450.0,270.1
TPC,12/5/2022,333.1,339.0,331.0,335.0,-1.35,5320.0,450.0,270.1
TPC,12/6/2022,328.4,336.0,328.4,335.9,0.27,2747.0,450.0,270.1
TPC,12/7/2022,340.0,340.0,324.5,329.0,-2.05,108.0,450.0,270.1
TPC,12/11/2022,322.5,325.0,318.0,320.5,-2.58,390.0,450.0,270.1
TPC,12/12/2022,320.0,330.9,317.0,330.9,3.24,1789.0,450.0,270.1
TPC,12/13/2022,331.0,331.0,318.0,320.0,-3.29,2001.0,450.0,270.1
TPC,12/14/2022,318.0,325.0,318.0,318.0,-0.62,880.0,450.0,270.1
TPC,12/15/2022,318.0,329.4,315.0,315.2,-0.88,1864.0,450.0,270.1
TPC,12/18/2022,311.0,314.9,309.0,310.1,-1.62,1770.0,450.0,270.1
TPC,12/19/2022,303.9,312.6,303.9,312.1,0.64,1097.0,450.0,270.1
TPC,12/20/2022,312.0,326.4,312.0,317.1,1.6,1320.0,450.0,270.1
TPC,12/21/2022,311.2,338.3,311.2,322.1,1.58,4006.0,450.0,270.1
TPC,12/22/2022,315.7,322.0,310.0,318.0,-1.27,3005.0,450.0,270.1
TPC,12/26/2022,313.9,335.0,313.9,335.0,5.35,6552.0,450.0,270.1
TPC,12/27/2022,340.0,368.5,333.2,368.0,9.85,10741.0,450.0,270.1
TPC,12/28/2022,360.7,396.7,347.2,389.6,5.87,16416.0,450.0,270.1
TPC,12/29/2022,381.9,407.0,375.0,406.9,4.44,17581.0,450.0,270.1
TPC,1/1/2023,400.0,420.0,396.0,403.9,-0.74,13626.0,450.0,270.1
TPC,1/2/2023,411.9,411.9,380.1,394.0,-2.45,11653.0,450.0,270.1
TPC,1/3/2023,400.0,424.4,382.0,385.5,-2.16,14377.0,450.0,270.1
TPC,1/4/2023,380.0,421.0,378.0,421.0,9.21,19300.0,450.0,270.1
TPC,1/5/2023,415.1,424.3,405.0,413.0,-1.9,13804.0,450.0,270.1
TPC,1/8/2023,406.0,435.0,406.0,415.2,0.53,21343.0,450.0,270.1
TPC,1/9/2023,420.0,427.0,413.0,423.0,1.88,13216.0,450.0,270.1
TPC,1/10/2023,421.2,465.0,413.0,413.1,-2.34,17697.0,450.0,270.1
TPC,1/12/2023,417.0,433.4,402.1,405.0,-1.96,10976.0,450.0,270.1
TPC,1/17/2023,406.0,438.0,397.0,425.0,4.94,15718.0,450.0,270.1
TPC,1/18/2023,418.0,442.0,418.0,423.0,-0.47,10220.0,450.0,270.1
TPC,1/19/2023,415.1,440.0,415.1,431.0,1.89,2550.0,450.0,270.1
TPC,1/23/2023,423.4,429.9,416.0,416.0,-3.48,3720.0,450.0,270.1
TPC,1/24/2023,410.0,415.0,409.1,410.3,-1.37,3370.0,450.0,270.1
TPC,1/25/2023,411.0,440.0,411.0,430.0,4.8,4612.0,450.0,270.1
TPC,1/26/2023,430.0,438.0,422.2,431.0,0.23,5389.0,450.0,270.1
TPC,1/29/2023,430.0,451.9,421.5,439.0,1.86,10930.0,450.0,270.1
TPC,1/30/2023,430.5,448.0,416.0,416.0,-5.24,9446.0,450.0,270.1
TPC,1/31/2023,410.0,438.5,407.7,421.3,1.27,7531.0,450.0,270.1
TPC,2/1/2023,421.3,433.6,416.0,433.6,2.92,5832.0,450.0,270.1
TPC,2/2/2023,425.0,426.0,417.0,423.0,-2.44,4600.0,450.0,270.1
TPC,2/5/2023,415.0,418.2,396.1,408.9,-3.33,12093.0,450.0,270.1
TPC,2/6/2023,401.0,408.0,394.5,400.0,-2.18,4163.0,450.0,270.1
TPC,2/7/2023,394.2,423.0,394.2,422.0,5.5,4681.0,450.0,270.1
TPC,2/8/2023,430.4,447.0,429.1,436.0,3.32,24808.0,450.0,270.1
TPC,2/9/2023,436.0,450.0,427.3,450.0,3.21,5275.0,450.0,270.1
TPC,2/12/2023,441.0,441.0,422.1,430.0,-4.44,9189.0,450.0,270.1
TPC,2/14/2023,422.2,435.0,422.2,432.0,0.47,7380.0,450.0,270.1
TPC,2/15/2023,434.9,450.0,427.1,439.0,1.62,14507.0,450.0,270.1
TPC,2/16/2023,431.1,441.9,425.5,427.8,-2.55,14315.0,450.0,270.1
TPC,2/20/2023,424.0,428.0,419.7,428.0,0.05,1550.0,450.0,270.1
TPC,2/22/2023,430.0,440.0,422.0,440.0,2.8,5402.0,450.0,270.1
TPC,2/23/2023,431.2,443.0,419.5,429.9,-2.3,5541.0,450.0,270.1
TPC,2/26/2023,422.0,442.1,405.5,438.9,2.09,13715.0,450.0,270.1
TPC,2/27/2023,430.2,439.0,422.0,438.0,-0.21,10474.0,450.0,270.1
TPC,2/28/2023,446.4,454.0,433.0,450.0,2.74,13250.0,450.0,270.1
TPC,3/1/2023,441.0,449.0,431.0,440.0,-2.22,4392.0,450.0,270.1
TPC,3/2/2023,431.3,437.0,425.1,434.7,-1.2,6116.0,450.0,270.1
TPC,3/5/2023,426.1,430.0,413.6,421.0,-3.15,3580.0,450.0,270.1
TPC,3/7/2023,427.0,427.0,418.0,424.0,0.71,1460.0,450.0,270.1
TPC,3/9/2023,426.0,440.0,420.0,439.0,3.54,5530.0,450.0,270.1
TPC,3/12/2023,432.0,443.0,425.3,432.9,-1.39,1901.0,450.0,270.1
TPC,3/13/2023,425.0,430.0,420.0,430.0,-0.67,595.0,450.0,270.1
TPC,3/14/2023,436.9,437.0,423.2,434.0,0.93,8000.0,450.0,270.1
TPC,3/15/2023,442.0,442.0,427.1,437.0,0.69,1649.0,450.0,270.1
TPC,3/16/2023,431.1,443.0,428.5,443.0,1.37,3580.0,450.0,270.1
TPC,3/19/2023,435.0,440.0,430.8,437.3,-1.29,350.0,450.0,270.1
TPC,3/20/2023,428.8,450.0,428.8,433.3,-0.91,882.0,450.0,270.1
TPC,3/22/2023,435.0,441.0,430.1,432.3,-0.23,2706.0,450.0,270.1
TPC,3/23/2023,440.0,440.0,424.6,433.0,0.16,802.0,450.0,270.1
TPC,3/26/2023,424.4,430.7,414.4,420.0,-3.0,2231.0,450.0,270.1
TPC,3/27/2023,411.6,439.0,407.0,439.0,4.52,1536.0,450.0,270.1
TPC,3/28/2023,431.0,435.0,420.1,425.1,-3.17,2134.0,450.0,270.1
TPC,3/29/2023,417.1,439.9,417.1,439.9,3.48,530.0,450.0,270.1
TPC,3/30/2023,432.0,432.0,423.2,428.0,-2.71,1238.0,450.0,270.1
TPC,4/2/2023,428.0,430.0,409.0,409.3,-4.37,1706.0,450.0,270.1
TPC,4/3/2023,403.0,412.0,403.0,408.0,-0.32,3218.0,450.0,270.1
TPC,4/4/2023,416.1,423.9,402.0,405.0,-0.74,1650.0,450.0,270.1
TPC,4/5/2023,400.0,429.4,400.0,425.0,4.94,520.0,450.0,270.1
TPC,4/6/2023,416.5,431.3,405.1,410.0,-3.53,980.0,450.0,270.1
TPC,4/9/2023,401.8,405.0,389.0,389.0,-5.12,1800.0,450.0,270.1
TPC,4/10/2023,389.0,400.0,387.0,394.0,1.29,2740.0,450.0,270.1
TPC,4/11/2023,390.0,417.9,384.1,408.6,3.71,1240.0,450.0,270.1
TPC,4/12/2023,416.7,429.4,409.0,429.0,4.99,2010.0,450.0,270.1
TPC,4/13/2023,435.0,435.0,410.2,416.0,-3.03,680.0,450.0,270.1
TPC,4/16/2023,408.0,410.0,404.1,408.0,-1.92,1360.0,450.0,270.1
TPC,4/17/2023,402.1,408.0,395.1,407.0,-0.25,1425.0,450.0,270.1
TPC,4/18/2023,407.0,415.1,399.0,408.0,0.25,480.0,450.0,270.1
TPC,4/19/2023,399.9,409.0,398.1,406.0,-0.49,332.0,450.0,270.1
TPC,4/20/2023,398.1,406.6,398.1,399.1,-1.7,1159.0,450.0,270.1
TPC,4/23/2023,391.2,399.0,391.2,395.0,-1.03,330.0,450.0,270.1
TPC,4/24/2023,395.0,396.0,388.0,396.0,0.25,740.0,450.0,270.1
TPC,4/25/2023,390.0,401.6,390.0,397.0,0.25,841.0,450.0,270.1
TPC,4/26/2023,390.2,404.8,386.0,386.0,-2.77,345.0,450.0,270.1
TPC,4/27/2023,390.0,405.6,384.0,405.6,5.08,2001.0,450.0,270.1
TPC,4/30/2023,397.5,399.8,383.1,399.8,-1.43,1855.0,450.0,270.1
TPC,5/2/2023,400.0,400.0,385.0,393.0,-1.7,858.0,450.0,270.1
TPC,5/3/2023,386.0,398.0,386.0,398.0,1.27,130.0,450.0,270.1
TPC,5/4/2023,390.1,405.0,382.3,405.0,1.76,502.0,450.0,270.1
TPC,5/7/2023,396.9,396.9,389.0,389.0,-3.95,20.0,450.0,270.1
TPC,5/8/2023,382.0,394.0,366.0,393.0,1.03,415.0,450.0,270.1
TPC,5/9/2023,385.2,395.0,380.0,385.5,-1.91,240.0,450.0,270.1
TPC,5/10/2023,378.0,393.0,377.9,380.0,-1.43,155.0,450.0,270.1
TPC,5/11/2023,373.0,376.0,373.0,376.0,-1.05,245.0,450.0,270.1
TPC,5/14/2023,370.0,371.3,363.0,371.3,-1.25,360.0,450.0,270.1
TPC,5/15/2023,363.9,386.0,356.7,386.0,3.96,2030.0,450.0,270.1
TPC,5/16/2023,378.3,384.0,375.0,384.0,-0.52,608.0,450.0,270.1
TPC,5/17/2023,376.4,397.1,376.4,397.1,3.41,473.0,450.0,270.1
TPC,5/18/2023,394.0,400.0,382.2,400.0,0.73,2640.0,450.0,270.1
TPC,5/21/2023,392.0,406.0,392.0,395.0,-1.25,1261.0,450.0,270.1
TPC,5/22/2023,387.2,397.0,380.0,385.0,-2.53,386.0,450.0,270.1
TPC,5/23/2023,377.5,400.0,377.5,400.0,3.9,1771.0,450.0,270.1
TPC,5/24/2023,392.0,403.0,385.1,403.0,0.75,733.0,450.0,270.1
TPC,5/28/2023,395.5,406.5,395.0,395.0,-1.99,4906.0,450.0,270.1
TPC,5/30/2023,387.1,404.8,379.4,384.0,-2.78,4445.0,450.0,270.1
TPC,5/31/2023,385.0,407.2,377.1,389.0,1.3,5905.0,450.0,270.1
TPC,6/1/2023,389.1,399.7,386.2,389.0,0.0,3839.0,450.0,270.1
TPC,6/4/2023,389.4,406.0,389.4,402.0,3.34,2030.0,450.0,270.1
TPC,6/5/2023,400.0,410.0,394.0,394.0,-1.99,1368.0,450.0,270.1
TPC,6/6/2023,389.0,430.0,389.0,412.6,4.72,11745.0,450.0,270.1
TPC,6/7/2023,420.7,428.0,402.0,415.0,0.58,3653.0,450.0,270.1
TPC,6/8/2023,407.0,420.0,400.0,408.1,-1.66,1092.0,450.0,270.1
TPC,6/11/2023,400.1,421.3,400.1,414.0,1.45,6635.0,450.0,270.1
TPC,6/12/2023,406.2,410.2,401.1,409.9,-0.99,699.0,450.0,270.1
TPC,6/13/2023,417.0,417.0,402.2,407.0,-0.71,4622.0,450.0,270.1
TPC,6/14/2023,414.0,414.0,397.9,404.0,-0.74,4881.0,450.0,270.1
TPC,6/15/2023,412.0,412.0,396.2,398.0,-1.49,1954.0,450.0,270.1
TPC,6/18/2023,391.0,409.0,391.0,407.8,2.46,3444.0,450.0,270.1
TPC,6/19/2023,400.0,408.0,397.0,406.0,-0.44,1700.0,450.0,270.1
TPC,6/20/2023,400.0,400.2,399.0,399.0,-1.72,1150.0,450.0,270.1
TPC,6/21/2023,406.0,406.0,384.0,393.7,-1.33,2521.0,450.0,270.1
TPC,6/22/2023,385.9,409.0,380.0,405.0,2.87,2678.0,450.0,270.1
TPC,6/25/2023,412.9,412.9,389.0,390.0,-3.7,3816.0,450.0,270.1
TPC,6/26/2023,382.7,397.8,382.7,388.0,-0.51,1659.0,450.0,270.1
TPC,6/27/2023,388.0,400.0,382.0,386.0,-0.52,1461.0,450.0,270.1
TPC,6/28/2023,393.7,404.0,389.0,389.0,0.78,11262.0,450.0,270.1
TPC,7/2/2023,383.6,390.0,378.3,378.3,-2.75,908.0,450.0,270.1
TPC,7/3/2023,371.1,387.0,371.1,380.9,0.69,1738.0,450.0,270.1
TPC,7/4/2023,374.1,375.0,365.7,369.0,-3.12,2339.0,450.0,270.1
TPC,7/5/2023,369.0,375.2,362.0,363.0,-1.63,1225.0,450.0,270.1
TPC,7/6/2023,357.0,364.1,355.2,362.3,-0.19,1669.0,450.0,270.1
TPC,7/9/2023,364.0,383.0,357.0,377.0,4.06,1577.0,450.0,270.1
TPC,7/10/2023,377.0,380.0,358.8,360.0,-4.51,1128.0,450.0,270.1
TPC,7/11/2023,353.8,360.0,343.0,360.0,0.0,3133.0,450.0,270.1
TPC,7/12/2023,352.8,381.0,352.8,374.0,3.89,1096.0,450.0,270.1
TPC,7/13/2023,381.4,396.0,363.0,363.0,-2.94,4641.0,450.0,270.1
TPC,7/16/2023,356.0,377.0,356.0,363.0,0.0,448.0,450.0,270.1
TPC,7/17/2023,370.0,377.0,358.0,370.0,1.93,2338.0,450.0,270.1
TPC,7/18/2023,377.0,394.0,356.0,372.9,0.78,2279.0,450.0,270.1
TPC,7/19/2023,365.5,375.0,354.2,370.0,-0.78,2528.0,450.0,270.1
TPC,7/20/2023,377.4,377.4,356.3,374.0,1.08,1227.0,450.0,270.1
TPC,7/23/2023,367.0,379.4,367.0,371.5,-0.67,2140.0,450.0,270.1
TPC,7/24/2023,378.9,378.9,363.0,376.0,1.21,2087.0,450.0,270.1
TPC,7/25/2023,368.5,373.0,366.0,367.0,-2.39,522.0,450.0,270.1
TPC,7/26/2023,360.1,374.7,359.8,367.1,0.03,1687.0,450.0,270.1
TPC,7/27/2023,359.8,374.0,349.0,370.0,0.79,2157.0,450.0,270.1
TPC,7/31/2023,362.6,365.0,356.1,365.0,-1.35,1816.0,450.0,270.1
TPC,8/1/2023,365.0,365.0,349.1,357.0,-2.19,1655.0,450.0,270.1
TPC,8/2/2023,350.0,364.0,349.9,364.0,1.96,536.0,450.0,270.1
TPC,8/3/2023,356.8,363.1,349.5,350.7,-3.65,434.0,450.0,270.1
TPC,8/6/2023,350.2,350.2,336.2,350.0,-0.2,791.0,450.0,270.1
TPC,8/7/2023,343.0,357.0,336.1,357.0,2.0,620.0,450.0,270.1
TPC,8/8/2023,349.9,370.0,334.3,365.0,2.24,3928.0,450.0,270.1
TPC,8/9/2023,357.7,359.9,338.0,359.9,-1.4,890.0,450.0,270.1
TPC,8/10/2023,352.8,360.0,340.0,359.9,0.0,220.0,450.0,270.1
TPC,8/13/2023,364.8,364.8,342.0,350.0,-2.75,1045.0,450.0,270.1
TPC,8/14/2023,343.0,350.0,339.0,345.0,-1.43,1275.0,450.0,270.1
TPC,8/15/2023,350.0,350.0,330.1,341.7,-0.96,480.0,450.0,270.1
TPC,8/16/2023,334.9,355.0,333.2,340.0,-0.5,330.0,450.0,270.1
TPC,8/17/2023,334.0,335.7,329.2,335.7,-1.26,330.0,450.0,270.1
TPC,8/20/2023,329.0,332.5,318.1,332.5,-0.95,1820.0,450.0,270.1
TPC,8/21/2023,325.9,330.0,301.2,325.0,-2.26,4719.0,450.0,270.1
TPC,8/22/2023,318.5,321.0,310.1,321.0,-1.23,1526.0,450.0,270.1
TPC,8/23/2023,319.0,353.0,319.0,346.0,7.79,2753.0,450.0,270.1
TPC,8/24/2023,352.0,352.8,320.5,325.0,-6.07,2622.0,450.0,270.1
TPC,8/27/2023,319.0,320.0,313.1,320.0,-1.54,1060.0,450.0,270.1
TPC,8/28/2023,313.6,345.0,308.0,328.0,2.5,623.0,450.0,270.1
TPC,8/29/2023,321.5,327.0,315.5,325.0,-0.91,874.0,450.0,270.1
TPC,8/30/2023,318.5,331.5,308.0,331.3,1.94,1552.0,450.0,270.1
TPC,9/3/2023,332.0,332.0,307.8,325.0,-1.9,725.0,450.0,270.1
TPC,9/4/2023,320.0,325.0,307.1,324.6,-0.12,810.0,450.0,270.1
TPC,9/5/2023,324.0,328.9,307.0,324.1,-0.15,810.0,450.0,270.1
TPC,9/7/2023,317.7,318.2,306.8,317.9,-1.91,1682.0,450.0,270.1
TPC,9/10/2023,318.0,318.0,304.0,310.0,-2.49,2019.0,450.0,270.1
TPC,9/11/2023,315.0,315.0,304.5,315.0,1.61,1310.0,450.0,270.1
TPC,9/12/2023,308.7,311.1,304.0,311.1,-1.24,370.0,450.0,270.1
TPC,9/13/2023,311.1,317.2,306.0,317.0,1.9,972.0,450.0,270.1
TPC,9/17/2023,310.8,320.0,303.1,309.9,-2.24,745.0,450.0,270.1
TPC,9/18/2023,304.1,315.9,304.1,315.9,1.94,707.0,450.0,270.1
TPC,9/19/2023,309.6,321.5,304.1,316.0,0.03,3130.0,450.0,270.1
TPC,9/21/2023,322.0,337.0,322.0,332.0,5.06,6640.0,450.0,270.1
TPC,9/24/2023,325.4,339.5,313.0,339.5,2.26,8295.0,450.0,270.1
TPC,9/25/2023,345.0,365.1,327.0,359.0,5.74,6779.0,450.0,270.1
TPC,9/26/2023,366.0,371.0,350.4,370.0,3.06,4703.0,450.0,270.1
TPC,9/27/2023,362.6,384.5,348.0,357.0,-3.51,6118.0,450.0,270.1
TPC,10/1/2023,349.9,357.0,335.0,340.1,-4.73,3443.0,450.0,270.1
TPC,10/2/2023,333.4,357.0,331.1,357.0,4.97,6220.0,450.0,270.1
TPC,10/3/2023,349.9,350.0,339.2,345.0,-3.36,2470.0,450.0,270.1
TPC,10/4/2023,338.2,358.1,338.2,356.0,3.19,4268.0,450.0,270.1
TPC,10/5/2023,349.2,354.0,344.0,353.0,-0.84,2060.0,450.0,270.1
TPC,10/8/2023,348.1,352.0,340.0,348.9,-1.16,3897.0,450.0,270.1
TPC,10/9/2023,350.0,357.0,344.0,353.2,1.23,5259.0,450.0,270.1
TPC,10/10/2023,346.3,356.8,346.3,348.1,-1.44,4876.0,450.0,270.1
TPC,10/11/2023,348.0,350.0,343.1,345.5,-0.75,305.0,450.0,270.1
TPC,10/12/2023,340.0,345.0,332.1,332.2,-3.85,1140.0,450.0,270.1
TPC,10/16/2023,325.6,332.1,319.5,325.0,-2.17,700.0,450.0,270.1
TPC,10/17/2023,325.0,331.1,325.0,329.0,1.23,385.0,450.0,270.1
TPC,10/18/2023,323.0,354.0,322.6,340.1,3.37,740.0,450.0,270.1
TPC,10/19/2023,340.0,341.0,330.0,334.0,-1.79,1529.0,450.0,270.1
TPC,10/29/2023,327.4,330.0,317.0,330.0,-1.2,836.0,450.0,270.1
TPC,10/30/2023,325.0,332.0,318.6,326.0,-1.21,387.0,450.0,270.1
TPC,10/31/2023,320.1,321.0,314.1,320.0,-1.84,991.0,450.0,270.1
TPC,11/1/2023,317.0,317.0,313.9,317.0,-0.94,510.0,450.0,270.1
TPC,11/2/2023,312.0,312.5,312.0,312.0,-1.58,690.0,450.0,270.1
TPC,11/5/2023,306.2,314.0,306.2,314.0,0.64,590.0,450.0,270.1
TPC,11/6/2023,314.0,320.2,308.5,320.0,1.91,1486.0,450.0,270.1
TPC,11/7/2023,314.0,318.0,313.6,314.0,-1.88,1460.0,450.0,270.1
TPC,11/8/2023,313.0,326.0,313.0,326.0,3.82,3814.0,450.0,270.1
TPC,11/9/2023,320.0,324.5,315.1,324.5,-0.46,1941.0,450.0,270.1
TPC,11/20/2023,324.5,324.5,312.2,316.0,-2.62,1220.0,450.0,270.1
TPC,11/21/2023,309.7,316.0,307.0,314.5,-0.47,789.0,450.0,270.1
TPC,11/22/2023,308.4,320.0,308.4,320.0,1.75,560.0,450.0,270.1
TPC,11/23/2023,313.8,331.5,313.8,330.0,3.12,1334.0,450.0,270.1
TPC,11/26/2023,324.0,346.0,324.0,346.0,4.85,3504.0,450.0,270.1
TPC,11/27/2023,340.0,345.8,334.0,336.1,-2.86,2022.0,450.0,270.1
TPC,11/28/2023,329.4,354.0,328.0,354.0,5.33,1254.0,450.0,270.1
TPC,11/30/2023,361.0,361.0,353.8,353.8,-0.06,40.0,450.0,270.1
TPC,12/3/2023,346.8,346.8,323.5,340.0,-3.9,2576.0,450.0,270.1
TPC,12/4/2023,333.2,360.0,326.0,360.0,5.88,2878.0,450.0,270.1
TPC,12/5/2023,352.8,352.8,327.2,345.0,-4.17,1573.0,450.0,270.1
TPC,12/6/2023,338.1,338.1,328.3,338.0,-2.03,992.0,450.0,270.1
TPC,12/7/2023,331.3,348.0,331.3,345.0,2.07,740.0,450.0,270.1
TPC,12/10/2023,350.0,371.0,350.0,371.0,7.54,1325.0,450.0,270.1
TPC,12/11/2023,377.9,377.9,347.0,358.0,-3.5,5004.0,450.0,270.1
TPC,12/12/2023,352.0,367.0,350.0,358.0,0.0,5115.0,450.0,270.1
TPC,12/13/2023,365.1,372.4,344.1,360.0,0.56,6538.0,450.0,270.1
TPC,12/14/2023,353.1,365.0,353.1,365.0,1.39,2467.0,450.0,270.1
TPC,12/17/2023,358.0,392.0,346.2,392.0,7.4,21044.0,450.0,270.1
TPC,12/18/2023,393.0,398.7,378.5,387.5,-1.15,9808.0,450.0,270.1
TPC,12/19/2023,380.0,382.0,368.0,380.0,-1.94,3750.0,450.0,270.1
TPC,12/20/2023,387.6,397.0,380.0,395.0,3.95,4752.0,450.0,270.1
TPC,12/21/2023,402.8,402.9,376.0,385.0,-2.53,7262.0,450.0,270.1
TPC,12/24/2023,378.0,418.0,371.5,399.9,3.87,16237.0,450.0,270.1
TPC,12/27/2023,407.0,409.8,387.4,394.3,-1.4,9821.0,450.0,270.1
TPC,12/28/2023,395.0,398.8,390.0,394.9,0.15,4190.0,450.0,270.1
TPC,1/1/2024,402.7,402.7,378.0,384.0,-2.76,3061.0,450.0,270.1
TPC,1/2/2024,377.0,382.0,368.5,382.0,-0.52,3135.0,450.0,270.1
TPC,1/3/2024,375.0,389.6,368.0,389.0,1.83,9829.0,450.0,270.1
TPC,1/4/2024,382.1,395.0,382.0,388.0,-0.26,6065.0,450.0,270.1
TPC,1/7/2024,395.7,426.8,395.0,426.8,10.0,44222.0,450.0,270.1
TPC,1/8/2024,435.3,469.4,435.3,469.4,9.98,24395.0,450.0,270.1
TPC,1/9/2024,478.7,516.3,478.7,516.3,9.99,24494.0,450.0,270.1
TPC,1/10/2024,506.0,566.0,500.0,508.8,-1.45,50567.0,450.0,270.1
TPC,1/11/2024,498.7,558.0,498.7,549.0,7.9,37458.0,450.0,270.1
TPC,1/14/2024,538.1,603.9,530.0,603.9,10.0,37753.0,450.0,270.1
TPC,1/16/2024,603.9,664.0,557.2,664.0,9.95,45714.0,450.0,270.1
TPC,1/17/2024,650.8,700.0,597.6,700.0,5.42,50372.0,450.0,270.1
TPC,1/18/2024,686.0,723.0,630.0,634.0,-9.43,51949.0,450.0,270.1
TPC,1/21/2024,621.4,625.0,590.0,605.0,-4.57,33328.0,450.0,270.1
TPC,1/22/2024,592.9,629.0,592.9,607.0,0.33,24200.0,450.0,270.1
TPC,1/23/2024,596.0,667.0,583.1,667.0,9.88,19161.0,450.0,270.1
TPC,1/24/2024,653.7,705.0,600.3,600.3,-10.0,38555.0,450.0,270.1
TPC,1/25/2024,610.0,610.0,550.8,576.0,-4.05,9029.0,450.0,270.1
TPC,1/28/2024,587.5,587.5,555.7,565.0,-1.91,12272.0,450.0,270.1
TPC,1/29/2024,553.7,593.0,553.7,579.0,2.48,30138.0,450.0,270.1
TPC,1/30/2024,590.5,590.5,560.0,578.9,-0.02,18520.0,450.0,270.1
TPC,1/31/2024,588.0,588.0,555.0,565.0,-2.4,13371.0,450.0,270.1
TPC,2/1/2024,556.0,558.0,535.0,535.0,-5.31,11972.0,450.0,270.1
TPC,2/4/2024,524.3,574.0,524.3,552.0,3.18,19004.0,450.0,270.1
TPC,2/5/2024,561.0,562.0,535.2,540.0,-2.17,8310.0,450.0,270.1
TPC,2/6/2024,529.2,555.0,529.2,553.0,2.41,3519.0,450.0,270.1
TPC,2/7/2024,564.0,575.0,554.0,569.9,3.06,10386.0,450.0,270.1
TPC,2/8/2024,570.0,592.0,565.0,588.0,3.18,13157.0,450.0,270.1
TPC,2/11/2024,590.0,595.0,576.0,576.0,-2.04,14768.0,450.0,270.1
TPC,2/12/2024,587.5,587.5,567.5,585.0,1.56,6217.0,450.0,270.1
TPC,2/13/2024,596.7,596.7,568.6,578.9,-1.04,8374.0,450.0,270.1
TPC,2/14/2024,567.4,590.0,559.0,569.0,-1.71,5306.0,450.0,270.1
TPC,2/15/2024,569.0,575.0,560.1,570.0,0.18,4654.0,450.0,270.1
TPC,2/18/2024,572.0,580.0,551.0,564.9,-0.89,8896.0,450.0,270.1
TPC,2/20/2024,555.1,568.8,545.9,553.0,-2.11,18608.0,450.0,270.1
TPC,2/21/2024,544.0,559.0,544.0,555.5,0.45,6046.0,450.0,270.1
TPC,2/22/2024,556.0,561.0,538.0,538.5,-3.06,3337.0,450.0,270.1
TPC,2/25/2024,539.0,555.0,533.5,537.0,-0.28,3590.0,450.0,270.1
TPC,2/26/2024,527.0,558.6,527.0,538.0,0.19,4470.0,450.0,270.1
TPC,2/27/2024,527.6,548.6,527.6,537.2,-0.15,4151.0,450.0,270.1
TPC,2/28/2024,538.0,555.0,538.0,551.0,2.57,8556.0,450.0,270.1
TPC,2/29/2024,552.0,564.0,537.2,543.0,-1.45,7155.0,450.0,270.1
TPC,3/3/2024,553.0,553.0,520.0,528.0,-2.76,3508.0,450.0,270.1
TPC,3/4/2024,538.5,559.9,538.5,559.9,6.04,470.0,450.0,270.1
TPC,3/5/2024,559.9,559.9,520.0,535.0,-4.45,12524.0,450.0,270.1
TPC,3/6/2024,525.0,545.7,520.0,528.6,-1.2,7341.0,450.0,270.1
TPC,3/7/2024,529.0,555.0,527.0,554.0,4.81,2890.0,450.0,270.1
TPC,3/10/2024,544.0,557.9,534.1,540.0,-2.53,4040.0,450.0,270.1
TPC,3/12/2024,530.0,552.7,528.0,541.0,0.19,8347.0,450.0,270.1
TPC,3/13/2024,551.0,551.0,525.0,525.0,-2.96,4008.0,450.0,270.1
TPC,3/14/2024,520.0,540.0,520.0,525.0,0.0,4259.0,450.0,270.1
TPC,3/17/2024,525.0,532.0,518.0,519.0,-1.14,2265.0,450.0,270.1
TPC,3/18/2024,515.0,530.0,515.0,528.0,1.73,2232.0,450.0,270.1
TPC,3/19/2024,532.0,534.0,520.1,528.0,0.0,2724.0,450.0,270.1
TPC,3/20/2024,520.0,534.8,519.0,519.0,-1.7,4333.0,450.0,270.1
TPC,3/21/2024,529.3,529.3,514.0,515.0,-0.77,3440.0,450.0,270.1
TPC,3/25/2024,515.0,515.0,490.0,495.0,-3.88,4238.0,450.0,270.1
TPC,3/26/2024,495.0,519.1,495.0,514.0,3.84,3785.0,450.0,270.1
TPC,3/27/2024,515.0,524.9,515.0,518.0,0.78,6896.0,450.0,270.1
TPC,3/28/2024,526.0,531.0,520.0,522.7,0.91,7280.0,450.0,270.1
TPC,3/31/2024,526.0,528.0,515.0,520.0,-0.52,3352.0,450.0,270.1
TPC,4/1/2024,518.0,520.0,502.0,502.0,-3.46,1279.0,450.0,270.1
TPC,4/2/2024,512.0,512.5,500.0,509.9,1.57,4025.0,450.0,270.1
TPC,4/3/2024,520.0,525.0,509.0,517.0,1.39,1989.0,450.0,270.1
TPC,4/4/2024,510.0,513.0,499.9,499.9,-3.31,4716.0,450.0,270.1
TPC,4/7/2024,492.0,548.5,492.0,529.0,5.82,5500.0,450.0,270.1
TPC,4/9/2024,539.0,572.0,519.0,534.9,1.12,5315.0,450.0,270.1
TPC,4/10/2024,537.0,537.0,506.0,525.0,-1.85,2292.0,450.0,270.1
TPC,4/14/2024,535.0,539.9,500.9,502.0,-4.38,1910.0,450.0,270.1
TPC,4/15/2024,504.1,520.0,503.1,511.0,1.79,3377.0,450.0,270.1
TPC,4/16/2024,501.1,507.0,491.1,496.0,-2.94,3380.0,450.0,270.1
TPC,4/18/2024,496.0,496.0,485.0,485.0,-2.22,2025.0,450.0,270.1
TPC,4/21/2024,490.0,490.0,475.3,485.0,0.0,1094.0,450.0,270.1
TPC,4/22/2024,477.0,501.0,477.0,485.0,0.0,2051.0,450.0,270.1
TPC,4/24/2024,475.4,503.8,475.4,488.0,0.62,2190.0,450.0,270.1
TPC,4/25/2024,488.0,497.0,472.0,474.1,-2.85,1849.0,450.0,270.1
TPC,4/28/2024,483.5,490.0,474.1,474.1,0.0,1445.0,450.0,270.1
TPC,4/29/2024,474.8,483.0,466.0,474.0,-0.02,1206.0,450.0,270.1
TPC,4/30/2024,469.0,502.0,466.1,489.0,3.16,5103.0,450.0,270.1
TPC,5/2/2024,480.1,485.0,472.0,485.0,-0.82,1913.0,450.0,270.1
TPC,5/5/2024,485.5,485.5,468.1,475.0,-2.06,2303.0,450.0,270.1
TPC,5/6/2024,483.0,484.0,455.0,460.0,-3.16,2434.0,450.0,270.1
TPC,5/7/2024,460.0,478.0,459.2,468.3,1.8,939.0,450.0,270.1
TPC,5/8/2024,477.5,477.5,455.0,473.8,1.17,1966.0,450.0,270.1
TPC,5/9/2024,465.0,474.0,456.0,466.0,-1.65,1324.0,450.0,270.1
TPC,5/12/2024,460.0,497.0,460.0,460.1,-1.27,3423.0,450.0,270.1
TPC,5/13/2024,455.1,468.0,455.0,456.0,-0.89,1849.0,450.0,270.1
TPC,5/14/2024,460.0,482.0,455.8,480.9,5.46,5656.0,450.0,270.1
TPC,5/15/2024,489.0,490.0,475.0,480.0,-0.19,6760.0,450.0,270.1
TPC,5/16/2024,470.4,487.9,464.6,470.0,-2.08,3627.0,450.0,270.1
TPC,5/19/2024,465.0,477.0,465.0,474.0,0.85,2120.0,450.0,270.1
TPC,5/20/2024,465.1,494.7,465.1,480.0,1.27,3843.0,450.0,270.1
TPC,5/21/2024,476.0,520.0,476.0,513.2,6.92,18812.0,450.0,270.1
TPC,5/22/2024,513.2,534.0,500.0,500.0,-2.57,10289.0,450.0,270.1
TPC,5/26/2024,496.0,515.0,490.2,501.0,0.2,5012.0,450.0,270.1
TPC,5/27/2024,491.2,510.0,491.2,510.0,1.8,2928.0,450.0,270.1
TPC,5/29/2024,520.2,520.2,496.0,503.0,-1.37,3974.0,450.0,270.1
TPC,5/30/2024,493.1,513.0,493.1,493.5,-1.89,2760.0,450.0,270.1
TPC,6/2/2024,492.0,512.0,492.0,511.0,3.55,8489.0,450.0,270.1
TPC,6/3/2024,513.0,513.0,497.8,503.0,-1.57,3784.0,450.0,270.1
TPC,6/4/2024,501.0,512.0,495.5,495.5,-1.49,3802.0,450.0,270.1
TPC,6/5/2024,487.2,499.9,487.2,493.0,-0.5,2311.0,450.0,270.1
TPC,6/6/2024,502.8,511.0,486.2,488.1,-0.99,2776.0,450.0,270.1
TPC,6/9/2024,488.0,514.0,483.2,511.8,4.86,9212.0,450.0,270.1
TPC,6/10/2024,522.0,556.0,512.9,547.0,6.88,17829.0,450.0,270.1
TPC,6/11/2024,545.0,545.0,537.1,544.0,-0.55,5768.0,450.0,270.1
TPC,6/12/2024,544.0,551.0,515.5,520.2,-4.37,11117.0,450.0,270.1
TPC,6/13/2024,530.6,530.6,513.1,525.0,0.92,4254.0,450.0,270.1
TPC,6/16/2024,535.5,535.5,513.2,524.8,-0.04,5092.0,450.0,270.1
TPC,6/18/2024,515.0,533.0,494.7,520.0,-0.91,6832.0,450.0,270.1
TPC,6/19/2024,520.0,528.9,511.1,522.2,0.42,5382.0,450.0,270.1
TPC,6/20/2024,521.0,525.1,511.9,516.0,-1.19,5513.0,450.0,270.1
TPC,6/23/2024,520.0,535.0,515.1,534.9,3.66,10031.0,450.0,270.1
TPC,6/24/2024,535.0,550.0,530.1,540.5,1.05,14791.0,450.0,270.1
TPC,6/25/2024,535.0,558.9,535.0,557.0,3.05,20589.0,450.0,270.1
TPC,6/26/2024,567.9,568.1,541.4,541.4,-2.8,13864.0,450.0,270.1
TPC,6/27/2024,542.0,545.0,534.1,538.0,-0.63,3586.0,450.0,270.1
TPC,6/30/2024,527.4,537.0,520.0,530.9,-1.32,3583.0,450.0,270.1
TPC,7/1/2024,530.0,539.9,520.0,520.0,-2.05,3625.0,450.0,270.1
TPC,7/2/2024,530.4,550.0,518.0,520.0,0.0,6252.0,450.0,270.1
TPC,7/3/2024,525.0,530.4,517.0,522.0,0.38,4612.0,450.0,270.1
TPC,7/4/2024,521.0,529.9,518.0,529.9,1.51,6528.0,450.0,270.1
TPC,7/7/2024,528.0,530.0,523.1,524.0,-1.11,3880.0,450.0,270.1
TPC,7/8/2024,515.0,560.0,514.0,545.0,4.01,28940.0,450.0,270.1
TPC,7/9/2024,540.0,571.2,540.0,545.0,0.0,14105.0,450.0,270.1
TPC,7/10/2024,555.9,560.0,530.2,539.0,-1.1,3065.0,450.0,270.1
TPC,7/11/2024,540.6,557.0,531.4,532.9,-1.13,17118.0,450.0,270.1
TPC,7/14/2024,543.5,553.0,526.0,530.3,-0.49,11128.0,450.0,270.1
TPC,7/15/2024,540.9,540.9,525.0,536.7,1.21,15580.0,450.0,270.1
TPC,7/16/2024,544.4,554.0,520.0,551.5,2.76,21443.0,450.0,270.1
TPC,7/17/2024,562.0,564.0,548.2,558.5,1.27,20989.0,450.0,270.1
TPC,7/18/2024,558.0,566.0,543.0,553.5,-0.9,19124.0,450.0,270.1
TPC,7/21/2024,555.0,560.0,540.0,555.0,0.27,19298.0,450.0,270.1
TPC,7/22/2024,556.1,560.0,539.1,544.2,-1.95,8326.0,450.0,270.1
TPC,7/23/2024,540.0,577.0,540.0,568.0,4.37,23045.0,450.0,270.1
TPC,7/24/2024,577.0,615.0,577.0,600.0,5.63,33635.0,450.0,270.1
TPC,7/25/2024,612.0,612.0,580.0,581.5,-3.08,18925.0,450.0,270.1
TPC,7/28/2024,582.0,582.0,554.0,575.0,-1.12,15174.0,450.0,270.1
TPC,7/29/2024,575.0,588.0,565.0,577.9,0.5,17624.0,450.0,270.1
TPC,7/30/2024,584.9,595.0,570.0,580.2,0.4,15256.0,450.0,270.1
TPC,7/31/2024,591.8,592.0,573.3,575.1,-0.88,22400.0,450.0,270.1
TPC,8/1/2024,570.2,586.0,560.8,565.0,-1.76,17434.0,450.0,270.1
TPC,8/5/2024,565.0,585.0,557.0,574.5,1.68,10564.0,450.0,270.1
TPC,8/6/2024,575.0,576.0,518.7,543.8,-5.34,14956.0,450.0,270.1
TPC,8/7/2024,537.0,576.0,528.3,556.0,2.24,10075.0,450.0,270.1
TPC,8/8/2024,556.5,578.0,543.0,546.0,-1.8,11576.0,450.0,270.1
TPC,8/11/2024,535.1,567.5,535.1,565.0,3.48,21437.0,450.0,270.1
TPC,8/12/2024,553.7,588.0,508.5,561.0,-0.71,314776.0,450.0,270.1
TPC,8/13/2024,565.0,570.0,539.2,543.0,-3.21,91708.0,450.0,270.1
TPC,8/14/2024,543.0,543.0,529.0,536.0,-1.29,53715.0,450.0,270.1
TPC,8/15/2024,535.0,538.0,516.7,528.0,-1.49,127257.0,450.0,270.1
TPC,8/18/2024,525.0,530.0,499.8,502.0,-4.92,102658.0,450.0,270.1
TPC,8/21/2024,512.0,512.0,486.0,488.5,-2.69,74154.0,450.0,270.1
TPC,8/22/2024,490.0,504.0,489.0,499.0,2.15,59150.0,450.0,270.1
TPC,8/25/2024,508.0,508.9,480.2,482.0,-3.41,40464.0,450.0,270.1
TPC,8/27/2024,482.0,488.0,465.5,467.1,-3.09,38892.0,450.0,270.1
TPC,8/28/2024,476.4,480.0,465.0,467.1,0.0,63619.0,450.0,270.1
TPC,8/29/2024,467.0,470.0,451.0,463.0,-0.88,18954.0,450.0,270.1
TPC,9/1/2024,463.0,471.0,456.0,460.3,-0.58,41935.0,450.0,270.1
TPC,9/2/2024,461.0,503.0,454.0,485.0,5.37,54676.0,450.0,270.1
TPC,9/3/2024,494.0,494.7,475.0,482.2,-0.58,29171.0,450.0,270.1
TPC,9/4/2024,484.0,488.0,460.0,464.0,-3.77,26699.0,450.0,270.1
TPC,9/5/2024,455.1,462.0,452.0,456.0,-1.72,17523.0,450.0,270.1
TPC,9/8/2024,465.0,467.9,449.0,449.0,-1.54,25288.0,450.0,270.1
TPC,9/9/2024,450.0,452.0,435.0,437.0,-2.67,15396.0,450.0,270.1
TPC,9/10/2024,442.0,448.0,426.0,430.0,-1.6,20026.0,450.0,270.1
TPC,9/11/2024,424.1,429.9,415.0,416.9,-3.05,28649.0,450.0,270.1
TPC,9/12/2024,417.0,442.0,410.0,429.1,2.93,30694.0,450.0,270.1
TPC,9/15/2024,435.0,472.0,435.0,467.0,8.83,96390.0,450.0,270.1
TPC,9/16/2024,476.3,476.3,440.1,440.1,-5.76,20907.0,450.0,270.1
TPC,9/18/2024,440.0,450.0,435.0,440.0,-0.02,16017.0,450.0,270.1
TPC,9/22/2024,448.5,457.7,438.1,445.1,1.16,16678.0,450.0,270.1
TPC,9/23/2024,445.1,450.0,418.0,420.0,-5.64,19818.0,450.0,270.1
TPC,9/24/2024,412.5,436.0,412.0,413.0,-1.67,12260.0,450.0,270.1
TPC,9/25/2024,413.0,433.5,413.0,430.6,4.26,28062.0,450.0,270.1
TPC,9/26/2024,432.0,439.1,429.0,434.9,1.0,37813.0,450.0,270.1
TPC,9/29/2024,427.5,428.0,418.0,428.0,-1.59,22481.0,450.0,270.1
TPC,9/30/2024,428.0,449.0,421.0,433.0,1.17,9321.0,450.0,270.1
TPC,10/1/2024,428.0,450.0,428.0,445.0,2.77,19625.0,450.0,270.1
TPC,10/2/2024,445.0,449.7,439.0,448.0,0.67,15237.0,450.0,270.1
TPC,10/6/2024,440.0,457.0,440.0,455.0,1.56,12373.0,450.0,270.1
TPC,10/7/2024,464.1,473.2,458.0,462.0,1.54,19784.0,450.0,270.1
TPC,10/8/2024,458.5,464.0,446.8,459.0,-0.65,13216.0,450.0,270.1
TPC,10/9/2024,459.0,468.0,455.0,468.0,1.96,15115.0,450.0,270.1
TPC,10/15/2024,466.0,471.0,462.1,469.9,0.41,7507.0,450.0,270.1
TPC,10/16/2024,470.0,490.0,466.1,489.9,4.26,38044.0,450.0,270.1
TPC,10/17/2024,493.5,494.0,476.0,484.0,-1.2,19702.0,450.0,270.1
TPC,10/20/2024,474.4,475.0,458.2,460.0,-4.96,24533.0,450.0,270.1
TPC,10/21/2024,468.0,468.0,446.0,457.0,-0.65,23755.0,450.0,270.1
TPC,10/22/2024,450.0,465.6,450.0,459.0,0.44,3350.0,450.0,270.1
TPC,10/23/2024,460.5,480.0,460.5,468.0,1.96,14570.0,450.0,270.1
TPC,10/24/2024,466.0,480.0,458.0,476.0,1.71,23129.0,450.0,270.1
TPC,10/27/2024,471.0,474.4,462.0,472.0,-0.84,7209.0,450.0,270.1
TPC,10/28/2024,470.0,478.0,468.2,468.6,-0.72,5710.0,450.0,270.1
TPC,10/29/2024,470.0,476.0,466.1,470.0,0.3,12535.0,450.0,270.1
TPC,10/30/2024,463.0,479.0,463.0,474.0,0.85,9047.0,450.0,270.1
TPC,11/5/2024,475.0,480.0,470.2,479.9,1.24,11722.0,450.0,270.1
TPC,11/6/2024,480.0,502.0,472.0,499.0,3.98,43961.0,450.0,270.1
TPC,11/10/2024,508.9,530.0,508.9,525.5,5.31,67641.0,450.0,270.1
TPC,11/11/2024,536.0,549.9,524.3,528.0,0.48,92843.0,450.0,270.1
TPC,11/12/2024,528.0,551.0,528.0,542.2,2.69,66758.0,450.0,270.1
TPC,11/13/2024,542.0,556.0,536.0,550.5,1.53,70569.0,450.0,270.1
TPC,11/14/2024,550.0,585.0,550.0,562.0,2.09,68025.0,450.0,270.1
TPC,11/17/2024,569.5,581.0,545.0,554.5,-1.33,73746.0,450.0,270.1
TPC,11/19/2024,554.5,564.5,542.0,542.0,-2.25,89171.0,450.0,270.1
TPC,11/20/2024,534.1,548.9,534.1,539.0,-0.55,24391.0,450.0,270.1
TPC,11/21/2024,545.0,560.6,539.1,541.0,0.37,42682.0,450.0,270.1
TPC,11/24/2024,550.0,550.0,524.0,526.0,-2.77,38950.0,450.0,270.1
TPC,11/25/2024,536.5,539.5,521.9,525.0,-0.19,23015.0,450.0,270.1
TPC,11/26/2024,535.0,570.0,535.0,558.1,6.3,63941.0,450.0,270.1
TPC,11/27/2024,560.0,565.8,555.6,560.0,0.34,49073.0,450.0,270.1
TPC,11/28/2024,571.2,571.2,547.2,549.0,-1.96,35994.0,450.0,270.1
TPC,12/1/2024,539.0,551.8,535.0,548.0,-0.18,25426.0,450.0,270.1
TPC,12/2/2024,549.0,557.0,540.5,551.0,0.55,30925.0,450.0,270.1
TPC,12/3/2024,559.2,569.9,553.1,567.0,2.9,88898.0,450.0,270.1
TPC,12/4/2024,569.0,583.5,568.0,570.0,0.53,85417.0,450.0,270.1
TPC,12/5/2024,580.0,580.0,559.7,563.5,-1.14,57740.0,450.0,270.1
TPC,12/8/2024,568.0,595.0,550.0,558.0,-0.98,49122.0,450.0,270.1
TPC,12/9/2024,568.0,579.0,547.2,560.0,0.36,30449.0,450.0,270.1
TPC,12/10/2024,563.0,568.0,552.0,552.5,-1.34,23579.0,450.0,270.1
TPC,12/11/2024,550.0,561.0,549.0,559.0,1.18,25326.0,450.0,270.1
TPC,12/12/2024,550.0,572.0,550.0,563.2,0.75,49286.0,450.0,270.1
TPC,12/16/2024,555.1,563.2,535.1,541.0,-3.94,56045.0,450.0,270.1
TPC,12/17/2024,540.0,552.8,537.0,544.0,0.55,26253.0,450.0,270.1
TPC,12/18/2024,536.2,553.9,536.2,541.0,-0.55,17546.0,450.0,270.1
TPC,12/19/2024,536.0,555.3,534.0,534.1,-1.28,27451.0,450.0,270.1
TPC,12/22/2024,534.0,538.9,524.0,530.2,-0.73,10596.0,450.0,270.1
TPC,12/23/2024,538.0,556.0,527.3,551.0,3.92,29843.0,450.0,270.1
TPC,12/24/2024,550.0,560.0,540.0,540.0,-2.0,26516.0,450.0,270.1
TPC,12/26/2024,539.0,548.0,535.0,540.0,0.0,15744.0,450.0,270.1
TPC,12/29/2024,544.0,549.0,528.0,532.0,-1.48,22611.0,450.0,270.1
TPC,12/31/2024,525.0,525.1,508.0,516.0,-3.01,18960.0,450.0,270.1
TPC,1/1/2025,526.0,526.0,512.6,515.0,-0.19,9320.0,450.0,270.1
TPC,1/2/2025,512.6,525.0,512.6,525.0,1.94,18074.0,450.0,270.1
TPC,1/5/2025,525.1,540.0,516.0,540.0,2.86,31499.0,450.0,270.1
TPC,1/6/2025,535.1,559.0,535.1,554.0,2.59,60396.0,450.0,270.1
TPC,1/7/2025,543.0,564.0,541.5,544.0,-1.81,29357.0,450.0,270.1
TPC,1/8/2025,536.0,558.0,536.0,555.5,2.11,41213.0,450.0,270.1
TPC,1/9/2025,544.4,560.0,544.4,546.0,-1.71,47247.0,450.0,270.1
TPC,1/12/2025,556.6,560.0,545.5,555.0,1.65,21011.0,450.0,270.1
TPC,1/13/2025,548.0,554.0,534.0,534.0,-3.78,26918.0,450.0,270.1
TPC,1/15/2025,525.0,555.3,525.0,550.0,3.0,17436.0,450.0,270.1
TPC,1/16/2025,542.1,556.0,542.1,555.0,0.91,48901.0,450.0,270.1
TPC,1/19/2025,551.0,582.0,550.0,576.0,3.78,149492.0,450.0,270.1
TPC,1/20/2025,571.0,601.0,571.0,587.4,1.98,106702.0,450.0,270.1
TPC,1/21/2025,582.0,591.9,574.0,575.8,-1.97,28240.0,450.0,270.1
TPC,1/22/2025,564.3,586.0,564.3,572.5,-0.57,80668.0,450.0,270.1
TPC,1/23/2025,570.0,581.4,560.4,569.0,-0.61,61212.0,450.0,270.1
TPC,1/26/2025,563.1,581.1,562.0,574.0,0.88,58551.0,450.0,270.1
TPC,1/27/2025,574.9,583.0,570.2,573.8,-0.03,47209.0,450.0,270.1
TPC,1/28/2025,581.0,605.0,577.0,590.0,2.82,174146.0,450.0,270.1
TPC,2/2/2025,599.0,622.0,599.0,606.1,2.73,127403.0,450.0,270.1
TPC,2/3/2025,610.0,619.0,600.0,604.0,-0.35,107094.0,450.0,270.1
TPC,2/4/2025,615.0,645.0,607.0,635.0,5.13,186719.0,450.0,270.1
TPC,2/5/2025,645.0,659.4,634.0,658.5,3.7,123610.0,450.0,270.1
TPC,2/6/2025,665.0,671.6,632.3,634.0,-3.72,144612.0,450.0,270.1
TPC,2/9/2025,640.0,650.0,608.1,616.0,-2.84,148691.0,450.0,270.1
TPC,2/10/2025,626.0,626.0,602.8,608.0,-1.3,74771.0,450.0,270.1
TPC,2/11/2025,616.0,640.0,611.4,628.0,3.29,104247.0,450.0,270.1
TPC,2/12/2025,635.0,641.9,626.0,630.0,0.32,78619.0,450.0,270.1
TPC,2/13/2025,630.0,636.5,612.5,621.0,-1.43,56024.0,450.0,270.1
TPC,2/16/2025,621.0,623.0,612.4,618.0,-0.48,57575.0,450.0,270.1
TPC,2/17/2025,620.0,627.0,614.0,618.0,0.0,50810.0,450.0,270.1
TPC,2/18/2025,620.0,625.0,605.7,607.0,-1.78,59119.0,450.0,270.1
TPC,2/20/2025,597.7,611.9,597.7,601.0,-0.99,49671.0,450.0,270.1
TPC,2/23/2025,590.0,601.0,587.0,592.0,-1.5,59802.0,450.0,270.1
TPC,2/24/2025,593.0,601.0,588.0,592.9,0.15,43948.0,450.0,270.1
TPC,2/25/2025,590.5,600.0,579.0,585.1,-1.32,48054.0,450.0,270.1
TPC,2/27/2025,595.0,595.0,580.0,588.0,0.5,34576.0,450.0,270.1
TPC,3/2/2025,599.7,624.0,588.0,623.0,5.95,70592.0,450.0,270.1
TPC,3/3/2025,625.0,628.9,609.0,609.0,-2.25,44775.0,450.0,270.1
TPC,3/4/2025,620.0,620.0,590.0,590.0,-3.12,38611.0,450.0,270.1
TPC,3/5/2025,590.0,596.0,585.0,596.0,1.02,26642.0,450.0,270.1
TPC,3/6/2025,603.0,603.0,585.2,593.0,-0.5,27234.0,450.0,270.1
TPC,3/9/2025,586.3,595.0,584.0,585.0,-1.35,20968.0,450.0,270.1
TPC,3/10/2025,596.0,596.0,575.0,589.9,0.84,24662.0,450.0,270.1
TPC,3/11/2025,594.9,594.9,565.1,575.0,-2.53,31918.0,450.0,270.1
TPC,3/12/2025,570.0,581.0,570.0,579.0,0.7,12634.0,450.0,270.1
TPC,3/16/2025,571.0,574.0,563.0,565.0,-2.42,15219.0,450.0,270.1
TPC,3/17/2025,565.0,574.0,550.4,552.0,-2.3,21179.0,450.0,270.1
TPC,3/18/2025,557.9,560.0,545.0,547.9,-0.74,7158.0,450.0,270.1
TPC,3/19/2025,549.0,549.0,538.0,538.0,-1.81,19632.0,450.0,270.1
TPC,3/20/2025,534.6,538.0,530.0,533.49,-0.84,22058.0,450.0,270.1
TPC,3/23/2025,539.0,539.0,516.0,516.37,-3.21,19505.0,450.0,270.1
TPC,3/24/2025,516.9,530.0,511.1,523.89,1.46,12341.0,450.0,270.1
TPC,3/25/2025,514.0,519.0,495.0,498.8,-4.79,27067.0,450.0,270.1
TPC,3/26/2025,505.0,510.0,492.2,499.1,0.06,34617.0,450.0,270.1
TPC,3/27/2025,502.0,516.9,502.0,514.66,3.12,10021.0,450.0,270.1
TPC,3/30/2025,523.0,555.0,513.0,544.87,5.87,35491.0,450.0,270.1
TPC,4/1/2025,538.1,545.0,529.1,535.49,-1.72,21411.0,450.0,270.1
TPC,4/2/2025,532.1,549.0,532.1,546.72,2.1,14193.0,450.0,270.1
TPC,4/3/2025,536.1,545.0,530.2,534.57,-2.22,13087.0,450.0,270.1
TPC,4/7/2025,534.1,550.0,525.6,527.29,-1.36,13650.0,450.0,270.1
TPC,4/8/2025,518.1,523.9,509.0,519.51,-1.48,15917.0,450.0,270.1
TPC,4/9/2025,519.0,523.0,516.0,517.48,-0.39,10428.0,450.0,270.1
TPC,4/10/2025,515.0,524.0,514.1,515.26,-0.43,15419.0,450.0,270.1
TPC,4/13/2025,525.5,527.9,515.0,520.21,0.96,19013.0,450.0,270.1
TPC,4/15/2025,529.9,532.0,519.4,526.24,1.16,12436.0,450.0,270.1
TPC,4/16/2025,527.0,540.0,526.1,534.05,1.48,11490.0,450.0,270.1
TPC,4/17/2025,530.0,551.8,530.0,538.75,0.88,28252.0,450.0,270.1
TPC,4/20/2025,531.0,549.2,531.0,535.23,-0.65,9504.0,450.0,270.1
TPC,4/21/2025,527.1,583.0,527.1,571.58,6.79,60495.0,450.0,270.1
TPC,4/22/2025,572.0,609.0,571.5,591.12,3.42,89762.0,450.0,270.1
TPC,4/23/2025,591.1,592.0,580.1,588.6,-0.43,52815.0,450.0,270.1
TPC,4/24/2025,598.0,598.0,575.1,588.54,-0.01,45803.0,450.0,270.1
TPC,4/27/2025,577.0,599.0,577.0,579.64,-1.51,34785.0,450.0,270.1
TPC,4/28/2025,580.0,580.0,549.0,559.22,-3.52,27441.0,450.0,270.1
TPC,4/29/2025,566.5,600.0,556.0,568.14,1.6,43553.0,450.0,270.1
TPC,4/30/2025,579.4,579.5,555.0,557.33,-1.9,21223.0,450.0,270.1
TPC,5/4/2025,568.4,590.5,558.0,560.91,0.64,61299.0,450.0,270.1
TPC,5/5/2025,565.0,567.0,550.0,554.6,-1.12,20354.0,450.0,270.1
TPC,5/6/2025,565.0,576.0,560.0,570.94,2.95,55890.0,450.0,270.1
TPC,5/7/2025,582.3,595.0,573.0,592.68,3.81,118601.0,450.0,270.1
TPC,5/8/2025,600.0,604.0,575.0,594.61,0.33,130861.0,450.0,270.1
TPC,5/11/2025,604.0,616.0,597.0,601.17,1.1,76216.0,450.0,270.1
TPC,5/13/2025,602.0,610.0,584.0,588.51,-2.11,46105.0,450.0,270.1
TPC,5/14/2025,590.0,590.0,571.0,578.11,-1.77,30585.0,450.0,270.1
TPC,5/15/2025,575.0,590.0,570.1,580.92,0.49,69643.0,450.0,270.1
TPC,5/18/2025,592.0,600.0,588.1,594.11,2.27,208399.0,450.0,270.1
TPC,5/19/2025,354.0,381.7,354.0,381.7,-35.75,67901.0,450.0,270.1
TPC,5/20/2025,389.3,412.0,363.1,375.94,-1.51,95922.0,450.0,270.1
TPC,5/21/2025,383.4,398.8,359.0,360.14,-4.2,66544.0,450.0,270.1
TPC,5/22/2025,364.0,370.0,355.0,355.99,-1.15,31329.0,450.0,270.1
TPC,5/25/2025,363.1,365.0,350.6,354.72,-0.36,10145.0,450.0,270.1
TPC,5/26/2025,361.0,361.0,345.1,347.82,-1.95,31528.0,450.0,270.1
TPC,5/27/2025,343.0,349.0,343.0,344.76,-0.88,13665.0,450.0,270.1
TPC,5/28/2025,340.1,347.0,340.1,345.21,0.13,14656.0,450.0,270.1
TPC,6/2/2025,352.1,363.9,338.4,344.98,-0.07,21181.0,450.0,270.1
TPC,6/3/2025,339.0,357.0,339.0,345.1,0.03,11855.0,450.0,270.1
TPC,6/4/2025,340.1,345.0,338.6,340.8,-1.25,17170.0,450.0,270.1
TPC,6/5/2025,347.5,347.5,334.0,336.55,-1.25,11137.0,450.0,270.1
TPC,6/8/2025,336.0,343.7,336.0,342.59,1.79,13100.0,450.0,270.1
TPC,6/9/2025,349.0,354.0,345.2,351.38,2.57,15696.0,450.0,270.1
TPC,6/10/2025,357.9,361.5,355.0,355.47,1.16,15478.0,450.0,270.1
TPC,6/11/2025,360.0,360.0,349.0,350.39,-1.43,15793.0,450.0,270.1
TPC,6/12/2025,357.0,385.3,357.0,371.39,5.99,111205.0,450.0,270.1
TPC,6/15/2025,376.0,384.9,373.0,379.33,2.14,50791.0,450.0,270.1
TPC,6/16/2025,380.0,389.6,373.1,375.11,-1.11,67915.0,450.0,270.1
TPC,6/17/2025,382.6,382.6,360.0,368.62,-1.73,11924.0,450.0,270.1
TPC,6/18/2025,361.5,376.0,361.5,370.15,0.42,16412.0,450.0,270.1
TPC,6/19/2025,372.0,377.0,365.0,373.25,0.84,37454.0,450.0,270.1
TPC,6/22/2025,368.0,378.0,362.2,362.91,-2.77,23892.0,450.0,270.1
TPC,6/23/2025,360.0,367.1,358.0,359.62,-0.91,11739.0,450.0,270.1
TPC,6/24/2025,361.0,375.3,361.0,368.43,2.45,23159.0,450.0,270.1
TPC,6/25/2025,374.9,405.2,370.0,404.44,9.77,178171.0,450.0,270.1
TPC,6/26/2025,405.0,428.0,398.6,402.02,-0.6,74442.0,450.0,270.1
TPC,6/29/2025,402.0,425.0,395.0,421.25,4.78,135575.0,450.0,270.1
TPC,6/30/2025,421.0,424.1,403.0,413.92,-1.74,75711.0,450.0,270.1
TPC,7/1/2025,419.0,440.0,417.0,435.38,5.18,135972.0,450.0,270.1
TPC,7/2/2025,426.7,445.9,419.0,427.67,-1.77,97836.0,450.0,270.1
TPC,7/3/2025,436.2,436.2,404.0,414.19,-3.15,65903.0,450.0,270.1
TPC,7/6/2025,406.2,412.0,395.1,399.05,-3.66,40551.0,450.0,270.1
TPC,7/7/2025,407.0,410.0,391.2,395.96,-0.77,25056.0,450.0,270.1
TPC,7/8/2025,400.0,405.0,393.0,394.51,-0.37,37119.0,450.0,270.1
TPC,7/9/2025,402.0,415.0,394.0,401.41,1.75,69213.0,450.0,270.1
TPC,7/10/2025,409.0,409.0,395.0,396.4,-1.25,31712.0,450.0,270.1
TPC,7/13/2025,404.3,409.0,385.0,385.77,-2.68,44905.0,450.0,270.1
TPC,7/14/2025,393.4,393.4,384.0,389.9,1.07,17631.0,450.0,270.1
TPC,7/15/2025,397.6,399.0,383.0,385.92,-1.02,56032.0,450.0,270.1
TPC,7/16/2025,393.0,394.9,381.1,385.89,-0.01,90163.0,450.0,270.1
TPC,7/17/2025,393.6,409.0,391.5,401.66,4.09,56921.0,450.0,270.1
TPC,7/20/2025,402.0,405.0,388.0,391.07,-2.64,64828.0,450.0,270.1
TPC,7/21/2025,398.0,398.0,385.0,390.75,-0.08,33523.0,450.0,270.1
TPC,7/22/2025,390.0,398.5,389.0,397.51,1.73,55263.0,450.0,270.1
TPC,7/23/2025,400.0,402.9,386.0,396.5,-0.25,39291.0,450.0,270.1
TPC,7/24/2025,404.0,419.9,390.0,417.0,5.17,106244.0,450.0,270.1
TPC,7/27/2025,420.0,431.5,403.0,405.97,-2.65,83580.0,450.0,270.1
TPC,7/28/2025,399.0,408.0,395.0,404.63,-0.33,33305.0,450.0,270.1
TPC,7/29/2025,412.7,430.0,406.0,414.28,2.38,166492.0,450.0,270.1
TPC,7/30/2025,421.0,422.0,403.0,405.21,-2.19,34654.0,450.0,270.1
TPC,7/31/2025,412.9,412.9,396.0,398.37,-1.69,38598.0,450.0,270.1
TPC,8/3/2025,395.0,400.0,390.0,391.55,-1.71,24448.0,450.0,270.1
TPC,8/4/2025,399.3,399.3,386.5,392.7,0.29,16198.0,450.0,270.1
TPC,8/5/2025,392.0,397.5,381.1,382.52,-2.59,22312.0,450.0,270.1
TPC,8/6/2025,376.4,385.0,375.9,377.16,-1.4,22511.0,450.0,270.1
TPC,8/7/2025,380.0,383.5,371.0,380.65,0.93,16056.0,450.0,270.1
TPC,8/11/2025,383.0,383.0,374.1,374.64,-1.58,18846.0,450.0,270.1
TPC,8/12/2025,382.0,382.0,365.6,366.68,-2.12,11766.0,450.0,270.1
TPC,8/13/2025,368.1,375.0,368.0,369.18,0.68,7274.0,450.0,270.1
TPC,8/14/2025,374.9,375.0,365.0,366.81,-0.64,11018.0,450.0,270.1
TPC,8/17/2025,374.0,374.0,362.3,363.13,-1.0,7857.0,450.0,270.1
TPC,8/18/2025,370.3,370.3,359.0,367.19,1.12,9054.0,450.0,270.1
TPC,8/19/2025,367.0,372.0,367.0,367.77,0.16,5068.0,450.0,270.1
TPC,8/20/2025,366.3,371.9,363.2,367.03,-0.2,12087.0,450.0,270.1
TPC,8/21/2025,372.0,372.0,364.6,366.96,-0.02,4723.0,450.0,270.1
TPC,8/24/2025,373.0,373.0,362.5,363.68,-0.89,6583.0,450.0,270.1
TPC,8/25/2025,365.0,370.0,356.0,360.37,-0.91,10869.0,450.0,270.1
TPC,8/26/2025,356.5,363.0,356.5,357.29,-0.85,1540.0,450.0,270.1
TPC,8/27/2025,364.0,364.0,356.8,359.98,0.75,24936.0,450.0,270.1
TPC,8/28/2025,365.0,367.1,353.0,354.55,-1.51,16601.0,450.0,270.1
TPC,8/31/2025,360.9,360.9,345.0,345.13,-2.66,12191.0,450.0,270.1
TPC,9/1/2025,352.0,352.0,341.3,347.31,0.63,5684.0,450.0,270.1
TPC,9/2/2025,349.9,349.9,339.1,339.93,-2.12,5449.0,450.0,270.1
TPC,9/3/2025,340.0,342.0,324.8,333.6,-1.86,9499.0,450.0,270.1
TPC,9/4/2025,339.0,340.0,320.0,329.53,-1.22,11901.0,450.0,270.1
TPC,9/7/2025,330.0,338.0,325.0,331.6,0.63,8769.0,450.0,270.1
TPC,9/8/2025,326.1,335.0,326.1,327.66,-1.19,6010.0,450.0,270.1
TPC,9/18/2025,321.2,321.2,310.0,311.0,-5.08,280.0,450.0,270.1
TPC,9/21/2025,305.0,341.0,305.0,333.34,7.18,12088.0,450.0,270.1
TPC,9/23/2025,339.9,350.9,333.0,349.9,4.97,8796.0,450.0,270.1
TPC,9/24/2025,343.2,346.0,337.0,342.0,-2.26,4575.0,450.0,270.1
TPC,9/25/2025,335.2,344.7,329.0,337.0,-1.46,4578.0,450.0,270.1
TPC,9/28/2025,330.3,343.7,317.3,335.9,-0.33,94231.0,450.0,270.1
TPC,10/7/2025,330.0,333.0,324.0,326.0,-2.95,22088.0,450.0,270.1
TPC,10/8/2025,326.0,326.0,310.6,316.9,-2.79,57959.0,450.0,270.1
TPC,10/9/2025,323.2,335.0,316.6,317.0,0.03,34494.0,450.0,270.1
TPC,10/12/2025,323.3,323.3,294.0,298.5,-5.84,68050.0,450.0,270.1
TPC,10/13/2025,300.0,304.3,290.0,301.0,0.84,30861.0,450.0,270.1
TPC,10/14/2025,304.9,305.0,290.0,294.8,-2.06,18427.0,450.0,270.1
TPC,10/15/2025,291.0,293.0,284.0,290.0,-1.63,30287.0,450.0,270.1
TPC,10/16/2025,285.0,290.8,270.2,280.9,-3.14,28981.0,450.0,270.1
TPC,10/19/2025,280.0,284.8,280.0,281.0,0.04,5543.0,450.0,270.1
TPC,10/26/2025,275.4,278.0,270.1,275.4,-1.99,12795.0,450.0,270.1
TPC,10/28/2025,280.0,290.5,279.0,289.6,5.16,22577.0,450.0,270.1
TPC,10/29/2025,286.1,304.8,286.1,291.2,0.55,35425.0,450.0,270.1
TPC,10/30/2025,291.2,306.0,285.4,304.0,4.4,38000.0,450.0,270.1
TPC,11/2/2025,310.0,334.4,310.0,334.4,10.0,135003.0,450.0,270.1
TPC,11/3/2025,341.0,346.6,331.0,334.0,-0.12,120910.0,450.0,270.1
TPC,11/4/2025,339.0,339.0,326.0,327.2,-2.04,57512.0,450.0,270.1
TPC,11/5/2025,327.9,330.9,318.4,325.0,-0.67,88640.0,450.0,270.1
TPC,11/6/2025,330.9,330.9,318.2,321.9,-0.95,35484.0,450.0,270.1
TPC,11/9/2025,321.0,324.4,310.3,314.5,-2.3,38970.0,450.0,270.1
TPC,11/10/2025,308.3,321.8,308.3,318.0,1.11,20331.0,450.0,270.1
TPC,11/11/2025,317.1,330.0,317.1,326.9,2.8,33680.0,450.0,270.1
TPC,11/12/2025,330.0,335.6,325.0,326.9,0.0,76051.0,450.0,270.1
TPC,11/13/2025,326.0,327.9,322.1,323.0,-1.19,29937.0,450.0,270.1
TPC,11/16/2025,321.1,326.5,317.5,319.0,-1.24,21612.0,450.0,270.1
TPC,11/17/2025,319.0,325.0,319.0,324.9,1.85,29459.0,450.0,270.1
TPC,11/18/2025,327.4,332.9,325.1,328.1,0.98,68204.0,450.0,270.1
TPC,11/19/2025,329.1,332.0,322.2,324.0,-1.25,23641.0,450.0,270.1
TPC,11/20/2025,317.6,338.0,317.6,334.9,3.36,98957.0,450.0,270.1
TPC,11/23/2025,331.0,347.7,331.0,346.3,3.4,154123.0,450.0,270.1
TPC,11/24/2025,347.0,353.0,340.0,342.0,-1.24,69942.0,450.0,270.1
TPC,11/25/2025,342.0,348.8,336.0,345.0,0.88,71493.0,450.0,270.1
TPC,11/26/2025,338.2,359.8,338.2,356.0,3.19,151585.0,450.0,270.1
TPC,11/27/2025,356.3,362.0,350.1,355.0,-0.28,121894.0,450.0,270.1
TPC,11/30/2025,350.1,359.9,343.0,346.0,-2.54,144878.0,450.0,270.1
TPC,12/1/2025,352.8,352.8,340.1,344.9,-0.32,49415.0,450.0,270.1
TPC,12/2/2025,351.7,351.7,339.8,342.0,-0.84,44917.0,450.0,270.1
TPC,12/3/2025,340.0,348.8,340.0,340.0,-0.58,52089.0,450.0,270.1
TPC,12/7/2025,337.0,342.8,335.0,337.5,-0.74,34685.0,450.0,270.1
TPC,12/8/2025,337.1,353.7,337.1,349.0,3.41,122637.0,450.0,270.1
TPC,12/9/2025,353.0,353.0,344.0,348.1,-0.26,67420.0,450.0,270.1
TPC,12/10/2025,347.0,363.0,347.0,358.0,2.84,181975.0,450.0,270.1
TPC,12/11/2025,360.0,362.0,353.1,356.4,-0.45,107849.0,450.0,270.1
TPC,12/14/2025,357.0,361.0,347.0,347.0,-2.64,67469.0,450.0,270.1
TPC,12/15/2025,352.0,358.0,341.3,353.0,1.73,39311.0,450.0,270.1
TPC,12/16/2025,352.0,357.0,348.0,355.9,0.82,43882.0,450.0,270.1
TPC,12/17/2025,352.1,362.0,352.0,357.0,0.31,79252.0,450.0,270.1
TPC,12/18/2025,355.0,360.5,350.0,350.0,-1.96,71869.0,450.0,270.1
TPC,12/21/2025,357.0,378.7,345.0,378.7,8.2,80767.0,450.0,270.1
TPC,12/22/2025,372.0,372.0,350.4,359.0,-5.2,89920.0,450.0,270.1
TPC,12/23/2025,359.0,365.0,352.4,355.8,-0.89,37778.0,450.0,270.1
TPC,12/24/2025,360.0,369.2,360.0,367.0,3.15,262585.0,450.0,270.1
TPC,12/28/2025,370.0,380.0,364.0,376.0,2.45,207635.0,450.0,270.1
TPC,12/29/2025,376.0,378.3,363.2,378.0,0.53,199382.0,450.0,270.1
TPC,12/31/2025,379.0,384.4,371.0,372.2,-1.53,108649.0,450.0,270.1
TPC,1/1/2026,379.0,379.0,366.0,367.8,-1.18,53117.0,450.0,270.1
TPC,1/4/2026,374.9,374.9,360.2,362.5,-1.44,71970.0,450.0,270.1
TPC,1/5/2026,362.0,377.0,360.0,374.0,3.17,95169.0,450.0,270.1
TPC,1/6/2026,371.0,380.0,371.0,373.5,-0.13,92379.0,450.0,270.1
TPC,1/7/2026,367.5,380.0,364.0,369.7,-1.02,60008.0,450.0,270.1
TPC,1/8/2026,365.0,384.5,363.5,384.0,3.87,77340.0,450.0,270.1
TPC,1/12/2026,391.6,391.6,366.0,371.1,-3.36,84404.0,450.0,270.1
TPC,1/13/2026,364.0,375.0,364.0,368.5,-0.7,63438.0,450.0,270.1
TPC,1/14/2026,364.2,390.0,364.2,369.0,0.14,76621.0,450.0,270.1
TPC,1/18/2026,365.0,390.6,365.0,370.0,0.27,65391.0,450.0,270.1
TPC,1/20/2026,367.0,382.0,367.0,375.0,1.35,158562.0,450.0,270.1
TPC,1/21/2026,370.2,379.9,367.3,368.5,-1.73,87635.0,450.0,270.1
TPC,1/22/2026,365.1,373.0,365.1,366.8,-0.46,67193.0,450.0,270.1
TPC,1/25/2026,366.8,389.0,366.8,379.0,3.33,266115.0,450.0,270.1
TPC,1/26/2026,384.0,384.0,370.1,372.0,-1.85,115825.0,450.0,270.1
TPC,1/27/2026,372.0,377.0,364.0,368.0,-1.08,125545.0,450.0,270.1
TPC,1/28/2026,373.9,374.0,361.0,369.0,0.27,83500.0,450.0,270.1
TPC,1/29/2026,361.7,390.0,361.7,379.0,2.71,300830.0,450.0,270.1
TPC,2/1/2026,385.0,399.7,379.0,381.0,0.53,151597.0,450.0,270.1
TPC,2/2/2026,377.0,404.8,374.0,402.3,5.59,453542.0,450.0,270.1
TPC,2/3/2026,394.3,414.8,391.1,393.1,-2.29,210237.0,450.0,270.1
TPC,2/4/2026,398.9,401.9,387.2,393.9,0.2,158517.0,450.0,270.1
TPC,2/5/2026,394.0,399.9,387.2,394.0,0.03,143898.0,450.0,270.1
TPC,2/8/2026,400.0,401.0,383.0,387.0,-1.78,211777.0,450.0,270.1
TPC,2/9/2026,381.0,405.0,381.0,395.0,2.07,338078.0,450.0,270.1
TPC,2/10/2026,399.0,405.0,390.0,390.0,-1.27,241001.0,450.0,270.1
TPC,2/11/2026,382.2,414.0,382.2,407.4,4.46,531567.0,450.0,270.1
TPC,2/12/2026,399.5,441.0,399.5,429.0,5.3,824475.0,450.0,270.1
TPC,2/16/2026,430.0,431.5,407.7,409.0,-4.66,267634.0,450.0,270.1
TPC,2/17/2026,417.1,417.1,392.0,392.0,-4.16,292292.0,450.0,270.1
TPC,2/22/2026,390.0,399.8,377.0,383.0,-2.3,243250.0,450.0,270.1
TPC,2/23/2026,379.0,396.7,371.0,375.0,-2.09,137028.0,450.0,270.1
TPC,2/24/2026,371.6,388.0,371.6,384.0,2.4,69712.0,450.0,270.1
TPC,2/25/2026,380.0,390.5,380.0,383.0,-0.26,58786.0,450.0,270.1
TPC,2/26/2026,377.0,386.0,377.0,384.0,0.26,75222.0,450.0,270.1
TPC,2/27/2026,377.0,386.0,377.0,384.0,0.0,75222.0,450.0,270.1
TPC,2/28/2026,377.0,386.0,377.0,384.0,0.0,75222.0,450.0,270.1
TPC,3/2/2026,377.1,386.8,377.0,385.0,0.26,65041.0,450.0,270.1
TPC,3/3/2026,392.7,393.7,383.0,391.0,1.56,112201.0,450.0,270.1
TPC,3/4/2026,392.7,393.7,383.0,391.0,0.0,112201.0,450.0,270.1
TPC,3/5/2026,392.7,393.7,383.0,391.0,0.0,112201.0,450.0,270.1
TPC,3/6/2026,392.7,393.7,383.0,391.0,0.0,112201.0,450.0,270.1
TPC,3/7/2026,392.7,393.7,383.0,391.0,0.0,112201.0,450.0,270.1
TPC,3/8/2026,392.7,393.7,383.0,391.0,0.0,112201.0,450.0,270.1
TPC,3/9/2026,398.8,423.0,398.8,408.0,4.35,2385.0,450.0,270.1
TPC,3/10/2026,416.0,416.1,398.0,405.0,-0.74,332774.0,450.0,270.1
TPC,3/11/2026,405.0,420.0,402.0,417.8,3.16,214905.0,450.0,270.1
TPC,3/12/2026,426.0,434.0,417.0,425.0,1.72,335824.0,450.0,270.1
TPC,3/13/2026,426.0,434.0,417.0,425.0,0.0,335824.0,450.0,270.1
TPC,3/14/2026,426.0,434.0,417.0,425.0,0.0,335824.0,450.0,270.1
TPC,3/15/2026,425.0,450.0,412.6,427.0,0.47,484678.0,450.0,270.1
TPC,3/16/2026,429.0,444.0,413.6,422.0,-1.17,329149.0,450.0,270.1
TPC,3/17/2026,428.0,430.0,419.0,419.5,-0.59,125496.0,450.0,270.1
TPC,3/18/2026,428.0,430.0,419.0,419.5,0.0,125496.0,450.0,270.1
TPC,3/19/2026,425.0,432.0,422.0,422.0,0.6,183141.0,450.0,270.1
TPC,3/20/2026,425.0,432.0,422.0,422.0,0.0,183141.0,450.0,270.1
TPC,3/21/2026,425.0,432.0,422.0,422.0,0.0,183141.0,450.0,270.1
TPC,3/22/2026,422.0,427.9,417.0,418.0,-0.95,158270.0,450.0,270.1
TPC,3/23/2026,420.0,424.0,415.0,419.0,0.24,163329.0,450.0,270.1
TPC,3/24/2026,416.1,424.2,416.0,417.3,-0.41,103864.0,450.0,270.1
TPC,3/25/2026,425.0,425.0,410.0,410.0,-1.75,137148.0,450.0,270.1
TPC,3/26/2026,414.9,415.0,407.0,411.3,-0.87,100395.0,450.0,270.1
TPC,3/29/2026,412.0,414.0,397.0,398.0,-3.4,80944.0,450.0,270.1
TPC,3/30/2026,395.3,403.0,384.2,389.9,-1.37,146202.0,450.0,270.1
TPC,3/31/2026,385.0,404.9,383.0,402.0,4.42,136523.0,450.0,270.1
TPC,4/1/2026,400.0,404.0,382.0,387.9,-3.03,108392.0,450.0,270.1
TPC,4/2/2026,381.0,392.0,370.0,386.0,1.31,162078.0,450.0,270.1
TPC,4/5/2026,384.1,384.1,361.7,369.9,-3.7,99513.0,450.0,270.1
TPC,4/6/2026,368.0,389.6,368.0,386.9,5.14,77875.0,450.0,270.1
TPC,4/7/2026,391.0,392.0,378.0,382.0,-2.3,51370.0,450.0,270.1
TPC,4/8/2026,383.9,396.0,381.0,396.0,3.15,103992.0,450.0,270.1
TPC,4/9/2026,403.0,403.0,391.0,399.5,-0.87,70536.0,450.0,270.1
TPC,4/10/2026,393.0,400.0,391.0,392.6,-0.1,80666.0,450.0,270.1
TPC,4/13/2026,386.1,397.0,385.0,390.0,1.01,52581.0,450.0,270.1
TPC,4/15/2026,392.0,402.0,390.0,397.8,1.48,101525.0,450.0,270.1
TPC,4/16/2026,397.0,397.7,385.0,386.0,-2.77,44665.0,450.0,270.1
TPC,4/17/2026,392.0,393.0,382.1,386.0,-1.53,52648.0,450.0,270.1
TPC,4/20/2026,386.0,397.0,379.0,385.0,-0.26,20692.0,450.0,270.1
TPC,4/21/2026,365.8,392.0,365.8,381.0,4.16,31761.0,450.0,270.1
TPC,4/22/2026,382.0,382.0,370.0,377.5,-1.18,85956.0,450.0,270.1
TPC,4/23/2026,396.3,396.3,370.3,374.0,-5.63,23820.0,450.0,270.1
TPC,4/24/2026,375.0,375.0,365.2,373.0,-0.53,31255.0,450.0,270.1
TPC,4/27/2026,373.0,386.2,373.0,379.6,1.77,32557.0,450.0,270.1
TPC,4/28/2026,379.6,380.0,371.5,373.5,-1.61,21522.0,450.0,270.1
TPC,4/29/2026,373.5,375.9,369.1,369.6,-1.04,23787.0,450.0,270.1
TPC,4/30/2026,366.1,375.0,365.0,372.0,1.61,38893.0,450.0,270.1
TPC,5/4/2026,366.0,370.0,364.0,364.0,-0.55,30144.0,450.0,270.1
TPC,5/5/2026,361.4,375.0,357.0,361.1,-0.08,49543.0,450.0,270.1
TPC,5/6/2026,378.5,378.5,360.1,365.0,-3.57,13972.0,450.0,270.1
TPC,5/7/2026,367.0,367.0,360.3,361.3,-1.55,14781.0,450.0,270.1
TPC,5/8/2026,360.5,368.0,360.5,367.0,1.8,14132.0,450.0,270.1
TPC,5/11/2026,367.3,376.9,367.3,375.0,2.1,26457.0,450.0,270.1
TPC,5/12/2026,372.2,375.0,365.2,367.0,-1.4,22008.0,450.0,270.1
TPC,5/13/2026,363.8,369.9,360.0,369.0,1.43,17313.0,450.0,270.1
TPC,5/14/2026,362.3,369.9,362.3,366.0,1.02,10760.0,450.0,270.1
TPC,5/15/2026,369.5,369.5,363.4,365.5,-1.08,16457.0,450.0,270.1
TPC,5/18/2026,368.5,368.5,360.0,364.1,-1.19,22894.0,450.0,270.1
TPC,5/19/2026,366.0,366.0,363.0,364.5,-0.41,22806.0,450.0,270.1
TPC,5/20/2026,369.1,381.0,363.5,381.0,3.22,57770.0,450.0,270.1
TPC,5/21/2026,382.0,385.0,375.0,377.0,-1.31,50223.0,450.0,270.1
TPC,5/22/2026,378.0,380.0,374.0,380.0,0.53,26193.0,450.0,270.1
TPC,5/25/2026,389.0,389.0,375.0,382.0,-1.8,48898.0,450.0,270.1
TPC,5/26/2026,382.0,387.0,376.3,381.0,-0.26,16826.0,450.0,270.1
TPC,5/27/2026,382.6,382.6,375.0,379.9,-0.71,36065.0,450.0,270.1
TPC,6/1/2026,378.0,378.9,365.0,372.0,-1.59,30407.0,450.0,270.1
TPC,6/2/2026,367.0,374.0,367.0,371.0,1.09,16434.0,450.0,270.1
TPC,6/3/2026,372.0,379.5,368.5,370.0,-0.54,12230.0,450.0,270.1
TPC,6/4/2026,370.0,378.7,369.2,371.9,0.51,17671.0,450.0,270.1
TPC,6/5/2026,370.0,371.0,365.0,367.9,-0.57,24941.0,450.0,270.1
TPC,6/8/2026,365.6,367.0,362.0,365.0,-0.16,9330.0,450.0,270.1
TPC,6/9/2026,365.0,369.0,360.3,366.0,0.27,24738.0,450.0,270.1
TPC,6/10/2026,362.0,372.4,360.1,366.9,1.35,9173.0,450.0,270.1
TPC,6/11/2026,365.0,369.0,365.0,365.7,0.19,17621.0,450.0,270.1
TPC,6/12/2026,361.0,368.0,361.0,366.0,1.39,12771.0,450.0,270.1
TPC,6/15/2026,348.0,373.0,348.0,364.0,4.6,14664.0,450.0,270.1
TPC,6/16/2026,363.1,366.6,363.1,365.2,0.58,13322.0,450.0,270.1
TPC,6/17/2026,365.0,371.0,363.2,365.3,0.08,16230.0,450.0,270.1
TPC,6/18/2026,371.9,371.9,365.0,365.7,-1.67,7595.0,450.0,270.1
TPC,6/19/2026,365.0,369.6,365.0,366.0,0.27,15736.0,450.0,270.1
TPC,6/22/2026,366.0,371.9,366.0,366.2,0.05,4211.0,450.0,270.1
TPC,6/23/2026,370.0,370.0,360.5,364.0,-1.62,11711.0,450.0,270.1
TPC,6/24/2026,382.2,382.2,355.0,358.0,-6.33,26103.0,450.0,270.1
TPC,6/26/2026,376.9,376.9,355.0,356.0,-5.55,21922.0,450.0,270.1
TPC,6/29/2026,356.0,356.0,353.0,354.0,-0.56,8611.0,450.0,270.1
TPC,6/30/2026,345.0,360.5,345.0,350.3,1.54,14174.0,450.0,270.1
TPC,7/1/2026,350.0,360.7,350.0,359.2,2.63,6577.0,450.0,270.1
TPC,7/2/2026,365.0,365.0,355.0,360.0,-1.37,1178.0,450.0,270.1
TPC,7/3/2026,364.8,364.8,355.0,355.0,-2.69,8174.0,450.0,270.1
TPC,7/6/2026,360.0,364.0,353.6,354.0,-1.67,32375.0,450.0,270.1
TPC,7/7/2026,353.0,362.0,353.0,359.2,1.76,33897.0,450.0,270.1
TPC,7/8/2026,352.5,358.0,352.0,352.1,-0.11,7716.0,450.0,270.1
TPC,7/9/2026,355.5,355.5,346.1,350.0,-1.55,9168.0,450.0,270.1
TPC,7/10/2026,355.8,356.4,350.0,353.0,-0.79,9618.0,450.0,270.1
TPC,7/13/2026,363.5,363.5,343.6,346.2,-4.76,10784.0,450.0,270.1
TPC,7/14/2026,342.0,351.6,342.0,344.0,0.58,15155.0,450.0,270.1
TPC,7/15/2026,344.2,351.0,344.2,349.0,1.39,4312.0,450.0,270.1
TPC,7/16/2026,357.0,357.0,341.3,349.0,-2.24,11409.0,450.0,270.1
TPC,7/17/2026,357.0,365.0,349.2,360.0,0.84,16713.0,450.0,270.1
TPC,7/20/2026,368.0,370.8,360.1,367.0,-0.27,10946.0,450.0,270.1
TPC,7/21/2026,372.5,372.5,362.1,366.8,-1.53,10638.0,450.0,270.1
TPC,7/22/2026,358.2,366.8,358.2,363.0,1.34,11270.0,450.0,270.1
TPC,7/23/2026,357.0,364.9,355.0,361.0,1.12,12649.0,450.0,270.1
TPC,7/24/2026,370.0,370.0,362.0,369.5,-0.14,9455.0,450.0,270.1
TPC,7/27/2026,364.0,369.2,359.0,360.0,-1.1,12855.0,450.0,270.1
TPC,7/28/2026,354.0,367.9,354.0,360.0,1.69,15673.0,450.0,270.1
TPC,7/29/2026,360.3,365.4,358.0,359.0,-0.36,10655.0,450.0,270.1
TPC,7/30/2026,360.0,363.8,355.3,357.9,-0.58,7495.0,450.0,270.1
TPC,7/31/2026,363.8,363.8,353.2,358.5,-1.46,5940.0,450.0,270.1
TPC,8/3/2026,360.0,369.2,358.9,360.0,0.0,26328.0,450.0,270.1
TPC,8/4/2026,358.0,370.0,357.1,368.0,2.79,25546.0,450.0,270.1
TPC,8/5/2026,370.0,370.0,364.0,369.6,-0.11,19583.0,450.0,270.1
TPC,8/6/2026,363.0,370.9,360.1,360.3,-0.74,44556.0,450.0,270.1
TPC,8/7/2026,357.0,365.0,357.0,359.5,0.7,10040.0,450.0,270.1
TPC,8/10/2026,377.4,377.4,360.0,361.5,-4.21,29948.0,450.0,270.1
TPC,8/11/2026,361.5,369.0,360.5,361.3,-0.06,11589.0,450.0,270.1
TPC,8/12/2026,368.0,368.0,361.0,363.0,-1.36,12403.0,450.0,270.1
TPC,8/13/2026,344.9,366.5,344.9,362.2,5.02,15375.0,450.0,270.1
TPC,8/14/2026,368.0,370.0,363.1,363.4,-1.25,8555.0,450.0,270.1
TPC,8/17/2026,363.4,368.0,363.4,365.6,0.61,10731.0,450.0,270.1
TPC,8/18/2026,364.1,364.1,358.9,359.1,-1.37,19589.0,450.0,270.1
TPC,8/19/2026,359.0,362.8,355.0,358.5,-0.14,6105.0,450.0,270.1
TPC,8/20/2026,360.0,363.9,354.0,359.0,-0.28,9830.0,450.0,270.1
TPC,8/21/2026,356.0,365.0,355.2,356.3,0.08,9350.0,450.0,270.1
TPC,8/24/2026,351.1,363.6,351.1,356.0,1.4,6406.0,450.0,270.1
TPC,8/25/2026,361.5,361.5,351.0,353.0,-2.35,12565.0,450.0,270.1
TPC,8/26/2026,353.0,353.0,346.0,346.1,-1.95,16786.0,450.0,270.1
TPC,8/27/2026,340.1,350.0,337.0,350.0,2.91,13402.0,450.0,270.1
TPC,8/31/2026,345.0,348.0,340.5,344.0,-0.29,7928.0,450.0,270.1
TPC,9/1/2026,340.0,352.0,336.3,342.0,0.59,9714.0,450.0,270.1
TPC,9/2/2026,339.0,346.0,339.0,344.0,1.47,9052.0,450.0,270.1
TPC,9/3/2026,340.0,350.0,339.7,344.0,1.18,6250.0,450.0,270.1
TPC,9/7/2026,346.0,352.8,343.0,346.0,0.0,11936.0,450.0,270.1
TPC,9/9/2026,346.0,350.0,343.1,348.9,0.84,16556.0,450.0,270.1
TPC,9/10/2026,345.5,353.5,344.1,353.5,2.32,15302.0,450.0,270.1
TPC,9/11/2026,345.1,360.0,345.1,357.7,3.65,15889.0,450.0,270.1
TPC,9/14/2026,350.0,365.9,350.0,361.0,3.14,17383.0,450.0,270.1
TPC,9/15/2026,379.0,379.0,365.0,374.9,-1.08,44037.0,450.0,270.1
TPC,9/16/2026,373.9,374.0,364.0,365.0,-2.38,17721.0,450.0,270.1
TPC,9/17/2026,374.0,375.0,365.0,371.0,-0.8,18829.0,450.0,270.1
TPC,9/18/2026,365.2,372.9,365.2,370.0,1.31,17734.0,450.0,270.1
TPC,9/22/2026,388.5,388.5,359.0,369.9,-4.79,16612.0,450.0,270.1
TPC,9/23/2026,365.0,368.0,363.4,363.4,-0.44,20864.0,450.0,270.1
TPC,9/24/2026,361.0,365.0,361.0,365.0,1.11,6925.0,450.0,270.1
TPC,9/28/2026,362.1,367.8,358.0,359.0,-0.86,16850.0,450.0,270.1
TPC,9/29/2026,360.0,360.0,355.3,0.0,-100.0,3606.0,450.0,270.1
TPC,9/30/2026,360.0,365.0,355.3,358.0,-0.56,8557.0,450.0,270.1
TPC,10/1/2026,352.0,361.2,352.0,359.0,1.99,12450.0,450.0,270.1
TPC,10/2/2026,356.0,360.0,356.0,359.0,0.84,9568.0,450.0,270.1
TPKHL,6/22/2026,300.0,345.0,300.0,345.0,15.0,260.0,772.5,300.0
TPKHL,6/23/2026,346.1,396.7,346.1,396.7,14.62,220.0,772.5,300.0
TPKHL,6/24/2026,408.6,456.2,408.6,456.2,11.65,240.0,772.5,300.0
TPKHL,6/26/2026,540.3,603.2,540.3,603.2,11.64,630.0,772.5,300.0
TPKHL,6/29/2026,633.3,693.6,633.3,693.6,9.52,3620.0,772.5,300.0
TPKHL,6/30/2026,728.2,772.5,591.1,596.3,-18.11,179731.0,772.5,300.0
TPKHL,7/1/2026,596.0,655.0,550.0,618.2,3.72,75170.0,772.5,300.0
TPKHL,7/2/2026,618.0,640.0,590.0,596.6,-3.46,41840.0,772.5,300.0
TPKHL,7/3/2026,566.8,602.0,566.8,584.0,3.03,44285.0,772.5,300.0
TPKHL,7/6/2026,554.8,583.0,554.2,555.0,0.04,51401.0,772.5,300.0
TPKHL,7/7/2026,540.0,560.0,530.1,530.5,-1.76,57686.0,772.5,300.0
TPKHL,7/8/2026,530.0,530.0,500.0,510.0,-3.77,38135.0,772.5,300.0
TPKHL,7/9/2026,500.1,505.0,490.1,496.0,-0.82,27489.0,772.5,300.0
TPKHL,7/10/2026,496.0,539.6,485.0,525.8,6.01,31763.0,772.5,300.0
TPKHL,7/13/2026,520.0,520.0,493.0,493.0,-5.19,25046.0,772.5,300.0
TPKHL,7/14/2026,500.0,504.9,480.2,496.0,-0.8,31104.0,772.5,300.0
TPKHL,7/15/2026,494.0,506.0,492.0,494.0,0.0,17167.0,772.5,300.0
TPKHL,7/16/2026,496.0,506.8,477.0,494.8,-0.24,29596.0,772.5,300.0
TPKHL,7/17/2026,494.0,524.0,494.0,516.0,4.45,44421.0,772.5,300.0
TPKHL,7/20/2026,516.0,546.5,504.0,536.1,3.9,44722.0,772.5,300.0
TPKHL,7/21/2026,536.1,585.0,531.0,563.0,5.02,72970.0,772.5,300.0
TPKHL,7/22/2026,561.0,570.0,551.0,565.0,0.71,44494.0,772.5,300.0
TPKHL,7/23/2026,565.0,595.0,551.0,590.0,4.42,62548.0,772.5,300.0
TPKHL,7/24/2026,581.0,610.0,573.0,574.0,-1.2,57766.0,772.5,300.0
TPKHL,7/27/2026,570.0,580.0,547.0,553.0,-2.98,55680.0,772.5,300.0
TPKHL,7/28/2026,553.0,568.0,540.4,560.0,1.27,46693.0,772.5,300.0
TPKHL,7/29/2026,560.0,569.0,551.0,557.9,-0.38,24588.0,772.5,300.0
TPKHL,7/30/2026,557.9,565.0,535.0,539.0,-3.39,38317.0,772.5,300.0
TPKHL,7/31/2026,530.0,548.9,520.0,548.9,3.57,39253.0,772.5,300.0
TPKHL,8/3/2026,542.0,561.0,542.0,550.0,1.48,31896.0,772.5,300.0
TPKHL,8/4/2026,550.0,554.0,538.0,548.0,-0.36,31301.0,772.5,300.0
TPKHL,8/5/2026,520.6,560.0,520.6,545.0,4.69,28402.0,772.5,300.0
TPKHL,8/6/2026,533.0,565.0,533.0,552.0,3.56,76497.0,772.5,300.0
TPKHL,8/7/2026,529.9,570.0,529.9,554.0,4.55,37966.0,772.5,300.0
TPKHL,8/10/2026,527.0,562.9,527.0,560.0,6.26,39899.0,772.5,300.0
TPKHL,8/11/2026,532.5,570.0,532.5,556.8,4.56,38961.0,772.5,300.0
TPKHL,8/12/2026,550.0,556.0,542.2,550.0,0.0,19197.0,772.5,300.0
TPKHL,8/13/2026,522.5,560.0,522.5,542.0,3.73,15904.0,772.5,300.0
TPKHL,8/14/2026,535.0,555.0,535.0,542.0,1.31,23246.0,772.5,300.0
TPKHL,8/17/2026,515.9,555.0,515.9,550.1,6.63,36340.0,772.5,300.0
TPKHL,8/18/2026,523.5,565.0,523.5,560.0,6.97,59865.0,772.5,300.0
TPKHL,8/19/2026,533.5,564.0,533.5,562.0,5.34,25681.0,772.5,300.0
TPKHL,8/20/2026,534.8,564.9,534.8,556.0,3.96,22973.0,772.5,300.0
TPKHL,8/21/2026,529.2,572.5,529.2,545.0,2.99,35665.0,772.5,300.0
TPKHL,8/24/2026,545.0,549.0,522.5,530.0,-2.75,25532.0,772.5,300.0
TPKHL,8/25/2026,520.0,542.0,517.1,529.0,1.73,23539.0,772.5,300.0
TPKHL,8/26/2026,515.0,527.0,500.1,500.1,-2.89,32526.0,772.5,300.0
TPKHL,8/27/2026,500.0,518.5,490.0,509.0,1.8,23278.0,772.5,300.0
TPKHL,8/31/2026,490.1,505.0,488.0,488.0,-0.43,18884.0,772.5,300.0
TPKHL,9/1/2026,470.2,503.9,470.2,498.5,6.02,19469.0,772.5,300.0
TPKHL,9/2/2026,488.0,505.0,483.8,505.0,3.48,16416.0,772.5,300.0
TPKHL,9/3/2026,505.0,520.1,499.0,515.0,1.98,23830.0,772.5,300.0
TPKHL,9/7/2026,507.0,528.0,501.7,510.0,0.59,17101.0,772.5,300.0
TPKHL,9/9/2026,504.0,512.5,495.3,502.0,-0.4,20972.0,772.5,300.0
TPKHL,9/10/2026,494.0,500.0,485.0,488.0,-1.21,14274.0,772.5,300.0
TPKHL,9/11/2026,464.2,508.4,464.2,499.0,7.5,22099.0,772.5,300.0
TPKHL,9/14/2026,500.0,508.7,492.5,508.0,1.6,16017.0,772.5,300.0
TPKHL,9/15/2026,520.0,533.0,507.0,512.0,-1.54,32976.0,772.5,300.0
TPKHL,9/16/2026,500.0,514.9,500.0,505.9,1.18,27223.0,772.5,300.0
TPKHL,9/17/2026,505.9,515.0,504.6,504.6,-0.26,26244.0,772.5,300.0
TPKHL,9/18/2026,480.5,530.0,480.5,524.0,9.05,61787.0,772.5,300.0
TPKHL,9/22/2026,524.0,529.0,512.4,518.0,-1.15,23624.0,772.5,300.0
TPKHL,9/23/2026,518.0,518.0,500.0,507.0,-2.12,24578.0,772.5,300.0
TPKHL,9/24/2026,481.7,513.0,481.7,500.0,3.8,19585.0,772.5,300.0
TPKHL,9/28/2026,490.0,510.0,484.1,484.1,-1.2,21560.0,772.5,300.0
TPKHL,9/29/2026,490.0,493.0,480.0,0.0,-100.0,16070.0,772.5,300.0
TPKHL,9/30/2026,485.1,495.0,483.0,489.0,0.8,15969.0,772.5,300.0
TPKHL,10/1/2026,489.0,489.0,480.1,488.0,-0.2,12032.0,772.5,300.0
TPKHL,10/2/2026,482.0,491.0,480.1,490.0,1.66,11699.0,772.5,300.0
TRH,8/29/2011,93.0,94.0,92.0,94.0,,9298.0,853.9,681.1
TRH,8/30/2011,94.0,93.0,93.0,93.0,-1.06,30.0,853.9,681.1
TRH,9/4/2011,93.0,92.0,92.0,92.0,-1.08,230.0,853.9,681.1
TRH,9/5/2011,92.0,91.0,91.0,91.0,-1.09,20.0,853.9,681.1
TRH,9/12/2011,91.0,91.0,90.0,91.0,0.0,490.0,853.9,681.1
TRH,9/18/2011,91.0,90.0,88.0,88.0,-3.3,170.0,853.9,681.1
TRH,9/25/2011,88.0,88.0,86.0,86.0,-2.27,250.0,853.9,681.1
TRH,9/29/2011,86.0,85.0,85.0,85.0,-1.16,90.0,853.9,681.1
TRH,11/9/2011,85.0,86.0,85.0,86.0,1.18,80.0,853.9,681.1
TRH,11/10/2011,86.0,86.0,86.0,86.0,0.0,70.0,853.9,681.1
TRH,11/17/2011,86.0,85.0,84.0,84.0,-2.33,180.0,853.9,681.1
TRH,11/20/2011,84.0,84.0,84.0,84.0,0.0,30.0,853.9,681.1
TRH,11/21/2011,84.0,85.0,85.0,85.0,1.19,146631.0,853.9,681.1
TRH,11/22/2011,85.0,84.0,84.0,84.0,-1.18,70.0,853.9,681.1
TRH,12/12/2011,84.0,83.0,82.0,82.0,-2.38,240.0,853.9,681.1
TRH,12/21/2011,82.0,83.0,83.0,83.0,1.22,80.0,853.9,681.1
TRH,12/27/2011,83.0,84.0,84.0,84.0,1.2,50.0,853.9,681.1
TRH,1/8/2012,84.0,83.0,83.0,83.0,-1.19,70.0,853.9,681.1
TRH,1/31/2012,83.0,82.0,81.0,82.0,-1.2,380.0,853.9,681.1
TRH,2/7/2012,82.0,82.0,81.0,82.0,0.0,1410.0,853.9,681.1
TRH,2/21/2012,82.0,81.0,81.0,81.0,-1.22,160.0,853.9,681.1
TRH,2/23/2012,81.0,80.0,79.0,79.0,-2.47,120.0,853.9,681.1
TRH,2/27/2012,79.0,80.0,80.0,80.0,1.27,30.0,853.9,681.1
TRH,2/29/2012,80.0,79.0,79.0,79.0,-1.25,40.0,853.9,681.1
TRH,3/5/2012,79.0,80.0,80.0,80.0,1.27,40.0,853.9,681.1
TRH,3/12/2012,80.0,81.0,81.0,81.0,1.25,200.0,853.9,681.1
TRH,3/15/2012,81.0,81.0,81.0,81.0,0.0,140.0,853.9,681.1
TRH,3/19/2012,81.0,80.0,80.0,80.0,-1.23,50.0,853.9,681.1
TRH,3/20/2012,80.0,81.0,81.0,81.0,1.25,60.0,853.9,681.1
TRH,3/25/2012,81.0,81.0,81.0,81.0,0.0,190.0,853.9,681.1
TRH,3/27/2012,81.0,80.0,78.0,78.0,-3.7,190.0,853.9,681.1
TRH,3/28/2012,78.0,78.0,77.0,78.0,0.0,80.0,853.9,681.1
TRH,4/1/2012,78.0,77.0,76.0,76.0,-2.56,140.0,853.9,681.1
TRH,4/9/2012,76.0,75.0,74.0,74.0,-2.63,400.0,853.9,681.1
TRH,5/22/2012,74.0,75.0,75.0,75.0,1.35,10.0,853.9,681.1
TRH,5/23/2012,75.0,76.0,76.0,76.0,1.33,30.0,853.9,681.1
TRH,5/24/2012,76.0,77.0,77.0,77.0,1.32,20.0,853.9,681.1
TRH,5/29/2012,77.0,81.0,78.0,81.0,5.19,330.0,853.9,681.1
TRH,5/30/2012,81.0,84.0,82.0,84.0,3.7,830.0,853.9,681.1
TRH,6/3/2012,84.0,85.0,85.0,85.0,1.19,120.0,853.9,681.1
TRH,6/4/2012,85.0,84.0,84.0,84.0,-1.18,390.0,853.9,681.1
TRH,6/5/2012,84.0,84.0,83.0,83.0,-1.19,40.0,853.9,681.1
TRH,6/7/2012,83.0,83.0,82.0,82.0,-1.2,210.0,853.9,681.1
TRH,6/11/2012,82.0,82.0,82.0,82.0,0.0,170.0,853.9,681.1
TRH,6/12/2012,82.0,81.0,81.0,81.0,-1.22,30.0,853.9,681.1
TRH,6/14/2012,81.0,82.0,81.0,82.0,1.23,240.0,853.9,681.1
TRH,6/19/2012,82.0,81.0,81.0,81.0,-1.22,40.0,853.9,681.1
TRH,6/20/2012,81.0,82.0,82.0,82.0,1.23,20.0,853.9,681.1
TRH,6/25/2012,82.0,83.0,83.0,83.0,1.22,110.0,853.9,681.1
TRH,8/7/2012,83.0,82.0,82.0,82.0,-1.2,50.0,853.9,681.1
TRH,8/22/2012,82.0,83.0,82.0,82.0,0.0,330.0,853.9,681.1
TRH,8/23/2012,82.0,83.0,82.0,83.0,1.22,160.0,853.9,681.1
TRH,8/26/2012,83.0,84.0,83.0,83.0,0.0,360.0,853.9,681.1
TRH,8/28/2012,83.0,83.0,83.0,83.0,0.0,30.0,853.9,681.1
TRH,8/29/2012,83.0,86.0,83.0,86.0,3.61,480.0,853.9,681.1
TRH,9/3/2012,86.0,85.0,85.0,85.0,-1.16,3070.0,853.9,681.1
TRH,9/4/2012,85.0,84.0,84.0,84.0,-1.18,10.0,853.9,681.1
TRH,9/5/2012,84.0,85.0,85.0,85.0,1.19,60.0,853.9,681.1
TRH,9/6/2012,85.0,84.0,84.0,84.0,-1.18,290.0,853.9,681.1
TRH,9/9/2012,84.0,85.0,84.0,84.0,0.0,40.0,853.9,681.1
TRH,9/11/2012,84.0,83.0,83.0,83.0,-1.19,20.0,853.9,681.1
TRH,9/16/2012,83.0,82.0,82.0,82.0,-1.2,200.0,853.9,681.1
TRH,9/17/2012,82.0,81.0,81.0,81.0,-1.22,190.0,853.9,681.1
TRH,9/19/2012,81.0,82.0,82.0,82.0,1.23,490.0,853.9,681.1
TRH,9/20/2012,82.0,83.0,83.0,83.0,1.22,160.0,853.9,681.1
TRH,9/30/2012,83.0,82.0,82.0,82.0,-1.2,40.0,853.9,681.1
TRH,10/1/2012,82.0,84.0,83.0,84.0,2.44,170.0,853.9,681.1
TRH,10/7/2012,84.0,84.0,84.0,84.0,0.0,30.0,853.9,681.1
TRH,10/8/2012,84.0,85.0,84.0,84.0,0.0,170.0,853.9,681.1
TRH,10/10/2012,84.0,85.0,85.0,85.0,1.19,10.0,853.9,681.1
TRH,10/11/2012,85.0,85.0,85.0,85.0,0.0,20.0,853.9,681.1
TRH,10/14/2012,85.0,85.0,85.0,85.0,0.0,20.0,853.9,681.1
TRH,10/17/2012,85.0,85.0,85.0,85.0,0.0,190.0,853.9,681.1
TRH,11/11/2012,85.0,85.0,85.0,85.0,0.0,40.0,853.9,681.1
TRH,11/27/2012,85.0,84.0,84.0,84.0,-1.18,40.0,853.9,681.1
TRH,11/28/2012,84.0,84.0,84.0,84.0,0.0,20.0,853.9,681.1
TRH,12/11/2012,84.0,85.0,85.0,85.0,1.19,20.0,853.9,681.1
TRH,12/13/2012,85.0,85.0,85.0,85.0,0.0,10.0,853.9,681.1
TRH,12/19/2012,85.0,84.0,84.0,84.0,-1.18,10.0,853.9,681.1
TRH,12/20/2012,84.0,84.0,84.0,84.0,0.0,220.0,853.9,681.1
TRH,12/26/2012,84.0,85.0,85.0,85.0,1.19,120.0,853.9,681.1
TRH,12/27/2012,85.0,87.0,85.0,87.0,2.35,770.0,853.9,681.1
TRH,12/31/2012,87.0,86.0,86.0,86.0,-1.15,30.0,853.9,681.1
TRH,1/1/2013,86.0,86.0,86.0,86.0,0.0,10.0,853.9,681.1
TRH,1/2/2013,86.0,85.0,85.0,85.0,-1.16,220.0,853.9,681.1
TRH,1/6/2013,85.0,86.0,86.0,86.0,1.18,40.0,853.9,681.1
TRH,1/7/2013,86.0,85.0,85.0,85.0,-1.16,10.0,853.9,681.1
TRH,1/17/2013,85.0,86.0,86.0,86.0,1.18,10.0,853.9,681.1
TRH,1/20/2013,86.0,86.0,86.0,86.0,0.0,20.0,853.9,681.1
TRH,1/23/2013,86.0,87.0,86.0,86.0,0.0,60.0,853.9,681.1
TRH,1/27/2013,86.0,87.0,87.0,87.0,1.16,130.0,853.9,681.1
TRH,1/28/2013,87.0,89.0,88.0,89.0,2.3,20.0,853.9,681.1
TRH,1/30/2013,89.0,94.0,90.0,94.0,5.62,50.0,853.9,681.1
TRH,1/31/2013,94.0,97.0,95.0,97.0,3.19,90.0,853.9,681.1
TRH,2/3/2013,97.0,100.0,98.0,100.0,3.09,180.0,853.9,681.1
TRH,2/4/2013,100.0,102.0,98.0,98.0,-2.0,170.0,853.9,681.1
TRH,2/5/2013,98.0,99.0,98.0,98.0,0.0,60.0,853.9,681.1
TRH,2/6/2013,98.0,99.0,99.0,99.0,1.02,50.0,853.9,681.1
TRH,2/7/2013,99.0,100.0,100.0,100.0,1.01,190.0,853.9,681.1
TRH,2/10/2013,100.0,100.0,99.0,100.0,0.0,60.0,853.9,681.1
TRH,2/12/2013,100.0,100.0,100.0,100.0,0.0,30.0,853.9,681.1
TRH,2/13/2013,100.0,100.0,99.0,100.0,0.0,180.0,853.9,681.1
TRH,2/14/2013,100.0,100.0,100.0,100.0,0.0,10.0,853.9,681.1
TRH,2/19/2013,100.0,100.0,100.0,100.0,0.0,90.0,853.9,681.1
TRH,2/20/2013,100.0,99.0,98.0,99.0,-1.0,30.0,853.9,681.1
TRH,2/21/2013,99.0,100.0,100.0,100.0,1.01,120.0,853.9,681.1
TRH,2/25/2013,100.0,102.0,102.0,102.0,2.0,310.0,853.9,681.1
TRH,2/27/2013,102.0,101.0,100.0,101.0,-0.98,150.0,853.9,681.1
TRH,2/28/2013,101.0,100.0,100.0,100.0,-0.99,110.0,853.9,681.1
TRH,3/3/2013,100.0,100.0,100.0,100.0,0.0,310.0,853.9,681.1
TRH,3/4/2013,100.0,100.0,100.0,100.0,0.0,40.0,853.9,681.1
TRH,3/5/2013,100.0,101.0,101.0,101.0,1.0,270.0,853.9,681.1
TRH,3/7/2013,101.0,101.0,100.0,101.0,0.0,90.0,853.9,681.1
TRH,3/11/2013,101.0,101.0,101.0,101.0,0.0,500.0,853.9,681.1
TRH,3/13/2013,101.0,102.0,101.0,102.0,0.99,190.0,853.9,681.1
TRH,3/17/2013,102.0,100.0,100.0,100.0,-1.96,30.0,853.9,681.1
TRH,3/18/2013,100.0,100.0,100.0,100.0,0.0,40.0,853.9,681.1
TRH,3/19/2013,100.0,100.0,100.0,100.0,0.0,10.0,853.9,681.1
TRH,3/20/2013,100.0,101.0,101.0,101.0,1.0,10.0,853.9,681.1
TRH,3/21/2013,101.0,101.0,101.0,101.0,0.0,70.0,853.9,681.1
TRH,3/27/2013,101.0,101.0,99.0,99.0,-1.98,40.0,853.9,681.1
TRH,3/28/2013,99.0,98.0,98.0,98.0,-1.01,30.0,853.9,681.1
TRH,3/31/2013,98.0,97.0,97.0,97.0,-1.02,70.0,853.9,681.1
TRH,4/1/2013,97.0,101.0,98.0,101.0,4.12,1010.0,853.9,681.1
TRH,4/3/2013,101.0,101.0,101.0,101.0,0.0,260.0,853.9,681.1
TRH,4/4/2013,101.0,101.0,100.0,100.0,-0.99,910.0,853.9,681.1
TRH,4/7/2013,100.0,101.0,100.0,101.0,1.0,1580.0,853.9,681.1
TRH,4/9/2013,101.0,102.0,102.0,102.0,0.99,10.0,853.9,681.1
TRH,4/11/2013,102.0,103.0,102.0,103.0,0.98,40.0,853.9,681.1
TRH,4/17/2013,103.0,105.0,105.0,105.0,1.94,600.0,853.9,681.1
TRH,4/18/2013,105.0,103.0,103.0,103.0,-1.9,1410.0,853.9,681.1
TRH,4/22/2013,103.0,104.0,102.0,104.0,0.97,150.0,853.9,681.1
TRH,4/23/2013,104.0,107.0,106.0,106.0,1.92,270.0,853.9,681.1
TRH,4/25/2013,106.0,108.0,108.0,108.0,1.89,20.0,853.9,681.1
TRH,4/30/2013,108.0,110.0,110.0,110.0,1.85,1450.0,853.9,681.1
TRH,5/2/2013,110.0,110.0,108.0,110.0,0.0,80.0,853.9,681.1
TRH,5/9/2013,110.0,115.0,113.0,115.0,4.55,580.0,853.9,681.1
TRH,5/13/2013,115.0,115.0,115.0,115.0,0.0,390.0,853.9,681.1
TRH,5/22/2013,115.0,117.0,117.0,117.0,1.74,20.0,853.9,681.1
TRH,5/26/2013,117.0,119.0,115.0,119.0,1.71,770.0,853.9,681.1
TRH,5/27/2013,119.0,117.0,117.0,117.0,-1.68,40.0,853.9,681.1
TRH,5/28/2013,117.0,122.0,118.0,120.0,2.56,100.0,853.9,681.1
TRH,5/30/2013,120.0,120.0,118.0,118.0,-1.67,310.0,853.9,681.1
TRH,6/2/2013,118.0,118.0,116.0,117.0,-0.85,720.0,853.9,681.1
TRH,6/3/2013,117.0,123.0,119.0,123.0,5.13,100.0,853.9,681.1
TRH,6/4/2013,123.0,123.0,121.0,123.0,0.0,490.0,853.9,681.1
TRH,6/5/2013,123.0,127.0,125.0,127.0,3.25,1320.0,853.9,681.1
TRH,6/6/2013,127.0,127.0,125.0,127.0,0.0,280.0,853.9,681.1
TRH,6/9/2013,127.0,125.0,123.0,124.0,-2.36,990.0,853.9,681.1
TRH,6/10/2013,124.0,125.0,123.0,123.0,-0.81,220.0,853.9,681.1
TRH,6/11/2013,123.0,125.0,121.0,125.0,1.63,350.0,853.9,681.1
TRH,6/12/2013,125.0,127.0,125.0,125.0,0.0,30.0,853.9,681.1
TRH,6/13/2013,125.0,126.0,125.0,126.0,0.8,40.0,853.9,681.1
TRH,6/16/2013,126.0,126.0,123.0,123.0,-2.38,90.0,853.9,681.1
TRH,6/18/2013,123.0,122.0,122.0,122.0,-0.81,680.0,853.9,681.1
TRH,6/19/2013,122.0,124.0,122.0,124.0,1.64,40.0,853.9,681.1
TRH,6/20/2013,124.0,122.0,122.0,122.0,-1.61,330.0,853.9,681.1
TRH,6/25/2013,122.0,122.0,120.0,121.0,-0.82,250.0,853.9,681.1
TRH,6/26/2013,121.0,119.0,119.0,119.0,-1.65,20.0,853.9,681.1
TRH,7/1/2013,119.0,117.0,115.0,115.0,-3.36,50.0,853.9,681.1
TRH,7/4/2013,115.0,113.0,113.0,113.0,-1.74,250.0,853.9,681.1
TRH,7/7/2013,113.0,113.0,102.0,102.0,-9.73,1050.0,853.9,681.1
TRH,7/8/2013,102.0,100.0,100.0,100.0,-1.96,80.0,853.9,681.1
TRH,7/10/2013,100.0,100.0,100.0,100.0,0.0,10.0,853.9,681.1
TRH,7/16/2013,100.0,100.0,99.0,99.0,-1.0,390.0,853.9,681.1
TRH,8/13/2013,99.0,98.0,98.0,98.0,-1.01,10.0,853.9,681.1
TRH,8/14/2013,98.0,98.0,98.0,98.0,0.0,70.0,853.9,681.1
TRH,8/25/2013,98.0,99.0,98.0,98.0,0.0,60.0,853.9,681.1
TRH,8/26/2013,98.0,98.0,98.0,98.0,0.0,10.0,853.9,681.1
TRH,8/29/2013,98.0,99.0,99.0,99.0,1.02,50.0,853.9,681.1
TRH,9/1/2013,99.0,104.0,100.0,102.0,3.03,140.0,853.9,681.1
TRH,9/2/2013,102.0,102.0,100.0,100.0,-1.96,160.0,853.9,681.1
TRH,9/3/2013,100.0,101.0,100.0,101.0,1.0,130.0,853.9,681.1
TRH,9/5/2013,101.0,101.0,101.0,101.0,0.0,20.0,853.9,681.1
TRH,9/9/2013,101.0,103.0,101.0,103.0,1.98,80.0,853.9,681.1
TRH,9/16/2013,103.0,103.0,103.0,103.0,0.0,40.0,853.9,681.1
TRH,9/17/2013,103.0,103.0,103.0,103.0,0.0,150.0,853.9,681.1
TRH,9/19/2013,103.0,111.0,105.0,111.0,7.77,170.0,853.9,681.1
TRH,9/24/2013,111.0,110.0,110.0,110.0,-0.9,20.0,853.9,681.1
TRH,9/29/2013,110.0,108.0,106.0,106.0,-3.64,180.0,853.9,681.1
TRH,9/30/2013,106.0,104.0,104.0,104.0,-1.89,40.0,853.9,681.1
TRH,10/1/2013,104.0,108.0,106.0,108.0,3.85,110.0,853.9,681.1
TRH,10/2/2013,108.0,110.0,110.0,110.0,1.85,10.0,853.9,681.1
TRH,10/3/2013,110.0,113.0,111.0,113.0,2.73,460.0,853.9,681.1
TRH,10/7/2013,113.0,113.0,113.0,113.0,0.0,20.0,853.9,681.1
TRH,10/8/2013,113.0,111.0,111.0,111.0,-1.77,100.0,853.9,681.1
TRH,10/28/2013,111.0,110.0,110.0,110.0,-0.9,80.0,853.9,681.1
TRH,10/29/2013,110.0,111.0,110.0,110.0,0.0,570.0,853.9,681.1
TRH,10/30/2013,110.0,112.0,112.0,112.0,1.82,210.0,853.9,681.1
TRH,10/31/2013,112.0,112.0,110.0,111.0,-0.89,2030.0,853.9,681.1
TRH,11/11/2013,111.0,113.0,113.0,113.0,1.8,80.0,853.9,681.1
TRH,11/13/2013,113.0,113.0,113.0,113.0,0.0,100.0,853.9,681.1
TRH,11/25/2013,113.0,113.0,113.0,113.0,0.0,80.0,853.9,681.1
TRH,12/2/2013,113.0,117.0,115.0,117.0,3.54,430.0,853.9,681.1
TRH,12/3/2013,117.0,119.0,117.0,119.0,1.71,30.0,853.9,681.1
TRH,12/5/2013,119.0,119.0,117.0,117.0,-1.68,80.0,853.9,681.1
TRH,12/8/2013,117.0,115.0,115.0,115.0,-1.71,60.0,853.9,681.1
TRH,12/9/2013,115.0,113.0,113.0,113.0,-1.74,20.0,853.9,681.1
TRH,12/10/2013,113.0,120.0,115.0,120.0,6.19,550.0,853.9,681.1
TRH,12/11/2013,120.0,130.0,122.0,130.0,8.33,460.0,853.9,681.1
TRH,12/12/2013,130.0,128.0,128.0,128.0,-1.54,80.0,853.9,681.1
TRH,12/15/2013,128.0,130.0,130.0,130.0,1.56,30.0,853.9,681.1
TRH,12/22/2013,130.0,132.0,130.0,132.0,1.54,40.0,853.9,681.1
TRH,12/23/2013,132.0,134.0,134.0,134.0,1.52,130.0,853.9,681.1
TRH,12/26/2013,134.0,132.0,132.0,132.0,-1.49,60.0,853.9,681.1
TRH,12/29/2013,132.0,134.0,130.0,132.0,0.0,240.0,853.9,681.1
TRH,12/31/2013,132.0,136.0,132.0,135.0,2.27,230.0,853.9,681.1
TRH,1/1/2014,135.0,137.0,137.0,137.0,1.48,10.0,853.9,681.1
TRH,1/2/2014,137.0,145.0,139.0,145.0,5.84,380.0,853.9,681.1
TRH,1/5/2014,145.0,159.0,147.0,159.0,9.66,820.0,853.9,681.1
TRH,1/6/2014,159.0,174.0,162.0,174.0,9.43,400.0,853.9,681.1
TRH,1/7/2014,174.0,191.0,177.0,191.0,9.77,300.0,853.9,681.1
TRH,1/8/2014,191.0,210.0,194.0,210.0,9.95,560.0,853.9,681.1
TRH,1/9/2014,210.0,219.0,210.0,219.0,4.29,3500.0,853.9,681.1
TRH,1/12/2014,219.0,215.0,212.0,212.0,-3.2,150.0,853.9,681.1
TRH,1/13/2014,212.0,218.0,210.0,210.0,-0.94,900.0,853.9,681.1
TRH,1/14/2014,210.0,210.0,210.0,210.0,0.0,140.0,853.9,681.1
TRH,1/16/2014,210.0,206.0,206.0,206.0,-1.9,60.0,853.9,681.1
TRH,1/19/2014,206.0,202.0,202.0,202.0,-1.94,200.0,853.9,681.1
TRH,1/20/2014,202.0,198.0,198.0,198.0,-1.98,370.0,853.9,681.1
TRH,1/26/2014,198.0,195.0,195.0,195.0,-1.52,580.0,853.9,681.1
TRH,1/27/2014,195.0,192.0,189.0,189.0,-3.08,600.0,853.9,681.1
TRH,1/28/2014,189.0,186.0,183.0,183.0,-3.17,130.0,853.9,681.1
TRH,1/29/2014,183.0,186.0,185.0,186.0,1.64,410.0,853.9,681.1
TRH,2/2/2014,186.0,186.0,182.0,182.0,-2.15,810.0,853.9,681.1
TRH,2/6/2014,182.0,180.0,178.0,179.0,-1.65,1830.0,853.9,681.1
TRH,2/9/2014,179.0,196.0,182.0,196.0,9.5,1750.0,853.9,681.1
TRH,2/10/2014,196.0,202.0,185.0,195.0,-0.51,52790.0,853.9,681.1
TRH,2/11/2014,195.0,204.0,195.0,200.0,2.56,25350.0,853.9,681.1
TRH,2/12/2014,200.0,220.0,196.0,220.0,10.0,53260.0,853.9,681.1
TRH,2/13/2014,220.0,242.0,224.0,242.0,10.0,900.0,853.9,681.1
TRH,2/16/2014,242.0,265.0,246.0,251.0,3.72,8370.0,853.9,681.1
TRH,2/17/2014,251.0,248.0,242.0,243.0,-3.19,3960.0,853.9,681.1
TRH,2/18/2014,243.0,262.0,240.0,262.0,7.82,1390.0,853.9,681.1
TRH,2/20/2014,262.0,260.0,255.0,255.0,-2.67,860.0,853.9,681.1
TRH,2/23/2014,255.0,260.0,250.0,260.0,1.96,6100.0,853.9,681.1
TRH,2/24/2014,260.0,265.0,245.0,245.0,-5.77,800.0,853.9,681.1
TRH,2/25/2014,245.0,246.0,245.0,246.0,0.41,490.0,853.9,681.1
TRH,2/26/2014,246.0,249.0,245.0,249.0,1.22,370.0,853.9,681.1
TRH,3/3/2014,249.0,245.0,241.0,245.0,-1.61,220.0,853.9,681.1
TRH,3/4/2014,245.0,241.0,241.0,241.0,-1.63,260.0,853.9,681.1
TRH,3/5/2014,241.0,239.0,235.0,239.0,-0.83,1500.0,853.9,681.1
TRH,3/6/2014,239.0,243.0,240.0,240.0,0.42,650.0,853.9,681.1
TRH,3/9/2014,240.0,239.0,239.0,239.0,-0.42,40.0,853.9,681.1
TRH,3/10/2014,239.0,239.0,235.0,239.0,0.0,150.0,853.9,681.1
TRH,3/11/2014,239.0,239.0,231.0,239.0,0.0,360.0,853.9,681.1
TRH,3/12/2014,239.0,240.0,236.0,236.0,-1.26,1440.0,853.9,681.1
TRH,3/13/2014,236.0,232.0,228.0,232.0,-1.69,1200.0,853.9,681.1
TRH,3/17/2014,232.0,228.0,220.0,224.0,-3.45,5130.0,853.9,681.1
TRH,3/18/2014,224.0,220.0,216.0,216.0,-3.57,290.0,853.9,681.1
TRH,3/19/2014,216.0,220.0,210.0,217.0,0.46,570.0,853.9,681.1
TRH,3/20/2014,217.0,223.0,215.0,223.0,2.76,1920.0,853.9,681.1
TRH,3/23/2014,223.0,225.0,201.0,203.0,-8.97,18390.0,853.9,681.1
TRH,3/24/2014,203.0,206.0,190.0,206.0,1.48,462790.0,853.9,681.1
TRH,3/25/2014,206.0,226.0,216.0,226.0,9.71,100.0,853.9,681.1
TRH,3/26/2014,226.0,248.0,237.0,246.0,8.85,48800.0,853.9,681.1
TRH,3/27/2014,246.0,270.0,250.0,270.0,9.76,2670.0,853.9,681.1
TRH,3/31/2014,270.0,295.0,270.0,285.0,5.56,18130.0,853.9,681.1
TRH,4/1/2014,285.0,289.0,275.0,280.0,-1.75,6430.0,853.9,681.1
TRH,4/2/2014,280.0,275.0,260.0,260.0,-7.14,4010.0,853.9,681.1
TRH,4/3/2014,260.0,270.0,255.0,262.0,0.77,2550.0,853.9,681.1
TRH,4/6/2014,262.0,257.0,252.0,252.0,-3.82,170.0,853.9,681.1
TRH,4/7/2014,252.0,252.0,236.0,236.0,-6.35,870.0,853.9,681.1
TRH,4/9/2014,236.0,249.0,232.0,249.0,5.51,1620.0,853.9,681.1
TRH,4/10/2014,249.0,253.0,250.0,250.0,0.4,60.0,853.9,681.1
TRH,4/13/2014,250.0,250.0,245.0,250.0,0.0,460.0,853.9,681.1
TRH,4/15/2014,250.0,265.0,250.0,265.0,6.0,23200.0,853.9,681.1
TRH,4/16/2014,265.0,270.0,261.0,262.0,-1.13,4150.0,853.9,681.1
TRH,4/17/2014,262.0,266.0,260.0,265.0,1.15,2740.0,853.9,681.1
TRH,4/20/2014,265.0,269.0,255.0,260.0,-1.89,3310.0,853.9,681.1
TRH,4/21/2014,260.0,255.0,255.0,255.0,-1.92,190.0,853.9,681.1
TRH,4/22/2014,255.0,257.0,252.0,257.0,0.78,80.0,853.9,681.1
TRH,4/23/2014,257.0,282.0,260.0,282.0,9.73,7510.0,853.9,681.1
TRH,4/27/2014,282.0,310.0,282.0,310.0,9.93,11140.0,853.9,681.1
TRH,4/28/2014,310.0,341.0,316.0,333.0,7.42,14770.0,853.9,681.1
TRH,4/29/2014,333.0,358.0,327.0,348.0,4.5,7740.0,853.9,681.1
TRH,4/30/2014,348.0,382.0,342.0,382.0,9.77,5480.0,853.9,681.1
TRH,5/4/2014,382.0,395.0,388.0,395.0,3.4,6370.0,853.9,681.1
TRH,5/5/2014,395.0,410.0,394.0,394.0,-0.25,2160.0,853.9,681.1
TRH,5/6/2014,394.0,387.0,366.0,366.0,-7.11,1050.0,853.9,681.1
TRH,5/8/2014,366.0,359.0,340.0,345.0,-5.74,660.0,853.9,681.1
TRH,5/11/2014,345.0,346.0,334.0,346.0,0.29,2010.0,853.9,681.1
TRH,5/12/2014,346.0,346.0,323.0,346.0,0.0,2530.0,853.9,681.1
TRH,5/13/2014,346.0,340.0,334.0,334.0,-3.47,1220.0,853.9,681.1
TRH,5/15/2014,334.0,328.0,317.0,327.0,-2.1,610.0,853.9,681.1
TRH,5/18/2014,327.0,321.0,310.0,315.0,-3.67,350.0,853.9,681.1
TRH,5/19/2014,315.0,309.0,297.0,297.0,-5.71,340.0,853.9,681.1
TRH,5/20/2014,297.0,325.0,286.0,306.0,3.03,8820.0,853.9,681.1
TRH,5/21/2014,306.0,312.0,298.0,300.0,-1.96,7980.0,853.9,681.1
TRH,5/22/2014,300.0,306.0,290.0,290.0,-3.33,10890.0,853.9,681.1
TRH,5/25/2014,290.0,295.0,280.0,295.0,1.72,56200.0,853.9,681.1
TRH,5/26/2014,295.0,318.0,280.0,310.0,5.08,25970.0,853.9,681.1
TRH,5/27/2014,310.0,315.0,303.0,303.0,-2.26,5800.0,853.9,681.1
TRH,5/28/2014,303.0,316.0,300.0,316.0,4.29,2760.0,853.9,681.1
TRH,6/1/2014,316.0,316.0,307.0,316.0,0.0,3600.0,853.9,681.1
TRH,6/2/2014,316.0,326.0,315.0,317.0,0.32,970.0,853.9,681.1
TRH,6/4/2014,317.0,311.0,300.0,300.0,-5.36,1690.0,853.9,681.1
TRH,6/5/2014,300.0,317.0,294.0,315.0,5.0,8090.0,853.9,681.1
TRH,6/8/2014,315.0,309.0,309.0,309.0,-1.9,200.0,853.9,681.1
TRH,6/9/2014,309.0,310.0,310.0,310.0,0.32,1250.0,853.9,681.1
TRH,6/10/2014,310.0,315.0,309.0,309.0,-0.32,3760.0,853.9,681.1
TRH,6/11/2014,309.0,308.0,300.0,300.0,-2.91,1750.0,853.9,681.1
TRH,6/12/2014,300.0,306.0,294.0,306.0,2.0,2180.0,853.9,681.1
TRH,6/15/2014,306.0,300.0,294.0,294.0,-3.92,90.0,853.9,681.1
TRH,6/16/2014,294.0,294.0,291.0,294.0,0.0,40.0,853.9,681.1
TRH,6/17/2014,294.0,301.0,290.0,297.0,1.02,2530.0,853.9,681.1
TRH,6/18/2014,297.0,303.0,295.0,303.0,2.02,1600.0,853.9,681.1
TRH,6/19/2014,303.0,300.0,297.0,300.0,-0.99,390.0,853.9,681.1
TRH,6/23/2014,300.0,300.0,295.0,295.0,-1.67,540.0,853.9,681.1
TRH,6/24/2014,295.0,306.0,286.0,306.0,3.73,1630.0,853.9,681.1
TRH,6/25/2014,306.0,336.0,300.0,336.0,9.8,3127045.0,853.9,681.1
TRH,6/26/2014,336.0,348.0,330.0,330.0,-1.79,12870.0,853.9,681.1
TRH,6/29/2014,330.0,336.0,335.0,336.0,1.82,100.0,853.9,681.1
TRH,6/30/2014,336.0,334.0,328.0,328.0,-2.38,310.0,853.9,681.1
TRH,7/1/2014,328.0,325.0,319.0,320.0,-2.44,1380.0,853.9,681.1
TRH,7/2/2014,320.0,328.0,326.0,328.0,2.5,120.0,853.9,681.1
TRH,7/3/2014,328.0,322.0,306.0,312.0,-4.88,770.0,853.9,681.1
TRH,7/6/2014,312.0,310.0,306.0,310.0,-0.64,1080.0,853.9,681.1
TRH,7/7/2014,310.0,310.0,301.0,310.0,0.0,863135.0,853.9,681.1
TRH,7/8/2014,310.0,316.0,306.0,312.0,0.65,3670.0,853.9,681.1
TRH,7/9/2014,312.0,315.0,309.0,309.0,-0.96,3540.0,853.9,681.1
TRH,7/10/2014,309.0,318.0,310.0,315.0,1.94,1700.0,853.9,681.1
TRH,7/13/2014,315.0,315.0,310.0,310.0,-1.59,4670.0,853.9,681.1
TRH,7/14/2014,310.0,312.0,305.0,310.0,0.0,1580.0,853.9,681.1
TRH,7/15/2014,310.0,310.0,304.0,307.0,-0.97,1180.0,853.9,681.1
TRH,7/16/2014,307.0,313.0,302.0,309.0,0.65,2100.0,853.9,681.1
TRH,7/17/2014,309.0,321.0,310.0,318.0,2.91,4780.0,853.9,681.1
TRH,7/20/2014,318.0,330.0,318.0,324.0,1.89,3460.0,853.9,681.1
TRH,7/21/2014,324.0,325.0,319.0,320.0,-1.23,1150.0,853.9,681.1
TRH,7/22/2014,320.0,326.0,314.0,324.0,1.25,2698.0,853.9,681.1
TRH,7/23/2014,324.0,319.0,318.0,319.0,-1.54,180.0,853.9,681.1
TRH,7/24/2014,319.0,321.0,310.0,320.0,0.31,2550.0,853.9,681.1
TRH,7/27/2014,320.0,315.0,310.0,310.0,-3.12,2530.0,853.9,681.1
TRH,7/30/2014,310.0,307.0,298.0,307.0,-0.97,458.0,853.9,681.1
TRH,8/3/2014,307.0,305.0,305.0,305.0,-0.65,160.0,853.9,681.1
TRH,8/4/2014,305.0,306.0,300.0,302.0,-0.98,1820.0,853.9,681.1
TRH,8/5/2014,302.0,300.0,295.0,300.0,-0.66,150.0,853.9,681.1
TRH,8/6/2014,300.0,301.0,296.0,301.0,0.33,1050.0,853.9,681.1
TRH,8/7/2014,301.0,300.0,295.0,300.0,-0.33,150.0,853.9,681.1
TRH,8/12/2014,300.0,294.0,289.0,290.0,-3.33,240.0,853.9,681.1
TRH,8/13/2014,290.0,290.0,285.0,290.0,0.0,1210.0,853.9,681.1
TRH,8/14/2014,290.0,295.0,285.0,295.0,1.72,1340.0,853.9,681.1
TRH,8/18/2014,295.0,296.0,290.0,291.0,-1.36,440.0,853.9,681.1
TRH,8/19/2014,291.0,295.0,287.0,291.0,0.0,950.0,853.9,681.1
TRH,8/20/2014,291.0,291.0,281.0,288.0,-1.03,1210.0,853.9,681.1
TRH,8/21/2014,288.0,283.0,278.0,283.0,-1.74,1860.0,853.9,681.1
TRH,8/24/2014,283.0,282.0,273.0,282.0,-0.35,2380.0,853.9,681.1
TRH,8/25/2014,282.0,277.0,277.0,277.0,-1.77,200.0,853.9,681.1
TRH,8/26/2014,277.0,282.0,272.0,272.0,-1.81,810.0,853.9,681.1
TRH,8/27/2014,272.0,275.0,267.0,275.0,1.1,740.0,853.9,681.1
TRH,8/28/2014,275.0,280.0,270.0,280.0,1.82,130.0,853.9,681.1
TRH,8/31/2014,280.0,275.0,270.0,270.0,-3.57,1010.0,853.9,681.1
TRH,9/1/2014,270.0,265.0,255.0,261.0,-3.33,2260.0,853.9,681.1
TRH,9/3/2014,261.0,257.0,252.0,252.0,-3.45,530.0,853.9,681.1
TRH,9/7/2014,252.0,249.0,241.0,241.0,-4.37,100.0,853.9,681.1
TRH,9/9/2014,241.0,237.0,233.0,233.0,-3.32,470.0,853.9,681.1
TRH,9/10/2014,233.0,235.0,226.0,235.0,0.86,8900.0,853.9,681.1
TRH,9/11/2014,235.0,244.0,235.0,240.0,2.13,8150.0,853.9,681.1
TRH,9/14/2014,240.0,240.0,240.0,240.0,0.0,430.0,853.9,681.1
TRH,9/15/2014,240.0,240.0,236.0,236.0,-1.67,180.0,853.9,681.1
TRH,9/16/2014,236.0,235.0,231.0,235.0,-0.42,1650.0,853.9,681.1
TRH,9/17/2014,235.0,243.0,235.0,243.0,3.4,160.0,853.9,681.1
TRH,9/18/2014,243.0,240.0,239.0,239.0,-1.65,1500.0,853.9,681.1
TRH,9/21/2014,239.0,243.0,243.0,243.0,1.67,520.0,853.9,681.1
TRH,9/23/2014,243.0,240.0,239.0,240.0,-1.23,100.0,853.9,681.1
TRH,9/24/2014,240.0,252.0,237.0,252.0,5.0,1060.0,853.9,681.1
TRH,9/28/2014,252.0,264.0,257.0,264.0,4.76,2550.0,853.9,681.1
TRH,9/29/2014,264.0,269.0,269.0,269.0,1.89,10.0,853.9,681.1
TRH,9/30/2014,269.0,295.0,274.0,295.0,9.67,5770.0,853.9,681.1
TRH,10/8/2014,295.0,295.0,281.0,281.0,-4.75,1960.0,853.9,681.1
TRH,10/9/2014,281.0,286.0,276.0,281.0,0.0,3770.0,853.9,681.1
TRH,10/12/2014,281.0,285.0,275.0,276.0,-1.78,5250.0,853.9,681.1
TRH,10/13/2014,276.0,275.0,273.0,275.0,-0.36,1220.0,853.9,681.1
TRH,10/14/2014,275.0,271.0,271.0,271.0,-1.45,20.0,853.9,681.1
TRH,10/15/2014,271.0,266.0,265.0,265.0,-2.21,5050.0,853.9,681.1
TRH,10/16/2014,265.0,274.0,265.0,271.0,2.26,2650.0,853.9,681.1
TRH,10/19/2014,271.0,280.0,271.0,280.0,3.32,80.0,853.9,681.1
TRH,10/20/2014,280.0,285.0,276.0,281.0,0.36,4510.0,853.9,681.1
TRH,10/21/2014,281.0,299.0,285.0,299.0,6.41,3590.0,853.9,681.1
TRH,10/22/2014,299.0,322.0,294.0,309.0,3.34,26200.0,853.9,681.1
TRH,10/26/2014,309.0,303.0,303.0,303.0,-1.94,40.0,853.9,681.1
TRH,10/27/2014,303.0,308.0,308.0,308.0,1.65,10.0,853.9,681.1
TRH,10/28/2014,308.0,306.0,302.0,302.0,-1.95,4320.0,853.9,681.1
TRH,10/30/2014,302.0,308.0,300.0,300.0,-0.66,3000.0,853.9,681.1
TRH,11/2/2014,300.0,300.0,300.0,300.0,0.0,2240.0,853.9,681.1
TRH,11/3/2014,300.0,300.0,291.0,300.0,0.0,1430.0,853.9,681.1
TRH,11/4/2014,300.0,294.0,286.0,291.0,-3.0,1320.0,853.9,681.1
TRH,11/5/2014,291.0,295.0,295.0,295.0,1.37,660.0,853.9,681.1
TRH,11/6/2014,295.0,300.0,291.0,291.0,-1.36,2170.0,853.9,681.1
TRH,11/9/2014,291.0,295.0,286.0,286.0,-1.72,1180.0,853.9,681.1
TRH,11/10/2014,286.0,291.0,287.0,287.0,0.35,3890.0,853.9,681.1
TRH,11/11/2014,287.0,284.0,284.0,284.0,-1.05,90.0,853.9,681.1
TRH,11/12/2014,284.0,300.0,285.0,300.0,5.63,700.0,853.9,681.1
TRH,11/13/2014,300.0,306.0,300.0,300.0,0.0,30.0,853.9,681.1
TRH,11/16/2014,300.0,294.0,290.0,290.0,-3.33,130.0,853.9,681.1
TRH,11/17/2014,290.0,285.0,280.0,280.0,-3.45,110.0,853.9,681.1
TRH,11/18/2014,280.0,285.0,275.0,280.0,0.0,1940.0,853.9,681.1
TRH,11/19/2014,280.0,285.0,280.0,280.0,0.0,1550.0,853.9,681.1
TRH,11/20/2014,280.0,284.0,280.0,281.0,0.36,2070.0,853.9,681.1
TRH,11/23/2014,281.0,280.0,275.0,275.0,-2.14,1520.0,853.9,681.1
TRH,11/24/2014,275.0,280.0,275.0,275.0,0.0,350.0,853.9,681.1
TRH,11/25/2014,275.0,283.0,280.0,283.0,2.91,100.0,853.9,681.1
TRH,11/30/2014,283.0,280.0,278.0,280.0,-1.06,110.0,853.9,681.1
TRH,12/3/2014,280.0,275.0,260.0,260.0,-7.14,1290.0,853.9,681.1
TRH,12/4/2014,260.0,265.0,260.0,260.0,0.0,760.0,853.9,681.1
TRH,12/7/2014,260.0,265.0,257.0,257.0,-1.15,1060.0,853.9,681.1
TRH,12/8/2014,257.0,265.0,260.0,265.0,3.11,550.0,853.9,681.1
TRH,12/10/2014,265.0,269.0,265.0,269.0,1.51,30.0,853.9,681.1
TRH,12/11/2014,269.0,265.0,265.0,265.0,-1.49,2000.0,853.9,681.1
TRH,12/15/2014,265.0,274.0,265.0,274.0,3.4,260.0,853.9,681.1
TRH,12/16/2014,274.0,270.0,266.0,266.0,-2.92,90.0,853.9,681.1
TRH,12/18/2014,266.0,276.0,271.0,276.0,3.76,110.0,853.9,681.1
TRH,12/21/2014,276.0,280.0,275.0,280.0,1.45,220.0,853.9,681.1
TRH,12/23/2014,280.0,275.0,270.0,270.0,-3.57,170.0,853.9,681.1
TRH,12/29/2014,270.0,265.0,260.0,260.0,-3.7,100.0,853.9,681.1
TRH,12/31/2014,260.0,262.0,256.0,262.0,0.77,1450.0,853.9,681.1
TRH,1/1/2015,262.0,265.0,261.0,263.0,0.38,480.0,853.9,681.1
TRH,1/4/2015,263.0,265.0,260.0,260.0,-1.14,90.0,853.9,681.1
TRH,1/5/2015,260.0,258.0,257.0,258.0,-0.77,310.0,853.9,681.1
TRH,1/6/2015,258.0,258.0,253.0,258.0,0.0,230.0,853.9,681.1
TRH,1/7/2015,258.0,269.0,258.0,269.0,4.26,6630.0,853.9,681.1
TRH,1/8/2015,269.0,279.0,274.0,274.0,1.86,2260.0,853.9,681.1
TRH,1/11/2015,274.0,290.0,279.0,290.0,5.84,2570.0,853.9,681.1
TRH,1/12/2015,290.0,285.0,285.0,285.0,-1.72,40.0,853.9,681.1
TRH,1/13/2015,285.0,290.0,280.0,290.0,1.75,1270.0,853.9,681.1
TRH,1/14/2015,290.0,288.0,280.0,288.0,-0.69,2150.0,853.9,681.1
TRH,1/18/2015,288.0,285.0,279.0,279.0,-3.12,1690.0,853.9,681.1
TRH,1/19/2015,279.0,284.0,284.0,284.0,1.79,560.0,853.9,681.1
TRH,1/20/2015,284.0,294.0,285.0,285.0,0.35,1260.0,853.9,681.1
TRH,1/22/2015,285.0,285.0,282.0,285.0,0.0,2110.0,853.9,681.1
TRH,1/25/2015,285.0,290.0,280.0,285.0,0.0,1460.0,853.9,681.1
TRH,1/26/2015,285.0,281.0,280.0,281.0,-1.4,710.0,853.9,681.1
TRH,1/27/2015,281.0,288.0,278.0,288.0,2.49,410.0,853.9,681.1
TRH,1/28/2015,288.0,295.0,290.0,295.0,2.43,280.0,853.9,681.1
TRH,1/29/2015,295.0,290.0,285.0,285.0,-3.39,1150.0,853.9,681.1
TRH,2/1/2015,285.0,290.0,285.0,290.0,1.75,2330.0,853.9,681.1
TRH,2/2/2015,290.0,285.0,273.0,274.0,-5.52,32090.0,853.9,681.1
TRH,2/3/2015,274.0,278.0,273.0,278.0,1.46,24540.0,853.9,681.1
TRH,2/4/2015,278.0,285.0,278.0,282.0,1.44,3420.0,853.9,681.1
TRH,2/8/2015,282.0,282.0,277.0,281.0,-0.35,1610.0,853.9,681.1
TRH,2/9/2015,281.0,280.0,273.0,273.0,-2.85,13090.0,853.9,681.1
TRH,2/10/2015,273.0,271.0,271.0,271.0,-0.73,10.0,853.9,681.1
TRH,2/11/2015,271.0,276.0,271.0,276.0,1.85,1560.0,853.9,681.1
TRH,2/12/2015,276.0,283.0,273.0,281.0,1.81,33030.0,853.9,681.1
TRH,2/15/2015,281.0,276.0,276.0,276.0,-1.78,40.0,853.9,681.1
TRH,2/16/2015,276.0,279.0,273.0,279.0,1.09,23710.0,853.9,681.1
TRH,2/18/2015,279.0,274.0,274.0,274.0,-1.79,90.0,853.9,681.1
TRH,2/22/2015,274.0,277.0,277.0,277.0,1.09,450.0,853.9,681.1
TRH,2/23/2015,277.0,272.0,272.0,272.0,-1.81,600.0,853.9,681.1
TRH,2/24/2015,272.0,272.0,267.0,272.0,0.0,20.0,853.9,681.1
TRH,2/25/2015,272.0,267.0,267.0,267.0,-1.84,70.0,853.9,681.1
TRH,3/1/2015,267.0,275.0,263.0,275.0,3.0,520.0,853.9,681.1
TRH,3/2/2015,275.0,275.0,275.0,275.0,0.0,2080.0,853.9,681.1
TRH,3/3/2015,275.0,278.0,275.0,278.0,1.09,15030.0,853.9,681.1
TRH,3/4/2015,278.0,283.0,275.0,275.0,-1.08,440.0,853.9,681.1
TRH,3/9/2015,275.0,275.0,275.0,275.0,0.0,520.0,853.9,681.1
TRH,3/10/2015,275.0,272.0,272.0,272.0,-1.09,120.0,853.9,681.1
TRH,3/11/2015,272.0,275.0,272.0,275.0,1.1,1040.0,853.9,681.1
TRH,3/12/2015,275.0,272.0,270.0,271.0,-1.45,10550.0,853.9,681.1
TRH,3/15/2015,271.0,273.0,272.0,273.0,0.74,1070.0,853.9,681.1
TRH,3/16/2015,273.0,273.0,271.0,273.0,0.0,4160.0,853.9,681.1
TRH,3/17/2015,273.0,275.0,267.0,268.0,-1.83,2090.0,853.9,681.1
TRH,3/18/2015,268.0,272.0,268.0,270.0,0.75,9310.0,853.9,681.1
TRH,3/19/2015,270.0,275.0,270.0,270.0,0.0,8540.0,853.9,681.1
TRH,3/22/2015,270.0,270.0,265.0,270.0,0.0,2510.0,853.9,681.1
TRH,3/24/2015,270.0,270.0,266.0,266.0,-1.48,440.0,853.9,681.1
TRH,3/25/2015,266.0,266.0,266.0,266.0,0.0,50.0,853.9,681.1
TRH,3/26/2015,266.0,267.0,266.0,266.0,0.0,1540.0,853.9,681.1
TRH,3/29/2015,266.0,261.0,261.0,261.0,-1.88,20.0,853.9,681.1
TRH,3/30/2015,261.0,265.0,265.0,265.0,1.53,10.0,853.9,681.1
TRH,3/31/2015,265.0,270.0,270.0,270.0,1.89,30.0,853.9,681.1
TRH,4/1/2015,270.0,270.0,265.0,265.0,-1.85,2040.0,853.9,681.1
TRH,4/2/2015,265.0,267.0,260.0,267.0,0.75,1870.0,853.9,681.1
TRH,4/5/2015,267.0,262.0,260.0,261.0,-2.25,590.0,853.9,681.1
TRH,4/6/2015,261.0,261.0,260.0,261.0,0.0,260.0,853.9,681.1
TRH,4/7/2015,261.0,266.0,264.0,264.0,1.15,1020.0,853.9,681.1
TRH,4/9/2015,264.0,265.0,259.0,265.0,0.38,1910.0,853.9,681.1
TRH,4/12/2015,265.0,262.0,261.0,262.0,-1.13,120.0,853.9,681.1
TRH,4/13/2015,262.0,267.0,267.0,267.0,1.91,40.0,853.9,681.1
TRH,4/15/2015,267.0,268.0,263.0,266.0,-0.37,1960.0,853.9,681.1
TRH,4/16/2015,266.0,270.0,261.0,266.0,0.0,4740.0,853.9,681.1
TRH,4/23/2015,266.0,271.0,271.0,271.0,1.88,20.0,853.9,681.1
TRH,6/3/2015,271.0,266.0,266.0,266.0,-1.85,100.0,853.9,681.1
TRH,6/9/2015,266.0,271.0,271.0,271.0,1.88,20.0,853.9,681.1
TRH,7/5/2015,271.0,271.0,266.0,266.0,-1.85,210.0,853.9,681.1
TRH,7/7/2015,266.0,261.0,253.0,253.0,-4.89,2510.0,853.9,681.1
TRH,7/8/2015,253.0,248.0,248.0,248.0,-1.98,1000.0,853.9,681.1
TRH,7/9/2015,248.0,250.0,250.0,250.0,0.81,1460.0,853.9,681.1
TRH,7/12/2015,250.0,245.0,245.0,245.0,-2.0,500.0,853.9,681.1
TRH,7/14/2015,245.0,241.0,240.0,240.0,-2.04,2000.0,853.9,681.1
TRH,7/16/2015,240.0,252.0,244.0,252.0,5.0,50.0,853.9,681.1
TRH,7/22/2015,252.0,252.0,252.0,252.0,0.0,40.0,853.9,681.1
TRH,7/23/2015,252.0,257.0,257.0,257.0,1.98,80.0,853.9,681.1
TRH,7/29/2015,257.0,255.0,255.0,255.0,-0.78,450.0,853.9,681.1
TRH,8/3/2015,255.0,254.0,254.0,254.0,-0.39,7320.0,853.9,681.1
TRH,8/4/2015,254.0,254.0,250.0,250.0,-1.57,1540.0,853.9,681.1
TRH,8/6/2015,250.0,245.0,245.0,245.0,-2.0,20.0,853.9,681.1
TRH,8/9/2015,245.0,243.0,241.0,241.0,-1.63,11470.0,853.9,681.1
TRH,8/20/2015,241.0,242.0,238.0,238.0,-1.24,1040.0,853.9,681.1
TRH,8/23/2015,238.0,240.0,240.0,240.0,0.84,40.0,853.9,681.1
TRH,8/24/2015,240.0,241.0,241.0,241.0,0.42,3070.0,853.9,681.1
TRH,8/26/2015,241.0,242.0,237.0,242.0,0.41,1340.0,853.9,681.1
TRH,8/31/2015,242.0,260.0,246.0,255.0,5.37,2110.0,853.9,681.1
TRH,9/1/2015,255.0,260.0,259.0,260.0,1.96,1910.0,853.9,681.1
TRH,9/6/2015,260.0,275.0,265.0,270.0,3.85,4700.0,853.9,681.1
TRH,9/7/2015,270.0,270.0,260.0,260.0,-3.7,13010.0,853.9,681.1
TRH,9/8/2015,260.0,265.0,252.0,252.0,-3.08,3900.0,853.9,681.1
TRH,9/13/2015,252.0,257.0,257.0,257.0,1.98,200.0,853.9,681.1
TRH,9/14/2015,257.0,252.0,247.0,247.0,-3.89,1700.0,853.9,681.1
TRH,9/15/2015,247.0,244.0,243.0,243.0,-1.62,900.0,853.9,681.1
TRH,9/16/2015,243.0,243.0,239.0,243.0,0.0,3730.0,853.9,681.1
TRH,9/17/2015,243.0,248.0,240.0,248.0,2.06,17180.0,853.9,681.1
TRH,9/23/2015,248.0,248.0,244.0,248.0,0.0,130.0,853.9,681.1
TRH,9/24/2015,248.0,244.0,241.0,241.0,-2.82,50.0,853.9,681.1
TRH,9/28/2015,241.0,237.0,236.0,236.0,-2.07,1500.0,853.9,681.1
TRH,9/29/2015,236.0,240.0,238.0,238.0,0.85,30.0,853.9,681.1
TRH,9/30/2015,238.0,242.0,240.0,242.0,1.68,410.0,853.9,681.1
TRH,10/6/2015,242.0,242.0,238.0,238.0,-1.65,50.0,853.9,681.1
TRH,10/8/2015,238.0,234.0,231.0,231.0,-2.94,320.0,853.9,681.1
TRH,10/11/2015,231.0,235.0,235.0,235.0,1.73,20.0,853.9,681.1
TRH,12/21/2015,235.0,231.0,231.0,231.0,-1.7,2080.0,853.9,681.1
TRH,12/23/2015,231.0,231.0,231.0,231.0,0.0,1000.0,853.9,681.1
TRH,12/24/2015,231.0,227.0,208.0,208.0,-9.96,7150.0,853.9,681.1
TRH,12/27/2015,208.0,204.0,200.0,200.0,-3.85,1520.0,853.9,681.1
TRH,12/28/2015,200.0,200.0,200.0,200.0,0.0,1200.0,853.9,681.1
TRH,12/29/2015,200.0,205.0,201.0,205.0,2.5,2940.0,853.9,681.1
TRH,12/31/2015,205.0,209.0,209.0,209.0,1.95,10.0,853.9,681.1
TRH,1/3/2016,209.0,217.0,213.0,217.0,3.83,30.0,853.9,681.1
TRH,1/4/2016,217.0,221.0,213.0,216.0,-0.46,1550.0,853.9,681.1
TRH,1/6/2016,216.0,220.0,220.0,220.0,1.85,10.0,853.9,681.1
TRH,1/7/2016,220.0,224.0,216.0,216.0,-1.82,360.0,853.9,681.1
TRH,1/10/2016,216.0,221.0,220.0,220.0,1.85,2600.0,853.9,681.1
TRH,1/11/2016,220.0,216.0,216.0,216.0,-1.82,10.0,853.9,681.1
TRH,1/12/2016,216.0,212.0,212.0,212.0,-1.85,40.0,853.9,681.1
TRH,1/19/2016,212.0,220.0,213.0,218.0,2.83,1490.0,853.9,681.1
TRH,1/20/2016,218.0,230.0,222.0,230.0,5.5,2070.0,853.9,681.1
TRH,1/21/2016,230.0,227.0,226.0,226.0,-1.74,390.0,853.9,681.1
TRH,1/24/2016,226.0,222.0,220.0,220.0,-2.65,40.0,853.9,681.1
TRH,1/25/2016,220.0,218.0,218.0,218.0,-0.91,40.0,853.9,681.1
TRH,1/26/2016,218.0,218.0,214.0,214.0,-1.83,1310.0,853.9,681.1
TRH,1/27/2016,214.0,215.0,215.0,215.0,0.47,150.0,853.9,681.1
TRH,1/28/2016,215.0,219.0,216.0,216.0,0.47,1200.0,853.9,681.1
TRH,1/31/2016,216.0,220.0,216.0,220.0,1.85,1400.0,853.9,681.1
TRH,2/1/2016,220.0,225.0,223.0,223.0,1.36,2280.0,853.9,681.1
TRH,2/2/2016,223.0,235.0,222.0,222.0,-0.45,4620.0,853.9,681.1
TRH,2/3/2016,222.0,222.0,220.0,220.0,-0.9,1010.0,853.9,681.1
TRH,2/4/2016,220.0,224.0,224.0,224.0,1.82,300.0,853.9,681.1
TRH,2/7/2016,224.0,224.0,223.0,223.0,-0.45,1100.0,853.9,681.1
TRH,2/11/2016,223.0,223.0,223.0,223.0,0.0,30.0,853.9,681.1
TRH,2/14/2016,223.0,220.0,220.0,220.0,-1.35,100.0,853.9,681.1
TRH,2/15/2016,220.0,220.0,219.0,220.0,0.0,90.0,853.9,681.1
TRH,2/16/2016,220.0,220.0,216.0,217.0,-1.36,160.0,853.9,681.1
TRH,2/18/2016,217.0,222.0,218.0,222.0,2.3,250.0,853.9,681.1
TRH,2/21/2016,222.0,221.0,216.0,220.0,-0.9,2900.0,853.9,681.1
TRH,2/22/2016,220.0,220.0,216.0,216.0,-1.82,4650.0,853.9,681.1
TRH,2/23/2016,216.0,216.0,213.0,215.0,-0.46,2480.0,853.9,681.1
TRH,2/24/2016,215.0,212.0,212.0,212.0,-1.4,20.0,853.9,681.1
TRH,2/25/2016,212.0,212.0,208.0,212.0,0.0,1750.0,853.9,681.1
TRH,2/28/2016,212.0,214.0,210.0,210.0,-0.94,540.0,853.9,681.1
TRH,2/29/2016,210.0,218.0,210.0,218.0,3.81,1056.0,853.9,681.1
TRH,3/1/2016,218.0,214.0,214.0,214.0,-1.83,30.0,853.9,681.1
TRH,3/2/2016,214.0,211.0,209.0,209.0,-2.34,1540.0,853.9,681.1
TRH,3/3/2016,209.0,209.0,205.0,209.0,0.0,320.0,853.9,681.1
TRH,3/6/2016,209.0,209.0,209.0,209.0,0.0,20.0,853.9,681.1
TRH,3/10/2016,209.0,229.0,205.0,227.0,8.61,4392.0,853.9,681.1
TRH,3/13/2016,227.0,223.0,223.0,223.0,-1.76,10.0,853.9,681.1
TRH,3/15/2016,223.0,220.0,219.0,220.0,-1.35,1650.0,853.9,681.1
TRH,3/16/2016,220.0,225.0,218.0,225.0,2.27,3100.0,853.9,681.1
TRH,3/17/2016,225.0,226.0,221.0,223.0,-0.89,1520.0,853.9,681.1
TRH,3/20/2016,223.0,235.0,227.0,231.0,3.59,1850.0,853.9,681.1
TRH,3/21/2016,231.0,235.0,230.0,234.0,1.3,2000.0,853.9,681.1
TRH,3/23/2016,234.0,230.0,227.0,227.0,-2.99,920.0,853.9,681.1
TRH,3/24/2016,227.0,231.0,227.0,227.0,0.0,7160.0,853.9,681.1
TRH,3/27/2016,227.0,227.0,227.0,227.0,0.0,6940.0,853.9,681.1
TRH,3/28/2016,227.0,225.0,224.0,225.0,-0.88,50.0,853.9,681.1
TRH,3/29/2016,225.0,230.0,226.0,230.0,2.22,5470.0,853.9,681.1
TRH,3/30/2016,230.0,233.0,233.0,233.0,1.3,170.0,853.9,681.1
TRH,3/31/2016,233.0,232.0,232.0,232.0,-0.43,20.0,853.9,681.1
TRH,4/4/2016,232.0,232.0,226.0,226.0,-2.59,910.0,853.9,681.1
TRH,4/5/2016,226.0,222.0,220.0,220.0,-2.65,620.0,853.9,681.1
TRH,4/10/2016,220.0,220.0,216.0,218.0,-0.91,1750.0,853.9,681.1
TRH,4/11/2016,218.0,214.0,213.0,213.0,-2.29,30.0,853.9,681.1
TRH,4/12/2016,213.0,210.0,210.0,210.0,-1.41,10.0,853.9,681.1
TRH,4/14/2016,210.0,214.0,214.0,214.0,1.9,40.0,853.9,681.1
TRH,4/17/2016,214.0,220.0,218.0,220.0,2.8,220.0,853.9,681.1
TRH,4/18/2016,220.0,220.0,216.0,218.0,-0.91,1740.0,853.9,681.1
TRH,4/20/2016,218.0,214.0,214.0,214.0,-1.83,40.0,853.9,681.1
TRH,4/21/2016,214.0,218.0,214.0,214.0,0.0,410.0,853.9,681.1
TRH,4/25/2016,214.0,224.0,214.0,224.0,4.67,1580.0,853.9,681.1
TRH,4/26/2016,224.0,224.0,220.0,224.0,0.0,230.0,853.9,681.1
TRH,4/27/2016,224.0,244.0,228.0,240.0,7.14,32820.0,853.9,681.1
TRH,4/28/2016,240.0,264.0,242.0,264.0,10.0,20160.0,853.9,681.1
TRH,5/2/2016,264.0,265.0,241.0,241.0,-8.71,2640.0,853.9,681.1
TRH,5/3/2016,241.0,245.0,237.0,238.0,-1.24,2180.0,853.9,681.1
TRH,5/4/2016,238.0,234.0,234.0,234.0,-1.68,20.0,853.9,681.1
TRH,5/5/2016,234.0,234.0,230.0,230.0,-1.71,1000.0,853.9,681.1
TRH,5/8/2016,230.0,235.0,230.0,234.0,1.74,870.0,853.9,681.1
TRH,5/10/2016,234.0,234.0,230.0,234.0,0.0,1050.0,853.9,681.1
TRH,5/11/2016,234.0,233.0,230.0,233.0,-0.43,1130.0,853.9,681.1
TRH,5/12/2016,233.0,232.0,226.0,230.0,-1.29,1010.0,853.9,681.1
TRH,5/15/2016,230.0,228.0,228.0,228.0,-0.87,200.0,853.9,681.1
TRH,5/16/2016,228.0,234.0,229.0,230.0,0.88,650.0,853.9,681.1
TRH,5/17/2016,230.0,226.0,222.0,225.0,-2.17,20970.0,853.9,681.1
TRH,5/18/2016,225.0,247.0,221.0,247.0,9.78,4490.0,853.9,681.1
TRH,5/19/2016,247.0,256.0,234.0,246.0,-0.4,12260.0,853.9,681.1
TRH,5/22/2016,246.0,243.0,238.0,238.0,-3.25,750.0,853.9,681.1
TRH,5/23/2016,238.0,242.0,238.0,240.0,0.84,3000.0,853.9,681.1
TRH,5/24/2016,240.0,240.0,237.0,240.0,0.0,120.0,853.9,681.1
TRH,5/25/2016,240.0,236.0,228.0,230.0,-4.17,980.0,853.9,681.1
TRH,5/26/2016,230.0,234.0,230.0,230.0,0.0,740.0,853.9,681.1
TRH,5/29/2016,230.0,229.0,223.0,223.0,-3.04,2280.0,853.9,681.1
TRH,5/30/2016,223.0,235.0,227.0,235.0,5.38,410.0,853.9,681.1
TRH,5/31/2016,235.0,240.0,237.0,237.0,0.85,1120.0,853.9,681.1
TRH,6/1/2016,237.0,240.0,236.0,237.0,0.0,8110.0,853.9,681.1
TRH,6/2/2016,237.0,243.0,235.0,235.0,-0.84,3830.0,853.9,681.1
TRH,6/5/2016,235.0,235.0,231.0,231.0,-1.7,190.0,853.9,681.1
TRH,6/6/2016,231.0,227.0,227.0,227.0,-1.73,500.0,853.9,681.1
TRH,6/7/2016,227.0,234.0,223.0,234.0,3.08,210.0,853.9,681.1
TRH,6/8/2016,234.0,238.0,234.0,234.0,0.0,770.0,853.9,681.1
TRH,6/9/2016,234.0,238.0,234.0,234.0,0.0,180.0,853.9,681.1
TRH,6/12/2016,234.0,239.0,231.0,239.0,2.14,3570.0,853.9,681.1
TRH,6/13/2016,239.0,235.0,235.0,235.0,-1.67,40.0,853.9,681.1
TRH,6/14/2016,235.0,233.0,231.0,233.0,-0.85,1290.0,853.9,681.1
TRH,6/15/2016,233.0,232.0,229.0,229.0,-1.72,20.0,853.9,681.1
TRH,6/16/2016,229.0,233.0,230.0,230.0,0.44,750.0,853.9,681.1
TRH,6/19/2016,230.0,253.0,234.0,253.0,10.0,17000.0,853.9,681.1
TRH,6/20/2016,253.0,263.0,248.0,255.0,0.79,6920.0,853.9,681.1
TRH,6/21/2016,255.0,253.0,247.0,250.0,-1.96,2150.0,853.9,681.1
TRH,6/22/2016,250.0,245.0,243.0,245.0,-2.0,340.0,853.9,681.1
TRH,6/23/2016,245.0,249.0,234.0,249.0,1.63,6680.0,853.9,681.1
TRH,6/26/2016,249.0,250.0,241.0,245.0,-1.61,7060.0,853.9,681.1
TRH,6/27/2016,245.0,241.0,241.0,241.0,-1.63,20.0,853.9,681.1
TRH,6/28/2016,241.0,250.0,237.0,245.0,1.66,7600.0,853.9,681.1
TRH,6/29/2016,245.0,249.0,237.0,249.0,1.63,12320.0,853.9,681.1
TRH,6/30/2016,249.0,259.0,243.0,247.0,-0.8,2670.0,853.9,681.1
TRH,7/3/2016,247.0,255.0,247.0,255.0,3.24,130.0,853.9,681.1
TRH,7/4/2016,255.0,250.0,242.0,243.0,-4.71,3580.0,853.9,681.1
TRH,7/5/2016,243.0,253.0,239.0,253.0,4.12,3750.0,853.9,681.1
TRH,7/6/2016,253.0,258.0,245.0,245.0,-3.16,3000.0,853.9,681.1
TRH,7/10/2016,245.0,263.0,249.0,250.0,2.04,6030.0,853.9,681.1
TRH,7/11/2016,250.0,249.0,245.0,249.0,-0.4,1450.0,853.9,681.1
TRH,7/12/2016,249.0,245.0,245.0,245.0,-1.61,340.0,853.9,681.1
TRH,7/13/2016,245.0,265.0,245.0,256.0,4.49,722110.0,853.9,681.1
TRH,7/14/2016,256.0,256.0,250.0,256.0,0.0,3130.0,853.9,681.1
TRH,7/17/2016,256.0,266.0,261.0,261.0,1.95,1020.0,853.9,681.1
TRH,7/18/2016,261.0,256.0,251.0,256.0,-1.92,290.0,853.9,681.1
TRH,7/19/2016,256.0,271.0,252.0,255.0,-0.39,5660.0,853.9,681.1
TRH,7/20/2016,255.0,260.0,250.0,260.0,1.96,4210.0,853.9,681.1
TRH,7/21/2016,260.0,269.0,260.0,265.0,1.92,26610.0,853.9,681.1
TRH,7/25/2016,265.0,280.0,260.0,275.0,3.77,4450.0,853.9,681.1
TRH,7/26/2016,275.0,302.0,276.0,302.0,9.82,13610.0,853.9,681.1
TRH,7/27/2016,302.0,332.0,308.0,332.0,9.93,30598.0,853.9,681.1
TRH,7/28/2016,332.0,365.0,326.0,353.0,6.33,29630.0,853.9,681.1
TRH,7/31/2016,353.0,350.0,327.0,334.0,-5.38,9490.0,853.9,681.1
TRH,8/1/2016,334.0,340.0,319.0,324.0,-2.99,4170.0,853.9,681.1
TRH,8/2/2016,324.0,320.0,312.0,312.0,-3.7,2280.0,853.9,681.1
TRH,8/3/2016,312.0,312.0,293.0,298.0,-4.49,2480.0,853.9,681.1
TRH,8/4/2016,298.0,297.0,285.0,285.0,-4.36,4850.0,853.9,681.1
TRH,8/7/2016,285.0,300.0,283.0,283.0,-0.7,5450.0,853.9,681.1
TRH,8/8/2016,283.0,278.0,273.0,273.0,-3.53,50.0,853.9,681.1
TRH,8/9/2016,273.0,272.0,270.0,272.0,-0.37,1720.0,853.9,681.1
TRH,8/10/2016,272.0,283.0,277.0,283.0,4.04,750.0,853.9,681.1
TRH,8/11/2016,283.0,310.0,288.0,295.0,4.24,7760.0,853.9,681.1
TRH,8/14/2016,295.0,295.0,280.0,280.0,-5.08,650.0,853.9,681.1
TRH,8/15/2016,280.0,275.0,265.0,275.0,-1.79,1240.0,853.9,681.1
TRH,8/16/2016,275.0,282.0,271.0,282.0,2.55,510.0,853.9,681.1
TRH,8/17/2016,282.0,292.0,280.0,290.0,2.84,1160.0,853.9,681.1
TRH,8/21/2016,290.0,295.0,288.0,295.0,1.72,440.0,853.9,681.1
TRH,8/22/2016,295.0,290.0,275.0,275.0,-6.78,1160.0,853.9,681.1
TRH,8/23/2016,275.0,270.0,270.0,270.0,-1.82,20.0,853.9,681.1
TRH,8/24/2016,270.0,275.0,275.0,275.0,1.85,116.0,853.9,681.1
TRH,8/28/2016,275.0,280.0,275.0,275.0,0.0,250.0,853.9,681.1
TRH,8/29/2016,275.0,290.0,277.0,290.0,5.45,1970.0,853.9,681.1
TRH,8/30/2016,290.0,295.0,290.0,290.0,0.0,60.0,853.9,681.1
TRH,8/31/2016,290.0,285.0,283.0,283.0,-2.41,800.0,853.9,681.1
TRH,9/1/2016,283.0,297.0,287.0,287.0,1.41,3210.0,853.9,681.1
TRH,9/3/2016,287.0,290.0,280.0,280.0,-2.44,450.0,853.9,681.1
TRH,9/4/2016,287.0,290.0,280.0,280.0,0.0,450.0,853.9,681.1
TRH,9/5/2016,280.0,277.0,277.0,277.0,-1.07,150.0,853.9,681.1
TRH,9/6/2016,277.0,282.0,277.0,282.0,1.81,210.0,853.9,681.1
TRH,9/7/2016,282.0,277.0,275.0,277.0,-1.77,550.0,853.9,681.1
TRH,9/8/2016,277.0,277.0,272.0,275.0,-0.72,690.0,853.9,681.1
TRH,9/11/2016,275.0,275.0,270.0,271.0,-1.45,280.0,853.9,681.1
TRH,9/12/2016,271.0,285.0,275.0,279.0,2.95,4530.0,853.9,681.1
TRH,9/14/2016,279.0,284.0,279.0,280.0,0.36,100.0,853.9,681.1
TRH,9/18/2016,280.0,278.0,278.0,278.0,-0.71,5000.0,853.9,681.1
TRH,9/20/2016,278.0,277.0,277.0,277.0,-0.36,1000.0,853.9,681.1
TRH,9/21/2016,277.0,290.0,280.0,282.0,1.81,2660.0,853.9,681.1
TRH,9/22/2016,282.0,278.0,277.0,277.0,-1.77,150.0,853.9,681.1
TRH,9/26/2016,277.0,272.0,267.0,267.0,-3.61,650.0,853.9,681.1
TRH,9/27/2016,267.0,270.0,267.0,270.0,1.12,2040.0,853.9,681.1
TRH,9/28/2016,270.0,265.0,260.0,265.0,-1.85,1050.0,853.9,681.1
TRH,9/29/2016,265.0,277.0,261.0,277.0,4.53,4280.0,853.9,681.1
TRH,10/2/2016,277.0,282.0,267.0,270.0,-2.53,2010.0,853.9,681.1
TRH,10/3/2016,270.0,271.0,265.0,265.0,-1.85,1460.0,853.9,681.1
TRH,10/6/2016,265.0,274.0,270.0,272.0,2.64,1150.0,853.9,681.1
TRH,10/17/2016,272.0,267.0,267.0,267.0,-1.84,500.0,853.9,681.1
TRH,10/18/2016,267.0,272.0,267.0,270.0,1.12,500.0,853.9,681.1
TRH,10/19/2016,267.0,271.0,266.0,271.0,0.37,840.0,853.9,681.1
TRH,10/20/2016,271.0,266.0,262.0,262.0,-3.32,510.0,853.9,681.1
TRH,10/23/2016,262.0,263.0,258.0,260.0,-0.76,1110.0,853.9,681.1
TRH,10/24/2016,260.0,261.0,256.0,261.0,0.38,270.0,853.9,681.1
TRH,10/25/2016,261.0,265.0,260.0,265.0,1.53,2700.0,853.9,681.1
TRH,10/26/2016,265.0,265.0,260.0,265.0,0.0,230.0,853.9,681.1
TRH,11/7/2016,265.0,265.0,255.0,255.0,-3.77,2932.0,853.9,681.1
TRH,11/8/2016,255.0,255.0,255.0,255.0,0.0,160.0,853.9,681.1
TRH,11/9/2016,255.0,251.0,245.0,248.0,-2.75,1140.0,853.9,681.1
TRH,11/10/2016,248.0,250.0,246.0,250.0,0.81,540.0,853.9,681.1
TRH,11/13/2016,250.0,250.0,250.0,250.0,0.0,100.0,853.9,681.1
TRH,11/14/2016,250.0,252.0,252.0,252.0,0.8,100.0,853.9,681.1
TRH,11/15/2016,252.0,255.0,252.0,255.0,1.19,2000.0,853.9,681.1
TRH,11/16/2016,255.0,255.0,250.0,255.0,0.0,300.0,853.9,681.1
TRH,11/17/2016,255.0,250.0,250.0,250.0,-1.96,30.0,853.9,681.1
TRH,11/21/2016,250.0,245.0,237.0,242.0,-3.2,2170.0,853.9,681.1
TRH,11/22/2016,242.0,240.0,234.0,235.0,-2.89,3320.0,853.9,681.1
TRH,11/23/2016,235.0,231.0,212.0,213.0,-9.36,1170.0,853.9,681.1
TRH,11/24/2016,213.0,221.0,217.0,221.0,3.76,110.0,853.9,681.1
TRH,11/27/2016,221.0,225.0,214.0,214.0,-3.17,3500.0,853.9,681.1
TRH,11/28/2016,214.0,214.0,210.0,214.0,0.0,2500.0,853.9,681.1
TRH,11/29/2016,214.0,220.0,218.0,220.0,2.8,30.0,853.9,681.1
TRH,12/1/2016,220.0,224.0,224.0,224.0,1.82,90.0,853.9,681.1
TRH,12/5/2016,224.0,224.0,220.0,220.0,-1.79,4230.0,853.9,681.1
TRH,12/6/2016,220.0,228.0,216.0,217.0,-1.36,4230.0,853.9,681.1
TRH,12/7/2016,217.0,219.0,219.0,219.0,0.92,2860.0,853.9,681.1
TRH,12/11/2016,219.0,215.0,211.0,212.0,-3.2,1950.0,853.9,681.1
TRH,12/12/2016,212.0,215.0,200.0,200.0,-5.66,5360.0,853.9,681.1
TRH,12/14/2016,200.0,208.0,202.0,205.0,2.5,1750.0,853.9,681.1
TRH,12/15/2016,205.0,211.0,205.0,211.0,2.93,890.0,853.9,681.1
TRH,12/18/2016,211.0,219.0,211.0,211.0,0.0,5820.0,853.9,681.1
TRH,12/19/2016,211.0,212.0,208.0,209.0,-0.95,740.0,853.9,681.1
TRH,12/21/2016,209.0,209.0,205.0,209.0,0.0,900.0,853.9,681.1
TRH,12/22/2016,209.0,209.0,205.0,209.0,0.0,320.0,853.9,681.1
TRH,12/27/2016,209.0,211.0,209.0,209.0,0.0,250.0,853.9,681.1
TRH,12/29/2016,209.0,213.0,213.0,213.0,1.91,1000.0,853.9,681.1
TRH,1/1/2017,213.0,220.0,217.0,220.0,3.29,1200.0,853.9,681.1
TRH,1/5/2017,220.0,216.0,210.0,211.0,-4.09,176.0,853.9,681.1
TRH,1/8/2017,211.0,207.0,207.0,207.0,-1.9,130.0,853.9,681.1
TRH,1/10/2017,207.0,203.0,203.0,203.0,-1.93,200.0,853.9,681.1
TRH,1/11/2017,203.0,200.0,200.0,200.0,-1.48,240.0,853.9,681.1
TRH,1/15/2017,200.0,197.0,197.0,197.0,-1.5,20.0,853.9,681.1
TRH,1/16/2017,197.0,200.0,197.0,197.0,0.0,20.0,853.9,681.1
TRH,1/17/2017,197.0,204.0,200.0,204.0,3.55,220.0,853.9,681.1
TRH,1/18/2017,204.0,207.0,206.0,207.0,1.47,40.0,853.9,681.1
TRH,1/22/2017,207.0,207.0,205.0,206.0,-0.48,2100.0,853.9,681.1
TRH,1/23/2017,206.0,202.0,202.0,202.0,-1.94,10.0,853.9,681.1
TRH,1/24/2017,202.0,205.0,201.0,201.0,-0.5,650.0,853.9,681.1
TRH,1/25/2017,201.0,200.0,197.0,200.0,-0.5,60.0,853.9,681.1
TRH,1/26/2017,200.0,217.0,198.0,217.0,8.5,3430.0,853.9,681.1
TRH,1/30/2017,217.0,215.0,205.0,205.0,-5.53,1650.0,853.9,681.1
TRH,1/31/2017,205.0,209.0,207.0,207.0,0.98,200.0,853.9,681.1
TRH,2/1/2017,207.0,210.0,203.0,210.0,1.45,1160.0,853.9,681.1
TRH,2/2/2017,210.0,213.0,210.0,211.0,0.48,880.0,853.9,681.1
TRH,2/5/2017,211.0,208.0,208.0,208.0,-1.42,600.0,853.9,681.1
TRH,2/6/2017,208.0,208.0,200.0,200.0,-3.85,1500.0,853.9,681.1
TRH,2/7/2017,200.0,196.0,196.0,196.0,-2.0,40.0,853.9,681.1
TRH,2/8/2017,196.0,195.0,195.0,195.0,-0.51,350.0,853.9,681.1
TRH,2/9/2017,195.0,195.0,192.0,192.0,-1.54,280.0,853.9,681.1
TRH,2/12/2017,192.0,195.0,190.0,190.0,-1.04,370.0,853.9,681.1
TRH,2/13/2017,190.0,190.0,187.0,187.0,-1.58,1520.0,853.9,681.1
TRH,2/14/2017,187.0,196.0,188.0,196.0,4.81,2230.0,853.9,681.1
TRH,2/15/2017,196.0,202.0,199.0,202.0,3.06,1000.0,853.9,681.1
TRH,2/16/2017,202.0,198.0,198.0,198.0,-1.98,20.0,853.9,681.1
TRH,2/19/2017,198.0,201.0,198.0,201.0,1.52,20.0,853.9,681.1
TRH,2/20/2017,201.0,207.0,200.0,207.0,2.99,40.0,853.9,681.1
TRH,2/21/2017,207.0,219.0,209.0,209.0,0.97,2440.0,853.9,681.1
TRH,2/22/2017,209.0,205.0,205.0,205.0,-1.91,80.0,853.9,681.1
TRH,2/26/2017,205.0,201.0,200.0,200.0,-2.44,1630.0,853.9,681.1
TRH,2/28/2017,200.0,196.0,189.0,189.0,-5.5,1000.0,853.9,681.1
TRH,3/1/2017,189.0,192.0,192.0,192.0,1.59,500.0,853.9,681.1
TRH,3/5/2017,192.0,201.0,189.0,200.0,4.17,2110.0,853.9,681.1
TRH,3/6/2017,200.0,208.0,204.0,204.0,2.0,1040.0,853.9,681.1
TRH,3/7/2017,204.0,204.0,200.0,204.0,0.0,5372.0,853.9,681.1
TRH,3/9/2017,204.0,200.0,200.0,200.0,-1.96,10.0,853.9,681.1
TRH,3/14/2017,200.0,197.0,196.0,196.0,-2.0,800.0,853.9,681.1
TRH,3/15/2017,196.0,206.0,199.0,206.0,5.1,500.0,853.9,681.1
TRH,3/16/2017,206.0,202.0,202.0,202.0,-1.94,70.0,853.9,681.1
TRH,3/19/2017,202.0,201.0,198.0,201.0,-0.5,70.0,853.9,681.1
TRH,3/20/2017,201.0,210.0,197.0,210.0,4.48,1400.0,853.9,681.1
TRH,3/21/2017,210.0,212.0,212.0,212.0,0.95,380.0,853.9,681.1
TRH,3/22/2017,212.0,228.0,216.0,220.0,3.77,3950.0,853.9,681.1
TRH,3/23/2017,220.0,224.0,219.0,220.0,0.0,700.0,853.9,681.1
TRH,3/26/2017,220.0,236.0,224.0,232.0,5.45,3920.0,853.9,681.1
TRH,3/28/2017,232.0,252.0,236.0,252.0,8.62,3610.0,853.9,681.1
TRH,3/29/2017,252.0,250.0,247.0,250.0,-0.79,200.0,853.9,681.1
TRH,3/30/2017,250.0,251.0,246.0,246.0,-1.6,420.0,853.9,681.1
TRH,4/2/2017,246.0,250.0,245.0,245.0,-0.41,240.0,853.9,681.1
TRH,4/3/2017,245.0,263.0,247.0,255.0,4.08,2090.0,853.9,681.1
TRH,4/4/2017,255.0,260.0,241.0,248.0,-2.75,10080.0,853.9,681.1
TRH,4/6/2017,248.0,257.0,247.0,257.0,3.63,4180.0,853.9,681.1
TRH,4/9/2017,257.0,265.0,250.0,252.0,-1.95,3880.0,853.9,681.1
TRH,4/10/2017,252.0,262.0,256.0,262.0,3.97,670.0,853.9,681.1
TRH,4/11/2017,262.0,260.0,247.0,260.0,-0.76,3690.0,853.9,681.1
TRH,4/12/2017,260.0,286.0,250.0,281.0,8.08,34336.0,853.9,681.1
TRH,4/13/2017,281.0,280.0,273.0,273.0,-2.85,1620.0,853.9,681.1
TRH,4/18/2017,273.0,268.0,253.0,254.0,-6.96,3450.0,853.9,681.1
TRH,4/19/2017,254.0,264.0,259.0,260.0,2.36,290.0,853.9,681.1
TRH,4/20/2017,260.0,265.0,255.0,262.0,0.77,800.0,853.9,681.1
TRH,4/23/2017,262.0,262.0,262.0,262.0,0.0,10.0,853.9,681.1
TRH,4/25/2017,262.0,258.0,248.0,251.0,-4.2,1440.0,853.9,681.1
TRH,4/26/2017,251.0,260.0,254.0,260.0,3.59,1110.0,853.9,681.1
TRH,4/27/2017,260.0,260.0,255.0,255.0,-1.92,190.0,853.9,681.1
TRH,4/30/2017,255.0,255.0,250.0,255.0,0.0,1540.0,853.9,681.1
TRH,5/2/2017,255.0,255.0,250.0,255.0,0.0,510.0,853.9,681.1
TRH,5/4/2017,255.0,257.0,245.0,257.0,0.78,2090.0,853.9,681.1
TRH,5/7/2017,257.0,261.0,256.0,259.0,0.78,1070.0,853.9,681.1
TRH,5/8/2017,259.0,254.0,254.0,254.0,-1.93,450.0,853.9,681.1
TRH,5/11/2017,254.0,259.0,254.0,258.0,1.57,2240.0,853.9,681.1
TRH,5/15/2017,258.0,275.0,255.0,275.0,6.59,7910.0,853.9,681.1
TRH,5/16/2017,275.0,279.0,270.0,275.0,0.0,9620.0,853.9,681.1
TRH,5/17/2017,275.0,294.0,275.0,280.0,1.82,6640.0,853.9,681.1
TRH,5/18/2017,280.0,285.0,275.0,284.0,1.43,8190.0,853.9,681.1
TRH,5/21/2017,284.0,285.0,274.0,274.0,-3.52,4720.0,853.9,681.1
TRH,5/22/2017,274.0,281.0,271.0,281.0,2.55,6640.0,853.9,681.1
TRH,5/23/2017,281.0,280.0,276.0,280.0,-0.36,6210.0,853.9,681.1
TRH,5/24/2017,280.0,280.0,270.0,279.0,-0.36,5090.0,853.9,681.1
TRH,5/30/2017,279.0,275.0,270.0,270.0,-3.23,350.0,853.9,681.1
TRH,5/31/2017,270.0,274.0,266.0,274.0,1.48,2110.0,853.9,681.1
TRH,6/5/2017,274.0,272.0,272.0,272.0,-0.73,40.0,853.9,681.1
TRH,6/6/2017,272.0,276.0,267.0,276.0,1.47,4010.0,853.9,681.1
TRH,6/7/2017,276.0,271.0,271.0,271.0,-1.81,1000.0,853.9,681.1
TRH,6/8/2017,271.0,266.0,266.0,266.0,-1.85,520.0,853.9,681.1
TRH,6/11/2017,266.0,266.0,261.0,266.0,0.0,240.0,853.9,681.1
TRH,6/12/2017,266.0,264.0,251.0,251.0,-5.64,3420.0,853.9,681.1
TRH,6/13/2017,251.0,267.0,256.0,267.0,6.37,1500.0,853.9,681.1
TRH,6/14/2017,267.0,267.0,267.0,267.0,0.0,40.0,853.9,681.1
TRH,6/15/2017,267.0,262.0,262.0,262.0,-1.87,10.0,853.9,681.1
TRH,6/18/2017,262.0,257.0,257.0,257.0,-1.91,10.0,853.9,681.1
TRH,6/19/2017,257.0,267.0,262.0,265.0,3.11,1110.0,853.9,681.1
TRH,6/20/2017,265.0,270.0,270.0,270.0,1.89,1000.0,853.9,681.1
TRH,6/21/2017,270.0,265.0,260.0,260.0,-3.7,1190.0,853.9,681.1
TRH,6/22/2017,260.0,262.0,255.0,262.0,0.77,1480.0,853.9,681.1
TRH,6/25/2017,262.0,260.0,260.0,260.0,-0.76,500.0,853.9,681.1
TRH,6/27/2017,260.0,260.0,260.0,260.0,0.0,310.0,853.9,681.1
TRH,6/28/2017,260.0,265.0,255.0,265.0,1.92,1030.0,853.9,681.1
TRH,7/2/2017,265.0,265.0,260.0,260.0,-1.89,4010.0,853.9,681.1
TRH,7/3/2017,260.0,255.0,255.0,255.0,-1.92,10.0,853.9,681.1
TRH,7/4/2017,255.0,261.0,251.0,261.0,2.35,1090.0,853.9,681.1
TRH,7/5/2017,261.0,256.0,253.0,253.0,-3.07,220.0,853.9,681.1
TRH,7/6/2017,253.0,268.0,257.0,263.0,3.95,5100.0,853.9,681.1
TRH,7/9/2017,263.0,260.0,258.0,258.0,-1.9,1000.0,853.9,681.1
TRH,7/10/2017,258.0,268.0,254.0,268.0,3.88,2570.0,853.9,681.1
TRH,7/11/2017,268.0,268.0,263.0,268.0,0.0,710.0,853.9,681.1
TRH,7/12/2017,268.0,270.0,266.0,266.0,-0.75,790.0,853.9,681.1
TRH,7/13/2017,266.0,266.0,261.0,261.0,-1.88,1000.0,853.9,681.1
TRH,7/16/2017,261.0,257.0,257.0,257.0,-1.53,26.0,853.9,681.1
TRH,7/17/2017,257.0,267.0,257.0,267.0,3.89,1680.0,853.9,681.1
TRH,7/18/2017,267.0,275.0,272.0,275.0,3.0,800.0,853.9,681.1
TRH,7/19/2017,275.0,275.0,273.0,275.0,0.0,190.0,853.9,681.1
TRH,7/20/2017,275.0,280.0,278.0,278.0,1.09,230.0,853.9,681.1
TRH,7/23/2017,278.0,277.0,274.0,274.0,-1.44,4310.0,853.9,681.1
TRH,7/24/2017,274.0,275.0,274.0,274.0,0.0,2830.0,853.9,681.1
TRH,7/25/2017,274.0,274.0,274.0,274.0,0.0,1260.0,853.9,681.1
TRH,7/26/2017,274.0,279.0,271.0,276.0,0.73,7590.0,853.9,681.1
TRH,7/27/2017,276.0,276.0,271.0,276.0,0.0,20.0,853.9,681.1
TRH,7/30/2017,276.0,301.0,276.0,301.0,9.06,5190.0,853.9,681.1
TRH,7/31/2017,301.0,331.0,301.0,331.0,9.97,109786.0,853.9,681.1
TRH,8/1/2017,331.0,341.0,313.0,313.0,-5.44,19030.0,853.9,681.1
TRH,8/2/2017,313.0,330.0,306.0,306.0,-2.24,5630.0,853.9,681.1
TRH,8/3/2017,306.0,318.0,303.0,305.0,-0.33,12240.0,853.9,681.1
TRH,8/6/2017,305.0,308.0,300.0,308.0,0.98,1170.0,853.9,681.1
TRH,8/7/2017,308.0,303.0,297.0,299.0,-2.92,3220.0,853.9,681.1
TRH,8/9/2017,299.0,300.0,290.0,299.0,0.0,3625.0,853.9,681.1
TRH,8/10/2017,299.0,297.0,290.0,295.0,-1.34,1602.0,853.9,681.1
TRH,8/13/2017,295.0,294.0,285.0,294.0,-0.34,50.0,853.9,681.1
TRH,8/15/2017,294.0,306.0,279.0,306.0,4.08,8050.0,853.9,681.1
TRH,8/16/2017,306.0,300.0,290.0,295.0,-3.59,3951.0,853.9,681.1
TRH,8/17/2017,295.0,290.0,285.0,290.0,-1.69,880.0,853.9,681.1
TRH,8/20/2017,290.0,286.0,281.0,284.0,-2.07,1660.0,853.9,681.1
TRH,8/21/2017,284.0,283.0,279.0,280.0,-1.41,730.0,853.9,681.1
TRH,8/22/2017,280.0,285.0,280.0,285.0,1.79,2150.0,853.9,681.1
TRH,8/23/2017,285.0,290.0,280.0,280.0,-1.75,2280.0,853.9,681.1
TRH,8/24/2017,280.0,290.0,280.0,290.0,3.57,650.0,853.9,681.1
TRH,8/27/2017,290.0,286.0,280.0,283.0,-2.41,19330.0,853.9,681.1
TRH,8/28/2017,283.0,283.0,280.0,280.0,-1.06,5280.0,853.9,681.1
TRH,8/30/2017,280.0,280.0,275.0,280.0,0.0,7730.0,853.9,681.1
TRH,8/31/2017,280.0,280.0,270.0,280.0,0.0,300.0,853.9,681.1
TRH,9/4/2017,280.0,275.0,271.0,271.0,-3.21,460.0,853.9,681.1
TRH,9/6/2017,271.0,275.0,265.0,275.0,1.48,1580.0,853.9,681.1
TRH,9/7/2017,275.0,280.0,271.0,280.0,1.82,1000.0,853.9,681.1
TRH,9/10/2017,280.0,280.0,265.0,265.0,-5.36,160.0,853.9,681.1
TRH,9/11/2017,265.0,275.0,265.0,275.0,3.77,350.0,853.9,681.1
TRH,9/12/2017,275.0,270.0,265.0,265.0,-3.64,1110.0,853.9,681.1
TRH,9/13/2017,265.0,265.0,260.0,260.0,-1.89,820.0,853.9,681.1
TRH,9/14/2017,260.0,280.0,260.0,280.0,7.69,1190.0,853.9,681.1
TRH,9/17/2017,280.0,290.0,279.0,279.0,-0.36,4120.0,853.9,681.1
TRH,9/18/2017,279.0,285.0,276.0,276.0,-1.08,3090.0,853.9,681.1
TRH,9/20/2017,276.0,273.0,273.0,273.0,-1.09,1510.0,853.9,681.1
TRH,9/24/2017,273.0,293.0,278.0,293.0,7.33,370.0,853.9,681.1
TRH,9/25/2017,293.0,288.0,276.0,281.0,-4.1,1840.0,853.9,681.1
TRH,9/26/2017,281.0,281.0,276.0,276.0,-1.78,270.0,853.9,681.1
TRH,10/3/2017,276.0,281.0,281.0,281.0,1.81,10.0,853.9,681.1
TRH,10/4/2017,281.0,288.0,283.0,283.0,0.71,4080.0,853.9,681.1
TRH,10/8/2017,283.0,278.0,271.0,273.0,-3.53,1390.0,853.9,681.1
TRH,10/10/2017,273.0,280.0,269.0,280.0,2.56,120.0,853.9,681.1
TRH,10/11/2017,280.0,275.0,271.0,272.0,-2.86,800.0,853.9,681.1
TRH,10/12/2017,272.0,277.0,273.0,275.0,1.1,2580.0,853.9,681.1
TRH,10/15/2017,275.0,280.0,275.0,275.0,0.0,2130.0,853.9,681.1
TRH,10/16/2017,275.0,290.0,278.0,284.0,3.27,1350.0,853.9,681.1
TRH,10/17/2017,284.0,288.0,279.0,284.0,0.0,11740.0,853.9,681.1
TRH,10/18/2017,284.0,292.0,272.0,292.0,2.82,3910.0,853.9,681.1
TRH,10/22/2017,292.0,295.0,287.0,295.0,1.03,30.0,853.9,681.1
TRH,10/23/2017,295.0,290.0,290.0,290.0,-1.69,100.0,853.9,681.1
TRH,10/25/2017,290.0,290.0,280.0,290.0,0.0,940.0,853.9,681.1
TRH,10/29/2017,290.0,297.0,287.0,287.0,-1.03,6300.0,853.9,681.1
TRH,10/30/2017,287.0,287.0,285.0,287.0,0.0,65.0,853.9,681.1
TRH,10/31/2017,287.0,290.0,285.0,288.0,0.35,5500.0,853.9,681.1
TRH,11/1/2017,288.0,289.0,282.0,283.0,-1.74,4601.0,853.9,681.1
TRH,11/2/2017,283.0,285.0,273.0,273.0,-3.53,8620.0,853.9,681.1
TRH,11/5/2017,273.0,272.0,269.0,272.0,-0.37,240.0,853.9,681.1
TRH,11/6/2017,272.0,277.0,270.0,275.0,1.1,3585.0,853.9,681.1
TRH,11/7/2017,275.0,277.0,273.0,273.0,-0.73,1540.0,853.9,681.1
TRH,11/8/2017,273.0,273.0,264.0,268.0,-1.83,3440.0,853.9,681.1
TRH,11/9/2017,268.0,274.0,269.0,274.0,2.24,1420.0,853.9,681.1
TRH,11/12/2017,274.0,276.0,270.0,276.0,0.73,1690.0,853.9,681.1
TRH,11/13/2017,276.0,281.0,271.0,281.0,1.81,3400.0,853.9,681.1
TRH,11/14/2017,281.0,284.0,279.0,280.0,-0.36,13930.0,853.9,681.1
TRH,11/15/2017,280.0,280.0,274.0,280.0,0.0,1860.0,853.9,681.1
TRH,11/16/2017,280.0,275.0,275.0,275.0,-1.79,10.0,853.9,681.1
TRH,11/19/2017,275.0,271.0,270.0,270.0,-1.82,200.0,853.9,681.1
TRH,11/20/2017,270.0,275.0,266.0,275.0,1.85,1890.0,853.9,681.1
TRH,11/21/2017,275.0,276.0,271.0,276.0,0.36,4160.0,853.9,681.1
TRH,11/22/2017,276.0,285.0,277.0,285.0,3.26,4960.0,853.9,681.1
TRH,11/23/2017,285.0,293.0,283.0,289.0,1.4,7720.0,853.9,681.1
TRH,11/26/2017,289.0,297.0,284.0,295.0,2.08,4510.0,853.9,681.1
TRH,11/27/2017,295.0,304.0,290.0,304.0,3.05,11060.0,853.9,681.1
TRH,11/28/2017,304.0,300.0,295.0,298.0,-1.97,2800.0,853.9,681.1
TRH,11/29/2017,298.0,314.0,296.0,305.0,2.35,22620.0,853.9,681.1
TRH,11/30/2017,305.0,315.0,301.0,313.0,2.62,26560.0,853.9,681.1
TRH,12/4/2017,313.0,325.0,307.0,314.0,0.32,10900.0,853.9,681.1
TRH,12/5/2017,314.0,320.0,310.0,317.0,0.96,11550.0,853.9,681.1
TRH,12/6/2017,317.0,348.0,312.0,333.0,5.05,53290.0,853.9,681.1
TRH,12/10/2017,333.0,339.0,324.0,324.0,-2.7,16665.0,853.9,681.1
TRH,12/11/2017,324.0,330.0,318.0,323.0,-0.31,5830.0,853.9,681.1
TRH,12/12/2017,323.0,320.0,314.0,314.0,-2.79,6960.0,853.9,681.1
TRH,12/13/2017,314.0,326.0,308.0,317.0,0.96,23060.0,853.9,681.1
TRH,12/14/2017,317.0,325.0,319.0,323.0,1.89,7860.0,853.9,681.1
TRH,12/17/2017,323.0,323.0,317.0,318.0,-1.55,4680.0,853.9,681.1
TRH,12/18/2017,318.0,322.0,314.0,320.0,0.63,28280.0,853.9,681.1
TRH,12/19/2017,320.0,319.0,307.0,311.0,-2.81,22835.0,853.9,681.1
TRH,12/20/2017,311.0,310.0,299.0,303.0,-2.57,12820.0,853.9,681.1
TRH,12/21/2017,303.0,300.0,294.0,297.0,-1.98,17210.0,853.9,681.1
TRH,12/24/2017,297.0,311.0,297.0,311.0,4.71,11585.0,853.9,681.1
TRH,12/26/2017,311.0,307.0,299.0,302.0,-2.89,13480.0,853.9,681.1
TRH,12/27/2017,302.0,307.0,295.0,301.0,-0.33,13060.0,853.9,681.1
TRH,12/28/2017,301.0,312.0,295.0,306.0,1.66,8700.0,853.9,681.1
TRH,12/31/2017,306.0,312.0,300.0,312.0,1.96,20050.0,853.9,681.1
TRH,1/1/2018,312.0,323.0,310.0,322.0,3.21,15500.0,853.9,681.1
TRH,1/2/2018,322.0,322.0,312.0,312.0,-3.11,7950.0,853.9,681.1
TRH,1/3/2018,312.0,312.0,306.0,312.0,0.0,3550.0,853.9,681.1
TRH,1/4/2018,312.0,312.0,306.0,309.0,-0.96,4910.0,853.9,681.1
TRH,1/7/2018,309.0,316.0,310.0,313.0,1.29,6690.0,853.9,681.1
TRH,1/8/2018,313.0,311.0,308.0,309.0,-1.28,5480.0,853.9,681.1
TRH,1/9/2018,309.0,316.0,310.0,315.0,1.94,8300.0,853.9,681.1
TRH,1/10/2018,315.0,310.0,307.0,308.0,-2.22,1990.0,853.9,681.1
TRH,1/14/2018,308.0,309.0,299.0,300.0,-2.6,9500.0,853.9,681.1
TRH,1/16/2018,300.0,303.0,298.0,301.0,0.33,3890.0,853.9,681.1
TRH,1/17/2018,301.0,306.0,297.0,300.0,-0.33,4210.0,853.9,681.1
TRH,1/21/2018,300.0,306.0,299.0,299.0,-0.33,7020.0,853.9,681.1
TRH,1/22/2018,299.0,300.0,298.0,300.0,0.33,5680.0,853.9,681.1
TRH,1/23/2018,300.0,301.0,297.0,300.0,0.0,3010.0,853.9,681.1
TRH,1/24/2018,300.0,311.0,300.0,311.0,3.67,2010.0,853.9,681.1
TRH,1/25/2018,311.0,315.0,304.0,315.0,1.29,8615.0,853.9,681.1
TRH,1/28/2018,315.0,326.0,304.0,315.0,0.0,510.0,853.9,681.1
TRH,1/29/2018,315.0,311.0,305.0,305.0,-3.17,350.0,853.9,681.1
TRH,1/31/2018,305.0,309.0,300.0,309.0,1.31,6450.0,853.9,681.1
TRH,2/1/2018,309.0,310.0,303.0,306.0,-0.97,1765.0,853.9,681.1
TRH,2/4/2018,306.0,315.0,306.0,310.0,1.31,870.0,853.9,681.1
TRH,2/5/2018,310.0,316.0,304.0,306.0,-1.29,610.0,853.9,681.1
TRH,2/6/2018,306.0,309.0,304.0,304.0,-0.65,3550.0,853.9,681.1
TRH,2/7/2018,304.0,314.0,298.0,306.0,0.66,850.0,853.9,681.1
TRH,2/8/2018,306.0,310.0,301.0,301.0,-1.63,530.0,853.9,681.1
TRH,2/11/2018,301.0,305.0,298.0,305.0,1.33,5560.0,853.9,681.1
TRH,2/12/2018,305.0,310.0,301.0,305.0,0.0,980.0,853.9,681.1
TRH,2/14/2018,305.0,307.0,305.0,307.0,0.66,3560.0,853.9,681.1
TRH,2/15/2018,307.0,313.0,309.0,312.0,1.63,4080.0,853.9,681.1
TRH,2/18/2018,306.0,306.0,306.0,306.0,-1.92,920.0,853.9,681.1
TRH,2/20/2018,312.0,312.0,296.0,303.0,-0.98,4830.0,853.9,681.1
TRH,2/21/2018,300.0,302.0,298.0,302.0,-0.33,2950.0,853.9,681.1
TRH,2/22/2018,302.0,307.0,302.0,306.0,1.32,1310.0,853.9,681.1
TRH,2/25/2018,310.0,310.0,294.0,294.0,-3.92,5240.0,853.9,681.1
TRH,2/26/2018,299.0,299.0,288.0,288.0,-2.04,6460.0,853.9,681.1
TRH,2/27/2018,290.0,296.0,285.0,285.0,-1.04,9560.0,853.9,681.1
TRH,2/28/2018,287.0,287.0,280.0,280.0,-1.75,4690.0,853.9,681.1
TRH,3/4/2018,285.0,285.0,270.0,279.0,-0.36,8900.0,853.9,681.1
TRH,3/5/2018,284.0,283.0,279.0,279.0,0.0,2030.0,853.9,681.1
TRH,3/6/2018,284.0,284.0,269.0,269.0,-3.58,11070.0,853.9,681.1
TRH,3/7/2018,274.0,279.0,269.0,277.0,2.97,1400.0,853.9,681.1
TRH,3/12/2018,282.0,282.0,277.0,277.0,0.0,30.0,853.9,681.1
TRH,3/13/2018,272.0,272.0,270.0,270.0,-2.53,2550.0,853.9,681.1
TRH,3/14/2018,270.0,275.0,270.0,275.0,1.85,310.0,853.9,681.1
TRH,3/15/2018,280.0,285.0,277.0,277.0,0.73,2030.0,853.9,681.1
TRH,3/18/2018,280.0,280.0,275.0,275.0,-0.72,885.0,853.9,681.1
TRH,3/19/2018,274.0,275.0,260.0,261.0,-5.09,4360.0,853.9,681.1
TRH,3/20/2018,265.0,267.0,265.0,267.0,2.3,3490.0,853.9,681.1
TRH,3/21/2018,269.0,269.0,262.0,262.0,-1.87,250.0,853.9,681.1
TRH,3/22/2018,267.0,270.0,257.0,257.0,-1.91,3140.0,853.9,681.1
TRH,3/26/2018,260.0,260.0,245.0,245.0,-4.67,1700.0,853.9,681.1
TRH,3/27/2018,249.0,253.0,241.0,253.0,3.27,2330.0,853.9,681.1
TRH,3/28/2018,258.0,263.0,258.0,262.0,3.56,665.0,853.9,681.1
TRH,3/29/2018,267.0,273.0,260.0,260.0,-0.76,1145.0,853.9,681.1
TRH,4/1/2018,255.0,256.0,255.0,255.0,-1.92,1710.0,853.9,681.1
TRH,4/2/2018,250.0,260.0,250.0,260.0,1.96,10050.0,853.9,681.1
TRH,4/3/2018,265.0,265.0,252.0,260.0,0.0,3045.0,853.9,681.1
TRH,4/4/2018,264.0,269.0,260.0,260.0,0.0,9310.0,853.9,681.1
TRH,4/5/2018,265.0,280.0,258.0,280.0,7.69,6355.0,853.9,681.1
TRH,4/8/2018,285.0,290.0,275.0,275.0,-1.79,12080.0,853.9,681.1
TRH,4/9/2018,280.0,285.0,280.0,281.0,2.18,920.0,853.9,681.1
TRH,4/10/2018,276.0,276.0,262.0,262.0,-6.76,1931.0,853.9,681.1
TRH,4/11/2018,265.0,267.0,265.0,265.0,1.15,30.0,853.9,681.1
TRH,4/12/2018,270.0,280.0,269.0,269.0,1.51,5810.0,853.9,681.1
TRH,4/15/2018,269.0,276.0,269.0,276.0,2.6,845.0,853.9,681.1
TRH,4/16/2018,272.0,291.0,271.0,280.0,1.45,5451.0,853.9,681.1
TRH,4/17/2018,285.0,295.0,283.0,292.0,4.29,9950.0,853.9,681.1
TRH,4/18/2018,287.0,309.0,287.0,300.0,2.74,14020.0,853.9,681.1
TRH,4/19/2018,301.0,305.0,296.0,301.0,0.33,17275.0,853.9,681.1
TRH,4/22/2018,307.0,314.0,302.0,314.0,4.32,17080.0,853.9,681.1
TRH,4/23/2018,320.0,320.0,294.0,294.0,-6.37,18510.0,853.9,681.1
TRH,4/24/2018,299.0,304.0,294.0,297.0,1.02,15530.0,853.9,681.1
TRH,4/25/2018,292.0,300.0,288.0,293.0,-1.35,11500.0,853.9,681.1
TRH,4/26/2018,297.0,297.0,288.0,293.0,0.0,2140.0,853.9,681.1
TRH,4/29/2018,288.0,292.0,283.0,288.0,-1.71,600.0,853.9,681.1
TRH,5/2/2018,283.0,289.0,280.0,289.0,0.35,2070.0,853.9,681.1
TRH,5/3/2018,294.0,299.0,286.0,294.0,1.73,4440.0,853.9,681.1
TRH,5/6/2018,295.0,295.0,290.0,290.0,-1.36,85.0,853.9,681.1
TRH,5/7/2018,285.0,285.0,280.0,281.0,-3.1,3460.0,853.9,681.1
TRH,5/8/2018,286.0,290.0,281.0,288.0,2.49,580.0,853.9,681.1
TRH,5/9/2018,285.0,286.0,283.0,283.0,-1.74,1600.0,853.9,681.1
TRH,5/10/2018,280.0,282.0,280.0,280.0,-1.06,890.0,853.9,681.1
TRH,5/14/2018,283.0,283.0,278.0,280.0,0.0,260.0,853.9,681.1
TRH,5/15/2018,285.0,285.0,280.0,280.0,0.0,110.0,853.9,681.1
TRH,5/16/2018,280.0,285.0,277.0,278.0,-0.71,2950.0,853.9,681.1
TRH,5/17/2018,283.0,293.0,283.0,288.0,3.6,70.0,853.9,681.1
TRH,5/20/2018,293.0,298.0,290.0,298.0,3.47,4400.0,853.9,681.1
TRH,5/21/2018,293.0,293.0,280.0,281.0,-5.7,1950.0,853.9,681.1
TRH,5/22/2018,286.0,286.0,276.0,276.0,-1.78,1585.0,853.9,681.1
TRH,5/23/2018,273.0,281.0,271.0,276.0,0.0,2500.0,853.9,681.1
TRH,5/24/2018,274.0,274.0,271.0,271.0,-1.81,1540.0,853.9,681.1
TRH,5/27/2018,269.0,275.0,269.0,270.0,-0.37,2160.0,853.9,681.1
TRH,5/28/2018,270.0,284.0,270.0,284.0,5.19,990.0,853.9,681.1
TRH,5/29/2018,289.0,290.0,280.0,280.0,-1.41,3440.0,853.9,681.1
TRH,5/30/2018,275.0,295.0,270.0,285.0,1.79,4795.0,853.9,681.1
TRH,5/31/2018,290.0,290.0,281.0,281.0,-1.4,6935.0,853.9,681.1
TRH,6/3/2018,277.0,282.0,277.0,280.0,-0.36,3330.0,853.9,681.1
TRH,6/4/2018,275.0,275.0,275.0,275.0,-1.79,80.0,853.9,681.1
TRH,6/6/2018,280.0,280.0,280.0,280.0,1.82,20.0,853.9,681.1
TRH,6/7/2018,275.0,276.0,275.0,275.0,-1.79,2970.0,853.9,681.1
TRH,6/10/2018,272.0,272.0,266.0,266.0,-3.27,1885.0,853.9,681.1
TRH,6/11/2018,271.0,280.0,270.0,273.0,2.63,3170.0,853.9,681.1
TRH,6/12/2018,278.0,278.0,273.0,273.0,0.0,410.0,853.9,681.1
TRH,6/13/2018,275.0,280.0,273.0,280.0,2.56,1160.0,853.9,681.1
TRH,6/14/2018,285.0,285.0,276.0,280.0,0.0,1170.0,853.9,681.1
TRH,6/17/2018,276.0,277.0,271.0,271.0,-3.21,2185.0,853.9,681.1
TRH,6/18/2018,271.0,275.0,271.0,275.0,1.48,750.0,853.9,681.1
TRH,6/19/2018,271.0,272.0,271.0,272.0,-1.09,560.0,853.9,681.1
TRH,6/20/2018,267.0,270.0,267.0,270.0,-0.74,40.0,853.9,681.1
TRH,6/21/2018,270.0,275.0,270.0,275.0,1.85,250.0,853.9,681.1
TRH,6/24/2018,275.0,275.0,275.0,275.0,0.0,100.0,853.9,681.1
TRH,6/25/2018,275.0,279.0,275.0,279.0,1.45,510.0,853.9,681.1
TRH,6/26/2018,275.0,275.0,272.0,272.0,-2.51,3050.0,853.9,681.1
TRH,6/27/2018,277.0,277.0,277.0,277.0,1.84,10.0,853.9,681.1
TRH,6/28/2018,272.0,272.0,270.0,270.0,-2.53,30.0,853.9,681.1
TRH,7/1/2018,275.0,275.0,255.0,270.0,0.0,7050.0,853.9,681.1
TRH,7/2/2018,266.0,270.0,260.0,260.0,-3.7,1470.0,853.9,681.1
TRH,7/3/2018,265.0,265.0,264.0,265.0,1.92,100.0,853.9,681.1
TRH,7/4/2018,261.0,268.0,261.0,268.0,1.13,1020.0,853.9,681.1
TRH,7/5/2018,273.0,274.0,268.0,274.0,2.24,3720.0,853.9,681.1
TRH,7/8/2018,276.0,282.0,274.0,277.0,1.09,850.0,853.9,681.1
TRH,7/9/2018,272.0,272.0,270.0,270.0,-2.53,800.0,853.9,681.1
TRH,7/10/2018,270.0,270.0,270.0,270.0,0.0,100.0,853.9,681.1
TRH,7/11/2018,275.0,275.0,265.0,265.0,-1.85,470.0,853.9,681.1
TRH,7/12/2018,262.0,262.0,262.0,262.0,-1.13,10.0,853.9,681.1
TRH,7/15/2018,265.0,265.0,265.0,265.0,1.15,40.0,853.9,681.1
TRH,7/16/2018,267.0,275.0,267.0,274.0,3.4,130.0,853.9,681.1
TRH,7/19/2018,269.0,269.0,264.0,264.0,-3.65,20.0,853.9,681.1
TRH,7/22/2018,265.0,269.0,265.0,269.0,1.89,1200.0,853.9,681.1
TRH,7/23/2018,274.0,274.0,269.0,269.0,0.0,90.0,853.9,681.1
TRH,7/24/2018,274.0,275.0,274.0,275.0,2.23,200.0,853.9,681.1
TRH,7/26/2018,270.0,270.0,270.0,270.0,-1.82,10.0,853.9,681.1
TRH,7/30/2018,266.0,270.0,265.0,270.0,0.0,570.0,853.9,681.1
TRH,7/31/2018,274.0,274.0,270.0,274.0,1.48,30.0,853.9,681.1
TRH,8/1/2018,279.0,277.0,267.0,267.0,-2.55,360.0,853.9,681.1
TRH,8/2/2018,263.0,263.0,263.0,263.0,-1.5,30.0,853.9,681.1
TRH,8/6/2018,263.0,270.0,263.0,265.0,0.76,530.0,853.9,681.1
TRH,8/7/2018,270.0,270.0,265.0,265.0,0.0,30.0,853.9,681.1
TRH,8/8/2018,270.0,270.0,270.0,270.0,1.89,210.0,853.9,681.1
TRH,8/9/2018,266.0,266.0,260.0,260.0,-3.7,1040.0,853.9,681.1
TRH,8/12/2018,262.0,262.0,255.0,255.0,-1.92,2130.0,853.9,681.1
TRH,8/13/2018,251.0,265.0,250.0,265.0,3.92,5580.0,853.9,681.1
TRH,8/14/2018,260.0,260.0,255.0,260.0,-1.89,1060.0,853.9,681.1
TRH,8/15/2018,260.0,279.0,260.0,279.0,7.31,7010.0,853.9,681.1
TRH,8/16/2018,277.0,277.0,270.0,270.0,-3.23,490.0,853.9,681.1
TRH,8/19/2018,266.0,267.0,265.0,265.0,-1.85,370.0,853.9,681.1
TRH,8/20/2018,262.0,262.0,261.0,261.0,-1.51,570.0,853.9,681.1
TRH,8/21/2018,259.0,260.0,258.0,258.0,-1.15,1750.0,853.9,681.1
TRH,8/22/2018,258.0,262.0,258.0,260.0,0.78,2545.0,853.9,681.1
TRH,8/23/2018,260.0,261.0,258.0,261.0,0.38,1070.0,853.9,681.1
TRH,8/26/2018,258.0,260.0,257.0,257.0,-1.53,980.0,853.9,681.1
TRH,8/28/2018,262.0,264.0,261.0,261.0,1.56,570.0,853.9,681.1
TRH,8/29/2018,259.0,259.0,257.0,257.0,-1.53,450.0,853.9,681.1
TRH,8/30/2018,262.0,262.0,262.0,262.0,1.95,750.0,853.9,681.1
TRH,9/2/2018,263.0,263.0,263.0,263.0,0.38,50.0,853.9,681.1
TRH,9/3/2018,265.0,267.0,262.0,264.0,0.38,1960.0,853.9,681.1
TRH,9/4/2018,269.0,267.0,267.0,267.0,1.14,20.0,853.9,681.1
TRH,9/5/2018,268.0,278.0,268.0,273.0,2.25,2350.0,853.9,681.1
TRH,9/6/2018,269.0,270.0,268.0,268.0,-1.83,630.0,853.9,681.1
TRH,9/9/2018,263.0,263.0,263.0,263.0,-1.87,10.0,853.9,681.1
TRH,9/11/2018,268.0,268.0,268.0,268.0,1.9,10.0,853.9,681.1
TRH,9/12/2018,273.0,273.0,263.0,263.0,-1.87,1520.0,853.9,681.1
TRH,9/13/2018,268.0,269.0,267.0,269.0,2.28,10660.0,853.9,681.1
TRH,9/16/2018,264.0,267.0,259.0,259.0,-3.72,21445.0,853.9,681.1
TRH,9/17/2018,257.0,265.0,257.0,264.0,1.93,9240.0,853.9,681.1
TRH,9/18/2018,260.0,265.0,260.0,260.0,-1.52,1570.0,853.9,681.1
TRH,9/20/2018,260.0,265.0,260.0,262.0,0.77,2140.0,853.9,681.1
TRH,9/23/2018,262.0,262.0,259.0,260.0,-0.76,390.0,853.9,681.1
TRH,9/25/2018,265.0,265.0,260.0,265.0,1.92,1540.0,853.9,681.1
TRH,9/26/2018,270.0,270.0,265.0,265.0,0.0,2610.0,853.9,681.1
TRH,9/27/2018,264.0,264.0,259.0,259.0,-2.26,2620.0,853.9,681.1
TRH,9/30/2018,259.0,261.0,259.0,260.0,0.39,6520.0,853.9,681.1
TRH,10/1/2018,265.0,265.0,258.0,258.0,-0.77,2520.0,853.9,681.1
TRH,10/2/2018,258.0,260.0,258.0,260.0,0.78,530.0,853.9,681.1
TRH,10/3/2018,258.0,262.0,257.0,257.0,-1.15,7600.0,853.9,681.1
TRH,10/4/2018,259.0,259.0,257.0,257.0,0.0,3580.0,853.9,681.1
TRH,10/8/2018,262.0,262.0,252.0,257.0,0.0,380.0,853.9,681.1
TRH,10/9/2018,253.0,253.0,253.0,253.0,-1.56,310.0,853.9,681.1
TRH,10/10/2018,248.0,252.0,248.0,250.0,-1.19,260.0,853.9,681.1
TRH,10/11/2018,255.0,260.0,250.0,257.0,2.8,1770.0,853.9,681.1
TRH,10/14/2018,252.0,256.0,252.0,256.0,-0.39,60.0,853.9,681.1
TRH,10/15/2018,261.0,261.0,261.0,261.0,1.95,10.0,853.9,681.1
TRH,10/21/2018,266.0,266.0,261.0,261.0,0.0,110.0,853.9,681.1
TRH,10/24/2018,256.0,261.0,251.0,261.0,0.0,160.0,853.9,681.1
TRH,10/25/2018,258.0,258.0,256.0,256.0,-1.92,500.0,853.9,681.1
TRH,10/28/2018,253.0,253.0,251.0,251.0,-1.95,900.0,853.9,681.1
TRH,10/29/2018,255.0,255.0,250.0,251.0,0.0,660.0,853.9,681.1
TRH,10/30/2018,250.0,264.0,250.0,264.0,5.18,660.0,853.9,681.1
TRH,10/31/2018,260.0,260.0,255.0,255.0,-3.41,7180.0,853.9,681.1
TRH,11/1/2018,255.0,259.0,255.0,256.0,0.39,730.0,853.9,681.1
TRH,11/4/2018,256.0,256.0,256.0,256.0,0.0,50.0,853.9,681.1
TRH,11/5/2018,261.0,261.0,256.0,257.0,0.39,710.0,853.9,681.1
TRH,11/6/2018,257.0,265.0,256.0,265.0,3.11,420.0,853.9,681.1
TRH,11/11/2018,265.0,265.0,265.0,265.0,0.0,50.0,853.9,681.1
TRH,11/15/2018,260.0,260.0,255.0,255.0,-3.77,190.0,853.9,681.1
TRH,11/18/2018,255.0,255.0,247.0,247.0,-3.14,640.0,853.9,681.1
TRH,11/19/2018,246.0,248.0,244.0,244.0,-1.21,820.0,853.9,681.1
TRH,11/20/2018,244.0,244.0,244.0,244.0,0.0,500.0,853.9,681.1
TRH,11/21/2018,240.0,248.0,240.0,248.0,1.64,110.0,853.9,681.1
TRH,11/26/2018,244.0,244.0,236.0,244.0,-1.61,718.0,853.9,681.1
TRH,11/28/2018,248.0,248.0,244.0,244.0,0.0,40.0,853.9,681.1
TRH,11/29/2018,240.0,240.0,240.0,240.0,-1.64,230.0,853.9,681.1
TRH,12/2/2018,236.0,236.0,230.0,230.0,-4.17,1211.0,853.9,681.1
TRH,12/3/2018,226.0,231.0,226.0,231.0,0.43,1240.0,853.9,681.1
TRH,12/4/2018,230.0,230.0,230.0,230.0,-0.43,40.0,853.9,681.1
TRH,12/5/2018,234.0,234.0,230.0,230.0,0.0,360.0,853.9,681.1
TRH,12/6/2018,234.0,234.0,230.0,230.0,0.0,580.0,853.9,681.1
TRH,12/9/2018,230.0,230.0,228.0,228.0,-0.87,220.0,853.9,681.1
TRH,12/10/2018,232.0,232.0,232.0,232.0,1.75,10.0,853.9,681.1
TRH,12/11/2018,228.0,232.0,227.0,227.0,-2.16,200.0,853.9,681.1
TRH,12/13/2018,227.0,235.0,227.0,235.0,3.52,50.0,853.9,681.1
TRH,12/16/2018,239.0,256.0,239.0,256.0,8.94,710.0,853.9,681.1
TRH,12/17/2018,252.0,257.0,252.0,257.0,0.39,150.0,853.9,681.1
TRH,12/18/2018,256.0,262.0,256.0,257.0,0.0,180.0,853.9,681.1
TRH,12/20/2018,254.0,254.0,245.0,245.0,-4.67,60.0,853.9,681.1
TRH,12/23/2018,245.0,255.0,241.0,250.0,2.04,3970.0,853.9,681.1
TRH,12/24/2018,246.0,246.0,242.0,242.0,-3.2,830.0,853.9,681.1
TRH,12/25/2018,242.0,242.0,242.0,242.0,0.0,500.0,853.9,681.1
TRH,12/26/2018,242.0,255.0,242.0,255.0,5.37,1690.0,853.9,681.1
TRH,12/27/2018,255.0,259.0,245.0,245.0,-3.92,1350.0,853.9,681.1
TRH,12/30/2018,244.0,244.0,244.0,244.0,-0.41,810.0,853.9,681.1
TRH,12/31/2018,241.0,241.0,241.0,241.0,-1.23,20.0,853.9,681.1
TRH,1/1/2019,241.0,245.0,241.0,245.0,1.66,30.0,853.9,681.1
TRH,1/2/2019,248.0,250.0,241.0,246.0,0.41,1850.0,853.9,681.1
TRH,1/3/2019,246.0,246.0,242.0,246.0,0.0,540.0,853.9,681.1
TRH,1/6/2019,243.0,243.0,242.0,242.0,-1.63,300.0,853.9,681.1
TRH,1/7/2019,243.0,245.0,243.0,245.0,1.24,30.0,853.9,681.1
TRH,1/8/2019,241.0,245.0,241.0,242.0,-1.22,810.0,853.9,681.1
TRH,1/9/2019,241.0,243.0,239.0,239.0,-1.24,970.0,853.9,681.1
TRH,1/10/2019,243.0,250.0,243.0,250.0,4.6,120.0,853.9,681.1
TRH,1/13/2019,245.0,245.0,237.0,237.0,-5.2,570.0,853.9,681.1
TRH,1/14/2019,241.0,249.0,241.0,245.0,3.38,150.0,853.9,681.1
TRH,1/17/2019,249.0,257.0,249.0,250.0,2.04,1380.0,853.9,681.1
TRH,1/21/2019,248.0,251.0,246.0,248.0,-0.8,1490.0,853.9,681.1
TRH,1/22/2019,247.0,250.0,247.0,248.0,0.0,530.0,853.9,681.1
TRH,1/23/2019,252.0,252.0,248.0,251.0,1.21,2960.0,853.9,681.1
TRH,1/24/2019,253.0,255.0,251.0,251.0,0.0,610.0,853.9,681.1
TRH,1/27/2019,251.0,256.0,247.0,247.0,-1.59,630.0,853.9,681.1
TRH,1/28/2019,250.0,250.0,250.0,250.0,1.21,1250.0,853.9,681.1
TRH,1/29/2019,250.0,250.0,247.0,247.0,-1.2,180.0,853.9,681.1
TRH,1/30/2019,247.0,251.0,247.0,247.0,0.0,1010.0,853.9,681.1
TRH,1/31/2019,245.0,248.0,245.0,248.0,0.4,100.0,853.9,681.1
TRH,2/3/2019,250.0,250.0,244.0,244.0,-1.61,990.0,853.9,681.1
TRH,2/4/2019,242.0,244.0,242.0,242.0,-0.82,1080.0,853.9,681.1
TRH,2/5/2019,240.0,244.0,240.0,240.0,-0.83,1830.0,853.9,681.1
TRH,2/6/2019,238.0,238.0,235.0,235.0,-2.08,1800.0,853.9,681.1
TRH,2/7/2019,234.0,238.0,231.0,238.0,1.28,5790.0,853.9,681.1
TRH,2/10/2019,234.0,235.0,230.0,235.0,-1.26,70.0,853.9,681.1
TRH,2/11/2019,234.0,239.0,234.0,239.0,1.7,50.0,853.9,681.1
TRH,2/12/2019,243.0,243.0,243.0,243.0,1.67,10.0,853.9,681.1
TRH,2/13/2019,245.0,247.0,240.0,240.0,-1.23,660.0,853.9,681.1
TRH,2/17/2019,244.0,244.0,244.0,244.0,1.67,10.0,853.9,681.1
TRH,2/18/2019,248.0,248.0,240.0,240.0,-1.64,30.0,853.9,681.1
TRH,2/19/2019,244.0,248.0,244.0,248.0,3.33,30.0,853.9,681.1
TRH,2/24/2019,244.0,248.0,240.0,240.0,-3.23,680.0,853.9,681.1
TRH,2/25/2019,237.0,241.0,237.0,241.0,0.42,160.0,853.9,681.1
TRH,2/26/2019,241.0,241.0,240.0,240.0,-0.41,670.0,853.9,681.1
TRH,2/27/2019,238.0,241.0,238.0,241.0,0.42,290.0,853.9,681.1
TRH,3/3/2019,240.0,244.0,240.0,243.0,0.83,450.0,853.9,681.1
TRH,3/5/2019,245.0,245.0,241.0,241.0,-0.82,36.0,853.9,681.1
TRH,3/6/2019,240.0,248.0,240.0,248.0,2.9,900.0,853.9,681.1
TRH,3/7/2019,247.0,247.0,243.0,247.0,-0.4,40.0,853.9,681.1
TRH,3/10/2019,243.0,247.0,243.0,247.0,0.0,1520.0,853.9,681.1
TRH,3/11/2019,247.0,253.0,245.0,253.0,2.43,2676.0,853.9,681.1
TRH,3/12/2019,255.0,258.0,253.0,257.0,1.58,260.0,853.9,681.1
TRH,3/13/2019,255.0,258.0,245.0,245.0,-4.67,1050.0,853.9,681.1
TRH,3/14/2019,249.0,249.0,249.0,249.0,1.63,10.0,853.9,681.1
TRH,3/17/2019,245.0,245.0,245.0,245.0,-1.61,20.0,853.9,681.1
TRH,3/18/2019,246.0,255.0,246.0,252.0,2.86,180.0,853.9,681.1
TRH,3/19/2019,252.0,252.0,250.0,252.0,0.0,260.0,853.9,681.1
TRH,3/21/2019,247.0,247.0,244.0,244.0,-3.17,120.0,853.9,681.1
TRH,3/24/2019,244.0,245.0,237.0,237.0,-2.87,2570.0,853.9,681.1
TRH,3/25/2019,234.0,238.0,234.0,238.0,0.42,210.0,853.9,681.1
TRH,3/26/2019,234.0,240.0,234.0,240.0,0.84,160.0,853.9,681.1
TRH,3/27/2019,244.0,244.0,236.0,244.0,1.67,550.0,853.9,681.1
TRH,3/28/2019,240.0,244.0,240.0,244.0,0.0,2085.0,853.9,681.1
TRH,3/31/2019,240.0,240.0,237.0,238.0,-2.46,1525.0,853.9,681.1
TRH,4/1/2019,238.0,244.0,238.0,244.0,2.52,4930.0,853.9,681.1
TRH,4/2/2019,240.0,250.0,240.0,250.0,2.46,880.0,853.9,681.1
TRH,4/3/2019,246.0,250.0,246.0,250.0,0.0,40.0,853.9,681.1
TRH,4/4/2019,252.0,252.0,252.0,252.0,0.8,10.0,853.9,681.1
TRH,4/8/2019,247.0,248.0,240.0,248.0,-1.59,4360.0,853.9,681.1
TRH,4/9/2019,244.0,244.0,238.0,238.0,-4.03,520.0,853.9,681.1
TRH,4/10/2019,236.0,236.0,230.0,230.0,-3.36,7191.0,853.9,681.1
TRH,4/11/2019,230.0,238.0,230.0,231.0,0.43,2040.0,853.9,681.1
TRH,4/15/2019,227.0,238.0,227.0,238.0,3.03,200.0,853.9,681.1
TRH,4/16/2019,242.0,242.0,242.0,242.0,1.68,10.0,853.9,681.1
TRH,4/18/2019,238.0,238.0,230.0,230.0,-4.96,590.0,853.9,681.1
TRH,4/21/2019,234.0,238.0,234.0,238.0,3.48,110.0,853.9,681.1
TRH,4/22/2019,242.0,246.0,242.0,246.0,3.36,710.0,853.9,681.1
TRH,4/23/2019,249.0,249.0,249.0,249.0,1.22,10.0,853.9,681.1
TRH,4/24/2019,253.0,258.0,253.0,258.0,3.61,21.0,853.9,681.1
TRH,4/25/2019,261.0,261.0,233.0,234.0,-9.3,2250.0,853.9,681.1
TRH,4/28/2019,238.0,250.0,238.0,238.0,1.71,3120.0,853.9,681.1
TRH,4/29/2019,235.0,246.0,235.0,246.0,3.36,380.0,853.9,681.1
TRH,4/30/2019,242.0,243.0,238.0,240.0,-2.44,2510.0,853.9,681.1
TRH,5/2/2019,240.0,244.0,236.0,244.0,1.67,3013.0,853.9,681.1
TRH,5/5/2019,240.0,247.0,237.0,237.0,-2.87,720.0,853.9,681.1
TRH,5/6/2019,241.0,241.0,241.0,241.0,1.69,10.0,853.9,681.1
TRH,5/7/2019,245.0,258.0,245.0,249.0,3.32,5870.0,853.9,681.1
TRH,5/8/2019,251.0,251.0,236.0,237.0,-4.82,6420.0,853.9,681.1
TRH,5/9/2019,241.0,252.0,238.0,245.0,3.38,950.0,853.9,681.1
TRH,5/12/2019,249.0,255.0,240.0,251.0,2.45,5410.0,853.9,681.1
TRH,5/13/2019,246.0,255.0,243.0,250.0,-0.4,6212.0,853.9,681.1
TRH,5/14/2019,255.0,255.0,245.0,253.0,1.2,2022.0,853.9,681.1
TRH,5/15/2019,253.0,270.0,250.0,255.0,0.79,17502.0,853.9,681.1
TRH,6/2/2019,260.0,280.0,260.0,280.0,9.8,39604.0,853.9,681.1
TRH,6/3/2019,285.0,308.0,285.0,301.0,7.5,103598.0,853.9,681.1
TRH,6/4/2019,301.0,327.0,297.0,322.0,6.98,76718.0,853.9,681.1
TRH,6/6/2019,324.0,339.0,319.0,327.0,1.55,93549.0,853.9,681.1
TRH,6/10/2019,327.0,327.0,303.0,303.0,-7.34,26639.0,853.9,681.1
TRH,6/11/2019,318.0,318.0,307.0,310.0,2.31,25214.0,853.9,681.1
TRH,6/12/2019,308.0,319.0,306.0,318.0,2.58,24339.0,853.9,681.1
TRH,6/13/2019,312.0,328.0,311.0,324.0,1.89,24872.0,853.9,681.1
TRH,6/16/2019,318.0,328.0,317.0,319.0,-1.54,26745.0,853.9,681.1
TRH,6/17/2019,322.0,322.0,316.0,321.0,0.63,21910.0,853.9,681.1
TRH,6/18/2019,305.0,314.0,295.0,312.0,-2.8,138753.0,853.9,681.1
TRH,6/19/2019,310.0,321.0,307.0,320.0,2.56,42602.0,853.9,681.1
TRH,6/20/2019,315.0,323.0,309.0,322.0,0.63,9515.0,853.9,681.1
TRH,6/23/2019,316.0,316.0,311.0,313.0,-2.8,4900.0,853.9,681.1
TRH,6/24/2019,317.0,317.0,311.0,315.0,0.64,10700.0,853.9,681.1
TRH,6/25/2019,319.0,319.0,314.0,314.0,-0.32,3850.0,853.9,681.1
TRH,6/26/2019,310.0,316.0,310.0,311.0,-0.96,4530.0,853.9,681.1
TRH,6/27/2019,311.0,311.0,307.0,309.0,-0.64,11269.0,853.9,681.1
TRH,6/30/2019,309.0,309.0,302.0,304.0,-1.62,9110.0,853.9,681.1
TRH,7/1/2019,304.0,309.0,301.0,308.0,1.32,4261.0,853.9,681.1
TRH,7/2/2019,308.0,312.0,307.0,311.0,0.97,6927.0,853.9,681.1
TRH,7/3/2019,313.0,316.0,311.0,314.0,0.96,10020.0,853.9,681.1
TRH,7/4/2019,311.0,311.0,310.0,311.0,-0.96,11830.0,853.9,681.1
TRH,7/7/2019,316.0,323.0,311.0,315.0,1.29,9060.0,853.9,681.1
TRH,7/8/2019,315.0,319.0,313.0,316.0,0.32,7770.0,853.9,681.1
TRH,7/9/2019,315.0,317.0,312.0,317.0,0.32,21154.0,853.9,681.1
TRH,7/10/2019,315.0,315.0,312.0,312.0,-1.58,1865.0,853.9,681.1
TRH,7/11/2019,313.0,314.0,311.0,311.0,-0.32,10936.0,853.9,681.1
TRH,7/14/2019,316.0,316.0,314.0,314.0,0.96,3101.0,853.9,681.1
TRH,7/15/2019,314.0,318.0,313.0,316.0,0.64,1850.0,853.9,681.1
TRH,7/17/2019,315.0,321.0,314.0,319.0,0.95,2928.0,853.9,681.1
TRH,7/18/2019,316.0,317.0,315.0,317.0,-0.63,1150.0,853.9,681.1
TRH,7/21/2019,312.0,317.0,311.0,317.0,0.0,1790.0,853.9,681.1
TRH,7/22/2019,316.0,319.0,314.0,319.0,0.63,4100.0,853.9,681.1
TRH,7/23/2019,324.0,324.0,315.0,319.0,0.0,4107.0,853.9,681.1
TRH,7/24/2019,324.0,324.0,314.0,321.0,0.63,10510.0,853.9,681.1
TRH,7/25/2019,320.0,322.0,312.0,317.0,-1.25,12419.0,853.9,681.1
TRH,7/28/2019,312.0,312.0,310.0,310.0,-2.21,5040.0,853.9,681.1
TRH,7/29/2019,315.0,316.0,310.0,310.0,0.0,417.0,853.9,681.1
TRH,7/30/2019,316.0,318.0,312.0,318.0,2.58,3970.0,853.9,681.1
TRH,7/31/2019,316.0,316.0,314.0,314.0,-1.26,4960.0,853.9,681.1
TRH,8/1/2019,315.0,318.0,314.0,316.0,0.64,550.0,853.9,681.1
TRH,8/4/2019,312.0,316.0,310.0,310.0,-1.9,3270.0,853.9,681.1
TRH,8/5/2019,308.0,309.0,307.0,308.0,-0.65,2418.0,853.9,681.1
TRH,8/6/2019,307.0,310.0,304.0,306.0,-0.65,4080.0,853.9,681.1
TRH,8/7/2019,312.0,312.0,307.0,309.0,0.98,510.0,853.9,681.1
TRH,8/8/2019,310.0,310.0,309.0,309.0,0.0,5893.0,853.9,681.1
TRH,8/11/2019,307.0,307.0,307.0,307.0,-0.65,380.0,853.9,681.1
TRH,8/12/2019,308.0,308.0,308.0,308.0,0.33,1720.0,853.9,681.1
TRH,8/13/2019,306.0,306.0,305.0,305.0,-0.97,2000.0,853.9,681.1
TRH,8/14/2019,305.0,305.0,303.0,303.0,-0.66,6285.0,853.9,681.1
TRH,8/15/2019,300.0,308.0,300.0,308.0,1.65,1100.0,853.9,681.1
TRH,8/18/2019,305.0,306.0,304.0,304.0,-1.3,3090.0,853.9,681.1
TRH,8/19/2019,299.0,316.0,299.0,309.0,1.64,3480.0,853.9,681.1
TRH,8/20/2019,305.0,305.0,301.0,302.0,-2.27,2171.0,853.9,681.1
TRH,8/21/2019,305.0,308.0,302.0,306.0,1.32,1120.0,853.9,681.1
TRH,8/22/2019,307.0,308.0,303.0,303.0,-0.98,2759.0,853.9,681.1
TRH,8/25/2019,300.0,300.0,300.0,300.0,-0.99,1550.0,853.9,681.1
TRH,8/26/2019,297.0,301.0,297.0,300.0,0.0,14810.0,853.9,681.1
TRH,8/27/2019,301.0,303.0,300.0,300.0,0.0,7752.0,853.9,681.1
TRH,8/28/2019,305.0,305.0,298.0,298.0,-0.67,6720.0,853.9,681.1
TRH,8/29/2019,298.0,302.0,295.0,295.0,-1.01,3130.0,853.9,681.1
TRH,9/1/2019,295.0,297.0,292.0,297.0,0.68,1270.0,853.9,681.1
TRH,9/2/2019,295.0,295.0,288.0,293.0,-1.35,1910.0,853.9,681.1
TRH,9/3/2019,293.0,302.0,287.0,302.0,3.07,4310.0,853.9,681.1
TRH,9/4/2019,296.0,305.0,296.0,305.0,0.99,190.0,853.9,681.1
TRH,9/5/2019,299.0,299.0,299.0,299.0,-1.97,100.0,853.9,681.1
TRH,9/8/2019,294.0,294.0,293.0,293.0,-2.01,435.0,853.9,681.1
TRH,9/9/2019,294.0,294.0,285.0,289.0,-1.37,3150.0,853.9,681.1
TRH,9/10/2019,285.0,290.0,285.0,287.0,-0.69,2560.0,853.9,681.1
TRH,9/11/2019,284.0,290.0,283.0,283.0,-1.39,871.0,853.9,681.1
TRH,9/12/2019,280.0,285.0,275.0,275.0,-2.83,3662.0,853.9,681.1
TRH,9/15/2019,270.0,270.0,267.0,267.0,-2.91,2108.0,853.9,681.1
TRH,9/16/2019,270.0,275.0,270.0,272.0,1.87,1655.0,853.9,681.1
TRH,9/17/2019,277.0,290.0,272.0,285.0,4.78,4431.0,853.9,681.1
TRH,9/18/2019,284.0,300.0,282.0,300.0,5.26,4750.0,853.9,681.1
TRH,9/19/2019,295.0,295.0,290.0,290.0,-3.33,2930.0,853.9,681.1
TRH,9/22/2019,285.0,285.0,276.0,281.0,-3.1,445.0,853.9,681.1
TRH,9/23/2019,276.0,285.0,276.0,279.0,-0.71,1775.0,853.9,681.1
TRH,9/24/2019,276.0,278.0,274.0,278.0,-0.36,1360.0,853.9,681.1
TRH,9/26/2019,278.0,280.0,275.0,280.0,0.72,310.0,853.9,681.1
TRH,9/29/2019,279.0,280.0,275.0,280.0,0.0,3525.0,853.9,681.1
TRH,9/30/2019,275.0,284.0,275.0,284.0,1.43,715.0,853.9,681.1
TRH,10/1/2019,289.0,294.0,285.0,293.0,3.17,949.0,853.9,681.1
TRH,10/2/2019,288.0,288.0,283.0,288.0,-1.71,1680.0,853.9,681.1
TRH,10/3/2019,285.0,288.0,285.0,288.0,0.0,50.0,853.9,681.1
TRH,10/10/2019,283.0,285.0,283.0,285.0,-1.04,460.0,853.9,681.1
TRH,10/14/2019,280.0,280.0,275.0,275.0,-3.51,928.0,853.9,681.1
TRH,10/15/2019,275.0,279.0,273.0,279.0,1.45,1200.0,853.9,681.1
TRH,10/17/2019,284.0,284.0,284.0,284.0,1.79,10.0,853.9,681.1
TRH,10/20/2019,279.0,286.0,279.0,286.0,0.7,592.0,853.9,681.1
TRH,10/21/2019,285.0,286.0,281.0,281.0,-1.75,213.0,853.9,681.1
TRH,10/22/2019,286.0,288.0,285.0,288.0,2.49,270.0,853.9,681.1
TRH,10/23/2019,283.0,283.0,275.0,280.0,-2.78,1995.0,853.9,681.1
TRH,10/24/2019,280.0,290.0,280.0,290.0,3.57,330.0,853.9,681.1
TRH,10/31/2019,285.0,285.0,285.0,285.0,-1.72,110.0,853.9,681.1
TRH,11/3/2019,280.0,280.0,276.0,276.0,-3.16,2370.0,853.9,681.1
TRH,11/4/2019,281.0,286.0,281.0,286.0,3.62,20.0,853.9,681.1
TRH,11/7/2019,281.0,281.0,281.0,281.0,-1.75,40.0,853.9,681.1
TRH,11/10/2019,276.0,281.0,271.0,271.0,-3.56,1590.0,853.9,681.1
TRH,11/11/2019,270.0,280.0,270.0,280.0,3.32,30.0,853.9,681.1
TRH,11/12/2019,276.0,276.0,275.0,275.0,-1.79,1551.0,853.9,681.1
TRH,11/13/2019,275.0,275.0,270.0,270.0,-1.82,1060.0,853.9,681.1
TRH,11/14/2019,270.0,280.0,268.0,271.0,0.37,1361.0,853.9,681.1
TRH,11/17/2019,266.0,266.0,256.0,261.0,-3.69,3189.0,853.9,681.1
TRH,11/18/2019,261.0,261.0,261.0,261.0,0.0,680.0,853.9,681.1
TRH,11/19/2019,265.0,271.0,265.0,271.0,3.83,130.0,853.9,681.1
TRH,11/20/2019,276.0,276.0,260.0,260.0,-4.06,1000.0,853.9,681.1
TRH,11/21/2019,261.0,265.0,260.0,265.0,1.92,1125.0,853.9,681.1
TRH,11/24/2019,270.0,270.0,270.0,270.0,1.89,10.0,853.9,681.1
TRH,11/25/2019,265.0,266.0,265.0,265.0,-1.85,470.0,853.9,681.1
TRH,11/26/2019,262.0,267.0,262.0,267.0,0.75,30.0,853.9,681.1
TRH,11/27/2019,263.0,269.0,263.0,269.0,0.75,140.0,853.9,681.1
TRH,11/28/2019,267.0,268.0,264.0,268.0,-0.37,2350.0,853.9,681.1
TRH,12/1/2019,266.0,266.0,266.0,266.0,-0.75,200.0,853.9,681.1
TRH,12/2/2019,263.0,267.0,263.0,264.0,-0.75,120.0,853.9,681.1
TRH,12/3/2019,267.0,268.0,267.0,268.0,1.52,1030.0,853.9,681.1
TRH,12/4/2019,268.0,275.0,265.0,273.0,1.87,1760.0,853.9,681.1
TRH,12/5/2019,270.0,278.0,265.0,278.0,1.83,710.0,853.9,681.1
TRH,12/9/2019,276.0,288.0,274.0,283.0,1.8,1360.0,853.9,681.1
TRH,12/10/2019,279.0,279.0,274.0,274.0,-3.18,1750.0,853.9,681.1
TRH,12/11/2019,275.0,280.0,274.0,274.0,0.0,300.0,853.9,681.1
TRH,12/12/2019,269.0,275.0,265.0,275.0,0.36,800.0,853.9,681.1
TRH,12/15/2019,270.0,270.0,270.0,270.0,-1.82,300.0,853.9,681.1
TRH,12/16/2019,270.0,275.0,270.0,275.0,1.85,30.0,853.9,681.1
TRH,12/17/2019,270.0,275.0,270.0,275.0,0.0,635.0,853.9,681.1
TRH,12/18/2019,271.0,274.0,270.0,274.0,-0.36,750.0,853.9,681.1
TRH,12/19/2019,269.0,269.0,264.0,264.0,-3.65,320.0,853.9,681.1
TRH,12/22/2019,269.0,274.0,269.0,273.0,3.41,265.0,853.9,681.1
TRH,12/23/2019,278.0,282.0,263.0,274.0,0.37,24764.0,853.9,681.1
TRH,12/24/2019,270.0,278.0,267.0,267.0,-2.55,8460.0,853.9,681.1
TRH,12/25/2019,271.0,271.0,271.0,271.0,1.5,20.0,853.9,681.1
TRH,12/26/2019,270.0,270.0,262.0,267.0,-1.48,7140.0,853.9,681.1
TRH,12/29/2019,262.0,265.0,262.0,265.0,-0.75,1190.0,853.9,681.1
TRH,12/30/2019,263.0,266.0,262.0,263.0,-0.75,3200.0,853.9,681.1
TRH,12/31/2019,258.0,274.0,258.0,271.0,3.04,2790.0,853.9,681.1
TRH,1/1/2020,274.0,298.0,274.0,298.0,9.96,67858.0,853.9,681.1
TRH,1/2/2020,293.0,300.0,284.0,287.0,-3.69,34267.0,853.9,681.1
TRH,1/5/2020,292.0,293.0,283.0,287.0,0.0,11310.0,853.9,681.1
TRH,1/6/2020,287.0,290.0,281.0,284.0,-1.05,5320.0,853.9,681.1
TRH,1/7/2020,281.0,288.0,280.0,285.0,0.35,5270.0,853.9,681.1
TRH,1/8/2020,290.0,290.0,277.0,277.0,-2.81,1290.0,853.9,681.1
TRH,1/9/2020,277.0,282.0,277.0,280.0,1.08,8544.0,853.9,681.1
TRH,1/12/2020,283.0,302.0,283.0,290.0,3.57,19147.0,853.9,681.1
TRH,1/13/2020,295.0,308.0,290.0,298.0,2.76,27727.0,853.9,681.1
TRH,1/14/2020,293.0,302.0,290.0,297.0,-0.34,4172.0,853.9,681.1
TRH,1/15/2020,299.0,301.0,295.0,299.0,0.67,5840.0,853.9,681.1
TRH,1/16/2020,294.0,310.0,294.0,306.0,2.34,21738.0,853.9,681.1
TRH,1/19/2020,307.0,335.0,301.0,325.0,6.21,52653.0,853.9,681.1
TRH,1/20/2020,319.0,324.0,312.0,320.0,-1.54,22265.0,853.9,681.1
TRH,1/21/2020,315.0,324.0,308.0,312.0,-2.5,6308.0,853.9,681.1
TRH,1/22/2020,312.0,313.0,307.0,313.0,0.32,760.0,853.9,681.1
TRH,1/23/2020,318.0,324.0,305.0,305.0,-2.56,16383.0,853.9,681.1
TRH,1/26/2020,303.0,305.0,300.0,300.0,-1.64,4055.0,853.9,681.1
TRH,1/27/2020,302.0,312.0,300.0,306.0,2.0,6733.0,853.9,681.1
TRH,1/28/2020,312.0,312.0,304.0,304.0,-0.65,3578.0,853.9,681.1
TRH,1/29/2020,310.0,315.0,304.0,304.0,0.0,4331.0,853.9,681.1
TRH,1/30/2020,304.0,316.0,304.0,312.0,2.63,4123.0,853.9,681.1
TRH,2/2/2020,318.0,318.0,300.0,310.0,-0.64,7865.0,853.9,681.1
TRH,2/3/2020,305.0,310.0,304.0,310.0,0.0,13200.0,853.9,681.1
TRH,2/4/2020,307.0,307.0,296.0,296.0,-4.52,9928.0,853.9,681.1
TRH,2/5/2020,301.0,307.0,299.0,301.0,1.69,7560.0,853.9,681.1
TRH,2/6/2020,302.0,302.0,297.0,297.0,-1.33,7590.0,853.9,681.1
TRH,2/9/2020,298.0,298.0,292.0,295.0,-0.67,2710.0,853.9,681.1
TRH,2/10/2020,294.0,296.0,289.0,290.0,-1.69,6080.0,853.9,681.1
TRH,2/11/2020,295.0,300.0,289.0,295.0,1.72,3070.0,853.9,681.1
TRH,2/12/2020,290.0,295.0,290.0,295.0,0.0,1080.0,853.9,681.1
TRH,2/13/2020,296.0,311.0,290.0,311.0,5.42,18770.0,853.9,681.1
TRH,2/16/2020,311.0,311.0,301.0,309.0,-0.64,16725.0,853.9,681.1
TRH,2/17/2020,315.0,315.0,304.0,310.0,0.32,19132.0,853.9,681.1
TRH,2/18/2020,304.0,310.0,304.0,306.0,-1.29,3640.0,853.9,681.1
TRH,2/19/2020,291.0,305.0,291.0,304.0,-0.65,7032.0,853.9,681.1
TRH,2/20/2020,306.0,334.0,302.0,334.0,9.87,39532.0,853.9,681.1
TRH,2/23/2020,328.0,328.0,306.0,315.0,-5.69,19159.0,853.9,681.1
TRH,2/24/2020,320.0,325.0,305.0,305.0,-3.17,12810.0,853.9,681.1
TRH,2/25/2020,307.0,317.0,307.0,312.0,2.3,17659.0,853.9,681.1
TRH,2/26/2020,327.0,327.0,309.0,317.0,1.6,48092.0,853.9,681.1
TRH,2/27/2020,315.0,317.0,311.0,311.0,-1.89,18590.0,853.9,681.1
TRH,3/1/2020,305.0,312.0,297.0,297.0,-4.5,16124.0,853.9,681.1
TRH,3/2/2020,293.0,293.0,283.0,283.0,-4.71,8845.0,853.9,681.1
TRH,3/3/2020,288.0,293.0,283.0,283.0,0.0,14366.0,853.9,681.1
TRH,3/4/2020,280.0,285.0,270.0,270.0,-4.59,19137.0,853.9,681.1
TRH,3/5/2020,269.0,269.0,263.0,267.0,-1.11,8780.0,853.9,681.1
TRH,3/10/2020,262.0,262.0,248.0,248.0,-7.12,4220.0,853.9,681.1
TRH,3/11/2020,248.0,271.0,246.0,264.0,6.45,5260.0,853.9,681.1
TRH,3/12/2020,264.0,269.0,248.0,252.0,-4.55,11910.0,853.9,681.1
TRH,3/15/2020,247.0,250.0,236.0,236.0,-6.35,8390.0,853.9,681.1
TRH,3/16/2020,233.0,238.0,227.0,230.0,-2.54,14010.0,853.9,681.1
TRH,3/17/2020,229.0,229.0,217.0,217.0,-5.65,4920.0,853.9,681.1
TRH,3/18/2020,213.0,214.0,201.0,214.0,-1.38,4371.0,853.9,681.1
TRH,3/19/2020,210.0,215.0,205.0,210.0,-1.87,10482.0,853.9,681.1
TRH,3/22/2020,206.0,206.0,202.0,206.0,-1.9,1575.0,853.9,681.1
TRH,5/12/2020,202.0,202.0,200.0,200.0,-2.91,140.0,853.9,681.1
TRH,5/13/2020,196.0,196.0,194.0,194.0,-3.0,110.0,853.9,681.1
TRH,6/29/2020,191.0,191.0,179.0,181.0,-6.7,2549.0,853.9,681.1
TRH,6/30/2020,180.0,180.0,180.0,180.0,-0.55,120.0,853.9,681.1
TRH,7/1/2020,183.0,186.0,183.0,186.0,3.33,1050.0,853.9,681.1
TRH,7/2/2020,189.0,189.0,177.0,177.0,-4.84,770.0,853.9,681.1
TRH,7/5/2020,174.0,186.0,167.0,186.0,5.08,6714.0,853.9,681.1
TRH,7/6/2020,189.0,203.0,183.0,203.0,9.14,7648.0,853.9,681.1
TRH,7/7/2020,207.0,215.0,198.0,215.0,5.91,11565.0,853.9,681.1
TRH,7/8/2020,211.0,214.0,200.0,200.0,-6.98,769.0,853.9,681.1
TRH,7/9/2020,196.0,201.0,194.0,199.0,-0.5,6316.0,853.9,681.1
TRH,7/12/2020,202.0,206.0,192.0,192.0,-3.52,9765.0,853.9,681.1
TRH,7/13/2020,190.0,193.0,189.0,193.0,0.52,3130.0,853.9,681.1
TRH,7/14/2020,196.0,196.0,186.0,196.0,1.55,6055.0,853.9,681.1
TRH,7/15/2020,193.0,193.0,187.0,187.0,-4.59,3450.0,853.9,681.1
TRH,7/16/2020,187.0,192.0,184.0,184.0,-1.6,20290.0,853.9,681.1
TRH,7/20/2020,193.0,199.0,182.0,182.0,-1.09,3803.0,853.9,681.1
TRH,7/21/2020,182.0,196.0,182.0,191.0,4.95,26074.0,853.9,681.1
TRH,7/22/2020,194.0,210.0,194.0,210.0,9.95,18984.0,853.9,681.1
TRH,7/23/2020,220.0,231.0,212.0,231.0,10.0,33859.0,853.9,681.1
TRH,7/26/2020,235.0,254.0,227.0,254.0,9.96,32015.0,853.9,681.1
TRH,7/27/2020,255.0,255.0,229.0,238.0,-6.3,17217.0,853.9,681.1
TRH,7/28/2020,235.0,239.0,227.0,232.0,-2.52,5466.0,853.9,681.1
TRH,7/29/2020,236.0,244.0,218.0,220.0,-5.17,7890.0,853.9,681.1
TRH,7/30/2020,220.0,240.0,215.0,231.0,5.0,8260.0,853.9,681.1
TRH,8/2/2020,227.0,227.0,212.0,216.0,-6.49,11514.0,853.9,681.1
TRH,8/3/2020,220.0,220.0,216.0,220.0,1.85,6940.0,853.9,681.1
TRH,8/5/2020,217.0,217.0,210.0,210.0,-4.55,965.0,853.9,681.1
TRH,8/6/2020,208.0,212.0,206.0,212.0,0.95,4425.0,853.9,681.1
TRH,8/9/2020,208.0,210.0,203.0,210.0,-0.94,3960.0,853.9,681.1
TRH,8/10/2020,206.0,218.0,204.0,218.0,3.81,11775.0,853.9,681.1
TRH,8/11/2020,220.0,220.0,209.0,216.0,-0.92,1976.0,853.9,681.1
TRH,8/12/2020,220.0,220.0,209.0,215.0,-0.46,2994.0,853.9,681.1
TRH,8/13/2020,213.0,213.0,206.0,208.0,-3.26,9195.0,853.9,681.1
TRH,8/16/2020,204.0,212.0,204.0,208.0,0.0,2358.0,853.9,681.1
TRH,8/17/2020,207.0,209.0,203.0,209.0,0.48,3330.0,853.9,681.1
TRH,8/18/2020,212.0,212.0,204.0,205.0,-1.91,3360.0,853.9,681.1
TRH,8/19/2020,201.0,208.0,198.0,204.0,-0.49,1110.0,853.9,681.1
TRH,8/20/2020,203.0,208.0,200.0,200.0,-1.96,15685.0,853.9,681.1
TRH,8/23/2020,203.0,213.0,203.0,213.0,6.5,5260.0,853.9,681.1
TRH,8/24/2020,209.0,220.0,204.0,215.0,0.94,6317.0,853.9,681.1
TRH,8/25/2020,211.0,215.0,210.0,212.0,-1.4,8200.0,853.9,681.1
TRH,8/26/2020,212.0,216.0,211.0,215.0,1.42,10820.0,853.9,681.1
TRH,8/27/2020,219.0,219.0,210.0,213.0,-0.93,8159.0,853.9,681.1
TRH,8/30/2020,210.0,210.0,202.0,202.0,-5.16,5569.0,853.9,681.1
TRH,8/31/2020,204.0,214.0,204.0,209.0,3.47,2990.0,853.9,681.1
TRH,9/2/2020,213.0,220.0,209.0,210.0,0.48,2838.0,853.9,681.1
TRH,9/3/2020,210.0,218.0,210.0,212.0,0.95,6335.0,853.9,681.1
TRH,9/6/2020,213.0,219.0,211.0,211.0,-0.47,8278.0,853.9,681.1
TRH,9/7/2020,209.0,213.0,208.0,211.0,0.0,3059.0,853.9,681.1
TRH,9/8/2020,211.0,215.0,211.0,212.0,0.47,3521.0,853.9,681.1
TRH,9/9/2020,210.0,217.0,208.0,215.0,1.42,4766.0,853.9,681.1
TRH,9/10/2020,217.0,224.0,209.0,213.0,-0.93,8411.0,853.9,681.1
TRH,9/13/2020,213.0,230.0,210.0,226.0,6.1,19673.0,853.9,681.1
TRH,9/14/2020,230.0,230.0,221.0,223.0,-1.33,4115.0,853.9,681.1
TRH,9/15/2020,223.0,225.0,218.0,219.0,-1.79,15897.0,853.9,681.1
TRH,9/16/2020,223.0,240.0,223.0,240.0,9.59,29696.0,853.9,681.1
TRH,9/17/2020,252.0,264.0,252.0,264.0,10.0,59629.0,853.9,681.1
TRH,9/20/2020,269.0,286.0,241.0,242.0,-8.33,30443.0,853.9,681.1
TRH,9/21/2020,240.0,252.0,233.0,243.0,0.41,10854.0,853.9,681.1
TRH,9/22/2020,240.0,256.0,239.0,251.0,3.29,8287.0,853.9,681.1
TRH,9/23/2020,251.0,251.0,242.0,246.0,-1.99,6275.0,853.9,681.1
TRH,9/24/2020,242.0,258.0,242.0,251.0,2.03,8838.0,853.9,681.1
TRH,9/27/2020,252.0,261.0,251.0,253.0,0.8,14506.0,853.9,681.1
TRH,9/28/2020,258.0,259.0,250.0,251.0,-0.79,4760.0,853.9,681.1
TRH,9/29/2020,255.0,256.0,250.0,252.0,0.4,2670.0,853.9,681.1
TRH,9/30/2020,250.0,252.0,245.0,248.0,-1.59,7293.0,853.9,681.1
TRH,10/1/2020,250.0,253.0,248.0,248.0,0.0,8242.0,853.9,681.1
TRH,10/4/2020,251.0,263.0,251.0,263.0,6.05,15081.0,853.9,681.1
TRH,10/5/2020,266.0,266.0,248.0,253.0,-3.8,24126.0,853.9,681.1
TRH,10/6/2020,258.0,258.0,249.0,249.0,-1.58,8400.0,853.9,681.1
TRH,10/7/2020,250.0,260.0,246.0,252.0,1.2,10647.0,853.9,681.1
TRH,10/8/2020,249.0,259.0,249.0,258.0,2.38,9732.0,853.9,681.1
TRH,10/11/2020,259.0,259.0,246.0,246.0,-4.65,5924.0,853.9,681.1
TRH,10/12/2020,243.0,248.0,242.0,247.0,0.41,5776.0,853.9,681.1
TRH,10/13/2020,250.0,250.0,243.0,245.0,-0.81,11250.0,853.9,681.1
TRH,10/14/2020,241.0,247.0,241.0,247.0,0.82,2425.0,853.9,681.1
TRH,10/15/2020,251.0,251.0,242.0,243.0,-1.62,7655.0,853.9,681.1
TRH,10/18/2020,244.0,245.0,240.0,242.0,-0.41,5191.0,853.9,681.1
TRH,10/19/2020,240.0,245.0,240.0,243.0,0.41,1665.0,853.9,681.1
TRH,10/20/2020,242.0,252.0,242.0,247.0,1.65,9272.0,853.9,681.1
TRH,10/21/2020,250.0,250.0,245.0,249.0,0.81,1370.0,853.9,681.1
TRH,10/22/2020,246.0,246.0,241.0,246.0,-1.2,15265.0,853.9,681.1
TRH,10/28/2020,246.0,253.0,245.0,253.0,2.85,7745.0,853.9,681.1
TRH,10/29/2020,252.0,252.0,247.0,252.0,-0.4,7362.0,853.9,681.1
TRH,11/1/2020,247.0,251.0,244.0,249.0,-1.19,8305.0,853.9,681.1
TRH,11/2/2020,250.0,250.0,247.0,249.0,0.0,8151.0,853.9,681.1
TRH,11/3/2020,251.0,258.0,248.0,254.0,2.01,16214.0,853.9,681.1
TRH,11/4/2020,255.0,255.0,250.0,254.0,0.0,3050.0,853.9,681.1
TRH,11/5/2020,250.0,253.0,246.0,249.0,-1.97,7284.0,853.9,681.1
TRH,11/8/2020,252.0,255.0,247.0,253.0,1.61,14075.0,853.9,681.1
TRH,11/9/2020,253.0,256.0,251.0,254.0,0.4,8506.0,853.9,681.1
TRH,11/10/2020,259.0,271.0,255.0,268.0,5.51,44761.0,853.9,681.1
TRH,11/11/2020,273.0,278.0,267.0,275.0,2.61,22043.0,853.9,681.1
TRH,11/12/2020,280.0,285.0,270.0,271.0,-1.45,14910.0,853.9,681.1
TRH,11/18/2020,267.0,282.0,263.0,280.0,3.32,44776.0,853.9,681.1
TRH,11/19/2020,285.0,308.0,285.0,308.0,10.0,76918.0,853.9,681.1
TRH,11/22/2020,323.0,338.0,307.0,318.0,3.25,97435.0,853.9,681.1
TRH,11/23/2020,315.0,328.0,311.0,319.0,0.31,38447.0,853.9,681.1
TRH,11/24/2020,321.0,324.0,308.0,315.0,-1.25,29164.0,853.9,681.1
TRH,11/25/2020,310.0,327.0,310.0,315.0,0.0,18927.0,853.9,681.1
TRH,11/26/2020,330.0,330.0,306.0,306.0,-2.86,20712.0,853.9,681.1
TRH,11/29/2020,321.0,321.0,294.0,306.0,0.0,45375.0,853.9,681.1
TRH,11/30/2020,312.0,312.0,295.0,305.0,-0.33,23004.0,853.9,681.1
TRH,12/1/2020,306.0,309.0,298.0,305.0,0.0,8818.0,853.9,681.1
TRH,12/2/2020,305.0,335.0,305.0,334.0,9.51,113372.0,853.9,681.1
TRH,12/3/2020,350.0,358.0,325.0,341.0,2.1,73863.0,853.9,681.1
TRH,12/6/2020,335.0,335.0,311.0,311.0,-8.8,37024.0,853.9,681.1
TRH,12/7/2020,317.0,342.0,311.0,336.0,8.04,44299.0,853.9,681.1
TRH,12/8/2020,342.0,343.0,325.0,333.0,-0.89,15380.0,853.9,681.1
TRH,12/9/2020,339.0,345.0,321.0,327.0,-1.8,11562.0,853.9,681.1
TRH,12/10/2020,321.0,327.0,316.0,327.0,0.0,13946.0,853.9,681.1
TRH,12/13/2020,321.0,342.0,316.0,335.0,2.45,18048.0,853.9,681.1
TRH,12/14/2020,330.0,340.0,324.0,329.0,-1.79,21898.0,853.9,681.1
TRH,12/15/2020,325.0,333.0,323.0,328.0,-0.3,16039.0,853.9,681.1
TRH,12/16/2020,323.0,324.0,318.0,319.0,-2.74,16457.0,853.9,681.1
TRH,12/17/2020,314.0,320.0,313.0,315.0,-1.25,13312.0,853.9,681.1
TRH,12/20/2020,321.0,321.0,307.0,307.0,-2.54,13293.0,853.9,681.1
TRH,12/21/2020,301.0,307.0,284.0,297.0,-3.26,12790.0,853.9,681.1
TRH,12/22/2020,311.0,311.0,299.0,304.0,2.36,13741.0,853.9,681.1
TRH,12/23/2020,302.0,310.0,300.0,301.0,-0.99,5390.0,853.9,681.1
TRH,12/24/2020,300.0,310.0,298.0,306.0,1.66,9917.0,853.9,681.1
TRH,12/27/2020,305.0,306.0,295.0,300.0,-1.96,4765.0,853.9,681.1
TRH,12/28/2020,305.0,305.0,297.0,297.0,-1.0,1841.0,853.9,681.1
TRH,12/29/2020,296.0,305.0,290.0,295.0,-0.67,13373.0,853.9,681.1
TRH,12/30/2020,300.0,300.0,290.0,294.0,-0.34,7680.0,853.9,681.1
TRH,12/31/2020,290.0,295.0,290.0,294.0,0.0,8970.0,853.9,681.1
TRH,1/3/2021,290.0,306.0,290.0,300.0,2.04,6074.0,853.9,681.1
TRH,1/4/2021,300.0,300.0,295.0,296.0,-1.33,6082.0,853.9,681.1
TRH,1/5/2021,292.0,299.0,292.0,298.0,0.68,6965.0,853.9,681.1
TRH,1/6/2021,303.0,303.0,292.0,298.0,0.0,4506.0,853.9,681.1
TRH,1/7/2021,293.0,308.0,292.0,295.0,-1.01,8915.0,853.9,681.1
TRH,1/10/2021,300.0,306.0,300.0,305.0,3.39,14357.0,853.9,681.1
TRH,1/11/2021,309.0,311.0,303.0,306.0,0.33,3050.0,853.9,681.1
TRH,1/12/2021,310.0,310.0,301.0,301.0,-1.63,8053.0,853.9,681.1
TRH,1/13/2021,307.0,307.0,299.0,299.0,-0.66,8650.0,853.9,681.1
TRH,1/17/2021,303.0,305.0,300.0,304.0,1.67,14939.0,853.9,681.1
TRH,1/18/2021,308.0,334.0,304.0,334.0,9.87,105955.0,853.9,681.1
TRH,1/19/2021,336.0,342.0,318.0,331.0,-0.9,25961.0,853.9,681.1
TRH,1/20/2021,331.0,336.0,319.0,323.0,-2.42,10953.0,853.9,681.1
TRH,1/21/2021,328.0,329.0,315.0,318.0,-1.55,15994.0,853.9,681.1
TRH,1/24/2021,324.0,336.0,319.0,320.0,0.63,27523.0,853.9,681.1
TRH,1/25/2021,316.0,330.0,315.0,321.0,0.31,11349.0,853.9,681.1
TRH,1/26/2021,315.0,340.0,315.0,330.0,2.8,22518.0,853.9,681.1
TRH,1/27/2021,346.0,346.0,320.0,326.0,-1.21,20753.0,853.9,681.1
TRH,1/28/2021,311.0,333.0,311.0,329.0,0.92,39018.0,853.9,681.1
TRH,1/31/2021,329.0,335.0,325.0,335.0,1.82,49826.0,853.9,681.1
TRH,2/1/2021,345.0,368.0,333.0,368.0,9.85,145551.0,853.9,681.1
TRH,2/2/2021,380.0,386.0,353.0,359.0,-2.45,57938.0,853.9,681.1
TRH,2/3/2021,366.0,378.0,352.0,360.0,0.28,45048.0,853.9,681.1
TRH,2/4/2021,360.0,368.0,346.0,358.0,-0.56,38624.0,853.9,681.1
TRH,2/7/2021,364.0,386.0,358.0,360.0,0.56,37468.0,853.9,681.1
TRH,2/8/2021,367.0,370.0,360.0,369.0,2.5,34695.0,853.9,681.1
TRH,2/9/2021,371.0,375.0,355.0,366.0,-0.81,44705.0,853.9,681.1
TRH,2/10/2021,373.0,375.0,350.0,356.0,-2.73,23315.0,853.9,681.1
TRH,2/11/2021,354.0,367.0,349.0,357.0,0.28,30304.0,853.9,681.1
TRH,2/14/2021,350.0,350.0,334.0,337.0,-5.6,16438.0,853.9,681.1
TRH,2/15/2021,340.0,346.0,335.0,342.0,1.48,13381.0,853.9,681.1
TRH,2/16/2021,342.0,347.0,330.0,331.0,-3.22,19920.0,853.9,681.1
TRH,2/17/2021,347.0,347.0,324.0,327.0,-1.21,14923.0,853.9,681.1
TRH,2/18/2021,325.0,348.0,325.0,333.0,1.83,13865.0,853.9,681.1
TRH,2/21/2021,330.0,336.0,330.0,335.0,0.6,11754.0,853.9,681.1
TRH,2/22/2021,330.0,338.0,330.0,330.0,-1.49,7645.0,853.9,681.1
TRH,2/23/2021,324.0,330.0,318.0,320.0,-3.03,12465.0,853.9,681.1
TRH,2/24/2021,326.0,340.0,326.0,334.0,4.37,8419.0,853.9,681.1
TRH,2/25/2021,332.0,334.0,324.0,325.0,-2.69,7658.0,853.9,681.1
TRH,2/28/2021,321.0,329.0,318.0,318.0,-2.15,13976.0,853.9,681.1
TRH,3/1/2021,324.0,336.0,321.0,328.0,3.14,7961.0,853.9,681.1
TRH,3/2/2021,325.0,326.0,315.0,320.0,-2.44,11540.0,853.9,681.1
TRH,3/3/2021,315.0,320.0,311.0,317.0,-0.94,12160.0,853.9,681.1
TRH,3/4/2021,320.0,323.0,318.0,320.0,0.95,8539.0,853.9,681.1
TRH,3/7/2021,320.0,320.0,312.0,312.0,-2.5,14530.0,853.9,681.1
TRH,3/9/2021,310.0,330.0,310.0,319.0,2.24,8228.0,853.9,681.1
TRH,3/10/2021,334.0,334.0,310.0,317.0,-0.63,8452.0,853.9,681.1
TRH,3/14/2021,313.0,316.0,303.0,308.0,-2.84,6754.0,853.9,681.1
TRH,3/15/2021,313.0,313.0,301.0,303.0,-1.62,10105.0,853.9,681.1
TRH,3/16/2021,309.0,315.0,302.0,305.0,0.66,6873.0,853.9,681.1
TRH,3/17/2021,303.0,313.0,302.0,312.0,2.3,6105.0,853.9,681.1
TRH,3/18/2021,313.0,321.0,306.0,321.0,2.88,10452.0,853.9,681.1
TRH,3/21/2021,315.0,320.0,312.0,318.0,-0.93,3930.0,853.9,681.1
TRH,3/22/2021,314.0,315.0,311.0,312.0,-1.89,2643.0,853.9,681.1
TRH,3/23/2021,317.0,318.0,306.0,315.0,0.96,8620.0,853.9,681.1
TRH,3/24/2021,330.0,346.0,317.0,330.0,4.76,44259.0,853.9,681.1
TRH,3/25/2021,336.0,342.0,320.0,330.0,0.0,8504.0,853.9,681.1
TRH,3/29/2021,325.0,334.0,320.0,325.0,-1.52,3280.0,853.9,681.1
TRH,3/30/2021,324.0,325.0,320.0,321.0,-1.23,1931.0,853.9,681.1
TRH,3/31/2021,322.0,332.0,317.0,319.0,-0.62,9955.0,853.9,681.1
TRH,4/1/2021,318.0,331.0,316.0,321.0,0.63,20642.0,853.9,681.1
TRH,4/4/2021,317.0,335.0,317.0,320.0,-0.31,8419.0,853.9,681.1
TRH,4/5/2021,320.0,326.0,318.0,319.0,-0.31,14736.0,853.9,681.1
TRH,4/6/2021,325.0,326.0,318.0,322.0,0.94,6153.0,853.9,681.1
TRH,4/7/2021,316.0,332.0,316.0,332.0,3.11,20113.0,853.9,681.1
TRH,4/8/2021,328.0,332.0,323.0,325.0,-2.11,13046.0,853.9,681.1
TRH,4/12/2021,322.0,325.0,320.0,321.0,-1.23,5702.0,853.9,681.1
TRH,4/13/2021,323.0,323.0,317.0,320.0,-0.31,4255.0,853.9,681.1
TRH,4/15/2021,324.0,324.0,319.0,321.0,0.31,6401.0,853.9,681.1
TRH,4/18/2021,321.0,322.0,314.0,319.0,-0.62,16044.0,853.9,681.1
TRH,4/19/2021,314.0,319.0,312.0,315.0,-1.25,7140.0,853.9,681.1
TRH,4/20/2021,315.0,315.0,306.0,310.0,-1.59,27271.0,853.9,681.1
TRH,4/21/2021,307.0,307.0,304.0,305.0,-1.61,22115.0,853.9,681.1
TRH,4/22/2021,303.0,306.0,301.0,305.0,0.0,6565.0,853.9,681.1
TRH,4/25/2021,299.0,299.0,285.0,289.0,-5.25,15572.0,853.9,681.1
TRH,4/26/2021,284.0,296.0,279.0,279.0,-3.46,17397.0,853.9,681.1
TRH,4/27/2021,279.0,282.0,277.0,280.0,0.36,9246.0,853.9,681.1
TRH,4/28/2021,276.0,291.0,275.0,279.0,-0.36,4510.0,853.9,681.1
TRH,4/29/2021,279.0,283.0,279.0,282.0,1.08,6244.0,853.9,681.1
TRH,5/2/2021,281.0,289.0,281.0,289.0,2.48,6944.0,853.9,681.1
TRH,5/3/2021,291.0,304.0,291.0,292.0,1.04,7505.0,853.9,681.1
TRH,5/4/2021,297.0,298.0,288.0,296.0,1.37,1672.0,853.9,681.1
TRH,5/5/2021,295.0,295.0,287.0,289.0,-2.36,3720.0,853.9,681.1
TRH,5/6/2021,292.0,292.0,287.0,287.0,-0.69,2085.0,853.9,681.1
TRH,5/9/2021,288.0,288.0,280.0,286.0,-0.35,4690.0,853.9,681.1
TRH,5/10/2021,285.0,286.0,285.0,285.0,-0.35,2732.0,853.9,681.1
TRH,5/11/2021,285.0,287.0,280.0,285.0,0.0,3215.0,853.9,681.1
TRH,5/12/2021,290.0,290.0,282.0,284.0,-0.35,2530.0,853.9,681.1
TRH,5/13/2021,288.0,288.0,282.0,284.0,0.0,8835.0,853.9,681.1
TRH,5/16/2021,285.0,290.0,283.0,285.0,0.35,12418.0,853.9,681.1
TRH,5/17/2021,285.0,292.0,285.0,291.0,2.11,9115.0,853.9,681.1
TRH,5/18/2021,287.0,320.0,287.0,320.0,9.97,38672.0,853.9,681.1
TRH,5/19/2021,336.0,352.0,325.0,333.0,4.06,125296.0,853.9,681.1
TRH,5/20/2021,333.0,350.0,321.0,332.0,-0.3,19885.0,853.9,681.1
TRH,5/23/2021,326.0,331.0,315.0,327.0,-1.51,26632.0,853.9,681.1
TRH,5/24/2021,330.0,332.0,321.0,324.0,-0.92,31017.0,853.9,681.1
TRH,5/25/2021,328.0,336.0,321.0,322.0,-0.62,12981.0,853.9,681.1
TRH,5/27/2021,322.0,327.0,319.0,322.0,0.0,12936.0,853.9,681.1
TRH,5/30/2021,325.0,354.0,325.0,343.0,6.52,93107.0,853.9,681.1
TRH,5/31/2021,360.0,360.0,342.0,343.0,0.0,56482.0,853.9,681.1
TRH,6/1/2021,360.0,360.0,337.0,343.0,0.0,22246.0,853.9,681.1
TRH,6/2/2021,360.0,360.0,330.0,344.0,0.29,12505.0,853.9,681.1
TRH,6/3/2021,327.0,358.0,327.0,341.0,-0.87,17689.0,853.9,681.1
TRH,6/6/2021,337.0,340.0,335.0,340.0,-0.29,24480.0,853.9,681.1
TRH,6/7/2021,340.0,345.0,337.0,340.0,0.0,20929.0,853.9,681.1
TRH,6/8/2021,336.0,343.0,336.0,340.0,0.0,33781.0,853.9,681.1
TRH,6/9/2021,338.0,355.0,338.0,343.0,0.88,32616.0,853.9,681.1
TRH,6/10/2021,342.0,366.0,338.0,348.0,1.46,34451.0,853.9,681.1
TRH,6/13/2021,354.0,382.0,353.0,382.0,9.77,97004.0,853.9,681.1
TRH,6/14/2021,401.0,420.0,401.0,420.0,9.95,43875.0,853.9,681.1
TRH,6/15/2021,441.0,455.0,382.0,422.0,0.48,161050.0,853.9,681.1
TRH,6/16/2021,416.0,418.0,385.0,395.0,-6.4,73195.0,853.9,681.1
TRH,6/17/2021,400.0,416.0,385.0,400.0,1.27,37378.0,853.9,681.1
TRH,6/20/2021,408.0,430.0,394.0,408.0,2.0,108592.0,853.9,681.1
TRH,6/21/2021,408.0,410.0,383.0,391.0,-4.17,51015.0,853.9,681.1
TRH,6/22/2021,398.0,412.0,387.0,410.0,4.86,37211.0,853.9,681.1
TRH,6/23/2021,420.0,420.0,392.0,395.0,-3.66,32300.0,853.9,681.1
TRH,6/24/2021,390.0,404.0,378.0,392.0,-0.76,98857.0,853.9,681.1
TRH,6/27/2021,399.0,404.0,380.0,387.0,-1.28,53489.0,853.9,681.1
TRH,6/28/2021,394.0,398.0,383.0,388.0,0.26,18298.0,853.9,681.1
TRH,6/29/2021,395.0,410.0,395.0,399.0,2.84,111934.0,853.9,681.1
TRH,6/30/2021,400.0,405.0,385.0,393.0,-1.5,30422.0,853.9,681.1
TRH,7/1/2021,400.0,419.0,395.0,417.0,6.11,87666.0,853.9,681.1
TRH,7/4/2021,421.0,445.0,420.0,422.0,1.2,132175.0,853.9,681.1
TRH,7/5/2021,420.0,421.0,405.0,410.0,-2.84,40490.0,853.9,681.1
TRH,7/6/2021,402.0,412.0,402.0,407.0,-0.73,15852.0,853.9,681.1
TRH,7/7/2021,412.0,415.0,401.0,409.0,0.49,35952.0,853.9,681.1
TRH,7/8/2021,410.0,410.0,398.0,405.0,-0.98,19796.0,853.9,681.1
TRH,7/11/2021,401.0,417.0,401.0,416.0,2.72,22536.0,853.9,681.1
TRH,7/12/2021,422.0,422.0,398.0,401.0,-3.61,23719.0,853.9,681.1
TRH,7/13/2021,396.0,408.0,396.0,406.0,1.25,20755.0,853.9,681.1
TRH,7/14/2021,410.0,410.0,398.0,407.0,0.25,15593.0,853.9,681.1
TRH,7/15/2021,408.0,415.0,398.0,400.0,-1.72,26293.0,853.9,681.1
TRH,7/18/2021,408.0,413.0,405.0,412.0,3.0,40107.0,853.9,681.1
TRH,7/19/2021,413.0,418.0,407.0,414.0,0.49,34162.0,853.9,681.1
TRH,7/20/2021,417.0,436.5,415.0,434.0,4.83,91060.0,853.9,681.1
TRH,7/22/2021,440.0,443.0,422.0,434.0,0.0,36374.0,853.9,681.1
TRH,7/25/2021,435.0,435.0,422.0,432.0,-0.46,25037.0,853.9,681.1
TRH,7/26/2021,426.0,437.5,424.0,430.0,-0.46,17660.0,853.9,681.1
TRH,7/27/2021,430.0,434.0,423.0,426.5,-0.81,13352.0,853.9,681.1
TRH,7/28/2021,434.0,466.1,432.0,438.0,2.7,69620.0,853.9,681.1
TRH,7/29/2021,446.0,454.0,428.0,434.0,-0.91,17785.0,853.9,681.1
TRH,8/1/2021,425.4,430.0,418.0,421.0,-3.0,23169.0,853.9,681.1
TRH,8/2/2021,422.0,430.5,418.0,423.0,0.48,23007.0,853.9,681.1
TRH,8/3/2021,430.0,431.0,417.0,417.0,-1.42,27374.0,853.9,681.1
TRH,8/4/2021,425.0,429.8,417.0,425.0,1.92,32910.0,853.9,681.1
TRH,8/5/2021,426.0,427.0,417.0,417.0,-1.88,25644.0,853.9,681.1
TRH,8/8/2021,420.0,425.3,414.0,420.0,0.72,16354.0,853.9,681.1
TRH,8/9/2021,425.0,434.0,417.0,421.2,0.29,31081.0,853.9,681.1
TRH,8/10/2021,428.0,440.0,421.0,426.0,1.14,35490.0,853.9,681.1
TRH,8/11/2021,434.5,468.0,422.0,457.0,7.28,91426.0,853.9,681.1
TRH,8/12/2021,462.0,463.0,438.0,441.0,-3.5,64975.0,853.9,681.1
TRH,8/15/2021,449.0,449.0,420.0,428.0,-2.95,47147.0,853.9,681.1
TRH,8/16/2021,420.2,435.0,418.5,422.0,-1.4,19820.0,853.9,681.1
TRH,8/17/2021,418.5,420.0,415.0,416.0,-1.42,30407.0,853.9,681.1
TRH,8/18/2021,416.0,428.0,411.6,423.0,1.68,19162.0,853.9,681.1
TRH,8/19/2021,415.2,423.0,415.0,415.0,-1.89,11871.0,853.9,681.1
TRH,8/24/2021,409.0,440.0,409.0,411.4,-0.87,14862.0,853.9,681.1
TRH,8/25/2021,411.0,415.0,406.0,406.0,-1.31,12250.0,853.9,681.1
TRH,8/26/2021,406.0,424.0,406.0,413.0,1.72,28516.0,853.9,681.1
TRH,8/29/2021,414.0,420.0,402.0,406.0,-1.69,12895.0,853.9,681.1
TRH,8/31/2021,405.0,412.0,395.0,399.0,-1.72,15734.0,853.9,681.1
TRH,9/1/2021,406.9,428.0,400.0,408.0,2.26,30210.0,853.9,681.1
TRH,9/2/2021,416.1,431.0,404.8,410.0,0.49,35339.0,853.9,681.1
TRH,9/5/2021,403.0,426.5,377.3,387.0,-5.61,30081.0,853.9,681.1
TRH,9/6/2021,379.3,415.0,371.8,415.0,7.24,21618.0,853.9,681.1
TRH,9/7/2021,415.0,415.0,393.0,400.0,-3.61,18444.0,853.9,681.1
TRH,9/8/2021,394.0,397.0,386.0,390.0,-2.5,12307.0,853.9,681.1
TRH,9/9/2021,390.0,402.9,390.0,391.0,0.26,8810.0,853.9,681.1
TRH,9/12/2021,397.9,400.9,391.0,398.0,1.79,13389.0,853.9,681.1
TRH,9/13/2021,405.9,420.0,396.0,402.0,1.01,6994.0,853.9,681.1
TRH,9/14/2021,395.1,402.0,394.5,400.0,-0.5,11481.0,853.9,681.1
TRH,9/15/2021,400.0,400.0,392.0,392.0,-2.0,9050.0,853.9,681.1
TRH,9/16/2021,392.0,392.0,372.0,380.0,-3.06,37351.0,853.9,681.1
TRH,9/20/2021,372.4,379.1,360.0,363.6,-4.32,26367.0,853.9,681.1
TRH,9/21/2021,360.0,389.0,349.9,373.0,2.59,12065.0,853.9,681.1
TRH,9/22/2021,380.4,403.9,380.4,395.0,5.9,19317.0,853.9,681.1
TRH,9/23/2021,400.1,400.1,383.0,385.0,-2.53,11777.0,853.9,681.1
TRH,9/26/2021,380.0,380.0,370.5,371.0,-3.64,11770.0,853.9,681.1
TRH,9/27/2021,364.0,370.0,357.1,364.0,-1.89,12217.0,853.9,681.1
TRH,9/28/2021,360.0,378.0,353.0,360.0,-1.1,19501.0,853.9,681.1
TRH,9/29/2021,353.1,383.0,353.0,368.0,2.22,4823.0,853.9,681.1
TRH,9/30/2021,365.0,372.2,358.0,358.0,-2.72,6029.0,853.9,681.1
TRH,10/3/2021,358.0,358.0,343.0,352.0,-1.68,11451.0,853.9,681.1
TRH,10/4/2021,352.0,368.0,345.3,354.1,0.6,11783.0,853.9,681.1
TRH,10/5/2021,361.0,375.0,350.0,366.0,3.36,5826.0,853.9,681.1
TRH,10/6/2021,368.0,370.0,365.0,369.0,0.82,9295.0,853.9,681.1
TRH,10/10/2021,365.1,369.0,362.0,362.0,-1.9,8710.0,853.9,681.1
TRH,10/11/2021,356.0,369.0,354.8,358.0,-1.1,7212.0,853.9,681.1
TRH,10/17/2021,362.0,367.9,360.0,367.9,2.77,1077.0,853.9,681.1
TRH,10/18/2021,365.0,372.0,355.1,355.1,-3.48,4205.0,853.9,681.1
TRH,10/19/2021,355.0,355.0,330.0,336.0,-5.38,11614.0,853.9,681.1
TRH,10/20/2021,342.7,354.5,342.7,350.0,4.17,6795.0,853.9,681.1
TRH,10/21/2021,344.1,355.0,340.0,346.0,-1.14,9577.0,853.9,681.1
TRH,10/24/2021,344.0,360.9,340.0,358.0,3.47,3988.0,853.9,681.1
TRH,10/25/2021,355.0,370.0,355.0,364.0,1.68,3284.0,853.9,681.1
TRH,10/26/2021,365.0,392.1,365.0,378.0,3.85,12771.0,853.9,681.1
TRH,10/27/2021,378.0,390.0,371.1,371.1,-1.83,10554.0,853.9,681.1
TRH,10/28/2021,372.0,378.0,366.0,369.0,-0.57,3865.0,853.9,681.1
TRH,10/31/2021,376.3,391.0,375.0,382.0,3.52,8023.0,853.9,681.1
TRH,11/1/2021,389.0,393.0,375.0,386.0,1.05,10169.0,853.9,681.1
TRH,11/2/2021,388.0,388.0,373.4,387.7,0.44,8012.0,853.9,681.1
TRH,11/3/2021,387.8,387.8,377.0,378.0,-2.5,1982.0,853.9,681.1
TRH,11/8/2021,378.0,385.0,375.1,375.1,-0.77,2069.0,853.9,681.1
TRH,11/9/2021,370.0,370.0,362.0,368.0,-1.89,7102.0,853.9,681.1
TRH,11/11/2021,362.0,369.0,356.0,358.0,-2.72,5495.0,853.9,681.1
TRH,11/14/2021,358.0,365.0,353.8,358.0,0.0,2910.0,853.9,681.1
TRH,11/15/2021,365.0,365.1,358.0,361.0,0.84,5737.0,853.9,681.1
TRH,11/16/2021,363.0,369.0,363.0,365.0,1.11,4325.0,853.9,681.1
TRH,11/17/2021,372.3,395.0,372.3,373.0,2.19,4303.0,853.9,681.1
TRH,11/18/2021,370.0,380.4,370.0,370.0,-0.8,3131.0,853.9,681.1
TRH,11/21/2021,365.0,377.4,363.0,365.0,-1.35,2810.0,853.9,681.1
TRH,11/22/2021,362.6,378.0,362.6,366.9,0.52,2112.0,853.9,681.1
TRH,11/23/2021,369.0,370.0,361.3,368.0,0.3,14433.0,853.9,681.1
TRH,11/24/2021,363.1,380.0,363.1,373.0,1.36,11173.0,853.9,681.1
TRH,11/25/2021,375.0,400.0,370.0,395.2,5.95,30893.0,853.9,681.1
TRH,11/28/2021,397.0,404.0,384.0,385.4,-2.48,21439.0,853.9,681.1
TRH,11/29/2021,384.0,398.7,382.3,393.0,1.97,15544.0,853.9,681.1
TRH,11/30/2021,390.1,394.0,384.1,384.2,-2.24,7805.0,853.9,681.1
TRH,12/1/2021,390.0,390.0,383.2,383.3,-0.23,3458.0,853.9,681.1
TRH,12/2/2021,383.0,383.0,369.0,382.0,-0.34,15479.0,853.9,681.1
TRH,12/5/2021,375.0,380.0,367.6,375.5,-1.7,10189.0,853.9,681.1
TRH,12/6/2021,368.2,384.9,360.9,382.5,1.86,16032.0,853.9,681.1
TRH,12/7/2021,383.0,383.5,361.0,369.0,-3.53,3050.0,853.9,681.1
TRH,12/8/2021,370.0,370.0,358.0,359.9,-2.47,2215.0,853.9,681.1
TRH,12/9/2021,352.9,361.9,352.8,361.9,0.56,2144.0,853.9,681.1
TRH,12/12/2021,361.7,361.7,350.0,358.0,-1.08,11123.0,853.9,681.1
TRH,12/13/2021,355.0,360.0,349.0,353.5,-1.26,4677.0,853.9,681.1
TRH,12/14/2021,360.5,369.9,360.0,369.9,4.64,1708.0,853.9,681.1
TRH,12/15/2021,371.0,377.0,361.0,370.0,0.03,2703.0,853.9,681.1
TRH,12/16/2021,363.0,363.0,349.1,362.9,-1.92,2255.0,853.9,681.1
TRH,12/20/2021,360.0,370.0,353.0,360.0,-0.8,2342.0,853.9,681.1
TRH,12/21/2021,363.0,363.0,356.3,360.0,0.0,745.0,853.9,681.1
TRH,12/22/2021,367.2,375.0,357.3,367.0,1.94,3063.0,853.9,681.1
TRH,12/23/2021,359.7,375.0,359.7,369.0,0.54,5426.0,853.9,681.1
TRH,12/26/2021,370.0,387.6,363.0,363.0,-1.63,6188.0,853.9,681.1
TRH,12/27/2021,370.0,384.5,361.0,362.0,-0.28,3155.0,853.9,681.1
TRH,12/28/2021,360.0,368.0,356.0,368.0,1.66,2517.0,853.9,681.1
TRH,12/29/2021,360.7,366.0,360.5,366.0,-0.54,2313.0,853.9,681.1
TRH,1/2/2022,373.0,373.0,362.6,370.0,1.09,683.0,853.9,681.1
TRH,1/3/2022,370.0,370.0,363.0,368.9,-0.3,1273.0,853.9,681.1
TRH,1/4/2022,363.1,375.0,363.0,375.0,1.65,5088.0,853.9,681.1
TRH,1/5/2022,369.0,370.0,361.0,368.0,-1.87,6620.0,853.9,681.1
TRH,1/6/2022,363.0,375.0,360.8,370.0,0.54,8992.0,853.9,681.1
TRH,1/9/2022,376.9,376.9,365.0,374.0,1.08,5513.0,853.9,681.1
TRH,1/10/2022,374.0,374.0,367.0,373.0,-0.27,7286.0,853.9,681.1
TRH,1/11/2022,370.0,397.8,370.0,390.0,4.56,23876.0,853.9,681.1
TRH,1/12/2022,382.2,394.0,371.0,372.5,-4.49,6550.0,853.9,681.1
TRH,1/13/2022,375.0,400.0,372.5,378.0,1.48,5578.0,853.9,681.1
TRH,1/16/2022,385.0,398.0,382.0,392.0,3.7,15175.0,853.9,681.1
TRH,1/17/2022,388.0,399.8,382.0,387.0,-1.28,7909.0,853.9,681.1
TRH,1/18/2022,381.0,409.5,381.0,394.0,1.81,24960.0,853.9,681.1
TRH,1/19/2022,396.0,396.0,382.2,385.0,-2.28,2871.0,853.9,681.1
TRH,1/20/2022,377.3,392.0,371.0,387.0,0.52,3409.0,853.9,681.1
TRH,1/23/2022,391.0,393.0,375.0,384.0,-0.78,3440.0,853.9,681.1
TRH,1/24/2022,376.5,376.5,365.0,367.0,-4.43,12731.0,853.9,681.1
TRH,1/25/2022,374.0,378.8,364.6,372.0,1.36,5768.0,853.9,681.1
TRH,1/26/2022,365.8,372.0,360.0,372.0,0.0,11010.0,853.9,681.1
TRH,1/27/2022,365.0,372.0,365.0,365.5,-1.75,1835.0,853.9,681.1
TRH,1/30/2022,372.8,379.0,370.1,379.0,3.69,6788.0,853.9,681.1
TRH,1/31/2022,386.0,386.0,366.0,376.1,-0.77,6685.0,853.9,681.1
TRH,2/1/2022,373.0,378.0,372.0,375.0,-0.29,2901.0,853.9,681.1
TRH,2/3/2022,380.4,382.0,371.0,374.0,-0.27,11828.0,853.9,681.1
TRH,2/6/2022,374.0,375.9,370.0,370.7,-0.88,7425.0,853.9,681.1
TRH,2/7/2022,373.0,383.0,372.0,379.8,2.45,6058.0,853.9,681.1
TRH,2/8/2022,387.3,387.3,377.0,382.8,0.79,13927.0,853.9,681.1
TRH,2/9/2022,382.0,382.0,374.0,379.8,-0.78,4477.0,853.9,681.1
TRH,2/10/2022,372.4,380.0,372.4,379.0,-0.21,4885.0,853.9,681.1
TRH,2/13/2022,371.5,371.5,362.1,365.0,-3.69,9459.0,853.9,681.1
TRH,2/14/2022,360.5,364.0,360.0,363.0,-0.55,10180.0,853.9,681.1
TRH,2/15/2022,360.1,372.0,359.0,372.0,2.48,4440.0,853.9,681.1
TRH,2/16/2022,364.6,370.2,361.0,370.0,-0.54,2789.0,853.9,681.1
TRH,2/17/2022,368.0,371.0,368.0,370.0,0.0,1310.0,853.9,681.1
TRH,2/20/2022,365.0,365.0,357.5,360.0,-2.7,3844.0,853.9,681.1
TRH,2/21/2022,366.5,366.5,359.2,365.0,1.39,345.0,853.9,681.1
TRH,2/22/2022,360.0,369.0,358.0,360.0,-1.37,10924.0,853.9,681.1
TRH,2/23/2022,367.2,381.0,353.1,362.0,0.56,1258.0,853.9,681.1
TRH,2/24/2022,369.2,384.0,355.0,355.0,-1.93,5279.0,853.9,681.1
TRH,2/27/2022,362.1,364.0,343.0,350.0,-1.41,8683.0,853.9,681.1
TRH,2/28/2022,357.0,363.8,350.0,353.9,1.11,3400.0,853.9,681.1
TRH,3/2/2022,353.9,353.9,341.1,349.0,-1.38,3804.0,853.9,681.1
TRH,3/6/2022,350.0,351.0,338.0,343.0,-1.72,8300.0,853.9,681.1
TRH,3/7/2022,343.0,349.0,343.0,347.9,1.43,2021.0,853.9,681.1
TRH,3/9/2022,341.0,350.0,340.0,350.0,0.6,4105.0,853.9,681.1
TRH,3/10/2022,349.0,352.0,344.0,352.0,0.57,3857.0,853.9,681.1
TRH,3/13/2022,359.0,375.1,349.0,373.0,5.97,18941.0,853.9,681.1
TRH,3/14/2022,369.0,378.0,365.0,365.0,-2.14,4230.0,853.9,681.1
TRH,3/15/2022,370.0,389.0,353.0,378.0,3.56,12648.0,853.9,681.1
TRH,3/16/2022,370.5,393.0,363.1,388.0,2.65,50500.0,853.9,681.1
TRH,3/20/2022,385.0,385.0,368.5,377.0,-2.84,20475.0,853.9,681.1
TRH,3/21/2022,370.0,380.0,369.0,377.0,0.0,6094.0,853.9,681.1
TRH,3/22/2022,377.0,380.0,372.5,376.9,-0.03,2760.0,853.9,681.1
TRH,3/23/2022,382.0,382.0,366.0,373.0,-1.03,4620.0,853.9,681.1
TRH,3/24/2022,367.0,367.0,360.0,360.0,-3.49,3915.0,853.9,681.1
TRH,3/27/2022,355.0,365.0,350.0,350.0,-2.78,4246.0,853.9,681.1
TRH,3/28/2022,345.0,357.0,345.0,357.0,2.0,4968.0,853.9,681.1
TRH,3/29/2022,355.0,371.2,348.0,363.6,1.85,5915.0,853.9,681.1
TRH,3/30/2022,369.8,369.8,358.1,366.0,0.66,2795.0,853.9,681.1
TRH,3/31/2022,371.0,371.0,358.0,368.0,0.55,2015.0,853.9,681.1
TRH,4/3/2022,360.7,366.0,353.5,365.0,-0.82,2007.0,853.9,681.1
TRH,4/4/2022,358.0,364.9,352.0,355.0,-2.74,5613.0,853.9,681.1
TRH,4/5/2022,350.0,355.0,344.0,355.0,0.0,11222.0,853.9,681.1
TRH,4/6/2022,349.0,370.0,349.0,369.0,3.94,17187.0,853.9,681.1
TRH,4/7/2022,369.0,376.0,365.0,372.0,0.81,11597.0,853.9,681.1
TRH,4/11/2022,372.0,372.0,360.7,365.0,-1.88,8592.0,853.9,681.1
TRH,4/12/2022,365.0,369.0,355.1,363.0,-0.55,3620.0,853.9,681.1
TRH,4/13/2022,358.0,370.0,355.8,370.0,1.93,3750.0,853.9,681.1
TRH,4/17/2022,370.0,373.0,351.3,353.0,-4.59,7860.0,853.9,681.1
TRH,4/18/2022,359.0,359.0,346.0,353.8,0.23,3135.0,853.9,681.1
TRH,4/19/2022,347.0,358.9,345.0,358.8,1.41,3575.0,853.9,681.1
TRH,4/20/2022,358.0,360.0,346.0,356.8,-0.56,3620.0,853.9,681.1
TRH,4/21/2022,350.0,353.0,345.0,353.0,-1.07,3419.0,853.9,681.1
TRH,4/24/2022,353.0,374.5,347.3,369.4,4.65,2722.0,853.9,681.1
TRH,4/25/2022,369.0,369.0,350.0,361.0,-2.27,6655.0,853.9,681.1
TRH,4/26/2022,364.0,365.0,351.1,358.0,-0.83,1823.0,853.9,681.1
TRH,4/27/2022,353.0,364.8,353.0,364.8,1.9,1410.0,853.9,681.1
TRH,4/28/2022,365.0,365.0,357.7,362.0,-0.77,2410.0,853.9,681.1
TRH,5/2/2022,364.9,365.0,350.0,350.0,-3.31,3164.0,853.9,681.1
TRH,5/4/2022,349.9,352.0,338.1,352.0,0.57,2643.0,853.9,681.1
TRH,5/5/2022,346.0,350.0,339.0,339.0,-3.69,3580.0,853.9,681.1
TRH,5/8/2022,334.0,339.9,332.5,339.9,0.27,2149.0,853.9,681.1
TRH,5/9/2022,340.0,359.9,323.5,357.0,5.03,11286.0,853.9,681.1
TRH,5/10/2022,360.0,360.0,346.1,351.5,-1.54,2047.0,853.9,681.1
TRH,5/11/2022,357.0,364.9,348.0,358.0,1.85,2063.0,853.9,681.1
TRH,5/12/2022,358.0,358.0,347.0,355.0,-0.84,6369.0,853.9,681.1
TRH,5/17/2022,348.0,354.8,338.5,347.9,-2.0,4234.0,853.9,681.1
TRH,5/18/2022,341.0,354.0,340.0,349.8,0.55,487.0,853.9,681.1
TRH,5/19/2022,347.5,347.5,340.6,346.0,-1.09,2836.0,853.9,681.1
TRH,5/20/2022,339.3,348.9,332.4,346.0,0.0,2458.0,853.9,681.1
TRH,5/23/2022,339.1,349.0,333.2,340.0,-1.73,1880.0,853.9,681.1
TRH,5/24/2022,346.0,346.0,334.0,344.9,1.44,535.0,853.9,681.1
TRH,5/25/2022,348.9,348.9,335.4,346.0,0.32,1616.0,853.9,681.1
TRH,5/26/2022,340.0,340.0,335.1,339.0,-2.02,1528.0,853.9,681.1
TRH,5/27/2022,337.0,343.7,332.4,343.7,1.39,3515.0,853.9,681.1
TRH,5/30/2022,346.0,346.0,327.0,343.0,-0.2,2651.0,853.9,681.1
TRH,5/31/2022,336.2,338.6,332.0,338.6,-1.28,540.0,853.9,681.1
TRH,6/1/2022,345.3,352.2,331.0,338.0,-0.18,1710.0,853.9,681.1
TRH,6/2/2022,343.0,343.0,332.1,340.0,0.59,810.0,853.9,681.1
TRH,6/3/2022,334.0,343.5,327.0,335.0,-1.47,1277.0,853.9,681.1
TRH,6/6/2022,335.0,340.0,326.6,333.0,-0.6,2833.0,853.9,681.1
TRH,6/7/2022,333.0,335.0,326.4,335.0,0.6,638.0,853.9,681.1
TRH,6/8/2022,330.0,341.0,330.0,339.9,1.46,1225.0,853.9,681.1
TRH,6/9/2022,345.9,345.9,333.0,337.0,-0.85,1068.0,853.9,681.1
TRH,6/10/2022,343.0,343.0,330.1,336.6,-0.12,866.0,853.9,681.1
TRH,6/13/2022,339.0,339.0,327.0,333.5,-0.92,8370.0,853.9,681.1
TRH,6/14/2022,340.0,340.0,320.5,331.3,-0.66,1860.0,853.9,681.1
TRH,6/15/2022,336.5,336.5,324.7,330.0,-0.39,1120.0,853.9,681.1
TRH,6/16/2022,336.5,336.5,322.0,331.9,0.58,940.0,853.9,681.1
TRH,6/17/2022,335.0,335.0,312.5,328.0,-1.18,1658.0,853.9,681.1
TRH,6/19/2022,334.0,334.0,312.0,321.0,-2.13,965.0,853.9,681.1
TRH,6/20/2022,327.4,333.0,304.1,313.6,-2.31,1775.0,853.9,681.1
TRH,6/21/2022,319.8,326.1,307.4,319.4,1.85,4270.0,853.9,681.1
TRH,6/22/2022,325.0,325.0,306.0,318.0,-0.44,4470.0,853.9,681.1
TRH,6/23/2022,311.7,323.0,306.0,314.0,-1.26,2991.0,853.9,681.1
TRH,6/24/2022,320.2,320.2,307.7,312.0,-0.64,960.0,853.9,681.1
TRH,6/26/2022,308.0,340.1,308.0,340.0,8.97,10818.0,853.9,681.1
TRH,6/27/2022,333.2,333.2,309.0,332.0,-2.35,9232.0,853.9,681.1
TRH,6/28/2022,332.0,332.0,316.0,325.0,-2.11,242.0,853.9,681.1
TRH,6/29/2022,318.6,331.0,318.6,331.0,1.85,1735.0,853.9,681.1
TRH,6/30/2022,326.0,338.0,325.4,336.8,1.75,22042.0,853.9,681.1
TRH,7/1/2022,342.0,342.0,329.3,335.0,-0.53,1700.0,853.9,681.1
TRH,7/3/2022,329.0,337.0,322.3,336.0,0.3,7273.0,853.9,681.1
TRH,7/4/2022,329.5,345.0,325.0,329.0,-2.08,5068.0,853.9,681.1
TRH,7/5/2022,334.0,334.0,314.5,322.9,-1.85,3150.0,853.9,681.1
TRH,7/6/2022,317.0,324.0,314.0,319.1,-1.18,2715.0,853.9,681.1
TRH,7/7/2022,323.0,324.0,313.1,321.3,0.69,2360.0,853.9,681.1
TRH,7/8/2022,315.5,321.0,313.0,314.6,-2.09,350.0,853.9,681.1
TRH,7/11/2022,309.0,314.1,303.1,314.1,-0.16,5874.0,853.9,681.1
TRH,7/12/2022,307.9,319.9,302.1,317.9,1.21,1625.0,853.9,681.1
TRH,7/13/2022,322.0,322.0,316.0,322.0,1.29,2223.0,853.9,681.1
TRH,7/14/2022,328.0,328.0,315.7,317.1,-1.52,5379.0,853.9,681.1
TRH,7/15/2022,313.0,315.0,310.0,315.0,-0.66,1170.0,853.9,681.1
TRH,7/17/2022,310.0,321.0,310.0,321.0,1.9,451.0,853.9,681.1
TRH,7/18/2022,325.0,337.6,324.0,337.0,4.98,13093.0,853.9,681.1
TRH,7/19/2022,330.3,342.0,326.0,326.0,-3.26,8662.0,853.9,681.1
TRH,7/20/2022,332.5,335.0,327.0,335.0,2.76,770.0,853.9,681.1
TRH,7/21/2022,335.0,336.0,325.0,336.0,0.3,4190.0,853.9,681.1
TRH,7/22/2022,329.3,338.9,317.1,332.2,-1.13,3320.0,853.9,681.1
TRH,7/24/2022,330.0,334.0,322.0,334.0,0.54,4480.0,853.9,681.1
TRH,7/25/2022,340.6,347.0,334.0,342.7,2.6,16147.0,853.9,681.1
TRH,7/26/2022,336.0,342.0,325.0,337.5,-1.52,3020.0,853.9,681.1
TRH,7/27/2022,330.8,336.6,322.0,336.3,-0.36,4088.0,853.9,681.1
TRH,7/28/2022,342.9,362.1,329.4,362.1,7.67,37568.0,853.9,681.1
TRH,7/29/2022,355.0,383.0,348.0,379.0,4.67,27985.0,853.9,681.1
TRH,7/31/2022,373.0,383.0,366.0,379.9,0.24,28840.0,853.9,681.1
TRH,8/1/2022,387.4,387.4,363.0,373.0,-1.82,43165.0,853.9,681.1
TRH,8/2/2022,365.6,380.0,356.0,373.0,0.0,26698.0,853.9,681.1
TRH,8/3/2022,368.0,375.0,365.7,370.0,-0.8,5621.0,853.9,681.1
TRH,8/4/2022,362.6,369.7,360.0,360.0,-2.7,6010.0,853.9,681.1
TRH,8/5/2022,355.0,362.9,350.0,356.0,-1.11,3295.0,853.9,681.1
TRH,8/7/2022,352.0,365.0,352.0,364.8,2.47,5180.0,853.9,681.1
TRH,8/8/2022,372.0,378.0,354.4,361.9,-0.79,16378.0,853.9,681.1
TRH,8/9/2022,355.0,356.0,348.0,356.0,-1.63,2625.0,853.9,681.1
TRH,8/10/2022,348.9,354.0,342.2,352.0,-1.12,3325.0,853.9,681.1
TRH,8/11/2022,345.0,365.0,345.0,346.0,-1.7,1080.0,853.9,681.1
TRH,8/14/2022,339.9,346.6,339.9,346.6,0.17,1540.0,853.9,681.1
TRH,8/15/2022,339.7,364.0,339.7,363.0,4.73,5996.0,853.9,681.1
TRH,8/16/2022,355.8,365.0,341.8,358.0,-1.38,490.0,853.9,681.1
TRH,8/17/2022,358.0,358.0,346.0,350.0,-2.23,380.0,853.9,681.1
TRH,8/18/2022,354.0,357.0,350.0,357.0,2.0,2000.0,853.9,681.1
TRH,8/21/2022,364.1,368.0,349.9,357.0,0.0,1240.0,853.9,681.1
TRH,8/22/2022,350.0,350.0,343.1,343.1,-3.89,1450.0,853.9,681.1
TRH,8/23/2022,338.1,348.0,338.1,340.0,-0.9,1105.0,853.9,681.1
TRH,8/24/2022,340.0,344.0,340.0,344.0,1.18,194.0,853.9,681.1
TRH,8/25/2022,340.0,342.0,338.1,342.0,-0.58,818.0,853.9,681.1
TRH,8/26/2022,335.3,339.9,335.0,339.8,-0.64,105.0,853.9,681.1
TRH,8/28/2022,346.5,346.5,316.0,333.5,-1.85,8334.0,853.9,681.1
TRH,8/29/2022,330.0,336.6,325.0,336.6,0.93,1095.0,853.9,681.1
TRH,8/30/2022,332.0,340.0,332.0,335.0,-0.48,2075.0,853.9,681.1
TRH,8/31/2022,329.0,333.0,328.3,333.0,-0.6,1070.0,853.9,681.1
TRH,9/1/2022,326.4,337.9,325.0,337.9,1.47,730.0,853.9,681.1
TRH,9/2/2022,337.0,337.0,331.0,335.0,-0.86,690.0,853.9,681.1
TRH,9/4/2022,328.5,336.0,328.3,336.0,0.3,2660.0,853.9,681.1
TRH,9/5/2022,329.3,333.1,326.5,333.1,-0.86,4623.0,853.9,681.1
TRH,9/6/2022,326.5,330.0,320.1,330.0,-0.93,910.0,853.9,681.1
TRH,9/7/2022,329.9,329.9,324.0,324.0,-1.82,20.0,853.9,681.1
TRH,9/8/2022,324.0,330.0,324.0,330.0,1.85,128.0,853.9,681.1
TRH,9/11/2022,330.0,331.0,330.0,331.0,0.3,500.0,853.9,681.1
TRH,9/12/2022,325.0,325.0,324.0,324.0,-2.11,120.0,853.9,681.1
TRH,9/13/2022,330.0,332.0,325.9,331.9,2.44,475.0,853.9,681.1
TRH,9/14/2022,325.5,352.2,325.5,352.2,6.12,9485.0,853.9,681.1
TRH,9/15/2022,345.5,348.9,335.2,338.8,-3.8,979.0,853.9,681.1
TRH,9/16/2022,333.0,333.0,327.0,330.0,-2.6,420.0,853.9,681.1
TRH,9/18/2022,325.0,325.0,318.6,324.0,-1.82,1800.0,853.9,681.1
TRH,9/20/2022,317.6,323.0,313.0,315.0,-2.78,345.0,853.9,681.1
TRH,9/21/2022,321.0,321.0,315.0,318.0,0.95,1160.0,853.9,681.1
TRH,9/22/2022,315.0,320.0,315.0,320.0,0.63,320.0,853.9,681.1
TRH,9/25/2022,326.0,326.0,326.0,326.0,1.88,10.0,853.9,681.1
TRH,9/27/2022,330.0,330.0,317.0,321.5,-1.38,2428.0,853.9,681.1
TRH,9/28/2022,317.0,322.0,315.1,322.0,0.16,520.0,853.9,681.1
TRH,9/29/2022,325.0,325.0,319.1,320.0,-0.62,170.0,853.9,681.1
TRH,10/9/2022,320.0,339.0,313.6,332.3,3.84,370.0,853.9,681.1
TRH,10/10/2022,338.9,338.9,319.2,319.2,-3.94,470.0,853.9,681.1
TRH,10/11/2022,319.0,320.0,315.0,319.0,-0.06,2990.0,853.9,681.1
TRH,10/12/2022,318.0,330.0,318.0,330.0,3.45,1300.0,853.9,681.1
TRH,10/13/2022,335.0,335.0,322.0,329.4,-0.18,1080.0,853.9,681.1
TRH,10/16/2022,325.0,325.0,317.0,323.8,-1.7,2160.0,853.9,681.1
TRH,10/17/2022,318.0,328.0,318.0,328.0,1.3,956.0,853.9,681.1
TRH,10/19/2022,322.0,327.0,315.3,322.0,-1.83,2755.0,853.9,681.1
TRH,10/20/2022,317.0,328.0,315.7,328.0,1.86,3012.0,853.9,681.1
TRH,10/23/2022,326.9,330.0,323.0,323.0,-1.52,1688.0,853.9,681.1
TRH,10/31/2022,328.0,334.4,325.0,334.4,3.53,1815.0,853.9,681.1
TRH,11/1/2022,337.9,358.5,337.9,358.5,7.21,9952.0,853.9,681.1
TRH,11/2/2022,358.5,358.5,338.1,350.0,-2.37,7544.0,853.9,681.1
TRH,11/3/2022,346.0,346.8,339.1,346.8,-0.91,1447.0,853.9,681.1
TRH,11/6/2022,347.0,357.0,344.0,357.0,2.94,3126.0,853.9,681.1
TRH,11/7/2022,355.0,362.0,344.0,355.0,-0.56,2764.0,853.9,681.1
TRH,11/8/2022,354.7,354.8,348.0,350.1,-1.38,11112.0,853.9,681.1
TRH,11/9/2022,355.0,355.0,339.0,339.0,-3.17,3805.0,853.9,681.1
TRH,11/10/2022,345.0,350.0,333.3,342.0,0.88,9889.0,853.9,681.1
TRH,11/13/2022,335.2,348.7,333.0,348.7,1.96,135.0,853.9,681.1
TRH,11/14/2022,355.0,383.5,340.1,383.0,9.84,7745.0,853.9,681.1
TRH,11/15/2022,375.4,375.4,350.0,350.2,-8.56,11247.0,853.9,681.1
TRH,11/16/2022,357.2,362.0,348.0,354.0,1.09,4445.0,853.9,681.1
TRH,11/17/2022,361.0,368.0,345.0,348.0,-1.69,9624.0,853.9,681.1
TRH,11/22/2022,352.0,361.0,345.1,350.0,0.57,15614.0,853.9,681.1
TRH,11/23/2022,350.0,351.0,345.0,350.5,0.14,3465.0,853.9,681.1
TRH,11/24/2022,344.1,353.8,330.6,345.0,-1.57,41215.0,853.9,681.1
TRH,11/27/2022,351.9,365.9,340.0,345.0,0.0,6835.0,853.9,681.1
TRH,11/28/2022,350.0,350.0,338.0,342.9,-0.61,10052.0,853.9,681.1
TRH,11/29/2022,340.0,349.7,338.2,343.7,0.23,13260.0,853.9,681.1
TRH,11/30/2022,346.0,346.8,341.0,346.0,0.67,993.0,853.9,681.1
TRH,12/1/2022,340.1,348.6,340.1,345.0,-0.29,4615.0,853.9,681.1
TRH,12/4/2022,345.0,351.0,342.0,348.9,1.13,1871.0,853.9,681.1
TRH,12/5/2022,354.9,354.9,342.0,342.0,-1.98,9325.0,853.9,681.1
TRH,12/6/2022,336.4,346.0,336.4,343.0,0.29,9043.0,853.9,681.1
TRH,12/7/2022,341.0,345.1,341.0,344.0,0.29,3571.0,853.9,681.1
TRH,12/11/2022,340.0,342.9,338.1,339.3,-1.37,6813.0,853.9,681.1
TRH,12/12/2022,332.7,343.8,332.7,343.0,1.09,2437.0,853.9,681.1
TRH,12/13/2022,349.8,349.8,336.3,337.3,-1.66,90.0,853.9,681.1
TRH,12/14/2022,332.0,344.0,332.0,343.9,1.96,1705.0,853.9,681.1
TRH,12/15/2022,340.1,344.9,339.1,342.0,-0.55,1647.0,853.9,681.1
TRH,12/18/2022,335.2,340.0,332.0,332.0,-2.92,3256.0,853.9,681.1
TRH,12/19/2022,326.0,342.0,326.0,334.2,0.66,1100.0,853.9,681.1
TRH,12/20/2022,328.1,346.0,328.1,346.0,3.53,1830.0,853.9,681.1
TRH,12/21/2022,340.2,342.0,336.3,342.0,-1.16,700.0,853.9,681.1
TRH,12/22/2022,336.6,339.0,331.2,339.0,-0.88,725.0,853.9,681.1
TRH,12/26/2022,334.1,357.0,334.1,357.0,5.31,16341.0,853.9,681.1
TRH,12/27/2022,357.0,392.7,350.0,383.5,7.42,69992.0,853.9,681.1
TRH,12/28/2022,375.9,389.5,360.0,374.0,-2.48,26609.0,853.9,681.1
TRH,12/29/2022,366.7,411.4,366.7,391.0,4.55,25326.0,853.9,681.1
TRH,1/1/2023,397.0,397.0,372.5,392.5,0.38,109787.0,853.9,681.1
TRH,1/2/2023,384.7,404.9,369.6,400.1,1.94,23692.0,853.9,681.1
TRH,1/3/2023,392.1,423.7,392.1,420.0,4.97,46856.0,853.9,681.1
TRH,1/4/2023,412.2,451.8,406.0,451.8,7.57,47918.0,853.9,681.1
TRH,1/5/2023,452.0,458.0,421.0,454.0,0.49,47762.0,853.9,681.1
TRH,1/8/2023,445.0,489.0,436.1,465.0,2.42,45981.0,853.9,681.1
TRH,1/9/2023,464.0,502.0,457.0,480.4,3.31,51385.0,853.9,681.1
TRH,1/10/2023,480.0,485.0,438.4,438.4,-8.74,42932.0,853.9,681.1
TRH,1/12/2023,430.0,446.9,418.7,446.9,1.94,29012.0,853.9,681.1
TRH,1/17/2023,455.0,460.0,425.0,460.0,2.93,29550.0,853.9,681.1
TRH,1/18/2023,469.2,478.0,443.1,450.9,-1.98,35927.0,853.9,681.1
TRH,1/19/2023,443.1,450.0,441.4,441.4,-2.11,8005.0,853.9,681.1
TRH,1/23/2023,450.0,455.5,438.0,441.2,-0.05,35056.0,853.9,681.1
TRH,1/24/2023,441.3,445.0,428.5,444.0,0.63,9197.0,853.9,681.1
TRH,1/25/2023,450.0,470.0,449.0,470.0,5.86,60711.0,853.9,681.1
TRH,1/26/2023,479.4,490.0,458.0,486.0,3.4,118088.0,853.9,681.1
TRH,1/29/2023,476.3,507.0,469.0,507.0,4.32,67776.0,853.9,681.1
TRH,1/30/2023,496.9,505.0,467.5,480.0,-5.33,52077.0,853.9,681.1
TRH,1/31/2023,475.0,481.0,460.6,472.0,-1.67,34101.0,853.9,681.1
TRH,2/1/2023,479.8,480.0,462.6,470.0,-0.42,43935.0,853.9,681.1
TRH,2/2/2023,462.0,474.0,454.0,457.0,-2.77,36559.0,853.9,681.1
TRH,2/5/2023,453.2,473.0,453.2,453.2,-0.83,15442.0,853.9,681.1
TRH,2/6/2023,445.3,466.0,445.3,464.0,2.38,65797.0,853.9,681.1
TRH,2/7/2023,458.0,474.0,454.8,471.0,1.51,36172.0,853.9,681.1
TRH,2/8/2023,470.0,474.0,461.1,461.1,-2.1,145414.0,853.9,681.1
TRH,2/9/2023,455.0,468.8,455.0,468.8,1.67,3753.0,853.9,681.1
TRH,2/12/2023,460.0,468.0,439.3,446.0,-4.86,34867.0,853.9,681.1
TRH,2/14/2023,438.1,449.0,438.1,448.8,0.63,23213.0,853.9,681.1
TRH,2/15/2023,452.8,453.0,440.0,444.0,-1.07,21108.0,853.9,681.1
TRH,2/16/2023,436.0,448.8,436.0,440.0,-0.9,14158.0,853.9,681.1
TRH,2/20/2023,448.0,448.0,440.0,440.0,0.0,5771.0,853.9,681.1
TRH,2/22/2023,440.0,475.0,440.0,458.0,4.09,16506.0,853.9,681.1
TRH,2/23/2023,449.1,463.0,448.0,450.3,-1.68,24692.0,853.9,681.1
TRH,2/26/2023,441.4,470.0,441.0,465.0,3.26,29603.0,853.9,681.1
TRH,2/27/2023,465.0,502.0,452.2,502.0,7.96,40617.0,853.9,681.1
TRH,2/28/2023,499.0,499.0,483.0,483.0,-3.78,51112.0,853.9,681.1
TRH,3/1/2023,487.0,487.0,467.1,468.1,-3.08,26037.0,853.9,681.1
TRH,3/2/2023,460.1,464.9,453.2,460.0,-1.73,13501.0,853.9,681.1
TRH,3/5/2023,453.1,459.7,449.0,449.0,-2.39,10527.0,853.9,681.1
TRH,3/7/2023,455.0,462.0,455.0,455.8,1.51,8886.0,853.9,681.1
TRH,3/9/2023,463.0,484.8,460.0,478.0,4.87,33205.0,853.9,681.1
TRH,3/12/2023,470.5,479.0,465.0,468.0,-2.09,35065.0,853.9,681.1
TRH,3/13/2023,458.7,478.5,458.7,470.0,0.43,16841.0,853.9,681.1
TRH,3/14/2023,461.2,478.9,461.2,474.9,1.04,8348.0,853.9,681.1
TRH,3/15/2023,482.9,482.9,457.5,467.0,-1.66,5888.0,853.9,681.1
TRH,3/16/2023,467.0,475.1,460.0,460.0,-1.5,24721.0,853.9,681.1
TRH,3/19/2023,469.2,478.5,452.0,463.0,0.65,6302.0,853.9,681.1
TRH,3/20/2023,470.0,479.4,467.1,476.0,2.81,6599.0,853.9,681.1
TRH,3/22/2023,485.5,485.5,463.0,469.5,-1.37,10586.0,853.9,681.1
TRH,3/23/2023,462.1,467.8,456.2,459.0,-2.24,13924.0,853.9,681.1
TRH,3/26/2023,451.3,463.0,450.1,454.0,-1.09,14450.0,853.9,681.1
TRH,3/27/2023,445.2,467.9,445.1,467.0,2.86,8776.0,853.9,681.1
TRH,3/28/2023,476.3,476.3,461.2,463.0,-0.86,9604.0,853.9,681.1
TRH,3/29/2023,456.0,475.0,455.2,472.0,1.94,12340.0,853.9,681.1
TRH,3/30/2023,478.0,478.0,463.1,465.0,-1.48,7095.0,853.9,681.1
TRH,4/2/2023,455.7,483.4,455.0,458.9,-1.31,21897.0,853.9,681.1
TRH,4/3/2023,454.0,464.4,452.0,460.0,0.24,4572.0,853.9,681.1
TRH,4/4/2023,451.2,467.5,451.2,463.0,0.65,7483.0,853.9,681.1
TRH,4/5/2023,456.0,464.9,453.8,462.0,-0.22,7393.0,853.9,681.1
TRH,4/6/2023,471.2,471.2,452.6,459.9,-0.45,2841.0,853.9,681.1
TRH,4/9/2023,460.0,460.0,446.1,451.5,-1.83,11320.0,853.9,681.1
TRH,4/10/2023,452.0,456.0,450.0,454.6,0.69,2590.0,853.9,681.1
TRH,4/11/2023,460.0,465.0,450.9,455.1,0.11,7552.0,853.9,681.1
TRH,4/12/2023,464.2,476.0,460.0,470.0,3.27,12349.0,853.9,681.1
TRH,4/13/2023,462.5,485.0,462.5,477.5,1.6,26539.0,853.9,681.1
TRH,4/16/2023,482.0,520.2,476.0,513.0,7.43,49646.0,853.9,681.1
TRH,4/17/2023,507.0,516.0,503.0,511.0,-0.39,17570.0,853.9,681.1
TRH,4/18/2023,502.1,520.0,500.0,515.1,0.8,27230.0,853.9,681.1
TRH,4/19/2023,504.8,509.0,490.0,500.1,-2.91,33540.0,853.9,681.1
TRH,4/20/2023,506.9,508.0,486.3,490.0,-2.02,14692.0,853.9,681.1
TRH,4/23/2023,495.0,524.0,476.0,524.0,6.94,18517.0,853.9,681.1
TRH,4/24/2023,513.6,513.6,496.0,500.0,-4.58,31778.0,853.9,681.1
TRH,4/25/2023,491.5,540.0,491.5,540.0,8.0,40287.0,853.9,681.1
TRH,4/26/2023,529.2,529.2,501.0,501.6,-7.11,77079.0,853.9,681.1
TRH,4/27/2023,492.0,527.0,492.0,523.9,4.45,56927.0,853.9,681.1
TRH,4/30/2023,513.5,544.0,513.5,525.5,0.31,62908.0,853.9,681.1
TRH,5/2/2023,518.1,555.0,518.1,531.0,1.05,38466.0,853.9,681.1
TRH,5/3/2023,540.0,540.0,519.0,519.9,-2.09,10879.0,853.9,681.1
TRH,5/4/2023,511.1,529.0,511.1,523.0,0.6,18480.0,853.9,681.1
TRH,5/7/2023,524.0,524.0,507.1,507.1,-3.04,10719.0,853.9,681.1
TRH,5/8/2023,497.0,515.0,495.0,500.0,-1.4,40127.0,853.9,681.1
TRH,5/9/2023,490.0,518.9,490.0,509.0,1.8,11173.0,853.9,681.1
TRH,5/10/2023,515.0,517.0,505.0,515.0,1.18,4180.0,853.9,681.1
TRH,5/11/2023,507.0,516.9,505.0,509.0,-1.17,17615.0,853.9,681.1
TRH,5/14/2023,515.0,525.3,496.0,499.9,-1.79,26285.0,853.9,681.1
TRH,5/15/2023,505.0,509.0,498.0,498.0,-0.38,6681.0,853.9,681.1
TRH,5/16/2023,507.9,512.0,503.0,508.0,2.01,7590.0,853.9,681.1
TRH,5/17/2023,515.0,516.0,505.0,514.0,1.18,5811.0,853.9,681.1
TRH,5/18/2023,524.0,550.0,505.1,538.9,4.84,62581.0,853.9,681.1
TRH,5/21/2023,548.0,570.0,532.0,568.9,5.57,72020.0,853.9,681.1
TRH,5/22/2023,563.0,585.0,555.2,575.0,1.07,58761.0,853.9,681.1
TRH,5/23/2023,576.0,598.7,575.0,598.7,4.12,34268.0,853.9,681.1
TRH,5/24/2023,599.0,625.0,588.0,622.0,3.89,54849.0,853.9,681.1
TRH,5/28/2023,610.1,630.0,592.9,600.1,-3.52,56481.0,853.9,681.1
TRH,5/30/2023,588.2,598.9,569.0,577.0,-3.85,72616.0,853.9,681.1
TRH,5/31/2023,566.0,577.0,540.0,546.4,-5.3,88888.0,853.9,681.1
TRH,6/1/2023,535.5,569.0,535.5,566.5,3.68,33261.0,853.9,681.1
TRH,6/4/2023,577.8,621.0,577.8,621.0,9.62,55524.0,853.9,681.1
TRH,6/5/2023,630.0,634.0,610.2,616.9,-0.66,36981.0,853.9,681.1
TRH,6/6/2023,621.0,657.9,612.5,644.2,4.43,45946.0,853.9,681.1
TRH,6/7/2023,650.0,662.0,633.1,644.0,-0.03,74603.0,853.9,681.1
TRH,6/8/2023,644.0,656.8,630.0,638.0,-0.93,33502.0,853.9,681.1
TRH,6/11/2023,649.0,651.0,640.0,651.0,2.04,38982.0,853.9,681.1
TRH,6/12/2023,662.9,688.5,645.1,684.0,5.07,70328.0,853.9,681.1
TRH,6/13/2023,675.0,703.0,675.0,683.0,-0.15,37302.0,853.9,681.1
TRH,6/14/2023,688.0,698.9,670.0,672.0,-1.61,30622.0,853.9,681.1
TRH,6/15/2023,660.2,703.9,660.1,699.9,4.15,34255.0,853.9,681.1
TRH,6/18/2023,712.9,740.0,700.0,736.0,5.16,35606.0,853.9,681.1
TRH,6/19/2023,746.8,746.8,709.0,715.0,-2.85,31610.0,853.9,681.1
TRH,6/20/2023,718.9,729.3,692.0,697.0,-2.52,44295.0,853.9,681.1
TRH,6/21/2023,710.9,744.0,690.0,720.0,3.3,62544.0,853.9,681.1
TRH,6/22/2023,734.0,792.0,725.4,792.0,10.0,129933.0,853.9,681.1
TRH,6/25/2023,795.0,830.0,775.1,795.0,0.38,100792.0,853.9,681.1
TRH,6/26/2023,809.0,856.0,786.1,856.0,7.67,96564.0,853.9,681.1
TRH,6/27/2023,840.0,890.5,823.0,868.0,1.4,56635.0,853.9,681.1
TRH,6/28/2023,880.0,880.0,815.0,815.0,-6.11,63240.0,853.9,681.1
TRH,7/2/2023,815.0,821.0,779.0,781.0,-4.17,77308.0,853.9,681.1
TRH,7/3/2023,770.0,809.0,763.0,800.0,2.43,109501.0,853.9,681.1
TRH,7/4/2023,800.0,810.9,780.0,809.0,1.12,47147.0,853.9,681.1
TRH,7/5/2023,809.0,812.0,777.0,777.0,-3.96,27032.0,853.9,681.1
TRH,7/6/2023,780.0,805.0,768.0,774.1,-0.37,39319.0,853.9,681.1
TRH,7/9/2023,778.1,805.0,778.1,805.0,3.99,46611.0,853.9,681.1
TRH,7/10/2023,810.0,826.2,796.0,797.2,-0.97,39961.0,853.9,681.1
TRH,7/11/2023,797.0,808.0,782.0,793.0,-0.53,54315.0,853.9,681.1
TRH,7/12/2023,778.0,804.0,778.0,795.1,0.26,38292.0,853.9,681.1
TRH,7/13/2023,811.0,811.0,775.0,780.0,-1.9,32353.0,853.9,681.1
TRH,7/16/2023,790.0,796.0,782.0,790.3,1.32,19402.0,853.9,681.1
TRH,7/17/2023,775.0,815.9,775.0,813.0,2.87,40658.0,853.9,681.1
TRH,7/18/2023,823.0,833.0,800.0,811.5,-0.18,27368.0,853.9,681.1
TRH,7/19/2023,812.0,814.0,800.0,802.0,-1.17,23609.0,853.9,681.1
TRH,7/20/2023,802.0,815.0,790.1,795.2,-0.85,20085.0,853.9,681.1
TRH,7/23/2023,809.0,819.0,795.6,808.0,1.61,20647.0,853.9,681.1
TRH,7/24/2023,800.0,814.0,800.0,809.5,0.19,41939.0,853.9,681.1
TRH,7/25/2023,795.1,825.0,795.1,816.9,0.91,35410.0,853.9,681.1
TRH,7/26/2023,832.9,832.9,801.0,805.1,-1.44,18847.0,853.9,681.1
TRH,7/27/2023,817.0,821.0,780.3,790.5,-1.81,20151.0,853.9,681.1
TRH,7/30/2023,799.0,799.0,770.0,774.0,-2.09,20297.0,853.9,681.1
TRH,7/31/2023,787.0,787.0,761.0,772.5,-0.19,12622.0,853.9,681.1
TRH,8/1/2023,786.9,787.0,746.0,760.0,-1.62,16890.0,853.9,681.1
TRH,8/2/2023,775.0,778.0,745.0,774.0,1.84,11593.0,853.9,681.1
TRH,8/3/2023,784.0,784.0,766.0,769.0,-0.65,14806.0,853.9,681.1
TRH,8/6/2023,769.0,769.0,732.0,732.0,-4.81,9498.0,853.9,681.1
TRH,8/7/2023,722.0,763.0,720.0,763.0,4.23,23194.0,853.9,681.1
TRH,8/8/2023,763.0,778.0,741.1,748.0,-1.97,9811.0,853.9,681.1
TRH,8/9/2023,759.0,770.0,744.0,769.0,2.81,12105.0,853.9,681.1
TRH,8/10/2023,784.3,805.0,765.0,791.0,2.86,37253.0,853.9,681.1
TRH,8/13/2023,792.0,810.0,778.0,794.0,0.38,24564.0,853.9,681.1
TRH,8/14/2023,783.1,805.0,783.1,790.0,-0.5,16439.0,853.9,681.1
TRH,8/15/2023,780.0,795.0,766.2,768.0,-2.78,16677.0,853.9,681.1
TRH,8/16/2023,780.0,780.0,740.0,756.5,-1.5,15602.0,853.9,681.1
TRH,8/17/2023,771.6,794.8,765.0,776.0,2.58,18958.0,853.9,681.1
TRH,8/20/2023,791.5,801.3,776.0,779.0,0.39,26145.0,853.9,681.1
TRH,8/21/2023,766.0,793.0,763.2,763.2,-2.03,52114.0,853.9,681.1
TRH,8/22/2023,778.4,779.0,763.1,765.1,0.25,6638.0,853.9,681.1
TRH,8/23/2023,780.3,795.9,778.0,785.7,2.69,18868.0,853.9,681.1
TRH,8/24/2023,796.0,796.0,768.9,780.9,-0.61,10757.0,853.9,681.1
TRH,8/27/2023,767.6,767.6,751.9,765.0,-2.04,8509.0,853.9,681.1
TRH,8/28/2023,760.0,779.0,760.0,770.0,0.65,12447.0,853.9,681.1
TRH,8/29/2023,770.0,770.0,762.0,762.0,-1.04,4130.0,853.9,681.1
TRH,8/30/2023,776.0,776.0,762.1,766.0,0.52,5529.0,853.9,681.1
TRH,9/3/2023,760.2,772.2,751.0,760.8,-0.68,9948.0,853.9,681.1
TRH,9/4/2023,774.0,774.0,745.0,765.0,0.55,5735.0,853.9,681.1
TRH,9/5/2023,752.0,767.0,751.1,755.0,-1.31,2611.0,853.9,681.1
TRH,9/7/2023,757.0,757.0,741.0,745.0,-1.32,5458.0,853.9,681.1
TRH,9/10/2023,740.0,759.0,732.1,756.3,1.52,3331.0,853.9,681.1
TRH,9/11/2023,767.0,780.0,759.0,776.0,2.6,10892.0,853.9,681.1
TRH,9/12/2023,787.9,787.9,756.2,763.8,-1.57,2603.0,853.9,681.1
TRH,9/13/2023,770.0,785.0,770.0,785.0,2.78,6017.0,853.9,681.1
TRH,9/17/2023,790.0,790.0,758.8,765.5,-2.48,4756.0,853.9,681.1
TRH,9/18/2023,765.0,777.0,765.0,775.6,1.32,2619.0,853.9,681.1
TRH,9/19/2023,780.0,780.0,751.0,769.9,-0.73,6105.0,853.9,681.1
TRH,9/21/2023,784.9,784.9,763.1,770.0,0.01,9980.0,853.9,681.1
TRH,9/24/2023,770.0,771.0,755.0,760.0,-1.3,11417.0,853.9,681.1
TRH,9/25/2023,763.0,763.8,749.5,758.9,-0.14,2588.0,853.9,681.1
TRH,9/26/2023,774.0,774.0,746.2,750.0,-1.17,2100.0,853.9,681.1
TRH,9/27/2023,739.1,763.0,739.1,743.0,-0.93,6898.0,853.9,681.1
TRH,10/1/2023,750.0,750.0,731.0,731.0,-1.62,5827.0,853.9,681.1
TRH,10/2/2023,744.9,744.9,707.0,721.0,-1.37,2808.0,853.9,681.1
TRH,10/3/2023,735.4,735.4,703.0,709.0,-1.66,3553.0,853.9,681.1
TRH,10/4/2023,700.0,730.0,700.0,727.4,2.6,9423.0,853.9,681.1
TRH,10/5/2023,720.0,720.0,713.0,713.5,-1.91,2380.0,853.9,681.1
TRH,10/8/2023,708.0,715.0,692.0,698.9,-2.05,2131.0,853.9,681.1
TRH,10/9/2023,685.0,693.5,672.0,683.9,-2.15,3493.0,853.9,681.1
TRH,10/10/2023,670.3,683.4,661.0,683.4,-0.07,12404.0,853.9,681.1
TRH,10/11/2023,669.8,710.9,656.5,710.9,4.02,13322.0,853.9,681.1
TRH,10/12/2023,697.0,697.0,668.0,681.3,-4.16,3674.0,853.9,681.1
TRH,10/16/2023,670.0,675.0,660.0,667.1,-2.08,4412.0,853.9,681.1
TRH,10/17/2023,680.3,680.3,657.0,672.0,0.73,2242.0,853.9,681.1
TRH,10/18/2023,677.0,696.0,677.0,682.0,1.49,1545.0,853.9,681.1
TRH,10/19/2023,673.0,692.8,668.4,692.8,1.58,3374.0,853.9,681.1
TRH,10/29/2023,679.0,679.0,665.5,667.0,-3.72,2834.0,853.9,681.1
TRH,10/30/2023,654.0,666.0,652.7,660.0,-1.05,670.0,853.9,681.1
TRH,10/31/2023,650.0,655.0,650.0,655.0,-0.76,2090.0,853.9,681.1
TRH,11/1/2023,660.0,668.1,648.0,648.0,-1.07,1004.0,853.9,681.1
TRH,11/2/2023,641.0,675.0,640.0,675.0,4.17,23418.0,853.9,681.1
TRH,11/5/2023,676.0,711.9,666.3,711.9,5.47,13983.0,853.9,681.1
TRH,11/6/2023,700.0,723.0,687.0,721.0,1.28,20815.0,853.9,681.1
TRH,11/7/2023,733.9,733.9,706.0,719.0,-0.28,3569.0,853.9,681.1
TRH,11/8/2023,733.3,733.3,710.0,719.0,0.0,2150.0,853.9,681.1
TRH,11/9/2023,732.0,776.1,717.5,739.5,2.85,31761.0,853.9,681.1
TRH,11/20/2023,724.8,734.0,720.0,720.0,-2.64,9430.0,853.9,681.1
TRH,11/21/2023,715.0,720.0,690.2,700.0,-2.78,3641.0,853.9,681.1
TRH,11/22/2023,686.0,742.0,673.0,727.2,3.89,3795.0,853.9,681.1
TRH,11/23/2023,712.7,738.0,700.1,720.1,-0.98,11955.0,853.9,681.1
TRH,11/26/2023,708.0,780.0,708.0,751.0,4.29,21014.0,853.9,681.1
TRH,11/27/2023,751.0,768.9,726.2,765.0,1.86,21005.0,853.9,681.1
TRH,11/28/2023,749.7,828.0,749.7,828.0,8.24,20597.0,853.9,681.1
TRH,11/29/2023,811.5,827.0,780.0,790.0,-4.59,21662.0,853.9,681.1
TRH,11/30/2023,778.1,784.0,755.0,779.0,-1.39,16026.0,853.9,681.1
TRH,12/3/2023,789.0,789.0,750.0,765.1,-1.78,2361.0,853.9,681.1
TRH,12/5/2023,765.1,770.2,743.0,755.0,-1.32,11630.0,853.9,681.1
TRH,12/6/2023,750.0,753.5,746.0,746.0,-1.19,3370.0,853.9,681.1
TRH,12/7/2023,755.0,803.0,744.0,755.1,1.22,6257.0,853.9,681.1
TRH,12/10/2023,770.2,817.0,770.2,815.0,7.93,2436.0,853.9,681.1
TRH,12/11/2023,815.0,815.0,785.0,798.0,-2.09,28710.0,853.9,681.1
TRH,12/12/2023,783.0,846.0,783.0,839.0,5.14,44925.0,853.9,681.1
TRH,12/13/2023,845.0,845.0,814.0,836.0,-0.36,24669.0,853.9,681.1
TRH,12/14/2023,820.0,836.0,812.0,830.0,-0.72,8299.0,853.9,681.1
TRH,12/17/2023,813.4,859.0,808.0,843.0,1.57,21622.0,853.9,681.1
TRH,12/18/2023,859.8,876.9,840.0,860.0,2.02,39055.0,853.9,681.1
TRH,12/19/2023,843.0,945.0,843.0,945.0,9.88,54514.0,853.9,681.1
TRH,12/20/2023,945.0,955.9,910.0,913.0,-3.39,26589.0,853.9,681.1
TRH,12/21/2023,913.0,913.0,876.0,895.0,-1.97,23592.0,853.9,681.1
TRH,12/24/2023,902.0,979.2,892.0,892.1,-0.32,53872.0,853.9,681.1
TRH,12/27/2023,904.0,926.0,870.0,870.1,-2.47,33116.0,853.9,681.1
TRH,12/28/2023,853.0,920.2,845.0,920.0,5.73,10310.0,853.9,681.1
TRH,1/1/2024,901.6,901.6,860.1,860.1,-6.51,24485.0,853.9,681.1
TRH,1/2/2024,868.0,868.0,827.0,828.0,-3.73,10251.0,853.9,681.1
TRH,1/3/2024,828.0,904.0,827.0,867.0,4.71,20925.0,853.9,681.1
TRH,1/4/2024,884.0,884.0,838.0,860.0,-0.81,24596.0,853.9,681.1
TRH,1/7/2024,873.0,873.0,836.0,837.2,-2.65,34368.0,853.9,681.1
TRH,1/8/2024,852.2,886.5,821.0,886.5,5.89,13504.0,853.9,681.1
TRH,1/9/2024,868.8,894.9,851.5,866.0,-2.31,36300.0,853.9,681.1
TRH,1/10/2024,883.0,885.0,850.0,854.9,-1.28,15474.0,853.9,681.1
TRH,1/11/2024,871.0,871.0,835.0,845.0,-1.16,7145.0,853.9,681.1
TRH,1/14/2024,861.9,861.9,831.0,838.0,-0.83,6328.0,853.9,681.1
TRH,1/16/2024,850.3,860.0,838.0,852.5,1.73,11383.0,853.9,681.1
TRH,1/17/2024,850.0,866.9,836.0,836.0,-1.94,14277.0,853.9,681.1
TRH,1/18/2024,850.0,851.9,809.0,821.2,-1.77,13390.0,853.9,681.1
TRH,1/21/2024,822.0,837.4,801.1,801.1,-2.45,20555.0,853.9,681.1
TRH,1/22/2024,805.0,835.0,795.0,810.0,1.11,15258.0,853.9,681.1
TRH,1/23/2024,824.9,870.0,800.0,855.0,5.56,17298.0,853.9,681.1
TRH,1/24/2024,852.0,865.0,820.0,828.0,-3.16,13277.0,853.9,681.1
TRH,1/25/2024,821.1,839.0,805.0,816.3,-1.41,4575.0,853.9,681.1
TRH,1/28/2024,816.3,826.0,796.0,825.0,1.07,13105.0,853.9,681.1
TRH,1/29/2024,838.0,870.0,800.0,840.0,1.82,12388.0,853.9,681.1
TRH,1/30/2024,825.0,838.9,825.0,829.0,-1.31,2343.0,853.9,681.1
TRH,1/31/2024,824.0,824.0,800.1,810.0,-2.29,9759.0,853.9,681.1
TRH,2/1/2024,795.0,810.9,792.0,792.1,-2.21,8217.0,853.9,681.1
TRH,2/4/2024,792.1,794.0,775.0,780.0,-1.53,8963.0,853.9,681.1
TRH,2/5/2024,794.0,795.6,780.0,780.0,0.0,5730.0,853.9,681.1
TRH,2/6/2024,795.6,811.5,781.0,796.0,2.05,2827.0,853.9,681.1
TRH,2/7/2024,790.1,816.0,785.0,810.0,1.76,8709.0,853.9,681.1
TRH,2/8/2024,810.0,814.0,795.0,814.0,0.49,6863.0,853.9,681.1
TRH,2/11/2024,815.0,815.0,792.5,792.5,-2.64,8809.0,853.9,681.1
TRH,2/12/2024,808.0,814.9,797.1,800.0,0.95,12435.0,853.9,681.1
TRH,2/13/2024,784.0,805.8,775.0,792.0,-1.0,8511.0,853.9,681.1
TRH,2/14/2024,777.1,796.0,777.0,793.9,0.24,6189.0,853.9,681.1
TRH,2/15/2024,779.0,800.0,779.0,800.0,0.77,5758.0,853.9,681.1
TRH,2/18/2024,800.0,800.0,773.0,773.3,-3.34,3907.0,853.9,681.1
TRH,2/20/2024,773.3,788.0,760.0,762.0,-1.46,8685.0,853.9,681.1
TRH,2/21/2024,777.0,792.0,763.0,765.1,0.41,2008.0,853.9,681.1
TRH,2/22/2024,779.0,779.0,755.0,755.0,-1.32,3146.0,853.9,681.1
TRH,2/25/2024,746.0,764.9,745.0,746.0,-1.19,3259.0,853.9,681.1
TRH,2/26/2024,740.3,750.0,735.0,750.0,0.54,1710.0,853.9,681.1
TRH,2/27/2024,740.0,770.0,740.0,769.5,2.6,1435.0,853.9,681.1
TRH,2/28/2024,756.1,774.0,742.0,755.0,-1.88,2028.0,853.9,681.1
TRH,2/29/2024,769.0,770.0,735.0,735.0,-2.65,3960.0,853.9,681.1
TRH,3/3/2024,735.0,749.0,730.1,748.5,1.84,4130.0,853.9,681.1
TRH,3/4/2024,763.0,793.5,763.0,793.5,6.01,980.0,853.9,681.1
TRH,3/5/2024,793.0,793.5,754.1,755.0,-4.85,8928.0,853.9,681.1
TRH,3/6/2024,769.0,785.0,743.0,769.0,1.85,2852.0,853.9,681.1
TRH,3/7/2024,760.0,779.9,742.1,779.0,1.3,5233.0,853.9,681.1
TRH,3/10/2024,790.0,798.0,773.3,785.0,0.77,5437.0,853.9,681.1
TRH,3/12/2024,780.0,810.0,777.0,800.0,1.91,10202.0,853.9,681.1
TRH,3/13/2024,800.0,800.0,782.1,782.2,-2.22,4660.0,853.9,681.1
TRH,3/14/2024,795.0,844.9,780.0,800.0,2.28,4694.0,853.9,681.1
TRH,3/17/2024,791.0,795.6,776.1,785.0,-1.88,2340.0,853.9,681.1
TRH,3/18/2024,783.0,791.0,775.0,790.0,0.64,3051.0,853.9,681.1
TRH,3/19/2024,792.0,792.4,778.4,778.4,-1.47,850.0,853.9,681.1
TRH,3/20/2024,780.4,795.6,765.0,775.0,-0.44,3945.0,853.9,681.1
TRH,3/21/2024,760.0,790.0,760.0,771.0,-0.52,2572.0,853.9,681.1
TRH,3/25/2024,785.0,848.0,760.0,833.0,8.04,10382.0,853.9,681.1
TRH,3/26/2024,840.0,840.0,784.0,808.8,-2.91,32916.0,853.9,681.1
TRH,3/27/2024,793.8,807.0,790.0,798.0,-1.34,13426.0,853.9,681.1
TRH,3/28/2024,782.1,846.7,782.1,795.0,-0.38,30196.0,853.9,681.1
TRH,3/31/2024,782.0,799.9,781.7,793.5,-0.19,18551.0,853.9,681.1
TRH,4/1/2024,778.0,851.7,778.0,851.0,7.25,10786.0,853.9,681.1
TRH,4/2/2024,834.0,834.0,770.0,809.0,-4.94,94694.0,853.9,681.1
TRH,4/3/2024,793.0,840.0,778.0,800.7,-1.03,26693.0,853.9,681.1
TRH,4/4/2024,785.0,880.0,770.0,880.0,9.9,51371.0,853.9,681.1
TRH,4/7/2024,862.4,862.4,792.0,792.0,-10.0,45341.0,853.9,681.1
TRH,4/9/2024,777.0,788.0,760.1,774.0,-2.27,93668.0,853.9,681.1
TRH,4/10/2024,788.0,788.0,735.0,760.0,-1.81,41305.0,853.9,681.1
TRH,4/14/2024,762.0,767.4,729.0,730.1,-3.93,19687.0,853.9,681.1
TRH,4/15/2024,716.5,740.0,716.5,727.0,-0.42,13273.0,853.9,681.1
TRH,4/16/2024,727.0,746.0,727.0,737.3,1.42,13003.0,853.9,681.1
TRH,4/18/2024,744.0,744.0,723.0,725.0,-1.67,7930.0,853.9,681.1
TRH,4/21/2024,738.0,738.0,711.1,726.0,0.14,3628.0,853.9,681.1
TRH,4/22/2024,738.0,738.0,715.0,715.6,-1.43,5661.0,853.9,681.1
TRH,4/24/2024,717.6,721.0,705.1,707.6,-1.12,6358.0,853.9,681.1
TRH,4/25/2024,695.1,709.0,695.1,699.0,-1.22,10678.0,853.9,681.1
TRH,4/28/2024,712.9,727.1,704.0,714.0,2.15,3997.0,853.9,681.1
TRH,4/29/2024,728.0,728.2,707.5,711.0,-0.42,4941.0,853.9,681.1
TRH,4/30/2024,712.0,735.0,711.0,722.1,1.56,12684.0,853.9,681.1
TRH,5/2/2024,734.0,735.0,712.5,719.0,-0.43,7919.0,853.9,681.1
TRH,5/5/2024,710.1,724.0,707.5,711.0,-1.11,7574.0,853.9,681.1
TRH,5/6/2024,705.0,721.0,702.0,703.0,-1.13,9351.0,853.9,681.1
TRH,5/7/2024,716.0,730.0,705.1,715.0,1.71,4290.0,853.9,681.1
TRH,5/8/2024,728.0,728.0,700.0,701.0,-1.96,4893.0,853.9,681.1
TRH,5/9/2024,715.0,761.9,715.0,747.0,6.56,38508.0,853.9,681.1
TRH,5/12/2024,758.0,759.0,736.0,737.0,-1.34,15016.0,853.9,681.1
TRH,5/13/2024,747.0,750.9,725.0,730.0,-0.95,26466.0,853.9,681.1
TRH,5/14/2024,744.0,750.0,730.0,737.0,0.96,34529.0,853.9,681.1
TRH,5/15/2024,742.0,745.0,727.0,730.0,-0.95,25585.0,853.9,681.1
TRH,5/16/2024,715.4,735.0,715.4,726.2,-0.52,6185.0,853.9,681.1
TRH,5/19/2024,726.0,749.0,726.0,739.0,1.76,11689.0,853.9,681.1
TRH,5/20/2024,751.0,751.0,735.0,737.1,-0.26,12136.0,853.9,681.1
TRH,5/21/2024,725.0,750.0,725.0,732.6,-0.61,14994.0,853.9,681.1
TRH,5/22/2024,725.0,759.0,725.0,741.0,1.15,19338.0,853.9,681.1
TRH,5/26/2024,743.2,775.0,740.0,768.0,3.64,44160.0,853.9,681.1
TRH,5/27/2024,775.0,775.0,753.6,758.0,-1.3,17978.0,853.9,681.1
TRH,5/29/2024,773.0,819.0,760.8,771.9,1.83,28068.0,853.9,681.1
TRH,5/30/2024,762.1,768.5,753.2,754.0,-2.32,16100.0,853.9,681.1
TRH,6/2/2024,741.1,765.0,739.0,764.5,1.39,14733.0,853.9,681.1
TRH,6/3/2024,751.6,764.0,745.0,750.0,-1.9,3822.0,853.9,681.1
TRH,6/4/2024,765.0,765.0,745.0,750.2,0.03,6269.0,853.9,681.1
TRH,6/5/2024,764.0,764.0,744.0,745.0,-0.69,3457.0,853.9,681.1
TRH,6/6/2024,750.0,754.9,735.0,739.0,-0.81,8454.0,853.9,681.1
TRH,6/9/2024,749.8,768.9,745.0,759.0,2.71,19087.0,853.9,681.1
TRH,6/10/2024,750.1,768.6,750.1,761.5,0.33,14260.0,853.9,681.1
TRH,6/11/2024,773.0,773.0,763.4,767.9,0.84,11403.0,853.9,681.1
TRH,6/12/2024,779.0,779.0,764.7,770.0,0.27,12512.0,853.9,681.1
TRH,6/13/2024,765.0,777.7,765.0,771.1,0.14,17101.0,853.9,681.1
TRH,6/16/2024,770.0,780.0,768.0,768.0,-0.4,11089.0,853.9,681.1
TRH,6/18/2024,758.0,769.9,758.0,765.0,-0.39,4979.0,853.9,681.1
TRH,6/19/2024,761.0,774.7,756.0,760.0,-0.65,5460.0,853.9,681.1
TRH,6/20/2024,746.0,767.5,746.0,765.9,0.78,9353.0,853.9,681.1
TRH,6/23/2024,768.0,768.0,748.6,764.2,-0.22,3398.0,853.9,681.1
TRH,6/24/2024,763.0,763.0,749.5,755.0,-1.2,8389.0,853.9,681.1
TRH,6/25/2024,768.0,768.0,745.0,757.0,0.26,9259.0,853.9,681.1
TRH,6/26/2024,746.0,755.0,745.1,755.0,-0.26,7349.0,853.9,681.1
TRH,6/27/2024,746.5,755.9,746.5,750.3,-0.62,6483.0,853.9,681.1
TRH,6/30/2024,763.0,763.0,748.0,754.5,0.56,4257.0,853.9,681.1
TRH,7/1/2024,740.0,764.0,740.0,755.0,0.07,7810.0,853.9,681.1
TRH,7/2/2024,755.0,775.0,755.0,758.1,0.41,3727.0,853.9,681.1
TRH,7/3/2024,750.0,762.0,750.0,760.0,0.25,5313.0,853.9,681.1
TRH,7/4/2024,769.8,776.3,755.1,776.3,2.14,8883.0,853.9,681.1
TRH,7/7/2024,780.0,808.9,772.0,808.0,4.08,37618.0,853.9,681.1
TRH,7/8/2024,808.0,814.0,790.0,799.0,-1.11,11442.0,853.9,681.1
TRH,7/9/2024,783.1,815.0,783.1,802.0,0.38,8486.0,853.9,681.1
TRH,7/10/2024,809.0,821.0,790.1,814.9,1.61,30051.0,853.9,681.1
TRH,7/11/2024,800.0,815.0,790.0,810.4,-0.55,18736.0,853.9,681.1
TRH,7/14/2024,815.0,821.0,800.0,821.0,1.31,17172.0,853.9,681.1
TRH,7/15/2024,821.0,823.1,807.0,807.0,-1.71,15756.0,853.9,681.1
TRH,7/16/2024,801.1,850.0,801.0,831.0,2.97,27933.0,853.9,681.1
TRH,7/17/2024,847.0,898.0,841.0,896.0,7.82,48171.0,853.9,681.1
TRH,7/18/2024,910.0,979.0,895.8,970.0,8.26,54053.0,853.9,681.1
TRH,7/21/2024,970.0,1028.0,950.7,997.0,2.78,44204.0,853.9,681.1
TRH,7/22/2024,995.0,1014.9,950.1,994.9,-0.21,35807.0,853.9,681.1
TRH,7/23/2024,980.0,1055.0,975.1,1013.0,1.82,33211.0,853.9,681.1
TRH,7/24/2024,1019.0,1040.0,981.0,1019.0,0.59,50705.0,853.9,681.1
TRH,7/25/2024,1019.0,1055.0,991.0,1046.0,2.65,76028.0,853.9,681.1
TRH,7/28/2024,1066.9,1080.0,1029.0,1059.0,1.24,20339.0,853.9,681.1
TRH,7/29/2024,1080.1,1080.1,1021.0,1039.0,-1.89,31689.0,853.9,681.1
TRH,7/30/2024,1039.0,1092.0,1021.1,1079.0,3.85,55757.0,853.9,681.1
TRH,7/31/2024,1080.0,1152.0,1070.0,1138.0,5.47,81923.0,853.9,681.1
TRH,8/1/2024,1115.4,1244.3,1115.3,1180.0,3.69,32985.0,853.9,681.1
TRH,8/5/2024,1196.0,1297.0,1138.1,1219.5,3.35,36989.0,853.9,681.1
TRH,8/6/2024,1220.0,1245.0,1097.6,1098.0,-9.96,66120.0,853.9,681.1
TRH,8/7/2024,1118.0,1165.0,1098.0,1115.0,1.55,27038.0,853.9,681.1
TRH,8/8/2024,1135.0,1180.8,1100.0,1139.0,2.15,54593.0,853.9,681.1
TRH,8/11/2024,1160.0,1182.0,1115.0,1127.0,-1.05,63001.0,853.9,681.1
TRH,8/12/2024,1134.0,1239.7,1107.0,1184.9,5.14,60187.0,853.9,681.1
TRH,8/13/2024,1185.0,1190.0,1145.1,1148.0,-3.11,33118.0,853.9,681.1
TRH,8/14/2024,1170.9,1240.0,1147.0,1237.0,7.75,73072.0,853.9,681.1
TRH,8/15/2024,1261.7,1320.0,1260.0,1300.0,5.09,68527.0,853.9,681.1
TRH,8/18/2024,1274.1,1294.3,1211.0,1225.0,-5.77,66577.0,853.9,681.1
TRH,8/21/2024,1240.0,1246.0,1200.2,1223.0,-0.16,28854.0,853.9,681.1
TRH,8/22/2024,1220.0,1345.3,1220.0,1345.3,10.0,28367.0,853.9,681.1
TRH,8/25/2024,1318.4,1426.0,1250.0,1294.0,-3.81,103498.0,853.9,681.1
TRH,8/27/2024,1293.0,1423.4,1275.0,1423.4,10.0,64955.0,853.9,681.1
TRH,8/28/2024,1395.0,1422.0,1340.0,1422.0,-0.1,61673.0,853.9,681.1
TRH,8/29/2024,1400.0,1538.0,1341.0,1351.0,-4.99,46911.0,853.9,681.1
TRH,9/1/2024,1378.0,1378.0,1257.0,1285.2,-4.87,29137.0,853.9,681.1
TRH,9/2/2024,1280.0,1404.0,1258.0,1404.0,9.24,77890.0,853.9,681.1
TRH,9/3/2024,1376.0,1417.8,1327.9,1417.8,0.98,79606.0,853.9,681.1
TRH,9/4/2024,1446.1,1446.1,1290.0,1320.0,-6.9,36816.0,853.9,681.1
TRH,9/5/2024,1320.0,1322.0,1275.0,1321.0,0.08,18373.0,853.9,681.1
TRH,9/8/2024,1321.0,1321.0,1267.2,1299.8,-1.6,63362.0,853.9,681.1
TRH,9/9/2024,1275.0,1298.0,1226.0,1226.0,-5.68,15017.0,853.9,681.1
TRH,9/10/2024,1202.0,1326.0,1202.0,1220.0,-0.49,13889.0,853.9,681.1
TRH,9/11/2024,1220.0,1240.0,1200.0,1220.0,0.0,9415.0,853.9,681.1
TRH,9/12/2024,1235.0,1260.0,1215.0,1244.0,1.97,11451.0,853.9,681.1
TRH,9/15/2024,1240.0,1245.0,1180.0,1190.0,-4.34,18625.0,853.9,681.1
TRH,9/16/2024,1190.0,1213.8,1135.0,1165.0,-2.1,11153.0,853.9,681.1
TRH,9/18/2024,1150.0,1170.0,1130.0,1146.6,-1.58,6866.0,853.9,681.1
TRH,9/22/2024,1169.5,1190.0,1100.0,1144.0,-0.23,4368.0,853.9,681.1
TRH,9/23/2024,1160.0,1164.0,1062.0,1081.0,-5.51,6546.0,853.9,681.1
TRH,9/24/2024,1089.9,1090.0,1017.3,1037.0,-4.07,7236.0,853.9,681.1
TRH,9/25/2024,1016.5,1107.0,995.0,1102.0,6.27,9878.0,853.9,681.1
TRH,9/26/2024,1090.0,1106.0,1010.7,1050.0,-4.72,5457.0,853.9,681.1
TRH,9/29/2024,1060.0,1060.0,1010.0,1027.0,-2.19,4552.0,853.9,681.1
TRH,9/30/2024,1045.0,1090.0,1030.0,1090.0,6.13,6698.0,853.9,681.1
TRH,10/1/2024,1111.8,1144.0,1081.0,1140.0,4.59,14356.0,853.9,681.1
TRH,10/2/2024,1140.0,1143.9,1086.0,1102.0,-3.33,9350.0,853.9,681.1
TRH,10/6/2024,1105.0,1123.9,1089.0,1123.9,1.99,4771.0,853.9,681.1
TRH,10/7/2024,1142.0,1179.9,1110.0,1168.0,3.92,68332.0,853.9,681.1
TRH,10/8/2024,1189.8,1189.8,1141.0,1150.0,-1.54,36793.0,853.9,681.1
TRH,10/9/2024,1172.0,1219.0,1120.0,1136.0,-1.22,3151.0,853.9,681.1
TRH,10/15/2024,1144.0,1160.0,1144.0,1160.0,2.11,56733.0,853.9,681.1
TRH,10/16/2024,1183.2,1200.0,1170.0,1187.0,2.33,34321.0,853.9,681.1
TRH,10/17/2024,1209.0,1209.0,1153.0,1157.0,-2.53,4724.0,853.9,681.1
TRH,10/20/2024,1135.0,1170.0,1099.0,1131.0,-2.25,6623.0,853.9,681.1
TRH,10/21/2024,1125.0,1192.0,1093.0,1122.0,-0.8,12042.0,853.9,681.1
TRH,10/22/2024,1130.0,1140.0,1088.0,1123.0,0.09,12379.0,853.9,681.1
TRH,10/23/2024,1124.0,1140.0,1101.2,1118.0,-0.45,5183.0,853.9,681.1
TRH,10/24/2024,1115.0,1119.0,1099.0,1100.0,-1.61,3425.0,853.9,681.1
TRH,10/27/2024,1081.0,1110.0,1081.0,1107.0,0.64,1688.0,853.9,681.1
TRH,10/28/2024,1107.0,1125.0,1100.0,1125.0,1.63,3102.0,853.9,681.1
TRH,10/29/2024,1125.0,1138.5,1120.0,1133.0,0.71,4966.0,853.9,681.1
TRH,10/30/2024,1154.0,1170.0,1135.0,1145.0,1.06,8680.0,853.9,681.1
TRH,11/5/2024,1145.0,1179.0,1130.0,1161.0,1.4,1486.0,853.9,681.1
TRH,11/6/2024,1161.0,1169.0,1120.0,1138.9,-1.9,4685.0,853.9,681.1
TRH,11/10/2024,1121.1,1159.0,1121.1,1155.0,1.41,10555.0,853.9,681.1
TRH,11/11/2024,1165.0,1170.0,1137.0,1155.0,0.0,17397.0,853.9,681.1
TRH,11/12/2024,1165.0,1165.0,1130.0,1139.0,-1.39,10046.0,853.9,681.1
TRH,11/13/2024,1140.0,1186.0,1133.0,1140.0,0.09,3456.0,853.9,681.1
TRH,11/14/2024,1135.0,1162.0,1128.0,1139.0,-0.09,16483.0,853.9,681.1
TRH,11/17/2024,1141.0,1202.0,1140.0,1184.0,3.95,12936.0,853.9,681.1
TRH,11/19/2024,1180.0,1201.0,1135.0,1137.0,-3.97,10144.0,853.9,681.1
TRH,11/20/2024,1136.0,1153.0,1130.0,1140.0,0.26,7786.0,853.9,681.1
TRH,11/21/2024,1140.0,1162.5,1120.0,1120.0,-1.75,14793.0,853.9,681.1
TRH,11/24/2024,1106.0,1188.0,1102.0,1122.0,0.18,4578.0,853.9,681.1
TRH,11/25/2024,1143.0,1167.0,1132.1,1145.0,2.05,3389.0,853.9,681.1
TRH,11/26/2024,1145.0,1148.0,1130.1,1148.0,0.26,4996.0,853.9,681.1
TRH,11/27/2024,1160.0,1160.0,1138.2,1156.0,0.7,5034.0,853.9,681.1
TRH,11/28/2024,1156.0,1156.0,1108.0,1142.0,-1.21,6508.0,853.9,681.1
TRH,12/1/2024,1121.1,1170.0,1120.0,1155.0,1.14,12773.0,853.9,681.1
TRH,12/2/2024,1175.0,1270.5,1156.0,1270.5,10.0,64126.0,853.9,681.1
TRH,12/3/2024,1275.0,1284.0,1230.0,1246.0,-1.93,13534.0,853.9,681.1
TRH,12/4/2024,1250.0,1256.0,1221.1,1246.0,0.0,13006.0,853.9,681.1
TRH,12/5/2024,1221.1,1228.0,1147.6,1170.0,-6.1,33780.0,853.9,681.1
TRH,12/8/2024,1150.1,1161.0,1120.0,1139.9,-2.57,7736.0,853.9,681.1
TRH,12/9/2024,1120.1,1160.0,1118.0,1129.0,-0.96,5061.0,853.9,681.1
TRH,12/10/2024,1145.1,1147.0,1100.0,1125.0,-0.35,3381.0,853.9,681.1
TRH,12/11/2024,1130.0,1144.0,1130.0,1143.5,1.64,7368.0,853.9,681.1
TRH,12/12/2024,1141.0,1145.1,1075.0,1098.0,-3.98,10766.0,853.9,681.1
TRH,12/16/2024,1076.1,1094.0,1050.0,1068.6,-2.68,10679.0,853.9,681.1
TRH,12/17/2024,1083.0,1083.0,1055.2,1056.0,-1.18,19755.0,853.9,681.1
TRH,12/18/2024,1077.0,1077.0,1045.0,1045.0,-1.04,39637.0,853.9,681.1
TRH,12/19/2024,1050.0,1065.0,1036.0,1049.0,0.38,7546.0,853.9,681.1
TRH,12/22/2024,1055.0,1069.0,1035.0,1050.0,0.1,4437.0,853.9,681.1
TRH,12/23/2024,1050.1,1067.0,1050.1,1067.0,1.62,1367.0,853.9,681.1
TRH,12/24/2024,1082.0,1082.0,1050.0,1077.9,1.02,2126.0,853.9,681.1
TRH,12/26/2024,1080.0,1080.0,1050.0,1065.0,-1.2,3645.0,853.9,681.1
TRH,12/29/2024,1079.9,1080.0,1064.0,1080.0,1.41,5496.0,853.9,681.1
TRH,12/31/2024,1059.1,1074.0,1029.0,1052.0,-2.59,9548.0,853.9,681.1
TRH,1/1/2025,1034.0,1070.0,1033.0,1057.0,0.48,5615.0,853.9,681.1
TRH,1/2/2025,1055.0,1080.0,1040.1,1079.0,2.08,3408.0,853.9,681.1
TRH,1/5/2025,1079.0,1121.8,1061.0,1101.0,2.04,6273.0,853.9,681.1
TRH,1/6/2025,1080.0,1164.0,1079.0,1110.0,0.82,2517.0,853.9,681.1
TRH,1/7/2025,1100.0,1118.9,1091.0,1110.0,0.0,4902.0,853.9,681.1
TRH,1/8/2025,1132.2,1135.0,1101.2,1124.0,1.26,6371.0,853.9,681.1
TRH,1/9/2025,1143.0,1197.0,1120.2,1167.0,3.83,125369.0,853.9,681.1
TRH,1/12/2025,1170.0,1170.0,1151.0,1151.0,-1.37,3807.0,853.9,681.1
TRH,1/13/2025,1130.1,1158.0,1120.1,1145.0,-0.52,92358.0,853.9,681.1
TRH,1/15/2025,1167.9,1259.0,1145.0,1204.0,5.15,37343.0,853.9,681.1
TRH,1/16/2025,1182.0,1205.0,1175.0,1175.1,-2.4,16505.0,853.9,681.1
TRH,1/19/2025,1161.0,1180.0,1157.0,1170.0,-0.43,5858.0,853.9,681.1
TRH,1/20/2025,1162.0,1175.0,1146.6,1163.0,-0.6,7489.0,853.9,681.1
TRH,1/21/2025,1176.0,1176.0,1151.0,1152.1,-0.94,8206.0,853.9,681.1
TRH,1/22/2025,1174.9,1185.0,1161.3,1183.0,2.68,7743.0,853.9,681.1
TRH,1/23/2025,1177.7,1180.0,1153.0,1175.0,-0.68,8030.0,853.9,681.1
TRH,1/26/2025,1170.0,1178.0,1158.0,1158.0,-1.45,5755.0,853.9,681.1
TRH,1/27/2025,1151.1,1180.0,1151.0,1154.0,-0.35,2962.0,853.9,681.1
TRH,1/28/2025,1177.0,1247.0,1155.1,1175.0,1.82,16093.0,853.9,681.1
TRH,2/2/2025,1170.0,1201.0,1166.0,1170.0,-0.43,15327.0,853.9,681.1
TRH,2/3/2025,1169.0,1191.0,1155.0,1155.0,-1.28,8198.0,853.9,681.1
TRH,2/4/2025,1170.0,1170.0,1125.2,1128.2,-2.32,10690.0,853.9,681.1
TRH,2/5/2025,1128.2,1150.7,1108.1,1115.1,-1.16,5767.0,853.9,681.1
TRH,2/6/2025,1095.1,1149.0,1093.0,1122.0,0.62,10630.0,853.9,681.1
TRH,2/9/2025,1102.0,1130.0,1101.6,1125.0,0.27,2878.0,853.9,681.1
TRH,2/10/2025,1129.0,1129.0,1105.0,1110.0,-1.33,3221.0,853.9,681.1
TRH,2/11/2025,1120.0,1129.0,1100.0,1129.0,1.71,4808.0,853.9,681.1
TRH,2/12/2025,1111.4,1133.3,1100.0,1108.8,-1.79,5837.0,853.9,681.1
TRH,2/13/2025,1110.0,1131.0,1104.0,1108.0,-0.07,7514.0,853.9,681.1
TRH,2/16/2025,1129.9,1140.0,1111.0,1128.1,1.81,5300.0,853.9,681.1
TRH,2/17/2025,1140.0,1178.1,1130.2,1159.0,2.74,14179.0,853.9,681.1
TRH,2/18/2025,1137.9,1172.0,1137.9,1150.0,-0.78,6028.0,853.9,681.1
TRH,2/20/2025,1131.0,1149.8,1127.0,1149.8,-0.02,1467.0,853.9,681.1
TRH,2/23/2025,1145.0,1146.0,1122.0,1126.1,-2.06,5213.0,853.9,681.1
TRH,2/24/2025,1145.1,1145.1,1112.0,1113.1,-1.15,7235.0,853.9,681.1
TRH,2/25/2025,1135.0,1135.0,1110.0,1110.0,-0.28,5114.0,853.9,681.1
TRH,2/27/2025,1132.1,1154.0,1085.0,1116.3,0.57,6027.0,853.9,681.1
TRH,3/2/2025,1138.0,1170.0,1121.0,1167.0,4.54,9546.0,853.9,681.1
TRH,3/3/2025,1190.0,1190.0,1135.0,1139.0,-2.4,6843.0,853.9,681.1
TRH,3/4/2025,1161.7,1161.7,1127.0,1127.0,-1.05,3423.0,853.9,681.1
TRH,3/5/2025,1145.0,1148.0,1120.0,1120.0,-0.62,4890.0,853.9,681.1
TRH,3/6/2025,1120.0,1129.8,1100.0,1103.0,-1.52,5173.0,853.9,681.1
TRH,3/9/2025,1103.0,1124.0,1097.0,1108.0,0.45,2902.0,853.9,681.1
TRH,3/10/2025,1110.0,1123.0,1095.0,1101.0,-0.63,3200.0,853.9,681.1
TRH,3/11/2025,1087.0,1098.0,1081.0,1098.0,-0.27,9053.0,853.9,681.1
TRH,3/12/2025,1078.0,1098.5,1076.1,1095.0,-0.27,2151.0,853.9,681.1
TRH,3/16/2025,1090.0,1094.4,1074.0,1084.0,-1.0,2901.0,853.9,681.1
TRH,3/17/2025,1080.0,1111.0,1058.5,1108.9,2.3,11612.0,853.9,681.1
TRH,3/18/2025,1108.9,1119.0,1085.0,1104.0,-0.44,3266.0,853.9,681.1
TRH,3/19/2025,1117.7,1117.7,1086.0,1094.9,-0.82,575.0,853.9,681.1
TRH,3/20/2025,1088.0,1094.0,1081.1,1089.15,-0.53,875.0,853.9,681.1
TRH,3/23/2025,1073.2,1073.2,1050.0,1051.42,-3.46,6460.0,853.9,681.1
TRH,3/24/2025,1069.0,1074.0,1054.0,1072.53,2.01,1642.0,853.9,681.1
TRH,3/25/2025,1072.0,1079.0,1016.2,1036.3,-3.38,2680.0,853.9,681.1
TRH,3/26/2025,1022.0,1060.8,1022.0,1055.86,1.89,1563.0,853.9,681.1
TRH,3/27/2025,1074.0,1074.0,1050.0,1063.03,0.68,752.0,853.9,681.1
TRH,3/30/2025,1083.0,1105.0,1069.1,1069.13,0.57,5084.0,853.9,681.1
TRH,4/1/2025,1056.0,1063.0,1050.0,1056.08,-1.22,1328.0,853.9,681.1
TRH,4/2/2025,1042.0,1063.0,1040.2,1045.95,-0.96,2820.0,853.9,681.1
TRH,4/3/2025,1055.0,1065.0,1036.1,1040.03,-0.57,5791.0,853.9,681.1
TRH,4/7/2025,1035.0,1044.0,1028.0,1032.66,-0.71,869.0,853.9,681.1
TRH,4/8/2025,1021.1,1036.9,1020.0,1021.42,-1.09,1783.0,853.9,681.1
TRH,4/9/2025,1041.0,1045.0,1022.1,1040.38,1.86,3615.0,853.9,681.1
TRH,4/10/2025,1041.0,1050.0,1033.0,1041.71,0.13,5049.0,853.9,681.1
TRH,4/13/2025,1040.0,1074.0,1035.0,1059.21,1.68,1620.0,853.9,681.1
TRH,4/15/2025,1050.0,1067.0,1047.0,1066.0,0.64,1710.0,853.9,681.1
TRH,4/16/2025,1070.0,1070.0,1043.0,1062.5,-0.33,2411.0,853.9,681.1
TRH,4/17/2025,1043.0,1070.0,1040.0,1052.11,-0.98,9022.0,853.9,681.1
TRH,4/20/2025,1037.0,1047.0,1015.8,1026.95,-2.39,1874.0,853.9,681.1
TRH,4/21/2025,1015.0,1047.0,1015.0,1028.0,0.1,3534.0,853.9,681.1
TRH,4/22/2025,1045.0,1048.5,1020.0,1029.25,0.12,3461.0,853.9,681.1
TRH,4/23/2025,1030.0,1030.0,1018.0,1020.09,-0.89,1420.0,853.9,681.1
TRH,4/24/2025,1020.0,1020.0,1000.0,1001.44,-1.83,4311.0,853.9,681.1
TRH,4/27/2025,1001.4,1010.0,1001.0,1002.91,0.15,1682.0,853.9,681.1
TRH,4/28/2025,1005.0,1010.0,989.0,990.38,-1.25,2465.0,853.9,681.1
TRH,4/29/2025,977.2,985.0,977.2,978.0,-1.25,1749.0,853.9,681.1
TRH,4/30/2025,980.0,985.0,940.0,941.13,-3.77,5413.0,853.9,681.1
TRH,5/4/2025,942.0,954.0,912.4,927.97,-1.4,8620.0,853.9,681.1
TRH,5/5/2025,920.0,939.0,909.5,937.0,0.97,3966.0,853.9,681.1
TRH,5/6/2025,924.7,935.0,920.0,927.0,-1.07,4625.0,853.9,681.1
TRH,5/7/2025,940.0,972.0,921.2,955.86,3.11,3434.0,853.9,681.1
TRH,5/8/2025,955.0,955.0,940.0,941.89,-1.46,3576.0,853.9,681.1
TRH,5/11/2025,949.0,1019.0,936.0,996.4,5.79,20404.0,853.9,681.1
TRH,5/13/2025,1015.9,1015.9,961.0,961.0,-3.55,2343.0,853.9,681.1
TRH,5/14/2025,950.0,971.0,950.0,956.74,-0.44,1297.0,853.9,681.1
TRH,5/15/2025,975.0,1004.0,974.0,998.37,4.35,23568.0,853.9,681.1
TRH,5/18/2025,1010.0,1035.0,1010.0,1033.94,3.56,33588.0,853.9,681.1
TRH,5/19/2025,1044.9,1075.0,999.0,1003.46,-2.95,14927.0,853.9,681.1
TRH,5/20/2025,1000.0,1040.0,990.0,1016.34,1.28,44326.0,853.9,681.1
TRH,5/21/2025,1036.6,1075.0,980.0,1025.0,0.85,19736.0,853.9,681.1
TRH,5/22/2025,1025.0,1040.0,961.0,966.88,-5.67,17756.0,853.9,681.1
TRH,5/25/2025,953.2,986.0,940.0,945.74,-2.19,13182.0,853.9,681.1
TRH,5/26/2025,964.6,983.8,935.0,947.55,0.19,10080.0,853.9,681.1
TRH,5/27/2025,950.0,950.0,928.7,932.92,-1.54,12533.0,853.9,681.1
TRH,5/28/2025,945.0,948.0,933.0,934.86,0.21,5348.0,853.9,681.1
TRH,6/2/2025,953.5,976.0,953.5,970.79,3.84,14986.0,853.9,681.1
TRH,6/3/2025,970.0,975.0,953.0,955.54,-1.57,6086.0,853.9,681.1
TRH,6/4/2025,972.9,972.9,956.5,959.36,0.4,3735.0,853.9,681.1
TRH,6/5/2025,948.1,966.0,940.2,942.91,-1.71,7704.0,853.9,681.1
TRH,6/8/2025,930.1,940.0,928.0,932.48,-1.11,5025.0,853.9,681.1
TRH,6/9/2025,944.0,944.0,926.0,928.47,-0.43,3540.0,853.9,681.1
TRH,6/10/2025,945.0,965.0,940.1,940.82,1.33,3785.0,853.9,681.1
TRH,6/11/2025,957.9,957.9,921.2,926.86,-1.48,7790.0,853.9,681.1
TRH,6/12/2025,921.0,958.9,921.0,942.89,1.73,8224.0,853.9,681.1
TRH,6/15/2025,955.0,958.0,940.0,951.74,0.94,2574.0,853.9,681.1
TRH,6/16/2025,955.0,985.0,952.0,980.32,3.0,27441.0,853.9,681.1
TRH,6/17/2025,995.0,996.0,950.1,959.14,-2.16,12637.0,853.9,681.1
TRH,6/18/2025,950.0,973.0,940.0,944.99,-1.48,3487.0,853.9,681.1
TRH,6/19/2025,944.0,955.0,926.0,944.85,-0.01,9814.0,853.9,681.1
TRH,6/22/2025,931.0,949.6,919.0,920.0,-2.63,9078.0,853.9,681.1
TRH,6/23/2025,921.0,930.0,920.1,927.81,0.85,4950.0,853.9,681.1
TRH,6/24/2025,940.0,944.0,916.2,917.73,-1.09,2406.0,853.9,681.1
TRH,6/25/2025,934.0,934.0,920.2,929.29,1.26,1546.0,853.9,681.1
TRH,6/26/2025,920.1,930.0,915.0,916.28,-1.4,8897.0,853.9,681.1
TRH,6/29/2025,933.0,933.0,898.0,913.95,-0.25,4261.0,853.9,681.1
TRH,6/30/2025,911.0,929.0,911.0,915.11,0.13,1323.0,853.9,681.1
TRH,7/1/2025,913.0,924.4,907.0,916.16,0.11,1658.0,853.9,681.1
TRH,7/2/2025,913.0,951.0,901.0,928.48,1.34,8563.0,853.9,681.1
TRH,7/3/2025,921.0,945.0,920.1,938.94,1.13,5730.0,853.9,681.1
TRH,7/6/2025,936.0,943.1,931.2,932.84,-0.65,3099.0,853.9,681.1
TRH,7/7/2025,935.0,944.0,932.1,932.7,-0.02,3370.0,853.9,681.1
TRH,7/8/2025,930.0,937.0,924.0,929.56,-0.34,1561.0,853.9,681.1
TRH,7/9/2025,925.0,943.0,925.0,938.86,1.0,3657.0,853.9,681.1
TRH,7/10/2025,950.0,955.0,930.0,951.73,1.37,12778.0,853.9,681.1
TRH,7/13/2025,969.0,970.0,940.0,950.33,-0.15,8542.0,853.9,681.1
TRH,7/14/2025,969.0,1045.3,938.0,948.41,-0.2,14705.0,853.9,681.1
TRH,7/15/2025,958.0,958.0,939.0,941.42,-0.74,4132.0,853.9,681.1
TRH,7/16/2025,940.0,957.0,939.0,946.12,0.5,10063.0,853.9,681.1
TRH,7/17/2025,965.0,980.0,946.0,970.16,2.54,11923.0,853.9,681.1
TRH,7/20/2025,985.0,1015.0,969.0,988.98,1.94,24914.0,853.9,681.1
TRH,7/21/2025,996.9,1005.0,990.0,1002.19,1.34,11218.0,853.9,681.1
TRH,7/22/2025,1010.0,1050.6,1002.7,1034.48,3.22,21159.0,853.9,681.1
TRH,7/23/2025,1049.0,1049.0,1010.0,1025.08,-0.91,10129.0,853.9,681.1
TRH,7/24/2025,1018.0,1065.0,1018.0,1034.15,0.88,15661.0,853.9,681.1
TRH,7/27/2025,1054.8,1086.3,1026.2,1032.83,-0.13,34761.0,853.9,681.1
TRH,7/28/2025,1046.9,1051.0,1001.1,1022.72,-0.98,20725.0,853.9,681.1
TRH,7/29/2025,1028.5,1063.8,1025.0,1037.82,1.48,6368.0,853.9,681.1
TRH,7/30/2025,1025.0,1045.0,1010.2,1010.62,-2.62,10987.0,853.9,681.1
TRH,7/31/2025,1008.0,1030.8,980.0,989.84,-2.06,17472.0,853.9,681.1
TRH,8/3/2025,990.0,999.0,973.2,975.46,-1.45,12542.0,853.9,681.1
TRH,8/4/2025,994.0,1000.0,957.0,963.74,-1.2,10653.0,853.9,681.1
TRH,8/5/2025,983.0,983.0,957.0,960.09,-0.38,3708.0,853.9,681.1
TRH,8/6/2025,941.0,979.0,941.0,950.55,-0.99,15834.0,853.9,681.1
TRH,8/7/2025,969.0,969.5,945.0,946.35,-0.44,7172.0,853.9,681.1
TRH,8/11/2025,946.0,964.9,944.9,950.55,0.44,6160.0,853.9,681.1
TRH,8/12/2025,942.0,965.0,942.0,957.2,0.7,2766.0,853.9,681.1
TRH,8/13/2025,950.0,958.0,940.0,941.06,-1.69,7794.0,853.9,681.1
TRH,8/14/2025,939.0,955.0,935.1,942.66,0.17,3098.0,853.9,681.1
TRH,8/17/2025,936.0,952.0,936.0,940.58,-0.22,5159.0,853.9,681.1
TRH,8/18/2025,921.8,950.0,921.8,947.91,0.78,2803.0,853.9,681.1
TRH,8/19/2025,950.0,957.5,944.0,945.0,-0.31,3510.0,853.9,681.1
TRH,8/20/2025,948.0,975.0,940.1,959.29,1.51,5559.0,853.9,681.1
TRH,8/21/2025,955.0,971.9,955.0,956.83,-0.26,4051.0,853.9,681.1
TRH,8/24/2025,960.0,972.4,955.0,966.98,1.06,6044.0,853.9,681.1
TRH,8/25/2025,960.0,973.0,958.0,969.18,0.23,1391.0,853.9,681.1
TRH,8/26/2025,962.0,966.9,948.0,959.42,-1.01,7545.0,853.9,681.1
TRH,8/27/2025,962.0,980.0,960.0,975.25,1.65,6108.0,853.9,681.1
TRH,8/28/2025,992.0,992.0,955.2,960.0,-1.56,7639.0,853.9,681.1
TRH,8/31/2025,956.0,963.0,935.0,944.65,-1.6,6176.0,853.9,681.1
TRH,9/1/2025,942.0,946.0,935.0,941.64,-0.32,7596.0,853.9,681.1
TRH,9/2/2025,940.0,940.0,925.0,927.93,-1.46,11633.0,853.9,681.1
TRH,9/3/2025,920.0,944.9,920.0,925.16,-0.3,4180.0,853.9,681.1
TRH,9/4/2025,911.4,926.0,911.4,919.37,-0.63,3235.0,853.9,681.1
TRH,9/7/2025,918.0,937.6,918.0,921.22,0.2,4396.0,853.9,681.1
TRH,9/8/2025,918.5,919.0,915.0,915.47,-0.62,2160.0,853.9,681.1
TRH,9/18/2025,897.2,897.2,897.2,897.2,-2.0,50.0,853.9,681.1
TRH,9/21/2025,879.3,914.5,807.5,853.48,-4.87,18553.0,853.9,681.1
TRH,9/23/2025,850.0,874.0,837.1,860.0,0.76,6220.0,853.9,681.1
TRH,9/24/2025,860.7,867.0,842.8,850.0,-1.16,8148.0,853.9,681.1
TRH,9/25/2025,840.0,844.7,833.1,839.0,-1.29,2040.0,853.9,681.1
TRH,9/28/2025,850.0,856.8,825.0,856.8,2.12,8799.0,853.9,681.1
TRH,10/7/2025,840.0,850.0,823.2,845.0,-1.38,7591.0,853.9,681.1
TRH,10/8/2025,835.0,835.0,813.0,819.0,-3.08,3029.0,853.9,681.1
TRH,10/9/2025,830.0,845.0,807.1,827.0,0.98,6317.0,853.9,681.1
TRH,10/12/2025,812.0,815.0,796.0,801.0,-3.14,3924.0,853.9,681.1
TRH,10/13/2025,801.0,816.7,799.1,816.7,1.96,3216.0,853.9,681.1
TRH,10/14/2025,820.0,828.9,809.1,816.0,-0.09,1296.0,853.9,681.1
TRH,10/15/2025,805.0,816.0,800.1,814.8,-0.15,2174.0,853.9,681.1
TRH,10/16/2025,800.0,808.6,793.0,807.9,-0.85,2479.0,853.9,681.1
TRH,10/19/2025,810.0,814.0,796.0,796.0,-1.47,1107.0,853.9,681.1
TRH,10/26/2025,780.1,780.1,716.4,739.0,-7.16,27892.0,853.9,681.1
TRH,10/28/2025,725.5,752.0,701.3,735.0,-0.54,24734.0,853.9,681.1
TRH,10/29/2025,730.0,750.0,730.0,739.9,0.67,8954.0,853.9,681.1
TRH,10/30/2025,725.2,740.0,711.0,720.0,-2.69,11132.0,853.9,681.1
TRH,11/2/2025,720.0,733.9,711.1,724.8,0.67,15084.0,853.9,681.1
TRH,11/3/2025,719.1,748.0,716.1,733.7,1.23,14914.0,853.9,681.1
TRH,11/4/2025,719.1,737.0,719.1,724.0,-1.32,9178.0,853.9,681.1
TRH,11/5/2025,720.0,725.0,715.0,718.0,-0.83,8035.0,853.9,681.1
TRH,11/6/2025,703.7,729.8,703.7,717.0,-0.14,8012.0,853.9,681.1
TRH,11/9/2025,731.3,731.3,710.0,711.2,-0.81,4743.0,853.9,681.1
TRH,11/10/2025,725.0,725.0,707.2,714.0,0.39,3404.0,853.9,681.1
TRH,11/11/2025,708.0,714.5,708.0,710.1,-0.55,5519.0,853.9,681.1
TRH,11/12/2025,710.4,710.4,699.9,701.0,-1.28,11373.0,853.9,681.1
TRH,11/13/2025,699.9,707.0,699.8,702.0,0.14,6212.0,853.9,681.1
TRH,11/16/2025,700.0,701.0,695.0,695.0,-1.0,5093.0,853.9,681.1
TRH,11/17/2025,695.0,695.0,681.1,686.9,-1.17,4139.0,853.9,681.1
TRH,11/18/2025,695.0,700.0,682.0,695.0,1.18,4705.0,853.9,681.1
TRH,11/19/2025,696.0,696.0,687.2,687.2,-1.12,3259.0,853.9,681.1
TRH,11/20/2025,694.0,695.0,685.0,693.0,0.84,5768.0,853.9,681.1
TRH,11/23/2025,695.0,706.0,692.0,695.0,0.29,5566.0,853.9,681.1
TRH,11/24/2025,705.0,705.0,693.1,705.0,1.44,6902.0,853.9,681.1
TRH,11/25/2025,705.0,722.0,702.2,718.0,1.84,5086.0,853.9,681.1
TRH,11/26/2025,718.1,724.9,714.0,723.0,0.7,3769.0,853.9,681.1
TRH,11/27/2025,715.1,734.0,715.0,727.5,0.62,12697.0,853.9,681.1
TRH,11/30/2025,716.0,730.0,710.0,710.0,-2.41,6491.0,853.9,681.1
TRH,12/1/2025,719.9,719.9,711.1,718.7,1.23,2740.0,853.9,681.1
TRH,12/2/2025,706.0,715.0,705.0,709.9,-1.22,2525.0,853.9,681.1
TRH,12/3/2025,706.4,708.0,700.0,704.0,-0.83,2976.0,853.9,681.1
TRH,12/7/2025,703.5,707.0,702.1,703.1,-0.13,3948.0,853.9,681.1
TRH,12/8/2025,704.0,704.0,696.1,700.0,-0.44,2351.0,853.9,681.1
TRH,12/9/2025,713.9,713.9,700.0,706.9,0.99,2865.0,853.9,681.1
TRH,12/10/2025,700.0,702.0,686.0,696.3,-1.5,2895.0,853.9,681.1
TRH,12/11/2025,685.2,707.9,685.1,702.0,0.82,1500.0,853.9,681.1
TRH,12/14/2025,705.0,709.0,691.1,701.0,-0.14,2454.0,853.9,681.1
TRH,12/15/2025,700.0,705.0,689.0,705.0,0.57,6427.0,853.9,681.1
TRH,12/16/2025,706.0,710.0,698.1,709.0,0.57,2327.0,853.9,681.1
TRH,12/17/2025,709.0,713.0,705.0,706.6,-0.34,2000.0,853.9,681.1
TRH,12/18/2025,712.0,720.0,704.0,718.0,1.61,4702.0,853.9,681.1
TRH,12/21/2025,718.0,718.0,700.0,710.0,-1.11,4237.0,853.9,681.1
TRH,12/22/2025,700.0,714.0,696.0,699.0,-1.55,2731.0,853.9,681.1
TRH,12/23/2025,708.5,708.5,692.0,706.0,1.0,958.0,853.9,681.1
TRH,12/24/2025,718.6,718.6,699.0,708.0,0.28,1080.0,853.9,681.1
TRH,12/28/2025,698.0,710.0,698.0,706.1,-0.27,1732.0,853.9,681.1
TRH,12/29/2025,719.0,719.0,705.0,709.0,0.41,272.0,853.9,681.1
TRH,12/31/2025,709.0,715.0,705.0,705.1,-0.55,2206.0,853.9,681.1
TRH,1/1/2026,705.0,710.9,704.0,710.0,0.69,1115.0,853.9,681.1
TRH,1/4/2026,710.0,710.0,699.0,710.0,0.0,2126.0,853.9,681.1
TRH,1/5/2026,710.0,717.8,702.4,715.0,0.7,3571.0,853.9,681.1
TRH,1/6/2026,719.0,729.9,719.0,720.0,0.7,3533.0,853.9,681.1
TRH,1/7/2026,726.0,730.0,720.0,720.0,0.0,3160.0,853.9,681.1
TRH,1/8/2026,708.1,727.9,708.1,723.0,0.42,1721.0,853.9,681.1
TRH,1/12/2026,720.1,720.1,715.1,715.5,-1.04,2638.0,853.9,681.1
TRH,1/13/2026,716.1,722.9,710.0,713.5,-0.28,1835.0,853.9,681.1
TRH,1/14/2026,712.0,720.0,710.1,720.0,0.91,3660.0,853.9,681.1
TRH,1/18/2026,728.0,736.3,720.0,736.3,2.26,5820.0,853.9,681.1
TRH,1/20/2026,742.5,783.9,742.5,783.0,6.34,12659.0,853.9,681.1
TRH,1/21/2026,780.0,780.0,767.4,773.0,-1.28,4463.0,853.9,681.1
TRH,1/22/2026,760.2,762.0,746.1,758.0,-1.94,4363.0,853.9,681.1
TRH,1/25/2026,773.1,778.0,760.0,760.1,0.28,4420.0,853.9,681.1
TRH,1/26/2026,763.2,774.0,754.0,758.0,-0.28,5480.0,853.9,681.1
TRH,1/27/2026,746.5,772.0,740.0,742.1,-2.1,5374.0,853.9,681.1
TRH,1/28/2026,742.0,754.9,736.1,753.9,1.59,2213.0,853.9,681.1
TRH,1/29/2026,753.9,773.0,752.0,754.0,0.01,3828.0,853.9,681.1
TRH,2/1/2026,740.0,757.0,740.0,746.1,-1.05,4091.0,853.9,681.1
TRH,2/2/2026,753.0,754.0,739.5,741.1,-0.67,3203.0,853.9,681.1
TRH,2/3/2026,754.0,784.0,742.1,764.0,3.09,10012.0,853.9,681.1
TRH,2/4/2026,756.1,775.0,756.1,760.2,-0.5,3624.0,853.9,681.1
TRH,2/5/2026,755.1,768.0,755.1,764.0,0.5,2202.0,853.9,681.1
TRH,2/8/2026,764.1,777.5,751.0,762.0,-0.26,3228.0,853.9,681.1
TRH,2/9/2026,750.0,755.0,748.0,748.0,-1.84,2322.0,853.9,681.1
TRH,2/10/2026,742.5,748.0,740.0,742.0,-0.8,2870.0,853.9,681.1
TRH,2/11/2026,742.0,756.0,742.0,751.0,1.21,1666.0,853.9,681.1
TRH,2/12/2026,766.0,766.0,750.0,757.0,0.8,2019.0,853.9,681.1
TRH,2/16/2026,748.1,752.0,748.0,750.0,-0.92,3757.0,853.9,681.1
TRH,2/17/2026,745.0,745.0,740.0,743.0,-0.93,1978.0,853.9,681.1
TRH,2/22/2026,757.8,757.8,740.0,747.9,0.66,1834.0,853.9,681.1
TRH,2/23/2026,733.1,745.0,733.0,740.0,-1.06,4178.0,853.9,681.1
TRH,2/24/2026,740.0,747.0,735.0,747.0,0.95,760.0,853.9,681.1
TRH,2/25/2026,750.0,755.0,745.1,755.0,1.07,2192.0,853.9,681.1
TRH,2/26/2026,750.7,765.0,750.0,755.3,0.04,2214.0,853.9,681.1
TRH,2/27/2026,750.7,765.0,750.0,755.3,0.0,2214.0,853.9,681.1
TRH,2/28/2026,750.7,765.0,750.0,755.3,0.0,2214.0,853.9,681.1
TRH,3/2/2026,741.3,763.0,741.3,763.0,1.02,2350.0,853.9,681.1
TRH,3/3/2026,777.0,777.0,754.0,769.7,0.88,753.0,853.9,681.1
TRH,3/4/2026,777.0,777.0,754.0,769.7,0.0,753.0,853.9,681.1
TRH,3/5/2026,777.0,777.0,754.0,769.7,0.0,753.0,853.9,681.1
TRH,3/6/2026,777.0,777.0,754.0,769.7,0.0,753.0,853.9,681.1
TRH,3/7/2026,777.0,777.0,754.0,769.7,0.0,753.0,853.9,681.1
TRH,3/8/2026,777.0,777.0,754.0,769.7,0.0,753.0,853.9,681.1
TRH,3/9/2026,785.0,785.0,770.0,770.0,0.04,290.0,853.9,681.1
TRH,3/10/2026,785.0,800.0,775.0,783.4,1.74,15332.0,853.9,681.1
TRH,3/11/2026,771.0,790.0,771.0,780.0,-0.43,6348.0,853.9,681.1
TRH,3/12/2026,768.9,784.0,768.9,771.1,-1.14,2446.0,853.9,681.1
TRH,3/13/2026,768.9,784.0,768.9,771.1,0.0,2446.0,853.9,681.1
TRH,3/14/2026,768.9,784.0,768.9,771.1,0.0,2446.0,853.9,681.1
TRH,3/15/2026,786.0,786.0,766.5,766.5,-0.6,1867.0,853.9,681.1
TRH,3/16/2026,771.0,771.0,765.3,770.0,0.46,2240.0,853.9,681.1
TRH,3/17/2026,765.0,775.0,761.3,763.0,-0.91,1513.0,853.9,681.1
TRH,3/18/2026,765.0,775.0,761.3,763.0,0.0,1513.0,853.9,681.1
TRH,3/19/2026,775.0,790.5,775.0,776.0,1.7,2877.0,853.9,681.1
TRH,3/20/2026,775.0,790.5,775.0,776.0,0.0,2877.0,853.9,681.1
TRH,3/21/2026,775.0,790.5,775.0,776.0,0.0,2877.0,853.9,681.1
TRH,3/22/2026,787.0,795.0,785.0,795.0,2.45,9383.0,853.9,681.1
TRH,3/23/2026,808.8,808.8,790.0,797.5,0.31,5459.0,853.9,681.1
TRH,3/24/2026,813.0,813.0,791.0,798.0,0.06,399.0,853.9,681.1
TRH,3/25/2026,792.0,811.0,790.3,792.0,-0.75,7413.0,853.9,681.1
TRH,3/26/2026,789.0,795.0,782.5,785.0,-0.51,1696.0,853.9,681.1
TRH,3/29/2026,785.0,785.0,750.0,766.0,-2.42,19920.0,853.9,681.1
TRH,3/30/2026,765.0,781.0,757.0,766.2,0.16,4655.0,853.9,681.1
TRH,3/31/2026,766.0,780.1,761.4,771.1,0.67,4626.0,853.9,681.1
TRH,4/1/2026,770.0,782.0,760.0,766.2,-0.49,3315.0,853.9,681.1
TRH,4/2/2026,767.0,770.0,755.0,765.0,-0.26,1804.0,853.9,681.1
TRH,4/5/2026,755.0,760.0,740.3,750.0,-0.66,8927.0,853.9,681.1
TRH,4/6/2026,736.3,765.0,736.3,755.1,2.55,3018.0,853.9,681.1
TRH,4/7/2026,770.0,770.2,746.1,758.0,-1.56,4884.0,853.9,681.1
TRH,4/8/2026,772.0,773.0,750.0,753.1,-2.45,14198.0,853.9,681.1
TRH,4/9/2026,750.2,770.0,750.2,766.0,2.11,2834.0,853.9,681.1
TRH,4/10/2026,756.2,765.0,756.2,765.0,1.16,1137.0,853.9,681.1
TRH,4/13/2026,760.0,760.0,750.4,755.9,-0.54,664.0,853.9,681.1
TRH,4/15/2026,770.0,773.0,760.0,765.0,-0.65,3068.0,853.9,681.1
TRH,4/16/2026,757.0,760.0,750.0,750.0,-0.92,4282.0,853.9,681.1
TRH,4/17/2026,752.0,765.0,750.0,751.0,-0.13,7567.0,853.9,681.1
TRH,4/20/2026,751.1,751.1,750.0,750.0,-0.15,300.0,853.9,681.1
TRH,4/21/2026,751.0,757.0,751.0,753.0,0.27,1528.0,853.9,681.1
TRH,4/22/2026,751.2,755.0,740.0,749.9,-0.17,676.0,853.9,681.1
TRH,4/23/2026,750.0,752.0,742.0,746.0,-0.53,1045.0,853.9,681.1
TRH,4/24/2026,746.0,753.0,731.0,752.0,0.8,401.0,853.9,681.1
TRH,4/27/2026,752.0,755.0,742.5,748.0,-0.53,1485.0,853.9,681.1
TRH,4/28/2026,748.0,770.0,745.1,745.1,-0.39,1835.0,853.9,681.1
TRH,4/29/2026,745.1,750.0,735.0,743.1,-0.27,2051.0,853.9,681.1
TRH,4/30/2026,735.1,738.2,735.0,735.5,0.05,1155.0,853.9,681.1
TRH,5/4/2026,740.0,747.0,730.1,747.0,0.95,3747.0,853.9,681.1
TRH,5/5/2026,745.0,770.0,734.0,737.1,-1.06,4920.0,853.9,681.1
TRH,5/6/2026,740.0,783.0,740.0,762.0,2.97,2247.0,853.9,681.1
TRH,5/7/2026,740.0,762.0,740.0,762.0,2.97,1036.0,853.9,681.1
TRH,5/8/2026,752.0,760.0,752.0,753.1,0.15,1660.0,853.9,681.1
TRH,5/11/2026,756.0,771.8,756.0,771.8,2.09,331.0,853.9,681.1
TRH,5/12/2026,753.1,761.0,753.1,760.0,0.92,1295.0,853.9,681.1
TRH,5/13/2026,760.0,768.0,760.0,761.2,0.16,920.0,853.9,681.1
TRH,5/14/2026,770.0,770.0,747.0,751.0,-2.47,754.0,853.9,681.1
TRH,5/15/2026,751.0,765.0,751.0,765.0,1.86,1836.0,853.9,681.1
TRH,5/18/2026,769.0,770.0,752.0,765.1,-0.51,926.0,853.9,681.1
TRH,5/19/2026,755.0,765.0,755.0,765.0,1.32,1596.0,853.9,681.1
TRH,5/20/2026,765.0,770.0,764.0,770.0,0.65,689.0,853.9,681.1
TRH,5/21/2026,780.0,780.0,752.0,752.6,-3.51,442.0,853.9,681.1
TRH,5/22/2026,750.0,760.0,750.0,755.2,0.69,1377.0,853.9,681.1
TRH,5/25/2026,753.0,765.0,753.0,762.0,1.2,726.0,853.9,681.1
TRH,5/26/2026,763.0,765.0,760.0,765.0,0.26,2471.0,853.9,681.1
TRH,5/27/2026,751.0,774.0,751.0,761.0,1.33,2428.0,853.9,681.1
TRH,6/1/2026,768.0,770.0,760.0,767.0,-0.13,5898.0,853.9,681.1
TRH,6/2/2026,751.5,770.0,751.5,770.0,2.46,665.0,853.9,681.1
TRH,6/3/2026,769.0,774.0,767.3,767.5,-0.2,1922.0,853.9,681.1
TRH,6/4/2026,756.0,775.0,756.0,763.0,0.93,570.0,853.9,681.1
TRH,6/5/2026,741.0,770.0,741.0,770.0,3.91,2202.0,853.9,681.1
TRH,6/8/2026,770.0,770.0,755.1,755.1,-1.94,85.0,853.9,681.1
TRH,6/9/2026,760.0,765.0,759.0,761.0,0.13,8796.0,853.9,681.1
TRH,6/10/2026,761.0,770.0,755.2,770.0,1.18,1882.0,853.9,681.1
TRH,6/11/2026,770.0,770.0,769.0,769.0,-0.13,300.0,853.9,681.1
TRH,6/12/2026,762.1,786.9,762.1,780.0,2.35,5295.0,853.9,681.1
TRH,6/15/2026,777.0,783.9,762.0,774.0,-0.39,1301.0,853.9,681.1
TRH,6/16/2026,780.0,797.2,765.0,772.3,-0.99,2585.0,853.9,681.1
TRH,6/17/2026,734.0,790.0,734.0,773.1,5.33,2006.0,853.9,681.1
TRH,6/18/2026,770.0,773.9,770.0,770.0,0.0,658.0,853.9,681.1
TRH,6/19/2026,770.0,788.0,764.4,765.7,-0.56,2216.0,853.9,681.1
TRH,6/22/2026,761.0,783.0,761.0,772.2,1.47,2271.0,853.9,681.1
TRH,6/23/2026,772.3,774.9,768.1,768.1,-0.54,3924.0,853.9,681.1
TRH,6/24/2026,761.5,770.0,760.0,760.7,-0.11,2586.0,853.9,681.1
TRH,6/26/2026,766.0,772.0,766.0,766.0,0.0,491.0,853.9,681.1
TRH,6/29/2026,769.0,784.0,769.0,771.0,0.26,3051.0,853.9,681.1
TRH,6/30/2026,760.0,767.0,760.0,765.0,0.66,1605.0,853.9,681.1
TRH,7/1/2026,770.0,772.0,766.5,770.0,0.0,1595.0,853.9,681.1
TRH,7/3/2026,770.0,783.0,770.0,783.0,1.69,465.0,853.9,681.1
TRH,7/6/2026,770.0,773.1,770.0,772.5,0.32,765.0,853.9,681.1
TRH,7/7/2026,772.0,780.0,770.0,780.0,1.04,447.0,853.9,681.1
TRH,7/8/2026,772.1,776.0,768.1,776.0,0.51,1503.0,853.9,681.1
TRH,7/9/2026,780.1,780.1,767.1,770.0,-1.29,1951.0,853.9,681.1
TRH,7/10/2026,780.0,780.0,766.0,775.0,-0.64,16690.0,853.9,681.1
TRH,7/13/2026,783.0,787.9,766.0,774.0,-1.15,1982.0,853.9,681.1
TRH,7/14/2026,752.0,775.0,752.0,766.0,1.86,10226.0,853.9,681.1
TRH,7/16/2026,760.1,785.0,760.0,785.0,3.28,1675.0,853.9,681.1
TRH,7/17/2026,767.1,801.9,766.1,780.0,1.68,2081.0,853.9,681.1
TRH,7/20/2026,768.0,799.0,766.0,789.9,2.85,1480.0,853.9,681.1
TRH,7/21/2026,788.1,788.1,767.0,788.0,-0.01,3391.0,853.9,681.1
TRH,7/22/2026,799.0,801.9,773.1,793.0,-0.75,2520.0,853.9,681.1
TRH,7/23/2026,793.0,793.0,775.0,791.7,-0.16,827.0,853.9,681.1
TRH,7/24/2026,785.0,792.0,776.0,785.0,0.0,270.0,853.9,681.1
TRH,7/27/2026,785.0,785.0,770.0,771.0,-1.78,767.0,853.9,681.1
TRH,7/28/2026,770.0,780.0,770.0,780.0,1.3,800.0,853.9,681.1
TRH,7/29/2026,780.0,780.0,770.0,770.4,-1.23,544.0,853.9,681.1
TRH,7/30/2026,771.2,786.0,771.2,785.9,1.91,788.0,853.9,681.1
TRH,7/31/2026,770.1,788.0,769.3,782.0,1.55,1222.0,853.9,681.1
TRH,8/3/2026,772.1,790.0,772.0,786.0,1.8,1446.0,853.9,681.1
TRH,8/4/2026,765.1,789.0,765.0,789.0,3.12,623.0,853.9,681.1
TRH,8/5/2026,784.8,789.0,778.0,789.0,0.54,3494.0,853.9,681.1
TRH,8/6/2026,779.0,794.0,779.0,792.0,1.67,4398.0,853.9,681.1
TRH,8/7/2026,792.0,796.0,790.0,790.0,-0.25,2221.0,853.9,681.1
TRH,8/10/2026,789.0,793.5,783.1,792.0,0.38,2207.0,853.9,681.1
TRH,8/11/2026,783.1,800.0,783.1,795.1,1.53,11635.0,853.9,681.1
TRH,8/12/2026,799.0,844.0,797.0,825.0,3.25,8206.0,853.9,681.1
TRH,8/13/2026,825.0,853.9,825.0,835.0,1.21,7467.0,853.9,681.1
TRH,8/14/2026,838.0,842.0,812.0,840.0,0.24,9178.0,853.9,681.1
TRH,8/17/2026,816.0,825.0,805.0,825.0,1.1,17444.0,853.9,681.1
TRH,8/18/2026,830.0,830.0,797.0,799.0,-3.73,6363.0,853.9,681.1
TRH,8/19/2026,808.0,810.0,802.0,802.0,-0.74,970.0,853.9,681.1
TRH,8/20/2026,800.0,815.0,792.0,815.0,1.88,7205.0,853.9,681.1
TRH,8/21/2026,805.0,835.0,805.0,812.1,0.88,6074.0,853.9,681.1
TRH,8/24/2026,820.0,820.0,801.1,802.0,-2.2,1087.0,853.9,681.1
TRH,8/25/2026,803.3,817.0,789.1,794.0,-1.16,15119.0,853.9,681.1
TRH,8/26/2026,794.0,803.0,791.0,803.0,1.13,764.0,853.9,681.1
TRH,8/27/2026,800.0,818.0,782.1,818.0,2.25,3953.0,853.9,681.1
TRH,8/31/2026,796.0,812.0,777.0,790.0,-0.75,26643.0,853.9,681.1
TRH,9/1/2026,790.0,790.0,776.0,790.0,0.0,50.0,853.9,681.1
TRH,9/2/2026,766.3,810.0,766.3,799.0,4.27,14870.0,853.9,681.1
TRH,9/3/2026,809.9,809.9,775.0,790.0,-2.46,4149.0,853.9,681.1
TRH,9/7/2026,787.0,800.0,771.5,798.0,1.4,7293.0,853.9,681.1
TRH,9/9/2026,795.0,805.0,763.0,765.0,-3.77,17561.0,853.9,681.1
TRH,9/10/2026,775.0,785.0,765.2,771.0,-0.52,829.0,853.9,681.1
TRH,9/11/2026,788.0,790.0,775.3,776.0,-1.52,1281.0,853.9,681.1
TRH,9/14/2026,781.0,823.9,776.0,799.0,2.3,13042.0,853.9,681.1
TRH,9/15/2026,838.0,838.0,802.0,811.0,-3.22,14618.0,853.9,681.1
TRH,9/16/2026,787.2,815.0,787.2,810.0,2.9,3025.0,853.9,681.1
TRH,9/17/2026,825.0,825.0,801.2,801.2,-2.88,7411.0,853.9,681.1
TRH,9/18/2026,790.3,811.0,790.3,803.2,1.63,10741.0,853.9,681.1
TRH,9/22/2026,813.9,813.9,800.0,810.0,-0.48,5213.0,853.9,681.1
TRH,9/23/2026,810.0,815.5,803.0,813.9,0.48,14369.0,853.9,681.1
TRH,9/24/2026,802.1,816.9,799.0,813.9,1.47,17450.0,853.9,681.1
TRH,9/28/2026,805.0,820.0,801.0,810.0,0.62,5738.0,853.9,681.1
TRH,9/29/2026,819.0,819.0,801.7,0.0,-100.0,1450.0,853.9,681.1
TRH,9/30/2026,829.0,829.0,805.0,812.5,-1.99,8274.0,853.9,681.1
TRH,10/1/2026,817.0,817.0,800.0,802.3,-1.8,432.0,853.9,681.1
TRH,10/2/2026,791.3,814.8,791.1,810.0,2.36,1902.0,853.9,681.1
TSHL,12/21/2025,713.0,730.0,711.0,715.0,,4851.0,900.0,308.1
TSHL,12/22/2025,703.0,713.0,690.0,699.0,-2.24,5489.0,900.0,308.1
TSHL,12/23/2025,691.0,700.0,691.0,692.0,-1.0,3781.0,900.0,308.1
TSHL,12/24/2025,705.8,705.8,677.2,680.0,-1.73,8878.0,900.0,308.1
TSHL,12/28/2025,693.6,707.0,681.0,700.0,2.94,3308.0,900.0,308.1
TSHL,12/29/2025,714.0,714.0,685.0,685.0,-2.14,4924.0,900.0,308.1
TSHL,12/31/2025,681.2,718.0,681.2,718.0,4.82,11151.0,900.0,308.1
TSHL,1/1/2026,705.2,723.7,705.2,722.7,0.65,5575.0,900.0,308.1
TSHL,1/4/2026,708.3,732.0,708.0,720.0,-0.37,6934.0,900.0,308.1
TSHL,1/5/2026,715.0,716.0,698.0,713.9,-0.85,8241.0,900.0,308.1
TSHL,1/6/2026,702.2,785.2,702.2,782.0,9.54,47149.0,900.0,308.1
TSHL,1/7/2026,797.0,797.0,757.6,766.1,-2.03,22136.0,900.0,308.1
TSHL,1/8/2026,751.5,768.0,751.1,752.0,-1.84,6450.0,900.0,308.1
TSHL,1/12/2026,746.5,761.0,746.0,756.0,0.53,12390.0,900.0,308.1
TSHL,1/13/2026,741.1,831.6,741.1,831.6,10.0,78900.0,900.0,308.1
TSHL,1/14/2026,848.0,900.0,805.3,900.0,8.23,32203.0,900.0,308.1
TSHL,1/18/2026,882.0,882.0,810.0,821.0,-8.78,56424.0,900.0,308.1
TSHL,1/20/2026,804.6,832.2,785.0,803.9,-2.08,29515.0,900.0,308.1
TSHL,1/21/2026,787.9,819.6,787.9,810.0,0.76,9704.0,900.0,308.1
TSHL,1/22/2026,793.9,808.8,790.0,798.0,-1.48,7276.0,900.0,308.1
TSHL,1/25/2026,792.0,823.9,783.1,800.5,0.31,16577.0,900.0,308.1
TSHL,1/26/2026,784.5,846.0,784.5,839.9,4.92,51194.0,900.0,308.1
TSHL,1/27/2026,831.0,839.0,790.0,790.0,-5.94,13207.0,900.0,308.1
TSHL,1/28/2026,804.0,810.9,793.0,804.0,1.77,12578.0,900.0,308.1
TSHL,1/29/2026,792.0,812.0,792.0,800.0,-0.5,10305.0,900.0,308.1
TSHL,2/1/2026,786.0,801.0,775.0,783.0,-2.12,22967.0,900.0,308.1
TSHL,2/2/2026,786.0,793.9,765.0,767.2,-2.02,9905.0,900.0,308.1
TSHL,2/3/2026,761.0,797.5,761.0,785.0,2.32,10341.0,900.0,308.1
TSHL,2/4/2026,796.5,796.5,770.0,786.0,0.13,3124.0,900.0,308.1
TSHL,2/5/2026,785.0,809.9,772.4,801.0,1.91,14043.0,900.0,308.1
TSHL,2/8/2026,817.0,832.0,793.1,806.0,0.62,15615.0,900.0,308.1
TSHL,2/9/2026,820.0,820.0,787.0,792.0,-1.74,4233.0,900.0,308.1
TSHL,2/10/2026,785.0,795.0,775.2,785.0,-0.88,3664.0,900.0,308.1
TSHL,2/11/2026,770.0,791.6,770.0,784.0,-0.13,8084.0,900.0,308.1
TSHL,2/12/2026,768.4,792.0,768.4,770.5,-1.72,4465.0,900.0,308.1
TSHL,2/16/2026,760.0,799.9,760.0,773.0,0.32,3355.0,900.0,308.1
TSHL,2/17/2026,763.1,774.0,755.0,760.0,-1.68,3578.0,900.0,308.1
TSHL,2/22/2026,747.0,774.0,711.0,728.3,-4.17,2741.0,900.0,308.1
TSHL,2/23/2026,716.0,742.0,716.0,728.0,-0.04,3698.0,900.0,308.1
TSHL,2/24/2026,718.7,742.5,718.5,728.0,0.0,2135.0,900.0,308.1
TSHL,2/25/2026,713.5,739.5,699.3,720.0,-1.1,4430.0,900.0,308.1
TSHL,2/26/2026,731.0,731.0,715.0,725.0,0.69,3283.0,900.0,308.1
TSHL,2/27/2026,731.0,731.0,715.0,725.0,0.0,3283.0,900.0,308.1
TSHL,2/28/2026,731.0,731.0,715.0,725.0,0.0,3283.0,900.0,308.1
TSHL,3/2/2026,711.0,744.4,711.0,742.0,2.34,3815.0,900.0,308.1
TSHL,3/3/2026,727.2,767.9,727.2,756.0,1.89,2895.0,900.0,308.1
TSHL,3/4/2026,727.2,767.9,727.2,756.0,0.0,2895.0,900.0,308.1
TSHL,3/5/2026,727.2,767.9,727.2,756.0,0.0,2895.0,900.0,308.1
TSHL,3/6/2026,727.2,767.9,727.2,756.0,0.0,2895.0,900.0,308.1
TSHL,3/7/2026,727.2,767.9,727.2,756.0,0.0,2895.0,900.0,308.1
TSHL,3/8/2026,727.2,767.9,727.2,756.0,0.0,2895.0,900.0,308.1
TSHL,3/9/2026,771.1,802.2,771.1,802.2,6.11,120.0,900.0,308.1
TSHL,3/10/2026,818.2,875.0,763.0,875.0,9.08,41097.0,900.0,308.1
TSHL,3/11/2026,857.5,857.5,808.0,828.0,-5.37,13182.0,900.0,308.1
TSHL,3/12/2026,819.6,843.9,803.6,811.1,-2.04,4377.0,900.0,308.1
TSHL,3/13/2026,819.6,843.9,803.6,811.1,0.0,4377.0,900.0,308.1
TSHL,3/14/2026,819.6,843.9,803.6,811.1,0.0,4377.0,900.0,308.1
TSHL,3/15/2026,794.9,842.0,774.2,783.9,-3.35,5925.0,900.0,308.1
TSHL,3/16/2026,768.3,789.9,768.3,769.0,-1.9,5046.0,900.0,308.1
TSHL,3/17/2026,769.0,777.7,760.0,774.9,0.77,5931.0,900.0,308.1
TSHL,3/18/2026,769.0,777.7,760.0,774.9,0.0,5931.0,900.0,308.1
TSHL,3/19/2026,761.0,783.0,751.0,763.0,-1.54,24790.0,900.0,308.1
TSHL,3/20/2026,761.0,783.0,751.0,763.0,0.0,24790.0,900.0,308.1
TSHL,3/21/2026,761.0,783.0,751.0,763.0,0.0,24790.0,900.0,308.1
TSHL,3/22/2026,778.2,793.0,740.0,749.5,-1.77,28450.0,900.0,308.1
TSHL,3/23/2026,759.9,759.9,738.0,748.9,-0.08,8244.0,900.0,308.1
TSHL,3/24/2026,734.0,796.0,734.0,758.0,1.22,8590.0,900.0,308.1
TSHL,3/25/2026,759.0,759.0,738.0,738.0,-2.64,8160.0,900.0,308.1
TSHL,3/26/2026,751.0,759.0,739.0,750.0,-0.13,6894.0,900.0,308.1
TSHL,3/29/2026,750.2,750.2,733.0,734.0,-2.16,11254.0,900.0,308.1
TSHL,3/30/2026,719.4,753.0,719.4,734.0,2.03,4520.0,900.0,308.1
TSHL,3/31/2026,730.0,740.0,708.0,734.0,0.55,5337.0,900.0,308.1
TSHL,4/1/2026,734.0,734.0,707.0,718.9,-2.06,3250.0,900.0,308.1
TSHL,4/2/2026,705.0,719.0,704.0,704.6,-0.06,4817.0,900.0,308.1
TSHL,4/5/2026,716.9,716.9,640.0,640.0,-10.73,9732.0,900.0,308.1
TSHL,4/6/2026,652.8,698.0,650.0,678.0,3.86,4008.0,900.0,308.1
TSHL,4/7/2026,691.4,714.0,680.0,702.0,1.53,3840.0,900.0,308.1
TSHL,4/8/2026,710.0,713.0,685.0,686.0,-3.38,9099.0,900.0,308.1
TSHL,4/9/2026,699.7,724.0,699.0,700.0,0.04,6855.0,900.0,308.1
TSHL,4/10/2026,714.0,714.0,687.0,695.0,-2.66,1645.0,900.0,308.1
TSHL,4/13/2026,690.0,697.0,677.1,682.0,-1.16,3760.0,900.0,308.1
TSHL,4/15/2026,685.0,689.0,672.3,680.0,-0.73,8670.0,900.0,308.1
TSHL,4/16/2026,678.0,681.0,659.7,666.0,-1.77,4096.0,900.0,308.1
TSHL,4/17/2026,667.8,677.7,660.0,660.1,-1.15,4196.0,900.0,308.1
TSHL,4/20/2026,660.1,660.1,642.0,658.0,-0.32,3606.0,900.0,308.1
TSHL,4/21/2026,670.0,670.0,645.1,650.0,-2.99,3540.0,900.0,308.1
TSHL,4/22/2026,635.0,660.0,634.1,660.0,3.94,1317.0,900.0,308.1
TSHL,4/23/2026,655.0,655.0,642.0,642.0,-1.98,2018.0,900.0,308.1
TSHL,4/24/2026,625.1,640.0,625.1,635.0,1.58,3649.0,900.0,308.1
TSHL,4/27/2026,635.0,653.5,633.9,638.1,0.49,1501.0,900.0,308.1
TSHL,4/28/2026,638.1,655.0,635.0,647.0,1.39,2333.0,900.0,308.1
TSHL,4/29/2026,647.0,649.0,629.0,638.6,-1.3,1230.0,900.0,308.1
TSHL,4/30/2026,657.7,675.0,636.0,637.0,-3.15,432.0,900.0,308.1
TSHL,5/4/2026,618.1,630.0,615.1,616.5,-0.26,1843.0,900.0,308.1
TSHL,5/5/2026,634.0,634.0,595.0,600.0,-5.36,5378.0,900.0,308.1
TSHL,5/6/2026,618.0,632.0,594.8,600.0,-2.91,1268.0,900.0,308.1
TSHL,5/7/2026,600.0,601.0,595.0,599.0,-0.17,2066.0,900.0,308.1
TSHL,5/8/2026,590.0,615.9,590.0,610.0,3.39,2344.0,900.0,308.1
TSHL,5/11/2026,620.0,620.0,610.0,612.0,-1.29,912.0,900.0,308.1
TSHL,5/12/2026,620.0,621.0,607.0,608.0,-1.94,825.0,900.0,308.1
TSHL,5/13/2026,590.0,605.0,590.0,605.0,2.54,755.0,900.0,308.1
TSHL,5/14/2026,612.0,612.0,590.0,597.0,-2.45,577.0,900.0,308.1
TSHL,5/15/2026,588.0,605.0,588.0,599.0,1.87,665.0,900.0,308.1
TSHL,5/18/2026,584.1,586.0,583.7,584.0,-0.02,1059.0,900.0,308.1
TSHL,5/19/2026,575.0,580.0,526.0,550.0,-4.35,10164.0,900.0,308.1
TSHL,5/20/2026,555.0,570.0,522.4,549.0,-1.08,6317.0,900.0,308.1
TSHL,5/21/2026,550.0,578.0,540.0,556.0,1.09,4289.0,900.0,308.1
TSHL,5/22/2026,571.0,571.0,541.0,555.0,-2.8,1899.0,900.0,308.1
TSHL,5/25/2026,550.0,633.0,550.0,605.0,10.0,11137.0,900.0,308.1
TSHL,5/26/2026,630.0,634.0,590.0,604.8,-4.0,6333.0,900.0,308.1
TSHL,5/27/2026,610.0,610.0,602.0,602.5,-1.23,2333.0,900.0,308.1
TSHL,6/1/2026,632.1,632.1,561.1,578.0,-8.56,3609.0,900.0,308.1
TSHL,6/2/2026,562.59,583.7,562.59,583.0,3.63,1972.0,900.0,308.1
TSHL,6/3/2026,570.2,582.0,570.2,576.1,1.03,1035.0,900.0,308.1
TSHL,6/4/2026,565.1,582.0,565.1,570.0,0.87,913.0,900.0,308.1
TSHL,6/5/2026,563.0,574.9,560.0,560.0,-0.53,2245.0,900.0,308.1
TSHL,6/8/2026,565.0,565.0,551.0,554.0,-1.95,1193.0,900.0,308.1
TSHL,6/9/2026,543.0,555.0,542.0,542.0,-0.18,2126.0,900.0,308.1
TSHL,6/10/2026,542.7,566.0,542.7,560.0,3.19,557.0,900.0,308.1
TSHL,6/11/2026,550.0,556.0,550.0,550.1,0.02,1592.0,900.0,308.1
TSHL,6/12/2026,542.1,550.0,533.7,535.0,-1.31,2063.0,900.0,308.1
TSHL,6/15/2026,525.0,546.0,510.0,525.0,0.0,3498.0,900.0,308.1
TSHL,6/16/2026,520.0,535.0,520.0,533.0,2.5,1786.0,900.0,308.1
TSHL,6/17/2026,530.0,582.0,525.0,535.0,0.94,1531.0,900.0,308.1
TSHL,6/18/2026,526.0,529.1,526.0,529.1,0.59,80.0,900.0,308.1
TSHL,6/19/2026,528.0,529.0,528.0,528.1,0.02,1368.0,900.0,308.1
TSHL,6/22/2026,543.9,577.0,520.1,529.0,-2.74,2084.0,900.0,308.1
TSHL,6/23/2026,528.0,528.0,505.1,509.0,-3.6,2395.0,900.0,308.1
TSHL,6/24/2026,501.0,510.0,500.0,503.0,0.4,2662.0,900.0,308.1
TSHL,6/26/2026,480.0,489.2,473.0,475.0,-1.04,3754.0,900.0,308.1
TSHL,6/29/2026,467.6,475.0,465.1,467.9,0.06,1559.0,900.0,308.1
TSHL,6/30/2026,470.0,470.0,445.2,445.2,-5.28,3447.0,900.0,308.1
TSHL,7/1/2026,448.0,448.0,418.1,445.0,-0.67,7925.0,900.0,308.1
TSHL,7/2/2026,435.0,435.1,428.1,435.1,0.02,2126.0,900.0,308.1
TSHL,7/3/2026,423.0,461.0,423.0,457.0,8.04,4108.0,900.0,308.1
TSHL,7/6/2026,434.2,434.2,388.5,394.0,-9.26,78499.0,900.0,308.1
TSHL,7/7/2026,394.0,400.0,388.0,395.0,0.25,5944.0,900.0,308.1
TSHL,7/8/2026,395.0,395.0,375.0,379.0,-4.05,8952.0,900.0,308.1
TSHL,7/9/2026,375.0,375.0,337.6,349.0,-6.93,25691.0,900.0,308.1
TSHL,7/10/2026,355.0,365.6,337.0,340.0,-4.23,19296.0,900.0,308.1
TSHL,7/13/2026,350.0,350.0,311.4,329.0,-6.0,18504.0,900.0,308.1
TSHL,7/14/2026,324.1,364.0,308.1,330.0,1.82,26493.0,900.0,308.1
TSHL,7/15/2026,339.8,358.4,339.0,350.5,3.15,19262.0,900.0,308.1
TSHL,7/16/2026,367.9,371.0,354.8,365.0,-0.79,22855.0,900.0,308.1
TSHL,7/17/2026,365.0,415.0,365.0,405.0,10.96,33801.0,900.0,308.1
TSHL,7/20/2026,413.0,420.0,405.0,411.0,-0.48,21029.0,900.0,308.1
TSHL,7/21/2026,412.0,413.0,392.9,398.0,-3.4,13800.0,900.0,308.1
TSHL,7/22/2026,390.0,398.0,386.1,392.9,0.74,7781.0,900.0,308.1
TSHL,7/23/2026,393.0,393.0,382.0,385.0,-2.04,4613.0,900.0,308.1
TSHL,7/24/2026,385.0,406.8,385.0,400.0,3.9,23022.0,900.0,308.1
TSHL,7/27/2026,401.0,406.0,387.0,390.0,-2.74,7554.0,900.0,308.1
TSHL,7/28/2026,390.0,393.0,380.0,382.0,-2.05,8256.0,900.0,308.1
TSHL,7/29/2026,379.0,388.0,377.0,383.0,1.06,4284.0,900.0,308.1
TSHL,7/30/2026,375.5,386.7,372.0,372.0,-0.93,5485.0,900.0,308.1
TSHL,7/31/2026,381.0,381.0,368.0,374.0,-1.84,3561.0,900.0,308.1
TSHL,8/3/2026,380.0,393.0,380.0,385.1,1.34,9387.0,900.0,308.1
TSHL,8/4/2026,385.0,390.0,378.0,378.3,-1.74,4677.0,900.0,308.1
TSHL,8/5/2026,389.0,389.0,373.0,380.0,-2.31,2204.0,900.0,308.1
TSHL,8/6/2026,372.0,390.0,372.0,372.2,0.05,7072.0,900.0,308.1
TSHL,8/7/2026,383.3,383.3,365.0,369.9,-3.5,6016.0,900.0,308.1
TSHL,8/10/2026,378.0,378.0,361.1,363.0,-3.97,8569.0,900.0,308.1
TSHL,8/11/2026,363.5,370.0,353.0,361.7,-0.5,8670.0,900.0,308.1
TSHL,8/12/2026,362.0,375.0,362.0,369.0,1.93,2458.0,900.0,308.1
TSHL,8/13/2026,379.0,379.0,364.0,368.0,-2.9,1375.0,900.0,308.1
TSHL,8/14/2026,371.0,371.0,360.5,361.0,-2.7,4819.0,900.0,308.1
TSHL,8/17/2026,369.0,369.0,360.0,362.0,-1.9,3439.0,900.0,308.1
TSHL,8/18/2026,370.5,370.5,354.0,361.0,-2.56,4708.0,900.0,308.1
TSHL,8/19/2026,360.0,365.9,360.0,365.9,1.64,4780.0,900.0,308.1
TSHL,8/20/2026,365.0,365.0,358.8,364.7,-0.08,1367.0,900.0,308.1
TSHL,8/21/2026,369.0,369.0,357.1,357.1,-3.22,3495.0,900.0,308.1
TSHL,8/24/2026,353.0,360.0,340.3,342.0,-3.12,10102.0,900.0,308.1
TSHL,8/25/2026,345.0,346.0,335.0,340.9,-1.19,4087.0,900.0,308.1
TSHL,8/26/2026,350.5,350.5,331.0,335.0,-4.42,5655.0,900.0,308.1
TSHL,8/27/2026,335.0,344.0,325.0,338.0,0.9,2038.0,900.0,308.1
TSHL,8/31/2026,336.0,336.0,321.1,325.0,-3.27,3321.0,900.0,308.1
TSHL,9/1/2026,310.0,348.0,310.0,328.7,6.03,4432.0,900.0,308.1
TSHL,9/2/2026,335.0,335.0,326.0,333.7,-0.39,1610.0,900.0,308.1
TSHL,9/3/2026,335.0,343.0,332.2,333.4,-0.48,1576.0,900.0,308.1
TSHL,9/7/2026,330.1,340.0,330.0,333.0,0.88,2710.0,900.0,308.1
TSHL,9/9/2026,333.0,352.0,333.0,342.0,2.7,5089.0,900.0,308.1
TSHL,9/10/2026,341.9,342.5,338.0,340.0,-0.56,1904.0,900.0,308.1
TSHL,9/11/2026,335.0,354.0,330.0,347.5,3.73,9500.0,900.0,308.1
TSHL,9/14/2026,350.0,358.0,350.0,357.0,2.0,3780.0,900.0,308.1
TSHL,9/15/2026,367.7,372.0,361.5,365.0,-0.73,5156.0,900.0,308.1
TSHL,9/16/2026,366.0,366.0,349.1,350.0,-4.37,5320.0,900.0,308.1
TSHL,9/17/2026,355.0,364.0,355.0,362.0,1.97,5587.0,900.0,308.1
TSHL,9/18/2026,365.0,365.0,350.0,361.0,-1.1,3338.0,900.0,308.1
TSHL,9/22/2026,353.2,365.0,349.3,356.0,0.79,8344.0,900.0,308.1
TSHL,9/23/2026,357.0,357.0,347.1,353.0,-1.12,2558.0,900.0,308.1
TSHL,9/24/2026,353.0,360.0,325.0,359.9,1.95,3811.0,900.0,308.1
TSHL,9/28/2026,349.2,364.6,340.1,352.0,0.8,5817.0,900.0,308.1
TSHL,9/29/2026,341.5,349.9,341.5,0.0,-100.0,1400.0,900.0,308.1
TSHL,9/30/2026,341.6,351.0,334.8,342.8,0.35,8639.0,900.0,308.1
TSHL,10/1/2026,337.0,350.0,337.0,341.5,1.34,1971.0,900.0,308.1
TSHL,10/2/2026,341.0,351.0,335.0,340.0,-0.29,2747.0,900.0,308.1
TTL,12/21/2025,758.0,764.8,740.0,748.0,,60277.0,1173.0,665.0
TTL,12/22/2025,744.9,745.0,725.3,727.0,-2.81,34226.0,1173.0,665.0
TTL,12/23/2025,720.0,743.5,720.0,738.3,1.55,24501.0,1173.0,665.0
TTL,12/24/2025,729.1,750.0,729.1,732.0,-0.85,14815.0,1173.0,665.0
TTL,12/28/2025,732.0,753.0,732.0,749.0,2.32,33927.0,1173.0,665.0
TTL,12/29/2025,749.0,767.0,745.3,750.0,0.13,43334.0,1173.0,665.0
TTL,12/31/2025,750.0,784.0,749.0,777.0,3.6,58453.0,1173.0,665.0
TTL,1/1/2026,789.0,810.0,767.0,787.8,1.39,84688.0,1173.0,665.0
TTL,1/4/2026,772.2,830.0,772.2,825.0,4.72,106627.0,1173.0,665.0
TTL,1/5/2026,808.5,900.0,808.5,895.0,8.48,135938.0,1173.0,665.0
TTL,1/6/2026,900.0,904.0,836.0,839.0,-6.26,100281.0,1173.0,665.0
TTL,1/7/2026,830.0,841.8,800.0,800.1,-4.64,116330.0,1173.0,665.0
TTL,1/8/2026,785.6,833.0,785.6,826.0,3.24,82825.0,1173.0,665.0
TTL,1/12/2026,824.1,893.0,824.1,869.8,5.3,164917.0,1173.0,665.0
TTL,1/13/2026,870.0,889.0,840.0,847.0,-2.62,106035.0,1173.0,665.0
TTL,1/14/2026,847.0,855.0,825.0,835.2,-1.39,48797.0,1173.0,665.0
TTL,1/18/2026,840.0,872.9,835.6,860.0,2.97,93813.0,1173.0,665.0
TTL,1/20/2026,873.1,917.0,873.1,894.0,3.95,172099.0,1173.0,665.0
TTL,1/21/2026,910.0,910.0,867.3,876.5,-1.96,76951.0,1173.0,665.0
TTL,1/22/2026,877.0,957.0,866.1,942.3,7.51,153601.0,1173.0,665.0
TTL,1/25/2026,942.3,1025.0,942.3,1016.0,7.82,207697.0,1173.0,665.0
TTL,1/26/2026,1016.0,1115.0,980.0,1110.0,9.25,277486.0,1173.0,665.0
TTL,1/27/2026,1120.0,1173.0,1032.0,1036.1,-6.66,232871.0,1173.0,665.0
TTL,1/28/2026,1056.8,1110.0,1021.0,1095.0,5.68,210891.0,1173.0,665.0
TTL,1/29/2026,1100.0,1127.0,1003.1,1004.0,-8.31,167219.0,1173.0,665.0
TTL,2/1/2026,1004.0,1010.0,930.0,940.0,-6.37,144459.0,1173.0,665.0
TTL,2/2/2026,940.0,1030.0,940.0,1024.0,8.94,150411.0,1173.0,665.0
TTL,2/3/2026,1030.0,1056.0,980.0,990.0,-3.32,104983.0,1173.0,665.0
TTL,2/4/2026,993.0,1005.0,964.0,970.0,-2.02,72320.0,1173.0,665.0
TTL,2/5/2026,970.0,989.0,951.1,959.1,-1.12,96422.0,1173.0,665.0
TTL,2/8/2026,978.2,989.0,946.0,946.0,-1.37,72351.0,1173.0,665.0
TTL,2/9/2026,940.0,960.0,906.5,913.0,-3.49,93002.0,1173.0,665.0
TTL,2/10/2026,915.0,948.0,900.0,918.1,0.56,57531.0,1173.0,665.0
TTL,2/11/2026,936.4,946.0,896.7,899.0,-2.08,50508.0,1173.0,665.0
TTL,2/12/2026,916.0,925.0,878.1,899.0,0.0,72151.0,1173.0,665.0
TTL,2/16/2026,905.0,925.0,881.3,910.0,1.22,56209.0,1173.0,665.0
TTL,2/17/2026,915.0,920.0,888.0,890.2,-2.18,51240.0,1173.0,665.0
TTL,2/22/2026,890.0,895.0,850.0,858.0,-3.62,50905.0,1173.0,665.0
TTL,2/23/2026,857.1,869.9,846.0,846.2,-1.38,33099.0,1173.0,665.0
TTL,2/24/2026,860.0,895.0,850.0,887.0,4.82,39728.0,1173.0,665.0
TTL,2/25/2026,904.7,918.0,885.1,889.0,0.23,53522.0,1173.0,665.0
TTL,2/26/2026,890.4,895.0,880.0,882.0,-0.79,28625.0,1173.0,665.0
TTL,2/27/2026,890.4,895.0,880.0,882.0,0.0,28625.0,1173.0,665.0
TTL,2/28/2026,890.4,895.0,880.0,882.0,0.0,28625.0,1173.0,665.0
TTL,3/2/2026,870.0,900.0,860.1,896.0,1.59,41881.0,1173.0,665.0
TTL,3/3/2026,900.0,926.6,886.1,917.0,2.34,50192.0,1173.0,665.0
TTL,3/4/2026,900.0,926.6,886.1,917.0,0.0,50192.0,1173.0,665.0
TTL,3/5/2026,900.0,926.6,886.1,917.0,0.0,50192.0,1173.0,665.0
TTL,3/6/2026,900.0,926.6,886.1,917.0,0.0,50192.0,1173.0,665.0
TTL,3/7/2026,900.0,926.6,886.1,917.0,0.0,50192.0,1173.0,665.0
TTL,3/8/2026,900.0,926.6,886.1,917.0,0.0,50192.0,1173.0,665.0
TTL,3/9/2026,935.3,1008.7,935.3,999.0,8.94,2717.0,1173.0,665.0
TTL,3/10/2026,1018.0,1018.0,963.0,979.8,-1.92,115728.0,1173.0,665.0
TTL,3/11/2026,976.0,989.9,936.0,936.0,-4.47,66328.0,1173.0,665.0
TTL,3/12/2026,947.5,955.0,929.0,935.0,-0.11,48338.0,1173.0,665.0
TTL,3/13/2026,947.5,955.0,929.0,935.0,0.0,48338.0,1173.0,665.0
TTL,3/14/2026,947.5,955.0,929.0,935.0,0.0,48338.0,1173.0,665.0
TTL,3/15/2026,935.0,940.0,918.0,923.1,-1.27,39409.0,1173.0,665.0
TTL,3/16/2026,941.5,941.5,904.3,911.0,-1.31,38360.0,1173.0,665.0
TTL,3/17/2026,900.1,913.0,900.1,906.0,-0.55,32022.0,1173.0,665.0
TTL,3/18/2026,900.1,913.0,900.1,906.0,0.0,32022.0,1173.0,665.0
TTL,3/19/2026,920.0,930.0,905.0,915.1,1.0,43361.0,1173.0,665.0
TTL,3/20/2026,920.0,930.0,905.0,915.1,0.0,43361.0,1173.0,665.0
TTL,3/21/2026,920.0,930.0,905.0,915.1,0.0,43361.0,1173.0,665.0
TTL,3/22/2026,915.1,940.0,915.1,928.2,1.43,38236.0,1173.0,665.0
TTL,3/23/2026,940.0,944.0,915.2,928.0,-0.02,44494.0,1173.0,665.0
TTL,3/24/2026,928.0,942.0,925.0,933.0,0.54,32568.0,1173.0,665.0
TTL,3/25/2026,930.0,973.0,925.0,954.0,2.25,71281.0,1173.0,665.0
TTL,3/26/2026,954.0,985.0,945.0,975.0,2.2,60186.0,1173.0,665.0
TTL,3/29/2026,994.0,994.0,928.0,928.0,-6.64,54821.0,1173.0,665.0
TTL,3/30/2026,928.0,937.0,894.1,894.2,-3.64,50858.0,1173.0,665.0
TTL,3/31/2026,895.0,913.0,868.6,902.0,0.78,53728.0,1173.0,665.0
TTL,4/1/2026,900.0,902.0,862.0,870.0,-3.33,46741.0,1173.0,665.0
TTL,4/2/2026,875.0,885.0,852.6,860.0,-1.71,38602.0,1173.0,665.0
TTL,4/5/2026,850.0,874.0,795.0,797.0,-6.24,64190.0,1173.0,665.0
TTL,4/6/2026,800.0,843.9,797.0,835.0,4.38,49565.0,1173.0,665.0
TTL,4/7/2026,851.7,851.7,822.0,828.0,-2.78,31875.0,1173.0,665.0
TTL,4/8/2026,844.0,880.0,830.3,880.0,4.27,43765.0,1173.0,665.0
TTL,4/9/2026,890.0,904.7,867.0,892.0,0.22,44699.0,1173.0,665.0
TTL,4/10/2026,893.0,899.9,860.0,870.0,-2.58,47562.0,1173.0,665.0
TTL,4/13/2026,860.1,879.8,855.0,860.0,-0.01,27952.0,1173.0,665.0
TTL,4/15/2026,860.0,879.9,851.0,867.2,0.84,19341.0,1173.0,665.0
TTL,4/16/2026,849.9,883.0,840.0,844.2,-0.67,24664.0,1173.0,665.0
TTL,4/17/2026,828.0,860.0,828.0,853.0,3.02,22259.0,1173.0,665.0
TTL,4/20/2026,825.0,867.0,825.0,846.2,2.57,15819.0,1173.0,665.0
TTL,4/21/2026,888.0,888.0,835.0,837.1,-5.73,14614.0,1173.0,665.0
TTL,4/22/2026,828.1,845.0,807.2,835.0,0.83,29546.0,1173.0,665.0
TTL,4/23/2026,838.0,840.0,810.0,820.0,-2.15,21675.0,1173.0,665.0
TTL,4/24/2026,850.0,850.0,790.0,810.1,-4.69,21960.0,1173.0,665.0
TTL,4/27/2026,770.0,830.0,770.0,823.0,6.88,13799.0,1173.0,665.0
TTL,4/28/2026,823.0,825.0,806.3,807.1,-1.93,14418.0,1173.0,665.0
TTL,4/29/2026,807.1,825.0,790.0,794.0,-1.62,18580.0,1173.0,665.0
TTL,4/30/2026,794.0,804.0,777.7,790.0,-0.5,19889.0,1173.0,665.0
TTL,5/4/2026,795.0,800.0,775.1,776.9,-2.28,11969.0,1173.0,665.0
TTL,5/5/2026,775.0,791.2,766.2,784.0,1.16,13993.0,1173.0,665.0
TTL,5/6/2026,773.0,794.0,772.0,780.0,0.91,11313.0,1173.0,665.0
TTL,5/7/2026,775.0,790.0,773.3,789.0,1.81,11007.0,1173.0,665.0
TTL,5/8/2026,789.0,819.9,776.4,819.9,3.92,18615.0,1173.0,665.0
TTL,5/11/2026,820.0,836.9,820.0,834.0,1.71,21888.0,1173.0,665.0
TTL,5/12/2026,835.1,835.3,805.0,811.9,-2.78,14455.0,1173.0,665.0
TTL,5/13/2026,800.0,809.0,795.0,801.0,0.12,8089.0,1173.0,665.0
TTL,5/14/2026,793.0,809.0,793.0,802.0,1.13,8640.0,1173.0,665.0
TTL,5/15/2026,802.0,824.9,799.0,805.0,0.37,6889.0,1173.0,665.0
TTL,5/18/2026,805.0,807.0,793.0,800.0,-0.62,4466.0,1173.0,665.0
TTL,5/19/2026,791.0,824.0,791.0,806.5,1.96,11409.0,1173.0,665.0
TTL,5/20/2026,801.1,835.0,801.1,831.0,3.73,21272.0,1173.0,665.0
TTL,5/21/2026,840.0,845.0,817.0,819.0,-2.5,21446.0,1173.0,665.0
TTL,5/22/2026,810.0,866.0,810.0,856.0,5.68,52282.0,1173.0,665.0
TTL,5/25/2026,898.8,898.8,846.0,857.0,-4.65,31924.0,1173.0,665.0
TTL,5/26/2026,870.0,875.0,844.0,856.0,-1.61,17174.0,1173.0,665.0
TTL,5/27/2026,844.1,858.0,844.1,851.6,0.89,18948.0,1173.0,665.0
TTL,6/1/2026,849.7,849.7,815.0,819.0,-3.61,18527.0,1173.0,665.0
TTL,6/2/2026,819.0,828.5,811.0,828.5,1.16,9364.0,1173.0,665.0
TTL,6/3/2026,821.0,835.0,821.0,822.0,0.12,12320.0,1173.0,665.0
TTL,6/4/2026,821.4,826.0,812.0,815.5,-0.72,9013.0,1173.0,665.0
TTL,6/5/2026,811.3,820.0,805.1,808.0,-0.41,11437.0,1173.0,665.0
TTL,6/8/2026,800.0,820.0,797.0,798.0,-0.25,18087.0,1173.0,665.0
TTL,6/9/2026,800.0,824.9,791.1,814.0,1.75,17493.0,1173.0,665.0
TTL,6/10/2026,814.0,830.0,814.0,817.0,0.37,11273.0,1173.0,665.0
TTL,6/11/2026,810.0,820.0,807.0,810.0,0.0,6716.0,1173.0,665.0
TTL,6/12/2026,771.1,818.0,771.1,802.5,4.07,8192.0,1173.0,665.0
TTL,6/15/2026,799.1,814.0,795.0,795.0,-0.51,11608.0,1173.0,665.0
TTL,6/16/2026,795.0,800.5,783.1,799.8,0.6,5892.0,1173.0,665.0
TTL,6/17/2026,800.0,810.0,792.0,796.0,-0.5,6061.0,1173.0,665.0
TTL,6/18/2026,796.0,800.0,790.1,794.0,-0.25,6140.0,1173.0,665.0
TTL,6/19/2026,794.0,798.0,788.0,795.0,0.13,9608.0,1173.0,665.0
TTL,6/22/2026,792.0,799.0,785.0,785.0,-0.88,7156.0,1173.0,665.0
TTL,6/23/2026,780.0,788.0,769.0,769.0,-1.41,13917.0,1173.0,665.0
TTL,6/24/2026,767.0,789.9,737.0,756.0,-1.43,15947.0,1173.0,665.0
TTL,6/26/2026,754.0,760.0,750.0,752.0,-0.27,7567.0,1173.0,665.0
TTL,6/29/2026,745.0,750.0,740.1,742.0,-0.4,5430.0,1173.0,665.0
TTL,6/30/2026,704.9,743.0,704.9,725.0,2.85,8021.0,1173.0,665.0
TTL,7/1/2026,721.0,755.0,721.0,750.0,4.02,9017.0,1173.0,665.0
TTL,7/2/2026,750.0,750.0,739.0,750.0,0.0,4615.0,1173.0,665.0
TTL,7/3/2026,755.0,765.0,742.0,750.2,-0.64,13586.0,1173.0,665.0
TTL,7/6/2026,740.3,750.0,735.0,737.0,-0.45,4461.0,1173.0,665.0
TTL,7/7/2026,700.2,755.0,700.2,737.0,5.26,4646.0,1173.0,665.0
TTL,7/8/2026,757.0,757.8,706.0,728.5,-3.76,13612.0,1173.0,665.0
TTL,7/9/2026,711.3,726.4,711.2,716.5,0.73,6306.0,1173.0,665.0
TTL,7/10/2026,680.7,735.0,680.7,715.0,5.04,6656.0,1173.0,665.0
TTL,7/13/2026,715.1,720.0,690.0,699.0,-2.25,14760.0,1173.0,665.0
TTL,7/14/2026,700.0,705.7,670.0,700.0,0.0,14606.0,1173.0,665.0
TTL,7/15/2026,695.0,715.0,695.0,700.0,0.72,7627.0,1173.0,665.0
TTL,7/16/2026,700.0,708.0,695.2,696.5,-0.5,7422.0,1173.0,665.0
TTL,7/17/2026,714.9,740.0,707.0,736.0,2.95,12846.0,1173.0,665.0
TTL,7/20/2026,736.0,760.0,728.2,758.0,2.99,11720.0,1173.0,665.0
TTL,7/21/2026,758.0,773.5,745.0,754.0,-0.53,20306.0,1173.0,665.0
TTL,7/22/2026,747.0,748.0,735.0,735.0,-1.61,10097.0,1173.0,665.0
TTL,7/23/2026,726.7,760.0,725.1,756.0,4.03,10131.0,1173.0,665.0
TTL,7/24/2026,756.0,785.0,756.0,773.0,2.25,28478.0,1173.0,665.0
TTL,7/27/2026,765.0,780.0,744.5,746.0,-2.48,13884.0,1173.0,665.0
TTL,7/28/2026,750.0,758.9,730.0,731.0,-2.53,10410.0,1173.0,665.0
TTL,7/29/2026,724.0,749.9,724.0,730.0,0.83,9862.0,1173.0,665.0
TTL,7/30/2026,735.0,740.0,720.0,720.4,-1.99,8053.0,1173.0,665.0
TTL,7/31/2026,702.0,731.0,702.0,730.0,3.99,6475.0,1173.0,665.0
TTL,8/3/2026,730.0,744.0,725.0,730.0,0.0,14520.0,1173.0,665.0
TTL,8/4/2026,730.0,732.9,715.1,720.0,-1.37,14528.0,1173.0,665.0
TTL,8/5/2026,716.0,726.5,715.2,715.2,-0.11,7076.0,1173.0,665.0
TTL,8/6/2026,715.2,724.9,712.0,716.1,0.13,6563.0,1173.0,665.0
TTL,8/7/2026,710.5,719.9,705.0,710.0,-0.07,16478.0,1173.0,665.0
TTL,8/10/2026,710.0,731.0,700.4,731.0,2.96,9300.0,1173.0,665.0
TTL,8/11/2026,726.3,730.0,711.1,720.0,-0.87,8667.0,1173.0,665.0
TTL,8/12/2026,715.0,727.9,710.0,714.9,-0.01,5674.0,1173.0,665.0
TTL,8/13/2026,700.0,730.0,700.0,712.8,1.83,4544.0,1173.0,665.0
TTL,8/14/2026,680.0,725.0,680.0,714.0,5.0,6817.0,1173.0,665.0
TTL,8/17/2026,714.0,720.0,710.0,710.0,-0.56,9793.0,1173.0,665.0
TTL,8/18/2026,710.0,715.0,700.0,705.0,-0.7,9664.0,1173.0,665.0
TTL,8/19/2026,697.0,718.0,697.0,704.0,1.0,5467.0,1173.0,665.0
TTL,8/20/2026,704.0,714.0,701.0,710.0,0.85,5078.0,1173.0,665.0
TTL,8/21/2026,705.1,713.9,705.0,705.0,-0.01,5896.0,1173.0,665.0
TTL,8/24/2026,700.0,708.0,696.0,697.0,-0.43,6997.0,1173.0,665.0
TTL,8/25/2026,697.0,705.0,695.0,697.0,0.0,5822.0,1173.0,665.0
TTL,8/26/2026,692.0,700.0,680.1,688.9,-0.45,9977.0,1173.0,665.0
TTL,8/27/2026,690.0,700.0,670.1,690.0,0.0,7942.0,1173.0,665.0
TTL,8/31/2026,685.0,685.0,670.2,670.2,-2.16,8539.0,1173.0,665.0
TTL,9/1/2026,670.0,689.0,665.0,671.2,0.18,5263.0,1173.0,665.0
TTL,9/2/2026,680.0,689.0,675.0,678.9,-0.16,6878.0,1173.0,665.0
TTL,9/3/2026,685.0,694.0,680.0,680.0,-0.73,4541.0,1173.0,665.0
TTL,9/7/2026,680.0,698.0,672.2,685.0,0.74,6472.0,1173.0,665.0
TTL,9/9/2026,687.0,690.0,682.2,684.2,-0.41,3280.0,1173.0,665.0
TTL,9/10/2026,684.0,684.0,670.0,680.0,-0.58,5476.0,1173.0,665.0
TTL,9/11/2026,671.1,685.1,671.0,683.0,1.77,4692.0,1173.0,665.0
TTL,9/14/2026,680.0,697.9,680.0,694.0,2.06,4406.0,1173.0,665.0
TTL,9/15/2026,728.0,735.0,703.0,710.0,-2.47,11878.0,1173.0,665.0
TTL,9/16/2026,694.0,710.0,688.0,697.0,0.43,10566.0,1173.0,665.0
TTL,9/17/2026,717.9,717.9,698.0,702.0,-2.21,8707.0,1173.0,665.0
TTL,9/18/2026,690.4,702.1,688.3,695.5,0.74,6756.0,1173.0,665.0
TTL,9/22/2026,695.0,705.0,695.0,698.0,0.43,6572.0,1173.0,665.0
TTL,9/23/2026,695.0,698.0,688.1,688.4,-0.95,7502.0,1173.0,665.0
TTL,9/24/2026,688.0,695.0,685.6,692.1,0.6,6052.0,1173.0,665.0
TTL,9/28/2026,690.0,695.0,680.0,680.0,-1.45,10280.0,1173.0,665.0
TTL,9/29/2026,672.1,689.0,672.1,0.0,-100.0,3229.0,1173.0,665.0
TTL,9/30/2026,678.0,690.0,671.0,678.0,0.0,3985.0,1173.0,665.0
TTL,10/1/2026,670.0,678.0,670.0,673.0,0.45,8899.0,1173.0,665.0
TTL,10/2/2026,660.1,677.0,660.1,673.0,1.95,6159.0,1173.0,665.0
TVCL,12/21/2025,407.0,410.0,395.0,398.4,,9793.0,689.0,268.1
TVCL,12/22/2025,405.0,405.0,388.1,397.0,-0.35,13612.0,689.0,268.1
TVCL,12/23/2025,392.1,403.0,385.1,400.0,0.76,8677.0,689.0,268.1
TVCL,12/24/2025,392.9,404.9,392.9,399.0,-0.25,8744.0,689.0,268.1
TVCL,12/28/2025,406.0,406.0,395.7,400.0,0.25,4050.0,689.0,268.1
TVCL,12/29/2025,395.2,403.1,387.2,395.0,-1.25,15450.0,689.0,268.1
TVCL,12/31/2025,395.0,395.0,388.2,389.0,-1.52,27361.0,689.0,268.1
TVCL,1/1/2026,396.7,404.0,388.2,391.5,0.64,5958.0,689.0,268.1
TVCL,1/4/2026,386.1,390.1,386.1,388.0,-0.89,7774.0,689.0,268.1
TVCL,1/5/2026,383.7,394.0,381.0,394.0,1.55,11708.0,689.0,268.1
TVCL,1/6/2026,399.0,399.0,386.6,393.0,-0.25,5940.0,689.0,268.1
TVCL,1/7/2026,394.9,394.9,385.4,388.9,-1.04,9118.0,689.0,268.1
TVCL,1/8/2026,388.9,391.8,382.0,387.9,-0.26,9980.0,689.0,268.1
TVCL,1/12/2026,385.0,389.0,381.5,383.0,-1.26,13718.0,689.0,268.1
TVCL,1/13/2026,377.6,384.7,377.6,383.9,0.23,10267.0,689.0,268.1
TVCL,1/14/2026,383.0,384.0,377.7,378.4,-1.43,8974.0,689.0,268.1
TVCL,1/18/2026,380.0,385.0,380.0,384.0,1.48,8578.0,689.0,268.1
TVCL,1/20/2026,390.5,395.0,387.0,388.1,1.07,11298.0,689.0,268.1
TVCL,1/21/2026,389.0,394.9,385.3,387.0,-0.28,9650.0,689.0,268.1
TVCL,1/22/2026,393.4,425.7,382.0,425.7,10.0,104831.0,689.0,268.1
TVCL,1/25/2026,434.0,468.2,434.0,468.2,9.98,122273.0,689.0,268.1
TVCL,1/26/2026,477.0,515.0,464.1,510.0,8.93,135169.0,689.0,268.1
TVCL,1/27/2026,520.0,521.2,489.6,498.0,-2.35,65391.0,689.0,268.1
TVCL,1/28/2026,500.0,540.0,492.0,535.0,7.43,101123.0,689.0,268.1
TVCL,1/29/2026,544.0,561.0,535.0,548.0,2.43,100153.0,689.0,268.1
TVCL,2/1/2026,558.0,569.1,535.0,554.9,1.26,72957.0,689.0,268.1
TVCL,2/2/2026,565.9,575.2,547.0,563.0,1.46,137572.0,689.0,268.1
TVCL,2/3/2026,573.0,573.0,528.1,544.0,-3.37,42019.0,689.0,268.1
TVCL,2/4/2026,533.2,561.0,522.6,537.0,-1.29,44630.0,689.0,268.1
TVCL,2/5/2026,546.9,576.3,539.0,575.0,7.08,127391.0,689.0,268.1
TVCL,2/8/2026,585.0,595.0,564.0,589.1,2.45,135579.0,689.0,268.1
TVCL,2/9/2026,595.0,635.0,586.2,618.5,4.99,149849.0,689.0,268.1
TVCL,2/10/2026,615.0,645.0,610.0,618.9,0.06,104561.0,689.0,268.1
TVCL,2/11/2026,631.2,631.2,600.0,610.0,-1.44,92762.0,689.0,268.1
TVCL,2/12/2026,600.0,652.0,600.0,620.0,1.64,129178.0,689.0,268.1
TVCL,2/16/2026,630.0,630.0,612.0,615.0,-0.81,63720.0,689.0,268.1
TVCL,2/17/2026,627.0,667.7,610.0,653.8,6.31,153680.0,689.0,268.1
TVCL,2/22/2026,666.8,680.0,636.1,667.0,2.02,243601.0,689.0,268.1
TVCL,2/23/2026,661.0,675.4,651.0,665.0,-0.3,57589.0,689.0,268.1
TVCL,2/24/2026,661.0,680.0,650.0,664.0,-0.15,62036.0,689.0,268.1
TVCL,2/25/2026,652.0,669.9,641.0,657.0,-1.05,56298.0,689.0,268.1
TVCL,2/26/2026,670.0,670.0,637.6,645.0,-1.83,77258.0,689.0,268.1
TVCL,2/27/2026,670.0,670.0,637.6,645.0,0.0,77258.0,689.0,268.1
TVCL,2/28/2026,670.0,670.0,637.6,645.0,0.0,77258.0,689.0,268.1
TVCL,3/2/2026,655.0,655.0,619.5,639.0,-0.93,84462.0,689.0,268.1
TVCL,3/3/2026,649.0,657.9,627.0,650.0,1.72,64851.0,689.0,268.1
TVCL,3/4/2026,649.0,657.9,627.0,650.0,0.0,64851.0,689.0,268.1
TVCL,3/5/2026,649.0,657.9,627.0,650.0,0.0,64851.0,689.0,268.1
TVCL,3/6/2026,649.0,657.9,627.0,650.0,0.0,64851.0,689.0,268.1
TVCL,3/7/2026,649.0,657.9,627.0,650.0,0.0,64851.0,689.0,268.1
TVCL,3/8/2026,649.0,657.9,627.0,650.0,0.0,64851.0,689.0,268.1
TVCL,3/9/2026,663.0,676.0,663.0,676.0,4.0,2040.0,689.0,268.1
TVCL,3/10/2026,689.0,689.0,612.5,643.0,-4.88,55974.0,689.0,268.1
TVCL,3/11/2026,630.2,641.0,619.0,633.0,-1.56,49630.0,689.0,268.1
TVCL,3/12/2026,645.0,645.0,613.1,613.1,-3.14,43141.0,689.0,268.1
TVCL,3/13/2026,645.0,645.0,613.1,613.1,0.0,43141.0,689.0,268.1
TVCL,3/14/2026,645.0,645.0,613.1,613.1,0.0,43141.0,689.0,268.1
TVCL,3/15/2026,607.0,645.0,607.0,640.0,4.39,71877.0,689.0,268.1
TVCL,3/16/2026,645.0,645.0,622.1,629.5,-1.64,68750.0,689.0,268.1
TVCL,3/17/2026,642.0,642.0,620.0,624.0,-0.87,65420.0,689.0,268.1
TVCL,3/18/2026,642.0,642.0,620.0,624.0,0.0,65420.0,689.0,268.1
TVCL,3/19/2026,630.0,636.4,613.1,620.0,-0.64,36503.0,689.0,268.1
TVCL,3/20/2026,630.0,636.4,613.1,620.0,0.0,36503.0,689.0,268.1
TVCL,3/21/2026,630.0,636.4,613.1,620.0,0.0,36503.0,689.0,268.1
TVCL,3/22/2026,631.0,631.0,610.3,614.0,-0.97,68162.0,689.0,268.1
TVCL,3/23/2026,607.0,617.0,604.7,613.0,-0.16,22979.0,689.0,268.1
TVCL,3/24/2026,619.0,624.0,605.0,607.0,-0.98,21841.0,689.0,268.1
TVCL,3/25/2026,610.0,626.0,610.0,621.9,2.45,39353.0,689.0,268.1
TVCL,3/26/2026,621.9,627.0,609.5,627.0,0.82,32038.0,689.0,268.1
TVCL,3/29/2026,630.0,630.0,605.1,629.7,-0.05,61204.0,689.0,268.1
TVCL,3/30/2026,617.2,627.0,604.0,606.0,-1.81,49099.0,689.0,268.1
TVCL,3/31/2026,600.0,606.0,595.0,606.0,1.0,23488.0,689.0,268.1
TVCL,4/1/2026,618.1,618.1,575.0,578.0,-6.49,16940.0,689.0,268.1
TVCL,4/2/2026,570.0,612.5,566.6,583.0,2.28,22283.0,689.0,268.1
TVCL,4/5/2026,571.4,588.0,546.9,546.9,-4.29,25991.0,689.0,268.1
TVCL,4/6/2026,557.0,571.0,554.0,559.7,0.48,20073.0,689.0,268.1
TVCL,4/7/2026,560.0,608.0,560.0,608.0,8.57,30125.0,689.0,268.1
TVCL,4/8/2026,612.1,612.1,588.0,610.0,-0.34,19502.0,689.0,268.1
TVCL,4/9/2026,621.9,621.9,590.0,599.9,-3.54,23061.0,689.0,268.1
TVCL,4/10/2026,595.0,598.9,583.1,584.0,-1.85,21143.0,689.0,268.1
TVCL,4/13/2026,578.0,606.0,566.5,581.0,0.52,12244.0,689.0,268.1
TVCL,4/15/2026,592.0,601.8,571.6,583.9,-1.37,24303.0,689.0,268.1
TVCL,4/16/2026,595.5,595.5,568.0,579.0,-2.77,18729.0,689.0,268.1
TVCL,4/17/2026,569.0,583.0,565.0,575.8,1.2,13408.0,689.0,268.1
TVCL,4/20/2026,604.5,604.5,560.0,570.0,-5.71,5250.0,689.0,268.1
TVCL,4/21/2026,590.0,590.0,563.1,565.0,-4.24,7667.0,689.0,268.1
TVCL,4/22/2026,556.0,570.0,554.0,557.4,0.25,26066.0,689.0,268.1
TVCL,4/23/2026,585.2,599.0,550.0,570.0,-2.6,29867.0,689.0,268.1
TVCL,4/24/2026,555.0,570.0,550.0,570.0,2.7,9441.0,689.0,268.1
TVCL,4/27/2026,570.0,587.0,550.0,566.0,-0.7,13602.0,689.0,268.1
TVCL,4/28/2026,566.0,560.0,545.0,559.0,-1.24,12082.0,689.0,268.1
TVCL,4/29/2026,559.0,550.0,520.0,520.0,-6.98,29418.0,689.0,268.1
TVCL,4/30/2026,546.0,546.0,485.0,508.0,-6.96,5458.0,689.0,268.1
TVCL,5/4/2026,518.9,519.0,490.0,500.0,-3.64,6020.0,689.0,268.1
TVCL,5/5/2026,485.2,529.9,480.0,502.6,3.59,26097.0,689.0,268.1
TVCL,5/6/2026,491.0,517.0,490.0,491.1,0.02,4806.0,689.0,268.1
TVCL,5/7/2026,476.4,512.0,476.4,510.0,7.05,9769.0,689.0,268.1
TVCL,5/8/2026,496.0,561.3,496.0,561.0,13.1,7042.0,689.0,268.1
TVCL,5/11/2026,561.0,565.0,530.0,544.9,-2.87,10192.0,689.0,268.1
TVCL,5/12/2026,550.0,550.0,518.0,518.0,-5.82,1867.0,689.0,268.1
TVCL,5/13/2026,518.0,527.0,504.2,525.0,1.35,5400.0,689.0,268.1
TVCL,5/14/2026,510.0,522.0,510.0,511.3,0.25,1561.0,689.0,268.1
TVCL,5/15/2026,497.0,523.0,497.0,511.4,2.9,3065.0,689.0,268.1
TVCL,5/18/2026,502.0,514.0,501.0,505.1,0.62,930.0,689.0,268.1
TVCL,5/19/2026,520.0,520.0,502.1,503.0,-3.27,751.0,689.0,268.1
TVCL,5/20/2026,500.0,530.4,495.3,530.4,6.08,5022.0,689.0,268.1
TVCL,5/21/2026,532.0,532.0,510.5,515.0,-3.2,5285.0,689.0,268.1
TVCL,5/22/2026,513.0,530.0,501.0,521.9,1.73,5791.0,689.0,268.1
TVCL,5/25/2026,509.1,531.0,509.1,529.0,3.91,19928.0,689.0,268.1
TVCL,5/26/2026,514.0,560.0,509.0,560.0,8.95,16170.0,689.0,268.1
TVCL,5/27/2026,560.0,560.0,523.0,540.0,-3.57,21242.0,689.0,268.1
TVCL,6/1/2026,540.0,545.0,520.0,525.0,-2.78,2472.0,689.0,268.1
TVCL,6/2/2026,551.2,551.2,510.0,531.0,-3.66,22275.0,689.0,268.1
TVCL,6/3/2026,525.6,525.6,510.9,513.0,-2.4,11258.0,689.0,268.1
TVCL,6/4/2026,510.0,520.0,499.0,508.0,-0.39,25663.0,689.0,268.1
TVCL,6/5/2026,499.0,515.0,498.2,503.0,0.8,6799.0,689.0,268.1
TVCL,6/8/2026,495.0,502.0,488.0,490.0,-1.01,6275.0,689.0,268.1
TVCL,6/9/2026,490.1,500.0,477.2,494.0,0.8,11703.0,689.0,268.1
TVCL,6/10/2026,518.7,518.7,490.0,495.0,-4.57,3900.0,689.0,268.1
TVCL,6/11/2026,495.0,505.7,492.0,492.1,-0.59,6723.0,689.0,268.1
TVCL,6/12/2026,506.8,506.8,491.0,496.0,-2.13,4125.0,689.0,268.1
TVCL,6/15/2026,485.1,496.0,485.1,490.0,1.01,1608.0,689.0,268.1
TVCL,6/16/2026,481.0,492.0,481.0,486.2,1.08,1841.0,689.0,268.1
TVCL,6/17/2026,486.0,515.0,486.0,515.0,5.97,12471.0,689.0,268.1
TVCL,6/18/2026,540.7,540.7,499.6,506.0,-6.42,12334.0,689.0,268.1
TVCL,6/19/2026,500.0,505.0,485.0,492.0,-1.6,6867.0,689.0,268.1
TVCL,6/22/2026,516.6,516.6,485.0,495.0,-4.18,5449.0,689.0,268.1
TVCL,6/23/2026,487.0,501.0,486.1,490.2,0.66,22198.0,689.0,268.1
TVCL,6/24/2026,487.0,496.0,481.0,484.1,-0.6,5597.0,689.0,268.1
TVCL,6/26/2026,510.7,510.7,485.0,493.9,-3.29,6299.0,689.0,268.1
TVCL,6/29/2026,499.0,499.0,484.1,495.9,-0.62,26670.0,689.0,268.1
TVCL,6/30/2026,486.0,487.0,479.0,479.0,-1.44,5195.0,689.0,268.1
TVCL,7/1/2026,480.0,492.0,477.0,485.0,1.04,13262.0,689.0,268.1
TVCL,7/2/2026,485.0,494.8,479.5,494.8,2.02,4235.0,689.0,268.1
TVCL,7/3/2026,485.0,495.0,482.2,485.1,0.02,3115.0,689.0,268.1
TVCL,7/6/2026,499.0,499.0,471.1,475.2,-4.77,5127.0,689.0,268.1
TVCL,7/7/2026,475.0,486.9,475.0,478.1,0.65,7896.0,689.0,268.1
TVCL,7/8/2026,466.0,480.0,466.0,469.0,0.64,2740.0,689.0,268.1
TVCL,7/9/2026,458.5,489.0,458.5,482.0,5.13,8782.0,689.0,268.1
TVCL,7/10/2026,482.0,482.0,468.0,470.0,-2.49,3094.0,689.0,268.1
TVCL,7/13/2026,484.0,485.0,461.0,461.1,-4.73,3239.0,689.0,268.1
TVCL,7/14/2026,451.0,471.0,451.0,462.3,2.51,6338.0,689.0,268.1
TVCL,7/15/2026,476.1,476.1,463.0,469.9,-1.3,1420.0,689.0,268.1
TVCL,7/16/2026,465.0,497.0,458.2,469.0,0.86,3379.0,689.0,268.1
TVCL,7/17/2026,461.0,496.0,461.0,490.0,6.29,3133.0,689.0,268.1
TVCL,7/20/2026,510.0,511.0,482.2,490.0,-3.92,4323.0,689.0,268.1
TVCL,7/21/2026,481.1,493.0,481.1,489.9,1.83,8013.0,689.0,268.1
TVCL,7/22/2026,475.3,509.9,475.3,495.0,4.14,17705.0,689.0,268.1
TVCL,7/23/2026,495.0,504.0,483.0,486.5,-1.72,2785.0,689.0,268.1
TVCL,7/24/2026,486.0,499.0,484.0,485.0,-0.21,8980.0,689.0,268.1
TVCL,7/27/2026,485.0,490.0,475.0,483.0,-0.41,3550.0,689.0,268.1
TVCL,7/28/2026,483.2,491.0,475.3,490.0,1.41,3962.0,689.0,268.1
TVCL,7/29/2026,514.5,514.5,476.1,489.4,-4.88,1028.0,689.0,268.1
TVCL,7/30/2026,477.5,489.2,476.2,476.2,-0.27,1884.0,689.0,268.1
TVCL,7/31/2026,476.0,489.0,476.0,489.0,2.73,2210.0,689.0,268.1
TVCL,8/3/2026,481.1,489.0,480.5,480.7,-0.08,1410.0,689.0,268.1
TVCL,8/4/2026,470.1,480.0,470.1,473.2,0.66,590.0,689.0,268.1
TVCL,8/5/2026,473.0,475.0,473.0,473.1,0.02,2270.0,689.0,268.1
TVCL,8/6/2026,471.0,494.4,471.0,475.1,0.87,10049.0,689.0,268.1
TVCL,8/7/2026,475.0,482.0,468.0,482.0,1.47,2631.0,689.0,268.1
TVCL,8/10/2026,483.0,485.0,468.1,468.1,-3.08,27033.0,689.0,268.1
TVCL,8/11/2026,470.0,484.1,470.0,480.0,2.13,3238.0,689.0,268.1
TVCL,8/12/2026,475.1,480.0,473.5,474.0,-0.23,2990.0,689.0,268.1
TVCL,8/13/2026,470.0,499.9,470.0,472.1,0.45,3089.0,689.0,268.1
TVCL,8/14/2026,486.2,486.2,470.0,475.0,-2.3,942.0,689.0,268.1
TVCL,8/17/2026,471.0,471.0,465.4,465.4,-1.19,5679.0,689.0,268.1
TVCL,8/18/2026,460.0,488.0,460.0,461.1,0.24,9472.0,689.0,268.1
TVCL,8/19/2026,463.0,475.8,452.0,472.0,1.94,8258.0,689.0,268.1
TVCL,8/20/2026,460.0,468.0,441.4,465.0,1.09,15545.0,689.0,268.1
TVCL,8/21/2026,460.0,469.6,451.1,454.1,-1.28,7766.0,689.0,268.1
TVCL,8/24/2026,454.0,457.0,447.0,454.9,0.2,1780.0,689.0,268.1
TVCL,8/25/2026,464.9,464.9,446.0,448.0,-3.64,5768.0,689.0,268.1
TVCL,8/26/2026,440.0,448.0,384.4,390.0,-11.36,80510.0,689.0,268.1
TVCL,8/27/2026,380.0,380.0,346.0,354.0,-6.84,35333.0,689.0,268.1
TVCL,8/31/2026,345.0,345.0,300.9,344.0,-0.29,26131.0,689.0,268.1
TVCL,9/1/2026,340.0,358.0,314.1,338.0,-0.59,18312.0,689.0,268.1
TVCL,9/2/2026,330.0,340.0,311.2,335.0,1.52,18038.0,689.0,268.1
TVCL,9/3/2026,319.0,339.4,317.0,330.0,3.45,11916.0,689.0,268.1
TVCL,9/7/2026,325.0,339.9,313.5,317.2,-2.4,3627.0,689.0,268.1
TVCL,9/9/2026,311.0,311.0,293.0,293.1,-5.76,41641.0,689.0,268.1
TVCL,9/10/2026,290.0,295.0,277.0,283.0,-2.41,10953.0,689.0,268.1
TVCL,9/11/2026,275.0,293.9,268.1,282.0,2.55,5424.0,689.0,268.1
TVCL,9/14/2026,290.4,309.9,275.0,300.0,3.31,19326.0,689.0,268.1
TVCL,9/15/2026,315.0,329.0,305.7,317.6,0.83,18545.0,689.0,268.1
TVCL,9/16/2026,317.6,317.6,308.0,310.0,-2.39,3590.0,689.0,268.1
TVCL,9/17/2026,295.0,316.0,295.0,309.9,5.05,3377.0,689.0,268.1
TVCL,9/18/2026,309.9,312.0,300.7,312.0,0.68,13373.0,689.0,268.1
TVCL,9/22/2026,303.3,307.7,299.0,307.0,1.22,8985.0,689.0,268.1
TVCL,9/23/2026,299.1,299.1,287.0,296.0,-1.04,8854.0,689.0,268.1
TVCL,9/24/2026,297.0,307.9,282.3,305.0,2.69,15246.0,689.0,268.1
TVCL,9/28/2026,301.0,301.0,285.0,293.0,-2.66,8680.0,689.0,268.1
TVCL,9/29/2026,286.0,291.4,284.7,0.0,-100.0,4894.0,689.0,268.1
TVCL,9/30/2026,285.0,295.0,277.0,294.0,3.16,4628.0,689.0,268.1
TVCL,10/1/2026,308.0,308.0,278.4,290.0,-5.84,7262.0,689.0,268.1
TVCL,10/2/2026,290.0,291.0,283.1,291.0,0.34,1963.0,689.0,268.1
UAIL,12/21/2025,446.0,455.0,442.1,449.0,,22371.0,519.1,354.1
UAIL,12/22/2025,443.0,448.0,440.2,444.9,-0.91,7587.0,519.1,354.1
UAIL,12/23/2025,442.0,448.0,442.0,447.0,0.47,10181.0,519.1,354.1
UAIL,12/24/2025,447.0,450.0,440.7,446.0,-0.22,5197.0,519.1,354.1
UAIL,12/28/2025,452.0,459.0,443.1,457.0,2.47,10176.0,519.1,354.1
UAIL,12/29/2025,458.0,463.7,445.0,455.0,-0.44,15417.0,519.1,354.1
UAIL,12/31/2025,448.1,460.0,448.1,455.0,0.0,11396.0,519.1,354.1
UAIL,1/1/2026,448.0,458.0,444.5,452.0,-0.66,13150.0,519.1,354.1
UAIL,1/4/2026,445.0,452.0,444.2,447.0,-1.11,19252.0,519.1,354.1
UAIL,1/5/2026,448.0,453.0,446.1,453.0,1.34,17505.0,519.1,354.1
UAIL,1/6/2026,459.7,460.0,451.0,455.0,0.44,12040.0,519.1,354.1
UAIL,1/7/2026,450.0,460.5,446.3,453.0,-0.44,11449.0,519.1,354.1
UAIL,1/8/2026,450.0,454.0,447.0,451.9,-0.24,9809.0,519.1,354.1
UAIL,1/12/2026,450.0,455.0,445.7,449.0,-0.64,27699.0,519.1,354.1
UAIL,1/13/2026,443.1,454.9,443.1,448.5,-0.11,10805.0,519.1,354.1
UAIL,1/14/2026,443.0,451.9,443.0,450.0,0.33,16330.0,519.1,354.1
UAIL,1/18/2026,445.0,458.6,445.0,455.0,1.11,14650.0,519.1,354.1
UAIL,1/20/2026,462.0,472.0,460.6,469.0,3.08,39949.0,519.1,354.1
UAIL,1/21/2026,478.3,478.3,460.1,468.0,-0.21,18629.0,519.1,354.1
UAIL,1/22/2026,459.1,470.0,459.1,466.0,-0.43,16453.0,519.1,354.1
UAIL,1/25/2026,468.0,490.0,468.0,489.5,5.04,53410.0,519.1,354.1
UAIL,1/26/2026,489.5,494.0,480.2,481.6,-1.61,43770.0,519.1,354.1
UAIL,1/27/2026,488.0,488.0,465.0,465.0,-3.45,68606.0,519.1,354.1
UAIL,1/28/2026,464.5,467.5,458.1,466.0,0.22,17436.0,519.1,354.1
UAIL,1/29/2026,466.0,469.0,458.0,464.0,-0.43,11113.0,519.1,354.1
UAIL,2/1/2026,457.1,463.9,455.0,461.0,-0.65,18057.0,519.1,354.1
UAIL,2/2/2026,461.0,463.5,457.2,461.0,0.0,16624.0,519.1,354.1
UAIL,2/3/2026,460.0,464.0,457.1,459.0,-0.43,8685.0,519.1,354.1
UAIL,2/4/2026,461.0,463.0,452.0,455.0,-0.87,15231.0,519.1,354.1
UAIL,2/5/2026,457.0,480.0,457.0,477.8,5.01,65560.0,519.1,354.1
UAIL,2/8/2026,485.0,495.0,476.0,481.0,0.67,73246.0,519.1,354.1
UAIL,2/9/2026,490.6,490.6,466.1,470.0,-2.29,49127.0,519.1,354.1
UAIL,2/10/2026,463.0,472.0,461.0,464.0,-1.28,7090.0,519.1,354.1
UAIL,2/11/2026,473.2,483.0,464.0,470.0,1.29,44778.0,519.1,354.1
UAIL,2/12/2026,465.0,474.4,465.0,468.0,-0.43,16318.0,519.1,354.1
UAIL,2/16/2026,473.0,473.0,456.2,460.0,-1.71,23694.0,519.1,354.1
UAIL,2/17/2026,456.0,462.0,455.3,456.6,-0.74,13982.0,519.1,354.1
UAIL,2/22/2026,463.0,474.8,461.0,464.0,1.62,48060.0,519.1,354.1
UAIL,2/23/2026,464.0,469.5,457.0,465.0,0.22,25828.0,519.1,354.1
UAIL,2/24/2026,462.0,465.0,458.5,463.8,-0.26,10875.0,519.1,354.1
UAIL,2/25/2026,463.1,464.8,458.4,460.0,-0.82,34720.0,519.1,354.1
UAIL,2/26/2026,465.9,466.9,459.5,464.8,1.04,70604.0,519.1,354.1
UAIL,2/27/2026,465.9,466.9,459.5,464.8,0.0,70604.0,519.1,354.1
UAIL,2/28/2026,465.9,466.9,459.5,464.8,0.0,70604.0,519.1,354.1
UAIL,3/2/2026,440.0,440.5,436.0,439.5,-5.44,21308.0,519.1,354.1
UAIL,3/3/2026,439.0,446.8,438.0,446.8,1.66,18019.0,519.1,354.1
UAIL,3/4/2026,439.0,446.8,438.0,446.8,0.0,18019.0,519.1,354.1
UAIL,3/5/2026,439.0,446.8,438.0,446.8,0.0,18019.0,519.1,354.1
UAIL,3/6/2026,439.0,446.8,438.0,446.8,0.0,18019.0,519.1,354.1
UAIL,3/7/2026,439.0,446.8,438.0,446.8,0.0,18019.0,519.1,354.1
UAIL,3/8/2026,439.0,446.8,438.0,446.8,0.0,18019.0,519.1,354.1
UAIL,3/9/2026,455.7,483.0,455.7,474.0,6.09,1668.0,519.1,354.1
UAIL,3/10/2026,475.0,480.0,460.0,472.0,-0.42,85841.0,519.1,354.1
UAIL,3/11/2026,481.4,481.4,463.8,468.0,-0.85,16663.0,519.1,354.1
UAIL,3/12/2026,472.4,472.4,461.4,467.4,-0.13,20552.0,519.1,354.1
UAIL,3/13/2026,472.4,472.4,461.4,467.4,0.0,20552.0,519.1,354.1
UAIL,3/14/2026,472.4,472.4,461.4,467.4,0.0,20552.0,519.1,354.1
UAIL,3/15/2026,465.0,471.0,460.0,468.0,0.13,33030.0,519.1,354.1
UAIL,3/16/2026,463.0,467.3,457.0,460.0,-1.71,22070.0,519.1,354.1
UAIL,3/17/2026,459.5,466.0,455.0,463.7,0.8,23707.0,519.1,354.1
UAIL,3/18/2026,459.5,466.0,455.0,463.7,0.0,23707.0,519.1,354.1
UAIL,3/19/2026,466.0,502.8,463.0,487.1,5.05,82165.0,519.1,354.1
UAIL,3/20/2026,466.0,502.8,463.0,487.1,0.0,82165.0,519.1,354.1
UAIL,3/21/2026,466.0,502.8,463.0,487.1,0.0,82165.0,519.1,354.1
UAIL,3/22/2026,496.8,508.9,481.0,506.0,3.88,89732.0,519.1,354.1
UAIL,3/23/2026,500.0,510.0,495.0,509.9,0.77,53478.0,519.1,354.1
UAIL,3/24/2026,514.0,514.0,498.1,509.0,-0.18,33343.0,519.1,354.1
UAIL,3/25/2026,519.1,519.1,492.1,498.9,-1.98,24332.0,519.1,354.1
UAIL,3/26/2026,491.0,498.0,486.0,495.0,0.81,24837.0,519.1,354.1
UAIL,3/29/2026,495.0,495.0,476.0,476.0,-3.84,47821.0,519.1,354.1
UAIL,3/30/2026,470.0,479.8,465.0,468.0,-0.43,55957.0,519.1,354.1
UAIL,3/31/2026,477.0,478.0,462.0,477.8,0.17,24933.0,519.1,354.1
UAIL,4/1/2026,470.1,470.1,456.0,456.0,-3.0,30662.0,519.1,354.1
UAIL,4/2/2026,450.0,472.0,447.3,458.0,1.78,20231.0,519.1,354.1
UAIL,4/5/2026,449.0,453.0,441.5,441.5,-1.67,33541.0,519.1,354.1
UAIL,4/6/2026,442.0,463.0,442.0,462.9,4.73,28623.0,519.1,354.1
UAIL,4/7/2026,465.0,470.0,455.0,458.9,-1.31,15236.0,519.1,354.1
UAIL,4/8/2026,460.0,467.9,456.5,463.0,0.65,17260.0,519.1,354.1
UAIL,4/9/2026,463.0,470.9,457.2,465.0,0.43,8201.0,519.1,354.1
UAIL,4/10/2026,465.0,467.0,455.7,466.0,0.22,12115.0,519.1,354.1
UAIL,4/13/2026,457.0,469.2,456.0,467.9,2.39,10140.0,519.1,354.1
UAIL,4/15/2026,474.0,474.0,465.0,467.0,-1.48,10882.0,519.1,354.1
UAIL,4/16/2026,467.0,467.0,459.0,462.8,-0.9,17272.0,519.1,354.1
UAIL,4/17/2026,462.0,468.9,455.1,465.0,0.65,13699.0,519.1,354.1
UAIL,4/20/2026,455.0,470.0,451.5,458.9,0.86,7272.0,519.1,354.1
UAIL,4/21/2026,452.0,459.9,452.0,452.0,0.0,5669.0,519.1,354.1
UAIL,4/22/2026,450.0,452.0,440.0,450.0,0.0,16970.0,519.1,354.1
UAIL,4/23/2026,450.0,455.0,445.0,449.9,-0.02,2973.0,519.1,354.1
UAIL,4/24/2026,449.9,449.8,440.5,445.1,-1.07,4553.0,519.1,354.1
UAIL,4/27/2026,445.1,453.0,442.7,445.0,-0.02,5838.0,519.1,354.1
UAIL,4/28/2026,445.0,450.5,442.0,446.0,0.22,3487.0,519.1,354.1
UAIL,4/29/2026,446.0,444.9,438.0,438.0,-1.79,9360.0,519.1,354.1
UAIL,4/30/2026,436.3,439.8,431.0,439.7,0.78,3998.0,519.1,354.1
UAIL,5/4/2026,430.0,440.0,430.0,435.0,1.16,2139.0,519.1,354.1
UAIL,5/5/2026,430.0,438.0,428.0,436.0,1.4,2539.0,519.1,354.1
UAIL,5/6/2026,436.1,443.0,432.1,438.0,0.44,3040.0,519.1,354.1
UAIL,5/7/2026,438.0,439.0,433.5,437.0,-0.23,2538.0,519.1,354.1
UAIL,5/8/2026,437.1,453.0,433.0,453.0,3.64,8609.0,519.1,354.1
UAIL,5/11/2026,453.0,461.0,450.0,457.0,0.88,1926.0,519.1,354.1
UAIL,5/12/2026,448.0,451.0,440.0,440.0,-1.79,4133.0,519.1,354.1
UAIL,5/13/2026,440.0,445.0,436.0,441.0,0.23,8488.0,519.1,354.1
UAIL,5/14/2026,441.0,447.9,437.0,440.9,-0.02,2701.0,519.1,354.1
UAIL,5/15/2026,435.0,443.0,435.0,441.9,1.59,3784.0,519.1,354.1
UAIL,5/18/2026,436.5,455.0,436.5,455.0,4.24,8586.0,519.1,354.1
UAIL,5/19/2026,443.0,449.0,443.0,446.5,0.79,2819.0,519.1,354.1
UAIL,5/20/2026,440.2,445.9,440.2,445.8,1.27,5994.0,519.1,354.1
UAIL,5/21/2026,425.3,444.0,425.3,443.9,4.37,15240.0,519.1,354.1
UAIL,5/22/2026,443.8,446.0,438.3,445.0,0.27,12323.0,519.1,354.1
UAIL,5/25/2026,437.0,453.0,437.0,446.0,2.06,9889.0,519.1,354.1
UAIL,5/26/2026,450.0,450.0,439.0,446.9,-0.69,10757.0,519.1,354.1
UAIL,5/27/2026,440.0,449.0,439.0,445.0,1.14,7626.0,519.1,354.1
UAIL,6/1/2026,447.0,469.9,442.0,464.0,3.8,58509.0,519.1,354.1
UAIL,6/2/2026,463.0,468.6,453.0,468.5,1.19,27933.0,519.1,354.1
UAIL,6/3/2026,471.0,496.0,467.1,483.5,2.65,104278.0,519.1,354.1
UAIL,6/4/2026,485.0,492.0,473.2,482.0,-0.62,35504.0,519.1,354.1
UAIL,6/5/2026,482.0,490.0,475.3,478.0,-0.83,35445.0,519.1,354.1
UAIL,6/8/2026,478.9,484.9,471.2,479.9,0.21,33169.0,519.1,354.1
UAIL,6/9/2026,470.0,482.0,464.3,480.0,2.13,33403.0,519.1,354.1
UAIL,6/10/2026,475.2,490.0,475.2,487.5,2.59,24033.0,519.1,354.1
UAIL,6/11/2026,485.0,494.0,476.0,480.9,-0.85,28710.0,519.1,354.1
UAIL,6/12/2026,456.9,499.0,456.9,490.9,7.44,54513.0,519.1,354.1
UAIL,6/15/2026,489.0,497.0,475.1,480.0,-1.84,14456.0,519.1,354.1
UAIL,6/16/2026,480.0,482.0,470.0,471.0,-1.88,8925.0,519.1,354.1
UAIL,6/17/2026,467.1,479.0,466.3,469.0,0.41,5143.0,519.1,354.1
UAIL,6/18/2026,470.0,471.9,464.0,470.4,0.09,10019.0,519.1,354.1
UAIL,6/19/2026,475.0,480.0,465.7,473.0,-0.42,10562.0,519.1,354.1
UAIL,6/22/2026,468.0,477.9,462.1,472.0,0.85,2787.0,519.1,354.1
UAIL,6/23/2026,472.0,472.0,462.0,462.0,-2.12,11767.0,519.1,354.1
UAIL,6/24/2026,456.0,466.0,456.0,462.0,1.32,9730.0,519.1,354.1
UAIL,6/26/2026,470.0,470.0,456.0,456.0,-2.98,6678.0,519.1,354.1
UAIL,6/29/2026,456.0,465.0,440.0,450.0,-1.32,14243.0,519.1,354.1
UAIL,6/30/2026,450.0,459.0,446.0,448.1,-0.42,5778.0,519.1,354.1
UAIL,7/1/2026,451.0,465.0,451.0,465.0,3.1,12842.0,519.1,354.1
UAIL,7/2/2026,452.5,466.0,452.1,463.9,2.52,19610.0,519.1,354.1
UAIL,7/3/2026,457.4,457.4,440.5,441.0,-3.59,26768.0,519.1,354.1
UAIL,7/6/2026,435.0,444.5,435.0,438.0,0.69,9696.0,519.1,354.1
UAIL,7/7/2026,440.0,445.0,437.1,442.7,0.61,10953.0,519.1,354.1
UAIL,7/8/2026,436.5,443.5,436.0,436.0,-0.11,11592.0,519.1,354.1
UAIL,7/9/2026,433.1,437.0,433.0,433.0,-0.02,5873.0,519.1,354.1
UAIL,7/10/2026,434.0,438.0,421.0,433.0,-0.23,11356.0,519.1,354.1
UAIL,7/13/2026,429.2,431.0,424.4,427.0,-0.51,5172.0,519.1,354.1
UAIL,7/14/2026,427.0,435.0,422.3,433.0,1.41,9723.0,519.1,354.1
UAIL,7/15/2026,422.0,434.0,422.0,434.0,2.84,6438.0,519.1,354.1
UAIL,7/16/2026,431.1,441.6,431.0,433.0,0.44,3229.0,519.1,354.1
UAIL,7/17/2026,445.5,475.9,434.0,475.9,6.82,52661.0,519.1,354.1
UAIL,7/20/2026,469.9,485.0,461.2,474.0,0.87,20357.0,519.1,354.1
UAIL,7/21/2026,470.2,471.0,461.3,468.7,-0.32,12044.0,519.1,354.1
UAIL,7/22/2026,460.0,465.0,455.0,456.0,-0.87,9253.0,519.1,354.1
UAIL,7/23/2026,448.1,462.0,448.1,456.1,1.79,16603.0,519.1,354.1
UAIL,7/24/2026,460.0,467.9,453.4,458.0,-0.43,14460.0,519.1,354.1
UAIL,7/27/2026,460.0,464.8,446.1,448.5,-2.5,8247.0,519.1,354.1
UAIL,7/28/2026,445.1,450.0,445.0,446.0,0.2,9356.0,519.1,354.1
UAIL,7/29/2026,450.0,453.0,446.4,447.2,-0.62,4643.0,519.1,354.1
UAIL,7/30/2026,455.0,455.0,440.0,448.0,-1.54,12447.0,519.1,354.1
UAIL,7/31/2026,440.1,451.0,440.1,445.3,1.18,8209.0,519.1,354.1
UAIL,8/3/2026,447.0,453.0,442.2,445.0,-0.45,8733.0,519.1,354.1
UAIL,8/4/2026,441.0,448.0,441.0,442.5,0.34,6283.0,519.1,354.1
UAIL,8/5/2026,442.0,445.0,441.0,444.9,0.66,6166.0,519.1,354.1
UAIL,8/6/2026,441.0,445.0,441.0,441.4,0.09,6261.0,519.1,354.1
UAIL,8/7/2026,433.1,442.0,433.1,440.7,1.75,14840.0,519.1,354.1
UAIL,8/10/2026,436.0,441.0,430.0,432.0,-0.92,18300.0,519.1,354.1
UAIL,8/11/2026,432.0,438.0,431.2,434.0,0.46,7575.0,519.1,354.1
UAIL,8/12/2026,430.3,436.0,430.3,435.0,1.09,4591.0,519.1,354.1
UAIL,8/13/2026,432.2,438.0,432.2,436.1,0.9,2909.0,519.1,354.1
UAIL,8/14/2026,435.1,439.0,431.0,435.6,0.11,10650.0,519.1,354.1
UAIL,8/17/2026,433.0,436.0,428.0,428.0,-1.15,15116.0,519.1,354.1
UAIL,8/18/2026,427.0,432.0,423.1,426.9,-0.02,28908.0,519.1,354.1
UAIL,8/19/2026,421.2,429.6,421.2,425.5,1.02,8610.0,519.1,354.1
UAIL,8/20/2026,421.2,431.4,421.2,429.0,1.85,8731.0,519.1,354.1
UAIL,8/21/2026,429.0,433.0,422.1,425.0,-0.93,11986.0,519.1,354.1
UAIL,8/24/2026,420.0,424.9,417.1,418.0,-0.48,9300.0,519.1,354.1
UAIL,8/25/2026,418.0,428.0,416.0,416.0,-0.48,13029.0,519.1,354.1
UAIL,8/26/2026,417.9,417.9,395.1,397.2,-4.95,23931.0,519.1,354.1
UAIL,8/27/2026,395.0,401.0,382.0,388.8,-1.57,14724.0,519.1,354.1
UAIL,8/31/2026,380.0,382.0,371.1,371.3,-2.29,19219.0,519.1,354.1
UAIL,9/1/2026,371.0,381.0,360.3,375.0,1.08,28172.0,519.1,354.1
UAIL,9/2/2026,365.0,373.9,354.1,366.5,0.41,29708.0,519.1,354.1
UAIL,9/3/2026,366.5,371.9,363.1,363.3,-0.87,13863.0,519.1,354.1
UAIL,9/7/2026,363.0,368.5,360.3,368.5,1.52,7838.0,519.1,354.1
UAIL,9/9/2026,368.0,370.7,361.0,362.7,-1.44,16870.0,519.1,354.1
UAIL,9/10/2026,360.0,362.0,355.7,360.0,0.0,11076.0,519.1,354.1
UAIL,9/11/2026,358.0,373.8,354.2,373.8,4.41,16917.0,519.1,354.1
UAIL,9/14/2026,370.0,380.0,369.2,377.5,2.03,6581.0,519.1,354.1
UAIL,9/15/2026,396.0,396.0,377.0,387.0,-2.27,39426.0,519.1,354.1
UAIL,9/16/2026,387.1,387.1,375.5,378.0,-2.35,13385.0,519.1,354.1
UAIL,9/17/2026,388.0,389.0,376.2,378.0,-2.58,4950.0,519.1,354.1
UAIL,9/18/2026,376.0,388.8,376.0,382.0,1.6,15329.0,519.1,354.1
UAIL,9/22/2026,379.0,385.0,375.1,379.0,0.0,6896.0,519.1,354.1
UAIL,9/23/2026,378.0,379.0,365.1,370.0,-2.12,15541.0,519.1,354.1
UAIL,9/24/2026,370.0,371.9,364.0,371.9,0.51,6904.0,519.1,354.1
UAIL,9/28/2026,374.0,374.0,363.0,368.0,-1.6,4838.0,519.1,354.1
UAIL,9/29/2026,363.1,365.0,360.1,0.0,-100.0,8713.0,519.1,354.1
UAIL,9/30/2026,361.1,367.0,361.1,366.3,1.44,20896.0,519.1,354.1
UAIL,10/1/2026,367.0,372.0,365.0,365.2,-0.49,13280.0,519.1,354.1
UAIL,10/2/2026,364.0,367.0,362.0,362.0,-0.55,9795.0,519.1,354.1
UAILPO,8/6/2026,251.0,251.0,251.0,251.0,0.0,38272.0,382.0,251.0
UHEWA,12/21/2025,591.0,597.0,583.1,588.9,,11069.0,692.6,521.0
UHEWA,12/22/2025,589.0,595.0,586.1,590.1,0.2,7715.0,692.6,521.0
UHEWA,12/23/2025,600.0,618.0,591.0,618.0,4.73,71879.0,692.6,521.0
UHEWA,12/24/2025,629.0,629.0,607.0,608.5,-1.54,28448.0,692.6,521.0
UHEWA,12/28/2025,596.4,625.0,596.4,611.0,0.41,33054.0,692.6,521.0
UHEWA,12/29/2025,623.2,623.2,611.1,615.0,0.65,37059.0,692.6,521.0
UHEWA,12/31/2025,625.0,627.0,616.0,624.0,1.46,79237.0,692.6,521.0
UHEWA,1/1/2026,553.4,555.1,544.0,548.9,-12.04,18940.0,692.6,521.0
UHEWA,1/4/2026,548.0,548.0,538.1,542.0,-1.26,17508.0,692.6,521.0
UHEWA,1/5/2026,548.0,548.0,532.1,539.8,-0.41,29017.0,692.6,521.0
UHEWA,1/6/2026,541.0,555.0,541.0,549.9,1.87,29300.0,692.6,521.0
UHEWA,1/7/2026,550.0,556.9,537.3,538.3,-2.11,23207.0,692.6,521.0
UHEWA,1/8/2026,547.0,547.0,537.0,539.0,0.13,20671.0,692.6,521.0
UHEWA,1/12/2026,536.1,554.5,536.1,553.0,2.6,30974.0,692.6,521.0
UHEWA,1/13/2026,550.0,575.0,550.0,572.9,3.6,34844.0,692.6,521.0
UHEWA,1/14/2026,576.9,576.9,561.4,566.9,-1.05,18579.0,692.6,521.0
UHEWA,1/18/2026,569.0,571.0,560.0,564.0,-0.51,22546.0,692.6,521.0
UHEWA,1/20/2026,573.0,574.0,563.0,569.9,1.05,27642.0,692.6,521.0
UHEWA,1/21/2026,562.1,579.9,562.1,570.6,0.12,25390.0,692.6,521.0
UHEWA,1/22/2026,572.0,579.0,572.0,572.5,0.33,21120.0,692.6,521.0
UHEWA,1/25/2026,583.8,594.0,575.1,583.1,1.85,32652.0,692.6,521.0
UHEWA,1/26/2026,594.0,594.0,577.2,580.0,-0.53,22877.0,692.6,521.0
UHEWA,1/27/2026,580.0,580.0,560.0,564.0,-2.76,41382.0,692.6,521.0
UHEWA,1/28/2026,560.3,572.0,555.7,562.0,-0.35,24789.0,692.6,521.0
UHEWA,1/29/2026,565.0,577.3,563.0,563.1,0.2,51481.0,692.6,521.0
UHEWA,2/1/2026,556.1,566.0,556.0,566.0,0.52,14078.0,692.6,521.0
UHEWA,2/2/2026,566.0,569.8,561.1,563.0,-0.53,12984.0,692.6,521.0
UHEWA,2/3/2026,574.2,574.2,556.0,557.1,-1.05,21280.0,692.6,521.0
UHEWA,2/4/2026,568.0,568.0,551.0,556.8,-0.05,13873.0,692.6,521.0
UHEWA,2/5/2026,557.0,564.8,554.0,564.6,1.4,9874.0,692.6,521.0
UHEWA,2/8/2026,569.8,574.0,555.0,558.7,-1.04,29765.0,692.6,521.0
UHEWA,2/9/2026,553.1,560.7,550.5,551.1,-1.36,12910.0,692.6,521.0
UHEWA,2/10/2026,550.0,565.9,548.0,551.2,0.02,21315.0,692.6,521.0
UHEWA,2/11/2026,551.0,573.0,551.0,555.0,0.69,13397.0,692.6,521.0
UHEWA,2/12/2026,558.0,570.0,557.3,560.0,0.9,33525.0,692.6,521.0
UHEWA,2/16/2026,561.0,569.8,561.0,561.0,0.18,10249.0,692.6,521.0
UHEWA,2/17/2026,568.0,568.0,555.0,555.2,-1.03,21112.0,692.6,521.0
UHEWA,2/22/2026,557.0,557.0,547.0,550.0,-0.94,11506.0,692.6,521.0
UHEWA,2/23/2026,545.0,557.0,545.0,551.0,0.18,4558.0,692.6,521.0
UHEWA,2/24/2026,551.0,554.8,548.0,553.0,0.36,2889.0,692.6,521.0
UHEWA,2/25/2026,553.3,561.0,553.3,560.0,1.27,8896.0,692.6,521.0
UHEWA,2/26/2026,565.0,565.0,556.2,562.0,0.36,8087.0,692.6,521.0
UHEWA,2/27/2026,565.0,565.0,556.2,562.0,0.0,8087.0,692.6,521.0
UHEWA,2/28/2026,565.0,565.0,556.2,562.0,0.0,8087.0,692.6,521.0
UHEWA,3/2/2026,562.0,562.0,553.0,561.5,-0.09,16504.0,692.6,521.0
UHEWA,3/3/2026,560.1,570.0,559.0,570.0,1.51,22645.0,692.6,521.0
UHEWA,3/4/2026,560.1,570.0,559.0,570.0,0.0,22645.0,692.6,521.0
UHEWA,3/5/2026,560.1,570.0,559.0,570.0,0.0,22645.0,692.6,521.0
UHEWA,3/6/2026,560.1,570.0,559.0,570.0,0.0,22645.0,692.6,521.0
UHEWA,3/7/2026,560.1,570.0,559.0,570.0,0.0,22645.0,692.6,521.0
UHEWA,3/8/2026,560.1,570.0,559.0,570.0,0.0,22645.0,692.6,521.0
UHEWA,3/9/2026,581.4,604.8,581.4,604.8,6.11,130.0,692.6,521.0
UHEWA,3/10/2026,616.8,641.0,585.5,596.9,-1.31,43176.0,692.6,521.0
UHEWA,3/11/2026,607.0,607.0,579.4,581.6,-2.56,42605.0,692.6,521.0
UHEWA,3/12/2026,585.0,596.0,582.3,582.3,0.12,24180.0,692.6,521.0
UHEWA,3/13/2026,585.0,596.0,582.3,582.3,0.0,24180.0,692.6,521.0
UHEWA,3/14/2026,585.0,596.0,582.3,582.3,0.0,24180.0,692.6,521.0
UHEWA,3/15/2026,584.0,599.0,584.0,587.1,0.82,25345.0,692.6,521.0
UHEWA,3/16/2026,590.0,645.8,590.0,645.8,10.0,682935.0,692.6,521.0
UHEWA,3/17/2026,658.0,658.0,627.0,631.2,-2.26,42375.0,692.6,521.0
UHEWA,3/18/2026,658.0,658.0,627.0,631.2,0.0,42375.0,692.6,521.0
UHEWA,3/19/2026,638.9,649.6,623.3,627.0,-0.67,51580.0,692.6,521.0
UHEWA,3/20/2026,638.9,649.6,623.3,627.0,0.0,51580.0,692.6,521.0
UHEWA,3/21/2026,638.9,649.6,623.3,627.0,0.0,51580.0,692.6,521.0
UHEWA,3/22/2026,639.5,639.5,612.5,619.2,-1.24,110867.0,692.6,521.0
UHEWA,3/23/2026,620.0,627.5,616.1,622.9,0.6,44577.0,692.6,521.0
UHEWA,3/24/2026,634.0,640.0,617.0,625.0,0.34,17986.0,692.6,521.0
UHEWA,3/25/2026,637.0,637.0,620.1,621.0,-0.64,16123.0,692.6,521.0
UHEWA,3/26/2026,625.0,625.0,615.0,623.6,-0.22,14533.0,692.6,521.0
UHEWA,3/29/2026,619.0,625.0,605.0,605.0,-2.26,37501.0,692.6,521.0
UHEWA,3/30/2026,604.0,605.0,591.1,591.1,-2.14,32326.0,692.6,521.0
UHEWA,3/31/2026,581.1,605.0,581.1,601.9,3.58,38321.0,692.6,521.0
UHEWA,4/1/2026,601.9,601.9,575.0,577.2,-4.1,41139.0,692.6,521.0
UHEWA,4/2/2026,570.0,590.5,568.0,575.0,0.88,19061.0,692.6,521.0
UHEWA,4/5/2026,583.0,583.0,553.0,556.7,-4.51,28708.0,692.6,521.0
UHEWA,4/6/2026,564.0,588.5,553.0,575.0,1.95,26515.0,692.6,521.0
UHEWA,4/7/2026,585.0,585.0,575.0,579.0,-1.03,16971.0,692.6,521.0
UHEWA,4/8/2026,580.2,596.8,576.6,596.8,2.86,22061.0,692.6,521.0
UHEWA,4/9/2026,597.5,606.8,591.2,602.4,0.82,19072.0,692.6,521.0
UHEWA,4/10/2026,596.0,602.8,588.0,599.0,0.5,25016.0,692.6,521.0
UHEWA,4/13/2026,595.0,599.0,592.8,599.0,0.67,11120.0,692.6,521.0
UHEWA,4/15/2026,600.0,605.0,595.0,602.0,0.33,22977.0,692.6,521.0
UHEWA,4/16/2026,597.5,600.0,583.1,585.0,-2.09,23016.0,692.6,521.0
UHEWA,4/17/2026,595.0,595.0,581.0,586.0,-1.51,6383.0,692.6,521.0
UHEWA,4/20/2026,588.1,595.0,576.3,584.0,-0.7,4471.0,692.6,521.0
UHEWA,4/21/2026,580.0,585.0,580.0,584.8,0.83,9698.0,692.6,521.0
UHEWA,4/22/2026,572.3,588.0,572.3,578.0,1.0,12865.0,692.6,521.0
UHEWA,4/23/2026,595.0,595.0,571.0,571.0,-4.03,16149.0,692.6,521.0
UHEWA,4/24/2026,555.0,575.0,555.0,573.0,3.24,2245.0,692.6,521.0
UHEWA,4/27/2026,573.0,580.0,560.1,574.0,0.17,3710.0,692.6,521.0
UHEWA,4/28/2026,574.0,580.0,568.0,568.1,-1.03,7391.0,692.6,521.0
UHEWA,4/29/2026,568.1,578.8,566.0,566.0,-0.37,6975.0,692.6,521.0
UHEWA,4/30/2026,565.0,569.5,555.5,569.0,0.71,4561.0,692.6,521.0
UHEWA,5/4/2026,560.0,567.0,558.0,567.0,1.25,8801.0,692.6,521.0
UHEWA,5/5/2026,556.0,570.0,556.0,560.1,0.74,22651.0,692.6,521.0
UHEWA,5/6/2026,561.5,568.0,560.1,567.0,0.98,6178.0,692.6,521.0
UHEWA,5/7/2026,570.0,570.0,560.0,565.0,-0.88,1054.0,692.6,521.0
UHEWA,5/8/2026,574.9,574.9,562.0,564.1,-1.88,7248.0,692.6,521.0
UHEWA,5/11/2026,581.0,581.0,565.0,578.0,-0.52,6180.0,692.6,521.0
UHEWA,5/12/2026,584.9,584.9,568.0,574.0,-1.86,9854.0,692.6,521.0
UHEWA,5/13/2026,565.0,572.0,565.0,566.1,0.19,3088.0,692.6,521.0
UHEWA,5/14/2026,594.4,594.4,562.0,572.5,-3.68,2881.0,692.6,521.0
UHEWA,5/15/2026,601.1,601.1,566.4,570.0,-5.17,3102.0,692.6,521.0
UHEWA,5/18/2026,557.0,575.0,555.3,566.1,1.63,5286.0,692.6,521.0
UHEWA,5/19/2026,550.0,575.0,550.0,574.0,4.36,4618.0,692.6,521.0
UHEWA,5/20/2026,570.0,585.0,568.0,585.0,2.63,6053.0,692.6,521.0
UHEWA,5/21/2026,570.0,584.0,570.0,576.2,1.09,3573.0,692.6,521.0
UHEWA,5/22/2026,570.0,585.0,570.0,583.6,2.39,5460.0,692.6,521.0
UHEWA,5/25/2026,583.5,615.1,580.0,615.0,5.4,64537.0,692.6,521.0
UHEWA,5/26/2026,599.8,615.0,599.8,606.0,1.03,25026.0,692.6,521.0
UHEWA,5/27/2026,607.0,614.0,600.0,602.1,-0.81,17143.0,692.6,521.0
UHEWA,6/1/2026,597.0,598.0,586.0,589.5,-1.26,8739.0,692.6,521.0
UHEWA,6/2/2026,584.1,595.0,581.0,587.1,0.51,10712.0,692.6,521.0
UHEWA,6/3/2026,582.0,599.0,582.0,594.0,2.06,4389.0,692.6,521.0
UHEWA,6/4/2026,585.0,595.0,585.0,586.2,0.21,5888.0,692.6,521.0
UHEWA,6/5/2026,586.3,591.0,583.1,590.1,0.65,16361.0,692.6,521.0
UHEWA,6/8/2026,594.0,600.0,588.5,598.1,0.69,28632.0,692.6,521.0
UHEWA,6/9/2026,593.0,642.9,592.3,635.0,7.08,271099.0,692.6,521.0
UHEWA,6/10/2026,605.0,660.3,605.0,644.0,6.45,222441.0,692.6,521.0
UHEWA,6/11/2026,615.0,665.0,615.0,655.0,6.5,145208.0,692.6,521.0
UHEWA,6/12/2026,625.0,692.0,625.0,656.0,4.96,126474.0,692.6,521.0
UHEWA,6/15/2026,630.0,670.0,630.0,657.0,4.29,119349.0,692.6,521.0
UHEWA,6/16/2026,631.0,692.6,631.0,642.0,1.74,78639.0,692.6,521.0
UHEWA,6/17/2026,615.0,650.9,615.0,642.5,4.47,94836.0,692.6,521.0
UHEWA,6/18/2026,630.0,660.0,617.3,635.0,0.79,74648.0,692.6,521.0
UHEWA,6/19/2026,625.0,647.9,625.0,645.0,3.2,99560.0,692.6,521.0
UHEWA,6/22/2026,630.0,682.0,630.0,643.0,2.06,79696.0,692.6,521.0
UHEWA,6/23/2026,642.0,645.0,614.0,631.0,-1.71,27695.0,692.6,521.0
UHEWA,6/24/2026,630.0,630.0,600.0,620.0,-1.59,40623.0,692.6,521.0
UHEWA,6/26/2026,615.0,615.0,590.0,590.0,-4.07,23880.0,692.6,521.0
UHEWA,6/29/2026,580.0,612.0,577.0,590.0,1.72,26243.0,692.6,521.0
UHEWA,6/30/2026,582.0,605.0,576.1,581.9,-0.02,31231.0,692.6,521.0
UHEWA,7/1/2026,610.0,610.0,573.0,590.0,-3.28,19750.0,692.6,521.0
UHEWA,7/2/2026,619.0,619.0,573.0,587.0,-5.17,26170.0,692.6,521.0
UHEWA,7/3/2026,580.0,591.9,575.0,580.0,0.0,33789.0,692.6,521.0
UHEWA,7/6/2026,570.0,622.1,570.0,573.0,0.53,43284.0,692.6,521.0
UHEWA,7/7/2026,570.0,587.0,570.0,580.0,1.75,33996.0,692.6,521.0
UHEWA,7/8/2026,551.0,600.0,551.0,563.0,2.18,41611.0,692.6,521.0
UHEWA,7/9/2026,577.0,577.0,555.0,563.7,-2.31,16623.0,692.6,521.0
UHEWA,7/10/2026,535.6,580.6,535.6,565.0,5.49,23678.0,692.6,521.0
UHEWA,7/13/2026,536.8,581.9,536.8,555.0,3.39,8159.0,692.6,521.0
UHEWA,7/14/2026,565.9,565.9,543.0,557.0,-1.57,24127.0,692.6,521.0
UHEWA,7/15/2026,560.0,580.0,556.0,573.0,2.32,91472.0,692.6,521.0
UHEWA,7/16/2026,578.0,578.0,546.0,553.0,-4.33,28801.0,692.6,521.0
UHEWA,7/17/2026,550.0,583.0,550.0,572.0,4.0,37884.0,692.6,521.0
UHEWA,7/20/2026,560.0,603.5,560.0,597.5,6.7,82480.0,692.6,521.0
UHEWA,7/21/2026,593.0,607.6,588.0,600.0,1.18,58298.0,692.6,521.0
UHEWA,7/22/2026,582.0,604.0,582.0,598.8,2.89,13045.0,692.6,521.0
UHEWA,7/23/2026,600.0,603.0,583.5,598.0,-0.33,23374.0,692.6,521.0
UHEWA,7/24/2026,598.0,605.0,584.0,592.0,-1.0,48519.0,692.6,521.0
UHEWA,7/27/2026,580.0,601.0,580.0,582.1,0.36,18659.0,692.6,521.0
UHEWA,7/28/2026,575.0,583.0,570.0,578.0,0.52,16358.0,692.6,521.0
UHEWA,7/29/2026,606.9,606.9,560.7,579.6,-4.5,8566.0,692.6,521.0
UHEWA,7/30/2026,560.0,584.0,560.0,571.0,1.96,10430.0,692.6,521.0
UHEWA,7/31/2026,564.0,579.8,564.0,572.1,1.44,13705.0,692.6,521.0
UHEWA,8/3/2026,600.0,600.0,569.0,570.1,-4.98,7581.0,692.6,521.0
UHEWA,8/4/2026,576.0,576.0,568.0,572.0,-0.69,6806.0,692.6,521.0
UHEWA,8/5/2026,546.4,578.0,546.4,574.8,5.2,1781.0,692.6,521.0
UHEWA,8/6/2026,600.0,600.0,567.0,571.8,-4.7,14399.0,692.6,521.0
UHEWA,8/7/2026,565.1,588.9,565.1,582.0,2.99,27628.0,692.6,521.0
UHEWA,8/10/2026,570.0,608.0,570.0,608.0,6.67,43239.0,692.6,521.0
UHEWA,8/11/2026,598.0,638.0,598.0,629.9,5.33,168927.0,692.6,521.0
UHEWA,8/12/2026,661.0,661.0,610.0,610.0,-7.72,34069.0,692.6,521.0
UHEWA,8/13/2026,600.0,670.0,600.0,633.0,5.5,87365.0,692.6,521.0
UHEWA,8/14/2026,620.0,635.0,602.0,628.9,1.44,31432.0,692.6,521.0
UHEWA,8/17/2026,647.0,647.0,600.0,620.0,-4.17,39724.0,692.6,521.0
UHEWA,8/18/2026,649.0,649.0,600.0,607.9,-6.33,31320.0,692.6,521.0
UHEWA,8/19/2026,577.6,667.0,577.6,610.0,5.61,34954.0,692.6,521.0
UHEWA,8/20/2026,601.0,629.1,601.0,620.0,3.16,143161.0,692.6,521.0
UHEWA,8/21/2026,601.0,650.0,601.0,607.3,1.05,85655.0,692.6,521.0
UHEWA,8/24/2026,580.0,625.4,580.0,600.0,3.45,65777.0,692.6,521.0
UHEWA,8/25/2026,600.0,620.0,596.0,604.0,0.67,50458.0,692.6,521.0
UHEWA,8/26/2026,580.1,667.0,580.0,667.0,14.98,95365.0,692.6,521.0
UHEWA,8/27/2026,633.7,633.7,570.0,604.0,-4.69,35926.0,692.6,521.0
UHEWA,8/31/2026,600.0,618.0,585.0,590.0,-1.67,23268.0,692.6,521.0
UHEWA,9/1/2026,586.0,606.9,582.1,594.0,1.37,49534.0,692.6,521.0
UHEWA,9/2/2026,590.0,604.0,585.2,595.0,0.85,49163.0,692.6,521.0
UHEWA,9/3/2026,590.0,602.0,583.6,583.6,-1.08,15127.0,692.6,521.0
UHEWA,9/7/2026,583.0,617.0,583.0,586.2,0.55,49711.0,692.6,521.0
UHEWA,9/9/2026,580.0,615.0,580.0,587.9,1.36,20927.0,692.6,521.0
UHEWA,9/10/2026,580.0,597.0,580.0,585.0,0.86,22788.0,692.6,521.0
UHEWA,9/11/2026,580.0,615.0,580.0,591.8,2.03,43149.0,692.6,521.0
UHEWA,9/14/2026,580.0,609.0,580.0,593.0,2.24,39831.0,692.6,521.0
UHEWA,9/15/2026,622.0,622.0,580.0,600.0,-3.54,38892.0,692.6,521.0
UHEWA,9/16/2026,600.0,609.0,590.0,597.0,-0.5,27430.0,692.6,521.0
UHEWA,9/17/2026,626.8,626.8,589.0,607.9,-3.02,27728.0,692.6,521.0
UHEWA,9/18/2026,600.0,616.0,588.3,600.0,0.0,52883.0,692.6,521.0
UHEWA,9/22/2026,600.0,609.0,591.3,597.0,-0.5,24858.0,692.6,521.0
UHEWA,9/23/2026,597.0,597.0,589.3,592.0,-0.84,14185.0,692.6,521.0
UHEWA,9/24/2026,595.0,595.0,585.0,587.0,-1.34,19680.0,692.6,521.0
UHEWA,9/28/2026,595.0,595.0,585.5,590.0,-0.84,16961.0,692.6,521.0
UHEWA,9/29/2026,565.0,591.0,565.0,0.0,-100.0,2553.0,692.6,521.0
UHEWA,9/30/2026,555.0,588.7,555.0,584.0,5.23,7272.0,692.6,521.0
UHEWA,10/1/2026,584.0,589.9,584.0,586.0,0.34,7682.0,692.6,521.0
UHEWA,10/2/2026,580.4,585.0,580.4,582.0,0.28,8270.0,692.6,521.0
ULBSL,12/21/2025,3450.0,3450.0,3387.1,3450.0,,1401.0,4325.0,2310.0
ULBSL,12/22/2025,3390.1,3449.0,3390.0,3440.0,-0.29,70.0,4325.0,2310.0
ULBSL,12/23/2025,3400.0,3475.0,3376.0,3450.0,0.29,198.0,4325.0,2310.0
ULBSL,12/24/2025,3490.0,3490.0,3386.0,3439.0,-0.32,68.0,4325.0,2310.0
ULBSL,12/28/2025,3372.0,3480.0,3372.0,3460.0,0.61,765.0,4325.0,2310.0
ULBSL,12/29/2025,3500.0,3500.0,3435.0,3450.0,-0.29,111.0,4325.0,2310.0
ULBSL,12/31/2025,3390.0,3500.0,3390.0,3475.9,0.75,254.0,4325.0,2310.0
ULBSL,1/1/2026,3406.4,3575.0,3370.0,3480.0,0.12,916.0,4325.0,2310.0
ULBSL,1/4/2026,3410.4,3672.0,3372.0,3480.0,0.0,1206.0,4325.0,2310.0
ULBSL,1/5/2026,3440.0,3498.9,3420.0,3490.0,0.29,645.0,4325.0,2310.0
ULBSL,1/6/2026,3420.2,3499.0,3420.2,3472.8,-0.49,757.0,4325.0,2310.0
ULBSL,1/7/2026,3472.8,3493.5,3361.0,3493.5,0.6,4076.0,4325.0,2310.0
ULBSL,1/8/2026,3424.5,3467.1,3368.1,3450.0,-1.25,1009.0,4325.0,2310.0
ULBSL,1/12/2026,3382.1,3450.0,3322.0,3450.0,0.0,2582.0,4325.0,2310.0
ULBSL,1/13/2026,3450.0,3450.0,3325.0,3419.8,-0.88,1583.0,4325.0,2310.0
ULBSL,1/14/2026,3352.0,3415.0,3331.1,3400.0,-0.58,712.0,4325.0,2310.0
ULBSL,1/18/2026,3435.0,3439.9,3265.4,3400.0,0.0,622.0,4325.0,2310.0
ULBSL,1/20/2026,3400.0,3414.9,3350.0,3362.0,-1.12,651.0,4325.0,2310.0
ULBSL,1/21/2026,3362.0,3382.9,3350.5,3350.5,-0.34,310.0,4325.0,2310.0
ULBSL,1/22/2026,3350.0,3397.9,3335.0,3373.0,0.67,1313.0,4325.0,2310.0
ULBSL,1/25/2026,3351.0,3400.0,3351.0,3360.0,-0.39,673.0,4325.0,2310.0
ULBSL,1/26/2026,3350.0,3399.9,3322.3,3336.1,-0.71,1050.0,4325.0,2310.0
ULBSL,1/27/2026,3336.1,3355.0,3225.0,3225.0,-3.33,1700.0,4325.0,2310.0
ULBSL,1/28/2026,3289.5,3400.0,3255.0,3290.0,2.02,825.0,4325.0,2310.0
ULBSL,1/29/2026,3290.0,3349.0,3252.0,3300.0,0.3,817.0,4325.0,2310.0
ULBSL,2/1/2026,3260.0,3300.0,3251.0,3299.0,-0.03,747.0,4325.0,2310.0
ULBSL,2/2/2026,3299.0,3300.0,3202.4,3221.0,-2.36,1351.0,4325.0,2310.0
ULBSL,2/3/2026,3280.0,3285.4,3221.0,3272.0,1.58,559.0,4325.0,2310.0
ULBSL,2/4/2026,3260.0,3292.0,3218.0,3288.0,0.49,633.0,4325.0,2310.0
ULBSL,2/5/2026,3225.1,3289.0,3225.1,3259.0,-0.88,396.0,4325.0,2310.0
ULBSL,2/8/2026,3290.0,3299.0,3235.0,3278.9,0.61,310.0,4325.0,2310.0
ULBSL,2/9/2026,3278.9,3278.9,3200.1,3225.0,-1.64,636.0,4325.0,2310.0
ULBSL,2/10/2026,3160.5,3353.0,3160.5,3290.0,2.02,362.0,4325.0,2310.0
ULBSL,2/11/2026,3224.2,3420.0,3200.0,3275.0,-0.46,624.0,4325.0,2310.0
ULBSL,2/12/2026,3236.0,3270.0,3173.1,3253.8,-0.65,1193.0,4325.0,2310.0
ULBSL,2/16/2026,3200.0,3260.0,3153.0,3228.0,-0.79,673.0,4325.0,2310.0
ULBSL,2/17/2026,3165.0,3209.0,3103.0,3189.0,-1.21,1068.0,4325.0,2310.0
ULBSL,2/22/2026,3140.1,3187.0,3127.0,3187.0,-0.06,744.0,4325.0,2310.0
ULBSL,2/23/2026,3150.0,3185.0,3108.9,3165.0,-0.69,590.0,4325.0,2310.0
ULBSL,2/24/2026,3102.0,3199.0,3050.0,3159.0,-0.19,612.0,4325.0,2310.0
ULBSL,2/25/2026,3195.0,3195.0,3111.0,3166.0,0.22,383.0,4325.0,2310.0
ULBSL,2/26/2026,3187.0,3187.0,3110.0,3170.0,0.13,157.0,4325.0,2310.0
ULBSL,2/27/2026,3187.0,3187.0,3110.0,3170.0,0.0,157.0,4325.0,2310.0
ULBSL,2/28/2026,3187.0,3187.0,3110.0,3170.0,0.0,157.0,4325.0,2310.0
ULBSL,3/2/2026,3107.0,3190.0,3090.0,3118.0,-1.64,460.0,4325.0,2310.0
ULBSL,3/3/2026,3180.0,3225.0,3121.0,3205.0,2.79,665.0,4325.0,2310.0
ULBSL,3/4/2026,3180.0,3225.0,3121.0,3205.0,0.0,665.0,4325.0,2310.0
ULBSL,3/5/2026,3180.0,3225.0,3121.0,3205.0,0.0,665.0,4325.0,2310.0
ULBSL,3/6/2026,3180.0,3225.0,3121.0,3205.0,0.0,665.0,4325.0,2310.0
ULBSL,3/7/2026,3180.0,3225.0,3121.0,3205.0,0.0,665.0,4325.0,2310.0
ULBSL,3/8/2026,3180.0,3225.0,3121.0,3205.0,0.0,665.0,4325.0,2310.0
ULBSL,3/9/2026,3269.1,3400.0,3269.1,3400.0,6.08,70.0,4325.0,2310.0
ULBSL,3/10/2026,3468.0,3468.0,3207.0,3345.0,-1.62,1618.0,4325.0,2310.0
ULBSL,3/11/2026,3278.1,3300.0,3212.6,3288.0,-1.7,1069.0,4325.0,2310.0
ULBSL,3/12/2026,3222.3,3278.0,3177.0,3270.0,-0.55,465.0,4325.0,2310.0
ULBSL,3/13/2026,3222.3,3278.0,3177.0,3270.0,0.0,465.0,4325.0,2310.0
ULBSL,3/14/2026,3222.3,3278.0,3177.0,3270.0,0.0,465.0,4325.0,2310.0
ULBSL,3/15/2026,3204.6,3465.0,3157.0,3300.0,0.92,2169.0,4325.0,2310.0
ULBSL,3/16/2026,3234.0,3430.0,3170.1,3289.0,-0.33,1168.0,4325.0,2310.0
ULBSL,3/17/2026,3223.3,3340.0,3160.0,3248.0,-1.25,515.0,4325.0,2310.0
ULBSL,3/18/2026,3223.3,3340.0,3160.0,3248.0,0.0,515.0,4325.0,2310.0
ULBSL,3/19/2026,3183.1,3269.0,3119.5,3245.0,-0.09,500.0,4325.0,2310.0
ULBSL,3/20/2026,3183.1,3269.0,3119.5,3245.0,0.0,500.0,4325.0,2310.0
ULBSL,3/21/2026,3183.1,3269.0,3119.5,3245.0,0.0,500.0,4325.0,2310.0
ULBSL,3/22/2026,3246.0,3290.0,3181.1,3255.0,0.31,2646.0,4325.0,2310.0
ULBSL,3/23/2026,3255.0,3280.0,3219.0,3264.9,0.3,873.0,4325.0,2310.0
ULBSL,3/24/2026,3206.0,3250.0,3200.2,3250.0,-0.46,588.0,4325.0,2310.0
ULBSL,3/25/2026,3242.0,3245.0,3200.0,3239.9,-0.31,1271.0,4325.0,2310.0
ULBSL,3/26/2026,3220.0,3285.0,3182.0,3265.0,1.4,1278.0,4325.0,2310.0
ULBSL,3/29/2026,3200.0,3222.9,3150.0,3222.9,0.72,1248.0,4325.0,2310.0
ULBSL,3/30/2026,3200.0,3200.0,3136.0,3196.0,-0.12,949.0,4325.0,2310.0
ULBSL,3/31/2026,3196.0,3196.0,3061.0,3170.0,-0.81,3216.0,4325.0,2310.0
ULBSL,4/1/2026,3200.0,3209.9,3100.0,3174.0,-0.81,701.0,4325.0,2310.0
ULBSL,4/2/2026,3111.0,3210.0,3085.0,3130.0,0.61,1465.0,4325.0,2310.0
ULBSL,4/5/2026,3067.4,3189.5,2928.0,2990.0,-2.52,2356.0,4325.0,2310.0
ULBSL,4/6/2026,3049.8,3289.0,2930.3,3289.0,7.84,3913.0,4325.0,2310.0
ULBSL,4/7/2026,3223.3,3223.3,2980.0,3188.0,-1.1,10908.0,4325.0,2310.0
ULBSL,4/8/2026,3124.3,3249.7,2980.0,3149.0,0.79,2994.0,4325.0,2310.0
ULBSL,4/9/2026,3086.1,3200.0,3000.0,3095.0,0.29,2544.0,4325.0,2310.0
ULBSL,4/10/2026,3150.0,3150.0,2974.5,3070.0,-2.54,3818.0,4325.0,2310.0
ULBSL,4/13/2026,3008.6,3290.0,2948.5,3290.0,9.35,6052.0,4325.0,2310.0
ULBSL,4/15/2026,3224.2,3224.2,3015.0,3144.0,-2.49,2581.0,4325.0,2310.0
ULBSL,4/16/2026,3081.2,3096.9,3045.0,3096.9,0.51,1180.0,4325.0,2310.0
ULBSL,4/17/2026,3035.0,3099.9,3035.0,3075.1,1.32,2985.0,4325.0,2310.0
ULBSL,4/20/2026,3070.0,3115.0,3030.0,3089.8,0.64,1171.0,4325.0,2310.0
ULBSL,4/21/2026,3000.0,3098.0,3000.0,3063.0,2.1,1174.0,4325.0,2310.0
ULBSL,4/22/2026,2971.2,3090.0,2900.0,3084.0,3.8,784.0,4325.0,2310.0
ULBSL,4/23/2026,2930.0,3200.0,2930.0,3074.0,4.91,2010.0,4325.0,2310.0
ULBSL,4/24/2026,3227.7,3227.7,2956.0,3054.9,-5.35,3738.0,4325.0,2310.0
ULBSL,4/27/2026,3054.9,3110.0,2971.0,3015.0,-1.31,1256.0,4325.0,2310.0
ULBSL,4/28/2026,3015.0,3014.9,2945.5,3013.0,-0.07,863.0,4325.0,2310.0
ULBSL,4/29/2026,3013.0,3043.0,2911.1,2993.5,-0.65,3399.0,4325.0,2310.0
ULBSL,4/30/2026,2917.0,2998.0,2901.0,2978.0,2.09,1753.0,4325.0,2310.0
ULBSL,5/4/2026,3049.9,3059.0,2890.0,2978.9,-2.33,588.0,4325.0,2310.0
ULBSL,5/5/2026,2968.0,2968.0,2889.6,2899.0,-2.32,956.0,4325.0,2310.0
ULBSL,5/6/2026,2969.0,2969.0,2826.0,2925.0,-1.48,1856.0,4325.0,2310.0
ULBSL,5/7/2026,2925.0,2925.2,2840.0,2900.0,-0.85,979.0,4325.0,2310.0
ULBSL,5/8/2026,2800.0,3150.0,2800.0,2944.0,5.14,1821.0,4325.0,2310.0
ULBSL,5/11/2026,2855.0,2999.0,2855.0,2998.0,5.01,1573.0,4325.0,2310.0
ULBSL,5/12/2026,2909.0,2990.0,2850.0,2943.0,1.17,1589.0,4325.0,2310.0
ULBSL,5/13/2026,2820.0,3074.0,2810.0,2955.0,4.79,4192.0,4325.0,2310.0
ULBSL,5/14/2026,2810.0,2975.0,2810.0,2970.0,5.69,655.0,4325.0,2310.0
ULBSL,5/15/2026,2850.0,3087.0,2826.0,2955.0,3.68,603.0,4325.0,2310.0
ULBSL,5/18/2026,2867.0,2950.0,2831.0,2938.0,2.48,352.0,4325.0,2310.0
ULBSL,5/19/2026,2830.0,2899.0,2815.0,2897.9,2.4,1076.0,4325.0,2310.0
ULBSL,5/20/2026,2851.0,2939.9,2851.0,2912.0,2.14,365.0,4325.0,2310.0
ULBSL,5/21/2026,2850.0,3113.0,2811.0,2919.0,2.42,954.0,4325.0,2310.0
ULBSL,5/22/2026,2810.0,3037.0,2810.0,2920.0,3.91,524.0,4325.0,2310.0
ULBSL,5/25/2026,2850.0,2997.9,2850.0,2949.0,3.47,866.0,4325.0,2310.0
ULBSL,5/26/2026,2870.1,3000.0,2870.0,2880.0,0.34,387.0,4325.0,2310.0
ULBSL,5/27/2026,2823.0,2948.0,2821.1,2914.9,3.26,666.0,4325.0,2310.0
ULBSL,6/1/2026,2827.5,2910.0,2827.5,2898.8,2.52,507.0,4325.0,2310.0
ULBSL,6/2/2026,2800.0,2970.0,2800.0,2900.0,3.57,1233.0,4325.0,2310.0
ULBSL,6/3/2026,2814.0,2899.8,2814.0,2895.7,2.9,581.0,4325.0,2310.0
ULBSL,6/4/2026,2805.0,3230.0,2805.0,2935.0,4.63,1728.0,4325.0,2310.0
ULBSL,6/5/2026,2800.0,3220.0,2800.0,3220.0,15.0,5000.0,4325.0,2310.0
ULBSL,6/8/2026,3381.0,3381.0,2835.0,2990.0,-11.56,1036.0,4325.0,2310.0
ULBSL,6/9/2026,2900.0,3250.0,2813.1,3250.0,12.07,3701.0,4325.0,2310.0
ULBSL,6/10/2026,3100.0,3100.0,2850.0,2979.0,-3.9,2069.0,4325.0,2310.0
ULBSL,6/11/2026,2835.0,2986.0,2835.0,2940.0,3.7,1756.0,4325.0,2310.0
ULBSL,6/12/2026,2870.0,2910.0,2840.0,2910.0,1.39,790.0,4325.0,2310.0
ULBSL,6/15/2026,2830.0,2900.0,2830.0,2900.0,2.47,536.0,4325.0,2310.0
ULBSL,6/16/2026,2885.0,2885.0,2815.0,2878.0,-0.24,916.0,4325.0,2310.0
ULBSL,6/17/2026,2850.0,2870.0,2822.1,2853.0,0.11,310.0,4325.0,2310.0
ULBSL,6/18/2026,2825.0,2850.0,2800.0,2838.0,0.46,760.0,4325.0,2310.0
ULBSL,6/19/2026,2847.1,2870.0,2820.0,2836.0,-0.39,253.0,4325.0,2310.0
ULBSL,6/22/2026,2815.0,2867.0,2810.0,2867.0,1.85,266.0,4325.0,2310.0
ULBSL,6/23/2026,2815.0,2845.9,2810.0,2810.0,-0.18,206.0,4325.0,2310.0
ULBSL,6/24/2026,2805.0,2830.0,2800.0,2830.0,0.89,550.0,4325.0,2310.0
ULBSL,6/26/2026,2800.0,2800.0,2790.0,2790.0,-0.36,215.0,4325.0,2310.0
ULBSL,6/29/2026,2810.0,2820.0,2750.0,2805.0,-0.18,874.0,4325.0,2310.0
ULBSL,6/30/2026,2785.0,2799.0,2740.0,2799.0,0.5,183.0,4325.0,2310.0
ULBSL,7/1/2026,2762.0,2805.9,2755.0,2805.0,1.56,292.0,4325.0,2310.0
ULBSL,7/2/2026,2725.0,2800.0,2725.0,2798.0,2.68,210.0,4325.0,2310.0
ULBSL,7/3/2026,2710.0,3100.0,2710.0,3100.0,14.39,2201.0,4325.0,2310.0
ULBSL,7/6/2026,3255.0,3255.0,2800.0,2899.9,-10.91,266.0,4325.0,2310.0
ULBSL,7/7/2026,2755.0,3180.0,2705.0,3180.0,15.43,3314.0,4325.0,2310.0
ULBSL,7/8/2026,3180.0,3180.0,2780.0,2840.0,-10.69,624.0,4325.0,2310.0
ULBSL,7/9/2026,2780.0,3200.0,2715.1,3200.0,15.11,2381.0,4325.0,2310.0
ULBSL,7/10/2026,3200.0,3200.0,3200.0,3200.0,0.0,10.0,4325.0,2310.0
ULBSL,7/13/2026,3360.0,3360.0,2748.1,2839.0,-15.51,3316.0,4325.0,2310.0
ULBSL,7/14/2026,2710.0,3100.0,2710.0,3100.0,14.39,4467.0,4325.0,2310.0
ULBSL,7/15/2026,3100.0,3100.0,2740.1,2873.0,-7.32,220.0,4325.0,2310.0
ULBSL,7/16/2026,2729.4,2950.0,2729.4,2800.0,2.59,1693.0,4325.0,2310.0
ULBSL,7/17/2026,2878.0,2878.0,2765.0,2845.0,-1.15,849.0,4325.0,2310.0
ULBSL,7/20/2026,2765.0,2899.0,2765.0,2888.9,4.48,617.0,4325.0,2310.0
ULBSL,7/21/2026,2750.0,2879.9,2750.0,2839.0,3.24,480.0,4325.0,2310.0
ULBSL,7/22/2026,2753.8,2829.9,2753.8,2775.0,0.77,984.0,4325.0,2310.0
ULBSL,7/23/2026,2722.0,2972.0,2722.0,2831.0,4.0,909.0,4325.0,2310.0
ULBSL,7/24/2026,2730.0,2825.0,2730.0,2760.0,1.1,484.0,4325.0,2310.0
ULBSL,7/27/2026,2742.8,2810.0,2742.8,2800.0,2.09,1152.0,4325.0,2310.0
ULBSL,7/28/2026,2721.0,2798.0,2721.0,2792.0,2.61,720.0,4325.0,2310.0
ULBSL,7/29/2026,2735.5,2850.0,2735.5,2797.5,2.27,429.0,4325.0,2310.0
ULBSL,7/30/2026,2700.0,2948.0,2700.0,2785.0,3.15,1153.0,4325.0,2310.0
ULBSL,7/31/2026,2720.0,2787.0,2720.0,2775.0,2.02,433.0,4325.0,2310.0
ULBSL,8/3/2026,2721.0,2790.0,2720.0,2774.0,1.95,337.0,4325.0,2310.0
ULBSL,8/4/2026,2749.0,2768.9,2720.0,2768.0,0.69,585.0,4325.0,2310.0
ULBSL,8/5/2026,2749.9,2759.8,2748.0,2748.0,-0.07,387.0,4325.0,2310.0
ULBSL,8/6/2026,2720.2,2748.0,2700.5,2700.5,-0.72,472.0,4325.0,2310.0
ULBSL,8/7/2026,2748.0,2748.0,2703.0,2738.0,-0.36,586.0,4325.0,2310.0
ULBSL,8/10/2026,2660.0,3050.0,2660.0,2749.0,3.35,807.0,4325.0,2310.0
ULBSL,8/11/2026,2660.0,2850.0,2660.0,2744.2,3.17,450.0,4325.0,2310.0
ULBSL,8/12/2026,2625.0,2739.9,2625.0,2733.0,4.11,330.0,4325.0,2310.0
ULBSL,8/13/2026,2625.0,2800.0,2625.0,2748.0,4.69,580.0,4325.0,2310.0
ULBSL,8/14/2026,2625.0,2769.0,2625.0,2745.0,4.57,200.0,4325.0,2310.0
ULBSL,8/17/2026,2630.0,2716.0,2626.0,2710.0,3.04,607.0,4325.0,2310.0
ULBSL,8/18/2026,2707.0,2707.0,2552.2,2625.0,-3.03,1553.0,4325.0,2310.0
ULBSL,8/19/2026,2546.6,2770.0,2546.6,2628.0,3.2,739.0,4325.0,2310.0
ULBSL,8/20/2026,2554.0,2625.9,2430.0,2548.0,-0.23,3136.0,4325.0,2310.0
ULBSL,8/21/2026,2500.0,2575.0,2500.0,2525.0,1.0,1170.0,4325.0,2310.0
ULBSL,8/24/2026,2471.0,2525.0,2430.0,2455.0,-0.65,297.0,4325.0,2310.0
ULBSL,8/25/2026,2350.0,2460.0,2350.0,2450.0,4.26,5199.0,4325.0,2310.0
ULBSL,8/26/2026,2381.0,2517.0,2381.0,2442.0,2.56,1828.0,4325.0,2310.0
ULBSL,8/27/2026,2500.0,2500.0,2376.0,2408.0,-3.68,1385.0,4325.0,2310.0
ULBSL,8/31/2026,2310.0,2725.0,2310.0,2725.0,17.97,1952.0,4325.0,2310.0
ULBSL,9/1/2026,2861.0,2861.0,2390.6,2494.0,-12.83,1780.0,4325.0,2310.0
ULBSL,9/2/2026,2390.0,2790.0,2370.3,2790.0,16.74,2064.0,4325.0,2310.0
ULBSL,9/3/2026,2926.0,2926.0,2926.0,2926.0,0.0,10.0,4325.0,2310.0
ULBSL,9/7/2026,3072.0,3072.0,2840.0,2840.0,-7.55,30.0,4325.0,2310.0
ULBSL,9/9/2026,2980.0,2980.0,2452.0,2498.0,-16.17,2088.0,4325.0,2310.0
ULBSL,9/10/2026,2425.0,2500.0,2393.6,2500.0,3.09,3832.0,4325.0,2310.0
ULBSL,9/11/2026,2400.0,2763.3,2381.1,2763.3,15.14,3761.0,4325.0,2310.0
ULBSL,9/14/2026,2666.0,2666.0,2460.0,2536.0,-4.88,906.0,4325.0,2310.0
ULBSL,9/15/2026,2660.0,2660.0,2525.0,2560.0,-3.76,1081.0,4325.0,2310.0
ULBSL,9/16/2026,2486.0,2549.0,2486.0,2514.0,1.13,411.0,4325.0,2310.0
ULBSL,9/17/2026,2450.0,2574.9,2450.0,2538.0,3.59,714.0,4325.0,2310.0
ULBSL,9/18/2026,2450.0,2598.6,2450.0,2535.0,3.47,1034.0,4325.0,2310.0
ULBSL,9/22/2026,2535.0,2600.0,2460.0,2600.0,2.56,1447.0,4325.0,2310.0
ULBSL,9/23/2026,2510.0,2554.0,2510.0,2554.0,1.75,1529.0,4325.0,2310.0
ULBSL,9/24/2026,2483.1,2583.0,2483.1,2552.0,2.77,923.0,4325.0,2310.0
ULBSL,9/28/2026,2500.0,2550.0,2490.0,2550.0,2.0,957.0,4325.0,2310.0
ULBSL,9/29/2026,2499.0,2548.9,2478.1,0.0,-100.0,220.0,4325.0,2310.0
ULBSL,9/30/2026,2465.1,2569.6,2465.1,2529.0,2.59,373.0,4325.0,2310.0
ULBSL,10/1/2026,2521.9,2544.0,2470.2,2544.0,0.88,537.0,4325.0,2310.0
ULBSL,10/2/2026,2480.0,2545.0,2480.0,2535.0,2.22,453.0,4325.0,2310.0
ULHC,12/21/2025,462.0,468.0,455.0,460.0,,7255.0,599.0,260.0
ULHC,12/22/2025,453.0,457.1,447.2,451.0,-1.96,9043.0,599.0,260.0
ULHC,12/23/2025,447.5,457.1,447.5,454.9,0.86,13627.0,599.0,260.0
ULHC,12/24/2025,456.0,462.9,452.0,457.0,0.46,4936.0,599.0,260.0
ULHC,12/28/2025,453.1,467.0,453.1,458.0,0.22,5257.0,599.0,260.0
ULHC,12/29/2025,458.0,465.0,455.6,460.0,0.44,8399.0,599.0,260.0
ULHC,12/31/2025,460.0,469.0,460.0,465.4,1.17,13437.0,599.0,260.0
ULHC,1/1/2026,463.0,467.0,455.6,459.0,-1.38,18870.0,599.0,260.0
ULHC,1/4/2026,459.1,462.0,455.1,460.0,0.22,9400.0,599.0,260.0
ULHC,1/5/2026,463.9,467.0,456.3,466.0,1.3,13679.0,599.0,260.0
ULHC,1/6/2026,465.0,480.0,461.0,469.0,0.64,18000.0,599.0,260.0
ULHC,1/7/2026,478.0,478.0,457.1,464.0,-1.07,7886.0,599.0,260.0
ULHC,1/8/2026,463.0,466.0,456.0,460.0,-0.86,13361.0,599.0,260.0
ULHC,1/12/2026,451.1,469.0,451.1,456.0,-0.87,9067.0,599.0,260.0
ULHC,1/13/2026,465.0,465.0,451.6,453.1,-0.64,11889.0,599.0,260.0
ULHC,1/14/2026,453.0,460.9,450.1,450.3,-0.62,9855.0,599.0,260.0
ULHC,1/18/2026,444.5,459.2,444.5,451.1,0.18,8616.0,599.0,260.0
ULHC,1/20/2026,460.0,464.0,450.0,450.0,-0.24,21895.0,599.0,260.0
ULHC,1/21/2026,454.0,468.0,454.0,468.0,4.0,27792.0,599.0,260.0
ULHC,1/22/2026,460.0,469.0,459.0,462.5,-1.18,8432.0,599.0,260.0
ULHC,1/25/2026,457.0,474.9,457.0,472.0,2.05,19758.0,599.0,260.0
ULHC,1/26/2026,470.0,476.7,466.0,476.0,0.85,17220.0,599.0,260.0
ULHC,1/27/2026,468.3,500.0,468.3,485.2,1.93,55557.0,599.0,260.0
ULHC,1/28/2026,486.0,517.0,486.0,506.0,4.29,83479.0,599.0,260.0
ULHC,1/29/2026,501.0,516.0,492.0,493.0,-2.57,32215.0,599.0,260.0
ULHC,2/1/2026,488.1,494.0,480.0,485.0,-1.62,17033.0,599.0,260.0
ULHC,2/2/2026,481.5,492.0,481.5,486.6,0.33,32206.0,599.0,260.0
ULHC,2/3/2026,485.0,500.0,485.0,494.0,1.52,31599.0,599.0,260.0
ULHC,2/4/2026,491.2,515.9,491.2,503.0,1.82,35249.0,599.0,260.0
ULHC,2/5/2026,493.1,539.0,493.1,538.0,6.96,146008.0,599.0,260.0
ULHC,2/8/2026,528.0,551.9,528.0,549.0,2.04,65395.0,599.0,260.0
ULHC,2/9/2026,538.1,568.0,538.1,551.0,0.36,93784.0,599.0,260.0
ULHC,2/10/2026,540.0,553.5,538.0,544.0,-1.27,44874.0,599.0,260.0
ULHC,2/11/2026,538.0,550.0,530.0,539.0,-0.92,42452.0,599.0,260.0
ULHC,2/12/2026,530.0,540.0,530.0,533.1,-1.09,31168.0,599.0,260.0
ULHC,2/16/2026,535.0,538.9,531.0,535.0,0.36,20168.0,599.0,260.0
ULHC,2/17/2026,525.0,540.0,525.0,530.1,-0.92,20213.0,599.0,260.0
ULHC,2/22/2026,522.0,527.0,500.0,502.0,-5.3,20657.0,599.0,260.0
ULHC,2/23/2026,502.0,516.0,501.2,503.2,0.24,13761.0,599.0,260.0
ULHC,2/24/2026,500.0,550.8,500.0,532.0,5.72,39567.0,599.0,260.0
ULHC,2/25/2026,542.6,555.0,538.0,554.1,4.15,87723.0,599.0,260.0
ULHC,2/26/2026,545.0,565.0,545.0,558.0,0.7,49101.0,599.0,260.0
ULHC,2/27/2026,545.0,565.0,545.0,558.0,0.0,49101.0,599.0,260.0
ULHC,2/28/2026,545.0,565.0,545.0,558.0,0.0,49101.0,599.0,260.0
ULHC,3/2/2026,546.9,561.0,544.0,551.9,-1.09,22044.0,599.0,260.0
ULHC,3/3/2026,543.5,565.9,543.5,564.8,2.34,33914.0,599.0,260.0
ULHC,3/4/2026,543.5,565.9,543.5,564.8,0.0,33914.0,599.0,260.0
ULHC,3/5/2026,543.5,565.9,543.5,564.8,0.0,33914.0,599.0,260.0
ULHC,3/6/2026,543.5,565.9,543.5,564.8,0.0,33914.0,599.0,260.0
ULHC,3/7/2026,543.5,565.9,543.5,564.8,0.0,33914.0,599.0,260.0
ULHC,3/8/2026,543.5,565.9,543.5,564.8,0.0,33914.0,599.0,260.0
ULHC,3/9/2026,576.0,587.5,576.0,587.5,4.02,710.0,599.0,260.0
ULHC,3/10/2026,599.0,599.0,566.1,570.0,-2.98,51881.0,599.0,260.0
ULHC,3/11/2026,570.0,578.9,551.3,551.8,-3.19,30497.0,599.0,260.0
ULHC,3/12/2026,542.5,560.0,542.5,555.0,0.58,31600.0,599.0,260.0
ULHC,3/13/2026,542.5,560.0,542.5,555.0,0.0,31600.0,599.0,260.0
ULHC,3/14/2026,542.5,560.0,542.5,555.0,0.0,31600.0,599.0,260.0
ULHC,3/15/2026,545.0,565.0,545.0,546.2,-1.59,36764.0,599.0,260.0
ULHC,3/16/2026,540.0,549.0,540.0,548.0,0.33,45431.0,599.0,260.0
ULHC,3/17/2026,541.0,582.0,541.0,571.4,4.27,207373.0,599.0,260.0
ULHC,3/18/2026,541.0,582.0,541.0,571.4,0.0,207373.0,599.0,260.0
ULHC,3/19/2026,581.0,582.0,565.1,565.1,-1.1,83634.0,599.0,260.0
ULHC,3/20/2026,581.0,582.0,565.1,565.1,0.0,83634.0,599.0,260.0
ULHC,3/21/2026,581.0,582.0,565.1,565.1,0.0,83634.0,599.0,260.0
ULHC,3/22/2026,565.2,572.0,548.0,561.0,-0.73,53101.0,599.0,260.0
ULHC,3/23/2026,550.3,559.0,544.2,559.0,-0.36,24622.0,599.0,260.0
ULHC,3/24/2026,547.9,557.0,547.9,553.0,-1.07,36014.0,599.0,260.0
ULHC,3/25/2026,559.0,559.0,546.0,547.0,-1.08,40535.0,599.0,260.0
ULHC,3/26/2026,555.0,557.9,545.0,556.0,0.18,29386.0,599.0,260.0
ULHC,3/29/2026,556.0,556.0,532.0,532.0,-4.32,22903.0,599.0,260.0
ULHC,3/30/2026,530.0,535.0,520.0,521.0,-1.7,24797.0,599.0,260.0
ULHC,3/31/2026,515.0,529.0,513.0,521.0,1.17,12618.0,599.0,260.0
ULHC,4/1/2026,511.0,530.0,500.0,500.5,-2.05,21440.0,599.0,260.0
ULHC,4/2/2026,510.0,519.0,491.0,506.0,-0.78,20494.0,599.0,260.0
ULHC,4/5/2026,495.9,498.0,470.0,476.0,-4.01,139525.0,599.0,260.0
ULHC,4/6/2026,470.0,519.0,470.0,519.0,10.43,10927.0,599.0,260.0
ULHC,4/7/2026,509.0,515.0,498.9,500.0,-1.77,14395.0,599.0,260.0
ULHC,4/8/2026,490.0,519.0,490.0,518.0,5.71,11297.0,599.0,260.0
ULHC,4/9/2026,517.0,523.7,513.0,523.7,1.3,5029.0,599.0,260.0
ULHC,4/10/2026,515.0,531.0,515.0,530.0,2.91,27842.0,599.0,260.0
ULHC,4/13/2026,530.0,540.0,526.0,537.0,1.32,47431.0,599.0,260.0
ULHC,4/15/2026,527.0,579.0,527.0,535.0,1.52,77743.0,599.0,260.0
ULHC,4/16/2026,526.0,556.0,518.1,524.0,-0.38,15366.0,599.0,260.0
ULHC,4/17/2026,528.0,528.0,510.0,515.0,-2.46,3089.0,599.0,260.0
ULHC,4/20/2026,506.5,512.0,501.0,505.1,-0.28,28351.0,599.0,260.0
ULHC,4/21/2026,500.1,509.5,500.0,506.0,1.18,4891.0,599.0,260.0
ULHC,4/22/2026,500.0,515.0,489.0,506.0,1.2,11460.0,599.0,260.0
ULHC,4/23/2026,500.0,513.0,500.0,513.0,2.6,19471.0,599.0,260.0
ULHC,4/24/2026,510.0,526.2,500.0,526.2,3.18,9725.0,599.0,260.0
ULHC,4/27/2026,500.0,529.0,500.0,529.0,5.8,9445.0,599.0,260.0
ULHC,4/28/2026,510.0,593.0,485.0,485.0,-4.9,45635.0,599.0,260.0
ULHC,4/29/2026,485.0,513.0,484.6,495.0,2.06,10368.0,599.0,260.0
ULHC,4/30/2026,485.0,495.8,485.0,493.9,1.84,8072.0,599.0,260.0
ULHC,5/4/2026,493.9,500.0,475.9,484.0,-2.0,12853.0,599.0,260.0
ULHC,5/5/2026,480.0,550.0,476.0,538.0,12.08,43589.0,599.0,260.0
ULHC,5/6/2026,511.1,572.6,499.0,570.0,11.52,203859.0,599.0,260.0
ULHC,5/7/2026,541.5,541.5,499.7,518.0,-4.34,41031.0,599.0,260.0
ULHC,5/8/2026,503.1,513.8,503.1,510.0,1.37,6633.0,599.0,260.0
ULHC,5/11/2026,510.0,520.1,500.0,512.0,0.39,9017.0,599.0,260.0
ULHC,5/12/2026,512.0,527.0,498.0,498.1,-2.71,17719.0,599.0,260.0
ULHC,5/13/2026,505.0,505.0,487.0,493.0,-2.38,7746.0,599.0,260.0
ULHC,5/14/2026,495.0,496.0,482.0,495.0,0.0,17065.0,599.0,260.0
ULHC,5/15/2026,483.0,497.0,483.0,492.0,1.86,10359.0,599.0,260.0
ULHC,5/18/2026,492.0,492.0,485.0,485.2,-1.38,5403.0,599.0,260.0
ULHC,5/19/2026,487.0,489.6,484.0,488.0,0.21,4976.0,599.0,260.0
ULHC,5/20/2026,502.0,561.2,470.5,561.2,11.79,45460.0,599.0,260.0
ULHC,5/21/2026,533.2,533.2,477.1,477.3,-10.48,111399.0,599.0,260.0
ULHC,5/22/2026,476.0,488.0,475.0,477.5,0.32,17874.0,599.0,260.0
ULHC,5/25/2026,478.1,485.7,478.1,481.0,0.61,18055.0,599.0,260.0
ULHC,5/26/2026,485.0,487.9,476.0,478.1,-1.42,16295.0,599.0,260.0
ULHC,5/27/2026,478.0,478.9,471.5,475.1,-0.61,11843.0,599.0,260.0
ULHC,6/1/2026,476.0,479.5,465.0,467.0,-1.89,18226.0,599.0,260.0
ULHC,6/2/2026,464.1,465.0,456.8,462.9,-0.26,15594.0,599.0,260.0
ULHC,6/3/2026,460.1,470.0,460.0,465.5,1.17,18512.0,599.0,260.0
ULHC,6/4/2026,465.5,465.5,459.0,465.0,-0.11,7618.0,599.0,260.0
ULHC,6/5/2026,462.9,464.0,460.0,463.5,0.13,6424.0,599.0,260.0
ULHC,6/8/2026,458.0,464.3,451.3,460.0,0.44,10453.0,599.0,260.0
ULHC,6/9/2026,450.2,459.0,450.0,459.0,1.95,8836.0,599.0,260.0
ULHC,6/10/2026,450.0,527.8,428.0,428.0,-4.89,48476.0,599.0,260.0
ULHC,6/11/2026,440.8,459.0,440.8,454.0,2.99,16809.0,599.0,260.0
ULHC,6/12/2026,454.0,455.0,440.0,450.0,-0.88,9750.0,599.0,260.0
ULHC,6/15/2026,440.5,445.0,435.0,437.0,-0.79,7006.0,599.0,260.0
ULHC,6/16/2026,437.0,437.0,425.0,429.0,-1.83,10206.0,599.0,260.0
ULHC,6/17/2026,426.0,430.0,424.0,428.0,0.47,7636.0,599.0,260.0
ULHC,6/18/2026,437.5,437.5,422.2,423.0,-3.31,7715.0,599.0,260.0
ULHC,6/19/2026,423.0,429.5,415.0,420.9,-0.5,7644.0,599.0,260.0
ULHC,6/22/2026,420.9,425.0,411.0,424.0,0.74,10465.0,599.0,260.0
ULHC,6/23/2026,421.0,422.0,416.2,422.0,0.24,5418.0,599.0,260.0
ULHC,6/24/2026,412.0,415.0,403.2,414.0,0.49,6973.0,599.0,260.0
ULHC,6/26/2026,417.0,427.0,410.0,423.0,1.44,6563.0,599.0,260.0
ULHC,6/29/2026,444.1,444.1,416.0,416.6,-6.19,6385.0,599.0,260.0
ULHC,6/30/2026,420.0,467.0,420.0,421.1,0.26,16470.0,599.0,260.0
ULHC,7/1/2026,417.0,432.0,416.2,432.0,3.6,10977.0,599.0,260.0
ULHC,7/2/2026,420.0,496.8,407.7,496.8,18.29,31541.0,599.0,260.0
ULHC,7/3/2026,497.0,497.0,422.6,429.0,-13.68,99792.0,599.0,260.0
ULHC,7/6/2026,422.3,422.3,411.0,414.0,-1.97,6826.0,599.0,260.0
ULHC,7/7/2026,403.1,415.0,403.1,410.0,1.71,5387.0,599.0,260.0
ULHC,7/8/2026,401.0,405.4,391.3,391.3,-2.42,11015.0,599.0,260.0
ULHC,7/9/2026,393.0,394.5,380.0,381.0,-3.05,9055.0,599.0,260.0
ULHC,7/10/2026,380.0,391.0,380.0,384.5,1.18,17510.0,599.0,260.0
ULHC,7/13/2026,373.1,380.0,367.1,368.9,-1.13,8160.0,599.0,260.0
ULHC,7/14/2026,367.0,367.0,343.0,357.0,-2.72,23153.0,599.0,260.0
ULHC,7/15/2026,358.0,367.0,350.3,358.0,0.0,7237.0,599.0,260.0
ULHC,7/16/2026,366.5,374.9,358.2,358.2,-2.26,10191.0,599.0,260.0
ULHC,7/17/2026,366.9,379.0,366.9,373.0,1.66,11147.0,599.0,260.0
ULHC,7/20/2026,375.0,381.8,365.0,370.1,-1.31,12330.0,599.0,260.0
ULHC,7/21/2026,365.2,375.0,365.2,371.0,1.59,18169.0,599.0,260.0
ULHC,7/22/2026,382.0,382.0,369.0,372.0,-2.62,13376.0,599.0,260.0
ULHC,7/23/2026,379.8,379.8,360.0,362.2,-4.63,10466.0,599.0,260.0
ULHC,7/24/2026,367.0,369.0,358.1,359.5,-2.04,7061.0,599.0,260.0
ULHC,7/27/2026,365.0,365.0,347.5,350.0,-4.11,9670.0,599.0,260.0
ULHC,7/28/2026,350.0,354.0,348.0,348.0,-0.57,4785.0,599.0,260.0
ULHC,7/29/2026,346.0,354.8,345.0,345.0,-0.29,4712.0,599.0,260.0
ULHC,7/30/2026,345.0,354.9,340.1,340.1,-1.42,4850.0,599.0,260.0
ULHC,7/31/2026,339.0,365.0,337.0,362.0,6.78,24501.0,599.0,260.0
ULHC,8/3/2026,350.0,375.0,350.0,369.1,5.46,18495.0,599.0,260.0
ULHC,8/4/2026,383.0,383.0,354.0,361.0,-5.74,3828.0,599.0,260.0
ULHC,8/5/2026,367.0,367.0,354.0,354.1,-3.51,5447.0,599.0,260.0
ULHC,8/6/2026,350.0,407.2,350.0,407.2,16.34,16882.0,599.0,260.0
ULHC,8/7/2026,388.0,388.0,356.0,379.0,-2.32,124394.0,599.0,260.0
ULHC,8/10/2026,380.0,380.0,363.0,379.7,-0.08,20845.0,599.0,260.0
ULHC,8/11/2026,365.0,436.6,353.6,436.6,19.62,74681.0,599.0,260.0
ULHC,8/12/2026,425.0,425.0,371.2,371.2,-12.66,45339.0,599.0,260.0
ULHC,8/13/2026,372.0,372.0,353.0,359.0,-3.49,61187.0,599.0,260.0
ULHC,8/14/2026,341.1,351.0,332.0,342.0,0.26,63497.0,599.0,260.0
ULHC,8/17/2026,342.0,346.0,333.3,340.5,-0.44,14754.0,599.0,260.0
ULHC,8/18/2026,341.5,344.5,335.3,341.0,-0.15,7964.0,599.0,260.0
ULHC,8/19/2026,341.0,348.0,332.1,333.0,-2.35,18304.0,599.0,260.0
ULHC,8/20/2026,349.6,349.6,332.1,338.4,-3.2,10224.0,599.0,260.0
ULHC,8/21/2026,333.0,342.0,330.0,330.1,-0.87,19338.0,599.0,260.0
ULHC,8/24/2026,335.0,335.0,321.2,321.7,-3.97,11308.0,599.0,260.0
ULHC,8/25/2026,321.7,331.3,317.0,320.0,-0.53,17522.0,599.0,260.0
ULHC,8/26/2026,321.0,322.0,302.5,306.0,-4.67,12837.0,599.0,260.0
ULHC,8/27/2026,297.0,305.5,297.0,301.0,1.35,9032.0,599.0,260.0
ULHC,8/31/2026,300.0,300.0,286.0,287.1,-4.3,10586.0,599.0,260.0
ULHC,9/1/2026,278.6,299.0,278.6,287.5,3.19,7721.0,599.0,260.0
ULHC,9/2/2026,282.0,296.1,282.0,291.0,3.19,1297.0,599.0,260.0
ULHC,9/3/2026,290.0,305.0,290.0,300.0,3.45,10180.0,599.0,260.0
ULHC,9/7/2026,305.0,314.0,260.0,260.0,-14.75,7071.0,599.0,260.0
ULHC,9/9/2026,267.8,299.0,267.8,299.0,11.65,24818.0,599.0,260.0
ULHC,9/10/2026,307.0,330.0,305.0,320.0,4.23,26539.0,599.0,260.0
ULHC,9/11/2026,320.0,331.6,313.1,323.1,0.97,11612.0,599.0,260.0
ULHC,9/14/2026,323.0,342.4,322.1,330.9,2.45,7071.0,599.0,260.0
ULHC,9/15/2026,347.0,347.0,330.1,334.0,-3.75,40348.0,599.0,260.0
ULHC,9/16/2026,350.0,350.0,323.0,327.0,-6.57,4356.0,599.0,260.0
ULHC,9/17/2026,335.0,336.8,318.0,318.0,-5.07,9696.0,599.0,260.0
ULHC,9/18/2026,315.0,328.0,315.0,328.0,4.13,12566.0,599.0,260.0
ULHC,9/22/2026,320.1,330.0,320.1,326.1,1.87,13207.0,599.0,260.0
ULHC,9/23/2026,328.0,331.0,324.5,330.0,0.61,19055.0,599.0,260.0
ULHC,9/24/2026,330.0,342.0,330.0,339.0,2.73,12772.0,599.0,260.0
ULHC,9/28/2026,339.0,355.0,325.0,339.9,0.27,41147.0,599.0,260.0
ULHC,9/29/2026,345.0,350.0,329.5,0.0,-100.0,4094.0,599.0,260.0
ULHC,9/30/2026,367.0,367.0,342.0,352.0,-4.09,10705.0,599.0,260.0
ULHC,10/1/2026,352.0,360.0,340.0,350.0,-0.57,3295.0,599.0,260.0
ULHC,10/2/2026,346.0,349.9,333.0,345.0,-0.29,38293.0,599.0,260.0
ULI,9/20/2021,661.0,670.0,624.0,631.0,,28614.0,746.0,355.0
ULI,9/21/2021,630.0,646.0,590.0,624.0,-1.11,23020.0,746.0,355.0
ULI,9/22/2021,635.9,650.0,618.0,640.0,2.56,15041.0,746.0,355.0
ULI,9/23/2021,643.0,650.0,620.0,626.0,-2.19,15154.0,746.0,355.0
ULI,9/26/2021,614.1,620.0,597.8,600.0,-4.15,19878.0,746.0,355.0
ULI,9/27/2021,589.1,601.2,576.3,577.0,-3.83,18945.0,746.0,355.0
ULI,9/28/2021,577.0,585.0,559.0,559.0,-3.12,16435.0,746.0,355.0
ULI,9/29/2021,549.0,580.0,549.0,572.0,2.33,12403.0,746.0,355.0
ULI,9/30/2021,562.0,592.0,562.0,571.0,-0.17,14560.0,746.0,355.0
ULI,10/3/2021,571.0,571.0,553.0,553.3,-3.1,19512.0,746.0,355.0
ULI,10/4/2021,543.0,570.0,543.0,552.0,-0.23,17365.0,746.0,355.0
ULI,10/5/2021,550.3,574.0,550.3,565.0,2.36,8632.0,746.0,355.0
ULI,10/6/2021,565.0,597.2,565.0,581.0,2.83,9179.0,746.0,355.0
ULI,10/10/2021,581.5,599.8,576.0,588.0,1.2,11100.0,746.0,355.0
ULI,10/11/2021,589.9,589.9,567.2,580.0,-1.36,5976.0,746.0,355.0
ULI,10/17/2021,569.7,587.0,569.7,585.0,0.86,4000.0,746.0,355.0
ULI,10/18/2021,580.0,585.0,570.0,577.0,-1.37,12270.0,746.0,355.0
ULI,10/19/2021,566.0,574.0,560.0,560.3,-2.89,11053.0,746.0,355.0
ULI,10/20/2021,565.0,580.0,565.0,573.9,2.43,6445.0,746.0,355.0
ULI,10/21/2021,563.0,571.0,561.1,570.0,-0.68,6075.0,746.0,355.0
ULI,10/24/2021,560.0,570.0,559.1,570.0,0.0,7451.0,746.0,355.0
ULI,10/25/2021,581.0,602.9,563.5,595.0,4.39,14869.0,746.0,355.0
ULI,10/26/2021,595.0,651.0,595.0,640.0,7.56,18559.0,746.0,355.0
ULI,10/27/2021,640.0,673.0,625.0,658.0,2.81,30829.0,746.0,355.0
ULI,10/28/2021,645.0,654.0,633.0,647.0,-1.67,15821.0,746.0,355.0
ULI,10/31/2021,640.0,677.2,636.1,672.0,3.86,22956.0,746.0,355.0
ULI,11/1/2021,665.0,690.0,662.0,675.0,0.45,25385.0,746.0,355.0
ULI,11/2/2021,688.2,701.9,657.1,698.0,3.41,27616.0,746.0,355.0
ULI,11/3/2021,686.0,700.0,678.0,686.0,-1.72,15505.0,746.0,355.0
ULI,11/8/2021,675.1,677.0,665.0,665.0,-3.06,13959.0,746.0,355.0
ULI,11/9/2021,655.0,665.0,628.0,628.0,-5.56,24584.0,746.0,355.0
ULI,11/11/2021,615.5,630.0,607.0,618.0,-1.59,19554.0,746.0,355.0
ULI,11/14/2021,610.0,633.0,610.0,617.5,-0.08,13330.0,746.0,355.0
ULI,11/15/2021,620.0,660.0,610.0,655.0,6.07,46911.0,746.0,355.0
ULI,11/16/2021,655.0,708.0,645.0,695.1,6.12,71194.0,746.0,355.0
ULI,11/17/2021,682.1,723.0,677.0,686.0,-1.31,34977.0,746.0,355.0
ULI,11/18/2021,685.0,695.0,661.0,681.0,-0.73,45740.0,746.0,355.0
ULI,11/21/2021,681.0,690.0,675.0,684.0,0.44,34148.0,746.0,355.0
ULI,11/22/2021,671.0,703.0,671.0,688.9,0.72,46919.0,746.0,355.0
ULI,11/23/2021,678.0,691.0,660.0,662.0,-3.9,23864.0,746.0,355.0
ULI,11/24/2021,651.0,672.0,648.8,668.0,0.91,33655.0,746.0,355.0
ULI,11/25/2021,655.0,681.0,651.0,670.0,0.3,17213.0,746.0,355.0
ULI,11/28/2021,657.0,662.0,631.2,649.0,-3.13,23124.0,746.0,355.0
ULI,11/29/2021,636.1,663.0,630.0,636.3,-1.96,12120.0,746.0,355.0
ULI,11/30/2021,630.0,660.0,626.0,645.0,1.37,11115.0,746.0,355.0
ULI,12/1/2021,635.0,660.0,632.5,643.0,-0.31,9008.0,746.0,355.0
ULI,12/2/2021,630.3,643.0,621.0,627.0,-2.49,13450.0,746.0,355.0
ULI,12/5/2021,615.0,627.0,605.0,611.0,-2.55,16723.0,746.0,355.0
ULI,12/6/2021,600.0,650.0,595.9,648.9,6.2,21830.0,746.0,355.0
ULI,12/7/2021,648.0,660.0,613.0,621.0,-4.3,14900.0,746.0,355.0
ULI,12/8/2021,609.0,630.0,592.0,608.0,-2.09,15725.0,746.0,355.0
ULI,12/9/2021,600.0,620.0,590.0,613.0,0.82,12942.0,746.0,355.0
ULI,12/12/2021,605.0,608.0,575.0,583.0,-4.89,32988.0,746.0,355.0
ULI,12/13/2021,572.0,576.0,552.9,558.0,-4.29,15635.0,746.0,355.0
ULI,12/14/2021,557.0,590.0,550.0,586.0,5.02,9810.0,746.0,355.0
ULI,12/15/2021,597.7,621.0,574.0,577.2,-1.5,16278.0,746.0,355.0
ULI,12/16/2021,566.1,572.0,550.0,558.0,-3.33,18185.0,746.0,355.0
ULI,12/20/2021,558.0,569.0,540.0,549.8,-1.47,9960.0,746.0,355.0
ULI,12/21/2021,560.0,566.0,540.2,562.0,2.22,10780.0,746.0,355.0
ULI,12/22/2021,569.0,616.0,558.6,613.0,9.07,23899.0,746.0,355.0
ULI,12/23/2021,610.0,625.2,577.0,615.0,0.33,32607.0,746.0,355.0
ULI,12/26/2021,615.0,676.2,601.0,671.0,9.11,71638.0,746.0,355.0
ULI,12/27/2021,680.0,684.0,629.0,634.0,-5.51,63278.0,746.0,355.0
ULI,12/28/2021,621.4,637.0,612.1,630.0,-0.63,18610.0,746.0,355.0
ULI,12/29/2021,629.9,635.0,619.3,628.0,-0.32,14648.0,746.0,355.0
ULI,1/2/2022,621.0,651.6,618.0,651.0,3.66,26846.0,746.0,355.0
ULI,1/3/2022,660.0,672.0,641.0,660.0,1.38,33079.0,746.0,355.0
ULI,1/4/2022,668.0,682.0,643.0,659.0,-0.15,32775.0,746.0,355.0
ULI,1/5/2022,646.0,672.0,646.0,647.0,-1.82,22432.0,746.0,355.0
ULI,1/6/2022,635.1,683.0,635.1,661.0,2.16,40322.0,746.0,355.0
ULI,1/9/2022,674.0,679.2,662.0,679.2,2.75,36047.0,746.0,355.0
ULI,1/10/2022,667.0,692.0,663.0,674.0,-0.77,38613.0,746.0,355.0
ULI,1/11/2022,670.0,718.0,662.0,710.0,5.34,99537.0,746.0,355.0
ULI,1/12/2022,718.0,718.0,680.0,683.1,-3.79,57716.0,746.0,355.0
ULI,1/13/2022,683.0,700.2,680.0,700.0,2.47,30465.0,746.0,355.0
ULI,1/16/2022,700.0,724.0,700.0,714.0,2.0,70653.0,746.0,355.0
ULI,1/17/2022,714.0,725.0,693.0,705.0,-1.26,46044.0,746.0,355.0
ULI,1/18/2022,705.0,710.0,686.0,700.0,-0.71,41003.0,746.0,355.0
ULI,1/19/2022,691.0,703.0,686.0,687.2,-1.83,32239.0,746.0,355.0
ULI,1/20/2022,675.0,706.8,675.0,703.0,2.3,43600.0,746.0,355.0
ULI,1/23/2022,705.0,718.0,697.0,702.0,-0.14,73672.0,746.0,355.0
ULI,1/24/2022,700.0,704.0,678.0,678.0,-3.42,54635.0,746.0,355.0
ULI,1/25/2022,679.0,715.0,672.0,688.0,1.47,48467.0,746.0,355.0
ULI,1/26/2022,681.0,694.6,672.5,684.0,-0.58,20211.0,746.0,355.0
ULI,1/27/2022,682.0,697.0,675.0,682.0,-0.29,13580.0,746.0,355.0
ULI,1/30/2022,690.0,718.0,690.0,712.0,4.4,68847.0,746.0,355.0
ULI,1/31/2022,712.0,720.0,698.3,706.0,-0.84,41005.0,746.0,355.0
ULI,2/1/2022,706.0,719.0,692.2,712.0,0.85,46870.0,746.0,355.0
ULI,2/3/2022,715.0,734.0,713.0,720.0,1.12,108631.0,746.0,355.0
ULI,2/6/2022,718.0,724.0,707.0,715.0,-0.69,45891.0,746.0,355.0
ULI,2/7/2022,702.0,725.0,702.0,724.0,1.26,41351.0,746.0,355.0
ULI,2/8/2022,738.4,738.4,706.0,713.0,-1.52,39016.0,746.0,355.0
ULI,2/9/2022,705.0,710.0,696.1,700.0,-1.82,31129.0,746.0,355.0
ULI,2/10/2022,690.0,705.0,689.0,700.0,0.0,18200.0,746.0,355.0
ULI,2/13/2022,686.0,694.9,661.0,677.0,-3.29,42222.0,746.0,355.0
ULI,2/14/2022,677.0,685.0,666.0,667.0,-1.48,10458.0,746.0,355.0
ULI,2/15/2022,667.0,688.0,665.2,688.0,3.15,9095.0,746.0,355.0
ULI,2/16/2022,688.0,690.0,675.1,679.0,-1.31,14785.0,746.0,355.0
ULI,2/17/2022,666.0,688.0,666.0,684.8,0.85,15970.0,746.0,355.0
ULI,2/20/2022,672.0,678.0,658.6,660.3,-3.58,25355.0,746.0,355.0
ULI,2/21/2022,660.0,670.0,660.0,668.0,1.17,11318.0,746.0,355.0
ULI,2/22/2022,660.1,678.0,660.1,670.0,0.3,9587.0,746.0,355.0
ULI,2/23/2022,670.0,674.0,661.0,667.0,-0.45,8032.0,746.0,355.0
ULI,2/24/2022,654.0,660.1,645.0,649.0,-2.7,15690.0,746.0,355.0
ULI,2/27/2022,638.0,650.0,636.0,641.0,-1.23,6591.0,746.0,355.0
ULI,2/28/2022,650.0,650.0,611.0,620.0,-3.28,17866.0,746.0,355.0
ULI,3/2/2022,632.4,632.4,599.0,610.0,-1.61,11000.0,746.0,355.0
ULI,3/6/2022,601.0,610.0,593.0,604.0,-0.98,11688.0,746.0,355.0
ULI,3/7/2022,593.0,609.0,588.0,599.9,-0.68,10041.0,746.0,355.0
ULI,3/9/2022,596.0,610.0,591.1,607.9,1.33,6380.0,746.0,355.0
ULI,3/10/2022,620.0,630.2,595.1,630.2,3.67,11892.0,746.0,355.0
ULI,3/13/2022,642.8,671.0,631.1,664.9,5.51,27846.0,746.0,355.0
ULI,3/14/2022,665.0,677.0,640.0,661.1,-0.57,6298.0,746.0,355.0
ULI,3/15/2022,662.0,668.0,650.0,665.0,0.59,18063.0,746.0,355.0
ULI,3/16/2022,652.0,668.0,650.1,660.0,-0.75,22583.0,746.0,355.0
ULI,3/20/2022,660.0,673.0,648.0,652.0,-1.21,19174.0,746.0,355.0
ULI,3/21/2022,640.0,666.0,640.0,662.0,1.53,8395.0,746.0,355.0
ULI,3/22/2022,662.0,670.0,650.0,664.0,0.3,9586.0,746.0,355.0
ULI,3/23/2022,651.0,665.0,651.0,663.9,-0.02,8913.0,746.0,355.0
ULI,3/24/2022,652.1,700.0,652.1,690.0,3.93,53533.0,746.0,355.0
ULI,3/27/2022,703.8,746.0,685.0,690.0,0.0,176805.0,746.0,355.0
ULI,3/28/2022,690.0,703.0,667.0,667.5,-3.26,42291.0,746.0,355.0
ULI,3/29/2022,670.0,682.0,657.0,681.0,2.02,21246.0,746.0,355.0
ULI,3/30/2022,681.0,710.0,673.0,700.1,2.8,50666.0,746.0,355.0
ULI,3/31/2022,700.2,715.0,694.0,709.0,1.27,68478.0,746.0,355.0
ULI,4/3/2022,701.0,725.0,701.0,718.0,1.27,44507.0,746.0,355.0
ULI,4/4/2022,720.0,720.0,703.1,705.9,-1.69,28177.0,746.0,355.0
ULI,4/5/2022,704.9,705.0,682.1,688.0,-2.54,37544.0,746.0,355.0
ULI,4/6/2022,675.1,694.5,675.0,680.0,-1.16,29513.0,746.0,355.0
ULI,4/7/2022,676.0,707.0,676.0,704.9,3.66,41483.0,746.0,355.0
ULI,4/11/2022,718.0,725.0,678.0,683.0,-3.11,33858.0,746.0,355.0
ULI,4/12/2022,682.9,686.0,661.5,666.0,-2.49,36869.0,746.0,355.0
ULI,4/13/2022,653.0,675.0,650.0,659.1,-1.04,25203.0,746.0,355.0
ULI,4/17/2022,668.0,668.0,622.0,626.0,-5.02,37611.0,746.0,355.0
ULI,4/18/2022,620.0,620.0,600.8,600.8,-4.03,34014.0,746.0,355.0
ULI,4/19/2022,588.8,620.9,588.8,615.0,2.36,19838.0,746.0,355.0
ULI,4/20/2022,615.0,616.0,596.0,596.0,-3.09,13573.0,746.0,355.0
ULI,4/21/2022,591.0,624.0,585.0,620.0,4.03,9678.0,746.0,355.0
ULI,4/24/2022,622.0,640.0,609.9,633.0,2.1,20675.0,746.0,355.0
ULI,4/25/2022,625.0,635.0,607.0,608.0,-3.95,17134.0,746.0,355.0
ULI,4/26/2022,605.0,612.0,591.0,599.0,-1.48,13166.0,746.0,355.0
ULI,4/27/2022,610.9,623.0,587.1,605.0,1.0,12612.0,746.0,355.0
ULI,4/28/2022,600.0,612.0,589.2,590.1,-2.46,17425.0,746.0,355.0
ULI,5/2/2022,590.0,590.0,562.0,562.0,-4.76,13653.0,746.0,355.0
ULI,5/4/2022,551.1,566.1,550.0,553.0,-1.6,15336.0,746.0,355.0
ULI,5/5/2022,553.0,553.0,532.4,535.0,-3.25,15399.0,746.0,355.0
ULI,5/8/2022,525.0,535.0,512.7,525.0,-1.87,14063.0,746.0,355.0
ULI,5/9/2022,525.0,530.0,506.7,517.1,-1.5,14852.0,746.0,355.0
ULI,5/10/2022,510.0,535.0,508.0,535.0,3.46,12622.0,746.0,355.0
ULI,5/11/2022,545.0,560.0,525.0,560.0,4.67,13165.0,746.0,355.0
ULI,5/12/2022,561.0,570.9,516.0,521.0,-6.96,69504.0,746.0,355.0
ULI,1/31/2023,487.6,525.9,473.0,473.0,-9.21,98181.0,746.0,355.0
ULI,2/1/2023,465.0,492.0,460.0,462.0,-2.33,15478.0,746.0,355.0
ULI,2/2/2023,453.0,471.0,441.0,443.0,-4.11,25226.0,746.0,355.0
ULI,2/5/2023,442.0,460.0,435.1,444.0,0.23,18729.0,746.0,355.0
ULI,2/6/2023,437.0,452.5,436.0,444.0,0.0,11196.0,746.0,355.0
ULI,2/7/2023,437.1,480.0,437.1,476.0,7.21,19967.0,746.0,355.0
ULI,2/8/2023,485.0,485.0,465.2,467.0,-1.89,24808.0,746.0,355.0
ULI,2/9/2023,461.0,472.9,458.0,469.0,0.43,16567.0,746.0,355.0
ULI,2/12/2023,469.0,469.0,451.0,455.0,-2.99,17981.0,746.0,355.0
ULI,2/14/2023,447.0,455.4,443.1,445.2,-2.15,10273.0,746.0,355.0
ULI,2/15/2023,437.1,453.9,437.1,441.0,-0.94,13727.0,746.0,355.0
ULI,2/16/2023,441.0,445.0,429.1,432.0,-2.04,19177.0,746.0,355.0
ULI,2/20/2023,432.0,432.0,417.2,418.0,-3.24,14411.0,746.0,355.0
ULI,2/22/2023,413.0,433.5,413.0,431.0,3.11,9808.0,746.0,355.0
ULI,2/23/2023,430.0,430.0,417.0,421.0,-2.32,16413.0,746.0,355.0
ULI,2/26/2023,421.0,422.0,406.0,414.0,-1.66,19999.0,746.0,355.0
ULI,2/27/2023,414.0,420.0,408.0,419.9,1.43,16179.0,746.0,355.0
ULI,2/28/2023,418.0,427.0,411.6,424.0,0.98,10845.0,746.0,355.0
ULI,3/1/2023,430.0,432.0,416.0,419.9,-0.97,7194.0,746.0,355.0
ULI,3/2/2023,413.0,417.0,410.0,414.8,-1.21,9973.0,746.0,355.0
ULI,3/5/2023,410.0,411.0,406.1,407.3,-1.81,7670.0,746.0,355.0
ULI,3/7/2023,402.0,415.1,402.0,407.0,-0.07,7785.0,746.0,355.0
ULI,3/9/2023,406.0,418.9,406.0,418.0,2.7,5815.0,746.0,355.0
ULI,3/12/2023,411.0,419.0,410.0,413.0,-1.2,8923.0,746.0,355.0
ULI,3/13/2023,405.2,409.0,402.2,405.0,-1.94,5220.0,746.0,355.0
ULI,3/14/2023,401.0,410.0,400.0,407.0,0.49,6645.0,746.0,355.0
ULI,3/15/2023,401.1,408.0,400.5,405.0,-0.49,11363.0,746.0,355.0
ULI,3/16/2023,397.1,408.0,397.1,403.2,-0.44,9401.0,746.0,355.0
ULI,3/19/2023,400.0,408.2,400.0,408.2,1.24,6480.0,746.0,355.0
ULI,3/20/2023,402.3,413.0,402.2,413.0,1.18,7137.0,746.0,355.0
ULI,3/22/2023,415.0,415.0,399.9,402.0,-2.66,11325.0,746.0,355.0
ULI,3/23/2023,399.0,401.0,389.4,394.9,-1.77,17036.0,746.0,355.0
ULI,3/26/2023,394.0,400.0,390.1,390.6,-1.09,4819.0,746.0,355.0
ULI,3/27/2023,385.0,402.5,385.0,402.5,3.05,4463.0,746.0,355.0
ULI,3/28/2023,402.0,411.0,395.0,396.0,-1.61,9465.0,746.0,355.0
ULI,3/29/2023,390.0,404.9,390.0,396.0,0.0,5405.0,746.0,355.0
ULI,3/30/2023,391.1,399.3,391.1,392.0,-1.01,8049.0,746.0,355.0
ULI,4/2/2023,393.0,397.0,391.0,391.5,-0.13,9992.0,746.0,355.0
ULI,4/3/2023,384.0,392.0,384.0,388.0,-0.89,8398.0,746.0,355.0
ULI,4/4/2023,381.2,390.0,381.0,385.0,-0.77,4451.0,746.0,355.0
ULI,4/5/2023,385.0,390.0,380.0,385.3,0.08,4594.0,746.0,355.0
ULI,4/6/2023,385.0,393.0,381.0,385.0,-0.08,4441.0,746.0,355.0
ULI,4/9/2023,377.6,380.0,374.0,375.0,-2.6,10751.0,746.0,355.0
ULI,4/10/2023,370.0,379.5,370.0,375.0,0.0,4097.0,746.0,355.0
ULI,4/11/2023,370.0,382.0,370.0,376.4,0.37,5088.0,746.0,355.0
ULI,4/12/2023,370.0,408.0,370.0,402.0,6.8,9114.0,746.0,355.0
ULI,4/13/2023,410.0,410.0,392.5,395.0,-1.74,6674.0,746.0,355.0
ULI,4/16/2023,387.1,397.0,385.0,390.0,-1.27,3572.0,746.0,355.0
ULI,4/17/2023,383.0,395.0,381.2,385.0,-1.28,1897.0,746.0,355.0
ULI,4/18/2023,380.0,386.0,380.0,384.8,-0.05,3265.0,746.0,355.0
ULI,4/19/2023,380.0,390.1,380.0,383.0,-0.47,2730.0,746.0,355.0
ULI,4/20/2023,383.0,383.0,378.0,378.0,-1.31,2558.0,746.0,355.0
ULI,4/23/2023,371.0,376.0,370.0,372.1,-1.56,4805.0,746.0,355.0
ULI,4/24/2023,366.0,379.5,365.0,373.0,0.24,3643.0,746.0,355.0
ULI,4/25/2023,367.1,376.9,367.1,376.0,0.8,3640.0,746.0,355.0
ULI,4/26/2023,370.0,380.0,370.0,375.0,-0.27,5500.0,746.0,355.0
ULI,4/27/2023,370.1,377.5,370.1,373.3,-0.45,2573.0,746.0,355.0
ULI,4/30/2023,367.0,371.0,367.0,371.0,-0.62,2040.0,746.0,355.0
ULI,5/2/2023,365.0,372.0,365.0,372.0,0.27,2186.0,746.0,355.0
ULI,5/3/2023,372.0,372.0,365.1,369.0,-0.81,3642.0,746.0,355.0
ULI,5/4/2023,365.0,371.2,363.1,370.0,0.27,2234.0,746.0,355.0
ULI,5/7/2023,363.2,371.0,363.0,371.0,0.27,3168.0,746.0,355.0
ULI,5/8/2023,363.6,370.0,355.0,358.0,-3.5,7451.0,746.0,355.0
UMHL,6/13/2017,386.0,395.0,380.0,391.0,,5391.0,706.0,495.0
UMHL,6/14/2017,391.0,390.0,385.0,388.0,-0.77,7302.0,706.0,495.0
UMHL,6/15/2017,388.0,396.0,382.0,382.0,-1.55,8263.0,706.0,495.0
UMHL,6/18/2017,382.0,385.0,375.0,378.0,-1.05,4470.0,706.0,495.0
UMHL,6/19/2017,378.0,380.0,362.0,363.0,-3.97,4189.0,706.0,495.0
UMHL,6/20/2017,363.0,374.0,356.0,374.0,3.03,2483.0,706.0,495.0
UMHL,6/21/2017,374.0,374.0,363.0,369.0,-1.34,1679.0,706.0,495.0
UMHL,6/22/2017,369.0,372.0,365.0,367.0,-0.54,1763.0,706.0,495.0
UMHL,6/25/2017,367.0,375.0,360.0,369.0,0.54,2346.0,706.0,495.0
UMHL,6/27/2017,369.0,367.0,360.0,360.0,-2.44,3500.0,706.0,495.0
UMHL,6/28/2017,360.0,365.0,358.0,359.0,-0.28,2711.0,706.0,495.0
UMHL,7/2/2017,359.0,353.0,345.0,346.0,-3.62,2447.0,706.0,495.0
UMHL,7/3/2017,346.0,353.0,345.0,345.0,-0.29,4070.0,706.0,495.0
UMHL,7/4/2017,345.0,350.0,341.0,341.0,-1.16,1804.0,706.0,495.0
UMHL,7/5/2017,341.0,344.0,336.0,340.0,-0.29,3798.0,706.0,495.0
UMHL,7/6/2017,340.0,352.0,341.0,342.0,0.59,2097.0,706.0,495.0
UMHL,7/9/2017,342.0,344.0,336.0,337.0,-1.46,3039.0,706.0,495.0
UMHL,7/10/2017,337.0,338.0,331.0,331.0,-1.78,5720.0,706.0,495.0
UMHL,7/11/2017,331.0,344.0,330.0,339.0,2.42,5026.0,706.0,495.0
UMHL,7/12/2017,339.0,354.0,334.0,352.0,3.83,4177.0,706.0,495.0
UMHL,7/13/2017,352.0,347.0,341.0,341.0,-3.12,3008.0,706.0,495.0
UMHL,7/16/2017,341.0,341.0,335.0,336.0,-1.47,1372.0,706.0,495.0
UMHL,7/17/2017,336.0,345.0,333.0,340.0,1.19,1888.0,706.0,495.0
UMHL,7/18/2017,340.0,348.0,337.0,345.0,1.47,1647.0,706.0,495.0
UMHL,7/19/2017,345.0,363.0,340.0,344.0,-0.29,2661.0,706.0,495.0
UMHL,7/20/2017,344.0,344.0,333.0,340.0,-1.16,5354.0,706.0,495.0
UMHL,7/23/2017,340.0,340.0,334.0,336.0,-1.18,2588.0,706.0,495.0
UMHL,7/24/2017,336.0,340.0,334.0,337.0,0.3,1995.0,706.0,495.0
UMHL,7/25/2017,337.0,340.0,335.0,337.0,0.0,1489.0,706.0,495.0
UMHL,7/26/2017,337.0,345.0,340.0,345.0,2.37,6312.0,706.0,495.0
UMHL,7/27/2017,345.0,350.0,330.0,344.0,-0.29,2004.0,706.0,495.0
UMHL,7/30/2017,344.0,344.0,335.0,337.0,-2.03,2321.0,706.0,495.0
UMHL,7/31/2017,337.0,340.0,332.0,338.0,0.3,5884.0,706.0,495.0
UMHL,8/1/2017,338.0,360.0,339.0,360.0,6.51,5146.0,706.0,495.0
UMHL,8/2/2017,360.0,353.0,335.0,341.0,-5.28,3739.0,706.0,495.0
UMHL,8/3/2017,341.0,349.0,337.0,349.0,2.35,1889.0,706.0,495.0
UMHL,8/6/2017,349.0,346.0,339.0,341.0,-2.29,1633.0,706.0,495.0
UMHL,8/7/2017,341.0,341.0,333.0,334.0,-2.05,7671.0,706.0,495.0
UMHL,8/9/2017,334.0,334.0,329.0,333.0,-0.3,5343.0,706.0,495.0
UMHL,8/10/2017,333.0,333.0,328.0,331.0,-0.6,2688.0,706.0,495.0
UMHL,8/13/2017,331.0,331.0,322.0,325.0,-1.81,3814.0,706.0,495.0
UMHL,8/15/2017,325.0,324.0,307.0,312.0,-4.0,4539.0,706.0,495.0
UMHL,8/16/2017,312.0,322.0,303.0,309.0,-0.96,3854.0,706.0,495.0
UMHL,8/17/2017,309.0,307.0,300.0,307.0,-0.65,1299.0,706.0,495.0
UMHL,8/20/2017,307.0,302.0,296.0,300.0,-2.28,1556.0,706.0,495.0
UMHL,8/21/2017,300.0,305.0,290.0,294.0,-2.0,842.0,706.0,495.0
UMHL,8/22/2017,294.0,296.0,282.0,291.0,-1.02,4023.0,706.0,495.0
UMHL,8/23/2017,291.0,296.0,282.0,288.0,-1.03,1338.0,706.0,495.0
UMHL,8/24/2017,288.0,294.0,284.0,290.0,0.69,1141.0,706.0,495.0
UMHL,8/27/2017,290.0,300.0,275.0,300.0,3.45,6252.0,706.0,495.0
UMHL,8/28/2017,300.0,310.0,286.0,304.0,1.33,2635.0,706.0,495.0
UMHL,8/30/2017,304.0,298.0,290.0,290.0,-4.61,689.0,706.0,495.0
UMHL,8/31/2017,290.0,290.0,282.0,282.0,-2.76,1122.0,706.0,495.0
UMHL,9/4/2017,282.0,278.0,265.0,278.0,-1.42,2279.0,706.0,495.0
UMHL,9/6/2017,278.0,279.0,273.0,274.0,-1.44,2243.0,706.0,495.0
UMHL,9/7/2017,274.0,274.0,254.0,260.0,-5.11,5305.0,706.0,495.0
UMHL,9/10/2017,260.0,256.0,246.0,251.0,-3.46,1852.0,706.0,495.0
UMHL,9/11/2017,251.0,250.0,243.0,246.0,-1.99,549.0,706.0,495.0
UMHL,9/12/2017,246.0,245.0,241.0,244.0,-0.81,1127.0,706.0,495.0
UMHL,9/13/2017,244.0,248.0,243.0,248.0,1.64,1139.0,706.0,495.0
UMHL,9/14/2017,248.0,257.0,247.0,257.0,3.63,1826.0,706.0,495.0
UMHL,9/17/2017,257.0,266.0,253.0,266.0,3.5,1937.0,706.0,495.0
UMHL,9/18/2017,266.0,271.0,261.0,263.0,-1.13,1112.0,706.0,495.0
UMHL,9/20/2017,263.0,261.0,258.0,260.0,-1.14,449.0,706.0,495.0
UMHL,9/24/2017,260.0,262.0,256.0,256.0,-1.54,295.0,706.0,495.0
UMHL,9/25/2017,256.0,261.0,255.0,261.0,1.95,1115.0,706.0,495.0
UMHL,9/26/2017,261.0,270.0,262.0,270.0,3.45,398.0,706.0,495.0
UMHL,10/3/2017,270.0,270.0,265.0,265.0,-1.85,206.0,706.0,495.0
UMHL,10/4/2017,265.0,260.0,255.0,255.0,-3.77,69.0,706.0,495.0
UMHL,10/8/2017,255.0,256.0,250.0,250.0,-1.96,853.0,706.0,495.0
UMHL,10/9/2017,250.0,255.0,247.0,250.0,0.0,274.0,706.0,495.0
UMHL,10/10/2017,250.0,253.0,243.0,248.0,-0.8,576.0,706.0,495.0
UMHL,10/11/2017,248.0,257.0,252.0,257.0,3.63,1130.0,706.0,495.0
UMHL,10/12/2017,257.0,260.0,255.0,260.0,1.17,219.0,706.0,495.0
UMHL,10/15/2017,260.0,262.0,257.0,262.0,0.77,124.0,706.0,495.0
UMHL,10/16/2017,262.0,267.0,262.0,266.0,1.53,568.0,706.0,495.0
UMHL,10/17/2017,266.0,266.0,256.0,259.0,-2.63,377.0,706.0,495.0
UMHL,10/18/2017,259.0,260.0,254.0,260.0,0.39,723.0,706.0,495.0
UMHL,10/22/2017,260.0,262.0,258.0,258.0,-0.77,214.0,706.0,495.0
UMHL,10/23/2017,258.0,258.0,257.0,258.0,0.0,123.0,706.0,495.0
UMHL,10/24/2017,258.0,257.0,255.0,256.0,-0.78,829.0,706.0,495.0
UMHL,10/25/2017,256.0,258.0,253.0,256.0,0.0,601.0,706.0,495.0
UMHL,10/29/2017,256.0,256.0,254.0,254.0,-0.78,835.0,706.0,495.0
UMHL,10/30/2017,254.0,254.0,250.0,251.0,-1.18,2486.0,706.0,495.0
UMHL,10/31/2017,251.0,251.0,242.0,248.0,-1.2,1529.0,706.0,495.0
UMHL,11/1/2017,248.0,252.0,243.0,243.0,-2.02,234.0,706.0,495.0
UMHL,11/2/2017,243.0,252.0,239.0,247.0,1.65,1835.0,706.0,495.0
UMHL,11/5/2017,247.0,255.0,244.0,250.0,1.21,1355.0,706.0,495.0
UMHL,11/6/2017,250.0,250.0,240.0,240.0,-4.0,2843.0,706.0,495.0
UMHL,11/7/2017,240.0,245.0,240.0,245.0,2.08,431.0,706.0,495.0
UMHL,11/8/2017,245.0,246.0,241.0,244.0,-0.41,1634.0,706.0,495.0
UMHL,11/9/2017,244.0,248.0,240.0,244.0,0.0,777.0,706.0,495.0
UMHL,11/12/2017,244.0,245.0,240.0,243.0,-0.41,1278.0,706.0,495.0
UMHL,11/13/2017,243.0,250.0,240.0,250.0,2.88,2213.0,706.0,495.0
UMHL,11/14/2017,250.0,260.0,249.0,260.0,4.0,2432.0,706.0,495.0
UMHL,11/15/2017,260.0,260.0,250.0,258.0,-0.77,3601.0,706.0,495.0
UMHL,11/16/2017,258.0,253.0,246.0,251.0,-2.71,948.0,706.0,495.0
UMHL,11/19/2017,251.0,253.0,244.0,244.0,-2.79,1265.0,706.0,495.0
UMHL,11/20/2017,244.0,247.0,241.0,244.0,0.0,1161.0,706.0,495.0
UMHL,11/21/2017,244.0,248.0,240.0,247.0,1.23,1843.0,706.0,495.0
UMHL,11/22/2017,247.0,250.0,243.0,247.0,0.0,301.0,706.0,495.0
UMHL,11/23/2017,247.0,250.0,247.0,247.0,0.0,1205.0,706.0,495.0
UMHL,11/26/2017,247.0,258.0,245.0,254.0,2.83,2657.0,706.0,495.0
UMHL,11/27/2017,254.0,259.0,251.0,256.0,0.79,1240.0,706.0,495.0
UMHL,11/28/2017,256.0,255.0,250.0,252.0,-1.56,1300.0,706.0,495.0
UMHL,11/29/2017,252.0,263.0,250.0,262.0,3.97,4206.0,706.0,495.0
UMHL,11/30/2017,262.0,272.0,248.0,272.0,3.82,5769.0,706.0,495.0
UMHL,12/4/2017,272.0,275.0,262.0,275.0,1.1,3435.0,706.0,495.0
UMHL,12/5/2017,275.0,275.0,267.0,271.0,-1.45,3653.0,706.0,495.0
UMHL,12/6/2017,271.0,285.0,268.0,281.0,3.69,7238.0,706.0,495.0
UMHL,12/10/2017,281.0,286.0,266.0,276.0,-1.78,1189.0,706.0,495.0
UMHL,12/11/2017,276.0,275.0,267.0,269.0,-2.54,1493.0,706.0,495.0
UMHL,12/12/2017,269.0,274.0,262.0,274.0,1.86,2250.0,706.0,495.0
UMHL,12/13/2017,274.0,272.0,263.0,272.0,-0.73,694.0,706.0,495.0
UMHL,12/14/2017,272.0,272.0,264.0,270.0,-0.74,658.0,706.0,495.0
UMHL,12/17/2017,270.0,267.0,264.0,264.0,-2.22,3386.0,706.0,495.0
UMHL,12/18/2017,264.0,270.0,262.0,265.0,0.38,1885.0,706.0,495.0
UMHL,12/19/2017,265.0,265.0,262.0,262.0,-1.13,3043.0,706.0,495.0
UMHL,12/20/2017,262.0,265.0,262.0,264.0,0.76,1178.0,706.0,495.0
UMHL,12/21/2017,264.0,261.0,256.0,257.0,-2.65,2272.0,706.0,495.0
UMHL,12/24/2017,257.0,262.0,252.0,255.0,-0.78,907.0,706.0,495.0
UMHL,12/26/2017,255.0,256.0,245.0,250.0,-1.96,631.0,706.0,495.0
UMHL,12/27/2017,250.0,250.0,242.0,250.0,0.0,1052.0,706.0,495.0
UMHL,12/28/2017,250.0,249.0,243.0,249.0,-0.4,3271.0,706.0,495.0
UMHL,12/31/2017,249.0,250.0,242.0,248.0,-0.4,2438.0,706.0,495.0
UMHL,1/1/2018,248.0,253.0,249.0,252.0,1.61,694.0,706.0,495.0
UMHL,1/2/2018,252.0,253.0,247.0,250.0,-0.79,268.0,706.0,495.0
UMHL,1/3/2018,250.0,250.0,245.0,245.0,-2.0,1398.0,706.0,495.0
UMHL,1/4/2018,245.0,247.0,242.0,246.0,0.41,570.0,706.0,495.0
UMHL,1/7/2018,246.0,246.0,242.0,242.0,-1.63,1950.0,706.0,495.0
UMHL,1/8/2018,242.0,243.0,240.0,241.0,-0.41,1468.0,706.0,495.0
UMHL,1/9/2018,241.0,247.0,242.0,242.0,0.41,68.0,706.0,495.0
UMHL,1/10/2018,242.0,245.0,234.0,242.0,0.0,4576.0,706.0,495.0
UMHL,1/14/2018,242.0,240.0,237.0,238.0,-1.65,362.0,706.0,495.0
UMHL,1/16/2018,238.0,240.0,230.0,240.0,0.84,1264.0,706.0,495.0
UMHL,1/17/2018,240.0,237.0,233.0,237.0,-1.25,393.0,706.0,495.0
UMHL,1/21/2018,237.0,239.0,230.0,230.0,-2.95,2132.0,706.0,495.0
UMHL,1/22/2018,230.0,238.0,231.0,234.0,1.74,425.0,706.0,495.0
UMHL,1/23/2018,234.0,238.0,230.0,237.0,1.28,2253.0,706.0,495.0
UMHL,1/24/2018,237.0,239.0,232.0,234.0,-1.27,492.0,706.0,495.0
UMHL,1/25/2018,234.0,234.0,231.0,234.0,0.0,164.0,706.0,495.0
UMHL,1/28/2018,234.0,236.0,229.0,229.0,-2.14,2339.0,706.0,495.0
UMHL,1/29/2018,229.0,233.0,228.0,229.0,0.0,1570.0,706.0,495.0
UMHL,1/31/2018,229.0,229.0,225.0,225.0,-1.75,582.0,706.0,495.0
UMHL,2/1/2018,225.0,233.0,222.0,229.0,1.78,881.0,706.0,495.0
UMHL,2/4/2018,229.0,236.0,226.0,236.0,3.06,3875.0,706.0,495.0
UMHL,2/5/2018,236.0,238.0,226.0,238.0,0.85,801.0,706.0,495.0
UMHL,2/6/2018,238.0,236.0,230.0,232.0,-2.52,174.0,706.0,495.0
UMHL,2/7/2018,232.0,235.0,228.0,235.0,1.29,429.0,706.0,495.0
UMHL,2/8/2018,235.0,234.0,230.0,234.0,-0.43,405.0,706.0,495.0
UMHL,2/11/2018,234.0,237.0,226.0,230.0,-1.71,937.0,706.0,495.0
UMHL,2/12/2018,230.0,230.0,224.0,228.0,-0.87,202.0,706.0,495.0
UMHL,2/14/2018,228.0,230.0,221.0,230.0,0.88,1579.0,706.0,495.0
UMHL,2/15/2018,230.0,234.0,227.0,234.0,1.74,1344.0,706.0,495.0
UMHL,2/18/2018,230.0,230.0,225.0,226.0,-3.42,822.0,706.0,495.0
UMHL,2/20/2018,230.0,230.0,223.0,223.0,-1.33,3365.0,706.0,495.0
UMHL,2/21/2018,224.0,224.0,211.0,211.0,-5.38,8339.0,706.0,495.0
UMHL,2/22/2018,210.0,218.0,209.0,211.0,0.0,3329.0,706.0,495.0
UMHL,2/25/2018,210.0,215.0,209.0,210.0,-0.47,777.0,706.0,495.0
UMHL,2/26/2018,207.0,212.0,202.0,202.0,-3.81,3113.0,706.0,495.0
UMHL,2/27/2018,200.0,208.0,200.0,207.0,2.48,1069.0,706.0,495.0
UMHL,2/28/2018,207.0,207.0,199.0,201.0,-2.9,2318.0,706.0,495.0
UMHL,3/4/2018,197.0,202.0,194.0,194.0,-3.48,1162.0,706.0,495.0
UMHL,3/5/2018,191.0,193.0,184.0,185.0,-4.64,2673.0,706.0,495.0
UMHL,3/6/2018,185.0,188.0,181.0,185.0,0.0,2149.0,706.0,495.0
UMHL,3/7/2018,185.0,193.0,185.0,188.0,1.62,1572.0,706.0,495.0
UMHL,3/11/2018,185.0,189.0,183.0,185.0,-1.6,912.0,706.0,495.0
UMHL,3/12/2018,182.0,188.0,179.0,188.0,1.62,513.0,706.0,495.0
UMHL,3/13/2018,186.0,186.0,183.0,186.0,-1.06,661.0,706.0,495.0
UMHL,3/14/2018,185.0,187.0,184.0,187.0,0.54,314.0,706.0,495.0
UMHL,3/15/2018,184.0,187.0,184.0,185.0,-1.07,224.0,706.0,495.0
UMHL,3/18/2018,188.0,188.0,177.0,178.0,-3.78,1383.0,706.0,495.0
UMHL,3/19/2018,181.0,181.0,175.0,175.0,-1.69,1370.0,706.0,495.0
UMHL,3/20/2018,175.0,175.0,173.0,173.0,-1.14,101.0,706.0,495.0
UMHL,3/21/2018,171.0,171.0,168.0,168.0,-2.89,700.0,706.0,495.0
UMHL,3/22/2018,171.0,173.0,163.0,163.0,-2.98,5622.0,706.0,495.0
UMHL,3/26/2018,161.0,162.0,161.0,161.0,-1.23,172.0,706.0,495.0
UMHL,3/27/2018,161.0,170.0,151.0,170.0,5.59,2926.0,706.0,495.0
UMHL,3/28/2018,168.0,173.0,164.0,164.0,-3.53,1399.0,706.0,495.0
UMHL,3/29/2018,167.0,173.0,167.0,173.0,5.49,348.0,706.0,495.0
UMHL,4/1/2018,170.0,173.0,167.0,172.0,-0.58,525.0,706.0,495.0
UMHL,4/2/2018,175.0,175.0,165.0,165.0,-4.07,542.0,706.0,495.0
UMHL,4/3/2018,163.0,166.0,163.0,166.0,0.61,108.0,706.0,495.0
UMHL,4/4/2018,169.0,175.0,169.0,175.0,5.42,142.0,706.0,495.0
UMHL,4/5/2018,178.0,181.0,172.0,172.0,-1.71,678.0,706.0,495.0
UMHL,4/8/2018,170.0,189.0,170.0,185.0,7.56,2231.0,706.0,495.0
UMHL,4/9/2018,183.0,186.0,182.0,182.0,-1.62,2370.0,706.0,495.0
UMHL,4/10/2018,179.0,182.0,177.0,177.0,-2.75,524.0,706.0,495.0
UMHL,4/11/2018,174.0,178.0,172.0,175.0,-1.13,301.0,706.0,495.0
UMHL,4/12/2018,172.0,178.0,172.0,175.0,0.0,1154.0,706.0,495.0
UMHL,4/15/2018,175.0,178.0,175.0,175.0,0.0,328.0,706.0,495.0
UMHL,4/16/2018,175.0,180.0,174.0,178.0,1.71,523.0,706.0,495.0
UMHL,4/17/2018,176.0,184.0,176.0,184.0,3.37,206.0,706.0,495.0
UMHL,4/18/2018,182.0,202.0,181.0,199.0,8.15,4403.0,706.0,495.0
UMHL,4/19/2018,202.0,213.0,197.0,213.0,7.04,3678.0,706.0,495.0
UMHL,4/22/2018,217.0,224.0,208.0,224.0,5.16,4323.0,706.0,495.0
UMHL,4/23/2018,228.0,235.0,212.0,216.0,-3.57,7413.0,706.0,495.0
UMHL,4/24/2018,213.0,223.0,208.0,223.0,3.24,380.0,706.0,495.0
UMHL,4/25/2018,227.0,227.0,210.0,210.0,-5.83,1527.0,706.0,495.0
UMHL,4/26/2018,208.0,212.0,206.0,210.0,0.0,638.0,706.0,495.0
UMHL,4/29/2018,206.0,206.0,197.0,200.0,-4.76,155.0,706.0,495.0
UMHL,5/2/2018,196.0,197.0,193.0,197.0,-1.5,555.0,706.0,495.0
UMHL,5/3/2018,195.0,204.0,195.0,204.0,3.55,888.0,706.0,495.0
UMHL,5/6/2018,205.0,205.0,199.0,204.0,0.0,1546.0,706.0,495.0
UMHL,5/7/2018,200.0,202.0,196.0,202.0,-0.98,1313.0,706.0,495.0
UMHL,5/8/2018,204.0,203.0,194.0,203.0,0.5,783.0,706.0,495.0
UMHL,5/9/2018,199.0,203.0,198.0,199.0,-1.97,480.0,706.0,495.0
UMHL,5/10/2018,202.0,202.0,196.0,200.0,0.5,628.0,706.0,495.0
UMHL,5/14/2018,196.0,197.0,194.0,195.0,-2.5,1118.0,706.0,495.0
UMHL,5/15/2018,192.0,192.0,192.0,192.0,-1.54,73.0,706.0,495.0
UMHL,5/16/2018,190.0,192.0,190.0,191.0,-0.52,174.0,706.0,495.0
UMHL,5/17/2018,191.0,192.0,189.0,192.0,0.52,1063.0,706.0,495.0
UMHL,5/20/2018,192.0,194.0,186.0,186.0,-3.12,697.0,706.0,495.0
UMHL,5/21/2018,187.0,192.0,184.0,187.0,0.54,956.0,706.0,495.0
UMHL,5/22/2018,190.0,190.0,186.0,189.0,1.07,1440.0,706.0,495.0
UMHL,5/23/2018,189.0,192.0,189.0,192.0,1.59,254.0,706.0,495.0
UMHL,5/24/2018,192.0,192.0,187.0,187.0,-2.6,150.0,706.0,495.0
UMHL,5/27/2018,185.0,186.0,183.0,186.0,-0.53,367.0,706.0,495.0
UMHL,5/28/2018,183.0,191.0,183.0,191.0,2.69,421.0,706.0,495.0
UMHL,5/29/2018,191.0,191.0,187.0,190.0,-0.52,178.0,706.0,495.0
UMHL,5/30/2018,187.0,191.0,187.0,190.0,0.0,322.0,706.0,495.0
UMHL,5/31/2018,190.0,190.0,187.0,187.0,-1.58,207.0,706.0,495.0
UMHL,6/3/2018,187.0,188.0,187.0,188.0,0.53,272.0,706.0,495.0
UMHL,6/4/2018,187.0,187.0,181.0,184.0,-2.13,212.0,706.0,495.0
UMHL,6/6/2018,181.0,181.0,180.0,180.0,-2.17,42.0,706.0,495.0
UMHL,6/7/2018,180.0,178.0,173.0,174.0,-3.33,933.0,706.0,495.0
UMHL,6/10/2018,172.0,172.0,169.0,172.0,-1.15,306.0,706.0,495.0
UMHL,6/11/2018,169.0,175.0,169.0,175.0,1.74,1108.0,706.0,495.0
UMHL,6/12/2018,174.0,174.0,168.0,170.0,-2.86,525.0,706.0,495.0
UMHL,6/13/2018,167.0,173.0,164.0,173.0,1.76,1436.0,706.0,495.0
UMHL,6/14/2018,173.0,190.0,170.0,185.0,6.94,4525.0,706.0,495.0
UMHL,6/17/2018,185.0,185.0,173.0,182.0,-1.62,778.0,706.0,495.0
UMHL,6/18/2018,183.0,183.0,180.0,180.0,-1.1,736.0,706.0,495.0
UMHL,6/19/2018,178.0,183.0,178.0,183.0,1.67,430.0,706.0,495.0
UMHL,6/20/2018,182.0,182.0,175.0,175.0,-4.37,767.0,706.0,495.0
UMHL,6/21/2018,172.0,172.0,167.0,167.0,-4.57,1087.0,706.0,495.0
UMHL,6/24/2018,164.0,169.0,164.0,168.0,0.6,389.0,706.0,495.0
UMHL,6/25/2018,171.0,172.0,168.0,172.0,2.38,192.0,706.0,495.0
UMHL,6/26/2018,170.0,172.0,170.0,172.0,0.0,1457.0,706.0,495.0
UMHL,6/27/2018,170.0,173.0,170.0,172.0,0.0,128.0,706.0,495.0
UMHL,6/28/2018,170.0,175.0,170.0,172.0,0.0,1397.0,706.0,495.0
UMHL,7/1/2018,173.0,173.0,166.0,166.0,-3.49,201.0,706.0,495.0
UMHL,7/2/2018,168.0,168.0,160.0,162.0,-2.41,684.0,706.0,495.0
UMHL,7/3/2018,162.0,162.0,160.0,162.0,0.0,99.0,706.0,495.0
UMHL,7/4/2018,162.0,165.0,162.0,165.0,1.85,597.0,706.0,495.0
UMHL,7/5/2018,165.0,180.0,165.0,180.0,9.09,1237.0,706.0,495.0
UMHL,7/8/2018,180.0,180.0,168.0,168.0,-6.67,1966.0,706.0,495.0
UMHL,7/9/2018,168.0,172.0,165.0,165.0,-1.79,4169.0,706.0,495.0
UMHL,7/10/2018,165.0,170.0,163.0,163.0,-1.21,2660.0,706.0,495.0
UMHL,7/11/2018,160.0,170.0,160.0,163.0,0.0,3582.0,706.0,495.0
UMHL,7/12/2018,166.0,167.0,165.0,166.0,1.84,668.0,706.0,495.0
UMHL,7/15/2018,166.0,166.0,160.0,160.0,-3.61,1586.0,706.0,495.0
UMHL,7/16/2018,163.0,172.0,162.0,172.0,7.5,303.0,706.0,495.0
UMHL,7/17/2018,172.0,172.0,164.0,169.0,-1.74,443.0,706.0,495.0
UMHL,7/18/2018,169.0,170.0,165.0,165.0,-2.37,529.0,706.0,495.0
UMHL,7/19/2018,165.0,166.0,163.0,164.0,-0.61,133.0,706.0,495.0
UMHL,7/22/2018,164.0,164.0,162.0,162.0,-1.22,632.0,706.0,495.0
UMHL,7/23/2018,165.0,166.0,163.0,166.0,2.47,154.0,706.0,495.0
UMHL,7/24/2018,166.0,169.0,166.0,166.0,0.0,358.0,706.0,495.0
UMHL,7/25/2018,169.0,169.0,164.0,164.0,-1.2,234.0,706.0,495.0
UMHL,7/26/2018,164.0,167.0,163.0,163.0,-0.61,384.0,706.0,495.0
UMHL,7/29/2018,165.0,168.0,165.0,168.0,3.07,851.0,706.0,495.0
UMHL,7/30/2018,168.0,174.0,165.0,166.0,-1.19,1733.0,706.0,495.0
UMHL,7/31/2018,164.0,174.0,164.0,170.0,2.41,1762.0,706.0,495.0
UMHL,8/1/2018,167.0,167.0,165.0,165.0,-2.94,541.0,706.0,495.0
UMHL,8/2/2018,166.0,171.0,166.0,167.0,1.21,3686.0,706.0,495.0
UMHL,8/5/2018,164.0,170.0,162.0,170.0,1.8,684.0,706.0,495.0
UMHL,8/6/2018,167.0,170.0,164.0,166.0,-2.35,1246.0,706.0,495.0
UMHL,8/7/2018,169.0,169.0,167.0,167.0,0.6,86.0,706.0,495.0
UMHL,8/8/2018,167.0,170.0,166.0,170.0,1.8,1010.0,706.0,495.0
UMHL,8/9/2018,167.0,169.0,166.0,168.0,-1.18,719.0,706.0,495.0
UMHL,8/12/2018,165.0,166.0,163.0,165.0,-1.79,1177.0,706.0,495.0
UMHL,8/13/2018,167.0,168.0,164.0,164.0,-0.61,3352.0,706.0,495.0
UMHL,8/14/2018,163.0,167.0,163.0,166.0,1.22,212.0,706.0,495.0
UMHL,8/15/2018,163.0,170.0,162.0,170.0,2.41,484.0,706.0,495.0
UMHL,8/16/2018,168.0,168.0,168.0,168.0,-1.18,24.0,706.0,495.0
UMHL,8/19/2018,165.0,165.0,165.0,165.0,-1.79,10.0,706.0,495.0
UMHL,8/20/2018,162.0,164.0,162.0,164.0,-0.61,582.0,706.0,495.0
UMHL,8/21/2018,162.0,168.0,162.0,168.0,2.44,239.0,706.0,495.0
UMHL,8/22/2018,165.0,167.0,165.0,167.0,-0.6,56.0,706.0,495.0
UMHL,8/23/2018,164.0,165.0,164.0,165.0,-1.2,107.0,706.0,495.0
UMHL,8/26/2018,162.0,165.0,160.0,165.0,0.0,2289.0,706.0,495.0
UMHL,8/28/2018,165.0,165.0,162.0,162.0,-1.82,1326.0,706.0,495.0
UMHL,8/29/2018,162.0,168.0,162.0,163.0,0.62,1139.0,706.0,495.0
UMHL,8/30/2018,162.0,165.0,162.0,165.0,1.23,40.0,706.0,495.0
UMHL,9/2/2018,162.0,162.0,161.0,162.0,-1.82,69.0,706.0,495.0
UMHL,9/3/2018,163.0,174.0,161.0,174.0,7.41,277.0,706.0,495.0
UMHL,9/4/2018,174.0,177.0,171.0,171.0,-1.72,311.0,706.0,495.0
UMHL,9/5/2018,168.0,172.0,168.0,172.0,0.58,846.0,706.0,495.0
UMHL,9/6/2018,175.0,175.0,165.0,165.0,-4.07,1755.0,706.0,495.0
UMHL,9/9/2018,162.0,168.0,162.0,165.0,0.0,452.0,706.0,495.0
UMHL,9/10/2018,162.0,165.0,162.0,165.0,0.0,129.0,706.0,495.0
UMHL,9/11/2018,166.0,169.0,163.0,169.0,2.42,2529.0,706.0,495.0
UMHL,9/12/2018,170.0,170.0,170.0,170.0,0.59,200.0,706.0,495.0
UMHL,9/13/2018,168.0,168.0,165.0,165.0,-2.94,293.0,706.0,495.0
UMHL,9/16/2018,164.0,174.0,164.0,174.0,5.45,441.0,706.0,495.0
UMHL,9/17/2018,171.0,171.0,168.0,168.0,-3.45,265.0,706.0,495.0
UMHL,9/18/2018,165.0,165.0,162.0,163.0,-2.98,1973.0,706.0,495.0
UMHL,9/20/2018,166.0,172.0,165.0,165.0,1.23,1533.0,706.0,495.0
UMHL,9/23/2018,162.0,166.0,162.0,164.0,-0.61,2832.0,706.0,495.0
UMHL,9/25/2018,163.0,169.0,163.0,167.0,1.83,881.0,706.0,495.0
UMHL,9/26/2018,170.0,170.0,167.0,167.0,0.0,103.0,706.0,495.0
UMHL,9/27/2018,164.0,166.0,164.0,164.0,-1.8,84.0,706.0,495.0
UMHL,9/30/2018,162.0,165.0,162.0,163.0,-0.61,2999.0,706.0,495.0
UMHL,10/1/2018,163.0,165.0,162.0,162.0,-0.61,1437.0,706.0,495.0
UMHL,10/2/2018,162.0,164.0,158.0,164.0,1.23,3559.0,706.0,495.0
UMHL,10/3/2018,161.0,164.0,161.0,164.0,0.0,86.0,706.0,495.0
UMHL,10/4/2018,161.0,164.0,158.0,162.0,-1.22,552.0,706.0,495.0
UMHL,10/7/2018,159.0,159.0,157.0,157.0,-3.09,148.0,706.0,495.0
UMHL,10/8/2018,159.0,159.0,159.0,159.0,1.27,24.0,706.0,495.0
UMHL,10/9/2018,156.0,162.0,153.0,160.0,0.63,632.0,706.0,495.0
UMHL,10/10/2018,157.0,163.0,157.0,157.0,-1.88,139.0,706.0,495.0
UMHL,10/11/2018,154.0,159.0,154.0,159.0,1.27,585.0,706.0,495.0
UMHL,10/14/2018,158.0,159.0,156.0,159.0,0.0,187.0,706.0,495.0
UMHL,10/15/2018,162.0,162.0,156.0,159.0,0.0,263.0,706.0,495.0
UMHL,10/21/2018,162.0,162.0,162.0,162.0,1.89,14.0,706.0,495.0
UMHL,10/22/2018,159.0,159.0,159.0,159.0,-1.85,357.0,706.0,495.0
UMHL,10/23/2018,158.0,160.0,157.0,157.0,-1.26,998.0,706.0,495.0
UMHL,10/24/2018,154.0,166.0,153.0,166.0,5.73,146.0,706.0,495.0
UMHL,10/29/2018,163.0,163.0,156.0,157.0,-5.42,481.0,706.0,495.0
UMHL,10/30/2018,157.0,157.0,154.0,155.0,-1.27,926.0,706.0,495.0
UMHL,10/31/2018,152.0,155.0,152.0,152.0,-1.94,814.0,706.0,495.0
UMHL,11/1/2018,152.0,152.0,150.0,150.0,-1.32,512.0,706.0,495.0
UMHL,11/4/2018,150.0,150.0,147.0,147.0,-2.0,214.0,706.0,495.0
UMHL,11/5/2018,146.0,146.0,145.0,146.0,-0.68,610.0,706.0,495.0
UMHL,11/11/2018,146.0,146.0,145.0,145.0,-0.68,89.0,706.0,495.0
UMHL,11/12/2018,143.0,145.0,141.0,141.0,-2.76,556.0,706.0,495.0
UMHL,11/13/2018,139.0,141.0,138.0,139.0,-1.42,814.0,706.0,495.0
UMHL,11/14/2018,137.0,143.0,137.0,143.0,2.88,744.0,706.0,495.0
UMHL,11/15/2018,141.0,142.0,141.0,141.0,-1.4,71.0,706.0,495.0
UMHL,11/18/2018,137.0,139.0,135.0,135.0,-4.26,529.0,706.0,495.0
UMHL,11/19/2018,135.0,138.0,135.0,137.0,1.48,718.0,706.0,495.0
UMHL,11/21/2018,135.0,135.0,133.0,134.0,-2.19,870.0,706.0,495.0
UMHL,11/22/2018,136.0,137.0,134.0,134.0,0.0,906.0,706.0,495.0
UMHL,11/25/2018,132.0,132.0,130.0,130.0,-2.99,570.0,706.0,495.0
UMHL,11/26/2018,132.0,132.0,128.0,130.0,0.0,1346.0,706.0,495.0
UMHL,11/27/2018,130.0,132.0,130.0,130.0,0.0,1309.0,706.0,495.0
UMHL,11/28/2018,129.0,131.0,129.0,131.0,0.77,963.0,706.0,495.0
UMHL,11/29/2018,130.0,131.0,129.0,131.0,0.0,730.0,706.0,495.0
UMHL,12/2/2018,129.0,129.0,125.0,125.0,-4.58,1000.0,706.0,495.0
UMHL,12/3/2018,127.0,131.0,125.0,131.0,4.8,563.0,706.0,495.0
UMHL,12/4/2018,131.0,133.0,130.0,133.0,1.53,573.0,706.0,495.0
UMHL,12/6/2018,131.0,131.0,125.0,127.0,-4.51,257.0,706.0,495.0
UMHL,12/9/2018,125.0,125.0,124.0,124.0,-2.36,475.0,706.0,495.0
UMHL,12/10/2018,124.0,129.0,124.0,128.0,3.23,474.0,706.0,495.0
UMHL,12/12/2018,127.0,127.0,127.0,127.0,-0.78,30.0,706.0,495.0
UMHL,12/13/2018,126.0,128.0,124.0,124.0,-2.36,1195.0,706.0,495.0
UMHL,12/16/2018,122.0,125.0,122.0,123.0,-0.81,1409.0,706.0,495.0
UMHL,12/17/2018,123.0,123.0,123.0,123.0,0.0,42.0,706.0,495.0
UMHL,12/18/2018,124.0,125.0,123.0,125.0,1.63,1448.0,706.0,495.0
UMHL,12/19/2018,126.0,126.0,123.0,125.0,0.0,169.0,706.0,495.0
UMHL,12/20/2018,123.0,124.0,121.0,123.0,-1.6,603.0,706.0,495.0
UMHL,12/23/2018,122.0,123.0,117.0,117.0,-4.88,1431.0,706.0,495.0
UMHL,12/24/2018,119.0,124.0,119.0,124.0,5.98,563.0,706.0,495.0
UMHL,12/25/2018,122.0,122.0,122.0,122.0,-1.61,10.0,706.0,495.0
UMHL,12/26/2018,123.0,124.0,122.0,124.0,1.64,1719.0,706.0,495.0
UMHL,12/27/2018,124.0,124.0,120.0,121.0,-2.42,994.0,706.0,495.0
UMHL,12/30/2018,120.0,123.0,120.0,123.0,1.65,111.0,706.0,495.0
UMHL,12/31/2018,123.0,125.0,122.0,122.0,-0.81,405.0,706.0,495.0
UMHL,1/1/2019,122.0,123.0,122.0,122.0,0.0,137.0,706.0,495.0
UMHL,1/2/2019,120.0,120.0,120.0,120.0,-1.64,200.0,706.0,495.0
UMHL,1/3/2019,122.0,126.0,120.0,126.0,5.0,1144.0,706.0,495.0
UMHL,1/6/2019,124.0,126.0,123.0,125.0,-0.79,182.0,706.0,495.0
UMHL,1/7/2019,123.0,124.0,121.0,124.0,-0.8,124.0,706.0,495.0
UMHL,1/8/2019,122.0,122.0,122.0,122.0,-1.61,214.0,706.0,495.0
UMHL,1/9/2019,122.0,122.0,122.0,122.0,0.0,57.0,706.0,495.0
UMHL,1/10/2019,120.0,123.0,120.0,122.0,0.0,272.0,706.0,495.0
UMHL,1/13/2019,120.0,122.0,120.0,122.0,0.0,77.0,706.0,495.0
UMHL,1/14/2019,121.0,123.0,121.0,123.0,0.82,408.0,706.0,495.0
UMHL,1/15/2019,124.0,127.0,124.0,126.0,2.44,475.0,706.0,495.0
UMHL,1/16/2019,125.0,126.0,123.0,124.0,-1.59,728.0,706.0,495.0
UMHL,1/17/2019,122.0,123.0,121.0,121.0,-2.42,106.0,706.0,495.0
UMHL,1/20/2019,119.0,120.0,119.0,120.0,-0.83,122.0,706.0,495.0
UMHL,1/21/2019,120.0,120.0,120.0,120.0,0.0,1061.0,706.0,495.0
UMHL,1/22/2019,118.0,122.0,118.0,121.0,0.83,887.0,706.0,495.0
UMHL,1/23/2019,120.0,122.0,120.0,122.0,0.83,524.0,706.0,495.0
UMHL,1/24/2019,122.0,122.0,120.0,120.0,-1.64,62.0,706.0,495.0
UMHL,1/27/2019,120.0,120.0,118.0,120.0,0.0,1340.0,706.0,495.0
UMHL,1/28/2019,119.0,122.0,119.0,122.0,1.67,48.0,706.0,495.0
UMHL,1/29/2019,120.0,120.0,116.0,116.0,-4.92,196.0,706.0,495.0
UMHL,1/30/2019,116.0,119.0,115.0,116.0,0.0,1249.0,706.0,495.0
UMHL,1/31/2019,115.0,117.0,115.0,116.0,0.0,290.0,706.0,495.0
UMHL,2/3/2019,114.0,115.0,114.0,115.0,-0.86,1002.0,706.0,495.0
UMHL,2/4/2019,114.0,115.0,113.0,113.0,-1.74,846.0,706.0,495.0
UMHL,2/5/2019,113.0,116.0,113.0,116.0,2.65,205.0,706.0,495.0
UMHL,2/6/2019,118.0,118.0,115.0,115.0,-0.86,76.0,706.0,495.0
UMHL,2/7/2019,115.0,116.0,113.0,115.0,0.0,222.0,706.0,495.0
UMHL,2/10/2019,113.0,117.0,113.0,115.0,0.0,219.0,706.0,495.0
UMHL,2/11/2019,113.0,114.0,113.0,114.0,-0.87,64.0,706.0,495.0
UMHL,2/12/2019,112.0,115.0,112.0,115.0,0.88,412.0,706.0,495.0
UMHL,2/13/2019,116.0,116.0,113.0,113.0,-1.74,1176.0,706.0,495.0
UMHL,2/14/2019,111.0,113.0,110.0,110.0,-2.65,2387.0,706.0,495.0
UMHL,2/17/2019,111.0,112.0,109.0,110.0,0.0,581.0,706.0,495.0
UMHL,2/18/2019,108.0,111.0,107.0,108.0,-1.82,674.0,706.0,495.0
UMHL,2/19/2019,110.0,111.0,106.0,111.0,2.78,923.0,706.0,495.0
UMHL,2/20/2019,111.0,111.0,107.0,108.0,-2.7,138.0,706.0,495.0
UMHL,2/21/2019,106.0,111.0,106.0,111.0,2.78,126.0,706.0,495.0
UMHL,2/24/2019,109.0,109.0,106.0,107.0,-3.6,1016.0,706.0,495.0
UMHL,2/25/2019,105.0,107.0,105.0,107.0,0.0,235.0,706.0,495.0
UMHL,2/26/2019,107.0,108.0,107.0,107.0,0.0,303.0,706.0,495.0
UMHL,2/27/2019,109.0,109.0,107.0,108.0,0.93,460.0,706.0,495.0
UMHL,3/3/2019,108.0,108.0,104.0,106.0,-1.85,816.0,706.0,495.0
UMHL,3/5/2019,104.0,105.0,104.0,105.0,-0.94,180.0,706.0,495.0
UMHL,3/6/2019,103.0,107.0,103.0,107.0,1.9,192.0,706.0,495.0
UMHL,3/7/2019,105.0,109.0,105.0,109.0,1.87,110.0,706.0,495.0
UMHL,3/10/2019,107.0,108.0,107.0,108.0,-0.92,141.0,706.0,495.0
UMHL,3/11/2019,108.0,113.0,108.0,113.0,4.63,1120.0,706.0,495.0
UMHL,3/12/2019,114.0,120.0,113.0,116.0,2.65,973.0,706.0,495.0
UMHL,3/13/2019,116.0,117.0,114.0,116.0,0.0,1964.0,706.0,495.0
UMHL,3/14/2019,112.0,118.0,110.0,114.0,-1.72,1510.0,706.0,495.0
UMHL,3/17/2019,113.0,114.0,112.0,113.0,-0.88,905.0,706.0,495.0
UMHL,3/18/2019,114.0,118.0,114.0,118.0,4.42,1354.0,706.0,495.0
UMHL,3/21/2019,112.0,112.0,110.0,112.0,-5.08,1089.0,706.0,495.0
UMHL,3/24/2019,112.0,115.0,112.0,113.0,0.89,672.0,706.0,495.0
UMHL,3/25/2019,112.0,114.0,110.0,114.0,0.88,398.0,706.0,495.0
UMHL,3/26/2019,113.0,114.0,110.0,114.0,0.0,171.0,706.0,495.0
UMHL,3/27/2019,112.0,115.0,112.0,115.0,0.88,293.0,706.0,495.0
UMHL,3/28/2019,113.0,113.0,111.0,113.0,-1.74,107.0,706.0,495.0
UMHL,3/31/2019,112.0,115.0,111.0,115.0,1.77,160.0,706.0,495.0
UMHL,4/1/2019,113.0,114.0,111.0,114.0,-0.87,328.0,706.0,495.0
UMHL,4/2/2019,116.0,118.0,113.0,116.0,1.75,1641.0,706.0,495.0
UMHL,4/3/2019,114.0,117.0,114.0,115.0,-0.86,799.0,706.0,495.0
UMHL,4/4/2019,115.0,117.0,113.0,115.0,0.0,520.0,706.0,495.0
UMHL,4/7/2019,115.0,116.0,113.0,113.0,-1.74,167.0,706.0,495.0
UMHL,4/8/2019,111.0,116.0,111.0,114.0,0.88,226.0,706.0,495.0
UMHL,4/9/2019,112.0,113.0,112.0,113.0,-0.88,116.0,706.0,495.0
UMHL,4/10/2019,113.0,113.0,110.0,113.0,0.0,320.0,706.0,495.0
UMHL,4/11/2019,111.0,112.0,109.0,111.0,-1.77,604.0,706.0,495.0
UMHL,4/15/2019,111.0,111.0,109.0,111.0,0.0,68.0,706.0,495.0
UMHL,4/16/2019,111.0,112.0,110.0,112.0,0.9,3248.0,706.0,495.0
UMHL,4/17/2019,113.0,113.0,112.0,112.0,0.0,142.0,706.0,495.0
UMHL,4/18/2019,111.0,113.0,110.0,112.0,0.0,236.0,706.0,495.0
UMHL,4/21/2019,110.0,111.0,107.0,110.0,-1.79,1159.0,706.0,495.0
UMHL,4/22/2019,110.0,111.0,108.0,110.0,0.0,788.0,706.0,495.0
UMHL,4/23/2019,108.0,112.0,106.0,112.0,1.82,965.0,706.0,495.0
UMHL,4/24/2019,110.0,110.0,107.0,107.0,-4.46,1401.0,706.0,495.0
UMHL,4/25/2019,107.0,110.0,107.0,107.0,0.0,1381.0,706.0,495.0
UMHL,4/28/2019,109.0,116.0,109.0,115.0,7.48,3086.0,706.0,495.0
UMHL,4/29/2019,115.0,115.0,109.0,110.0,-4.35,417.0,706.0,495.0
UMHL,4/30/2019,108.0,119.0,108.0,119.0,8.18,1826.0,706.0,495.0
UMHL,5/2/2019,117.0,117.0,113.0,113.0,-5.04,1069.0,706.0,495.0
UMHL,5/5/2019,113.0,115.0,110.0,110.0,-2.65,1522.0,706.0,495.0
UMHL,5/6/2019,110.0,112.0,110.0,112.0,1.82,338.0,706.0,495.0
UMHL,5/7/2019,110.0,116.0,110.0,114.0,1.79,1743.0,706.0,495.0
UMHL,5/8/2019,116.0,118.0,110.0,118.0,3.51,1845.0,706.0,495.0
UMHL,5/9/2019,118.0,118.0,114.0,118.0,0.0,1521.0,706.0,495.0
UMHL,5/12/2019,116.0,124.0,114.0,123.0,4.24,3839.0,706.0,495.0
UMHL,5/13/2019,121.0,121.0,116.0,116.0,-5.69,1674.0,706.0,495.0
UMHL,5/14/2019,114.0,124.0,114.0,123.0,6.03,7580.0,706.0,495.0
UMHL,5/15/2019,121.0,121.0,117.0,119.0,-3.25,1110.0,706.0,495.0
UMHL,5/16/2019,118.0,121.0,117.0,117.0,-1.68,3583.0,706.0,495.0
UMHL,5/19/2019,116.0,116.0,115.0,115.0,-1.71,1461.0,706.0,495.0
UMHL,5/20/2019,115.0,119.0,115.0,117.0,1.74,3133.0,706.0,495.0
UMHL,5/21/2019,117.0,127.0,117.0,125.0,6.84,4845.0,706.0,495.0
UMHL,5/22/2019,125.0,133.0,119.0,129.0,3.2,12866.0,706.0,495.0
UMHL,5/23/2019,129.0,129.0,118.0,118.0,-8.53,2037.0,706.0,495.0
UMHL,5/26/2019,119.0,123.0,117.0,119.0,0.85,3524.0,706.0,495.0
UMHL,5/27/2019,121.0,127.0,121.0,125.0,5.04,245.0,706.0,495.0
UMHL,5/29/2019,123.0,123.0,119.0,119.0,-4.8,566.0,706.0,495.0
UMHL,5/30/2019,117.0,124.0,117.0,121.0,1.68,696.0,706.0,495.0
UMHL,6/2/2019,121.0,121.0,119.0,119.0,-1.65,134.0,706.0,495.0
UMHL,6/3/2019,117.0,117.0,115.0,115.0,-3.36,2170.0,706.0,495.0
UMHL,6/4/2019,115.0,116.0,114.0,115.0,0.0,3350.0,706.0,495.0
UMHL,6/6/2019,114.0,114.0,112.0,112.0,-2.61,2548.0,706.0,495.0
UMHL,6/10/2019,114.0,118.0,114.0,117.0,4.46,636.0,706.0,495.0
UMHL,6/11/2019,119.0,120.0,112.0,112.0,-4.27,5878.0,706.0,495.0
UMHL,6/12/2019,113.0,116.0,111.0,116.0,3.57,612.0,706.0,495.0
UMHL,6/13/2019,114.0,114.0,113.0,114.0,-1.72,337.0,706.0,495.0
UMHL,6/16/2019,114.0,114.0,110.0,110.0,-3.51,2008.0,706.0,495.0
UMHL,6/17/2019,109.0,115.0,109.0,114.0,3.64,885.0,706.0,495.0
UMHL,6/18/2019,112.0,112.0,110.0,111.0,-2.63,128.0,706.0,495.0
UMHL,6/19/2019,110.0,114.0,109.0,110.0,-0.9,2048.0,706.0,495.0
UMHL,6/20/2019,111.0,112.0,110.0,112.0,1.82,926.0,706.0,495.0
UMHL,6/23/2019,110.0,112.0,110.0,110.0,-1.79,234.0,706.0,495.0
UMHL,6/24/2019,111.0,113.0,109.0,110.0,0.0,437.0,706.0,495.0
UMHL,6/25/2019,109.0,112.0,109.0,112.0,1.82,183.0,706.0,495.0
UMHL,6/26/2019,110.0,110.0,110.0,110.0,-1.79,372.0,706.0,495.0
UMHL,6/27/2019,110.0,112.0,110.0,110.0,0.0,1470.0,706.0,495.0
UMHL,6/30/2019,112.0,112.0,109.0,110.0,0.0,656.0,706.0,495.0
UMHL,7/1/2019,108.0,111.0,105.0,110.0,0.0,4623.0,706.0,495.0
UMHL,7/2/2019,108.0,110.0,107.0,110.0,0.0,488.0,706.0,495.0
UMHL,7/3/2019,110.0,111.0,109.0,109.0,-0.91,956.0,706.0,495.0
UMHL,7/4/2019,108.0,111.0,108.0,109.0,0.0,792.0,706.0,495.0
UMHL,7/7/2019,114.0,115.0,108.0,109.0,0.0,362.0,706.0,495.0
UMHL,7/8/2019,107.0,111.0,107.0,109.0,0.0,1317.0,706.0,495.0
UMHL,7/9/2019,107.0,111.0,107.0,111.0,1.83,487.0,706.0,495.0
UMHL,7/10/2019,109.0,109.0,107.0,108.0,-2.7,345.0,706.0,495.0
UMHL,7/11/2019,108.0,110.0,108.0,108.0,0.0,1252.0,706.0,495.0
UMHL,7/14/2019,106.0,112.0,106.0,110.0,1.85,834.0,706.0,495.0
UMHL,7/15/2019,108.0,110.0,108.0,110.0,0.0,616.0,706.0,495.0
UMHL,7/16/2019,108.0,110.0,108.0,109.0,-0.91,588.0,706.0,495.0
UMHL,7/17/2019,109.0,111.0,109.0,111.0,1.83,105.0,706.0,495.0
UMHL,7/18/2019,111.0,115.0,111.0,115.0,3.6,690.0,706.0,495.0
UMHL,7/21/2019,113.0,113.0,112.0,112.0,-2.61,198.0,706.0,495.0
UMHL,7/22/2019,110.0,112.0,110.0,110.0,-1.79,80.0,706.0,495.0
UMHL,7/23/2019,110.0,110.0,108.0,108.0,-1.82,281.0,706.0,495.0
UMHL,7/24/2019,108.0,112.0,108.0,112.0,3.7,121.0,706.0,495.0
UMHL,7/25/2019,112.0,112.0,109.0,110.0,-1.79,320.0,706.0,495.0
UMHL,7/28/2019,108.0,109.0,108.0,109.0,-0.91,482.0,706.0,495.0
UMHL,7/29/2019,107.0,107.0,107.0,107.0,-1.83,14.0,706.0,495.0
UMHL,7/30/2019,105.0,109.0,105.0,109.0,1.87,875.0,706.0,495.0
UMHL,7/31/2019,108.0,109.0,108.0,108.0,-0.92,78.0,706.0,495.0
UMHL,8/1/2019,110.0,110.0,107.0,107.0,-0.93,446.0,706.0,495.0
UMHL,8/4/2019,105.0,109.0,105.0,107.0,0.0,965.0,706.0,495.0
UMHL,8/5/2019,108.0,108.0,107.0,108.0,0.93,2939.0,706.0,495.0
UMHL,8/6/2019,106.0,110.0,106.0,110.0,1.85,362.0,706.0,495.0
UMHL,8/7/2019,108.0,108.0,107.0,108.0,-1.82,685.0,706.0,495.0
UMHL,8/8/2019,106.0,107.0,106.0,106.0,-1.85,510.0,706.0,495.0
UMHL,8/11/2019,105.0,107.0,105.0,106.0,0.0,907.0,706.0,495.0
UMHL,8/12/2019,104.0,106.0,104.0,105.0,-0.94,212.0,706.0,495.0
UMHL,8/13/2019,105.0,113.0,105.0,113.0,7.62,109.0,706.0,495.0
UMHL,8/15/2019,111.0,111.0,107.0,107.0,-5.31,326.0,706.0,495.0
UMHL,8/18/2019,105.0,107.0,105.0,107.0,0.0,439.0,706.0,495.0
UMHL,8/19/2019,105.0,106.0,105.0,106.0,-0.93,56.0,706.0,495.0
UMHL,8/20/2019,105.0,105.0,105.0,105.0,-0.94,442.0,706.0,495.0
UMHL,8/21/2019,105.0,107.0,104.0,105.0,0.0,1684.0,706.0,495.0
UMHL,8/22/2019,104.0,106.0,104.0,106.0,0.95,331.0,706.0,495.0
UMHL,8/25/2019,108.0,108.0,106.0,106.0,0.0,210.0,706.0,495.0
UMHL,8/26/2019,104.0,106.0,104.0,105.0,-0.94,705.0,706.0,495.0
UMHL,8/27/2019,105.0,106.0,104.0,105.0,0.0,1426.0,706.0,495.0
UMHL,8/28/2019,105.0,105.0,104.0,104.0,-0.95,152.0,706.0,495.0
UMHL,8/29/2019,106.0,106.0,104.0,105.0,0.96,257.0,706.0,495.0
UMHL,9/1/2019,103.0,105.0,103.0,105.0,0.0,680.0,706.0,495.0
UMHL,9/2/2019,103.0,103.0,102.0,102.0,-2.86,67.0,706.0,495.0
UMHL,9/3/2019,102.0,102.0,102.0,102.0,0.0,1015.0,706.0,495.0
UMHL,9/4/2019,102.0,106.0,102.0,105.0,2.94,1291.0,706.0,495.0
UMHL,9/5/2019,104.0,107.0,104.0,104.0,-0.95,334.0,706.0,495.0
UMHL,9/8/2019,104.0,106.0,101.0,106.0,1.92,788.0,706.0,495.0
UMHL,9/9/2019,104.0,104.0,102.0,102.0,-3.77,49.0,706.0,495.0
UMHL,9/10/2019,100.0,104.0,100.0,104.0,1.96,42.0,706.0,495.0
UMHL,9/11/2019,104.0,106.0,101.0,104.0,0.0,472.0,706.0,495.0
UMHL,9/12/2019,105.0,106.0,100.0,100.0,-3.85,2609.0,706.0,495.0
UMHL,9/15/2019,100.0,99.0,100.0,100.0,0.0,139.0,706.0,495.0
UMHL,9/16/2019,99.0,100.0,99.0,100.0,0.0,267.0,706.0,495.0
UMHL,9/17/2019,99.0,99.0,100.0,101.0,1.0,415.0,706.0,495.0
UMHL,9/18/2019,100.0,104.0,100.0,102.0,0.99,594.0,706.0,495.0
UMHL,9/19/2019,100.0,105.0,100.0,103.0,0.98,78.0,706.0,495.0
UMHL,9/22/2019,103.0,104.0,101.0,104.0,0.97,94.0,706.0,495.0
UMHL,9/23/2019,102.0,105.0,102.0,105.0,0.96,702.0,706.0,495.0
UMHL,9/24/2019,107.0,107.0,107.0,107.0,1.9,14.0,706.0,495.0
UMHL,9/25/2019,109.0,109.0,105.0,107.0,0.0,328.0,706.0,495.0
UMHL,9/26/2019,107.0,107.0,103.0,105.0,-1.87,332.0,706.0,495.0
UMHL,9/29/2019,105.0,105.0,101.0,101.0,-3.81,774.0,706.0,495.0
UMHL,9/30/2019,101.0,102.0,101.0,102.0,0.99,56.0,706.0,495.0
UMHL,10/1/2019,100.0,102.0,100.0,102.0,0.0,48.0,706.0,495.0
UMHL,10/2/2019,102.0,102.0,102.0,102.0,0.0,42.0,706.0,495.0
UMHL,10/14/2019,100.0,103.0,100.0,103.0,0.98,379.0,706.0,495.0
UMHL,10/15/2019,102.0,104.0,102.0,103.0,0.0,65.0,706.0,495.0
UMHL,10/16/2019,102.0,103.0,100.0,102.0,-0.97,665.0,706.0,495.0
UMHL,10/17/2019,102.0,103.0,102.0,103.0,0.98,331.0,706.0,495.0
UMHL,10/22/2019,101.0,101.0,100.0,101.0,-1.94,462.0,706.0,495.0
UMHL,10/23/2019,100.0,100.0,100.0,100.0,-0.99,42.0,706.0,495.0
UMHL,10/24/2019,102.0,103.0,102.0,103.0,3.0,178.0,706.0,495.0
UMHL,10/31/2019,102.0,105.0,102.0,105.0,1.94,123.0,706.0,495.0
UMHL,11/3/2019,103.0,103.0,100.0,100.0,-4.76,662.0,706.0,495.0
UMHL,11/4/2019,102.0,102.0,99.0,100.0,0.0,2090.0,706.0,495.0
UMHL,11/5/2019,98.0,100.0,98.0,100.0,0.0,3197.0,706.0,495.0
UMHL,11/6/2019,100.0,100.0,99.0,100.0,0.0,1226.0,706.0,495.0
UMHL,11/7/2019,100.0,102.0,100.0,100.0,0.0,174.0,706.0,495.0
UMHL,11/10/2019,100.0,102.0,98.0,102.0,2.0,83.0,706.0,495.0
UMHL,11/11/2019,100.0,102.0,100.0,102.0,0.0,400.0,706.0,495.0
UMHL,11/12/2019,102.0,102.0,99.0,100.0,-1.96,752.0,706.0,495.0
UMHL,11/13/2019,98.0,99.0,98.0,98.0,-2.0,335.0,706.0,495.0
UMHL,11/14/2019,98.0,102.0,98.0,101.0,3.06,2338.0,706.0,495.0
UMHL,11/17/2019,103.0,107.0,101.0,103.0,1.98,1384.0,706.0,495.0
UMHL,11/18/2019,101.0,102.0,101.0,101.0,-1.94,185.0,706.0,495.0
UMHL,11/19/2019,102.0,102.0,99.0,101.0,0.0,909.0,706.0,495.0
UMHL,11/20/2019,102.0,103.0,101.0,102.0,0.99,1430.0,706.0,495.0
UMHL,11/21/2019,100.0,102.0,100.0,102.0,0.0,589.0,706.0,495.0
UMHL,11/24/2019,100.0,102.0,100.0,101.0,-0.98,871.0,706.0,495.0
UMHL,11/25/2019,100.0,99.0,100.0,100.0,-0.99,9948.0,706.0,495.0
UMHL,11/26/2019,102.0,102.0,100.0,101.0,1.0,10480.0,706.0,495.0
UMHL,11/27/2019,101.0,103.0,100.0,101.0,0.0,2248.0,706.0,495.0
UMHL,11/28/2019,99.0,102.0,99.0,101.0,0.0,2414.0,706.0,495.0
UMHL,12/1/2019,99.0,102.0,99.0,101.0,0.0,3788.0,706.0,495.0
UMHL,12/2/2019,99.0,101.0,99.0,100.0,-0.99,1430.0,706.0,495.0
UMHL,12/3/2019,100.0,101.0,100.0,101.0,1.0,807.0,706.0,495.0
UMHL,12/4/2019,100.0,101.0,100.0,100.0,-0.99,1935.0,706.0,495.0
UMHL,12/5/2019,100.0,104.0,100.0,104.0,4.0,1958.0,706.0,495.0
UMHL,12/8/2019,104.0,104.0,100.0,103.0,-0.96,978.0,706.0,495.0
UMHL,12/9/2019,103.0,104.0,102.0,103.0,0.0,1604.0,706.0,495.0
UMHL,12/10/2019,102.0,103.0,102.0,102.0,-0.97,1069.0,706.0,495.0
UMHL,12/11/2019,102.0,104.0,101.0,103.0,0.98,3198.0,706.0,495.0
UMHL,12/12/2019,103.0,107.0,102.0,107.0,3.88,3767.0,706.0,495.0
UMHL,12/15/2019,109.0,115.0,107.0,107.0,0.0,6752.0,706.0,495.0
UMHL,12/16/2019,106.0,113.0,106.0,107.0,0.0,7772.0,706.0,495.0
UMHL,12/17/2019,109.0,110.0,108.0,110.0,2.8,3098.0,706.0,495.0
UMHL,12/18/2019,109.0,110.0,107.0,107.0,-2.73,9083.0,706.0,495.0
UMHL,12/19/2019,109.0,109.0,106.0,108.0,0.93,1653.0,706.0,495.0
UMHL,12/22/2019,108.0,112.0,107.0,112.0,3.7,3040.0,706.0,495.0
UMHL,12/23/2019,112.0,114.0,107.0,112.0,0.0,4862.0,706.0,495.0
UMHL,12/24/2019,112.0,112.0,108.0,108.0,-3.57,3886.0,706.0,495.0
UMHL,12/25/2019,109.0,111.0,109.0,109.0,0.93,3009.0,706.0,495.0
UMHL,12/26/2019,107.0,111.0,105.0,107.0,-1.83,6363.0,706.0,495.0
UMHL,12/29/2019,105.0,105.0,101.0,102.0,-4.67,510.0,706.0,495.0
UMHL,12/30/2019,101.0,101.0,100.0,101.0,-0.98,808.0,706.0,495.0
UMHL,12/31/2019,100.0,103.0,100.0,100.0,-0.99,4899.0,706.0,495.0
UMHL,1/1/2020,102.0,102.0,100.0,101.0,1.0,3089.0,706.0,495.0
UMHL,1/2/2020,100.0,101.0,100.0,101.0,0.0,834.0,706.0,495.0
UMHL,1/5/2020,100.0,102.0,100.0,100.0,-0.99,1098.0,706.0,495.0
UMHL,1/6/2020,100.0,101.0,100.0,100.0,0.0,7925.0,706.0,495.0
UMHL,1/7/2020,100.0,103.0,100.0,101.0,1.0,2908.0,706.0,495.0
UMHL,1/8/2020,102.0,103.0,101.0,101.0,0.0,422.0,706.0,495.0
UMHL,1/9/2020,101.0,102.0,101.0,102.0,0.99,359.0,706.0,495.0
UMHL,1/12/2020,103.0,106.0,102.0,106.0,3.92,7002.0,706.0,495.0
UMHL,1/13/2020,108.0,112.0,104.0,108.0,1.89,7268.0,706.0,495.0
UMHL,1/14/2020,110.0,110.0,106.0,106.0,-1.85,3304.0,706.0,495.0
UMHL,1/15/2020,108.0,110.0,107.0,110.0,3.77,3321.0,706.0,495.0
UMHL,1/16/2020,109.0,114.0,109.0,111.0,0.91,7095.0,706.0,495.0
UMHL,1/19/2020,112.0,121.0,111.0,121.0,9.01,7713.0,706.0,495.0
UMHL,1/20/2020,123.0,123.0,111.0,111.0,-8.26,1419.0,706.0,495.0
UMHL,1/21/2020,111.0,111.0,105.0,106.0,-4.5,2375.0,706.0,495.0
UMHL,1/22/2020,106.0,106.0,104.0,105.0,-0.94,2007.0,706.0,495.0
UMHL,1/23/2020,105.0,106.0,104.0,106.0,0.95,1118.0,706.0,495.0
UMHL,1/26/2020,105.0,106.0,104.0,104.0,-1.89,959.0,706.0,495.0
UMHL,1/27/2020,104.0,106.0,104.0,106.0,1.92,648.0,706.0,495.0
UMHL,1/28/2020,106.0,107.0,105.0,107.0,0.94,1659.0,706.0,495.0
UMHL,1/29/2020,105.0,108.0,105.0,107.0,0.0,630.0,706.0,495.0
UMHL,1/30/2020,106.0,107.0,104.0,104.0,-2.8,5021.0,706.0,495.0
UMHL,2/2/2020,104.0,110.0,104.0,108.0,3.85,4085.0,706.0,495.0
UMHL,2/3/2020,106.0,111.0,106.0,108.0,0.0,1499.0,706.0,495.0
UMHL,2/4/2020,108.0,111.0,108.0,109.0,0.93,1610.0,706.0,495.0
UMHL,2/5/2020,107.0,109.0,107.0,108.0,-0.92,2801.0,706.0,495.0
UMHL,2/6/2020,106.0,108.0,106.0,108.0,0.0,214.0,706.0,495.0
UMHL,2/9/2020,106.0,108.0,106.0,107.0,-0.93,621.0,706.0,495.0
UMHL,2/10/2020,107.0,111.0,107.0,111.0,3.74,2807.0,706.0,495.0
UMHL,2/11/2020,110.0,113.0,109.0,113.0,1.8,517.0,706.0,495.0
UMHL,2/12/2020,115.0,115.0,109.0,109.0,-3.54,221.0,706.0,495.0
UMHL,2/13/2020,107.0,110.0,107.0,108.0,-0.92,1141.0,706.0,495.0
UMHL,2/16/2020,110.0,113.0,108.0,113.0,4.63,2600.0,706.0,495.0
UMHL,2/17/2020,115.0,121.0,114.0,117.0,3.54,6289.0,706.0,495.0
UMHL,2/18/2020,115.0,121.0,114.0,114.0,-2.56,9430.0,706.0,495.0
UMHL,2/19/2020,115.0,117.0,113.0,114.0,0.0,3144.0,706.0,495.0
UMHL,2/20/2020,114.0,119.0,113.0,116.0,1.75,666.0,706.0,495.0
UMHL,2/23/2020,118.0,126.0,118.0,122.0,5.17,9530.0,706.0,495.0
UMHL,2/24/2020,120.0,126.0,116.0,117.0,-4.1,2968.0,706.0,495.0
UMHL,2/25/2020,115.0,124.0,115.0,122.0,4.27,3821.0,706.0,495.0
UMHL,2/26/2020,124.0,125.0,116.0,118.0,-3.28,4882.0,706.0,495.0
UMHL,2/27/2020,116.0,119.0,115.0,116.0,-1.69,7948.0,706.0,495.0
UMHL,3/1/2020,116.0,117.0,114.0,114.0,-1.72,7267.0,706.0,495.0
UMHL,3/2/2020,112.0,112.0,109.0,109.0,-4.39,1539.0,706.0,495.0
UMHL,3/3/2020,107.0,115.0,107.0,113.0,3.67,1523.0,706.0,495.0
UMHL,3/4/2020,111.0,111.0,107.0,107.0,-5.31,5263.0,706.0,495.0
UMHL,3/5/2020,105.0,111.0,105.0,109.0,1.87,2488.0,706.0,495.0
UMHL,3/10/2020,107.0,107.0,106.0,106.0,-2.75,67.0,706.0,495.0
UMHL,3/11/2020,108.0,110.0,105.0,107.0,0.94,3667.0,706.0,495.0
UMHL,3/12/2020,107.0,107.0,103.0,103.0,-3.74,3391.0,706.0,495.0
UMHL,3/15/2020,102.0,104.0,101.0,104.0,0.97,5385.0,706.0,495.0
UMHL,3/16/2020,105.0,105.0,103.0,104.0,0.0,3041.0,706.0,495.0
UMHL,3/17/2020,102.0,103.0,101.0,101.0,-2.88,1083.0,706.0,495.0
UMHL,3/18/2020,99.0,103.0,99.0,100.0,-0.99,4425.0,706.0,495.0
UMHL,3/19/2020,98.0,102.0,98.0,101.0,1.0,4224.0,706.0,495.0
UMHL,3/22/2020,100.0,100.0,100.0,100.0,-0.99,519.0,706.0,495.0
UMHL,6/29/2020,98.0,99.0,98.0,99.0,-1.0,38.0,706.0,495.0
UMHL,7/2/2020,100.0,100.0,100.0,100.0,1.01,31.0,706.0,495.0
UMHL,7/5/2020,98.0,102.0,98.0,102.0,2.0,1415.0,706.0,495.0
UMHL,7/6/2020,100.0,103.0,98.0,101.0,-0.98,817.0,706.0,495.0
UMHL,7/7/2020,101.0,102.0,99.0,101.0,0.0,6110.0,706.0,495.0
UMHL,7/8/2020,99.0,99.0,96.0,98.0,-2.97,2848.0,706.0,495.0
UMHL,7/9/2020,97.0,98.0,97.0,98.0,0.0,983.0,706.0,495.0
UMHL,7/12/2020,98.0,99.0,97.0,98.0,0.0,3735.0,706.0,495.0
UMHL,7/13/2020,97.0,98.0,97.0,98.0,0.0,767.0,706.0,495.0
UMHL,7/14/2020,97.0,100.0,97.0,100.0,2.04,9027.0,706.0,495.0
UMHL,7/15/2020,98.0,104.0,98.0,104.0,4.0,4207.0,706.0,495.0
UMHL,7/16/2020,102.0,103.0,100.0,101.0,-2.88,8412.0,706.0,495.0
UMHL,7/20/2020,103.0,106.0,101.0,104.0,2.97,6561.0,706.0,495.0
UMHL,7/21/2020,102.0,105.0,102.0,103.0,-0.96,10760.0,706.0,495.0
UMHL,7/22/2020,102.0,107.0,102.0,105.0,1.94,3687.0,706.0,495.0
UMHL,7/23/2020,103.0,105.0,103.0,104.0,-0.95,2075.0,706.0,495.0
UMHL,7/26/2020,102.0,108.0,102.0,104.0,0.0,3570.0,706.0,495.0
UMHL,7/27/2020,102.0,105.0,102.0,104.0,0.0,1419.0,706.0,495.0
UMHL,7/28/2020,102.0,106.0,100.0,105.0,0.96,3086.0,706.0,495.0
UMHL,7/29/2020,103.0,106.0,101.0,106.0,0.95,1343.0,706.0,495.0
UMHL,7/30/2020,105.0,108.0,104.0,106.0,0.0,3530.0,706.0,495.0
UMHL,8/2/2020,104.0,106.0,104.0,105.0,-0.94,4118.0,706.0,495.0
UMHL,8/3/2020,103.0,105.0,103.0,104.0,-0.95,812.0,706.0,495.0
UMHL,8/5/2020,103.0,104.0,102.0,103.0,-0.96,2979.0,706.0,495.0
UMHL,8/6/2020,101.0,105.0,101.0,103.0,0.0,1843.0,706.0,495.0
UMHL,8/9/2020,102.0,103.0,101.0,102.0,-0.97,1296.0,706.0,495.0
UMHL,8/10/2020,101.0,104.0,101.0,103.0,0.98,2633.0,706.0,495.0
UMHL,8/11/2020,101.0,104.0,101.0,104.0,0.97,2006.0,706.0,495.0
UMHL,8/12/2020,102.0,103.0,101.0,103.0,-0.96,2759.0,706.0,495.0
UMHL,8/13/2020,101.0,102.0,101.0,101.0,-1.94,2201.0,706.0,495.0
UMHL,8/16/2020,100.0,101.0,99.0,100.0,-0.99,2819.0,706.0,495.0
UMHL,8/17/2020,100.0,100.0,100.0,100.0,0.0,461.0,706.0,495.0
UMHL,8/18/2020,100.0,102.0,100.0,101.0,1.0,792.0,706.0,495.0
UMHL,8/19/2020,100.0,102.0,100.0,100.0,-0.99,1696.0,706.0,495.0
UMHL,8/20/2020,102.0,102.0,100.0,101.0,1.0,1147.0,706.0,495.0
UMHL,8/23/2020,100.0,102.0,100.0,100.0,-0.99,663.0,706.0,495.0
UMHL,8/24/2020,99.0,99.0,100.0,103.0,3.0,1048.0,706.0,495.0
UMHL,8/25/2020,101.0,103.0,100.0,102.0,-0.97,806.0,706.0,495.0
UMHL,8/26/2020,100.0,102.0,100.0,102.0,0.0,1572.0,706.0,495.0
UMHL,8/27/2020,100.0,103.0,100.0,103.0,0.98,2626.0,706.0,495.0
UMHL,8/30/2020,101.0,103.0,101.0,101.0,-1.94,3951.0,706.0,495.0
UMHL,8/31/2020,102.0,108.0,101.0,104.0,2.97,6597.0,706.0,495.0
UMHL,9/2/2020,106.0,114.0,105.0,114.0,9.62,13461.0,706.0,495.0
UMHL,9/3/2020,119.0,123.0,105.0,111.0,-2.63,18081.0,706.0,495.0
UMHL,9/6/2020,110.0,118.0,108.0,113.0,1.8,12310.0,706.0,495.0
UMHL,9/7/2020,112.0,113.0,110.0,112.0,-0.88,3320.0,706.0,495.0
UMHL,9/8/2020,110.0,114.0,108.0,109.0,-2.68,3211.0,706.0,495.0
UMHL,9/9/2020,109.0,112.0,109.0,111.0,1.83,1697.0,706.0,495.0
UMHL,9/10/2020,111.0,115.0,106.0,115.0,3.6,4078.0,706.0,495.0
UMHL,9/13/2020,113.0,121.0,109.0,121.0,5.22,27264.0,706.0,495.0
UMHL,9/14/2020,122.0,130.0,117.0,126.0,4.13,30064.0,706.0,495.0
UMHL,9/15/2020,126.0,126.0,120.0,122.0,-3.17,13941.0,706.0,495.0
UMHL,9/16/2020,120.0,134.0,117.0,134.0,9.84,36271.0,706.0,495.0
UMHL,9/17/2020,140.0,147.0,140.0,147.0,9.7,39089.0,706.0,495.0
UMHL,9/20/2020,154.0,154.0,133.0,137.0,-6.8,38056.0,706.0,495.0
UMHL,9/21/2020,135.0,146.0,129.0,140.0,2.19,28731.0,706.0,495.0
UMHL,9/22/2020,138.0,140.0,126.0,127.0,-9.29,21458.0,706.0,495.0
UMHL,9/23/2020,125.0,139.0,125.0,139.0,9.45,19798.0,706.0,495.0
UMHL,9/24/2020,137.0,152.0,137.0,152.0,9.35,80363.0,706.0,495.0
UMHL,9/27/2020,152.0,154.0,142.0,144.0,-5.26,62901.0,706.0,495.0
UMHL,9/28/2020,146.0,146.0,136.0,144.0,0.0,23863.0,706.0,495.0
UMHL,9/29/2020,142.0,158.0,140.0,158.0,9.72,59063.0,706.0,495.0
UMHL,9/30/2020,160.0,163.0,153.0,155.0,-1.9,52510.0,706.0,495.0
UMHL,10/1/2020,155.0,155.0,145.0,147.0,-5.16,23726.0,706.0,495.0
UMHL,10/4/2020,147.0,153.0,144.0,146.0,-0.68,25207.0,706.0,495.0
UMHL,10/5/2020,144.0,150.0,144.0,145.0,-0.68,24688.0,706.0,495.0
UMHL,10/6/2020,152.0,159.0,145.0,159.0,9.66,62366.0,706.0,495.0
UMHL,10/7/2020,152.0,174.0,152.0,174.0,9.43,484649.0,706.0,495.0
UMHL,10/8/2020,175.0,191.0,173.0,178.0,2.3,117119.0,706.0,495.0
UMHL,10/11/2020,178.0,178.0,169.0,172.0,-3.37,129330.0,706.0,495.0
UMHL,10/12/2020,164.0,184.0,164.0,173.0,0.58,58133.0,706.0,495.0
UMHL,10/13/2020,181.0,181.0,163.0,163.0,-5.78,31113.0,706.0,495.0
UMHL,10/14/2020,160.0,167.0,153.0,155.0,-4.91,44737.0,706.0,495.0
UMHL,10/15/2020,155.0,170.0,155.0,158.0,1.94,22827.0,706.0,495.0
UMHL,10/18/2020,161.0,161.0,154.0,160.0,1.27,13354.0,706.0,495.0
UMHL,10/19/2020,157.0,168.0,157.0,167.0,4.37,42670.0,706.0,495.0
UMHL,10/20/2020,167.0,175.0,164.0,170.0,1.8,94864.0,706.0,495.0
UMHL,10/21/2020,173.0,173.0,165.0,168.0,-1.18,27439.0,706.0,495.0
UMHL,10/22/2020,170.0,171.0,165.0,167.0,-0.6,22810.0,706.0,495.0
UMHL,10/28/2020,170.0,173.0,164.0,168.0,0.6,22935.0,706.0,495.0
UMHL,10/29/2020,166.0,170.0,163.0,163.0,-2.98,36048.0,706.0,495.0
UMHL,11/1/2020,162.0,172.0,162.0,168.0,3.07,51962.0,706.0,495.0
UMHL,11/2/2020,169.0,170.0,165.0,167.0,-0.6,15344.0,706.0,495.0
UMHL,11/3/2020,166.0,169.0,165.0,166.0,-0.6,14576.0,706.0,495.0
UMHL,11/4/2020,166.0,168.0,165.0,168.0,1.2,25569.0,706.0,495.0
UMHL,11/5/2020,168.0,181.0,168.0,179.0,6.55,197508.0,706.0,495.0
UMHL,11/8/2020,182.0,192.0,180.0,186.0,3.91,247303.0,706.0,495.0
UMHL,11/9/2020,177.0,191.0,177.0,181.0,-2.69,90852.0,706.0,495.0
UMHL,11/10/2020,179.0,181.0,175.0,178.0,-1.66,76935.0,706.0,495.0
UMHL,11/11/2020,177.0,180.0,174.0,177.0,-0.56,63623.0,706.0,495.0
UMHL,11/12/2020,176.0,176.0,169.0,174.0,-1.69,96508.0,706.0,495.0
UMHL,11/18/2020,182.0,182.0,162.0,164.0,-5.75,92330.0,706.0,495.0
UMHL,11/19/2020,161.0,172.0,161.0,170.0,3.66,81005.0,706.0,495.0
UMHL,11/22/2020,173.0,173.0,164.0,166.0,-2.35,27367.0,706.0,495.0
UMHL,11/23/2020,174.0,174.0,162.0,165.0,-0.6,22068.0,706.0,495.0
UMHL,11/24/2020,162.0,171.0,162.0,168.0,1.82,55867.0,706.0,495.0
UMHL,11/25/2020,171.0,175.0,164.0,168.0,0.0,39508.0,706.0,495.0
UMHL,11/26/2020,176.0,176.0,160.0,164.0,-2.38,119175.0,706.0,495.0
UMHL,11/29/2020,165.0,170.0,158.0,160.0,-2.44,147840.0,706.0,495.0
UMHL,11/30/2020,168.0,176.0,159.0,176.0,10.0,125535.0,706.0,495.0
UMHL,12/1/2020,184.0,184.0,166.0,171.0,-2.84,138995.0,706.0,495.0
UMHL,12/2/2020,174.0,174.0,167.0,168.0,-1.75,73920.0,706.0,495.0
UMHL,12/3/2020,168.0,171.0,162.0,164.0,-2.38,61537.0,706.0,495.0
UMHL,12/6/2020,161.0,167.0,155.0,162.0,-1.22,113944.0,706.0,495.0
UMHL,12/7/2020,165.0,168.0,156.0,163.0,0.62,49943.0,706.0,495.0
UMHL,12/8/2020,160.0,168.0,159.0,162.0,-0.61,54810.0,706.0,495.0
UMHL,12/9/2020,165.0,165.0,159.0,162.0,0.0,67182.0,706.0,495.0
UMHL,12/10/2020,164.0,165.0,158.0,163.0,0.62,32731.0,706.0,495.0
UMHL,12/13/2020,171.0,171.0,158.0,160.0,-1.84,55046.0,706.0,495.0
UMHL,12/14/2020,168.0,168.0,156.0,157.0,-1.88,51581.0,706.0,495.0
UMHL,12/15/2020,160.0,163.0,154.0,162.0,3.18,61186.0,706.0,495.0
UMHL,12/16/2020,162.0,162.0,157.0,159.0,-1.85,41614.0,706.0,495.0
UMHL,12/17/2020,162.0,162.0,156.0,159.0,0.0,40080.0,706.0,495.0
UMHL,12/20/2020,166.0,166.0,147.0,147.0,-7.55,37139.0,706.0,495.0
UMHL,12/21/2020,145.0,154.0,135.0,145.0,-1.36,40552.0,706.0,495.0
UMHL,12/22/2020,147.0,158.0,145.0,158.0,8.97,43921.0,706.0,495.0
UMHL,12/23/2020,161.0,161.0,145.0,150.0,-5.06,39125.0,706.0,495.0
UMHL,12/24/2020,147.0,151.0,145.0,150.0,0.0,11585.0,706.0,495.0
UMHL,12/27/2020,147.0,149.0,145.0,147.0,-2.0,4351.0,706.0,495.0
UMHL,12/28/2020,145.0,154.0,144.0,148.0,0.68,13830.0,706.0,495.0
UMHL,12/29/2020,148.0,149.0,145.0,148.0,0.0,9097.0,706.0,495.0
UMHL,12/30/2020,146.0,150.0,142.0,148.0,0.0,16364.0,706.0,495.0
UMHL,12/31/2020,147.0,150.0,143.0,147.0,-0.68,12575.0,706.0,495.0
UMHL,1/3/2021,149.0,151.0,143.0,148.0,0.68,20187.0,706.0,495.0
UMHL,1/4/2021,146.0,150.0,146.0,147.0,-0.68,7773.0,706.0,495.0
UMHL,1/5/2021,146.0,161.0,145.0,155.0,5.44,72050.0,706.0,495.0
UMHL,1/6/2021,158.0,165.0,156.0,158.0,1.94,80137.0,706.0,495.0
UMHL,1/7/2021,156.0,159.0,154.0,159.0,0.63,84397.0,706.0,495.0
UMHL,1/10/2021,156.0,156.0,153.0,155.0,-2.52,16621.0,706.0,495.0
UMHL,1/11/2021,154.0,158.0,154.0,156.0,0.65,10133.0,706.0,495.0
UMHL,1/12/2021,158.0,161.0,153.0,157.0,0.64,6121.0,706.0,495.0
UMHL,1/13/2021,157.0,164.0,157.0,162.0,3.18,113353.0,706.0,495.0
UMHL,1/17/2021,163.0,163.0,160.0,161.0,-0.62,26061.0,706.0,495.0
UMHL,1/18/2021,159.0,164.0,159.0,164.0,1.86,34160.0,706.0,495.0
UMHL,1/19/2021,165.0,166.0,161.0,163.0,-0.61,31465.0,706.0,495.0
UMHL,1/20/2021,162.0,173.0,162.0,170.0,4.29,93729.0,706.0,495.0
UMHL,1/21/2021,178.0,178.0,164.0,170.0,0.0,66265.0,706.0,495.0
UMHL,1/24/2021,162.0,181.0,162.0,170.0,0.0,112509.0,706.0,495.0
UMHL,1/25/2021,172.0,172.0,165.0,165.0,-2.94,52910.0,706.0,495.0
UMHL,1/26/2021,163.0,172.0,163.0,170.0,3.03,103842.0,706.0,495.0
UMHL,1/27/2021,167.0,180.0,166.0,172.0,1.18,142569.0,706.0,495.0
UMHL,1/28/2021,175.0,178.0,168.0,169.0,-1.74,61164.0,706.0,495.0
UMHL,1/31/2021,166.0,178.0,165.0,165.0,-2.37,56835.0,706.0,495.0
UMHL,2/1/2021,168.0,178.0,166.0,166.0,0.61,106282.0,706.0,495.0
UMHL,2/2/2021,165.0,174.0,165.0,174.0,4.82,41349.0,706.0,495.0
UMHL,2/3/2021,177.0,177.0,165.0,168.0,-3.45,169850.0,706.0,495.0
UMHL,2/4/2021,176.0,178.0,168.0,173.0,2.98,194109.0,706.0,495.0
UMHL,2/7/2021,176.0,183.0,173.0,177.0,2.31,291670.0,706.0,495.0
UMHL,2/8/2021,169.0,186.0,169.0,172.0,-2.82,291601.0,706.0,495.0
UMHL,2/9/2021,172.0,177.0,167.0,172.0,0.0,76721.0,706.0,495.0
UMHL,2/10/2021,164.0,176.0,164.0,169.0,-1.74,52740.0,706.0,495.0
UMHL,2/11/2021,168.0,174.0,165.0,167.0,-1.18,90538.0,706.0,495.0
UMHL,2/14/2021,167.0,170.0,159.0,164.0,-1.8,110191.0,706.0,495.0
UMHL,2/15/2021,167.0,169.0,163.0,168.0,2.44,31394.0,706.0,495.0
UMHL,2/16/2021,176.0,176.0,162.0,164.0,-2.38,54150.0,706.0,495.0
UMHL,2/17/2021,164.0,167.0,156.0,159.0,-3.05,117752.0,706.0,495.0
UMHL,2/18/2021,152.0,168.0,152.0,162.0,1.89,65917.0,706.0,495.0
UMHL,2/21/2021,154.0,174.0,154.0,169.0,4.32,136726.0,706.0,495.0
UMHL,2/22/2021,172.0,180.0,166.0,168.0,-0.59,212087.0,706.0,495.0
UMHL,2/23/2021,170.0,173.0,160.0,170.0,1.19,73017.0,706.0,495.0
UMHL,2/24/2021,173.0,175.0,168.0,168.0,-1.18,120803.0,706.0,495.0
UMHL,2/25/2021,171.0,173.0,167.0,168.0,0.0,106908.0,706.0,495.0
UMHL,2/28/2021,168.0,170.0,164.0,164.0,-2.38,49932.0,706.0,495.0
UMHL,3/1/2021,161.0,167.0,160.0,165.0,0.61,23617.0,706.0,495.0
UMHL,3/2/2021,173.0,173.0,161.0,162.0,-1.82,94371.0,706.0,495.0
UMHL,3/3/2021,162.0,167.0,162.0,163.0,0.62,69965.0,706.0,495.0
UMHL,3/4/2021,166.0,169.0,163.0,166.0,1.84,63684.0,706.0,495.0
UMHL,3/7/2021,174.0,174.0,164.0,165.0,-0.6,21470.0,706.0,495.0
UMHL,3/9/2021,168.0,168.0,162.0,167.0,1.21,28719.0,706.0,495.0
UMHL,3/10/2021,170.0,170.0,163.0,165.0,-1.2,16574.0,706.0,495.0
UMHL,3/14/2021,163.0,166.0,163.0,164.0,-0.61,26071.0,706.0,495.0
UMHL,3/15/2021,167.0,169.0,162.0,164.0,0.0,59168.0,706.0,495.0
UMHL,3/16/2021,166.0,167.0,162.0,163.0,-0.61,35156.0,706.0,495.0
UMHL,3/17/2021,165.0,168.0,162.0,165.0,1.23,62871.0,706.0,495.0
UMHL,3/18/2021,167.0,174.0,164.0,170.0,3.03,122705.0,706.0,495.0
UMHL,3/21/2021,172.0,172.0,164.0,166.0,-2.35,48436.0,706.0,495.0
UMHL,3/22/2021,165.0,169.0,164.0,166.0,0.0,42141.0,706.0,495.0
UMHL,3/23/2021,169.0,171.0,164.0,171.0,3.01,149586.0,706.0,495.0
UMHL,3/24/2021,179.0,179.0,169.0,173.0,1.17,165876.0,706.0,495.0
UMHL,3/25/2021,165.0,177.0,165.0,169.0,-2.31,137111.0,706.0,495.0
UMHL,3/29/2021,172.0,178.0,170.0,177.0,4.73,280186.0,706.0,495.0
UMHL,3/30/2021,185.0,187.0,171.0,183.0,3.39,321519.0,706.0,495.0
UMHL,3/31/2021,192.0,192.0,179.0,181.0,-1.09,118449.0,706.0,495.0
UMHL,4/1/2021,190.0,192.0,178.0,190.0,4.97,216284.0,706.0,495.0
UMHL,4/4/2021,195.0,195.0,185.0,186.0,-2.11,123936.0,706.0,495.0
UMHL,4/5/2021,189.0,192.0,177.0,183.0,-1.61,69109.0,706.0,495.0
UMHL,4/6/2021,180.0,197.0,180.0,196.0,7.1,267328.0,706.0,495.0
UMHL,4/7/2021,200.0,207.0,190.0,197.0,0.51,361893.0,706.0,495.0
UMHL,4/8/2021,200.0,200.0,190.0,192.0,-2.54,123310.0,706.0,495.0
UMHL,4/12/2021,193.0,193.0,185.0,185.0,-3.65,81293.0,706.0,495.0
UMHL,4/13/2021,185.0,191.0,184.0,186.0,0.54,92314.0,706.0,495.0
UMHL,4/15/2021,188.0,194.0,187.0,190.0,2.15,113768.0,706.0,495.0
UMHL,4/18/2021,191.0,193.0,187.0,189.0,-0.53,98990.0,706.0,495.0
UMHL,4/19/2021,190.0,198.0,185.0,190.0,0.53,131484.0,706.0,495.0
UMHL,4/20/2021,190.0,209.0,190.0,209.0,10.0,540683.0,706.0,495.0
UMHL,4/21/2021,215.0,227.0,212.0,215.0,2.87,469589.0,706.0,495.0
UMHL,4/22/2021,215.0,223.0,206.0,217.0,0.93,284496.0,706.0,495.0
UMHL,4/25/2021,219.0,219.0,201.0,205.0,-5.53,236127.0,706.0,495.0
UMHL,4/26/2021,201.0,208.0,191.0,196.0,-4.39,148837.0,706.0,495.0
UMHL,4/27/2021,205.0,214.0,196.0,213.0,8.67,137865.0,706.0,495.0
UMHL,4/28/2021,217.0,217.0,203.0,206.0,-3.29,80079.0,706.0,495.0
UMHL,4/29/2021,209.0,212.0,206.0,212.0,2.91,84556.0,706.0,495.0
UMHL,5/2/2021,222.0,222.0,208.0,212.0,0.0,90842.0,706.0,495.0
UMHL,5/3/2021,214.0,231.0,212.0,226.0,6.6,355856.0,706.0,495.0
UMHL,5/4/2021,237.0,248.0,224.0,248.0,9.73,563993.0,706.0,495.0
UMHL,5/5/2021,259.0,260.0,240.0,241.0,-2.82,383988.0,706.0,495.0
UMHL,5/6/2021,252.0,252.0,231.0,237.0,-1.66,427058.0,706.0,495.0
UMHL,5/9/2021,233.0,240.0,228.0,229.0,-3.38,172540.0,706.0,495.0
UMHL,5/10/2021,240.0,240.0,226.0,232.0,1.31,96083.0,706.0,495.0
UMHL,5/11/2021,243.0,255.0,232.0,255.0,9.91,557413.0,706.0,495.0
UMHL,5/12/2021,267.0,275.0,250.0,273.0,7.06,456373.0,706.0,495.0
UMHL,5/13/2021,286.0,286.0,266.0,268.0,-1.83,471559.0,706.0,495.0
UMHL,5/16/2021,268.0,275.0,260.0,269.0,0.37,323910.0,706.0,495.0
UMHL,5/17/2021,272.0,289.0,266.0,282.0,4.83,399297.0,706.0,495.0
UMHL,5/18/2021,283.0,310.0,282.0,304.0,7.8,628860.0,706.0,495.0
UMHL,5/19/2021,310.0,310.0,281.0,286.0,-5.92,429497.0,706.0,495.0
UMHL,5/20/2021,300.0,300.0,274.0,278.0,-2.8,285724.0,706.0,495.0
UMHL,5/23/2021,270.0,290.0,261.0,284.0,2.16,222254.0,706.0,495.0
UMHL,5/24/2021,271.0,300.0,271.0,284.0,0.0,294009.0,706.0,495.0
UMHL,5/25/2021,285.0,305.0,282.0,300.0,5.63,610392.0,706.0,495.0
UMHL,5/27/2021,315.0,330.0,302.0,330.0,10.0,1091653.0,706.0,495.0
UMHL,5/30/2021,345.0,363.0,341.0,350.0,6.06,1160147.0,706.0,495.0
UMHL,5/31/2021,350.0,357.0,326.0,331.0,-5.43,721945.0,706.0,495.0
UMHL,6/1/2021,330.0,348.0,317.0,335.0,1.21,503625.0,706.0,495.0
UMHL,6/2/2021,335.0,360.0,328.0,349.0,4.18,458042.0,706.0,495.0
UMHL,6/3/2021,355.0,357.0,331.0,339.0,-2.87,239858.0,706.0,495.0
UMHL,6/6/2021,339.0,339.0,320.0,332.0,-2.06,369578.0,706.0,495.0
UMHL,6/7/2021,332.0,350.0,332.0,349.0,5.12,331584.0,706.0,495.0
UMHL,6/8/2021,360.0,383.0,353.0,382.0,9.46,998008.0,706.0,495.0
UMHL,6/9/2021,400.0,420.0,378.0,420.0,9.95,1150663.0,706.0,495.0
UMHL,6/10/2021,430.0,448.0,414.0,424.0,0.95,403651.0,706.0,495.0
UMHL,6/13/2021,405.0,457.0,405.0,450.0,6.13,795878.0,706.0,495.0
UMHL,6/14/2021,460.0,466.0,422.0,430.0,-4.44,530289.0,706.0,495.0
UMHL,6/15/2021,435.0,438.0,408.0,412.0,-4.19,452712.0,706.0,495.0
UMHL,6/16/2021,405.0,420.0,371.0,386.0,-6.31,446270.0,706.0,495.0
UMHL,6/17/2021,380.0,408.0,362.0,396.0,2.59,256501.0,706.0,495.0
UMHL,6/20/2021,377.0,413.0,370.0,381.0,-3.79,281037.0,706.0,495.0
UMHL,6/21/2021,400.0,400.0,356.0,356.0,-6.56,237009.0,706.0,495.0
UMHL,6/22/2021,360.0,391.0,351.0,391.0,9.83,249971.0,706.0,495.0
UMHL,6/23/2021,400.0,410.0,372.0,376.0,-3.84,185679.0,706.0,495.0
UMHL,6/24/2021,369.0,390.0,368.0,372.0,-1.06,130360.0,706.0,495.0
UMHL,6/27/2021,375.0,389.0,368.0,369.0,-0.81,113618.0,706.0,495.0
UMHL,6/28/2021,376.0,376.0,358.0,361.0,-2.17,77953.0,706.0,495.0
UMHL,6/29/2021,354.0,368.0,344.0,344.0,-4.71,128294.0,706.0,495.0
UMHL,6/30/2021,344.0,356.0,330.0,350.0,1.74,206092.0,706.0,495.0
UMHL,7/1/2021,357.0,372.0,354.0,360.0,2.86,109060.0,706.0,495.0
UMHL,7/4/2021,365.0,367.0,352.0,354.0,-1.67,283957.0,706.0,495.0
UMHL,7/5/2021,351.0,358.0,343.0,345.0,-2.54,55622.0,706.0,495.0
UMHL,7/6/2021,346.0,351.0,336.0,341.0,-1.16,62269.0,706.0,495.0
UMHL,7/7/2021,337.0,347.0,336.0,338.0,-0.88,39332.0,706.0,495.0
UMHL,7/8/2021,335.0,346.0,332.0,343.0,1.48,99110.0,706.0,495.0
UMHL,7/11/2021,349.0,376.0,343.0,372.0,8.45,125469.0,706.0,495.0
UMHL,7/12/2021,380.0,385.0,352.0,361.0,-2.96,224103.0,706.0,495.0
UMHL,7/13/2021,360.0,370.0,353.0,367.0,1.66,116071.0,706.0,495.0
UMHL,7/14/2021,370.0,388.0,362.0,382.0,4.09,156480.0,706.0,495.0
UMHL,7/15/2021,390.0,412.0,383.0,403.0,5.5,362110.0,706.0,495.0
UMHL,7/18/2021,411.0,420.0,388.0,412.0,2.23,381860.0,706.0,495.0
UMHL,7/19/2021,416.0,418.0,403.8,407.0,-1.21,190403.0,706.0,495.0
UMHL,7/20/2021,408.0,423.0,402.0,413.0,1.47,224375.0,706.0,495.0
UMHL,7/22/2021,417.0,420.0,410.0,412.0,-0.24,196723.0,706.0,495.0
UMHL,7/25/2021,415.0,447.0,415.0,444.5,7.89,780562.0,706.0,495.0
UMHL,7/26/2021,453.3,460.0,435.0,436.0,-1.91,292079.0,706.0,495.0
UMHL,7/27/2021,436.0,479.6,434.2,479.6,10.0,773701.0,706.0,495.0
UMHL,7/28/2021,489.1,523.0,485.0,486.0,1.33,775368.0,706.0,495.0
UMHL,7/29/2021,486.0,495.0,470.0,490.0,0.82,524492.0,706.0,495.0
UMHL,8/1/2021,490.0,525.0,490.0,513.0,4.69,686838.0,706.0,495.0
UMHL,8/2/2021,523.2,524.0,495.1,497.9,-2.94,410487.0,706.0,495.0
UMHL,8/3/2021,497.0,520.0,490.0,509.0,2.23,359305.0,706.0,495.0
UMHL,8/4/2021,519.0,536.0,510.0,516.0,1.38,520119.0,706.0,495.0
UMHL,8/5/2021,520.0,525.0,483.0,490.0,-5.04,463082.0,706.0,495.0
UMHL,8/8/2021,495.0,518.0,483.0,509.0,3.88,455025.0,706.0,495.0
UMHL,8/9/2021,519.1,557.0,509.0,556.0,9.23,854164.0,706.0,495.0
UMHL,8/10/2021,567.0,574.0,530.0,534.0,-3.96,567205.0,706.0,495.0
UMHL,8/11/2021,535.0,559.9,534.0,549.0,2.81,392099.0,706.0,495.0
UMHL,8/12/2021,555.0,555.0,532.0,532.0,-3.1,439166.0,706.0,495.0
UMHL,8/15/2021,522.0,540.0,499.0,522.0,-1.88,496137.0,706.0,495.0
UMHL,8/16/2021,522.0,557.9,513.0,545.0,4.41,449864.0,706.0,495.0
UMHL,8/17/2021,555.0,590.0,554.0,575.0,5.5,496471.0,706.0,495.0
UMHL,8/18/2021,586.5,622.0,577.0,593.0,3.13,560390.0,706.0,495.0
UMHL,8/19/2021,593.0,599.0,558.0,562.0,-5.23,509888.0,706.0,495.0
UMHL,8/24/2021,550.8,550.8,511.0,511.0,-9.07,416105.0,706.0,495.0
UMHL,8/25/2021,511.0,551.0,495.0,521.0,1.96,339010.0,706.0,495.0
UMHL,8/26/2021,531.4,559.0,525.0,545.0,4.61,304927.0,706.0,495.0
UMHL,8/29/2021,555.0,570.0,522.0,531.0,-2.57,272493.0,706.0,495.0
UMHL,8/31/2021,536.0,548.0,512.0,530.0,-0.19,398768.0,706.0,495.0
UMHL,9/1/2021,525.0,580.0,525.0,562.0,6.04,540533.0,706.0,495.0
UMHL,9/2/2021,573.0,585.0,539.0,545.0,-3.02,394685.0,706.0,495.0
UMHL,9/5/2021,555.9,555.9,495.0,512.0,-6.06,333183.0,706.0,495.0
UMHL,9/6/2021,506.0,563.2,505.0,563.2,10.0,305827.0,706.0,495.0
UMHL,9/7/2021,574.0,617.0,545.0,607.0,7.78,1039601.0,706.0,495.0
UMHL,9/8/2021,600.0,641.0,598.0,629.0,3.62,650858.0,706.0,495.0
UMHL,9/9/2021,632.0,640.0,620.0,625.0,-0.64,498111.0,706.0,495.0
UMHL,9/12/2021,632.0,646.6,617.4,630.0,0.8,715522.0,706.0,495.0
UMHL,9/13/2021,625.0,636.0,590.6,602.0,-4.44,784015.0,706.0,495.0
UMHL,9/14/2021,590.0,617.0,588.0,596.1,-0.98,371632.0,706.0,495.0
UMHL,9/15/2021,605.0,605.0,573.0,577.0,-3.2,218475.0,706.0,495.0
UMHL,9/16/2021,580.0,580.0,535.0,543.9,-5.74,418622.0,706.0,495.0
UMHL,9/20/2021,544.0,550.0,495.0,495.0,-8.99,343904.0,706.0,495.0
UMHL,9/21/2021,500.0,528.5,472.0,500.0,1.01,328067.0,706.0,495.0
UMHL,9/22/2021,510.0,545.5,510.0,539.0,7.8,217691.0,706.0,495.0
UMHL,9/23/2021,549.0,565.0,528.0,541.0,0.37,400402.0,706.0,495.0
UMHL,9/26/2021,530.2,539.0,506.0,510.0,-5.73,277020.0,706.0,495.0
UMHL,9/27/2021,520.2,540.6,497.0,500.0,-1.96,264585.0,706.0,495.0
UMHL,9/28/2021,490.0,510.0,475.0,480.0,-4.0,217544.0,706.0,495.0
UMHL,9/29/2021,479.0,514.1,470.4,507.0,5.62,328651.0,706.0,495.0
UMHL,9/30/2021,516.0,524.9,479.6,483.0,-4.73,130790.0,706.0,495.0
UMHL,10/3/2021,483.0,489.0,444.1,445.0,-7.87,220441.0,706.0,495.0
UMHL,10/4/2021,445.0,459.0,418.0,425.0,-4.49,278708.0,706.0,495.0
UMHL,10/5/2021,430.0,450.0,422.0,442.0,4.0,94885.0,706.0,495.0
UMHL,10/6/2021,443.0,463.5,442.1,457.0,3.39,107778.0,706.0,495.0
UMHL,10/10/2021,457.0,463.0,434.0,438.0,-4.16,84817.0,706.0,495.0
UMHL,10/11/2021,435.0,438.0,416.0,424.0,-3.2,84053.0,706.0,495.0
UMHL,10/17/2021,432.4,432.4,415.0,422.9,-0.26,22091.0,706.0,495.0
UMHL,10/18/2021,431.3,431.3,390.0,390.4,-7.69,111508.0,706.0,495.0
UMHL,10/19/2021,390.0,390.0,353.0,364.0,-6.76,166921.0,706.0,495.0
UMHL,10/20/2021,371.0,398.8,367.0,398.8,9.56,112440.0,706.0,495.0
UMHL,10/21/2021,406.0,430.0,380.0,410.0,2.81,186815.0,706.0,495.0
UMHL,10/24/2021,418.2,447.0,401.8,445.0,8.54,191790.0,706.0,495.0
UMHL,10/25/2021,453.0,464.9,431.0,464.0,4.27,226918.0,706.0,495.0
UMHL,10/26/2021,473.2,492.0,461.0,472.0,1.72,222182.0,706.0,495.0
UMHL,10/27/2021,472.0,498.0,453.9,475.0,0.64,278536.0,706.0,495.0
UMHL,10/28/2021,466.0,515.0,460.0,507.0,6.74,347112.0,706.0,495.0
UMHL,10/31/2021,510.0,544.6,505.0,530.1,4.56,218451.0,706.0,495.0
UMHL,11/1/2021,538.0,540.0,507.0,508.0,-4.17,298018.0,706.0,495.0
UMHL,11/2/2021,497.9,518.0,497.0,514.7,1.32,191856.0,706.0,495.0
UMHL,11/3/2021,524.9,530.4,491.1,498.0,-3.24,275791.0,706.0,495.0
UMHL,11/8/2021,507.0,510.0,475.0,480.0,-3.61,288330.0,706.0,495.0
UMHL,11/9/2021,480.0,489.6,446.0,457.0,-4.79,350335.0,706.0,495.0
UMHL,11/11/2021,447.9,475.0,432.1,450.0,-1.53,193247.0,706.0,495.0
UMHL,11/14/2021,459.0,472.0,448.0,464.0,3.11,144434.0,706.0,495.0
UMHL,11/15/2021,473.2,489.0,473.0,479.9,3.43,194177.0,706.0,495.0
UMHL,11/16/2021,480.0,499.9,461.0,492.0,2.52,224820.0,706.0,495.0
UMHL,11/17/2021,485.0,509.9,475.0,479.0,-2.64,240172.0,706.0,495.0
UMHL,11/18/2021,469.5,489.9,465.0,474.9,-0.86,163419.0,706.0,495.0
UMHL,11/21/2021,465.5,483.0,465.5,474.7,-0.04,85228.0,706.0,495.0
UMHL,11/22/2021,479.5,484.0,467.0,470.0,-0.99,88029.0,706.0,495.0
UMHL,11/23/2021,471.0,474.0,451.0,455.0,-3.19,135161.0,706.0,495.0
UMHL,11/24/2021,455.1,471.9,445.0,464.0,1.98,101131.0,706.0,495.0
UMHL,11/25/2021,473.0,473.0,455.0,457.0,-1.51,43093.0,706.0,495.0
UMHL,11/28/2021,457.0,459.0,432.5,436.4,-4.51,143487.0,706.0,495.0
UMHL,11/29/2021,445.0,452.0,425.0,439.0,0.6,107637.0,706.0,495.0
UMHL,11/30/2021,439.0,445.0,428.1,440.0,0.23,53693.0,706.0,495.0
UMHL,12/1/2021,448.0,448.0,435.1,440.0,0.0,68212.0,706.0,495.0
UMHL,12/2/2021,448.8,448.8,421.5,425.0,-3.41,77702.0,706.0,495.0
UMHL,12/5/2021,425.0,425.0,398.0,399.0,-6.12,109015.0,706.0,495.0
UMHL,12/6/2021,406.9,426.0,380.0,412.5,3.38,171425.0,706.0,495.0
UMHL,12/7/2021,419.0,426.0,397.0,398.0,-3.52,94048.0,706.0,495.0
UMHL,12/8/2021,401.0,405.0,378.0,381.0,-4.27,77013.0,706.0,495.0
UMHL,12/9/2021,376.0,394.0,373.0,377.2,-1.0,101340.0,706.0,495.0
UMHL,12/12/2021,378.0,378.0,353.0,354.0,-6.15,124333.0,706.0,495.0
UMHL,12/13/2021,350.0,350.0,321.5,323.4,-8.64,145969.0,706.0,495.0
UMHL,12/14/2021,329.8,355.7,325.0,355.7,9.99,99604.0,706.0,495.0
UMHL,12/15/2021,362.8,382.9,349.0,358.0,0.65,182319.0,706.0,495.0
UMHL,12/16/2021,364.0,364.0,342.0,343.9,-3.94,110149.0,706.0,495.0
UMHL,12/20/2021,350.7,350.7,331.0,335.0,-2.59,72936.0,706.0,495.0
UMHL,12/21/2021,341.7,353.9,334.0,352.0,5.07,120625.0,706.0,495.0
UMHL,12/22/2021,359.0,383.0,354.0,382.0,8.52,193803.0,706.0,495.0
UMHL,12/23/2021,385.0,394.0,369.0,377.0,-1.31,115759.0,706.0,495.0
UMHL,12/26/2021,384.5,388.8,371.0,377.0,0.0,99909.0,706.0,495.0
UMHL,12/27/2021,377.0,388.0,357.0,357.0,-5.31,109574.0,706.0,495.0
UMHL,12/28/2021,364.0,365.0,344.0,359.9,0.81,87848.0,706.0,495.0
UMHL,12/29/2021,360.0,365.0,355.0,358.0,-0.53,33245.0,706.0,495.0
UMHL,1/2/2022,361.0,362.7,350.0,359.0,0.28,60330.0,706.0,495.0
UMHL,1/3/2022,366.1,373.0,357.0,360.6,0.45,73400.0,706.0,495.0
UMHL,1/4/2022,360.0,372.0,358.1,372.0,3.16,60906.0,706.0,495.0
UMHL,1/5/2022,372.0,393.0,372.0,378.0,1.61,191095.0,706.0,495.0
UMHL,1/6/2022,378.0,392.6,375.0,392.0,3.7,87527.0,706.0,495.0
UMHL,1/9/2022,399.8,420.2,398.0,420.0,7.14,229327.0,706.0,495.0
UMHL,1/10/2022,427.0,431.0,406.0,417.0,-0.71,170824.0,706.0,495.0
UMHL,1/11/2022,410.0,428.0,410.0,419.9,0.7,148399.0,706.0,495.0
UMHL,1/12/2022,419.0,430.0,404.8,407.0,-3.07,196619.0,706.0,495.0
UMHL,1/13/2022,415.1,432.0,402.0,425.1,4.45,168833.0,706.0,495.0
UMHL,1/16/2022,433.0,450.0,433.0,437.0,2.8,192524.0,706.0,495.0
UMHL,1/17/2022,445.7,452.0,430.0,444.0,1.6,177636.0,706.0,495.0
UMHL,1/18/2022,450.0,474.0,438.1,449.0,1.13,291022.0,706.0,495.0
UMHL,1/19/2022,449.0,459.0,438.2,442.0,-1.56,173818.0,706.0,495.0
UMHL,1/20/2022,450.0,457.9,436.0,457.0,3.39,139549.0,706.0,495.0
UMHL,1/23/2022,459.0,470.0,443.0,446.3,-2.34,145034.0,706.0,495.0
UMHL,1/24/2022,455.2,455.2,414.0,420.0,-5.89,245742.0,706.0,495.0
UMHL,1/25/2022,428.4,434.0,412.0,417.9,-0.5,128508.0,706.0,495.0
UMHL,1/26/2022,415.0,418.0,404.0,409.0,-2.13,130714.0,706.0,495.0
UMHL,1/27/2022,406.0,417.0,404.0,407.0,-0.49,79715.0,706.0,495.0
UMHL,1/30/2022,415.1,438.6,415.1,438.6,7.76,161217.0,706.0,495.0
UMHL,1/31/2022,445.0,447.0,423.0,426.0,-2.87,100298.0,706.0,495.0
UMHL,2/1/2022,431.5,446.0,421.0,442.0,3.76,185255.0,706.0,495.0
UMHL,2/3/2022,446.7,456.0,435.0,437.0,-1.13,213694.0,706.0,495.0
UMHL,2/6/2022,445.7,445.7,423.7,424.0,-2.97,103168.0,706.0,495.0
UMHL,2/7/2022,424.0,439.9,418.0,433.5,2.24,92484.0,706.0,495.0
UMHL,2/8/2022,442.0,456.0,422.0,423.0,-2.42,149060.0,706.0,495.0
UMHL,2/9/2022,423.0,430.0,414.0,419.0,-0.95,64623.0,706.0,495.0
UMHL,2/10/2022,425.0,433.0,412.2,415.0,-0.95,53082.0,706.0,495.0
UMHL,2/13/2022,407.7,408.0,390.0,392.0,-5.54,160653.0,706.0,495.0
UMHL,2/14/2022,390.0,405.7,389.0,395.0,0.77,81647.0,706.0,495.0
UMHL,2/15/2022,401.0,418.5,393.3,418.0,5.82,88825.0,706.0,495.0
UMHL,2/16/2022,418.0,421.0,401.1,403.0,-3.59,73646.0,706.0,495.0
UMHL,2/17/2022,403.0,409.0,395.0,399.0,-0.99,53919.0,706.0,495.0
UMHL,2/20/2022,391.1,404.0,383.3,392.0,-1.75,103480.0,706.0,495.0
UMHL,2/21/2022,399.6,410.0,391.5,408.0,4.08,77108.0,706.0,495.0
UMHL,2/22/2022,416.0,416.0,406.0,408.0,0.0,67617.0,706.0,495.0
UMHL,2/23/2022,410.0,428.0,407.0,418.0,2.45,147549.0,706.0,495.0
UMHL,2/24/2022,418.0,418.0,399.0,399.0,-4.55,112938.0,706.0,495.0
UMHL,2/27/2022,399.0,418.9,398.0,405.0,1.5,79363.0,706.0,495.0
UMHL,2/28/2022,413.0,419.9,390.0,390.0,-3.7,114717.0,706.0,495.0
UMHL,3/2/2022,389.0,390.0,368.0,371.0,-4.87,84717.0,706.0,495.0
UMHL,3/6/2022,371.0,378.4,363.0,365.0,-1.62,51698.0,706.0,495.0
UMHL,3/7/2022,370.0,372.0,360.0,361.5,-0.96,48284.0,706.0,495.0
UMHL,3/9/2022,361.0,370.0,345.0,350.0,-3.18,48039.0,706.0,495.0
UMHL,3/10/2022,348.0,378.9,348.0,375.0,7.14,83194.0,706.0,495.0
UMHL,3/13/2022,375.0,391.9,375.0,386.9,3.17,75831.0,706.0,495.0
UMHL,3/14/2022,387.0,393.0,377.0,387.0,0.03,23804.0,706.0,495.0
UMHL,3/15/2022,393.0,393.0,374.0,377.0,-2.58,72324.0,706.0,495.0
UMHL,3/16/2022,372.0,382.0,366.1,369.5,-1.99,64558.0,706.0,495.0
UMHL,3/20/2022,370.0,375.0,362.1,362.6,-1.87,24978.0,706.0,495.0
UMHL,3/21/2022,369.8,379.0,360.0,379.0,4.52,57312.0,706.0,495.0
UMHL,3/22/2022,379.0,384.0,372.0,372.0,-1.85,33058.0,706.0,495.0
UMHL,3/23/2022,368.0,375.0,365.0,370.0,-0.54,31355.0,706.0,495.0
UMHL,3/24/2022,363.7,369.9,360.0,363.0,-1.89,45894.0,706.0,495.0
UMHL,3/27/2022,360.0,366.0,346.0,346.0,-4.68,81377.0,706.0,495.0
UMHL,3/28/2022,345.0,352.0,338.0,340.0,-1.73,64272.0,706.0,495.0
UMHL,3/29/2022,341.0,347.0,333.0,337.0,-0.88,38785.0,706.0,495.0
UMHL,3/30/2022,333.0,351.0,333.0,350.9,4.12,41663.0,706.0,495.0
UMHL,3/31/2022,350.0,353.0,335.0,335.0,-4.53,30583.0,706.0,495.0
UMHL,4/3/2022,341.6,341.6,328.3,330.0,-1.49,40727.0,706.0,495.0
UMHL,4/4/2022,326.1,335.9,325.7,326.0,-1.21,27122.0,706.0,495.0
UMHL,4/5/2022,332.0,332.0,311.0,317.0,-2.76,69294.0,706.0,495.0
UMHL,4/6/2022,311.1,322.9,305.0,314.0,-0.95,28175.0,706.0,495.0
UMHL,4/7/2022,320.0,324.0,314.0,319.0,1.59,33923.0,706.0,495.0
UMHL,4/11/2022,325.3,331.8,307.0,310.0,-2.82,34452.0,706.0,495.0
UMHL,4/12/2022,310.0,313.9,302.0,306.0,-1.29,49663.0,706.0,495.0
UMHL,4/13/2022,312.0,314.0,299.0,312.0,1.96,43541.0,706.0,495.0
UMHL,4/17/2022,318.0,318.0,300.9,304.9,-2.28,24842.0,706.0,495.0
UMHL,4/18/2022,306.0,306.0,290.0,295.0,-3.25,52595.0,706.0,495.0
UMHL,4/19/2022,295.0,304.9,284.3,296.0,0.34,28988.0,706.0,495.0
UMHL,4/20/2022,290.5,300.0,280.0,280.0,-5.41,55312.0,706.0,495.0
UMHL,4/21/2022,281.0,285.0,271.0,282.9,1.04,22027.0,706.0,495.0
UMHL,4/24/2022,283.0,311.1,283.0,311.0,9.93,65971.0,706.0,495.0
UMHL,4/25/2022,305.0,318.9,302.0,306.0,-1.61,54957.0,706.0,495.0
UMHL,4/26/2022,307.0,309.9,289.0,298.0,-2.61,32379.0,706.0,495.0
UMHL,4/27/2022,298.0,300.0,291.0,298.0,0.0,27387.0,706.0,495.0
UMHL,4/28/2022,301.0,305.0,289.1,292.6,-1.81,28921.0,706.0,495.0
UMHL,5/2/2022,287.0,290.0,274.0,280.0,-4.31,41599.0,706.0,495.0
UMHL,5/4/2022,277.0,285.0,269.5,272.8,-2.57,58211.0,706.0,495.0
UMHL,5/5/2022,267.5,278.0,258.0,258.0,-5.43,42602.0,706.0,495.0
UMHL,5/8/2022,256.0,270.0,250.0,268.2,3.95,41988.0,706.0,495.0
UMHL,5/9/2022,270.5,287.0,260.0,273.0,1.79,37602.0,706.0,495.0
UMHL,5/10/2022,273.0,295.0,273.0,289.0,5.86,45647.0,706.0,495.0
UMHL,5/11/2022,294.0,311.0,290.0,309.8,7.2,119061.0,706.0,495.0
UMHL,5/12/2022,311.0,315.0,295.2,298.9,-3.52,64705.0,706.0,495.0
UMHL,5/17/2022,293.0,296.0,277.0,280.0,-6.32,42271.0,706.0,495.0
UMHL,5/18/2022,276.0,300.0,267.0,290.0,3.57,43391.0,706.0,495.0
UMHL,5/19/2022,288.0,297.8,279.3,280.0,-3.45,39252.0,706.0,495.0
UMHL,5/20/2022,280.0,293.0,278.0,283.0,1.07,44023.0,706.0,495.0
UMHL,5/23/2022,277.4,280.0,266.1,275.0,-2.83,27914.0,706.0,495.0
UMHL,5/24/2022,280.0,286.4,273.0,279.0,1.45,23759.0,706.0,495.0
UMHL,5/25/2022,280.0,290.0,274.8,275.0,-1.43,33879.0,706.0,495.0
UMHL,5/26/2022,275.0,285.0,272.0,277.5,0.91,36954.0,706.0,495.0
UMHL,5/27/2022,283.0,283.0,268.7,269.0,-3.06,29229.0,706.0,495.0
UMHL,5/30/2022,272.0,272.0,260.1,264.9,-1.52,56487.0,706.0,495.0
UMHL,5/31/2022,260.8,268.0,255.0,260.0,-1.85,53350.0,706.0,495.0
UMHL,6/1/2022,264.0,268.9,255.0,261.0,0.38,26841.0,706.0,495.0
UMHL,6/2/2022,266.0,266.2,254.8,258.0,-1.15,23014.0,706.0,495.0
UMHL,6/3/2022,254.0,259.0,253.0,258.9,0.35,24937.0,706.0,495.0
UMHL,6/6/2022,260.0,267.0,256.1,260.0,0.42,15965.0,706.0,495.0
UMHL,6/7/2022,260.0,264.9,247.1,247.1,-4.96,25967.0,706.0,495.0
UMHL,6/8/2022,252.0,265.0,248.0,259.0,4.82,65836.0,706.0,495.0
UMHL,6/9/2022,264.0,267.0,253.1,255.0,-1.54,28664.0,706.0,495.0
UMHL,6/10/2022,250.1,260.1,249.0,251.8,-1.25,40071.0,706.0,495.0
UMHL,6/13/2022,256.8,258.0,250.0,250.1,-0.68,13469.0,706.0,495.0
UMHL,6/14/2022,247.1,250.0,238.0,240.0,-4.04,33244.0,706.0,495.0
UMHL,6/15/2022,240.0,240.0,231.0,234.0,-2.5,45067.0,706.0,495.0
UMHL,6/16/2022,234.0,243.9,232.0,235.4,0.6,29065.0,706.0,495.0
UMHL,6/17/2022,235.0,240.0,230.3,231.0,-1.87,19896.0,706.0,495.0
UMHL,6/19/2022,227.0,228.0,216.1,219.0,-5.19,37964.0,706.0,495.0
UMHL,6/20/2022,215.0,223.0,207.1,208.0,-5.02,47388.0,706.0,495.0
UMHL,6/21/2022,207.0,222.0,207.0,218.0,4.81,35256.0,706.0,495.0
UMHL,6/22/2022,214.0,222.3,209.1,212.0,-2.75,29347.0,706.0,495.0
UMHL,6/23/2022,208.0,212.0,197.2,200.0,-5.66,64142.0,706.0,495.0
UMHL,6/24/2022,204.0,214.7,192.1,209.8,4.9,30264.0,706.0,495.0
UMHL,6/26/2022,213.9,229.5,210.0,225.4,7.44,54052.0,706.0,495.0
UMHL,6/27/2022,229.0,230.9,214.0,216.2,-4.08,60840.0,706.0,495.0
UMHL,6/28/2022,212.0,220.0,208.0,210.0,-2.87,30192.0,706.0,495.0
UMHL,6/29/2022,207.2,226.9,207.0,226.9,8.05,55593.0,706.0,495.0
UMHL,6/30/2022,231.0,239.0,223.5,237.5,4.67,85611.0,706.0,495.0
UMHL,7/1/2022,242.0,242.2,228.7,231.0,-2.74,37373.0,706.0,495.0
UMHL,7/3/2022,232.0,248.0,227.0,243.0,5.19,61606.0,706.0,495.0
UMHL,7/4/2022,243.0,262.1,236.0,242.0,-0.41,136206.0,706.0,495.0
UMHL,7/5/2022,242.0,250.0,230.3,230.3,-4.83,95906.0,706.0,495.0
UMHL,7/6/2022,234.0,244.0,227.0,240.0,4.21,71864.0,706.0,495.0
UMHL,7/7/2022,244.8,250.0,234.0,237.9,-0.87,56069.0,706.0,495.0
UMHL,7/8/2022,242.0,242.0,226.5,227.5,-4.37,32596.0,706.0,495.0
UMHL,7/11/2022,223.0,226.0,211.0,212.0,-6.81,58091.0,706.0,495.0
UMHL,7/12/2022,212.0,220.5,210.0,216.0,1.89,40476.0,706.0,495.0
UMHL,7/13/2022,216.1,234.0,214.0,233.0,7.87,41791.0,706.0,495.0
UMHL,7/14/2022,237.0,240.0,225.0,236.0,1.29,49075.0,706.0,495.0
UMHL,7/15/2022,233.0,236.0,225.0,227.4,-3.64,11070.0,706.0,495.0
UMHL,7/17/2022,226.0,238.0,226.0,233.0,2.46,33018.0,706.0,495.0
UMHL,7/18/2022,228.4,237.5,228.4,236.0,1.29,25931.0,706.0,495.0
UMHL,7/19/2022,240.7,242.0,235.0,239.0,1.27,54198.0,706.0,495.0
UMHL,7/20/2022,234.3,241.0,233.1,234.2,-2.01,30989.0,706.0,495.0
UMHL,7/21/2022,238.8,242.0,232.0,232.8,-0.6,40901.0,706.0,495.0
UMHL,7/22/2022,229.0,234.0,224.0,225.0,-3.35,42326.0,706.0,495.0
UMHL,7/24/2022,229.0,238.0,225.0,238.0,5.78,33982.0,706.0,495.0
UMHL,7/25/2022,242.0,261.8,240.1,261.8,10.0,212260.0,706.0,495.0
UMHL,7/26/2022,266.0,283.5,253.1,278.0,6.19,299474.0,706.0,495.0
UMHL,7/27/2022,283.5,305.8,267.1,305.8,10.0,254295.0,706.0,495.0
UMHL,7/28/2022,306.0,326.9,296.0,311.0,1.7,253934.0,706.0,495.0
UMHL,7/29/2022,313.0,323.9,305.0,312.0,0.32,158019.0,706.0,495.0
UMHL,7/31/2022,310.0,316.0,301.1,308.0,-1.28,155925.0,706.0,495.0
UMHL,8/1/2022,309.0,326.1,305.0,316.0,2.6,206748.0,706.0,495.0
UMHL,8/2/2022,316.0,322.0,309.7,314.0,-0.63,124585.0,706.0,495.0
UMHL,8/3/2022,320.0,332.0,314.0,330.0,5.1,202471.0,706.0,495.0
UMHL,8/4/2022,328.0,334.0,313.6,315.0,-4.55,223285.0,706.0,495.0
UMHL,8/5/2022,311.0,326.0,308.1,313.0,-0.63,102112.0,706.0,495.0
UMHL,8/7/2022,319.0,325.0,314.1,319.0,1.92,77275.0,706.0,495.0
UMHL,8/8/2022,322.0,322.0,305.0,309.1,-3.1,92834.0,706.0,495.0
UMHL,8/9/2022,306.0,311.9,294.0,299.0,-3.27,119446.0,706.0,495.0
UMHL,8/10/2022,296.1,303.5,293.1,294.0,-1.67,82657.0,706.0,495.0
UMHL,8/11/2022,297.0,299.8,286.0,289.9,-1.39,79385.0,706.0,495.0
UMHL,8/14/2022,285.1,294.0,277.1,279.0,-3.76,106320.0,706.0,495.0
UMHL,8/15/2022,284.5,304.8,277.0,304.0,8.96,95387.0,706.0,495.0
UMHL,8/16/2022,310.0,313.9,290.0,293.0,-3.62,107026.0,706.0,495.0
UMHL,8/17/2022,294.0,300.0,290.0,290.0,-1.02,50965.0,706.0,495.0
UMHL,8/18/2022,295.8,300.0,290.0,297.2,2.48,77482.0,706.0,495.0
UMHL,8/21/2022,303.1,303.1,288.4,291.3,-1.99,74027.0,706.0,495.0
UMHL,8/22/2022,297.1,299.0,285.4,291.0,-0.1,34577.0,706.0,495.0
UMHL,8/23/2022,296.8,298.0,289.1,292.0,0.34,49751.0,706.0,495.0
UMHL,8/24/2022,297.8,297.8,290.0,292.0,0.0,24819.0,706.0,495.0
UMHL,8/25/2022,297.0,297.0,285.0,290.0,-0.68,46978.0,706.0,495.0
UMHL,8/26/2022,285.0,285.3,280.0,283.0,-2.41,26389.0,706.0,495.0
UMHL,8/28/2022,279.0,281.5,270.5,270.5,-4.42,64223.0,706.0,495.0
UMHL,8/29/2022,273.0,280.1,265.1,280.0,3.51,61642.0,706.0,495.0
UMHL,8/30/2022,285.0,287.9,274.4,274.4,-2.0,34720.0,706.0,495.0
UMHL,8/31/2022,278.0,279.8,266.6,268.0,-2.33,19918.0,706.0,495.0
UMHL,9/1/2022,265.5,273.0,263.0,269.9,0.71,39612.0,706.0,495.0
UMHL,9/2/2022,275.0,275.0,266.0,270.0,0.04,13323.0,706.0,495.0
UMHL,9/4/2022,274.9,277.0,267.0,270.0,0.0,37169.0,706.0,495.0
UMHL,9/5/2022,275.0,275.0,266.0,266.0,-1.48,15524.0,706.0,495.0
UMHL,9/6/2022,265.0,267.0,260.0,261.0,-1.88,20974.0,706.0,495.0
UMHL,9/7/2022,256.0,260.0,252.0,259.0,-0.77,23292.0,706.0,495.0
UMHL,9/8/2022,255.0,267.0,251.0,261.0,0.77,88990.0,706.0,495.0
UMHL,9/11/2022,261.0,263.0,251.1,257.0,-1.53,24250.0,706.0,495.0
UMHL,9/12/2022,252.1,256.0,246.0,250.0,-2.72,45426.0,706.0,495.0
UMHL,9/13/2022,254.9,261.1,252.0,256.0,2.4,37782.0,706.0,495.0
UMHL,9/14/2022,261.0,278.0,261.0,276.0,7.81,79970.0,706.0,495.0
UMHL,9/15/2022,276.0,279.0,258.0,260.0,-5.8,104111.0,706.0,495.0
UMHL,9/16/2022,254.8,256.0,249.5,255.0,-1.92,25128.0,706.0,495.0
UMHL,9/18/2022,252.0,255.0,242.1,243.5,-4.51,39182.0,706.0,495.0
UMHL,9/20/2022,239.5,243.0,230.0,233.0,-4.31,53610.0,706.0,495.0
UMHL,9/21/2022,237.0,243.9,231.0,235.0,0.86,26020.0,706.0,495.0
UMHL,9/22/2022,239.0,239.0,229.0,230.0,-2.13,21737.0,706.0,495.0
UMHL,9/25/2022,226.0,227.0,220.9,224.4,-2.43,21166.0,706.0,495.0
UMHL,9/27/2022,227.0,235.5,224.0,230.0,2.5,22610.0,706.0,495.0
UMHL,9/28/2022,230.0,231.0,226.0,228.9,-0.48,7103.0,706.0,495.0
UMHL,9/29/2022,233.4,233.4,220.5,221.0,-3.45,20394.0,706.0,495.0
UMHL,10/9/2022,225.4,232.0,222.0,231.0,4.52,14677.0,706.0,495.0
UMHL,10/10/2022,234.5,238.0,226.0,227.0,-1.73,26580.0,706.0,495.0
UMHL,10/11/2022,225.0,227.0,223.2,226.9,-0.04,7321.0,706.0,495.0
UMHL,10/12/2022,223.1,232.0,222.0,229.0,0.93,35828.0,706.0,495.0
UMHL,10/13/2022,233.0,234.0,219.6,228.9,-0.04,30164.0,706.0,495.0
UMHL,10/16/2022,225.0,228.0,220.1,223.9,-2.18,18258.0,706.0,495.0
UMHL,10/17/2022,220.0,227.0,218.0,221.0,-1.3,12432.0,706.0,495.0
UMHL,10/19/2022,217.0,217.1,210.0,212.0,-4.07,21217.0,706.0,495.0
UMHL,10/20/2022,208.0,215.0,207.8,212.0,0.0,13500.0,706.0,495.0
UMHL,10/23/2022,215.0,220.3,210.0,214.0,0.94,23420.0,706.0,495.0
UMHL,10/31/2022,216.0,216.0,208.1,212.9,-0.51,11253.0,706.0,495.0
UMHL,11/1/2022,210.0,229.0,209.0,229.0,7.56,40087.0,706.0,495.0
UMHL,11/2/2022,232.0,241.7,225.7,238.0,3.93,63044.0,706.0,495.0
UMHL,11/3/2022,238.0,242.0,229.5,231.4,-2.77,29213.0,706.0,495.0
UMHL,11/6/2022,236.0,245.0,231.0,243.0,5.01,45312.0,706.0,495.0
UMHL,11/7/2022,247.8,258.0,241.0,250.0,2.88,61141.0,706.0,495.0
UMHL,11/8/2022,246.0,255.0,245.1,247.9,-0.84,22525.0,706.0,495.0
UMHL,11/9/2022,251.5,251.5,232.2,234.0,-5.61,89690.0,706.0,495.0
UMHL,11/10/2022,237.0,238.6,225.5,227.0,-2.99,143635.0,706.0,495.0
UMHL,11/13/2022,225.0,228.0,217.0,219.9,-3.13,35717.0,706.0,495.0
UMHL,11/14/2022,217.0,230.0,217.0,229.4,4.32,16153.0,706.0,495.0
UMHL,11/15/2022,227.0,238.0,221.6,222.0,-3.23,58571.0,706.0,495.0
UMHL,11/16/2022,222.0,233.0,221.0,231.0,4.05,25571.0,706.0,495.0
UMHL,11/17/2022,235.0,244.6,234.3,242.0,4.76,58865.0,706.0,495.0
UMHL,11/22/2022,242.0,249.0,235.0,237.5,-1.86,29178.0,706.0,495.0
UMHL,11/23/2022,233.0,240.9,230.0,231.6,-2.48,18330.0,706.0,495.0
UMHL,11/24/2022,230.0,240.0,230.0,238.5,2.98,28713.0,706.0,495.0
UMHL,11/27/2022,240.0,245.0,238.0,243.5,2.1,33534.0,706.0,495.0
UMHL,11/28/2022,247.0,247.0,236.0,239.0,-1.85,41688.0,706.0,495.0
UMHL,11/29/2022,235.0,242.0,234.3,242.0,1.26,24193.0,706.0,495.0
UMHL,11/30/2022,241.0,242.0,235.0,235.0,-2.89,15578.0,706.0,495.0
UMHL,12/1/2022,235.0,243.6,232.7,236.0,0.43,18363.0,706.0,495.0
UMHL,12/4/2022,238.0,240.5,235.5,236.0,0.0,23550.0,706.0,495.0
UMHL,12/5/2022,233.3,237.0,230.0,230.9,-2.16,24252.0,706.0,495.0
UMHL,12/6/2022,227.0,234.0,227.0,230.6,-0.13,17407.0,706.0,495.0
UMHL,12/7/2022,235.2,235.2,226.0,229.5,-0.48,20908.0,706.0,495.0
UMHL,12/11/2022,225.5,227.0,220.0,220.0,-4.14,49757.0,706.0,495.0
UMHL,12/12/2022,222.0,232.0,219.2,227.0,3.18,81904.0,706.0,495.0
UMHL,12/13/2022,223.1,229.0,223.0,225.5,-0.66,9736.0,706.0,495.0
UMHL,12/14/2022,224.0,227.0,224.0,225.8,0.13,11622.0,706.0,495.0
UMHL,12/15/2022,225.0,225.0,220.0,221.7,-1.82,30949.0,706.0,495.0
UMHL,12/18/2022,223.0,223.0,212.0,216.0,-2.57,52943.0,706.0,495.0
UMHL,12/19/2022,218.0,219.0,213.0,216.5,0.23,13284.0,706.0,495.0
UMHL,12/20/2022,216.5,221.0,215.0,217.0,0.23,47473.0,706.0,495.0
UMHL,12/21/2022,220.0,220.0,213.3,214.0,-1.38,8332.0,706.0,495.0
UMHL,12/22/2022,217.9,217.9,211.4,213.7,-0.14,14367.0,706.0,495.0
UMHL,12/26/2022,217.1,228.0,217.1,228.0,6.69,52429.0,706.0,495.0
UMHL,12/27/2022,232.5,249.9,232.5,241.0,5.7,99869.0,706.0,495.0
UMHL,12/28/2022,241.0,246.0,232.0,234.7,-2.61,64694.0,706.0,495.0
UMHL,12/29/2022,232.7,248.8,229.2,247.8,5.58,80191.0,706.0,495.0
UMHL,1/1/2023,248.0,258.0,242.0,248.8,0.4,139146.0,706.0,495.0
UMHL,1/2/2023,248.0,258.0,243.1,257.0,3.3,108969.0,706.0,495.0
UMHL,1/3/2023,261.9,261.9,253.0,253.0,-1.56,61272.0,706.0,495.0
UMHL,1/4/2023,249.1,263.0,249.1,262.0,3.56,80645.0,706.0,495.0
UMHL,1/5/2023,267.2,268.9,257.0,264.5,0.95,130223.0,706.0,495.0
UMHL,1/8/2023,265.0,277.0,260.0,268.0,1.32,140299.0,706.0,495.0
UMHL,1/9/2023,273.0,285.0,266.2,284.0,5.97,138956.0,706.0,495.0
UMHL,1/10/2023,288.0,301.0,269.0,279.9,-1.44,198088.0,706.0,495.0
UMHL,1/12/2023,285.4,296.0,269.0,271.0,-3.18,195122.0,706.0,495.0
UMHL,1/17/2023,276.4,289.9,274.5,288.0,6.27,160231.0,706.0,495.0
UMHL,1/18/2023,290.0,299.0,284.0,285.3,-0.94,191708.0,706.0,495.0
UMHL,1/19/2023,289.0,294.0,281.0,288.1,0.98,77485.0,706.0,495.0
UMHL,1/23/2023,293.8,299.0,278.0,279.0,-3.16,73518.0,706.0,495.0
UMHL,1/24/2023,279.0,284.0,272.0,284.0,1.79,56900.0,706.0,495.0
UMHL,1/25/2023,288.9,289.0,281.0,281.0,-1.06,82847.0,706.0,495.0
UMHL,1/26/2023,286.6,290.5,281.0,284.3,1.17,104044.0,706.0,495.0
UMHL,1/29/2023,280.0,285.0,277.0,280.0,-1.51,89657.0,706.0,495.0
UMHL,1/30/2023,280.0,283.0,269.0,270.0,-3.57,91382.0,706.0,495.0
UMHL,1/31/2023,275.0,279.4,266.2,269.0,-0.37,68380.0,706.0,495.0
UMHL,2/1/2023,265.0,275.3,265.0,270.0,0.37,40055.0,706.0,495.0
UMHL,2/2/2023,265.1,274.0,261.7,264.0,-2.22,77339.0,706.0,495.0
UMHL,2/5/2023,259.0,270.0,259.0,265.0,0.38,36970.0,706.0,495.0
UMHL,2/6/2023,270.0,271.0,266.0,269.0,1.51,33688.0,706.0,495.0
UMHL,2/7/2023,267.0,288.0,267.0,287.0,6.69,109086.0,706.0,495.0
UMHL,2/8/2023,292.7,292.7,280.0,284.0,-1.05,122118.0,706.0,495.0
UMHL,2/9/2023,283.0,289.0,280.2,286.6,0.92,58927.0,706.0,495.0
UMHL,2/12/2023,280.9,280.9,270.0,271.1,-5.41,105712.0,706.0,495.0
UMHL,2/14/2023,270.0,276.9,268.8,272.0,0.33,33957.0,706.0,495.0
UMHL,2/15/2023,269.0,276.5,265.3,267.9,-1.51,37087.0,706.0,495.0
UMHL,2/16/2023,267.0,271.0,262.0,262.0,-2.2,35455.0,706.0,495.0
UMHL,2/20/2023,257.4,267.1,257.2,258.0,-1.53,28880.0,706.0,495.0
UMHL,2/22/2023,262.9,275.0,262.9,272.1,5.47,44159.0,706.0,495.0
UMHL,2/23/2023,270.0,272.0,255.0,264.0,-2.98,56234.0,706.0,495.0
UMHL,2/26/2023,258.8,271.0,246.0,265.0,0.38,74705.0,706.0,495.0
UMHL,2/27/2023,270.3,270.3,252.0,263.0,-0.75,41075.0,706.0,495.0
UMHL,2/28/2023,267.9,276.0,261.8,274.5,4.37,85723.0,706.0,495.0
UMHL,3/1/2023,278.0,278.0,267.0,269.0,-2.0,38786.0,706.0,495.0
UMHL,3/2/2023,265.0,270.0,262.0,270.0,0.37,35897.0,706.0,495.0
UMHL,3/5/2023,269.0,269.0,259.6,268.0,-0.74,33906.0,706.0,495.0
UMHL,3/7/2023,263.1,270.0,263.1,267.8,-0.07,26945.0,706.0,495.0
UMHL,3/9/2023,271.0,278.0,269.4,277.5,3.62,72167.0,706.0,495.0
UMHL,3/12/2023,279.0,286.0,273.1,274.0,-1.26,84466.0,706.0,495.0
UMHL,3/13/2023,278.9,278.9,268.1,268.4,-2.04,39477.0,706.0,495.0
UMHL,3/14/2023,273.7,274.4,263.1,271.0,0.97,22401.0,706.0,495.0
UMHL,3/15/2023,276.0,276.0,268.0,270.3,-0.26,27159.0,706.0,495.0
UMHL,3/16/2023,266.1,275.0,266.1,273.6,1.22,21315.0,706.0,495.0
UMHL,3/19/2023,277.7,277.7,271.0,273.0,-0.22,22208.0,706.0,495.0
UMHL,3/20/2023,278.4,278.4,271.5,277.6,1.68,25365.0,706.0,495.0
UMHL,3/22/2023,277.0,281.7,271.0,271.0,-2.38,69780.0,706.0,495.0
UMHL,3/23/2023,250.0,253.5,247.0,251.3,-7.27,50404.0,706.0,495.0
UMHL,3/26/2023,246.7,251.5,243.2,247.0,-1.71,25659.0,706.0,495.0
UMHL,3/27/2023,243.2,262.9,243.2,258.9,4.82,26915.0,706.0,495.0
UMHL,3/28/2023,260.0,262.9,254.0,254.0,-1.89,47281.0,706.0,495.0
UMHL,3/29/2023,255.0,258.0,252.9,255.0,0.39,20837.0,706.0,495.0
UMHL,3/30/2023,260.0,260.0,250.0,252.0,-1.18,19913.0,706.0,495.0
UMHL,4/2/2023,254.0,257.1,245.0,245.6,-2.54,28865.0,706.0,495.0
UMHL,4/3/2023,242.2,245.9,240.0,241.6,-1.63,43766.0,706.0,495.0
UMHL,4/4/2023,246.4,246.4,240.0,244.0,0.99,9946.0,706.0,495.0
UMHL,4/5/2023,245.0,246.0,240.0,245.9,0.78,19852.0,706.0,495.0
UMHL,4/6/2023,242.1,244.9,236.1,236.1,-3.99,22163.0,706.0,495.0
UMHL,4/9/2023,234.0,239.0,229.3,232.8,-1.4,23430.0,706.0,495.0
UMHL,4/10/2023,230.0,234.9,229.0,232.0,-0.34,21303.0,706.0,495.0
UMHL,4/11/2023,230.1,238.8,230.1,237.9,2.54,20444.0,706.0,495.0
UMHL,4/12/2023,241.0,258.0,240.0,258.0,8.45,75007.0,706.0,495.0
UMHL,4/13/2023,261.9,262.9,251.0,252.0,-2.33,53662.0,706.0,495.0
UMHL,4/16/2023,257.0,257.0,248.5,251.5,-0.2,20002.0,706.0,495.0
UMHL,4/17/2023,250.0,253.0,243.1,247.8,-1.47,20843.0,706.0,495.0
UMHL,4/18/2023,252.0,252.0,242.0,247.4,-0.16,13676.0,706.0,495.0
UMHL,4/19/2023,251.0,251.0,245.0,245.0,-0.97,16485.0,706.0,495.0
UMHL,4/20/2023,247.0,248.9,242.0,242.0,-1.22,15576.0,706.0,495.0
UMHL,4/23/2023,240.0,243.0,238.0,241.0,-0.41,20485.0,706.0,495.0
UMHL,4/24/2023,237.1,241.5,237.1,240.0,-0.41,6816.0,706.0,495.0
UMHL,4/25/2023,242.0,244.7,239.0,244.7,1.96,10389.0,706.0,495.0
UMHL,4/26/2023,245.0,245.1,240.0,240.0,-1.92,6021.0,706.0,495.0
UMHL,4/27/2023,239.0,240.0,236.1,236.1,-1.62,10351.0,706.0,495.0
UMHL,4/30/2023,239.0,239.0,232.6,233.0,-1.31,10037.0,706.0,495.0
UMHL,5/2/2023,233.0,234.0,229.1,229.5,-1.5,15430.0,706.0,495.0
UMHL,5/3/2023,227.0,230.5,226.0,227.0,-1.09,12733.0,706.0,495.0
UMHL,5/4/2023,225.0,233.0,225.0,233.0,2.64,13492.0,706.0,495.0
UMHL,5/7/2023,230.1,233.0,224.0,227.0,-2.58,12730.0,706.0,495.0
UMHL,5/8/2023,223.3,227.0,218.7,222.0,-2.2,16858.0,706.0,495.0
UMHL,5/9/2023,226.0,228.6,221.5,225.0,1.35,11577.0,706.0,495.0
UMHL,5/10/2023,225.0,226.7,222.1,223.0,-0.89,16040.0,706.0,495.0
UMHL,5/11/2023,221.0,225.0,221.0,223.0,0.0,11465.0,706.0,495.0
UMHL,5/14/2023,223.0,224.7,218.0,220.9,-0.94,10304.0,706.0,495.0
UMHL,5/15/2023,224.8,224.8,218.0,219.0,-0.86,10943.0,706.0,495.0
UMHL,5/16/2023,219.0,223.0,219.0,222.0,1.37,4198.0,706.0,495.0
UMHL,5/17/2023,225.0,227.0,224.0,226.9,2.21,14124.0,706.0,495.0
UMHL,5/18/2023,229.0,238.0,226.0,235.1,3.61,21718.0,706.0,495.0
UMHL,5/21/2023,238.9,243.0,231.0,235.0,-0.04,24722.0,706.0,495.0
UMHL,5/22/2023,232.0,236.0,228.1,232.0,-1.28,15330.0,706.0,495.0
UMHL,5/23/2023,229.0,239.0,229.0,236.2,1.81,23179.0,706.0,495.0
UMHL,5/24/2023,240.1,240.1,234.0,234.5,-0.72,28260.0,706.0,495.0
UMHL,5/28/2023,235.0,240.0,230.8,235.0,0.21,34362.0,706.0,495.0
UMHL,5/30/2023,234.0,235.0,226.3,229.0,-2.55,35276.0,706.0,495.0
UMHL,5/31/2023,227.0,230.0,218.0,219.8,-4.02,36415.0,706.0,495.0
UMHL,6/1/2023,218.3,222.9,215.9,221.0,0.55,49717.0,706.0,495.0
UMHL,6/4/2023,225.4,234.0,225.4,229.1,3.67,21164.0,706.0,495.0
UMHL,6/5/2023,229.1,236.0,226.0,226.1,-1.31,37690.0,706.0,495.0
UMHL,6/6/2023,229.9,233.8,225.5,233.8,3.41,48375.0,706.0,495.0
UMHL,6/7/2023,237.9,240.9,234.3,234.3,0.21,47249.0,706.0,495.0
UMHL,6/8/2023,230.0,238.0,229.8,231.0,-1.41,20795.0,706.0,495.0
UMHL,6/11/2023,235.6,238.0,233.0,237.0,2.6,36853.0,706.0,495.0
UMHL,6/12/2023,240.0,241.0,235.0,240.5,1.48,69244.0,706.0,495.0
UMHL,6/13/2023,237.0,247.4,235.0,246.6,2.54,74932.0,706.0,495.0
UMHL,6/14/2023,245.0,253.0,241.0,246.9,0.12,74796.0,706.0,495.0
UMHL,6/15/2023,242.0,249.0,240.0,242.6,-1.74,35898.0,706.0,495.0
UMHL,6/18/2023,247.4,248.0,240.5,243.4,0.33,91269.0,706.0,495.0
UMHL,6/19/2023,242.1,248.2,240.0,242.0,-0.58,37699.0,706.0,495.0
UMHL,6/20/2023,246.8,246.8,235.2,235.2,-2.81,53082.0,706.0,495.0
UMHL,6/21/2023,234.0,239.6,230.0,230.0,-2.21,39547.0,706.0,495.0
UMHL,6/22/2023,230.0,234.6,225.0,228.0,-0.87,35436.0,706.0,495.0
UMHL,6/25/2023,224.0,235.9,224.0,232.4,1.93,73174.0,706.0,495.0
UMHL,6/26/2023,237.0,237.0,227.0,228.0,-1.89,33474.0,706.0,495.0
UMHL,6/27/2023,232.5,236.7,228.4,232.5,1.97,37975.0,706.0,495.0
UMHL,6/28/2023,229.0,237.0,226.0,227.8,-2.02,37347.0,706.0,495.0
UMHL,7/2/2023,223.3,238.0,218.1,218.1,-4.26,62752.0,706.0,495.0
UMHL,7/3/2023,218.0,223.0,215.1,216.0,-0.96,56930.0,706.0,495.0
UMHL,7/4/2023,220.3,220.3,216.0,216.5,0.23,32732.0,706.0,495.0
UMHL,7/5/2023,218.0,218.0,213.2,214.4,-0.97,23605.0,706.0,495.0
UMHL,7/6/2023,216.0,216.0,210.4,212.9,-0.7,28568.0,706.0,495.0
UMHL,7/9/2023,213.3,220.0,213.0,214.0,0.52,43993.0,706.0,495.0
UMHL,7/10/2023,218.2,218.2,210.0,211.8,-1.03,39332.0,706.0,495.0
UMHL,7/11/2023,209.0,211.0,205.0,207.0,-2.27,46554.0,706.0,495.0
UMHL,7/12/2023,211.0,223.0,211.0,223.0,7.73,61827.0,706.0,495.0
UMHL,7/13/2023,225.0,225.9,213.7,215.0,-3.59,34090.0,706.0,495.0
UMHL,7/16/2023,219.3,219.3,210.0,213.0,-0.93,27921.0,706.0,495.0
UMHL,7/17/2023,212.1,218.0,212.0,217.4,2.07,20994.0,706.0,495.0
UMHL,7/18/2023,216.0,219.8,214.0,217.0,-0.18,29935.0,706.0,495.0
UMHL,7/19/2023,218.0,218.0,214.7,215.9,-0.51,8147.0,706.0,495.0
UMHL,7/20/2023,218.0,218.0,214.0,214.1,-0.83,35469.0,706.0,495.0
UMHL,7/23/2023,216.2,220.0,215.0,219.0,2.29,24264.0,706.0,495.0
UMHL,7/24/2023,218.0,224.0,216.0,220.0,0.46,35354.0,706.0,495.0
UMHL,7/25/2023,218.0,220.0,216.2,218.0,-0.91,15679.0,706.0,495.0
UMHL,7/26/2023,218.0,221.8,215.0,216.0,-0.92,14886.0,706.0,495.0
UMHL,7/27/2023,214.3,217.0,212.0,212.8,-1.48,23681.0,706.0,495.0
UMHL,7/30/2023,208.6,214.0,208.6,212.8,0.0,21246.0,706.0,495.0
UMHL,7/31/2023,208.6,213.7,208.0,210.0,-1.32,16705.0,706.0,495.0
UMHL,8/1/2023,207.3,211.0,204.0,207.0,-1.43,28530.0,706.0,495.0
UMHL,8/2/2023,209.0,209.0,203.0,206.9,-0.05,13396.0,706.0,495.0
UMHL,8/3/2023,207.0,209.9,203.0,204.0,-1.4,16693.0,706.0,495.0
UMHL,8/6/2023,204.0,207.0,201.0,201.3,-1.32,14041.0,706.0,495.0
UMHL,8/7/2023,200.2,201.4,197.5,200.0,-0.65,33422.0,706.0,495.0
UMHL,8/8/2023,203.0,203.0,195.0,199.0,-0.5,19365.0,706.0,495.0
UMHL,8/9/2023,199.0,202.0,194.1,202.0,1.51,19842.0,706.0,495.0
UMHL,8/10/2023,202.0,203.0,196.0,198.0,-1.98,19948.0,706.0,495.0
UMHL,8/13/2023,196.5,200.0,196.5,197.2,-0.4,7214.0,706.0,495.0
UMHL,8/14/2023,199.0,199.0,195.1,196.0,-0.61,18755.0,706.0,495.0
UMHL,8/15/2023,194.0,196.0,191.0,192.0,-2.04,16886.0,706.0,495.0
UMHL,8/16/2023,191.0,191.0,186.3,189.9,-1.09,24329.0,706.0,495.0
UMHL,8/17/2023,191.9,193.5,190.0,190.0,0.05,16855.0,706.0,495.0
UMHL,8/20/2023,191.0,193.7,185.0,187.6,-1.26,15366.0,706.0,495.0
UMHL,8/21/2023,184.0,190.0,182.0,185.7,-1.01,21648.0,706.0,495.0
UMHL,8/22/2023,185.1,187.5,182.5,186.3,0.32,9391.0,706.0,495.0
UMHL,8/23/2023,189.0,194.0,185.5,193.0,3.6,21072.0,706.0,495.0
UMHL,8/24/2023,192.0,194.0,185.1,187.0,-3.11,13542.0,706.0,495.0
UMHL,8/27/2023,185.0,185.9,182.0,185.9,-0.59,15081.0,706.0,495.0
UMHL,8/28/2023,183.0,186.9,182.5,186.6,0.38,6854.0,706.0,495.0
UMHL,8/29/2023,186.6,186.6,181.0,182.7,-2.09,13036.0,706.0,495.0
UMHL,8/30/2023,180.1,185.0,180.1,181.9,-0.44,10108.0,706.0,495.0
UMHL,9/3/2023,179.3,181.0,175.0,178.9,-1.65,10608.0,706.0,495.0
UMHL,9/4/2023,182.4,183.9,170.3,177.9,-0.56,13425.0,706.0,495.0
UMHL,9/5/2023,181.0,181.0,171.0,174.9,-1.69,5841.0,706.0,495.0
UMHL,9/7/2023,172.2,174.9,167.0,170.0,-2.8,14614.0,706.0,495.0
UMHL,9/10/2023,171.0,172.0,167.0,170.3,0.18,11542.0,706.0,495.0
UMHL,9/11/2023,168.0,175.0,167.5,174.0,2.17,7453.0,706.0,495.0
UMHL,9/12/2023,174.0,175.9,168.4,171.0,-1.72,7865.0,706.0,495.0
UMHL,9/13/2023,170.0,180.3,170.0,179.8,5.15,12842.0,706.0,495.0
UMHL,9/17/2023,179.0,179.0,172.0,174.0,-3.23,8875.0,706.0,495.0
UMHL,9/18/2023,174.9,181.3,174.0,175.0,0.57,5453.0,706.0,495.0
UMHL,9/19/2023,177.0,186.6,172.1,186.0,6.29,21019.0,706.0,495.0
UMHL,9/21/2023,189.6,203.0,187.0,201.0,8.06,47833.0,706.0,495.0
UMHL,9/24/2023,199.0,202.0,190.0,195.0,-2.99,30329.0,706.0,495.0
UMHL,9/25/2023,195.0,196.1,190.0,193.0,-1.03,18481.0,706.0,495.0
UMHL,9/26/2023,195.0,200.0,191.2,198.0,2.59,34604.0,706.0,495.0
UMHL,9/27/2023,199.0,199.0,193.0,194.0,-2.02,17878.0,706.0,495.0
UMHL,10/1/2023,197.8,197.8,180.5,180.5,-6.96,33340.0,706.0,495.0
UMHL,10/2/2023,180.0,193.7,180.0,192.9,6.87,27013.0,706.0,495.0
UMHL,10/3/2023,193.0,193.0,187.7,189.4,-1.81,10103.0,706.0,495.0
UMHL,10/4/2023,192.0,196.8,190.0,191.0,0.84,13735.0,706.0,495.0
UMHL,10/5/2023,187.2,193.0,186.0,187.0,-2.09,12659.0,706.0,495.0
UMHL,10/8/2023,190.7,190.7,181.0,182.1,-2.62,17759.0,706.0,495.0
UMHL,10/9/2023,185.0,185.7,179.0,182.0,-0.05,11885.0,706.0,495.0
UMHL,10/10/2023,184.0,184.0,178.0,178.2,-2.09,16930.0,706.0,495.0
UMHL,10/11/2023,175.1,192.6,175.1,180.0,1.01,10667.0,706.0,495.0
UMHL,10/12/2023,183.6,183.6,171.5,175.9,-2.28,20096.0,706.0,495.0
UMHL,10/16/2023,178.0,178.0,172.0,175.0,-0.51,9131.0,706.0,495.0
UMHL,10/17/2023,177.0,181.0,177.0,179.0,2.29,10256.0,706.0,495.0
UMHL,10/18/2023,180.0,183.5,179.0,180.0,0.56,4426.0,706.0,495.0
UMHL,10/19/2023,182.0,182.0,173.0,174.0,-3.33,8574.0,706.0,495.0
UMHL,10/29/2023,173.0,176.0,171.0,175.0,0.57,4633.0,706.0,495.0
UMHL,10/30/2023,178.5,181.9,171.5,176.9,1.09,6534.0,706.0,495.0
UMHL,10/31/2023,176.9,179.4,176.0,176.0,-0.51,4049.0,706.0,495.0
UMHL,11/1/2023,177.0,180.5,173.0,176.8,0.45,7648.0,706.0,495.0
UMHL,11/2/2023,173.7,175.0,170.8,174.0,-1.58,9005.0,706.0,495.0
UMHL,11/5/2023,170.6,177.0,168.0,170.0,-2.3,15343.0,706.0,495.0
UMHL,11/6/2023,173.4,175.0,171.0,174.0,2.35,6490.0,706.0,495.0
UMHL,11/7/2023,177.4,179.8,170.6,173.9,-0.06,4364.0,706.0,495.0
UMHL,11/8/2023,177.3,179.8,170.4,173.8,-0.06,10980.0,706.0,495.0
UMHL,11/9/2023,175.0,175.0,172.1,174.0,0.12,3434.0,706.0,495.0
UMHL,11/20/2023,177.0,177.0,171.5,173.8,-0.11,8756.0,706.0,495.0
UMHL,11/21/2023,177.0,177.0,168.2,170.0,-2.19,8290.0,706.0,495.0
UMHL,11/22/2023,170.0,176.0,170.0,173.9,2.29,6596.0,706.0,495.0
UMHL,11/23/2023,171.0,182.0,170.5,178.8,2.82,11043.0,706.0,495.0
UMHL,11/26/2023,175.8,188.9,175.8,188.0,5.15,24118.0,706.0,495.0
UMHL,11/27/2023,191.7,194.4,182.3,185.0,-1.6,10047.0,706.0,495.0
UMHL,11/28/2023,188.0,189.9,181.4,185.0,0.0,11463.0,706.0,495.0
UMHL,11/29/2023,181.4,188.7,181.3,184.0,-0.54,6137.0,706.0,495.0
UMHL,11/30/2023,185.0,185.0,180.5,182.9,-0.6,17673.0,706.0,495.0
UMHL,12/3/2023,179.3,180.0,176.0,178.4,-2.46,10092.0,706.0,495.0
UMHL,12/4/2023,179.0,179.0,176.1,178.0,-0.22,6082.0,706.0,495.0
UMHL,12/5/2023,181.5,181.5,175.0,175.0,-1.69,4311.0,706.0,495.0
UMHL,12/6/2023,173.0,179.9,173.0,177.3,1.31,7858.0,706.0,495.0
UMHL,12/7/2023,180.8,180.8,173.9,179.9,1.47,15822.0,706.0,495.0
UMHL,12/10/2023,183.4,194.4,183.4,194.0,7.84,1635.0,706.0,495.0
UMHL,12/11/2023,197.8,204.0,186.4,193.0,-0.52,37737.0,706.0,495.0
UMHL,12/12/2023,196.8,209.5,192.9,206.0,6.74,73342.0,706.0,495.0
UMHL,12/13/2023,210.1,214.0,206.0,209.0,1.46,76584.0,706.0,495.0
UMHL,12/14/2023,205.1,213.0,201.0,211.9,1.39,37676.0,706.0,495.0
UMHL,12/17/2023,214.0,225.0,206.0,225.0,6.18,106591.0,706.0,495.0
UMHL,12/18/2023,229.5,231.1,216.0,223.0,-0.89,84108.0,706.0,495.0
UMHL,12/19/2023,227.4,227.4,216.0,222.0,-0.45,33631.0,706.0,495.0
UMHL,12/20/2023,226.4,229.0,217.6,223.6,0.72,74834.0,706.0,495.0
UMHL,12/21/2023,220.3,230.0,218.0,224.0,0.18,96253.0,706.0,495.0
UMHL,12/24/2023,228.4,232.0,220.5,222.0,-0.89,96791.0,706.0,495.0
UMHL,12/27/2023,222.0,228.0,216.0,219.0,-1.35,45513.0,706.0,495.0
UMHL,12/28/2023,223.3,227.0,212.1,215.0,-1.83,34118.0,706.0,495.0
UMHL,1/1/2024,219.3,219.3,204.9,208.0,-3.26,50035.0,706.0,495.0
UMHL,1/2/2024,212.1,212.1,198.2,199.1,-4.28,60139.0,706.0,495.0
UMHL,1/3/2024,200.5,212.0,198.0,209.0,4.97,28939.0,706.0,495.0
UMHL,1/4/2024,213.1,216.0,209.0,212.0,1.44,87531.0,706.0,495.0
UMHL,1/7/2024,216.0,225.4,210.0,216.0,1.89,120987.0,706.0,495.0
UMHL,1/8/2024,220.2,223.0,216.2,222.0,2.78,48754.0,706.0,495.0
UMHL,1/9/2024,226.0,231.3,222.0,224.0,0.9,108866.0,706.0,495.0
UMHL,1/10/2024,228.4,232.7,222.7,226.0,0.89,54999.0,706.0,495.0
UMHL,1/11/2024,230.0,247.0,226.0,246.0,8.85,303528.0,706.0,495.0
UMHL,1/14/2024,250.9,257.9,247.1,248.0,0.81,148613.0,706.0,495.0
UMHL,1/16/2024,252.9,272.8,248.0,272.8,10.0,280007.0,706.0,495.0
UMHL,1/17/2024,272.0,287.0,254.1,259.0,-5.06,342395.0,706.0,495.0
UMHL,1/18/2024,254.0,278.0,250.0,272.0,5.02,223949.0,706.0,495.0
UMHL,1/21/2024,277.0,299.0,277.0,279.0,2.57,416114.0,706.0,495.0
UMHL,1/22/2024,280.0,289.0,274.0,277.9,-0.39,253358.0,706.0,495.0
UMHL,1/23/2024,280.0,284.0,267.0,270.0,-2.84,109681.0,706.0,495.0
UMHL,1/24/2024,275.0,278.0,268.6,270.5,0.19,98061.0,706.0,495.0
UMHL,1/25/2024,275.0,275.0,259.0,264.9,-2.07,107691.0,706.0,495.0
UMHL,1/28/2024,270.1,283.8,266.5,282.0,6.46,198681.0,706.0,495.0
UMHL,1/29/2024,287.6,292.0,279.0,289.0,2.48,291661.0,706.0,495.0
UMHL,1/30/2024,290.0,308.3,290.0,303.5,5.02,448960.0,706.0,495.0
UMHL,1/31/2024,308.0,309.0,288.0,291.1,-4.09,219414.0,706.0,495.0
UMHL,2/1/2024,285.3,293.0,278.4,281.0,-3.47,172075.0,706.0,495.0
UMHL,2/4/2024,281.0,285.0,273.1,280.0,-0.36,110542.0,706.0,495.0
UMHL,2/5/2024,275.0,286.0,275.0,280.0,0.0,82354.0,706.0,495.0
UMHL,2/6/2024,280.0,285.0,279.0,284.0,1.43,62848.0,706.0,495.0
UMHL,2/7/2024,289.0,294.5,283.5,291.0,2.46,188355.0,706.0,495.0
UMHL,2/8/2024,296.7,296.7,285.2,286.0,-1.72,86122.0,706.0,495.0
UMHL,2/11/2024,291.7,291.7,280.0,281.0,-1.75,66470.0,706.0,495.0
UMHL,2/12/2024,286.6,288.8,281.0,284.9,1.39,49074.0,706.0,495.0
UMHL,2/13/2024,280.0,285.0,275.5,276.0,-3.12,89033.0,706.0,495.0
UMHL,2/14/2024,273.0,282.0,273.0,279.0,1.09,67614.0,706.0,495.0
UMHL,2/15/2024,273.5,294.0,273.5,285.0,2.15,222399.0,706.0,495.0
UMHL,2/18/2024,289.0,289.8,277.3,280.9,-1.44,84246.0,706.0,495.0
UMHL,2/20/2024,276.0,280.9,272.0,272.5,-2.99,86781.0,706.0,495.0
UMHL,2/21/2024,277.8,281.0,268.7,268.7,-1.39,94262.0,706.0,495.0
UMHL,2/22/2024,267.0,275.4,259.0,262.2,-2.42,83400.0,706.0,495.0
UMHL,2/25/2024,258.0,267.0,250.0,252.0,-3.89,57751.0,706.0,495.0
UMHL,2/26/2024,248.4,260.0,248.4,260.0,3.17,42103.0,706.0,495.0
UMHL,2/27/2024,265.0,269.0,258.0,266.0,2.31,33883.0,706.0,495.0
UMHL,2/28/2024,260.7,271.0,256.0,258.1,-2.97,31504.0,706.0,495.0
UMHL,2/29/2024,254.0,260.0,246.1,250.0,-3.14,76245.0,706.0,495.0
UMHL,3/3/2024,245.1,254.0,245.0,252.8,1.12,30826.0,706.0,495.0
UMHL,3/4/2024,257.8,278.0,257.8,275.0,8.78,12848.0,706.0,495.0
UMHL,3/5/2024,280.0,280.0,258.9,260.0,-5.45,102657.0,706.0,495.0
UMHL,3/6/2024,254.8,269.0,254.8,260.0,0.0,51517.0,706.0,495.0
UMHL,3/7/2024,265.0,269.9,259.0,263.9,1.5,22441.0,706.0,495.0
UMHL,3/10/2024,260.0,274.4,260.0,268.0,1.55,37335.0,706.0,495.0
UMHL,3/12/2024,273.0,273.0,262.0,269.5,0.56,51816.0,706.0,495.0
UMHL,3/13/2024,266.0,271.0,265.0,269.0,-0.19,47494.0,706.0,495.0
UMHL,3/14/2024,274.3,274.3,262.1,264.0,-1.86,46062.0,706.0,495.0
UMHL,3/17/2024,265.0,268.0,259.0,259.2,-1.82,27075.0,706.0,495.0
UMHL,3/18/2024,260.0,264.0,257.6,259.0,-0.08,26728.0,706.0,495.0
UMHL,3/19/2024,264.1,264.1,255.0,257.0,-0.77,45716.0,706.0,495.0
UMHL,3/20/2024,257.0,260.0,255.0,256.0,-0.39,27827.0,706.0,495.0
UMHL,3/21/2024,261.1,261.1,249.2,252.9,-1.21,35070.0,706.0,495.0
UMHL,3/25/2024,252.9,252.9,245.0,247.9,-1.98,21155.0,706.0,495.0
UMHL,3/26/2024,248.0,258.0,243.1,252.0,1.65,51996.0,706.0,495.0
UMHL,3/27/2024,250.1,255.6,244.1,246.9,-2.02,33134.0,706.0,495.0
UMHL,3/28/2024,244.0,251.3,243.2,248.0,0.45,33756.0,706.0,495.0
UMHL,3/31/2024,251.0,255.9,243.0,243.2,-1.94,29712.0,706.0,495.0
UMHL,4/1/2024,248.0,248.0,239.0,239.2,-1.64,45265.0,706.0,495.0
UMHL,4/2/2024,243.9,248.5,236.2,238.8,-0.17,23366.0,706.0,495.0
UMHL,4/3/2024,235.1,239.8,232.3,234.0,-2.01,34285.0,706.0,495.0
UMHL,4/4/2024,235.0,235.0,230.1,232.0,-0.85,26179.0,706.0,495.0
UMHL,4/7/2024,236.6,240.8,230.1,240.8,3.79,29196.0,706.0,495.0
UMHL,4/9/2024,245.0,246.0,238.1,241.0,0.08,31933.0,706.0,495.0
UMHL,4/10/2024,239.0,244.0,233.1,233.1,-3.28,35084.0,706.0,495.0
UMHL,4/14/2024,237.0,247.2,235.2,247.2,6.05,69609.0,706.0,495.0
UMHL,4/15/2024,242.3,259.9,242.3,251.0,1.54,69782.0,706.0,495.0
UMHL,4/16/2024,246.0,256.0,244.0,244.9,-2.43,22461.0,706.0,495.0
UMHL,4/18/2024,240.1,242.8,238.1,238.9,-2.45,8280.0,706.0,495.0
UMHL,4/21/2024,234.2,246.0,234.2,240.2,0.54,24850.0,706.0,495.0
UMHL,4/22/2024,241.0,250.9,241.0,245.0,2.0,24664.0,706.0,495.0
UMHL,4/24/2024,241.0,247.8,241.0,243.9,-0.45,16558.0,706.0,495.0
UMHL,4/25/2024,245.0,246.9,236.5,237.0,-2.83,32791.0,706.0,495.0
UMHL,4/28/2024,241.7,241.7,237.0,239.9,1.22,18528.0,706.0,495.0
UMHL,4/29/2024,244.6,244.6,234.2,236.9,-1.25,32540.0,706.0,495.0
UMHL,4/30/2024,240.0,246.0,235.5,242.0,2.15,61636.0,706.0,495.0
UMHL,5/2/2024,246.8,246.8,238.0,241.8,-0.08,28304.0,706.0,495.0
UMHL,5/5/2024,237.0,245.0,233.8,235.0,-2.81,36695.0,706.0,495.0
UMHL,5/6/2024,230.3,238.0,230.3,231.5,-1.49,24410.0,706.0,495.0
UMHL,5/7/2024,236.0,236.0,228.1,233.0,0.65,17704.0,706.0,495.0
UMHL,5/8/2024,235.8,235.8,226.1,227.0,-2.58,12180.0,706.0,495.0
UMHL,5/9/2024,226.0,231.0,225.0,226.1,-0.4,14350.0,706.0,495.0
UMHL,5/12/2024,224.0,230.0,223.1,227.0,0.4,21150.0,706.0,495.0
UMHL,5/13/2024,230.9,230.9,225.0,229.6,1.15,16093.0,706.0,495.0
UMHL,5/14/2024,229.6,240.0,226.0,237.0,3.22,25313.0,706.0,495.0
UMHL,5/15/2024,241.0,244.9,236.0,238.7,0.72,31678.0,706.0,495.0
UMHL,5/16/2024,239.7,241.6,233.0,237.1,-0.67,14169.0,706.0,495.0
UMHL,5/19/2024,241.8,241.8,233.2,238.0,0.38,22495.0,706.0,495.0
UMHL,5/20/2024,238.0,247.0,238.0,243.8,2.44,51689.0,706.0,495.0
UMHL,5/21/2024,247.0,249.9,235.0,246.1,0.94,35800.0,706.0,495.0
UMHL,5/22/2024,241.5,249.9,237.0,240.0,-2.48,37575.0,706.0,495.0
UMHL,5/26/2024,235.2,243.0,232.5,234.0,-2.5,17979.0,706.0,495.0
UMHL,5/27/2024,238.6,238.6,233.5,236.7,1.15,11210.0,706.0,495.0
UMHL,5/29/2024,241.4,242.0,233.0,235.0,-0.72,27356.0,706.0,495.0
UMHL,5/30/2024,239.7,239.7,232.6,236.0,0.43,22292.0,706.0,495.0
UMHL,6/2/2024,240.7,243.0,227.4,238.9,1.23,27800.0,706.0,495.0
UMHL,6/3/2024,243.0,243.0,233.4,236.7,-0.92,16170.0,706.0,495.0
UMHL,6/4/2024,237.9,242.0,235.0,236.8,0.04,25503.0,706.0,495.0
UMHL,6/5/2024,241.0,241.0,230.0,236.0,-0.34,15207.0,706.0,495.0
UMHL,6/6/2024,236.0,236.0,230.3,231.0,-2.12,12718.0,706.0,495.0
UMHL,6/9/2024,231.5,234.0,228.1,233.4,1.04,25026.0,706.0,495.0
UMHL,6/10/2024,231.0,242.7,231.0,239.0,2.4,48173.0,706.0,495.0
UMHL,6/11/2024,243.7,256.8,241.2,255.0,6.69,137016.0,706.0,495.0
UMHL,6/12/2024,259.0,260.0,248.0,249.8,-2.04,52732.0,706.0,495.0
UMHL,6/13/2024,254.7,254.7,243.1,246.0,-1.52,36922.0,706.0,495.0
UMHL,6/16/2024,248.1,257.0,248.1,251.4,2.2,58564.0,706.0,495.0
UMHL,6/18/2024,250.0,251.2,243.0,245.0,-2.55,35070.0,706.0,495.0
UMHL,6/19/2024,249.8,249.9,240.2,241.7,-1.35,18427.0,706.0,495.0
UMHL,6/20/2024,242.1,246.9,239.0,240.0,-0.7,19560.0,706.0,495.0
UMHL,6/23/2024,238.3,243.0,236.0,239.0,-0.42,30280.0,706.0,495.0
UMHL,6/24/2024,235.0,243.5,235.0,237.0,-0.84,22140.0,706.0,495.0
UMHL,6/25/2024,237.0,241.0,236.5,237.0,0.0,15625.0,706.0,495.0
UMHL,6/26/2024,240.0,240.0,234.2,238.0,0.42,31535.0,706.0,495.0
UMHL,6/27/2024,234.5,242.0,232.0,236.0,-0.84,24603.0,706.0,495.0
UMHL,6/30/2024,235.0,239.0,233.0,237.5,0.64,19276.0,706.0,495.0
UMHL,7/1/2024,234.2,237.0,233.0,234.0,-1.47,20434.0,706.0,495.0
UMHL,7/2/2024,238.6,253.0,238.6,242.0,3.42,48026.0,706.0,495.0
UMHL,7/3/2024,237.3,241.0,237.3,238.3,-1.53,10183.0,706.0,495.0
UMHL,7/4/2024,235.2,245.0,235.1,239.1,0.34,30024.0,706.0,495.0
UMHL,7/7/2024,243.8,243.8,239.0,241.4,0.96,27068.0,706.0,495.0
UMHL,7/8/2024,246.2,246.2,238.0,240.0,-0.58,20120.0,706.0,495.0
UMHL,7/9/2024,237.2,241.5,237.0,240.0,0.0,23083.0,706.0,495.0
UMHL,7/10/2024,235.2,244.4,235.2,241.0,0.42,34037.0,706.0,495.0
UMHL,7/11/2024,241.0,246.0,239.0,245.0,1.66,44947.0,706.0,495.0
UMHL,7/14/2024,249.9,258.0,248.0,258.0,5.31,67899.0,706.0,495.0
UMHL,7/15/2024,263.0,264.0,251.5,256.0,-0.78,71482.0,706.0,495.0
UMHL,7/16/2024,254.1,274.0,254.1,271.0,5.86,127617.0,706.0,495.0
UMHL,7/17/2024,275.0,277.4,263.0,273.0,0.74,114759.0,706.0,495.0
UMHL,7/18/2024,278.4,278.4,268.0,270.0,-1.1,125680.0,706.0,495.0
UMHL,7/21/2024,270.0,297.0,269.5,297.0,10.0,382852.0,706.0,495.0
UMHL,7/22/2024,302.9,310.0,293.0,304.0,2.36,383652.0,706.0,495.0
UMHL,7/23/2024,305.0,318.0,303.0,314.9,3.59,188013.0,706.0,495.0
UMHL,7/24/2024,308.7,319.0,297.0,300.0,-4.73,314743.0,706.0,495.0
UMHL,7/25/2024,304.2,305.0,294.0,297.0,-1.0,122862.0,706.0,495.0
UMHL,7/28/2024,300.0,308.0,289.2,298.6,0.54,136498.0,706.0,495.0
UMHL,7/29/2024,304.0,310.9,294.0,295.2,-1.14,188972.0,706.0,495.0
UMHL,7/30/2024,297.9,315.0,297.9,312.0,5.69,236817.0,706.0,495.0
UMHL,7/31/2024,315.0,331.4,313.0,320.0,2.56,300552.0,706.0,495.0
UMHL,8/1/2024,325.0,326.0,310.0,313.0,-2.19,197336.0,706.0,495.0
UMHL,8/5/2024,313.0,326.0,307.0,320.0,2.24,317208.0,706.0,495.0
UMHL,8/6/2024,326.0,334.5,309.0,312.0,-2.5,364869.0,706.0,495.0
UMHL,8/7/2024,310.0,340.0,310.0,338.4,8.46,243930.0,706.0,495.0
UMHL,8/8/2024,340.0,355.0,335.0,340.0,0.47,278730.0,706.0,495.0
UMHL,8/11/2024,346.0,360.0,343.0,358.0,5.29,350409.0,706.0,495.0
UMHL,8/12/2024,365.0,374.5,357.0,365.0,1.96,251286.0,706.0,495.0
UMHL,8/13/2024,368.0,372.0,346.0,353.0,-3.29,199400.0,706.0,495.0
UMHL,8/14/2024,356.0,361.9,344.0,355.5,0.71,229976.0,706.0,495.0
UMHL,8/15/2024,362.6,386.0,355.1,375.0,5.49,313387.0,706.0,495.0
UMHL,8/18/2024,375.0,375.0,353.1,358.0,-4.53,212480.0,706.0,495.0
UMHL,8/21/2024,363.0,367.0,350.0,353.0,-1.4,157090.0,706.0,495.0
UMHL,8/22/2024,355.0,366.0,353.0,356.0,0.85,183808.0,706.0,495.0
UMHL,8/25/2024,357.1,364.9,346.2,347.0,-2.53,257175.0,706.0,495.0
UMHL,8/27/2024,347.0,350.0,327.5,329.0,-5.19,192755.0,706.0,495.0
UMHL,8/28/2024,323.0,343.0,322.0,328.0,-0.3,107846.0,706.0,495.0
UMHL,8/29/2024,325.5,346.0,318.0,318.5,-2.9,90163.0,706.0,495.0
UMHL,9/1/2024,324.0,331.0,317.0,320.6,0.66,111735.0,706.0,495.0
UMHL,9/2/2024,327.0,339.6,321.0,337.4,5.24,120428.0,706.0,495.0
UMHL,9/3/2024,341.9,347.7,336.1,341.0,1.07,110047.0,706.0,495.0
UMHL,9/4/2024,346.8,346.8,322.0,325.0,-4.69,62335.0,706.0,495.0
UMHL,9/5/2024,320.0,338.0,318.0,327.0,0.62,109635.0,706.0,495.0
UMHL,9/8/2024,327.5,336.4,322.2,325.0,-0.61,61642.0,706.0,495.0
UMHL,9/9/2024,331.4,338.0,317.0,319.0,-1.85,74293.0,706.0,495.0
UMHL,9/10/2024,314.0,330.9,314.0,318.7,-0.09,44408.0,706.0,495.0
UMHL,9/11/2024,319.0,326.0,313.5,315.0,-1.16,77091.0,706.0,495.0
UMHL,9/12/2024,315.1,326.0,315.0,325.0,3.17,50219.0,706.0,495.0
UMHL,9/15/2024,325.0,333.0,313.0,317.0,-2.46,80669.0,706.0,495.0
UMHL,9/16/2024,322.9,322.9,308.0,309.0,-2.52,61910.0,706.0,495.0
UMHL,9/18/2024,304.0,314.4,303.0,303.0,-1.94,71087.0,706.0,495.0
UMHL,9/22/2024,309.0,315.1,304.1,306.0,0.99,49490.0,706.0,495.0
UMHL,9/23/2024,300.3,312.1,293.1,293.1,-4.22,51950.0,706.0,495.0
UMHL,9/24/2024,294.0,299.8,283.4,284.0,-3.1,89492.0,706.0,495.0
UMHL,9/25/2024,284.0,300.5,280.5,294.7,3.77,62427.0,706.0,495.0
UMHL,9/26/2024,297.5,304.9,280.0,288.0,-2.27,37877.0,706.0,495.0
UMHL,9/29/2024,283.0,288.0,276.7,282.9,-1.77,38515.0,706.0,495.0
UMHL,9/30/2024,288.0,310.0,277.3,310.0,9.58,39270.0,706.0,495.0
UMHL,10/1/2024,303.8,320.0,298.0,316.0,1.94,136007.0,706.0,495.0
UMHL,10/2/2024,310.0,319.7,302.1,303.4,-3.99,68641.0,706.0,495.0
UMHL,10/6/2024,309.4,315.0,303.3,313.7,3.39,43150.0,706.0,495.0
UMHL,10/7/2024,318.0,330.0,313.7,314.0,0.1,81074.0,706.0,495.0
UMHL,10/8/2024,310.0,317.9,306.0,308.0,-1.91,35289.0,706.0,495.0
UMHL,10/9/2024,312.0,338.8,304.0,338.8,10.0,50651.0,706.0,495.0
UMHL,10/15/2024,338.0,338.0,318.0,321.0,-5.25,52535.0,706.0,495.0
UMHL,10/16/2024,324.0,331.9,321.0,325.9,1.53,40060.0,706.0,495.0
UMHL,10/17/2024,329.0,349.9,322.7,326.0,0.03,92284.0,706.0,495.0
UMHL,10/20/2024,319.5,323.0,312.0,315.0,-3.37,71490.0,706.0,495.0
UMHL,10/21/2024,318.0,318.0,305.4,308.9,-1.94,31407.0,706.0,495.0
UMHL,10/22/2024,315.0,315.0,305.0,312.0,1.0,25994.0,706.0,495.0
UMHL,10/23/2024,316.7,316.7,307.0,310.4,-0.51,19171.0,706.0,495.0
UMHL,10/24/2024,310.0,313.0,304.7,309.9,-0.16,31013.0,706.0,495.0
UMHL,10/27/2024,315.0,316.0,306.5,309.9,0.0,22398.0,706.0,495.0
UMHL,10/28/2024,312.5,317.9,308.5,317.8,2.55,35374.0,706.0,495.0
UMHL,10/29/2024,319.9,344.0,316.0,335.0,5.41,230005.0,706.0,495.0
UMHL,10/30/2024,340.0,343.9,336.5,339.7,1.4,162157.0,706.0,495.0
UMHL,11/5/2024,333.0,372.0,333.0,372.0,9.51,115720.0,706.0,495.0
UMHL,11/6/2024,364.6,394.0,350.1,357.0,-4.03,330776.0,706.0,495.0
UMHL,11/10/2024,357.0,378.0,350.0,358.0,0.28,316075.0,706.0,495.0
UMHL,11/11/2024,350.9,360.0,340.0,347.0,-3.07,219949.0,706.0,495.0
UMHL,11/12/2024,340.1,358.0,340.1,341.0,-1.73,105046.0,706.0,495.0
UMHL,11/13/2024,347.0,347.0,334.2,334.2,-1.99,78870.0,706.0,495.0
UMHL,11/14/2024,327.6,347.0,327.6,340.0,1.74,144983.0,706.0,495.0
UMHL,11/17/2024,346.0,353.0,341.0,344.0,1.18,128772.0,706.0,495.0
UMHL,11/19/2024,340.2,345.0,330.0,331.0,-3.78,98820.0,706.0,495.0
UMHL,11/20/2024,324.4,338.0,324.4,326.1,-1.48,81224.0,706.0,495.0
UMHL,11/21/2024,332.0,332.9,321.7,324.0,-0.64,86907.0,706.0,495.0
UMHL,11/24/2024,330.0,334.7,324.2,327.0,0.93,62477.0,706.0,495.0
UMHL,11/25/2024,331.0,334.7,325.0,330.0,0.92,51799.0,706.0,495.0
UMHL,11/26/2024,335.0,345.0,332.0,342.0,3.64,128172.0,706.0,495.0
UMHL,11/27/2024,348.8,350.0,342.0,343.9,0.56,115043.0,706.0,495.0
UMHL,11/28/2024,350.7,350.7,335.7,337.8,-1.77,110323.0,706.0,495.0
UMHL,12/1/2024,332.0,338.0,326.1,332.0,-1.72,74869.0,706.0,495.0
UMHL,12/2/2024,335.0,344.0,335.0,336.0,1.2,112723.0,706.0,495.0
UMHL,12/3/2024,342.0,352.0,340.0,347.8,3.51,220679.0,706.0,495.0
UMHL,12/4/2024,348.0,362.0,347.4,355.0,2.07,276953.0,706.0,495.0
UMHL,12/5/2024,355.0,362.0,343.0,343.5,-3.24,118567.0,706.0,495.0
UMHL,12/8/2024,341.0,346.9,334.1,334.5,-2.62,76940.0,706.0,495.0
UMHL,12/9/2024,339.9,356.0,335.1,345.2,3.2,188449.0,706.0,495.0
UMHL,12/10/2024,346.2,350.0,339.5,342.0,-0.93,44256.0,706.0,495.0
UMHL,12/11/2024,348.8,348.8,337.2,347.4,1.58,52329.0,706.0,495.0
UMHL,12/12/2024,349.0,349.9,338.1,340.0,-2.13,101988.0,706.0,495.0
UMHL,12/16/2024,345.0,345.0,325.0,326.0,-4.12,80474.0,706.0,495.0
UMHL,12/17/2024,331.9,332.0,324.0,325.1,-0.28,41059.0,706.0,495.0
UMHL,12/18/2024,331.0,331.0,323.1,324.0,-0.34,36688.0,706.0,495.0
UMHL,12/19/2024,320.4,326.8,320.0,321.0,-0.93,44364.0,706.0,495.0
UMHL,12/22/2024,323.0,329.4,316.7,321.5,0.16,48991.0,706.0,495.0
UMHL,12/23/2024,315.1,333.9,315.1,332.0,3.27,42107.0,706.0,495.0
UMHL,12/24/2024,326.3,335.0,326.3,330.0,-0.6,30463.0,706.0,495.0
UMHL,12/26/2024,325.0,328.0,320.0,323.5,-1.97,46108.0,706.0,495.0
UMHL,12/29/2024,323.5,330.0,318.0,319.9,-1.11,38047.0,706.0,495.0
UMHL,12/31/2024,315.5,321.0,310.0,315.0,-1.53,41386.0,706.0,495.0
UMHL,1/1/2025,320.0,321.3,316.8,316.8,0.57,23748.0,706.0,495.0
UMHL,1/2/2025,315.1,322.0,315.0,322.0,1.64,32313.0,706.0,495.0
UMHL,1/5/2025,321.0,336.9,321.0,336.0,4.35,107567.0,706.0,495.0
UMHL,1/6/2025,342.0,345.9,335.6,341.0,1.49,127686.0,706.0,495.0
UMHL,1/7/2025,345.0,345.0,335.1,338.0,-0.88,48219.0,706.0,495.0
UMHL,1/8/2025,343.0,343.0,334.1,337.0,-0.3,44472.0,706.0,495.0
UMHL,1/9/2025,337.0,344.0,335.2,337.2,0.06,115449.0,706.0,495.0
UMHL,1/12/2025,342.0,342.0,330.1,335.0,-0.65,27995.0,706.0,495.0
UMHL,1/13/2025,329.0,341.0,329.0,338.1,0.93,107052.0,706.0,495.0
UMHL,1/15/2025,340.9,341.9,332.0,333.0,-1.51,38752.0,706.0,495.0
UMHL,1/16/2025,334.0,338.9,331.0,334.0,0.3,40087.0,706.0,495.0
UMHL,1/19/2025,340.6,340.6,330.0,334.0,0.0,51478.0,706.0,495.0
UMHL,1/20/2025,340.0,343.0,335.2,339.0,1.5,74145.0,706.0,495.0
UMHL,1/21/2025,341.0,345.7,336.5,336.5,-0.74,73477.0,706.0,495.0
UMHL,1/22/2025,343.2,349.9,330.0,344.7,2.44,141917.0,706.0,495.0
UMHL,1/23/2025,337.9,348.0,337.9,340.0,-1.36,80101.0,706.0,495.0
UMHL,1/26/2025,345.9,354.0,340.0,350.0,2.94,188410.0,706.0,495.0
UMHL,1/27/2025,355.0,358.0,346.5,349.0,-0.29,161814.0,706.0,495.0
UMHL,1/28/2025,355.9,357.0,348.1,355.0,1.72,169395.0,706.0,495.0
UMHL,2/2/2025,348.0,367.0,348.0,357.0,0.56,175981.0,706.0,495.0
UMHL,2/3/2025,363.0,363.0,350.1,350.8,-1.74,134040.0,706.0,495.0
UMHL,2/4/2025,344.4,366.0,344.4,366.0,4.33,259321.0,706.0,495.0
UMHL,2/5/2025,370.0,388.0,367.0,377.0,3.01,414414.0,706.0,495.0
UMHL,2/6/2025,383.9,398.0,372.0,389.0,3.18,417581.0,706.0,495.0
UMHL,2/9/2025,394.0,395.9,376.1,380.1,-2.29,305796.0,706.0,495.0
UMHL,2/10/2025,380.0,390.0,373.1,380.0,-0.03,228341.0,706.0,495.0
UMHL,2/11/2025,377.0,404.9,373.1,403.0,6.05,551103.0,706.0,495.0
UMHL,2/12/2025,410.0,419.0,405.0,410.0,1.74,458619.0,706.0,495.0
UMHL,2/13/2025,409.0,411.9,395.0,397.0,-3.17,312620.0,706.0,495.0
UMHL,2/16/2025,394.0,396.0,386.1,390.0,-1.76,242061.0,706.0,495.0
UMHL,2/17/2025,383.0,394.0,381.3,383.1,-1.77,205616.0,706.0,495.0
UMHL,2/18/2025,388.0,391.0,380.1,382.1,-0.26,206562.0,706.0,495.0
UMHL,2/20/2025,385.0,390.0,379.1,387.3,1.36,187386.0,706.0,495.0
UMHL,2/23/2025,385.0,405.9,375.0,398.0,2.76,318535.0,706.0,495.0
UMHL,2/24/2025,399.0,403.0,390.1,395.2,-0.7,246550.0,706.0,495.0
UMHL,2/25/2025,401.0,405.8,396.0,402.0,1.72,356479.0,706.0,495.0
UMHL,2/27/2025,405.0,418.0,399.0,411.0,2.24,400455.0,706.0,495.0
UMHL,3/2/2025,417.9,424.8,409.5,424.8,3.36,266849.0,706.0,495.0
UMHL,3/3/2025,433.2,434.0,420.0,428.0,0.75,358730.0,706.0,495.0
UMHL,3/4/2025,419.5,439.0,419.5,431.9,0.91,312832.0,706.0,495.0
UMHL,3/5/2025,440.0,448.0,427.0,428.0,-0.9,359675.0,706.0,495.0
UMHL,3/6/2025,436.5,436.5,422.0,436.5,1.99,269023.0,706.0,495.0
UMHL,3/9/2025,445.2,445.2,430.0,435.0,-0.34,216644.0,706.0,495.0
UMHL,3/10/2025,443.0,449.0,426.0,429.0,-1.38,374756.0,706.0,495.0
UMHL,3/11/2025,435.0,435.0,420.1,429.0,0.0,326957.0,706.0,495.0
UMHL,3/12/2025,429.0,436.7,426.8,434.0,1.17,229719.0,706.0,495.0
UMHL,3/16/2025,434.0,445.0,430.2,439.2,1.2,391990.0,706.0,495.0
UMHL,3/17/2025,441.0,443.0,433.2,434.0,-1.18,260276.0,706.0,495.0
UMHL,3/18/2025,438.5,440.9,433.0,433.9,-0.02,155537.0,706.0,495.0
UMHL,3/19/2025,433.0,442.6,433.0,438.8,1.13,252702.0,706.0,495.0
UMHL,3/20/2025,440.0,450.0,433.2,447.52,1.99,366814.0,706.0,495.0
UMHL,3/23/2025,450.0,474.0,445.0,453.35,1.3,447088.0,706.0,495.0
UMHL,3/24/2025,462.4,462.4,440.2,443.28,-2.22,265403.0,706.0,495.0
UMHL,3/25/2025,452.1,452.1,431.5,437.6,-1.28,396979.0,706.0,495.0
UMHL,3/26/2025,435.0,442.8,432.0,438.79,0.27,243627.0,706.0,495.0
UMHL,3/27/2025,436.0,440.5,434.0,435.85,-0.67,208381.0,706.0,495.0
UMHL,3/30/2025,438.9,444.0,430.5,437.93,0.48,334542.0,706.0,495.0
UMHL,4/1/2025,435.1,450.0,434.0,440.38,0.56,348734.0,706.0,495.0
UMHL,4/2/2025,449.0,449.1,441.2,442.41,0.46,157116.0,706.0,495.0
UMHL,4/3/2025,444.0,446.9,438.4,440.15,-0.51,303400.0,706.0,495.0
UMHL,4/7/2025,448.9,448.9,439.2,441.89,0.4,234520.0,706.0,495.0
UMHL,4/8/2025,435.0,460.0,435.0,457.39,3.51,479609.0,706.0,495.0
UMHL,4/9/2025,465.0,465.0,450.0,450.71,-1.46,159814.0,706.0,495.0
UMHL,4/10/2025,454.0,462.0,450.0,460.15,2.09,388422.0,706.0,495.0
UMHL,4/13/2025,461.0,465.0,456.1,461.28,0.25,276693.0,706.0,495.0
UMHL,4/15/2025,470.5,470.9,460.1,463.23,0.42,346207.0,706.0,495.0
UMHL,4/16/2025,460.8,479.6,460.8,474.39,2.41,343657.0,706.0,495.0
UMHL,4/17/2025,473.0,484.0,466.0,470.13,-0.9,373287.0,706.0,495.0
UMHL,4/20/2025,466.0,473.0,461.0,465.95,-0.89,273718.0,706.0,495.0
UMHL,4/21/2025,472.0,475.0,465.0,472.61,1.43,189785.0,706.0,495.0
UMHL,4/22/2025,474.5,475.0,469.6,472.03,-0.12,241849.0,706.0,495.0
UMHL,4/23/2025,471.0,477.0,471.0,473.17,0.24,308590.0,706.0,495.0
UMHL,4/24/2025,475.0,476.5,472.2,475.02,0.39,279961.0,706.0,495.0
UMHL,4/27/2025,479.0,485.0,475.0,480.76,1.21,416084.0,706.0,495.0
UMHL,4/28/2025,490.3,490.3,475.0,485.42,0.97,348561.0,706.0,495.0
UMHL,4/29/2025,495.1,498.7,481.3,490.64,1.08,213121.0,706.0,495.0
UMHL,4/30/2025,480.9,514.0,480.9,503.86,2.69,430876.0,706.0,495.0
UMHL,5/4/2025,503.0,510.0,491.1,497.32,-1.3,297357.0,706.0,495.0
UMHL,5/5/2025,491.9,504.0,491.9,501.33,0.81,301047.0,706.0,495.0
UMHL,5/6/2025,502.5,509.0,500.0,500.33,-0.2,158418.0,706.0,495.0
UMHL,5/7/2025,498.0,506.9,498.0,501.33,0.2,212264.0,706.0,495.0
UMHL,5/8/2025,500.0,508.9,500.0,500.43,-0.18,376609.0,706.0,495.0
UMHL,5/11/2025,505.0,511.5,498.1,507.66,1.44,227445.0,706.0,495.0
UMHL,5/13/2025,500.0,517.0,500.0,509.1,0.28,179663.0,706.0,495.0
UMHL,5/14/2025,512.0,512.0,500.5,501.74,-1.45,163664.0,706.0,495.0
UMHL,5/15/2025,502.0,505.0,497.2,500.93,-0.16,171783.0,706.0,495.0
UMHL,5/18/2025,507.9,509.0,495.1,505.9,0.99,185355.0,706.0,495.0
UMHL,5/19/2025,508.9,512.9,506.0,508.13,0.44,196502.0,706.0,495.0
UMHL,5/20/2025,503.1,510.0,503.1,507.42,-0.14,97255.0,706.0,495.0
UMHL,5/21/2025,512.0,516.0,505.7,506.46,-0.19,155455.0,706.0,495.0
UMHL,5/22/2025,508.9,513.2,502.1,510.82,0.86,207958.0,706.0,495.0
UMHL,5/25/2025,500.7,545.0,500.7,529.85,3.73,545842.0,706.0,495.0
UMHL,5/26/2025,530.0,530.0,515.0,515.77,-2.66,233367.0,706.0,495.0
UMHL,5/27/2025,515.0,525.0,510.5,513.95,-0.35,134898.0,706.0,495.0
UMHL,5/28/2025,515.0,517.8,509.0,510.47,-0.68,273578.0,706.0,495.0
UMHL,6/2/2025,520.6,520.6,510.0,511.24,0.15,127301.0,706.0,495.0
UMHL,6/3/2025,513.0,518.0,512.1,512.55,0.26,119136.0,706.0,495.0
UMHL,6/4/2025,510.2,519.0,510.2,513.54,0.19,135643.0,706.0,495.0
UMHL,6/5/2025,505.1,522.0,505.1,514.47,0.18,211743.0,706.0,495.0
UMHL,6/8/2025,507.9,520.0,507.9,516.21,0.34,194994.0,706.0,495.0
UMHL,6/9/2025,508.9,519.8,508.9,517.13,0.18,120991.0,706.0,495.0
UMHL,6/10/2025,510.1,521.0,510.1,518.9,0.34,178320.0,706.0,495.0
UMHL,6/11/2025,523.0,528.0,516.0,521.24,0.45,183308.0,706.0,495.0
UMHL,6/12/2025,522.2,528.0,520.0,522.51,0.24,258169.0,706.0,495.0
UMHL,6/15/2025,525.0,528.0,521.2,523.43,0.18,137458.0,706.0,495.0
UMHL,6/16/2025,515.0,533.0,515.0,528.09,0.89,382625.0,706.0,495.0
UMHL,6/17/2025,520.1,540.0,520.1,537.88,1.85,252902.0,706.0,495.0
UMHL,6/18/2025,528.0,570.0,528.0,548.63,2.0,509098.0,706.0,495.0
UMHL,6/19/2025,537.7,555.0,533.0,538.46,-1.85,233231.0,706.0,495.0
UMHL,6/22/2025,530.1,548.9,530.1,541.22,0.51,383579.0,706.0,495.0
UMHL,6/23/2025,532.1,547.0,532.1,542.1,0.16,196340.0,706.0,495.0
UMHL,6/24/2025,537.1,550.0,537.1,543.91,0.33,156043.0,706.0,495.0
UMHL,6/25/2025,538.0,549.0,538.0,545.91,0.37,131169.0,706.0,495.0
UMHL,6/26/2025,540.1,553.8,540.1,547.57,0.3,161546.0,706.0,495.0
UMHL,6/29/2025,544.1,554.8,544.1,549.38,0.33,169907.0,706.0,495.0
UMHL,6/30/2025,543.0,556.0,543.0,554.28,0.89,127831.0,706.0,495.0
UMHL,7/1/2025,545.1,567.0,545.1,562.27,1.44,99431.0,706.0,495.0
UMHL,7/2/2025,551.1,574.0,551.1,570.72,1.5,127824.0,706.0,495.0
UMHL,7/3/2025,559.4,580.0,559.4,564.4,-1.11,123972.0,706.0,495.0
UMHL,7/6/2025,555.0,570.0,555.0,564.63,0.04,227290.0,706.0,495.0
UMHL,7/7/2025,559.0,568.0,559.0,565.67,0.18,140928.0,706.0,495.0
UMHL,7/8/2025,560.0,567.8,560.0,566.42,0.13,103114.0,706.0,495.0
UMHL,7/9/2025,560.1,571.9,560.1,567.58,0.2,145592.0,706.0,495.0
UMHL,7/10/2025,560.1,569.9,560.1,566.93,-0.11,171104.0,706.0,495.0
UMHL,7/13/2025,560.0,570.1,540.1,549.98,-2.99,151629.0,706.0,495.0
UMHL,7/14/2025,560.9,560.9,538.9,551.25,0.23,206397.0,706.0,495.0
UMHL,7/15/2025,542.1,562.0,542.1,550.96,-0.05,186469.0,706.0,495.0
UMHL,7/16/2025,540.1,567.0,540.1,563.37,2.25,178317.0,706.0,495.0
UMHL,7/17/2025,565.0,619.0,565.0,583.55,3.58,563576.0,706.0,495.0
UMHL,7/20/2025,571.9,605.0,567.0,569.34,-2.44,332101.0,706.0,495.0
UMHL,7/21/2025,560.0,573.0,555.7,561.21,-1.43,170079.0,706.0,495.0
UMHL,7/22/2025,560.0,574.0,556.3,568.24,1.25,121975.0,706.0,495.0
UMHL,7/23/2025,564.0,570.9,560.0,561.83,-1.13,134347.0,706.0,495.0
UMHL,7/24/2025,560.0,568.0,552.0,554.57,-1.29,173107.0,706.0,495.0
UMHL,7/27/2025,559.0,560.8,545.0,546.47,-1.46,187751.0,706.0,495.0
UMHL,7/28/2025,546.4,553.0,545.0,547.61,0.21,107972.0,706.0,495.0
UMHL,7/29/2025,540.0,560.0,540.0,548.95,0.24,74195.0,706.0,495.0
UMHL,7/30/2025,546.0,552.0,546.0,549.29,0.06,139702.0,706.0,495.0
UMHL,7/31/2025,555.9,555.9,546.0,549.3,0.0,105399.0,706.0,495.0
UMHL,8/3/2025,548.0,554.5,545.0,545.84,-0.63,121072.0,706.0,495.0
UMHL,8/4/2025,556.7,556.7,544.0,548.77,0.54,127200.0,706.0,495.0
UMHL,8/5/2025,542.0,562.0,542.0,558.03,1.69,221293.0,706.0,495.0
UMHL,8/6/2025,554.0,576.0,554.0,571.95,2.49,321866.0,706.0,495.0
UMHL,8/7/2025,564.1,591.3,564.1,586.61,2.56,359089.0,706.0,495.0
UMHL,8/11/2025,584.0,596.8,580.0,588.51,0.32,304272.0,706.0,495.0
UMHL,8/12/2025,582.0,600.0,582.0,592.8,0.73,246483.0,706.0,495.0
UMHL,8/13/2025,587.0,606.0,587.0,603.79,1.85,457123.0,706.0,495.0
UMHL,8/14/2025,598.0,625.0,598.0,605.78,0.33,245434.0,706.0,495.0
UMHL,8/17/2025,600.0,609.0,600.0,603.4,-0.39,211811.0,706.0,495.0
UMHL,8/18/2025,591.4,615.0,588.0,606.8,0.56,258797.0,706.0,495.0
UMHL,8/19/2025,594.7,608.8,578.0,581.41,-4.18,534227.0,706.0,495.0
UMHL,8/20/2025,580.0,582.0,570.0,570.79,-1.83,219123.0,706.0,495.0
UMHL,8/21/2025,581.9,581.9,569.9,574.48,0.65,95382.0,706.0,495.0
UMHL,8/24/2025,570.0,579.4,570.0,573.4,-0.19,101202.0,706.0,495.0
UMHL,8/25/2025,570.2,575.8,570.2,573.65,0.04,88337.0,706.0,495.0
UMHL,8/26/2025,575.7,577.0,572.1,575.42,0.31,51948.0,706.0,495.0
UMHL,8/27/2025,572.0,584.6,572.0,581.06,0.98,76940.0,706.0,495.0
UMHL,8/28/2025,582.0,582.0,569.8,577.81,-0.56,339552.0,706.0,495.0
UMHL,8/31/2025,578.0,579.7,573.0,576.68,-0.2,96563.0,706.0,495.0
UMHL,9/1/2025,573.5,583.0,573.0,579.29,0.45,138103.0,706.0,495.0
UMHL,9/2/2025,575.2,581.6,571.6,576.02,-0.56,169194.0,706.0,495.0
UMHL,9/3/2025,570.0,578.0,570.0,576.47,0.08,189753.0,706.0,495.0
UMHL,9/4/2025,570.0,579.5,570.0,577.68,0.21,115715.0,706.0,495.0
UMHL,9/7/2025,570.0,580.0,570.0,575.95,-0.3,110223.0,706.0,495.0
UMHL,9/8/2025,570.0,577.0,570.0,575.49,-0.08,288366.0,706.0,495.0
UMHL,9/18/2025,565.0,565.0,531.3,542.0,-5.82,33750.0,706.0,495.0
UMHL,9/21/2025,531.2,563.0,531.2,557.9,2.93,143556.0,706.0,495.0
UMHL,9/23/2025,556.1,566.0,553.7,555.9,-0.36,69310.0,706.0,495.0
UMHL,9/24/2025,551.1,554.9,545.0,549.9,-1.08,85537.0,706.0,495.0
UMHL,9/25/2025,549.9,550.0,542.0,550.0,0.02,55369.0,706.0,495.0
UMHL,9/28/2025,550.0,554.9,544.0,554.6,0.84,56918.0,706.0,495.0
UMHL,10/7/2025,545.0,553.0,528.3,539.9,-2.65,80206.0,706.0,495.0
UMHL,10/8/2025,548.8,548.8,512.2,522.0,-3.32,268378.0,706.0,495.0
UMHL,10/9/2025,530.0,542.6,514.1,524.0,0.38,80280.0,706.0,495.0
UMHL,10/12/2025,525.1,525.1,495.0,510.9,-2.5,156412.0,706.0,495.0
UMHL,10/13/2025,511.0,517.0,501.0,514.0,0.61,173887.0,706.0,495.0
UMHL,10/14/2025,517.0,518.0,504.2,512.0,-0.39,47010.0,706.0,495.0
UMHL,10/15/2025,504.1,509.9,500.0,509.0,-0.59,54812.0,706.0,495.0
UMHL,10/16/2025,500.1,510.0,500.1,510.0,0.2,152517.0,706.0,495.0
UMHL,10/19/2025,502.1,540.0,502.1,514.0,0.78,159671.0,706.0,495.0
UMHL,10/26/2025,515.5,519.9,512.0,513.0,-0.19,67152.0,706.0,495.0
UMHL,10/28/2025,519.6,532.0,515.0,528.8,3.08,35173.0,706.0,495.0
UMHL,10/29/2025,518.5,535.9,518.5,533.0,0.79,228526.0,706.0,495.0
UMHL,10/30/2025,528.0,538.7,525.4,535.0,0.38,92034.0,706.0,495.0
UMHL,11/2/2025,530.2,545.0,530.2,542.0,1.31,73603.0,706.0,495.0
UMHL,11/3/2025,542.0,550.0,532.3,535.0,-1.29,197096.0,706.0,495.0
UMHL,11/4/2025,527.3,539.0,527.3,532.0,-0.56,61433.0,706.0,495.0
UMHL,11/5/2025,527.1,531.0,522.3,528.0,-0.75,30235.0,706.0,495.0
UMHL,11/6/2025,530.0,540.0,526.1,528.0,0.0,156792.0,706.0,495.0
UMHL,11/9/2025,525.0,530.0,522.2,529.0,0.19,37539.0,706.0,495.0
UMHL,11/10/2025,525.6,533.8,525.1,528.5,-0.09,39887.0,706.0,495.0
UMHL,11/11/2025,525.2,530.0,523.1,525.9,-0.49,46754.0,706.0,495.0
UMHL,11/12/2025,521.0,530.0,518.0,526.0,0.02,32046.0,706.0,495.0
UMHL,11/13/2025,515.5,534.0,515.5,530.0,0.76,25346.0,706.0,495.0
UMHL,11/16/2025,530.0,531.5,523.0,527.0,-0.57,29157.0,706.0,495.0
UMHL,11/17/2025,523.3,530.0,523.3,524.5,-0.47,20158.0,706.0,495.0
UMHL,11/18/2025,525.0,534.9,525.0,533.0,1.62,30390.0,706.0,495.0
UMHL,11/19/2025,533.0,536.9,530.0,534.3,0.24,25310.0,706.0,495.0
UMHL,11/20/2025,532.1,535.0,530.0,535.0,0.13,34208.0,706.0,495.0
UMHL,11/23/2025,525.0,545.7,525.0,540.0,0.93,118305.0,706.0,495.0
UMHL,11/24/2025,529.5,548.9,529.5,540.0,0.0,90610.0,706.0,495.0
UMHL,11/25/2025,547.0,547.0,540.0,541.2,0.22,27949.0,706.0,495.0
UMHL,11/26/2025,541.2,545.0,538.0,542.3,0.2,69782.0,706.0,495.0
UMHL,11/27/2025,540.0,566.9,535.1,564.7,4.13,263596.0,706.0,495.0
UMHL,11/30/2025,555.0,580.0,555.0,566.0,0.23,177665.0,706.0,495.0
UMHL,12/1/2025,557.1,610.0,557.1,590.9,4.4,470614.0,706.0,495.0
UMHL,12/2/2025,580.0,602.0,579.0,587.0,-0.66,182787.0,706.0,495.0
UMHL,12/3/2025,576.5,605.0,576.5,589.9,0.49,158142.0,706.0,495.0
UMHL,12/7/2025,578.2,597.7,568.0,572.0,-3.03,234141.0,706.0,495.0
UMHL,12/8/2025,560.6,571.8,560.6,570.0,-0.35,86506.0,706.0,495.0
UMHL,12/9/2025,575.0,575.0,565.0,572.0,0.35,34627.0,706.0,495.0
UMHL,12/10/2025,560.6,596.0,560.6,569.9,-0.37,40219.0,706.0,495.0
UMHL,12/11/2025,560.0,590.0,560.0,570.2,0.05,133569.0,706.0,495.0
UMHL,12/14/2025,560.0,574.0,560.0,570.1,-0.02,48719.0,706.0,495.0
UMHL,12/15/2025,560.0,582.0,560.0,567.0,-0.54,70809.0,706.0,495.0
UMHL,12/16/2025,560.2,570.0,560.0,569.9,0.51,49854.0,706.0,495.0
UMHL,12/17/2025,569.0,571.0,562.0,569.9,0.0,59575.0,706.0,495.0
UMHL,12/18/2025,558.6,626.0,558.6,570.0,0.02,42676.0,706.0,495.0
UMHL,12/21/2025,560.0,569.9,560.0,567.0,-0.53,40379.0,706.0,495.0
UMHL,12/22/2025,575.0,575.0,559.0,559.0,-1.41,32068.0,706.0,495.0
UMHL,12/23/2025,559.0,565.0,559.0,564.0,0.89,27739.0,706.0,495.0
UMHL,12/24/2025,560.2,570.0,560.1,569.9,1.05,47632.0,706.0,495.0
UMHL,12/28/2025,560.1,572.0,560.1,570.0,0.02,54592.0,706.0,495.0
UMHL,12/29/2025,570.0,572.7,561.1,561.1,-1.56,64087.0,706.0,495.0
UMHL,12/31/2025,569.0,569.0,561.3,563.9,0.5,30400.0,706.0,495.0
UMHL,1/1/2026,568.2,568.2,560.1,564.0,0.02,56094.0,706.0,495.0
UMHL,1/4/2026,560.0,566.8,558.3,563.0,-0.18,32612.0,706.0,495.0
UMHL,1/5/2026,560.0,569.59,560.0,565.0,0.36,96953.0,706.0,495.0
UMHL,1/6/2026,555.1,569.59,555.1,564.8,-0.04,59301.0,706.0,495.0
UMHL,1/7/2026,564.9,566.4,562.0,565.0,0.04,49238.0,706.0,495.0
UMHL,1/8/2026,555.0,565.0,555.0,564.1,-0.16,54028.0,706.0,495.0
UMHL,1/12/2026,553.6,567.0,553.6,565.7,0.28,76580.0,706.0,495.0
UMHL,1/13/2026,563.0,569.0,563.0,567.9,0.39,60460.0,706.0,495.0
UMHL,1/14/2026,560.1,600.0,560.1,583.9,2.82,286222.0,706.0,495.0
UMHL,1/18/2026,585.0,615.0,580.1,597.0,2.24,191434.0,706.0,495.0
UMHL,1/20/2026,585.1,610.0,585.1,607.4,1.74,414604.0,706.0,495.0
UMHL,1/21/2026,600.1,620.0,600.1,619.0,1.91,476052.0,706.0,495.0
UMHL,1/22/2026,612.1,632.0,612.1,631.0,1.94,283306.0,706.0,495.0
UMHL,1/25/2026,622.2,648.0,622.2,648.0,2.69,477867.0,706.0,495.0
UMHL,1/26/2026,660.9,679.0,648.0,666.8,2.9,398255.0,706.0,495.0
UMHL,1/27/2026,660.0,674.0,654.0,669.9,0.46,221944.0,706.0,495.0
UMHL,1/28/2026,656.6,705.0,650.1,655.2,-2.19,742385.0,706.0,495.0
UMHL,1/29/2026,658.5,706.0,657.3,687.0,4.85,696210.0,706.0,495.0
UMHL,2/1/2026,673.3,698.0,640.0,657.0,-4.37,167879.0,706.0,495.0
UMHL,2/2/2026,654.0,658.0,632.0,643.0,-2.13,230730.0,706.0,495.0
UMHL,2/3/2026,643.0,643.0,620.2,628.0,-2.33,158879.0,706.0,495.0
UMHL,2/4/2026,628.0,645.0,625.4,633.0,0.8,139704.0,706.0,495.0
UMHL,2/5/2026,633.0,646.0,633.0,641.0,1.26,111531.0,706.0,495.0
UMHL,2/8/2026,642.0,644.5,632.0,636.0,-0.78,125517.0,706.0,495.0
UMHL,2/9/2026,625.2,648.0,618.0,619.0,-2.67,102735.0,706.0,495.0
UMHL,2/10/2026,615.0,628.0,612.0,614.1,-0.79,125272.0,706.0,495.0
UMHL,2/11/2026,605.0,626.0,605.0,615.6,0.24,63495.0,706.0,495.0
UMHL,2/12/2026,610.0,622.0,610.0,614.0,-0.26,77866.0,706.0,495.0
UMHL,2/16/2026,622.0,622.9,610.0,612.0,-0.33,60769.0,706.0,495.0
UMHL,2/17/2026,620.0,621.8,606.0,613.0,0.16,83875.0,706.0,495.0
UMHL,2/22/2026,613.0,620.9,605.0,614.0,0.16,101038.0,706.0,495.0
UMHL,2/23/2026,620.0,620.0,610.6,616.0,0.33,34516.0,706.0,495.0
UMHL,2/24/2026,616.0,625.0,614.1,621.9,0.96,51660.0,706.0,495.0
UMHL,2/25/2026,628.3,634.0,624.0,630.9,1.45,50937.0,706.0,495.0
UMHL,2/26/2026,639.0,639.0,621.0,624.0,-1.09,55611.0,706.0,495.0
UMHL,2/27/2026,639.0,639.0,621.0,624.0,0.0,55611.0,706.0,495.0
UMHL,2/28/2026,639.0,639.0,621.0,624.0,0.0,55611.0,706.0,495.0
UMHL,3/2/2026,619.0,627.5,618.7,622.0,-0.32,42324.0,706.0,495.0
UMHL,3/3/2026,630.0,633.9,622.2,630.5,1.37,49745.0,706.0,495.0
UMHL,3/4/2026,630.0,633.9,622.2,630.5,0.0,49745.0,706.0,495.0
UMHL,3/5/2026,630.0,633.9,622.2,630.5,0.0,49745.0,706.0,495.0
UMHL,3/6/2026,630.0,633.9,622.2,630.5,0.0,49745.0,706.0,495.0
UMHL,3/7/2026,630.0,633.9,622.2,630.5,0.0,49745.0,706.0,495.0
UMHL,3/8/2026,630.0,633.9,622.2,630.5,0.0,49745.0,706.0,495.0
UMHL,3/9/2026,643.1,680.0,643.1,669.0,6.11,980.0,706.0,495.0
UMHL,3/10/2026,669.0,669.0,632.0,642.0,-4.04,122827.0,706.0,495.0
UMHL,3/11/2026,638.0,645.0,631.0,631.6,-1.62,70843.0,706.0,495.0
UMHL,3/12/2026,628.5,644.0,625.0,626.9,-0.74,65132.0,706.0,495.0
UMHL,3/13/2026,628.5,644.0,625.0,626.9,0.0,65132.0,706.0,495.0
UMHL,3/14/2026,628.5,644.0,625.0,626.9,0.0,65132.0,706.0,495.0
UMHL,3/15/2026,628.0,632.9,624.0,627.0,0.02,59685.0,706.0,495.0
UMHL,3/16/2026,623.6,633.0,623.1,625.0,-0.32,50194.0,706.0,495.0
UMHL,3/17/2026,621.0,631.0,620.0,630.0,0.8,81165.0,706.0,495.0
UMHL,3/18/2026,621.0,631.0,620.0,630.0,0.0,81165.0,706.0,495.0
UMHL,3/19/2026,620.0,639.5,620.0,630.0,0.0,189026.0,706.0,495.0
UMHL,3/20/2026,620.0,639.5,620.0,630.0,0.0,189026.0,706.0,495.0
UMHL,3/21/2026,620.0,639.5,620.0,630.0,0.0,189026.0,706.0,495.0
UMHL,3/22/2026,635.0,647.7,630.0,639.7,1.54,101681.0,706.0,495.0
UMHL,3/23/2026,641.0,644.0,631.0,636.0,-0.58,53349.0,706.0,495.0
UMHL,3/24/2026,643.0,647.0,631.0,638.0,0.31,68549.0,706.0,495.0
UMHL,3/25/2026,642.8,642.8,630.0,631.0,-1.1,74561.0,706.0,495.0
UMHL,3/26/2026,631.0,643.0,626.0,637.0,0.95,60100.0,706.0,495.0
UMHL,3/29/2026,640.0,640.0,623.0,627.0,-2.03,81138.0,706.0,495.0
UMHL,3/30/2026,625.0,628.0,610.0,612.1,-2.06,98076.0,706.0,495.0
UMHL,3/31/2026,623.0,623.0,610.1,618.0,-0.8,51598.0,706.0,495.0
UMHL,4/1/2026,620.0,620.0,590.1,600.9,-3.08,88108.0,706.0,495.0
UMHL,4/2/2026,605.0,610.0,592.0,604.0,-0.17,62004.0,706.0,495.0
UMHL,4/5/2026,601.0,601.0,581.5,584.0,-2.83,135837.0,706.0,495.0
UMHL,4/6/2026,572.4,616.0,572.4,608.0,6.22,108669.0,706.0,495.0
UMHL,4/7/2026,618.9,618.9,601.0,605.9,-2.1,43793.0,706.0,495.0
UMHL,4/8/2026,602.0,622.0,602.0,616.0,2.33,38455.0,706.0,495.0
UMHL,4/9/2026,623.6,623.6,610.0,622.0,-0.26,52934.0,706.0,495.0
UMHL,4/10/2026,625.0,640.0,618.0,637.5,2.0,123190.0,706.0,495.0
UMHL,4/13/2026,630.0,649.0,630.0,639.0,1.43,75651.0,706.0,495.0
UMHL,4/15/2026,627.0,644.0,627.0,642.8,2.52,75133.0,706.0,495.0
UMHL,4/16/2026,642.8,655.6,637.1,646.0,0.5,217148.0,706.0,495.0
UMHL,4/17/2026,615.8,615.8,592.9,603.8,-1.95,79970.0,706.0,495.0
UMHL,4/20/2026,574.0,624.0,574.0,605.0,5.4,56253.0,706.0,495.0
UMHL,4/21/2026,605.0,607.0,589.0,595.0,-1.65,21917.0,706.0,495.0
UMHL,4/22/2026,565.3,599.0,565.3,594.9,5.24,45614.0,706.0,495.0
UMHL,4/23/2026,618.7,618.7,579.0,586.0,-5.29,71487.0,706.0,495.0
UMHL,4/24/2026,571.0,589.9,571.0,589.9,3.31,26802.0,706.0,495.0
UMHL,4/27/2026,589.9,594.0,576.2,585.0,-0.83,50281.0,706.0,495.0
UMHL,4/28/2026,585.0,590.0,571.0,580.0,-0.85,60564.0,706.0,495.0
UMHL,4/29/2026,580.0,575.0,566.7,574.8,-0.9,20286.0,706.0,495.0
UMHL,4/30/2026,569.0,575.0,566.1,570.9,0.33,30905.0,706.0,495.0
UMHL,5/4/2026,570.0,576.3,555.0,560.0,-1.75,18089.0,706.0,495.0
UMHL,5/5/2026,560.0,565.0,551.0,560.0,0.0,28127.0,706.0,495.0
UMHL,5/6/2026,567.0,571.7,557.0,563.9,-0.55,36288.0,706.0,495.0
UMHL,5/7/2026,570.0,570.0,556.0,564.9,-0.89,15404.0,706.0,495.0
UMHL,5/8/2026,560.0,566.0,559.0,565.9,1.05,15783.0,706.0,495.0
UMHL,5/11/2026,568.0,575.0,564.0,573.7,1.0,35153.0,706.0,495.0
UMHL,5/12/2026,573.7,575.0,560.0,564.6,-1.59,26856.0,706.0,495.0
UMHL,5/13/2026,555.59,560.0,555.0,558.0,0.43,7231.0,706.0,495.0
UMHL,5/14/2026,547.0,560.0,547.0,555.8,1.61,5920.0,706.0,495.0
UMHL,5/15/2026,552.1,561.0,552.1,559.7,1.38,12607.0,706.0,495.0
UMHL,5/18/2026,570.0,570.0,555.1,558.0,-2.11,10281.0,706.0,495.0
UMHL,5/19/2026,567.0,567.0,550.0,560.0,-1.23,17736.0,706.0,495.0
UMHL,5/20/2026,569.0,569.0,555.0,564.0,-0.88,7829.0,706.0,495.0
UMHL,5/21/2026,580.0,592.2,564.1,566.0,-2.41,47060.0,706.0,495.0
UMHL,5/22/2026,568.8,568.8,551.0,564.0,-0.84,12865.0,706.0,495.0
UMHL,5/25/2026,550.0,575.8,550.0,575.8,4.69,22352.0,706.0,495.0
UMHL,5/26/2026,575.0,610.0,565.1,583.0,1.39,73502.0,706.0,495.0
UMHL,5/27/2026,592.0,592.0,580.3,587.0,-0.84,37948.0,706.0,495.0
UMHL,6/1/2026,593.0,593.0,570.0,577.0,-2.7,15649.0,706.0,495.0
UMHL,6/2/2026,571.2,579.8,562.5,579.8,1.51,58787.0,706.0,495.0
UMHL,6/3/2026,570.1,580.0,570.0,580.0,1.74,20673.0,706.0,495.0
UMHL,6/4/2026,575.1,583.0,575.1,582.0,1.2,16832.0,706.0,495.0
UMHL,6/5/2026,575.1,584.0,575.1,584.0,1.55,28643.0,706.0,495.0
UMHL,6/8/2026,575.0,580.0,575.0,580.0,0.87,12801.0,706.0,495.0
UMHL,6/9/2026,576.1,579.7,569.0,579.7,0.62,19859.0,706.0,495.0
UMHL,6/10/2026,577.1,596.0,570.2,594.9,3.08,102353.0,706.0,495.0
UMHL,6/11/2026,599.9,605.0,590.0,595.0,-0.82,37925.0,706.0,495.0
UMHL,6/12/2026,581.0,626.0,581.0,593.0,2.07,52803.0,706.0,495.0
UMHL,6/15/2026,595.0,598.9,586.9,591.7,-0.55,55361.0,706.0,495.0
UMHL,6/16/2026,591.7,593.0,582.3,591.0,-0.12,27475.0,706.0,495.0
UMHL,6/17/2026,565.0,593.8,565.0,585.6,3.65,52599.0,706.0,495.0
UMHL,6/18/2026,586.0,614.7,586.0,608.0,3.75,382108.0,706.0,495.0
UMHL,6/19/2026,602.0,620.0,602.0,618.5,2.74,233033.0,706.0,495.0
UMHL,6/22/2026,618.0,630.0,611.0,621.0,0.49,103071.0,706.0,495.0
UMHL,6/23/2026,651.0,651.0,595.0,602.0,-7.53,124598.0,706.0,495.0
UMHL,6/24/2026,581.0,603.4,581.0,591.0,1.72,199398.0,706.0,495.0
UMHL,6/26/2026,590.0,594.0,580.0,588.6,-0.24,39800.0,706.0,495.0
UMHL,6/29/2026,582.0,592.0,575.0,584.8,0.48,30925.0,706.0,495.0
UMHL,6/30/2026,614.0,614.0,567.0,575.0,-6.35,25628.0,706.0,495.0
UMHL,7/1/2026,576.0,584.9,570.0,580.0,0.69,46983.0,706.0,495.0
UMHL,7/2/2026,583.0,583.0,570.0,577.2,-0.99,14624.0,706.0,495.0
UMHL,7/3/2026,577.0,588.0,569.2,585.0,1.39,54077.0,706.0,495.0
UMHL,7/6/2026,575.0,585.9,575.0,582.7,1.34,60550.0,706.0,495.0
UMHL,7/7/2026,582.0,582.0,575.0,575.0,-1.2,13721.0,706.0,495.0
UMHL,7/8/2026,572.1,580.0,563.0,580.0,1.38,40260.0,706.0,495.0
UMHL,7/9/2026,551.0,597.4,551.0,575.0,4.36,19766.0,706.0,495.0
UMHL,7/10/2026,551.0,587.0,551.0,576.0,4.54,21273.0,706.0,495.0
UMHL,7/13/2026,580.0,610.0,560.0,573.9,-1.05,74747.0,706.0,495.0
UMHL,7/14/2026,551.0,575.0,551.0,575.0,4.36,34964.0,706.0,495.0
UMHL,7/15/2026,555.0,578.0,555.0,573.0,3.24,29612.0,706.0,495.0
UMHL,7/16/2026,571.7,620.0,560.1,572.0,0.05,123162.0,706.0,495.0
UMHL,7/17/2026,555.0,616.0,555.0,591.0,6.49,125723.0,706.0,495.0
UMHL,7/20/2026,585.0,600.0,575.4,600.0,2.56,47646.0,706.0,495.0
UMHL,7/21/2026,570.0,600.0,570.0,600.0,5.26,35927.0,706.0,495.0
UMHL,7/22/2026,580.0,609.7,573.0,596.4,2.83,101286.0,706.0,495.0
UMHL,7/23/2026,570.0,599.9,570.0,590.5,3.6,23783.0,706.0,495.0
UMHL,7/24/2026,570.0,604.0,570.0,594.8,4.35,86235.0,706.0,495.0
UMHL,7/27/2026,587.5,595.0,577.0,590.0,0.43,37375.0,706.0,495.0
UMHL,7/28/2026,570.0,594.4,570.0,585.0,2.63,27504.0,706.0,495.0
UMHL,7/29/2026,570.0,585.0,570.0,580.9,1.91,59984.0,706.0,495.0
UMHL,7/30/2026,570.0,587.0,570.0,586.7,2.93,30899.0,706.0,495.0
UMHL,7/31/2026,573.0,584.2,570.0,581.0,1.4,95992.0,706.0,495.0
UMHL,8/3/2026,570.0,585.0,570.0,577.6,1.33,39762.0,706.0,495.0
UMHL,8/4/2026,570.0,584.0,568.0,577.7,1.35,34116.0,706.0,495.0
UMHL,8/5/2026,560.0,577.0,560.0,576.0,2.86,33291.0,706.0,495.0
UMHL,8/6/2026,560.0,590.0,560.0,582.1,3.95,149441.0,706.0,495.0
UMHL,8/7/2026,570.0,585.0,570.0,583.0,2.28,28870.0,706.0,495.0
UMHL,8/10/2026,570.0,582.0,570.0,579.5,1.67,13309.0,706.0,495.0
UMHL,8/11/2026,570.0,579.5,570.0,578.8,1.54,51862.0,706.0,495.0
UMHL,8/12/2026,560.0,587.0,560.0,575.2,2.71,46874.0,706.0,495.0
UMHL,8/13/2026,562.0,591.0,562.0,581.0,3.38,202657.0,706.0,495.0
UMHL,8/14/2026,575.0,595.0,575.0,585.0,1.74,120565.0,706.0,495.0
UMHL,8/17/2026,580.0,594.4,580.0,588.8,1.52,85030.0,706.0,495.0
UMHL,8/18/2026,580.1,646.0,580.0,602.5,3.86,280487.0,706.0,495.0
UMHL,8/19/2026,590.0,605.0,589.0,598.8,1.49,102112.0,706.0,495.0
UMHL,8/20/2026,585.0,615.0,580.0,582.0,-0.51,98661.0,706.0,495.0
UMHL,8/21/2026,560.0,592.0,560.0,579.9,3.55,65205.0,706.0,495.0
UMHL,8/24/2026,571.2,580.0,568.1,572.9,0.3,21949.0,706.0,495.0
UMHL,8/25/2026,550.0,580.0,550.0,567.8,3.24,54235.0,706.0,495.0
UMHL,8/26/2026,560.0,570.0,550.0,563.0,0.54,70162.0,706.0,495.0
UMHL,8/27/2026,563.0,564.8,551.5,559.9,-0.55,19324.0,706.0,495.0
UMHL,8/31/2026,550.1,558.0,548.0,558.0,1.44,93138.0,706.0,495.0
UMHL,9/1/2026,551.0,561.5,550.0,560.0,1.63,26124.0,706.0,495.0
UMHL,9/2/2026,555.0,558.5,550.0,558.5,0.63,18488.0,706.0,495.0
UMHL,9/3/2026,555.0,588.0,551.0,562.4,1.33,133544.0,706.0,495.0
UMHL,9/7/2026,550.0,585.0,550.0,553.9,0.71,25242.0,706.0,495.0
UMHL,9/9/2026,550.0,559.0,550.0,553.0,0.55,36512.0,706.0,495.0
UMHL,9/10/2026,550.0,560.0,545.0,552.6,0.47,19576.0,706.0,495.0
UMHL,9/11/2026,545.0,546.0,542.0,544.9,-0.02,23250.0,706.0,495.0
UMHL,9/14/2026,545.0,552.9,540.0,550.0,0.92,36307.0,706.0,495.0
UMHL,9/15/2026,539.0,589.9,539.0,557.3,3.4,98144.0,706.0,495.0
UMHL,9/16/2026,555.0,555.0,547.5,552.0,-0.54,42243.0,706.0,495.0
UMHL,9/17/2026,550.0,557.8,550.0,550.0,0.0,42333.0,706.0,495.0
UMHL,9/18/2026,550.1,565.0,550.0,565.0,2.71,57902.0,706.0,495.0
UMHL,9/22/2026,566.9,570.0,559.0,564.5,-0.42,50946.0,706.0,495.0
UMHL,9/23/2026,555.3,564.7,549.5,564.7,1.69,61111.0,706.0,495.0
UMHL,9/24/2026,557.0,560.0,550.0,559.0,0.36,22690.0,706.0,495.0
UMHL,9/28/2026,559.0,559.0,550.1,558.0,-0.18,12987.0,706.0,495.0
UMHL,9/29/2026,552.0,555.0,550.0,0.0,-100.0,22274.0,706.0,495.0
UMHL,9/30/2026,550.1,554.0,548.0,550.5,0.07,22064.0,706.0,495.0
UMHL,10/1/2026,552.5,552.6,548.4,551.8,-0.13,26528.0,706.0,495.0
UMHL,10/2/2026,560.0,560.0,542.2,550.0,-1.79,16783.0,706.0,495.0
UMRH,2/7/2021,232.0,252.0,232.0,249.0,,13527.0,622.0,500.7
UMRH,2/8/2021,237.0,249.0,237.0,242.0,-2.81,5610.0,622.0,500.7
UMRH,2/9/2021,239.0,249.0,237.0,238.0,-1.65,4380.0,622.0,500.7
UMRH,2/10/2021,235.0,242.0,235.0,242.0,1.68,4360.0,622.0,500.7
UMRH,2/11/2021,246.0,248.0,232.0,242.0,0.0,5256.0,622.0,500.7
UMRH,2/14/2021,238.0,240.0,230.0,233.0,-3.72,1884.0,622.0,500.7
UMRH,2/15/2021,235.0,248.0,229.0,243.0,4.29,4219.0,622.0,500.7
UMRH,2/16/2021,239.0,240.0,235.0,235.0,-3.29,2740.0,622.0,500.7
UMRH,2/17/2021,224.0,236.0,224.0,234.0,-0.43,6910.0,622.0,500.7
UMRH,2/18/2021,230.0,244.0,230.0,240.0,2.56,2670.0,622.0,500.7
UMRH,2/21/2021,240.0,244.0,236.0,237.0,-1.25,11214.0,622.0,500.7
UMRH,2/22/2021,226.0,255.0,226.0,250.0,5.49,23943.0,622.0,500.7
UMRH,2/23/2021,259.0,259.0,237.0,251.0,0.4,6655.0,622.0,500.7
UMRH,2/24/2021,246.0,249.0,239.0,240.0,-4.38,4170.0,622.0,500.7
UMRH,2/25/2021,236.0,245.0,232.0,240.0,0.0,7849.0,622.0,500.7
UMRH,2/28/2021,236.0,236.0,226.0,231.0,-3.75,6785.0,622.0,500.7
UMRH,3/1/2021,227.0,238.0,223.0,232.0,0.43,3675.0,622.0,500.7
UMRH,3/2/2021,236.0,236.0,225.0,225.0,-3.02,4820.0,622.0,500.7
UMRH,3/3/2021,224.0,228.0,220.0,222.0,-1.33,5385.0,622.0,500.7
UMRH,3/4/2021,221.0,234.0,221.0,231.0,4.05,6992.0,622.0,500.7
UMRH,3/7/2021,230.0,235.0,222.0,232.0,0.43,4565.0,622.0,500.7
UMRH,3/9/2021,243.0,243.0,226.0,226.0,-2.59,5331.0,622.0,500.7
UMRH,3/10/2021,226.0,232.0,223.0,231.0,2.21,1911.0,622.0,500.7
UMRH,3/14/2021,240.0,241.0,229.0,236.0,2.16,7749.0,622.0,500.7
UMRH,3/15/2021,236.0,240.0,229.0,231.0,-2.12,3540.0,622.0,500.7
UMRH,3/16/2021,220.0,245.0,220.0,237.0,2.6,7101.0,622.0,500.7
UMRH,3/17/2021,248.0,260.0,230.0,260.0,9.7,23083.0,622.0,500.7
UMRH,3/18/2021,273.0,286.0,258.0,286.0,10.0,67827.0,622.0,500.7
UMRH,3/21/2021,300.0,314.0,279.0,314.0,9.79,30005.0,622.0,500.7
UMRH,3/22/2021,329.0,329.0,289.0,312.0,-0.64,19755.0,622.0,500.7
UMRH,3/23/2021,327.0,333.0,290.0,315.0,0.96,34234.0,622.0,500.7
UMRH,3/24/2021,309.0,323.0,297.0,317.0,0.63,10707.0,622.0,500.7
UMRH,3/25/2021,317.0,327.0,294.0,320.0,0.95,17965.0,622.0,500.7
UMRH,3/29/2021,314.0,339.0,302.0,338.0,5.62,11472.0,622.0,500.7
UMRH,3/30/2021,332.0,332.0,308.0,320.0,-5.33,13003.0,622.0,500.7
UMRH,3/31/2021,320.0,325.0,305.0,310.0,-3.12,15937.0,622.0,500.7
UMRH,4/1/2021,312.0,322.0,300.0,302.0,-2.58,12433.0,622.0,500.7
UMRH,4/4/2021,298.0,315.0,295.0,305.0,0.99,11840.0,622.0,500.7
UMRH,4/5/2021,315.0,315.0,287.0,300.0,-1.64,6710.0,622.0,500.7
UMRH,4/6/2021,295.0,330.0,294.0,330.0,10.0,8063.0,622.0,500.7
UMRH,4/7/2021,330.0,330.0,306.0,310.0,-6.06,17906.0,622.0,500.7
UMRH,4/8/2021,305.0,312.0,300.0,307.0,-0.97,6952.0,622.0,500.7
UMRH,4/12/2021,301.0,301.0,294.0,300.0,-2.28,14735.0,622.0,500.7
UMRH,4/13/2021,294.0,300.0,293.0,297.0,-1.0,8654.0,622.0,500.7
UMRH,4/15/2021,294.0,307.0,294.0,298.0,0.34,8954.0,622.0,500.7
UMRH,4/18/2021,293.0,299.0,292.0,293.0,-1.68,5683.0,622.0,500.7
UMRH,4/19/2021,288.0,306.0,288.0,291.0,-0.68,3670.0,622.0,500.7
UMRH,4/20/2021,288.0,299.0,287.0,296.0,1.72,8540.0,622.0,500.7
UMRH,4/21/2021,293.0,300.0,291.0,296.0,0.0,15715.0,622.0,500.7
UMRH,4/22/2021,301.0,301.0,290.0,297.0,0.34,2956.0,622.0,500.7
UMRH,4/25/2021,296.0,296.0,282.0,285.0,-4.04,3418.0,622.0,500.7
UMRH,4/26/2021,280.0,280.0,262.0,266.0,-6.67,7529.0,622.0,500.7
UMRH,4/27/2021,270.0,290.0,261.0,290.0,9.02,5569.0,622.0,500.7
UMRH,4/28/2021,285.0,288.0,279.0,282.0,-2.76,4870.0,622.0,500.7
UMRH,4/29/2021,277.0,310.0,273.0,287.0,1.77,3922.0,622.0,500.7
UMRH,5/2/2021,285.0,299.0,280.0,288.0,0.35,8451.0,622.0,500.7
UMRH,5/3/2021,284.0,292.0,284.0,285.0,-1.04,5515.0,622.0,500.7
UMRH,5/4/2021,280.0,300.0,280.0,293.0,2.81,17538.0,622.0,500.7
UMRH,5/5/2021,307.0,307.0,286.0,300.0,2.39,21454.0,622.0,500.7
UMRH,5/6/2021,300.0,301.0,291.0,301.0,0.33,13396.0,622.0,500.7
UMRH,5/9/2021,301.0,301.0,286.0,290.0,-3.65,5551.0,622.0,500.7
UMRH,5/10/2021,295.0,300.0,285.0,295.0,1.72,2889.0,622.0,500.7
UMRH,5/11/2021,300.0,300.0,289.0,295.0,0.0,3417.0,622.0,500.7
UMRH,5/12/2021,291.0,313.0,291.0,305.0,3.39,17023.0,622.0,500.7
UMRH,5/13/2021,320.0,325.0,306.0,318.0,4.26,52225.0,622.0,500.7
UMRH,5/16/2021,324.0,325.0,312.0,312.0,-1.89,16600.0,622.0,500.7
UMRH,5/17/2021,308.0,325.0,308.0,325.0,4.17,24517.0,622.0,500.7
UMRH,5/18/2021,339.0,357.0,323.0,357.0,9.85,61668.0,622.0,500.7
UMRH,5/19/2021,370.0,391.0,345.0,385.0,7.84,45545.0,622.0,500.7
UMRH,5/20/2021,380.0,423.0,373.0,423.0,9.87,53137.0,622.0,500.7
UMRH,5/23/2021,423.0,465.0,401.0,465.0,9.93,38368.0,622.0,500.7
UMRH,5/24/2021,470.0,511.0,470.0,511.0,9.89,55392.0,622.0,500.7
UMRH,5/25/2021,536.0,555.0,492.0,520.0,1.76,34000.0,622.0,500.7
UMRH,5/27/2021,510.0,557.0,489.0,541.0,4.04,28882.0,622.0,500.7
UMRH,5/30/2021,568.0,568.0,507.0,520.0,-3.88,44141.0,622.0,500.7
UMRH,5/31/2021,510.0,555.0,490.0,493.0,-5.19,34749.0,622.0,500.7
UMRH,6/1/2021,500.0,524.0,490.0,502.0,1.83,21854.0,622.0,500.7
UMRH,6/2/2021,510.0,530.0,484.0,530.0,5.58,22553.0,622.0,500.7
UMRH,6/3/2021,530.0,541.0,506.0,541.0,2.08,31370.0,622.0,500.7
UMRH,6/6/2021,541.0,572.0,499.0,572.0,5.73,17255.0,622.0,500.7
UMRH,6/7/2021,550.0,579.0,519.0,579.0,1.22,73885.0,622.0,500.7
UMRH,6/8/2021,560.0,607.0,560.0,577.0,-0.35,49472.0,622.0,500.7
UMRH,6/9/2021,577.0,591.0,520.0,520.0,-9.88,41531.0,622.0,500.7
UMRH,6/10/2021,522.0,565.0,522.0,565.0,8.65,30948.0,622.0,500.7
UMRH,6/13/2021,556.0,576.0,543.0,549.0,-2.83,30550.0,622.0,500.7
UMRH,6/14/2021,524.0,575.0,524.0,529.0,-3.64,24439.0,622.0,500.7
UMRH,6/15/2021,522.0,542.0,505.0,509.0,-3.78,18821.0,622.0,500.7
UMRH,6/16/2021,499.0,509.0,475.0,480.0,-5.7,15613.0,622.0,500.7
UMRH,6/17/2021,480.0,499.0,470.0,493.0,2.71,7795.0,622.0,500.7
UMRH,6/20/2021,487.0,493.0,471.0,481.0,-2.43,8322.0,622.0,500.7
UMRH,6/21/2021,473.0,485.0,441.0,448.0,-6.86,8378.0,622.0,500.7
UMRH,6/22/2021,456.0,479.0,441.0,479.0,6.92,6271.0,622.0,500.7
UMRH,6/23/2021,485.0,485.0,450.0,459.0,-4.18,4325.0,622.0,500.7
UMRH,6/24/2021,468.0,468.0,434.0,455.0,-0.87,8489.0,622.0,500.7
UMRH,6/27/2021,455.0,492.0,441.0,488.0,7.25,17843.0,622.0,500.7
UMRH,6/28/2021,497.0,524.0,472.0,477.0,-2.25,4880.0,622.0,500.7
UMRH,6/29/2021,468.0,471.0,459.0,460.0,-3.56,4230.0,622.0,500.7
UMRH,6/30/2021,451.0,487.0,442.0,485.0,5.43,7884.0,622.0,500.7
UMRH,7/1/2021,476.0,517.0,475.0,505.0,4.12,26329.0,622.0,500.7
UMRH,7/4/2021,495.0,535.0,481.0,512.0,1.39,12155.0,622.0,500.7
UMRH,7/5/2021,502.0,515.0,484.0,493.0,-3.71,4930.0,622.0,500.7
UMRH,7/6/2021,500.0,512.0,455.0,482.0,-2.23,4160.0,622.0,500.7
UMRH,7/7/2021,490.0,499.0,441.0,457.0,-5.19,14560.0,622.0,500.7
UMRH,7/8/2021,460.0,474.0,450.0,455.0,-0.44,2970.0,622.0,500.7
UMRH,7/11/2021,464.0,474.0,446.0,459.0,0.88,10895.0,622.0,500.7
UMRH,7/12/2021,455.0,488.0,455.0,458.0,-0.22,15095.0,622.0,500.7
UMRH,7/13/2021,458.0,470.0,452.0,465.0,1.53,930.0,622.0,500.7
UMRH,7/14/2021,466.0,473.0,456.0,473.0,1.72,2236.0,622.0,500.7
UMRH,7/15/2021,480.0,488.0,460.0,475.0,0.42,13375.0,622.0,500.7
UMRH,7/18/2021,478.0,502.0,478.0,482.0,1.47,12493.0,622.0,500.7
UMRH,7/19/2021,490.0,499.8,477.0,494.0,2.49,12694.0,622.0,500.7
UMRH,7/20/2021,494.0,510.0,480.0,502.0,1.62,16382.0,622.0,500.7
UMRH,7/22/2021,512.0,521.0,492.0,504.0,0.4,17484.0,622.0,500.7
UMRH,7/25/2021,494.1,524.0,494.1,509.1,1.01,18665.0,622.0,500.7
UMRH,7/26/2021,519.2,537.0,512.0,536.0,5.28,25556.0,622.0,500.7
UMRH,7/27/2021,536.0,589.6,536.0,589.0,9.89,67967.0,622.0,500.7
UMRH,7/28/2021,600.7,637.3,575.2,583.0,-1.02,27827.0,622.0,500.7
UMRH,7/29/2021,590.0,632.0,570.0,627.0,7.55,82147.0,622.0,500.7
UMRH,8/1/2021,639.5,680.0,639.5,670.0,6.86,38186.0,622.0,500.7
UMRH,8/2/2021,670.0,670.0,630.0,636.0,-5.07,42146.0,622.0,500.7
UMRH,8/3/2021,648.0,689.5,628.0,669.0,5.19,27109.0,622.0,500.7
UMRH,8/4/2021,682.3,735.0,670.0,685.5,2.47,33419.0,622.0,500.7
UMRH,8/5/2021,699.0,699.0,653.0,655.0,-4.45,40610.0,622.0,500.7
UMRH,8/8/2021,642.0,688.0,642.0,672.0,2.6,31971.0,622.0,500.7
UMRH,8/9/2021,685.0,720.0,680.0,700.0,4.17,43300.0,622.0,500.7
UMRH,8/10/2021,714.0,728.0,667.0,673.0,-3.86,38085.0,622.0,500.7
UMRH,8/11/2021,660.0,707.0,660.0,689.9,2.51,36266.0,622.0,500.7
UMRH,8/12/2021,676.2,714.0,676.2,681.5,-1.22,37558.0,622.0,500.7
UMRH,8/15/2021,668.0,681.3,640.0,668.0,-1.98,18873.0,622.0,500.7
UMRH,8/16/2021,655.0,720.0,645.0,699.0,4.64,23818.0,622.0,500.7
UMRH,8/17/2021,712.0,738.0,680.0,738.0,5.58,56138.0,622.0,500.7
UMRH,8/18/2021,752.7,811.0,752.0,780.0,5.69,38831.0,622.0,500.7
UMRH,8/19/2021,775.0,775.0,730.0,730.0,-6.41,25457.0,622.0,500.7
UMRH,8/24/2021,715.4,759.0,695.0,720.0,-1.37,29811.0,622.0,500.7
UMRH,8/25/2021,710.0,724.0,695.0,695.0,-3.47,14560.0,622.0,500.7
UMRH,8/26/2021,708.9,733.0,705.0,706.0,1.58,39755.0,622.0,500.7
UMRH,8/29/2021,706.0,720.0,668.0,680.0,-3.68,16137.0,622.0,500.7
UMRH,8/31/2021,666.5,680.0,654.0,655.0,-3.68,17581.0,622.0,500.7
UMRH,9/1/2021,656.0,694.0,654.0,660.0,0.76,10216.0,622.0,500.7
UMRH,9/2/2021,673.0,685.0,634.0,634.0,-3.94,18519.0,622.0,500.7
UMRH,9/5/2021,646.0,646.0,570.6,577.0,-8.99,12160.0,622.0,500.7
UMRH,9/6/2021,565.5,634.7,560.0,634.7,10.0,15185.0,622.0,500.7
UMRH,9/7/2021,640.0,647.0,621.0,635.0,0.05,14179.0,622.0,500.7
UMRH,9/8/2021,635.0,645.0,600.9,620.0,-2.36,8351.0,622.0,500.7
UMRH,9/9/2021,632.0,650.0,620.0,647.0,4.35,13252.0,622.0,500.7
UMRH,9/12/2021,659.9,709.0,659.9,697.0,7.73,33557.0,622.0,500.7
UMRH,9/13/2021,710.0,750.0,699.0,726.0,4.16,35779.0,622.0,500.7
UMRH,9/14/2021,720.0,740.5,712.0,725.0,-0.14,16630.0,622.0,500.7
UMRH,9/15/2021,712.2,720.0,704.0,709.0,-2.21,14353.0,622.0,500.7
UMRH,9/16/2021,695.0,695.0,656.0,683.0,-3.67,15116.0,622.0,500.7
UMRH,9/20/2021,683.0,683.0,614.7,614.7,-10.0,15213.0,622.0,500.7
UMRH,9/21/2021,602.5,635.0,568.0,610.0,-0.76,12700.0,622.0,500.7
UMRH,9/22/2021,622.2,671.0,621.1,630.0,3.28,12126.0,622.0,500.7
UMRH,9/23/2021,642.0,654.8,600.0,610.0,-3.17,8550.0,622.0,500.7
UMRH,9/26/2021,600.0,600.0,578.0,582.0,-4.59,6043.0,622.0,500.7
UMRH,9/27/2021,593.6,605.0,532.1,537.0,-7.73,22220.0,622.0,500.7
UMRH,9/28/2021,527.0,540.0,507.1,507.1,-5.57,5140.0,622.0,500.7
UMRH,9/29/2021,507.0,557.8,488.0,556.0,9.64,4325.0,622.0,500.7
UMRH,9/30/2021,545.0,581.0,525.0,546.0,-1.8,6165.0,622.0,500.7
UMRH,10/3/2021,546.0,554.9,500.8,510.0,-6.59,6330.0,622.0,500.7
UMRH,10/4/2021,520.2,540.0,487.2,510.0,0.0,5054.0,622.0,500.7
UMRH,10/5/2021,500.0,519.0,497.0,514.0,0.78,2150.0,622.0,500.7
UMRH,10/6/2021,524.2,534.0,502.1,524.0,1.95,4950.0,622.0,500.7
UMRH,10/10/2021,534.4,555.9,488.2,498.0,-4.96,13088.0,622.0,500.7
UMRH,10/11/2021,507.9,507.9,475.0,488.0,-2.01,3020.0,622.0,500.7
UMRH,10/17/2021,497.7,516.0,490.0,505.0,3.48,1770.0,622.0,500.7
UMRH,10/18/2021,515.1,515.1,475.0,475.0,-5.94,7086.0,622.0,500.7
UMRH,10/19/2021,465.5,465.5,434.0,442.7,-6.8,5617.0,622.0,500.7
UMRH,10/20/2021,451.5,470.0,450.8,461.0,4.13,2908.0,622.0,500.7
UMRH,10/21/2021,470.2,479.0,444.0,470.0,1.95,7254.0,622.0,500.7
UMRH,10/24/2021,460.6,484.4,460.0,482.8,2.72,6168.0,622.0,500.7
UMRH,10/25/2021,492.4,531.0,477.0,531.0,9.98,13063.0,622.0,500.7
UMRH,10/26/2021,541.6,574.6,527.2,564.0,6.21,7960.0,622.0,500.7
UMRH,10/27/2021,552.8,569.0,531.1,553.0,-1.95,14093.0,622.0,500.7
UMRH,10/28/2021,564.0,575.2,535.0,565.0,2.17,14391.0,622.0,500.7
UMRH,10/31/2021,576.3,621.5,550.0,600.0,6.19,5786.0,622.0,500.7
UMRH,11/1/2021,612.0,660.0,579.0,590.0,-1.67,18971.0,622.0,500.7
UMRH,11/2/2021,601.0,601.0,578.0,600.0,1.69,5279.0,622.0,500.7
UMRH,11/3/2021,612.0,649.3,588.1,611.0,1.83,6605.0,622.0,500.7
UMRH,11/8/2021,622.0,645.9,588.0,592.0,-3.11,2710.0,622.0,500.7
UMRH,11/9/2021,580.2,602.0,536.9,580.0,-2.03,16405.0,622.0,500.7
UMRH,11/11/2021,570.0,581.4,549.0,560.0,-3.45,12314.0,622.0,500.7
UMRH,11/14/2021,552.0,580.0,552.0,569.1,1.63,9161.0,622.0,500.7
UMRH,11/15/2021,580.4,603.8,572.0,580.0,1.92,15335.0,622.0,500.7
UMRH,11/16/2021,591.6,608.0,583.0,608.0,4.83,21130.0,622.0,500.7
UMRH,11/17/2021,620.0,657.9,598.0,598.0,-1.64,8875.0,622.0,500.7
UMRH,11/18/2021,590.0,633.0,580.1,590.0,-1.34,17303.0,622.0,500.7
UMRH,11/21/2021,583.1,606.9,583.1,600.0,1.69,6240.0,622.0,500.7
UMRH,11/22/2021,612.0,624.2,590.0,599.0,-0.17,9793.0,622.0,500.7
UMRH,11/23/2021,590.0,613.0,585.0,585.1,-2.32,16109.0,622.0,500.7
UMRH,11/24/2021,575.0,598.0,573.4,590.0,0.84,8752.0,622.0,500.7
UMRH,11/25/2021,579.0,600.1,579.0,587.0,-0.51,1160.0,622.0,500.7
UMRH,11/28/2021,575.3,588.0,558.8,568.0,-3.24,5965.0,622.0,500.7
UMRH,11/29/2021,576.0,576.0,539.0,555.0,-2.29,17144.0,622.0,500.7
UMRH,11/30/2021,566.1,591.0,547.0,591.0,6.49,5127.0,622.0,500.7
UMRH,12/1/2021,580.0,614.0,569.0,592.0,0.17,7680.0,622.0,500.7
UMRH,12/2/2021,580.2,580.2,557.7,560.0,-5.41,3562.0,622.0,500.7
UMRH,12/5/2021,560.0,560.0,520.0,527.0,-5.89,7643.0,622.0,500.7
UMRH,12/6/2021,537.5,550.8,478.0,540.0,2.47,13865.0,622.0,500.7
UMRH,12/7/2021,540.0,594.0,530.0,540.6,0.11,13918.0,622.0,500.7
UMRH,12/8/2021,530.0,540.0,501.0,511.9,-5.31,5175.0,622.0,500.7
UMRH,12/9/2021,522.1,522.1,505.1,508.0,-0.76,3507.0,622.0,500.7
UMRH,12/12/2021,500.0,500.0,485.0,490.0,-3.54,3390.0,622.0,500.7
UMRH,12/13/2021,480.2,485.0,445.2,447.0,-8.78,4890.0,622.0,500.7
UMRH,12/14/2021,455.9,491.7,455.9,491.7,10.0,5705.0,622.0,500.7
UMRH,12/15/2021,501.5,538.0,491.0,504.0,2.5,10492.0,622.0,500.7
UMRH,12/16/2021,510.0,513.0,482.0,487.0,-3.37,4035.0,622.0,500.7
UMRH,12/20/2021,477.3,500.0,471.4,480.0,-1.44,1350.0,622.0,500.7
UMRH,12/21/2021,489.0,499.0,480.0,499.0,3.96,4505.0,622.0,500.7
UMRH,12/22/2021,508.9,548.9,501.0,528.0,5.81,5552.0,622.0,500.7
UMRH,12/23/2021,520.0,538.5,511.6,516.0,-2.27,4450.0,622.0,500.7
UMRH,12/26/2021,506.0,547.5,506.0,547.5,6.1,6984.0,622.0,500.7
UMRH,12/27/2021,536.6,537.0,508.0,512.0,-6.48,8091.0,622.0,500.7
UMRH,12/28/2021,508.0,514.9,486.1,488.2,-4.65,3170.0,622.0,500.7
UMRH,12/29/2021,497.9,507.8,491.1,494.0,1.19,5411.0,622.0,500.7
UMRH,1/2/2022,488.1,507.6,488.1,506.0,2.43,290.0,622.0,500.7
UMRH,1/3/2022,496.1,525.0,496.1,510.0,0.79,2994.0,622.0,500.7
UMRH,1/4/2022,502.5,529.0,502.5,527.0,3.33,5767.0,622.0,500.7
UMRH,1/5/2022,527.0,579.7,518.1,543.0,3.04,20676.0,622.0,500.7
UMRH,1/6/2022,543.0,569.1,532.3,569.1,4.81,6025.0,622.0,500.7
UMRH,1/9/2022,569.0,605.0,563.0,605.0,6.31,20668.0,622.0,500.7
UMRH,1/10/2022,603.0,627.0,590.0,600.0,-0.83,7835.0,622.0,500.7
UMRH,1/11/2022,600.0,612.0,592.0,600.0,0.0,6390.0,622.0,500.7
UMRH,1/12/2022,609.0,615.0,580.0,580.0,-3.33,6633.0,622.0,500.7
UMRH,1/13/2022,591.0,610.0,575.0,610.0,5.17,8579.0,622.0,500.7
UMRH,1/16/2022,619.0,629.9,607.0,615.0,0.82,9634.0,622.0,500.7
UMRH,1/17/2022,624.9,643.0,592.3,635.0,3.25,16154.0,622.0,500.7
UMRH,1/18/2022,622.3,644.0,615.0,620.0,-2.36,18114.0,622.0,500.7
UMRH,1/19/2022,608.0,627.0,591.0,600.0,-3.23,5876.0,622.0,500.7
UMRH,1/20/2022,600.0,623.2,588.4,623.2,3.87,10996.0,622.0,500.7
UMRH,1/23/2022,632.0,632.0,607.3,619.9,-0.53,10599.0,622.0,500.7
UMRH,1/24/2022,607.6,607.6,577.0,592.0,-4.5,17500.0,622.0,500.7
UMRH,1/25/2022,580.3,622.2,580.3,600.0,1.35,11203.0,622.0,500.7
UMRH,1/26/2022,589.0,609.8,578.0,609.8,1.63,10926.0,622.0,500.7
UMRH,1/27/2022,609.8,615.0,583.3,586.0,-3.9,6780.0,622.0,500.7
UMRH,1/30/2022,593.0,622.0,593.0,622.0,6.14,19103.0,622.0,500.7
UMRH,1/31/2022,610.1,622.0,599.9,608.8,-2.12,16879.0,622.0,500.7
UMRH,2/1/2022,608.0,657.0,605.5,645.0,5.95,30321.0,622.0,500.7
UMRH,2/3/2022,655.0,673.0,649.0,660.0,2.33,44861.0,622.0,500.7
UMRH,2/6/2022,646.8,646.8,620.0,640.0,-3.03,30913.0,622.0,500.7
UMRH,2/7/2022,627.2,670.0,627.2,665.0,3.91,20470.0,622.0,500.7
UMRH,2/8/2022,678.3,690.0,648.0,657.0,-1.2,32991.0,622.0,500.7
UMRH,2/9/2022,647.0,660.0,635.0,650.0,-1.07,20809.0,622.0,500.7
UMRH,2/10/2022,640.2,675.0,640.2,660.0,1.54,22386.0,622.0,500.7
UMRH,2/13/2022,648.0,648.0,611.0,620.0,-6.06,9136.0,622.0,500.7
UMRH,2/14/2022,629.0,630.0,612.1,628.0,1.29,4355.0,622.0,500.7
UMRH,2/15/2022,620.0,665.0,616.0,660.0,5.1,6027.0,622.0,500.7
UMRH,2/16/2022,673.0,673.0,630.0,649.0,-1.67,2990.0,622.0,500.7
UMRH,2/17/2022,636.1,690.5,636.1,690.0,6.32,50696.0,622.0,500.7
UMRH,2/20/2022,676.2,759.0,668.0,759.0,10.0,58815.0,622.0,500.7
UMRH,2/21/2022,774.1,834.9,759.0,834.9,10.0,62546.0,622.0,500.7
UMRH,2/22/2022,851.0,918.3,850.0,918.3,9.99,27337.0,622.0,500.7
UMRH,2/23/2022,936.6,1010.1,936.6,1010.1,10.0,43111.0,622.0,500.7
UMRH,2/24/2022,1011.0,1011.0,971.2,1010.0,-0.01,66050.0,622.0,500.7
UMRH,2/27/2022,1008.0,1008.0,1000.0,1000.2,-0.97,25954.0,622.0,500.7
UMRH,2/28/2022,1020.0,1020.0,930.0,943.0,-5.72,76116.0,622.0,500.7
UMRH,3/2/2022,943.0,950.0,855.0,880.0,-6.68,58873.0,622.0,500.7
UMRH,3/6/2022,880.0,923.1,877.0,898.0,2.05,10143.0,622.0,500.7
UMRH,3/7/2022,890.0,890.0,850.0,869.0,-3.23,4502.0,622.0,500.7
UMRH,3/9/2022,859.0,859.0,814.1,835.0,-3.91,12760.0,622.0,500.7
UMRH,3/10/2022,818.4,899.0,806.0,899.0,7.66,7715.0,622.0,500.7
UMRH,3/13/2022,881.1,900.6,855.0,895.0,-0.44,8981.0,622.0,500.7
UMRH,3/14/2022,877.1,877.2,853.0,860.0,-3.91,1580.0,622.0,500.7
UMRH,3/15/2022,876.0,918.9,851.0,910.0,5.81,8268.0,622.0,500.7
UMRH,3/16/2022,910.0,910.0,863.6,865.2,-4.92,6270.0,622.0,500.7
UMRH,3/20/2022,882.5,899.0,848.0,868.0,0.32,7728.0,622.0,500.7
UMRH,3/21/2022,851.0,882.2,850.7,868.0,0.0,8202.0,622.0,500.7
UMRH,3/22/2022,850.7,920.0,850.7,885.0,1.96,18364.0,622.0,500.7
UMRH,3/23/2022,880.0,958.8,880.0,906.0,2.37,19191.0,622.0,500.7
UMRH,3/24/2022,924.1,996.6,922.0,996.0,9.93,31504.0,622.0,500.7
UMRH,3/27/2022,980.1,1023.0,980.0,1000.0,0.4,14588.0,622.0,500.7
UMRH,3/28/2022,1000.0,1020.0,990.0,996.0,-0.4,9588.0,622.0,500.7
UMRH,3/29/2022,977.1,1004.0,965.3,986.0,-1.0,26976.0,622.0,500.7
UMRH,3/30/2022,986.0,1084.6,970.1,1050.0,6.49,8865.0,622.0,500.7
UMRH,3/31/2022,1040.0,1150.0,992.0,1133.0,7.9,7525.0,622.0,500.7
UMRH,4/3/2022,1110.4,1115.0,1054.0,1076.1,-5.02,28883.0,622.0,500.7
UMRH,4/4/2022,1070.0,1070.0,999.6,1040.0,-3.35,6498.0,622.0,500.7
UMRH,4/5/2022,1019.2,1019.2,966.0,977.5,-6.01,6702.0,622.0,500.7
UMRH,4/6/2022,966.0,1020.0,966.0,1000.0,2.3,5090.0,622.0,500.7
UMRH,4/7/2022,980.0,1025.0,980.0,1015.0,1.5,5406.0,622.0,500.7
UMRH,4/11/2022,1015.0,1015.0,982.0,994.0,-2.07,8762.0,622.0,500.7
UMRH,4/12/2022,974.2,998.0,950.0,968.1,-2.61,14686.0,622.0,500.7
UMRH,4/13/2022,987.0,987.0,880.0,948.0,-2.08,15222.0,622.0,500.7
UMRH,4/17/2022,965.9,978.0,856.0,902.0,-4.85,12099.0,622.0,500.7
UMRH,4/18/2022,919.4,919.4,833.3,877.9,-2.67,4970.0,622.0,500.7
UMRH,4/19/2022,860.4,885.0,843.2,878.0,0.01,2067.0,622.0,500.7
UMRH,4/20/2022,861.0,871.9,844.0,871.9,-0.69,620.0,622.0,500.7
UMRH,4/21/2022,885.0,888.0,824.0,845.0,-3.09,4387.0,622.0,500.7
UMRH,4/24/2022,854.9,919.0,828.1,919.0,8.76,5958.0,622.0,500.7
UMRH,4/25/2022,901.0,915.0,865.0,895.0,-2.61,3473.0,622.0,500.7
UMRH,4/26/2022,877.1,877.1,845.0,859.0,-4.02,1872.0,622.0,500.7
UMRH,4/27/2022,850.0,872.0,846.3,857.0,-0.23,1122.0,622.0,500.7
UMRH,4/28/2022,865.0,879.2,841.0,841.0,-1.87,3875.0,622.0,500.7
UMRH,5/2/2022,824.2,832.0,813.4,832.0,-1.07,1908.0,622.0,500.7
UMRH,5/4/2022,815.4,840.0,761.0,791.5,-4.87,1750.0,622.0,500.7
UMRH,5/5/2022,775.7,789.9,725.2,759.9,-3.99,6151.0,622.0,500.7
UMRH,5/8/2022,744.8,805.0,710.0,745.0,-1.96,4090.0,622.0,500.7
UMRH,5/9/2022,759.9,765.0,730.3,763.0,2.42,4055.0,622.0,500.7
UMRH,5/10/2022,747.8,823.0,725.0,823.0,7.86,3730.0,622.0,500.7
UMRH,5/11/2022,823.0,890.1,794.0,854.9,3.88,3380.0,622.0,500.7
UMRH,5/12/2022,838.4,885.0,816.4,816.4,-4.5,3445.0,622.0,500.7
UMRH,5/17/2022,800.4,816.1,754.9,802.0,-1.76,2088.0,622.0,500.7
UMRH,5/18/2022,787.0,834.3,776.0,833.0,3.87,750.0,622.0,500.7
UMRH,5/19/2022,833.0,833.0,788.9,804.9,-3.37,1660.0,622.0,500.7
UMRH,5/20/2022,788.9,804.0,776.0,795.0,-1.23,340.0,622.0,500.7
UMRH,5/23/2022,779.2,826.2,764.0,826.2,3.92,584.0,622.0,500.7
UMRH,5/24/2022,809.7,816.0,783.1,809.0,-2.08,4853.0,622.0,500.7
UMRH,5/25/2022,809.9,810.0,789.2,789.2,-2.45,1380.0,622.0,500.7
UMRH,5/26/2022,774.7,805.0,774.0,799.0,1.24,630.0,622.0,500.7
UMRH,5/27/2022,785.0,831.0,770.5,831.0,4.01,1620.0,622.0,500.7
UMRH,5/30/2022,814.4,814.4,768.5,781.0,-6.02,2308.0,622.0,500.7
UMRH,5/31/2022,766.0,766.0,750.1,765.0,-2.05,1584.0,622.0,500.7
UMRH,6/1/2022,750.1,754.0,735.3,738.0,-3.53,1033.0,622.0,500.7
UMRH,6/2/2022,752.7,752.7,725.3,728.0,-1.36,1443.0,622.0,500.7
UMRH,6/3/2022,713.6,734.0,703.0,734.0,0.82,1903.0,622.0,500.7
UMRH,6/6/2022,748.0,748.0,722.1,737.0,0.41,2841.0,622.0,500.7
UMRH,6/7/2022,725.0,725.0,695.0,715.0,-2.99,3320.0,622.0,500.7
UMRH,6/8/2022,701.0,765.7,701.0,764.9,6.98,1325.0,622.0,500.7
UMRH,6/9/2022,749.7,779.8,730.0,747.0,-2.34,1570.0,622.0,500.7
UMRH,6/10/2022,732.1,732.1,710.1,710.1,-4.94,670.0,622.0,500.7
UMRH,6/13/2022,696.1,736.4,696.1,736.4,3.7,1393.0,622.0,500.7
UMRH,6/14/2022,721.7,721.7,696.0,704.0,-4.4,580.0,622.0,500.7
UMRH,6/15/2022,690.0,700.7,670.0,700.7,-0.47,1007.0,622.0,500.7
UMRH,6/16/2022,690.0,713.0,659.6,690.0,-1.53,3775.0,622.0,500.7
UMRH,6/17/2022,676.2,702.0,651.0,690.5,0.07,80.0,622.0,500.7
UMRH,6/19/2022,676.7,676.7,655.1,671.0,-2.82,1300.0,622.0,500.7
UMRH,6/20/2022,684.4,684.4,605.1,637.1,-5.05,3690.0,622.0,500.7
UMRH,6/21/2022,637.0,657.9,625.0,657.9,3.26,1475.0,622.0,500.7
UMRH,6/22/2022,670.9,670.9,606.9,615.3,-6.48,1420.0,622.0,500.7
UMRH,6/23/2022,615.0,627.0,585.0,627.0,1.9,3085.0,622.0,500.7
UMRH,6/24/2022,614.5,623.0,580.2,611.0,-2.55,2621.0,622.0,500.7
UMRH,6/26/2022,623.0,669.8,602.0,664.9,8.82,1808.0,622.0,500.7
UMRH,6/27/2022,651.7,664.4,626.0,659.0,-0.89,3845.0,622.0,500.7
UMRH,6/28/2022,671.7,671.7,615.0,628.0,-4.7,855.0,622.0,500.7
UMRH,6/29/2022,620.0,660.0,620.0,660.0,5.1,1151.0,622.0,500.7
UMRH,6/30/2022,646.8,683.0,625.0,665.0,0.76,3791.0,622.0,500.7
UMRH,7/1/2022,651.7,675.0,614.0,655.0,-1.5,3261.0,622.0,500.7
UMRH,7/3/2022,650.0,697.0,645.0,697.0,6.41,3265.0,622.0,500.7
UMRH,7/4/2022,683.1,719.0,672.2,699.0,0.29,8036.0,622.0,500.7
UMRH,7/5/2022,685.1,699.0,663.2,683.0,-2.29,4495.0,622.0,500.7
UMRH,7/6/2022,669.4,689.0,650.0,689.0,0.88,4041.0,622.0,500.7
UMRH,7/7/2022,685.0,685.0,668.0,680.0,-1.31,2526.0,622.0,500.7
UMRH,7/8/2022,692.9,692.9,641.1,684.9,0.72,61710.0,622.0,500.7
UMRH,7/11/2022,671.4,671.7,649.0,662.5,-3.27,83110.0,622.0,500.7
UMRH,7/12/2022,655.0,668.0,641.0,654.0,-1.28,90820.0,622.0,500.7
UMRH,7/13/2022,641.0,702.6,640.1,702.6,7.43,11474.0,622.0,500.7
UMRH,7/14/2022,716.6,741.0,694.0,733.0,4.33,13478.0,622.0,500.7
UMRH,7/15/2022,740.0,740.0,711.0,730.0,-0.41,2320.0,622.0,500.7
UMRH,7/17/2022,733.0,733.0,700.0,711.0,-2.6,1421.0,622.0,500.7
UMRH,7/18/2022,724.6,724.6,695.0,719.8,1.24,2582.0,622.0,500.7
UMRH,7/19/2022,733.8,733.8,708.5,708.5,-1.57,5714.0,622.0,500.7
UMRH,7/20/2022,706.0,717.0,689.0,691.0,-2.47,7997.0,622.0,500.7
UMRH,7/21/2022,678.1,716.0,678.1,693.8,0.41,4347.0,622.0,500.7
UMRH,7/22/2022,680.2,690.0,668.0,688.0,-0.84,1882.0,622.0,500.7
UMRH,7/24/2022,680.0,701.6,675.0,701.6,1.98,5309.0,622.0,500.7
UMRH,7/25/2022,688.3,733.3,688.3,722.0,2.91,6271.0,622.0,500.7
UMRH,7/26/2022,709.0,724.0,694.5,694.5,-3.81,4589.0,622.0,500.7
UMRH,7/27/2022,680.7,709.0,669.5,692.0,-0.36,5049.0,622.0,500.7
UMRH,7/28/2022,690.0,720.0,679.0,688.0,-0.58,11156.0,622.0,500.7
UMRH,7/29/2022,700.0,702.0,680.0,699.9,1.73,3201.0,622.0,500.7
UMRH,7/31/2022,713.8,769.8,690.0,769.8,9.99,19965.0,622.0,500.7
UMRH,8/1/2022,773.0,830.0,741.0,806.0,4.7,12649.0,622.0,500.7
UMRH,8/2/2022,790.0,808.0,725.4,780.0,-3.23,103503.0,622.0,500.7
UMRH,8/3/2022,795.6,849.9,717.6,849.9,8.96,151779.0,622.0,500.7
UMRH,8/4/2022,833.0,833.0,765.0,769.0,-9.52,52673.0,622.0,500.7
UMRH,8/5/2022,753.7,753.7,715.0,720.0,-6.37,35113.0,622.0,500.7
UMRH,8/7/2022,706.0,720.0,692.0,710.0,-1.39,39317.0,622.0,500.7
UMRH,8/8/2022,716.0,730.3,696.0,705.0,-0.7,15018.0,622.0,500.7
UMRH,8/9/2022,707.0,708.0,658.0,671.0,-4.82,40467.0,622.0,500.7
UMRH,8/10/2022,661.5,675.0,655.0,668.0,-0.45,13557.0,622.0,500.7
UMRH,8/11/2022,670.0,699.9,656.0,657.0,-1.65,15436.0,622.0,500.7
UMRH,8/14/2022,670.1,674.0,640.0,642.5,-2.21,15904.0,622.0,500.7
UMRH,8/15/2022,650.0,678.0,649.0,677.6,5.46,21548.0,622.0,500.7
UMRH,8/16/2022,681.0,685.0,644.0,644.1,-4.94,14574.0,622.0,500.7
UMRH,8/17/2022,656.0,666.8,644.3,645.0,0.14,9038.0,622.0,500.7
UMRH,8/18/2022,642.1,665.0,642.1,654.0,1.4,11600.0,622.0,500.7
UMRH,8/21/2022,667.0,667.0,645.0,651.0,-0.46,12243.0,622.0,500.7
UMRH,8/22/2022,640.0,655.0,640.0,651.0,0.0,5227.0,622.0,500.7
UMRH,8/23/2022,642.0,651.0,640.0,640.0,-1.69,3604.0,622.0,500.7
UMRH,8/24/2022,652.8,665.0,642.1,643.1,0.48,7747.0,622.0,500.7
UMRH,8/25/2022,644.0,657.9,622.2,629.0,-2.19,13493.0,622.0,500.7
UMRH,8/26/2022,616.5,633.0,610.0,614.0,-2.38,9359.0,622.0,500.7
UMRH,8/28/2022,622.0,622.0,590.0,590.0,-3.91,14074.0,622.0,500.7
UMRH,8/29/2022,601.0,601.0,579.0,579.0,-1.86,8849.0,622.0,500.7
UMRH,8/30/2022,573.0,601.0,573.0,579.0,0.0,4028.0,622.0,500.7
UMRH,8/31/2022,570.0,585.0,558.6,568.0,-1.9,13357.0,622.0,500.7
UMRH,9/1/2022,557.0,576.0,550.1,565.0,-0.53,8076.0,622.0,500.7
UMRH,9/2/2022,560.0,569.0,557.0,558.5,-1.15,4330.0,622.0,500.7
UMRH,9/4/2022,558.5,574.0,555.0,562.1,0.64,7130.0,622.0,500.7
UMRH,9/5/2022,560.0,573.0,555.0,555.4,-1.19,8800.0,622.0,500.7
UMRH,9/6/2022,563.0,563.0,538.1,543.0,-2.23,6922.0,622.0,500.7
UMRH,9/7/2022,543.0,547.9,525.1,525.1,-3.3,7148.0,622.0,500.7
UMRH,9/8/2022,521.5,536.0,516.1,525.0,-0.02,11281.0,622.0,500.7
UMRH,9/11/2022,533.0,543.0,520.1,528.0,0.57,5442.0,622.0,500.7
UMRH,9/12/2022,519.3,560.1,510.7,550.0,4.17,8394.0,622.0,500.7
UMRH,9/13/2022,550.0,557.0,530.0,541.1,-1.62,17180.0,622.0,500.7
UMRH,9/14/2022,549.9,570.0,541.0,565.0,4.42,7004.0,622.0,500.7
UMRH,9/15/2022,569.9,576.0,524.3,528.0,-6.55,13722.0,622.0,500.7
UMRH,9/16/2022,517.5,520.0,501.1,512.0,-3.03,7869.0,622.0,500.7
UMRH,9/18/2022,513.0,513.0,477.1,480.0,-6.25,11625.0,622.0,500.7
UMRH,9/20/2022,480.0,480.0,462.0,462.0,-3.75,12589.0,622.0,500.7
UMRH,9/21/2022,470.0,480.0,455.1,469.0,1.52,9228.0,622.0,500.7
UMRH,9/22/2022,473.0,475.7,454.0,454.0,-3.2,6284.0,622.0,500.7
UMRH,9/25/2022,445.5,450.0,440.1,441.0,-2.86,7008.0,622.0,500.7
UMRH,9/27/2022,442.0,458.0,441.0,450.0,2.04,8270.0,622.0,500.7
UMRH,9/28/2022,455.0,455.0,448.0,450.0,0.0,3333.0,622.0,500.7
UMRH,9/29/2022,450.0,455.0,442.0,445.0,-1.11,4332.0,622.0,500.7
UMRH,10/9/2022,453.9,459.9,453.0,458.5,3.03,2845.0,622.0,500.7
UMRH,10/10/2022,460.0,467.6,444.2,444.2,-3.12,5415.0,622.0,500.7
UMRH,10/11/2022,440.1,445.0,440.1,444.8,0.14,683.0,622.0,500.7
UMRH,10/12/2022,444.0,450.0,442.1,450.0,1.17,930.0,622.0,500.7
UMRH,10/13/2022,455.0,462.0,450.0,455.0,1.11,2153.0,622.0,500.7
UMRH,10/16/2022,448.0,453.0,440.2,449.0,-1.32,2563.0,622.0,500.7
UMRH,10/17/2022,457.7,457.7,440.0,443.1,-1.31,963.0,622.0,500.7
UMRH,10/19/2022,439.9,441.6,426.5,427.0,-3.63,2930.0,622.0,500.7
UMRH,10/20/2022,435.0,435.0,410.7,410.7,-3.82,4369.0,622.0,500.7
UMRH,10/23/2022,410.0,417.0,404.0,406.0,-1.14,3010.0,622.0,500.7
UMRH,10/31/2022,400.6,406.0,400.0,405.0,-0.25,1505.0,622.0,500.7
UMRH,11/1/2022,404.0,435.0,404.0,433.0,6.91,7361.0,622.0,500.7
UMRH,11/2/2022,435.0,462.0,430.0,454.0,4.85,14515.0,622.0,500.7
UMRH,11/3/2022,446.1,455.0,436.0,445.0,-1.98,4712.0,622.0,500.7
UMRH,11/6/2022,445.0,460.0,436.1,456.0,2.47,3779.0,622.0,500.7
UMRH,11/7/2022,458.0,484.5,450.8,450.8,-1.14,9046.0,622.0,500.7
UMRH,11/8/2022,446.0,459.8,441.0,450.0,-0.18,5376.0,622.0,500.7
UMRH,11/9/2022,450.0,450.0,421.4,422.0,-6.22,8499.0,622.0,500.7
UMRH,11/10/2022,430.4,434.0,414.5,415.0,-1.66,5867.0,622.0,500.7
UMRH,11/13/2022,412.3,418.2,407.3,410.0,-1.2,5136.0,622.0,500.7
UMRH,11/14/2022,410.0,426.3,410.0,426.3,3.98,3484.0,622.0,500.7
UMRH,11/15/2022,420.0,421.1,411.0,419.2,-1.67,1803.0,622.0,500.7
UMRH,11/16/2022,415.0,424.0,415.0,423.9,1.12,3510.0,622.0,500.7
UMRH,11/17/2022,432.0,450.0,430.1,439.0,3.56,10535.0,622.0,500.7
UMRH,11/22/2022,447.0,452.0,435.2,437.1,-0.43,6366.0,622.0,500.7
UMRH,11/23/2022,445.0,445.0,428.0,440.0,0.66,1840.0,622.0,500.7
UMRH,11/24/2022,431.2,440.7,425.0,434.0,-1.36,6987.0,622.0,500.7
UMRH,11/27/2022,434.0,442.0,427.0,442.0,1.84,3635.0,622.0,500.7
UMRH,11/28/2022,450.0,450.0,428.3,435.0,-1.58,2796.0,622.0,500.7
UMRH,11/29/2022,431.0,440.0,431.0,440.0,1.15,3772.0,622.0,500.7
UMRH,11/30/2022,440.0,440.0,431.6,439.0,-0.23,1805.0,622.0,500.7
UMRH,12/1/2022,433.0,446.0,433.0,436.2,-0.64,7793.0,622.0,500.7
UMRH,12/4/2022,444.9,444.9,434.0,434.0,-0.5,1620.0,622.0,500.7
UMRH,12/5/2022,430.0,430.2,418.7,423.0,-2.53,5344.0,622.0,500.7
UMRH,12/6/2022,420.0,420.0,407.0,418.5,-1.06,6696.0,622.0,500.7
UMRH,12/7/2022,410.2,418.4,402.0,412.0,-1.55,6550.0,622.0,500.7
UMRH,12/11/2022,405.0,406.0,400.0,406.0,-1.46,3077.0,622.0,500.7
UMRH,12/12/2022,405.0,411.0,403.2,407.9,0.47,2340.0,622.0,500.7
UMRH,12/13/2022,415.0,417.0,409.0,416.9,2.21,2494.0,622.0,500.7
UMRH,12/14/2022,415.0,416.0,409.5,416.0,-0.22,1480.0,622.0,500.7
UMRH,12/15/2022,408.0,410.0,402.5,402.6,-3.22,1541.0,622.0,500.7
UMRH,12/18/2022,398.0,405.0,396.9,396.9,-1.42,3639.0,622.0,500.7
UMRH,12/19/2022,392.0,401.0,392.0,399.0,0.53,1875.0,622.0,500.7
UMRH,12/20/2022,395.0,410.7,395.0,402.5,0.88,1250.0,622.0,500.7
UMRH,12/21/2022,400.2,400.2,396.0,396.0,-1.61,2135.0,622.0,500.7
UMRH,12/22/2022,401.9,403.0,390.0,391.0,-1.26,3676.0,622.0,500.7
UMRH,12/26/2022,398.8,410.9,394.1,407.0,4.09,6023.0,622.0,500.7
UMRH,12/27/2022,415.1,430.0,415.1,423.0,3.93,14115.0,622.0,500.7
UMRH,12/28/2022,420.0,432.0,414.0,414.0,-2.13,6981.0,622.0,500.7
UMRH,12/29/2022,414.0,440.0,412.0,438.0,5.8,13188.0,622.0,500.7
UMRH,1/1/2023,446.0,454.0,434.0,434.0,-0.91,17317.0,622.0,500.7
UMRH,1/2/2023,428.0,472.0,428.0,471.0,8.53,20572.0,622.0,500.7
UMRH,1/3/2023,480.0,484.0,458.0,462.0,-1.91,16228.0,622.0,500.7
UMRH,1/4/2023,460.0,503.8,460.0,499.0,8.01,25107.0,622.0,500.7
UMRH,1/5/2023,508.9,519.0,495.0,503.8,0.96,16227.0,622.0,500.7
UMRH,1/8/2023,513.8,533.0,505.0,518.9,3.0,18659.0,622.0,500.7
UMRH,1/9/2023,509.0,535.2,505.3,524.0,0.98,15538.0,622.0,500.7
UMRH,1/10/2023,530.0,557.0,500.0,510.0,-2.67,35011.0,622.0,500.7
UMRH,1/12/2023,520.2,539.9,482.2,495.0,-2.94,19350.0,622.0,500.7
UMRH,1/17/2023,493.5,519.9,490.0,515.0,4.04,8756.0,622.0,500.7
UMRH,1/18/2023,524.0,535.8,509.0,519.0,0.78,17381.0,622.0,500.7
UMRH,1/19/2023,510.0,524.5,509.0,523.0,0.77,7936.0,622.0,500.7
UMRH,1/23/2023,516.0,535.0,500.0,515.9,-1.36,13690.0,622.0,500.7
UMRH,1/24/2023,521.9,521.9,499.0,515.0,-0.17,10735.0,622.0,500.7
UMRH,1/25/2023,525.0,545.0,504.3,521.1,1.18,9739.0,622.0,500.7
UMRH,1/26/2023,510.7,565.0,510.7,551.0,5.74,46610.0,622.0,500.7
UMRH,1/29/2023,550.0,590.0,530.0,590.0,7.08,33807.0,622.0,500.7
UMRH,1/30/2023,590.0,590.0,547.9,547.9,-7.14,30139.0,622.0,500.7
UMRH,1/31/2023,538.1,579.0,538.1,558.0,1.84,17809.0,622.0,500.7
UMRH,2/1/2023,552.1,570.0,552.1,564.9,1.24,9229.0,622.0,500.7
UMRH,2/2/2023,564.0,574.0,545.0,550.0,-2.64,15518.0,622.0,500.7
UMRH,2/5/2023,541.5,558.0,541.5,546.0,-0.73,8153.0,622.0,500.7
UMRH,2/6/2023,546.0,555.9,535.3,539.0,-1.28,7801.0,622.0,500.7
UMRH,2/7/2023,549.7,582.4,549.7,581.0,7.79,14223.0,622.0,500.7
UMRH,2/8/2023,575.0,583.5,554.1,568.0,-2.24,17201.0,622.0,500.7
UMRH,2/9/2023,577.9,577.9,551.0,562.0,-1.06,9308.0,622.0,500.7
UMRH,2/12/2023,551.0,554.0,540.0,543.9,-3.22,10820.0,622.0,500.7
UMRH,2/14/2023,540.1,543.0,529.2,530.0,-2.56,7066.0,622.0,500.7
UMRH,2/15/2023,520.1,540.6,520.1,528.0,-0.38,5883.0,622.0,500.7
UMRH,2/16/2023,527.0,527.1,512.0,514.1,-2.63,7293.0,622.0,500.7
UMRH,2/20/2023,505.3,515.0,505.3,509.0,-0.99,2821.0,622.0,500.7
UMRH,2/22/2023,510.0,538.0,510.0,530.0,4.13,3757.0,622.0,500.7
UMRH,2/23/2023,520.0,520.0,506.1,515.0,-2.83,9158.0,622.0,500.7
UMRH,2/26/2023,505.0,535.0,495.0,525.0,1.94,6653.0,622.0,500.7
UMRH,2/27/2023,520.0,530.0,500.8,509.1,-3.03,4910.0,622.0,500.7
UMRH,2/28/2023,505.0,523.0,505.0,513.9,0.94,4667.0,622.0,500.7
UMRH,3/1/2023,519.0,519.0,500.1,508.8,-0.99,2951.0,622.0,500.7
UMRH,3/2/2023,500.1,501.9,492.0,501.9,-1.36,4378.0,622.0,500.7
UMRH,3/5/2023,500.0,502.0,483.0,486.0,-3.17,3595.0,622.0,500.7
UMRH,3/7/2023,480.0,498.1,480.0,488.0,0.41,1080.0,622.0,500.7
UMRH,3/9/2023,495.0,516.0,492.0,512.0,4.92,2795.0,622.0,500.7
UMRH,3/12/2023,515.0,517.9,501.8,502.0,-1.95,6958.0,622.0,500.7
UMRH,3/13/2023,495.0,510.0,493.1,509.9,1.57,2430.0,622.0,500.7
UMRH,3/14/2023,502.0,515.0,502.0,515.0,1.0,2197.0,622.0,500.7
UMRH,3/15/2023,505.0,510.6,500.0,510.6,-0.85,2103.0,622.0,500.7
UMRH,3/16/2023,500.4,515.0,500.0,500.4,-2.0,1882.0,622.0,500.7
UMRH,3/19/2023,495.1,509.0,491.0,505.0,0.92,280.0,622.0,500.7
UMRH,3/20/2023,510.0,520.0,496.3,520.0,2.97,3247.0,622.0,500.7
UMRH,3/22/2023,510.0,519.9,510.0,510.0,-1.92,1270.0,622.0,500.7
UMRH,3/23/2023,501.1,504.0,492.0,492.0,-3.53,795.0,622.0,500.7
UMRH,3/26/2023,486.5,510.0,486.5,491.0,-0.2,3870.0,622.0,500.7
UMRH,3/27/2023,485.1,510.0,485.1,510.0,3.87,775.0,622.0,500.7
UMRH,3/28/2023,506.0,523.0,494.9,502.0,-1.57,3472.0,622.0,500.7
UMRH,3/29/2023,500.0,514.5,500.0,505.0,0.6,150.0,622.0,500.7
UMRH,3/30/2023,514.0,520.0,503.0,512.0,1.39,842.0,622.0,500.7
UMRH,4/2/2023,522.2,529.8,489.2,500.0,-2.34,4409.0,622.0,500.7
UMRH,4/3/2023,490.0,493.4,484.0,485.0,-3.0,1848.0,622.0,500.7
UMRH,4/4/2023,494.7,514.2,481.0,498.9,2.87,1980.0,622.0,500.7
UMRH,4/5/2023,507.0,507.0,480.2,497.0,-0.38,1570.0,622.0,500.7
UMRH,4/6/2023,500.0,500.0,482.0,482.0,-3.02,1294.0,622.0,500.7
UMRH,4/9/2023,485.0,485.0,460.0,465.0,-3.53,3962.0,622.0,500.7
UMRH,4/10/2023,474.0,474.3,466.0,470.0,1.08,685.0,622.0,500.7
UMRH,4/11/2023,479.0,485.0,479.0,483.0,2.77,910.0,622.0,500.7
UMRH,4/12/2023,492.6,511.0,489.0,511.0,5.8,2431.0,622.0,500.7
UMRH,4/13/2023,521.0,521.0,496.0,497.0,-2.74,1924.0,622.0,500.7
UMRH,4/16/2023,495.0,504.7,487.1,504.7,1.55,700.0,622.0,500.7
UMRH,4/17/2023,514.7,514.7,479.1,489.0,-3.11,6715.0,622.0,500.7
UMRH,4/18/2023,480.0,485.0,480.0,482.1,-1.41,120.0,622.0,500.7
UMRH,4/19/2023,486.1,495.8,486.1,494.0,2.47,95.0,622.0,500.7
UMRH,4/20/2023,486.0,490.0,484.3,490.0,-0.81,912.0,622.0,500.7
UMRH,4/23/2023,490.0,490.0,480.0,480.0,-2.04,2278.0,622.0,500.7
UMRH,4/24/2023,471.0,488.0,471.0,488.0,1.67,230.0,622.0,500.7
UMRH,4/25/2023,479.0,488.8,479.0,488.8,0.16,1061.0,622.0,500.7
UMRH,4/26/2023,488.0,488.0,474.1,474.1,-3.01,2054.0,622.0,500.7
UMRH,4/27/2023,467.0,479.0,467.0,479.0,1.03,892.0,622.0,500.7
UMRH,4/30/2023,470.0,470.0,462.0,462.0,-3.55,1320.0,622.0,500.7
UMRH,5/2/2023,453.0,473.0,453.0,454.0,-1.73,885.0,622.0,500.7
UMRH,5/3/2023,450.0,462.0,448.0,461.0,1.54,1540.0,622.0,500.7
UMRH,5/4/2023,453.1,464.0,452.0,455.6,-1.17,330.0,622.0,500.7
UMRH,5/7/2023,450.0,473.9,450.0,455.0,-0.13,805.0,622.0,500.7
UMRH,5/8/2023,445.9,454.0,445.9,449.0,-1.32,430.0,622.0,500.7
UMRH,5/9/2023,441.0,459.0,441.0,459.0,2.23,40.0,622.0,500.7
UMRH,5/10/2023,459.0,459.0,455.0,455.0,-0.87,424.0,622.0,500.7
UMRH,5/11/2023,448.0,463.0,448.0,457.0,0.44,200.0,622.0,500.7
UMRH,5/14/2023,457.0,457.0,443.0,443.0,-3.06,890.0,622.0,500.7
UMRH,5/15/2023,434.5,444.0,434.5,440.0,-0.68,1401.0,622.0,500.7
UMRH,5/16/2023,435.0,448.0,435.0,437.1,-0.66,367.0,622.0,500.7
UMRH,5/17/2023,439.0,444.9,438.0,440.5,0.78,690.0,622.0,500.7
UMRH,5/18/2023,449.0,467.0,446.0,457.0,3.75,1292.0,622.0,500.7
UMRH,5/21/2023,461.0,479.0,457.0,457.1,0.02,1985.0,622.0,500.7
UMRH,5/22/2023,452.0,460.1,452.0,460.0,0.63,285.0,622.0,500.7
UMRH,5/23/2023,455.0,478.0,455.0,472.0,2.61,2077.0,622.0,500.7
UMRH,5/24/2023,472.0,476.0,463.1,474.0,0.42,360.0,622.0,500.7
UMRH,5/28/2023,465.0,485.0,465.0,468.0,-1.27,2915.0,622.0,500.7
UMRH,5/30/2023,459.0,459.0,450.0,450.0,-3.85,1095.0,622.0,500.7
UMRH,5/31/2023,450.0,457.0,432.2,444.0,-1.33,2560.0,622.0,500.7
UMRH,6/1/2023,441.1,452.0,441.0,443.6,-0.09,1550.0,622.0,500.7
UMRH,6/4/2023,452.4,461.4,451.0,461.4,4.01,1555.0,622.0,500.7
UMRH,6/5/2023,464.0,468.0,451.0,460.0,-0.3,1095.0,622.0,500.7
UMRH,6/6/2023,450.8,469.0,441.8,469.0,1.96,1160.0,622.0,500.7
UMRH,6/7/2023,475.0,480.0,462.0,463.0,-1.28,1945.0,622.0,500.7
UMRH,6/8/2023,460.0,469.2,453.0,455.0,-1.73,1640.0,622.0,500.7
UMRH,6/11/2023,450.2,479.0,450.2,478.8,5.23,2955.0,622.0,500.7
UMRH,6/12/2023,473.0,480.0,460.6,460.6,-3.8,4390.0,622.0,500.7
UMRH,6/13/2023,469.8,487.9,460.5,478.0,3.78,2663.0,622.0,500.7
UMRH,6/14/2023,471.0,492.7,470.0,480.0,0.42,4723.0,622.0,500.7
UMRH,6/15/2023,483.0,485.0,471.0,475.0,-1.04,4006.0,622.0,500.7
UMRH,6/18/2023,468.2,483.4,468.2,482.0,1.47,1832.0,622.0,500.7
UMRH,6/19/2023,482.0,484.0,475.0,476.2,-1.2,4017.0,622.0,500.7
UMRH,6/20/2023,485.0,488.8,476.0,476.0,-0.04,2505.0,622.0,500.7
UMRH,6/21/2023,466.6,476.0,462.0,462.0,-2.94,994.0,622.0,500.7
UMRH,6/22/2023,462.1,464.0,433.0,459.9,-0.45,4805.0,622.0,500.7
UMRH,6/25/2023,469.0,477.0,442.0,458.0,-0.41,5565.0,622.0,500.7
UMRH,6/26/2023,460.0,480.9,455.0,459.0,0.22,5747.0,622.0,500.7
UMRH,6/27/2023,455.0,481.0,455.0,474.0,3.27,6173.0,622.0,500.7
UMRH,6/28/2023,483.0,486.5,466.0,466.0,-1.69,9921.0,622.0,500.7
UMRH,7/2/2023,475.3,475.3,456.7,463.0,-0.64,7058.0,622.0,500.7
UMRH,7/3/2023,456.7,472.2,448.0,455.0,-1.73,4131.0,622.0,500.7
UMRH,7/4/2023,464.0,464.0,446.0,446.0,-1.98,4042.0,622.0,500.7
UMRH,7/5/2023,453.5,453.5,437.1,442.0,-0.9,2649.0,622.0,500.7
UMRH,7/6/2023,436.1,445.0,435.0,437.1,-1.11,2346.0,622.0,500.7
UMRH,7/9/2023,440.0,459.0,437.1,437.2,0.02,1562.0,622.0,500.7
UMRH,7/10/2023,438.2,446.0,437.0,440.0,0.64,2330.0,622.0,500.7
UMRH,7/11/2023,432.1,453.9,432.1,442.0,0.45,1101.0,622.0,500.7
UMRH,7/12/2023,433.2,457.0,433.2,451.0,2.04,5935.0,622.0,500.7
UMRH,7/13/2023,450.1,457.0,433.6,439.0,-2.66,4606.0,622.0,500.7
UMRH,7/16/2023,440.0,444.0,432.5,434.1,-1.12,1220.0,622.0,500.7
UMRH,7/17/2023,430.7,460.0,430.7,452.5,4.24,2631.0,622.0,500.7
UMRH,7/18/2023,444.1,447.9,443.1,443.1,-2.08,3188.0,622.0,500.7
UMRH,7/19/2023,438.2,443.0,435.0,440.0,-0.7,923.0,622.0,500.7
UMRH,7/20/2023,435.0,449.8,435.0,444.0,0.91,2391.0,622.0,500.7
UMRH,7/23/2023,452.8,461.0,446.0,461.0,3.83,3271.0,622.0,500.7
UMRH,7/24/2023,465.0,466.0,455.8,459.9,-0.24,4287.0,622.0,500.7
UMRH,7/25/2023,450.9,457.0,449.0,449.1,-2.35,2031.0,622.0,500.7
UMRH,7/26/2023,444.0,456.0,443.0,451.0,0.42,2586.0,622.0,500.7
UMRH,7/27/2023,449.0,452.8,442.0,442.0,-2.0,580.0,622.0,500.7
UMRH,7/30/2023,433.2,443.0,432.0,432.1,-2.24,2510.0,622.0,500.7
UMRH,7/31/2023,426.0,437.0,426.0,430.0,-0.49,911.0,622.0,500.7
UMRH,8/1/2023,422.0,438.6,416.0,427.0,-0.7,2864.0,622.0,500.7
UMRH,8/2/2023,418.5,435.0,418.5,425.0,-0.47,432.0,622.0,500.7
UMRH,8/3/2023,424.0,435.0,420.0,427.0,0.47,2394.0,622.0,500.7
UMRH,8/6/2023,422.1,431.0,408.0,408.0,-4.45,3469.0,622.0,500.7
UMRH,8/7/2023,400.0,432.4,400.0,422.0,3.43,930.0,622.0,500.7
UMRH,8/8/2023,421.0,429.9,410.0,410.0,-2.84,1005.0,622.0,500.7
UMRH,8/9/2023,404.0,419.5,404.0,419.5,2.32,2707.0,622.0,500.7
UMRH,8/10/2023,418.0,426.5,415.2,421.0,0.36,678.0,622.0,500.7
UMRH,8/13/2023,415.0,429.0,414.0,424.0,0.71,2262.0,622.0,500.7
UMRH,8/14/2023,415.7,431.9,415.7,420.0,-0.94,1872.0,622.0,500.7
UMRH,8/15/2023,412.0,428.0,408.0,420.0,0.0,2130.0,622.0,500.7
UMRH,8/16/2023,412.0,419.8,405.1,408.1,-2.83,405.0,622.0,500.7
UMRH,8/17/2023,416.2,423.0,407.2,407.7,-0.1,1646.0,622.0,500.7
UMRH,8/20/2023,407.0,415.0,397.2,397.2,-2.58,3398.0,622.0,500.7
UMRH,8/21/2023,395.0,400.0,383.0,383.0,-3.58,4849.0,622.0,500.7
UMRH,8/22/2023,376.2,398.4,376.1,390.0,1.83,1609.0,622.0,500.7
UMRH,8/23/2023,390.0,400.0,390.0,400.0,2.56,2159.0,622.0,500.7
UMRH,8/24/2023,405.0,405.0,385.0,385.0,-3.75,1529.0,622.0,500.7
UMRH,8/27/2023,378.0,384.5,370.6,384.5,-0.13,2046.0,622.0,500.7
UMRH,8/28/2023,380.0,390.0,377.3,377.6,-1.79,2427.0,622.0,500.7
UMRH,8/29/2023,371.1,389.9,371.1,381.3,0.98,470.0,622.0,500.7
UMRH,8/30/2023,374.0,389.0,374.0,376.1,-1.36,3627.0,622.0,500.7
UMRH,9/3/2023,368.7,377.1,363.0,375.0,-0.29,2801.0,622.0,500.7
UMRH,9/4/2023,375.0,375.0,362.0,367.5,-2.0,1320.0,622.0,500.7
UMRH,9/5/2023,360.4,364.0,360.4,361.0,-1.77,1215.0,622.0,500.7
UMRH,9/7/2023,354.0,356.0,350.0,350.0,-3.05,1355.0,622.0,500.7
UMRH,9/10/2023,344.0,350.0,342.0,343.0,-2.0,1012.0,622.0,500.7
UMRH,9/11/2023,343.0,363.9,343.0,353.2,2.97,2162.0,622.0,500.7
UMRH,9/12/2023,347.0,350.0,342.5,344.0,-2.6,1273.0,622.0,500.7
UMRH,9/13/2023,338.0,365.0,338.0,351.0,2.03,1385.0,622.0,500.7
UMRH,9/17/2023,344.0,355.0,340.0,340.1,-3.11,1440.0,622.0,500.7
UMRH,9/18/2023,341.0,347.8,335.3,342.0,0.56,760.0,622.0,500.7
UMRH,9/19/2023,337.1,354.9,337.1,354.9,3.77,120.0,622.0,500.7
UMRH,9/21/2023,361.9,390.3,361.9,386.0,8.76,6000.0,622.0,500.7
UMRH,9/24/2023,381.1,399.0,381.0,383.0,-0.78,4368.0,622.0,500.7
UMRH,9/25/2023,385.0,399.8,370.0,379.2,-0.99,2783.0,622.0,500.7
UMRH,9/26/2023,386.7,405.3,386.7,394.0,3.9,3596.0,622.0,500.7
UMRH,9/27/2023,386.2,388.0,382.0,382.0,-3.05,1479.0,622.0,500.7
UMRH,10/1/2023,389.0,389.0,369.0,381.0,-0.26,1865.0,622.0,500.7
UMRH,10/2/2023,375.0,383.0,373.5,378.2,-0.73,1759.0,622.0,500.7
UMRH,10/3/2023,382.0,386.0,373.1,373.1,-1.35,1139.0,622.0,500.7
UMRH,10/4/2023,370.2,380.5,370.2,379.3,1.66,1069.0,622.0,500.7
UMRH,10/5/2023,375.0,388.0,375.0,379.0,-0.08,958.0,622.0,500.7
UMRH,10/8/2023,372.0,373.0,368.0,369.0,-2.64,830.0,622.0,500.7
UMRH,10/9/2023,364.1,366.5,360.0,360.0,-2.44,470.0,622.0,500.7
UMRH,10/10/2023,360.0,381.9,355.1,356.0,-1.11,2179.0,622.0,500.7
UMRH,10/11/2023,363.0,363.0,351.0,356.0,0.0,1150.0,622.0,500.7
UMRH,10/12/2023,349.0,360.0,349.0,357.0,0.28,1853.0,622.0,500.7
UMRH,10/16/2023,349.9,355.0,345.0,355.0,-0.56,350.0,622.0,500.7
UMRH,10/17/2023,356.0,365.0,356.0,364.0,2.54,1136.0,622.0,500.7
UMRH,10/18/2023,360.1,392.0,360.1,390.0,7.14,2319.0,622.0,500.7
UMRH,10/19/2023,382.2,385.0,374.0,375.0,-3.85,736.0,622.0,500.7
UMRH,10/29/2023,369.0,382.0,359.0,382.0,1.87,150.0,622.0,500.7
UMRH,10/30/2023,374.4,379.0,365.0,379.0,-0.79,1880.0,622.0,500.7
UMRH,10/31/2023,374.6,374.6,362.0,366.0,-3.43,134.0,622.0,500.7
UMRH,11/1/2023,373.3,379.0,367.0,371.5,1.5,1490.0,622.0,500.7
UMRH,11/2/2023,371.5,371.5,353.0,370.0,-0.4,1868.0,622.0,500.7
UMRH,11/5/2023,362.6,362.6,345.0,345.0,-6.76,2220.0,622.0,500.7
UMRH,11/6/2023,349.0,355.0,346.0,348.0,0.87,3652.0,622.0,500.7
UMRH,11/7/2023,348.0,354.0,348.0,354.0,1.72,360.0,622.0,500.7
UMRH,11/8/2023,354.0,361.0,340.1,361.0,1.98,1533.0,622.0,500.7
UMRH,11/9/2023,355.6,355.6,349.0,349.0,-3.32,795.0,622.0,500.7
UMRH,11/20/2023,343.0,349.0,342.2,342.2,-1.95,1173.0,622.0,500.7
UMRH,11/21/2023,336.1,338.0,330.0,332.4,-2.86,1980.0,622.0,500.7
UMRH,11/22/2023,326.6,338.0,326.6,330.0,-0.72,950.0,622.0,500.7
UMRH,11/23/2023,325.6,363.0,324.6,349.0,5.76,4285.0,622.0,500.7
UMRH,11/26/2023,344.2,361.0,343.0,359.0,2.87,5866.0,622.0,500.7
UMRH,11/27/2023,356.0,366.0,352.0,357.9,-0.31,6435.0,622.0,500.7
UMRH,11/28/2023,355.0,355.0,341.0,346.4,-3.21,3274.0,622.0,500.7
UMRH,11/29/2023,340.1,345.0,335.5,338.0,-2.42,5519.0,622.0,500.7
UMRH,11/30/2023,340.0,340.0,304.2,304.2,-10.0,168356.0,622.0,500.7
UMRH,12/3/2023,298.5,298.5,273.8,273.8,-9.99,98172.0,622.0,500.7
UMRH,12/4/2023,279.2,287.0,261.3,278.8,1.83,82318.0,622.0,500.7
UMRH,12/5/2023,284.0,289.0,271.0,275.2,-1.29,29708.0,622.0,500.7
UMRH,12/6/2023,275.2,280.7,269.0,279.0,1.38,69484.0,622.0,500.7
UMRH,12/7/2023,279.9,281.0,272.0,272.7,-2.26,59958.0,622.0,500.7
UMRH,12/10/2023,267.3,295.8,267.3,294.0,7.81,16987.0,622.0,500.7
UMRH,12/11/2023,299.8,299.8,279.0,293.0,-0.34,164698.0,622.0,500.7
UMRH,12/12/2023,298.0,320.0,285.0,317.0,8.19,231229.0,622.0,500.7
UMRH,12/13/2023,318.0,327.9,310.0,316.0,-0.32,61678.0,622.0,500.7
UMRH,12/14/2023,310.1,317.0,302.9,306.6,-2.97,93021.0,622.0,500.7
UMRH,12/17/2023,307.0,330.0,305.0,329.8,7.57,302875.0,622.0,500.7
UMRH,12/18/2023,336.0,343.0,324.0,331.6,0.55,225110.0,622.0,500.7
UMRH,12/19/2023,332.0,344.7,325.0,336.1,1.36,103903.0,622.0,500.7
UMRH,12/20/2023,338.0,369.7,332.0,369.7,10.0,274703.0,622.0,500.7
UMRH,12/21/2023,376.0,397.0,362.7,380.0,2.79,272017.0,622.0,500.7
UMRH,12/24/2023,386.0,401.9,367.5,368.3,-3.08,205150.0,622.0,500.7
UMRH,12/27/2023,361.0,390.0,361.0,367.1,-0.33,116332.0,622.0,500.7
UMRH,12/28/2023,372.0,375.0,354.0,362.0,-1.39,64192.0,622.0,500.7
UMRH,1/1/2024,369.2,378.0,362.1,365.0,0.83,124395.0,622.0,500.7
UMRH,1/2/2024,362.1,370.0,355.3,359.0,-1.64,83499.0,622.0,500.7
UMRH,1/3/2024,365.0,372.0,358.0,372.0,3.62,97176.0,622.0,500.7
UMRH,1/4/2024,379.4,409.2,379.4,402.5,8.2,394345.0,622.0,500.7
UMRH,1/7/2024,410.5,422.0,400.0,402.0,-0.12,234019.0,622.0,500.7
UMRH,1/8/2024,409.0,418.0,397.0,415.0,3.23,167702.0,622.0,500.7
UMRH,1/9/2024,420.0,427.0,395.0,400.0,-3.61,194907.0,622.0,500.7
UMRH,1/10/2024,401.1,410.0,397.0,399.0,-0.25,116406.0,622.0,500.7
UMRH,1/11/2024,406.5,426.0,402.0,420.0,5.26,172313.0,622.0,500.7
UMRH,1/14/2024,428.0,431.2,413.6,415.0,-1.19,111840.0,622.0,500.7
UMRH,1/16/2024,421.0,438.0,416.0,416.0,0.24,176496.0,622.0,500.7
UMRH,1/17/2024,417.0,425.0,394.2,396.0,-4.81,185922.0,622.0,500.7
UMRH,1/18/2024,390.0,412.0,389.0,405.0,2.27,116825.0,622.0,500.7
UMRH,1/21/2024,412.9,422.7,396.9,406.7,0.42,126222.0,622.0,500.7
UMRH,1/22/2024,410.0,410.9,387.4,388.1,-4.57,97362.0,622.0,500.7
UMRH,1/23/2024,381.1,400.0,381.1,385.1,-0.77,60817.0,622.0,500.7
UMRH,1/24/2024,392.8,399.0,378.3,385.0,-0.03,85877.0,622.0,500.7
UMRH,1/25/2024,378.1,390.0,377.6,381.0,-1.04,42093.0,622.0,500.7
UMRH,1/28/2024,388.6,392.0,378.0,382.0,0.26,54724.0,622.0,500.7
UMRH,1/29/2024,389.0,409.0,384.1,407.9,6.78,126774.0,622.0,500.7
UMRH,1/30/2024,410.0,418.0,405.0,408.0,0.02,107377.0,622.0,500.7
UMRH,1/31/2024,414.9,415.9,393.0,398.9,-2.23,95425.0,622.0,500.7
UMRH,2/1/2024,392.1,401.0,390.4,393.0,-1.48,90551.0,622.0,500.7
UMRH,2/4/2024,393.0,397.4,386.6,387.0,-1.53,33779.0,622.0,500.7
UMRH,2/5/2024,394.7,398.0,388.0,390.0,0.78,69644.0,622.0,500.7
UMRH,2/6/2024,397.8,397.8,387.0,387.5,-0.64,30845.0,622.0,500.7
UMRH,2/7/2024,393.9,395.2,387.3,392.2,1.21,50827.0,622.0,500.7
UMRH,2/8/2024,397.9,404.0,392.0,400.0,1.99,100767.0,622.0,500.7
UMRH,2/11/2024,400.1,406.7,395.1,397.5,-0.62,47762.0,622.0,500.7
UMRH,2/12/2024,405.4,405.4,392.2,400.0,0.63,56171.0,622.0,500.7
UMRH,2/13/2024,400.0,402.0,387.0,391.0,-2.25,101657.0,622.0,500.7
UMRH,2/14/2024,387.0,400.0,386.3,393.0,0.51,64488.0,622.0,500.7
UMRH,2/15/2024,400.8,403.0,393.0,395.0,0.51,147048.0,622.0,500.7
UMRH,2/18/2024,375.0,387.9,375.0,380.9,-3.57,113350.0,622.0,500.7
UMRH,2/20/2024,380.3,385.0,371.1,373.9,-1.84,57720.0,622.0,500.7
UMRH,2/21/2024,379.9,382.0,372.0,372.0,-0.51,32746.0,622.0,500.7
UMRH,2/22/2024,373.0,377.0,357.0,358.0,-3.76,35382.0,622.0,500.7
UMRH,2/25/2024,356.1,372.0,352.0,358.9,0.25,49577.0,622.0,500.7
UMRH,2/26/2024,362.0,368.9,356.0,365.9,1.95,44083.0,622.0,500.7
UMRH,2/27/2024,373.2,373.2,361.7,366.0,0.03,42638.0,622.0,500.7
UMRH,2/28/2024,372.0,380.0,361.3,364.0,-0.55,54132.0,622.0,500.7
UMRH,2/29/2024,361.0,365.0,347.0,347.1,-4.64,28554.0,622.0,500.7
UMRH,3/3/2024,345.0,361.7,341.0,346.5,-0.17,22145.0,622.0,500.7
UMRH,3/4/2024,353.4,381.0,353.4,380.0,9.67,1860.0,622.0,500.7
UMRH,3/5/2024,387.0,387.0,359.0,359.0,-5.53,56143.0,622.0,500.7
UMRH,3/6/2024,365.0,370.0,354.0,363.8,1.34,31190.0,622.0,500.7
UMRH,3/7/2024,371.0,375.0,363.0,363.1,-0.19,86698.0,622.0,500.7
UMRH,3/10/2024,370.3,376.0,366.8,371.5,2.31,57896.0,622.0,500.7
UMRH,3/12/2024,373.5,378.9,365.0,372.9,0.38,35918.0,622.0,500.7
UMRH,3/13/2024,368.0,376.0,365.0,369.0,-1.05,35517.0,622.0,500.7
UMRH,3/14/2024,365.0,375.0,360.0,364.0,-1.36,38653.0,622.0,500.7
UMRH,3/17/2024,370.8,370.8,357.2,358.0,-1.65,17956.0,622.0,500.7
UMRH,3/18/2024,355.0,364.7,355.0,364.7,1.87,26146.0,622.0,500.7
UMRH,3/19/2024,364.0,370.0,360.0,360.0,-1.29,28918.0,622.0,500.7
UMRH,3/20/2024,367.0,367.0,355.5,357.3,-0.75,13987.0,622.0,500.7
UMRH,3/21/2024,364.0,364.0,349.0,349.0,-2.32,25604.0,622.0,500.7
UMRH,3/25/2024,343.2,350.0,343.1,345.2,-1.09,19693.0,622.0,500.7
UMRH,3/26/2024,352.1,359.0,346.0,356.9,3.39,12634.0,622.0,500.7
UMRH,3/27/2024,360.0,363.0,353.0,353.1,-1.06,31960.0,622.0,500.7
UMRH,3/28/2024,352.5,360.0,352.0,354.1,0.28,23116.0,622.0,500.7
UMRH,3/31/2024,352.1,365.0,352.1,361.5,2.09,61391.0,622.0,500.7
UMRH,4/1/2024,357.1,363.9,357.0,358.7,-0.77,23332.0,622.0,500.7
UMRH,4/2/2024,358.1,361.0,354.0,355.0,-1.03,11739.0,622.0,500.7
UMRH,4/3/2024,361.0,361.0,348.1,354.0,-0.28,29349.0,622.0,500.7
UMRH,4/4/2024,354.0,358.6,347.0,347.1,-1.95,12745.0,622.0,500.7
UMRH,4/7/2024,344.0,352.0,344.0,348.2,0.32,16855.0,622.0,500.7
UMRH,4/9/2024,355.0,362.0,351.0,351.0,0.8,20287.0,622.0,500.7
UMRH,4/10/2024,357.5,362.9,351.2,354.1,0.88,72403.0,622.0,500.7
UMRH,4/14/2024,347.1,361.0,347.1,351.9,-0.62,14982.0,622.0,500.7
UMRH,4/15/2024,358.9,358.9,347.0,348.8,-0.88,14646.0,622.0,500.7
UMRH,4/16/2024,350.0,354.8,345.0,347.8,-0.29,30558.0,622.0,500.7
UMRH,4/18/2024,350.0,350.0,340.0,340.5,-2.1,11280.0,622.0,500.7
UMRH,4/21/2024,347.0,347.0,333.2,343.0,0.73,16658.0,622.0,500.7
UMRH,4/22/2024,349.8,349.8,337.1,337.1,-1.72,12371.0,622.0,500.7
UMRH,4/24/2024,342.0,345.0,332.1,337.0,-0.03,8841.0,622.0,500.7
UMRH,4/25/2024,337.0,343.0,332.0,332.0,-1.48,17739.0,622.0,500.7
UMRH,4/28/2024,329.2,338.0,327.4,332.0,0.0,16995.0,622.0,500.7
UMRH,4/29/2024,338.6,345.3,331.5,337.0,1.51,12477.0,622.0,500.7
UMRH,4/30/2024,342.0,346.0,335.1,345.0,2.37,20377.0,622.0,500.7
UMRH,5/2/2024,348.5,348.5,338.0,339.7,-1.54,14918.0,622.0,500.7
UMRH,5/5/2024,341.0,341.0,329.0,330.0,-2.86,16963.0,622.0,500.7
UMRH,5/6/2024,336.6,336.6,325.0,330.0,0.0,12342.0,622.0,500.7
UMRH,5/7/2024,336.6,336.6,330.0,330.1,0.03,9106.0,622.0,500.7
UMRH,5/8/2024,335.0,335.0,328.3,330.0,-0.03,4850.0,622.0,500.7
UMRH,5/9/2024,336.0,336.0,326.3,330.0,0.0,18302.0,622.0,500.7
UMRH,5/12/2024,335.0,347.0,331.1,335.0,1.52,9100.0,622.0,500.7
UMRH,5/13/2024,341.0,341.0,331.1,337.5,0.75,3438.0,622.0,500.7
UMRH,5/14/2024,344.0,360.0,336.8,355.0,5.19,67699.0,622.0,500.7
UMRH,5/15/2024,362.0,366.0,353.0,355.0,0.0,55555.0,622.0,500.7
UMRH,5/16/2024,355.0,361.0,350.0,356.1,0.31,22783.0,622.0,500.7
UMRH,5/19/2024,363.2,363.2,355.0,359.5,0.95,34481.0,622.0,500.7
UMRH,5/20/2024,366.0,373.3,358.6,358.6,-0.25,23490.0,622.0,500.7
UMRH,5/21/2024,365.6,383.0,360.0,376.5,4.99,153513.0,622.0,500.7
UMRH,5/22/2024,384.0,388.0,368.2,369.0,-1.99,76606.0,622.0,500.7
UMRH,5/26/2024,370.0,375.0,360.0,363.0,-1.63,33733.0,622.0,500.7
UMRH,5/27/2024,363.0,370.0,361.9,364.2,0.33,35756.0,622.0,500.7
UMRH,5/29/2024,371.4,375.0,356.3,360.0,-1.15,51210.0,622.0,500.7
UMRH,5/30/2024,366.7,373.9,357.0,365.0,1.39,44330.0,622.0,500.7
UMRH,6/2/2024,370.9,373.2,362.2,370.0,1.37,53352.0,622.0,500.7
UMRH,6/3/2024,375.0,381.8,370.0,370.0,0.0,107608.0,622.0,500.7
UMRH,6/4/2024,377.0,377.0,365.1,369.0,-0.27,38764.0,622.0,500.7
UMRH,6/5/2024,369.0,369.0,362.0,364.0,-1.36,29320.0,622.0,500.7
UMRH,6/6/2024,364.0,371.0,361.1,363.1,-0.25,38775.0,622.0,500.7
UMRH,6/9/2024,370.2,392.0,363.3,391.9,7.93,186839.0,622.0,500.7
UMRH,6/10/2024,398.0,415.0,394.0,404.9,3.32,307397.0,622.0,500.7
UMRH,6/11/2024,412.0,412.5,403.0,406.2,0.32,107969.0,622.0,500.7
UMRH,6/12/2024,400.0,439.5,400.0,420.0,3.4,243304.0,622.0,500.7
UMRH,6/13/2024,428.4,430.0,411.7,415.2,-1.14,163416.0,622.0,500.7
UMRH,6/16/2024,421.0,438.0,417.9,425.0,2.36,180821.0,622.0,500.7
UMRH,6/18/2024,425.0,428.0,416.9,416.9,-1.91,116746.0,622.0,500.7
UMRH,6/19/2024,415.0,422.0,414.3,414.4,-0.6,57607.0,622.0,500.7
UMRH,6/20/2024,421.7,421.7,404.0,404.1,-2.49,61295.0,622.0,500.7
UMRH,6/23/2024,404.0,412.0,400.0,400.1,-0.99,61613.0,622.0,500.7
UMRH,6/24/2024,408.1,409.0,401.3,408.0,1.97,50101.0,622.0,500.7
UMRH,6/25/2024,414.0,422.0,408.0,414.2,1.52,75871.0,622.0,500.7
UMRH,6/26/2024,422.4,427.0,415.0,420.0,1.4,138614.0,622.0,500.7
UMRH,6/27/2024,422.0,440.0,420.0,435.6,3.71,279871.0,622.0,500.7
UMRH,6/30/2024,437.0,452.0,437.0,442.0,1.47,233263.0,622.0,500.7
UMRH,7/1/2024,442.0,448.8,436.0,441.9,-0.02,189669.0,622.0,500.7
UMRH,7/2/2024,450.7,475.0,440.0,445.0,0.7,237511.0,622.0,500.7
UMRH,7/3/2024,441.0,445.0,432.0,435.0,-2.25,103354.0,622.0,500.7
UMRH,7/4/2024,442.0,442.0,430.0,430.0,-1.15,109307.0,622.0,500.7
UMRH,7/7/2024,435.0,437.0,424.0,428.0,-0.47,91448.0,622.0,500.7
UMRH,7/8/2024,423.0,430.0,420.0,426.9,-0.26,47057.0,622.0,500.7
UMRH,7/9/2024,430.0,430.0,421.7,422.0,-1.15,32963.0,622.0,500.7
UMRH,7/10/2024,413.6,437.0,413.6,426.0,0.95,62568.0,622.0,500.7
UMRH,7/11/2024,433.8,438.0,426.2,432.0,1.41,82999.0,622.0,500.7
UMRH,7/14/2024,440.6,448.0,430.0,436.9,1.13,75820.0,622.0,500.7
UMRH,7/15/2024,445.6,445.6,426.0,430.0,-1.58,83031.0,622.0,500.7
UMRH,7/16/2024,437.0,452.0,429.2,449.2,4.47,152572.0,622.0,500.7
UMRH,7/17/2024,457.9,457.9,443.0,447.4,-0.4,113398.0,622.0,500.7
UMRH,7/18/2024,456.0,456.0,435.0,439.9,-1.68,151338.0,622.0,500.7
UMRH,7/21/2024,445.0,452.0,433.0,441.0,0.25,173636.0,622.0,500.7
UMRH,7/22/2024,449.8,469.0,440.0,454.0,2.95,212385.0,622.0,500.7
UMRH,7/23/2024,463.0,474.9,456.0,471.0,3.74,269275.0,622.0,500.7
UMRH,7/24/2024,480.0,480.0,455.0,459.0,-2.55,183200.0,622.0,500.7
UMRH,7/25/2024,468.1,468.1,449.8,452.0,-1.53,136592.0,622.0,500.7
UMRH,7/28/2024,461.0,469.9,448.0,455.0,0.66,107002.0,622.0,500.7
UMRH,7/29/2024,463.0,472.0,449.0,449.0,-1.32,133562.0,622.0,500.7
UMRH,7/30/2024,440.1,478.9,440.1,477.0,6.24,248994.0,622.0,500.7
UMRH,7/31/2024,477.0,494.5,476.1,486.0,1.89,164496.0,622.0,500.7
UMRH,8/1/2024,493.9,493.9,466.0,467.5,-3.81,120883.0,622.0,500.7
UMRH,8/5/2024,475.5,510.0,461.0,508.9,8.86,333168.0,622.0,500.7
UMRH,8/6/2024,519.0,539.0,493.0,499.8,-1.79,344492.0,622.0,500.7
UMRH,8/7/2024,500.0,540.1,499.0,539.0,7.84,222915.0,622.0,500.7
UMRH,8/8/2024,549.7,554.6,527.0,530.4,-1.6,181562.0,622.0,500.7
UMRH,8/11/2024,536.0,583.4,536.0,583.4,9.99,304716.0,622.0,500.7
UMRH,8/12/2024,595.0,628.0,570.1,583.1,-0.05,261332.0,622.0,500.7
UMRH,8/13/2024,594.7,594.7,568.0,569.0,-2.42,144878.0,622.0,500.7
UMRH,8/14/2024,570.0,583.4,561.0,583.0,2.46,147676.0,622.0,500.7
UMRH,8/15/2024,594.6,598.0,568.0,568.0,-2.57,157739.0,622.0,500.7
UMRH,8/18/2024,571.0,571.1,525.0,540.0,-4.93,121066.0,622.0,500.7
UMRH,8/21/2024,537.0,561.0,529.2,539.9,-0.02,64867.0,622.0,500.7
UMRH,8/22/2024,539.9,556.0,531.0,540.0,0.02,108481.0,622.0,500.7
UMRH,8/25/2024,550.7,550.7,514.0,514.0,-4.81,61842.0,622.0,500.7
UMRH,8/27/2024,510.0,524.0,496.0,499.0,-2.92,88720.0,622.0,500.7
UMRH,8/28/2024,508.9,518.9,488.5,500.0,0.2,71416.0,622.0,500.7
UMRH,8/29/2024,498.0,507.0,487.0,493.0,-1.4,62878.0,622.0,500.7
UMRH,9/1/2024,493.0,510.0,488.0,488.0,-1.01,36644.0,622.0,500.7
UMRH,9/2/2024,488.0,511.0,488.0,507.1,3.91,65278.0,622.0,500.7
UMRH,9/3/2024,517.2,520.0,504.0,508.0,0.18,60241.0,622.0,500.7
UMRH,9/4/2024,510.0,518.0,485.0,487.0,-4.13,48245.0,622.0,500.7
UMRH,9/5/2024,478.1,489.0,467.0,480.0,-1.44,40949.0,622.0,500.7
UMRH,9/8/2024,488.0,488.0,470.0,471.0,-1.88,18389.0,622.0,500.7
UMRH,9/9/2024,471.0,471.0,450.0,453.0,-3.82,52367.0,622.0,500.7
UMRH,9/10/2024,453.0,462.0,439.2,450.0,-0.66,62562.0,622.0,500.7
UMRH,9/11/2024,457.0,457.0,440.0,441.0,-2.0,35203.0,622.0,500.7
UMRH,9/12/2024,441.0,479.0,441.0,479.0,8.62,50359.0,622.0,500.7
UMRH,9/15/2024,470.0,486.0,450.0,455.0,-5.01,52421.0,622.0,500.7
UMRH,9/16/2024,446.1,454.0,441.0,449.9,-1.12,44944.0,622.0,500.7
UMRH,9/18/2024,445.1,458.8,445.0,445.0,-1.09,33810.0,622.0,500.7
UMRH,9/22/2024,453.0,462.9,442.1,447.8,0.63,17522.0,622.0,500.7
UMRH,9/23/2024,449.0,449.0,429.0,434.0,-3.08,20371.0,622.0,500.7
UMRH,9/24/2024,432.0,440.0,420.1,423.9,-2.33,21411.0,622.0,500.7
UMRH,9/25/2024,417.0,436.0,417.0,436.0,2.85,19221.0,622.0,500.7
UMRH,9/26/2024,444.0,444.0,428.1,429.0,-1.61,24578.0,622.0,500.7
UMRH,9/29/2024,427.0,427.0,407.7,415.0,-3.26,41520.0,622.0,500.7
UMRH,9/30/2024,406.9,423.0,406.7,422.0,1.69,17292.0,622.0,500.7
UMRH,10/1/2024,430.0,455.0,414.0,452.0,7.11,49793.0,622.0,500.7
UMRH,10/2/2024,460.0,460.0,442.0,445.0,-1.55,41720.0,622.0,500.7
UMRH,10/6/2024,445.0,465.0,443.0,460.0,3.37,25530.0,622.0,500.7
UMRH,10/7/2024,469.2,485.9,462.0,465.0,1.09,36541.0,622.0,500.7
UMRH,10/8/2024,465.0,467.5,449.0,454.7,-2.22,23917.0,622.0,500.7
UMRH,10/9/2024,460.0,460.0,446.0,452.0,-0.59,11112.0,622.0,500.7
UMRH,10/15/2024,461.0,469.9,443.0,465.1,2.9,13277.0,622.0,500.7
UMRH,10/16/2024,474.4,490.6,455.8,483.1,3.87,36722.0,622.0,500.7
UMRH,10/17/2024,492.7,502.0,477.0,481.2,-0.39,43720.0,622.0,500.7
UMRH,10/20/2024,472.1,496.9,467.2,479.9,-0.27,59876.0,622.0,500.7
UMRH,10/21/2024,472.1,480.0,462.1,464.0,-3.31,23995.0,622.0,500.7
UMRH,10/22/2024,468.0,476.9,463.1,476.9,2.78,24280.0,622.0,500.7
UMRH,10/23/2024,475.0,482.9,470.0,475.0,-0.4,22876.0,622.0,500.7
UMRH,10/24/2024,482.0,482.0,460.0,468.0,-1.47,15139.0,622.0,500.7
UMRH,10/27/2024,463.0,486.0,461.2,485.0,3.63,23256.0,622.0,500.7
UMRH,10/28/2024,480.0,488.0,480.0,488.0,0.62,14840.0,622.0,500.7
UMRH,10/29/2024,490.0,502.0,486.0,495.0,1.43,39436.0,622.0,500.7
UMRH,10/30/2024,502.5,507.0,495.0,495.0,0.0,56318.0,622.0,500.7
UMRH,11/5/2024,485.2,514.9,485.2,491.5,-0.71,8971.0,622.0,500.7
UMRH,11/6/2024,501.3,501.3,485.0,492.9,0.28,22424.0,622.0,500.7
UMRH,11/10/2024,499.9,512.0,494.0,506.1,2.68,38588.0,622.0,500.7
UMRH,11/11/2024,516.0,520.1,500.0,509.9,0.75,88698.0,622.0,500.7
UMRH,11/12/2024,510.0,549.7,505.0,533.1,4.55,112442.0,622.0,500.7
UMRH,11/13/2024,539.0,539.0,522.0,530.0,-0.58,25868.0,622.0,500.7
UMRH,11/14/2024,528.0,540.0,523.3,526.0,-0.75,45632.0,622.0,500.7
UMRH,11/17/2024,536.0,548.0,524.5,536.5,2.0,99036.0,622.0,500.7
UMRH,11/19/2024,543.0,545.5,515.0,519.0,-3.26,123742.0,622.0,500.7
UMRH,11/20/2024,521.0,561.0,517.0,535.0,3.08,88261.0,622.0,500.7
UMRH,11/21/2024,536.2,545.0,525.0,525.0,-1.87,62473.0,622.0,500.7
UMRH,11/24/2024,535.5,554.0,526.0,530.0,0.95,109683.0,622.0,500.7
UMRH,11/25/2024,540.6,540.6,528.0,534.0,0.75,62421.0,622.0,500.7
UMRH,11/26/2024,544.0,587.4,540.0,587.4,10.0,319838.0,622.0,500.7
UMRH,11/27/2024,599.1,632.0,580.8,620.0,5.55,309048.0,622.0,500.7
UMRH,11/28/2024,620.0,640.4,619.9,631.0,1.77,291226.0,622.0,500.7
UMRH,12/1/2024,618.4,669.0,613.0,654.9,3.79,299731.0,622.0,500.7
UMRH,12/2/2024,655.0,667.0,642.0,643.0,-1.82,248590.0,622.0,500.7
UMRH,12/3/2024,655.6,677.0,647.4,669.4,4.11,238015.0,622.0,500.7
UMRH,12/4/2024,670.0,699.8,662.0,673.0,0.54,203592.0,622.0,500.7
UMRH,12/5/2024,673.0,683.0,660.1,669.0,-0.59,144049.0,622.0,500.7
UMRH,12/8/2024,680.0,680.0,627.0,644.0,-3.74,158821.0,622.0,500.7
UMRH,12/9/2024,650.0,660.0,640.0,648.0,0.62,156827.0,622.0,500.7
UMRH,12/10/2024,660.0,660.0,641.1,643.9,-0.63,55997.0,622.0,500.7
UMRH,12/11/2024,654.0,658.9,640.1,651.8,1.23,79180.0,622.0,500.7
UMRH,12/12/2024,642.0,675.0,642.0,650.0,-0.28,202991.0,622.0,500.7
UMRH,12/16/2024,661.0,661.0,622.1,626.1,-3.68,99185.0,622.0,500.7
UMRH,12/17/2024,620.0,640.0,620.0,637.5,1.82,80409.0,622.0,500.7
UMRH,12/18/2024,635.0,647.0,623.0,623.2,-2.24,50405.0,622.0,500.7
UMRH,12/19/2024,632.0,632.0,609.0,612.0,-1.8,43385.0,622.0,500.7
UMRH,12/22/2024,624.0,625.0,600.1,618.0,0.98,56427.0,622.0,500.7
UMRH,12/23/2024,605.7,642.6,605.7,639.0,3.4,85417.0,622.0,500.7
UMRH,12/24/2024,630.0,649.4,627.0,637.0,-0.31,78867.0,622.0,500.7
UMRH,12/26/2024,645.0,645.0,613.2,619.0,-2.83,41871.0,622.0,500.7
UMRH,12/29/2024,629.0,631.0,607.0,610.0,-1.45,61682.0,622.0,500.7
UMRH,12/31/2024,622.2,622.2,587.5,597.4,-2.07,39804.0,622.0,500.7
UMRH,1/1/2025,608.0,615.0,600.0,606.0,1.44,28702.0,622.0,500.7
UMRH,1/2/2025,618.0,619.8,605.0,616.0,1.65,57631.0,622.0,500.7
UMRH,1/5/2025,623.0,637.0,616.0,630.0,2.27,57050.0,622.0,500.7
UMRH,1/6/2025,642.0,653.0,633.0,646.0,2.54,125550.0,622.0,500.7
UMRH,1/7/2025,633.1,669.0,633.1,658.0,1.86,125595.0,622.0,500.7
UMRH,1/8/2025,644.9,681.0,644.9,669.0,1.67,148679.0,622.0,500.7
UMRH,1/9/2025,682.3,682.3,660.0,664.0,-0.75,92503.0,622.0,500.7
UMRH,1/12/2025,677.0,677.0,653.0,657.0,-1.05,50174.0,622.0,500.7
UMRH,1/13/2025,650.0,669.1,632.1,637.9,-2.91,81263.0,622.0,500.7
UMRH,1/15/2025,644.0,660.0,635.0,645.0,1.11,58696.0,622.0,500.7
UMRH,1/16/2025,656.0,656.0,637.1,638.0,-1.09,30811.0,622.0,500.7
UMRH,1/19/2025,650.0,650.0,638.0,639.9,0.3,73391.0,622.0,500.7
UMRH,1/20/2025,652.0,663.0,643.0,648.5,1.34,59439.0,622.0,500.7
UMRH,1/21/2025,660.0,661.4,642.0,652.0,0.54,58581.0,622.0,500.7
UMRH,1/22/2025,659.0,659.1,639.0,646.2,-0.89,87544.0,622.0,500.7
UMRH,1/23/2025,659.1,698.0,659.1,694.0,7.4,285729.0,622.0,500.7
UMRH,1/26/2025,682.0,735.0,682.0,722.0,4.03,229011.0,622.0,500.7
UMRH,1/27/2025,725.0,730.0,699.0,712.0,-1.39,165929.0,622.0,500.7
UMRH,1/28/2025,726.2,740.0,701.1,735.0,3.23,204935.0,622.0,500.7
UMRH,2/2/2025,740.0,760.0,724.3,727.0,-1.09,155401.0,622.0,500.7
UMRH,2/3/2025,741.5,750.0,710.0,715.0,-1.65,134410.0,622.0,500.7
UMRH,2/4/2025,729.0,729.0,715.0,720.0,0.7,118778.0,622.0,500.7
UMRH,2/5/2025,733.0,733.0,721.1,728.0,1.11,95056.0,622.0,500.7
UMRH,2/6/2025,742.0,751.0,713.0,713.0,-2.06,85213.0,622.0,500.7
UMRH,2/9/2025,713.0,740.0,700.0,708.0,-0.7,104255.0,622.0,500.7
UMRH,2/10/2025,718.0,718.0,695.0,709.5,0.21,148201.0,622.0,500.7
UMRH,2/11/2025,696.0,720.0,696.0,715.0,0.78,112218.0,622.0,500.7
UMRH,2/12/2025,725.0,730.0,710.0,730.0,2.1,94061.0,622.0,500.7
UMRH,2/13/2025,735.0,745.0,725.2,740.0,1.37,152157.0,622.0,500.7
UMRH,2/16/2025,746.5,754.0,736.0,749.8,1.32,167670.0,622.0,500.7
UMRH,2/17/2025,762.0,790.0,742.0,763.2,1.79,229413.0,622.0,500.7
UMRH,2/18/2025,775.0,778.4,743.0,754.0,-1.21,168268.0,622.0,500.7
UMRH,2/20/2025,739.0,753.7,737.0,738.0,-2.12,158648.0,622.0,500.7
UMRH,2/23/2025,725.1,738.0,718.0,721.9,-2.18,108197.0,622.0,500.7
UMRH,2/24/2025,735.0,750.0,706.1,732.3,1.44,91298.0,622.0,500.7
UMRH,2/25/2025,740.0,740.0,703.0,705.0,-3.73,75257.0,622.0,500.7
UMRH,2/27/2025,719.0,725.2,705.0,713.0,1.13,246247.0,622.0,500.7
UMRH,3/2/2025,715.0,743.8,710.0,720.0,0.98,89326.0,622.0,500.7
UMRH,3/3/2025,733.0,733.0,700.2,707.0,-1.81,61194.0,622.0,500.7
UMRH,3/4/2025,716.0,716.0,691.0,702.8,-0.59,84453.0,622.0,500.7
UMRH,3/5/2025,714.0,714.0,695.2,706.8,0.57,52406.0,622.0,500.7
UMRH,3/6/2025,710.0,719.8,695.0,709.0,0.31,46659.0,622.0,500.7
UMRH,3/9/2025,682.0,694.4,657.0,670.0,-5.5,36091.0,622.0,500.7
UMRH,3/10/2025,683.0,683.0,654.0,666.0,-0.6,40620.0,622.0,500.7
UMRH,3/11/2025,667.0,670.0,653.2,657.9,-1.22,51290.0,622.0,500.7
UMRH,3/12/2025,658.0,665.0,653.0,660.0,0.32,20632.0,622.0,500.7
UMRH,3/16/2025,668.0,670.0,642.0,646.0,-2.12,49029.0,622.0,500.7
UMRH,3/17/2025,654.0,658.9,633.9,635.0,-1.7,29180.0,622.0,500.7
UMRH,3/18/2025,646.9,647.5,636.2,639.9,0.77,33188.0,622.0,500.7
UMRH,3/19/2025,627.2,665.0,627.2,643.9,0.63,40457.0,622.0,500.7
UMRH,3/20/2025,656.7,656.7,630.0,638.77,-0.8,27776.0,622.0,500.7
UMRH,3/23/2025,626.0,650.0,625.0,625.2,-2.12,126785.0,622.0,500.7
UMRH,3/24/2025,637.0,637.0,612.7,626.85,0.26,18911.0,622.0,500.7
UMRH,3/25/2025,637.8,637.9,586.1,587.62,-6.26,19875.0,622.0,500.7
UMRH,3/26/2025,598.0,618.0,586.1,611.33,4.03,34229.0,622.0,500.7
UMRH,3/27/2025,601.2,625.2,601.2,613.5,0.35,34564.0,622.0,500.7
UMRH,3/30/2025,625.0,630.0,607.0,620.11,1.08,30728.0,622.0,500.7
UMRH,4/1/2025,632.0,632.0,605.2,608.21,-1.92,21902.0,622.0,500.7
UMRH,4/2/2025,620.3,620.3,605.1,611.04,0.47,15596.0,622.0,500.7
UMRH,4/3/2025,623.0,623.0,601.0,609.86,-0.19,22484.0,622.0,500.7
UMRH,4/7/2025,620.0,621.9,596.9,597.61,-2.01,17493.0,622.0,500.7
UMRH,4/8/2025,609.5,609.5,588.0,597.06,-0.09,29602.0,622.0,500.7
UMRH,4/9/2025,608.0,608.0,591.0,594.91,-0.36,16911.0,622.0,500.7
UMRH,4/10/2025,600.0,605.0,590.5,593.63,-0.22,19562.0,622.0,500.7
UMRH,4/13/2025,590.5,604.0,590.0,592.87,-0.13,19394.0,622.0,500.7
UMRH,4/15/2025,604.7,609.9,581.1,600.07,1.21,18126.0,622.0,500.7
UMRH,4/16/2025,594.2,609.9,593.0,605.85,0.96,21393.0,622.0,500.7
UMRH,4/17/2025,605.0,649.0,605.0,631.73,4.27,50134.0,622.0,500.7
UMRH,4/20/2025,640.6,640.6,612.5,614.83,-2.68,25061.0,622.0,500.7
UMRH,4/21/2025,615.0,625.0,608.0,614.26,-0.09,24214.0,622.0,500.7
UMRH,4/22/2025,602.0,626.0,602.0,606.84,-1.21,22398.0,622.0,500.7
UMRH,4/23/2025,595.0,624.0,595.0,601.09,-0.95,13486.0,622.0,500.7
UMRH,4/24/2025,589.1,605.0,589.1,597.27,-0.64,32914.0,622.0,500.7
UMRH,4/27/2025,586.0,612.0,586.0,588.95,-1.39,18681.0,622.0,500.7
UMRH,4/28/2025,599.0,599.0,578.0,580.27,-1.47,24953.0,622.0,500.7
UMRH,4/29/2025,576.0,590.0,570.0,573.67,-1.14,27793.0,622.0,500.7
UMRH,4/30/2025,565.7,590.0,565.7,577.15,0.61,26821.0,622.0,500.7
UMRH,5/4/2025,588.6,595.7,570.0,572.8,-0.75,24975.0,622.0,500.7
UMRH,5/5/2025,584.0,584.0,566.5,567.25,-0.97,8791.0,622.0,500.7
UMRH,5/6/2025,560.2,576.0,560.2,570.05,0.49,14172.0,622.0,500.7
UMRH,5/7/2025,570.0,595.6,566.1,585.54,2.72,30546.0,622.0,500.7
UMRH,5/8/2025,597.2,597.2,575.0,581.53,-0.68,31213.0,622.0,500.7
UMRH,5/11/2025,569.9,592.8,569.9,573.65,-1.36,18140.0,622.0,500.7
UMRH,5/13/2025,575.0,584.9,565.1,566.31,-1.28,23046.0,622.0,500.7
UMRH,5/14/2025,577.6,600.8,564.0,564.74,-0.28,12789.0,622.0,500.7
UMRH,5/15/2025,576.0,576.0,555.0,556.38,-1.48,10655.0,622.0,500.7
UMRH,5/18/2025,567.5,567.5,551.1,552.43,-0.71,6903.0,622.0,500.7
UMRH,5/19/2025,542.0,567.9,540.0,550.81,-0.29,17886.0,622.0,500.7
UMRH,5/20/2025,560.0,569.0,543.1,566.36,2.82,12750.0,622.0,500.7
UMRH,5/21/2025,577.6,600.0,560.0,560.67,-1.0,14926.0,622.0,500.7
UMRH,5/22/2025,549.5,574.5,549.5,553.46,-1.29,24273.0,622.0,500.7
UMRH,5/25/2025,543.0,565.0,543.0,549.21,-0.77,9232.0,622.0,500.7
UMRH,5/26/2025,560.0,582.0,551.3,555.57,1.16,9202.0,622.0,500.7
UMRH,5/27/2025,544.5,565.9,544.5,553.02,-0.46,10257.0,622.0,500.7
UMRH,5/28/2025,542.0,565.0,542.0,559.33,1.14,20473.0,622.0,500.7
UMRH,6/2/2025,548.2,574.2,548.2,563.59,0.76,19685.0,622.0,500.7
UMRH,6/3/2025,574.8,574.8,552.2,554.15,-1.67,6872.0,622.0,500.7
UMRH,6/4/2025,543.1,575.0,543.1,551.14,-0.54,9046.0,622.0,500.7
UMRH,6/5/2025,540.2,562.9,540.2,558.57,1.35,9176.0,622.0,500.7
UMRH,6/8/2025,558.6,560.0,549.1,552.52,-1.08,19106.0,622.0,500.7
UMRH,6/9/2025,560.0,585.0,550.0,575.55,4.17,41855.0,622.0,500.7
UMRH,6/10/2025,587.0,587.0,570.0,570.86,-0.81,18222.0,622.0,500.7
UMRH,6/11/2025,574.0,602.0,561.1,595.96,4.4,40346.0,622.0,500.7
UMRH,6/12/2025,607.8,645.5,607.0,617.2,3.56,128211.0,622.0,500.7
UMRH,6/15/2025,618.2,629.5,607.0,608.25,-1.45,59637.0,622.0,500.7
UMRH,6/16/2025,614.0,626.0,596.2,599.11,-1.5,85118.0,622.0,500.7
UMRH,6/17/2025,600.0,611.5,589.0,592.82,-1.05,25529.0,622.0,500.7
UMRH,6/18/2025,600.0,603.5,580.0,581.21,-1.96,38318.0,622.0,500.7
UMRH,6/19/2025,581.0,598.6,570.0,590.11,1.53,34181.0,622.0,500.7
UMRH,6/22/2025,590.0,593.0,570.5,573.05,-2.89,18943.0,622.0,500.7
UMRH,6/23/2025,584.0,584.5,572.0,573.02,-0.01,27650.0,622.0,500.7
UMRH,6/24/2025,584.4,584.4,573.1,575.49,0.43,10650.0,622.0,500.7
UMRH,6/25/2025,575.0,586.9,575.0,580.14,0.81,15159.0,622.0,500.7
UMRH,6/26/2025,588.8,606.0,581.0,587.35,1.24,42751.0,622.0,500.7
UMRH,6/29/2025,581.0,599.0,581.0,593.67,1.08,33987.0,622.0,500.7
UMRH,6/30/2025,593.0,604.0,582.0,585.27,-1.41,14285.0,622.0,500.7
UMRH,7/1/2025,577.1,590.0,577.1,584.62,-0.11,8035.0,622.0,500.7
UMRH,7/2/2025,582.1,606.0,582.1,587.56,0.5,28287.0,622.0,500.7
UMRH,7/3/2025,582.0,595.2,581.2,583.75,-0.65,22043.0,622.0,500.7
UMRH,7/6/2025,583.0,590.0,578.0,580.63,-0.53,12009.0,622.0,500.7
UMRH,7/7/2025,573.1,585.0,573.1,576.9,-0.64,14276.0,622.0,500.7
UMRH,7/8/2025,572.5,586.0,572.5,581.61,0.82,8297.0,622.0,500.7
UMRH,7/9/2025,588.0,588.0,576.3,583.47,0.32,19252.0,622.0,500.7
UMRH,7/10/2025,583.0,602.0,582.0,593.42,1.71,44275.0,622.0,500.7
UMRH,7/13/2025,605.2,615.0,595.0,600.17,1.14,21416.0,622.0,500.7
UMRH,7/14/2025,593.0,604.0,588.5,589.09,-1.85,13131.0,622.0,500.7
UMRH,7/15/2025,590.0,604.9,588.0,600.52,1.94,13924.0,622.0,500.7
UMRH,7/16/2025,606.0,616.9,601.0,611.69,1.86,47726.0,622.0,500.7
UMRH,7/17/2025,619.8,633.9,619.8,625.6,2.27,45441.0,622.0,500.7
UMRH,7/20/2025,638.1,640.0,620.1,635.52,1.59,113805.0,622.0,500.7
UMRH,7/21/2025,632.1,650.0,626.0,632.04,-0.55,54330.0,622.0,500.7
UMRH,7/22/2025,623.1,645.0,623.1,638.16,0.97,34817.0,622.0,500.7
UMRH,7/23/2025,636.0,662.0,628.2,654.15,2.51,75202.0,622.0,500.7
UMRH,7/24/2025,667.2,670.0,656.3,658.5,0.66,59104.0,622.0,500.7
UMRH,7/27/2025,667.9,670.0,641.3,644.12,-2.18,75999.0,622.0,500.7
UMRH,7/28/2025,634.0,661.0,634.0,660.49,2.54,71823.0,622.0,500.7
UMRH,7/29/2025,662.1,673.5,661.4,668.24,1.17,75346.0,622.0,500.7
UMRH,7/30/2025,665.1,675.0,650.0,653.88,-2.15,43996.0,622.0,500.7
UMRH,7/31/2025,646.0,655.0,641.0,643.77,-1.55,58648.0,622.0,500.7
UMRH,8/3/2025,637.1,648.9,620.0,624.02,-3.07,32073.0,622.0,500.7
UMRH,8/4/2025,615.0,630.0,614.0,622.04,-0.32,44534.0,622.0,500.7
UMRH,8/5/2025,630.0,630.0,612.1,617.18,-0.78,28225.0,622.0,500.7
UMRH,8/6/2025,617.0,633.0,614.0,629.62,2.02,45227.0,622.0,500.7
UMRH,8/7/2025,630.0,635.0,626.0,627.71,-0.3,28242.0,622.0,500.7
UMRH,8/11/2025,626.0,630.0,618.1,620.61,-1.13,24716.0,622.0,500.7
UMRH,8/12/2025,617.0,626.8,617.0,623.13,0.41,26417.0,622.0,500.7
UMRH,8/13/2025,624.0,631.0,622.2,628.62,0.88,21930.0,622.0,500.7
UMRH,8/14/2025,628.0,634.0,622.0,629.84,0.19,36514.0,622.0,500.7
UMRH,8/17/2025,642.4,649.8,634.0,639.01,1.46,88501.0,622.0,500.7
UMRH,8/18/2025,630.0,652.0,630.0,646.26,1.13,41110.0,622.0,500.7
UMRH,8/19/2025,659.1,659.1,637.0,653.97,1.19,60246.0,622.0,500.7
UMRH,8/20/2025,666.5,666.5,628.0,633.79,-3.09,41594.0,622.0,500.7
UMRH,8/21/2025,630.0,635.0,620.0,622.19,-1.83,28037.0,622.0,500.7
UMRH,8/24/2025,622.2,628.9,605.5,606.85,-2.47,25719.0,622.0,500.7
UMRH,8/25/2025,601.0,610.0,586.0,604.81,-0.34,19016.0,622.0,500.7
UMRH,8/26/2025,600.0,615.0,596.3,606.44,0.27,17268.0,622.0,500.7
UMRH,8/27/2025,603.1,618.0,603.1,610.12,0.61,32666.0,622.0,500.7
UMRH,8/28/2025,621.0,621.0,600.9,601.71,-1.38,28236.0,622.0,500.7
UMRH,8/31/2025,592.1,610.0,587.8,591.32,-1.73,36046.0,622.0,500.7
UMRH,9/1/2025,585.2,597.8,585.2,593.95,0.44,11335.0,622.0,500.7
UMRH,9/2/2025,590.0,594.9,586.7,590.83,-0.53,9416.0,622.0,500.7
UMRH,9/3/2025,583.0,595.0,583.0,587.9,-0.5,15226.0,622.0,500.7
UMRH,9/4/2025,585.0,589.0,576.0,578.97,-1.52,11564.0,622.0,500.7
UMRH,9/7/2025,570.2,590.0,570.2,583.08,0.71,14621.0,622.0,500.7
UMRH,9/8/2025,590.0,590.0,571.5,576.23,-1.17,17919.0,622.0,500.7
UMRH,9/18/2025,587.7,587.7,576.0,576.0,-0.04,110.0,622.0,500.7
UMRH,9/21/2025,564.5,588.0,550.0,579.53,0.61,32270.0,622.0,500.7
UMRH,9/23/2025,580.0,599.0,580.0,598.8,3.33,7388.0,622.0,500.7
UMRH,9/24/2025,590.5,610.0,580.3,593.0,-0.97,18834.0,622.0,500.7
UMRH,9/25/2025,590.0,600.0,585.1,595.0,0.34,9674.0,622.0,500.7
UMRH,9/28/2025,605.0,605.0,590.0,590.0,-0.84,3590.0,622.0,500.7
UMRH,10/7/2025,590.0,590.0,572.4,580.0,-1.69,5022.0,622.0,500.7
UMRH,10/8/2025,570.0,580.0,561.2,564.0,-2.76,5635.0,622.0,500.7
UMRH,10/9/2025,575.0,612.0,569.0,576.9,2.29,8154.0,622.0,500.7
UMRH,10/12/2025,565.4,576.0,536.0,546.0,-5.36,23862.0,622.0,500.7
UMRH,10/13/2025,545.0,555.0,536.1,547.9,0.35,11449.0,622.0,500.7
UMRH,10/14/2025,537.0,546.0,537.0,546.0,-0.35,13122.0,622.0,500.7
UMRH,10/15/2025,536.0,545.0,536.0,539.0,-1.28,4062.0,622.0,500.7
UMRH,10/16/2025,531.0,539.7,529.0,537.4,-0.3,6514.0,622.0,500.7
UMRH,10/19/2025,544.0,549.7,533.2,544.5,1.32,4487.0,622.0,500.7
UMRH,10/26/2025,555.0,555.0,535.2,535.2,-1.71,3881.0,622.0,500.7
UMRH,10/28/2025,535.0,569.0,535.0,568.0,6.13,7335.0,622.0,500.7
UMRH,10/29/2025,579.3,589.9,547.9,565.0,-0.53,17655.0,622.0,500.7
UMRH,10/30/2025,555.0,570.0,549.3,569.0,0.71,8010.0,622.0,500.7
UMRH,11/2/2025,580.3,580.3,570.0,574.5,0.97,9029.0,622.0,500.7
UMRH,11/3/2025,572.3,579.0,567.0,571.0,-0.61,12883.0,622.0,500.7
UMRH,11/4/2025,578.0,579.9,551.0,560.0,-1.93,6251.0,622.0,500.7
UMRH,11/5/2025,560.9,568.0,550.0,568.0,1.43,10095.0,622.0,500.7
UMRH,11/6/2025,557.0,565.0,553.0,553.0,-2.64,6681.0,622.0,500.7
UMRH,11/9/2025,546.4,560.0,546.4,552.5,-0.09,1080.0,622.0,500.7
UMRH,11/10/2025,543.1,558.9,543.1,545.1,-1.34,4886.0,622.0,500.7
UMRH,11/11/2025,546.4,555.0,546.4,551.0,1.08,3120.0,622.0,500.7
UMRH,11/12/2025,546.0,547.1,543.2,543.3,-1.4,2624.0,622.0,500.7
UMRH,11/13/2025,536.0,552.9,535.8,536.0,-1.34,10252.0,622.0,500.7
UMRH,11/16/2025,526.0,547.0,526.0,545.0,1.68,2544.0,622.0,500.7
UMRH,11/17/2025,543.0,551.0,542.0,549.9,0.9,6388.0,622.0,500.7
UMRH,11/18/2025,550.0,560.0,549.0,551.5,0.29,10083.0,622.0,500.7
UMRH,11/19/2025,541.0,559.0,541.0,552.0,0.09,1599.0,622.0,500.7
UMRH,11/20/2025,557.0,559.0,545.9,550.1,-0.34,7390.0,622.0,500.7
UMRH,11/23/2025,561.0,565.0,550.1,559.0,1.62,9961.0,622.0,500.7
UMRH,11/24/2025,562.0,569.9,555.0,565.0,1.07,11128.0,622.0,500.7
UMRH,11/25/2025,565.0,568.0,559.0,568.0,0.53,10732.0,622.0,500.7
UMRH,11/26/2025,560.0,572.0,560.0,570.0,0.35,9095.0,622.0,500.7
UMRH,11/27/2025,570.0,586.0,570.0,583.5,2.37,35910.0,622.0,500.7
UMRH,11/30/2025,581.0,584.9,565.7,565.7,-3.05,14299.0,622.0,500.7
UMRH,12/1/2025,570.0,590.0,560.0,565.3,-0.07,12868.0,622.0,500.7
UMRH,12/2/2025,570.0,579.0,562.5,577.0,2.07,9015.0,622.0,500.7
UMRH,12/3/2025,577.0,583.8,566.2,572.0,-0.87,7708.0,622.0,500.7
UMRH,12/7/2025,570.0,592.0,561.3,569.9,-0.37,17667.0,622.0,500.7
UMRH,12/8/2025,579.6,579.8,561.0,562.5,-1.3,4670.0,622.0,500.7
UMRH,12/9/2025,562.1,566.0,562.0,564.0,0.27,7386.0,622.0,500.7
UMRH,12/10/2025,561.0,575.2,561.0,570.0,1.06,13276.0,622.0,500.7
UMRH,12/11/2025,562.0,572.0,562.0,563.0,-1.23,5407.0,622.0,500.7
UMRH,12/14/2025,555.0,575.0,555.0,565.9,0.52,27580.0,622.0,500.7
UMRH,12/15/2025,565.8,567.0,550.0,556.0,-1.75,8701.0,622.0,500.7
UMRH,12/16/2025,556.0,556.0,546.1,549.0,-1.26,13406.0,622.0,500.7
UMRH,12/17/2025,543.1,560.0,543.1,559.0,1.82,18429.0,622.0,500.7
UMRH,12/18/2025,548.1,560.9,548.1,555.0,-0.72,7444.0,622.0,500.7
UMRH,12/21/2025,554.7,559.9,542.0,544.5,-1.89,31848.0,622.0,500.7
UMRH,12/22/2025,540.1,545.0,534.0,537.0,-1.38,53240.0,622.0,500.7
UMRH,12/23/2025,532.0,547.0,530.4,539.9,0.54,34715.0,622.0,500.7
UMRH,12/24/2025,529.2,546.3,529.2,541.0,0.2,34687.0,622.0,500.7
UMRH,12/28/2025,542.0,552.0,541.0,548.0,1.29,21641.0,622.0,500.7
UMRH,12/29/2025,557.7,557.7,541.4,553.0,0.91,8550.0,622.0,500.7
UMRH,12/31/2025,564.0,564.0,548.0,548.0,-0.9,9579.0,622.0,500.7
UMRH,1/1/2026,558.9,558.9,540.5,545.0,-0.55,4920.0,622.0,500.7
UMRH,1/4/2026,529.0,565.0,529.0,559.0,2.57,81861.0,622.0,500.7
UMRH,1/5/2026,569.9,587.8,561.2,585.0,4.65,66978.0,622.0,500.7
UMRH,1/6/2026,593.9,620.0,569.0,570.0,-2.56,24339.0,622.0,500.7
UMRH,1/7/2026,560.2,591.9,560.2,560.5,-1.67,19981.0,622.0,500.7
UMRH,1/8/2026,551.1,580.0,551.1,568.0,1.34,12167.0,622.0,500.7
UMRH,1/12/2026,576.0,578.8,552.0,559.0,-1.58,23352.0,622.0,500.7
UMRH,1/13/2026,565.0,565.0,553.7,561.8,0.5,27242.0,622.0,500.7
UMRH,1/14/2026,569.0,569.0,550.6,557.0,-0.85,58051.0,622.0,500.7
UMRH,1/18/2026,556.5,563.0,552.0,552.5,-0.81,24692.0,622.0,500.7
UMRH,1/20/2026,563.5,571.0,552.0,563.0,1.9,73776.0,622.0,500.7
UMRH,1/21/2026,563.0,575.0,561.4,568.0,0.89,54217.0,622.0,500.7
UMRH,1/22/2026,563.8,576.0,563.7,576.0,1.41,37676.0,622.0,500.7
UMRH,1/25/2026,578.0,596.0,578.0,584.0,1.39,55072.0,622.0,500.7
UMRH,1/26/2026,578.2,586.0,570.0,575.0,-1.54,55256.0,622.0,500.7
UMRH,1/27/2026,570.0,584.0,563.0,563.0,-2.09,37009.0,622.0,500.7
UMRH,1/28/2026,564.0,579.0,560.5,570.0,1.24,26820.0,622.0,500.7
UMRH,1/29/2026,573.1,581.8,567.1,570.0,0.0,31976.0,622.0,500.7
UMRH,2/1/2026,566.2,573.0,560.0,562.0,-1.4,15115.0,622.0,500.7
UMRH,2/2/2026,573.2,573.2,555.6,562.9,0.16,13518.0,622.0,500.7
UMRH,2/3/2026,574.0,574.0,552.1,553.0,-1.76,16550.0,622.0,500.7
UMRH,2/4/2026,547.0,574.0,547.0,553.2,0.04,14733.0,622.0,500.7
UMRH,2/5/2026,552.0,575.0,550.0,575.0,3.94,44968.0,622.0,500.7
UMRH,2/8/2026,576.0,579.9,564.0,564.0,-1.91,19168.0,622.0,500.7
UMRH,2/9/2026,558.0,570.0,552.0,555.3,-1.54,22220.0,622.0,500.7
UMRH,2/10/2026,552.0,559.0,548.3,549.0,-1.13,16336.0,622.0,500.7
UMRH,2/11/2026,559.9,569.0,550.0,556.0,1.28,27172.0,622.0,500.7
UMRH,2/12/2026,561.0,564.1,553.2,557.0,0.18,20103.0,622.0,500.7
UMRH,2/16/2026,568.0,568.1,552.0,560.0,0.54,7558.0,622.0,500.7
UMRH,2/17/2026,568.0,568.0,546.0,546.0,-2.5,17571.0,622.0,500.7
UMRH,2/22/2026,540.0,545.0,537.0,542.5,-0.64,10283.0,622.0,500.7
UMRH,2/23/2026,540.0,545.0,538.0,538.5,-0.74,4688.0,622.0,500.7
UMRH,2/24/2026,545.0,545.0,538.4,543.0,0.84,8371.0,622.0,500.7
UMRH,2/25/2026,547.0,549.4,543.1,548.0,0.92,4006.0,622.0,500.7
UMRH,2/26/2026,547.0,553.6,547.0,552.0,0.73,5776.0,622.0,500.7
UMRH,2/27/2026,547.0,553.6,547.0,552.0,0.0,5776.0,622.0,500.7
UMRH,2/28/2026,547.0,553.6,547.0,552.0,0.0,5776.0,622.0,500.7
UMRH,3/2/2026,541.5,551.0,541.0,551.0,-0.18,21970.0,622.0,500.7
UMRH,3/3/2026,545.3,570.0,545.0,570.0,3.45,20436.0,622.0,500.7
UMRH,3/4/2026,545.3,570.0,545.0,570.0,0.0,20436.0,622.0,500.7
UMRH,3/5/2026,545.3,570.0,545.0,570.0,0.0,20436.0,622.0,500.7
UMRH,3/6/2026,545.3,570.0,545.0,570.0,0.0,20436.0,622.0,500.7
UMRH,3/7/2026,545.3,570.0,545.0,570.0,0.0,20436.0,622.0,500.7
UMRH,3/8/2026,545.3,570.0,545.0,570.0,0.0,20436.0,622.0,500.7
UMRH,3/9/2026,581.4,610.0,581.4,610.0,7.02,330.0,622.0,500.7
UMRH,3/10/2026,622.0,622.0,573.0,589.0,-3.44,57199.0,622.0,500.7
UMRH,3/11/2026,600.0,600.0,570.0,576.0,-2.21,32641.0,622.0,500.7
UMRH,3/12/2026,576.0,582.5,572.0,576.0,0.0,22191.0,622.0,500.7
UMRH,3/13/2026,576.0,582.5,572.0,576.0,0.0,22191.0,622.0,500.7
UMRH,3/14/2026,576.0,582.5,572.0,576.0,0.0,22191.0,622.0,500.7
UMRH,3/15/2026,576.1,579.0,566.4,574.8,-0.21,43770.0,622.0,500.7
UMRH,3/16/2026,571.2,589.9,570.0,582.8,1.39,57333.0,622.0,500.7
UMRH,3/17/2026,580.0,585.0,575.0,583.0,0.03,33535.0,622.0,500.7
UMRH,3/18/2026,580.0,585.0,575.0,583.0,0.0,33535.0,622.0,500.7
UMRH,3/19/2026,594.0,594.0,580.0,584.6,0.27,60802.0,622.0,500.7
UMRH,3/20/2026,594.0,594.0,580.0,584.6,0.0,60802.0,622.0,500.7
UMRH,3/21/2026,594.0,594.0,580.0,584.6,0.0,60802.0,622.0,500.7
UMRH,3/22/2026,594.0,595.0,573.0,579.8,-0.82,84274.0,622.0,500.7
UMRH,3/23/2026,585.0,588.0,573.0,580.0,0.03,34670.0,622.0,500.7
UMRH,3/24/2026,578.0,602.0,569.0,580.0,0.0,72472.0,622.0,500.7
UMRH,3/25/2026,580.0,584.0,576.2,577.3,-0.47,22452.0,622.0,500.7
UMRH,3/26/2026,578.0,580.0,572.0,575.0,-0.52,21872.0,622.0,500.7
UMRH,3/29/2026,580.0,580.0,562.0,562.1,-3.09,32094.0,622.0,500.7
UMRH,3/30/2026,556.1,566.2,547.0,551.0,-0.92,43591.0,622.0,500.7
UMRH,3/31/2026,560.0,560.0,541.0,555.1,-0.87,23676.0,622.0,500.7
UMRH,4/1/2026,560.0,560.0,540.0,543.1,-3.02,22213.0,622.0,500.7
UMRH,4/2/2026,539.0,550.3,538.0,540.0,0.19,11630.0,622.0,500.7
UMRH,4/5/2026,535.1,535.1,512.0,512.4,-4.24,38526.0,622.0,500.7
UMRH,4/6/2026,522.6,533.0,516.0,529.5,1.32,26483.0,622.0,500.7
UMRH,4/7/2026,537.0,540.0,526.0,526.9,-1.88,12583.0,622.0,500.7
UMRH,4/8/2026,537.0,544.0,527.5,544.0,1.3,7873.0,622.0,500.7
UMRH,4/9/2026,544.0,554.7,538.2,549.0,0.92,12622.0,622.0,500.7
UMRH,4/10/2026,545.5,550.0,540.0,543.1,-0.44,6286.0,622.0,500.7
UMRH,4/13/2026,540.2,554.0,540.2,550.1,1.83,31413.0,622.0,500.7
UMRH,4/15/2026,557.0,565.0,553.2,553.6,-0.61,20400.0,622.0,500.7
UMRH,4/16/2026,550.7,554.0,544.0,546.1,-0.84,9400.0,622.0,500.7
UMRH,4/17/2026,550.0,555.0,540.0,545.0,-0.91,11502.0,622.0,500.7
UMRH,4/20/2026,561.3,561.3,545.0,550.2,-1.98,7119.0,622.0,500.7
UMRH,4/21/2026,550.2,553.0,538.2,540.0,-1.85,24466.0,622.0,500.7
UMRH,4/22/2026,526.5,548.0,526.2,548.0,4.08,14459.0,622.0,500.7
UMRH,4/23/2026,549.0,549.0,535.1,540.0,-1.64,6733.0,622.0,500.7
UMRH,4/24/2026,527.1,541.0,527.1,535.1,1.52,6158.0,622.0,500.7
UMRH,4/27/2026,535.1,541.0,534.5,535.6,0.09,10337.0,622.0,500.7
UMRH,4/28/2026,535.6,541.0,531.3,531.4,-0.78,13537.0,622.0,500.7
UMRH,4/29/2026,531.4,535.0,528.0,532.0,0.11,4546.0,622.0,500.7
UMRH,4/30/2026,526.2,533.5,526.0,532.0,1.1,4692.0,622.0,500.7
UMRH,5/4/2026,532.0,533.0,520.2,522.0,-1.88,6030.0,622.0,500.7
UMRH,5/5/2026,522.0,529.5,518.1,528.0,1.15,5954.0,622.0,500.7
UMRH,5/6/2026,524.1,530.0,523.3,530.0,1.13,5394.0,622.0,500.7
UMRH,5/7/2026,522.0,535.0,522.0,526.0,0.77,3371.0,622.0,500.7
UMRH,5/8/2026,526.0,535.0,525.5,535.0,1.71,5011.0,622.0,500.7
UMRH,5/11/2026,545.0,546.0,535.3,544.8,-0.04,9539.0,622.0,500.7
UMRH,5/12/2026,545.0,545.0,537.0,540.0,-0.92,6309.0,622.0,500.7
UMRH,5/13/2026,532.0,536.0,530.2,532.2,0.04,1161.0,622.0,500.7
UMRH,5/14/2026,524.0,538.0,524.0,536.5,2.39,3171.0,622.0,500.7
UMRH,5/15/2026,535.3,535.3,530.0,534.4,-0.17,6644.0,622.0,500.7
UMRH,5/18/2026,531.0,537.0,530.5,536.3,1.0,2931.0,622.0,500.7
UMRH,5/19/2026,536.3,537.0,532.1,536.0,-0.06,1754.0,622.0,500.7
UMRH,5/20/2026,530.2,543.0,530.2,543.0,2.41,798.0,622.0,500.7
UMRH,5/21/2026,534.6,543.0,534.6,541.9,1.37,3215.0,622.0,500.7
UMRH,5/22/2026,541.0,548.0,534.0,545.0,0.74,11697.0,622.0,500.7
UMRH,5/25/2026,537.2,555.0,537.2,555.0,3.31,37996.0,622.0,500.7
UMRH,5/26/2026,554.5,556.0,550.0,552.0,-0.45,13924.0,622.0,500.7
UMRH,5/27/2026,559.0,559.0,551.0,555.0,-0.72,14968.0,622.0,500.7
UMRH,6/1/2026,555.0,557.5,538.7,544.0,-1.98,6599.0,622.0,500.7
UMRH,6/2/2026,540.6,550.0,540.6,547.0,1.18,7807.0,622.0,500.7
UMRH,6/3/2026,541.2,550.0,541.2,545.0,0.7,13548.0,622.0,500.7
UMRH,6/4/2026,543.3,554.0,541.1,541.1,-0.4,11074.0,622.0,500.7
UMRH,6/5/2026,544.0,548.0,537.0,547.9,0.72,5636.0,622.0,500.7
UMRH,6/8/2026,541.0,544.0,537.1,543.8,0.52,3391.0,622.0,500.7
UMRH,6/9/2026,544.0,544.7,535.0,544.7,0.13,9490.0,622.0,500.7
UMRH,6/10/2026,545.0,546.9,536.0,540.0,-0.92,6632.0,622.0,500.7
UMRH,6/11/2026,540.0,545.0,540.0,545.0,0.93,6556.0,622.0,500.7
UMRH,6/12/2026,540.0,543.9,535.0,543.0,0.56,8353.0,622.0,500.7
UMRH,6/15/2026,540.0,545.0,535.0,535.0,-0.93,4415.0,622.0,500.7
UMRH,6/16/2026,533.0,541.5,533.0,535.0,0.38,3280.0,622.0,500.7
UMRH,6/17/2026,540.0,543.9,535.5,536.0,-0.74,3470.0,622.0,500.7
UMRH,6/18/2026,535.0,542.9,533.4,535.1,0.02,2771.0,622.0,500.7
UMRH,6/19/2026,535.1,541.0,535.0,539.0,0.73,3215.0,622.0,500.7
UMRH,6/22/2026,539.0,540.0,534.0,534.0,-0.93,11928.0,622.0,500.7
UMRH,6/23/2026,530.0,536.0,530.0,534.0,0.75,2470.0,622.0,500.7
UMRH,6/24/2026,533.0,533.0,524.5,532.0,-0.19,5971.0,622.0,500.7
UMRH,6/26/2026,540.0,542.7,527.5,528.1,-2.2,5827.0,622.0,500.7
UMRH,6/29/2026,525.1,528.9,524.0,525.1,0.0,4563.0,622.0,500.7
UMRH,6/30/2026,525.0,525.0,515.0,515.0,-1.9,9653.0,622.0,500.7
UMRH,7/1/2026,520.0,524.9,517.0,522.9,0.56,6361.0,622.0,500.7
UMRH,7/2/2026,520.5,522.0,517.0,517.8,-0.52,8505.0,622.0,500.7
UMRH,7/3/2026,520.0,527.7,518.0,521.5,0.29,5524.0,622.0,500.7
UMRH,7/6/2026,531.9,531.9,520.0,524.4,-1.41,10131.0,622.0,500.7
UMRH,7/7/2026,520.0,529.0,519.0,525.0,0.96,3483.0,622.0,500.7
UMRH,7/8/2026,539.0,539.0,515.0,515.0,-4.45,9160.0,622.0,500.7
UMRH,7/9/2026,516.0,524.0,513.5,514.1,-0.37,4878.0,622.0,500.7
UMRH,7/10/2026,523.8,524.0,516.0,518.0,-1.11,10160.0,622.0,500.7
UMRH,7/13/2026,513.5,522.5,513.5,516.2,0.53,4452.0,622.0,500.7
UMRH,7/14/2026,521.8,521.8,513.4,519.9,-0.36,5515.0,622.0,500.7
UMRH,7/15/2026,520.0,523.0,520.0,521.9,0.37,8661.0,622.0,500.7
UMRH,7/16/2026,515.0,520.0,515.0,517.0,0.39,5017.0,622.0,500.7
UMRH,7/17/2026,525.0,540.0,520.0,540.0,2.86,11625.0,622.0,500.7
UMRH,7/20/2026,545.0,545.0,533.1,543.0,-0.37,5520.0,622.0,500.7
UMRH,7/21/2026,543.9,554.8,540.1,549.9,1.1,10942.0,622.0,500.7
UMRH,7/22/2026,536.0,546.0,536.0,540.5,0.84,5162.0,622.0,500.7
UMRH,7/23/2026,547.8,547.8,535.0,540.0,-1.42,3102.0,622.0,500.7
UMRH,7/24/2026,534.0,547.6,534.0,540.1,1.14,6744.0,622.0,500.7
UMRH,7/27/2026,537.0,541.9,534.0,536.0,-0.19,6670.0,622.0,500.7
UMRH,7/28/2026,530.0,538.8,530.0,538.7,1.64,3425.0,622.0,500.7
UMRH,7/29/2026,530.5,537.0,530.5,534.0,0.66,2783.0,622.0,500.7
UMRH,7/30/2026,538.0,563.0,531.1,539.5,0.28,10812.0,622.0,500.7
UMRH,7/31/2026,531.0,544.0,531.0,537.2,1.17,4468.0,622.0,500.7
UMRH,8/3/2026,548.8,548.8,536.0,537.0,-2.15,1429.0,622.0,500.7
UMRH,8/4/2026,538.0,540.0,532.0,539.9,0.35,2871.0,622.0,500.7
UMRH,8/5/2026,532.09,542.0,532.09,540.0,1.49,12664.0,622.0,500.7
UMRH,8/6/2026,539.0,539.0,535.0,535.1,-0.72,10683.0,622.0,500.7
UMRH,8/7/2026,528.3,539.0,526.1,526.1,-0.42,3386.0,622.0,500.7
UMRH,8/10/2026,526.6,539.9,526.2,530.0,0.65,1454.0,622.0,500.7
UMRH,8/11/2026,520.2,533.9,520.2,533.6,2.58,3520.0,622.0,500.7
UMRH,8/12/2026,528.1,530.0,523.6,530.0,0.36,1642.0,622.0,500.7
UMRH,8/13/2026,525.6,535.0,525.6,532.0,1.22,2027.0,622.0,500.7
UMRH,8/14/2026,532.0,535.0,526.0,528.5,-0.66,3423.0,622.0,500.7
UMRH,8/17/2026,526.6,528.0,521.1,524.0,-0.49,9105.0,622.0,500.7
UMRH,8/18/2026,524.0,524.0,518.0,520.0,-0.76,8915.0,622.0,500.7
UMRH,8/19/2026,520.0,530.0,516.1,530.0,1.92,2056.0,622.0,500.7
UMRH,8/20/2026,519.2,530.0,519.0,530.0,2.08,5998.0,622.0,500.7
UMRH,8/21/2026,523.0,527.0,523.0,527.0,0.76,1618.0,622.0,500.7
UMRH,8/24/2026,520.0,528.0,518.0,520.0,0.0,631.0,622.0,500.7
UMRH,8/25/2026,534.8,534.8,518.0,522.0,-2.39,3000.0,622.0,500.7
UMRH,8/26/2026,520.0,520.0,512.0,515.0,-0.96,10237.0,622.0,500.7
UMRH,8/27/2026,507.0,528.9,507.0,519.7,2.5,1535.0,622.0,500.7
UMRH,8/31/2026,505.1,514.9,505.1,514.9,1.94,4276.0,622.0,500.7
UMRH,9/1/2026,511.9,511.9,504.0,509.9,-0.39,4759.0,622.0,500.7
UMRH,9/2/2026,501.3,518.9,501.3,514.0,2.53,3128.0,622.0,500.7
UMRH,9/3/2026,505.1,514.0,505.1,514.0,1.76,2839.0,622.0,500.7
UMRH,9/7/2026,514.0,520.0,510.1,519.7,1.11,6291.0,622.0,500.7
UMRH,9/9/2026,518.8,518.8,516.0,516.0,-0.54,2590.0,622.0,500.7
UMRH,9/10/2026,514.0,515.0,500.7,514.0,0.0,1187.0,622.0,500.7
UMRH,9/11/2026,512.0,514.9,507.2,514.9,0.57,6347.0,622.0,500.7
UMRH,9/14/2026,519.0,519.0,505.0,511.2,-1.5,8961.0,622.0,500.7
UMRH,9/15/2026,536.0,536.0,516.6,518.3,-3.3,6209.0,622.0,500.7
UMRH,9/16/2026,513.0,526.0,513.0,513.0,0.0,3793.0,622.0,500.7
UMRH,9/17/2026,525.0,525.0,513.0,513.0,-2.29,4075.0,622.0,500.7
UMRH,9/18/2026,515.0,521.8,515.0,520.9,1.15,2578.0,622.0,500.7
UMRH,9/22/2026,520.5,523.5,515.4,517.9,-0.5,5512.0,622.0,500.7
UMRH,9/23/2026,517.9,517.9,503.0,505.0,-2.49,9986.0,622.0,500.7
UMRH,9/24/2026,505.0,518.0,503.1,518.0,2.57,8120.0,622.0,500.7
UMRH,9/28/2026,528.9,528.9,508.0,508.0,-3.95,3780.0,622.0,500.7
UMRH,9/29/2026,510.0,514.0,504.0,0.0,-100.0,3425.0,622.0,500.7
UMRH,9/30/2026,507.1,511.5,504.0,508.9,0.35,4661.0,622.0,500.7
UMRH,10/1/2026,506.2,511.7,506.2,511.0,0.95,2746.0,622.0,500.7
UMRH,10/2/2026,511.0,519.0,509.0,509.0,-0.39,10865.0,622.0,500.7
UNHPL,7/24/2019,95.0,95.0,94.0,94.0,,100.0,571.0,340.1
UNHPL,7/25/2019,90.0,90.0,85.0,85.0,-9.57,3500.0,571.0,340.1
UNHPL,7/28/2019,84.0,84.0,77.0,78.0,-8.24,821.0,571.0,340.1
UNHPL,7/29/2019,77.0,78.0,72.0,78.0,0.0,1900.0,571.0,340.1
UNHPL,7/30/2019,77.0,77.0,73.0,73.0,-6.41,3410.0,571.0,340.1
UNHPL,7/31/2019,72.0,72.0,68.0,70.0,-4.11,3041.0,571.0,340.1
UNHPL,8/1/2019,70.0,72.0,70.0,72.0,2.86,600.0,571.0,340.1
UNHPL,8/4/2019,73.0,73.0,71.0,71.0,-1.39,1120.0,571.0,340.1
UNHPL,8/5/2019,71.0,71.0,68.0,68.0,-4.23,350.0,571.0,340.1
UNHPL,8/6/2019,68.0,69.0,68.0,68.0,0.0,520.0,571.0,340.1
UNHPL,8/7/2019,68.0,69.0,68.0,68.0,0.0,200.0,571.0,340.1
UNHPL,8/8/2019,68.0,68.0,68.0,68.0,0.0,600.0,571.0,340.1
UNHPL,8/11/2019,67.0,68.0,65.0,67.0,-1.47,590.0,571.0,340.1
UNHPL,8/12/2019,66.0,66.0,65.0,65.0,-2.99,860.0,571.0,340.1
UNHPL,8/13/2019,65.0,69.0,65.0,67.0,3.08,750.0,571.0,340.1
UNHPL,8/14/2019,67.0,68.0,66.0,66.0,-1.49,610.0,571.0,340.1
UNHPL,8/15/2019,67.0,67.0,66.0,66.0,0.0,570.0,571.0,340.1
UNHPL,8/18/2019,65.0,65.0,64.0,65.0,-1.52,450.0,571.0,340.1
UNHPL,8/19/2019,66.0,66.0,65.0,65.0,0.0,250.0,571.0,340.1
UNHPL,8/20/2019,65.0,65.0,64.0,64.0,-1.54,500.0,571.0,340.1
UNHPL,8/21/2019,63.0,63.0,62.0,62.0,-3.12,200.0,571.0,340.1
UNHPL,8/22/2019,61.0,62.0,61.0,62.0,0.0,550.0,571.0,340.1
UNHPL,8/25/2019,63.0,63.0,62.0,62.0,0.0,150.0,571.0,340.1
UNHPL,8/26/2019,61.0,61.0,58.0,60.0,-3.23,490.0,571.0,340.1
UNHPL,8/27/2019,61.0,61.0,58.0,58.0,-3.33,760.0,571.0,340.1
UNHPL,8/28/2019,59.0,59.0,59.0,59.0,1.72,300.0,571.0,340.1
UNHPL,8/29/2019,59.0,61.0,59.0,61.0,3.39,1440.0,571.0,340.1
UNHPL,9/1/2019,61.0,61.0,60.0,60.0,-1.64,190.0,571.0,340.1
UNHPL,9/2/2019,60.0,61.0,60.0,60.0,0.0,250.0,571.0,340.1
UNHPL,9/3/2019,59.0,62.0,59.0,62.0,3.33,400.0,571.0,340.1
UNHPL,9/4/2019,61.0,62.0,60.0,62.0,0.0,400.0,571.0,340.1
UNHPL,9/5/2019,61.0,61.0,60.0,60.0,-3.23,700.0,571.0,340.1
UNHPL,9/8/2019,59.0,59.0,57.0,57.0,-5.0,400.0,571.0,340.1
UNHPL,9/9/2019,58.0,58.0,54.0,55.0,-3.51,560.0,571.0,340.1
UNHPL,9/10/2019,56.0,56.0,55.0,55.0,0.0,1080.0,571.0,340.1
UNHPL,9/11/2019,55.0,55.0,55.0,55.0,0.0,50.0,571.0,340.1
UNHPL,9/12/2019,55.0,56.0,54.0,54.0,-1.82,920.0,571.0,340.1
UNHPL,9/15/2019,54.0,54.0,53.0,54.0,0.0,350.0,571.0,340.1
UNHPL,9/16/2019,53.0,53.0,50.0,51.0,-5.56,800.0,571.0,340.1
UNHPL,9/17/2019,52.0,52.0,52.0,52.0,1.96,50.0,571.0,340.1
UNHPL,9/18/2019,53.0,53.0,53.0,53.0,1.92,100.0,571.0,340.1
UNHPL,9/19/2019,53.0,53.0,52.0,53.0,0.0,230.0,571.0,340.1
UNHPL,9/22/2019,53.0,53.0,52.0,53.0,0.0,150.0,571.0,340.1
UNHPL,9/23/2019,52.0,52.0,51.0,51.0,-3.77,300.0,571.0,340.1
UNHPL,9/24/2019,51.0,51.0,50.0,51.0,0.0,250.0,571.0,340.1
UNHPL,9/25/2019,51.0,52.0,51.0,52.0,1.96,180.0,571.0,340.1
UNHPL,9/26/2019,51.0,52.0,50.0,51.0,-1.92,300.0,571.0,340.1
UNHPL,9/29/2019,50.0,51.0,50.0,51.0,0.0,200.0,571.0,340.1
UNHPL,9/30/2019,52.0,54.0,52.0,54.0,5.88,250.0,571.0,340.1
UNHPL,10/1/2019,55.0,55.0,55.0,55.0,1.85,50.0,571.0,340.1
UNHPL,10/2/2019,54.0,56.0,54.0,56.0,1.82,100.0,571.0,340.1
UNHPL,10/10/2019,57.0,57.0,56.0,56.0,0.0,750.0,571.0,340.1
UNHPL,10/16/2019,57.0,58.0,57.0,57.0,1.79,190.0,571.0,340.1
UNHPL,10/17/2019,58.0,58.0,58.0,58.0,1.75,50.0,571.0,340.1
UNHPL,10/20/2019,59.0,59.0,58.0,58.0,0.0,190.0,571.0,340.1
UNHPL,10/21/2019,57.0,57.0,57.0,57.0,-1.72,100.0,571.0,340.1
UNHPL,10/24/2019,57.0,57.0,54.0,56.0,-1.75,600.0,571.0,340.1
UNHPL,10/31/2019,56.0,56.0,54.0,54.0,-3.57,600.0,571.0,340.1
UNHPL,11/3/2019,54.0,55.0,54.0,55.0,1.85,190.0,571.0,340.1
UNHPL,11/4/2019,56.0,57.0,55.0,55.0,0.0,1250.0,571.0,340.1
UNHPL,11/5/2019,54.0,54.0,54.0,54.0,-1.82,50.0,571.0,340.1
UNHPL,11/6/2019,53.0,53.0,52.0,52.0,-3.7,100.0,571.0,340.1
UNHPL,11/7/2019,52.0,52.0,50.0,52.0,0.0,1340.0,571.0,340.1
UNHPL,11/10/2019,53.0,54.0,53.0,54.0,3.85,150.0,571.0,340.1
UNHPL,11/11/2019,55.0,55.0,53.0,53.0,-1.85,390.0,571.0,340.1
UNHPL,11/12/2019,52.0,52.0,51.0,51.0,-3.77,250.0,571.0,340.1
UNHPL,11/13/2019,50.0,53.0,50.0,52.0,1.96,540.0,571.0,340.1
UNHPL,11/14/2019,52.0,52.0,51.0,52.0,0.0,280.0,571.0,340.1
UNHPL,11/17/2019,53.0,55.0,53.0,54.0,3.85,620.0,571.0,340.1
UNHPL,11/18/2019,53.0,55.0,53.0,54.0,0.0,360.0,571.0,340.1
UNHPL,11/19/2019,53.0,56.0,52.0,56.0,3.7,1350.0,571.0,340.1
UNHPL,11/21/2019,57.0,57.0,56.0,56.0,0.0,150.0,571.0,340.1
UNHPL,11/24/2019,55.0,55.0,55.0,55.0,-1.79,172.0,571.0,340.1
UNHPL,11/25/2019,54.0,54.0,53.0,53.0,-3.64,600.0,571.0,340.1
UNHPL,11/26/2019,52.0,52.0,50.0,50.0,-5.66,250.0,571.0,340.1
UNHPL,11/27/2019,51.0,52.0,51.0,52.0,4.0,300.0,571.0,340.1
UNHPL,11/28/2019,53.0,53.0,53.0,53.0,1.92,150.0,571.0,340.1
UNHPL,12/2/2019,53.0,53.0,51.0,53.0,0.0,570.0,571.0,340.1
UNHPL,12/3/2019,53.0,53.0,53.0,53.0,0.0,50.0,571.0,340.1
UNHPL,12/4/2019,52.0,52.0,51.0,52.0,-1.89,250.0,571.0,340.1
UNHPL,12/5/2019,52.0,52.0,51.0,51.0,-1.92,670.0,571.0,340.1
UNHPL,12/8/2019,51.0,54.0,51.0,54.0,5.88,1520.0,571.0,340.1
UNHPL,12/9/2019,55.0,55.0,54.0,54.0,0.0,250.0,571.0,340.1
UNHPL,12/10/2019,55.0,55.0,53.0,54.0,0.0,650.0,571.0,340.1
UNHPL,12/11/2019,53.0,55.0,53.0,55.0,1.85,160.0,571.0,340.1
UNHPL,12/12/2019,55.0,55.0,55.0,55.0,0.0,700.0,571.0,340.1
UNHPL,12/15/2019,55.0,60.0,55.0,60.0,9.09,840.0,571.0,340.1
UNHPL,12/16/2019,60.0,64.0,60.0,63.0,5.0,2470.0,571.0,340.1
UNHPL,12/17/2019,62.0,62.0,61.0,61.0,-3.17,210.0,571.0,340.1
UNHPL,12/18/2019,62.0,62.0,60.0,61.0,0.0,1000.0,571.0,340.1
UNHPL,12/19/2019,60.0,61.0,59.0,59.0,-3.28,750.0,571.0,340.1
UNHPL,12/22/2019,58.0,59.0,57.0,57.0,-3.39,1045.0,571.0,340.1
UNHPL,12/23/2019,58.0,58.0,56.0,57.0,0.0,690.0,571.0,340.1
UNHPL,12/24/2019,58.0,58.0,57.0,57.0,0.0,60.0,571.0,340.1
UNHPL,12/25/2019,56.0,56.0,53.0,53.0,-7.02,3250.0,571.0,340.1
UNHPL,12/26/2019,53.0,55.0,53.0,55.0,3.77,391.0,571.0,340.1
UNHPL,12/29/2019,56.0,57.0,55.0,56.0,1.82,450.0,571.0,340.1
UNHPL,12/30/2019,57.0,58.0,57.0,58.0,3.57,250.0,571.0,340.1
UNHPL,12/31/2019,57.0,59.0,55.0,55.0,-5.17,840.0,571.0,340.1
UNHPL,1/1/2020,54.0,54.0,53.0,53.0,-3.64,880.0,571.0,340.1
UNHPL,1/2/2020,54.0,58.0,54.0,57.0,7.55,1180.0,571.0,340.1
UNHPL,1/5/2020,56.0,56.0,56.0,56.0,-1.75,50.0,571.0,340.1
UNHPL,1/6/2020,57.0,58.0,56.0,58.0,3.57,890.0,571.0,340.1
UNHPL,1/7/2020,59.0,60.0,59.0,59.0,1.72,590.0,571.0,340.1
UNHPL,1/8/2020,58.0,58.0,57.0,57.0,-3.39,210.0,571.0,340.1
UNHPL,1/9/2020,57.0,58.0,57.0,58.0,1.75,150.0,571.0,340.1
UNHPL,1/12/2020,58.0,58.0,56.0,57.0,-1.72,800.0,571.0,340.1
UNHPL,1/13/2020,58.0,58.0,56.0,58.0,1.75,1240.0,571.0,340.1
UNHPL,1/14/2020,58.0,60.0,58.0,60.0,3.45,690.0,571.0,340.1
UNHPL,1/15/2020,60.0,61.0,59.0,61.0,1.67,550.0,571.0,340.1
UNHPL,1/16/2020,60.0,62.0,59.0,62.0,1.64,2010.0,571.0,340.1
UNHPL,1/19/2020,61.0,63.0,61.0,62.0,0.0,4930.0,571.0,340.1
UNHPL,1/20/2020,61.0,61.0,61.0,61.0,-1.61,100.0,571.0,340.1
UNHPL,1/21/2020,61.0,61.0,57.0,58.0,-4.92,950.0,571.0,340.1
UNHPL,1/22/2020,59.0,59.0,57.0,57.0,-1.72,460.0,571.0,340.1
UNHPL,1/23/2020,58.0,59.0,57.0,58.0,1.75,1050.0,571.0,340.1
UNHPL,1/26/2020,58.0,59.0,57.0,59.0,1.72,665.0,571.0,340.1
UNHPL,1/27/2020,59.0,60.0,59.0,59.0,0.0,640.0,571.0,340.1
UNHPL,1/28/2020,58.0,60.0,58.0,58.0,-1.69,1420.0,571.0,340.1
UNHPL,1/29/2020,57.0,58.0,57.0,58.0,0.0,300.0,571.0,340.1
UNHPL,1/30/2020,57.0,59.0,57.0,58.0,0.0,310.0,571.0,340.1
UNHPL,2/2/2020,59.0,59.0,57.0,57.0,-1.72,610.0,571.0,340.1
UNHPL,2/3/2020,56.0,56.0,55.0,55.0,-3.51,1310.0,571.0,340.1
UNHPL,2/4/2020,56.0,58.0,56.0,57.0,3.64,1000.0,571.0,340.1
UNHPL,2/5/2020,57.0,58.0,56.0,57.0,0.0,610.0,571.0,340.1
UNHPL,2/6/2020,57.0,58.0,56.0,57.0,0.0,1060.0,571.0,340.1
UNHPL,2/9/2020,57.0,58.0,57.0,58.0,1.75,210.0,571.0,340.1
UNHPL,2/10/2020,58.0,59.0,58.0,59.0,1.72,760.0,571.0,340.1
UNHPL,2/11/2020,58.0,58.0,56.0,56.0,-5.08,200.0,571.0,340.1
UNHPL,2/12/2020,56.0,59.0,56.0,58.0,3.57,1420.0,571.0,340.1
UNHPL,2/13/2020,59.0,60.0,56.0,56.0,-3.45,3500.0,571.0,340.1
UNHPL,2/16/2020,55.0,57.0,55.0,57.0,1.79,350.0,571.0,340.1
UNHPL,2/17/2020,58.0,61.0,57.0,59.0,3.51,1660.0,571.0,340.1
UNHPL,2/18/2020,59.0,60.0,59.0,59.0,0.0,2270.0,571.0,340.1
UNHPL,2/19/2020,59.0,62.0,59.0,62.0,5.08,900.0,571.0,340.1
UNHPL,2/20/2020,61.0,63.0,60.0,62.0,0.0,1903.0,571.0,340.1
UNHPL,2/23/2020,63.0,64.0,62.0,64.0,3.23,1210.0,571.0,340.1
UNHPL,2/24/2020,64.0,70.0,64.0,70.0,9.38,2500.0,571.0,340.1
UNHPL,2/25/2020,70.0,72.0,70.0,71.0,1.43,3030.0,571.0,340.1
UNHPL,2/26/2020,72.0,72.0,70.0,70.0,-1.41,2140.0,571.0,340.1
UNHPL,2/27/2020,70.0,71.0,67.0,71.0,1.43,1270.0,571.0,340.1
UNHPL,3/1/2020,70.0,70.0,70.0,70.0,-1.41,1410.0,571.0,340.1
UNHPL,3/3/2020,69.0,69.0,68.0,68.0,-2.86,240.0,571.0,340.1
UNHPL,3/4/2020,67.0,67.0,66.0,66.0,-2.94,310.0,571.0,340.1
UNHPL,3/5/2020,66.0,66.0,62.0,62.0,-6.06,590.0,571.0,340.1
UNHPL,3/10/2020,61.0,61.0,60.0,60.0,-3.23,1050.0,571.0,340.1
UNHPL,3/11/2020,59.0,61.0,57.0,61.0,1.67,4640.0,571.0,340.1
UNHPL,3/12/2020,60.0,60.0,59.0,59.0,-3.28,2550.0,571.0,340.1
UNHPL,3/15/2020,58.0,58.0,58.0,58.0,-1.69,25.0,571.0,340.1
UNHPL,3/16/2020,57.0,58.0,56.0,57.0,-1.72,1080.0,571.0,340.1
UNHPL,3/17/2020,56.0,56.0,55.0,55.0,-3.51,1200.0,571.0,340.1
UNHPL,3/18/2020,55.0,56.0,55.0,55.0,0.0,890.0,571.0,340.1
UNHPL,3/19/2020,54.0,54.0,53.0,53.0,-3.64,330.0,571.0,340.1
UNHPL,5/12/2020,52.0,52.0,52.0,52.0,-1.89,150.0,571.0,340.1
UNHPL,5/13/2020,51.0,51.0,51.0,51.0,-1.92,50.0,571.0,340.1
UNHPL,6/29/2020,51.0,51.0,51.0,50.0,-1.96,100.0,571.0,340.1
UNHPL,7/2/2020,49.0,49.0,49.0,49.0,-2.0,100.0,571.0,340.1
UNHPL,7/5/2020,49.0,49.0,48.05,49.0,0.0,450.0,571.0,340.1
UNHPL,7/6/2020,48.02,50.0,48.02,49.0,0.0,1500.0,571.0,340.1
UNHPL,7/7/2020,48.05,50.0,48.05,49.0,0.0,1625.0,571.0,340.1
UNHPL,7/8/2020,49.0,49.98,49.0,49.01,0.02,250.0,571.0,340.1
UNHPL,7/9/2020,49.0,49.99,49.0,49.98,1.98,2050.0,571.0,340.1
UNHPL,7/12/2020,50.0,50.0,48.02,49.95,-0.06,1205.0,571.0,340.1
UNHPL,7/13/2020,48.96,50.0,48.96,49.01,-1.88,4185.0,571.0,340.1
UNHPL,7/14/2020,49.0,49.98,48.77,49.0,-0.02,950.0,571.0,340.1
UNHPL,7/15/2020,48.02,51.0,48.02,51.0,4.08,510.0,571.0,340.1
UNHPL,7/16/2020,51.0,52.0,50.0,51.0,0.0,1550.0,571.0,340.1
UNHPL,7/20/2020,52.0,53.0,51.0,52.0,1.96,1570.0,571.0,340.1
UNHPL,7/21/2020,53.0,53.0,50.0,50.0,-3.85,2045.0,571.0,340.1
UNHPL,7/22/2020,50.0,50.0,49.0,49.2,-1.6,960.0,571.0,340.1
UNHPL,7/23/2020,49.0,52.0,49.0,50.0,1.63,1280.0,571.0,340.1
UNHPL,7/26/2020,50.0,51.0,49.0,50.0,0.0,1310.0,571.0,340.1
UNHPL,7/27/2020,49.0,52.0,49.0,51.0,2.0,1500.0,571.0,340.1
UNHPL,7/28/2020,50.0,51.0,50.0,50.0,-1.96,1300.0,571.0,340.1
UNHPL,7/29/2020,50.0,55.0,50.0,55.0,10.0,6280.0,571.0,340.1
UNHPL,7/30/2020,56.0,60.0,56.0,60.0,9.09,14605.0,571.0,340.1
UNHPL,8/2/2020,61.0,62.0,58.0,61.0,1.67,5370.0,571.0,340.1
UNHPL,8/3/2020,62.0,62.0,55.0,57.0,-6.56,2090.0,571.0,340.1
UNHPL,8/5/2020,56.0,57.0,52.0,57.0,0.0,2140.0,571.0,340.1
UNHPL,8/6/2020,59.0,59.0,56.0,56.0,-1.75,240.0,571.0,340.1
UNHPL,8/9/2020,55.0,55.0,54.0,54.0,-3.57,40.0,571.0,340.1
UNHPL,8/10/2020,53.0,57.0,51.0,57.0,5.56,4210.0,571.0,340.1
UNHPL,8/11/2020,59.0,62.0,56.0,62.0,8.77,17895.0,571.0,340.1
UNHPL,8/12/2020,62.0,62.0,58.0,58.0,-6.45,4080.0,571.0,340.1
UNHPL,8/13/2020,57.0,58.0,55.0,58.0,0.0,1620.0,571.0,340.1
UNHPL,8/16/2020,58.0,58.0,55.0,55.0,-5.17,580.0,571.0,340.1
UNHPL,8/17/2020,55.0,55.0,53.0,53.0,-3.64,2300.0,571.0,340.1
UNHPL,8/18/2020,54.0,58.0,53.0,58.0,9.43,2470.0,571.0,340.1
UNHPL,8/19/2020,59.0,61.0,58.0,60.0,3.45,5065.0,571.0,340.1
UNHPL,8/20/2020,61.0,63.0,60.0,61.0,1.67,1520.0,571.0,340.1
UNHPL,8/23/2020,64.0,64.0,58.0,59.0,-3.28,1380.0,571.0,340.1
UNHPL,8/24/2020,59.0,63.0,59.0,61.0,3.39,730.0,571.0,340.1
UNHPL,8/25/2020,62.0,62.0,57.0,58.0,-4.92,1300.0,571.0,340.1
UNHPL,8/26/2020,57.0,59.0,56.0,58.0,0.0,2110.0,571.0,340.1
UNHPL,8/27/2020,57.0,59.0,54.0,57.0,-1.72,4880.0,571.0,340.1
UNHPL,8/30/2020,56.0,57.0,55.0,55.0,-3.51,1180.0,571.0,340.1
UNHPL,8/31/2020,56.0,60.0,55.0,60.0,9.09,4930.0,571.0,340.1
UNHPL,9/2/2020,63.0,66.0,60.0,66.0,10.0,22350.0,571.0,340.1
UNHPL,9/3/2020,67.0,72.0,65.0,66.0,0.0,25683.0,571.0,340.1
UNHPL,9/6/2020,67.0,72.0,66.0,67.0,1.52,24485.0,571.0,340.1
UNHPL,9/7/2020,66.0,70.0,64.0,69.0,2.99,4065.0,571.0,340.1
UNHPL,9/8/2020,72.0,72.0,66.0,68.0,-1.45,4430.0,571.0,340.1
UNHPL,9/9/2020,71.0,72.0,64.0,68.0,0.0,8661.0,571.0,340.1
UNHPL,9/10/2020,67.0,69.0,66.0,66.0,-2.94,4394.0,571.0,340.1
UNHPL,9/13/2020,65.0,71.0,64.0,71.0,7.58,7180.0,571.0,340.1
UNHPL,9/14/2020,74.0,78.0,71.0,78.0,9.86,32346.0,571.0,340.1
UNHPL,9/15/2020,80.0,85.0,80.0,85.0,8.97,28263.0,571.0,340.1
UNHPL,9/16/2020,89.0,93.0,87.0,93.0,9.41,12974.0,571.0,340.1
UNHPL,9/17/2020,97.0,102.0,97.0,102.0,9.68,71605.0,571.0,340.1
UNHPL,9/20/2020,102.0,112.0,94.0,94.0,-7.84,45363.0,571.0,340.1
UNHPL,9/21/2020,98.0,98.0,85.0,90.0,-4.26,23039.0,571.0,340.1
UNHPL,9/22/2020,89.0,89.0,85.0,86.0,-4.44,19735.0,571.0,340.1
UNHPL,9/23/2020,86.0,94.0,82.0,94.0,9.3,13204.0,571.0,340.1
UNHPL,9/24/2020,95.0,102.0,94.0,101.0,7.45,34455.0,571.0,340.1
UNHPL,9/27/2020,103.0,103.0,96.0,98.0,-2.97,29984.0,571.0,340.1
UNHPL,9/28/2020,102.0,102.0,94.0,96.0,-2.04,16352.0,571.0,340.1
UNHPL,9/29/2020,95.0,105.0,94.0,105.0,9.38,67193.0,571.0,340.1
UNHPL,9/30/2020,105.0,115.0,105.0,115.0,9.52,67561.0,571.0,340.1
UNHPL,10/1/2020,116.0,126.0,108.0,122.0,6.09,75137.0,571.0,340.1
UNHPL,10/4/2020,122.0,122.0,110.0,110.0,-9.84,31894.0,571.0,340.1
UNHPL,10/5/2020,108.0,119.0,104.0,117.0,6.36,53120.0,571.0,340.1
UNHPL,10/6/2020,117.0,127.0,115.0,125.0,6.84,74310.0,571.0,340.1
UNHPL,10/7/2020,130.0,137.0,126.0,137.0,9.6,81760.0,571.0,340.1
UNHPL,10/8/2020,138.0,144.0,128.0,132.0,-3.65,59868.0,571.0,340.1
UNHPL,10/11/2020,130.0,130.0,122.0,125.0,-5.3,62660.0,571.0,340.1
UNHPL,10/12/2020,127.0,127.0,117.0,126.0,0.8,24689.0,571.0,340.1
UNHPL,10/13/2020,124.0,124.0,117.0,118.0,-6.35,29842.0,571.0,340.1
UNHPL,10/14/2020,123.0,123.0,110.0,113.0,-4.24,31713.0,571.0,340.1
UNHPL,10/15/2020,115.0,118.0,111.0,112.0,-0.88,18723.0,571.0,340.1
UNHPL,10/18/2020,110.0,117.0,109.0,112.0,0.0,14050.0,571.0,340.1
UNHPL,10/19/2020,110.0,123.0,110.0,123.0,9.82,33960.0,571.0,340.1
UNHPL,10/20/2020,123.0,129.0,123.0,128.0,4.07,28870.0,571.0,340.1
UNHPL,10/21/2020,128.0,130.0,121.0,123.0,-3.91,24794.0,571.0,340.1
UNHPL,10/22/2020,121.0,126.0,120.0,123.0,0.0,8552.0,571.0,340.1
UNHPL,10/28/2020,121.0,125.0,117.0,122.0,-0.81,7865.0,571.0,340.1
UNHPL,10/29/2020,120.0,123.0,118.0,121.0,-0.82,12500.0,571.0,340.1
UNHPL,11/1/2020,122.0,124.0,117.0,123.0,1.65,14840.0,571.0,340.1
UNHPL,11/2/2020,121.0,125.0,119.0,123.0,0.0,7885.0,571.0,340.1
UNHPL,11/3/2020,129.0,129.0,119.0,120.0,-2.44,12759.0,571.0,340.1
UNHPL,11/4/2020,114.0,126.0,114.0,124.0,3.33,21411.0,571.0,340.1
UNHPL,11/5/2020,122.0,130.0,122.0,124.0,0.0,32195.0,571.0,340.1
UNHPL,11/8/2020,125.0,132.0,125.0,131.0,5.65,66854.0,571.0,340.1
UNHPL,11/9/2020,133.0,139.0,131.0,133.0,1.53,58150.0,571.0,340.1
UNHPL,11/10/2020,132.0,137.0,128.0,131.0,-1.5,26032.0,571.0,340.1
UNHPL,11/11/2020,130.0,134.0,128.0,131.0,0.0,10205.0,571.0,340.1
UNHPL,11/12/2020,133.0,133.0,126.0,128.0,-2.29,12948.0,571.0,340.1
UNHPL,11/18/2020,129.0,129.0,123.0,124.0,-3.12,22163.0,571.0,340.1
UNHPL,11/19/2020,123.0,130.0,120.0,126.0,1.61,24795.0,571.0,340.1
UNHPL,11/22/2020,126.0,129.0,122.0,122.0,-3.17,15940.0,571.0,340.1
UNHPL,11/23/2020,121.0,124.0,120.0,122.0,0.0,28053.0,571.0,340.1
UNHPL,11/24/2020,118.0,127.0,118.0,123.0,0.82,21020.0,571.0,340.1
UNHPL,11/25/2020,123.0,128.0,123.0,125.0,1.63,27096.0,571.0,340.1
UNHPL,11/26/2020,126.0,130.0,124.0,126.0,0.8,32369.0,571.0,340.1
UNHPL,11/29/2020,127.0,127.0,122.0,123.0,-2.38,20728.0,571.0,340.1
UNHPL,11/30/2020,121.0,130.0,121.0,129.0,4.88,33771.0,571.0,340.1
UNHPL,12/1/2020,131.0,131.0,122.0,126.0,-2.33,12377.0,571.0,340.1
UNHPL,12/2/2020,132.0,132.0,121.0,125.0,-0.79,22871.0,571.0,340.1
UNHPL,12/3/2020,123.0,124.0,122.0,124.0,-0.8,13201.0,571.0,340.1
UNHPL,12/6/2020,122.0,123.0,119.0,119.0,-4.03,12180.0,571.0,340.1
UNHPL,12/7/2020,117.0,123.0,116.0,121.0,1.68,16195.0,571.0,340.1
UNHPL,12/8/2020,120.0,123.0,119.0,121.0,0.0,15676.0,571.0,340.1
UNHPL,12/9/2020,123.0,123.0,118.0,118.0,-2.48,13946.0,571.0,340.1
UNHPL,12/10/2020,120.0,124.0,116.0,117.0,-0.85,9626.0,571.0,340.1
UNHPL,12/13/2020,122.0,122.0,116.0,118.0,0.85,20547.0,571.0,340.1
UNHPL,12/14/2020,117.0,118.0,116.0,118.0,0.0,12645.0,571.0,340.1
UNHPL,12/15/2020,116.0,118.0,115.0,116.0,-1.69,15450.0,571.0,340.1
UNHPL,12/16/2020,115.0,117.0,115.0,117.0,0.86,14229.0,571.0,340.1
UNHPL,12/17/2020,115.0,116.0,113.0,115.0,-1.71,17045.0,571.0,340.1
UNHPL,12/20/2020,113.0,113.0,106.0,106.0,-7.83,23425.0,571.0,340.1
UNHPL,12/21/2020,105.0,116.0,102.0,107.0,0.94,19553.0,571.0,340.1
UNHPL,12/22/2020,109.0,115.0,109.0,112.0,4.67,8420.0,571.0,340.1
UNHPL,12/23/2020,113.0,113.0,108.0,109.0,-2.68,7020.0,571.0,340.1
UNHPL,12/24/2020,110.0,110.0,106.0,108.0,-0.92,13907.0,571.0,340.1
UNHPL,12/27/2020,108.0,112.0,106.0,107.0,-0.93,12427.0,571.0,340.1
UNHPL,12/28/2020,106.0,108.0,106.0,107.0,0.0,10701.0,571.0,340.1
UNHPL,12/29/2020,107.0,110.0,106.0,106.0,-0.93,3720.0,571.0,340.1
UNHPL,12/30/2020,106.0,108.0,105.0,106.0,0.0,4230.0,571.0,340.1
UNHPL,12/31/2020,106.0,108.0,104.0,106.0,0.0,12268.0,571.0,340.1
UNHPL,1/3/2021,105.0,110.0,104.0,110.0,3.77,13938.0,571.0,340.1
UNHPL,1/4/2021,108.0,110.0,106.0,109.0,-0.91,2770.0,571.0,340.1
UNHPL,1/5/2021,107.0,119.0,105.0,114.0,4.59,32632.0,571.0,340.1
UNHPL,1/6/2021,116.0,120.0,112.0,115.0,0.88,25222.0,571.0,340.1
UNHPL,1/7/2021,113.0,115.0,111.0,115.0,0.0,14673.0,571.0,340.1
UNHPL,1/10/2021,115.0,117.0,111.0,112.0,-2.61,7770.0,571.0,340.1
UNHPL,1/11/2021,110.0,114.0,110.0,112.0,0.0,15410.0,571.0,340.1
UNHPL,1/12/2021,112.0,116.0,109.0,112.0,0.0,16223.0,571.0,340.1
UNHPL,1/13/2021,110.0,116.0,110.0,114.0,1.79,15210.0,571.0,340.1
UNHPL,1/17/2021,112.0,114.0,112.0,113.0,-0.88,7910.0,571.0,340.1
UNHPL,1/18/2021,113.0,115.0,112.0,112.0,-0.88,15015.0,571.0,340.1
UNHPL,1/19/2021,112.0,115.0,110.0,111.0,-0.89,12155.0,571.0,340.1
UNHPL,1/20/2021,112.0,113.0,110.0,112.0,0.9,14314.0,571.0,340.1
UNHPL,1/21/2021,111.0,117.0,111.0,115.0,2.68,20499.0,571.0,340.1
UNHPL,1/24/2021,120.0,120.0,114.0,116.0,0.87,19332.0,571.0,340.1
UNHPL,1/25/2021,120.0,120.0,114.0,116.0,0.0,22760.0,571.0,340.1
UNHPL,1/26/2021,117.0,118.0,115.0,117.0,0.86,26481.0,571.0,340.1
UNHPL,1/27/2021,118.0,122.0,116.0,121.0,3.42,34398.0,571.0,340.1
UNHPL,1/28/2021,120.0,122.0,117.0,119.0,-1.65,27557.0,571.0,340.1
UNHPL,1/31/2021,120.0,122.0,114.0,115.0,-3.36,30137.0,571.0,340.1
UNHPL,2/1/2021,114.0,119.0,114.0,117.0,1.74,7082.0,571.0,340.1
UNHPL,2/2/2021,117.0,119.0,115.0,116.0,-0.85,16135.0,571.0,340.1
UNHPL,2/3/2021,118.0,119.0,115.0,116.0,0.0,23334.0,571.0,340.1
UNHPL,2/4/2021,115.0,119.0,115.0,118.0,1.72,35732.0,571.0,340.1
UNHPL,2/7/2021,120.0,122.0,118.0,119.0,0.85,28851.0,571.0,340.1
UNHPL,2/8/2021,121.0,123.0,117.0,118.0,-0.84,24909.0,571.0,340.1
UNHPL,2/11/2021,123.0,123.0,115.0,115.0,-2.54,20065.0,571.0,340.1
UNHPL,2/14/2021,115.0,119.0,114.0,115.0,0.0,14851.0,571.0,340.1
UNHPL,2/15/2021,117.0,121.0,115.0,115.0,0.0,26441.0,571.0,340.1
UNHPL,2/16/2021,115.0,118.0,114.0,118.0,2.61,13904.0,571.0,340.1
UNHPL,2/17/2021,120.0,120.0,114.0,116.0,-1.69,12323.0,571.0,340.1
UNHPL,2/18/2021,118.0,118.0,115.0,115.0,-0.86,19114.0,571.0,340.1
UNHPL,2/21/2021,113.0,121.0,113.0,118.0,2.61,62745.0,571.0,340.1
UNHPL,2/22/2021,123.0,129.0,118.0,126.0,6.78,143326.0,571.0,340.1
UNHPL,2/23/2021,130.0,130.0,118.0,126.0,0.0,36746.0,571.0,340.1
UNHPL,2/24/2021,132.0,132.0,120.0,122.0,-3.17,24136.0,571.0,340.1
UNHPL,2/25/2021,124.0,126.0,119.0,120.0,-1.64,14928.0,571.0,340.1
UNHPL,2/28/2021,120.0,120.0,115.0,116.0,-3.33,23588.0,571.0,340.1
UNHPL,3/1/2021,117.0,120.0,115.0,120.0,3.45,10271.0,571.0,340.1
UNHPL,3/2/2021,126.0,126.0,115.0,117.0,-2.5,16996.0,571.0,340.1
UNHPL,3/3/2021,122.0,122.0,113.0,115.0,-1.71,10365.0,571.0,340.1
UNHPL,3/4/2021,115.0,119.0,115.0,116.0,0.87,7820.0,571.0,340.1
UNHPL,3/7/2021,116.0,118.0,115.0,117.0,0.86,8486.0,571.0,340.1
UNHPL,3/9/2021,117.0,119.0,116.0,117.0,0.0,15926.0,571.0,340.1
UNHPL,3/10/2021,117.0,117.0,115.0,117.0,0.0,9665.0,571.0,340.1
UNHPL,3/14/2021,122.0,122.0,113.0,114.0,-2.56,14410.0,571.0,340.1
UNHPL,3/15/2021,115.0,119.0,113.0,118.0,3.51,25222.0,571.0,340.1
UNHPL,3/16/2021,119.0,128.0,118.0,125.0,5.93,135353.0,571.0,340.1
UNHPL,3/17/2021,128.0,137.0,125.0,136.0,8.8,138408.0,571.0,340.1
UNHPL,3/18/2021,142.0,142.0,128.0,130.0,-4.41,55332.0,571.0,340.1
UNHPL,3/21/2021,135.0,135.0,122.0,126.0,-3.08,28750.0,571.0,340.1
UNHPL,3/22/2021,128.0,128.0,123.0,125.0,-0.79,30103.0,571.0,340.1
UNHPL,3/23/2021,124.0,130.0,122.0,128.0,2.4,22710.0,571.0,340.1
UNHPL,3/24/2021,129.0,131.0,126.0,128.0,0.0,26504.0,571.0,340.1
UNHPL,3/25/2021,127.0,128.0,123.0,125.0,-2.34,33675.0,571.0,340.1
UNHPL,3/29/2021,125.0,128.0,123.0,126.0,0.8,14096.0,571.0,340.1
UNHPL,3/30/2021,124.0,129.0,124.0,126.0,0.0,23922.0,571.0,340.1
UNHPL,3/31/2021,126.0,128.0,124.0,125.0,-0.79,14380.0,571.0,340.1
UNHPL,4/1/2021,125.0,127.0,123.0,124.0,-0.8,23807.0,571.0,340.1
UNHPL,4/4/2021,130.0,130.0,122.0,124.0,0.0,19466.0,571.0,340.1
UNHPL,4/5/2021,118.0,134.0,118.0,128.0,3.23,40028.0,571.0,340.1
UNHPL,4/6/2021,126.0,136.0,126.0,135.0,5.47,92248.0,571.0,340.1
UNHPL,4/7/2021,137.0,144.0,133.0,136.0,0.74,75457.0,571.0,340.1
UNHPL,4/8/2021,136.0,137.0,133.0,133.0,-2.21,32322.0,571.0,340.1
UNHPL,4/12/2021,133.0,135.0,132.0,132.0,-0.75,36667.0,571.0,340.1
UNHPL,4/13/2021,130.0,135.0,130.0,131.0,-0.76,35274.0,571.0,340.1
UNHPL,4/15/2021,131.0,137.0,131.0,134.0,2.29,40708.0,571.0,340.1
UNHPL,4/18/2021,135.0,142.0,134.0,138.0,2.99,64206.0,571.0,340.1
UNHPL,4/19/2021,138.0,140.0,132.0,135.0,-2.17,39421.0,571.0,340.1
UNHPL,4/20/2021,135.0,139.0,135.0,138.0,2.22,21997.0,571.0,340.1
UNHPL,4/21/2021,144.0,151.0,136.0,148.0,7.25,164542.0,571.0,340.1
UNHPL,4/22/2021,150.0,152.0,140.0,148.0,0.0,75803.0,571.0,340.1
UNHPL,4/25/2021,155.0,155.0,137.0,137.0,-7.43,43614.0,571.0,340.1
UNHPL,4/26/2021,139.0,139.0,130.0,134.0,-2.19,47771.0,571.0,340.1
UNHPL,4/27/2021,134.0,143.0,132.0,140.0,4.48,28968.0,571.0,340.1
UNHPL,4/28/2021,142.0,142.0,136.0,136.0,-2.86,12519.0,571.0,340.1
UNHPL,4/29/2021,134.0,141.0,134.0,141.0,3.68,19243.0,571.0,340.1
UNHPL,5/2/2021,140.0,146.0,139.0,145.0,2.84,50911.0,571.0,340.1
UNHPL,5/3/2021,143.0,148.0,140.0,143.0,-1.38,51418.0,571.0,340.1
UNHPL,5/4/2021,145.0,156.0,140.0,153.0,6.99,120504.0,571.0,340.1
UNHPL,5/5/2021,155.0,168.0,154.0,168.0,9.8,194018.0,571.0,340.1
UNHPL,5/6/2021,176.0,184.0,165.0,184.0,9.52,189312.0,571.0,340.1
UNHPL,5/9/2021,193.0,193.0,166.0,167.0,-9.24,125731.0,571.0,340.1
UNHPL,5/10/2021,167.0,176.0,160.0,172.0,2.99,60115.0,571.0,340.1
UNHPL,5/11/2021,164.0,182.0,164.0,181.0,5.23,91376.0,571.0,340.1
UNHPL,5/12/2021,184.0,199.0,183.0,199.0,9.94,180193.0,571.0,340.1
UNHPL,5/13/2021,205.0,218.0,196.0,218.0,9.55,138444.0,571.0,340.1
UNHPL,5/16/2021,220.0,220.0,204.0,207.0,-5.05,139661.0,571.0,340.1
UNHPL,5/17/2021,210.0,224.0,202.0,216.0,4.35,111453.0,571.0,340.1
UNHPL,5/18/2021,219.0,237.0,216.0,237.0,9.72,117948.0,571.0,340.1
UNHPL,5/19/2021,240.0,255.0,224.0,226.0,-4.64,116939.0,571.0,340.1
UNHPL,5/20/2021,237.0,237.0,216.0,220.0,-2.65,53279.0,571.0,340.1
UNHPL,5/23/2021,209.0,241.0,209.0,226.0,2.73,100788.0,571.0,340.1
UNHPL,5/24/2021,237.0,237.0,217.0,221.0,-2.21,82024.0,571.0,340.1
UNHPL,5/25/2021,224.0,236.0,217.0,235.0,6.33,134993.0,571.0,340.1
UNHPL,5/27/2021,235.0,258.0,225.0,258.0,9.79,165212.0,571.0,340.1
UNHPL,5/30/2021,265.0,283.0,261.0,283.0,9.69,254405.0,571.0,340.1
UNHPL,5/31/2021,297.0,297.0,265.0,266.0,-6.01,127437.0,571.0,340.1
UNHPL,6/1/2021,262.0,270.0,248.0,257.0,-3.38,83818.0,571.0,340.1
UNHPL,6/2/2021,257.0,282.0,246.0,282.0,9.73,159325.0,571.0,340.1
UNHPL,6/3/2021,296.0,310.0,281.0,292.0,3.55,225284.0,571.0,340.1
UNHPL,6/6/2021,292.0,292.0,263.0,277.0,-5.14,87111.0,571.0,340.1
UNHPL,6/7/2021,290.0,293.0,274.0,292.0,5.42,123594.0,571.0,340.1
UNHPL,6/8/2021,295.0,310.0,292.0,300.0,2.74,137336.0,571.0,340.1
UNHPL,6/9/2021,315.0,315.0,287.0,292.0,-2.67,73201.0,571.0,340.1
UNHPL,6/10/2021,300.0,309.0,285.0,305.0,4.45,141909.0,571.0,340.1
UNHPL,6/13/2021,320.0,335.0,305.0,335.0,9.84,205030.0,571.0,340.1
UNHPL,6/14/2021,351.0,368.0,351.0,368.0,9.85,77196.0,571.0,340.1
UNHPL,6/15/2021,386.0,404.0,386.0,404.0,9.78,85644.0,571.0,340.1
UNHPL,6/16/2021,404.0,435.0,364.0,435.0,7.67,408828.0,571.0,340.1
UNHPL,6/17/2021,439.0,470.0,404.0,428.0,-1.61,123272.0,571.0,340.1
UNHPL,6/20/2021,407.0,431.0,386.0,386.0,-9.81,159639.0,571.0,340.1
UNHPL,6/21/2021,390.0,390.0,348.0,352.0,-8.81,121449.0,571.0,340.1
UNHPL,6/22/2021,365.0,387.0,325.0,387.0,9.94,97669.0,571.0,340.1
UNHPL,6/23/2021,406.0,406.0,376.0,380.0,-1.81,75655.0,571.0,340.1
UNHPL,6/24/2021,373.0,391.0,367.0,372.0,-2.11,44984.0,571.0,340.1
UNHPL,6/27/2021,390.0,390.0,360.0,360.0,-3.23,48061.0,571.0,340.1
UNHPL,6/28/2021,360.0,367.0,345.0,350.0,-2.78,37357.0,571.0,340.1
UNHPL,6/29/2021,345.0,357.0,325.0,327.0,-6.57,51692.0,571.0,340.1
UNHPL,6/30/2021,324.0,350.0,314.0,330.0,0.92,59268.0,571.0,340.1
UNHPL,7/1/2021,340.0,351.0,331.0,350.0,6.06,36670.0,571.0,340.1
UNHPL,7/4/2021,355.0,356.0,341.0,345.0,-1.43,25163.0,571.0,340.1
UNHPL,7/5/2021,349.0,353.0,338.0,338.0,-2.03,27424.0,571.0,340.1
UNHPL,7/6/2021,338.0,350.0,336.0,338.0,0.0,20325.0,571.0,340.1
UNHPL,7/7/2021,354.0,354.0,334.0,341.0,0.89,25923.0,571.0,340.1
UNHPL,7/8/2021,341.0,360.0,339.0,357.0,4.69,35087.0,571.0,340.1
UNHPL,7/11/2021,360.0,378.0,345.0,375.0,5.04,73652.0,571.0,340.1
UNHPL,7/12/2021,380.0,385.0,348.0,355.0,-5.33,55369.0,571.0,340.1
UNHPL,7/13/2021,372.0,372.0,344.0,352.0,-0.85,26017.0,571.0,340.1
UNHPL,7/14/2021,369.0,369.0,348.0,361.0,2.56,24732.0,571.0,340.1
UNHPL,7/15/2021,368.0,381.0,363.0,370.0,2.49,66436.0,571.0,340.1
UNHPL,7/18/2021,377.0,384.0,366.0,371.0,0.27,37333.0,571.0,340.1
UNHPL,7/19/2021,371.0,381.0,368.0,373.0,0.54,43603.0,571.0,340.1
UNHPL,7/20/2021,380.0,401.0,370.0,394.0,5.63,123317.0,571.0,340.1
UNHPL,7/22/2021,401.8,410.0,388.0,389.0,-1.27,100243.0,571.0,340.1
UNHPL,7/25/2021,396.5,407.0,387.0,404.7,4.04,94321.0,571.0,340.1
UNHPL,7/26/2021,410.0,420.0,403.8,407.0,0.57,86097.0,571.0,340.1
UNHPL,7/27/2021,415.0,445.0,412.0,436.0,7.13,133618.0,571.0,340.1
UNHPL,7/28/2021,444.7,460.0,418.0,421.0,-3.44,126562.0,571.0,340.1
UNHPL,7/29/2021,421.0,421.0,404.5,410.9,-2.4,70029.0,571.0,340.1
UNHPL,8/1/2021,419.1,432.0,406.0,429.0,4.4,86321.0,571.0,340.1
UNHPL,8/2/2021,437.5,445.0,417.0,420.0,-2.1,76929.0,571.0,340.1
UNHPL,8/3/2021,412.0,440.2,412.0,438.9,4.5,80606.0,571.0,340.1
UNHPL,8/4/2021,447.6,470.0,440.0,458.5,4.47,127548.0,571.0,340.1
UNHPL,8/5/2021,467.6,467.6,432.0,436.0,-4.91,102050.0,571.0,340.1
UNHPL,8/8/2021,444.7,466.0,426.0,455.0,4.36,100905.0,571.0,340.1
UNHPL,8/9/2021,464.1,500.5,457.0,500.5,10.0,200711.0,571.0,340.1
UNHPL,8/10/2021,510.5,544.0,502.0,515.0,2.9,187816.0,571.0,340.1
UNHPL,8/11/2021,525.0,535.5,510.0,529.0,2.72,111113.0,571.0,340.1
UNHPL,8/12/2021,532.0,539.0,510.1,518.9,-1.91,95870.0,571.0,340.1
UNHPL,8/15/2021,510.0,518.0,470.0,491.0,-5.38,131766.0,571.0,340.1
UNHPL,8/16/2021,500.0,537.0,490.0,528.0,7.54,118295.0,571.0,340.1
UNHPL,8/17/2021,535.0,580.8,535.0,560.0,6.06,101950.0,571.0,340.1
UNHPL,8/18/2021,571.0,612.0,558.0,560.0,0.0,117886.0,571.0,340.1
UNHPL,8/19/2021,560.0,580.0,521.0,527.0,-5.89,143999.0,571.0,340.1
UNHPL,8/24/2021,516.5,516.5,474.3,474.3,-10.0,147570.0,571.0,340.1
UNHPL,8/25/2021,464.9,502.0,439.0,476.0,0.36,101459.0,571.0,340.1
UNHPL,8/26/2021,477.0,522.0,477.0,510.0,7.14,76853.0,571.0,340.1
UNHPL,8/29/2021,520.0,520.0,486.0,488.0,-4.31,72147.0,571.0,340.1
UNHPL,8/31/2021,479.0,496.3,465.0,465.0,-4.71,54341.0,571.0,340.1
UNHPL,9/1/2021,474.0,493.0,460.0,474.0,1.94,46304.0,571.0,340.1
UNHPL,9/2/2021,483.4,490.0,441.0,451.0,-4.85,26546.0,571.0,340.1
UNHPL,9/5/2021,442.0,468.9,405.9,411.8,-8.69,54072.0,571.0,340.1
UNHPL,9/6/2021,412.0,452.9,404.0,452.9,9.98,55036.0,571.0,340.1
UNHPL,9/7/2021,456.0,473.0,443.1,454.0,0.24,40755.0,571.0,340.1
UNHPL,9/8/2021,445.0,460.0,437.0,437.0,-3.74,21741.0,571.0,340.1
UNHPL,9/9/2021,445.7,477.0,440.0,469.0,7.32,88448.0,571.0,340.1
UNHPL,9/12/2021,478.3,511.0,478.3,510.0,8.74,67735.0,571.0,340.1
UNHPL,9/13/2021,520.0,520.0,480.0,494.0,-3.14,68410.0,571.0,340.1
UNHPL,9/14/2021,503.0,503.0,474.4,481.0,-2.63,35800.0,571.0,340.1
UNHPL,9/15/2021,489.0,489.0,465.0,465.1,-3.31,24349.0,571.0,340.1
UNHPL,9/16/2021,456.0,460.0,430.0,436.0,-6.26,58372.0,571.0,340.1
UNHPL,9/20/2021,429.0,429.0,392.4,396.0,-9.17,64732.0,571.0,340.1
UNHPL,9/21/2021,396.0,426.0,360.0,405.0,2.27,42142.0,571.0,340.1
UNHPL,9/22/2021,413.0,445.5,413.0,445.5,10.0,47021.0,571.0,340.1
UNHPL,9/23/2021,454.0,455.0,420.0,423.0,-5.05,36670.0,571.0,340.1
UNHPL,9/26/2021,415.0,422.0,394.0,395.2,-6.57,38858.0,571.0,340.1
UNHPL,9/27/2021,402.0,418.2,376.0,376.0,-4.86,25771.0,571.0,340.1
UNHPL,9/28/2021,370.0,382.9,343.1,347.0,-7.71,47016.0,571.0,340.1
UNHPL,9/29/2021,344.0,372.2,331.3,366.0,5.48,33760.0,571.0,340.1
UNHPL,9/30/2021,373.3,375.0,347.0,348.0,-4.92,12741.0,571.0,340.1
UNHPL,10/3/2021,341.1,343.0,318.0,320.9,-7.79,29487.0,571.0,340.1
UNHPL,10/4/2021,315.0,330.0,303.1,305.0,-4.95,37092.0,571.0,340.1
UNHPL,10/5/2021,310.0,324.2,306.0,322.0,5.57,27606.0,571.0,340.1
UNHPL,10/6/2021,324.0,338.0,324.0,332.0,3.11,22039.0,571.0,340.1
UNHPL,10/10/2021,338.6,345.0,318.0,322.9,-2.74,17695.0,571.0,340.1
UNHPL,10/11/2021,328.0,328.0,305.1,320.0,-0.9,7037.0,571.0,340.1
UNHPL,10/17/2021,326.0,328.0,310.0,324.0,1.25,5743.0,571.0,340.1
UNHPL,10/18/2021,323.8,323.8,301.0,304.0,-6.17,13351.0,571.0,340.1
UNHPL,10/19/2021,298.0,306.0,275.0,289.0,-4.93,20809.0,571.0,340.1
UNHPL,10/20/2021,294.7,308.0,294.7,306.0,5.88,11317.0,571.0,340.1
UNHPL,10/21/2021,309.0,309.0,296.0,296.0,-3.27,16701.0,571.0,340.1
UNHPL,10/24/2021,300.0,311.0,298.0,309.0,4.39,9750.0,571.0,340.1
UNHPL,10/25/2021,315.0,339.9,314.6,339.9,10.0,29421.0,571.0,340.1
UNHPL,10/26/2021,346.0,373.8,346.0,373.8,9.97,51617.0,571.0,340.1
UNHPL,10/27/2021,381.0,397.0,364.0,379.1,1.42,66227.0,571.0,340.1
UNHPL,10/28/2021,379.1,397.0,368.0,396.0,4.46,34536.0,571.0,340.1
UNHPL,10/31/2021,402.9,435.6,395.0,428.0,8.08,41719.0,571.0,340.1
UNHPL,11/1/2021,430.0,444.0,412.0,414.0,-3.27,38225.0,571.0,340.1
UNHPL,11/2/2021,413.0,433.0,398.0,423.0,2.17,26444.0,571.0,340.1
UNHPL,11/3/2021,431.0,431.0,412.0,415.0,-1.89,18517.0,571.0,340.1
UNHPL,11/8/2021,410.1,423.0,409.0,409.0,-1.45,11808.0,571.0,340.1
UNHPL,11/9/2021,401.0,406.0,373.0,391.0,-4.4,44491.0,571.0,340.1
UNHPL,11/11/2021,383.2,390.0,355.0,367.0,-6.14,39692.0,571.0,340.1
UNHPL,11/14/2021,360.0,381.0,353.0,368.0,0.27,19773.0,571.0,340.1
UNHPL,11/15/2021,375.0,396.7,375.0,385.0,4.62,39148.0,571.0,340.1
UNHPL,11/16/2021,392.0,412.0,389.0,408.2,6.03,37684.0,571.0,340.1
UNHPL,11/17/2021,416.3,432.0,400.0,401.0,-1.76,26012.0,571.0,340.1
UNHPL,11/18/2021,401.0,415.0,394.0,402.9,0.47,52750.0,571.0,340.1
UNHPL,11/21/2021,394.9,419.0,394.9,412.0,2.26,30942.0,571.0,340.1
UNHPL,11/22/2021,415.0,419.9,407.0,408.3,-0.9,16041.0,571.0,340.1
UNHPL,11/23/2021,402.3,410.0,382.3,394.0,-3.5,36770.0,571.0,340.1
UNHPL,11/24/2021,390.0,410.0,375.0,395.1,0.28,20955.0,571.0,340.1
UNHPL,11/25/2021,400.0,407.0,397.0,399.0,0.99,22190.0,571.0,340.1
UNHPL,11/28/2021,395.0,395.0,372.4,377.5,-5.39,24559.0,571.0,340.1
UNHPL,11/29/2021,370.0,392.0,370.0,379.0,0.4,17315.0,571.0,340.1
UNHPL,11/30/2021,386.0,386.0,359.0,380.0,0.26,16915.0,571.0,340.1
UNHPL,12/1/2021,387.6,390.0,377.3,378.0,-0.53,10345.0,571.0,340.1
UNHPL,12/2/2021,371.0,385.5,360.0,362.0,-4.23,23266.0,571.0,340.1
UNHPL,12/5/2021,356.0,364.0,345.0,347.0,-4.14,18664.0,571.0,340.1
UNHPL,12/6/2021,341.0,363.1,330.0,360.9,4.01,20753.0,571.0,340.1
UNHPL,12/7/2021,368.0,375.0,345.0,345.0,-4.41,21128.0,571.0,340.1
UNHPL,12/8/2021,339.0,350.0,325.0,330.0,-4.35,11594.0,571.0,340.1
UNHPL,12/9/2021,325.0,346.2,321.0,328.0,-0.61,13567.0,571.0,340.1
UNHPL,12/12/2021,323.0,323.0,305.0,309.0,-5.79,15326.0,571.0,340.1
UNHPL,12/13/2021,302.9,305.0,278.1,284.0,-8.09,27995.0,571.0,340.1
UNHPL,12/14/2021,289.6,312.4,289.0,312.4,10.0,11932.0,571.0,340.1
UNHPL,12/15/2021,318.6,343.6,315.0,327.0,4.67,34152.0,571.0,340.1
UNHPL,12/16/2021,320.5,331.0,313.9,313.9,-4.01,18720.0,571.0,340.1
UNHPL,12/20/2021,320.1,320.1,300.7,305.0,-2.84,9440.0,571.0,340.1
UNHPL,12/21/2021,309.0,316.0,305.0,315.0,3.28,7529.0,571.0,340.1
UNHPL,12/22/2021,321.0,336.0,319.0,331.0,5.08,16600.0,571.0,340.1
UNHPL,12/23/2021,337.6,345.0,318.0,326.0,-1.51,19355.0,571.0,340.1
UNHPL,12/26/2021,320.0,332.0,319.0,324.0,-0.61,11031.0,571.0,340.1
UNHPL,12/27/2021,320.0,327.9,308.0,308.0,-4.94,23387.0,571.0,340.1
UNHPL,12/28/2021,301.9,320.0,291.0,310.0,0.65,20679.0,571.0,340.1
UNHPL,12/29/2021,305.0,316.0,305.0,308.0,-0.65,6652.0,571.0,340.1
UNHPL,1/2/2022,308.0,314.1,304.0,310.0,0.65,9594.0,571.0,340.1
UNHPL,1/3/2022,310.0,325.0,308.0,312.9,0.94,11179.0,571.0,340.1
UNHPL,1/4/2022,310.0,323.0,310.0,319.0,1.95,15072.0,571.0,340.1
UNHPL,1/5/2022,319.0,333.9,315.0,315.0,-1.25,15423.0,571.0,340.1
UNHPL,1/6/2022,316.0,321.3,312.0,318.5,1.11,14753.0,571.0,340.1
UNHPL,1/9/2022,324.4,350.3,324.4,350.3,9.98,71343.0,571.0,340.1
UNHPL,1/10/2022,357.2,385.3,357.2,385.3,9.99,67905.0,571.0,340.1
UNHPL,1/11/2022,391.9,410.9,383.2,398.0,3.3,25867.0,571.0,340.1
UNHPL,1/12/2022,390.1,402.0,374.3,376.0,-5.53,63364.0,571.0,340.1
UNHPL,1/13/2022,383.0,397.0,368.5,392.7,4.44,40382.0,571.0,340.1
UNHPL,1/16/2022,400.0,412.0,397.0,406.8,3.59,61471.0,571.0,340.1
UNHPL,1/17/2022,414.9,414.9,392.0,401.0,-1.43,31560.0,571.0,340.1
UNHPL,1/18/2022,400.0,402.0,380.1,385.0,-3.99,32556.0,571.0,340.1
UNHPL,1/19/2022,385.0,397.0,375.0,380.0,-1.3,28518.0,571.0,340.1
UNHPL,1/20/2022,380.0,408.0,380.0,407.5,7.24,78521.0,571.0,340.1
UNHPL,1/23/2022,414.4,418.0,399.4,404.0,-0.86,44805.0,571.0,340.1
UNHPL,1/24/2022,396.1,403.0,377.0,381.0,-5.69,50558.0,571.0,340.1
UNHPL,1/25/2022,388.0,395.7,374.0,385.0,1.05,37447.0,571.0,340.1
UNHPL,1/26/2022,385.0,385.0,363.0,381.0,-1.04,38147.0,571.0,340.1
UNHPL,1/27/2022,380.0,387.0,370.5,376.0,-1.31,18995.0,571.0,340.1
UNHPL,1/30/2022,383.5,400.0,383.5,400.0,6.38,37194.0,571.0,340.1
UNHPL,1/31/2022,400.0,402.0,389.0,390.0,-2.5,28160.0,571.0,340.1
UNHPL,2/1/2022,385.0,415.0,384.0,409.0,4.87,70828.0,571.0,340.1
UNHPL,2/3/2022,411.0,423.0,406.3,408.0,-0.24,93603.0,571.0,340.1
UNHPL,2/6/2022,402.0,405.1,391.0,399.0,-2.21,31548.0,571.0,340.1
UNHPL,2/7/2022,398.9,406.9,395.0,403.0,1.0,25142.0,571.0,340.1
UNHPL,2/8/2022,411.0,427.5,390.1,392.5,-2.61,33315.0,571.0,340.1
UNHPL,2/9/2022,393.0,397.0,385.0,390.9,-0.41,19291.0,571.0,340.1
UNHPL,2/10/2022,390.0,393.0,385.4,388.0,-0.74,17186.0,571.0,340.1
UNHPL,2/13/2022,384.0,384.0,357.0,365.0,-5.93,48119.0,571.0,340.1
UNHPL,2/14/2022,372.0,384.9,365.2,369.0,1.1,17516.0,571.0,340.1
UNHPL,2/15/2022,375.0,390.0,370.2,385.0,4.34,14530.0,571.0,340.1
UNHPL,2/16/2022,392.0,392.7,368.0,375.0,-2.6,14579.0,571.0,340.1
UNHPL,2/17/2022,369.1,385.0,369.1,370.0,-1.33,12546.0,571.0,340.1
UNHPL,2/20/2022,362.6,382.0,348.3,374.0,1.08,27683.0,571.0,340.1
UNHPL,2/21/2022,381.0,387.0,370.0,381.0,1.87,13505.0,571.0,340.1
UNHPL,2/22/2022,384.0,391.6,379.2,379.2,-0.47,11286.0,571.0,340.1
UNHPL,2/23/2022,386.7,400.0,380.0,385.0,1.53,31606.0,571.0,340.1
UNHPL,2/24/2022,380.0,392.7,365.0,370.0,-3.9,28490.0,571.0,340.1
UNHPL,2/27/2022,375.1,383.0,368.0,380.0,2.7,24675.0,571.0,340.1
UNHPL,2/28/2022,387.6,395.3,365.6,368.0,-3.16,31065.0,571.0,340.1
UNHPL,3/2/2022,361.0,365.0,350.0,350.0,-4.89,17122.0,571.0,340.1
UNHPL,3/6/2022,355.0,360.4,343.0,346.0,-1.14,13796.0,571.0,340.1
UNHPL,3/7/2022,350.0,355.0,340.0,341.0,-1.45,7963.0,571.0,340.1
UNHPL,3/9/2022,347.0,347.0,324.0,325.0,-4.69,6533.0,571.0,340.1
UNHPL,3/10/2022,325.0,349.0,321.0,349.0,7.38,11187.0,571.0,340.1
UNHPL,3/13/2022,355.0,368.0,352.0,360.0,3.15,20008.0,571.0,340.1
UNHPL,3/14/2022,360.0,365.0,350.0,359.0,-0.28,5980.0,571.0,340.1
UNHPL,3/15/2022,360.0,361.0,347.0,354.8,-1.17,6842.0,571.0,340.1
UNHPL,3/16/2022,355.0,355.0,341.0,347.1,-2.17,6041.0,571.0,340.1
UNHPL,3/20/2022,353.0,353.0,340.2,341.0,-1.76,8763.0,571.0,340.1
UNHPL,3/21/2022,347.0,366.0,340.0,360.0,5.57,20902.0,571.0,340.1
UNHPL,3/22/2022,367.0,367.0,357.0,359.0,-0.28,8642.0,571.0,340.1
UNHPL,3/23/2022,351.9,363.9,348.0,349.0,-2.79,9032.0,571.0,340.1
UNHPL,3/24/2022,345.0,351.0,339.0,339.0,-2.87,13950.0,571.0,340.1
UNHPL,3/27/2022,344.0,345.0,325.0,326.0,-3.83,11883.0,571.0,340.1
UNHPL,3/28/2022,332.0,338.0,320.0,320.1,-1.81,9710.0,571.0,340.1
UNHPL,3/29/2022,326.0,326.0,314.0,324.5,1.37,9580.0,571.0,340.1
UNHPL,3/30/2022,330.0,343.0,323.6,342.0,5.39,11956.0,571.0,340.1
UNHPL,3/31/2022,342.0,345.0,326.1,327.0,-4.39,7350.0,571.0,340.1
UNHPL,4/3/2022,327.0,327.0,320.5,325.0,-0.61,4951.0,571.0,340.1
UNHPL,4/4/2022,323.0,327.0,319.1,321.0,-1.23,4230.0,571.0,340.1
UNHPL,4/5/2022,316.0,320.0,310.0,314.0,-2.18,6328.0,571.0,340.1
UNHPL,4/6/2022,312.0,317.0,304.5,305.0,-2.87,7694.0,571.0,340.1
UNHPL,4/7/2022,311.0,312.0,300.0,309.0,1.31,10661.0,571.0,340.1
UNHPL,4/11/2022,315.0,317.0,295.0,297.0,-3.88,8781.0,571.0,340.1
UNHPL,4/12/2022,300.0,300.0,289.1,294.9,-0.71,11841.0,571.0,340.1
UNHPL,4/13/2022,290.1,312.1,289.1,305.0,3.42,7830.0,571.0,340.1
UNHPL,4/17/2022,311.1,311.1,293.0,293.0,-3.93,3567.0,571.0,340.1
UNHPL,4/18/2022,291.0,291.0,274.4,285.0,-2.73,9605.0,571.0,340.1
UNHPL,4/19/2022,290.0,292.7,275.0,292.7,2.7,9349.0,571.0,340.1
UNHPL,4/20/2022,287.0,292.0,274.0,275.0,-6.05,10006.0,571.0,340.1
UNHPL,4/21/2022,275.0,276.0,252.0,273.0,-0.73,7969.0,571.0,340.1
UNHPL,4/24/2022,278.0,300.3,265.0,295.0,8.06,21030.0,571.0,340.1
UNHPL,4/25/2022,299.0,306.0,284.2,294.1,-0.31,15281.0,571.0,340.1
UNHPL,4/26/2022,289.0,295.1,278.0,290.0,-1.39,7401.0,571.0,340.1
UNHPL,4/27/2022,285.0,292.7,280.0,289.0,-0.34,7637.0,571.0,340.1
UNHPL,4/28/2022,289.0,294.0,279.4,285.0,-1.38,7732.0,571.0,340.1
UNHPL,5/2/2022,279.3,280.0,256.5,260.0,-8.77,143358.0,571.0,340.1
UNHPL,5/4/2022,255.0,255.0,235.3,245.0,-5.77,46091.0,571.0,340.1
UNHPL,5/5/2022,240.1,247.6,225.0,229.0,-6.53,38048.0,571.0,340.1
UNHPL,5/8/2022,225.0,232.0,215.0,230.0,0.44,44398.0,571.0,340.1
UNHPL,5/9/2022,232.9,238.0,223.0,227.3,-1.17,32122.0,571.0,340.1
UNHPL,5/10/2022,230.0,246.0,225.0,233.3,2.64,48197.0,571.0,340.1
UNHPL,5/11/2022,237.9,256.6,237.9,256.6,9.99,104772.0,571.0,340.1
UNHPL,5/12/2022,261.7,280.0,257.0,270.0,5.22,105486.0,571.0,340.1
UNHPL,5/17/2022,266.0,270.0,244.1,251.0,-7.04,52176.0,571.0,340.1
UNHPL,5/18/2022,246.5,268.0,233.3,264.0,5.18,68793.0,571.0,340.1
UNHPL,5/19/2022,264.0,264.0,249.0,250.0,-5.3,28660.0,571.0,340.1
UNHPL,5/20/2022,250.0,256.9,245.0,249.0,-0.4,13515.0,571.0,340.1
UNHPL,5/23/2022,244.5,246.3,235.0,240.0,-3.61,25212.0,571.0,340.1
UNHPL,5/24/2022,244.8,253.0,237.1,246.0,2.5,37718.0,571.0,340.1
UNHPL,5/25/2022,249.0,260.1,247.1,248.0,0.81,24454.0,571.0,340.1
UNHPL,5/26/2022,246.0,252.0,243.0,247.0,-0.4,13422.0,571.0,340.1
UNHPL,5/27/2022,251.9,251.9,240.0,242.0,-2.02,27759.0,571.0,340.1
UNHPL,5/30/2022,243.0,243.3,234.0,234.5,-3.1,23394.0,571.0,340.1
UNHPL,5/31/2022,230.0,240.0,228.9,230.1,-1.88,14263.0,571.0,340.1
UNHPL,6/1/2022,234.7,237.9,230.4,232.9,1.22,28041.0,571.0,340.1
UNHPL,6/2/2022,235.0,237.5,230.0,230.9,-0.86,14499.0,571.0,340.1
UNHPL,6/3/2022,235.5,235.5,225.0,225.0,-2.56,19440.0,571.0,340.1
UNHPL,6/6/2022,229.0,238.0,224.5,230.0,2.22,20602.0,571.0,340.1
UNHPL,6/7/2022,230.0,234.0,223.0,225.0,-2.17,11262.0,571.0,340.1
UNHPL,6/8/2022,228.0,241.0,223.5,238.5,6.0,38811.0,571.0,340.1
UNHPL,6/9/2022,238.0,246.0,230.4,232.0,-2.73,25368.0,571.0,340.1
UNHPL,6/10/2022,232.0,233.0,225.0,226.0,-2.59,29700.0,571.0,340.1
UNHPL,6/13/2022,230.0,231.5,226.0,229.0,1.33,9774.0,571.0,340.1
UNHPL,6/14/2022,232.0,232.0,221.1,223.0,-2.62,14200.0,571.0,340.1
UNHPL,6/15/2022,219.0,223.0,213.0,216.1,-3.09,26541.0,571.0,340.1
UNHPL,6/16/2022,216.0,225.4,212.0,217.0,0.42,23848.0,571.0,340.1
UNHPL,6/17/2022,215.0,219.4,212.0,213.2,-1.75,11955.0,571.0,340.1
UNHPL,6/19/2022,217.4,219.9,199.0,200.0,-6.19,28051.0,571.0,340.1
UNHPL,6/20/2022,196.0,199.4,183.6,185.0,-7.5,59285.0,571.0,340.1
UNHPL,6/21/2022,187.0,198.0,187.0,197.0,6.49,19677.0,571.0,340.1
UNHPL,6/22/2022,199.9,199.9,186.0,190.9,-3.1,12792.0,571.0,340.1
UNHPL,6/23/2022,187.1,187.1,171.9,175.9,-7.86,63042.0,571.0,340.1
UNHPL,6/24/2022,175.9,191.2,165.1,183.0,4.04,36986.0,571.0,340.1
UNHPL,6/26/2022,186.6,201.3,185.0,201.3,10.0,55642.0,571.0,340.1
UNHPL,6/27/2022,205.3,208.0,192.0,192.1,-4.57,52736.0,571.0,340.1
UNHPL,6/28/2022,189.0,194.0,182.3,185.8,-3.28,30625.0,571.0,340.1
UNHPL,6/29/2022,182.1,199.0,179.0,198.0,6.57,35968.0,571.0,340.1
UNHPL,6/30/2022,201.9,212.0,198.1,208.5,5.3,71169.0,571.0,340.1
UNHPL,7/1/2022,212.6,216.0,204.4,207.0,-0.72,42052.0,571.0,340.1
UNHPL,7/3/2022,207.0,221.0,205.0,218.5,5.56,56237.0,571.0,340.1
UNHPL,7/4/2022,218.5,234.9,205.0,205.0,-6.18,95382.0,571.0,340.1
UNHPL,7/5/2022,204.0,225.0,204.0,216.0,5.37,94384.0,571.0,340.1
UNHPL,7/6/2022,214.0,222.0,209.0,219.0,1.39,41095.0,571.0,340.1
UNHPL,7/7/2022,223.3,232.0,217.0,217.2,-0.82,30503.0,571.0,340.1
UNHPL,7/8/2022,213.3,217.5,209.0,210.0,-3.31,24157.0,571.0,340.1
UNHPL,7/11/2022,212.9,213.0,194.5,198.0,-5.71,40129.0,571.0,340.1
UNHPL,7/12/2022,201.0,206.0,197.0,204.9,3.48,23796.0,571.0,340.1
UNHPL,7/13/2022,206.0,217.0,206.0,215.0,4.93,24486.0,571.0,340.1
UNHPL,7/14/2022,217.9,219.3,210.1,215.0,0.0,31588.0,571.0,340.1
UNHPL,7/15/2022,213.0,216.0,211.0,215.0,0.0,7573.0,571.0,340.1
UNHPL,7/17/2022,211.0,219.3,210.9,213.0,-0.93,12903.0,571.0,340.1
UNHPL,7/18/2022,217.0,217.0,209.0,213.1,0.05,13281.0,571.0,340.1
UNHPL,7/19/2022,217.0,219.3,213.2,215.0,0.89,26049.0,571.0,340.1
UNHPL,7/20/2022,212.3,218.0,210.8,212.0,-1.4,23278.0,571.0,340.1
UNHPL,7/21/2022,211.0,216.2,210.0,212.0,0.0,20942.0,571.0,340.1
UNHPL,7/22/2022,208.0,211.1,206.2,207.0,-2.36,14841.0,571.0,340.1
UNHPL,7/24/2022,211.0,218.0,210.0,217.8,5.22,22052.0,571.0,340.1
UNHPL,7/25/2022,219.5,234.0,218.1,230.0,5.6,109703.0,571.0,340.1
UNHPL,7/26/2022,230.1,245.0,229.0,234.0,1.74,103792.0,571.0,340.1
UNHPL,7/27/2022,229.4,256.0,229.4,254.8,8.89,95180.0,571.0,340.1
UNHPL,7/28/2022,259.0,276.4,246.2,260.0,2.04,154021.0,571.0,340.1
UNHPL,7/29/2022,263.0,263.0,251.0,257.0,-1.15,32025.0,571.0,340.1
UNHPL,7/31/2022,260.0,269.0,257.1,264.0,2.72,99986.0,571.0,340.1
UNHPL,8/1/2022,264.0,278.0,252.9,264.0,0.0,94302.0,571.0,340.1
UNHPL,8/2/2022,264.0,268.9,256.2,260.0,-1.52,42161.0,571.0,340.1
UNHPL,8/3/2022,260.0,280.0,260.0,274.1,5.42,157355.0,571.0,340.1
UNHPL,8/4/2022,279.0,279.0,260.0,262.0,-4.41,95129.0,571.0,340.1
UNHPL,8/5/2022,257.3,269.0,257.1,264.0,0.76,77791.0,571.0,340.1
UNHPL,8/7/2022,264.5,272.9,260.5,266.0,0.76,37073.0,571.0,340.1
UNHPL,8/8/2022,271.2,271.2,257.0,260.0,-2.26,33746.0,571.0,340.1
UNHPL,8/9/2022,260.0,260.0,244.2,245.0,-5.77,71095.0,571.0,340.1
UNHPL,8/10/2022,241.1,253.9,238.5,247.1,0.86,70647.0,571.0,340.1
UNHPL,8/11/2022,252.0,257.0,238.0,243.0,-1.66,38565.0,571.0,340.1
UNHPL,8/14/2022,247.8,247.8,232.3,236.0,-2.88,38473.0,571.0,340.1
UNHPL,8/15/2022,240.0,253.0,239.0,250.0,5.93,57161.0,571.0,340.1
UNHPL,8/16/2022,255.0,255.0,240.5,243.0,-2.8,42908.0,571.0,340.1
UNHPL,8/17/2022,243.0,246.9,238.0,241.0,-0.82,28595.0,571.0,340.1
UNHPL,8/18/2022,245.8,252.0,241.1,251.0,4.15,57181.0,571.0,340.1
UNHPL,8/21/2022,251.0,256.0,245.2,248.0,-1.2,25853.0,571.0,340.1
UNHPL,8/22/2022,243.1,248.8,241.3,245.0,-1.21,15941.0,571.0,340.1
UNHPL,8/23/2022,248.0,248.0,242.0,242.2,-1.14,15448.0,571.0,340.1
UNHPL,8/24/2022,243.0,249.9,241.5,243.0,0.33,20759.0,571.0,340.1
UNHPL,8/25/2022,247.0,247.0,235.2,236.1,-2.84,26578.0,571.0,340.1
UNHPL,8/26/2022,232.1,238.0,232.1,234.0,-0.89,18939.0,571.0,340.1
UNHPL,8/28/2022,230.0,237.6,221.1,224.0,-4.27,49261.0,571.0,340.1
UNHPL,8/29/2022,220.2,226.0,219.6,224.6,0.27,17114.0,571.0,340.1
UNHPL,8/30/2022,228.8,228.8,219.1,219.3,-2.36,13305.0,571.0,340.1
UNHPL,8/31/2022,220.0,223.6,213.0,215.0,-1.96,19935.0,571.0,340.1
UNHPL,9/1/2022,219.3,219.3,206.6,214.8,-0.09,80940.0,571.0,340.1
UNHPL,9/2/2022,215.5,216.7,210.0,212.7,-0.98,18711.0,571.0,340.1
UNHPL,9/4/2022,216.9,218.0,211.0,216.6,1.83,19530.0,571.0,340.1
UNHPL,9/5/2022,215.1,219.3,211.0,214.0,-1.2,19762.0,571.0,340.1
UNHPL,9/6/2022,214.0,214.0,207.0,209.0,-2.34,16105.0,571.0,340.1
UNHPL,9/7/2022,205.7,208.0,204.0,207.0,-0.96,11071.0,571.0,340.1
UNHPL,9/8/2022,203.0,217.3,203.0,211.0,1.93,17686.0,571.0,340.1
UNHPL,9/11/2022,208.0,215.0,207.0,211.0,0.0,14322.0,571.0,340.1
UNHPL,9/12/2022,211.0,211.0,204.0,207.6,-1.61,18836.0,571.0,340.1
UNHPL,9/13/2022,210.0,212.0,207.5,209.5,0.92,12793.0,571.0,340.1
UNHPL,9/14/2022,208.0,221.0,208.0,217.2,3.68,32487.0,571.0,340.1
UNHPL,9/15/2022,218.0,218.0,204.0,204.9,-5.66,50697.0,571.0,340.1
UNHPL,9/16/2022,200.9,204.0,193.1,199.5,-2.64,28251.0,571.0,340.1
UNHPL,9/18/2022,196.0,200.0,189.0,189.5,-5.01,22785.0,571.0,340.1
UNHPL,9/20/2022,192.0,192.0,184.0,186.0,-1.85,20231.0,571.0,340.1
UNHPL,9/21/2022,188.0,193.0,185.0,189.0,1.61,16986.0,571.0,340.1
UNHPL,9/22/2022,186.0,194.8,186.0,187.0,-1.06,13185.0,571.0,340.1
UNHPL,9/25/2022,184.0,184.0,179.0,180.0,-3.74,10905.0,571.0,340.1
UNHPL,9/27/2022,180.0,190.3,177.0,185.0,2.78,9153.0,571.0,340.1
UNHPL,9/28/2022,187.0,190.6,182.3,182.5,-1.35,7207.0,571.0,340.1
UNHPL,9/29/2022,185.9,186.0,176.1,180.2,-1.26,8519.0,571.0,340.1
UNHPL,10/9/2022,183.8,188.0,183.8,188.0,4.33,13151.0,571.0,340.1
UNHPL,10/10/2022,190.0,191.7,181.6,183.0,-2.66,8141.0,571.0,340.1
UNHPL,10/11/2022,180.5,183.9,179.0,183.9,0.49,9281.0,571.0,340.1
UNHPL,10/12/2022,187.0,187.0,180.0,185.0,0.6,8750.0,571.0,340.1
UNHPL,10/13/2022,188.0,188.5,184.0,185.0,0.0,6116.0,571.0,340.1
UNHPL,10/16/2022,185.0,186.0,178.0,178.0,-3.78,7823.0,571.0,340.1
UNHPL,10/17/2022,176.0,179.5,173.5,175.0,-1.69,9576.0,571.0,340.1
UNHPL,10/19/2022,175.0,177.0,170.0,173.3,-0.97,12011.0,571.0,340.1
UNHPL,10/20/2022,173.0,173.4,166.6,169.9,-1.96,11629.0,571.0,340.1
UNHPL,10/23/2022,172.0,172.6,171.0,172.0,1.24,1998.0,571.0,340.1
UNHPL,10/31/2022,172.0,172.0,167.1,170.0,-1.16,7874.0,571.0,340.1
UNHPL,11/1/2022,172.0,186.0,171.9,185.0,8.82,26691.0,571.0,340.1
UNHPL,11/2/2022,187.0,194.9,184.0,191.0,3.24,43103.0,571.0,340.1
UNHPL,11/3/2022,194.0,194.8,187.1,192.0,0.52,42810.0,571.0,340.1
UNHPL,11/6/2022,190.0,199.0,189.0,198.0,3.12,34891.0,571.0,340.1
UNHPL,11/7/2022,198.0,204.8,194.0,194.1,-1.97,40996.0,571.0,340.1
UNHPL,11/8/2022,196.0,196.0,191.1,194.4,0.15,12067.0,571.0,340.1
UNHPL,11/9/2022,192.1,195.0,183.3,184.3,-5.2,20560.0,571.0,340.1
UNHPL,11/10/2022,185.0,187.0,177.6,179.0,-2.88,18718.0,571.0,340.1
UNHPL,11/13/2022,180.0,182.9,176.2,177.0,-1.12,11898.0,571.0,340.1
UNHPL,11/14/2022,175.0,185.0,175.0,184.0,3.95,9765.0,571.0,340.1
UNHPL,11/15/2022,187.0,189.9,182.0,183.5,-0.27,15548.0,571.0,340.1
UNHPL,11/16/2022,185.0,188.0,184.0,185.3,0.98,7495.0,571.0,340.1
UNHPL,11/17/2022,189.0,199.0,189.0,196.0,5.77,23206.0,571.0,340.1
UNHPL,11/22/2022,199.0,203.8,186.7,191.2,-2.45,24979.0,571.0,340.1
UNHPL,11/23/2022,194.0,194.0,189.0,193.0,0.94,9861.0,571.0,340.1
UNHPL,11/24/2022,195.0,203.0,189.6,197.0,2.07,37124.0,571.0,340.1
UNHPL,11/27/2022,199.9,207.0,198.0,202.0,2.54,38869.0,571.0,340.1
UNHPL,11/28/2022,205.0,209.0,199.0,199.0,-1.49,23511.0,571.0,340.1
UNHPL,11/29/2022,200.0,206.8,199.0,200.0,0.5,10133.0,571.0,340.1
UNHPL,11/30/2022,203.5,203.5,201.0,201.9,0.95,10847.0,571.0,340.1
UNHPL,12/1/2022,204.9,206.5,198.4,202.9,0.5,21883.0,571.0,340.1
UNHPL,12/4/2022,206.0,207.9,200.0,203.0,0.05,18722.0,571.0,340.1
UNHPL,12/5/2022,200.0,200.0,193.0,194.0,-4.43,19786.0,571.0,340.1
UNHPL,12/6/2022,196.0,196.0,190.0,193.4,-0.31,6721.0,571.0,340.1
UNHPL,12/7/2022,190.0,193.9,189.6,190.0,-1.76,14198.0,571.0,340.1
UNHPL,12/11/2022,186.3,189.5,183.0,189.5,-0.26,7880.0,571.0,340.1
UNHPL,12/12/2022,186.2,191.7,180.0,191.0,0.79,26635.0,571.0,340.1
UNHPL,12/13/2022,194.5,194.5,184.0,190.0,-0.52,7159.0,571.0,340.1
UNHPL,12/14/2022,189.0,190.0,186.5,190.0,0.0,6820.0,571.0,340.1
UNHPL,12/15/2022,186.2,189.9,183.3,183.9,-3.21,13073.0,571.0,340.1
UNHPL,12/18/2022,180.6,181.0,175.0,175.5,-4.57,22167.0,571.0,340.1
UNHPL,12/19/2022,178.0,179.5,176.0,177.0,0.85,7623.0,571.0,340.1
UNHPL,12/20/2022,175.0,180.3,175.0,177.0,0.0,12602.0,571.0,340.1
UNHPL,12/21/2022,177.0,178.0,173.0,173.1,-2.2,11518.0,571.0,340.1
UNHPL,12/22/2022,176.0,176.0,171.9,174.0,0.52,11051.0,571.0,340.1
UNHPL,12/26/2022,177.4,191.0,177.4,191.0,9.77,36571.0,571.0,340.1
UNHPL,12/27/2022,194.8,204.0,194.2,198.0,3.66,57510.0,571.0,340.1
UNHPL,12/28/2022,201.9,201.9,190.3,195.9,-1.06,36667.0,571.0,340.1
UNHPL,12/29/2022,193.0,205.0,192.1,204.8,4.54,46379.0,571.0,340.1
UNHPL,1/1/2023,208.8,213.0,198.9,202.0,-1.37,66352.0,571.0,340.1
UNHPL,1/2/2023,202.0,214.0,198.0,212.0,4.95,91118.0,571.0,340.1
UNHPL,1/3/2023,212.0,219.0,209.0,215.0,1.42,83624.0,571.0,340.1
UNHPL,1/4/2023,215.0,227.7,214.8,226.0,5.12,60373.0,571.0,340.1
UNHPL,1/5/2023,230.2,235.5,223.1,227.0,0.44,35466.0,571.0,340.1
UNHPL,1/8/2023,228.9,234.3,220.0,221.0,-2.64,117323.0,571.0,340.1
UNHPL,1/9/2023,223.0,243.1,223.0,243.1,10.0,155395.0,571.0,340.1
UNHPL,1/10/2023,247.0,266.0,238.0,247.0,1.6,176894.0,571.0,340.1
UNHPL,1/12/2023,250.0,262.0,235.3,240.0,-2.83,122657.0,571.0,340.1
UNHPL,1/17/2023,242.0,255.9,233.0,253.0,5.42,98781.0,571.0,340.1
UNHPL,1/18/2023,258.0,264.9,250.0,254.0,0.4,117428.0,571.0,340.1
UNHPL,1/19/2023,257.0,259.0,246.0,254.0,0.0,52228.0,571.0,340.1
UNHPL,1/23/2023,250.0,252.0,240.7,242.0,-4.72,64745.0,571.0,340.1
UNHPL,1/24/2023,240.0,246.8,234.0,245.0,1.24,66346.0,571.0,340.1
UNHPL,1/25/2023,249.9,259.0,245.6,256.0,4.49,102335.0,571.0,340.1
UNHPL,1/26/2023,261.0,264.0,253.0,255.0,-0.39,73977.0,571.0,340.1
UNHPL,1/29/2023,250.0,260.1,246.0,254.0,-0.39,77233.0,571.0,340.1
UNHPL,1/30/2023,256.0,256.0,241.0,242.0,-4.72,68057.0,571.0,340.1
UNHPL,1/31/2023,241.9,249.0,237.1,242.0,0.0,56693.0,571.0,340.1
UNHPL,2/1/2023,242.0,246.8,240.0,241.1,-0.37,21293.0,571.0,340.1
UNHPL,2/2/2023,241.0,254.5,236.0,239.9,-0.5,62193.0,571.0,340.1
UNHPL,2/5/2023,243.6,248.5,239.0,241.0,0.46,49445.0,571.0,340.1
UNHPL,2/6/2023,240.0,244.0,238.2,242.3,0.54,20629.0,571.0,340.1
UNHPL,2/7/2023,247.0,259.9,246.2,259.9,7.26,75745.0,571.0,340.1
UNHPL,2/8/2023,264.0,265.0,253.0,253.0,-2.65,66335.0,571.0,340.1
UNHPL,2/9/2023,257.9,261.0,252.0,261.0,3.16,42468.0,571.0,340.1
UNHPL,2/12/2023,256.0,256.0,247.0,247.0,-5.36,76907.0,571.0,340.1
UNHPL,2/14/2023,246.1,253.0,246.0,246.0,-0.4,25329.0,571.0,340.1
UNHPL,2/15/2023,248.0,250.9,243.7,245.0,-0.41,18404.0,571.0,340.1
UNHPL,2/16/2023,242.0,248.9,236.0,236.0,-3.67,35878.0,571.0,340.1
UNHPL,2/20/2023,240.0,243.0,236.0,237.5,0.64,25472.0,571.0,340.1
UNHPL,2/22/2023,242.2,249.9,239.0,248.0,4.42,19114.0,571.0,340.1
UNHPL,2/23/2023,248.0,248.0,238.1,238.1,-3.99,26168.0,571.0,340.1
UNHPL,2/26/2023,234.7,241.1,226.1,241.0,1.22,27737.0,571.0,340.1
UNHPL,2/27/2023,244.0,244.8,231.0,241.0,0.0,29926.0,571.0,340.1
UNHPL,2/28/2023,242.0,244.0,236.3,242.3,0.54,22135.0,571.0,340.1
UNHPL,3/1/2023,240.0,242.0,235.2,235.7,-2.72,7279.0,571.0,340.1
UNHPL,3/2/2023,235.0,236.0,229.5,230.0,-2.42,15242.0,571.0,340.1
UNHPL,3/5/2023,227.2,230.0,225.0,225.0,-2.17,14887.0,571.0,340.1
UNHPL,3/7/2023,228.0,231.7,226.0,227.1,0.93,18027.0,571.0,340.1
UNHPL,3/9/2023,230.0,242.5,230.0,242.5,6.78,19777.0,571.0,340.1
UNHPL,3/12/2023,245.0,249.0,236.4,238.1,-1.81,30111.0,571.0,340.1
UNHPL,3/13/2023,236.1,240.0,233.1,235.0,-1.3,8110.0,571.0,340.1
UNHPL,3/14/2023,239.7,240.0,231.1,238.0,1.28,8327.0,571.0,340.1
UNHPL,3/15/2023,239.0,239.0,233.0,234.1,-1.64,15479.0,571.0,340.1
UNHPL,3/16/2023,230.0,238.0,230.0,236.2,0.9,10424.0,571.0,340.1
UNHPL,3/19/2023,239.0,239.0,235.0,235.0,-0.51,4497.0,571.0,340.1
UNHPL,3/20/2023,239.7,242.0,233.1,240.0,2.13,13509.0,571.0,340.1
UNHPL,3/22/2023,241.0,243.0,236.0,236.0,-1.67,12176.0,571.0,340.1
UNHPL,3/23/2023,232.1,236.0,231.0,232.5,-1.48,14532.0,571.0,340.1
UNHPL,3/26/2023,230.0,234.0,228.3,230.0,-1.08,14968.0,571.0,340.1
UNHPL,3/27/2023,228.0,238.9,225.6,237.7,3.35,13755.0,571.0,340.1
UNHPL,3/28/2023,237.7,242.3,235.0,238.0,0.13,9410.0,571.0,340.1
UNHPL,3/29/2023,234.0,237.9,234.0,236.0,-0.84,1682.0,571.0,340.1
UNHPL,3/30/2023,239.0,240.0,234.0,234.1,-0.81,6997.0,571.0,340.1
UNHPL,4/2/2023,232.0,240.0,228.0,228.1,-2.56,20974.0,571.0,340.1
UNHPL,4/3/2023,227.0,229.9,224.0,225.6,-1.1,7599.0,571.0,340.1
UNHPL,4/4/2023,230.0,230.0,223.2,224.5,-0.49,8675.0,571.0,340.1
UNHPL,4/5/2023,221.5,228.9,221.5,224.1,-0.18,5935.0,571.0,340.1
UNHPL,4/6/2023,224.0,226.0,222.1,222.1,-0.89,10121.0,571.0,340.1
UNHPL,4/9/2023,218.1,220.1,212.0,215.0,-3.2,19566.0,571.0,340.1
UNHPL,4/10/2023,215.0,220.3,215.0,217.0,0.93,10729.0,571.0,340.1
UNHPL,4/11/2023,220.0,220.0,216.0,218.0,0.46,17766.0,571.0,340.1
UNHPL,4/12/2023,222.0,239.4,222.0,237.9,9.13,26576.0,571.0,340.1
UNHPL,4/13/2023,240.0,241.9,228.0,232.0,-2.48,21337.0,571.0,340.1
UNHPL,4/16/2023,227.5,233.0,226.1,231.0,-0.43,10524.0,571.0,340.1
UNHPL,4/17/2023,230.0,230.0,225.0,225.0,-2.6,5385.0,571.0,340.1
UNHPL,4/18/2023,228.0,228.0,221.7,226.0,0.44,8497.0,571.0,340.1
UNHPL,4/19/2023,226.0,230.0,224.1,229.6,1.59,8535.0,571.0,340.1
UNHPL,4/20/2023,227.0,233.9,225.2,227.0,-1.13,9475.0,571.0,340.1
UNHPL,4/23/2023,227.0,227.1,222.1,222.3,-2.07,7410.0,571.0,340.1
UNHPL,4/24/2023,220.1,226.7,220.1,224.0,0.76,3901.0,571.0,340.1
UNHPL,4/25/2023,220.1,230.0,220.1,228.0,1.79,7075.0,571.0,340.1
UNHPL,4/26/2023,229.0,231.9,224.0,224.0,-1.75,4941.0,571.0,340.1
UNHPL,4/27/2023,225.0,228.0,221.0,222.5,-0.67,7663.0,571.0,340.1
UNHPL,4/30/2023,221.0,221.0,218.3,218.3,-1.89,7001.0,571.0,340.1
UNHPL,5/2/2023,220.0,220.0,213.7,214.1,-1.92,10255.0,571.0,340.1
UNHPL,5/3/2023,217.0,217.0,211.0,214.5,0.19,7846.0,571.0,340.1
UNHPL,5/4/2023,214.5,217.0,211.0,213.0,-0.7,8322.0,571.0,340.1
UNHPL,5/7/2023,217.0,217.0,207.0,211.0,-0.94,12335.0,571.0,340.1
UNHPL,5/8/2023,206.8,210.9,199.0,203.0,-3.79,22620.0,571.0,340.1
UNHPL,5/9/2023,202.0,208.0,201.7,206.5,1.72,9238.0,571.0,340.1
UNHPL,5/10/2023,203.1,207.0,202.6,204.0,-1.21,3000.0,571.0,340.1
UNHPL,5/11/2023,204.0,204.0,202.0,202.0,-0.98,3061.0,571.0,340.1
UNHPL,5/14/2023,204.0,204.0,196.2,198.9,-1.53,16250.0,571.0,340.1
UNHPL,5/15/2023,196.0,202.4,196.0,201.0,1.06,9969.0,571.0,340.1
UNHPL,5/16/2023,201.0,202.0,198.0,202.0,0.5,4712.0,571.0,340.1
UNHPL,5/17/2023,200.1,207.0,200.1,206.0,1.98,12255.0,571.0,340.1
UNHPL,5/18/2023,207.9,214.4,204.1,213.1,3.45,21394.0,571.0,340.1
UNHPL,5/21/2023,216.0,217.3,206.8,209.0,-1.92,25467.0,571.0,340.1
UNHPL,5/22/2023,210.0,215.0,207.2,214.9,2.82,13980.0,571.0,340.1
UNHPL,5/23/2023,217.0,226.0,212.7,222.0,3.3,24660.0,571.0,340.1
UNHPL,5/24/2023,222.0,225.0,219.2,221.0,-0.45,25146.0,571.0,340.1
UNHPL,5/28/2023,220.2,225.9,213.5,217.8,-1.45,37743.0,571.0,340.1
UNHPL,5/30/2023,214.0,217.0,208.0,213.0,-2.2,17566.0,571.0,340.1
UNHPL,5/31/2023,209.0,217.0,205.0,205.1,-3.71,19273.0,571.0,340.1
UNHPL,6/1/2023,205.0,213.0,203.0,209.0,1.9,20381.0,571.0,340.1
UNHPL,6/4/2023,213.1,221.0,213.1,218.0,4.31,15105.0,571.0,340.1
UNHPL,6/5/2023,218.0,222.0,212.7,218.8,0.37,14726.0,571.0,340.1
UNHPL,6/6/2023,220.0,220.0,211.7,220.0,0.55,19888.0,571.0,340.1
UNHPL,6/7/2023,223.0,223.9,218.6,219.4,-0.27,20192.0,571.0,340.1
UNHPL,6/8/2023,222.9,224.1,217.0,221.0,0.73,32159.0,571.0,340.1
UNHPL,6/11/2023,224.0,227.0,221.0,226.0,2.26,31763.0,571.0,340.1
UNHPL,6/12/2023,230.0,230.0,222.7,226.0,0.0,35122.0,571.0,340.1
UNHPL,6/13/2023,221.6,231.0,221.5,225.6,-0.18,53329.0,571.0,340.1
UNHPL,6/14/2023,230.0,234.6,224.0,229.9,1.91,48265.0,571.0,340.1
UNHPL,6/15/2023,227.0,230.0,222.1,223.0,-3.0,25662.0,571.0,340.1
UNHPL,6/18/2023,220.1,231.0,220.1,227.9,2.2,20926.0,571.0,340.1
UNHPL,6/19/2023,230.0,231.0,224.5,229.3,0.61,31074.0,571.0,340.1
UNHPL,6/20/2023,233.0,233.0,216.2,218.0,-4.93,25930.0,571.0,340.1
UNHPL,6/21/2023,222.3,229.0,209.1,210.0,-3.67,43920.0,571.0,340.1
UNHPL,6/22/2023,210.0,214.2,204.8,208.0,-0.95,37871.0,571.0,340.1
UNHPL,6/25/2023,211.0,218.0,208.0,218.0,4.81,51000.0,571.0,340.1
UNHPL,6/26/2023,221.9,230.0,218.0,219.9,0.87,46021.0,571.0,340.1
UNHPL,6/27/2023,223.9,223.9,215.0,223.0,1.41,60468.0,571.0,340.1
UNHPL,6/28/2023,218.6,225.7,212.8,214.9,-3.63,44994.0,571.0,340.1
UNHPL,7/2/2023,219.1,219.1,206.6,207.0,-3.68,49216.0,571.0,340.1
UNHPL,7/3/2023,202.9,212.0,199.3,200.1,-3.33,42641.0,571.0,340.1
UNHPL,7/4/2023,204.1,209.0,200.0,205.0,2.45,39444.0,571.0,340.1
UNHPL,7/5/2023,206.0,206.0,198.0,199.7,-2.59,24093.0,571.0,340.1
UNHPL,7/6/2023,202.0,203.0,196.0,203.0,1.65,16406.0,571.0,340.1
UNHPL,7/9/2023,199.0,205.0,199.0,204.0,0.49,16896.0,571.0,340.1
UNHPL,7/10/2023,200.0,205.0,196.0,196.2,-3.82,25005.0,571.0,340.1
UNHPL,7/11/2023,192.3,198.9,187.0,191.0,-2.65,67583.0,571.0,340.1
UNHPL,7/12/2023,192.0,210.0,192.0,207.0,8.38,27708.0,571.0,340.1
UNHPL,7/13/2023,210.0,211.0,200.0,201.0,-2.9,19912.0,571.0,340.1
UNHPL,7/16/2023,204.9,205.0,196.0,196.0,-2.49,16431.0,571.0,340.1
UNHPL,7/17/2023,199.9,203.9,197.0,203.5,3.83,21660.0,571.0,340.1
UNHPL,7/18/2023,202.3,206.9,197.0,199.0,-2.21,29540.0,571.0,340.1
UNHPL,7/19/2023,200.5,201.0,197.5,199.0,0.0,17764.0,571.0,340.1
UNHPL,7/20/2023,195.1,204.8,195.1,203.0,2.01,25772.0,571.0,340.1
UNHPL,7/23/2023,203.0,208.0,199.0,205.0,0.99,38010.0,571.0,340.1
UNHPL,7/24/2023,202.0,210.1,202.0,206.0,0.49,38776.0,571.0,340.1
UNHPL,7/25/2023,204.0,207.0,198.5,202.0,-1.94,47733.0,571.0,340.1
UNHPL,7/26/2023,199.3,203.5,198.0,199.0,-1.49,8062.0,571.0,340.1
UNHPL,7/27/2023,197.5,202.0,195.0,195.0,-2.01,25476.0,571.0,340.1
UNHPL,7/30/2023,191.1,198.9,188.2,192.0,-1.54,35336.0,571.0,340.1
UNHPL,7/31/2023,193.0,193.0,189.0,189.0,-1.56,17910.0,571.0,340.1
UNHPL,8/1/2023,185.4,191.0,184.0,186.0,-1.59,15798.0,571.0,340.1
UNHPL,8/2/2023,183.5,188.0,183.5,187.7,0.91,8392.0,571.0,340.1
UNHPL,8/3/2023,188.0,188.0,184.6,186.0,-0.91,13750.0,571.0,340.1
UNHPL,8/6/2023,187.0,187.0,179.4,179.5,-3.49,23649.0,571.0,340.1
UNHPL,8/7/2023,181.0,185.6,177.5,180.0,0.28,13465.0,571.0,340.1
UNHPL,8/8/2023,180.0,181.0,177.0,177.0,-1.67,10657.0,571.0,340.1
UNHPL,8/9/2023,174.3,179.5,174.0,179.5,1.41,18352.0,571.0,340.1
UNHPL,8/10/2023,180.0,182.0,175.6,176.0,-1.95,27862.0,571.0,340.1
UNHPL,8/13/2023,177.0,178.5,175.0,175.2,-0.45,10051.0,571.0,340.1
UNHPL,8/14/2023,177.0,178.7,170.0,171.9,-1.88,32204.0,571.0,340.1
UNHPL,8/15/2023,172.0,172.0,166.0,167.4,-2.62,16829.0,571.0,340.1
UNHPL,8/16/2023,169.0,169.0,164.8,167.0,-0.24,18963.0,571.0,340.1
UNHPL,8/17/2023,165.0,171.5,165.0,168.0,0.6,13515.0,571.0,340.1
UNHPL,8/20/2023,170.0,170.0,163.7,165.0,-1.79,10756.0,571.0,340.1
UNHPL,8/21/2023,161.8,168.0,159.0,162.0,-1.82,16091.0,571.0,340.1
UNHPL,8/22/2023,158.9,165.2,158.9,163.0,0.62,20105.0,571.0,340.1
UNHPL,8/23/2023,165.0,174.3,164.0,172.0,5.52,16479.0,571.0,340.1
UNHPL,8/24/2023,169.0,175.4,163.0,164.5,-4.36,22587.0,571.0,340.1
UNHPL,8/27/2023,165.0,165.9,159.5,165.0,0.3,12633.0,571.0,340.1
UNHPL,8/28/2023,162.0,167.0,162.0,165.0,0.0,13195.0,571.0,340.1
UNHPL,8/29/2023,167.0,167.0,162.0,166.8,1.09,3103.0,571.0,340.1
UNHPL,8/30/2023,164.0,166.7,162.0,162.0,-2.88,9190.0,571.0,340.1
UNHPL,9/3/2023,160.1,166.2,160.0,162.0,0.0,7579.0,571.0,340.1
UNHPL,9/4/2023,164.0,165.0,161.0,165.0,1.85,6352.0,571.0,340.1
UNHPL,9/5/2023,162.0,165.0,162.0,162.1,-1.76,8089.0,571.0,340.1
UNHPL,9/7/2023,162.1,165.1,159.0,160.0,-1.3,10530.0,571.0,340.1
UNHPL,9/10/2023,163.0,163.0,158.5,160.0,0.0,10135.0,571.0,340.1
UNHPL,9/11/2023,157.0,168.0,157.0,167.9,4.94,8361.0,571.0,340.1
UNHPL,9/12/2023,165.0,165.0,160.0,163.0,-2.92,4903.0,571.0,340.1
UNHPL,9/13/2023,163.0,169.5,161.0,168.0,3.07,11420.0,571.0,340.1
UNHPL,9/17/2023,167.0,167.0,159.6,161.0,-4.17,13841.0,571.0,340.1
UNHPL,9/18/2023,163.0,164.0,159.9,163.0,1.24,4214.0,571.0,340.1
UNHPL,9/19/2023,165.0,174.7,160.0,174.7,7.18,17203.0,571.0,340.1
UNHPL,9/21/2023,178.1,188.7,178.0,187.5,7.33,48759.0,571.0,340.1
UNHPL,9/24/2023,191.2,191.9,177.6,181.8,-3.04,20553.0,571.0,340.1
UNHPL,9/25/2023,184.0,184.0,176.4,177.0,-2.64,10298.0,571.0,340.1
UNHPL,9/26/2023,180.5,191.0,179.0,183.9,3.9,29866.0,571.0,340.1
UNHPL,9/27/2023,183.0,185.0,176.0,179.0,-2.66,22634.0,571.0,340.1
UNHPL,10/1/2023,178.0,178.0,170.0,173.0,-3.35,19278.0,571.0,340.1
UNHPL,10/2/2023,170.0,175.8,168.0,175.0,1.16,13347.0,571.0,340.1
UNHPL,10/3/2023,172.1,181.0,168.2,176.5,0.86,18552.0,571.0,340.1
UNHPL,10/4/2023,179.8,183.0,177.0,179.9,1.93,11826.0,571.0,340.1
UNHPL,10/5/2023,180.0,182.0,175.8,181.0,0.61,9715.0,571.0,340.1
UNHPL,10/8/2023,183.0,183.0,171.2,171.2,-5.41,14821.0,571.0,340.1
UNHPL,10/9/2023,167.9,174.6,167.9,170.6,-0.35,5970.0,571.0,340.1
UNHPL,10/10/2023,173.0,173.0,168.0,171.0,0.23,11329.0,571.0,340.1
UNHPL,10/11/2023,170.0,172.8,168.1,171.0,0.0,4443.0,571.0,340.1
UNHPL,10/12/2023,168.1,171.0,168.0,168.0,-1.75,12457.0,571.0,340.1
UNHPL,10/16/2023,165.1,170.0,163.0,163.4,-2.74,13100.0,571.0,340.1
UNHPL,10/17/2023,165.0,172.2,163.0,163.6,0.12,6174.0,571.0,340.1
UNHPL,10/18/2023,163.5,170.0,163.1,169.0,3.3,4760.0,571.0,340.1
UNHPL,10/19/2023,166.0,170.0,163.0,167.4,-0.95,2552.0,571.0,340.1
UNHPL,10/29/2023,164.3,167.5,164.1,165.0,-1.43,3885.0,571.0,340.1
UNHPL,10/30/2023,162.0,167.4,161.7,167.4,1.45,7790.0,571.0,340.1
UNHPL,10/31/2023,164.1,167.1,164.0,167.1,-0.18,3210.0,571.0,340.1
UNHPL,11/1/2023,167.0,167.0,162.0,165.0,-1.26,11316.0,571.0,340.1
UNHPL,11/2/2023,161.7,166.9,160.0,161.0,-2.42,6513.0,571.0,340.1
UNHPL,11/5/2023,164.0,164.0,157.9,160.0,-0.62,8989.0,571.0,340.1
UNHPL,11/6/2023,163.0,163.0,160.0,162.0,1.25,6944.0,571.0,340.1
UNHPL,11/7/2023,160.0,164.2,160.0,160.0,-1.23,11198.0,571.0,340.1
UNHPL,11/8/2023,160.0,162.0,160.0,161.0,0.63,4002.0,571.0,340.1
UNHPL,11/9/2023,161.0,162.0,158.0,160.0,-0.62,10502.0,571.0,340.1
UNHPL,11/20/2023,163.2,166.0,157.8,160.0,0.0,8805.0,571.0,340.1
UNHPL,11/21/2023,157.0,159.9,156.0,156.7,-2.06,6763.0,571.0,340.1
UNHPL,11/22/2023,156.5,163.7,156.1,163.7,4.47,3985.0,571.0,340.1
UNHPL,11/23/2023,160.5,166.8,160.5,165.0,0.79,4734.0,571.0,340.1
UNHPL,11/26/2023,163.0,180.3,161.1,171.1,3.7,23259.0,571.0,340.1
UNHPL,11/27/2023,174.5,179.0,169.1,169.1,-1.17,6332.0,571.0,340.1
UNHPL,11/28/2023,166.1,173.4,166.1,173.4,2.54,3555.0,571.0,340.1
UNHPL,11/29/2023,170.0,172.0,167.1,170.0,-1.96,2315.0,571.0,340.1
UNHPL,11/30/2023,170.0,173.0,162.1,162.1,-4.65,5755.0,571.0,340.1
UNHPL,12/3/2023,165.3,165.3,162.0,165.3,1.97,3330.0,571.0,340.1
UNHPL,12/4/2023,163.0,166.2,163.0,164.0,-0.79,2148.0,571.0,340.1
UNHPL,12/5/2023,161.0,166.0,158.0,164.0,0.0,4900.0,571.0,340.1
UNHPL,12/6/2023,164.0,166.0,162.0,163.5,-0.3,2220.0,571.0,340.1
UNHPL,12/7/2023,165.0,170.0,163.5,163.5,0.0,4358.0,571.0,340.1
UNHPL,12/10/2023,166.7,179.8,166.7,179.8,9.97,1105.0,571.0,340.1
UNHPL,12/11/2023,183.3,186.9,174.0,178.0,-1.0,27800.0,571.0,340.1
UNHPL,12/12/2023,178.0,184.0,177.0,183.2,2.92,33510.0,571.0,340.1
UNHPL,12/13/2023,186.0,190.0,181.0,181.0,-1.2,43860.0,571.0,340.1
UNHPL,12/14/2023,182.0,188.0,180.3,186.4,2.98,28476.0,571.0,340.1
UNHPL,12/17/2023,182.7,205.0,182.7,205.0,9.98,75014.0,571.0,340.1
UNHPL,12/18/2023,205.5,213.0,204.0,210.0,2.44,129489.0,571.0,340.1
UNHPL,12/19/2023,205.8,214.0,203.3,214.0,1.9,45899.0,571.0,340.1
UNHPL,12/20/2023,211.0,230.0,210.0,230.0,7.48,99192.0,571.0,340.1
UNHPL,12/21/2023,230.0,230.0,215.0,215.0,-6.52,90802.0,571.0,340.1
UNHPL,12/24/2023,212.0,220.0,204.0,204.2,-5.02,62532.0,571.0,340.1
UNHPL,12/27/2023,204.0,213.6,204.0,209.0,2.35,67123.0,571.0,340.1
UNHPL,12/28/2023,213.1,216.9,204.7,208.0,-0.48,21348.0,571.0,340.1
UNHPL,1/1/2024,211.0,215.0,199.0,199.0,-4.33,32689.0,571.0,340.1
UNHPL,1/2/2024,202.0,205.9,186.0,190.0,-4.52,45947.0,571.0,340.1
UNHPL,1/3/2024,193.7,201.0,186.2,199.0,4.74,35246.0,571.0,340.1
UNHPL,1/4/2024,202.9,216.2,200.0,207.0,4.02,130363.0,571.0,340.1
UNHPL,1/7/2024,211.1,215.2,206.6,207.1,0.05,81022.0,571.0,340.1
UNHPL,1/8/2024,210.0,214.2,207.1,213.8,3.24,28300.0,571.0,340.1
UNHPL,1/9/2024,213.8,223.0,210.0,212.0,-0.84,122812.0,571.0,340.1
UNHPL,1/10/2024,216.2,216.2,207.0,208.6,-1.6,38346.0,571.0,340.1
UNHPL,1/11/2024,209.9,214.0,207.0,211.0,1.15,44167.0,571.0,340.1
UNHPL,1/14/2024,215.2,227.0,214.0,224.1,6.21,175443.0,571.0,340.1
UNHPL,1/16/2024,228.5,246.0,225.7,233.0,3.97,186142.0,571.0,340.1
UNHPL,1/17/2024,236.0,240.7,221.6,222.0,-4.72,178115.0,571.0,340.1
UNHPL,1/18/2024,217.7,229.0,214.2,229.0,3.15,100474.0,571.0,340.1
UNHPL,1/21/2024,233.5,242.0,229.0,231.0,0.87,134637.0,571.0,340.1
UNHPL,1/22/2024,235.4,239.0,223.0,226.0,-2.16,69368.0,571.0,340.1
UNHPL,1/23/2024,229.9,230.0,218.5,223.0,-1.33,42723.0,571.0,340.1
UNHPL,1/24/2024,227.4,230.0,216.0,217.9,-2.29,55186.0,571.0,340.1
UNHPL,1/25/2024,216.2,220.0,214.0,219.0,0.5,39068.0,571.0,340.1
UNHPL,1/28/2024,215.1,224.0,215.1,221.0,0.91,31010.0,571.0,340.1
UNHPL,1/29/2024,225.0,243.1,221.1,243.1,10.0,360373.0,571.0,340.1
UNHPL,1/30/2024,247.9,265.2,247.9,259.0,6.54,337640.0,571.0,340.1
UNHPL,1/31/2024,264.1,264.1,245.1,249.0,-3.86,179002.0,571.0,340.1
UNHPL,2/1/2024,253.9,253.9,237.0,238.5,-4.22,142865.0,571.0,340.1
UNHPL,2/4/2024,234.0,241.0,232.0,235.0,-1.47,130073.0,571.0,340.1
UNHPL,2/5/2024,239.7,239.7,231.5,234.5,-0.21,44231.0,571.0,340.1
UNHPL,2/6/2024,239.0,248.0,232.0,248.0,5.76,110809.0,571.0,340.1
UNHPL,2/7/2024,251.0,252.5,245.0,247.0,-0.4,128692.0,571.0,340.1
UNHPL,2/8/2024,251.0,251.0,245.0,246.7,-0.12,73960.0,571.0,340.1
UNHPL,2/11/2024,251.6,251.6,241.1,242.0,-1.91,95423.0,571.0,340.1
UNHPL,2/12/2024,244.0,255.0,242.9,254.0,4.96,126653.0,571.0,340.1
UNHPL,2/13/2024,249.0,261.0,244.0,253.9,-0.04,271351.0,571.0,340.1
UNHPL,2/14/2024,253.0,259.9,245.5,259.9,2.36,122782.0,571.0,340.1
UNHPL,2/15/2024,260.0,272.3,255.0,263.0,1.19,239401.0,571.0,340.1
UNHPL,2/18/2024,257.8,280.5,257.8,280.5,6.65,286504.0,571.0,340.1
UNHPL,2/20/2024,280.5,280.5,267.8,270.0,-3.74,181796.0,571.0,340.1
UNHPL,2/21/2024,271.0,273.0,260.0,260.0,-3.7,103529.0,571.0,340.1
UNHPL,2/22/2024,265.2,265.2,248.5,252.0,-3.08,90836.0,571.0,340.1
UNHPL,2/25/2024,250.0,257.0,243.1,243.2,-3.49,90769.0,571.0,340.1
UNHPL,2/26/2024,238.4,260.0,238.4,256.0,5.26,82938.0,571.0,340.1
UNHPL,2/27/2024,251.5,266.3,251.5,256.0,0.0,79321.0,571.0,340.1
UNHPL,2/28/2024,256.0,261.0,252.0,252.0,-1.56,73709.0,571.0,340.1
UNHPL,2/29/2024,255.9,255.9,241.0,243.0,-3.57,65749.0,571.0,340.1
UNHPL,3/3/2024,239.3,243.7,234.6,240.0,-1.23,36425.0,571.0,340.1
UNHPL,3/4/2024,244.8,259.5,244.8,259.5,8.13,1100.0,571.0,340.1
UNHPL,3/5/2024,260.0,260.0,240.0,245.0,-5.59,105608.0,571.0,340.1
UNHPL,3/6/2024,249.9,253.8,237.5,246.0,0.41,103818.0,571.0,340.1
UNHPL,3/7/2024,241.1,268.0,222.5,247.2,0.49,187623.0,571.0,340.1
UNHPL,3/10/2024,252.1,260.0,252.1,257.8,4.29,78717.0,571.0,340.1
UNHPL,3/12/2024,260.0,261.0,256.0,259.5,0.66,82403.0,571.0,340.1
UNHPL,3/13/2024,259.5,261.6,253.4,259.6,0.04,66919.0,571.0,340.1
UNHPL,3/14/2024,256.0,259.8,248.0,257.0,-1.0,84066.0,571.0,340.1
UNHPL,3/17/2024,252.0,254.5,245.0,245.1,-4.63,52278.0,571.0,340.1
UNHPL,3/18/2024,245.1,248.9,243.0,246.0,0.37,43634.0,571.0,340.1
UNHPL,3/19/2024,245.0,251.9,238.0,238.0,-3.25,86337.0,571.0,340.1
UNHPL,3/20/2024,242.7,247.4,235.2,235.2,-1.18,56723.0,571.0,340.1
UNHPL,3/21/2024,231.0,241.9,231.0,237.4,0.94,33507.0,571.0,340.1
UNHPL,3/25/2024,233.0,240.0,233.0,235.0,-1.01,16381.0,571.0,340.1
UNHPL,3/26/2024,235.0,252.9,235.0,245.0,4.26,95177.0,571.0,340.1
UNHPL,3/27/2024,241.1,248.9,238.2,239.8,-2.12,49980.0,571.0,340.1
UNHPL,3/28/2024,239.0,243.5,236.1,239.5,-0.13,30753.0,571.0,340.1
UNHPL,3/31/2024,240.0,243.0,236.0,239.0,-0.21,29776.0,571.0,340.1
UNHPL,4/1/2024,235.0,243.6,234.0,234.0,-2.09,47052.0,571.0,340.1
UNHPL,4/2/2024,238.0,241.0,231.6,231.6,-1.03,20536.0,571.0,340.1
UNHPL,4/3/2024,232.5,235.0,229.5,231.8,0.09,19297.0,571.0,340.1
UNHPL,4/4/2024,229.1,234.0,227.0,228.0,-1.64,33835.0,571.0,340.1
UNHPL,4/7/2024,232.4,233.0,227.4,232.0,1.75,20451.0,571.0,340.1
UNHPL,4/9/2024,232.1,239.0,231.1,234.0,0.86,37550.0,571.0,340.1
UNHPL,4/10/2024,234.0,238.0,232.1,232.1,-0.81,30481.0,571.0,340.1
UNHPL,4/14/2024,235.0,235.0,230.0,231.6,-0.22,24395.0,571.0,340.1
UNHPL,4/15/2024,236.2,238.0,229.1,233.5,0.82,19249.0,571.0,340.1
UNHPL,4/16/2024,229.1,233.0,228.0,229.0,-1.93,10957.0,571.0,340.1
UNHPL,4/18/2024,230.0,230.0,226.0,227.0,-0.87,10466.0,571.0,340.1
UNHPL,4/21/2024,225.3,230.0,222.7,228.0,0.44,16951.0,571.0,340.1
UNHPL,4/22/2024,231.4,232.0,224.1,226.0,-0.88,16992.0,571.0,340.1
UNHPL,4/24/2024,230.5,230.5,223.0,223.3,-1.19,14463.0,571.0,340.1
UNHPL,4/25/2024,223.0,227.7,223.0,223.0,-0.13,12315.0,571.0,340.1
UNHPL,4/28/2024,224.0,227.5,222.1,225.0,0.9,13011.0,571.0,340.1
UNHPL,4/29/2024,228.0,228.0,220.1,224.3,-0.31,25660.0,571.0,340.1
UNHPL,4/30/2024,220.0,236.0,220.0,229.0,2.1,48221.0,571.0,340.1
UNHPL,5/2/2024,233.5,233.5,222.3,225.0,-1.75,25548.0,571.0,340.1
UNHPL,5/5/2024,229.0,229.0,218.7,221.9,-1.38,25190.0,571.0,340.1
UNHPL,5/6/2024,226.0,226.0,217.6,219.5,-1.08,13097.0,571.0,340.1
UNHPL,5/7/2024,223.8,223.8,217.6,218.0,-0.68,15384.0,571.0,340.1
UNHPL,5/8/2024,221.0,221.0,215.0,216.5,-0.69,10860.0,571.0,340.1
UNHPL,5/9/2024,220.0,220.0,214.2,216.0,-0.23,21886.0,571.0,340.1
UNHPL,5/12/2024,219.0,220.0,212.6,215.0,-0.46,19959.0,571.0,340.1
UNHPL,5/13/2024,219.0,223.6,214.7,220.7,2.65,13982.0,571.0,340.1
UNHPL,5/14/2024,222.0,230.0,220.0,228.7,3.62,35895.0,571.0,340.1
UNHPL,5/15/2024,233.0,233.0,218.0,220.1,-3.76,30770.0,571.0,340.1
UNHPL,5/16/2024,223.0,224.5,217.2,219.2,-0.41,17536.0,571.0,340.1
UNHPL,5/19/2024,223.0,226.0,219.0,220.3,0.5,29382.0,571.0,340.1
UNHPL,5/20/2024,224.0,230.9,223.2,224.0,1.68,30669.0,571.0,340.1
UNHPL,5/21/2024,219.6,241.0,219.6,241.0,7.59,63474.0,571.0,340.1
UNHPL,5/22/2024,236.2,241.0,232.0,232.5,-3.53,35591.0,571.0,340.1
UNHPL,5/26/2024,232.0,235.7,225.3,228.0,-1.94,10344.0,571.0,340.1
UNHPL,5/27/2024,228.2,232.0,228.0,230.9,1.27,17530.0,571.0,340.1
UNHPL,5/29/2024,235.0,235.5,223.2,229.3,-0.69,31965.0,571.0,340.1
UNHPL,5/30/2024,227.0,235.5,222.5,223.9,-2.35,22606.0,571.0,340.1
UNHPL,6/2/2024,225.0,228.4,223.5,228.0,1.83,18758.0,571.0,340.1
UNHPL,6/3/2024,232.0,232.7,224.0,225.0,-1.32,26708.0,571.0,340.1
UNHPL,6/4/2024,229.0,229.5,224.0,224.0,-0.44,13529.0,571.0,340.1
UNHPL,6/5/2024,227.0,227.0,219.6,221.8,-0.98,33048.0,571.0,340.1
UNHPL,6/6/2024,222.0,224.0,218.2,219.0,-1.26,19242.0,571.0,340.1
UNHPL,6/9/2024,223.3,223.3,219.1,222.9,1.78,19368.0,571.0,340.1
UNHPL,6/10/2024,227.3,232.0,221.0,231.0,3.63,45861.0,571.0,340.1
UNHPL,6/11/2024,234.0,244.0,231.1,238.0,3.03,71809.0,571.0,340.1
UNHPL,6/12/2024,242.7,242.7,235.4,235.6,-1.01,37632.0,571.0,340.1
UNHPL,6/13/2024,233.1,238.9,232.5,233.5,-0.89,46529.0,571.0,340.1
UNHPL,6/16/2024,233.5,250.0,233.5,243.9,4.45,167419.0,571.0,340.1
UNHPL,6/18/2024,239.1,248.5,239.1,240.0,-1.6,76757.0,571.0,340.1
UNHPL,6/19/2024,243.9,243.9,237.0,241.0,0.42,35280.0,571.0,340.1
UNHPL,6/20/2024,245.8,245.8,237.0,237.0,-1.66,39441.0,571.0,340.1
UNHPL,6/23/2024,241.7,246.0,232.3,232.3,-1.98,21661.0,571.0,340.1
UNHPL,6/24/2024,236.0,236.0,229.0,231.0,-0.56,34521.0,571.0,340.1
UNHPL,6/25/2024,229.0,240.5,229.0,237.0,2.6,30379.0,571.0,340.1
UNHPL,6/26/2024,240.0,243.0,236.0,239.0,0.84,47553.0,571.0,340.1
UNHPL,6/27/2024,235.0,238.9,231.4,235.0,-1.67,20171.0,571.0,340.1
UNHPL,6/30/2024,239.7,239.7,231.1,237.0,0.85,31157.0,571.0,340.1
UNHPL,7/1/2024,238.9,241.0,235.1,235.4,-0.68,30906.0,571.0,340.1
UNHPL,7/2/2024,240.1,249.7,237.0,240.7,2.25,61903.0,571.0,340.1
UNHPL,7/3/2024,238.5,243.9,238.5,241.9,0.5,55714.0,571.0,340.1
UNHPL,7/4/2024,241.0,242.9,238.0,238.2,-1.53,33327.0,571.0,340.1
UNHPL,7/7/2024,241.0,241.3,237.6,240.0,0.76,39910.0,571.0,340.1
UNHPL,7/8/2024,240.0,240.0,236.0,238.0,-0.83,25870.0,571.0,340.1
UNHPL,7/9/2024,238.0,240.0,236.0,237.0,-0.42,31405.0,571.0,340.1
UNHPL,7/10/2024,241.7,244.8,237.0,240.0,1.27,45754.0,571.0,340.1
UNHPL,7/11/2024,244.0,244.8,239.0,241.0,0.42,36447.0,571.0,340.1
UNHPL,7/14/2024,245.8,250.7,238.5,248.0,2.9,70421.0,571.0,340.1
UNHPL,7/15/2024,250.0,256.0,245.3,250.5,1.01,95049.0,571.0,340.1
UNHPL,7/16/2024,254.0,272.0,249.0,270.0,7.78,156950.0,571.0,340.1
UNHPL,7/17/2024,270.0,276.0,260.7,268.0,-0.74,132935.0,571.0,340.1
UNHPL,7/18/2024,270.0,273.3,263.0,264.9,-1.16,126176.0,571.0,340.1
UNHPL,7/21/2024,267.0,291.3,261.0,279.5,5.51,191157.0,571.0,340.1
UNHPL,7/22/2024,285.0,289.8,274.0,285.9,2.29,226695.0,571.0,340.1
UNHPL,7/23/2024,291.6,300.0,289.0,299.0,4.58,184799.0,571.0,340.1
UNHPL,7/24/2024,304.9,304.9,276.7,284.0,-5.02,154391.0,571.0,340.1
UNHPL,7/25/2024,285.0,286.0,276.0,280.0,-1.41,110893.0,571.0,340.1
UNHPL,7/28/2024,285.6,300.9,272.5,285.0,1.79,104993.0,571.0,340.1
UNHPL,7/29/2024,290.0,304.0,281.0,292.0,2.46,226091.0,571.0,340.1
UNHPL,7/30/2024,292.0,306.0,290.0,302.9,3.73,181841.0,571.0,340.1
UNHPL,7/31/2024,308.9,315.0,304.0,309.8,2.28,165772.0,571.0,340.1
UNHPL,8/1/2024,315.9,315.9,295.8,296.0,-4.45,143586.0,571.0,340.1
UNHPL,8/5/2024,296.0,313.1,290.1,303.0,2.36,137844.0,571.0,340.1
UNHPL,8/6/2024,302.0,313.1,286.2,287.0,-5.28,174279.0,571.0,340.1
UNHPL,8/7/2024,285.0,305.0,284.0,304.9,6.24,120091.0,571.0,340.1
UNHPL,8/8/2024,310.0,310.0,294.0,298.0,-2.26,125011.0,571.0,340.1
UNHPL,8/11/2024,303.9,321.0,303.9,320.0,7.38,256941.0,571.0,340.1
UNHPL,8/12/2024,325.0,332.5,322.0,326.0,1.88,182855.0,571.0,340.1
UNHPL,8/13/2024,332.0,332.0,315.0,318.0,-2.45,148479.0,571.0,340.1
UNHPL,8/14/2024,316.0,324.3,308.0,322.9,1.54,151909.0,571.0,340.1
UNHPL,8/15/2024,329.0,346.0,323.0,332.5,2.97,240043.0,571.0,340.1
UNHPL,8/18/2024,339.1,340.0,315.0,318.0,-4.36,171389.0,571.0,340.1
UNHPL,8/21/2024,324.3,325.0,313.0,313.5,-1.42,127431.0,571.0,340.1
UNHPL,8/22/2024,307.3,322.0,307.3,318.0,1.44,116625.0,571.0,340.1
UNHPL,8/25/2024,314.0,324.1,303.0,305.0,-4.09,106833.0,571.0,340.1
UNHPL,8/27/2024,300.3,305.0,285.5,287.0,-5.9,123360.0,571.0,340.1
UNHPL,8/28/2024,292.7,302.0,287.0,292.0,1.74,90844.0,571.0,340.1
UNHPL,8/29/2024,290.0,295.9,285.0,285.0,-2.4,73031.0,571.0,340.1
UNHPL,9/1/2024,290.0,295.0,279.3,280.0,-1.75,46635.0,571.0,340.1
UNHPL,9/2/2024,285.6,301.7,281.0,300.0,7.14,90545.0,571.0,340.1
UNHPL,9/3/2024,305.0,314.0,297.0,297.0,-1.0,61573.0,571.0,340.1
UNHPL,9/4/2024,301.0,302.8,280.0,284.0,-4.38,70414.0,571.0,340.1
UNHPL,9/5/2024,284.0,288.0,275.0,282.5,-0.53,63258.0,571.0,340.1
UNHPL,9/8/2024,283.1,288.0,277.0,278.0,-1.59,55113.0,571.0,340.1
UNHPL,9/9/2024,276.2,280.0,265.0,270.0,-2.88,59394.0,571.0,340.1
UNHPL,9/10/2024,270.0,275.0,264.0,264.0,-2.22,46813.0,571.0,340.1
UNHPL,9/11/2024,269.2,269.2,256.1,257.1,-2.61,45006.0,571.0,340.1
UNHPL,9/12/2024,257.0,275.0,254.0,275.0,6.96,44378.0,571.0,340.1
UNHPL,9/15/2024,278.5,286.0,267.0,270.0,-1.82,94698.0,571.0,340.1
UNHPL,9/16/2024,264.8,275.0,262.0,265.0,-1.85,36026.0,571.0,340.1
UNHPL,9/18/2024,270.0,270.3,259.0,259.1,-2.23,35565.0,571.0,340.1
UNHPL,9/22/2024,264.2,273.0,261.2,267.8,3.36,42615.0,571.0,340.1
UNHPL,9/23/2024,267.0,268.3,259.0,259.0,-3.29,32339.0,571.0,340.1
UNHPL,9/24/2024,264.0,264.1,251.1,252.1,-2.66,28911.0,571.0,340.1
UNHPL,9/25/2024,255.0,258.2,249.0,255.1,1.19,19963.0,571.0,340.1
UNHPL,9/26/2024,257.0,264.0,247.3,247.3,-3.06,26179.0,571.0,340.1
UNHPL,9/29/2024,245.0,248.9,235.0,239.0,-3.36,33667.0,571.0,340.1
UNHPL,9/30/2024,236.0,246.0,236.0,245.9,2.89,11584.0,571.0,340.1
UNHPL,10/1/2024,250.8,270.4,250.8,270.4,9.96,39120.0,571.0,340.1
UNHPL,10/2/2024,270.0,276.0,255.0,264.1,-2.33,44445.0,571.0,340.1
UNHPL,10/6/2024,264.1,276.0,263.0,276.0,4.51,28137.0,571.0,340.1
UNHPL,10/7/2024,276.0,281.5,276.0,278.0,0.72,24098.0,571.0,340.1
UNHPL,10/8/2024,274.1,277.0,268.0,272.0,-2.16,13965.0,571.0,340.1
UNHPL,10/9/2024,268.0,276.0,268.0,272.0,0.0,5115.0,571.0,340.1
UNHPL,10/15/2024,276.0,276.0,267.3,275.0,1.1,17677.0,571.0,340.1
UNHPL,10/16/2024,278.5,284.9,276.0,284.5,3.45,36006.0,571.0,340.1
UNHPL,10/17/2024,287.0,288.0,274.5,280.0,-1.58,38684.0,571.0,340.1
UNHPL,10/20/2024,276.0,278.0,269.0,269.1,-3.89,48012.0,571.0,340.1
UNHPL,10/21/2024,271.9,271.9,261.2,265.0,-1.52,37855.0,571.0,340.1
UNHPL,10/22/2024,260.0,269.0,255.3,266.0,0.38,14671.0,571.0,340.1
UNHPL,10/23/2024,266.0,269.0,263.0,266.0,0.0,19043.0,571.0,340.1
UNHPL,10/24/2024,262.0,267.0,258.0,262.2,-1.43,15105.0,571.0,340.1
UNHPL,10/27/2024,260.0,265.0,259.0,263.0,0.31,13541.0,571.0,340.1
UNHPL,10/28/2024,267.0,270.0,262.0,269.9,2.62,10164.0,571.0,340.1
UNHPL,10/29/2024,273.0,283.0,270.0,282.5,4.67,57596.0,571.0,340.1
UNHPL,10/30/2024,286.0,286.0,276.0,279.8,-0.96,31127.0,571.0,340.1
UNHPL,11/5/2024,284.0,284.0,275.1,278.0,-0.64,9546.0,571.0,340.1
UNHPL,11/6/2024,280.0,282.5,275.3,278.6,0.22,13105.0,571.0,340.1
UNHPL,11/10/2024,280.0,297.0,280.0,295.8,6.17,63938.0,571.0,340.1
UNHPL,11/11/2024,299.9,305.0,288.0,294.5,-0.44,64729.0,571.0,340.1
UNHPL,11/12/2024,288.7,300.2,288.0,289.0,-1.87,45036.0,571.0,340.1
UNHPL,11/13/2024,286.1,295.7,284.0,287.9,-0.38,37103.0,571.0,340.1
UNHPL,11/14/2024,283.0,293.0,283.0,289.0,0.38,38795.0,571.0,340.1
UNHPL,11/17/2024,294.7,300.5,290.0,294.0,1.73,55910.0,571.0,340.1
UNHPL,11/19/2024,295.0,298.0,282.5,282.5,-3.91,45407.0,571.0,340.1
UNHPL,11/20/2024,285.0,286.9,279.5,285.6,1.1,27224.0,571.0,340.1
UNHPL,11/21/2024,290.0,291.8,277.0,279.0,-2.31,35196.0,571.0,340.1
UNHPL,11/24/2024,283.0,284.5,275.2,278.0,-0.36,39585.0,571.0,340.1
UNHPL,11/25/2024,280.0,288.0,277.1,282.5,1.62,26079.0,571.0,340.1
UNHPL,11/26/2024,285.9,294.9,283.0,293.6,3.93,32786.0,571.0,340.1
UNHPL,11/27/2024,294.0,297.0,290.1,296.0,0.82,68754.0,571.0,340.1
UNHPL,11/28/2024,298.2,301.9,292.0,297.0,0.34,96722.0,571.0,340.1
UNHPL,12/1/2024,291.2,314.0,286.0,300.0,1.01,83579.0,571.0,340.1
UNHPL,12/2/2024,305.9,317.2,305.0,305.0,1.67,135763.0,571.0,340.1
UNHPL,12/3/2024,305.3,317.0,305.3,314.8,3.21,106061.0,571.0,340.1
UNHPL,12/4/2024,316.0,320.0,306.0,309.0,-1.84,107186.0,571.0,340.1
UNHPL,12/5/2024,308.0,312.3,299.0,302.5,-2.1,78478.0,571.0,340.1
UNHPL,12/8/2024,302.0,304.9,290.0,293.6,-2.94,80659.0,571.0,340.1
UNHPL,12/9/2024,295.0,298.5,290.0,292.0,-0.54,27195.0,571.0,340.1
UNHPL,12/10/2024,297.0,297.0,288.0,290.0,-0.68,21340.0,571.0,340.1
UNHPL,12/11/2024,291.0,306.0,290.0,306.0,5.52,43006.0,571.0,340.1
UNHPL,12/12/2024,310.1,310.1,294.0,298.0,-2.61,46292.0,571.0,340.1
UNHPL,12/16/2024,300.0,300.0,286.4,291.8,-2.08,30887.0,571.0,340.1
UNHPL,12/17/2024,286.0,290.0,285.0,289.5,-0.79,29261.0,571.0,340.1
UNHPL,12/18/2024,291.0,291.0,281.2,284.4,-1.76,20947.0,571.0,340.1
UNHPL,12/19/2024,285.0,285.0,277.1,278.0,-2.25,28590.0,571.0,340.1
UNHPL,12/22/2024,280.9,284.0,271.6,277.0,-0.36,34727.0,571.0,340.1
UNHPL,12/23/2024,280.0,287.6,277.3,287.6,3.83,27341.0,571.0,340.1
UNHPL,12/24/2024,288.0,290.0,283.3,285.6,-0.7,22019.0,571.0,340.1
UNHPL,12/26/2024,289.9,289.9,279.9,283.0,-0.91,12064.0,571.0,340.1
UNHPL,12/29/2024,284.0,284.0,275.0,278.9,-1.45,19088.0,571.0,340.1
UNHPL,12/31/2024,274.0,277.5,263.9,267.0,-4.27,49714.0,571.0,340.1
UNHPL,1/1/2025,264.0,274.0,264.0,270.0,1.12,9231.0,571.0,340.1
UNHPL,1/2/2025,266.0,275.0,265.6,271.5,0.56,15585.0,571.0,340.1
UNHPL,1/5/2025,271.8,282.0,270.0,281.0,3.5,33201.0,571.0,340.1
UNHPL,1/6/2025,281.0,290.7,281.0,289.8,3.13,34143.0,571.0,340.1
UNHPL,1/7/2025,290.0,296.0,283.2,290.0,0.07,37043.0,571.0,340.1
UNHPL,1/8/2025,286.2,291.0,285.0,288.5,-0.52,26293.0,571.0,340.1
UNHPL,1/9/2025,283.2,300.9,283.2,297.9,3.26,101675.0,571.0,340.1
UNHPL,1/12/2025,300.0,302.9,292.1,292.2,-1.91,39696.0,571.0,340.1
UNHPL,1/13/2025,295.0,295.0,286.8,288.9,-1.13,24299.0,571.0,340.1
UNHPL,1/15/2025,293.6,295.0,290.1,292.0,1.07,32027.0,571.0,340.1
UNHPL,1/16/2025,290.2,293.0,288.1,290.5,-0.51,41671.0,571.0,340.1
UNHPL,1/19/2025,290.0,301.0,290.0,300.5,3.44,112651.0,571.0,340.1
UNHPL,1/20/2025,303.2,311.0,303.2,305.0,1.5,136008.0,571.0,340.1
UNHPL,1/21/2025,306.0,310.0,303.0,307.0,0.66,72376.0,571.0,340.1
UNHPL,1/22/2025,301.0,329.9,301.0,325.3,5.96,429126.0,571.0,340.1
UNHPL,1/23/2025,331.8,333.4,317.1,322.0,-1.01,167705.0,571.0,340.1
UNHPL,1/26/2025,328.4,335.0,322.3,326.8,1.49,226289.0,571.0,340.1
UNHPL,1/27/2025,321.0,350.0,321.0,340.0,4.04,330588.0,571.0,340.1
UNHPL,1/28/2025,346.7,367.0,339.0,359.0,5.59,348804.0,571.0,340.1
UNHPL,2/2/2025,362.0,365.9,347.0,350.0,-2.51,262327.0,571.0,340.1
UNHPL,2/3/2025,355.0,355.0,338.9,343.0,-2.0,191602.0,571.0,340.1
UNHPL,2/4/2025,348.0,369.0,343.0,352.0,2.62,207025.0,571.0,340.1
UNHPL,2/5/2025,349.0,362.0,349.0,360.0,2.27,222328.0,571.0,340.1
UNHPL,2/6/2025,367.0,371.0,360.0,361.9,0.53,197961.0,571.0,340.1
UNHPL,2/9/2025,363.0,370.6,347.0,352.0,-2.74,170048.0,571.0,340.1
UNHPL,2/10/2025,350.0,357.0,343.0,345.5,-1.85,131396.0,571.0,340.1
UNHPL,2/11/2025,345.5,362.0,342.1,358.0,3.62,121334.0,571.0,340.1
UNHPL,2/12/2025,364.8,364.8,352.1,353.2,-1.34,125939.0,571.0,340.1
UNHPL,2/13/2025,354.0,357.0,347.1,351.0,-0.62,85201.0,571.0,340.1
UNHPL,2/16/2025,358.0,358.0,346.1,353.0,0.57,101490.0,571.0,340.1
UNHPL,2/17/2025,354.4,362.0,354.0,355.0,0.57,118001.0,571.0,340.1
UNHPL,2/18/2025,355.0,360.0,346.0,348.0,-1.97,99558.0,571.0,340.1
UNHPL,2/20/2025,348.0,352.9,344.0,347.0,-0.29,68492.0,571.0,340.1
UNHPL,2/23/2025,340.1,348.0,334.1,338.0,-2.59,131162.0,571.0,340.1
UNHPL,2/24/2025,340.0,349.8,336.0,336.5,-0.44,104800.0,571.0,340.1
UNHPL,2/25/2025,331.0,348.0,331.0,343.5,2.08,130082.0,571.0,340.1
UNHPL,2/27/2025,337.0,359.0,337.0,354.0,3.06,95859.0,571.0,340.1
UNHPL,3/2/2025,347.0,368.0,347.0,357.4,0.96,124016.0,571.0,340.1
UNHPL,3/3/2025,350.3,364.4,346.2,351.0,-1.79,120716.0,571.0,340.1
UNHPL,3/4/2025,351.0,360.0,346.5,350.9,-0.03,108582.0,571.0,340.1
UNHPL,3/5/2025,344.0,359.0,344.0,352.9,0.57,87945.0,571.0,340.1
UNHPL,3/6/2025,358.0,358.0,347.0,350.0,-0.82,67549.0,571.0,340.1
UNHPL,3/9/2025,356.5,356.5,339.0,340.0,-2.86,86577.0,571.0,340.1
UNHPL,3/10/2025,345.0,345.0,335.3,337.0,-0.88,56483.0,571.0,340.1
UNHPL,3/11/2025,336.0,340.0,325.0,326.0,-3.26,74591.0,571.0,340.1
UNHPL,3/12/2025,325.0,332.0,325.0,330.0,1.23,70743.0,571.0,340.1
UNHPL,3/16/2025,323.5,333.5,323.5,325.9,-1.24,41564.0,571.0,340.1
UNHPL,3/17/2025,319.5,333.0,319.5,323.0,-0.89,63667.0,571.0,340.1
UNHPL,3/18/2025,328.3,328.3,317.0,318.5,-1.39,44798.0,571.0,340.1
UNHPL,3/19/2025,324.8,324.8,311.2,315.0,-1.1,82197.0,571.0,340.1
UNHPL,3/20/2025,314.0,321.3,309.1,318.36,1.07,40881.0,571.0,340.1
UNHPL,3/23/2025,312.0,319.0,303.0,307.11,-3.53,69432.0,571.0,340.1
UNHPL,3/24/2025,307.0,316.0,301.2,307.25,0.05,77500.0,571.0,340.1
UNHPL,3/25/2025,301.5,309.9,294.0,294.36,-4.2,74846.0,571.0,340.1
UNHPL,3/26/2025,290.0,303.0,290.0,298.41,1.38,60416.0,571.0,340.1
UNHPL,3/27/2025,304.0,307.9,300.0,305.23,2.29,45144.0,571.0,340.1
UNHPL,3/30/2025,300.0,322.9,299.7,317.4,3.99,84652.0,571.0,340.1
UNHPL,4/1/2025,316.5,320.0,309.0,314.06,-1.05,39790.0,571.0,340.1
UNHPL,4/2/2025,310.0,319.0,310.0,314.07,0.0,28045.0,571.0,340.1
UNHPL,4/3/2025,317.0,324.8,312.9,314.57,0.16,72252.0,571.0,340.1
UNHPL,4/7/2025,313.3,318.2,307.0,308.22,-2.02,35628.0,571.0,340.1
UNHPL,4/8/2025,314.0,314.0,300.0,306.49,-0.56,45910.0,571.0,340.1
UNHPL,4/9/2025,300.4,317.0,300.4,309.69,1.04,47671.0,571.0,340.1
UNHPL,4/10/2025,309.69,321.3,304.0,315.67,1.93,65030.0,571.0,340.1
UNHPL,4/13/2025,310.0,322.5,310.0,317.82,0.68,64884.0,571.0,340.1
UNHPL,4/15/2025,316.0,333.0,315.0,327.72,3.11,87537.0,571.0,340.1
UNHPL,4/16/2025,334.2,338.6,325.0,335.11,2.25,83279.0,571.0,340.1
UNHPL,4/17/2025,337.6,344.8,334.1,335.67,0.17,99212.0,571.0,340.1
UNHPL,4/20/2025,341.0,341.0,323.9,328.77,-2.06,39886.0,571.0,340.1
UNHPL,4/21/2025,324.0,352.5,323.5,349.21,6.22,266702.0,571.0,340.1
UNHPL,4/22/2025,342.3,361.0,328.0,336.02,-3.78,115807.0,571.0,340.1
UNHPL,4/23/2025,336.2,336.5,324.0,324.74,-3.36,65326.0,571.0,340.1
UNHPL,4/24/2025,325.0,337.0,325.0,333.88,2.81,134786.0,571.0,340.1
UNHPL,4/27/2025,339.9,346.0,335.0,340.87,2.09,138232.0,571.0,340.1
UNHPL,4/28/2025,334.3,347.0,331.5,332.09,-2.58,56180.0,571.0,340.1
UNHPL,4/29/2025,335.0,335.9,325.5,326.6,-1.65,51207.0,571.0,340.1
UNHPL,4/30/2025,333.1,350.0,328.1,339.17,3.85,202930.0,571.0,340.1
UNHPL,5/4/2025,345.5,349.7,337.0,339.02,-0.04,151663.0,571.0,340.1
UNHPL,5/5/2025,345.8,352.7,329.3,332.12,-2.04,69013.0,571.0,340.1
UNHPL,5/6/2025,336.0,349.0,335.0,346.07,4.2,182682.0,571.0,340.1
UNHPL,5/7/2025,346.0,356.0,346.0,351.17,1.47,158872.0,571.0,340.1
UNHPL,5/8/2025,345.0,369.0,345.0,359.99,2.51,281434.0,571.0,340.1
UNHPL,5/11/2025,355.0,366.0,347.0,348.92,-3.08,151590.0,571.0,340.1
UNHPL,5/13/2025,353.5,353.5,340.0,340.52,-2.41,87587.0,571.0,340.1
UNHPL,5/14/2025,344.0,344.0,330.4,333.32,-2.11,108655.0,571.0,340.1
UNHPL,5/15/2025,327.0,339.5,327.0,328.88,-1.33,70355.0,571.0,340.1
UNHPL,5/18/2025,322.5,335.0,320.1,321.11,-2.36,70334.0,571.0,340.1
UNHPL,5/19/2025,315.1,328.9,315.1,321.33,0.07,73795.0,571.0,340.1
UNHPL,5/20/2025,315.0,338.0,315.0,334.63,4.14,69739.0,571.0,340.1
UNHPL,5/21/2025,341.3,355.0,324.0,326.99,-2.28,64469.0,571.0,340.1
UNHPL,5/22/2025,333.0,335.0,319.1,323.23,-1.15,69357.0,571.0,340.1
UNHPL,5/25/2025,325.0,328.0,319.0,320.57,-0.82,44887.0,571.0,340.1
UNHPL,5/26/2025,324.0,333.4,316.0,318.23,-0.73,57149.0,571.0,340.1
UNHPL,5/27/2025,321.9,326.0,319.0,321.64,1.07,54270.0,571.0,340.1
UNHPL,5/28/2025,315.3,329.0,315.3,325.94,1.34,61373.0,571.0,340.1
UNHPL,6/2/2025,332.4,334.0,325.0,326.17,0.07,53056.0,571.0,340.1
UNHPL,6/3/2025,323.0,327.9,321.0,321.4,-1.46,27255.0,571.0,340.1
UNHPL,6/4/2025,318.5,324.4,317.0,318.71,-0.84,33409.0,571.0,340.1
UNHPL,6/5/2025,315.0,324.0,315.0,320.78,0.65,44656.0,571.0,340.1
UNHPL,6/8/2025,314.4,346.0,314.4,338.8,5.62,149540.0,571.0,340.1
UNHPL,6/9/2025,340.0,343.0,334.1,338.6,-0.06,63026.0,571.0,340.1
UNHPL,6/10/2025,345.0,349.9,338.0,338.36,-0.07,92152.0,571.0,340.1
UNHPL,6/11/2025,345.1,354.9,333.5,352.18,4.08,190135.0,571.0,340.1
UNHPL,6/12/2025,359.0,385.5,349.0,368.02,4.5,486118.0,571.0,340.1
UNHPL,6/15/2025,375.0,404.0,370.0,402.4,9.34,567147.0,571.0,340.1
UNHPL,6/16/2025,407.0,432.0,404.0,406.76,1.08,773142.0,571.0,340.1
UNHPL,6/17/2025,405.0,417.0,403.0,413.4,1.63,266887.0,571.0,340.1
UNHPL,6/18/2025,418.0,454.7,413.2,451.5,9.22,691659.0,571.0,340.1
UNHPL,6/19/2025,451.5,466.0,433.6,437.63,-3.07,531973.0,571.0,340.1
UNHPL,6/22/2025,437.0,443.5,407.0,410.34,-6.24,520695.0,571.0,340.1
UNHPL,6/23/2025,418.0,429.9,408.0,424.77,3.52,353926.0,571.0,340.1
UNHPL,6/24/2025,430.0,432.7,412.0,415.06,-2.29,152400.0,571.0,340.1
UNHPL,6/25/2025,416.0,447.0,410.0,437.6,5.43,369275.0,571.0,340.1
UNHPL,6/26/2025,431.7,450.0,425.1,427.37,-2.34,453455.0,571.0,340.1
UNHPL,6/29/2025,424.9,449.8,424.9,442.68,3.58,549793.0,571.0,340.1
UNHPL,6/30/2025,451.0,459.0,445.2,449.93,1.64,342723.0,571.0,340.1
UNHPL,7/1/2025,444.4,480.0,444.4,476.91,6.0,536958.0,571.0,340.1
UNHPL,7/2/2025,486.4,486.4,461.6,465.99,-2.29,435230.0,571.0,340.1
UNHPL,7/3/2025,474.0,474.0,445.0,448.67,-3.72,346558.0,571.0,340.1
UNHPL,7/6/2025,452.9,456.0,429.1,431.47,-3.83,276192.0,571.0,340.1
UNHPL,7/7/2025,434.0,440.5,417.1,419.72,-2.72,252804.0,571.0,340.1
UNHPL,7/8/2025,428.1,436.0,419.9,422.94,0.77,241190.0,571.0,340.1
UNHPL,7/9/2025,431.0,432.9,420.0,420.63,-0.55,214474.0,571.0,340.1
UNHPL,7/10/2025,429.0,429.0,412.0,413.71,-1.65,181771.0,571.0,340.1
UNHPL,7/13/2025,421.9,430.3,395.5,397.72,-3.87,218911.0,571.0,340.1
UNHPL,7/14/2025,397.7,419.5,397.0,408.67,2.75,191652.0,571.0,340.1
UNHPL,7/15/2025,416.8,428.0,413.0,422.18,3.31,143097.0,571.0,340.1
UNHPL,7/16/2025,430.6,430.6,415.0,417.81,-1.04,159956.0,571.0,340.1
UNHPL,7/17/2025,422.0,459.5,418.0,449.41,7.56,437776.0,571.0,340.1
UNHPL,7/20/2025,458.3,458.3,428.4,430.12,-4.29,237771.0,571.0,340.1
UNHPL,7/21/2025,427.0,443.0,417.6,422.91,-1.68,228616.0,571.0,340.1
UNHPL,7/22/2025,414.5,430.0,414.5,421.34,-0.37,362181.0,571.0,340.1
UNHPL,7/23/2025,422.0,426.7,413.2,421.09,-0.06,263828.0,571.0,340.1
UNHPL,7/24/2025,421.0,434.8,418.0,425.19,0.97,266533.0,571.0,340.1
UNHPL,7/27/2025,429.0,435.0,412.0,416.98,-1.93,286677.0,571.0,340.1
UNHPL,7/28/2025,418.0,427.0,415.0,423.46,1.55,159061.0,571.0,340.1
UNHPL,7/29/2025,428.0,436.9,419.0,421.48,-0.47,212549.0,571.0,340.1
UNHPL,7/30/2025,420.0,427.9,413.1,414.33,-1.7,145608.0,571.0,340.1
UNHPL,7/31/2025,414.0,417.0,407.0,408.77,-1.34,130042.0,571.0,340.1
UNHPL,8/3/2025,407.1,410.0,395.2,396.71,-2.95,128681.0,571.0,340.1
UNHPL,8/4/2025,400.0,402.6,384.0,392.58,-1.04,107576.0,571.0,340.1
UNHPL,8/5/2025,396.0,397.0,374.0,376.72,-4.04,125440.0,571.0,340.1
UNHPL,8/6/2025,376.0,392.0,372.3,382.43,1.52,94961.0,571.0,340.1
UNHPL,8/7/2025,386.0,400.0,382.1,395.07,3.31,88916.0,571.0,340.1
UNHPL,8/11/2025,397.0,397.9,383.0,383.82,-2.85,95193.0,571.0,340.1
UNHPL,8/12/2025,380.0,385.0,377.0,380.33,-0.91,81542.0,571.0,340.1
UNHPL,8/13/2025,386.0,392.0,375.9,380.87,0.14,117397.0,571.0,340.1
UNHPL,8/14/2025,386.0,394.7,379.1,390.47,2.52,85067.0,571.0,340.1
UNHPL,8/17/2025,386.0,394.0,384.0,384.88,-1.43,50520.0,571.0,340.1
UNHPL,8/18/2025,385.0,412.0,380.0,408.35,6.1,195713.0,571.0,340.1
UNHPL,8/19/2025,415.9,416.0,396.2,397.26,-2.72,103075.0,571.0,340.1
UNHPL,8/20/2025,399.2,403.9,393.0,394.44,-0.71,72419.0,571.0,340.1
UNHPL,8/21/2025,395.0,395.2,386.0,387.1,-1.86,80214.0,571.0,340.1
UNHPL,8/24/2025,393.8,393.8,378.5,381.02,-1.57,72110.0,571.0,340.1
UNHPL,8/25/2025,380.2,394.7,378.0,388.82,2.05,73949.0,571.0,340.1
UNHPL,8/26/2025,385.0,395.7,385.0,388.32,-0.13,20107.0,571.0,340.1
UNHPL,8/27/2025,395.0,404.8,392.0,403.69,3.96,134224.0,571.0,340.1
UNHPL,8/28/2025,405.0,410.0,391.1,392.36,-2.81,244805.0,571.0,340.1
UNHPL,8/31/2025,393.1,393.1,382.2,384.79,-1.93,65029.0,571.0,340.1
UNHPL,9/1/2025,382.0,392.4,382.0,388.41,0.94,45262.0,571.0,340.1
UNHPL,9/2/2025,388.8,407.0,388.8,402.4,3.6,366391.0,571.0,340.1
UNHPL,9/3/2025,406.0,432.4,405.5,430.67,7.03,799834.0,571.0,340.1
UNHPL,9/4/2025,432.6,440.0,423.5,433.11,0.57,407675.0,571.0,340.1
UNHPL,9/7/2025,435.0,454.0,427.0,450.05,3.91,671017.0,571.0,340.1
UNHPL,9/8/2025,450.0,466.0,446.2,463.92,3.08,527763.0,571.0,340.1
UNHPL,9/18/2025,454.7,454.7,421.4,425.0,-8.39,75284.0,571.0,340.1
UNHPL,9/21/2025,425.0,454.9,425.0,451.83,6.31,426566.0,571.0,340.1
UNHPL,9/23/2025,459.0,475.0,453.0,467.0,3.36,334625.0,571.0,340.1
UNHPL,9/24/2025,470.0,485.8,465.0,474.3,1.56,463922.0,571.0,340.1
UNHPL,9/25/2025,474.3,484.0,464.0,470.9,-0.72,389469.0,571.0,340.1
UNHPL,9/28/2025,475.0,505.0,473.0,496.0,5.33,490483.0,571.0,340.1
UNHPL,10/7/2025,495.0,525.3,490.0,508.0,2.42,554698.0,571.0,340.1
UNHPL,10/8/2025,515.0,517.0,497.0,500.0,-1.57,483048.0,571.0,340.1
UNHPL,10/9/2025,510.0,529.9,502.0,516.0,3.2,528220.0,571.0,340.1
UNHPL,10/12/2025,520.0,523.0,475.0,478.0,-7.36,726673.0,571.0,340.1
UNHPL,10/13/2025,480.0,492.0,468.6,487.0,1.88,325888.0,571.0,340.1
UNHPL,10/14/2025,496.7,496.7,468.0,469.0,-3.7,211447.0,571.0,340.1
UNHPL,10/15/2025,476.9,483.0,466.6,473.0,0.85,273322.0,571.0,340.1
UNHPL,10/16/2025,482.4,482.4,470.0,472.0,-0.21,195805.0,571.0,340.1
UNHPL,10/19/2025,476.0,501.0,470.2,498.0,5.51,344698.0,571.0,340.1
UNHPL,10/26/2025,505.0,507.5,486.5,492.0,-1.2,375811.0,571.0,340.1
UNHPL,10/28/2025,492.0,524.0,485.3,515.0,4.67,460327.0,571.0,340.1
UNHPL,10/29/2025,515.0,529.0,515.0,518.5,0.68,452418.0,571.0,340.1
UNHPL,10/30/2025,528.8,528.8,512.1,513.0,-1.06,362817.0,571.0,340.1
UNHPL,11/2/2025,510.0,549.0,510.0,529.0,3.12,646245.0,571.0,340.1
UNHPL,11/3/2025,539.5,546.6,529.0,534.0,0.95,439125.0,571.0,340.1
UNHPL,11/4/2025,523.4,540.0,521.0,530.4,-0.67,355017.0,571.0,340.1
UNHPL,11/5/2025,530.0,554.7,529.1,538.9,1.6,710259.0,571.0,340.1
UNHPL,11/6/2025,529.0,544.0,529.0,541.5,0.48,362216.0,571.0,340.1
UNHPL,11/9/2025,540.0,545.0,521.4,525.0,-3.05,520278.0,571.0,340.1
UNHPL,11/10/2025,525.1,529.8,515.1,524.4,-0.11,493543.0,571.0,340.1
UNHPL,11/11/2025,529.0,530.0,521.2,522.4,-0.38,88797.0,571.0,340.1
UNHPL,11/12/2025,518.0,526.0,517.0,520.9,-0.29,260308.0,571.0,340.1
UNHPL,11/13/2025,521.9,525.0,517.6,525.0,0.79,255692.0,571.0,340.1
UNHPL,11/16/2025,535.5,535.5,519.0,524.9,-0.02,318414.0,571.0,340.1
UNHPL,11/17/2025,518.1,532.0,518.1,532.0,1.35,250901.0,571.0,340.1
UNHPL,11/18/2025,540.0,540.0,522.0,525.0,-1.32,155398.0,571.0,340.1
UNHPL,11/19/2025,529.59,529.59,510.0,514.9,-1.92,214479.0,571.0,340.1
UNHPL,11/20/2025,513.0,515.0,500.0,503.5,-2.21,239411.0,571.0,340.1
UNHPL,11/23/2025,505.0,516.0,505.0,509.0,1.09,131244.0,571.0,340.1
UNHPL,11/24/2025,512.7,516.0,506.0,508.9,-0.02,148941.0,571.0,340.1
UNHPL,11/25/2025,519.0,524.2,504.0,511.8,0.57,364809.0,571.0,340.1
UNHPL,11/26/2025,502.0,520.0,502.0,507.0,-0.94,106356.0,571.0,340.1
UNHPL,11/27/2025,497.0,513.8,497.0,504.6,-0.47,173118.0,571.0,340.1
UNHPL,11/30/2025,504.0,509.0,500.0,500.0,-0.91,96519.0,571.0,340.1
UNHPL,12/1/2025,504.9,504.9,496.1,496.1,-0.78,104026.0,571.0,340.1
UNHPL,12/2/2025,497.1,530.0,490.0,496.8,0.14,634319.0,571.0,340.1
UNHPL,12/3/2025,506.7,506.7,490.0,491.8,-1.01,94431.0,571.0,340.1
UNHPL,12/7/2025,490.1,491.0,485.3,486.3,-1.12,127388.0,571.0,340.1
UNHPL,12/8/2025,492.0,498.0,485.0,491.0,0.97,130446.0,571.0,340.1
UNHPL,12/9/2025,495.9,499.0,487.0,489.0,-0.41,113009.0,571.0,340.1
UNHPL,12/10/2025,498.7,498.7,482.5,484.0,-1.02,66114.0,571.0,340.1
UNHPL,12/11/2025,481.1,489.7,481.0,482.1,-0.39,61756.0,571.0,340.1
UNHPL,12/14/2025,487.0,490.0,476.1,478.0,-0.85,61091.0,571.0,340.1
UNHPL,12/15/2025,475.3,485.0,472.3,475.0,-0.63,76002.0,571.0,340.1
UNHPL,12/16/2025,466.0,487.9,466.0,487.9,2.72,64991.0,571.0,340.1
UNHPL,12/17/2025,489.0,511.0,478.3,504.9,3.48,454794.0,571.0,340.1
UNHPL,12/18/2025,514.9,514.9,492.0,495.0,-1.96,144514.0,571.0,340.1
UNHPL,12/21/2025,488.2,498.7,485.3,487.1,-1.6,96413.0,571.0,340.1
UNHPL,12/22/2025,486.0,493.6,484.2,490.0,0.6,90025.0,571.0,340.1
UNHPL,12/23/2025,499.8,499.8,485.0,489.0,-0.2,61899.0,571.0,340.1
UNHPL,12/24/2025,496.8,496.8,481.1,481.5,-1.53,61734.0,571.0,340.1
UNHPL,12/28/2025,471.9,515.0,471.9,490.0,1.77,554921.0,571.0,340.1
UNHPL,12/29/2025,499.8,499.8,483.0,483.9,-1.24,65519.0,571.0,340.1
UNHPL,12/31/2025,493.5,493.5,478.1,481.9,-0.41,215733.0,571.0,340.1
UNHPL,1/1/2026,472.3,489.6,472.3,475.7,-1.29,114424.0,571.0,340.1
UNHPL,1/4/2026,485.2,485.2,464.1,468.6,-1.49,214642.0,571.0,340.1
UNHPL,1/5/2026,462.3,474.0,458.0,470.0,0.3,202707.0,571.0,340.1
UNHPL,1/6/2026,471.0,482.0,462.0,465.0,-1.06,201925.0,571.0,340.1
UNHPL,1/7/2026,464.0,472.0,457.2,461.0,-0.86,88976.0,571.0,340.1
UNHPL,1/8/2026,470.2,470.2,455.7,467.0,1.3,100577.0,571.0,340.1
UNHPL,1/12/2026,470.0,474.0,460.1,461.0,-1.28,133790.0,571.0,340.1
UNHPL,1/13/2026,452.0,469.0,452.0,460.0,-0.22,165223.0,571.0,340.1
UNHPL,1/14/2026,460.0,489.0,460.0,475.0,3.26,486429.0,571.0,340.1
UNHPL,1/18/2026,471.0,483.0,470.2,471.5,-0.74,144325.0,571.0,340.1
UNHPL,1/20/2026,473.2,487.3,469.3,472.0,0.11,425319.0,571.0,340.1
UNHPL,1/21/2026,478.0,478.0,462.0,465.9,-1.29,154034.0,571.0,340.1
UNHPL,1/22/2026,475.0,475.0,459.0,461.6,-0.92,167897.0,571.0,340.1
UNHPL,1/25/2026,470.8,470.8,455.8,460.1,-0.32,214416.0,571.0,340.1
UNHPL,1/26/2026,450.9,476.0,450.9,469.2,1.98,296037.0,571.0,340.1
UNHPL,1/27/2026,472.1,482.0,464.0,464.0,-1.11,326992.0,571.0,340.1
UNHPL,1/28/2026,464.0,468.0,461.9,465.0,0.22,106220.0,571.0,340.1
UNHPL,1/29/2026,470.0,502.0,465.2,490.0,5.38,918125.0,571.0,340.1
UNHPL,2/1/2026,499.8,515.0,499.8,508.0,3.67,728599.0,571.0,340.1
UNHPL,2/2/2026,518.1,523.0,500.0,514.9,1.36,443962.0,571.0,340.1
UNHPL,2/3/2026,525.1,531.0,495.0,498.0,-3.28,628491.0,571.0,340.1
UNHPL,2/4/2026,488.1,513.0,488.1,497.0,-0.2,199215.0,571.0,340.1
UNHPL,2/5/2026,506.9,545.0,491.0,531.0,6.84,1146555.0,571.0,340.1
UNHPL,2/8/2026,530.0,530.0,502.0,506.0,-4.71,285678.0,571.0,340.1
UNHPL,2/9/2026,516.1,516.1,487.3,489.0,-3.36,242267.0,571.0,340.1
UNHPL,2/10/2026,485.0,530.0,485.0,497.7,1.78,649371.0,571.0,340.1
UNHPL,2/11/2026,498.0,540.0,496.1,509.0,2.27,516821.0,571.0,340.1
UNHPL,2/12/2026,500.0,510.4,500.0,510.0,0.2,348321.0,571.0,340.1
UNHPL,2/16/2026,511.0,518.0,492.2,495.0,-2.94,168500.0,571.0,340.1
UNHPL,2/17/2026,499.9,499.9,477.0,482.9,-2.44,219684.0,571.0,340.1
UNHPL,2/22/2026,476.0,482.9,474.0,474.0,-1.84,168835.0,571.0,340.1
UNHPL,2/23/2026,472.0,483.4,472.0,480.0,1.27,68540.0,571.0,340.1
UNHPL,2/24/2026,482.0,485.3,476.0,483.0,0.63,66358.0,571.0,340.1
UNHPL,2/25/2026,485.0,500.0,481.0,497.0,2.9,126698.0,571.0,340.1
UNHPL,2/26/2026,490.0,505.9,490.0,496.0,-0.2,132780.0,571.0,340.1
UNHPL,2/27/2026,490.0,505.9,490.0,496.0,0.0,132780.0,571.0,340.1
UNHPL,2/28/2026,490.0,505.9,490.0,496.0,0.0,132780.0,571.0,340.1
UNHPL,3/2/2026,486.2,499.9,486.2,495.2,-0.16,106944.0,571.0,340.1
UNHPL,3/3/2026,490.1,500.5,490.1,496.0,0.16,122438.0,571.0,340.1
UNHPL,3/4/2026,490.1,500.5,490.1,496.0,0.0,122438.0,571.0,340.1
UNHPL,3/5/2026,490.1,500.5,490.1,496.0,0.0,122438.0,571.0,340.1
UNHPL,3/6/2026,490.1,500.5,490.1,496.0,0.0,122438.0,571.0,340.1
UNHPL,3/7/2026,490.1,500.5,490.1,496.0,0.0,122438.0,571.0,340.1
UNHPL,3/8/2026,490.1,500.5,490.1,496.0,0.0,122438.0,571.0,340.1
UNHPL,3/9/2026,505.0,536.0,505.0,525.0,5.85,10332.0,571.0,340.1
UNHPL,3/10/2026,525.0,525.0,495.1,497.0,-5.33,404926.0,571.0,340.1
UNHPL,3/11/2026,495.3,499.9,490.0,491.8,-1.05,177391.0,571.0,340.1
UNHPL,3/12/2026,488.0,495.0,488.0,490.8,-0.2,172113.0,571.0,340.1
UNHPL,3/13/2026,488.0,495.0,488.0,490.8,0.0,172113.0,571.0,340.1
UNHPL,3/14/2026,488.0,495.0,488.0,490.8,0.0,172113.0,571.0,340.1
UNHPL,3/15/2026,491.0,495.8,489.0,491.0,0.04,81896.0,571.0,340.1
UNHPL,3/16/2026,496.0,502.8,485.1,498.7,1.57,191244.0,571.0,340.1
UNHPL,3/17/2026,508.6,508.6,494.0,500.0,0.26,166293.0,571.0,340.1
UNHPL,3/18/2026,508.6,508.6,494.0,500.0,0.0,166293.0,571.0,340.1
UNHPL,3/19/2026,510.0,519.5,499.0,518.0,3.6,345245.0,571.0,340.1
UNHPL,3/20/2026,510.0,519.5,499.0,518.0,0.0,345245.0,571.0,340.1
UNHPL,3/21/2026,510.0,519.5,499.0,518.0,0.0,345245.0,571.0,340.1
UNHPL,3/22/2026,518.0,524.6,510.1,519.9,0.37,480347.0,571.0,340.1
UNHPL,3/23/2026,518.9,538.0,512.0,538.0,3.48,568352.0,571.0,340.1
UNHPL,3/24/2026,528.1,549.9,528.1,543.0,0.93,245281.0,571.0,340.1
UNHPL,3/25/2026,533.9,556.9,533.9,556.9,2.56,515499.0,571.0,340.1
UNHPL,3/26/2026,550.0,571.0,549.0,560.0,1.82,410553.0,571.0,340.1
UNHPL,3/29/2026,550.0,567.7,533.2,538.0,-2.18,231388.0,571.0,340.1
UNHPL,3/30/2026,540.0,544.0,530.0,538.8,-0.22,193414.0,571.0,340.1
UNHPL,3/31/2026,547.5,547.5,521.0,538.9,-1.57,134916.0,571.0,340.1
UNHPL,4/1/2026,528.2,538.0,503.0,510.0,-3.45,177877.0,571.0,340.1
UNHPL,4/2/2026,510.0,520.0,502.6,512.0,0.39,95735.0,571.0,340.1
UNHPL,4/5/2026,501.8,513.0,494.0,513.0,2.23,273308.0,571.0,340.1
UNHPL,4/6/2026,509.0,526.0,506.1,526.0,3.34,116287.0,571.0,340.1
UNHPL,4/7/2026,536.5,536.5,517.4,521.0,-2.89,76262.0,571.0,340.1
UNHPL,4/8/2026,524.5,525.0,515.0,520.7,-0.72,60966.0,571.0,340.1
UNHPL,4/9/2026,511.0,530.0,511.0,522.0,2.15,104842.0,571.0,340.1
UNHPL,4/10/2026,532.2,532.2,513.09,525.0,-1.35,149858.0,571.0,340.1
UNHPL,4/13/2026,530.0,530.0,512.0,521.0,-1.7,77259.0,571.0,340.1
UNHPL,4/15/2026,525.0,525.0,514.5,516.2,-1.68,136673.0,571.0,340.1
UNHPL,4/16/2026,506.0,520.0,506.0,510.8,0.95,45118.0,571.0,340.1
UNHPL,4/17/2026,503.0,516.0,503.0,510.9,1.57,45863.0,571.0,340.1
UNHPL,4/20/2026,486.0,546.0,486.0,515.0,5.97,96782.0,571.0,340.1
UNHPL,4/21/2026,520.0,520.0,498.0,498.0,-4.23,52686.0,571.0,340.1
UNHPL,4/22/2026,473.1,508.9,473.1,501.9,6.09,43013.0,571.0,340.1
UNHPL,4/23/2026,493.4,503.9,490.1,496.4,0.61,34456.0,571.0,340.1
UNHPL,4/24/2026,490.0,495.0,486.1,487.0,-0.61,55999.0,571.0,340.1
UNHPL,4/27/2026,487.0,498.0,487.0,491.0,0.82,24646.0,571.0,340.1
UNHPL,4/28/2026,467.0,505.7,467.0,487.9,4.48,38437.0,571.0,340.1
UNHPL,4/29/2026,487.9,487.0,475.0,475.4,-2.56,46481.0,571.0,340.1
UNHPL,4/30/2026,471.0,478.8,468.0,474.1,0.66,29729.0,571.0,340.1
UNHPL,5/4/2026,475.2,480.0,467.1,467.1,-1.7,38704.0,571.0,340.1
UNHPL,5/5/2026,444.0,479.0,444.0,465.1,4.75,15290.0,571.0,340.1
UNHPL,5/6/2026,468.0,473.0,465.2,470.0,0.43,18178.0,571.0,340.1
UNHPL,5/7/2026,475.0,475.0,467.0,474.8,-0.04,12131.0,571.0,340.1
UNHPL,5/8/2026,479.0,479.0,466.0,473.0,-1.25,10632.0,571.0,340.1
UNHPL,5/11/2026,473.5,482.0,473.5,478.0,0.95,25754.0,571.0,340.1
UNHPL,5/12/2026,455.0,492.0,455.0,476.0,4.62,22096.0,571.0,340.1
UNHPL,5/13/2026,460.0,481.9,460.0,480.0,4.35,26579.0,571.0,340.1
UNHPL,5/14/2026,504.0,534.0,472.0,534.0,5.95,306888.0,571.0,340.1
UNHPL,5/15/2026,507.3,507.3,453.9,455.0,-10.31,657030.0,571.0,340.1
UNHPL,5/18/2026,440.0,458.0,440.0,444.0,0.91,68771.0,571.0,340.1
UNHPL,5/19/2026,421.9,447.0,421.0,432.0,2.39,103171.0,571.0,340.1
UNHPL,5/20/2026,411.0,437.0,410.5,435.0,5.84,102788.0,571.0,340.1
UNHPL,5/21/2026,456.7,456.7,427.1,429.0,-6.07,34963.0,571.0,340.1
UNHPL,5/22/2026,408.0,439.0,408.0,434.0,6.37,44873.0,571.0,340.1
UNHPL,5/25/2026,420.0,444.0,420.0,430.1,2.4,78249.0,571.0,340.1
UNHPL,5/26/2026,425.0,440.0,425.0,439.0,3.29,122081.0,571.0,340.1
UNHPL,5/27/2026,430.0,452.0,430.0,440.1,2.35,88413.0,571.0,340.1
UNHPL,6/1/2026,439.0,443.9,429.0,436.8,-0.5,29503.0,571.0,340.1
UNHPL,6/2/2026,425.0,437.9,425.0,436.9,2.8,34291.0,571.0,340.1
UNHPL,6/3/2026,458.0,458.0,427.4,430.9,-5.92,61307.0,571.0,340.1
UNHPL,6/4/2026,436.9,436.9,426.0,430.5,-1.46,32808.0,571.0,340.1
UNHPL,6/5/2026,425.0,433.6,422.0,424.0,-0.24,41850.0,571.0,340.1
UNHPL,6/8/2026,429.8,429.8,416.1,417.1,-2.95,32888.0,571.0,340.1
UNHPL,6/9/2026,422.0,422.0,400.2,412.0,-2.37,90064.0,571.0,340.1
UNHPL,6/10/2026,416.0,416.0,410.0,412.0,-0.96,21637.0,571.0,340.1
UNHPL,6/11/2026,405.1,416.6,405.1,414.0,2.2,19018.0,571.0,340.1
UNHPL,6/12/2026,407.0,418.0,407.0,413.8,1.67,20288.0,571.0,340.1
UNHPL,6/15/2026,417.9,417.9,409.0,412.0,-1.41,15177.0,571.0,340.1
UNHPL,6/16/2026,407.3,415.0,405.2,406.6,-0.17,20412.0,571.0,340.1
UNHPL,6/17/2026,406.9,410.0,406.5,409.0,0.52,18054.0,571.0,340.1
UNHPL,6/18/2026,409.0,414.0,403.1,405.8,-0.78,26379.0,571.0,340.1
UNHPL,6/19/2026,400.0,411.0,400.0,405.2,1.3,13476.0,571.0,340.1
UNHPL,6/22/2026,404.0,408.0,402.6,406.0,0.5,18957.0,571.0,340.1
UNHPL,6/23/2026,400.1,405.0,399.2,400.0,-0.02,27345.0,571.0,340.1
UNHPL,6/24/2026,380.0,403.0,380.0,397.0,4.47,27215.0,571.0,340.1
UNHPL,6/26/2026,380.0,398.8,380.0,397.3,4.55,49117.0,571.0,340.1
UNHPL,6/29/2026,397.4,397.4,387.2,395.4,-0.5,13948.0,571.0,340.1
UNHPL,6/30/2026,380.0,395.0,380.0,386.0,1.58,11561.0,571.0,340.1
UNHPL,7/1/2026,392.0,396.0,385.0,393.0,0.26,30215.0,571.0,340.1
UNHPL,7/2/2026,393.0,396.0,387.0,388.0,-1.27,8405.0,571.0,340.1
UNHPL,7/3/2026,386.1,395.0,386.1,392.9,1.76,14430.0,571.0,340.1
UNHPL,7/6/2026,391.0,394.5,385.2,386.0,-1.28,9846.0,571.0,340.1
UNHPL,7/7/2026,371.0,394.5,371.0,392.0,5.66,26969.0,571.0,340.1
UNHPL,7/8/2026,387.1,391.0,384.6,387.0,-0.03,16650.0,571.0,340.1
UNHPL,7/9/2026,387.0,387.0,381.6,385.0,-0.52,12508.0,571.0,340.1
UNHPL,7/10/2026,390.0,391.5,382.7,386.0,-1.03,14789.0,571.0,340.1
UNHPL,7/13/2026,385.0,385.0,378.0,383.9,-0.29,16037.0,571.0,340.1
UNHPL,7/14/2026,380.0,383.0,370.0,382.0,0.53,23132.0,571.0,340.1
UNHPL,7/15/2026,383.0,385.0,380.0,383.0,0.0,13025.0,571.0,340.1
UNHPL,7/16/2026,402.0,402.0,377.0,378.0,-5.97,16510.0,571.0,340.1
UNHPL,7/17/2026,389.0,400.0,379.1,396.1,1.83,20665.0,571.0,340.1
UNHPL,7/20/2026,398.0,408.4,392.0,405.0,1.76,48188.0,571.0,340.1
UNHPL,7/21/2026,400.0,406.7,398.6,404.8,1.2,49748.0,571.0,340.1
UNHPL,7/22/2026,395.1,404.0,395.1,400.0,1.24,14951.0,571.0,340.1
UNHPL,7/23/2026,403.0,403.0,395.0,400.0,-0.74,12256.0,571.0,340.1
UNHPL,7/24/2026,402.8,402.8,397.0,397.0,-1.44,25227.0,571.0,340.1
UNHPL,7/27/2026,400.0,400.0,390.2,392.0,-2.0,22386.0,571.0,340.1
UNHPL,7/28/2026,390.0,394.0,385.0,389.9,-0.03,11948.0,571.0,340.1
UNHPL,7/29/2026,386.0,390.0,383.0,389.5,0.91,19296.0,571.0,340.1
UNHPL,7/30/2026,392.0,392.0,380.0,382.9,-2.32,8263.0,571.0,340.1
UNHPL,7/31/2026,380.2,385.0,380.0,382.1,0.5,10081.0,571.0,340.1
UNHPL,8/3/2026,389.0,389.0,380.1,384.8,-1.08,8276.0,571.0,340.1
UNHPL,8/4/2026,388.0,388.0,378.2,383.9,-1.06,21045.0,571.0,340.1
UNHPL,8/5/2026,388.0,388.0,377.1,379.9,-2.09,9947.0,571.0,340.1
UNHPL,8/6/2026,385.0,385.0,375.5,379.0,-1.56,23316.0,571.0,340.1
UNHPL,8/7/2026,381.5,381.5,375.0,375.0,-1.7,7991.0,571.0,340.1
UNHPL,8/10/2026,379.5,379.5,373.1,374.0,-1.45,4858.0,571.0,340.1
UNHPL,8/11/2026,368.0,377.1,368.0,375.0,1.9,13749.0,571.0,340.1
UNHPL,8/12/2026,368.0,382.0,368.0,377.9,2.69,24865.0,571.0,340.1
UNHPL,8/13/2026,380.0,381.0,372.5,379.0,-0.26,17997.0,571.0,340.1
UNHPL,8/14/2026,380.0,380.0,373.0,374.0,-1.58,13316.0,571.0,340.1
UNHPL,8/17/2026,378.0,378.1,368.0,370.0,-2.12,22611.0,571.0,340.1
UNHPL,8/18/2026,377.0,377.0,364.4,365.6,-3.02,21954.0,571.0,340.1
UNHPL,8/19/2026,373.0,373.0,358.0,371.0,-0.54,36636.0,571.0,340.1
UNHPL,8/20/2026,372.9,373.0,365.1,372.0,-0.24,16180.0,571.0,340.1
UNHPL,8/21/2026,373.0,375.5,365.5,367.0,-1.61,16265.0,571.0,340.1
UNHPL,8/24/2026,372.0,372.0,362.5,365.9,-1.64,23968.0,571.0,340.1
UNHPL,8/25/2026,370.0,370.0,360.0,362.0,-2.16,9872.0,571.0,340.1
UNHPL,8/26/2026,365.0,365.0,349.0,355.0,-2.74,25943.0,571.0,340.1
UNHPL,8/27/2026,355.0,361.3,345.0,358.0,0.85,8745.0,571.0,340.1
UNHPL,8/31/2026,345.0,358.8,340.1,349.8,1.39,19119.0,571.0,340.1
UNHPL,9/1/2026,355.0,359.0,341.0,353.5,-0.42,12471.0,571.0,340.1
UNHPL,9/2/2026,355.0,358.0,346.0,354.0,-0.28,14890.0,571.0,340.1
UNHPL,9/3/2026,355.5,357.5,348.4,353.7,-0.51,5151.0,571.0,340.1
UNHPL,9/7/2026,356.0,359.0,349.3,355.0,-0.28,12344.0,571.0,340.1
UNHPL,9/9/2026,355.0,359.0,349.0,353.8,-0.34,14572.0,571.0,340.1
UNHPL,9/10/2026,347.0,350.0,344.0,346.9,-0.03,16249.0,571.0,340.1
UNHPL,9/11/2026,350.0,367.0,341.0,350.4,0.11,31055.0,571.0,340.1
UNHPL,9/14/2026,355.0,364.0,353.0,356.6,0.45,18613.0,571.0,340.1
UNHPL,9/15/2026,370.0,374.0,362.0,367.8,-0.59,24255.0,571.0,340.1
UNHPL,9/16/2026,368.0,369.0,355.7,357.0,-2.99,19535.0,571.0,340.1
UNHPL,9/17/2026,363.0,367.0,356.1,364.9,0.52,23535.0,571.0,340.1
UNHPL,9/18/2026,348.0,369.0,348.0,361.2,3.79,35209.0,571.0,340.1
UNHPL,9/22/2026,360.1,368.8,360.1,362.0,0.53,25199.0,571.0,340.1
UNHPL,9/23/2026,361.5,365.0,358.0,361.0,-0.14,20148.0,571.0,340.1
UNHPL,9/24/2026,358.5,360.0,356.1,359.0,0.14,9120.0,571.0,340.1
UNHPL,9/28/2026,360.0,364.0,354.0,359.8,-0.06,18329.0,571.0,340.1
UNHPL,9/29/2026,365.0,365.0,355.0,0.0,-100.0,4302.0,571.0,340.1
UNHPL,9/30/2026,355.0,365.0,355.0,359.8,1.35,23898.0,571.0,340.1
UNHPL,10/1/2026,354.0,363.0,354.0,358.0,1.13,12422.0,571.0,340.1
UNHPL,10/2/2026,362.0,362.0,353.6,356.9,-1.41,9650.0,571.0,340.1
UNL,12/22/2025,47190.0,47190.0,46998.2,46998.2,,40.0,49200.0,45200.0
UNL,12/23/2025,46995.0,46995.0,46995.0,46995.0,-0.01,10.0,49200.0,45200.0
UNL,12/24/2025,47100.0,47200.0,47100.0,47200.0,0.44,30.0,49200.0,45200.0
UNL,12/28/2025,46800.0,47100.0,46800.0,47000.0,-0.42,50.0,49200.0,45200.0
UNL,12/29/2025,46500.1,46552.0,46500.1,46552.0,-0.95,20.0,49200.0,45200.0
UNL,12/31/2025,47400.0,47500.0,47000.0,47199.0,1.39,80.0,49200.0,45200.0
UNL,1/1/2026,47199.0,47199.0,47000.0,47000.0,-0.42,66.0,49200.0,45200.0
UNL,1/4/2026,47505.0,47505.0,47000.0,47000.1,0.0,90.0,49200.0,45200.0
UNL,1/6/2026,47400.0,47400.0,47000.0,47300.0,0.64,50.0,49200.0,45200.0
UNL,1/7/2026,47000.0,47000.0,47000.0,47000.0,-0.63,10.0,49200.0,45200.0
UNL,1/8/2026,47000.0,47000.0,46800.1,46800.1,-0.43,72.0,49200.0,45200.0
UNL,1/12/2026,47200.0,47200.0,46600.1,46600.1,-0.43,47.0,49200.0,45200.0
UNL,1/13/2026,47532.0,47532.0,47100.0,47100.0,1.07,25.0,49200.0,45200.0
UNL,1/14/2026,47100.0,47100.0,46500.1,47100.0,0.0,22.0,49200.0,45200.0
UNL,1/18/2026,47000.0,47000.0,46750.0,47000.0,-0.21,50.0,49200.0,45200.0
UNL,1/20/2026,47100.0,47100.0,46300.5,46300.5,-1.49,23.0,49200.0,45200.0
UNL,1/21/2026,46505.2,47090.0,46505.2,47090.0,1.71,55.0,49200.0,45200.0
UNL,1/22/2026,47090.0,47091.0,46801.0,47020.0,-0.15,38.0,49200.0,45200.0
UNL,1/25/2026,47500.0,47501.0,47500.0,47500.0,1.02,76.0,49200.0,45200.0
UNL,1/26/2026,47500.0,47500.0,46900.1,46900.2,-1.26,135.0,49200.0,45200.0
UNL,1/27/2026,47700.0,47700.0,47700.0,47700.0,1.71,10.0,49200.0,45200.0
UNL,1/28/2026,47000.0,47150.0,47000.0,47150.0,-1.15,32.0,49200.0,45200.0
UNL,1/29/2026,46214.0,47000.0,46214.0,47000.0,-0.32,30.0,49200.0,45200.0
UNL,2/1/2026,47500.0,47500.0,46900.0,47100.0,0.21,60.0,49200.0,45200.0
UNL,2/2/2026,47000.0,47100.0,47000.0,47000.0,-0.21,50.0,49200.0,45200.0
UNL,2/3/2026,47000.0,47900.0,47000.0,47900.0,1.91,11.0,49200.0,45200.0
UNL,2/4/2026,47980.0,47980.0,47980.0,47980.0,0.17,10.0,49200.0,45200.0
UNL,2/5/2026,47900.0,47900.0,47600.0,47600.0,-0.79,23.0,49200.0,45200.0
UNL,2/8/2026,46700.0,46701.0,46700.0,46701.0,-1.89,20.0,49200.0,45200.0
UNL,2/9/2026,47600.0,47635.0,47000.0,47000.0,0.64,31.0,49200.0,45200.0
UNL,2/10/2026,46311.0,46311.0,46300.0,46300.0,-1.49,40.0,49200.0,45200.0
UNL,2/12/2026,46601.0,46950.0,46600.0,46600.0,0.65,40.0,49200.0,45200.0
UNL,2/17/2026,46600.0,46600.0,46600.0,46600.0,0.0,1.0,49200.0,45200.0
UNL,2/22/2026,46200.0,46200.0,46200.0,46200.0,-0.86,50.0,49200.0,45200.0
UNL,2/23/2026,46115.0,46115.0,46115.0,46115.0,-0.18,10.0,49200.0,45200.0
UNL,2/24/2026,46200.0,46601.0,46200.0,46600.0,1.05,60.0,49200.0,45200.0
UNL,2/25/2026,47479.0,47479.0,47479.0,47479.0,1.89,13.0,49200.0,45200.0
UNL,2/26/2026,47479.0,47479.0,46600.0,46600.0,-1.85,52.0,49200.0,45200.0
UNL,2/27/2026,47479.0,47479.0,46600.0,46600.0,0.0,52.0,49200.0,45200.0
UNL,2/28/2026,47479.0,47479.0,46600.0,46600.0,0.0,52.0,49200.0,45200.0
UNL,3/2/2026,46600.0,46950.0,46300.0,46300.0,-0.64,50.0,49200.0,45200.0
UNL,3/3/2026,46300.0,46300.0,46300.0,46300.0,0.0,5.0,49200.0,45200.0
UNL,3/4/2026,46300.0,46300.0,46300.0,46300.0,0.0,5.0,49200.0,45200.0
UNL,3/5/2026,46300.0,46300.0,46300.0,46300.0,0.0,5.0,49200.0,45200.0
UNL,3/6/2026,46300.0,46300.0,46300.0,46300.0,0.0,5.0,49200.0,45200.0
UNL,3/7/2026,46300.0,46300.0,46300.0,46300.0,0.0,5.0,49200.0,45200.0
UNL,3/8/2026,46300.0,46300.0,46300.0,46300.0,0.0,5.0,49200.0,45200.0
UNL,3/11/2026,46002.0,46650.0,46000.0,46000.0,-0.65,360.0,49200.0,45200.0
UNL,3/12/2026,46202.0,46300.0,46051.0,46300.0,0.65,60.0,49200.0,45200.0
UNL,3/13/2026,46202.0,46300.0,46051.0,46300.0,0.0,60.0,49200.0,45200.0
UNL,3/14/2026,46202.0,46300.0,46051.0,46300.0,0.0,60.0,49200.0,45200.0
UNL,3/15/2026,46300.1,47100.0,46300.0,47100.0,1.73,35.0,49200.0,45200.0
UNL,3/16/2026,47100.0,47199.0,47100.0,47199.0,0.21,15.0,49200.0,45200.0
UNL,3/19/2026,47199.0,47290.0,47199.0,47290.0,0.19,21.0,49200.0,45200.0
UNL,3/20/2026,47199.0,47290.0,47199.0,47290.0,0.0,21.0,49200.0,45200.0
UNL,3/21/2026,47199.0,47290.0,47199.0,47290.0,0.0,21.0,49200.0,45200.0
UNL,3/22/2026,47290.0,47290.0,46400.0,47150.0,-0.3,141.0,49200.0,45200.0
UNL,3/23/2026,47150.0,47150.0,46900.0,47000.0,-0.32,53.0,49200.0,45200.0
UNL,3/24/2026,46101.0,46500.0,46101.0,46311.0,-1.47,99.0,49200.0,45200.0
UNL,3/25/2026,46998.0,46999.0,46490.0,46490.0,0.39,32.0,49200.0,45200.0
UNL,3/26/2026,46490.1,46950.0,46490.1,46950.0,0.99,32.0,49200.0,45200.0
UNL,3/29/2026,46950.0,46950.0,46200.0,46501.0,-0.96,71.0,49200.0,45200.0
UNL,3/30/2026,46500.0,46550.0,46500.0,46501.0,0.0,50.0,49200.0,45200.0
UNL,3/31/2026,46502.0,46780.0,46502.0,46780.0,0.6,20.0,49200.0,45200.0
UNL,4/1/2026,46780.0,46780.0,46700.0,46700.0,-0.17,20.0,49200.0,45200.0
UNL,4/2/2026,46695.0,47400.0,46695.0,46700.0,0.01,53.0,49200.0,45200.0
UNL,4/5/2026,46200.0,47000.0,46200.0,46400.0,0.43,77.0,49200.0,45200.0
UNL,4/6/2026,47000.0,47220.0,47000.0,47200.0,0.43,30.0,49200.0,45200.0
UNL,4/7/2026,47200.0,47200.0,47000.0,47000.0,-0.42,21.0,49200.0,45200.0
UNL,4/8/2026,47050.1,47100.0,47000.0,47100.0,0.11,75.0,49200.0,45200.0
UNL,4/9/2026,47000.0,47099.0,47000.0,47099.0,0.21,70.0,49200.0,45200.0
UNL,4/10/2026,47099.0,47100.0,47099.0,47100.0,0.0,30.0,49200.0,45200.0
UNL,4/13/2026,46900.0,46900.0,46600.0,46700.0,-0.43,70.0,49200.0,45200.0
UNL,4/15/2026,46700.0,46950.0,46700.0,46950.0,0.54,20.0,49200.0,45200.0
UNL,4/16/2026,47000.0,47200.0,47000.0,47200.0,0.43,30.0,49200.0,45200.0
UNL,4/17/2026,47250.0,47300.0,47250.0,47300.0,0.11,60.0,49200.0,45200.0
UNL,4/21/2026,47300.0,47300.0,47200.0,47200.0,-0.21,15.0,49200.0,45200.0
UNL,4/22/2026,47000.0,47000.0,46500.0,46500.0,-1.06,25.0,49200.0,45200.0
UNL,4/23/2026,46300.0,46300.0,46220.0,46220.0,-0.17,30.0,49200.0,45200.0
UNL,4/27/2026,46220.0,46890.0,46220.0,46890.0,1.45,29.0,49200.0,45200.0
UNL,4/28/2026,46890.0,47050.0,46890.0,47050.0,0.34,45.0,49200.0,45200.0
UNL,4/29/2026,47050.0,47020.0,46999.0,47000.0,-0.11,50.0,49200.0,45200.0
UNL,4/30/2026,47000.0,47000.0,47000.0,47000.0,0.0,1.0,49200.0,45200.0
UNL,5/4/2026,46800.0,46900.0,46000.0,46000.0,-1.71,70.0,49200.0,45200.0
UNL,5/5/2026,46001.0,46450.1,46001.0,46450.0,0.98,70.0,49200.0,45200.0
UNL,5/7/2026,46550.0,46800.0,46550.0,46800.0,0.54,20.0,49200.0,45200.0
UNL,5/8/2026,46800.0,46900.0,46400.0,46400.0,-0.85,51.0,49200.0,45200.0
UNL,5/11/2026,46500.0,46500.0,46400.0,46400.0,-0.22,30.0,49200.0,45200.0
UNL,5/12/2026,46320.0,46320.0,46310.0,46310.0,-0.02,30.0,49200.0,45200.0
UNL,5/13/2026,46500.0,46500.0,46500.0,46500.0,0.0,10.0,49200.0,45200.0
UNL,5/14/2026,46500.0,46550.0,46405.0,46550.0,0.11,61.0,49200.0,45200.0
UNL,5/15/2026,46550.0,46550.0,46310.0,46310.0,-0.52,21.0,49200.0,45200.0
UNL,5/18/2026,46500.0,46500.0,46500.0,46500.0,0.0,10.0,49200.0,45200.0
UNL,5/19/2026,46501.0,46501.0,46300.0,46300.0,-0.43,50.0,49200.0,45200.0
UNL,5/20/2026,46900.0,47000.0,46900.0,46900.0,0.0,40.0,49200.0,45200.0
UNL,5/22/2026,47340.0,47450.0,47330.0,47330.0,-0.02,110.0,49200.0,45200.0
UNL,5/25/2026,47102.0,47102.0,47000.0,47000.0,-0.22,30.0,49200.0,45200.0
UNL,5/26/2026,47000.0,47350.0,47000.0,47100.0,0.21,50.0,49200.0,45200.0
UNL,5/27/2026,47250.0,47250.0,47100.0,47100.0,-0.32,20.0,49200.0,45200.0
UNL,6/1/2026,46600.0,46600.0,46600.0,46600.0,0.0,10.0,49200.0,45200.0
UNL,6/2/2026,46925.0,47000.0,46925.0,47000.0,0.16,80.0,49200.0,45200.0
UNL,6/3/2026,46800.0,46900.0,46700.0,46700.0,-0.21,40.0,49200.0,45200.0
UNL,6/5/2026,46900.0,46900.0,46725.0,46725.0,-0.37,60.0,49200.0,45200.0
UNL,6/8/2026,46625.0,47590.0,46625.0,47590.0,2.07,70.0,49200.0,45200.0
UNL,6/9/2026,47000.0,47100.0,46975.0,47100.0,0.21,120.0,49200.0,45200.0
UNL,6/10/2026,46650.1,46800.0,46650.1,46800.0,0.32,110.0,49200.0,45200.0
UNL,6/11/2026,46750.1,47000.0,46725.0,47000.0,0.53,150.0,49200.0,45200.0
UNL,6/15/2026,46201.0,46201.0,46200.0,46200.0,-0.0,100.0,49200.0,45200.0
UNL,6/16/2026,47399.9,47399.9,47399.9,47399.9,0.0,10.0,49200.0,45200.0
UNL,6/19/2026,47399.9,47399.9,47399.9,47399.9,0.0,2.0,49200.0,45200.0
UNL,6/22/2026,46501.0,47000.0,46501.0,47000.0,1.07,40.0,49200.0,45200.0
UNL,6/23/2026,47399.9,47399.9,47000.0,47000.0,-0.84,60.0,49200.0,45200.0
UNL,6/24/2026,47000.0,47000.0,47000.0,47000.0,0.0,80.0,49200.0,45200.0
UNL,6/26/2026,47350.0,47350.0,46700.1,46700.1,-1.37,50.0,49200.0,45200.0
UNL,6/29/2026,46601.0,46610.0,45501.0,46000.0,-1.29,80.0,49200.0,45200.0
UNL,6/30/2026,46990.0,46990.0,46900.0,46900.0,-0.19,24.0,49200.0,45200.0
UNL,7/1/2026,46550.0,46550.0,46500.0,46505.0,-0.1,40.0,49200.0,45200.0
UNL,7/3/2026,47000.0,47000.0,46600.0,46600.0,-0.85,100.0,49200.0,45200.0
UNL,7/6/2026,47799.9,47799.9,47799.9,47799.9,0.0,10.0,49200.0,45200.0
UNL,7/7/2026,47300.0,47300.0,47300.0,47300.0,0.0,10.0,49200.0,45200.0
UNL,7/8/2026,47200.0,47200.0,47200.0,47200.0,0.0,10.0,49200.0,45200.0
UNL,7/9/2026,46600.0,46600.0,46600.0,46600.0,0.0,10.0,49200.0,45200.0
UNL,7/10/2026,47000.0,47000.0,46550.1,46550.1,-0.96,20.0,49200.0,45200.0
UNL,7/13/2026,47000.0,47000.0,46555.0,46555.0,-0.95,30.0,49200.0,45200.0
UNL,7/14/2026,46555.0,46555.0,46505.0,46505.0,-0.11,20.0,49200.0,45200.0
UNL,7/15/2026,47899.9,47899.9,47200.0,47200.0,-1.46,20.0,49200.0,45200.0
UNL,7/20/2026,47010.1,47015.0,47010.1,47015.0,0.01,20.0,49200.0,45200.0
UNL,7/21/2026,47040.0,47040.0,47040.0,47040.0,0.0,10.0,49200.0,45200.0
UNL,7/22/2026,47800.0,47800.0,47800.0,47800.0,0.0,10.0,49200.0,45200.0
UNL,7/23/2026,47800.0,48000.0,47799.9,48000.0,0.42,60.0,49200.0,45200.0
UNL,7/28/2026,48100.0,48100.0,47998.0,47998.0,-0.21,20.0,49200.0,45200.0
UNL,7/30/2026,48200.0,48200.0,48200.0,48200.0,0.0,10.0,49200.0,45200.0
UNL,7/31/2026,48590.0,48590.0,48590.0,48590.0,0.0,10.0,49200.0,45200.0
UNL,8/4/2026,47200.0,47200.0,47200.0,47200.0,0.0,10.0,49200.0,45200.0
UNL,8/5/2026,47800.0,48000.0,47800.0,48000.0,0.42,20.0,49200.0,45200.0
UNL,8/7/2026,48500.0,48500.0,48500.0,48500.0,0.0,13.0,49200.0,45200.0
UNL,8/10/2026,48500.0,48500.0,48500.0,48500.0,0.0,10.0,49200.0,45200.0
UNL,8/11/2026,48300.0,48500.0,48300.0,48500.0,0.41,45.0,49200.0,45200.0
UNL,8/12/2026,47700.0,47700.0,47700.0,47700.0,0.0,10.0,49200.0,45200.0
UNL,8/14/2026,47400.0,47400.0,47400.0,47400.0,0.0,10.0,49200.0,45200.0
UNL,8/18/2026,47000.0,47000.0,46500.0,46500.0,-1.06,20.0,49200.0,45200.0
UNL,8/19/2026,46600.0,46600.0,46600.0,46600.0,0.0,10.0,49200.0,45200.0
UNL,8/24/2026,47200.0,47200.0,47200.0,47200.0,0.0,10.0,49200.0,45200.0
UNL,8/27/2026,47200.0,47200.0,47200.0,47200.0,0.0,10.0,49200.0,45200.0
UNL,8/31/2026,46300.0,46300.0,46200.0,46200.0,-0.22,20.0,49200.0,45200.0
UNL,9/3/2026,46250.0,46250.0,46250.0,46250.0,0.0,10.0,49200.0,45200.0
UNL,9/7/2026,46350.0,46600.0,46200.0,46300.0,-0.11,80.0,49200.0,45200.0
UNL,9/9/2026,46400.0,46400.0,46000.0,46000.0,-0.86,50.0,49200.0,45200.0
UNL,9/10/2026,47000.0,47200.0,46000.0,47200.0,0.43,70.0,49200.0,45200.0
UNL,9/11/2026,47200.0,47200.0,47200.0,47200.0,0.0,1.0,49200.0,45200.0
UNL,9/15/2026,47000.0,47000.0,47000.0,47000.0,0.0,10.0,49200.0,45200.0
UNL,9/16/2026,47959.9,48410.0,47959.9,48410.0,0.94,120.0,49200.0,45200.0
UNL,9/17/2026,48500.0,48500.0,48500.0,48500.0,0.0,10.0,49200.0,45200.0
UNL,9/18/2026,47999.0,47999.0,47999.0,47999.0,0.0,10.0,49200.0,45200.0
UNL,9/22/2026,47999.0,47999.0,47999.0,47999.0,0.0,1.0,49200.0,45200.0
UNL,9/28/2026,48000.0,48000.0,48000.0,48000.0,0.0,10.0,49200.0,45200.0
UNL,9/29/2026,48000.0,48000.0,48000.0,48000.0,0.0,10.0,49200.0,45200.0
UNL,9/30/2026,48800.0,49200.0,48800.0,49200.0,0.82,80.0,49200.0,45200.0
UNL,10/1/2026,49100.0,49100.0,49100.0,49100.0,0.0,30.0,49200.0,45200.0
UNL,10/2/2026,48600.0,48600.0,48600.0,48600.0,0.0,10.0,49200.0,45200.0
UNLB,12/21/2025,1921.0,1921.0,1897.0,1910.0,,274.0,2228.0,1187.0
UNLB,12/22/2025,1910.0,1910.0,1875.2,1906.0,-0.21,845.0,2228.0,1187.0
UNLB,12/23/2025,1906.0,1906.0,1875.0,1880.0,-1.36,607.0,2228.0,1187.0
UNLB,12/24/2025,1880.0,1895.0,1880.0,1880.0,0.0,312.0,2228.0,1187.0
UNLB,12/28/2025,1880.0,1938.0,1880.0,1910.0,1.6,432.0,2228.0,1187.0
UNLB,12/29/2025,1890.0,1934.0,1890.0,1925.0,0.79,400.0,2228.0,1187.0
UNLB,12/31/2025,1911.0,1930.0,1891.0,1919.0,-0.31,1652.0,2228.0,1187.0
UNLB,1/1/2026,1888.1,1900.0,1888.0,1889.0,-1.56,274.0,2228.0,1187.0
UNLB,1/4/2026,1889.0,1918.0,1871.0,1918.0,1.54,1429.0,2228.0,1187.0
UNLB,1/5/2026,1918.0,1918.0,1881.0,1915.0,-0.16,263.0,2228.0,1187.0
UNLB,1/6/2026,1915.0,1923.0,1892.0,1920.0,0.26,360.0,2228.0,1187.0
UNLB,1/7/2026,1882.0,1918.0,1881.6,1888.0,-1.67,665.0,2228.0,1187.0
UNLB,1/8/2026,1888.0,1888.0,1853.0,1875.0,-0.69,1241.0,2228.0,1187.0
UNLB,1/12/2026,1846.0,1855.1,1846.0,1850.0,-1.33,534.0,2228.0,1187.0
UNLB,1/13/2026,1887.0,1924.0,1835.0,1840.0,-0.54,648.0,2228.0,1187.0
UNLB,1/14/2026,1824.0,1860.4,1824.0,1858.0,0.98,299.0,2228.0,1187.0
UNLB,1/18/2026,1895.0,1932.0,1858.1,1900.0,2.26,1006.0,2228.0,1187.0
UNLB,1/20/2026,1900.0,1938.0,1900.0,1929.0,1.53,450.0,2228.0,1187.0
UNLB,1/21/2026,1900.0,1920.0,1897.0,1902.4,-1.38,901.0,2228.0,1187.0
UNLB,1/22/2026,1867.0,1920.0,1867.0,1919.0,0.87,929.0,2228.0,1187.0
UNLB,1/25/2026,1930.0,1957.0,1920.0,1957.0,1.98,1085.0,2228.0,1187.0
UNLB,1/26/2026,1950.0,1977.0,1920.0,1959.0,0.1,626.0,2228.0,1187.0
UNLB,1/27/2026,1935.0,1950.0,1920.0,1920.0,-1.99,1566.0,2228.0,1187.0
UNLB,1/28/2026,1920.1,1922.0,1892.1,1912.0,-0.42,201.0,2228.0,1187.0
UNLB,1/29/2026,1883.0,1924.0,1883.0,1900.1,-0.62,771.0,2228.0,1187.0
UNLB,2/1/2026,1876.0,1887.0,1876.0,1881.4,-0.98,169.0,2228.0,1187.0
UNLB,2/2/2026,1919.0,1919.0,1881.0,1882.0,0.03,603.0,2228.0,1187.0
UNLB,2/3/2026,1870.0,1870.0,1844.4,1860.0,-1.17,1076.0,2228.0,1187.0
UNLB,2/4/2026,1860.0,1879.0,1850.0,1877.0,0.91,625.0,2228.0,1187.0
UNLB,2/5/2026,1885.0,1900.0,1858.0,1867.0,-0.53,620.0,2228.0,1187.0
UNLB,2/8/2026,1870.1,1899.0,1849.0,1877.0,0.54,1386.0,2228.0,1187.0
UNLB,2/9/2026,1876.0,1880.0,1850.0,1880.0,0.16,1550.0,2228.0,1187.0
UNLB,2/10/2026,1851.0,1861.0,1851.0,1851.0,-1.54,513.0,2228.0,1187.0
UNLB,2/11/2026,1865.0,1865.0,1851.5,1855.0,0.22,512.0,2228.0,1187.0
UNLB,2/12/2026,1855.0,1860.0,1835.0,1842.0,-0.7,320.0,2228.0,1187.0
UNLB,2/16/2026,1835.0,1847.0,1835.0,1847.0,0.27,421.0,2228.0,1187.0
UNLB,2/17/2026,1830.1,1850.0,1821.7,1850.0,0.16,649.0,2228.0,1187.0
UNLB,2/22/2026,1880.0,1880.0,1823.0,1830.0,-1.08,135.0,2228.0,1187.0
UNLB,2/23/2026,1830.0,1833.0,1820.0,1829.9,-0.01,535.0,2228.0,1187.0
UNLB,2/24/2026,1833.0,1833.0,1820.0,1830.0,0.01,680.0,2228.0,1187.0
UNLB,2/25/2026,1830.0,1830.0,1810.0,1810.0,-1.09,433.0,2228.0,1187.0
UNLB,2/26/2026,1820.0,1865.6,1820.0,1826.0,0.88,551.0,2228.0,1187.0
UNLB,2/27/2026,1820.0,1865.6,1820.0,1826.0,0.0,551.0,2228.0,1187.0
UNLB,2/28/2026,1820.0,1865.6,1820.0,1826.0,0.0,551.0,2228.0,1187.0
UNLB,3/2/2026,1815.0,1888.0,1815.0,1887.9,3.39,470.0,2228.0,1187.0
UNLB,3/3/2026,1887.9,1890.0,1863.0,1890.0,0.11,329.0,2228.0,1187.0
UNLB,3/4/2026,1887.9,1890.0,1863.0,1890.0,0.0,329.0,2228.0,1187.0
UNLB,3/5/2026,1887.9,1890.0,1863.0,1890.0,0.0,329.0,2228.0,1187.0
UNLB,3/6/2026,1887.9,1890.0,1863.0,1890.0,0.0,329.0,2228.0,1187.0
UNLB,3/7/2026,1887.9,1890.0,1863.0,1890.0,0.0,329.0,2228.0,1187.0
UNLB,3/8/2026,1887.9,1890.0,1863.0,1890.0,0.0,329.0,2228.0,1187.0
UNLB,3/9/2026,1927.8,1927.8,1927.8,1927.8,2.0,60.0,2228.0,1187.0
UNLB,3/10/2026,1966.3,1966.3,1911.0,1915.0,-0.66,1553.0,2228.0,1187.0
UNLB,3/11/2026,1945.0,1945.0,1911.1,1936.9,1.14,260.0,2228.0,1187.0
UNLB,3/12/2026,1900.0,1937.8,1890.1,1918.0,-0.98,198.0,2228.0,1187.0
UNLB,3/13/2026,1900.0,1937.8,1890.1,1918.0,0.0,198.0,2228.0,1187.0
UNLB,3/14/2026,1900.0,1937.8,1890.1,1918.0,0.0,198.0,2228.0,1187.0
UNLB,3/15/2026,1900.1,1909.9,1890.0,1892.0,-1.36,249.0,2228.0,1187.0
UNLB,3/16/2026,1871.0,1900.0,1855.0,1855.0,-1.96,627.0,2228.0,1187.0
UNLB,3/17/2026,1827.1,1890.0,1827.1,1889.0,1.83,160.0,2228.0,1187.0
UNLB,3/18/2026,1827.1,1890.0,1827.1,1889.0,0.0,160.0,2228.0,1187.0
UNLB,3/19/2026,1858.0,1900.0,1857.0,1890.0,0.05,1168.0,2228.0,1187.0
UNLB,3/20/2026,1858.0,1900.0,1857.0,1890.0,0.0,1168.0,2228.0,1187.0
UNLB,3/21/2026,1858.0,1900.0,1857.0,1890.0,0.0,1168.0,2228.0,1187.0
UNLB,3/22/2026,1927.0,1960.0,1893.6,1951.5,3.25,1469.0,2228.0,1187.0
UNLB,3/23/2026,1984.0,1984.0,1940.0,1960.3,0.45,1502.0,2228.0,1187.0
UNLB,3/24/2026,1960.3,1960.3,1930.3,1950.0,-0.53,534.0,2228.0,1187.0
UNLB,3/25/2026,1950.0,1950.0,1917.0,1925.0,-1.28,1294.0,2228.0,1187.0
UNLB,3/26/2026,1925.0,1952.9,1895.0,1930.0,0.26,1166.0,2228.0,1187.0
UNLB,3/29/2026,1895.0,1895.0,1806.0,1811.0,-4.43,23153.0,2228.0,1187.0
UNLB,3/30/2026,1774.8,1790.0,1640.0,1680.0,-5.34,13899.0,2228.0,1187.0
UNLB,3/31/2026,1679.9,1749.0,1679.9,1745.0,3.88,4370.0,2228.0,1187.0
UNLB,4/1/2026,1775.0,1775.0,1671.2,1694.0,-4.56,3981.0,2228.0,1187.0
UNLB,4/2/2026,1690.0,1690.0,1650.0,1665.0,-1.48,3865.0,2228.0,1187.0
UNLB,4/5/2026,1632.0,1667.9,1569.0,1570.0,-3.8,3944.0,2228.0,1187.0
UNLB,4/6/2026,1540.0,1609.9,1540.0,1598.0,3.77,1214.0,2228.0,1187.0
UNLB,4/7/2026,1580.0,1730.0,1576.0,1600.0,1.27,1722.0,2228.0,1187.0
UNLB,4/8/2026,1575.0,1662.6,1569.0,1633.0,3.68,2110.0,2228.0,1187.0
UNLB,4/9/2026,1633.0,1650.0,1610.0,1636.9,0.24,1761.0,2228.0,1187.0
UNLB,4/10/2026,1630.0,1650.0,1605.0,1610.0,-1.23,2266.0,2228.0,1187.0
UNLB,4/13/2026,1578.0,1585.0,1550.0,1552.0,-1.65,3574.0,2228.0,1187.0
UNLB,4/15/2026,1580.0,1583.0,1521.0,1537.0,-2.72,3710.0,2228.0,1187.0
UNLB,4/16/2026,1560.0,1590.0,1530.0,1540.0,-1.28,1771.0,2228.0,1187.0
UNLB,4/17/2026,1540.0,1540.0,1499.0,1516.0,-1.56,4480.0,2228.0,1187.0
UNLB,4/20/2026,1550.0,1550.0,1466.0,1490.0,-3.87,2001.0,2228.0,1187.0
UNLB,4/21/2026,1490.0,1512.0,1470.1,1495.0,0.34,1441.0,2228.0,1187.0
UNLB,4/22/2026,1460.0,1479.9,1435.0,1478.8,1.29,2265.0,2228.0,1187.0
UNLB,4/23/2026,1436.1,1523.1,1407.0,1487.0,3.54,3564.0,2228.0,1187.0
UNLB,4/24/2026,1450.0,1494.9,1450.0,1479.0,2.0,775.0,2228.0,1187.0
UNLB,4/27/2026,1479.0,1519.9,1474.4,1475.0,-0.27,237.0,2228.0,1187.0
UNLB,4/28/2026,1475.0,1519.2,1440.0,1455.5,-1.32,1079.0,2228.0,1187.0
UNLB,4/29/2026,1455.5,1469.0,1422.0,1435.0,-1.41,1077.0,2228.0,1187.0
UNLB,4/30/2026,1392.0,1433.0,1392.0,1431.9,2.87,1298.0,2228.0,1187.0
UNLB,5/4/2026,1400.0,1500.0,1371.0,1421.4,1.53,2952.0,2228.0,1187.0
UNLB,5/5/2026,1380.0,1483.0,1380.0,1428.0,3.48,2483.0,2228.0,1187.0
UNLB,5/6/2026,1430.0,1443.0,1401.0,1443.0,0.91,549.0,2228.0,1187.0
UNLB,5/7/2026,1401.0,1469.9,1401.0,1455.0,3.85,157.0,2228.0,1187.0
UNLB,5/8/2026,1420.0,1462.0,1420.0,1460.0,2.82,363.0,2228.0,1187.0
UNLB,5/11/2026,1470.0,1493.9,1380.1,1464.0,-0.41,1377.0,2228.0,1187.0
UNLB,5/12/2026,1430.0,1431.0,1425.0,1425.0,-0.35,440.0,2228.0,1187.0
UNLB,5/13/2026,1425.1,1450.0,1425.0,1450.0,1.75,455.0,2228.0,1187.0
UNLB,5/14/2026,1450.0,1450.0,1400.0,1439.0,-0.76,410.0,2228.0,1187.0
UNLB,5/15/2026,1420.0,1438.0,1407.0,1438.0,1.27,298.0,2228.0,1187.0
UNLB,5/18/2026,1395.1,1438.0,1395.1,1438.0,3.08,282.0,2228.0,1187.0
UNLB,5/19/2026,1400.0,1420.0,1400.0,1418.9,1.35,485.0,2228.0,1187.0
UNLB,5/20/2026,1418.9,1486.0,1418.9,1425.0,0.43,717.0,2228.0,1187.0
UNLB,5/21/2026,1425.0,1425.0,1393.0,1425.0,0.0,995.0,2228.0,1187.0
UNLB,5/22/2026,1400.0,1430.0,1350.0,1424.0,1.71,1534.0,2228.0,1187.0
UNLB,5/25/2026,1385.0,1421.0,1385.0,1394.0,0.65,1120.0,2228.0,1187.0
UNLB,5/26/2026,1395.0,1430.0,1395.0,1405.0,0.72,690.0,2228.0,1187.0
UNLB,5/27/2026,1400.0,1420.0,1385.0,1405.0,0.36,1478.0,2228.0,1187.0
UNLB,6/1/2026,1446.9,1447.0,1363.0,1400.0,-3.24,1556.0,2228.0,1187.0
UNLB,6/2/2026,1380.0,1400.0,1375.0,1400.0,1.45,423.0,2228.0,1187.0
UNLB,6/3/2026,1383.0,1409.0,1383.0,1401.9,1.37,263.0,2228.0,1187.0
UNLB,6/4/2026,1450.0,1454.0,1384.0,1400.0,-3.45,565.0,2228.0,1187.0
UNLB,6/5/2026,1366.0,1400.0,1365.0,1399.9,2.48,1331.0,2228.0,1187.0
UNLB,6/8/2026,1399.9,1400.0,1327.0,1375.0,-1.78,1533.0,2228.0,1187.0
UNLB,6/9/2026,1375.0,1375.0,1341.0,1357.0,-1.31,210.0,2228.0,1187.0
UNLB,6/10/2026,1357.0,1384.0,1357.0,1381.0,1.77,401.0,2228.0,1187.0
UNLB,6/11/2026,1450.0,1450.0,1350.0,1350.0,-6.9,914.0,2228.0,1187.0
UNLB,6/12/2026,1350.0,1388.0,1335.1,1380.0,2.22,655.0,2228.0,1187.0
UNLB,6/15/2026,1445.0,1445.0,1332.8,1386.0,-4.08,1550.0,2228.0,1187.0
UNLB,6/16/2026,1454.1,1454.1,1330.0,1330.2,-8.52,900.0,2228.0,1187.0
UNLB,6/17/2026,1365.0,1389.0,1329.1,1368.0,0.22,825.0,2228.0,1187.0
UNLB,6/18/2026,1350.0,1368.8,1331.1,1368.8,1.39,166.0,2228.0,1187.0
UNLB,6/19/2026,1365.9,1370.0,1330.1,1369.0,0.23,185.0,2228.0,1187.0
UNLB,6/22/2026,1351.0,1409.9,1328.0,1368.0,1.26,962.0,2228.0,1187.0
UNLB,6/23/2026,1368.0,1368.0,1330.0,1360.0,-0.58,247.0,2228.0,1187.0
UNLB,6/24/2026,1327.1,1353.6,1300.0,1350.3,1.75,265.0,2228.0,1187.0
UNLB,6/26/2026,1330.0,1369.0,1315.0,1315.0,-1.13,780.0,2228.0,1187.0
UNLB,6/29/2026,1320.0,1325.0,1288.0,1288.1,-2.42,365.0,2228.0,1187.0
UNLB,6/30/2026,1326.0,1326.0,1280.0,1280.0,-3.47,380.0,2228.0,1187.0
UNLB,7/1/2026,1318.0,1326.6,1288.0,1326.5,0.64,905.0,2228.0,1187.0
UNLB,7/2/2026,1287.0,1324.9,1287.0,1324.9,2.94,453.0,2228.0,1187.0
UNLB,7/3/2026,1324.9,1324.9,1261.9,1319.0,-0.45,4470.0,2228.0,1187.0
UNLB,7/6/2026,1381.0,1381.0,1263.0,1311.0,-5.07,628.0,2228.0,1187.0
UNLB,7/7/2026,1374.3,1374.3,1278.0,1299.0,-5.48,463.0,2228.0,1187.0
UNLB,7/8/2026,1337.0,1337.0,1285.0,1299.0,-2.84,278.0,2228.0,1187.0
UNLB,7/9/2026,1332.5,1332.5,1261.5,1299.0,-2.51,585.0,2228.0,1187.0
UNLB,7/10/2026,1260.1,1312.0,1260.1,1272.8,1.01,115.0,2228.0,1187.0
UNLB,7/13/2026,1335.5,1335.5,1250.0,1286.9,-3.64,816.0,2228.0,1187.0
UNLB,7/14/2026,1348.4,1348.4,1213.0,1297.5,-3.77,1981.0,2228.0,1187.0
UNLB,7/15/2026,1359.8,1359.8,1270.0,1275.9,-6.17,241.0,2228.0,1187.0
UNLB,7/16/2026,1338.6,1338.6,1250.0,1275.0,-4.75,375.0,2228.0,1187.0
UNLB,7/17/2026,1282.0,1300.0,1270.0,1300.0,1.4,339.0,2228.0,1187.0
UNLB,7/20/2026,1310.0,1311.0,1270.0,1304.0,-0.46,199.0,2228.0,1187.0
UNLB,7/21/2026,1304.0,1304.0,1275.0,1292.0,-0.92,1323.0,2228.0,1187.0
UNLB,7/22/2026,1305.0,1305.0,1270.0,1287.9,-1.31,280.0,2228.0,1187.0
UNLB,7/23/2026,1280.0,1280.0,1246.0,1276.0,-0.31,888.0,2228.0,1187.0
UNLB,7/24/2026,1300.0,1300.0,1261.1,1279.0,-1.62,712.0,2228.0,1187.0
UNLB,7/27/2026,1265.1,1297.9,1265.0,1270.0,0.39,819.0,2228.0,1187.0
UNLB,7/28/2026,1251.0,1270.0,1250.0,1269.0,1.44,237.0,2228.0,1187.0
UNLB,7/29/2026,1240.0,1274.0,1240.0,1274.0,2.74,365.0,2228.0,1187.0
UNLB,7/30/2026,1337.2,1337.2,1235.0,1265.0,-5.4,745.0,2228.0,1187.0
UNLB,7/31/2026,1236.0,1271.9,1235.0,1259.0,1.86,246.0,2228.0,1187.0
UNLB,8/3/2026,1243.0,1258.0,1243.0,1250.3,0.59,568.0,2228.0,1187.0
UNLB,8/4/2026,1250.3,1269.9,1235.0,1250.0,-0.02,676.0,2228.0,1187.0
UNLB,8/5/2026,1312.3,1312.3,1235.0,1237.0,-5.74,120.0,2228.0,1187.0
UNLB,8/6/2026,1237.0,1273.0,1217.0,1257.9,1.69,1195.0,2228.0,1187.0
UNLB,8/7/2026,1230.0,1279.9,1230.0,1275.9,3.73,658.0,2228.0,1187.0
UNLB,8/10/2026,1260.0,1270.0,1246.2,1270.0,0.79,78.0,2228.0,1187.0
UNLB,8/11/2026,1300.0,1300.0,1230.8,1271.9,-2.16,1110.0,2228.0,1187.0
UNLB,8/12/2026,1237.0,1269.8,1237.0,1269.8,2.65,51.0,2228.0,1187.0
UNLB,8/13/2026,1275.0,1275.0,1234.0,1269.9,-0.4,590.0,2228.0,1187.0
UNLB,8/14/2026,1270.1,1270.1,1236.4,1262.9,-0.57,799.0,2228.0,1187.0
UNLB,8/17/2026,1298.0,1300.7,1245.0,1269.8,-2.17,302.0,2228.0,1187.0
UNLB,8/18/2026,1233.0,1261.9,1233.0,1261.9,2.34,750.0,2228.0,1187.0
UNLB,8/19/2026,1227.0,1250.0,1227.0,1249.9,1.87,219.0,2228.0,1187.0
UNLB,8/20/2026,1274.9,1274.9,1213.0,1261.9,-1.02,1454.0,2228.0,1187.0
UNLB,8/21/2026,1226.0,1259.9,1226.0,1259.9,2.77,20.0,2228.0,1187.0
UNLB,8/24/2026,1240.0,1263.9,1212.8,1254.9,1.2,461.0,2228.0,1187.0
UNLB,8/25/2026,1292.0,1292.0,1216.0,1249.0,-3.33,690.0,2228.0,1187.0
UNLB,8/26/2026,1216.0,1246.0,1216.0,1242.9,2.21,120.0,2228.0,1187.0
UNLB,8/27/2026,1279.0,1279.0,1221.0,1240.0,-3.05,111.0,2228.0,1187.0
UNLB,8/31/2026,1277.0,1277.0,1198.0,1233.9,-3.38,1017.0,2228.0,1187.0
UNLB,9/1/2026,1200.0,1248.9,1199.0,1229.9,2.49,1363.0,2228.0,1187.0
UNLB,9/2/2026,1193.1,1257.0,1187.0,1224.9,2.67,210.0,2228.0,1187.0
UNLB,9/3/2026,1258.9,1258.9,1200.0,1234.8,-1.91,503.0,2228.0,1187.0
UNLB,9/7/2026,1271.0,1306.0,1194.0,1258.0,-1.02,200.0,2228.0,1187.0
UNLB,9/9/2026,1222.0,1254.8,1201.0,1215.3,-0.55,221.0,2228.0,1187.0
UNLB,9/10/2026,1215.0,1249.9,1200.0,1227.8,1.05,373.0,2228.0,1187.0
UNLB,9/11/2026,1211.5,1238.8,1199.0,1226.0,1.2,391.0,2228.0,1187.0
UNLB,9/14/2026,1233.9,1233.9,1211.0,1222.0,-0.96,625.0,2228.0,1187.0
UNLB,9/15/2026,1256.4,1299.0,1230.0,1244.9,-0.92,380.0,2228.0,1187.0
UNLB,9/16/2026,1282.0,1282.0,1230.0,1230.0,-4.06,240.0,2228.0,1187.0
UNLB,9/17/2026,1255.9,1266.0,1250.0,1262.0,0.49,655.0,2228.0,1187.0
UNLB,9/18/2026,1289.0,1289.0,1240.0,1250.0,-3.03,80.0,2228.0,1187.0
UNLB,9/22/2026,1252.0,1264.9,1230.0,1260.9,0.71,317.0,2228.0,1187.0
UNLB,9/23/2026,1262.0,1262.0,1234.0,1249.0,-1.03,665.0,2228.0,1187.0
UNLB,9/24/2026,1220.0,1255.9,1220.0,1255.9,2.94,280.0,2228.0,1187.0
UNLB,9/28/2026,1254.0,1270.0,1220.0,1261.0,0.56,625.0,2228.0,1187.0
UNLB,9/29/2026,1227.0,1261.9,1226.0,0.0,-100.0,260.0,2228.0,1187.0
UNLB,9/30/2026,1220.0,1244.9,1219.1,1244.9,2.04,30.0,2228.0,1187.0
UNLB,10/1/2026,1239.0,1242.0,1220.0,1220.0,-1.53,50.0,2228.0,1187.0
UNLB,10/2/2026,1241.0,1241.0,1223.0,1223.0,-1.45,360.0,2228.0,1187.0
UPCL,5/21/2019,91.0,97.0,91.0,95.0,,14515.0,430.4,318.4
UPCL,5/22/2019,96.0,102.0,96.0,100.0,5.26,51310.0,430.4,318.4
UPCL,5/23/2019,98.0,102.0,94.0,96.0,-4.0,20010.0,430.4,318.4
UPCL,5/26/2019,96.0,96.0,94.0,96.0,0.0,6955.0,430.4,318.4
UPCL,5/27/2019,96.0,96.0,94.0,94.0,-2.08,3692.0,430.4,318.4
UPCL,5/28/2019,95.0,97.0,93.0,97.0,3.19,27835.0,430.4,318.4
UPCL,5/29/2019,96.0,100.0,94.0,96.0,-1.03,4730.0,430.4,318.4
UPCL,5/30/2019,100.0,100.0,94.0,95.0,-1.04,6166.0,430.4,318.4
UPCL,6/2/2019,96.0,100.0,93.0,100.0,5.26,38605.0,430.4,318.4
UPCL,6/3/2019,100.0,101.0,96.0,97.0,-3.0,17130.0,430.4,318.4
UPCL,6/4/2019,98.0,98.0,93.0,95.0,-2.06,4686.0,430.4,318.4
UPCL,6/6/2019,94.0,98.0,93.0,98.0,3.16,3015.0,430.4,318.4
UPCL,6/10/2019,97.0,97.0,92.0,92.0,-6.12,16384.0,430.4,318.4
UPCL,6/11/2019,93.0,95.0,91.0,92.0,0.0,17080.0,430.4,318.4
UPCL,6/12/2019,91.0,93.0,91.0,92.0,0.0,4300.0,430.4,318.4
UPCL,6/13/2019,91.0,94.0,91.0,93.0,1.09,3770.0,430.4,318.4
UPCL,6/16/2019,93.0,93.0,91.0,92.0,-1.08,5430.0,430.4,318.4
UPCL,6/17/2019,93.0,94.0,91.0,92.0,0.0,10220.0,430.4,318.4
UPCL,6/18/2019,96.0,96.0,91.0,91.0,-1.09,3000.0,430.4,318.4
UPCL,6/19/2019,91.0,93.0,91.0,91.0,0.0,3870.0,430.4,318.4
UPCL,6/20/2019,91.0,92.0,91.0,92.0,1.1,2170.0,430.4,318.4
UPCL,6/23/2019,93.0,93.0,91.0,92.0,0.0,3525.0,430.4,318.4
UPCL,6/24/2019,92.0,93.0,91.0,92.0,0.0,4100.0,430.4,318.4
UPCL,6/25/2019,91.0,93.0,91.0,92.0,0.0,3880.0,430.4,318.4
UPCL,6/26/2019,91.0,92.0,91.0,91.0,-1.09,2850.0,430.4,318.4
UPCL,6/27/2019,91.0,92.0,91.0,92.0,1.1,3710.0,430.4,318.4
UPCL,6/30/2019,90.0,92.0,90.0,91.0,-1.09,3440.0,430.4,318.4
UPCL,7/1/2019,91.0,91.0,90.0,90.0,-1.1,8060.0,430.4,318.4
UPCL,7/2/2019,90.0,92.0,90.0,92.0,2.22,5119.0,430.4,318.4
UPCL,7/3/2019,93.0,94.0,93.0,93.0,1.09,150.0,430.4,318.4
UPCL,7/4/2019,93.0,93.0,90.0,91.0,-2.15,11310.0,430.4,318.4
UPCL,7/7/2019,90.0,91.0,89.0,90.0,-1.1,2810.0,430.4,318.4
UPCL,7/8/2019,90.0,91.0,89.0,91.0,1.11,4040.0,430.4,318.4
UPCL,7/9/2019,90.0,91.0,89.0,90.0,-1.1,6610.0,430.4,318.4
UPCL,7/10/2019,89.0,91.0,89.0,90.0,0.0,3910.0,430.4,318.4
UPCL,7/11/2019,89.0,90.0,89.0,89.0,-1.11,4590.0,430.4,318.4
UPCL,7/14/2019,89.0,90.0,88.0,90.0,1.12,3770.0,430.4,318.4
UPCL,7/15/2019,89.0,90.0,89.0,89.0,-1.11,3830.0,430.4,318.4
UPCL,7/16/2019,93.0,93.0,89.0,89.0,0.0,280.0,430.4,318.4
UPCL,7/17/2019,89.0,92.0,89.0,91.0,2.25,6420.0,430.4,318.4
UPCL,7/18/2019,91.0,91.0,89.0,89.0,-2.2,1750.0,430.4,318.4
UPCL,7/21/2019,90.0,90.0,88.0,88.0,-1.12,3060.0,430.4,318.4
UPCL,7/22/2019,89.0,90.0,88.0,89.0,1.14,2170.0,430.4,318.4
UPCL,7/23/2019,89.0,90.0,88.0,89.0,0.0,4400.0,430.4,318.4
UPCL,7/24/2019,89.0,90.0,88.0,89.0,0.0,4180.0,430.4,318.4
UPCL,7/25/2019,88.0,89.0,87.0,87.0,-2.25,6385.0,430.4,318.4
UPCL,7/28/2019,87.0,91.0,87.0,91.0,4.6,2660.0,430.4,318.4
UPCL,7/29/2019,90.0,90.0,87.0,88.0,-3.3,2995.0,430.4,318.4
UPCL,7/30/2019,87.0,89.0,87.0,88.0,0.0,1840.0,430.4,318.4
UPCL,7/31/2019,87.0,89.0,87.0,89.0,1.14,4660.0,430.4,318.4
UPCL,8/1/2019,88.0,88.0,86.0,87.0,-2.25,13890.0,430.4,318.4
UPCL,8/4/2019,87.0,88.0,86.0,86.0,-1.15,4717.0,430.4,318.4
UPCL,8/5/2019,86.0,88.0,86.0,88.0,2.33,3940.0,430.4,318.4
UPCL,8/6/2019,88.0,89.0,86.0,87.0,-1.14,3680.0,430.4,318.4
UPCL,8/7/2019,88.0,88.0,86.0,88.0,1.15,2890.0,430.4,318.4
UPCL,8/8/2019,87.0,87.0,86.0,86.0,-2.27,1470.0,430.4,318.4
UPCL,8/11/2019,86.0,89.0,85.0,88.0,2.33,4780.0,430.4,318.4
UPCL,8/12/2019,87.0,87.0,85.0,86.0,-2.27,3910.0,430.4,318.4
UPCL,8/13/2019,86.0,86.0,84.0,85.0,-1.16,3490.0,430.4,318.4
UPCL,8/14/2019,84.0,86.0,84.0,85.0,0.0,1670.0,430.4,318.4
UPCL,8/15/2019,84.0,85.0,83.0,83.0,-2.35,8310.0,430.4,318.4
UPCL,8/18/2019,82.0,83.0,81.0,82.0,-1.2,10130.0,430.4,318.4
UPCL,8/19/2019,82.0,84.0,80.0,84.0,2.44,3304.0,430.4,318.4
UPCL,8/20/2019,84.0,84.0,80.0,82.0,-2.38,2080.0,430.4,318.4
UPCL,8/21/2019,81.0,82.0,79.0,82.0,0.0,3190.0,430.4,318.4
UPCL,8/22/2019,81.0,83.0,79.0,83.0,1.22,1050.0,430.4,318.4
UPCL,8/25/2019,82.0,82.0,79.0,79.0,-4.82,1370.0,430.4,318.4
UPCL,8/26/2019,80.0,80.0,77.0,77.0,-2.53,4730.0,430.4,318.4
UPCL,8/27/2019,77.0,80.0,77.0,78.0,1.3,1190.0,430.4,318.4
UPCL,8/28/2019,78.0,79.0,77.0,78.0,0.0,1920.0,430.4,318.4
UPCL,8/29/2019,77.0,79.0,77.0,77.0,-1.28,2260.0,430.4,318.4
UPCL,9/1/2019,77.0,78.0,76.0,76.0,-1.3,2790.0,430.4,318.4
UPCL,9/2/2019,75.0,78.0,74.0,74.0,-2.63,3592.0,430.4,318.4
UPCL,9/3/2019,75.0,81.0,75.0,81.0,9.46,11510.0,430.4,318.4
UPCL,9/4/2019,82.0,88.0,82.0,84.0,3.7,12777.0,430.4,318.4
UPCL,9/5/2019,85.0,86.0,82.0,85.0,1.19,1750.0,430.4,318.4
UPCL,9/8/2019,84.0,84.0,78.0,78.0,-8.24,2830.0,430.4,318.4
UPCL,9/9/2019,79.0,81.0,77.0,80.0,2.56,1650.0,430.4,318.4
UPCL,9/10/2019,79.0,79.0,77.0,77.0,-3.75,1500.0,430.4,318.4
UPCL,9/11/2019,78.0,79.0,76.0,77.0,0.0,2270.0,430.4,318.4
UPCL,9/12/2019,76.0,77.0,75.0,76.0,-1.3,4240.0,430.4,318.4
UPCL,9/15/2019,76.0,76.0,75.0,75.0,-1.32,3390.0,430.4,318.4
UPCL,9/16/2019,75.0,76.0,74.0,76.0,1.33,2220.0,430.4,318.4
UPCL,9/17/2019,77.0,84.0,75.0,76.0,0.0,69370.0,430.4,318.4
UPCL,9/18/2019,76.0,79.0,75.0,79.0,3.95,960.0,430.4,318.4
UPCL,9/19/2019,80.0,82.0,78.0,78.0,-1.27,890.0,430.4,318.4
UPCL,9/22/2019,78.0,81.0,77.0,80.0,2.56,12296.0,430.4,318.4
UPCL,9/23/2019,79.0,81.0,78.0,78.0,-2.5,720.0,430.4,318.4
UPCL,9/24/2019,78.0,80.0,78.0,79.0,1.28,4542.0,430.4,318.4
UPCL,9/25/2019,79.0,79.0,77.0,77.0,-2.53,1320.0,430.4,318.4
UPCL,9/26/2019,77.0,79.0,77.0,78.0,1.3,2820.0,430.4,318.4
UPCL,9/29/2019,78.0,79.0,77.0,77.0,-1.28,2035.0,430.4,318.4
UPCL,9/30/2019,77.0,78.0,76.0,77.0,0.0,790.0,430.4,318.4
UPCL,10/1/2019,76.0,79.0,76.0,79.0,2.6,690.0,430.4,318.4
UPCL,10/2/2019,78.0,80.0,78.0,79.0,0.0,410.0,430.4,318.4
UPCL,10/3/2019,79.0,80.0,79.0,80.0,1.27,2060.0,430.4,318.4
UPCL,10/14/2019,80.0,80.0,78.0,78.0,-2.5,450.0,430.4,318.4
UPCL,10/15/2019,78.0,78.0,78.0,78.0,0.0,1410.0,430.4,318.4
UPCL,10/16/2019,77.0,81.0,77.0,80.0,2.56,2760.0,430.4,318.4
UPCL,10/17/2019,80.0,80.0,78.0,78.0,-2.5,1220.0,430.4,318.4
UPCL,10/21/2019,78.0,79.0,76.0,78.0,0.0,1500.0,430.4,318.4
UPCL,10/22/2019,78.0,78.0,76.0,77.0,-1.28,1700.0,430.4,318.4
UPCL,10/23/2019,78.0,78.0,77.0,78.0,1.3,1730.0,430.4,318.4
UPCL,10/24/2019,77.0,79.0,76.0,76.0,-2.56,3510.0,430.4,318.4
UPCL,10/31/2019,75.0,77.0,74.0,75.0,-1.32,2470.0,430.4,318.4
UPCL,11/3/2019,76.0,76.0,74.0,74.0,-1.33,1870.0,430.4,318.4
UPCL,11/4/2019,73.0,75.0,73.0,74.0,0.0,705.0,430.4,318.4
UPCL,11/5/2019,73.0,75.0,73.0,75.0,1.35,3110.0,430.4,318.4
UPCL,11/6/2019,75.0,76.0,73.0,73.0,-2.67,1530.0,430.4,318.4
UPCL,11/7/2019,73.0,74.0,72.0,72.0,-1.37,1560.0,430.4,318.4
UPCL,11/10/2019,72.0,73.0,71.0,71.0,-1.39,2503.0,430.4,318.4
UPCL,11/11/2019,70.0,76.0,70.0,76.0,7.04,2790.0,430.4,318.4
UPCL,11/12/2019,77.0,80.0,77.0,78.0,2.63,3000.0,430.4,318.4
UPCL,11/13/2019,79.0,81.0,79.0,81.0,3.85,400.0,430.4,318.4
UPCL,11/14/2019,81.0,82.0,77.0,78.0,-3.7,1560.0,430.4,318.4
UPCL,11/17/2019,78.0,81.0,71.0,74.0,-5.13,5330.0,430.4,318.4
UPCL,11/18/2019,75.0,76.0,70.0,70.0,-5.41,12010.0,430.4,318.4
UPCL,11/19/2019,71.0,75.0,71.0,74.0,5.71,4020.0,430.4,318.4
UPCL,11/20/2019,75.0,75.0,73.0,73.0,-1.35,2595.0,430.4,318.4
UPCL,11/21/2019,72.0,74.0,71.0,72.0,-1.37,1150.0,430.4,318.4
UPCL,11/24/2019,71.0,73.0,71.0,72.0,0.0,2450.0,430.4,318.4
UPCL,11/25/2019,73.0,74.0,71.0,73.0,1.39,3910.0,430.4,318.4
UPCL,11/26/2019,72.0,74.0,71.0,72.0,-1.37,3672.0,430.4,318.4
UPCL,11/27/2019,72.0,74.0,72.0,74.0,2.78,2337.0,430.4,318.4
UPCL,11/28/2019,75.0,75.0,72.0,73.0,-1.35,1490.0,430.4,318.4
UPCL,12/1/2019,72.0,72.0,71.0,72.0,-1.37,900.0,430.4,318.4
UPCL,12/2/2019,72.0,73.0,72.0,73.0,1.39,1460.0,430.4,318.4
UPCL,12/3/2019,72.0,73.0,72.0,72.0,-1.37,950.0,430.4,318.4
UPCL,12/4/2019,72.0,73.0,72.0,72.0,0.0,1290.0,430.4,318.4
UPCL,12/5/2019,72.0,74.0,71.0,73.0,1.39,3930.0,430.4,318.4
UPCL,12/8/2019,72.0,73.0,72.0,73.0,0.0,1100.0,430.4,318.4
UPCL,12/9/2019,72.0,75.0,71.0,75.0,2.74,1710.0,430.4,318.4
UPCL,12/10/2019,76.0,77.0,76.0,77.0,2.67,40.0,430.4,318.4
UPCL,12/11/2019,76.0,76.0,73.0,74.0,-3.9,530.0,430.4,318.4
UPCL,12/12/2019,74.0,78.0,72.0,76.0,2.7,6110.0,430.4,318.4
UPCL,12/15/2019,75.0,75.0,72.0,72.0,-5.26,5460.0,430.4,318.4
UPCL,12/16/2019,72.0,73.0,71.0,73.0,1.39,13423.0,430.4,318.4
UPCL,12/17/2019,72.0,73.0,71.0,72.0,-1.37,2750.0,430.4,318.4
UPCL,12/18/2019,72.0,73.0,71.0,73.0,1.39,4440.0,430.4,318.4
UPCL,12/19/2019,72.0,72.0,71.0,72.0,-1.37,3790.0,430.4,318.4
UPCL,12/22/2019,71.0,73.0,71.0,73.0,1.39,2830.0,430.4,318.4
UPCL,12/23/2019,73.0,75.0,73.0,73.0,0.0,2390.0,430.4,318.4
UPCL,12/24/2019,72.0,74.0,72.0,73.0,0.0,910.0,430.4,318.4
UPCL,12/25/2019,72.0,74.0,71.0,74.0,1.37,1450.0,430.4,318.4
UPCL,12/29/2019,73.0,73.0,71.0,72.0,-2.7,1130.0,430.4,318.4
UPCL,12/30/2019,71.0,72.0,71.0,72.0,0.0,1210.0,430.4,318.4
UPCL,12/31/2019,71.0,72.0,71.0,72.0,0.0,1950.0,430.4,318.4
UPCL,1/1/2020,72.0,76.0,71.0,72.0,0.0,4310.0,430.4,318.4
UPCL,1/2/2020,73.0,74.0,72.0,72.0,0.0,3050.0,430.4,318.4
UPCL,1/5/2020,72.0,74.0,72.0,73.0,1.39,2460.0,430.4,318.4
UPCL,1/6/2020,72.0,74.0,71.0,71.0,-2.74,17590.0,430.4,318.4
UPCL,1/7/2020,71.0,73.0,71.0,72.0,1.41,3655.0,430.4,318.4
UPCL,1/8/2020,72.0,75.0,72.0,75.0,4.17,4355.0,430.4,318.4
UPCL,1/9/2020,76.0,76.0,72.0,74.0,-1.33,800.0,430.4,318.4
UPCL,1/12/2020,73.0,75.0,72.0,75.0,1.35,3030.0,430.4,318.4
UPCL,1/13/2020,76.0,81.0,72.0,76.0,1.33,12710.0,430.4,318.4
UPCL,1/14/2020,75.0,77.0,74.0,74.0,-2.63,6952.0,430.4,318.4
UPCL,1/15/2020,75.0,77.0,74.0,75.0,1.35,6142.0,430.4,318.4
UPCL,1/16/2020,76.0,80.0,75.0,78.0,4.0,18500.0,430.4,318.4
UPCL,1/19/2020,78.0,82.0,78.0,82.0,5.13,16602.0,430.4,318.4
UPCL,1/20/2020,81.0,81.0,77.0,78.0,-4.88,9105.0,430.4,318.4
UPCL,1/21/2020,79.0,79.0,73.0,74.0,-5.13,15270.0,430.4,318.4
UPCL,1/22/2020,74.0,77.0,74.0,75.0,1.35,17219.0,430.4,318.4
UPCL,1/23/2020,75.0,76.0,73.0,73.0,-2.67,4717.0,430.4,318.4
UPCL,1/26/2020,73.0,75.0,72.0,73.0,0.0,16679.0,430.4,318.4
UPCL,1/27/2020,72.0,75.0,72.0,75.0,2.74,5980.0,430.4,318.4
UPCL,1/28/2020,75.0,75.0,73.0,73.0,-2.67,5300.0,430.4,318.4
UPCL,1/29/2020,73.0,74.0,73.0,74.0,1.37,2650.0,430.4,318.4
UPCL,1/30/2020,75.0,75.0,73.0,73.0,-1.35,6250.0,430.4,318.4
UPCL,2/2/2020,74.0,76.0,73.0,74.0,1.37,13950.0,430.4,318.4
UPCL,2/3/2020,73.0,79.0,73.0,79.0,6.76,17399.0,430.4,318.4
UPCL,2/4/2020,79.0,80.0,76.0,77.0,-2.53,17989.0,430.4,318.4
UPCL,2/5/2020,77.0,79.0,76.0,79.0,2.6,10228.0,430.4,318.4
UPCL,2/6/2020,78.0,78.0,75.0,76.0,-3.8,1210.0,430.4,318.4
UPCL,2/9/2020,75.0,76.0,75.0,76.0,0.0,2613.0,430.4,318.4
UPCL,2/10/2020,75.0,76.0,74.0,76.0,0.0,1910.0,430.4,318.4
UPCL,2/11/2020,75.0,77.0,75.0,76.0,0.0,5200.0,430.4,318.4
UPCL,2/12/2020,77.0,78.0,76.0,76.0,0.0,5220.0,430.4,318.4
UPCL,2/13/2020,77.0,78.0,75.0,75.0,-1.32,7500.0,430.4,318.4
UPCL,2/16/2020,76.0,78.0,74.0,77.0,2.67,10430.0,430.4,318.4
UPCL,2/17/2020,77.0,84.0,77.0,81.0,5.19,40903.0,430.4,318.4
UPCL,2/18/2020,81.0,81.0,79.0,80.0,-1.23,17190.0,430.4,318.4
UPCL,2/19/2020,80.0,83.0,79.0,80.0,0.0,6380.0,430.4,318.4
UPCL,2/20/2020,81.0,82.0,78.0,79.0,-1.25,3970.0,430.4,318.4
UPCL,2/23/2020,80.0,85.0,79.0,84.0,6.33,9643.0,430.4,318.4
UPCL,2/24/2020,84.0,84.0,80.0,83.0,-1.19,15300.0,430.4,318.4
UPCL,2/25/2020,82.0,86.0,80.0,86.0,3.61,16905.0,430.4,318.4
UPCL,2/26/2020,87.0,91.0,87.0,89.0,3.49,31815.0,430.4,318.4
UPCL,2/27/2020,88.0,89.0,87.0,89.0,0.0,13465.0,430.4,318.4
UPCL,3/1/2020,89.0,89.0,82.0,82.0,-7.87,16600.0,430.4,318.4
UPCL,3/2/2020,81.0,83.0,81.0,81.0,-1.22,5290.0,430.4,318.4
UPCL,3/3/2020,80.0,81.0,77.0,80.0,-1.23,4910.0,430.4,318.4
UPCL,3/4/2020,79.0,79.0,77.0,77.0,-3.75,12110.0,430.4,318.4
UPCL,3/5/2020,76.0,78.0,76.0,76.0,-1.3,5350.0,430.4,318.4
UPCL,3/10/2020,77.0,77.0,77.0,77.0,1.32,50.0,430.4,318.4
UPCL,3/11/2020,77.0,78.0,73.0,76.0,-1.3,8320.0,430.4,318.4
UPCL,3/12/2020,75.0,76.0,74.0,75.0,-1.32,5820.0,430.4,318.4
UPCL,3/15/2020,74.0,74.0,72.0,72.0,-4.0,8933.0,430.4,318.4
UPCL,3/16/2020,73.0,74.0,71.0,73.0,1.39,4640.0,430.4,318.4
UPCL,3/17/2020,72.0,74.0,72.0,72.0,-1.37,4310.0,430.4,318.4
UPCL,3/18/2020,71.0,73.0,70.0,72.0,0.0,5655.0,430.4,318.4
UPCL,3/19/2020,71.0,72.0,69.0,72.0,0.0,6110.0,430.4,318.4
UPCL,3/22/2020,73.0,73.0,73.0,73.0,1.39,10.0,430.4,318.4
UPCL,6/29/2020,72.0,72.0,68.0,67.0,-8.22,5388.0,430.4,318.4
UPCL,6/30/2020,66.0,67.0,66.0,67.0,0.0,150.0,430.4,318.4
UPCL,7/1/2020,67.0,68.0,67.0,68.0,1.49,80.0,430.4,318.4
UPCL,7/2/2020,69.0,70.0,69.0,70.0,2.94,300.0,430.4,318.4
UPCL,7/5/2020,69.0,69.0,68.0,69.0,-1.43,3713.0,430.4,318.4
UPCL,7/6/2020,69.0,70.0,67.0,69.0,0.0,4890.0,430.4,318.4
UPCL,7/7/2020,69.0,72.0,69.0,69.0,0.0,6210.0,430.4,318.4
UPCL,7/8/2020,70.0,71.0,69.0,69.0,0.0,4585.0,430.4,318.4
UPCL,7/9/2020,69.0,69.0,68.0,69.0,0.0,4150.0,430.4,318.4
UPCL,7/12/2020,68.0,72.0,68.0,72.0,4.35,4115.0,430.4,318.4
UPCL,7/13/2020,71.0,71.0,67.0,69.0,-4.17,3360.0,430.4,318.4
UPCL,7/14/2020,68.0,70.0,68.0,69.0,0.0,6310.0,430.4,318.4
UPCL,7/15/2020,69.0,70.0,68.0,70.0,1.45,2950.0,430.4,318.4
UPCL,7/16/2020,70.0,71.0,68.0,70.0,0.0,3710.0,430.4,318.4
UPCL,7/20/2020,71.0,73.0,69.0,73.0,4.29,7700.0,430.4,318.4
UPCL,7/21/2020,72.0,74.0,70.0,71.0,-2.74,5520.0,430.4,318.4
UPCL,7/22/2020,70.0,71.0,69.0,70.0,-1.41,6260.0,430.4,318.4
UPCL,7/23/2020,70.0,71.0,69.0,71.0,1.43,5525.0,430.4,318.4
UPCL,7/26/2020,71.0,71.0,69.0,70.0,-1.41,4280.0,430.4,318.4
UPCL,7/27/2020,69.0,71.0,69.0,69.0,-1.43,5640.0,430.4,318.4
UPCL,7/28/2020,70.0,72.0,69.0,71.0,2.9,18625.0,430.4,318.4
UPCL,7/29/2020,74.0,74.0,69.0,72.0,1.41,10490.0,430.4,318.4
UPCL,7/30/2020,72.0,78.0,70.0,75.0,4.17,26116.0,430.4,318.4
UPCL,8/2/2020,75.0,75.0,70.0,72.0,-4.0,16065.0,430.4,318.4
UPCL,8/3/2020,73.0,74.0,69.0,70.0,-2.78,7764.0,430.4,318.4
UPCL,8/5/2020,70.0,71.0,70.0,70.0,0.0,3890.0,430.4,318.4
UPCL,8/6/2020,70.0,71.0,69.0,70.0,0.0,5160.0,430.4,318.4
UPCL,8/9/2020,69.0,71.0,68.0,70.0,0.0,6360.0,430.4,318.4
UPCL,8/10/2020,69.0,73.0,69.0,71.0,1.43,8655.0,430.4,318.4
UPCL,8/11/2020,70.0,73.0,69.0,70.0,-1.41,4240.0,430.4,318.4
UPCL,8/12/2020,70.0,73.0,70.0,70.0,0.0,7430.0,430.4,318.4
UPCL,8/13/2020,69.0,72.0,69.0,71.0,1.43,5350.0,430.4,318.4
UPCL,8/16/2020,70.0,71.0,69.0,70.0,-1.41,6781.0,430.4,318.4
UPCL,8/17/2020,69.0,73.0,68.0,69.0,-1.43,10680.0,430.4,318.4
UPCL,8/18/2020,69.0,71.0,69.0,70.0,1.45,7020.0,430.4,318.4
UPCL,8/19/2020,69.0,71.0,69.0,70.0,0.0,5075.0,430.4,318.4
UPCL,8/20/2020,69.0,72.0,69.0,70.0,0.0,2090.0,430.4,318.4
UPCL,8/23/2020,70.0,72.0,70.0,72.0,2.86,4610.0,430.4,318.4
UPCL,8/24/2020,71.0,73.0,70.0,71.0,-1.39,10175.0,430.4,318.4
UPCL,8/25/2020,70.0,72.0,70.0,71.0,0.0,5750.0,430.4,318.4
UPCL,8/26/2020,70.0,72.0,70.0,71.0,0.0,12506.0,430.4,318.4
UPCL,8/27/2020,72.0,73.0,70.0,71.0,0.0,8522.0,430.4,318.4
UPCL,8/30/2020,70.0,74.0,70.0,72.0,1.41,9871.0,430.4,318.4
UPCL,8/31/2020,72.0,79.0,71.0,76.0,5.56,26642.0,430.4,318.4
UPCL,9/2/2020,77.0,83.0,76.0,83.0,9.21,48876.0,430.4,318.4
UPCL,9/3/2020,87.0,91.0,82.0,84.0,1.2,97883.0,430.4,318.4
UPCL,9/6/2020,88.0,92.0,88.0,92.0,9.52,39779.0,430.4,318.4
UPCL,9/7/2020,96.0,101.0,96.0,101.0,9.78,284122.0,430.4,318.4
UPCL,9/8/2020,106.0,106.0,95.0,97.0,-3.96,51307.0,430.4,318.4
UPCL,9/9/2020,97.0,98.0,92.0,94.0,-3.09,44770.0,430.4,318.4
UPCL,9/10/2020,93.0,95.0,92.0,93.0,-1.06,11712.0,430.4,318.4
UPCL,9/13/2020,93.0,100.0,90.0,98.0,5.38,45896.0,430.4,318.4
UPCL,9/14/2020,95.0,103.0,95.0,100.0,2.04,189763.0,430.4,318.4
UPCL,9/15/2020,100.0,104.0,98.0,99.0,-1.0,57101.0,430.4,318.4
UPCL,9/16/2020,98.0,108.0,98.0,108.0,9.09,226419.0,430.4,318.4
UPCL,9/17/2020,108.0,118.0,108.0,118.0,9.26,319774.0,430.4,318.4
UPCL,9/20/2020,120.0,128.0,107.0,109.0,-7.63,139049.0,430.4,318.4
UPCL,9/21/2020,107.0,117.0,103.0,111.0,1.83,93136.0,430.4,318.4
UPCL,9/22/2020,111.0,111.0,105.0,107.0,-3.6,66977.0,430.4,318.4
UPCL,9/23/2020,107.0,113.0,105.0,112.0,4.67,51760.0,430.4,318.4
UPCL,9/24/2020,114.0,120.0,109.0,115.0,2.68,268085.0,430.4,318.4
UPCL,9/27/2020,120.0,120.0,113.0,115.0,0.0,151224.0,430.4,318.4
UPCL,9/28/2020,113.0,115.0,112.0,114.0,-0.87,63793.0,430.4,318.4
UPCL,9/29/2020,112.0,125.0,111.0,125.0,9.65,331441.0,430.4,318.4
UPCL,9/30/2020,127.0,137.0,125.0,134.0,7.2,271394.0,430.4,318.4
UPCL,10/1/2020,132.0,137.0,124.0,126.0,-5.97,169185.0,430.4,318.4
UPCL,10/4/2020,125.0,128.0,118.0,123.0,-2.38,157174.0,430.4,318.4
UPCL,10/5/2020,121.0,132.0,119.0,125.0,1.63,149777.0,430.4,318.4
UPCL,10/6/2020,131.0,137.0,125.0,137.0,9.6,263633.0,430.4,318.4
UPCL,10/7/2020,143.0,150.0,139.0,150.0,9.49,344250.0,430.4,318.4
UPCL,10/8/2020,157.0,160.0,141.0,142.0,-5.33,217134.0,430.4,318.4
UPCL,10/11/2020,149.0,149.0,136.0,140.0,-1.41,203078.0,430.4,318.4
UPCL,10/12/2020,147.0,147.0,133.0,138.0,-1.43,112643.0,430.4,318.4
UPCL,10/13/2020,144.0,144.0,128.0,130.0,-5.8,109890.0,430.4,318.4
UPCL,10/14/2020,136.0,136.0,123.0,128.0,-1.54,102869.0,430.4,318.4
UPCL,10/15/2020,130.0,135.0,126.0,128.0,0.0,93080.0,430.4,318.4
UPCL,10/18/2020,130.0,130.0,123.0,127.0,-0.78,55391.0,430.4,318.4
UPCL,10/19/2020,125.0,136.0,125.0,136.0,7.09,58788.0,430.4,318.4
UPCL,10/20/2020,142.0,145.0,131.0,142.0,4.41,145026.0,430.4,318.4
UPCL,10/21/2020,149.0,149.0,137.0,138.0,-2.82,78680.0,430.4,318.4
UPCL,10/22/2020,144.0,144.0,134.0,135.0,-2.17,61731.0,430.4,318.4
UPCL,10/28/2020,141.0,141.0,131.0,136.0,0.74,47553.0,430.4,318.4
UPCL,10/29/2020,142.0,142.0,134.0,137.0,0.74,51300.0,430.4,318.4
UPCL,11/1/2020,143.0,143.0,133.0,141.0,2.92,103767.0,430.4,318.4
UPCL,11/2/2020,140.0,146.0,137.0,140.0,-0.71,86226.0,430.4,318.4
UPCL,11/3/2020,139.0,141.0,138.0,140.0,0.0,50344.0,430.4,318.4
UPCL,11/4/2020,147.0,147.0,138.0,138.0,-1.43,38432.0,430.4,318.4
UPCL,11/5/2020,137.0,145.0,137.0,142.0,2.9,131137.0,430.4,318.4
UPCL,11/8/2020,135.0,156.0,135.0,156.0,9.86,329686.0,430.4,318.4
UPCL,11/9/2020,160.0,162.0,150.0,150.0,-3.85,199379.0,430.4,318.4
UPCL,11/10/2020,148.0,153.0,147.0,151.0,0.67,124045.0,430.4,318.4
UPCL,11/11/2020,149.0,152.0,148.0,152.0,0.66,60329.0,430.4,318.4
UPCL,11/12/2020,150.0,151.0,146.0,149.0,-1.97,54104.0,430.4,318.4
UPCL,11/18/2020,148.0,148.0,141.0,143.0,-4.03,82765.0,430.4,318.4
UPCL,11/19/2020,136.0,151.0,136.0,146.0,2.1,79219.0,430.4,318.4
UPCL,11/22/2020,139.0,151.0,139.0,143.0,-2.05,48991.0,430.4,318.4
UPCL,11/23/2020,138.0,148.0,138.0,145.0,1.4,51255.0,430.4,318.4
UPCL,11/24/2020,143.0,151.0,141.0,148.0,2.07,93570.0,430.4,318.4
UPCL,11/25/2020,155.0,155.0,144.0,144.0,-2.7,71944.0,430.4,318.4
UPCL,11/26/2020,140.0,150.0,140.0,142.0,-1.39,77986.0,430.4,318.4
UPCL,11/29/2020,135.0,150.0,135.0,143.0,0.7,57147.0,430.4,318.4
UPCL,11/30/2020,150.0,151.0,141.0,148.0,3.5,128553.0,430.4,318.4
UPCL,12/1/2020,155.0,155.0,142.0,144.0,-2.7,50231.0,430.4,318.4
UPCL,12/2/2020,144.0,152.0,143.0,146.0,1.39,68760.0,430.4,318.4
UPCL,12/3/2020,153.0,153.0,141.0,141.0,-3.42,125845.0,430.4,318.4
UPCL,12/6/2020,140.0,144.0,137.0,138.0,-2.13,43645.0,430.4,318.4
UPCL,12/7/2020,140.0,146.0,136.0,143.0,3.62,51639.0,430.4,318.4
UPCL,12/8/2020,142.0,145.0,139.0,141.0,-1.4,57541.0,430.4,318.4
UPCL,12/9/2020,148.0,148.0,138.0,139.0,-1.42,49517.0,430.4,318.4
UPCL,12/10/2020,138.0,142.0,137.0,138.0,-0.72,45920.0,430.4,318.4
UPCL,12/13/2020,137.0,145.0,136.0,139.0,0.72,33571.0,430.4,318.4
UPCL,12/14/2020,141.0,143.0,138.0,139.0,0.0,37150.0,430.4,318.4
UPCL,12/15/2020,141.0,141.0,137.0,137.0,-1.44,28925.0,430.4,318.4
UPCL,12/16/2020,137.0,142.0,135.0,136.0,-0.73,39787.0,430.4,318.4
UPCL,12/17/2020,135.0,138.0,132.0,133.0,-2.21,73844.0,430.4,318.4
UPCL,12/20/2020,131.0,133.0,123.0,124.0,-6.77,93519.0,430.4,318.4
UPCL,12/21/2020,118.0,132.0,116.0,125.0,0.81,77908.0,430.4,318.4
UPCL,12/22/2020,127.0,130.0,125.0,130.0,4.0,37473.0,430.4,318.4
UPCL,12/23/2020,130.0,134.0,123.0,125.0,-3.85,39055.0,430.4,318.4
UPCL,12/24/2020,126.0,128.0,121.0,128.0,2.4,20779.0,430.4,318.4
UPCL,12/27/2020,126.0,129.0,122.0,126.0,-1.56,26904.0,430.4,318.4
UPCL,12/28/2020,124.0,128.0,122.0,126.0,0.0,14680.0,430.4,318.4
UPCL,12/29/2020,126.0,127.0,122.0,124.0,-1.59,12997.0,430.4,318.4
UPCL,12/30/2020,123.0,126.0,121.0,124.0,0.0,25208.0,430.4,318.4
UPCL,12/31/2020,122.0,126.0,122.0,123.0,-0.81,27865.0,430.4,318.4
UPCL,1/3/2021,123.0,127.0,122.0,127.0,3.25,38040.0,430.4,318.4
UPCL,1/4/2021,127.0,128.0,123.0,124.0,-2.36,38812.0,430.4,318.4
UPCL,1/5/2021,124.0,136.0,124.0,131.0,5.65,73855.0,430.4,318.4
UPCL,1/6/2021,133.0,138.0,130.0,130.0,-0.76,55516.0,430.4,318.4
UPCL,1/7/2021,131.0,133.0,130.0,132.0,1.54,36369.0,430.4,318.4
UPCL,1/10/2021,131.0,133.0,128.0,130.0,-1.52,38746.0,430.4,318.4
UPCL,1/11/2021,128.0,134.0,128.0,130.0,0.0,21718.0,430.4,318.4
UPCL,1/12/2021,130.0,135.0,127.0,131.0,0.77,58206.0,430.4,318.4
UPCL,1/13/2021,133.0,135.0,131.0,132.0,0.76,48014.0,430.4,318.4
UPCL,1/17/2021,134.0,135.0,132.0,133.0,0.76,32488.0,430.4,318.4
UPCL,1/18/2021,134.0,135.0,132.0,133.0,0.0,43600.0,430.4,318.4
UPCL,1/19/2021,133.0,134.0,131.0,131.0,-1.5,44426.0,430.4,318.4
UPCL,1/20/2021,133.0,133.0,130.0,131.0,0.0,47126.0,430.4,318.4
UPCL,1/21/2021,131.0,136.0,131.0,136.0,3.82,54641.0,430.4,318.4
UPCL,1/24/2021,142.0,142.0,136.0,136.0,0.0,74262.0,430.4,318.4
UPCL,1/25/2021,130.0,144.0,130.0,143.0,5.15,133178.0,430.4,318.4
UPCL,1/26/2021,145.0,145.0,138.0,140.0,-2.1,54497.0,430.4,318.4
UPCL,1/27/2021,140.0,144.0,136.0,141.0,0.71,62392.0,430.4,318.4
UPCL,1/28/2021,143.0,145.0,137.0,137.0,-2.84,65497.0,430.4,318.4
UPCL,1/31/2021,137.0,140.0,131.0,135.0,-1.46,53970.0,430.4,318.4
UPCL,2/1/2021,135.0,139.0,134.0,136.0,0.74,23019.0,430.4,318.4
UPCL,2/2/2021,130.0,139.0,130.0,136.0,0.0,35759.0,430.4,318.4
UPCL,2/3/2021,136.0,140.0,135.0,137.0,0.74,42207.0,430.4,318.4
UPCL,2/4/2021,136.0,145.0,135.0,141.0,2.92,165963.0,430.4,318.4
UPCL,2/7/2021,143.0,150.0,143.0,146.0,3.55,164970.0,430.4,318.4
UPCL,2/8/2021,145.0,152.0,143.0,144.0,-1.37,71143.0,430.4,318.4
UPCL,2/11/2021,142.0,144.0,137.0,138.0,-4.17,97411.0,430.4,318.4
UPCL,2/14/2021,140.0,143.0,136.0,137.0,-0.72,34419.0,430.4,318.4
UPCL,2/15/2021,139.0,144.0,137.0,138.0,0.73,46402.0,430.4,318.4
UPCL,2/16/2021,144.0,144.0,136.0,138.0,0.0,68604.0,430.4,318.4
UPCL,2/17/2021,143.0,143.0,135.0,137.0,-0.72,29727.0,430.4,318.4
UPCL,2/18/2021,136.0,139.0,136.0,137.0,0.0,31820.0,430.4,318.4
UPCL,2/21/2021,139.0,147.0,136.0,142.0,3.65,103685.0,430.4,318.4
UPCL,2/22/2021,145.0,152.0,140.0,146.0,2.82,274509.0,430.4,318.4
UPCL,2/23/2021,153.0,153.0,138.0,143.0,-2.05,68386.0,430.4,318.4
UPCL,2/24/2021,144.0,146.0,141.0,142.0,-0.7,53715.0,430.4,318.4
UPCL,2/25/2021,142.0,145.0,140.0,142.0,0.0,68969.0,430.4,318.4
UPCL,2/28/2021,141.0,143.0,135.0,137.0,-3.52,56631.0,430.4,318.4
UPCL,3/1/2021,137.0,139.0,134.0,138.0,0.73,62358.0,430.4,318.4
UPCL,3/2/2021,137.0,138.0,132.0,134.0,-2.9,70497.0,430.4,318.4
UPCL,3/3/2021,133.0,136.0,132.0,133.0,-0.75,19450.0,430.4,318.4
UPCL,3/4/2021,135.0,140.0,133.0,137.0,3.01,41809.0,430.4,318.4
UPCL,3/7/2021,143.0,148.0,140.0,144.0,5.11,189159.0,430.4,318.4
UPCL,3/9/2021,144.0,148.0,141.0,144.0,0.0,82747.0,430.4,318.4
UPCL,3/10/2021,151.0,151.0,141.0,142.0,-1.39,34953.0,430.4,318.4
UPCL,3/14/2021,142.0,145.0,140.0,142.0,0.0,68698.0,430.4,318.4
UPCL,3/15/2021,142.0,147.0,138.0,145.0,2.11,135560.0,430.4,318.4
UPCL,3/16/2021,152.0,152.0,143.0,146.0,0.69,67581.0,430.4,318.4
UPCL,3/17/2021,153.0,155.0,146.0,150.0,2.74,167301.0,430.4,318.4
UPCL,3/18/2021,157.0,157.0,146.0,146.0,-2.67,116662.0,430.4,318.4
UPCL,3/21/2021,148.0,149.0,143.0,144.0,-1.37,50887.0,430.4,318.4
UPCL,3/22/2021,145.0,148.0,142.0,144.0,0.0,58491.0,430.4,318.4
UPCL,3/23/2021,145.0,149.0,143.0,145.0,0.69,59075.0,430.4,318.4
UPCL,3/24/2021,147.0,149.0,145.0,147.0,1.38,89216.0,430.4,318.4
UPCL,3/25/2021,154.0,154.0,145.0,146.0,-0.68,93554.0,430.4,318.4
UPCL,3/29/2021,148.0,150.0,144.0,145.0,-0.68,41097.0,430.4,318.4
UPCL,3/30/2021,147.0,149.0,143.0,147.0,1.38,59380.0,430.4,318.4
UPCL,3/31/2021,146.0,147.0,144.0,145.0,-1.36,64954.0,430.4,318.4
UPCL,4/1/2021,147.0,147.0,145.0,146.0,0.69,50174.0,430.4,318.4
UPCL,4/4/2021,148.0,150.0,146.0,150.0,2.74,184703.0,430.4,318.4
UPCL,4/5/2021,153.0,156.0,148.0,150.0,0.0,103056.0,430.4,318.4
UPCL,4/6/2021,153.0,165.0,149.0,165.0,10.0,327077.0,430.4,318.4
UPCL,4/7/2021,173.0,181.0,170.0,181.0,9.7,669285.0,430.4,318.4
UPCL,4/8/2021,185.0,188.0,168.0,173.0,-4.42,250644.0,430.4,318.4
UPCL,4/12/2021,173.0,175.0,161.0,167.0,-3.47,143706.0,430.4,318.4
UPCL,4/13/2021,159.0,173.0,159.0,167.0,0.0,86366.0,430.4,318.4
UPCL,4/15/2021,170.0,174.0,168.0,170.0,1.8,96008.0,430.4,318.4
UPCL,4/18/2021,173.0,175.0,166.0,167.0,-1.76,89468.0,430.4,318.4
UPCL,4/19/2021,170.0,170.0,165.0,165.0,-1.2,41744.0,430.4,318.4
UPCL,4/20/2021,160.0,180.0,160.0,175.0,6.06,185777.0,430.4,318.4
UPCL,4/21/2021,180.0,182.0,173.0,176.0,0.57,121247.0,430.4,318.4
UPCL,4/22/2021,184.0,184.0,170.0,175.0,-0.57,89772.0,430.4,318.4
UPCL,4/25/2021,175.0,175.0,165.0,166.0,-5.14,135833.0,430.4,318.4
UPCL,4/26/2021,166.0,168.0,157.0,159.0,-4.22,120205.0,430.4,318.4
UPCL,4/27/2021,159.0,168.0,158.0,167.0,5.03,70224.0,430.4,318.4
UPCL,4/28/2021,165.0,170.0,164.0,166.0,-0.6,38378.0,430.4,318.4
UPCL,4/29/2021,166.0,171.0,166.0,169.0,1.81,59670.0,430.4,318.4
UPCL,5/2/2021,170.0,181.0,170.0,181.0,7.1,271431.0,430.4,318.4
UPCL,5/3/2021,182.0,186.0,176.0,178.0,-1.66,156270.0,430.4,318.4
UPCL,5/4/2021,177.0,195.0,175.0,194.0,8.99,512610.0,430.4,318.4
UPCL,5/5/2021,200.0,207.0,190.0,206.0,6.19,348941.0,430.4,318.4
UPCL,5/6/2021,216.0,216.0,198.0,199.0,-3.4,228912.0,430.4,318.4
UPCL,5/9/2021,196.0,197.0,189.0,190.0,-4.52,194825.0,430.4,318.4
UPCL,5/10/2021,199.0,199.0,187.0,192.0,1.05,95036.0,430.4,318.4
UPCL,5/11/2021,192.0,206.0,192.0,204.0,6.25,223094.0,430.4,318.4
UPCL,5/12/2021,208.0,221.0,201.0,217.0,6.37,403143.0,430.4,318.4
UPCL,5/13/2021,220.0,233.0,215.0,232.0,6.91,448388.0,430.4,318.4
UPCL,5/16/2021,235.0,239.0,217.0,239.0,3.02,435349.0,430.4,318.4
UPCL,5/17/2021,239.0,244.0,227.0,244.0,2.09,347619.0,430.4,318.4
UPCL,5/18/2021,256.0,268.0,240.0,268.0,9.84,485607.0,430.4,318.4
UPCL,5/19/2021,278.0,279.0,245.0,252.0,-5.97,480140.0,430.4,318.4
UPCL,5/20/2021,250.0,255.0,241.0,246.0,-2.38,215906.0,430.4,318.4
UPCL,5/23/2021,245.0,262.0,231.0,259.0,5.28,286247.0,430.4,318.4
UPCL,5/24/2021,263.0,263.0,251.0,254.0,-1.93,195887.0,430.4,318.4
UPCL,5/25/2021,258.0,279.0,248.0,279.0,9.84,545952.0,430.4,318.4
UPCL,5/27/2021,290.0,306.0,279.0,306.0,9.68,531500.0,430.4,318.4
UPCL,5/30/2021,314.0,336.0,290.0,302.0,-1.31,653453.0,430.4,318.4
UPCL,5/31/2021,317.0,317.0,276.0,282.0,-6.62,352542.0,430.4,318.4
UPCL,6/1/2021,277.0,295.0,265.0,278.0,-1.42,158755.0,430.4,318.4
UPCL,6/2/2021,278.0,295.0,270.0,293.0,5.4,175387.0,430.4,318.4
UPCL,6/3/2021,293.0,302.0,279.0,282.0,-3.75,179025.0,430.4,318.4
UPCL,6/6/2021,268.0,285.0,268.0,278.0,-1.42,179236.0,430.4,318.4
UPCL,6/7/2021,291.0,305.0,275.0,305.0,9.71,441845.0,430.4,318.4
UPCL,6/8/2021,315.0,335.0,312.0,335.0,9.84,579216.0,430.4,318.4
UPCL,6/9/2021,342.0,355.0,315.0,328.0,-2.09,334812.0,430.4,318.4
UPCL,6/10/2021,344.0,360.0,322.0,350.0,6.71,584552.0,430.4,318.4
UPCL,6/13/2021,355.0,380.0,343.0,370.0,5.71,404954.0,430.4,318.4
UPCL,6/14/2021,370.0,388.0,351.0,361.0,-2.43,393338.0,430.4,318.4
UPCL,6/15/2021,361.0,362.0,337.0,343.0,-4.99,362029.0,430.4,318.4
UPCL,6/16/2021,326.0,344.0,309.0,318.0,-7.29,357908.0,430.4,318.4
UPCL,6/17/2021,303.0,335.0,303.0,322.0,1.26,186968.0,430.4,318.4
UPCL,6/20/2021,325.0,326.0,297.0,307.0,-4.66,162226.0,430.4,318.4
UPCL,6/21/2021,304.0,312.0,277.0,279.0,-9.12,193209.0,430.4,318.4
UPCL,6/22/2021,279.0,306.0,266.0,306.0,9.68,196833.0,430.4,318.4
UPCL,6/23/2021,312.0,331.0,300.0,308.0,0.65,247689.0,430.4,318.4
UPCL,6/24/2021,303.0,318.0,297.0,302.0,-1.95,122747.0,430.4,318.4
UPCL,6/27/2021,308.0,316.0,299.0,301.0,-0.33,111266.0,430.4,318.4
UPCL,6/28/2021,307.0,313.0,293.0,293.0,-2.66,74996.0,430.4,318.4
UPCL,6/29/2021,295.0,299.0,279.0,290.0,-1.02,102133.0,430.4,318.4
UPCL,6/30/2021,285.0,295.0,275.0,290.0,0.0,77849.0,430.4,318.4
UPCL,7/1/2021,295.0,306.0,288.0,296.0,2.07,198660.0,430.4,318.4
UPCL,7/4/2021,300.0,301.0,291.0,294.0,-0.68,51483.0,430.4,318.4
UPCL,7/5/2021,299.0,299.0,285.0,287.0,-2.38,58709.0,430.4,318.4
UPCL,7/6/2021,292.0,292.0,278.0,281.0,-2.09,54447.0,430.4,318.4
UPCL,7/7/2021,285.0,285.0,270.0,272.0,-3.2,68107.0,430.4,318.4
UPCL,7/8/2021,275.0,282.0,268.0,280.0,2.94,71116.0,430.4,318.4
UPCL,7/11/2021,280.0,301.0,280.0,300.0,7.14,86434.0,430.4,318.4
UPCL,7/12/2021,305.0,309.0,285.0,290.0,-3.33,103107.0,430.4,318.4
UPCL,7/13/2021,290.0,302.0,289.0,291.0,0.34,42421.0,430.4,318.4
UPCL,7/14/2021,290.0,305.0,290.0,303.0,4.12,93910.0,430.4,318.4
UPCL,7/15/2021,307.0,324.0,303.0,315.0,3.96,243997.0,430.4,318.4
UPCL,7/18/2021,321.3,331.0,316.6,319.0,1.27,133385.0,430.4,318.4
UPCL,7/19/2021,323.0,327.0,311.8,314.0,-1.57,89646.0,430.4,318.4
UPCL,7/20/2021,313.0,326.0,310.1,318.0,1.27,116332.0,430.4,318.4
UPCL,7/22/2021,320.0,327.5,319.0,327.0,2.83,297531.0,430.4,318.4
UPCL,7/25/2021,333.0,359.7,333.0,359.7,10.0,565349.0,430.4,318.4
UPCL,7/26/2021,366.8,389.0,360.0,376.8,4.75,659925.0,430.4,318.4
UPCL,7/27/2021,380.0,414.4,372.4,414.4,9.98,599056.0,430.4,318.4
UPCL,7/28/2021,422.6,449.1,405.0,414.0,-0.1,608940.0,430.4,318.4
UPCL,7/29/2021,412.0,420.0,395.0,412.0,-0.48,401455.0,430.4,318.4
UPCL,8/1/2021,412.0,453.2,405.0,453.2,10.0,670967.0,430.4,318.4
UPCL,8/2/2021,462.2,498.5,462.2,494.0,9.0,725089.0,430.4,318.4
UPCL,8/3/2021,498.0,506.0,471.0,499.0,1.01,433581.0,430.4,318.4
UPCL,8/4/2021,508.9,540.0,490.0,530.0,6.21,657362.0,430.4,318.4
UPCL,8/5/2021,540.0,540.0,493.0,494.0,-6.79,502885.0,430.4,318.4
UPCL,8/8/2021,494.0,543.4,480.0,543.4,10.0,1035032.0,430.4,318.4
UPCL,8/9/2021,554.2,588.0,550.0,555.5,2.23,480825.0,430.4,318.4
UPCL,8/10/2021,560.0,570.0,524.9,532.0,-4.23,402848.0,430.4,318.4
UPCL,8/11/2021,530.0,557.0,527.0,541.0,1.69,369703.0,430.4,318.4
UPCL,8/12/2021,551.8,555.0,530.0,539.0,-0.37,387777.0,430.4,318.4
UPCL,8/15/2021,528.3,537.0,488.0,512.0,-5.01,450925.0,430.4,318.4
UPCL,8/16/2021,514.0,558.0,502.0,555.0,8.4,505434.0,430.4,318.4
UPCL,8/17/2021,555.0,603.0,555.0,586.0,5.59,495685.0,430.4,318.4
UPCL,8/18/2021,597.7,635.0,590.0,610.0,4.1,547087.0,430.4,318.4
UPCL,8/19/2021,605.0,624.0,572.1,575.0,-5.74,464681.0,430.4,318.4
UPCL,8/24/2021,568.0,568.0,517.5,517.5,-10.0,438255.0,430.4,318.4
UPCL,8/25/2021,508.0,544.0,481.1,504.0,-2.61,380911.0,430.4,318.4
UPCL,8/26/2021,513.0,552.0,506.0,525.0,4.17,264160.0,430.4,318.4
UPCL,8/29/2021,515.0,549.8,515.0,522.0,-0.57,301024.0,430.4,318.4
UPCL,8/31/2021,532.0,532.0,499.5,503.0,-3.64,262782.0,430.4,318.4
UPCL,9/1/2021,503.0,522.0,492.0,503.0,0.0,165488.0,430.4,318.4
UPCL,9/2/2021,513.0,515.0,480.0,483.0,-3.98,138954.0,430.4,318.4
UPCL,9/5/2021,473.4,475.0,434.7,434.7,-10.0,232564.0,430.4,318.4
UPCL,9/6/2021,430.0,478.1,413.0,478.1,9.98,174961.0,430.4,318.4
UPCL,9/7/2021,487.6,514.0,452.8,484.0,1.23,129419.0,430.4,318.4
UPCL,9/8/2021,490.0,532.3,473.0,521.0,7.64,454711.0,430.4,318.4
UPCL,9/9/2021,521.0,545.0,521.0,535.0,2.69,234829.0,430.4,318.4
UPCL,9/12/2021,545.7,571.9,540.0,546.0,2.06,174683.0,430.4,318.4
UPCL,9/13/2021,556.9,556.9,514.0,518.0,-5.13,191467.0,430.4,318.4
UPCL,9/14/2021,528.0,528.0,506.0,510.0,-1.54,109367.0,430.4,318.4
UPCL,9/15/2021,510.0,517.0,488.0,492.0,-3.53,97036.0,430.4,318.4
UPCL,9/16/2021,482.2,489.0,455.0,463.0,-5.89,208442.0,430.4,318.4
UPCL,9/20/2021,465.0,473.0,418.0,423.0,-8.64,185850.0,430.4,318.4
UPCL,9/21/2021,423.0,461.9,401.0,435.0,2.84,148008.0,430.4,318.4
UPCL,9/22/2021,443.7,478.5,443.7,478.5,10.0,135298.0,430.4,318.4
UPCL,9/23/2021,488.0,494.9,456.0,460.0,-3.87,98180.0,430.4,318.4
UPCL,9/26/2021,461.0,469.2,431.2,433.0,-5.87,140008.0,430.4,318.4
UPCL,9/27/2021,441.6,468.0,411.0,416.0,-3.93,154966.0,430.4,318.4
UPCL,9/28/2021,408.0,425.0,393.0,398.5,-4.21,134417.0,430.4,318.4
UPCL,9/29/2021,398.5,425.0,377.0,419.5,5.27,146500.0,430.4,318.4
UPCL,9/30/2021,421.0,427.0,392.0,398.0,-5.13,71102.0,430.4,318.4
UPCL,10/3/2021,395.0,396.0,369.0,370.0,-7.04,131240.0,430.4,318.4
UPCL,10/4/2021,365.0,385.0,349.3,354.0,-4.32,93567.0,430.4,318.4
UPCL,10/5/2021,360.9,372.0,352.1,369.0,4.24,64268.0,430.4,318.4
UPCL,10/6/2021,375.0,389.0,367.5,372.0,0.81,63349.0,430.4,318.4
UPCL,10/10/2021,379.4,385.9,351.0,355.0,-4.57,73209.0,430.4,318.4
UPCL,10/11/2021,362.1,362.1,332.0,342.9,-3.41,62706.0,430.4,318.4
UPCL,10/17/2021,349.7,356.6,324.0,342.9,0.0,18213.0,430.4,318.4
UPCL,10/18/2021,336.1,341.0,310.5,318.0,-7.26,67101.0,430.4,318.4
UPCL,10/19/2021,318.0,319.0,287.0,298.0,-6.29,140411.0,430.4,318.4
UPCL,10/20/2021,303.9,327.8,303.9,327.8,10.0,107904.0,430.4,318.4
UPCL,10/21/2021,334.3,340.0,316.0,323.4,-1.34,51393.0,430.4,318.4
UPCL,10/24/2021,323.4,347.0,317.0,339.0,4.82,105830.0,430.4,318.4
UPCL,10/25/2021,345.0,372.9,342.0,372.9,10.0,161558.0,430.4,318.4
UPCL,10/26/2021,380.0,410.1,379.0,410.0,9.95,160578.0,430.4,318.4
UPCL,10/27/2021,415.0,433.5,391.0,415.0,1.22,199840.0,430.4,318.4
UPCL,10/28/2021,406.8,427.0,399.0,424.0,2.17,170644.0,430.4,318.4
UPCL,10/31/2021,432.0,463.0,420.1,456.1,7.57,163602.0,430.4,318.4
UPCL,11/1/2021,464.0,470.0,439.0,441.0,-3.31,161455.0,430.4,318.4
UPCL,11/2/2021,433.0,458.8,425.0,455.0,3.17,80813.0,430.4,318.4
UPCL,11/3/2021,460.0,464.0,443.0,444.0,-2.42,83657.0,430.4,318.4
UPCL,11/8/2021,452.0,461.0,430.0,439.0,-1.13,51717.0,430.4,318.4
UPCL,11/9/2021,434.0,434.1,401.8,409.0,-6.83,161480.0,430.4,318.4
UPCL,11/11/2021,401.0,407.0,387.0,390.0,-4.65,126873.0,430.4,318.4
UPCL,11/14/2021,390.0,405.0,383.0,393.0,0.77,77162.0,430.4,318.4
UPCL,11/15/2021,400.8,418.2,400.0,412.0,4.83,113572.0,430.4,318.4
UPCL,11/16/2021,420.2,437.0,409.0,432.0,4.85,138516.0,430.4,318.4
UPCL,11/17/2021,440.0,456.3,425.0,440.0,1.85,129035.0,430.4,318.4
UPCL,11/18/2021,440.0,440.0,421.0,430.0,-2.27,130423.0,430.4,318.4
UPCL,11/21/2021,421.4,435.0,414.0,421.0,-2.09,72378.0,430.4,318.4
UPCL,11/22/2021,422.0,429.0,415.2,416.0,-1.19,36713.0,430.4,318.4
UPCL,11/23/2021,424.0,424.0,397.0,400.0,-3.85,117157.0,430.4,318.4
UPCL,11/24/2021,395.1,415.0,390.0,410.1,2.52,87870.0,430.4,318.4
UPCL,11/25/2021,418.0,420.0,407.0,407.0,-0.76,53439.0,430.4,318.4
UPCL,11/28/2021,398.9,405.9,381.3,385.0,-5.41,117288.0,430.4,318.4
UPCL,11/29/2021,385.0,402.0,382.0,392.0,1.82,70308.0,430.4,318.4
UPCL,11/30/2021,398.9,399.0,382.5,392.0,0.0,54465.0,430.4,318.4
UPCL,12/1/2021,399.0,402.8,387.4,389.6,-0.61,40026.0,430.4,318.4
UPCL,12/2/2021,397.3,399.0,376.0,376.4,-3.39,64345.0,430.4,318.4
UPCL,12/5/2021,380.0,383.0,355.0,364.0,-3.29,76076.0,430.4,318.4
UPCL,12/6/2021,360.0,383.5,348.0,383.0,5.22,142721.0,430.4,318.4
UPCL,12/7/2021,385.0,395.0,365.0,373.0,-2.61,66382.0,430.4,318.4
UPCL,12/8/2021,380.0,380.0,354.0,356.0,-4.56,51091.0,430.4,318.4
UPCL,12/9/2021,357.0,371.0,350.1,367.0,3.09,56297.0,430.4,318.4
UPCL,12/12/2021,361.0,361.0,342.2,343.0,-6.54,57692.0,430.4,318.4
UPCL,12/13/2021,337.0,347.8,313.6,316.0,-7.87,105616.0,430.4,318.4
UPCL,12/14/2021,322.3,347.6,321.0,347.6,10.0,61728.0,430.4,318.4
UPCL,12/15/2021,354.5,380.0,340.0,350.0,0.69,101188.0,430.4,318.4
UPCL,12/16/2021,354.0,360.0,333.3,333.3,-4.77,44248.0,430.4,318.4
UPCL,12/20/2021,333.3,339.9,321.0,322.0,-3.39,50206.0,430.4,318.4
UPCL,12/21/2021,328.4,345.0,323.0,340.0,5.59,30251.0,430.4,318.4
UPCL,12/22/2021,346.8,365.0,342.1,363.0,6.76,70722.0,430.4,318.4
UPCL,12/23/2021,370.0,383.0,350.0,368.0,1.38,151892.0,430.4,318.4
UPCL,12/26/2021,372.0,375.3,355.5,361.1,-1.87,77876.0,430.4,318.4
UPCL,12/27/2021,360.0,375.0,340.1,340.1,-5.82,90857.0,430.4,318.4
UPCL,12/28/2021,336.1,355.0,333.3,347.0,2.03,61545.0,430.4,318.4
UPCL,12/29/2021,347.0,354.0,341.0,343.0,-1.15,31544.0,430.4,318.4
UPCL,1/2/2022,349.8,356.7,340.0,343.0,0.0,37079.0,430.4,318.4
UPCL,1/3/2022,349.0,355.0,343.5,344.0,0.29,36798.0,430.4,318.4
UPCL,1/4/2022,350.0,360.0,343.0,357.0,3.78,44737.0,430.4,318.4
UPCL,1/5/2022,362.0,372.4,351.0,361.0,1.12,80418.0,430.4,318.4
UPCL,1/6/2022,361.0,367.2,356.0,366.1,1.41,52079.0,430.4,318.4
UPCL,1/9/2022,373.0,388.0,373.0,386.8,5.65,129321.0,430.4,318.4
UPCL,1/10/2022,387.0,399.0,378.0,380.0,-1.76,140860.0,430.4,318.4
UPCL,1/11/2022,372.4,405.0,372.4,398.9,4.97,182510.0,430.4,318.4
UPCL,1/12/2022,400.0,420.0,395.0,396.0,-0.73,184915.0,430.4,318.4
UPCL,1/13/2022,403.9,419.0,394.0,419.0,5.81,178068.0,430.4,318.4
UPCL,1/16/2022,427.3,439.0,421.0,426.3,1.74,125445.0,430.4,318.4
UPCL,1/17/2022,434.8,434.8,415.0,429.5,0.75,155898.0,430.4,318.4
UPCL,1/18/2022,434.0,434.0,412.0,417.8,-2.72,198140.0,430.4,318.4
UPCL,1/19/2022,426.1,426.1,404.0,413.9,-0.93,117225.0,430.4,318.4
UPCL,1/20/2022,422.1,425.0,406.0,424.9,2.66,102241.0,430.4,318.4
UPCL,1/23/2022,429.0,433.0,412.0,417.0,-1.86,105021.0,430.4,318.4
UPCL,1/24/2022,425.3,425.3,391.3,395.0,-5.28,196262.0,430.4,318.4
UPCL,1/25/2022,402.9,407.0,385.0,395.0,0.0,120367.0,430.4,318.4
UPCL,1/26/2022,400.0,402.0,380.2,387.0,-2.03,93872.0,430.4,318.4
UPCL,1/27/2022,380.0,394.0,380.0,384.8,-0.57,67661.0,430.4,318.4
UPCL,1/30/2022,392.4,415.0,392.4,413.0,7.33,113920.0,430.4,318.4
UPCL,1/31/2022,419.9,419.9,399.0,404.0,-2.18,54356.0,430.4,318.4
UPCL,2/1/2022,412.0,425.0,395.0,419.0,3.71,199505.0,430.4,318.4
UPCL,2/3/2022,425.1,434.9,416.0,418.0,-0.24,196356.0,430.4,318.4
UPCL,2/6/2022,419.0,419.0,401.6,403.5,-3.47,102658.0,430.4,318.4
UPCL,2/7/2022,403.5,413.0,400.0,410.0,1.61,92088.0,430.4,318.4
UPCL,2/8/2022,418.2,426.3,395.1,395.1,-3.63,121052.0,430.4,318.4
UPCL,2/9/2022,390.0,405.0,390.0,395.0,-0.03,55840.0,430.4,318.4
UPCL,2/10/2022,394.0,402.0,391.0,393.5,-0.38,51629.0,430.4,318.4
UPCL,2/13/2022,390.0,390.0,370.0,375.0,-4.7,105262.0,430.4,318.4
UPCL,2/14/2022,380.0,387.0,371.0,379.0,1.07,72542.0,430.4,318.4
UPCL,2/15/2022,386.5,397.0,372.0,393.9,3.93,58087.0,430.4,318.4
UPCL,2/16/2022,401.7,401.7,376.4,381.9,-3.05,59519.0,430.4,318.4
UPCL,2/17/2022,389.5,389.5,375.0,378.0,-1.02,38208.0,430.4,318.4
UPCL,2/20/2022,385.5,386.0,368.0,375.0,-0.79,71332.0,430.4,318.4
UPCL,2/21/2022,382.5,385.0,373.2,379.0,1.07,49526.0,430.4,318.4
UPCL,2/22/2022,386.5,386.9,377.0,378.5,-0.13,48439.0,430.4,318.4
UPCL,2/23/2022,386.0,393.0,379.0,386.0,1.98,81360.0,430.4,318.4
UPCL,2/24/2022,393.7,393.7,360.0,364.0,-5.7,95968.0,430.4,318.4
UPCL,2/27/2022,357.0,385.0,344.0,375.0,3.02,563965.0,430.4,318.4
UPCL,2/28/2022,382.5,393.0,360.1,360.8,-3.79,298533.0,430.4,318.4
UPCL,3/2/2022,360.0,360.0,340.0,341.0,-5.49,148910.0,430.4,318.4
UPCL,3/6/2022,344.0,345.0,325.4,328.0,-3.81,172405.0,430.4,318.4
UPCL,3/7/2022,334.0,334.0,315.1,317.0,-3.35,118133.0,430.4,318.4
UPCL,3/9/2022,316.0,321.8,302.9,303.0,-4.42,129381.0,430.4,318.4
UPCL,3/10/2022,303.9,329.0,299.1,327.0,7.92,140150.0,430.4,318.4
UPCL,3/13/2022,332.0,347.0,328.0,338.0,3.36,179548.0,430.4,318.4
UPCL,3/14/2022,338.0,344.0,331.3,333.3,-1.39,49698.0,430.4,318.4
UPCL,3/15/2022,339.9,339.9,326.0,330.0,-0.99,70812.0,430.4,318.4
UPCL,3/16/2022,336.0,336.0,321.0,324.0,-1.82,72992.0,430.4,318.4
UPCL,3/20/2022,330.0,330.4,318.1,321.0,-0.93,71152.0,430.4,318.4
UPCL,3/21/2022,322.1,338.0,318.0,335.0,4.36,94159.0,430.4,318.4
UPCL,3/22/2022,339.9,340.0,327.0,330.0,-1.49,87066.0,430.4,318.4
UPCL,3/23/2022,328.0,332.0,325.0,325.7,-1.3,70424.0,430.4,318.4
UPCL,3/24/2022,329.0,329.0,318.0,319.0,-2.06,68981.0,430.4,318.4
UPCL,3/27/2022,319.0,319.5,305.2,306.0,-4.08,100488.0,430.4,318.4
UPCL,3/28/2022,310.0,313.0,300.0,303.4,-0.85,99030.0,430.4,318.4
UPCL,3/29/2022,304.0,309.9,300.1,304.0,0.2,72312.0,430.4,318.4
UPCL,3/30/2022,310.0,315.0,300.1,315.0,3.62,84871.0,430.4,318.4
UPCL,3/31/2022,320.0,320.0,302.0,303.0,-3.81,62167.0,430.4,318.4
UPCL,4/3/2022,303.0,310.0,299.0,302.0,-0.33,44911.0,430.4,318.4
UPCL,4/4/2022,305.0,306.0,297.1,300.0,-0.66,68866.0,430.4,318.4
UPCL,4/5/2022,297.0,300.0,290.0,290.0,-3.33,98645.0,430.4,318.4
UPCL,4/6/2022,290.0,299.0,281.0,283.9,-2.1,60152.0,430.4,318.4
UPCL,4/7/2022,285.0,294.9,282.0,286.0,0.74,74490.0,430.4,318.4
UPCL,4/11/2022,291.7,300.0,277.0,280.0,-2.1,89880.0,430.4,318.4
UPCL,4/12/2022,285.0,289.0,269.0,271.5,-3.04,57855.0,430.4,318.4
UPCL,4/13/2022,270.0,280.0,266.0,272.0,0.18,55321.0,430.4,318.4
UPCL,4/17/2022,276.9,278.0,263.0,264.0,-2.94,61034.0,430.4,318.4
UPCL,4/18/2022,258.8,264.4,247.0,248.3,-5.95,69815.0,430.4,318.4
UPCL,4/19/2022,252.0,262.1,239.0,248.0,-0.12,75744.0,430.4,318.4
UPCL,4/20/2022,249.0,256.9,237.5,238.5,-3.83,54105.0,430.4,318.4
UPCL,4/21/2022,240.0,243.2,228.0,238.0,-0.21,59319.0,430.4,318.4
UPCL,4/24/2022,242.7,261.8,238.0,261.8,10.0,99403.0,430.4,318.4
UPCL,4/25/2022,267.0,281.0,250.0,262.0,0.08,135007.0,430.4,318.4
UPCL,4/26/2022,260.0,271.0,254.0,260.0,-0.76,50000.0,430.4,318.4
UPCL,4/27/2022,260.0,263.8,252.0,260.0,0.0,58714.0,430.4,318.4
UPCL,4/28/2022,264.0,267.1,254.9,256.0,-1.54,52749.0,430.4,318.4
UPCL,5/2/2022,252.0,256.0,237.2,242.0,-5.47,72614.0,430.4,318.4
UPCL,5/4/2022,243.0,248.8,232.0,234.8,-2.98,46306.0,430.4,318.4
UPCL,5/5/2022,233.0,240.0,224.9,226.0,-3.75,71251.0,430.4,318.4
UPCL,5/8/2022,226.0,241.0,218.7,235.0,3.98,58040.0,430.4,318.4
UPCL,5/9/2022,239.7,242.2,233.0,233.7,-0.55,60485.0,430.4,318.4
UPCL,5/10/2022,237.0,257.0,235.0,257.0,9.97,80309.0,430.4,318.4
UPCL,5/11/2022,262.1,282.7,261.8,282.7,10.0,164676.0,430.4,318.4
UPCL,5/12/2022,288.0,293.5,272.0,277.0,-2.02,117702.0,430.4,318.4
UPCL,5/17/2022,271.8,271.8,250.0,252.0,-9.03,92871.0,430.4,318.4
UPCL,5/18/2022,252.0,266.0,236.0,265.1,5.2,91802.0,430.4,318.4
UPCL,5/19/2022,266.0,270.0,255.0,255.0,-3.81,52240.0,430.4,318.4
UPCL,5/20/2022,250.0,262.1,250.0,255.0,0.0,40945.0,430.4,318.4
UPCL,5/23/2022,251.1,254.0,246.0,247.0,-3.14,49145.0,430.4,318.4
UPCL,5/24/2022,251.9,260.0,240.1,253.0,2.43,76247.0,430.4,318.4
UPCL,5/25/2022,258.0,262.5,253.0,255.0,0.79,32823.0,430.4,318.4
UPCL,5/26/2022,255.0,260.1,254.0,256.0,0.39,34591.0,430.4,318.4
UPCL,5/27/2022,256.3,260.9,246.4,249.0,-2.73,53368.0,430.4,318.4
UPCL,5/30/2022,250.0,253.8,240.1,242.0,-2.81,49486.0,430.4,318.4
UPCL,5/31/2022,240.0,245.8,238.0,241.0,-0.41,46558.0,430.4,318.4
UPCL,6/1/2022,244.0,247.9,237.3,243.0,0.83,42429.0,430.4,318.4
UPCL,6/2/2022,245.0,249.5,242.3,244.0,0.41,42531.0,430.4,318.4
UPCL,6/3/2022,246.8,246.9,239.3,240.1,-1.6,40939.0,430.4,318.4
UPCL,6/6/2022,244.0,247.6,239.0,239.0,-0.46,41872.0,430.4,318.4
UPCL,6/7/2022,239.0,242.0,233.0,234.0,-2.09,29510.0,430.4,318.4
UPCL,6/8/2022,236.0,250.0,235.2,243.2,3.93,54678.0,430.4,318.4
UPCL,6/9/2022,247.9,252.8,239.2,241.0,-0.9,51408.0,430.4,318.4
UPCL,6/10/2022,245.8,245.8,237.0,237.3,-1.54,26505.0,430.4,318.4
UPCL,6/13/2022,236.0,239.4,234.1,235.0,-0.97,21732.0,430.4,318.4
UPCL,6/14/2022,231.0,235.6,231.0,231.6,-1.45,36709.0,430.4,318.4
UPCL,6/15/2022,233.0,233.0,221.0,222.5,-3.93,46580.0,430.4,318.4
UPCL,6/16/2022,220.0,229.9,215.6,227.0,2.02,58031.0,430.4,318.4
UPCL,6/17/2022,227.9,228.5,223.0,223.0,-1.76,17124.0,430.4,318.4
UPCL,6/19/2022,222.9,225.0,208.2,209.0,-6.28,43944.0,430.4,318.4
UPCL,6/20/2022,206.1,206.8,192.1,192.2,-8.04,106802.0,430.4,318.4
UPCL,6/21/2022,195.0,207.9,192.1,200.0,4.06,50207.0,430.4,318.4
UPCL,6/22/2022,204.0,204.0,192.6,194.9,-2.55,46782.0,430.4,318.4
UPCL,6/23/2022,191.1,191.1,178.9,186.0,-4.57,150723.0,430.4,318.4
UPCL,6/24/2022,183.0,200.0,175.9,191.0,2.69,67249.0,430.4,318.4
UPCL,6/26/2022,194.8,210.1,194.0,210.1,10.0,121634.0,430.4,318.4
UPCL,6/27/2022,210.0,219.0,204.0,204.5,-2.67,152281.0,430.4,318.4
UPCL,6/28/2022,200.5,206.4,195.1,198.8,-2.79,67085.0,430.4,318.4
UPCL,6/29/2022,199.9,211.9,196.3,211.9,6.59,91861.0,430.4,318.4
UPCL,6/30/2022,212.0,230.0,208.0,225.1,6.23,153854.0,430.4,318.4
UPCL,7/1/2022,227.0,230.0,218.7,223.5,-0.71,48864.0,430.4,318.4
UPCL,7/3/2022,225.0,241.0,220.0,235.0,5.15,128960.0,430.4,318.4
UPCL,7/4/2022,235.0,254.7,226.0,233.0,-0.85,237869.0,430.4,318.4
UPCL,7/5/2022,229.0,246.8,223.2,226.0,-3.0,109531.0,430.4,318.4
UPCL,7/6/2022,226.0,234.0,220.0,230.0,1.77,92657.0,430.4,318.4
UPCL,7/7/2022,234.6,242.0,225.0,227.9,-0.91,79166.0,430.4,318.4
UPCL,7/8/2022,232.0,232.0,219.0,219.2,-3.82,60528.0,430.4,318.4
UPCL,7/11/2022,215.0,223.0,206.8,207.7,-5.25,114091.0,430.4,318.4
UPCL,7/12/2022,211.0,216.9,204.0,213.0,2.55,71795.0,430.4,318.4
UPCL,7/13/2022,217.2,231.0,214.0,229.0,7.51,90208.0,430.4,318.4
UPCL,7/14/2022,233.0,238.0,224.5,230.0,0.44,91899.0,430.4,318.4
UPCL,7/15/2022,231.5,232.0,227.2,227.8,-0.96,31918.0,430.4,318.4
UPCL,7/17/2022,228.0,232.5,224.1,229.8,0.88,60947.0,430.4,318.4
UPCL,7/18/2022,233.0,233.5,225.5,230.6,0.35,59813.0,430.4,318.4
UPCL,7/19/2022,235.0,244.6,231.3,239.0,3.64,190537.0,430.4,318.4
UPCL,7/20/2022,234.4,244.8,234.4,236.5,-1.05,81191.0,430.4,318.4
UPCL,7/21/2022,236.7,239.9,232.0,232.2,-1.82,61624.0,430.4,318.4
UPCL,7/22/2022,232.0,236.0,226.2,226.4,-2.5,72556.0,430.4,318.4
UPCL,7/24/2022,221.9,241.0,221.9,240.0,6.01,97883.0,430.4,318.4
UPCL,7/25/2022,240.0,255.0,237.2,251.0,4.58,230228.0,430.4,318.4
UPCL,7/26/2022,255.0,258.8,244.0,244.0,-2.79,236651.0,430.4,318.4
UPCL,7/27/2022,241.0,266.0,239.5,265.9,8.98,328728.0,430.4,318.4
UPCL,7/28/2022,269.9,283.5,260.1,270.0,1.54,321568.0,430.4,318.4
UPCL,7/29/2022,272.7,280.0,265.0,272.0,0.74,138511.0,430.4,318.4
UPCL,7/31/2022,272.0,278.0,268.0,276.7,1.73,193155.0,430.4,318.4
UPCL,8/1/2022,282.2,293.0,271.5,284.9,2.96,295568.0,430.4,318.4
UPCL,8/2/2022,290.0,290.0,275.1,281.0,-1.37,169759.0,430.4,318.4
UPCL,8/3/2022,284.5,295.0,279.0,281.0,0.0,300750.0,430.4,318.4
UPCL,8/4/2022,286.0,286.0,274.0,274.0,-2.49,281367.0,430.4,318.4
UPCL,8/5/2022,274.0,282.0,269.0,277.0,1.09,200638.0,430.4,318.4
UPCL,8/7/2022,280.0,287.7,277.7,282.0,1.81,133053.0,430.4,318.4
UPCL,8/8/2022,286.9,289.0,277.0,277.0,-1.77,191219.0,430.4,318.4
UPCL,8/9/2022,278.0,279.0,261.0,262.1,-5.38,144070.0,430.4,318.4
UPCL,8/10/2022,258.0,269.6,252.5,264.0,0.72,115851.0,430.4,318.4
UPCL,8/11/2022,267.9,268.2,257.0,257.0,-2.65,100620.0,430.4,318.4
UPCL,8/14/2022,254.0,260.5,248.1,248.5,-3.31,84521.0,430.4,318.4
UPCL,8/15/2022,249.5,272.5,249.5,271.0,9.05,168593.0,430.4,318.4
UPCL,8/16/2022,276.4,276.4,260.0,260.2,-3.99,172072.0,430.4,318.4
UPCL,8/17/2022,264.4,268.5,260.0,263.0,1.08,80784.0,430.4,318.4
UPCL,8/18/2022,264.0,271.2,261.2,268.0,1.9,105931.0,430.4,318.4
UPCL,8/21/2022,270.0,273.0,261.8,262.0,-2.24,53259.0,430.4,318.4
UPCL,8/22/2022,260.0,265.0,258.0,264.0,0.76,34549.0,430.4,318.4
UPCL,8/23/2022,267.8,267.8,261.5,262.0,-0.76,66159.0,430.4,318.4
UPCL,8/24/2022,262.0,266.3,259.0,259.5,-0.95,54413.0,430.4,318.4
UPCL,8/25/2022,259.2,264.7,254.0,257.0,-0.96,71622.0,430.4,318.4
UPCL,8/26/2022,252.0,253.5,244.0,248.0,-3.5,151771.0,430.4,318.4
UPCL,8/28/2022,246.0,247.8,235.2,238.0,-4.03,176831.0,430.4,318.4
UPCL,8/29/2022,234.0,244.0,233.4,243.0,2.1,69819.0,430.4,318.4
UPCL,8/30/2022,243.0,245.0,238.2,239.0,-1.65,39561.0,430.4,318.4
UPCL,8/31/2022,238.0,241.0,230.1,230.2,-3.68,36872.0,430.4,318.4
UPCL,9/1/2022,227.2,236.5,222.0,233.0,1.22,116739.0,430.4,318.4
UPCL,9/2/2022,236.0,236.9,229.0,229.0,-1.72,29374.0,430.4,318.4
UPCL,9/4/2022,233.4,238.0,230.6,235.0,2.62,46831.0,430.4,318.4
UPCL,9/5/2022,237.9,239.7,230.3,232.3,-1.15,31027.0,430.4,318.4
UPCL,9/6/2022,231.0,235.0,223.0,225.0,-3.14,62117.0,430.4,318.4
UPCL,9/7/2022,220.5,243.0,218.2,221.1,-1.73,73744.0,430.4,318.4
UPCL,9/8/2022,223.9,232.0,218.1,227.0,2.67,76548.0,430.4,318.4
UPCL,9/11/2022,222.5,232.9,222.5,224.3,-1.19,39389.0,430.4,318.4
UPCL,9/12/2022,219.9,228.0,219.9,222.5,-0.8,49196.0,430.4,318.4
UPCL,9/13/2022,226.9,234.5,222.5,232.9,4.67,61194.0,430.4,318.4
UPCL,9/14/2022,235.9,247.4,231.5,244.0,4.77,107743.0,430.4,318.4
UPCL,9/15/2022,248.7,248.7,225.0,227.9,-6.6,182200.0,430.4,318.4
UPCL,9/16/2022,223.4,227.0,215.1,225.0,-1.27,47556.0,430.4,318.4
UPCL,9/18/2022,227.0,229.5,216.1,217.8,-3.2,81663.0,430.4,318.4
UPCL,9/20/2022,215.0,216.5,210.0,213.0,-2.2,59313.0,430.4,318.4
UPCL,9/21/2022,213.0,219.5,210.0,215.5,1.17,36402.0,430.4,318.4
UPCL,9/22/2022,211.2,219.8,210.0,211.0,-2.09,23376.0,430.4,318.4
UPCL,9/25/2022,208.0,210.0,201.0,202.0,-4.27,46039.0,430.4,318.4
UPCL,9/27/2022,205.0,213.0,202.0,210.0,3.96,40312.0,430.4,318.4
UPCL,9/28/2022,214.2,214.2,204.1,206.9,-1.48,23896.0,430.4,318.4
UPCL,9/29/2022,210.0,210.0,203.9,206.0,-0.43,23747.0,430.4,318.4
UPCL,10/9/2022,209.0,214.9,208.0,214.0,3.88,19444.0,430.4,318.4
UPCL,10/10/2022,217.0,218.2,207.0,209.0,-2.34,31981.0,430.4,318.4
UPCL,10/11/2022,207.0,208.0,206.0,206.0,-1.44,19137.0,430.4,318.4
UPCL,10/12/2022,210.0,217.0,202.2,214.5,4.13,32676.0,430.4,318.4
UPCL,10/13/2022,215.0,217.0,209.0,212.0,-1.17,45701.0,430.4,318.4
UPCL,10/16/2022,208.0,214.9,206.0,209.0,-1.42,37731.0,430.4,318.4
UPCL,10/17/2022,206.1,209.0,205.1,207.0,-0.96,25460.0,430.4,318.4
UPCL,10/19/2022,207.0,207.0,200.0,200.0,-3.38,55489.0,430.4,318.4
UPCL,10/20/2022,202.0,203.0,197.0,200.8,0.4,19940.0,430.4,318.4
UPCL,10/23/2022,200.0,204.0,197.1,200.0,-0.4,11792.0,430.4,318.4
UPCL,10/31/2022,200.0,202.0,197.0,200.0,0.0,22466.0,430.4,318.4
UPCL,11/1/2022,202.0,218.8,201.1,218.0,9.0,88381.0,430.4,318.4
UPCL,11/2/2022,219.9,232.5,214.0,225.0,3.21,112571.0,430.4,318.4
UPCL,11/3/2022,225.0,228.4,220.0,222.0,-1.33,65737.0,430.4,318.4
UPCL,11/6/2022,225.0,233.9,218.0,233.0,4.95,70525.0,430.4,318.4
UPCL,11/7/2022,236.0,239.1,228.0,229.9,-1.33,106572.0,430.4,318.4
UPCL,11/8/2022,226.5,231.6,225.0,227.0,-1.26,53715.0,430.4,318.4
UPCL,11/9/2022,227.0,227.0,211.1,214.0,-5.73,96504.0,430.4,318.4
UPCL,11/10/2022,217.0,218.0,208.2,211.8,-1.03,86047.0,430.4,318.4
UPCL,11/13/2022,211.0,213.8,207.3,208.0,-1.79,39551.0,430.4,318.4
UPCL,11/14/2022,206.2,217.8,206.2,217.7,4.66,49221.0,430.4,318.4
UPCL,11/15/2022,215.6,219.0,211.0,211.0,-3.08,40799.0,430.4,318.4
UPCL,11/16/2022,213.0,219.0,210.5,214.1,1.47,59891.0,430.4,318.4
UPCL,11/17/2022,209.9,226.0,209.9,223.0,4.16,97142.0,430.4,318.4
UPCL,11/22/2022,225.5,230.0,218.0,218.4,-2.06,78316.0,430.4,318.4
UPCL,11/23/2022,214.2,219.7,214.2,217.4,-0.46,36362.0,430.4,318.4
UPCL,11/24/2022,215.1,223.0,215.1,222.0,2.12,40890.0,430.4,318.4
UPCL,11/27/2022,225.0,229.9,220.0,228.0,2.7,98570.0,430.4,318.4
UPCL,11/28/2022,229.7,231.9,220.5,224.0,-1.75,74444.0,430.4,318.4
UPCL,11/29/2022,227.0,227.0,219.1,224.0,0.0,105968.0,430.4,318.4
UPCL,11/30/2022,221.1,224.0,220.0,223.0,-0.45,38227.0,430.4,318.4
UPCL,12/1/2022,218.6,226.4,218.6,221.9,-0.49,48700.0,430.4,318.4
UPCL,12/4/2022,217.5,226.0,217.5,220.5,-0.63,54491.0,430.4,318.4
UPCL,12/5/2022,218.3,223.0,215.4,216.8,-1.68,66975.0,430.4,318.4
UPCL,12/6/2022,212.5,219.2,212.5,216.0,-0.37,29787.0,430.4,318.4
UPCL,12/7/2022,212.2,219.0,212.2,216.0,0.0,28985.0,430.4,318.4
UPCL,12/11/2022,211.7,216.4,210.0,211.9,-1.9,59516.0,430.4,318.4
UPCL,12/12/2022,207.7,218.7,207.7,218.7,3.21,44329.0,430.4,318.4
UPCL,12/13/2022,214.4,218.0,214.4,216.4,-1.05,21168.0,430.4,318.4
UPCL,12/14/2022,212.5,218.8,212.1,214.1,-1.06,11533.0,430.4,318.4
UPCL,12/15/2022,218.3,218.3,210.1,210.5,-1.68,34413.0,430.4,318.4
UPCL,12/18/2022,207.5,212.0,205.0,206.4,-1.95,36226.0,430.4,318.4
UPCL,12/19/2022,206.0,210.0,204.6,208.0,0.78,22723.0,430.4,318.4
UPCL,12/20/2022,208.0,212.0,206.0,207.8,-0.1,19674.0,430.4,318.4
UPCL,12/21/2022,208.9,209.0,205.0,206.9,-0.43,18803.0,430.4,318.4
UPCL,12/22/2022,203.6,207.0,203.6,205.9,-0.48,23845.0,430.4,318.4
UPCL,12/26/2022,208.0,224.0,208.0,223.9,8.74,103112.0,430.4,318.4
UPCL,12/27/2022,223.9,235.0,223.8,231.0,3.17,233186.0,430.4,318.4
UPCL,12/28/2022,235.6,235.6,223.0,226.9,-1.77,135707.0,430.4,318.4
UPCL,12/29/2022,231.4,237.0,224.1,233.4,2.86,116553.0,430.4,318.4
UPCL,1/1/2023,238.0,243.3,233.0,237.4,1.71,234115.0,430.4,318.4
UPCL,1/2/2023,237.0,255.0,234.0,254.0,6.99,318763.0,430.4,318.4
UPCL,1/3/2023,256.9,257.0,243.4,246.0,-3.15,173844.0,430.4,318.4
UPCL,1/4/2023,248.0,260.0,244.0,256.0,4.07,221654.0,430.4,318.4
UPCL,1/5/2023,261.1,261.1,249.0,253.3,-1.05,169256.0,430.4,318.4
UPCL,1/8/2023,258.3,263.1,248.2,254.0,0.28,181354.0,430.4,318.4
UPCL,1/9/2023,254.0,274.6,254.0,272.1,7.13,310706.0,430.4,318.4
UPCL,1/10/2023,277.5,290.0,265.0,268.1,-1.47,538636.0,430.4,318.4
UPCL,1/12/2023,273.4,283.0,260.0,261.2,-2.57,254165.0,430.4,318.4
UPCL,1/17/2023,265.0,274.0,256.0,272.0,4.13,198950.0,430.4,318.4
UPCL,1/18/2023,277.4,286.0,270.2,273.0,0.37,333103.0,430.4,318.4
UPCL,1/19/2023,278.4,278.4,267.1,272.0,-0.37,113914.0,430.4,318.4
UPCL,1/23/2023,275.9,276.0,262.0,263.0,-3.31,94900.0,430.4,318.4
UPCL,1/24/2023,260.0,264.0,254.0,263.0,0.0,133326.0,430.4,318.4
UPCL,1/25/2023,262.0,271.0,262.0,267.0,1.52,109560.0,430.4,318.4
UPCL,1/26/2023,272.3,274.9,266.2,266.2,-0.3,124849.0,430.4,318.4
UPCL,1/29/2023,262.0,270.0,262.0,262.3,-1.47,94783.0,430.4,318.4
UPCL,1/30/2023,265.0,265.0,253.0,253.5,-3.35,130739.0,430.4,318.4
UPCL,1/31/2023,258.0,259.9,249.3,253.0,-0.2,91719.0,430.4,318.4
UPCL,2/1/2023,253.0,257.0,250.5,251.5,-0.59,65997.0,430.4,318.4
UPCL,2/2/2023,256.5,256.5,242.0,245.0,-2.58,94025.0,430.4,318.4
UPCL,2/5/2023,249.0,256.0,241.6,252.4,3.02,127710.0,430.4,318.4
UPCL,2/6/2023,250.0,266.0,248.0,265.0,4.99,206111.0,430.4,318.4
UPCL,2/7/2023,267.0,275.0,265.0,274.0,3.4,213086.0,430.4,318.4
UPCL,2/8/2023,279.4,280.0,267.7,269.0,-1.82,173094.0,430.4,318.4
UPCL,2/9/2023,274.3,274.3,264.0,270.5,0.56,127941.0,430.4,318.4
UPCL,2/12/2023,265.1,267.0,253.7,255.2,-5.66,181118.0,430.4,318.4
UPCL,2/14/2023,258.0,259.0,251.0,254.0,-0.47,81137.0,430.4,318.4
UPCL,2/15/2023,254.0,257.9,250.0,251.0,-1.18,86103.0,430.4,318.4
UPCL,2/16/2023,248.0,254.9,243.2,245.0,-2.39,114623.0,430.4,318.4
UPCL,2/20/2023,245.0,250.9,245.0,247.0,0.82,80651.0,430.4,318.4
UPCL,2/22/2023,250.0,259.5,249.0,259.5,5.06,94693.0,430.4,318.4
UPCL,2/23/2023,256.0,256.0,248.0,251.0,-3.28,74894.0,430.4,318.4
UPCL,2/26/2023,246.0,256.0,236.4,255.0,1.59,157384.0,430.4,318.4
UPCL,2/27/2023,255.0,259.5,243.3,255.0,0.0,141376.0,430.4,318.4
UPCL,2/28/2023,258.9,269.1,256.0,263.0,3.14,286326.0,430.4,318.4
UPCL,3/1/2023,268.2,268.2,255.0,258.0,-1.9,121040.0,430.4,318.4
UPCL,3/2/2023,258.0,258.0,250.1,252.0,-2.33,81397.0,430.4,318.4
UPCL,3/5/2023,248.3,253.0,246.0,246.5,-2.18,85761.0,430.4,318.4
UPCL,3/7/2023,247.0,255.0,245.0,249.0,1.01,52966.0,430.4,318.4
UPCL,3/9/2023,253.9,261.0,253.6,261.0,4.82,112067.0,430.4,318.4
UPCL,3/12/2023,266.2,266.2,252.0,254.0,-2.68,107662.0,430.4,318.4
UPCL,3/13/2023,249.0,256.7,249.0,254.0,0.0,65494.0,430.4,318.4
UPCL,3/14/2023,259.0,259.0,250.0,255.0,0.39,55580.0,430.4,318.4
UPCL,3/15/2023,258.0,258.0,251.0,254.0,-0.39,46342.0,430.4,318.4
UPCL,3/16/2023,252.0,257.0,249.8,253.0,-0.39,67807.0,430.4,318.4
UPCL,3/19/2023,250.1,256.0,250.1,254.0,0.4,55527.0,430.4,318.4
UPCL,3/20/2023,255.5,262.0,254.1,260.0,2.36,87930.0,430.4,318.4
UPCL,3/22/2023,261.0,262.0,253.0,253.4,-2.54,74179.0,430.4,318.4
UPCL,3/23/2023,251.3,254.9,250.0,251.0,-0.95,54989.0,430.4,318.4
UPCL,3/26/2023,251.4,254.0,248.0,249.9,-0.44,68997.0,430.4,318.4
UPCL,3/27/2023,247.0,255.0,246.0,254.0,1.64,70585.0,430.4,318.4
UPCL,3/28/2023,258.0,259.9,252.9,255.0,0.39,77970.0,430.4,318.4
UPCL,3/29/2023,253.0,255.0,251.1,252.9,-0.82,36745.0,430.4,318.4
UPCL,3/30/2023,256.9,256.9,250.1,251.0,-0.75,52530.0,430.4,318.4
UPCL,4/2/2023,255.9,256.0,246.0,247.0,-1.59,55555.0,430.4,318.4
UPCL,4/3/2023,249.0,249.0,244.0,244.1,-1.17,64161.0,430.4,318.4
UPCL,4/4/2023,245.0,247.0,241.3,242.0,-0.86,25968.0,430.4,318.4
UPCL,4/5/2023,241.1,244.9,240.1,244.0,0.83,36953.0,430.4,318.4
UPCL,4/6/2023,247.0,247.0,237.8,238.9,-2.09,52934.0,430.4,318.4
UPCL,4/9/2023,240.0,240.0,231.1,234.0,-2.05,42343.0,430.4,318.4
UPCL,4/10/2023,237.9,239.0,231.0,237.0,1.28,45320.0,430.4,318.4
UPCL,4/11/2023,240.9,240.9,234.3,240.8,1.6,34975.0,430.4,318.4
UPCL,4/12/2023,245.6,257.5,242.0,255.0,5.9,113585.0,430.4,318.4
UPCL,4/13/2023,260.0,264.0,247.5,249.0,-2.35,82445.0,430.4,318.4
UPCL,4/16/2023,247.0,252.0,245.6,246.7,-0.92,43165.0,430.4,318.4
UPCL,4/17/2023,242.0,251.5,240.2,242.9,-1.54,31457.0,430.4,318.4
UPCL,4/18/2023,241.0,244.9,238.1,238.8,-1.69,43974.0,430.4,318.4
UPCL,4/19/2023,242.9,246.9,240.6,245.0,2.6,32352.0,430.4,318.4
UPCL,4/20/2023,247.0,248.0,239.0,239.0,-2.45,33274.0,430.4,318.4
UPCL,4/23/2023,240.0,242.9,236.0,236.6,-1.0,29383.0,430.4,318.4
UPCL,4/24/2023,234.0,240.9,234.0,237.0,0.17,32075.0,430.4,318.4
UPCL,4/25/2023,239.0,242.0,236.0,239.1,0.89,32272.0,430.4,318.4
UPCL,4/26/2023,237.8,243.8,237.5,238.0,-0.46,34741.0,430.4,318.4
UPCL,4/27/2023,237.0,239.9,235.2,235.3,-1.13,14818.0,430.4,318.4
UPCL,4/30/2023,235.0,235.3,232.0,233.0,-0.98,25695.0,430.4,318.4
UPCL,5/2/2023,235.0,237.0,229.2,229.8,-1.37,26084.0,430.4,318.4
UPCL,5/3/2023,231.0,231.0,226.0,226.1,-1.61,15933.0,430.4,318.4
UPCL,5/4/2023,229.0,230.5,223.0,227.0,0.4,28587.0,430.4,318.4
UPCL,5/7/2023,223.2,225.0,222.1,223.9,-1.37,21158.0,430.4,318.4
UPCL,5/8/2023,220.6,224.9,216.0,219.0,-2.19,40390.0,430.4,318.4
UPCL,5/9/2023,222.0,227.4,217.0,225.0,2.74,39238.0,430.4,318.4
UPCL,5/10/2023,222.1,226.0,222.0,222.0,-1.33,22947.0,430.4,318.4
UPCL,5/11/2023,221.0,221.0,217.7,219.0,-1.35,14917.0,430.4,318.4
UPCL,5/14/2023,222.0,222.5,215.6,216.0,-1.37,32817.0,430.4,318.4
UPCL,5/15/2023,217.0,219.8,213.0,213.1,-1.34,26001.0,430.4,318.4
UPCL,5/16/2023,215.0,220.0,213.3,217.9,2.25,23601.0,430.4,318.4
UPCL,5/17/2023,213.7,225.0,213.7,222.8,2.25,32448.0,430.4,318.4
UPCL,5/18/2023,220.0,237.5,220.0,233.0,4.58,110198.0,430.4,318.4
UPCL,5/21/2023,234.9,240.0,227.9,231.0,-0.86,91200.0,430.4,318.4
UPCL,5/22/2023,227.0,234.9,226.5,231.0,0.0,49516.0,430.4,318.4
UPCL,5/23/2023,235.0,239.0,231.2,236.5,2.38,65019.0,430.4,318.4
UPCL,5/24/2023,239.0,239.0,232.3,234.0,-1.06,54538.0,430.4,318.4
UPCL,5/28/2023,238.0,239.0,228.6,229.0,-2.14,78135.0,430.4,318.4
UPCL,5/30/2023,229.9,231.0,224.1,225.9,-1.35,67381.0,430.4,318.4
UPCL,5/31/2023,226.9,226.9,216.2,217.0,-3.94,78290.0,430.4,318.4
UPCL,6/1/2023,221.0,224.0,215.5,221.0,1.84,71316.0,430.4,318.4
UPCL,6/4/2023,225.0,232.0,225.0,229.9,4.03,63190.0,430.4,318.4
UPCL,6/5/2023,230.0,232.0,225.0,225.9,-1.74,68921.0,430.4,318.4
UPCL,6/6/2023,230.4,230.5,222.1,230.1,1.86,54377.0,430.4,318.4
UPCL,6/7/2023,230.1,236.0,226.1,231.2,0.48,66885.0,430.4,318.4
UPCL,6/8/2023,227.8,231.9,227.8,228.5,-1.17,52740.0,430.4,318.4
UPCL,6/11/2023,226.0,235.0,226.0,234.5,2.63,78593.0,430.4,318.4
UPCL,6/12/2023,236.5,238.8,230.5,233.1,-0.6,45326.0,430.4,318.4
UPCL,6/13/2023,235.9,237.9,230.5,234.3,0.51,100538.0,430.4,318.4
UPCL,6/14/2023,235.0,244.2,234.7,237.0,1.15,142879.0,430.4,318.4
UPCL,6/15/2023,239.0,239.8,232.0,236.9,-0.04,63523.0,430.4,318.4
UPCL,6/18/2023,241.5,243.7,233.1,241.0,1.73,138697.0,430.4,318.4
UPCL,6/19/2023,242.0,244.0,237.0,237.0,-1.66,56696.0,430.4,318.4
UPCL,6/20/2023,237.0,240.0,228.0,229.9,-3.0,65103.0,430.4,318.4
UPCL,6/21/2023,230.0,233.0,225.0,226.9,-1.3,93408.0,430.4,318.4
UPCL,6/22/2023,227.0,229.0,220.6,223.9,-1.32,100347.0,430.4,318.4
UPCL,6/25/2023,225.0,231.0,221.0,230.0,2.72,115526.0,430.4,318.4
UPCL,6/26/2023,232.0,234.4,224.1,225.9,-1.78,89830.0,430.4,318.4
UPCL,6/27/2023,226.3,232.5,222.2,232.0,2.7,116767.0,430.4,318.4
UPCL,6/28/2023,233.0,234.7,226.0,227.5,-1.94,74975.0,430.4,318.4
UPCL,7/2/2023,228.0,232.0,220.0,221.9,-2.46,73430.0,430.4,318.4
UPCL,7/3/2023,219.0,225.0,216.0,217.9,-1.8,83164.0,430.4,318.4
UPCL,7/4/2023,222.2,222.2,215.3,217.0,-0.41,53629.0,430.4,318.4
UPCL,7/5/2023,217.1,219.9,212.2,212.2,-2.21,56383.0,430.4,318.4
UPCL,7/6/2023,212.2,215.9,210.2,212.4,0.09,63868.0,430.4,318.4
UPCL,7/9/2023,215.0,216.9,212.6,213.0,0.28,50170.0,430.4,318.4
UPCL,7/10/2023,212.0,216.8,208.6,211.0,-0.94,70382.0,430.4,318.4
UPCL,7/11/2023,210.0,212.0,208.4,211.4,0.19,59254.0,430.4,318.4
UPCL,7/12/2023,214.9,227.4,211.0,225.0,6.43,87419.0,430.4,318.4
UPCL,7/13/2023,225.0,229.5,218.6,219.9,-2.27,88875.0,430.4,318.4
UPCL,7/16/2023,218.0,221.0,216.0,219.0,-0.41,35807.0,430.4,318.4
UPCL,7/17/2023,216.0,227.0,215.0,225.0,2.74,52527.0,430.4,318.4
UPCL,7/18/2023,220.6,229.5,220.6,221.8,-1.42,44455.0,430.4,318.4
UPCL,7/19/2023,222.0,223.5,219.1,220.0,-0.81,50183.0,430.4,318.4
UPCL,7/20/2023,223.0,226.0,219.1,221.5,0.68,75933.0,430.4,318.4
UPCL,7/23/2023,224.0,227.9,220.0,222.5,0.45,49169.0,430.4,318.4
UPCL,7/24/2023,220.0,226.9,219.0,221.0,-0.67,42473.0,430.4,318.4
UPCL,7/25/2023,223.0,223.0,218.0,218.0,-1.36,43713.0,430.4,318.4
UPCL,7/26/2023,218.5,221.0,216.1,216.2,-0.83,18759.0,430.4,318.4
UPCL,7/27/2023,214.2,220.5,213.1,214.0,-1.02,34195.0,430.4,318.4
UPCL,7/30/2023,217.0,217.0,210.0,212.3,-0.79,46802.0,430.4,318.4
UPCL,7/31/2023,215.0,215.0,210.7,212.0,-0.14,24591.0,430.4,318.4
UPCL,8/1/2023,210.6,213.0,207.0,210.0,-0.94,40770.0,430.4,318.4
UPCL,8/2/2023,214.0,214.0,205.1,208.0,-0.95,30792.0,430.4,318.4
UPCL,8/3/2023,210.0,210.0,205.0,206.0,-0.96,35270.0,430.4,318.4
UPCL,8/6/2023,204.0,208.0,201.0,202.1,-1.89,33255.0,430.4,318.4
UPCL,8/7/2023,199.0,204.0,198.5,200.0,-1.04,38816.0,430.4,318.4
UPCL,8/8/2023,200.0,202.0,196.1,197.4,-1.3,43984.0,430.4,318.4
UPCL,8/9/2023,194.0,202.8,194.0,202.8,2.74,27461.0,430.4,318.4
UPCL,8/10/2023,199.1,203.9,199.0,200.0,-1.38,30383.0,430.4,318.4
UPCL,8/13/2023,198.0,201.5,196.1,198.0,-1.0,15783.0,430.4,318.4
UPCL,8/14/2023,197.0,199.9,196.0,196.2,-0.91,27212.0,430.4,318.4
UPCL,8/15/2023,194.2,196.0,191.0,194.0,-1.12,42630.0,430.4,318.4
UPCL,8/16/2023,194.0,196.0,186.5,188.0,-3.09,33952.0,430.4,318.4
UPCL,8/17/2023,189.0,194.5,188.0,188.1,0.05,27274.0,430.4,318.4
UPCL,8/20/2023,187.0,189.0,186.0,187.0,-0.58,16993.0,430.4,318.4
UPCL,8/21/2023,184.0,189.0,183.0,183.0,-2.14,21657.0,430.4,318.4
UPCL,8/22/2023,182.1,184.1,177.5,184.1,0.6,47179.0,430.4,318.4
UPCL,8/23/2023,186.0,194.7,185.0,194.0,5.38,48109.0,430.4,318.4
UPCL,8/24/2023,193.1,195.5,185.5,186.8,-3.71,39763.0,430.4,318.4
UPCL,8/27/2023,189.0,189.0,179.6,186.0,-0.43,32537.0,430.4,318.4
UPCL,8/28/2023,184.0,188.0,183.1,185.0,-0.54,9740.0,430.4,318.4
UPCL,8/29/2023,185.0,185.8,182.2,184.0,-0.54,5515.0,430.4,318.4
UPCL,8/30/2023,186.0,187.0,181.0,182.0,-1.09,19033.0,430.4,318.4
UPCL,9/3/2023,184.0,184.0,177.0,180.9,-0.6,23484.0,430.4,318.4
UPCL,9/4/2023,182.0,183.0,177.3,178.9,-1.11,15514.0,430.4,318.4
UPCL,9/5/2023,178.9,181.0,177.2,178.9,0.0,11708.0,430.4,318.4
UPCL,9/7/2023,177.3,178.0,172.2,174.0,-2.74,30741.0,430.4,318.4
UPCL,9/10/2023,174.0,178.3,171.2,172.0,-1.15,18218.0,430.4,318.4
UPCL,9/11/2023,170.2,180.0,169.0,176.0,2.33,35095.0,430.4,318.4
UPCL,9/12/2023,178.0,178.0,172.5,173.8,-1.25,20956.0,430.4,318.4
UPCL,9/13/2023,175.1,180.0,173.3,180.0,3.57,34469.0,430.4,318.4
UPCL,9/17/2023,177.1,179.9,171.5,174.8,-2.89,26489.0,430.4,318.4
UPCL,9/18/2023,173.4,178.2,172.3,176.0,0.69,25115.0,430.4,318.4
UPCL,9/19/2023,177.0,185.4,175.0,185.4,5.34,49405.0,430.4,318.4
UPCL,9/21/2023,186.0,202.9,186.0,199.9,7.82,130822.0,430.4,318.4
UPCL,9/24/2023,198.0,202.8,189.3,190.0,-4.95,84352.0,430.4,318.4
UPCL,9/25/2023,190.0,196.8,188.0,190.0,0.0,58139.0,430.4,318.4
UPCL,9/26/2023,192.0,204.0,192.0,199.0,4.74,94869.0,430.4,318.4
UPCL,9/27/2023,202.9,202.9,194.0,198.9,-0.05,46566.0,430.4,318.4
UPCL,10/1/2023,195.0,196.0,190.5,191.0,-3.97,41479.0,430.4,318.4
UPCL,10/2/2023,193.0,195.0,188.7,193.0,1.05,24780.0,430.4,318.4
UPCL,10/3/2023,191.0,192.5,186.6,187.0,-3.11,20090.0,430.4,318.4
UPCL,10/4/2023,189.0,194.5,188.0,192.0,2.67,21798.0,430.4,318.4
UPCL,10/5/2023,188.4,195.0,188.2,189.5,-1.3,19125.0,430.4,318.4
UPCL,10/8/2023,186.0,192.0,182.3,183.1,-3.38,32360.0,430.4,318.4
UPCL,10/9/2023,183.0,188.0,179.6,182.5,-0.33,29956.0,430.4,318.4
UPCL,10/10/2023,182.6,182.8,178.0,178.1,-2.41,15486.0,430.4,318.4
UPCL,10/11/2023,180.5,182.0,177.0,178.0,-0.06,14697.0,430.4,318.4
UPCL,10/12/2023,180.0,180.0,176.0,176.0,-1.12,20067.0,430.4,318.4
UPCL,10/16/2023,175.0,176.0,173.0,174.0,-1.14,6760.0,430.4,318.4
UPCL,10/17/2023,176.0,182.0,175.0,175.0,0.57,22982.0,430.4,318.4
UPCL,10/18/2023,177.0,181.5,177.0,180.0,2.86,13230.0,430.4,318.4
UPCL,10/19/2023,179.0,181.5,174.2,177.0,-1.67,30075.0,430.4,318.4
UPCL,10/29/2023,179.0,179.0,173.7,176.9,-0.06,7008.0,430.4,318.4
UPCL,10/30/2023,177.0,178.0,174.0,174.0,-1.64,15828.0,430.4,318.4
UPCL,10/31/2023,173.2,176.0,173.0,175.0,0.57,4440.0,430.4,318.4
UPCL,11/1/2023,175.0,177.7,173.0,174.5,-0.29,9425.0,430.4,318.4
UPCL,11/2/2023,171.7,178.5,171.7,173.9,-0.34,18086.0,430.4,318.4
UPCL,11/5/2023,170.6,172.0,168.0,172.0,-1.09,8685.0,430.4,318.4
UPCL,11/6/2023,168.7,175.4,168.7,173.2,0.7,17861.0,430.4,318.4
UPCL,11/7/2023,175.0,176.0,170.0,172.0,-0.69,48201.0,430.4,318.4
UPCL,11/8/2023,170.0,173.0,170.0,172.0,0.0,6092.0,430.4,318.4
UPCL,11/9/2023,173.9,175.4,170.1,173.0,0.58,13871.0,430.4,318.4
UPCL,11/20/2023,175.0,178.0,170.2,171.0,-1.16,44110.0,430.4,318.4
UPCL,11/21/2023,171.0,173.0,168.6,169.5,-0.88,15412.0,430.4,318.4
UPCL,11/22/2023,171.5,174.9,170.2,173.0,2.06,10842.0,430.4,318.4
UPCL,11/23/2023,173.0,178.0,170.1,175.0,1.16,28572.0,430.4,318.4
UPCL,11/26/2023,177.0,183.6,175.0,183.5,4.86,66101.0,430.4,318.4
UPCL,11/27/2023,185.0,189.7,179.1,179.1,-2.4,60790.0,430.4,318.4
UPCL,11/28/2023,180.9,184.0,179.2,182.0,1.62,32724.0,430.4,318.4
UPCL,11/29/2023,185.3,185.3,178.5,180.5,-0.82,31041.0,430.4,318.4
UPCL,11/30/2023,178.5,180.0,176.1,177.8,-1.5,26120.0,430.4,318.4
UPCL,12/3/2023,179.0,179.0,176.4,178.0,0.11,18421.0,430.4,318.4
UPCL,12/4/2023,178.8,181.0,177.0,180.0,1.12,24960.0,430.4,318.4
UPCL,12/5/2023,177.6,181.0,176.3,177.0,-1.67,17307.0,430.4,318.4
UPCL,12/6/2023,178.0,179.0,171.0,174.9,-1.19,65359.0,430.4,318.4
UPCL,12/7/2023,175.0,179.3,175.0,177.4,1.43,30573.0,430.4,318.4
UPCL,12/10/2023,180.9,195.1,180.9,194.0,9.36,18720.0,430.4,318.4
UPCL,12/11/2023,195.0,199.9,186.0,188.2,-2.99,156220.0,430.4,318.4
UPCL,12/12/2023,191.9,200.9,188.9,199.0,5.74,209648.0,430.4,318.4
UPCL,12/13/2023,202.9,209.1,201.0,205.0,3.02,161179.0,430.4,318.4
UPCL,12/14/2023,203.0,212.5,199.0,211.0,2.93,145726.0,430.4,318.4
UPCL,12/17/2023,207.0,227.0,202.9,227.0,7.58,302986.0,430.4,318.4
UPCL,12/18/2023,231.0,236.0,222.5,225.0,-0.88,316855.0,430.4,318.4
UPCL,12/19/2023,229.5,230.0,217.0,222.8,-0.98,158694.0,430.4,318.4
UPCL,12/20/2023,227.2,240.0,215.0,232.0,4.13,387242.0,430.4,318.4
UPCL,12/21/2023,236.6,248.8,224.1,240.3,3.58,559929.0,430.4,318.4
UPCL,12/24/2023,242.0,249.9,233.0,235.5,-2.0,408132.0,430.4,318.4
UPCL,12/27/2023,240.2,250.0,233.0,235.0,-0.21,413828.0,430.4,318.4
UPCL,12/28/2023,239.7,244.0,231.4,233.0,-0.85,117913.0,430.4,318.4
UPCL,1/1/2024,237.6,237.6,224.0,230.0,-1.29,152548.0,430.4,318.4
UPCL,1/2/2024,230.0,231.0,218.8,219.0,-4.78,172782.0,430.4,318.4
UPCL,1/3/2024,204.0,208.0,199.5,207.0,-5.48,108920.0,430.4,318.4
UPCL,1/4/2024,211.1,214.2,206.8,206.8,-0.1,114045.0,430.4,318.4
UPCL,1/7/2024,210.8,215.7,205.0,206.9,0.05,192072.0,430.4,318.4
UPCL,1/8/2024,210.0,213.0,207.2,209.8,1.4,134445.0,430.4,318.4
UPCL,1/9/2024,212.0,218.0,209.8,210.0,0.1,210152.0,430.4,318.4
UPCL,1/10/2024,213.0,214.0,206.9,208.3,-0.81,88345.0,430.4,318.4
UPCL,1/11/2024,208.0,225.0,208.0,217.3,4.32,209295.0,430.4,318.4
UPCL,1/14/2024,221.6,233.0,221.6,225.6,3.82,343322.0,430.4,318.4
UPCL,1/16/2024,230.0,240.0,228.0,233.1,3.32,334667.0,430.4,318.4
UPCL,1/17/2024,237.7,241.9,223.0,224.0,-3.9,343047.0,430.4,318.4
UPCL,1/18/2024,220.0,235.0,219.0,227.5,1.56,191816.0,430.4,318.4
UPCL,1/21/2024,227.5,241.3,227.5,233.0,2.42,363425.0,430.4,318.4
UPCL,1/22/2024,237.6,240.0,227.4,230.0,-1.29,248671.0,430.4,318.4
UPCL,1/23/2024,229.0,234.0,227.2,228.0,-0.87,93443.0,430.4,318.4
UPCL,1/24/2024,232.5,236.0,224.5,224.6,-1.49,125745.0,430.4,318.4
UPCL,1/25/2024,228.9,228.9,220.2,223.0,-0.71,86210.0,430.4,318.4
UPCL,1/28/2024,226.0,227.9,220.0,226.4,1.52,88236.0,430.4,318.4
UPCL,1/29/2024,230.1,234.5,226.0,234.0,3.36,189390.0,430.4,318.4
UPCL,1/30/2024,238.0,247.8,235.0,247.0,5.56,482434.0,430.4,318.4
UPCL,1/31/2024,251.9,252.9,238.0,239.0,-3.24,275625.0,430.4,318.4
UPCL,2/1/2024,243.7,243.7,231.5,231.5,-3.14,186462.0,430.4,318.4
UPCL,2/4/2024,232.1,236.3,227.7,235.6,1.77,170411.0,430.4,318.4
UPCL,2/5/2024,240.3,240.3,231.1,235.8,0.08,129978.0,430.4,318.4
UPCL,2/6/2024,240.5,240.5,232.2,235.0,-0.34,80172.0,430.4,318.4
UPCL,2/7/2024,238.0,239.6,233.1,235.9,0.38,66108.0,430.4,318.4
UPCL,2/8/2024,238.8,238.8,231.0,232.6,-1.4,87994.0,430.4,318.4
UPCL,2/11/2024,235.0,238.0,233.0,233.1,0.21,107360.0,430.4,318.4
UPCL,2/12/2024,234.0,237.8,229.6,234.0,0.39,120591.0,430.4,318.4
UPCL,2/13/2024,238.6,238.6,228.6,230.0,-1.71,143978.0,430.4,318.4
UPCL,2/14/2024,228.8,231.9,227.0,227.1,-1.26,95501.0,430.4,318.4
UPCL,2/15/2024,227.0,234.0,225.5,227.0,-0.04,86525.0,430.4,318.4
UPCL,2/18/2024,230.0,230.0,223.5,224.9,-0.93,81570.0,430.4,318.4
UPCL,2/20/2024,224.9,228.2,222.1,222.1,-1.24,73867.0,430.4,318.4
UPCL,2/21/2024,226.5,226.5,219.2,220.9,-0.54,52602.0,430.4,318.4
UPCL,2/22/2024,217.1,225.0,215.6,216.0,-2.22,93202.0,430.4,318.4
UPCL,2/25/2024,220.0,220.0,209.4,209.4,-3.06,81221.0,430.4,318.4
UPCL,2/26/2024,213.0,217.0,208.0,213.1,1.77,66795.0,430.4,318.4
UPCL,2/27/2024,215.0,215.3,212.0,213.6,0.23,75463.0,430.4,318.4
UPCL,2/28/2024,213.0,217.0,212.0,212.8,-0.37,35594.0,430.4,318.4
UPCL,2/29/2024,215.0,215.0,203.9,207.0,-2.73,47370.0,430.4,318.4
UPCL,3/3/2024,204.0,209.0,203.3,205.0,-0.97,55409.0,430.4,318.4
UPCL,3/4/2024,205.0,225.0,205.0,224.0,9.27,14900.0,430.4,318.4
UPCL,3/5/2024,225.0,225.0,212.7,212.9,-4.96,160317.0,430.4,318.4
UPCL,3/6/2024,213.0,218.0,209.0,212.0,-0.42,80315.0,430.4,318.4
UPCL,3/7/2024,215.0,219.4,213.2,214.0,0.94,43635.0,430.4,318.4
UPCL,3/10/2024,217.0,218.7,215.0,217.0,1.4,79575.0,430.4,318.4
UPCL,3/12/2024,221.3,222.7,218.0,222.0,2.3,88013.0,430.4,318.4
UPCL,3/13/2024,226.3,226.3,219.2,220.0,-0.9,67013.0,430.4,318.4
UPCL,3/14/2024,216.1,222.7,215.1,215.1,-2.23,62921.0,430.4,318.4
UPCL,3/17/2024,213.3,218.5,213.3,216.1,0.46,36486.0,430.4,318.4
UPCL,3/18/2024,217.0,217.0,214.0,216.9,0.37,51411.0,430.4,318.4
UPCL,3/19/2024,217.0,219.0,215.0,215.0,-0.88,38439.0,430.4,318.4
UPCL,3/20/2024,218.4,218.4,213.2,214.0,-0.47,51051.0,430.4,318.4
UPCL,3/21/2024,214.0,216.8,211.6,213.0,-0.47,34683.0,430.4,318.4
UPCL,3/25/2024,210.1,212.8,209.0,210.8,-1.03,30617.0,430.4,318.4
UPCL,3/26/2024,214.0,215.0,209.0,212.0,0.57,66884.0,430.4,318.4
UPCL,3/27/2024,215.0,215.0,210.0,210.0,-0.94,33582.0,430.4,318.4
UPCL,3/28/2024,214.0,214.0,207.3,211.9,0.9,50915.0,430.4,318.4
UPCL,3/31/2024,209.1,212.0,207.1,208.0,-1.84,31747.0,430.4,318.4
UPCL,4/1/2024,210.0,210.0,205.1,205.8,-1.06,37747.0,430.4,318.4
UPCL,4/2/2024,205.0,208.5,204.0,206.0,0.1,43828.0,430.4,318.4
UPCL,4/3/2024,209.0,209.0,202.5,204.3,-0.83,36203.0,430.4,318.4
UPCL,4/4/2024,208.3,208.3,200.0,200.1,-2.06,67451.0,430.4,318.4
UPCL,4/7/2024,204.0,204.0,199.6,203.0,1.45,66744.0,430.4,318.4
UPCL,4/9/2024,206.0,208.0,203.0,205.9,1.43,63132.0,430.4,318.4
UPCL,4/10/2024,206.0,207.9,202.0,203.0,-1.41,42949.0,430.4,318.4
UPCL,4/14/2024,202.1,205.8,201.2,203.0,0.0,30012.0,430.4,318.4
UPCL,4/15/2024,203.2,206.0,200.2,200.3,-1.33,54833.0,430.4,318.4
UPCL,4/16/2024,200.3,203.9,197.5,199.8,-0.25,56412.0,430.4,318.4
UPCL,4/18/2024,200.0,200.0,194.1,194.1,-2.85,42235.0,430.4,318.4
UPCL,4/21/2024,196.0,197.0,194.0,196.0,0.98,28804.0,430.4,318.4
UPCL,4/22/2024,198.0,199.5,194.0,195.4,-0.31,28230.0,430.4,318.4
UPCL,4/24/2024,195.1,198.5,193.0,195.9,0.26,26045.0,430.4,318.4
UPCL,4/25/2024,197.0,198.9,192.2,193.0,-1.48,28293.0,430.4,318.4
UPCL,4/28/2024,195.9,197.9,193.5,194.0,0.52,27318.0,430.4,318.4
UPCL,4/29/2024,197.8,197.8,193.0,193.2,-0.41,33990.0,430.4,318.4
UPCL,4/30/2024,195.0,204.0,193.6,199.9,3.47,82540.0,430.4,318.4
UPCL,5/2/2024,203.8,204.0,196.0,196.6,-1.65,53481.0,430.4,318.4
UPCL,5/5/2024,196.1,197.8,191.7,193.0,-1.83,38490.0,430.4,318.4
UPCL,5/6/2024,193.0,193.5,190.0,193.0,0.0,32728.0,430.4,318.4
UPCL,5/7/2024,194.0,196.0,189.0,189.0,-2.07,58620.0,430.4,318.4
UPCL,5/8/2024,191.0,192.0,187.0,188.0,-0.53,28451.0,430.4,318.4
UPCL,5/9/2024,190.0,190.0,186.0,189.0,0.53,39719.0,430.4,318.4
UPCL,5/12/2024,190.0,192.0,186.2,190.9,1.01,29885.0,430.4,318.4
UPCL,5/13/2024,193.0,193.0,188.0,190.7,-0.1,22951.0,430.4,318.4
UPCL,5/14/2024,194.5,198.9,193.0,198.9,4.3,39593.0,430.4,318.4
UPCL,5/15/2024,200.0,202.6,194.1,194.5,-2.21,60141.0,430.4,318.4
UPCL,5/16/2024,197.4,197.4,193.5,194.0,-0.26,14850.0,430.4,318.4
UPCL,5/19/2024,197.0,199.0,194.1,198.8,2.47,45599.0,430.4,318.4
UPCL,5/20/2024,202.7,202.7,198.6,200.5,0.86,69718.0,430.4,318.4
UPCL,5/21/2024,200.0,203.5,197.0,200.0,-0.25,49640.0,430.4,318.4
UPCL,5/22/2024,203.9,203.9,196.2,197.5,-1.25,30304.0,430.4,318.4
UPCL,5/26/2024,200.0,200.0,194.1,196.0,-0.76,47560.0,430.4,318.4
UPCL,5/27/2024,195.0,198.0,194.1,196.9,0.46,31807.0,430.4,318.4
UPCL,5/29/2024,200.8,200.8,192.3,193.0,-1.98,47363.0,430.4,318.4
UPCL,5/30/2024,194.0,196.0,191.0,194.0,0.52,58287.0,430.4,318.4
UPCL,6/2/2024,192.0,196.0,191.2,193.0,-0.52,46130.0,430.4,318.4
UPCL,6/3/2024,196.0,199.0,190.6,191.0,-1.04,45715.0,430.4,318.4
UPCL,6/4/2024,191.0,193.0,190.0,190.0,-0.52,36310.0,430.4,318.4
UPCL,6/5/2024,191.0,191.0,186.2,186.7,-1.74,43374.0,430.4,318.4
UPCL,6/6/2024,187.0,189.2,183.0,187.0,0.16,40673.0,430.4,318.4
UPCL,6/9/2024,189.8,189.8,186.3,186.7,-0.16,26165.0,430.4,318.4
UPCL,6/10/2024,187.0,192.9,186.7,190.8,2.2,43350.0,430.4,318.4
UPCL,6/11/2024,191.0,201.0,191.0,200.0,4.82,110645.0,430.4,318.4
UPCL,6/12/2024,204.0,206.0,197.0,198.0,-1.0,49707.0,430.4,318.4
UPCL,6/13/2024,198.0,199.1,194.1,194.9,-1.57,55107.0,430.4,318.4
UPCL,6/16/2024,198.6,199.9,195.0,196.8,0.97,65691.0,430.4,318.4
UPCL,6/18/2024,199.5,199.5,194.0,194.9,-0.97,37642.0,430.4,318.4
UPCL,6/19/2024,195.0,196.8,192.4,192.8,-1.08,18363.0,430.4,318.4
UPCL,6/20/2024,192.1,194.0,190.2,191.0,-0.93,20271.0,430.4,318.4
UPCL,6/23/2024,191.0,192.0,189.3,190.0,-0.52,26551.0,430.4,318.4
UPCL,6/24/2024,190.0,193.0,188.1,188.3,-0.89,46813.0,430.4,318.4
UPCL,6/25/2024,190.0,191.0,188.0,189.7,0.74,38221.0,430.4,318.4
UPCL,6/26/2024,193.0,193.0,188.0,189.7,0.0,22333.0,430.4,318.4
UPCL,6/27/2024,192.9,192.9,186.4,187.9,-0.95,42300.0,430.4,318.4
UPCL,6/30/2024,191.6,191.6,186.0,187.0,-0.48,21249.0,430.4,318.4
UPCL,7/1/2024,187.0,189.0,187.0,188.1,0.59,17702.0,430.4,318.4
UPCL,7/2/2024,191.8,206.9,191.8,195.7,4.04,79206.0,430.4,318.4
UPCL,7/3/2024,195.0,196.9,190.0,191.6,-2.1,38724.0,430.4,318.4
UPCL,7/4/2024,195.0,195.0,191.0,193.2,0.84,69730.0,430.4,318.4
UPCL,7/7/2024,195.0,196.0,192.1,194.0,0.41,46318.0,430.4,318.4
UPCL,7/8/2024,197.8,197.8,192.1,193.7,-0.15,34117.0,430.4,318.4
UPCL,7/9/2024,193.7,194.0,192.0,192.7,-0.52,40666.0,430.4,318.4
UPCL,7/10/2024,193.0,195.0,192.1,193.9,0.62,31533.0,430.4,318.4
UPCL,7/11/2024,194.0,198.0,193.3,197.9,2.06,63336.0,430.4,318.4
UPCL,7/14/2024,201.8,208.0,201.8,207.0,4.6,134156.0,430.4,318.4
UPCL,7/15/2024,211.1,215.0,203.9,206.1,-0.43,127912.0,430.4,318.4
UPCL,7/16/2024,207.9,225.0,205.0,224.0,8.69,273591.0,430.4,318.4
UPCL,7/17/2024,226.6,233.0,219.0,225.0,0.45,225155.0,430.4,318.4
UPCL,7/18/2024,229.5,233.0,221.8,225.0,0.0,278885.0,430.4,318.4
UPCL,7/21/2024,227.4,235.0,219.0,233.0,3.56,352133.0,430.4,318.4
UPCL,7/22/2024,234.0,240.0,227.0,235.0,0.86,313584.0,430.4,318.4
UPCL,7/23/2024,239.7,258.5,239.0,258.1,9.83,677655.0,430.4,318.4
UPCL,7/24/2024,263.2,268.0,248.3,249.0,-3.53,458409.0,430.4,318.4
UPCL,7/25/2024,244.5,256.7,243.5,245.5,-1.41,260380.0,430.4,318.4
UPCL,7/28/2024,250.4,260.0,242.0,251.0,2.24,240206.0,430.4,318.4
UPCL,7/29/2024,255.2,261.9,247.0,249.0,-0.8,356707.0,430.4,318.4
UPCL,7/30/2024,250.0,264.9,243.0,259.9,4.38,418130.0,430.4,318.4
UPCL,7/31/2024,260.0,275.0,260.0,270.0,3.89,526619.0,430.4,318.4
UPCL,8/1/2024,270.0,275.0,259.4,270.0,0.0,400633.0,430.4,318.4
UPCL,8/5/2024,271.0,296.0,265.0,291.5,7.96,778126.0,430.4,318.4
UPCL,8/6/2024,291.0,310.0,270.0,273.0,-6.35,704733.0,430.4,318.4
UPCL,8/7/2024,273.0,289.9,270.0,289.0,5.86,404280.0,430.4,318.4
UPCL,8/8/2024,294.0,297.7,285.0,286.0,-1.04,385878.0,430.4,318.4
UPCL,8/11/2024,290.0,309.0,286.0,302.0,5.59,740847.0,430.4,318.4
UPCL,8/12/2024,308.0,315.0,296.0,313.0,3.64,595207.0,430.4,318.4
UPCL,8/13/2024,317.0,319.9,305.8,308.4,-1.47,392406.0,430.4,318.4
UPCL,8/14/2024,314.0,321.0,299.0,318.8,3.37,448940.0,430.4,318.4
UPCL,8/15/2024,325.0,345.0,320.0,337.0,5.71,695370.0,430.4,318.4
UPCL,8/18/2024,343.7,343.7,319.9,322.0,-4.45,537903.0,430.4,318.4
UPCL,8/21/2024,328.0,332.0,312.0,313.0,-2.8,382157.0,430.4,318.4
UPCL,8/22/2024,319.0,323.4,310.3,315.0,0.64,299097.0,430.4,318.4
UPCL,8/25/2024,321.3,327.0,306.1,307.1,-2.51,363338.0,430.4,318.4
UPCL,8/27/2024,307.0,308.0,285.0,286.0,-6.87,395622.0,430.4,318.4
UPCL,8/28/2024,287.0,300.0,284.0,287.0,0.35,277766.0,430.4,318.4
UPCL,8/29/2024,292.0,294.0,280.0,283.0,-1.39,190877.0,430.4,318.4
UPCL,9/1/2024,287.9,292.4,273.1,276.0,-2.47,167717.0,430.4,318.4
UPCL,9/2/2024,277.0,296.0,273.0,294.5,6.7,233877.0,430.4,318.4
UPCL,9/3/2024,299.0,306.0,294.0,297.9,1.15,323307.0,430.4,318.4
UPCL,9/4/2024,297.0,301.0,282.6,284.0,-4.67,234931.0,430.4,318.4
UPCL,9/5/2024,289.6,289.6,276.0,283.9,-0.04,129906.0,430.4,318.4
UPCL,9/8/2024,284.2,289.0,277.4,278.0,-2.08,78563.0,430.4,318.4
UPCL,9/9/2024,281.8,281.8,267.0,269.9,-2.91,131342.0,430.4,318.4
UPCL,9/10/2024,273.2,280.0,264.6,266.8,-1.15,141658.0,430.4,318.4
UPCL,9/11/2024,272.1,272.1,257.0,257.0,-3.67,92118.0,430.4,318.4
UPCL,9/12/2024,260.0,275.0,256.1,274.0,6.61,132555.0,430.4,318.4
UPCL,9/15/2024,279.4,285.0,265.0,266.0,-2.92,159002.0,430.4,318.4
UPCL,9/16/2024,266.0,270.0,258.4,259.2,-2.56,91012.0,430.4,318.4
UPCL,9/18/2024,259.2,264.3,254.3,258.0,-0.46,69081.0,430.4,318.4
UPCL,9/22/2024,263.1,269.2,258.0,261.9,1.51,80968.0,430.4,318.4
UPCL,9/23/2024,259.0,261.9,249.9,251.0,-4.16,78339.0,430.4,318.4
UPCL,9/24/2024,251.0,255.8,240.1,241.0,-3.98,126648.0,430.4,318.4
UPCL,9/25/2024,245.8,255.0,237.2,252.0,4.56,104541.0,430.4,318.4
UPCL,9/26/2024,257.0,257.0,240.5,242.0,-3.97,65042.0,430.4,318.4
UPCL,9/29/2024,242.0,242.0,235.1,238.0,-1.65,63917.0,430.4,318.4
UPCL,9/30/2024,235.0,245.9,234.0,245.9,3.32,43493.0,430.4,318.4
UPCL,10/1/2024,248.0,264.0,248.0,264.0,7.36,183802.0,430.4,318.4
UPCL,10/2/2024,268.0,268.0,255.0,257.0,-2.65,79600.0,430.4,318.4
UPCL,10/6/2024,262.0,271.0,254.0,270.0,5.06,95143.0,430.4,318.4
UPCL,10/7/2024,275.0,284.0,274.0,276.0,2.22,81972.0,430.4,318.4
UPCL,10/8/2024,281.5,281.5,266.5,266.5,-3.44,72986.0,430.4,318.4
UPCL,10/9/2024,271.8,275.0,265.0,269.0,0.94,51475.0,430.4,318.4
UPCL,10/15/2024,274.0,274.3,269.2,272.5,1.3,25987.0,430.4,318.4
UPCL,10/16/2024,267.1,283.7,267.1,280.0,2.75,89263.0,430.4,318.4
UPCL,10/17/2024,285.6,285.6,276.8,277.0,-1.07,72704.0,430.4,318.4
UPCL,10/20/2024,271.5,282.3,262.0,270.9,-2.2,131322.0,430.4,318.4
UPCL,10/21/2024,265.5,271.0,261.0,261.0,-3.65,76399.0,430.4,318.4
UPCL,10/22/2024,261.0,266.0,259.1,264.9,1.49,53321.0,430.4,318.4
UPCL,10/23/2024,269.9,270.0,262.2,263.0,-0.72,35041.0,430.4,318.4
UPCL,10/24/2024,261.0,265.0,261.0,261.5,-0.57,41532.0,430.4,318.4
UPCL,10/27/2024,261.5,265.0,259.8,260.8,-0.27,29945.0,430.4,318.4
UPCL,10/28/2024,260.0,269.9,260.0,267.0,2.38,43342.0,430.4,318.4
UPCL,10/29/2024,267.0,278.0,265.2,275.7,3.26,54331.0,430.4,318.4
UPCL,10/30/2024,280.0,280.0,272.0,272.4,-1.2,44044.0,430.4,318.4
UPCL,11/5/2024,276.0,277.8,270.0,275.0,0.95,29356.0,430.4,318.4
UPCL,11/6/2024,271.0,278.0,270.0,270.9,-1.49,46824.0,430.4,318.4
UPCL,11/10/2024,272.0,285.0,272.0,284.0,4.84,116967.0,430.4,318.4
UPCL,11/11/2024,287.6,294.9,281.0,287.0,1.06,154193.0,430.4,318.4
UPCL,11/12/2024,290.8,290.8,281.6,282.9,-1.43,86086.0,430.4,318.4
UPCL,11/13/2024,283.0,285.0,279.3,281.0,-0.67,75512.0,430.4,318.4
UPCL,11/14/2024,280.2,287.8,280.0,285.0,1.42,96142.0,430.4,318.4
UPCL,11/17/2024,290.0,296.0,290.0,292.0,2.46,212703.0,430.4,318.4
UPCL,11/19/2024,293.0,294.0,282.3,282.9,-3.12,94134.0,430.4,318.4
UPCL,11/20/2024,281.0,285.0,280.3,284.0,0.39,69977.0,430.4,318.4
UPCL,11/21/2024,282.0,286.9,275.0,275.3,-3.06,79564.0,430.4,318.4
UPCL,11/24/2024,276.1,279.9,269.0,269.5,-2.11,56020.0,430.4,318.4
UPCL,11/25/2024,273.0,280.1,267.0,276.0,2.41,77025.0,430.4,318.4
UPCL,11/26/2024,280.0,285.0,277.2,282.0,2.17,73063.0,430.4,318.4
UPCL,11/27/2024,287.5,287.5,282.0,286.0,1.42,68427.0,430.4,318.4
UPCL,11/28/2024,291.7,296.8,288.2,295.9,3.46,362083.0,430.4,318.4
UPCL,12/1/2024,300.0,319.0,286.1,311.0,5.1,495173.0,430.4,318.4
UPCL,12/2/2024,317.0,323.2,308.0,309.0,-0.64,486409.0,430.4,318.4
UPCL,12/3/2024,309.0,316.0,305.0,305.0,-1.29,192931.0,430.4,318.4
UPCL,12/4/2024,311.0,312.9,300.0,304.0,-0.33,250082.0,430.4,318.4
UPCL,12/5/2024,307.0,308.0,296.1,296.1,-2.6,192414.0,430.4,318.4
UPCL,12/8/2024,302.0,302.0,285.0,286.0,-3.41,128012.0,430.4,318.4
UPCL,12/9/2024,288.0,291.7,281.0,284.0,-0.7,119196.0,430.4,318.4
UPCL,12/10/2024,288.0,288.0,283.1,285.0,0.35,61497.0,430.4,318.4
UPCL,12/11/2024,288.0,292.3,282.0,292.3,2.56,76086.0,430.4,318.4
UPCL,12/12/2024,296.1,296.1,288.0,288.5,-1.3,128250.0,430.4,318.4
UPCL,12/16/2024,286.0,287.0,276.0,277.5,-3.81,118939.0,430.4,318.4
UPCL,12/17/2024,277.5,282.0,274.0,278.0,0.18,55646.0,430.4,318.4
UPCL,12/18/2024,280.0,283.2,274.5,275.9,-0.76,40840.0,430.4,318.4
UPCL,12/19/2024,276.0,278.0,270.0,271.0,-1.78,111699.0,430.4,318.4
UPCL,12/22/2024,270.0,275.0,266.6,269.0,-0.74,71112.0,430.4,318.4
UPCL,12/23/2024,271.0,274.2,268.0,274.0,1.86,48920.0,430.4,318.4
UPCL,12/24/2024,276.0,280.9,274.0,275.0,0.36,80983.0,430.4,318.4
UPCL,12/26/2024,278.0,278.0,270.0,271.8,-1.16,31417.0,430.4,318.4
UPCL,12/29/2024,272.0,274.7,266.0,267.0,-1.77,57131.0,430.4,318.4
UPCL,12/31/2024,262.0,267.0,260.0,261.9,-1.91,56212.0,430.4,318.4
UPCL,1/1/2025,260.1,266.0,260.1,263.2,0.5,24225.0,430.4,318.4
UPCL,1/2/2025,260.5,268.0,260.0,265.0,0.68,29811.0,430.4,318.4
UPCL,1/5/2025,268.0,280.0,265.2,271.9,2.6,34914.0,430.4,318.4
UPCL,1/6/2025,266.5,290.7,266.5,288.0,5.92,142305.0,430.4,318.4
UPCL,1/7/2025,288.0,292.0,280.5,285.2,-0.97,76624.0,430.4,318.4
UPCL,1/8/2025,280.0,289.9,280.0,286.0,0.28,56553.0,430.4,318.4
UPCL,1/9/2025,290.0,291.7,281.1,284.0,-0.7,100918.0,430.4,318.4
UPCL,1/12/2025,278.4,285.0,275.0,280.0,-1.41,58560.0,430.4,318.4
UPCL,1/13/2025,276.0,279.0,271.1,273.6,-2.29,60149.0,430.4,318.4
UPCL,1/15/2025,274.0,281.0,273.6,275.0,0.51,67601.0,430.4,318.4
UPCL,1/16/2025,276.0,278.0,270.8,272.0,-1.09,38212.0,430.4,318.4
UPCL,1/19/2025,276.4,279.0,271.2,276.0,1.47,45463.0,430.4,318.4
UPCL,1/20/2025,270.5,284.8,270.5,283.5,2.72,98810.0,430.4,318.4
UPCL,1/21/2025,283.0,287.0,280.0,281.9,-0.56,60438.0,430.4,318.4
UPCL,1/22/2025,282.0,291.3,280.2,288.0,2.16,149556.0,430.4,318.4
UPCL,1/23/2025,289.1,295.0,285.6,287.0,-0.35,135745.0,430.4,318.4
UPCL,1/26/2025,290.0,291.0,283.4,285.0,-0.7,81013.0,430.4,318.4
UPCL,1/27/2025,290.0,291.7,282.7,285.0,0.0,117363.0,430.4,318.4
UPCL,1/28/2025,289.9,307.0,286.0,302.5,6.14,370719.0,430.4,318.4
UPCL,2/2/2025,308.5,313.0,303.0,304.8,0.76,333782.0,430.4,318.4
UPCL,2/3/2025,307.8,307.8,296.0,297.0,-2.56,247649.0,430.4,318.4
UPCL,2/4/2025,301.0,306.0,296.0,299.0,0.67,256828.0,430.4,318.4
UPCL,2/5/2025,304.9,312.1,301.0,308.0,3.01,324508.0,430.4,318.4
UPCL,2/6/2025,314.1,314.5,306.7,307.0,-0.32,264679.0,430.4,318.4
UPCL,2/9/2025,313.1,313.1,299.1,299.5,-2.44,185100.0,430.4,318.4
UPCL,2/10/2025,305.4,305.4,292.0,296.0,-1.17,135219.0,430.4,318.4
UPCL,2/11/2025,293.0,304.6,293.0,303.0,2.36,150138.0,430.4,318.4
UPCL,2/12/2025,309.0,314.0,303.1,307.0,1.32,218147.0,430.4,318.4
UPCL,2/13/2025,302.0,311.0,300.0,301.9,-1.66,139371.0,430.4,318.4
UPCL,2/16/2025,304.9,310.0,300.0,306.2,1.42,210460.0,430.4,318.4
UPCL,2/17/2025,312.3,312.3,301.0,302.0,-1.37,118840.0,430.4,318.4
UPCL,2/18/2025,307.9,307.9,298.1,299.8,-0.73,112113.0,430.4,318.4
UPCL,2/20/2025,300.0,303.0,295.1,296.0,-1.27,118288.0,430.4,318.4
UPCL,2/23/2025,294.0,298.8,286.0,297.0,0.34,160197.0,430.4,318.4
UPCL,2/24/2025,299.0,303.9,294.1,298.0,0.34,101646.0,430.4,318.4
UPCL,2/25/2025,292.1,308.9,292.1,297.0,-0.34,119423.0,430.4,318.4
UPCL,2/27/2025,300.9,307.8,295.9,306.9,3.33,211118.0,430.4,318.4
UPCL,3/2/2025,307.0,317.0,307.0,314.7,2.54,367378.0,430.4,318.4
UPCL,3/3/2025,318.9,319.9,309.1,310.0,-1.49,281839.0,430.4,318.4
UPCL,3/4/2025,303.8,329.9,303.8,327.8,5.74,846960.0,430.4,318.4
UPCL,3/5/2025,332.0,332.0,322.2,323.9,-1.19,405245.0,430.4,318.4
UPCL,3/6/2025,325.0,325.8,320.0,321.0,-0.9,226266.0,430.4,318.4
UPCL,3/9/2025,321.0,322.7,310.3,312.0,-2.8,291803.0,430.4,318.4
UPCL,3/10/2025,311.0,317.0,308.0,311.0,-0.32,212208.0,430.4,318.4
UPCL,3/11/2025,314.0,314.0,301.0,304.9,-1.96,174192.0,430.4,318.4
UPCL,3/12/2025,310.9,313.3,304.0,308.0,1.02,157978.0,430.4,318.4
UPCL,3/16/2025,305.0,308.0,300.0,302.9,-1.66,160584.0,430.4,318.4
UPCL,3/17/2025,308.9,308.9,299.0,301.0,-0.63,142984.0,430.4,318.4
UPCL,3/18/2025,303.9,309.0,301.0,303.8,0.93,130284.0,430.4,318.4
UPCL,3/19/2025,301.3,305.9,298.4,300.9,-0.95,56576.0,430.4,318.4
UPCL,3/20/2025,300.0,303.0,297.0,298.11,-0.93,103494.0,430.4,318.4
UPCL,3/23/2025,298.2,299.9,284.1,285.05,-4.38,161896.0,430.4,318.4
UPCL,3/24/2025,288.6,294.7,281.1,288.77,1.31,92581.0,430.4,318.4
UPCL,3/25/2025,284.0,287.0,277.5,278.13,-3.68,115241.0,430.4,318.4
UPCL,3/26/2025,283.6,286.4,278.0,282.46,1.56,117263.0,430.4,318.4
UPCL,3/27/2025,282.0,291.0,282.0,285.23,0.98,129055.0,430.4,318.4
UPCL,3/30/2025,286.0,296.5,286.0,292.1,2.41,152992.0,430.4,318.4
UPCL,4/1/2025,292.1,296.9,285.0,286.87,-1.79,206669.0,430.4,318.4
UPCL,4/2/2025,283.2,291.6,283.2,287.84,0.34,102450.0,430.4,318.4
UPCL,4/3/2025,290.0,299.0,290.0,295.69,2.73,179208.0,430.4,318.4
UPCL,4/7/2025,295.0,305.0,291.0,297.46,0.6,279616.0,430.4,318.4
UPCL,4/8/2025,292.1,301.9,292.0,297.29,-0.06,101329.0,430.4,318.4
UPCL,4/9/2025,303.2,303.2,295.0,296.48,-0.27,54091.0,430.4,318.4
UPCL,4/10/2025,301.0,305.0,295.0,303.33,2.31,178232.0,430.4,318.4
UPCL,4/13/2025,304.0,308.0,300.0,306.67,1.1,178308.0,430.4,318.4
UPCL,4/15/2025,308.0,317.0,304.9,307.59,0.3,291847.0,430.4,318.4
UPCL,4/16/2025,305.3,323.3,305.3,320.84,4.31,509154.0,430.4,318.4
UPCL,4/17/2025,320.0,328.0,318.5,319.82,-0.32,481374.0,430.4,318.4
UPCL,4/20/2025,324.9,324.9,312.9,316.41,-1.07,269380.0,430.4,318.4
UPCL,4/21/2025,322.7,348.0,316.0,347.42,9.8,1545179.0,430.4,318.4
UPCL,4/22/2025,354.3,361.0,336.0,337.96,-2.72,849089.0,430.4,318.4
UPCL,4/23/2025,338.0,339.0,327.1,333.07,-1.45,509883.0,430.4,318.4
UPCL,4/24/2025,339.7,360.0,323.0,357.05,7.2,1347497.0,430.4,318.4
UPCL,4/27/2025,364.0,379.9,361.0,372.77,4.4,1153293.0,430.4,318.4
UPCL,4/28/2025,379.9,379.9,351.2,354.86,-4.8,1056990.0,430.4,318.4
UPCL,4/29/2025,361.0,369.9,349.9,357.19,0.66,656071.0,430.4,318.4
UPCL,4/30/2025,364.0,385.0,357.2,368.82,3.26,871497.0,430.4,318.4
UPCL,5/4/2025,362.0,375.0,351.6,354.11,-3.99,645039.0,430.4,318.4
UPCL,5/5/2025,347.1,380.0,347.1,378.72,6.95,1278695.0,430.4,318.4
UPCL,5/6/2025,386.2,399.0,382.7,395.57,4.45,919866.0,430.4,318.4
UPCL,5/7/2025,396.0,405.0,387.3,403.64,2.04,1074060.0,430.4,318.4
UPCL,5/8/2025,409.0,434.9,396.0,418.36,3.65,1359793.0,430.4,318.4
UPCL,5/11/2025,420.0,438.0,420.0,423.65,1.26,1278969.0,430.4,318.4
UPCL,5/13/2025,422.0,445.0,418.0,439.43,3.72,1546489.0,430.4,318.4
UPCL,5/14/2025,445.0,445.0,408.0,413.96,-5.8,1214448.0,430.4,318.4
UPCL,5/15/2025,413.0,427.0,411.9,415.72,0.43,799949.0,430.4,318.4
UPCL,5/18/2025,424.0,424.0,386.0,390.38,-6.1,1100277.0,430.4,318.4
UPCL,5/19/2025,392.9,404.9,388.1,398.68,2.13,628841.0,430.4,318.4
UPCL,5/20/2025,398.0,423.3,390.1,420.44,5.46,772131.0,430.4,318.4
UPCL,5/21/2025,428.8,440.0,418.0,421.3,0.2,1014761.0,430.4,318.4
UPCL,5/22/2025,429.7,434.8,411.6,413.41,-1.87,963516.0,430.4,318.4
UPCL,5/25/2025,413.0,427.0,413.0,416.22,0.68,722426.0,430.4,318.4
UPCL,5/26/2025,424.5,435.0,418.0,427.59,2.73,1059332.0,430.4,318.4
UPCL,5/27/2025,428.0,461.0,422.0,454.94,6.4,1434341.0,430.4,318.4
UPCL,5/28/2025,460.0,470.1,444.0,452.6,-0.51,1109549.0,430.4,318.4
UPCL,6/2/2025,459.9,464.0,443.0,445.35,-1.6,1197714.0,430.4,318.4
UPCL,6/3/2025,448.0,455.0,440.0,441.4,-0.89,924299.0,430.4,318.4
UPCL,6/4/2025,442.0,448.0,434.1,440.27,-0.26,469364.0,430.4,318.4
UPCL,6/5/2025,437.0,471.0,437.0,468.62,6.44,1405405.0,430.4,318.4
UPCL,6/8/2025,468.0,489.0,465.2,470.51,0.4,1303525.0,430.4,318.4
UPCL,6/9/2025,479.0,479.0,461.2,469.57,-0.2,1165419.0,430.4,318.4
UPCL,6/10/2025,478.0,478.0,461.0,462.32,-1.54,688701.0,430.4,318.4
UPCL,6/11/2025,470.0,485.5,462.0,472.46,2.19,1010657.0,430.4,318.4
UPCL,6/12/2025,480.0,486.3,465.0,466.85,-1.19,1030260.0,430.4,318.4
UPCL,6/15/2025,458.0,475.0,458.0,461.2,-1.21,987173.0,430.4,318.4
UPCL,6/16/2025,467.0,475.0,452.2,453.84,-1.6,1039273.0,430.4,318.4
UPCL,6/17/2025,462.8,462.8,446.1,455.8,0.43,580906.0,430.4,318.4
UPCL,6/18/2025,447.0,462.9,447.0,449.33,-1.42,461353.0,430.4,318.4
UPCL,6/19/2025,458.3,459.0,430.0,433.19,-3.59,688703.0,430.4,318.4
UPCL,6/22/2025,424.6,439.0,410.7,412.46,-4.79,612555.0,430.4,318.4
UPCL,6/23/2025,420.2,428.4,405.0,417.81,1.3,598232.0,430.4,318.4
UPCL,6/24/2025,409.5,432.0,409.5,412.28,-1.32,297829.0,430.4,318.4
UPCL,6/25/2025,418.0,418.0,405.0,409.49,-0.68,283820.0,430.4,318.4
UPCL,6/26/2025,412.0,420.0,400.3,401.87,-1.86,435415.0,430.4,318.4
UPCL,6/29/2025,402.0,406.0,393.0,394.41,-1.86,374284.0,430.4,318.4
UPCL,6/30/2025,386.6,410.5,386.6,406.36,3.03,424616.0,430.4,318.4
UPCL,7/1/2025,404.0,419.4,404.0,417.86,2.83,268202.0,430.4,318.4
UPCL,7/2/2025,417.9,425.5,406.0,407.54,-2.47,369378.0,430.4,318.4
UPCL,7/3/2025,410.0,410.0,400.0,400.59,-1.71,275183.0,430.4,318.4
UPCL,7/6/2025,400.1,404.0,394.0,395.49,-1.27,261892.0,430.4,318.4
UPCL,7/7/2025,387.6,400.0,385.0,386.2,-2.35,284187.0,430.4,318.4
UPCL,7/8/2025,388.1,404.8,382.1,397.53,2.93,296313.0,430.4,318.4
UPCL,7/9/2025,405.4,415.9,401.5,409.06,2.9,289056.0,430.4,318.4
UPCL,7/10/2025,415.0,419.9,405.0,405.92,-0.77,371402.0,430.4,318.4
UPCL,7/13/2025,414.0,422.0,395.0,395.68,-2.52,301358.0,430.4,318.4
UPCL,7/14/2025,403.0,408.0,392.0,394.77,-0.23,300968.0,430.4,318.4
UPCL,7/15/2025,402.6,409.7,395.0,406.44,2.96,316534.0,430.4,318.4
UPCL,7/16/2025,414.0,414.0,400.7,403.87,-0.63,322119.0,430.4,318.4
UPCL,7/17/2025,409.9,429.0,409.0,426.42,5.58,584864.0,430.4,318.4
UPCL,7/20/2025,427.0,439.0,417.5,419.55,-1.61,557949.0,430.4,318.4
UPCL,7/21/2025,420.0,432.4,416.7,430.29,2.56,510520.0,430.4,318.4
UPCL,7/22/2025,421.8,443.7,421.8,435.03,1.1,465698.0,430.4,318.4
UPCL,7/23/2025,432.0,442.0,427.0,437.94,0.67,448854.0,430.4,318.4
UPCL,7/24/2025,429.3,457.7,429.3,451.36,3.06,620533.0,430.4,318.4
UPCL,7/27/2025,460.0,463.0,435.0,437.19,-3.14,735758.0,430.4,318.4
UPCL,7/28/2025,445.9,445.9,429.0,432.41,-1.09,409354.0,430.4,318.4
UPCL,7/29/2025,433.0,444.0,427.0,431.63,-0.18,298469.0,430.4,318.4
UPCL,7/30/2025,423.0,439.9,422.0,423.68,-1.84,332627.0,430.4,318.4
UPCL,7/31/2025,430.0,431.9,416.1,419.2,-1.06,300000.0,430.4,318.4
UPCL,8/3/2025,410.9,424.9,410.9,415.36,-0.92,193496.0,430.4,318.4
UPCL,8/4/2025,422.0,422.0,411.1,415.93,0.14,184356.0,430.4,318.4
UPCL,8/5/2025,424.0,424.0,404.1,405.62,-2.48,213709.0,430.4,318.4
UPCL,8/6/2025,406.0,413.9,405.0,408.18,0.63,117008.0,430.4,318.4
UPCL,8/7/2025,413.0,415.0,407.2,409.06,0.22,140401.0,430.4,318.4
UPCL,8/11/2025,411.0,413.0,400.9,401.54,-1.84,147014.0,430.4,318.4
UPCL,8/12/2025,408.0,408.0,395.0,395.41,-1.53,158263.0,430.4,318.4
UPCL,8/13/2025,399.0,406.8,394.2,398.74,0.84,90911.0,430.4,318.4
UPCL,8/14/2025,403.8,406.0,398.0,403.79,1.27,125211.0,430.4,318.4
UPCL,8/17/2025,411.8,411.8,396.0,396.64,-1.77,121257.0,430.4,318.4
UPCL,8/18/2025,399.8,404.8,393.1,403.66,1.77,117519.0,430.4,318.4
UPCL,8/19/2025,409.9,409.9,400.0,400.76,-0.72,110299.0,430.4,318.4
UPCL,8/20/2025,393.0,405.0,393.0,395.25,-1.37,98189.0,430.4,318.4
UPCL,8/21/2025,400.0,400.0,388.0,389.15,-1.54,98292.0,430.4,318.4
UPCL,8/24/2025,381.4,396.7,381.4,382.97,-1.59,104029.0,430.4,318.4
UPCL,8/25/2025,385.9,390.0,380.0,388.79,1.52,98906.0,430.4,318.4
UPCL,8/26/2025,390.0,395.0,386.1,388.16,-0.16,47037.0,430.4,318.4
UPCL,8/27/2025,395.9,402.0,388.1,400.03,3.06,133885.0,430.4,318.4
UPCL,8/28/2025,400.5,406.0,390.1,391.52,-2.13,179721.0,430.4,318.4
UPCL,8/31/2025,393.9,393.9,383.1,383.69,-2.0,104881.0,430.4,318.4
UPCL,9/1/2025,385.0,391.3,383.0,387.46,0.98,71367.0,430.4,318.4
UPCL,9/2/2025,393.0,393.0,381.4,381.95,-1.42,56337.0,430.4,318.4
UPCL,9/3/2025,382.0,386.0,380.4,380.76,-0.31,88143.0,430.4,318.4
UPCL,9/4/2025,381.1,385.0,376.7,381.13,0.1,106352.0,430.4,318.4
UPCL,9/7/2025,382.1,403.0,382.1,400.63,5.12,328299.0,430.4,318.4
UPCL,9/8/2025,400.7,419.0,399.0,412.82,3.04,564543.0,430.4,318.4
UPCL,9/18/2025,405.0,405.0,371.6,382.0,-7.47,81236.0,430.4,318.4
UPCL,9/21/2025,380.0,410.0,380.0,404.26,5.83,294444.0,430.4,318.4
UPCL,9/23/2025,408.9,416.8,402.2,414.5,2.53,445580.0,430.4,318.4
UPCL,9/24/2025,387.0,395.0,385.0,387.5,-6.51,230674.0,430.4,318.4
UPCL,9/25/2025,390.0,390.0,382.1,382.1,-1.39,82715.0,430.4,318.4
UPCL,9/28/2025,384.0,389.6,378.0,389.0,1.81,126102.0,430.4,318.4
UPCL,10/7/2025,390.7,391.8,375.4,375.4,-3.5,113099.0,430.4,318.4
UPCL,10/8/2025,375.0,381.0,358.4,362.0,-3.57,233334.0,430.4,318.4
UPCL,10/9/2025,369.2,385.0,363.0,363.2,0.33,164489.0,430.4,318.4
UPCL,10/12/2025,366.0,366.0,348.0,350.2,-3.58,155729.0,430.4,318.4
UPCL,10/13/2025,345.2,369.9,345.0,365.0,4.23,192572.0,430.4,318.4
UPCL,10/14/2025,369.0,371.5,352.8,360.0,-1.37,121879.0,430.4,318.4
UPCL,10/15/2025,353.0,360.0,348.3,351.0,-2.5,98063.0,430.4,318.4
UPCL,10/16/2025,354.9,355.9,345.3,349.0,-0.57,111217.0,430.4,318.4
UPCL,10/19/2025,349.0,355.9,343.1,350.0,0.29,82730.0,430.4,318.4
UPCL,10/26/2025,345.1,353.9,345.1,349.2,-0.23,52485.0,430.4,318.4
UPCL,10/28/2025,352.9,370.0,345.1,365.3,4.61,132302.0,430.4,318.4
UPCL,10/29/2025,364.0,378.9,360.9,363.5,-0.49,151351.0,430.4,318.4
UPCL,10/30/2025,370.7,385.0,358.3,384.0,5.64,369523.0,430.4,318.4
UPCL,11/2/2025,390.0,392.7,376.0,384.0,0.0,253217.0,430.4,318.4
UPCL,11/3/2025,382.0,392.0,378.5,380.0,-1.04,226375.0,430.4,318.4
UPCL,11/4/2025,380.2,387.0,372.0,375.0,-1.32,186504.0,430.4,318.4
UPCL,11/5/2025,382.5,382.5,368.0,377.0,0.53,137967.0,430.4,318.4
UPCL,11/6/2025,381.0,386.5,372.0,374.8,-0.58,202656.0,430.4,318.4
UPCL,11/9/2025,377.9,378.0,365.1,369.0,-1.55,102733.0,430.4,318.4
UPCL,11/10/2025,376.3,376.3,362.1,366.0,-0.81,71022.0,430.4,318.4
UPCL,11/11/2025,373.3,373.3,364.0,367.9,0.52,85923.0,430.4,318.4
UPCL,11/12/2025,375.2,375.2,360.2,361.3,-1.79,49287.0,430.4,318.4
UPCL,11/13/2025,355.0,365.8,355.0,363.4,0.58,52611.0,430.4,318.4
UPCL,11/16/2025,361.0,362.0,357.2,358.0,-1.49,100334.0,430.4,318.4
UPCL,11/17/2025,362.9,367.5,356.5,364.9,1.93,60907.0,430.4,318.4
UPCL,11/18/2025,368.0,371.0,364.0,367.0,0.58,95705.0,430.4,318.4
UPCL,11/19/2025,370.0,370.0,362.5,363.0,-1.09,48450.0,430.4,318.4
UPCL,11/20/2025,370.2,370.2,358.5,361.8,-0.33,83537.0,430.4,318.4
UPCL,11/23/2025,360.0,375.7,360.0,372.0,2.82,155903.0,430.4,318.4
UPCL,11/24/2025,372.0,378.9,372.0,375.0,0.81,149950.0,430.4,318.4
UPCL,11/25/2025,375.1,381.9,369.4,381.0,1.6,158855.0,430.4,318.4
UPCL,11/26/2025,382.5,388.0,375.0,381.9,0.24,196949.0,430.4,318.4
UPCL,11/27/2025,378.9,386.0,374.6,376.0,-1.54,105912.0,430.4,318.4
UPCL,11/30/2025,383.5,383.5,365.0,368.0,-2.13,97487.0,430.4,318.4
UPCL,12/1/2025,375.3,375.3,361.0,366.5,-0.41,89272.0,430.4,318.4
UPCL,12/2/2025,370.0,376.9,368.1,369.0,0.68,69666.0,430.4,318.4
UPCL,12/3/2025,371.0,371.8,362.6,365.0,-1.08,72310.0,430.4,318.4
UPCL,12/7/2025,365.0,371.0,360.0,367.0,0.55,161886.0,430.4,318.4
UPCL,12/8/2025,374.3,375.0,361.1,374.4,2.02,192615.0,430.4,318.4
UPCL,12/9/2025,374.0,383.0,374.0,379.0,1.23,227799.0,430.4,318.4
UPCL,12/10/2025,386.5,387.0,379.0,380.0,0.26,303453.0,430.4,318.4
UPCL,12/11/2025,380.0,382.9,372.0,373.0,-1.84,120097.0,430.4,318.4
UPCL,12/14/2025,366.0,375.0,365.1,366.5,-1.74,99713.0,430.4,318.4
UPCL,12/15/2025,359.2,372.0,359.2,372.0,1.5,90002.0,430.4,318.4
UPCL,12/16/2025,364.6,378.0,364.6,371.8,-0.05,60292.0,430.4,318.4
UPCL,12/17/2025,375.0,378.0,365.1,369.0,-0.75,81944.0,430.4,318.4
UPCL,12/18/2025,363.0,372.8,363.0,368.0,-0.27,110284.0,430.4,318.4
UPCL,12/21/2025,370.7,370.7,362.1,363.9,-1.11,79728.0,430.4,318.4
UPCL,12/22/2025,361.3,364.0,359.2,360.9,-0.82,113489.0,430.4,318.4
UPCL,12/23/2025,362.5,362.5,358.0,361.0,0.03,78905.0,430.4,318.4
UPCL,12/24/2025,360.2,365.0,358.0,359.0,-0.55,85232.0,430.4,318.4
UPCL,12/28/2025,366.1,368.6,360.0,368.0,2.51,114968.0,430.4,318.4
UPCL,12/29/2025,370.0,370.0,360.2,365.8,-0.6,80686.0,430.4,318.4
UPCL,12/31/2025,364.0,367.9,362.0,362.5,-0.9,67879.0,430.4,318.4
UPCL,1/1/2026,363.0,365.0,359.5,361.0,-0.41,73814.0,430.4,318.4
UPCL,1/4/2026,358.0,361.9,357.1,359.0,-0.55,77831.0,430.4,318.4
UPCL,1/5/2026,362.4,365.0,358.0,361.1,0.58,106510.0,430.4,318.4
UPCL,1/6/2026,360.0,366.4,360.0,361.0,-0.03,93509.0,430.4,318.4
UPCL,1/7/2026,353.8,363.0,353.8,359.0,-0.55,89343.0,430.4,318.4
UPCL,1/8/2026,358.0,363.7,357.0,358.1,-0.25,96667.0,430.4,318.4
UPCL,1/12/2026,363.4,363.4,352.6,353.0,-1.42,105672.0,430.4,318.4
UPCL,1/13/2026,352.0,367.0,351.0,363.2,2.89,210426.0,430.4,318.4
UPCL,1/14/2026,363.2,367.1,360.0,360.1,-0.85,136153.0,430.4,318.4
UPCL,1/18/2026,363.4,372.1,363.0,367.0,1.92,153554.0,430.4,318.4
UPCL,1/20/2026,374.3,377.0,367.1,371.0,1.09,197347.0,430.4,318.4
UPCL,1/21/2026,375.0,378.9,370.2,373.9,0.78,211513.0,430.4,318.4
UPCL,1/22/2026,375.0,382.0,373.9,377.0,0.83,190983.0,430.4,318.4
UPCL,1/25/2026,381.0,386.0,378.1,379.2,0.58,294594.0,430.4,318.4
UPCL,1/26/2026,386.7,386.7,375.4,383.0,1.0,291373.0,430.4,318.4
UPCL,1/27/2026,383.1,405.0,381.0,389.9,1.8,538440.0,430.4,318.4
UPCL,1/28/2026,394.0,398.0,382.2,395.0,1.31,338745.0,430.4,318.4
UPCL,1/29/2026,387.1,409.7,387.1,391.0,-1.01,504046.0,430.4,318.4
UPCL,2/1/2026,394.8,394.8,378.1,379.0,-3.07,124301.0,430.4,318.4
UPCL,2/2/2026,381.0,385.0,371.0,372.0,-1.85,190583.0,430.4,318.4
UPCL,2/3/2026,372.0,381.0,370.0,373.0,0.27,151114.0,430.4,318.4
UPCL,2/4/2026,378.0,378.0,370.0,376.0,0.8,126148.0,430.4,318.4
UPCL,2/5/2026,377.0,388.0,373.0,385.0,2.39,249569.0,430.4,318.4
UPCL,2/8/2026,385.0,391.0,376.0,377.0,-2.08,161447.0,430.4,318.4
UPCL,2/9/2026,381.0,381.0,371.0,372.0,-1.33,150551.0,430.4,318.4
UPCL,2/10/2026,364.6,381.0,364.6,375.0,0.81,207322.0,430.4,318.4
UPCL,2/11/2026,375.0,384.4,375.0,379.5,1.2,183138.0,430.4,318.4
UPCL,2/12/2026,372.0,392.7,372.0,382.1,0.69,365311.0,430.4,318.4
UPCL,2/16/2026,375.0,387.8,375.0,377.4,-1.23,135659.0,430.4,318.4
UPCL,2/17/2026,384.9,384.9,371.4,373.0,-1.17,180630.0,430.4,318.4
UPCL,2/22/2026,370.0,371.7,361.0,364.9,-2.17,163477.0,430.4,318.4
UPCL,2/23/2026,366.8,369.0,362.0,364.0,-0.25,77874.0,430.4,318.4
UPCL,2/24/2026,368.0,371.0,364.0,369.1,1.4,73381.0,430.4,318.4
UPCL,2/25/2026,367.5,375.0,365.0,367.2,-0.51,88711.0,430.4,318.4
UPCL,2/26/2026,371.0,373.0,366.0,367.2,0.0,28310.0,430.4,318.4
UPCL,2/27/2026,371.0,373.0,366.0,367.2,0.0,28310.0,430.4,318.4
UPCL,2/28/2026,371.0,373.0,366.0,367.2,0.0,28310.0,430.4,318.4
UPCL,3/2/2026,374.5,374.5,360.5,367.9,0.19,60291.0,430.4,318.4
UPCL,3/3/2026,360.7,380.3,360.7,378.5,2.88,111888.0,430.4,318.4
UPCL,3/4/2026,360.7,380.3,360.7,378.5,0.0,111888.0,430.4,318.4
UPCL,3/5/2026,360.7,380.3,360.7,378.5,0.0,111888.0,430.4,318.4
UPCL,3/6/2026,360.7,380.3,360.7,378.5,0.0,111888.0,430.4,318.4
UPCL,3/7/2026,360.7,380.3,360.7,378.5,0.0,111888.0,430.4,318.4
UPCL,3/8/2026,360.7,380.3,360.7,378.5,0.0,111888.0,430.4,318.4
UPCL,3/9/2026,386.0,416.0,386.0,414.8,9.59,5257.0,430.4,318.4
UPCL,3/10/2026,414.8,414.8,390.0,399.0,-3.81,451461.0,430.4,318.4
UPCL,3/11/2026,400.0,406.0,392.0,396.1,-0.73,284611.0,430.4,318.4
UPCL,3/12/2026,395.0,408.8,394.0,403.0,1.74,480620.0,430.4,318.4
UPCL,3/13/2026,395.0,408.8,394.0,403.0,0.0,480620.0,430.4,318.4
UPCL,3/14/2026,395.0,408.8,394.0,403.0,0.0,480620.0,430.4,318.4
UPCL,3/15/2026,409.0,422.0,404.0,422.0,4.71,785267.0,430.4,318.4
UPCL,3/16/2026,430.4,430.4,411.1,411.1,-2.58,466142.0,430.4,318.4
UPCL,3/17/2026,414.0,418.0,405.2,415.2,1.0,406464.0,430.4,318.4
UPCL,3/18/2026,414.0,418.0,405.2,415.2,0.0,406464.0,430.4,318.4
UPCL,3/19/2026,421.9,424.9,413.0,417.0,0.43,459472.0,430.4,318.4
UPCL,3/20/2026,421.9,424.9,413.0,417.0,0.0,459472.0,430.4,318.4
UPCL,3/21/2026,421.9,424.9,413.0,417.0,0.0,459472.0,430.4,318.4
UPCL,3/22/2026,409.0,423.0,406.0,408.6,-2.01,343387.0,430.4,318.4
UPCL,3/23/2026,409.0,413.0,403.5,409.0,0.1,257575.0,430.4,318.4
UPCL,3/24/2026,405.0,419.4,405.0,414.0,1.22,333874.0,430.4,318.4
UPCL,3/25/2026,405.8,422.2,405.8,410.0,-0.97,393992.0,430.4,318.4
UPCL,3/26/2026,401.8,418.0,401.8,417.0,3.78,274031.0,430.4,318.4
UPCL,3/29/2026,417.0,420.0,406.0,408.5,-2.04,317033.0,430.4,318.4
UPCL,3/30/2026,416.1,416.1,397.0,402.0,-3.39,279991.0,430.4,318.4
UPCL,3/31/2026,394.0,408.9,394.0,403.0,2.28,263983.0,430.4,318.4
UPCL,4/1/2026,400.0,401.0,383.2,387.0,-3.25,251590.0,430.4,318.4
UPCL,4/2/2026,380.1,392.9,376.1,384.0,1.03,167214.0,430.4,318.4
UPCL,4/5/2026,381.0,381.0,363.3,366.0,-3.94,301805.0,430.4,318.4
UPCL,4/6/2026,368.0,387.6,368.0,383.0,4.08,223577.0,430.4,318.4
UPCL,4/7/2026,375.4,391.8,375.4,381.0,1.49,111183.0,430.4,318.4
UPCL,4/8/2026,373.4,389.9,373.4,389.0,4.18,110981.0,430.4,318.4
UPCL,4/9/2026,396.7,396.7,382.2,393.0,-0.93,155398.0,430.4,318.4
UPCL,4/10/2026,395.0,395.0,383.8,385.0,-2.53,124880.0,430.4,318.4
UPCL,4/13/2026,385.0,395.0,385.0,392.0,1.82,129904.0,430.4,318.4
UPCL,4/15/2026,395.0,401.0,390.0,393.0,-0.51,185778.0,430.4,318.4
UPCL,4/16/2026,393.0,395.0,385.2,386.0,-1.78,94683.0,430.4,318.4
UPCL,4/17/2026,387.2,390.0,380.1,387.0,-0.05,104784.0,430.4,318.4
UPCL,4/20/2026,406.3,406.3,383.5,385.0,-5.24,69594.0,430.4,318.4
UPCL,4/21/2026,404.2,404.2,379.0,379.0,-6.23,68543.0,430.4,318.4
UPCL,4/22/2026,375.5,385.0,370.5,385.0,2.53,98944.0,430.4,318.4
UPCL,4/23/2026,397.7,397.7,373.0,382.0,-3.95,65894.0,430.4,318.4
UPCL,4/24/2026,401.1,401.1,367.0,378.0,-5.76,49753.0,430.4,318.4
UPCL,4/27/2026,378.0,384.0,375.0,378.2,0.05,60071.0,430.4,318.4
UPCL,4/28/2026,378.2,384.0,374.0,378.5,0.08,57745.0,430.4,318.4
UPCL,4/29/2026,378.5,377.0,370.5,372.0,-1.72,59933.0,430.4,318.4
UPCL,4/30/2026,369.0,374.0,365.2,374.0,1.36,59161.0,430.4,318.4
UPCL,5/4/2026,374.0,375.0,363.0,368.0,-1.6,34079.0,430.4,318.4
UPCL,5/5/2026,368.0,375.0,360.3,368.6,0.16,35351.0,430.4,318.4
UPCL,5/6/2026,366.9,369.5,365.0,369.0,0.57,54352.0,430.4,318.4
UPCL,5/7/2026,369.0,370.0,362.0,365.5,-0.95,24216.0,430.4,318.4
UPCL,5/8/2026,383.0,383.0,366.0,370.1,-3.37,40198.0,430.4,318.4
UPCL,5/11/2026,373.5,385.9,372.2,379.3,1.55,67838.0,430.4,318.4
UPCL,5/12/2026,398.2,398.2,370.1,373.0,-6.33,34356.0,430.4,318.4
UPCL,5/13/2026,370.0,374.8,368.0,370.8,0.22,21550.0,430.4,318.4
UPCL,5/14/2026,389.3,389.3,368.1,370.0,-4.96,34319.0,430.4,318.4
UPCL,5/15/2026,388.5,388.5,368.5,369.0,-5.02,30856.0,430.4,318.4
UPCL,5/18/2026,369.0,372.0,364.2,369.5,0.14,72716.0,430.4,318.4
UPCL,5/19/2026,366.0,371.0,363.1,368.0,0.55,51114.0,430.4,318.4
UPCL,5/20/2026,386.4,386.4,364.0,370.5,-4.11,59273.0,430.4,318.4
UPCL,5/21/2026,389.0,389.0,368.0,368.7,-5.22,35339.0,430.4,318.4
UPCL,5/22/2026,369.1,373.4,365.0,373.0,1.06,68424.0,430.4,318.4
UPCL,5/25/2026,377.0,380.0,373.0,375.0,-0.53,52302.0,430.4,318.4
UPCL,5/26/2026,378.0,378.0,370.6,375.0,-0.79,37681.0,430.4,318.4
UPCL,5/27/2026,378.0,378.0,372.5,375.8,-0.58,66741.0,430.4,318.4
UPCL,6/1/2026,360.0,377.0,360.0,367.7,2.14,53077.0,430.4,318.4
UPCL,6/2/2026,360.0,375.0,360.0,373.6,3.78,45671.0,430.4,318.4
UPCL,6/3/2026,373.5,375.7,369.1,371.0,-0.67,38044.0,430.4,318.4
UPCL,6/4/2026,389.5,389.5,368.5,369.0,-5.26,32426.0,430.4,318.4
UPCL,6/5/2026,360.0,372.0,360.0,370.5,2.92,34891.0,430.4,318.4
UPCL,6/8/2026,370.0,370.0,365.0,365.0,-1.35,27491.0,430.4,318.4
UPCL,6/9/2026,365.0,368.0,360.0,366.0,0.27,36103.0,430.4,318.4
UPCL,6/10/2026,367.0,369.9,360.3,364.9,-0.57,9313.0,430.4,318.4
UPCL,6/11/2026,350.0,368.0,350.0,365.0,4.29,26735.0,430.4,318.4
UPCL,6/12/2026,360.0,366.0,360.0,365.0,1.39,24732.0,430.4,318.4
UPCL,6/15/2026,362.1,367.0,360.1,365.0,0.8,25829.0,430.4,318.4
UPCL,6/16/2026,383.2,383.2,359.0,362.0,-5.53,33708.0,430.4,318.4
UPCL,6/17/2026,380.0,380.0,357.0,364.8,-4.0,33602.0,430.4,318.4
UPCL,6/18/2026,360.0,361.8,360.0,360.1,0.03,20151.0,430.4,318.4
UPCL,6/19/2026,342.1,363.0,342.1,363.0,6.11,22351.0,430.4,318.4
UPCL,6/22/2026,344.9,363.0,344.9,359.9,4.35,20799.0,430.4,318.4
UPCL,6/23/2026,350.0,360.0,350.0,352.0,0.57,46738.0,430.4,318.4
UPCL,6/24/2026,335.0,360.0,335.0,352.1,5.1,40943.0,430.4,318.4
UPCL,6/26/2026,350.0,355.9,344.0,344.1,-1.69,37778.0,430.4,318.4
UPCL,6/29/2026,326.9,360.0,326.9,343.7,5.14,39684.0,430.4,318.4
UPCL,6/30/2026,327.0,344.9,327.0,341.5,4.43,41053.0,430.4,318.4
UPCL,7/1/2026,341.5,354.9,336.0,354.9,3.92,43605.0,430.4,318.4
UPCL,7/2/2026,362.0,372.6,341.8,372.6,2.93,74910.0,430.4,318.4
UPCL,7/3/2026,364.0,364.0,354.0,355.0,-2.47,140909.0,430.4,318.4
UPCL,7/6/2026,350.1,355.0,348.0,348.0,-0.6,21176.0,430.4,318.4
UPCL,7/7/2026,351.5,360.0,347.1,360.0,2.42,47764.0,430.4,318.4
UPCL,7/8/2026,350.0,360.0,348.1,360.0,2.86,62094.0,430.4,318.4
UPCL,7/9/2026,349.2,359.9,349.0,359.9,3.06,50083.0,430.4,318.4
UPCL,7/10/2026,377.0,377.0,348.0,361.0,-4.24,38248.0,430.4,318.4
UPCL,7/13/2026,361.0,361.0,350.0,359.0,-0.55,32636.0,430.4,318.4
UPCL,7/14/2026,365.0,365.0,346.0,354.9,-2.77,56649.0,430.4,318.4
UPCL,7/15/2026,345.0,359.5,338.0,354.0,2.61,118476.0,430.4,318.4
UPCL,7/16/2026,355.0,355.0,340.3,342.0,-3.66,78956.0,430.4,318.4
UPCL,7/17/2026,348.0,358.0,348.0,352.0,1.15,61680.0,430.4,318.4
UPCL,7/20/2026,352.0,370.0,352.0,370.0,5.11,78562.0,430.4,318.4
UPCL,7/21/2026,365.0,370.0,358.0,365.9,0.25,92193.0,430.4,318.4
UPCL,7/22/2026,360.0,365.0,356.1,365.0,1.39,58012.0,430.4,318.4
UPCL,7/23/2026,359.1,363.0,355.0,362.0,0.81,44974.0,430.4,318.4
UPCL,7/24/2026,355.1,362.0,354.0,357.0,0.54,43678.0,430.4,318.4
UPCL,7/27/2026,357.0,359.9,349.6,351.0,-1.68,30144.0,430.4,318.4
UPCL,7/28/2026,350.0,354.8,345.3,349.9,-0.03,40013.0,430.4,318.4
UPCL,7/29/2026,355.0,355.0,345.1,349.9,-1.44,16979.0,430.4,318.4
UPCL,7/30/2026,346.5,350.0,345.2,347.0,0.14,23902.0,430.4,318.4
UPCL,7/31/2026,349.0,362.0,344.0,362.0,3.72,68843.0,430.4,318.4
UPCL,8/3/2026,357.0,365.0,353.1,365.0,2.24,50598.0,430.4,318.4
UPCL,8/4/2026,356.0,360.0,350.0,353.0,-0.84,90447.0,430.4,318.4
UPCL,8/5/2026,357.0,357.0,350.0,353.0,-1.12,26089.0,430.4,318.4
UPCL,8/6/2026,355.0,355.0,350.0,351.0,-1.13,22402.0,430.4,318.4
UPCL,8/7/2026,346.1,354.0,346.1,350.0,1.13,17545.0,430.4,318.4
UPCL,8/10/2026,350.0,350.0,345.0,345.0,-1.43,35967.0,430.4,318.4
UPCL,8/11/2026,345.0,354.0,345.0,349.0,1.16,33888.0,430.4,318.4
UPCL,8/12/2026,354.8,354.9,345.0,350.0,-1.35,18520.0,430.4,318.4
UPCL,8/13/2026,350.5,353.0,347.1,348.5,-0.57,20243.0,430.4,318.4
UPCL,8/14/2026,349.0,351.0,347.1,348.0,-0.29,18118.0,430.4,318.4
UPCL,8/17/2026,350.0,350.1,346.0,346.5,-1.0,22370.0,430.4,318.4
UPCL,8/18/2026,345.7,349.9,342.0,344.4,-0.38,43705.0,430.4,318.4
UPCL,8/19/2026,349.9,349.9,341.2,342.2,-2.2,17262.0,430.4,318.4
UPCL,8/20/2026,340.1,345.0,340.1,343.0,0.85,33262.0,430.4,318.4
UPCL,8/21/2026,347.0,347.0,341.0,341.1,-1.7,35483.0,430.4,318.4
UPCL,8/24/2026,341.0,347.0,340.0,341.0,0.0,48035.0,430.4,318.4
UPCL,8/25/2026,340.0,345.0,337.0,338.0,-0.59,36092.0,430.4,318.4
UPCL,8/26/2026,330.1,339.0,330.0,331.0,0.27,43302.0,430.4,318.4
UPCL,8/27/2026,322.1,340.0,321.1,333.0,3.38,15766.0,430.4,318.4
UPCL,8/31/2026,325.2,326.0,318.4,324.0,-0.37,68824.0,430.4,318.4
UPCL,9/1/2026,324.2,330.0,321.0,330.0,1.79,25654.0,430.4,318.4
UPCL,9/2/2026,323.0,338.9,323.0,338.9,4.92,52734.0,430.4,318.4
UPCL,9/3/2026,339.0,344.0,333.0,344.0,1.47,39119.0,430.4,318.4
UPCL,9/7/2026,344.0,347.0,336.0,345.0,0.29,87414.0,430.4,318.4
UPCL,9/9/2026,340.0,365.0,335.0,344.5,1.32,63743.0,430.4,318.4
UPCL,9/10/2026,335.0,355.0,331.1,331.1,-1.16,25476.0,430.4,318.4
UPCL,9/11/2026,335.0,339.0,329.0,332.8,-0.66,41448.0,430.4,318.4
UPCL,9/14/2026,333.0,341.8,333.0,338.0,1.5,41249.0,430.4,318.4
UPCL,9/15/2026,350.0,360.0,342.1,350.0,0.0,84421.0,430.4,318.4
UPCL,9/16/2026,340.0,350.0,340.0,343.0,0.88,37201.0,430.4,318.4
UPCL,9/17/2026,345.0,349.0,342.0,343.0,-0.58,31592.0,430.4,318.4
UPCL,9/18/2026,346.0,349.0,343.0,345.0,-0.29,49030.0,430.4,318.4
UPCL,9/22/2026,345.0,348.5,339.0,341.0,-1.16,54107.0,430.4,318.4
UPCL,9/23/2026,350.0,350.0,333.6,336.0,-4.0,31506.0,430.4,318.4
UPCL,9/24/2026,338.0,338.0,333.6,336.0,-0.59,23410.0,430.4,318.4
UPCL,9/28/2026,336.0,336.0,332.0,332.1,-1.16,29633.0,430.4,318.4
UPCL,9/29/2026,333.0,334.8,332.0,0.0,-100.0,15823.0,430.4,318.4
UPCL,9/30/2026,333.0,334.0,331.0,331.8,-0.36,34568.0,430.4,318.4
UPCL,10/1/2026,333.0,335.0,331.3,333.9,0.27,20187.0,430.4,318.4
UPCL,10/2/2026,333.0,334.0,329.0,332.0,-0.3,66591.0,430.4,318.4
UPPER,3/19/2019,242.0,245.0,241.0,242.0,,19638.0,242.6,170.5
UPPER,3/21/2019,242.0,245.0,238.0,240.0,-0.83,38970.0,242.6,170.5
UPPER,3/24/2019,240.0,242.0,235.0,239.0,-0.42,41392.0,242.6,170.5
UPPER,3/25/2019,238.0,241.0,236.0,240.0,0.42,35260.0,242.6,170.5
UPPER,3/26/2019,237.0,241.0,237.0,241.0,0.42,31029.0,242.6,170.5
UPPER,3/27/2019,237.0,241.0,236.0,240.0,-0.41,27337.0,242.6,170.5
UPPER,3/28/2019,239.0,241.0,238.0,240.0,0.0,24176.0,242.6,170.5
UPPER,3/31/2019,240.0,241.0,237.0,239.0,-0.42,38545.0,242.6,170.5
UPPER,4/1/2019,239.0,239.0,236.0,238.0,-0.42,35591.0,242.6,170.5
UPPER,4/2/2019,237.0,240.0,237.0,237.0,-0.42,30721.0,242.6,170.5
UPPER,4/3/2019,238.0,240.0,235.0,235.0,-0.84,41796.0,242.6,170.5
UPPER,4/4/2019,236.0,238.0,235.0,237.0,0.85,45323.0,242.6,170.5
UPPER,4/7/2019,236.0,237.0,234.0,235.0,-0.84,43463.0,242.6,170.5
UPPER,4/8/2019,235.0,237.0,232.0,235.0,0.0,43356.0,242.6,170.5
UPPER,4/9/2019,233.0,236.0,232.0,233.0,-0.85,19124.0,242.6,170.5
UPPER,4/10/2019,231.0,235.0,231.0,232.0,-0.43,40755.0,242.6,170.5
UPPER,4/11/2019,232.0,233.0,230.0,232.0,0.0,53054.0,242.6,170.5
UPPER,4/15/2019,233.0,233.0,226.0,230.0,-0.86,31609.0,242.6,170.5
UPPER,4/16/2019,230.0,234.0,228.0,230.0,0.0,31491.0,242.6,170.5
UPPER,4/17/2019,230.0,232.0,228.0,229.0,-0.43,36025.0,242.6,170.5
UPPER,4/18/2019,231.0,231.0,227.0,229.0,0.0,23918.0,242.6,170.5
UPPER,4/21/2019,229.0,229.0,225.0,228.0,-0.44,29902.0,242.6,170.5
UPPER,4/22/2019,230.0,235.0,228.0,230.0,0.88,39434.0,242.6,170.5
UPPER,4/23/2019,234.0,234.0,229.0,230.0,0.0,19172.0,242.6,170.5
UPPER,4/24/2019,228.0,232.0,227.0,228.0,-0.87,34195.0,242.6,170.5
UPPER,4/25/2019,228.0,231.0,227.0,227.0,-0.44,59996.0,242.6,170.5
UPPER,4/28/2019,228.0,244.0,228.0,237.0,4.41,89256.0,242.6,170.5
UPPER,4/29/2019,239.0,240.0,231.0,238.0,0.42,35542.0,242.6,170.5
UPPER,4/30/2019,239.0,249.0,233.0,244.0,2.52,156692.0,242.6,170.5
UPPER,5/2/2019,247.0,247.0,237.0,242.0,-0.82,58023.0,242.6,170.5
UPPER,5/5/2019,239.0,241.0,234.0,236.0,-2.48,33682.0,242.6,170.5
UPPER,5/6/2019,235.0,236.0,231.0,236.0,0.0,34550.0,242.6,170.5
UPPER,5/7/2019,238.0,238.0,233.0,238.0,0.85,40464.0,242.6,170.5
UPPER,5/8/2019,240.0,240.0,232.0,234.0,-1.68,26687.0,242.6,170.5
UPPER,5/9/2019,233.0,240.0,232.0,234.0,0.0,22988.0,242.6,170.5
UPPER,5/12/2019,234.0,236.0,231.0,233.0,-0.43,45907.0,242.6,170.5
UPPER,5/13/2019,232.0,244.0,231.0,244.0,4.72,91650.0,242.6,170.5
UPPER,5/14/2019,247.0,254.0,244.0,249.0,2.05,127228.0,242.6,170.5
UPPER,5/15/2019,248.0,254.0,246.0,246.0,-1.2,59616.0,242.6,170.5
UPPER,5/16/2019,245.0,249.0,244.0,246.0,0.0,49168.0,242.6,170.5
UPPER,5/19/2019,246.0,247.0,243.0,245.0,-0.41,32329.0,242.6,170.5
UPPER,5/20/2019,246.0,256.0,243.0,253.0,3.27,118603.0,242.6,170.5
UPPER,5/21/2019,253.0,278.0,250.0,278.0,9.88,186015.0,242.6,170.5
UPPER,5/22/2019,291.0,305.0,291.0,305.0,9.71,165900.0,242.6,170.5
UPPER,5/23/2019,320.0,326.0,275.0,287.0,-5.9,531272.0,242.6,170.5
UPPER,5/26/2019,290.0,291.0,274.0,275.0,-4.18,133698.0,242.6,170.5
UPPER,5/27/2019,274.0,284.0,268.0,276.0,0.36,71364.0,242.6,170.5
UPPER,5/28/2019,273.0,285.0,273.0,280.0,1.45,110919.0,242.6,170.5
UPPER,5/29/2019,284.0,300.0,280.0,294.0,5.0,279590.0,242.6,170.5
UPPER,5/30/2019,308.0,323.0,291.0,293.0,-0.34,303851.0,242.6,170.5
UPPER,6/2/2019,294.0,296.0,286.0,286.0,-2.39,118970.0,242.6,170.5
UPPER,6/3/2019,286.0,287.0,276.0,279.0,-2.45,110084.0,242.6,170.5
UPPER,6/4/2019,280.0,283.0,275.0,276.0,-1.08,69941.0,242.6,170.5
UPPER,6/6/2019,289.0,289.0,271.0,275.0,-0.36,47805.0,242.6,170.5
UPPER,6/10/2019,262.0,275.0,262.0,269.0,-2.18,33131.0,242.6,170.5
UPPER,6/11/2019,268.0,272.0,268.0,269.0,0.0,37850.0,242.6,170.5
UPPER,6/12/2019,274.0,274.0,265.0,267.0,-0.74,31579.0,242.6,170.5
UPPER,6/13/2019,266.0,266.0,261.0,263.0,-1.5,51498.0,242.6,170.5
UPPER,6/16/2019,263.0,272.0,258.0,259.0,-1.52,47830.0,242.6,170.5
UPPER,6/17/2019,258.0,268.0,256.0,267.0,3.09,47123.0,242.6,170.5
UPPER,6/18/2019,267.0,272.0,262.0,267.0,0.0,32900.0,242.6,170.5
UPPER,6/19/2019,264.0,269.0,263.0,266.0,-0.37,26257.0,242.6,170.5
UPPER,6/20/2019,261.0,272.0,261.0,269.0,1.13,35254.0,242.6,170.5
UPPER,6/23/2019,269.0,270.0,264.0,265.0,-1.49,32079.0,242.6,170.5
UPPER,6/24/2019,265.0,268.0,264.0,268.0,1.13,27503.0,242.6,170.5
UPPER,6/25/2019,266.0,270.0,265.0,268.0,0.0,27463.0,242.6,170.5
UPPER,6/26/2019,267.0,270.0,264.0,265.0,-1.12,30997.0,242.6,170.5
UPPER,6/27/2019,270.0,270.0,266.0,267.0,0.75,33763.0,242.6,170.5
UPPER,6/30/2019,272.0,275.0,264.0,264.0,-1.12,30280.0,242.6,170.5
UPPER,7/1/2019,264.0,267.0,263.0,265.0,0.38,20100.0,242.6,170.5
UPPER,7/2/2019,265.0,266.0,263.0,266.0,0.38,27581.0,242.6,170.5
UPPER,7/3/2019,271.0,271.0,264.0,270.0,1.5,41945.0,242.6,170.5
UPPER,7/4/2019,270.0,270.0,267.0,268.0,-0.74,20959.0,242.6,170.5
UPPER,7/7/2019,265.0,268.0,265.0,266.0,-0.75,25900.0,242.6,170.5
UPPER,7/8/2019,275.0,275.0,263.0,265.0,-0.38,27996.0,242.6,170.5
UPPER,7/9/2019,265.0,267.0,264.0,265.0,0.0,18532.0,242.6,170.5
UPPER,7/10/2019,265.0,270.0,264.0,267.0,0.75,29600.0,242.6,170.5
UPPER,7/11/2019,267.0,269.0,267.0,267.0,0.0,27009.0,242.6,170.5
UPPER,7/14/2019,265.0,271.0,265.0,270.0,1.12,36145.0,242.6,170.5
UPPER,7/15/2019,275.0,277.0,270.0,276.0,2.22,57744.0,242.6,170.5
UPPER,7/16/2019,275.0,276.0,272.0,275.0,-0.36,22893.0,242.6,170.5
UPPER,7/17/2019,275.0,286.0,271.0,286.0,4.0,76056.0,242.6,170.5
UPPER,7/18/2019,286.0,289.0,282.0,283.0,-1.05,40637.0,242.6,170.5
UPPER,7/21/2019,283.0,283.0,276.0,279.0,-1.41,42178.0,242.6,170.5
UPPER,7/22/2019,283.0,284.0,280.0,283.0,1.43,24297.0,242.6,170.5
UPPER,7/23/2019,286.0,286.0,281.0,284.0,0.35,35952.0,242.6,170.5
UPPER,7/24/2019,285.0,285.0,280.0,283.0,-0.35,21693.0,242.6,170.5
UPPER,7/25/2019,283.0,283.0,273.0,275.0,-2.83,88967.0,242.6,170.5
UPPER,7/28/2019,275.0,275.0,269.0,270.0,-1.82,59905.0,242.6,170.5
UPPER,7/29/2019,275.0,275.0,270.0,272.0,0.74,23467.0,242.6,170.5
UPPER,7/30/2019,271.0,274.0,270.0,272.0,0.0,13698.0,242.6,170.5
UPPER,7/31/2019,272.0,275.0,271.0,273.0,0.37,20942.0,242.6,170.5
UPPER,8/1/2019,273.0,275.0,270.0,271.0,-0.73,29663.0,242.6,170.5
UPPER,8/4/2019,272.0,272.0,268.0,268.0,-1.11,24121.0,242.6,170.5
UPPER,8/5/2019,269.0,269.0,266.0,267.0,-0.37,24786.0,242.6,170.5
UPPER,8/6/2019,266.0,267.0,264.0,266.0,-0.37,28077.0,242.6,170.5
UPPER,8/7/2019,263.0,268.0,262.0,268.0,0.75,17127.0,242.6,170.5
UPPER,8/8/2019,265.0,267.0,263.0,267.0,-0.37,32222.0,242.6,170.5
UPPER,8/11/2019,262.0,265.0,261.0,264.0,-1.12,15225.0,242.6,170.5
UPPER,8/12/2019,264.0,266.0,262.0,265.0,0.38,9474.0,242.6,170.5
UPPER,8/13/2019,265.0,267.0,264.0,265.0,0.0,10536.0,242.6,170.5
UPPER,8/14/2019,265.0,265.0,263.0,265.0,0.0,21939.0,242.6,170.5
UPPER,8/15/2019,262.0,263.0,261.0,261.0,-1.51,10089.0,242.6,170.5
UPPER,8/18/2019,261.0,263.0,258.0,258.0,-1.15,18383.0,242.6,170.5
UPPER,8/19/2019,258.0,263.0,256.0,258.0,0.0,19292.0,242.6,170.5
UPPER,8/20/2019,258.0,259.0,253.0,253.0,-1.94,27337.0,242.6,170.5
UPPER,8/21/2019,254.0,259.0,254.0,255.0,0.79,20215.0,242.6,170.5
UPPER,8/22/2019,255.0,258.0,252.0,255.0,0.0,16248.0,242.6,170.5
UPPER,8/25/2019,251.0,254.0,248.0,250.0,-1.96,44153.0,242.6,170.5
UPPER,8/26/2019,247.0,253.0,247.0,249.0,-0.4,20410.0,242.6,170.5
UPPER,8/27/2019,249.0,253.0,246.0,252.0,1.2,18837.0,242.6,170.5
UPPER,8/28/2019,250.0,254.0,248.0,248.0,-1.59,12493.0,242.6,170.5
UPPER,8/29/2019,246.0,249.0,244.0,248.0,0.0,14411.0,242.6,170.5
UPPER,9/1/2019,245.0,248.0,243.0,246.0,-0.81,20049.0,242.6,170.5
UPPER,9/2/2019,245.0,246.0,241.0,242.0,-1.63,28134.0,242.6,170.5
UPPER,9/3/2019,246.0,247.0,238.0,245.0,1.24,28471.0,242.6,170.5
UPPER,9/4/2019,247.0,254.0,243.0,248.0,1.22,13544.0,242.6,170.5
UPPER,9/5/2019,249.0,249.0,245.0,245.0,-1.21,17146.0,242.6,170.5
UPPER,9/8/2019,257.0,257.0,243.0,244.0,-0.41,16010.0,242.6,170.5
UPPER,9/9/2019,246.0,248.0,241.0,241.0,-1.23,18711.0,242.6,170.5
UPPER,9/10/2019,241.0,245.0,238.0,240.0,-0.41,12852.0,242.6,170.5
UPPER,9/11/2019,242.0,242.0,238.0,239.0,-0.42,13161.0,242.6,170.5
UPPER,9/12/2019,239.0,242.0,236.0,237.0,-0.84,15828.0,242.6,170.5
UPPER,9/15/2019,238.0,238.0,232.0,235.0,-0.84,17007.0,242.6,170.5
UPPER,9/16/2019,235.0,236.0,230.0,231.0,-1.7,23812.0,242.6,170.5
UPPER,9/17/2019,230.0,248.0,230.0,246.0,6.49,20706.0,242.6,170.5
UPPER,9/18/2019,246.0,253.0,243.0,245.0,-0.41,57003.0,242.6,170.5
UPPER,9/19/2019,244.0,248.0,239.0,244.0,-0.41,22526.0,242.6,170.5
UPPER,9/22/2019,244.0,244.0,234.0,235.0,-3.69,13829.0,242.6,170.5
UPPER,9/23/2019,235.0,238.0,231.0,238.0,1.28,15625.0,242.6,170.5
UPPER,9/24/2019,234.0,237.0,231.0,232.0,-2.52,11149.0,242.6,170.5
UPPER,9/25/2019,233.0,236.0,231.0,232.0,0.0,17434.0,242.6,170.5
UPPER,9/26/2019,234.0,234.0,231.0,231.0,-0.43,20704.0,242.6,170.5
UPPER,9/29/2019,230.0,232.0,229.0,229.0,-0.87,25295.0,242.6,170.5
UPPER,9/30/2019,228.0,238.0,228.0,236.0,3.06,21389.0,242.6,170.5
UPPER,10/1/2019,236.0,241.0,234.0,237.0,0.42,14322.0,242.6,170.5
UPPER,10/2/2019,240.0,240.0,234.0,236.0,-0.42,4799.0,242.6,170.5
UPPER,10/3/2019,238.0,238.0,234.0,238.0,0.85,5544.0,242.6,170.5
UPPER,10/10/2019,235.0,236.0,234.0,236.0,-0.84,2606.0,242.6,170.5
UPPER,10/14/2019,235.0,237.0,234.0,236.0,0.0,4315.0,242.6,170.5
UPPER,10/15/2019,234.0,238.0,233.0,235.0,-0.42,6431.0,242.6,170.5
UPPER,10/16/2019,235.0,238.0,232.0,238.0,1.28,14594.0,242.6,170.5
UPPER,10/17/2019,238.0,238.0,233.0,237.0,-0.42,7827.0,242.6,170.5
UPPER,10/20/2019,237.0,237.0,233.0,236.0,-0.42,11075.0,242.6,170.5
UPPER,10/21/2019,234.0,236.0,232.0,236.0,0.0,11557.0,242.6,170.5
UPPER,10/22/2019,236.0,238.0,233.0,235.0,-0.42,17061.0,242.6,170.5
UPPER,10/23/2019,235.0,241.0,235.0,239.0,1.7,18302.0,242.6,170.5
UPPER,10/24/2019,238.0,240.0,236.0,238.0,-0.42,13922.0,242.6,170.5
UPPER,10/31/2019,238.0,238.0,235.0,236.0,-0.84,10571.0,242.6,170.5
UPPER,11/3/2019,235.0,237.0,234.0,235.0,-0.42,9055.0,242.6,170.5
UPPER,11/4/2019,235.0,236.0,234.0,236.0,0.43,8076.0,242.6,170.5
UPPER,11/5/2019,235.0,237.0,234.0,237.0,0.42,6068.0,242.6,170.5
UPPER,11/6/2019,235.0,236.0,235.0,236.0,-0.42,3970.0,242.6,170.5
UPPER,11/7/2019,236.0,238.0,233.0,234.0,-0.85,11796.0,242.6,170.5
UPPER,11/10/2019,234.0,234.0,231.0,231.0,-1.28,12800.0,242.6,170.5
UPPER,11/11/2019,231.0,236.0,230.0,233.0,0.87,20461.0,242.6,170.5
UPPER,11/12/2019,233.0,236.0,231.0,233.0,0.0,8130.0,242.6,170.5
UPPER,11/13/2019,230.0,232.0,230.0,231.0,-0.86,12774.0,242.6,170.5
UPPER,11/14/2019,231.0,232.0,230.0,231.0,0.0,11056.0,242.6,170.5
UPPER,11/17/2019,231.0,233.0,226.0,228.0,-1.3,19706.0,242.6,170.5
UPPER,11/18/2019,228.0,228.0,226.0,228.0,0.0,12226.0,242.6,170.5
UPPER,11/19/2019,225.0,227.0,225.0,227.0,-0.44,11856.0,242.6,170.5
UPPER,11/20/2019,225.0,229.0,225.0,227.0,0.0,9077.0,242.6,170.5
UPPER,11/21/2019,226.0,229.0,223.0,223.0,-1.76,30761.0,242.6,170.5
UPPER,11/24/2019,225.0,225.0,222.0,223.0,0.0,10652.0,242.6,170.5
UPPER,11/25/2019,225.0,228.0,221.0,226.0,1.35,13017.0,242.6,170.5
UPPER,11/26/2019,226.0,226.0,223.0,226.0,0.0,15021.0,242.6,170.5
UPPER,11/27/2019,223.0,226.0,222.0,226.0,0.0,7755.0,242.6,170.5
UPPER,11/28/2019,225.0,226.0,223.0,224.0,-0.88,12262.0,242.6,170.5
UPPER,12/1/2019,224.0,230.0,223.0,226.0,0.89,8886.0,242.6,170.5
UPPER,12/2/2019,226.0,231.0,225.0,231.0,2.21,9863.0,242.6,170.5
UPPER,12/3/2019,227.0,232.0,225.0,230.0,-0.43,12396.0,242.6,170.5
UPPER,12/4/2019,229.0,235.0,228.0,232.0,0.87,12012.0,242.6,170.5
UPPER,12/5/2019,232.0,236.0,232.0,236.0,1.72,15078.0,242.6,170.5
UPPER,12/8/2019,234.0,235.0,228.0,234.0,-0.85,11911.0,242.6,170.5
UPPER,12/9/2019,234.0,238.0,233.0,236.0,0.85,11025.0,242.6,170.5
UPPER,12/10/2019,235.0,236.0,232.0,234.0,-0.85,8705.0,242.6,170.5
UPPER,12/11/2019,234.0,237.0,232.0,236.0,0.85,5523.0,242.6,170.5
UPPER,12/12/2019,236.0,255.0,233.0,245.0,3.81,25220.0,242.6,170.5
UPPER,12/15/2019,248.0,252.0,236.0,241.0,-1.63,21319.0,242.6,170.5
UPPER,12/16/2019,241.0,241.0,233.0,234.0,-2.9,8870.0,242.6,170.5
UPPER,12/17/2019,230.0,236.0,230.0,234.0,0.0,7095.0,242.6,170.5
UPPER,12/18/2019,233.0,234.0,232.0,232.0,-0.85,7141.0,242.6,170.5
UPPER,12/19/2019,235.0,235.0,230.0,233.0,0.43,9157.0,242.6,170.5
UPPER,12/22/2019,230.0,235.0,229.0,232.0,-0.43,10754.0,242.6,170.5
UPPER,12/23/2019,233.0,237.0,231.0,235.0,1.29,18492.0,242.6,170.5
UPPER,12/24/2019,236.0,247.0,235.0,237.0,0.85,46247.0,242.6,170.5
UPPER,12/25/2019,233.0,242.0,233.0,238.0,0.42,6705.0,242.6,170.5
UPPER,12/26/2019,238.0,238.0,235.0,236.0,-0.84,6030.0,242.6,170.5
UPPER,12/29/2019,234.0,236.0,232.0,236.0,0.0,12169.0,242.6,170.5
UPPER,12/30/2019,233.0,237.0,232.0,233.0,-1.27,14442.0,242.6,170.5
UPPER,12/31/2019,233.0,237.0,232.0,235.0,0.86,5925.0,242.6,170.5
UPPER,1/1/2020,232.0,238.0,232.0,236.0,0.43,10195.0,242.6,170.5
UPPER,1/2/2020,236.0,237.0,233.0,237.0,0.42,6549.0,242.6,170.5
UPPER,1/5/2020,235.0,239.0,235.0,237.0,0.0,22746.0,242.6,170.5
UPPER,1/6/2020,240.0,240.0,235.0,236.0,-0.42,24393.0,242.6,170.5
UPPER,1/7/2020,236.0,245.0,236.0,241.0,2.12,42390.0,242.6,170.5
UPPER,1/8/2020,240.0,243.0,238.0,238.0,-1.24,33470.0,242.6,170.5
UPPER,1/9/2020,242.0,242.0,236.0,238.0,0.0,18802.0,242.6,170.5
UPPER,1/12/2020,238.0,246.0,236.0,246.0,3.36,50778.0,242.6,170.5
UPPER,1/13/2020,249.0,260.0,244.0,249.0,1.22,99310.0,242.6,170.5
UPPER,1/14/2020,245.0,253.0,245.0,250.0,0.4,41964.0,242.6,170.5
UPPER,1/15/2020,250.0,255.0,248.0,249.0,-0.4,31058.0,242.6,170.5
UPPER,1/16/2020,253.0,253.0,248.0,249.0,0.0,52682.0,242.6,170.5
UPPER,1/19/2020,253.0,269.0,250.0,263.0,5.62,120084.0,242.6,170.5
UPPER,1/20/2020,262.0,265.0,254.0,255.0,-3.04,60657.0,242.6,170.5
UPPER,1/21/2020,250.0,259.0,250.0,257.0,0.78,34140.0,242.6,170.5
UPPER,1/22/2020,255.0,255.0,248.0,249.0,-3.11,43895.0,242.6,170.5
UPPER,1/23/2020,247.0,254.0,244.0,245.0,-1.61,36395.0,242.6,170.5
UPPER,1/26/2020,245.0,245.0,238.0,240.0,-2.04,31100.0,242.6,170.5
UPPER,1/27/2020,243.0,249.0,240.0,244.0,1.67,18145.0,242.6,170.5
UPPER,1/28/2020,244.0,250.0,243.0,243.0,-0.41,26924.0,242.6,170.5
UPPER,1/29/2020,240.0,243.0,240.0,240.0,-1.23,23498.0,242.6,170.5
UPPER,1/30/2020,238.0,245.0,238.0,243.0,1.25,28426.0,242.6,170.5
UPPER,2/2/2020,245.0,245.0,241.0,244.0,0.41,28784.0,242.6,170.5
UPPER,2/3/2020,241.0,253.0,240.0,248.0,1.64,45086.0,242.6,170.5
UPPER,2/4/2020,248.0,255.0,244.0,244.0,-1.61,42210.0,242.6,170.5
UPPER,2/5/2020,245.0,248.0,242.0,246.0,0.82,15390.0,242.6,170.5
UPPER,2/6/2020,244.0,245.0,242.0,242.0,-1.63,16286.0,242.6,170.5
UPPER,2/9/2020,241.0,244.0,239.0,243.0,0.41,25601.0,242.6,170.5
UPPER,2/10/2020,240.0,242.0,239.0,240.0,-1.23,20248.0,242.6,170.5
UPPER,2/11/2020,239.0,244.0,239.0,242.0,0.83,38051.0,242.6,170.5
UPPER,2/12/2020,242.0,244.0,238.0,238.0,-1.65,48125.0,242.6,170.5
UPPER,2/13/2020,241.0,241.0,236.0,237.0,-0.42,37443.0,242.6,170.5
UPPER,2/16/2020,236.0,240.0,235.0,236.0,-0.42,34047.0,242.6,170.5
UPPER,2/17/2020,240.0,244.0,236.0,243.0,2.97,57751.0,242.6,170.5
UPPER,2/18/2020,240.0,247.0,239.0,240.0,-1.23,22388.0,242.6,170.5
UPPER,2/19/2020,244.0,244.0,236.0,239.0,-0.42,20553.0,242.6,170.5
UPPER,2/20/2020,240.0,241.0,238.0,238.0,-0.42,43284.0,242.6,170.5
UPPER,2/23/2020,240.0,250.0,240.0,245.0,2.94,53463.0,242.6,170.5
UPPER,2/24/2020,249.0,253.0,244.0,245.0,0.0,46941.0,242.6,170.5
UPPER,2/25/2020,245.0,257.0,242.0,257.0,4.9,80203.0,242.6,170.5
UPPER,2/26/2020,269.0,269.0,249.0,257.0,0.0,124309.0,242.6,170.5
UPPER,2/27/2020,252.0,256.0,247.0,250.0,-2.72,61362.0,242.6,170.5
UPPER,3/1/2020,251.0,259.0,250.0,251.0,0.4,148886.0,242.6,170.5
UPPER,3/2/2020,255.0,255.0,244.0,244.0,-2.79,30848.0,242.6,170.5
UPPER,3/3/2020,240.0,250.0,229.0,242.0,-0.82,45331.0,242.6,170.5
UPPER,3/4/2020,243.0,244.0,235.0,236.0,-2.48,70922.0,242.6,170.5
UPPER,3/5/2020,236.0,239.0,234.0,235.0,-0.42,36480.0,242.6,170.5
UPPER,3/10/2020,235.0,236.0,230.0,230.0,-2.13,27960.0,242.6,170.5
UPPER,3/11/2020,232.0,244.0,229.0,244.0,6.09,42634.0,242.6,170.5
UPPER,3/12/2020,246.0,247.0,230.0,234.0,-4.1,59372.0,242.6,170.5
UPPER,3/15/2020,235.0,235.0,227.0,228.0,-2.56,69399.0,242.6,170.5
UPPER,3/16/2020,228.0,234.0,227.0,228.0,0.0,50295.0,242.6,170.5
UPPER,3/17/2020,231.0,238.0,228.0,231.0,1.32,55957.0,242.6,170.5
UPPER,3/18/2020,230.0,234.0,227.0,228.0,-1.3,37214.0,242.6,170.5
UPPER,3/19/2020,225.0,230.0,221.0,230.0,0.88,71140.0,242.6,170.5
UPPER,3/22/2020,230.0,230.0,225.0,227.0,-1.3,2893.0,242.6,170.5
UPPER,5/12/2020,223.0,223.0,221.0,221.0,-2.64,120.0,242.6,170.5
UPPER,5/13/2020,217.0,217.0,215.0,215.0,-2.71,30.0,242.6,170.5
UPPER,6/29/2020,211.0,216.0,194.0,216.0,0.47,18841.0,242.6,170.5
UPPER,6/30/2020,212.0,233.0,212.0,228.0,5.56,10005.0,242.6,170.5
UPPER,7/1/2020,232.0,250.0,232.0,240.0,5.26,4921.0,242.6,170.5
UPPER,7/2/2020,252.0,254.0,225.0,229.0,-4.58,13075.0,242.6,170.5
UPPER,7/5/2020,229.0,238.0,224.0,231.0,0.87,25667.0,242.6,170.5
UPPER,7/6/2020,227.0,231.0,223.0,228.0,-1.3,15470.0,242.6,170.5
UPPER,7/7/2020,230.0,240.0,230.0,237.0,3.95,24798.0,242.6,170.5
UPPER,7/8/2020,237.0,237.0,229.0,232.0,-2.11,16000.0,242.6,170.5
UPPER,7/9/2020,232.0,233.0,228.0,230.0,-0.86,13515.0,242.6,170.5
UPPER,7/12/2020,227.0,233.0,227.0,230.0,0.0,19898.0,242.6,170.5
UPPER,7/13/2020,230.0,233.0,228.0,233.0,1.3,18610.0,242.6,170.5
UPPER,7/14/2020,232.0,233.0,231.0,231.0,-0.86,20910.0,242.6,170.5
UPPER,7/15/2020,230.0,234.0,230.0,233.0,0.87,24827.0,242.6,170.5
UPPER,7/16/2020,230.0,237.0,230.0,234.0,0.43,15361.0,242.6,170.5
UPPER,7/19/2020,238.0,241.0,237.0,241.0,2.99,650.0,242.6,170.5
UPPER,7/20/2020,245.0,253.0,235.0,243.0,0.83,41801.0,242.6,170.5
UPPER,7/21/2020,240.0,241.0,234.0,237.0,-2.47,24619.0,242.6,170.5
UPPER,7/22/2020,235.0,237.0,231.0,234.0,-1.27,12152.0,242.6,170.5
UPPER,7/23/2020,231.0,235.0,231.0,232.0,-0.85,18502.0,242.6,170.5
UPPER,7/26/2020,240.0,240.0,228.0,230.0,-0.86,39278.0,242.6,170.5
UPPER,7/27/2020,234.0,234.0,230.0,232.0,0.87,26963.0,242.6,170.5
UPPER,7/28/2020,230.0,234.0,229.0,229.0,-1.29,20308.0,242.6,170.5
UPPER,7/29/2020,229.0,231.0,228.0,228.0,-0.44,23865.0,242.6,170.5
UPPER,7/30/2020,227.0,232.0,227.0,229.0,0.44,20632.0,242.6,170.5
UPPER,8/2/2020,229.0,230.0,226.0,228.0,-0.44,18622.0,242.6,170.5
UPPER,8/3/2020,226.0,229.0,226.0,227.0,-0.44,19267.0,242.6,170.5
UPPER,8/5/2020,225.0,228.0,224.0,225.0,-0.88,25353.0,242.6,170.5
UPPER,8/6/2020,224.0,227.0,222.0,224.0,-0.44,19325.0,242.6,170.5
UPPER,8/9/2020,222.0,225.0,221.0,224.0,0.0,10147.0,242.6,170.5
UPPER,8/10/2020,221.0,228.0,221.0,227.0,1.34,23540.0,242.6,170.5
UPPER,8/11/2020,228.0,228.0,225.0,228.0,0.44,17874.0,242.6,170.5
UPPER,8/12/2020,230.0,230.0,224.0,228.0,0.0,18935.0,242.6,170.5
UPPER,8/13/2020,225.0,226.0,223.0,224.0,-1.75,20134.0,242.6,170.5
UPPER,8/16/2020,222.0,223.0,220.0,221.0,-1.34,44124.0,242.6,170.5
UPPER,8/17/2020,220.0,222.0,219.0,219.0,-0.9,42564.0,242.6,170.5
UPPER,8/18/2020,220.0,222.0,219.0,219.0,0.0,43755.0,242.6,170.5
UPPER,8/19/2020,219.0,220.0,218.0,220.0,0.46,21614.0,242.6,170.5
UPPER,8/20/2020,222.0,222.0,218.0,219.0,-0.45,7395.0,242.6,170.5
UPPER,8/23/2020,219.0,221.0,218.0,220.0,0.46,11917.0,242.6,170.5
UPPER,8/24/2020,220.0,224.0,220.0,221.0,0.45,23471.0,242.6,170.5
UPPER,8/25/2020,210.0,226.0,210.0,226.0,2.26,17578.0,242.6,170.5
UPPER,8/26/2020,228.0,230.0,222.0,227.0,0.44,27578.0,242.6,170.5
UPPER,8/27/2020,228.0,228.0,223.0,224.0,-1.32,32653.0,242.6,170.5
UPPER,8/30/2020,223.0,226.0,221.0,223.0,-0.45,26062.0,242.6,170.5
UPPER,8/31/2020,234.0,237.0,224.0,231.0,3.59,72125.0,242.6,170.5
UPPER,9/2/2020,231.0,254.0,231.0,254.0,9.96,192864.0,242.6,170.5
UPPER,9/3/2020,266.0,276.0,248.0,250.0,-1.57,213983.0,242.6,170.5
UPPER,9/6/2020,262.0,262.0,248.0,250.0,0.0,120973.0,242.6,170.5
UPPER,9/7/2020,250.0,250.0,242.0,244.0,-2.4,65957.0,242.6,170.5
UPPER,9/8/2020,240.0,250.0,240.0,247.0,1.23,27931.0,242.6,170.5
UPPER,9/9/2020,247.0,254.0,245.0,252.0,2.02,63351.0,242.6,170.5
UPPER,9/10/2020,252.0,256.0,248.0,250.0,-0.79,37883.0,242.6,170.5
UPPER,9/13/2020,262.0,262.0,249.0,254.0,1.6,90580.0,242.6,170.5
UPPER,9/14/2020,254.0,259.0,252.0,253.0,-0.39,74124.0,242.6,170.5
UPPER,9/15/2020,258.0,258.0,249.0,250.0,-1.19,49417.0,242.6,170.5
UPPER,9/16/2020,250.0,265.0,248.0,260.0,4.0,112334.0,242.6,170.5
UPPER,9/17/2020,260.0,286.0,260.0,284.0,9.23,307414.0,242.6,170.5
UPPER,9/20/2020,298.0,298.0,270.0,270.0,-4.93,148958.0,242.6,170.5
UPPER,9/21/2020,270.0,281.0,264.0,271.0,0.37,94888.0,242.6,170.5
UPPER,9/22/2020,268.0,276.0,268.0,270.0,-0.37,110438.0,242.6,170.5
UPPER,9/23/2020,257.0,278.0,257.0,275.0,1.85,115474.0,242.6,170.5
UPPER,9/24/2020,275.0,295.0,275.0,293.0,6.55,330655.0,242.6,170.5
UPPER,9/27/2020,293.0,293.0,278.0,286.0,-2.39,151966.0,242.6,170.5
UPPER,9/28/2020,290.0,291.0,280.0,284.0,-0.7,76202.0,242.6,170.5
UPPER,9/29/2020,290.0,291.0,276.0,291.0,2.46,92897.0,242.6,170.5
UPPER,9/30/2020,290.0,294.0,286.0,289.0,-0.69,92553.0,242.6,170.5
UPPER,10/1/2020,286.0,294.0,281.0,282.0,-2.42,98999.0,242.6,170.5
UPPER,10/4/2020,282.0,282.0,270.0,275.0,-2.48,111993.0,242.6,170.5
UPPER,10/5/2020,273.0,282.0,273.0,279.0,1.45,77223.0,242.6,170.5
UPPER,10/6/2020,279.0,291.0,278.0,291.0,4.3,145633.0,242.6,170.5
UPPER,10/7/2020,292.0,306.0,290.0,302.0,3.78,309647.0,242.6,170.5
UPPER,10/8/2020,302.0,307.0,290.0,290.0,-3.97,176086.0,242.6,170.5
UPPER,10/11/2020,286.0,297.0,284.0,285.0,-1.72,131788.0,242.6,170.5
UPPER,10/12/2020,281.0,290.0,280.0,286.0,0.35,68080.0,242.6,170.5
UPPER,10/13/2020,300.0,300.0,282.0,283.0,-1.05,48597.0,242.6,170.5
UPPER,10/14/2020,284.0,286.0,280.0,281.0,-0.71,56957.0,242.6,170.5
UPPER,10/15/2020,286.0,287.0,281.0,283.0,0.71,34961.0,242.6,170.5
UPPER,10/18/2020,287.0,287.0,278.0,281.0,-0.71,35512.0,242.6,170.5
UPPER,10/19/2020,280.0,286.0,280.0,283.0,0.71,28898.0,242.6,170.5
UPPER,10/20/2020,284.0,289.0,284.0,289.0,2.12,34110.0,242.6,170.5
UPPER,10/21/2020,300.0,300.0,286.0,289.0,0.0,28685.0,242.6,170.5
UPPER,10/22/2020,303.0,303.0,283.0,286.0,-1.04,40390.0,242.6,170.5
UPPER,10/28/2020,284.0,290.0,284.0,289.0,1.05,61359.0,242.6,170.5
UPPER,10/29/2020,303.0,303.0,287.0,295.0,2.08,103037.0,242.6,170.5
UPPER,11/1/2020,295.0,301.0,294.0,298.0,1.02,122821.0,242.6,170.5
UPPER,11/2/2020,300.0,300.0,295.0,297.0,-0.34,85931.0,242.6,170.5
UPPER,11/3/2020,295.0,299.0,295.0,299.0,0.67,58745.0,242.6,170.5
UPPER,11/4/2020,305.0,305.0,295.0,297.0,-0.67,54955.0,242.6,170.5
UPPER,11/5/2020,295.0,300.0,295.0,295.0,-0.67,46148.0,242.6,170.5
UPPER,11/8/2020,295.0,300.0,295.0,297.0,0.68,79280.0,242.6,170.5
UPPER,11/9/2020,298.0,298.0,295.0,296.0,-0.34,46149.0,242.6,170.5
UPPER,11/10/2020,295.0,299.0,295.0,296.0,0.0,52170.0,242.6,170.5
UPPER,11/11/2020,296.0,297.0,295.0,296.0,0.0,51873.0,242.6,170.5
UPPER,11/12/2020,296.0,298.0,295.0,297.0,0.34,68127.0,242.6,170.5
UPPER,11/18/2020,297.0,297.0,292.0,293.0,-1.35,74377.0,242.6,170.5
UPPER,11/19/2020,292.0,299.0,292.0,295.0,0.68,80663.0,242.6,170.5
UPPER,11/22/2020,295.0,300.0,290.0,290.0,-1.69,124737.0,242.6,170.5
UPPER,11/23/2020,290.0,295.0,290.0,292.0,0.69,68644.0,242.6,170.5
UPPER,11/24/2020,290.0,298.0,290.0,293.0,0.34,101585.0,242.6,170.5
UPPER,11/25/2020,293.0,299.0,293.0,296.0,1.02,62256.0,242.6,170.5
UPPER,11/26/2020,301.0,301.0,293.0,294.0,-0.68,73971.0,242.6,170.5
UPPER,11/29/2020,294.0,299.0,294.0,296.0,0.68,111980.0,242.6,170.5
UPPER,11/30/2020,297.0,325.0,295.0,325.0,9.8,243738.0,242.6,170.5
UPPER,12/1/2020,340.0,357.0,326.0,357.0,9.85,346495.0,242.6,170.5
UPPER,12/2/2020,374.0,392.0,374.0,392.0,9.8,94412.0,242.6,170.5
UPPER,12/3/2020,411.0,431.0,411.0,431.0,9.95,261776.0,242.6,170.5
UPPER,12/6/2020,452.0,474.0,417.0,418.0,-3.02,650300.0,242.6,170.5
UPPER,12/7/2020,418.0,459.0,410.0,459.0,9.81,439134.0,242.6,170.5
UPPER,12/8/2020,481.0,504.0,478.0,504.0,9.8,318212.0,242.6,170.5
UPPER,12/9/2020,529.0,554.0,512.0,527.0,4.56,486805.0,242.6,170.5
UPPER,12/10/2020,527.0,527.0,475.0,475.0,-9.87,250250.0,242.6,170.5
UPPER,12/13/2020,452.0,490.0,428.0,452.0,-4.84,406954.0,242.6,170.5
UPPER,12/14/2020,452.0,479.0,448.0,450.0,-0.44,161138.0,242.6,170.5
UPPER,12/15/2020,447.0,469.0,447.0,448.0,-0.44,138244.0,242.6,170.5
UPPER,12/16/2020,470.0,470.0,440.0,442.0,-1.34,127539.0,242.6,170.5
UPPER,12/17/2020,438.0,438.0,417.0,420.0,-4.98,258361.0,242.6,170.5
UPPER,12/20/2020,420.0,420.0,378.0,379.0,-9.76,262863.0,242.6,170.5
UPPER,12/21/2020,375.0,410.0,350.0,397.0,4.75,239971.0,242.6,170.5
UPPER,12/22/2020,401.0,436.0,401.0,436.0,9.82,158910.0,242.6,170.5
UPPER,12/23/2020,457.0,469.0,420.0,434.0,-0.46,115519.0,242.6,170.5
UPPER,12/24/2020,445.0,445.0,421.0,425.0,-2.07,91833.0,242.6,170.5
UPPER,12/27/2020,420.0,427.0,410.0,412.0,-3.06,107479.0,242.6,170.5
UPPER,12/28/2020,412.0,422.0,406.0,414.0,0.49,68528.0,242.6,170.5
UPPER,12/29/2020,416.0,416.0,405.0,405.0,-2.17,61313.0,242.6,170.5
UPPER,12/30/2020,405.0,412.0,399.0,410.0,1.23,52507.0,242.6,170.5
UPPER,12/31/2020,411.0,423.0,407.0,411.0,0.24,58066.0,242.6,170.5
UPPER,1/3/2021,411.0,424.0,410.0,422.0,2.68,89186.0,242.6,170.5
UPPER,1/4/2021,430.0,430.0,416.0,417.0,-1.18,38104.0,242.6,170.5
UPPER,1/5/2021,415.0,455.0,410.0,434.0,4.08,131972.0,242.6,170.5
UPPER,1/6/2021,440.0,447.0,430.0,432.0,-0.46,69409.0,242.6,170.5
UPPER,1/7/2021,432.0,440.0,432.0,434.0,0.46,74208.0,242.6,170.5
UPPER,1/10/2021,431.0,456.0,431.0,436.0,0.46,57338.0,242.6,170.5
UPPER,1/11/2021,457.0,457.0,432.0,435.0,-0.23,71034.0,242.6,170.5
UPPER,1/12/2021,443.0,478.0,435.0,478.0,9.89,337243.0,242.6,170.5
UPPER,1/13/2021,500.0,524.0,490.0,495.0,3.56,366739.0,242.6,170.5
UPPER,1/17/2021,495.0,510.0,490.0,493.0,-0.4,108794.0,242.6,170.5
UPPER,1/18/2021,493.0,494.0,480.0,486.0,-1.42,125594.0,242.6,170.5
UPPER,1/19/2021,462.0,495.0,462.0,478.0,-1.65,134343.0,242.6,170.5
UPPER,1/20/2021,501.0,511.0,469.0,496.0,3.77,259491.0,242.6,170.5
UPPER,1/21/2021,520.0,520.0,494.0,507.0,2.22,232105.0,242.6,170.5
UPPER,1/24/2021,525.0,525.0,509.0,519.0,2.37,290020.0,242.6,170.5
UPPER,1/25/2021,519.0,528.0,505.0,510.0,-1.73,217376.0,242.6,170.5
UPPER,1/26/2021,510.0,512.0,495.0,497.0,-2.55,172098.0,242.6,170.5
UPPER,1/27/2021,520.0,520.0,489.0,494.0,-0.6,83964.0,242.6,170.5
UPPER,1/28/2021,518.0,518.0,488.0,490.0,-0.81,117187.0,242.6,170.5
UPPER,1/31/2021,490.0,498.0,480.0,484.0,-1.22,138561.0,242.6,170.5
UPPER,2/1/2021,490.0,498.0,486.0,492.0,1.65,84530.0,242.6,170.5
UPPER,2/2/2021,499.0,500.0,492.0,496.0,0.81,107332.0,242.6,170.5
UPPER,2/3/2021,500.0,505.0,493.0,494.0,-0.4,105139.0,242.6,170.5
UPPER,2/4/2021,495.0,499.0,485.0,493.0,-0.2,79183.0,242.6,170.5
UPPER,2/7/2021,497.0,515.0,494.0,498.0,1.01,135923.0,242.6,170.5
UPPER,2/8/2021,522.0,522.0,495.0,496.0,-0.4,137929.0,242.6,170.5
UPPER,2/9/2021,496.0,500.0,490.0,490.0,-1.21,86660.0,242.6,170.5
UPPER,2/10/2021,492.0,495.0,487.0,488.0,-0.41,67710.0,242.6,170.5
UPPER,2/11/2021,495.0,496.0,482.0,483.0,-1.02,89133.0,242.6,170.5
UPPER,2/14/2021,475.0,490.0,471.0,477.0,-1.24,126683.0,242.6,170.5
UPPER,2/15/2021,500.0,500.0,480.0,491.0,2.94,76134.0,242.6,170.5
UPPER,2/16/2021,490.0,498.0,482.0,483.0,-1.63,60181.0,242.6,170.5
UPPER,2/17/2021,485.0,491.0,474.0,479.0,-0.83,93303.0,242.6,170.5
UPPER,2/18/2021,485.0,500.0,485.0,490.0,2.3,211792.0,242.6,170.5
UPPER,2/21/2021,500.0,539.0,500.0,539.0,10.0,432612.0,242.6,170.5
UPPER,2/22/2021,565.0,592.0,565.0,592.0,9.83,96224.0,242.6,170.5
UPPER,2/23/2021,621.0,651.0,539.0,571.0,-3.55,753628.0,242.6,170.5
UPPER,2/24/2021,599.0,599.0,554.0,562.0,-1.58,283121.0,242.6,170.5
UPPER,2/25/2021,563.0,568.0,545.0,553.0,-1.6,187954.0,242.6,170.5
UPPER,2/28/2021,553.0,564.0,533.0,535.0,-3.25,252826.0,242.6,170.5
UPPER,3/1/2021,561.0,561.0,520.0,545.0,1.87,155068.0,242.6,170.5
UPPER,3/2/2021,572.0,572.0,524.0,530.0,-2.75,152952.0,242.6,170.5
UPPER,3/3/2021,520.0,534.0,511.0,520.0,-1.89,165066.0,242.6,170.5
UPPER,3/4/2021,529.0,557.0,522.0,552.0,6.15,245208.0,242.6,170.5
UPPER,3/7/2021,570.0,599.0,555.0,575.0,4.17,417909.0,242.6,170.5
UPPER,3/9/2021,579.0,612.0,570.0,595.0,3.48,498933.0,242.6,170.5
UPPER,3/10/2021,600.0,612.0,587.0,589.0,-1.01,145452.0,242.6,170.5
UPPER,3/14/2021,600.0,647.0,600.0,647.0,9.85,701070.0,242.6,170.5
UPPER,3/15/2021,679.0,682.0,642.0,659.0,1.85,447895.0,242.6,170.5
UPPER,3/16/2021,670.0,670.0,635.0,636.0,-3.49,291398.0,242.6,170.5
UPPER,3/17/2021,640.0,650.0,630.0,644.0,1.26,222906.0,242.6,170.5
UPPER,3/18/2021,646.0,656.0,635.0,638.0,-0.93,188031.0,242.6,170.5
UPPER,3/21/2021,669.0,669.0,642.0,660.0,3.45,240639.0,242.6,170.5
UPPER,3/22/2021,693.0,726.0,673.0,726.0,10.0,664051.0,242.6,170.5
UPPER,3/23/2021,760.0,798.0,735.0,798.0,9.92,419522.0,242.6,170.5
UPPER,3/24/2021,837.0,837.0,755.0,775.0,-2.88,526050.0,242.6,170.5
UPPER,3/25/2021,775.0,779.0,760.0,764.0,-1.42,352311.0,242.6,170.5
UPPER,3/29/2021,764.0,813.0,764.0,800.0,4.71,489926.0,242.6,170.5
UPPER,3/30/2021,810.0,880.0,805.0,867.0,8.38,344134.0,242.6,170.5
UPPER,3/31/2021,900.0,927.0,852.0,898.0,3.58,354826.0,242.6,170.5
UPPER,4/1/2021,898.0,900.0,873.0,879.0,-2.12,342329.0,242.6,170.5
UPPER,4/4/2021,890.0,890.0,862.0,862.0,-1.93,326308.0,242.6,170.5
UPPER,4/5/2021,875.0,910.0,848.0,908.0,5.34,391207.0,242.6,170.5
UPPER,4/6/2021,912.0,930.0,893.0,907.0,-0.11,318866.0,242.6,170.5
UPPER,4/7/2021,915.0,915.0,885.0,891.0,-1.76,164862.0,242.6,170.5
UPPER,4/8/2021,925.0,933.0,886.0,892.0,0.11,410328.0,242.6,170.5
UPPER,4/12/2021,930.0,930.0,876.0,880.0,-1.35,213819.0,242.6,170.5
UPPER,4/13/2021,880.0,895.0,870.0,882.0,0.23,155453.0,242.6,170.5
UPPER,4/15/2021,926.0,926.0,870.0,875.0,-0.79,150506.0,242.6,170.5
UPPER,4/18/2021,875.0,880.0,854.0,857.0,-2.06,227443.0,242.6,170.5
UPPER,4/19/2021,865.0,904.0,860.0,875.0,2.1,256329.0,242.6,170.5
UPPER,4/20/2021,918.0,918.0,867.0,874.0,-0.11,88393.0,242.6,170.5
UPPER,4/21/2021,858.0,891.0,855.0,858.0,-1.83,144259.0,242.6,170.5
UPPER,4/22/2021,865.0,865.0,845.0,857.0,-0.12,157492.0,242.6,170.5
UPPER,4/25/2021,857.0,869.0,810.0,814.0,-5.02,312783.0,242.6,170.5
UPPER,4/26/2021,800.0,819.0,752.0,770.0,-5.41,403995.0,242.6,170.5
UPPER,4/27/2021,770.0,847.0,760.0,847.0,10.0,294996.0,242.6,170.5
UPPER,4/28/2021,870.0,870.0,825.0,838.0,-1.06,200102.0,242.6,170.5
UPPER,4/29/2021,845.0,870.0,831.0,863.0,2.98,194944.0,242.6,170.5
UPPER,5/2/2021,880.0,885.0,855.0,864.0,0.12,190483.0,242.6,170.5
UPPER,5/3/2021,875.0,879.0,845.0,849.0,-1.74,179970.0,242.6,170.5
UPPER,5/4/2021,850.0,855.0,840.0,844.0,-0.59,93486.0,242.6,170.5
UPPER,5/5/2021,830.0,860.0,830.0,840.0,-0.47,100558.0,242.6,170.5
UPPER,5/6/2021,840.0,840.0,819.0,823.0,-2.02,139928.0,242.6,170.5
UPPER,5/9/2021,859.0,859.0,800.0,819.0,-0.49,157037.0,242.6,170.5
UPPER,5/10/2021,811.0,835.0,800.0,820.0,0.12,242802.0,242.6,170.5
UPPER,5/11/2021,800.0,827.0,800.0,818.0,-0.24,127679.0,242.6,170.5
UPPER,5/12/2021,800.0,824.0,800.0,815.0,-0.37,96039.0,242.6,170.5
UPPER,5/13/2021,810.0,824.0,810.0,816.0,0.12,106325.0,242.6,170.5
UPPER,5/16/2021,820.0,832.0,813.0,819.0,0.37,170390.0,242.6,170.5
UPPER,5/17/2021,825.0,865.0,820.0,849.0,3.66,256856.0,242.6,170.5
UPPER,5/18/2021,850.0,861.0,831.0,840.0,-1.06,202999.0,242.6,170.5
UPPER,5/19/2021,840.0,848.0,825.0,827.0,-1.55,172079.0,242.6,170.5
UPPER,5/20/2021,868.0,868.0,815.0,815.0,-1.45,190644.0,242.6,170.5
UPPER,5/23/2021,825.0,844.0,800.0,829.0,1.72,227244.0,242.6,170.5
UPPER,5/24/2021,829.0,842.0,821.0,825.0,-0.48,117188.0,242.6,170.5
UPPER,5/25/2021,784.0,841.0,784.0,831.0,0.73,120772.0,242.6,170.5
UPPER,5/27/2021,825.0,834.0,805.0,819.0,-1.44,254711.0,242.6,170.5
UPPER,5/30/2021,825.0,839.0,805.0,808.0,-1.34,215457.0,242.6,170.5
UPPER,5/31/2021,808.0,817.0,787.0,788.0,-2.48,238249.0,242.6,170.5
UPPER,6/1/2021,788.0,800.0,775.0,783.0,-0.63,165501.0,242.6,170.5
UPPER,6/2/2021,798.0,813.0,784.0,786.0,0.38,138789.0,242.6,170.5
UPPER,6/3/2021,792.0,797.0,776.0,777.0,-1.15,170731.0,242.6,170.5
UPPER,6/6/2021,777.0,785.0,757.0,765.0,-1.54,245860.0,242.6,170.5
UPPER,6/7/2021,770.0,820.0,765.0,796.0,4.05,184268.0,242.6,170.5
UPPER,6/8/2021,829.0,829.0,782.0,787.0,-1.13,130480.0,242.6,170.5
UPPER,6/9/2021,786.0,788.0,775.0,776.0,-1.4,122062.0,242.6,170.5
UPPER,6/10/2021,738.0,789.0,738.0,771.0,-0.64,141849.0,242.6,170.5
UPPER,6/13/2021,805.0,805.0,775.0,792.0,2.72,207160.0,242.6,170.5
UPPER,6/14/2021,800.0,815.0,783.0,784.0,-1.01,131284.0,242.6,170.5
UPPER,6/15/2021,780.0,790.0,770.0,772.0,-1.53,155169.0,242.6,170.5
UPPER,6/16/2021,735.0,765.0,735.0,749.0,-2.98,309395.0,242.6,170.5
UPPER,6/17/2021,750.0,750.0,729.0,734.0,-2.0,183595.0,242.6,170.5
UPPER,6/20/2021,728.0,742.0,708.0,721.0,-1.77,276040.0,242.6,170.5
UPPER,6/21/2021,715.0,725.0,680.0,680.0,-5.69,251283.0,242.6,170.5
UPPER,6/22/2021,680.0,705.0,669.0,695.0,2.21,161410.0,242.6,170.5
UPPER,6/23/2021,701.0,707.0,668.0,678.0,-2.45,169886.0,242.6,170.5
UPPER,6/24/2021,680.0,745.0,666.0,745.0,9.88,400951.0,242.6,170.5
UPPER,6/27/2021,782.0,819.0,782.0,819.0,9.93,43467.0,242.6,170.5
UPPER,6/28/2021,859.0,900.0,788.0,790.0,-3.54,802487.0,242.6,170.5
UPPER,6/29/2021,751.0,810.0,751.0,768.0,-2.78,198364.0,242.6,170.5
UPPER,6/30/2021,780.0,785.0,750.0,770.0,0.26,137570.0,242.6,170.5
UPPER,7/1/2021,785.0,787.0,762.0,767.0,-0.39,114472.0,242.6,170.5
UPPER,7/4/2021,804.0,810.0,774.0,784.0,2.22,204809.0,242.6,170.5
UPPER,7/5/2021,823.0,823.0,746.0,754.0,-3.83,252338.0,242.6,170.5
UPPER,7/6/2021,769.0,769.0,711.0,716.0,-5.04,281406.0,242.6,170.5
UPPER,7/7/2021,716.0,716.0,673.0,677.0,-5.45,381235.0,242.6,170.5
UPPER,7/8/2021,677.0,717.0,660.0,700.0,3.4,187650.0,242.6,170.5
UPPER,7/11/2021,714.0,714.0,686.0,694.0,-0.86,167807.0,242.6,170.5
UPPER,7/12/2021,698.0,699.0,671.0,680.0,-2.02,208944.0,242.6,170.5
UPPER,7/13/2021,680.0,689.0,674.0,679.0,-0.15,101283.0,242.6,170.5
UPPER,7/14/2021,700.0,700.0,675.0,693.0,2.06,138256.0,242.6,170.5
UPPER,7/15/2021,695.0,715.0,690.0,704.0,1.59,160589.0,242.6,170.5
UPPER,7/18/2021,709.0,715.0,694.0,699.0,-0.71,133002.0,242.6,170.5
UPPER,7/19/2021,690.0,699.0,682.0,688.0,-1.57,212239.0,242.6,170.5
UPPER,7/20/2021,688.0,705.0,683.0,687.0,-0.15,123409.0,242.6,170.5
UPPER,7/22/2021,700.0,700.0,681.0,683.0,-0.58,105202.0,242.6,170.5
UPPER,7/25/2021,696.6,696.6,683.0,686.0,0.44,151223.0,242.6,170.5
UPPER,7/26/2021,687.0,700.0,686.0,697.0,1.6,172683.0,242.6,170.5
UPPER,7/27/2021,700.0,749.0,695.0,719.0,3.16,280917.0,242.6,170.5
UPPER,7/28/2021,720.0,743.0,709.0,714.0,-0.7,150142.0,242.6,170.5
UPPER,7/29/2021,714.0,719.5,703.0,703.1,-1.53,94824.0,242.6,170.5
UPPER,8/1/2021,704.0,710.0,696.0,699.0,-0.58,114180.0,242.6,170.5
UPPER,8/2/2021,699.0,700.0,690.0,690.1,-1.27,94453.0,242.6,170.5
UPPER,8/3/2021,703.9,703.9,690.0,692.0,0.28,76029.0,242.6,170.5
UPPER,8/4/2021,705.8,761.2,705.8,761.2,10.0,109032.0,242.6,170.5
UPPER,8/5/2021,776.4,837.0,747.0,762.0,0.11,837951.0,242.6,170.5
UPPER,8/8/2021,777.2,810.0,750.0,779.0,2.23,404193.0,242.6,170.5
UPPER,8/9/2021,790.0,840.0,778.0,820.0,5.26,731724.0,242.6,170.5
UPPER,8/10/2021,836.0,887.4,822.0,875.0,6.71,1037295.0,242.6,170.5
UPPER,8/11/2021,892.5,962.5,890.0,904.0,3.31,746816.0,242.6,170.5
UPPER,8/12/2021,922.0,922.0,864.0,873.0,-3.43,715029.0,242.6,170.5
UPPER,8/15/2021,855.6,870.0,800.0,820.0,-6.07,507832.0,242.6,170.5
UPPER,8/16/2021,820.0,836.4,804.0,818.0,-0.24,263775.0,242.6,170.5
UPPER,8/17/2021,818.0,822.9,792.1,802.0,-1.96,389640.0,242.6,170.5
UPPER,8/18/2021,818.0,844.0,789.0,804.0,0.25,341565.0,242.6,170.5
UPPER,8/19/2021,820.0,850.0,788.0,788.0,-1.99,280217.0,242.6,170.5
UPPER,8/24/2021,780.0,782.0,750.0,751.4,-4.64,234769.0,242.6,170.5
UPPER,8/25/2021,750.0,780.0,740.0,755.0,0.48,167537.0,242.6,170.5
UPPER,8/26/2021,770.0,799.0,753.0,780.0,3.31,217195.0,242.6,170.5
UPPER,8/29/2021,795.0,795.0,751.2,754.9,-3.22,154165.0,242.6,170.5
UPPER,8/31/2021,750.0,760.0,730.0,732.0,-3.03,158788.0,242.6,170.5
UPPER,9/1/2021,740.0,750.0,725.0,729.0,-0.41,151321.0,242.6,170.5
UPPER,9/2/2021,735.0,735.0,700.0,702.0,-3.7,168965.0,242.6,170.5
UPPER,9/5/2021,700.0,710.0,660.0,678.0,-3.42,231715.0,242.6,170.5
UPPER,9/6/2021,685.0,745.8,678.0,745.8,10.0,346298.0,242.6,170.5
UPPER,9/7/2021,760.0,774.0,712.0,739.0,-0.91,153413.0,242.6,170.5
UPPER,9/8/2021,739.0,740.0,715.0,720.0,-2.57,92899.0,242.6,170.5
UPPER,9/9/2021,720.0,730.0,708.0,715.0,-0.69,105332.0,242.6,170.5
UPPER,9/12/2021,729.0,786.5,729.0,774.0,8.25,335227.0,242.6,170.5
UPPER,9/13/2021,789.0,803.9,746.0,751.0,-2.97,225797.0,242.6,170.5
UPPER,9/14/2021,736.0,770.0,736.0,748.0,-0.4,78771.0,242.6,170.5
UPPER,9/15/2021,734.0,748.0,719.0,727.0,-2.81,118218.0,242.6,170.5
UPPER,9/16/2021,727.0,727.0,693.0,699.0,-3.85,222244.0,242.6,170.5
UPPER,9/20/2021,710.0,710.0,664.5,668.0,-4.43,174169.0,242.6,170.5
UPPER,9/21/2021,660.0,691.0,636.0,668.0,0.0,188315.0,242.6,170.5
UPPER,9/22/2021,681.3,705.0,681.0,693.0,3.74,93242.0,242.6,170.5
UPPER,9/23/2021,699.0,712.0,671.0,677.0,-2.31,109461.0,242.6,170.5
UPPER,9/26/2021,678.0,679.0,650.0,651.0,-3.84,116502.0,242.6,170.5
UPPER,9/27/2021,664.0,688.5,645.0,650.0,-0.15,124786.0,242.6,170.5
UPPER,9/28/2021,640.0,659.8,625.0,625.0,-3.85,129954.0,242.6,170.5
UPPER,9/29/2021,625.0,643.0,615.0,636.0,1.76,98388.0,242.6,170.5
UPPER,9/30/2021,647.9,648.0,617.4,618.9,-2.69,75484.0,242.6,170.5
UPPER,10/3/2021,625.0,627.0,595.0,597.0,-3.54,84606.0,242.6,170.5
UPPER,10/4/2021,597.0,600.0,575.0,577.0,-3.35,89620.0,242.6,170.5
UPPER,10/5/2021,580.0,597.0,573.0,592.0,2.6,51718.0,242.6,170.5
UPPER,10/6/2021,595.0,624.0,595.0,620.0,4.73,66171.0,242.6,170.5
UPPER,10/10/2021,632.0,644.0,603.1,607.1,-2.08,46901.0,242.6,170.5
UPPER,10/11/2021,615.0,615.0,595.1,605.0,-0.35,51447.0,242.6,170.5
UPPER,10/17/2021,617.1,617.1,598.0,603.0,-0.33,21283.0,242.6,170.5
UPPER,10/18/2021,595.0,600.0,578.0,581.0,-3.65,48699.0,242.6,170.5
UPPER,10/19/2021,575.0,577.0,550.1,558.0,-3.96,63684.0,242.6,170.5
UPPER,10/20/2021,569.1,580.4,560.0,576.6,3.33,45457.0,242.6,170.5
UPPER,10/21/2021,567.0,578.6,556.0,557.0,-3.4,40495.0,242.6,170.5
UPPER,10/24/2021,564.0,575.0,555.0,564.0,1.26,49683.0,242.6,170.5
UPPER,10/25/2021,560.0,613.0,555.0,610.0,8.16,74705.0,242.6,170.5
UPPER,10/26/2021,615.0,634.0,606.0,625.0,2.46,92682.0,242.6,170.5
UPPER,10/27/2021,637.0,637.0,601.0,611.0,-2.24,72263.0,242.6,170.5
UPPER,10/28/2021,598.9,620.0,598.9,613.0,0.33,60408.0,242.6,170.5
UPPER,10/31/2021,620.0,653.0,615.0,645.0,5.22,79360.0,242.6,170.5
UPPER,11/1/2021,645.0,654.0,615.0,622.0,-3.57,102525.0,242.6,170.5
UPPER,11/2/2021,622.0,623.5,601.0,619.0,-0.48,53237.0,242.6,170.5
UPPER,11/3/2021,631.0,643.0,615.0,622.0,0.48,75569.0,242.6,170.5
UPPER,11/8/2021,625.0,630.0,611.2,615.0,-1.13,40577.0,242.6,170.5
UPPER,11/9/2021,615.0,616.0,585.0,592.0,-3.74,91101.0,242.6,170.5
UPPER,11/11/2021,603.6,603.6,570.0,577.0,-2.53,60730.0,242.6,170.5
UPPER,11/14/2021,575.0,585.0,570.0,575.0,-0.35,47504.0,242.6,170.5
UPPER,11/15/2021,575.0,592.0,575.0,583.0,1.39,35728.0,242.6,170.5
UPPER,11/16/2021,585.0,641.3,585.0,641.3,10.0,56418.0,242.6,170.5
UPPER,11/17/2021,654.1,705.4,654.1,705.4,10.0,95049.0,242.6,170.5
UPPER,11/18/2021,719.5,748.0,672.1,679.0,-3.74,567392.0,242.6,170.5
UPPER,11/21/2021,690.0,702.0,670.4,692.0,1.91,221042.0,242.6,170.5
UPPER,11/22/2021,692.0,714.0,690.0,700.0,1.16,151848.0,242.6,170.5
UPPER,11/23/2021,700.0,704.0,676.2,686.0,-2.0,103747.0,242.6,170.5
UPPER,11/24/2021,686.0,695.0,670.0,688.0,0.29,105151.0,242.6,170.5
UPPER,11/25/2021,695.0,695.0,679.0,679.1,-1.29,71470.0,242.6,170.5
UPPER,11/28/2021,668.0,678.0,641.9,649.0,-4.43,191620.0,242.6,170.5
UPPER,11/29/2021,648.9,667.0,640.0,653.0,0.62,96812.0,242.6,170.5
UPPER,11/30/2021,654.0,665.0,638.0,645.0,-1.23,78725.0,242.6,170.5
UPPER,12/1/2021,657.0,665.0,640.0,642.0,-0.47,54816.0,242.6,170.5
UPPER,12/2/2021,650.0,650.0,627.0,628.0,-2.18,74865.0,242.6,170.5
UPPER,12/5/2021,625.0,626.0,599.0,602.5,-4.06,106303.0,242.6,170.5
UPPER,12/6/2021,590.5,634.0,581.0,625.0,3.73,188049.0,242.6,170.5
UPPER,12/7/2021,637.0,648.0,608.0,610.0,-2.4,86639.0,242.6,170.5
UPPER,12/8/2021,621.0,621.0,590.0,597.0,-2.13,67266.0,242.6,170.5
UPPER,12/9/2021,598.2,609.0,588.0,598.0,0.17,78599.0,242.6,170.5
UPPER,12/12/2021,593.0,595.0,577.0,577.1,-3.49,97935.0,242.6,170.5
UPPER,12/13/2021,565.6,580.0,555.0,566.0,-1.92,119851.0,242.6,170.5
UPPER,12/14/2021,577.0,610.0,567.0,609.0,7.6,57835.0,242.6,170.5
UPPER,12/15/2021,621.1,645.0,587.2,606.0,-0.49,128496.0,242.6,170.5
UPPER,12/16/2021,595.0,600.0,578.0,580.0,-4.29,65758.0,242.6,170.5
UPPER,12/20/2021,591.6,591.6,565.0,575.0,-0.86,64214.0,242.6,170.5
UPPER,12/21/2021,585.0,593.0,575.0,590.0,2.61,45200.0,242.6,170.5
UPPER,12/22/2021,600.0,649.0,596.0,649.0,10.0,251923.0,242.6,170.5
UPPER,12/23/2021,661.9,675.0,636.0,637.0,-1.85,151904.0,242.6,170.5
UPPER,12/26/2021,640.0,650.0,630.0,642.0,0.78,145788.0,242.6,170.5
UPPER,12/27/2021,643.0,650.0,616.1,617.0,-3.89,125794.0,242.6,170.5
UPPER,12/28/2021,617.0,625.0,606.0,624.0,1.13,64439.0,242.6,170.5
UPPER,12/29/2021,633.0,633.0,612.0,618.0,-0.96,57495.0,242.6,170.5
UPPER,1/2/2022,620.0,640.0,620.0,632.0,2.27,108017.0,242.6,170.5
UPPER,1/3/2022,635.0,642.0,628.0,630.0,-0.32,119110.0,242.6,170.5
UPPER,1/4/2022,631.1,662.0,626.4,655.0,3.97,160123.0,242.6,170.5
UPPER,1/5/2022,655.0,680.0,646.0,653.0,-0.31,216456.0,242.6,170.5
UPPER,1/6/2022,646.6,670.0,646.6,666.0,1.99,106841.0,242.6,170.5
UPPER,1/9/2022,674.0,700.0,670.0,693.9,4.19,292505.0,242.6,170.5
UPPER,1/10/2022,700.0,707.0,683.0,688.0,-0.85,187670.0,242.6,170.5
UPPER,1/11/2022,694.0,700.0,683.0,688.1,0.01,106463.0,242.6,170.5
UPPER,1/12/2022,690.0,726.0,686.1,700.0,1.73,320426.0,242.6,170.5
UPPER,1/13/2022,695.0,760.0,695.0,750.0,7.14,467073.0,242.6,170.5
UPPER,1/16/2022,764.0,780.1,741.0,750.0,0.0,390144.0,242.6,170.5
UPPER,1/17/2022,755.0,755.0,736.0,740.0,-1.33,323041.0,242.6,170.5
UPPER,1/18/2022,745.0,759.0,726.0,735.0,-0.68,254354.0,242.6,170.5
UPPER,1/19/2022,739.0,744.0,718.0,725.0,-1.36,208919.0,242.6,170.5
UPPER,1/20/2022,726.0,744.6,721.0,742.0,2.34,179294.0,242.6,170.5
UPPER,1/23/2022,745.0,753.5,732.0,734.0,-1.08,179584.0,242.6,170.5
UPPER,1/24/2022,730.0,730.0,698.0,704.0,-4.09,285223.0,242.6,170.5
UPPER,1/25/2022,704.0,720.0,692.0,707.0,0.43,174112.0,242.6,170.5
UPPER,1/26/2022,707.0,708.9,686.0,695.0,-1.7,148123.0,242.6,170.5
UPPER,1/27/2022,697.0,705.0,690.0,693.0,-0.29,92441.0,242.6,170.5
UPPER,1/30/2022,706.0,731.0,706.0,726.2,4.79,194945.0,242.6,170.5
UPPER,1/31/2022,740.0,758.0,721.3,740.0,1.9,429295.0,242.6,170.5
UPPER,2/1/2022,750.0,769.9,736.0,766.0,3.51,446461.0,242.6,170.5
UPPER,2/3/2022,781.3,781.3,747.0,750.9,-1.97,311026.0,242.6,170.5
UPPER,2/6/2022,740.0,768.0,738.1,744.0,-0.92,300362.0,242.6,170.5
UPPER,2/7/2022,746.0,758.0,737.0,747.0,0.4,179594.0,242.6,170.5
UPPER,2/8/2022,761.9,777.0,720.0,723.9,-3.09,434928.0,242.6,170.5
UPPER,2/9/2022,723.9,725.0,711.1,719.0,-0.68,147342.0,242.6,170.5
UPPER,2/10/2022,704.7,725.0,704.0,705.0,-1.95,192947.0,242.6,170.5
UPPER,2/13/2022,690.9,690.9,638.0,646.0,-8.37,500474.0,242.6,170.5
UPPER,2/14/2022,635.0,659.9,635.0,639.1,-1.07,144770.0,242.6,170.5
UPPER,2/15/2022,645.0,670.0,639.6,667.9,4.51,93445.0,242.6,170.5
UPPER,2/16/2022,664.0,677.0,648.0,651.3,-2.49,110381.0,242.6,170.5
UPPER,2/17/2022,651.0,662.5,645.0,652.0,0.11,71305.0,242.6,170.5
UPPER,2/20/2022,639.0,657.0,625.0,640.0,-1.84,133964.0,242.6,170.5
UPPER,2/21/2022,640.0,652.0,640.0,650.0,1.56,59236.0,242.6,170.5
UPPER,2/22/2022,659.0,660.0,646.0,649.0,-0.15,93051.0,242.6,170.5
UPPER,2/23/2022,650.0,660.0,645.0,651.0,0.31,73242.0,242.6,170.5
UPPER,2/24/2022,638.0,650.7,630.0,635.0,-2.46,136037.0,242.6,170.5
UPPER,2/27/2022,635.0,657.0,634.0,648.0,2.05,101292.0,242.6,170.5
UPPER,2/28/2022,660.9,670.0,630.0,635.0,-2.01,203936.0,242.6,170.5
UPPER,3/2/2022,647.7,647.7,610.0,612.0,-3.62,146443.0,242.6,170.5
UPPER,3/6/2022,615.0,620.0,601.0,608.0,-0.65,78026.0,242.6,170.5
UPPER,3/7/2022,608.9,615.0,600.4,601.0,-1.15,69815.0,242.6,170.5
UPPER,3/9/2022,600.0,608.0,585.1,587.1,-2.31,74336.0,242.6,170.5
UPPER,3/10/2022,595.0,614.9,580.0,611.9,4.22,99110.0,242.6,170.5
UPPER,3/13/2022,620.5,627.0,611.0,624.0,1.98,93478.0,242.6,170.5
UPPER,3/14/2022,626.0,630.0,613.0,617.0,-1.12,37084.0,242.6,170.5
UPPER,3/15/2022,617.0,624.0,600.8,604.0,-2.11,102188.0,242.6,170.5
UPPER,3/16/2022,616.0,616.0,597.2,597.3,-1.11,68527.0,242.6,170.5
UPPER,3/20/2022,608.0,615.0,600.0,601.5,0.7,44652.0,242.6,170.5
UPPER,3/21/2022,603.0,618.0,601.0,613.0,1.91,59206.0,242.6,170.5
UPPER,3/22/2022,613.0,624.9,613.0,618.0,0.82,62258.0,242.6,170.5
UPPER,3/23/2022,616.0,617.0,610.0,611.0,-1.13,41292.0,242.6,170.5
UPPER,3/24/2022,611.0,614.0,602.0,607.0,-0.65,54307.0,242.6,170.5
UPPER,3/27/2022,604.1,607.0,590.2,591.0,-2.64,70884.0,242.6,170.5
UPPER,3/28/2022,591.0,599.0,584.0,586.0,-0.85,62385.0,242.6,170.5
UPPER,3/29/2022,587.0,597.7,581.0,581.0,-0.85,37124.0,242.6,170.5
UPPER,3/30/2022,583.0,600.0,580.0,595.0,2.41,42500.0,242.6,170.5
UPPER,3/31/2022,603.0,603.0,584.0,585.0,-1.68,34295.0,242.6,170.5
UPPER,4/3/2022,589.0,590.0,575.1,581.0,-0.68,27141.0,242.6,170.5
UPPER,4/4/2022,581.0,585.0,575.0,578.0,-0.52,29882.0,242.6,170.5
UPPER,4/5/2022,573.0,575.0,560.0,567.0,-1.9,69139.0,242.6,170.5
UPPER,4/6/2022,560.1,569.0,555.0,559.0,-1.41,51050.0,242.6,170.5
UPPER,4/7/2022,556.0,573.0,556.0,564.5,0.98,55811.0,242.6,170.5
UPPER,4/11/2022,575.7,585.0,551.0,552.0,-2.21,55234.0,242.6,170.5
UPPER,4/12/2022,551.0,555.0,540.0,542.0,-1.81,55281.0,242.6,170.5
UPPER,4/13/2022,542.0,549.8,535.0,544.1,0.39,40604.0,242.6,170.5
UPPER,4/17/2022,540.2,562.0,535.5,537.0,-1.3,43600.0,242.6,170.5
UPPER,4/18/2022,537.0,537.2,519.0,519.0,-3.35,68250.0,242.6,170.5
UPPER,4/19/2022,520.0,526.0,507.0,520.0,0.19,46926.0,242.6,170.5
UPPER,4/20/2022,520.0,525.0,504.8,506.0,-2.69,44722.0,242.6,170.5
UPPER,4/21/2022,495.9,516.0,495.9,509.0,0.59,43494.0,242.6,170.5
UPPER,4/24/2022,518.0,555.0,508.0,550.0,8.06,63796.0,242.6,170.5
UPPER,4/25/2022,550.0,560.0,530.0,530.6,-3.53,63638.0,242.6,170.5
UPPER,4/26/2022,530.0,539.0,521.0,522.0,-1.62,28507.0,242.6,170.5
UPPER,4/27/2022,515.0,526.8,515.0,522.0,0.0,22682.0,242.6,170.5
UPPER,4/28/2022,525.0,532.4,517.5,521.0,-0.19,35169.0,242.6,170.5
UPPER,5/2/2022,525.0,525.0,501.0,508.0,-2.5,52297.0,242.6,170.5
UPPER,5/4/2022,508.1,515.0,500.0,501.0,-1.38,39716.0,242.6,170.5
UPPER,5/5/2022,498.0,501.0,490.0,492.0,-1.8,55139.0,242.6,170.5
UPPER,5/8/2022,484.0,510.0,484.0,499.0,1.42,36893.0,242.6,170.5
UPPER,5/9/2022,508.9,516.0,498.0,502.0,0.6,35162.0,242.6,170.5
UPPER,5/10/2022,495.0,522.2,495.0,518.0,3.19,33594.0,242.6,170.5
UPPER,5/11/2022,520.0,544.9,518.0,538.4,3.94,62583.0,242.6,170.5
UPPER,5/12/2022,544.0,544.9,525.0,531.0,-1.37,46687.0,242.6,170.5
UPPER,5/17/2022,521.0,521.0,495.0,497.0,-6.4,103266.0,242.6,170.5
UPPER,5/18/2022,495.0,509.5,488.2,503.0,1.21,51703.0,242.6,170.5
UPPER,5/19/2022,505.0,510.0,490.2,493.9,-1.81,42783.0,242.6,170.5
UPPER,5/20/2022,500.0,500.0,486.0,495.0,0.22,37034.0,242.6,170.5
UPPER,5/23/2022,491.0,495.0,481.0,482.0,-2.63,49709.0,242.6,170.5
UPPER,5/24/2022,490.0,510.0,483.0,508.9,5.58,92503.0,242.6,170.5
UPPER,5/25/2022,514.0,542.2,514.0,529.9,4.13,157167.0,242.6,170.5
UPPER,5/26/2022,540.4,540.4,524.0,532.0,0.4,53342.0,242.6,170.5
UPPER,5/27/2022,533.0,533.0,513.0,514.9,-3.21,57851.0,242.6,170.5
UPPER,5/30/2022,516.0,516.0,496.0,499.5,-2.99,60657.0,242.6,170.5
UPPER,5/31/2022,500.0,503.0,487.4,490.0,-1.9,60682.0,242.6,170.5
UPPER,6/1/2022,491.0,500.0,490.0,495.0,1.02,34561.0,242.6,170.5
UPPER,6/2/2022,500.0,504.0,491.1,491.5,-0.71,44297.0,242.6,170.5
UPPER,6/3/2022,492.0,495.0,485.0,488.5,-0.61,47862.0,242.6,170.5
UPPER,6/6/2022,494.0,504.0,488.2,488.2,-0.06,50315.0,242.6,170.5
UPPER,6/7/2022,488.2,495.0,478.6,479.9,-1.7,40423.0,242.6,170.5
UPPER,6/8/2022,479.9,498.9,479.9,494.0,2.94,48824.0,242.6,170.5
UPPER,6/9/2022,502.0,502.0,485.0,485.9,-1.64,43896.0,242.6,170.5
UPPER,6/10/2022,480.0,488.0,479.0,482.0,-0.8,39001.0,242.6,170.5
UPPER,6/13/2022,487.0,487.0,478.1,481.0,-0.21,18367.0,242.6,170.5
UPPER,6/14/2022,477.0,480.0,467.0,470.0,-2.29,45418.0,242.6,170.5
UPPER,6/15/2022,464.0,465.0,452.0,456.0,-2.98,51795.0,242.6,170.5
UPPER,6/16/2022,452.0,463.6,452.0,458.0,0.44,27851.0,242.6,170.5
UPPER,6/17/2022,463.0,465.0,453.0,453.0,-1.09,25499.0,242.6,170.5
UPPER,6/19/2022,445.0,454.0,433.6,434.0,-4.19,45345.0,242.6,170.5
UPPER,6/20/2022,425.4,433.0,403.5,411.0,-5.3,76199.0,242.6,170.5
UPPER,6/21/2022,402.8,429.9,402.8,427.0,3.89,44120.0,242.6,170.5
UPPER,6/22/2022,431.9,431.9,408.0,411.0,-3.75,31374.0,242.6,170.5
UPPER,6/23/2022,402.8,411.0,398.0,399.0,-2.92,45200.0,242.6,170.5
UPPER,6/24/2022,405.0,406.0,376.0,402.0,0.75,59523.0,242.6,170.5
UPPER,6/26/2022,409.8,434.0,403.0,434.0,7.96,82474.0,242.6,170.5
UPPER,6/27/2022,438.0,438.0,418.0,418.0,-3.69,70576.0,242.6,170.5
UPPER,6/28/2022,416.0,420.0,405.9,410.0,-1.91,40660.0,242.6,170.5
UPPER,6/29/2022,402.1,425.3,402.1,422.0,2.93,39718.0,242.6,170.5
UPPER,6/30/2022,430.4,439.0,417.0,439.0,4.03,68678.0,242.6,170.5
UPPER,7/1/2022,442.0,446.0,430.3,441.0,0.46,72771.0,242.6,170.5
UPPER,7/3/2022,440.0,485.1,439.1,485.1,10.0,98886.0,242.6,170.5
UPPER,7/4/2022,494.8,533.0,481.0,494.0,1.83,228554.0,242.6,170.5
UPPER,7/5/2022,487.0,510.0,477.3,487.0,-1.42,173973.0,242.6,170.5
UPPER,7/6/2022,487.0,515.0,476.5,509.0,4.52,175318.0,242.6,170.5
UPPER,7/7/2022,519.0,529.4,505.0,514.1,1.0,113066.0,242.6,170.5
UPPER,7/8/2022,514.0,519.0,502.0,503.5,-2.06,53389.0,242.6,170.5
UPPER,7/11/2022,499.0,500.0,480.3,482.0,-4.27,171806.0,242.6,170.5
UPPER,7/12/2022,491.6,509.0,483.8,487.0,1.04,81729.0,242.6,170.5
UPPER,7/13/2022,496.7,504.9,490.1,504.0,3.49,68270.0,242.6,170.5
UPPER,7/14/2022,507.0,545.0,503.0,540.0,7.14,270945.0,242.6,170.5
UPPER,7/15/2022,550.0,580.0,542.0,542.0,0.37,355232.0,242.6,170.5
UPPER,7/17/2022,543.0,543.0,522.0,523.1,-3.49,114379.0,242.6,170.5
UPPER,7/18/2022,523.0,528.6,509.9,526.0,0.55,108191.0,242.6,170.5
UPPER,7/19/2022,533.0,535.0,522.0,527.0,0.19,89096.0,242.6,170.5
UPPER,7/20/2022,535.0,535.0,515.0,518.0,-1.71,68199.0,242.6,170.5
UPPER,7/21/2022,508.0,523.0,508.0,522.0,0.77,74779.0,242.6,170.5
UPPER,7/22/2022,532.4,532.4,512.0,516.9,-0.98,60209.0,242.6,170.5
UPPER,7/24/2022,527.0,527.0,513.0,522.0,0.99,87781.0,242.6,170.5
UPPER,7/25/2022,528.0,538.0,520.0,538.0,3.07,199698.0,242.6,170.5
UPPER,7/26/2022,538.1,539.0,521.0,523.0,-2.79,82090.0,242.6,170.5
UPPER,7/27/2022,520.0,537.0,515.0,535.0,2.29,116409.0,242.6,170.5
UPPER,7/28/2022,542.0,569.9,533.0,541.0,1.12,257078.0,242.6,170.5
UPPER,7/29/2022,545.0,555.0,538.0,541.0,0.0,75320.0,242.6,170.5
UPPER,7/31/2022,542.0,550.0,532.0,535.0,-1.11,119420.0,242.6,170.5
UPPER,8/1/2022,545.0,545.0,529.0,531.0,-0.75,108917.0,242.6,170.5
UPPER,8/2/2022,531.0,538.0,523.0,538.0,1.32,112520.0,242.6,170.5
UPPER,8/3/2022,538.0,539.9,529.6,532.9,-0.95,74337.0,242.6,170.5
UPPER,8/4/2022,534.0,534.0,518.0,518.0,-2.8,60707.0,242.6,170.5
UPPER,8/5/2022,515.0,520.0,510.0,512.0,-1.16,45234.0,242.6,170.5
UPPER,8/7/2022,502.0,521.0,502.0,516.0,0.78,61819.0,242.6,170.5
UPPER,8/8/2022,516.0,521.9,506.1,509.0,-1.36,48212.0,242.6,170.5
UPPER,8/9/2022,509.0,514.0,495.0,496.0,-2.55,60968.0,242.6,170.5
UPPER,8/10/2022,495.0,499.9,489.0,489.2,-1.37,37504.0,242.6,170.5
UPPER,8/11/2022,496.0,496.0,481.0,481.0,-1.68,50811.0,242.6,170.5
UPPER,8/14/2022,472.0,489.5,468.5,470.0,-2.29,41310.0,242.6,170.5
UPPER,8/15/2022,461.0,491.0,461.0,491.0,4.47,43521.0,242.6,170.5
UPPER,8/16/2022,481.2,490.5,471.0,472.0,-3.87,81457.0,242.6,170.5
UPPER,8/17/2022,481.0,481.0,470.0,474.0,0.42,23159.0,242.6,170.5
UPPER,8/18/2022,475.0,500.0,475.0,495.9,4.62,83216.0,242.6,170.5
UPPER,8/21/2022,505.8,514.0,477.0,484.0,-2.4,91349.0,242.6,170.5
UPPER,8/22/2022,489.9,489.9,475.0,478.1,-1.22,47361.0,242.6,170.5
UPPER,8/23/2022,487.0,487.0,475.0,478.0,-0.02,23500.0,242.6,170.5
UPPER,8/24/2022,487.0,487.0,470.0,477.0,-0.21,41104.0,242.6,170.5
UPPER,8/25/2022,486.0,486.0,464.0,470.0,-1.47,53145.0,242.6,170.5
UPPER,8/26/2022,462.1,469.0,460.0,462.9,-1.51,31760.0,242.6,170.5
UPPER,8/28/2022,462.9,471.0,445.0,446.0,-3.65,63442.0,242.6,170.5
UPPER,8/29/2022,454.0,454.0,440.0,446.0,0.0,27113.0,242.6,170.5
UPPER,8/30/2022,450.0,453.0,435.0,436.0,-2.24,28930.0,242.6,170.5
UPPER,8/31/2022,436.0,452.0,426.4,427.0,-2.06,28293.0,242.6,170.5
UPPER,9/1/2022,435.0,435.0,419.0,428.0,0.23,38045.0,242.6,170.5
UPPER,9/2/2022,436.0,436.0,428.0,428.0,0.0,14010.0,242.6,170.5
UPPER,9/4/2022,434.0,442.0,428.0,430.0,0.47,37304.0,242.6,170.5
UPPER,9/5/2022,436.0,438.0,428.1,429.0,-0.23,20135.0,242.6,170.5
UPPER,9/6/2022,428.0,434.0,421.0,425.0,-0.93,27828.0,242.6,170.5
UPPER,9/7/2022,433.0,439.0,416.0,416.0,-2.12,25136.0,242.6,170.5
UPPER,9/8/2022,424.0,424.0,411.0,418.0,0.48,21045.0,242.6,170.5
UPPER,9/11/2022,426.0,426.0,410.0,411.0,-1.67,21782.0,242.6,170.5
UPPER,9/12/2022,407.0,412.0,405.0,406.0,-1.22,22193.0,242.6,170.5
UPPER,9/13/2022,414.1,414.1,403.5,405.5,-0.12,23645.0,242.6,170.5
UPPER,9/14/2022,410.0,422.0,410.0,420.0,3.58,22435.0,242.6,170.5
UPPER,9/15/2022,428.4,428.4,400.0,406.0,-3.33,65123.0,242.6,170.5
UPPER,9/16/2022,397.9,405.0,393.0,400.1,-1.45,24350.0,242.6,170.5
UPPER,9/18/2022,406.0,407.0,391.2,395.4,-1.17,30892.0,242.6,170.5
UPPER,9/20/2022,395.4,395.4,377.5,378.5,-4.27,51405.0,242.6,170.5
UPPER,9/21/2022,375.0,395.9,375.0,380.0,0.4,24374.0,242.6,170.5
UPPER,9/22/2022,385.0,387.0,377.0,378.0,-0.53,20697.0,242.6,170.5
UPPER,9/25/2022,385.0,385.0,365.6,368.0,-2.65,23316.0,242.6,170.5
UPPER,9/27/2022,375.3,382.0,366.6,369.8,0.49,23857.0,242.6,170.5
UPPER,9/28/2022,375.0,377.0,365.0,371.1,0.35,15253.0,242.6,170.5
UPPER,9/29/2022,372.0,375.9,371.0,372.0,0.24,20166.0,242.6,170.5
UPPER,10/9/2022,372.0,386.0,372.0,386.0,3.76,14347.0,242.6,170.5
UPPER,10/10/2022,393.7,393.7,375.0,376.6,-2.44,13777.0,242.6,170.5
UPPER,10/11/2022,371.2,375.9,369.1,373.0,-0.96,11956.0,242.6,170.5
UPPER,10/12/2022,375.0,380.0,372.0,376.9,1.05,14764.0,242.6,170.5
UPPER,10/13/2022,379.0,379.0,372.0,373.0,-1.03,17547.0,242.6,170.5
UPPER,10/16/2022,373.0,375.0,370.0,370.0,-0.8,19882.0,242.6,170.5
UPPER,10/17/2022,366.0,373.0,366.0,367.1,-0.78,5673.0,242.6,170.5
UPPER,10/19/2022,367.1,370.0,360.0,360.0,-1.93,23107.0,242.6,170.5
UPPER,10/20/2022,356.0,361.0,354.0,358.0,-0.56,12025.0,242.6,170.5
UPPER,10/23/2022,364.9,365.0,358.0,361.0,0.84,11133.0,242.6,170.5
UPPER,10/31/2022,354.0,364.9,354.0,361.2,0.06,9999.0,242.6,170.5
UPPER,11/1/2022,368.0,377.0,361.0,377.0,4.37,19037.0,242.6,170.5
UPPER,11/2/2022,384.0,386.2,372.4,375.1,-0.5,29434.0,242.6,170.5
UPPER,11/3/2022,370.0,381.0,370.0,373.0,-0.56,10362.0,242.6,170.5
UPPER,11/6/2022,373.0,384.0,373.0,383.0,2.68,25374.0,242.6,170.5
UPPER,11/7/2022,376.0,397.0,376.0,387.0,1.04,50325.0,242.6,170.5
UPPER,11/8/2022,391.0,391.0,382.0,383.0,-1.03,14843.0,242.6,170.5
UPPER,11/9/2022,384.0,388.0,370.0,372.0,-2.87,35390.0,242.6,170.5
UPPER,11/10/2022,379.0,379.0,365.0,369.0,-0.81,26548.0,242.6,170.5
UPPER,11/13/2022,365.0,371.9,361.9,364.0,-1.36,14809.0,242.6,170.5
UPPER,11/14/2022,370.0,370.0,362.0,370.0,1.65,13558.0,242.6,170.5
UPPER,11/15/2022,375.0,377.0,367.0,367.0,-0.81,22834.0,242.6,170.5
UPPER,11/16/2022,372.0,376.7,368.0,372.1,1.39,15345.0,242.6,170.5
UPPER,11/17/2022,376.0,386.0,376.0,383.2,2.98,30108.0,242.6,170.5
UPPER,11/22/2022,376.0,395.0,376.0,385.0,0.47,29796.0,242.6,170.5
UPPER,11/23/2022,392.0,392.0,378.0,387.0,0.52,15173.0,242.6,170.5
UPPER,11/24/2022,387.0,402.5,380.0,393.9,1.78,21086.0,242.6,170.5
UPPER,11/27/2022,398.0,398.0,387.2,394.0,0.03,18861.0,242.6,170.5
UPPER,11/28/2022,390.0,399.9,385.0,385.0,-2.28,25920.0,242.6,170.5
UPPER,11/29/2022,387.0,387.0,381.6,383.3,-0.44,10473.0,242.6,170.5
UPPER,11/30/2022,378.1,388.0,378.1,380.1,-0.83,14173.0,242.6,170.5
UPPER,12/1/2022,385.0,387.0,378.0,384.0,1.03,16431.0,242.6,170.5
UPPER,12/4/2022,380.0,387.0,376.0,384.0,0.0,27366.0,242.6,170.5
UPPER,12/5/2022,388.0,388.0,377.0,379.9,-1.07,13416.0,242.6,170.5
UPPER,12/6/2022,387.0,387.0,373.1,376.0,-1.03,18363.0,242.6,170.5
UPPER,12/7/2022,371.0,376.0,370.5,372.0,-1.06,13102.0,242.6,170.5
UPPER,12/11/2022,366.0,373.3,366.0,368.1,-1.05,20467.0,242.6,170.5
UPPER,12/12/2022,361.0,375.0,361.0,372.0,1.06,16482.0,242.6,170.5
UPPER,12/13/2022,379.4,394.0,379.4,391.0,5.11,76962.0,242.6,170.5
UPPER,12/14/2022,398.7,398.7,387.0,389.0,-0.51,31902.0,242.6,170.5
UPPER,12/15/2022,390.0,392.0,380.5,381.0,-2.06,16747.0,242.6,170.5
UPPER,12/18/2022,375.0,387.0,374.0,379.0,-0.52,18406.0,242.6,170.5
UPPER,12/19/2022,380.0,383.0,376.1,379.1,0.03,10669.0,242.6,170.5
UPPER,12/20/2022,379.0,385.2,379.0,383.0,1.03,14383.0,242.6,170.5
UPPER,12/21/2022,380.0,385.0,378.0,378.1,-1.28,26811.0,242.6,170.5
UPPER,12/22/2022,377.0,378.0,375.0,377.0,-0.29,16038.0,242.6,170.5
UPPER,12/26/2022,381.0,395.0,381.0,394.0,4.51,41041.0,242.6,170.5
UPPER,12/27/2022,399.0,433.4,399.0,427.0,8.38,140616.0,242.6,170.5
UPPER,12/28/2022,435.5,469.0,418.5,450.0,5.39,174937.0,242.6,170.5
UPPER,12/29/2022,458.0,473.0,446.0,469.0,4.22,97666.0,242.6,170.5
UPPER,1/1/2023,474.0,504.3,461.0,473.0,0.85,129093.0,242.6,170.5
UPPER,1/2/2023,478.0,478.0,455.0,471.0,-0.42,77641.0,242.6,170.5
UPPER,1/3/2023,475.0,480.0,466.5,469.0,-0.42,57746.0,242.6,170.5
UPPER,1/4/2023,468.0,481.0,465.0,474.0,1.07,70745.0,242.6,170.5
UPPER,1/5/2023,483.4,498.0,481.0,485.0,2.32,157476.0,242.6,170.5
UPPER,1/8/2023,490.0,520.0,480.0,508.0,4.74,267484.0,242.6,170.5
UPPER,1/9/2023,508.0,544.0,508.0,538.1,5.93,171000.0,242.6,170.5
UPPER,1/10/2023,548.7,581.4,535.0,544.0,1.1,277512.0,242.6,170.5
UPPER,1/12/2023,553.0,576.0,536.0,543.0,-0.18,233977.0,242.6,170.5
UPPER,1/17/2023,550.0,569.0,532.0,568.0,4.6,204818.0,242.6,170.5
UPPER,1/18/2023,557.1,590.0,557.1,567.0,-0.18,169705.0,242.6,170.5
UPPER,1/19/2023,562.0,572.0,560.0,564.5,-0.44,100060.0,242.6,170.5
UPPER,1/23/2023,567.0,569.0,550.0,551.0,-2.39,137872.0,242.6,170.5
UPPER,1/24/2023,546.0,566.1,538.0,566.1,2.74,166931.0,242.6,170.5
UPPER,1/25/2023,576.0,577.0,555.0,557.0,-1.61,123806.0,242.6,170.5
UPPER,1/26/2023,564.0,564.0,547.0,548.7,-1.49,63121.0,242.6,170.5
UPPER,1/29/2023,548.7,549.9,535.1,537.0,-2.13,97998.0,242.6,170.5
UPPER,1/30/2023,537.0,547.0,521.0,522.0,-2.79,175726.0,242.6,170.5
UPPER,1/31/2023,515.0,529.0,510.0,512.0,-1.92,87208.0,242.6,170.5
UPPER,2/1/2023,505.0,517.9,503.1,511.9,-0.02,39750.0,242.6,170.5
UPPER,2/2/2023,512.0,516.0,492.2,493.0,-3.69,60346.0,242.6,170.5
UPPER,2/5/2023,495.0,508.0,493.0,498.1,1.03,84638.0,242.6,170.5
UPPER,2/6/2023,490.3,514.0,490.3,510.0,2.39,55472.0,242.6,170.5
UPPER,2/7/2023,515.0,533.0,511.0,533.0,4.51,102223.0,242.6,170.5
UPPER,2/8/2023,530.0,540.6,519.0,520.0,-2.44,92244.0,242.6,170.5
UPPER,2/9/2023,519.0,527.0,515.0,526.0,1.15,49745.0,242.6,170.5
UPPER,2/12/2023,515.5,515.5,495.0,497.0,-5.51,154636.0,242.6,170.5
UPPER,2/14/2023,494.1,500.0,485.0,486.2,-2.17,52562.0,242.6,170.5
UPPER,2/15/2023,483.3,495.0,475.0,476.0,-2.1,62052.0,242.6,170.5
UPPER,2/16/2023,480.0,483.0,468.1,469.0,-1.47,48507.0,242.6,170.5
UPPER,2/20/2023,468.0,471.7,460.1,461.0,-1.71,53751.0,242.6,170.5
UPPER,2/22/2023,470.0,493.0,461.0,480.9,4.32,58693.0,242.6,170.5
UPPER,2/23/2023,476.0,476.0,466.1,469.0,-2.47,44887.0,242.6,170.5
UPPER,2/26/2023,460.0,484.0,435.0,477.0,1.71,85897.0,242.6,170.5
UPPER,2/27/2023,477.0,485.0,461.6,475.0,-0.42,65210.0,242.6,170.5
UPPER,2/28/2023,475.0,492.0,475.0,483.0,1.68,70508.0,242.6,170.5
UPPER,3/1/2023,492.6,500.0,475.0,475.0,-1.66,179230.0,242.6,170.5
UPPER,3/2/2023,484.5,484.5,465.0,465.0,-2.11,47653.0,242.6,170.5
UPPER,3/5/2023,469.0,470.0,451.1,451.1,-2.99,33239.0,242.6,170.5
UPPER,3/7/2023,451.0,472.0,451.0,465.1,3.1,51740.0,242.6,170.5
UPPER,3/9/2023,474.4,479.0,468.0,475.0,2.13,51117.0,242.6,170.5
UPPER,3/12/2023,484.5,484.5,463.6,470.0,-1.05,66572.0,242.6,170.5
UPPER,3/13/2023,461.2,471.5,461.0,463.6,-1.36,25217.0,242.6,170.5
UPPER,3/14/2023,456.0,470.0,456.0,465.0,0.3,21609.0,242.6,170.5
UPPER,3/15/2023,463.0,468.9,459.0,462.0,-0.65,22786.0,242.6,170.5
UPPER,3/16/2023,457.0,468.0,457.0,459.2,-0.61,27805.0,242.6,170.5
UPPER,3/19/2023,458.0,467.0,458.0,460.0,0.17,21991.0,242.6,170.5
UPPER,3/20/2023,460.1,481.0,460.1,480.0,4.35,46399.0,242.6,170.5
UPPER,3/22/2023,480.0,489.6,473.2,473.2,-1.42,47982.0,242.6,170.5
UPPER,3/23/2023,474.0,474.0,465.0,465.6,-1.61,18844.0,242.6,170.5
UPPER,3/26/2023,465.0,469.0,459.1,462.7,-0.62,34454.0,242.6,170.5
UPPER,3/27/2023,462.0,469.0,457.0,467.8,1.1,26033.0,242.6,170.5
UPPER,3/28/2023,473.0,478.0,465.2,472.0,0.9,30694.0,242.6,170.5
UPPER,3/29/2023,472.0,472.0,466.0,470.0,-0.42,7247.0,242.6,170.5
UPPER,3/30/2023,467.0,474.8,465.0,466.0,-0.85,14786.0,242.6,170.5
UPPER,4/2/2023,466.0,475.0,456.0,460.0,-1.29,42500.0,242.6,170.5
UPPER,4/3/2023,451.2,463.0,451.2,454.0,-1.3,22321.0,242.6,170.5
UPPER,4/4/2023,456.1,461.3,448.6,451.0,-0.66,17494.0,242.6,170.5
UPPER,4/5/2023,450.0,455.0,448.5,450.0,-0.22,13711.0,242.6,170.5
UPPER,4/6/2023,450.0,458.0,445.0,447.0,-0.67,30691.0,242.6,170.5
UPPER,4/9/2023,450.6,455.0,438.1,438.3,-1.95,29368.0,242.6,170.5
UPPER,4/10/2023,440.0,445.0,435.0,438.0,-0.07,19893.0,242.6,170.5
UPPER,4/11/2023,440.0,447.0,437.0,445.0,1.6,17365.0,242.6,170.5
UPPER,4/12/2023,447.0,468.0,447.0,466.8,4.9,40188.0,242.6,170.5
UPPER,4/13/2023,466.8,475.0,457.0,460.0,-1.46,33170.0,242.6,170.5
UPPER,4/16/2023,452.5,463.0,452.5,460.8,0.17,18246.0,242.6,170.5
UPPER,4/17/2023,452.3,460.0,449.0,450.1,-2.32,17971.0,242.6,170.5
UPPER,4/18/2023,455.0,455.0,442.0,446.8,-0.73,19715.0,242.6,170.5
UPPER,4/19/2023,453.0,458.0,446.0,448.0,0.27,14891.0,242.6,170.5
UPPER,4/20/2023,450.0,450.0,441.1,442.0,-1.34,15004.0,242.6,170.5
UPPER,4/23/2023,443.0,449.0,438.0,438.0,-0.9,19861.0,242.6,170.5
UPPER,4/24/2023,436.1,442.0,436.0,440.0,0.46,11801.0,242.6,170.5
UPPER,4/25/2023,436.2,446.7,436.2,441.0,0.23,17385.0,242.6,170.5
UPPER,4/26/2023,445.0,448.0,439.2,439.2,-0.41,14543.0,242.6,170.5
UPPER,4/27/2023,439.0,445.0,438.0,445.0,1.32,18402.0,242.6,170.5
UPPER,4/30/2023,440.0,440.0,435.0,435.4,-2.16,13996.0,242.6,170.5
UPPER,5/2/2023,430.6,438.0,430.5,434.9,-0.11,12913.0,242.6,170.5
UPPER,5/3/2023,433.0,433.0,428.0,428.0,-1.59,11298.0,242.6,170.5
UPPER,5/4/2023,421.0,436.0,421.0,434.9,1.61,17729.0,242.6,170.5
UPPER,5/7/2023,430.0,430.0,422.0,422.0,-2.97,10358.0,242.6,170.5
UPPER,5/8/2023,417.6,423.0,407.7,412.0,-2.37,27548.0,242.6,170.5
UPPER,5/9/2023,408.0,418.9,405.0,412.0,0.0,23668.0,242.6,170.5
UPPER,5/10/2023,407.3,413.0,407.3,409.0,-0.73,9281.0,242.6,170.5
UPPER,5/11/2023,400.9,413.0,400.9,408.0,-0.24,14765.0,242.6,170.5
UPPER,5/14/2023,408.0,415.0,398.0,400.0,-1.96,29254.0,242.6,170.5
UPPER,5/15/2023,395.0,400.0,388.0,395.0,-1.25,29404.0,242.6,170.5
UPPER,5/16/2023,396.0,398.0,391.1,397.0,0.51,16051.0,242.6,170.5
UPPER,5/17/2023,397.0,410.0,396.0,409.9,3.25,21913.0,242.6,170.5
UPPER,5/18/2023,409.0,420.0,404.0,417.9,1.95,26739.0,242.6,170.5
UPPER,5/21/2023,419.0,442.6,416.0,426.1,1.96,51598.0,242.6,170.5
UPPER,5/22/2023,430.0,444.0,422.0,437.1,2.58,41375.0,242.6,170.5
UPPER,5/23/2023,437.0,451.8,435.0,446.0,2.04,44078.0,242.6,170.5
UPPER,5/24/2023,450.0,455.9,440.1,454.0,1.79,57304.0,242.6,170.5
UPPER,5/28/2023,463.0,463.0,448.0,448.0,-1.32,101783.0,242.6,170.5
UPPER,5/30/2023,445.0,445.0,426.5,428.0,-4.46,59321.0,242.6,170.5
UPPER,5/31/2023,425.0,430.0,413.0,420.0,-1.87,43286.0,242.6,170.5
UPPER,6/1/2023,425.0,436.5,415.5,428.5,2.02,50374.0,242.6,170.5
UPPER,6/4/2023,420.0,447.0,420.0,438.0,2.22,37932.0,242.6,170.5
UPPER,6/5/2023,441.0,445.9,430.2,431.5,-1.48,41166.0,242.6,170.5
UPPER,6/6/2023,435.0,459.0,426.1,449.0,4.06,194237.0,242.6,170.5
UPPER,6/7/2023,457.9,462.9,447.0,449.0,0.0,76280.0,242.6,170.5
UPPER,6/8/2023,445.0,454.0,442.0,444.0,-1.11,31956.0,242.6,170.5
UPPER,6/11/2023,436.0,455.0,436.0,450.0,1.35,62431.0,242.6,170.5
UPPER,6/12/2023,451.0,476.0,446.0,454.1,0.91,89722.0,242.6,170.5
UPPER,6/13/2023,445.1,469.0,445.1,454.0,-0.02,93832.0,242.6,170.5
UPPER,6/14/2023,454.0,472.2,454.0,462.9,1.96,180233.0,242.6,170.5
UPPER,6/15/2023,465.0,480.0,463.0,472.5,2.07,126822.0,242.6,170.5
UPPER,6/18/2023,480.0,507.5,474.0,499.0,5.61,223473.0,242.6,170.5
UPPER,6/19/2023,499.0,508.0,486.1,493.0,-1.2,114284.0,242.6,170.5
UPPER,6/20/2023,493.0,514.0,470.0,475.8,-3.49,120782.0,242.6,170.5
UPPER,6/21/2023,482.5,486.0,465.2,468.0,-1.64,87882.0,242.6,170.5
UPPER,6/22/2023,475.5,475.5,454.0,455.0,-2.78,79858.0,242.6,170.5
UPPER,6/25/2023,455.1,477.0,455.0,477.0,4.84,81162.0,242.6,170.5
UPPER,6/26/2023,484.0,487.5,475.0,479.9,0.61,75401.0,242.6,170.5
UPPER,6/27/2023,489.4,489.4,470.0,479.0,-0.19,84566.0,242.6,170.5
UPPER,6/28/2023,479.1,483.0,462.4,462.4,-3.47,96339.0,242.6,170.5
UPPER,7/2/2023,462.0,462.0,446.0,446.0,-3.55,67111.0,242.6,170.5
UPPER,7/3/2023,450.0,458.9,441.1,446.0,0.0,69233.0,242.6,170.5
UPPER,7/4/2023,454.9,454.9,441.1,446.0,0.0,37180.0,242.6,170.5
UPPER,7/5/2023,453.9,453.9,431.0,431.5,-3.25,58989.0,242.6,170.5
UPPER,7/6/2023,426.0,474.0,425.0,474.0,9.85,86729.0,242.6,170.5
UPPER,7/9/2023,483.4,483.4,439.1,442.5,-6.65,236023.0,242.6,170.5
UPPER,7/10/2023,450.0,450.0,425.0,427.0,-3.5,153128.0,242.6,170.5
UPPER,7/11/2023,421.5,432.0,420.0,426.2,-0.19,36401.0,242.6,170.5
UPPER,7/12/2023,420.0,450.0,417.5,430.1,0.92,55912.0,242.6,170.5
UPPER,7/13/2023,438.7,445.0,424.0,429.0,-0.26,78050.0,242.6,170.5
UPPER,7/16/2023,437.5,437.5,423.1,426.8,-0.51,38936.0,242.6,170.5
UPPER,7/17/2023,425.0,429.9,421.1,427.0,0.05,26648.0,242.6,170.5
UPPER,7/18/2023,435.5,435.5,424.0,424.9,-0.49,43545.0,242.6,170.5
UPPER,7/19/2023,417.0,431.0,417.0,422.8,-0.49,40559.0,242.6,170.5
UPPER,7/20/2023,429.5,429.5,421.1,425.0,0.52,34022.0,242.6,170.5
UPPER,7/23/2023,426.0,434.9,421.5,430.0,1.18,48251.0,242.6,170.5
UPPER,7/24/2023,430.0,434.9,423.6,426.0,-0.93,43972.0,242.6,170.5
UPPER,7/25/2023,423.3,430.6,420.1,420.7,-1.24,37334.0,242.6,170.5
UPPER,7/26/2023,423.5,426.0,417.5,418.0,-0.64,36288.0,242.6,170.5
UPPER,7/27/2023,417.1,425.0,414.0,414.5,-0.84,48649.0,242.6,170.5
UPPER,7/30/2023,415.0,421.0,409.0,409.0,-1.33,54051.0,242.6,170.5
UPPER,7/31/2023,410.0,413.0,404.0,405.0,-0.98,52905.0,242.6,170.5
UPPER,8/1/2023,405.0,429.0,405.0,410.0,1.23,210181.0,242.6,170.5
UPPER,8/2/2023,418.0,418.0,400.0,406.9,-0.76,145237.0,242.6,170.5
UPPER,8/3/2023,415.0,415.0,399.9,400.0,-1.7,113790.0,242.6,170.5
UPPER,8/6/2023,406.0,406.0,388.0,388.5,-2.88,119314.0,242.6,170.5
UPPER,8/7/2023,386.0,393.0,380.0,381.0,-1.93,121621.0,242.6,170.5
UPPER,8/8/2023,374.0,386.0,374.0,378.7,-0.6,90774.0,242.6,170.5
UPPER,8/9/2023,372.0,379.8,372.0,379.0,0.08,118203.0,242.6,170.5
UPPER,8/10/2023,386.0,388.7,379.0,386.1,1.87,291790.0,242.6,170.5
UPPER,8/13/2023,247.9,267.3,247.9,255.6,-33.8,182028.0,242.6,170.5
UPPER,8/14/2023,255.6,259.0,246.0,246.9,-3.4,102633.0,242.6,170.5
UPPER,8/15/2023,249.0,251.0,242.0,242.2,-1.9,41303.0,242.6,170.5
UPPER,8/16/2023,237.4,237.4,231.0,233.0,-3.8,68347.0,242.6,170.5
UPPER,8/17/2023,236.0,239.0,233.0,234.0,0.43,32877.0,242.6,170.5
UPPER,8/20/2023,236.0,236.0,223.0,224.0,-4.27,54309.0,242.6,170.5
UPPER,8/21/2023,224.0,226.0,217.8,218.0,-2.68,63401.0,242.6,170.5
UPPER,8/22/2023,218.0,222.0,215.0,221.0,1.38,37222.0,242.6,170.5
UPPER,8/23/2023,221.0,230.0,218.0,229.9,4.03,39779.0,242.6,170.5
UPPER,8/24/2023,232.0,240.0,226.4,226.5,-1.48,49345.0,242.6,170.5
UPPER,8/27/2023,228.0,231.0,220.0,223.1,-1.5,23135.0,242.6,170.5
UPPER,8/28/2023,222.0,228.5,222.0,225.1,0.9,25519.0,242.6,170.5
UPPER,8/29/2023,226.0,227.1,221.1,222.0,-1.38,20034.0,242.6,170.5
UPPER,8/30/2023,222.0,224.0,221.2,222.5,0.23,24252.0,242.6,170.5
UPPER,9/3/2023,226.0,226.0,217.0,218.0,-2.02,40336.0,242.6,170.5
UPPER,9/4/2023,221.0,221.9,217.0,218.5,0.23,24267.0,242.6,170.5
UPPER,9/5/2023,218.0,220.0,214.5,216.5,-0.92,32220.0,242.6,170.5
UPPER,9/7/2023,220.0,220.0,207.8,208.1,-3.88,51336.0,242.6,170.5
UPPER,9/10/2023,210.0,210.0,198.0,201.0,-3.41,68349.0,242.6,170.5
UPPER,9/11/2023,202.0,204.0,197.1,203.6,1.29,60757.0,242.6,170.5
UPPER,9/12/2023,205.9,206.0,201.0,201.0,-1.28,20696.0,242.6,170.5
UPPER,9/13/2023,202.0,204.7,199.5,204.7,1.84,50817.0,242.6,170.5
UPPER,9/17/2023,204.0,207.0,199.3,200.1,-2.25,58906.0,242.6,170.5
UPPER,9/18/2023,200.0,201.0,199.0,200.0,-0.05,35090.0,242.6,170.5
UPPER,9/19/2023,203.0,205.5,200.0,204.0,2.0,44385.0,242.6,170.5
UPPER,9/21/2023,208.0,219.7,208.0,216.0,5.88,101891.0,242.6,170.5
UPPER,9/24/2023,220.0,220.3,212.0,216.5,0.23,67657.0,242.6,170.5
UPPER,9/25/2023,220.0,220.0,215.0,216.5,0.0,22745.0,242.6,170.5
UPPER,9/26/2023,216.0,223.0,216.0,220.4,1.8,44222.0,242.6,170.5
UPPER,9/27/2023,222.0,222.0,215.6,217.4,-1.36,32979.0,242.6,170.5
UPPER,10/1/2023,217.0,217.0,210.0,211.0,-2.94,28259.0,242.6,170.5
UPPER,10/2/2023,206.8,215.0,202.0,212.0,0.47,36861.0,242.6,170.5
UPPER,10/3/2023,213.5,216.0,209.0,210.6,-0.66,28007.0,242.6,170.5
UPPER,10/4/2023,207.2,214.8,207.2,211.2,0.28,27097.0,242.6,170.5
UPPER,10/5/2023,210.0,213.3,208.0,209.9,-0.62,31788.0,242.6,170.5
UPPER,10/8/2023,214.0,219.0,203.0,206.8,-1.48,33473.0,242.6,170.5
UPPER,10/9/2023,202.7,208.0,202.7,207.0,0.1,28118.0,242.6,170.5
UPPER,10/10/2023,210.0,210.0,200.0,200.0,-3.38,45648.0,242.6,170.5
UPPER,10/11/2023,201.0,204.0,200.0,203.5,1.75,35452.0,242.6,170.5
UPPER,10/12/2023,204.4,204.4,200.0,200.0,-1.72,27263.0,242.6,170.5
UPPER,10/16/2023,200.0,200.0,195.5,195.5,-2.25,37519.0,242.6,170.5
UPPER,10/17/2023,198.0,203.0,196.0,196.0,0.26,30636.0,242.6,170.5
UPPER,10/18/2023,198.0,204.0,197.0,204.0,4.08,19067.0,242.6,170.5
UPPER,10/19/2023,208.0,208.0,200.0,201.0,-1.47,18019.0,242.6,170.5
UPPER,10/29/2023,201.0,201.0,197.0,201.0,0.0,16328.0,242.6,170.5
UPPER,10/30/2023,203.0,203.0,198.0,199.0,-1.0,13848.0,242.6,170.5
UPPER,10/31/2023,199.0,201.0,196.0,199.0,0.0,18575.0,242.6,170.5
UPPER,11/1/2023,199.0,201.0,197.0,197.5,-0.75,18371.0,242.6,170.5
UPPER,11/2/2023,199.0,200.0,195.0,196.2,-0.66,14227.0,242.6,170.5
UPPER,11/5/2023,199.0,199.0,190.0,192.0,-2.14,18566.0,242.6,170.5
UPPER,11/6/2023,194.8,195.0,191.0,192.8,0.42,15805.0,242.6,170.5
UPPER,11/7/2023,195.0,195.0,191.5,193.9,0.57,16156.0,242.6,170.5
UPPER,11/8/2023,193.9,195.9,192.0,193.9,0.0,9598.0,242.6,170.5
UPPER,11/9/2023,193.9,196.7,191.2,193.9,0.0,22602.0,242.6,170.5
UPPER,11/20/2023,196.0,200.0,195.0,196.6,1.39,26776.0,242.6,170.5
UPPER,11/21/2023,192.7,198.9,191.0,193.0,-1.83,28559.0,242.6,170.5
UPPER,11/22/2023,196.5,196.5,190.0,195.0,1.04,12436.0,242.6,170.5
UPPER,11/23/2023,195.0,197.0,193.0,196.2,0.62,18340.0,242.6,170.5
UPPER,11/26/2023,199.0,200.0,197.0,199.0,1.43,27614.0,242.6,170.5
UPPER,11/27/2023,202.9,205.0,201.1,203.7,2.36,30263.0,242.6,170.5
UPPER,11/28/2023,200.0,204.0,200.0,202.5,-0.59,13046.0,242.6,170.5
UPPER,11/29/2023,202.0,206.0,200.0,201.0,-0.74,13245.0,242.6,170.5
UPPER,11/30/2023,198.1,201.0,197.0,198.0,-1.49,16349.0,242.6,170.5
UPPER,12/3/2023,198.1,199.9,196.0,197.7,-0.15,12636.0,242.6,170.5
UPPER,12/4/2023,196.0,198.8,196.0,196.2,-0.76,11648.0,242.6,170.5
UPPER,12/5/2023,198.0,198.0,195.0,196.8,0.31,11815.0,242.6,170.5
UPPER,12/6/2023,197.0,197.8,193.0,194.0,-1.42,19659.0,242.6,170.5
UPPER,12/7/2023,196.0,197.0,193.0,195.0,0.52,13955.0,242.6,170.5
UPPER,12/10/2023,198.9,214.0,197.0,214.0,9.74,4086.0,242.6,170.5
UPPER,12/11/2023,218.2,222.5,205.5,212.0,-0.93,92991.0,242.6,170.5
UPPER,12/12/2023,210.0,216.0,208.0,212.0,0.0,37891.0,242.6,170.5
UPPER,12/13/2023,212.0,215.0,209.0,211.0,-0.47,40464.0,242.6,170.5
UPPER,12/14/2023,215.0,215.0,206.0,206.0,-2.37,40520.0,242.6,170.5
UPPER,12/17/2023,205.0,214.9,199.0,214.5,4.13,96457.0,242.6,170.5
UPPER,12/18/2023,216.0,227.0,216.0,221.0,3.03,126634.0,242.6,170.5
UPPER,12/19/2023,222.5,225.4,217.7,221.9,0.41,59592.0,242.6,170.5
UPPER,12/20/2023,226.3,226.3,215.3,221.5,-0.18,96871.0,242.6,170.5
UPPER,12/21/2023,225.9,225.9,216.1,217.9,-1.63,66689.0,242.6,170.5
UPPER,12/24/2023,218.5,218.5,211.0,214.0,-1.79,64646.0,242.6,170.5
UPPER,12/27/2023,215.0,218.0,208.0,209.0,-2.34,70808.0,242.6,170.5
UPPER,12/28/2023,212.0,212.0,203.0,204.5,-2.15,54351.0,242.6,170.5
UPPER,1/1/2024,208.5,208.5,196.9,199.0,-2.69,106482.0,242.6,170.5
UPPER,1/2/2024,199.1,202.0,194.5,195.9,-1.56,72141.0,242.6,170.5
UPPER,1/3/2024,193.0,200.0,193.0,199.9,2.04,50836.0,242.6,170.5
UPPER,1/4/2024,200.0,203.5,198.0,199.5,-0.2,94739.0,242.6,170.5
UPPER,1/7/2024,203.4,205.0,200.0,201.9,1.2,95328.0,242.6,170.5
UPPER,1/8/2024,202.9,204.0,198.7,200.0,-0.94,68569.0,242.6,170.5
UPPER,1/9/2024,204.0,205.0,197.2,198.0,-1.0,110148.0,242.6,170.5
UPPER,1/10/2024,201.9,201.9,195.5,196.8,-0.61,72012.0,242.6,170.5
UPPER,1/11/2024,197.0,197.9,193.6,197.9,0.56,84363.0,242.6,170.5
UPPER,1/14/2024,197.9,213.1,196.0,211.5,6.87,233902.0,242.6,170.5
UPPER,1/16/2024,212.0,232.6,211.5,232.6,9.98,303258.0,242.6,170.5
UPPER,1/17/2024,237.2,255.8,232.6,248.0,6.62,342686.0,242.6,170.5
UPPER,1/18/2024,250.0,251.0,226.0,236.0,-4.84,352991.0,242.6,170.5
UPPER,1/21/2024,240.7,252.0,227.0,240.0,1.69,301208.0,242.6,170.5
UPPER,1/22/2024,244.8,244.8,221.0,226.5,-5.63,205531.0,242.6,170.5
UPPER,1/23/2024,223.5,231.0,220.6,224.8,-0.75,89288.0,242.6,170.5
UPPER,1/24/2024,229.2,229.2,218.0,220.0,-2.14,119674.0,242.6,170.5
UPPER,1/25/2024,216.0,223.0,216.0,217.0,-1.36,73150.0,242.6,170.5
UPPER,1/28/2024,220.0,220.8,215.0,218.0,0.46,68484.0,242.6,170.5
UPPER,1/29/2024,219.0,222.0,215.0,216.0,-0.92,68169.0,242.6,170.5
UPPER,1/30/2024,216.0,220.3,214.0,217.0,0.46,73954.0,242.6,170.5
UPPER,1/31/2024,212.7,222.0,212.7,215.0,-0.92,78593.0,242.6,170.5
UPPER,2/1/2024,219.3,219.3,209.7,210.0,-2.33,89528.0,242.6,170.5
UPPER,2/4/2024,211.0,213.0,206.0,207.0,-1.43,53560.0,242.6,170.5
UPPER,2/5/2024,209.0,210.0,205.0,208.0,0.48,37775.0,242.6,170.5
UPPER,2/6/2024,210.0,210.0,205.0,209.0,0.48,45363.0,242.6,170.5
UPPER,2/7/2024,211.0,213.1,209.1,210.7,0.81,40580.0,242.6,170.5
UPPER,2/8/2024,213.8,216.0,212.0,215.0,2.04,50475.0,242.6,170.5
UPPER,2/11/2024,218.0,221.4,215.0,215.0,0.0,70251.0,242.6,170.5
UPPER,2/12/2024,219.0,219.3,215.0,216.0,0.47,44449.0,242.6,170.5
UPPER,2/13/2024,220.0,220.0,211.1,212.0,-1.85,40821.0,242.6,170.5
UPPER,2/14/2024,210.0,213.0,208.0,210.0,-0.94,28204.0,242.6,170.5
UPPER,2/15/2024,207.1,210.3,207.0,208.0,-0.95,40166.0,242.6,170.5
UPPER,2/18/2024,205.0,210.0,205.0,205.1,-1.39,38265.0,242.6,170.5
UPPER,2/20/2024,208.0,208.0,203.0,204.5,-0.29,37843.0,242.6,170.5
UPPER,2/21/2024,207.0,207.0,202.0,203.0,-0.73,52209.0,242.6,170.5
UPPER,2/22/2024,205.9,205.9,198.9,198.9,-2.02,64079.0,242.6,170.5
UPPER,2/25/2024,196.1,199.9,195.0,195.3,-1.81,49339.0,242.6,170.5
UPPER,2/26/2024,193.7,207.8,193.6,204.0,4.45,42511.0,242.6,170.5
UPPER,2/27/2024,206.0,207.0,200.3,202.0,-0.98,15458.0,242.6,170.5
UPPER,2/28/2024,202.0,202.0,198.2,200.0,-0.99,23984.0,242.6,170.5
UPPER,2/29/2024,203.9,203.9,197.0,197.0,-1.5,44968.0,242.6,170.5
UPPER,3/3/2024,200.0,200.9,196.0,196.0,-0.51,27471.0,242.6,170.5
UPPER,3/4/2024,199.9,214.2,199.9,214.2,9.29,1886.0,242.6,170.5
UPPER,3/5/2024,218.0,218.0,205.0,205.0,-4.3,81268.0,242.6,170.5
UPPER,3/6/2024,205.0,210.0,201.9,205.0,0.0,35524.0,242.6,170.5
UPPER,3/7/2024,209.0,209.1,204.0,206.8,0.88,28301.0,242.6,170.5
UPPER,3/10/2024,210.1,210.1,205.0,205.0,-0.87,26708.0,242.6,170.5
UPPER,3/12/2024,200.9,205.0,196.9,204.0,-0.49,108916.0,242.6,170.5
UPPER,3/13/2024,200.0,200.0,183.6,183.6,-10.0,846146.0,242.6,170.5
UPPER,3/14/2024,180.0,190.7,170.0,187.9,2.34,2768765.0,242.6,170.5
UPPER,3/17/2024,190.0,190.0,182.5,182.8,-2.71,747877.0,242.6,170.5
UPPER,3/18/2024,183.0,183.1,178.0,181.6,-0.66,642591.0,242.6,170.5
UPPER,3/19/2024,183.0,183.7,180.0,180.8,-0.44,384979.0,242.6,170.5
UPPER,3/20/2024,184.4,184.4,180.0,180.1,-0.39,390479.0,242.6,170.5
UPPER,3/21/2024,180.1,181.9,178.3,179.5,-0.33,306491.0,242.6,170.5
UPPER,3/25/2024,180.0,181.0,175.5,176.0,-1.95,256039.0,242.6,170.5
UPPER,3/26/2024,176.0,178.8,175.5,176.9,0.51,219433.0,242.6,170.5
UPPER,3/27/2024,179.0,179.0,175.1,175.4,-0.85,160825.0,242.6,170.5
UPPER,3/28/2024,175.0,176.9,174.0,175.0,-0.23,212852.0,242.6,170.5
UPPER,3/31/2024,175.0,178.2,173.2,173.6,-0.8,192663.0,242.6,170.5
UPPER,4/1/2024,174.5,174.5,171.0,171.5,-1.21,226187.0,242.6,170.5
UPPER,4/2/2024,169.0,173.0,169.0,170.2,-0.76,190566.0,242.6,170.5
UPPER,4/3/2024,173.6,173.6,168.1,169.6,-0.35,169746.0,242.6,170.5
UPPER,4/4/2024,172.9,172.9,168.0,169.0,-0.35,160768.0,242.6,170.5
UPPER,4/7/2024,170.0,171.0,168.3,170.9,1.12,174686.0,242.6,170.5
UPPER,4/9/2024,170.0,174.6,170.0,172.8,1.11,184830.0,242.6,170.5
UPPER,4/10/2024,173.0,175.9,170.5,171.6,-0.69,124431.0,242.6,170.5
UPPER,4/14/2024,173.8,173.8,169.0,169.2,-1.4,136000.0,242.6,170.5
UPPER,4/15/2024,171.9,171.9,168.3,168.3,-0.53,135711.0,242.6,170.5
UPPER,4/16/2024,168.3,169.0,166.0,166.1,-1.31,139073.0,242.6,170.5
UPPER,4/18/2024,168.0,168.0,164.1,164.9,-0.72,133857.0,242.6,170.5
UPPER,4/21/2024,167.0,167.1,163.1,167.1,1.33,123408.0,242.6,170.5
UPPER,4/22/2024,170.0,170.4,165.0,165.5,-0.96,128956.0,242.6,170.5
UPPER,4/24/2024,168.0,168.0,165.1,166.5,0.6,55505.0,242.6,170.5
UPPER,4/25/2024,168.0,168.0,165.0,165.6,-0.54,72792.0,242.6,170.5
UPPER,4/28/2024,166.0,168.0,164.5,165.5,-0.06,90858.0,242.6,170.5
UPPER,4/29/2024,166.0,168.0,163.7,163.7,-1.09,90940.0,242.6,170.5
UPPER,4/30/2024,165.9,170.2,163.5,167.4,2.26,111266.0,242.6,170.5
UPPER,5/2/2024,170.7,170.7,164.4,164.7,-1.61,101638.0,242.6,170.5
UPPER,5/5/2024,164.7,167.9,162.2,162.5,-1.34,114827.0,242.6,170.5
UPPER,5/6/2024,162.5,164.0,161.6,162.8,0.18,81349.0,242.6,170.5
UPPER,5/7/2024,165.0,165.0,160.3,161.0,-1.11,64964.0,242.6,170.5
UPPER,5/8/2024,162.0,162.5,160.0,160.6,-0.25,76669.0,242.6,170.5
UPPER,5/9/2024,163.8,163.8,160.0,160.9,0.19,98917.0,242.6,170.5
UPPER,5/12/2024,162.0,164.0,161.9,162.5,0.99,91692.0,242.6,170.5
UPPER,5/13/2024,165.0,165.0,162.5,164.7,1.35,67578.0,242.6,170.5
UPPER,5/14/2024,165.0,168.0,165.0,167.8,1.88,77611.0,242.6,170.5
UPPER,5/15/2024,171.0,171.0,165.9,166.0,-1.07,95754.0,242.6,170.5
UPPER,5/16/2024,169.0,169.0,164.0,164.0,-1.2,82467.0,242.6,170.5
UPPER,5/19/2024,167.2,167.2,164.0,164.5,0.3,167550.0,242.6,170.5
UPPER,5/20/2024,167.6,168.4,165.0,165.4,0.55,152138.0,242.6,170.5
UPPER,5/21/2024,164.0,170.5,164.0,166.5,0.67,114143.0,242.6,170.5
UPPER,5/22/2024,166.7,168.0,165.0,166.0,-0.3,153432.0,242.6,170.5
UPPER,5/26/2024,168.4,168.4,165.0,165.7,-0.18,106966.0,242.6,170.5
UPPER,5/27/2024,165.0,167.0,165.0,165.9,0.12,91780.0,242.6,170.5
UPPER,5/29/2024,169.2,169.2,164.5,164.5,-0.84,108999.0,242.6,170.5
UPPER,5/30/2024,166.0,166.0,162.6,162.7,-1.09,86543.0,242.6,170.5
UPPER,6/2/2024,162.1,165.0,160.3,162.5,-0.12,101185.0,242.6,170.5
UPPER,6/3/2024,160.1,164.8,160.1,161.7,-0.49,82106.0,242.6,170.5
UPPER,6/4/2024,162.0,163.5,161.1,162.7,0.62,79666.0,242.6,170.5
UPPER,6/5/2024,163.0,164.0,161.0,161.9,-0.49,51164.0,242.6,170.5
UPPER,6/6/2024,161.0,162.0,160.6,160.9,-0.62,94749.0,242.6,170.5
UPPER,6/9/2024,160.0,162.9,159.3,160.0,-0.56,129965.0,242.6,170.5
UPPER,6/10/2024,159.0,162.0,159.0,159.9,-0.06,124855.0,242.6,170.5
UPPER,6/11/2024,163.0,163.3,159.9,162.9,1.88,143675.0,242.6,170.5
UPPER,6/12/2024,164.5,166.0,162.0,162.2,-0.43,113045.0,242.6,170.5
UPPER,6/13/2024,164.6,164.6,160.0,160.0,-1.36,111082.0,242.6,170.5
UPPER,6/16/2024,160.0,162.0,159.8,161.0,0.63,108900.0,242.6,170.5
UPPER,6/18/2024,161.0,161.5,159.6,159.8,-0.75,98279.0,242.6,170.5
UPPER,6/19/2024,161.0,161.7,159.0,159.0,-0.5,111590.0,242.6,170.5
UPPER,6/20/2024,162.1,162.1,157.0,158.2,-0.5,138421.0,242.6,170.5
UPPER,6/23/2024,157.5,160.0,156.0,157.0,-0.76,110350.0,242.6,170.5
UPPER,6/24/2024,156.0,158.0,155.7,156.0,-0.64,93277.0,242.6,170.5
UPPER,6/25/2024,152.9,158.0,152.9,156.0,0.0,88047.0,242.6,170.5
UPPER,6/26/2024,156.1,158.0,155.0,155.0,-0.64,73370.0,242.6,170.5
UPPER,6/27/2024,156.0,156.9,154.0,154.3,-0.45,83573.0,242.6,170.5
UPPER,6/30/2024,154.3,154.9,152.6,153.1,-0.78,90311.0,242.6,170.5
UPPER,7/1/2024,152.5,155.0,152.1,154.0,0.59,48510.0,242.6,170.5
UPPER,7/2/2024,157.0,166.5,156.0,158.8,3.12,207867.0,242.6,170.5
UPPER,7/3/2024,160.9,160.9,156.0,157.9,-0.57,51616.0,242.6,170.5
UPPER,7/4/2024,159.89,159.89,156.8,157.0,-0.57,70761.0,242.6,170.5
UPPER,7/7/2024,157.0,158.7,154.5,158.1,0.7,106373.0,242.6,170.5
UPPER,7/8/2024,158.0,160.0,156.5,157.0,-0.7,60491.0,242.6,170.5
UPPER,7/9/2024,157.0,158.5,155.1,158.0,0.64,75388.0,242.6,170.5
UPPER,7/10/2024,161.1,161.1,157.4,158.7,0.44,122433.0,242.6,170.5
UPPER,7/11/2024,161.7,161.7,159.1,160.5,1.13,187354.0,242.6,170.5
UPPER,7/14/2024,163.7,171.6,162.0,171.0,6.54,429727.0,242.6,170.5
UPPER,7/15/2024,174.4,180.0,168.0,176.7,3.33,2174728.0,242.6,170.5
UPPER,7/16/2024,180.2,187.0,175.0,186.7,5.66,677700.0,242.6,170.5
UPPER,7/17/2024,190.4,194.9,184.6,189.6,1.55,821773.0,242.6,170.5
UPPER,7/18/2024,193.3,193.3,184.3,188.6,-0.53,2082349.0,242.6,170.5
UPPER,7/21/2024,190.0,191.0,184.1,189.3,0.37,605821.0,242.6,170.5
UPPER,7/22/2024,193.0,193.8,185.0,191.5,1.16,932595.0,242.6,170.5
UPPER,7/23/2024,191.5,204.9,190.0,203.6,6.32,967741.0,242.6,170.5
UPPER,7/24/2024,205.0,222.0,204.0,213.9,5.06,1376794.0,242.6,170.5
UPPER,7/25/2024,218.1,218.1,206.0,211.3,-1.22,766187.0,242.6,170.5
UPPER,7/28/2024,215.5,230.0,211.0,217.0,2.7,628104.0,242.6,170.5
UPPER,7/29/2024,220.0,221.0,210.7,213.0,-1.84,635579.0,242.6,170.5
UPPER,7/30/2024,213.0,216.0,203.9,211.0,-0.94,613554.0,242.6,170.5
UPPER,7/31/2024,213.0,218.9,211.0,215.7,2.23,986904.0,242.6,170.5
UPPER,8/1/2024,219.0,219.8,213.0,215.0,-0.32,928895.0,242.6,170.5
UPPER,8/5/2024,216.0,218.9,212.1,215.1,0.05,762161.0,242.6,170.5
UPPER,8/6/2024,210.9,217.0,199.9,200.0,-7.02,956826.0,242.6,170.5
UPPER,8/7/2024,200.0,209.9,197.0,209.1,4.55,592838.0,242.6,170.5
UPPER,8/8/2024,213.2,219.0,210.0,213.0,1.87,888517.0,242.6,170.5
UPPER,8/11/2024,217.2,234.3,215.0,234.3,10.0,2451686.0,242.6,170.5
UPPER,8/12/2024,238.9,257.0,238.9,254.9,8.79,1958240.0,242.6,170.5
UPPER,8/13/2024,259.0,263.0,248.5,256.8,0.75,1419070.0,242.6,170.5
UPPER,8/14/2024,256.0,274.0,245.0,270.5,5.33,1839917.0,242.6,170.5
UPPER,8/15/2024,273.0,295.0,273.0,286.0,5.73,1718044.0,242.6,170.5
UPPER,8/18/2024,286.0,292.0,272.0,276.0,-3.5,1540050.0,242.6,170.5
UPPER,8/21/2024,281.0,286.0,265.4,266.1,-3.59,1001536.0,242.6,170.5
UPPER,8/22/2024,266.1,274.0,260.0,267.0,0.34,860860.0,242.6,170.5
UPPER,8/25/2024,270.0,270.0,253.5,254.2,-4.79,975373.0,242.6,170.5
UPPER,8/27/2024,259.2,259.2,235.5,238.0,-6.37,1309527.0,242.6,170.5
UPPER,8/28/2024,242.0,250.8,238.0,240.3,0.97,746701.0,242.6,170.5
UPPER,8/29/2024,239.0,243.7,232.0,235.8,-1.87,557633.0,242.6,170.5
UPPER,9/1/2024,236.0,241.0,224.0,228.0,-3.31,573541.0,242.6,170.5
UPPER,9/2/2024,228.0,249.5,224.0,248.5,8.99,827308.0,242.6,170.5
UPPER,9/3/2024,253.4,258.0,248.0,248.8,0.12,686357.0,242.6,170.5
UPPER,9/4/2024,253.7,253.7,236.3,238.0,-4.34,511755.0,242.6,170.5
UPPER,9/5/2024,235.0,239.9,229.5,233.0,-2.1,405923.0,242.6,170.5
UPPER,9/8/2024,237.0,241.0,229.4,229.8,-1.37,309045.0,242.6,170.5
UPPER,9/9/2024,232.1,234.3,223.5,224.0,-2.52,381321.0,242.6,170.5
UPPER,9/10/2024,225.0,231.0,220.0,222.0,-0.89,308371.0,242.6,170.5
UPPER,9/11/2024,226.4,226.4,216.0,217.9,-1.85,263653.0,242.6,170.5
UPPER,9/12/2024,219.9,233.0,216.2,230.0,5.55,444479.0,242.6,170.5
UPPER,9/15/2024,234.0,237.0,224.0,225.0,-2.17,426514.0,242.6,170.5
UPPER,9/16/2024,225.0,225.0,218.0,219.0,-2.67,327638.0,242.6,170.5
UPPER,9/18/2024,219.0,221.7,215.1,217.5,-0.68,239553.0,242.6,170.5
UPPER,9/22/2024,217.0,233.0,217.0,219.0,0.69,218619.0,242.6,170.5
UPPER,9/23/2024,219.0,220.0,211.8,212.8,-2.83,227912.0,242.6,170.5
UPPER,9/24/2024,213.0,215.0,203.4,205.1,-3.62,275125.0,242.6,170.5
UPPER,9/25/2024,205.1,212.5,201.0,210.5,2.63,320637.0,242.6,170.5
UPPER,9/26/2024,213.7,216.0,202.7,205.0,-2.61,243148.0,242.6,170.5
UPPER,9/29/2024,200.9,202.0,192.0,198.0,-3.41,360489.0,242.6,170.5
UPPER,9/30/2024,201.5,201.5,194.2,199.0,0.51,213030.0,242.6,170.5
UPPER,10/1/2024,201.0,215.0,198.0,214.9,7.99,491877.0,242.6,170.5
UPPER,10/2/2024,217.0,218.0,208.0,212.0,-1.35,345320.0,242.6,170.5
UPPER,10/6/2024,212.0,216.0,207.8,214.5,1.18,251740.0,242.6,170.5
UPPER,10/7/2024,218.0,224.0,218.0,221.0,3.03,225307.0,242.6,170.5
UPPER,10/8/2024,221.0,223.0,216.0,217.0,-1.81,167610.0,242.6,170.5
UPPER,10/9/2024,218.8,221.0,214.1,216.0,-0.46,141693.0,242.6,170.5
UPPER,10/15/2024,216.0,219.9,216.0,219.0,1.39,70676.0,242.6,170.5
UPPER,10/16/2024,222.0,228.0,220.0,227.5,3.88,261822.0,242.6,170.5
UPPER,10/17/2024,229.0,231.9,226.0,227.0,-0.22,242241.0,242.6,170.5
UPPER,10/20/2024,222.5,225.5,215.7,220.3,-2.95,284470.0,242.6,170.5
UPPER,10/21/2024,219.6,222.0,213.7,214.0,-2.86,317069.0,242.6,170.5
UPPER,10/22/2024,211.0,218.5,211.0,216.0,0.93,159786.0,242.6,170.5
UPPER,10/23/2024,211.8,220.4,211.8,214.2,-0.83,114634.0,242.6,170.5
UPPER,10/24/2024,214.0,216.0,212.0,213.0,-0.56,182723.0,242.6,170.5
UPPER,10/27/2024,215.0,216.0,210.1,214.0,0.47,112319.0,242.6,170.5
UPPER,10/28/2024,211.0,217.0,211.0,215.8,0.84,103866.0,242.6,170.5
UPPER,10/29/2024,215.0,224.0,215.0,221.0,2.41,281509.0,242.6,170.5
UPPER,10/30/2024,221.2,224.0,216.2,218.5,-1.13,132061.0,242.6,170.5
UPPER,11/5/2024,221.0,222.0,218.0,219.0,0.23,81837.0,242.6,170.5
UPPER,11/6/2024,219.0,219.0,214.3,215.9,-1.42,131888.0,242.6,170.5
UPPER,11/10/2024,217.0,226.0,217.0,226.0,4.68,374370.0,242.6,170.5
UPPER,11/11/2024,221.5,230.0,221.5,224.0,-0.88,297707.0,242.6,170.5
UPPER,11/12/2024,225.0,226.5,219.0,220.0,-1.79,182586.0,242.6,170.5
UPPER,11/13/2024,218.1,221.0,216.0,217.8,-1.0,191047.0,242.6,170.5
UPPER,11/14/2024,222.1,222.1,216.1,218.5,0.32,192485.0,242.6,170.5
UPPER,11/17/2024,222.8,226.9,217.9,218.5,0.0,233876.0,242.6,170.5
UPPER,11/19/2024,217.1,222.0,216.0,216.4,-0.96,197248.0,242.6,170.5
UPPER,11/20/2024,216.4,218.0,213.6,216.8,0.18,143638.0,242.6,170.5
UPPER,11/21/2024,217.0,219.0,213.0,213.6,-1.48,194136.0,242.6,170.5
UPPER,11/24/2024,213.6,217.8,212.0,212.3,-0.61,162743.0,242.6,170.5
UPPER,11/25/2024,216.5,216.5,211.0,212.7,0.19,137690.0,242.6,170.5
UPPER,11/26/2024,216.9,217.9,213.0,216.2,1.65,155981.0,242.6,170.5
UPPER,11/27/2024,220.0,220.0,216.0,217.9,0.79,235371.0,242.6,170.5
UPPER,11/28/2024,219.0,219.1,213.8,216.0,-0.87,204316.0,242.6,170.5
UPPER,12/1/2024,215.0,215.0,211.0,214.0,-0.93,158794.0,242.6,170.5
UPPER,12/2/2024,214.0,221.0,213.0,213.9,-0.05,201769.0,242.6,170.5
UPPER,12/3/2024,218.0,218.0,213.2,214.1,0.09,144716.0,242.6,170.5
UPPER,12/4/2024,218.3,223.5,215.0,217.2,1.45,497963.0,242.6,170.5
UPPER,12/5/2024,221.5,222.0,214.0,215.6,-0.74,234261.0,242.6,170.5
UPPER,12/8/2024,213.0,216.9,211.8,212.0,-1.67,163105.0,242.6,170.5
UPPER,12/9/2024,211.5,214.9,211.5,212.0,0.0,154830.0,242.6,170.5
UPPER,12/10/2024,214.0,214.0,211.0,212.8,0.38,91668.0,242.6,170.5
UPPER,12/11/2024,210.1,214.0,210.1,213.4,0.28,113431.0,242.6,170.5
UPPER,12/12/2024,217.6,217.6,210.0,210.5,-1.36,149444.0,242.6,170.5
UPPER,12/16/2024,210.0,211.3,207.0,208.0,-1.19,181095.0,242.6,170.5
UPPER,12/17/2024,206.0,210.0,204.0,206.5,-0.72,110632.0,242.6,170.5
UPPER,12/18/2024,208.0,210.0,205.0,205.0,-0.73,105160.0,242.6,170.5
UPPER,12/19/2024,204.1,206.9,203.7,204.0,-0.49,128590.0,242.6,170.5
UPPER,12/22/2024,208.0,208.0,201.2,202.0,-0.98,189799.0,242.6,170.5
UPPER,12/23/2024,202.1,207.0,201.0,206.9,2.43,159275.0,242.6,170.5
UPPER,12/24/2024,206.1,208.5,205.0,205.5,-0.68,105007.0,242.6,170.5
UPPER,12/26/2024,206.0,209.5,204.0,207.6,1.02,142022.0,242.6,170.5
UPPER,12/29/2024,204.0,208.8,203.0,204.0,-1.73,115693.0,242.6,170.5
UPPER,12/31/2024,204.0,206.0,201.0,201.3,-1.32,143276.0,242.6,170.5
UPPER,1/1/2025,202.0,205.0,201.3,202.5,0.6,52355.0,242.6,170.5
UPPER,1/2/2025,206.5,206.5,202.0,202.6,0.05,79342.0,242.6,170.5
UPPER,1/5/2025,204.5,204.5,201.1,202.3,-0.15,96088.0,242.6,170.5
UPPER,1/6/2025,206.3,207.3,203.0,206.9,2.27,138215.0,242.6,170.5
UPPER,1/7/2025,211.0,211.0,205.5,206.9,0.0,108035.0,242.6,170.5
UPPER,1/8/2025,206.0,208.9,205.0,205.9,-0.48,82895.0,242.6,170.5
UPPER,1/9/2025,205.0,205.0,200.0,204.2,-0.83,265316.0,242.6,170.5
UPPER,1/12/2025,208.2,208.2,201.0,201.5,-1.32,102171.0,242.6,170.5
UPPER,1/13/2025,203.0,203.8,199.6,200.0,-0.74,149241.0,242.6,170.5
UPPER,1/15/2025,203.0,203.0,199.0,200.0,0.0,111416.0,242.6,170.5
UPPER,1/16/2025,200.0,202.9,198.5,199.1,-0.45,103179.0,242.6,170.5
UPPER,1/19/2025,199.0,201.5,198.5,200.1,0.5,103176.0,242.6,170.5
UPPER,1/20/2025,200.1,202.5,199.2,200.6,0.25,94842.0,242.6,170.5
UPPER,1/21/2025,199.0,202.6,199.0,200.4,-0.1,77141.0,242.6,170.5
UPPER,1/22/2025,202.4,206.0,200.2,204.9,2.25,187815.0,242.6,170.5
UPPER,1/23/2025,205.0,206.9,201.0,201.7,-1.56,136197.0,242.6,170.5
UPPER,1/26/2025,200.0,205.0,200.0,203.1,0.69,141642.0,242.6,170.5
UPPER,1/27/2025,199.1,206.0,199.1,201.5,-0.79,100050.0,242.6,170.5
UPPER,1/28/2025,204.9,204.9,200.0,201.7,0.1,183431.0,242.6,170.5
UPPER,2/2/2025,202.0,210.9,201.0,210.5,4.36,356333.0,242.6,170.5
UPPER,2/3/2025,210.0,215.0,207.9,209.5,-0.48,288109.0,242.6,170.5
UPPER,2/4/2025,209.5,210.0,205.1,206.1,-1.62,138696.0,242.6,170.5
UPPER,2/5/2025,207.6,209.3,205.0,206.0,-0.05,126921.0,242.6,170.5
UPPER,2/6/2025,201.9,210.0,201.9,204.0,-0.97,138900.0,242.6,170.5
UPPER,2/9/2025,207.0,208.0,203.0,203.2,-0.39,101420.0,242.6,170.5
UPPER,2/10/2025,205.4,206.0,202.0,203.0,-0.1,99784.0,242.6,170.5
UPPER,2/11/2025,203.2,205.0,202.0,202.6,-0.2,99861.0,242.6,170.5
UPPER,2/12/2025,202.6,204.5,202.0,202.9,0.15,110871.0,242.6,170.5
UPPER,2/13/2025,202.9,203.0,200.1,201.5,-0.69,164617.0,242.6,170.5
UPPER,2/16/2025,202.0,205.0,200.0,202.9,0.69,168157.0,242.6,170.5
UPPER,2/17/2025,206.9,206.9,203.0,204.0,0.54,158218.0,242.6,170.5
UPPER,2/18/2025,208.0,208.0,202.7,202.7,-0.64,124707.0,242.6,170.5
UPPER,2/20/2025,202.0,203.0,201.0,201.2,-0.74,143743.0,242.6,170.5
UPPER,2/23/2025,200.0,203.0,197.2,201.4,0.1,180909.0,242.6,170.5
UPPER,2/24/2025,201.4,204.0,200.5,202.0,0.3,148976.0,242.6,170.5
UPPER,2/25/2025,198.0,206.4,198.0,201.0,-0.5,126436.0,242.6,170.5
UPPER,2/27/2025,197.5,214.0,197.5,209.7,4.33,432430.0,242.6,170.5
UPPER,3/2/2025,213.0,221.9,211.0,221.5,5.63,751668.0,242.6,170.5
UPPER,3/3/2025,221.0,228.0,217.0,217.3,-1.9,453870.0,242.6,170.5
UPPER,3/4/2025,218.0,226.0,215.0,216.8,-0.23,494473.0,242.6,170.5
UPPER,3/5/2025,216.1,222.0,215.0,215.0,-0.83,405685.0,242.6,170.5
UPPER,3/6/2025,210.7,218.0,210.7,213.0,-0.93,159707.0,242.6,170.5
UPPER,3/9/2025,213.0,214.5,207.0,207.8,-2.44,265336.0,242.6,170.5
UPPER,3/10/2025,206.1,211.6,205.1,206.0,-0.87,182212.0,242.6,170.5
UPPER,3/11/2025,205.2,208.5,203.1,204.0,-0.97,176221.0,242.6,170.5
UPPER,3/12/2025,204.0,208.0,204.0,206.7,1.32,129470.0,242.6,170.5
UPPER,3/16/2025,206.0,207.9,203.0,204.0,-1.31,173071.0,242.6,170.5
UPPER,3/17/2025,203.0,206.0,203.0,203.8,-0.1,100460.0,242.6,170.5
UPPER,3/18/2025,206.0,206.6,203.0,204.0,0.1,99683.0,242.6,170.5
UPPER,3/19/2025,204.0,205.5,201.0,202.7,-0.64,168927.0,242.6,170.5
UPPER,3/20/2025,200.0,204.0,200.0,201.46,-0.61,97397.0,242.6,170.5
UPPER,3/23/2025,203.3,203.3,198.1,198.6,-1.42,230974.0,242.6,170.5
UPPER,3/24/2025,194.7,203.0,194.7,201.84,1.63,162850.0,242.6,170.5
UPPER,3/25/2025,198.2,201.0,198.0,198.17,-1.82,139815.0,242.6,170.5
UPPER,3/26/2025,198.17,200.9,197.1,200.15,1.0,120059.0,242.6,170.5
UPPER,3/27/2025,201.9,202.0,199.0,200.8,0.32,132528.0,242.6,170.5
UPPER,3/30/2025,200.0,206.0,199.0,202.52,0.86,173435.0,242.6,170.5
UPPER,4/1/2025,202.8,204.0,200.4,200.76,-0.87,106887.0,242.6,170.5
UPPER,4/2/2025,204.5,204.5,198.1,200.13,-0.31,133156.0,242.6,170.5
UPPER,4/3/2025,204.1,204.1,200.0,200.77,0.32,188896.0,242.6,170.5
UPPER,4/7/2025,200.0,203.0,198.0,198.74,-1.01,102070.0,242.6,170.5
UPPER,4/8/2025,199.1,199.1,196.5,198.63,-0.06,97348.0,242.6,170.5
UPPER,4/9/2025,202.6,202.6,197.3,199.1,0.24,65944.0,242.6,170.5
UPPER,4/10/2025,202.0,202.0,197.0,198.78,-0.16,82690.0,242.6,170.5
UPPER,4/13/2025,200.0,200.0,195.0,197.11,-0.84,163931.0,242.6,170.5
UPPER,4/15/2025,201.0,201.4,197.0,200.13,1.53,137051.0,242.6,170.5
UPPER,4/16/2025,199.0,202.0,198.0,201.22,0.54,98621.0,242.6,170.5
UPPER,4/17/2025,205.0,207.0,201.1,204.31,1.54,240087.0,242.6,170.5
UPPER,4/20/2025,200.3,208.0,200.0,200.58,-1.83,147677.0,242.6,170.5
UPPER,4/21/2025,204.5,204.5,199.8,200.75,0.08,166506.0,242.6,170.5
UPPER,4/22/2025,200.2,202.4,199.0,199.73,-0.51,144020.0,242.6,170.5
UPPER,4/23/2025,201.7,201.7,197.0,197.51,-1.11,140211.0,242.6,170.5
UPPER,4/24/2025,197.0,199.0,196.2,197.18,-0.17,117888.0,242.6,170.5
UPPER,4/27/2025,201.0,201.9,198.5,199.53,1.19,167345.0,242.6,170.5
UPPER,4/28/2025,200.0,206.9,199.0,200.71,0.59,279271.0,242.6,170.5
UPPER,4/29/2025,204.7,204.7,198.1,198.51,-1.1,117466.0,242.6,170.5
UPPER,4/30/2025,199.8,201.0,198.0,198.88,0.19,194611.0,242.6,170.5
UPPER,5/4/2025,202.0,203.0,199.7,199.95,0.54,204631.0,242.6,170.5
UPPER,5/5/2025,196.4,200.1,196.4,197.67,-1.14,115565.0,242.6,170.5
UPPER,5/6/2025,198.0,201.9,197.0,198.68,0.51,198432.0,242.6,170.5
UPPER,5/7/2025,201.0,216.0,200.0,212.5,6.96,1003936.0,242.6,170.5
UPPER,5/8/2025,215.0,216.5,209.2,210.66,-0.87,469196.0,242.6,170.5
UPPER,5/11/2025,214.0,214.0,203.1,204.09,-3.12,390202.0,242.6,170.5
UPPER,5/13/2025,200.7,206.0,200.2,201.03,-1.5,291850.0,242.6,170.5
UPPER,5/14/2025,200.6,202.5,199.2,199.9,-0.56,215886.0,242.6,170.5
UPPER,5/15/2025,200.0,201.0,198.6,199.59,-0.16,168695.0,242.6,170.5
UPPER,5/18/2025,199.7,202.0,197.5,198.02,-0.79,193692.0,242.6,170.5
UPPER,5/19/2025,200.0,200.9,198.0,199.75,0.87,162329.0,242.6,170.5
UPPER,5/20/2025,199.0,205.0,198.0,203.18,1.72,143922.0,242.6,170.5
UPPER,5/21/2025,207.2,215.5,201.5,202.16,-0.5,265269.0,242.6,170.5
UPPER,5/22/2025,204.0,204.9,201.1,201.77,-0.19,169204.0,242.6,170.5
UPPER,5/25/2025,205.0,205.0,200.3,201.08,-0.34,122433.0,242.6,170.5
UPPER,5/26/2025,205.1,212.9,201.0,201.63,0.27,171240.0,242.6,170.5
UPPER,5/27/2025,205.6,205.6,200.0,200.59,-0.52,102077.0,242.6,170.5
UPPER,5/28/2025,203.0,203.0,199.8,201.54,0.47,113211.0,242.6,170.5
UPPER,6/2/2025,205.0,205.5,200.2,201.56,0.01,140069.0,242.6,170.5
UPPER,6/3/2025,200.4,202.5,199.8,199.99,-0.78,157374.0,242.6,170.5
UPPER,6/4/2025,200.0,202.0,199.0,199.65,-0.17,87162.0,242.6,170.5
UPPER,6/5/2025,202.6,202.6,198.1,198.96,-0.35,122061.0,242.6,170.5
UPPER,6/8/2025,200.0,200.0,197.3,198.28,-0.34,118862.0,242.6,170.5
UPPER,6/9/2025,202.2,202.2,198.4,199.75,0.74,125781.0,242.6,170.5
UPPER,6/10/2025,200.0,201.0,198.7,199.69,-0.03,135006.0,242.6,170.5
UPPER,6/11/2025,199.0,201.0,198.7,199.63,-0.03,139557.0,242.6,170.5
UPPER,6/12/2025,199.5,203.6,199.0,199.16,-0.24,272942.0,242.6,170.5
UPPER,6/15/2025,199.0,201.4,198.4,198.77,-0.2,159263.0,242.6,170.5
UPPER,6/16/2025,202.7,203.0,198.0,198.55,-0.11,257289.0,242.6,170.5
UPPER,6/17/2025,199.0,201.9,197.6,197.89,-0.33,106940.0,242.6,170.5
UPPER,6/18/2025,198.0,199.9,197.0,197.35,-0.27,155823.0,242.6,170.5
UPPER,6/19/2025,198.0,200.0,197.1,197.43,0.04,252400.0,242.6,170.5
UPPER,6/22/2025,193.7,198.8,193.7,196.01,-0.72,155536.0,242.6,170.5
UPPER,6/23/2025,196.6,196.6,195.0,195.83,-0.09,140896.0,242.6,170.5
UPPER,6/24/2025,195.0,197.9,194.0,194.35,-0.76,191311.0,242.6,170.5
UPPER,6/25/2025,194.0,196.5,193.6,194.1,-0.13,136897.0,242.6,170.5
UPPER,6/26/2025,193.0,195.8,193.0,193.22,-0.45,119813.0,242.6,170.5
UPPER,6/29/2025,195.0,197.5,194.0,195.07,0.96,191848.0,242.6,170.5
UPPER,6/30/2025,195.0,196.8,194.6,195.11,0.02,85575.0,242.6,170.5
UPPER,7/1/2025,199.0,199.0,195.2,197.17,1.06,105822.0,242.6,170.5
UPPER,7/2/2025,193.3,199.9,193.3,197.48,0.16,173876.0,242.6,170.5
UPPER,7/3/2025,200.0,200.0,197.1,197.79,0.16,140941.0,242.6,170.5
UPPER,7/6/2025,199.0,199.5,197.0,197.37,-0.21,123499.0,242.6,170.5
UPPER,7/7/2025,198.0,198.0,195.1,195.43,-0.98,107808.0,242.6,170.5
UPPER,7/8/2025,195.0,197.0,194.0,194.9,-0.27,108544.0,242.6,170.5
UPPER,7/9/2025,196.0,196.4,193.0,195.69,0.41,129094.0,242.6,170.5
UPPER,7/10/2025,196.4,197.5,195.0,196.95,0.64,140312.0,242.6,170.5
UPPER,7/13/2025,200.8,207.0,196.9,197.87,0.47,361924.0,242.6,170.5
UPPER,7/14/2025,198.0,199.7,195.1,197.5,-0.19,133519.0,242.6,170.5
UPPER,7/15/2025,197.0,198.5,197.0,197.88,0.19,121599.0,242.6,170.5
UPPER,7/16/2025,198.8,201.0,195.0,198.56,0.34,301223.0,242.6,170.5
UPPER,7/17/2025,199.0,208.0,198.0,206.18,3.84,896797.0,242.6,170.5
UPPER,7/20/2025,208.0,214.2,206.0,207.8,0.79,848914.0,242.6,170.5
UPPER,7/21/2025,208.1,210.9,204.0,205.79,-0.97,394812.0,242.6,170.5
UPPER,7/22/2025,207.9,211.0,206.5,210.01,2.05,771447.0,242.6,170.5
UPPER,7/23/2025,214.2,217.8,210.1,214.6,2.19,953263.0,242.6,170.5
UPPER,7/24/2025,216.0,218.4,212.0,213.07,-0.71,548780.0,242.6,170.5
UPPER,7/27/2025,215.0,215.7,208.2,209.06,-1.88,664937.0,242.6,170.5
UPPER,7/28/2025,210.0,210.0,205.0,208.42,-0.31,353662.0,242.6,170.5
UPPER,7/29/2025,210.0,212.0,207.3,208.48,0.03,365107.0,242.6,170.5
UPPER,7/30/2025,204.4,213.0,204.4,206.64,-0.88,264944.0,242.6,170.5
UPPER,7/31/2025,207.0,207.0,205.0,205.07,-0.76,254449.0,242.6,170.5
UPPER,8/3/2025,203.1,205.0,202.1,202.42,-1.29,253126.0,242.6,170.5
UPPER,8/4/2025,206.4,206.4,200.2,201.95,-0.23,246539.0,242.6,170.5
UPPER,8/5/2025,201.0,204.8,200.1,200.57,-0.68,170677.0,242.6,170.5
UPPER,8/6/2025,202.0,202.0,198.0,200.12,-0.22,194040.0,242.6,170.5
UPPER,8/7/2025,204.1,204.1,199.5,199.75,-0.18,219141.0,242.6,170.5
UPPER,8/11/2025,201.0,202.0,198.0,198.1,-0.83,220979.0,242.6,170.5
UPPER,8/12/2025,198.1,200.0,196.3,196.51,-0.8,194389.0,242.6,170.5
UPPER,8/13/2025,198.9,198.9,196.3,196.56,0.03,121812.0,242.6,170.5
UPPER,8/14/2025,197.0,198.8,196.0,196.19,-0.19,196622.0,242.6,170.5
UPPER,8/17/2025,196.0,197.5,195.0,195.08,-0.57,179120.0,242.6,170.5
UPPER,8/18/2025,194.1,196.0,194.1,195.49,0.21,151066.0,242.6,170.5
UPPER,8/19/2025,197.0,197.0,195.1,195.75,0.13,99855.0,242.6,170.5
UPPER,8/20/2025,199.6,199.6,194.0,194.64,-0.57,121649.0,242.6,170.5
UPPER,8/21/2025,194.1,195.0,194.0,194.49,-0.08,140543.0,242.6,170.5
UPPER,8/24/2025,194.0,195.3,193.0,193.12,-0.7,136217.0,242.6,170.5
UPPER,8/25/2025,194.0,194.0,192.4,193.38,0.13,101462.0,242.6,170.5
UPPER,8/26/2025,192.4,195.0,192.4,193.29,-0.05,99620.0,242.6,170.5
UPPER,8/27/2025,197.1,197.1,193.0,195.37,1.08,96114.0,242.6,170.5
UPPER,8/28/2025,199.2,199.2,193.0,193.09,-1.17,113914.0,242.6,170.5
UPPER,8/31/2025,195.5,195.5,192.0,192.12,-0.5,135154.0,242.6,170.5
UPPER,9/1/2025,190.0,198.9,190.0,191.61,-0.27,104747.0,242.6,170.5
UPPER,9/2/2025,195.4,195.4,190.8,191.04,-0.3,91111.0,242.6,170.5
UPPER,9/3/2025,192.0,192.0,190.0,190.07,-0.51,120350.0,242.6,170.5
UPPER,9/4/2025,190.0,191.8,187.1,187.78,-1.2,140070.0,242.6,170.5
UPPER,9/7/2025,188.0,189.7,185.2,185.86,-1.02,77624.0,242.6,170.5
UPPER,9/8/2025,186.0,187.0,183.0,183.24,-1.41,89359.0,242.6,170.5
UPPER,9/18/2025,180.0,182.7,169.0,169.1,-7.72,31896.0,242.6,170.5
UPPER,9/21/2025,166.0,186.0,166.0,185.99,9.99,360644.0,242.6,170.5
UPPER,9/23/2025,184.0,195.0,184.0,192.4,3.45,145187.0,242.6,170.5
UPPER,9/24/2025,194.0,194.0,187.0,188.4,-2.08,73886.0,242.6,170.5
UPPER,9/25/2025,189.0,189.9,186.0,187.1,-0.69,44954.0,242.6,170.5
UPPER,9/28/2025,187.0,191.7,187.0,189.0,1.02,59047.0,242.6,170.5
UPPER,10/7/2025,189.0,189.0,185.1,185.1,-2.06,76249.0,242.6,170.5
UPPER,10/8/2025,185.5,186.3,180.4,182.3,-1.51,111802.0,242.6,170.5
UPPER,10/9/2025,185.9,195.9,184.0,185.0,1.48,119714.0,242.6,170.5
UPPER,10/12/2025,182.5,186.0,180.2,181.0,-2.16,83441.0,242.6,170.5
UPPER,10/13/2025,184.0,184.0,177.6,182.0,0.55,67720.0,242.6,170.5
UPPER,10/14/2025,184.0,185.0,179.0,179.9,-1.15,44192.0,242.6,170.5
UPPER,10/15/2025,179.9,181.0,178.0,178.0,-1.06,54726.0,242.6,170.5
UPPER,10/16/2025,178.0,180.0,175.8,176.0,-1.12,77825.0,242.6,170.5
UPPER,10/19/2025,175.0,177.5,173.0,175.0,-0.57,70943.0,242.6,170.5
UPPER,10/26/2025,175.0,175.9,173.5,175.5,0.29,42706.0,242.6,170.5
UPPER,10/28/2025,175.6,181.3,175.0,181.3,3.3,87761.0,242.6,170.5
UPPER,10/29/2025,178.0,183.0,178.0,179.5,-0.99,52552.0,242.6,170.5
UPPER,10/30/2025,177.2,182.0,177.1,180.1,0.33,55787.0,242.6,170.5
UPPER,11/2/2025,179.0,184.6,179.0,182.5,1.33,68734.0,242.6,170.5
UPPER,11/3/2025,182.9,184.2,180.1,181.0,-0.82,57523.0,242.6,170.5
UPPER,11/4/2025,181.0,181.9,178.0,178.0,-1.66,53866.0,242.6,170.5
UPPER,11/5/2025,179.0,180.0,177.5,179.0,0.56,36679.0,242.6,170.5
UPPER,11/6/2025,179.5,180.5,178.0,178.2,-0.45,52908.0,242.6,170.5
UPPER,11/9/2025,178.2,178.9,175.4,175.6,-1.46,69409.0,242.6,170.5
UPPER,11/10/2025,177.0,178.0,174.8,175.0,-0.34,81317.0,242.6,170.5
UPPER,11/11/2025,175.1,177.4,175.0,175.5,0.29,30983.0,242.6,170.5
UPPER,11/12/2025,177.0,177.0,174.0,174.5,-0.57,52869.0,242.6,170.5
UPPER,11/13/2025,175.0,176.8,174.0,174.0,-0.29,57993.0,242.6,170.5
UPPER,11/16/2025,176.0,176.0,171.6,174.0,0.0,56278.0,242.6,170.5
UPPER,11/17/2025,175.9,176.5,172.0,174.4,0.23,39637.0,242.6,170.5
UPPER,11/18/2025,174.0,177.0,174.0,176.9,1.43,78002.0,242.6,170.5
UPPER,11/19/2025,177.9,178.0,174.8,175.1,-1.02,52125.0,242.6,170.5
UPPER,11/20/2025,171.7,178.0,171.7,176.0,0.51,67379.0,242.6,170.5
UPPER,11/23/2025,176.9,179.5,176.5,179.0,1.7,88499.0,242.6,170.5
UPPER,11/24/2025,179.0,181.0,179.0,180.0,0.56,73348.0,242.6,170.5
UPPER,11/25/2025,181.9,186.6,180.5,181.9,1.06,100112.0,242.6,170.5
UPPER,11/26/2025,185.0,185.0,180.0,182.0,0.05,69461.0,242.6,170.5
UPPER,11/27/2025,182.0,183.0,180.0,183.0,0.55,58588.0,242.6,170.5
UPPER,11/30/2025,183.9,184.8,181.0,181.0,-1.09,121856.0,242.6,170.5
UPPER,12/1/2025,181.0,181.5,179.0,179.4,-0.88,48204.0,242.6,170.5
UPPER,12/2/2025,179.0,180.0,178.0,179.0,-0.22,41117.0,242.6,170.5
UPPER,12/3/2025,179.0,180.8,178.0,178.4,-0.34,33653.0,242.6,170.5
UPPER,12/7/2025,179.0,179.0,175.0,175.6,-1.57,105861.0,242.6,170.5
UPPER,12/8/2025,175.0,176.7,174.5,174.7,-0.51,74595.0,242.6,170.5
UPPER,12/9/2025,174.0,176.6,173.4,176.6,1.09,46902.0,242.6,170.5
UPPER,12/10/2025,176.0,177.5,174.0,175.0,-0.91,50637.0,242.6,170.5
UPPER,12/11/2025,176.0,177.0,174.1,175.8,0.46,53726.0,242.6,170.5
UPPER,12/14/2025,174.0,176.0,174.0,174.0,-1.02,61444.0,242.6,170.5
UPPER,12/15/2025,174.0,176.5,174.0,174.4,0.23,73233.0,242.6,170.5
UPPER,12/16/2025,173.0,176.5,173.0,175.9,0.86,33599.0,242.6,170.5
UPPER,12/17/2025,176.0,177.0,175.0,175.2,-0.4,72877.0,242.6,170.5
UPPER,12/18/2025,178.0,178.0,174.1,174.8,-0.23,38732.0,242.6,170.5
UPPER,12/21/2025,174.2,176.0,174.1,174.1,-0.4,56818.0,242.6,170.5
UPPER,12/22/2025,174.1,174.1,173.1,173.4,-0.4,45460.0,242.6,170.5
UPPER,12/23/2025,173.0,175.0,172.1,174.0,0.35,46208.0,242.6,170.5
UPPER,12/24/2025,174.0,174.0,172.4,172.8,-0.69,40204.0,242.6,170.5
UPPER,12/28/2025,174.0,176.2,173.5,175.5,1.56,74151.0,242.6,170.5
UPPER,12/29/2025,176.0,177.0,173.0,174.0,-0.85,80230.0,242.6,170.5
UPPER,12/31/2025,174.1,176.0,173.6,173.6,-0.23,76181.0,242.6,170.5
UPPER,1/1/2026,173.6,175.0,173.0,173.9,0.17,56448.0,242.6,170.5
UPPER,1/4/2026,170.5,175.0,170.5,174.0,0.06,68037.0,242.6,170.5
UPPER,1/5/2026,172.5,175.6,172.0,174.0,0.0,58281.0,242.6,170.5
UPPER,1/6/2026,173.0,175.0,172.7,174.0,0.0,77345.0,242.6,170.5
UPPER,1/7/2026,173.2,175.5,172.6,173.9,-0.06,70354.0,242.6,170.5
UPPER,1/8/2026,173.0,175.0,173.0,175.0,0.63,73734.0,242.6,170.5
UPPER,1/12/2026,175.0,176.0,173.5,173.7,-0.74,73988.0,242.6,170.5
UPPER,1/13/2026,173.0,174.9,172.1,174.0,0.17,38737.0,242.6,170.5
UPPER,1/14/2026,177.0,177.0,173.0,174.0,0.0,69499.0,242.6,170.5
UPPER,1/18/2026,174.0,175.0,173.5,174.9,0.52,112088.0,242.6,170.5
UPPER,1/20/2026,176.0,183.6,176.0,181.9,4.0,281865.0,242.6,170.5
UPPER,1/21/2026,182.0,184.8,180.0,180.2,-0.93,152385.0,242.6,170.5
UPPER,1/22/2026,183.8,186.2,179.5,185.1,2.72,225861.0,242.6,170.5
UPPER,1/25/2026,188.8,195.0,186.0,194.4,5.02,390453.0,242.6,170.5
UPPER,1/26/2026,194.0,198.0,189.0,193.0,-0.72,301541.0,242.6,170.5
UPPER,1/27/2026,192.0,194.8,186.0,186.9,-3.16,220724.0,242.6,170.5
UPPER,1/28/2026,190.6,190.6,182.0,184.7,-1.18,156674.0,242.6,170.5
UPPER,1/29/2026,183.0,195.0,183.0,191.5,3.68,622010.0,242.6,170.5
UPPER,2/1/2026,194.0,194.0,188.0,189.0,-1.31,146801.0,242.6,170.5
UPPER,2/2/2026,185.3,191.9,185.3,187.0,-1.06,119509.0,242.6,170.5
UPPER,2/3/2026,190.7,190.7,182.7,183.4,-1.93,174094.0,242.6,170.5
UPPER,2/4/2026,179.8,188.0,179.8,184.7,0.71,104336.0,242.6,170.5
UPPER,2/5/2026,185.0,190.5,183.5,188.1,1.84,247695.0,242.6,170.5
UPPER,2/8/2026,190.0,191.6,186.1,186.3,-0.96,185555.0,242.6,170.5
UPPER,2/9/2026,187.0,193.0,185.2,189.0,1.45,281626.0,242.6,170.5
UPPER,2/10/2026,191.0,194.8,189.3,190.2,0.63,342214.0,242.6,170.5
UPPER,2/11/2026,192.0,194.0,189.0,190.0,-0.11,148781.0,242.6,170.5
UPPER,2/12/2026,190.0,195.0,189.1,192.9,1.53,374165.0,242.6,170.5
UPPER,2/16/2026,193.0,195.0,189.0,189.8,-1.61,182329.0,242.6,170.5
UPPER,2/17/2026,193.5,193.5,185.0,185.3,-2.37,200779.0,242.6,170.5
UPPER,2/22/2026,186.0,186.0,181.1,182.0,-1.78,112000.0,242.6,170.5
UPPER,2/23/2026,182.0,183.9,179.1,182.0,0.0,99553.0,242.6,170.5
UPPER,2/24/2026,182.0,184.5,182.0,183.8,0.99,49031.0,242.6,170.5
UPPER,2/25/2026,184.0,185.0,183.0,184.4,0.33,65458.0,242.6,170.5
UPPER,2/26/2026,188.0,188.0,184.0,184.9,0.27,96838.0,242.6,170.5
UPPER,2/27/2026,188.0,188.0,184.0,184.9,0.0,96838.0,242.6,170.5
UPPER,2/28/2026,188.0,188.0,184.0,184.9,0.0,96838.0,242.6,170.5
UPPER,3/2/2026,188.5,188.5,180.0,185.7,0.43,120196.0,242.6,170.5
UPPER,3/3/2026,189.4,189.8,185.0,189.7,2.15,159485.0,242.6,170.5
UPPER,3/4/2026,189.4,189.8,185.0,189.7,0.0,159485.0,242.6,170.5
UPPER,3/5/2026,189.4,189.8,185.0,189.7,0.0,159485.0,242.6,170.5
UPPER,3/6/2026,189.4,189.8,185.0,189.7,0.0,159485.0,242.6,170.5
UPPER,3/7/2026,189.4,189.8,185.0,189.7,0.0,159485.0,242.6,170.5
UPPER,3/8/2026,189.4,189.8,185.0,189.7,0.0,159485.0,242.6,170.5
UPPER,3/9/2026,193.4,208.6,193.4,208.6,9.96,23326.0,242.6,170.5
UPPER,3/10/2026,212.7,217.0,204.9,216.0,3.55,2114315.0,242.6,170.5
UPPER,3/11/2026,220.0,225.0,213.0,215.5,-0.23,989655.0,242.6,170.5
UPPER,3/12/2026,219.0,224.0,212.0,218.0,1.16,1087302.0,242.6,170.5
UPPER,3/13/2026,219.0,224.0,212.0,218.0,0.0,1087302.0,242.6,170.5
UPPER,3/14/2026,219.0,224.0,212.0,218.0,0.0,1087302.0,242.6,170.5
UPPER,3/15/2026,218.0,221.0,215.0,218.9,0.41,725559.0,242.6,170.5
UPPER,3/16/2026,220.0,221.0,211.0,213.0,-2.7,643694.0,242.6,170.5
UPPER,3/17/2026,215.0,219.9,209.1,219.1,2.86,915030.0,242.6,170.5
UPPER,3/18/2026,215.0,219.9,209.1,219.1,0.0,915030.0,242.6,170.5
UPPER,3/19/2026,222.0,239.5,222.0,235.6,7.53,2548271.0,242.6,170.5
UPPER,3/20/2026,222.0,239.5,222.0,235.6,0.0,2548271.0,242.6,170.5
UPPER,3/21/2026,222.0,239.5,222.0,235.6,0.0,2548271.0,242.6,170.5
UPPER,3/22/2026,236.0,242.0,231.0,238.0,1.02,1552477.0,242.6,170.5
UPPER,3/23/2026,237.1,239.9,231.0,236.0,-0.84,741234.0,242.6,170.5
UPPER,3/24/2026,240.7,242.6,234.1,236.9,0.38,778425.0,242.6,170.5
UPPER,3/25/2026,237.0,238.0,229.0,230.0,-2.91,664956.0,242.6,170.5
UPPER,3/26/2026,230.0,234.0,226.0,233.9,1.7,481909.0,242.6,170.5
UPPER,3/29/2026,234.0,237.0,220.1,223.0,-4.7,924493.0,242.6,170.5
UPPER,3/30/2026,227.4,227.4,215.0,216.0,-5.01,698666.0,242.6,170.5
UPPER,3/31/2026,220.3,220.3,210.0,218.5,-0.82,659335.0,242.6,170.5
UPPER,4/1/2026,219.0,221.0,206.5,208.1,-4.98,594242.0,242.6,170.5
UPPER,4/2/2026,207.5,213.5,199.0,208.0,0.24,563584.0,242.6,170.5
UPPER,4/5/2026,208.0,209.0,198.0,198.6,-4.52,528921.0,242.6,170.5
UPPER,4/6/2026,194.7,215.9,194.7,213.0,9.4,550177.0,242.6,170.5
UPPER,4/7/2026,217.2,220.0,210.1,211.5,-2.62,328607.0,242.6,170.5
UPPER,4/8/2026,215.7,216.7,213.0,214.0,-0.79,250714.0,242.6,170.5
UPPER,4/9/2026,218.2,218.2,214.0,216.5,-0.78,302238.0,242.6,170.5
UPPER,4/10/2026,217.9,217.9,212.2,213.0,-2.25,314264.0,242.6,170.5
UPPER,4/13/2026,213.0,217.2,209.5,217.0,1.88,362753.0,242.6,170.5
UPPER,4/15/2026,221.0,227.0,217.0,224.5,1.58,771030.0,242.6,170.5
UPPER,4/16/2026,224.5,225.0,216.1,216.9,-3.39,375273.0,242.6,170.5
UPPER,4/17/2026,216.9,219.0,213.1,217.0,0.05,247624.0,242.6,170.5
UPPER,4/20/2026,217.0,218.0,212.0,214.6,-1.11,249935.0,242.6,170.5
UPPER,4/21/2026,215.0,215.0,208.1,210.0,-2.33,257415.0,242.6,170.5
UPPER,4/22/2026,210.0,215.0,204.0,207.0,-1.43,408969.0,242.6,170.5
UPPER,4/23/2026,210.0,212.9,206.0,208.5,-0.71,135500.0,242.6,170.5
UPPER,4/24/2026,208.5,211.8,205.0,207.5,-0.48,163426.0,242.6,170.5
UPPER,4/27/2026,217.8,217.8,207.0,207.2,-4.87,170051.0,242.6,170.5
UPPER,4/28/2026,211.0,211.0,205.0,205.6,-2.56,155644.0,242.6,170.5
UPPER,4/29/2026,205.6,208.0,203.0,203.4,-1.07,181063.0,242.6,170.5
UPPER,4/30/2026,205.0,206.0,200.0,203.8,-0.59,241756.0,242.6,170.5
UPPER,5/4/2026,203.8,207.0,200.5,201.4,-1.18,133836.0,242.6,170.5
UPPER,5/5/2026,202.0,204.9,199.1,202.0,0.0,132582.0,242.6,170.5
UPPER,5/6/2026,202.0,204.9,200.0,202.9,0.45,88623.0,242.6,170.5
UPPER,5/7/2026,203.0,204.8,200.0,202.5,-0.25,89557.0,242.6,170.5
UPPER,5/8/2026,193.0,206.9,193.0,205.4,6.42,126149.0,242.6,170.5
UPPER,5/11/2026,215.6,215.6,206.2,209.5,-2.83,145500.0,242.6,170.5
UPPER,5/12/2026,205.0,212.9,205.0,206.0,0.49,162133.0,242.6,170.5
UPPER,5/13/2026,206.0,207.0,203.0,205.3,-0.34,94809.0,242.6,170.5
UPPER,5/14/2026,215.0,215.0,200.0,205.9,-4.23,61305.0,242.6,170.5
UPPER,5/15/2026,205.0,207.0,203.0,204.0,-0.49,78897.0,242.6,170.5
UPPER,5/18/2026,204.0,206.5,203.0,204.0,0.0,71512.0,242.6,170.5
UPPER,5/19/2026,194.0,205.0,194.0,204.0,5.15,75102.0,242.6,170.5
UPPER,5/20/2026,202.0,207.7,202.0,207.0,2.48,99306.0,242.6,170.5
UPPER,5/21/2026,207.1,208.0,204.0,204.5,-1.26,95933.0,242.6,170.5
UPPER,5/22/2026,204.0,208.0,203.0,207.5,1.72,144802.0,242.6,170.5
UPPER,5/25/2026,197.5,211.9,197.5,209.9,6.28,186381.0,242.6,170.5
UPPER,5/26/2026,212.0,212.0,207.1,207.7,-2.03,105888.0,242.6,170.5
UPPER,5/27/2026,199.0,211.0,199.0,207.7,4.37,173321.0,242.6,170.5
UPPER,6/1/2026,210.0,210.0,203.8,204.5,-2.62,111220.0,242.6,170.5
UPPER,6/2/2026,204.0,206.0,203.0,205.5,0.74,89472.0,242.6,170.5
UPPER,6/3/2026,204.0,207.1,204.0,204.1,0.05,95060.0,242.6,170.5
UPPER,6/4/2026,203.0,206.9,200.0,203.0,0.0,111818.0,242.6,170.5
UPPER,6/5/2026,203.1,205.0,202.1,203.0,-0.05,71513.0,242.6,170.5
UPPER,6/8/2026,203.0,204.0,202.0,202.0,-0.49,55579.0,242.6,170.5
UPPER,6/9/2026,202.0,202.5,200.0,201.4,-0.3,133876.0,242.6,170.5
UPPER,6/10/2026,200.7,205.0,200.0,201.9,0.6,76917.0,242.6,170.5
UPPER,6/11/2026,201.0,202.5,199.1,201.9,0.45,49837.0,242.6,170.5
UPPER,6/12/2026,200.0,203.0,200.0,201.0,0.5,91701.0,242.6,170.5
UPPER,6/15/2026,201.0,203.0,200.0,200.2,-0.4,83915.0,242.6,170.5
UPPER,6/16/2026,203.0,203.0,199.3,199.7,-1.63,93985.0,242.6,170.5
UPPER,6/17/2026,209.6,209.6,199.1,200.0,-4.58,62687.0,242.6,170.5
UPPER,6/18/2026,210.0,210.0,199.3,199.7,-4.9,56890.0,242.6,170.5
UPPER,6/19/2026,198.0,202.0,198.0,199.2,0.61,54529.0,242.6,170.5
UPPER,6/22/2026,209.1,209.1,197.6,198.0,-5.31,64536.0,242.6,170.5
UPPER,6/23/2026,197.0,199.9,195.8,196.0,-0.51,88087.0,242.6,170.5
UPPER,6/24/2026,187.0,199.0,187.0,194.1,3.8,75504.0,242.6,170.5
UPPER,6/26/2026,195.0,196.0,193.0,194.0,-0.51,66357.0,242.6,170.5
UPPER,6/29/2026,192.0,194.0,191.2,191.4,-0.31,63640.0,242.6,170.5
UPPER,6/30/2026,192.0,193.9,190.0,190.5,-0.78,81395.0,242.6,170.5
UPPER,7/1/2026,181.0,196.0,181.0,194.5,7.46,66171.0,242.6,170.5
UPPER,7/2/2026,194.5,196.0,192.2,194.0,-0.26,41920.0,242.6,170.5
UPPER,7/3/2026,194.0,195.9,193.0,194.0,0.0,57257.0,242.6,170.5
UPPER,7/6/2026,192.2,194.0,190.1,190.2,-1.04,61064.0,242.6,170.5
UPPER,7/7/2026,190.2,194.0,190.2,194.0,2.0,74050.0,242.6,170.5
UPPER,7/8/2026,199.0,199.0,191.0,192.9,-3.07,66987.0,242.6,170.5
UPPER,7/9/2026,192.0,193.0,190.0,191.7,-0.16,58806.0,242.6,170.5
UPPER,7/10/2026,192.0,194.0,190.3,190.9,-0.57,55084.0,242.6,170.5
UPPER,7/13/2026,191.0,192.0,189.0,189.1,-0.99,104329.0,242.6,170.5
UPPER,7/14/2026,189.1,191.9,187.6,191.3,1.16,130297.0,242.6,170.5
UPPER,7/15/2026,198.0,198.0,191.9,192.0,-3.03,47635.0,242.6,170.5
UPPER,7/16/2026,192.0,194.0,190.0,191.3,-0.36,44003.0,242.6,170.5
UPPER,7/17/2026,200.8,200.8,193.5,199.0,-0.9,130802.0,242.6,170.5
UPPER,7/20/2026,200.0,203.0,197.1,202.5,1.25,158748.0,242.6,170.5
UPPER,7/21/2026,202.5,203.9,200.2,200.5,-0.99,101133.0,242.6,170.5
UPPER,7/22/2026,190.5,202.0,190.5,199.0,4.46,110414.0,242.6,170.5
UPPER,7/23/2026,200.0,200.5,198.0,200.1,0.05,54695.0,242.6,170.5
UPPER,7/24/2026,200.0,201.0,199.3,200.2,0.1,85269.0,242.6,170.5
UPPER,7/27/2026,200.0,201.6,196.3,197.0,-1.5,106500.0,242.6,170.5
UPPER,7/28/2026,198.9,198.9,195.1,195.5,-1.71,56333.0,242.6,170.5
UPPER,7/29/2026,197.7,198.0,195.1,195.4,-1.16,48699.0,242.6,170.5
UPPER,7/30/2026,196.0,197.8,193.5,194.0,-1.02,48682.0,242.6,170.5
UPPER,7/31/2026,194.0,196.0,193.0,195.5,0.77,73985.0,242.6,170.5
UPPER,8/3/2026,199.0,200.0,195.0,195.1,-1.96,52674.0,242.6,170.5
UPPER,8/4/2026,200.0,200.0,194.0,194.1,-2.95,39751.0,242.6,170.5
UPPER,8/5/2026,194.0,195.5,192.3,195.0,0.52,54697.0,242.6,170.5
UPPER,8/6/2026,197.0,197.0,194.0,194.1,-1.47,47333.0,242.6,170.5
UPPER,8/7/2026,194.0,196.0,190.1,192.0,-1.03,96273.0,242.6,170.5
UPPER,8/10/2026,192.0,194.9,190.9,191.8,-0.1,43154.0,242.6,170.5
UPPER,8/11/2026,191.8,193.9,191.0,192.0,0.1,64653.0,242.6,170.5
UPPER,8/12/2026,192.0,193.0,190.1,191.5,-0.26,47254.0,242.6,170.5
UPPER,8/13/2026,191.5,196.0,190.4,193.5,1.04,74115.0,242.6,170.5
UPPER,8/14/2026,193.5,195.0,193.0,193.5,0.0,45764.0,242.6,170.5
UPPER,8/17/2026,192.0,194.0,192.0,192.5,0.26,66450.0,242.6,170.5
UPPER,8/18/2026,187.0,196.0,187.0,190.5,1.87,51486.0,242.6,170.5
UPPER,8/19/2026,190.1,193.0,189.6,191.5,0.74,62354.0,242.6,170.5
UPPER,8/20/2026,201.0,201.0,190.0,191.0,-4.98,53394.0,242.6,170.5
UPPER,8/21/2026,192.0,192.0,190.1,190.2,-0.94,90573.0,242.6,170.5
UPPER,8/24/2026,192.0,192.0,189.4,189.4,-1.35,88944.0,242.6,170.5
UPPER,8/25/2026,190.0,192.0,188.0,189.0,-0.53,52504.0,242.6,170.5
UPPER,8/26/2026,185.0,190.8,183.1,184.5,-0.27,176491.0,242.6,170.5
UPPER,8/27/2026,184.5,189.0,180.1,184.0,-0.27,129011.0,242.6,170.5
UPPER,8/31/2026,184.0,186.0,180.1,181.2,-1.52,78180.0,242.6,170.5
UPPER,9/1/2026,189.1,189.1,178.9,181.8,-3.86,75163.0,242.6,170.5
UPPER,9/2/2026,180.0,185.0,180.0,183.4,1.89,48034.0,242.6,170.5
UPPER,9/3/2026,183.5,184.7,181.5,182.0,-0.82,67824.0,242.6,170.5
UPPER,9/7/2026,182.0,185.0,182.0,183.0,0.55,70470.0,242.6,170.5
UPPER,9/9/2026,190.1,190.1,182.1,184.0,-3.21,49873.0,242.6,170.5
UPPER,9/10/2026,184.0,185.9,183.0,185.0,0.54,58917.0,242.6,170.5
UPPER,9/11/2026,184.2,189.9,184.1,189.9,3.09,103694.0,242.6,170.5
UPPER,9/14/2026,199.3,199.3,188.5,193.0,-3.16,86344.0,242.6,170.5
UPPER,9/15/2026,202.6,209.0,195.2,199.0,-1.78,248785.0,242.6,170.5
UPPER,9/16/2026,199.0,200.5,195.3,196.7,-1.16,157905.0,242.6,170.5
UPPER,9/17/2026,200.5,200.6,197.0,199.2,-0.65,195419.0,242.6,170.5
UPPER,9/18/2026,196.5,200.0,196.5,197.7,0.61,98709.0,242.6,170.5
UPPER,9/22/2026,207.5,207.5,196.1,197.0,-5.06,73919.0,242.6,170.5
UPPER,9/23/2026,196.0,197.0,192.9,193.5,-1.28,116518.0,242.6,170.5
UPPER,9/24/2026,192.0,194.0,190.0,193.3,0.68,100184.0,242.6,170.5
UPPER,9/28/2026,193.0,194.5,190.1,190.8,-1.14,77852.0,242.6,170.5
UPPER,9/29/2026,190.0,192.0,189.1,0.0,-100.0,41820.0,242.6,170.5
UPPER,9/30/2026,190.1,191.7,188.8,189.1,-0.53,69049.0,242.6,170.5
UPPER,10/1/2026,190.0,193.0,189.5,191.0,0.53,79989.0,242.6,170.5
UPPER,10/2/2026,190.0,192.0,189.1,189.9,-0.05,65945.0,242.6,170.5
USHEC,12/21/2025,466.5,474.3,463.0,464.0,,7360.0,539.1,432.0
USHEC,12/22/2025,460.1,465.0,457.6,460.0,-0.86,12560.0,539.1,432.0
USHEC,12/23/2025,455.0,469.0,455.0,461.0,0.22,6709.0,539.1,432.0
USHEC,12/24/2025,470.0,470.0,455.0,461.0,0.0,11455.0,539.1,432.0
USHEC,12/28/2025,461.0,470.0,461.0,470.0,1.95,12919.0,539.1,432.0
USHEC,12/29/2025,465.0,470.0,464.0,464.0,-1.28,7583.0,539.1,432.0
USHEC,12/31/2025,470.0,472.9,461.0,462.0,-0.43,5145.0,539.1,432.0
USHEC,1/1/2026,455.5,471.1,455.5,460.0,-0.43,7604.0,539.1,432.0
USHEC,1/4/2026,453.2,462.5,453.2,458.9,-0.24,7570.0,539.1,432.0
USHEC,1/5/2026,460.0,464.9,450.0,460.0,0.24,23135.0,539.1,432.0
USHEC,1/6/2026,458.0,465.0,458.0,464.0,0.87,16465.0,539.1,432.0
USHEC,1/7/2026,460.0,465.2,458.5,460.0,-0.86,8214.0,539.1,432.0
USHEC,1/8/2026,455.3,464.0,455.0,457.1,-0.63,9631.0,539.1,432.0
USHEC,1/12/2026,457.0,462.0,455.1,459.9,0.61,7400.0,539.1,432.0
USHEC,1/13/2026,455.1,464.0,455.1,462.0,0.46,12270.0,539.1,432.0
USHEC,1/14/2026,465.0,468.0,460.0,460.1,-0.41,12229.0,539.1,432.0
USHEC,1/18/2026,459.0,467.9,450.5,463.1,0.65,43750.0,539.1,432.0
USHEC,1/20/2026,470.0,476.0,458.5,469.9,1.47,95497.0,539.1,432.0
USHEC,1/21/2026,465.2,475.0,462.0,468.9,-0.21,42516.0,539.1,432.0
USHEC,1/22/2026,462.2,478.0,462.2,471.0,0.45,27819.0,539.1,432.0
USHEC,1/25/2026,470.0,485.0,467.0,478.0,1.49,160167.0,539.1,432.0
USHEC,1/26/2026,487.5,490.0,475.1,485.0,1.46,84630.0,539.1,432.0
USHEC,1/27/2026,494.7,494.7,474.5,479.0,-1.24,69963.0,539.1,432.0
USHEC,1/28/2026,479.0,483.0,466.3,478.0,-0.21,55176.0,539.1,432.0
USHEC,1/29/2026,485.0,495.0,482.0,483.1,1.07,92175.0,539.1,432.0
USHEC,2/1/2026,487.0,495.0,481.0,485.1,0.41,70216.0,539.1,432.0
USHEC,2/2/2026,480.0,493.9,480.0,489.9,0.99,30294.0,539.1,432.0
USHEC,2/3/2026,497.0,499.0,484.0,491.0,0.22,67829.0,539.1,432.0
USHEC,2/4/2026,487.3,503.0,484.0,489.8,-0.24,48072.0,539.1,432.0
USHEC,2/5/2026,491.0,496.6,483.1,486.6,-0.65,80756.0,539.1,432.0
USHEC,2/8/2026,480.0,498.0,476.0,478.0,-1.77,59643.0,539.1,432.0
USHEC,2/9/2026,474.1,481.0,470.2,474.9,-0.65,31503.0,539.1,432.0
USHEC,2/10/2026,470.0,479.4,464.0,471.4,-0.74,61053.0,539.1,432.0
USHEC,2/11/2026,470.0,477.9,466.0,469.1,-0.49,23996.0,539.1,432.0
USHEC,2/12/2026,464.0,475.0,464.0,469.0,-0.02,27321.0,539.1,432.0
USHEC,2/16/2026,470.0,476.0,465.0,465.0,-0.85,15166.0,539.1,432.0
USHEC,2/17/2026,465.0,472.0,460.5,461.0,-0.86,20063.0,539.1,432.0
USHEC,2/22/2026,469.0,469.0,455.0,457.1,-0.85,15008.0,539.1,432.0
USHEC,2/23/2026,455.4,478.9,452.0,464.0,1.51,14400.0,539.1,432.0
USHEC,2/24/2026,469.0,469.0,460.1,465.0,0.22,6994.0,539.1,432.0
USHEC,2/25/2026,464.0,480.0,464.0,467.0,0.43,12818.0,539.1,432.0
USHEC,2/26/2026,464.0,473.0,463.2,467.6,0.13,13754.0,539.1,432.0
USHEC,2/27/2026,464.0,473.0,463.2,467.6,0.0,13754.0,539.1,432.0
USHEC,2/28/2026,464.0,473.0,463.2,467.6,0.0,13754.0,539.1,432.0
USHEC,3/2/2026,476.0,477.8,466.1,476.0,1.8,27616.0,539.1,432.0
USHEC,3/3/2026,468.7,482.0,468.7,480.3,0.9,14660.0,539.1,432.0
USHEC,3/4/2026,468.7,482.0,468.7,480.3,0.0,14660.0,539.1,432.0
USHEC,3/5/2026,468.7,482.0,468.7,480.3,0.0,14660.0,539.1,432.0
USHEC,3/6/2026,468.7,482.0,468.7,480.3,0.0,14660.0,539.1,432.0
USHEC,3/7/2026,468.7,482.0,468.7,480.3,0.0,14660.0,539.1,432.0
USHEC,3/8/2026,468.7,482.0,468.7,480.3,0.0,14660.0,539.1,432.0
USHEC,3/9/2026,489.9,490.0,489.9,490.0,2.02,30.0,539.1,432.0
USHEC,3/10/2026,499.8,519.0,492.0,500.0,2.04,168374.0,539.1,432.0
USHEC,3/11/2026,505.0,508.0,488.2,488.2,-2.36,64241.0,539.1,432.0
USHEC,3/12/2026,494.0,504.0,488.3,498.0,2.01,49073.0,539.1,432.0
USHEC,3/13/2026,494.0,504.0,488.3,498.0,0.0,49073.0,539.1,432.0
USHEC,3/14/2026,494.0,504.0,488.3,498.0,0.0,49073.0,539.1,432.0
USHEC,3/15/2026,501.0,503.0,490.0,499.1,0.22,51222.0,539.1,432.0
USHEC,3/16/2026,500.0,504.9,495.0,504.9,1.16,69306.0,539.1,432.0
USHEC,3/17/2026,505.0,527.0,501.0,524.2,3.82,110355.0,539.1,432.0
USHEC,3/18/2026,505.0,527.0,501.0,524.2,0.0,110355.0,539.1,432.0
USHEC,3/19/2026,524.0,538.5,520.0,525.0,0.15,105342.0,539.1,432.0
USHEC,3/20/2026,524.0,538.5,520.0,525.0,0.0,105342.0,539.1,432.0
USHEC,3/21/2026,524.0,538.5,520.0,525.0,0.0,105342.0,539.1,432.0
USHEC,3/22/2026,515.0,538.0,511.0,530.9,1.12,109714.0,539.1,432.0
USHEC,3/23/2026,523.0,530.0,518.5,525.0,-1.11,41609.0,539.1,432.0
USHEC,3/24/2026,533.0,533.0,515.1,522.0,-0.57,26932.0,539.1,432.0
USHEC,3/25/2026,517.1,524.0,512.0,513.0,-1.72,53297.0,539.1,432.0
USHEC,3/26/2026,509.3,521.0,508.0,518.0,1.71,34595.0,539.1,432.0
USHEC,3/29/2026,518.0,521.0,501.3,504.0,-2.7,51407.0,539.1,432.0
USHEC,3/30/2026,514.0,514.0,490.6,491.0,-4.47,39919.0,539.1,432.0
USHEC,3/31/2026,491.0,504.0,485.1,498.9,1.61,40147.0,539.1,432.0
USHEC,4/1/2026,495.0,500.0,484.2,488.9,-1.23,36459.0,539.1,432.0
USHEC,4/2/2026,479.2,495.0,465.0,495.0,3.3,36781.0,539.1,432.0
USHEC,4/5/2026,485.1,485.1,476.0,480.0,-1.05,33252.0,539.1,432.0
USHEC,4/6/2026,480.0,508.0,480.0,503.9,4.98,23023.0,539.1,432.0
USHEC,4/7/2026,495.0,507.9,487.3,496.0,0.2,21015.0,539.1,432.0
USHEC,4/8/2026,505.0,506.0,497.1,502.0,-0.59,9321.0,539.1,432.0
USHEC,4/9/2026,502.0,509.9,495.2,509.0,1.39,17145.0,539.1,432.0
USHEC,4/10/2026,506.0,508.0,502.0,507.5,0.3,21397.0,539.1,432.0
USHEC,4/13/2026,510.0,515.0,500.1,507.0,-0.59,15556.0,539.1,432.0
USHEC,4/15/2026,508.0,515.0,502.1,511.1,0.61,25331.0,539.1,432.0
USHEC,4/16/2026,510.0,510.0,500.0,500.0,-1.96,18919.0,539.1,432.0
USHEC,4/17/2026,495.0,504.0,493.0,500.0,1.01,8977.0,539.1,432.0
USHEC,4/20/2026,505.0,515.0,493.7,494.0,-2.18,13197.0,539.1,432.0
USHEC,4/21/2026,490.1,499.0,488.1,495.0,1.0,6612.0,539.1,432.0
USHEC,4/22/2026,486.2,494.8,483.1,490.0,0.78,15294.0,539.1,432.0
USHEC,4/23/2026,478.0,487.0,478.0,482.0,0.84,12305.0,539.1,432.0
USHEC,4/24/2026,479.0,490.0,478.3,482.0,0.63,9717.0,539.1,432.0
USHEC,4/27/2026,482.0,490.0,482.0,483.0,0.21,15544.0,539.1,432.0
USHEC,4/28/2026,483.0,504.7,481.3,487.5,0.93,18618.0,539.1,432.0
USHEC,4/29/2026,487.5,490.0,479.4,483.0,-0.92,12734.0,539.1,432.0
USHEC,4/30/2026,477.3,487.0,477.0,485.5,1.72,21303.0,539.1,432.0
USHEC,5/4/2026,481.0,485.0,481.0,483.0,0.42,8601.0,539.1,432.0
USHEC,5/5/2026,482.0,489.9,482.0,482.5,0.1,6658.0,539.1,432.0
USHEC,5/6/2026,482.0,485.0,482.0,485.0,0.62,1200.0,539.1,432.0
USHEC,5/7/2026,485.0,488.0,483.0,488.0,0.62,3071.0,539.1,432.0
USHEC,5/8/2026,488.0,497.9,485.2,494.5,1.33,5532.0,539.1,432.0
USHEC,5/11/2026,499.0,502.9,490.0,498.1,-0.18,18930.0,539.1,432.0
USHEC,5/12/2026,498.2,498.2,485.1,486.0,-2.45,20011.0,539.1,432.0
USHEC,5/13/2026,486.0,493.0,480.0,493.0,1.44,3610.0,539.1,432.0
USHEC,5/14/2026,482.0,490.0,481.3,489.0,1.45,6412.0,539.1,432.0
USHEC,5/15/2026,503.0,503.0,486.0,492.0,-2.19,5251.0,539.1,432.0
USHEC,5/18/2026,488.2,499.8,488.2,492.1,0.8,7428.0,539.1,432.0
USHEC,5/19/2026,485.2,498.9,485.2,498.0,2.64,19984.0,539.1,432.0
USHEC,5/20/2026,490.0,505.1,490.0,505.1,3.08,17122.0,539.1,432.0
USHEC,5/21/2026,505.0,505.0,497.1,503.0,-0.4,10344.0,539.1,432.0
USHEC,5/22/2026,490.4,511.0,490.4,507.0,3.38,22697.0,539.1,432.0
USHEC,5/25/2026,508.0,521.0,508.0,521.0,2.56,62362.0,539.1,432.0
USHEC,5/26/2026,522.8,524.0,513.0,524.0,0.23,31109.0,539.1,432.0
USHEC,5/27/2026,524.0,529.0,518.0,524.0,0.0,42197.0,539.1,432.0
USHEC,6/1/2026,520.0,524.0,505.5,511.5,-1.63,27002.0,539.1,432.0
USHEC,6/2/2026,512.0,515.6,503.0,511.0,-0.2,16882.0,539.1,432.0
USHEC,6/3/2026,503.0,514.9,503.0,512.0,1.79,6267.0,539.1,432.0
USHEC,6/4/2026,515.0,515.0,504.8,507.0,-1.55,8212.0,539.1,432.0
USHEC,6/5/2026,507.0,507.0,503.3,505.0,-0.39,4007.0,539.1,432.0
USHEC,6/8/2026,500.2,508.9,500.2,505.5,1.06,9009.0,539.1,432.0
USHEC,6/9/2026,503.0,509.0,500.3,509.0,1.19,11313.0,539.1,432.0
USHEC,6/10/2026,509.0,511.0,505.0,509.0,0.0,11726.0,539.1,432.0
USHEC,6/11/2026,518.0,518.0,504.1,513.5,-0.87,14566.0,539.1,432.0
USHEC,6/12/2026,539.1,539.1,512.1,515.0,-4.47,21924.0,539.1,432.0
USHEC,6/15/2026,515.0,518.0,505.2,505.5,-1.84,9241.0,539.1,432.0
USHEC,6/16/2026,505.0,506.0,500.5,502.5,-0.5,13108.0,539.1,432.0
USHEC,6/17/2026,502.5,507.9,501.0,501.1,-0.28,11411.0,539.1,432.0
USHEC,6/18/2026,493.0,506.9,493.0,496.5,0.71,9320.0,539.1,432.0
USHEC,6/19/2026,497.0,498.0,495.0,498.0,0.2,7515.0,539.1,432.0
USHEC,6/22/2026,496.0,502.0,494.1,500.0,0.81,10000.0,539.1,432.0
USHEC,6/23/2026,491.3,496.0,491.3,492.6,0.26,6494.0,539.1,432.0
USHEC,6/24/2026,485.0,499.5,485.0,488.0,0.62,5125.0,539.1,432.0
USHEC,6/26/2026,493.0,495.0,488.2,491.3,-0.34,2230.0,539.1,432.0
USHEC,6/29/2026,486.3,490.0,486.3,487.0,0.14,4665.0,539.1,432.0
USHEC,6/30/2026,500.0,500.0,485.4,485.7,-2.86,5151.0,539.1,432.0
USHEC,7/1/2026,500.0,500.0,485.5,492.0,-1.6,4548.0,539.1,432.0
USHEC,7/2/2026,487.0,500.0,485.6,500.0,2.67,3544.0,539.1,432.0
USHEC,7/3/2026,490.0,501.0,490.0,498.0,1.63,3809.0,539.1,432.0
USHEC,7/6/2026,498.7,498.7,486.1,486.1,-2.53,3054.0,539.1,432.0
USHEC,7/7/2026,483.2,492.0,483.2,488.2,1.03,6300.0,539.1,432.0
USHEC,7/8/2026,475.3,486.0,475.3,485.0,2.04,7304.0,539.1,432.0
USHEC,7/9/2026,481.1,485.0,480.5,483.0,0.39,2656.0,539.1,432.0
USHEC,7/10/2026,479.4,490.0,479.4,483.2,0.79,6585.0,539.1,432.0
USHEC,7/13/2026,480.0,485.0,480.0,481.0,0.21,10014.0,539.1,432.0
USHEC,7/14/2026,476.0,484.0,471.1,484.0,1.68,3552.0,539.1,432.0
USHEC,7/15/2026,483.0,488.0,480.0,485.0,0.41,2546.0,539.1,432.0
USHEC,7/16/2026,483.1,489.0,483.1,489.0,1.22,2081.0,539.1,432.0
USHEC,7/17/2026,482.2,501.7,482.2,501.7,4.04,3542.0,539.1,432.0
USHEC,7/20/2026,501.0,504.0,494.0,500.1,-0.18,8723.0,539.1,432.0
USHEC,7/21/2026,502.0,514.0,496.0,506.0,0.8,13653.0,539.1,432.0
USHEC,7/22/2026,500.0,500.0,492.0,495.2,-0.96,5757.0,539.1,432.0
USHEC,7/23/2026,487.5,500.0,487.5,493.5,1.23,2945.0,539.1,432.0
USHEC,7/24/2026,493.0,500.0,493.0,495.5,0.51,1594.0,539.1,432.0
USHEC,7/27/2026,495.0,500.0,495.0,496.6,0.32,3925.0,539.1,432.0
USHEC,7/28/2026,496.0,496.0,486.2,491.2,-0.97,6608.0,539.1,432.0
USHEC,7/29/2026,486.0,495.0,486.0,491.0,1.03,3861.0,539.1,432.0
USHEC,7/30/2026,485.0,497.9,485.0,492.0,1.44,7284.0,539.1,432.0
USHEC,7/31/2026,490.0,497.0,490.0,492.0,0.41,4347.0,539.1,432.0
USHEC,8/3/2026,492.1,501.0,492.0,498.0,1.2,12218.0,539.1,432.0
USHEC,8/4/2026,495.2,503.0,495.2,495.5,0.06,6649.0,539.1,432.0
USHEC,8/5/2026,491.0,500.0,491.0,495.7,0.96,3346.0,539.1,432.0
USHEC,8/6/2026,493.0,500.0,493.0,496.1,0.63,2247.0,539.1,432.0
USHEC,8/7/2026,497.0,501.9,492.2,497.0,0.0,6636.0,539.1,432.0
USHEC,8/10/2026,490.0,497.0,488.0,497.0,1.43,7383.0,539.1,432.0
USHEC,8/11/2026,486.4,502.0,486.3,497.9,2.36,4333.0,539.1,432.0
USHEC,8/12/2026,497.1,502.0,494.0,494.0,-0.62,10090.0,539.1,432.0
USHEC,8/13/2026,469.3,500.0,469.3,500.0,6.54,12400.0,539.1,432.0
USHEC,8/14/2026,491.1,505.8,491.1,501.2,2.06,7334.0,539.1,432.0
USHEC,8/17/2026,501.2,505.0,491.6,505.0,0.76,12042.0,539.1,432.0
USHEC,8/18/2026,505.0,508.0,500.0,500.0,-0.99,21896.0,539.1,432.0
USHEC,8/19/2026,495.2,502.0,495.2,502.0,1.37,14971.0,539.1,432.0
USHEC,8/20/2026,495.6,511.0,495.6,511.0,3.11,19508.0,539.1,432.0
USHEC,8/21/2026,501.4,514.0,501.4,505.0,0.72,43787.0,539.1,432.0
USHEC,8/24/2026,504.0,505.0,500.0,500.0,-0.79,3798.0,539.1,432.0
USHEC,8/25/2026,500.2,505.0,497.2,498.0,-0.44,3724.0,539.1,432.0
USHEC,8/26/2026,497.1,497.1,480.0,492.0,-1.03,13955.0,539.1,432.0
USHEC,8/27/2026,483.0,496.0,483.0,496.0,2.69,699.0,539.1,432.0
USHEC,8/31/2026,490.0,490.0,481.3,481.3,-1.78,6455.0,539.1,432.0
USHEC,9/1/2026,480.0,495.0,480.0,484.0,0.83,4395.0,539.1,432.0
USHEC,9/2/2026,485.0,489.9,481.1,484.0,-0.21,10300.0,539.1,432.0
USHEC,9/3/2026,484.0,519.0,484.0,492.2,1.69,8329.0,539.1,432.0
USHEC,9/7/2026,491.0,500.0,491.0,499.0,1.63,4805.0,539.1,432.0
USHEC,9/9/2026,490.0,500.0,490.0,494.0,0.82,2390.0,539.1,432.0
USHEC,9/10/2026,485.0,497.9,485.0,494.5,1.96,4514.0,539.1,432.0
USHEC,9/11/2026,495.0,507.9,485.0,495.0,0.0,22554.0,539.1,432.0
USHEC,9/14/2026,487.0,501.6,487.0,498.0,2.26,6159.0,539.1,432.0
USHEC,9/15/2026,522.9,522.9,496.5,503.0,-3.81,23516.0,539.1,432.0
USHEC,9/16/2026,503.0,503.0,495.5,496.2,-1.35,10615.0,539.1,432.0
USHEC,9/17/2026,500.0,503.0,497.6,503.0,0.6,8579.0,539.1,432.0
USHEC,9/18/2026,500.0,505.9,500.0,502.0,0.4,8425.0,539.1,432.0
USHEC,9/22/2026,503.0,512.0,503.0,512.0,1.79,21462.0,539.1,432.0
USHEC,9/23/2026,510.0,514.7,505.0,508.9,-0.22,26735.0,539.1,432.0
USHEC,9/24/2026,500.6,507.8,500.0,502.0,0.28,9172.0,539.1,432.0
USHEC,9/28/2026,502.0,504.0,499.0,502.0,0.0,10300.0,539.1,432.0
USHEC,9/29/2026,498.0,501.0,498.0,0.0,-100.0,4776.0,539.1,432.0
USHEC,9/30/2026,506.9,513.0,490.0,494.0,-2.54,38460.0,539.1,432.0
USHEC,10/1/2026,508.0,508.0,493.0,495.5,-2.46,3264.0,539.1,432.0
USHEC,10/2/2026,495.0,502.9,489.0,497.0,0.4,7234.0,539.1,432.0
USHL,12/21/2025,874.0,890.0,825.0,825.0,,13694.0,945.0,468.1
USHL,12/22/2025,808.5,856.0,808.5,840.0,1.82,19908.0,945.0,468.1
USHL,12/23/2025,823.2,856.0,814.0,846.0,0.71,24721.0,945.0,468.1
USHL,12/24/2025,830.0,851.0,825.1,828.0,-2.13,8030.0,945.0,468.1
USHL,12/28/2025,811.5,882.0,800.0,882.0,6.52,32126.0,945.0,468.1
USHL,12/29/2025,864.4,881.0,842.0,860.0,-2.49,10061.0,945.0,468.1
USHL,12/31/2025,842.8,859.0,840.1,849.0,-1.28,13658.0,945.0,468.1
USHL,1/1/2026,835.0,858.0,835.0,847.9,-0.13,20188.0,945.0,468.1
USHL,1/4/2026,831.0,874.0,814.4,848.0,0.01,14071.0,945.0,468.1
USHL,1/5/2026,831.1,840.0,816.0,838.0,-1.18,11807.0,945.0,468.1
USHL,1/6/2026,821.3,852.0,805.0,840.0,0.24,11682.0,945.0,468.1
USHL,1/7/2026,823.2,854.9,822.0,834.0,-0.71,4916.0,945.0,468.1
USHL,1/8/2026,817.4,833.0,811.0,829.0,-0.6,13864.0,945.0,468.1
USHL,1/12/2026,812.5,832.0,811.2,811.2,-2.15,6781.0,945.0,468.1
USHL,1/13/2026,795.0,828.0,795.0,816.0,0.59,15846.0,945.0,468.1
USHL,1/14/2026,810.0,824.9,801.6,817.0,0.12,13667.0,945.0,468.1
USHL,1/18/2026,801.0,825.0,801.0,820.8,0.47,10160.0,945.0,468.1
USHL,1/20/2026,804.4,874.6,804.4,849.0,3.44,35932.0,945.0,468.1
USHL,1/21/2026,832.1,865.0,821.0,822.4,-3.13,17163.0,945.0,468.1
USHL,1/22/2026,829.0,830.0,783.0,825.0,0.32,9432.0,945.0,468.1
USHL,1/25/2026,840.0,840.0,808.0,820.0,-0.61,13821.0,945.0,468.1
USHL,1/26/2026,820.0,865.0,810.0,840.0,2.44,30052.0,945.0,468.1
USHL,1/27/2026,840.0,856.8,823.2,847.0,0.83,29354.0,945.0,468.1
USHL,1/28/2026,830.1,850.0,795.0,825.0,-2.6,26000.0,945.0,468.1
USHL,1/29/2026,808.5,824.6,780.0,804.9,-2.44,23939.0,945.0,468.1
USHL,2/1/2026,820.9,820.9,777.7,797.0,-0.98,11692.0,945.0,468.1
USHL,2/2/2026,781.1,824.0,775.1,789.9,-0.89,9249.0,945.0,468.1
USHL,2/3/2026,805.6,805.6,761.0,770.0,-2.52,11370.0,945.0,468.1
USHL,2/4/2026,765.0,779.0,745.0,766.9,-0.4,5208.0,945.0,468.1
USHL,2/5/2026,779.9,781.4,740.0,755.0,-1.55,8913.0,945.0,468.1
USHL,2/8/2026,770.0,780.0,763.0,769.9,1.97,11482.0,945.0,468.1
USHL,2/9/2026,779.9,779.9,746.0,759.9,-1.3,10732.0,945.0,468.1
USHL,2/10/2026,749.0,760.0,735.0,753.0,-0.91,4257.0,945.0,468.1
USHL,2/11/2026,768.0,768.0,715.2,747.0,-0.8,5814.0,945.0,468.1
USHL,2/12/2026,733.1,750.0,725.0,739.5,-1.0,8767.0,945.0,468.1
USHL,2/16/2026,725.0,804.0,721.0,800.0,8.18,14701.0,945.0,468.1
USHL,2/17/2026,816.0,816.0,726.0,743.9,-7.01,7131.0,945.0,468.1
USHL,2/22/2026,729.1,739.0,708.2,723.0,-2.81,5213.0,945.0,468.1
USHL,2/23/2026,708.6,722.7,699.1,710.0,-1.8,11294.0,945.0,468.1
USHL,2/24/2026,721.0,721.0,707.0,710.3,0.04,1493.0,945.0,468.1
USHL,2/25/2026,720.0,723.8,700.0,708.8,-0.21,3579.0,945.0,468.1
USHL,2/26/2026,722.0,735.0,710.1,714.0,0.73,2540.0,945.0,468.1
USHL,2/27/2026,722.0,735.0,710.1,714.0,0.0,2540.0,945.0,468.1
USHL,2/28/2026,722.0,735.0,710.1,714.0,0.0,2540.0,945.0,468.1
USHL,3/2/2026,701.0,720.0,701.0,703.0,-1.54,5632.0,945.0,468.1
USHL,3/3/2026,717.0,744.9,706.1,729.8,3.81,4161.0,945.0,468.1
USHL,3/4/2026,717.0,744.9,706.1,729.8,0.0,4161.0,945.0,468.1
USHL,3/5/2026,717.0,744.9,706.1,729.8,0.0,4161.0,945.0,468.1
USHL,3/6/2026,717.0,744.9,706.1,729.8,0.0,4161.0,945.0,468.1
USHL,3/7/2026,717.0,744.9,706.1,729.8,0.0,4161.0,945.0,468.1
USHL,3/8/2026,717.0,744.9,706.1,729.8,0.0,4161.0,945.0,468.1
USHL,3/9/2026,744.3,789.0,744.3,789.0,8.11,220.0,945.0,468.1
USHL,3/10/2026,804.0,804.0,735.0,768.9,-2.55,13868.0,945.0,468.1
USHL,3/11/2026,768.9,783.3,740.0,759.8,-1.18,5677.0,945.0,468.1
USHL,3/12/2026,744.7,765.0,736.0,753.9,-0.78,5271.0,945.0,468.1
USHL,3/13/2026,744.7,765.0,736.0,753.9,0.0,5271.0,945.0,468.1
USHL,3/14/2026,744.7,765.0,736.0,753.9,0.0,5271.0,945.0,468.1
USHL,3/15/2026,753.9,759.9,725.0,742.3,-1.54,8889.0,945.0,468.1
USHL,3/16/2026,728.2,754.7,720.0,729.9,-1.67,7360.0,945.0,468.1
USHL,3/17/2026,744.4,744.4,708.0,725.0,-0.67,10688.0,945.0,468.1
USHL,3/18/2026,744.4,744.4,708.0,725.0,0.0,10688.0,945.0,468.1
USHL,3/19/2026,711.1,738.6,710.0,732.0,0.97,10201.0,945.0,468.1
USHL,3/20/2026,711.1,738.6,710.0,732.0,0.0,10201.0,945.0,468.1
USHL,3/21/2026,711.1,738.6,710.0,732.0,0.0,10201.0,945.0,468.1
USHL,3/22/2026,735.0,740.0,717.4,732.0,0.0,10127.0,945.0,468.1
USHL,3/23/2026,733.0,743.9,726.0,734.8,0.38,7393.0,945.0,468.1
USHL,3/24/2026,734.9,734.9,723.0,725.0,-1.33,8042.0,945.0,468.1
USHL,3/25/2026,710.5,730.0,710.5,728.9,0.54,5628.0,945.0,468.1
USHL,3/26/2026,715.2,739.9,715.1,737.0,3.05,5737.0,945.0,468.1
USHL,3/29/2026,737.0,742.5,708.0,714.0,-3.12,13046.0,945.0,468.1
USHL,3/30/2026,700.0,771.0,696.1,712.0,1.71,5983.0,945.0,468.1
USHL,3/31/2026,700.0,723.0,696.0,719.0,2.71,3271.0,945.0,468.1
USHL,4/1/2026,705.0,722.0,693.9,703.9,-0.16,5618.0,945.0,468.1
USHL,4/2/2026,713.0,713.0,690.0,697.0,-2.24,4017.0,945.0,468.1
USHL,4/5/2026,685.0,697.0,657.0,657.0,-4.09,4703.0,945.0,468.1
USHL,4/6/2026,670.0,693.8,660.2,689.5,2.91,5162.0,945.0,468.1
USHL,4/7/2026,703.2,710.0,680.1,681.0,-3.16,1521.0,945.0,468.1
USHL,4/8/2026,668.0,704.0,668.0,694.9,4.03,1914.0,945.0,468.1
USHL,4/9/2026,682.0,750.0,682.0,713.0,4.55,4055.0,945.0,468.1
USHL,4/10/2026,698.8,717.0,684.9,700.0,0.17,4809.0,945.0,468.1
USHL,4/13/2026,710.0,711.0,690.0,698.0,-1.69,997.0,945.0,468.1
USHL,4/15/2026,706.0,706.0,690.0,699.0,-0.99,2001.0,945.0,468.1
USHL,4/16/2026,691.0,707.9,682.0,695.0,0.58,2122.0,945.0,468.1
USHL,4/17/2026,681.1,694.7,681.1,688.0,1.01,1413.0,945.0,468.1
USHL,4/20/2026,722.4,722.4,630.9,690.0,-4.49,2018.0,945.0,468.1
USHL,4/21/2026,674.1,690.0,669.3,680.0,0.88,2414.0,945.0,468.1
USHL,4/22/2026,680.0,685.0,651.0,675.0,-0.74,5865.0,945.0,468.1
USHL,4/23/2026,656.0,675.0,654.8,668.0,1.83,6295.0,945.0,468.1
USHL,4/24/2026,673.9,673.9,640.0,660.0,-2.06,2208.0,945.0,468.1
USHL,4/27/2026,660.0,676.5,651.0,656.0,-0.61,2649.0,945.0,468.1
USHL,4/28/2026,656.0,655.0,630.5,650.0,-0.91,1571.0,945.0,468.1
USHL,4/29/2026,650.0,649.0,630.0,649.0,-0.15,1835.0,945.0,468.1
USHL,4/30/2026,631.0,660.0,616.0,645.0,2.22,1999.0,945.0,468.1
USHL,5/4/2026,626.0,635.0,625.0,630.0,0.64,1812.0,945.0,468.1
USHL,5/5/2026,598.5,692.0,598.5,650.0,8.6,1119.0,945.0,468.1
USHL,5/6/2026,630.5,669.0,630.5,647.0,2.62,1187.0,945.0,468.1
USHL,5/7/2026,660.0,660.0,613.2,639.0,-3.18,1430.0,945.0,468.1
USHL,5/8/2026,620.2,649.0,620.0,640.0,3.19,2836.0,945.0,468.1
USHL,5/11/2026,621.0,648.5,621.0,645.0,3.86,3511.0,945.0,468.1
USHL,5/12/2026,626.0,644.0,615.0,640.0,2.24,2803.0,945.0,468.1
USHL,5/13/2026,621.1,630.0,618.5,628.8,1.24,2274.0,945.0,468.1
USHL,5/14/2026,640.0,640.0,607.1,632.9,-1.11,4399.0,945.0,468.1
USHL,5/15/2026,615.0,629.3,601.1,617.8,0.46,2213.0,945.0,468.1
USHL,5/18/2026,605.0,615.0,600.0,615.0,1.65,3053.0,945.0,468.1
USHL,5/19/2026,618.0,618.0,600.1,613.0,-0.81,1733.0,945.0,468.1
USHL,5/20/2026,604.0,644.0,604.0,630.0,4.3,3048.0,945.0,468.1
USHL,5/21/2026,630.0,633.5,617.0,633.5,0.56,1201.0,945.0,468.1
USHL,5/22/2026,615.0,634.0,615.0,625.0,1.63,2153.0,945.0,468.1
USHL,5/25/2026,630.0,640.0,617.2,625.0,-0.79,618.0,945.0,468.1
USHL,5/26/2026,625.0,630.9,621.0,629.9,0.78,1650.0,945.0,468.1
USHL,5/27/2026,660.0,660.0,625.0,634.6,-3.85,1697.0,945.0,468.1
USHL,6/1/2026,642.0,642.0,615.1,625.0,-2.65,674.0,945.0,468.1
USHL,6/2/2026,638.0,638.0,600.0,620.0,-2.82,7933.0,945.0,468.1
USHL,6/3/2026,618.5,618.5,600.0,607.0,-1.86,4325.0,945.0,468.1
USHL,6/4/2026,580.0,622.0,580.0,610.0,5.17,2296.0,945.0,468.1
USHL,6/5/2026,621.0,621.0,603.1,610.0,-1.77,936.0,945.0,468.1
USHL,6/8/2026,592.0,610.0,592.0,606.7,2.48,642.0,945.0,468.1
USHL,6/9/2026,609.9,609.9,592.1,605.0,-0.8,2240.0,945.0,468.1
USHL,6/10/2026,635.2,635.2,598.0,603.0,-5.07,1114.0,945.0,468.1
USHL,6/11/2026,609.0,609.0,591.1,605.0,-0.66,3480.0,945.0,468.1
USHL,6/12/2026,635.0,635.0,593.1,609.7,-3.98,2090.0,945.0,468.1
USHL,6/15/2026,614.0,615.0,598.1,607.0,-1.14,3164.0,945.0,468.1
USHL,6/16/2026,597.0,610.0,597.0,604.9,1.32,4665.0,945.0,468.1
USHL,6/17/2026,596.1,600.0,595.0,598.0,0.32,4027.0,945.0,468.1
USHL,6/18/2026,590.2,600.0,590.2,594.0,0.64,3250.0,945.0,468.1
USHL,6/19/2026,590.2,599.0,572.7,593.0,0.47,3023.0,945.0,468.1
USHL,6/22/2026,578.0,594.0,578.0,589.9,2.06,1151.0,945.0,468.1
USHL,6/23/2026,573.1,600.0,573.1,577.0,0.68,2846.0,945.0,468.1
USHL,6/24/2026,549.0,595.0,549.0,564.0,2.73,3557.0,945.0,468.1
USHL,6/26/2026,576.8,585.2,552.2,562.9,-2.41,1426.0,945.0,468.1
USHL,6/29/2026,579.7,579.7,530.1,558.9,-3.59,1956.0,945.0,468.1
USHL,6/30/2026,586.8,586.8,529.0,557.9,-4.93,1038.0,945.0,468.1
USHL,7/1/2026,585.7,585.7,532.2,538.1,-8.13,3269.0,945.0,468.1
USHL,7/2/2026,565.0,565.0,530.0,534.1,-5.47,3840.0,945.0,468.1
USHL,7/3/2026,560.7,560.7,527.6,531.0,-5.3,4787.0,945.0,468.1
USHL,7/6/2026,557.5,557.5,481.0,500.0,-10.31,7063.0,945.0,468.1
USHL,7/7/2026,525.0,525.0,496.1,498.3,-5.09,3515.0,945.0,468.1
USHL,7/8/2026,490.0,504.0,481.3,481.3,-1.78,3240.0,945.0,468.1
USHL,7/9/2026,505.3,505.3,475.0,482.5,-4.51,5723.0,945.0,468.1
USHL,7/10/2026,496.8,499.0,472.0,493.0,-0.76,2502.0,945.0,468.1
USHL,7/13/2026,517.6,517.6,472.6,480.0,-7.26,950.0,945.0,468.1
USHL,7/14/2026,504.0,504.0,468.1,487.1,-3.35,6905.0,945.0,468.1
USHL,7/15/2026,511.4,511.4,468.3,492.3,-3.73,1342.0,945.0,468.1
USHL,7/16/2026,516.0,516.0,494.0,494.0,-4.26,3800.0,945.0,468.1
USHL,7/17/2026,518.7,518.7,500.0,515.0,-0.71,3832.0,945.0,468.1
USHL,7/20/2026,540.0,540.0,515.0,540.0,0.0,4097.0,945.0,468.1
USHL,7/21/2026,567.0,567.0,528.8,540.8,-4.62,8194.0,945.0,468.1
USHL,7/22/2026,514.0,554.2,514.0,550.0,7.0,2309.0,945.0,468.1
USHL,7/23/2026,577.0,577.0,538.5,550.0,-4.68,2354.0,945.0,468.1
USHL,7/24/2026,565.0,565.0,548.1,559.0,-1.06,2854.0,945.0,468.1
USHL,7/27/2026,550.0,565.0,540.3,540.3,-1.76,1440.0,945.0,468.1
USHL,7/28/2026,567.3,567.3,538.0,550.0,-3.05,2929.0,945.0,468.1
USHL,7/29/2026,545.1,550.0,540.0,543.0,-0.39,1136.0,945.0,468.1
USHL,7/30/2026,570.0,570.0,536.5,543.0,-4.74,2165.0,945.0,468.1
USHL,7/31/2026,570.1,570.1,526.3,544.3,-4.53,1246.0,945.0,468.1
USHL,8/3/2026,571.5,571.5,530.9,544.0,-4.81,946.0,945.0,468.1
USHL,8/4/2026,545.0,554.9,523.0,540.0,-0.92,3008.0,945.0,468.1
USHL,8/5/2026,567.0,567.0,519.1,539.0,-4.94,1703.0,945.0,468.1
USHL,8/6/2026,565.9,565.9,528.0,539.0,-4.75,675.0,945.0,468.1
USHL,8/7/2026,525.4,550.0,525.2,538.9,2.57,1505.0,945.0,468.1
USHL,8/10/2026,565.8,565.8,535.1,544.9,-3.69,1586.0,945.0,468.1
USHL,8/11/2026,523.0,555.0,523.0,535.0,2.29,1518.0,945.0,468.1
USHL,8/12/2026,509.0,551.8,509.0,530.0,4.13,2798.0,945.0,468.1
USHL,8/13/2026,556.5,556.5,523.8,537.9,-3.34,1502.0,945.0,468.1
USHL,8/14/2026,523.0,553.0,523.0,543.0,3.82,3581.0,945.0,468.1
USHL,8/17/2026,570.1,570.1,525.0,544.0,-4.58,4633.0,945.0,468.1
USHL,8/18/2026,535.2,540.0,531.2,540.0,0.9,575.0,945.0,468.1
USHL,8/19/2026,535.0,540.0,525.0,540.0,0.93,948.0,945.0,468.1
USHL,8/20/2026,529.5,539.0,529.5,535.9,1.21,3065.0,945.0,468.1
USHL,8/21/2026,509.2,539.0,509.2,538.9,5.83,829.0,945.0,468.1
USHL,8/24/2026,565.8,565.8,532.0,540.0,-4.56,1684.0,945.0,468.1
USHL,8/25/2026,532.0,532.0,520.0,520.0,-2.26,875.0,945.0,468.1
USHL,8/26/2026,515.9,528.0,515.5,525.0,1.76,2257.0,945.0,468.1
USHL,8/27/2026,551.2,551.2,487.3,533.7,-3.17,2261.0,945.0,468.1
USHL,8/31/2026,520.0,520.0,511.1,520.0,0.0,412.0,945.0,468.1
USHL,9/1/2026,546.0,546.0,505.0,514.0,-5.86,1342.0,945.0,468.1
USHL,9/2/2026,509.2,514.0,507.1,514.0,0.94,1924.0,945.0,468.1
USHL,9/3/2026,539.7,539.7,496.0,515.0,-4.58,4175.0,945.0,468.1
USHL,9/7/2026,502.0,515.0,501.0,501.0,-0.2,1128.0,945.0,468.1
USHL,9/9/2026,501.8,513.9,501.8,512.0,2.03,1389.0,945.0,468.1
USHL,9/10/2026,498.4,508.0,498.4,508.0,1.93,638.0,945.0,468.1
USHL,9/11/2026,500.1,520.0,493.0,519.9,3.96,3446.0,945.0,468.1
USHL,9/14/2026,535.0,535.0,507.0,520.0,-2.8,1033.0,945.0,468.1
USHL,9/15/2026,530.0,539.0,510.0,525.0,-0.94,4924.0,945.0,468.1
USHL,9/16/2026,512.0,524.0,510.0,523.5,2.25,691.0,945.0,468.1
USHL,9/17/2026,513.2,520.0,513.2,514.6,0.27,276.0,945.0,468.1
USHL,9/18/2026,540.3,540.3,510.0,514.9,-4.7,2253.0,945.0,468.1
USHL,9/22/2026,515.0,524.0,510.2,515.0,0.0,2040.0,945.0,468.1
USHL,9/23/2026,512.7,521.5,512.7,521.5,1.72,1171.0,945.0,468.1
USHL,9/24/2026,517.3,520.0,510.0,515.0,-0.44,2000.0,945.0,468.1
USHL,9/28/2026,505.0,515.0,505.0,515.0,1.98,886.0,945.0,468.1
USHL,9/29/2026,510.0,510.0,506.1,0.0,-100.0,265.0,945.0,468.1
USHL,9/30/2026,512.0,515.0,505.0,515.0,0.59,410.0,945.0,468.1
USHL,10/1/2026,507.0,521.0,507.0,515.0,1.58,1598.0,945.0,468.1
USHL,10/2/2026,512.5,523.7,505.2,520.0,1.46,2201.0,945.0,468.1
USLB,12/21/2025,1500.0,1526.8,1438.0,1490.0,,6379.0,2412.0,941.0
USLB,12/22/2025,1471.0,1500.0,1470.0,1484.0,-0.4,1913.0,2412.0,941.0
USLB,12/23/2025,1504.0,1504.0,1450.0,1455.0,-1.95,2545.0,2412.0,941.0
USLB,12/24/2025,1483.0,1483.0,1451.0,1464.0,0.62,2849.0,2412.0,941.0
USLB,12/28/2025,1477.0,1483.0,1466.0,1482.9,1.29,4365.0,2412.0,941.0
USLB,12/29/2025,1499.0,1502.0,1471.0,1490.0,0.48,5283.0,2412.0,941.0
USLB,12/31/2025,1500.0,1500.0,1470.1,1475.0,-1.01,3866.0,2412.0,941.0
USLB,1/1/2026,1451.0,1499.9,1450.2,1460.0,-1.02,4844.0,2412.0,941.0
USLB,1/4/2026,1488.9,1488.9,1452.0,1465.0,0.34,2746.0,2412.0,941.0
USLB,1/5/2026,1452.0,1481.0,1452.0,1467.0,0.14,5100.0,2412.0,941.0
USLB,1/6/2026,1484.9,1484.9,1460.0,1477.0,0.68,4562.0,2412.0,941.0
USLB,1/7/2026,1484.0,1489.0,1466.0,1484.0,0.47,5835.0,2412.0,941.0
USLB,1/8/2026,1470.0,1485.0,1461.5,1480.0,-0.27,3101.0,2412.0,941.0
USLB,1/12/2026,1504.0,1504.0,1440.0,1445.0,-2.36,10454.0,2412.0,941.0
USLB,1/13/2026,1438.0,1450.0,1425.0,1425.0,-1.38,6590.0,2412.0,941.0
USLB,1/14/2026,1428.1,1434.0,1407.0,1414.0,-0.77,8225.0,2412.0,941.0
USLB,1/18/2026,1442.2,1555.4,1432.0,1555.4,10.0,20379.0,2412.0,941.0
USLB,1/20/2026,1586.5,1649.9,1582.0,1585.0,1.9,20842.0,2412.0,941.0
USLB,1/21/2026,1580.0,1600.0,1545.2,1549.0,-2.27,8649.0,2412.0,941.0
USLB,1/22/2026,1578.0,1578.0,1500.0,1560.0,0.71,9142.0,2412.0,941.0
USLB,1/25/2026,1589.8,1589.9,1499.5,1569.5,0.61,14889.0,2412.0,941.0
USLB,1/26/2026,1540.0,1550.0,1505.3,1530.0,-2.52,16995.0,2412.0,941.0
USLB,1/27/2026,1501.0,1525.0,1499.4,1505.0,-1.63,10718.0,2412.0,941.0
USLB,1/28/2026,1515.0,1515.0,1485.0,1500.1,-0.33,7432.0,2412.0,941.0
USLB,1/29/2026,1499.0,1514.0,1475.0,1489.0,-0.74,7425.0,2412.0,941.0
USLB,2/1/2026,1470.1,1495.0,1470.0,1485.0,-0.27,3877.0,2412.0,941.0
USLB,2/2/2026,1500.0,1500.0,1465.0,1470.0,-1.01,4225.0,2412.0,941.0
USLB,2/3/2026,1470.0,1490.0,1445.0,1460.0,-0.68,3809.0,2412.0,941.0
USLB,2/4/2026,1489.0,1489.0,1435.0,1464.0,0.27,3460.0,2412.0,941.0
USLB,2/5/2026,1485.0,1485.0,1453.0,1466.0,0.14,3982.0,2412.0,941.0
USLB,2/8/2026,1489.0,1495.0,1450.0,1463.0,-0.2,6485.0,2412.0,941.0
USLB,2/9/2026,1475.0,1475.0,1445.0,1451.0,-0.82,2040.0,2412.0,941.0
USLB,2/10/2026,1465.0,1475.0,1440.1,1450.0,-0.07,2559.0,2412.0,941.0
USLB,2/11/2026,1465.0,1465.0,1442.0,1443.0,-0.48,1607.0,2412.0,941.0
USLB,2/12/2026,1436.7,1450.0,1435.0,1437.0,-0.42,4977.0,2412.0,941.0
USLB,2/16/2026,1455.0,1455.0,1433.1,1443.0,0.42,3132.0,2412.0,941.0
USLB,2/17/2026,1469.0,1469.0,1425.0,1434.0,-0.62,3107.0,2412.0,941.0
USLB,2/22/2026,1426.1,1430.0,1405.0,1425.0,-0.63,5200.0,2412.0,941.0
USLB,2/23/2026,1448.0,1448.0,1410.0,1422.0,-0.21,1141.0,2412.0,941.0
USLB,2/24/2026,1401.0,1430.0,1401.0,1413.1,-0.63,4200.0,2412.0,941.0
USLB,2/25/2026,1441.3,1441.3,1405.0,1429.8,1.18,3597.0,2412.0,941.0
USLB,2/26/2026,1405.0,1438.0,1405.0,1421.1,-0.61,1183.0,2412.0,941.0
USLB,2/27/2026,1405.0,1438.0,1405.0,1421.1,0.0,1183.0,2412.0,941.0
USLB,2/28/2026,1405.0,1438.0,1405.0,1421.1,0.0,1183.0,2412.0,941.0
USLB,3/2/2026,1421.2,1425.0,1393.0,1423.0,0.13,3930.0,2412.0,941.0
USLB,3/3/2026,1435.0,1447.8,1419.9,1445.0,1.55,2519.0,2412.0,941.0
USLB,3/4/2026,1435.0,1447.8,1419.9,1445.0,0.0,2519.0,2412.0,941.0
USLB,3/5/2026,1435.0,1447.8,1419.9,1445.0,0.0,2519.0,2412.0,941.0
USLB,3/6/2026,1435.0,1447.8,1419.9,1445.0,0.0,2519.0,2412.0,941.0
USLB,3/7/2026,1435.0,1447.8,1419.9,1445.0,0.0,2519.0,2412.0,941.0
USLB,3/8/2026,1435.0,1447.8,1419.9,1445.0,0.0,2519.0,2412.0,941.0
USLB,3/9/2026,1473.0,1531.0,1473.0,1531.0,5.95,300.0,2412.0,941.0
USLB,3/10/2026,1561.6,1600.0,1498.0,1520.0,-0.72,10166.0,2412.0,941.0
USLB,3/11/2026,1545.0,1545.0,1465.0,1479.0,-2.7,5716.0,2412.0,941.0
USLB,3/12/2026,1462.0,1490.0,1461.0,1471.0,-0.54,4076.0,2412.0,941.0
USLB,3/13/2026,1462.0,1490.0,1461.0,1471.0,0.0,4076.0,2412.0,941.0
USLB,3/14/2026,1462.0,1490.0,1461.0,1471.0,0.0,4076.0,2412.0,941.0
USLB,3/15/2026,1495.0,1495.0,1460.0,1474.0,0.2,3328.0,2412.0,941.0
USLB,3/16/2026,1474.0,1475.0,1451.9,1464.0,-0.68,1393.0,2412.0,941.0
USLB,3/17/2026,1455.0,1469.9,1455.0,1467.0,0.2,1718.0,2412.0,941.0
USLB,3/18/2026,1455.0,1469.9,1455.0,1467.0,0.0,1718.0,2412.0,941.0
USLB,3/19/2026,1468.0,1492.9,1467.0,1483.9,1.15,4410.0,2412.0,941.0
USLB,3/20/2026,1468.0,1492.9,1467.0,1483.9,0.0,4410.0,2412.0,941.0
USLB,3/21/2026,1468.0,1492.9,1467.0,1483.9,0.0,4410.0,2412.0,941.0
USLB,3/22/2026,1507.0,1580.0,1490.0,1540.0,3.78,17640.0,2412.0,941.0
USLB,3/23/2026,1570.0,1570.0,1530.0,1544.0,0.26,6818.0,2412.0,941.0
USLB,3/24/2026,1545.0,1550.0,1527.0,1543.0,-0.06,3991.0,2412.0,941.0
USLB,3/25/2026,1542.5,1543.0,1500.0,1510.0,-2.14,3281.0,2412.0,941.0
USLB,3/26/2026,1501.5,1517.5,1496.0,1510.0,0.57,1655.0,2412.0,941.0
USLB,3/29/2026,1514.8,1514.8,1456.0,1468.0,-3.09,4855.0,2412.0,941.0
USLB,3/30/2026,1444.0,1495.0,1444.0,1472.9,2.0,4928.0,2412.0,941.0
USLB,3/31/2026,1496.0,1496.0,1444.0,1472.0,-1.6,2857.0,2412.0,941.0
USLB,4/1/2026,1445.0,1450.0,1420.0,1428.0,-1.18,4497.0,2412.0,941.0
USLB,4/2/2026,1427.0,1443.0,1399.0,1420.0,-0.49,4005.0,2412.0,941.0
USLB,4/5/2026,1392.0,1400.0,1322.0,1330.0,-4.45,8188.0,2412.0,941.0
USLB,4/6/2026,1356.0,1383.1,1345.0,1377.0,1.55,4451.0,2412.0,941.0
USLB,4/7/2026,1380.0,1385.0,1360.0,1360.3,-1.43,2568.0,2412.0,941.0
USLB,4/8/2026,1334.0,1380.1,1334.0,1363.0,2.17,3020.0,2412.0,941.0
USLB,4/9/2026,1364.0,1428.0,1364.0,1410.0,3.37,2588.0,2412.0,941.0
USLB,4/10/2026,1400.0,1410.0,1370.0,1387.0,-0.93,5266.0,2412.0,941.0
USLB,4/13/2026,1387.0,1400.0,1355.0,1387.7,0.05,3182.0,2412.0,941.0
USLB,4/15/2026,1365.1,1389.9,1365.0,1381.0,1.16,2328.0,2412.0,941.0
USLB,4/16/2026,1370.0,1375.0,1357.0,1358.0,-0.88,1978.0,2412.0,941.0
USLB,4/17/2026,1352.0,1364.9,1337.0,1350.6,-0.1,1423.0,2412.0,941.0
USLB,4/20/2026,1350.6,1390.0,1350.6,1359.0,0.62,1255.0,2412.0,941.0
USLB,4/21/2026,1381.0,1381.0,1355.0,1355.0,-1.88,1082.0,2412.0,941.0
USLB,4/22/2026,1321.0,1350.0,1315.0,1349.0,2.12,2883.0,2412.0,941.0
USLB,4/23/2026,1350.0,1350.0,1325.0,1335.0,-1.11,2722.0,2412.0,941.0
USLB,4/24/2026,1316.0,1360.0,1300.1,1330.0,1.06,2879.0,2412.0,941.0
USLB,4/27/2026,1330.0,1350.0,1330.0,1340.0,0.75,699.0,2412.0,941.0
USLB,4/28/2026,1340.0,1341.1,1318.0,1324.0,-1.19,766.0,2412.0,941.0
USLB,4/29/2026,1324.0,1319.0,1298.0,1298.0,-1.96,2211.0,2412.0,941.0
USLB,4/30/2026,1298.0,1300.0,1280.0,1294.0,-0.31,1846.0,2412.0,941.0
USLB,5/4/2026,1295.0,1295.0,1270.1,1270.1,-1.92,2188.0,2412.0,941.0
USLB,5/5/2026,1270.0,1280.0,1246.0,1248.0,-1.73,2361.0,2412.0,941.0
USLB,5/6/2026,1248.0,1259.0,1240.0,1252.0,0.32,2547.0,2412.0,941.0
USLB,5/7/2026,1240.0,1267.0,1238.0,1262.0,1.77,819.0,2412.0,941.0
USLB,5/8/2026,1269.6,1269.7,1255.0,1257.6,-0.95,551.0,2412.0,941.0
USLB,5/11/2026,1271.0,1276.0,1259.0,1275.0,0.31,1217.0,2412.0,941.0
USLB,5/12/2026,1274.9,1274.9,1250.0,1250.0,-1.95,2912.0,2412.0,941.0
USLB,5/13/2026,1253.0,1264.9,1250.0,1264.9,0.95,389.0,2412.0,941.0
USLB,5/14/2026,1240.0,1260.0,1236.1,1236.2,-0.31,536.0,2412.0,941.0
USLB,5/15/2026,1240.0,1261.1,1236.6,1236.6,-0.27,916.0,2412.0,941.0
USLB,5/18/2026,1236.0,1255.0,1226.1,1250.0,1.13,702.0,2412.0,941.0
USLB,5/19/2026,1250.0,1250.0,1225.0,1235.0,-1.2,1456.0,2412.0,941.0
USLB,5/20/2026,1229.0,1249.0,1229.0,1244.0,1.22,1630.0,2412.0,941.0
USLB,5/21/2026,1231.0,1249.0,1231.0,1248.0,1.38,470.0,2412.0,941.0
USLB,5/22/2026,1248.0,1260.0,1240.0,1256.0,0.64,190.0,2412.0,941.0
USLB,5/25/2026,1260.0,1288.0,1260.0,1288.0,2.22,2939.0,2412.0,941.0
USLB,5/26/2026,1270.0,1292.0,1270.0,1280.0,0.79,1024.0,2412.0,941.0
USLB,5/27/2026,1280.0,1300.0,1280.0,1299.0,1.48,205.0,2412.0,941.0
USLB,6/1/2026,1285.0,1285.0,1262.0,1268.0,-1.32,321.0,2412.0,941.0
USLB,6/2/2026,1268.0,1279.9,1250.1,1276.0,0.63,911.0,2412.0,941.0
USLB,6/3/2026,1252.0,1276.0,1242.0,1270.0,1.44,1288.0,2412.0,941.0
USLB,6/4/2026,1272.0,1272.0,1260.0,1261.1,-0.86,521.0,2412.0,941.0
USLB,6/5/2026,1250.0,1260.0,1245.0,1255.0,0.4,553.0,2412.0,941.0
USLB,6/8/2026,1255.0,1269.9,1242.0,1269.9,1.19,480.0,2412.0,941.0
USLB,6/9/2026,1242.0,1257.0,1242.0,1257.0,1.21,468.0,2412.0,941.0
USLB,6/10/2026,1257.0,1258.0,1252.0,1253.0,-0.32,720.0,2412.0,941.0
USLB,6/11/2026,1251.0,1260.0,1251.0,1260.0,0.72,529.0,2412.0,941.0
USLB,6/12/2026,1260.0,1268.9,1242.1,1250.0,-0.79,1596.0,2412.0,941.0
USLB,6/15/2026,1225.0,1254.9,1225.0,1254.9,2.44,1558.0,2412.0,941.0
USLB,6/16/2026,1250.0,1250.0,1226.1,1246.9,-0.25,640.0,2412.0,941.0
USLB,6/17/2026,1225.0,1240.0,1225.0,1239.6,1.19,206.0,2412.0,941.0
USLB,6/18/2026,1230.5,1249.0,1223.1,1249.0,1.5,551.0,2412.0,941.0
USLB,6/19/2026,1227.2,1259.9,1227.0,1259.8,2.66,1061.0,2412.0,941.0
USLB,6/22/2026,1260.0,1330.0,1260.0,1311.0,4.05,5496.0,2412.0,941.0
USLB,6/23/2026,1300.0,1340.0,1300.0,1315.0,1.15,3542.0,2412.0,941.0
USLB,6/24/2026,1322.0,1325.0,1290.0,1300.0,-1.66,2925.0,2412.0,941.0
USLB,6/26/2026,1285.0,1285.0,1245.6,1274.5,-0.82,713.0,2412.0,941.0
USLB,6/29/2026,1275.0,1275.0,1220.0,1255.8,-1.51,2325.0,2412.0,941.0
USLB,6/30/2026,1230.0,1250.0,1213.0,1213.0,-1.38,1537.0,2412.0,941.0
USLB,7/1/2026,1220.0,1250.0,1220.0,1245.0,2.05,1476.0,2412.0,941.0
USLB,7/2/2026,1236.1,1240.0,1215.0,1230.0,-0.49,1053.0,2412.0,941.0
USLB,7/3/2026,1230.0,1240.0,1201.0,1237.0,0.57,815.0,2412.0,941.0
USLB,7/6/2026,1215.0,1260.0,1178.9,1205.2,-0.81,1030.0,2412.0,941.0
USLB,7/7/2026,1200.0,1224.9,1200.0,1218.7,1.56,1162.0,2412.0,941.0
USLB,7/8/2026,1218.0,1218.0,1173.7,1210.0,-0.66,1170.0,2412.0,941.0
USLB,7/9/2026,1210.0,1210.0,1170.0,1170.0,-3.31,2206.0,2412.0,941.0
USLB,7/10/2026,1175.0,1198.0,1151.0,1169.0,-0.51,844.0,2412.0,941.0
USLB,7/13/2026,1152.3,1185.9,1140.0,1169.0,1.45,914.0,2412.0,941.0
USLB,7/14/2026,1140.0,1170.0,1105.8,1141.6,0.14,989.0,2412.0,941.0
USLB,7/15/2026,1169.0,1169.0,1142.0,1142.0,-2.31,281.0,2412.0,941.0
USLB,7/16/2026,1163.0,1163.0,1125.6,1125.6,-3.22,804.0,2412.0,941.0
USLB,7/17/2026,1159.0,1220.0,1159.0,1220.0,5.26,1411.0,2412.0,941.0
USLB,7/20/2026,1220.1,1250.0,1220.1,1229.0,0.73,657.0,2412.0,941.0
USLB,7/21/2026,1205.1,1230.0,1170.0,1205.0,-0.01,2368.0,2412.0,941.0
USLB,7/22/2026,1200.0,1219.8,1200.0,1210.0,0.83,179.0,2412.0,941.0
USLB,7/23/2026,1210.1,1212.0,1175.4,1200.0,-0.83,673.0,2412.0,941.0
USLB,7/24/2026,1209.0,1236.0,1175.0,1181.0,-2.32,3770.0,2412.0,941.0
USLB,7/27/2026,1181.0,1188.0,1170.0,1170.0,-0.93,1859.0,2412.0,941.0
USLB,7/28/2026,1182.0,1189.0,1156.0,1178.7,-0.28,117.0,2412.0,941.0
USLB,7/29/2026,1179.5,1188.2,1161.0,1182.0,0.21,281.0,2412.0,941.0
USLB,7/30/2026,1152.1,1184.0,1152.1,1152.3,0.02,962.0,2412.0,941.0
USLB,7/31/2026,1150.0,1156.0,1135.0,1135.0,-1.3,2288.0,2412.0,941.0
USLB,8/3/2026,1135.0,1160.0,1135.0,1159.9,2.19,1423.0,2412.0,941.0
USLB,8/4/2026,1135.0,1158.0,1135.0,1149.5,1.28,223.0,2412.0,941.0
USLB,8/5/2026,1149.5,1149.5,1120.0,1127.0,-1.96,1218.0,2412.0,941.0
USLB,8/6/2026,1116.0,1139.0,1116.0,1138.7,2.03,432.0,2412.0,941.0
USLB,8/7/2026,1125.0,1143.9,1118.0,1125.0,0.0,1018.0,2412.0,941.0
USLB,8/10/2026,1128.0,1130.0,1122.0,1123.0,-0.44,429.0,2412.0,941.0
USLB,8/11/2026,1116.0,1122.0,1110.0,1120.0,0.36,1287.0,2412.0,941.0
USLB,8/12/2026,1105.0,1120.0,1105.0,1115.0,0.9,549.0,2412.0,941.0
USLB,8/13/2026,1135.0,1140.0,1121.0,1121.5,-1.19,626.0,2412.0,941.0
USLB,8/14/2026,1121.0,1130.0,1121.0,1121.0,0.0,140.0,2412.0,941.0
USLB,8/17/2026,1101.0,1122.7,1090.0,1115.0,1.27,889.0,2412.0,941.0
USLB,8/18/2026,1116.0,1118.0,1096.0,1105.0,-0.99,1024.0,2412.0,941.0
USLB,8/19/2026,1097.0,1099.9,1075.0,1075.0,-2.01,2652.0,2412.0,941.0
USLB,8/20/2026,1100.0,1100.0,1075.0,1094.0,-0.55,1857.0,2412.0,941.0
USLB,8/21/2026,1065.0,1088.9,1065.0,1085.0,1.88,162.0,2412.0,941.0
USLB,8/24/2026,1085.0,1085.0,1065.0,1065.0,-1.84,574.0,2412.0,941.0
USLB,8/25/2026,1051.0,1055.0,1000.0,1019.9,-2.96,2726.0,2412.0,941.0
USLB,8/26/2026,1020.0,1020.0,970.0,970.0,-4.9,1457.0,2412.0,941.0
USLB,8/27/2026,945.0,970.0,941.0,970.0,2.65,2224.0,2412.0,941.0
USLB,8/31/2026,950.0,952.0,944.0,951.0,0.11,1314.0,2412.0,941.0
USLB,9/1/2026,951.0,976.0,951.0,975.0,2.52,712.0,2412.0,941.0
USLB,9/2/2026,976.0,1005.0,976.0,995.0,1.95,2192.0,2412.0,941.0
USLB,9/3/2026,1014.0,1014.0,1000.0,1012.7,-0.13,221.0,2412.0,941.0
USLB,9/7/2026,1013.0,1028.9,1013.0,1020.0,0.69,546.0,2412.0,941.0
USLB,9/9/2026,1000.0,1019.0,990.0,1014.0,1.4,518.0,2412.0,941.0
USLB,9/10/2026,990.0,1000.0,986.0,997.9,0.8,1390.0,2412.0,941.0
USLB,9/11/2026,997.0,1012.0,990.0,1012.0,1.5,1265.0,2412.0,941.0
USLB,9/14/2026,983.1,1012.5,983.1,1010.0,2.74,1098.0,2412.0,941.0
USLB,9/15/2026,1059.0,1059.8,1019.0,1049.0,-0.94,3146.0,2412.0,941.0
USLB,9/16/2026,1050.0,1050.0,1025.0,1029.0,-2.0,1032.0,2412.0,941.0
USLB,9/17/2026,1049.0,1080.0,1044.0,1070.0,2.0,2335.0,2412.0,941.0
USLB,9/18/2026,1050.0,1077.5,1050.0,1061.0,1.05,769.0,2412.0,941.0
USLB,9/22/2026,1085.0,1100.0,1056.0,1100.0,1.38,3157.0,2412.0,941.0
USLB,9/23/2026,1045.0,1144.2,1045.0,1093.0,4.59,3774.0,2412.0,941.0
USLB,9/24/2026,1038.4,1145.3,1038.4,1144.0,10.17,3690.0,2412.0,941.0
USLB,9/28/2026,1148.7,1153.0,1027.3,1150.0,0.11,5825.0,2412.0,941.0
USLB,9/29/2026,1092.5,1189.0,990.0,0.0,-100.0,5179.0,2412.0,941.0
USLB,9/30/2026,1153.0,1200.0,1116.0,1150.0,-0.26,3121.0,2412.0,941.0
USLB,10/1/2026,1138.0,1199.7,1111.0,1150.0,1.05,4095.0,2412.0,941.0
USLB,10/2/2026,1182.0,1182.0,1115.6,1130.0,-4.4,728.0,2412.0,941.0
VLBS,12/21/2025,756.0,769.0,756.0,767.0,,581.0,876.0,591.7
VLBS,12/22/2025,774.9,795.4,765.0,765.6,-0.18,6217.0,876.0,591.7
VLBS,12/23/2025,765.6,778.0,765.0,778.0,1.62,381.0,876.0,591.7
VLBS,12/24/2025,765.0,777.0,762.0,774.9,-0.4,3082.0,876.0,591.7
VLBS,12/28/2025,779.0,779.0,760.3,769.0,-0.76,1241.0,876.0,591.7
VLBS,12/29/2025,781.0,781.0,760.0,765.0,-0.52,1754.0,876.0,591.7
VLBS,12/31/2025,780.2,780.2,761.0,767.0,0.26,1168.0,876.0,591.7
VLBS,1/1/2026,752.0,767.0,752.0,757.0,-1.3,2232.0,876.0,591.7
VLBS,1/4/2026,760.0,767.0,750.0,765.0,1.06,902.0,876.0,591.7
VLBS,1/5/2026,765.0,780.0,758.0,770.0,0.65,3668.0,876.0,591.7
VLBS,1/6/2026,785.0,785.0,754.0,769.0,-0.13,4175.0,876.0,591.7
VLBS,1/7/2026,765.0,784.9,765.0,765.0,-0.52,2394.0,876.0,591.7
VLBS,1/8/2026,760.1,777.0,760.1,762.1,-0.38,1544.0,876.0,591.7
VLBS,1/12/2026,777.3,787.0,750.0,751.0,-1.46,4786.0,876.0,591.7
VLBS,1/13/2026,765.0,777.9,758.0,758.0,0.93,2368.0,876.0,591.7
VLBS,1/14/2026,751.0,771.0,750.1,755.0,-0.4,1757.0,876.0,591.7
VLBS,1/18/2026,757.0,772.0,757.0,767.0,1.59,3475.0,876.0,591.7
VLBS,1/20/2026,780.0,790.0,775.0,775.0,1.04,2617.0,876.0,591.7
VLBS,1/21/2026,790.0,790.4,770.0,770.0,-0.65,2740.0,876.0,591.7
VLBS,1/22/2026,781.0,781.0,767.0,777.0,0.91,1991.0,876.0,591.7
VLBS,1/25/2026,792.0,792.0,765.0,791.9,1.92,9286.0,876.0,591.7
VLBS,1/26/2026,807.0,807.0,773.0,785.0,-0.87,5125.0,876.0,591.7
VLBS,1/27/2026,800.0,800.7,778.0,783.0,-0.25,5363.0,876.0,591.7
VLBS,1/28/2026,784.0,788.0,770.1,770.1,-1.65,1560.0,876.0,591.7
VLBS,1/29/2026,783.9,785.5,770.4,770.4,0.04,5450.0,876.0,591.7
VLBS,2/1/2026,785.8,785.8,760.1,770.0,-0.05,3620.0,876.0,591.7
VLBS,2/2/2026,761.1,784.3,761.1,766.3,-0.48,916.0,876.0,591.7
VLBS,2/3/2026,779.9,780.0,765.0,766.0,-0.04,3162.0,876.0,591.7
VLBS,2/4/2026,781.3,781.3,766.3,766.3,0.04,1270.0,876.0,591.7
VLBS,2/5/2026,765.0,781.0,760.0,769.0,0.35,2746.0,876.0,591.7
VLBS,2/8/2026,769.0,786.0,769.0,773.0,0.52,1937.0,876.0,591.7
VLBS,2/9/2026,786.0,786.0,771.0,774.0,0.13,6044.0,876.0,591.7
VLBS,2/10/2026,775.0,779.0,770.0,770.0,-0.52,1821.0,876.0,591.7
VLBS,2/11/2026,785.0,785.0,765.0,765.0,-0.65,3587.0,876.0,591.7
VLBS,2/12/2026,770.0,770.0,750.0,760.0,-0.65,5440.0,876.0,591.7
VLBS,2/16/2026,775.0,775.0,750.0,750.0,-1.32,1545.0,876.0,591.7
VLBS,2/17/2026,751.2,782.3,740.0,760.0,1.33,4468.0,876.0,591.7
VLBS,2/22/2026,760.0,769.9,750.0,763.5,0.46,2467.0,876.0,591.7
VLBS,2/23/2026,770.0,770.0,755.0,755.0,-1.11,1078.0,876.0,591.7
VLBS,2/24/2026,755.0,759.0,745.0,745.0,-1.32,2180.0,876.0,591.7
VLBS,2/25/2026,758.9,758.9,745.6,747.0,0.27,981.0,876.0,591.7
VLBS,2/26/2026,750.0,757.0,747.1,747.1,0.01,808.0,876.0,591.7
VLBS,2/27/2026,750.0,757.0,747.1,747.1,0.0,808.0,876.0,591.7
VLBS,2/28/2026,750.0,757.0,747.1,747.1,0.0,808.0,876.0,591.7
VLBS,3/2/2026,740.2,752.9,740.2,748.0,0.12,2189.0,876.0,591.7
VLBS,3/3/2026,760.0,760.0,750.0,757.3,1.24,3015.0,876.0,591.7
VLBS,3/4/2026,760.0,760.0,750.0,757.3,0.0,3015.0,876.0,591.7
VLBS,3/5/2026,760.0,760.0,750.0,757.3,0.0,3015.0,876.0,591.7
VLBS,3/6/2026,760.0,760.0,750.0,757.3,0.0,3015.0,876.0,591.7
VLBS,3/7/2026,760.0,760.0,750.0,757.3,0.0,3015.0,876.0,591.7
VLBS,3/8/2026,760.0,760.0,750.0,757.3,0.0,3015.0,876.0,591.7
VLBS,3/10/2026,770.0,795.0,770.0,789.9,4.3,14164.0,876.0,591.7
VLBS,3/11/2026,805.6,805.6,781.5,783.0,-0.87,2429.0,876.0,591.7
VLBS,3/12/2026,780.0,790.0,770.0,777.0,-0.77,2102.0,876.0,591.7
VLBS,3/13/2026,780.0,790.0,770.0,777.0,0.0,2102.0,876.0,591.7
VLBS,3/14/2026,780.0,790.0,770.0,777.0,0.0,2102.0,876.0,591.7
VLBS,3/15/2026,778.1,789.7,777.0,778.1,0.14,1475.0,876.0,591.7
VLBS,3/16/2026,778.0,778.2,766.0,766.3,-1.52,2576.0,876.0,591.7
VLBS,3/17/2026,781.0,781.0,761.0,771.0,0.61,1799.0,876.0,591.7
VLBS,3/18/2026,781.0,781.0,761.0,771.0,0.0,1799.0,876.0,591.7
VLBS,3/19/2026,771.0,782.4,740.5,773.1,0.27,17814.0,876.0,591.7
VLBS,3/20/2026,771.0,782.4,740.5,773.1,0.0,17814.0,876.0,591.7
VLBS,3/21/2026,771.0,782.4,740.5,773.1,0.0,17814.0,876.0,591.7
VLBS,3/22/2026,775.0,850.4,775.0,850.0,9.95,56086.0,876.0,591.7
VLBS,3/23/2026,865.0,876.0,830.0,847.0,-0.35,19739.0,876.0,591.7
VLBS,3/24/2026,863.9,863.9,825.0,831.1,-1.88,11572.0,876.0,591.7
VLBS,3/25/2026,815.0,847.7,809.0,814.0,-2.06,21397.0,876.0,591.7
VLBS,3/26/2026,810.0,820.0,805.0,820.0,1.23,20195.0,876.0,591.7
VLBS,3/29/2026,820.0,822.1,785.0,791.0,-3.54,18770.0,876.0,591.7
VLBS,3/30/2026,790.0,815.0,780.1,790.1,0.01,13747.0,876.0,591.7
VLBS,3/31/2026,780.0,800.0,780.0,793.0,1.67,10581.0,876.0,591.7
VLBS,4/1/2026,782.2,791.0,771.1,772.1,-1.29,12703.0,876.0,591.7
VLBS,4/2/2026,758.0,775.0,755.0,762.3,0.57,7112.0,876.0,591.7
VLBS,4/5/2026,748.1,759.0,735.0,735.1,-1.74,10123.0,876.0,591.7
VLBS,4/6/2026,721.3,762.9,721.3,750.0,3.98,8036.0,876.0,591.7
VLBS,4/7/2026,751.0,775.0,751.0,762.1,1.48,9798.0,876.0,591.7
VLBS,4/8/2026,762.1,776.0,755.0,766.5,0.58,4167.0,876.0,591.7
VLBS,4/9/2026,770.0,787.0,766.1,772.1,0.27,7818.0,876.0,591.7
VLBS,4/10/2026,787.4,795.0,765.6,781.0,-0.81,9728.0,876.0,591.7
VLBS,4/13/2026,765.4,780.0,765.4,780.0,1.91,4685.0,876.0,591.7
VLBS,4/15/2026,780.0,789.0,765.0,774.0,-0.77,5336.0,876.0,591.7
VLBS,4/16/2026,789.0,789.0,760.0,765.0,-3.04,6024.0,876.0,591.7
VLBS,4/17/2026,755.0,778.2,755.0,778.0,3.05,5859.0,876.0,591.7
VLBS,4/20/2026,778.0,778.0,754.7,773.0,-0.64,4483.0,876.0,591.7
VLBS,4/21/2026,755.0,765.0,750.1,765.0,1.32,6382.0,876.0,591.7
VLBS,4/22/2026,755.0,759.0,740.0,750.0,-0.66,5703.0,876.0,591.7
VLBS,4/23/2026,732.4,748.0,732.4,740.0,1.04,7476.0,876.0,591.7
VLBS,4/24/2026,740.0,740.0,727.1,735.0,-0.68,3783.0,876.0,591.7
VLBS,4/27/2026,735.0,750.0,734.0,736.0,0.14,10537.0,876.0,591.7
VLBS,4/28/2026,736.0,740.0,720.5,724.9,-1.51,8709.0,876.0,591.7
VLBS,4/29/2026,724.9,724.1,703.0,705.0,-2.75,10153.0,876.0,591.7
VLBS,4/30/2026,672.0,706.0,672.0,696.1,3.59,4153.0,876.0,591.7
VLBS,5/4/2026,691.0,705.0,690.0,702.0,1.59,3954.0,876.0,591.7
VLBS,5/5/2026,695.0,709.9,695.0,703.0,1.15,2787.0,876.0,591.7
VLBS,5/6/2026,690.2,706.0,690.2,691.2,0.14,2859.0,876.0,591.7
VLBS,5/7/2026,686.0,695.0,686.0,693.0,1.02,2441.0,876.0,591.7
VLBS,5/8/2026,680.0,700.4,680.0,696.1,2.37,3381.0,876.0,591.7
VLBS,5/11/2026,715.9,726.1,698.1,726.1,1.42,3244.0,876.0,591.7
VLBS,5/12/2026,735.0,735.0,713.0,714.1,-2.84,4772.0,876.0,591.7
VLBS,5/13/2026,710.0,710.0,700.1,703.5,-0.92,1538.0,876.0,591.7
VLBS,5/14/2026,688.0,700.0,688.0,695.5,1.09,2820.0,876.0,591.7
VLBS,5/15/2026,660.8,701.0,660.8,693.0,4.87,2394.0,876.0,591.7
VLBS,5/18/2026,687.0,697.0,686.0,690.2,0.47,2552.0,876.0,591.7
VLBS,5/19/2026,680.0,692.0,678.2,680.6,0.09,2122.0,876.0,591.7
VLBS,5/20/2026,670.0,690.0,670.0,683.2,1.97,1453.0,876.0,591.7
VLBS,5/21/2026,680.0,689.0,680.0,683.0,0.44,1770.0,876.0,591.7
VLBS,5/22/2026,675.5,694.9,675.5,694.9,2.87,3498.0,876.0,591.7
VLBS,5/25/2026,691.2,708.0,691.2,703.0,1.71,2724.0,876.0,591.7
VLBS,5/26/2026,690.0,700.0,690.0,695.0,0.72,2576.0,876.0,591.7
VLBS,5/27/2026,685.0,700.0,685.0,690.0,0.73,2734.0,876.0,591.7
VLBS,6/1/2026,685.0,688.0,661.0,684.0,-0.15,3036.0,876.0,591.7
VLBS,6/2/2026,715.0,715.0,675.0,687.0,-3.92,1293.0,876.0,591.7
VLBS,6/3/2026,680.2,747.0,680.2,747.0,9.82,11054.0,876.0,591.7
VLBS,6/4/2026,747.0,747.0,703.0,712.0,-4.69,7549.0,876.0,591.7
VLBS,6/5/2026,702.7,714.0,702.7,705.3,0.37,1919.0,876.0,591.7
VLBS,6/8/2026,705.3,715.0,700.5,713.9,1.22,6932.0,876.0,591.7
VLBS,6/9/2026,705.0,718.0,705.0,713.0,1.13,5562.0,876.0,591.7
VLBS,6/10/2026,700.0,725.0,700.0,717.0,2.43,5436.0,876.0,591.7
VLBS,6/11/2026,715.0,725.0,710.1,716.0,0.14,3234.0,876.0,591.7
VLBS,6/12/2026,710.1,718.0,710.1,714.0,0.55,2865.0,876.0,591.7
VLBS,6/15/2026,710.2,715.0,710.1,710.1,-0.01,2519.0,876.0,591.7
VLBS,6/16/2026,745.6,745.6,715.0,727.0,-2.49,15209.0,876.0,591.7
VLBS,6/17/2026,720.2,748.0,720.0,735.0,2.05,8826.0,876.0,591.7
VLBS,6/18/2026,730.0,738.0,730.0,732.0,0.27,2365.0,876.0,591.7
VLBS,6/19/2026,732.0,732.0,715.1,724.0,-1.09,2610.0,876.0,591.7
VLBS,6/22/2026,710.0,722.0,710.0,715.1,0.72,3201.0,876.0,591.7
VLBS,6/23/2026,710.0,720.0,710.0,710.0,0.0,2180.0,876.0,591.7
VLBS,6/24/2026,702.2,710.0,700.0,705.0,0.4,3609.0,876.0,591.7
VLBS,6/26/2026,691.0,702.9,691.0,695.0,0.58,2944.0,876.0,591.7
VLBS,6/29/2026,690.0,692.9,685.2,685.3,-0.68,1803.0,876.0,591.7
VLBS,6/30/2026,680.0,683.0,678.0,678.0,-0.29,2585.0,876.0,591.7
VLBS,7/1/2026,678.0,685.1,678.0,685.1,1.05,1706.0,876.0,591.7
VLBS,7/2/2026,685.0,699.8,676.1,696.0,1.61,2609.0,876.0,591.7
VLBS,7/3/2026,700.0,707.0,686.3,690.0,-1.43,4259.0,876.0,591.7
VLBS,7/6/2026,681.1,698.0,680.7,683.1,0.29,1018.0,876.0,591.7
VLBS,7/7/2026,681.1,700.0,681.1,685.1,0.59,4299.0,876.0,591.7
VLBS,7/8/2026,675.0,689.0,672.5,672.5,-0.37,3793.0,876.0,591.7
VLBS,7/9/2026,670.0,670.0,663.2,664.0,-0.9,1867.0,876.0,591.7
VLBS,7/10/2026,664.1,682.0,664.0,666.1,0.3,941.0,876.0,591.7
VLBS,7/13/2026,666.1,666.1,652.0,657.1,-1.35,1860.0,876.0,591.7
VLBS,7/14/2026,650.2,657.0,640.0,645.0,-0.8,4691.0,876.0,591.7
VLBS,7/15/2026,651.2,662.0,647.0,652.0,0.12,752.0,876.0,591.7
VLBS,7/16/2026,652.0,665.2,650.0,650.0,-0.31,2590.0,876.0,591.7
VLBS,7/17/2026,650.0,680.0,650.0,680.0,4.62,2096.0,876.0,591.7
VLBS,7/20/2026,680.0,699.5,665.0,692.0,1.76,1900.0,876.0,591.7
VLBS,7/21/2026,703.0,703.0,671.5,692.0,-1.56,2949.0,876.0,591.7
VLBS,7/22/2026,672.0,690.0,672.0,684.3,1.83,3007.0,876.0,591.7
VLBS,7/23/2026,670.1,692.0,670.1,685.0,2.22,992.0,876.0,591.7
VLBS,7/24/2026,672.0,712.8,672.0,706.0,5.06,5121.0,876.0,591.7
VLBS,7/27/2026,686.0,700.0,684.8,686.0,0.0,3398.0,876.0,591.7
VLBS,7/28/2026,670.3,682.0,670.3,680.0,1.45,1138.0,876.0,591.7
VLBS,7/29/2026,670.0,689.0,670.0,683.0,1.94,683.0,876.0,591.7
VLBS,7/30/2026,670.2,679.9,670.2,671.0,0.12,684.0,876.0,591.7
VLBS,7/31/2026,667.0,680.0,667.0,670.0,0.45,961.0,876.0,591.7
VLBS,8/3/2026,670.0,679.0,667.4,670.3,0.04,1400.0,876.0,591.7
VLBS,8/4/2026,668.0,688.2,665.0,665.0,-0.45,3784.0,876.0,591.7
VLBS,8/5/2026,660.0,679.0,660.0,666.0,0.91,910.0,876.0,591.7
VLBS,8/6/2026,666.0,685.9,660.1,665.0,-0.15,1848.0,876.0,591.7
VLBS,8/7/2026,655.0,666.0,651.5,666.0,1.68,1433.0,876.0,591.7
VLBS,8/10/2026,655.0,668.0,655.0,661.0,0.92,1244.0,876.0,591.7
VLBS,8/11/2026,655.1,663.0,655.1,663.0,1.21,1492.0,876.0,591.7
VLBS,8/12/2026,650.1,665.0,650.1,662.0,1.83,1494.0,876.0,591.7
VLBS,8/13/2026,650.3,665.0,650.3,658.1,1.2,2737.0,876.0,591.7
VLBS,8/14/2026,653.4,665.0,653.3,658.0,0.7,948.0,876.0,591.7
VLBS,8/17/2026,658.0,670.0,650.1,658.9,0.14,675.0,876.0,591.7
VLBS,8/18/2026,658.9,676.0,653.1,663.0,0.62,3613.0,876.0,591.7
VLBS,8/19/2026,644.1,665.0,644.1,655.1,1.71,1244.0,876.0,591.7
VLBS,8/20/2026,652.0,663.0,646.2,650.0,-0.31,2603.0,876.0,591.7
VLBS,8/21/2026,640.1,650.2,640.1,649.7,1.5,3485.0,876.0,591.7
VLBS,8/24/2026,640.0,650.0,633.1,645.0,0.78,2112.0,876.0,591.7
VLBS,8/25/2026,633.1,648.0,633.1,635.2,0.33,980.0,876.0,591.7
VLBS,8/26/2026,635.0,635.0,621.0,627.9,-1.12,2231.0,876.0,591.7
VLBS,8/27/2026,610.2,628.5,610.2,620.0,1.61,1533.0,876.0,591.7
VLBS,8/31/2026,615.0,616.4,605.0,607.9,-1.15,2289.0,876.0,591.7
VLBS,9/1/2026,607.9,615.0,591.7,612.0,0.67,3673.0,876.0,591.7
VLBS,9/2/2026,600.0,619.1,600.0,619.0,3.17,805.0,876.0,591.7
VLBS,9/3/2026,618.5,636.9,602.0,619.0,0.08,2035.0,876.0,591.7
VLBS,9/7/2026,601.0,624.5,601.0,620.0,3.16,1623.0,876.0,591.7
VLBS,9/9/2026,610.4,619.0,607.0,618.9,1.39,2062.0,876.0,591.7
VLBS,9/10/2026,605.0,607.0,601.0,602.0,-0.5,2215.0,876.0,591.7
VLBS,9/11/2026,602.0,610.0,598.0,610.0,1.33,2035.0,876.0,591.7
VLBS,9/14/2026,601.0,622.0,601.0,620.0,3.16,733.0,876.0,591.7
VLBS,9/15/2026,650.0,650.0,620.2,626.1,-3.68,1878.0,876.0,591.7
VLBS,9/16/2026,630.0,630.0,615.5,627.9,-0.33,1997.0,876.0,591.7
VLBS,9/17/2026,620.0,635.0,620.0,628.0,1.29,392.0,876.0,591.7
VLBS,9/18/2026,621.0,636.0,617.2,636.0,2.42,3677.0,876.0,591.7
VLBS,9/22/2026,630.0,647.0,615.5,641.1,1.76,2735.0,876.0,591.7
VLBS,9/23/2026,631.0,640.0,627.1,632.0,0.16,3829.0,876.0,591.7
VLBS,9/24/2026,618.0,631.0,618.0,624.2,1.0,1276.0,876.0,591.7
VLBS,9/28/2026,612.0,625.0,606.0,613.3,0.21,3876.0,876.0,591.7
VLBS,9/29/2026,610.0,620.0,608.0,0.0,-100.0,1541.0,876.0,591.7
VLBS,9/30/2026,611.1,620.0,611.1,613.0,0.31,1871.0,876.0,591.7
VLBS,10/1/2026,610.0,625.2,607.0,617.5,1.23,3549.0,876.0,591.7
VLBS,10/2/2026,620.1,620.1,610.0,610.0,-1.63,2287.0,876.0,591.7
VLUCL,12/21/2025,571.0,575.0,560.1,568.0,,7435.0,652.0,363.1
VLUCL,12/22/2025,556.7,570.0,556.7,570.0,0.35,6317.0,652.0,363.1
VLUCL,12/23/2025,558.6,579.0,558.6,573.0,0.53,2100.0,652.0,363.1
VLUCL,12/24/2025,563.1,565.0,561.9,561.9,-1.94,2131.0,652.0,363.1
VLUCL,12/28/2025,570.0,581.4,559.0,570.0,1.44,6565.0,652.0,363.1
VLUCL,12/29/2025,565.0,580.0,562.4,565.0,-0.88,5200.0,652.0,363.1
VLUCL,12/31/2025,570.0,590.0,565.0,570.0,0.88,10845.0,652.0,363.1
VLUCL,1/1/2026,565.0,575.0,554.5,564.5,-0.96,5616.0,652.0,363.1
VLUCL,1/4/2026,560.0,576.0,560.0,566.0,0.27,3322.0,652.0,363.1
VLUCL,1/5/2026,577.0,577.0,563.1,568.1,0.37,7275.0,652.0,363.1
VLUCL,1/6/2026,566.2,575.0,566.2,568.3,0.04,3227.0,652.0,363.1
VLUCL,1/7/2026,578.0,580.0,560.1,564.1,-0.74,5150.0,652.0,363.1
VLUCL,1/8/2026,565.0,570.0,560.0,566.5,0.43,3150.0,652.0,363.1
VLUCL,1/12/2026,577.0,577.0,558.0,560.0,-1.15,8650.0,652.0,363.1
VLUCL,1/13/2026,556.2,563.0,556.2,560.0,0.0,6283.0,652.0,363.1
VLUCL,1/14/2026,555.0,568.9,555.0,559.0,-0.18,9351.0,652.0,363.1
VLUCL,1/18/2026,547.9,570.0,547.9,563.9,0.88,10911.0,652.0,363.1
VLUCL,1/20/2026,575.0,579.9,559.1,566.0,0.37,15530.0,652.0,363.1
VLUCL,1/21/2026,570.0,581.5,557.0,563.0,-0.53,50866.0,652.0,363.1
VLUCL,1/22/2026,572.0,572.0,551.8,563.0,0.0,15084.0,652.0,363.1
VLUCL,1/25/2026,572.0,580.0,565.0,580.0,3.02,18537.0,652.0,363.1
VLUCL,1/26/2026,580.0,604.1,575.0,598.8,3.24,40186.0,652.0,363.1
VLUCL,1/27/2026,587.2,652.0,587.2,620.9,3.69,107022.0,652.0,363.1
VLUCL,1/28/2026,608.5,627.3,608.5,616.0,-0.79,24812.0,652.0,363.1
VLUCL,1/29/2026,610.0,628.4,596.0,596.1,-3.23,29311.0,652.0,363.1
VLUCL,2/1/2026,590.0,599.0,569.0,582.0,-2.37,18804.0,652.0,363.1
VLUCL,2/2/2026,570.4,582.0,567.0,567.1,-2.56,10406.0,652.0,363.1
VLUCL,2/3/2026,577.9,583.1,566.5,575.1,1.41,9496.0,652.0,363.1
VLUCL,2/4/2026,572.0,585.0,570.5,572.1,-0.52,9941.0,652.0,363.1
VLUCL,2/5/2026,565.0,600.0,565.0,593.7,3.78,21672.0,652.0,363.1
VLUCL,2/8/2026,590.0,596.2,578.0,580.0,-2.31,10873.0,652.0,363.1
VLUCL,2/9/2026,570.0,579.9,567.0,570.0,-1.72,15825.0,652.0,363.1
VLUCL,2/10/2026,581.4,604.8,563.0,570.0,0.0,9248.0,652.0,363.1
VLUCL,2/11/2026,570.0,577.0,563.0,564.0,-1.05,8604.0,652.0,363.1
VLUCL,2/12/2026,560.5,576.3,560.5,570.0,1.06,4385.0,652.0,363.1
VLUCL,2/16/2026,568.0,580.0,563.0,567.1,-0.51,4184.0,652.0,363.1
VLUCL,2/17/2026,561.1,570.0,560.0,561.0,-1.08,7667.0,652.0,363.1
VLUCL,2/22/2026,571.9,571.9,551.0,564.0,0.53,7592.0,652.0,363.1
VLUCL,2/23/2026,553.1,560.0,553.0,556.0,-1.42,4034.0,652.0,363.1
VLUCL,2/24/2026,545.3,567.0,545.3,565.0,1.62,10969.0,652.0,363.1
VLUCL,2/25/2026,557.0,564.0,557.0,559.0,-1.06,2280.0,652.0,363.1
VLUCL,2/26/2026,560.0,564.0,553.1,557.0,-0.36,2787.0,652.0,363.1
VLUCL,2/27/2026,560.0,564.0,553.1,557.0,0.0,2787.0,652.0,363.1
VLUCL,2/28/2026,560.0,564.0,553.1,557.0,0.0,2787.0,652.0,363.1
VLUCL,3/2/2026,548.0,566.1,548.0,566.1,1.63,3427.0,652.0,363.1
VLUCL,3/3/2026,566.0,574.8,555.2,567.8,0.3,1914.0,652.0,363.1
VLUCL,3/4/2026,566.0,574.8,555.2,567.8,0.0,1914.0,652.0,363.1
VLUCL,3/5/2026,566.0,574.8,555.2,567.8,0.0,1914.0,652.0,363.1
VLUCL,3/6/2026,566.0,574.8,555.2,567.8,0.0,1914.0,652.0,363.1
VLUCL,3/7/2026,566.0,574.8,555.2,567.8,0.0,1914.0,652.0,363.1
VLUCL,3/8/2026,566.0,574.8,555.2,567.8,0.0,1914.0,652.0,363.1
VLUCL,3/9/2026,579.0,590.0,579.0,590.0,3.91,60.0,652.0,363.1
VLUCL,3/10/2026,600.0,600.0,575.1,583.1,-1.17,10046.0,652.0,363.1
VLUCL,3/11/2026,571.5,594.6,571.5,584.0,0.15,6176.0,652.0,363.1
VLUCL,3/12/2026,572.4,624.0,572.4,588.0,0.68,8709.0,652.0,363.1
VLUCL,3/13/2026,572.4,624.0,572.4,588.0,0.0,8709.0,652.0,363.1
VLUCL,3/14/2026,572.4,624.0,572.4,588.0,0.0,8709.0,652.0,363.1
VLUCL,3/15/2026,576.3,588.0,576.3,588.0,0.0,6441.0,652.0,363.1
VLUCL,3/16/2026,576.3,610.0,575.0,578.1,-1.68,3105.0,652.0,363.1
VLUCL,3/17/2026,575.0,597.0,570.1,587.5,1.63,7652.0,652.0,363.1
VLUCL,3/18/2026,575.0,597.0,570.1,587.5,0.0,7652.0,652.0,363.1
VLUCL,3/19/2026,580.0,600.0,576.1,590.0,0.43,10098.0,652.0,363.1
VLUCL,3/20/2026,580.0,600.0,576.1,590.0,0.0,10098.0,652.0,363.1
VLUCL,3/21/2026,580.0,600.0,576.1,590.0,0.0,10098.0,652.0,363.1
VLUCL,3/22/2026,578.2,592.0,578.2,585.0,-0.85,11927.0,652.0,363.1
VLUCL,3/23/2026,573.3,585.8,573.3,580.0,-0.85,10163.0,652.0,363.1
VLUCL,3/24/2026,576.1,600.0,570.0,585.0,0.86,14758.0,652.0,363.1
VLUCL,3/25/2026,577.0,591.0,577.0,581.0,-0.68,5459.0,652.0,363.1
VLUCL,3/26/2026,576.2,586.0,572.0,584.8,1.49,3479.0,652.0,363.1
VLUCL,3/29/2026,573.2,584.0,567.0,567.0,-1.08,6634.0,652.0,363.1
VLUCL,3/30/2026,566.0,577.0,560.0,560.0,-1.06,8959.0,652.0,363.1
VLUCL,3/31/2026,560.0,564.0,553.4,558.5,-0.27,6360.0,652.0,363.1
VLUCL,4/1/2026,558.0,559.0,537.1,542.1,-2.85,14583.0,652.0,363.1
VLUCL,4/2/2026,533.0,560.9,523.0,540.0,1.31,6829.0,652.0,363.1
VLUCL,4/5/2026,530.3,540.0,515.1,518.1,-2.3,15411.0,652.0,363.1
VLUCL,4/6/2026,508.0,538.0,508.0,520.0,2.36,22181.0,652.0,363.1
VLUCL,4/7/2026,517.0,539.0,514.1,524.0,1.35,9320.0,652.0,363.1
VLUCL,4/8/2026,517.0,542.6,517.0,537.0,3.87,4929.0,652.0,363.1
VLUCL,4/9/2026,540.0,550.0,523.0,542.1,0.39,11503.0,652.0,363.1
VLUCL,4/10/2026,537.0,542.1,532.0,538.0,0.19,4990.0,652.0,363.1
VLUCL,4/13/2026,527.6,545.0,522.0,540.0,2.35,6771.0,652.0,363.1
VLUCL,4/15/2026,540.0,550.0,535.0,542.9,0.54,10525.0,652.0,363.1
VLUCL,4/16/2026,550.5,550.5,528.0,530.2,-3.69,7139.0,652.0,363.1
VLUCL,4/17/2026,540.0,540.0,523.0,536.0,-0.74,2854.0,652.0,363.1
VLUCL,4/20/2026,552.0,552.0,520.1,545.9,-1.11,8636.0,652.0,363.1
VLUCL,4/21/2026,562.2,562.2,525.0,530.1,-5.71,1888.0,652.0,363.1
VLUCL,4/22/2026,544.5,544.5,520.0,529.0,-2.85,5036.0,652.0,363.1
VLUCL,4/23/2026,539.0,539.0,518.2,520.0,-3.53,5150.0,652.0,363.1
VLUCL,4/24/2026,510.0,520.0,510.0,520.0,1.96,2727.0,652.0,363.1
VLUCL,4/27/2026,520.0,525.0,510.0,519.0,-0.19,2145.0,652.0,363.1
VLUCL,4/28/2026,519.0,521.0,512.0,512.2,-1.31,4901.0,652.0,363.1
VLUCL,4/29/2026,512.2,510.3,495.0,495.0,-3.36,8967.0,652.0,363.1
VLUCL,4/30/2026,481.0,496.0,481.0,494.8,2.87,8356.0,652.0,363.1
VLUCL,5/4/2026,496.0,496.0,471.2,472.6,-4.72,5374.0,652.0,363.1
VLUCL,5/5/2026,470.0,479.9,470.0,477.6,1.62,1330.0,652.0,363.1
VLUCL,5/6/2026,471.0,481.0,470.3,481.0,2.12,1020.0,652.0,363.1
VLUCL,5/7/2026,475.1,478.0,470.5,477.0,0.4,4021.0,652.0,363.1
VLUCL,5/8/2026,471.0,485.0,471.0,485.0,2.97,2124.0,652.0,363.1
VLUCL,5/11/2026,486.0,510.7,485.0,494.9,1.83,4444.0,652.0,363.1
VLUCL,5/12/2026,509.7,509.7,485.0,485.0,-4.85,2710.0,652.0,363.1
VLUCL,5/13/2026,474.0,485.0,470.8,480.9,1.46,1735.0,652.0,363.1
VLUCL,5/14/2026,489.0,489.0,472.0,473.1,-3.25,1780.0,652.0,363.1
VLUCL,5/15/2026,471.0,487.0,471.0,487.0,3.4,1947.0,652.0,363.1
VLUCL,5/18/2026,482.1,490.0,482.1,489.0,1.43,1385.0,652.0,363.1
VLUCL,5/19/2026,475.2,490.0,475.2,487.1,2.5,2710.0,652.0,363.1
VLUCL,5/20/2026,477.2,519.0,477.2,502.5,5.3,9985.0,652.0,363.1
VLUCL,5/21/2026,502.5,510.0,491.2,501.5,-0.2,1900.0,652.0,363.1
VLUCL,5/22/2026,488.0,500.0,488.0,500.0,2.46,2031.0,652.0,363.1
VLUCL,5/25/2026,514.7,514.7,495.0,507.0,-1.5,3173.0,652.0,363.1
VLUCL,5/26/2026,500.0,509.0,496.2,498.2,-0.36,1260.0,652.0,363.1
VLUCL,5/27/2026,513.0,513.0,494.0,499.0,-2.73,9721.0,652.0,363.1
VLUCL,6/1/2026,484.2,496.0,482.0,485.0,0.17,2730.0,652.0,363.1
VLUCL,6/2/2026,485.0,497.5,483.5,497.5,2.58,1730.0,652.0,363.1
VLUCL,6/3/2026,491.0,500.1,485.1,495.0,0.81,3337.0,652.0,363.1
VLUCL,6/4/2026,481.0,495.5,481.0,487.0,1.25,2850.0,652.0,363.1
VLUCL,6/5/2026,481.1,491.0,481.1,490.0,1.85,2483.0,652.0,363.1
VLUCL,6/8/2026,480.1,487.0,471.2,485.0,1.02,8897.0,652.0,363.1
VLUCL,6/9/2026,473.1,500.0,473.0,497.0,5.05,3490.0,652.0,363.1
VLUCL,6/10/2026,500.0,500.0,483.0,495.0,-1.0,1687.0,652.0,363.1
VLUCL,6/11/2026,486.0,490.0,480.0,485.0,-0.21,6073.0,652.0,363.1
VLUCL,6/12/2026,477.0,489.0,475.0,485.0,1.68,5443.0,652.0,363.1
VLUCL,6/15/2026,475.0,484.9,475.0,484.9,2.08,1000.0,652.0,363.1
VLUCL,6/16/2026,475.0,484.0,473.2,481.0,1.26,3331.0,652.0,363.1
VLUCL,6/17/2026,484.9,485.0,475.0,484.0,-0.19,3218.0,652.0,363.1
VLUCL,6/18/2026,470.0,478.0,470.0,477.0,1.49,2192.0,652.0,363.1
VLUCL,6/19/2026,475.0,482.8,472.0,482.0,1.47,3837.0,652.0,363.1
VLUCL,6/22/2026,473.0,480.0,473.0,475.0,0.42,1606.0,652.0,363.1
VLUCL,6/23/2026,475.0,475.0,470.0,475.0,0.0,4441.0,652.0,363.1
VLUCL,6/24/2026,474.0,474.0,460.0,473.0,-0.21,2795.0,652.0,363.1
VLUCL,6/26/2026,456.0,467.0,456.0,458.5,0.55,452.0,652.0,363.1
VLUCL,6/29/2026,450.6,455.0,448.0,450.1,-0.11,2905.0,652.0,363.1
VLUCL,6/30/2026,446.0,446.2,436.0,439.0,-1.57,2488.0,652.0,363.1
VLUCL,7/1/2026,436.1,466.0,423.1,451.9,3.62,4672.0,652.0,363.1
VLUCL,7/2/2026,451.0,451.0,443.0,448.0,-0.67,409.0,652.0,363.1
VLUCL,7/3/2026,448.1,455.0,442.1,454.0,1.32,935.0,652.0,363.1
VLUCL,7/6/2026,454.0,454.0,440.4,447.0,-1.54,1065.0,652.0,363.1
VLUCL,7/7/2026,441.0,449.9,441.0,449.9,2.02,600.0,652.0,363.1
VLUCL,7/8/2026,441.0,442.0,430.0,435.0,-1.36,4346.0,652.0,363.1
VLUCL,7/9/2026,431.0,433.0,425.0,429.0,-0.46,2520.0,652.0,363.1
VLUCL,7/10/2026,424.0,433.8,424.0,429.0,1.18,3444.0,652.0,363.1
VLUCL,7/13/2026,429.0,429.0,424.0,424.0,-1.17,2129.0,652.0,363.1
VLUCL,7/14/2026,420.1,435.0,420.0,429.5,2.24,2184.0,652.0,363.1
VLUCL,7/15/2026,422.1,440.0,412.0,431.9,2.32,3992.0,652.0,363.1
VLUCL,7/16/2026,422.1,430.0,421.0,428.0,1.4,1680.0,652.0,363.1
VLUCL,7/17/2026,436.0,445.0,430.0,444.0,1.83,3539.0,652.0,363.1
VLUCL,7/20/2026,443.0,457.3,440.0,452.5,2.14,3180.0,652.0,363.1
VLUCL,7/21/2026,445.0,474.0,440.0,469.0,5.39,9872.0,652.0,363.1
VLUCL,7/22/2026,469.0,469.0,452.0,460.0,-1.92,2349.0,652.0,363.1
VLUCL,7/23/2026,460.0,460.0,448.0,460.0,0.0,3640.0,652.0,363.1
VLUCL,7/24/2026,458.0,460.0,450.0,452.0,-1.31,1250.0,652.0,363.1
VLUCL,7/27/2026,470.0,470.0,440.0,446.0,-5.11,1857.0,652.0,363.1
VLUCL,7/28/2026,434.1,457.0,434.1,440.0,1.36,1907.0,652.0,363.1
VLUCL,7/29/2026,427.0,442.0,427.0,434.9,1.85,1378.0,652.0,363.1
VLUCL,7/30/2026,426.2,438.0,426.2,438.0,2.77,1238.0,652.0,363.1
VLUCL,7/31/2026,428.1,430.0,417.0,429.0,0.21,9513.0,652.0,363.1
VLUCL,8/3/2026,440.0,440.0,422.3,429.0,-2.5,2760.0,652.0,363.1
VLUCL,8/4/2026,419.0,424.0,413.1,422.0,0.72,5444.0,652.0,363.1
VLUCL,8/5/2026,412.2,425.0,412.2,417.0,1.16,3234.0,652.0,363.1
VLUCL,8/6/2026,415.1,420.0,413.3,419.0,0.94,874.0,652.0,363.1
VLUCL,8/7/2026,412.4,420.0,412.1,420.0,1.84,5158.0,652.0,363.1
VLUCL,8/10/2026,420.0,420.0,409.0,415.0,-1.19,6412.0,652.0,363.1
VLUCL,8/11/2026,435.7,435.7,410.1,411.2,-5.62,2901.0,652.0,363.1
VLUCL,8/12/2026,411.0,415.0,411.0,414.9,0.95,1575.0,652.0,363.1
VLUCL,8/13/2026,416.0,416.0,410.5,413.0,-0.72,4982.0,652.0,363.1
VLUCL,8/14/2026,410.2,414.0,410.1,413.0,0.68,7058.0,652.0,363.1
VLUCL,8/17/2026,410.0,412.9,405.2,410.0,0.0,5297.0,652.0,363.1
VLUCL,8/18/2026,407.0,407.0,396.0,397.0,-2.46,10621.0,652.0,363.1
VLUCL,8/19/2026,399.0,403.0,389.0,400.0,0.25,4923.0,652.0,363.1
VLUCL,8/20/2026,399.0,399.0,392.2,393.2,-1.45,3010.0,652.0,363.1
VLUCL,8/21/2026,404.9,409.9,392.1,397.0,-1.95,5139.0,652.0,363.1
VLUCL,8/24/2026,397.0,397.0,380.5,389.9,-1.79,20365.0,652.0,363.1
VLUCL,8/25/2026,389.9,395.0,383.0,384.0,-1.51,2454.0,652.0,363.1
VLUCL,8/26/2026,386.0,386.0,374.0,374.0,-3.11,5669.0,652.0,363.1
VLUCL,8/27/2026,368.0,383.5,368.0,383.5,4.21,4663.0,652.0,363.1
VLUCL,8/31/2026,373.0,387.5,363.3,368.0,-1.34,2695.0,652.0,363.1
VLUCL,9/1/2026,368.0,398.0,368.0,379.0,2.99,4018.0,652.0,363.1
VLUCL,9/2/2026,390.0,390.0,373.0,375.0,-3.85,2651.0,652.0,363.1
VLUCL,9/3/2026,386.2,386.2,370.0,379.5,-1.73,2365.0,652.0,363.1
VLUCL,9/7/2026,379.5,400.0,374.0,381.0,0.4,2693.0,652.0,363.1
VLUCL,9/9/2026,381.0,391.0,366.0,379.9,-0.29,4624.0,652.0,363.1
VLUCL,9/10/2026,368.6,390.9,364.0,374.0,1.47,1560.0,652.0,363.1
VLUCL,9/11/2026,365.0,380.0,364.1,378.0,3.56,2501.0,652.0,363.1
VLUCL,9/14/2026,378.0,401.0,377.6,385.0,1.85,4935.0,652.0,363.1
VLUCL,9/15/2026,404.0,404.0,387.1,390.0,-3.47,11842.0,652.0,363.1
VLUCL,9/16/2026,390.0,396.5,382.2,384.0,-1.54,7274.0,652.0,363.1
VLUCL,9/17/2026,387.0,394.9,384.1,389.0,0.52,2538.0,652.0,363.1
VLUCL,9/18/2026,369.6,393.0,369.6,388.1,5.01,2845.0,652.0,363.1
VLUCL,9/22/2026,407.5,407.5,387.0,395.9,-2.85,10207.0,652.0,363.1
VLUCL,9/23/2026,387.0,396.4,387.0,387.0,0.0,4531.0,652.0,363.1
VLUCL,9/24/2026,387.0,391.0,383.0,389.9,0.75,611.0,652.0,363.1
VLUCL,9/28/2026,382.1,390.0,380.0,383.0,0.24,3761.0,652.0,363.1
VLUCL,9/29/2026,380.1,385.9,374.1,0.0,-100.0,2652.0,652.0,363.1
VLUCL,9/30/2026,375.2,384.8,375.2,384.8,2.56,2933.0,652.0,363.1
VLUCL,10/1/2026,376.0,385.0,363.1,379.9,1.04,14462.0,652.0,363.1
VLUCL,10/2/2026,370.2,379.0,370.2,378.9,2.35,952.0,652.0,363.1
WNLB,12/21/2025,1900.0,1926.9,1900.0,1926.9,,910.0,2255.0,965.0
WNLB,12/22/2025,1901.0,1939.0,1863.0,1890.0,-1.91,968.0,2255.0,965.0
WNLB,12/23/2025,1860.0,1889.5,1855.0,1874.0,-0.85,1053.0,2255.0,965.0
WNLB,12/24/2025,1840.0,1908.0,1836.6,1847.0,-1.44,802.0,2255.0,965.0
WNLB,12/28/2025,1810.1,1810.1,1662.3,1662.3,-10.0,4521.0,2255.0,965.0
WNLB,12/29/2025,1629.1,1629.1,1496.1,1496.1,-10.0,5140.0,2255.0,965.0
WNLB,12/31/2025,1466.2,1466.2,1346.5,1346.5,-10.0,6175.0,2255.0,965.0
WNLB,1/1/2026,1319.6,1481.1,1242.1,1481.1,10.0,5412.0,2255.0,965.0
WNLB,1/4/2026,1510.7,1629.2,1490.0,1629.2,10.0,17318.0,2255.0,965.0
WNLB,1/5/2026,1660.0,1789.0,1629.0,1757.0,7.84,10819.0,2255.0,965.0
WNLB,1/6/2026,1791.9,1791.9,1581.3,1700.0,-3.24,4193.0,2255.0,965.0
WNLB,1/7/2026,1734.0,1734.0,1576.0,1606.0,-5.53,4258.0,2255.0,965.0
WNLB,1/8/2026,1589.0,1606.0,1550.0,1603.5,-0.16,3458.0,2255.0,965.0
WNLB,1/12/2026,1604.0,1667.0,1590.0,1590.0,-0.84,2168.0,2255.0,965.0
WNLB,1/13/2026,1600.0,1600.0,1530.0,1530.0,-3.77,7408.0,2255.0,965.0
WNLB,1/14/2026,1560.0,1560.0,1498.6,1505.0,-1.63,2735.0,2255.0,965.0
WNLB,1/18/2026,1502.0,1654.5,1502.0,1593.0,5.85,3810.0,2255.0,965.0
WNLB,1/20/2026,1624.0,1630.0,1593.0,1603.0,0.63,2783.0,2255.0,965.0
WNLB,1/21/2026,1635.0,1665.0,1605.0,1605.0,0.12,2294.0,2255.0,965.0
WNLB,1/22/2026,1600.0,1600.0,1570.0,1597.0,-0.5,1904.0,2255.0,965.0
WNLB,1/25/2026,1624.0,1624.0,1590.0,1594.0,-0.19,3718.0,2255.0,965.0
WNLB,1/26/2026,1595.0,1600.0,1570.0,1588.0,-0.38,3897.0,2255.0,965.0
WNLB,1/27/2026,1587.5,1615.0,1587.0,1587.0,-0.06,2750.0,2255.0,965.0
WNLB,1/28/2026,1565.0,1588.5,1565.0,1585.0,-0.13,2223.0,2255.0,965.0
WNLB,1/29/2026,1609.0,1609.0,1561.6,1566.6,-1.16,1642.0,2255.0,965.0
WNLB,2/1/2026,1560.0,1580.0,1530.0,1540.0,-1.7,2262.0,2255.0,965.0
WNLB,2/2/2026,1530.0,1569.0,1530.0,1535.0,-0.32,1953.0,2255.0,965.0
WNLB,2/3/2026,1532.0,1540.0,1513.0,1517.0,-1.17,1543.0,2255.0,965.0
WNLB,2/4/2026,1547.3,1577.9,1510.0,1510.0,-0.46,1177.0,2255.0,965.0
WNLB,2/5/2026,1527.0,1539.0,1515.0,1525.0,0.99,1475.0,2255.0,965.0
WNLB,2/8/2026,1500.0,1550.0,1500.0,1526.0,0.07,1069.0,2255.0,965.0
WNLB,2/9/2026,1540.0,1541.0,1505.0,1505.0,-1.38,1022.0,2255.0,965.0
WNLB,2/10/2026,1501.0,1533.0,1501.0,1505.0,0.0,1019.0,2255.0,965.0
WNLB,2/11/2026,1515.0,1522.0,1500.0,1502.0,-0.2,672.0,2255.0,965.0
WNLB,2/12/2026,1502.0,1502.0,1477.0,1501.0,-0.07,1782.0,2255.0,965.0
WNLB,2/16/2026,1500.0,1500.0,1482.0,1482.1,-1.26,633.0,2255.0,965.0
WNLB,2/17/2026,1482.0,1490.0,1461.0,1468.0,-0.95,994.0,2255.0,965.0
WNLB,2/22/2026,1439.0,1450.0,1382.1,1408.0,-4.09,2559.0,2255.0,965.0
WNLB,2/23/2026,1408.0,1426.9,1408.0,1412.0,0.28,373.0,2255.0,965.0
WNLB,2/24/2026,1420.0,1440.0,1400.0,1439.9,1.98,964.0,2255.0,965.0
WNLB,2/25/2026,1455.0,1583.0,1455.0,1579.0,9.66,2290.0,2255.0,965.0
WNLB,2/26/2026,1610.0,1635.0,1545.5,1570.0,-0.57,1755.0,2255.0,965.0
WNLB,2/27/2026,1610.0,1635.0,1545.5,1570.0,0.0,1755.0,2255.0,965.0
WNLB,2/28/2026,1610.0,1635.0,1545.5,1570.0,0.0,1755.0,2255.0,965.0
WNLB,3/2/2026,1539.0,1550.0,1519.0,1535.0,-2.23,1515.0,2255.0,965.0
WNLB,3/3/2026,1505.0,1550.0,1505.0,1550.0,0.98,829.0,2255.0,965.0
WNLB,3/4/2026,1505.0,1550.0,1505.0,1550.0,0.0,829.0,2255.0,965.0
WNLB,3/5/2026,1505.0,1550.0,1505.0,1550.0,0.0,829.0,2255.0,965.0
WNLB,3/6/2026,1505.0,1550.0,1505.0,1550.0,0.0,829.0,2255.0,965.0
WNLB,3/7/2026,1505.0,1550.0,1505.0,1550.0,0.0,829.0,2255.0,965.0
WNLB,3/8/2026,1505.0,1550.0,1505.0,1550.0,0.0,829.0,2255.0,965.0
WNLB,3/10/2026,1581.0,1705.0,1581.0,1625.0,4.84,5766.0,2255.0,965.0
WNLB,3/11/2026,1657.5,1657.5,1585.0,1595.0,-1.85,1341.0,2255.0,965.0
WNLB,3/12/2026,1595.0,1620.0,1595.0,1600.0,0.31,1242.0,2255.0,965.0
WNLB,3/13/2026,1595.0,1620.0,1595.0,1600.0,0.0,1242.0,2255.0,965.0
WNLB,3/14/2026,1595.0,1620.0,1595.0,1600.0,0.0,1242.0,2255.0,965.0
WNLB,3/15/2026,1600.0,1632.0,1572.0,1581.0,-1.19,1055.0,2255.0,965.0
WNLB,3/16/2026,1607.9,1607.9,1550.0,1580.0,-0.06,1814.0,2255.0,965.0
WNLB,3/17/2026,1582.0,1596.0,1560.0,1560.0,-1.27,526.0,2255.0,965.0
WNLB,3/18/2026,1582.0,1596.0,1560.0,1560.0,0.0,526.0,2255.0,965.0
WNLB,3/19/2026,1585.0,1591.0,1565.0,1566.9,0.44,1493.0,2255.0,965.0
WNLB,3/20/2026,1585.0,1591.0,1565.0,1566.9,0.0,1493.0,2255.0,965.0
WNLB,3/21/2026,1585.0,1591.0,1565.0,1566.9,0.0,1493.0,2255.0,965.0
WNLB,3/22/2026,1590.0,1625.0,1590.0,1625.0,3.71,5179.0,2255.0,965.0
WNLB,3/23/2026,1656.0,1751.0,1656.0,1720.0,5.85,7886.0,2255.0,965.0
WNLB,3/24/2026,1725.0,1725.0,1680.0,1684.0,-2.09,1036.0,2255.0,965.0
WNLB,3/25/2026,1670.0,1670.0,1630.0,1630.0,-3.21,1658.0,2255.0,965.0
WNLB,3/26/2026,1630.0,1723.0,1630.0,1662.0,1.96,1186.0,2255.0,965.0
WNLB,3/29/2026,1662.0,1662.0,1565.1,1599.0,-3.79,3093.0,2255.0,965.0
WNLB,3/30/2026,1585.0,1630.0,1575.0,1577.1,-0.5,1379.0,2255.0,965.0
WNLB,3/31/2026,1585.0,1600.0,1560.0,1570.0,-0.95,694.0,2255.0,965.0
WNLB,4/1/2026,1580.0,1588.0,1542.6,1542.6,-2.37,1454.0,2255.0,965.0
WNLB,4/2/2026,1542.0,1614.0,1515.0,1555.0,0.84,2298.0,2255.0,965.0
WNLB,4/5/2026,1555.0,1555.0,1457.2,1487.1,-4.37,1524.0,2255.0,965.0
WNLB,4/6/2026,1516.8,1535.0,1490.0,1515.0,-0.12,1180.0,2255.0,965.0
WNLB,4/7/2026,1516.0,1540.0,1516.0,1520.0,0.26,764.0,2255.0,965.0
WNLB,4/8/2026,1516.1,1550.0,1500.0,1515.5,-0.04,533.0,2255.0,965.0
WNLB,4/9/2026,1488.0,1550.1,1488.0,1535.0,3.16,833.0,2255.0,965.0
WNLB,4/10/2026,1550.1,1550.1,1507.3,1514.0,-2.33,506.0,2255.0,965.0
WNLB,4/13/2026,1510.0,1542.0,1510.0,1515.2,0.34,468.0,2255.0,965.0
WNLB,4/15/2026,1515.2,1545.5,1502.0,1502.0,-0.87,1404.0,2255.0,965.0
WNLB,4/16/2026,1502.0,1532.0,1502.0,1510.0,0.53,329.0,2255.0,965.0
WNLB,4/17/2026,1510.0,1520.0,1500.0,1500.0,-0.66,343.0,2255.0,965.0
WNLB,4/20/2026,1540.0,1591.0,1490.0,1510.0,-1.95,585.0,2255.0,965.0
WNLB,4/21/2026,1498.0,1510.0,1481.0,1501.0,0.2,276.0,2255.0,965.0
WNLB,4/22/2026,1500.0,1510.0,1486.0,1505.0,0.33,326.0,2255.0,965.0
WNLB,4/23/2026,1485.0,1529.5,1485.0,1514.0,1.95,520.0,2255.0,965.0
WNLB,4/24/2026,1530.0,1530.0,1490.0,1500.0,-1.96,239.0,2255.0,965.0
WNLB,4/27/2026,1500.0,1500.0,1485.0,1500.0,0.0,247.0,2255.0,965.0
WNLB,4/28/2026,1500.0,1490.0,1480.0,1482.0,-1.2,992.0,2255.0,965.0
WNLB,4/29/2026,1482.0,1470.0,1441.1,1460.0,-1.48,762.0,2255.0,965.0
WNLB,4/30/2026,1460.0,1460.0,1417.0,1417.0,-2.95,895.0,2255.0,965.0
WNLB,5/4/2026,1382.0,1441.0,1375.0,1416.1,2.47,822.0,2255.0,965.0
WNLB,5/5/2026,1414.0,1442.0,1376.0,1415.0,0.07,656.0,2255.0,965.0
WNLB,5/6/2026,1450.0,1450.0,1400.0,1405.0,-3.1,101.0,2255.0,965.0
WNLB,5/7/2026,1378.1,1405.0,1378.1,1396.0,1.3,232.0,2255.0,965.0
WNLB,5/8/2026,1437.8,1437.8,1390.0,1430.0,-0.54,354.0,2255.0,965.0
WNLB,5/11/2026,1450.0,1550.0,1450.0,1503.1,3.66,466.0,2255.0,965.0
WNLB,5/12/2026,1503.0,1503.0,1458.5,1460.0,-2.86,276.0,2255.0,965.0
WNLB,5/13/2026,1500.0,1500.0,1450.0,1460.0,-2.67,95.0,2255.0,965.0
WNLB,5/14/2026,1460.0,1460.0,1450.0,1460.0,0.0,220.0,2255.0,965.0
WNLB,5/15/2026,1460.0,1460.0,1435.0,1450.0,-0.68,411.0,2255.0,965.0
WNLB,5/18/2026,1493.0,1530.0,1428.0,1430.0,-4.22,142.0,2255.0,965.0
WNLB,5/19/2026,1430.0,1470.0,1430.0,1432.0,0.14,206.0,2255.0,965.0
WNLB,5/20/2026,1430.0,1469.9,1430.0,1460.0,2.1,200.0,2255.0,965.0
WNLB,5/21/2026,1484.0,1499.0,1454.1,1454.1,-2.01,93.0,2255.0,965.0
WNLB,5/22/2026,1485.0,1485.0,1441.0,1480.0,-0.34,73.0,2255.0,965.0
WNLB,5/25/2026,1499.0,1499.0,1455.0,1496.5,-0.17,403.0,2255.0,965.0
WNLB,5/26/2026,1454.0,1505.0,1454.0,1495.0,2.82,556.0,2255.0,965.0
WNLB,5/27/2026,1451.0,1499.0,1451.0,1470.0,1.31,555.0,2255.0,965.0
WNLB,6/1/2026,1470.0,1499.0,1430.2,1431.0,-2.65,153.0,2255.0,965.0
WNLB,6/2/2026,1431.0,1450.0,1431.0,1437.1,0.43,472.0,2255.0,965.0
WNLB,6/3/2026,1432.0,1450.0,1431.0,1450.0,1.26,158.0,2255.0,965.0
WNLB,6/4/2026,1429.0,1431.0,1429.0,1430.0,0.07,41.0,2255.0,965.0
WNLB,6/5/2026,1430.0,1472.9,1430.0,1451.0,1.47,95.0,2255.0,965.0
WNLB,6/8/2026,1430.0,1459.0,1430.0,1436.0,0.42,144.0,2255.0,965.0
WNLB,6/9/2026,1435.0,1445.0,1433.5,1433.5,-0.1,104.0,2255.0,965.0
WNLB,6/10/2026,1401.0,1435.0,1401.0,1427.0,1.86,165.0,2255.0,965.0
WNLB,6/11/2026,1401.0,1420.0,1401.0,1420.0,1.36,267.0,2255.0,965.0
WNLB,6/12/2026,1402.0,1428.0,1400.0,1402.0,0.0,379.0,2255.0,965.0
WNLB,6/15/2026,1402.0,1421.0,1375.1,1421.0,1.36,241.0,2255.0,965.0
WNLB,6/16/2026,1420.0,1420.0,1420.0,1420.0,0.0,85.0,2255.0,965.0
WNLB,6/17/2026,1400.0,1420.0,1400.0,1420.0,1.43,186.0,2255.0,965.0
WNLB,6/18/2026,1420.0,1449.0,1400.0,1405.0,-1.06,222.0,2255.0,965.0
WNLB,6/19/2026,1366.0,1408.0,1365.0,1404.0,2.78,170.0,2255.0,965.0
WNLB,6/22/2026,1370.0,1391.0,1370.0,1390.0,1.46,163.0,2255.0,965.0
WNLB,6/23/2026,1385.0,1390.0,1385.0,1390.0,0.36,116.0,2255.0,965.0
WNLB,6/24/2026,1350.1,1390.0,1350.0,1390.0,2.96,83.0,2255.0,965.0
WNLB,6/26/2026,1370.2,1370.2,1360.0,1360.0,-0.74,11.0,2255.0,965.0
WNLB,6/29/2026,1365.0,1365.0,1320.0,1350.0,-1.1,630.0,2255.0,965.0
WNLB,6/30/2026,1350.0,1350.0,1315.0,1330.0,-1.48,100.0,2255.0,965.0
WNLB,7/1/2026,1369.0,1495.0,1365.0,1370.0,0.07,320.0,2255.0,965.0
WNLB,7/2/2026,1370.0,1370.0,1351.3,1353.0,-1.24,180.0,2255.0,965.0
WNLB,7/3/2026,1353.0,1370.0,1353.0,1370.0,1.26,45.0,2255.0,965.0
WNLB,7/6/2026,1370.0,1390.0,1331.1,1350.0,-1.46,127.0,2255.0,965.0
WNLB,7/7/2026,1350.0,1380.0,1350.0,1352.2,0.16,116.0,2255.0,965.0
WNLB,7/8/2026,1328.1,1368.0,1328.0,1346.0,1.35,88.0,2255.0,965.0
WNLB,7/9/2026,1321.0,1326.0,1320.0,1326.0,0.38,67.0,2255.0,965.0
WNLB,7/10/2026,1330.0,1335.0,1300.0,1335.0,0.38,499.0,2255.0,965.0
WNLB,7/13/2026,1320.0,1358.0,1320.0,1340.0,1.52,181.0,2255.0,965.0
WNLB,7/14/2026,1300.3,1358.0,1300.2,1358.0,4.44,105.0,2255.0,965.0
WNLB,7/15/2026,1321.0,1380.0,1321.0,1380.0,4.47,175.0,2255.0,965.0
WNLB,7/16/2026,1395.0,1410.0,1350.1,1350.1,-3.22,610.0,2255.0,965.0
WNLB,7/17/2026,1350.0,1390.5,1350.0,1381.0,2.3,281.0,2255.0,965.0
WNLB,7/20/2026,1360.0,1399.0,1350.6,1370.0,0.74,343.0,2255.0,965.0
WNLB,7/21/2026,1380.0,1405.0,1370.0,1378.1,-0.14,965.0,2255.0,965.0
WNLB,7/22/2026,1369.0,1369.0,1368.0,1368.0,-0.07,154.0,2255.0,965.0
WNLB,7/23/2026,1332.0,1408.0,1327.0,1368.0,2.7,529.0,2255.0,965.0
WNLB,7/24/2026,1398.0,1400.0,1370.0,1374.0,-1.72,357.0,2255.0,965.0
WNLB,7/27/2026,1405.0,1415.0,1361.0,1361.0,-3.13,533.0,2255.0,965.0
WNLB,7/28/2026,1363.0,1390.0,1350.0,1352.7,-0.76,345.0,2255.0,965.0
WNLB,7/29/2026,1353.1,1355.0,1353.0,1354.0,0.07,137.0,2255.0,965.0
WNLB,7/30/2026,1339.0,1348.0,1330.1,1348.0,0.67,149.0,2255.0,965.0
WNLB,7/31/2026,1315.2,1345.0,1315.2,1345.0,2.27,122.0,2255.0,965.0
WNLB,8/3/2026,1350.0,1355.0,1346.0,1355.0,0.37,337.0,2255.0,965.0
WNLB,8/4/2026,1330.0,1360.0,1328.0,1340.0,0.75,477.0,2255.0,965.0
WNLB,8/5/2026,1333.1,1340.0,1332.1,1340.0,0.52,163.0,2255.0,965.0
WNLB,8/6/2026,1323.6,1335.0,1323.6,1335.0,0.86,49.0,2255.0,965.0
WNLB,8/7/2026,1326.0,1375.0,1326.0,1351.0,1.89,166.0,2255.0,965.0
WNLB,8/10/2026,1351.0,1355.0,1330.0,1332.0,-1.41,139.0,2255.0,965.0
WNLB,8/11/2026,1370.0,1449.0,1355.0,1355.0,-1.09,258.0,2255.0,965.0
WNLB,8/12/2026,1355.0,1355.0,1315.0,1315.0,-2.95,255.0,2255.0,965.0
WNLB,8/13/2026,1316.0,1339.0,1316.0,1332.0,1.22,120.0,2255.0,965.0
WNLB,8/14/2026,1300.0,1339.0,1300.0,1301.0,0.08,293.0,2255.0,965.0
WNLB,8/17/2026,1301.0,1320.0,1280.0,1312.0,0.85,408.0,2255.0,965.0
WNLB,8/18/2026,1300.0,1324.0,1300.0,1305.0,0.38,183.0,2255.0,965.0
WNLB,8/19/2026,1300.0,1325.0,1295.0,1325.0,1.92,157.0,2255.0,965.0
WNLB,8/20/2026,1300.0,1301.0,1300.0,1301.0,0.08,109.0,2255.0,965.0
WNLB,8/21/2026,1280.1,1300.0,1264.0,1280.0,-0.01,241.0,2255.0,965.0
WNLB,8/24/2026,1250.0,1250.0,1088.0,1169.0,-6.48,3860.0,2255.0,965.0
WNLB,8/25/2026,1134.0,1170.0,1106.0,1135.8,0.16,1939.0,2255.0,965.0
WNLB,8/26/2026,1135.0,1135.0,1126.0,1126.0,-0.79,81.0,2255.0,965.0
WNLB,8/27/2026,1125.0,1125.0,1107.0,1110.0,-1.33,516.0,2255.0,965.0
WNLB,8/31/2026,1110.0,1110.0,1010.0,1012.0,-8.83,1905.0,2255.0,965.0
WNLB,9/1/2026,1012.0,1012.0,965.0,972.2,-3.93,2024.0,2255.0,965.0
WNLB,9/2/2026,965.0,993.9,965.0,970.0,0.52,958.0,2255.0,965.0
WNLB,9/3/2026,971.1,1099.0,971.1,1055.0,8.64,2068.0,2255.0,965.0
YMHL,6/22/2026,300.0,345.0,300.0,345.0,15.0,140.0,797.6,300.0
YMHL,6/23/2026,355.3,396.7,355.3,396.7,11.65,120.0,797.6,300.0
YMHL,6/24/2026,408.6,456.2,408.6,456.2,11.65,190.0,797.6,300.0
YMHL,6/26/2026,540.3,603.2,540.3,603.2,11.64,350.0,797.6,300.0
YMHL,6/29/2026,603.2,693.6,603.2,693.6,14.99,1150.0,797.6,300.0
YMHL,6/30/2026,728.2,797.6,622.0,636.5,-12.59,129250.0,797.6,300.0
YMHL,7/1/2026,635.0,718.0,602.0,689.0,8.5,53491.0,797.6,300.0
YMHL,7/2/2026,715.0,715.0,651.0,663.2,-7.24,35070.0,797.6,300.0
YMHL,7/3/2026,660.0,660.0,640.0,640.0,-3.03,36650.0,797.6,300.0
YMHL,7/6/2026,640.0,640.0,605.0,606.5,-5.23,40245.0,797.6,300.0
YMHL,7/7/2026,600.0,616.1,591.1,595.0,-0.83,34422.0,797.6,300.0
YMHL,7/8/2026,590.0,590.0,562.0,564.2,-4.37,36973.0,797.6,300.0
YMHL,7/9/2026,562.0,562.0,541.6,552.0,-1.78,24730.0,797.6,300.0
YMHL,7/10/2026,545.0,593.8,545.0,584.0,7.16,27399.0,797.6,300.0
YMHL,7/13/2026,584.0,584.0,555.2,556.1,-4.78,16850.0,797.6,300.0
YMHL,7/14/2026,555.0,567.0,545.0,555.0,0.0,19747.0,797.6,300.0
YMHL,7/15/2026,555.0,568.0,552.0,558.0,0.54,15696.0,797.6,300.0
YMHL,7/16/2026,546.1,566.0,546.1,556.0,1.81,17544.0,797.6,300.0
YMHL,7/17/2026,550.0,592.0,550.0,588.1,6.93,22304.0,797.6,300.0
YMHL,7/20/2026,588.0,623.0,576.0,623.0,5.95,31396.0,797.6,300.0
YMHL,7/21/2026,623.0,667.0,612.0,630.0,1.12,46790.0,797.6,300.0
YMHL,7/22/2026,602.7,650.0,602.7,633.3,5.08,33068.0,797.6,300.0
YMHL,7/23/2026,620.3,665.0,616.9,660.0,6.4,42420.0,797.6,300.0
YMHL,7/24/2026,693.0,693.0,643.2,655.0,-5.48,40127.0,797.6,300.0
YMHL,7/27/2026,640.1,660.0,606.1,615.0,-3.92,39992.0,797.6,300.0
YMHL,7/28/2026,645.7,649.8,593.1,642.0,-0.57,56073.0,797.6,300.0
YMHL,7/29/2026,637.8,665.0,637.8,650.0,1.91,50496.0,797.6,300.0
YMHL,7/30/2026,640.4,661.0,630.1,645.0,0.72,35977.0,797.6,300.0
YMHL,7/31/2026,630.2,654.7,622.3,644.0,2.19,28063.0,797.6,300.0
YMHL,8/3/2026,644.0,655.0,630.0,636.1,-1.23,31529.0,797.6,300.0
YMHL,8/4/2026,627.1,635.0,615.0,617.0,-1.61,24091.0,797.6,300.0
YMHL,8/5/2026,602.0,650.0,602.0,639.6,6.25,21179.0,797.6,300.0
YMHL,8/6/2026,639.6,670.0,617.1,639.7,0.02,47920.0,797.6,300.0
YMHL,8/7/2026,639.7,649.0,615.0,621.8,-2.8,26605.0,797.6,300.0
YMHL,8/10/2026,620.0,639.0,612.1,624.0,0.65,17066.0,797.6,300.0
YMHL,8/11/2026,620.0,634.8,617.5,625.0,0.81,18870.0,797.6,300.0
YMHL,8/12/2026,612.0,630.0,612.0,626.0,2.29,22832.0,797.6,300.0
YMHL,8/13/2026,626.0,630.0,618.0,623.0,-0.48,13280.0,797.6,300.0
YMHL,8/14/2026,615.0,633.0,615.0,623.0,1.3,17131.0,797.6,300.0
YMHL,8/17/2026,615.1,670.0,600.0,637.0,3.56,49721.0,797.6,300.0
YMHL,8/18/2026,635.1,660.0,630.1,637.0,0.3,41470.0,797.6,300.0
YMHL,8/19/2026,620.0,659.0,620.0,634.7,2.37,13126.0,797.6,300.0
YMHL,8/20/2026,620.0,634.0,620.0,625.0,0.81,16310.0,797.6,300.0
YMHL,8/21/2026,616.0,625.1,610.0,614.5,-0.24,22153.0,797.6,300.0
YMHL,8/24/2026,645.0,645.0,584.1,600.0,-6.98,23049.0,797.6,300.0
YMHL,8/25/2026,570.0,606.0,570.0,586.0,2.81,16145.0,797.6,300.0
YMHL,8/26/2026,571.0,594.0,558.4,589.9,3.31,21969.0,797.6,300.0
YMHL,8/27/2026,575.0,593.9,561.5,593.9,3.29,9782.0,797.6,300.0
YMHL,8/31/2026,575.0,580.0,560.0,571.0,-0.7,12681.0,797.6,300.0
YMHL,9/1/2026,560.0,583.9,555.1,569.0,1.61,14180.0,797.6,300.0
YMHL,9/2/2026,568.0,573.5,532.0,564.0,-0.7,13691.0,797.6,300.0
YMHL,9/3/2026,562.0,569.8,548.0,562.0,0.0,16837.0,797.6,300.0
YMHL,9/7/2026,550.0,581.9,550.0,560.0,1.82,11530.0,797.6,300.0
YMHL,9/9/2026,557.0,566.5,551.0,564.9,1.42,12981.0,797.6,300.0
YMHL,9/10/2026,549.0,564.9,540.4,559.0,1.82,14529.0,797.6,300.0
YMHL,9/11/2026,548.0,560.0,543.1,555.1,1.3,11324.0,797.6,300.0
YMHL,9/14/2026,555.1,567.9,552.9,562.0,1.24,19538.0,797.6,300.0
YMHL,9/15/2026,580.0,599.0,552.0,565.0,-2.59,34064.0,797.6,300.0
YMHL,9/16/2026,593.2,593.2,550.0,555.0,-6.44,20220.0,797.6,300.0
YMHL,9/17/2026,555.0,564.0,550.0,555.0,0.0,22866.0,797.6,300.0
YMHL,9/18/2026,555.0,590.0,550.5,589.4,6.2,73428.0,797.6,300.0
YMHL,9/22/2026,589.4,598.0,570.0,579.9,-1.61,25435.0,797.6,300.0
YMHL,9/23/2026,551.0,580.0,551.0,562.0,2.0,20411.0,797.6,300.0
YMHL,9/24/2026,550.0,565.0,550.0,557.0,1.27,18713.0,797.6,300.0
YMHL,9/28/2026,555.0,562.9,527.7,545.9,-1.64,30963.0,797.6,300.0
YMHL,9/29/2026,540.0,543.0,520.1,529.8,-1.89,26450.0,797.6,300.0
YMHL,9/30/2026,524.0,532.0,510.0,512.0,-2.29,19557.0,797.6,300.0
YMHL,10/1/2026,506.0,524.0,500.0,505.0,-0.2,37016.0,797.6,300.0
YMHL,10/2/2026,500.1,520.8,500.1,514.0,2.78,13885.0,797.6,300.0
